ts,phase,nvme_rd_mb_s,nvme_wr_mb_s,nvme_active_pct,cte_file_tier_gb,devshm_used_gb,clio_rss_gb,mem_avail_gb,nfs_rd_mb_s
1786265768,ingest,0.01,0.00,0.2,0.000,0.002,0.326,44.587,6.78
1786265773,ingest,0.00,0.00,0.1,0.097,0.002,0.472,44.424,0.00
1786265778,ingest,0.00,22.70,3.1,0.229,0.002,0.514,44.386,0.00
1786265783,ingest,0.00,0.00,0.0,0.433,0.002,0.524,44.372,0.00
1786265788,ingest,0.00,0.00,0.0,0.575,0.002,0.540,44.365,0.00
1786265793,ingest,0.00,0.00,0.0,0.795,0.002,0.546,44.353,0.00
1786265798,ingest,0.00,0.00,0.0,0.893,0.002,0.561,44.326,0.00
1786265803,ingest,0.00,0.02,0.1,1.070,0.002,0.562,44.326,0.00
1786265808,ingest,0.00,205.71,18.4,1.245,0.002,0.563,44.331,0.00
1786265813,ingest,0.00,0.00,0.0,1.424,0.002,0.563,44.331,0.00
1786265818,ingest,0.00,0.00,0.0,1.590,0.002,0.563,44.326,0.00
1786265823,ingest,0.00,0.00,0.0,1.756,0.002,0.564,44.321,0.00
1786265828,ingest,0.00,0.00,0.0,1.905,0.002,0.564,44.325,0.00
1786265833,ingest,0.00,0.00,0.1,2.072,0.002,0.575,44.311,0.00
1786265838,ingest,0.00,207.79,19.3,2.233,0.002,0.569,44.322,0.00
1786265843,ingest,0.00,0.00,0.0,2.407,0.002,0.569,44.318,0.00
1786265848,ingest,0.00,0.00,0.0,2.625,0.002,0.599,44.290,0.00
1786265853,ingest,0.00,0.00,0.0,2.851,0.002,0.580,44.312,0.00
1786265859,ingest,0.00,0.00,0.0,3.044,0.002,0.585,44.298,0.00
1786265864,ingest,0.00,0.00,0.2,3.203,0.002,0.595,44.285,0.00
1786265869,ingest,0.00,176.60,16.5,3.365,0.002,0.602,44.277,0.00
1786265874,ingest,0.00,68.66,5.9,3.622,0.002,0.602,44.266,0.00
1786265879,ingest,0.00,0.00,0.0,3.872,0.002,0.603,44.262,0.00
1786265884,ingest,0.00,0.00,0.0,4.024,0.002,0.603,44.264,0.00
1786265889,ingest,0.00,0.00,0.0,4.238,0.002,0.632,44.235,0.00
1786265894,ingest,0.00,0.00,0.2,4.424,0.002,0.610,44.252,0.00
1786265899,ingest,0.00,0.00,0.0,4.625,0.002,0.611,44.244,0.00
1786265904,ingest,0.00,258.22,26.9,4.737,0.002,0.635,44.214,0.00
1786265909,ingest,0.00,0.00,0.0,4.938,0.002,0.635,44.215,0.00
1786265914,ingest,0.00,0.00,0.0,5.191,0.002,0.635,44.213,0.00
1786265919,ingest,0.00,0.00,0.0,5.429,0.002,0.639,44.204,0.00
1786265924,ingest,0.00,0.00,0.1,5.566,0.002,0.646,44.202,0.00
1786265929,ingest,0.00,0.00,0.0,5.683,0.002,0.640,44.201,0.00
1786265934,ingest,0.00,236.16,21.2,5.839,0.002,0.640,44.199,0.00
1786265939,ingest,0.00,0.00,0.0,6.006,0.002,0.640,44.197,0.00
1786265945,ingest,0.00,0.00,0.0,6.297,0.002,0.653,44.184,0.00
1786265950,ingest,0.00,0.00,0.0,6.475,0.002,0.659,44.214,0.00
1786265955,ingest,0.00,0.00,0.0,6.705,0.002,0.657,44.203,0.00
1786265960,ingest,0.00,0.00,0.1,6.958,0.002,0.657,44.196,0.00
1786265965,ingest,0.00,196.68,18.0,7.185,0.002,0.657,44.186,0.00
1786265970,ingest,0.00,88.69,7.7,7.530,0.002,0.674,44.161,0.00
1786265975,ingest,0.00,0.00,0.0,7.655,0.002,0.658,44.182,0.00
1786265980,ingest,0.00,0.00,0.0,7.852,0.002,0.658,44.181,0.00
1786265985,ingest,0.00,0.00,0.0,7.957,0.002,0.676,44.162,0.00
1786265990,ingest,0.00,0.00,0.1,8.035,0.002,0.684,44.154,0.00
1786265995,ingest,0.00,0.00,0.0,8.205,0.002,0.676,44.164,0.00
1786266000,ingest,0.00,212.37,19.9,8.331,0.002,0.676,44.154,0.00
1786266005,ingest,0.00,0.00,0.0,8.432,0.002,0.691,44.135,0.00
1786266010,ingest,0.00,0.00,0.0,8.522,0.002,0.684,44.142,0.00
1786266015,ingest,0.00,70.87,7.2,8.664,0.002,0.701,44.126,0.00
1786266020,ingest,0.00,0.00,1.5,8.809,0.002,0.690,44.121,0.00
1786266025,ingest,0.00,0.00,0.0,9.018,0.002,0.685,44.166,0.00
1786266030,ingest,0.00,0.00,0.0,9.190,0.002,0.685,44.157,0.00
1786266035,ingest,0.00,0.00,0.0,9.365,0.002,0.694,44.136,0.00
1786266041,ingest,0.00,0.00,0.0,9.517,0.002,0.685,44.142,0.00
1786266046,ingest,0.00,213.60,19.9,9.684,0.002,0.683,44.140,0.00
1786266051,ingest,0.00,0.00,0.1,9.860,0.002,0.704,44.115,0.00
1786266056,ingest,0.00,0.00,0.0,10.095,0.002,0.684,44.123,0.00
1786266061,ingest,0.00,0.00,0.0,10.314,0.002,0.684,44.123,0.00
1786266066,ingest,0.00,0.00,0.0,10.514,0.002,0.692,44.112,0.00
1786266071,ingest,0.00,0.00,0.0,10.680,0.002,0.694,44.103,0.03
1786266076,ingest,0.00,0.00,0.0,10.847,0.002,0.684,44.115,0.00
1786266081,ingest,0.00,256.98,23.7,11.059,0.002,0.684,44.110,0.00
1786266086,ingest,0.00,0.00,0.0,11.347,0.002,0.685,44.104,0.00
1786266091,ingest,0.00,0.00,0.0,11.547,0.002,0.685,44.100,0.00
1786266096,ingest,0.00,153.24,14.2,11.707,0.002,0.685,44.093,0.00
1786266101,ingest,0.00,0.00,0.0,11.891,0.002,0.685,44.093,0.00
1786266106,ingest,0.00,0.00,0.0,12.097,0.002,0.685,44.091,0.00
1786266111,ingest,0.00,0.00,0.2,12.234,0.002,0.685,44.095,0.00
1786266116,ingest,0.00,0.00,0.0,12.474,0.002,0.686,44.092,0.00
1786266121,ingest,0.00,0.00,0.0,12.634,0.002,0.686,44.090,0.00
1786266126,ingest,0.00,20.13,2.3,12.788,0.002,0.686,44.087,0.00
1786266132,ingest,0.00,204.41,17.4,12.975,0.002,0.686,44.090,0.00
1786266137,ingest,0.00,0.00,0.0,13.161,0.002,0.686,44.078,0.00
1786266142,ingest,0.00,0.00,0.1,13.379,0.002,0.686,44.082,0.00
1786266147,ingest,0.00,0.00,0.0,13.547,0.002,0.687,44.073,0.00
1786266152,ingest,0.00,0.00,0.0,13.685,0.002,0.697,44.060,0.00
1786266157,ingest,0.00,0.00,0.0,13.875,0.002,0.687,44.065,0.00
1786266162,ingest,0.00,235.01,21.9,14.039,0.002,0.687,44.056,0.00
1786266167,ingest,0.00,0.00,0.0,14.164,0.002,0.689,44.053,0.00
1786266172,ingest,0.00,0.00,4.7,14.380,0.002,0.690,44.054,0.00
1786266177,ingest,0.00,0.00,0.0,14.566,0.002,0.690,44.050,0.00
1786266182,ingest,0.00,0.00,0.0,14.743,0.002,0.690,44.049,0.00
1786266187,ingest,0.00,0.00,0.0,14.938,0.002,0.690,44.051,0.00
1786266192,ingest,0.00,249.74,23.1,15.212,0.002,0.713,44.022,0.00
1786266197,ingest,0.00,0.00,0.0,15.391,0.002,0.692,44.040,0.00
1786266202,ingest,0.00,0.00,0.1,15.492,0.002,0.702,44.033,0.00
1786266207,ingest,0.00,0.00,0.0,15.634,0.002,0.692,44.036,0.00
1786266212,ingest,0.00,0.00,0.0,15.877,0.002,0.699,44.025,0.00
1786266217,ingest,0.00,0.00,0.0,16.005,0.002,0.692,44.036,0.00
1786266223,ingest,0.00,82.13,8.8,16.173,0.002,0.711,44.014,0.00
1786266228,ingest,0.00,117.51,10.2,16.366,0.002,0.692,44.032,0.00
1786266233,ingest,0.00,62.40,8.7,16.630,0.002,0.693,44.031,0.00
1786266238,ingest,0.00,0.00,0.0,16.797,0.002,0.699,44.016,0.00
1786266243,ingest,0.00,0.00,0.0,16.889,0.002,0.706,44.017,0.00
1786266248,ingest,0.00,0.00,0.0,17.020,0.002,0.699,44.023,0.00
1786266253,ingest,0.00,0.00,0.0,17.152,0.002,0.700,44.030,0.00
1786266258,ingest,0.00,0.00,0.0,17.363,0.002,0.700,44.025,0.00
1786266263,ingest,0.00,203.89,20.7,17.514,0.002,0.700,44.018,0.00
1786266268,ingest,0.00,0.00,0.0,17.670,0.002,0.700,44.018,0.00
1786266273,ingest,0.00,0.00,0.0,17.831,0.002,0.708,44.008,0.00
1786266278,ingest,0.00,0.00,0.0,17.989,0.002,0.700,44.010,0.00
1786266283,ingest,0.00,0.00,0.0,18.164,0.002,0.700,44.010,0.00
1786266288,ingest,0.00,0.00,0.0,18.306,0.002,0.700,44.008,0.00
1786266293,ingest,0.00,42.64,5.5,18.512,0.002,0.701,44.012,0.00
1786266298,ingest,0.00,167.56,14.2,18.754,0.002,0.701,44.010,0.00
1786266303,ingest,0.00,0.00,0.0,18.952,0.002,0.701,44.008,0.00
1786266308,ingest,0.00,0.00,0.0,19.048,0.002,0.712,43.994,0.00
1786266313,ingest,0.00,0.00,0.0,19.306,0.002,0.716,43.994,0.00
1786266319,ingest,0.00,0.00,0.0,19.444,0.002,0.721,43.985,0.00
1786266324,ingest,0.00,0.00,0.2,19.625,0.002,0.728,43.972,0.00
1786266329,ingest,0.00,237.51,22.4,19.756,0.002,0.728,43.973,0.00
1786266334,ingest,0.00,0.00,0.0,19.943,0.002,0.728,43.979,0.00
1786266339,ingest,0.00,0.00,0.0,20.189,0.002,0.731,43.965,0.00
1786266344,ingest,0.00,0.00,0.0,20.325,0.002,0.736,43.963,0.00
1786266349,ingest,0.00,0.00,0.0,20.550,0.002,0.736,43.957,0.00
1786266354,ingest,0.00,0.00,0.0,20.722,0.002,0.736,43.955,0.00
1786266359,ingest,0.00,256.81,23.9,20.994,0.002,0.736,43.949,0.00
1786266364,ingest,0.00,0.00,0.0,21.221,0.002,0.736,43.948,0.00
1786266369,ingest,0.00,0.00,0.0,21.419,0.002,0.737,43.948,0.03
1786266374,ingest,0.00,0.00,0.0,21.588,0.002,0.737,43.948,0.00
1786266379,ingest,0.00,0.00,0.0,21.772,0.002,0.737,43.947,0.00
1786266384,ingest,0.00,0.00,0.0,21.894,0.002,0.737,43.950,0.00
1786266389,ingest,0.00,14.18,1.8,22.091,0.002,0.737,43.945,0.00
1786266394,ingest,0.00,216.60,19.4,22.217,0.002,0.747,43.939,0.00
1786266399,ingest,0.00,0.00,0.0,22.364,0.002,0.747,43.938,0.00
1786266404,ingest,0.00,0.00,0.0,22.570,0.002,0.747,43.933,0.00
1786266410,ingest,0.00,0.00,0.0,22.869,0.002,0.747,43.929,0.00
1786266415,ingest,0.00,0.00,0.0,23.077,0.002,0.747,43.924,0.00
1786266420,ingest,0.00,0.00,0.1,23.234,0.002,0.756,43.924,0.00
1786266425,ingest,0.00,258.04,51.0,23.415,0.002,0.756,43.919,0.00
1786266430,ingest,0.00,0.00,0.0,23.580,0.002,0.756,43.920,0.00
1786266435,ingest,0.00,0.00,0.0,23.706,0.002,0.756,43.916,0.00
1786266440,ingest,0.00,0.00,0.0,23.854,0.002,0.756,43.918,0.00
1786266445,ingest,0.00,0.00,0.0,23.985,0.002,0.756,43.910,0.00
1786266450,ingest,0.00,0.00,0.1,24.217,0.002,0.757,43.915,0.00
1786266455,ingest,0.00,91.85,10.1,24.357,0.002,0.758,43.911,0.00
1786266460,ingest,0.00,105.62,8.9,24.488,0.002,0.758,43.915,0.00
1786266465,ingest,0.00,0.00,0.0,24.706,0.002,0.758,43.908,0.00
1786266470,ingest,0.00,0.00,0.0,24.864,0.002,0.759,43.905,0.00
1786266475,ingest,0.00,0.00,0.0,25.047,0.002,0.759,43.903,0.00
1786266480,ingest,0.00,0.00,0.2,25.196,0.002,0.759,43.900,0.00
1786266485,ingest,0.00,180.17,17.0,25.318,0.002,0.759,43.900,0.00
1786266490,ingest,0.00,0.00,0.0,25.510,0.002,0.759,43.891,0.00
1786266495,ingest,0.00,0.00,0.0,25.653,0.002,0.759,43.886,0.00
1786266501,ingest,0.00,0.00,0.0,25.822,0.002,0.759,43.883,0.00
1786266506,ingest,0.00,0.00,0.0,25.968,0.002,0.759,43.883,0.00
1786266511,ingest,0.00,0.00,5.2,26.205,0.002,0.760,43.882,0.00
1786266516,ingest,0.00,225.04,21.1,26.450,0.002,0.760,43.878,0.00
1786266521,ingest,0.00,0.00,0.0,26.592,0.002,0.760,43.880,0.00
1786266526,ingest,0.00,0.00,0.0,26.826,0.002,0.760,43.871,0.00
1786266531,ingest,0.00,0.00,0.0,26.906,0.002,0.760,43.877,0.00
1786266536,ingest,0.00,0.00,0.0,27.080,0.002,0.760,43.872,0.00
1786266541,ingest,0.00,0.00,0.1,27.080,0.002,0.760,43.874,0.00
1786266546,ingest,0.00,146.31,13.5,27.080,0.002,0.760,43.872,0.00
1786266551,ingest,0.00,0.00,0.0,27.080,0.002,0.760,43.873,0.00
1786266556,ingest,0.00,0.00,0.0,27.080,0.002,0.760,43.874,0.00
1786266561,ingest,0.00,0.00,0.0,27.080,0.002,0.760,43.874,0.00
1786266566,ingest,0.00,0.00,0.0,27.080,0.002,0.760,43.875,0.00
1786266571,ingest,0.00,0.00,0.1,27.080,0.002,0.760,43.875,0.00
1786266576,ingest,0.00,0.00,0.0,27.080,0.002,0.760,43.875,0.00
1786266581,ingest,0.00,0.00,0.0,27.080,0.002,0.760,43.874,0.00
1786266586,ingest,0.00,0.00,0.0,27.080,0.002,0.760,43.874,0.00
1786266592,ingest,0.00,0.00,0.0,27.080,0.002,0.760,43.875,0.00
1786266597,ingest,0.00,0.00,0.0,27.080,0.002,0.760,43.874,0.00
1786266602,ingest,0.00,0.00,0.1,27.080,0.002,0.760,43.875,0.00
1786266607,ingest,0.00,0.00,0.0,27.080,0.002,0.760,43.875,0.00
1786266612,ingest,0.00,0.00,0.0,27.080,0.002,0.760,43.876,0.00
1786266617,ingest,0.00,0.00,0.0,27.080,0.002,0.760,43.876,0.00
1786266622,ingest,0.00,0.00,0.0,27.080,0.002,0.760,43.877,0.00
1786266627,ingest,0.00,0.00,0.0,27.080,0.002,0.760,43.877,0.00
1786266632,ingest,0.00,0.00,0.1,27.080,0.002,0.760,43.878,0.00
1786266637,ingest,0.00,0.00,0.0,27.080,0.002,0.760,43.879,0.00
1786266642,ingest,0.00,0.00,0.0,27.080,0.002,0.760,43.879,0.00
1786266647,ingest,0.00,0.00,0.0,27.080,0.002,0.760,43.879,0.00
1786266652,ingest,0.00,0.00,0.0,27.080,0.002,0.760,43.880,0.00
1786266657,ingest,0.00,0.00,0.0,27.080,0.002,0.760,43.877,0.00
1786266662,ingest,0.00,0.00,0.1,27.080,0.002,0.760,43.877,0.00
1786266667,ingest,0.00,0.00,0.0,27.080,0.002,0.760,43.869,0.02
1786266672,ingest,0.00,0.00,0.0,27.080,0.002,0.760,43.869,0.01
1786266677,ingest,0.00,0.00,0.0,27.080,0.002,0.760,43.869,0.00
1786266682,ingest,0.00,0.00,0.0,27.080,0.002,0.760,43.870,0.00
1786266688,ingest,0.00,0.00,0.0,27.080,0.002,0.760,43.871,0.00
1786266693,ingest,0.00,0.00,0.0,27.080,0.002,0.760,43.872,0.00
1786266698,ingest,0.00,0.00,0.0,27.080,0.002,0.760,43.874,0.00
1786266703,ingest,0.00,0.00,0.0,27.080,0.002,0.760,43.874,0.00
1786266708,ingest,0.00,0.00,0.0,27.080,0.002,0.760,43.875,0.00
1786266713,ingest,0.00,0.00,0.0,27.080,0.002,0.760,43.876,0.00
1786266718,ingest,0.00,0.00,0.0,27.080,0.002,0.760,43.878,0.00
1786266723,ingest,0.00,0.00,0.0,27.080,0.002,0.760,43.880,0.00
1786266728,ingest,0.00,0.00,0.0,27.080,0.002,0.760,43.882,0.00
1786266733,ingest,0.00,0.00,0.0,27.080,0.002,0.760,43.883,0.00
1786266738,ingest,0.00,0.00,0.0,27.080,0.002,0.760,43.883,0.00
1786266743,ingest,0.00,0.00,0.0,27.080,0.002,0.760,43.884,0.00
1786266748,ingest,0.00,0.00,0.0,27.080,0.002,0.760,43.883,0.00
1786266753,ingest,0.00,0.00,0.0,27.080,0.002,0.760,43.884,0.00
1786266758,ingest,0.00,0.00,0.0,27.080,0.002,0.760,43.884,0.00
1786266763,ingest,0.00,0.00,0.0,27.080,0.002,0.760,43.884,0.00
1786266768,ingest,0.00,0.00,0.0,27.080,0.002,0.760,43.884,0.00
1786266773,ingest,0.00,0.00,0.0,27.080,0.002,0.760,43.881,0.00
1786266778,ingest,0.00,0.00,0.0,27.080,0.002,0.760,43.882,0.00
1786266784,ingest,0.00,0.00,0.0,27.080,0.002,0.760,43.880,0.00
1786266789,ingest,0.00,0.00,0.0,27.080,0.002,0.760,43.881,0.00
1786266794,ingest,0.00,0.00,0.0,27.080,0.002,0.760,43.877,0.00
1786266799,ingest,0.00,0.00,0.0,27.080,0.002,0.760,43.877,0.00
1786266804,ingest,0.00,0.00,0.0,27.080,0.002,0.760,43.878,0.00
1786266809,ingest,0.00,0.00,0.0,27.080,0.002,0.760,43.879,0.00
1786266814,ingest,0.00,0.00,0.0,27.080,0.002,0.760,43.880,0.00
1786266819,ingest,0.00,0.00,0.0,27.080,0.002,0.760,43.881,0.00
1786266824,ingest,0.00,0.00,0.0,27.080,0.002,0.760,43.877,0.00
1786266829,ingest,0.00,0.00,0.0,27.080,0.002,0.760,43.879,0.00
1786266834,ingest,0.00,0.00,0.0,27.080,0.002,0.760,43.880,0.00
1786266839,ingest,0.00,0.00,0.0,27.080,0.002,0.760,43.881,0.00
1786266844,ingest,0.00,0.00,0.0,27.080,0.002,0.760,43.877,0.00
1786266849,ingest,0.00,0.00,0.0,27.080,0.002,0.760,43.878,0.00
1786266854,ingest,0.00,0.00,0.0,27.080,0.002,0.760,43.880,0.00
1786266859,ingest,0.00,0.00,0.0,27.080,0.002,0.760,43.880,0.00
1786266864,ingest,0.00,0.00,0.0,27.080,0.002,0.760,43.876,0.00
1786266869,ingest,0.00,0.00,0.0,27.080,0.002,0.760,43.876,0.00
1786266875,ingest,0.00,0.00,0.0,27.080,0.002,0.760,43.876,0.00
1786266880,ingest,0.00,0.00,0.0,27.080,0.002,0.760,43.876,0.00
1786266885,ingest,0.00,0.00,0.0,27.080,0.002,0.760,43.877,0.00
1786266890,ingest,0.00,0.00,0.0,27.080,0.002,0.760,43.876,0.00
1786266895,ingest,0.00,0.00,0.0,27.080,0.002,0.760,43.872,0.00
1786266900,ingest,0.00,0.00,0.0,27.080,0.002,0.760,43.872,0.00
1786266905,ingest,0.00,0.00,0.0,27.080,0.002,0.760,43.870,0.00
1786266910,ingest,0.00,0.00,0.0,27.080,0.002,0.760,43.871,0.00
1786266915,ingest,0.00,0.00,0.0,27.080,0.002,0.760,43.873,0.00
1786266920,ingest,0.00,0.00,0.0,27.080,0.002,0.760,43.874,0.00
1786266925,ingest,0.00,0.00,0.0,27.080,0.002,0.760,43.875,0.00
1786266930,ingest,0.00,0.00,0.0,27.080,0.002,0.760,43.874,0.00
1786266935,ingest,0.00,0.00,0.0,27.080,0.002,0.760,43.874,0.00
1786266940,ingest,0.00,0.00,0.0,27.080,0.002,0.760,43.875,0.00
1786266945,ingest,0.00,0.00,0.0,27.080,0.002,0.760,43.879,0.00
1786266950,ingest,0.00,0.00,0.0,27.080,0.002,0.760,43.879,0.00
1786266955,ingest,0.00,0.00,0.0,27.080,0.002,0.760,43.878,0.00
1786266960,ingest,0.00,0.00,0.0,27.080,0.002,0.760,43.878,0.00
1786266966,ingest,0.00,0.00,0.0,27.080,0.002,0.760,43.881,0.00
1786266971,ingest,0.00,0.00,0.0,27.080,0.002,0.760,43.865,0.03
1786266976,ingest,0.00,0.00,0.0,27.080,0.002,0.760,43.871,0.00
1786266981,ingest,0.00,0.00,0.0,27.080,0.002,0.760,43.872,0.00
1786266986,ingest,0.00,0.00,0.0,27.080,0.002,0.760,43.873,0.00
1786266991,ingest,0.00,0.00,0.0,27.080,0.002,0.760,43.875,0.00
1786266996,ingest,0.00,0.00,0.0,27.080,0.002,0.760,43.875,0.00
1786267001,ingest,0.00,0.00,0.0,27.080,0.002,0.760,43.876,0.00
1786267006,ingest,0.00,0.00,0.0,27.080,0.002,0.760,43.875,0.00
1786267011,ingest,0.00,0.00,0.0,27.080,0.002,0.760,43.876,0.00
1786267016,ingest,0.00,0.00,0.0,27.080,0.002,0.760,43.875,0.00
1786267021,ingest,0.00,0.00,0.0,27.080,0.002,0.760,43.875,0.00
1786267026,ingest,0.00,0.00,0.0,27.080,0.002,0.760,43.873,0.00
1786267031,ingest,0.00,0.00,0.0,27.080,0.002,0.760,43.873,0.00
1786267036,ingest,0.00,0.00,0.0,27.080,0.002,0.760,43.871,0.00
1786267041,ingest,0.00,0.00,0.0,27.080,0.002,0.760,43.872,0.00
1786267046,ingest,0.00,0.00,0.0,27.080,0.002,0.760,43.871,0.00
1786267051,ingest,0.00,0.00,0.0,27.080,0.002,0.760,43.871,0.00
1786267056,ingest,0.00,0.00,0.0,27.080,0.002,0.760,43.876,0.00
1786267062,ingest,0.00,0.00,0.0,27.080,0.002,0.760,43.876,0.00
1786267067,ingest,0.00,0.00,0.0,27.080,0.002,0.760,43.875,0.00
1786267072,ingest,0.00,0.00,0.0,27.080,0.002,0.760,43.876,0.00
1786267077,ingest,0.00,0.00,0.0,27.080,0.002,0.760,43.876,0.00
1786267082,ingest,0.00,0.00,0.0,27.080,0.002,0.760,43.877,0.00
1786267087,ingest,0.00,0.00,0.0,27.080,0.002,0.760,43.876,0.00
1786267092,ingest,0.00,0.00,0.0,27.080,0.002,0.760,43.877,0.00
1786267097,ingest,0.00,0.00,0.0,27.080,0.002,0.760,43.876,0.00
1786267102,ingest,0.00,0.00,0.0,27.080,0.002,0.760,43.877,0.00
1786267107,ingest,0.00,0.00,0.0,27.080,0.002,0.760,43.873,0.00
1786267112,ingest,0.00,0.00,0.0,27.080,0.002,0.760,43.872,0.00
1786267117,ingest,0.00,0.00,0.0,27.080,0.002,0.760,43.870,0.00
1786267122,ingest,0.00,0.00,0.0,27.080,0.002,0.760,43.871,0.00
1786267127,ingest,0.00,0.00,0.0,27.080,0.002,0.760,43.861,0.00
1786267132,ingest,0.00,0.00,0.0,27.080,0.002,0.760,43.868,0.00
1786267137,ingest,0.00,0.00,0.0,27.080,0.002,0.760,43.869,0.00
1786267142,ingest,0.00,0.00,0.0,27.080,0.002,0.760,43.868,0.00
1786267147,ingest,0.00,0.00,0.0,27.080,0.002,0.760,43.868,0.00
1786267152,ingest,0.00,0.00,0.0,27.080,0.002,0.760,43.867,0.00
1786267158,ingest,0.00,0.00,0.0,27.080,0.002,0.760,43.867,0.00
1786267163,ingest,0.00,0.00,0.0,27.080,0.002,0.760,43.867,0.00
1786267168,ingest,0.00,0.00,0.0,27.080,0.002,0.760,43.868,0.00
1786267173,ingest,0.00,0.00,0.0,27.080,0.002,0.760,43.869,0.00
1786267178,ingest,0.00,0.00,0.0,27.080,0.002,0.760,43.870,0.00
1786267183,ingest,0.00,0.00,0.0,27.080,0.002,0.760,43.868,0.00
1786267188,ingest,0.00,0.00,0.0,27.080,0.002,0.760,43.869,0.00
1786267193,ingest,0.00,0.00,0.0,27.080,0.002,0.760,43.865,0.00
1786267198,ingest,0.00,0.00,0.0,27.080,0.002,0.760,43.867,0.00
1786267203,ingest,0.00,0.00,0.0,27.080,0.002,0.760,43.870,0.00
1786267208,ingest,0.00,0.00,0.0,27.080,0.002,0.760,43.869,0.00
1786267213,ingest,0.00,0.00,0.0,27.080,0.002,0.760,43.866,0.00
1786267218,ingest,0.00,0.00,0.0,27.080,0.002,0.760,43.867,0.00
1786267223,ingest,0.00,0.00,0.0,27.080,0.002,0.760,43.868,0.00
1786267228,ingest,0.00,0.00,0.0,27.080,0.002,0.760,43.870,0.00
1786267233,ingest,0.00,0.00,0.0,27.080,0.002,0.760,43.866,0.00
1786267238,ingest,0.00,0.00,0.0,27.080,0.002,0.760,43.867,0.00
1786267243,ingest,0.00,0.00,0.0,27.080,0.002,0.760,43.866,0.00
1786267249,ingest,0.00,0.00,0.0,27.080,0.002,0.760,43.867,0.00
1786267254,ingest,0.00,0.00,0.0,27.080,0.002,0.760,43.866,0.00
1786267259,ingest,0.00,0.00,0.0,27.080,0.002,0.760,43.866,0.00
1786267264,ingest,0.00,0.00,0.0,27.080,0.002,0.760,43.870,0.00
1786267269,ingest,0.00,0.00,0.0,27.080,0.002,0.760,43.860,0.03
1786267274,ingest,0.00,0.00,0.0,27.080,0.002,0.760,43.861,0.00
1786267279,ingest,0.00,0.00,0.0,27.080,0.002,0.760,43.862,0.00
1786267284,ingest,0.00,0.00,0.0,27.080,0.002,0.760,43.858,0.00
1786267289,ingest,0.00,0.00,0.0,27.080,0.002,0.760,43.859,0.00
1786267294,ingest,0.00,0.00,0.0,27.080,0.002,0.760,43.863,0.00
1786267299,ingest,0.00,0.00,0.0,27.080,0.002,0.760,43.864,0.00
1786267304,ingest,0.00,0.00,0.0,27.080,0.002,0.760,43.867,0.00
1786267309,ingest,0.00,0.00,0.0,27.080,0.002,0.760,43.867,0.00
1786267314,ingest,0.00,0.00,0.0,27.080,0.002,0.760,43.865,0.00
1786267319,ingest,0.00,0.00,0.0,27.080,0.002,0.760,43.865,0.00
1786267324,ingest,0.00,0.00,0.0,27.080,0.002,0.760,43.870,0.00
1786267329,ingest,0.00,0.00,0.0,27.080,0.002,0.760,43.871,0.00
1786267334,ingest,0.00,0.00,0.0,27.080,0.002,0.760,43.874,0.00
1786267340,ingest,0.00,0.00,0.0,27.080,0.002,0.760,43.874,0.00
1786267345,ingest,0.00,0.00,0.0,27.080,0.002,0.760,43.870,0.00
1786267350,ingest,0.00,0.00,0.0,27.080,0.002,0.760,43.871,0.00
1786267355,ingest,0.00,0.00,0.0,27.080,0.002,0.760,43.869,0.00
1786267360,ingest,0.00,0.00,0.0,27.080,0.002,0.760,43.870,0.00
1786267365,ingest,0.00,0.00,0.0,27.080,0.002,0.760,43.870,0.00
1786267370,ingest,0.00,0.00,0.0,27.080,0.002,0.760,43.870,0.00
1786267375,ingest,0.00,0.00,0.0,27.080,0.002,0.760,43.871,0.00
1786267380,ingest,0.00,0.00,0.0,27.080,0.002,0.760,43.871,0.00
1786267385,ingest,0.00,0.00,0.0,27.080,0.002,0.760,43.870,0.00
1786267390,ingest,0.00,0.00,0.0,27.080,0.002,0.760,43.871,0.00
1786267395,ingest,0.00,0.00,0.0,27.080,0.002,0.760,43.867,0.00
1786267400,ingest,0.00,0.00,0.0,27.080,0.002,0.760,43.868,0.00
1786267405,ingest,0.00,0.00,0.0,27.080,0.002,0.760,43.865,0.00
1786267410,ingest,0.00,0.00,0.0,27.080,0.002,0.760,43.869,0.00
1786267415,ingest,0.00,0.00,0.0,27.080,0.002,0.760,43.870,0.00
1786267420,ingest,0.00,0.00,0.0,27.080,0.002,0.760,43.871,0.00
1786267425,ingest,0.00,0.00,0.0,27.080,0.002,0.760,43.871,0.00
1786267430,ingest,0.00,0.00,0.0,27.080,0.002,0.760,43.871,0.00
1786267436,ingest,0.00,0.00,0.0,27.080,0.002,0.760,43.870,0.00
1786267441,ingest,0.00,0.00,0.0,27.080,0.002,0.760,43.870,0.00
1786267446,ingest,0.00,0.00,0.0,27.080,0.002,0.760,43.872,0.00
1786267451,ingest,0.00,0.00,0.0,27.080,0.002,0.760,43.873,0.00
1786267456,ingest,0.00,0.00,0.0,27.080,0.002,0.760,43.868,0.00
1786267461,ingest,0.00,0.00,0.0,27.080,0.002,0.760,43.868,0.00
1786267466,ingest,0.00,0.00,0.0,27.080,0.002,0.760,43.868,0.00
1786267471,ingest,0.00,0.00,0.0,27.080,0.002,0.760,43.870,0.00
1786267476,ingest,0.00,0.00,0.0,27.080,0.002,0.760,43.866,0.00
1786267481,ingest,0.00,0.00,0.0,27.080,0.002,0.760,43.867,0.00
1786267486,ingest,0.00,0.00,0.0,27.080,0.002,0.760,43.868,0.00
1786267491,ingest,0.00,0.00,0.0,27.080,0.002,0.760,43.869,0.00
1786267496,ingest,0.00,0.00,0.0,27.080,0.002,0.760,43.864,0.00
1786267501,ingest,0.00,0.00,0.0,27.080,0.002,0.760,43.869,0.00
1786267506,ingest,0.00,0.00,0.0,27.080,0.002,0.760,43.868,0.00
1786267511,ingest,0.00,0.00,0.0,27.080,0.002,0.760,43.869,0.00
1786267516,ingest,0.00,0.00,0.0,27.080,0.002,0.760,43.870,0.00
1786267521,ingest,0.00,0.00,0.0,27.080,0.002,0.760,43.869,0.00
1786267527,ingest,0.00,0.00,0.0,27.080,0.002,0.760,43.869,0.00
1786267532,ingest,0.00,0.00,0.0,27.080,0.002,0.760,43.871,0.00
1786267537,ingest,0.00,0.00,0.0,27.080,0.002,0.760,43.871,0.00
1786267542,ingest,0.00,0.00,0.0,27.080,0.002,0.760,43.874,0.00
1786267547,ingest,0.00,0.00,0.0,27.080,0.002,0.760,43.875,0.00
1786267552,ingest,0.00,0.00,0.0,27.080,0.002,0.760,43.875,0.00
1786267557,ingest,0.00,0.00,0.0,27.080,0.002,0.760,43.876,0.00
1786267562,ingest,0.00,0.00,0.0,27.080,0.002,0.760,43.880,0.00
1786267567,ingest,0.00,0.00,0.0,27.080,0.002,0.760,43.877,0.02
1786267572,ingest,0.00,0.00,0.0,27.080,0.002,0.760,43.878,0.01
1786267577,ingest,0.00,0.00,0.0,27.080,0.002,0.760,43.879,0.00
1786267582,ingest,0.00,0.00,0.0,27.080,0.002,0.760,43.879,0.00
1786267587,ingest,0.00,0.00,0.0,27.080,0.002,0.760,43.878,0.00
1786267592,ingest,0.00,0.00,0.0,27.080,0.002,0.760,43.877,0.00
1786267597,ingest,0.00,0.00,0.0,27.080,0.002,0.760,43.878,0.00
1786267602,ingest,0.00,0.00,0.0,27.080,0.002,0.760,43.879,0.00
1786267607,ingest,0.00,0.00,0.0,27.080,0.002,0.760,43.881,0.00
1786267612,ingest,0.00,0.00,0.0,27.080,0.002,0.760,43.875,0.00
1786267617,ingest,0.00,0.00,0.0,27.080,0.002,0.760,43.875,0.00
1786267623,ingest,0.00,0.00,0.0,27.080,0.002,0.760,43.874,0.00
1786267628,ingest,0.00,0.00,0.0,27.080,0.002,0.760,43.876,0.00
1786267633,ingest,0.00,0.00,0.0,27.080,0.002,0.760,43.876,0.00
1786267638,ingest,0.00,0.00,0.0,27.080,0.002,0.760,43.875,0.00
1786267643,ingest,0.00,0.00,0.0,27.080,0.002,0.760,43.873,0.00
1786267648,ingest,0.00,0.00,0.0,27.080,0.002,0.760,43.873,0.00
1786267653,ingest,0.00,0.00,0.0,27.080,0.002,0.760,43.870,0.00
1786267658,ingest,0.00,0.00,0.0,27.080,0.002,0.760,43.870,0.00
1786267663,ingest,0.00,0.00,0.0,27.080,0.002,0.760,43.873,0.00
1786267668,ingest,0.00,0.00,0.0,27.080,0.002,0.760,43.872,0.00
1786267673,ingest,0.00,0.00,0.0,27.080,0.002,0.760,43.872,0.00
1786267678,ingest,0.00,0.00,0.0,27.080,0.002,0.760,43.873,0.00
1786267683,ingest,0.00,0.00,0.0,27.080,0.002,0.760,43.873,0.00
1786267688,ingest,0.00,0.00,0.0,27.080,0.002,0.760,43.874,0.00
1786267693,ingest,0.00,0.00,0.0,27.080,0.002,0.760,43.872,0.00
1786267698,ingest,0.00,0.00,0.0,27.080,0.002,0.760,43.872,0.00
1786267703,ingest,0.00,0.00,0.0,27.080,0.002,0.760,43.869,0.00
1786267708,ingest,0.00,0.00,0.0,27.080,0.002,0.760,43.869,0.00
1786267714,ingest,0.00,0.00,0.0,27.080,0.002,0.760,43.868,0.00
1786267719,ingest,0.00,0.00,0.0,27.080,0.002,0.760,43.868,0.00
1786267724,ingest,0.00,0.00,0.0,27.080,0.002,0.760,43.871,0.00
1786267729,ingest,0.00,0.00,0.0,27.080,0.002,0.760,43.870,0.00
1786267734,ingest,0.00,0.00,0.0,27.080,0.002,0.760,43.870,0.00
1786267739,ingest,0.00,0.00,0.0,27.080,0.002,0.760,43.871,0.00
1786267744,ingest,0.00,0.00,0.0,27.080,0.002,0.760,43.872,0.00
1786267749,ingest,0.00,0.00,0.0,27.080,0.002,0.760,43.872,0.00
1786267754,ingest,0.00,0.00,0.0,27.080,0.002,0.760,43.872,0.00
1786267759,ingest,0.00,0.00,0.0,27.080,0.002,0.760,43.872,0.00
1786267764,ingest,0.00,0.00,0.0,27.080,0.002,0.760,43.869,0.00
1786267769,ingest,0.00,0.00,0.0,27.080,0.002,0.760,43.870,0.00
1786267774,ingest,0.00,0.00,0.0,27.080,0.002,0.760,43.869,0.00
1786267779,ingest,0.00,0.00,0.0,27.080,0.002,0.760,43.870,0.00
1786267784,ingest,0.00,0.00,0.0,27.080,0.002,0.760,43.872,0.00
1786267789,ingest,0.00,0.00,0.0,27.080,0.002,0.760,43.873,0.00
1786267794,ingest,0.00,0.00,0.0,27.080,0.002,0.760,43.870,0.00
1786267799,ingest,0.00,0.00,0.0,27.080,0.002,0.760,43.871,0.00
1786267804,ingest,0.00,0.00,0.0,27.080,0.002,0.760,43.873,0.00
1786267810,ingest,0.00,0.00,0.0,27.080,0.002,0.760,43.874,0.00
1786267815,ingest,0.00,0.00,0.0,27.080,0.002,0.760,43.873,0.00
1786267820,ingest,0.00,0.00,0.0,27.080,0.002,0.760,43.874,0.00
1786267825,ingest,0.00,0.00,0.0,27.080,0.002,0.760,43.874,0.00
1786267830,ingest,0.00,0.00,0.0,27.080,0.002,0.760,43.874,0.00
1786267835,ingest,0.00,0.00,0.0,27.080,0.002,0.760,43.872,0.00
1786267840,ingest,0.00,0.00,0.0,27.080,0.002,0.760,43.873,0.00
1786267845,ingest,0.00,0.00,0.0,27.080,0.002,0.760,43.871,0.00
1786267850,ingest,0.00,0.00,0.0,27.080,0.002,0.760,43.871,0.00
1786267855,ingest,0.00,0.00,0.0,27.080,0.002,0.760,43.869,0.00
1786267860,ingest,0.00,0.00,0.0,27.080,0.002,0.760,43.869,0.00
1786267865,ingest,0.00,0.00,0.0,27.080,0.002,0.760,43.869,0.00
1786267870,ingest,0.00,0.00,0.0,27.080,0.002,0.760,43.858,0.03
1786267875,ingest,0.00,0.00,0.0,27.080,0.002,0.760,43.858,0.00
1786267880,ingest,0.00,0.00,0.0,27.080,0.002,0.760,43.858,0.00
1786267885,ingest,0.00,0.00,0.0,27.080,0.002,0.760,43.859,0.00
1786267890,ingest,0.00,0.00,0.0,27.080,0.002,0.760,43.860,0.00
1786267895,ingest,0.00,0.00,0.0,27.080,0.002,0.760,43.861,0.00
1786267900,ingest,0.00,0.00,0.0,27.080,0.002,0.760,43.862,0.00
1786267906,ingest,0.00,0.00,0.0,27.080,0.002,0.760,43.863,0.00
1786267911,ingest,0.00,0.00,0.0,27.080,0.002,0.760,43.867,0.00
1786267916,ingest,0.00,0.00,0.0,27.080,0.002,0.760,43.868,0.00
1786267921,ingest,0.00,0.00,0.0,27.080,0.002,0.760,43.868,0.00
1786267926,ingest,0.00,0.00,0.0,27.080,0.002,0.760,43.868,0.00
1786267931,ingest,0.00,0.00,0.0,27.080,0.002,0.760,43.869,0.00
1786267936,ingest,0.00,0.00,0.0,27.080,0.002,0.760,43.868,0.00
1786267941,ingest,0.00,0.00,0.0,27.080,0.002,0.760,43.871,0.00
1786267946,ingest,0.00,0.00,0.0,27.080,0.002,0.760,43.872,0.00
1786267951,ingest,0.00,0.00,0.0,27.080,0.002,0.760,43.873,0.00
1786267956,ingest,0.00,0.00,0.0,27.080,0.002,0.760,43.873,0.00
1786267961,ingest,0.00,0.00,0.0,27.080,0.002,0.760,43.874,0.00
1786267966,ingest,0.00,0.00,0.0,27.080,0.002,0.760,43.875,0.00
1786267971,ingest,0.00,0.00,0.0,27.080,0.002,0.760,43.876,0.00
1786267976,ingest,0.00,0.00,0.0,27.080,0.002,0.760,43.876,0.00
1786267981,ingest,0.00,0.00,0.0,27.080,0.002,0.760,43.876,0.00
1786267986,ingest,0.00,0.00,0.0,27.080,0.002,0.760,43.876,0.00
1786267991,ingest,0.00,0.00,0.0,27.080,0.002,0.760,43.874,0.00
1786267997,ingest,0.00,0.00,0.0,27.080,0.002,0.760,43.873,0.00
1786268002,ingest,0.00,0.00,0.0,27.080,0.002,0.760,43.873,0.00
1786268007,ingest,0.00,0.00,0.0,27.080,0.002,0.760,43.873,0.00
1786268012,ingest,0.00,0.00,0.0,27.080,0.002,0.760,43.872,0.00
1786268017,ingest,0.00,0.00,0.0,27.080,0.002,0.760,43.873,0.00
1786268022,ingest,0.00,0.00,0.0,27.080,0.002,0.760,43.870,0.00
1786268027,ingest,0.00,0.00,0.0,27.080,0.002,0.760,43.871,0.00
1786268032,ingest,0.00,0.00,0.0,27.080,0.002,0.760,43.869,0.00
1786268037,ingest,0.00,0.00,0.0,27.080,0.002,0.760,43.871,0.00
1786268042,ingest,0.00,0.00,0.0,27.080,0.002,0.760,43.873,0.00
1786268047,ingest,0.00,0.00,0.0,27.080,0.002,0.760,43.873,0.00
1786268052,ingest,0.00,0.00,0.0,27.080,0.002,0.760,43.874,0.00
1786268057,ingest,0.00,0.00,0.0,27.080,0.002,0.760,43.875,0.00
1786268062,ingest,0.00,0.00,0.0,27.080,0.002,0.760,43.871,0.00
1786268067,ingest,0.00,0.00,0.0,27.080,0.002,0.760,43.872,0.00
1786268072,ingest,0.00,0.00,0.0,27.080,0.002,0.760,43.877,0.00
1786268077,ingest,0.00,0.00,0.0,27.080,0.002,0.760,43.878,0.00
1786268082,ingest,0.00,0.00,0.0,27.080,0.002,0.760,43.878,0.00
1786268087,ingest,0.00,0.00,0.0,27.080,0.002,0.760,43.878,0.00
1786268093,ingest,0.00,0.00,0.0,27.080,0.002,0.760,43.876,0.00
1786268098,ingest,0.00,0.00,0.0,27.080,0.002,0.760,43.876,0.00
1786268103,ingest,0.00,0.00,0.0,27.080,0.002,0.760,43.878,0.00
1786268108,ingest,0.00,0.00,0.0,27.080,0.002,0.760,43.878,0.00
1786268113,ingest,0.00,0.00,0.0,27.080,0.002,0.760,43.873,0.00
1786268118,ingest,0.00,0.00,0.0,27.080,0.002,0.760,43.873,0.00
1786268123,ingest,0.00,0.00,0.0,27.080,0.002,0.760,43.873,0.00
1786268128,ingest,0.00,0.00,0.0,27.080,0.002,0.760,43.873,0.00
1786268133,ingest,0.00,0.00,0.0,27.080,0.002,0.760,43.874,0.00
1786268138,ingest,0.00,0.00,0.0,27.080,0.002,0.760,43.875,0.00
1786268143,ingest,0.00,0.00,0.0,27.080,0.002,0.760,43.872,0.00
1786268148,ingest,0.00,0.00,0.0,27.080,0.002,0.760,43.872,0.00
1786268153,ingest,0.00,0.00,0.0,27.080,0.002,0.760,43.873,0.00
1786268158,ingest,0.00,0.00,0.0,27.080,0.002,0.760,43.872,0.00
1786268163,ingest,0.00,0.00,0.0,27.080,0.002,0.760,43.872,0.00
1786268168,ingest,0.00,0.00,0.0,27.080,0.002,0.760,43.857,0.03
1786268173,ingest,0.00,0.00,0.0,27.080,0.002,0.760,43.858,0.00
1786268178,ingest,0.00,0.00,0.0,27.080,0.002,0.760,43.858,0.00
1786268184,ingest,0.00,0.00,0.0,27.080,0.002,0.760,43.861,0.00
1786268189,ingest,0.00,0.00,0.0,27.080,0.002,0.760,43.862,0.00
1786268194,ingest,0.00,0.00,0.0,27.080,0.002,0.760,43.864,0.00
1786268199,ingest,0.00,0.00,0.0,27.080,0.002,0.760,43.866,0.00
1786268204,ingest,0.00,0.00,0.0,27.080,0.002,0.760,43.865,0.00
1786268209,ingest,0.00,0.00,0.0,27.080,0.002,0.760,43.866,0.00
1786268214,ingest,0.00,0.00,0.0,27.080,0.002,0.760,43.866,0.00
1786268219,ingest,0.00,0.00,0.0,27.080,0.002,0.760,43.868,0.00
1786268224,ingest,0.00,0.00,0.0,27.080,0.002,0.760,43.863,0.00
1786268229,ingest,0.00,0.00,0.0,27.080,0.002,0.760,43.869,0.00
1786268234,ingest,0.00,0.00,0.0,27.080,0.002,0.760,43.870,0.00
1786268239,ingest,0.00,0.00,0.0,27.080,0.002,0.760,43.872,0.00
1786268244,ingest,0.00,0.00,0.0,27.080,0.002,0.760,43.872,0.00
1786268249,ingest,0.00,0.00,0.0,27.080,0.002,0.760,43.869,0.00
1786268254,ingest,0.00,0.00,0.0,27.080,0.002,0.760,43.870,0.00
1786268259,ingest,0.00,0.00,0.0,27.080,0.002,0.760,43.872,0.00
1786268264,ingest,0.00,0.00,0.0,27.080,0.002,0.760,43.871,0.00
1786268269,ingest,0.00,0.00,0.0,27.080,0.002,0.760,43.872,0.00
1786268274,ingest,0.00,0.00,0.0,27.080,0.002,0.760,43.872,0.00
1786268280,ingest,0.00,0.00,0.0,27.080,0.002,0.760,43.872,0.00
1786268285,ingest,0.00,0.00,0.0,27.080,0.002,0.760,43.872,0.00
1786268290,ingest,0.00,0.00,0.0,27.080,0.002,0.760,43.873,0.00
1786268295,ingest,0.00,0.00,0.0,27.080,0.002,0.760,43.873,0.00
1786268300,ingest,0.00,0.00,0.0,27.080,0.002,0.760,43.871,0.00
1786268305,ingest,0.00,0.00,0.0,27.080,0.002,0.760,43.871,0.00
1786268310,ingest,0.00,0.00,0.0,27.080,0.002,0.760,43.872,0.00
1786268315,ingest,0.00,0.00,0.0,27.080,0.002,0.760,43.873,0.00
1786268320,ingest,0.00,0.00,0.0,27.080,0.002,0.760,43.878,0.00
1786268325,ingest,0.00,0.00,0.0,27.080,0.002,0.760,43.879,0.00
1786268330,ingest,0.00,0.00,0.0,27.080,0.002,0.760,43.875,0.00
1786268335,ingest,0.00,0.00,0.0,27.080,0.002,0.760,43.876,0.00
1786268340,ingest,0.00,0.00,0.0,27.080,0.002,0.760,43.876,0.00
1786268345,ingest,0.00,0.00,0.0,27.080,0.002,0.760,43.876,0.00
1786268350,ingest,0.00,0.00,0.0,27.080,0.002,0.760,43.877,0.00
1786268355,ingest,0.00,0.00,0.0,27.080,0.002,0.760,43.876,0.00
1786268360,ingest,0.00,0.00,0.0,27.080,0.002,0.760,43.875,0.00
1786268365,ingest,0.00,0.00,0.0,27.080,0.002,0.760,43.876,0.00
1786268370,ingest,0.00,0.00,0.0,27.080,0.002,0.760,43.874,0.00
1786268376,ingest,0.00,0.00,0.0,27.080,0.002,0.760,43.874,0.00
1786268381,ingest,0.00,0.00,0.0,27.080,0.002,0.760,43.874,0.00
1786268386,ingest,0.00,0.00,0.0,27.080,0.002,0.760,43.874,0.00
1786268391,ingest,0.00,0.00,0.0,27.080,0.002,0.760,43.873,0.00
1786268396,ingest,0.00,0.00,0.0,27.080,0.002,0.760,43.873,0.00
1786268401,ingest,0.00,0.00,0.0,27.080,0.002,0.760,43.873,0.00
1786268406,ingest,0.00,0.00,0.0,27.080,0.002,0.760,43.874,0.00
1786268411,ingest,0.00,0.00,0.0,27.080,0.002,0.760,43.877,0.00
1786268416,ingest,0.00,0.00,0.0,27.080,0.002,0.760,43.877,0.00
1786268421,ingest,0.00,0.00,0.0,27.080,0.002,0.760,43.875,0.00
1786268426,ingest,0.00,0.00,0.0,27.080,0.002,0.760,43.876,0.00
1786268431,ingest,0.00,0.00,0.0,27.080,0.002,0.760,43.873,0.00
1786268436,ingest,0.00,0.00,0.0,27.080,0.002,0.760,43.873,0.00
1786268441,ingest,0.00,0.00,0.0,27.080,0.002,0.760,43.874,0.00
1786268446,ingest,0.00,0.00,0.0,27.080,0.002,0.760,43.874,0.00
1786268451,ingest,0.00,0.00,0.0,27.080,0.002,0.760,43.873,0.00
1786268456,ingest,0.00,0.00,0.0,27.080,0.002,0.760,43.873,0.00
1786268461,ingest,0.00,0.00,0.0,27.080,0.002,0.760,43.873,0.00
1786268467,ingest,0.00,0.00,0.0,27.080,0.002,0.760,43.872,0.00
1786268472,ingest,0.00,0.00,0.0,27.080,0.002,0.760,43.866,0.03
1786268477,ingest,0.00,0.00,0.0,27.080,0.002,0.760,43.867,0.00
1786268482,ingest,0.00,0.00,0.0,27.080,0.002,0.760,43.868,0.00
1786268487,ingest,0.00,0.00,0.0,27.080,0.002,0.760,43.869,0.00
1786268492,ingest,0.00,0.00,0.0,27.080,0.002,0.760,43.871,0.00
1786268497,ingest,0.00,0.00,0.0,27.080,0.002,0.760,43.871,0.00
1786268502,ingest,0.00,0.00,0.0,27.080,0.002,0.760,43.873,0.00
1786268507,ingest,0.00,0.00,0.0,27.080,0.002,0.760,43.873,0.00
1786268512,ingest,0.00,0.00,0.0,27.080,0.002,0.760,43.873,0.00
1786268517,ingest,0.00,0.00,0.0,27.080,0.002,0.760,43.872,0.00
1786268522,ingest,0.00,0.00,0.0,27.080,0.002,0.760,43.870,0.00
1786268527,ingest,0.00,0.00,0.0,27.080,0.002,0.760,43.871,0.00
1786268532,ingest,0.00,0.00,0.0,27.080,0.002,0.760,43.868,0.00
1786268537,ingest,0.00,0.00,0.0,27.080,0.002,0.760,43.869,0.00
1786268542,ingest,0.00,0.00,0.0,27.080,0.002,0.760,43.869,0.00
1786268547,ingest,0.00,0.00,0.0,27.080,0.002,0.760,43.870,0.00
1786268552,ingest,0.00,0.00,0.0,27.080,0.002,0.760,43.868,0.00
1786268557,ingest,0.00,0.00,0.0,27.080,0.002,0.760,43.869,0.00
1786268563,ingest,0.00,0.00,0.0,27.080,0.002,0.760,43.868,0.00
1786268568,ingest,0.00,0.00,0.0,27.080,0.002,0.760,43.869,0.00
1786268573,ingest,0.00,0.00,0.0,27.080,0.002,0.760,43.869,0.00
1786268578,ingest,0.00,0.00,0.0,27.080,0.002,0.760,43.869,0.00
1786268583,ingest,0.00,0.00,0.0,27.080,0.002,0.760,43.856,0.00
1786268588,ingest,0.00,0.00,0.0,27.080,0.002,0.760,43.865,0.00
1786268593,ingest,0.00,0.00,0.0,27.080,0.002,0.760,43.866,0.00
1786268598,ingest,0.00,0.00,0.0,27.080,0.002,0.760,43.868,0.00
1786268603,ingest,0.00,0.00,0.0,27.080,0.002,0.760,43.869,0.00
1786268608,ingest,0.00,0.00,0.0,27.080,0.002,0.760,43.863,0.00
1786268613,ingest,0.00,0.00,0.0,27.080,0.002,0.760,43.864,0.00
1786268618,ingest,0.00,0.00,0.0,27.080,0.002,0.760,43.868,0.00
1786268623,ingest,0.00,0.00,0.0,27.080,0.002,0.760,43.869,0.00
1786268628,ingest,0.00,0.00,0.0,27.080,0.002,0.760,43.868,0.00
1786268633,ingest,0.00,0.00,0.0,27.080,0.002,0.760,43.869,0.00
1786268638,ingest,0.00,0.00,0.0,27.080,0.002,0.760,43.872,0.00
1786268643,ingest,0.00,0.00,0.0,27.080,0.002,0.760,43.872,0.00
1786268648,ingest,0.00,0.00,0.0,27.080,0.002,0.760,43.874,0.00
1786268653,ingest,0.00,0.00,0.0,27.080,0.002,0.760,43.875,0.00
1786268659,ingest,0.00,0.00,0.0,27.080,0.002,0.760,43.875,0.00
1786268664,ingest,0.00,0.00,0.0,27.080,0.002,0.760,43.876,0.00
1786268669,ingest,0.00,0.00,0.0,27.080,0.002,0.760,43.871,0.00
1786268674,ingest,0.00,0.00,0.0,27.080,0.002,0.760,43.872,0.00
1786268679,ingest,0.00,0.00,0.0,27.080,0.002,0.760,43.873,0.00
1786268684,ingest,0.00,0.00,0.0,27.080,0.002,0.760,43.874,0.00
1786268689,ingest,0.00,0.00,0.0,27.080,0.002,0.760,43.871,0.00
1786268694,ingest,0.00,0.00,0.0,27.080,0.002,0.760,43.871,0.00
1786268699,ingest,0.00,0.00,0.0,27.080,0.002,0.760,43.870,0.00
1786268704,ingest,0.00,0.00,0.0,27.080,0.002,0.760,43.870,0.00
1786268709,ingest,0.00,0.00,0.0,27.080,0.002,0.760,43.870,0.00
1786268714,ingest,0.00,0.00,0.0,27.080,0.002,0.760,43.870,0.00
1786268719,ingest,0.00,0.00,0.0,27.080,0.002,0.760,43.867,0.00
1786268724,ingest,0.00,0.00,0.0,27.080,0.002,0.760,43.868,0.00
1786268729,ingest,0.00,0.00,0.0,27.080,0.002,0.760,43.868,0.00
1786268734,ingest,0.00,0.00,0.0,27.080,0.002,0.760,43.869,0.00
1786268739,ingest,0.00,0.00,0.0,27.080,0.002,0.760,43.867,0.00
1786268744,ingest,0.00,0.00,0.0,27.080,0.002,0.760,43.867,0.00
1786268749,ingest,0.00,0.00,0.0,27.080,0.002,0.760,43.867,0.00
1786268755,ingest,0.00,0.00,0.0,27.080,0.002,0.760,43.867,0.00
1786268760,ingest,0.00,0.00,0.0,27.080,0.002,0.760,43.868,0.00
1786268765,ingest,0.00,0.00,0.0,27.080,0.002,0.760,43.870,0.00
1786268770,ingest,0.00,0.00,0.0,27.080,0.002,0.760,43.865,0.03
1786268775,ingest,0.00,0.00,0.0,27.080,0.002,0.760,43.866,0.00
1786268780,ingest,0.00,0.00,0.0,27.080,0.002,0.760,43.868,0.00
1786268785,ingest,0.00,0.00,0.0,27.080,0.002,0.760,43.870,0.00
1786268790,ingest,0.00,0.00,0.0,27.080,0.002,0.760,43.873,0.00
1786268795,ingest,0.00,0.00,0.0,27.080,0.002,0.760,43.875,0.00
1786268800,ingest,0.00,0.00,0.0,27.080,0.002,0.760,43.873,0.00
1786268805,ingest,0.00,0.00,0.0,27.080,0.002,0.760,43.874,0.00
1786268810,ingest,0.00,0.00,0.0,27.080,0.002,0.760,43.874,0.00
1786268815,ingest,0.00,0.00,0.0,27.080,0.002,0.760,43.875,0.00
1786268820,ingest,0.00,0.00,0.0,27.080,0.002,0.760,43.875,0.00
1786268825,ingest,0.00,0.00,0.0,27.080,0.002,0.760,43.876,0.00
1786268830,ingest,0.00,0.00,0.0,27.080,0.002,0.760,43.876,0.00
1786268835,ingest,0.00,0.00,0.0,27.080,0.002,0.760,43.877,0.00
1786268840,ingest,0.00,0.00,0.0,27.080,0.002,0.760,43.877,0.00
1786268846,ingest,0.00,0.00,0.0,27.080,0.002,0.760,43.877,0.00
1786268851,ingest,0.00,0.00,0.0,27.080,0.002,0.760,43.873,0.00
1786268856,ingest,0.00,0.00,0.0,27.080,0.002,0.760,43.873,0.00
1786268861,ingest,0.00,0.00,0.0,27.080,0.002,0.760,43.869,0.00
1786268866,ingest,0.00,0.00,0.0,27.080,0.002,0.760,43.869,0.00
1786268871,ingest,0.00,0.00,0.0,27.080,0.002,0.760,43.870,0.00
1786268876,ingest,0.00,0.00,0.0,27.080,0.002,0.760,43.871,0.00
1786268881,ingest,0.00,0.00,0.0,27.080,0.002,0.760,43.870,0.00
1786268886,ingest,0.00,0.00,0.0,27.080,0.002,0.760,43.870,0.00
1786268891,ingest,0.00,0.00,0.0,27.080,0.002,0.760,43.869,0.00
1786268896,ingest,0.00,0.00,0.0,27.080,0.002,0.760,43.872,0.00
1786268901,ingest,0.00,0.00,0.0,27.080,0.002,0.760,43.872,0.00
1786268906,ingest,0.00,0.00,0.0,27.080,0.002,0.760,43.872,0.00
1786268911,ingest,0.00,0.00,0.0,27.080,0.002,0.760,43.871,0.00
1786268916,ingest,0.00,0.00,0.0,27.080,0.002,0.760,43.874,0.00
1786268921,ingest,0.00,0.00,0.0,27.080,0.002,0.760,43.874,0.00
1786268926,ingest,0.00,0.00,0.0,27.080,0.002,0.760,43.874,0.00
1786268931,ingest,0.00,0.00,0.0,27.080,0.002,0.760,43.873,0.00
1786268937,ingest,0.00,0.00,0.0,27.080,0.002,0.760,43.872,0.00
1786268942,ingest,0.00,0.00,0.0,27.080,0.002,0.760,43.872,0.00
1786268947,ingest,0.00,0.00,0.0,27.080,0.002,0.760,43.872,0.00
1786268952,ingest,0.00,0.00,0.0,27.080,0.002,0.760,43.869,0.00
1786268957,ingest,0.00,0.00,0.0,27.080,0.002,0.760,43.869,0.00
1786268962,ingest,0.00,0.00,0.0,27.080,0.002,0.760,43.869,0.00
1786268967,ingest,0.00,0.00,0.0,27.080,0.002,0.760,43.870,0.00
1786268972,ingest,0.00,0.00,0.0,27.080,0.002,0.760,43.869,0.00
1786268977,ingest,0.00,0.00,0.0,27.080,0.002,0.760,43.865,0.00
1786268982,ingest,0.00,0.00,0.0,27.080,0.002,0.760,43.866,0.00
1786268987,ingest,0.00,0.00,0.0,27.080,0.002,0.760,43.864,0.00
1786268992,ingest,0.00,0.00,0.0,27.080,0.002,0.760,43.865,0.00
1786268997,ingest,0.00,0.00,0.0,27.080,0.002,0.760,43.870,0.00
1786269002,ingest,0.00,0.00,0.0,27.080,0.002,0.760,43.871,0.00
1786269007,ingest,0.00,0.00,0.0,27.080,0.002,0.760,43.872,0.00
1786269012,ingest,0.00,0.00,0.0,27.080,0.002,0.760,43.873,0.00
1786269017,ingest,0.00,0.00,0.0,27.080,0.002,0.760,43.874,0.00
1786269022,ingest,0.00,0.00,0.0,27.080,0.002,0.760,43.874,0.00
1786269027,ingest,0.00,0.00,0.0,27.080,0.002,0.760,43.873,0.00
1786269033,ingest,0.00,0.00,0.0,27.080,0.002,0.760,43.873,0.00
1786269038,ingest,0.00,0.00,0.0,27.080,0.002,0.760,43.871,0.00
1786269043,ingest,0.00,0.00,0.0,27.080,0.002,0.760,43.871,0.00
1786269048,ingest,0.00,0.00,0.0,27.080,0.002,0.760,43.868,0.00
1786269053,ingest,0.00,0.00,0.0,27.080,0.002,0.760,43.867,0.00
1786269058,ingest,0.00,0.00,0.0,27.080,0.002,0.760,43.867,0.00
1786269063,ingest,0.00,0.00,0.0,27.080,0.002,0.760,43.868,0.00
1786269068,ingest,0.00,0.00,0.0,27.080,0.002,0.760,43.863,0.03
1786269073,ingest,0.00,0.00,0.0,27.080,0.002,0.760,43.863,0.00
1786269078,ingest,0.00,0.00,0.0,27.080,0.002,0.760,43.865,0.00
1786269083,ingest,0.00,0.00,0.0,27.080,0.002,0.760,43.865,0.00
1786269088,ingest,0.00,0.00,0.0,27.080,0.002,0.760,43.863,0.00
1786269093,ingest,0.00,0.00,0.0,27.080,0.002,0.760,43.864,0.00
1786269098,ingest,0.00,0.00,0.0,27.080,0.002,0.760,43.868,0.00
1786269103,ingest,0.00,0.00,0.0,27.080,0.002,0.760,43.868,0.00
1786269108,ingest,0.00,0.00,0.0,27.080,0.002,0.760,43.870,0.00
1786269113,ingest,0.00,0.00,0.0,27.080,0.002,0.760,43.871,0.00
1786269118,ingest,0.00,0.00,0.0,27.080,0.002,0.760,43.870,0.00
1786269123,ingest,0.00,0.00,0.0,27.080,0.002,0.760,43.871,0.00
1786269129,ingest,0.00,0.00,0.0,27.080,0.002,0.760,43.869,0.00
1786269134,ingest,0.00,0.00,0.0,27.080,0.002,0.760,43.870,0.00
1786269139,ingest,0.00,0.00,0.0,27.080,0.002,0.760,43.867,0.00
1786269144,ingest,0.00,0.00,0.0,27.080,0.002,0.760,43.868,0.00
1786269149,ingest,0.00,0.00,0.0,27.080,0.002,0.760,43.872,0.00
1786269154,ingest,0.00,0.00,0.0,27.080,0.002,0.760,43.872,0.00
1786269159,ingest,0.00,0.00,0.0,27.080,0.002,0.760,43.874,0.00
1786269164,ingest,0.00,0.00,0.0,27.080,0.002,0.760,43.874,0.00
1786269169,ingest,0.00,0.00,0.0,27.080,0.002,0.760,43.874,0.00
1786269174,ingest,0.00,0.00,0.0,27.080,0.002,0.760,43.875,0.00
1786269179,ingest,0.00,0.00,0.0,27.080,0.002,0.760,43.877,0.00
1786269184,ingest,0.00,0.00,0.0,27.080,0.002,0.760,43.878,0.00
1786269189,ingest,0.00,0.00,0.0,27.080,0.002,0.760,43.880,0.00
1786269194,ingest,0.00,0.00,0.0,27.080,0.002,0.760,43.881,0.00
1786269199,ingest,0.00,0.00,0.0,27.080,0.002,0.760,43.880,0.00
1786269204,ingest,0.00,0.00,0.0,27.080,0.002,0.760,43.881,0.00
1786269209,ingest,0.00,0.00,0.0,27.080,0.002,0.760,43.877,0.00
1786269214,ingest,0.00,0.00,0.0,27.080,0.002,0.760,43.878,0.00
1786269220,ingest,0.00,0.00,0.0,27.080,0.002,0.760,43.878,0.00
1786269225,ingest,0.00,0.00,0.0,27.080,0.002,0.760,43.879,0.00
1786269230,ingest,0.00,0.00,0.0,27.080,0.002,0.760,43.880,0.00
1786269235,ingest,0.00,0.00,0.0,27.080,0.002,0.760,43.881,0.00
1786269240,ingest,0.00,0.00,0.0,27.080,0.002,0.760,43.880,0.00
1786269245,ingest,0.00,0.00,0.0,27.080,0.002,0.760,43.882,0.00
1786269250,ingest,0.00,0.00,0.0,27.080,0.002,0.760,43.882,0.00
1786269255,ingest,0.00,0.00,0.0,27.080,0.002,0.760,43.883,0.00
1786269260,ingest,0.00,0.00,0.0,27.080,0.002,0.760,43.884,0.00
1786269265,ingest,0.00,0.00,0.0,27.080,0.002,0.760,43.884,0.00
1786269270,ingest,0.00,0.00,0.0,27.080,0.002,0.760,43.881,0.00
1786269275,ingest,0.00,0.00,0.0,27.080,0.002,0.760,43.883,0.00
1786269280,ingest,0.00,0.00,0.0,27.080,0.002,0.760,43.883,0.00
1786269285,ingest,0.00,0.00,0.0,27.080,0.002,0.760,43.883,0.00
1786269290,ingest,0.00,0.00,0.0,27.080,0.002,0.760,43.881,0.00
1786269295,ingest,0.00,0.00,0.0,27.080,0.002,0.760,43.882,0.00
1786269300,ingest,0.00,0.00,0.0,27.080,0.002,0.760,43.883,0.00
1786269305,ingest,0.00,0.00,0.0,27.080,0.002,0.760,43.883,0.00
1786269310,ingest,0.00,0.00,0.0,27.080,0.002,0.760,43.875,0.00
1786269316,ingest,0.00,0.00,0.0,27.080,0.002,0.760,43.883,0.00
1786269321,ingest,0.00,0.00,0.0,27.080,0.002,0.760,43.883,0.00
1786269326,ingest,0.00,0.00,0.0,27.080,0.002,0.760,43.883,0.00
1786269331,ingest,0.00,0.00,0.0,27.080,0.002,0.760,43.883,0.00
1786269336,ingest,0.00,0.00,0.0,27.080,0.002,0.760,43.881,0.00
1786269341,ingest,0.00,0.00,0.0,27.080,0.002,0.760,43.882,0.00
1786269346,ingest,0.00,0.00,0.0,27.080,0.002,0.760,43.886,0.00
1786269351,ingest,0.00,0.00,0.0,27.080,0.002,0.760,43.886,0.00
1786269356,ingest,0.00,0.00,0.0,27.080,0.002,0.760,43.887,0.00
1786269361,ingest,0.00,0.00,0.0,27.080,0.002,0.760,43.887,0.00
1786269366,ingest,0.00,0.00,0.0,27.080,0.002,0.760,43.886,0.00
1786269371,ingest,0.00,0.00,0.0,27.080,0.002,0.760,43.877,0.03
1786269376,ingest,0.00,0.00,0.0,27.080,0.002,0.760,43.876,0.00
1786269381,ingest,0.00,0.00,0.0,27.080,0.002,0.760,43.878,0.00
1786269386,ingest,0.00,0.00,0.0,27.080,0.002,0.760,43.881,0.00
1786269391,ingest,0.00,0.00,0.0,27.080,0.002,0.760,43.881,0.00
1786269396,ingest,0.00,0.00,0.0,27.080,0.002,0.760,43.879,0.00
1786269401,ingest,0.00,0.00,0.0,27.080,0.002,0.760,43.879,0.00
1786269406,ingest,0.00,0.00,0.0,27.080,0.002,0.760,43.880,0.00
1786269412,ingest,0.00,0.00,0.0,27.080,0.002,0.760,43.880,0.00
1786269417,ingest,0.00,0.00,0.0,27.080,0.002,0.760,43.878,0.00
1786269422,ingest,0.00,0.00,0.0,27.080,0.002,0.760,43.878,0.00
1786269427,ingest,0.00,0.00,0.0,27.080,0.002,0.760,43.881,0.00
1786269432,ingest,0.00,0.00,0.0,27.080,0.002,0.760,43.882,0.00
1786269437,ingest,0.00,0.00,0.0,27.080,0.002,0.760,43.881,0.00
1786269442,ingest,0.00,0.00,0.0,27.080,0.002,0.760,43.881,0.00
1786269447,ingest,0.00,0.00,0.0,27.080,0.002,0.760,43.878,0.00
1786269452,ingest,0.00,0.00,0.0,27.080,0.002,0.760,43.878,0.00
1786269457,ingest,0.00,0.00,0.0,27.080,0.002,0.760,43.883,0.00
1786269462,ingest,0.00,0.00,0.0,27.080,0.002,0.760,43.884,0.00
1786269467,ingest,0.00,0.00,0.0,27.080,0.002,0.760,43.880,0.00
1786269472,ingest,0.00,0.00,0.0,27.080,0.002,0.760,43.881,0.00
1786269477,ingest,0.00,0.00,0.0,27.080,0.002,0.760,43.877,0.00
1786269482,ingest,0.00,0.00,0.0,27.080,0.002,0.760,43.877,0.00
1786269487,ingest,0.00,0.00,0.0,27.080,0.002,0.760,43.878,0.00
1786269492,ingest,0.00,0.00,0.0,27.080,0.002,0.760,43.878,0.00
1786269497,ingest,0.00,0.00,0.0,27.080,0.002,0.760,43.881,0.00
1786269503,ingest,0.00,0.00,0.0,27.080,0.002,0.760,43.881,0.00
1786269508,ingest,0.00,0.00,0.0,27.080,0.002,0.760,43.881,0.00
1786269513,ingest,0.00,0.00,0.0,27.080,0.002,0.760,43.882,0.00
1786269518,ingest,0.00,0.00,0.0,27.080,0.002,0.760,43.884,0.00
1786269523,ingest,0.00,0.00,0.0,27.080,0.002,0.760,43.884,0.00
1786269528,ingest,0.00,0.00,0.0,27.080,0.002,0.760,43.883,0.00
1786269533,ingest,0.00,0.00,0.0,27.080,0.002,0.760,43.883,0.00
1786269538,ingest,0.00,0.00,0.0,27.080,0.002,0.760,43.884,0.00
1786269543,ingest,0.00,0.00,0.0,27.080,0.002,0.760,43.885,0.00
1786269548,ingest,0.00,0.00,0.0,27.080,0.002,0.760,43.884,0.00
1786269553,ingest,0.00,0.00,0.0,27.080,0.002,0.760,43.884,0.00
1786269558,ingest,0.00,0.00,0.0,27.080,0.002,0.760,43.879,0.00
1786269563,ingest,0.00,0.00,0.0,27.080,0.002,0.760,43.880,0.00
1786269568,ingest,0.00,0.00,0.0,27.080,0.002,0.760,43.876,0.00
1786269573,ingest,0.00,0.00,0.0,27.080,0.002,0.760,43.876,0.00
1786269578,ingest,0.00,0.00,0.0,27.080,0.002,0.760,43.878,0.00
1786269583,ingest,0.00,0.00,0.0,27.080,0.002,0.760,43.879,0.00
1786269588,ingest,0.00,0.00,0.0,27.080,0.002,0.760,43.875,0.00
1786269593,ingest,0.00,0.00,0.0,27.080,0.002,0.760,43.875,0.00
1786269599,ingest,0.00,0.00,0.0,27.080,0.002,0.760,43.878,0.00
1786269604,ingest,0.00,0.00,0.0,27.080,0.002,0.760,43.876,0.00
1786269609,ingest,0.00,0.00,0.0,27.080,0.002,0.760,43.876,0.00
1786269614,ingest,0.00,0.00,0.0,27.080,0.002,0.760,43.877,0.00
1786269619,ingest,0.00,0.00,0.0,27.080,0.002,0.760,43.873,0.00
1786269624,ingest,0.00,0.00,0.0,27.080,0.002,0.760,43.874,0.00
1786269629,ingest,0.00,0.00,0.0,27.080,0.002,0.760,43.873,0.00
1786269634,ingest,0.00,0.00,0.0,27.080,0.002,0.760,43.875,0.00
1786269639,ingest,0.00,0.00,0.0,27.080,0.002,0.760,43.872,0.00
1786269644,ingest,0.00,0.00,0.0,27.080,0.002,0.760,43.872,0.00
1786269649,ingest,0.00,0.00,0.0,27.080,0.002,0.760,43.873,0.00
1786269654,ingest,0.00,0.00,0.0,27.080,0.002,0.760,43.873,0.00
1786269659,ingest,0.00,0.00,0.0,27.080,0.002,0.760,43.870,0.00
1786269664,ingest,0.00,0.00,0.0,27.080,0.002,0.760,43.871,0.00
1786269669,ingest,0.00,0.00,0.0,27.080,0.002,0.760,43.862,0.03
1786269674,ingest,0.00,0.00,0.0,27.080,0.002,0.760,43.861,0.00
1786269679,ingest,0.00,0.00,0.0,27.080,0.002,0.760,43.861,0.00
1786269684,ingest,0.00,0.00,0.0,27.080,0.002,0.760,43.858,0.00
1786269689,ingest,0.00,0.00,0.0,27.080,0.002,0.760,43.859,0.00
1786269695,ingest,0.00,0.00,0.0,27.080,0.002,0.760,43.859,0.00
1786269700,ingest,0.00,0.00,0.0,27.080,0.002,0.760,43.860,0.00
1786269705,ingest,0.00,0.00,0.0,27.080,0.002,0.760,43.867,0.00
1786269710,ingest,0.00,0.00,0.0,27.080,0.002,0.760,43.867,0.00
1786269715,ingest,0.00,0.00,0.0,27.080,0.002,0.760,43.867,0.00
1786269720,ingest,0.00,0.00,0.0,27.080,0.002,0.760,43.868,0.00
1786269725,ingest,0.00,0.00,0.0,27.080,0.002,0.760,43.869,0.00
1786269730,ingest,0.00,0.00,0.0,27.080,0.002,0.760,43.869,0.00
1786269735,ingest,0.00,0.00,0.0,27.080,0.002,0.760,43.870,0.00
1786269740,ingest,0.00,0.00,0.0,27.080,0.002,0.760,43.871,0.00
1786269745,ingest,0.00,0.00,0.0,27.080,0.002,0.760,43.873,0.00
1786269750,ingest,0.00,0.00,0.0,27.080,0.002,0.760,43.873,0.00
1786269755,ingest,0.00,0.00,0.0,27.080,0.002,0.760,43.867,0.00
1786269760,ingest,0.00,0.00,0.0,27.080,0.002,0.760,43.867,0.00
1786269765,ingest,0.00,0.00,0.0,27.080,0.002,0.760,43.874,0.00
1786269770,ingest,0.00,0.00,0.0,27.080,0.002,0.760,43.874,0.00
1786269775,ingest,0.00,0.00,0.0,27.080,0.002,0.760,43.874,0.00
1786269780,ingest,0.00,0.00,0.0,27.080,0.002,0.760,43.874,0.00
1786269786,ingest,0.00,0.00,0.0,27.080,0.002,0.760,43.878,0.00
1786269791,ingest,0.00,0.00,0.0,27.080,0.002,0.760,43.879,0.00
1786269796,ingest,0.00,0.00,0.0,27.080,0.002,0.760,43.880,0.00
1786269801,ingest,0.00,0.00,0.0,27.080,0.002,0.760,43.880,0.00
1786269806,ingest,0.00,0.00,0.0,27.080,0.002,0.760,43.879,0.00
1786269811,ingest,0.00,0.00,0.0,27.080,0.002,0.760,43.879,0.00
1786269816,ingest,0.00,0.00,0.0,27.080,0.002,0.760,43.881,0.00
1786269821,ingest,0.00,0.00,0.0,27.080,0.002,0.760,43.881,0.00
1786269826,ingest,0.00,0.00,0.0,27.080,0.002,0.760,43.883,0.00
1786269831,ingest,0.00,0.00,0.0,27.080,0.002,0.760,43.884,0.00
1786269836,ingest,0.00,0.00,0.0,27.080,0.002,0.760,43.877,0.00
1786269841,ingest,0.00,0.00,0.0,27.080,0.002,0.760,43.877,0.00
1786269846,ingest,0.00,0.00,0.0,27.080,0.002,0.760,43.877,0.00
1786269851,ingest,0.00,0.00,0.0,27.080,0.002,0.760,43.876,0.00
1786269856,ingest,0.00,0.00,0.0,27.080,0.002,0.760,43.876,0.00
1786269861,ingest,0.00,0.00,0.0,27.080,0.002,0.760,43.876,0.00
1786269866,ingest,0.00,0.00,0.0,27.080,0.002,0.760,43.880,0.00
1786269871,ingest,0.00,0.00,0.0,27.080,0.002,0.760,43.880,0.00
1786269877,ingest,0.00,0.00,0.0,27.080,0.002,0.760,43.881,0.00
1786269882,ingest,0.00,0.00,0.0,27.080,0.002,0.760,43.881,0.00
1786269887,ingest,0.00,0.00,0.0,27.080,0.002,0.760,43.877,0.00
1786269892,ingest,0.00,0.00,0.0,27.080,0.002,0.760,43.878,0.00
1786269897,ingest,0.00,0.00,0.0,27.080,0.002,0.760,43.878,0.00
1786269902,ingest,0.00,0.00,0.0,27.080,0.002,0.760,43.878,0.00
1786269907,ingest,0.00,0.00,0.0,27.080,0.002,0.760,43.874,0.00
1786269912,ingest,0.00,0.00,0.0,27.080,0.002,0.760,43.874,0.00
1786269917,ingest,0.00,0.00,0.0,27.080,0.002,0.760,43.874,0.00
1786269922,ingest,0.00,0.00,0.0,27.080,0.002,0.760,43.875,0.00
1786269927,ingest,0.00,0.00,0.0,27.080,0.002,0.760,43.873,0.00
1786269932,ingest,0.00,0.00,0.0,27.080,0.002,0.760,43.872,0.00
1786269937,ingest,0.00,0.00,0.0,27.080,0.002,0.760,43.872,0.00
1786269942,ingest,0.00,0.00,0.0,27.080,0.002,0.760,43.873,0.00
1786269947,ingest,0.00,0.00,0.0,27.080,0.002,0.760,43.873,0.00
1786269952,ingest,0.00,0.00,0.0,27.080,0.002,0.760,43.873,0.00
1786269957,ingest,0.00,0.00,0.0,27.080,0.002,0.760,43.873,0.00
1786269962,ingest,0.00,0.00,0.0,27.080,0.002,0.760,43.874,0.00
1786269967,ingest,0.00,0.00,0.0,27.080,0.002,0.760,43.865,0.02
1786269973,ingest,0.00,0.00,0.0,27.080,0.002,0.760,43.864,0.01
1786269978,ingest,0.00,0.00,0.0,27.080,0.002,0.760,43.869,0.00
1786269983,ingest,0.00,0.00,0.0,27.080,0.002,0.760,43.870,0.00
1786269988,ingest,0.00,0.00,0.0,27.080,0.002,0.760,43.866,0.00
1786269993,ingest,0.00,0.00,0.0,27.080,0.002,0.760,43.866,0.00
1786269998,ingest,0.00,0.00,0.0,27.080,0.002,0.760,43.868,0.00
1786270003,ingest,0.00,0.00,0.0,27.080,0.002,0.760,43.869,0.00
1786270008,ingest,0.00,0.00,0.0,27.080,0.002,0.760,43.867,0.00
1786270013,ingest,0.00,0.00,0.0,27.080,0.002,0.760,43.870,0.00
1786270018,ingest,0.00,0.00,0.0,27.080,0.002,0.760,43.871,0.00
1786270023,ingest,0.00,0.00,0.0,27.080,0.002,0.760,43.874,0.00
1786270028,ingest,0.00,0.00,0.0,27.080,0.002,0.760,43.872,0.00
1786270033,ingest,0.00,0.00,0.0,27.080,0.002,0.760,43.874,0.00
1786270038,ingest,0.00,0.00,0.0,27.080,0.002,0.760,43.866,0.00
1786270043,ingest,0.00,0.00,0.0,27.080,0.002,0.760,43.878,0.00
1786270048,ingest,0.00,0.00,0.0,27.080,0.002,0.760,43.877,0.00
1786270053,ingest,0.00,0.00,0.0,27.080,0.002,0.760,43.879,0.00
1786270058,ingest,0.00,0.00,0.0,27.080,0.002,0.760,43.879,0.00
1786270063,ingest,0.00,0.00,0.0,27.080,0.002,0.760,43.878,0.00
1786270069,ingest,0.00,0.00,0.0,27.080,0.002,0.760,43.877,0.00
1786270074,ingest,0.00,0.00,0.0,27.080,0.002,0.760,43.880,0.00
1786270079,ingest,0.00,0.00,0.0,27.080,0.002,0.760,43.880,0.00
1786270084,ingest,0.00,0.00,0.0,27.080,0.002,0.760,43.885,0.00
1786270089,ingest,0.00,0.00,0.0,27.080,0.002,0.760,43.885,0.00
1786270094,ingest,0.00,0.00,0.0,27.080,0.002,0.760,43.885,0.00
1786270099,ingest,0.00,0.00,0.0,27.080,0.002,0.760,43.886,0.00
1786270104,ingest,0.00,0.00,0.0,27.080,0.002,0.760,43.887,0.00
1786270109,ingest,0.00,0.00,0.0,27.080,0.002,0.760,43.886,0.00
1786270114,ingest,0.00,0.00,0.0,27.080,0.002,0.760,43.887,0.00
1786270119,ingest,0.00,0.00,0.0,27.080,0.002,0.760,43.887,0.00
1786270124,ingest,0.00,0.00,0.0,27.080,0.002,0.760,43.885,0.00
1786270129,ingest,0.00,0.00,0.0,27.080,0.002,0.760,43.885,0.00
1786270134,ingest,0.00,0.00,0.0,27.080,0.002,0.760,43.885,0.00
1786270139,ingest,0.00,0.00,0.0,27.080,0.002,0.760,43.885,0.00
1786270144,ingest,0.00,0.00,0.0,27.080,0.002,0.760,43.884,0.00
1786270149,ingest,0.00,0.00,0.0,27.080,0.002,0.760,43.885,0.00
1786270154,ingest,0.00,0.00,0.0,27.080,0.002,0.760,43.887,0.00
1786270160,ingest,0.00,0.00,0.0,27.080,0.002,0.760,43.887,0.00
1786270165,ingest,0.00,0.00,0.0,27.080,0.002,0.760,43.885,0.00
1786270170,ingest,0.00,0.00,0.0,27.080,0.002,0.760,43.886,0.00
1786270175,ingest,0.00,0.00,0.0,27.080,0.002,0.760,43.885,0.00
1786270180,ingest,0.00,0.00,0.0,27.080,0.002,0.760,43.886,0.00
1786270185,ingest,0.00,0.00,0.0,27.080,0.002,0.760,43.886,0.00
1786270190,ingest,0.00,0.00,0.0,27.080,0.002,0.760,43.887,0.00
1786270195,ingest,0.00,0.00,0.0,27.080,0.002,0.760,43.887,0.00
1786270200,ingest,0.00,0.00,0.0,27.080,0.002,0.760,43.886,0.00
1786270205,ingest,0.00,0.00,0.0,27.080,0.002,0.760,43.886,0.00
1786270210,ingest,0.00,0.00,0.0,27.080,0.002,0.760,43.888,0.00
1786270215,ingest,0.00,0.00,0.0,27.080,0.002,0.760,43.891,0.00
1786270220,ingest,0.00,0.00,0.0,27.080,0.002,0.760,43.891,0.00
1786270225,ingest,0.00,0.00,0.0,27.080,0.002,0.760,43.891,0.00
1786270230,ingest,0.00,0.00,0.0,27.080,0.002,0.760,43.891,0.00
1786270235,ingest,0.00,0.00,0.0,27.080,0.002,0.760,43.889,0.00
1786270240,ingest,0.00,0.00,0.0,27.080,0.002,0.760,43.889,0.00
1786270245,ingest,0.00,0.00,0.0,27.080,0.002,0.760,43.889,0.00
1786270250,ingest,0.00,0.00,0.0,27.080,0.002,0.760,43.890,0.00
1786270256,ingest,0.00,0.00,0.0,27.080,0.002,0.760,43.890,0.00
1786270261,ingest,0.00,0.00,0.0,27.080,0.002,0.760,43.891,0.00
1786270266,ingest,0.00,0.00,0.0,27.080,0.002,0.760,43.891,0.00
1786270271,ingest,0.00,0.00,0.0,27.080,0.002,0.760,43.881,0.03
1786270276,ingest,0.00,0.00,0.0,27.080,0.002,0.760,43.884,0.00
1786270281,ingest,0.00,0.00,0.0,27.080,0.002,0.760,43.884,0.00
1786270286,ingest,0.00,0.00,0.0,27.080,0.002,0.760,43.885,0.00
1786270291,ingest,0.00,0.00,0.0,27.080,0.002,0.760,43.885,0.00
1786270296,ingest,0.00,0.00,0.0,27.080,0.002,0.760,43.884,0.00
1786270301,ingest,0.00,0.00,0.0,27.080,0.002,0.760,43.885,0.00
1786270306,ingest,0.00,0.00,0.0,27.080,0.002,0.760,43.882,0.00
1786270311,ingest,0.00,0.00,0.0,27.080,0.002,0.760,43.883,0.00
1786270316,ingest,0.00,0.00,0.0,27.080,0.002,0.760,43.881,0.00
1786270321,ingest,0.00,0.00,0.0,27.080,0.002,0.760,43.882,0.00
1786270326,ingest,0.00,0.00,0.0,27.080,0.002,0.760,43.881,0.00
1786270331,ingest,0.00,0.00,0.0,27.080,0.002,0.760,43.883,0.00
1786270336,ingest,0.00,0.00,0.0,27.080,0.002,0.760,43.883,0.00
1786270341,ingest,0.00,0.00,0.0,27.080,0.002,0.760,43.884,0.00
1786270347,ingest,0.00,0.00,0.0,27.080,0.002,0.760,43.885,0.00
1786270352,ingest,0.00,0.00,0.0,27.080,0.002,0.760,43.885,0.00
1786270357,ingest,0.00,0.00,0.0,27.080,0.002,0.760,43.886,0.00
1786270362,ingest,0.00,0.00,0.0,27.080,0.002,0.760,43.887,0.00
1786270367,ingest,0.00,0.00,0.0,27.080,0.002,0.760,43.887,0.00
1786270372,ingest,0.00,0.00,0.0,27.080,0.002,0.760,43.887,0.00
1786270377,ingest,0.00,0.00,0.0,27.080,0.002,0.760,43.887,0.00
1786270382,ingest,0.00,0.00,0.0,27.080,0.002,0.760,43.888,0.00
1786270387,ingest,0.00,0.00,0.0,27.080,0.002,0.760,43.890,0.00
1786270392,ingest,0.00,0.00,0.0,27.080,0.002,0.760,43.890,0.00
1786270397,ingest,0.00,0.00,0.0,27.080,0.002,0.760,43.890,0.00
1786270402,ingest,0.00,0.00,0.0,27.080,0.002,0.760,43.889,0.00
1786270407,ingest,0.00,0.00,0.0,27.080,0.002,0.760,43.884,0.00
1786270412,ingest,0.00,0.00,0.0,27.080,0.002,0.760,43.889,0.00
1786270417,ingest,0.00,0.00,0.0,27.080,0.002,0.760,43.889,0.00
1786270422,ingest,0.00,0.00,0.0,27.080,0.002,0.760,43.889,0.00
1786270427,ingest,0.00,0.00,0.0,27.080,0.002,0.760,43.890,0.00
1786270432,ingest,0.00,0.00,0.0,27.080,0.002,0.760,43.888,0.00
1786270438,ingest,0.00,0.00,0.0,27.080,0.002,0.760,43.888,0.00
1786270443,ingest,0.00,0.00,0.0,27.080,0.002,0.760,43.890,0.00
1786270448,ingest,0.00,0.00,0.0,27.080,0.002,0.760,43.891,0.00
1786270453,ingest,0.00,0.00,0.0,27.080,0.002,0.760,43.891,0.00
1786270458,ingest,0.00,0.00,0.0,27.080,0.002,0.760,43.892,0.00
1786270463,ingest,0.00,0.00,0.0,27.080,0.002,0.760,43.890,0.00
1786270468,ingest,0.00,0.00,0.0,27.080,0.002,0.760,43.890,0.00
1786270473,ingest,0.00,0.00,0.0,27.080,0.002,0.760,43.889,0.00
1786270478,ingest,0.00,0.00,0.0,27.080,0.002,0.760,43.889,0.00
1786270483,ingest,0.00,0.00,0.0,27.080,0.002,0.760,43.888,0.00
1786270488,ingest,0.00,0.00,0.0,27.080,0.002,0.760,43.888,0.00
1786270493,ingest,0.00,0.00,0.0,27.080,0.002,0.760,43.888,0.00
1786270498,ingest,0.00,0.00,0.0,27.080,0.002,0.760,43.889,0.00
1786270503,ingest,0.00,0.00,0.0,27.080,0.002,0.760,43.888,0.00
1786270508,ingest,0.00,0.00,0.0,27.080,0.002,0.760,43.888,0.00
1786270513,ingest,0.00,0.00,0.0,27.080,0.002,0.760,43.890,0.00
1786270518,ingest,0.00,0.00,0.0,27.080,0.002,0.760,43.890,0.00
1786270523,ingest,0.00,0.00,0.0,27.080,0.002,0.760,43.891,0.00
1786270528,ingest,0.00,0.00,0.0,27.080,0.002,0.760,43.892,0.00
1786270534,ingest,0.00,0.00,0.0,27.080,0.002,0.760,43.890,0.00
1786270539,ingest,0.00,0.00,0.0,27.080,0.002,0.760,43.889,0.00
1786270544,ingest,0.00,0.00,0.0,27.080,0.002,0.760,43.891,0.00
1786270549,ingest,0.00,0.00,0.0,27.080,0.002,0.760,43.892,0.00
1786270554,ingest,0.00,0.00,0.0,27.080,0.002,0.760,43.890,0.00
1786270559,ingest,0.00,0.00,0.0,27.080,0.002,0.760,43.890,0.00
1786270564,ingest,0.00,0.00,0.0,27.080,0.002,0.760,43.890,0.00
1786270569,ingest,0.00,0.00,0.0,27.080,0.002,0.760,43.883,0.03
1786270574,ingest,0.00,0.00,0.0,27.080,0.002,0.760,43.885,0.00
1786270579,ingest,0.00,0.00,0.0,27.080,0.002,0.760,43.886,0.00
1786270584,ingest,0.00,0.00,0.0,27.080,0.002,0.760,43.886,0.00
1786270589,ingest,0.00,0.00,0.0,27.080,0.002,0.760,43.887,0.00
1786270594,ingest,0.00,0.00,0.0,27.080,0.002,0.760,43.886,0.00
1786270599,ingest,0.00,0.00,0.0,27.080,0.002,0.760,43.887,0.00
1786270604,ingest,0.00,0.00,0.0,27.080,0.002,0.760,43.885,0.00
1786270609,ingest,0.00,0.00,0.0,27.080,0.002,0.760,43.885,0.00
1786270614,ingest,0.00,0.00,0.0,27.080,0.002,0.760,43.885,0.00
1786270619,ingest,0.00,0.00,0.0,27.080,0.002,0.760,43.885,0.00
1786270625,ingest,0.00,0.00,0.0,27.080,0.002,0.760,43.885,0.00
1786270630,ingest,0.00,0.00,0.0,27.080,0.002,0.760,43.885,0.00
1786270635,ingest,0.00,0.00,0.0,27.080,0.002,0.760,43.886,0.00
1786270640,ingest,0.00,0.00,0.0,27.080,0.002,0.760,43.886,0.00
1786270645,ingest,0.00,0.00,0.0,27.080,0.002,0.760,43.887,0.00
1786270650,ingest,0.00,0.00,0.0,27.080,0.002,0.760,43.889,0.00
1786270655,ingest,0.00,0.00,0.0,27.080,0.002,0.760,43.887,0.00
1786270660,ingest,0.00,0.00,0.0,27.080,0.002,0.760,43.888,0.00
1786270665,ingest,0.00,0.00,0.0,27.080,0.002,0.760,43.887,0.00
1786270670,ingest,0.00,0.00,0.0,27.080,0.002,0.760,43.889,0.00
1786270675,ingest,0.00,0.00,0.0,27.080,0.002,0.760,43.887,0.00
1786270680,ingest,0.00,0.00,0.0,27.080,0.002,0.760,43.887,0.00
1786270685,ingest,0.00,0.00,0.0,27.080,0.002,0.760,43.891,0.00
1786270690,ingest,0.00,0.00,0.0,27.080,0.002,0.760,43.891,0.00
1786270695,ingest,0.00,0.00,0.0,27.080,0.002,0.760,43.891,0.00
1786270700,ingest,0.00,0.00,0.0,27.080,0.002,0.760,43.892,0.00
1786270705,ingest,0.00,0.00,0.0,27.080,0.002,0.760,43.891,0.00
1786270710,ingest,0.00,0.00,0.0,27.080,0.002,0.760,43.891,0.00
1786270716,ingest,0.00,0.00,0.0,27.080,0.002,0.760,43.891,0.00
1786270721,ingest,0.00,0.00,0.0,27.080,0.002,0.760,43.891,0.00
1786270726,ingest,0.00,0.00,0.0,27.080,0.002,0.760,43.891,0.00
1786270731,ingest,0.00,0.00,0.0,27.080,0.002,0.760,43.891,0.00
1786270736,ingest,0.00,0.00,0.0,27.080,0.002,0.760,43.891,0.00
1786270741,ingest,0.00,0.00,0.0,27.080,0.002,0.760,43.892,0.00
1786270746,ingest,0.00,0.00,0.0,27.080,0.002,0.760,43.891,0.00
1786270751,ingest,0.00,0.00,0.0,27.080,0.002,0.760,43.891,0.00
1786270756,ingest,0.00,0.00,0.0,27.080,0.002,0.760,43.890,0.00
1786270761,ingest,0.00,0.00,0.0,27.080,0.002,0.760,43.890,0.00
1786270766,ingest,0.00,0.00,0.0,27.080,0.002,0.760,43.887,0.00
1786270771,ingest,0.00,0.00,0.0,27.080,0.002,0.760,43.887,0.00
1786270776,ingest,0.00,0.00,0.0,27.080,0.002,0.760,43.887,0.00
1786270781,ingest,0.00,0.00,0.0,27.080,0.002,0.760,43.887,0.00
1786270786,ingest,0.00,0.00,0.0,27.080,0.002,0.760,43.887,0.00
1786270791,ingest,0.00,0.00,0.0,27.080,0.002,0.760,43.888,0.00
1786270796,ingest,0.00,0.00,0.0,27.080,0.002,0.760,43.889,0.00
1786270801,ingest,0.00,0.00,0.0,27.080,0.002,0.760,43.889,0.00
1786270806,ingest,0.00,0.00,0.0,27.080,0.002,0.760,43.889,0.00
1786270812,ingest,0.00,0.00,0.0,27.080,0.002,0.760,43.892,0.00
1786270817,ingest,0.00,0.00,0.0,27.080,0.002,0.760,43.893,0.00
1786270822,ingest,0.00,0.00,0.0,27.080,0.002,0.760,43.892,0.00
1786270827,ingest,0.00,0.00,0.0,27.080,0.002,0.760,43.892,0.00
1786270832,ingest,0.00,0.00,0.0,27.080,0.002,0.760,43.892,0.00
1786270837,ingest,0.00,0.00,0.0,27.080,0.002,0.760,43.892,0.00
1786270842,ingest,0.00,0.00,0.0,27.080,0.002,0.760,43.893,0.00
1786270847,ingest,0.00,0.00,0.0,27.080,0.002,0.760,43.894,0.00
1786270852,ingest,0.00,0.00,0.0,27.080,0.002,0.760,43.893,0.00
1786270857,ingest,0.00,0.00,0.0,27.080,0.002,0.760,43.893,0.00
1786270862,ingest,0.00,0.00,0.0,27.080,0.002,0.760,43.893,0.00
1786270867,ingest,0.00,0.00,0.0,27.080,0.002,0.760,43.892,0.00
1786270872,ingest,0.00,0.00,0.0,27.080,0.002,0.760,43.883,0.03
1786270877,ingest,0.00,0.00,0.0,27.080,0.002,0.760,43.883,0.00
1786270882,ingest,0.00,0.00,0.0,27.080,0.002,0.760,43.881,0.00
1786270887,ingest,0.00,0.00,0.0,27.080,0.002,0.760,43.881,0.00
1786270892,ingest,0.00,0.00,0.0,27.080,0.002,0.760,43.881,0.00
1786270897,ingest,0.00,0.00,0.0,27.080,0.002,0.760,43.881,0.00
1786270903,ingest,0.00,0.00,0.0,27.080,0.002,0.760,43.883,0.00
1786270908,ingest,0.00,0.00,0.0,27.080,0.002,0.760,43.883,0.00
1786270913,ingest,0.00,0.00,0.0,27.080,0.002,0.760,43.884,0.00
1786270918,ingest,0.00,0.00,0.0,27.080,0.002,0.760,43.884,0.00
1786270923,ingest,0.00,0.00,0.0,27.080,0.002,0.760,43.886,0.00
1786270928,ingest,0.00,0.00,0.0,27.080,0.002,0.760,43.886,0.00
1786270933,ingest,0.00,0.00,0.0,27.080,0.002,0.760,43.887,0.00
1786270938,ingest,0.00,0.00,0.0,27.080,0.002,0.760,43.887,0.00
1786270943,ingest,0.00,0.00,0.0,27.080,0.002,0.760,43.885,0.00
1786270948,ingest,0.00,0.00,0.0,27.080,0.002,0.760,43.886,0.00
1786270953,ingest,0.00,0.00,0.0,27.080,0.002,0.760,43.883,0.00
1786270958,ingest,0.00,0.00,0.0,27.080,0.002,0.760,43.883,0.00
1786270963,ingest,0.00,0.00,0.0,27.080,0.002,0.760,43.884,0.00
1786270968,ingest,0.00,0.00,0.0,27.080,0.002,0.760,43.884,0.00
1786270973,ingest,0.00,0.00,0.0,27.080,0.002,0.760,43.883,0.00
1786270978,ingest,0.00,0.00,0.0,27.080,0.002,0.760,43.883,0.00
1786270983,ingest,0.00,0.00,0.0,27.080,0.002,0.760,43.878,0.00
1786270988,ingest,0.00,0.00,0.0,27.080,0.002,0.760,43.877,0.00
1786270994,ingest,0.00,0.00,0.0,27.080,0.002,0.760,43.874,0.00
1786270999,ingest,0.00,0.00,0.0,27.080,0.002,0.760,43.874,0.00
1786271004,ingest,0.00,0.00,0.0,27.080,0.002,0.760,43.872,0.00
1786271009,ingest,0.00,0.00,0.0,27.080,0.002,0.760,43.873,0.00
1786271014,ingest,0.00,0.00,0.0,27.080,0.002,0.760,43.872,0.00
1786271019,ingest,0.00,0.00,0.0,27.080,0.002,0.760,43.872,0.00
1786271024,ingest,0.00,0.00,0.0,27.080,0.002,0.760,43.871,0.00
1786271029,ingest,0.00,0.00,0.0,27.080,0.002,0.760,43.872,0.00
1786271034,ingest,0.00,0.00,0.0,27.080,0.002,0.760,43.873,0.00
1786271039,ingest,0.00,0.00,0.0,27.080,0.002,0.760,43.874,0.00
1786271044,ingest,0.00,0.00,0.0,27.080,0.002,0.760,43.878,0.00
1786271049,ingest,0.00,0.00,0.0,27.080,0.002,0.760,43.880,0.00
1786271054,ingest,0.00,0.00,0.0,27.080,0.002,0.760,43.880,0.00
1786271059,ingest,0.00,0.00,0.0,27.080,0.002,0.760,43.881,0.00
1786271064,ingest,0.00,0.00,0.0,27.080,0.002,0.760,43.882,0.00
1786271069,ingest,0.00,0.00,0.0,27.080,0.002,0.760,43.883,0.00
1786271074,ingest,0.00,0.00,0.0,27.080,0.002,0.760,43.883,0.00
1786271079,ingest,0.00,0.00,0.0,27.080,0.002,0.760,43.884,0.00
1786271084,ingest,0.00,0.00,0.0,27.080,0.002,0.760,43.883,0.00
1786271090,ingest,0.00,0.00,0.0,27.080,0.002,0.760,43.883,0.00
1786271095,ingest,0.00,0.00,0.0,27.080,0.002,0.760,43.880,0.00
1786271100,ingest,0.00,0.00,0.0,27.080,0.002,0.760,43.880,0.00
1786271105,ingest,0.00,0.00,0.0,27.080,0.002,0.760,43.878,0.00
1786271110,ingest,0.00,0.00,0.0,27.080,0.002,0.760,43.876,0.00
1786271115,ingest,0.00,0.00,0.0,27.080,0.002,0.760,43.877,0.00
1786271120,ingest,0.00,0.00,0.0,27.080,0.002,0.760,43.877,0.00
1786271125,ingest,0.00,0.00,0.0,27.080,0.002,0.760,43.877,0.00
1786271130,ingest,0.00,0.00,0.0,27.080,0.002,0.760,43.878,0.00
1786271135,ingest,0.00,0.00,0.0,27.080,0.002,0.760,43.879,0.00
1786271140,ingest,0.00,0.00,0.0,27.080,0.002,0.760,43.878,0.00
1786271145,ingest,0.00,0.00,0.0,27.080,0.002,0.760,43.878,0.00
1786271150,ingest,0.00,0.00,0.0,27.080,0.002,0.760,43.879,0.00
1786271155,ingest,0.00,0.00,0.0,27.080,0.002,0.760,43.878,0.00
1786271160,ingest,0.00,0.00,0.0,27.080,0.002,0.760,43.875,0.00
1786271165,ingest,0.00,0.00,0.0,27.080,0.002,0.760,43.875,0.00
1786271170,ingest,0.00,0.00,0.0,27.080,0.002,0.760,43.868,0.03
1786271175,ingest,0.00,0.00,0.0,27.080,0.002,0.760,43.869,0.00
1786271181,ingest,0.00,0.00,0.0,27.080,0.002,0.760,43.876,0.00
1786271186,ingest,0.00,0.00,0.0,27.080,0.002,0.760,43.876,0.00
1786271191,ingest,0.00,0.00,0.0,27.080,0.002,0.760,43.879,0.00
1786271196,ingest,0.00,0.00,0.0,27.080,0.002,0.760,43.878,0.00
1786271201,ingest,0.00,0.00,0.0,27.080,0.002,0.760,43.882,0.00
1786271206,ingest,0.00,0.00,0.0,27.080,0.002,0.760,43.882,0.00
1786271211,ingest,0.00,0.00,0.0,27.080,0.002,0.760,43.881,0.00
1786271216,ingest,0.00,0.00,0.0,27.080,0.002,0.760,43.882,0.00
1786271221,ingest,0.00,0.00,0.0,27.080,0.002,0.760,43.880,0.00
1786271226,ingest,0.00,0.00,0.0,27.080,0.002,0.760,43.880,0.00
1786271231,ingest,0.00,0.00,0.0,27.080,0.002,0.760,43.881,0.00
1786271236,ingest,0.00,0.00,0.0,27.080,0.002,0.760,43.880,0.00
1786271241,ingest,0.00,0.00,0.0,27.080,0.002,0.760,43.880,0.00
1786271246,ingest,0.00,0.00,0.0,27.080,0.002,0.760,43.881,0.00
1786271251,ingest,0.00,0.00,0.0,27.080,0.002,0.760,43.879,0.00
1786271256,ingest,0.00,0.00,0.0,27.080,0.002,0.760,43.879,0.00
1786271261,ingest,0.00,0.00,0.0,27.080,0.002,0.760,43.879,0.00
1786271266,ingest,0.00,0.00,0.0,27.080,0.002,0.760,43.879,0.00
1786271272,ingest,0.00,0.00,0.0,27.080,0.002,0.760,43.881,0.00
1786271277,ingest,0.00,0.00,0.0,27.080,0.002,0.760,43.882,0.00
1786271282,ingest,0.00,0.00,0.0,27.080,0.002,0.760,43.881,0.00
1786271287,ingest,0.00,0.00,0.0,27.080,0.002,0.760,43.880,0.00
1786271292,ingest,0.00,0.00,0.0,27.080,0.002,0.760,43.881,0.00
1786271297,ingest,0.00,0.00,0.0,27.080,0.002,0.760,43.883,0.00
1786271302,ingest,0.00,0.00,0.0,27.080,0.002,0.760,43.884,0.00
1786271307,ingest,0.00,0.00,0.0,27.080,0.002,0.760,43.884,0.00
1786271312,ingest,0.00,0.00,0.0,27.080,0.002,0.760,43.887,0.00
1786271317,ingest,0.00,0.00,0.0,27.080,0.002,0.760,43.887,0.00
1786271322,ingest,0.00,0.00,0.0,27.080,0.002,0.760,43.886,0.00
1786271327,ingest,0.00,0.00,0.0,27.080,0.002,0.760,43.886,0.00
1786271332,ingest,0.00,0.00,0.0,27.080,0.002,0.760,43.887,0.00
1786271337,ingest,0.00,0.00,0.0,27.080,0.002,0.760,43.887,0.00
1786271342,ingest,0.00,0.00,0.0,27.080,0.002,0.760,43.887,0.00
1786271347,ingest,0.00,0.00,0.0,27.080,0.002,0.760,43.888,0.00
1786271352,ingest,0.00,0.00,0.0,27.080,0.002,0.760,43.887,0.00
1786271357,ingest,0.00,0.00,0.0,27.080,0.002,0.760,43.888,0.00
1786271362,ingest,0.00,0.00,0.0,27.080,0.002,0.760,43.889,0.00
1786271368,ingest,0.00,0.00,0.0,27.080,0.002,0.760,43.890,0.00
1786271373,ingest,0.00,0.00,0.0,27.080,0.002,0.760,43.889,0.00
1786271378,ingest,0.00,0.00,0.0,27.080,0.002,0.760,43.890,0.00
1786271383,ingest,0.00,0.00,0.0,27.080,0.002,0.760,43.891,0.00
1786271388,ingest,0.00,0.00,0.0,27.080,0.002,0.760,43.891,0.00
1786271393,ingest,0.00,0.00,0.0,27.080,0.002,0.760,43.890,0.00
1786271398,ingest,0.00,0.00,0.0,27.080,0.002,0.760,43.890,0.00
1786271403,ingest,0.00,0.00,0.0,27.080,0.002,0.760,43.891,0.00
1786271408,ingest,0.00,0.00,0.0,27.080,0.002,0.760,43.891,0.00
1786271413,ingest,0.00,0.00,0.0,27.080,0.002,0.760,43.892,0.00
1786271418,ingest,0.00,0.00,0.0,27.080,0.002,0.760,43.893,0.00
1786271423,ingest,0.00,0.00,0.0,27.080,0.002,0.760,43.895,0.00
1786271428,ingest,0.00,0.00,0.0,27.080,0.002,0.760,43.895,0.00
1786271433,ingest,0.00,0.00,0.0,27.080,0.002,0.760,43.898,0.00
1786271438,ingest,0.00,0.00,0.0,27.080,0.002,0.760,43.898,0.00
1786271443,ingest,0.00,0.00,0.0,27.080,0.002,0.760,43.895,0.00
1786271448,ingest,0.00,0.00,0.0,27.080,0.002,0.760,43.895,0.00
1786271453,ingest,0.00,0.00,0.0,27.080,0.002,0.760,43.894,0.00
1786271459,ingest,0.00,0.00,0.0,27.080,0.002,0.760,43.895,0.00
1786271464,ingest,0.00,0.00,0.0,27.080,0.002,0.760,43.897,0.00
1786271469,ingest,0.00,0.00,0.0,27.080,0.002,0.760,43.888,0.03
1786271474,ingest,0.00,0.00,0.0,27.080,0.002,0.760,43.888,0.00
1786271479,ingest,0.00,0.00,0.0,27.080,0.002,0.760,43.889,0.00
1786271484,ingest,0.00,0.00,0.0,27.080,0.002,0.760,43.890,0.00
1786271489,ingest,0.00,0.00,0.0,27.080,0.002,0.760,43.891,0.00
1786271494,ingest,0.00,0.00,0.0,27.080,0.002,0.760,43.892,0.00
1786271499,ingest,0.00,0.00,0.0,27.080,0.002,0.760,43.893,0.00
1786271504,ingest,0.00,0.00,0.0,27.080,0.002,0.760,43.891,0.00
1786271509,ingest,0.00,0.00,0.0,27.080,0.002,0.760,43.891,0.00
1786271514,ingest,0.00,0.00,0.0,27.080,0.002,0.760,43.891,0.00
1786271519,ingest,0.00,0.00,0.0,27.080,0.002,0.760,43.894,0.00
1786271524,ingest,0.00,0.00,0.0,27.080,0.002,0.760,43.894,0.00
1786271529,ingest,0.00,0.00,0.0,27.080,0.002,0.760,43.894,0.00
1786271534,ingest,0.00,0.00,0.0,27.080,0.002,0.760,43.894,0.00
1786271539,ingest,0.00,0.00,0.0,27.080,0.002,0.760,43.893,0.00
1786271544,ingest,0.00,0.00,0.0,27.080,0.002,0.760,43.892,0.00
1786271549,ingest,0.00,0.00,0.0,27.080,0.002,0.760,43.891,0.00
1786271555,ingest,0.00,0.00,0.0,27.080,0.002,0.760,43.891,0.00
1786271560,ingest,0.00,0.00,0.0,27.080,0.002,0.760,43.888,0.00
1786271565,ingest,0.00,0.00,0.0,27.080,0.002,0.760,43.888,0.00
1786271570,ingest,0.00,0.00,0.0,27.080,0.002,0.760,43.890,0.00
1786271575,ingest,0.00,0.00,0.0,27.080,0.002,0.760,43.890,0.00
1786271580,ingest,0.00,0.00,0.0,27.080,0.002,0.760,43.890,0.00
1786271585,ingest,0.00,0.00,0.0,27.080,0.002,0.760,43.890,0.00
1786271590,ingest,0.00,0.00,0.0,27.080,0.002,0.760,43.890,0.00
1786271595,ingest,0.00,0.00,0.0,27.080,0.002,0.760,43.890,0.00
1786271600,ingest,0.00,0.00,0.0,27.080,0.002,0.760,43.889,0.00
1786271605,ingest,0.00,0.00,0.0,27.080,0.002,0.760,43.889,0.00
1786271610,ingest,0.00,0.00,0.0,27.080,0.002,0.760,43.887,0.00
1786271615,ingest,0.00,0.00,0.0,27.080,0.002,0.760,43.887,0.00
1786271620,ingest,0.00,0.00,0.0,27.080,0.002,0.760,43.886,0.00
1786271625,ingest,0.00,0.00,0.0,27.080,0.002,0.760,43.885,0.00
1786271630,ingest,0.00,0.00,0.0,27.080,0.002,0.760,43.885,0.00
1786271635,ingest,0.00,0.00,0.0,27.080,0.002,0.760,43.885,0.00
1786271640,ingest,0.00,0.00,0.0,27.080,0.002,0.760,43.883,0.00
1786271646,ingest,0.00,0.00,0.0,27.080,0.002,0.760,43.883,0.00
1786271651,ingest,0.00,0.00,0.0,27.080,0.002,0.760,43.880,0.00
1786271656,ingest,0.00,0.00,0.0,27.080,0.002,0.760,43.880,0.00
1786271661,ingest,0.00,0.00,0.0,27.080,0.002,0.760,43.881,0.00
1786271666,ingest,0.00,0.00,0.0,27.080,0.002,0.760,43.881,0.00
1786271671,ingest,0.00,0.00,0.0,27.080,0.002,0.760,43.878,0.00
1786271676,ingest,0.00,0.00,0.0,27.080,0.002,0.760,43.878,0.00
1786271681,ingest,0.00,0.00,0.0,27.080,0.002,0.760,43.879,0.00
1786271686,ingest,0.00,0.00,0.0,27.080,0.002,0.760,43.879,0.00
1786271691,ingest,0.00,0.00,0.0,27.080,0.002,0.760,43.881,0.00
1786271696,ingest,0.00,0.00,0.0,27.080,0.002,0.760,43.881,0.00
1786271701,ingest,0.00,0.00,0.0,27.080,0.002,0.760,43.880,0.00
1786271706,ingest,0.00,0.00,0.0,27.080,0.002,0.760,43.881,0.00
1786271711,ingest,0.00,0.00,0.0,27.080,0.002,0.760,43.877,0.00
1786271716,ingest,0.00,0.00,0.0,27.080,0.002,0.760,43.878,0.00
1786271721,ingest,0.00,0.00,0.0,27.080,0.002,0.760,43.875,0.00
1786271726,ingest,0.00,0.00,0.0,27.080,0.002,0.760,43.876,0.00
1786271731,ingest,0.00,0.00,0.0,27.080,0.002,0.760,43.878,0.00
1786271737,ingest,0.00,0.00,0.0,27.080,0.002,0.760,43.878,0.00
1786271742,ingest,0.00,0.00,0.0,27.080,0.002,0.760,43.878,0.00
1786271747,ingest,0.00,0.00,0.0,27.080,0.002,0.760,43.879,0.00
1786271752,ingest,0.00,0.00,0.0,27.080,0.002,0.760,43.881,0.00
1786271757,ingest,0.00,0.00,0.0,27.080,0.002,0.760,43.882,0.00
1786271762,ingest,0.00,0.00,0.0,27.080,0.002,0.760,43.883,0.00
1786271767,ingest,0.00,0.00,0.0,27.080,0.002,0.760,43.884,0.00
1786271772,ingest,0.00,0.00,0.0,27.080,0.002,0.760,43.876,0.03
1786271777,ingest,0.00,0.00,0.0,27.080,0.002,0.760,43.875,0.00
1786271782,ingest,0.00,0.00,0.0,27.080,0.002,0.760,43.876,0.00
1786271787,ingest,0.00,0.00,0.0,27.080,0.002,0.760,43.876,0.00
1786271792,ingest,0.00,0.00,0.0,27.080,0.002,0.760,43.876,0.00
1786271797,ingest,0.00,0.00,0.0,27.080,0.002,0.760,43.876,0.00
1786271802,ingest,0.00,0.00,0.0,27.080,0.002,0.760,43.873,0.00
1786271807,ingest,0.00,0.00,0.0,27.080,0.002,0.760,43.874,0.00
1786271812,ingest,0.00,0.00,0.0,27.080,0.002,0.760,43.873,0.00
1786271817,ingest,0.00,0.00,0.0,27.080,0.002,0.760,43.874,0.00
1786271822,ingest,0.00,0.00,0.0,27.080,0.002,0.760,43.873,0.00
1786271827,ingest,0.00,0.00,0.0,27.080,0.002,0.760,43.874,0.00
1786271833,ingest,0.00,0.00,0.0,27.080,0.002,0.760,43.874,0.00
1786271838,ingest,0.00,0.00,0.0,27.080,0.002,0.760,43.875,0.00
1786271843,ingest,0.00,0.00,0.0,27.080,0.002,0.760,43.876,0.00
1786271848,ingest,0.00,0.00,0.0,27.080,0.002,0.760,43.877,0.00
1786271853,ingest,0.00,0.00,0.0,27.080,0.002,0.760,43.876,0.00
1786271858,ingest,0.00,0.00,0.0,27.080,0.002,0.760,43.877,0.00
1786271863,ingest,0.00,0.00,0.0,27.080,0.002,0.760,43.877,0.00
1786271868,ingest,0.00,0.00,0.0,27.080,0.002,0.760,43.877,0.00
1786271873,ingest,0.00,0.00,0.0,27.080,0.002,0.760,43.870,0.00
1786271878,ingest,0.00,0.00,0.0,27.080,0.002,0.760,43.877,0.00
1786271883,ingest,0.00,0.00,0.0,27.080,0.002,0.760,43.877,0.00
1786271888,ingest,0.00,0.00,0.0,27.080,0.002,0.760,43.879,0.00
1786271893,ingest,0.00,0.00,0.0,27.080,0.002,0.760,43.879,0.00
1786271898,ingest,0.00,0.00,0.0,27.080,0.002,0.760,43.883,0.00
1786271903,ingest,0.00,0.00,0.0,27.080,0.002,0.760,43.883,0.00
1786271908,ingest,0.00,0.00,0.0,27.080,0.002,0.760,43.878,0.00
1786271913,ingest,0.00,0.00,0.0,27.080,0.002,0.760,43.879,0.00
1786271918,ingest,0.00,0.00,0.0,27.080,0.002,0.760,43.875,0.00
1786271924,ingest,0.00,0.00,0.0,27.080,0.002,0.760,43.876,0.00
1786271929,ingest,0.00,0.00,0.0,27.080,0.002,0.760,43.879,0.00
1786271934,ingest,0.00,0.00,0.0,27.080,0.002,0.760,43.880,0.00
1786271939,ingest,0.00,0.00,0.0,27.080,0.002,0.760,43.879,0.00
1786271944,ingest,0.00,0.00,0.0,27.080,0.002,0.760,43.880,0.00
1786271949,ingest,0.00,0.00,0.0,27.080,0.002,0.760,43.878,0.00
1786271954,ingest,0.00,0.00,0.0,27.080,0.002,0.760,43.878,0.00
1786271959,ingest,0.00,0.00,0.0,27.080,0.002,0.760,43.874,0.00
1786271964,ingest,0.00,0.00,0.0,27.080,0.002,0.760,43.875,0.00
1786271969,ingest,0.00,0.00,0.0,27.080,0.002,0.760,43.874,0.00
1786271974,ingest,0.00,0.00,0.0,27.080,0.002,0.760,43.875,0.00
1786271979,ingest,0.00,0.00,0.0,27.080,0.002,0.760,43.875,0.00
1786271984,ingest,0.00,0.00,0.0,27.080,0.002,0.760,43.876,0.00
1786271989,ingest,0.00,0.00,0.0,27.080,0.002,0.760,43.876,0.00
1786271994,ingest,0.00,0.00,0.0,27.080,0.002,0.760,43.877,0.00
1786271999,ingest,0.00,0.00,0.0,27.080,0.002,0.760,43.881,0.00
1786272004,ingest,0.00,0.00,0.0,27.080,0.002,0.760,43.882,0.00
1786272009,ingest,0.00,0.00,0.0,27.080,0.002,0.760,43.878,0.00
1786272014,ingest,0.00,0.00,0.0,27.080,0.002,0.760,43.879,0.00
1786272020,ingest,0.00,0.00,0.0,27.080,0.002,0.760,43.879,0.00
1786272025,ingest,0.00,0.00,0.0,27.080,0.002,0.760,43.880,0.00
1786272030,ingest,0.00,0.00,0.0,27.080,0.002,0.760,43.884,0.00
1786272035,ingest,0.00,0.00,0.0,27.080,0.002,0.760,43.885,0.00
1786272040,ingest,0.00,0.00,0.0,27.080,0.002,0.760,43.888,0.00
1786272045,ingest,0.00,0.00,0.0,27.080,0.002,0.760,43.888,0.00
1786272050,ingest,0.00,0.00,0.0,27.080,0.002,0.760,43.887,0.00
1786272055,ingest,0.00,0.00,0.0,27.080,0.002,0.760,43.888,0.00
1786272060,ingest,0.00,0.00,0.0,27.080,0.002,0.760,43.887,0.00
1786272065,ingest,0.00,0.00,0.0,27.080,0.002,0.760,43.887,0.00
1786272070,ingest,0.00,0.00,0.0,27.080,0.002,0.760,43.876,0.03
1786272075,ingest,0.00,0.00,0.0,27.080,0.002,0.760,43.877,0.00
1786272080,ingest,0.00,0.00,0.0,27.080,0.002,0.760,43.880,0.00
1786272085,ingest,0.00,0.00,0.0,27.080,0.002,0.760,43.881,0.00
1786272090,ingest,0.00,0.00,0.0,27.080,0.002,0.760,43.876,0.00
1786272095,ingest,0.00,0.00,0.0,27.080,0.002,0.760,43.877,0.00
1786272100,ingest,0.00,0.00,0.0,27.080,0.002,0.760,43.875,0.00
1786272105,ingest,0.00,0.00,0.0,27.080,0.002,0.760,43.876,0.00
1786272111,ingest,0.00,0.00,0.0,27.080,0.002,0.760,43.875,0.00
1786272116,ingest,0.00,0.00,0.0,27.080,0.002,0.760,43.876,0.00
1786272121,ingest,0.00,0.00,0.0,27.080,0.002,0.760,43.879,0.00
1786272126,ingest,0.00,0.00,0.0,27.080,0.002,0.760,43.880,0.00
1786272131,ingest,0.00,0.00,0.0,27.080,0.002,0.760,43.880,0.00
1786272136,ingest,0.00,0.00,0.0,27.080,0.002,0.760,43.881,0.00
1786272141,ingest,0.00,0.00,0.0,27.080,0.002,0.760,43.878,0.00
1786272146,ingest,0.00,0.00,0.0,27.080,0.002,0.760,43.880,0.00
1786272151,ingest,0.00,0.00,0.0,27.080,0.002,0.760,43.880,0.00
1786272156,ingest,0.00,0.00,0.0,27.080,0.002,0.760,43.881,0.00
1786272161,ingest,0.00,0.00,0.0,27.080,0.002,0.760,43.879,0.00
1786272166,ingest,0.00,0.00,0.0,27.080,0.002,0.760,43.880,0.00
1786272171,ingest,0.00,0.00,0.0,27.080,0.002,0.760,43.882,0.00
1786272176,ingest,0.00,0.00,0.0,27.080,0.002,0.760,43.882,0.00
1786272181,ingest,0.00,0.00,0.0,27.080,0.002,0.760,43.880,0.00
1786272186,ingest,0.00,0.00,0.0,27.080,0.002,0.760,43.881,0.00
1786272191,ingest,0.00,0.00,0.0,27.080,0.002,0.760,43.876,0.00
1786272196,ingest,0.00,0.00,0.0,27.080,0.002,0.760,43.877,0.00
1786272201,ingest,0.00,0.00,0.0,27.080,0.002,0.760,43.877,0.00
1786272207,ingest,0.00,0.00,0.0,27.080,0.002,0.760,43.878,0.00
1786272212,ingest,0.00,0.00,0.0,27.080,0.002,0.760,43.872,0.00
1786272217,ingest,0.00,0.00,0.0,27.080,0.002,0.760,43.872,0.00
1786272222,ingest,0.00,0.00,0.0,27.080,0.002,0.760,43.876,0.00
1786272227,ingest,0.00,0.00,0.0,27.080,0.002,0.760,43.877,0.00
1786272232,ingest,0.00,0.00,0.0,27.080,0.002,0.760,43.879,0.00
1786272237,ingest,0.00,0.00,0.0,27.080,0.002,0.760,43.878,0.00
1786272242,ingest,0.00,0.00,0.0,27.080,0.002,0.760,43.880,0.00
1786272247,ingest,0.00,0.00,0.0,27.080,0.002,0.760,43.884,0.00
1786272252,ingest,0.00,0.00,0.0,27.080,0.002,0.760,43.884,0.00
1786272257,ingest,0.00,0.00,0.0,27.080,0.002,0.760,43.885,0.00
1786272262,ingest,0.00,0.00,0.0,27.080,0.002,0.760,43.886,0.00
1786272267,ingest,0.00,0.00,0.0,27.080,0.002,0.760,43.886,0.00
1786272272,ingest,0.00,0.00,0.0,27.080,0.002,0.760,43.888,0.00
1786272277,ingest,0.00,0.00,0.0,27.080,0.002,0.760,43.886,0.00
1786272282,ingest,0.00,0.00,0.0,27.080,0.002,0.760,43.887,0.00
1786272287,ingest,0.00,0.00,0.0,27.080,0.002,0.760,43.886,0.00
1786272292,ingest,0.00,0.00,0.0,27.080,0.002,0.760,43.886,0.00
1786272297,ingest,0.00,0.00,0.0,27.080,0.002,0.760,43.882,0.00
1786272303,ingest,0.00,0.00,0.0,27.080,0.002,0.760,43.882,0.00
1786272308,ingest,0.00,0.00,0.0,27.080,0.002,0.760,43.884,0.00
1786272313,ingest,0.00,0.00,0.0,27.080,0.002,0.760,43.885,0.00
1786272318,ingest,0.00,0.00,0.0,27.080,0.002,0.760,43.885,0.00
1786272323,ingest,0.00,0.00,0.0,27.080,0.002,0.760,43.885,0.00
1786272328,ingest,0.00,0.00,0.0,27.080,0.002,0.760,43.886,0.00
1786272333,ingest,0.00,0.00,0.0,27.080,0.002,0.760,43.886,0.00
1786272338,ingest,0.00,0.00,0.0,27.080,0.002,0.760,43.887,0.00
1786272343,ingest,0.00,0.00,0.0,27.080,0.002,0.760,43.887,0.00
1786272348,ingest,0.00,0.00,0.0,27.080,0.002,0.760,43.885,0.00
1786272353,ingest,0.00,0.00,0.0,27.080,0.002,0.760,43.885,0.00
1786272358,ingest,0.00,0.00,0.0,27.080,0.002,0.760,43.880,0.00
1786272363,ingest,0.00,0.00,0.0,27.080,0.002,0.760,43.880,0.00
1786272368,ingest,0.00,0.00,0.0,27.080,0.002,0.760,43.871,0.02
1786272373,ingest,0.00,0.00,0.0,27.080,0.002,0.760,43.871,0.01
1786272378,ingest,0.00,0.00,0.0,27.080,0.002,0.760,43.874,0.00
1786272383,ingest,0.00,0.00,0.0,27.080,0.002,0.760,43.874,0.00
1786272388,ingest,0.00,0.00,0.0,27.080,0.002,0.760,43.870,0.00
1786272394,ingest,0.00,0.00,0.0,27.080,0.002,0.760,43.871,0.00
1786272399,ingest,0.00,0.00,0.0,27.080,0.002,0.760,43.874,0.00
1786272404,ingest,0.00,0.00,0.0,27.080,0.002,0.760,43.874,0.00
1786272409,ingest,0.00,0.00,0.0,27.080,0.002,0.760,43.877,0.00
1786272414,ingest,0.00,0.00,0.0,27.080,0.002,0.760,43.878,0.00
1786272419,ingest,0.00,0.00,0.0,27.080,0.002,0.760,43.873,0.00
1786272424,ingest,0.00,0.00,0.0,27.080,0.002,0.760,43.873,0.00
1786272429,ingest,0.00,0.00,0.0,27.080,0.002,0.760,43.878,0.00
1786272434,ingest,0.00,0.00,0.0,27.080,0.002,0.760,43.879,0.00
1786272439,ingest,0.00,0.00,0.0,27.080,0.002,0.760,43.876,0.00
1786272444,ingest,0.00,0.00,0.0,27.080,0.002,0.760,43.876,0.00
1786272449,ingest,0.00,0.00,0.0,27.080,0.002,0.760,43.873,0.00
1786272454,ingest,0.00,0.00,0.0,27.080,0.002,0.760,43.874,0.00
1786272459,ingest,0.00,0.00,0.0,27.080,0.002,0.760,43.870,0.00
1786272464,ingest,0.00,0.00,0.0,27.080,0.002,0.760,43.870,0.00
1786272469,ingest,0.00,0.00,0.0,27.080,0.002,0.760,43.873,0.00
1786272474,ingest,0.00,0.00,0.0,27.080,0.002,0.760,43.874,0.00
1786272479,ingest,0.00,0.00,0.0,27.080,0.002,0.760,43.875,0.00
1786272485,ingest,0.00,0.00,0.0,27.080,0.002,0.760,43.877,0.00
1786272490,ingest,0.00,0.00,0.0,27.080,0.002,0.760,43.876,0.00
1786272495,ingest,0.00,0.00,0.0,27.080,0.002,0.760,43.877,0.00
1786272500,ingest,0.00,0.00,0.0,27.080,0.002,0.760,43.877,0.00
1786272505,ingest,0.00,0.00,0.0,27.080,0.002,0.760,43.879,0.00
1786272510,ingest,0.00,0.00,0.0,27.080,0.002,0.760,43.878,0.00
1786272515,ingest,0.00,0.00,0.0,27.080,0.002,0.760,43.880,0.00
1786272520,ingest,0.00,0.00,0.0,27.080,0.002,0.760,43.874,0.00
1786272525,ingest,0.00,0.00,0.0,27.080,0.002,0.760,43.875,0.00
1786272530,ingest,0.00,0.00,0.0,27.080,0.002,0.760,43.877,0.00
1786272535,ingest,0.00,0.00,0.0,27.080,0.002,0.760,43.878,0.00
1786272540,ingest,0.00,0.00,0.0,27.080,0.002,0.760,43.874,0.00
1786272545,ingest,0.00,0.00,0.0,27.080,0.002,0.760,43.875,0.00
1786272550,ingest,0.00,0.00,0.0,27.080,0.002,0.760,43.880,0.00
1786272555,ingest,0.00,0.00,0.0,27.080,0.002,0.760,43.881,0.00
1786272560,ingest,0.00,0.00,0.0,27.080,0.002,0.760,43.882,0.00
1786272565,ingest,0.00,0.00,0.0,27.080,0.002,0.760,43.882,0.00
1786272570,ingest,0.00,0.00,0.0,27.080,0.002,0.760,43.884,0.00
1786272575,ingest,0.00,0.00,0.0,27.080,0.002,0.760,43.884,0.00
1786272581,ingest,0.00,0.00,0.0,27.080,0.002,0.760,43.884,0.00
1786272586,ingest,0.00,0.00,0.0,27.080,0.002,0.760,43.885,0.00
1786272591,ingest,0.00,0.00,0.0,27.080,0.002,0.760,43.885,0.00
1786272596,ingest,0.00,0.00,0.0,27.080,0.002,0.760,43.886,0.00
1786272601,ingest,0.00,0.00,0.0,27.080,0.002,0.760,43.887,0.00
1786272606,ingest,0.00,0.00,0.0,27.080,0.002,0.760,43.889,0.00
1786272611,ingest,0.00,0.00,0.0,27.080,0.002,0.760,43.889,0.00
1786272616,ingest,0.00,0.00,0.0,27.080,0.002,0.760,43.888,0.00
1786272621,ingest,0.00,0.00,0.0,27.080,0.002,0.760,43.888,0.00
1786272626,ingest,0.00,0.00,0.0,27.080,0.002,0.760,43.883,0.00
1786272631,ingest,0.00,0.00,0.0,27.080,0.002,0.760,43.884,0.00
1786272636,ingest,0.00,0.00,0.0,27.080,0.002,0.760,43.884,0.00
1786272641,ingest,0.00,0.00,0.0,27.080,0.002,0.760,43.884,0.00
1786272646,ingest,0.00,0.00,0.0,27.080,0.002,0.760,43.883,0.00
1786272651,ingest,0.00,0.00,0.0,27.080,0.002,0.760,43.884,0.00
1786272656,ingest,0.00,0.00,0.0,27.080,0.002,0.760,43.881,0.00
1786272661,ingest,0.00,0.00,0.0,27.080,0.002,0.760,43.880,0.00
1786272666,ingest,0.00,0.00,0.0,27.080,0.002,0.760,43.877,0.00
1786272671,ingest,0.00,0.00,0.0,27.080,0.002,0.760,43.870,0.03
1786272677,ingest,0.00,0.00,0.0,27.080,0.002,0.760,43.868,0.00
1786272682,ingest,0.00,0.00,0.0,27.080,0.002,0.760,43.868,0.00
1786272687,ingest,0.00,0.00,0.0,27.080,0.002,0.760,43.869,0.00
1786272692,ingest,0.00,0.00,0.0,27.080,0.002,0.760,43.870,0.00
1786272697,ingest,0.00,0.00,0.0,27.080,0.002,0.760,43.871,0.00
1786272702,ingest,0.00,0.00,0.0,27.080,0.002,0.760,43.871,0.00
1786272707,ingest,0.00,0.00,0.0,27.080,0.002,0.760,43.870,0.00
1786272712,ingest,0.00,0.00,0.0,27.080,0.002,0.760,43.871,0.00
1786272717,ingest,0.00,0.00,0.0,27.080,0.002,0.760,43.872,0.00
1786272722,ingest,0.00,0.00,0.0,27.080,0.002,0.760,43.874,0.00
1786272727,ingest,0.00,0.00,0.0,27.080,0.002,0.760,43.877,0.00
1786272732,ingest,0.00,0.00,0.0,27.080,0.002,0.760,43.877,0.00
1786272737,ingest,0.00,0.00,0.0,27.080,0.002,0.760,43.882,0.00
1786272742,ingest,0.00,0.00,0.0,27.080,0.002,0.760,43.882,0.00
1786272747,ingest,0.00,0.00,0.0,27.080,0.002,0.760,43.885,0.00
1786272752,ingest,0.00,0.00,0.0,27.080,0.002,0.760,43.884,0.00
1786272757,ingest,0.00,0.00,0.0,27.080,0.002,0.760,43.883,0.00
1786272762,ingest,0.00,0.00,0.0,27.080,0.002,0.760,43.883,0.00
1786272768,ingest,0.00,0.00,0.0,27.080,0.002,0.760,43.885,0.00
1786272773,ingest,0.00,0.00,0.0,27.080,0.002,0.760,43.884,0.00
1786272778,ingest,0.00,0.00,0.0,27.080,0.002,0.760,43.884,0.00
1786272783,ingest,0.00,0.00,0.0,27.080,0.002,0.760,43.885,0.00
1786272788,ingest,0.00,0.00,0.0,27.080,0.002,0.760,43.882,0.00
1786272793,ingest,0.00,0.00,0.0,27.080,0.002,0.760,43.882,0.00
1786272798,ingest,0.00,0.00,0.0,27.080,0.002,0.760,43.882,0.00
1786272803,ingest,0.00,0.00,0.0,27.080,0.002,0.760,43.882,0.00
1786272808,ingest,0.00,0.00,0.0,27.080,0.002,0.760,43.883,0.00
1786272813,ingest,0.00,0.00,0.0,27.080,0.002,0.760,43.884,0.00
1786272818,ingest,0.00,0.00,0.0,27.080,0.002,0.760,43.884,0.00
1786272823,ingest,0.00,0.00,0.0,27.080,0.002,0.760,43.884,0.00
1786272828,ingest,0.00,0.00,0.0,27.080,0.002,0.760,43.884,0.00
1786272833,ingest,0.00,0.00,0.0,27.080,0.002,0.760,43.885,0.00
1786272838,ingest,0.00,0.00,0.0,27.080,0.002,0.760,43.885,0.00
1786272843,ingest,0.00,0.00,0.0,27.080,0.002,0.760,43.885,0.00
1786272848,ingest,0.00,0.00,0.0,27.080,0.002,0.760,43.883,0.00
1786272853,ingest,0.00,0.00,0.0,27.080,0.002,0.760,43.885,0.00
1786272858,ingest,0.00,0.00,0.0,27.080,0.002,0.760,43.886,0.00
1786272864,ingest,0.00,0.00,0.0,27.080,0.002,0.760,43.886,0.00
1786272869,ingest,0.00,0.00,0.0,27.080,0.002,0.760,43.885,0.00
1786272874,ingest,0.00,0.00,0.0,27.080,0.002,0.760,43.886,0.00
1786272879,ingest,0.00,0.00,0.0,27.080,0.002,0.760,43.884,0.00
1786272884,ingest,0.00,0.00,0.0,27.080,0.002,0.760,43.884,0.00
1786272889,ingest,0.00,0.00,0.0,27.080,0.002,0.760,43.885,0.00
1786272894,ingest,0.00,0.00,0.0,27.080,0.002,0.760,43.886,0.00
1786272899,ingest,0.00,0.00,0.0,27.080,0.002,0.760,43.885,0.00
1786272904,ingest,0.00,0.00,0.0,27.080,0.002,0.760,43.884,0.00
1786272909,ingest,0.00,0.00,0.0,27.080,0.002,0.760,43.884,0.00
1786272914,ingest,0.00,0.00,0.0,27.080,0.002,0.760,43.884,0.00
1786272919,ingest,0.00,0.00,0.0,27.080,0.002,0.760,43.885,0.00
1786272924,ingest,0.00,0.00,0.0,27.080,0.002,0.760,43.885,0.00
1786272929,ingest,0.00,0.00,0.0,27.080,0.002,0.760,43.885,0.00
1786272934,ingest,0.00,0.00,0.0,27.080,0.002,0.760,43.886,0.00
1786272939,ingest,0.00,0.00,0.0,27.080,0.002,0.760,43.885,0.00
1786272944,ingest,0.00,0.00,0.0,27.080,0.002,0.760,43.885,0.00
1786272949,ingest,0.00,0.00,0.0,27.080,0.002,0.760,43.885,0.00
1786272954,ingest,0.00,0.00,0.0,27.080,0.002,0.760,43.886,0.00
1786272960,ingest,0.00,0.00,0.0,27.080,0.002,0.760,43.886,0.00
1786272965,ingest,0.00,0.00,0.0,27.080,0.002,0.760,43.886,0.00
1786272970,ingest,0.00,0.00,0.0,27.080,0.002,0.760,43.878,0.03
1786272975,ingest,0.00,0.00,0.0,27.080,0.002,0.760,43.880,0.00
1786272980,ingest,0.00,0.00,0.0,27.080,0.002,0.760,43.880,0.00
1786272985,ingest,0.00,0.00,0.0,27.080,0.002,0.760,43.875,0.00
1786272990,ingest,0.00,0.00,0.0,27.080,0.002,0.760,43.876,0.00
1786272995,ingest,0.00,0.00,0.0,27.080,0.002,0.760,43.880,0.00
1786273000,ingest,0.00,0.00,0.0,27.080,0.002,0.760,43.880,0.00
1786273005,ingest,0.00,0.00,0.0,27.080,0.002,0.760,43.878,0.00
1786273010,ingest,0.00,0.00,0.0,27.080,0.002,0.760,43.878,0.00
1786273015,ingest,0.00,0.00,0.0,27.080,0.002,0.760,43.877,0.00
1786273020,ingest,0.00,0.00,0.0,27.080,0.002,0.760,43.878,0.00
1786273025,ingest,0.00,0.00,0.0,27.080,0.002,0.760,43.880,0.00
1786273030,ingest,0.00,0.00,0.0,27.080,0.002,0.760,43.881,0.00
1786273035,ingest,0.00,0.00,0.0,27.080,0.002,0.760,43.880,0.00
1786273040,ingest,0.00,0.00,0.0,27.080,0.002,0.760,43.880,0.00
1786273045,ingest,0.00,0.00,0.0,27.080,0.002,0.760,43.883,0.00
1786273050,ingest,0.00,0.00,0.0,27.080,0.002,0.760,43.883,0.00
1786273056,ingest,0.00,0.00,0.0,27.080,0.002,0.760,43.885,0.00
1786273061,ingest,0.00,0.00,0.0,27.080,0.002,0.760,43.885,0.00
1786273066,ingest,0.00,0.00,0.0,27.080,0.002,0.760,43.883,0.00
1786273071,ingest,0.00,0.00,0.0,27.080,0.002,0.760,43.883,0.00
1786273076,ingest,0.00,0.00,0.0,27.080,0.002,0.760,43.883,0.00
1786273081,ingest,0.00,0.00,0.0,27.080,0.002,0.760,43.883,0.00
1786273086,ingest,0.00,0.00,0.0,27.080,0.002,0.760,43.884,0.00
1786273091,ingest,0.00,0.00,0.0,27.080,0.002,0.760,43.884,0.00
1786273096,ingest,0.00,0.00,0.0,27.080,0.002,0.760,43.881,0.00
1786273101,ingest,0.00,0.00,0.0,27.080,0.002,0.760,43.881,0.00
1786273106,ingest,0.00,0.00,0.0,27.080,0.002,0.760,43.879,0.00
1786273111,ingest,0.00,0.00,0.0,27.080,0.002,0.760,43.880,0.00
1786273116,ingest,0.00,0.00,0.0,27.080,0.002,0.760,43.877,0.00
1786273121,ingest,0.00,0.00,0.0,27.080,0.002,0.760,43.878,0.00
1786273126,ingest,0.00,0.00,0.0,27.080,0.002,0.760,43.879,0.00
1786273131,ingest,0.00,0.00,0.0,27.080,0.002,0.760,43.880,0.00
1786273136,ingest,0.00,0.00,0.0,27.080,0.002,0.760,43.881,0.00
1786273141,ingest,0.00,0.00,0.0,27.080,0.002,0.760,43.881,0.00
1786273146,ingest,0.00,0.00,0.0,27.080,0.002,0.760,43.882,0.00
1786273152,ingest,0.00,0.00,0.0,27.080,0.002,0.760,43.882,0.00
1786273157,ingest,0.00,0.00,0.0,27.080,0.002,0.760,43.881,0.00
1786273162,ingest,0.00,0.00,0.0,27.080,0.002,0.760,43.880,0.00
1786273167,ingest,0.00,0.00,0.0,27.080,0.002,0.760,43.877,0.00
1786273172,ingest,0.00,0.00,0.0,27.080,0.002,0.760,43.878,0.00
1786273177,ingest,0.00,0.00,0.0,27.080,0.002,0.760,43.877,0.00
1786273182,ingest,0.00,0.00,0.0,27.080,0.002,0.760,43.878,0.00
1786273187,ingest,0.00,0.00,0.0,27.080,0.002,0.760,43.876,0.00
1786273192,ingest,0.00,0.00,0.0,27.080,0.002,0.760,43.876,0.00
1786273197,ingest,0.00,0.00,0.0,27.080,0.002,0.760,43.876,0.00
1786273202,ingest,0.00,0.00,0.0,27.080,0.002,0.760,43.877,0.00
1786273207,ingest,0.00,0.00,0.0,27.080,0.002,0.760,43.879,0.00
1786273212,ingest,0.00,0.00,0.0,27.080,0.002,0.760,43.879,0.00
1786273217,ingest,0.00,0.00,0.0,27.080,0.002,0.760,43.876,0.00
1786273222,ingest,0.00,0.00,0.0,27.080,0.002,0.760,43.876,0.00
1786273227,ingest,0.00,0.00,0.0,27.080,0.002,0.760,43.878,0.00
1786273232,ingest,0.00,0.00,0.0,27.080,0.002,0.760,43.879,0.00
1786273237,ingest,0.00,0.00,0.0,27.080,0.002,0.760,43.880,0.00
1786273243,ingest,0.00,0.00,0.0,27.080,0.002,0.760,43.882,0.00
1786273248,ingest,0.00,0.00,0.0,27.080,0.002,0.760,43.883,0.00
1786273253,ingest,0.00,0.00,0.0,27.080,0.002,0.760,43.884,0.00
1786273258,ingest,0.00,0.00,0.0,27.080,0.002,0.760,43.881,0.00
1786273263,ingest,0.00,0.00,0.0,27.080,0.002,0.760,43.881,0.00
1786273268,ingest,0.00,0.00,0.0,27.080,0.002,0.760,43.872,0.02
1786273273,ingest,0.00,0.00,0.0,27.080,0.002,0.760,43.872,0.01
1786273278,ingest,0.00,0.00,0.0,27.080,0.002,0.760,43.870,0.00
1786273283,ingest,0.00,0.00,0.0,27.080,0.002,0.760,43.870,0.00
1786273288,ingest,0.00,0.00,0.0,27.080,0.002,0.760,43.872,0.00
1786273293,ingest,0.00,0.00,0.0,27.080,0.002,0.760,43.870,0.00
1786273298,ingest,0.00,0.00,0.0,27.080,0.002,0.760,43.873,0.00
1786273303,ingest,0.00,0.00,0.0,27.080,0.002,0.760,43.876,0.00
1786273308,ingest,0.00,0.00,0.0,27.080,0.002,0.760,43.874,0.00
1786273313,ingest,0.00,0.00,0.0,27.080,0.002,0.760,43.874,0.00
1786273318,ingest,0.00,0.00,0.0,27.080,0.002,0.760,43.877,0.00
1786273323,ingest,0.00,0.00,0.0,27.080,0.002,0.760,43.878,0.00
1786273328,ingest,0.00,0.00,0.0,27.080,0.002,0.760,43.873,0.00
1786273334,ingest,0.00,0.00,0.0,27.080,0.002,0.760,43.874,0.00
1786273339,ingest,0.00,0.00,0.0,27.080,0.002,0.760,43.874,0.00
1786273344,ingest,0.00,0.00,0.0,27.080,0.002,0.760,43.876,0.00
1786273349,ingest,0.00,0.00,0.0,27.080,0.002,0.760,43.876,0.00
1786273354,ingest,0.00,0.00,0.0,27.080,0.002,0.760,43.876,0.00
1786273359,ingest,0.00,0.00,0.0,27.080,0.002,0.760,43.875,0.00
1786273364,ingest,0.00,0.00,0.0,27.080,0.002,0.760,43.875,0.00
1786273369,ingest,0.00,0.00,0.0,27.080,0.002,0.760,43.875,0.00
1786273374,ingest,0.00,0.00,0.0,27.080,0.002,0.760,43.877,0.00
1786273379,ingest,0.00,0.00,0.0,27.080,0.002,0.760,43.877,0.00
1786273384,ingest,0.00,0.00,0.0,27.080,0.002,0.760,43.831,0.00
1786273389,ingest,0.00,0.00,0.0,27.080,0.002,0.760,43.874,0.00
1786273394,ingest,0.00,0.00,0.0,27.080,0.002,0.760,43.878,0.00
1786273399,ingest,0.00,0.00,0.0,27.080,0.002,0.760,43.879,0.00
1786273404,ingest,0.00,0.00,0.0,27.080,0.002,0.760,43.880,0.00
1786273409,ingest,0.00,0.00,0.0,27.080,0.002,0.760,43.881,0.00
1786273414,ingest,0.00,0.00,0.0,27.080,0.002,0.760,43.881,0.00
1786273419,ingest,0.00,0.00,0.0,27.080,0.002,0.760,43.881,0.00
1786273424,ingest,0.00,0.00,0.0,27.080,0.002,0.760,43.883,0.00
1786273430,ingest,0.00,0.00,0.0,27.080,0.002,0.760,43.884,0.00
1786273435,ingest,0.00,0.00,0.0,27.080,0.002,0.760,43.885,0.00
1786273440,ingest,0.00,0.00,0.0,27.080,0.002,0.760,43.885,0.00
1786273445,ingest,0.00,0.00,0.0,27.080,0.002,0.760,43.888,0.00
1786273450,ingest,0.00,0.00,0.0,27.080,0.002,0.760,43.888,0.00
1786273455,ingest,0.00,0.00,0.0,27.080,0.002,0.760,43.888,0.00
1786273460,ingest,0.00,0.00,0.0,27.080,0.002,0.760,43.888,0.00
1786273465,ingest,0.00,0.00,0.0,27.080,0.002,0.760,43.891,0.00
1786273470,ingest,0.00,0.00,0.0,27.080,0.002,0.760,43.891,0.00
1786273475,ingest,0.00,0.00,0.0,27.080,0.002,0.760,43.893,0.00
1786273480,ingest,0.00,0.00,0.0,27.080,0.002,0.760,43.892,0.00
1786273485,ingest,0.00,0.00,0.0,27.080,0.002,0.760,43.891,0.00
1786273490,ingest,0.00,0.00,0.0,27.080,0.002,0.760,43.891,0.00
1786273495,ingest,0.00,0.00,0.0,27.080,0.002,0.760,43.891,0.00
1786273500,ingest,0.00,0.00,0.0,27.080,0.002,0.760,43.891,0.00
1786273505,ingest,0.00,0.00,0.0,27.080,0.002,0.760,43.893,0.00
1786273510,ingest,0.00,0.00,0.0,27.080,0.002,0.760,43.892,0.00
1786273515,ingest,0.00,0.00,0.0,27.080,0.002,0.760,43.894,0.00
1786273520,ingest,0.00,0.00,0.0,27.080,0.002,0.760,43.894,0.00
1786273526,ingest,0.00,0.00,0.0,27.080,0.002,0.760,43.892,0.00
1786273531,ingest,0.00,0.00,0.0,27.080,0.002,0.760,43.891,0.00
1786273536,ingest,0.00,0.00,0.0,27.080,0.002,0.760,43.892,0.00
1786273541,ingest,0.00,0.00,0.0,27.080,0.002,0.760,43.892,0.00
1786273546,ingest,0.00,0.00,0.0,27.080,0.002,0.760,43.890,0.00
1786273551,ingest,0.00,0.00,0.0,27.080,0.002,0.760,43.891,0.00
1786273556,ingest,0.00,0.00,0.0,27.080,0.002,0.760,43.889,0.00
1786273561,ingest,0.00,0.00,0.0,27.080,0.002,0.760,43.890,0.00
1786273566,ingest,0.00,0.00,0.0,27.080,0.002,0.760,43.892,0.00
1786273571,ingest,0.00,0.00,0.0,27.080,0.002,0.760,43.888,0.03
1786273576,ingest,0.00,0.00,0.0,27.080,0.002,0.760,43.889,0.00
1786273581,ingest,0.00,0.00,0.0,27.080,0.002,0.760,43.890,0.00
1786273586,ingest,0.00,0.00,0.0,27.080,0.002,0.760,43.891,0.00
1786273591,ingest,0.00,0.00,0.0,27.080,0.002,0.760,43.891,0.00
1786273596,ingest,0.00,0.00,0.0,27.080,0.002,0.760,43.890,0.00
1786273601,ingest,0.00,0.00,0.0,27.080,0.002,0.760,43.890,0.00
1786273606,ingest,0.00,0.00,0.0,27.080,0.002,0.760,43.889,0.00
1786273611,ingest,0.00,0.00,0.0,27.080,0.002,0.760,43.889,0.00
1786273617,ingest,0.00,0.00,0.0,27.080,0.002,0.760,43.890,0.00
1786273622,ingest,0.00,0.00,0.0,27.080,0.002,0.760,43.890,0.00
1786273627,ingest,0.00,0.00,0.0,27.080,0.002,0.760,43.890,0.00
1786273632,ingest,0.00,0.00,0.0,27.080,0.002,0.760,43.891,0.00
1786273637,ingest,0.00,0.00,0.0,27.080,0.002,0.760,43.890,0.00
1786273642,ingest,0.00,0.00,0.0,27.080,0.002,0.760,43.890,0.00
1786273647,ingest,0.00,0.00,0.0,27.080,0.002,0.760,43.889,0.00
1786273652,ingest,0.00,0.00,0.0,27.080,0.002,0.760,43.889,0.00
1786273657,ingest,0.00,0.00,0.0,27.080,0.002,0.760,43.890,0.00
1786273662,ingest,0.00,0.00,0.0,27.080,0.002,0.760,43.890,0.00
1786273667,ingest,0.00,0.00,0.0,27.080,0.002,0.760,43.891,0.00
1786273672,ingest,0.00,0.00,0.0,27.080,0.002,0.760,43.891,0.00
1786273677,ingest,0.00,0.00,0.0,27.080,0.002,0.760,43.890,0.00
1786273682,ingest,0.00,0.00,0.0,27.080,0.002,0.760,43.891,0.00
1786273687,ingest,0.00,0.00,0.0,27.080,0.002,0.760,43.890,0.00
1786273692,ingest,0.00,0.00,0.0,27.080,0.002,0.760,43.891,0.00
1786273697,ingest,0.00,0.00,0.0,27.080,0.002,0.760,43.892,0.00
1786273702,ingest,0.00,0.00,0.0,27.080,0.002,0.760,43.893,0.00
1786273707,ingest,0.00,0.00,0.0,27.080,0.002,0.760,43.893,0.00
1786273713,ingest,0.00,0.00,0.0,27.080,0.002,0.760,43.893,0.00
1786273718,ingest,0.00,0.00,0.0,27.080,0.002,0.760,43.893,0.00
1786273723,ingest,0.00,0.00,0.0,27.080,0.002,0.760,43.891,0.00
1786273728,ingest,0.00,0.00,0.0,27.080,0.002,0.760,43.891,0.00
1786273733,ingest,0.00,0.00,0.0,27.080,0.002,0.760,43.890,0.00
1786273738,ingest,0.00,0.00,0.0,27.080,0.002,0.760,43.891,0.00
1786273743,ingest,0.00,0.00,0.0,27.080,0.002,0.760,43.893,0.00
1786273748,ingest,0.00,0.00,0.0,27.080,0.002,0.760,43.893,0.00
1786273753,ingest,0.00,0.00,0.0,27.080,0.002,0.760,43.893,0.00
1786273758,ingest,0.00,0.00,0.0,27.080,0.002,0.760,43.894,0.00
1786273763,ingest,0.00,0.00,0.0,27.080,0.002,0.760,43.892,0.00
1786273768,ingest,0.00,0.00,0.0,27.080,0.002,0.760,43.893,0.00
1786273773,ingest,0.00,0.00,0.0,27.080,0.002,0.760,43.892,0.00
1786273778,ingest,0.00,0.00,0.0,27.080,0.002,0.760,43.893,0.00
1786273783,ingest,0.00,0.00,0.0,27.080,0.002,0.760,43.891,0.00
1786273788,ingest,0.00,0.00,0.0,27.080,0.002,0.760,43.892,0.00
1786273793,ingest,0.00,0.00,0.0,27.080,0.002,0.760,43.891,0.00
1786273798,ingest,0.00,0.00,0.0,27.080,0.002,0.760,43.894,0.00
1786273803,ingest,0.00,0.00,0.0,27.080,0.002,0.760,43.896,0.00
1786273809,ingest,0.00,0.00,0.0,27.080,0.002,0.760,43.897,0.00
1786273814,ingest,0.00,0.00,0.0,27.080,0.002,0.760,43.897,0.00
1786273819,ingest,0.00,0.00,0.0,27.080,0.002,0.760,43.896,0.00
1786273824,ingest,0.00,0.00,0.0,27.080,0.002,0.760,43.897,0.00
1786273829,ingest,0.00,0.00,0.0,27.080,0.002,0.760,43.897,0.00
1786273834,ingest,0.00,0.00,0.0,27.080,0.002,0.760,43.897,0.00
1786273839,ingest,0.00,0.00,0.0,27.080,0.002,0.760,43.897,0.00
1786273844,ingest,0.00,0.00,0.0,27.080,0.002,0.760,43.897,0.00
1786273849,ingest,0.00,0.00,0.0,27.080,0.002,0.760,43.898,0.00
1786273854,ingest,0.00,0.00,0.0,27.080,0.002,0.760,43.897,0.00
1786273859,ingest,0.00,0.00,0.0,27.080,0.002,0.760,43.897,0.00
1786273864,ingest,0.00,0.00,0.0,27.080,0.002,0.760,43.897,0.00
1786273869,ingest,0.00,0.00,0.0,27.080,0.002,0.760,43.886,0.03
1786273874,ingest,0.00,0.00,0.0,27.080,0.002,0.760,43.883,0.00
1786273879,ingest,0.00,0.00,0.0,27.080,0.002,0.760,43.884,0.00
1786273884,ingest,0.00,0.00,0.0,27.080,0.002,0.760,43.887,0.00
1786273889,ingest,0.00,0.00,0.0,27.080,0.002,0.760,43.887,0.00
1786273894,ingest,0.00,0.00,0.0,27.080,0.002,0.760,43.887,0.00
1786273900,ingest,0.00,0.00,0.0,27.080,0.002,0.760,43.888,0.00
1786273905,ingest,0.00,0.00,0.0,27.080,0.002,0.760,43.890,0.00
1786273910,ingest,0.00,0.00,0.0,27.080,0.002,0.760,43.891,0.00
1786273915,ingest,0.00,0.00,0.0,27.080,0.002,0.760,43.892,0.00
1786273920,ingest,0.00,0.00,0.0,27.080,0.002,0.760,43.893,0.00
1786273925,ingest,0.00,0.00,0.0,27.080,0.002,0.760,43.893,0.00
1786273930,ingest,0.00,0.00,0.0,27.080,0.002,0.760,43.894,0.00
1786273935,ingest,0.00,0.00,0.0,27.080,0.002,0.760,43.893,0.00
1786273940,ingest,0.00,0.00,0.0,27.080,0.002,0.760,43.893,0.00
1786273945,ingest,0.00,0.00,0.0,27.080,0.002,0.760,43.894,0.00
1786273950,ingest,0.00,0.00,0.0,27.080,0.002,0.760,43.894,0.00
1786273955,ingest,0.00,0.00,0.0,27.080,0.002,0.760,43.890,0.00
1786273960,ingest,0.00,0.00,0.0,27.080,0.002,0.760,43.890,0.00
1786273965,ingest,0.00,0.00,0.0,27.080,0.002,0.760,43.887,0.00
1786273970,ingest,0.00,0.00,0.0,27.080,0.002,0.760,43.888,0.00
1786273975,ingest,0.00,0.00,0.0,27.080,0.002,0.760,43.885,0.00
1786273980,ingest,0.00,0.00,0.0,27.080,0.002,0.760,43.885,0.00
1786273985,ingest,0.00,0.00,0.0,27.080,0.002,0.760,43.886,0.00
1786273990,ingest,0.00,0.00,0.0,27.080,0.002,0.760,43.887,0.00
1786273996,ingest,0.00,0.00,0.0,27.080,0.002,0.760,43.887,0.00
1786274001,ingest,0.00,0.00,0.0,27.080,0.002,0.760,43.887,0.00
1786274006,ingest,0.00,0.00,0.0,27.080,0.002,0.760,43.887,0.00
1786274011,ingest,0.00,0.00,0.0,27.080,0.002,0.760,43.888,0.00
1786274016,ingest,0.00,0.00,0.0,27.080,0.002,0.760,43.889,0.00
1786274021,ingest,0.00,0.00,0.0,27.080,0.002,0.760,43.890,0.00
1786274026,ingest,0.00,0.00,0.0,27.080,0.002,0.760,43.891,0.00
1786274031,ingest,0.00,0.00,0.0,27.080,0.002,0.760,43.891,0.00
1786274036,ingest,0.00,0.00,0.0,27.080,0.002,0.760,43.892,0.00
1786274041,ingest,0.00,0.00,0.0,27.080,0.002,0.760,43.892,0.00
1786274046,ingest,0.00,0.00,0.0,27.080,0.002,0.760,43.892,0.00
1786274051,ingest,0.00,0.00,0.0,27.080,0.002,0.760,43.892,0.00
1786274056,ingest,0.00,0.00,0.0,27.080,0.002,0.760,43.892,0.00
1786274061,ingest,0.00,0.00,0.0,27.080,0.002,0.760,43.893,0.00
1786274066,ingest,0.00,0.00,0.0,27.080,0.002,0.760,43.894,0.00
1786274071,ingest,0.00,0.00,0.0,27.080,0.002,0.760,43.890,0.00
1786274076,ingest,0.00,0.00,0.0,27.080,0.002,0.760,43.890,0.00
1786274081,ingest,0.00,0.00,0.0,27.080,0.002,0.760,43.888,0.00
1786274086,ingest,0.00,0.00,0.0,27.080,0.002,0.760,43.889,0.00
1786274092,ingest,0.00,0.00,0.0,27.080,0.002,0.760,43.890,0.00
1786274097,ingest,0.00,0.00,0.0,27.080,0.002,0.760,43.889,0.00
1786274102,ingest,0.00,0.00,0.0,27.080,0.002,0.760,43.888,0.00
1786274107,ingest,0.00,0.00,0.0,27.080,0.002,0.760,43.887,0.00
1786274112,ingest,0.00,0.00,0.0,27.080,0.002,0.760,43.885,0.00
1786274117,ingest,0.00,0.00,0.0,27.080,0.002,0.760,43.885,0.00
1786274122,ingest,0.00,0.00,0.0,27.080,0.002,0.760,43.885,0.00
1786274127,ingest,0.00,0.00,0.0,27.080,0.002,0.760,43.885,0.00
1786274132,ingest,0.00,0.00,0.0,27.080,0.002,0.760,43.885,0.00
1786274137,ingest,0.00,0.00,0.0,27.080,0.002,0.760,43.884,0.00
1786274142,ingest,0.00,0.00,0.0,27.080,0.002,0.760,43.887,0.00
1786274147,ingest,0.00,0.00,0.0,27.080,0.002,0.760,43.886,0.00
1786274152,ingest,0.00,0.00,0.0,27.080,0.002,0.760,43.886,0.00
1786274157,ingest,0.00,0.00,0.0,27.080,0.002,0.760,43.886,0.00
1786274162,ingest,0.00,0.00,0.0,27.080,0.002,0.760,43.885,0.00
1786274167,ingest,0.00,0.00,0.0,27.080,0.002,0.760,43.885,0.00
1786274172,ingest,0.00,0.00,0.0,27.080,0.002,0.760,43.880,0.03
1786274177,ingest,0.00,0.00,0.0,27.080,0.002,0.760,43.880,0.00
1786274183,ingest,0.00,0.00,0.0,27.080,0.002,0.760,43.877,0.00
1786274188,ingest,0.00,0.00,0.0,27.080,0.002,0.760,43.878,0.00
1786274193,ingest,0.00,0.00,0.0,27.080,0.002,0.760,43.876,0.00
1786274198,ingest,0.00,0.00,0.0,27.080,0.002,0.760,43.877,0.00
1786274203,ingest,0.00,0.00,0.0,27.080,0.002,0.760,43.877,0.00
1786274208,ingest,0.00,0.00,0.0,27.080,0.002,0.760,43.878,0.00
1786274213,ingest,0.00,0.00,0.0,27.080,0.002,0.760,43.881,0.00
1786274218,ingest,0.00,0.00,0.0,27.080,0.002,0.760,43.882,0.00
1786274223,ingest,0.00,0.00,0.0,27.080,0.002,0.760,43.881,0.00
1786274228,ingest,0.00,0.00,0.0,27.080,0.002,0.760,43.882,0.00
1786274233,ingest,0.00,0.00,0.0,27.080,0.002,0.760,43.884,0.00
1786274238,ingest,0.00,0.00,0.0,27.080,0.002,0.760,43.884,0.00
1786274243,ingest,0.00,0.00,0.0,27.080,0.002,0.760,43.884,0.00
1786274248,ingest,0.00,0.00,0.0,27.080,0.002,0.760,43.883,0.00
1786274253,ingest,0.00,0.00,0.0,27.080,0.002,0.760,43.883,0.00
1786274258,ingest,0.00,0.00,0.0,27.080,0.002,0.760,43.885,0.00
1786274263,ingest,0.00,0.00,0.0,27.080,0.002,0.760,43.886,0.00
1786274268,ingest,0.00,0.00,0.0,27.080,0.002,0.760,43.887,0.00
1786274273,ingest,0.00,0.00,0.0,27.080,0.002,0.760,43.889,0.00
1786274279,ingest,0.00,0.00,0.0,27.080,0.002,0.760,43.889,0.00
1786274284,ingest,0.00,0.00,0.0,27.080,0.002,0.760,43.890,0.00
1786274289,ingest,0.00,0.00,0.0,27.080,0.002,0.760,43.892,0.00
1786274294,ingest,0.00,0.00,0.0,27.080,0.002,0.760,43.893,0.00
1786274299,ingest,0.00,0.00,0.0,27.080,0.002,0.760,43.893,0.00
1786274304,ingest,0.00,0.00,0.0,27.080,0.002,0.760,43.893,0.00
1786274309,ingest,0.00,0.00,0.0,27.080,0.002,0.760,43.893,0.00
1786274314,ingest,0.00,0.00,0.0,27.080,0.002,0.760,43.892,0.00
1786274319,ingest,0.00,0.00,0.0,27.080,0.002,0.760,43.894,0.00
1786274324,ingest,0.00,0.00,0.0,27.080,0.002,0.760,43.895,0.00
1786274329,ingest,0.00,0.00,0.0,27.080,0.002,0.760,43.894,0.00
1786274334,ingest,0.00,0.00,0.0,27.080,0.002,0.760,43.893,0.00
1786274339,ingest,0.00,0.00,0.0,27.080,0.002,0.760,43.894,0.00
1786274344,ingest,0.00,0.00,0.0,27.080,0.002,0.760,43.898,0.00
1786274349,ingest,0.00,0.00,0.0,27.080,0.002,0.760,43.899,0.00
1786274354,ingest,0.00,0.00,0.0,27.080,0.002,0.760,43.899,0.00
1786274359,ingest,0.00,0.00,0.0,27.080,0.002,0.760,43.899,0.00
1786274364,ingest,0.00,0.00,0.0,27.080,0.002,0.760,43.894,0.00
1786274369,ingest,0.00,0.00,0.0,27.080,0.002,0.760,43.894,0.00
1786274375,ingest,0.00,0.00,0.0,27.080,0.002,0.760,43.893,0.00
1786274380,ingest,0.00,0.00,0.0,27.080,0.002,0.760,43.893,0.00
1786274385,ingest,0.00,0.00,0.0,27.080,0.002,0.760,43.893,0.00
1786274390,ingest,0.00,0.00,0.0,27.080,0.002,0.760,43.894,0.00
1786274395,ingest,0.00,0.00,0.0,27.080,0.002,0.760,43.894,0.00
1786274400,ingest,0.00,0.00,0.0,27.080,0.002,0.760,43.895,0.00
1786274405,ingest,0.00,0.00,0.0,27.080,0.002,0.760,43.892,0.00
1786274410,ingest,0.00,0.00,0.0,27.080,0.002,0.760,43.891,0.00
1786274415,ingest,0.00,0.00,0.0,27.080,0.002,0.760,43.885,0.00
1786274420,ingest,0.00,0.00,0.0,27.080,0.002,0.760,43.893,0.00
1786274425,ingest,0.00,0.00,0.0,27.080,0.002,0.760,43.893,0.00
1786274430,ingest,0.00,0.00,0.0,27.080,0.002,0.760,43.891,0.00
1786274435,ingest,0.00,0.00,0.0,27.080,0.002,0.760,43.892,0.00
1786274440,ingest,0.00,0.00,0.0,27.080,0.002,0.760,43.890,0.00
1786274445,ingest,0.00,0.00,0.0,27.080,0.002,0.760,43.892,0.00
1786274450,ingest,0.00,0.00,0.0,27.080,0.002,0.760,43.890,0.00
1786274455,ingest,0.00,0.00,0.0,27.080,0.002,0.760,43.891,0.00
1786274460,ingest,0.00,0.00,0.0,27.080,0.002,0.760,43.888,0.00
1786274465,ingest,0.00,0.00,0.0,27.080,0.002,0.760,43.890,0.00
1786274471,ingest,0.00,0.00,0.0,27.080,0.002,0.760,43.879,0.03
1786274476,ingest,0.00,0.00,0.0,27.080,0.002,0.760,43.879,0.00
1786274481,ingest,0.00,0.00,0.0,27.080,0.002,0.760,43.882,0.00
1786274486,ingest,0.00,0.00,0.0,27.080,0.002,0.760,43.883,0.00
1786274491,ingest,0.00,0.00,0.0,27.080,0.002,0.760,43.881,0.00
1786274496,ingest,0.00,0.00,0.0,27.080,0.002,0.760,43.883,0.00
1786274501,ingest,0.00,0.00,0.0,27.080,0.002,0.760,43.883,0.00
1786274506,ingest,0.00,0.00,0.0,27.080,0.002,0.760,43.884,0.00
1786274511,ingest,0.00,0.00,0.0,27.080,0.002,0.760,43.885,0.00
1786274516,ingest,0.00,0.00,0.0,27.080,0.002,0.760,43.885,0.00
1786274521,ingest,0.00,0.00,0.0,27.080,0.002,0.760,43.885,0.00
1786274526,ingest,0.00,0.00,0.0,27.080,0.002,0.760,43.886,0.00
1786274531,ingest,0.00,0.00,0.0,27.080,0.002,0.760,43.883,0.00
1786274536,ingest,0.00,0.00,0.0,27.080,0.002,0.760,43.884,0.00
1786274541,ingest,0.00,0.00,0.0,27.080,0.002,0.760,43.885,0.00
1786274546,ingest,0.00,0.00,0.0,27.080,0.002,0.760,43.885,0.00
1786274551,ingest,0.00,0.00,0.0,27.080,0.002,0.760,43.882,0.00
1786274556,ingest,0.00,0.00,0.0,27.080,0.002,0.760,43.883,0.00
1786274561,ingest,0.00,0.00,0.0,27.080,0.002,0.760,43.881,0.00
1786274567,ingest,0.00,0.00,0.0,27.080,0.002,0.760,43.881,0.00
1786274572,ingest,0.00,0.00,0.0,27.080,0.002,0.760,43.882,0.00
1786274577,ingest,0.00,0.00,0.0,27.080,0.002,0.760,43.883,0.00
1786274582,ingest,0.00,0.00,0.0,27.080,0.002,0.760,43.881,0.00
1786274587,ingest,0.00,0.00,0.0,27.080,0.002,0.760,43.882,0.00
1786274592,ingest,0.00,0.00,0.0,27.080,0.002,0.760,43.882,0.00
1786274597,ingest,0.00,0.00,0.0,27.080,0.002,0.760,43.883,0.00
1786274602,ingest,0.00,0.00,0.0,27.080,0.002,0.760,43.885,0.00
1786274607,ingest,0.00,0.00,0.0,27.080,0.002,0.760,43.886,0.00
1786274612,ingest,0.00,0.00,0.0,27.080,0.002,0.760,43.883,0.00
1786274617,ingest,0.00,0.00,0.0,27.080,0.002,0.760,43.884,0.00
1786274622,ingest,0.00,0.00,0.0,27.080,0.002,0.760,43.886,0.00
1786274627,ingest,0.00,0.00,0.0,27.080,0.002,0.760,43.887,0.00
1786274632,ingest,0.00,0.00,0.0,27.080,0.002,0.760,43.883,0.00
1786274637,ingest,0.00,0.00,0.0,27.080,0.002,0.760,43.884,0.00
1786274642,ingest,0.00,0.00,0.0,27.080,0.002,0.760,43.883,0.00
1786274647,ingest,0.00,0.00,0.0,27.080,0.002,0.760,43.884,0.00
1786274652,ingest,0.00,0.00,0.0,27.080,0.002,0.760,43.885,0.00
1786274658,ingest,0.00,0.00,0.0,27.080,0.002,0.760,43.886,0.00
1786274663,ingest,0.00,0.00,0.0,27.080,0.002,0.760,43.886,0.00
1786274668,ingest,0.00,0.00,0.0,27.080,0.002,0.760,43.887,0.00
1786274673,ingest,0.00,0.00,0.0,27.080,0.002,0.760,43.885,0.00
1786274678,ingest,0.00,0.00,0.0,27.080,0.002,0.760,43.886,0.00
1786274683,ingest,0.00,0.00,0.0,27.080,0.002,0.760,43.884,0.00
1786274688,ingest,0.00,0.00,0.0,27.080,0.002,0.760,43.886,0.00
1786274693,ingest,0.00,0.00,0.0,27.080,0.002,0.760,43.884,0.00
1786274698,ingest,0.00,0.00,0.0,27.080,0.002,0.760,43.886,0.00
1786274703,ingest,0.00,0.00,0.0,27.080,0.002,0.760,43.883,0.00
1786274708,ingest,0.00,0.00,0.0,27.080,0.002,0.760,43.883,0.00
1786274713,ingest,0.00,0.00,0.0,27.080,0.002,0.760,43.883,0.00
1786274718,ingest,0.00,0.00,0.0,27.080,0.002,0.760,43.884,0.00
1786274723,ingest,0.00,0.00,0.0,27.080,0.002,0.760,43.882,0.00
1786274728,ingest,0.00,0.00,0.0,27.080,0.002,0.760,43.883,0.00
1786274733,ingest,0.00,0.00,0.0,27.080,0.002,0.760,43.882,0.00
1786274738,ingest,0.00,0.00,0.0,27.080,0.002,0.760,43.882,0.00
1786274743,ingest,0.00,0.00,0.0,27.080,0.002,0.760,43.879,0.00
1786274748,ingest,0.00,0.00,0.0,27.080,0.002,0.760,43.880,0.00
1786274754,ingest,0.00,0.00,0.0,27.080,0.002,0.760,43.882,0.00
1786274759,ingest,0.00,0.00,0.0,27.080,0.002,0.760,43.883,0.00
1786274764,ingest,0.00,0.00,0.0,27.080,0.002,0.760,43.882,0.00
1786274769,ingest,0.00,0.00,0.0,27.080,0.002,0.760,43.874,0.02
1786274774,ingest,0.00,0.00,0.0,27.080,0.002,0.760,43.871,0.01
1786274779,ingest,0.00,0.00,0.0,27.080,0.002,0.760,43.871,0.00
1786274784,ingest,0.00,0.00,0.0,27.080,0.002,0.760,43.871,0.00
1786274789,ingest,0.00,0.00,0.0,27.080,0.002,0.760,43.872,0.00
1786274794,ingest,0.00,0.00,0.0,27.080,0.002,0.760,43.874,0.00
1786274799,ingest,0.00,0.00,0.0,27.080,0.002,0.760,43.876,0.00
1786274804,ingest,0.00,0.00,0.0,27.080,0.002,0.760,43.877,0.00
1786274809,ingest,0.00,0.00,0.0,27.080,0.002,0.760,43.876,0.00
1786274814,ingest,0.00,0.00,0.0,27.080,0.002,0.760,43.877,0.00
1786274819,ingest,0.00,0.00,0.0,27.080,0.002,0.760,43.875,0.00
1786274824,ingest,0.00,0.00,0.0,27.080,0.002,0.760,43.874,0.00
1786274829,ingest,0.00,0.00,0.0,27.080,0.002,0.760,43.874,0.00
1786274834,ingest,0.00,0.00,0.0,27.080,0.002,0.760,43.875,0.00
1786274839,ingest,0.00,0.00,0.0,27.080,0.002,0.760,43.876,0.00
1786274844,ingest,0.00,0.00,0.0,27.080,0.002,0.760,43.876,0.00
1786274850,ingest,0.00,0.00,0.0,27.080,0.002,0.760,43.876,0.00
1786274855,ingest,0.00,0.00,0.0,27.080,0.002,0.760,43.875,0.00
1786274860,ingest,0.00,0.00,0.0,27.080,0.002,0.760,43.875,0.00
1786274865,ingest,0.00,0.00,0.0,27.080,0.002,0.760,43.875,0.00
1786274870,ingest,0.00,0.00,0.0,27.080,0.002,0.760,43.876,0.00
1786274875,ingest,0.00,0.00,0.0,27.080,0.002,0.760,43.875,0.00
1786274880,ingest,0.00,0.00,0.0,27.080,0.002,0.760,43.873,0.00
1786274885,ingest,0.00,0.00,0.0,27.080,0.002,0.760,43.874,0.00
1786274890,ingest,0.00,0.00,0.0,27.080,0.002,0.760,43.876,0.00
1786274895,ingest,0.00,0.00,0.0,27.080,0.002,0.760,43.876,0.00
1786274900,ingest,0.00,0.00,0.0,27.080,0.002,0.760,43.878,0.00
1786274905,ingest,0.00,0.00,0.0,27.080,0.002,0.760,43.880,0.00
1786274910,ingest,0.00,0.00,0.0,27.080,0.002,0.760,43.882,0.00
1786274915,ingest,0.00,0.00,0.0,27.080,0.002,0.760,43.882,0.00
1786274920,ingest,0.00,0.00,0.0,27.080,0.002,0.760,43.882,0.00
1786274925,ingest,0.00,0.00,0.0,27.080,0.002,0.760,43.884,0.00
1786274930,ingest,0.00,0.00,0.0,27.080,0.002,0.760,43.886,0.00
1786274935,ingest,0.00,0.00,0.0,27.080,0.002,0.760,43.887,0.00
1786274941,ingest,0.00,0.00,0.0,27.080,0.002,0.760,43.885,0.00
1786274946,ingest,0.00,0.00,0.0,27.080,0.002,0.760,43.886,0.00
1786274951,ingest,0.00,0.00,0.0,27.080,0.002,0.760,43.884,0.00
1786274956,ingest,0.00,0.00,0.0,27.080,0.002,0.760,43.883,0.00
1786274961,ingest,0.00,0.00,0.0,27.080,0.002,0.760,43.879,0.00
1786274966,ingest,0.00,0.00,0.0,27.080,0.002,0.760,43.879,0.00
1786274971,ingest,0.00,0.00,0.0,27.080,0.002,0.760,43.875,0.00
1786274976,ingest,0.00,0.00,0.0,27.080,0.002,0.760,43.875,0.00
1786274981,ingest,0.00,0.00,0.0,27.080,0.002,0.760,43.875,0.00
1786274986,ingest,0.00,0.00,0.0,27.080,0.002,0.760,43.876,0.00
1786274991,ingest,0.00,0.00,0.0,27.080,0.002,0.760,43.880,0.00
1786274996,ingest,0.00,0.00,0.0,27.080,0.002,0.760,43.881,0.00
1786275001,ingest,0.00,0.00,0.0,27.080,0.002,0.760,43.882,0.00
1786275006,ingest,0.00,0.00,0.0,27.080,0.002,0.760,43.883,0.00
1786275011,ingest,0.00,0.00,0.0,27.080,0.002,0.760,43.884,0.00
1786275016,ingest,0.00,0.00,0.0,27.080,0.002,0.760,43.884,0.00
1786275021,ingest,0.00,0.00,0.0,27.080,0.002,0.760,43.882,0.00
1786275026,ingest,0.00,0.00,0.0,27.080,0.002,0.760,43.883,0.00
1786275031,ingest,0.00,0.00,0.0,27.080,0.002,0.760,43.880,0.00
1786275037,ingest,0.00,0.00,0.0,27.080,0.002,0.760,43.883,0.00
1786275042,ingest,0.00,0.00,0.0,27.080,0.002,0.760,43.882,0.00
1786275047,ingest,0.00,0.00,0.0,27.080,0.002,0.760,43.882,0.00
1786275052,ingest,0.00,0.00,0.0,27.080,0.002,0.760,43.881,0.00
1786275057,ingest,0.00,0.00,0.0,27.080,0.002,0.760,43.881,0.00
1786275062,ingest,0.00,0.00,0.0,27.080,0.002,0.760,43.881,0.00
1786275067,ingest,0.00,0.00,0.0,27.080,0.002,0.760,43.881,0.00
1786275072,ingest,0.00,0.00,0.0,27.080,0.002,0.760,43.869,0.03
1786275077,ingest,0.00,0.00,0.0,27.080,0.002,0.760,43.870,0.00
1786275082,ingest,0.00,0.00,0.0,27.080,0.002,0.760,43.874,0.00
1786275087,ingest,0.00,0.00,0.0,27.080,0.002,0.760,43.875,0.00
1786275092,ingest,0.00,0.00,0.0,27.080,0.002,0.760,43.876,0.00
1786275097,ingest,0.00,0.00,0.0,27.080,0.002,0.760,43.876,0.00
1786275102,ingest,0.00,0.00,0.0,27.080,0.002,0.760,43.876,0.00
1786275107,ingest,0.00,0.00,0.0,27.080,0.002,0.760,43.876,0.00
1786275112,ingest,0.00,0.00,0.0,27.080,0.002,0.760,43.873,0.00
1786275117,ingest,0.00,0.00,0.0,27.080,0.002,0.760,43.874,0.00
1786275122,ingest,0.00,0.00,0.0,27.080,0.002,0.760,43.876,0.00
1786275127,ingest,0.00,0.00,0.0,27.080,0.002,0.760,43.876,0.00
1786275133,ingest,0.00,0.00,0.0,27.080,0.002,0.760,43.876,0.00
1786275138,ingest,0.00,0.00,0.0,27.080,0.002,0.760,43.878,0.00
1786275143,ingest,0.00,0.00,0.0,27.080,0.002,0.760,43.879,0.00
1786275148,ingest,0.00,0.00,0.0,27.080,0.002,0.760,43.876,0.00
1786275153,ingest,0.00,0.00,0.0,27.080,0.002,0.760,43.877,0.00
1786275158,ingest,0.00,0.00,0.0,27.080,0.002,0.760,43.879,0.00
1786275163,ingest,0.00,0.00,0.0,27.080,0.002,0.760,43.879,0.00
1786275168,ingest,0.00,0.00,0.0,27.080,0.002,0.760,43.876,0.00
1786275173,ingest,0.00,0.00,0.0,27.080,0.002,0.760,43.876,0.00
1786275178,ingest,0.00,0.00,0.0,27.080,0.002,0.760,43.875,0.00
1786275183,ingest,0.00,0.00,0.0,27.080,0.002,0.760,43.876,0.00
1786275188,ingest,0.00,0.00,0.0,27.080,0.002,0.760,43.877,0.00
1786275193,ingest,0.00,0.00,0.0,27.080,0.002,0.760,43.877,0.00
1786275198,ingest,0.00,0.00,0.0,27.080,0.002,0.760,43.875,0.00
1786275203,ingest,0.00,0.00,0.0,27.080,0.002,0.760,43.874,0.00
1786275208,ingest,0.00,0.00,0.0,27.080,0.002,0.760,43.873,0.00
1786275213,ingest,0.00,0.00,0.0,27.080,0.002,0.760,43.874,0.00
1786275218,ingest,0.00,0.00,0.0,27.080,0.002,0.760,43.873,0.00
1786275223,ingest,0.00,0.00,0.0,27.080,0.002,0.760,43.874,0.00
1786275229,ingest,0.00,0.00,0.0,27.080,0.002,0.760,43.872,0.00
1786275234,ingest,0.00,0.00,0.0,27.080,0.002,0.760,43.873,0.00
1786275239,ingest,0.00,0.00,0.0,27.080,0.002,0.760,43.871,0.00
1786275244,ingest,0.00,0.00,0.0,27.080,0.002,0.760,43.872,0.00
1786275249,ingest,0.00,0.00,0.0,27.080,0.002,0.760,43.876,0.00
1786275254,ingest,0.00,0.00,0.0,27.080,0.002,0.760,43.877,0.00
1786275259,ingest,0.00,0.00,0.0,27.080,0.002,0.760,43.879,0.00
1786275264,ingest,0.00,0.00,0.0,27.080,0.002,0.760,43.879,0.00
1786275269,ingest,0.00,0.00,0.0,27.080,0.002,0.760,43.880,0.00
1786275274,ingest,0.00,0.00,0.0,27.080,0.002,0.760,43.880,0.00
1786275279,ingest,0.00,0.00,0.0,27.080,0.002,0.760,43.881,0.00
1786275284,ingest,0.00,0.00,0.0,27.080,0.002,0.760,43.881,0.00
1786275289,ingest,0.00,0.00,0.0,27.080,0.002,0.760,43.884,0.00
1786275294,ingest,0.00,0.00,0.0,27.080,0.002,0.760,43.885,0.00
1786275299,ingest,0.00,0.00,0.0,27.080,0.002,0.760,43.883,0.00
1786275304,ingest,0.00,0.00,0.0,27.080,0.002,0.760,43.881,0.00
1786275309,ingest,0.00,0.00,0.0,27.080,0.002,0.760,43.881,0.00
1786275314,ingest,0.00,0.00,0.0,27.080,0.002,0.760,43.883,0.00
1786275319,ingest,0.00,0.00,0.0,27.080,0.002,0.760,43.883,0.00
1786275325,ingest,0.00,0.00,0.0,27.080,0.002,0.760,43.883,0.00
1786275330,ingest,0.00,0.00,0.0,27.080,0.002,0.760,43.885,0.00
1786275335,ingest,0.00,0.00,0.0,27.080,0.002,0.760,43.885,0.00
1786275340,ingest,0.00,0.00,0.0,27.080,0.002,0.760,43.882,0.00
1786275345,ingest,0.00,0.00,0.0,27.080,0.002,0.760,43.882,0.00
1786275350,ingest,0.00,0.00,0.0,27.080,0.002,0.760,43.882,0.00
1786275355,ingest,0.00,0.00,0.0,27.080,0.002,0.760,43.883,0.00
1786275360,ingest,0.00,0.00,0.0,27.080,0.002,0.760,43.880,0.00
1786275365,ingest,0.00,0.00,0.0,27.080,0.002,0.760,43.881,0.00
1786275370,ingest,0.00,0.00,0.0,27.080,0.002,0.760,43.865,0.03
1786275375,ingest,0.00,0.00,0.0,27.080,0.002,0.760,43.867,0.00
1786275380,ingest,0.00,0.00,0.0,27.080,0.002,0.760,43.871,0.00
1786275385,ingest,0.00,0.00,0.0,27.080,0.002,0.760,43.873,0.00
1786275390,ingest,0.00,0.00,0.0,27.080,0.002,0.760,43.874,0.00
1786275395,ingest,0.00,0.00,0.0,27.080,0.002,0.760,43.875,0.00
1786275400,ingest,0.00,0.00,0.0,27.080,0.002,0.760,43.877,0.00
1786275405,ingest,0.00,0.00,0.0,27.080,0.002,0.760,43.878,0.00
1786275410,ingest,0.00,0.00,0.0,27.080,0.002,0.760,43.880,0.00
1786275415,ingest,0.00,0.00,0.0,27.080,0.002,0.760,43.881,0.00
1786275421,ingest,0.00,0.00,0.0,27.080,0.002,0.760,43.882,0.00
1786275426,ingest,0.00,0.00,0.0,27.080,0.002,0.760,43.882,0.00
1786275431,ingest,0.00,0.00,0.0,27.080,0.002,0.760,43.885,0.00
1786275436,ingest,0.00,0.00,0.0,27.080,0.002,0.760,43.886,0.00
1786275441,ingest,0.00,0.00,0.0,27.080,0.002,0.760,43.887,0.00
1786275446,ingest,0.00,0.00,0.0,27.080,0.002,0.760,43.888,0.00
1786275451,ingest,0.00,0.00,0.0,27.080,0.002,0.760,43.888,0.00
1786275456,ingest,0.00,0.00,0.0,27.080,0.002,0.760,43.887,0.00
1786275461,ingest,0.00,0.00,0.0,27.080,0.002,0.760,43.885,0.00
1786275466,ingest,0.00,0.00,0.0,27.080,0.002,0.760,43.885,0.00
1786275471,ingest,0.00,0.00,0.0,27.080,0.002,0.760,43.885,0.00
1786275476,ingest,0.00,0.00,0.0,27.080,0.002,0.760,43.885,0.00
1786275481,ingest,0.00,0.00,0.0,27.080,0.002,0.760,43.886,0.00
1786275486,ingest,0.00,0.00,0.0,27.080,0.002,0.760,43.886,0.00
1786275491,ingest,0.00,0.00,0.0,27.080,0.002,0.760,43.886,0.00
1786275496,ingest,0.00,0.00,0.0,27.080,0.002,0.760,43.887,0.00
1786275501,ingest,0.00,0.00,0.0,27.080,0.002,0.760,43.887,0.00
1786275506,ingest,0.00,0.00,0.0,27.080,0.002,0.760,43.886,0.00
1786275511,ingest,0.00,0.00,0.0,27.080,0.002,0.760,43.887,0.00
1786275517,ingest,0.00,0.00,0.0,27.080,0.002,0.760,43.883,0.00
1786275522,ingest,0.00,0.00,0.0,27.080,0.002,0.760,43.884,0.00
1786275527,ingest,0.00,0.00,0.0,27.080,0.002,0.760,43.885,0.00
1786275532,ingest,0.00,0.00,0.0,27.080,0.002,0.760,43.886,0.00
1786275537,ingest,0.00,0.00,0.0,27.080,0.002,0.760,43.885,0.00
1786275542,ingest,0.00,0.00,0.0,27.080,0.002,0.760,43.886,0.00
1786275547,ingest,0.00,0.00,0.0,27.080,0.002,0.760,43.886,0.00
1786275552,ingest,0.00,0.00,0.0,27.080,0.002,0.760,43.886,0.00
1786275557,ingest,0.00,0.00,0.0,27.080,0.002,0.760,43.883,0.00
1786275562,ingest,0.00,0.00,0.0,27.080,0.002,0.760,43.883,0.00
1786275567,ingest,0.00,0.00,0.0,27.080,0.002,0.760,43.881,0.00
1786275572,ingest,0.00,0.00,0.0,27.080,0.002,0.760,43.881,0.00
1786275577,ingest,0.00,0.00,0.0,27.080,0.002,0.760,43.878,0.00
1786275582,ingest,0.00,0.00,0.0,27.080,0.002,0.760,43.878,0.00
1786275587,ingest,0.00,0.00,0.0,27.080,0.002,0.760,43.880,0.00
1786275592,ingest,0.00,0.00,0.0,27.080,0.002,0.760,43.880,0.00
1786275597,ingest,0.00,0.00,0.0,27.080,0.002,0.760,43.881,0.00
1786275602,ingest,0.00,0.00,0.0,27.080,0.002,0.760,43.882,0.00
1786275608,ingest,0.00,0.00,0.0,27.080,0.002,0.760,43.882,0.00
1786275613,ingest,0.00,0.00,0.0,27.080,0.002,0.760,43.883,0.00
1786275618,ingest,0.00,0.00,0.0,27.080,0.002,0.760,43.884,0.00
1786275623,ingest,0.00,0.00,0.0,27.080,0.002,0.760,43.883,0.00
1786275628,ingest,0.00,0.00,0.0,27.080,0.002,0.760,43.881,0.00
1786275633,ingest,0.00,0.00,0.0,27.080,0.002,0.760,43.880,0.00
1786275638,ingest,0.00,0.00,0.0,27.080,0.002,0.760,43.880,0.00
1786275643,ingest,0.00,0.00,0.0,27.080,0.002,0.760,43.879,0.00
1786275648,ingest,0.00,0.00,0.0,27.080,0.002,0.760,43.880,0.00
1786275653,ingest,0.00,0.00,0.0,27.080,0.002,0.760,43.880,0.00
1786275658,ingest,0.00,0.00,0.0,27.080,0.002,0.760,43.882,0.00
1786275663,ingest,0.00,0.00,0.0,27.080,0.002,0.760,43.882,0.00
1786275668,ingest,0.00,0.00,0.0,27.080,0.002,0.760,43.876,0.00
1786275673,ingest,0.00,0.00,0.0,27.080,0.002,0.760,43.867,0.03
1786275678,ingest,0.00,0.00,0.0,27.080,0.002,0.760,43.866,0.00
1786275683,ingest,0.00,0.00,0.0,27.080,0.002,0.760,43.865,0.00
1786275688,ingest,0.00,0.00,0.0,27.080,0.002,0.760,43.867,0.00
1786275693,ingest,0.00,0.00,0.0,27.080,0.002,0.760,43.869,0.00
1786275698,ingest,0.00,0.00,0.0,27.080,0.002,0.760,43.866,0.00
1786275704,ingest,0.00,0.00,0.0,27.080,0.002,0.760,43.867,0.00
1786275709,ingest,0.00,0.00,0.0,27.080,0.002,0.760,43.866,0.00
1786275714,ingest,0.00,0.00,0.0,27.080,0.002,0.760,43.867,0.00
1786275719,ingest,0.00,0.00,0.0,27.080,0.002,0.760,43.868,0.00
1786275724,ingest,0.00,0.00,0.0,27.080,0.002,0.760,43.866,0.00
1786275729,ingest,0.00,0.00,0.0,27.080,0.002,0.760,43.865,0.00
1786275734,ingest,0.00,0.00,0.0,27.080,0.002,0.760,43.866,0.00
1786275739,ingest,0.00,0.00,0.0,27.080,0.002,0.760,43.870,0.00
1786275744,ingest,0.00,0.00,0.0,27.080,0.002,0.760,43.869,0.00
1786275749,ingest,0.00,0.00,0.0,27.080,0.002,0.760,43.869,0.00
1786275754,ingest,0.00,0.00,0.0,27.080,0.002,0.760,43.869,0.00
1786275759,ingest,0.00,0.00,0.0,27.080,0.002,0.760,43.867,0.00
1786275764,ingest,0.00,0.00,0.0,27.080,0.002,0.760,43.867,0.00
1786275769,ingest,0.00,0.00,0.0,27.080,0.002,0.760,43.864,0.00
1786275774,ingest,0.00,0.00,0.0,27.080,0.002,0.760,43.865,0.00
1786275779,ingest,0.00,0.00,0.0,27.080,0.002,0.760,43.864,0.00
1786275784,ingest,0.00,0.00,0.0,27.080,0.002,0.760,43.864,0.00
1786275789,ingest,0.00,0.00,0.0,27.080,0.002,0.760,43.864,0.00
1786275794,ingest,0.00,0.00,0.0,27.080,0.002,0.760,43.863,0.00
1786275800,ingest,0.00,0.00,0.0,27.080,0.002,0.760,43.861,0.00
1786275805,ingest,0.00,0.00,0.0,27.080,0.002,0.760,43.860,0.00
1786275810,ingest,0.00,0.00,0.0,27.080,0.002,0.760,43.863,0.00
1786275815,ingest,0.00,0.00,0.0,27.080,0.002,0.760,43.864,0.00
1786275820,ingest,0.00,0.00,0.0,27.080,0.002,0.760,43.867,0.00
1786275825,ingest,0.00,0.00,0.0,27.080,0.002,0.760,43.867,0.00
1786275830,ingest,0.00,0.00,0.0,27.080,0.002,0.760,43.869,0.00
1786275835,ingest,0.00,0.00,0.0,27.080,0.002,0.760,43.870,0.00
1786275840,ingest,0.00,0.00,0.0,27.080,0.002,0.760,43.876,0.00
1786275845,ingest,0.00,0.00,0.0,27.080,0.002,0.760,43.876,0.00
1786275850,ingest,0.00,0.00,0.0,27.080,0.002,0.760,43.874,0.00
1786275855,ingest,0.00,0.00,0.0,27.080,0.002,0.760,43.874,0.00
1786275860,ingest,0.00,0.00,0.0,27.080,0.002,0.760,43.868,0.00
1786275865,ingest,0.00,0.00,0.0,27.080,0.002,0.760,43.871,0.00
1786275870,ingest,0.00,0.00,0.0,27.080,0.002,0.760,43.872,0.00
1786275875,ingest,0.00,0.00,0.0,27.080,0.002,0.760,43.874,0.00
1786275880,ingest,0.00,0.00,0.0,27.080,0.002,0.760,43.875,0.00
1786275885,ingest,0.00,0.00,0.0,27.080,0.002,0.760,43.879,0.00
1786275891,ingest,0.00,0.00,0.0,27.080,0.002,0.760,43.881,0.00
1786275896,ingest,0.00,0.00,0.0,27.080,0.002,0.760,43.881,0.00
1786275901,ingest,0.00,0.00,0.0,27.080,0.002,0.760,43.883,0.00
1786275906,ingest,0.00,0.00,0.0,27.080,0.002,0.760,43.887,0.00
1786275911,ingest,0.00,0.00,0.0,27.080,0.002,0.760,43.887,0.00
1786275916,ingest,0.00,0.00,0.0,27.080,0.002,0.760,43.888,0.00
1786275921,ingest,0.00,0.00,0.0,27.080,0.002,0.760,43.887,0.00
1786275926,ingest,0.00,0.00,0.0,27.080,0.002,0.760,43.887,0.00
1786275931,ingest,0.00,0.00,0.0,27.080,0.002,0.760,43.888,0.00
1786275936,ingest,0.00,0.00,0.0,27.080,0.002,0.760,43.887,0.00
1786275941,ingest,0.00,0.00,0.0,27.080,0.002,0.760,43.889,0.00
1786275946,ingest,0.00,0.00,0.0,27.080,0.002,0.760,43.888,0.00
1786275951,ingest,0.00,0.00,0.0,27.080,0.002,0.760,43.889,0.00
1786275956,ingest,0.00,0.00,0.0,27.080,0.002,0.760,43.889,0.00
1786275961,ingest,0.00,0.00,0.0,27.080,0.002,0.760,43.889,0.00
1786275966,ingest,0.00,0.00,0.0,27.080,0.002,0.760,43.891,0.00
1786275971,ingest,0.00,0.00,0.0,27.080,0.002,0.760,43.881,0.03
1786275976,ingest,0.00,0.00,0.0,27.080,0.002,0.760,43.884,0.00
1786275981,ingest,0.00,0.00,0.0,27.080,0.002,0.760,43.884,0.00
1786275987,ingest,0.00,0.00,0.0,27.080,0.002,0.760,43.885,0.00
1786275992,ingest,0.00,0.00,0.0,27.080,0.002,0.760,43.884,0.00
1786275997,ingest,0.00,0.00,0.0,27.080,0.002,0.760,43.882,0.00
1786276002,ingest,0.00,0.00,0.0,27.080,0.002,0.760,43.882,0.00
1786276007,ingest,0.00,0.00,0.0,27.080,0.002,0.760,43.884,0.00
1786276012,ingest,0.00,0.00,0.0,27.080,0.002,0.760,43.886,0.00
1786276017,ingest,0.00,0.00,0.0,27.080,0.002,0.760,43.886,0.00
1786276022,ingest,0.00,0.00,0.0,27.080,0.002,0.760,43.885,0.00
1786276027,ingest,0.00,0.00,0.0,27.080,0.002,0.760,43.881,0.00
1786276032,ingest,0.00,0.00,0.0,27.080,0.002,0.760,43.880,0.00
1786276037,ingest,0.00,0.00,0.0,27.080,0.002,0.760,43.883,0.00
1786276042,ingest,0.00,0.00,0.0,27.080,0.002,0.760,43.884,0.00
1786276047,ingest,0.00,0.00,0.0,27.080,0.002,0.760,43.886,0.00
1786276052,ingest,0.00,0.00,0.0,27.080,0.002,0.760,43.887,0.00
1786276057,ingest,0.00,0.00,0.0,27.080,0.002,0.760,43.888,0.00
1786276062,ingest,0.00,0.00,0.0,27.080,0.002,0.760,43.886,0.00
1786276067,ingest,0.00,0.00,0.0,27.080,0.002,0.760,43.878,0.00
1786276072,ingest,0.00,0.00,0.0,27.080,0.002,0.760,43.879,0.00
1786276077,ingest,0.00,0.00,0.0,27.080,0.002,0.760,43.878,0.00
1786276083,ingest,0.00,0.00,0.0,27.080,0.002,0.760,43.878,0.00
1786276088,ingest,0.00,0.00,0.0,27.080,0.002,0.760,43.879,0.00
1786276093,ingest,0.00,0.00,0.0,27.080,0.002,0.760,43.880,0.00
1786276098,ingest,0.00,0.00,0.0,27.080,0.002,0.760,43.878,0.00
1786276103,ingest,0.00,0.00,0.0,27.080,0.002,0.760,43.878,0.00
1786276108,ingest,0.00,0.00,0.0,27.080,0.002,0.760,43.878,0.00
1786276113,ingest,0.00,0.00,0.0,27.080,0.002,0.760,43.878,0.00
1786276118,ingest,0.00,0.00,0.0,27.080,0.002,0.760,43.878,0.00
1786276123,ingest,0.00,0.00,0.0,27.080,0.002,0.760,43.879,0.00
1786276128,ingest,0.00,0.00,0.0,27.080,0.002,0.760,43.877,0.00
1786276133,ingest,0.00,0.00,0.0,27.080,0.002,0.760,43.878,0.00
1786276138,ingest,0.00,0.00,0.0,27.080,0.002,0.760,43.879,0.00
1786276143,ingest,0.00,0.00,0.0,27.080,0.002,0.760,43.879,0.00
1786276148,ingest,0.00,0.00,0.0,27.080,0.002,0.760,43.878,0.00
1786276153,ingest,0.00,0.00,0.0,27.080,0.002,0.760,43.879,0.00
1786276158,ingest,0.00,0.00,0.0,27.080,0.002,0.760,43.880,0.00
1786276163,ingest,0.00,0.00,0.0,27.080,0.002,0.760,43.880,0.00
1786276168,ingest,0.00,0.00,0.0,27.080,0.002,0.760,43.878,0.00
1786276173,ingest,0.00,0.00,0.0,27.080,0.002,0.760,43.878,0.00
1786276179,ingest,0.00,0.00,0.0,27.080,0.002,0.760,43.880,0.00
1786276184,ingest,0.00,0.00,0.0,27.080,0.002,0.760,43.880,0.00
1786276189,ingest,0.00,0.00,0.0,27.080,0.002,0.760,43.877,0.00
1786276194,ingest,0.00,0.00,0.0,27.080,0.002,0.760,43.877,0.00
1786276199,ingest,0.00,0.00,0.0,27.080,0.002,0.760,43.875,0.00
1786276204,ingest,0.00,0.00,0.0,27.080,0.002,0.760,43.875,0.00
1786276209,ingest,0.00,0.00,0.0,27.080,0.002,0.760,43.879,0.00
1786276214,ingest,0.00,0.00,0.0,27.080,0.002,0.760,43.881,0.00
1786276219,ingest,0.00,0.00,0.0,27.080,0.002,0.760,43.883,0.00
1786276224,ingest,0.00,0.00,0.0,27.080,0.002,0.760,43.884,0.00
1786276229,ingest,0.00,0.00,0.0,27.080,0.002,0.760,43.883,0.00
1786276234,ingest,0.00,0.00,0.0,27.080,0.002,0.760,43.887,0.00
1786276239,ingest,0.00,0.00,0.0,27.080,0.002,0.760,43.887,0.00
1786276244,ingest,0.00,0.00,0.0,27.080,0.002,0.760,43.890,0.00
1786276249,ingest,0.00,0.00,0.0,27.080,0.002,0.760,43.890,0.00
1786276254,ingest,0.00,0.00,0.0,27.080,0.002,0.760,43.892,0.00
1786276259,ingest,0.00,0.00,0.0,27.080,0.002,0.760,43.892,0.00
1786276264,ingest,0.00,0.00,0.0,27.080,0.002,0.760,43.893,0.00
1786276269,ingest,0.00,0.00,0.0,27.080,0.002,0.760,43.887,0.03
1786276275,ingest,0.00,0.00,0.0,27.080,0.002,0.760,43.888,0.00
1786276280,ingest,0.00,0.00,0.0,27.080,0.002,0.760,43.888,0.00
1786276285,ingest,0.00,0.00,0.0,27.080,0.002,0.760,43.887,0.00
1786276290,ingest,0.00,0.00,0.0,27.080,0.002,0.760,43.887,0.00
1786276295,ingest,0.00,0.00,0.0,27.080,0.002,0.760,43.884,0.00
1786276300,ingest,0.00,0.00,0.0,27.080,0.002,0.760,43.885,0.00
1786276305,ingest,0.00,0.00,0.0,27.080,0.002,0.760,43.881,0.00
1786276310,ingest,0.00,0.00,0.0,27.080,0.002,0.760,43.882,0.00
1786276315,ingest,0.00,0.00,0.0,27.080,0.002,0.760,43.881,0.00
1786276320,ingest,0.00,0.00,0.0,27.080,0.002,0.760,43.882,0.00
1786276325,ingest,0.00,0.00,0.0,27.080,0.002,0.760,43.885,0.00
1786276330,ingest,0.00,0.00,0.0,27.080,0.002,0.760,43.886,0.00
1786276335,ingest,0.00,0.00,0.0,27.080,0.002,0.760,43.892,0.00
1786276340,ingest,0.00,0.00,0.0,27.080,0.002,0.760,43.892,0.00
1786276345,ingest,0.00,0.00,0.0,27.080,0.002,0.760,43.887,0.00
1786276350,ingest,0.00,0.00,0.0,27.080,0.002,0.760,43.888,0.00
1786276355,ingest,0.00,0.00,0.0,27.080,0.002,0.760,43.889,0.00
1786276360,ingest,0.00,0.00,0.0,27.080,0.002,0.760,43.889,0.00
1786276366,ingest,0.00,0.00,0.0,27.080,0.002,0.760,43.885,0.00
1786276371,ingest,0.00,0.00,0.0,27.080,0.002,0.760,43.885,0.00
1786276376,ingest,0.00,0.00,0.0,27.080,0.002,0.760,43.883,0.00
1786276381,ingest,0.00,0.00,0.0,27.080,0.002,0.760,43.883,0.00
1786276386,ingest,0.00,0.00,0.0,27.080,0.002,0.760,43.886,0.00
1786276391,ingest,0.00,0.00,0.0,27.080,0.002,0.760,43.886,0.00
1786276396,ingest,0.00,0.00,0.0,27.080,0.002,0.760,43.888,0.00
1786276401,ingest,0.00,0.00,0.0,27.080,0.002,0.760,43.889,0.00
1786276406,ingest,0.00,0.00,0.0,27.080,0.002,0.760,43.891,0.00
1786276411,ingest,0.00,0.00,0.0,27.080,0.002,0.760,43.891,0.00
1786276416,ingest,0.00,0.00,0.0,27.080,0.002,0.760,43.894,0.00
1786276421,ingest,0.00,0.00,0.0,27.080,0.002,0.760,43.894,0.00
1786276426,ingest,0.00,0.00,0.0,27.080,0.002,0.760,43.894,0.00
1786276431,ingest,0.00,0.00,0.0,27.080,0.002,0.760,43.895,0.00
1786276436,ingest,0.00,0.00,0.0,27.080,0.002,0.760,43.889,0.00
1786276441,ingest,0.00,0.00,0.0,27.080,0.002,0.760,43.889,0.00
1786276446,ingest,0.00,0.00,0.0,27.080,0.002,0.760,43.890,0.00
1786276451,ingest,0.00,0.00,0.0,27.080,0.002,0.760,43.891,0.00
1786276456,ingest,0.00,0.00,0.0,27.080,0.002,0.760,43.891,0.00
1786276461,ingest,0.00,0.00,0.0,27.080,0.002,0.760,43.891,0.00
1786276467,ingest,0.00,0.00,0.0,27.080,0.002,0.760,43.887,0.00
1786276472,ingest,0.00,0.00,0.0,27.080,0.002,0.760,43.887,0.00
1786276477,ingest,0.00,0.00,0.0,27.080,0.002,0.760,43.882,0.00
1786276482,ingest,0.00,0.00,0.0,27.080,0.002,0.760,43.882,0.00
1786276487,ingest,0.00,0.00,0.0,27.080,0.002,0.760,43.879,0.00
1786276492,ingest,0.00,0.00,0.0,27.080,0.002,0.760,43.878,0.00
1786276497,ingest,0.00,0.00,0.0,27.080,0.002,0.760,43.879,0.00
1786276502,ingest,0.00,0.00,0.0,27.080,0.002,0.760,43.878,0.00
1786276507,ingest,0.00,0.00,0.0,27.080,0.002,0.760,43.877,0.00
1786276512,ingest,0.00,0.00,0.0,27.080,0.002,0.760,43.879,0.00
1786276517,ingest,0.00,0.00,0.0,27.080,0.002,0.760,43.880,0.00
1786276522,ingest,0.00,0.00,0.0,27.080,0.002,0.760,43.881,0.00
1786276527,ingest,0.00,0.00,0.0,27.080,0.002,0.760,43.882,0.00
1786276532,ingest,0.00,0.00,0.0,27.080,0.002,0.760,43.883,0.00
1786276537,ingest,0.00,0.00,0.0,27.080,0.002,0.760,43.882,0.00
1786276542,ingest,0.00,0.00,0.0,27.080,0.002,0.760,43.882,0.00
1786276547,ingest,0.00,0.00,0.0,27.080,0.002,0.760,43.879,0.00
1786276552,ingest,0.00,0.00,0.0,27.080,0.002,0.760,43.879,0.00
1786276558,ingest,0.00,0.00,0.0,27.080,0.002,0.760,43.881,0.00
1786276563,ingest,0.00,0.00,0.0,27.080,0.002,0.760,43.883,0.00
1786276568,ingest,0.00,0.00,0.0,27.080,0.002,0.760,43.880,0.00
1786276573,ingest,0.00,0.00,0.0,27.080,0.002,0.760,43.866,0.03
1786276578,ingest,0.00,0.00,0.0,27.080,0.002,0.760,43.869,0.00
1786276583,ingest,0.00,0.00,0.0,27.080,0.002,0.760,43.869,0.00
1786276588,ingest,0.00,0.00,0.0,27.080,0.002,0.760,43.869,0.00
1786276593,ingest,0.00,0.00,0.0,27.080,0.002,0.760,43.871,0.00
1786276598,ingest,0.00,0.00,0.0,27.080,0.002,0.760,43.865,0.00
1786276603,ingest,0.00,0.00,0.0,27.080,0.002,0.760,43.870,0.00
1786276608,ingest,0.00,0.00,0.0,27.080,0.002,0.760,43.870,0.00
1786276613,ingest,0.00,0.00,0.0,27.080,0.002,0.760,43.868,0.00
1786276618,ingest,0.00,0.00,0.0,27.080,0.002,0.760,43.868,0.00
1786276623,ingest,0.00,0.00,0.0,27.080,0.002,0.760,43.869,0.00
1786276628,ingest,0.00,0.00,0.0,27.080,0.002,0.760,43.870,0.00
1786276633,ingest,0.00,0.00,0.0,27.080,0.002,0.760,43.872,0.00
1786276638,ingest,0.00,0.00,0.0,27.080,0.002,0.760,43.872,0.00
1786276643,ingest,0.00,0.00,0.0,27.080,0.002,0.760,43.870,0.00
1786276648,ingest,0.00,0.00,0.0,27.080,0.002,0.760,43.871,0.00
1786276654,ingest,0.00,0.00,0.0,27.080,0.002,0.760,43.869,0.00
1786276659,ingest,0.00,0.00,0.0,27.080,0.002,0.760,43.870,0.00
1786276664,ingest,0.00,0.00,0.0,27.080,0.002,0.760,43.870,0.00
1786276669,ingest,0.00,0.00,0.0,27.080,0.002,0.760,43.872,0.00
1786276674,ingest,0.00,0.00,0.0,27.080,0.002,0.760,43.874,0.00
1786276679,ingest,0.00,0.00,0.0,27.080,0.002,0.760,43.874,0.00
1786276684,ingest,0.00,0.00,0.0,27.080,0.002,0.760,43.873,0.00
1786276689,ingest,0.00,0.00,0.0,27.080,0.002,0.760,43.873,0.00
1786276694,ingest,0.00,0.00,0.0,27.080,0.002,0.760,43.873,0.00
1786276699,ingest,0.00,0.00,0.0,27.080,0.002,0.760,43.874,0.00
1786276704,ingest,0.00,0.00,0.0,27.080,0.002,0.760,43.872,0.00
1786276709,ingest,0.00,0.00,0.0,27.080,0.002,0.760,43.873,0.00
1786276714,ingest,0.00,0.00,0.0,27.080,0.002,0.760,43.874,0.00
1786276719,ingest,0.00,0.00,0.0,27.080,0.002,0.760,43.875,0.00
1786276724,ingest,0.00,0.00,0.0,27.080,0.002,0.760,43.874,0.00
1786276729,ingest,0.00,0.00,0.0,27.080,0.002,0.760,43.875,0.00
1786276734,ingest,0.00,0.00,0.0,27.080,0.002,0.760,43.874,0.00
1786276739,ingest,0.00,0.00,0.0,27.080,0.002,0.760,43.874,0.00
1786276745,ingest,0.00,0.00,0.0,27.080,0.002,0.760,43.873,0.00
1786276750,ingest,0.00,0.00,0.0,27.080,0.002,0.760,43.872,0.00
1786276755,ingest,0.00,0.00,0.0,27.080,0.002,0.760,43.873,0.00
1786276760,ingest,0.00,0.00,0.0,27.080,0.002,0.760,43.872,0.00
1786276765,ingest,0.00,0.00,0.0,27.080,0.002,0.760,43.872,0.00
1786276770,ingest,0.00,0.00,0.0,27.080,0.002,0.760,43.874,0.00
1786276775,ingest,0.00,0.00,0.0,27.080,0.002,0.760,43.873,0.00
1786276780,ingest,0.00,0.00,0.0,27.080,0.002,0.760,43.872,0.00
1786276785,ingest,0.00,0.00,0.0,27.080,0.002,0.760,43.875,0.00
1786276790,ingest,0.00,0.00,0.0,27.080,0.002,0.760,43.875,0.00
1786276795,ingest,0.00,0.00,0.0,27.080,0.002,0.760,43.878,0.00
1786276800,ingest,0.00,0.00,0.0,27.080,0.002,0.760,43.878,0.00
1786276805,ingest,0.00,0.00,0.0,27.080,0.002,0.760,43.879,0.00
1786276810,ingest,0.00,0.00,0.0,27.080,0.002,0.760,43.879,0.00
1786276815,ingest,0.00,0.00,0.0,27.080,0.002,0.760,43.882,0.00
1786276820,ingest,0.00,0.00,0.0,27.080,0.002,0.760,43.884,0.00
1786276825,ingest,0.00,0.00,0.0,27.080,0.002,0.760,43.886,0.00
1786276830,ingest,0.00,0.00,0.0,27.080,0.002,0.760,43.886,0.00
1786276835,ingest,0.00,0.00,0.0,27.080,0.002,0.760,43.886,0.00
1786276841,ingest,0.00,0.00,0.0,27.080,0.002,0.760,43.886,0.00
1786276846,ingest,0.00,0.00,0.0,27.080,0.002,0.760,43.886,0.00
1786276851,ingest,0.00,0.00,0.0,27.080,0.002,0.760,43.887,0.00
1786276856,ingest,0.00,0.00,0.0,27.080,0.002,0.760,43.882,0.00
1786276861,ingest,0.00,0.00,0.0,27.080,0.002,0.760,43.882,0.00
1786276866,ingest,0.00,0.00,0.0,27.080,0.002,0.760,43.885,0.00
1786276871,ingest,0.00,0.00,0.0,27.080,0.002,0.760,43.872,0.03
1786276876,ingest,0.00,0.00,0.0,27.080,0.002,0.760,43.873,0.00
1786276881,ingest,0.00,0.00,0.0,27.080,0.002,0.760,43.873,0.00
1786276886,ingest,0.00,0.00,0.0,27.080,0.002,0.760,43.873,0.00
1786276891,ingest,0.00,0.00,0.0,27.080,0.002,0.760,43.873,0.00
1786276896,ingest,0.00,0.00,0.0,27.080,0.002,0.760,43.872,0.00
1786276901,ingest,0.00,0.00,0.0,27.080,0.002,0.760,43.872,0.00
1786276906,ingest,0.00,0.00,0.0,27.080,0.002,0.760,43.872,0.00
1786276911,ingest,0.00,0.00,0.0,27.080,0.002,0.760,43.872,0.00
1786276916,ingest,0.00,0.00,0.0,27.080,0.002,0.760,43.873,0.00
1786276921,ingest,0.00,0.00,0.0,27.080,0.002,0.760,43.872,0.00
1786276926,ingest,0.00,0.00,0.0,27.080,0.002,0.760,43.875,0.00
1786276931,ingest,0.00,0.00,0.0,27.080,0.002,0.760,43.875,0.00
1786276937,ingest,0.00,0.00,0.0,27.080,0.002,0.760,43.873,0.00
1786276942,ingest,0.00,0.00,0.0,27.080,0.002,0.760,43.873,0.00
1786276947,ingest,0.00,0.00,0.0,27.080,0.002,0.760,43.873,0.00
1786276952,ingest,0.00,0.00,0.0,27.080,0.002,0.760,43.873,0.00
1786276957,ingest,0.00,0.00,0.0,27.080,0.002,0.760,43.872,0.00
1786276962,ingest,0.00,0.00,0.0,27.080,0.002,0.760,43.873,0.00
1786276967,ingest,0.00,0.00,0.0,27.080,0.002,0.760,43.875,0.00
1786276972,ingest,0.00,0.00,0.0,27.080,0.002,0.760,43.874,0.00
1786276977,ingest,0.00,0.00,0.0,27.080,0.002,0.760,43.875,0.00
1786276982,ingest,0.00,0.00,0.0,27.080,0.002,0.760,43.874,0.00
1786276987,ingest,0.00,0.00,0.0,27.080,0.002,0.760,43.875,0.00
1786276992,ingest,0.00,0.00,0.0,27.080,0.002,0.760,43.877,0.00
1786276997,ingest,0.00,0.00,0.0,27.080,0.002,0.760,43.878,0.00
1786277002,ingest,0.00,0.00,0.0,27.080,0.002,0.760,43.880,0.00
1786277007,ingest,0.00,0.00,0.0,27.080,0.002,0.760,43.881,0.00
1786277012,ingest,0.00,0.00,0.0,27.080,0.002,0.760,43.880,0.00
1786277017,ingest,0.00,0.00,0.0,27.080,0.002,0.760,43.882,0.00
1786277022,ingest,0.00,0.00,0.0,27.080,0.002,0.760,43.885,0.00
1786277028,ingest,0.00,0.00,0.0,27.080,0.002,0.760,43.886,0.00
1786277033,ingest,0.00,0.00,0.0,27.080,0.002,0.760,43.880,0.00
1786277038,ingest,0.00,0.00,0.0,27.080,0.002,0.760,43.881,0.00
1786277043,ingest,0.00,0.00,0.0,27.080,0.002,0.760,43.883,0.00
1786277048,ingest,0.00,0.00,0.0,27.080,0.002,0.760,43.883,0.00
1786277053,ingest,0.00,0.00,0.0,27.080,0.002,0.760,43.884,0.00
1786277058,ingest,0.00,0.00,0.0,27.080,0.002,0.760,43.886,0.00
1786277063,ingest,0.00,0.00,0.0,27.080,0.002,0.760,43.886,0.00
1786277068,ingest,0.00,0.00,0.0,27.080,0.002,0.760,43.886,0.00
1786277073,ingest,0.00,0.00,0.0,27.080,0.002,0.760,43.886,0.00
1786277078,ingest,0.00,0.00,0.0,27.080,0.002,0.760,43.886,0.00
1786277083,ingest,0.00,0.00,0.0,27.080,0.002,0.760,43.883,0.00
1786277088,ingest,0.00,0.00,0.0,27.080,0.002,0.760,43.884,0.00
1786277093,ingest,0.00,0.00,0.0,27.080,0.002,0.760,43.884,0.00
1786277098,ingest,0.00,0.00,0.0,27.080,0.002,0.760,43.884,0.00
1786277103,ingest,0.00,0.00,0.0,27.080,0.002,0.760,43.881,0.00
1786277108,ingest,0.00,0.00,0.0,27.080,0.002,0.760,43.882,0.00
1786277113,ingest,0.00,0.00,0.0,27.080,0.002,0.760,43.881,0.00
1786277119,ingest,0.00,0.00,0.0,27.080,0.002,0.760,43.882,0.00
1786277124,ingest,0.00,0.00,0.0,27.080,0.002,0.760,43.882,0.00
1786277129,ingest,0.00,0.00,0.0,27.080,0.002,0.760,43.883,0.00
1786277134,ingest,0.00,0.00,0.0,27.080,0.002,0.760,43.886,0.00
1786277139,ingest,0.00,0.00,0.0,27.080,0.002,0.760,43.887,0.00
1786277144,ingest,0.00,0.00,0.0,27.080,0.002,0.760,43.889,0.00
1786277149,ingest,0.00,0.00,0.0,27.080,0.002,0.760,43.889,0.00
1786277154,ingest,0.00,0.00,0.0,27.080,0.002,0.760,43.889,0.00
1786277159,ingest,0.00,0.00,0.0,27.080,0.002,0.760,43.890,0.00
1786277164,ingest,0.00,0.00,0.0,27.080,0.002,0.760,43.884,0.00
1786277169,ingest,0.00,0.00,0.0,27.080,0.002,0.760,43.874,0.02
1786277174,ingest,0.00,0.00,0.0,27.080,0.002,0.760,43.872,0.01
1786277179,ingest,0.00,0.00,0.0,27.080,0.002,0.760,43.873,0.00
1786277184,ingest,0.00,0.00,0.0,27.080,0.002,0.760,43.872,0.00
1786277189,ingest,0.00,0.00,0.0,27.080,0.002,0.760,43.874,0.00
1786277194,ingest,0.00,0.00,0.0,27.080,0.002,0.760,43.874,0.00
1786277199,ingest,0.00,0.00,0.0,27.080,0.002,0.760,43.874,0.00
1786277204,ingest,0.00,0.00,0.0,27.080,0.002,0.760,43.873,0.00
1786277209,ingest,0.00,0.00,0.0,27.080,0.002,0.760,43.874,0.00
1786277215,ingest,0.00,0.00,0.0,27.080,0.002,0.760,43.877,0.00
1786277220,ingest,0.00,0.00,0.0,27.080,0.002,0.760,43.877,0.00
1786277225,ingest,0.00,0.00,0.0,27.080,0.002,0.760,43.878,0.00
1786277230,ingest,0.00,0.00,0.0,27.080,0.002,0.760,43.878,0.00
1786277235,ingest,0.00,0.00,0.0,27.080,0.002,0.760,43.879,0.00
1786277240,ingest,0.00,0.00,0.0,27.080,0.002,0.760,43.881,0.00
1786277245,ingest,0.00,0.00,0.0,27.080,0.002,0.760,43.882,0.00
1786277250,ingest,0.00,0.00,0.0,27.080,0.002,0.760,43.884,0.00
1786277255,ingest,0.00,0.00,0.0,27.080,0.002,0.760,43.882,0.00
1786277260,ingest,0.00,0.00,0.0,27.080,0.002,0.760,43.883,0.00
1786277265,ingest,0.00,0.00,0.0,27.080,0.002,0.760,43.884,0.00
1786277270,ingest,0.00,0.00,0.0,27.080,0.002,0.760,43.885,0.00
1786277275,ingest,0.00,0.00,0.0,27.080,0.002,0.760,43.885,0.00
1786277280,ingest,0.00,0.00,0.0,27.080,0.002,0.760,43.885,0.00
1786277285,ingest,0.00,0.00,0.0,27.080,0.002,0.760,43.884,0.00
1786277290,ingest,0.00,0.00,0.0,27.080,0.002,0.760,43.885,0.00
1786277295,ingest,0.00,0.00,0.0,27.080,0.002,0.760,43.885,0.00
1786277300,ingest,0.00,0.00,0.0,27.080,0.002,0.760,43.885,0.00
1786277305,ingest,0.00,0.00,0.0,27.080,0.002,0.760,43.883,0.00
1786277311,ingest,0.00,0.00,0.0,27.080,0.002,0.760,43.881,0.00
1786277316,ingest,0.00,0.00,0.0,27.080,0.002,0.760,43.878,0.00
1786277321,ingest,0.00,0.00,0.0,27.080,0.002,0.760,43.878,0.00
1786277326,ingest,0.00,0.00,0.0,27.080,0.002,0.760,43.877,0.00
1786277331,ingest,0.00,0.00,0.0,27.080,0.002,0.760,43.884,0.00
1786277336,ingest,0.00,0.00,0.0,27.080,0.002,0.760,43.885,0.00
1786277341,ingest,0.00,0.00,0.0,27.080,0.002,0.760,43.884,0.00
1786277346,ingest,0.00,0.00,0.0,27.080,0.002,0.760,43.884,0.00
1786277351,ingest,0.00,0.00,0.0,27.080,0.002,0.760,43.883,0.00
1786277356,ingest,0.00,0.00,0.0,27.080,0.002,0.760,43.884,0.00
1786277361,ingest,0.00,0.00,0.0,27.080,0.002,0.760,43.884,0.00
1786277366,ingest,0.00,0.00,0.0,27.080,0.002,0.760,43.884,0.00
1786277371,ingest,0.00,0.00,0.0,27.080,0.002,0.760,43.880,0.00
1786277376,ingest,0.00,0.00,0.0,27.080,0.002,0.760,43.880,0.00
1786277381,ingest,0.00,0.00,0.0,27.080,0.002,0.760,43.878,0.00
1786277386,ingest,0.00,0.00,0.0,27.080,0.002,0.760,43.879,0.00
1786277391,ingest,0.00,0.00,0.0,27.080,0.002,0.760,43.879,0.00
1786277396,ingest,0.00,0.00,0.0,27.080,0.002,0.760,43.879,0.00
1786277401,ingest,0.00,0.00,0.0,27.080,0.002,0.760,43.879,0.00
1786277407,ingest,0.00,0.00,0.0,27.080,0.002,0.760,43.877,0.00
1786277412,ingest,0.00,0.00,0.0,27.080,0.002,0.760,43.877,0.00
1786277417,ingest,0.00,0.00,0.0,27.080,0.002,0.760,43.876,0.00
1786277422,ingest,0.00,0.00,0.0,27.080,0.002,0.760,43.880,0.00
1786277427,ingest,0.00,0.00,0.0,27.080,0.002,0.760,43.878,0.00
1786277432,ingest,0.00,0.00,0.0,27.080,0.002,0.760,43.876,0.00
1786277437,ingest,0.00,0.00,0.0,27.080,0.002,0.760,43.879,0.00
1786277442,ingest,0.00,0.00,0.0,27.080,0.002,0.760,43.881,0.00
1786277447,ingest,0.00,0.00,0.0,27.080,0.002,0.760,43.882,0.00
1786277452,ingest,0.00,0.00,0.0,27.080,0.002,0.760,43.879,0.00
1786277457,ingest,0.00,0.00,0.0,27.080,0.002,0.760,43.880,0.00
1786277462,ingest,0.00,0.00,0.0,27.080,0.002,0.760,43.879,0.00
1786277467,ingest,0.00,0.00,0.0,27.080,0.002,0.760,43.879,0.00
1786277472,ingest,0.00,0.00,0.0,27.080,0.002,0.760,43.861,0.03
1786277477,ingest,0.00,0.00,0.0,27.080,0.002,0.760,43.862,0.00
1786277482,ingest,0.00,0.00,0.0,27.080,0.002,0.760,43.862,0.00
1786277487,ingest,0.00,0.00,0.0,27.080,0.002,0.760,43.862,0.00
1786277492,ingest,0.00,0.00,0.0,27.080,0.002,0.760,43.861,0.00
1786277498,ingest,0.00,0.00,0.0,27.080,0.002,0.760,43.861,0.00
1786277503,ingest,0.00,0.00,0.0,27.080,0.002,0.760,43.861,0.00
1786277508,ingest,0.00,0.00,0.0,27.080,0.002,0.760,43.861,0.00
1786277513,ingest,0.00,0.00,0.0,27.080,0.002,0.760,43.860,0.00
1786277518,ingest,0.00,0.00,0.0,27.080,0.002,0.760,43.859,0.00
1786277523,ingest,0.00,0.00,0.0,27.080,0.002,0.760,43.861,0.00
1786277528,ingest,0.00,0.00,0.0,27.080,0.002,0.760,43.862,0.00
1786277533,ingest,0.00,0.00,0.0,27.080,0.002,0.760,43.864,0.00
1786277538,ingest,0.00,0.00,0.0,27.080,0.002,0.760,43.864,0.00
1786277543,ingest,0.00,0.00,0.0,27.080,0.002,0.760,43.868,0.00
1786277548,ingest,0.00,0.00,0.0,27.080,0.002,0.760,43.868,0.00
1786277553,ingest,0.00,0.00,0.0,27.080,0.002,0.760,43.870,0.00
1786277558,ingest,0.00,0.00,0.0,27.080,0.002,0.760,43.870,0.00
1786277563,ingest,0.00,0.00,0.0,27.080,0.002,0.760,43.866,0.00
1786277568,ingest,0.00,0.00,0.0,27.080,0.002,0.760,43.867,0.00
1786277573,ingest,0.00,0.00,0.0,27.080,0.002,0.760,43.865,0.00
1786277578,ingest,0.00,0.00,0.0,27.080,0.002,0.760,43.866,0.00
1786277583,ingest,0.00,0.00,0.0,27.080,0.002,0.760,43.866,0.00
1786277588,ingest,0.00,0.00,0.0,27.080,0.002,0.760,43.866,0.00
1786277594,ingest,0.00,0.00,0.0,27.080,0.002,0.760,43.865,0.00
1786277599,ingest,0.00,0.00,0.0,27.080,0.002,0.760,43.865,0.00
1786277604,ingest,0.00,0.00,0.0,27.080,0.002,0.760,43.865,0.00
1786277609,ingest,0.00,0.00,0.0,27.080,0.002,0.760,43.864,0.00
1786277614,ingest,0.00,0.00,0.0,27.080,0.002,0.760,43.861,0.00
1786277619,ingest,0.00,0.00,0.0,27.080,0.002,0.760,43.861,0.00
1786277624,ingest,0.00,0.00,0.0,27.080,0.002,0.760,43.863,0.00
1786277629,ingest,0.00,0.00,0.0,27.080,0.002,0.760,43.862,0.00
1786277634,ingest,0.00,0.00,0.0,27.080,0.002,0.760,43.860,0.00
1786277639,ingest,0.00,0.00,0.0,27.080,0.002,0.760,43.860,0.00
1786277644,ingest,0.00,0.00,0.0,27.080,0.002,0.760,43.860,0.00
1786277649,ingest,0.00,0.00,0.0,27.080,0.002,0.760,43.859,0.00
1786277654,ingest,0.00,0.00,0.0,27.080,0.002,0.760,43.858,0.00
1786277659,ingest,0.00,0.00,0.0,27.080,0.002,0.760,43.859,0.00
1786277664,ingest,0.00,0.00,0.0,27.080,0.002,0.760,43.862,0.00
1786277669,ingest,0.00,0.00,0.0,27.080,0.002,0.760,43.863,0.00
1786277674,ingest,0.00,0.00,0.0,27.080,0.002,0.760,43.861,0.00
1786277679,ingest,0.00,0.00,0.0,27.080,0.002,0.760,43.861,0.00
1786277684,ingest,0.00,0.00,0.0,27.080,0.002,0.760,43.854,0.00
1786277690,ingest,0.00,0.00,0.0,27.080,0.002,0.760,43.860,0.00
1786277695,ingest,0.00,0.00,0.0,27.080,0.002,0.760,43.858,0.00
1786277700,ingest,0.00,0.00,0.0,27.080,0.002,0.760,43.857,0.00
1786277705,ingest,0.00,0.00,0.0,27.080,0.002,0.760,43.857,0.00
1786277710,ingest,0.00,0.00,0.0,27.080,0.002,0.760,43.859,0.00
1786277715,ingest,0.00,0.00,0.0,27.080,0.002,0.760,43.860,0.00
1786277720,ingest,0.00,0.00,0.0,27.080,0.002,0.760,43.862,0.00
1786277725,ingest,0.00,0.00,0.0,27.080,0.002,0.760,43.862,0.00
1786277730,ingest,0.00,0.00,0.0,27.080,0.002,0.760,43.860,0.00
1786277735,ingest,0.00,0.00,0.0,27.080,0.002,0.760,43.861,0.00
1786277740,ingest,0.00,0.00,0.0,27.080,0.002,0.760,43.863,0.00
1786277745,ingest,0.00,0.00,0.0,27.080,0.002,0.760,43.863,0.00
1786277750,ingest,0.00,0.00,0.0,27.080,0.002,0.760,43.865,0.00
1786277755,ingest,0.00,0.00,0.0,27.080,0.002,0.760,43.864,0.00
1786277760,ingest,0.00,0.00,0.0,27.080,0.002,0.760,43.865,0.00
1786277765,ingest,0.00,0.00,0.0,27.080,0.002,0.760,43.864,0.00
1786277770,ingest,0.00,0.00,0.0,27.080,0.002,0.760,43.854,0.03
1786277775,ingest,0.00,0.00,0.0,27.080,0.002,0.760,43.853,0.00
1786277780,ingest,0.00,0.00,0.0,27.080,0.002,0.760,43.853,0.00
1786277786,ingest,0.00,0.00,0.0,27.080,0.002,0.760,43.851,0.00
1786277791,ingest,0.00,0.00,0.0,27.080,0.002,0.760,43.855,0.00
1786277796,ingest,0.00,0.00,0.0,27.080,0.002,0.760,43.855,0.00
1786277801,ingest,0.00,0.00,0.0,27.080,0.002,0.760,43.859,0.00
1786277806,ingest,0.00,0.00,0.0,27.080,0.002,0.760,43.860,0.00
1786277811,ingest,0.00,0.00,0.0,27.080,0.002,0.760,43.864,0.00
1786277816,ingest,0.00,0.00,0.0,27.080,0.002,0.760,43.863,0.00
1786277821,ingest,0.00,0.00,0.0,27.080,0.002,0.760,43.861,0.00
1786277826,ingest,0.00,0.00,0.0,27.080,0.002,0.760,43.862,0.00
1786277831,ingest,0.00,0.00,0.0,27.080,0.002,0.760,43.863,0.00
1786277836,ingest,0.00,0.00,0.0,27.080,0.002,0.760,43.864,0.00
1786277841,ingest,0.00,0.00,0.0,27.080,0.002,0.760,43.863,0.00
1786277846,ingest,0.00,0.00,0.0,27.080,0.002,0.760,43.865,0.00
1786277851,ingest,0.00,0.00,0.0,27.080,0.002,0.760,43.868,0.00
1786277856,ingest,0.00,0.00,0.0,27.080,0.002,0.760,43.867,0.00
1786277861,ingest,0.00,0.00,0.0,27.080,0.002,0.760,43.866,0.00
1786277866,ingest,0.00,0.00,0.0,27.080,0.002,0.760,43.866,0.00
1786277871,ingest,0.00,0.00,0.0,27.080,0.002,0.760,43.866,0.00
1786277876,ingest,0.00,0.00,0.0,27.080,0.002,0.760,43.867,0.00
1786277882,ingest,0.00,0.00,0.0,27.080,0.002,0.760,43.870,0.00
1786277887,ingest,0.00,0.00,0.0,27.080,0.002,0.760,43.870,0.00
1786277892,ingest,0.00,0.00,0.0,27.080,0.002,0.760,43.873,0.00
1786277897,ingest,0.00,0.00,0.0,27.080,0.002,0.760,43.873,0.00
1786277902,ingest,0.00,0.00,0.0,27.080,0.002,0.760,43.874,0.00
1786277907,ingest,0.00,0.00,0.0,27.080,0.002,0.760,43.874,0.00
1786277912,ingest,0.00,0.00,0.0,27.080,0.002,0.760,43.871,0.00
1786277917,ingest,0.00,0.00,0.0,27.080,0.002,0.760,43.871,0.00
1786277922,ingest,0.00,0.00,0.0,27.080,0.002,0.760,43.872,0.00
1786277927,ingest,0.00,0.00,0.0,27.080,0.002,0.760,43.874,0.00
1786277932,ingest,0.00,0.00,0.0,27.080,0.002,0.760,43.872,0.00
1786277937,ingest,0.00,0.00,0.0,27.080,0.002,0.760,43.872,0.00
1786277942,ingest,0.00,0.00,0.0,27.080,0.002,0.760,43.871,0.00
1786277947,ingest,0.00,0.00,0.0,27.080,0.002,0.760,43.872,0.00
1786277952,ingest,0.00,0.00,0.0,27.080,0.002,0.760,43.874,0.00
1786277957,ingest,0.00,0.00,0.0,27.080,0.002,0.760,43.875,0.00
1786277962,ingest,0.00,0.00,0.0,27.080,0.002,0.760,43.875,0.00
1786277967,ingest,0.00,0.00,0.0,27.080,0.002,0.760,43.874,0.00
1786277973,ingest,0.00,0.00,0.0,27.080,0.002,0.760,43.877,0.00
1786277978,ingest,0.00,0.00,0.0,27.080,0.002,0.760,43.878,0.00
1786277983,ingest,0.00,0.00,0.0,27.080,0.002,0.760,43.881,0.00
1786277988,ingest,0.00,0.00,0.0,27.080,0.002,0.760,43.882,0.00
1786277993,ingest,0.00,0.00,0.0,27.080,0.002,0.760,43.881,0.00
1786277998,ingest,0.00,0.00,0.0,27.080,0.002,0.760,43.882,0.00
1786278003,ingest,0.00,0.00,0.0,27.080,0.002,0.760,43.884,0.00
1786278008,ingest,0.00,0.00,0.0,27.080,0.002,0.760,43.885,0.00
1786278013,ingest,0.00,0.00,0.0,27.080,0.002,0.760,43.885,0.00
1786278018,ingest,0.00,0.00,0.0,27.080,0.002,0.760,43.885,0.00
1786278023,ingest,0.00,0.00,0.0,27.080,0.002,0.760,43.883,0.00
1786278028,ingest,0.00,0.00,0.0,27.080,0.002,0.760,43.883,0.00
1786278033,ingest,0.00,0.00,0.0,27.080,0.002,0.760,43.882,0.00
1786278038,ingest,0.00,0.00,0.0,27.080,0.002,0.760,43.882,0.00
1786278043,ingest,0.00,0.00,0.0,27.080,0.002,0.760,43.881,0.00
1786278048,ingest,0.00,0.00,0.0,27.080,0.002,0.760,43.880,0.00
1786278053,ingest,0.00,0.00,0.0,27.080,0.002,0.760,43.880,0.00
1786278058,ingest,0.00,0.00,0.0,27.080,0.002,0.760,43.878,0.00
1786278063,ingest,0.00,0.00,0.0,27.080,0.002,0.760,43.877,0.00
1786278069,ingest,0.00,0.00,0.0,27.080,0.002,0.760,43.874,0.00
1786278074,ingest,0.00,0.00,0.0,27.080,0.002,0.760,43.863,0.03
1786278079,ingest,0.00,0.00,0.0,27.080,0.002,0.760,43.863,0.00
1786278084,ingest,0.00,0.00,0.0,27.080,0.002,0.760,43.863,0.00
1786278089,ingest,0.00,0.00,0.0,27.080,0.002,0.760,43.863,0.00
1786278094,ingest,0.00,0.00,0.0,27.080,0.002,0.760,43.864,0.00
1786278099,ingest,0.00,0.00,0.0,27.080,0.002,0.760,43.865,0.00
1786278104,ingest,0.00,0.00,0.0,27.080,0.002,0.760,43.864,0.00
1786278109,ingest,0.00,0.00,0.0,27.080,0.002,0.760,43.868,0.00
1786278114,ingest,0.00,0.00,0.0,27.080,0.002,0.760,43.868,0.00
1786278119,ingest,0.00,0.00,0.0,27.080,0.002,0.760,43.867,0.00
1786278124,ingest,0.00,0.00,0.0,27.080,0.002,0.760,43.867,0.00
1786278129,ingest,0.00,0.00,0.0,27.080,0.002,0.760,43.867,0.00
1786278134,ingest,0.00,0.00,0.0,27.080,0.002,0.760,43.867,0.00
1786278139,ingest,0.00,0.00,0.0,27.080,0.002,0.760,43.870,0.00
1786278144,ingest,0.00,0.00,0.0,27.080,0.002,0.760,43.869,0.00
1786278149,ingest,0.00,0.00,0.0,27.080,0.002,0.760,43.868,0.00
1786278154,ingest,0.00,0.00,0.0,27.080,0.002,0.760,43.868,0.00
1786278159,ingest,0.00,0.00,0.0,27.080,0.002,0.760,43.869,0.00
1786278165,ingest,0.00,0.00,0.0,27.080,0.002,0.760,43.869,0.00
1786278170,ingest,0.00,0.00,0.0,27.080,0.002,0.760,43.867,0.00
1786278175,ingest,0.00,0.00,0.0,27.080,0.002,0.760,43.867,0.00
1786278180,ingest,0.00,0.00,0.0,27.080,0.002,0.760,43.869,0.00
1786278185,ingest,0.00,0.00,0.0,27.080,0.002,0.760,43.868,0.00
1786278190,ingest,0.00,0.00,0.0,27.080,0.002,0.760,43.872,0.00
1786278195,ingest,0.00,0.00,0.0,27.080,0.002,0.760,43.872,0.00
1786278200,ingest,0.00,0.00,0.0,27.080,0.002,0.760,43.871,0.00
1786278205,ingest,0.00,0.00,0.0,27.080,0.002,0.760,43.870,0.00
1786278210,ingest,0.00,0.00,0.0,27.080,0.002,0.760,43.869,0.00
1786278215,ingest,0.00,0.00,0.0,27.080,0.002,0.760,43.869,0.00
1786278220,ingest,0.00,0.00,0.0,27.080,0.002,0.760,43.871,0.00
1786278225,ingest,0.00,0.00,0.0,27.080,0.002,0.760,43.873,0.00
1786278230,ingest,0.00,0.00,0.0,27.080,0.002,0.760,43.874,0.00
1786278235,ingest,0.00,0.00,0.0,27.080,0.002,0.760,43.875,0.00
1786278240,ingest,0.00,0.00,0.0,27.080,0.002,0.760,43.875,0.00
1786278245,ingest,0.00,0.00,0.0,27.080,0.002,0.760,43.875,0.00
1786278250,ingest,0.00,0.00,0.0,27.080,0.002,0.760,43.872,0.00
1786278255,ingest,0.00,0.00,0.0,27.080,0.002,0.760,43.873,0.00
1786278261,ingest,0.00,0.00,0.0,27.080,0.002,0.760,43.871,0.00
1786278266,ingest,0.00,0.00,0.0,27.080,0.002,0.760,43.871,0.00
1786278271,ingest,0.00,0.00,0.0,27.080,0.002,0.760,43.870,0.00
1786278276,ingest,0.00,0.00,0.0,27.080,0.002,0.760,43.870,0.00
1786278281,ingest,0.00,0.00,0.0,27.080,0.002,0.760,43.868,0.00
1786278286,ingest,0.00,0.00,0.0,27.080,0.002,0.760,43.869,0.00
1786278291,ingest,0.00,0.00,0.0,27.080,0.002,0.760,43.873,0.00
1786278296,ingest,0.00,0.00,0.0,27.080,0.002,0.760,43.874,0.00
1786278301,ingest,0.00,0.00,0.0,27.080,0.002,0.760,43.871,0.00
1786278306,ingest,0.00,0.00,0.0,27.080,0.002,0.760,43.871,0.00
1786278311,ingest,0.00,0.00,0.0,27.080,0.002,0.760,43.875,0.00
1786278316,ingest,0.00,0.00,0.0,27.080,0.002,0.760,43.876,0.00
1786278321,ingest,0.00,0.00,0.0,27.080,0.002,0.760,43.878,0.00
1786278326,ingest,0.00,0.00,0.0,27.080,0.002,0.760,43.878,0.00
1786278331,ingest,0.00,0.00,0.0,27.080,0.002,0.760,43.875,0.00
1786278336,ingest,0.00,0.00,0.0,27.080,0.002,0.760,43.876,0.00
1786278341,ingest,0.00,0.00,0.0,27.080,0.002,0.760,43.872,0.00
1786278346,ingest,0.00,0.00,0.0,27.080,0.002,0.760,43.872,0.00
1786278352,ingest,0.00,0.00,0.0,27.080,0.002,0.760,43.870,0.00
1786278357,ingest,0.00,0.00,0.0,27.080,0.002,0.760,43.871,0.00
1786278362,ingest,0.00,0.00,0.0,27.080,0.002,0.760,43.872,0.00
1786278367,ingest,0.00,0.00,0.0,27.080,0.002,0.760,43.873,0.00
1786278372,ingest,0.00,0.00,0.0,27.080,0.002,0.760,43.860,0.03
1786278377,ingest,0.00,0.00,0.0,27.080,0.002,0.760,43.863,0.00
1786278382,ingest,0.00,0.00,0.0,27.080,0.002,0.760,43.863,0.00
1786278387,ingest,0.00,0.00,0.0,27.080,0.002,0.760,43.865,0.00
1786278392,ingest,0.00,0.00,0.0,27.080,0.002,0.760,43.866,0.00
1786278397,ingest,0.00,0.00,0.0,27.080,0.002,0.760,43.868,0.00
1786278402,ingest,0.00,0.00,0.0,27.080,0.002,0.760,43.871,0.00
1786278407,ingest,0.00,0.00,0.0,27.080,0.002,0.760,43.871,0.00
1786278412,ingest,0.00,0.00,0.0,27.080,0.002,0.760,43.873,0.00
1786278417,ingest,0.00,0.00,0.0,27.080,0.002,0.760,43.872,0.00
1786278422,ingest,0.00,0.00,0.0,27.080,0.002,0.760,43.873,0.00
1786278427,ingest,0.00,0.00,0.0,27.080,0.002,0.760,43.872,0.00
1786278432,ingest,0.00,0.00,0.0,27.080,0.002,0.760,43.873,0.00
1786278437,ingest,0.00,0.00,0.0,27.080,0.002,0.760,43.875,0.00
1786278442,ingest,0.00,0.00,0.0,27.080,0.002,0.760,43.874,0.00
1786278448,ingest,0.00,0.00,0.0,27.080,0.002,0.760,43.874,0.00
1786278453,ingest,0.00,0.00,0.0,27.080,0.002,0.760,43.875,0.00
1786278458,ingest,0.00,0.00,0.0,27.080,0.002,0.760,43.875,0.00
1786278463,ingest,0.00,0.00,0.0,27.080,0.002,0.760,43.875,0.00
1786278468,ingest,0.00,0.00,0.0,27.080,0.002,0.760,43.875,0.00
1786278473,ingest,0.00,0.00,0.0,27.080,0.002,0.760,43.875,0.00
1786278478,ingest,0.00,0.00,0.0,27.080,0.002,0.760,43.873,0.00
1786278483,ingest,0.00,0.00,0.0,27.080,0.002,0.760,43.872,0.00
1786278488,ingest,0.00,0.00,0.0,27.080,0.002,0.760,43.870,0.00
1786278493,ingest,0.00,0.00,0.0,27.080,0.002,0.760,43.871,0.00
1786278498,ingest,0.00,0.00,0.0,27.080,0.002,0.760,43.870,0.00
1786278503,ingest,0.00,0.00,0.0,27.080,0.002,0.760,43.870,0.00
1786278508,ingest,0.00,0.00,0.0,27.080,0.002,0.760,43.870,0.00
1786278513,ingest,0.00,0.00,0.0,27.080,0.002,0.760,43.870,0.00
1786278518,ingest,0.00,0.00,0.0,27.080,0.002,0.760,43.871,0.00
1786278523,ingest,0.00,0.00,0.0,27.080,0.002,0.760,43.870,0.00
1786278528,ingest,0.00,0.00,0.0,27.080,0.002,0.760,43.866,0.00
1786278533,ingest,0.00,0.00,0.0,27.080,0.002,0.760,43.865,0.00
1786278538,ingest,0.00,0.00,0.0,27.080,0.002,0.760,43.867,0.00
1786278544,ingest,0.00,0.00,0.0,27.080,0.002,0.760,43.866,0.00
1786278549,ingest,0.00,0.00,0.0,27.080,0.002,0.760,43.864,0.00
1786278554,ingest,0.00,0.00,0.0,27.080,0.002,0.760,43.863,0.00
1786278559,ingest,0.00,0.00,0.0,27.080,0.002,0.760,43.864,0.00
1786278564,ingest,0.00,0.00,0.0,27.080,0.002,0.760,43.865,0.00
1786278569,ingest,0.00,0.00,0.0,27.080,0.002,0.760,43.864,0.00
1786278574,ingest,0.00,0.00,0.0,27.080,0.002,0.760,43.864,0.00
1786278579,ingest,0.00,0.00,0.0,27.080,0.002,0.760,43.864,0.00
1786278584,ingest,0.00,0.00,0.0,27.080,0.002,0.760,43.865,0.00
1786278589,ingest,0.00,0.00,0.0,27.080,0.002,0.760,43.864,0.00
1786278594,ingest,0.00,0.00,0.0,27.080,0.002,0.760,43.864,0.00
1786278599,ingest,0.00,0.00,0.0,27.080,0.002,0.760,43.863,0.00
1786278604,ingest,0.00,0.00,0.0,27.080,0.002,0.760,43.863,0.00
1786278609,ingest,0.00,0.00,0.0,27.080,0.002,0.760,43.866,0.00
1786278614,ingest,0.00,0.00,0.0,27.080,0.002,0.760,43.866,0.00
1786278619,ingest,0.00,0.00,0.0,27.080,0.002,0.760,43.868,0.00
1786278624,ingest,0.00,0.00,0.0,27.080,0.002,0.760,43.868,0.00
1786278629,ingest,0.00,0.00,0.0,27.080,0.002,0.760,43.866,0.00
1786278635,ingest,0.00,0.00,0.0,27.080,0.002,0.760,43.866,0.00
1786278640,ingest,0.00,0.00,0.0,27.080,0.002,0.760,43.867,0.00
1786278645,ingest,0.00,0.00,0.0,27.080,0.002,0.760,43.868,0.00
1786278650,ingest,0.00,0.00,0.0,27.080,0.002,0.760,43.868,0.00
1786278655,ingest,0.00,0.00,0.0,27.080,0.002,0.760,43.867,0.00
1786278660,ingest,0.00,0.00,0.0,27.080,0.002,0.760,43.865,0.00
1786278665,ingest,0.00,0.00,0.0,27.080,0.002,0.760,43.866,0.00
1786278670,ingest,0.00,0.00,0.0,27.080,0.002,0.760,43.852,0.03
1786278675,ingest,0.00,0.00,0.0,27.080,0.002,0.760,43.852,0.00
1786278680,ingest,0.00,0.00,0.0,27.080,0.002,0.760,43.853,0.00
1786278685,ingest,0.00,0.00,0.0,27.080,0.002,0.760,43.854,0.00
1786278690,ingest,0.00,0.00,0.0,27.080,0.002,0.760,43.853,0.00
1786278695,ingest,0.00,0.00,0.0,27.080,0.002,0.760,43.854,0.00
1786278700,ingest,0.00,0.00,0.0,27.080,0.002,0.760,43.854,0.00
1786278705,ingest,0.00,0.00,0.0,27.080,0.002,0.760,43.853,0.00
1786278710,ingest,0.00,0.00,0.0,27.080,0.002,0.760,43.853,0.00
1786278715,ingest,0.00,0.00,0.0,27.080,0.002,0.760,43.852,0.00
1786278720,ingest,0.00,0.00,0.0,27.080,0.002,0.760,43.855,0.00
1786278725,ingest,0.00,0.00,0.0,27.080,0.002,0.760,43.856,0.00
1786278731,ingest,0.00,0.00,0.0,27.080,0.002,0.760,43.857,0.00
1786278736,ingest,0.00,0.00,0.0,27.080,0.002,0.760,43.858,0.00
1786278741,ingest,0.00,0.00,0.0,27.080,0.002,0.760,43.859,0.00
1786278746,ingest,0.00,0.00,0.0,27.080,0.002,0.760,43.862,0.00
1786278751,ingest,0.00,0.00,0.0,27.080,0.002,0.760,43.864,0.00
1786278756,ingest,0.00,0.00,0.0,27.080,0.002,0.760,43.865,0.00
1786278761,ingest,0.00,0.00,0.0,27.080,0.002,0.760,43.865,0.00
1786278766,ingest,0.00,0.00,0.0,27.080,0.002,0.760,43.867,0.00
1786278771,ingest,0.00,0.00,0.0,27.080,0.002,0.760,43.861,0.00
1786278776,ingest,0.00,0.00,0.0,27.080,0.002,0.760,43.870,0.00
1786278781,ingest,0.00,0.00,0.0,27.080,0.002,0.760,43.871,0.00
1786278786,ingest,0.00,0.00,0.0,27.080,0.002,0.760,43.878,0.00
1786278791,ingest,0.00,0.00,0.0,27.080,0.002,0.760,43.877,0.00
1786278796,ingest,0.00,0.00,0.0,27.080,0.002,0.760,43.878,0.00
1786278801,ingest,0.00,0.00,0.0,27.080,0.002,0.760,43.878,0.00
1786278806,ingest,0.00,0.00,0.0,27.080,0.002,0.760,43.881,0.00
1786278811,ingest,0.00,0.00,0.0,27.080,0.002,0.760,43.880,0.00
1786278816,ingest,0.00,0.00,0.0,27.080,0.002,0.760,43.877,0.00
1786278822,ingest,0.00,0.00,0.0,27.080,0.002,0.760,43.876,0.00
1786278827,ingest,0.00,0.00,0.0,27.080,0.002,0.760,43.874,0.00
1786278832,ingest,0.00,0.00,0.0,27.080,0.002,0.760,43.875,0.00
1786278837,ingest,0.00,0.00,0.0,27.080,0.002,0.760,43.872,0.00
1786278842,ingest,0.00,0.00,0.0,27.080,0.002,0.760,43.872,0.00
1786278847,ingest,0.00,0.00,0.0,27.080,0.002,0.760,43.874,0.00
1786278852,ingest,0.00,0.00,0.0,27.080,0.002,0.760,43.875,0.00
1786278857,ingest,0.00,0.00,0.0,27.080,0.002,0.760,43.879,0.00
1786278862,ingest,0.00,0.00,0.0,27.080,0.002,0.760,43.877,0.00
1786278867,ingest,0.00,0.00,0.0,27.080,0.002,0.760,43.879,0.00
1786278872,ingest,0.00,0.00,0.0,27.080,0.002,0.760,43.879,0.00
1786278877,ingest,0.00,0.00,0.0,27.080,0.002,0.760,43.875,0.00
1786278882,ingest,0.00,0.00,0.0,27.080,0.002,0.760,43.876,0.00
1786278887,ingest,0.00,0.00,0.0,27.080,0.002,0.760,43.878,0.00
1786278892,ingest,0.00,0.00,0.0,27.080,0.002,0.760,43.878,0.00
1786278897,ingest,0.00,0.00,0.0,27.080,0.002,0.760,43.880,0.00
1786278902,ingest,0.00,0.00,0.0,27.080,0.002,0.760,43.879,0.00
1786278907,ingest,0.00,0.00,0.0,27.080,0.002,0.760,43.876,0.00
1786278912,ingest,0.00,0.00,0.0,27.080,0.002,0.760,43.876,0.00
1786278918,ingest,0.00,0.00,0.0,27.080,0.002,0.760,43.874,0.00
1786278923,ingest,0.00,0.00,0.0,27.080,0.002,0.760,43.875,0.00
1786278928,ingest,0.00,0.00,0.0,27.080,0.002,0.760,43.877,0.00
1786278933,ingest,0.00,0.00,0.0,27.080,0.002,0.760,43.878,0.00
1786278938,ingest,0.00,0.00,0.0,27.080,0.002,0.760,43.879,0.00
1786278943,ingest,0.00,0.00,0.0,27.080,0.002,0.760,43.879,0.00
1786278948,ingest,0.00,0.00,0.0,27.080,0.002,0.760,43.881,0.00
1786278953,ingest,0.00,0.00,0.0,27.080,0.002,0.760,43.881,0.00
1786278958,ingest,0.00,0.00,0.0,27.080,0.002,0.760,43.881,0.00
1786278963,ingest,0.00,0.00,0.0,27.080,0.002,0.760,43.881,0.00
1786278968,ingest,0.00,0.00,0.0,27.080,0.002,0.760,43.881,0.00
1786278973,ingest,0.00,0.00,0.0,27.080,0.002,0.760,43.873,0.03
1786278978,ingest,0.00,0.00,0.0,27.080,0.002,0.760,43.874,0.00
1786278983,ingest,0.00,0.00,0.0,27.080,0.002,0.760,43.874,0.00
1786278988,ingest,0.00,0.00,0.0,27.080,0.002,0.760,43.873,0.00
1786278993,ingest,0.00,0.00,0.0,27.080,0.002,0.760,43.873,0.00
1786278998,ingest,0.00,0.00,0.0,27.080,0.002,0.760,43.873,0.00
1786279003,ingest,0.00,0.00,0.0,27.080,0.002,0.760,43.874,0.00
1786279008,ingest,0.00,0.00,0.0,27.080,0.002,0.760,43.875,0.00
1786279014,ingest,0.00,0.00,0.0,27.080,0.002,0.760,43.873,0.00
1786279019,ingest,0.00,0.00,0.0,27.080,0.002,0.760,43.871,0.00
1786279024,ingest,0.00,0.00,0.0,27.080,0.002,0.760,43.873,0.00
1786279029,ingest,0.00,0.00,0.0,27.080,0.002,0.760,43.874,0.00
1786279034,ingest,0.00,0.00,0.0,27.080,0.002,0.760,43.875,0.00
1786279039,ingest,0.00,0.00,0.0,27.080,0.002,0.760,43.875,0.00
1786279044,ingest,0.00,0.00,0.0,27.080,0.002,0.760,43.875,0.00
1786279049,ingest,0.00,0.00,0.0,27.080,0.002,0.760,43.876,0.00
1786279054,ingest,0.00,0.00,0.0,27.080,0.002,0.760,43.877,0.00
1786279059,ingest,0.00,0.00,0.0,27.080,0.002,0.760,43.878,0.00
1786279064,ingest,0.00,0.00,0.0,27.080,0.002,0.760,43.879,0.00
1786279069,ingest,0.00,0.00,0.0,27.080,0.002,0.760,43.879,0.00
1786279074,ingest,0.00,0.00,0.0,27.080,0.002,0.760,43.880,0.00
1786279079,ingest,0.00,0.00,0.0,27.080,0.002,0.760,43.882,0.00
1786279084,ingest,0.00,0.00,0.0,27.080,0.002,0.760,43.882,0.00
1786279089,ingest,0.00,0.00,0.0,27.080,0.002,0.760,43.881,0.00
1786279094,ingest,0.00,0.00,0.0,27.080,0.002,0.760,43.881,0.00
1786279099,ingest,0.00,0.00,0.0,27.080,0.002,0.760,43.882,0.00
1786279104,ingest,0.00,0.00,0.0,27.080,0.002,0.760,43.883,0.00
1786279110,ingest,0.00,0.00,0.0,27.080,0.002,0.760,43.883,0.00
1786279115,ingest,0.00,0.00,0.0,27.080,0.002,0.760,43.883,0.00
1786279120,ingest,0.00,0.00,0.0,27.080,0.002,0.760,43.883,0.00
1786279125,ingest,0.00,0.00,0.0,27.080,0.002,0.760,43.882,0.00
1786279130,ingest,0.00,0.00,0.0,27.080,0.002,0.760,43.882,0.00
1786279135,ingest,0.00,0.00,0.0,27.080,0.002,0.760,43.882,0.00
1786279140,ingest,0.00,0.00,0.0,27.080,0.002,0.760,43.883,0.00
1786279145,ingest,0.00,0.00,0.0,27.080,0.002,0.760,43.881,0.00
1786279150,ingest,0.00,0.00,0.0,27.080,0.002,0.760,43.883,0.00
1786279155,ingest,0.00,0.00,0.0,27.080,0.002,0.760,43.880,0.00
1786279160,ingest,0.00,0.00,0.0,27.080,0.002,0.760,43.880,0.00
1786279165,ingest,0.00,0.00,0.0,27.080,0.002,0.760,43.882,0.00
1786279170,ingest,0.00,0.00,0.0,27.080,0.002,0.760,43.882,0.00
1786279175,ingest,0.00,0.00,0.0,27.080,0.002,0.760,43.884,0.00
1786279180,ingest,0.00,0.00,0.0,27.080,0.002,0.760,43.885,0.00
1786279185,ingest,0.00,0.00,0.0,27.080,0.002,0.760,43.883,0.00
1786279190,ingest,0.00,0.00,0.0,27.080,0.002,0.760,43.884,0.00
1786279195,ingest,0.00,0.00,0.0,27.080,0.002,0.760,43.883,0.00
1786279201,ingest,0.00,0.00,0.0,27.080,0.002,0.760,43.884,0.00
1786279206,ingest,0.00,0.00,0.0,27.080,0.002,0.760,43.885,0.00
1786279211,ingest,0.00,0.00,0.0,27.080,0.002,0.760,43.886,0.00
1786279216,ingest,0.00,0.00,0.0,27.080,0.002,0.760,43.884,0.00
1786279221,ingest,0.00,0.00,0.0,27.080,0.002,0.760,43.884,0.00
1786279226,ingest,0.00,0.00,0.0,27.080,0.002,0.760,43.885,0.00
1786279231,ingest,0.00,0.00,0.0,27.080,0.002,0.760,43.886,0.00
1786279236,ingest,0.00,0.00,0.0,27.080,0.002,0.760,43.881,0.00
1786279241,ingest,0.00,0.00,0.0,27.080,0.002,0.760,43.881,0.00
1786279246,ingest,0.00,0.00,0.0,27.080,0.002,0.760,43.878,0.00
1786279251,ingest,0.00,0.00,0.0,27.080,0.002,0.760,43.877,0.00
1786279256,ingest,0.00,0.00,0.0,27.080,0.002,0.760,43.876,0.00
1786279261,ingest,0.00,0.00,0.0,27.080,0.002,0.760,43.875,0.00
1786279266,ingest,0.00,0.00,0.0,27.080,0.002,0.760,43.873,0.00
1786279271,ingest,0.00,0.00,0.0,27.080,0.002,0.760,43.862,0.03
1786279276,ingest,0.00,0.00,0.0,27.080,0.002,0.760,43.864,0.00
1786279281,ingest,0.00,0.00,0.0,27.080,0.002,0.760,43.864,0.00
1786279286,ingest,0.00,0.00,0.0,27.080,0.002,0.760,43.869,0.00
1786279291,ingest,0.00,0.00,0.0,27.080,0.002,0.760,43.869,0.00
1786279297,ingest,0.00,0.00,0.0,27.080,0.002,0.760,43.870,0.00
1786279302,ingest,0.00,0.00,0.0,27.080,0.002,0.760,43.871,0.00
1786279307,ingest,0.00,0.00,0.0,27.080,0.002,0.760,43.871,0.00
1786279312,ingest,0.00,0.00,0.0,27.080,0.002,0.760,43.871,0.00
1786279317,ingest,0.00,0.00,0.0,27.080,0.002,0.760,43.869,0.00
1786279322,ingest,0.00,0.00,0.0,27.080,0.002,0.760,43.870,0.00
1786279327,ingest,0.00,0.00,0.0,27.080,0.002,0.760,43.873,0.00
1786279332,ingest,0.00,0.00,0.0,27.080,0.002,0.760,43.874,0.00
1786279337,ingest,0.00,0.00,0.0,27.080,0.002,0.760,43.875,0.00
1786279342,ingest,0.00,0.00,0.0,27.080,0.002,0.760,43.875,0.00
1786279347,ingest,0.00,0.00,0.0,27.080,0.002,0.760,43.876,0.00
1786279352,ingest,0.00,0.00,0.0,27.080,0.002,0.760,43.876,0.00
1786279357,ingest,0.00,0.00,0.0,27.080,0.002,0.760,43.873,0.00
1786279362,ingest,0.00,0.00,0.0,27.080,0.002,0.760,43.872,0.00
1786279367,ingest,0.00,0.00,0.0,27.080,0.002,0.760,43.869,0.00
1786279372,ingest,0.00,0.00,0.0,27.080,0.002,0.760,43.869,0.00
1786279377,ingest,0.00,0.00,0.0,27.080,0.002,0.760,43.868,0.00
1786279382,ingest,0.00,0.00,0.0,27.080,0.002,0.760,43.868,0.00
1786279388,ingest,0.00,0.00,0.0,27.080,0.002,0.760,43.868,0.00
1786279393,ingest,0.00,0.00,0.0,27.080,0.002,0.760,43.868,0.00
1786279398,ingest,0.00,0.00,0.0,27.080,0.002,0.760,43.865,0.00
1786279403,ingest,0.00,0.00,0.0,27.080,0.002,0.760,43.865,0.00
1786279408,ingest,0.00,0.00,0.0,27.080,0.002,0.760,43.865,0.00
1786279413,ingest,0.00,0.00,0.0,27.080,0.002,0.760,43.864,0.00
1786279418,ingest,0.00,0.00,0.0,27.080,0.002,0.760,43.866,0.00
1786279423,ingest,0.00,0.00,0.0,27.080,0.002,0.760,43.866,0.00
1786279428,ingest,0.00,0.00,0.0,27.080,0.002,0.760,43.865,0.00
1786279433,ingest,0.00,0.00,0.0,27.080,0.002,0.760,43.866,0.00
1786279438,ingest,0.00,0.00,0.0,27.080,0.002,0.760,43.865,0.00
1786279443,ingest,0.00,0.00,0.0,27.080,0.002,0.760,43.864,0.00
1786279448,ingest,0.00,0.00,0.0,27.080,0.002,0.760,43.864,0.00
1786279453,ingest,0.00,0.00,0.0,27.080,0.002,0.760,43.862,0.00
1786279458,ingest,0.00,0.00,0.0,27.080,0.002,0.760,43.861,0.00
1786279463,ingest,0.00,0.00,0.0,27.080,0.002,0.760,43.862,0.00
1786279468,ingest,0.00,0.00,0.0,27.080,0.002,0.760,43.864,0.00
1786279473,ingest,0.00,0.00,0.0,27.080,0.002,0.760,43.864,0.00
1786279479,ingest,0.00,0.00,0.0,27.080,0.002,0.760,43.866,0.00
1786279484,ingest,0.00,0.00,0.0,27.080,0.002,0.760,43.865,0.00
1786279489,ingest,0.00,0.00,0.0,27.080,0.002,0.760,43.866,0.00
1786279494,ingest,0.00,0.00,0.0,27.080,0.002,0.760,43.867,0.00
1786279499,ingest,0.00,0.00,0.0,27.080,0.002,0.760,43.859,0.00
1786279504,ingest,0.00,0.00,0.0,27.080,0.002,0.760,43.866,0.00
1786279509,ingest,0.00,0.00,0.0,27.080,0.002,0.760,43.866,0.00
1786279514,ingest,0.00,0.00,0.0,27.080,0.002,0.760,43.868,0.00
1786279519,ingest,0.00,0.00,0.0,27.080,0.002,0.760,43.868,0.00
1786279524,ingest,0.00,0.00,0.0,27.080,0.002,0.760,43.866,0.00
1786279529,ingest,0.00,0.00,0.0,27.080,0.002,0.760,43.866,0.00
1786279534,ingest,0.00,0.00,0.0,27.080,0.002,0.760,43.864,0.00
1786279539,ingest,0.00,0.00,0.0,27.080,0.002,0.760,43.864,0.00
1786279544,ingest,0.00,0.00,0.0,27.080,0.002,0.760,43.866,0.00
1786279549,ingest,0.00,0.00,0.0,27.080,0.002,0.760,43.866,0.00
1786279554,ingest,0.00,0.00,0.0,27.080,0.002,0.760,43.867,0.00
1786279559,ingest,0.00,0.00,0.0,27.080,0.002,0.760,43.868,0.00
1786279564,ingest,0.00,0.00,0.0,27.080,0.002,0.760,43.867,0.00
1786279569,ingest,0.00,0.00,0.0,27.080,0.002,0.760,43.857,0.02
1786279575,ingest,0.00,0.00,0.0,27.080,0.002,0.760,43.858,0.01
1786279580,ingest,0.00,0.00,0.0,27.080,0.002,0.760,43.857,0.00
1786279585,ingest,0.00,0.00,0.0,27.080,0.002,0.760,43.857,0.00
1786279590,ingest,0.00,0.00,0.0,27.080,0.002,0.760,43.856,0.00
1786279595,ingest,0.00,0.00,0.0,27.080,0.002,0.760,43.857,0.00
1786279600,ingest,0.00,0.00,0.0,27.080,0.002,0.760,43.857,0.00
1786279605,ingest,0.00,0.00,0.0,27.080,0.002,0.760,43.859,0.00
1786279610,ingest,0.00,0.00,0.0,27.080,0.002,0.760,43.859,0.00
1786279615,ingest,0.00,0.00,0.0,27.080,0.002,0.760,43.859,0.00
1786279620,ingest,0.00,0.00,0.0,27.080,0.002,0.760,43.858,0.00
1786279625,ingest,0.00,0.00,0.0,27.080,0.002,0.760,43.858,0.00
1786279630,ingest,0.00,0.00,0.0,27.080,0.002,0.760,43.859,0.00
1786279635,ingest,0.00,0.00,0.0,27.080,0.002,0.760,43.864,0.00
1786279640,ingest,0.00,0.00,0.0,27.080,0.002,0.760,43.863,0.00
1786279645,ingest,0.00,0.00,0.0,27.080,0.002,0.760,43.861,0.00
1786279650,ingest,0.00,0.00,0.0,27.080,0.002,0.760,43.863,0.00
1786279655,ingest,0.00,0.00,0.0,27.080,0.002,0.760,43.864,0.00
1786279660,ingest,0.00,0.00,0.0,27.080,0.002,0.760,43.863,0.00
1786279666,ingest,0.00,0.00,0.0,27.080,0.002,0.760,43.864,0.00
1786279671,ingest,0.00,0.00,0.0,27.080,0.002,0.760,43.865,0.00
1786279676,ingest,0.00,0.00,0.0,27.080,0.002,0.760,43.869,0.00
1786279681,ingest,0.00,0.00,0.0,27.080,0.002,0.760,43.869,0.00
1786279686,ingest,0.00,0.00,0.0,27.080,0.002,0.760,43.870,0.00
1786279691,ingest,0.00,0.00,0.0,27.080,0.002,0.760,43.871,0.00
1786279696,ingest,0.00,0.00,0.0,27.080,0.002,0.760,43.871,0.00
1786279701,ingest,0.00,0.00,0.0,27.080,0.002,0.760,43.871,0.00
1786279706,ingest,0.00,0.00,0.0,27.080,0.002,0.760,43.869,0.00
1786279711,ingest,0.00,0.00,0.0,27.080,0.002,0.760,43.868,0.00
1786279716,ingest,0.00,0.00,0.0,27.080,0.002,0.760,43.862,0.00
1786279721,ingest,0.00,0.00,0.0,27.080,0.002,0.760,43.862,0.00
1786279726,ingest,0.00,0.00,0.0,27.080,0.002,0.760,43.860,0.00
1786279731,ingest,0.00,0.00,0.0,27.080,0.002,0.760,43.861,0.00
1786279736,ingest,0.00,0.00,0.0,27.080,0.002,0.760,43.859,0.00
1786279741,ingest,0.00,0.00,0.0,27.080,0.002,0.760,43.859,0.00
1786279746,ingest,0.00,0.00,0.0,27.080,0.002,0.760,43.858,0.00
1786279751,ingest,0.00,0.00,0.0,27.080,0.002,0.760,43.858,0.00
1786279756,ingest,0.00,0.00,0.0,27.080,0.002,0.760,43.856,0.00
1786279762,ingest,0.00,0.00,0.0,27.080,0.002,0.760,43.857,0.00
1786279767,ingest,0.00,0.00,0.0,27.080,0.002,0.760,43.857,0.00
1786279772,ingest,0.00,0.00,0.0,27.080,0.002,0.760,43.857,0.00
1786279777,ingest,0.00,0.00,0.0,27.080,0.002,0.760,43.857,0.00
1786279782,ingest,0.00,0.00,0.0,27.080,0.002,0.760,43.857,0.00
1786279787,ingest,0.00,0.00,0.0,27.080,0.002,0.760,43.857,0.00
1786279792,ingest,0.00,0.00,0.0,27.080,0.002,0.760,43.856,0.00
1786279797,ingest,0.00,0.00,0.0,27.080,0.002,0.760,43.857,0.00
1786279802,ingest,0.00,0.00,0.0,27.080,0.002,0.760,43.857,0.00
1786279807,ingest,0.00,0.00,0.0,27.080,0.002,0.760,43.858,0.00
1786279812,ingest,0.00,0.00,0.0,27.080,0.002,0.760,43.857,0.00
1786279817,ingest,0.00,0.00,0.0,27.080,0.002,0.760,43.858,0.00
1786279822,ingest,0.00,0.00,0.0,27.080,0.002,0.760,43.859,0.00
1786279827,ingest,0.00,0.00,0.0,27.080,0.002,0.760,43.862,0.00
1786279832,ingest,0.00,0.00,0.0,27.080,0.002,0.760,43.863,0.00
1786279837,ingest,0.00,0.00,0.0,27.080,0.002,0.760,43.863,0.00
1786279842,ingest,0.00,0.00,0.0,27.080,0.002,0.760,43.861,0.00
1786279847,ingest,0.00,0.00,0.0,27.080,0.002,0.760,43.862,0.00
1786279852,ingest,0.00,0.00,0.0,27.080,0.002,0.760,43.861,0.00
1786279858,ingest,0.00,0.00,0.0,27.080,0.002,0.760,43.863,0.00
1786279863,ingest,0.00,0.00,0.0,27.080,0.002,0.760,43.863,0.00
1786279868,ingest,0.00,0.00,0.0,27.080,0.002,0.760,43.863,0.00
1786279873,ingest,0.00,0.00,0.0,27.080,0.002,0.760,43.850,0.03
1786279878,ingest,0.00,0.00,0.0,27.080,0.002,0.760,43.851,0.00
1786279883,ingest,0.00,0.00,0.0,27.080,0.002,0.760,43.854,0.00
1786279888,ingest,0.00,0.00,0.0,27.080,0.002,0.760,43.854,0.00
1786279893,ingest,0.00,0.00,0.0,27.080,0.002,0.760,43.857,0.00
1786279898,ingest,0.00,0.00,0.0,27.080,0.002,0.760,43.858,0.00
1786279903,ingest,0.00,0.00,0.0,27.080,0.002,0.760,43.860,0.00
1786279908,ingest,0.00,0.00,0.0,27.080,0.002,0.760,43.860,0.00
1786279913,ingest,0.00,0.00,0.0,27.080,0.002,0.760,43.862,0.00
1786279918,ingest,0.00,0.00,0.0,27.080,0.002,0.760,43.861,0.00
1786279923,ingest,0.00,0.00,0.0,27.080,0.002,0.760,43.861,0.00
1786279928,ingest,0.00,0.00,0.0,27.080,0.002,0.760,43.861,0.00
1786279933,ingest,0.00,0.00,0.0,27.080,0.002,0.760,43.861,0.00
1786279938,ingest,0.00,0.00,0.0,27.080,0.002,0.760,43.861,0.00
1786279943,ingest,0.00,0.00,0.0,27.080,0.002,0.760,43.858,0.00
1786279949,ingest,0.00,0.00,0.0,27.080,0.002,0.760,43.858,0.00
1786279954,ingest,0.00,0.00,0.0,27.080,0.002,0.760,43.855,0.00
1786279959,ingest,0.00,0.00,0.0,27.080,0.002,0.760,43.854,0.00
1786279964,ingest,0.00,0.00,0.0,27.080,0.002,0.760,43.857,0.00
1786279969,ingest,0.00,0.00,0.0,27.080,0.002,0.760,43.856,0.00
1786279974,ingest,0.00,0.00,0.0,27.080,0.002,0.760,43.855,0.00
1786279979,ingest,0.00,0.00,0.0,27.080,0.002,0.760,43.856,0.00
1786279984,ingest,0.00,0.00,0.0,27.080,0.002,0.760,43.856,0.00
1786279989,ingest,0.00,0.00,0.0,27.080,0.002,0.760,43.857,0.00
1786279994,ingest,0.00,0.00,0.0,27.080,0.002,0.760,43.858,0.00
1786279999,ingest,0.00,0.00,0.0,27.080,0.002,0.760,43.858,0.00
1786280004,ingest,0.00,0.00,0.0,27.080,0.002,0.760,43.859,0.00
1786280009,ingest,0.00,0.00,0.0,27.080,0.002,0.760,43.860,0.00
1786280014,ingest,0.00,0.00,0.0,27.080,0.002,0.760,43.863,0.00
1786280019,ingest,0.00,0.00,0.0,27.080,0.002,0.760,43.864,0.00
1786280024,ingest,0.00,0.00,0.0,27.080,0.002,0.760,43.862,0.00
1786280029,ingest,0.00,0.00,0.0,27.080,0.002,0.760,43.861,0.00
1786280034,ingest,0.00,0.00,0.0,27.080,0.002,0.760,43.859,0.00
1786280039,ingest,0.00,0.00,0.0,27.080,0.002,0.760,43.860,0.00
1786280045,ingest,0.00,0.00,0.0,27.080,0.002,0.760,43.861,0.00
1786280050,ingest,0.00,0.00,0.0,27.080,0.002,0.760,43.862,0.00
1786280055,ingest,0.00,0.00,0.0,27.080,0.002,0.760,43.861,0.00
1786280060,ingest,0.00,0.00,0.0,27.080,0.002,0.760,43.861,0.00
1786280065,ingest,0.00,0.00,0.0,27.080,0.002,0.760,43.859,0.00
1786280070,ingest,0.00,0.00,0.0,27.080,0.002,0.760,43.859,0.00
1786280075,ingest,0.00,0.00,0.0,27.080,0.002,0.760,43.857,0.00
1786280080,ingest,0.00,0.00,0.0,27.080,0.002,0.760,43.857,0.00
1786280085,ingest,0.00,0.00,0.0,27.080,0.002,0.760,43.857,0.00
1786280090,ingest,0.00,0.00,0.0,27.080,0.002,0.760,43.858,0.00
1786280095,ingest,0.00,0.00,0.0,27.080,0.002,0.760,43.859,0.00
1786280100,ingest,0.00,0.00,0.0,27.080,0.002,0.760,43.859,0.00
1786280105,ingest,0.00,0.00,0.0,27.080,0.002,0.760,43.862,0.00
1786280110,ingest,0.00,0.00,0.0,27.080,0.002,0.760,43.865,0.00
1786280115,ingest,0.00,0.00,0.0,27.080,0.002,0.760,43.865,0.00
1786280120,ingest,0.00,0.00,0.0,27.080,0.002,0.760,43.865,0.00
1786280125,ingest,0.00,0.00,0.0,27.080,0.002,0.760,43.864,0.00
1786280130,ingest,0.00,0.00,0.0,27.080,0.002,0.760,43.864,0.00
1786280136,ingest,0.00,0.00,0.0,27.080,0.002,0.760,43.865,0.00
1786280141,ingest,0.00,0.00,0.0,27.080,0.002,0.760,43.865,0.00
1786280146,ingest,0.00,0.00,0.0,27.080,0.002,0.760,43.865,0.00
1786280151,ingest,0.00,0.00,0.0,27.080,0.002,0.760,43.865,0.00
1786280156,ingest,0.00,0.00,0.0,27.080,0.002,0.760,43.863,0.00
1786280161,ingest,0.00,0.00,0.0,27.080,0.002,0.760,43.863,0.00
1786280166,ingest,0.00,0.00,0.0,27.080,0.002,0.760,43.864,0.00
1786280171,ingest,0.00,0.00,0.0,27.080,0.002,0.760,43.854,0.03
1786280176,ingest,0.00,0.00,0.0,27.080,0.002,0.760,43.855,0.00
1786280181,ingest,0.00,0.00,0.0,27.080,0.002,0.760,43.855,0.00
1786280186,ingest,0.00,0.00,0.0,27.080,0.002,0.760,43.853,0.00
1786280191,ingest,0.00,0.00,0.0,27.080,0.002,0.760,43.854,0.00
1786280196,ingest,0.00,0.00,0.0,27.080,0.002,0.760,43.855,0.00
1786280201,ingest,0.00,0.00,0.0,27.080,0.002,0.760,43.855,0.00
1786280206,ingest,0.00,0.00,0.0,27.080,0.002,0.760,43.854,0.00
1786280211,ingest,0.00,0.00,0.0,27.080,0.002,0.760,43.854,0.00
1786280216,ingest,0.00,0.00,0.0,27.080,0.002,0.760,43.855,0.00
1786280221,ingest,0.00,0.00,0.0,27.080,0.002,0.760,43.855,0.00
1786280226,ingest,0.00,0.00,0.0,27.080,0.002,0.760,43.854,0.00
1786280232,ingest,0.00,0.00,0.0,27.080,0.002,0.760,43.853,0.00
1786280237,ingest,0.00,0.00,0.0,27.080,0.002,0.760,43.854,0.00
1786280242,ingest,0.00,0.00,0.0,27.080,0.002,0.760,43.854,0.00
1786280247,ingest,0.00,0.00,0.0,27.080,0.002,0.760,43.854,0.00
1786280252,ingest,0.00,0.00,0.0,27.080,0.002,0.760,43.858,0.00
1786280257,ingest,0.00,0.00,0.0,27.080,0.002,0.760,43.858,0.00
1786280262,ingest,0.00,0.00,0.0,27.080,0.002,0.760,43.858,0.00
1786280267,ingest,0.00,0.00,0.0,27.080,0.002,0.760,43.858,0.00
1786280272,ingest,0.00,0.00,0.0,27.080,0.002,0.760,43.859,0.00
1786280277,ingest,0.00,0.00,0.0,27.080,0.002,0.760,43.858,0.00
1786280282,ingest,0.00,0.00,0.0,27.080,0.002,0.760,43.859,0.00
1786280287,ingest,0.00,0.00,0.0,27.080,0.002,0.760,43.858,0.00
1786280292,ingest,0.00,0.00,0.0,27.080,0.002,0.760,43.860,0.00
1786280297,ingest,0.00,0.00,0.0,27.080,0.002,0.760,43.859,0.00
1786280302,ingest,0.00,0.00,0.0,27.080,0.002,0.760,43.859,0.00
1786280307,ingest,0.00,0.00,0.0,27.080,0.002,0.760,43.860,0.00
1786280312,ingest,0.00,0.00,0.0,27.080,0.002,0.760,43.862,0.00
1786280317,ingest,0.00,0.00,0.0,27.080,0.002,0.760,43.862,0.00
1786280323,ingest,0.00,0.00,0.0,27.080,0.002,0.760,43.863,0.00
1786280328,ingest,0.00,0.00,0.0,27.080,0.002,0.760,43.861,0.00
1786280333,ingest,0.00,0.00,0.0,27.080,0.002,0.760,43.860,0.00
1786280338,ingest,0.00,0.00,0.0,27.080,0.002,0.760,43.860,0.00
1786280343,ingest,0.00,0.00,0.0,27.080,0.002,0.760,43.860,0.00
1786280348,ingest,0.00,0.00,0.0,27.080,0.002,0.760,43.860,0.00
1786280353,ingest,0.00,0.00,0.0,27.080,0.002,0.760,43.863,0.00
1786280358,ingest,0.00,0.00,0.0,27.080,0.002,0.760,43.863,0.00
1786280363,ingest,0.00,0.00,0.0,27.080,0.002,0.760,43.862,0.00
1786280368,ingest,0.00,0.00,0.0,27.080,0.002,0.760,43.863,0.00
1786280373,ingest,0.00,0.00,0.0,27.080,0.002,0.760,43.863,0.00
1786280378,ingest,0.00,0.00,0.0,27.080,0.002,0.760,43.864,0.00
1786280383,ingest,0.00,0.00,0.0,27.080,0.002,0.760,43.865,0.00
1786280388,ingest,0.00,0.00,0.0,27.080,0.002,0.760,43.865,0.00
1786280393,ingest,0.00,0.00,0.0,27.080,0.002,0.760,43.865,0.00
1786280398,ingest,0.00,0.00,0.0,27.080,0.002,0.760,43.865,0.00
1786280403,ingest,0.00,0.00,0.0,27.080,0.002,0.760,43.863,0.00
1786280408,ingest,0.00,0.00,0.0,27.080,0.002,0.760,43.863,0.00
1786280413,ingest,0.00,0.00,0.0,27.080,0.002,0.760,43.865,0.00
1786280419,ingest,0.00,0.00,0.0,27.080,0.002,0.760,43.863,0.00
1786280424,ingest,0.00,0.00,0.0,27.080,0.002,0.760,43.866,0.00
1786280429,ingest,0.00,0.00,0.0,27.080,0.002,0.760,43.866,0.00
1786280434,ingest,0.00,0.00,0.0,27.080,0.002,0.760,43.865,0.00
1786280439,ingest,0.00,0.00,0.0,27.080,0.002,0.760,43.865,0.00
1786280444,ingest,0.00,0.00,0.0,27.080,0.002,0.760,43.865,0.00
1786280449,ingest,0.00,0.00,0.0,27.080,0.002,0.760,43.864,0.00
1786280454,ingest,0.00,0.00,0.0,27.080,0.002,0.760,43.862,0.00
1786280459,ingest,0.00,0.00,0.0,27.080,0.002,0.760,43.862,0.00
1786280464,ingest,0.00,0.00,0.0,27.080,0.002,0.760,43.861,0.00
1786280469,ingest,0.00,0.00,0.0,27.080,0.002,0.760,43.858,0.00
1786280474,ingest,0.00,0.00,0.0,27.080,0.002,0.760,43.854,0.03
1786280479,ingest,0.00,0.00,0.0,27.080,0.002,0.760,43.855,0.00
1786280484,ingest,0.00,0.00,0.0,27.080,0.002,0.760,43.857,0.00
1786280489,ingest,0.00,0.00,0.0,27.080,0.002,0.760,43.856,0.00
1786280494,ingest,0.00,0.00,0.0,27.080,0.002,0.760,43.856,0.00
1786280499,ingest,0.00,0.00,0.0,27.080,0.002,0.760,43.856,0.00
1786280504,ingest,0.00,0.00,0.0,27.080,0.002,0.760,43.857,0.00
1786280510,ingest,0.00,0.00,0.0,27.080,0.002,0.760,43.856,0.00
1786280515,ingest,0.00,0.00,0.0,27.080,0.002,0.760,43.857,0.00
1786280520,ingest,0.00,0.00,0.0,27.080,0.002,0.760,43.857,0.00
1786280525,ingest,0.00,0.00,0.0,27.080,0.002,0.760,43.860,0.00
1786280530,ingest,0.00,0.00,0.0,27.080,0.002,0.760,43.859,0.00
1786280535,ingest,0.00,0.00,0.0,27.080,0.002,0.760,43.863,0.00
1786280540,ingest,0.00,0.00,0.0,27.080,0.002,0.760,43.863,0.00
1786280545,ingest,0.00,0.00,0.0,27.080,0.002,0.760,43.868,0.00
1786280550,ingest,0.00,0.00,0.0,27.080,0.002,0.760,43.867,0.00
1786280555,ingest,0.00,0.00,0.0,27.080,0.002,0.760,43.865,0.00
1786280560,ingest,0.00,0.00,0.0,27.080,0.002,0.760,43.864,0.00
1786280565,ingest,0.00,0.00,0.0,27.080,0.002,0.760,43.863,0.00
1786280570,ingest,0.00,0.00,0.0,27.080,0.002,0.760,43.863,0.00
1786280575,ingest,0.00,0.00,0.0,27.080,0.002,0.760,43.863,0.00
1786280580,ingest,0.00,0.00,0.0,27.080,0.002,0.760,43.862,0.00
1786280585,ingest,0.00,0.00,0.0,27.080,0.002,0.760,43.861,0.00
1786280590,ingest,0.00,0.00,0.0,27.080,0.002,0.760,43.861,0.00
1786280595,ingest,0.00,0.00,0.0,27.080,0.002,0.760,43.860,0.00
1786280600,ingest,0.00,0.00,0.0,27.080,0.002,0.760,43.861,0.00
1786280606,ingest,0.00,0.00,0.0,27.080,0.002,0.760,43.861,0.00
1786280611,ingest,0.00,0.00,0.0,27.080,0.002,0.760,43.863,0.00
1786280616,ingest,0.00,0.00,0.0,27.080,0.002,0.760,43.863,0.00
1786280621,ingest,0.00,0.00,0.0,27.080,0.002,0.760,43.863,0.00
1786280626,ingest,0.00,0.00,0.0,27.080,0.002,0.760,43.863,0.00
1786280631,ingest,0.00,0.00,0.0,27.080,0.002,0.760,43.862,0.00
1786280636,ingest,0.00,0.00,0.0,27.080,0.002,0.760,43.862,0.00
1786280641,ingest,0.00,0.00,0.0,27.080,0.002,0.760,43.861,0.00
1786280646,ingest,0.00,0.00,0.0,27.080,0.002,0.760,43.860,0.00
1786280651,ingest,0.00,0.00,0.0,27.080,0.002,0.760,43.860,0.00
1786280656,ingest,0.00,0.00,0.0,27.080,0.002,0.760,43.860,0.00
1786280661,ingest,0.00,0.00,0.0,27.080,0.002,0.760,43.858,0.00
1786280666,ingest,0.00,0.00,0.0,27.080,0.002,0.760,43.858,0.00
1786280671,ingest,0.00,0.00,0.0,27.080,0.002,0.760,43.862,0.00
1786280676,ingest,0.00,0.00,0.0,27.080,0.002,0.760,43.862,0.00
1786280681,ingest,0.00,0.00,0.0,27.080,0.002,0.760,43.864,0.00
1786280686,ingest,0.00,0.00,0.0,27.080,0.002,0.760,43.863,0.00
1786280691,ingest,0.00,0.00,0.0,27.080,0.002,0.760,43.864,0.00
1786280696,ingest,0.00,0.00,0.0,27.080,0.002,0.760,43.863,0.00
1786280702,ingest,0.00,0.00,0.0,27.080,0.002,0.760,43.860,0.00
1786280707,ingest,0.00,0.00,0.0,27.080,0.002,0.760,43.860,0.00
1786280712,ingest,0.00,0.00,0.0,27.080,0.002,0.760,43.860,0.00
1786280717,ingest,0.00,0.00,0.0,27.080,0.002,0.760,43.859,0.00
1786280722,ingest,0.00,0.00,0.0,27.080,0.002,0.760,43.858,0.00
1786280727,ingest,0.00,0.00,0.0,27.080,0.002,0.760,43.858,0.00
1786280732,ingest,0.00,0.00,0.0,27.080,0.002,0.760,43.859,0.00
1786280737,ingest,0.00,0.00,0.0,27.080,0.002,0.760,43.858,0.00
1786280742,ingest,0.00,0.00,0.0,27.080,0.002,0.760,43.858,0.00
1786280747,ingest,0.00,0.00,0.0,27.080,0.002,0.760,43.856,0.00
1786280752,ingest,0.00,0.00,0.0,27.080,0.002,0.760,43.857,0.00
1786280757,ingest,0.00,0.00,0.0,27.080,0.002,0.760,43.857,0.00
1786280762,ingest,0.00,0.00,0.0,27.080,0.002,0.760,43.853,0.00
