ts,phase,nvme_rd_mb_s,nvme_wr_mb_s,nvme_active_pct,cte_file_tier_gb,devshm_used_gb,clio_rss_gb,mem_avail_gb,nfs_rd_mb_s
1786338361,setup,0.01,0.00,0.2,0.000,0.000,0.000,45.003,0.01
1786338366,ingest,0.00,0.00,0.2,0.000,0.000,0.315,44.484,26.55
1786338371,ingest,0.00,0.00,0.0,0.000,0.000,0.316,44.484,0.00
1786338376,ingest,0.00,0.00,0.0,0.000,0.000,0.316,44.481,0.00
1786338382,ingest,0.00,0.00,0.0,0.000,0.000,0.316,44.481,0.00
1786338387,ingest,0.00,0.00,0.0,0.000,0.000,0.316,44.479,0.00
1786338392,ingest,0.00,0.00,0.0,0.000,0.000,0.424,44.357,0.00
1786338397,ingest,0.00,0.01,0.1,0.000,0.000,0.507,44.280,0.00
1786338402,ingest,0.00,0.00,0.0,0.000,0.000,0.573,44.213,0.00
1786338407,ingest,0.00,0.00,0.0,0.000,0.000,0.653,44.133,0.00
1786338412,ingest,0.00,0.00,0.0,0.000,0.000,0.716,44.074,0.00
1786338417,ingest,0.00,0.00,0.0,0.000,0.000,0.869,43.921,0.00
1786338422,ingest,0.00,0.00,0.0,0.000,0.000,0.934,43.853,0.00
1786338427,ingest,0.00,0.01,0.1,0.000,0.000,1.063,43.725,0.00
1786338432,ingest,0.00,0.00,0.0,0.000,0.000,1.127,43.660,0.00
1786338437,ingest,0.00,0.00,0.0,0.000,0.000,1.255,43.533,0.00
1786338442,ingest,0.00,0.00,0.0,0.000,0.000,1.255,43.533,0.00
1786338447,ingest,0.00,0.00,0.0,0.000,0.000,1.380,43.405,0.00
1786338452,ingest,0.00,0.00,0.0,0.000,0.000,1.509,43.275,0.00
1786338457,ingest,0.00,0.00,0.1,0.000,0.000,1.572,43.212,0.00
1786338462,ingest,0.00,0.00,0.0,0.000,0.000,1.635,43.143,0.00
1786338467,ingest,0.00,0.00,0.0,0.000,0.000,1.831,42.948,0.00
1786338473,ingest,0.00,0.00,0.0,0.000,0.000,1.894,42.886,0.00
1786338478,ingest,0.00,0.00,0.0,0.000,0.000,1.956,42.825,0.00
1786338483,ingest,0.00,0.00,0.0,0.000,0.000,2.081,42.697,0.00
1786338488,ingest,0.00,0.00,0.1,0.000,0.000,2.144,42.635,0.00
1786338493,ingest,0.00,0.00,0.0,0.000,0.000,2.209,42.569,0.00
1786338498,ingest,0.00,0.00,0.0,0.000,0.000,2.335,42.444,0.00
1786338503,ingest,0.00,0.00,0.0,0.000,0.000,2.335,42.443,0.00
1786338508,ingest,0.00,0.00,0.0,0.000,0.000,2.461,42.318,0.00
1786338513,ingest,0.00,0.00,0.0,0.000,0.000,2.533,42.244,0.00
1786338518,ingest,0.00,0.00,0.0,0.000,0.000,2.596,42.180,0.00
1786338523,ingest,0.00,0.00,0.0,0.000,0.000,2.721,42.056,0.00
1786338528,ingest,0.00,0.00,0.0,0.000,0.000,2.847,41.930,0.00
1786338533,ingest,0.00,0.00,0.0,0.000,0.000,2.972,41.803,0.00
1786338538,ingest,0.00,0.00,0.0,0.000,0.000,3.034,41.740,0.00
1786338543,ingest,0.00,0.00,0.0,0.000,0.000,3.097,41.676,0.00
1786338548,ingest,0.00,0.00,0.0,0.000,0.000,3.222,41.550,0.00
1786338553,ingest,0.00,0.00,0.0,0.000,0.000,3.285,41.487,0.00
1786338558,ingest,0.00,0.00,0.0,0.000,0.000,3.347,41.424,0.00
1786338563,ingest,0.00,0.00,0.0,0.000,0.000,3.472,41.298,0.00
1786338569,ingest,0.00,0.00,0.0,0.000,0.000,3.535,41.237,0.00
1786338574,ingest,0.00,0.00,0.0,0.000,0.000,3.660,41.111,0.00
1786338579,ingest,0.00,0.00,0.0,0.000,0.000,3.723,41.048,0.00
1786338584,ingest,0.00,0.00,0.0,0.000,0.000,3.785,40.983,0.00
1786338589,ingest,0.00,0.00,0.0,0.000,0.000,3.973,40.795,0.00
1786338594,ingest,0.00,0.00,0.0,0.000,0.000,4.036,40.733,0.00
1786338599,ingest,0.00,0.00,0.0,0.000,0.000,4.190,40.574,0.00
1786338604,ingest,0.00,0.00,0.0,0.000,0.000,4.256,40.511,0.00
1786338609,ingest,0.00,0.00,0.0,0.000,0.000,4.318,40.446,0.00
1786338614,ingest,0.00,0.00,0.0,0.000,0.000,4.443,40.324,0.00
1786338619,ingest,0.00,0.00,0.0,0.000,0.000,4.569,40.195,0.00
1786338624,ingest,0.00,0.00,0.0,0.000,0.000,4.694,40.068,0.00
1786338629,ingest,0.00,0.00,0.0,0.000,0.000,4.820,39.943,0.00
1786338634,ingest,0.00,0.00,0.0,0.000,0.000,4.945,39.814,0.00
1786338639,ingest,0.00,0.00,0.0,0.000,0.000,5.073,39.686,0.00
1786338644,ingest,0.00,0.00,0.0,0.000,0.000,5.073,39.685,0.00
1786338649,ingest,0.00,0.00,0.0,0.000,0.000,5.136,39.622,0.00
1786338654,ingest,0.00,0.00,0.0,0.000,0.000,5.261,39.495,0.00
1786338660,ingest,0.00,0.00,0.0,0.000,0.000,5.389,39.368,0.00
1786338665,ingest,0.00,0.00,0.0,0.000,0.000,5.514,39.233,0.04
1786338670,ingest,0.00,0.00,0.0,0.000,0.000,5.585,39.161,0.02
1786338675,ingest,0.00,0.00,0.0,0.000,0.000,5.648,39.099,0.00
1786338680,ingest,0.00,0.00,0.0,0.000,0.000,5.773,38.974,0.00
1786338685,ingest,0.00,0.00,0.0,0.000,0.000,5.775,38.974,0.00
1786338690,ingest,0.00,0.00,0.0,0.000,0.000,5.846,38.901,0.00
1786338695,ingest,0.00,0.00,0.0,0.000,0.000,5.960,38.787,0.00
1786338700,ingest,0.00,0.00,0.0,0.000,0.000,6.101,38.642,0.00
1786338705,ingest,0.00,0.00,0.0,0.000,0.000,6.166,38.579,0.00
1786338710,ingest,0.00,0.00,0.0,0.000,0.000,6.228,38.518,0.00
1786338715,ingest,0.00,0.00,0.0,0.000,0.000,6.353,38.391,0.00
1786338720,ingest,0.00,0.00,0.0,0.000,0.000,6.416,38.329,0.00
1786338725,ingest,0.00,0.00,0.0,0.000,0.000,6.481,38.263,0.00
1786338730,ingest,0.00,0.00,0.0,0.000,0.000,6.606,38.139,0.00
1786338735,ingest,0.00,0.00,0.0,0.000,0.000,6.669,38.075,0.00
1786338740,ingest,0.00,0.00,0.0,0.000,0.000,6.794,37.948,0.00
1786338745,ingest,0.00,0.00,0.0,0.000,0.000,6.856,37.883,0.00
1786338750,ingest,0.00,0.00,0.0,0.000,0.000,6.982,37.757,0.00
1786338756,ingest,0.00,0.00,0.0,0.000,0.000,7.107,37.632,0.00
1786338761,ingest,0.00,0.00,0.0,0.000,0.000,7.169,37.567,0.00
1786338766,ingest,0.00,0.00,0.0,0.000,0.000,7.232,37.501,0.00
1786338771,ingest,0.00,0.00,0.0,0.000,0.000,7.294,37.428,0.00
1786338776,ingest,0.00,0.00,0.0,0.000,0.000,7.479,37.253,0.00
1786338781,ingest,0.00,0.00,0.0,0.000,0.000,7.603,37.126,0.00
1786338786,ingest,0.00,0.00,0.0,0.000,0.000,7.666,37.066,0.00
1786338791,ingest,0.00,0.00,0.0,0.000,0.000,7.791,36.940,0.00
1786338796,ingest,0.00,0.00,0.0,0.000,0.000,7.916,36.815,0.00
1786338801,ingest,0.00,0.00,0.0,0.000,0.000,7.979,36.751,0.00
1786338806,ingest,0.00,0.00,0.0,0.000,0.000,8.041,36.687,0.00
1786338811,ingest,0.00,0.00,0.0,0.000,0.000,8.104,36.623,0.00
1786338816,ingest,0.00,0.00,0.0,0.000,0.000,8.167,36.558,0.00
1786338821,ingest,0.00,0.00,0.0,0.000,0.000,8.300,36.420,0.00
1786338826,ingest,0.00,0.00,0.0,0.000,0.000,8.365,36.356,0.00
1786338831,ingest,0.00,0.00,0.0,0.000,0.000,8.490,36.228,0.00
1786338836,ingest,0.00,0.00,0.0,0.000,0.000,8.615,36.103,0.00
1786338841,ingest,0.00,0.00,0.0,0.000,0.000,8.678,36.039,0.00
1786338847,ingest,0.00,0.00,0.0,0.000,0.000,8.741,35.974,0.00
1786338852,ingest,0.00,0.00,0.0,0.000,0.000,8.804,35.913,0.00
1786338857,ingest,0.00,0.00,0.0,0.000,0.000,8.996,35.718,0.00
1786338862,ingest,0.00,0.00,0.0,0.000,0.000,9.061,35.655,0.00
1786338867,ingest,0.00,0.00,0.0,0.000,0.000,9.123,35.592,0.00
1786338872,ingest,0.00,0.00,0.0,0.000,0.000,9.248,35.472,0.00
1786338877,ingest,0.00,0.00,0.0,0.000,0.000,9.311,35.408,0.00
1786338882,ingest,0.00,0.00,0.0,0.000,0.000,9.436,35.281,0.00
1786338887,ingest,0.00,0.00,0.0,0.000,0.000,9.499,35.218,0.00
1786338892,ingest,0.00,0.00,0.0,0.000,0.000,9.561,35.154,0.00
1786338897,ingest,0.00,0.00,0.0,0.000,0.000,9.686,35.031,0.00
1786338902,ingest,0.00,0.00,0.0,0.000,0.000,9.811,34.904,0.00
1786338907,ingest,0.00,0.00,0.0,0.000,0.000,9.937,34.779,0.00
1786338912,ingest,0.00,0.00,0.0,0.000,0.000,9.937,34.778,0.00
1786338917,ingest,0.00,0.00,0.0,0.000,0.000,10.062,34.651,0.00
1786338922,ingest,0.00,0.00,0.0,0.000,0.000,10.187,34.524,0.00
1786338927,ingest,0.00,0.00,0.0,0.000,0.000,10.249,34.461,0.00
1786338932,ingest,0.00,0.00,0.0,0.000,0.000,10.330,34.379,0.00
1786338937,ingest,0.00,0.00,0.0,0.000,0.000,10.500,34.207,0.00
1786338943,ingest,0.00,0.00,0.0,0.000,0.000,10.562,34.144,0.00
1786338948,ingest,0.00,0.00,0.0,0.000,0.000,10.687,34.017,0.00
1786338953,ingest,0.00,0.00,0.0,0.000,0.000,10.750,33.951,0.00
1786338958,ingest,0.00,0.00,0.0,0.000,0.000,10.875,33.825,0.00
1786338963,ingest,0.00,0.00,0.0,0.000,0.000,10.937,33.762,0.00
1786338968,ingest,0.00,0.00,0.0,0.000,0.000,11.000,33.692,0.06
1786338973,ingest,0.00,0.00,0.0,0.000,0.000,11.062,33.628,0.00
1786338978,ingest,0.00,0.00,0.0,0.000,0.000,11.188,33.502,0.00
1786338983,ingest,0.00,0.00,0.0,0.000,0.000,11.250,33.439,0.00
1786338988,ingest,0.00,0.00,0.0,0.000,0.000,11.313,33.376,0.00
1786338993,ingest,0.00,0.00,0.0,0.000,0.000,11.438,33.251,0.00
1786338998,ingest,0.00,0.00,0.0,0.000,0.000,11.500,33.190,0.00
1786339003,ingest,0.00,0.00,0.0,0.000,0.000,11.688,33.000,0.00
1786339008,ingest,0.00,0.00,0.0,0.000,0.000,11.813,32.874,0.00
1786339013,ingest,0.00,0.00,0.0,0.000,0.000,11.876,32.813,0.00
1786339018,ingest,0.00,0.00,0.0,0.000,0.000,11.938,32.749,0.00
1786339023,ingest,0.00,0.00,0.0,0.000,0.000,12.063,32.624,0.00
1786339028,ingest,0.00,0.00,0.0,0.000,0.000,12.188,32.499,0.00
1786339033,ingest,0.00,0.00,0.0,0.000,0.000,12.314,32.372,0.00
1786339038,ingest,0.00,0.00,0.0,0.000,0.000,12.376,32.308,0.00
1786339044,ingest,0.00,0.00,0.0,0.000,0.000,12.501,32.181,0.00
1786339049,ingest,0.00,0.00,0.0,0.000,0.000,12.689,31.992,0.00
1786339054,ingest,0.00,0.00,0.0,0.000,0.000,12.751,31.927,0.00
1786339059,ingest,0.00,0.00,0.0,0.000,0.000,12.814,31.863,0.00
1786339064,ingest,0.00,0.00,0.0,0.000,0.000,12.939,31.737,0.00
1786339069,ingest,0.00,0.00,0.0,0.000,0.000,13.064,31.611,0.00
1786339074,ingest,0.00,0.00,0.0,0.000,0.000,13.189,31.484,0.00
1786339079,ingest,0.00,0.00,0.0,0.000,0.000,13.315,31.357,0.00
1786339084,ingest,0.00,0.00,0.0,0.000,0.000,13.440,31.229,0.00
1786339089,ingest,0.00,0.00,0.0,0.000,0.000,13.502,31.167,0.00
1786339094,ingest,0.00,0.00,0.0,0.000,0.000,13.627,31.044,0.00
1786339099,ingest,0.00,0.00,0.0,0.000,0.000,13.752,30.918,0.00
1786339104,ingest,0.00,0.00,0.0,0.000,0.000,13.877,30.792,0.00
1786339109,ingest,0.00,0.00,0.0,0.000,0.000,14.003,30.665,0.00
1786339114,ingest,0.00,0.00,0.0,0.000,0.000,14.065,30.602,0.00
1786339119,ingest,0.00,0.00,0.0,0.000,0.000,14.253,30.411,0.00
1786339124,ingest,0.00,0.00,0.0,0.000,0.000,14.378,30.284,0.00
1786339129,ingest,0.00,0.00,0.0,0.000,0.000,14.510,30.151,0.00
1786339134,ingest,0.00,0.00,0.0,0.000,0.000,14.635,30.025,0.00
1786339140,ingest,0.00,0.00,0.0,0.000,0.000,14.760,29.897,0.00
1786339145,ingest,0.00,0.00,0.0,0.000,0.000,14.822,29.834,0.00
1786339150,ingest,0.00,0.00,0.0,0.000,0.000,14.885,29.771,0.00
1786339155,ingest,0.00,0.00,0.0,0.000,0.000,15.010,29.645,0.00
1786339160,ingest,0.00,0.00,0.0,0.000,0.000,15.073,29.583,0.00
1786339165,ingest,0.00,0.00,0.0,0.000,0.000,15.136,29.517,0.00
1786339170,ingest,0.00,0.00,0.0,0.000,0.000,15.323,29.332,0.00
1786339175,ingest,0.00,0.00,0.0,0.000,0.000,15.386,29.268,0.00
1786339180,ingest,0.00,0.00,0.0,0.000,0.000,15.448,29.204,0.00
1786339185,ingest,0.00,0.00,0.0,0.000,0.000,15.511,29.139,0.00
1786339190,ingest,0.00,0.00,0.0,0.000,0.000,15.636,29.015,0.00
1786339195,ingest,0.00,0.00,0.0,0.000,0.000,15.698,28.951,0.00
1786339200,ingest,0.00,0.00,0.0,0.000,0.000,15.761,28.891,0.00
1786339205,ingest,0.00,0.00,0.0,0.000,0.000,15.886,28.765,0.00
1786339210,ingest,0.00,0.00,0.0,0.000,0.000,16.011,28.637,0.00
1786339215,ingest,0.00,0.00,0.0,0.000,0.000,16.074,28.574,0.00
1786339220,ingest,0.00,0.00,0.0,0.000,0.000,16.199,28.450,0.00
1786339225,ingest,0.00,0.00,0.0,0.000,0.000,16.261,28.387,0.00
1786339230,ingest,0.00,0.00,0.0,0.000,0.000,16.387,28.261,0.00
1786339236,ingest,0.00,0.00,0.0,0.000,0.000,16.449,28.200,0.00
1786339241,ingest,0.00,0.00,0.0,0.000,0.000,16.637,28.009,0.00
1786339246,ingest,0.00,0.00,0.0,0.000,0.000,16.699,27.945,0.00
1786339251,ingest,0.00,0.00,0.0,0.000,0.000,16.762,27.881,0.00
1786339256,ingest,0.00,0.00,0.0,0.000,0.000,16.824,27.818,0.00
1786339261,ingest,0.00,0.00,0.0,0.000,0.000,16.887,27.757,0.00
1786339266,ingest,0.00,0.00,0.0,0.000,0.000,17.012,27.625,0.05
1786339271,ingest,0.00,0.00,0.0,0.000,0.000,17.074,27.561,0.01
1786339276,ingest,0.00,0.00,0.0,0.000,0.000,17.137,27.499,0.00
1786339281,ingest,0.00,0.00,0.0,0.000,0.000,17.200,27.436,0.00
1786339286,ingest,0.00,0.00,0.0,0.000,0.000,17.325,27.309,0.00
1786339291,ingest,0.00,0.00,0.0,0.000,0.000,17.450,27.181,0.00
1786339296,ingest,0.00,0.00,0.0,0.000,0.000,17.575,27.055,0.00
1786339301,ingest,0.00,0.00,0.0,0.000,0.000,17.638,26.994,0.00
1786339306,ingest,0.00,0.00,0.0,0.000,0.000,17.700,26.932,0.00
1786339311,ingest,0.00,0.00,0.0,0.000,0.000,17.763,26.867,0.00
1786339316,ingest,0.00,0.00,0.0,0.000,0.000,17.888,26.740,0.00
1786339321,ingest,0.00,0.00,0.0,0.000,0.000,18.013,26.615,0.00
1786339327,ingest,0.00,0.00,0.0,0.000,0.000,18.076,26.552,0.00
1786339332,ingest,0.00,0.00,0.0,0.000,0.000,18.201,26.427,0.00
1786339337,ingest,0.00,0.00,0.0,0.000,0.000,18.326,26.298,0.00
1786339342,ingest,0.00,0.00,0.0,0.000,0.000,18.388,26.233,0.00
1786339347,ingest,0.00,0.00,0.0,0.000,0.000,18.451,26.167,0.00
1786339352,ingest,0.00,0.00,0.0,0.000,0.000,18.576,26.038,0.00
1786339357,ingest,0.00,0.00,0.0,0.000,0.000,18.638,25.973,0.00
1786339362,ingest,0.00,0.00,0.0,0.000,0.000,18.701,25.909,0.00
1786339367,ingest,0.00,0.00,0.0,0.000,0.000,18.889,25.719,0.00
1786339372,ingest,0.00,0.00,0.0,0.000,0.000,19.014,25.589,0.00
1786339377,ingest,0.00,0.00,0.0,0.000,0.000,19.139,25.463,0.00
1786339382,ingest,0.00,0.00,0.0,0.000,0.000,19.202,25.399,0.00
1786339387,ingest,0.00,0.00,0.0,0.000,0.000,19.327,25.271,0.00
1786339392,ingest,0.00,0.00,0.0,0.000,0.000,19.389,25.206,0.00
1786339397,ingest,0.00,0.00,0.0,0.000,0.000,19.518,25.076,0.00
1786339402,ingest,0.00,0.00,0.0,0.000,0.000,19.643,24.951,0.00
1786339407,ingest,0.00,0.00,0.0,0.000,0.000,19.768,24.824,0.00
1786339412,ingest,0.00,0.00,0.0,0.000,0.000,19.830,24.759,0.00
1786339417,ingest,0.00,0.00,0.0,0.000,0.000,19.955,24.633,0.00
1786339423,ingest,0.00,0.00,0.0,0.000,0.000,20.018,24.570,0.00
1786339428,ingest,0.00,0.00,0.0,0.000,0.000,20.080,24.506,0.00
1786339433,ingest,0.00,0.00,0.0,0.000,0.000,20.143,24.442,0.00
1786339438,ingest,0.00,0.00,0.0,0.000,0.000,20.268,24.320,0.00
1786339443,ingest,0.00,0.00,0.0,0.000,0.000,20.393,24.199,0.00
1786339448,ingest,0.00,0.00,0.0,0.000,0.000,20.518,24.077,0.00
1786339453,ingest,0.00,0.00,0.0,0.000,0.000,20.644,23.956,0.00
1786339458,ingest,0.00,0.00,0.0,0.000,0.000,20.644,23.956,0.00
1786339463,ingest,0.00,0.00,0.0,0.000,0.000,20.767,23.830,0.00
1786339468,ingest,0.00,0.00,0.0,0.000,0.000,20.767,23.829,0.00
1786339473,ingest,0.00,0.00,0.0,0.000,0.000,20.892,23.708,0.00
1786339478,ingest,0.00,0.00,0.0,0.000,0.000,20.955,23.646,0.00
1786339483,ingest,0.00,0.00,0.0,0.000,0.000,21.080,23.523,0.00
1786339488,ingest,0.00,0.00,0.0,0.000,0.000,21.205,23.399,0.00
1786339493,ingest,0.00,0.00,0.0,0.000,0.000,21.330,23.275,0.00
1786339498,ingest,0.00,0.00,0.0,0.000,0.000,21.392,23.212,0.00
1786339503,ingest,0.00,0.00,0.0,0.000,0.000,21.431,23.173,0.00
1786339508,ingest,0.00,0.00,0.0,0.000,0.000,21.518,23.087,0.00
1786339514,ingest,0.00,0.00,0.0,0.000,0.000,21.705,22.896,0.00
1786339519,ingest,0.00,0.00,0.0,0.000,0.000,21.768,22.832,0.00
1786339524,ingest,0.00,0.00,0.0,0.000,0.000,21.831,22.767,0.00
1786339529,ingest,0.00,0.00,0.0,0.000,0.000,22.018,22.581,0.00
1786339534,ingest,0.00,0.00,0.0,0.000,0.000,22.143,22.454,0.00
1786339539,ingest,0.00,0.00,0.0,0.000,0.000,22.206,22.392,0.00
1786339544,ingest,0.00,0.00,0.0,0.000,0.000,22.268,22.328,0.00
1786339549,ingest,0.00,0.00,0.0,0.000,0.000,22.393,22.201,0.00
1786339554,ingest,0.00,0.00,0.0,0.000,0.000,22.519,22.072,0.00
1786339559,ingest,0.00,0.00,0.0,0.000,0.000,22.581,22.011,0.00
1786339564,ingest,0.00,0.00,0.0,0.000,0.000,22.706,21.884,0.00
1786339569,ingest,0.00,0.00,0.0,0.000,0.000,22.831,21.755,0.05
1786339574,ingest,0.00,0.00,0.0,0.000,0.000,22.894,21.693,0.00
1786339579,ingest,0.00,0.00,0.0,0.000,0.000,22.894,21.694,0.00
1786339584,ingest,0.00,0.00,0.0,0.000,0.000,22.956,21.632,0.00
1786339589,ingest,0.00,0.00,0.0,0.000,0.000,23.082,21.507,0.00
1786339594,ingest,0.00,0.00,0.0,0.000,0.000,23.144,21.445,0.00
1786339599,ingest,0.00,0.00,0.0,0.000,0.000,23.207,21.380,0.00
1786339604,ingest,0.00,0.00,0.0,0.000,0.000,23.269,21.314,0.00
1786339610,ingest,0.00,0.00,0.0,0.000,0.000,23.394,21.192,0.00
1786339615,ingest,0.00,0.00,0.0,0.000,0.000,23.457,21.130,0.00
1786339620,ingest,0.00,0.00,0.0,0.000,0.000,23.520,21.067,0.00
1786339625,ingest,0.00,0.00,0.0,0.000,0.000,23.645,20.939,0.00
1786339630,ingest,0.00,0.00,0.0,0.000,0.000,23.707,20.874,0.00
1786339635,ingest,0.00,0.00,0.0,0.000,0.000,23.770,20.809,0.00
1786339640,ingest,0.00,0.00,0.0,0.000,0.000,23.895,20.683,0.00
1786339645,ingest,0.00,0.00,0.0,0.000,0.000,24.020,20.555,0.00
1786339650,ingest,0.00,0.00,0.0,0.000,0.000,24.082,20.492,0.00
1786339655,ingest,0.00,0.00,0.0,0.000,0.000,24.199,20.371,0.00
1786339660,ingest,0.00,0.00,0.0,0.000,0.000,24.262,20.307,0.00
1786339665,ingest,0.00,0.00,0.0,0.000,0.000,24.325,20.245,0.00
1786339670,ingest,0.00,0.00,0.0,0.000,0.000,24.325,20.246,0.00
1786339675,ingest,0.00,0.00,0.0,0.000,0.000,24.451,20.119,0.00
1786339680,ingest,0.00,0.00,0.0,0.000,0.000,24.514,20.055,0.00
1786339685,ingest,0.00,0.00,0.0,0.000,0.000,24.576,19.991,0.00
1786339690,ingest,0.00,0.00,0.0,0.000,0.000,24.704,19.861,0.00
1786339695,ingest,0.00,0.00,0.0,0.000,0.000,24.829,19.735,0.00
1786339701,ingest,0.00,0.00,0.0,0.000,0.000,24.829,19.736,0.00
1786339706,ingest,0.00,0.00,0.0,0.000,0.000,24.892,19.677,0.00
1786339711,ingest,0.00,0.00,0.0,0.000,0.000,24.954,19.613,0.00
1786339716,ingest,0.00,0.00,0.0,0.000,0.000,25.079,19.487,0.00
1786339721,ingest,0.00,0.00,0.0,0.000,0.000,25.204,19.366,0.00
1786339726,ingest,0.00,0.00,0.0,0.000,0.000,25.329,19.236,0.00
1786339731,ingest,0.00,0.00,0.0,0.000,0.000,25.454,19.104,0.00
1786339736,ingest,0.00,0.00,0.0,0.000,0.000,25.520,19.041,0.00
1786339741,ingest,0.00,0.00,0.0,0.000,0.000,25.582,18.979,0.00
1786339746,ingest,0.00,0.00,0.0,0.000,0.000,25.645,18.914,0.00
1786339751,ingest,0.00,0.00,0.0,0.000,0.000,25.771,18.788,0.00
1786339756,ingest,0.00,0.00,0.0,0.000,0.000,25.895,18.663,0.00
1786339761,ingest,0.00,0.00,0.0,0.000,0.000,25.958,18.597,0.00
1786339766,ingest,0.00,0.00,0.0,0.000,0.000,26.083,18.471,0.00
1786339771,ingest,0.00,0.00,0.0,0.000,0.000,26.271,18.286,0.00
1786339776,ingest,0.00,0.00,0.0,0.000,0.000,26.396,18.163,0.00
1786339781,ingest,0.00,0.00,0.0,0.000,0.000,26.459,18.102,0.00
1786339786,ingest,0.00,0.00,0.0,0.000,0.000,26.584,17.978,0.00
1786339791,ingest,0.00,0.00,0.0,0.000,0.000,26.646,17.915,0.00
1786339797,ingest,0.00,0.00,0.0,0.000,0.000,26.709,17.851,0.00
1786339802,ingest,0.00,0.00,0.0,0.000,0.000,26.771,17.788,0.00
1786339807,ingest,0.00,0.00,0.0,0.000,0.000,26.896,17.662,0.00
1786339812,ingest,0.00,0.00,0.0,0.000,0.000,26.959,17.597,0.00
1786339817,ingest,0.00,0.00,0.0,0.000,0.000,27.084,17.468,0.00
1786339822,ingest,0.00,0.00,0.0,0.000,0.000,27.209,17.341,0.00
1786339827,ingest,0.00,0.00,0.0,0.000,0.000,27.272,17.276,0.00
1786339832,ingest,0.00,0.00,0.0,0.000,0.000,27.334,17.212,0.00
1786339837,ingest,0.00,0.00,0.0,0.000,0.000,27.397,17.148,0.00
1786339842,ingest,0.00,0.00,0.0,0.000,0.000,27.459,17.084,0.00
1786339847,ingest,0.00,0.00,0.0,0.000,0.000,27.522,17.019,0.00
1786339852,ingest,0.00,0.00,0.0,0.000,0.000,27.647,16.897,0.00
1786339857,ingest,0.00,0.00,0.0,0.000,0.000,27.710,16.831,0.00
1786339862,ingest,0.00,0.00,0.0,0.000,0.000,27.772,16.768,0.00
1786339867,ingest,0.00,0.00,0.0,0.000,0.000,27.835,16.691,0.06
1786339872,ingest,0.00,0.00,0.0,0.000,0.000,27.897,16.634,0.00
1786339877,ingest,0.00,0.00,0.0,0.000,0.000,28.023,16.512,0.00
1786339882,ingest,0.00,0.00,0.0,0.000,0.000,28.148,16.388,0.00
1786339887,ingest,0.00,0.00,0.0,0.000,0.000,28.273,16.260,0.00
1786339893,ingest,0.00,0.00,0.0,0.000,0.000,28.335,16.199,0.00
1786339898,ingest,0.00,0.00,0.0,0.000,0.000,28.460,16.072,0.00
1786339903,ingest,0.00,0.00,0.0,0.000,0.000,28.523,16.006,0.00
1786339908,ingest,0.00,0.00,0.0,0.000,0.000,28.586,15.941,0.00
1786339913,ingest,0.00,0.00,0.0,0.000,0.000,28.711,15.817,0.00
1786339918,ingest,0.00,0.00,0.0,0.000,0.000,28.773,15.755,0.00
1786339923,ingest,0.00,0.00,0.0,0.000,0.000,28.898,15.629,0.00
1786339928,ingest,0.00,0.00,0.0,0.000,0.000,29.024,15.503,0.00
1786339933,ingest,0.00,0.00,0.0,0.000,0.000,29.149,15.375,0.00
1786339938,ingest,0.00,0.00,0.0,0.000,0.000,29.212,15.311,0.00
1786339943,ingest,0.00,0.00,0.0,0.000,0.000,29.274,15.251,0.00
1786339948,ingest,0.00,0.00,0.0,0.000,0.000,29.399,15.132,0.00
1786339953,ingest,0.00,0.00,0.0,0.000,0.000,29.462,15.067,0.00
1786339958,ingest,0.00,0.00,0.0,0.000,0.000,29.587,14.941,0.00
1786339963,ingest,0.00,0.00,0.0,0.000,0.000,29.712,14.814,0.00
1786339968,ingest,0.00,0.00,0.0,0.000,0.000,29.837,14.690,0.00
1786339973,ingest,0.00,0.00,0.0,0.000,0.000,29.900,14.625,0.00
1786339978,ingest,0.00,0.00,0.0,0.000,0.000,30.025,14.496,0.00
1786339984,ingest,0.00,0.00,0.0,0.000,0.000,30.087,14.431,0.00
1786339989,ingest,0.00,0.00,0.0,0.000,0.000,30.150,14.369,0.00
1786339994,ingest,0.00,0.00,0.0,0.000,0.000,30.275,14.241,0.00
1786339999,ingest,0.00,0.00,0.0,0.000,0.000,30.400,14.114,0.00
1786340004,ingest,0.00,0.00,0.0,0.000,0.000,30.525,13.987,0.00
1786340009,ingest,0.00,0.00,0.1,0.014,0.000,30.650,13.859,0.00
1786340014,ingest,0.00,22.27,3.4,0.129,0.000,30.650,13.854,0.00
1786340019,ingest,0.00,3.85,0.4,0.129,0.000,30.650,13.854,0.00
1786340024,ingest,0.00,0.00,0.1,0.129,0.000,30.650,14.145,0.00
1786340029,idle,0.00,0.00,0.0,0.129,0.000,30.651,14.148,0.00
1786340034,bench_chimod,0.00,0.00,0.0,0.129,0.000,36.874,13.216,6.33
1786340039,bench_chimod,0.00,0.00,0.0,0.129,0.000,49.829,12.773,0.00
1786340044,bench_chimod,0.00,0.00,0.0,0.129,0.000,62.082,12.597,0.00
1786340049,bench_chimod,0.00,0.00,0.0,0.129,0.000,62.236,12.455,0.00
1786340054,bench_chimod,0.00,0.00,0.0,0.129,0.000,62.354,12.331,0.00
1786340059,bench_chimod,0.00,0.00,0.1,0.129,0.000,62.408,12.269,0.00
1786340064,bench_chimod,0.00,0.00,0.0,0.129,0.000,62.410,12.268,0.00
1786340069,bench_chimod,0.00,0.00,0.0,0.129,0.000,62.411,12.266,0.00
1786340075,idle,0.00,0.00,0.1,0.000,0.000,0.000,15.853,0.01
1786340080,idle,0.00,0.00,0.0,0.000,0.000,0.000,44.888,0.00
1786340085,ingest,0.00,0.00,0.0,0.000,0.000,0.395,44.355,26.58
1786340090,ingest,0.00,0.00,0.1,0.000,0.000,0.433,44.319,0.00
1786340095,ingest,0.00,0.00,0.0,0.000,0.000,0.570,44.183,0.00
1786340100,ingest,0.00,0.00,0.0,0.000,0.000,0.571,44.181,0.00
1786340105,ingest,0.00,0.00,0.0,0.000,0.000,0.714,44.040,0.00
1786340110,ingest,0.00,0.00,0.0,0.000,0.000,0.788,43.969,0.00
1786340115,ingest,0.00,0.00,0.0,0.000,0.000,0.934,43.822,0.00
1786340120,ingest,0.00,0.01,0.1,0.000,0.000,0.999,43.759,0.00
1786340125,ingest,0.00,0.00,0.0,0.000,0.000,1.066,43.690,0.00
1786340130,ingest,0.00,0.00,0.0,0.000,0.000,1.191,43.563,0.00
1786340135,ingest,0.00,0.00,0.0,0.000,0.000,1.254,43.500,0.00
1786340140,ingest,0.00,0.00,0.0,0.000,0.000,1.317,43.435,0.00
1786340145,ingest,0.00,0.00,0.0,0.000,0.000,1.380,43.371,0.00
1786340150,ingest,0.00,0.00,0.1,0.000,0.000,1.509,43.241,0.00
1786340155,ingest,0.00,0.00,0.0,0.000,0.000,1.572,43.178,0.00
1786340160,ingest,0.00,0.00,0.0,0.000,0.000,1.638,43.112,0.00
1786340165,ingest,0.00,0.00,0.0,0.000,0.000,1.767,42.981,0.00
1786340171,ingest,0.00,0.00,0.0,0.000,0.000,1.894,42.855,0.00
1786340176,ingest,0.00,0.00,0.0,0.000,0.000,1.956,42.791,0.00
1786340181,ingest,0.00,0.00,0.1,0.000,0.000,2.082,42.666,0.00
1786340186,ingest,0.00,0.00,0.0,0.000,0.000,2.144,42.603,0.00
1786340191,ingest,0.00,0.00,0.0,0.000,0.000,2.207,42.537,0.00
1786340196,ingest,0.00,0.00,0.0,0.000,0.000,2.335,42.410,0.00
1786340201,ingest,0.00,0.00,0.0,0.000,0.000,2.336,42.409,0.00
1786340206,ingest,0.00,0.00,0.0,0.000,0.000,2.461,42.283,0.00
1786340211,ingest,0.00,0.00,0.0,0.000,0.000,2.530,42.211,0.00
1786340216,ingest,0.00,0.00,0.0,0.000,0.000,2.596,42.147,0.00
1786340221,ingest,0.00,0.00,0.0,0.000,0.000,2.721,42.022,0.00
1786340226,ingest,0.00,0.00,0.0,0.000,0.000,2.846,41.898,0.00
1786340231,ingest,0.00,0.00,0.0,0.000,0.000,2.909,41.836,0.00
1786340236,ingest,0.00,0.00,0.0,0.000,0.000,3.034,41.710,0.00
1786340241,ingest,0.00,0.00,0.0,0.000,0.000,3.097,41.647,0.00
1786340246,ingest,0.00,0.00,0.0,0.000,0.000,3.159,41.585,0.00
1786340251,ingest,0.00,0.00,0.0,0.000,0.000,3.285,41.461,0.00
1786340256,ingest,0.00,0.00,0.0,0.000,0.000,3.285,41.460,0.00
1786340262,ingest,0.00,0.00,0.0,0.000,0.000,3.410,41.336,0.00
1786340267,ingest,0.00,0.00,0.0,0.000,0.000,3.535,41.210,0.00
1786340272,ingest,0.00,0.00,0.0,0.000,0.000,3.598,41.147,0.00
1786340277,ingest,0.00,0.00,0.0,0.000,0.000,3.723,41.018,0.00
1786340282,ingest,0.00,0.00,0.0,0.000,0.000,3.785,40.954,0.00
1786340287,ingest,0.00,0.00,0.0,0.000,0.000,3.911,40.828,0.00
1786340292,ingest,0.00,0.00,0.0,0.000,0.000,4.036,40.701,0.00
1786340297,ingest,0.00,0.00,0.0,0.000,0.000,4.098,40.630,0.00
1786340302,ingest,0.00,0.00,0.0,0.000,0.000,4.256,40.479,0.00
1786340307,ingest,0.00,0.00,0.0,0.000,0.000,4.319,40.419,0.00
1786340312,ingest,0.00,0.00,0.0,0.000,0.000,4.444,40.293,0.00
1786340317,ingest,0.00,0.00,0.0,0.000,0.000,4.569,40.168,0.00
1786340322,ingest,0.00,0.00,0.0,0.000,0.000,4.631,40.104,0.00
1786340327,ingest,0.00,0.00,0.0,0.000,0.000,4.757,39.975,0.00
1786340332,ingest,0.00,0.00,0.0,0.000,0.000,4.945,39.785,0.00
1786340337,ingest,0.00,0.00,0.0,0.000,0.000,5.009,39.718,0.00
1786340342,ingest,0.00,0.00,0.0,0.000,0.000,5.073,39.654,0.00
1786340347,ingest,0.00,0.00,0.0,0.000,0.000,5.136,39.591,0.00
1786340353,ingest,0.00,0.00,0.0,0.000,0.000,5.261,39.464,0.00
1786340358,ingest,0.00,0.00,0.0,0.000,0.000,5.325,39.399,0.00
1786340363,ingest,0.00,0.00,0.0,0.000,0.000,5.451,39.272,0.00
1786340368,ingest,0.00,0.00,0.0,0.000,0.000,5.582,39.136,0.00
1786340373,ingest,0.00,0.00,0.0,0.000,0.000,5.647,39.071,0.00
1786340378,ingest,0.00,0.00,0.0,0.000,0.000,5.710,39.008,0.00
1786340383,ingest,0.00,0.00,0.0,0.000,0.000,5.773,38.933,0.05
1786340388,ingest,0.00,0.00,0.0,0.000,0.000,5.835,38.871,0.00
1786340393,ingest,0.00,0.00,0.0,0.000,0.000,5.960,38.744,0.00
1786340398,ingest,0.00,0.00,0.0,0.000,0.000,6.037,38.663,0.00
1786340403,ingest,0.00,0.00,0.0,0.000,0.000,6.166,38.540,0.00
1786340408,ingest,0.00,0.00,0.0,0.000,0.000,6.216,38.489,0.00
1786340413,ingest,0.00,0.00,0.0,0.000,0.000,6.291,38.414,0.00
1786340418,ingest,0.00,0.00,0.0,0.000,0.000,6.353,38.352,0.00
1786340423,ingest,0.00,0.00,0.0,0.000,0.000,6.481,38.225,0.00
1786340428,ingest,0.00,0.00,0.0,0.000,0.000,6.544,38.162,0.00
1786340433,ingest,0.00,0.00,0.0,0.000,0.000,6.606,38.098,0.00
1786340438,ingest,0.00,0.00,0.0,0.000,0.000,6.706,37.998,0.00
1786340443,ingest,0.00,0.00,0.0,0.000,0.000,6.841,37.861,0.00
1786340449,ingest,0.00,0.00,0.0,0.000,0.000,6.919,37.783,0.00
1786340454,ingest,0.00,0.00,0.0,0.000,0.000,7.044,37.656,0.00
1786340459,ingest,0.00,0.00,0.0,0.000,0.000,7.107,37.593,0.00
1786340464,ingest,0.00,0.00,0.0,0.000,0.000,7.232,37.467,0.00
1786340469,ingest,0.00,0.00,0.0,0.000,0.000,7.294,37.403,0.00
1786340474,ingest,0.00,0.00,0.0,0.000,0.000,7.478,37.219,0.00
1786340479,ingest,0.00,0.00,0.0,0.000,0.000,7.541,37.159,0.00
1786340484,ingest,0.00,0.00,0.0,0.000,0.000,7.666,37.030,0.00
1786340489,ingest,0.00,0.00,0.0,0.000,0.000,7.729,36.966,0.00
1786340494,ingest,0.00,0.00,0.0,0.000,0.000,7.854,36.840,0.00
1786340499,ingest,0.00,0.00,0.0,0.000,0.000,7.917,36.775,0.00
1786340504,ingest,0.00,0.00,0.0,0.000,0.000,7.979,36.712,0.00
1786340509,ingest,0.00,0.00,0.0,0.000,0.000,8.041,36.651,0.00
1786340514,ingest,0.00,0.00,0.0,0.000,0.000,8.104,36.587,0.00
1786340519,ingest,0.00,0.00,0.0,0.000,0.000,8.229,36.459,0.00
1786340524,ingest,0.00,0.00,0.0,0.000,0.000,8.365,36.319,0.00
1786340529,ingest,0.00,0.00,0.0,0.000,0.000,8.428,36.255,0.00
1786340534,ingest,0.00,0.00,0.0,0.000,0.000,8.553,36.128,0.00
1786340540,ingest,0.00,0.00,0.0,0.000,0.000,8.678,36.001,0.00
1786340545,ingest,0.00,0.00,0.0,0.000,0.000,8.678,36.000,0.00
1786340550,ingest,0.00,0.00,0.0,0.000,0.000,8.804,35.872,0.00
1786340555,ingest,0.00,0.00,0.0,0.000,0.000,8.867,35.808,0.00
1786340560,ingest,0.00,0.00,0.0,0.000,0.000,8.996,35.675,0.00
1786340565,ingest,0.00,0.00,0.0,0.000,0.000,9.061,35.612,0.00
1786340570,ingest,0.00,0.00,0.0,0.000,0.000,9.123,35.549,0.00
1786340575,ingest,0.00,0.00,0.0,0.000,0.000,9.249,35.421,0.00
1786340580,ingest,0.00,0.00,0.0,0.000,0.000,9.374,35.294,0.00
1786340585,ingest,0.00,0.00,0.0,0.000,0.000,9.436,35.231,0.00
1786340590,ingest,0.00,0.00,0.0,0.000,0.000,9.499,35.167,0.00
1786340595,ingest,0.00,0.00,0.0,0.000,0.000,9.624,35.040,0.00
1786340600,ingest,0.00,0.00,0.0,0.000,0.000,9.686,34.977,0.00
1786340605,ingest,0.00,0.00,0.0,0.000,0.000,9.815,34.847,0.00
1786340610,ingest,0.00,0.00,0.0,0.000,0.000,9.937,34.725,0.00
1786340615,ingest,0.00,0.00,0.0,0.000,0.000,9.999,34.661,0.00
1786340620,ingest,0.00,0.00,0.0,0.000,0.000,10.062,34.599,0.00
1786340625,ingest,0.00,0.00,0.0,0.000,0.000,10.187,34.472,0.00
1786340630,ingest,0.00,0.00,0.0,0.000,0.000,10.249,34.409,0.00
1786340636,ingest,0.00,0.00,0.0,0.000,0.000,10.312,34.346,0.00
1786340641,ingest,0.00,0.00,0.0,0.000,0.000,10.500,34.154,0.00
1786340646,ingest,0.00,0.00,0.0,0.000,0.000,10.562,34.091,0.00
1786340651,ingest,0.00,0.00,0.0,0.000,0.000,10.687,33.965,0.00
1786340656,ingest,0.00,0.00,0.0,0.000,0.000,10.750,33.900,0.00
1786340661,ingest,0.00,0.00,0.0,0.000,0.000,10.875,33.774,0.00
1786340666,ingest,0.00,0.00,0.0,0.000,0.000,10.938,33.711,0.00
1786340671,ingest,0.00,0.00,0.0,0.000,0.000,11.000,33.650,0.00
1786340676,ingest,0.00,0.00,0.0,0.000,0.000,11.125,33.524,0.00
1786340681,ingest,0.00,0.00,0.0,0.000,0.000,11.188,33.447,0.03
1786340686,ingest,0.00,0.00,0.0,0.000,0.000,11.250,33.377,0.03
1786340691,ingest,0.00,0.00,0.0,0.000,0.000,11.313,33.316,0.00
1786340696,ingest,0.00,0.00,0.0,0.000,0.000,11.438,33.190,0.00
1786340701,ingest,0.00,0.00,0.0,0.000,0.000,11.563,33.066,0.00
1786340706,ingest,0.00,0.00,0.0,0.000,0.000,11.688,32.940,0.00
1786340711,ingest,0.00,0.00,0.0,0.000,0.000,11.813,32.813,0.00
1786340716,ingest,0.00,0.00,0.0,0.000,0.000,11.939,32.688,0.00
1786340721,ingest,0.00,0.00,0.0,0.000,0.000,11.939,32.689,0.00
1786340726,ingest,0.00,0.00,0.0,0.000,0.000,12.064,32.564,0.00
1786340732,ingest,0.00,0.00,0.0,0.000,0.000,12.189,32.439,0.00
1786340737,ingest,0.00,0.00,0.0,0.000,0.000,12.314,32.313,0.00
1786340742,ingest,0.00,0.00,0.0,0.000,0.000,12.376,32.251,0.00
1786340747,ingest,0.00,0.00,0.0,0.000,0.000,12.564,32.060,0.00
1786340752,ingest,0.00,0.00,0.0,0.000,0.000,12.689,31.933,0.00
1786340757,ingest,0.00,0.00,0.0,0.000,0.000,12.814,31.808,0.00
1786340762,ingest,0.00,0.00,0.0,0.000,0.000,12.814,31.807,0.00
1786340767,ingest,0.00,0.00,0.0,0.000,0.000,13.002,31.616,0.00
1786340772,ingest,0.00,0.00,0.0,0.000,0.000,13.065,31.552,0.00
1786340777,ingest,0.00,0.00,0.0,0.000,0.000,13.190,31.425,0.00
1786340782,ingest,0.00,0.00,0.0,0.000,0.000,13.315,31.299,0.00
1786340787,ingest,0.00,0.00,0.0,0.000,0.000,13.440,31.172,0.00
1786340792,ingest,0.00,0.00,0.0,0.000,0.000,13.565,31.049,0.00
1786340797,ingest,0.00,0.00,0.0,0.000,0.000,13.690,30.923,0.00
1786340802,ingest,0.00,0.00,0.0,0.000,0.000,13.752,30.860,0.00
1786340807,ingest,0.00,0.00,0.0,0.000,0.000,13.878,30.735,0.00
1786340812,ingest,0.00,0.00,0.0,0.000,0.000,14.003,30.609,0.00
1786340817,ingest,0.00,0.00,0.0,0.000,0.000,14.128,30.484,0.00
1786340822,ingest,0.00,0.00,0.0,0.000,0.000,14.253,30.357,0.00
1786340828,ingest,0.00,0.00,0.0,0.000,0.000,14.378,30.230,0.00
1786340833,ingest,0.00,0.00,0.0,0.000,0.000,14.508,30.096,0.00
1786340838,ingest,0.00,0.00,0.0,0.000,0.000,14.573,30.033,0.00
1786340843,ingest,0.00,0.00,0.0,0.000,0.000,14.698,29.906,0.00
1786340848,ingest,0.00,0.00,0.0,0.000,0.000,14.760,29.842,0.00
1786340853,ingest,0.00,0.00,0.0,0.000,0.000,14.885,29.716,0.00
1786340858,ingest,0.00,0.00,0.0,0.000,0.000,14.885,29.717,0.00
1786340863,ingest,0.00,0.00,0.0,0.000,0.000,14.948,29.654,0.00
1786340868,ingest,0.00,0.00,0.0,0.000,0.000,15.010,29.593,0.00
1786340873,ingest,0.00,0.00,0.0,0.000,0.000,15.073,29.530,0.00
1786340878,ingest,0.00,0.00,0.0,0.000,0.000,15.198,29.404,0.00
1786340883,ingest,0.00,0.00,0.0,0.000,0.000,15.323,29.280,0.00
1786340888,ingest,0.00,0.00,0.0,0.000,0.000,15.386,29.220,0.00
1786340893,ingest,0.00,0.00,0.0,0.000,0.000,15.448,29.156,0.00
1786340898,ingest,0.00,0.00,0.0,0.000,0.000,15.511,29.094,0.00
1786340903,ingest,0.00,0.00,0.0,0.000,0.000,15.511,29.095,0.00
1786340908,ingest,0.00,0.00,0.0,0.000,0.000,15.636,28.970,0.00
1786340913,ingest,0.00,0.00,0.0,0.000,0.000,15.699,28.907,0.00
1786340918,ingest,0.00,0.00,0.0,0.000,0.000,15.761,28.842,0.00
1786340924,ingest,0.00,0.00,0.0,0.000,0.000,15.886,28.720,0.00
1786340929,ingest,0.00,0.00,0.0,0.000,0.000,15.949,28.658,0.00
1786340934,ingest,0.00,0.00,0.0,0.000,0.000,16.074,28.533,0.00
1786340939,ingest,0.00,0.00,0.0,0.000,0.000,16.136,28.472,0.00
1786340944,ingest,0.00,0.00,0.0,0.000,0.000,16.199,28.406,0.00
1786340949,ingest,0.00,0.00,0.0,0.000,0.000,16.262,28.342,0.00
1786340954,ingest,0.00,0.00,0.0,0.000,0.000,16.387,28.216,0.00
1786340959,ingest,0.00,0.00,0.0,0.000,0.000,16.449,28.153,0.00
1786340964,ingest,0.00,0.00,0.0,0.000,0.000,16.574,28.028,0.00
1786340969,ingest,0.00,0.00,0.0,0.000,0.000,16.637,27.967,0.00
1786340974,ingest,0.00,0.00,0.0,0.000,0.000,16.700,27.904,0.00
1786340979,ingest,0.00,0.00,0.0,0.000,0.000,16.762,27.841,0.00
1786340984,ingest,0.00,0.00,0.0,0.000,0.000,16.825,27.762,0.06
1786340989,ingest,0.00,0.00,0.0,0.000,0.000,16.825,27.761,0.00
1786340994,ingest,0.00,0.00,0.0,0.000,0.000,16.887,27.699,0.00
1786340999,ingest,0.00,0.00,0.0,0.000,0.000,17.012,27.574,0.00
1786341004,ingest,0.00,0.00,0.0,0.000,0.000,17.075,27.511,0.00
1786341009,ingest,0.00,0.00,0.0,0.000,0.000,17.137,27.448,0.00
1786341014,ingest,0.00,0.00,0.0,0.000,0.000,17.200,27.388,0.00
1786341020,ingest,0.00,0.00,0.0,0.000,0.000,17.263,27.327,0.00
1786341025,ingest,0.00,0.00,0.0,0.000,0.000,17.450,27.142,0.00
1786341030,ingest,0.00,0.00,0.0,0.000,0.000,17.513,27.076,0.00
1786341035,ingest,0.00,0.00,0.0,0.000,0.000,17.575,27.015,0.00
1786341040,ingest,0.00,0.00,0.0,0.000,0.000,17.638,26.952,0.00
1786341045,ingest,0.00,0.00,0.0,0.000,0.000,17.700,26.889,0.00
1786341050,ingest,0.00,0.00,0.0,0.000,0.000,17.763,26.827,0.00
1786341055,ingest,0.00,0.00,0.0,0.000,0.000,17.888,26.710,0.00
1786341060,ingest,0.00,0.00,0.0,0.000,0.000,18.013,26.583,0.00
1786341065,ingest,0.00,0.00,0.0,0.000,0.000,18.076,26.519,0.00
1786341070,ingest,0.00,0.00,0.0,0.000,0.000,18.138,26.456,0.00
1786341075,ingest,0.00,0.00,0.0,0.000,0.000,18.263,26.329,0.00
1786341080,ingest,0.00,0.00,0.0,0.000,0.000,18.326,26.266,0.00
1786341085,ingest,0.00,0.00,0.0,0.000,0.000,18.389,26.204,0.00
1786341090,ingest,0.00,0.00,0.0,0.000,0.000,18.451,26.141,0.00
1786341095,ingest,0.00,0.00,0.0,0.000,0.000,18.514,26.077,0.00
1786341100,ingest,0.00,0.00,0.0,0.000,0.000,18.639,25.949,0.00
1786341105,ingest,0.00,0.00,0.0,0.000,0.000,18.701,25.885,0.00
1786341110,ingest,0.00,0.00,0.0,0.000,0.000,18.764,25.823,0.00
1786341116,ingest,0.00,0.00,0.0,0.000,0.000,18.951,25.635,0.00
1786341121,ingest,0.00,0.00,0.0,0.000,0.000,19.014,25.571,0.00
1786341126,ingest,0.00,0.00,0.0,0.000,0.000,19.139,25.443,0.00
1786341131,ingest,0.00,0.00,0.0,0.000,0.000,19.202,25.382,0.00
1786341136,ingest,0.00,0.00,0.0,0.000,0.000,19.327,25.257,0.00
1786341141,ingest,0.00,0.00,0.0,0.000,0.000,19.452,25.133,0.00
1786341146,ingest,0.00,0.00,0.0,0.000,0.000,19.580,25.001,0.00
1786341151,ingest,0.00,0.00,0.0,0.000,0.000,19.706,24.873,0.00
1786341156,ingest,0.00,0.00,0.0,0.000,0.000,19.831,24.748,0.00
1786341161,ingest,0.00,0.00,0.0,0.000,0.000,19.893,24.684,0.00
1786341166,ingest,0.00,0.00,0.0,0.000,0.000,19.956,24.621,0.00
1786341171,ingest,0.00,0.00,0.0,0.000,0.000,20.081,24.494,0.00
1786341176,ingest,0.00,0.00,0.0,0.000,0.000,20.144,24.430,0.00
1786341181,ingest,0.00,0.00,0.0,0.000,0.000,20.269,24.304,0.00
1786341186,ingest,0.00,0.00,0.0,0.000,0.000,20.331,24.245,0.00
1786341191,ingest,0.00,0.00,0.0,0.000,0.000,20.519,24.053,0.00
1786341196,ingest,0.00,0.00,0.0,0.000,0.000,20.581,23.990,0.00
1786341201,ingest,0.00,0.00,0.0,0.000,0.000,20.644,23.927,0.00
1786341207,ingest,0.00,0.00,0.0,0.000,0.000,20.769,23.799,0.00
1786341212,ingest,0.00,0.00,0.0,0.000,0.000,20.769,23.796,0.00
1786341217,ingest,0.00,0.00,0.0,0.000,0.000,20.832,23.737,0.00
1786341222,ingest,0.00,0.00,0.0,0.000,0.000,20.957,23.609,0.00
1786341227,ingest,0.00,0.00,0.0,0.000,0.000,21.019,23.548,0.00
1786341232,ingest,0.00,0.00,0.0,0.000,0.000,21.207,23.363,0.00
1786341237,ingest,0.00,0.00,0.0,0.000,0.000,21.332,23.237,0.00
1786341242,ingest,0.00,0.00,0.0,0.000,0.000,21.394,23.172,0.00
1786341247,ingest,0.00,0.00,0.0,0.000,0.000,21.394,23.170,0.00
1786341252,ingest,0.00,0.00,0.0,0.000,0.000,21.519,23.046,0.00
1786341257,ingest,0.00,0.00,0.0,0.000,0.000,21.644,22.920,0.00
1786341262,ingest,0.00,0.00,0.0,0.000,0.000,21.769,22.793,0.00
1786341267,ingest,0.00,0.00,0.0,0.000,0.000,21.832,22.727,0.00
1786341272,ingest,0.00,0.00,0.0,0.000,0.000,21.957,22.603,0.00
1786341277,ingest,0.00,0.00,0.0,0.000,0.000,22.145,22.414,0.00
1786341282,ingest,0.00,0.00,0.0,0.000,0.000,22.207,22.342,0.04
1786341287,ingest,0.00,0.00,0.0,0.000,0.000,22.270,22.279,0.01
1786341293,ingest,0.00,0.00,0.0,0.000,0.000,22.395,22.153,0.00
1786341298,ingest,0.00,0.00,0.0,0.000,0.000,22.520,22.027,0.00
1786341303,ingest,0.00,0.00,0.0,0.000,0.000,22.583,21.965,0.00
1786341308,ingest,0.00,0.00,0.0,0.000,0.000,22.645,21.904,0.00
1786341313,ingest,0.00,0.00,0.0,0.000,0.000,22.770,21.775,0.00
1786341318,ingest,0.00,0.00,0.0,0.000,0.000,22.833,21.714,0.00
1786341323,ingest,0.00,0.00,0.0,0.000,0.000,22.896,21.649,0.00
1786341328,ingest,0.00,0.00,0.0,0.000,0.000,22.958,21.586,0.00
1786341333,ingest,0.00,0.00,0.0,0.000,0.000,23.021,21.524,0.00
1786341338,ingest,0.00,0.00,0.0,0.000,0.000,23.146,21.400,0.00
1786341343,ingest,0.00,0.00,0.0,0.000,0.000,23.146,21.403,0.00
1786341348,ingest,0.00,0.00,0.0,0.000,0.000,23.271,21.275,0.00
1786341353,ingest,0.00,0.00,0.0,0.000,0.000,23.333,21.215,0.00
1786341358,ingest,0.00,0.00,0.0,0.000,0.000,23.396,21.147,0.00
1786341363,ingest,0.00,0.00,0.0,0.000,0.000,23.521,21.029,0.00
1786341368,ingest,0.00,0.00,0.0,0.000,0.000,23.584,20.967,0.00
1786341373,ingest,0.00,0.00,0.0,0.000,0.000,23.646,20.901,0.00
1786341378,ingest,0.00,0.00,0.0,0.000,0.000,23.771,20.773,0.00
1786341383,ingest,0.00,0.00,0.0,0.000,0.000,23.834,20.706,0.00
1786341389,ingest,0.00,0.00,0.0,0.000,0.000,23.896,20.646,0.00
1786341394,ingest,0.00,0.00,0.0,0.000,0.000,24.021,20.516,0.00
1786341399,ingest,0.00,0.00,0.0,0.000,0.000,24.147,20.390,0.00
1786341404,ingest,0.00,0.00,0.0,0.000,0.000,24.209,20.329,0.00
1786341409,ingest,0.00,0.00,0.0,0.000,0.000,24.272,20.262,0.00
1786341414,ingest,0.00,0.00,0.0,0.000,0.000,24.334,20.201,0.00
1786341419,ingest,0.00,0.00,0.0,0.000,0.000,24.397,20.137,0.00
1786341424,ingest,0.00,0.00,0.0,0.000,0.000,24.459,20.073,0.00
1786341429,ingest,0.00,0.00,0.0,0.000,0.000,24.584,19.948,0.00
1786341434,ingest,0.00,0.00,0.0,0.000,0.000,24.647,19.886,0.00
1786341439,ingest,0.00,0.00,0.0,0.000,0.000,24.710,19.821,0.00
1786341444,ingest,0.00,0.00,0.0,0.000,0.000,24.838,19.699,0.00
1786341449,ingest,0.00,0.00,0.0,0.000,0.000,24.838,19.697,0.00
1786341454,ingest,0.00,0.00,0.0,0.000,0.000,24.900,19.634,0.00
1786341459,ingest,0.00,0.00,0.0,0.000,0.000,24.963,19.573,0.00
1786341464,ingest,0.00,0.00,0.0,0.000,0.000,25.088,19.445,0.00
1786341469,ingest,0.00,0.00,0.0,0.000,0.000,25.213,19.317,0.00
1786341474,ingest,0.00,0.00,0.0,0.000,0.000,25.322,19.209,0.00
1786341479,ingest,0.00,0.00,0.0,0.000,0.000,25.401,19.128,0.00
1786341485,ingest,0.00,0.00,0.0,0.000,0.000,25.528,19.002,0.00
1786341490,ingest,0.00,0.00,0.0,0.000,0.000,25.590,18.937,0.00
1786341495,ingest,0.00,0.00,0.0,0.000,0.000,25.653,18.875,0.00
1786341500,ingest,0.00,0.00,0.0,0.000,0.000,25.779,18.751,0.00
1786341505,ingest,0.00,0.00,0.0,0.000,0.000,25.841,18.685,0.00
1786341510,ingest,0.00,0.00,0.0,0.000,0.000,25.966,18.557,0.00
1786341515,ingest,0.00,0.00,0.0,0.000,0.000,26.029,18.494,0.00
1786341520,ingest,0.00,0.00,0.0,0.000,0.000,26.279,18.244,0.00
1786341525,ingest,0.00,0.00,0.0,0.000,0.000,26.404,18.115,0.00
1786341530,ingest,0.00,0.00,0.0,0.000,0.000,26.467,18.051,0.00
1786341535,ingest,0.00,0.00,0.0,0.000,0.000,26.592,17.926,0.00
1786341540,ingest,0.00,0.00,0.0,0.000,0.000,26.654,17.861,0.00
1786341545,ingest,0.00,0.00,0.0,0.000,0.000,26.717,17.796,0.00
1786341550,ingest,0.00,0.00,0.0,0.000,0.000,26.779,17.785,0.00
1786341555,ingest,0.00,0.00,0.0,0.000,0.000,26.904,17.653,0.00
1786341560,ingest,0.00,0.00,0.0,0.000,0.000,26.967,17.585,0.00
1786341565,ingest,0.00,0.00,0.0,0.000,0.000,27.092,17.454,0.00
1786341570,ingest,0.00,0.00,0.0,0.000,0.000,27.217,17.326,0.00
1786341575,ingest,0.00,0.00,0.0,0.000,0.000,27.280,17.260,0.00
1786341581,ingest,0.00,0.00,0.0,0.000,0.000,27.342,17.196,0.00
1786341586,ingest,0.00,0.00,0.0,0.000,0.000,27.405,17.117,0.06
1786341591,ingest,0.00,0.00,0.0,0.000,0.000,27.467,17.053,0.00
1786341596,ingest,0.00,0.00,0.0,0.000,0.000,27.530,16.987,0.00
1786341601,ingest,0.00,0.00,0.0,0.000,0.000,27.593,16.923,0.00
1786341606,ingest,0.00,0.00,0.0,0.000,0.000,27.718,16.797,0.00
1786341611,ingest,0.00,0.00,0.0,0.000,0.000,27.780,16.735,0.00
1786341616,ingest,0.00,0.00,0.0,0.000,0.000,27.780,16.734,0.00
1786341621,ingest,0.00,0.00,0.0,0.000,0.000,27.905,16.606,0.00
1786341626,ingest,0.00,0.00,0.0,0.000,0.000,28.030,16.483,0.00
1786341631,ingest,0.00,0.00,0.0,0.000,0.000,28.093,16.419,0.00
1786341636,ingest,0.00,0.00,0.0,0.000,0.000,28.218,16.294,0.00
1786341641,ingest,0.00,0.00,0.0,0.000,0.000,28.343,16.171,0.00
1786341646,ingest,0.00,0.00,0.0,0.000,0.000,28.468,16.045,0.00
1786341651,ingest,0.00,0.00,0.0,0.000,0.000,28.531,15.981,0.00
1786341656,ingest,0.00,0.00,0.0,0.000,0.000,28.593,15.918,0.00
1786341661,ingest,0.00,0.00,0.0,0.000,0.000,28.718,15.790,0.00
1786341666,ingest,0.00,0.00,0.0,0.000,0.000,28.781,15.730,0.00
1786341671,ingest,0.00,0.00,0.0,0.000,0.000,28.906,15.603,0.00
1786341677,ingest,0.00,0.00,0.0,0.000,0.000,29.031,15.477,0.00
1786341682,ingest,0.00,0.00,0.0,0.000,0.000,29.157,15.347,0.00
1786341687,ingest,0.00,0.00,0.0,0.000,0.000,29.219,15.285,0.00
1786341692,ingest,0.00,0.00,0.0,0.000,0.000,29.282,15.220,0.00
1786341697,ingest,0.00,0.00,0.0,0.000,0.000,29.407,15.094,0.00
1786341702,ingest,0.00,0.00,0.0,0.000,0.000,29.470,15.029,0.00
1786341707,ingest,0.00,0.00,0.0,0.000,0.000,29.595,14.907,0.00
1786341712,ingest,0.00,0.00,0.0,0.000,0.000,29.720,14.778,0.00
1786341717,ingest,0.00,0.00,0.0,0.000,0.000,29.782,14.715,0.00
1786341722,ingest,0.00,0.00,0.0,0.000,0.000,29.907,14.592,0.00
1786341727,ingest,0.00,0.00,0.0,0.000,0.000,29.970,14.528,0.00
1786341732,ingest,0.00,0.00,0.0,0.000,0.000,30.095,14.400,0.00
1786341737,ingest,0.00,0.00,0.0,0.000,0.000,30.158,14.335,0.00
1786341742,ingest,0.00,0.00,0.0,0.000,0.000,30.282,14.207,0.00
1786341747,ingest,0.00,0.00,0.0,0.000,0.000,30.408,14.081,0.00
1786341752,ingest,0.00,0.00,0.0,0.000,0.000,30.533,13.957,0.00
1786341757,ingest,0.00,0.00,0.0,0.000,0.000,30.658,13.828,0.00
1786341762,ingest,0.00,0.00,0.0,0.129,0.000,30.658,13.828,0.00
1786341767,ingest,0.00,26.13,2.8,0.129,0.000,30.658,14.117,0.00
1786341773,ingest,0.00,0.00,0.0,0.129,0.000,30.658,14.118,0.00
1786341778,bench_mixed,0.00,0.00,0.1,0.129,0.000,35.332,13.320,6.33
1786341783,bench_mixed,0.00,0.00,0.0,0.129,0.000,48.884,12.813,0.00
1786341788,bench_mixed,0.00,0.00,0.0,0.129,0.000,62.100,12.615,0.00
1786341793,bench_mixed,0.00,0.00,0.0,0.129,0.000,62.234,12.481,0.00
1786341798,bench_mixed,0.00,0.00,0.0,0.129,0.000,62.358,12.358,0.00
1786341803,bench_mixed,0.00,0.00,0.0,0.129,0.000,62.416,12.301,0.00
1786341808,bench_mixed,0.00,0.00,0.1,0.129,0.000,62.417,12.298,0.00
1786341813,bench_mixed,0.00,0.00,0.0,0.129,0.000,62.419,12.295,0.00
1786341818,bench_mixed,0.00,0.00,0.0,0.129,0.000,63.211,11.499,0.00
1786341823,bench_mixed,0.00,0.00,0.0,0.129,0.000,64.247,10.458,0.00
1786341828,bench_mixed,0.00,0.00,0.0,0.129,0.000,64.560,10.142,0.00
1786341833,bench_mixed,0.00,0.00,0.0,0.129,0.000,64.753,9.950,0.00
1786341838,bench_mixed,0.00,0.00,0.1,0.129,0.000,65.051,9.650,0.00
1786341843,bench_mixed,0.00,0.00,0.0,0.129,0.000,65.493,9.208,0.00
1786341848,bench_mixed,0.00,0.00,0.0,0.129,0.000,65.710,8.989,0.00
1786341853,bench_mixed,0.00,0.00,0.0,0.129,0.000,65.780,8.918,0.00
1786341858,bench_mixed,0.00,0.00,0.0,0.129,0.000,65.964,8.732,0.00
1786341863,bench_mixed,0.00,0.00,0.0,0.129,0.000,66.054,8.642,0.00
1786341869,bench_mixed,0.00,0.00,0.1,0.129,0.000,66.116,8.579,0.00
1786341874,bench_mixed,0.00,0.00,0.0,0.129,0.000,66.174,8.521,0.00
1786341879,bench_mixed,0.00,0.00,0.0,0.129,0.000,66.236,8.460,0.00
1786341884,bench_mixed,0.00,0.00,0.0,0.129,0.000,66.413,8.248,0.06
1786341889,bench_mixed,0.00,0.00,0.0,0.129,0.000,66.470,8.193,0.00
1786341894,bench_mixed,0.00,0.00,0.0,0.129,0.000,66.498,8.165,0.00
1786341899,bench_mixed,0.00,0.00,0.0,0.129,0.000,66.964,7.697,0.00
1786341904,bench_mixed,0.00,0.00,0.0,0.129,0.000,67.058,7.602,0.00
1786341909,bench_mixed,0.00,0.00,0.0,0.129,0.000,67.111,7.552,0.00
1786341914,bench_mixed,0.00,0.00,0.0,0.129,0.000,67.261,7.402,0.00
1786341919,bench_mixed,0.00,0.00,0.0,0.129,0.000,67.310,7.352,0.00
1786341924,bench_mixed,0.00,0.00,0.0,0.129,0.000,67.323,7.342,0.00
1786341929,bench_mixed,0.00,0.00,0.0,0.129,0.000,67.389,7.276,0.00
1786341934,bench_mixed,0.00,0.00,0.0,0.129,0.000,67.471,7.193,0.00
1786341939,bench_mixed,0.00,0.00,0.0,0.129,0.000,67.588,7.075,0.00
1786341944,bench_mixed,0.00,0.00,0.0,0.129,0.000,67.609,7.055,0.00
1786341949,bench_mixed,0.00,0.00,0.0,0.129,0.000,67.609,7.054,0.00
1786341954,bench_mixed,0.00,0.00,0.0,0.129,0.000,67.614,7.048,0.00
1786341959,bench_mixed,0.00,0.00,0.0,0.129,0.000,67.626,7.038,0.00
1786341965,bench_mixed,0.00,0.00,0.0,0.129,0.000,67.666,6.998,0.00
1786341970,bench_mixed,0.00,0.00,0.0,0.129,0.000,67.784,6.881,0.00
1786341975,bench_mixed,0.00,0.00,0.0,0.129,0.000,67.784,6.882,0.00
1786341980,bench_mixed,0.00,0.00,0.0,0.129,0.000,67.796,6.870,0.00
1786341985,bench_mixed,0.00,0.00,0.0,0.129,0.000,67.796,6.870,0.00
1786341990,bench_mixed,0.00,0.00,0.0,0.129,0.000,67.796,6.869,0.00
1786341995,bench_mixed,0.00,0.00,0.0,0.129,0.000,67.796,6.869,0.00
1786342000,bench_mixed,0.00,0.00,0.0,0.129,0.000,67.796,6.869,0.00
1786342005,bench_mixed,0.00,0.00,0.0,0.129,0.000,67.796,6.870,0.00
1786342010,bench_mixed,0.00,0.00,0.0,0.129,0.000,67.796,6.869,0.00
1786342015,bench_mixed,0.00,0.00,0.0,0.129,0.000,67.815,6.851,0.00
1786342020,bench_mixed,0.00,0.00,0.0,0.129,0.000,67.815,6.852,0.00
1786342025,bench_mixed,0.00,0.00,0.0,0.129,0.000,67.815,6.851,0.00
1786342030,bench_mixed,0.00,0.00,0.0,0.129,0.000,67.815,6.852,0.00
1786342035,bench_mixed,0.00,0.00,0.0,0.129,0.000,67.815,6.853,0.00
1786342040,bench_mixed,0.00,0.00,0.0,0.129,0.000,67.815,6.853,0.00
1786342045,bench_mixed,0.00,0.00,0.0,0.129,0.000,67.815,6.853,0.00
1786342050,bench_mixed,0.00,0.00,0.0,0.129,0.000,67.815,6.853,0.00
1786342055,bench_mixed,0.00,0.00,0.0,0.129,0.000,67.815,6.853,0.00
1786342061,bench_mixed,0.00,0.00,0.0,0.129,0.000,67.815,6.853,0.00
1786342066,bench_mixed,0.00,0.00,0.0,0.129,0.000,67.815,6.853,0.00
1786342071,bench_mixed,0.00,0.00,0.0,0.129,0.000,67.815,6.853,0.00
1786342076,bench_mixed,0.00,0.00,0.0,0.129,0.000,67.815,6.853,0.00
1786342081,bench_mixed,0.00,0.00,0.0,0.129,0.000,67.815,6.852,0.00
1786342086,bench_mixed,0.00,0.00,0.0,0.129,0.000,67.815,6.852,0.00
1786342091,bench_mixed,0.00,0.00,0.0,0.129,0.000,67.815,6.852,0.00
1786342096,bench_mixed,0.00,0.00,0.0,0.129,0.000,67.839,6.830,0.00
1786342101,bench_mixed,0.00,0.00,0.0,0.129,0.000,67.839,6.830,0.00
1786342106,bench_mixed,0.00,0.00,0.0,0.129,0.000,67.839,6.829,0.00
1786342111,bench_mixed,0.00,0.00,0.0,0.129,0.000,67.839,6.828,0.00
1786342116,bench_mixed,0.00,0.00,0.0,0.129,0.000,67.839,6.829,0.00
1786342121,bench_mixed,0.00,0.00,0.0,0.129,0.000,67.839,6.829,0.00
1786342126,bench_mixed,0.00,0.00,0.0,0.129,0.000,67.839,6.829,0.00
1786342131,bench_mixed,0.00,0.00,0.0,0.129,0.000,67.839,6.829,0.00
1786342136,bench_mixed,0.00,0.00,0.0,0.129,0.000,67.839,6.829,0.00
1786342141,bench_mixed,0.00,0.00,0.0,0.129,0.000,67.839,6.829,0.00
1786342146,bench_mixed,0.00,0.00,0.0,0.129,0.000,67.839,6.830,0.00
1786342151,bench_mixed,0.00,0.00,0.0,0.129,0.000,67.839,6.830,0.00
1786342157,bench_mixed,0.00,0.00,0.0,0.129,0.000,67.839,6.829,0.00
1786342162,bench_mixed,0.00,0.00,0.0,0.129,0.000,67.839,6.829,0.00
1786342167,bench_mixed,0.00,0.00,0.0,0.129,0.000,67.839,6.830,0.00
1786342172,bench_mixed,0.00,0.00,0.0,0.129,0.000,67.839,6.830,0.00
1786342177,bench_mixed,0.00,0.00,0.0,0.129,0.000,67.839,6.830,0.00
1786342182,bench_mixed,0.00,0.00,0.0,0.129,0.000,67.839,6.814,0.03
1786342187,bench_mixed,0.00,0.00,0.0,0.129,0.000,67.839,6.806,0.02
1786342192,bench_mixed,0.00,0.00,0.0,0.129,0.000,67.839,6.806,0.00
1786342197,bench_mixed,0.00,0.00,0.0,0.129,0.000,67.839,6.806,0.00
1786342202,bench_mixed,0.00,0.00,0.0,0.129,0.000,67.839,6.807,0.00
1786342207,bench_mixed,0.00,0.00,0.0,0.129,0.000,67.839,6.806,0.00
1786342212,bench_mixed,0.00,0.00,0.0,0.129,0.000,67.839,6.807,0.00
1786342217,bench_mixed,0.00,0.00,0.0,0.129,0.000,67.839,6.806,0.00
1786342222,bench_mixed,0.00,0.00,0.0,0.129,0.000,67.839,6.806,0.00
1786342227,bench_mixed,0.00,0.00,0.0,0.129,0.000,67.839,6.807,0.00
1786342232,bench_mixed,0.00,0.00,0.0,0.129,0.000,67.839,6.807,0.00
1786342237,bench_mixed,0.00,0.00,0.0,0.129,0.000,67.839,6.807,0.00
1786342242,bench_mixed,0.00,0.00,0.0,0.129,0.000,67.839,6.808,0.00
1786342247,bench_mixed,0.00,0.00,0.0,0.129,0.000,67.839,6.807,0.00
1786342253,bench_mixed,0.00,0.00,0.0,0.129,0.000,67.839,6.807,0.00
1786342258,bench_mixed,0.00,0.00,0.0,0.129,0.000,67.839,6.807,0.00
1786342263,bench_mixed,0.00,0.00,0.0,0.129,0.000,67.839,6.808,0.00
1786342268,bench_mixed,0.00,0.00,0.0,0.129,0.000,67.839,6.808,0.00
1786342273,bench_mixed,0.00,0.00,0.0,0.129,0.000,67.839,6.808,0.00
1786342278,bench_mixed,0.00,0.00,0.0,0.129,0.000,67.839,6.808,0.00
1786342283,bench_mixed,0.00,0.00,0.0,0.129,0.000,67.839,6.808,0.00
1786342288,bench_mixed,0.00,0.00,0.0,0.129,0.000,67.839,6.809,0.00
1786342293,bench_mixed,0.00,0.00,0.0,0.129,0.000,67.839,6.809,0.00
1786342298,bench_mixed,0.00,0.00,0.0,0.129,0.000,67.839,6.809,0.00
1786342303,bench_mixed,0.00,0.00,0.0,0.129,0.000,67.839,6.809,0.00
1786342308,bench_mixed,0.00,0.00,0.0,0.129,0.000,67.839,6.809,0.00
1786342313,bench_mixed,0.00,0.00,0.0,0.129,0.000,67.839,6.809,0.00
1786342318,bench_mixed,0.00,0.00,0.0,0.129,0.000,67.839,6.810,0.00
1786342323,bench_mixed,0.00,0.00,0.0,0.129,0.000,67.839,6.810,0.00
1786342328,bench_mixed,0.00,0.00,0.0,0.129,0.000,67.839,6.810,0.00
1786342333,bench_mixed,0.00,0.00,0.0,0.129,0.000,67.839,6.811,0.00
1786342338,bench_mixed,0.00,0.00,0.0,0.129,0.000,67.839,6.811,0.00
1786342343,bench_mixed,0.00,0.00,0.0,0.129,0.000,67.839,6.812,0.00
1786342348,bench_mixed,0.00,0.00,0.0,0.129,0.000,67.839,6.811,0.00
1786342354,bench_mixed,0.00,0.00,0.0,0.129,0.000,67.839,6.812,0.00
1786342359,bench_mixed,0.00,0.00,0.0,0.129,0.000,67.839,6.812,0.00
1786342364,bench_mixed,0.00,0.00,0.0,0.129,0.000,67.839,6.812,0.00
1786342369,bench_mixed,0.00,0.00,0.0,0.129,0.000,67.839,6.812,0.00
1786342374,bench_mixed,0.00,0.00,0.0,0.129,0.000,67.839,6.812,0.00
1786342379,bench_mixed,0.00,0.00,0.0,0.129,0.000,67.839,6.812,0.00
1786342384,bench_mixed,0.00,0.00,0.0,0.129,0.000,67.839,6.812,0.00
1786342389,bench_mixed,0.00,0.00,0.0,0.129,0.000,67.839,6.812,0.00
1786342394,bench_mixed,0.00,0.00,0.0,0.129,0.000,67.839,6.813,0.00
1786342399,bench_mixed,0.00,0.00,0.0,0.129,0.000,67.839,6.813,0.00
1786342404,bench_mixed,0.00,0.00,0.0,0.129,0.000,67.839,6.813,0.00
1786342409,bench_mixed,0.00,0.00,0.0,0.129,0.000,67.839,6.812,0.00
1786342414,bench_mixed,0.00,0.00,0.0,0.129,0.000,67.839,6.812,0.00
1786342419,bench_mixed,0.00,0.00,0.0,0.129,0.000,67.839,6.812,0.00
1786342424,bench_mixed,0.00,0.00,0.0,0.129,0.000,67.839,6.812,0.00
1786342429,bench_mixed,0.00,0.00,0.0,0.129,0.000,67.839,6.813,0.00
1786342434,bench_mixed,0.00,0.00,0.0,0.129,0.000,67.839,6.812,0.00
1786342439,bench_mixed,0.00,0.00,0.0,0.129,0.000,67.839,6.812,0.00
1786342444,bench_mixed,0.00,0.00,0.0,0.129,0.000,67.839,6.812,0.00
1786342449,bench_mixed,0.00,0.00,0.0,0.129,0.000,67.839,6.812,0.00
1786342455,bench_mixed,0.00,0.00,0.0,0.129,0.000,67.839,6.813,0.00
1786342460,bench_mixed,0.00,0.00,0.0,0.129,0.000,67.839,6.813,0.00
1786342465,bench_mixed,0.00,0.00,0.0,0.129,0.000,67.839,6.813,0.00
1786342470,bench_mixed,0.00,0.00,0.0,0.129,0.000,67.839,6.813,0.00
1786342475,bench_mixed,0.00,0.00,0.0,0.129,0.000,67.839,6.813,0.00
1786342480,bench_mixed,0.00,0.00,0.0,0.129,0.000,67.839,6.813,0.00
1786342485,bench_mixed,0.00,0.00,0.0,0.129,0.000,67.839,6.810,0.06
1786342490,bench_mixed,0.00,0.00,0.0,0.129,0.000,67.839,6.810,0.00
1786342495,bench_mixed,0.00,0.00,0.0,0.129,0.000,67.839,6.810,0.00
1786342500,bench_mixed,0.00,0.00,0.0,0.129,0.000,67.839,6.810,0.00
1786342505,bench_mixed,0.00,0.00,0.0,0.129,0.000,67.839,6.811,0.00
1786342510,bench_mixed,0.00,0.00,0.0,0.129,0.000,67.839,6.811,0.00
1786342515,bench_mixed,0.00,0.00,0.0,0.129,0.000,67.839,6.812,0.00
1786342520,bench_mixed,0.00,0.00,0.0,0.129,0.000,67.839,6.811,0.00
1786342525,bench_mixed,0.00,0.00,0.0,0.129,0.000,67.839,6.812,0.00
1786342530,bench_mixed,0.00,0.00,0.0,0.129,0.000,67.839,6.812,0.00
1786342535,bench_mixed,0.00,0.00,0.0,0.129,0.000,67.839,6.812,0.00
1786342540,bench_mixed,0.00,0.00,0.0,0.129,0.000,67.839,6.812,0.00
1786342545,bench_mixed,0.00,0.00,0.0,0.129,0.000,67.839,6.813,0.00
1786342551,bench_mixed,0.00,0.00,0.0,0.129,0.000,67.839,6.812,0.00
1786342556,bench_mixed,0.00,0.00,0.0,0.129,0.000,67.839,6.812,0.00
1786342561,bench_mixed,0.00,0.00,0.0,0.129,0.000,67.839,6.812,0.00
1786342566,bench_mixed,0.00,0.00,0.0,0.129,0.000,67.839,6.812,0.00
1786342571,bench_mixed,0.00,0.00,0.0,0.129,0.000,67.839,6.812,0.00
1786342576,bench_mixed,0.00,0.00,0.0,0.129,0.000,67.839,6.812,0.00
1786342581,bench_mixed,0.00,0.00,0.0,0.129,0.000,67.839,6.812,0.00
1786342586,bench_mixed,0.00,0.00,0.0,0.129,0.000,67.839,6.812,0.00
1786342591,bench_mixed,0.00,0.00,0.0,0.129,0.000,67.839,6.812,0.00
1786342596,bench_mixed,0.00,0.00,0.0,0.129,0.000,67.839,6.813,0.00
1786342601,bench_mixed,0.00,0.00,0.0,0.129,0.000,67.839,6.813,0.00
1786342606,bench_mixed,0.00,0.00,0.0,0.129,0.000,67.839,6.813,0.00
1786342611,bench_mixed,0.00,0.00,0.0,0.129,0.000,67.839,6.813,0.00
1786342616,bench_mixed,0.00,0.00,0.0,0.129,0.000,67.839,6.813,0.00
1786342621,bench_mixed,0.00,0.00,0.0,0.129,0.000,67.839,6.813,0.00
1786342626,bench_mixed,0.00,0.00,0.0,0.129,0.000,67.839,6.814,0.00
1786342631,bench_mixed,0.00,0.00,0.0,0.129,0.000,67.839,6.814,0.00
1786342636,bench_mixed,0.00,0.00,0.0,0.129,0.000,67.839,6.814,0.00
1786342641,bench_mixed,0.00,0.00,0.0,0.129,0.000,67.839,6.814,0.00
1786342646,bench_mixed,0.00,0.00,0.0,0.129,0.000,67.839,6.814,0.00
1786342652,bench_mixed,0.00,0.00,0.0,0.129,0.000,67.839,6.814,0.00
1786342657,bench_mixed,0.00,0.00,0.0,0.129,0.000,67.839,6.814,0.00
1786342662,bench_mixed,0.00,0.00,0.0,0.129,0.000,67.839,6.814,0.00
1786342667,bench_mixed,0.00,0.00,0.0,0.129,0.000,67.839,6.813,0.00
1786342672,bench_mixed,0.00,0.00,0.0,0.129,0.000,67.839,6.813,0.00
1786342677,bench_mixed,0.00,0.00,0.0,0.129,0.000,67.839,6.812,0.00
1786342682,bench_mixed,0.00,0.00,0.0,0.129,0.000,67.839,6.812,0.00
1786342687,bench_mixed,0.00,0.00,0.0,0.129,0.000,67.839,6.811,0.00
1786342692,bench_mixed,0.00,0.00,0.0,0.129,0.000,67.839,6.811,0.00
1786342697,bench_mixed,0.00,0.00,0.0,0.129,0.000,67.839,6.812,0.00
1786342702,bench_mixed,0.00,0.00,0.0,0.129,0.000,67.839,6.812,0.00
1786342707,bench_mixed,0.00,0.00,0.0,0.129,0.000,67.839,6.813,0.00
1786342712,bench_mixed,0.00,0.00,0.0,0.129,0.000,67.839,6.812,0.00
1786342717,bench_mixed,0.00,0.00,0.0,0.129,0.000,67.839,6.812,0.00
1786342722,bench_mixed,0.00,0.00,0.0,0.129,0.000,67.839,6.813,0.00
1786342727,bench_mixed,0.00,0.00,0.0,0.129,0.000,67.839,6.814,0.00
1786342732,bench_mixed,0.00,0.00,0.0,0.129,0.000,67.839,6.814,0.00
1786342737,bench_mixed,0.00,0.00,0.0,0.129,0.000,67.839,6.814,0.00
1786342742,bench_mixed,0.00,0.00,0.0,0.129,0.000,67.839,6.813,0.00
1786342747,bench_mixed,0.00,0.00,0.0,0.129,0.000,67.839,6.813,0.00
1786342753,bench_mixed,0.00,0.00,0.0,0.129,0.000,67.839,6.813,0.00
1786342758,bench_mixed,0.00,0.00,0.0,0.129,0.000,67.839,6.813,0.00
1786342763,bench_mixed,0.00,0.00,0.0,0.129,0.000,67.839,6.813,0.00
1786342768,bench_mixed,0.00,0.00,0.0,0.129,0.000,67.839,6.812,0.00
1786342773,bench_mixed,0.00,0.00,0.0,0.129,0.000,67.839,6.812,0.00
1786342778,bench_mixed,0.00,0.00,0.0,0.129,0.000,67.839,6.813,0.00
1786342783,bench_mixed,0.00,0.00,0.0,0.129,0.000,67.839,6.812,0.05
1786342788,bench_mixed,0.00,0.00,0.0,0.129,0.000,67.839,6.811,0.01
1786342793,bench_mixed,0.00,0.00,0.0,0.129,0.000,67.839,6.813,0.00
1786342798,bench_mixed,0.00,0.00,0.0,0.129,0.000,67.839,6.812,0.00
1786342803,bench_mixed,0.00,0.00,0.0,0.129,0.000,67.839,6.812,0.00
1786342808,bench_mixed,0.00,0.00,0.0,0.129,0.000,67.839,6.812,0.00
1786342813,bench_mixed,0.00,0.00,0.0,0.129,0.000,67.839,6.812,0.00
1786342818,bench_mixed,0.00,0.00,0.0,0.129,0.000,67.839,6.813,0.00
1786342823,bench_mixed,0.00,0.00,0.0,0.129,0.000,67.839,6.813,0.00
1786342828,bench_mixed,0.00,0.00,0.0,0.129,0.000,67.839,6.813,0.00
1786342833,bench_mixed,0.00,0.00,0.0,0.129,0.000,67.839,6.813,0.00
1786342838,bench_mixed,0.00,0.00,0.0,0.129,0.000,67.839,6.813,0.00
1786342843,bench_mixed,0.00,0.00,0.0,0.129,0.000,67.839,6.813,0.00
1786342848,bench_mixed,0.00,0.00,0.0,0.129,0.000,67.839,6.814,0.00
1786342854,bench_mixed,0.00,0.00,0.0,0.129,0.000,67.839,6.813,0.00
1786342859,bench_mixed,0.00,0.00,0.0,0.129,0.000,67.839,6.813,0.00
1786342864,bench_mixed,0.00,0.00,0.0,0.129,0.000,67.839,6.813,0.00
1786342869,bench_mixed,0.00,0.00,0.0,0.129,0.000,67.839,6.813,0.00
1786342874,bench_mixed,0.00,0.00,0.0,0.129,0.000,67.839,6.813,0.00
1786342879,bench_mixed,0.00,0.00,0.0,0.129,0.000,67.839,6.813,0.00
1786342884,bench_mixed,0.00,0.00,0.0,0.129,0.000,67.839,6.813,0.00
1786342889,bench_mixed,0.00,0.00,0.0,0.129,0.000,67.839,6.813,0.00
1786342894,bench_mixed,0.00,0.00,0.0,0.129,0.000,67.839,6.812,0.00
1786342899,bench_mixed,0.00,0.00,0.0,0.129,0.000,67.839,6.811,0.00
1786342904,bench_mixed,0.00,0.00,0.0,0.129,0.000,67.839,6.811,0.00
1786342909,bench_mixed,0.00,0.00,0.0,0.129,0.000,67.839,6.811,0.00
1786342914,bench_mixed,0.00,0.00,0.0,0.129,0.000,67.839,6.811,0.00
1786342919,bench_mixed,0.00,0.00,0.0,0.129,0.000,67.839,6.811,0.00
1786342924,bench_mixed,0.00,0.00,0.0,0.129,0.000,67.839,6.811,0.00
1786342929,bench_mixed,0.00,0.00,0.0,0.129,0.000,67.839,6.811,0.00
1786342934,bench_mixed,0.00,0.00,0.0,0.129,0.000,67.839,6.811,0.00
1786342939,bench_mixed,0.00,0.00,0.0,0.129,0.000,67.839,6.811,0.00
1786342944,bench_mixed,0.00,0.00,0.0,0.129,0.000,67.839,6.812,0.00
1786342950,bench_mixed,0.00,0.00,0.0,0.129,0.000,67.839,6.812,0.00
1786342955,bench_mixed,0.00,0.00,0.0,0.129,0.000,67.839,6.811,0.00
1786342960,bench_mixed,0.00,0.00,0.0,0.129,0.000,67.839,6.812,0.00
1786342965,bench_mixed,0.00,0.00,0.0,0.129,0.000,67.839,6.813,0.00
1786342970,bench_mixed,0.00,0.00,0.0,0.129,0.000,67.839,6.812,0.00
1786342975,bench_mixed,0.00,0.00,0.0,0.129,0.000,67.839,6.812,0.00
1786342980,bench_mixed,0.00,0.00,0.0,0.129,0.000,67.839,6.812,0.00
1786342985,bench_mixed,0.00,0.00,0.0,0.129,0.000,67.839,6.812,0.00
1786342990,bench_mixed,0.00,0.00,0.0,0.129,0.000,67.839,6.812,0.00
1786342995,bench_mixed,0.00,0.00,0.0,0.129,0.000,67.839,6.812,0.00
1786343000,bench_mixed,0.00,0.00,0.0,0.129,0.000,67.839,6.811,0.00
1786343005,bench_mixed,0.00,0.00,0.0,0.129,0.000,67.839,6.811,0.00
1786343010,bench_mixed,0.00,0.00,0.0,0.129,0.000,67.839,6.811,0.00
1786343015,bench_mixed,0.00,0.00,0.0,0.129,0.000,67.839,6.811,0.00
1786343020,bench_mixed,0.00,0.00,0.0,0.129,0.000,67.839,6.811,0.00
1786343025,bench_mixed,0.00,0.00,0.0,0.129,0.000,67.839,6.811,0.00
1786343030,bench_mixed,0.00,0.00,0.0,0.129,0.000,67.839,6.811,0.00
1786343035,bench_mixed,0.00,0.00,0.0,0.129,0.000,67.839,6.811,0.00
1786343040,bench_mixed,0.00,0.00,0.0,0.129,0.000,67.839,6.811,0.00
1786343046,bench_mixed,0.00,0.00,0.0,0.129,0.000,67.839,6.812,0.00
1786343051,bench_mixed,0.00,0.00,0.0,0.129,0.000,67.839,6.812,0.00
1786343056,bench_mixed,0.00,0.00,0.0,0.129,0.000,67.839,6.812,0.00
1786343061,bench_mixed,0.00,0.00,0.0,0.129,0.000,67.839,6.812,0.00
1786343066,bench_mixed,0.00,0.00,0.0,0.129,0.000,67.839,6.812,0.00
1786343071,bench_mixed,0.00,0.00,0.0,0.129,0.000,67.839,6.813,0.00
1786343076,bench_mixed,0.00,0.00,0.0,0.129,0.000,67.839,6.812,0.00
1786343081,bench_mixed,0.00,0.00,0.0,0.129,0.000,67.839,6.812,0.00
1786343086,bench_mixed,0.00,0.00,0.0,0.129,0.000,67.839,6.806,0.06
1786343091,bench_mixed,0.00,0.00,0.0,0.129,0.000,67.839,6.807,0.00
1786343096,bench_mixed,0.00,0.00,0.0,0.129,0.000,67.839,6.807,0.00
1786343101,bench_mixed,0.00,0.00,0.0,0.129,0.000,67.839,6.808,0.00
1786343106,bench_mixed,0.00,0.00,0.0,0.129,0.000,67.839,6.809,0.00
1786343111,bench_mixed,0.00,0.00,0.0,0.129,0.000,67.839,6.808,0.00
1786343116,bench_mixed,0.00,0.00,0.0,0.129,0.000,67.839,6.809,0.00
1786343121,bench_mixed,0.00,0.00,0.0,0.129,0.000,67.839,6.809,0.00
1786343126,bench_mixed,0.00,0.00,0.0,0.129,0.000,67.839,6.809,0.00
1786343131,bench_mixed,0.00,0.00,0.0,0.129,0.000,67.839,6.809,0.00
1786343136,bench_mixed,0.00,0.00,0.0,0.129,0.000,67.839,6.809,0.00
1786343141,bench_mixed,0.00,0.00,0.0,0.129,0.000,67.839,6.809,0.00
1786343147,bench_mixed,0.00,0.00,0.0,0.129,0.000,67.839,6.810,0.00
1786343152,bench_mixed,0.00,0.00,0.0,0.129,0.000,67.839,6.810,0.00
1786343157,bench_mixed,0.00,0.00,0.0,0.129,0.000,67.839,6.810,0.00
1786343162,bench_mixed,0.00,0.00,0.0,0.129,0.000,67.839,6.810,0.00
1786343167,bench_mixed,0.00,0.00,0.0,0.129,0.000,67.839,6.810,0.00
1786343172,bench_mixed,0.00,0.00,0.0,0.129,0.000,67.839,6.810,0.00
1786343177,bench_mixed,0.00,0.00,0.0,0.129,0.000,67.839,6.810,0.00
1786343182,bench_mixed,0.00,0.00,0.0,0.129,0.000,67.839,6.810,0.00
1786343187,bench_mixed,0.00,0.00,0.0,0.129,0.000,67.839,6.810,0.00
1786343192,bench_mixed,0.00,0.00,0.0,0.129,0.000,67.839,6.810,0.00
1786343197,bench_mixed,0.00,0.00,0.0,0.129,0.000,67.839,6.810,0.00
1786343202,bench_mixed,0.00,0.00,0.0,0.129,0.000,67.839,6.810,0.00
1786343207,bench_mixed,0.00,0.00,0.0,0.129,0.000,67.839,6.810,0.00
1786343212,bench_mixed,0.00,0.00,0.0,0.129,0.000,67.839,6.810,0.00
1786343217,bench_mixed,0.00,0.00,0.0,0.129,0.000,67.839,6.811,0.00
1786343222,bench_mixed,0.00,0.00,0.0,0.129,0.000,67.839,6.811,0.00
1786343227,bench_mixed,0.00,0.00,0.0,0.129,0.000,67.839,6.811,0.00
1786343232,bench_mixed,0.00,0.00,0.0,0.129,0.000,67.839,6.811,0.00
1786343237,bench_mixed,0.00,0.00,0.0,0.129,0.000,67.839,6.810,0.00
1786343242,bench_mixed,0.00,0.00,0.0,0.129,0.000,67.839,6.810,0.00
1786343248,bench_mixed,0.00,0.00,0.0,0.129,0.000,67.839,6.810,0.00
1786343253,bench_mixed,0.00,0.00,0.0,0.129,0.000,67.839,6.811,0.00
1786343258,bench_mixed,0.00,0.00,0.0,0.129,0.000,67.839,6.811,0.00
1786343263,bench_mixed,0.00,0.00,0.0,0.129,0.000,67.839,6.811,0.00
1786343268,bench_mixed,0.00,0.00,0.0,0.129,0.000,67.839,6.810,0.00
1786343273,bench_mixed,0.00,0.00,0.0,0.129,0.000,67.839,6.810,0.00
1786343278,bench_mixed,0.00,0.00,0.0,0.129,0.000,67.839,6.810,0.00
1786343283,bench_mixed,0.00,0.00,0.0,0.129,0.000,67.839,6.810,0.00
1786343288,bench_mixed,0.00,0.00,0.0,0.129,0.000,67.839,6.810,0.00
1786343293,bench_mixed,0.00,0.00,0.0,0.129,0.000,67.839,6.811,0.00
1786343298,bench_mixed,0.00,0.00,0.0,0.129,0.000,67.839,6.811,0.00
1786343303,bench_mixed,0.00,0.00,0.0,0.129,0.000,67.839,6.811,0.00
1786343308,bench_mixed,0.00,0.00,0.0,0.129,0.000,67.839,6.812,0.00
1786343313,bench_mixed,0.00,0.00,0.0,0.129,0.000,67.839,6.813,0.00
1786343318,bench_mixed,0.00,0.00,0.0,0.129,0.000,67.839,6.813,0.00
1786343323,bench_mixed,0.00,0.00,0.0,0.129,0.000,67.839,6.812,0.00
1786343328,bench_mixed,0.00,0.00,0.0,0.129,0.000,67.839,6.811,0.00
1786343333,bench_mixed,0.00,0.00,0.0,0.129,0.000,67.839,6.811,0.00
1786343338,bench_mixed,0.00,0.00,0.0,0.129,0.000,67.839,6.811,0.00
1786343343,bench_mixed,0.00,0.00,0.0,0.129,0.000,67.839,6.812,0.00
1786343349,bench_mixed,0.00,0.00,0.0,0.129,0.000,67.839,6.813,0.00
1786343354,bench_mixed,0.00,0.00,0.0,0.129,0.000,67.839,6.813,0.00
1786343359,bench_mixed,0.00,0.00,0.0,0.129,0.000,67.839,6.812,0.00
1786343364,bench_mixed,0.00,0.00,0.0,0.129,0.000,67.839,6.813,0.00
1786343369,bench_mixed,0.00,0.00,0.0,0.129,0.000,67.839,6.813,0.00
1786343374,bench_mixed,0.00,0.00,0.0,0.129,0.000,67.839,6.813,0.00
1786343379,bench_mixed,0.00,0.00,0.0,0.129,0.000,67.839,6.813,0.00
1786343384,bench_mixed,0.00,0.00,0.0,0.129,0.000,67.839,6.805,0.06
1786343389,bench_mixed,0.00,0.00,0.0,0.129,0.000,67.839,6.805,0.00
1786343394,bench_mixed,0.00,0.00,0.0,0.129,0.000,67.839,6.806,0.00
1786343399,bench_mixed,0.00,0.00,0.0,0.129,0.000,67.839,6.806,0.00
1786343404,bench_mixed,0.00,0.00,0.0,0.129,0.000,67.839,6.806,0.00
1786343409,bench_mixed,0.00,0.00,0.0,0.129,0.000,67.839,6.805,0.00
1786343414,bench_mixed,0.00,0.00,0.0,0.129,0.000,67.839,6.805,0.00
1786343419,bench_mixed,0.00,0.00,0.0,0.129,0.000,67.839,6.805,0.00
1786343424,bench_mixed,0.00,0.00,0.0,0.129,0.000,67.839,6.805,0.00
1786343429,bench_mixed,0.00,0.00,0.0,0.129,0.000,67.839,6.806,0.00
1786343434,bench_mixed,0.00,0.00,0.0,0.129,0.000,67.839,6.806,0.00
1786343439,bench_mixed,0.00,0.00,0.0,0.129,0.000,67.839,6.807,0.00
1786343444,bench_mixed,0.00,0.00,0.0,0.129,0.000,67.839,6.807,0.00
1786343450,bench_mixed,0.00,0.00,0.0,0.129,0.000,67.839,6.808,0.00
1786343455,bench_mixed,0.00,0.00,0.0,0.129,0.000,67.839,6.808,0.00
1786343460,bench_mixed,0.00,0.00,0.0,0.129,0.000,67.839,6.808,0.00
1786343465,bench_mixed,0.00,0.00,0.0,0.129,0.000,67.839,6.809,0.00
1786343470,bench_mixed,0.00,0.00,0.0,0.129,0.000,67.839,6.809,0.00
1786343475,bench_mixed,0.00,0.00,0.0,0.129,0.000,67.839,6.810,0.00
1786343480,bench_mixed,0.00,0.00,0.0,0.129,0.000,67.839,6.809,0.00
1786343485,bench_mixed,0.00,0.00,0.0,0.129,0.000,67.839,6.808,0.00
1786343490,bench_mixed,0.00,0.00,0.0,0.129,0.000,67.839,6.808,0.00
1786343495,bench_mixed,0.00,0.00,0.0,0.129,0.000,67.839,6.808,0.00
1786343500,bench_mixed,0.00,0.00,0.0,0.129,0.000,67.839,6.808,0.00
1786343505,bench_mixed,0.00,0.00,0.0,0.129,0.000,67.839,6.808,0.00
1786343510,bench_mixed,0.00,0.00,0.0,0.129,0.000,67.839,6.808,0.00
1786343515,bench_mixed,0.00,0.00,0.0,0.129,0.000,67.839,6.809,0.00
1786343520,bench_mixed,0.00,0.00,0.0,0.129,0.000,67.839,6.810,0.00
1786343525,bench_mixed,0.00,0.00,0.0,0.129,0.000,67.839,6.810,0.00
1786343530,bench_mixed,0.00,0.00,0.0,0.129,0.000,67.839,6.810,0.00
1786343535,bench_mixed,0.00,0.00,0.0,0.129,0.000,67.839,6.810,0.00
1786343540,bench_mixed,0.00,0.00,0.0,0.129,0.000,67.839,6.810,0.00
1786343546,bench_mixed,0.00,0.00,0.0,0.129,0.000,67.839,6.811,0.00
1786343551,bench_mixed,0.00,0.00,0.0,0.129,0.000,67.839,6.811,0.00
1786343556,bench_mixed,0.00,0.00,0.0,0.129,0.000,67.839,6.812,0.00
1786343561,bench_mixed,0.00,0.00,0.0,0.129,0.000,67.839,6.811,0.00
1786343566,bench_mixed,0.00,0.00,0.0,0.129,0.000,67.839,6.811,0.00
1786343571,bench_mixed,0.00,0.00,0.0,0.129,0.000,67.839,6.810,0.00
1786343576,bench_mixed,0.00,0.00,0.0,0.129,0.000,67.839,6.810,0.00
1786343581,bench_mixed,0.00,0.00,0.0,0.129,0.000,67.839,6.811,0.00
1786343586,bench_mixed,0.00,0.00,0.0,0.129,0.000,67.839,6.811,0.00
1786343591,bench_mixed,0.00,0.00,0.0,0.129,0.000,67.839,6.811,0.00
1786343596,bench_mixed,0.00,0.00,0.0,0.129,0.000,67.839,6.811,0.00
1786343601,bench_mixed,0.00,0.00,0.0,0.129,0.000,67.839,6.811,0.00
1786343606,bench_mixed,0.00,0.00,0.0,0.129,0.000,67.839,6.811,0.00
1786343611,bench_mixed,0.00,0.00,0.0,0.129,0.000,67.839,6.812,0.00
1786343616,bench_mixed,0.00,0.00,0.0,0.129,0.000,67.839,6.812,0.00
1786343621,bench_mixed,0.00,0.00,0.0,0.129,0.000,67.839,6.812,0.00
1786343626,bench_mixed,0.00,0.00,0.0,0.129,0.000,67.839,6.811,0.00
1786343631,bench_mixed,0.00,0.00,0.0,0.129,0.000,67.839,6.810,0.00
1786343636,bench_mixed,0.00,0.00,0.0,0.129,0.000,67.839,6.812,0.00
1786343641,bench_mixed,0.00,0.00,0.0,0.129,0.000,67.839,6.811,0.00
1786343647,bench_mixed,0.00,0.00,0.0,0.129,0.000,67.839,6.811,0.00
1786343652,bench_mixed,0.00,0.00,0.0,0.129,0.000,67.839,6.811,0.00
1786343657,bench_mixed,0.00,0.00,0.0,0.129,0.000,67.839,6.812,0.00
1786343662,bench_mixed,0.00,0.00,0.0,0.129,0.000,67.839,6.811,0.00
1786343667,bench_mixed,0.00,0.00,0.0,0.129,0.000,67.839,6.811,0.00
1786343672,bench_mixed,0.00,0.00,0.0,0.129,0.000,67.839,6.811,0.00
1786343677,bench_mixed,0.00,0.00,0.0,0.129,0.000,67.839,6.811,0.00
1786343682,bench_mixed,0.00,0.00,0.0,0.129,0.000,67.839,6.797,0.03
1786343687,bench_mixed,0.00,0.00,0.0,0.129,0.000,67.839,6.792,0.03
1786343692,bench_mixed,0.00,0.00,0.0,0.129,0.000,67.839,6.792,0.00
1786343697,bench_mixed,0.00,0.00,0.0,0.129,0.000,67.839,6.792,0.00
1786343702,bench_mixed,0.00,0.00,0.0,0.129,0.000,67.839,6.792,0.00
1786343707,bench_mixed,0.00,0.00,0.0,0.129,0.000,67.839,6.793,0.00
1786343712,bench_mixed,0.00,0.00,0.0,0.129,0.000,67.839,6.794,0.00
1786343717,bench_mixed,0.00,0.00,0.0,0.129,0.000,67.839,6.794,0.00
1786343722,bench_mixed,0.00,0.00,0.0,0.129,0.000,67.839,6.794,0.00
1786343727,bench_mixed,0.00,0.00,0.0,0.129,0.000,67.839,6.795,0.00
1786343732,bench_mixed,0.00,0.00,0.0,0.129,0.000,67.839,6.795,0.00
1786343737,bench_mixed,0.00,0.00,0.0,0.129,0.000,67.839,6.795,0.00
1786343743,bench_mixed,0.00,0.00,0.0,0.129,0.000,67.839,6.796,0.00
1786343748,bench_mixed,0.00,0.00,0.0,0.129,0.000,67.839,6.796,0.00
1786343753,bench_mixed,0.00,0.00,0.0,0.129,0.000,67.839,6.797,0.00
1786343758,bench_mixed,0.00,0.00,0.0,0.129,0.000,67.839,6.796,0.00
1786343763,bench_mixed,0.00,0.00,0.0,0.129,0.000,67.839,6.796,0.00
1786343768,bench_mixed,0.00,0.00,0.0,0.129,0.000,67.839,6.796,0.00
1786343773,bench_mixed,0.00,0.00,0.0,0.129,0.000,67.839,6.796,0.00
1786343778,bench_mixed,0.00,0.00,0.0,0.129,0.000,67.839,6.796,0.00
1786343783,bench_mixed,0.00,0.00,0.0,0.129,0.000,67.839,6.796,0.00
1786343788,bench_mixed,0.00,0.00,0.0,0.129,0.000,67.839,6.796,0.00
1786343793,bench_mixed,0.00,0.00,0.0,0.129,0.000,67.839,6.796,0.00
1786343798,bench_mixed,0.00,0.00,0.0,0.129,0.000,67.839,6.798,0.00
1786343803,bench_mixed,0.00,0.00,0.0,0.129,0.000,67.839,6.797,0.00
1786343808,bench_mixed,0.00,0.00,0.0,0.129,0.000,67.839,6.796,0.00
1786343813,bench_mixed,0.00,0.00,0.0,0.129,0.000,67.839,6.796,0.00
1786343818,bench_mixed,0.00,0.00,0.0,0.129,0.000,67.839,6.796,0.00
1786343823,bench_mixed,0.00,0.00,0.0,0.129,0.000,67.839,6.798,0.00
1786343828,bench_mixed,0.00,0.00,0.0,0.129,0.000,67.839,6.798,0.00
1786343833,bench_mixed,0.00,0.00,0.0,0.129,0.000,67.839,6.797,0.00
1786343838,bench_mixed,0.00,0.00,0.0,0.129,0.000,67.839,6.797,0.00
1786343844,bench_mixed,0.00,0.00,0.0,0.129,0.000,67.839,6.798,0.00
1786343849,bench_mixed,0.00,0.00,0.0,0.129,0.000,67.839,6.798,0.00
1786343854,bench_mixed,0.00,0.00,0.0,0.129,0.000,67.839,6.798,0.00
1786343859,bench_mixed,0.00,0.00,0.0,0.129,0.000,67.839,6.798,0.00
1786343864,bench_mixed,0.00,0.00,0.0,0.129,0.000,67.839,6.798,0.00
1786343869,bench_mixed,0.00,0.00,0.0,0.129,0.000,67.839,6.798,0.00
1786343874,bench_mixed,0.00,0.00,0.0,0.129,0.000,67.839,6.799,0.00
1786343879,bench_mixed,0.00,0.00,0.0,0.129,0.000,67.839,6.799,0.00
1786343884,bench_mixed,0.00,0.00,0.0,0.129,0.000,67.839,6.799,0.00
1786343889,bench_mixed,0.00,0.00,0.0,0.129,0.000,67.839,6.799,0.00
1786343894,bench_mixed,0.00,0.00,0.0,0.129,0.000,67.839,6.800,0.00
1786343899,bench_mixed,0.00,0.00,0.0,0.129,0.000,67.839,6.800,0.00
1786343904,bench_mixed,0.00,0.00,0.0,0.129,0.000,67.839,6.800,0.00
1786343909,bench_mixed,0.00,0.00,0.0,0.129,0.000,67.839,6.800,0.00
1786343914,bench_mixed,0.00,0.00,0.0,0.129,0.000,67.839,6.800,0.00
1786343919,bench_mixed,0.00,0.00,0.0,0.129,0.000,67.839,6.800,0.00
1786343924,bench_mixed,0.00,0.00,0.0,0.129,0.000,67.839,6.801,0.00
1786343929,bench_mixed,0.00,0.00,0.0,0.129,0.000,67.839,6.801,0.00
1786343934,bench_mixed,0.00,0.00,0.0,0.129,0.000,67.839,6.800,0.00
1786343940,bench_mixed,0.00,0.00,0.0,0.129,0.000,67.839,6.800,0.00
1786343945,bench_mixed,0.00,0.00,0.0,0.129,0.000,67.839,6.800,0.00
1786343950,bench_mixed,0.00,0.00,0.0,0.129,0.000,67.839,6.801,0.00
1786343955,bench_mixed,0.00,0.00,0.0,0.129,0.000,67.839,6.802,0.00
1786343960,bench_mixed,0.00,0.00,0.0,0.129,0.000,67.839,6.803,0.00
1786343965,bench_mixed,0.00,0.00,0.0,0.129,0.000,67.839,6.803,0.00
1786343970,bench_mixed,0.00,0.00,0.0,0.129,0.000,67.839,6.803,0.00
1786343975,bench_mixed,0.00,0.00,0.0,0.129,0.000,67.839,6.803,0.00
1786343980,bench_mixed,0.00,0.00,0.0,0.129,0.000,67.839,6.802,0.00
1786343985,bench_mixed,0.00,0.00,0.0,0.129,0.000,67.839,6.789,0.06
1786343990,bench_mixed,0.00,0.00,0.0,0.129,0.000,67.839,6.789,0.00
1786343995,bench_mixed,0.00,0.00,0.0,0.129,0.000,67.839,6.789,0.00
1786344000,bench_mixed,0.00,0.00,0.0,0.129,0.000,67.839,6.793,0.00
1786344005,bench_mixed,0.00,0.00,41.1,0.129,0.000,67.839,6.795,0.00
1786344010,bench_mixed,0.00,0.00,15.7,0.129,0.000,67.839,6.796,0.00
1786344015,bench_mixed,0.00,0.00,0.0,0.129,0.000,67.839,6.798,0.00
1786344020,bench_mixed,0.00,0.00,0.0,0.129,0.000,67.839,6.798,0.00
1786344025,bench_mixed,0.00,0.00,0.0,0.129,0.000,67.839,6.798,0.00
1786344030,bench_mixed,0.00,0.00,0.0,0.129,0.000,67.839,6.799,0.00
1786344035,bench_mixed,0.00,0.00,0.0,0.129,0.000,67.839,6.800,0.00
1786344041,bench_mixed,0.00,0.00,0.0,0.129,0.000,67.839,6.800,0.00
1786344046,bench_mixed,0.00,0.00,0.0,0.129,0.000,67.839,6.800,0.00
1786344051,bench_mixed,0.00,0.00,0.0,0.129,0.000,67.839,6.800,0.00
1786344056,bench_mixed,0.00,0.00,0.0,0.129,0.000,67.839,6.800,0.00
1786344061,bench_mixed,0.00,0.00,0.0,0.129,0.000,67.839,6.800,0.00
1786344066,bench_mixed,0.00,0.00,0.0,0.129,0.000,67.839,6.800,0.00
1786344071,bench_mixed,0.00,0.00,0.0,0.129,0.000,67.839,6.801,0.00
1786344076,bench_mixed,0.00,0.00,0.0,0.129,0.000,67.839,6.802,0.00
1786344081,bench_mixed,0.00,0.00,0.0,0.129,0.000,67.839,6.801,0.00
1786344086,bench_mixed,0.00,0.00,0.0,0.129,0.000,67.839,6.802,0.00
1786344091,bench_mixed,0.00,0.00,0.0,0.129,0.000,67.839,6.802,0.00
1786344096,bench_mixed,0.00,0.00,0.0,0.129,0.000,67.839,6.802,0.00
1786344101,bench_mixed,0.00,0.00,0.0,0.129,0.000,67.839,6.802,0.00
1786344106,bench_mixed,0.00,0.00,0.0,0.129,0.000,67.839,6.804,0.00
1786344111,bench_mixed,0.00,0.00,0.0,0.129,0.000,67.839,6.803,0.00
1786344116,bench_mixed,0.00,0.00,0.0,0.129,0.000,67.839,6.803,0.00
1786344121,bench_mixed,0.00,0.00,0.0,0.129,0.000,67.839,6.803,0.00
1786344126,bench_mixed,0.00,0.00,0.0,0.129,0.000,67.839,6.803,0.00
1786344131,bench_mixed,0.00,0.00,0.0,0.129,0.000,67.839,6.803,0.00
1786344137,bench_mixed,0.00,0.00,0.0,0.129,0.000,67.839,6.804,0.00
1786344142,bench_mixed,0.00,0.00,0.0,0.129,0.000,67.839,6.804,0.00
1786344147,bench_mixed,0.00,0.00,0.0,0.129,0.000,67.839,6.804,0.00
1786344152,bench_mixed,0.00,0.00,0.0,0.129,0.000,67.839,6.804,0.00
1786344157,bench_mixed,0.00,0.00,0.0,0.129,0.000,67.839,6.804,0.00
1786344162,bench_mixed,0.00,0.00,0.0,0.129,0.000,67.839,6.804,0.00
1786344167,bench_mixed,0.00,0.00,0.0,0.129,0.000,67.839,6.804,0.00
1786344172,bench_mixed,0.00,0.00,0.0,0.129,0.000,67.839,6.804,0.00
1786344177,bench_mixed,0.00,0.00,0.0,0.129,0.000,67.839,6.805,0.00
1786344182,bench_mixed,0.00,0.00,0.0,0.129,0.000,67.839,6.805,0.00
1786344187,bench_mixed,0.00,0.00,0.0,0.129,0.000,67.839,6.805,0.00
1786344192,bench_mixed,0.00,0.00,0.0,0.129,0.000,67.839,6.805,0.00
1786344197,bench_mixed,0.00,0.00,0.0,0.129,0.000,67.839,6.805,0.00
1786344202,bench_mixed,0.00,0.00,0.0,0.129,0.000,67.839,6.805,0.00
1786344207,bench_mixed,0.00,0.00,0.0,0.129,0.000,67.839,6.805,0.00
1786344212,bench_mixed,0.00,0.00,0.0,0.129,0.000,67.839,6.805,0.00
1786344217,bench_mixed,0.00,0.00,0.0,0.129,0.000,67.839,6.805,0.00
1786344222,bench_mixed,0.00,0.00,0.0,0.129,0.000,67.839,6.805,0.00
1786344227,bench_mixed,0.00,0.00,0.0,0.129,0.000,67.839,6.804,0.00
1786344232,bench_mixed,0.00,0.00,0.0,0.129,0.000,67.839,6.804,0.00
1786344238,bench_mixed,0.00,0.00,0.0,0.129,0.000,67.839,6.804,0.00
1786344243,bench_mixed,0.00,0.00,0.0,0.129,0.000,67.839,6.804,0.00
1786344248,bench_mixed,0.00,0.00,0.0,0.129,0.000,67.839,6.804,0.00
1786344253,bench_mixed,0.00,0.00,0.0,0.129,0.000,67.839,6.804,0.00
1786344258,bench_mixed,0.00,0.00,0.0,0.129,0.000,67.839,6.804,0.00
1786344263,bench_mixed,0.00,0.00,0.0,0.129,0.000,67.839,6.804,0.00
1786344268,bench_mixed,0.00,0.00,0.0,0.129,0.000,67.839,6.804,0.00
1786344273,bench_mixed,0.00,0.00,0.0,0.129,0.000,67.839,6.805,0.00
1786344278,bench_mixed,0.00,0.00,0.0,0.129,0.000,67.839,6.805,0.00
1786344283,bench_mixed,0.00,0.00,0.0,0.129,0.000,67.839,6.791,0.04
1786344288,bench_mixed,0.00,0.00,0.0,0.129,0.000,67.839,6.790,0.01
1786344293,bench_mixed,0.00,0.00,0.0,0.129,0.000,67.839,6.790,0.00
1786344298,bench_mixed,0.00,0.00,0.0,0.129,0.000,67.839,6.790,0.00
1786344303,bench_mixed,0.00,0.00,0.0,0.129,0.000,67.839,6.790,0.00
1786344308,bench_mixed,0.00,0.00,0.0,0.129,0.000,67.839,6.792,0.00
1786344313,bench_mixed,0.00,0.00,0.0,0.129,0.000,67.839,6.793,0.00
1786344318,bench_mixed,0.00,0.00,0.0,0.129,0.000,67.839,6.795,0.00
1786344323,bench_mixed,0.00,0.00,0.0,0.129,0.000,67.839,6.795,0.00
1786344328,bench_mixed,0.00,0.00,0.0,0.129,0.000,67.839,6.796,0.00
1786344334,bench_mixed,0.00,0.00,0.0,0.129,0.000,67.839,6.795,0.00
1786344339,bench_mixed,0.00,0.00,0.0,0.129,0.000,67.839,6.796,0.00
1786344344,bench_mixed,0.00,0.00,0.0,0.129,0.000,67.839,6.796,0.00
1786344349,bench_mixed,0.00,0.00,0.0,0.129,0.000,67.839,6.796,0.00
1786344354,bench_mixed,0.00,0.00,0.0,0.129,0.000,67.839,6.796,0.00
1786344359,bench_mixed,0.00,0.00,0.0,0.129,0.000,67.839,6.796,0.00
1786344364,bench_mixed,0.00,0.00,0.0,0.129,0.000,67.839,6.795,0.00
1786344369,bench_mixed,0.00,0.00,0.0,0.129,0.000,67.839,6.795,0.00
1786344374,bench_mixed,0.00,0.00,0.0,0.129,0.000,67.839,6.795,0.00
1786344379,bench_mixed,0.00,0.00,0.0,0.129,0.000,67.839,6.795,0.00
1786344384,bench_mixed,0.00,0.00,0.0,0.129,0.000,67.839,6.795,0.00
1786344389,bench_mixed,0.00,0.00,0.0,0.129,0.000,67.839,6.798,0.00
1786344394,bench_mixed,0.00,0.00,0.0,0.129,0.000,67.839,6.798,0.00
1786344399,bench_mixed,0.00,0.00,0.0,0.129,0.000,67.839,6.798,0.00
1786344404,bench_mixed,0.00,0.00,0.0,0.129,0.000,67.839,6.799,0.00
1786344409,bench_mixed,0.00,0.00,0.0,0.129,0.000,67.839,6.798,0.00
1786344414,bench_mixed,0.00,0.00,0.0,0.129,0.000,67.839,6.798,0.00
1786344419,bench_mixed,0.00,0.00,0.0,0.129,0.000,67.839,6.798,0.00
1786344424,bench_mixed,0.00,0.00,0.0,0.129,0.000,67.839,6.798,0.00
1786344429,bench_mixed,0.00,0.00,0.0,0.129,0.000,67.839,6.798,0.00
1786344435,bench_mixed,0.00,0.00,0.0,0.129,0.000,67.839,6.799,0.00
1786344440,bench_mixed,0.00,0.00,0.0,0.129,0.000,67.839,6.799,0.00
1786344445,bench_mixed,0.00,0.00,0.0,0.129,0.000,67.839,6.799,0.00
1786344450,bench_mixed,0.00,0.00,0.0,0.129,0.000,67.839,6.799,0.00
1786344455,bench_mixed,0.00,0.00,0.0,0.129,0.000,67.839,6.799,0.00
1786344460,bench_mixed,0.00,0.00,0.0,0.129,0.000,67.839,6.799,0.00
1786344465,bench_mixed,0.00,0.00,0.0,0.129,0.000,67.839,6.799,0.00
1786344470,bench_mixed,0.00,0.00,0.0,0.129,0.000,67.839,6.800,0.00
1786344475,bench_mixed,0.00,0.00,0.0,0.129,0.000,67.839,6.800,0.00
1786344480,bench_mixed,0.00,0.00,0.0,0.129,0.000,67.839,6.800,0.00
1786344485,bench_mixed,0.00,0.00,0.0,0.129,0.000,67.839,6.800,0.00
1786344490,bench_mixed,0.00,0.00,0.0,0.129,0.000,67.839,6.801,0.00
1786344495,bench_mixed,0.00,0.00,0.0,0.129,0.000,67.839,6.802,0.00
1786344500,bench_mixed,0.00,0.00,0.0,0.129,0.000,67.839,6.801,0.00
1786344505,bench_mixed,0.00,0.00,0.0,0.129,0.000,67.839,6.801,0.00
1786344510,bench_mixed,0.00,0.00,0.0,0.129,0.000,67.839,6.800,0.00
1786344515,bench_mixed,0.00,0.00,0.0,0.129,0.000,67.839,6.801,0.00
1786344520,bench_mixed,0.00,0.00,0.0,0.129,0.000,67.839,6.802,0.00
1786344525,bench_mixed,0.00,0.00,0.0,0.129,0.000,67.839,6.802,0.00
1786344531,bench_mixed,0.00,0.00,0.0,0.129,0.000,67.839,6.801,0.00
1786344536,bench_mixed,0.00,0.00,0.0,0.129,0.000,67.839,6.801,0.00
1786344541,bench_mixed,0.00,0.00,0.0,0.129,0.000,67.839,6.801,0.00
1786344546,bench_mixed,0.00,0.00,0.0,0.129,0.000,67.839,6.801,0.00
1786344551,bench_mixed,0.00,0.00,0.0,0.129,0.000,67.839,6.801,0.00
1786344556,bench_mixed,0.00,0.00,0.0,0.129,0.000,67.839,6.801,0.00
1786344561,bench_mixed,0.00,0.00,0.0,0.129,0.000,67.839,6.801,0.00
1786344566,bench_mixed,0.00,0.00,0.0,0.129,0.000,67.839,6.802,0.00
1786344571,bench_mixed,0.00,0.00,0.0,0.129,0.000,67.839,6.802,0.00
1786344576,bench_mixed,0.00,0.00,0.0,0.129,0.000,67.839,6.801,0.00
1786344581,bench_mixed,0.00,0.00,0.0,0.129,0.000,67.839,6.802,0.00
1786344586,bench_mixed,0.00,0.00,0.0,0.129,0.000,67.839,6.788,0.06
1786344591,bench_mixed,0.00,0.00,0.0,0.129,0.000,67.839,6.788,0.00
1786344596,bench_mixed,0.00,0.00,0.0,0.129,0.000,67.839,6.791,0.00
1786344601,bench_mixed,0.00,0.00,0.0,0.129,0.000,67.839,6.789,0.00
1786344606,bench_mixed,0.00,0.00,0.0,0.129,0.000,67.839,6.789,0.00
1786344611,bench_mixed,0.00,0.00,0.0,0.129,0.000,67.839,6.791,0.00
1786344616,bench_mixed,0.00,0.00,0.0,0.129,0.000,67.839,6.791,0.00
1786344621,bench_mixed,0.00,0.00,0.0,0.129,0.000,67.839,6.791,0.00
1786344627,bench_mixed,0.00,0.00,0.0,0.129,0.000,67.839,6.791,0.00
1786344632,bench_mixed,0.00,0.00,0.0,0.129,0.000,67.839,6.793,0.00
1786344637,bench_mixed,0.00,0.00,0.0,0.129,0.000,67.839,6.793,0.00
1786344642,bench_mixed,0.00,0.00,0.0,0.129,0.000,67.839,6.793,0.00
1786344647,bench_mixed,0.00,0.00,0.0,0.129,0.000,67.839,6.793,0.00
1786344652,bench_mixed,0.00,0.00,0.0,0.129,0.000,67.839,6.793,0.00
1786344657,bench_mixed,0.00,0.00,0.0,0.129,0.000,67.839,6.793,0.00
1786344662,bench_mixed,0.00,0.00,0.0,0.129,0.000,67.839,6.793,0.00
1786344667,bench_mixed,0.00,0.00,0.0,0.129,0.000,67.839,6.793,0.00
1786344672,bench_mixed,0.00,0.00,0.0,0.129,0.000,67.839,6.793,0.00
1786344677,bench_mixed,0.00,0.00,0.0,0.129,0.000,67.839,6.793,0.00
1786344682,bench_mixed,0.00,0.00,0.0,0.129,0.000,67.839,6.793,0.00
1786344687,bench_mixed,0.00,0.00,0.0,0.129,0.000,67.839,6.793,0.00
1786344692,bench_mixed,0.00,0.00,0.0,0.129,0.000,67.839,6.793,0.00
1786344697,bench_mixed,0.00,0.00,0.0,0.129,0.000,67.839,6.793,0.00
1786344702,bench_mixed,0.00,0.00,0.0,0.129,0.000,67.839,6.793,0.00
1786344707,bench_mixed,0.00,0.00,0.0,0.129,0.000,67.839,6.794,0.00
1786344712,bench_mixed,0.00,0.00,0.0,0.129,0.000,67.839,6.793,0.00
1786344717,bench_mixed,0.00,0.00,0.0,0.129,0.000,67.839,6.793,0.00
1786344722,bench_mixed,0.00,0.00,0.0,0.129,0.000,67.839,6.793,0.00
1786344728,bench_mixed,0.00,0.00,0.0,0.129,0.000,67.839,6.793,0.00
1786344733,bench_mixed,0.00,0.00,0.0,0.129,0.000,67.839,6.793,0.00
1786344738,bench_mixed,0.00,0.00,0.0,0.129,0.000,67.839,6.794,0.00
1786344743,bench_mixed,0.00,0.00,0.0,0.129,0.000,67.839,6.796,0.00
1786344748,bench_mixed,0.00,0.00,0.0,0.129,0.000,67.839,6.795,0.00
1786344753,bench_mixed,0.00,0.00,0.0,0.129,0.000,67.839,6.794,0.00
1786344758,bench_mixed,0.00,0.00,0.0,0.129,0.000,67.839,6.794,0.00
1786344763,bench_mixed,0.00,0.00,0.0,0.129,0.000,67.839,6.795,0.00
1786344768,bench_mixed,0.00,0.00,0.0,0.129,0.000,67.839,6.795,0.00
1786344773,bench_mixed,0.00,0.00,0.0,0.129,0.000,67.839,6.795,0.00
1786344778,bench_mixed,0.00,0.00,0.0,0.129,0.000,67.839,6.795,0.00
1786344783,bench_mixed,0.00,0.00,0.0,0.129,0.000,67.839,6.794,0.00
1786344788,bench_mixed,0.00,0.00,0.0,0.129,0.000,67.839,6.795,0.00
1786344793,bench_mixed,0.00,0.00,0.0,0.129,0.000,67.839,6.794,0.00
1786344798,bench_mixed,0.00,0.00,0.0,0.129,0.000,67.839,6.794,0.00
1786344803,bench_mixed,0.00,0.00,0.0,0.129,0.000,67.839,6.794,0.00
1786344808,bench_mixed,0.00,0.00,0.0,0.129,0.000,67.839,6.794,0.00
1786344813,bench_mixed,0.00,0.00,0.0,0.129,0.000,67.839,6.795,0.00
1786344818,bench_mixed,0.00,0.00,0.0,0.129,0.000,67.839,6.795,0.00
1786344823,bench_mixed,0.00,0.00,0.0,0.129,0.000,67.839,6.796,0.00
1786344829,bench_mixed,0.00,0.00,0.0,0.129,0.000,67.839,6.795,0.00
1786344834,bench_mixed,0.00,0.00,0.0,0.129,0.000,67.839,6.795,0.00
1786344839,bench_mixed,0.00,0.00,0.0,0.129,0.000,67.839,6.795,0.00
1786344844,bench_mixed,0.00,0.00,0.0,0.129,0.000,67.839,6.796,0.00
1786344849,bench_mixed,0.00,0.00,0.0,0.129,0.000,67.839,6.796,0.00
1786344854,bench_mixed,0.00,0.00,0.0,0.129,0.000,67.839,6.796,0.00
1786344859,bench_mixed,0.00,0.00,0.0,0.129,0.000,67.839,6.796,0.00
1786344864,bench_mixed,0.00,0.00,0.0,0.129,0.000,67.839,6.796,0.00
1786344869,bench_mixed,0.00,0.00,0.0,0.129,0.000,67.839,6.797,0.00
1786344874,bench_mixed,0.00,0.00,0.0,0.129,0.000,67.839,6.797,0.00
1786344879,bench_mixed,0.00,0.00,0.0,0.129,0.000,67.839,6.797,0.00
1786344884,bench_mixed,0.00,0.00,0.0,0.129,0.000,67.839,6.784,0.06
1786344889,bench_mixed,0.00,0.00,0.0,0.129,0.000,67.839,6.784,0.00
1786344894,bench_mixed,0.00,0.00,0.0,0.129,0.000,67.839,6.784,0.00
1786344899,bench_mixed,0.00,0.00,0.0,0.129,0.000,67.839,6.785,0.00
1786344904,bench_mixed,0.00,0.00,0.0,0.129,0.000,67.839,6.786,0.00
1786344909,bench_mixed,0.00,0.00,0.0,0.129,0.000,67.839,6.786,0.00
1786344914,bench_mixed,0.00,0.00,0.0,0.129,0.000,67.839,6.786,0.00
1786344919,bench_mixed,0.00,0.00,0.0,0.129,0.000,67.839,6.786,0.00
1786344925,bench_mixed,0.00,0.00,0.0,0.129,0.000,67.839,6.786,0.00
1786344930,bench_mixed,0.00,0.00,0.0,0.129,0.000,67.839,6.786,0.00
1786344935,bench_mixed,0.00,0.00,0.0,0.129,0.000,67.839,6.786,0.00
1786344940,bench_mixed,0.00,0.00,0.0,0.129,0.000,67.839,6.787,0.00
1786344945,bench_mixed,0.00,0.00,0.0,0.129,0.000,67.839,6.787,0.00
1786344950,bench_mixed,0.00,0.00,0.0,0.129,0.000,67.839,6.788,0.00
1786344955,bench_mixed,0.00,0.00,0.0,0.129,0.000,67.839,6.788,0.00
1786344960,bench_mixed,0.00,0.00,0.0,0.129,0.000,67.839,6.790,0.00
1786344965,bench_mixed,0.00,0.00,0.0,0.129,0.000,67.839,6.790,0.00
1786344970,bench_mixed,0.00,0.00,0.0,0.129,0.000,67.839,6.790,0.00
1786344975,bench_mixed,0.00,0.00,0.0,0.129,0.000,67.839,6.790,0.00
1786344980,bench_mixed,0.00,0.00,0.0,0.129,0.000,67.839,6.790,0.00
1786344985,bench_mixed,0.00,0.00,0.0,0.129,0.000,67.839,6.790,0.00
1786344990,bench_mixed,0.00,0.00,0.0,0.129,0.000,67.839,6.790,0.00
1786344995,bench_mixed,0.00,0.00,0.0,0.129,0.000,67.839,6.790,0.00
1786345000,bench_mixed,0.00,0.00,0.0,0.129,0.000,67.839,6.791,0.00
1786345005,bench_mixed,0.00,0.00,0.0,0.129,0.000,67.839,6.792,0.00
1786345010,bench_mixed,0.00,0.00,0.0,0.129,0.000,67.839,6.792,0.00
1786345015,bench_mixed,0.00,0.00,0.0,0.129,0.000,67.839,6.793,0.00
1786345020,bench_mixed,0.00,0.00,0.0,0.129,0.000,67.839,6.793,0.00
1786345026,bench_mixed,0.00,0.00,0.0,0.129,0.000,67.839,6.792,0.00
1786345031,bench_mixed,0.00,0.00,0.0,0.129,0.000,67.839,6.792,0.00
1786345036,bench_mixed,0.00,0.00,0.0,0.129,0.000,67.839,6.792,0.00
1786345041,bench_mixed,0.00,0.00,0.0,0.129,0.000,67.839,6.793,0.00
1786345046,bench_mixed,0.00,0.00,0.0,0.129,0.000,67.839,6.794,0.00
1786345051,bench_mixed,0.00,0.00,0.0,0.129,0.000,67.839,6.794,0.00
1786345056,bench_mixed,0.00,0.00,0.0,0.129,0.000,67.839,6.794,0.00
1786345061,bench_mixed,0.00,0.00,0.0,0.129,0.000,67.839,6.794,0.00
1786345066,bench_mixed,0.00,0.00,0.0,0.129,0.000,67.839,6.794,0.00
1786345071,bench_mixed,0.00,0.00,0.0,0.129,0.000,67.839,6.793,0.00
1786345076,bench_mixed,0.00,0.00,0.0,0.129,0.000,67.839,6.793,0.00
1786345081,bench_mixed,0.00,0.00,0.0,0.129,0.000,67.839,6.793,0.00
1786345086,bench_mixed,0.00,0.00,0.0,0.129,0.000,67.839,6.793,0.00
1786345091,bench_mixed,0.00,0.00,0.0,0.129,0.000,67.839,6.793,0.00
1786345096,bench_mixed,0.00,0.00,0.0,0.129,0.000,67.839,6.793,0.00
1786345101,bench_mixed,0.00,0.00,0.0,0.129,0.000,67.839,6.793,0.00
1786345106,bench_mixed,0.00,0.00,0.0,0.129,0.000,67.839,6.793,0.00
1786345111,bench_mixed,0.00,0.00,0.0,0.129,0.000,67.839,6.794,0.00
1786345116,bench_mixed,0.00,0.00,0.0,0.129,0.000,67.839,6.795,0.00
1786345122,bench_mixed,0.00,0.00,0.0,0.129,0.000,67.839,6.794,0.00
1786345127,bench_mixed,0.00,0.00,0.0,0.129,0.000,67.839,6.794,0.00
1786345132,bench_mixed,0.00,0.00,0.0,0.129,0.000,67.839,6.794,0.00
1786345137,bench_mixed,0.00,0.00,0.0,0.129,0.000,67.839,6.794,0.00
1786345142,bench_mixed,0.00,0.00,0.0,0.129,0.000,67.839,6.794,0.00
1786345147,bench_mixed,0.00,0.00,0.0,0.129,0.000,67.839,6.795,0.00
1786345152,bench_mixed,0.00,0.00,0.0,0.129,0.000,67.839,6.796,0.00
1786345157,bench_mixed,0.00,0.00,0.0,0.129,0.000,67.839,6.796,0.00
1786345162,bench_mixed,0.00,0.00,0.0,0.129,0.000,67.839,6.796,0.00
1786345167,bench_mixed,0.00,0.00,0.0,0.129,0.000,67.839,6.798,0.00
1786345172,bench_mixed,0.00,0.00,0.0,0.129,0.000,67.839,6.798,0.00
1786345177,bench_mixed,0.00,0.00,0.0,0.129,0.000,67.839,6.798,0.00
1786345182,bench_mixed,0.00,0.00,0.0,0.129,0.000,67.839,6.789,0.03
1786345187,bench_mixed,0.00,0.00,0.0,0.129,0.000,67.839,6.787,0.03
1786345192,bench_mixed,0.00,0.00,0.0,0.129,0.000,67.839,6.786,0.00
1786345197,bench_mixed,0.00,0.00,0.0,0.129,0.000,67.839,6.787,0.00
1786345202,bench_mixed,0.00,0.00,0.0,0.129,0.000,67.839,6.787,0.00
1786345207,bench_mixed,0.00,0.00,0.0,0.129,0.000,67.839,6.788,0.00
1786345212,bench_mixed,0.00,0.00,0.0,0.129,0.000,67.839,6.788,0.00
1786345217,bench_mixed,0.00,0.00,0.0,0.129,0.000,67.839,6.790,0.00
1786345223,bench_mixed,0.00,0.00,0.0,0.129,0.000,67.839,6.789,0.00
1786345228,bench_mixed,0.00,0.00,0.0,0.129,0.000,67.839,6.790,0.00
1786345233,bench_mixed,0.00,0.00,0.0,0.129,0.000,67.839,6.790,0.00
1786345238,bench_mixed,0.00,0.00,0.0,0.129,0.000,67.839,6.790,0.00
1786345243,bench_mixed,0.00,0.00,0.0,0.129,0.000,67.839,6.790,0.00
1786345248,bench_mixed,0.00,0.00,0.0,0.129,0.000,67.839,6.790,0.00
1786345253,bench_mixed,0.00,0.00,0.0,0.129,0.000,67.839,6.790,0.00
1786345258,bench_mixed,0.00,0.00,0.0,0.129,0.000,67.839,6.790,0.00
1786345263,bench_mixed,0.00,0.00,0.0,0.129,0.000,67.839,6.790,0.00
1786345268,bench_mixed,0.00,0.00,0.0,0.129,0.000,67.839,6.790,0.00
1786345273,bench_mixed,0.00,0.00,0.0,0.129,0.000,67.839,6.790,0.00
1786345278,bench_mixed,0.00,0.00,0.0,0.129,0.000,67.839,6.790,0.00
1786345283,bench_mixed,0.00,0.00,0.0,0.129,0.000,67.839,6.791,0.00
1786345288,bench_mixed,0.00,0.00,0.0,0.129,0.000,67.839,6.791,0.00
1786345293,bench_mixed,0.00,0.00,0.0,0.129,0.000,67.839,6.791,0.00
1786345298,bench_mixed,0.00,0.00,0.0,0.129,0.000,67.839,6.791,0.00
1786345303,bench_mixed,0.00,0.00,0.0,0.129,0.000,67.839,6.792,0.00
1786345308,bench_mixed,0.00,0.00,0.0,0.129,0.000,67.839,6.792,0.00
1786345313,bench_mixed,0.00,0.00,0.0,0.129,0.000,67.839,6.791,0.00
1786345319,bench_mixed,0.00,0.00,0.0,0.129,0.000,67.839,6.791,0.00
1786345324,bench_mixed,0.00,0.00,0.0,0.129,0.000,67.839,6.791,0.00
1786345329,bench_mixed,0.00,0.00,0.0,0.129,0.000,67.839,6.793,0.00
1786345334,bench_mixed,0.00,0.00,0.0,0.129,0.000,67.839,6.793,0.00
1786345339,bench_mixed,0.00,0.00,0.0,0.129,0.000,67.839,6.792,0.00
1786345344,bench_mixed,0.00,0.00,0.0,0.129,0.000,67.839,6.792,0.00
1786345349,bench_mixed,0.00,0.00,0.0,0.129,0.000,67.839,6.792,0.00
1786345354,bench_mixed,0.00,0.00,0.0,0.129,0.000,67.839,6.792,0.00
1786345359,bench_mixed,0.00,0.00,0.0,0.129,0.000,67.839,6.792,0.00
1786345364,bench_mixed,0.00,0.00,0.0,0.129,0.000,67.839,6.794,0.00
1786345369,bench_mixed,0.00,0.00,0.0,0.129,0.000,67.839,6.793,0.00
1786345374,bench_mixed,0.00,0.00,0.0,0.129,0.000,67.839,6.793,0.00
1786345379,bench_mixed,0.00,0.00,0.0,0.129,0.000,67.839,6.793,0.00
1786345384,bench_mixed,0.00,0.00,0.0,0.129,0.000,67.839,6.793,0.00
1786345389,bench_mixed,0.00,0.00,0.0,0.129,0.000,67.839,6.793,0.00
1786345394,bench_mixed,0.00,0.00,0.0,0.129,0.000,67.839,6.794,0.00
1786345399,bench_mixed,0.00,0.00,0.0,0.129,0.000,67.839,6.793,0.00
1786345404,bench_mixed,0.00,0.00,0.0,0.129,0.000,67.839,6.794,0.00
1786345409,bench_mixed,0.00,0.00,0.0,0.129,0.000,67.839,6.793,0.00
1786345414,bench_mixed,0.00,0.00,0.0,0.129,0.000,67.839,6.793,0.00
1786345420,bench_mixed,0.00,0.00,0.0,0.129,0.000,67.839,6.793,0.00
1786345425,bench_mixed,0.00,0.00,0.0,0.129,0.000,67.839,6.794,0.00
1786345430,bench_mixed,0.00,0.00,0.0,0.129,0.000,67.839,6.794,0.00
1786345435,bench_mixed,0.00,0.00,0.0,0.129,0.000,67.839,6.793,0.00
1786345440,bench_mixed,0.00,0.00,0.0,0.129,0.000,67.839,6.794,0.00
1786345445,bench_mixed,0.00,0.00,0.0,0.129,0.000,67.839,6.794,0.00
1786345450,bench_mixed,0.00,0.00,0.0,0.129,0.000,67.839,6.794,0.00
1786345455,bench_mixed,0.00,0.00,0.0,0.129,0.000,67.839,6.794,0.00
1786345460,bench_mixed,0.00,0.00,0.0,0.129,0.000,67.839,6.794,0.00
1786345465,bench_mixed,0.00,0.00,0.0,0.129,0.000,67.839,6.794,0.00
1786345470,bench_mixed,0.00,0.00,0.0,0.129,0.000,67.839,6.795,0.00
1786345475,bench_mixed,0.00,0.00,0.0,0.129,0.000,67.839,6.795,0.00
1786345480,bench_mixed,0.00,0.00,0.0,0.129,0.000,67.839,6.794,0.00
1786345485,bench_mixed,0.00,0.00,0.0,0.129,0.000,67.839,6.785,0.06
1786345490,bench_mixed,0.00,0.00,0.0,0.129,0.000,67.839,6.785,0.00
1786345495,bench_mixed,0.00,0.00,0.0,0.129,0.000,67.839,6.784,0.00
1786345500,bench_mixed,0.00,0.00,0.0,0.129,0.000,67.839,6.785,0.00
1786345505,bench_mixed,0.00,0.00,0.0,0.129,0.000,67.839,6.785,0.00
1786345510,bench_mixed,0.00,0.00,0.0,0.129,0.000,67.839,6.785,0.00
1786345516,bench_mixed,0.00,0.00,0.0,0.129,0.000,67.839,6.785,0.00
1786345521,bench_mixed,0.00,0.00,0.0,0.129,0.000,67.839,6.785,0.00
1786345526,bench_mixed,0.00,0.00,0.0,0.129,0.000,67.839,6.786,0.00
1786345531,bench_mixed,0.00,0.00,0.0,0.129,0.000,67.839,6.786,0.00
1786345536,bench_mixed,0.00,0.00,0.0,0.129,0.000,67.839,6.786,0.00
1786345541,bench_mixed,0.00,0.00,0.0,0.129,0.000,67.839,6.786,0.00
1786345546,bench_mixed,0.00,0.00,0.0,0.129,0.000,67.839,6.786,0.00
1786345551,bench_mixed,0.00,0.00,0.0,0.129,0.000,67.839,6.786,0.00
1786345556,bench_mixed,0.00,0.00,0.0,0.129,0.000,67.839,6.786,0.00
1786345561,bench_mixed,0.00,0.00,0.0,0.129,0.000,67.839,6.788,0.00
1786345566,bench_mixed,0.00,0.00,0.0,0.129,0.000,67.839,6.788,0.00
1786345571,bench_mixed,0.00,0.00,0.0,0.129,0.000,67.839,6.787,0.00
1786345576,bench_mixed,0.00,0.00,0.0,0.129,0.000,67.839,6.787,0.00
1786345581,bench_mixed,0.00,0.00,0.0,0.129,0.000,67.839,6.787,0.00
1786345586,bench_mixed,0.00,0.00,0.0,0.129,0.000,67.839,6.787,0.00
1786345591,bench_mixed,0.00,0.00,0.0,0.129,0.000,67.839,6.787,0.00
1786345596,bench_mixed,0.00,0.00,0.0,0.129,0.000,67.839,6.789,0.00
1786345601,bench_mixed,0.00,0.00,0.0,0.129,0.000,67.839,6.788,0.00
1786345606,bench_mixed,0.00,0.00,0.0,0.129,0.000,67.839,6.787,0.00
1786345611,bench_mixed,0.00,0.00,0.0,0.129,0.000,67.839,6.787,0.00
1786345617,bench_mixed,0.00,0.00,0.0,0.129,0.000,67.839,6.788,0.00
1786345622,bench_mixed,0.00,0.00,0.0,0.129,0.000,67.839,6.788,0.00
1786345627,bench_mixed,0.00,0.00,0.0,0.129,0.000,67.839,6.788,0.00
1786345632,bench_mixed,0.00,0.00,0.0,0.129,0.000,67.839,6.788,0.00
1786345637,bench_mixed,0.00,0.00,0.0,0.129,0.000,67.839,6.788,0.00
1786345642,bench_mixed,0.00,0.00,0.0,0.129,0.000,67.839,6.789,0.00
1786345647,bench_mixed,0.00,0.00,0.0,0.129,0.000,67.839,6.789,0.00
1786345652,bench_mixed,0.00,0.00,0.0,0.129,0.000,67.839,6.789,0.00
1786345657,bench_mixed,0.00,0.00,0.0,0.129,0.000,67.839,6.789,0.00
1786345662,bench_mixed,0.00,0.00,0.0,0.129,0.000,67.839,6.789,0.00
1786345667,bench_mixed,0.00,0.00,0.0,0.129,0.000,67.839,6.789,0.00
1786345672,bench_mixed,0.00,0.00,0.0,0.129,0.000,67.839,6.790,0.00
1786345677,bench_mixed,0.00,0.00,0.0,0.129,0.000,67.839,6.790,0.00
1786345682,bench_mixed,0.00,0.00,0.0,0.129,0.000,67.839,6.790,0.00
1786345687,bench_mixed,0.00,0.00,0.0,0.129,0.000,67.839,6.790,0.00
1786345692,bench_mixed,0.00,0.00,0.0,0.129,0.000,67.839,6.790,0.00
1786345697,bench_mixed,0.00,0.00,0.0,0.129,0.000,67.839,6.790,0.00
1786345702,bench_mixed,0.00,0.00,0.0,0.129,0.000,67.839,6.790,0.00
1786345707,bench_mixed,0.00,0.00,0.0,0.129,0.000,67.839,6.790,0.00
1786345713,bench_mixed,0.00,0.00,0.0,0.129,0.000,67.839,6.790,0.00
1786345718,bench_mixed,0.00,0.00,0.0,0.129,0.000,67.839,6.790,0.00
1786345723,bench_mixed,0.00,0.00,0.0,0.129,0.000,67.839,6.790,0.00
1786345728,bench_mixed,0.00,0.00,0.0,0.129,0.000,67.839,6.790,0.00
1786345733,bench_mixed,0.00,0.00,0.0,0.129,0.000,67.839,6.790,0.00
1786345738,bench_mixed,0.00,0.00,0.0,0.129,0.000,67.839,6.791,0.00
1786345743,bench_mixed,0.00,0.00,0.0,0.129,0.000,67.839,6.791,0.00
1786345748,bench_mixed,0.00,0.00,0.0,0.129,0.000,67.839,6.792,0.00
1786345753,bench_mixed,0.00,0.00,0.0,0.129,0.000,67.839,6.792,0.00
1786345758,bench_mixed,0.00,0.00,0.0,0.129,0.000,67.839,6.793,0.00
1786345763,bench_mixed,0.00,0.00,0.0,0.129,0.000,67.839,6.793,0.00
1786345768,bench_mixed,0.00,0.00,0.0,0.129,0.000,67.839,6.793,0.00
1786345773,bench_mixed,0.00,0.00,0.0,0.129,0.000,67.839,6.793,0.00
1786345778,bench_mixed,0.00,0.00,0.0,0.129,0.000,67.839,6.793,0.00
1786345783,bench_mixed,0.00,0.00,0.0,0.129,0.000,67.839,6.786,0.04
1786345788,bench_mixed,0.00,0.00,0.0,0.129,0.000,67.839,6.784,0.01
1786345793,bench_mixed,0.00,0.00,0.0,0.129,0.000,67.839,6.784,0.00
1786345798,bench_mixed,0.00,0.00,0.0,0.129,0.000,67.839,6.785,0.00
1786345803,bench_mixed,0.00,0.00,0.0,0.129,0.000,67.839,6.785,0.00
1786345808,bench_mixed,0.00,0.00,0.0,0.129,0.000,67.839,6.787,0.00
1786345814,bench_mixed,0.00,0.00,0.0,0.129,0.000,67.839,6.787,0.00
1786345819,bench_mixed,0.00,0.00,0.0,0.129,0.000,67.839,6.787,0.00
1786345824,bench_mixed,0.00,0.00,0.0,0.129,0.000,67.839,6.786,0.00
1786345829,bench_mixed,0.00,0.00,0.0,0.129,0.000,67.839,6.786,0.00
1786345834,bench_mixed,0.00,0.00,0.0,0.129,0.000,67.839,6.786,0.00
1786345839,bench_mixed,0.00,0.00,0.0,0.129,0.000,67.839,6.786,0.00
1786345844,bench_mixed,0.00,0.00,0.0,0.129,0.000,67.839,6.786,0.00
1786345849,bench_mixed,0.00,0.00,0.0,0.129,0.000,67.839,6.786,0.00
1786345854,bench_mixed,0.00,0.00,0.0,0.129,0.000,67.839,6.785,0.00
1786345859,bench_mixed,0.00,0.00,0.0,0.129,0.000,67.839,6.786,0.00
1786345864,bench_mixed,0.00,0.00,0.0,0.129,0.000,67.839,6.786,0.00
1786345869,bench_mixed,0.00,0.00,0.0,0.129,0.000,67.839,6.786,0.00
1786345874,bench_mixed,0.00,0.00,0.0,0.129,0.000,67.839,6.786,0.00
1786345879,bench_mixed,0.00,0.00,0.0,0.129,0.000,67.839,6.786,0.00
1786345884,bench_mixed,0.00,0.00,0.0,0.129,0.000,67.839,6.787,0.00
1786345889,bench_mixed,0.00,0.00,0.0,0.129,0.000,67.839,6.787,0.00
1786345894,bench_mixed,0.00,0.00,0.0,0.129,0.000,67.839,6.788,0.00
1786345899,bench_mixed,0.00,0.00,0.0,0.129,0.000,67.839,6.789,0.00
1786345904,bench_mixed,0.00,0.00,0.0,0.129,0.000,67.839,6.788,0.00
1786345909,bench_mixed,0.00,0.00,0.0,0.129,0.000,67.839,6.788,0.00
1786345915,bench_mixed,0.00,0.00,0.0,0.129,0.000,67.839,6.788,0.00
1786345920,bench_mixed,0.00,0.00,0.0,0.129,0.000,67.839,6.788,0.00
1786345925,bench_mixed,0.00,0.00,0.0,0.129,0.000,67.839,6.788,0.00
1786345930,bench_mixed,0.00,0.00,0.0,0.129,0.000,67.839,6.787,0.00
1786345935,bench_mixed,0.00,0.00,0.0,0.129,0.000,67.839,6.787,0.00
1786345940,bench_mixed,0.00,0.00,0.0,0.129,0.000,67.839,6.788,0.00
1786345945,bench_mixed,0.00,0.00,0.0,0.129,0.000,67.839,6.789,0.00
1786345950,bench_mixed,0.00,0.00,0.0,0.129,0.000,67.839,6.789,0.00
1786345955,bench_mixed,0.00,0.00,0.0,0.129,0.000,67.839,6.789,0.00
1786345960,bench_mixed,0.00,0.00,0.0,0.129,0.000,67.839,6.788,0.00
1786345965,bench_mixed,0.00,0.00,0.0,0.129,0.000,67.839,6.788,0.00
1786345970,bench_mixed,0.00,0.00,0.0,0.129,0.000,67.839,6.789,0.00
1786345975,bench_mixed,0.00,0.00,0.0,0.129,0.000,67.839,6.789,0.00
1786345980,bench_mixed,0.00,0.00,0.0,0.129,0.000,67.839,6.789,0.00
1786345985,bench_mixed,0.00,0.00,0.0,0.129,0.000,67.839,6.790,0.00
1786345990,bench_mixed,0.00,0.00,0.0,0.129,0.000,67.839,6.790,0.00
1786345995,bench_mixed,0.00,0.00,0.0,0.129,0.000,67.839,6.789,0.00
1786346000,bench_mixed,0.00,0.00,0.0,0.129,0.000,67.839,6.789,0.00
1786346005,bench_mixed,0.00,0.00,0.0,0.129,0.000,67.839,6.789,0.00
1786346011,bench_mixed,0.00,0.00,0.0,0.129,0.000,67.839,6.791,0.00
1786346016,bench_mixed,0.00,0.00,0.0,0.129,0.000,67.839,6.790,0.00
1786346021,bench_mixed,0.00,0.00,0.0,0.129,0.000,67.839,6.790,0.00
1786346026,bench_mixed,0.00,0.00,0.0,0.129,0.000,67.839,6.791,0.00
1786346031,bench_mixed,0.00,0.00,0.0,0.129,0.000,67.839,6.791,0.00
1786346036,bench_mixed,0.00,0.00,0.0,0.129,0.000,67.839,6.792,0.00
1786346041,bench_mixed,0.00,0.00,0.0,0.129,0.000,67.839,6.793,0.00
1786346046,bench_mixed,0.00,0.00,0.0,0.129,0.000,67.839,6.793,0.00
1786346051,bench_mixed,0.00,0.00,0.0,0.129,0.000,67.839,6.792,0.00
1786346056,bench_mixed,0.00,0.00,0.0,0.129,0.000,67.839,6.791,0.00
1786346061,bench_mixed,0.00,0.00,0.0,0.129,0.000,67.839,6.791,0.00
1786346066,bench_mixed,0.00,0.00,0.0,0.129,0.000,67.839,6.792,0.00
1786346071,bench_mixed,0.00,0.00,0.0,0.129,0.000,67.839,6.791,0.00
1786346076,bench_mixed,0.00,0.00,0.0,0.129,0.000,67.839,6.791,0.00
1786346081,bench_mixed,0.00,0.00,0.0,0.129,0.000,67.839,6.792,0.00
1786346086,bench_mixed,0.00,0.00,0.0,0.129,0.000,67.839,6.783,0.06
1786346091,bench_mixed,0.00,0.00,0.0,0.129,0.000,67.839,6.783,0.00
1786346096,bench_mixed,0.00,0.00,0.0,0.129,0.000,67.839,6.783,0.00
1786346101,bench_mixed,0.00,0.00,0.0,0.129,0.000,67.839,6.784,0.00
1786346106,bench_mixed,0.00,0.00,0.0,0.129,0.000,67.839,6.784,0.00
1786346112,bench_mixed,0.00,0.00,0.0,0.129,0.000,67.839,6.785,0.00
1786346117,bench_mixed,0.00,0.00,0.0,0.129,0.000,67.839,6.785,0.00
1786346122,bench_mixed,0.00,0.00,0.0,0.129,0.000,67.839,6.786,0.00
1786346127,bench_mixed,0.00,0.00,0.0,0.129,0.000,67.839,6.786,0.00
1786346132,bench_mixed,0.00,0.00,0.0,0.129,0.000,67.839,6.786,0.00
1786346137,bench_mixed,0.00,0.00,0.0,0.129,0.000,67.839,6.786,0.00
1786346142,bench_mixed,0.00,0.00,0.0,0.129,0.000,67.839,6.786,0.00
1786346147,bench_mixed,0.00,0.00,0.0,0.129,0.000,67.839,6.786,0.00
1786346152,bench_mixed,0.00,0.00,0.0,0.129,0.000,67.839,6.786,0.00
1786346157,bench_mixed,0.00,0.00,0.0,0.129,0.000,67.839,6.787,0.00
1786346162,bench_mixed,0.00,0.00,0.0,0.129,0.000,67.839,6.787,0.00
1786346167,bench_mixed,0.00,0.00,0.0,0.129,0.000,67.839,6.786,0.00
1786346172,bench_mixed,0.00,0.00,0.0,0.129,0.000,67.839,6.787,0.00
1786346177,bench_mixed,0.00,0.00,0.0,0.129,0.000,67.839,6.787,0.00
1786346182,bench_mixed,0.00,0.00,0.0,0.129,0.000,67.839,6.787,0.00
1786346187,bench_mixed,0.00,0.00,0.0,0.129,0.000,67.839,6.787,0.00
1786346192,bench_mixed,0.00,0.00,0.0,0.129,0.000,67.839,6.788,0.00
1786346197,bench_mixed,0.00,0.00,0.0,0.129,0.000,67.839,6.788,0.00
1786346202,bench_mixed,0.00,0.00,0.0,0.129,0.000,67.839,6.788,0.00
1786346208,bench_mixed,0.00,0.00,0.0,0.129,0.000,67.839,6.787,0.00
1786346213,bench_mixed,0.00,0.00,0.0,0.129,0.000,67.839,6.788,0.00
1786346218,bench_mixed,0.00,0.00,0.0,0.129,0.000,67.839,6.790,0.00
1786346223,bench_mixed,0.00,0.00,0.0,0.129,0.000,67.839,6.788,0.00
1786346228,bench_mixed,0.00,0.00,0.0,0.129,0.000,67.839,6.788,0.00
1786346233,bench_mixed,0.00,0.00,0.0,0.129,0.000,67.839,6.789,0.00
1786346238,bench_mixed,0.00,0.00,0.0,0.129,0.000,67.839,6.789,0.00
1786346243,bench_mixed,0.00,0.00,0.0,0.129,0.000,67.839,6.789,0.00
1786346248,bench_mixed,0.00,0.00,0.0,0.129,0.000,67.839,6.789,0.00
1786346253,bench_mixed,0.00,0.00,0.0,0.129,0.000,67.839,6.790,0.00
1786346258,bench_mixed,0.00,0.00,0.0,0.129,0.000,67.839,6.790,0.00
1786346263,bench_mixed,0.00,0.00,0.0,0.129,0.000,67.839,6.790,0.00
1786346268,bench_mixed,0.00,0.00,0.0,0.129,0.000,67.839,6.790,0.00
1786346273,bench_mixed,0.00,0.00,0.0,0.129,0.000,67.839,6.789,0.00
1786346278,bench_mixed,0.00,0.00,0.0,0.129,0.000,67.839,6.789,0.00
1786346283,bench_mixed,0.00,0.00,0.0,0.129,0.000,67.839,6.791,0.00
1786346288,bench_mixed,0.00,0.00,0.0,0.129,0.000,67.839,6.790,0.00
1786346293,bench_mixed,0.00,0.00,0.0,0.129,0.000,67.839,6.790,0.00
1786346298,bench_mixed,0.00,0.00,0.0,0.129,0.000,67.839,6.790,0.00
1786346304,bench_mixed,0.00,0.00,0.0,0.129,0.000,67.839,6.789,0.00
1786346309,bench_mixed,0.00,0.00,0.0,0.129,0.000,67.839,6.789,0.00
1786346314,bench_mixed,0.00,0.00,0.0,0.129,0.000,67.839,6.789,0.00
1786346319,bench_mixed,0.00,0.00,0.0,0.129,0.000,67.839,6.789,0.00
1786346324,bench_mixed,0.00,0.00,0.0,0.129,0.000,67.839,6.789,0.00
1786346329,bench_mixed,0.00,0.00,0.0,0.129,0.000,67.839,6.790,0.00
1786346334,bench_mixed,0.00,0.00,0.0,0.129,0.000,67.839,6.790,0.00
1786346339,bench_mixed,0.00,0.00,0.0,0.129,0.000,67.839,6.789,0.00
1786346344,bench_mixed,0.00,0.00,0.0,0.129,0.000,67.839,6.790,0.00
1786346349,bench_mixed,0.00,0.00,0.0,0.129,0.000,67.839,6.790,0.00
1786346354,bench_mixed,0.00,0.00,0.0,0.129,0.000,67.839,6.791,0.00
1786346359,bench_mixed,0.00,0.00,0.0,0.129,0.000,67.839,6.791,0.00
1786346364,bench_mixed,0.00,0.00,0.0,0.129,0.000,67.839,6.791,0.00
1786346369,bench_mixed,0.00,0.00,0.0,0.129,0.000,67.839,6.790,0.00
1786346374,bench_mixed,0.00,0.00,0.0,0.129,0.000,67.839,6.791,0.00
1786346379,bench_mixed,0.00,0.00,0.0,0.129,0.000,67.839,6.791,0.00
1786346384,bench_mixed,0.00,0.00,0.0,0.129,0.000,67.839,6.782,0.06
1786346389,bench_mixed,0.00,0.00,0.0,0.129,0.000,67.839,6.782,0.00
1786346394,bench_mixed,0.00,0.00,0.0,0.129,0.000,67.839,6.782,0.00
1786346399,bench_mixed,0.00,0.00,0.0,0.129,0.000,67.839,6.783,0.00
1786346405,bench_mixed,0.00,0.00,0.0,0.129,0.000,67.839,6.784,0.00
1786346410,bench_mixed,0.00,0.00,0.0,0.129,0.000,67.839,6.784,0.00
1786346415,bench_mixed,0.00,0.00,0.0,0.129,0.000,67.839,6.784,0.00
1786346420,bench_mixed,0.00,0.00,0.0,0.129,0.000,67.839,6.784,0.00
1786346425,bench_mixed,0.00,0.00,0.0,0.129,0.000,67.839,6.784,0.00
1786346430,bench_mixed,0.00,0.00,0.0,0.129,0.000,67.839,6.784,0.00
1786346435,bench_mixed,0.00,0.00,0.0,0.129,0.000,67.839,6.784,0.00
1786346440,bench_mixed,0.00,0.00,0.0,0.129,0.000,67.839,6.785,0.00
1786346445,bench_mixed,0.00,0.00,0.0,0.129,0.000,67.839,6.784,0.00
1786346450,bench_mixed,0.00,0.00,0.0,0.129,0.000,67.839,6.784,0.00
1786346455,bench_mixed,0.00,0.00,0.0,0.129,0.000,67.839,6.784,0.00
1786346460,bench_mixed,0.00,0.00,0.0,0.129,0.000,67.839,6.784,0.00
1786346465,bench_mixed,0.00,0.00,0.0,0.129,0.000,67.839,6.784,0.00
1786346470,bench_mixed,0.00,0.00,0.0,0.129,0.000,67.839,6.785,0.00
1786346475,bench_mixed,0.00,0.00,0.0,0.129,0.000,67.839,6.784,0.00
1786346480,bench_mixed,0.00,0.00,0.0,0.129,0.000,67.839,6.784,0.00
1786346485,bench_mixed,0.00,0.00,0.0,0.129,0.000,67.839,6.784,0.00
1786346490,bench_mixed,0.00,0.00,0.0,0.129,0.000,67.839,6.785,0.00
1786346495,bench_mixed,0.00,0.00,0.0,0.129,0.000,67.839,6.785,0.00
1786346500,bench_mixed,0.00,0.00,0.0,0.129,0.000,67.839,6.786,0.00
1786346506,bench_mixed,0.00,0.00,0.0,0.129,0.000,67.839,6.786,0.00
1786346511,bench_mixed,0.00,0.00,0.0,0.129,0.000,67.839,6.786,0.00
1786346516,bench_mixed,0.00,0.00,0.0,0.129,0.000,67.839,6.786,0.00
1786346521,bench_mixed,0.00,0.00,0.0,0.129,0.000,67.839,6.786,0.00
1786346526,bench_mixed,0.00,0.00,0.0,0.129,0.000,67.839,6.787,0.00
1786346531,bench_mixed,0.00,0.00,0.0,0.129,0.000,67.839,6.787,0.00
1786346536,bench_mixed,0.00,0.00,0.0,0.129,0.000,67.839,6.786,0.00
1786346541,bench_mixed,0.00,0.00,0.0,0.129,0.000,67.839,6.787,0.00
1786346546,bench_mixed,0.00,0.00,0.0,0.129,0.000,67.839,6.787,0.00
1786346551,bench_mixed,0.00,0.00,0.0,0.129,0.000,67.839,6.787,0.00
1786346556,bench_mixed,0.00,0.00,0.0,0.129,0.000,67.839,6.787,0.00
1786346561,bench_mixed,0.00,0.00,0.0,0.129,0.000,67.839,6.787,0.00
1786346566,bench_mixed,0.00,0.00,0.0,0.129,0.000,67.839,6.787,0.00
1786346571,bench_mixed,0.00,0.00,0.0,0.129,0.000,67.839,6.788,0.00
1786346576,bench_mixed,0.00,0.00,0.0,0.129,0.000,67.839,6.788,0.00
1786346581,bench_mixed,0.00,0.00,0.0,0.129,0.000,67.839,6.788,0.00
1786346586,bench_mixed,0.00,0.00,0.0,0.129,0.000,67.839,6.788,0.00
1786346591,bench_mixed,0.00,0.00,0.0,0.129,0.000,67.839,6.788,0.00
1786346596,bench_mixed,0.00,0.00,0.0,0.129,0.000,67.839,6.788,0.00
1786346602,bench_mixed,0.00,0.00,0.0,0.129,0.000,67.839,6.789,0.00
1786346607,bench_mixed,0.00,0.00,0.0,0.129,0.000,67.839,6.789,0.00
1786346612,bench_mixed,0.00,0.00,0.0,0.129,0.000,67.839,6.789,0.00
1786346617,bench_mixed,0.00,0.00,0.0,0.129,0.000,67.839,6.789,0.00
1786346622,bench_mixed,0.00,0.00,0.0,0.129,0.000,67.839,6.789,0.00
1786346627,bench_mixed,0.00,0.00,0.0,0.129,0.000,67.839,6.789,0.00
1786346632,bench_mixed,0.00,0.00,0.0,0.129,0.000,67.839,6.789,0.00
1786346637,bench_mixed,0.00,0.00,0.0,0.129,0.000,67.839,6.789,0.00
1786346642,bench_mixed,0.00,0.00,0.0,0.129,0.000,67.839,6.789,0.00
1786346647,bench_mixed,0.00,0.00,0.0,0.129,0.000,67.839,6.789,0.00
1786346652,bench_mixed,0.00,0.00,0.0,0.129,0.000,67.839,6.789,0.00
1786346657,bench_mixed,0.00,0.00,0.0,0.129,0.000,67.839,6.789,0.00
1786346662,bench_mixed,0.00,0.00,0.0,0.129,0.000,67.839,6.789,0.00
1786346667,bench_mixed,0.00,0.00,0.0,0.129,0.000,67.839,6.789,0.00
1786346672,bench_mixed,0.00,0.00,0.0,0.129,0.000,67.839,6.790,0.00
1786346677,bench_mixed,0.00,0.00,0.0,0.129,0.000,67.839,6.789,0.00
1786346682,bench_mixed,0.00,0.00,0.0,0.129,0.000,67.839,6.784,0.03
1786346687,bench_mixed,0.00,0.00,0.0,0.129,0.000,67.839,6.779,0.03
1786346692,bench_mixed,0.00,0.00,0.0,0.129,0.000,67.839,6.780,0.00
1786346697,bench_mixed,0.00,0.00,0.0,0.129,0.000,67.839,6.780,0.00
1786346703,bench_mixed,0.00,0.00,0.0,0.129,0.000,67.839,6.781,0.00
1786346708,bench_mixed,0.00,0.00,0.0,0.129,0.000,67.839,6.782,0.00
1786346713,bench_mixed,0.00,0.00,0.0,0.129,0.000,67.839,6.782,0.00
1786346718,bench_mixed,0.00,0.00,0.0,0.129,0.000,67.839,6.783,0.00
1786346723,bench_mixed,0.00,0.00,0.0,0.129,0.000,67.839,6.783,0.00
1786346728,bench_mixed,0.00,0.00,0.0,0.129,0.000,67.839,6.784,0.00
1786346733,bench_mixed,0.00,0.00,0.0,0.129,0.000,67.839,6.784,0.00
1786346738,bench_mixed,0.00,0.00,0.0,0.129,0.000,67.839,6.785,0.00
1786346743,bench_mixed,0.00,0.00,0.0,0.129,0.000,67.839,6.784,0.00
1786346748,bench_mixed,0.00,0.00,0.0,0.129,0.000,67.839,6.784,0.00
1786346753,bench_mixed,0.00,0.00,0.0,0.129,0.000,67.839,6.785,0.00
1786346758,bench_mixed,0.00,0.00,0.0,0.129,0.000,67.839,6.785,0.00
1786346763,bench_mixed,0.00,0.00,0.0,0.129,0.000,67.839,6.785,0.00
1786346768,bench_mixed,0.00,0.00,0.0,0.129,0.000,67.839,6.787,0.00
1786346773,bench_mixed,0.00,0.00,0.0,0.129,0.000,67.839,6.787,0.00
1786346778,bench_mixed,0.00,0.00,0.0,0.129,0.000,67.839,6.786,0.00
1786346783,bench_mixed,0.00,0.00,0.0,0.129,0.000,67.839,6.786,0.00
1786346788,bench_mixed,0.00,0.00,0.0,0.129,0.000,67.839,6.788,0.00
1786346793,bench_mixed,0.00,0.00,0.0,0.129,0.000,67.839,6.787,0.00
1786346798,bench_mixed,0.00,0.00,0.0,0.129,0.000,67.839,6.787,0.00
1786346804,bench_mixed,0.00,0.00,0.0,0.129,0.000,67.839,6.788,0.00
1786346809,bench_mixed,0.00,0.00,0.0,0.129,0.000,67.839,6.787,0.00
1786346814,bench_mixed,0.00,0.00,0.0,0.129,0.000,67.839,6.788,0.00
1786346819,bench_mixed,0.00,0.00,0.0,0.129,0.000,67.839,6.788,0.00
1786346824,bench_mixed,0.00,0.00,0.0,0.129,0.000,67.839,6.788,0.00
1786346829,bench_mixed,0.00,0.00,0.0,0.129,0.000,67.839,6.788,0.00
1786346834,bench_mixed,0.00,0.00,0.0,0.129,0.000,67.839,6.789,0.00
1786346839,bench_mixed,0.00,0.00,0.0,0.129,0.000,67.839,6.789,0.00
1786346844,bench_mixed,0.00,0.00,0.0,0.129,0.000,67.839,6.789,0.00
1786346849,bench_mixed,0.00,0.00,0.0,0.129,0.000,67.839,6.789,0.00
1786346854,bench_mixed,0.00,0.00,0.0,0.129,0.000,67.839,6.789,0.00
1786346859,bench_mixed,0.00,0.00,0.0,0.129,0.000,67.839,6.789,0.00
1786346864,bench_mixed,0.00,0.00,0.0,0.129,0.000,67.839,6.789,0.00
1786346869,bench_mixed,0.00,0.00,0.0,0.129,0.000,67.839,6.789,0.00
1786346874,bench_mixed,0.00,0.00,0.0,0.129,0.000,67.839,6.789,0.00
1786346879,bench_mixed,0.00,0.00,0.0,0.129,0.000,67.839,6.789,0.00
1786346884,bench_mixed,0.00,0.00,0.0,0.129,0.000,67.839,6.789,0.00
1786346889,bench_mixed,0.00,0.00,0.0,0.129,0.000,67.839,6.789,0.00
1786346894,bench_mixed,0.00,0.00,0.0,0.129,0.000,67.839,6.789,0.00
1786346900,bench_mixed,0.00,0.00,0.0,0.129,0.000,67.839,6.790,0.00
1786346905,bench_mixed,0.00,0.00,0.0,0.129,0.000,67.839,6.790,0.00
1786346910,bench_mixed,0.00,0.00,0.0,0.129,0.000,67.839,6.790,0.00
1786346915,bench_mixed,0.00,0.00,0.0,0.129,0.000,67.839,6.790,0.00
1786346920,bench_mixed,0.00,0.00,0.0,0.129,0.000,67.839,6.790,0.00
1786346925,bench_mixed,0.00,0.00,0.0,0.129,0.000,67.839,6.789,0.00
1786346930,bench_mixed,0.00,0.00,0.0,0.129,0.000,67.839,6.789,0.00
1786346935,bench_mixed,0.00,0.00,0.0,0.129,0.000,67.839,6.790,0.00
1786346940,bench_mixed,0.00,0.00,0.0,0.129,0.000,67.839,6.790,0.00
1786346945,bench_mixed,0.00,0.00,0.0,0.129,0.000,67.839,6.790,0.00
1786346950,bench_mixed,0.00,0.00,0.0,0.129,0.000,67.839,6.790,0.00
1786346955,bench_mixed,0.00,0.00,0.0,0.129,0.000,67.839,6.790,0.00
1786346960,bench_mixed,0.00,0.00,0.0,0.129,0.000,67.839,6.791,0.00
1786346965,bench_mixed,0.00,0.00,0.0,0.129,0.000,67.839,6.790,0.00
1786346970,bench_mixed,0.00,0.00,0.0,0.129,0.000,67.839,6.791,0.00
1786346975,bench_mixed,0.00,0.00,0.0,0.129,0.000,67.839,6.790,0.00
1786346980,bench_mixed,0.00,0.00,0.0,0.129,0.000,67.839,6.791,0.00
1786346985,bench_mixed,0.00,0.00,0.0,0.129,0.000,67.839,6.778,0.06
1786346990,bench_mixed,0.00,0.00,0.0,0.129,0.000,67.839,6.778,0.00
1786346995,bench_mixed,0.00,0.00,0.0,0.129,0.000,67.839,6.779,0.00
1786347001,bench_mixed,0.00,0.00,0.0,0.129,0.000,67.839,6.779,0.00
1786347006,bench_mixed,0.00,0.00,0.0,0.129,0.000,67.839,6.779,0.00
1786347011,bench_mixed,0.00,0.00,0.0,0.129,0.000,67.839,6.779,0.00
1786347016,bench_mixed,0.00,0.00,0.0,0.129,0.000,67.839,6.779,0.00
1786347021,bench_mixed,0.00,0.00,0.0,0.129,0.000,67.839,6.780,0.00
1786347026,bench_mixed,0.00,0.00,0.0,0.129,0.000,67.839,6.780,0.00
1786347031,bench_mixed,0.00,0.00,0.0,0.129,0.000,67.839,6.780,0.00
1786347036,bench_mixed,0.00,0.00,0.0,0.129,0.000,67.839,6.780,0.00
1786347041,bench_mixed,0.00,0.00,0.0,0.129,0.000,67.839,6.781,0.00
1786347046,bench_mixed,0.00,0.00,0.0,0.129,0.000,67.839,6.781,0.00
1786347051,bench_mixed,0.00,0.00,0.0,0.129,0.000,67.839,6.782,0.00
1786347056,bench_mixed,0.00,0.00,0.0,0.129,0.000,67.839,6.782,0.00
1786347061,bench_mixed,0.00,0.00,0.0,0.129,0.000,67.839,6.781,0.00
1786347066,bench_mixed,0.00,0.00,0.0,0.129,0.000,67.839,6.781,0.00
1786347071,bench_mixed,0.00,0.00,0.0,0.129,0.000,67.839,6.781,0.00
1786347076,bench_mixed,0.00,0.00,0.0,0.129,0.000,67.839,6.781,0.00
1786347081,bench_mixed,0.00,0.00,0.0,0.129,0.000,67.839,6.781,0.00
1786347086,bench_mixed,0.00,0.00,0.0,0.129,0.000,67.839,6.782,0.00
1786347091,bench_mixed,0.00,0.00,0.0,0.129,0.000,67.839,6.782,0.00
1786347097,bench_mixed,0.00,0.00,0.0,0.129,0.000,67.839,6.782,0.00
1786347102,bench_mixed,0.00,0.00,0.0,0.129,0.000,67.839,6.782,0.00
1786347107,bench_mixed,0.00,0.00,0.0,0.129,0.000,67.839,6.783,0.00
1786347112,bench_mixed,0.00,0.00,0.0,0.129,0.000,67.839,6.783,0.00
1786347117,bench_mixed,0.00,0.00,0.0,0.129,0.000,67.839,6.783,0.00
1786347122,bench_mixed,0.00,0.00,0.0,0.129,0.000,67.839,6.783,0.00
1786347127,bench_mixed,0.00,0.00,0.0,0.129,0.000,67.839,6.783,0.00
1786347132,bench_mixed,0.00,0.00,0.0,0.129,0.000,67.839,6.783,0.00
1786347137,bench_mixed,0.00,0.00,0.0,0.129,0.000,67.839,6.783,0.00
1786347142,bench_mixed,0.00,0.00,0.0,0.129,0.000,67.839,6.783,0.00
1786347147,bench_mixed,0.00,0.00,0.0,0.129,0.000,67.839,6.783,0.00
1786347152,bench_mixed,0.00,0.00,0.0,0.129,0.000,67.839,6.783,0.00
1786347157,bench_mixed,0.00,0.00,0.0,0.129,0.000,67.839,6.783,0.00
1786347162,bench_mixed,0.00,0.00,0.0,0.129,0.000,67.839,6.784,0.00
1786347167,bench_mixed,0.00,0.00,0.0,0.129,0.000,67.839,6.784,0.00
1786347172,bench_mixed,0.00,0.00,0.0,0.129,0.000,67.839,6.784,0.00
1786347177,bench_mixed,0.00,0.00,0.0,0.129,0.000,67.839,6.784,0.00
1786347182,bench_mixed,0.00,0.00,0.0,0.129,0.000,67.839,6.784,0.00
1786347187,bench_mixed,0.00,0.00,0.0,0.129,0.000,67.839,6.784,0.00
1786347192,bench_mixed,0.00,0.00,0.0,0.129,0.000,67.839,6.785,0.00
1786347198,bench_mixed,0.00,0.00,0.0,0.129,0.000,67.839,6.785,0.00
1786347203,bench_mixed,0.00,0.00,0.0,0.129,0.000,67.839,6.785,0.00
1786347208,bench_mixed,0.00,0.00,0.0,0.129,0.000,67.839,6.785,0.00
1786347213,bench_mixed,0.00,0.00,0.0,0.129,0.000,67.839,6.786,0.00
1786347218,bench_mixed,0.00,0.00,0.0,0.129,0.000,67.839,6.787,0.00
1786347223,bench_mixed,0.00,0.00,0.0,0.129,0.000,67.839,6.786,0.00
1786347228,bench_mixed,0.00,0.00,0.0,0.129,0.000,67.839,6.786,0.00
1786347233,bench_mixed,0.00,0.00,0.0,0.129,0.000,67.839,6.786,0.00
1786347238,bench_mixed,0.00,0.00,0.0,0.129,0.000,67.839,6.787,0.00
1786347243,bench_mixed,0.00,0.00,0.0,0.129,0.000,67.839,6.787,0.00
1786347248,bench_mixed,0.00,0.00,0.0,0.129,0.000,67.839,6.786,0.00
1786347253,bench_mixed,0.00,0.00,0.0,0.129,0.000,67.839,6.786,0.00
1786347258,bench_mixed,0.00,0.00,0.0,0.129,0.000,67.839,6.786,0.00
1786347263,bench_mixed,0.00,0.00,0.0,0.129,0.000,67.839,6.786,0.00
1786347268,bench_mixed,0.00,0.00,0.0,0.129,0.000,67.839,6.786,0.00
1786347273,bench_mixed,0.00,0.00,0.0,0.129,0.000,67.839,6.786,0.00
1786347278,bench_mixed,0.00,0.00,0.0,0.129,0.000,67.839,6.785,0.00
1786347283,bench_mixed,0.00,0.00,0.0,0.129,0.000,67.839,6.779,0.04
1786347288,bench_mixed,0.00,0.00,0.0,0.129,0.000,67.839,6.777,0.01
1786347294,bench_mixed,0.00,0.00,0.0,0.129,0.000,67.839,6.778,0.00
1786347299,bench_mixed,0.00,0.00,0.0,0.129,0.000,67.839,6.778,0.00
1786347304,bench_mixed,0.00,0.00,0.0,0.129,0.000,67.839,6.780,0.00
1786347309,bench_mixed,0.00,0.00,0.0,0.129,0.000,67.839,6.782,0.00
1786347314,bench_mixed,0.00,0.00,0.0,0.129,0.000,67.839,6.781,0.00
1786347319,bench_mixed,0.00,0.00,0.0,0.129,0.000,67.839,6.782,0.00
1786347324,bench_mixed,0.00,0.00,0.0,0.129,0.000,67.839,6.782,0.00
1786347329,bench_mixed,0.00,0.00,0.0,0.129,0.000,67.839,6.782,0.00
1786347334,bench_mixed,0.00,0.00,0.0,0.129,0.000,67.839,6.783,0.00
1786347339,bench_mixed,0.00,0.00,0.0,0.129,0.000,67.839,6.783,0.00
1786347344,bench_mixed,0.00,0.00,0.0,0.129,0.000,67.839,6.783,0.00
1786347349,bench_mixed,0.00,0.00,0.0,0.129,0.000,67.839,6.784,0.00
1786347354,bench_mixed,0.00,0.00,0.0,0.129,0.000,67.839,6.784,0.00
1786347359,bench_mixed,0.00,0.00,0.0,0.129,0.000,67.839,6.784,0.00
1786347364,bench_mixed,0.00,0.00,0.0,0.129,0.000,67.839,6.784,0.00
1786347369,bench_mixed,0.00,0.00,0.0,0.129,0.000,67.839,6.784,0.00
1786347374,bench_mixed,0.00,0.00,0.0,0.129,0.000,67.839,6.784,0.00
1786347379,bench_mixed,0.00,0.00,0.0,0.129,0.000,67.839,6.784,0.00
1786347384,bench_mixed,0.00,0.00,0.0,0.129,0.000,67.839,6.785,0.00
1786347389,bench_mixed,0.00,0.00,0.0,0.129,0.000,67.839,6.785,0.00
1786347395,bench_mixed,0.00,0.00,0.0,0.129,0.000,67.839,6.785,0.00
1786347400,bench_mixed,0.00,0.00,0.0,0.129,0.000,67.839,6.786,0.00
1786347405,bench_mixed,0.00,0.00,0.0,0.129,0.000,67.839,6.786,0.00
1786347410,bench_mixed,0.00,0.00,0.0,0.129,0.000,67.839,6.786,0.00
1786347415,bench_mixed,0.00,0.00,0.0,0.129,0.000,67.839,6.786,0.00
1786347420,bench_mixed,0.00,0.00,0.0,0.129,0.000,67.839,6.786,0.00
1786347425,bench_mixed,0.00,0.00,0.0,0.129,0.000,67.839,6.785,0.00
1786347430,bench_mixed,0.00,0.00,0.0,0.129,0.000,67.839,6.786,0.00
1786347435,bench_mixed,0.00,0.00,0.0,0.129,0.000,67.839,6.786,0.00
1786347440,bench_mixed,0.00,0.00,0.0,0.129,0.000,67.839,6.788,0.00
1786347445,bench_mixed,0.00,0.00,0.0,0.129,0.000,67.839,6.787,0.00
1786347450,bench_mixed,0.00,0.00,0.0,0.129,0.000,67.839,6.787,0.00
1786347455,bench_mixed,0.00,0.00,0.0,0.129,0.000,67.839,6.786,0.00
1786347460,bench_mixed,0.00,0.00,0.0,0.129,0.000,67.839,6.786,0.00
1786347465,bench_mixed,0.00,0.00,0.0,0.129,0.000,67.839,6.787,0.00
1786347470,bench_mixed,0.00,0.00,0.0,0.129,0.000,67.839,6.788,0.00
1786347475,bench_mixed,0.00,0.00,0.0,0.129,0.000,67.839,6.788,0.00
1786347480,bench_mixed,0.00,0.00,0.0,0.129,0.000,67.839,6.788,0.00
1786347485,bench_mixed,0.00,0.00,0.0,0.129,0.000,67.839,6.788,0.00
1786347490,bench_mixed,0.00,0.00,0.0,0.129,0.000,67.839,6.789,0.00
1786347496,bench_mixed,0.00,0.00,0.0,0.129,0.000,67.839,6.789,0.00
1786347501,bench_mixed,0.00,0.00,0.0,0.129,0.000,67.839,6.790,0.00
1786347506,bench_mixed,0.00,0.00,0.0,0.129,0.000,67.839,6.791,0.00
1786347511,bench_mixed,0.00,0.00,0.0,0.129,0.000,67.839,6.791,0.00
1786347516,bench_mixed,0.00,0.00,0.0,0.129,0.000,67.839,6.791,0.00
1786347521,bench_mixed,0.00,0.00,0.0,0.129,0.000,67.839,6.791,0.00
1786347526,bench_mixed,0.00,0.00,0.0,0.129,0.000,67.839,6.790,0.00
1786347531,bench_mixed,0.00,0.00,0.0,0.129,0.000,67.839,6.790,0.00
1786347536,bench_mixed,0.00,0.00,0.0,0.129,0.000,67.839,6.789,0.00
1786347541,bench_mixed,0.00,0.00,0.0,0.129,0.000,67.839,6.789,0.00
1786347546,bench_mixed,0.00,0.00,0.0,0.129,0.000,67.839,6.789,0.00
1786347551,bench_mixed,0.00,0.00,0.0,0.129,0.000,67.839,6.789,0.00
1786347556,bench_mixed,0.00,0.00,0.0,0.129,0.000,67.839,6.789,0.00
1786347561,bench_mixed,0.00,0.00,0.0,0.129,0.000,67.839,6.789,0.00
1786347566,bench_mixed,0.00,0.00,0.0,0.129,0.000,67.839,6.789,0.00
1786347571,bench_mixed,0.00,0.00,0.0,0.129,0.000,67.839,6.789,0.00
1786347576,bench_mixed,0.00,0.00,0.0,0.129,0.000,67.839,6.789,0.00
1786347581,bench_mixed,0.00,0.00,0.0,0.129,0.000,67.839,6.789,0.00
1786347586,bench_mixed,0.00,0.00,0.0,0.129,0.000,67.839,6.780,0.06
1786347591,bench_mixed,0.00,0.00,0.0,0.129,0.000,67.839,6.780,0.00
1786347597,bench_mixed,0.00,0.00,0.0,0.129,0.000,67.839,6.780,0.00
1786347602,bench_mixed,0.00,0.00,0.0,0.129,0.000,67.839,6.780,0.00
1786347607,bench_mixed,0.00,0.00,0.0,0.129,0.000,67.839,6.781,0.00
1786347612,bench_mixed,0.00,0.00,0.0,0.129,0.000,67.839,6.781,0.00
1786347617,bench_mixed,0.00,0.00,0.0,0.129,0.000,67.839,6.782,0.00
1786347622,bench_mixed,0.00,0.00,0.0,0.129,0.000,67.839,6.782,0.00
1786347627,bench_mixed,0.00,0.00,0.0,0.129,0.000,67.839,6.781,0.00
1786347632,bench_mixed,0.00,0.00,0.0,0.129,0.000,67.839,6.781,0.00
1786347637,bench_mixed,0.00,0.00,0.0,0.129,0.000,67.839,6.781,0.00
1786347642,bench_mixed,0.00,0.00,0.0,0.129,0.000,67.839,6.781,0.00
1786347647,bench_mixed,0.00,0.00,0.0,0.129,0.000,67.839,6.781,0.00
1786347652,bench_mixed,0.00,0.00,0.0,0.129,0.000,67.839,6.782,0.00
1786347657,bench_mixed,0.00,0.00,0.0,0.129,0.000,67.839,6.782,0.00
1786347662,bench_mixed,0.00,0.00,0.0,0.129,0.000,67.839,6.782,0.00
1786347667,bench_mixed,0.00,0.00,0.0,0.129,0.000,67.839,6.782,0.00
1786347672,bench_mixed,0.00,0.00,0.0,0.129,0.000,67.839,6.782,0.00
1786347677,bench_mixed,0.00,0.00,0.0,0.129,0.000,67.839,6.782,0.00
1786347682,bench_mixed,0.00,0.00,0.0,0.129,0.000,67.839,6.782,0.00
1786347687,bench_mixed,0.00,0.00,0.0,0.129,0.000,67.839,6.783,0.00
1786347692,bench_mixed,0.00,0.00,0.0,0.129,0.000,67.839,6.783,0.00
1786347698,bench_mixed,0.00,0.00,0.0,0.129,0.000,67.839,6.785,0.00
1786347703,bench_mixed,0.00,0.00,0.0,0.129,0.000,67.839,6.786,0.00
1786347708,bench_mixed,0.00,0.00,0.0,0.129,0.000,67.839,6.786,0.00
1786347713,bench_mixed,0.00,0.00,0.0,0.129,0.000,67.839,6.787,0.00
1786347718,bench_mixed,0.00,0.00,0.0,0.129,0.000,67.839,6.786,0.00
1786347723,bench_mixed,0.00,0.00,0.0,0.129,0.000,67.839,6.786,0.00
1786347728,bench_mixed,0.00,0.00,0.0,0.129,0.000,67.839,6.785,0.00
1786347733,bench_mixed,0.00,0.00,0.0,0.129,0.000,67.839,6.787,0.00
1786347738,bench_mixed,0.00,0.00,0.0,0.129,0.000,67.839,6.785,0.00
1786347743,bench_mixed,0.00,0.00,0.0,0.129,0.000,67.839,6.786,0.00
1786347748,bench_mixed,0.00,0.00,0.0,0.129,0.000,67.839,6.786,0.00
1786347753,bench_mixed,0.00,0.00,0.0,0.129,0.000,67.839,6.786,0.00
1786347758,bench_mixed,0.00,0.00,0.0,0.129,0.000,67.839,6.786,0.00
1786347763,bench_mixed,0.00,0.00,0.0,0.129,0.000,67.839,6.786,0.00
1786347768,bench_mixed,0.00,0.00,0.0,0.129,0.000,67.839,6.785,0.00
1786347773,bench_mixed,0.00,0.00,0.0,0.129,0.000,67.839,6.785,0.00
1786347778,bench_mixed,0.00,0.00,0.0,0.129,0.000,67.839,6.786,0.00
1786347783,bench_mixed,0.00,0.00,0.0,0.129,0.000,67.839,6.786,0.00
1786347788,bench_mixed,0.00,0.00,0.0,0.129,0.000,67.839,6.786,0.00
1786347794,bench_mixed,0.00,0.00,0.0,0.129,0.000,67.839,6.786,0.00
1786347799,bench_mixed,0.00,0.00,0.0,0.129,0.000,67.839,6.786,0.00
1786347804,bench_mixed,0.00,0.00,0.0,0.129,0.000,67.839,6.788,0.00
1786347809,bench_mixed,0.00,0.00,0.0,0.129,0.000,67.839,6.788,0.00
1786347814,bench_mixed,0.00,0.00,0.0,0.129,0.000,67.839,6.788,0.00
1786347819,bench_mixed,0.00,0.00,0.0,0.129,0.000,67.839,6.788,0.00
1786347824,bench_mixed,0.00,0.00,0.0,0.129,0.000,67.839,6.788,0.00
1786347829,bench_mixed,0.00,0.00,0.0,0.129,0.000,67.839,6.788,0.00
1786347834,bench_mixed,0.00,0.00,0.0,0.129,0.000,67.839,6.789,0.00
1786347839,bench_mixed,0.00,0.00,0.0,0.129,0.000,67.839,6.788,0.00
1786347844,bench_mixed,0.00,0.00,0.0,0.129,0.000,67.839,6.788,0.00
1786347849,bench_mixed,0.00,0.00,0.0,0.129,0.000,67.839,6.788,0.00
1786347854,bench_mixed,0.00,0.00,0.0,0.129,0.000,67.839,6.791,0.00
1786347859,bench_mixed,0.00,0.00,0.0,0.129,0.000,67.839,6.790,0.00
1786347864,bench_mixed,0.00,0.00,0.0,0.129,0.000,67.839,6.790,0.00
1786347869,bench_mixed,0.00,0.00,0.0,0.129,0.000,67.839,6.790,0.00
1786347874,bench_mixed,0.00,0.00,0.0,0.129,0.000,67.839,6.790,0.00
1786347879,bench_mixed,0.00,0.00,0.0,0.129,0.000,67.839,6.789,0.00
1786347884,bench_mixed,0.00,0.00,0.0,0.129,0.000,67.839,6.777,0.05
1786347889,bench_mixed,0.00,0.00,0.0,0.129,0.000,67.839,6.777,0.00
1786347895,bench_mixed,0.00,0.00,0.0,0.129,0.000,67.839,6.778,0.00
1786347900,bench_mixed,0.00,0.00,0.0,0.129,0.000,67.839,6.779,0.00
1786347905,bench_mixed,0.00,0.00,0.0,0.129,0.000,67.839,6.779,0.00
1786347910,bench_mixed,0.00,0.00,0.0,0.129,0.000,67.839,6.780,0.00
1786347915,bench_mixed,0.00,0.00,0.0,0.129,0.000,67.839,6.781,0.00
1786347920,bench_mixed,0.00,0.00,0.0,0.129,0.000,67.839,6.782,0.00
1786347925,bench_mixed,0.00,0.00,0.0,0.129,0.000,67.839,6.782,0.00
1786347930,bench_mixed,0.00,0.00,0.0,0.129,0.000,67.839,6.782,0.00
1786347935,bench_mixed,0.00,0.00,0.0,0.129,0.000,67.839,6.782,0.00
1786347940,bench_mixed,0.00,0.00,0.0,0.129,0.000,67.839,6.783,0.00
1786347945,bench_mixed,0.00,0.00,0.0,0.129,0.000,67.839,6.783,0.00
1786347950,bench_mixed,0.00,0.00,0.0,0.129,0.000,67.839,6.783,0.00
1786347955,bench_mixed,0.00,0.00,0.0,0.129,0.000,67.839,6.782,0.00
1786347960,bench_mixed,0.00,0.00,0.0,0.129,0.000,67.839,6.783,0.00
1786347965,bench_mixed,0.00,0.00,0.0,0.129,0.000,67.839,6.783,0.00
1786347970,bench_mixed,0.00,0.00,0.0,0.129,0.000,67.839,6.783,0.00
1786347975,bench_mixed,0.00,0.00,0.0,0.129,0.000,67.839,6.783,0.00
1786347980,bench_mixed,0.00,0.00,0.0,0.129,0.000,67.839,6.784,0.00
1786347985,bench_mixed,0.00,0.00,0.0,0.129,0.000,67.839,6.785,0.00
1786347991,bench_mixed,0.00,0.00,0.0,0.129,0.000,67.839,6.785,0.00
1786347996,bench_mixed,0.00,0.00,0.0,0.129,0.000,67.839,6.786,0.00
1786348001,bench_mixed,0.00,0.00,0.0,0.129,0.000,67.839,6.786,0.00
1786348006,bench_mixed,0.00,0.00,0.0,0.129,0.000,67.839,6.784,0.00
1786348011,bench_mixed,0.00,0.00,0.0,0.129,0.000,67.839,6.786,0.00
1786348016,bench_mixed,0.00,0.00,0.0,0.129,0.000,67.839,6.785,0.00
1786348021,bench_mixed,0.00,0.00,0.0,0.129,0.000,67.839,6.786,0.00
1786348026,bench_mixed,0.00,0.00,0.0,0.129,0.000,67.839,6.786,0.00
1786348031,bench_mixed,0.00,0.00,0.0,0.129,0.000,67.839,6.786,0.00
1786348036,bench_mixed,0.00,0.00,0.0,0.129,0.000,67.839,6.786,0.00
1786348041,bench_mixed,0.00,0.00,0.0,0.129,0.000,67.839,6.787,0.00
1786348046,bench_mixed,0.00,0.00,0.0,0.129,0.000,67.839,6.786,0.00
1786348051,bench_mixed,0.00,0.00,0.0,0.129,0.000,67.839,6.788,0.00
1786348056,bench_mixed,0.00,0.00,0.0,0.129,0.000,67.839,6.788,0.00
1786348061,bench_mixed,0.00,0.00,0.0,0.129,0.000,67.839,6.788,0.00
1786348066,bench_mixed,0.00,0.00,0.0,0.129,0.000,67.839,6.787,0.00
1786348071,bench_mixed,0.00,0.00,0.0,0.129,0.000,67.839,6.788,0.00
1786348076,bench_mixed,0.00,0.00,0.0,0.129,0.000,67.839,6.787,0.00
1786348081,bench_mixed,0.00,0.00,0.0,0.129,0.000,67.839,6.787,0.00
1786348086,bench_mixed,0.00,0.00,0.0,0.129,0.000,67.839,6.788,0.00
1786348092,bench_mixed,0.00,0.00,0.0,0.129,0.000,67.839,6.788,0.00
1786348097,bench_mixed,0.00,0.00,0.0,0.129,0.000,67.839,6.788,0.00
1786348102,bench_mixed,0.00,0.00,0.0,0.129,0.000,67.839,6.788,0.00
1786348107,bench_mixed,0.00,0.00,0.0,0.129,0.000,67.839,6.788,0.00
1786348112,bench_mixed,0.00,0.00,0.0,0.129,0.000,67.839,6.788,0.00
1786348117,bench_mixed,0.00,0.00,0.0,0.129,0.000,67.839,6.789,0.00
1786348122,bench_mixed,0.00,0.00,0.0,0.129,0.000,67.839,6.789,0.00
1786348127,bench_mixed,0.00,0.00,0.0,0.129,0.000,67.839,6.788,0.00
1786348132,bench_mixed,0.00,0.00,0.0,0.129,0.000,67.839,6.788,0.00
1786348137,bench_mixed,0.00,0.00,0.0,0.129,0.000,67.839,6.788,0.00
1786348142,bench_mixed,0.00,0.00,0.0,0.129,0.000,67.839,6.789,0.00
1786348147,bench_mixed,0.00,0.00,0.0,0.129,0.000,67.839,6.789,0.00
1786348152,bench_mixed,0.00,0.00,0.0,0.129,0.000,67.839,6.790,0.00
1786348157,bench_mixed,0.00,0.00,0.0,0.129,0.000,67.839,6.790,0.00
1786348162,bench_mixed,0.00,0.00,0.0,0.129,0.000,67.839,6.790,0.00
1786348167,bench_mixed,0.00,0.00,0.0,0.129,0.000,67.839,6.791,0.00
1786348172,bench_mixed,0.00,0.00,0.0,0.129,0.000,67.839,6.791,0.00
1786348177,bench_mixed,0.00,0.00,0.0,0.129,0.000,67.839,6.791,0.00
1786348182,bench_mixed,0.00,0.00,0.0,0.129,0.000,67.839,6.787,0.03
1786348188,bench_mixed,0.00,0.00,0.0,0.129,0.000,67.839,6.780,0.03
1786348193,bench_mixed,0.00,0.00,0.0,0.129,0.000,67.839,6.780,0.00
1786348198,bench_mixed,0.00,0.00,0.0,0.129,0.000,67.839,6.780,0.00
1786348203,bench_mixed,0.00,0.00,0.0,0.129,0.000,67.839,6.781,0.00
1786348208,bench_mixed,0.00,0.00,0.0,0.129,0.000,67.839,6.781,0.00
1786348213,bench_mixed,0.00,0.00,0.0,0.129,0.000,67.839,6.782,0.00
1786348218,bench_mixed,0.00,0.00,0.0,0.129,0.000,67.839,6.782,0.00
1786348223,bench_mixed,0.00,0.00,0.0,0.129,0.000,67.839,6.782,0.00
1786348228,bench_mixed,0.00,0.00,0.0,0.129,0.000,67.839,6.783,0.00
1786348233,bench_mixed,0.00,0.00,0.0,0.129,0.000,67.839,6.783,0.00
1786348238,bench_mixed,0.00,0.00,0.0,0.129,0.000,67.839,6.783,0.00
1786348243,bench_mixed,0.00,0.00,0.0,0.129,0.000,67.839,6.783,0.00
1786348248,bench_mixed,0.00,0.00,0.0,0.129,0.000,67.839,6.783,0.00
1786348253,bench_mixed,0.00,0.00,0.0,0.129,0.000,67.839,6.783,0.00
1786348258,bench_mixed,0.00,0.00,0.0,0.129,0.000,67.839,6.784,0.00
1786348263,bench_mixed,0.00,0.00,0.0,0.129,0.000,67.839,6.784,0.00
1786348268,bench_mixed,0.00,0.00,0.0,0.129,0.000,67.839,6.784,0.00
1786348273,bench_mixed,0.00,0.00,0.0,0.129,0.000,67.839,6.784,0.00
1786348278,bench_mixed,0.00,0.00,0.0,0.129,0.000,67.839,6.784,0.00
1786348283,bench_mixed,0.00,0.00,0.0,0.129,0.000,67.839,6.784,0.00
1786348289,bench_mixed,0.00,0.00,0.0,0.129,0.000,67.839,6.784,0.00
1786348294,bench_mixed,0.00,0.00,0.0,0.129,0.000,67.839,6.784,0.00
1786348299,bench_mixed,0.00,0.00,0.0,0.129,0.000,67.839,6.784,0.00
1786348304,bench_mixed,0.00,0.00,0.0,0.129,0.000,67.839,6.784,0.00
1786348309,bench_mixed,0.00,0.00,0.0,0.129,0.000,67.839,6.786,0.00
1786348314,bench_mixed,0.00,0.00,0.0,0.129,0.000,67.839,6.785,0.00
1786348319,bench_mixed,0.00,0.00,0.0,0.129,0.000,67.839,6.785,0.00
1786348324,bench_mixed,0.00,0.00,0.0,0.129,0.000,67.839,6.784,0.00
1786348329,bench_mixed,0.00,0.00,0.0,0.129,0.000,67.839,6.784,0.00
1786348334,bench_mixed,0.00,0.00,0.0,0.129,0.000,67.839,6.784,0.00
1786348339,bench_mixed,0.00,0.00,0.0,0.129,0.000,67.839,6.785,0.00
1786348344,bench_mixed,0.00,0.00,0.0,0.129,0.000,67.839,6.785,0.00
1786348349,bench_mixed,0.00,0.00,0.0,0.129,0.000,67.839,6.785,0.00
1786348354,bench_mixed,0.00,0.00,0.0,0.129,0.000,67.839,6.786,0.00
1786348359,bench_mixed,0.00,0.00,0.0,0.129,0.000,67.839,6.786,0.00
1786348364,bench_mixed,0.00,0.00,0.0,0.129,0.000,67.839,6.786,0.00
1786348369,bench_mixed,0.00,0.00,0.0,0.129,0.000,67.839,6.788,0.00
1786348374,bench_mixed,0.00,0.00,0.0,0.129,0.000,67.839,6.788,0.00
1786348379,bench_mixed,0.00,0.00,0.0,0.129,0.000,67.839,6.789,0.00
1786348385,bench_mixed,0.00,0.00,0.0,0.129,0.000,67.839,6.790,0.00
1786348390,bench_mixed,0.00,0.00,0.0,0.129,0.000,67.839,6.790,0.00
1786348395,bench_mixed,0.00,0.00,0.0,0.129,0.000,67.839,6.790,0.00
1786348400,bench_mixed,0.00,0.00,0.0,0.129,0.000,67.839,6.791,0.00
1786348405,bench_mixed,0.00,0.00,0.0,0.129,0.000,67.839,6.790,0.00
1786348410,bench_mixed,0.00,0.00,0.0,0.129,0.000,67.839,6.791,0.00
1786348415,bench_mixed,0.00,0.00,0.0,0.129,0.000,67.839,6.790,0.00
1786348420,bench_mixed,0.00,0.00,0.0,0.129,0.000,67.839,6.790,0.00
1786348425,bench_mixed,0.00,0.00,0.0,0.129,0.000,67.839,6.791,0.00
1786348430,bench_mixed,0.00,0.00,0.0,0.129,0.000,67.839,6.791,0.00
1786348435,bench_mixed,0.00,0.00,0.0,0.129,0.000,67.839,6.791,0.00
1786348440,bench_mixed,0.00,0.00,0.0,0.129,0.000,67.839,6.791,0.00
1786348445,bench_mixed,0.00,0.00,0.0,0.129,0.000,67.839,6.791,0.00
1786348450,bench_mixed,0.00,0.00,0.0,0.129,0.000,67.839,6.791,0.00
1786348455,bench_mixed,0.00,0.00,0.0,0.129,0.000,67.839,6.791,0.00
1786348460,bench_mixed,0.00,0.00,0.0,0.129,0.000,67.839,6.790,0.00
1786348465,bench_mixed,0.00,0.00,0.0,0.129,0.000,67.839,6.789,0.00
1786348470,bench_mixed,0.00,0.00,0.0,0.129,0.000,67.839,6.789,0.00
1786348475,bench_mixed,0.00,0.00,0.0,0.129,0.000,67.839,6.789,0.00
1786348480,bench_mixed,0.00,0.00,0.0,0.129,0.000,67.839,6.789,0.00
1786348486,bench_mixed,0.00,0.00,0.0,0.129,0.000,67.839,6.781,0.06
1786348491,bench_mixed,0.00,0.00,0.0,0.129,0.000,67.839,6.783,0.00
1786348496,bench_mixed,0.00,0.00,0.0,0.129,0.000,67.839,6.783,0.00
1786348501,bench_mixed,0.00,0.00,0.0,0.129,0.000,67.839,6.784,0.00
1786348506,bench_mixed,0.00,0.00,0.0,0.129,0.000,67.839,6.784,0.00
1786348511,bench_mixed,0.00,0.00,0.0,0.129,0.000,67.839,6.784,0.00
1786348516,bench_mixed,0.00,0.00,0.0,0.129,0.000,67.839,6.784,0.00
1786348521,bench_mixed,0.00,0.00,0.0,0.129,0.000,67.839,6.784,0.00
1786348526,bench_mixed,0.00,0.00,0.0,0.129,0.000,67.839,6.784,0.00
1786348531,bench_mixed,0.00,0.00,0.0,0.129,0.000,67.839,6.784,0.00
1786348536,bench_mixed,0.00,0.00,0.0,0.129,0.000,67.839,6.784,0.00
1786348541,bench_mixed,0.00,0.00,0.0,0.129,0.000,67.839,6.784,0.00
1786348546,bench_mixed,0.00,0.00,0.0,0.129,0.000,67.839,6.784,0.00
1786348551,bench_mixed,0.00,0.00,0.0,0.129,0.000,67.839,6.786,0.00
1786348556,bench_mixed,0.00,0.00,0.0,0.129,0.000,67.839,6.786,0.00
1786348561,bench_mixed,0.00,0.00,0.0,0.129,0.000,67.839,6.786,0.00
1786348566,bench_mixed,0.00,0.00,0.0,0.129,0.000,67.839,6.785,0.00
1786348571,bench_mixed,0.00,0.00,0.0,0.129,0.000,67.839,6.784,0.00
1786348576,bench_mixed,0.00,0.00,0.0,0.129,0.000,67.839,6.785,0.00
1786348582,bench_mixed,0.00,0.00,0.0,0.129,0.000,67.839,6.785,0.00
1786348587,bench_mixed,0.00,0.00,0.0,0.129,0.000,67.839,6.786,0.00
1786348592,bench_mixed,0.00,0.00,0.0,0.129,0.000,67.839,6.786,0.00
1786348597,bench_mixed,0.00,0.00,0.0,0.129,0.000,67.839,6.787,0.00
1786348602,bench_mixed,0.00,0.00,0.0,0.129,0.000,67.839,6.787,0.00
1786348607,bench_mixed,0.00,0.00,0.0,0.129,0.000,67.839,6.787,0.00
1786348612,bench_mixed,0.00,0.00,0.0,0.129,0.000,67.839,6.787,0.00
1786348617,bench_mixed,0.00,0.00,0.0,0.129,0.000,67.839,6.787,0.00
1786348622,bench_mixed,0.00,0.00,0.0,0.129,0.000,67.839,6.789,0.00
1786348627,bench_mixed,0.00,0.00,0.0,0.129,0.000,67.839,6.789,0.00
1786348632,bench_mixed,0.00,0.00,0.0,0.129,0.000,67.839,6.788,0.00
1786348637,bench_mixed,0.00,0.00,0.0,0.129,0.000,67.839,6.788,0.00
1786348642,bench_mixed,0.00,0.00,0.0,0.129,0.000,67.839,6.788,0.00
1786348647,bench_mixed,0.00,0.00,0.0,0.129,0.000,67.839,6.789,0.00
1786348652,bench_mixed,0.00,0.00,0.0,0.129,0.000,67.839,6.788,0.00
1786348657,bench_mixed,0.00,0.00,0.0,0.129,0.000,67.839,6.788,0.00
1786348662,bench_mixed,0.00,0.00,0.0,0.129,0.000,67.839,6.789,0.00
1786348667,bench_mixed,0.00,0.00,0.0,0.129,0.000,67.839,6.789,0.00
1786348672,bench_mixed,0.00,0.00,0.0,0.129,0.000,67.839,6.789,0.00
1786348678,bench_mixed,0.00,0.00,0.0,0.129,0.000,67.839,6.790,0.00
1786348683,bench_mixed,0.00,0.00,0.0,0.129,0.000,67.839,6.789,0.00
1786348688,bench_mixed,0.00,0.00,0.0,0.129,0.000,67.839,6.789,0.00
1786348693,bench_mixed,0.00,0.00,0.0,0.129,0.000,67.839,6.790,0.00
1786348698,bench_mixed,0.00,0.00,0.0,0.129,0.000,67.839,6.790,0.00
1786348703,bench_mixed,0.00,0.00,0.0,0.129,0.000,67.839,6.790,0.00
1786348708,bench_mixed,0.00,0.00,0.0,0.129,0.000,67.839,6.790,0.00
1786348713,bench_mixed,0.00,0.00,0.0,0.129,0.000,67.839,6.789,0.00
1786348718,bench_mixed,0.00,0.00,0.0,0.129,0.000,67.839,6.789,0.00
1786348723,bench_mixed,0.00,0.00,0.0,0.129,0.000,67.839,6.789,0.00
1786348728,bench_mixed,0.00,0.00,0.0,0.129,0.000,67.839,6.789,0.00
1786348733,bench_mixed,0.00,0.00,0.0,0.129,0.000,67.839,6.789,0.00
1786348738,bench_mixed,0.00,0.00,0.0,0.129,0.000,67.839,6.789,0.00
1786348743,bench_mixed,0.00,0.00,0.0,0.129,0.000,67.839,6.789,0.00
1786348748,bench_mixed,0.00,0.00,0.0,0.129,0.000,67.839,6.789,0.00
1786348753,bench_mixed,0.00,0.00,0.0,0.129,0.000,67.839,6.789,0.00
1786348758,bench_mixed,0.00,0.00,0.0,0.129,0.000,67.839,6.789,0.00
1786348763,bench_mixed,0.00,0.00,0.0,0.129,0.000,67.839,6.789,0.00
1786348768,bench_mixed,0.00,0.00,0.0,0.129,0.000,67.839,6.790,0.00
1786348773,bench_mixed,0.00,0.00,0.0,0.129,0.000,67.839,6.790,0.00
1786348779,bench_mixed,0.00,0.00,0.0,0.129,0.000,67.839,6.789,0.00
1786348784,bench_mixed,0.00,0.00,0.0,0.129,0.000,67.839,6.780,0.04
1786348789,bench_mixed,0.00,0.00,0.0,0.129,0.000,67.839,6.777,0.02
1786348794,bench_mixed,0.00,0.00,0.0,0.129,0.000,67.839,6.777,0.00
1786348799,bench_mixed,0.00,0.00,0.0,0.129,0.000,67.839,6.778,0.00
1786348804,bench_mixed,0.00,0.00,0.0,0.129,0.000,67.839,6.779,0.00
1786348809,bench_mixed,0.00,0.00,0.0,0.129,0.000,67.839,6.780,0.00
1786348814,bench_mixed,0.00,0.00,0.0,0.129,0.000,67.839,6.779,0.00
1786348819,bench_mixed,0.00,0.00,0.0,0.129,0.000,67.839,6.780,0.00
1786348824,bench_mixed,0.00,0.00,0.0,0.129,0.000,67.839,6.780,0.00
1786348829,bench_mixed,0.00,0.00,0.0,0.129,0.000,67.839,6.780,0.00
1786348834,bench_mixed,0.00,0.00,0.0,0.129,0.000,67.839,6.780,0.00
1786348839,bench_mixed,0.00,0.00,0.0,0.129,0.000,67.839,6.781,0.00
1786348844,bench_mixed,0.00,0.00,0.0,0.129,0.000,67.839,6.782,0.00
1786348849,bench_mixed,0.00,0.00,0.0,0.129,0.000,67.839,6.782,0.00
1786348854,bench_mixed,0.00,0.00,0.0,0.129,0.000,67.839,6.782,0.00
1786348859,bench_mixed,0.00,0.00,0.0,0.129,0.000,67.839,6.783,0.00
1786348864,bench_mixed,0.00,0.00,0.0,0.129,0.000,67.839,6.783,0.00
1786348869,bench_mixed,0.00,0.00,0.0,0.129,0.000,67.839,6.783,0.00
1786348875,bench_mixed,0.00,0.00,0.0,0.129,0.000,67.839,6.782,0.00
1786348880,bench_mixed,0.00,0.00,0.0,0.129,0.000,67.839,6.782,0.00
1786348885,bench_mixed,0.00,0.00,0.0,0.129,0.000,67.839,6.783,0.00
1786348890,bench_mixed,0.00,0.00,0.0,0.129,0.000,67.839,6.784,0.00
1786348895,bench_mixed,0.00,0.00,0.0,0.129,0.000,67.839,6.784,0.00
1786348900,bench_mixed,0.00,0.00,0.0,0.129,0.000,67.839,6.784,0.00
1786348905,bench_mixed,0.00,0.00,0.0,0.129,0.000,67.839,6.784,0.00
1786348910,bench_mixed,0.00,0.00,0.0,0.129,0.000,67.839,6.785,0.00
1786348915,bench_mixed,0.00,0.00,0.0,0.129,0.000,67.839,6.785,0.00
1786348920,bench_mixed,0.00,0.00,0.0,0.129,0.000,67.839,6.785,0.00
1786348925,bench_mixed,0.00,0.00,0.0,0.129,0.000,67.839,6.785,0.00
1786348930,bench_mixed,0.00,0.00,0.0,0.129,0.000,67.839,6.785,0.00
1786348935,bench_mixed,0.00,0.00,0.0,0.129,0.000,67.839,6.785,0.00
1786348940,bench_mixed,0.00,0.00,0.0,0.129,0.000,67.839,6.786,0.00
1786348945,bench_mixed,0.00,0.00,0.0,0.129,0.000,67.839,6.786,0.00
1786348950,bench_mixed,0.00,0.00,0.0,0.129,0.000,67.839,6.786,0.00
1786348955,bench_mixed,0.00,0.00,0.0,0.129,0.000,67.839,6.787,0.00
1786348960,bench_mixed,0.00,0.00,0.0,0.129,0.000,67.839,6.787,0.00
1786348965,bench_mixed,0.00,0.00,0.0,0.129,0.000,67.839,6.787,0.00
1786348971,bench_mixed,0.00,0.00,0.0,0.129,0.000,67.839,6.787,0.00
1786348976,bench_mixed,0.00,0.00,0.0,0.129,0.000,67.839,6.788,0.00
1786348981,bench_mixed,0.00,0.00,0.0,0.129,0.000,67.839,6.789,0.00
1786348986,bench_mixed,0.00,0.00,0.0,0.129,0.000,67.839,6.788,0.00
1786348991,bench_mixed,0.00,0.00,0.0,0.129,0.000,67.839,6.787,0.00
1786348996,bench_mixed,0.00,0.00,0.0,0.129,0.000,67.839,6.787,0.00
1786349001,bench_mixed,0.00,0.00,0.0,0.129,0.000,67.839,6.788,0.00
1786349006,bench_mixed,0.00,0.00,0.0,0.129,0.000,67.839,6.788,0.00
1786349011,bench_mixed,0.00,0.00,0.0,0.129,0.000,67.839,6.788,0.00
1786349016,bench_mixed,0.00,0.00,0.0,0.129,0.000,67.839,6.788,0.00
1786349021,bench_mixed,0.00,0.00,0.0,0.129,0.000,67.839,6.789,0.00
1786349026,bench_mixed,0.00,0.00,0.0,0.129,0.000,67.839,6.789,0.00
1786349031,bench_mixed,0.00,0.00,0.0,0.129,0.000,67.839,6.788,0.00
1786349036,bench_mixed,0.00,0.00,0.0,0.129,0.000,67.839,6.788,0.00
1786349041,bench_mixed,0.00,0.00,0.0,0.129,0.000,67.839,6.788,0.00
1786349046,bench_mixed,0.00,0.00,0.0,0.129,0.000,67.839,6.787,0.00
1786349051,bench_mixed,0.00,0.00,0.0,0.129,0.000,67.839,6.788,0.00
1786349056,bench_mixed,0.00,0.00,0.0,0.129,0.000,67.839,6.788,0.00
1786349061,bench_mixed,0.00,0.00,0.0,0.129,0.000,67.839,6.789,0.00
1786349066,bench_mixed,0.00,0.00,0.0,0.129,0.000,67.839,6.788,0.00
1786349072,bench_mixed,0.00,0.00,0.0,0.129,0.000,67.839,6.788,0.00
1786349077,bench_mixed,0.00,0.00,0.0,0.129,0.000,67.839,6.788,0.00
1786349082,bench_mixed,0.00,0.00,0.0,0.129,0.000,67.839,6.789,0.00
1786349087,bench_mixed,0.00,0.00,0.0,0.129,0.000,67.839,6.776,0.06
1786349092,bench_mixed,0.00,0.00,0.0,0.129,0.000,67.839,6.777,0.00
1786349097,bench_mixed,0.00,0.00,0.0,0.129,0.000,67.839,6.776,0.00
1786349102,bench_mixed,0.00,0.00,0.0,0.129,0.000,67.839,6.776,0.00
1786349107,bench_mixed,0.00,0.00,0.0,0.129,0.000,67.839,6.778,0.00
1786349112,bench_mixed,0.00,0.00,0.0,0.129,0.000,67.839,6.779,0.00
1786349117,bench_mixed,0.00,0.00,0.0,0.129,0.000,67.839,6.779,0.00
1786349122,bench_mixed,0.00,0.00,0.0,0.129,0.000,67.839,6.779,0.00
1786349127,bench_mixed,0.00,0.00,0.0,0.129,0.000,67.839,6.779,0.00
1786349132,bench_mixed,0.00,0.00,0.0,0.129,0.000,67.839,6.779,0.00
1786349137,bench_mixed,0.00,0.00,0.0,0.129,0.000,67.839,6.779,0.00
1786349142,bench_mixed,0.00,0.00,0.0,0.129,0.000,67.839,6.779,0.00
1786349147,bench_mixed,0.00,0.00,0.0,0.129,0.000,67.839,6.780,0.00
1786349152,bench_mixed,0.00,0.00,0.0,0.129,0.000,67.839,6.780,0.00
1786349157,bench_mixed,0.00,0.00,0.0,0.129,0.000,67.839,6.780,0.00
1786349162,bench_mixed,0.00,0.00,0.0,0.129,0.000,67.839,6.780,0.00
1786349168,bench_mixed,0.00,0.00,0.0,0.129,0.000,67.839,6.780,0.00
1786349173,bench_mixed,0.00,0.00,0.0,0.129,0.000,67.839,6.781,0.00
1786349178,bench_mixed,0.00,0.00,0.0,0.129,0.000,67.839,6.783,0.00
1786349183,bench_mixed,0.00,0.00,0.0,0.129,0.000,67.839,6.781,0.00
1786349188,bench_mixed,0.00,0.00,0.0,0.129,0.000,67.839,6.782,0.00
1786349193,bench_mixed,0.00,0.00,0.0,0.129,0.000,67.839,6.782,0.00
1786349198,bench_mixed,0.00,0.00,0.0,0.129,0.000,67.839,6.782,0.00
1786349203,bench_mixed,0.00,0.00,0.0,0.129,0.000,67.839,6.781,0.00
1786349208,bench_mixed,0.00,0.00,0.0,0.129,0.000,67.839,6.782,0.00
1786349213,bench_mixed,0.00,0.00,0.0,0.129,0.000,67.839,6.783,0.00
1786349218,bench_mixed,0.00,0.00,0.0,0.129,0.000,67.839,6.783,0.00
1786349223,bench_mixed,0.00,0.00,0.0,0.129,0.000,67.839,6.783,0.00
1786349228,bench_mixed,0.00,0.00,0.0,0.129,0.000,67.839,6.784,0.00
1786349233,bench_mixed,0.00,0.00,0.0,0.129,0.000,67.839,6.785,0.00
1786349238,bench_mixed,0.00,0.00,0.0,0.129,0.000,67.839,6.786,0.00
1786349243,bench_mixed,0.00,0.00,0.0,0.129,0.000,67.839,6.786,0.00
1786349248,bench_mixed,0.00,0.00,0.0,0.129,0.000,67.839,6.785,0.00
1786349253,bench_mixed,0.00,0.00,0.0,0.129,0.000,67.839,6.786,0.00
1786349258,bench_mixed,0.00,0.00,0.0,0.129,0.000,67.839,6.786,0.00
1786349263,bench_mixed,0.00,0.00,0.0,0.129,0.000,67.839,6.787,0.00
1786349269,bench_mixed,0.00,0.00,0.0,0.129,0.000,67.839,6.786,0.00
1786349274,bench_mixed,0.00,0.00,0.0,0.129,0.000,67.839,6.786,0.00
1786349279,bench_mixed,0.00,0.00,0.0,0.129,0.000,67.839,6.786,0.00
1786349284,bench_mixed,0.00,0.00,0.0,0.129,0.000,67.839,6.785,0.00
1786349289,bench_mixed,0.00,0.00,0.0,0.129,0.000,67.839,6.785,0.00
1786349294,bench_mixed,0.00,0.00,0.0,0.129,0.000,67.839,6.787,0.00
1786349299,bench_mixed,0.00,0.00,0.0,0.129,0.000,67.839,6.786,0.00
1786349304,bench_mixed,0.00,0.00,0.0,0.129,0.000,67.839,6.787,0.00
1786349309,bench_mixed,0.00,0.00,0.0,0.129,0.000,67.839,6.787,0.00
1786349314,bench_mixed,0.00,0.00,0.0,0.129,0.000,67.839,6.787,0.00
1786349319,bench_mixed,0.00,0.00,0.0,0.129,0.000,67.839,6.786,0.00
1786349324,bench_mixed,0.00,0.00,0.0,0.129,0.000,67.839,6.786,0.00
1786349329,bench_mixed,0.00,0.00,0.0,0.129,0.000,67.839,6.786,0.00
1786349334,bench_mixed,0.00,0.00,0.0,0.129,0.000,67.839,6.786,0.00
1786349339,bench_mixed,0.00,0.00,0.0,0.129,0.000,67.839,6.786,0.00
1786349344,bench_mixed,0.00,0.00,0.0,0.129,0.000,67.839,6.787,0.00
1786349349,bench_mixed,0.00,0.00,0.0,0.129,0.000,67.839,6.787,0.00
1786349354,bench_mixed,0.00,0.00,0.0,0.129,0.000,67.839,6.788,0.00
1786349359,bench_mixed,0.00,0.00,0.0,0.129,0.000,67.839,6.787,0.00
1786349364,bench_mixed,0.00,0.00,0.0,0.129,0.000,67.839,6.787,0.00
1786349370,bench_mixed,0.00,0.00,0.0,0.129,0.000,67.839,6.789,0.00
1786349375,bench_mixed,0.00,0.00,0.0,0.129,0.000,67.839,6.789,0.00
1786349380,bench_mixed,0.00,0.00,0.0,0.129,0.000,67.839,6.789,0.00
1786349385,bench_mixed,0.00,0.00,0.0,0.129,0.000,67.839,6.778,0.05
1786349390,bench_mixed,0.00,0.00,0.0,0.129,0.000,67.839,6.777,0.00
1786349395,bench_mixed,0.00,0.00,0.0,0.129,0.000,67.839,6.776,0.00
1786349400,bench_mixed,0.00,0.00,0.0,0.129,0.000,67.839,6.777,0.00
1786349405,bench_mixed,0.00,0.00,0.0,0.129,0.000,67.839,6.778,0.00
1786349410,bench_mixed,0.00,0.00,0.0,0.129,0.000,67.839,6.778,0.00
1786349415,bench_mixed,0.00,0.00,0.0,0.129,0.000,67.839,6.778,0.00
1786349420,bench_mixed,0.00,0.00,0.0,0.129,0.000,67.839,6.778,0.00
1786349425,bench_mixed,0.00,0.00,0.0,0.129,0.000,67.839,6.780,0.00
1786349430,bench_mixed,0.00,0.00,0.0,0.129,0.000,67.839,6.780,0.00
1786349435,bench_mixed,0.00,0.00,0.0,0.129,0.000,67.839,6.779,0.00
1786349440,bench_mixed,0.00,0.00,0.0,0.129,0.000,67.839,6.779,0.00
1786349445,bench_mixed,0.00,0.00,0.0,0.129,0.000,67.839,6.779,0.00
1786349450,bench_mixed,0.00,0.00,0.0,0.129,0.000,67.839,6.778,0.00
1786349455,bench_mixed,0.00,0.00,0.0,0.129,0.000,67.839,6.779,0.00
1786349460,bench_mixed,0.00,0.00,0.0,0.129,0.000,67.839,6.779,0.00
1786349466,bench_mixed,0.00,0.00,0.0,0.129,0.000,67.839,6.781,0.00
1786349471,bench_mixed,0.00,0.00,0.0,0.129,0.000,67.839,6.780,0.00
1786349476,bench_mixed,0.00,0.00,0.0,0.129,0.000,67.839,6.780,0.00
1786349481,bench_mixed,0.00,0.00,0.0,0.129,0.000,67.839,6.779,0.00
1786349486,bench_mixed,0.00,0.00,0.0,0.129,0.000,67.839,6.781,0.00
1786349491,bench_mixed,0.00,0.00,0.0,0.129,0.000,67.839,6.781,0.00
1786349496,bench_mixed,0.00,0.00,0.0,0.129,0.000,67.839,6.781,0.00
1786349501,bench_mixed,0.00,0.00,0.0,0.129,0.000,67.839,6.781,0.00
1786349506,bench_mixed,0.00,0.00,0.0,0.129,0.000,67.839,6.781,0.00
1786349511,bench_mixed,0.00,0.00,0.0,0.129,0.000,67.839,6.781,0.00
1786349516,bench_mixed,0.00,0.00,0.0,0.129,0.000,67.839,6.781,0.00
1786349521,bench_mixed,0.00,0.00,0.0,0.129,0.000,67.839,6.783,0.00
1786349526,bench_mixed,0.00,0.00,0.0,0.129,0.000,67.839,6.783,0.00
1786349531,bench_mixed,0.00,0.00,0.0,0.129,0.000,67.839,6.782,0.00
1786349536,bench_mixed,0.00,0.00,0.0,0.129,0.000,67.839,6.782,0.00
1786349541,bench_mixed,0.00,0.00,0.0,0.129,0.000,67.839,6.782,0.00
1786349546,bench_mixed,0.00,0.00,0.0,0.129,0.000,67.839,6.782,0.00
1786349551,bench_mixed,0.00,0.00,0.0,0.129,0.000,67.839,6.783,0.00
1786349556,bench_mixed,0.00,0.00,0.0,0.129,0.000,67.839,6.783,0.00
1786349561,bench_mixed,0.00,0.00,0.0,0.129,0.000,67.839,6.783,0.00
1786349567,bench_mixed,0.00,0.00,0.0,0.129,0.000,67.839,6.782,0.00
1786349572,bench_mixed,0.00,0.00,0.0,0.129,0.000,67.839,6.782,0.00
1786349577,bench_mixed,0.00,0.00,0.0,0.129,0.000,67.839,6.783,0.00
1786349582,bench_mixed,0.00,0.00,0.0,0.129,0.000,67.839,6.783,0.00
1786349587,bench_mixed,0.00,0.00,0.0,0.129,0.000,67.839,6.783,0.00
1786349592,bench_mixed,0.00,0.00,0.0,0.129,0.000,67.839,6.786,0.00
1786349597,bench_mixed,0.00,0.00,0.0,0.129,0.000,67.839,6.786,0.00
1786349602,bench_mixed,0.00,0.00,0.0,0.129,0.000,67.839,6.786,0.00
1786349607,bench_mixed,0.00,0.00,0.0,0.129,0.000,67.839,6.786,0.00
1786349612,bench_mixed,0.00,0.00,0.0,0.129,0.000,67.839,6.785,0.00
1786349617,bench_mixed,0.00,0.00,0.0,0.129,0.000,67.839,6.785,0.00
1786349622,bench_mixed,0.00,0.00,0.0,0.129,0.000,67.839,6.784,0.00
1786349627,bench_mixed,0.00,0.00,0.0,0.129,0.000,67.839,6.784,0.00
1786349632,bench_mixed,0.00,0.00,0.0,0.129,0.000,67.839,6.784,0.00
1786349637,bench_mixed,0.00,0.00,0.0,0.129,0.000,67.839,6.785,0.00
1786349642,bench_mixed,0.00,0.00,0.0,0.129,0.000,67.839,6.785,0.00
1786349647,bench_mixed,0.00,0.00,0.0,0.129,0.000,67.839,6.786,0.00
1786349652,bench_mixed,0.00,0.00,0.0,0.129,0.000,67.839,6.786,0.00
1786349657,bench_mixed,0.00,0.00,0.0,0.129,0.000,67.839,6.785,0.00
1786349662,bench_mixed,0.00,0.00,0.0,0.129,0.000,67.839,6.785,0.00
1786349668,bench_mixed,0.00,0.00,0.0,0.129,0.000,67.839,6.786,0.00
1786349673,bench_mixed,0.00,0.00,0.0,0.129,0.000,67.839,6.786,0.00
1786349678,bench_mixed,0.00,0.00,0.0,0.129,0.000,67.839,6.786,0.00
1786349683,bench_mixed,0.00,0.00,0.0,0.129,0.000,67.839,6.780,0.03
1786349688,bench_mixed,0.00,0.00,0.0,0.129,0.000,67.839,6.774,0.03
1786349693,bench_mixed,0.00,0.00,0.0,0.129,0.000,67.839,6.774,0.00
1786349698,bench_mixed,0.00,0.00,0.0,0.129,0.000,67.839,6.773,0.00
1786349703,bench_mixed,0.00,0.00,0.0,0.129,0.000,67.839,6.775,0.00
1786349708,bench_mixed,0.00,0.00,0.0,0.129,0.000,67.839,6.775,0.00
1786349713,bench_mixed,0.00,0.00,0.0,0.129,0.000,67.839,6.776,0.00
1786349718,bench_mixed,0.00,0.00,0.0,0.129,0.000,67.839,6.776,0.00
1786349723,bench_mixed,0.00,0.00,0.0,0.129,0.000,67.839,6.776,0.00
1786349728,bench_mixed,0.00,0.00,0.0,0.129,0.000,67.839,6.777,0.00
1786349733,bench_mixed,0.00,0.00,0.0,0.129,0.000,67.839,6.777,0.00
1786349738,bench_mixed,0.00,0.00,0.0,0.129,0.000,67.839,6.777,0.00
1786349743,bench_mixed,0.00,0.00,0.0,0.129,0.000,67.839,6.777,0.00
1786349748,bench_mixed,0.00,0.00,0.0,0.129,0.000,67.839,6.777,0.00
1786349753,bench_mixed,0.00,0.00,0.0,0.129,0.000,67.839,6.777,0.00
1786349758,bench_mixed,0.00,0.00,0.0,0.129,0.000,67.839,6.778,0.00
1786349763,bench_mixed,0.00,0.00,0.0,0.129,0.000,67.839,6.779,0.00
1786349769,bench_mixed,0.00,0.00,0.0,0.129,0.000,67.839,6.780,0.00
1786349774,bench_mixed,0.00,0.00,0.0,0.129,0.000,67.839,6.779,0.00
1786349779,bench_mixed,0.00,0.00,0.0,0.129,0.000,67.839,6.779,0.00
1786349784,bench_mixed,0.00,0.00,0.0,0.129,0.000,67.839,6.780,0.00
1786349789,bench_mixed,0.00,0.00,0.0,0.129,0.000,67.839,6.780,0.00
1786349794,bench_mixed,0.00,0.00,0.0,0.129,0.000,67.839,6.782,0.00
1786349799,bench_mixed,0.00,0.00,0.0,0.129,0.000,67.839,6.783,0.00
1786349804,bench_mixed,0.00,0.00,0.0,0.129,0.000,67.839,6.785,0.00
1786349809,bench_mixed,0.00,0.00,0.0,0.129,0.000,67.839,6.784,0.00
1786349814,bench_mixed,0.00,0.00,0.0,0.129,0.000,67.839,6.784,0.00
1786349819,bench_mixed,0.00,0.00,0.0,0.129,0.000,67.839,6.783,0.00
1786349824,bench_mixed,0.00,0.00,0.0,0.129,0.000,67.839,6.783,0.00
1786349829,bench_mixed,0.00,0.00,0.0,0.129,0.000,67.839,6.783,0.00
1786349834,bench_mixed,0.00,0.00,0.0,0.129,0.000,67.839,6.783,0.00
1786349839,bench_mixed,0.00,0.00,0.0,0.129,0.000,67.839,6.784,0.00
1786349844,bench_mixed,0.00,0.00,0.0,0.129,0.000,67.839,6.783,0.00
1786349849,bench_mixed,0.00,0.00,0.0,0.129,0.000,67.839,6.784,0.00
1786349854,bench_mixed,0.00,0.00,0.0,0.129,0.000,67.839,6.784,0.00
1786349859,bench_mixed,0.00,0.00,0.0,0.129,0.000,67.839,6.783,0.00
1786349865,bench_mixed,0.00,0.00,0.0,0.129,0.000,67.839,6.783,0.00
1786349870,bench_mixed,0.00,0.00,0.0,0.129,0.000,67.839,6.784,0.00
1786349875,bench_mixed,0.00,0.00,0.0,0.129,0.000,67.839,6.785,0.00
1786349880,bench_mixed,0.00,0.00,0.0,0.129,0.000,67.839,6.785,0.00
1786349885,bench_mixed,0.00,0.00,0.0,0.129,0.000,67.839,6.785,0.00
1786349890,bench_mixed,0.00,0.00,0.0,0.129,0.000,67.839,6.785,0.00
1786349895,bench_mixed,0.00,0.00,0.0,0.129,0.000,67.839,6.786,0.00
1786349900,bench_mixed,0.00,0.00,0.0,0.129,0.000,67.839,6.786,0.00
1786349905,bench_mixed,0.00,0.00,0.0,0.129,0.000,67.839,6.786,0.00
1786349910,bench_mixed,0.00,0.00,0.0,0.129,0.000,67.839,6.786,0.00
1786349915,bench_mixed,0.00,0.00,0.0,0.129,0.000,67.839,6.786,0.00
1786349920,bench_mixed,0.00,0.00,0.0,0.129,0.000,67.839,6.786,0.00
1786349925,bench_mixed,0.00,0.00,0.0,0.129,0.000,67.839,6.786,0.00
1786349930,bench_mixed,0.00,0.00,0.0,0.129,0.000,67.839,6.786,0.00
1786349935,bench_mixed,0.00,0.00,0.0,0.129,0.000,67.839,6.787,0.00
1786349940,bench_mixed,0.00,0.00,0.0,0.129,0.000,67.839,6.787,0.00
1786349945,bench_mixed,0.00,0.00,0.0,0.129,0.000,67.839,6.786,0.00
1786349950,bench_mixed,0.00,0.00,0.0,0.129,0.000,67.839,6.787,0.00
1786349955,bench_mixed,0.00,0.00,0.0,0.129,0.000,67.839,6.787,0.00
1786349960,bench_mixed,0.00,0.00,0.0,0.129,0.000,67.839,6.788,0.00
1786349965,bench_mixed,0.00,0.00,0.0,0.129,0.000,67.839,6.788,0.00
1786349971,bench_mixed,0.00,0.00,0.0,0.129,0.000,67.839,6.788,0.00
1786349976,bench_mixed,0.00,0.00,0.0,0.129,0.000,67.839,6.788,0.00
1786349981,bench_mixed,0.00,0.00,0.0,0.129,0.000,67.839,6.788,0.00
1786349986,bench_mixed,0.00,0.00,0.0,0.129,0.000,67.839,6.778,0.06
1786349991,bench_mixed,0.00,0.00,0.0,0.129,0.000,67.839,6.778,0.00
1786349996,bench_mixed,0.00,0.00,0.0,0.129,0.000,67.839,6.778,0.00
1786350001,bench_mixed,0.00,0.00,0.0,0.129,0.000,67.839,6.778,0.00
1786350006,bench_mixed,0.00,0.00,0.0,0.129,0.000,67.839,6.779,0.00
1786350011,bench_mixed,0.00,0.00,0.0,0.129,0.000,67.839,6.779,0.00
1786350016,bench_mixed,0.00,0.00,0.0,0.129,0.000,67.839,6.779,0.00
1786350021,bench_mixed,0.00,0.00,0.0,0.129,0.000,67.839,6.779,0.00
1786350026,bench_mixed,0.00,0.00,0.0,0.129,0.000,67.839,6.779,0.00
1786350031,bench_mixed,0.00,0.00,0.0,0.129,0.000,67.839,6.779,0.00
1786350036,bench_mixed,0.00,0.00,0.0,0.129,0.000,67.839,6.779,0.00
1786350041,bench_mixed,0.00,0.00,0.0,0.129,0.000,67.839,6.779,0.00
1786350046,bench_mixed,0.00,0.00,0.0,0.129,0.000,67.839,6.779,0.00
1786350051,bench_mixed,0.00,0.00,0.0,0.129,0.000,67.839,6.779,0.00
1786350056,bench_mixed,0.00,0.00,0.0,0.129,0.000,67.839,6.779,0.00
1786350061,bench_mixed,0.00,0.00,0.0,0.129,0.000,67.839,6.779,0.00
1786350067,bench_mixed,0.00,0.00,0.0,0.129,0.000,67.839,6.779,0.00
1786350072,bench_mixed,0.00,0.00,0.0,0.129,0.000,67.839,6.779,0.00
1786350077,bench_mixed,0.00,0.00,0.0,0.129,0.000,67.839,6.779,0.00
1786350082,bench_mixed,0.00,0.00,0.0,0.129,0.000,67.839,6.779,0.00
1786350087,bench_mixed,0.00,0.00,0.0,0.129,0.000,67.839,6.780,0.00
1786350092,bench_mixed,0.00,0.00,0.0,0.129,0.000,67.839,6.781,0.00
1786350097,bench_mixed,0.00,0.00,0.0,0.129,0.000,67.839,6.781,0.00
1786350102,bench_mixed,0.00,0.00,0.0,0.129,0.000,67.839,6.781,0.00
1786350107,bench_mixed,0.00,0.00,0.0,0.129,0.000,67.839,6.781,0.00
1786350112,bench_mixed,0.00,0.00,0.0,0.129,0.000,67.839,6.782,0.00
1786350117,bench_mixed,0.00,0.00,0.0,0.129,0.000,67.839,6.782,0.00
1786350122,bench_mixed,0.00,0.00,0.0,0.129,0.000,67.839,6.782,0.00
1786350127,bench_mixed,0.00,0.00,0.0,0.129,0.000,67.839,6.782,0.00
1786350132,bench_mixed,0.00,0.00,0.0,0.129,0.000,67.839,6.781,0.00
1786350137,bench_mixed,0.00,0.00,0.0,0.129,0.000,67.839,6.781,0.00
1786350142,bench_mixed,0.00,0.00,0.0,0.129,0.000,67.839,6.782,0.00
1786350147,bench_mixed,0.00,0.00,0.0,0.129,0.000,67.839,6.783,0.00
1786350152,bench_mixed,0.00,0.00,0.0,0.129,0.000,67.839,6.783,0.00
1786350157,bench_mixed,0.00,0.00,0.0,0.129,0.000,67.839,6.783,0.00
1786350162,bench_mixed,0.00,0.00,0.0,0.129,0.000,67.839,6.783,0.00
1786350168,bench_mixed,0.00,0.00,0.0,0.129,0.000,67.839,6.784,0.00
1786350173,bench_mixed,0.00,0.00,0.0,0.129,0.000,67.839,6.784,0.00
1786350178,bench_mixed,0.00,0.00,0.0,0.129,0.000,67.839,6.783,0.00
1786350183,bench_mixed,0.00,0.00,0.0,0.129,0.000,67.839,6.784,0.00
1786350188,bench_mixed,0.00,0.00,0.0,0.129,0.000,67.839,6.784,0.00
1786350193,bench_mixed,0.00,0.00,0.0,0.129,0.000,67.839,6.785,0.00
1786350198,bench_mixed,0.00,0.00,0.0,0.129,0.000,67.839,6.784,0.00
1786350203,bench_mixed,0.00,0.00,0.0,0.129,0.000,67.839,6.785,0.00
1786350208,bench_mixed,0.00,0.00,0.0,0.129,0.000,67.839,6.785,0.00
1786350213,bench_mixed,0.00,0.00,0.0,0.129,0.000,67.839,6.785,0.00
1786350218,bench_mixed,0.00,0.00,0.0,0.129,0.000,67.839,6.785,0.00
1786350223,bench_mixed,0.00,0.00,0.0,0.129,0.000,67.839,6.785,0.00
1786350228,bench_mixed,0.00,0.00,0.0,0.129,0.000,67.839,6.786,0.00
1786350233,bench_mixed,0.00,0.00,0.0,0.129,0.000,67.839,6.786,0.00
1786350238,bench_mixed,0.00,0.00,0.0,0.129,0.000,67.839,6.786,0.00
1786350243,bench_mixed,0.00,0.00,0.0,0.129,0.000,67.839,6.787,0.00
1786350248,bench_mixed,0.00,0.00,0.0,0.129,0.000,67.839,6.787,0.00
1786350253,bench_mixed,0.00,0.00,0.0,0.129,0.000,67.839,6.787,0.00
1786350258,bench_mixed,0.00,0.00,0.0,0.129,0.000,67.839,6.787,0.00
1786350263,bench_mixed,0.00,0.00,0.0,0.129,0.000,67.839,6.787,0.00
1786350269,bench_mixed,0.00,0.00,0.0,0.129,0.000,67.839,6.787,0.00
1786350274,bench_mixed,0.00,0.00,0.0,0.129,0.000,67.839,6.787,0.00
1786350279,bench_mixed,0.00,0.00,0.0,0.129,0.000,67.839,6.787,0.00
1786350284,bench_mixed,0.00,0.00,0.0,0.129,0.000,67.839,6.778,0.04
1786350289,bench_mixed,0.00,0.00,0.0,0.129,0.000,67.839,6.776,0.02
1786350294,bench_mixed,0.00,0.00,0.0,0.129,0.000,67.839,6.775,0.00
1786350299,bench_mixed,0.00,0.00,0.0,0.129,0.000,67.839,6.777,0.00
1786350304,bench_mixed,0.00,0.00,0.0,0.129,0.000,67.839,6.778,0.00
1786350309,bench_mixed,0.00,0.00,0.0,0.129,0.000,67.839,6.778,0.00
1786350314,bench_mixed,0.00,0.00,0.0,0.129,0.000,67.839,6.779,0.00
1786350319,bench_mixed,0.00,0.00,0.0,0.129,0.000,67.839,6.781,0.00
1786350324,bench_mixed,0.00,0.00,0.0,0.129,0.000,67.839,6.780,0.00
1786350329,bench_mixed,0.00,0.00,0.0,0.129,0.000,67.839,6.781,0.00
1786350334,bench_mixed,0.00,0.00,0.0,0.129,0.000,67.839,6.781,0.00
1786350339,bench_mixed,0.00,0.00,0.0,0.129,0.000,67.839,6.781,0.00
1786350344,bench_mixed,0.00,0.00,0.0,0.129,0.000,67.839,6.781,0.00
1786350349,bench_mixed,0.00,0.00,0.0,0.129,0.000,67.839,6.782,0.00
1786350354,bench_mixed,0.00,0.00,0.0,0.129,0.000,67.839,6.781,0.00
1786350359,bench_mixed,0.00,0.00,0.0,0.129,0.000,67.839,6.781,0.00
1786350364,bench_mixed,0.00,0.00,0.0,0.129,0.000,67.839,6.782,0.00
1786350370,bench_mixed,0.00,0.00,0.0,0.129,0.000,67.839,6.781,0.00
1786350375,bench_mixed,0.00,0.00,0.0,0.129,0.000,67.839,6.782,0.00
1786350380,bench_mixed,0.00,0.00,0.0,0.129,0.000,67.839,6.782,0.00
1786350385,bench_mixed,0.00,0.00,0.0,0.129,0.000,67.839,6.782,0.00
1786350390,bench_mixed,0.00,0.00,0.0,0.129,0.000,67.839,6.781,0.00
1786350395,bench_mixed,0.00,0.00,0.0,0.129,0.000,67.839,6.782,0.00
1786350400,bench_mixed,0.00,0.00,0.0,0.129,0.000,67.839,6.781,0.00
1786350405,bench_mixed,0.00,0.00,0.0,0.129,0.000,67.839,6.782,0.00
1786350410,bench_mixed,0.00,0.00,0.0,0.129,0.000,67.839,6.782,0.00
1786350415,bench_mixed,0.00,0.00,0.0,0.129,0.000,67.839,6.782,0.00
1786350420,bench_mixed,0.00,0.00,0.0,0.129,0.000,67.839,6.782,0.00
1786350425,bench_mixed,0.00,0.00,0.0,0.129,0.000,67.839,6.783,0.00
1786350430,bench_mixed,0.00,0.00,0.0,0.129,0.000,67.839,6.783,0.00
1786350435,bench_mixed,0.00,0.00,0.0,0.129,0.000,67.839,6.784,0.00
1786350440,bench_mixed,0.00,0.00,0.0,0.129,0.000,67.839,6.784,0.00
1786350445,bench_mixed,0.00,0.00,0.0,0.129,0.000,67.839,6.783,0.00
1786350450,bench_mixed,0.00,0.00,0.0,0.129,0.000,67.839,6.783,0.00
1786350455,bench_mixed,0.00,0.00,0.0,0.129,0.000,67.839,6.784,0.00
1786350460,bench_mixed,0.00,0.00,0.0,0.129,0.000,67.839,6.784,0.00
1786350466,bench_mixed,0.00,0.00,0.0,0.129,0.000,67.839,6.784,0.00
1786350471,bench_mixed,0.00,0.00,0.0,0.129,0.000,67.839,6.784,0.00
1786350476,bench_mixed,0.00,0.00,0.0,0.129,0.000,67.839,6.784,0.00
1786350481,bench_mixed,0.00,0.00,0.0,0.129,0.000,67.839,6.784,0.00
1786350486,bench_mixed,0.00,0.00,0.0,0.129,0.000,67.839,6.784,0.00
1786350491,bench_mixed,0.00,0.00,0.0,0.129,0.000,67.839,6.783,0.00
1786350496,bench_mixed,0.00,0.00,0.0,0.129,0.000,67.839,6.783,0.00
1786350501,bench_mixed,0.00,0.00,0.0,0.129,0.000,67.839,6.784,0.00
1786350506,bench_mixed,0.00,0.00,0.0,0.129,0.000,67.839,6.784,0.00
1786350511,bench_mixed,0.00,0.00,0.0,0.129,0.000,67.839,6.784,0.00
1786350516,bench_mixed,0.00,0.00,0.0,0.129,0.000,67.839,6.784,0.00
1786350521,bench_mixed,0.00,0.00,0.0,0.129,0.000,67.839,6.784,0.00
1786350526,bench_mixed,0.00,0.00,0.0,0.129,0.000,67.839,6.784,0.00
1786350531,bench_mixed,0.00,0.00,0.0,0.129,0.000,67.839,6.785,0.00
1786350536,bench_mixed,0.00,0.00,0.0,0.129,0.000,67.839,6.785,0.00
1786350541,bench_mixed,0.00,0.00,0.0,0.129,0.000,67.839,6.787,0.00
1786350546,bench_mixed,0.00,0.00,0.0,0.129,0.000,67.839,6.787,0.00
1786350551,bench_mixed,0.00,0.00,0.0,0.129,0.000,67.839,6.786,0.00
1786350556,bench_mixed,0.00,0.00,0.0,0.129,0.000,67.839,6.786,0.00
1786350561,bench_mixed,0.00,0.00,0.0,0.129,0.000,67.839,6.786,0.00
1786350567,bench_mixed,0.00,0.00,0.0,0.129,0.000,67.839,6.787,0.00
1786350572,bench_mixed,0.00,0.00,0.0,0.129,0.000,67.839,6.787,0.00
1786350577,bench_mixed,0.00,0.00,0.0,0.129,0.000,67.839,6.787,0.00
1786350582,bench_mixed,0.00,0.00,0.0,0.129,0.000,67.839,6.786,0.00
1786350587,bench_mixed,0.00,0.00,0.0,0.129,0.000,67.839,6.778,0.06
1786350592,bench_mixed,0.00,0.00,0.0,0.129,0.000,67.839,6.778,0.00
1786350597,bench_mixed,0.00,0.00,0.0,0.129,0.000,67.839,6.780,0.00
1786350602,bench_mixed,0.00,0.00,0.0,0.129,0.000,67.839,6.780,0.00
1786350607,bench_mixed,0.00,0.00,0.0,0.129,0.000,67.839,6.781,0.00
1786350612,bench_mixed,0.00,0.00,0.0,0.129,0.000,67.839,6.781,0.00
1786350617,bench_mixed,0.00,0.00,0.0,0.129,0.000,67.839,6.781,0.00
1786350622,bench_mixed,0.00,0.00,0.0,0.129,0.000,67.839,6.782,0.00
1786350627,bench_mixed,0.00,0.00,0.0,0.129,0.000,67.839,6.782,0.00
1786350632,bench_mixed,0.00,0.00,0.0,0.129,0.000,67.839,6.782,0.00
1786350637,bench_mixed,0.00,0.00,0.0,0.129,0.000,67.839,6.782,0.00
1786350642,bench_mixed,0.00,0.00,0.0,0.129,0.000,67.839,6.782,0.00
1786350647,bench_mixed,0.00,0.00,0.0,0.129,0.000,67.839,6.783,0.00
1786350652,bench_mixed,0.00,0.00,0.0,0.129,0.000,67.839,6.784,0.00
1786350657,bench_mixed,0.00,0.00,0.0,0.129,0.000,67.839,6.782,0.00
1786350663,bench_mixed,0.00,0.00,0.0,0.129,0.000,67.839,6.782,0.00
1786350668,bench_mixed,0.00,0.00,0.0,0.129,0.000,67.839,6.783,0.00
1786350673,bench_mixed,0.00,0.00,0.0,0.129,0.000,67.839,6.783,0.00
1786350678,bench_mixed,0.00,0.00,0.0,0.129,0.000,67.839,6.783,0.00
1786350683,bench_mixed,0.00,0.00,0.0,0.129,0.000,67.839,6.784,0.00
1786350688,bench_mixed,0.00,0.00,0.0,0.129,0.000,67.839,6.783,0.00
1786350693,bench_mixed,0.00,0.00,0.0,0.129,0.000,67.839,6.783,0.00
1786350698,bench_mixed,0.00,0.00,0.0,0.129,0.000,67.839,6.783,0.00
1786350703,bench_mixed,0.00,0.00,0.0,0.129,0.000,67.839,6.783,0.00
1786350708,bench_mixed,0.00,0.00,0.0,0.129,0.000,67.839,6.783,0.00
1786350713,bench_mixed,0.00,0.00,0.0,0.129,0.000,67.839,6.784,0.00
1786350718,bench_mixed,0.00,0.00,0.0,0.129,0.000,67.839,6.783,0.00
1786350723,bench_mixed,0.00,0.00,0.0,0.129,0.000,67.839,6.783,0.00
1786350728,bench_mixed,0.00,0.00,0.0,0.129,0.000,67.839,6.784,0.00
1786350733,bench_mixed,0.00,0.00,0.0,0.129,0.000,67.839,6.783,0.00
1786350738,bench_mixed,0.00,0.00,0.0,0.129,0.000,67.839,6.784,0.00
1786350743,bench_mixed,0.00,0.00,0.0,0.129,0.000,67.839,6.783,0.00
1786350748,bench_mixed,0.00,0.00,0.0,0.129,0.000,67.839,6.784,0.00
1786350753,bench_mixed,0.00,0.00,0.0,0.129,0.000,67.839,6.783,0.00
1786350758,bench_mixed,0.00,0.00,0.0,0.129,0.000,67.839,6.783,0.00
1786350764,bench_mixed,0.00,0.00,0.0,0.129,0.000,67.839,6.783,0.00
1786350769,bench_mixed,0.00,0.00,0.0,0.129,0.000,67.839,6.783,0.00
1786350774,bench_mixed,0.00,0.00,0.0,0.129,0.000,67.839,6.783,0.00
1786350779,bench_mixed,0.00,0.00,0.0,0.129,0.000,67.839,6.783,0.00
1786350784,bench_mixed,0.00,0.00,0.0,0.129,0.000,67.839,6.783,0.00
1786350789,bench_mixed,0.00,0.00,0.0,0.129,0.000,67.839,6.783,0.00
1786350794,bench_mixed,0.00,0.00,0.0,0.129,0.000,67.839,6.782,0.00
1786350799,bench_mixed,0.00,0.00,0.0,0.129,0.000,67.839,6.783,0.00
1786350804,bench_mixed,0.00,0.00,0.0,0.129,0.000,67.839,6.783,0.00
1786350809,bench_mixed,0.00,0.00,0.0,0.129,0.000,67.839,6.783,0.00
1786350814,bench_mixed,0.00,0.00,0.0,0.129,0.000,67.839,6.783,0.00
1786350819,bench_mixed,0.00,0.00,0.0,0.129,0.000,67.839,6.785,0.00
1786350824,bench_mixed,0.00,0.00,0.0,0.129,0.000,67.839,6.784,0.00
1786350829,bench_mixed,0.00,0.00,0.0,0.129,0.000,67.839,6.784,0.00
1786350834,bench_mixed,0.00,0.00,0.0,0.129,0.000,67.839,6.785,0.00
1786350839,bench_mixed,0.00,0.00,0.0,0.129,0.000,67.839,6.784,0.00
1786350844,bench_mixed,0.00,0.00,0.0,0.129,0.000,67.839,6.784,0.00
1786350849,bench_mixed,0.00,0.00,0.0,0.129,0.000,67.839,6.785,0.00
1786350854,bench_mixed,0.00,0.00,0.0,0.129,0.000,67.839,6.784,0.00
1786350860,bench_mixed,0.00,0.00,0.0,0.129,0.000,67.839,6.785,0.00
1786350865,bench_mixed,0.00,0.00,0.0,0.129,0.000,67.839,6.784,0.00
1786350870,bench_mixed,0.00,0.00,0.0,0.129,0.000,67.839,6.784,0.00
1786350875,bench_mixed,0.00,0.00,0.0,0.129,0.000,67.839,6.784,0.00
1786350880,bench_mixed,0.00,0.00,0.0,0.129,0.000,67.839,6.784,0.00
1786350885,bench_mixed,0.00,0.00,0.0,0.129,0.000,67.839,6.775,0.05
1786350890,bench_mixed,0.00,0.00,0.0,0.129,0.000,67.839,6.773,0.01
1786350895,bench_mixed,0.00,0.00,0.0,0.129,0.000,67.839,6.773,0.00
1786350900,bench_mixed,0.00,0.00,0.0,0.129,0.000,67.839,6.774,0.00
1786350905,bench_mixed,0.00,0.00,0.0,0.129,0.000,67.839,6.774,0.00
1786350910,bench_mixed,0.00,0.00,0.0,0.129,0.000,67.839,6.774,0.00
1786350915,bench_mixed,0.00,0.00,0.0,0.129,0.000,67.839,6.775,0.00
1786350920,bench_mixed,0.00,0.00,0.0,0.129,0.000,67.839,6.775,0.00
1786350925,bench_mixed,0.00,0.00,0.0,0.129,0.000,67.839,6.775,0.00
1786350930,bench_mixed,0.00,0.00,0.0,0.129,0.000,67.839,6.774,0.00
1786350935,bench_mixed,0.00,0.00,0.0,0.129,0.000,67.839,6.774,0.00
1786350940,bench_mixed,0.00,0.00,0.0,0.129,0.000,67.839,6.774,0.00
1786350945,bench_mixed,0.00,0.00,0.0,0.129,0.000,67.839,6.774,0.00
1786350950,bench_mixed,0.00,0.00,0.0,0.129,0.000,67.839,6.774,0.00
1786350956,bench_mixed,0.00,0.00,0.0,0.129,0.000,67.839,6.774,0.00
1786350961,bench_mixed,0.00,0.00,0.0,0.129,0.000,67.839,6.774,0.00
1786350966,bench_mixed,0.00,0.00,0.0,0.129,0.000,67.839,6.775,0.00
1786350971,bench_mixed,0.00,0.00,0.0,0.129,0.000,67.839,6.775,0.00
1786350976,bench_mixed,0.00,0.00,0.0,0.129,0.000,67.839,6.775,0.00
1786350981,bench_mixed,0.00,0.00,0.0,0.129,0.000,67.839,6.775,0.00
1786350986,bench_mixed,0.00,0.00,0.0,0.129,0.000,67.839,6.775,0.00
1786350991,bench_mixed,0.00,0.00,0.0,0.129,0.000,67.839,6.775,0.00
1786350996,bench_mixed,0.00,0.00,0.0,0.129,0.000,67.839,6.774,0.00
1786351001,bench_mixed,0.00,0.00,0.0,0.129,0.000,67.839,6.774,0.00
1786351006,bench_mixed,0.00,0.00,0.0,0.129,0.000,67.839,6.774,0.00
1786351011,bench_mixed,0.00,0.00,0.0,0.129,0.000,67.839,6.776,0.00
1786351016,bench_mixed,0.00,0.00,0.0,0.129,0.000,67.839,6.775,0.00
1786351021,bench_mixed,0.00,0.00,0.0,0.129,0.000,67.839,6.775,0.00
1786351026,bench_mixed,0.00,0.00,0.0,0.129,0.000,67.839,6.775,0.00
1786351031,bench_mixed,0.00,0.00,0.0,0.129,0.000,67.839,6.775,0.00
1786351036,bench_mixed,0.00,0.00,0.0,0.129,0.000,67.839,6.776,0.00
1786351041,bench_mixed,0.00,0.00,0.0,0.129,0.000,67.839,6.776,0.00
1786351046,bench_mixed,0.00,0.00,0.0,0.129,0.000,67.839,6.776,0.00
1786351052,bench_mixed,0.00,0.00,0.0,0.129,0.000,67.839,6.776,0.00
1786351057,bench_mixed,0.00,0.00,0.0,0.129,0.000,67.839,6.775,0.00
1786351062,bench_mixed,0.00,0.00,0.0,0.129,0.000,67.839,6.775,0.00
1786351067,bench_mixed,0.00,0.00,0.0,0.129,0.000,67.839,6.775,0.00
1786351072,bench_mixed,0.00,0.00,0.0,0.129,0.000,67.839,6.775,0.00
1786351077,bench_mixed,0.00,0.00,0.0,0.129,0.000,67.839,6.775,0.00
1786351082,bench_mixed,0.00,0.00,0.0,0.129,0.000,67.839,6.775,0.00
1786351087,bench_mixed,0.00,0.00,0.0,0.129,0.000,67.839,6.775,0.00
1786351092,bench_mixed,0.00,0.00,0.0,0.129,0.000,67.839,6.775,0.00
1786351097,bench_mixed,0.00,0.00,0.0,0.129,0.000,67.839,6.775,0.00
1786351102,bench_mixed,0.00,0.00,0.0,0.129,0.000,67.839,6.776,0.00
1786351107,bench_mixed,0.00,0.00,0.0,0.129,0.000,67.839,6.776,0.00
1786351112,bench_mixed,0.00,0.00,0.0,0.129,0.000,67.839,6.776,0.00
1786351117,bench_mixed,0.00,0.00,0.0,0.129,0.000,67.839,6.776,0.00
1786351122,bench_mixed,0.00,0.00,0.0,0.129,0.000,67.839,6.776,0.00
1786351127,bench_mixed,0.00,0.00,0.0,0.129,0.000,67.839,6.777,0.00
1786351132,bench_mixed,0.00,0.00,0.0,0.129,0.000,67.839,6.777,0.00
1786351137,bench_mixed,0.00,0.00,0.0,0.129,0.000,67.839,6.777,0.00
1786351142,bench_mixed,0.00,0.00,0.0,0.129,0.000,67.839,6.778,0.00
1786351148,bench_mixed,0.00,0.00,0.0,0.129,0.000,67.839,6.778,0.00
1786351153,bench_mixed,0.00,0.00,0.0,0.129,0.000,67.839,6.779,0.00
1786351158,bench_mixed,0.00,0.00,0.0,0.129,0.000,67.839,6.779,0.00
1786351163,bench_mixed,0.00,0.00,0.0,0.129,0.000,67.839,6.780,0.00
1786351168,bench_mixed,0.00,0.00,0.0,0.129,0.000,67.839,6.780,0.00
1786351173,bench_mixed,0.00,0.00,0.0,0.129,0.000,67.839,6.780,0.00
1786351178,bench_mixed,0.00,0.00,0.0,0.129,0.000,67.839,6.780,0.00
1786351183,bench_mixed,0.00,0.00,0.0,0.129,0.000,67.839,6.780,0.00
1786351188,bench_mixed,0.00,0.00,0.0,0.129,0.000,67.839,6.775,0.05
1786351193,bench_mixed,0.00,0.00,0.0,0.129,0.000,67.839,6.775,0.00
1786351198,bench_mixed,0.00,0.00,0.0,0.129,0.000,67.839,6.775,0.00
1786351203,bench_mixed,0.00,0.00,0.0,0.129,0.000,67.839,6.776,0.00
1786351208,bench_mixed,0.00,0.00,0.0,0.129,0.000,67.839,6.776,0.00
1786351213,bench_mixed,0.00,0.00,0.0,0.129,0.000,67.839,6.776,0.00
1786351218,bench_mixed,0.00,0.00,0.0,0.129,0.000,67.839,6.776,0.00
1786351223,bench_mixed,0.00,0.00,0.0,0.129,0.000,67.839,6.776,0.00
1786351228,bench_mixed,0.00,0.00,0.0,0.129,0.000,67.839,6.776,0.00
1786351233,bench_mixed,0.00,0.00,0.0,0.129,0.000,67.839,6.776,0.00
1786351238,bench_mixed,0.00,0.00,0.0,0.129,0.000,67.839,6.776,0.00
1786351244,bench_mixed,0.00,0.00,0.0,0.129,0.000,67.839,6.776,0.00
1786351249,bench_mixed,0.00,0.00,0.0,0.129,0.000,67.839,6.776,0.00
1786351254,bench_mixed,0.00,0.00,0.0,0.129,0.000,67.839,6.776,0.00
1786351259,bench_mixed,0.00,0.00,0.0,0.129,0.000,67.839,6.776,0.00
1786351264,bench_mixed,0.00,0.00,0.0,0.129,0.000,67.839,6.777,0.00
1786351269,bench_mixed,0.00,0.00,0.0,0.129,0.000,67.839,6.778,0.00
1786351274,bench_mixed,0.00,0.00,0.0,0.129,0.000,67.839,6.778,0.00
1786351279,bench_mixed,0.00,0.00,0.0,0.129,0.000,67.839,6.778,0.00
1786351284,bench_mixed,0.00,0.00,0.0,0.129,0.000,67.839,6.777,0.00
1786351289,bench_mixed,0.00,0.00,0.0,0.129,0.000,67.839,6.778,0.00
1786351294,bench_mixed,0.00,0.00,0.0,0.129,0.000,67.839,6.778,0.00
1786351299,bench_mixed,0.00,0.00,0.0,0.129,0.000,67.839,6.778,0.00
1786351304,bench_mixed,0.00,0.00,0.0,0.129,0.000,67.839,6.780,0.00
1786351309,bench_mixed,0.00,0.00,0.0,0.129,0.000,67.839,6.779,0.00
1786351314,bench_mixed,0.00,0.00,0.0,0.129,0.000,67.839,6.778,0.00
1786351319,bench_mixed,0.00,0.00,0.0,0.129,0.000,67.839,6.778,0.00
1786351324,bench_mixed,0.00,0.00,0.0,0.129,0.000,67.839,6.778,0.00
1786351329,bench_mixed,0.00,0.00,0.0,0.129,0.000,67.839,6.778,0.00
1786351334,bench_mixed,0.00,0.00,0.0,0.129,0.000,67.839,6.778,0.00
1786351340,bench_mixed,0.00,0.00,0.0,0.129,0.000,67.839,6.777,0.00
1786351345,bench_mixed,0.00,0.00,0.0,0.129,0.000,67.839,6.777,0.00
1786351350,bench_mixed,0.00,0.00,0.0,0.129,0.000,67.839,6.778,0.00
1786351355,bench_mixed,0.00,0.00,0.0,0.129,0.000,67.839,6.777,0.00
1786351360,bench_mixed,0.00,0.00,0.0,0.129,0.000,67.839,6.778,0.00
1786351365,bench_mixed,0.00,0.00,0.0,0.129,0.000,67.839,6.778,0.00
1786351370,bench_mixed,0.00,0.00,0.0,0.129,0.000,67.839,6.778,0.00
1786351375,bench_mixed,0.00,0.00,0.0,0.129,0.000,67.839,6.778,0.00
1786351380,bench_mixed,0.00,0.00,0.0,0.129,0.000,67.839,6.777,0.00
1786351385,bench_mixed,0.00,0.00,0.0,0.129,0.000,67.839,6.778,0.00
1786351390,bench_mixed,0.00,0.00,0.0,0.129,0.000,67.839,6.778,0.00
1786351395,bench_mixed,0.00,0.00,0.0,0.129,0.000,67.839,6.778,0.00
1786351400,bench_mixed,0.00,0.00,0.0,0.129,0.000,67.839,6.778,0.00
1786351405,bench_mixed,0.00,0.00,0.0,0.129,0.000,67.839,6.777,0.00
1786351410,bench_mixed,0.00,0.00,0.0,0.129,0.000,67.839,6.777,0.00
1786351415,bench_mixed,0.00,0.00,0.0,0.129,0.000,67.839,6.778,0.00
1786351420,bench_mixed,0.00,0.00,0.0,0.129,0.000,67.839,6.778,0.00
1786351425,bench_mixed,0.00,0.00,0.0,0.129,0.000,67.839,6.777,0.00
1786351430,bench_mixed,0.00,0.00,0.0,0.129,0.000,67.839,6.777,0.00
1786351436,bench_mixed,0.00,0.00,0.0,0.129,0.000,67.839,6.777,0.00
1786351441,bench_mixed,0.00,0.00,0.0,0.129,0.000,67.839,6.777,0.00
1786351446,bench_mixed,0.00,0.00,0.0,0.129,0.000,67.839,6.777,0.00
1786351451,bench_mixed,0.00,0.00,0.0,0.129,0.000,67.839,6.778,0.00
1786351456,bench_mixed,0.00,0.00,0.0,0.129,0.000,67.839,6.778,0.00
1786351461,bench_mixed,0.00,0.00,0.0,0.129,0.000,67.839,6.778,0.00
1786351466,bench_mixed,0.00,0.00,0.0,0.129,0.000,67.839,6.778,0.00
1786351471,bench_mixed,0.00,0.00,0.0,0.129,0.000,67.839,6.778,0.00
1786351476,bench_mixed,0.00,0.00,0.0,0.129,0.000,67.839,6.777,0.00
1786351481,bench_mixed,0.00,0.00,0.0,0.129,0.000,67.839,6.777,0.00
1786351486,bench_mixed,0.00,0.00,0.0,0.129,0.000,67.839,6.771,0.06
1786351491,bench_mixed,0.00,0.00,0.0,0.129,0.000,67.839,6.771,0.00
1786351496,bench_mixed,0.00,0.00,0.0,0.129,0.000,67.839,6.771,0.00
1786351501,bench_mixed,0.00,0.00,0.0,0.129,0.000,67.839,6.771,0.00
1786351506,bench_mixed,0.00,0.00,0.0,0.129,0.000,67.839,6.772,0.00
1786351511,bench_mixed,0.00,0.00,0.0,0.129,0.000,67.839,6.772,0.00
1786351516,bench_mixed,0.00,0.00,0.0,0.129,0.000,67.839,6.773,0.00
1786351521,bench_mixed,0.00,0.00,0.0,0.129,0.000,67.839,6.773,0.00
1786351526,bench_mixed,0.00,0.00,0.0,0.129,0.000,67.839,6.773,0.00
1786351532,bench_mixed,0.00,0.00,0.0,0.129,0.000,67.839,6.774,0.00
1786351537,bench_mixed,0.00,0.00,0.0,0.129,0.000,67.839,6.773,0.00
1786351542,bench_mixed,0.00,0.00,0.0,0.129,0.000,67.839,6.773,0.00
1786351547,bench_mixed,0.00,0.00,0.0,0.129,0.000,67.839,6.774,0.00
1786351552,bench_mixed,0.00,0.00,0.0,0.129,0.000,67.839,6.774,0.00
1786351557,bench_mixed,0.00,0.00,0.0,0.129,0.000,67.839,6.774,0.00
1786351562,bench_mixed,0.00,0.00,0.0,0.129,0.000,67.839,6.775,0.00
1786351567,bench_mixed,0.00,0.00,0.0,0.129,0.000,67.839,6.776,0.00
1786351572,bench_mixed,0.00,0.00,0.0,0.129,0.000,67.839,6.776,0.00
1786351577,bench_mixed,0.00,0.00,0.0,0.129,0.000,67.839,6.775,0.00
1786351582,bench_mixed,0.00,0.00,0.0,0.129,0.000,67.839,6.775,0.00
1786351587,bench_mixed,0.00,0.00,0.0,0.129,0.000,67.839,6.775,0.00
1786351592,bench_mixed,0.00,0.00,0.0,0.129,0.000,67.839,6.775,0.00
1786351597,bench_mixed,0.00,0.00,0.0,0.129,0.000,67.839,6.774,0.00
1786351602,bench_mixed,0.00,0.00,0.0,0.129,0.000,67.839,6.775,0.00
1786351607,bench_mixed,0.00,0.00,0.0,0.129,0.000,67.839,6.775,0.00
1786351612,bench_mixed,0.00,0.00,0.0,0.129,0.000,67.839,6.775,0.00
1786351617,bench_mixed,0.00,0.00,0.0,0.129,0.000,67.839,6.775,0.00
1786351622,bench_mixed,0.00,0.00,0.0,0.129,0.000,67.839,6.775,0.00
1786351628,bench_mixed,0.00,0.00,0.0,0.129,0.000,67.839,6.775,0.00
1786351633,bench_mixed,0.00,0.00,0.0,0.129,0.000,67.839,6.775,0.00
1786351638,bench_mixed,0.00,0.00,0.0,0.129,0.000,67.839,6.775,0.00
1786351643,bench_mixed,0.00,0.00,0.0,0.129,0.000,67.839,6.776,0.00
1786351648,bench_mixed,0.00,0.00,0.0,0.129,0.000,67.839,6.776,0.00
1786351653,bench_mixed,0.00,0.00,0.0,0.129,0.000,67.839,6.776,0.00
1786351658,bench_mixed,0.00,0.00,0.0,0.129,0.000,67.839,6.776,0.00
1786351663,bench_mixed,0.00,0.00,0.0,0.129,0.000,67.839,6.776,0.00
1786351668,bench_mixed,0.00,0.00,0.0,0.129,0.000,67.839,6.776,0.00
1786351673,bench_mixed,0.00,0.00,0.0,0.129,0.000,67.839,6.775,0.00
1786351678,bench_mixed,0.00,0.00,0.0,0.129,0.000,67.839,6.775,0.00
1786351683,bench_mixed,0.00,0.00,0.0,0.129,0.000,67.839,6.775,0.00
1786351688,bench_mixed,0.00,0.00,0.0,0.129,0.000,67.839,6.775,0.00
1786351693,bench_mixed,0.00,0.00,0.0,0.129,0.000,67.839,6.775,0.00
1786351698,bench_mixed,0.00,0.00,0.0,0.129,0.000,67.839,6.776,0.00
1786351703,bench_mixed,0.00,0.00,0.0,0.129,0.000,67.839,6.776,0.00
1786351708,bench_mixed,0.00,0.00,0.0,0.129,0.000,67.839,6.776,0.00
1786351713,bench_mixed,0.00,0.00,0.0,0.129,0.000,67.839,6.777,0.00
1786351718,bench_mixed,0.00,0.00,0.0,0.129,0.000,67.839,6.777,0.00
1786351724,bench_mixed,0.00,0.00,0.0,0.129,0.000,67.839,6.777,0.00
1786351729,bench_mixed,0.00,0.00,0.0,0.129,0.000,67.839,6.777,0.00
1786351734,bench_mixed,0.00,0.00,0.0,0.129,0.000,67.839,6.776,0.00
1786351739,bench_mixed,0.00,0.00,0.0,0.129,0.000,67.839,6.776,0.00
1786351744,bench_mixed,0.00,0.00,0.0,0.129,0.000,67.839,6.776,0.00
1786351749,bench_mixed,0.00,0.00,0.0,0.129,0.000,67.839,6.776,0.00
1786351754,bench_mixed,0.00,0.00,0.0,0.129,0.000,67.839,6.776,0.00
1786351759,bench_mixed,0.00,0.00,0.0,0.129,0.000,67.839,6.777,0.00
1786351764,bench_mixed,0.00,0.00,0.0,0.129,0.000,67.839,6.777,0.00
1786351769,bench_mixed,0.00,0.00,0.0,0.129,0.000,67.839,6.780,0.00
1786351774,bench_mixed,0.00,0.00,0.0,0.129,0.000,67.839,6.779,0.00
1786351779,bench_mixed,0.00,0.00,0.0,0.129,0.000,67.839,6.780,0.00
1786351784,bench_mixed,0.00,0.00,0.0,0.129,0.000,67.839,6.775,0.04
1786351789,bench_mixed,0.00,0.00,0.0,0.129,0.000,67.839,6.774,0.02
1786351794,bench_mixed,0.00,0.00,0.0,0.129,0.000,67.839,6.774,0.00
1786351799,bench_mixed,0.00,0.00,0.0,0.129,0.000,67.839,6.774,0.00
1786351804,bench_mixed,0.00,0.00,0.0,0.129,0.000,67.839,6.774,0.00
1786351809,bench_mixed,0.00,0.00,0.0,0.129,0.000,67.839,6.774,0.00
1786351814,bench_mixed,0.00,0.00,0.0,0.129,0.000,67.839,6.773,0.00
1786351820,bench_mixed,0.00,0.00,0.0,0.129,0.000,67.839,6.774,0.00
1786351825,bench_mixed,0.00,0.00,0.0,0.129,0.000,67.839,6.773,0.00
1786351830,bench_mixed,0.00,0.00,0.0,0.129,0.000,67.839,6.773,0.00
1786351835,bench_mixed,0.00,0.00,0.0,0.129,0.000,67.839,6.773,0.00
1786351840,bench_mixed,0.00,0.00,0.0,0.129,0.000,67.839,6.773,0.00
1786351845,bench_mixed,0.00,0.00,0.0,0.129,0.000,67.839,6.773,0.00
1786351850,bench_mixed,0.00,0.00,0.0,0.129,0.000,67.839,6.773,0.00
1786351855,bench_mixed,0.00,0.00,0.0,0.129,0.000,67.839,6.773,0.00
1786351860,bench_mixed,0.00,0.00,0.0,0.129,0.000,67.839,6.772,0.00
1786351865,bench_mixed,0.00,0.00,0.0,0.129,0.000,67.839,6.772,0.00
1786351870,bench_mixed,0.00,0.00,0.0,0.129,0.000,67.839,6.772,0.00
1786351875,bench_mixed,0.00,0.00,0.0,0.129,0.000,67.839,6.772,0.00
1786351880,bench_mixed,0.00,0.00,0.0,0.129,0.000,67.839,6.772,0.00
1786351885,bench_mixed,0.00,0.00,0.0,0.129,0.000,67.839,6.773,0.00
1786351890,bench_mixed,0.00,0.00,0.0,0.129,0.000,67.839,6.773,0.00
1786351895,bench_mixed,0.00,0.00,0.0,0.129,0.000,67.839,6.772,0.00
1786351900,bench_mixed,0.00,0.00,0.0,0.129,0.000,67.839,6.772,0.00
1786351905,bench_mixed,0.00,0.00,0.0,0.129,0.000,67.839,6.772,0.00
1786351910,bench_mixed,0.00,0.00,0.0,0.129,0.000,67.839,6.773,0.00
1786351915,bench_mixed,0.00,0.00,0.0,0.129,0.000,67.839,6.773,0.00
1786351921,bench_mixed,0.00,0.00,0.0,0.129,0.000,67.839,6.773,0.00
1786351926,bench_mixed,0.00,0.00,0.0,0.129,0.000,67.839,6.774,0.00
1786351931,bench_mixed,0.00,0.00,0.0,0.129,0.000,67.839,6.776,0.00
1786351936,bench_mixed,0.00,0.00,0.0,0.129,0.000,67.839,6.776,0.00
1786351941,bench_mixed,0.00,0.00,0.0,0.129,0.000,67.839,6.777,0.00
1786351946,bench_mixed,0.00,0.00,0.0,0.129,0.000,67.839,6.777,0.00
1786351951,bench_mixed,0.00,0.00,0.0,0.129,0.000,67.839,6.777,0.00
1786351956,bench_mixed,0.00,0.00,0.0,0.129,0.000,67.839,6.777,0.00
1786351961,bench_mixed,0.00,0.00,0.0,0.129,0.000,67.839,6.777,0.00
1786351966,bench_mixed,0.00,0.00,0.0,0.129,0.000,67.839,6.777,0.00
1786351971,bench_mixed,0.00,0.00,0.0,0.129,0.000,67.839,6.778,0.00
1786351976,bench_mixed,0.00,0.00,0.0,0.129,0.000,67.839,6.777,0.00
1786351981,bench_mixed,0.00,0.00,0.0,0.129,0.000,67.839,6.777,0.00
1786351986,bench_mixed,0.00,0.00,0.0,0.129,0.000,67.839,6.777,0.00
1786351991,bench_mixed,0.00,0.00,0.0,0.129,0.000,67.839,6.777,0.00
1786351996,bench_mixed,0.00,0.00,0.0,0.129,0.000,67.839,6.777,0.00
1786352001,bench_mixed,0.00,0.00,0.0,0.129,0.000,67.839,6.778,0.00
1786352006,bench_mixed,0.00,0.00,0.0,0.129,0.000,67.839,6.777,0.00
1786352011,bench_mixed,0.00,0.00,0.0,0.129,0.000,67.839,6.778,0.00
1786352017,bench_mixed,0.00,0.00,0.0,0.129,0.000,67.839,6.778,0.00
1786352022,bench_mixed,0.00,0.00,0.0,0.129,0.000,67.839,6.777,0.00
1786352027,bench_mixed,0.00,0.00,0.0,0.129,0.000,67.839,6.778,0.00
1786352032,bench_mixed,0.00,0.00,0.0,0.129,0.000,67.839,6.779,0.00
1786352037,bench_mixed,0.00,0.00,0.0,0.129,0.000,67.839,6.780,0.00
1786352042,bench_mixed,0.00,0.00,0.0,0.129,0.000,67.839,6.779,0.00
1786352047,bench_mixed,0.00,0.00,0.0,0.129,0.000,67.839,6.779,0.00
1786352052,bench_mixed,0.00,0.00,0.0,0.129,0.000,67.839,6.779,0.00
1786352057,bench_mixed,0.00,0.00,0.0,0.129,0.000,67.839,6.779,0.00
1786352062,bench_mixed,0.00,0.00,0.0,0.129,0.000,67.839,6.780,0.00
1786352067,bench_mixed,0.00,0.00,0.0,0.129,0.000,67.839,6.780,0.00
1786352072,bench_mixed,0.00,0.00,0.0,0.129,0.000,67.839,6.779,0.00
1786352077,bench_mixed,0.00,0.00,0.0,0.129,0.000,67.839,6.780,0.00
1786352082,bench_mixed,0.00,0.00,0.0,0.129,0.000,67.839,6.781,0.00
1786352087,bench_mixed,0.00,0.00,0.0,0.129,0.000,67.839,6.771,0.06
1786352092,bench_mixed,0.00,0.00,0.0,0.129,0.000,67.839,6.771,0.00
1786352097,bench_mixed,0.00,0.00,0.0,0.129,0.000,67.839,6.771,0.00
1786352102,bench_mixed,0.00,0.00,0.0,0.129,0.000,67.839,6.772,0.00
1786352107,bench_mixed,0.00,0.00,0.0,0.129,0.000,67.839,6.773,0.00
1786352113,bench_mixed,0.00,0.00,0.0,0.129,0.000,67.839,6.774,0.00
1786352118,bench_mixed,0.00,0.00,0.0,0.129,0.000,67.839,6.774,0.00
1786352123,bench_mixed,0.00,0.00,0.0,0.129,0.000,67.839,6.773,0.00
1786352128,bench_mixed,0.00,0.00,0.0,0.129,0.000,67.839,6.773,0.00
1786352133,bench_mixed,0.00,0.00,0.0,0.129,0.000,67.839,6.773,0.00
1786352138,bench_mixed,0.00,0.00,0.0,0.129,0.000,67.839,6.773,0.00
1786352143,bench_mixed,0.00,0.00,0.0,0.129,0.000,67.839,6.773,0.00
1786352148,bench_mixed,0.00,0.00,0.0,0.129,0.000,67.839,6.773,0.00
1786352153,bench_mixed,0.00,0.00,0.0,0.129,0.000,67.839,6.773,0.00
1786352158,bench_mixed,0.00,0.00,0.0,0.129,0.000,67.839,6.774,0.00
1786352163,bench_mixed,0.00,0.00,0.0,0.129,0.000,67.839,6.774,0.00
1786352168,bench_mixed,0.00,0.00,0.0,0.129,0.000,67.839,6.774,0.00
1786352173,bench_mixed,0.00,0.00,0.0,0.129,0.000,67.839,6.774,0.00
1786352178,bench_mixed,0.00,0.00,0.0,0.129,0.000,67.839,6.774,0.00
1786352183,bench_mixed,0.00,0.00,0.0,0.129,0.000,67.839,6.774,0.00
1786352188,bench_mixed,0.00,0.00,0.0,0.129,0.000,67.839,6.774,0.00
1786352193,bench_mixed,0.00,0.00,0.0,0.129,0.000,67.839,6.774,0.00
1786352198,bench_mixed,0.00,0.00,0.0,0.129,0.000,67.839,6.774,0.00
1786352203,bench_mixed,0.00,0.00,0.0,0.129,0.000,67.839,6.774,0.00
1786352209,bench_mixed,0.00,0.00,0.0,0.129,0.000,67.839,6.774,0.00
1786352214,bench_mixed,0.00,0.00,0.0,0.129,0.000,67.839,6.774,0.00
1786352219,bench_mixed,0.00,0.00,0.0,0.129,0.000,67.839,6.774,0.00
1786352224,bench_mixed,0.00,0.00,0.0,0.129,0.000,67.839,6.774,0.00
1786352229,bench_mixed,0.00,0.00,0.0,0.129,0.000,67.839,6.774,0.00
1786352234,bench_mixed,0.00,0.00,0.0,0.129,0.000,67.839,6.775,0.00
1786352239,bench_mixed,0.00,0.00,0.0,0.129,0.000,67.839,6.774,0.00
1786352244,bench_mixed,0.00,0.00,0.0,0.129,0.000,67.839,6.775,0.00
1786352249,bench_mixed,0.00,0.00,0.0,0.129,0.000,67.839,6.774,0.00
1786352254,bench_mixed,0.00,0.00,0.0,0.129,0.000,67.839,6.774,0.00
1786352259,bench_mixed,0.00,0.00,0.0,0.129,0.000,67.839,6.774,0.00
1786352264,bench_mixed,0.00,0.00,0.0,0.129,0.000,67.839,6.774,0.00
1786352269,bench_mixed,0.00,0.00,0.0,0.129,0.000,67.839,6.774,0.00
1786352274,bench_mixed,0.00,0.00,0.0,0.129,0.000,67.839,6.774,0.00
1786352279,bench_mixed,0.00,0.00,0.0,0.129,0.000,67.839,6.774,0.00
1786352284,bench_mixed,0.00,0.00,0.0,0.129,0.000,67.839,6.774,0.00
1786352289,bench_mixed,0.00,0.00,0.0,0.129,0.000,67.839,6.775,0.00
1786352294,bench_mixed,0.00,0.00,0.0,0.129,0.000,67.839,6.775,0.00
1786352299,bench_mixed,0.00,0.00,0.0,0.129,0.000,67.839,6.775,0.00
1786352305,bench_mixed,0.00,0.00,0.0,0.129,0.000,67.839,6.774,0.00
1786352310,bench_mixed,0.00,0.00,0.0,0.129,0.000,67.839,6.774,0.00
1786352315,bench_mixed,0.00,0.00,0.0,0.129,0.000,67.839,6.774,0.00
1786352320,bench_mixed,0.00,0.00,0.0,0.129,0.000,67.839,6.775,0.00
1786352325,bench_mixed,0.00,0.00,0.0,0.129,0.000,67.839,6.775,0.00
1786352330,bench_mixed,0.00,0.00,0.0,0.129,0.000,67.839,6.774,0.00
1786352335,bench_mixed,0.00,0.00,0.0,0.129,0.000,67.839,6.773,0.00
1786352340,bench_mixed,0.00,0.00,0.0,0.129,0.000,67.839,6.774,0.00
1786352345,bench_mixed,0.00,0.00,0.0,0.129,0.000,67.839,6.774,0.00
1786352350,bench_mixed,0.00,0.00,0.0,0.129,0.000,67.839,6.776,0.00
1786352355,bench_mixed,0.00,0.00,0.0,0.129,0.000,67.839,6.775,0.00
1786352360,bench_mixed,0.00,0.00,0.0,0.129,0.000,67.839,6.775,0.00
1786352365,bench_mixed,0.00,0.00,0.0,0.129,0.000,67.839,6.775,0.00
1786352370,bench_mixed,0.00,0.00,0.0,0.129,0.000,67.839,6.775,0.00
1786352375,bench_mixed,0.00,0.00,0.0,0.129,0.000,67.839,6.775,0.00
1786352380,bench_mixed,0.00,0.00,0.0,0.129,0.000,67.839,6.775,0.00
1786352385,bench_mixed,0.00,0.00,0.0,0.129,0.000,67.839,6.771,0.05
1786352390,bench_mixed,0.00,0.00,0.0,0.129,0.000,67.839,6.770,0.00
1786352395,bench_mixed,0.00,0.00,0.0,0.129,0.000,67.839,6.769,0.00
1786352401,bench_mixed,0.00,0.00,0.0,0.129,0.000,67.839,6.770,0.00
1786352406,bench_mixed,0.00,0.00,0.0,0.129,0.000,67.839,6.770,0.00
1786352411,bench_mixed,0.00,0.00,0.0,0.129,0.000,67.839,6.770,0.00
1786352416,bench_mixed,0.00,0.00,0.0,0.129,0.000,67.839,6.771,0.00
1786352421,bench_mixed,0.00,0.00,0.0,0.129,0.000,67.839,6.771,0.00
1786352426,bench_mixed,0.00,0.00,0.0,0.129,0.000,67.839,6.771,0.00
1786352431,bench_mixed,0.00,0.00,0.0,0.129,0.000,67.839,6.771,0.00
1786352436,bench_mixed,0.00,0.00,0.0,0.129,0.000,67.839,6.771,0.00
1786352441,bench_mixed,0.00,0.00,0.0,0.129,0.000,67.839,6.771,0.00
1786352446,bench_mixed,0.00,0.00,0.0,0.129,0.000,67.839,6.771,0.00
1786352451,bench_mixed,0.00,0.00,0.0,0.129,0.000,67.839,6.771,0.00
1786352456,bench_mixed,0.00,0.00,0.0,0.129,0.000,67.839,6.771,0.00
1786352461,bench_mixed,0.00,0.00,0.0,0.129,0.000,67.839,6.771,0.00
1786352466,bench_mixed,0.00,0.00,0.0,0.129,0.000,67.839,6.771,0.00
1786352471,bench_mixed,0.00,0.00,0.0,0.129,0.000,67.839,6.771,0.00
1786352476,bench_mixed,0.00,0.00,0.0,0.129,0.000,67.839,6.771,0.00
1786352481,bench_mixed,0.00,0.00,0.0,0.129,0.000,67.839,6.771,0.00
1786352486,bench_mixed,0.00,0.00,0.0,0.129,0.000,67.839,6.771,0.00
1786352491,bench_mixed,0.00,0.00,0.0,0.129,0.000,67.839,6.771,0.00
1786352497,bench_mixed,0.00,0.00,0.0,0.129,0.000,67.839,6.771,0.00
1786352502,bench_mixed,0.00,0.00,0.0,0.129,0.000,67.839,6.771,0.00
1786352507,bench_mixed,0.00,0.00,0.0,0.129,0.000,67.839,6.771,0.00
1786352512,bench_mixed,0.00,0.00,0.0,0.129,0.000,67.839,6.771,0.00
1786352517,bench_mixed,0.00,0.00,0.0,0.129,0.000,67.839,6.772,0.00
1786352522,bench_mixed,0.00,0.00,0.0,0.129,0.000,67.839,6.772,0.00
1786352527,bench_mixed,0.00,0.00,0.0,0.129,0.000,67.839,6.772,0.00
1786352532,bench_mixed,0.00,0.00,0.0,0.129,0.000,67.839,6.771,0.00
1786352537,bench_mixed,0.00,0.00,0.0,0.129,0.000,67.839,6.771,0.00
1786352542,bench_mixed,0.00,0.00,0.0,0.129,0.000,67.839,6.771,0.00
1786352547,bench_mixed,0.00,0.00,0.0,0.129,0.000,67.839,6.771,0.00
1786352552,bench_mixed,0.00,0.00,0.0,0.129,0.000,67.839,6.771,0.00
1786352557,bench_mixed,0.00,0.00,0.0,0.129,0.000,67.839,6.772,0.00
1786352562,bench_mixed,0.00,0.00,0.0,0.129,0.000,67.839,6.772,0.00
1786352567,bench_mixed,0.00,0.00,0.0,0.129,0.000,67.839,6.772,0.00
1786352572,bench_mixed,0.00,0.00,0.0,0.129,0.000,67.839,6.771,0.00
1786352577,bench_mixed,0.00,0.00,0.0,0.129,0.000,67.839,6.771,0.00
1786352582,bench_mixed,0.00,0.00,0.0,0.129,0.000,67.839,6.771,0.00
1786352587,bench_mixed,0.00,0.00,0.0,0.129,0.000,67.839,6.771,0.00
1786352593,bench_mixed,0.00,0.00,0.0,0.129,0.000,67.839,6.771,0.00
1786352598,bench_mixed,0.00,0.00,0.0,0.129,0.000,67.839,6.771,0.00
1786352603,bench_mixed,0.00,0.00,0.0,0.129,0.000,67.839,6.771,0.00
1786352608,bench_mixed,0.00,0.00,0.0,0.129,0.000,67.839,6.771,0.00
1786352613,bench_mixed,0.00,0.00,0.0,0.129,0.000,67.839,6.771,0.00
1786352618,bench_mixed,0.00,0.00,0.0,0.129,0.000,67.839,6.771,0.00
1786352623,bench_mixed,0.00,0.00,0.0,0.129,0.000,67.839,6.771,0.00
1786352628,bench_mixed,0.00,0.00,0.0,0.129,0.000,67.839,6.772,0.00
1786352633,bench_mixed,0.00,0.00,0.0,0.129,0.000,67.839,6.772,0.00
1786352638,bench_mixed,0.00,0.00,0.0,0.129,0.000,67.839,6.773,0.00
1786352643,bench_mixed,0.00,0.00,0.0,0.129,0.000,67.839,6.773,0.00
1786352648,bench_mixed,0.00,0.00,0.0,0.129,0.000,67.839,6.773,0.00
1786352653,bench_mixed,0.00,0.00,0.0,0.129,0.000,67.839,6.772,0.00
1786352658,bench_mixed,0.00,0.00,0.0,0.129,0.000,67.839,6.772,0.00
1786352663,bench_mixed,0.00,0.00,0.0,0.129,0.000,67.839,6.772,0.00
1786352668,bench_mixed,0.00,0.00,0.0,0.129,0.000,67.839,6.772,0.00
1786352673,bench_mixed,0.00,0.00,0.0,0.129,0.000,67.839,6.773,0.00
1786352678,bench_mixed,0.00,0.00,0.0,0.129,0.000,67.839,6.773,0.00
1786352683,bench_mixed,0.00,0.00,0.0,0.129,0.000,67.839,6.770,0.03
1786352688,bench_mixed,0.00,0.00,0.0,0.129,0.000,67.839,6.767,0.03
1786352694,bench_mixed,0.00,0.00,0.0,0.129,0.000,67.839,6.767,0.00
1786352699,bench_mixed,0.00,0.00,0.0,0.129,0.000,67.839,6.767,0.00
1786352704,bench_mixed,0.00,0.00,0.0,0.129,0.000,67.839,6.768,0.00
1786352709,bench_mixed,0.00,0.00,0.0,0.129,0.000,67.839,6.767,0.00
1786352714,bench_mixed,0.00,0.00,0.0,0.129,0.000,67.839,6.768,0.00
1786352719,bench_mixed,0.00,0.00,0.0,0.129,0.000,67.839,6.768,0.00
1786352724,bench_mixed,0.00,0.00,0.0,0.129,0.000,67.839,6.767,0.00
1786352729,bench_mixed,0.00,0.00,0.0,0.129,0.000,67.839,6.767,0.00
1786352734,bench_mixed,0.00,0.00,0.0,0.129,0.000,67.839,6.768,0.00
1786352739,bench_mixed,0.00,0.00,0.0,0.129,0.000,67.839,6.768,0.00
1786352744,bench_mixed,0.00,0.00,0.0,0.129,0.000,67.839,6.768,0.00
1786352749,bench_mixed,0.00,0.00,0.0,0.129,0.000,67.839,6.768,0.00
1786352754,bench_mixed,0.00,0.00,0.0,0.129,0.000,67.839,6.768,0.00
1786352759,bench_mixed,0.00,0.00,0.0,0.129,0.000,67.839,6.768,0.00
1786352764,bench_mixed,0.00,0.00,0.0,0.129,0.000,67.839,6.768,0.00
1786352769,bench_mixed,0.00,0.00,0.0,0.129,0.000,67.839,6.769,0.00
1786352774,bench_mixed,0.00,0.00,0.0,0.129,0.000,67.839,6.768,0.00
1786352779,bench_mixed,0.00,0.00,0.0,0.129,0.000,67.839,6.769,0.00
1786352784,bench_mixed,0.00,0.00,0.0,0.129,0.000,67.839,6.769,0.00
1786352790,bench_mixed,0.00,0.00,0.0,0.129,0.000,67.839,6.769,0.00
1786352795,bench_mixed,0.00,0.00,0.0,0.129,0.000,67.839,6.769,0.00
1786352800,bench_mixed,0.00,0.00,0.0,0.129,0.000,67.839,6.770,0.00
1786352805,bench_mixed,0.00,0.00,0.0,0.129,0.000,67.839,6.769,0.00
1786352810,bench_mixed,0.00,0.00,0.0,0.129,0.000,67.839,6.769,0.00
1786352815,bench_mixed,0.00,0.00,0.0,0.129,0.000,67.839,6.769,0.00
1786352820,bench_mixed,0.00,0.00,0.0,0.129,0.000,67.839,6.768,0.00
1786352825,bench_mixed,0.00,0.00,0.0,0.129,0.000,67.839,6.770,0.00
1786352830,bench_mixed,0.00,0.00,0.0,0.129,0.000,67.839,6.770,0.00
1786352835,bench_mixed,0.00,0.00,0.0,0.129,0.000,67.839,6.770,0.00
1786352840,bench_mixed,0.00,0.00,0.0,0.129,0.000,67.839,6.770,0.00
1786352845,bench_mixed,0.00,0.00,0.0,0.129,0.000,67.839,6.770,0.00
1786352850,bench_mixed,0.00,0.00,0.0,0.129,0.000,67.839,6.769,0.00
1786352855,bench_mixed,0.00,0.00,0.0,0.129,0.000,67.839,6.769,0.00
1786352860,bench_mixed,0.00,0.00,0.0,0.129,0.000,67.839,6.769,0.00
1786352865,bench_mixed,0.00,0.00,0.0,0.129,0.000,67.839,6.770,0.00
1786352870,bench_mixed,0.00,0.00,0.0,0.129,0.000,67.839,6.769,0.00
1786352875,bench_mixed,0.00,0.00,0.0,0.129,0.000,67.839,6.768,0.00
1786352880,bench_mixed,0.00,0.00,0.0,0.129,0.000,67.839,6.768,0.00
1786352885,bench_mixed,0.00,0.00,0.0,0.129,0.000,67.839,6.768,0.00
1786352891,bench_mixed,0.00,0.00,0.0,0.129,0.000,67.839,6.769,0.00
1786352896,bench_mixed,0.00,0.00,0.0,0.129,0.000,67.839,6.768,0.00
1786352901,bench_mixed,0.00,0.00,0.0,0.129,0.000,67.839,6.770,0.00
1786352906,bench_mixed,0.00,0.00,0.0,0.129,0.000,67.839,6.771,0.00
1786352911,bench_mixed,0.00,0.00,0.0,0.129,0.000,67.839,6.770,0.00
1786352916,bench_mixed,0.00,0.00,0.0,0.129,0.000,67.839,6.770,0.00
1786352921,bench_mixed,0.00,0.00,0.0,0.129,0.000,67.839,6.770,0.00
1786352926,bench_mixed,0.00,0.00,0.0,0.129,0.000,67.839,6.770,0.00
1786352931,bench_mixed,0.00,0.00,0.0,0.129,0.000,67.839,6.770,0.00
1786352936,bench_mixed,0.00,0.00,0.0,0.129,0.000,67.839,6.770,0.00
1786352941,bench_mixed,0.00,0.00,0.0,0.129,0.000,67.839,6.770,0.00
1786352946,bench_mixed,0.00,0.00,0.0,0.129,0.000,67.839,6.770,0.00
1786352951,bench_mixed,0.00,0.00,0.0,0.129,0.000,67.839,6.770,0.00
1786352956,bench_mixed,0.00,0.00,0.0,0.129,0.000,67.839,6.771,0.00
1786352961,bench_mixed,0.00,0.00,0.0,0.129,0.000,67.839,6.770,0.00
1786352966,bench_mixed,0.00,0.00,0.0,0.129,0.000,67.839,6.771,0.00
1786352971,bench_mixed,0.00,0.00,0.0,0.129,0.000,67.839,6.771,0.00
1786352976,bench_mixed,0.00,0.00,0.0,0.129,0.000,67.839,6.771,0.00
1786352981,bench_mixed,0.00,0.00,0.0,0.129,0.000,67.839,6.771,0.00
1786352987,bench_mixed,0.00,0.00,0.0,0.129,0.000,67.839,6.769,0.06
1786352992,bench_mixed,0.00,0.00,0.0,0.129,0.000,67.839,6.769,0.00
1786352997,bench_mixed,0.00,0.00,0.0,0.129,0.000,67.839,6.768,0.00
1786353002,bench_mixed,0.00,0.00,0.0,0.129,0.000,67.839,6.768,0.00
1786353007,bench_mixed,0.00,0.00,0.0,0.129,0.000,67.839,6.769,0.00
1786353012,bench_mixed,0.00,0.00,0.0,0.129,0.000,67.839,6.771,0.00
1786353017,bench_mixed,0.00,0.00,0.0,0.129,0.000,67.839,6.771,0.00
1786353022,bench_mixed,0.00,0.00,0.0,0.129,0.000,67.839,6.770,0.00
1786353027,bench_mixed,0.00,0.00,0.0,0.129,0.000,67.839,6.770,0.00
1786353032,bench_mixed,0.00,0.00,0.0,0.129,0.000,67.839,6.771,0.00
1786353037,bench_mixed,0.00,0.00,0.0,0.129,0.000,67.839,6.771,0.00
1786353042,bench_mixed,0.00,0.00,0.0,0.129,0.000,67.839,6.772,0.00
1786353047,bench_mixed,0.00,0.00,0.0,0.129,0.000,67.839,6.772,0.00
1786353052,bench_mixed,0.00,0.00,0.0,0.129,0.000,67.839,6.772,0.00
1786353057,bench_mixed,0.00,0.00,0.0,0.129,0.000,67.839,6.772,0.00
1786353062,bench_mixed,0.00,0.00,0.0,0.129,0.000,67.839,6.773,0.00
1786353067,bench_mixed,0.00,0.00,0.0,0.129,0.000,67.839,6.773,0.00
1786353072,bench_mixed,0.00,0.00,0.0,0.129,0.000,67.839,6.772,0.00
1786353077,bench_mixed,0.00,0.00,0.0,0.129,0.000,67.839,6.772,0.00
1786353083,bench_mixed,0.00,0.00,0.0,0.129,0.000,67.839,6.772,0.00
1786353088,bench_mixed,0.00,0.00,0.0,0.129,0.000,67.839,6.772,0.00
1786353093,bench_mixed,0.00,0.00,0.0,0.129,0.000,67.839,6.773,0.00
1786353098,bench_mixed,0.00,0.00,0.0,0.129,0.000,67.839,6.772,0.00
1786353103,bench_mixed,0.00,0.00,0.0,0.129,0.000,67.839,6.772,0.00
1786353108,bench_mixed,0.00,0.00,0.0,0.129,0.000,67.839,6.772,0.00
1786353113,bench_mixed,0.00,0.00,0.0,0.129,0.000,67.839,6.772,0.00
1786353118,bench_mixed,0.00,0.00,0.0,0.129,0.000,67.839,6.772,0.00
1786353123,bench_mixed,0.00,0.00,0.0,0.129,0.000,67.839,6.773,0.00
1786353128,bench_mixed,0.00,0.00,0.0,0.129,0.000,67.839,6.772,0.00
1786353133,bench_mixed,0.00,0.00,0.0,0.129,0.000,67.839,6.772,0.00
1786353138,bench_mixed,0.00,0.00,0.0,0.129,0.000,67.839,6.772,0.00
1786353143,bench_mixed,0.00,0.00,0.0,0.129,0.000,67.839,6.772,0.00
1786353148,bench_mixed,0.00,0.00,0.0,0.129,0.000,67.839,6.772,0.00
1786353153,bench_mixed,0.00,0.00,0.0,0.129,0.000,67.839,6.773,0.00
1786353158,bench_mixed,0.00,0.00,0.0,0.129,0.000,67.839,6.772,0.00
1786353163,bench_mixed,0.00,0.00,0.0,0.129,0.000,67.839,6.773,0.00
1786353168,bench_mixed,0.00,0.00,0.0,0.129,0.000,67.839,6.772,0.00
1786353173,bench_mixed,0.00,0.00,0.0,0.129,0.000,67.839,6.772,0.00
1786353179,bench_mixed,0.00,0.00,0.0,0.129,0.000,67.839,6.772,0.00
1786353184,bench_mixed,0.00,0.00,0.0,0.129,0.000,67.839,6.772,0.00
1786353189,bench_mixed,0.00,0.00,0.0,0.129,0.000,67.839,6.773,0.00
1786353194,bench_mixed,0.00,0.00,0.0,0.129,0.000,67.839,6.772,0.00
1786353199,bench_mixed,0.00,0.00,0.0,0.129,0.000,67.839,6.772,0.00
1786353204,bench_mixed,0.00,0.00,0.0,0.129,0.000,67.839,6.772,0.00
1786353209,bench_mixed,0.00,0.00,0.0,0.129,0.000,67.839,6.772,0.00
1786353214,bench_mixed,0.00,0.00,0.0,0.129,0.000,67.839,6.772,0.00
1786353219,bench_mixed,0.00,0.00,0.0,0.129,0.000,67.839,6.772,0.00
1786353224,bench_mixed,0.00,0.00,0.0,0.129,0.000,67.839,6.772,0.00
1786353229,bench_mixed,0.00,0.00,0.0,0.129,0.000,67.839,6.772,0.00
1786353234,bench_mixed,0.00,0.00,0.0,0.129,0.000,67.839,6.773,0.00
1786353239,bench_mixed,0.00,0.00,0.0,0.129,0.000,67.839,6.773,0.00
1786353244,bench_mixed,0.00,0.00,0.0,0.129,0.000,67.839,6.773,0.00
1786353249,bench_mixed,0.00,0.00,0.0,0.129,0.000,67.839,6.773,0.00
1786353254,bench_mixed,0.00,0.00,0.0,0.129,0.000,67.839,6.773,0.00
1786353259,bench_mixed,0.00,0.00,0.0,0.129,0.000,67.839,6.773,0.00
1786353264,bench_mixed,0.00,0.00,0.0,0.129,0.000,67.839,6.773,0.00
1786353269,bench_mixed,0.00,0.00,0.0,0.129,0.000,67.839,6.772,0.00
1786353275,bench_mixed,0.00,0.00,0.0,0.129,0.000,67.839,6.773,0.00
1786353280,bench_mixed,0.00,0.00,0.0,0.129,0.000,67.839,6.773,0.00
1786353285,bench_mixed,0.00,0.00,0.0,0.129,0.000,67.839,6.773,0.04
1786353290,bench_mixed,0.00,0.00,0.0,0.129,0.000,67.839,6.774,0.01
1786353295,bench_mixed,0.00,0.00,0.0,0.129,0.000,67.839,6.774,0.00
1786353300,bench_mixed,0.00,0.00,0.0,0.129,0.000,67.839,6.774,0.00
1786353305,bench_mixed,0.00,0.00,0.0,0.129,0.000,67.839,6.775,0.00
1786353310,bench_mixed,0.00,0.00,0.0,0.129,0.000,67.839,6.775,0.00
1786353315,bench_mixed,0.00,0.00,0.0,0.129,0.000,67.839,6.776,0.00
1786353320,bench_mixed,0.00,0.00,0.0,0.129,0.000,67.839,6.776,0.00
1786353325,bench_mixed,0.00,0.00,0.0,0.129,0.000,67.839,6.776,0.00
1786353330,bench_mixed,0.00,0.00,0.0,0.129,0.000,67.839,6.776,0.00
1786353335,bench_mixed,0.00,0.00,0.0,0.129,0.000,67.839,6.776,0.00
1786353340,bench_mixed,0.00,0.00,0.0,0.129,0.000,67.839,6.776,0.00
1786353345,bench_mixed,0.00,0.00,0.0,0.129,0.000,67.839,6.776,0.00
1786353350,bench_mixed,0.00,0.00,0.0,0.129,0.000,67.839,6.776,0.00
1786353355,bench_mixed,0.00,0.00,0.0,0.129,0.000,67.839,6.776,0.00
1786353360,bench_mixed,0.00,0.00,0.0,0.129,0.000,67.839,6.776,0.00
1786353365,bench_mixed,0.00,0.00,0.0,0.129,0.000,67.839,6.776,0.00
1786353370,bench_mixed,0.00,0.00,0.0,0.129,0.000,67.839,6.776,0.00
1786353376,bench_mixed,0.00,0.00,0.0,0.129,0.000,67.839,6.777,0.00
1786353381,bench_mixed,0.00,0.00,0.0,0.129,0.000,67.839,6.777,0.00
1786353386,bench_mixed,0.00,0.00,0.0,0.129,0.000,67.839,6.779,0.00
1786353391,bench_mixed,0.00,0.00,0.0,0.129,0.000,67.839,6.779,0.00
1786353396,bench_mixed,0.00,0.00,0.0,0.129,0.000,67.839,6.780,0.00
1786353401,bench_mixed,0.00,0.00,0.0,0.129,0.000,67.839,6.780,0.00
1786353406,bench_mixed,0.00,0.00,0.0,0.129,0.000,67.839,6.780,0.00
1786353411,bench_mixed,0.00,0.00,0.0,0.129,0.000,67.839,6.780,0.00
1786353416,bench_mixed,0.00,0.00,0.0,0.129,0.000,67.839,6.780,0.00
1786353421,bench_mixed,0.00,0.00,0.0,0.129,0.000,67.839,6.780,0.00
1786353426,bench_mixed,0.00,0.00,0.0,0.129,0.000,67.839,6.781,0.00
1786353431,bench_mixed,0.00,0.00,0.0,0.129,0.000,67.839,6.782,0.00
1786353436,bench_mixed,0.00,0.00,0.0,0.129,0.000,67.839,6.782,0.00
1786353441,bench_mixed,0.00,0.00,0.0,0.129,0.000,67.839,6.782,0.00
1786353446,bench_mixed,0.00,0.00,0.0,0.129,0.000,67.839,6.782,0.00
1786353451,bench_mixed,0.00,0.00,0.0,0.129,0.000,67.839,6.782,0.00
1786353456,bench_mixed,0.00,0.00,0.0,0.129,0.000,67.839,6.783,0.00
1786353461,bench_mixed,0.00,0.00,0.0,0.129,0.000,67.839,6.784,0.00
1786353466,bench_mixed,0.00,0.00,0.0,0.129,0.000,67.839,6.783,0.00
1786353471,bench_mixed,0.00,0.00,0.0,0.129,0.000,67.839,6.784,0.00
1786353477,bench_mixed,0.00,0.00,0.0,0.129,0.000,67.839,6.784,0.00
1786353482,bench_mixed,0.00,0.00,0.0,0.129,0.000,67.839,6.784,0.00
1786353487,bench_mixed,0.00,0.00,0.0,0.129,0.000,67.839,6.783,0.00
1786353492,bench_mixed,0.00,0.00,0.0,0.129,0.000,67.839,6.784,0.00
1786353497,bench_mixed,0.00,0.00,0.0,0.129,0.000,67.839,6.783,0.00
1786353502,bench_mixed,0.00,0.00,0.0,0.129,0.000,67.839,6.783,0.00
1786353507,bench_mixed,0.00,0.00,0.0,0.129,0.000,67.839,6.783,0.00
1786353512,bench_mixed,0.00,0.00,0.0,0.129,0.000,67.839,6.783,0.00
1786353517,bench_mixed,0.00,0.00,0.0,0.129,0.000,67.839,6.783,0.00
1786353522,bench_mixed,0.00,0.00,0.0,0.129,0.000,67.839,6.783,0.00
1786353527,bench_mixed,0.00,0.00,0.0,0.129,0.000,67.839,6.783,0.00
1786353532,bench_mixed,0.00,0.00,0.0,0.129,0.000,67.839,6.784,0.00
1786353537,bench_mixed,0.00,0.00,0.0,0.129,0.000,67.839,6.784,0.00
1786353542,bench_mixed,0.00,0.00,0.0,0.129,0.000,67.839,6.784,0.00
1786353547,bench_mixed,0.00,0.00,0.0,0.129,0.000,67.839,6.784,0.00
1786353552,bench_mixed,0.00,0.00,0.0,0.129,0.000,67.839,6.784,0.00
1786353557,bench_mixed,0.00,0.00,0.0,0.129,0.000,67.839,6.784,0.00
1786353562,bench_mixed,0.00,0.00,0.0,0.129,0.000,67.839,6.784,0.00
1786353567,bench_mixed,0.00,0.00,0.0,0.129,0.000,67.839,6.784,0.00
1786353572,bench_mixed,0.00,0.00,0.0,0.129,0.000,67.839,6.784,0.00
1786353578,bench_mixed,0.00,0.00,0.0,0.129,0.000,67.839,6.784,0.00
1786353583,bench_mixed,0.00,0.00,0.0,0.129,0.000,67.839,6.784,0.00
1786353588,bench_mixed,0.00,0.00,0.0,0.129,0.000,67.839,6.782,0.06
1786353593,bench_mixed,0.00,0.00,0.0,0.129,0.000,67.839,6.782,0.00
1786353598,bench_mixed,0.00,0.00,0.0,0.129,0.000,67.839,6.782,0.00
1786353603,bench_mixed,0.00,0.00,0.0,0.129,0.000,67.839,6.784,0.00
1786353608,bench_mixed,0.00,0.00,0.0,0.129,0.000,67.839,6.784,0.00
1786353613,bench_mixed,0.00,0.00,0.0,0.129,0.000,67.839,6.784,0.00
1786353618,bench_mixed,0.00,0.00,0.0,0.129,0.000,67.839,6.785,0.00
1786353623,bench_mixed,0.00,0.00,0.0,0.129,0.000,67.839,6.785,0.00
1786353628,bench_mixed,0.00,0.00,0.0,0.129,0.000,67.839,6.785,0.00
1786353633,bench_mixed,0.00,0.00,0.0,0.129,0.000,67.839,6.784,0.00
1786353638,bench_mixed,0.00,0.00,0.0,0.129,0.000,67.839,6.785,0.00
1786353643,bench_mixed,0.00,0.00,0.0,0.129,0.000,67.839,6.785,0.00
1786353648,bench_mixed,0.00,0.00,0.0,0.129,0.000,67.839,6.784,0.00
1786353653,bench_mixed,0.00,0.00,0.0,0.129,0.000,67.839,6.784,0.00
1786353658,bench_mixed,0.00,0.00,0.0,0.129,0.000,67.839,6.784,0.00
1786353663,bench_mixed,0.00,0.00,0.0,0.129,0.000,67.839,6.785,0.00
1786353668,bench_mixed,0.00,0.00,0.0,0.129,0.000,67.839,6.785,0.00
1786353674,bench_mixed,0.00,0.00,0.0,0.129,0.000,67.839,6.785,0.00
1786353679,bench_mixed,0.00,0.00,0.0,0.129,0.000,67.839,6.785,0.00
1786353684,bench_mixed,0.00,0.00,0.0,0.129,0.000,67.839,6.785,0.00
1786353689,bench_mixed,0.00,0.00,0.0,0.129,0.000,67.839,6.784,0.00
1786353694,bench_mixed,0.00,0.00,0.0,0.129,0.000,67.839,6.784,0.00
1786353699,bench_mixed,0.00,0.00,0.0,0.129,0.000,67.839,6.785,0.00
1786353704,bench_mixed,0.00,0.00,0.0,0.129,0.000,67.839,6.785,0.00
1786353709,bench_mixed,0.00,0.00,0.0,0.129,0.000,67.839,6.784,0.00
1786353714,bench_mixed,0.00,0.00,0.0,0.129,0.000,67.839,6.784,0.00
1786353719,bench_mixed,0.00,0.00,0.0,0.129,0.000,67.839,6.784,0.00
1786353724,bench_mixed,0.00,0.00,0.0,0.129,0.000,67.839,6.784,0.00
1786353729,bench_mixed,0.00,0.00,0.0,0.129,0.000,67.839,6.784,0.00
1786353734,bench_mixed,0.00,0.00,0.0,0.129,0.000,67.839,6.784,0.00
1786353739,bench_mixed,0.00,0.00,0.0,0.129,0.000,67.839,6.784,0.00
1786353744,bench_mixed,0.00,0.00,0.0,0.129,0.000,67.839,6.784,0.00
1786353749,bench_mixed,0.00,0.00,0.0,0.129,0.000,67.839,6.785,0.00
1786353754,bench_mixed,0.00,0.00,0.0,0.129,0.000,67.839,6.786,0.00
1786353759,bench_mixed,0.00,0.00,0.0,0.129,0.000,67.839,6.785,0.00
1786353764,bench_mixed,0.00,0.00,0.0,0.129,0.000,67.839,6.785,0.00
1786353770,bench_mixed,0.00,0.00,0.0,0.129,0.000,67.839,6.785,0.00
1786353775,bench_mixed,0.00,0.00,0.0,0.129,0.000,67.839,6.785,0.00
1786353780,bench_mixed,0.00,0.00,0.0,0.129,0.000,67.839,6.785,0.00
1786353785,bench_mixed,0.00,0.00,0.0,0.129,0.000,67.839,6.785,0.00
1786353790,bench_mixed,0.00,0.00,0.0,0.129,0.000,67.839,6.785,0.00
1786353795,bench_mixed,0.00,0.00,0.0,0.129,0.000,67.839,6.785,0.00
1786353800,bench_mixed,0.00,0.00,0.0,0.129,0.000,67.839,6.785,0.00
1786353805,bench_mixed,0.00,0.00,0.0,0.129,0.000,67.839,6.787,0.00
1786353810,bench_mixed,0.00,0.00,0.0,0.129,0.000,67.839,6.786,0.00
1786353815,bench_mixed,0.00,0.00,0.0,0.129,0.000,67.839,6.787,0.00
1786353820,bench_mixed,0.00,0.00,0.0,0.129,0.000,67.839,6.788,0.00
1786353825,bench_mixed,0.00,0.00,0.0,0.129,0.000,67.839,6.787,0.00
1786353830,bench_mixed,0.00,0.00,0.0,0.129,0.000,67.839,6.787,0.00
1786353835,bench_mixed,0.00,0.00,0.0,0.129,0.000,67.839,6.787,0.00
1786353840,bench_mixed,0.00,0.00,0.0,0.129,0.000,67.839,6.786,0.00
1786353845,bench_mixed,0.00,0.00,0.0,0.129,0.000,67.839,6.786,0.00
1786353850,bench_mixed,0.00,0.00,0.0,0.129,0.000,67.839,6.786,0.00
1786353855,bench_mixed,0.00,0.00,0.0,0.129,0.000,67.839,6.786,0.00
1786353860,bench_mixed,0.00,0.00,0.0,0.129,0.000,67.839,6.786,0.00
1786353865,bench_mixed,0.00,0.00,0.0,0.129,0.000,67.839,6.786,0.00
1786353871,bench_mixed,0.00,0.00,0.0,0.129,0.000,67.839,6.786,0.00
1786353876,bench_mixed,0.00,0.00,0.0,0.129,0.000,67.839,6.785,0.00
1786353881,bench_mixed,0.00,0.00,0.0,0.129,0.000,67.839,6.785,0.00
1786353886,bench_mixed,0.00,0.00,0.0,0.129,0.000,67.839,6.780,0.06
1786353891,bench_mixed,0.00,0.00,0.0,0.129,0.000,67.839,6.781,0.00
1786353896,bench_mixed,0.00,0.00,0.0,0.129,0.000,67.839,6.781,0.00
1786353901,bench_mixed,0.00,0.00,0.0,0.129,0.000,67.839,6.781,0.00
1786353906,bench_mixed,0.00,0.00,0.0,0.129,0.000,67.839,6.782,0.00
1786353911,bench_mixed,0.00,0.00,0.0,0.129,0.000,67.839,6.782,0.00
1786353916,bench_mixed,0.00,0.00,0.0,0.129,0.000,67.839,6.782,0.00
1786353921,bench_mixed,0.00,0.00,0.0,0.129,0.000,67.839,6.782,0.00
1786353926,bench_mixed,0.00,0.00,0.0,0.129,0.000,67.839,6.782,0.00
1786353931,bench_mixed,0.00,0.00,0.0,0.129,0.000,67.839,6.782,0.00
1786353936,bench_mixed,0.00,0.00,0.0,0.129,0.000,67.839,6.782,0.00
1786353941,bench_mixed,0.00,0.00,0.0,0.129,0.000,67.839,6.782,0.00
1786353946,bench_mixed,0.00,0.00,0.0,0.129,0.000,67.839,6.782,0.00
1786353951,bench_mixed,0.00,0.00,0.0,0.129,0.000,67.839,6.783,0.00
1786353956,bench_mixed,0.00,0.00,0.0,0.129,0.000,67.839,6.783,0.00
1786353961,bench_mixed,0.00,0.00,0.0,0.129,0.000,67.839,6.783,0.00
1786353967,bench_mixed,0.00,0.00,0.0,0.129,0.000,67.839,6.784,0.00
1786353972,bench_mixed,0.00,0.00,0.0,0.129,0.000,67.839,6.783,0.00
1786353977,bench_mixed,0.00,0.00,0.0,0.129,0.000,67.839,6.784,0.00
1786353982,bench_mixed,0.00,0.00,0.0,0.129,0.000,67.839,6.783,0.00
1786353987,bench_mixed,0.00,0.00,0.0,0.129,0.000,67.839,6.784,0.00
1786353992,bench_mixed,0.00,0.00,0.0,0.129,0.000,67.839,6.783,0.00
1786353997,bench_mixed,0.00,0.00,0.0,0.129,0.000,67.839,6.783,0.00
1786354002,bench_mixed,0.00,0.00,0.0,0.129,0.000,67.839,6.783,0.00
1786354007,bench_mixed,0.00,0.00,0.0,0.129,0.000,67.839,6.783,0.00
1786354012,bench_mixed,0.00,0.00,0.0,0.129,0.000,67.839,6.783,0.00
1786354017,bench_mixed,0.00,0.00,0.0,0.129,0.000,67.839,6.783,0.00
1786354022,bench_mixed,0.00,0.00,0.0,0.129,0.000,67.839,6.783,0.00
1786354027,bench_mixed,0.00,0.00,0.0,0.129,0.000,67.839,6.783,0.00
1786354032,bench_mixed,0.00,0.00,0.0,0.129,0.000,67.839,6.783,0.00
1786354037,bench_mixed,0.00,0.00,0.0,0.129,0.000,67.839,6.785,0.00
1786354042,bench_mixed,0.00,0.00,0.0,0.129,0.000,67.839,6.785,0.00
1786354047,bench_mixed,0.00,0.00,0.0,0.129,0.000,67.839,6.785,0.00
1786354052,bench_mixed,0.00,0.00,0.0,0.129,0.000,67.839,6.785,0.00
1786354057,bench_mixed,0.00,0.00,0.0,0.129,0.000,67.839,6.785,0.00
1786354063,bench_mixed,0.00,0.00,0.0,0.129,0.000,67.839,6.786,0.00
1786354068,bench_mixed,0.00,0.00,0.0,0.129,0.000,67.839,6.786,0.00
1786354073,bench_mixed,0.00,0.00,0.0,0.129,0.000,67.839,6.786,0.00
1786354078,bench_mixed,0.00,0.00,0.0,0.129,0.000,67.839,6.787,0.00
1786354083,bench_mixed,0.00,0.00,0.0,0.129,0.000,67.839,6.788,0.00
1786354088,bench_mixed,0.00,0.00,0.0,0.129,0.000,67.839,6.787,0.00
1786354093,bench_mixed,0.00,0.00,0.0,0.129,0.000,67.839,6.788,0.00
1786354098,bench_mixed,0.00,0.00,0.0,0.129,0.000,67.839,6.788,0.00
1786354103,bench_mixed,0.00,0.00,0.0,0.129,0.000,67.839,6.788,0.00
1786354108,bench_mixed,0.00,0.00,0.0,0.129,0.000,67.839,6.789,0.00
1786354113,bench_mixed,0.00,0.00,0.0,0.129,0.000,67.839,6.789,0.00
1786354118,bench_mixed,0.00,0.00,0.0,0.129,0.000,67.839,6.789,0.00
1786354123,bench_mixed,0.00,0.00,0.0,0.129,0.000,67.839,6.790,0.00
1786354128,bench_mixed,0.00,0.00,0.0,0.129,0.000,67.839,6.789,0.00
1786354133,bench_mixed,0.00,0.00,0.0,0.129,0.000,67.839,6.789,0.00
1786354138,bench_mixed,0.00,0.00,0.0,0.129,0.000,67.839,6.788,0.00
1786354143,bench_mixed,0.00,0.00,0.0,0.129,0.000,67.839,6.789,0.00
1786354148,bench_mixed,0.00,0.00,0.0,0.129,0.000,67.839,6.790,0.00
1786354153,bench_mixed,0.00,0.00,0.0,0.129,0.000,67.839,6.789,0.00
1786354159,bench_mixed,0.00,0.00,0.0,0.129,0.000,67.839,6.789,0.00
1786354164,bench_mixed,0.00,0.00,0.0,0.129,0.000,67.839,6.790,0.00
1786354169,bench_mixed,0.00,0.00,0.0,0.129,0.000,67.839,6.789,0.00
1786354174,bench_mixed,0.00,0.00,0.0,0.129,0.000,67.839,6.789,0.00
1786354179,bench_mixed,0.00,0.00,0.0,0.129,0.000,67.839,6.791,0.00
1786354184,bench_mixed,0.00,0.00,0.0,0.129,0.000,67.839,6.788,0.03
1786354189,bench_mixed,0.00,0.00,0.0,0.129,0.000,67.839,6.790,0.03
1786354194,bench_mixed,0.00,0.00,0.0,0.129,0.000,67.839,6.790,0.00
1786354199,bench_mixed,0.00,0.00,0.0,0.129,0.000,67.839,6.790,0.00
1786354204,bench_mixed,0.00,0.00,0.0,0.129,0.000,67.839,6.790,0.00
1786354209,bench_mixed,0.00,0.00,0.0,0.129,0.000,67.839,6.790,0.00
1786354214,bench_mixed,0.00,0.00,0.0,0.129,0.000,67.839,6.790,0.00
1786354219,bench_mixed,0.00,0.00,0.0,0.129,0.000,67.839,6.792,0.00
1786354224,bench_mixed,0.00,0.00,0.0,0.129,0.000,67.839,6.791,0.00
1786354229,bench_mixed,0.00,0.00,0.0,0.129,0.000,67.839,6.791,0.00
1786354234,bench_mixed,0.00,0.00,0.0,0.129,0.000,67.839,6.791,0.00
1786354239,bench_mixed,0.00,0.00,0.0,0.129,0.000,67.839,6.791,0.00
1786354244,bench_mixed,0.00,0.00,0.0,0.129,0.000,67.839,6.791,0.00
1786354249,bench_mixed,0.00,0.00,0.0,0.129,0.000,67.839,6.791,0.00
1786354254,bench_mixed,0.00,0.00,0.0,0.129,0.000,67.839,6.791,0.00
1786354260,bench_mixed,0.00,0.00,0.0,0.129,0.000,67.839,6.791,0.00
1786354265,bench_mixed,0.00,0.00,0.0,0.129,0.000,67.839,6.791,0.00
1786354270,bench_mixed,0.00,0.00,0.0,0.129,0.000,67.839,6.791,0.00
1786354275,bench_mixed,0.00,0.00,0.0,0.129,0.000,67.839,6.791,0.00
1786354280,bench_mixed,0.00,0.00,0.0,0.129,0.000,67.839,6.791,0.00
1786354285,bench_mixed,0.00,0.00,0.0,0.129,0.000,67.839,6.791,0.00
1786354290,bench_mixed,0.00,0.00,0.0,0.129,0.000,67.839,6.790,0.00
1786354295,bench_mixed,0.00,0.00,0.0,0.129,0.000,67.839,6.790,0.00
1786354300,bench_mixed,0.00,0.00,0.0,0.129,0.000,67.839,6.790,0.00
1786354305,bench_mixed,0.00,0.00,0.0,0.129,0.000,67.839,6.790,0.00
1786354310,bench_mixed,0.00,0.00,0.0,0.129,0.000,67.839,6.790,0.00
1786354315,bench_mixed,0.00,0.00,0.0,0.129,0.000,67.839,6.790,0.00
1786354320,bench_mixed,0.00,0.00,0.0,0.129,0.000,67.839,6.790,0.00
1786354325,bench_mixed,0.00,0.00,0.0,0.129,0.000,67.839,6.790,0.00
1786354330,bench_mixed,0.00,0.00,0.0,0.129,0.000,67.839,6.790,0.00
1786354335,bench_mixed,0.00,0.00,0.0,0.129,0.000,67.839,6.790,0.00
1786354340,bench_mixed,0.00,0.00,0.0,0.129,0.000,67.839,6.791,0.00
1786354345,bench_mixed,0.00,0.00,0.0,0.129,0.000,67.839,6.791,0.00
1786354350,bench_mixed,0.00,0.00,0.0,0.129,0.000,67.839,6.791,0.00
1786354355,bench_mixed,0.00,0.00,0.0,0.129,0.000,67.839,6.791,0.00
1786354361,bench_mixed,0.00,0.00,0.0,0.129,0.000,67.839,6.790,0.00
1786354366,bench_mixed,0.00,0.00,0.0,0.129,0.000,67.839,6.790,0.00
1786354371,bench_mixed,0.00,0.00,0.0,0.129,0.000,67.839,6.790,0.00
1786354376,bench_mixed,0.00,0.00,0.0,0.129,0.000,67.839,6.790,0.00
1786354381,bench_mixed,0.00,0.00,0.0,0.129,0.000,67.839,6.790,0.00
1786354386,bench_mixed,0.00,0.00,0.0,0.129,0.000,67.839,6.790,0.00
1786354391,bench_mixed,0.00,0.00,0.0,0.129,0.000,67.839,6.789,0.00
1786354396,bench_mixed,0.00,0.00,0.0,0.129,0.000,67.839,6.789,0.00
1786354401,bench_mixed,0.00,0.00,0.0,0.129,0.000,67.839,6.789,0.00
1786354406,bench_mixed,0.00,0.00,0.0,0.129,0.000,67.839,6.789,0.00
1786354411,bench_mixed,0.00,0.00,0.0,0.129,0.000,67.839,6.789,0.00
1786354416,bench_mixed,0.00,0.00,0.0,0.129,0.000,67.839,6.789,0.00
1786354421,bench_mixed,0.00,0.00,0.0,0.129,0.000,67.839,6.790,0.00
1786354426,bench_mixed,0.00,0.00,0.0,0.129,0.000,67.839,6.790,0.00
1786354431,bench_mixed,0.00,0.00,0.0,0.129,0.000,67.839,6.790,0.00
1786354436,bench_mixed,0.00,0.00,0.0,0.129,0.000,67.839,6.789,0.00
1786354441,bench_mixed,0.00,0.00,0.0,0.129,0.000,67.839,6.790,0.00
1786354446,bench_mixed,0.00,0.00,0.0,0.129,0.000,67.839,6.792,0.00
1786354451,bench_mixed,0.00,0.00,0.0,0.129,0.000,67.839,6.792,0.00
1786354456,bench_mixed,0.00,0.00,0.0,0.129,0.000,67.839,6.792,0.00
1786354462,bench_mixed,0.00,0.00,0.0,0.129,0.000,67.839,6.794,0.00
1786354467,bench_mixed,0.00,0.00,0.0,0.129,0.000,67.839,6.794,0.00
1786354472,bench_mixed,0.00,0.00,0.0,0.129,0.000,67.839,6.793,0.00
1786354477,bench_mixed,0.00,0.00,0.0,0.129,0.000,67.839,6.793,0.00
1786354482,bench_mixed,0.00,0.00,0.0,0.129,0.000,67.839,6.793,0.00
1786354487,bench_mixed,0.00,0.00,0.0,0.129,0.000,67.839,6.784,0.06
1786354492,bench_mixed,0.00,0.00,0.0,0.129,0.000,67.839,6.784,0.00
1786354497,bench_mixed,0.00,0.00,0.0,0.129,0.000,67.839,6.784,0.00
1786354502,bench_mixed,0.00,0.00,0.0,0.129,0.000,67.839,6.785,0.00
1786354507,bench_mixed,0.00,0.00,0.0,0.129,0.000,67.839,6.786,0.00
1786354512,bench_mixed,0.00,0.00,0.0,0.129,0.000,67.839,6.786,0.00
1786354517,bench_mixed,0.00,0.00,0.0,0.129,0.000,67.839,6.787,0.00
1786354522,bench_mixed,0.00,0.00,0.0,0.129,0.000,67.839,6.787,0.00
1786354527,bench_mixed,0.00,0.00,0.0,0.129,0.000,67.839,6.788,0.00
1786354532,bench_mixed,0.00,0.00,0.0,0.129,0.000,67.839,6.790,0.00
1786354537,bench_mixed,0.00,0.00,0.0,0.129,0.000,67.839,6.789,0.00
1786354542,bench_mixed,0.00,0.00,0.0,0.129,0.000,67.839,6.789,0.00
1786354547,bench_mixed,0.00,0.00,0.0,0.129,0.000,67.839,6.790,0.00
1786354552,bench_mixed,0.00,0.00,0.0,0.129,0.000,67.839,6.789,0.00
1786354558,bench_mixed,0.00,0.00,0.0,0.129,0.000,67.839,6.789,0.00
1786354563,bench_mixed,0.00,0.00,0.0,0.129,0.000,67.839,6.788,0.00
1786354568,bench_mixed,0.00,0.00,0.0,0.129,0.000,67.839,6.788,0.00
1786354573,bench_mixed,0.00,0.00,0.0,0.129,0.000,67.839,6.788,0.00
1786354578,bench_mixed,0.00,0.00,0.0,0.129,0.000,67.839,6.788,0.00
1786354583,bench_mixed,0.00,0.00,0.0,0.129,0.000,67.839,6.788,0.00
1786354588,bench_mixed,0.00,0.00,0.0,0.129,0.000,67.839,6.789,0.00
1786354593,bench_mixed,0.00,0.00,0.0,0.129,0.000,67.839,6.789,0.00
1786354598,bench_mixed,0.00,0.00,0.0,0.129,0.000,67.839,6.788,0.00
1786354603,bench_mixed,0.00,0.00,0.0,0.129,0.000,67.839,6.788,0.00
1786354608,bench_mixed,0.00,0.00,0.0,0.129,0.000,67.839,6.788,0.00
1786354613,bench_mixed,0.00,0.00,0.0,0.129,0.000,67.839,6.788,0.00
1786354618,bench_mixed,0.00,0.00,0.0,0.129,0.000,67.839,6.789,0.00
1786354623,bench_mixed,0.00,0.00,0.0,0.129,0.000,67.839,6.788,0.00
1786354628,bench_mixed,0.00,0.00,0.0,0.129,0.000,67.839,6.788,0.00
1786354633,bench_mixed,0.00,0.00,0.0,0.129,0.000,67.839,6.789,0.00
1786354638,bench_mixed,0.00,0.00,0.0,0.129,0.000,67.839,6.788,0.00
1786354643,bench_mixed,0.00,0.00,0.0,0.129,0.000,67.839,6.787,0.00
1786354648,bench_mixed,0.00,0.00,0.0,0.129,0.000,67.839,6.787,0.00
1786354654,bench_mixed,0.00,0.00,0.0,0.129,0.000,67.839,6.787,0.00
1786354659,bench_mixed,0.00,0.00,0.0,0.129,0.000,67.839,6.787,0.00
1786354664,bench_mixed,0.00,0.00,0.0,0.129,0.000,67.839,6.788,0.00
1786354669,bench_mixed,0.00,0.00,0.0,0.129,0.000,67.839,6.790,0.00
1786354674,bench_mixed,0.00,0.00,0.0,0.129,0.000,67.839,6.788,0.00
1786354679,bench_mixed,0.00,0.00,0.0,0.129,0.000,67.839,6.788,0.00
1786354684,bench_mixed,0.00,0.00,0.0,0.129,0.000,67.839,6.788,0.00
1786354689,bench_mixed,0.00,0.00,0.0,0.129,0.000,67.839,6.789,0.00
1786354694,bench_mixed,0.00,0.00,0.0,0.129,0.000,67.839,6.788,0.00
1786354699,bench_mixed,0.00,0.00,0.0,0.129,0.000,67.839,6.789,0.00
1786354704,bench_mixed,0.00,0.00,0.0,0.129,0.000,67.839,6.789,0.00
1786354709,bench_mixed,0.00,0.00,0.0,0.129,0.000,67.839,6.789,0.00
1786354714,bench_mixed,0.00,0.00,0.0,0.129,0.000,67.839,6.789,0.00
1786354719,bench_mixed,0.00,0.00,0.0,0.129,0.000,67.839,6.789,0.00
1786354724,bench_mixed,0.00,0.00,0.0,0.129,0.000,67.839,6.789,0.00
1786354729,bench_mixed,0.00,0.00,0.0,0.129,0.000,67.839,6.789,0.00
1786354734,bench_mixed,0.00,0.00,0.0,0.129,0.000,67.839,6.789,0.00
1786354739,bench_mixed,0.00,0.00,0.0,0.129,0.000,67.839,6.789,0.00
1786354744,bench_mixed,0.00,0.00,0.0,0.129,0.000,67.839,6.788,0.00
1786354750,bench_mixed,0.00,0.00,0.0,0.129,0.000,67.839,6.789,0.00
1786354755,bench_mixed,0.00,0.00,0.0,0.129,0.000,67.839,6.789,0.00
1786354760,bench_mixed,0.00,0.00,0.0,0.129,0.000,67.839,6.790,0.00
1786354765,bench_mixed,0.00,0.00,0.0,0.129,0.000,67.839,6.792,0.00
1786354770,bench_mixed,0.00,0.00,0.0,0.129,0.000,67.839,6.792,0.00
1786354775,bench_mixed,0.00,0.00,0.0,0.129,0.000,67.839,6.791,0.00
1786354780,bench_mixed,0.00,0.00,0.0,0.129,0.000,67.839,6.791,0.00
1786354785,bench_mixed,0.00,0.00,0.0,0.129,0.000,67.839,6.787,0.04
1786354790,bench_mixed,0.00,0.00,0.0,0.129,0.000,67.839,6.788,0.01
1786354795,bench_mixed,0.00,0.00,0.0,0.129,0.000,67.839,6.788,0.00
1786354800,bench_mixed,0.00,0.00,0.0,0.129,0.000,67.839,6.789,0.00
1786354805,bench_mixed,0.00,0.00,0.0,0.129,0.000,67.839,6.789,0.00
1786354810,bench_mixed,0.00,0.00,0.0,0.129,0.000,67.839,6.789,0.00
1786354815,bench_mixed,0.00,0.00,0.0,0.129,0.000,67.839,6.789,0.00
1786354820,bench_mixed,0.00,0.00,0.0,0.129,0.000,67.839,6.789,0.00
1786354825,bench_mixed,0.00,0.00,0.0,0.129,0.000,67.839,6.789,0.00
1786354830,bench_mixed,0.00,0.00,0.0,0.129,0.000,67.839,6.789,0.00
1786354835,bench_mixed,0.00,0.00,0.0,0.129,0.000,67.839,6.789,0.00
1786354840,bench_mixed,0.00,0.00,0.0,0.129,0.000,67.839,6.789,0.00
1786354846,bench_mixed,0.00,0.00,0.0,0.129,0.000,67.839,6.789,0.00
1786354851,bench_mixed,0.00,0.00,0.0,0.129,0.000,67.839,6.789,0.00
1786354856,bench_mixed,0.00,0.00,0.0,0.129,0.000,67.839,6.790,0.00
1786354861,bench_mixed,0.00,0.00,0.0,0.129,0.000,67.839,6.790,0.00
1786354866,bench_mixed,0.00,0.00,0.0,0.129,0.000,67.839,6.790,0.00
1786354871,bench_mixed,0.00,0.00,0.0,0.129,0.000,67.839,6.790,0.00
1786354876,bench_mixed,0.00,0.00,0.0,0.129,0.000,67.839,6.790,0.00
1786354881,bench_mixed,0.00,0.00,0.0,0.129,0.000,67.839,6.791,0.00
1786354886,bench_mixed,0.00,0.00,0.0,0.129,0.000,67.839,6.792,0.00
1786354891,bench_mixed,0.00,0.00,0.0,0.129,0.000,67.839,6.791,0.00
1786354896,bench_mixed,0.00,0.00,0.0,0.129,0.000,67.839,6.790,0.00
1786354901,bench_mixed,0.00,0.00,0.0,0.129,0.000,67.839,6.790,0.00
1786354906,bench_mixed,0.00,0.00,0.0,0.129,0.000,67.839,6.790,0.00
1786354911,bench_mixed,0.00,0.00,0.0,0.129,0.000,67.839,6.790,0.00
1786354916,bench_mixed,0.00,0.00,0.0,0.129,0.000,67.839,6.790,0.00
1786354921,bench_mixed,0.00,0.00,0.0,0.129,0.000,67.839,6.790,0.00
1786354926,bench_mixed,0.00,0.00,0.0,0.129,0.000,67.839,6.790,0.00
1786354931,bench_mixed,0.00,0.00,0.0,0.129,0.000,67.839,6.790,0.00
1786354936,bench_mixed,0.00,0.00,0.0,0.129,0.000,67.839,6.790,0.00
1786354942,bench_mixed,0.00,0.00,0.0,0.129,0.000,67.839,6.790,0.00
1786354947,bench_mixed,0.00,0.00,0.0,0.129,0.000,67.839,6.790,0.00
1786354952,bench_mixed,0.00,0.00,0.0,0.129,0.000,67.839,6.790,0.00
1786354957,bench_mixed,0.00,0.00,0.0,0.129,0.000,67.839,6.791,0.00
1786354962,bench_mixed,0.00,0.00,0.0,0.129,0.000,67.839,6.792,0.00
1786354967,bench_mixed,0.00,0.00,0.0,0.129,0.000,67.839,6.791,0.00
1786354972,bench_mixed,0.00,0.00,0.0,0.129,0.000,67.839,6.791,0.00
1786354977,bench_mixed,0.00,0.00,0.0,0.129,0.000,67.839,6.791,0.00
1786354982,bench_mixed,0.00,0.00,0.0,0.129,0.000,67.839,6.791,0.00
1786354987,bench_mixed,0.00,0.00,0.0,0.129,0.000,67.839,6.792,0.00
1786354992,bench_mixed,0.00,0.00,0.0,0.129,0.000,67.839,6.792,0.00
1786354997,bench_mixed,0.00,0.00,0.0,0.129,0.000,67.839,6.795,0.00
1786355002,bench_mixed,0.00,0.00,0.0,0.129,0.000,67.839,6.794,0.00
1786355007,bench_mixed,0.00,0.00,0.0,0.129,0.000,67.839,6.793,0.00
1786355012,bench_mixed,0.00,0.00,0.0,0.129,0.000,67.839,6.793,0.00
1786355017,bench_mixed,0.00,0.00,0.0,0.129,0.000,67.839,6.793,0.00
1786355022,bench_mixed,0.00,0.00,0.0,0.129,0.000,67.839,6.792,0.00
1786355027,bench_mixed,0.00,0.00,0.0,0.129,0.000,67.839,6.792,0.00
1786355032,bench_mixed,0.00,0.00,0.0,0.129,0.000,67.839,6.792,0.00
1786355037,bench_mixed,0.00,0.00,0.0,0.129,0.000,67.839,6.793,0.00
1786355043,bench_mixed,0.00,0.00,0.0,0.129,0.000,67.839,6.793,0.00
1786355048,bench_mixed,0.00,0.00,0.0,0.129,0.000,67.839,6.792,0.00
1786355053,bench_mixed,0.00,0.00,0.0,0.129,0.000,67.839,6.792,0.00
1786355058,bench_mixed,0.00,0.00,0.0,0.129,0.000,67.839,6.792,0.00
1786355063,bench_mixed,0.00,0.00,0.0,0.129,0.000,67.839,6.792,0.00
1786355068,bench_mixed,0.00,0.00,0.0,0.129,0.000,67.839,6.792,0.00
1786355073,bench_mixed,0.00,0.00,0.0,0.129,0.000,67.839,6.791,0.00
1786355078,bench_mixed,0.00,0.00,0.0,0.129,0.000,67.839,6.791,0.00
1786355083,bench_mixed,0.00,0.00,0.0,0.129,0.000,67.839,6.791,0.00
1786355088,bench_mixed,0.00,0.00,0.0,0.129,0.000,67.839,6.788,0.06
1786355093,bench_mixed,0.00,0.00,0.0,0.129,0.000,67.839,6.789,0.00
1786355098,bench_mixed,0.00,0.00,0.0,0.129,0.000,67.839,6.789,0.00
1786355103,bench_mixed,0.00,0.00,0.0,0.129,0.000,67.839,6.790,0.00
1786355108,bench_mixed,0.00,0.00,0.0,0.129,0.000,67.839,6.791,0.00
1786355113,bench_mixed,0.00,0.00,0.0,0.129,0.000,67.839,6.791,0.00
1786355118,bench_mixed,0.00,0.00,0.0,0.129,0.000,67.839,6.791,0.00
1786355123,bench_mixed,0.00,0.00,0.0,0.129,0.000,67.839,6.790,0.00
1786355128,bench_mixed,0.00,0.00,0.0,0.129,0.000,67.839,6.790,0.00
1786355133,bench_mixed,0.00,0.00,0.0,0.129,0.000,67.839,6.791,0.00
1786355139,bench_mixed,0.00,0.00,0.0,0.129,0.000,67.839,6.791,0.00
1786355144,bench_mixed,0.00,0.00,0.0,0.129,0.000,67.839,6.791,0.00
1786355149,bench_mixed,0.00,0.00,0.0,0.129,0.000,67.839,6.791,0.00
1786355154,bench_mixed,0.00,0.00,0.0,0.129,0.000,67.839,6.791,0.00
1786355159,bench_mixed,0.00,0.00,0.0,0.129,0.000,67.839,6.792,0.00
1786355164,bench_mixed,0.00,0.00,0.0,0.129,0.000,67.839,6.792,0.00
1786355169,bench_mixed,0.00,0.00,0.0,0.129,0.000,67.839,6.792,0.00
1786355174,bench_mixed,0.00,0.00,0.0,0.129,0.000,67.839,6.793,0.00
1786355179,bench_mixed,0.00,0.00,0.0,0.129,0.000,67.839,6.794,0.00
1786355184,bench_mixed,0.00,0.00,0.0,0.129,0.000,67.839,6.794,0.00
1786355189,bench_mixed,0.00,0.00,0.0,0.129,0.000,67.839,6.793,0.00
1786355194,bench_mixed,0.00,0.00,0.0,0.129,0.000,67.839,6.794,0.00
1786355199,bench_mixed,0.00,0.00,0.0,0.129,0.000,67.839,6.794,0.00
1786355204,bench_mixed,0.00,0.00,0.0,0.129,0.000,67.839,6.794,0.00
1786355209,bench_mixed,0.00,0.00,0.0,0.129,0.000,67.839,6.794,0.00
1786355214,bench_mixed,0.00,0.00,0.0,0.129,0.000,67.839,6.794,0.00
1786355219,bench_mixed,0.00,0.00,0.0,0.129,0.000,67.839,6.794,0.00
1786355224,bench_mixed,0.00,0.00,0.0,0.129,0.000,67.839,6.793,0.00
1786355229,bench_mixed,0.00,0.00,0.0,0.129,0.000,67.839,6.794,0.00
1786355235,bench_mixed,0.00,0.00,0.0,0.129,0.000,67.839,6.793,0.00
1786355240,bench_mixed,0.00,0.00,0.0,0.129,0.000,67.839,6.793,0.00
1786355245,bench_mixed,0.00,0.00,0.0,0.129,0.000,67.839,6.792,0.00
1786355250,bench_mixed,0.00,0.00,0.0,0.129,0.000,67.839,6.792,0.00
1786355255,bench_mixed,0.00,0.00,0.0,0.129,0.000,67.839,6.792,0.00
1786355260,bench_mixed,0.00,0.00,0.0,0.129,0.000,67.839,6.792,0.00
1786355265,bench_mixed,0.00,0.00,0.0,0.129,0.000,67.839,6.791,0.00
1786355270,bench_mixed,0.00,0.00,0.0,0.129,0.000,67.839,6.791,0.00
1786355275,bench_mixed,0.00,0.00,0.0,0.129,0.000,67.839,6.792,0.00
1786355280,bench_mixed,0.00,0.00,0.0,0.129,0.000,67.839,6.791,0.00
1786355285,bench_mixed,0.00,0.00,0.0,0.129,0.000,67.839,6.792,0.00
1786355290,bench_mixed,0.00,0.00,0.0,0.129,0.000,67.839,6.792,0.00
1786355295,bench_mixed,0.00,0.00,0.0,0.129,0.000,67.839,6.793,0.00
1786355300,bench_mixed,0.00,0.00,0.0,0.129,0.000,67.839,6.794,0.00
1786355305,bench_mixed,0.00,0.00,0.0,0.129,0.000,67.839,6.794,0.00
1786355310,bench_mixed,0.00,0.00,0.0,0.129,0.000,67.839,6.794,0.00
1786355315,bench_mixed,0.00,0.00,0.0,0.129,0.000,67.839,6.794,0.00
1786355320,bench_mixed,0.00,0.00,0.0,0.129,0.000,67.839,6.793,0.00
1786355325,bench_mixed,0.00,0.00,0.0,0.129,0.000,67.839,6.793,0.00
1786355330,bench_mixed,0.00,0.00,0.0,0.129,0.000,67.839,6.794,0.00
1786355336,bench_mixed,0.00,0.00,0.0,0.129,0.000,67.839,6.792,0.00
1786355341,bench_mixed,0.00,0.00,0.0,0.129,0.000,67.839,6.792,0.00
1786355346,bench_mixed,0.00,0.00,0.0,0.129,0.000,67.839,6.793,0.00
1786355351,bench_mixed,0.00,0.00,0.0,0.129,0.000,67.839,6.793,0.00
1786355356,bench_mixed,0.00,0.00,0.0,0.129,0.000,67.839,6.793,0.00
1786355361,bench_mixed,0.00,0.00,0.0,0.129,0.000,67.839,6.794,0.00
1786355366,bench_mixed,0.00,0.00,0.0,0.129,0.000,67.839,6.794,0.00
1786355371,bench_mixed,0.00,0.00,0.0,0.129,0.000,67.839,6.792,0.00
1786355376,bench_mixed,0.00,0.00,0.0,0.129,0.000,67.839,6.794,0.00
1786355381,bench_mixed,0.00,0.00,0.0,0.129,0.000,67.839,6.793,0.00
1786355386,bench_mixed,0.00,0.00,0.0,0.129,0.000,67.839,6.777,0.06
1786355391,bench_mixed,0.00,0.00,0.0,0.129,0.000,67.839,6.777,0.00
1786355396,bench_mixed,0.00,0.00,0.0,0.129,0.000,67.839,6.778,0.00
1786355401,bench_mixed,0.00,0.00,0.0,0.129,0.000,67.839,6.778,0.00
1786355406,bench_mixed,0.00,0.00,0.0,0.129,0.000,67.839,6.778,0.00
1786355411,bench_mixed,0.00,0.00,0.0,0.129,0.000,67.839,6.778,0.00
1786355416,bench_mixed,0.00,0.00,0.0,0.129,0.000,67.839,6.779,0.00
1786355421,bench_mixed,0.00,0.00,0.0,0.129,0.000,67.839,6.779,0.00
1786355426,bench_mixed,0.00,0.00,0.0,0.129,0.000,67.839,6.779,0.00
1786355432,bench_mixed,0.00,0.00,0.0,0.129,0.000,67.839,6.779,0.00
1786355437,bench_mixed,0.00,0.00,0.0,0.129,0.000,67.839,6.779,0.00
1786355442,bench_mixed,0.00,0.00,0.0,0.129,0.000,67.839,6.779,0.00
1786355447,bench_mixed,0.00,0.00,0.0,0.129,0.000,67.839,6.780,0.00
1786355452,bench_mixed,0.00,0.00,0.0,0.129,0.000,67.839,6.780,0.00
1786355457,bench_mixed,0.00,0.00,0.0,0.129,0.000,67.839,6.779,0.00
1786355462,bench_mixed,0.00,0.00,0.0,0.129,0.000,67.839,6.779,0.00
1786355467,bench_mixed,0.00,0.00,0.0,0.129,0.000,67.839,6.779,0.00
1786355472,bench_mixed,0.00,0.00,0.0,0.129,0.000,67.839,6.779,0.00
1786355477,bench_mixed,0.00,0.00,0.0,0.129,0.000,67.839,6.780,0.00
1786355482,bench_mixed,0.00,0.00,0.0,0.129,0.000,67.839,6.781,0.00
1786355487,bench_mixed,0.00,0.00,0.0,0.129,0.000,67.839,6.780,0.00
1786355492,bench_mixed,0.00,0.00,0.0,0.129,0.000,67.839,6.780,0.00
1786355497,bench_mixed,0.00,0.00,0.0,0.129,0.000,67.839,6.781,0.00
1786355502,bench_mixed,0.00,0.00,0.0,0.129,0.000,67.839,6.781,0.00
1786355507,bench_mixed,0.00,0.00,0.0,0.129,0.000,67.839,6.781,0.00
1786355512,bench_mixed,0.00,0.00,0.0,0.129,0.000,67.839,6.781,0.00
1786355517,bench_mixed,0.00,0.00,0.0,0.129,0.000,67.839,6.781,0.00
1786355522,bench_mixed,0.00,0.00,0.0,0.129,0.000,67.839,6.781,0.00
1786355528,bench_mixed,0.00,0.00,0.0,0.129,0.000,67.839,6.781,0.00
1786355533,bench_mixed,0.00,0.00,0.0,0.129,0.000,67.839,6.781,0.00
1786355538,bench_mixed,0.00,0.00,0.0,0.129,0.000,67.839,6.781,0.00
1786355543,bench_mixed,0.00,0.00,0.0,0.129,0.000,67.839,6.780,0.00
1786355548,bench_mixed,0.00,0.00,0.0,0.129,0.000,67.839,6.782,0.00
1786355553,bench_mixed,0.00,0.00,0.0,0.129,0.000,67.839,6.782,0.00
1786355558,bench_mixed,0.00,0.00,0.0,0.129,0.000,67.839,6.784,0.00
1786355563,bench_mixed,0.00,0.00,0.0,0.129,0.000,67.839,6.783,0.00
1786355568,bench_mixed,0.00,0.00,0.0,0.129,0.000,67.839,6.784,0.00
1786355573,bench_mixed,0.00,0.00,0.0,0.129,0.000,67.839,6.783,0.00
1786355578,bench_mixed,0.00,0.00,0.0,0.129,0.000,67.839,6.784,0.00
1786355583,bench_mixed,0.00,0.00,0.0,0.129,0.000,67.839,6.784,0.00
1786355588,bench_mixed,0.00,0.00,0.0,0.129,0.000,67.839,6.783,0.00
1786355593,bench_mixed,0.00,0.00,0.0,0.129,0.000,67.839,6.784,0.00
1786355598,bench_mixed,0.00,0.00,0.0,0.129,0.000,67.839,6.785,0.00
1786355603,bench_mixed,0.00,0.00,0.0,0.129,0.000,67.839,6.785,0.00
1786355608,bench_mixed,0.00,0.00,0.0,0.129,0.000,67.839,6.784,0.00
1786355613,bench_mixed,0.00,0.00,0.0,0.129,0.000,67.839,6.783,0.00
1786355618,bench_mixed,0.00,0.00,0.0,0.129,0.000,67.839,6.783,0.00
1786355623,bench_mixed,0.00,0.00,0.0,0.129,0.000,67.839,6.783,0.00
1786355629,bench_mixed,0.00,0.00,0.0,0.129,0.000,67.839,6.782,0.00
1786355634,bench_mixed,0.00,0.00,0.0,0.129,0.000,67.839,6.784,0.00
1786355639,bench_mixed,0.00,0.00,0.0,0.129,0.000,67.839,6.783,0.00
1786355644,bench_mixed,0.00,0.00,0.0,0.129,0.000,67.839,6.782,0.00
1786355649,bench_mixed,0.00,0.00,0.0,0.129,0.000,67.839,6.782,0.00
1786355654,bench_mixed,0.00,0.00,0.0,0.129,0.000,67.839,6.782,0.00
1786355659,bench_mixed,0.00,0.00,0.0,0.129,0.000,67.839,6.783,0.00
1786355664,bench_mixed,0.00,0.00,0.0,0.129,0.000,67.839,6.783,0.00
1786355669,bench_mixed,0.00,0.00,0.0,0.129,0.000,67.839,6.783,0.00
1786355674,bench_mixed,0.00,0.00,0.0,0.129,0.000,67.839,6.783,0.00
1786355679,bench_mixed,0.00,0.00,0.0,0.129,0.000,67.839,6.783,0.00
1786355684,bench_mixed,0.00,0.00,0.0,0.129,0.000,67.839,6.777,0.03
1786355689,bench_mixed,0.00,0.00,0.0,0.129,0.000,67.839,6.777,0.03
1786355694,bench_mixed,0.00,0.00,0.0,0.129,0.000,67.839,6.777,0.00
1786355699,bench_mixed,0.00,0.00,0.0,0.129,0.000,67.839,6.777,0.00
1786355704,bench_mixed,0.00,0.00,0.0,0.129,0.000,67.839,6.779,0.00
1786355709,bench_mixed,0.00,0.00,0.0,0.129,0.000,67.839,6.780,0.00
1786355714,bench_mixed,0.00,0.00,0.0,0.129,0.000,67.839,6.781,0.00
1786355719,bench_mixed,0.00,0.00,0.0,0.129,0.000,67.839,6.781,0.00
1786355725,bench_mixed,0.00,0.00,0.0,0.129,0.000,67.839,6.780,0.00
1786355730,bench_mixed,0.00,0.00,0.0,0.129,0.000,67.839,6.781,0.00
1786355735,bench_mixed,0.00,0.00,0.0,0.129,0.000,67.839,6.781,0.00
1786355740,bench_mixed,0.00,0.00,0.0,0.129,0.000,67.839,6.781,0.00
1786355745,bench_mixed,0.00,0.00,0.0,0.129,0.000,67.839,6.781,0.00
1786355750,bench_mixed,0.00,0.00,0.0,0.129,0.000,67.839,6.782,0.00
1786355755,bench_mixed,0.00,0.00,0.0,0.129,0.000,67.839,6.782,0.00
1786355760,bench_mixed,0.00,0.00,0.0,0.129,0.000,67.839,6.781,0.00
1786355765,bench_mixed,0.00,0.00,0.0,0.129,0.000,67.839,6.781,0.00
1786355770,bench_mixed,0.00,0.00,0.0,0.129,0.000,67.839,6.780,0.00
1786355775,bench_mixed,0.00,0.00,0.0,0.129,0.000,67.839,6.780,0.00
1786355780,bench_mixed,0.00,0.00,0.0,0.129,0.000,67.839,6.780,0.00
1786355785,bench_mixed,0.00,0.00,0.0,0.129,0.000,67.839,6.780,0.00
1786355790,bench_mixed,0.00,0.00,0.0,0.129,0.000,67.839,6.780,0.00
1786355795,bench_mixed,0.00,0.00,0.0,0.129,0.000,67.839,6.780,0.00
1786355800,bench_mixed,0.00,0.00,0.0,0.129,0.000,67.839,6.781,0.00
1786355805,bench_mixed,0.00,0.00,0.0,0.129,0.000,67.839,6.781,0.00
1786355810,bench_mixed,0.00,0.00,0.0,0.129,0.000,67.839,6.781,0.00
1786355815,bench_mixed,0.00,0.00,0.0,0.129,0.000,67.839,6.781,0.00
1786355821,bench_mixed,0.00,0.00,0.0,0.129,0.000,67.839,6.781,0.00
1786355826,bench_mixed,0.00,0.00,0.0,0.129,0.000,67.839,6.781,0.00
1786355831,bench_mixed,0.00,0.00,0.0,0.129,0.000,67.839,6.781,0.00
1786355836,bench_mixed,0.00,0.00,0.0,0.129,0.000,67.839,6.782,0.00
1786355841,bench_mixed,0.00,0.00,0.0,0.129,0.000,67.839,6.782,0.00
1786355846,bench_mixed,0.00,0.00,0.0,0.129,0.000,67.839,6.782,0.00
1786355851,bench_mixed,0.00,0.00,0.0,0.129,0.000,67.839,6.782,0.00
1786355856,bench_mixed,0.00,0.00,0.0,0.129,0.000,67.839,6.782,0.00
1786355861,bench_mixed,0.00,0.00,0.0,0.129,0.000,67.839,6.782,0.00
1786355866,bench_mixed,0.00,0.00,0.0,0.129,0.000,67.839,6.782,0.00
1786355871,bench_mixed,0.00,0.00,0.0,0.129,0.000,67.839,6.782,0.00
1786355876,bench_mixed,0.00,0.00,0.0,0.129,0.000,67.839,6.782,0.00
1786355881,bench_mixed,0.00,0.00,0.0,0.129,0.000,67.839,6.782,0.00
1786355886,bench_mixed,0.00,0.00,0.0,0.129,0.000,67.839,6.782,0.00
1786355891,bench_mixed,0.00,0.00,0.0,0.129,0.000,67.839,6.782,0.00
1786355896,bench_mixed,0.00,0.00,0.0,0.129,0.000,67.839,6.782,0.00
1786355901,bench_mixed,0.00,0.00,0.0,0.129,0.000,67.839,6.782,0.00
1786355906,bench_mixed,0.00,0.00,0.0,0.129,0.000,67.839,6.782,0.00
1786355911,bench_mixed,0.00,0.00,0.0,0.129,0.000,67.839,6.782,0.00
1786355916,bench_mixed,0.00,0.00,0.0,0.129,0.000,67.839,6.782,0.00
1786355922,bench_mixed,0.00,0.00,0.0,0.129,0.000,67.839,6.783,0.00
1786355927,bench_mixed,0.00,0.00,0.0,0.129,0.000,67.839,6.783,0.00
1786355932,bench_mixed,0.00,0.00,0.0,0.129,0.000,67.839,6.782,0.00
1786355937,bench_mixed,0.00,0.00,0.0,0.129,0.000,67.839,6.782,0.00
1786355942,bench_mixed,0.00,0.00,0.0,0.129,0.000,67.839,6.783,0.00
1786355947,bench_mixed,0.00,0.00,0.0,0.129,0.000,67.839,6.783,0.00
1786355952,bench_mixed,0.00,0.00,0.0,0.129,0.000,67.839,6.784,0.00
1786355957,bench_mixed,0.00,0.00,0.0,0.129,0.000,67.839,6.784,0.00
1786355962,bench_mixed,0.00,0.00,0.0,0.129,0.000,67.839,6.784,0.00
1786355967,bench_mixed,0.00,0.00,0.0,0.129,0.000,67.839,6.784,0.00
1786355972,bench_mixed,0.00,0.00,0.0,0.129,0.000,67.839,6.784,0.00
1786355977,bench_mixed,0.00,0.00,0.0,0.129,0.000,67.839,6.785,0.00
1786355982,bench_mixed,0.00,0.00,0.0,0.129,0.000,67.839,6.785,0.00
1786355987,bench_mixed,0.00,0.00,0.0,0.129,0.000,67.839,6.775,0.06
1786355992,bench_mixed,0.00,0.00,0.0,0.129,0.000,67.839,6.775,0.00
1786355997,bench_mixed,0.00,0.00,0.0,0.129,0.000,67.839,6.775,0.00
1786356002,bench_mixed,0.00,0.00,0.0,0.129,0.000,67.839,6.775,0.00
1786356007,bench_mixed,0.00,0.00,0.0,0.129,0.000,67.839,6.776,0.00
1786356012,bench_mixed,0.00,0.00,0.0,0.129,0.000,67.839,6.776,0.00
1786356018,bench_mixed,0.00,0.00,0.0,0.129,0.000,67.839,6.776,0.00
1786356023,bench_mixed,0.00,0.00,0.0,0.129,0.000,67.839,6.776,0.00
1786356028,bench_mixed,0.00,0.00,0.0,0.129,0.000,67.839,6.776,0.00
1786356033,bench_mixed,0.00,0.00,0.0,0.129,0.000,67.839,6.778,0.00
1786356038,bench_mixed,0.00,0.00,0.0,0.129,0.000,67.839,6.778,0.00
1786356043,bench_mixed,0.00,0.00,0.0,0.129,0.000,67.839,6.778,0.00
1786356048,bench_mixed,0.00,0.00,0.0,0.129,0.000,67.839,6.778,0.00
1786356053,bench_mixed,0.00,0.00,0.0,0.129,0.000,67.839,6.778,0.00
1786356058,bench_mixed,0.00,0.00,0.0,0.129,0.000,67.839,6.778,0.00
1786356063,bench_mixed,0.00,0.00,0.0,0.129,0.000,67.839,6.777,0.00
1786356068,bench_mixed,0.00,0.00,0.0,0.129,0.000,67.839,6.778,0.00
1786356073,bench_mixed,0.00,0.00,0.0,0.129,0.000,67.839,6.778,0.00
1786356078,bench_mixed,0.00,0.00,0.0,0.129,0.000,67.839,6.779,0.00
1786356083,bench_mixed,0.00,0.00,0.0,0.129,0.000,67.839,6.779,0.00
1786356088,bench_mixed,0.00,0.00,0.0,0.129,0.000,67.839,6.779,0.00
1786356093,bench_mixed,0.00,0.00,0.0,0.129,0.000,67.839,6.779,0.00
1786356098,bench_mixed,0.00,0.00,0.0,0.129,0.000,67.839,6.779,0.00
1786356103,bench_mixed,0.00,0.00,0.0,0.129,0.000,67.839,6.779,0.00
1786356108,bench_mixed,0.00,0.00,0.0,0.129,0.000,67.839,6.779,0.00
1786356114,bench_mixed,0.00,0.00,0.0,0.129,0.000,67.839,6.779,0.00
1786356119,bench_mixed,0.00,0.00,0.0,0.129,0.000,67.839,6.780,0.00
1786356124,bench_mixed,0.00,0.00,0.0,0.129,0.000,67.839,6.780,0.00
1786356129,bench_mixed,0.00,0.00,0.0,0.129,0.000,67.839,6.779,0.00
1786356134,bench_mixed,0.00,0.00,0.0,0.129,0.000,67.839,6.779,0.00
1786356139,bench_mixed,0.00,0.00,0.0,0.129,0.000,67.839,6.779,0.00
1786356144,bench_mixed,0.00,0.00,0.0,0.129,0.000,67.839,6.778,0.00
1786356149,bench_mixed,0.00,0.00,0.0,0.129,0.000,67.839,6.778,0.00
1786356154,bench_mixed,0.00,0.00,0.0,0.129,0.000,67.839,6.778,0.00
1786356159,bench_mixed,0.00,0.00,0.0,0.129,0.000,67.839,6.778,0.00
1786356164,bench_mixed,0.00,0.00,0.0,0.129,0.000,67.839,6.778,0.00
1786356169,bench_mixed,0.00,0.00,0.0,0.129,0.000,67.839,6.778,0.00
1786356174,bench_mixed,0.00,0.00,0.0,0.129,0.000,67.839,6.779,0.00
1786356179,bench_mixed,0.00,0.00,0.0,0.129,0.000,67.839,6.779,0.00
1786356184,bench_mixed,0.00,0.00,0.0,0.129,0.000,67.839,6.780,0.00
1786356189,bench_mixed,0.00,0.00,0.0,0.129,0.000,67.839,6.779,0.00
1786356194,bench_mixed,0.00,0.00,0.0,0.129,0.000,67.839,6.779,0.00
1786356199,bench_mixed,0.00,0.00,0.0,0.129,0.000,67.839,6.779,0.00
1786356204,bench_mixed,0.00,0.00,0.0,0.129,0.000,67.839,6.778,0.00
1786356209,bench_mixed,0.00,0.00,0.0,0.129,0.000,67.839,6.778,0.00
1786356215,bench_mixed,0.00,0.00,0.0,0.129,0.000,67.839,6.778,0.00
1786356220,bench_mixed,0.00,0.00,0.0,0.129,0.000,67.839,6.779,0.00
1786356225,bench_mixed,0.00,0.00,0.0,0.129,0.000,67.839,6.779,0.00
1786356230,bench_mixed,0.00,0.00,0.0,0.129,0.000,67.839,6.779,0.00
1786356235,bench_mixed,0.00,0.00,0.0,0.129,0.000,67.839,6.779,0.00
1786356240,bench_mixed,0.00,0.00,0.0,0.129,0.000,67.839,6.779,0.00
1786356245,bench_mixed,0.00,0.00,0.0,0.129,0.000,67.839,6.779,0.00
1786356250,bench_mixed,0.00,0.00,0.0,0.129,0.000,67.839,6.781,0.00
1786356255,bench_mixed,0.00,0.00,0.0,0.129,0.000,67.839,6.781,0.00
1786356260,bench_mixed,0.00,0.00,0.0,0.129,0.000,67.839,6.782,0.00
1786356265,bench_mixed,0.00,0.00,0.0,0.129,0.000,67.839,6.782,0.00
1786356270,bench_mixed,0.00,0.00,0.0,0.129,0.000,67.839,6.782,0.00
1786356275,bench_mixed,0.00,0.00,0.0,0.129,0.000,67.839,6.782,0.00
1786356280,bench_mixed,0.00,0.00,0.0,0.129,0.000,67.839,6.781,0.00
1786356285,bench_mixed,0.00,0.00,0.0,0.129,0.000,67.839,6.776,0.04
1786356290,bench_mixed,0.00,0.00,0.0,0.129,0.000,67.839,6.774,0.01
1786356295,bench_mixed,0.00,0.00,0.0,0.129,0.000,67.839,6.775,0.00
1786356300,bench_mixed,0.00,0.00,0.0,0.129,0.000,67.839,6.775,0.00
1786356305,bench_mixed,0.00,0.00,0.0,0.129,0.000,67.839,6.775,0.00
1786356311,bench_mixed,0.00,0.00,0.0,0.129,0.000,67.839,6.776,0.00
1786356316,bench_mixed,0.00,0.00,0.0,0.129,0.000,67.839,6.776,0.00
1786356321,bench_mixed,0.00,0.00,0.0,0.129,0.000,67.839,6.776,0.00
1786356326,bench_mixed,0.00,0.00,0.0,0.129,0.000,67.839,6.776,0.00
1786356331,bench_mixed,0.00,0.00,0.0,0.129,0.000,67.839,6.777,0.00
1786356336,bench_mixed,0.00,0.00,0.0,0.129,0.000,67.839,6.778,0.00
1786356341,bench_mixed,0.00,0.00,0.0,0.129,0.000,67.839,6.777,0.00
1786356346,bench_mixed,0.00,0.00,0.0,0.129,0.000,67.839,6.779,0.00
1786356351,bench_mixed,0.00,0.00,0.0,0.129,0.000,67.839,6.779,0.00
1786356356,bench_mixed,0.00,0.00,0.0,0.129,0.000,67.839,6.779,0.00
1786356361,bench_mixed,0.00,0.00,0.0,0.129,0.000,67.839,6.779,0.00
1786356366,bench_mixed,0.00,0.00,0.0,0.129,0.000,67.839,6.779,0.00
1786356371,bench_mixed,0.00,0.00,0.0,0.129,0.000,67.839,6.780,0.00
1786356376,bench_mixed,0.00,0.00,0.0,0.129,0.000,67.839,6.779,0.00
1786356381,bench_mixed,0.00,0.00,0.0,0.129,0.000,67.839,6.779,0.00
1786356386,bench_mixed,0.00,0.00,0.0,0.129,0.000,67.839,6.779,0.00
1786356391,bench_mixed,0.00,0.00,0.0,0.129,0.000,67.839,6.780,0.00
1786356396,bench_mixed,0.00,0.00,0.0,0.129,0.000,67.839,6.779,0.00
1786356401,bench_mixed,0.00,0.00,0.0,0.129,0.000,67.839,6.779,0.00
1786356407,bench_mixed,0.00,0.00,0.0,0.129,0.000,67.839,6.779,0.00
1786356412,bench_mixed,0.00,0.00,0.0,0.129,0.000,67.839,6.779,0.00
1786356417,bench_mixed,0.00,0.00,0.0,0.129,0.000,67.839,6.779,0.00
1786356422,bench_mixed,0.00,0.00,0.0,0.129,0.000,67.839,6.779,0.00
1786356427,bench_mixed,0.00,0.00,0.0,0.129,0.000,67.839,6.781,0.00
1786356432,bench_mixed,0.00,0.00,0.0,0.129,0.000,67.839,6.780,0.00
1786356437,bench_mixed,0.00,0.00,0.0,0.129,0.000,67.839,6.780,0.00
1786356442,bench_mixed,0.00,0.00,0.0,0.129,0.000,67.839,6.780,0.00
1786356447,bench_mixed,0.00,0.00,0.0,0.129,0.000,67.839,6.779,0.00
1786356452,bench_mixed,0.00,0.00,0.0,0.129,0.000,67.839,6.780,0.00
1786356457,bench_mixed,0.00,0.00,0.0,0.129,0.000,67.839,6.780,0.00
1786356462,bench_mixed,0.00,0.00,0.0,0.129,0.000,67.839,6.780,0.00
1786356467,bench_mixed,0.00,0.00,0.0,0.129,0.000,67.839,6.780,0.00
1786356472,bench_mixed,0.00,0.00,0.0,0.129,0.000,67.839,6.780,0.00
1786356477,bench_mixed,0.00,0.00,0.0,0.129,0.000,67.839,6.780,0.00
1786356482,bench_mixed,0.00,0.00,0.0,0.129,0.000,67.839,6.780,0.00
1786356487,bench_mixed,0.00,0.00,0.0,0.129,0.000,67.839,6.780,0.00
1786356492,bench_mixed,0.00,0.00,0.0,0.129,0.000,67.839,6.780,0.00
1786356497,bench_mixed,0.00,0.00,0.0,0.129,0.000,67.839,6.780,0.00
1786356502,bench_mixed,0.00,0.00,0.0,0.129,0.000,67.839,6.780,0.00
1786356508,bench_mixed,0.00,0.00,0.0,0.129,0.000,67.839,6.781,0.00
1786356513,bench_mixed,0.00,0.00,0.0,0.129,0.000,67.839,6.781,0.00
1786356518,bench_mixed,0.00,0.00,0.0,0.129,0.000,67.839,6.782,0.00
1786356523,bench_mixed,0.00,0.00,0.0,0.129,0.000,67.839,6.781,0.00
1786356528,bench_mixed,0.00,0.00,0.0,0.129,0.000,67.839,6.782,0.00
1786356533,bench_mixed,0.00,0.00,0.0,0.129,0.000,67.839,6.782,0.00
1786356538,bench_mixed,0.00,0.00,0.0,0.129,0.000,67.839,6.783,0.00
1786356543,bench_mixed,0.00,0.00,0.0,0.129,0.000,67.839,6.783,0.00
1786356548,bench_mixed,0.00,0.00,0.0,0.129,0.000,67.839,6.782,0.00
1786356553,bench_mixed,0.00,0.00,0.0,0.129,0.000,67.839,6.783,0.00
1786356558,bench_mixed,0.00,0.00,0.0,0.129,0.000,67.839,6.784,0.00
1786356563,bench_mixed,0.00,0.00,0.0,0.129,0.000,67.839,6.784,0.00
1786356568,bench_mixed,0.00,0.00,0.0,0.129,0.000,67.839,6.784,0.00
1786356573,bench_mixed,0.00,0.00,0.0,0.129,0.000,67.839,6.785,0.00
1786356578,bench_mixed,0.00,0.00,0.0,0.129,0.000,67.839,6.784,0.00
1786356583,bench_mixed,0.00,0.00,0.0,0.129,0.000,67.839,6.784,0.00
1786356588,bench_mixed,0.00,0.00,0.0,0.129,0.000,67.839,6.781,0.06
1786356593,bench_mixed,0.00,0.00,0.0,0.129,0.000,67.839,6.782,0.00
1786356598,bench_mixed,0.00,0.00,0.0,0.129,0.000,67.839,6.781,0.00
1786356603,bench_mixed,0.00,0.00,0.0,0.129,0.000,67.839,6.782,0.00
1786356609,bench_mixed,0.00,0.00,0.0,0.129,0.000,67.839,6.782,0.00
1786356614,bench_mixed,0.00,0.00,0.0,0.129,0.000,67.839,6.782,0.00
1786356619,bench_mixed,0.00,0.00,0.0,0.129,0.000,67.839,6.782,0.00
1786356624,bench_mixed,0.00,0.00,0.0,0.129,0.000,67.839,6.782,0.00
1786356629,bench_mixed,0.00,0.00,0.0,0.129,0.000,67.839,6.782,0.00
1786356634,bench_mixed,0.00,0.00,0.0,0.129,0.000,67.839,6.782,0.00
1786356639,bench_mixed,0.00,0.00,0.0,0.129,0.000,67.839,6.782,0.00
1786356644,bench_mixed,0.00,0.00,0.0,0.129,0.000,67.839,6.782,0.00
1786356649,bench_mixed,0.00,0.00,0.0,0.129,0.000,67.839,6.782,0.00
1786356654,bench_mixed,0.00,0.00,0.0,0.129,0.000,67.839,6.783,0.00
1786356659,bench_mixed,0.00,0.00,0.0,0.129,0.000,67.839,6.783,0.00
1786356664,bench_mixed,0.00,0.00,0.0,0.129,0.000,67.839,6.782,0.00
1786356669,bench_mixed,0.00,0.00,0.0,0.129,0.000,67.839,6.783,0.00
1786356674,bench_mixed,0.00,0.00,0.0,0.129,0.000,67.839,6.783,0.00
1786356679,bench_mixed,0.00,0.00,0.0,0.129,0.000,67.839,6.783,0.00
1786356684,bench_mixed,0.00,0.00,0.0,0.129,0.000,67.839,6.783,0.00
1786356689,bench_mixed,0.00,0.00,0.0,0.129,0.000,67.839,6.783,0.00
1786356694,bench_mixed,0.00,0.00,0.0,0.129,0.000,67.839,6.783,0.00
1786356699,bench_mixed,0.00,0.00,0.0,0.129,0.000,67.839,6.782,0.00
1786356705,bench_mixed,0.00,0.00,0.0,0.129,0.000,67.839,6.782,0.00
1786356710,bench_mixed,0.00,0.00,0.0,0.129,0.000,67.839,6.782,0.00
1786356715,bench_mixed,0.00,0.00,0.0,0.129,0.000,67.839,6.782,0.00
1786356720,bench_mixed,0.00,0.00,0.0,0.129,0.000,67.839,6.781,0.00
1786356725,bench_mixed,0.00,0.00,0.0,0.129,0.000,67.839,6.782,0.00
1786356730,bench_mixed,0.00,0.00,0.0,0.129,0.000,67.839,6.782,0.00
1786356735,bench_mixed,0.00,0.00,0.0,0.129,0.000,67.839,6.781,0.00
1786356740,bench_mixed,0.00,0.00,0.0,0.129,0.000,67.839,6.781,0.00
1786356745,bench_mixed,0.00,0.00,0.0,0.129,0.000,67.839,6.781,0.00
1786356750,bench_mixed,0.00,0.00,0.0,0.129,0.000,67.839,6.781,0.00
1786356755,bench_mixed,0.00,0.00,0.0,0.129,0.000,67.839,6.781,0.00
1786356760,bench_mixed,0.00,0.00,0.0,0.129,0.000,67.839,6.782,0.00
1786356765,bench_mixed,0.00,0.00,0.0,0.129,0.000,67.839,6.782,0.00
1786356770,bench_mixed,0.00,0.00,0.0,0.129,0.000,67.839,6.783,0.00
1786356775,bench_mixed,0.00,0.00,0.0,0.129,0.000,67.839,6.782,0.00
1786356780,bench_mixed,0.00,0.00,0.0,0.129,0.000,67.839,6.782,0.00
1786356785,bench_mixed,0.00,0.00,0.0,0.129,0.000,67.839,6.782,0.00
1786356790,bench_mixed,0.00,0.00,0.0,0.129,0.000,67.839,6.782,0.00
1786356795,bench_mixed,0.00,0.00,0.0,0.129,0.000,67.839,6.781,0.00
1786356800,bench_mixed,0.00,0.00,0.0,0.129,0.000,67.839,6.782,0.00
1786356805,bench_mixed,0.00,0.00,0.0,0.129,0.000,67.839,6.783,0.00
1786356811,bench_mixed,0.00,0.00,0.0,0.129,0.000,67.839,6.782,0.00
1786356816,bench_mixed,0.00,0.00,0.0,0.129,0.000,67.839,6.783,0.00
1786356821,bench_mixed,0.00,0.00,0.0,0.129,0.000,67.839,6.784,0.00
1786356826,bench_mixed,0.00,0.00,0.0,0.129,0.000,67.839,6.783,0.00
1786356831,bench_mixed,0.00,0.00,0.0,0.129,0.000,67.839,6.783,0.00
1786356836,bench_mixed,0.00,0.00,0.0,0.129,0.000,67.839,6.783,0.00
1786356841,bench_mixed,0.00,0.00,0.0,0.129,0.000,67.839,6.784,0.00
1786356846,bench_mixed,0.00,0.00,0.0,0.129,0.000,67.839,6.784,0.00
1786356851,bench_mixed,0.00,0.00,0.0,0.129,0.000,67.839,6.784,0.00
1786356856,bench_mixed,0.00,0.00,0.0,0.129,0.000,67.839,6.784,0.00
1786356861,bench_mixed,0.00,0.00,0.0,0.129,0.000,67.839,6.785,0.00
1786356866,bench_mixed,0.00,0.00,0.0,0.129,0.000,67.839,6.784,0.00
1786356871,bench_mixed,0.00,0.00,0.0,0.129,0.000,67.839,6.784,0.00
1786356876,bench_mixed,0.00,0.00,0.0,0.129,0.000,67.839,6.784,0.00
1786356881,bench_mixed,0.00,0.00,0.0,0.129,0.000,67.839,6.784,0.00
1786356886,bench_mixed,0.00,0.00,0.0,0.129,0.000,67.839,6.781,0.06
1786356891,bench_mixed,0.00,0.00,0.0,0.129,0.000,67.839,6.782,0.00
1786356896,bench_mixed,0.00,0.00,0.0,0.129,0.000,67.839,6.782,0.00
1786356901,bench_mixed,0.00,0.00,0.0,0.129,0.000,67.839,6.782,0.00
1786356907,bench_mixed,0.00,0.00,0.0,0.129,0.000,67.839,6.782,0.00
1786356912,bench_mixed,0.00,0.00,0.0,0.129,0.000,67.839,6.781,0.00
1786356917,bench_mixed,0.00,0.00,0.0,0.129,0.000,67.839,6.781,0.00
1786356922,bench_mixed,0.00,0.00,0.0,0.129,0.000,67.839,6.781,0.00
1786356927,bench_mixed,0.00,0.00,0.0,0.129,0.000,67.839,6.782,0.00
1786356932,bench_mixed,0.00,0.00,0.0,0.129,0.000,67.839,6.783,0.00
1786356937,bench_mixed,0.00,0.00,0.0,0.129,0.000,67.839,6.782,0.00
1786356942,bench_mixed,0.00,0.00,0.0,0.129,0.000,67.839,6.782,0.00
1786356947,bench_mixed,0.00,0.00,0.0,0.129,0.000,67.839,6.781,0.00
1786356952,bench_mixed,0.00,0.00,0.0,0.129,0.000,67.839,6.782,0.00
1786356957,bench_mixed,0.00,0.00,0.0,0.129,0.000,67.839,6.781,0.00
1786356962,bench_mixed,0.00,0.00,0.0,0.129,0.000,67.839,6.782,0.00
1786356967,bench_mixed,0.00,0.00,0.0,0.129,0.000,67.839,6.782,0.00
1786356972,bench_mixed,0.00,0.00,0.0,0.129,0.000,67.839,6.782,0.00
1786356977,bench_mixed,0.00,0.00,0.0,0.129,0.000,67.839,6.782,0.00
1786356982,bench_mixed,0.00,0.00,0.0,0.129,0.000,67.839,6.781,0.00
1786356987,bench_mixed,0.00,0.00,0.0,0.129,0.000,67.839,6.781,0.00
1786356992,bench_mixed,0.00,0.00,0.0,0.129,0.000,67.839,6.781,0.00
1786356997,bench_mixed,0.00,0.00,0.0,0.129,0.000,67.839,6.782,0.00
1786357002,bench_mixed,0.00,0.00,0.0,0.129,0.000,67.839,6.783,0.00
1786357008,bench_mixed,0.00,0.00,0.0,0.129,0.000,67.839,6.782,0.00
1786357013,bench_mixed,0.00,0.00,0.0,0.129,0.000,67.839,6.782,0.00
1786357018,bench_mixed,0.00,0.00,0.0,0.129,0.000,67.839,6.782,0.00
1786357023,bench_mixed,0.00,0.00,0.0,0.129,0.000,67.839,6.783,0.00
1786357028,bench_mixed,0.00,0.00,0.0,0.129,0.000,67.839,6.784,0.00
1786357033,bench_mixed,0.00,0.00,0.0,0.129,0.000,67.839,6.784,0.00
1786357038,bench_mixed,0.00,0.00,0.0,0.129,0.000,67.839,6.784,0.00
1786357043,bench_mixed,0.00,0.00,0.0,0.129,0.000,67.839,6.784,0.00
1786357048,bench_mixed,0.00,0.00,0.0,0.129,0.000,67.839,6.784,0.00
1786357053,bench_mixed,0.00,0.00,0.0,0.129,0.000,67.839,6.784,0.00
1786357058,bench_mixed,0.00,0.00,0.0,0.129,0.000,67.839,6.784,0.00
1786357063,bench_mixed,0.00,0.00,0.0,0.129,0.000,67.839,6.784,0.00
1786357068,bench_mixed,0.00,0.00,0.0,0.129,0.000,67.839,6.783,0.00
1786357073,bench_mixed,0.00,0.00,0.0,0.129,0.000,67.839,6.783,0.00
1786357078,bench_mixed,0.00,0.00,0.0,0.129,0.000,67.839,6.784,0.00
1786357083,bench_mixed,0.00,0.00,0.0,0.129,0.000,67.839,6.784,0.00
1786357088,bench_mixed,0.00,0.00,0.0,0.129,0.000,67.839,6.784,0.00
1786357093,bench_mixed,0.00,0.00,0.0,0.129,0.000,67.839,6.784,0.00
1786357098,bench_mixed,0.00,0.00,0.0,0.129,0.000,67.839,6.784,0.00
1786357104,bench_mixed,0.00,0.00,0.0,0.129,0.000,67.839,6.783,0.00
1786357109,bench_mixed,0.00,0.00,0.0,0.129,0.000,67.839,6.783,0.00
1786357114,bench_mixed,0.00,0.00,0.0,0.129,0.000,67.839,6.785,0.00
1786357119,bench_mixed,0.00,0.00,0.0,0.129,0.000,67.839,6.785,0.00
1786357124,bench_mixed,0.00,0.00,0.0,0.129,0.000,67.839,6.785,0.00
1786357129,bench_mixed,0.00,0.00,0.0,0.129,0.000,67.839,6.785,0.00
1786357134,bench_mixed,0.00,0.00,0.0,0.129,0.000,67.839,6.784,0.00
1786357139,bench_mixed,0.00,0.00,0.0,0.129,0.000,67.839,6.784,0.00
1786357144,bench_mixed,0.00,0.00,0.0,0.129,0.000,67.839,6.784,0.00
1786357149,bench_mixed,0.00,0.00,0.0,0.129,0.000,67.839,6.785,0.00
1786357154,bench_mixed,0.00,0.00,0.0,0.129,0.000,67.839,6.784,0.00
1786357159,bench_mixed,0.00,0.00,0.0,0.129,0.000,67.839,6.784,0.00
1786357164,bench_mixed,0.00,0.00,0.0,0.129,0.000,67.839,6.784,0.00
1786357169,bench_mixed,0.00,0.00,0.0,0.129,0.000,67.839,6.785,0.00
1786357174,bench_mixed,0.00,0.00,0.0,0.129,0.000,67.839,6.785,0.00
1786357179,bench_mixed,0.00,0.00,0.0,0.129,0.000,67.839,6.785,0.00
1786357184,bench_mixed,0.00,0.00,0.0,0.129,0.000,67.839,6.783,0.03
1786357189,bench_mixed,0.00,0.00,0.0,0.129,0.000,67.839,6.779,0.03
1786357194,bench_mixed,0.00,0.00,0.0,0.129,0.000,67.839,6.779,0.00
1786357200,bench_mixed,0.00,0.00,0.0,0.129,0.000,67.839,6.779,0.00
1786357205,bench_mixed,0.00,0.00,0.0,0.129,0.000,67.839,6.780,0.00
1786357210,bench_mixed,0.00,0.00,0.0,0.129,0.000,67.839,6.780,0.00
1786357215,bench_mixed,0.00,0.00,0.0,0.129,0.000,67.839,6.780,0.00
1786357220,bench_mixed,0.00,0.00,0.0,0.129,0.000,67.839,6.780,0.00
1786357225,bench_mixed,0.00,0.00,0.0,0.129,0.000,67.839,6.780,0.00
1786357230,bench_mixed,0.00,0.00,0.0,0.129,0.000,67.839,6.780,0.00
1786357235,bench_mixed,0.00,0.00,0.0,0.129,0.000,67.839,6.780,0.00
1786357240,bench_mixed,0.00,0.00,0.0,0.129,0.000,67.839,6.780,0.00
1786357245,bench_mixed,0.00,0.00,0.0,0.129,0.000,67.839,6.779,0.00
1786357250,bench_mixed,0.00,0.00,0.0,0.129,0.000,67.839,6.779,0.00
1786357255,bench_mixed,0.00,0.00,0.0,0.129,0.000,67.839,6.779,0.00
1786357260,bench_mixed,0.00,0.00,0.0,0.129,0.000,67.839,6.779,0.00
1786357265,bench_mixed,0.00,0.00,0.0,0.129,0.000,67.839,6.778,0.00
1786357270,bench_mixed,0.00,0.00,0.0,0.129,0.000,67.839,6.779,0.00
1786357275,bench_mixed,0.00,0.00,0.0,0.129,0.000,67.839,6.778,0.00
1786357280,bench_mixed,0.00,0.00,0.0,0.129,0.000,67.839,6.778,0.00
1786357285,bench_mixed,0.00,0.00,0.0,0.129,0.000,67.839,6.779,0.00
1786357290,bench_mixed,0.00,0.00,0.0,0.129,0.000,67.839,6.779,0.00
1786357295,bench_mixed,0.00,0.00,0.0,0.129,0.000,67.839,6.779,0.00
1786357301,bench_mixed,0.00,0.00,0.0,0.129,0.000,67.839,6.778,0.00
1786357306,bench_mixed,0.00,0.00,0.0,0.129,0.000,67.839,6.778,0.00
1786357311,bench_mixed,0.00,0.00,0.0,0.129,0.000,67.839,6.778,0.00
1786357316,bench_mixed,0.00,0.00,0.0,0.129,0.000,67.839,6.778,0.00
1786357321,bench_mixed,0.00,0.00,0.0,0.129,0.000,67.839,6.778,0.00
1786357326,bench_mixed,0.00,0.00,0.0,0.129,0.000,67.839,6.778,0.00
1786357331,bench_mixed,0.00,0.00,0.0,0.129,0.000,67.839,6.778,0.00
1786357336,bench_mixed,0.00,0.00,0.0,0.129,0.000,67.839,6.778,0.00
1786357341,bench_mixed,0.00,0.00,0.0,0.129,0.000,67.839,6.779,0.00
1786357346,bench_mixed,0.00,0.00,0.0,0.129,0.000,67.839,6.779,0.00
1786357351,bench_mixed,0.00,0.00,0.0,0.129,0.000,67.839,6.778,0.00
1786357356,bench_mixed,0.00,0.00,0.0,0.129,0.000,67.839,6.779,0.00
1786357361,bench_mixed,0.00,0.00,0.0,0.129,0.000,67.839,6.778,0.00
1786357366,bench_mixed,0.00,0.00,0.0,0.129,0.000,67.839,6.778,0.00
1786357371,bench_mixed,0.00,0.00,0.0,0.129,0.000,67.839,6.779,0.00
1786357376,bench_mixed,0.00,0.00,0.0,0.129,0.000,67.839,6.779,0.00
1786357381,bench_mixed,0.00,0.00,0.0,0.129,0.000,67.839,6.779,0.00
1786357386,bench_mixed,0.00,0.00,0.0,0.129,0.000,67.839,6.779,0.00
1786357391,bench_mixed,0.00,0.00,0.0,0.129,0.000,67.839,6.779,0.00
1786357397,bench_mixed,0.00,0.00,0.0,0.129,0.000,67.839,6.779,0.00
1786357402,bench_mixed,0.00,0.00,0.0,0.129,0.000,67.839,6.779,0.00
1786357407,bench_mixed,0.00,0.00,0.0,0.129,0.000,67.839,6.779,0.00
1786357412,bench_mixed,0.00,0.00,0.0,0.129,0.000,67.839,6.779,0.00
1786357417,bench_mixed,0.00,0.00,0.0,0.129,0.000,67.839,6.779,0.00
1786357422,bench_mixed,0.00,0.00,0.0,0.129,0.000,67.839,6.779,0.00
1786357427,bench_mixed,0.00,0.00,0.0,0.129,0.000,67.839,6.779,0.00
1786357432,bench_mixed,0.00,0.00,0.0,0.129,0.000,67.839,6.779,0.00
1786357437,bench_mixed,0.00,0.00,0.0,0.129,0.000,67.839,6.779,0.00
1786357442,bench_mixed,0.00,0.00,0.0,0.129,0.000,67.839,6.779,0.00
1786357447,bench_mixed,0.00,0.00,0.0,0.129,0.000,67.839,6.778,0.00
1786357452,bench_mixed,0.00,0.00,0.0,0.129,0.000,67.839,6.778,0.00
1786357457,bench_mixed,0.00,0.00,0.0,0.129,0.000,67.839,6.778,0.00
1786357462,bench_mixed,0.00,0.00,0.0,0.129,0.000,67.839,6.778,0.00
1786357467,bench_mixed,0.00,0.00,0.0,0.129,0.000,67.839,6.778,0.00
1786357472,bench_mixed,0.00,0.00,0.0,0.129,0.000,67.839,6.778,0.00
1786357477,bench_mixed,0.00,0.00,0.0,0.129,0.000,67.839,6.778,0.00
1786357482,bench_mixed,0.00,0.00,0.0,0.129,0.000,67.839,6.778,0.00
1786357487,bench_mixed,0.00,0.00,0.0,0.129,0.000,67.839,6.774,0.06
1786357492,bench_mixed,0.00,0.00,0.0,0.129,0.000,67.839,6.774,0.00
1786357498,bench_mixed,0.00,0.00,0.0,0.129,0.000,67.839,6.774,0.00
1786357503,bench_mixed,0.00,0.00,0.0,0.129,0.000,67.839,6.775,0.00
1786357508,bench_mixed,0.00,0.00,0.0,0.129,0.000,67.839,6.775,0.00
1786357513,bench_mixed,0.00,0.00,0.0,0.129,0.000,67.839,6.776,0.00
1786357518,bench_mixed,0.00,0.00,0.0,0.129,0.000,67.839,6.777,0.00
1786357523,bench_mixed,0.00,0.00,0.0,0.129,0.000,67.839,6.777,0.00
1786357528,bench_mixed,0.00,0.00,0.0,0.129,0.000,67.839,6.777,0.00
1786357533,bench_mixed,0.00,0.00,0.0,0.129,0.000,67.839,6.776,0.00
1786357538,bench_mixed,0.00,0.00,0.0,0.129,0.000,67.839,6.776,0.00
1786357543,bench_mixed,0.00,0.00,0.0,0.129,0.000,67.839,6.776,0.00
1786357548,bench_mixed,0.00,0.00,0.0,0.129,0.000,67.839,6.776,0.00
1786357553,bench_mixed,0.00,0.00,0.0,0.129,0.000,67.839,6.776,0.00
1786357558,bench_mixed,0.00,0.00,0.0,0.129,0.000,67.839,6.776,0.00
1786357563,bench_mixed,0.00,0.00,0.0,0.129,0.000,67.839,6.776,0.00
1786357568,bench_mixed,0.00,0.00,0.0,0.129,0.000,67.839,6.776,0.00
1786357573,bench_mixed,0.00,0.00,0.0,0.129,0.000,67.839,6.777,0.00
1786357578,bench_mixed,0.00,0.00,0.0,0.129,0.000,67.839,6.777,0.00
1786357583,bench_mixed,0.00,0.00,0.0,0.129,0.000,67.839,6.777,0.00
1786357588,bench_mixed,0.00,0.00,0.0,0.129,0.000,67.839,6.777,0.00
1786357594,bench_mixed,0.00,0.00,0.0,0.129,0.000,67.839,6.778,0.00
1786357599,bench_mixed,0.00,0.00,0.0,0.129,0.000,67.839,6.777,0.00
1786357604,bench_mixed,0.00,0.00,0.0,0.129,0.000,67.839,6.777,0.00
1786357609,bench_mixed,0.00,0.00,0.0,0.129,0.000,67.839,6.777,0.00
1786357614,bench_mixed,0.00,0.00,0.0,0.129,0.000,67.839,6.778,0.00
1786357619,bench_mixed,0.00,0.00,0.0,0.129,0.000,67.839,6.777,0.00
1786357624,bench_mixed,0.00,0.00,0.0,0.129,0.000,67.839,6.779,0.00
1786357629,bench_mixed,0.00,0.00,0.0,0.129,0.000,67.839,6.778,0.00
1786357634,bench_mixed,0.00,0.00,0.0,0.129,0.000,67.839,6.778,0.00
1786357639,bench_mixed,0.00,0.00,0.0,0.129,0.000,67.839,6.778,0.00
1786357644,bench_mixed,0.00,0.00,0.0,0.129,0.000,67.839,6.778,0.00
1786357649,bench_mixed,0.00,0.00,0.0,0.129,0.000,67.839,6.778,0.00
1786357654,bench_mixed,0.00,0.00,0.0,0.129,0.000,67.839,6.778,0.00
1786357659,bench_mixed,0.00,0.00,0.0,0.129,0.000,67.839,6.778,0.00
1786357664,bench_mixed,0.00,0.00,0.0,0.129,0.000,67.839,6.778,0.00
1786357669,bench_mixed,0.00,0.00,0.0,0.129,0.000,67.839,6.778,0.00
1786357674,bench_mixed,0.00,0.00,0.0,0.129,0.000,67.839,6.779,0.00
1786357679,bench_mixed,0.00,0.00,0.0,0.129,0.000,67.839,6.778,0.00
1786357684,bench_mixed,0.00,0.00,0.0,0.129,0.000,67.839,6.778,0.00
1786357690,bench_mixed,0.00,0.00,0.0,0.129,0.000,67.839,6.778,0.00
1786357695,bench_mixed,0.00,0.00,0.0,0.129,0.000,67.839,6.778,0.00
1786357700,bench_mixed,0.00,0.00,0.0,0.129,0.000,67.839,6.778,0.00
1786357705,bench_mixed,0.00,0.00,0.0,0.129,0.000,67.839,6.778,0.00
1786357710,bench_mixed,0.00,0.00,0.0,0.129,0.000,67.839,6.778,0.00
1786357715,bench_mixed,0.00,0.00,0.0,0.129,0.000,67.839,6.778,0.00
1786357720,bench_mixed,0.00,0.00,0.0,0.129,0.000,67.839,6.778,0.00
1786357725,bench_mixed,0.00,0.00,0.0,0.129,0.000,67.839,6.779,0.00
1786357730,bench_mixed,0.00,0.00,0.0,0.129,0.000,67.839,6.779,0.00
1786357735,bench_mixed,0.00,0.00,0.0,0.129,0.000,67.839,6.778,0.00
1786357740,bench_mixed,0.00,0.00,0.0,0.129,0.000,67.839,6.778,0.00
1786357745,bench_mixed,0.00,0.00,0.0,0.129,0.000,67.839,6.778,0.00
1786357750,bench_mixed,0.00,0.00,0.0,0.129,0.000,67.839,6.778,0.00
1786357755,bench_mixed,0.00,0.00,0.0,0.129,0.000,67.839,6.778,0.00
1786357760,bench_mixed,0.00,0.00,0.0,0.129,0.000,67.839,6.778,0.00
1786357765,bench_mixed,0.00,0.00,0.0,0.129,0.000,67.839,6.778,0.00
1786357770,bench_mixed,0.00,0.00,0.0,0.129,0.000,67.839,6.778,0.00
1786357775,bench_mixed,0.00,0.00,0.0,0.129,0.000,67.839,6.779,0.00
1786357780,bench_mixed,0.00,0.00,0.0,0.129,0.000,67.839,6.779,0.00
1786357786,bench_mixed,0.00,0.00,0.0,0.129,0.000,67.839,6.771,0.04
1786357791,bench_mixed,0.00,0.00,0.0,0.129,0.000,67.839,6.770,0.01
1786357796,bench_mixed,0.00,0.00,0.0,0.129,0.000,67.839,6.770,0.00
1786357801,bench_mixed,0.00,0.00,0.0,0.129,0.000,67.839,6.771,0.00
1786357806,bench_mixed,0.00,0.00,0.0,0.129,0.000,67.839,6.771,0.00
1786357811,bench_mixed,0.00,0.00,0.0,0.129,0.000,67.839,6.771,0.00
1786357816,bench_mixed,0.00,0.00,0.0,0.129,0.000,67.839,6.771,0.00
1786357821,bench_mixed,0.00,0.00,0.0,0.129,0.000,67.839,6.771,0.00
1786357826,bench_mixed,0.00,0.00,0.0,0.129,0.000,67.839,6.771,0.00
1786357831,bench_mixed,0.00,0.00,0.0,0.129,0.000,67.839,6.771,0.00
1786357836,bench_mixed,0.00,0.00,0.0,0.129,0.000,67.839,6.772,0.00
1786357841,bench_mixed,0.00,0.00,0.0,0.129,0.000,67.839,6.773,0.00
1786357846,bench_mixed,0.00,0.00,0.0,0.129,0.000,67.839,6.772,0.00
1786357851,bench_mixed,0.00,0.00,0.0,0.129,0.000,67.839,6.772,0.00
1786357856,bench_mixed,0.00,0.00,0.0,0.129,0.000,67.839,6.772,0.00
1786357861,bench_mixed,0.00,0.00,0.0,0.129,0.000,67.839,6.771,0.00
1786357866,bench_mixed,0.00,0.00,0.0,0.129,0.000,67.839,6.773,0.00
1786357871,bench_mixed,0.00,0.00,0.0,0.129,0.000,67.839,6.773,0.00
1786357876,bench_mixed,0.00,0.00,0.0,0.129,0.000,67.839,6.773,0.00
1786357881,bench_mixed,0.00,0.00,0.0,0.129,0.000,67.839,6.774,0.00
1786357887,bench_mixed,0.00,0.00,0.0,0.129,0.000,67.839,6.774,0.00
1786357892,bench_mixed,0.00,0.00,0.0,0.129,0.000,67.839,6.773,0.00
1786357897,bench_mixed,0.00,0.00,0.0,0.129,0.000,67.839,6.774,0.00
1786357902,bench_mixed,0.00,0.00,0.0,0.129,0.000,67.839,6.773,0.00
1786357907,bench_mixed,0.00,0.00,0.0,0.129,0.000,67.839,6.773,0.00
1786357912,bench_mixed,0.00,0.00,0.0,0.129,0.000,67.839,6.773,0.00
1786357917,bench_mixed,0.00,0.00,0.0,0.129,0.000,67.839,6.773,0.00
1786357922,bench_mixed,0.00,0.00,0.0,0.129,0.000,67.839,6.773,0.00
1786357927,bench_mixed,0.00,0.00,0.0,0.129,0.000,67.839,6.773,0.00
1786357932,bench_mixed,0.00,0.00,0.0,0.129,0.000,67.839,6.773,0.00
1786357937,bench_mixed,0.00,0.00,0.0,0.129,0.000,67.839,6.773,0.00
1786357942,bench_mixed,0.00,0.00,0.0,0.129,0.000,67.839,6.773,0.00
1786357947,bench_mixed,0.00,0.00,0.0,0.129,0.000,67.839,6.773,0.00
1786357952,bench_mixed,0.00,0.00,0.0,0.129,0.000,67.839,6.773,0.00
1786357957,bench_mixed,0.00,0.00,0.0,0.129,0.000,67.839,6.774,0.00
1786357962,bench_mixed,0.00,0.00,0.0,0.129,0.000,67.839,6.774,0.00
1786357967,bench_mixed,0.00,0.00,0.0,0.129,0.000,67.839,6.774,0.00
1786357972,bench_mixed,0.00,0.00,0.0,0.129,0.000,67.839,6.774,0.00
1786357977,bench_mixed,0.00,0.00,0.0,0.129,0.000,67.839,6.775,0.00
1786357983,bench_mixed,0.00,0.00,0.0,0.129,0.000,67.839,6.775,0.00
1786357988,bench_mixed,0.00,0.00,0.0,0.129,0.000,67.839,6.775,0.00
1786357993,bench_mixed,0.00,0.00,0.0,0.129,0.000,67.839,6.775,0.00
1786357998,bench_mixed,0.00,0.00,0.0,0.129,0.000,67.839,6.775,0.00
1786358003,bench_mixed,0.00,0.00,0.0,0.129,0.000,67.839,6.775,0.00
1786358008,bench_mixed,0.00,0.00,0.0,0.129,0.000,67.839,6.776,0.00
1786358013,bench_mixed,0.00,0.00,0.0,0.129,0.000,67.839,6.776,0.00
1786358018,bench_mixed,0.00,0.00,0.0,0.129,0.000,67.839,6.777,0.00
1786358023,bench_mixed,0.00,0.00,0.0,0.129,0.000,67.839,6.776,0.00
1786358028,bench_mixed,0.00,0.00,0.0,0.129,0.000,67.839,6.776,0.00
1786358033,bench_mixed,0.00,0.00,0.0,0.129,0.000,67.839,6.775,0.00
1786358038,bench_mixed,0.00,0.00,0.0,0.129,0.000,67.839,6.775,0.00
1786358043,bench_mixed,0.00,0.00,0.0,0.129,0.000,67.839,6.775,0.00
1786358048,bench_mixed,0.00,0.00,0.0,0.129,0.000,67.839,6.774,0.00
1786358053,bench_mixed,0.00,0.00,0.0,0.129,0.000,67.839,6.774,0.00
1786358058,bench_mixed,0.00,0.00,0.0,0.129,0.000,67.839,6.775,0.00
1786358063,bench_mixed,0.00,0.00,0.0,0.129,0.000,67.839,6.774,0.00
1786358068,bench_mixed,0.00,0.00,0.0,0.129,0.000,67.839,6.774,0.00
1786358073,bench_mixed,0.00,0.00,0.0,0.129,0.000,67.839,6.774,0.00
1786358079,bench_mixed,0.00,0.00,0.0,0.129,0.000,67.839,6.774,0.00
1786358084,bench_mixed,0.00,0.00,0.0,0.129,0.000,67.839,6.774,0.00
1786358089,bench_mixed,0.00,0.00,0.0,0.129,0.000,67.839,6.769,0.06
1786358094,bench_mixed,0.00,0.00,0.0,0.129,0.000,67.839,6.769,0.00
1786358099,bench_mixed,0.00,0.00,0.0,0.129,0.000,67.839,6.769,0.00
1786358104,bench_mixed,0.00,0.00,0.0,0.129,0.000,67.839,6.770,0.00
1786358109,bench_mixed,0.00,0.00,0.0,0.129,0.000,67.839,6.771,0.00
1786358114,bench_mixed,0.00,0.00,0.0,0.129,0.000,67.839,6.772,0.00
1786358119,bench_mixed,0.00,0.00,0.0,0.129,0.000,67.839,6.772,0.00
1786358124,bench_mixed,0.00,0.00,0.0,0.129,0.000,67.839,6.773,0.00
1786358129,bench_mixed,0.00,0.00,0.0,0.129,0.000,67.839,6.773,0.00
1786358134,bench_mixed,0.00,0.00,0.0,0.129,0.000,67.839,6.773,0.00
1786358139,bench_mixed,0.00,0.00,0.0,0.129,0.000,67.839,6.773,0.00
1786358144,bench_mixed,0.00,0.00,0.0,0.129,0.000,67.839,6.774,0.00
1786358149,bench_mixed,0.00,0.00,0.0,0.129,0.000,67.839,6.774,0.00
1786358154,bench_mixed,0.00,0.00,0.0,0.129,0.000,67.839,6.774,0.00
1786358159,bench_mixed,0.00,0.00,0.0,0.129,0.000,67.839,6.774,0.00
1786358164,bench_mixed,0.00,0.00,0.0,0.129,0.000,67.839,6.774,0.00
1786358169,bench_mixed,0.00,0.00,0.0,0.129,0.000,67.839,6.774,0.00
1786358174,bench_mixed,0.00,0.00,0.0,0.129,0.000,67.839,6.774,0.00
1786358180,bench_mixed,0.00,0.00,0.0,0.129,0.000,67.839,6.774,0.00
1786358185,bench_mixed,0.00,0.00,0.0,0.129,0.000,67.839,6.774,0.00
1786358190,bench_mixed,0.00,0.00,0.0,0.129,0.000,67.839,6.775,0.00
1786358195,bench_mixed,0.00,0.00,0.0,0.129,0.000,67.839,6.775,0.00
1786358200,bench_mixed,0.00,0.00,0.0,0.129,0.000,67.839,6.775,0.00
1786358205,bench_mixed,0.00,0.00,0.0,0.129,0.000,67.839,6.776,0.00
1786358210,bench_mixed,0.00,0.00,0.0,0.129,0.000,67.839,6.776,0.00
1786358215,bench_mixed,0.00,0.00,0.0,0.129,0.000,67.839,6.776,0.00
1786358220,bench_mixed,0.00,0.00,0.0,0.129,0.000,67.839,6.776,0.00
1786358225,bench_mixed,0.00,0.00,0.0,0.129,0.000,67.839,6.777,0.00
1786358230,bench_mixed,0.00,0.00,0.0,0.129,0.000,67.839,6.777,0.00
1786358235,bench_mixed,0.00,0.00,0.0,0.129,0.000,67.839,6.778,0.00
1786358240,bench_mixed,0.00,0.00,0.0,0.129,0.000,67.839,6.778,0.00
1786358245,bench_mixed,0.00,0.00,0.0,0.129,0.000,67.839,6.777,0.00
1786358250,bench_mixed,0.00,0.00,0.0,0.129,0.000,67.839,6.777,0.00
1786358255,bench_mixed,0.00,0.00,0.0,0.129,0.000,67.839,6.777,0.00
1786358260,bench_mixed,0.00,0.00,0.0,0.129,0.000,67.839,6.777,0.00
1786358265,bench_mixed,0.00,0.00,0.0,0.129,0.000,67.839,6.777,0.00
1786358270,bench_mixed,0.00,0.00,0.0,0.129,0.000,67.839,6.777,0.00
1786358276,bench_mixed,0.00,0.00,0.0,0.129,0.000,67.839,6.777,0.00
1786358281,bench_mixed,0.00,0.00,0.0,0.129,0.000,67.839,6.777,0.00
1786358286,bench_mixed,0.00,0.00,0.0,0.129,0.000,67.839,6.778,0.00
1786358291,bench_mixed,0.00,0.00,0.0,0.129,0.000,67.839,6.779,0.00
1786358296,bench_mixed,0.00,0.00,0.0,0.129,0.000,67.839,6.779,0.00
1786358301,bench_mixed,0.00,0.00,0.0,0.129,0.000,67.839,6.779,0.00
1786358306,bench_mixed,0.00,0.00,0.0,0.129,0.000,67.839,6.780,0.00
1786358311,bench_mixed,0.00,0.00,0.0,0.129,0.000,67.839,6.780,0.00
1786358316,bench_mixed,0.00,0.00,0.0,0.129,0.000,67.839,6.781,0.00
1786358321,bench_mixed,0.00,0.00,0.0,0.129,0.000,67.839,6.781,0.00
1786358326,bench_mixed,0.00,0.00,0.0,0.129,0.000,67.839,6.781,0.00
1786358331,bench_mixed,0.00,0.00,0.0,0.129,0.000,67.839,6.782,0.00
1786358336,bench_mixed,0.00,0.00,0.0,0.129,0.000,67.839,6.781,0.00
1786358341,bench_mixed,0.00,0.00,0.0,0.129,0.000,67.839,6.781,0.00
1786358346,bench_mixed,0.00,0.00,0.0,0.129,0.000,67.839,6.782,0.00
1786358351,bench_mixed,0.00,0.00,0.0,0.129,0.000,67.839,6.782,0.00
1786358356,bench_mixed,0.00,0.00,0.0,0.129,0.000,67.839,6.784,0.00
1786358361,bench_mixed,0.00,0.00,0.0,0.129,0.000,67.839,6.784,0.00
1786358366,bench_mixed,0.00,0.00,0.0,0.129,0.000,67.839,6.784,0.00
1786358371,bench_mixed,0.00,0.00,0.0,0.129,0.000,67.839,6.784,0.00
1786358377,bench_mixed,0.00,0.00,0.0,0.129,0.000,67.839,6.785,0.00
1786358382,bench_mixed,0.00,0.00,0.0,0.129,0.000,67.839,6.785,0.00
1786358387,bench_mixed,0.00,0.00,0.0,0.129,0.000,67.839,6.776,0.06
1786358392,bench_mixed,0.00,0.00,0.0,0.129,0.000,67.839,6.777,0.00
1786358397,bench_mixed,0.00,0.00,0.0,0.129,0.000,67.839,6.776,0.00
1786358402,bench_mixed,0.00,0.00,0.0,0.129,0.000,67.839,6.776,0.00
1786358407,bench_mixed,0.00,0.00,0.0,0.129,0.000,67.839,6.777,0.00
1786358412,bench_mixed,0.00,0.00,0.0,0.129,0.000,67.839,6.777,0.00
1786358417,bench_mixed,0.00,0.00,0.0,0.129,0.000,67.839,6.776,0.00
1786358422,bench_mixed,0.00,0.00,0.0,0.129,0.000,67.839,6.777,0.00
1786358427,bench_mixed,0.00,0.00,0.0,0.129,0.000,67.839,6.776,0.00
1786358432,bench_mixed,0.00,0.00,0.0,0.129,0.000,67.839,6.776,0.00
