ts,phase,nvme_rd_mb_s,nvme_wr_mb_s,nvme_active_pct,cte_file_tier_gb,devshm_used_gb,clio_rss_gb,mem_avail_gb,nfs_rd_mb_s
1786289624,setup,0.00,0.00,0.0,0.000,0.000,0.000,37.906,0.00
1786289629,ingest,0.00,0.00,0.2,0.000,0.000,0.315,37.557,6.69
1786289634,ingest,0.00,0.00,0.0,0.000,0.000,0.546,37.325,0.00
1786289639,ingest,0.00,0.00,0.0,0.000,0.000,0.800,37.072,0.00
1786289644,ingest,0.00,0.00,0.0,0.000,0.000,1.054,36.807,0.00
1786289650,ingest,0.00,0.00,0.1,0.000,0.000,1.306,36.557,0.00
1786289655,ingest,0.00,0.00,0.0,0.000,0.000,1.625,36.236,0.00
1786289660,ingest,0.00,0.00,0.0,0.000,0.000,1.875,35.985,0.00
1786289665,ingest,0.00,0.00,0.0,0.000,0.000,2.066,35.789,0.00
1786289670,ingest,0.00,0.00,0.0,0.000,0.000,2.381,35.474,0.00
1786289675,ingest,0.00,0.00,0.0,0.000,0.000,2.631,35.225,0.00
1786289680,ingest,0.00,0.01,0.1,0.000,0.000,2.897,34.957,0.00
1786289685,ingest,0.00,0.00,0.0,0.000,0.000,3.137,34.709,0.00
1786289690,bench_chimod,0.00,0.00,0.0,0.000,0.000,4.007,34.408,1.58
1786289695,idle,0.00,0.00,0.0,0.000,0.000,0.000,37.867,0.00
1786289700,idle,0.00,0.00,0.0,0.000,0.000,0.000,37.892,0.01
1786289705,ingest,0.00,0.00,0.0,0.000,0.000,0.316,37.542,6.69
1786289710,ingest,0.00,0.00,0.1,0.000,0.000,3.261,34.623,0.01
1786289715,ingest,0.00,0.00,0.0,0.000,0.000,3.261,34.628,0.00
1786289720,ingest,0.00,0.00,0.0,0.000,0.000,3.261,34.631,0.00
1786289725,ingest,0.00,0.00,0.0,0.000,0.000,3.261,34.632,0.00
1786289730,ingest,0.00,0.00,0.0,0.000,0.000,3.261,34.631,0.00
1786289735,ingest,0.00,0.00,0.0,0.000,0.000,3.261,34.632,0.00
1786289740,ingest,0.00,0.01,0.1,0.000,0.000,3.262,34.633,0.00
1786289746,ingest,0.00,0.00,0.0,0.000,0.000,3.262,34.633,0.00
1786289751,ingest,0.00,0.00,0.0,0.000,0.000,3.262,34.632,0.00
1786289756,ingest,0.00,0.00,0.0,0.000,0.000,3.262,34.632,0.00
1786289761,ingest,0.00,0.00,0.0,0.000,0.000,3.262,34.633,0.00
1786289766,ingest,0.00,0.00,0.0,0.000,0.000,3.262,34.633,0.00
1786289771,bench_mixed,0.00,0.00,0.1,0.000,0.000,3.262,34.635,0.00
1786289776,bench_mixed,0.00,0.00,0.0,0.000,0.000,6.524,34.203,1.58
1786289781,bench_mixed,0.00,0.00,0.0,0.000,0.000,6.568,34.159,0.00
1786289786,bench_mixed,0.00,0.00,0.0,0.000,0.000,6.587,34.140,0.00
1786289791,bench_mixed,0.00,0.00,0.0,0.000,0.000,6.594,34.134,0.00
1786289796,bench_mixed,0.00,0.00,0.0,0.000,0.000,6.599,34.131,0.00
1786289801,bench_mixed,0.00,0.00,0.1,0.000,0.000,6.603,34.128,0.00
1786289806,bench_mixed,0.00,0.00,0.0,0.000,0.000,6.608,34.121,0.00
1786289811,bench_mixed,0.00,0.00,0.0,0.000,0.000,6.610,34.121,0.00
1786289816,bench_mixed,0.00,0.00,0.0,0.000,0.000,6.612,34.120,0.00
1786289821,bench_mixed,0.00,0.00,0.0,0.000,0.000,6.613,34.119,0.00
1786289826,bench_mixed,0.00,0.00,0.0,0.000,0.000,6.613,34.119,0.00
1786289831,bench_mixed,0.00,0.00,0.1,0.000,0.000,6.613,34.121,0.00
1786289837,bench_mixed,0.00,0.00,0.0,0.000,0.000,6.613,34.120,0.00
1786289842,bench_mixed,0.00,0.00,0.0,0.000,0.000,6.613,34.121,0.00
1786289847,bench_mixed,0.00,0.00,0.0,0.000,0.000,6.613,34.121,0.00
1786289852,bench_mixed,0.00,0.00,0.0,0.000,0.000,6.613,34.119,0.00
1786289857,bench_mixed,0.00,0.00,0.0,0.000,0.000,6.613,34.119,0.00
1786289862,bench_mixed,0.00,0.00,0.0,0.000,0.000,6.613,34.114,0.00
1786289867,bench_mixed,0.00,0.00,0.0,0.000,0.000,6.613,34.116,0.00
1786289872,bench_mixed,0.00,0.00,0.0,0.000,0.000,6.613,34.117,0.00
1786289877,bench_mixed,0.00,0.00,0.0,0.000,0.000,6.613,34.117,0.00
1786289882,bench_mixed,0.00,0.00,0.0,0.000,0.000,6.613,34.118,0.00
1786289887,bench_mixed,0.00,0.00,0.0,0.000,0.000,6.614,34.118,0.00
1786289892,bench_mixed,0.00,0.00,0.0,0.000,0.000,6.614,34.115,0.00
1786289897,bench_mixed,0.00,0.00,0.0,0.000,0.000,6.614,34.116,0.00
1786289902,bench_mixed,0.00,0.00,0.0,0.000,0.000,6.614,34.113,0.00
1786289907,bench_mixed,0.00,0.00,0.0,0.000,0.000,6.614,34.112,0.00
1786289912,bench_mixed,0.00,0.00,0.0,0.000,0.000,6.614,34.115,0.00
1786289917,bench_mixed,0.00,0.00,0.0,0.000,0.000,6.614,34.115,0.00
1786289922,bench_mixed,0.00,0.00,0.0,0.000,0.000,6.614,34.112,0.00
1786289928,bench_mixed,0.00,0.00,0.0,0.000,0.000,6.659,34.065,0.00
1786289933,bench_mixed,0.00,0.00,0.0,0.000,0.000,6.923,33.802,0.00
1786289938,bench_mixed,0.00,0.00,0.0,0.000,0.000,7.052,33.820,0.00
1786289943,bench_mixed,0.00,0.00,0.0,0.000,0.000,7.071,33.819,0.00
1786289948,bench_mixed,0.00,0.00,0.0,0.000,0.000,7.074,33.818,0.00
1786289953,bench_mixed,0.00,0.00,0.0,0.000,0.000,7.075,33.823,0.00
1786289958,bench_mixed,0.00,0.00,0.0,0.000,0.000,7.077,33.823,0.00
1786289963,bench_mixed,0.00,0.00,0.0,0.000,0.000,7.077,33.824,0.00
1786289968,bench_mixed,0.00,0.00,0.0,0.000,0.000,7.078,33.824,0.00
1786289973,bench_mixed,0.00,0.00,0.0,0.000,0.000,7.079,33.821,0.00
1786289978,bench_mixed,0.00,0.00,0.0,0.000,0.000,7.079,33.821,0.00
1786289983,bench_mixed,0.00,0.00,0.0,0.000,0.000,7.080,33.819,0.00
1786289988,bench_mixed,0.00,0.00,0.0,0.000,0.000,7.080,33.815,0.00
1786289993,bench_mixed,0.00,0.00,0.0,0.000,0.000,7.080,33.817,0.00
1786289998,bench_mixed,0.00,0.00,0.0,0.000,0.000,7.080,33.815,0.00
1786290003,bench_mixed,0.00,0.00,0.0,0.000,0.000,7.080,33.815,0.00
1786290008,bench_mixed,0.00,0.00,0.0,0.000,0.000,7.080,33.799,0.06
1786290013,bench_mixed,0.00,0.00,0.0,0.000,0.000,7.080,33.797,0.00
1786290018,bench_mixed,0.00,0.00,0.0,0.000,0.000,7.080,33.803,0.00
1786290024,bench_mixed,0.00,0.00,0.0,0.000,0.000,7.080,33.803,0.00
1786290029,bench_mixed,0.00,0.00,0.0,0.000,0.000,7.080,33.802,0.00
1786290034,bench_mixed,0.00,0.00,0.0,0.000,0.000,7.080,33.803,0.00
1786290039,bench_mixed,0.00,0.00,0.0,0.000,0.000,7.080,33.803,0.00
1786290044,bench_mixed,0.00,0.00,0.0,0.000,0.000,7.080,33.804,0.00
1786290049,bench_mixed,0.00,0.00,0.0,0.000,0.000,7.080,33.807,0.00
1786290054,bench_mixed,0.00,0.00,0.0,0.000,0.000,7.080,33.808,0.00
1786290059,bench_mixed,0.00,0.00,0.0,0.000,0.000,7.080,33.811,0.00
1786290064,bench_mixed,0.00,0.00,0.0,0.000,0.000,7.080,33.810,0.00
1786290069,bench_mixed,0.00,0.00,0.0,0.000,0.000,7.087,33.802,0.00
1786290074,bench_mixed,0.00,0.00,0.0,0.000,0.000,7.179,33.710,0.00
1786290079,bench_mixed,0.00,0.00,0.0,0.000,0.000,7.366,33.619,0.00
1786290084,bench_mixed,0.00,0.00,0.0,0.000,0.000,7.421,33.617,0.00
1786290089,bench_mixed,0.00,0.00,0.0,0.000,0.000,7.434,33.612,0.00
1786290094,bench_mixed,0.00,0.00,0.0,0.000,0.000,7.438,33.610,0.00
1786290099,bench_mixed,0.00,0.00,0.0,0.000,0.000,7.439,33.609,0.00
1786290104,bench_mixed,0.00,0.00,0.0,0.000,0.000,7.440,33.608,0.00
1786290109,bench_mixed,0.00,0.00,0.0,0.000,0.000,7.441,33.610,0.00
1786290115,bench_mixed,0.00,0.00,0.0,0.000,0.000,7.442,33.609,0.00
1786290120,bench_mixed,0.00,0.00,0.0,0.000,0.000,7.443,33.608,0.00
1786290125,bench_mixed,0.00,0.00,0.0,0.000,0.000,7.443,33.607,0.00
1786290130,bench_mixed,0.00,0.00,0.0,0.000,0.000,7.444,33.609,0.00
1786290135,bench_mixed,0.00,0.00,0.0,0.000,0.000,7.444,33.608,0.00
1786290140,bench_mixed,0.00,0.00,0.0,0.000,0.000,7.444,33.606,0.00
1786290145,bench_mixed,0.00,0.00,0.0,0.000,0.000,7.444,33.605,0.00
1786290150,bench_mixed,0.00,0.00,0.0,0.000,0.000,7.444,33.605,0.00
1786290155,bench_mixed,0.00,0.00,0.0,0.000,0.000,7.444,33.605,0.00
1786290160,bench_mixed,0.00,0.00,0.0,0.000,0.000,7.444,33.606,0.00
1786290165,bench_mixed,0.00,0.00,0.0,0.000,0.000,7.444,33.606,0.00
1786290170,bench_mixed,0.00,0.00,0.0,0.000,0.000,7.444,33.604,0.00
1786290175,bench_mixed,0.00,0.00,0.0,0.000,0.000,7.444,33.604,0.00
1786290180,bench_mixed,0.00,0.00,0.0,0.000,0.000,7.444,33.606,0.00
1786290185,bench_mixed,0.00,0.00,0.0,0.000,0.000,7.444,33.606,0.00
1786290190,bench_mixed,0.00,0.00,0.0,0.000,0.000,7.444,33.605,0.00
1786290195,bench_mixed,0.00,0.00,0.0,0.000,0.000,7.444,33.606,0.00
1786290200,bench_mixed,0.00,0.00,0.0,0.000,0.000,7.444,33.604,0.00
1786290206,bench_mixed,0.00,0.00,0.0,0.000,0.000,7.444,33.605,0.00
1786290211,bench_mixed,0.00,0.00,0.0,0.000,0.000,7.444,33.607,0.00
1786290216,bench_mixed,0.00,0.00,0.0,0.000,0.000,7.478,33.573,0.00
1786290221,bench_mixed,0.00,0.00,0.0,0.000,0.000,7.631,33.417,0.00
1786290226,bench_mixed,0.00,0.00,0.0,0.000,0.000,7.762,33.417,0.00
1786290231,bench_mixed,0.00,0.00,0.0,0.000,0.000,7.783,33.413,0.00
1786290236,bench_mixed,0.00,0.00,0.0,0.000,0.000,7.798,33.410,0.00
1786290241,bench_mixed,0.00,0.00,0.0,0.000,0.000,7.800,33.407,0.00
1786290246,bench_mixed,0.00,0.00,0.0,0.000,0.000,7.803,33.407,0.00
1786290251,bench_mixed,0.00,0.00,0.0,0.000,0.000,7.804,33.406,0.00
1786290256,bench_mixed,0.00,0.00,0.0,0.000,0.000,7.805,33.405,0.00
1786290261,bench_mixed,0.00,0.00,0.0,0.000,0.000,7.806,33.403,0.00
1786290266,bench_mixed,0.00,0.00,0.0,0.000,0.000,7.807,33.403,0.00
1786290271,bench_mixed,0.00,0.00,0.0,0.000,0.000,7.808,33.404,0.00
1786290276,bench_mixed,0.00,0.00,0.0,0.000,0.000,7.808,33.403,0.00
1786290281,bench_mixed,0.00,0.00,0.0,0.000,0.000,7.808,33.407,0.00
1786290286,bench_mixed,0.00,0.00,0.0,0.000,0.000,7.808,33.407,0.00
1786290291,bench_mixed,0.00,0.00,0.0,0.000,0.000,7.808,33.409,0.00
1786290296,bench_mixed,0.00,0.00,0.0,0.000,0.000,7.808,33.409,0.00
1786290302,bench_mixed,0.00,0.00,0.0,0.000,0.000,7.808,33.405,0.00
1786290307,bench_mixed,0.00,0.00,0.0,0.000,0.000,7.809,33.390,0.06
1786290312,bench_mixed,0.00,0.00,0.0,0.000,0.000,7.809,33.396,0.00
1786290317,bench_mixed,0.00,0.00,0.0,0.000,0.000,7.809,33.396,0.00
1786290322,bench_mixed,0.00,0.00,0.0,0.000,0.000,7.809,33.396,0.00
1786290327,bench_mixed,0.00,0.00,0.0,0.000,0.000,7.809,33.397,0.00
1786290332,bench_mixed,0.00,0.00,0.0,0.000,0.000,7.809,33.397,0.00
1786290337,bench_mixed,0.00,0.00,0.0,0.000,0.000,7.809,33.397,0.00
1786290342,bench_mixed,0.00,0.00,0.0,0.000,0.000,7.809,33.399,0.00
1786290347,bench_mixed,0.00,0.00,0.0,0.000,0.000,7.809,33.399,0.00
1786290352,bench_mixed,0.00,0.00,0.0,0.000,0.000,7.809,33.400,0.00
1786290357,bench_mixed,0.00,0.00,0.0,0.000,0.000,7.809,33.400,0.00
1786290362,bench_mixed,0.00,0.00,0.0,0.000,0.000,7.824,33.382,0.00
1786290367,bench_mixed,0.00,0.00,0.0,0.000,0.000,7.930,33.275,0.00
1786290372,bench_mixed,0.00,0.00,0.0,0.000,0.000,8.211,33.114,0.00
1786290377,bench_mixed,0.00,0.00,0.0,0.000,0.000,8.253,33.111,0.00
1786290382,bench_mixed,0.00,0.00,0.0,0.000,0.000,8.257,33.110,0.00
1786290387,bench_mixed,0.00,0.00,0.0,0.000,0.000,8.264,33.106,0.00
1786290393,bench_mixed,0.00,0.00,0.0,0.000,0.000,8.266,33.105,0.00
1786290398,bench_mixed,0.00,0.00,0.0,0.000,0.000,8.267,33.102,0.00
1786290403,bench_mixed,0.00,0.00,0.0,0.000,0.000,8.268,33.102,0.00
1786290408,bench_mixed,0.00,0.00,0.0,0.000,0.000,8.269,33.103,0.00
1786290413,bench_mixed,0.00,0.00,0.0,0.000,0.000,8.270,33.102,0.00
1786290418,bench_mixed,0.00,0.00,0.0,0.000,0.000,8.270,33.101,0.00
1786290423,bench_mixed,0.00,0.00,0.0,0.000,0.000,8.271,33.100,0.00
1786290428,bench_mixed,0.00,0.00,0.0,0.000,0.000,8.271,33.099,0.00
1786290433,bench_mixed,0.00,0.00,0.0,0.000,0.000,8.271,33.098,0.00
1786290438,bench_mixed,0.00,0.00,0.0,0.000,0.000,8.271,33.097,0.00
1786290443,bench_mixed,0.00,0.00,0.0,0.000,0.000,8.271,33.097,0.00
1786290448,bench_mixed,0.00,0.00,0.0,0.000,0.000,8.271,33.096,0.00
1786290453,bench_mixed,0.00,0.00,0.0,0.000,0.000,8.271,33.096,0.00
1786290458,bench_mixed,0.00,0.00,0.0,0.000,0.000,8.271,33.094,0.00
1786290463,bench_mixed,0.00,0.00,0.0,0.000,0.000,8.271,33.094,0.00
1786290468,bench_mixed,0.00,0.00,0.0,0.000,0.000,8.271,33.096,0.00
1786290473,bench_mixed,0.00,0.00,0.0,0.000,0.000,8.271,33.095,0.00
1786290478,bench_mixed,0.00,0.00,0.0,0.000,0.000,8.271,33.096,0.00
1786290484,bench_mixed,0.00,0.00,0.0,0.000,0.000,8.271,33.095,0.00
1786290489,bench_mixed,0.00,0.00,0.0,0.000,0.000,8.271,33.093,0.00
1786290494,bench_mixed,0.00,0.00,0.0,0.000,0.000,8.271,33.093,0.00
1786290499,bench_mixed,0.00,0.00,0.0,0.000,0.000,8.271,33.092,0.00
1786290504,bench_mixed,0.00,0.00,0.0,0.000,0.000,8.271,33.092,0.00
1786290509,bench_mixed,0.00,0.00,0.0,0.000,0.000,8.282,33.083,0.00
1786290514,bench_mixed,0.00,0.00,0.0,0.000,0.000,8.380,32.986,0.00
1786290519,bench_mixed,0.00,0.00,0.0,0.000,0.000,8.584,32.907,0.00
1786290524,bench_mixed,0.00,0.00,0.0,0.000,0.000,8.615,32.903,0.00
1786290529,bench_mixed,0.00,0.00,0.0,0.000,0.000,8.622,32.898,0.00
1786290534,bench_mixed,0.00,0.00,0.0,0.000,0.000,8.627,32.893,0.00
1786290539,bench_mixed,0.00,0.00,0.0,0.000,0.000,8.628,32.894,0.00
1786290544,bench_mixed,0.00,0.00,0.0,0.000,0.000,8.631,32.889,0.00
1786290549,bench_mixed,0.00,0.00,0.0,0.000,0.000,8.635,32.888,0.00
1786290554,bench_mixed,0.00,0.00,0.0,0.000,0.000,8.635,32.887,0.00
1786290559,bench_mixed,0.00,0.00,0.0,0.000,0.000,8.636,32.884,0.00
1786290564,bench_mixed,0.00,0.00,0.0,0.000,0.000,8.636,32.883,0.00
1786290569,bench_mixed,0.00,0.00,0.0,0.000,0.000,8.637,32.882,0.00
1786290575,bench_mixed,0.00,0.00,0.0,0.000,0.000,8.637,32.882,0.00
1786290580,bench_mixed,0.00,0.00,0.0,0.000,0.000,8.638,32.881,0.00
1786290585,bench_mixed,0.00,0.00,0.0,0.000,0.000,8.638,32.881,0.00
1786290590,bench_mixed,0.00,0.00,0.0,0.000,0.000,8.638,32.880,0.00
1786290595,bench_mixed,0.00,0.00,0.0,0.000,0.000,8.638,32.880,0.00
1786290600,bench_mixed,0.00,0.00,0.0,0.000,0.000,8.638,32.880,0.00
1786290605,bench_mixed,0.00,0.00,0.0,0.000,0.000,8.638,32.870,0.04
1786290610,bench_mixed,0.00,0.00,0.0,0.000,0.000,8.638,32.868,0.02
1786290615,bench_mixed,0.00,0.00,0.0,0.000,0.000,8.638,32.869,0.00
1786290620,bench_mixed,0.00,0.00,0.0,0.000,0.000,8.638,32.873,0.00
1786290625,bench_mixed,0.00,0.00,0.0,0.000,0.000,8.638,32.873,0.00
1786290630,bench_mixed,0.00,0.00,0.0,0.000,0.000,8.638,32.874,0.00
1786290635,bench_mixed,0.00,0.00,0.0,0.000,0.000,8.638,32.876,0.00
1786290640,bench_mixed,0.00,0.00,0.0,0.000,0.000,8.638,32.875,0.00
1786290645,bench_mixed,0.00,0.00,0.0,0.000,0.000,8.638,32.875,0.00
1786290650,bench_mixed,0.00,0.00,0.0,0.000,0.000,8.638,32.877,0.00
1786290655,bench_mixed,0.00,0.00,0.0,0.000,0.000,8.657,32.859,0.00
1786290660,bench_mixed,0.00,0.00,0.0,0.000,0.000,8.752,32.761,0.00
1786290666,bench_mixed,0.00,0.00,0.0,0.000,0.000,9.048,32.597,0.00
1786290671,bench_mixed,0.00,0.00,0.0,0.000,0.000,9.081,32.593,0.00
1786290676,bench_mixed,0.00,0.00,0.0,0.000,0.000,9.088,32.592,0.00
1786290681,bench_mixed,0.00,0.00,0.0,0.000,0.000,9.092,32.591,0.00
1786290686,bench_mixed,0.00,0.00,0.0,0.000,0.000,9.094,32.591,0.00
1786290691,bench_mixed,0.00,0.00,0.0,0.000,0.000,9.095,32.595,0.00
1786290696,bench_mixed,0.00,0.00,0.0,0.000,0.000,9.096,32.594,0.00
1786290701,bench_mixed,0.00,0.00,0.0,0.000,0.000,9.097,32.592,0.00
1786290706,bench_mixed,0.00,0.00,0.0,0.000,0.000,9.097,32.592,0.00
1786290711,bench_mixed,0.00,0.00,0.0,0.000,0.000,9.098,32.591,0.00
1786290716,bench_mixed,0.00,0.00,0.0,0.000,0.000,9.098,32.591,0.00
1786290721,bench_mixed,0.00,0.00,0.0,0.000,0.000,9.099,32.590,0.00
1786290726,bench_mixed,0.00,0.00,0.0,0.000,0.000,9.099,32.589,0.00
1786290731,bench_mixed,0.00,0.00,0.0,0.000,0.000,9.099,32.587,0.00
1786290736,bench_mixed,0.00,0.00,0.0,0.000,0.000,9.099,32.587,0.00
1786290741,bench_mixed,0.00,0.00,0.0,0.000,0.000,9.099,32.591,0.00
1786290746,bench_mixed,0.00,0.00,0.0,0.000,0.000,9.099,32.590,0.00
1786290751,bench_mixed,0.00,0.00,0.0,0.000,0.000,9.099,32.585,0.00
1786290756,bench_mixed,0.00,0.00,0.0,0.000,0.000,9.099,32.588,0.00
1786290762,bench_mixed,0.00,0.00,0.0,0.000,0.000,9.099,32.588,0.00
1786290767,bench_mixed,0.00,0.00,0.0,0.000,0.000,9.099,32.588,0.00
1786290772,bench_mixed,0.00,0.00,0.0,0.000,0.000,9.099,32.588,0.00
1786290777,bench_mixed,0.00,0.00,0.0,0.000,0.000,9.099,32.589,0.00
1786290782,bench_mixed,0.00,0.00,0.0,0.000,0.000,9.099,32.585,0.00
1786290787,bench_mixed,0.00,0.00,0.0,0.000,0.000,9.099,32.585,0.00
1786290792,bench_mixed,0.00,0.00,0.0,0.000,0.000,9.099,32.585,0.00
1786290797,bench_mixed,0.00,0.00,0.0,0.000,0.000,9.099,32.588,0.00
1786290802,bench_mixed,0.00,0.00,0.0,0.000,0.000,9.165,32.522,0.00
1786290807,bench_mixed,0.00,0.00,0.0,0.000,0.000,9.379,32.305,0.00
1786290812,bench_mixed,0.00,0.00,0.0,0.000,0.000,9.596,32.234,0.00
1786290817,bench_mixed,0.00,0.00,0.0,0.000,0.000,9.607,32.232,0.00
1786290822,bench_mixed,0.00,0.00,0.0,0.000,0.000,9.618,32.230,0.00
1786290827,bench_mixed,0.00,0.00,0.0,0.000,0.000,9.619,32.229,0.00
1786290832,bench_mixed,0.00,0.00,0.0,0.000,0.000,9.621,32.229,0.00
1786290837,bench_mixed,0.00,0.00,0.0,0.000,0.000,9.621,32.229,0.00
1786290842,bench_mixed,0.00,0.00,0.0,0.000,0.000,9.623,32.225,0.00
1786290847,bench_mixed,0.00,0.00,0.0,0.000,0.000,9.623,32.226,0.00
1786290852,bench_mixed,0.00,0.00,0.0,0.000,0.000,9.624,32.225,0.00
1786290858,bench_mixed,0.00,0.00,0.0,0.000,0.000,9.624,32.225,0.00
1786290863,bench_mixed,0.00,0.00,0.0,0.000,0.000,9.625,32.225,0.00
1786290868,bench_mixed,0.00,0.00,0.0,0.000,0.000,9.625,32.227,0.00
1786290873,bench_mixed,0.00,0.00,0.0,0.000,0.000,9.626,32.227,0.00
1786290878,bench_mixed,0.00,0.00,0.0,0.000,0.000,9.626,32.228,0.00
1786290883,bench_mixed,0.00,0.00,0.0,0.000,0.000,9.626,32.228,0.00
1786290888,bench_mixed,0.00,0.00,0.0,0.000,0.000,9.626,32.226,0.00
1786290893,bench_mixed,0.00,0.00,0.0,0.000,0.000,9.626,32.226,0.00
1786290898,bench_mixed,0.00,0.00,0.0,0.000,0.000,9.626,32.224,0.00
1786290903,bench_mixed,0.00,0.00,0.0,0.000,0.000,9.626,32.223,0.00
1786290908,bench_mixed,0.00,0.00,0.0,0.000,0.000,9.626,32.208,0.06
1786290913,bench_mixed,0.00,0.00,0.0,0.000,0.000,9.626,32.208,0.00
1786290918,bench_mixed,0.00,0.00,0.0,0.000,0.000,9.626,32.209,0.00
1786290923,bench_mixed,0.00,0.00,0.0,0.000,0.000,9.626,32.209,0.00
1786290928,bench_mixed,0.00,0.00,0.0,0.000,0.000,9.626,32.213,0.00
1786290933,bench_mixed,0.00,0.00,0.0,0.000,0.000,9.626,32.213,0.00
1786290938,bench_mixed,0.00,0.00,0.0,0.000,0.000,9.626,32.214,0.00
1786290943,bench_mixed,0.00,0.00,0.0,0.000,0.000,9.655,32.184,0.00
1786290949,bench_mixed,0.00,0.00,0.0,0.000,0.000,9.771,32.069,0.00
1786290954,bench_mixed,0.00,0.00,0.0,0.000,0.000,9.888,32.084,0.00
1786290959,bench_mixed,0.00,0.00,0.0,0.000,0.000,9.909,32.081,0.00
1786290964,bench_mixed,0.00,0.00,0.0,0.000,0.000,9.916,32.079,0.00
1786290969,bench_mixed,0.00,0.00,0.0,0.000,0.000,9.919,32.077,0.00
1786290974,bench_mixed,0.00,0.00,0.0,0.000,0.000,9.923,32.076,0.00
1786290979,bench_mixed,0.00,0.00,0.0,0.000,0.000,9.924,32.078,0.00
1786290984,bench_mixed,0.00,0.00,0.0,0.000,0.000,9.925,32.076,0.00
1786290989,bench_mixed,0.00,0.00,0.0,0.000,0.000,9.926,32.073,0.00
1786290994,bench_mixed,0.00,0.00,0.0,0.000,0.000,9.928,32.073,0.00
1786290999,bench_mixed,0.00,0.00,0.0,0.000,0.000,9.929,32.071,0.00
1786291004,bench_mixed,0.00,0.00,0.0,0.000,0.000,9.930,32.070,0.00
1786291009,bench_mixed,0.00,0.00,0.0,0.000,0.000,9.930,32.070,0.00
1786291014,bench_mixed,0.00,0.00,0.0,0.000,0.000,9.930,32.069,0.00
1786291019,bench_mixed,0.00,0.00,0.0,0.000,0.000,9.930,32.068,0.00
1786291024,bench_mixed,0.00,0.00,0.0,0.000,0.000,9.930,32.068,0.00
1786291029,bench_mixed,0.00,0.00,0.0,0.000,0.000,9.930,32.065,0.00
1786291034,bench_mixed,0.00,0.00,0.0,0.000,0.000,9.930,32.063,0.00
1786291039,bench_mixed,0.00,0.00,0.0,0.000,0.000,9.930,32.062,0.00
1786291045,bench_mixed,0.00,0.00,0.0,0.000,0.000,9.930,32.063,0.00
1786291050,bench_mixed,0.00,0.00,0.0,0.000,0.000,9.930,32.063,0.00
1786291055,bench_mixed,0.00,0.00,0.0,0.000,0.000,9.930,32.064,0.00
1786291060,bench_mixed,0.00,0.00,0.0,0.000,0.000,9.930,32.061,0.00
1786291065,bench_mixed,0.00,0.00,0.0,0.000,0.000,9.930,32.062,0.00
1786291070,bench_mixed,0.00,0.00,0.0,0.000,0.000,9.930,32.060,0.00
1786291075,bench_mixed,0.00,0.00,0.0,0.000,0.000,9.930,32.060,0.00
1786291080,bench_mixed,0.00,0.00,0.0,0.000,0.000,9.930,32.060,0.00
1786291085,bench_mixed,0.00,0.00,0.0,0.000,0.000,9.930,32.059,0.00
1786291090,bench_mixed,0.00,0.00,0.0,0.000,0.000,9.963,32.028,0.00
1786291095,bench_mixed,0.00,0.00,0.0,0.000,0.000,10.276,31.713,0.00
1786291100,bench_mixed,0.00,0.00,0.0,0.000,0.000,10.422,31.709,0.00
1786291105,bench_mixed,0.00,0.00,0.0,0.000,0.000,10.436,31.708,0.00
1786291110,bench_mixed,0.00,0.00,0.0,0.000,0.000,10.442,31.705,0.00
1786291115,bench_mixed,0.00,0.00,0.0,0.000,0.000,10.447,31.704,0.00
1786291120,bench_mixed,0.00,0.00,0.0,0.000,0.000,10.448,31.704,0.00
1786291125,bench_mixed,0.00,0.00,0.0,0.000,0.000,10.449,31.702,0.00
1786291130,bench_mixed,0.00,0.00,0.0,0.000,0.000,10.450,31.700,0.00
1786291136,bench_mixed,0.00,0.00,0.0,0.000,0.000,10.451,31.700,0.00
1786291141,bench_mixed,0.00,0.00,0.0,0.000,0.000,10.454,31.698,0.00
1786291146,bench_mixed,0.00,0.00,0.0,0.000,0.000,10.454,31.698,0.00
1786291151,bench_mixed,0.00,0.00,0.0,0.000,0.000,10.454,31.696,0.00
1786291156,bench_mixed,0.00,0.00,0.0,0.000,0.000,10.454,31.693,0.00
1786291161,bench_mixed,0.00,0.00,0.0,0.000,0.000,10.455,31.693,0.00
1786291166,bench_mixed,0.00,0.00,0.0,0.000,0.000,10.455,31.693,0.00
1786291171,bench_mixed,0.00,0.00,0.0,0.000,0.000,10.455,31.694,0.00
1786291176,bench_mixed,0.00,0.00,0.0,0.000,0.000,10.455,31.692,0.00
1786291181,bench_mixed,0.00,0.00,0.0,0.000,0.000,10.455,31.692,0.00
1786291186,bench_mixed,0.00,0.00,0.0,0.000,0.000,10.455,31.692,0.00
1786291191,bench_mixed,0.00,0.00,0.0,0.000,0.000,10.455,31.692,0.00
1786291196,bench_mixed,0.00,0.00,0.0,0.000,0.000,10.455,31.689,0.00
1786291201,bench_mixed,0.00,0.00,0.0,0.000,0.000,10.455,31.688,0.00
1786291206,bench_mixed,0.00,0.00,0.0,0.000,0.000,10.455,31.677,0.05
1786291211,bench_mixed,0.00,0.00,0.0,0.000,0.000,10.455,31.678,0.00
1786291216,bench_mixed,0.00,0.00,0.0,0.000,0.000,10.455,31.682,0.00
1786291221,bench_mixed,0.00,0.00,0.0,0.000,0.000,10.455,31.682,0.00
1786291227,bench_mixed,0.00,0.00,0.0,0.000,0.000,10.455,31.682,0.00
1786291232,bench_mixed,0.00,0.00,0.0,0.000,0.000,10.457,31.682,0.00
1786291237,bench_mixed,0.00,0.00,0.0,0.000,0.000,10.511,31.629,0.00
1786291242,bench_mixed,0.00,0.00,0.0,0.000,0.000,10.721,31.498,0.00
1786291247,bench_mixed,0.00,0.00,0.0,0.000,0.000,10.795,31.497,0.00
1786291252,bench_mixed,0.00,0.00,0.0,0.000,0.000,10.806,31.496,0.00
1786291257,bench_mixed,0.00,0.00,0.0,0.000,0.000,10.809,31.498,0.00
1786291262,bench_mixed,0.00,0.00,0.0,0.000,0.000,10.812,31.498,0.00
1786291267,bench_mixed,0.00,0.00,0.0,0.000,0.000,10.813,31.497,0.00
1786291272,bench_mixed,0.00,0.00,0.0,0.000,0.000,10.815,31.496,0.00
1786291277,bench_mixed,0.00,0.00,0.0,0.000,0.000,10.816,31.496,0.00
1786291282,bench_mixed,0.00,0.00,0.0,0.000,0.000,10.817,31.496,0.00
1786291287,bench_mixed,0.00,0.00,0.0,0.000,0.000,10.818,31.494,0.00
1786291292,bench_mixed,0.00,0.00,0.0,0.000,0.000,10.818,31.495,0.00
1786291297,bench_mixed,0.00,0.00,0.0,0.000,0.000,10.819,31.496,0.00
1786291302,bench_mixed,0.00,0.00,0.0,0.000,0.000,10.819,31.496,0.00
1786291307,bench_mixed,0.00,0.00,0.0,0.000,0.000,10.820,31.495,0.00
1786291312,bench_mixed,0.00,0.00,0.0,0.000,0.000,10.820,31.495,0.00
1786291318,bench_mixed,0.00,0.00,0.0,0.000,0.000,10.820,31.496,0.00
1786291323,bench_mixed,0.00,0.00,0.0,0.000,0.000,10.820,31.496,0.00
1786291328,bench_mixed,0.00,0.00,0.0,0.000,0.000,10.820,31.497,0.00
1786291333,bench_mixed,0.00,0.00,0.0,0.000,0.000,10.820,31.497,0.00
1786291338,bench_mixed,0.00,0.00,0.0,0.000,0.000,10.820,31.498,0.00
1786291343,bench_mixed,0.00,0.00,0.0,0.000,0.000,10.820,31.494,0.00
1786291348,bench_mixed,0.00,0.00,0.0,0.000,0.000,10.820,31.496,0.00
1786291353,bench_mixed,0.00,0.00,0.0,0.000,0.000,10.820,31.495,0.00
1786291358,bench_mixed,0.00,0.00,0.0,0.000,0.000,10.820,31.494,0.00
1786291363,bench_mixed,0.00,0.00,0.0,0.000,0.000,10.820,31.494,0.00
1786291368,bench_mixed,0.00,0.00,0.0,0.000,0.000,10.820,31.495,0.00
1786291373,bench_mixed,0.00,0.00,0.0,0.000,0.000,10.820,31.495,0.00
1786291378,bench_mixed,0.00,0.00,0.0,0.000,0.000,10.849,31.466,0.00
1786291383,bench_mixed,0.00,0.00,0.0,0.000,0.000,10.910,31.408,0.00
1786291388,bench_mixed,0.00,0.00,0.0,0.000,0.000,11.242,31.210,0.00
1786291393,bench_mixed,0.00,0.00,0.0,0.000,0.000,11.251,31.210,0.00
1786291398,bench_mixed,0.00,0.00,0.0,0.000,0.000,11.267,31.206,0.00
1786291403,bench_mixed,0.00,0.00,0.0,0.000,0.000,11.273,31.199,0.00
1786291408,bench_mixed,0.00,0.00,0.0,0.000,0.000,11.274,31.199,0.00
1786291414,bench_mixed,0.00,0.00,0.0,0.000,0.000,11.275,31.199,0.00
1786291419,bench_mixed,0.00,0.00,0.0,0.000,0.000,11.276,31.197,0.00
1786291424,bench_mixed,0.00,0.00,0.0,0.000,0.000,11.277,31.196,0.00
1786291429,bench_mixed,0.00,0.00,0.0,0.000,0.000,11.277,31.195,0.00
1786291434,bench_mixed,0.00,0.00,0.0,0.000,0.000,11.278,31.194,0.00
1786291439,bench_mixed,0.00,0.00,0.0,0.000,0.000,11.279,31.196,0.00
1786291444,bench_mixed,0.00,0.00,0.0,0.000,0.000,11.279,31.196,0.00
1786291449,bench_mixed,0.00,0.00,0.0,0.000,0.000,11.280,31.194,0.00
1786291454,bench_mixed,0.00,0.00,0.0,0.000,0.000,11.280,31.194,0.00
1786291459,bench_mixed,0.00,0.00,0.0,0.000,0.000,11.281,31.192,0.00
1786291464,bench_mixed,0.00,0.00,0.0,0.000,0.000,11.281,31.189,0.00
1786291469,bench_mixed,0.00,0.00,0.0,0.000,0.000,11.281,31.194,0.00
1786291474,bench_mixed,0.00,0.00,0.0,0.000,0.000,11.281,31.194,0.00
1786291479,bench_mixed,0.00,0.00,0.0,0.000,0.000,11.281,31.192,0.00
1786291484,bench_mixed,0.00,0.00,0.0,0.000,0.000,11.281,31.192,0.00
1786291489,bench_mixed,0.00,0.00,0.0,0.000,0.000,11.281,31.192,0.00
1786291494,bench_mixed,0.00,0.00,0.0,0.000,0.000,11.281,31.192,0.00
1786291499,bench_mixed,0.00,0.00,0.0,0.000,0.000,11.281,31.192,0.00
1786291505,bench_mixed,0.00,0.00,0.0,0.000,0.000,11.281,31.181,0.03
1786291510,bench_mixed,0.00,0.00,0.0,0.000,0.000,11.281,31.178,0.02
1786291515,bench_mixed,0.00,0.00,0.0,0.000,0.000,11.281,31.179,0.00
1786291520,bench_mixed,0.00,0.00,0.0,0.000,0.000,11.291,31.169,0.00
1786291525,bench_mixed,0.00,0.00,0.0,0.000,0.000,11.345,31.117,0.00
1786291530,bench_mixed,0.00,0.00,0.0,0.000,0.000,11.748,30.832,0.00
1786291535,bench_mixed,0.00,0.00,0.0,0.000,0.000,11.783,30.830,0.00
1786291540,bench_mixed,0.00,0.00,0.0,0.000,0.000,11.793,30.829,0.00
1786291545,bench_mixed,0.00,0.00,0.0,0.000,0.000,11.798,30.826,0.00
1786291550,bench_mixed,0.00,0.00,0.0,0.000,0.000,11.799,30.825,0.00
1786291555,bench_mixed,0.00,0.00,0.0,0.000,0.000,11.800,30.825,0.00
1786291560,bench_mixed,0.00,0.00,0.0,0.000,0.000,11.804,30.824,0.00
1786291565,bench_mixed,0.00,0.00,0.0,0.000,0.000,11.805,30.825,0.00
1786291570,bench_mixed,0.00,0.00,0.0,0.000,0.000,11.805,30.825,0.00
1786291575,bench_mixed,0.00,0.00,0.0,0.000,0.000,11.805,30.824,0.00
1786291580,bench_mixed,0.00,0.00,0.0,0.000,0.000,11.807,30.824,0.00
1786291585,bench_mixed,0.00,0.00,0.0,0.000,0.000,11.807,30.822,0.00
1786291590,bench_mixed,0.00,0.00,0.0,0.000,0.000,11.808,30.822,0.00
1786291595,bench_mixed,0.00,0.00,0.0,0.000,0.000,11.808,30.821,0.00
1786291601,bench_mixed,0.00,0.00,0.0,0.000,0.000,11.808,30.821,0.00
1786291606,bench_mixed,0.00,0.00,0.0,0.000,0.000,11.808,30.823,0.00
1786291611,bench_mixed,0.00,0.00,0.0,0.000,0.000,11.808,30.822,0.00
1786291616,bench_mixed,0.00,0.00,0.0,0.000,0.000,11.808,30.823,0.00
1786291621,bench_mixed,0.00,0.00,0.0,0.000,0.000,11.808,30.823,0.00
1786291626,bench_mixed,0.00,0.00,0.0,0.000,0.000,11.809,30.823,0.00
1786291631,bench_mixed,0.00,0.00,0.0,0.000,0.000,11.809,30.823,0.00
1786291636,bench_mixed,0.00,0.00,0.0,0.000,0.000,11.809,30.822,0.00
1786291641,bench_mixed,0.00,0.00,0.0,0.000,0.000,11.809,30.818,0.00
1786291646,bench_mixed,0.00,0.00,0.0,0.000,0.000,11.809,30.819,0.00
1786291651,bench_mixed,0.00,0.00,0.0,0.000,0.000,11.809,30.819,0.00
1786291656,bench_mixed,0.00,0.00,0.0,0.000,0.000,11.809,30.820,0.00
1786291661,bench_mixed,0.00,0.00,0.0,0.000,0.000,11.819,30.810,0.00
1786291666,bench_mixed,0.00,0.00,0.0,0.000,0.000,11.867,30.759,0.00
1786291671,bench_mixed,0.00,0.00,0.0,0.000,0.000,12.045,30.691,0.00
1786291676,bench_mixed,0.00,0.00,0.0,0.000,0.000,12.086,30.688,0.00
1786291681,bench_mixed,0.00,0.00,0.0,0.000,0.000,12.093,30.688,0.00
1786291686,bench_mixed,0.00,0.00,0.0,0.000,0.000,12.101,30.687,0.00
1786291691,bench_mixed,0.00,0.00,0.0,0.000,0.000,12.102,30.686,0.00
1786291697,bench_mixed,0.00,0.00,0.0,0.000,0.000,12.103,30.688,0.00
1786291702,bench_mixed,0.00,0.00,0.0,0.000,0.000,12.107,30.687,0.00
1786291707,bench_mixed,0.00,0.00,0.0,0.000,0.000,12.108,30.685,0.00
1786291712,bench_mixed,0.00,0.00,0.0,0.000,0.000,12.109,30.684,0.00
1786291717,bench_mixed,0.00,0.00,0.0,0.000,0.000,12.109,30.684,0.00
1786291722,bench_mixed,0.00,0.00,0.0,0.000,0.000,12.110,30.683,0.00
1786291727,bench_mixed,0.00,0.00,0.0,0.000,0.000,12.110,30.683,0.00
1786291732,bench_mixed,0.00,0.00,0.0,0.000,0.000,12.110,30.683,0.00
1786291737,bench_mixed,0.00,0.00,0.0,0.000,0.000,12.110,30.679,0.00
1786291742,bench_mixed,0.00,0.00,0.0,0.000,0.000,12.111,30.678,0.00
1786291747,bench_mixed,0.00,0.00,0.0,0.000,0.000,12.111,30.676,0.00
1786291752,bench_mixed,0.00,0.00,0.0,0.000,0.000,12.111,30.677,0.00
1786291757,bench_mixed,0.00,0.00,0.0,0.000,0.000,12.111,30.681,0.00
1786291762,bench_mixed,0.00,0.00,0.0,0.000,0.000,12.111,30.681,0.00
1786291767,bench_mixed,0.00,0.00,0.0,0.000,0.000,12.111,30.675,0.00
1786291772,bench_mixed,0.00,0.00,0.0,0.000,0.000,12.111,30.677,0.00
1786291777,bench_mixed,0.00,0.00,0.0,0.000,0.000,12.111,30.677,0.00
1786291782,bench_mixed,0.00,0.00,0.0,0.000,0.000,12.111,30.678,0.00
1786291788,bench_mixed,0.00,0.00,0.0,0.000,0.000,12.111,30.678,0.00
1786291793,bench_mixed,0.00,0.00,0.0,0.000,0.000,12.111,30.679,0.00
1786291798,bench_mixed,0.00,0.00,0.0,0.000,0.000,12.111,30.676,0.00
1786291803,bench_mixed,0.00,0.00,0.0,0.000,0.000,12.111,30.676,0.00
1786291808,bench_mixed,0.00,0.00,0.0,0.000,0.000,12.138,30.637,0.06
1786291813,bench_mixed,0.00,0.00,0.0,0.000,0.000,12.219,30.557,0.00
1786291818,bench_mixed,0.00,0.00,0.0,0.000,0.000,12.430,30.479,0.00
1786291823,bench_mixed,0.00,0.00,0.0,0.000,0.000,12.455,30.476,0.00
1786291828,bench_mixed,0.00,0.00,0.0,0.000,0.000,12.462,30.476,0.00
1786291833,bench_mixed,0.00,0.00,0.0,0.000,0.000,12.465,30.475,0.00
1786291838,bench_mixed,0.00,0.00,0.0,0.000,0.000,12.466,30.473,0.00
1786291843,bench_mixed,0.00,0.00,0.0,0.000,0.000,12.467,30.471,0.00
1786291848,bench_mixed,0.00,0.00,0.0,0.000,0.000,12.468,30.470,0.00
1786291853,bench_mixed,0.00,0.00,0.0,0.000,0.000,12.469,30.470,0.00
1786291858,bench_mixed,0.00,0.00,0.0,0.000,0.000,12.470,30.468,0.00
1786291863,bench_mixed,0.00,0.00,0.0,0.000,0.000,12.472,30.469,0.00
1786291868,bench_mixed,0.00,0.00,0.0,0.000,0.000,12.475,30.469,0.00
1786291873,bench_mixed,0.00,0.00,0.0,0.000,0.000,12.475,30.467,0.00
1786291878,bench_mixed,0.00,0.00,0.0,0.000,0.000,12.475,30.467,0.00
1786291884,bench_mixed,0.00,0.00,0.0,0.000,0.000,12.475,30.466,0.00
1786291889,bench_mixed,0.00,0.00,0.0,0.000,0.000,12.475,30.463,0.00
1786291894,bench_mixed,0.00,0.00,0.0,0.000,0.000,12.476,30.467,0.00
1786291899,bench_mixed,0.00,0.00,0.0,0.000,0.000,12.476,30.467,0.00
1786291904,bench_mixed,0.00,0.00,0.0,0.000,0.000,12.476,30.465,0.00
1786291909,bench_mixed,0.00,0.00,0.0,0.000,0.000,12.476,30.464,0.00
1786291914,bench_mixed,0.00,0.00,0.0,0.000,0.000,12.476,30.464,0.00
1786291919,bench_mixed,0.00,0.00,0.0,0.000,0.000,12.476,30.463,0.00
1786291924,bench_mixed,0.00,0.00,0.0,0.000,0.000,12.476,30.465,0.00
1786291929,bench_mixed,0.00,0.00,0.0,0.000,0.000,12.476,30.466,0.00
1786291934,bench_mixed,0.00,0.00,0.0,0.000,0.000,12.476,30.465,0.00
1786291939,bench_mixed,0.00,0.00,0.0,0.000,0.000,12.476,30.465,0.00
1786291944,bench_mixed,0.00,0.00,0.0,0.000,0.000,12.476,30.464,0.00
1786291949,bench_mixed,0.00,0.00,0.0,0.000,0.000,12.476,30.462,0.00
1786291954,bench_mixed,0.00,0.00,0.0,0.000,0.000,12.494,30.440,0.00
1786291959,bench_mixed,0.00,0.00,0.0,0.000,0.000,12.551,30.387,0.00
1786291964,bench_mixed,0.00,0.00,0.0,0.000,0.000,12.894,30.176,0.00
1786291969,bench_mixed,0.00,0.00,0.0,0.000,0.000,12.913,30.177,0.00
1786291974,bench_mixed,0.00,0.00,0.0,0.000,0.000,12.924,30.176,0.00
1786291980,bench_mixed,0.00,0.00,0.0,0.000,0.000,12.930,30.175,0.00
1786291985,bench_mixed,0.00,0.00,0.0,0.000,0.000,12.930,30.174,0.00
1786291990,bench_mixed,0.00,0.00,0.0,0.000,0.000,12.932,30.173,0.00
1786291995,bench_mixed,0.00,0.00,0.0,0.000,0.000,12.933,30.172,0.00
1786292000,bench_mixed,0.00,0.00,0.0,0.000,0.000,12.934,30.172,0.00
1786292005,bench_mixed,0.00,0.00,0.0,0.000,0.000,12.934,30.173,0.00
1786292010,bench_mixed,0.00,0.00,0.0,0.000,0.000,12.936,30.171,0.00
1786292015,bench_mixed,0.00,0.00,0.0,0.000,0.000,12.936,30.172,0.00
1786292020,bench_mixed,0.00,0.00,0.0,0.000,0.000,12.936,30.172,0.00
1786292025,bench_mixed,0.00,0.00,0.0,0.000,0.000,12.937,30.173,0.00
1786292030,bench_mixed,0.00,0.00,0.0,0.000,0.000,12.937,30.173,0.00
1786292035,bench_mixed,0.00,0.00,0.0,0.000,0.000,12.938,30.174,0.00
1786292040,bench_mixed,0.00,0.00,0.0,0.000,0.000,12.938,30.174,0.00
1786292045,bench_mixed,0.00,0.00,0.0,0.000,0.000,12.938,30.172,0.00
1786292050,bench_mixed,0.00,0.00,0.0,0.000,0.000,12.938,30.172,0.00
1786292055,bench_mixed,0.00,0.00,0.0,0.000,0.000,12.938,30.170,0.00
1786292060,bench_mixed,0.00,0.00,0.0,0.000,0.000,12.938,30.169,0.00
1786292065,bench_mixed,0.00,0.00,0.0,0.000,0.000,12.938,30.168,0.00
1786292071,bench_mixed,0.00,0.00,0.0,0.000,0.000,12.938,30.168,0.00
1786292076,bench_mixed,0.00,0.00,0.0,0.000,0.000,12.938,30.156,0.00
1786292081,bench_mixed,0.00,0.00,0.0,0.000,0.000,12.938,30.157,0.00
1786292086,bench_mixed,0.00,0.00,0.0,0.000,0.000,12.938,30.162,0.00
1786292091,bench_mixed,0.00,0.00,0.0,0.000,0.000,12.938,30.162,0.00
1786292096,bench_mixed,0.00,0.00,0.0,0.000,0.000,12.938,30.164,0.00
1786292101,bench_mixed,0.00,0.00,0.0,0.000,0.000,12.971,30.131,0.00
1786292106,bench_mixed,0.00,0.00,0.0,0.000,0.000,13.301,29.789,0.05
1786292111,bench_mixed,0.00,0.00,0.0,0.000,0.000,13.566,29.527,0.01
1786292116,bench_mixed,0.00,0.00,0.0,0.000,0.000,13.596,29.500,0.00
1786292121,bench_mixed,0.00,0.00,0.0,0.000,0.000,13.622,29.477,0.00
1786292126,bench_mixed,0.00,0.00,0.0,0.000,0.000,13.647,29.453,0.00
1786292131,bench_mixed,0.00,0.00,0.0,0.000,0.000,13.665,29.436,0.00
1786292136,bench_mixed,0.00,0.00,0.0,0.000,0.000,13.671,29.429,0.00
1786292141,bench_mixed,0.00,0.00,0.0,0.000,0.000,13.682,29.418,0.00
1786292146,bench_mixed,0.00,0.00,0.0,0.000,0.000,13.695,29.403,0.00
1786292151,bench_mixed,0.00,0.00,0.0,0.000,0.000,13.701,29.397,0.00
1786292156,bench_mixed,0.00,0.00,0.0,0.000,0.000,13.707,29.393,0.00
1786292161,bench_mixed,0.00,0.00,0.0,0.000,0.000,13.718,29.382,0.00
1786292167,bench_mixed,0.00,0.00,0.0,0.000,0.000,13.725,29.376,0.00
1786292172,bench_mixed,0.00,0.00,0.0,0.000,0.000,13.728,29.373,0.00
1786292177,bench_mixed,0.00,0.00,0.0,0.000,0.000,13.733,29.365,0.00
1786292182,bench_mixed,0.00,0.00,0.0,0.000,0.000,13.735,29.364,0.00
1786292187,bench_mixed,0.00,0.00,0.0,0.000,0.000,13.743,29.361,0.00
1786292192,bench_mixed,0.00,0.00,0.0,0.000,0.000,13.757,29.345,0.00
1786292197,bench_mixed,0.00,0.00,0.0,0.000,0.000,13.759,29.347,0.00
1786292202,bench_mixed,0.00,0.00,0.0,0.000,0.000,13.765,29.340,0.00
1786292207,bench_mixed,0.00,0.00,0.0,0.000,0.000,13.766,29.332,0.00
1786292212,bench_mixed,0.00,0.00,0.0,0.000,0.000,13.767,29.336,0.00
1786292217,bench_mixed,0.00,0.00,0.0,0.000,0.000,13.770,29.331,0.00
1786292222,bench_mixed,0.00,0.00,0.0,0.000,0.000,13.770,29.327,0.00
1786292227,bench_mixed,0.00,0.00,0.0,0.000,0.000,13.775,29.322,0.00
1786292232,bench_mixed,0.00,0.00,0.0,0.000,0.000,13.777,29.319,0.00
1786292237,bench_mixed,0.00,0.00,0.0,0.000,0.000,13.777,29.320,0.00
1786292242,bench_mixed,0.00,0.00,0.0,0.000,0.000,13.784,29.313,0.00
1786292247,bench_mixed,0.00,0.00,0.0,0.000,0.000,13.842,29.255,0.00
1786292252,bench_mixed,0.00,0.00,0.0,0.000,0.000,14.127,28.973,0.00
1786292258,bench_mixed,0.00,0.00,0.0,0.000,0.000,14.132,28.968,0.00
1786292263,bench_mixed,0.00,0.00,0.0,0.000,0.000,14.135,28.967,0.00
1786292268,bench_mixed,0.00,0.00,0.0,0.000,0.000,14.142,28.959,0.00
1786292273,bench_mixed,0.00,0.00,0.0,0.000,0.000,14.147,28.952,0.00
1786292278,bench_mixed,0.00,0.00,0.0,0.000,0.000,14.151,28.947,0.00
1786292283,bench_mixed,0.00,0.00,0.0,0.000,0.000,14.153,28.945,0.00
1786292288,bench_mixed,0.00,0.00,0.0,0.000,0.000,14.156,28.943,0.00
1786292293,bench_mixed,0.00,0.00,0.0,0.000,0.000,14.157,28.944,0.00
1786292298,bench_mixed,0.00,0.00,0.0,0.000,0.000,14.159,28.940,0.00
1786292303,bench_mixed,0.00,0.00,0.0,0.000,0.000,14.160,28.939,0.00
1786292308,bench_mixed,0.00,0.00,0.0,0.000,0.000,14.162,28.938,0.00
1786292313,bench_mixed,0.00,0.00,0.0,0.000,0.000,14.162,28.940,0.00
1786292318,bench_mixed,0.00,0.00,0.0,0.000,0.000,14.162,28.939,0.00
1786292323,bench_mixed,0.00,0.00,0.0,0.000,0.000,14.164,28.937,0.00
1786292328,bench_mixed,0.00,0.00,0.0,0.000,0.000,14.165,28.937,0.00
1786292333,bench_mixed,0.00,0.00,0.0,0.000,0.000,14.165,28.938,0.00
1786292338,bench_mixed,0.00,0.00,0.0,0.000,0.000,14.165,28.936,0.00
1786292343,bench_mixed,0.00,0.00,0.0,0.000,0.000,14.166,28.936,0.00
1786292348,bench_mixed,0.00,0.00,0.0,0.000,0.000,14.167,28.935,0.00
1786292354,bench_mixed,0.00,0.00,0.0,0.000,0.000,14.168,28.934,0.00
1786292359,bench_mixed,0.00,0.00,0.0,0.000,0.000,14.168,28.934,0.00
1786292364,bench_mixed,0.00,0.00,0.0,0.000,0.000,14.168,28.934,0.00
1786292369,bench_mixed,0.00,0.00,0.0,0.000,0.000,14.168,28.933,0.00
1786292374,bench_mixed,0.00,0.00,0.0,0.000,0.000,14.169,28.932,0.00
1786292379,bench_mixed,0.00,0.00,0.0,0.000,0.000,14.170,28.932,0.00
1786292384,bench_mixed,0.00,0.00,0.0,0.000,0.000,14.170,28.930,0.00
1786292389,bench_mixed,0.00,0.00,0.0,0.000,0.000,14.174,28.926,0.00
1786292394,bench_mixed,0.00,0.00,0.0,0.000,0.000,14.222,28.876,0.00
1786292399,bench_mixed,0.00,0.00,0.0,0.000,0.000,14.453,28.642,0.00
1786292404,bench_mixed,0.00,0.00,0.0,0.000,0.000,14.453,28.644,0.00
1786292409,bench_mixed,0.00,0.00,0.0,0.000,0.000,14.453,28.631,0.05
1786292414,bench_mixed,0.00,0.00,0.0,0.000,0.000,14.453,28.631,0.00
1786292419,bench_mixed,0.00,0.00,0.0,0.000,0.000,14.453,28.632,0.00
1786292424,bench_mixed,0.00,0.00,0.0,0.000,0.000,14.453,28.632,0.00
1786292429,bench_mixed,0.00,0.00,0.0,0.000,0.000,14.453,28.631,0.00
1786292434,bench_mixed,0.00,0.00,0.0,0.000,0.000,14.453,28.629,0.00
1786292439,bench_mixed,0.00,0.00,0.0,0.000,0.000,14.453,28.630,0.00
1786292444,bench_mixed,0.00,0.00,0.0,0.000,0.000,14.453,28.630,0.00
1786292450,bench_mixed,0.00,0.00,0.0,0.000,0.000,14.453,28.632,0.00
1786292455,bench_mixed,0.00,0.00,0.0,0.000,0.000,14.453,28.632,0.00
1786292460,bench_mixed,0.00,0.00,0.0,0.000,0.000,14.453,28.637,0.00
1786292465,bench_mixed,0.00,0.00,0.0,0.000,0.000,14.453,28.637,0.00
1786292470,bench_mixed,0.00,0.00,0.0,0.000,0.000,14.453,28.637,0.00
1786292475,bench_mixed,0.00,0.00,0.0,0.000,0.000,14.453,28.637,0.00
1786292480,bench_mixed,0.00,0.00,0.0,0.000,0.000,14.453,28.637,0.00
1786292485,bench_mixed,0.00,0.00,0.0,0.000,0.000,14.453,28.637,0.00
1786292490,bench_mixed,0.00,0.00,0.0,0.000,0.000,14.453,28.637,0.00
1786292495,bench_mixed,0.00,0.00,0.0,0.000,0.000,14.453,28.638,0.00
1786292500,bench_mixed,0.00,0.00,0.0,0.000,0.000,14.453,28.638,0.00
1786292505,bench_mixed,0.00,0.00,0.0,0.000,0.000,14.453,28.636,0.00
1786292510,bench_mixed,0.00,0.00,0.0,0.000,0.000,14.453,28.636,0.00
1786292515,bench_mixed,0.00,0.00,0.0,0.000,0.000,14.453,28.632,0.00
1786292520,bench_mixed,0.00,0.00,0.0,0.000,0.000,14.453,28.636,0.00
1786292525,bench_mixed,0.00,0.00,0.0,0.000,0.000,14.453,28.639,0.00
1786292530,bench_mixed,0.00,0.00,0.0,0.000,0.000,14.453,28.639,0.00
1786292535,bench_mixed,0.00,0.00,0.0,0.000,0.000,14.453,28.640,0.00
1786292540,bench_mixed,0.00,0.00,0.0,0.000,0.000,14.453,28.640,0.00
1786292546,bench_mixed,0.00,0.00,0.0,0.000,0.000,14.453,28.641,0.00
1786292551,bench_mixed,0.00,0.00,0.0,0.000,0.000,14.453,28.640,0.00
1786292556,bench_mixed,0.00,0.00,0.0,0.000,0.000,14.453,28.642,0.00
1786292561,bench_mixed,0.00,0.00,0.0,0.000,0.000,14.453,28.643,0.00
1786292566,bench_mixed,0.00,0.00,0.0,0.000,0.000,14.453,28.644,0.00
1786292571,bench_mixed,0.00,0.00,0.0,0.000,0.000,14.453,28.644,0.00
1786292576,bench_mixed,0.00,0.00,0.0,0.000,0.000,14.453,28.644,0.00
1786292581,bench_mixed,0.00,0.00,0.0,0.000,0.000,14.453,28.644,0.00
1786292586,bench_mixed,0.00,0.00,0.0,0.000,0.000,14.453,28.644,0.00
1786292591,bench_mixed,0.00,0.00,0.0,0.000,0.000,14.453,28.645,0.00
1786292596,bench_mixed,0.00,0.00,0.0,0.000,0.000,14.453,28.645,0.00
1786292601,bench_mixed,0.00,0.00,0.0,0.000,0.000,14.453,28.646,0.00
1786292606,bench_mixed,0.00,0.00,0.0,0.000,0.000,14.453,28.646,0.00
1786292611,bench_mixed,0.00,0.00,0.0,0.000,0.000,14.453,28.648,0.00
1786292616,bench_mixed,0.00,0.00,0.0,0.000,0.000,14.453,28.647,0.00
1786292621,bench_mixed,0.00,0.00,0.0,0.000,0.000,14.453,28.647,0.00
1786292626,bench_mixed,0.00,0.00,0.0,0.000,0.000,14.453,28.647,0.00
1786292631,bench_mixed,0.00,0.00,0.0,0.000,0.000,14.453,28.648,0.00
1786292637,bench_mixed,0.00,0.00,0.0,0.000,0.000,14.453,28.649,0.00
1786292642,bench_mixed,0.00,0.00,0.0,0.000,0.000,14.453,28.645,0.00
1786292647,bench_mixed,0.00,0.00,0.0,0.000,0.000,14.453,28.649,0.00
1786292652,bench_mixed,0.00,0.00,0.0,0.000,0.000,14.453,28.647,0.00
1786292657,bench_mixed,0.00,0.00,0.0,0.000,0.000,14.453,28.648,0.00
1786292662,bench_mixed,0.00,0.00,0.0,0.000,0.000,14.453,28.648,0.00
1786292667,bench_mixed,0.00,0.00,0.0,0.000,0.000,14.453,28.648,0.00
1786292672,bench_mixed,0.00,0.00,0.0,0.000,0.000,14.453,28.648,0.00
1786292677,bench_mixed,0.00,0.00,0.0,0.000,0.000,14.453,28.648,0.00
1786292682,bench_mixed,0.00,0.00,0.0,0.000,0.000,14.453,28.649,0.00
1786292687,bench_mixed,0.00,0.00,0.0,0.000,0.000,14.453,28.649,0.00
1786292692,bench_mixed,0.00,0.00,0.0,0.000,0.000,14.453,28.648,0.00
1786292697,bench_mixed,0.00,0.00,0.0,0.000,0.000,14.453,28.645,0.00
1786292702,bench_mixed,0.00,0.00,0.0,0.000,0.000,14.453,28.645,0.00
1786292707,bench_mixed,0.00,0.00,0.0,0.000,0.000,14.453,28.633,0.06
1786292712,bench_mixed,0.00,0.00,0.0,0.000,0.000,14.453,28.637,0.00
1786292717,bench_mixed,0.00,0.00,0.0,0.000,0.000,14.453,28.638,0.00
1786292722,bench_mixed,0.00,0.00,0.0,0.000,0.000,14.453,28.637,0.00
1786292727,bench_mixed,0.00,0.00,0.0,0.000,0.000,14.453,28.639,0.00
1786292733,bench_mixed,0.00,0.00,0.0,0.000,0.000,14.453,28.641,0.00
1786292738,bench_mixed,0.00,0.00,0.0,0.000,0.000,14.453,28.640,0.00
1786292743,bench_mixed,0.00,0.00,0.0,0.000,0.000,14.453,28.644,0.00
1786292748,bench_mixed,0.00,0.00,0.0,0.000,0.000,14.453,28.644,0.00
1786292753,bench_mixed,0.00,0.00,0.0,0.000,0.000,14.453,28.644,0.00
1786292758,bench_mixed,0.00,0.00,0.0,0.000,0.000,14.453,28.640,0.00
1786292763,bench_mixed,0.00,0.00,0.0,0.000,0.000,14.453,28.642,0.00
1786292768,bench_mixed,0.00,0.00,0.0,0.000,0.000,14.453,28.641,0.00
1786292773,bench_mixed,0.00,0.00,0.0,0.000,0.000,14.453,28.641,0.00
1786292778,bench_mixed,0.00,0.00,0.0,0.000,0.000,14.453,28.642,0.00
1786292783,bench_mixed,0.00,0.00,0.0,0.000,0.000,14.453,28.643,0.00
1786292788,bench_mixed,0.00,0.00,0.0,0.000,0.000,14.453,28.644,0.00
1786292793,bench_mixed,0.00,0.00,0.0,0.000,0.000,14.453,28.643,0.00
1786292798,bench_mixed,0.00,0.00,0.0,0.000,0.000,14.453,28.643,0.00
1786292803,bench_mixed,0.00,0.00,0.0,0.000,0.000,14.453,28.642,0.00
1786292808,bench_mixed,0.00,0.00,0.0,0.000,0.000,14.453,28.642,0.00
1786292813,bench_mixed,0.00,0.00,0.0,0.000,0.000,14.453,28.642,0.00
1786292818,bench_mixed,0.00,0.00,0.0,0.000,0.000,14.453,28.643,0.00
1786292823,bench_mixed,0.00,0.00,0.0,0.000,0.000,14.453,28.640,0.00
1786292829,bench_mixed,0.00,0.00,0.0,0.000,0.000,14.453,28.639,0.00
1786292834,bench_mixed,0.00,0.00,0.0,0.000,0.000,14.453,28.638,0.00
1786292839,bench_mixed,0.00,0.00,0.0,0.000,0.000,14.453,28.639,0.00
1786292844,bench_mixed,0.00,0.00,0.0,0.000,0.000,14.453,28.637,0.00
1786292849,bench_mixed,0.00,0.00,0.0,0.000,0.000,14.453,28.639,0.00
1786292854,bench_mixed,0.00,0.00,0.0,0.000,0.000,14.453,28.640,0.00
1786292859,bench_mixed,0.00,0.00,0.0,0.000,0.000,14.453,28.640,0.00
1786292864,bench_mixed,0.00,0.00,0.0,0.000,0.000,14.453,28.641,0.00
1786292869,bench_mixed,0.00,0.00,0.0,0.000,0.000,14.453,28.643,0.00
1786292874,bench_mixed,0.00,0.00,0.0,0.000,0.000,14.453,28.642,0.00
1786292879,bench_mixed,0.00,0.00,0.0,0.000,0.000,14.453,28.643,0.00
1786292884,bench_mixed,0.00,0.00,0.0,0.000,0.000,14.453,28.641,0.00
1786292889,bench_mixed,0.00,0.00,0.0,0.000,0.000,14.453,28.642,0.00
1786292894,bench_mixed,0.00,0.00,0.0,0.000,0.000,14.453,28.643,0.00
1786292899,bench_mixed,0.00,0.00,0.0,0.000,0.000,14.453,28.644,0.00
1786292904,bench_mixed,0.00,0.00,0.0,0.000,0.000,14.453,28.643,0.00
1786292909,bench_mixed,0.00,0.00,0.0,0.000,0.000,14.453,28.644,0.00
1786292914,bench_mixed,0.00,0.00,0.0,0.000,0.000,14.453,28.644,0.00
1786292920,bench_mixed,0.00,0.00,0.0,0.000,0.000,14.453,28.644,0.00
1786292925,bench_mixed,0.00,0.00,0.0,0.000,0.000,14.453,28.642,0.00
1786292930,bench_mixed,0.00,0.00,0.0,0.000,0.000,14.453,28.642,0.00
1786292935,bench_mixed,0.00,0.00,0.0,0.000,0.000,14.453,28.639,0.00
1786292940,bench_mixed,0.00,0.00,0.0,0.000,0.000,14.453,28.640,0.00
1786292945,bench_mixed,0.00,0.00,0.0,0.000,0.000,14.453,28.640,0.00
1786292950,bench_mixed,0.00,0.00,0.0,0.000,0.000,14.453,28.640,0.00
1786292955,bench_mixed,0.00,0.00,0.0,0.000,0.000,14.453,28.641,0.00
1786292960,bench_mixed,0.00,0.00,0.0,0.000,0.000,14.453,28.641,0.00
1786292965,bench_mixed,0.00,0.00,0.0,0.000,0.000,14.453,28.642,0.00
1786292970,bench_mixed,0.00,0.00,0.0,0.000,0.000,14.453,28.640,0.00
1786292975,bench_mixed,0.00,0.00,0.0,0.000,0.000,14.453,28.641,0.00
1786292980,bench_mixed,0.00,0.00,0.0,0.000,0.000,14.453,28.639,0.00
1786292985,bench_mixed,0.00,0.00,0.0,0.000,0.000,14.453,28.641,0.00
1786292990,bench_mixed,0.00,0.00,0.0,0.000,0.000,14.453,28.641,0.00
1786292995,bench_mixed,0.00,0.00,0.0,0.000,0.000,14.453,28.643,0.00
1786293000,bench_mixed,0.00,0.00,0.0,0.000,0.000,14.453,28.643,0.00
1786293005,bench_mixed,0.00,0.00,0.0,0.000,0.000,14.453,28.624,0.04
1786293010,bench_mixed,0.00,0.00,0.0,0.000,0.000,14.453,28.627,0.02
1786293016,bench_mixed,0.00,0.00,0.0,0.000,0.000,14.453,28.628,0.00
1786293021,bench_mixed,0.00,0.00,0.0,0.000,0.000,14.453,28.631,0.00
1786293026,bench_mixed,0.00,0.00,0.0,0.000,0.000,14.453,28.631,0.00
1786293031,bench_mixed,0.00,0.00,0.0,0.000,0.000,14.453,28.633,0.00
1786293036,bench_mixed,0.00,0.00,0.0,0.000,0.000,14.453,28.633,0.00
1786293041,bench_mixed,0.00,0.00,0.0,0.000,0.000,14.453,28.635,0.00
1786293046,bench_mixed,0.00,0.00,0.0,0.000,0.000,14.453,28.635,0.00
1786293051,bench_mixed,0.00,0.00,0.0,0.000,0.000,14.453,28.634,0.00
1786293056,bench_mixed,0.00,0.00,0.0,0.000,0.000,14.453,28.634,0.00
1786293061,bench_mixed,0.00,0.00,0.0,0.000,0.000,14.453,28.632,0.00
1786293066,bench_mixed,0.00,0.00,0.0,0.000,0.000,14.453,28.634,0.00
1786293071,bench_mixed,0.00,0.00,0.0,0.000,0.000,14.453,28.629,0.00
1786293076,bench_mixed,0.00,0.00,0.0,0.000,0.000,14.453,28.630,0.00
1786293081,bench_mixed,0.00,0.00,0.0,0.000,0.000,14.453,28.629,0.00
1786293086,bench_mixed,0.00,0.00,0.0,0.000,0.000,14.453,28.630,0.00
1786293091,bench_mixed,0.00,0.00,0.0,0.000,0.000,14.453,28.630,0.00
1786293096,bench_mixed,0.00,0.00,0.0,0.000,0.000,14.453,28.630,0.00
1786293101,bench_mixed,0.00,0.00,0.0,0.000,0.000,14.453,28.629,0.00
1786293106,bench_mixed,0.00,0.00,0.0,0.000,0.000,14.453,28.630,0.00
1786293112,bench_mixed,0.00,0.00,0.0,0.000,0.000,14.453,28.630,0.00
1786293117,bench_mixed,0.00,0.00,0.0,0.000,0.000,14.453,28.630,0.00
1786293122,bench_mixed,0.00,0.00,0.0,0.000,0.000,14.453,28.630,0.00
1786293127,bench_mixed,0.00,0.00,0.0,0.000,0.000,14.453,28.632,0.00
1786293132,bench_mixed,0.00,0.00,0.0,0.000,0.000,14.453,28.631,0.00
1786293137,bench_mixed,0.00,0.00,0.0,0.000,0.000,14.453,28.633,0.00
1786293142,bench_mixed,0.00,0.00,0.0,0.000,0.000,14.453,28.631,0.00
1786293147,bench_mixed,0.00,0.00,0.0,0.000,0.000,14.453,28.631,0.00
1786293152,bench_mixed,0.00,0.00,0.0,0.000,0.000,14.453,28.632,0.00
1786293157,bench_mixed,0.00,0.00,0.0,0.000,0.000,14.453,28.632,0.00
1786293162,bench_mixed,0.00,0.00,0.0,0.000,0.000,14.453,28.633,0.00
1786293167,bench_mixed,0.00,0.00,0.0,0.000,0.000,14.453,28.634,0.00
1786293172,bench_mixed,0.00,0.00,0.0,0.000,0.000,14.453,28.636,0.00
1786293177,bench_mixed,0.00,0.00,0.0,0.000,0.000,14.453,28.637,0.00
1786293182,bench_mixed,0.00,0.00,0.0,0.000,0.000,14.453,28.637,0.00
1786293187,bench_mixed,0.00,0.00,0.0,0.000,0.000,14.453,28.638,0.00
1786293192,bench_mixed,0.00,0.00,0.0,0.000,0.000,14.453,28.638,0.00
1786293197,bench_mixed,0.00,0.00,0.0,0.000,0.000,14.453,28.638,0.00
1786293203,bench_mixed,0.00,0.00,0.0,0.000,0.000,14.453,28.642,0.00
1786293208,bench_mixed,0.00,0.00,0.0,0.000,0.000,14.453,28.642,0.00
1786293213,bench_mixed,0.00,0.00,0.0,0.000,0.000,14.453,28.642,0.00
1786293218,bench_mixed,0.00,0.00,0.0,0.000,0.000,14.453,28.642,0.00
1786293223,bench_mixed,0.00,0.00,0.0,0.000,0.000,14.453,28.641,0.00
1786293228,bench_mixed,0.00,0.00,0.0,0.000,0.000,14.453,28.642,0.00
1786293233,bench_mixed,0.00,0.00,0.0,0.000,0.000,14.453,28.641,0.00
1786293238,bench_mixed,0.00,0.00,0.0,0.000,0.000,14.453,28.642,0.00
1786293243,bench_mixed,0.00,0.00,0.0,0.000,0.000,14.453,28.640,0.00
1786293248,bench_mixed,0.00,0.00,0.0,0.000,0.000,14.453,28.640,0.00
1786293253,bench_mixed,0.00,0.00,0.0,0.000,0.000,14.453,28.638,0.00
1786293258,bench_mixed,0.00,0.00,0.0,0.000,0.000,14.453,28.639,0.00
1786293263,bench_mixed,0.00,0.00,0.0,0.000,0.000,14.453,28.641,0.00
1786293268,bench_mixed,0.00,0.00,0.0,0.000,0.000,14.453,28.641,0.00
1786293273,bench_mixed,0.00,0.00,0.0,0.000,0.000,14.453,28.637,0.00
1786293278,bench_mixed,0.00,0.00,0.0,0.000,0.000,14.453,28.639,0.00
1786293283,bench_mixed,0.00,0.00,0.0,0.000,0.000,14.453,28.639,0.00
1786293288,bench_mixed,0.00,0.00,0.0,0.000,0.000,14.453,28.639,0.00
1786293293,bench_mixed,0.00,0.00,0.0,0.000,0.000,14.453,28.628,0.00
1786293299,bench_mixed,0.00,0.00,0.0,0.000,0.000,14.453,28.640,0.00
1786293304,bench_mixed,0.00,0.00,0.0,0.000,0.000,14.453,28.639,0.00
1786293309,bench_mixed,0.00,0.00,0.0,0.000,0.000,14.453,28.623,0.06
1786293314,bench_mixed,0.00,0.00,0.0,0.000,0.000,14.453,28.624,0.00
1786293319,bench_mixed,0.00,0.00,0.0,0.000,0.000,14.453,28.624,0.00
1786293324,bench_mixed,0.00,0.00,0.0,0.000,0.000,14.453,28.625,0.00
1786293329,bench_mixed,0.00,0.00,0.0,0.000,0.000,14.453,28.626,0.00
1786293334,bench_mixed,0.00,0.00,0.0,0.000,0.000,14.453,28.626,0.00
1786293339,bench_mixed,0.00,0.00,0.0,0.000,0.000,14.453,28.625,0.00
1786293344,bench_mixed,0.00,0.00,0.0,0.000,0.000,14.453,28.625,0.00
1786293349,bench_mixed,0.00,0.00,0.0,0.000,0.000,14.453,28.627,0.00
1786293354,bench_mixed,0.00,0.00,0.0,0.000,0.000,14.453,28.627,0.00
1786293359,bench_mixed,0.00,0.00,0.0,0.000,0.000,14.453,28.626,0.00
1786293364,bench_mixed,0.00,0.00,0.0,0.000,0.000,14.453,28.627,0.00
1786293369,bench_mixed,0.00,0.00,0.0,0.000,0.000,14.453,28.630,0.00
1786293374,bench_mixed,0.00,0.00,0.0,0.000,0.000,14.453,28.630,0.00
1786293379,bench_mixed,0.00,0.00,0.0,0.000,0.000,14.453,28.630,0.00
1786293384,bench_mixed,0.00,0.00,0.0,0.000,0.000,14.453,28.628,0.00
1786293390,bench_mixed,0.00,0.00,0.0,0.000,0.000,14.453,28.634,0.00
1786293395,bench_mixed,0.00,0.00,0.0,0.000,0.000,14.453,28.634,0.00
1786293400,bench_mixed,0.00,0.00,0.0,0.000,0.000,14.453,28.635,0.00
1786293405,bench_mixed,0.00,0.00,0.0,0.000,0.000,14.453,28.635,0.00
1786293410,bench_mixed,0.00,0.00,0.0,0.000,0.000,14.453,28.635,0.00
1786293415,bench_mixed,0.00,0.00,0.0,0.000,0.000,14.453,28.635,0.00
1786293420,bench_mixed,0.00,0.00,0.0,0.000,0.000,14.453,28.635,0.00
1786293425,bench_mixed,0.00,0.00,0.0,0.000,0.000,14.453,28.635,0.00
1786293430,bench_mixed,0.00,0.00,0.0,0.000,0.000,14.453,28.634,0.00
1786293435,bench_mixed,0.00,0.00,0.0,0.000,0.000,14.453,28.634,0.00
1786293440,bench_mixed,0.00,0.00,0.0,0.000,0.000,14.453,28.631,0.00
1786293445,bench_mixed,0.00,0.00,0.0,0.000,0.000,14.453,28.632,0.00
1786293450,bench_mixed,0.00,0.00,0.0,0.000,0.000,14.453,28.630,0.00
1786293455,bench_mixed,0.00,0.00,0.0,0.000,0.000,14.453,28.631,0.00
1786293460,bench_mixed,0.00,0.00,0.0,0.000,0.000,14.453,28.633,0.00
1786293465,bench_mixed,0.00,0.00,0.0,0.000,0.000,14.453,28.634,0.00
1786293470,bench_mixed,0.00,0.00,0.0,0.000,0.000,14.453,28.634,0.00
1786293475,bench_mixed,0.00,0.00,0.0,0.000,0.000,14.453,28.634,0.00
1786293480,bench_mixed,0.00,0.00,0.0,0.000,0.000,14.453,28.633,0.00
1786293486,bench_mixed,0.00,0.00,0.0,0.000,0.000,14.453,28.634,0.00
1786293491,bench_mixed,0.00,0.00,0.0,0.000,0.000,14.453,28.634,0.00
1786293496,bench_mixed,0.00,0.00,0.0,0.000,0.000,14.453,28.633,0.00
1786293501,bench_mixed,0.00,0.00,0.0,0.000,0.000,14.453,28.634,0.00
1786293506,bench_mixed,0.00,0.00,0.0,0.000,0.000,14.453,28.632,0.00
1786293511,bench_mixed,0.00,0.00,0.0,0.000,0.000,14.453,28.633,0.00
1786293516,bench_mixed,0.00,0.00,0.0,0.000,0.000,14.453,28.633,0.00
1786293521,bench_mixed,0.00,0.00,0.0,0.000,0.000,14.453,28.631,0.00
1786293526,bench_mixed,0.00,0.00,0.0,0.000,0.000,14.453,28.631,0.00
1786293531,bench_mixed,0.00,0.00,0.0,0.000,0.000,14.453,28.629,0.00
1786293536,bench_mixed,0.00,0.00,0.0,0.000,0.000,14.453,28.629,0.00
1786293541,bench_mixed,0.00,0.00,0.0,0.000,0.000,14.453,28.633,0.00
1786293546,bench_mixed,0.00,0.00,0.0,0.000,0.000,14.453,28.633,0.00
1786293551,bench_mixed,0.00,0.00,0.0,0.000,0.000,14.453,28.632,0.00
1786293556,bench_mixed,0.00,0.00,0.0,0.000,0.000,14.453,28.632,0.00
1786293561,bench_mixed,0.00,0.00,0.0,0.000,0.000,14.453,28.618,0.00
1786293566,bench_mixed,0.00,0.00,0.0,0.000,0.000,14.453,28.619,0.00
1786293571,bench_mixed,0.00,0.00,0.0,0.000,0.000,14.453,28.617,0.00
1786293576,bench_mixed,0.00,0.00,0.0,0.000,0.000,14.453,28.617,0.00
1786293582,bench_mixed,0.00,0.00,0.0,0.000,0.000,14.453,28.617,0.00
1786293587,bench_mixed,0.00,0.00,0.0,0.000,0.000,14.453,28.618,0.00
1786293592,bench_mixed,0.00,0.00,0.0,0.000,0.000,14.453,28.618,0.00
1786293597,bench_mixed,0.00,0.00,0.0,0.000,0.000,14.453,28.619,0.00
1786293602,bench_mixed,0.00,0.00,0.0,0.000,0.000,14.453,28.617,0.00
1786293607,bench_mixed,0.00,0.00,0.0,0.000,0.000,14.453,28.607,0.05
1786293612,bench_mixed,0.00,0.00,0.0,0.000,0.000,14.453,28.612,0.00
1786293617,bench_mixed,0.00,0.00,0.0,0.000,0.000,14.453,28.613,0.00
1786293622,bench_mixed,0.00,0.00,0.0,0.000,0.000,14.453,28.614,0.00
1786293627,bench_mixed,0.00,0.00,0.0,0.000,0.000,14.453,28.611,0.00
1786293632,bench_mixed,0.00,0.00,0.0,0.000,0.000,14.453,28.610,0.00
1786293637,bench_mixed,0.00,0.00,0.0,0.000,0.000,14.453,28.611,0.00
1786293642,bench_mixed,0.00,0.00,0.0,0.000,0.000,14.453,28.614,0.00
1786293647,bench_mixed,0.00,0.00,0.0,0.000,0.000,14.453,28.614,0.00
1786293652,bench_mixed,0.00,0.00,0.0,0.000,0.000,14.453,28.613,0.00
1786293657,bench_mixed,0.00,0.00,0.0,0.000,0.000,14.453,28.614,0.00
1786293662,bench_mixed,0.00,0.00,0.0,0.000,0.000,14.453,28.614,0.00
1786293667,bench_mixed,0.00,0.00,0.0,0.000,0.000,14.453,28.613,0.00
1786293672,bench_mixed,0.00,0.00,0.0,0.000,0.000,14.453,28.613,0.00
1786293678,bench_mixed,0.00,0.00,0.0,0.000,0.000,14.453,28.612,0.00
1786293683,bench_mixed,0.00,0.00,0.0,0.000,0.000,14.453,28.611,0.00
1786293688,bench_mixed,0.00,0.00,0.0,0.000,0.000,14.453,28.608,0.00
1786293693,bench_mixed,0.00,0.00,0.0,0.000,0.000,14.453,28.609,0.00
1786293698,bench_mixed,0.00,0.00,0.0,0.000,0.000,14.453,28.610,0.00
1786293703,bench_mixed,0.00,0.00,0.0,0.000,0.000,14.453,28.610,0.00
1786293708,bench_mixed,0.00,0.00,0.0,0.000,0.000,14.453,28.610,0.00
1786293713,bench_mixed,0.00,0.00,0.0,0.000,0.000,14.453,28.610,0.00
1786293718,bench_mixed,0.00,0.00,0.0,0.000,0.000,14.453,28.614,0.00
1786293723,bench_mixed,0.00,0.00,0.0,0.000,0.000,14.453,28.613,0.00
1786293728,bench_mixed,0.00,0.00,0.0,0.000,0.000,14.453,28.615,0.00
1786293733,bench_mixed,0.00,0.00,0.0,0.000,0.000,14.453,28.615,0.00
1786293738,bench_mixed,0.00,0.00,0.0,0.000,0.000,14.453,28.613,0.00
1786293743,bench_mixed,0.00,0.00,0.0,0.000,0.000,14.453,28.613,0.00
1786293748,bench_mixed,0.00,0.00,0.0,0.000,0.000,14.453,28.612,0.00
1786293753,bench_mixed,0.00,0.00,0.0,0.000,0.000,14.453,28.612,0.00
1786293758,bench_mixed,0.00,0.00,0.0,0.000,0.000,14.453,28.612,0.00
1786293763,bench_mixed,0.00,0.00,0.0,0.000,0.000,14.453,28.612,0.00
1786293768,bench_mixed,0.00,0.00,0.0,0.000,0.000,14.453,28.611,0.00
1786293774,bench_mixed,0.00,0.00,0.0,0.000,0.000,14.453,28.612,0.00
1786293779,bench_mixed,0.00,0.00,0.0,0.000,0.000,14.453,28.612,0.00
1786293784,bench_mixed,0.00,0.00,0.0,0.000,0.000,14.453,28.612,0.00
1786293789,bench_mixed,0.00,0.00,0.0,0.000,0.000,14.453,28.610,0.00
1786293794,bench_mixed,0.00,0.00,0.0,0.000,0.000,14.453,28.609,0.00
1786293799,bench_mixed,0.00,0.00,0.0,0.000,0.000,14.453,28.611,0.00
1786293804,bench_mixed,0.00,0.00,0.0,0.000,0.000,14.453,28.611,0.00
1786293809,bench_mixed,0.00,0.00,0.0,0.000,0.000,14.453,28.610,0.00
1786293814,bench_mixed,0.00,0.00,0.0,0.000,0.000,14.453,28.608,0.00
1786293819,bench_mixed,0.00,0.00,0.0,0.000,0.000,14.453,28.610,0.00
1786293824,bench_mixed,0.00,0.00,0.0,0.000,0.000,14.453,28.610,0.00
1786293829,bench_mixed,0.00,0.00,0.0,0.000,0.000,14.453,28.609,0.00
1786293834,bench_mixed,0.00,0.00,0.0,0.000,0.000,14.453,28.608,0.00
1786293839,bench_mixed,0.00,0.00,0.0,0.000,0.000,14.453,28.609,0.00
1786293844,bench_mixed,0.00,0.00,0.0,0.000,0.000,14.453,28.609,0.00
1786293849,bench_mixed,0.00,0.00,0.0,0.000,0.000,14.453,28.609,0.00
1786293854,bench_mixed,0.00,0.00,0.0,0.000,0.000,14.453,28.610,0.00
1786293859,bench_mixed,0.00,0.00,0.0,0.000,0.000,14.453,28.613,0.00
1786293864,bench_mixed,0.00,0.00,0.0,0.000,0.000,14.453,28.613,0.00
1786293870,bench_mixed,0.00,0.00,0.0,0.000,0.000,14.453,28.615,0.00
1786293875,bench_mixed,0.00,0.00,0.0,0.000,0.000,14.453,28.617,0.00
1786293880,bench_mixed,0.00,0.00,0.0,0.000,0.000,14.453,28.616,0.00
1786293885,bench_mixed,0.00,0.00,0.0,0.000,0.000,14.453,28.616,0.00
1786293890,bench_mixed,0.00,0.00,0.0,0.000,0.000,14.453,28.618,0.00
1786293895,bench_mixed,0.00,0.00,0.0,0.000,0.000,14.453,28.618,0.00
1786293900,bench_mixed,0.00,0.00,0.0,0.000,0.000,14.453,28.618,0.00
1786293905,bench_mixed,0.00,0.00,0.0,0.000,0.000,14.453,28.607,0.03
1786293910,bench_mixed,0.00,0.00,0.0,0.000,0.000,14.453,28.604,0.02
1786293915,bench_mixed,0.00,0.00,0.0,0.000,0.000,14.453,28.608,0.00
1786293920,bench_mixed,0.00,0.00,0.0,0.000,0.000,14.453,28.609,0.00
1786293925,bench_mixed,0.00,0.00,0.0,0.000,0.000,14.453,28.609,0.00
1786293930,bench_mixed,0.00,0.00,0.0,0.000,0.000,14.453,28.611,0.00
1786293935,bench_mixed,0.00,0.00,0.0,0.000,0.000,14.453,28.611,0.00
1786293940,bench_mixed,0.00,0.00,0.0,0.000,0.000,14.453,28.608,0.00
1786293945,bench_mixed,0.00,0.00,0.0,0.000,0.000,14.453,28.609,0.00
1786293950,bench_mixed,0.00,0.00,0.0,0.000,0.000,14.453,28.610,0.00
1786293955,bench_mixed,0.00,0.00,0.0,0.000,0.000,14.453,28.611,0.00
1786293960,bench_mixed,0.00,0.00,0.0,0.000,0.000,14.453,28.607,0.00
1786293966,bench_mixed,0.00,0.00,0.0,0.000,0.000,14.453,28.607,0.00
1786293971,bench_mixed,0.00,0.00,0.0,0.000,0.000,14.453,28.607,0.00
1786293976,bench_mixed,0.00,0.00,0.0,0.000,0.000,14.453,28.608,0.00
1786293981,bench_mixed,0.00,0.00,0.0,0.000,0.000,14.453,28.612,0.00
1786293986,bench_mixed,0.00,0.00,0.0,0.000,0.000,14.453,28.611,0.00
1786293991,bench_mixed,0.00,0.00,0.0,0.000,0.000,14.453,28.610,0.00
1786293996,bench_mixed,0.00,0.00,0.0,0.000,0.000,14.453,28.611,0.00
1786294001,bench_mixed,0.00,0.00,0.0,0.000,0.000,14.453,28.608,0.00
1786294006,bench_mixed,0.00,0.00,0.0,0.000,0.000,14.453,28.609,0.00
1786294011,bench_mixed,0.00,0.00,0.0,0.000,0.000,14.453,28.609,0.00
1786294016,bench_mixed,0.00,0.00,0.0,0.000,0.000,14.453,28.609,0.00
1786294021,bench_mixed,0.00,0.00,0.0,0.000,0.000,14.453,28.609,0.00
1786294026,bench_mixed,0.00,0.00,0.0,0.000,0.000,14.453,28.609,0.00
1786294031,bench_mixed,0.00,0.00,0.0,0.000,0.000,14.453,28.609,0.00
1786294036,bench_mixed,0.00,0.00,0.0,0.000,0.000,14.453,28.610,0.00
1786294041,bench_mixed,0.00,0.00,0.0,0.000,0.000,14.453,28.610,0.00
1786294046,bench_mixed,0.00,0.00,0.0,0.000,0.000,14.453,28.614,0.00
1786294051,bench_mixed,0.00,0.00,0.0,0.000,0.000,14.453,28.614,0.00
1786294056,bench_mixed,0.00,0.00,0.0,0.000,0.000,14.453,28.614,0.00
1786294062,bench_mixed,0.00,0.00,0.0,0.000,0.000,14.453,28.611,0.00
1786294067,bench_mixed,0.00,0.00,0.0,0.000,0.000,14.453,28.613,0.00
1786294072,bench_mixed,0.00,0.00,0.0,0.000,0.000,14.453,28.613,0.00
1786294077,bench_mixed,0.00,0.00,0.0,0.000,0.000,14.453,28.612,0.00
1786294082,bench_mixed,0.00,0.00,0.0,0.000,0.000,14.453,28.612,0.00
1786294087,bench_mixed,0.00,0.00,0.0,0.000,0.000,14.453,28.619,0.00
1786294092,bench_mixed,0.00,0.00,0.0,0.000,0.000,14.453,28.617,0.00
1786294097,bench_mixed,0.00,0.00,0.0,0.000,0.000,14.453,28.616,0.00
1786294102,bench_mixed,0.00,0.00,0.0,0.000,0.000,14.453,28.616,0.00
1786294107,bench_mixed,0.00,0.00,0.0,0.000,0.000,14.453,28.614,0.00
1786294112,bench_mixed,0.00,0.00,0.0,0.000,0.000,14.453,28.614,0.00
1786294117,bench_mixed,0.00,0.00,0.0,0.000,0.000,14.453,28.615,0.00
1786294122,bench_mixed,0.00,0.00,0.0,0.000,0.000,14.453,28.614,0.00
1786294127,bench_mixed,0.00,0.00,0.0,0.000,0.000,14.453,28.612,0.00
1786294132,bench_mixed,0.00,0.00,0.0,0.000,0.000,14.453,28.614,0.00
1786294137,bench_mixed,0.00,0.00,0.0,0.000,0.000,14.453,28.611,0.00
1786294142,bench_mixed,0.00,0.00,0.0,0.000,0.000,14.453,28.612,0.00
1786294147,bench_mixed,0.00,0.00,0.0,0.000,0.000,14.453,28.612,0.00
1786294152,bench_mixed,0.00,0.00,0.0,0.000,0.000,14.453,28.612,0.00
1786294158,bench_mixed,0.00,0.00,0.0,0.000,0.000,14.453,28.612,0.00
1786294163,bench_mixed,0.00,0.00,0.0,0.000,0.000,14.453,28.612,0.00
1786294168,bench_mixed,0.00,0.00,0.0,0.000,0.000,14.453,28.609,0.00
1786294173,bench_mixed,0.00,0.00,0.0,0.000,0.000,14.453,28.608,0.00
1786294178,bench_mixed,0.00,0.00,0.0,0.000,0.000,14.453,28.606,0.00
1786294183,bench_mixed,0.00,0.00,0.0,0.000,0.000,14.453,28.607,0.00
1786294188,bench_mixed,0.00,0.00,0.0,0.000,0.000,14.453,28.604,0.00
1786294193,bench_mixed,0.00,0.00,0.0,0.000,0.000,14.453,28.607,0.00
1786294198,bench_mixed,0.00,0.00,0.0,0.000,0.000,14.453,28.606,0.00
1786294203,bench_mixed,0.00,0.00,0.0,0.000,0.000,14.453,28.606,0.00
1786294208,bench_mixed,0.00,0.00,0.0,0.000,0.000,14.453,28.597,0.06
1786294213,bench_mixed,0.00,0.00,0.0,0.000,0.000,14.453,28.596,0.00
1786294218,bench_mixed,0.00,0.00,0.0,0.000,0.000,14.453,28.598,0.00
1786294223,bench_mixed,0.00,0.00,0.0,0.000,0.000,14.453,28.599,0.00
1786294228,bench_mixed,0.00,0.00,0.0,0.000,0.000,14.453,28.600,0.00
1786294233,bench_mixed,0.00,0.00,0.0,0.000,0.000,14.453,28.600,0.00
1786294238,bench_mixed,0.00,0.00,0.0,0.000,0.000,14.453,28.599,0.00
1786294243,bench_mixed,0.00,0.00,0.0,0.000,0.000,14.453,28.599,0.00
1786294249,bench_mixed,0.00,0.00,0.0,0.000,0.000,14.453,28.598,0.00
1786294254,bench_mixed,0.00,0.00,0.0,0.000,0.000,14.453,28.600,0.00
1786294259,bench_mixed,0.00,0.00,0.0,0.000,0.000,14.453,28.602,0.00
1786294264,bench_mixed,0.00,0.00,0.0,0.000,0.000,14.453,28.602,0.00
1786294269,bench_mixed,0.00,0.00,0.0,0.000,0.000,14.453,28.603,0.00
1786294274,bench_mixed,0.00,0.00,0.0,0.000,0.000,14.453,28.604,0.00
1786294279,bench_mixed,0.00,0.00,0.0,0.000,0.000,14.453,28.604,0.00
1786294284,bench_mixed,0.00,0.00,0.0,0.000,0.000,14.453,28.604,0.00
1786294289,bench_mixed,0.00,0.00,0.0,0.000,0.000,14.453,28.607,0.00
1786294294,bench_mixed,0.00,0.00,0.0,0.000,0.000,14.453,28.607,0.00
1786294299,bench_mixed,0.00,0.00,0.0,0.000,0.000,14.453,28.607,0.00
1786294304,bench_mixed,0.00,0.00,0.0,0.000,0.000,14.453,28.607,0.00
1786294309,bench_mixed,0.00,0.00,0.0,0.000,0.000,14.453,28.604,0.00
1786294314,bench_mixed,0.00,0.00,0.0,0.000,0.000,14.453,28.605,0.00
1786294319,bench_mixed,0.00,0.00,0.0,0.000,0.000,14.453,28.603,0.00
1786294324,bench_mixed,0.00,0.00,0.0,0.000,0.000,14.453,28.604,0.00
1786294329,bench_mixed,0.00,0.00,0.0,0.000,0.000,14.453,28.606,0.00
1786294334,bench_mixed,0.00,0.00,0.0,0.000,0.000,14.453,28.606,0.00
1786294339,bench_mixed,0.00,0.00,0.0,0.000,0.000,14.453,28.605,0.00
1786294345,bench_mixed,0.00,0.00,0.0,0.000,0.000,14.453,28.605,0.00
1786294350,bench_mixed,0.00,0.00,0.0,0.000,0.000,14.453,28.604,0.00
1786294355,bench_mixed,0.00,0.00,0.0,0.000,0.000,14.453,28.604,0.00
1786294360,bench_mixed,0.00,0.00,0.0,0.000,0.000,14.453,28.605,0.00
1786294365,bench_mixed,0.00,0.00,0.0,0.000,0.000,14.453,28.605,0.00
1786294370,bench_mixed,0.00,0.00,0.0,0.000,0.000,14.453,28.605,0.00
1786294375,bench_mixed,0.00,0.00,0.0,0.000,0.000,14.453,28.608,0.00
1786294380,bench_mixed,0.00,0.00,0.0,0.000,0.000,14.453,28.607,0.00
1786294385,bench_mixed,0.00,0.00,0.0,0.000,0.000,14.453,28.607,0.00
1786294390,bench_mixed,0.00,0.00,0.0,0.000,0.000,14.453,28.607,0.00
1786294395,bench_mixed,0.00,0.00,0.0,0.000,0.000,14.453,28.606,0.00
1786294400,bench_mixed,0.00,0.00,0.0,0.000,0.000,14.453,28.607,0.00
1786294405,bench_mixed,0.00,0.00,0.0,0.000,0.000,14.453,28.608,0.00
1786294410,bench_mixed,0.00,0.00,0.0,0.000,0.000,14.453,28.607,0.00
1786294415,bench_mixed,0.00,0.00,0.0,0.000,0.000,14.453,28.609,0.00
1786294420,bench_mixed,0.00,0.00,0.0,0.000,0.000,14.453,28.610,0.00
1786294425,bench_mixed,0.00,0.00,0.0,0.000,0.000,14.453,28.610,0.00
1786294430,bench_mixed,0.00,0.00,0.0,0.000,0.000,14.453,28.609,0.00
1786294435,bench_mixed,0.00,0.00,0.0,0.000,0.000,14.453,28.609,0.00
1786294441,bench_mixed,0.00,0.00,0.0,0.000,0.000,14.453,28.610,0.00
1786294446,bench_mixed,0.00,0.00,0.0,0.000,0.000,14.453,28.609,0.00
1786294451,bench_mixed,0.00,0.00,0.0,0.000,0.000,14.453,28.610,0.00
1786294456,bench_mixed,0.00,0.00,0.0,0.000,0.000,14.453,28.613,0.00
1786294461,bench_mixed,0.00,0.00,0.0,0.000,0.000,14.453,28.614,0.00
1786294466,bench_mixed,0.00,0.00,0.0,0.000,0.000,14.453,28.612,0.00
1786294471,bench_mixed,0.00,0.00,0.0,0.000,0.000,14.453,28.612,0.00
1786294476,bench_mixed,0.00,0.00,0.0,0.000,0.000,14.453,28.609,0.00
1786294481,bench_mixed,0.00,0.00,0.0,0.000,0.000,14.453,28.610,0.00
1786294486,bench_mixed,0.00,0.00,0.0,0.000,0.000,14.453,28.610,0.00
1786294491,bench_mixed,0.00,0.00,0.0,0.000,0.000,14.453,28.609,0.00
1786294496,bench_mixed,0.00,0.00,0.0,0.000,0.000,14.453,28.608,0.00
1786294501,bench_mixed,0.00,0.00,0.0,0.000,0.000,14.453,28.606,0.00
1786294506,bench_mixed,0.00,0.00,0.0,0.000,0.000,14.453,28.594,0.04
1786294511,bench_mixed,0.00,0.00,0.0,0.000,0.000,14.453,28.594,0.01
1786294516,bench_mixed,0.00,0.00,0.0,0.000,0.000,14.453,28.599,0.00
1786294521,bench_mixed,0.00,0.00,0.0,0.000,0.000,14.453,28.599,0.00
1786294526,bench_mixed,0.00,0.00,0.0,0.000,0.000,14.453,28.601,0.00
1786294531,bench_mixed,0.00,0.00,0.0,0.000,0.000,14.453,28.602,0.00
1786294537,bench_mixed,0.00,0.00,0.0,0.000,0.000,14.453,28.604,0.00
1786294542,bench_mixed,0.00,0.00,0.0,0.000,0.000,14.453,28.605,0.00
1786294547,bench_mixed,0.00,0.00,0.0,0.000,0.000,14.453,28.604,0.00
1786294552,bench_mixed,0.00,0.00,0.0,0.000,0.000,14.453,28.605,0.00
1786294557,bench_mixed,0.00,0.00,0.0,0.000,0.000,14.453,28.604,0.00
1786294562,bench_mixed,0.00,0.00,0.0,0.000,0.000,14.453,28.605,0.00
1786294567,bench_mixed,0.00,0.00,0.0,0.000,0.000,14.453,28.605,0.00
1786294572,bench_mixed,0.00,0.00,0.0,0.000,0.000,14.453,28.606,0.00
1786294577,bench_mixed,0.00,0.00,0.0,0.000,0.000,14.453,28.607,0.00
1786294582,bench_mixed,0.00,0.00,0.0,0.000,0.000,14.453,28.607,0.00
1786294587,bench_mixed,0.00,0.00,0.0,0.000,0.000,14.453,28.609,0.00
1786294592,bench_mixed,0.00,0.00,0.0,0.000,0.000,14.453,28.610,0.00
1786294597,bench_mixed,0.00,0.00,0.0,0.000,0.000,14.453,28.610,0.00
1786294602,bench_mixed,0.00,0.00,0.0,0.000,0.000,14.453,28.610,0.00
1786294607,bench_mixed,0.00,0.00,0.0,0.000,0.000,14.453,28.611,0.00
1786294612,bench_mixed,0.00,0.00,0.0,0.000,0.000,14.453,28.612,0.00
1786294617,bench_mixed,0.00,0.00,0.0,0.000,0.000,14.453,28.613,0.00
1786294622,bench_mixed,0.00,0.00,0.0,0.000,0.000,14.453,28.615,0.00
1786294627,bench_mixed,0.00,0.00,0.0,0.000,0.000,14.453,28.616,0.00
1786294633,bench_mixed,0.00,0.00,0.0,0.000,0.000,14.453,28.616,0.00
1786294638,bench_mixed,0.00,0.00,0.0,0.000,0.000,14.453,28.617,0.00
1786294643,bench_mixed,0.00,0.00,0.0,0.000,0.000,14.453,28.617,0.00
1786294648,bench_mixed,0.00,0.00,0.0,0.000,0.000,14.453,28.616,0.00
1786294653,bench_mixed,0.00,0.00,0.0,0.000,0.000,14.453,28.617,0.00
1786294658,bench_mixed,0.00,0.00,0.0,0.000,0.000,14.453,28.615,0.00
1786294663,bench_mixed,0.00,0.00,0.0,0.000,0.000,14.453,28.616,0.00
1786294668,bench_mixed,0.00,0.00,0.0,0.000,0.000,14.453,28.618,0.00
1786294673,bench_mixed,0.00,0.00,0.0,0.000,0.000,14.453,28.618,0.00
1786294678,bench_mixed,0.00,0.00,0.0,0.000,0.000,14.453,28.619,0.00
1786294683,bench_mixed,0.00,0.00,0.0,0.000,0.000,14.453,28.620,0.00
1786294688,bench_mixed,0.00,0.00,0.0,0.000,0.000,14.453,28.617,0.00
1786294693,bench_mixed,0.00,0.00,0.0,0.000,0.000,14.453,28.617,0.00
1786294698,bench_mixed,0.00,0.00,0.0,0.000,0.000,14.453,28.619,0.00
1786294703,bench_mixed,0.00,0.00,0.0,0.000,0.000,14.453,28.620,0.00
1786294708,bench_mixed,0.00,0.00,0.0,0.000,0.000,14.453,28.617,0.00
1786294713,bench_mixed,0.00,0.00,0.0,0.000,0.000,14.453,28.618,0.00
1786294718,bench_mixed,0.00,0.00,0.0,0.000,0.000,14.453,28.617,0.00
1786294723,bench_mixed,0.00,0.00,0.0,0.000,0.000,14.453,28.616,0.00
1786294729,bench_mixed,0.00,0.00,0.0,0.000,0.000,14.453,28.615,0.00
1786294734,bench_mixed,0.00,0.00,0.0,0.000,0.000,14.453,28.615,0.00
1786294739,bench_mixed,0.00,0.00,0.0,0.000,0.000,14.453,28.615,0.00
1786294744,bench_mixed,0.00,0.00,0.0,0.000,0.000,14.453,28.615,0.00
1786294749,bench_mixed,0.00,0.00,0.0,0.000,0.000,14.453,28.614,0.00
1786294754,bench_mixed,0.00,0.00,0.0,0.000,0.000,14.453,28.612,0.00
1786294759,bench_mixed,0.00,0.00,0.0,0.000,0.000,14.453,28.612,0.00
1786294764,bench_mixed,0.00,0.00,0.0,0.000,0.000,14.453,28.613,0.00
1786294769,bench_mixed,0.00,0.00,0.0,0.000,0.000,14.453,28.614,0.00
1786294774,bench_mixed,0.00,0.00,0.0,0.000,0.000,14.453,28.615,0.00
1786294779,bench_mixed,0.00,0.00,0.0,0.000,0.000,14.453,28.615,0.00
1786294784,bench_mixed,0.00,0.00,0.0,0.000,0.000,14.453,28.615,0.00
1786294789,bench_mixed,0.00,0.00,0.0,0.000,0.000,14.453,28.615,0.00
1786294794,bench_mixed,0.00,0.00,0.0,0.000,0.000,14.453,28.617,0.00
1786294799,bench_mixed,0.00,0.00,0.0,0.000,0.000,14.453,28.614,0.00
1786294804,bench_mixed,0.00,0.00,0.0,0.000,0.000,14.453,28.616,0.00
1786294809,bench_mixed,0.00,0.00,0.0,0.000,0.000,14.453,28.604,0.06
1786294814,bench_mixed,0.00,0.00,0.0,0.000,0.000,14.453,28.605,0.00
1786294819,bench_mixed,0.00,0.00,0.0,0.000,0.000,14.453,28.606,0.00
1786294824,bench_mixed,0.00,0.00,0.0,0.000,0.000,14.453,28.608,0.00
1786294830,bench_mixed,0.00,0.00,0.0,0.000,0.000,14.453,28.607,0.00
1786294835,bench_mixed,0.00,0.00,0.0,0.000,0.000,14.453,28.608,0.00
1786294840,bench_mixed,0.00,0.00,0.0,0.000,0.000,14.453,28.608,0.00
1786294845,bench_mixed,0.00,0.00,0.0,0.000,0.000,14.453,28.611,0.00
1786294850,bench_mixed,0.00,0.00,0.0,0.000,0.000,14.453,28.611,0.00
1786294855,bench_mixed,0.00,0.00,0.0,0.000,0.000,14.453,28.613,0.00
1786294860,bench_mixed,0.00,0.00,0.0,0.000,0.000,14.453,28.613,0.00
1786294865,bench_mixed,0.00,0.00,0.0,0.000,0.000,14.453,28.612,0.00
1786294870,bench_mixed,0.00,0.00,0.0,0.000,0.000,14.453,28.612,0.00
1786294875,bench_mixed,0.00,0.00,0.0,0.000,0.000,14.453,28.613,0.00
1786294880,bench_mixed,0.00,0.00,0.0,0.000,0.000,14.453,28.613,0.00
1786294885,bench_mixed,0.00,0.00,0.0,0.000,0.000,14.453,28.611,0.00
1786294890,bench_mixed,0.00,0.00,0.0,0.000,0.000,14.453,28.611,0.00
1786294895,bench_mixed,0.00,0.00,0.0,0.000,0.000,14.453,28.609,0.00
1786294900,bench_mixed,0.00,0.00,0.0,0.000,0.000,14.453,28.610,0.00
1786294905,bench_mixed,0.00,0.00,0.0,0.000,0.000,14.453,28.609,0.00
1786294910,bench_mixed,0.00,0.00,0.0,0.000,0.000,14.453,28.610,0.00
1786294915,bench_mixed,0.00,0.00,0.0,0.000,0.000,14.453,28.608,0.00
1786294920,bench_mixed,0.00,0.00,0.0,0.000,0.000,14.453,28.609,0.00
1786294926,bench_mixed,0.00,0.00,0.0,0.000,0.000,14.453,28.608,0.00
1786294931,bench_mixed,0.00,0.00,0.0,0.000,0.000,14.453,28.609,0.00
1786294936,bench_mixed,0.00,0.00,0.0,0.000,0.000,14.453,28.609,0.00
1786294941,bench_mixed,0.00,0.00,0.0,0.000,0.000,14.453,28.609,0.00
1786294946,bench_mixed,0.00,0.00,0.0,0.000,0.000,14.453,28.610,0.00
1786294951,bench_mixed,0.00,0.00,0.0,0.000,0.000,14.453,28.612,0.00
1786294956,bench_mixed,0.00,0.00,0.0,0.000,0.000,14.453,28.610,0.00
1786294961,bench_mixed,0.00,0.00,0.0,0.000,0.000,14.453,28.611,0.00
1786294966,bench_mixed,0.00,0.00,0.0,0.000,0.000,14.453,28.609,0.00
1786294971,bench_mixed,0.00,0.00,0.0,0.000,0.000,14.453,28.609,0.00
1786294976,bench_mixed,0.00,0.00,0.0,0.000,0.000,14.453,28.605,0.00
1786294981,bench_mixed,0.00,0.00,0.0,0.000,0.000,14.453,28.607,0.00
1786294986,bench_mixed,0.00,0.00,0.0,0.000,0.000,14.453,28.607,0.00
1786294991,bench_mixed,0.00,0.00,0.0,0.000,0.000,14.453,28.608,0.00
1786294996,bench_mixed,0.00,0.00,0.0,0.000,0.000,14.453,28.607,0.00
1786295001,bench_mixed,0.00,0.00,0.0,0.000,0.000,14.453,28.610,0.00
1786295006,bench_mixed,0.00,0.00,0.0,0.000,0.000,14.453,28.611,0.00
1786295011,bench_mixed,0.00,0.00,0.0,0.000,0.000,14.453,28.611,0.00
1786295017,bench_mixed,0.00,0.00,0.0,0.000,0.000,14.453,28.610,0.00
1786295022,bench_mixed,0.00,0.00,0.0,0.000,0.000,14.453,28.611,0.00
1786295027,bench_mixed,0.00,0.00,0.0,0.000,0.000,14.453,28.610,0.00
1786295032,bench_mixed,0.00,0.00,0.0,0.000,0.000,14.453,28.610,0.00
1786295037,bench_mixed,0.00,0.00,0.0,0.000,0.000,14.453,28.610,0.00
1786295042,bench_mixed,0.00,0.00,0.0,0.000,0.000,14.453,28.610,0.00
1786295047,bench_mixed,0.00,0.00,0.0,0.000,0.000,14.453,28.609,0.00
1786295052,bench_mixed,0.00,0.00,0.0,0.000,0.000,14.453,28.611,0.00
1786295057,bench_mixed,0.00,0.00,0.0,0.000,0.000,14.453,28.608,0.00
1786295062,bench_mixed,0.00,0.00,0.0,0.000,0.000,14.453,28.609,0.00
1786295067,bench_mixed,0.00,0.00,0.0,0.000,0.000,14.453,28.608,0.00
1786295072,bench_mixed,0.00,0.00,0.0,0.000,0.000,14.453,28.610,0.00
1786295077,bench_mixed,0.00,0.00,0.0,0.000,0.000,14.453,28.611,0.00
1786295082,bench_mixed,0.00,0.00,0.0,0.000,0.000,14.453,28.610,0.00
1786295087,bench_mixed,0.00,0.00,0.0,0.000,0.000,14.453,28.599,0.00
1786295092,bench_mixed,0.00,0.00,0.0,0.000,0.000,14.453,28.609,0.00
1786295097,bench_mixed,0.00,0.00,0.0,0.000,0.000,14.453,28.609,0.00
1786295102,bench_mixed,0.00,0.00,0.0,0.000,0.000,14.453,28.610,0.00
1786295107,bench_mixed,0.00,0.00,0.0,0.000,0.000,14.453,28.599,0.06
1786295112,bench_mixed,0.00,0.00,0.0,0.000,0.000,14.453,28.602,0.00
1786295118,bench_mixed,0.00,0.00,0.0,0.000,0.000,14.453,28.602,0.00
1786295123,bench_mixed,0.00,0.00,0.0,0.000,0.000,14.453,28.605,0.00
1786295128,bench_mixed,0.00,0.00,0.0,0.000,0.000,14.453,28.607,0.00
1786295133,bench_mixed,0.00,0.00,0.0,0.000,0.000,14.453,28.609,0.00
1786295138,bench_mixed,0.00,0.00,0.0,0.000,0.000,14.453,28.609,0.00
1786295143,bench_mixed,0.00,0.00,0.0,0.000,0.000,14.453,28.610,0.00
1786295148,bench_mixed,0.00,0.00,0.0,0.000,0.000,14.453,28.610,0.00
1786295153,bench_mixed,0.00,0.00,0.0,0.000,0.000,14.453,28.612,0.00
1786295158,bench_mixed,0.00,0.00,0.0,0.000,0.000,14.453,28.613,0.00
1786295163,bench_mixed,0.00,0.00,0.0,0.000,0.000,14.453,28.614,0.00
1786295168,bench_mixed,0.00,0.00,0.0,0.000,0.000,14.453,28.612,0.00
1786295173,bench_mixed,0.00,0.00,0.0,0.000,0.000,14.453,28.614,0.00
1786295178,bench_mixed,0.00,0.00,0.0,0.000,0.000,14.453,28.614,0.00
1786295183,bench_mixed,0.00,0.00,0.0,0.000,0.000,14.453,28.612,0.00
1786295188,bench_mixed,0.00,0.00,0.0,0.000,0.000,14.453,28.613,0.00
1786295193,bench_mixed,0.00,0.00,0.0,0.000,0.000,14.453,28.613,0.00
1786295198,bench_mixed,0.00,0.00,0.0,0.000,0.000,14.453,28.613,0.00
1786295203,bench_mixed,0.00,0.00,0.0,0.000,0.000,14.453,28.612,0.00
1786295209,bench_mixed,0.00,0.00,0.0,0.000,0.000,14.453,28.612,0.00
1786295214,bench_mixed,0.00,0.00,0.0,0.000,0.000,14.453,28.611,0.00
1786295219,bench_mixed,0.00,0.00,0.0,0.000,0.000,14.453,28.611,0.00
1786295224,bench_mixed,0.00,0.00,0.0,0.000,0.000,14.453,28.609,0.00
1786295229,bench_mixed,0.00,0.00,0.0,0.000,0.000,14.453,28.609,0.00
1786295234,bench_mixed,0.00,0.00,0.0,0.000,0.000,14.453,28.610,0.00
1786295239,bench_mixed,0.00,0.00,0.0,0.000,0.000,14.453,28.610,0.00
1786295244,bench_mixed,0.00,0.00,0.0,0.000,0.000,14.453,28.612,0.00
1786295249,bench_mixed,0.00,0.00,0.0,0.000,0.000,14.453,28.612,0.00
1786295254,bench_mixed,0.00,0.00,0.0,0.000,0.000,14.453,28.612,0.00
1786295259,bench_mixed,0.00,0.00,0.0,0.000,0.000,14.453,28.612,0.00
1786295264,bench_mixed,0.00,0.00,0.0,0.000,0.000,14.453,28.610,0.00
1786295269,bench_mixed,0.00,0.00,0.0,0.000,0.000,14.453,28.611,0.00
1786295274,bench_mixed,0.00,0.00,0.0,0.000,0.000,14.453,28.612,0.00
1786295279,bench_mixed,0.00,0.00,0.0,0.000,0.000,14.453,28.612,0.00
1786295284,bench_mixed,0.00,0.00,0.0,0.000,0.000,14.453,28.612,0.00
1786295289,bench_mixed,0.00,0.00,0.0,0.000,0.000,14.453,28.613,0.00
1786295294,bench_mixed,0.00,0.00,0.0,0.000,0.000,14.453,28.611,0.00
1786295299,bench_mixed,0.00,0.00,0.0,0.000,0.000,14.453,28.610,0.00
1786295305,bench_mixed,0.00,0.00,0.0,0.000,0.000,14.453,28.613,0.00
1786295310,bench_mixed,0.00,0.00,0.0,0.000,0.000,14.453,28.614,0.00
1786295315,bench_mixed,0.00,0.00,0.0,0.000,0.000,14.453,28.615,0.00
1786295320,bench_mixed,0.00,0.00,0.0,0.000,0.000,14.453,28.615,0.00
1786295325,bench_mixed,0.00,0.00,0.0,0.000,0.000,14.453,28.616,0.00
1786295330,bench_mixed,0.00,0.00,0.0,0.000,0.000,14.453,28.617,0.00
1786295335,bench_mixed,0.00,0.00,0.0,0.000,0.000,14.453,28.618,0.00
1786295340,bench_mixed,0.00,0.00,0.0,0.000,0.000,14.453,28.618,0.00
1786295345,bench_mixed,0.00,0.00,0.0,0.000,0.000,14.453,28.619,0.00
1786295350,bench_mixed,0.00,0.00,0.0,0.000,0.000,14.453,28.620,0.00
1786295355,bench_mixed,0.00,0.00,0.0,0.000,0.000,14.453,28.619,0.00
1786295360,bench_mixed,0.00,0.00,0.0,0.000,0.000,14.453,28.618,0.00
1786295365,bench_mixed,0.00,0.00,0.0,0.000,0.000,14.453,28.617,0.00
1786295370,bench_mixed,0.00,0.00,0.0,0.000,0.000,14.453,28.617,0.00
1786295375,bench_mixed,0.00,0.00,0.0,0.000,0.000,14.453,28.616,0.00
1786295380,bench_mixed,0.00,0.00,0.0,0.000,0.000,14.453,28.616,0.00
1786295385,bench_mixed,0.00,0.00,0.0,0.000,0.000,14.453,28.618,0.00
1786295390,bench_mixed,0.00,0.00,0.0,0.000,0.000,14.453,28.619,0.00
1786295395,bench_mixed,0.00,0.00,0.0,0.000,0.000,14.453,28.616,0.00
1786295401,bench_mixed,0.00,0.00,0.0,0.000,0.000,14.453,28.616,0.00
1786295406,bench_mixed,0.00,0.00,0.0,0.000,0.000,14.453,28.600,0.04
1786295411,bench_mixed,0.00,0.00,0.0,0.000,0.000,14.453,28.596,0.02
1786295416,bench_mixed,0.00,0.00,0.0,0.000,0.000,14.453,28.598,0.00
1786295421,bench_mixed,0.00,0.00,0.0,0.000,0.000,14.453,28.598,0.00
1786295426,bench_mixed,0.00,0.00,0.0,0.000,0.000,14.453,28.600,0.00
1786295431,bench_mixed,0.00,0.00,0.0,0.000,0.000,14.453,28.600,0.00
1786295436,bench_mixed,0.00,0.00,0.0,0.000,0.000,14.453,28.602,0.00
1786295441,bench_mixed,0.00,0.00,0.0,0.000,0.000,14.453,28.602,0.00
1786295446,bench_mixed,0.00,0.00,0.0,0.000,0.000,14.453,28.603,0.00
1786295451,bench_mixed,0.00,0.00,0.0,0.000,0.000,14.453,28.603,0.00
1786295456,bench_mixed,0.00,0.00,0.0,0.000,0.000,14.453,28.603,0.00
1786295461,bench_mixed,0.00,0.00,0.0,0.000,0.000,14.453,28.604,0.00
1786295466,bench_mixed,0.00,0.00,0.0,0.000,0.000,14.453,28.605,0.00
1786295471,bench_mixed,0.00,0.00,0.0,0.000,0.000,14.453,28.606,0.00
1786295476,bench_mixed,0.00,0.00,0.0,0.000,0.000,14.453,28.608,0.00
1786295481,bench_mixed,0.00,0.00,0.0,0.000,0.000,14.453,28.608,0.00
1786295486,bench_mixed,0.00,0.00,0.0,0.000,0.000,14.453,28.607,0.00
1786295491,bench_mixed,0.00,0.00,0.0,0.000,0.000,14.453,28.607,0.00
1786295497,bench_mixed,0.00,0.00,0.0,0.000,0.000,14.453,28.607,0.00
1786295502,bench_mixed,0.00,0.00,0.0,0.000,0.000,14.453,28.606,0.00
1786295507,bench_mixed,0.00,0.00,0.0,0.000,0.000,14.453,28.606,0.00
1786295512,bench_mixed,0.00,0.00,0.0,0.000,0.000,14.453,28.606,0.00
1786295517,bench_mixed,0.00,0.00,0.0,0.000,0.000,14.453,28.605,0.00
1786295522,bench_mixed,0.00,0.00,0.0,0.000,0.000,14.453,28.605,0.00
1786295527,bench_mixed,0.00,0.00,0.0,0.000,0.000,14.453,28.606,0.00
1786295532,bench_mixed,0.00,0.00,0.0,0.000,0.000,14.453,28.609,0.00
1786295537,bench_mixed,0.00,0.00,0.0,0.000,0.000,14.453,28.609,0.00
1786295542,bench_mixed,0.00,0.00,0.0,0.000,0.000,14.453,28.606,0.00
1786295547,bench_mixed,0.00,0.00,0.0,0.000,0.000,14.453,28.605,0.00
1786295552,bench_mixed,0.00,0.00,0.0,0.000,0.000,14.453,28.606,0.00
1786295557,bench_mixed,0.00,0.00,0.0,0.000,0.000,14.453,28.606,0.00
1786295562,bench_mixed,0.00,0.00,0.0,0.000,0.000,14.453,28.607,0.00
1786295567,bench_mixed,0.00,0.00,0.0,0.000,0.000,14.453,28.607,0.00
1786295572,bench_mixed,0.00,0.00,0.0,0.000,0.000,14.453,28.606,0.00
1786295577,bench_mixed,0.00,0.00,0.0,0.000,0.000,14.453,28.606,0.00
1786295582,bench_mixed,0.00,0.00,0.0,0.000,0.000,14.453,28.603,0.00
1786295587,bench_mixed,0.00,0.00,0.0,0.000,0.000,14.453,28.603,0.00
1786295593,bench_mixed,0.00,0.00,0.0,0.000,0.000,14.453,28.607,0.00
1786295598,bench_mixed,0.00,0.00,0.0,0.000,0.000,14.453,28.606,0.00
1786295603,bench_mixed,0.00,0.00,0.0,0.000,0.000,14.453,28.609,0.00
1786295608,bench_mixed,0.00,0.00,0.0,0.000,0.000,14.453,28.609,0.00
1786295613,bench_mixed,0.00,0.00,0.0,0.000,0.000,14.453,28.606,0.00
1786295618,bench_mixed,0.00,0.00,0.0,0.000,0.000,14.453,28.605,0.00
1786295623,bench_mixed,0.00,0.00,0.0,0.000,0.000,14.453,28.603,0.00
1786295628,bench_mixed,0.00,0.00,0.0,0.000,0.000,14.453,28.603,0.00
1786295633,bench_mixed,0.00,0.00,0.0,0.000,0.000,14.453,28.604,0.00
1786295638,bench_mixed,0.00,0.00,0.0,0.000,0.000,14.453,28.604,0.00
1786295643,bench_mixed,0.00,0.00,0.0,0.000,0.000,14.453,28.603,0.00
1786295648,bench_mixed,0.00,0.00,0.0,0.000,0.000,14.453,28.603,0.00
1786295653,bench_mixed,0.00,0.00,0.0,0.000,0.000,14.453,28.602,0.00
1786295658,bench_mixed,0.00,0.00,0.0,0.000,0.000,14.453,28.603,0.00
1786295663,bench_mixed,0.00,0.00,0.0,0.000,0.000,14.453,28.604,0.00
1786295668,bench_mixed,0.00,0.00,0.0,0.000,0.000,14.453,28.603,0.00
1786295673,bench_mixed,0.00,0.00,0.0,0.000,0.000,14.453,28.604,0.00
1786295678,bench_mixed,0.00,0.00,0.0,0.000,0.000,14.453,28.604,0.00
1786295683,bench_mixed,0.00,0.00,0.0,0.000,0.000,14.453,28.606,0.00
1786295689,bench_mixed,0.00,0.00,0.0,0.000,0.000,14.453,28.606,0.00
1786295694,bench_mixed,0.00,0.00,0.0,0.000,0.000,14.453,28.609,0.00
1786295699,bench_mixed,0.00,0.00,0.0,0.000,0.000,14.453,28.609,0.00
1786295704,bench_mixed,0.00,0.00,0.0,0.000,0.000,14.453,28.608,0.00
1786295709,bench_mixed,0.00,0.00,0.0,0.000,0.000,14.453,28.595,0.06
1786295714,bench_mixed,0.00,0.00,0.0,0.000,0.000,14.453,28.596,0.00
1786295719,bench_mixed,0.00,0.00,0.0,0.000,0.000,14.453,28.597,0.00
1786295724,bench_mixed,0.00,0.00,0.0,0.000,0.000,14.453,28.594,0.00
1786295729,bench_mixed,0.00,0.00,0.0,0.000,0.000,14.453,28.597,0.00
1786295734,bench_mixed,0.00,0.00,0.0,0.000,0.000,14.453,28.600,0.00
1786295739,bench_mixed,0.00,0.00,0.0,0.000,0.000,14.453,28.601,0.00
1786295744,bench_mixed,0.00,0.00,0.0,0.000,0.000,14.453,28.599,0.00
1786295749,bench_mixed,0.00,0.00,0.0,0.000,0.000,14.453,28.599,0.00
1786295754,bench_mixed,0.00,0.00,0.0,0.000,0.000,14.453,28.598,0.00
1786295759,bench_mixed,0.00,0.00,0.0,0.000,0.000,14.453,28.598,0.00
1786295764,bench_mixed,0.00,0.00,0.0,0.000,0.000,14.453,28.596,0.00
1786295769,bench_mixed,0.00,0.00,0.0,0.000,0.000,14.453,28.597,0.00
1786295774,bench_mixed,0.00,0.00,0.0,0.000,0.000,14.453,28.597,0.00
1786295779,bench_mixed,0.00,0.00,0.0,0.000,0.000,14.453,28.598,0.00
1786295785,bench_mixed,0.00,0.00,0.0,0.000,0.000,14.453,28.599,0.00
1786295790,bench_mixed,0.00,0.00,0.0,0.000,0.000,14.453,28.599,0.00
1786295795,bench_mixed,0.00,0.00,0.0,0.000,0.000,14.453,28.602,0.00
1786295800,bench_mixed,0.00,0.00,0.0,0.000,0.000,14.453,28.602,0.00
1786295805,bench_mixed,0.00,0.00,0.0,0.000,0.000,14.453,28.594,0.00
1786295810,bench_mixed,0.00,0.00,0.0,0.000,0.000,14.453,28.601,0.00
1786295815,bench_mixed,0.00,0.00,0.0,0.000,0.000,14.453,28.601,0.00
1786295820,bench_mixed,0.00,0.00,0.0,0.000,0.000,14.453,28.606,0.00
1786295825,bench_mixed,0.00,0.00,0.0,0.000,0.000,14.453,28.605,0.00
1786295830,bench_mixed,0.00,0.00,0.0,0.000,0.000,14.453,28.605,0.00
1786295835,bench_mixed,0.00,0.00,0.0,0.000,0.000,14.453,28.605,0.00
1786295840,bench_mixed,0.00,0.00,0.0,0.000,0.000,14.453,28.602,0.00
1786295845,bench_mixed,0.00,0.00,0.0,0.000,0.000,14.453,28.605,0.00
1786295850,bench_mixed,0.00,0.00,0.0,0.000,0.000,14.453,28.608,0.00
1786295855,bench_mixed,0.00,0.00,0.0,0.000,0.000,14.453,28.609,0.00
1786295860,bench_mixed,0.00,0.00,0.0,0.000,0.000,14.453,28.609,0.00
1786295865,bench_mixed,0.00,0.00,0.0,0.000,0.000,14.453,28.609,0.00
1786295870,bench_mixed,0.00,0.00,0.0,0.000,0.000,14.453,28.611,0.00
1786295875,bench_mixed,0.00,0.00,0.0,0.000,0.000,14.453,28.611,0.00
1786295881,bench_mixed,0.00,0.00,0.0,0.000,0.000,14.453,28.612,0.00
1786295886,bench_mixed,0.00,0.00,0.0,0.000,0.000,14.453,28.614,0.00
1786295891,bench_mixed,0.00,0.00,0.0,0.000,0.000,14.453,28.617,0.00
1786295896,bench_mixed,0.00,0.00,0.0,0.000,0.000,14.453,28.617,0.00
1786295901,bench_mixed,0.00,0.00,0.0,0.000,0.000,14.453,28.616,0.00
1786295906,bench_mixed,0.00,0.00,0.0,0.000,0.000,14.453,28.614,0.00
1786295911,bench_mixed,0.00,0.00,0.0,0.000,0.000,14.453,28.613,0.00
1786295916,bench_mixed,0.00,0.00,0.0,0.000,0.000,14.453,28.613,0.00
1786295921,bench_mixed,0.00,0.00,0.0,0.000,0.000,14.453,28.613,0.00
1786295926,bench_mixed,0.00,0.00,0.0,0.000,0.000,14.453,28.613,0.00
1786295931,bench_mixed,0.00,0.00,0.0,0.000,0.000,14.453,28.611,0.00
1786295936,bench_mixed,0.00,0.00,0.0,0.000,0.000,14.453,28.612,0.00
1786295941,bench_mixed,0.00,0.00,0.0,0.000,0.000,14.453,28.613,0.00
1786295946,bench_mixed,0.00,0.00,0.0,0.000,0.000,14.453,28.614,0.00
1786295951,bench_mixed,0.00,0.00,0.0,0.000,0.000,14.453,28.612,0.00
1786295956,bench_mixed,0.00,0.00,0.0,0.000,0.000,14.453,28.613,0.00
1786295961,bench_mixed,0.00,0.00,0.0,0.000,0.000,14.453,28.607,0.00
1786295966,bench_mixed,0.00,0.00,0.0,0.000,0.000,14.453,28.610,0.00
1786295971,bench_mixed,0.00,0.00,0.0,0.000,0.000,14.453,28.607,0.00
1786295976,bench_mixed,0.00,0.00,0.0,0.000,0.000,14.453,28.607,0.00
1786295982,bench_mixed,0.00,0.00,0.0,0.000,0.000,14.453,28.611,0.00
1786295987,bench_mixed,0.00,0.00,0.0,0.000,0.000,14.453,28.612,0.00
1786295992,bench_mixed,0.00,0.00,0.0,0.000,0.000,14.453,28.610,0.00
1786295997,bench_mixed,0.00,0.00,0.0,0.000,0.000,14.453,28.610,0.00
1786296002,bench_mixed,0.00,0.00,0.0,0.000,0.000,14.453,28.607,0.00
1786296007,bench_mixed,0.00,0.00,0.0,0.000,0.000,14.453,28.594,0.05
1786296012,bench_mixed,0.00,0.00,0.0,0.000,0.000,14.453,28.592,0.01
1786296017,bench_mixed,0.00,0.00,0.0,0.000,0.000,14.453,28.594,0.00
1786296022,bench_mixed,0.00,0.00,0.0,0.000,0.000,14.453,28.592,0.00
1786296027,bench_mixed,0.00,0.00,0.0,0.000,0.000,14.453,28.595,0.00
1786296032,bench_mixed,0.00,0.00,0.0,0.000,0.000,14.453,28.594,0.00
1786296037,bench_mixed,0.00,0.00,0.0,0.000,0.000,14.453,28.594,0.00
1786296042,bench_mixed,0.00,0.00,0.0,0.000,0.000,14.453,28.596,0.00
1786296047,bench_mixed,0.00,0.00,0.0,0.000,0.000,14.453,28.596,0.00
1786296052,bench_mixed,0.00,0.00,0.0,0.000,0.000,14.453,28.600,0.00
1786296057,bench_mixed,0.00,0.00,0.0,0.000,0.000,14.453,28.600,0.00
1786296062,bench_mixed,0.00,0.00,0.0,0.000,0.000,14.453,28.599,0.00
1786296067,bench_mixed,0.00,0.00,0.0,0.000,0.000,14.453,28.599,0.00
1786296072,bench_mixed,0.00,0.00,0.0,0.000,0.000,14.453,28.599,0.00
1786296078,bench_mixed,0.00,0.00,0.0,0.000,0.000,14.453,28.599,0.00
1786296083,bench_mixed,0.00,0.00,0.0,0.000,0.000,14.453,28.598,0.00
1786296088,bench_mixed,0.00,0.00,0.0,0.000,0.000,14.453,28.599,0.00
1786296093,bench_mixed,0.00,0.00,0.0,0.000,0.000,14.453,28.602,0.00
1786296098,bench_mixed,0.00,0.00,0.0,0.000,0.000,14.453,28.604,0.00
1786296103,bench_mixed,0.00,0.00,0.0,0.000,0.000,14.453,28.602,0.00
1786296108,bench_mixed,0.00,0.00,0.0,0.000,0.000,14.453,28.603,0.00
1786296113,bench_mixed,0.00,0.00,0.0,0.000,0.000,14.453,28.604,0.00
1786296118,bench_mixed,0.00,0.00,0.0,0.000,0.000,14.453,28.606,0.00
1786296123,bench_mixed,0.00,0.00,0.0,0.000,0.000,14.453,28.604,0.00
1786296128,bench_mixed,0.00,0.00,0.0,0.000,0.000,14.453,28.604,0.00
1786296133,bench_mixed,0.00,0.00,0.0,0.000,0.000,14.453,28.602,0.00
1786296138,bench_mixed,0.00,0.00,0.0,0.000,0.000,14.453,28.603,0.00
1786296143,bench_mixed,0.00,0.00,0.0,0.000,0.000,14.453,28.602,0.00
1786296148,bench_mixed,0.00,0.00,0.0,0.000,0.000,14.453,28.603,0.00
1786296153,bench_mixed,0.00,0.00,0.0,0.000,0.000,14.453,28.600,0.00
1786296158,bench_mixed,0.00,0.00,0.0,0.000,0.000,14.453,28.602,0.00
1786296163,bench_mixed,0.00,0.00,0.0,0.000,0.000,14.453,28.599,0.00
1786296168,bench_mixed,0.00,0.00,0.0,0.000,0.000,14.453,28.601,0.00
1786296174,bench_mixed,0.00,0.00,0.0,0.000,0.000,14.453,28.600,0.00
1786296179,bench_mixed,0.00,0.00,0.0,0.000,0.000,14.453,28.601,0.00
1786296184,bench_mixed,0.00,0.00,0.0,0.000,0.000,14.453,28.600,0.00
1786296189,bench_mixed,0.00,0.00,0.0,0.000,0.000,14.453,28.601,0.00
1786296194,bench_mixed,0.00,0.00,0.0,0.000,0.000,14.453,28.601,0.00
1786296199,bench_mixed,0.00,0.00,0.0,0.000,0.000,14.453,28.600,0.00
1786296204,bench_mixed,0.00,0.00,0.0,0.000,0.000,14.453,28.599,0.00
1786296209,bench_mixed,0.00,0.00,0.0,0.000,0.000,14.453,28.599,0.00
1786296214,bench_mixed,0.00,0.00,0.0,0.000,0.000,14.453,28.599,0.00
1786296219,bench_mixed,0.00,0.00,0.0,0.000,0.000,14.453,28.596,0.00
1786296224,bench_mixed,0.00,0.00,0.0,0.000,0.000,14.453,28.597,0.00
1786296229,bench_mixed,0.00,0.00,0.0,0.000,0.000,14.453,28.597,0.00
1786296234,bench_mixed,0.00,0.00,0.0,0.000,0.000,14.453,28.597,0.00
1786296239,bench_mixed,0.00,0.00,0.0,0.000,0.000,14.453,28.595,0.00
1786296244,bench_mixed,0.00,0.00,0.0,0.000,0.000,14.453,28.595,0.00
1786296249,bench_mixed,0.00,0.00,0.0,0.000,0.000,14.453,28.595,0.00
1786296254,bench_mixed,0.00,0.00,0.0,0.000,0.000,14.453,28.595,0.00
1786296259,bench_mixed,0.00,0.00,0.0,0.000,0.000,14.453,28.593,0.00
1786296264,bench_mixed,0.00,0.00,0.0,0.000,0.000,14.453,28.593,0.00
1786296270,bench_mixed,0.00,0.00,0.0,0.000,0.000,14.453,28.594,0.00
1786296275,bench_mixed,0.00,0.00,0.0,0.000,0.000,14.453,28.594,0.00
1786296280,bench_mixed,0.00,0.00,0.0,0.000,0.000,14.453,28.595,0.00
1786296285,bench_mixed,0.00,0.00,0.0,0.000,0.000,14.453,28.595,0.00
1786296290,bench_mixed,0.00,0.00,0.0,0.000,0.000,14.453,28.595,0.00
1786296295,bench_mixed,0.00,0.00,0.0,0.000,0.000,14.453,28.594,0.00
1786296300,bench_mixed,0.00,0.00,0.0,0.000,0.000,14.453,28.593,0.00
1786296305,bench_mixed,0.00,0.00,0.0,0.000,0.000,14.453,28.592,0.00
1786296310,bench_mixed,0.00,0.00,0.0,0.000,0.000,14.453,28.585,0.05
1786296315,bench_mixed,0.00,0.00,0.0,0.000,0.000,14.453,28.587,0.00
1786296320,bench_mixed,0.00,0.00,0.0,0.000,0.000,14.453,28.585,0.00
1786296325,bench_mixed,0.00,0.00,0.0,0.000,0.000,14.453,28.585,0.00
1786296330,bench_mixed,0.00,0.00,0.0,0.000,0.000,14.453,28.587,0.00
1786296335,bench_mixed,0.00,0.00,0.0,0.000,0.000,14.453,28.587,0.00
1786296340,bench_mixed,0.00,0.00,0.0,0.000,0.000,14.453,28.583,0.00
1786296345,bench_mixed,0.00,0.00,0.0,0.000,0.000,14.453,28.585,0.00
1786296350,bench_mixed,0.00,0.00,0.0,0.000,0.000,14.453,28.587,0.00
1786296355,bench_mixed,0.00,0.00,0.0,0.000,0.000,14.453,28.588,0.00
1786296360,bench_mixed,0.00,0.00,0.0,0.000,0.000,14.453,28.589,0.00
1786296366,bench_mixed,0.00,0.00,0.0,0.000,0.000,14.453,28.589,0.00
1786296371,bench_mixed,0.00,0.00,0.0,0.000,0.000,14.453,28.591,0.00
1786296376,bench_mixed,0.00,0.00,0.0,0.000,0.000,14.453,28.591,0.00
1786296381,bench_mixed,0.00,0.00,0.0,0.000,0.000,14.453,28.591,0.00
1786296386,bench_mixed,0.00,0.00,0.0,0.000,0.000,14.453,28.591,0.00
1786296391,bench_mixed,0.00,0.00,0.0,0.000,0.000,14.453,28.591,0.00
1786296396,bench_mixed,0.00,0.00,0.0,0.000,0.000,14.453,28.591,0.00
1786296401,bench_mixed,0.00,0.00,0.0,0.000,0.000,14.453,28.590,0.00
1786296406,bench_mixed,0.00,0.00,0.0,0.000,0.000,14.453,28.590,0.00
1786296411,bench_mixed,0.00,0.00,0.0,0.000,0.000,14.453,28.589,0.00
1786296416,bench_mixed,0.00,0.00,0.0,0.000,0.000,14.453,28.589,0.00
1786296421,bench_mixed,0.00,0.00,0.0,0.000,0.000,14.453,28.590,0.00
1786296426,bench_mixed,0.00,0.00,0.0,0.000,0.000,14.453,28.591,0.00
1786296431,bench_mixed,0.00,0.00,0.0,0.000,0.000,14.453,28.588,0.00
1786296436,bench_mixed,0.00,0.00,0.0,0.000,0.000,14.453,28.589,0.00
1786296441,bench_mixed,0.00,0.00,0.0,0.000,0.000,14.453,28.589,0.00
1786296446,bench_mixed,0.00,0.00,0.0,0.000,0.000,14.453,28.590,0.00
1786296451,bench_mixed,0.00,0.00,0.0,0.000,0.000,14.453,28.591,0.00
1786296456,bench_mixed,0.00,0.00,0.0,0.000,0.000,14.453,28.588,0.00
1786296462,bench_mixed,0.00,0.00,0.0,0.000,0.000,14.453,28.588,0.00
1786296467,bench_mixed,0.00,0.00,0.0,0.000,0.000,14.453,28.588,0.00
1786296472,bench_mixed,0.00,0.00,0.0,0.000,0.000,14.453,28.591,0.00
1786296477,bench_mixed,0.00,0.00,0.0,0.000,0.000,14.453,28.593,0.00
1786296482,bench_mixed,0.00,0.00,0.0,0.000,0.000,14.453,28.593,0.00
1786296487,bench_mixed,0.00,0.00,0.0,0.000,0.000,14.453,28.594,0.00
1786296492,bench_mixed,0.00,0.00,0.0,0.000,0.000,14.453,28.593,0.00
1786296497,bench_mixed,0.00,0.00,0.0,0.000,0.000,14.453,28.593,0.00
1786296502,bench_mixed,0.00,0.00,0.0,0.000,0.000,14.453,28.595,0.00
1786296507,bench_mixed,0.00,0.00,0.0,0.000,0.000,14.453,28.597,0.00
1786296512,bench_mixed,0.00,0.00,0.0,0.000,0.000,14.453,28.598,0.00
1786296517,bench_mixed,0.00,0.00,0.0,0.000,0.000,14.453,28.595,0.00
1786296522,bench_mixed,0.00,0.00,0.0,0.000,0.000,14.453,28.591,0.00
1786296527,bench_mixed,0.00,0.00,0.0,0.000,0.000,14.453,28.593,0.00
1786296532,bench_mixed,0.00,0.00,0.0,0.000,0.000,14.453,28.595,0.00
1786296537,bench_mixed,0.00,0.00,0.0,0.000,0.000,14.453,28.596,0.00
1786296542,bench_mixed,0.00,0.00,0.0,0.000,0.000,14.453,28.596,0.00
1786296547,bench_mixed,0.00,0.00,0.0,0.000,0.000,14.453,28.594,0.00
1786296552,bench_mixed,0.00,0.00,0.0,0.000,0.000,14.453,28.595,0.00
1786296558,bench_mixed,0.00,0.00,0.0,0.000,0.000,14.453,28.593,0.00
1786296563,bench_mixed,0.00,0.00,0.0,0.000,0.000,14.453,28.595,0.00
1786296568,bench_mixed,0.00,0.00,0.0,0.000,0.000,14.453,28.601,0.00
1786296573,bench_mixed,0.00,0.00,0.0,0.000,0.000,14.453,28.599,0.00
1786296578,bench_mixed,0.00,0.00,0.0,0.000,0.000,14.453,28.599,0.00
1786296583,bench_mixed,0.00,0.00,0.0,0.000,0.000,14.453,28.599,0.00
1786296588,bench_mixed,0.00,0.00,0.0,0.000,0.000,14.453,28.600,0.00
1786296593,bench_mixed,0.00,0.00,0.0,0.000,0.000,14.453,28.599,0.00
1786296598,bench_mixed,0.00,0.00,0.0,0.000,0.000,14.453,28.604,0.00
1786296603,bench_mixed,0.00,0.00,0.0,0.000,0.000,14.453,28.604,0.00
1786296608,bench_mixed,0.00,0.00,0.0,0.000,0.000,14.453,28.586,0.06
1786296613,bench_mixed,0.00,0.00,0.0,0.000,0.000,14.453,28.587,0.00
1786296618,bench_mixed,0.00,0.00,0.0,0.000,0.000,14.453,28.589,0.00
1786296623,bench_mixed,0.00,0.00,0.0,0.000,0.000,14.453,28.590,0.00
1786296628,bench_mixed,0.00,0.00,0.0,0.000,0.000,14.453,28.590,0.00
1786296633,bench_mixed,0.00,0.00,0.0,0.000,0.000,14.453,28.591,0.00
1786296638,bench_mixed,0.00,0.00,0.0,0.000,0.000,14.453,28.593,0.00
1786296643,bench_mixed,0.00,0.00,0.0,0.000,0.000,14.453,28.594,0.00
1786296648,bench_mixed,0.00,0.00,0.0,0.000,0.000,14.453,28.596,0.00
1786296654,bench_mixed,0.00,0.00,0.0,0.000,0.000,14.453,28.596,0.00
1786296659,bench_mixed,0.00,0.00,0.0,0.000,0.000,14.453,28.596,0.00
1786296664,bench_mixed,0.00,0.00,0.0,0.000,0.000,14.453,28.596,0.00
1786296669,bench_mixed,0.00,0.00,0.0,0.000,0.000,14.453,28.597,0.00
1786296674,bench_mixed,0.00,0.00,0.0,0.000,0.000,14.453,28.596,0.00
1786296679,bench_mixed,0.00,0.00,0.0,0.000,0.000,14.453,28.596,0.00
1786296684,bench_mixed,0.00,0.00,0.0,0.000,0.000,14.453,28.597,0.00
1786296689,bench_mixed,0.00,0.00,0.0,0.000,0.000,14.453,28.593,0.00
1786296694,bench_mixed,0.00,0.00,0.0,0.000,0.000,14.453,28.591,0.00
1786296699,bench_mixed,0.00,0.00,0.0,0.000,0.000,14.453,28.592,0.00
1786296704,bench_mixed,0.00,0.00,0.0,0.000,0.000,14.453,28.594,0.00
1786296709,bench_mixed,0.00,0.00,0.0,0.000,0.000,14.453,28.591,0.00
1786296714,bench_mixed,0.00,0.00,0.0,0.000,0.000,14.453,28.591,0.00
1786296719,bench_mixed,0.00,0.00,0.0,0.000,0.000,14.453,28.591,0.00
1786296724,bench_mixed,0.00,0.00,0.0,0.000,0.000,14.453,28.593,0.00
1786296729,bench_mixed,0.00,0.00,0.0,0.000,0.000,14.453,28.596,0.00
1786296734,bench_mixed,0.00,0.00,0.0,0.000,0.000,14.453,28.596,0.00
1786296739,bench_mixed,0.00,0.00,0.0,0.000,0.000,14.453,28.600,0.00
1786296745,bench_mixed,0.00,0.00,0.0,0.000,0.000,14.453,28.600,0.00
1786296750,bench_mixed,0.00,0.00,0.0,0.000,0.000,14.453,28.597,0.00
1786296755,bench_mixed,0.00,0.00,0.0,0.000,0.000,14.453,28.597,0.00
1786296760,bench_mixed,0.00,0.00,0.0,0.000,0.000,14.453,28.597,0.00
1786296765,bench_mixed,0.00,0.00,0.0,0.000,0.000,14.453,28.597,0.00
1786296770,bench_mixed,0.00,0.00,0.0,0.000,0.000,14.453,28.601,0.00
1786296775,bench_mixed,0.00,0.00,0.0,0.000,0.000,14.453,28.601,0.00
1786296780,bench_mixed,0.00,0.00,0.0,0.000,0.000,14.453,28.600,0.00
1786296785,bench_mixed,0.00,0.00,0.0,0.000,0.000,14.453,28.601,0.00
1786296790,bench_mixed,0.00,0.00,0.0,0.000,0.000,14.453,28.600,0.00
1786296795,bench_mixed,0.00,0.00,0.0,0.000,0.000,14.453,28.601,0.00
1786296800,bench_mixed,0.00,0.00,0.0,0.000,0.000,14.453,28.601,0.00
1786296805,bench_mixed,0.00,0.00,0.0,0.000,0.000,14.453,28.602,0.00
1786296810,bench_mixed,0.00,0.00,0.0,0.000,0.000,14.453,28.602,0.00
1786296815,bench_mixed,0.00,0.00,0.0,0.000,0.000,14.453,28.598,0.00
1786296820,bench_mixed,0.00,0.00,0.0,0.000,0.000,14.453,28.601,0.00
1786296825,bench_mixed,0.00,0.00,0.0,0.000,0.000,14.453,28.601,0.00
1786296830,bench_mixed,0.00,0.00,0.0,0.000,0.000,14.453,28.600,0.00
1786296835,bench_mixed,0.00,0.00,0.0,0.000,0.000,14.453,28.599,0.00
1786296841,bench_mixed,0.00,0.00,0.0,0.000,0.000,14.453,28.599,0.00
1786296846,bench_mixed,0.00,0.00,0.0,0.000,0.000,14.453,28.598,0.00
1786296851,bench_mixed,0.00,0.00,0.0,0.000,0.000,14.453,28.599,0.00
1786296856,bench_mixed,0.00,0.00,0.0,0.000,0.000,14.453,28.600,0.00
1786296861,bench_mixed,0.00,0.00,0.0,0.000,0.000,14.453,28.602,0.00
1786296866,bench_mixed,0.00,0.00,0.0,0.000,0.000,14.453,28.602,0.00
1786296871,bench_mixed,0.00,0.00,0.0,0.000,0.000,14.453,28.600,0.00
1786296876,bench_mixed,0.00,0.00,0.0,0.000,0.000,14.453,28.600,0.00
1786296881,bench_mixed,0.00,0.00,0.0,0.000,0.000,14.453,28.592,0.00
1786296886,bench_mixed,0.00,0.00,0.0,0.000,0.000,14.453,28.597,0.00
1786296891,bench_mixed,0.00,0.00,0.0,0.000,0.000,14.453,28.596,0.00
1786296896,bench_mixed,0.00,0.00,0.0,0.000,0.000,14.453,28.596,0.00
1786296901,bench_mixed,0.00,0.00,0.0,0.000,0.000,14.453,28.596,0.00
1786296906,bench_mixed,0.00,0.00,0.0,0.000,0.000,14.453,28.581,0.04
1786296911,bench_mixed,0.00,0.00,0.0,0.000,0.000,14.453,28.579,0.02
1786296916,bench_mixed,0.00,0.00,0.0,0.000,0.000,14.453,28.580,0.00
1786296921,bench_mixed,0.00,0.00,0.0,0.000,0.000,14.453,28.580,0.00
1786296926,bench_mixed,0.00,0.00,0.0,0.000,0.000,14.453,28.581,0.00
1786296931,bench_mixed,0.00,0.00,0.0,0.000,0.000,14.453,28.581,0.00
1786296937,bench_mixed,0.00,0.00,0.0,0.000,0.000,14.453,28.582,0.00
1786296942,bench_mixed,0.00,0.00,0.0,0.000,0.000,14.453,28.578,0.00
1786296947,bench_mixed,0.00,0.00,0.0,0.000,0.000,14.453,28.580,0.00
1786296952,bench_mixed,0.00,0.00,0.0,0.000,0.000,14.453,28.580,0.00
1786296957,bench_mixed,0.00,0.00,0.0,0.000,0.000,14.453,28.581,0.00
1786296962,bench_mixed,0.00,0.00,0.0,0.000,0.000,14.453,28.582,0.00
1786296967,bench_mixed,0.00,0.00,0.0,0.000,0.000,14.453,28.584,0.00
1786296972,bench_mixed,0.00,0.00,0.0,0.000,0.000,14.453,28.584,0.00
1786296977,bench_mixed,0.00,0.00,0.0,0.000,0.000,14.453,28.584,0.00
1786296982,bench_mixed,0.00,0.00,0.0,0.000,0.000,14.453,28.584,0.00
1786296987,bench_mixed,0.00,0.00,0.0,0.000,0.000,14.453,28.585,0.00
1786296992,bench_mixed,0.00,0.00,0.0,0.000,0.000,14.453,28.585,0.00
1786296997,bench_mixed,0.00,0.00,0.0,0.000,0.000,14.453,28.587,0.00
1786297002,bench_mixed,0.00,0.00,0.0,0.000,0.000,14.453,28.587,0.00
1786297007,bench_mixed,0.00,0.00,0.0,0.000,0.000,14.453,28.586,0.00
1786297012,bench_mixed,0.00,0.00,0.0,0.000,0.000,14.453,28.586,0.00
1786297017,bench_mixed,0.00,0.00,0.0,0.000,0.000,14.453,28.587,0.00
1786297022,bench_mixed,0.00,0.00,0.0,0.000,0.000,14.453,28.587,0.00
1786297027,bench_mixed,0.00,0.00,0.0,0.000,0.000,14.453,28.587,0.00
1786297033,bench_mixed,0.00,0.00,0.0,0.000,0.000,14.453,28.587,0.00
1786297038,bench_mixed,0.00,0.00,0.0,0.000,0.000,14.453,28.590,0.00
1786297043,bench_mixed,0.00,0.00,0.0,0.000,0.000,14.453,28.590,0.00
1786297048,bench_mixed,0.00,0.00,0.0,0.000,0.000,14.453,28.589,0.00
1786297053,bench_mixed,0.00,0.00,0.0,0.000,0.000,14.453,28.589,0.00
1786297058,bench_mixed,0.00,0.00,0.0,0.000,0.000,14.453,28.592,0.00
1786297063,bench_mixed,0.00,0.00,0.0,0.000,0.000,14.453,28.592,0.00
1786297068,bench_mixed,0.00,0.00,0.0,0.000,0.000,14.453,28.589,0.00
1786297073,bench_mixed,0.00,0.00,0.0,0.000,0.000,14.453,28.591,0.00
1786297078,bench_mixed,0.00,0.00,0.0,0.000,0.000,14.453,28.591,0.00
1786297083,bench_mixed,0.00,0.00,0.0,0.000,0.000,14.453,28.591,0.00
1786297088,bench_mixed,0.00,0.00,0.0,0.000,0.000,14.453,28.593,0.00
1786297093,bench_mixed,0.00,0.00,0.0,0.000,0.000,14.453,28.593,0.00
1786297098,bench_mixed,0.00,0.00,0.0,0.000,0.000,14.453,28.590,0.00
1786297103,bench_mixed,0.00,0.00,0.0,0.000,0.000,14.453,28.592,0.00
1786297108,bench_mixed,0.00,0.00,0.0,0.000,0.000,14.453,28.593,0.00
1786297113,bench_mixed,0.00,0.00,0.0,0.000,0.000,14.453,28.592,0.00
1786297118,bench_mixed,0.00,0.00,0.0,0.000,0.000,14.453,28.589,0.00
1786297123,bench_mixed,0.00,0.00,0.0,0.000,0.000,14.453,28.590,0.00
1786297129,bench_mixed,0.00,0.00,0.0,0.000,0.000,14.453,28.590,0.00
1786297134,bench_mixed,0.00,0.00,0.0,0.000,0.000,14.453,28.587,0.00
1786297139,bench_mixed,0.00,0.00,0.0,0.000,0.000,14.453,28.588,0.00
1786297144,bench_mixed,0.00,0.00,0.0,0.000,0.000,14.453,28.588,0.00
1786297149,bench_mixed,0.00,0.00,0.0,0.000,0.000,14.453,28.589,0.00
1786297154,bench_mixed,0.00,0.00,0.0,0.000,0.000,14.453,28.590,0.00
1786297159,bench_mixed,0.00,0.00,0.0,0.000,0.000,14.453,28.591,0.00
1786297164,bench_mixed,0.00,0.00,0.0,0.000,0.000,14.453,28.592,0.00
1786297169,bench_mixed,0.00,0.00,0.0,0.000,0.000,14.453,28.591,0.00
1786297174,bench_mixed,0.00,0.00,0.0,0.000,0.000,14.453,28.592,0.00
1786297179,bench_mixed,0.00,0.00,0.0,0.000,0.000,14.453,28.591,0.00
1786297184,bench_mixed,0.00,0.00,0.0,0.000,0.000,14.453,28.591,0.00
1786297189,bench_mixed,0.00,0.00,0.0,0.000,0.000,14.453,28.595,0.00
1786297194,bench_mixed,0.00,0.00,0.0,0.000,0.000,14.453,28.594,0.00
1786297199,bench_mixed,0.00,0.00,0.0,0.000,0.000,14.453,28.589,0.00
1786297204,bench_mixed,0.00,0.00,0.0,0.000,0.000,14.453,28.590,0.00
1786297209,bench_mixed,0.00,0.00,0.0,0.000,0.000,14.453,28.574,0.06
1786297214,bench_mixed,0.00,0.00,0.0,0.000,0.000,14.453,28.575,0.00
1786297219,bench_mixed,0.00,0.00,0.0,0.000,0.000,14.453,28.578,0.00
1786297225,bench_mixed,0.00,0.00,0.0,0.000,0.000,14.453,28.581,0.00
1786297230,bench_mixed,0.00,0.00,0.0,0.000,0.000,14.453,28.581,0.00
1786297235,bench_mixed,0.00,0.00,0.0,0.000,0.000,14.453,28.581,0.00
1786297240,bench_mixed,0.00,0.00,0.0,0.000,0.000,14.453,28.578,0.00
1786297245,bench_mixed,0.00,0.00,0.0,0.000,0.000,14.453,28.583,0.00
1786297250,bench_mixed,0.00,0.00,0.0,0.000,0.000,14.453,28.583,0.00
1786297255,bench_mixed,0.00,0.00,0.0,0.000,0.000,14.453,28.578,0.00
1786297260,bench_mixed,0.00,0.00,0.0,0.000,0.000,14.453,28.581,0.00
1786297265,bench_mixed,0.00,0.00,0.0,0.000,0.000,14.453,28.584,0.00
1786297270,bench_mixed,0.00,0.00,0.0,0.000,0.000,14.453,28.584,0.00
1786297275,bench_mixed,0.00,0.00,0.0,0.000,0.000,14.453,28.587,0.00
1786297280,bench_mixed,0.00,0.00,0.0,0.000,0.000,14.453,28.587,0.00
1786297285,bench_mixed,0.00,0.00,0.0,0.000,0.000,14.453,28.587,0.00
1786297290,bench_mixed,0.00,0.00,0.0,0.000,0.000,14.453,28.589,0.00
1786297295,bench_mixed,0.00,0.00,0.0,0.000,0.000,14.453,28.586,0.00
1786297300,bench_mixed,0.00,0.00,0.0,0.000,0.000,14.453,28.586,0.00
1786297305,bench_mixed,0.00,0.00,0.0,0.000,0.000,14.453,28.588,0.00
1786297310,bench_mixed,0.00,0.00,0.0,0.000,0.000,14.453,28.588,0.00
1786297315,bench_mixed,0.00,0.00,0.0,0.000,0.000,14.453,28.587,0.00
1786297321,bench_mixed,0.00,0.00,0.0,0.000,0.000,14.453,28.589,0.00
1786297326,bench_mixed,0.00,0.00,0.0,0.000,0.000,14.453,28.588,0.00
1786297331,bench_mixed,0.00,0.00,0.0,0.000,0.000,14.453,28.590,0.00
1786297336,bench_mixed,0.00,0.00,0.0,0.000,0.000,14.453,28.590,0.00
1786297341,bench_mixed,0.00,0.00,0.0,0.000,0.000,14.453,28.590,0.00
1786297346,bench_mixed,0.00,0.00,0.0,0.000,0.000,14.453,28.590,0.00
1786297351,bench_mixed,0.00,0.00,0.0,0.000,0.000,14.453,28.591,0.00
1786297356,bench_mixed,0.00,0.00,0.0,0.000,0.000,14.453,28.591,0.00
1786297361,bench_mixed,0.00,0.00,0.0,0.000,0.000,14.453,28.592,0.00
1786297366,bench_mixed,0.00,0.00,0.0,0.000,0.000,14.453,28.590,0.00
1786297371,bench_mixed,0.00,0.00,0.0,0.000,0.000,14.453,28.590,0.00
1786297376,bench_mixed,0.00,0.00,0.0,0.000,0.000,14.453,28.589,0.00
1786297381,bench_mixed,0.00,0.00,0.0,0.000,0.000,14.453,28.589,0.00
1786297386,bench_mixed,0.00,0.00,0.0,0.000,0.000,14.453,28.587,0.00
1786297391,bench_mixed,0.00,0.00,0.0,0.000,0.000,14.453,28.588,0.00
1786297396,bench_mixed,0.00,0.00,0.0,0.000,0.000,14.453,28.589,0.00
1786297401,bench_mixed,0.00,0.00,0.0,0.000,0.000,14.453,28.588,0.00
1786297406,bench_mixed,0.00,0.00,0.0,0.000,0.000,14.453,28.586,0.00
1786297411,bench_mixed,0.00,0.00,0.0,0.000,0.000,14.453,28.586,0.00
1786297417,bench_mixed,0.00,0.00,0.0,0.000,0.000,14.453,28.584,0.00
1786297422,bench_mixed,0.00,0.00,0.0,0.000,0.000,14.453,28.585,0.00
1786297427,bench_mixed,0.00,0.00,0.0,0.000,0.000,14.453,28.585,0.00
1786297432,bench_mixed,0.00,0.00,0.0,0.000,0.000,14.453,28.583,0.00
1786297437,bench_mixed,0.00,0.00,0.0,0.000,0.000,14.453,28.589,0.00
1786297442,bench_mixed,0.00,0.00,0.0,0.000,0.000,14.453,28.589,0.00
1786297447,bench_mixed,0.00,0.00,0.0,0.000,0.000,14.453,28.588,0.00
1786297452,bench_mixed,0.00,0.00,0.0,0.000,0.000,14.453,28.590,0.00
1786297457,bench_mixed,0.00,0.00,0.0,0.000,0.000,14.453,28.586,0.00
1786297462,bench_mixed,0.00,0.00,0.0,0.000,0.000,14.453,28.586,0.00
1786297467,bench_mixed,0.00,0.00,0.0,0.000,0.000,14.453,28.584,0.00
1786297472,bench_mixed,0.00,0.00,0.0,0.000,0.000,14.453,28.586,0.00
1786297477,bench_mixed,0.00,0.00,0.0,0.000,0.000,14.453,28.585,0.00
1786297482,bench_mixed,0.00,0.00,0.0,0.000,0.000,14.453,28.585,0.00
1786297487,bench_mixed,0.00,0.00,0.0,0.000,0.000,14.453,28.583,0.00
1786297492,bench_mixed,0.00,0.00,0.0,0.000,0.000,14.453,28.584,0.00
1786297497,bench_mixed,0.00,0.00,0.0,0.000,0.000,14.453,28.579,0.00
1786297502,bench_mixed,0.00,0.00,0.0,0.000,0.000,14.453,28.581,0.00
1786297507,bench_mixed,0.00,0.00,0.0,0.000,0.000,14.453,28.568,0.05
1786297513,bench_mixed,0.00,0.00,0.0,0.000,0.000,14.453,28.568,0.00
1786297518,bench_mixed,0.00,0.00,0.0,0.000,0.000,14.453,28.571,0.00
1786297523,bench_mixed,0.00,0.00,0.0,0.000,0.000,14.453,28.571,0.00
1786297528,bench_mixed,0.00,0.00,0.0,0.000,0.000,14.453,28.574,0.00
1786297533,bench_mixed,0.00,0.00,0.0,0.000,0.000,14.453,28.576,0.00
1786297538,bench_mixed,0.00,0.00,0.0,0.000,0.000,14.453,28.575,0.00
1786297543,bench_mixed,0.00,0.00,0.0,0.000,0.000,14.453,28.575,0.00
1786297548,bench_mixed,0.00,0.00,0.0,0.000,0.000,14.453,28.576,0.00
1786297553,bench_mixed,0.00,0.00,0.0,0.000,0.000,14.453,28.576,0.00
1786297558,bench_mixed,0.00,0.00,0.0,0.000,0.000,14.453,28.578,0.00
1786297563,bench_mixed,0.00,0.00,0.0,0.000,0.000,14.453,28.578,0.00
1786297568,bench_mixed,0.00,0.00,0.0,0.000,0.000,14.453,28.582,0.00
1786297573,bench_mixed,0.00,0.00,0.0,0.000,0.000,14.453,28.582,0.00
1786297578,bench_mixed,0.00,0.00,0.0,0.000,0.000,14.453,28.584,0.00
1786297583,bench_mixed,0.00,0.00,0.0,0.000,0.000,14.453,28.584,0.00
1786297588,bench_mixed,0.00,0.00,0.0,0.000,0.000,14.453,28.584,0.00
1786297593,bench_mixed,0.00,0.00,0.0,0.000,0.000,14.453,28.583,0.00
1786297598,bench_mixed,0.00,0.00,0.0,0.000,0.000,14.453,28.579,0.00
1786297603,bench_mixed,0.00,0.00,0.0,0.000,0.000,14.453,28.584,0.00
1786297609,bench_mixed,0.00,0.00,0.0,0.000,0.000,14.453,28.585,0.00
1786297614,bench_mixed,0.00,0.00,0.0,0.000,0.000,14.453,28.584,0.00
1786297619,bench_mixed,0.00,0.00,0.0,0.000,0.000,14.453,28.584,0.00
1786297624,bench_mixed,0.00,0.00,0.0,0.000,0.000,14.453,28.583,0.00
1786297629,bench_mixed,0.00,0.00,0.0,0.000,0.000,14.453,28.584,0.00
1786297634,bench_mixed,0.00,0.00,0.0,0.000,0.000,14.453,28.583,0.00
1786297639,bench_mixed,0.00,0.00,0.0,0.000,0.000,14.453,28.584,0.00
1786297644,bench_mixed,0.00,0.00,0.0,0.000,0.000,14.453,28.587,0.00
1786297649,bench_mixed,0.00,0.00,0.0,0.000,0.000,14.453,28.587,0.00
1786297654,bench_mixed,0.00,0.00,0.0,0.000,0.000,14.453,28.589,0.00
1786297659,bench_mixed,0.00,0.00,0.0,0.000,0.000,14.453,28.589,0.00
1786297664,bench_mixed,0.00,0.00,0.0,0.000,0.000,14.453,28.587,0.00
1786297669,bench_mixed,0.00,0.00,0.0,0.000,0.000,14.453,28.589,0.00
1786297674,bench_mixed,0.00,0.00,0.0,0.000,0.000,14.453,28.589,0.00
1786297679,bench_mixed,0.00,0.00,0.0,0.000,0.000,14.453,28.590,0.00
1786297684,bench_mixed,0.00,0.00,0.0,0.000,0.000,14.453,28.589,0.00
1786297689,bench_mixed,0.00,0.00,0.0,0.000,0.000,14.453,28.590,0.00
1786297694,bench_mixed,0.00,0.00,0.0,0.000,0.000,14.453,28.590,0.00
1786297699,bench_mixed,0.00,0.00,0.0,0.000,0.000,14.453,28.591,0.00
1786297705,bench_mixed,0.00,0.00,0.0,0.000,0.000,14.453,28.591,0.00
1786297710,bench_mixed,0.00,0.00,0.0,0.000,0.000,14.453,28.591,0.00
1786297715,bench_mixed,0.00,0.00,0.0,0.000,0.000,14.453,28.591,0.00
1786297720,bench_mixed,0.00,0.00,0.0,0.000,0.000,14.453,28.591,0.00
1786297725,bench_mixed,0.00,0.00,0.0,0.000,0.000,14.453,28.593,0.00
1786297730,bench_mixed,0.00,0.00,0.0,0.000,0.000,14.453,28.592,0.00
1786297735,bench_mixed,0.00,0.00,0.0,0.000,0.000,14.453,28.590,0.00
1786297740,bench_mixed,0.00,0.00,0.0,0.000,0.000,14.453,28.591,0.00
1786297745,bench_mixed,0.00,0.00,0.0,0.000,0.000,14.453,28.592,0.00
1786297750,bench_mixed,0.00,0.00,0.0,0.000,0.000,14.453,28.592,0.00
1786297755,bench_mixed,0.00,0.00,0.0,0.000,0.000,14.453,28.590,0.00
1786297760,bench_mixed,0.00,0.00,0.0,0.000,0.000,14.453,28.590,0.00
1786297765,bench_mixed,0.00,0.00,0.0,0.000,0.000,14.453,28.589,0.00
1786297770,bench_mixed,0.00,0.00,0.0,0.000,0.000,14.453,28.589,0.00
1786297775,bench_mixed,0.00,0.00,0.0,0.000,0.000,14.453,28.588,0.00
1786297780,bench_mixed,0.00,0.00,0.0,0.000,0.000,14.453,28.589,0.00
1786297785,bench_mixed,0.00,0.00,0.0,0.000,0.000,14.453,28.588,0.00
1786297790,bench_mixed,0.00,0.00,0.0,0.000,0.000,14.453,28.589,0.00
1786297795,bench_mixed,0.00,0.00,0.0,0.000,0.000,14.453,28.589,0.00
1786297801,bench_mixed,0.00,0.00,0.0,0.000,0.000,14.453,28.590,0.00
1786297806,bench_mixed,0.00,0.00,0.0,0.000,0.000,14.453,28.577,0.03
1786297811,bench_mixed,0.00,0.00,0.0,0.000,0.000,14.453,28.573,0.03
1786297816,bench_mixed,0.00,0.00,0.0,0.000,0.000,14.453,28.574,0.00
1786297821,bench_mixed,0.00,0.00,0.0,0.000,0.000,14.453,28.572,0.00
1786297826,bench_mixed,0.00,0.00,0.0,0.000,0.000,14.453,28.575,0.00
1786297831,bench_mixed,0.00,0.00,0.0,0.000,0.000,14.453,28.576,0.00
1786297836,bench_mixed,0.00,0.00,0.0,0.000,0.000,14.453,28.576,0.00
1786297841,bench_mixed,0.00,0.00,0.0,0.000,0.000,14.453,28.577,0.00
1786297846,bench_mixed,0.00,0.00,0.0,0.000,0.000,14.453,28.577,0.00
1786297851,bench_mixed,0.00,0.00,0.0,0.000,0.000,14.453,28.578,0.00
1786297856,bench_mixed,0.00,0.00,0.0,0.000,0.000,14.453,28.577,0.00
1786297861,bench_mixed,0.00,0.00,0.0,0.000,0.000,14.453,28.578,0.00
1786297866,bench_mixed,0.00,0.00,0.0,0.000,0.000,14.453,28.582,0.00
1786297871,bench_mixed,0.00,0.00,0.0,0.000,0.000,14.453,28.582,0.00
1786297876,bench_mixed,0.00,0.00,0.0,0.000,0.000,14.453,28.584,0.00
1786297881,bench_mixed,0.00,0.00,0.0,0.000,0.000,14.453,28.584,0.00
1786297886,bench_mixed,0.00,0.00,0.0,0.000,0.000,14.453,28.586,0.00
1786297891,bench_mixed,0.00,0.00,0.0,0.000,0.000,14.453,28.586,0.00
1786297897,bench_mixed,0.00,0.00,0.0,0.000,0.000,14.453,28.585,0.00
1786297902,bench_mixed,0.00,0.00,0.0,0.000,0.000,14.453,28.584,0.00
1786297907,bench_mixed,0.00,0.00,0.0,0.000,0.000,14.453,28.581,0.00
1786297912,bench_mixed,0.00,0.00,0.0,0.000,0.000,14.453,28.582,0.00
1786297917,bench_mixed,0.00,0.00,0.0,0.000,0.000,14.453,28.585,0.00
1786297922,bench_mixed,0.00,0.00,0.0,0.000,0.000,14.453,28.585,0.00
1786297927,bench_mixed,0.00,0.00,0.0,0.000,0.000,14.453,28.583,0.00
1786297932,bench_mixed,0.00,0.00,0.0,0.000,0.000,14.453,28.583,0.00
1786297937,bench_mixed,0.00,0.00,0.0,0.000,0.000,14.453,28.581,0.00
1786297942,bench_mixed,0.00,0.00,0.0,0.000,0.000,14.453,28.583,0.00
1786297947,bench_mixed,0.00,0.00,0.0,0.000,0.000,14.453,28.579,0.00
1786297952,bench_mixed,0.00,0.00,0.0,0.000,0.000,14.453,28.580,0.00
1786297957,bench_mixed,0.00,0.00,0.0,0.000,0.000,14.453,28.579,0.00
1786297962,bench_mixed,0.00,0.00,0.0,0.000,0.000,14.453,28.580,0.00
1786297967,bench_mixed,0.00,0.00,0.0,0.000,0.000,14.453,28.580,0.00
1786297972,bench_mixed,0.00,0.00,0.0,0.000,0.000,14.453,28.578,0.00
1786297977,bench_mixed,0.00,0.00,0.0,0.000,0.000,14.453,28.578,0.00
1786297982,bench_mixed,0.00,0.00,0.0,0.000,0.000,14.453,28.580,0.00
1786297987,bench_mixed,0.00,0.00,0.0,0.000,0.000,14.453,28.580,0.00
1786297993,bench_mixed,0.00,0.00,0.0,0.000,0.000,14.453,28.579,0.00
1786297998,bench_mixed,0.00,0.00,0.0,0.000,0.000,14.453,28.580,0.00
1786298003,bench_mixed,0.00,0.00,0.0,0.000,0.000,14.453,28.581,0.00
1786298008,bench_mixed,0.00,0.00,0.0,0.000,0.000,14.453,28.578,0.00
1786298013,bench_mixed,0.00,0.00,0.0,0.000,0.000,14.453,28.580,0.00
1786298018,bench_mixed,0.00,0.00,0.0,0.000,0.000,14.453,28.580,0.00
1786298023,bench_mixed,0.00,0.00,0.0,0.000,0.000,14.453,28.579,0.00
1786298028,bench_mixed,0.00,0.00,0.0,0.000,0.000,14.453,28.579,0.00
1786298033,bench_mixed,0.00,0.00,0.0,0.000,0.000,14.453,28.579,0.00
1786298038,bench_mixed,0.00,0.00,0.0,0.000,0.000,14.453,28.580,0.00
1786298043,bench_mixed,0.00,0.00,0.0,0.000,0.000,14.453,28.578,0.00
1786298048,bench_mixed,0.00,0.00,0.0,0.000,0.000,14.453,28.579,0.00
1786298053,bench_mixed,0.00,0.00,0.0,0.000,0.000,14.453,28.581,0.00
1786298058,bench_mixed,0.00,0.00,0.0,0.000,0.000,14.453,28.581,0.00
1786298063,bench_mixed,0.00,0.00,0.0,0.000,0.000,14.453,28.583,0.00
1786298068,bench_mixed,0.00,0.00,0.0,0.000,0.000,14.453,28.581,0.00
1786298073,bench_mixed,0.00,0.00,0.0,0.000,0.000,14.453,28.583,0.00
1786298078,bench_mixed,0.00,0.00,0.0,0.000,0.000,14.453,28.583,0.00
1786298084,bench_mixed,0.00,0.00,0.0,0.000,0.000,14.453,28.583,0.00
1786298089,bench_mixed,0.00,0.00,0.0,0.000,0.000,14.453,28.583,0.00
1786298094,bench_mixed,0.00,0.00,0.0,0.000,0.000,14.453,28.581,0.00
1786298099,bench_mixed,0.00,0.00,0.0,0.000,0.000,14.453,28.581,0.00
1786298104,bench_mixed,0.00,0.00,0.0,0.000,0.000,14.453,28.580,0.00
1786298109,bench_mixed,0.00,0.00,0.0,0.000,0.000,14.453,28.566,0.06
1786298114,bench_mixed,0.00,0.00,0.0,0.000,0.000,14.453,28.567,0.00
1786298119,bench_mixed,0.00,0.00,0.0,0.000,0.000,14.453,28.568,0.00
1786298124,bench_mixed,0.00,0.00,0.0,0.000,0.000,14.453,28.569,0.00
1786298129,bench_mixed,0.00,0.00,0.0,0.000,0.000,14.453,28.571,0.00
1786298134,bench_mixed,0.00,0.00,0.0,0.000,0.000,14.453,28.569,0.00
1786298139,bench_mixed,0.00,0.00,0.0,0.000,0.000,14.453,28.570,0.00
1786298144,bench_mixed,0.00,0.00,0.0,0.000,0.000,14.453,28.572,0.00
1786298149,bench_mixed,0.00,0.00,0.0,0.000,0.000,14.453,28.572,0.00
1786298154,bench_mixed,0.00,0.00,0.0,0.000,0.000,14.453,28.572,0.00
1786298159,bench_mixed,0.00,0.00,0.0,0.000,0.000,14.453,28.572,0.00
1786298164,bench_mixed,0.00,0.00,0.0,0.000,0.000,14.453,28.575,0.00
1786298169,bench_mixed,0.00,0.00,0.0,0.000,0.000,14.453,28.574,0.00
1786298174,bench_mixed,0.00,0.00,0.0,0.000,0.000,14.453,28.577,0.00
1786298180,bench_mixed,0.00,0.00,0.0,0.000,0.000,14.453,28.577,0.00
1786298185,bench_mixed,0.00,0.00,0.0,0.000,0.000,14.453,28.576,0.00
1786298190,bench_mixed,0.00,0.00,0.0,0.000,0.000,14.453,28.572,0.00
1786298195,bench_mixed,0.00,0.00,0.0,0.000,0.000,14.453,28.573,0.00
1786298200,bench_mixed,0.00,0.00,0.0,0.000,0.000,14.453,28.574,0.00
1786298205,bench_mixed,0.00,0.00,0.0,0.000,0.000,14.453,28.575,0.00
1786298210,bench_mixed,0.00,0.00,0.0,0.000,0.000,14.453,28.577,0.00
1786298215,bench_mixed,0.00,0.00,0.0,0.000,0.000,14.453,28.575,0.00
1786298220,bench_mixed,0.00,0.00,0.0,0.000,0.000,14.453,28.575,0.00
1786298225,bench_mixed,0.00,0.00,0.0,0.000,0.000,14.453,28.575,0.00
1786298230,bench_mixed,0.00,0.00,0.0,0.000,0.000,14.453,28.577,0.00
1786298235,bench_mixed,0.00,0.00,0.0,0.000,0.000,14.453,28.576,0.00
1786298240,bench_mixed,0.00,0.00,0.0,0.000,0.000,14.453,28.576,0.00
1786298245,bench_mixed,0.00,0.00,0.0,0.000,0.000,14.453,28.576,0.00
1786298250,bench_mixed,0.00,0.00,0.0,0.000,0.000,14.453,28.573,0.00
1786298255,bench_mixed,0.00,0.00,0.0,0.000,0.000,14.453,28.573,0.00
1786298260,bench_mixed,0.00,0.00,0.0,0.000,0.000,14.453,28.573,0.00
1786298265,bench_mixed,0.00,0.00,0.0,0.000,0.000,14.453,28.571,0.00
1786298270,bench_mixed,0.00,0.00,0.0,0.000,0.000,14.453,28.571,0.00
1786298275,bench_mixed,0.00,0.00,0.0,0.000,0.000,14.453,28.574,0.00
1786298281,bench_mixed,0.00,0.00,0.0,0.000,0.000,14.453,28.574,0.00
1786298286,bench_mixed,0.00,0.00,0.0,0.000,0.000,14.453,28.576,0.00
1786298291,bench_mixed,0.00,0.00,0.0,0.000,0.000,14.453,28.577,0.00
1786298296,bench_mixed,0.00,0.00,0.0,0.000,0.000,14.453,28.579,0.00
1786298301,bench_mixed,0.00,0.00,0.0,0.000,0.000,14.453,28.579,0.00
1786298306,bench_mixed,0.00,0.00,0.0,0.000,0.000,14.453,28.578,0.00
1786298311,bench_mixed,0.00,0.00,0.0,0.000,0.000,14.453,28.580,0.00
1786298316,bench_mixed,0.00,0.00,0.0,0.000,0.000,14.453,28.577,0.00
1786298321,bench_mixed,0.00,0.00,0.0,0.000,0.000,14.453,28.578,0.00
1786298326,bench_mixed,0.00,0.00,0.0,0.000,0.000,14.453,28.579,0.00
1786298331,bench_mixed,0.00,0.00,0.0,0.000,0.000,14.453,28.578,0.00
1786298336,bench_mixed,0.00,0.00,0.0,0.000,0.000,14.453,28.579,0.00
1786298341,bench_mixed,0.00,0.00,0.0,0.000,0.000,14.453,28.578,0.00
1786298346,bench_mixed,0.00,0.00,0.0,0.000,0.000,14.453,28.578,0.00
1786298351,bench_mixed,0.00,0.00,0.0,0.000,0.000,14.453,28.575,0.00
1786298356,bench_mixed,0.00,0.00,0.0,0.000,0.000,14.453,28.575,0.00
1786298361,bench_mixed,0.00,0.00,0.0,0.000,0.000,14.453,28.575,0.00
1786298366,bench_mixed,0.00,0.00,0.0,0.000,0.000,14.453,28.576,0.00
1786298371,bench_mixed,0.00,0.00,0.0,0.000,0.000,14.453,28.575,0.00
1786298377,bench_mixed,0.00,0.00,0.0,0.000,0.000,14.453,28.574,0.00
1786298382,bench_mixed,0.00,0.00,0.0,0.000,0.000,14.453,28.573,0.00
1786298387,bench_mixed,0.00,0.00,0.0,0.000,0.000,14.453,28.573,0.00
1786298392,bench_mixed,0.00,0.00,0.0,0.000,0.000,14.453,28.579,0.00
1786298397,bench_mixed,0.00,0.00,0.0,0.000,0.000,14.453,28.579,0.00
1786298402,bench_mixed,0.00,0.00,0.0,0.000,0.000,14.453,28.584,0.00
1786298407,bench_mixed,0.00,0.00,0.0,0.000,0.000,14.453,28.568,0.04
1786298412,bench_mixed,0.00,0.00,0.0,0.000,0.000,14.453,28.571,0.01
1786298417,bench_mixed,0.00,0.00,0.0,0.000,0.000,14.453,28.570,0.00
1786298422,bench_mixed,0.00,0.00,0.0,0.000,0.000,14.453,28.571,0.00
1786298427,bench_mixed,0.00,0.00,0.0,0.000,0.000,14.453,28.571,0.00
1786298432,bench_mixed,0.00,0.00,0.0,0.000,0.000,14.453,28.572,0.00
1786298437,bench_mixed,0.00,0.00,0.0,0.000,0.000,14.453,28.571,0.00
1786298442,bench_mixed,0.00,0.00,0.0,0.000,0.000,14.453,28.568,0.00
1786298447,bench_mixed,0.00,0.00,0.0,0.000,0.000,14.453,28.569,0.00
1786298452,bench_mixed,0.00,0.00,0.0,0.000,0.000,14.453,28.571,0.00
1786298457,bench_mixed,0.00,0.00,0.0,0.000,0.000,14.453,28.571,0.00
1786298462,bench_mixed,0.00,0.00,0.0,0.000,0.000,14.453,28.570,0.00
1786298467,bench_mixed,0.00,0.00,0.0,0.000,0.000,14.453,28.570,0.00
1786298473,bench_mixed,0.00,0.00,0.0,0.000,0.000,14.453,28.572,0.00
1786298478,bench_mixed,0.00,0.00,0.0,0.000,0.000,14.453,28.572,0.00
1786298483,bench_mixed,0.00,0.00,0.0,0.000,0.000,14.453,28.572,0.00
1786298488,bench_mixed,0.00,0.00,0.0,0.000,0.000,14.453,28.572,0.00
1786298493,bench_mixed,0.00,0.00,0.0,0.000,0.000,14.453,28.572,0.00
1786298498,bench_mixed,0.00,0.00,0.0,0.000,0.000,14.453,28.572,0.00
1786298503,bench_mixed,0.00,0.00,0.0,0.000,0.000,14.453,28.575,0.00
1786298508,bench_mixed,0.00,0.00,0.0,0.000,0.000,14.453,28.572,0.00
1786298513,bench_mixed,0.00,0.00,0.0,0.000,0.000,14.453,28.576,0.00
1786298518,bench_mixed,0.00,0.00,0.0,0.000,0.000,14.453,28.576,0.00
1786298523,bench_mixed,0.00,0.00,0.0,0.000,0.000,14.453,28.576,0.00
1786298528,bench_mixed,0.00,0.00,0.0,0.000,0.000,14.453,28.576,0.00
1786298533,bench_mixed,0.00,0.00,0.0,0.000,0.000,14.453,28.577,0.00
1786298538,bench_mixed,0.00,0.00,0.0,0.000,0.000,14.453,28.578,0.00
1786298543,bench_mixed,0.00,0.00,0.0,0.000,0.000,14.453,28.578,0.00
1786298548,bench_mixed,0.00,0.00,0.0,0.000,0.000,14.453,28.578,0.00
1786298553,bench_mixed,0.00,0.00,0.0,0.000,0.000,14.453,28.576,0.00
1786298558,bench_mixed,0.00,0.00,0.0,0.000,0.000,14.453,28.576,0.00
1786298563,bench_mixed,0.00,0.00,0.0,0.000,0.000,14.453,28.572,0.00
1786298569,bench_mixed,0.00,0.00,0.0,0.000,0.000,14.453,28.575,0.00
1786298574,bench_mixed,0.00,0.00,0.0,0.000,0.000,14.453,28.575,0.00
1786298579,bench_mixed,0.00,0.00,0.0,0.000,0.000,14.453,28.575,0.00
1786298584,bench_mixed,0.00,0.00,0.0,0.000,0.000,14.453,28.574,0.00
1786298589,bench_mixed,0.00,0.00,0.0,0.000,0.000,14.453,28.575,0.00
1786298594,bench_mixed,0.00,0.00,0.0,0.000,0.000,14.453,28.575,0.00
1786298599,bench_mixed,0.00,0.00,0.0,0.000,0.000,14.453,28.575,0.00
1786298604,bench_mixed,0.00,0.00,0.0,0.000,0.000,14.453,28.572,0.00
1786298609,bench_mixed,0.00,0.00,0.0,0.000,0.000,14.453,28.573,0.00
1786298614,bench_mixed,0.00,0.00,0.0,0.000,0.000,14.453,28.571,0.00
1786298619,bench_mixed,0.00,0.00,0.0,0.000,0.000,14.453,28.572,0.00
1786298624,bench_mixed,0.00,0.00,0.0,0.000,0.000,14.453,28.570,0.00
1786298629,bench_mixed,0.00,0.00,0.0,0.000,0.000,14.453,28.568,0.00
1786298634,bench_mixed,0.00,0.00,0.0,0.000,0.000,14.453,28.569,0.00
1786298639,bench_mixed,0.00,0.00,0.0,0.000,0.000,14.453,28.569,0.00
1786298644,bench_mixed,0.00,0.00,0.0,0.000,0.000,14.453,28.574,0.00
1786298649,bench_mixed,0.00,0.00,0.0,0.000,0.000,14.453,28.573,0.00
1786298654,bench_mixed,0.00,0.00,0.0,0.000,0.000,14.453,28.571,0.00
1786298660,bench_mixed,0.00,0.00,0.0,0.000,0.000,14.453,28.571,0.00
1786298665,bench_mixed,0.00,0.00,0.0,0.000,0.000,14.453,28.572,0.00
1786298670,bench_mixed,0.00,0.00,0.0,0.000,0.000,14.453,28.571,0.00
1786298675,bench_mixed,0.00,0.00,0.0,0.000,0.000,14.453,28.573,0.00
1786298680,bench_mixed,0.00,0.00,0.0,0.000,0.000,14.453,28.580,0.00
1786298685,bench_mixed,0.00,0.00,0.0,0.000,0.000,14.453,28.578,0.00
1786298690,bench_mixed,0.00,0.00,0.0,0.000,0.000,14.453,28.581,0.00
1786298695,bench_mixed,0.00,0.00,0.0,0.000,0.000,14.453,28.581,0.00
1786298700,bench_mixed,0.00,0.00,0.0,0.000,0.000,14.453,28.580,0.00
1786298705,bench_mixed,0.00,0.00,0.0,0.000,0.000,14.453,28.579,0.00
1786298710,bench_mixed,0.00,0.00,0.0,0.000,0.000,14.453,28.568,0.06
1786298715,bench_mixed,0.00,0.00,0.0,0.000,0.000,14.453,28.569,0.00
1786298720,bench_mixed,0.00,0.00,0.0,0.000,0.000,14.453,28.570,0.00
1786298725,bench_mixed,0.00,0.00,0.0,0.000,0.000,14.453,28.570,0.00
1786298730,bench_mixed,0.00,0.00,0.0,0.000,0.000,14.453,28.570,0.00
1786298735,bench_mixed,0.00,0.00,0.0,0.000,0.000,14.453,28.572,0.00
1786298740,bench_mixed,0.00,0.00,0.0,0.000,0.000,14.453,28.575,0.00
1786298745,bench_mixed,0.00,0.00,0.0,0.000,0.000,14.453,28.576,0.00
1786298750,bench_mixed,0.00,0.00,0.0,0.000,0.000,14.453,28.572,0.00
1786298756,bench_mixed,0.00,0.00,0.0,0.000,0.000,14.453,28.575,0.00
1786298761,bench_mixed,0.00,0.00,0.0,0.000,0.000,14.453,28.575,0.00
1786298766,bench_mixed,0.00,0.00,0.0,0.000,0.000,14.453,28.575,0.00
1786298771,bench_mixed,0.00,0.00,0.0,0.000,0.000,14.453,28.573,0.00
1786298776,bench_mixed,0.00,0.00,0.0,0.000,0.000,14.453,28.575,0.00
1786298781,bench_mixed,0.00,0.00,0.0,0.000,0.000,14.453,28.573,0.00
1786298786,bench_mixed,0.00,0.00,0.0,0.000,0.000,14.453,28.573,0.00
1786298791,bench_mixed,0.00,0.00,0.0,0.000,0.000,14.453,28.574,0.00
1786298796,bench_mixed,0.00,0.00,0.0,0.000,0.000,14.453,28.574,0.00
1786298801,bench_mixed,0.00,0.00,0.0,0.000,0.000,14.453,28.574,0.00
1786298806,bench_mixed,0.00,0.00,0.0,0.000,0.000,14.453,28.575,0.00
1786298811,bench_mixed,0.00,0.00,0.0,0.000,0.000,14.453,28.576,0.00
1786298816,bench_mixed,0.00,0.00,0.0,0.000,0.000,14.453,28.573,0.00
1786298821,bench_mixed,0.00,0.00,0.0,0.000,0.000,14.453,28.577,0.00
1786298826,bench_mixed,0.00,0.00,0.0,0.000,0.000,14.453,28.577,0.00
1786298831,bench_mixed,0.00,0.00,0.0,0.000,0.000,14.453,28.580,0.00
1786298836,bench_mixed,0.00,0.00,0.0,0.000,0.000,14.453,28.579,0.00
1786298841,bench_mixed,0.00,0.00,0.0,0.000,0.000,14.453,28.579,0.00
1786298846,bench_mixed,0.00,0.00,0.0,0.000,0.000,14.453,28.579,0.00
1786298852,bench_mixed,0.00,0.00,0.0,0.000,0.000,14.453,28.579,0.00
1786298857,bench_mixed,0.00,0.00,0.0,0.000,0.000,14.453,28.579,0.00
1786298862,bench_mixed,0.00,0.00,0.0,0.000,0.000,14.453,28.578,0.00
1786298867,bench_mixed,0.00,0.00,0.0,0.000,0.000,14.453,28.579,0.00
1786298872,bench_mixed,0.00,0.00,0.0,0.000,0.000,14.453,28.577,0.00
1786298877,bench_mixed,0.00,0.00,0.0,0.000,0.000,14.453,28.577,0.00
1786298882,bench_mixed,0.00,0.00,0.0,0.000,0.000,14.453,28.580,0.00
1786298887,bench_mixed,0.00,0.00,0.0,0.000,0.000,14.453,28.581,0.00
1786298892,bench_mixed,0.00,0.00,0.0,0.000,0.000,14.453,28.580,0.00
1786298897,bench_mixed,0.00,0.00,0.0,0.000,0.000,14.453,28.580,0.00
1786298902,bench_mixed,0.00,0.00,0.0,0.000,0.000,14.453,28.581,0.00
1786298907,bench_mixed,0.00,0.00,0.0,0.000,0.000,14.453,28.582,0.00
1786298912,bench_mixed,0.00,0.00,0.0,0.000,0.000,14.453,28.585,0.00
1786298917,bench_mixed,0.00,0.00,0.0,0.000,0.000,14.453,28.585,0.00
1786298922,bench_mixed,0.00,0.00,0.0,0.000,0.000,14.453,28.586,0.00
1786298927,bench_mixed,0.00,0.00,0.0,0.000,0.000,14.453,28.586,0.00
1786298932,bench_mixed,0.00,0.00,0.0,0.000,0.000,14.453,28.583,0.00
1786298937,bench_mixed,0.00,0.00,0.0,0.000,0.000,14.453,28.583,0.00
1786298942,bench_mixed,0.00,0.00,0.0,0.000,0.000,14.453,28.582,0.00
1786298947,bench_mixed,0.00,0.00,0.0,0.000,0.000,14.453,28.585,0.00
1786298953,bench_mixed,0.00,0.00,0.0,0.000,0.000,14.453,28.583,0.00
1786298958,bench_mixed,0.00,0.00,0.0,0.000,0.000,14.453,28.583,0.00
1786298963,bench_mixed,0.00,0.00,0.0,0.000,0.000,14.453,28.585,0.00
1786298968,bench_mixed,0.00,0.00,0.0,0.000,0.000,14.453,28.585,0.00
1786298973,bench_mixed,0.00,0.00,0.0,0.000,0.000,14.453,28.586,0.00
1786298978,bench_mixed,0.00,0.00,0.0,0.000,0.000,14.453,28.586,0.00
1786298983,bench_mixed,0.00,0.00,0.0,0.000,0.000,14.453,28.584,0.00
1786298988,bench_mixed,0.00,0.00,0.0,0.000,0.000,14.453,28.584,0.00
1786298993,bench_mixed,0.00,0.00,0.0,0.000,0.000,14.453,28.584,0.00
1786298998,bench_mixed,0.00,0.00,0.0,0.000,0.000,14.453,28.582,0.00
1786299003,bench_mixed,0.00,0.00,0.0,0.000,0.000,14.453,28.586,0.00
1786299008,bench_mixed,0.00,0.00,0.0,0.000,0.000,14.453,28.570,0.06
1786299013,bench_mixed,0.00,0.00,0.0,0.000,0.000,14.453,28.571,0.00
1786299018,bench_mixed,0.00,0.00,0.0,0.000,0.000,14.453,28.571,0.00
1786299023,bench_mixed,0.00,0.00,0.0,0.000,0.000,14.453,28.575,0.00
1786299028,bench_mixed,0.00,0.00,0.0,0.000,0.000,14.453,28.576,0.00
1786299033,bench_mixed,0.00,0.00,0.0,0.000,0.000,14.453,28.576,0.00
1786299038,bench_mixed,0.00,0.00,0.0,0.000,0.000,14.453,28.575,0.00
1786299044,bench_mixed,0.00,0.00,0.0,0.000,0.000,14.453,28.575,0.00
1786299049,bench_mixed,0.00,0.00,0.0,0.000,0.000,14.453,28.578,0.00
1786299054,bench_mixed,0.00,0.00,0.0,0.000,0.000,14.453,28.578,0.00
1786299059,bench_mixed,0.00,0.00,0.0,0.000,0.000,14.453,28.575,0.00
1786299064,bench_mixed,0.00,0.00,0.0,0.000,0.000,14.453,28.579,0.00
1786299069,bench_mixed,0.00,0.00,0.0,0.000,0.000,14.453,28.580,0.00
1786299074,bench_mixed,0.00,0.00,0.0,0.000,0.000,14.453,28.581,0.00
1786299079,bench_mixed,0.00,0.00,0.0,0.000,0.000,14.453,28.580,0.00
1786299084,bench_mixed,0.00,0.00,0.0,0.000,0.000,14.453,28.579,0.00
1786299089,bench_mixed,0.00,0.00,0.0,0.000,0.000,14.453,28.579,0.00
1786299094,bench_mixed,0.00,0.00,0.0,0.000,0.000,14.453,28.579,0.00
1786299099,bench_mixed,0.00,0.00,0.0,0.000,0.000,14.453,28.578,0.00
1786299104,bench_mixed,0.00,0.00,0.0,0.000,0.000,14.453,28.578,0.00
1786299109,bench_mixed,0.00,0.00,0.0,0.000,0.000,14.453,28.576,0.00
1786299114,bench_mixed,0.00,0.00,0.0,0.000,0.000,14.453,28.577,0.00
1786299119,bench_mixed,0.00,0.00,0.0,0.000,0.000,14.453,28.576,0.00
1786299124,bench_mixed,0.00,0.00,0.0,0.000,0.000,14.453,28.576,0.00
1786299129,bench_mixed,0.00,0.00,0.0,0.000,0.000,14.453,28.574,0.00
1786299134,bench_mixed,0.00,0.00,0.0,0.000,0.000,14.453,28.574,0.00
1786299140,bench_mixed,0.00,0.00,0.0,0.000,0.000,14.453,28.575,0.00
1786299145,bench_mixed,0.00,0.00,0.0,0.000,0.000,14.453,28.576,0.00
1786299150,bench_mixed,0.00,0.00,0.0,0.000,0.000,14.453,28.577,0.00
1786299155,bench_mixed,0.00,0.00,0.0,0.000,0.000,14.453,28.577,0.00
1786299160,bench_mixed,0.00,0.00,0.0,0.000,0.000,14.453,28.576,0.00
1786299165,bench_mixed,0.00,0.00,0.0,0.000,0.000,14.453,28.576,0.00
1786299170,bench_mixed,0.00,0.00,0.0,0.000,0.000,14.453,28.577,0.00
1786299175,bench_mixed,0.00,0.00,0.0,0.000,0.000,14.453,28.577,0.00
1786299180,bench_mixed,0.00,0.00,0.0,0.000,0.000,14.453,28.575,0.00
1786299185,bench_mixed,0.00,0.00,0.0,0.000,0.000,14.453,28.575,0.00
1786299190,bench_mixed,0.00,0.00,0.0,0.000,0.000,14.453,28.576,0.00
1786299195,bench_mixed,0.00,0.00,0.0,0.000,0.000,14.453,28.576,0.00
1786299200,bench_mixed,0.00,0.00,0.0,0.000,0.000,14.453,28.574,0.00
1786299205,bench_mixed,0.00,0.00,0.0,0.000,0.000,14.453,28.574,0.00
1786299210,bench_mixed,0.00,0.00,0.0,0.000,0.000,14.453,28.571,0.00
1786299215,bench_mixed,0.00,0.00,0.0,0.000,0.000,14.453,28.573,0.00
1786299220,bench_mixed,0.00,0.00,0.0,0.000,0.000,14.453,28.574,0.00
1786299225,bench_mixed,0.00,0.00,0.0,0.000,0.000,14.453,28.574,0.00
1786299230,bench_mixed,0.00,0.00,0.0,0.000,0.000,14.453,28.576,0.00
1786299236,bench_mixed,0.00,0.00,0.0,0.000,0.000,14.453,28.576,0.00
1786299241,bench_mixed,0.00,0.00,0.0,0.000,0.000,14.453,28.574,0.00
1786299246,bench_mixed,0.00,0.00,0.0,0.000,0.000,14.453,28.570,0.00
1786299251,bench_mixed,0.00,0.00,0.0,0.000,0.000,14.453,28.573,0.00
1786299256,bench_mixed,0.00,0.00,0.0,0.000,0.000,14.453,28.574,0.00
1786299261,bench_mixed,0.00,0.00,0.0,0.000,0.000,14.453,28.572,0.00
1786299266,bench_mixed,0.00,0.00,0.0,0.000,0.000,14.453,28.573,0.00
1786299271,bench_mixed,0.00,0.00,0.0,0.000,0.000,14.453,28.576,0.00
1786299276,bench_mixed,0.00,0.00,0.0,0.000,0.000,14.453,28.576,0.00
1786299281,bench_mixed,0.00,0.00,0.0,0.000,0.000,14.453,28.574,0.00
1786299286,bench_mixed,0.00,0.00,0.0,0.000,0.000,14.453,28.574,0.00
1786299291,bench_mixed,0.00,0.00,0.0,0.000,0.000,14.453,28.573,0.00
1786299296,bench_mixed,0.00,0.00,0.0,0.000,0.000,14.453,28.575,0.00
1786299301,bench_mixed,0.00,0.00,0.0,0.000,0.000,14.453,28.576,0.00
1786299306,bench_mixed,0.00,0.00,0.0,0.000,0.000,14.453,28.565,0.03
1786299311,bench_mixed,0.00,0.00,0.0,0.000,0.000,14.453,28.562,0.02
1786299316,bench_mixed,0.00,0.00,0.0,0.000,0.000,14.453,28.567,0.00
1786299321,bench_mixed,0.00,0.00,0.0,0.000,0.000,14.453,28.571,0.00
1786299326,bench_mixed,0.00,0.00,0.0,0.000,0.000,14.453,28.571,0.00
1786299332,bench_mixed,0.00,0.00,0.0,0.000,0.000,14.453,28.570,0.00
1786299337,bench_mixed,0.00,0.00,0.0,0.000,0.000,14.453,28.571,0.00
1786299342,bench_mixed,0.00,0.00,0.0,0.000,0.000,14.453,28.572,0.00
1786299347,bench_mixed,0.00,0.00,0.0,0.000,0.000,14.453,28.573,0.00
1786299352,bench_mixed,0.00,0.00,0.0,0.000,0.000,14.453,28.576,0.00
1786299357,bench_mixed,0.00,0.00,0.0,0.000,0.000,14.453,28.576,0.00
1786299362,bench_mixed,0.00,0.00,0.0,0.000,0.000,14.453,28.577,0.00
1786299367,bench_mixed,0.00,0.00,0.0,0.000,0.000,14.453,28.573,0.00
1786299372,bench_mixed,0.00,0.00,0.0,0.000,0.000,14.453,28.574,0.00
1786299377,bench_mixed,0.00,0.00,0.0,0.000,0.000,14.453,28.575,0.00
1786299382,bench_mixed,0.00,0.00,0.0,0.000,0.000,14.453,28.573,0.00
1786299387,bench_mixed,0.00,0.00,0.0,0.000,0.000,14.453,28.574,0.00
1786299392,bench_mixed,0.00,0.00,0.0,0.000,0.000,14.453,28.574,0.00
1786299397,bench_mixed,0.00,0.00,0.0,0.000,0.000,14.453,28.572,0.00
1786299402,bench_mixed,0.00,0.00,0.0,0.000,0.000,14.453,28.572,0.00
1786299407,bench_mixed,0.00,0.00,0.0,0.000,0.000,14.453,28.573,0.00
1786299412,bench_mixed,0.00,0.00,0.0,0.000,0.000,14.453,28.572,0.00
1786299417,bench_mixed,0.00,0.00,0.0,0.000,0.000,14.453,28.572,0.00
1786299422,bench_mixed,0.00,0.00,0.0,0.000,0.000,14.453,28.570,0.00
1786299428,bench_mixed,0.00,0.00,0.0,0.000,0.000,14.453,28.571,0.00
1786299433,bench_mixed,0.00,0.00,0.0,0.000,0.000,14.453,28.571,0.00
1786299438,bench_mixed,0.00,0.00,0.0,0.000,0.000,14.453,28.576,0.00
1786299443,bench_mixed,0.00,0.00,0.0,0.000,0.000,14.453,28.575,0.00
1786299448,bench_mixed,0.00,0.00,0.0,0.000,0.000,14.453,28.575,0.00
1786299453,bench_mixed,0.00,0.00,0.0,0.000,0.000,14.453,28.576,0.00
1786299458,bench_mixed,0.00,0.00,0.0,0.000,0.000,14.453,28.573,0.00
1786299463,bench_mixed,0.00,0.00,0.0,0.000,0.000,14.453,28.574,0.00
1786299468,bench_mixed,0.00,0.00,0.0,0.000,0.000,14.453,28.573,0.00
1786299473,bench_mixed,0.00,0.00,0.0,0.000,0.000,14.453,28.573,0.00
1786299478,bench_mixed,0.00,0.00,0.0,0.000,0.000,14.453,28.572,0.00
1786299483,bench_mixed,0.00,0.00,0.0,0.000,0.000,14.453,28.569,0.00
1786299488,bench_mixed,0.00,0.00,0.0,0.000,0.000,14.453,28.571,0.00
1786299493,bench_mixed,0.00,0.00,0.0,0.000,0.000,14.453,28.571,0.00
1786299498,bench_mixed,0.00,0.00,0.0,0.000,0.000,14.453,28.572,0.00
1786299503,bench_mixed,0.00,0.00,0.0,0.000,0.000,14.453,28.573,0.00
1786299508,bench_mixed,0.00,0.00,0.0,0.000,0.000,14.453,28.573,0.00
1786299513,bench_mixed,0.00,0.00,0.0,0.000,0.000,14.453,28.573,0.00
1786299518,bench_mixed,0.00,0.00,0.0,0.000,0.000,14.453,28.572,0.00
1786299524,bench_mixed,0.00,0.00,0.0,0.000,0.000,14.453,28.573,0.00
1786299529,bench_mixed,0.00,0.00,0.0,0.000,0.000,14.453,28.571,0.00
1786299534,bench_mixed,0.00,0.00,0.0,0.000,0.000,14.453,28.572,0.00
1786299539,bench_mixed,0.00,0.00,0.0,0.000,0.000,14.453,28.574,0.00
1786299544,bench_mixed,0.00,0.00,0.0,0.000,0.000,14.453,28.571,0.00
1786299549,bench_mixed,0.00,0.00,0.0,0.000,0.000,14.453,28.570,0.00
1786299554,bench_mixed,0.00,0.00,0.0,0.000,0.000,14.453,28.571,0.00
1786299559,bench_mixed,0.00,0.00,0.0,0.000,0.000,14.453,28.571,0.00
1786299564,bench_mixed,0.00,0.00,0.0,0.000,0.000,14.453,28.571,0.00
1786299569,bench_mixed,0.00,0.00,0.0,0.000,0.000,14.453,28.570,0.00
1786299574,bench_mixed,0.00,0.00,0.0,0.000,0.000,14.453,28.570,0.00
1786299579,bench_mixed,0.00,0.00,0.0,0.000,0.000,14.453,28.568,0.00
1786299584,bench_mixed,0.00,0.00,0.0,0.000,0.000,14.453,28.569,0.00
1786299589,bench_mixed,0.00,0.00,0.0,0.000,0.000,14.453,28.569,0.00
1786299594,bench_mixed,0.00,0.00,0.0,0.000,0.000,14.453,28.569,0.00
1786299599,bench_mixed,0.00,0.00,0.0,0.000,0.000,14.453,28.567,0.00
1786299604,bench_mixed,0.00,0.00,0.0,0.000,0.000,14.453,28.567,0.00
1786299609,bench_mixed,0.00,0.00,0.0,0.000,0.000,14.453,28.549,0.06
1786299614,bench_mixed,0.00,0.00,0.0,0.000,0.000,14.453,28.552,0.00
1786299620,bench_mixed,0.00,0.00,0.0,0.000,0.000,14.453,28.553,0.00
1786299625,bench_mixed,0.00,0.00,0.0,0.000,0.000,14.453,28.554,0.00
1786299630,bench_mixed,0.00,0.00,0.0,0.000,0.000,14.453,28.556,0.00
1786299635,bench_mixed,0.00,0.00,0.0,0.000,0.000,14.453,28.558,0.00
1786299640,bench_mixed,0.00,0.00,0.0,0.000,0.000,14.453,28.560,0.00
1786299645,bench_mixed,0.00,0.00,0.0,0.000,0.000,14.453,28.560,0.00
1786299650,bench_mixed,0.00,0.00,0.0,0.000,0.000,14.453,28.563,0.00
1786299655,bench_mixed,0.00,0.00,0.0,0.000,0.000,14.453,28.562,0.00
1786299660,bench_mixed,0.00,0.00,0.0,0.000,0.000,14.453,28.570,0.00
1786299665,bench_mixed,0.00,0.00,0.0,0.000,0.000,14.453,28.571,0.00
1786299670,bench_mixed,0.00,0.00,0.0,0.000,0.000,14.453,28.568,0.00
1786299675,bench_mixed,0.00,0.00,0.0,0.000,0.000,14.453,28.568,0.00
1786299680,bench_mixed,0.00,0.00,0.0,0.000,0.000,14.453,28.568,0.00
1786299685,bench_mixed,0.00,0.00,0.0,0.000,0.000,14.453,28.568,0.00
1786299690,bench_mixed,0.00,0.00,0.0,0.000,0.000,14.453,28.567,0.00
1786299695,bench_mixed,0.00,0.00,0.0,0.000,0.000,14.453,28.568,0.00
1786299700,bench_mixed,0.00,0.00,0.0,0.000,0.000,14.453,28.565,0.00
1786299705,bench_mixed,0.00,0.00,0.0,0.000,0.000,14.453,28.565,0.00
1786299710,bench_mixed,0.00,0.00,0.0,0.000,0.000,14.453,28.564,0.00
1786299716,bench_mixed,0.00,0.00,0.0,0.000,0.000,14.453,28.563,0.00
1786299721,bench_mixed,0.00,0.00,0.0,0.000,0.000,14.453,28.565,0.00
1786299726,bench_mixed,0.00,0.00,0.0,0.000,0.000,14.453,28.565,0.00
1786299731,bench_mixed,0.00,0.00,0.0,0.000,0.000,14.453,28.562,0.00
1786299736,bench_mixed,0.00,0.00,0.0,0.000,0.000,14.453,28.559,0.00
1786299741,bench_mixed,0.00,0.00,0.0,0.000,0.000,14.453,28.562,0.00
1786299746,bench_mixed,0.00,0.00,0.0,0.000,0.000,14.453,28.562,0.00
1786299751,bench_mixed,0.00,0.00,0.0,0.000,0.000,14.453,28.563,0.00
1786299756,bench_mixed,0.00,0.00,0.0,0.000,0.000,14.453,28.562,0.00
1786299761,bench_mixed,0.00,0.00,0.0,0.000,0.000,14.453,28.562,0.00
1786299766,bench_mixed,0.00,0.00,0.0,0.000,0.000,14.453,28.562,0.00
1786299771,bench_mixed,0.00,0.00,0.0,0.000,0.000,14.453,28.562,0.00
1786299776,bench_mixed,0.00,0.00,0.0,0.000,0.000,14.453,28.562,0.00
1786299781,bench_mixed,0.00,0.00,0.0,0.000,0.000,14.453,28.562,0.00
1786299786,bench_mixed,0.00,0.00,0.0,0.000,0.000,14.453,28.565,0.00
1786299791,bench_mixed,0.00,0.00,0.0,0.000,0.000,14.453,28.565,0.00
1786299796,bench_mixed,0.00,0.00,0.0,0.000,0.000,14.453,28.568,0.00
1786299801,bench_mixed,0.00,0.00,0.0,0.000,0.000,14.453,28.566,0.00
1786299806,bench_mixed,0.00,0.00,0.0,0.000,0.000,14.453,28.574,0.00
1786299812,bench_mixed,0.00,0.00,0.0,0.000,0.000,14.453,28.573,0.00
1786299817,bench_mixed,0.00,0.00,0.0,0.000,0.000,14.453,28.574,0.00
1786299822,bench_mixed,0.00,0.00,0.0,0.000,0.000,14.453,28.574,0.00
1786299827,bench_mixed,0.00,0.00,0.0,0.000,0.000,14.453,28.574,0.00
1786299832,bench_mixed,0.00,0.00,0.0,0.000,0.000,14.453,28.574,0.00
1786299837,bench_mixed,0.00,0.00,0.0,0.000,0.000,14.453,28.574,0.00
1786299842,bench_mixed,0.00,0.00,0.0,0.000,0.000,14.453,28.575,0.00
1786299847,bench_mixed,0.00,0.00,0.0,0.000,0.000,14.453,28.575,0.00
1786299852,bench_mixed,0.00,0.00,0.0,0.000,0.000,14.453,28.575,0.00
1786299857,bench_mixed,0.00,0.00,0.0,0.000,0.000,14.453,28.575,0.00
1786299862,bench_mixed,0.00,0.00,0.0,0.000,0.000,14.453,28.573,0.00
1786299867,bench_mixed,0.00,0.00,0.0,0.000,0.000,14.453,28.575,0.00
1786299872,bench_mixed,0.00,0.00,0.0,0.000,0.000,14.453,28.576,0.00
1786299877,bench_mixed,0.00,0.00,0.0,0.000,0.000,14.453,28.573,0.00
1786299882,bench_mixed,0.00,0.00,0.0,0.000,0.000,14.453,28.573,0.00
1786299887,bench_mixed,0.00,0.00,0.0,0.000,0.000,14.453,28.572,0.00
1786299892,bench_mixed,0.00,0.00,0.0,0.000,0.000,14.453,28.572,0.00
1786299897,bench_mixed,0.00,0.00,0.0,0.000,0.000,14.453,28.575,0.00
1786299902,bench_mixed,0.00,0.00,0.0,0.000,0.000,14.453,28.574,0.00
1786299908,bench_mixed,0.00,0.00,0.0,0.000,0.000,14.453,28.556,0.05
1786299913,bench_mixed,0.00,0.00,0.0,0.000,0.000,14.453,28.557,0.01
1786299918,bench_mixed,0.00,0.00,0.0,0.000,0.000,14.453,28.556,0.00
1786299923,bench_mixed,0.00,0.00,0.0,0.000,0.000,14.453,28.556,0.00
1786299928,bench_mixed,0.00,0.00,0.0,0.000,0.000,14.453,28.556,0.00
1786299933,bench_mixed,0.00,0.00,0.0,0.000,0.000,14.453,28.557,0.00
1786299938,bench_mixed,0.00,0.00,0.0,0.000,0.000,14.453,28.555,0.00
1786299943,bench_mixed,0.00,0.00,0.0,0.000,0.000,14.453,28.555,0.00
1786299948,bench_mixed,0.00,0.00,0.0,0.000,0.000,14.453,28.557,0.00
1786299953,bench_mixed,0.00,0.00,0.0,0.000,0.000,14.453,28.557,0.00
1786299958,bench_mixed,0.00,0.00,0.0,0.000,0.000,14.453,28.559,0.00
1786299963,bench_mixed,0.00,0.00,0.0,0.000,0.000,14.453,28.558,0.00
1786299968,bench_mixed,0.00,0.00,0.0,0.000,0.000,14.453,28.560,0.00
1786299973,bench_mixed,0.00,0.00,0.0,0.000,0.000,14.453,28.559,0.00
1786299978,bench_mixed,0.00,0.00,0.0,0.000,0.000,14.453,28.563,0.00
1786299983,bench_mixed,0.00,0.00,0.0,0.000,0.000,14.453,28.563,0.00
1786299988,bench_mixed,0.00,0.00,0.0,0.000,0.000,14.453,28.561,0.00
1786299993,bench_mixed,0.00,0.00,0.0,0.000,0.000,14.453,28.561,0.00
1786299998,bench_mixed,0.00,0.00,0.0,0.000,0.000,14.453,28.559,0.00
1786300004,bench_mixed,0.00,0.00,0.0,0.000,0.000,14.453,28.559,0.00
1786300009,bench_mixed,0.00,0.00,0.0,0.000,0.000,14.453,28.558,0.00
1786300014,bench_mixed,0.00,0.00,0.0,0.000,0.000,14.453,28.559,0.00
1786300019,bench_mixed,0.00,0.00,0.0,0.000,0.000,14.453,28.559,0.00
1786300024,bench_mixed,0.00,0.00,0.0,0.000,0.000,14.453,28.559,0.00
1786300029,bench_mixed,0.00,0.00,0.0,0.000,0.000,14.453,28.558,0.00
1786300034,bench_mixed,0.00,0.00,0.0,0.000,0.000,14.453,28.559,0.00
1786300039,bench_mixed,0.00,0.00,0.0,0.000,0.000,14.453,28.560,0.00
1786300044,bench_mixed,0.00,0.00,0.0,0.000,0.000,14.453,28.560,0.00
1786300049,bench_mixed,0.00,0.00,0.0,0.000,0.000,14.453,28.557,0.00
1786300054,bench_mixed,0.00,0.00,0.0,0.000,0.000,14.453,28.557,0.00
1786300059,bench_mixed,0.00,0.00,0.0,0.000,0.000,14.453,28.556,0.00
1786300064,bench_mixed,0.00,0.00,0.0,0.000,0.000,14.453,28.557,0.00
1786300069,bench_mixed,0.00,0.00,0.0,0.000,0.000,14.453,28.556,0.00
1786300074,bench_mixed,0.00,0.00,0.0,0.000,0.000,14.453,28.557,0.00
1786300079,bench_mixed,0.00,0.00,0.0,0.000,0.000,14.453,28.557,0.00
1786300084,bench_mixed,0.00,0.00,0.0,0.000,0.000,14.453,28.556,0.00
1786300089,bench_mixed,0.00,0.00,0.0,0.000,0.000,14.453,28.558,0.00
1786300094,bench_mixed,0.00,0.00,0.0,0.000,0.000,14.453,28.558,0.00
1786300100,bench_mixed,0.00,0.00,0.0,0.000,0.000,14.453,28.559,0.00
1786300105,bench_mixed,0.00,0.00,0.0,0.000,0.000,14.453,28.558,0.00
1786300110,bench_mixed,0.00,0.00,0.0,0.000,0.000,14.453,28.559,0.00
1786300115,bench_mixed,0.00,0.00,0.0,0.000,0.000,14.453,28.555,0.00
1786300120,bench_mixed,0.00,0.00,0.0,0.000,0.000,14.453,28.556,0.00
1786300125,bench_mixed,0.00,0.00,0.0,0.000,0.000,14.453,28.555,0.00
1786300130,bench_mixed,0.00,0.00,0.0,0.000,0.000,14.453,28.556,0.00
1786300135,bench_mixed,0.00,0.00,0.0,0.000,0.000,14.453,28.556,0.00
1786300140,bench_mixed,0.00,0.00,0.0,0.000,0.000,14.453,28.557,0.00
1786300145,bench_mixed,0.00,0.00,0.0,0.000,0.000,14.453,28.556,0.00
1786300150,bench_mixed,0.00,0.00,0.0,0.000,0.000,14.453,28.557,0.00
1786300155,bench_mixed,0.00,0.00,0.0,0.000,0.000,14.453,28.558,0.00
1786300160,bench_mixed,0.00,0.00,0.0,0.000,0.000,14.453,28.558,0.00
1786300165,bench_mixed,0.00,0.00,0.0,0.000,0.000,14.453,28.558,0.00
1786300170,bench_mixed,0.00,0.00,0.0,0.000,0.000,14.453,28.558,0.00
1786300175,bench_mixed,0.00,0.00,0.0,0.000,0.000,14.453,28.559,0.00
1786300180,bench_mixed,0.00,0.00,0.0,0.000,0.000,14.453,28.561,0.00
1786300185,bench_mixed,0.00,0.00,0.0,0.000,0.000,14.453,28.564,0.00
1786300190,bench_mixed,0.00,0.00,0.0,0.000,0.000,14.453,28.564,0.00
1786300196,bench_mixed,0.00,0.00,0.0,0.000,0.000,14.453,28.565,0.00
1786300201,bench_mixed,0.00,0.00,0.0,0.000,0.000,14.453,28.565,0.00
1786300206,bench_mixed,0.00,0.00,0.0,0.000,0.000,14.453,28.562,0.00
1786300211,bench_mixed,0.00,0.00,0.0,0.000,0.000,14.453,28.549,0.05
1786300216,bench_mixed,0.00,0.00,0.0,0.000,0.000,14.453,28.551,0.00
1786300221,bench_mixed,0.00,0.00,0.0,0.000,0.000,14.453,28.552,0.00
1786300226,bench_mixed,0.00,0.00,0.0,0.000,0.000,14.453,28.550,0.00
1786300231,bench_mixed,0.00,0.00,0.0,0.000,0.000,14.453,28.551,0.00
1786300236,bench_mixed,0.00,0.00,0.0,0.000,0.000,14.453,28.548,0.00
1786300241,bench_mixed,0.00,0.00,0.0,0.000,0.000,14.453,28.551,0.00
1786300246,bench_mixed,0.00,0.00,0.0,0.000,0.000,14.453,28.552,0.00
1786300251,bench_mixed,0.00,0.00,0.0,0.000,0.000,14.453,28.552,0.00
1786300256,bench_mixed,0.00,0.00,0.0,0.000,0.000,14.453,28.550,0.00
1786300261,bench_mixed,0.00,0.00,0.0,0.000,0.000,14.453,28.550,0.00
1786300266,bench_mixed,0.00,0.00,0.0,0.000,0.000,14.453,28.549,0.00
1786300271,bench_mixed,0.00,0.00,0.0,0.000,0.000,14.453,28.549,0.00
1786300276,bench_mixed,0.00,0.00,0.0,0.000,0.000,14.453,28.549,0.00
1786300281,bench_mixed,0.00,0.00,0.0,0.000,0.000,14.453,28.549,0.00
1786300286,bench_mixed,0.00,0.00,0.0,0.000,0.000,14.453,28.547,0.00
1786300292,bench_mixed,0.00,0.00,0.0,0.000,0.000,14.453,28.548,0.00
1786300297,bench_mixed,0.00,0.00,0.0,0.000,0.000,14.453,28.543,0.00
1786300302,bench_mixed,0.00,0.00,0.0,0.000,0.000,14.453,28.547,0.00
1786300307,bench_mixed,0.00,0.00,0.0,0.000,0.000,14.453,28.548,0.00
1786300312,bench_mixed,0.00,0.00,0.0,0.000,0.000,14.453,28.548,0.00
1786300317,bench_mixed,0.00,0.00,0.0,0.000,0.000,14.453,28.550,0.00
1786300322,bench_mixed,0.00,0.00,0.0,0.000,0.000,14.453,28.550,0.00
1786300327,bench_mixed,0.00,0.00,0.0,0.000,0.000,14.453,28.551,0.00
1786300332,bench_mixed,0.00,0.00,0.0,0.000,0.000,14.453,28.551,0.00
1786300337,bench_mixed,0.00,0.00,0.0,0.000,0.000,14.453,28.551,0.00
1786300342,bench_mixed,0.00,0.00,0.0,0.000,0.000,14.453,28.551,0.00
1786300347,bench_mixed,0.00,0.00,0.0,0.000,0.000,14.453,28.551,0.00
1786300352,bench_mixed,0.00,0.00,0.0,0.000,0.000,14.453,28.551,0.00
1786300357,bench_mixed,0.00,0.00,0.0,0.000,0.000,14.453,28.552,0.00
1786300362,bench_mixed,0.00,0.00,0.0,0.000,0.000,14.453,28.558,0.00
1786300367,bench_mixed,0.00,0.00,0.0,0.000,0.000,14.453,28.557,0.00
1786300372,bench_mixed,0.00,0.00,0.0,0.000,0.000,14.453,28.558,0.00
1786300377,bench_mixed,0.00,0.00,0.0,0.000,0.000,14.453,28.556,0.00
1786300382,bench_mixed,0.00,0.00,0.0,0.000,0.000,14.453,28.556,0.00
1786300388,bench_mixed,0.00,0.00,0.0,0.000,0.000,14.453,28.559,0.00
1786300393,bench_mixed,0.00,0.00,0.0,0.000,0.000,14.453,28.558,0.00
1786300398,bench_mixed,0.00,0.00,0.0,0.000,0.000,14.453,28.558,0.00
1786300403,bench_mixed,0.00,0.00,0.0,0.000,0.000,14.453,28.559,0.00
1786300408,bench_mixed,0.00,0.00,0.0,0.000,0.000,14.453,28.560,0.00
1786300413,bench_mixed,0.00,0.00,0.0,0.000,0.000,14.453,28.561,0.00
1786300418,bench_mixed,0.00,0.00,0.0,0.000,0.000,14.453,28.558,0.00
1786300423,bench_mixed,0.00,0.00,0.0,0.000,0.000,14.453,28.557,0.00
1786300428,bench_mixed,0.00,0.00,0.0,0.000,0.000,14.453,28.556,0.00
1786300433,bench_mixed,0.00,0.00,0.0,0.000,0.000,14.453,28.556,0.00
1786300438,bench_mixed,0.00,0.00,0.0,0.000,0.000,14.453,28.557,0.00
1786300443,bench_mixed,0.00,0.00,0.0,0.000,0.000,14.453,28.556,0.00
1786300448,bench_mixed,0.00,0.00,0.0,0.000,0.000,14.453,28.557,0.00
1786300453,bench_mixed,0.00,0.00,0.0,0.000,0.000,14.453,28.558,0.00
1786300458,bench_mixed,0.00,0.00,0.0,0.000,0.000,14.453,28.558,0.00
1786300463,bench_mixed,0.00,0.00,0.0,0.000,0.000,14.453,28.557,0.00
1786300468,bench_mixed,0.00,0.00,0.0,0.000,0.000,14.453,28.557,0.00
1786300473,bench_mixed,0.00,0.00,0.0,0.000,0.000,14.453,28.557,0.00
1786300478,bench_mixed,0.00,0.00,0.0,0.000,0.000,14.453,28.557,0.00
1786300484,bench_mixed,0.00,0.00,0.0,0.000,0.000,14.453,28.557,0.00
1786300489,bench_mixed,0.00,0.00,0.0,0.000,0.000,14.453,28.557,0.00
1786300494,bench_mixed,0.00,0.00,0.0,0.000,0.000,14.453,28.556,0.00
1786300499,bench_mixed,0.00,0.00,0.0,0.000,0.000,14.453,28.556,0.00
1786300504,bench_mixed,0.00,0.00,0.0,0.000,0.000,14.453,28.554,0.00
1786300509,bench_mixed,0.00,0.00,0.0,0.000,0.000,14.453,28.542,0.06
1786300514,bench_mixed,0.00,0.00,0.0,0.000,0.000,14.453,28.544,0.00
1786300519,bench_mixed,0.00,0.00,0.0,0.000,0.000,14.453,28.545,0.00
1786300524,bench_mixed,0.00,0.00,0.0,0.000,0.000,14.453,28.545,0.00
1786300529,bench_mixed,0.00,0.00,0.0,0.000,0.000,14.453,28.546,0.00
1786300534,bench_mixed,0.00,0.00,0.0,0.000,0.000,14.453,28.548,0.00
1786300539,bench_mixed,0.00,0.00,0.0,0.000,0.000,14.453,28.548,0.00
1786300544,bench_mixed,0.00,0.00,0.0,0.000,0.000,14.453,28.549,0.00
1786300549,bench_mixed,0.00,0.00,0.0,0.000,0.000,14.453,28.549,0.00
1786300554,bench_mixed,0.00,0.00,0.0,0.000,0.000,14.453,28.550,0.00
1786300559,bench_mixed,0.00,0.00,0.0,0.000,0.000,14.453,28.550,0.00
1786300564,bench_mixed,0.00,0.00,0.0,0.000,0.000,14.453,28.551,0.00
1786300569,bench_mixed,0.00,0.00,0.0,0.000,0.000,14.453,28.551,0.00
1786300574,bench_mixed,0.00,0.00,0.0,0.000,0.000,14.453,28.550,0.00
1786300580,bench_mixed,0.00,0.00,0.0,0.000,0.000,14.453,28.550,0.00
1786300585,bench_mixed,0.00,0.00,0.0,0.000,0.000,14.453,28.550,0.00
1786300590,bench_mixed,0.00,0.00,0.0,0.000,0.000,14.453,28.550,0.00
1786300595,bench_mixed,0.00,0.00,0.0,0.000,0.000,14.453,28.548,0.00
1786300600,bench_mixed,0.00,0.00,0.0,0.000,0.000,14.453,28.549,0.00
1786300605,bench_mixed,0.00,0.00,0.0,0.000,0.000,14.453,28.549,0.00
1786300610,bench_mixed,0.00,0.00,0.0,0.000,0.000,14.453,28.550,0.00
1786300615,bench_mixed,0.00,0.00,0.0,0.000,0.000,14.453,28.551,0.00
1786300620,bench_mixed,0.00,0.00,0.0,0.000,0.000,14.453,28.551,0.00
1786300625,bench_mixed,0.00,0.00,0.0,0.000,0.000,14.453,28.551,0.00
1786300630,bench_mixed,0.00,0.00,0.0,0.000,0.000,14.453,28.551,0.00
1786300635,bench_mixed,0.00,0.00,0.0,0.000,0.000,14.453,28.551,0.00
1786300640,bench_mixed,0.00,0.00,0.0,0.000,0.000,14.453,28.551,0.00
1786300645,bench_mixed,0.00,0.00,0.0,0.000,0.000,14.453,28.551,0.00
1786300650,bench_mixed,0.00,0.00,0.0,0.000,0.000,14.453,28.551,0.00
1786300655,bench_mixed,0.00,0.00,0.0,0.000,0.000,14.453,28.550,0.00
1786300660,bench_mixed,0.00,0.00,0.0,0.000,0.000,14.453,28.551,0.00
1786300665,bench_mixed,0.00,0.00,0.0,0.000,0.000,14.453,28.547,0.00
1786300670,bench_mixed,0.00,0.00,0.0,0.000,0.000,14.453,28.549,0.00
1786300676,bench_mixed,0.00,0.00,0.0,0.000,0.000,14.453,28.549,0.00
1786300681,bench_mixed,0.00,0.00,0.0,0.000,0.000,14.453,28.549,0.00
1786300686,bench_mixed,0.00,0.00,0.0,0.000,0.000,14.453,28.553,0.00
1786300691,bench_mixed,0.00,0.00,0.0,0.000,0.000,14.453,28.553,0.00
1786300696,bench_mixed,0.00,0.00,0.0,0.000,0.000,14.453,28.551,0.00
1786300701,bench_mixed,0.00,0.00,0.0,0.000,0.000,14.453,28.551,0.00
1786300706,bench_mixed,0.00,0.00,0.0,0.000,0.000,14.453,28.552,0.00
1786300711,bench_mixed,0.00,0.00,0.0,0.000,0.000,14.453,28.553,0.00
1786300716,bench_mixed,0.00,0.00,0.0,0.000,0.000,14.453,28.554,0.00
1786300721,bench_mixed,0.00,0.00,0.0,0.000,0.000,14.453,28.556,0.00
1786300726,bench_mixed,0.00,0.00,0.0,0.000,0.000,14.453,28.552,0.00
1786300731,bench_mixed,0.00,0.00,0.0,0.000,0.000,14.453,28.553,0.00
1786300736,bench_mixed,0.00,0.00,0.0,0.000,0.000,14.453,28.554,0.00
1786300741,bench_mixed,0.00,0.00,0.0,0.000,0.000,14.453,28.554,0.00
1786300746,bench_mixed,0.00,0.00,0.0,0.000,0.000,14.453,28.554,0.00
1786300751,bench_mixed,0.00,0.00,0.0,0.000,0.000,14.453,28.555,0.00
1786300756,bench_mixed,0.00,0.00,0.0,0.000,0.000,14.453,28.554,0.00
1786300761,bench_mixed,0.00,0.00,0.0,0.000,0.000,14.453,28.554,0.00
1786300767,bench_mixed,0.00,0.00,0.0,0.000,0.000,14.453,28.559,0.00
1786300772,bench_mixed,0.00,0.00,0.0,0.000,0.000,14.453,28.560,0.00
1786300777,bench_mixed,0.00,0.00,0.0,0.000,0.000,14.453,28.561,0.00
1786300782,bench_mixed,0.00,0.00,0.0,0.000,0.000,14.453,28.562,0.00
1786300787,bench_mixed,0.00,0.00,0.0,0.000,0.000,14.453,28.559,0.00
1786300792,bench_mixed,0.00,0.00,0.0,0.000,0.000,14.453,28.557,0.00
1786300797,bench_mixed,0.00,0.00,0.0,0.000,0.000,14.453,28.557,0.00
1786300802,bench_mixed,0.00,0.00,0.0,0.000,0.000,14.453,28.558,0.00
1786300807,bench_mixed,0.00,0.00,0.0,0.000,0.000,14.453,28.546,0.04
1786300812,bench_mixed,0.00,0.00,0.0,0.000,0.000,14.453,28.545,0.02
1786300817,bench_mixed,0.00,0.00,0.0,0.000,0.000,14.453,28.550,0.00
1786300822,bench_mixed,0.00,0.00,0.0,0.000,0.000,14.453,28.551,0.00
1786300827,bench_mixed,0.00,0.00,0.0,0.000,0.000,14.453,28.551,0.00
1786300832,bench_mixed,0.00,0.00,0.0,0.000,0.000,14.453,28.555,0.00
1786300837,bench_mixed,0.00,0.00,0.0,0.000,0.000,14.453,28.555,0.00
1786300842,bench_mixed,0.00,0.00,0.0,0.000,0.000,14.453,28.555,0.00
1786300847,bench_mixed,0.00,0.00,0.0,0.000,0.000,14.453,28.555,0.00
1786300852,bench_mixed,0.00,0.00,0.0,0.000,0.000,14.453,28.559,0.00
1786300857,bench_mixed,0.00,0.00,0.0,0.000,0.000,14.453,28.559,0.00
1786300863,bench_mixed,0.00,0.00,0.0,0.000,0.000,14.453,28.563,0.00
1786300868,bench_mixed,0.00,0.00,0.0,0.000,0.000,14.453,28.563,0.00
1786300873,bench_mixed,0.00,0.00,0.0,0.000,0.000,14.453,28.563,0.00
1786300878,bench_mixed,0.00,0.00,0.0,0.000,0.000,14.453,28.564,0.00
1786300883,bench_mixed,0.00,0.00,0.0,0.000,0.000,14.453,28.565,0.00
1786300888,bench_mixed,0.00,0.00,0.0,0.000,0.000,14.453,28.565,0.00
1786300893,bench_mixed,0.00,0.00,0.0,0.000,0.000,14.453,28.562,0.00
1786300898,bench_mixed,0.00,0.00,0.0,0.000,0.000,14.453,28.562,0.00
1786300903,bench_mixed,0.00,0.00,0.0,0.000,0.000,14.453,28.560,0.00
1786300908,bench_mixed,0.00,0.00,0.0,0.000,0.000,14.453,28.560,0.00
1786300913,bench_mixed,0.00,0.00,0.0,0.000,0.000,14.453,28.560,0.00
1786300918,bench_mixed,0.00,0.00,0.0,0.000,0.000,14.453,28.562,0.00
1786300923,bench_mixed,0.00,0.00,0.0,0.000,0.000,14.453,28.560,0.00
1786300928,bench_mixed,0.00,0.00,0.0,0.000,0.000,14.453,28.560,0.00
1786300933,bench_mixed,0.00,0.00,0.0,0.000,0.000,14.453,28.559,0.00
1786300938,bench_mixed,0.00,0.00,0.0,0.000,0.000,14.453,28.559,0.00
1786300943,bench_mixed,0.00,0.00,0.0,0.000,0.000,14.453,28.556,0.00
1786300948,bench_mixed,0.00,0.00,0.0,0.000,0.000,14.453,28.557,0.00
1786300953,bench_mixed,0.00,0.00,0.0,0.000,0.000,14.453,28.559,0.00
1786300959,bench_mixed,0.00,0.00,0.0,0.000,0.000,14.453,28.559,0.00
1786300964,bench_mixed,0.00,0.00,0.0,0.000,0.000,14.453,28.559,0.00
1786300969,bench_mixed,0.00,0.00,0.0,0.000,0.000,14.453,28.560,0.00
1786300974,bench_mixed,0.00,0.00,0.0,0.000,0.000,14.453,28.561,0.00
1786300979,bench_mixed,0.00,0.00,0.0,0.000,0.000,14.453,28.562,0.00
1786300984,bench_mixed,0.00,0.00,0.0,0.000,0.000,14.453,28.560,0.00
1786300989,bench_mixed,0.00,0.00,0.0,0.000,0.000,14.453,28.560,0.00
1786300994,bench_mixed,0.00,0.00,0.0,0.000,0.000,14.453,28.559,0.00
1786300999,bench_mixed,0.00,0.00,0.0,0.000,0.000,14.453,28.559,0.00
1786301004,bench_mixed,0.00,0.00,0.0,0.000,0.000,14.453,28.561,0.00
1786301009,bench_mixed,0.00,0.00,0.0,0.000,0.000,14.453,28.562,0.00
1786301014,bench_mixed,0.00,0.00,0.0,0.000,0.000,14.453,28.562,0.00
1786301019,bench_mixed,0.00,0.00,0.0,0.000,0.000,14.453,28.563,0.00
1786301024,bench_mixed,0.00,0.00,0.0,0.000,0.000,14.453,28.564,0.00
1786301029,bench_mixed,0.00,0.00,0.0,0.000,0.000,14.453,28.560,0.00
1786301034,bench_mixed,0.00,0.00,0.0,0.000,0.000,14.453,28.563,0.00
1786301039,bench_mixed,0.00,0.00,0.0,0.000,0.000,14.453,28.563,0.00
1786301044,bench_mixed,0.00,0.00,0.0,0.000,0.000,14.453,28.566,0.00
1786301049,bench_mixed,0.00,0.00,0.0,0.000,0.000,14.453,28.565,0.00
1786301054,bench_mixed,0.00,0.00,0.0,0.000,0.000,14.453,28.563,0.00
1786301060,bench_mixed,0.00,0.00,0.0,0.000,0.000,14.453,28.563,0.00
1786301065,bench_mixed,0.00,0.00,0.0,0.000,0.000,14.453,28.562,0.00
1786301070,bench_mixed,0.00,0.00,0.0,0.000,0.000,14.453,28.562,0.00
1786301075,bench_mixed,0.00,0.00,0.0,0.000,0.000,14.453,28.563,0.00
1786301080,bench_mixed,0.00,0.00,0.0,0.000,0.000,14.453,28.563,0.00
1786301085,bench_mixed,0.00,0.00,0.0,0.000,0.000,14.453,28.563,0.00
1786301090,bench_mixed,0.00,0.00,0.0,0.000,0.000,14.453,28.564,0.00
1786301095,bench_mixed,0.00,0.00,0.0,0.000,0.000,14.453,28.562,0.00
1786301100,bench_mixed,0.00,0.00,0.0,0.000,0.000,14.453,28.565,0.00
1786301105,bench_mixed,0.00,0.00,0.0,0.000,0.000,14.453,28.564,0.00
1786301110,bench_mixed,0.00,0.00,0.0,0.000,0.000,14.453,28.551,0.06
1786301115,bench_mixed,0.00,0.00,0.0,0.000,0.000,14.453,28.551,0.00
1786301120,bench_mixed,0.00,0.00,0.0,0.000,0.000,14.453,28.551,0.00
1786301125,bench_mixed,0.00,0.00,0.0,0.000,0.000,14.453,28.554,0.00
1786301130,bench_mixed,0.00,0.00,0.0,0.000,0.000,14.453,28.554,0.00
1786301135,bench_mixed,0.00,0.00,0.0,0.000,0.000,14.453,28.556,0.00
1786301140,bench_mixed,0.00,0.00,0.0,0.000,0.000,14.453,28.556,0.00
1786301145,bench_mixed,0.00,0.00,0.0,0.000,0.000,14.453,28.556,0.00
1786301151,bench_mixed,0.00,0.00,0.0,0.000,0.000,14.453,28.556,0.00
1786301156,bench_mixed,0.00,0.00,0.0,0.000,0.000,14.453,28.558,0.00
1786301161,bench_mixed,0.00,0.00,0.0,0.000,0.000,14.453,28.558,0.00
1786301166,bench_mixed,0.00,0.00,0.0,0.000,0.000,14.453,28.559,0.00
1786301171,bench_mixed,0.00,0.00,0.0,0.000,0.000,14.453,28.558,0.00
1786301176,bench_mixed,0.00,0.00,0.0,0.000,0.000,14.453,28.552,0.00
1786301181,bench_mixed,0.00,0.00,0.0,0.000,0.000,14.453,28.561,0.00
1786301186,bench_mixed,0.00,0.00,0.0,0.000,0.000,14.453,28.561,0.00
1786301191,bench_mixed,0.00,0.00,0.0,0.000,0.000,14.453,28.560,0.00
1786301196,bench_mixed,0.00,0.00,0.0,0.000,0.000,14.453,28.561,0.00
1786301201,bench_mixed,0.00,0.00,0.0,0.000,0.000,14.453,28.560,0.00
1786301206,bench_mixed,0.00,0.00,0.0,0.000,0.000,14.453,28.559,0.00
1786301211,bench_mixed,0.00,0.00,0.0,0.000,0.000,14.453,28.561,0.00
1786301216,bench_mixed,0.00,0.00,0.0,0.000,0.000,14.453,28.561,0.00
1786301221,bench_mixed,0.00,0.00,0.0,0.000,0.000,14.453,28.566,0.00
1786301226,bench_mixed,0.00,0.00,0.0,0.000,0.000,14.453,28.566,0.00
1786301231,bench_mixed,0.00,0.00,0.0,0.000,0.000,14.453,28.566,0.00
1786301236,bench_mixed,0.00,0.00,0.0,0.000,0.000,14.453,28.565,0.00
1786301241,bench_mixed,0.00,0.00,0.0,0.000,0.000,14.453,28.565,0.00
1786301246,bench_mixed,0.00,0.00,0.0,0.000,0.000,14.453,28.565,0.00
1786301252,bench_mixed,0.00,0.00,0.0,0.000,0.000,14.453,28.565,0.00
1786301257,bench_mixed,0.00,0.00,0.0,0.000,0.000,14.453,28.564,0.00
1786301262,bench_mixed,0.00,0.00,0.0,0.000,0.000,14.453,28.563,0.00
1786301267,bench_mixed,0.00,0.00,0.0,0.000,0.000,14.453,28.563,0.00
1786301272,bench_mixed,0.00,0.00,0.0,0.000,0.000,14.453,28.562,0.00
1786301277,bench_mixed,0.00,0.00,0.0,0.000,0.000,14.453,28.562,0.00
1786301282,bench_mixed,0.00,0.00,0.0,0.000,0.000,14.453,28.564,0.00
1786301287,bench_mixed,0.00,0.00,0.0,0.000,0.000,14.453,28.563,0.00
1786301292,bench_mixed,0.00,0.00,0.0,0.000,0.000,14.453,28.563,0.00
1786301297,bench_mixed,0.00,0.00,0.0,0.000,0.000,14.453,28.562,0.00
1786301302,bench_mixed,0.00,0.00,0.0,0.000,0.000,14.453,28.561,0.00
1786301307,bench_mixed,0.00,0.00,0.0,0.000,0.000,14.453,28.561,0.00
1786301312,bench_mixed,0.00,0.00,0.0,0.000,0.000,14.453,28.563,0.00
1786301317,bench_mixed,0.00,0.00,0.0,0.000,0.000,14.453,28.563,0.00
1786301322,bench_mixed,0.00,0.00,0.0,0.000,0.000,14.453,28.565,0.00
1786301327,bench_mixed,0.00,0.00,0.0,0.000,0.000,14.453,28.565,0.00
1786301332,bench_mixed,0.00,0.00,0.0,0.000,0.000,14.453,28.566,0.00
1786301337,bench_mixed,0.00,0.00,0.0,0.000,0.000,14.453,28.566,0.00
1786301342,bench_mixed,0.00,0.00,0.0,0.000,0.000,14.453,28.567,0.00
1786301348,bench_mixed,0.00,0.00,0.0,0.000,0.000,14.453,28.565,0.00
1786301353,bench_mixed,0.00,0.00,0.0,0.000,0.000,14.453,28.564,0.00
1786301358,bench_mixed,0.00,0.00,0.0,0.000,0.000,14.453,28.564,0.00
1786301363,bench_mixed,0.00,0.00,0.0,0.000,0.000,14.453,28.563,0.00
1786301368,bench_mixed,0.00,0.00,0.0,0.000,0.000,14.453,28.564,0.00
1786301373,bench_mixed,0.00,0.00,0.0,0.000,0.000,14.453,28.564,0.00
1786301378,bench_mixed,0.00,0.00,0.0,0.000,0.000,14.453,28.564,0.00
1786301383,bench_mixed,0.00,0.00,0.0,0.000,0.000,14.453,28.564,0.00
1786301388,bench_mixed,0.00,0.00,0.0,0.000,0.000,14.453,28.564,0.00
1786301393,bench_mixed,0.00,0.00,0.0,0.000,0.000,14.453,28.563,0.00
1786301398,bench_mixed,0.00,0.00,0.0,0.000,0.000,14.453,28.563,0.00
1786301403,bench_mixed,0.00,0.00,0.0,0.000,0.000,14.453,28.561,0.00
1786301408,bench_mixed,0.00,0.00,0.0,0.000,0.000,14.453,28.547,0.05
1786301413,bench_mixed,0.00,0.00,0.0,0.000,0.000,14.453,28.546,0.00
1786301418,bench_mixed,0.00,0.00,0.0,0.000,0.000,14.453,28.546,0.00
1786301423,bench_mixed,0.00,0.00,0.0,0.000,0.000,14.453,28.550,0.00
1786301428,bench_mixed,0.00,0.00,0.0,0.000,0.000,14.453,28.550,0.00
1786301433,bench_mixed,0.00,0.00,0.0,0.000,0.000,14.453,28.556,0.00
1786301438,bench_mixed,0.00,0.00,0.0,0.000,0.000,14.453,28.555,0.00
1786301444,bench_mixed,0.00,0.00,0.0,0.000,0.000,14.453,28.553,0.00
1786301449,bench_mixed,0.00,0.00,0.0,0.000,0.000,14.453,28.554,0.00
1786301454,bench_mixed,0.00,0.00,0.0,0.000,0.000,14.453,28.555,0.00
1786301459,bench_mixed,0.00,0.00,0.0,0.000,0.000,14.453,28.555,0.00
1786301464,bench_mixed,0.00,0.00,0.0,0.000,0.000,14.453,28.557,0.00
1786301469,bench_mixed,0.00,0.00,0.0,0.000,0.000,14.453,28.558,0.00
1786301474,bench_mixed,0.00,0.00,0.0,0.000,0.000,14.453,28.559,0.00
1786301479,bench_mixed,0.00,0.00,0.0,0.000,0.000,14.453,28.559,0.00
1786301484,bench_mixed,0.00,0.00,0.0,0.000,0.000,14.453,28.559,0.00
1786301489,bench_mixed,0.00,0.00,0.0,0.000,0.000,14.453,28.560,0.00
1786301494,bench_mixed,0.00,0.00,0.0,0.000,0.000,14.453,28.560,0.00
1786301499,bench_mixed,0.00,0.00,0.0,0.000,0.000,14.453,28.560,0.00
1786301504,bench_mixed,0.00,0.00,0.0,0.000,0.000,14.453,28.562,0.00
1786301509,bench_mixed,0.00,0.00,0.0,0.000,0.000,14.453,28.562,0.00
1786301514,bench_mixed,0.00,0.00,0.0,0.000,0.000,14.453,28.561,0.00
1786301519,bench_mixed,0.00,0.00,0.0,0.000,0.000,14.453,28.562,0.00
1786301524,bench_mixed,0.00,0.00,0.0,0.000,0.000,14.453,28.561,0.00
1786301529,bench_mixed,0.00,0.00,0.0,0.000,0.000,14.453,28.562,0.00
1786301534,bench_mixed,0.00,0.00,0.0,0.000,0.000,14.453,28.551,0.00
1786301540,bench_mixed,0.00,0.00,0.0,0.000,0.000,14.453,28.560,0.00
1786301545,bench_mixed,0.00,0.00,0.0,0.000,0.000,14.453,28.560,0.00
1786301550,bench_mixed,0.00,0.00,0.0,0.000,0.000,14.453,28.556,0.00
1786301555,bench_mixed,0.00,0.00,0.0,0.000,0.000,14.453,28.556,0.00
1786301560,bench_mixed,0.00,0.00,0.0,0.000,0.000,14.453,28.558,0.00
1786301565,bench_mixed,0.00,0.00,0.0,0.000,0.000,14.453,28.558,0.00
1786301570,bench_mixed,0.00,0.00,0.0,0.000,0.000,14.453,28.559,0.00
1786301575,bench_mixed,0.00,0.00,0.0,0.000,0.000,14.453,28.559,0.00
1786301580,bench_mixed,0.00,0.00,0.0,0.000,0.000,14.453,28.561,0.00
1786301585,bench_mixed,0.00,0.00,0.0,0.000,0.000,14.453,28.563,0.00
1786301590,bench_mixed,0.00,0.00,0.0,0.000,0.000,14.453,28.563,0.00
1786301595,bench_mixed,0.00,0.00,0.0,0.000,0.000,14.453,28.563,0.00
1786301600,bench_mixed,0.00,0.00,0.0,0.000,0.000,14.453,28.563,0.00
1786301605,bench_mixed,0.00,0.00,0.0,0.000,0.000,14.453,28.562,0.00
1786301610,bench_mixed,0.00,0.00,0.0,0.000,0.000,14.453,28.567,0.00
1786301615,bench_mixed,0.00,0.00,0.0,0.000,0.000,14.453,28.566,0.00
1786301620,bench_mixed,0.00,0.00,0.0,0.000,0.000,14.453,28.568,0.00
1786301625,bench_mixed,0.00,0.00,0.0,0.000,0.000,14.453,28.568,0.00
1786301631,bench_mixed,0.00,0.00,0.0,0.000,0.000,14.453,28.567,0.00
1786301636,bench_mixed,0.00,0.00,0.0,0.000,0.000,14.453,28.568,0.00
1786301641,bench_mixed,0.00,0.00,0.0,0.000,0.000,14.453,28.566,0.00
1786301646,bench_mixed,0.00,0.00,0.0,0.000,0.000,14.453,28.566,0.00
1786301651,bench_mixed,0.00,0.00,0.0,0.000,0.000,14.453,28.564,0.00
1786301656,bench_mixed,0.00,0.00,0.0,0.000,0.000,14.453,28.565,0.00
1786301661,bench_mixed,0.00,0.00,0.0,0.000,0.000,14.453,28.564,0.00
1786301666,bench_mixed,0.00,0.00,0.0,0.000,0.000,14.453,28.565,0.00
1786301671,bench_mixed,0.00,0.00,0.0,0.000,0.000,14.453,28.564,0.00
1786301676,bench_mixed,0.00,0.00,0.0,0.000,0.000,14.453,28.565,0.00
1786301681,bench_mixed,0.00,0.00,0.0,0.000,0.000,14.453,28.565,0.00
1786301686,bench_mixed,0.00,0.00,0.0,0.000,0.000,14.453,28.565,0.00
1786301691,bench_mixed,0.00,0.00,0.1,0.000,0.000,14.453,28.566,0.00
1786301696,bench_mixed,0.00,0.00,0.0,0.000,0.000,14.453,28.566,0.00
1786301701,bench_mixed,0.00,0.00,0.0,0.000,0.000,14.453,28.566,0.00
1786301706,bench_mixed,0.00,0.00,0.0,0.000,0.000,14.453,28.561,0.01
1786301711,bench_mixed,0.00,0.00,0.0,0.000,0.000,14.453,28.550,0.05
1786301716,bench_mixed,0.00,0.00,0.0,0.000,0.000,14.453,28.550,0.00
1786301721,bench_mixed,0.00,0.00,0.1,0.000,0.000,14.453,28.549,0.00
1786301727,bench_mixed,0.00,0.00,0.0,0.000,0.000,14.453,28.549,0.00
1786301732,bench_mixed,0.00,0.00,0.0,0.000,0.000,14.453,28.555,0.00
1786301737,bench_mixed,0.00,0.00,0.0,0.000,0.000,14.453,28.554,0.00
1786301742,bench_mixed,0.00,0.00,0.0,0.000,0.000,14.453,28.554,0.00
1786301747,bench_mixed,0.00,0.00,0.0,0.000,0.000,14.453,28.554,0.00
1786301752,bench_mixed,0.00,0.00,0.0,0.000,0.000,14.453,28.553,0.00
1786301757,bench_mixed,0.00,0.00,0.0,0.000,0.000,14.453,28.554,0.00
1786301762,bench_mixed,0.00,0.00,0.0,0.000,0.000,14.453,28.553,0.00
1786301767,bench_mixed,0.00,0.00,0.0,0.000,0.000,14.453,28.553,0.00
1786301772,bench_mixed,0.00,0.00,0.0,0.000,0.000,14.453,28.554,0.00
1786301777,bench_mixed,0.00,0.00,0.0,0.000,0.000,14.453,28.552,0.00
1786301782,bench_mixed,0.00,0.00,0.0,0.000,0.000,14.453,28.552,0.00
1786301787,bench_mixed,0.00,0.00,0.0,0.000,0.000,14.453,28.553,0.00
1786301792,bench_mixed,0.00,0.00,0.0,0.000,0.000,14.453,28.552,0.00
1786301797,bench_mixed,0.00,0.00,0.0,0.000,0.000,14.453,28.553,0.00
1786301802,bench_mixed,0.00,0.00,0.0,0.000,0.000,14.453,28.553,0.00
1786301807,bench_mixed,0.00,0.00,0.0,0.000,0.000,14.453,28.553,0.00
1786301812,bench_mixed,0.00,0.00,0.0,0.000,0.000,14.453,28.551,0.00
1786301817,bench_mixed,0.00,0.00,0.0,0.000,0.000,14.453,28.552,0.00
1786301823,bench_mixed,0.00,0.00,0.0,0.000,0.000,14.453,28.550,0.00
1786301828,bench_mixed,0.00,0.00,0.0,0.000,0.000,14.453,28.550,0.00
1786301833,bench_mixed,0.00,0.00,0.0,0.000,0.000,14.453,28.549,0.00
1786301838,bench_mixed,0.00,0.00,0.0,0.000,0.000,14.453,28.547,0.00
1786301843,bench_mixed,0.00,0.00,0.0,0.000,0.000,14.453,28.545,0.00
1786301848,bench_mixed,0.00,0.00,0.0,0.000,0.000,14.453,28.545,0.00
1786301853,bench_mixed,0.00,0.00,0.0,0.000,0.000,14.453,28.547,0.00
1786301858,bench_mixed,0.00,0.00,0.0,0.000,0.000,14.453,28.547,0.00
1786301863,bench_mixed,0.00,0.00,0.0,0.000,0.000,14.453,28.547,0.00
1786301868,bench_mixed,0.00,0.00,0.0,0.000,0.000,14.453,28.547,0.00
1786301873,bench_mixed,0.00,0.00,0.0,0.000,0.000,14.453,28.551,0.00
1786301878,bench_mixed,0.00,0.00,0.0,0.000,0.000,14.453,28.551,0.00
1786301883,bench_mixed,0.00,0.00,0.0,0.000,0.000,14.453,28.550,0.00
1786301888,bench_mixed,0.00,0.00,0.0,0.000,0.000,14.453,28.551,0.00
1786301893,bench_mixed,0.00,0.00,0.0,0.000,0.000,14.453,28.544,0.00
1786301898,bench_mixed,0.00,0.00,0.0,0.000,0.000,14.453,28.553,0.00
1786301903,bench_mixed,0.00,0.00,0.0,0.000,0.000,14.453,28.552,0.00
1786301908,bench_mixed,0.00,0.00,0.0,0.000,0.000,14.453,28.554,0.00
1786301913,bench_mixed,0.00,0.00,0.0,0.000,0.000,14.453,28.554,0.00
1786301919,bench_mixed,0.00,0.00,0.0,0.000,0.000,14.453,28.554,0.00
1786301924,bench_mixed,0.00,0.00,0.0,0.000,0.000,14.453,28.554,0.00
1786301929,bench_mixed,0.00,0.00,0.0,0.000,0.000,14.453,28.555,0.00
1786301934,bench_mixed,0.00,0.00,0.0,0.000,0.000,14.453,28.555,0.00
1786301939,bench_mixed,0.00,0.00,0.0,0.000,0.000,14.453,28.558,0.00
1786301944,bench_mixed,0.00,0.00,0.0,0.000,0.000,14.453,28.558,0.00
1786301949,bench_mixed,0.00,0.00,0.0,0.000,0.000,14.453,28.556,0.00
1786301954,bench_mixed,0.00,0.00,0.0,0.000,0.000,14.453,28.556,0.00
1786301959,bench_mixed,0.00,0.00,0.0,0.000,0.000,14.453,28.554,0.00
1786301964,bench_mixed,0.00,0.00,0.0,0.000,0.000,14.453,28.556,0.00
1786301969,bench_mixed,0.00,0.00,0.0,0.000,0.000,14.453,28.557,0.00
1786301974,bench_mixed,0.00,0.00,0.0,0.000,0.000,14.453,28.559,0.00
1786301979,bench_mixed,0.00,0.00,0.0,0.000,0.000,14.453,28.559,0.00
1786301984,bench_mixed,0.00,0.00,0.0,0.000,0.000,14.453,28.559,0.00
1786301989,bench_mixed,0.00,0.00,0.0,0.000,0.000,14.453,28.559,0.00
1786301994,bench_mixed,0.00,0.00,0.0,0.000,0.000,14.453,28.559,0.00
1786301999,bench_mixed,0.00,0.00,0.0,0.000,0.000,14.453,28.559,0.00
1786302004,bench_mixed,0.00,0.00,0.0,0.000,0.000,14.453,28.559,0.00
1786302009,bench_mixed,0.00,0.00,0.0,0.000,0.000,14.453,28.545,0.06
1786302015,bench_mixed,0.00,0.00,0.0,0.000,0.000,14.453,28.546,0.00
1786302020,bench_mixed,0.00,0.00,0.0,0.000,0.000,14.453,28.547,0.00
1786302025,bench_mixed,0.00,0.00,0.0,0.000,0.000,14.453,28.544,0.00
1786302030,bench_mixed,0.00,0.00,0.0,0.000,0.000,14.453,28.548,0.00
1786302035,bench_mixed,0.00,0.00,0.0,0.000,0.000,14.453,28.548,0.00
1786302040,bench_mixed,0.00,0.00,0.0,0.000,0.000,14.453,28.548,0.00
1786302045,bench_mixed,0.00,0.00,0.0,0.000,0.000,14.453,28.548,0.00
1786302050,bench_mixed,0.00,0.00,0.0,0.000,0.000,14.453,28.548,0.00
1786302055,bench_mixed,0.00,0.00,0.0,0.000,0.000,14.453,28.548,0.00
1786302060,bench_mixed,0.00,0.00,0.0,0.000,0.000,14.453,28.550,0.00
1786302065,bench_mixed,0.00,0.00,0.0,0.000,0.000,14.453,28.550,0.00
1786302070,bench_mixed,0.00,0.00,0.0,0.000,0.000,14.453,28.553,0.00
1786302075,bench_mixed,0.00,0.00,0.0,0.000,0.000,14.453,28.553,0.00
1786302080,bench_mixed,0.00,0.00,0.0,0.000,0.000,14.453,28.554,0.00
1786302085,bench_mixed,0.00,0.00,0.0,0.000,0.000,14.453,28.554,0.00
1786302090,bench_mixed,0.00,0.00,0.0,0.000,0.000,14.453,28.550,0.00
1786302095,bench_mixed,0.00,0.00,0.0,0.000,0.000,14.453,28.551,0.00
1786302100,bench_mixed,0.00,0.00,0.0,0.000,0.000,14.453,28.550,0.00
1786302105,bench_mixed,0.00,0.00,0.0,0.000,0.000,14.453,28.551,0.00
1786302111,bench_mixed,0.00,0.00,0.0,0.000,0.000,14.453,28.550,0.00
1786302116,bench_mixed,0.00,0.00,0.0,0.000,0.000,14.453,28.550,0.00
1786302121,bench_mixed,0.00,0.00,0.0,0.000,0.000,14.453,28.551,0.00
1786302126,bench_mixed,0.00,0.00,0.0,0.000,0.000,14.453,28.551,0.00
1786302131,bench_mixed,0.00,0.00,0.0,0.000,0.000,14.453,28.552,0.00
1786302136,bench_mixed,0.00,0.00,0.0,0.000,0.000,14.453,28.552,0.00
1786302141,bench_mixed,0.00,0.00,0.0,0.000,0.000,14.453,28.552,0.00
1786302146,bench_mixed,0.00,0.00,0.0,0.000,0.000,14.453,28.552,0.00
1786302151,bench_mixed,0.00,0.00,0.0,0.000,0.000,14.453,28.547,0.00
1786302156,bench_mixed,0.00,0.00,0.0,0.000,0.000,14.453,28.551,0.00
1786302161,bench_mixed,0.00,0.00,0.0,0.000,0.000,14.453,28.549,0.00
1786302166,bench_mixed,0.00,0.00,0.0,0.000,0.000,14.453,28.550,0.00
1786302171,bench_mixed,0.00,0.00,0.0,0.000,0.000,14.453,28.551,0.00
1786302176,bench_mixed,0.00,0.00,0.0,0.000,0.000,14.453,28.552,0.00
1786302181,bench_mixed,0.00,0.00,0.0,0.000,0.000,14.453,28.553,0.00
1786302186,bench_mixed,0.00,0.00,0.0,0.000,0.000,14.453,28.554,0.00
1786302191,bench_mixed,0.00,0.00,0.0,0.000,0.000,14.453,28.555,0.00
1786302196,bench_mixed,0.00,0.00,0.0,0.000,0.000,14.453,28.556,0.00
1786302201,bench_mixed,0.00,0.00,0.0,0.000,0.000,14.453,28.557,0.00
1786302207,bench_mixed,0.00,0.00,0.0,0.000,0.000,14.453,28.557,0.00
1786302212,bench_mixed,0.00,0.00,0.0,0.000,0.000,14.453,28.554,0.00
1786302217,bench_mixed,0.00,0.00,0.0,0.000,0.000,14.453,28.556,0.00
1786302222,bench_mixed,0.00,0.00,0.0,0.000,0.000,14.453,28.556,0.00
1786302227,bench_mixed,0.00,0.00,0.0,0.000,0.000,14.453,28.556,0.00
1786302232,bench_mixed,0.00,0.00,0.0,0.000,0.000,14.453,28.557,0.00
1786302237,bench_mixed,0.00,0.00,0.0,0.000,0.000,14.453,28.557,0.00
1786302242,bench_mixed,0.00,0.00,0.0,0.000,0.000,14.453,28.559,0.00
1786302247,bench_mixed,0.00,0.00,0.0,0.000,0.000,14.453,28.558,0.00
1786302252,bench_mixed,0.00,0.00,0.0,0.000,0.000,14.453,28.556,0.00
1786302257,bench_mixed,0.00,0.00,0.0,0.000,0.000,14.453,28.557,0.00
1786302262,bench_mixed,0.00,0.00,0.0,0.000,0.000,14.453,28.557,0.00
1786302267,bench_mixed,0.00,0.00,0.0,0.000,0.000,14.453,28.560,0.00
1786302272,bench_mixed,0.00,0.00,0.0,0.000,0.000,14.453,28.560,0.00
1786302277,bench_mixed,0.00,0.00,0.0,0.000,0.000,14.453,28.559,0.00
1786302282,bench_mixed,0.00,0.00,0.0,0.000,0.000,14.453,28.558,0.00
1786302287,bench_mixed,0.00,0.00,0.0,0.000,0.000,14.453,28.559,0.00
1786302292,bench_mixed,0.00,0.00,0.0,0.000,0.000,14.453,28.559,0.00
1786302297,bench_mixed,0.00,0.00,0.0,0.000,0.000,14.453,28.556,0.00
1786302303,bench_mixed,0.00,0.00,0.0,0.000,0.000,14.453,28.555,0.00
1786302308,bench_mixed,0.00,0.00,0.0,0.000,0.000,14.453,28.543,0.04
1786302313,bench_mixed,0.00,0.00,0.0,0.000,0.000,14.453,28.542,0.01
1786302318,bench_mixed,0.00,0.00,0.0,0.000,0.000,14.453,28.544,0.00
1786302323,bench_mixed,0.00,0.00,0.0,0.000,0.000,14.453,28.544,0.00
1786302328,bench_mixed,0.00,0.00,0.0,0.000,0.000,14.453,28.547,0.00
1786302333,bench_mixed,0.00,0.00,0.0,0.000,0.000,14.453,28.547,0.00
1786302338,bench_mixed,0.00,0.00,0.0,0.000,0.000,14.453,28.546,0.00
1786302343,bench_mixed,0.00,0.00,0.0,0.000,0.000,14.453,28.545,0.00
1786302348,bench_mixed,0.00,0.00,0.0,0.000,0.000,14.453,28.548,0.00
1786302353,bench_mixed,0.00,0.00,0.0,0.000,0.000,14.453,28.548,0.00
1786302358,bench_mixed,0.00,0.00,0.0,0.000,0.000,14.453,28.549,0.00
1786302363,bench_mixed,0.00,0.00,0.0,0.000,0.000,14.453,28.549,0.00
1786302368,bench_mixed,0.00,0.00,0.0,0.000,0.000,14.453,28.549,0.00
1786302373,bench_mixed,0.00,0.00,0.0,0.000,0.000,14.453,28.549,0.00
1786302378,bench_mixed,0.00,0.00,0.0,0.000,0.000,14.453,28.549,0.00
1786302383,bench_mixed,0.00,0.00,0.0,0.000,0.000,14.453,28.549,0.00
1786302388,bench_mixed,0.00,0.00,0.0,0.000,0.000,14.453,28.548,0.00
1786302393,bench_mixed,0.00,0.00,0.0,0.000,0.000,14.453,28.548,0.00
1786302399,bench_mixed,0.00,0.00,0.0,0.000,0.000,14.453,28.547,0.00
1786302404,bench_mixed,0.00,0.00,0.0,0.000,0.000,14.453,28.547,0.00
1786302409,bench_mixed,0.00,0.00,0.0,0.000,0.000,14.453,28.546,0.00
1786302414,bench_mixed,0.00,0.00,0.0,0.000,0.000,14.453,28.549,0.00
1786302419,bench_mixed,0.00,0.00,0.0,0.000,0.000,14.453,28.548,0.00
1786302424,bench_mixed,0.00,0.00,0.0,0.000,0.000,14.453,28.548,0.00
1786302429,bench_mixed,0.00,0.00,0.0,0.000,0.000,14.453,28.550,0.00
1786302434,bench_mixed,0.00,0.00,0.0,0.000,0.000,14.453,28.550,0.00
1786302439,bench_mixed,0.00,0.00,0.0,0.000,0.000,14.453,28.548,0.00
1786302444,bench_mixed,0.00,0.00,0.0,0.000,0.000,14.453,28.549,0.00
1786302449,bench_mixed,0.00,0.00,0.0,0.000,0.000,14.453,28.549,0.00
1786302454,bench_mixed,0.00,0.00,0.0,0.000,0.000,14.453,28.550,0.00
1786302459,bench_mixed,0.00,0.00,0.0,0.000,0.000,14.453,28.548,0.00
1786302464,bench_mixed,0.00,0.00,0.0,0.000,0.000,14.453,28.549,0.00
1786302469,bench_mixed,0.00,0.00,0.0,0.000,0.000,14.453,28.548,0.00
1786302474,bench_mixed,0.00,0.00,0.0,0.000,0.000,14.453,28.546,0.00
1786302479,bench_mixed,0.00,0.00,0.0,0.000,0.000,14.453,28.551,0.00
1786302484,bench_mixed,0.00,0.00,0.0,0.000,0.000,14.453,28.550,0.00
1786302489,bench_mixed,0.00,0.00,0.0,0.000,0.000,14.453,28.552,0.00
1786302495,bench_mixed,0.00,0.00,0.0,0.000,0.000,14.453,28.552,0.00
1786302500,bench_mixed,0.00,0.00,0.0,0.000,0.000,14.453,28.553,0.00
1786302505,bench_mixed,0.00,0.00,0.0,0.000,0.000,14.453,28.554,0.00
1786302510,bench_mixed,0.00,0.00,0.0,0.000,0.000,14.453,28.554,0.00
1786302515,bench_mixed,0.00,0.00,0.0,0.000,0.000,14.453,28.554,0.00
1786302520,bench_mixed,0.00,0.00,0.0,0.000,0.000,14.453,28.552,0.00
1786302525,bench_mixed,0.00,0.00,0.0,0.000,0.000,14.453,28.553,0.00
1786302530,bench_mixed,0.00,0.00,0.0,0.000,0.000,14.453,28.553,0.00
1786302535,bench_mixed,0.00,0.00,0.0,0.000,0.000,14.453,28.553,0.00
1786302540,bench_mixed,0.00,0.00,0.0,0.000,0.000,14.453,28.553,0.00
1786302545,bench_mixed,0.00,0.00,0.0,0.000,0.000,14.453,28.553,0.00
1786302550,bench_mixed,0.00,0.00,0.0,0.000,0.000,14.453,28.551,0.00
1786302555,bench_mixed,0.00,0.00,0.0,0.000,0.000,14.453,28.552,0.00
1786302560,bench_mixed,0.00,0.00,0.0,0.000,0.000,14.453,28.552,0.00
1786302565,bench_mixed,0.00,0.00,0.0,0.000,0.000,14.453,28.553,0.00
1786302570,bench_mixed,0.00,0.00,0.0,0.000,0.000,14.453,28.556,0.00
1786302575,bench_mixed,0.00,0.00,0.0,0.000,0.000,14.453,28.558,0.00
1786302580,bench_mixed,0.00,0.00,0.0,0.000,0.000,14.453,28.556,0.00
1786302585,bench_mixed,0.00,0.00,0.0,0.000,0.000,14.453,28.557,0.00
1786302591,bench_mixed,0.00,0.00,0.0,0.000,0.000,14.453,28.557,0.00
1786302596,bench_mixed,0.00,0.00,0.0,0.000,0.000,14.453,28.557,0.00
1786302601,bench_mixed,0.00,0.00,0.0,0.000,0.000,14.453,28.553,0.00
1786302606,bench_mixed,0.00,0.00,0.0,0.000,0.000,14.453,28.556,0.00
1786302611,bench_mixed,0.00,0.00,0.0,0.000,0.000,14.453,28.543,0.06
1786302616,bench_mixed,0.00,0.00,0.0,0.000,0.000,14.453,28.543,0.00
1786302621,bench_mixed,0.00,0.00,0.0,0.000,0.000,14.453,28.544,0.00
1786302626,bench_mixed,0.00,0.00,0.0,0.000,0.000,14.453,28.543,0.00
1786302631,bench_mixed,0.00,0.00,0.0,0.000,0.000,14.453,28.543,0.00
1786302636,bench_mixed,0.00,0.00,0.0,0.000,0.000,14.453,28.542,0.00
1786302641,bench_mixed,0.00,0.00,0.0,0.000,0.000,14.453,28.542,0.00
1786302646,bench_mixed,0.00,0.00,0.0,0.000,0.000,14.453,28.545,0.00
1786302651,bench_mixed,0.00,0.00,0.0,0.000,0.000,14.453,28.546,0.00
1786302656,bench_mixed,0.00,0.00,0.0,0.000,0.000,14.453,28.546,0.00
1786302661,bench_mixed,0.00,0.00,0.0,0.000,0.000,14.453,28.542,0.00
1786302666,bench_mixed,0.00,0.00,0.0,0.000,0.000,14.453,28.546,0.00
1786302671,bench_mixed,0.00,0.00,0.0,0.000,0.000,14.453,28.547,0.00
1786302676,bench_mixed,0.00,0.00,0.0,0.000,0.000,14.453,28.545,0.00
1786302681,bench_mixed,0.00,0.00,0.0,0.000,0.000,14.453,28.545,0.00
1786302687,bench_mixed,0.00,0.00,0.0,0.000,0.000,14.453,28.548,0.00
1786302692,bench_mixed,0.00,0.00,0.0,0.000,0.000,14.453,28.547,0.00
1786302697,bench_mixed,0.00,0.00,0.0,0.000,0.000,14.453,28.551,0.00
1786302702,bench_mixed,0.00,0.00,0.0,0.000,0.000,14.453,28.551,0.00
1786302707,bench_mixed,0.00,0.00,0.0,0.000,0.000,14.453,28.550,0.00
1786302712,bench_mixed,0.00,0.00,0.0,0.000,0.000,14.453,28.551,0.00
1786302717,bench_mixed,0.00,0.00,0.0,0.000,0.000,14.453,28.551,0.00
1786302722,bench_mixed,0.00,0.00,0.0,0.000,0.000,14.453,28.551,0.00
1786302727,bench_mixed,0.00,0.00,0.0,0.000,0.000,14.453,28.550,0.00
1786302732,bench_mixed,0.00,0.00,0.0,0.000,0.000,14.453,28.549,0.00
1786302737,bench_mixed,0.00,0.00,0.0,0.000,0.000,14.453,28.547,0.00
1786302742,bench_mixed,0.00,0.00,0.0,0.000,0.000,14.453,28.547,0.00
1786302747,bench_mixed,0.00,0.00,0.0,0.000,0.000,14.453,28.545,0.00
1786302752,bench_mixed,0.00,0.00,0.0,0.000,0.000,14.453,28.545,0.00
1786302757,bench_mixed,0.00,0.00,0.0,0.000,0.000,14.453,28.543,0.00
1786302762,bench_mixed,0.00,0.00,0.0,0.000,0.000,14.453,28.543,0.00
1786302767,bench_mixed,0.00,0.00,0.0,0.000,0.000,14.453,28.542,0.00
1786302772,bench_mixed,0.00,0.00,0.0,0.000,0.000,14.453,28.542,0.00
1786302777,bench_mixed,0.00,0.00,0.0,0.000,0.000,14.453,28.544,0.00
1786302783,bench_mixed,0.00,0.00,0.0,0.000,0.000,14.453,28.544,0.00
1786302788,bench_mixed,0.00,0.00,0.0,0.000,0.000,14.453,28.541,0.00
1786302793,bench_mixed,0.00,0.00,0.0,0.000,0.000,14.453,28.544,0.00
1786302798,bench_mixed,0.00,0.00,0.0,0.000,0.000,14.453,28.545,0.00
1786302803,bench_mixed,0.00,0.00,0.0,0.000,0.000,14.453,28.545,0.00
1786302808,bench_mixed,0.00,0.00,0.0,0.000,0.000,14.453,28.548,0.00
1786302813,bench_mixed,0.00,0.00,0.0,0.000,0.000,14.453,28.547,0.00
1786302818,bench_mixed,0.00,0.00,0.0,0.000,0.000,14.453,28.546,0.00
1786302823,bench_mixed,0.00,0.00,0.0,0.000,0.000,14.453,28.546,0.00
1786302828,bench_mixed,0.00,0.00,0.0,0.000,0.000,14.453,28.543,0.00
1786302833,bench_mixed,0.00,0.00,0.0,0.000,0.000,14.453,28.544,0.00
1786302838,bench_mixed,0.00,0.00,0.0,0.000,0.000,14.453,28.544,0.00
1786302843,bench_mixed,0.00,0.00,0.0,0.000,0.000,14.453,28.543,0.00
1786302848,bench_mixed,0.00,0.00,0.0,0.000,0.000,14.453,28.541,0.00
1786302853,bench_mixed,0.00,0.00,0.0,0.000,0.000,14.453,28.537,0.00
1786302858,bench_mixed,0.00,0.00,0.0,0.000,0.000,14.453,28.541,0.00
1786302863,bench_mixed,0.00,0.00,0.0,0.000,0.000,14.453,28.541,0.00
1786302868,bench_mixed,0.00,0.00,0.0,0.000,0.000,14.453,28.542,0.00
1786302873,bench_mixed,0.00,0.00,0.0,0.000,0.000,14.453,28.543,0.00
1786302879,bench_mixed,0.00,0.00,0.0,0.000,0.000,14.453,28.545,0.00
1786302884,bench_mixed,0.00,0.00,0.0,0.000,0.000,14.453,28.546,0.00
1786302889,bench_mixed,0.00,0.00,0.0,0.000,0.000,14.453,28.546,0.00
1786302894,bench_mixed,0.00,0.00,0.0,0.000,0.000,14.453,28.546,0.00
1786302899,bench_mixed,0.00,0.00,0.0,0.000,0.000,14.453,28.544,0.00
1786302904,bench_mixed,0.00,0.00,0.0,0.000,0.000,14.453,28.543,0.00
1786302909,bench_mixed,0.00,0.00,0.0,0.000,0.000,14.453,28.531,0.06
1786302914,bench_mixed,0.00,0.00,0.0,0.000,0.000,14.453,28.532,0.00
1786302919,bench_mixed,0.00,0.00,0.0,0.000,0.000,14.453,28.536,0.00
1786302924,bench_mixed,0.00,0.00,0.0,0.000,0.000,14.453,28.536,0.00
1786302929,bench_mixed,0.00,0.00,0.0,0.000,0.000,14.453,28.534,0.00
1786302934,bench_mixed,0.00,0.00,0.0,0.000,0.000,14.453,28.535,0.00
1786302939,bench_mixed,0.00,0.00,0.0,0.000,0.000,14.453,28.533,0.00
1786302944,bench_mixed,0.00,0.00,0.0,0.000,0.000,14.453,28.534,0.00
1786302949,bench_mixed,0.00,0.00,0.0,0.000,0.000,14.453,28.538,0.00
1786302954,bench_mixed,0.00,0.00,0.0,0.000,0.000,14.453,28.538,0.00
1786302959,bench_mixed,0.00,0.00,0.0,0.000,0.000,14.453,28.537,0.00
1786302964,bench_mixed,0.00,0.00,0.0,0.000,0.000,14.453,28.537,0.00
1786302969,bench_mixed,0.00,0.00,0.0,0.000,0.000,14.453,28.532,0.00
1786302975,bench_mixed,0.00,0.00,0.0,0.000,0.000,14.453,28.535,0.00
1786302980,bench_mixed,0.00,0.00,0.0,0.000,0.000,14.453,28.536,0.00
1786302985,bench_mixed,0.00,0.00,0.0,0.000,0.000,14.453,28.536,0.00
1786302990,bench_mixed,0.00,0.00,0.0,0.000,0.000,14.453,28.536,0.00
1786302995,bench_mixed,0.00,0.00,0.0,0.000,0.000,14.453,28.535,0.00
1786303000,bench_mixed,0.00,0.00,0.0,0.000,0.000,14.453,28.534,0.00
1786303005,bench_mixed,0.00,0.00,0.0,0.000,0.000,14.453,28.534,0.00
1786303010,bench_mixed,0.00,0.00,0.0,0.000,0.000,14.453,28.534,0.00
1786303015,bench_mixed,0.00,0.00,0.0,0.000,0.000,14.453,28.535,0.00
1786303020,bench_mixed,0.00,0.00,0.0,0.000,0.000,14.453,28.535,0.00
1786303025,bench_mixed,0.00,0.00,0.0,0.000,0.000,14.453,28.535,0.00
1786303030,bench_mixed,0.00,0.00,0.0,0.000,0.000,14.453,28.536,0.00
1786303035,bench_mixed,0.00,0.00,0.0,0.000,0.000,14.453,28.536,0.00
1786303040,bench_mixed,0.00,0.00,0.0,0.000,0.000,14.453,28.536,0.00
1786303045,bench_mixed,0.00,0.00,0.0,0.000,0.000,14.453,28.532,0.00
1786303050,bench_mixed,0.00,0.00,0.0,0.000,0.000,14.453,28.532,0.00
1786303055,bench_mixed,0.00,0.00,0.0,0.000,0.000,14.453,28.532,0.00
1786303060,bench_mixed,0.00,0.00,0.0,0.000,0.000,14.453,28.532,0.00
1786303065,bench_mixed,0.00,0.00,0.0,0.000,0.000,14.453,28.533,0.00
1786303071,bench_mixed,0.00,0.00,0.0,0.000,0.000,14.453,28.534,0.00
1786303076,bench_mixed,0.00,0.00,0.0,0.000,0.000,14.453,28.534,0.00
1786303081,bench_mixed,0.00,0.00,0.0,0.000,0.000,14.453,28.534,0.00
1786303086,bench_mixed,0.00,0.00,0.0,0.000,0.000,14.453,28.534,0.00
1786303091,bench_mixed,0.00,0.00,0.0,0.000,0.000,14.453,28.535,0.00
1786303096,bench_mixed,0.00,0.00,0.0,0.000,0.000,14.453,28.536,0.00
1786303101,bench_mixed,0.00,0.00,0.0,0.000,0.000,14.453,28.532,0.00
1786303106,bench_mixed,0.00,0.00,0.0,0.000,0.000,14.453,28.534,0.00
1786303111,bench_mixed,0.00,0.00,0.0,0.000,0.000,14.453,28.534,0.00
1786303116,bench_mixed,0.00,0.00,0.0,0.000,0.000,14.453,28.536,0.00
1786303121,bench_mixed,0.00,0.00,0.0,0.000,0.000,14.453,28.536,0.00
1786303126,bench_mixed,0.00,0.00,0.0,0.000,0.000,14.453,28.540,0.00
1786303131,bench_mixed,0.00,0.00,0.0,0.000,0.000,14.453,28.541,0.00
1786303136,bench_mixed,0.00,0.00,0.0,0.000,0.000,14.453,28.540,0.00
1786303141,bench_mixed,0.00,0.00,0.0,0.000,0.000,14.453,28.540,0.00
1786303146,bench_mixed,0.00,0.00,0.0,0.000,0.000,14.453,28.539,0.00
1786303151,bench_mixed,0.00,0.00,0.0,0.000,0.000,14.453,28.540,0.00
1786303156,bench_mixed,0.00,0.00,0.0,0.000,0.000,14.453,28.539,0.00
1786303161,bench_mixed,0.00,0.00,0.0,0.000,0.000,14.453,28.539,0.00
1786303167,bench_mixed,0.00,0.00,0.0,0.000,0.000,14.453,28.541,0.00
1786303172,bench_mixed,0.00,0.00,0.0,0.000,0.000,14.453,28.540,0.00
1786303177,bench_mixed,0.00,0.00,0.0,0.000,0.000,14.453,28.543,0.00
1786303182,bench_mixed,0.00,0.00,0.0,0.000,0.000,14.453,28.541,0.00
1786303187,bench_mixed,0.00,0.00,0.0,0.000,0.000,14.453,28.540,0.00
1786303192,bench_mixed,0.00,0.00,0.0,0.000,0.000,14.453,28.540,0.00
1786303197,bench_mixed,0.00,0.00,0.0,0.000,0.000,14.453,28.539,0.00
1786303202,bench_mixed,0.00,0.00,0.0,0.000,0.000,14.453,28.539,0.00
