ts,phase,nvme_rd_mb_s,nvme_wr_mb_s,nvme_active_pct,cte_file_tier_gb,devshm_used_gb,clio_rss_gb,mem_avail_gb,nfs_rd_mb_s
1786215258,ingest,0.01,0.00,0.1,0.000,0.000,0.315,37.674,0.04
1786215263,ingest,0.00,0.00,0.0,0.000,0.000,0.504,37.485,0.00
1786215268,ingest,0.00,0.00,0.0,0.000,0.000,0.742,37.247,0.00
1786215273,ingest,0.00,0.00,0.1,0.000,0.000,0.873,37.114,0.00
1786215278,ingest,0.00,0.00,0.0,0.000,0.000,1.052,36.936,0.00
1786215284,ingest,0.00,0.00,0.0,0.000,0.000,1.235,36.754,0.00
1786215289,ingest,0.00,0.00,0.0,0.000,0.000,1.408,36.582,0.00
1786215294,ingest,0.00,0.00,0.0,0.000,0.000,1.591,36.403,0.00
1786215299,ingest,0.00,0.00,0.0,0.000,0.000,1.768,36.225,0.00
1786215304,ingest,0.00,0.01,0.1,0.000,0.000,1.950,36.040,0.00
1786215309,ingest,0.00,0.00,0.0,0.000,0.000,2.192,35.799,0.00
1786215314,ingest,0.00,0.00,0.0,0.000,0.000,2.306,35.687,0.00
1786215319,ingest,0.00,0.00,0.0,0.000,0.000,2.479,35.514,0.00
1786215324,ingest,0.00,0.00,0.0,0.000,0.000,2.642,35.352,0.00
1786215329,ingest,0.00,0.00,0.0,0.000,0.000,2.821,35.173,0.00
1786215334,ingest,0.00,0.00,0.1,0.000,0.000,2.996,35.001,0.00
1786215339,ingest,0.00,0.00,0.0,0.000,0.000,3.163,34.834,0.00
1786215344,ingest,0.00,0.00,0.0,0.000,0.000,3.344,34.655,0.00
1786215349,ingest,0.00,0.00,0.0,0.000,0.000,3.529,34.470,0.00
1786215354,ingest,0.00,0.00,0.0,0.000,0.000,3.782,34.216,0.00
1786215359,ingest,0.00,0.00,0.0,0.000,0.000,3.975,34.022,0.00
1786215364,ingest,0.00,0.00,0.1,0.000,0.000,4.143,33.850,0.00
1786215369,ingest,0.00,0.00,0.0,0.000,0.000,4.234,33.760,0.00
1786215375,ingest,0.00,0.00,0.0,0.000,0.000,4.392,33.604,0.00
1786215380,ingest,0.00,0.00,0.0,0.000,0.000,4.486,33.510,0.00
1786215385,ingest,0.00,0.00,0.0,0.000,0.000,4.598,33.401,0.00
1786215390,ingest,0.00,0.00,0.0,0.000,0.000,4.771,33.228,0.00
1786215395,ingest,0.00,0.00,0.0,0.000,0.000,4.873,33.122,0.00
1786215400,ingest,0.00,0.00,0.0,0.000,0.000,5.051,32.942,0.00
1786215405,ingest,0.00,0.00,0.0,0.000,0.000,5.142,32.849,0.00
1786215410,ingest,0.00,0.00,0.0,0.000,0.000,5.388,32.602,0.00
1786215415,ingest,0.00,0.00,0.0,0.000,0.000,5.496,32.494,0.00
1786215420,ingest,0.00,0.00,0.0,0.000,0.000,5.675,32.317,0.00
1786215425,ingest,0.00,0.00,0.0,0.000,0.000,5.859,32.131,0.00
1786215430,ingest,0.00,0.00,0.0,0.000,0.000,6.026,31.963,0.00
1786215435,ingest,0.00,0.00,0.0,0.000,0.000,6.196,31.793,0.00
1786215440,ingest,0.00,0.00,0.0,0.000,0.000,6.381,31.610,0.00
1786215445,ingest,0.00,0.00,0.0,0.000,0.000,6.544,31.446,0.00
1786215450,ingest,0.00,0.00,0.0,0.000,0.000,6.729,31.262,0.00
1786215455,ingest,0.00,0.00,0.0,0.000,0.000,6.911,31.077,0.00
1786215460,ingest,0.00,0.00,0.0,0.000,0.000,7.086,30.901,0.00
1786215465,ingest,0.00,0.00,0.0,0.000,0.000,7.260,30.725,0.00
1786215471,ingest,0.00,0.00,0.0,0.000,0.000,7.367,30.618,0.00
1786215476,ingest,0.00,0.00,0.0,0.000,0.000,7.539,30.443,0.00
1786215481,ingest,0.00,0.00,0.0,0.000,0.000,7.718,30.266,0.00
1786215486,ingest,0.00,0.00,0.0,0.000,0.000,7.803,30.182,0.00
1786215491,ingest,0.00,0.00,0.0,0.000,0.000,7.984,30.000,0.00
1786215496,ingest,0.00,0.00,0.0,0.000,0.000,8.164,29.820,0.00
1786215501,idle,0.00,0.00,0.0,0.000,0.000,8.180,29.803,0.00
1786215506,bench_chimod,0.00,0.00,0.0,0.000,0.000,14.045,29.381,1.58
1786215511,idle,0.00,0.00,0.0,0.000,0.000,0.000,29.313,0.00
1786215516,idle,0.00,0.00,0.0,0.000,0.000,0.000,37.979,0.00
1786215521,ingest,0.00,0.00,0.1,0.000,0.000,0.408,37.580,0.04
1786215526,ingest,0.00,0.00,0.0,0.000,0.000,0.585,37.404,0.00
1786215531,ingest,0.00,0.00,0.0,0.000,0.000,0.769,37.221,0.00
1786215536,ingest,0.00,0.00,0.0,0.000,0.000,0.960,37.035,0.00
1786215541,ingest,0.00,0.00,0.0,0.000,0.000,1.134,36.865,0.00
1786215546,ingest,0.00,0.00,0.0,0.000,0.000,1.316,36.681,0.00
1786215551,ingest,0.00,0.00,0.1,0.000,0.000,1.489,36.510,0.00
1786215556,ingest,0.00,0.00,0.0,0.000,0.000,1.665,36.322,0.00
1786215562,ingest,0.00,0.00,0.0,0.000,0.000,1.841,36.157,0.00
1786215567,ingest,0.00,0.00,0.0,0.000,0.000,2.033,35.965,0.00
1786215572,ingest,0.00,0.00,0.0,0.000,0.000,2.298,35.699,0.00
1786215577,ingest,0.00,0.00,0.0,0.000,0.000,2.483,35.514,0.00
1786215582,ingest,0.00,0.01,0.1,0.000,0.000,2.716,35.281,0.00
1786215587,ingest,0.00,0.00,0.0,0.000,0.000,2.982,35.014,0.00
1786215592,ingest,0.00,0.00,0.0,0.000,0.000,3.148,34.846,0.00
1786215597,ingest,0.00,0.00,0.0,0.000,0.000,3.354,34.639,0.00
1786215602,ingest,0.00,0.00,0.0,0.000,0.000,3.621,34.372,0.00
1786215607,ingest,0.00,0.00,0.0,0.000,0.000,3.960,34.031,0.00
1786215612,ingest,0.00,0.00,0.1,0.000,0.000,4.148,33.845,0.00
1786215617,ingest,0.00,0.00,0.0,0.000,0.000,4.319,33.670,0.00
1786215622,ingest,0.00,0.00,0.0,0.000,0.000,4.483,33.504,0.00
1786215627,ingest,0.00,0.00,0.0,0.000,0.000,4.683,33.305,0.00
1786215632,ingest,0.00,0.00,0.0,0.000,0.000,4.868,33.119,0.00
1786215637,ingest,0.00,0.00,0.0,0.000,0.000,5.118,32.869,0.00
1786215642,ingest,0.00,0.00,0.1,0.000,0.000,5.396,32.594,0.00
1786215647,ingest,0.00,0.00,0.0,0.000,0.000,5.646,32.344,0.00
1786215652,ingest,0.00,0.00,0.0,0.000,0.000,5.861,32.127,0.00
1786215658,ingest,0.00,0.00,0.0,0.000,0.000,6.117,31.872,0.00
1786215663,ingest,0.00,0.00,0.0,0.000,0.000,6.381,31.609,0.00
1786215668,ingest,0.00,0.00,0.0,0.000,0.000,6.564,31.425,0.00
1786215673,ingest,0.00,0.00,0.0,0.000,0.000,6.825,31.163,0.00
1786215678,ingest,0.00,0.00,0.0,0.000,0.000,7.056,30.931,0.00
1786215683,ingest,0.00,0.00,0.0,0.000,0.000,7.270,30.713,0.00
1786215688,ingest,0.00,0.00,0.0,0.000,0.000,7.459,30.525,0.00
1786215693,ingest,0.00,0.00,0.0,0.000,0.000,7.717,30.266,0.00
1786215698,ingest,0.00,0.00,0.0,0.000,0.000,7.884,30.099,0.00
1786215703,ingest,0.00,0.00,0.0,0.000,0.000,8.076,29.908,0.00
1786215708,bench_mixed,0.00,0.00,0.0,0.000,0.000,8.186,29.794,0.00
1786215713,bench_mixed,0.00,0.00,0.0,0.000,0.000,14.126,29.311,1.58
1786215718,bench_mixed,0.00,0.00,0.0,0.000,0.000,14.211,29.225,0.00
1786215723,bench_mixed,0.00,0.00,0.0,0.000,0.000,14.256,29.179,0.00
1786215728,bench_mixed,0.00,0.00,0.0,0.000,0.000,14.267,29.168,0.00
1786215733,bench_mixed,0.00,0.00,0.0,0.000,0.000,14.286,29.144,0.00
1786215738,bench_mixed,0.00,0.00,0.0,0.000,0.000,14.297,29.133,0.00
1786215743,bench_mixed,0.00,0.00,0.0,0.000,0.000,14.309,29.126,0.00
1786215749,bench_mixed,0.00,0.00,0.0,0.000,0.000,14.315,29.120,0.00
1786215754,bench_mixed,0.00,0.00,0.0,0.000,0.000,14.315,29.118,0.00
1786215759,bench_mixed,0.00,0.00,0.0,0.000,0.000,14.324,29.110,0.00
1786215764,bench_mixed,0.00,0.00,0.0,0.000,0.000,14.326,29.105,0.00
1786215769,bench_mixed,0.00,0.00,0.0,0.000,0.000,14.331,29.100,0.00
1786215774,bench_mixed,0.00,0.00,0.0,0.000,0.000,14.335,29.094,0.00
1786215779,bench_mixed,0.00,0.00,0.0,0.000,0.000,14.337,29.091,0.00
1786215784,bench_mixed,0.00,0.00,0.0,0.000,0.000,14.342,29.085,0.00
1786215789,bench_mixed,0.00,0.00,0.0,0.000,0.000,14.344,29.083,0.00
1786215794,bench_mixed,0.00,0.00,0.0,0.000,0.000,14.346,29.081,0.00
1786215799,bench_mixed,0.00,0.00,0.0,0.000,0.000,14.348,29.078,0.00
1786215804,bench_mixed,0.00,0.00,0.0,0.000,0.000,14.348,29.080,0.00
1786215809,bench_mixed,0.00,0.00,0.0,0.000,0.000,14.352,29.077,0.00
1786215814,bench_mixed,0.00,0.00,0.0,0.000,0.000,14.352,29.075,0.00
1786215819,bench_mixed,0.00,0.00,0.0,0.000,0.000,14.352,29.068,0.03
1786215824,bench_mixed,0.00,0.00,0.0,0.000,0.000,14.352,29.069,0.00
1786215829,bench_mixed,0.00,0.00,0.0,0.000,0.000,14.352,29.068,0.00
1786215834,bench_mixed,0.00,0.00,0.0,0.000,0.000,14.352,29.068,0.00
1786215840,bench_mixed,0.00,0.00,0.0,0.000,0.000,14.352,29.068,0.00
1786215845,bench_mixed,0.00,0.00,0.0,0.000,0.000,14.352,29.068,0.00
1786215850,bench_mixed,0.00,0.00,0.0,0.000,0.000,14.352,29.068,0.00
1786215855,bench_mixed,0.00,0.00,0.0,0.000,0.000,14.353,29.069,0.00
1786215860,bench_mixed,0.00,0.00,0.0,0.000,0.000,14.353,29.065,0.00
1786215865,bench_mixed,0.00,0.00,0.0,0.000,0.000,14.353,29.069,0.00
1786215870,bench_mixed,0.00,0.00,0.0,0.000,0.000,14.432,28.990,0.00
1786215875,bench_mixed,0.00,0.00,0.0,0.000,0.000,14.819,28.605,0.00
1786215880,bench_mixed,0.00,0.00,0.0,0.000,0.000,15.170,28.505,0.00
1786215885,bench_mixed,0.00,0.00,0.0,0.000,0.000,15.217,28.503,0.00
1786215890,bench_mixed,0.00,0.00,0.0,0.000,0.000,15.230,28.500,0.00
1786215895,bench_mixed,0.00,0.00,0.0,0.000,0.000,15.239,28.496,0.00
1786215900,bench_mixed,0.00,0.00,0.0,0.000,0.000,15.241,28.493,0.00
1786215905,bench_mixed,0.00,0.00,0.0,0.000,0.000,15.242,28.490,0.00
1786215910,bench_mixed,0.00,0.00,0.0,0.000,0.000,15.244,28.489,0.00
1786215915,bench_mixed,0.00,0.00,0.0,0.000,0.000,15.247,28.487,0.00
1786215920,bench_mixed,0.00,0.00,0.0,0.000,0.000,15.247,28.487,0.00
1786215925,bench_mixed,0.00,0.00,0.0,0.000,0.000,15.250,28.473,0.00
1786215931,bench_mixed,0.00,0.00,0.0,0.000,0.000,15.250,28.483,0.00
1786215936,bench_mixed,0.00,0.00,0.0,0.000,0.000,15.253,28.482,0.00
1786215941,bench_mixed,0.00,0.00,0.0,0.000,0.000,15.254,28.483,0.00
1786215946,bench_mixed,0.00,0.00,0.0,0.000,0.000,15.254,28.484,0.00
1786215951,bench_mixed,0.00,0.00,0.0,0.000,0.000,15.255,28.482,0.00
1786215956,bench_mixed,0.00,0.00,0.0,0.000,0.000,15.255,28.482,0.00
1786215961,bench_mixed,0.00,0.00,0.0,0.000,0.000,15.256,28.482,0.00
1786215966,bench_mixed,0.00,0.00,0.0,0.000,0.000,15.257,28.483,0.00
1786215971,bench_mixed,0.00,0.00,0.0,0.000,0.000,15.257,28.484,0.00
1786215976,bench_mixed,0.00,0.00,0.0,0.000,0.000,15.258,28.481,0.00
1786215981,bench_mixed,0.00,0.00,0.0,0.000,0.000,15.258,28.477,0.00
1786215986,bench_mixed,0.00,0.00,0.0,0.000,0.000,15.258,28.478,0.00
1786215991,bench_mixed,0.00,0.00,0.0,0.000,0.000,15.258,28.475,0.00
1786215996,bench_mixed,0.00,0.00,0.0,0.000,0.000,15.258,28.475,0.00
1786216001,bench_mixed,0.00,0.00,0.0,0.000,0.000,15.258,28.477,0.00
1786216006,bench_mixed,0.00,0.00,0.0,0.000,0.000,15.258,28.477,0.00
1786216011,bench_mixed,0.00,0.00,0.0,0.000,0.000,15.258,28.479,0.00
1786216016,bench_mixed,0.00,0.00,0.0,0.000,0.000,15.258,28.479,0.00
1786216022,bench_mixed,0.00,0.00,0.0,0.000,0.000,15.389,28.349,0.00
1786216027,bench_mixed,0.00,0.00,0.0,0.000,0.000,15.817,27.920,0.00
1786216032,bench_mixed,0.00,0.00,0.0,0.000,0.000,16.101,27.917,0.00
1786216037,bench_mixed,0.00,0.00,0.0,0.000,0.000,16.128,27.914,0.00
1786216042,bench_mixed,0.00,0.00,0.0,0.000,0.000,16.135,27.906,0.00
1786216047,bench_mixed,0.00,0.00,0.0,0.000,0.000,16.138,27.906,0.00
1786216052,bench_mixed,0.00,0.00,0.0,0.000,0.000,16.141,27.905,0.00
1786216057,bench_mixed,0.00,0.00,0.0,0.000,0.000,16.143,27.903,0.00
1786216062,bench_mixed,0.00,0.00,0.0,0.000,0.000,16.143,27.903,0.00
1786216067,bench_mixed,0.00,0.00,0.0,0.000,0.000,16.146,27.900,0.00
1786216072,bench_mixed,0.00,0.00,0.0,0.000,0.000,16.148,27.904,0.00
1786216077,bench_mixed,0.00,0.00,0.0,0.000,0.000,16.149,27.903,0.00
1786216082,bench_mixed,0.00,0.00,0.0,0.000,0.000,16.151,27.901,0.00
1786216087,bench_mixed,0.00,0.00,0.0,0.000,0.000,16.151,27.900,0.00
1786216092,bench_mixed,0.00,0.00,0.0,0.000,0.000,16.153,27.898,0.00
1786216097,bench_mixed,0.00,0.00,0.0,0.000,0.000,16.155,27.897,0.00
1786216102,bench_mixed,0.00,0.00,0.0,0.000,0.000,16.155,27.896,0.00
1786216107,bench_mixed,0.00,0.00,0.0,0.000,0.000,16.156,27.893,0.00
1786216112,bench_mixed,0.00,0.00,0.0,0.000,0.000,16.156,27.894,0.00
1786216118,bench_mixed,0.00,0.00,0.0,0.000,0.000,16.157,27.890,0.01
1786216123,bench_mixed,0.00,0.00,0.0,0.000,0.000,16.158,27.887,0.02
1786216128,bench_mixed,0.00,0.00,0.0,0.000,0.000,16.158,27.887,0.00
1786216133,bench_mixed,0.00,0.00,0.0,0.000,0.000,16.159,27.884,0.00
1786216138,bench_mixed,0.00,0.00,0.0,0.000,0.000,16.159,27.884,0.00
1786216143,bench_mixed,0.00,0.00,0.0,0.000,0.000,16.159,27.883,0.00
1786216148,bench_mixed,0.00,0.00,0.0,0.000,0.000,16.159,27.883,0.00
1786216153,bench_mixed,0.00,0.00,0.0,0.000,0.000,16.159,27.883,0.00
1786216158,bench_mixed,0.00,0.00,0.0,0.000,0.000,16.159,27.883,0.00
1786216163,bench_mixed,0.00,0.00,0.0,0.000,0.000,16.159,27.881,0.00
1786216168,bench_mixed,0.00,0.00,0.0,0.000,0.000,16.194,27.848,0.00
1786216173,bench_mixed,0.00,0.00,0.0,0.000,0.000,16.345,27.698,0.00
1786216178,bench_mixed,0.00,0.00,0.0,0.000,0.000,16.883,27.320,0.00
1786216183,bench_mixed,0.00,0.00,0.0,0.000,0.000,17.014,27.315,0.00
1786216188,bench_mixed,0.00,0.00,0.0,0.000,0.000,17.034,27.314,0.00
1786216193,bench_mixed,0.00,0.00,0.0,0.000,0.000,17.041,27.313,0.00
1786216198,bench_mixed,0.00,0.00,0.0,0.000,0.000,17.045,27.310,0.00
1786216203,bench_mixed,0.00,0.00,0.0,0.000,0.000,17.046,27.309,0.00
1786216208,bench_mixed,0.00,0.00,0.0,0.000,0.000,17.048,27.307,0.00
1786216214,bench_mixed,0.00,0.00,0.0,0.000,0.000,17.050,27.303,0.00
1786216219,bench_mixed,0.00,0.00,0.0,0.000,0.000,17.052,27.303,0.00
1786216224,bench_mixed,0.00,0.00,0.0,0.000,0.000,17.052,27.297,0.00
1786216229,bench_mixed,0.00,0.00,0.0,0.000,0.000,17.054,27.297,0.00
1786216234,bench_mixed,0.00,0.00,0.0,0.000,0.000,17.055,27.297,0.00
1786216239,bench_mixed,0.00,0.00,0.0,0.000,0.000,17.056,27.298,0.00
1786216244,bench_mixed,0.00,0.00,0.0,0.000,0.000,17.058,27.294,0.00
1786216249,bench_mixed,0.00,0.00,0.0,0.000,0.000,17.059,27.294,0.00
1786216254,bench_mixed,0.00,0.00,0.0,0.000,0.000,17.059,27.293,0.00
1786216259,bench_mixed,0.00,0.00,0.0,0.000,0.000,17.060,27.292,0.00
1786216264,bench_mixed,0.00,0.00,0.0,0.000,0.000,17.060,27.293,0.00
1786216269,bench_mixed,0.00,0.00,0.0,0.000,0.000,17.061,27.290,0.00
1786216274,bench_mixed,0.00,0.00,0.0,0.000,0.000,17.062,27.290,0.00
1786216279,bench_mixed,0.00,0.00,0.0,0.000,0.000,17.062,27.290,0.00
1786216284,bench_mixed,0.00,0.00,0.0,0.000,0.000,17.062,27.289,0.00
1786216289,bench_mixed,0.00,0.00,0.0,0.000,0.000,17.063,27.286,0.00
1786216294,bench_mixed,0.00,0.00,0.0,0.000,0.000,17.063,27.281,0.00
1786216299,bench_mixed,0.00,0.00,0.0,0.000,0.000,17.063,27.290,0.00
1786216305,bench_mixed,0.00,0.00,0.0,0.000,0.000,17.063,27.290,0.00
1786216310,bench_mixed,0.00,0.00,0.0,0.000,0.000,17.063,27.288,0.00
1786216315,bench_mixed,0.00,0.00,0.0,0.000,0.000,17.063,27.288,0.00
1786216320,bench_mixed,0.00,0.00,0.0,0.000,0.000,17.149,27.203,0.00
1786216325,bench_mixed,0.00,0.00,0.0,0.000,0.000,17.412,26.938,0.00
1786216330,bench_mixed,0.00,0.00,0.0,0.000,0.000,17.864,26.726,0.00
1786216335,bench_mixed,0.00,0.00,0.0,0.000,0.000,17.924,26.725,0.00
1786216340,bench_mixed,0.00,0.00,0.0,0.000,0.000,17.933,26.723,0.00
1786216345,bench_mixed,0.00,0.00,0.0,0.000,0.000,17.940,26.720,0.00
1786216350,bench_mixed,0.00,0.00,0.0,0.000,0.000,17.944,26.719,0.00
1786216355,bench_mixed,0.00,0.00,0.0,0.000,0.000,17.947,26.718,0.00
1786216360,bench_mixed,0.00,0.00,0.0,0.000,0.000,17.950,26.718,0.00
1786216365,bench_mixed,0.00,0.00,0.0,0.000,0.000,17.950,26.718,0.00
1786216370,bench_mixed,0.00,0.00,0.0,0.000,0.000,17.952,26.717,0.00
1786216375,bench_mixed,0.00,0.00,0.0,0.000,0.000,17.954,26.716,0.00
1786216380,bench_mixed,0.00,0.00,0.0,0.000,0.000,17.954,26.714,0.00
1786216385,bench_mixed,0.00,0.00,0.0,0.000,0.000,17.957,26.712,0.00
1786216390,bench_mixed,0.00,0.00,0.0,0.000,0.000,17.958,26.712,0.00
1786216396,bench_mixed,0.00,0.00,0.0,0.000,0.000,17.958,26.712,0.00
1786216401,bench_mixed,0.00,0.00,0.0,0.000,0.000,17.961,26.709,0.00
1786216406,bench_mixed,0.00,0.00,0.0,0.000,0.000,17.961,26.708,0.00
1786216411,bench_mixed,0.00,0.00,0.0,0.000,0.000,17.961,26.706,0.00
1786216416,bench_mixed,0.00,0.00,0.0,0.000,0.000,17.963,26.704,0.00
1786216421,bench_mixed,0.00,0.00,0.0,0.000,0.000,17.963,26.693,0.03
1786216426,bench_mixed,0.00,0.00,0.0,0.000,0.000,17.963,26.692,0.00
1786216431,bench_mixed,0.00,0.00,0.0,0.000,0.000,17.964,26.691,0.00
1786216436,bench_mixed,0.00,0.00,0.0,0.000,0.000,17.964,26.690,0.00
1786216441,bench_mixed,0.00,0.00,0.0,0.000,0.000,17.964,26.691,0.00
1786216446,bench_mixed,0.00,0.00,0.0,0.000,0.000,17.965,26.691,0.00
1786216451,bench_mixed,0.00,0.00,0.0,0.000,0.000,17.965,26.690,0.00
1786216456,bench_mixed,0.00,0.00,0.0,0.000,0.000,17.965,26.690,0.00
1786216461,bench_mixed,0.00,0.00,0.0,0.000,0.000,17.965,26.694,0.00
1786216466,bench_mixed,0.00,0.00,0.0,0.000,0.000,18.020,26.639,0.00
1786216471,bench_mixed,0.00,0.00,0.0,0.000,0.000,18.216,26.444,0.00
1786216476,bench_mixed,0.00,0.00,0.0,0.000,0.000,18.733,26.133,0.00
1786216481,bench_mixed,0.00,0.00,0.0,0.000,0.000,18.827,26.133,0.00
1786216487,bench_mixed,0.00,0.00,0.0,0.000,0.000,18.839,26.127,0.00
1786216492,bench_mixed,0.00,0.00,0.0,0.000,0.000,18.847,26.125,0.00
1786216497,bench_mixed,0.00,0.00,0.0,0.000,0.000,18.847,26.124,0.00
1786216502,bench_mixed,0.00,0.00,0.0,0.000,0.000,18.853,26.121,0.00
1786216507,bench_mixed,0.00,0.00,0.0,0.000,0.000,18.854,26.120,0.00
1786216512,bench_mixed,0.00,0.00,0.0,0.000,0.000,18.856,26.120,0.00
1786216517,bench_mixed,0.00,0.00,0.0,0.000,0.000,18.859,26.118,0.00
1786216522,bench_mixed,0.00,0.00,0.0,0.000,0.000,18.861,26.118,0.00
1786216527,bench_mixed,0.00,0.00,0.0,0.000,0.000,18.862,26.117,0.00
1786216532,bench_mixed,0.00,0.00,0.0,0.000,0.000,18.862,26.115,0.00
1786216537,bench_mixed,0.00,0.00,0.0,0.000,0.000,18.865,26.113,0.00
1786216542,bench_mixed,0.00,0.00,0.0,0.000,0.000,18.866,26.115,0.00
1786216547,bench_mixed,0.00,0.00,0.0,0.000,0.000,18.866,26.114,0.00
1786216552,bench_mixed,0.00,0.00,0.0,0.000,0.000,18.868,26.111,0.00
1786216557,bench_mixed,0.00,0.00,0.0,0.000,0.000,18.869,26.111,0.00
1786216562,bench_mixed,0.00,0.00,0.0,0.000,0.000,18.870,26.108,0.00
1786216567,bench_mixed,0.00,0.00,0.0,0.000,0.000,18.871,26.107,0.00
1786216572,bench_mixed,0.00,0.00,0.0,0.000,0.000,18.871,26.102,0.00
1786216578,bench_mixed,0.00,0.00,0.0,0.000,0.000,18.871,26.102,0.00
1786216583,bench_mixed,0.00,0.00,0.0,0.000,0.000,18.872,26.102,0.00
1786216588,bench_mixed,0.00,0.00,0.0,0.000,0.000,18.873,26.101,0.00
1786216593,bench_mixed,0.00,0.00,0.0,0.000,0.000,18.873,26.100,0.00
1786216598,bench_mixed,0.00,0.00,0.0,0.000,0.000,18.873,26.100,0.00
1786216603,bench_mixed,0.00,0.00,0.0,0.000,0.000,18.875,26.099,0.00
1786216608,bench_mixed,0.00,0.00,0.0,0.000,0.000,18.875,26.099,0.00
1786216613,bench_mixed,0.00,0.00,0.0,0.000,0.000,18.875,26.102,0.00
1786216618,bench_mixed,0.00,0.00,0.0,0.000,0.000,18.875,26.102,0.00
1786216623,bench_mixed,0.00,0.00,0.0,0.000,0.000,19.052,25.927,0.00
1786216628,bench_mixed,0.00,0.00,0.0,0.000,0.000,19.433,25.544,0.00
1786216633,bench_mixed,0.00,0.00,0.0,0.000,0.000,19.696,25.540,0.00
1786216638,bench_mixed,0.00,0.00,0.0,0.000,0.000,19.729,25.539,0.00
1786216643,bench_mixed,0.00,0.00,0.0,0.000,0.000,19.746,25.536,0.00
1786216648,bench_mixed,0.00,0.00,0.0,0.000,0.000,19.752,25.534,0.00
1786216653,bench_mixed,0.00,0.00,0.0,0.000,0.000,19.756,25.532,0.00
1786216658,bench_mixed,0.00,0.00,0.0,0.000,0.000,19.757,25.529,0.00
1786216663,bench_mixed,0.00,0.00,0.0,0.000,0.000,19.760,25.523,0.00
1786216668,bench_mixed,0.00,0.00,0.0,0.000,0.000,19.761,25.526,0.00
1786216674,bench_mixed,0.00,0.00,0.0,0.000,0.000,19.761,25.522,0.00
1786216679,bench_mixed,0.00,0.00,0.0,0.000,0.000,19.764,25.523,0.00
1786216684,bench_mixed,0.00,0.00,0.0,0.000,0.000,19.766,25.521,0.00
1786216689,bench_mixed,0.00,0.00,0.0,0.000,0.000,19.766,25.521,0.00
1786216694,bench_mixed,0.00,0.00,0.0,0.000,0.000,19.768,25.519,0.00
1786216699,bench_mixed,0.00,0.00,0.0,0.000,0.000,19.769,25.521,0.00
1786216704,bench_mixed,0.00,0.00,0.0,0.000,0.000,19.770,25.519,0.00
1786216709,bench_mixed,0.00,0.00,0.0,0.000,0.000,19.771,25.518,0.00
1786216714,bench_mixed,0.00,0.00,0.0,0.000,0.000,19.772,25.515,0.00
1786216719,bench_mixed,0.00,0.00,0.0,0.000,0.000,19.773,25.505,0.03
1786216724,bench_mixed,0.00,0.00,0.0,0.000,0.000,19.773,25.506,0.00
1786216729,bench_mixed,0.00,0.00,0.0,0.000,0.000,19.775,25.507,0.00
1786216734,bench_mixed,0.00,0.00,0.0,0.000,0.000,19.775,25.504,0.00
1786216739,bench_mixed,0.00,0.00,0.0,0.000,0.000,19.775,25.505,0.00
1786216744,bench_mixed,0.00,0.00,0.0,0.000,0.000,19.776,25.505,0.00
1786216749,bench_mixed,0.00,0.00,0.0,0.000,0.000,19.776,25.508,0.00
1786216754,bench_mixed,0.00,0.00,0.0,0.000,0.000,19.776,25.508,0.00
1786216759,bench_mixed,0.00,0.00,0.0,0.000,0.000,19.776,25.509,0.00
1786216765,bench_mixed,0.00,0.00,0.0,0.000,0.000,19.776,25.509,0.00
1786216770,bench_mixed,0.00,0.00,0.0,0.000,0.000,19.776,25.507,0.00
1786216775,bench_mixed,0.00,0.00,0.0,0.000,0.000,19.890,25.394,0.00
1786216780,bench_mixed,0.00,0.00,0.0,0.000,0.000,20.316,24.967,0.00
1786216785,bench_mixed,0.00,0.00,0.0,0.000,0.000,20.592,24.941,0.00
1786216790,bench_mixed,0.00,0.00,0.0,0.000,0.000,20.640,24.940,0.00
1786216795,bench_mixed,0.00,0.00,0.0,0.000,0.000,20.653,24.938,0.00
1786216800,bench_mixed,0.00,0.00,0.0,0.000,0.000,20.655,24.938,0.00
1786216805,bench_mixed,0.00,0.00,0.0,0.000,0.000,20.660,24.934,0.00
1786216810,bench_mixed,0.00,0.00,0.0,0.000,0.000,20.663,24.932,0.00
1786216815,bench_mixed,0.00,0.00,0.0,0.000,0.000,20.664,24.930,0.00
1786216820,bench_mixed,0.00,0.00,0.0,0.000,0.000,20.665,24.928,0.00
1786216825,bench_mixed,0.00,0.00,0.0,0.000,0.000,20.667,24.926,0.00
1786216830,bench_mixed,0.00,0.00,0.0,0.000,0.000,20.669,24.925,0.00
1786216835,bench_mixed,0.00,0.00,0.0,0.000,0.000,20.669,24.924,0.00
1786216840,bench_mixed,0.00,0.00,0.0,0.000,0.000,20.672,24.920,0.00
1786216845,bench_mixed,0.00,0.00,0.0,0.000,0.000,20.672,24.919,0.00
1786216850,bench_mixed,0.00,0.00,0.0,0.000,0.000,20.672,24.918,0.00
1786216856,bench_mixed,0.00,0.00,0.0,0.000,0.000,20.674,24.917,0.00
1786216861,bench_mixed,0.00,0.00,0.0,0.000,0.000,20.675,24.916,0.00
1786216866,bench_mixed,0.00,0.00,0.0,0.000,0.000,20.676,24.916,0.00
1786216871,bench_mixed,0.00,0.00,0.0,0.000,0.000,20.676,24.918,0.00
1786216876,bench_mixed,0.00,0.00,0.0,0.000,0.000,20.677,24.917,0.00
1786216881,bench_mixed,0.00,0.00,0.0,0.000,0.000,20.677,24.917,0.00
1786216886,bench_mixed,0.00,0.00,0.0,0.000,0.000,20.677,24.917,0.00
1786216891,bench_mixed,0.00,0.00,0.0,0.000,0.000,20.679,24.914,0.00
1786216896,bench_mixed,0.00,0.00,0.0,0.000,0.000,20.679,24.914,0.00
1786216901,bench_mixed,0.00,0.00,0.0,0.000,0.000,20.679,24.918,0.00
1786216906,bench_mixed,0.00,0.00,0.0,0.000,0.000,20.679,24.918,0.00
1786216911,bench_mixed,0.00,0.00,0.0,0.000,0.000,20.680,24.918,0.00
1786216916,bench_mixed,0.00,0.00,0.0,0.000,0.000,20.680,24.917,0.00
1786216921,bench_mixed,0.00,0.00,0.0,0.000,0.000,20.725,24.872,0.00
1786216926,bench_mixed,0.00,0.00,0.0,0.000,0.000,20.909,24.687,0.00
1786216931,bench_mixed,0.00,0.00,0.0,0.000,0.000,21.421,24.350,0.00
1786216936,bench_mixed,0.00,0.00,0.0,0.000,0.000,21.530,24.349,0.00
1786216941,bench_mixed,0.00,0.00,0.0,0.000,0.000,21.549,24.345,0.00
1786216946,bench_mixed,0.00,0.00,0.0,0.000,0.000,21.552,24.345,0.00
1786216952,bench_mixed,0.00,0.00,0.0,0.000,0.000,21.561,24.341,0.00
1786216957,bench_mixed,0.00,0.00,0.0,0.000,0.000,21.565,24.338,0.00
1786216962,bench_mixed,0.00,0.00,0.0,0.000,0.000,21.567,24.339,0.00
1786216967,bench_mixed,0.00,0.00,0.0,0.000,0.000,21.568,24.339,0.00
1786216972,bench_mixed,0.00,0.00,0.0,0.000,0.000,21.570,24.335,0.00
1786216977,bench_mixed,0.00,0.00,0.0,0.000,0.000,21.572,24.334,0.00
1786216982,bench_mixed,0.00,0.00,0.0,0.000,0.000,21.573,24.330,0.00
1786216987,bench_mixed,0.00,0.00,0.0,0.000,0.000,21.574,24.329,0.00
1786216992,bench_mixed,0.00,0.00,0.0,0.000,0.000,21.575,24.328,0.00
1786216997,bench_mixed,0.00,0.00,0.0,0.000,0.000,21.576,24.328,0.00
1786217002,bench_mixed,0.00,0.00,0.0,0.000,0.000,21.576,24.328,0.00
1786217007,bench_mixed,0.00,0.00,0.0,0.000,0.000,21.579,24.326,0.00
1786217012,bench_mixed,0.00,0.00,0.0,0.000,0.000,21.580,24.323,0.00
1786217017,bench_mixed,0.00,0.00,0.0,0.000,0.000,21.580,24.323,0.00
1786217022,bench_mixed,0.00,0.00,0.0,0.000,0.000,21.580,24.320,0.03
1786217027,bench_mixed,0.00,0.00,0.0,0.000,0.000,21.581,24.319,0.00
1786217032,bench_mixed,0.00,0.00,0.0,0.000,0.000,21.582,24.318,0.00
1786217037,bench_mixed,0.00,0.00,0.0,0.000,0.000,21.582,24.322,0.00
1786217042,bench_mixed,0.00,0.00,0.0,0.000,0.000,21.583,24.322,0.00
1786217048,bench_mixed,0.00,0.00,0.0,0.000,0.000,21.583,24.325,0.00
1786217053,bench_mixed,0.00,0.00,0.0,0.000,0.000,21.583,24.326,0.00
1786217058,bench_mixed,0.00,0.00,0.0,0.000,0.000,21.584,24.323,0.00
1786217063,bench_mixed,0.00,0.00,0.0,0.000,0.000,21.585,24.323,0.00
1786217068,bench_mixed,0.00,0.00,0.0,0.000,0.000,21.620,24.286,0.00
1786217073,bench_mixed,0.00,0.00,0.0,0.000,0.000,21.807,24.100,0.00
1786217078,bench_mixed,0.00,0.00,0.0,0.000,0.000,22.311,23.758,0.00
1786217083,bench_mixed,0.00,0.00,0.0,0.000,0.000,22.440,23.755,0.00
1786217088,bench_mixed,0.00,0.00,0.0,0.000,0.000,22.455,23.752,0.00
1786217093,bench_mixed,0.00,0.00,0.0,0.000,0.000,22.462,23.750,0.00
1786217098,bench_mixed,0.00,0.00,0.0,0.000,0.000,22.470,23.746,0.00
1786217103,bench_mixed,0.00,0.00,0.0,0.000,0.000,22.471,23.741,0.00
1786217108,bench_mixed,0.00,0.00,0.0,0.000,0.000,22.474,23.738,0.00
1786217113,bench_mixed,0.00,0.00,0.0,0.000,0.000,22.476,23.737,0.00
1786217118,bench_mixed,0.00,0.00,0.0,0.000,0.000,22.477,23.735,0.00
1786217123,bench_mixed,0.00,0.00,0.0,0.000,0.000,22.478,23.734,0.00
1786217128,bench_mixed,0.00,0.00,0.0,0.000,0.000,22.480,23.730,0.00
1786217133,bench_mixed,0.00,0.00,0.0,0.000,0.000,22.481,23.729,0.00
1786217139,bench_mixed,0.00,0.00,0.0,0.000,0.000,22.481,23.727,0.00
1786217144,bench_mixed,0.00,0.00,0.0,0.000,0.000,22.483,23.726,0.00
1786217149,bench_mixed,0.00,0.00,0.0,0.000,0.000,22.484,23.725,0.00
1786217154,bench_mixed,0.00,0.00,0.0,0.000,0.000,22.485,23.725,0.00
1786217159,bench_mixed,0.00,0.00,0.0,0.000,0.000,22.485,23.725,0.00
1786217164,bench_mixed,0.00,0.00,0.0,0.000,0.000,22.487,23.723,0.00
1786217169,bench_mixed,0.00,0.00,0.0,0.000,0.000,22.488,23.723,0.00
1786217174,bench_mixed,0.00,0.00,0.0,0.000,0.000,22.489,23.723,0.00
1786217179,bench_mixed,0.00,0.00,0.0,0.000,0.000,22.490,23.721,0.00
1786217184,bench_mixed,0.00,0.00,0.0,0.000,0.000,22.490,23.719,0.00
1786217189,bench_mixed,0.00,0.00,0.0,0.000,0.000,22.490,23.718,0.00
1786217194,bench_mixed,0.00,0.00,0.0,0.000,0.000,22.490,23.719,0.00
1786217199,bench_mixed,0.00,0.00,0.0,0.000,0.000,22.491,23.718,0.00
1786217204,bench_mixed,0.00,0.00,0.0,0.000,0.000,22.492,23.718,0.00
1786217209,bench_mixed,0.00,0.00,0.0,0.000,0.000,22.492,23.716,0.00
1786217214,bench_mixed,0.00,0.00,0.0,0.000,0.000,22.492,23.717,0.00
1786217219,bench_mixed,0.00,0.00,0.0,0.000,0.000,22.715,23.494,0.00
1786217224,bench_mixed,0.00,0.00,0.0,0.000,0.000,23.051,23.159,0.00
1786217229,bench_mixed,0.00,0.00,0.0,0.000,0.000,23.311,23.152,0.00
1786217235,bench_mixed,0.00,0.00,0.0,0.000,0.000,23.351,23.149,0.00
1786217240,bench_mixed,0.00,0.00,0.0,0.000,0.000,23.362,23.149,0.00
1786217245,bench_mixed,0.00,0.00,0.0,0.000,0.000,23.368,23.148,0.00
1786217250,bench_mixed,0.00,0.00,0.0,0.000,0.000,23.373,23.146,0.00
1786217255,bench_mixed,0.00,0.00,0.0,0.000,0.000,23.376,23.145,0.00
1786217260,bench_mixed,0.00,0.00,0.0,0.000,0.000,23.377,23.141,0.00
1786217265,bench_mixed,0.00,0.00,0.0,0.000,0.000,23.379,23.140,0.00
1786217270,bench_mixed,0.00,0.00,0.0,0.000,0.000,23.381,23.141,0.00
1786217275,bench_mixed,0.00,0.00,0.0,0.000,0.000,23.382,23.140,0.00
1786217280,bench_mixed,0.00,0.00,0.0,0.000,0.000,23.382,23.140,0.00
1786217285,bench_mixed,0.00,0.00,0.0,0.000,0.000,23.384,23.140,0.00
1786217290,bench_mixed,0.00,0.00,0.0,0.000,0.000,23.385,23.135,0.00
1786217295,bench_mixed,0.00,0.00,0.0,0.000,0.000,23.386,23.136,0.00
1786217300,bench_mixed,0.00,0.00,0.0,0.000,0.000,23.386,23.134,0.00
1786217305,bench_mixed,0.00,0.00,0.0,0.000,0.000,23.388,23.133,0.00
1786217310,bench_mixed,0.00,0.00,0.0,0.000,0.000,23.389,23.130,0.00
1786217315,bench_mixed,0.00,0.00,0.0,0.000,0.000,23.390,23.129,0.00
1786217320,bench_mixed,0.00,0.00,0.0,0.000,0.000,23.390,23.126,0.03
1786217326,bench_mixed,0.00,0.00,0.0,0.000,0.000,23.391,23.125,0.00
1786217331,bench_mixed,0.00,0.00,0.0,0.000,0.000,23.391,23.125,0.00
1786217336,bench_mixed,0.00,0.00,0.0,0.000,0.000,23.392,23.124,0.00
1786217341,bench_mixed,0.00,0.00,0.0,0.000,0.000,23.392,23.126,0.00
1786217346,bench_mixed,0.00,0.00,0.0,0.000,0.000,23.393,23.124,0.00
1786217351,bench_mixed,0.00,0.00,0.0,0.000,0.000,23.393,23.126,0.00
1786217356,bench_mixed,0.00,0.00,0.0,0.000,0.000,23.393,23.126,0.00
1786217361,bench_mixed,0.00,0.00,0.0,0.000,0.000,23.394,23.124,0.00
1786217366,bench_mixed,0.00,0.00,0.0,0.000,0.000,23.533,22.986,0.00
1786217371,bench_mixed,0.00,0.00,0.0,0.000,0.000,23.957,22.560,0.00
1786217376,bench_mixed,0.00,0.00,0.0,0.000,0.000,24.199,22.558,0.00
1786217381,bench_mixed,0.00,0.00,0.0,0.000,0.000,24.253,22.555,0.00
1786217386,bench_mixed,0.00,0.00,0.0,0.000,0.000,24.265,22.554,0.00
1786217391,bench_mixed,0.00,0.00,0.0,0.000,0.000,24.273,22.541,0.00
1786217396,bench_mixed,0.00,0.00,0.0,0.000,0.000,24.276,22.550,0.00
1786217401,bench_mixed,0.00,0.00,0.0,0.000,0.000,24.278,22.548,0.00
1786217406,bench_mixed,0.00,0.00,0.0,0.000,0.000,24.280,22.547,0.00
1786217411,bench_mixed,0.00,0.00,0.0,0.000,0.000,24.280,22.547,0.00
1786217416,bench_mixed,0.00,0.00,0.0,0.000,0.000,24.284,22.542,0.00
1786217422,bench_mixed,0.00,0.00,0.0,0.000,0.000,24.285,22.538,0.00
1786217427,bench_mixed,0.00,0.00,0.0,0.000,0.000,24.286,22.537,0.00
1786217432,bench_mixed,0.00,0.00,0.0,0.000,0.000,24.286,22.537,0.00
1786217437,bench_mixed,0.00,0.00,0.0,0.000,0.000,24.288,22.531,0.00
1786217442,bench_mixed,0.00,0.00,0.0,0.000,0.000,24.289,22.530,0.00
1786217447,bench_mixed,0.00,0.00,0.0,0.000,0.000,24.290,22.532,0.00
1786217452,bench_mixed,0.00,0.00,0.0,0.000,0.000,24.290,22.532,0.00
1786217457,bench_mixed,0.00,0.00,0.0,0.000,0.000,24.292,22.531,0.00
1786217462,bench_mixed,0.00,0.00,0.0,0.000,0.000,24.293,22.532,0.00
1786217467,bench_mixed,0.00,0.00,0.0,0.000,0.000,24.294,22.529,0.00
1786217472,bench_mixed,0.00,0.00,0.0,0.000,0.000,24.294,22.529,0.00
1786217477,bench_mixed,0.00,0.00,0.0,0.000,0.000,24.296,22.526,0.00
1786217482,bench_mixed,0.00,0.00,0.0,0.000,0.000,24.296,22.526,0.00
1786217487,bench_mixed,0.00,0.00,0.0,0.000,0.000,24.297,22.525,0.00
1786217492,bench_mixed,0.00,0.00,0.0,0.000,0.000,24.297,22.525,0.00
1786217497,bench_mixed,0.00,0.00,0.0,0.000,0.000,24.298,22.524,0.00
1786217502,bench_mixed,0.00,0.00,0.0,0.000,0.000,24.299,22.524,0.00
1786217507,bench_mixed,0.00,0.00,0.0,0.000,0.000,24.299,22.527,0.00
1786217513,bench_mixed,0.00,0.00,0.0,0.000,0.000,24.299,22.527,0.00
1786217518,bench_mixed,0.00,0.00,0.0,0.000,0.000,24.453,22.371,0.00
1786217523,bench_mixed,0.00,0.00,0.0,0.000,0.000,24.858,21.964,0.00
1786217528,bench_mixed,0.00,0.00,0.0,0.000,0.000,25.121,21.963,0.00
1786217533,bench_mixed,0.00,0.00,0.0,0.000,0.000,25.160,21.961,0.00
1786217538,bench_mixed,0.00,0.00,0.0,0.000,0.000,25.171,21.958,0.00
1786217543,bench_mixed,0.00,0.00,0.0,0.000,0.000,25.176,21.956,0.00
1786217548,bench_mixed,0.00,0.00,0.0,0.000,0.000,25.179,21.952,0.00
1786217553,bench_mixed,0.00,0.00,0.0,0.000,0.000,25.181,21.950,0.00
1786217558,bench_mixed,0.00,0.00,0.0,0.000,0.000,25.184,21.947,0.00
1786217563,bench_mixed,0.00,0.00,0.0,0.000,0.000,25.184,21.947,0.00
1786217568,bench_mixed,0.00,0.00,0.0,0.000,0.000,25.186,21.945,0.00
1786217573,bench_mixed,0.00,0.00,0.0,0.000,0.000,25.187,21.945,0.00
1786217578,bench_mixed,0.00,0.00,0.0,0.000,0.000,25.189,21.941,0.00
1786217583,bench_mixed,0.00,0.00,0.0,0.000,0.000,25.189,21.941,0.00
1786217588,bench_mixed,0.00,0.00,0.0,0.000,0.000,25.190,21.938,0.00
1786217593,bench_mixed,0.00,0.00,0.0,0.000,0.000,25.191,21.937,0.00
1786217598,bench_mixed,0.00,0.00,0.0,0.000,0.000,25.192,21.936,0.00
1786217603,bench_mixed,0.00,0.00,0.0,0.000,0.000,25.192,21.936,0.00
1786217609,bench_mixed,0.00,0.00,0.0,0.000,0.000,25.193,21.935,0.00
1786217614,bench_mixed,0.00,0.00,0.0,0.000,0.000,25.195,21.933,0.00
1786217619,bench_mixed,0.00,0.00,0.0,0.000,0.000,25.195,21.924,0.03
1786217624,bench_mixed,0.00,0.00,0.0,0.000,0.000,25.195,21.924,0.00
1786217629,bench_mixed,0.00,0.00,0.0,0.000,0.000,25.196,21.924,0.00
1786217634,bench_mixed,0.00,0.00,0.0,0.000,0.000,25.197,21.925,0.00
1786217639,bench_mixed,0.00,0.00,0.0,0.000,0.000,25.197,21.926,0.00
1786217644,bench_mixed,0.00,0.00,0.0,0.000,0.000,25.197,21.926,0.00
1786217649,bench_mixed,0.00,0.00,0.0,0.000,0.000,25.198,21.926,0.00
1786217654,bench_mixed,0.00,0.00,0.0,0.000,0.000,25.199,21.925,0.00
1786217659,bench_mixed,0.00,0.00,0.0,0.000,0.000,25.199,21.922,0.00
1786217664,bench_mixed,0.00,0.00,0.0,0.000,0.000,25.301,21.821,0.00
1786217669,bench_mixed,0.00,0.00,0.0,0.000,0.000,25.706,21.410,0.00
1786217674,bench_mixed,0.00,0.00,0.0,0.000,0.000,26.031,21.317,0.00
1786217679,bench_mixed,0.00,0.00,0.0,0.000,0.000,26.135,21.279,0.00
1786217684,bench_mixed,0.00,0.00,0.0,0.000,0.000,26.201,21.228,0.00
1786217689,bench_mixed,0.00,0.00,0.0,0.000,0.000,26.357,21.076,0.00
1786217694,bench_mixed,0.00,0.00,0.0,0.000,0.000,26.427,21.008,0.00
1786217700,bench_mixed,0.00,0.00,0.0,0.000,0.000,26.443,20.991,0.00
1786217705,bench_mixed,0.00,0.00,0.0,0.000,0.000,26.472,20.962,0.00
1786217710,bench_mixed,0.00,0.00,0.0,0.000,0.000,26.478,20.951,0.00
1786217715,bench_mixed,0.00,0.00,0.0,0.000,0.000,26.481,20.948,0.00
1786217720,bench_mixed,0.00,0.00,0.0,0.000,0.000,26.485,20.949,0.00
1786217725,bench_mixed,0.00,0.00,0.0,0.000,0.000,26.500,20.933,0.00
1786217730,bench_mixed,0.00,0.00,0.0,0.000,0.000,26.511,20.917,0.00
1786217735,bench_mixed,0.00,0.00,0.0,0.000,0.000,26.513,20.916,0.00
1786217740,bench_mixed,0.00,0.00,0.0,0.000,0.000,26.516,20.911,0.00
1786217745,bench_mixed,0.00,0.00,0.0,0.000,0.000,26.525,20.903,0.00
1786217750,bench_mixed,0.00,0.00,0.0,0.000,0.000,26.528,20.898,0.00
1786217755,bench_mixed,0.00,0.00,0.0,0.000,0.000,26.532,20.894,0.00
1786217760,bench_mixed,0.00,0.00,0.0,0.000,0.000,26.536,20.890,0.00
1786217765,bench_mixed,0.00,0.00,0.0,0.000,0.000,26.545,20.885,0.00
1786217770,bench_mixed,0.00,0.00,0.0,0.000,0.000,26.550,20.881,0.00
1786217775,bench_mixed,0.00,0.00,0.0,0.000,0.000,26.554,20.876,0.00
1786217780,bench_mixed,0.00,0.00,0.0,0.000,0.000,26.558,20.872,0.00
1786217785,bench_mixed,0.00,0.00,0.0,0.000,0.000,26.560,20.867,0.00
1786217790,bench_mixed,0.00,0.00,0.0,0.000,0.000,26.564,20.866,0.00
1786217796,bench_mixed,0.00,0.00,0.0,0.000,0.000,26.571,20.860,0.00
1786217801,bench_mixed,0.00,0.00,0.0,0.000,0.000,26.572,20.860,0.00
1786217806,bench_mixed,0.00,0.00,0.0,0.000,0.000,26.572,20.865,0.00
1786217811,bench_mixed,0.00,0.00,0.0,0.000,0.000,26.572,20.865,0.00
1786217816,bench_mixed,0.00,0.00,0.0,0.000,0.000,26.629,20.808,0.00
1786217821,bench_mixed,0.00,0.00,0.0,0.000,0.000,26.814,20.623,0.00
1786217826,bench_mixed,0.00,0.00,0.0,0.000,0.000,27.302,20.300,0.00
1786217831,bench_mixed,0.00,0.00,0.0,0.000,0.000,27.420,20.294,0.00
1786217836,bench_mixed,0.00,0.00,0.0,0.000,0.000,27.517,20.228,0.00
1786217841,bench_mixed,0.00,0.00,0.0,0.000,0.000,27.537,20.211,0.00
1786217846,bench_mixed,0.00,0.00,0.0,0.000,0.000,27.632,20.119,0.00
1786217851,bench_mixed,0.00,0.00,0.0,0.000,0.000,27.658,20.092,0.00
1786217856,bench_mixed,0.00,0.00,0.0,0.000,0.000,27.669,20.079,0.00
1786217861,bench_mixed,0.00,0.00,0.0,0.000,0.000,27.680,20.070,0.00
1786217866,bench_mixed,0.00,0.00,0.0,0.000,0.000,27.689,20.060,0.00
1786217871,bench_mixed,0.00,0.00,0.0,0.000,0.000,27.689,20.060,0.00
1786217876,bench_mixed,0.00,0.00,0.0,0.000,0.000,27.700,20.050,0.00
1786217881,bench_mixed,0.00,0.00,0.0,0.000,0.000,27.712,20.038,0.00
1786217886,bench_mixed,0.00,0.00,0.0,0.000,0.000,27.739,20.013,0.00
1786217892,bench_mixed,0.00,0.00,0.0,0.000,0.000,27.772,19.980,0.00
1786217897,bench_mixed,0.00,0.00,0.0,0.000,0.000,27.785,19.965,0.00
1786217902,bench_mixed,0.00,0.00,0.0,0.000,0.000,27.791,19.958,0.00
1786217907,bench_mixed,0.00,0.00,0.0,0.000,0.000,27.794,19.955,0.00
1786217912,bench_mixed,0.00,0.00,0.0,0.000,0.000,27.803,19.946,0.00
1786217917,bench_mixed,0.00,0.00,0.0,0.000,0.000,27.804,19.942,0.00
1786217922,bench_mixed,0.00,0.00,0.0,0.000,0.000,27.831,19.906,0.03
1786217927,bench_mixed,0.00,0.00,0.0,0.000,0.000,27.831,19.906,0.00
1786217932,bench_mixed,0.00,0.00,0.0,0.000,0.000,27.839,19.898,0.00
1786217937,bench_mixed,0.00,0.00,0.0,0.000,0.000,27.853,19.884,0.00
1786217942,bench_mixed,0.00,0.00,0.0,0.000,0.000,27.854,19.884,0.00
1786217947,bench_mixed,0.00,0.00,0.0,0.000,0.000,27.860,19.887,0.00
1786217952,bench_mixed,0.00,0.00,0.0,0.000,0.000,27.860,19.886,0.00
1786217957,bench_mixed,0.00,0.00,0.0,0.000,0.000,27.861,19.881,0.00
1786217962,bench_mixed,0.00,0.00,0.0,0.000,0.000,27.861,19.880,0.00
1786217967,bench_mixed,0.00,0.00,0.0,0.000,0.000,27.966,19.774,0.00
1786217972,bench_mixed,0.00,0.00,0.0,0.000,0.000,28.372,19.363,0.00
1786217977,bench_mixed,0.00,0.00,0.0,0.000,0.000,28.659,19.307,0.00
1786217983,bench_mixed,0.00,0.00,0.0,0.000,0.000,28.724,19.305,0.00
1786217988,bench_mixed,0.00,0.00,0.0,0.000,0.000,28.745,19.293,0.00
1786217993,bench_mixed,0.00,0.00,0.0,0.000,0.000,28.833,19.213,0.00
1786217998,bench_mixed,0.00,0.00,0.0,0.000,0.000,28.949,19.101,0.00
1786218003,bench_mixed,0.00,0.00,0.0,0.000,0.000,28.968,19.082,0.00
1786218008,bench_mixed,0.00,0.00,0.0,0.000,0.000,28.973,19.079,0.00
1786218013,bench_mixed,0.00,0.00,0.0,0.000,0.000,29.011,19.041,0.00
1786218018,bench_mixed,0.00,0.00,0.0,0.000,0.000,29.037,19.012,0.00
1786218023,bench_mixed,0.00,0.00,0.0,0.000,0.000,29.039,19.011,0.00
1786218028,bench_mixed,0.00,0.00,0.0,0.000,0.000,29.045,19.004,0.00
1786218033,bench_mixed,0.00,0.00,0.0,0.000,0.000,29.051,18.999,0.00
1786218038,bench_mixed,0.00,0.00,0.0,0.000,0.000,29.065,18.983,0.00
1786218043,bench_mixed,0.00,0.00,0.0,0.000,0.000,29.073,18.974,0.00
1786218048,bench_mixed,0.00,0.00,0.0,0.000,0.000,29.074,18.972,0.00
1786218053,bench_mixed,0.00,0.00,0.0,0.000,0.000,29.074,18.973,0.00
1786218058,bench_mixed,0.00,0.00,0.0,0.000,0.000,29.078,18.968,0.00
1786218063,bench_mixed,0.00,0.00,0.0,0.000,0.000,29.086,18.959,0.00
1786218068,bench_mixed,0.00,0.00,0.0,0.000,0.000,29.128,18.916,0.00
1786218074,bench_mixed,0.00,0.00,0.0,0.000,0.000,29.137,18.908,0.00
1786218079,bench_mixed,0.00,0.00,0.0,0.000,0.000,29.138,18.907,0.00
1786218084,bench_mixed,0.00,0.00,0.0,0.000,0.000,29.154,18.890,0.00
1786218089,bench_mixed,0.00,0.00,0.0,0.000,0.000,29.178,18.866,0.00
1786218094,bench_mixed,0.00,0.00,0.0,0.000,0.000,29.223,18.825,0.00
1786218099,bench_mixed,0.00,0.00,0.0,0.000,0.000,29.231,18.817,0.00
1786218104,bench_mixed,0.00,0.00,0.0,0.000,0.000,29.237,18.811,0.00
1786218109,bench_mixed,0.00,0.00,0.0,0.000,0.000,29.256,18.792,0.00
1786218114,bench_mixed,0.00,0.00,0.0,0.000,0.000,29.258,18.789,0.00
1786218119,bench_mixed,0.00,0.00,0.0,0.000,0.000,29.379,18.667,0.00
1786218124,bench_mixed,0.00,0.00,0.0,0.000,0.000,29.815,18.228,0.00
1786218129,bench_mixed,0.00,0.00,0.0,0.000,0.000,29.844,18.200,0.00
1786218134,bench_mixed,0.00,0.00,0.0,0.000,0.000,29.844,18.204,0.00
1786218139,bench_mixed,0.00,0.00,0.0,0.000,0.000,29.869,18.179,0.00
1786218144,bench_mixed,0.00,0.00,0.0,0.000,0.000,29.875,18.173,0.00
1786218149,bench_mixed,0.00,0.00,0.0,0.000,0.000,29.885,18.164,0.00
1786218154,bench_mixed,0.00,0.00,0.0,0.000,0.000,29.892,18.154,0.00
1786218159,bench_mixed,0.00,0.00,0.0,0.000,0.000,29.906,18.139,0.00
1786218164,bench_mixed,0.00,0.00,0.0,0.000,0.000,29.911,18.136,0.00
1786218170,bench_mixed,0.00,0.00,0.0,0.000,0.000,29.913,18.134,0.00
1786218175,bench_mixed,0.00,0.00,0.0,0.000,0.000,29.920,18.125,0.00
1786218180,bench_mixed,0.00,0.00,0.0,0.000,0.000,29.926,18.119,0.00
1786218185,bench_mixed,0.00,0.00,0.0,0.000,0.000,29.928,18.118,0.00
1786218190,bench_mixed,0.00,0.00,0.0,0.000,0.000,29.934,18.110,0.00
1786218195,bench_mixed,0.00,0.00,0.0,0.000,0.000,29.935,18.111,0.00
1786218200,bench_mixed,0.00,0.00,0.0,0.000,0.000,29.939,18.108,0.00
1786218205,bench_mixed,0.00,0.00,0.0,0.000,0.000,29.939,18.104,0.00
1786218210,bench_mixed,0.00,0.00,0.0,0.000,0.000,29.943,18.100,0.00
1786218215,bench_mixed,0.00,0.00,0.0,0.000,0.000,29.944,18.097,0.00
1786218220,bench_mixed,0.00,0.00,0.0,0.000,0.000,29.950,18.084,0.03
1786218225,bench_mixed,0.00,0.00,0.0,0.000,0.000,29.952,18.086,0.00
1786218230,bench_mixed,0.00,0.00,0.0,0.000,0.000,29.954,18.083,0.00
1786218235,bench_mixed,0.00,0.00,0.0,0.000,0.000,29.960,18.078,0.00
1786218240,bench_mixed,0.00,0.00,0.0,0.000,0.000,29.962,18.074,0.00
1786218245,bench_mixed,0.00,0.00,0.0,0.000,0.000,29.962,18.076,0.00
1786218250,bench_mixed,0.00,0.00,0.0,0.000,0.000,29.965,18.071,0.00
1786218255,bench_mixed,0.00,0.00,0.0,0.000,0.000,29.967,18.064,0.00
1786218261,bench_mixed,0.00,0.00,0.0,0.000,0.000,29.973,18.058,0.00
1786218266,bench_mixed,0.00,0.00,0.0,0.000,0.000,29.973,18.060,0.00
1786218271,bench_mixed,0.00,0.00,0.0,0.000,0.000,30.025,18.009,0.00
1786218276,bench_mixed,0.00,0.00,0.0,0.000,0.000,30.181,17.852,0.00
1786218281,bench_mixed,0.00,0.00,0.0,0.000,0.000,30.537,17.495,0.00
1786218286,bench_mixed,0.00,0.00,0.0,0.000,0.000,30.540,17.490,0.00
1786218291,bench_mixed,0.00,0.00,0.0,0.000,0.000,30.555,17.474,0.00
1786218296,bench_mixed,0.00,0.00,0.0,0.000,0.000,30.567,17.467,0.00
1786218301,bench_mixed,0.00,0.00,0.0,0.000,0.000,30.569,17.463,0.00
1786218306,bench_mixed,0.00,0.00,0.0,0.000,0.000,30.572,17.462,0.00
1786218311,bench_mixed,0.00,0.00,0.0,0.000,0.000,30.576,17.458,0.00
1786218316,bench_mixed,0.00,0.00,0.0,0.000,0.000,30.579,17.456,0.00
1786218321,bench_mixed,0.00,0.00,0.0,0.000,0.000,30.582,17.452,0.00
1786218326,bench_mixed,0.00,0.00,0.0,0.000,0.000,30.583,17.449,0.00
1786218331,bench_mixed,0.00,0.00,0.0,0.000,0.000,30.588,17.444,0.00
1786218336,bench_mixed,0.00,0.00,0.0,0.000,0.000,30.592,17.443,0.00
1786218341,bench_mixed,0.00,0.00,0.0,0.000,0.000,30.592,17.441,0.00
1786218346,bench_mixed,0.00,0.00,0.0,0.000,0.000,30.593,17.440,0.00
1786218351,bench_mixed,0.00,0.00,0.0,0.000,0.000,30.601,17.430,0.00
1786218356,bench_mixed,0.00,0.00,0.0,0.000,0.000,30.603,17.428,0.00
1786218362,bench_mixed,0.00,0.00,0.0,0.000,0.000,30.603,17.432,0.00
1786218367,bench_mixed,0.00,0.00,0.0,0.000,0.000,30.609,17.425,0.00
1786218372,bench_mixed,0.00,0.00,0.0,0.000,0.000,30.613,17.422,0.00
1786218377,bench_mixed,0.00,0.00,0.0,0.000,0.000,30.614,17.419,0.00
1786218382,bench_mixed,0.00,0.00,0.0,0.000,0.000,30.617,17.417,0.00
1786218387,bench_mixed,0.00,0.00,0.0,0.000,0.000,30.625,17.410,0.00
1786218392,bench_mixed,0.00,0.00,0.0,0.000,0.000,30.628,17.407,0.00
1786218397,bench_mixed,0.00,0.00,0.0,0.000,0.000,30.630,17.402,0.00
1786218402,bench_mixed,0.00,0.00,0.0,0.000,0.000,30.633,17.400,0.00
1786218407,bench_mixed,0.00,0.00,0.0,0.000,0.000,30.637,17.395,0.00
1786218412,bench_mixed,0.00,0.00,0.0,0.000,0.000,30.639,17.390,0.00
1786218417,bench_mixed,0.00,0.00,0.0,0.000,0.000,30.693,17.340,0.00
1786218422,bench_mixed,0.00,0.00,0.0,0.000,0.000,30.878,17.156,0.00
1786218427,bench_mixed,0.00,0.00,0.0,0.000,0.000,31.201,16.829,0.00
1786218432,bench_mixed,0.00,0.00,0.0,0.000,0.000,31.499,16.532,0.00
1786218437,bench_mixed,0.00,0.00,0.0,0.000,0.000,31.633,16.400,0.00
1786218442,bench_mixed,0.00,0.00,0.0,0.000,0.000,0.000,16.391,0.00
1786218447,bench_mixed,0.00,0.00,0.0,0.000,0.000,0.000,37.966,0.00
1786218453,bench_mixed,0.00,0.00,0.0,0.000,0.000,0.000,37.967,0.00
1786218458,bench_mixed,0.00,0.00,0.0,0.000,0.000,0.000,37.967,0.00
1786218463,bench_mixed,0.00,0.00,0.0,0.000,0.000,0.000,37.968,0.00
1786218468,bench_mixed,0.00,0.00,0.0,0.000,0.000,0.000,37.968,0.00
1786218473,bench_mixed,0.00,0.00,0.0,0.000,0.000,0.000,37.969,0.00
1786218478,bench_mixed,0.00,0.00,0.0,0.000,0.000,0.000,37.969,0.00
1786218483,bench_mixed,0.00,0.00,0.0,0.000,0.000,0.000,37.970,0.00
1786218488,bench_mixed,0.00,0.00,0.0,0.000,0.000,0.000,37.969,0.00
1786218493,bench_mixed,0.00,0.00,0.0,0.000,0.000,0.000,37.970,0.00
1786218498,bench_mixed,0.00,0.00,0.0,0.000,0.000,0.000,37.970,0.00
1786218503,bench_mixed,0.00,0.00,0.0,0.000,0.000,0.000,37.968,0.00
1786218508,bench_mixed,0.00,0.00,0.0,0.000,0.000,0.000,37.968,0.00
1786218513,bench_mixed,0.00,0.00,0.0,0.000,0.000,0.000,37.967,0.00
1786218518,bench_mixed,0.00,0.00,0.0,0.000,0.000,0.000,37.967,0.00
1786218523,bench_mixed,0.00,0.00,0.0,0.000,0.000,0.000,37.967,0.00
1786218528,bench_mixed,0.00,0.00,0.0,0.000,0.000,0.000,37.968,0.00
1786218533,bench_mixed,0.00,0.00,0.0,0.000,0.000,0.000,37.968,0.00
1786218538,bench_mixed,0.00,0.00,0.0,0.000,0.000,0.000,37.968,0.00
1786218543,bench_mixed,0.00,0.00,0.0,0.000,0.000,0.000,37.966,0.00
1786218549,bench_mixed,0.00,0.00,0.0,0.000,0.000,0.000,37.966,0.00
1786218554,bench_mixed,0.00,0.00,0.0,0.000,0.000,0.000,37.968,0.00
1786218559,bench_mixed,0.00,0.00,0.0,0.000,0.000,0.000,37.968,0.00
1786218564,bench_mixed,0.00,0.00,0.0,0.000,0.000,0.000,37.968,0.00
1786218569,bench_mixed,0.00,0.00,0.0,0.000,0.000,0.000,37.968,0.00
1786218574,bench_mixed,0.00,0.00,0.0,0.000,0.000,0.000,37.968,0.00
1786218579,bench_mixed,0.00,0.00,0.0,0.000,0.000,0.000,37.967,0.00
1786218584,bench_mixed,0.00,0.00,0.0,0.000,0.000,0.000,37.968,0.00
1786218589,bench_mixed,0.00,0.00,0.0,0.000,0.000,0.000,37.968,0.00
1786218594,bench_mixed,0.00,0.00,0.0,0.000,0.000,0.000,37.967,0.00
1786218599,bench_mixed,0.00,0.00,0.0,0.000,0.000,0.000,37.967,0.00
1786218604,bench_mixed,0.00,0.00,0.0,0.000,0.000,0.000,37.965,0.00
1786218609,bench_mixed,0.00,0.00,0.0,0.000,0.000,0.000,37.966,0.00
1786218614,bench_mixed,0.00,0.00,0.0,0.000,0.000,0.000,37.965,0.00
1786218619,bench_mixed,0.00,0.00,0.0,0.000,0.000,0.000,37.966,0.00
1786218624,bench_mixed,0.00,0.00,0.0,0.000,0.000,0.000,37.967,0.00
1786218629,bench_mixed,0.00,0.00,0.0,0.000,0.000,0.000,37.967,0.00
1786218634,bench_mixed,0.00,0.00,0.0,0.000,0.000,0.000,37.967,0.00
1786218640,bench_mixed,0.00,0.00,0.0,0.000,0.000,0.000,37.967,0.00
1786218645,bench_mixed,0.00,0.00,0.0,0.000,0.000,0.000,37.967,0.00
1786218650,bench_mixed,0.00,0.00,0.0,0.000,0.000,0.000,37.967,0.00
1786218655,bench_mixed,0.00,0.00,0.0,0.000,0.000,0.000,37.967,0.00
1786218660,bench_mixed,0.00,0.00,0.0,0.000,0.000,0.000,37.966,0.00
1786218665,bench_mixed,0.00,0.00,0.0,0.000,0.000,0.000,37.964,0.00
1786218670,bench_mixed,0.00,0.00,0.0,0.000,0.000,0.000,37.968,0.00
1786218675,bench_mixed,0.00,0.00,0.0,0.000,0.000,0.000,37.972,0.00
1786218680,bench_mixed,0.00,0.00,0.0,0.000,0.000,0.000,37.973,0.00
1786218685,bench_mixed,0.00,0.00,0.0,0.000,0.000,0.000,37.972,0.00
1786218690,bench_mixed,0.00,0.00,0.0,0.000,0.000,0.000,37.972,0.00
1786218695,bench_mixed,0.00,0.00,0.0,0.000,0.000,0.000,37.971,0.00
1786218700,bench_mixed,0.00,0.00,0.0,0.000,0.000,0.000,37.972,0.00
1786218705,bench_mixed,0.00,0.00,0.0,0.000,0.000,0.000,37.970,0.00
1786218710,bench_mixed,0.00,0.00,0.0,0.000,0.000,0.000,37.971,0.00
1786218715,bench_mixed,0.00,0.00,0.0,0.000,0.000,0.000,37.970,0.00
1786218720,bench_mixed,0.00,0.00,0.0,0.000,0.000,0.000,37.970,0.00
1786218725,bench_mixed,0.00,0.00,0.0,0.000,0.000,0.000,37.968,0.00
1786218730,bench_mixed,0.00,0.00,0.0,0.000,0.000,0.000,37.969,0.00
1786218736,bench_mixed,0.00,0.00,0.0,0.000,0.000,0.000,37.968,0.00
1786218741,bench_mixed,0.00,0.00,0.0,0.000,0.000,0.000,37.969,0.00
1786218746,bench_mixed,0.00,0.00,0.0,0.000,0.000,0.000,37.968,0.00
1786218751,bench_mixed,0.00,0.00,0.0,0.000,0.000,0.000,37.969,0.00
1786218756,bench_mixed,0.00,0.00,0.0,0.000,0.000,0.000,37.964,0.00
1786218761,bench_mixed,0.00,0.00,0.0,0.000,0.000,0.000,37.964,0.00
1786218766,bench_mixed,0.00,0.00,0.0,0.000,0.000,0.000,37.967,0.00
1786218771,bench_mixed,0.00,0.00,0.0,0.000,0.000,0.000,37.967,0.00
1786218776,bench_mixed,0.00,0.00,0.0,0.000,0.000,0.000,37.964,0.00
1786218781,bench_mixed,0.00,0.00,0.0,0.000,0.000,0.000,37.964,0.00
1786218786,bench_mixed,0.00,0.00,0.0,0.000,0.000,0.000,37.959,0.00
1786218791,bench_mixed,0.00,0.00,0.0,0.000,0.000,0.000,37.962,0.00
1786218796,bench_mixed,0.00,0.00,0.0,0.000,0.000,0.000,37.962,0.00
1786218801,bench_mixed,0.00,0.00,0.0,0.000,0.000,0.000,37.962,0.00
1786218806,bench_mixed,0.00,0.00,0.0,0.000,0.000,0.000,37.962,0.00
1786218811,bench_mixed,0.00,0.00,0.0,0.000,0.000,0.000,37.962,0.00
1786218816,bench_mixed,0.00,0.00,0.0,0.000,0.000,0.000,37.963,0.00
1786218821,bench_mixed,0.00,0.00,0.0,0.000,0.000,0.000,37.963,0.00
1786218826,bench_mixed,0.00,0.00,0.0,0.000,0.000,0.000,37.963,0.00
1786218832,bench_mixed,0.00,0.00,0.0,0.000,0.000,0.000,37.963,0.00
1786218837,bench_mixed,0.00,0.00,0.0,0.000,0.000,0.000,37.964,0.00
1786218842,bench_mixed,0.00,0.00,0.0,0.000,0.000,0.000,37.964,0.00
1786218847,bench_mixed,0.00,0.00,0.0,0.000,0.000,0.000,37.956,0.00
1786218852,bench_mixed,0.00,0.00,0.0,0.000,0.000,0.000,37.962,0.00
1786218857,bench_mixed,0.00,0.00,0.0,0.000,0.000,0.000,37.962,0.00
1786218862,bench_mixed,0.00,0.00,0.0,0.000,0.000,0.000,37.959,0.00
1786218867,bench_mixed,0.00,0.00,0.0,0.000,0.000,0.000,37.960,0.00
1786218872,bench_mixed,0.00,0.00,0.0,0.000,0.000,0.000,37.961,0.00
1786218877,bench_mixed,0.00,0.00,0.0,0.000,0.000,0.000,37.961,0.00
1786218882,bench_mixed,0.00,0.00,0.0,0.000,0.000,0.000,37.961,0.00
1786218887,bench_mixed,0.00,0.00,0.0,0.000,0.000,0.000,37.960,0.00
1786218892,bench_mixed,0.00,0.00,0.0,0.000,0.000,0.000,37.963,0.00
1786218897,bench_mixed,0.00,0.00,0.0,0.000,0.000,0.000,37.962,0.00
1786218902,bench_mixed,0.00,0.00,0.0,0.000,0.000,0.000,37.963,0.00
1786218907,bench_mixed,0.00,0.00,0.0,0.000,0.000,0.000,37.963,0.00
1786218912,bench_mixed,0.00,0.00,0.0,0.000,0.000,0.000,37.965,0.00
1786218917,bench_mixed,0.00,0.00,0.0,0.000,0.000,0.000,37.965,0.00
1786218922,bench_mixed,0.00,0.00,0.0,0.000,0.000,0.000,37.967,0.00
1786218928,bench_mixed,0.00,0.00,0.0,0.000,0.000,0.000,37.967,0.00
1786218933,bench_mixed,0.00,0.00,0.0,0.000,0.000,0.000,37.968,0.00
1786218938,bench_mixed,0.00,0.00,0.0,0.000,0.000,0.000,37.966,0.00
1786218943,bench_mixed,0.00,0.00,0.0,0.000,0.000,0.000,37.963,0.00
1786218948,bench_mixed,0.00,0.00,0.0,0.000,0.000,0.000,37.963,0.00
1786218953,bench_mixed,0.00,0.00,0.0,0.000,0.000,0.000,37.960,0.00
1786218958,bench_mixed,0.00,0.00,0.0,0.000,0.000,0.000,37.960,0.00
1786218963,bench_mixed,0.00,0.00,0.0,0.000,0.000,0.000,37.960,0.00
1786218968,bench_mixed,0.00,0.00,0.0,0.000,0.000,0.000,37.960,0.00
1786218973,bench_mixed,0.00,0.00,0.0,0.000,0.000,0.000,37.960,0.00
1786218978,bench_mixed,0.00,0.00,0.0,0.000,0.000,0.000,37.958,0.00
1786218983,bench_mixed,0.00,0.00,0.0,0.000,0.000,0.000,37.960,0.00
1786218988,bench_mixed,0.00,0.00,0.0,0.000,0.000,0.000,37.960,0.00
1786218993,bench_mixed,0.00,0.00,0.0,0.000,0.000,0.000,37.960,0.00
1786218998,bench_mixed,0.00,0.00,0.0,0.000,0.000,0.000,37.960,0.00
1786219003,bench_mixed,0.00,0.00,0.0,0.000,0.000,0.000,37.960,0.00
1786219008,bench_mixed,0.00,0.00,0.0,0.000,0.000,0.000,37.960,0.00
1786219013,bench_mixed,0.00,0.00,0.0,0.000,0.000,0.000,37.960,0.00
1786219018,bench_mixed,0.00,0.00,0.0,0.000,0.000,0.000,37.960,0.00
1786219024,bench_mixed,0.00,0.00,0.0,0.000,0.000,0.000,37.958,0.00
1786219029,bench_mixed,0.00,0.00,0.0,0.000,0.000,0.000,37.958,0.00
1786219034,bench_mixed,0.00,0.00,0.0,0.000,0.000,0.000,37.960,0.00
1786219039,bench_mixed,0.00,0.00,0.0,0.000,0.000,0.000,37.960,0.00
1786219044,bench_mixed,0.00,0.00,0.0,0.000,0.000,0.000,37.958,0.00
1786219049,bench_mixed,0.00,0.00,0.0,0.000,0.000,0.000,37.960,0.00
1786219054,bench_mixed,0.00,0.00,0.0,0.000,0.000,0.000,37.957,0.00
1786219059,bench_mixed,0.00,0.00,0.0,0.000,0.000,0.000,37.958,0.00
1786219064,bench_mixed,0.00,0.00,0.0,0.000,0.000,0.000,37.958,0.00
1786219069,bench_mixed,0.00,0.00,0.0,0.000,0.000,0.000,37.959,0.00
1786219074,bench_mixed,0.00,0.00,0.0,0.000,0.000,0.000,37.958,0.00
1786219079,bench_mixed,0.00,0.00,0.0,0.000,0.000,0.000,37.959,0.00
1786219084,bench_mixed,0.00,0.00,0.0,0.000,0.000,0.000,37.959,0.00
1786219089,bench_mixed,0.00,0.00,0.0,0.000,0.000,0.000,37.960,0.00
1786219094,bench_mixed,0.00,0.00,0.0,0.000,0.000,0.000,37.959,0.00
1786219099,bench_mixed,0.00,0.00,0.0,0.000,0.000,0.000,37.960,0.00
1786219104,bench_mixed,0.00,0.00,0.0,0.000,0.000,0.000,37.964,0.00
1786219109,bench_mixed,0.00,0.00,0.0,0.000,0.000,0.000,37.966,0.00
1786219114,bench_mixed,0.00,0.00,0.0,0.000,0.000,0.000,37.962,0.00
1786219120,bench_mixed,0.00,0.00,0.0,0.000,0.000,0.000,37.962,0.00
1786219125,bench_mixed,0.00,0.00,0.0,0.000,0.000,0.000,37.962,0.00
1786219130,bench_mixed,0.00,0.00,0.0,0.000,0.000,0.000,37.963,0.00
1786219135,bench_mixed,0.00,0.00,0.0,0.000,0.000,0.000,37.963,0.00
1786219140,bench_mixed,0.00,0.00,0.0,0.000,0.000,0.000,37.964,0.00
1786219145,bench_mixed,0.00,0.00,0.0,0.000,0.000,0.000,37.963,0.00
1786219150,bench_mixed,0.00,0.00,0.0,0.000,0.000,0.000,37.963,0.00
1786219155,bench_mixed,0.00,0.00,0.0,0.000,0.000,0.000,37.964,0.00
1786219160,bench_mixed,0.00,0.00,0.0,0.000,0.000,0.000,37.964,0.00
1786219165,bench_mixed,0.00,0.00,0.0,0.000,0.000,0.000,37.965,0.00
1786219170,bench_mixed,0.00,0.00,0.0,0.000,0.000,0.000,37.964,0.00
1786219175,bench_mixed,0.00,0.00,0.0,0.000,0.000,0.000,37.966,0.00
1786219180,bench_mixed,0.00,0.00,0.0,0.000,0.000,0.000,37.966,0.00
1786219185,bench_mixed,0.00,0.00,0.0,0.000,0.000,0.000,37.964,0.00
1786219190,bench_mixed,0.00,0.00,0.0,0.000,0.000,0.000,37.964,0.00
1786219195,bench_mixed,0.00,0.00,0.0,0.000,0.000,0.000,37.964,0.00
1786219200,bench_mixed,0.00,0.00,0.0,0.000,0.000,0.000,37.964,0.00
1786219205,bench_mixed,0.00,0.00,0.0,0.000,0.000,0.000,37.958,0.00
1786219210,bench_mixed,0.00,0.00,0.0,0.000,0.000,0.000,37.962,0.00
1786219216,bench_mixed,0.00,0.00,0.0,0.000,0.000,0.000,37.962,0.00
1786219221,bench_mixed,0.00,0.00,0.0,0.000,0.000,0.000,37.961,0.00
1786219226,bench_mixed,0.00,0.00,0.0,0.000,0.000,0.000,37.961,0.00
1786219231,bench_mixed,0.00,0.00,0.0,0.000,0.000,0.000,37.955,0.00
1786219236,bench_mixed,0.00,0.00,0.0,0.000,0.000,0.000,37.957,0.00
1786219241,bench_mixed,0.00,0.00,0.0,0.000,0.000,0.000,37.959,0.00
1786219246,bench_mixed,0.00,0.00,0.0,0.000,0.000,0.000,37.959,0.00
1786219251,bench_mixed,0.00,0.00,0.0,0.000,0.000,0.000,37.957,0.00
1786219256,bench_mixed,0.00,0.00,0.0,0.000,0.000,0.000,37.957,0.00
1786219261,bench_mixed,0.00,0.00,0.0,0.000,0.000,0.000,37.957,0.00
1786219266,bench_mixed,0.00,0.00,0.0,0.000,0.000,0.000,37.958,0.00
1786219271,bench_mixed,0.00,0.00,0.0,0.000,0.000,0.000,37.959,0.00
1786219276,bench_mixed,0.00,0.00,0.0,0.000,0.000,0.000,37.959,0.00
1786219281,bench_mixed,0.00,0.00,0.0,0.000,0.000,0.000,37.962,0.00
1786219286,bench_mixed,0.00,0.00,0.0,0.000,0.000,0.000,37.962,0.00
1786219291,bench_mixed,0.00,0.00,0.0,0.000,0.000,0.000,37.960,0.00
1786219296,bench_mixed,0.00,0.00,0.0,0.000,0.000,0.000,37.958,0.00
1786219301,bench_mixed,0.00,0.00,0.0,0.000,0.000,0.000,37.959,0.00
1786219306,bench_mixed,0.00,0.00,0.0,0.000,0.000,0.000,37.959,0.00
1786219312,bench_mixed,0.00,0.00,0.0,0.000,0.000,0.000,37.960,0.00
1786219317,bench_mixed,0.00,0.00,0.0,0.000,0.000,0.000,37.960,0.00
1786219322,bench_mixed,0.00,0.00,0.0,0.000,0.000,0.000,37.960,0.00
1786219327,bench_mixed,0.00,0.00,0.0,0.000,0.000,0.000,37.960,0.00
1786219332,bench_mixed,0.00,0.00,0.0,0.000,0.000,0.000,37.963,0.00
1786219337,bench_mixed,0.00,0.00,0.0,0.000,0.000,0.000,37.963,0.00
1786219342,bench_mixed,0.00,0.00,0.0,0.000,0.000,0.000,37.964,0.00
1786219347,bench_mixed,0.00,0.00,0.0,0.000,0.000,0.000,37.964,0.00
1786219352,bench_mixed,0.00,0.00,0.0,0.000,0.000,0.000,37.962,0.00
1786219357,bench_mixed,0.00,0.00,0.0,0.000,0.000,0.000,37.961,0.00
1786219362,bench_mixed,0.00,0.00,0.0,0.000,0.000,0.000,37.963,0.00
1786219367,bench_mixed,0.00,0.00,0.0,0.000,0.000,0.000,37.963,0.00
1786219372,bench_mixed,0.00,0.00,0.0,0.000,0.000,0.000,37.965,0.00
1786219377,bench_mixed,0.00,0.00,0.0,0.000,0.000,0.000,37.965,0.00
1786219382,bench_mixed,0.00,0.00,0.0,0.000,0.000,0.000,37.963,0.00
1786219387,bench_mixed,0.00,0.00,0.0,0.000,0.000,0.000,37.963,0.00
1786219392,bench_mixed,0.00,0.00,0.0,0.000,0.000,0.000,37.963,0.00
1786219397,bench_mixed,0.00,0.00,0.0,0.000,0.000,0.000,37.963,0.00
1786219402,bench_mixed,0.00,0.00,0.0,0.000,0.000,0.000,37.960,0.00
1786219408,bench_mixed,0.00,0.00,0.0,0.000,0.000,0.000,37.961,0.00
1786219413,bench_mixed,0.00,0.00,0.0,0.000,0.000,0.000,37.962,0.00
1786219418,bench_mixed,0.00,0.00,0.0,0.000,0.000,0.000,37.962,0.00
1786219423,bench_mixed,0.00,0.00,0.0,0.000,0.000,0.000,37.965,0.00
1786219428,bench_mixed,0.00,0.00,0.0,0.000,0.000,0.000,37.965,0.00
1786219433,bench_mixed,0.00,0.00,0.0,0.000,0.000,0.000,37.964,0.00
1786219438,bench_mixed,0.00,0.00,0.0,0.000,0.000,0.000,37.964,0.00
1786219443,bench_mixed,0.00,0.00,0.0,0.000,0.000,0.000,37.963,0.00
1786219448,bench_mixed,0.00,0.00,0.0,0.000,0.000,0.000,37.963,0.00
1786219453,bench_mixed,0.00,0.00,0.0,0.000,0.000,0.000,37.962,0.00
1786219458,bench_mixed,0.00,0.00,0.0,0.000,0.000,0.000,37.963,0.00
1786219463,bench_mixed,0.00,0.00,0.0,0.000,0.000,0.000,37.959,0.00
1786219468,bench_mixed,0.00,0.00,0.0,0.000,0.000,0.000,37.960,0.00
1786219473,bench_mixed,0.00,0.00,0.0,0.000,0.000,0.000,37.958,0.00
1786219478,bench_mixed,0.00,0.00,0.0,0.000,0.000,0.000,37.959,0.00
1786219483,bench_mixed,0.00,0.00,0.0,0.000,0.000,0.000,37.959,0.00
1786219488,bench_mixed,0.00,0.00,0.0,0.000,0.000,0.000,37.959,0.00
1786219493,bench_mixed,0.00,0.00,0.0,0.000,0.000,0.000,37.960,0.00
1786219498,bench_mixed,0.00,0.00,0.0,0.000,0.000,0.000,37.961,0.00
1786219504,bench_mixed,0.00,0.00,0.0,0.000,0.000,0.000,37.959,0.00
1786219509,bench_mixed,0.00,0.00,0.0,0.000,0.000,0.000,37.959,0.00
1786219514,bench_mixed,0.00,0.00,0.0,0.000,0.000,0.000,37.958,0.00
1786219519,bench_mixed,0.00,0.00,0.0,0.000,0.000,0.000,37.959,0.00
1786219524,bench_mixed,0.00,0.00,0.0,0.000,0.000,0.000,37.960,0.00
1786219529,bench_mixed,0.00,0.00,0.0,0.000,0.000,0.000,37.961,0.00
1786219534,bench_mixed,0.00,0.00,0.0,0.000,0.000,0.000,37.959,0.00
1786219539,bench_mixed,0.00,0.00,0.0,0.000,0.000,0.000,37.960,0.00
1786219544,bench_mixed,0.00,0.00,0.0,0.000,0.000,0.000,37.962,0.00
1786219549,bench_mixed,0.00,0.00,0.0,0.000,0.000,0.000,37.960,0.00
1786219554,bench_mixed,0.00,0.00,0.0,0.000,0.000,0.000,37.959,0.00
1786219559,bench_mixed,0.00,0.00,0.0,0.000,0.000,0.000,37.958,0.00
1786219564,bench_mixed,0.00,0.00,0.0,0.000,0.000,0.000,37.953,0.00
1786219569,bench_mixed,0.00,0.00,0.0,0.000,0.000,0.000,37.959,0.00
1786219574,bench_mixed,0.00,0.00,0.0,0.000,0.000,0.000,37.959,0.00
1786219579,bench_mixed,0.00,0.00,0.0,0.000,0.000,0.000,37.958,0.00
1786219584,bench_mixed,0.00,0.00,0.0,0.000,0.000,0.000,37.958,0.00
1786219589,bench_mixed,0.00,0.00,0.0,0.000,0.000,0.000,37.961,0.00
1786219594,bench_mixed,0.00,0.00,0.0,0.000,0.000,0.000,37.961,0.00
1786219600,bench_mixed,0.00,0.00,0.0,0.000,0.000,0.000,37.963,0.00
1786219605,bench_mixed,0.00,0.00,0.0,0.000,0.000,0.000,37.964,0.00
1786219610,bench_mixed,0.00,0.00,0.0,0.000,0.000,0.000,37.964,0.00
1786219615,bench_mixed,0.00,0.00,0.0,0.000,0.000,0.000,37.962,0.00
1786219620,bench_mixed,0.00,0.00,0.0,0.000,0.000,0.000,37.961,0.00
1786219625,bench_mixed,0.00,0.00,0.0,0.000,0.000,0.000,37.961,0.00
1786219630,bench_mixed,0.00,0.00,0.0,0.000,0.000,0.000,37.959,0.00
1786219635,bench_mixed,0.00,0.00,0.0,0.000,0.000,0.000,37.959,0.00
1786219640,bench_mixed,0.00,0.00,0.0,0.000,0.000,0.000,37.958,0.00
1786219645,bench_mixed,0.00,0.00,0.0,0.000,0.000,0.000,37.957,0.00
1786219650,bench_mixed,0.00,0.00,0.0,0.000,0.000,0.000,37.958,0.00
1786219655,bench_mixed,0.00,0.00,0.0,0.000,0.000,0.000,37.960,0.00
1786219660,bench_mixed,0.00,0.00,0.0,0.000,0.000,0.000,37.958,0.00
1786219665,bench_mixed,0.00,0.00,0.0,0.000,0.000,0.000,37.958,0.00
1786219670,bench_mixed,0.00,0.00,0.0,0.000,0.000,0.000,37.957,0.00
1786219675,bench_mixed,0.00,0.00,0.0,0.000,0.000,0.000,37.956,0.00
1786219680,bench_mixed,0.00,0.00,0.0,0.000,0.000,0.000,37.951,0.00
1786219685,bench_mixed,0.00,0.00,0.0,0.000,0.000,0.000,37.953,0.00
1786219690,bench_mixed,0.00,0.00,0.0,0.000,0.000,0.000,37.953,0.00
1786219696,bench_mixed,0.00,0.00,0.0,0.000,0.000,0.000,37.953,0.00
1786219701,bench_mixed,0.00,0.00,0.0,0.000,0.000,0.000,37.952,0.00
1786219706,bench_mixed,0.00,0.00,0.0,0.000,0.000,0.000,37.952,0.00
1786219711,bench_mixed,0.00,0.00,0.0,0.000,0.000,0.000,37.955,0.00
1786219716,bench_mixed,0.00,0.00,0.0,0.000,0.000,0.000,37.955,0.00
1786219721,bench_mixed,0.00,0.00,0.0,0.000,0.000,0.000,37.955,0.00
1786219726,bench_mixed,0.00,0.00,0.0,0.000,0.000,0.000,37.955,0.00
1786219731,bench_mixed,0.00,0.00,0.0,0.000,0.000,0.000,37.957,0.00
1786219736,bench_mixed,0.00,0.00,0.0,0.000,0.000,0.000,37.957,0.00
1786219741,bench_mixed,0.00,0.00,0.0,0.000,0.000,0.000,37.957,0.00
1786219746,bench_mixed,0.00,0.00,0.0,0.000,0.000,0.000,37.957,0.00
1786219751,bench_mixed,0.00,0.00,0.0,0.000,0.000,0.000,37.958,0.00
1786219756,bench_mixed,0.00,0.00,0.0,0.000,0.000,0.000,37.958,0.00
1786219761,bench_mixed,0.00,0.00,0.0,0.000,0.000,0.000,37.959,0.00
1786219766,bench_mixed,0.00,0.00,0.0,0.000,0.000,0.000,37.959,0.00
1786219771,bench_mixed,0.00,0.00,0.0,0.000,0.000,0.000,37.961,0.00
1786219776,bench_mixed,0.00,0.00,0.0,0.000,0.000,0.000,37.961,0.00
1786219781,bench_mixed,0.00,0.00,0.0,0.000,0.000,0.000,37.961,0.00
1786219786,bench_mixed,0.00,0.00,0.0,0.000,0.000,0.000,37.961,0.00
1786219792,bench_mixed,0.00,0.00,0.0,0.000,0.000,0.000,37.961,0.00
1786219797,bench_mixed,0.00,0.00,0.0,0.000,0.000,0.000,37.964,0.00
1786219802,bench_mixed,0.00,0.00,0.0,0.000,0.000,0.000,37.964,0.00
1786219807,bench_mixed,0.00,0.00,0.0,0.000,0.000,0.000,37.964,0.00
1786219812,bench_mixed,0.00,0.00,0.0,0.000,0.000,0.000,37.965,0.00
1786219817,bench_mixed,0.00,0.00,0.0,0.000,0.000,0.000,37.964,0.00
1786219822,bench_mixed,0.00,0.00,0.0,0.000,0.000,0.000,37.962,0.00
1786219827,bench_mixed,0.00,0.00,0.0,0.000,0.000,0.000,37.963,0.00
1786219832,bench_mixed,0.00,0.00,0.0,0.000,0.000,0.000,37.961,0.00
1786219837,bench_mixed,0.00,0.00,0.0,0.000,0.000,0.000,37.962,0.00
1786219842,bench_mixed,0.00,0.00,0.0,0.000,0.000,0.000,37.960,0.00
1786219847,bench_mixed,0.00,0.00,0.0,0.000,0.000,0.000,37.962,0.00
1786219852,bench_mixed,0.00,0.00,0.0,0.000,0.000,0.000,37.964,0.00
1786219857,bench_mixed,0.00,0.00,0.0,0.000,0.000,0.000,37.965,0.00
1786219862,bench_mixed,0.00,0.00,0.0,0.000,0.000,0.000,37.963,0.00
1786219867,bench_mixed,0.00,0.00,0.0,0.000,0.000,0.000,37.963,0.00
1786219872,bench_mixed,0.00,0.00,0.0,0.000,0.000,0.000,37.961,0.00
1786219877,bench_mixed,0.00,0.00,0.0,0.000,0.000,0.000,37.960,0.00
1786219882,bench_mixed,0.00,0.00,0.0,0.000,0.000,0.000,37.961,0.00
1786219888,bench_mixed,0.00,0.00,0.0,0.000,0.000,0.000,37.961,0.00
1786219893,bench_mixed,0.00,0.00,0.0,0.000,0.000,0.000,37.961,0.00
1786219898,bench_mixed,0.00,0.00,0.0,0.000,0.000,0.000,37.961,0.00
1786219903,bench_mixed,0.00,0.00,0.0,0.000,0.000,0.000,37.958,0.00
1786219908,bench_mixed,0.00,0.00,0.0,0.000,0.000,0.000,37.958,0.00
1786219913,bench_mixed,0.00,0.00,0.0,0.000,0.000,0.000,37.955,0.00
1786219918,bench_mixed,0.00,0.00,0.0,0.000,0.000,0.000,37.955,0.00
1786219923,bench_mixed,0.00,0.00,0.0,0.000,0.000,0.000,37.955,0.00
1786219928,bench_mixed,0.00,0.00,0.0,0.000,0.000,0.000,37.954,0.00
1786219933,bench_mixed,0.00,0.00,0.0,0.000,0.000,0.000,37.952,0.00
1786219938,bench_mixed,0.00,0.00,0.0,0.000,0.000,0.000,37.953,0.00
1786219943,bench_mixed,0.00,0.00,0.0,0.000,0.000,0.000,37.953,0.00
1786219948,bench_mixed,0.00,0.00,0.0,0.000,0.000,0.000,37.953,0.00
1786219953,bench_mixed,0.00,0.00,0.0,0.000,0.000,0.000,37.952,0.00
1786219958,bench_mixed,0.00,0.00,0.0,0.000,0.000,0.000,37.953,0.00
1786219963,bench_mixed,0.00,0.00,0.0,0.000,0.000,0.000,37.953,0.00
1786219968,bench_mixed,0.00,0.00,0.0,0.000,0.000,0.000,37.955,0.00
1786219973,bench_mixed,0.00,0.00,0.0,0.000,0.000,0.000,37.955,0.00
1786219978,bench_mixed,0.00,0.00,0.0,0.000,0.000,0.000,37.954,0.00
1786219984,bench_mixed,0.00,0.00,0.0,0.000,0.000,0.000,37.954,0.00
1786219989,bench_mixed,0.00,0.00,0.0,0.000,0.000,0.000,37.948,0.00
1786219994,bench_mixed,0.00,0.00,0.0,0.000,0.000,0.000,37.950,0.00
1786219999,bench_mixed,0.00,0.00,0.0,0.000,0.000,0.000,37.952,0.00
1786220004,bench_mixed,0.00,0.00,0.0,0.000,0.000,0.000,37.952,0.00
1786220009,bench_mixed,0.00,0.00,0.0,0.000,0.000,0.000,37.951,0.00
1786220014,bench_mixed,0.00,0.00,0.0,0.000,0.000,0.000,37.950,0.00
1786220019,bench_mixed,0.00,0.00,0.0,0.000,0.000,0.000,37.949,0.00
1786220024,bench_mixed,0.00,0.00,0.0,0.000,0.000,0.000,37.949,0.00
1786220029,bench_mixed,0.00,0.00,0.0,0.000,0.000,0.000,37.947,0.00
1786220034,bench_mixed,0.00,0.00,0.0,0.000,0.000,0.000,37.947,0.00
1786220039,bench_mixed,0.00,0.00,0.0,0.000,0.000,0.000,37.949,0.00
1786220044,bench_mixed,0.00,0.00,0.0,0.000,0.000,0.000,37.948,0.00
1786220049,bench_mixed,0.00,0.00,0.0,0.000,0.000,0.000,37.950,0.00
1786220054,bench_mixed,0.00,0.00,0.0,0.000,0.000,0.000,37.949,0.00
1786220059,bench_mixed,0.00,0.00,0.0,0.000,0.000,0.000,37.950,0.00
1786220064,bench_mixed,0.00,0.00,0.0,0.000,0.000,0.000,37.950,0.00
1786220069,bench_mixed,0.00,0.00,0.0,0.000,0.000,0.000,37.949,0.00
1786220074,bench_mixed,0.00,0.00,0.0,0.000,0.000,0.000,37.949,0.00
1786220080,bench_mixed,0.00,0.00,0.0,0.000,0.000,0.000,37.947,0.00
1786220085,bench_mixed,0.00,0.00,0.0,0.000,0.000,0.000,37.948,0.00
1786220090,bench_mixed,0.00,0.00,0.0,0.000,0.000,0.000,37.946,0.00
1786220095,bench_mixed,0.00,0.00,0.0,0.000,0.000,0.000,37.946,0.00
1786220100,bench_mixed,0.00,0.00,0.0,0.000,0.000,0.000,37.946,0.00
1786220105,bench_mixed,0.00,0.00,0.0,0.000,0.000,0.000,37.946,0.00
1786220110,bench_mixed,0.00,0.00,0.0,0.000,0.000,0.000,37.944,0.00
1786220115,bench_mixed,0.00,0.00,0.0,0.000,0.000,0.000,37.945,0.00
1786220120,bench_mixed,0.00,0.00,0.0,0.000,0.000,0.000,37.947,0.00
1786220125,bench_mixed,0.00,0.00,0.0,0.000,0.000,0.000,37.947,0.00
1786220130,bench_mixed,0.00,0.00,0.0,0.000,0.000,0.000,37.949,0.00
1786220135,bench_mixed,0.00,0.00,0.0,0.000,0.000,0.000,37.949,0.00
1786220140,bench_mixed,0.00,0.00,0.0,0.000,0.000,0.000,37.948,0.00
1786220145,bench_mixed,0.00,0.00,0.0,0.000,0.000,0.000,37.948,0.00
1786220150,bench_mixed,0.00,0.00,0.0,0.000,0.000,0.000,37.946,0.00
1786220155,bench_mixed,0.00,0.00,0.0,0.000,0.000,0.000,37.946,0.00
1786220160,bench_mixed,0.00,0.00,0.0,0.000,0.000,0.000,37.944,0.00
1786220165,bench_mixed,0.00,0.00,0.0,0.000,0.000,0.000,37.941,0.00
1786220170,bench_mixed,0.00,0.00,0.0,0.000,0.000,0.000,37.944,0.00
1786220175,bench_mixed,0.00,0.00,0.0,0.000,0.000,0.000,37.945,0.00
1786220181,bench_mixed,0.00,0.00,0.0,0.000,0.000,0.000,37.944,0.00
1786220186,bench_mixed,0.00,0.00,0.0,0.000,0.000,0.000,37.945,0.00
1786220191,bench_mixed,0.00,0.00,0.0,0.000,0.000,0.000,37.945,0.00
1786220196,bench_mixed,0.00,0.00,0.0,0.000,0.000,0.000,37.946,0.00
1786220201,bench_mixed,0.00,0.00,0.0,0.000,0.000,0.000,37.947,0.00
1786220206,bench_mixed,0.00,0.00,0.0,0.000,0.000,0.000,37.947,0.00
1786220211,bench_mixed,0.00,0.00,0.0,0.000,0.000,0.000,37.946,0.00
1786220216,bench_mixed,0.00,0.00,0.0,0.000,0.000,0.000,37.946,0.00
1786220221,bench_mixed,0.00,0.00,0.0,0.000,0.000,0.000,37.946,0.00
1786220226,bench_mixed,0.00,0.00,0.0,0.000,0.000,0.000,37.950,0.00
1786220231,bench_mixed,0.00,0.00,0.0,0.000,0.000,0.000,37.951,0.00
1786220236,bench_mixed,0.00,0.00,0.0,0.000,0.000,0.000,37.952,0.00
1786220241,bench_mixed,0.00,0.00,0.0,0.000,0.000,0.000,37.950,0.00
1786220246,bench_mixed,0.00,0.00,0.0,0.000,0.000,0.000,37.953,0.00
1786220251,bench_mixed,0.00,0.00,0.0,0.000,0.000,0.000,37.953,0.00
1786220256,bench_mixed,0.00,0.00,0.0,0.000,0.000,0.000,37.953,0.00
1786220261,bench_mixed,0.00,0.00,0.0,0.000,0.000,0.000,37.953,0.00
1786220266,bench_mixed,0.00,0.00,0.0,0.000,0.000,0.000,37.954,0.00
1786220271,bench_mixed,0.00,0.00,0.0,0.000,0.000,0.000,37.954,0.00
1786220277,bench_mixed,0.00,0.00,0.0,0.000,0.000,0.000,37.954,0.00
1786220282,bench_mixed,0.00,0.00,0.0,0.000,0.000,0.000,37.952,0.00
1786220287,bench_mixed,0.00,0.00,0.0,0.000,0.000,0.000,37.952,0.00
1786220292,bench_mixed,0.00,0.00,0.0,0.000,0.000,0.000,37.951,0.00
1786220297,bench_mixed,0.00,0.00,0.0,0.000,0.000,0.000,37.952,0.00
1786220302,bench_mixed,0.00,0.00,0.0,0.000,0.000,0.000,37.952,0.00
1786220307,bench_mixed,0.00,0.00,0.0,0.000,0.000,0.000,37.951,0.00
1786220312,bench_mixed,0.00,0.00,0.0,0.000,0.000,0.000,37.951,0.00
1786220317,bench_mixed,0.00,0.00,0.0,0.000,0.000,0.000,37.952,0.00
1786220322,bench_mixed,0.00,0.00,0.0,0.000,0.000,0.000,37.953,0.00
1786220327,bench_mixed,0.00,0.00,0.0,0.000,0.000,0.000,37.954,0.00
1786220332,bench_mixed,0.00,0.00,0.0,0.000,0.000,0.000,37.954,0.00
1786220337,bench_mixed,0.00,0.00,0.0,0.000,0.000,0.000,37.955,0.00
1786220342,bench_mixed,0.00,0.00,0.0,0.000,0.000,0.000,37.955,0.00
1786220347,bench_mixed,0.00,0.00,0.0,0.000,0.000,0.000,37.956,0.00
1786220352,bench_mixed,0.00,0.00,0.0,0.000,0.000,0.000,37.956,0.00
1786220357,bench_mixed,0.00,0.00,0.0,0.000,0.000,0.000,37.958,0.00
1786220362,bench_mixed,0.00,0.00,0.0,0.000,0.000,0.000,37.958,0.00
1786220367,bench_mixed,0.00,0.00,0.0,0.000,0.000,0.000,37.958,0.00
1786220373,bench_mixed,0.00,0.00,0.0,0.000,0.000,0.000,37.958,0.00
1786220378,bench_mixed,0.00,0.00,0.0,0.000,0.000,0.000,37.958,0.00
1786220383,bench_mixed,0.00,0.00,0.0,0.000,0.000,0.000,37.959,0.00
1786220388,bench_mixed,0.00,0.00,0.0,0.000,0.000,0.000,37.957,0.00
1786220393,bench_mixed,0.00,0.00,0.0,0.000,0.000,0.000,37.957,0.00
1786220398,bench_mixed,0.00,0.00,0.0,0.000,0.000,0.000,37.961,0.00
1786220403,bench_mixed,0.00,0.00,0.0,0.000,0.000,0.000,37.963,0.00
1786220408,bench_mixed,0.00,0.00,0.0,0.000,0.000,0.000,37.961,0.00
1786220413,bench_mixed,0.00,0.00,0.0,0.000,0.000,0.000,37.960,0.00
1786220418,bench_mixed,0.00,0.00,0.0,0.000,0.000,0.000,37.959,0.00
1786220423,bench_mixed,0.00,0.00,0.0,0.000,0.000,0.000,37.959,0.00
1786220428,bench_mixed,0.00,0.00,0.0,0.000,0.000,0.000,37.959,0.00
1786220433,bench_mixed,0.00,0.00,0.0,0.000,0.000,0.000,37.959,0.00
1786220438,bench_mixed,0.00,0.00,0.0,0.000,0.000,0.000,37.958,0.00
1786220443,bench_mixed,0.00,0.00,0.0,0.000,0.000,0.000,37.958,0.00
1786220448,bench_mixed,0.00,0.00,0.0,0.000,0.000,0.000,37.955,0.00
1786220453,bench_mixed,0.00,0.00,0.0,0.000,0.000,0.000,37.955,0.00
1786220458,bench_mixed,0.00,0.00,0.0,0.000,0.000,0.000,37.954,0.00
1786220463,bench_mixed,0.00,0.00,0.0,0.000,0.000,0.000,37.954,0.00
1786220469,bench_mixed,0.00,0.00,0.0,0.000,0.000,0.000,37.954,0.00
1786220474,bench_mixed,0.00,0.00,0.0,0.000,0.000,0.000,37.954,0.00
1786220479,bench_mixed,0.00,0.00,0.0,0.000,0.000,0.000,37.953,0.00
1786220484,bench_mixed,0.00,0.00,0.0,0.000,0.000,0.000,37.955,0.00
1786220489,bench_mixed,0.00,0.00,0.0,0.000,0.000,0.000,37.953,0.00
1786220494,bench_mixed,0.00,0.00,0.0,0.000,0.000,0.000,37.953,0.00
1786220499,bench_mixed,0.00,0.00,0.0,0.000,0.000,0.000,37.952,0.00
1786220504,bench_mixed,0.00,0.00,0.0,0.000,0.000,0.000,37.952,0.00
1786220509,bench_mixed,0.00,0.00,0.0,0.000,0.000,0.000,37.953,0.00
1786220514,bench_mixed,0.00,0.00,0.0,0.000,0.000,0.000,37.953,0.00
1786220519,bench_mixed,0.00,0.00,0.0,0.000,0.000,0.000,37.952,0.00
1786220524,bench_mixed,0.00,0.00,0.0,0.000,0.000,0.000,37.952,0.00
1786220529,bench_mixed,0.00,0.00,0.0,0.000,0.000,0.000,37.951,0.00
1786220534,bench_mixed,0.00,0.00,0.0,0.000,0.000,0.000,37.951,0.00
1786220539,bench_mixed,0.00,0.00,0.0,0.000,0.000,0.000,37.953,0.00
1786220544,bench_mixed,0.00,0.00,0.0,0.000,0.000,0.000,37.952,0.00
1786220549,bench_mixed,0.00,0.00,0.0,0.000,0.000,0.000,37.953,0.00
1786220554,bench_mixed,0.00,0.00,0.0,0.000,0.000,0.000,37.953,0.00
1786220559,bench_mixed,0.00,0.00,0.0,0.000,0.000,0.000,37.954,0.00
1786220565,bench_mixed,0.00,0.00,0.0,0.000,0.000,0.000,37.955,0.00
1786220570,bench_mixed,0.00,0.00,0.0,0.000,0.000,0.000,37.954,0.00
1786220575,bench_mixed,0.00,0.00,0.0,0.000,0.000,0.000,37.954,0.00
1786220580,bench_mixed,0.00,0.00,0.0,0.000,0.000,0.000,37.954,0.00
1786220585,bench_mixed,0.00,0.00,0.0,0.000,0.000,0.000,37.955,0.00
1786220590,bench_mixed,0.00,0.00,0.0,0.000,0.000,0.000,37.954,0.00
1786220595,bench_mixed,0.00,0.00,0.0,0.000,0.000,0.000,37.955,0.00
1786220600,bench_mixed,0.00,0.00,0.0,0.000,0.000,0.000,37.953,0.00
1786220605,bench_mixed,0.00,0.00,0.0,0.000,0.000,0.000,37.951,0.00
1786220610,bench_mixed,0.00,0.00,0.0,0.000,0.000,0.000,37.954,0.00
1786220615,bench_mixed,0.00,0.00,0.0,0.000,0.000,0.000,37.954,0.00
1786220620,bench_mixed,0.00,0.00,0.0,0.000,0.000,0.000,37.953,0.00
1786220625,bench_mixed,0.00,0.00,0.0,0.000,0.000,0.000,37.954,0.00
1786220630,bench_mixed,0.00,0.00,0.0,0.000,0.000,0.000,37.945,0.00
1786220635,bench_mixed,0.00,0.00,0.0,0.000,0.000,0.000,37.953,0.00
1786220640,bench_mixed,0.00,0.00,0.0,0.000,0.000,0.000,37.954,0.00
1786220645,bench_mixed,0.00,0.00,0.0,0.000,0.000,0.000,37.954,0.00
1786220650,bench_mixed,0.00,0.00,0.0,0.000,0.000,0.000,37.954,0.00
1786220655,bench_mixed,0.00,0.00,0.0,0.000,0.000,0.000,37.953,0.00
1786220661,bench_mixed,0.00,0.00,0.0,0.000,0.000,0.000,37.953,0.00
1786220666,bench_mixed,0.00,0.00,0.0,0.000,0.000,0.000,37.951,0.00
1786220671,bench_mixed,0.00,0.00,0.0,0.000,0.000,0.000,37.952,0.00
1786220676,bench_mixed,0.00,0.00,0.0,0.000,0.000,0.000,37.951,0.00
1786220681,bench_mixed,0.00,0.00,0.0,0.000,0.000,0.000,37.951,0.00
1786220686,bench_mixed,0.00,0.00,0.0,0.000,0.000,0.000,37.950,0.00
1786220691,bench_mixed,0.00,0.00,0.0,0.000,0.000,0.000,37.950,0.00
1786220696,bench_mixed,0.00,0.00,0.0,0.000,0.000,0.000,37.951,0.00
1786220701,bench_mixed,0.00,0.00,0.0,0.000,0.000,0.000,37.951,0.00
1786220706,bench_mixed,0.00,0.00,0.0,0.000,0.000,0.000,37.949,0.00
1786220711,bench_mixed,0.00,0.00,0.0,0.000,0.000,0.000,37.949,0.00
1786220716,bench_mixed,0.00,0.00,0.0,0.000,0.000,0.000,37.948,0.00
1786220721,bench_mixed,0.00,0.00,0.0,0.000,0.000,0.000,37.948,0.00
1786220726,bench_mixed,0.00,0.00,0.0,0.000,0.000,0.000,37.952,0.00
1786220731,bench_mixed,0.00,0.00,0.0,0.000,0.000,0.000,37.953,0.00
1786220736,bench_mixed,0.00,0.00,0.0,0.000,0.000,0.000,37.952,0.00
1786220741,bench_mixed,0.00,0.00,0.0,0.000,0.000,0.000,37.952,0.00
1786220746,bench_mixed,0.00,0.00,0.0,0.000,0.000,0.000,37.951,0.00
1786220751,bench_mixed,0.00,0.00,0.0,0.000,0.000,0.000,37.951,0.00
1786220757,bench_mixed,0.00,0.00,0.0,0.000,0.000,0.000,37.951,0.00
1786220762,bench_mixed,0.00,0.00,0.0,0.000,0.000,0.000,37.951,0.00
1786220767,bench_mixed,0.00,0.00,0.0,0.000,0.000,0.000,37.950,0.00
1786220772,bench_mixed,0.00,0.00,0.0,0.000,0.000,0.000,37.951,0.00
1786220777,bench_mixed,0.00,0.00,0.0,0.000,0.000,0.000,37.951,0.00
1786220782,bench_mixed,0.00,0.00,0.0,0.000,0.000,0.000,37.952,0.00
1786220787,bench_mixed,0.00,0.00,0.0,0.000,0.000,0.000,37.951,0.00
1786220792,bench_mixed,0.00,0.00,0.0,0.000,0.000,0.000,37.947,0.00
1786220797,bench_mixed,0.00,0.00,0.0,0.000,0.000,0.000,37.951,0.00
1786220802,bench_mixed,0.00,0.00,0.0,0.000,0.000,0.000,37.951,0.00
1786220807,bench_mixed,0.00,0.00,0.0,0.000,0.000,0.000,37.949,0.00
1786220812,bench_mixed,0.00,0.00,0.0,0.000,0.000,0.000,37.948,0.00
1786220817,bench_mixed,0.00,0.00,0.0,0.000,0.000,0.000,37.946,0.00
1786220822,bench_mixed,0.00,0.00,0.0,0.000,0.000,0.000,37.946,0.00
1786220827,bench_mixed,0.00,0.00,0.0,0.000,0.000,0.000,37.947,0.00
1786220832,bench_mixed,0.00,0.00,0.0,0.000,0.000,0.000,37.947,0.00
1786220837,bench_mixed,0.00,0.00,0.0,0.000,0.000,0.000,37.947,0.00
1786220842,bench_mixed,0.00,0.00,0.0,0.000,0.000,0.000,37.947,0.00
1786220847,bench_mixed,0.00,0.00,0.0,0.000,0.000,0.000,37.948,0.00
1786220853,bench_mixed,0.00,0.00,0.0,0.000,0.000,0.000,37.948,0.00
1786220858,bench_mixed,0.00,0.00,0.0,0.000,0.000,0.000,37.948,0.00
1786220863,bench_mixed,0.00,0.00,0.0,0.000,0.000,0.000,37.949,0.00
1786220868,bench_mixed,0.00,0.00,0.0,0.000,0.000,0.000,37.949,0.00
1786220873,bench_mixed,0.00,0.00,0.0,0.000,0.000,0.000,37.949,0.00
1786220878,bench_mixed,0.00,0.00,0.0,0.000,0.000,0.000,37.947,0.00
1786220883,bench_mixed,0.00,0.00,0.0,0.000,0.000,0.000,37.948,0.00
1786220888,bench_mixed,0.00,0.00,0.0,0.000,0.000,0.000,37.949,0.00
1786220893,bench_mixed,0.00,0.00,0.0,0.000,0.000,0.000,37.950,0.00
1786220898,bench_mixed,0.00,0.00,0.0,0.000,0.000,0.000,37.949,0.00
1786220903,bench_mixed,0.00,0.00,0.0,0.000,0.000,0.000,37.949,0.00
1786220908,bench_mixed,0.00,0.00,0.0,0.000,0.000,0.000,37.950,0.00
1786220913,bench_mixed,0.00,0.00,0.0,0.000,0.000,0.000,37.948,0.00
1786220918,bench_mixed,0.00,0.00,0.0,0.000,0.000,0.000,37.948,0.00
1786220923,bench_mixed,0.00,0.00,0.0,0.000,0.000,0.000,37.949,0.00
1786220928,bench_mixed,0.00,0.00,0.0,0.000,0.000,0.000,37.947,0.00
1786220933,bench_mixed,0.00,0.00,0.0,0.000,0.000,0.000,37.947,0.00
1786220938,bench_mixed,0.00,0.00,0.0,0.000,0.000,0.000,37.948,0.00
1786220943,bench_mixed,0.00,0.00,0.0,0.000,0.000,0.000,37.948,0.00
1786220949,bench_mixed,0.00,0.00,0.0,0.000,0.000,0.000,37.951,0.00
1786220954,bench_mixed,0.00,0.00,0.0,0.000,0.000,0.000,37.950,0.00
1786220959,bench_mixed,0.00,0.00,0.0,0.000,0.000,0.000,37.948,0.00
1786220964,bench_mixed,0.00,0.00,0.0,0.000,0.000,0.000,37.949,0.00
1786220969,bench_mixed,0.00,0.00,0.0,0.000,0.000,0.000,37.943,0.00
1786220974,bench_mixed,0.00,0.00,0.0,0.000,0.000,0.000,37.945,0.00
1786220979,bench_mixed,0.00,0.00,0.0,0.000,0.000,0.000,37.944,0.00
1786220984,bench_mixed,0.00,0.00,0.0,0.000,0.000,0.000,37.943,0.00
1786220989,bench_mixed,0.00,0.00,0.0,0.000,0.000,0.000,37.940,0.00
1786220994,bench_mixed,0.00,0.00,0.0,0.000,0.000,0.000,37.944,0.00
1786220999,bench_mixed,0.00,0.00,0.0,0.000,0.000,0.000,37.943,0.00
1786221004,bench_mixed,0.00,0.00,0.0,0.000,0.000,0.000,37.942,0.00
1786221009,bench_mixed,0.00,0.00,0.0,0.000,0.000,0.000,37.942,0.00
1786221014,bench_mixed,0.00,0.00,0.0,0.000,0.000,0.000,37.941,0.00
1786221019,bench_mixed,0.00,0.00,0.0,0.000,0.000,0.000,37.941,0.00
1786221024,bench_mixed,0.00,0.00,0.0,0.000,0.000,0.000,37.944,0.00
1786221029,bench_mixed,0.00,0.00,0.0,0.000,0.000,0.000,37.944,0.00
1786221034,bench_mixed,0.00,0.00,0.0,0.000,0.000,0.000,37.941,0.00
1786221039,bench_mixed,0.00,0.00,0.0,0.000,0.000,0.000,37.941,0.00
1786221044,bench_mixed,0.00,0.00,0.0,0.000,0.000,0.000,37.941,0.00
1786221050,bench_mixed,0.00,0.00,0.0,0.000,0.000,0.000,37.941,0.00
1786221055,bench_mixed,0.00,0.00,0.0,0.000,0.000,0.000,37.940,0.00
1786221060,bench_mixed,0.00,0.00,0.0,0.000,0.000,0.000,37.940,0.00
1786221065,bench_mixed,0.00,0.00,0.0,0.000,0.000,0.000,37.939,0.00
1786221070,bench_mixed,0.00,0.00,0.0,0.000,0.000,0.000,37.940,0.00
1786221075,bench_mixed,0.00,0.00,0.0,0.000,0.000,0.000,37.943,0.00
1786221080,bench_mixed,0.00,0.00,0.0,0.000,0.000,0.000,37.943,0.00
1786221085,bench_mixed,0.00,0.00,0.0,0.000,0.000,0.000,37.943,0.00
1786221090,bench_mixed,0.00,0.00,0.0,0.000,0.000,0.000,37.943,0.00
1786221095,bench_mixed,0.00,0.00,0.0,0.000,0.000,0.000,37.943,0.00
1786221100,bench_mixed,0.00,0.00,0.0,0.000,0.000,0.000,37.943,0.00
1786221105,bench_mixed,0.00,0.00,0.0,0.000,0.000,0.000,37.942,0.00
1786221110,bench_mixed,0.00,0.00,0.0,0.000,0.000,0.000,37.942,0.00
1786221115,bench_mixed,0.00,0.00,0.0,0.000,0.000,0.000,37.944,0.00
1786221120,bench_mixed,0.00,0.00,0.0,0.000,0.000,0.000,37.944,0.00
1786221125,bench_mixed,0.00,0.00,0.0,0.000,0.000,0.000,37.945,0.00
1786221130,bench_mixed,0.00,0.00,0.0,0.000,0.000,0.000,37.945,0.00
1786221135,bench_mixed,0.00,0.00,0.0,0.000,0.000,0.000,37.944,0.00
1786221140,bench_mixed,0.00,0.00,0.0,0.000,0.000,0.000,37.944,0.00
1786221146,bench_mixed,0.00,0.00,0.0,0.000,0.000,0.000,37.941,0.00
1786221151,bench_mixed,0.00,0.00,0.0,0.000,0.000,0.000,37.942,0.00
1786221156,bench_mixed,0.00,0.00,0.0,0.000,0.000,0.000,37.946,0.00
1786221161,bench_mixed,0.00,0.00,0.0,0.000,0.000,0.000,37.946,0.00
1786221166,bench_mixed,0.00,0.00,0.0,0.000,0.000,0.000,37.945,0.00
1786221171,bench_mixed,0.00,0.00,0.0,0.000,0.000,0.000,37.946,0.00
1786221176,bench_mixed,0.00,0.00,0.0,0.000,0.000,0.000,37.946,0.00
1786221181,bench_mixed,0.00,0.00,0.0,0.000,0.000,0.000,37.946,0.00
1786221186,bench_mixed,0.00,0.00,0.0,0.000,0.000,0.000,37.945,0.00
1786221191,bench_mixed,0.00,0.00,0.0,0.000,0.000,0.000,37.948,0.00
1786221196,bench_mixed,0.00,0.00,0.0,0.000,0.000,0.000,37.946,0.00
1786221201,bench_mixed,0.00,0.00,0.0,0.000,0.000,0.000,37.946,0.00
1786221206,bench_mixed,0.00,0.00,0.0,0.000,0.000,0.000,37.946,0.00
1786221211,bench_mixed,0.00,0.00,0.0,0.000,0.000,0.000,37.947,0.00
1786221216,bench_mixed,0.00,0.00,0.0,0.000,0.000,0.000,37.949,0.00
1786221221,bench_mixed,0.00,0.00,0.0,0.000,0.000,0.000,37.949,0.00
1786221226,bench_mixed,0.00,0.00,0.0,0.000,0.000,0.000,37.945,0.00
1786221231,bench_mixed,0.00,0.00,0.0,0.000,0.000,0.000,37.949,0.00
1786221236,bench_mixed,0.00,0.00,0.0,0.000,0.000,0.000,37.951,0.00
1786221242,bench_mixed,0.00,0.00,0.0,0.000,0.000,0.000,37.951,0.00
1786221247,bench_mixed,0.00,0.00,0.0,0.000,0.000,0.000,37.951,0.00
1786221252,bench_mixed,0.00,0.00,0.0,0.000,0.000,0.000,37.951,0.00
1786221257,bench_mixed,0.00,0.00,0.0,0.000,0.000,0.000,37.948,0.00
1786221262,bench_mixed,0.00,0.00,0.0,0.000,0.000,0.000,37.948,0.00
1786221267,bench_mixed,0.00,0.00,0.0,0.000,0.000,0.000,37.949,0.00
1786221272,bench_mixed,0.00,0.00,0.0,0.000,0.000,0.000,37.950,0.00
1786221277,bench_mixed,0.00,0.00,0.0,0.000,0.000,0.000,37.948,0.00
1786221282,bench_mixed,0.00,0.00,0.0,0.000,0.000,0.000,37.948,0.00
1786221287,bench_mixed,0.00,0.00,0.0,0.000,0.000,0.000,37.946,0.00
1786221292,bench_mixed,0.00,0.00,0.0,0.000,0.000,0.000,37.944,0.00
1786221297,bench_mixed,0.00,0.00,0.0,0.000,0.000,0.000,37.950,0.00
1786221302,bench_mixed,0.00,0.00,0.0,0.000,0.000,0.000,37.951,0.00
1786221307,bench_mixed,0.00,0.00,0.0,0.000,0.000,0.000,37.951,0.00
1786221312,bench_mixed,0.00,0.00,0.0,0.000,0.000,0.000,37.952,0.00
1786221317,bench_mixed,0.00,0.00,0.0,0.000,0.000,0.000,37.951,0.00
1786221322,bench_mixed,0.00,0.00,0.0,0.000,0.000,0.000,37.952,0.00
1786221327,bench_mixed,0.00,0.00,0.0,0.000,0.000,0.000,37.950,0.00
1786221332,bench_mixed,0.00,0.00,0.0,0.000,0.000,0.000,37.950,0.00
1786221338,bench_mixed,0.00,0.00,0.0,0.000,0.000,0.000,37.950,0.00
1786221343,bench_mixed,0.00,0.00,0.0,0.000,0.000,0.000,37.951,0.00
1786221348,bench_mixed,0.00,0.00,0.0,0.000,0.000,0.000,37.951,0.00
1786221353,bench_mixed,0.00,0.00,0.0,0.000,0.000,0.000,37.949,0.00
1786221358,bench_mixed,0.00,0.00,0.0,0.000,0.000,0.000,37.950,0.00
1786221363,bench_mixed,0.00,0.00,0.0,0.000,0.000,0.000,37.954,0.00
1786221368,bench_mixed,0.00,0.00,0.0,0.000,0.000,0.000,37.953,0.00
1786221373,bench_mixed,0.00,0.00,0.0,0.000,0.000,0.000,37.955,0.00
1786221378,bench_mixed,0.00,0.00,0.0,0.000,0.000,0.000,37.954,0.00
1786221383,bench_mixed,0.00,0.00,0.0,0.000,0.000,0.000,37.954,0.00
1786221388,bench_mixed,0.00,0.00,0.0,0.000,0.000,0.000,37.954,0.00
1786221393,bench_mixed,0.00,0.00,0.0,0.000,0.000,0.000,37.956,0.00
1786221398,bench_mixed,0.00,0.00,0.0,0.000,0.000,0.000,37.956,0.00
1786221403,bench_mixed,0.00,0.00,0.0,0.000,0.000,0.000,37.956,0.00
1786221408,bench_mixed,0.00,0.00,0.0,0.000,0.000,0.000,37.956,0.00
1786221413,bench_mixed,0.00,0.00,0.0,0.000,0.000,0.000,37.954,0.00
1786221418,bench_mixed,0.00,0.00,0.0,0.000,0.000,0.000,37.950,0.00
1786221423,bench_mixed,0.00,0.00,0.0,0.000,0.000,0.000,37.954,0.00
1786221428,bench_mixed,0.00,0.00,0.0,0.000,0.000,0.000,37.954,0.00
1786221434,bench_mixed,0.00,0.00,0.0,0.000,0.000,0.000,37.951,0.00
1786221439,bench_mixed,0.00,0.00,0.0,0.000,0.000,0.000,37.952,0.00
1786221444,bench_mixed,0.00,0.00,0.0,0.000,0.000,0.000,37.951,0.00
1786221449,bench_mixed,0.00,0.00,0.0,0.000,0.000,0.000,37.950,0.00
1786221454,bench_mixed,0.00,0.00,0.0,0.000,0.000,0.000,37.947,0.00
1786221459,bench_mixed,0.00,0.00,0.0,0.000,0.000,0.000,37.947,0.00
1786221464,bench_mixed,0.00,0.00,0.0,0.000,0.000,0.000,37.946,0.00
1786221469,bench_mixed,0.00,0.00,0.0,0.000,0.000,0.000,37.946,0.00
1786221474,bench_mixed,0.00,0.00,0.0,0.000,0.000,0.000,37.942,0.00
1786221479,bench_mixed,0.00,0.00,0.0,0.000,0.000,0.000,37.945,0.00
1786221484,bench_mixed,0.00,0.00,0.0,0.000,0.000,0.000,37.946,0.00
1786221489,bench_mixed,0.00,0.00,0.0,0.000,0.000,0.000,37.946,0.00
1786221494,bench_mixed,0.00,0.00,0.0,0.000,0.000,0.000,37.947,0.00
1786221499,bench_mixed,0.00,0.00,0.0,0.000,0.000,0.000,37.947,0.00
1786221504,bench_mixed,0.00,0.00,0.0,0.000,0.000,0.000,37.946,0.00
1786221509,bench_mixed,0.00,0.00,0.0,0.000,0.000,0.000,37.946,0.00
1786221514,bench_mixed,0.00,0.00,0.0,0.000,0.000,0.000,37.945,0.00
1786221519,bench_mixed,0.00,0.00,0.0,0.000,0.000,0.000,37.945,0.00
1786221524,bench_mixed,0.00,0.00,0.0,0.000,0.000,0.000,37.947,0.00
1786221530,bench_mixed,0.00,0.00,0.0,0.000,0.000,0.000,37.947,0.00
1786221535,bench_mixed,0.00,0.00,0.0,0.000,0.000,0.000,37.946,0.00
1786221540,bench_mixed,0.00,0.00,0.0,0.000,0.000,0.000,37.947,0.00
1786221545,bench_mixed,0.00,0.00,0.0,0.000,0.000,0.000,37.947,0.00
1786221550,bench_mixed,0.00,0.00,0.0,0.000,0.000,0.000,37.947,0.00
1786221555,bench_mixed,0.00,0.00,0.0,0.000,0.000,0.000,37.947,0.00
1786221560,bench_mixed,0.00,0.00,0.0,0.000,0.000,0.000,37.947,0.00
1786221565,bench_mixed,0.00,0.00,0.0,0.000,0.000,0.000,37.945,0.00
1786221570,bench_mixed,0.00,0.00,0.0,0.000,0.000,0.000,37.945,0.00
1786221575,bench_mixed,0.00,0.00,0.0,0.000,0.000,0.000,37.944,0.00
1786221580,bench_mixed,0.00,0.00,0.0,0.000,0.000,0.000,37.944,0.00
1786221585,bench_mixed,0.00,0.00,0.0,0.000,0.000,0.000,37.943,0.00
1786221590,bench_mixed,0.00,0.00,0.0,0.000,0.000,0.000,37.943,0.00
1786221595,bench_mixed,0.00,0.00,0.0,0.000,0.000,0.000,37.942,0.00
1786221600,bench_mixed,0.00,0.00,0.0,0.000,0.000,0.000,37.938,0.00
1786221605,bench_mixed,0.00,0.00,0.0,0.000,0.000,0.000,37.940,0.00
1786221610,bench_mixed,0.00,0.00,0.0,0.000,0.000,0.000,37.940,0.00
1786221615,bench_mixed,0.00,0.00,0.0,0.000,0.000,0.000,37.938,0.00
1786221620,bench_mixed,0.00,0.00,0.0,0.000,0.000,0.000,37.939,0.00
1786221625,bench_mixed,0.00,0.00,0.0,0.000,0.000,0.000,37.942,0.00
1786221631,bench_mixed,0.00,0.00,0.0,0.000,0.000,0.000,37.942,0.00
1786221636,bench_mixed,0.00,0.00,0.0,0.000,0.000,0.000,37.942,0.00
1786221641,bench_mixed,0.00,0.00,0.0,0.000,0.000,0.000,37.943,0.00
1786221646,bench_mixed,0.00,0.00,0.0,0.000,0.000,0.000,37.942,0.00
1786221651,bench_mixed,0.00,0.00,0.0,0.000,0.000,0.000,37.942,0.00
1786221656,bench_mixed,0.00,0.00,0.0,0.000,0.000,0.000,37.940,0.00
1786221661,bench_mixed,0.00,0.00,0.0,0.000,0.000,0.000,37.940,0.00
1786221666,bench_mixed,0.00,0.00,0.0,0.000,0.000,0.000,37.937,0.00
1786221671,bench_mixed,0.00,0.00,0.0,0.000,0.000,0.000,37.937,0.00
1786221676,bench_mixed,0.00,0.00,0.0,0.000,0.000,0.000,37.937,0.00
1786221681,bench_mixed,0.00,0.00,0.0,0.000,0.000,0.000,37.938,0.00
1786221686,bench_mixed,0.00,0.00,0.0,0.000,0.000,0.000,37.937,0.00
1786221691,bench_mixed,0.00,0.00,0.0,0.000,0.000,0.000,37.938,0.00
1786221696,bench_mixed,0.00,0.00,0.0,0.000,0.000,0.000,37.931,0.00
1786221701,bench_mixed,0.00,0.00,0.0,0.000,0.000,0.000,37.939,0.00
1786221706,bench_mixed,0.00,0.00,0.0,0.000,0.000,0.000,37.939,0.00
1786221711,bench_mixed,0.00,0.00,0.0,0.000,0.000,0.000,37.939,0.00
1786221716,bench_mixed,0.00,0.00,0.0,0.000,0.000,0.000,37.939,0.00
1786221721,bench_mixed,0.00,0.00,0.0,0.000,0.000,0.000,37.942,0.00
1786221727,bench_mixed,0.00,0.00,0.0,0.000,0.000,0.000,37.940,0.00
1786221732,bench_mixed,0.00,0.00,0.0,0.000,0.000,0.000,37.941,0.00
1786221737,bench_mixed,0.00,0.00,0.0,0.000,0.000,0.000,37.940,0.00
1786221742,bench_mixed,0.00,0.00,0.0,0.000,0.000,0.000,37.941,0.00
1786221747,bench_mixed,0.00,0.00,0.0,0.000,0.000,0.000,37.942,0.00
1786221752,bench_mixed,0.00,0.00,0.0,0.000,0.000,0.000,37.940,0.00
1786221757,bench_mixed,0.00,0.00,0.0,0.000,0.000,0.000,37.940,0.00
1786221762,bench_mixed,0.00,0.00,0.0,0.000,0.000,0.000,37.940,0.00
1786221767,bench_mixed,0.00,0.00,0.0,0.000,0.000,0.000,37.940,0.00
1786221772,bench_mixed,0.00,0.00,0.0,0.000,0.000,0.000,37.943,0.00
1786221777,bench_mixed,0.00,0.00,0.0,0.000,0.000,0.000,37.943,0.00
1786221782,bench_mixed,0.00,0.00,0.0,0.000,0.000,0.000,37.943,0.00
1786221787,bench_mixed,0.00,0.00,0.0,0.000,0.000,0.000,37.941,0.00
1786221792,bench_mixed,0.00,0.00,0.0,0.000,0.000,0.000,37.941,0.00
1786221797,bench_mixed,0.00,0.00,0.0,0.000,0.000,0.000,37.942,0.00
1786221802,bench_mixed,0.00,0.00,0.0,0.000,0.000,0.000,37.946,0.00
1786221807,bench_mixed,0.00,0.00,0.0,0.000,0.000,0.000,37.945,0.00
1786221812,bench_mixed,0.00,0.00,0.0,0.000,0.000,0.000,37.944,0.00
1786221817,bench_mixed,0.00,0.00,0.0,0.000,0.000,0.000,37.943,0.00
1786221823,bench_mixed,0.00,0.00,0.0,0.000,0.000,0.000,37.942,0.00
1786221828,bench_mixed,0.00,0.00,0.0,0.000,0.000,0.000,37.942,0.00
1786221833,bench_mixed,0.00,0.00,0.0,0.000,0.000,0.000,37.945,0.00
1786221838,bench_mixed,0.00,0.00,0.0,0.000,0.000,0.000,37.945,0.00
1786221843,bench_mixed,0.00,0.00,0.0,0.000,0.000,0.000,37.943,0.00
1786221848,bench_mixed,0.00,0.00,0.0,0.000,0.000,0.000,37.940,0.00
1786221853,bench_mixed,0.00,0.00,0.0,0.000,0.000,0.000,37.943,0.00
1786221858,bench_mixed,0.00,0.00,0.0,0.000,0.000,0.000,37.942,0.00
1786221863,bench_mixed,0.00,0.00,0.0,0.000,0.000,0.000,37.943,0.00
1786221868,bench_mixed,0.00,0.00,0.0,0.000,0.000,0.000,37.943,0.00
1786221873,bench_mixed,0.00,0.00,0.0,0.000,0.000,0.000,37.940,0.00
1786221878,bench_mixed,0.00,0.00,0.0,0.000,0.000,0.000,37.940,0.00
1786221883,bench_mixed,0.00,0.00,0.0,0.000,0.000,0.000,37.939,0.00
1786221888,bench_mixed,0.00,0.00,0.0,0.000,0.000,0.000,37.939,0.00
1786221893,bench_mixed,0.00,0.00,0.0,0.000,0.000,0.000,37.939,0.00
1786221898,bench_mixed,0.00,0.00,0.0,0.000,0.000,0.000,37.939,0.00
1786221903,bench_mixed,0.00,0.00,0.0,0.000,0.000,0.000,37.936,0.00
1786221908,bench_mixed,0.00,0.00,0.0,0.000,0.000,0.000,37.935,0.00
1786221913,bench_mixed,0.00,0.00,0.0,0.000,0.000,0.000,37.936,0.00
1786221919,bench_mixed,0.00,0.00,0.0,0.000,0.000,0.000,37.936,0.00
1786221924,bench_mixed,0.00,0.00,0.0,0.000,0.000,0.000,37.934,0.00
1786221929,bench_mixed,0.00,0.00,0.0,0.000,0.000,0.000,37.935,0.00
1786221934,bench_mixed,0.00,0.00,0.0,0.000,0.000,0.000,37.937,0.00
1786221939,bench_mixed,0.00,0.00,0.0,0.000,0.000,0.000,37.937,0.00
1786221944,bench_mixed,0.00,0.00,0.0,0.000,0.000,0.000,37.938,0.00
1786221949,bench_mixed,0.00,0.00,0.0,0.000,0.000,0.000,37.938,0.00
1786221954,bench_mixed,0.00,0.00,0.0,0.000,0.000,0.000,37.938,0.00
1786221959,bench_mixed,0.00,0.00,0.0,0.000,0.000,0.000,37.939,0.00
1786221964,bench_mixed,0.00,0.00,0.0,0.000,0.000,0.000,37.938,0.00
1786221969,bench_mixed,0.00,0.00,0.0,0.000,0.000,0.000,37.939,0.00
1786221974,bench_mixed,0.00,0.00,0.0,0.000,0.000,0.000,37.938,0.00
1786221979,bench_mixed,0.00,0.00,0.0,0.000,0.000,0.000,37.939,0.00
1786221984,bench_mixed,0.00,0.00,0.0,0.000,0.000,0.000,37.940,0.00
1786221989,bench_mixed,0.00,0.00,0.0,0.000,0.000,0.000,37.941,0.00
1786221994,bench_mixed,0.00,0.00,0.0,0.000,0.000,0.000,37.941,0.00
1786221999,bench_mixed,0.00,0.00,0.0,0.000,0.000,0.000,37.941,0.00
1786222004,bench_mixed,0.00,0.00,0.0,0.000,0.000,0.000,37.942,0.00
1786222009,bench_mixed,0.00,0.00,0.0,0.000,0.000,0.000,37.942,0.00
1786222015,bench_mixed,0.00,0.00,0.0,0.000,0.000,0.000,37.945,0.00
1786222020,bench_mixed,0.00,0.00,0.0,0.000,0.000,0.000,37.946,0.00
1786222025,bench_mixed,0.00,0.00,0.0,0.000,0.000,0.000,37.944,0.00
1786222030,bench_mixed,0.00,0.00,0.0,0.000,0.000,0.000,37.942,0.00
1786222035,bench_mixed,0.00,0.00,0.0,0.000,0.000,0.000,37.944,0.00
1786222040,bench_mixed,0.00,0.00,0.0,0.000,0.000,0.000,37.944,0.00
1786222045,bench_mixed,0.00,0.00,0.0,0.000,0.000,0.000,37.943,0.00
1786222050,bench_mixed,0.00,0.00,0.0,0.000,0.000,0.000,37.944,0.00
1786222055,bench_mixed,0.00,0.00,0.0,0.000,0.000,0.000,37.935,0.00
1786222060,bench_mixed,0.00,0.00,0.0,0.000,0.000,0.000,37.942,0.00
1786222065,bench_mixed,0.00,0.00,0.0,0.000,0.000,0.000,37.942,0.00
1786222070,bench_mixed,0.00,0.00,0.0,0.000,0.000,0.000,37.940,0.00
1786222075,bench_mixed,0.00,0.00,0.0,0.000,0.000,0.000,37.941,0.00
1786222080,bench_mixed,0.00,0.00,0.0,0.000,0.000,0.000,37.940,0.00
1786222085,bench_mixed,0.00,0.00,0.0,0.000,0.000,0.000,37.940,0.00
1786222090,bench_mixed,0.00,0.00,0.0,0.000,0.000,0.000,37.938,0.00
1786222095,bench_mixed,0.00,0.00,0.0,0.000,0.000,0.000,37.940,0.00
1786222100,bench_mixed,0.00,0.00,0.0,0.000,0.000,0.000,37.940,0.00
1786222106,bench_mixed,0.00,0.00,0.0,0.000,0.000,0.000,37.940,0.00
1786222111,bench_mixed,0.00,0.00,0.0,0.000,0.000,0.000,37.940,0.00
1786222116,bench_mixed,0.00,0.00,0.0,0.000,0.000,0.000,37.940,0.00
1786222121,bench_mixed,0.00,0.00,0.0,0.000,0.000,0.000,37.942,0.00
1786222126,bench_mixed,0.00,0.00,0.0,0.000,0.000,0.000,37.941,0.00
1786222131,bench_mixed,0.00,0.00,0.0,0.000,0.000,0.000,37.943,0.00
1786222136,bench_mixed,0.00,0.00,0.0,0.000,0.000,0.000,37.943,0.00
1786222141,bench_mixed,0.00,0.00,0.0,0.000,0.000,0.000,37.943,0.00
1786222146,bench_mixed,0.00,0.00,0.0,0.000,0.000,0.000,37.943,0.00
1786222151,bench_mixed,0.00,0.00,0.0,0.000,0.000,0.000,37.939,0.00
1786222156,bench_mixed,0.00,0.00,0.0,0.000,0.000,0.000,37.938,0.00
1786222161,bench_mixed,0.00,0.00,0.0,0.000,0.000,0.000,37.937,0.00
1786222166,bench_mixed,0.00,0.00,0.0,0.000,0.000,0.000,37.937,0.00
1786222171,bench_mixed,0.00,0.00,0.0,0.000,0.000,0.000,37.936,0.00
1786222176,bench_mixed,0.00,0.00,0.0,0.000,0.000,0.000,37.936,0.00
1786222181,bench_mixed,0.00,0.00,0.0,0.000,0.000,0.000,37.938,0.00
1786222186,bench_mixed,0.00,0.00,0.0,0.000,0.000,0.000,37.938,0.00
1786222191,bench_mixed,0.00,0.00,0.0,0.000,0.000,0.000,37.940,0.00
1786222196,bench_mixed,0.00,0.00,0.0,0.000,0.000,0.000,37.939,0.00
1786222202,bench_mixed,0.00,0.00,0.0,0.000,0.000,0.000,37.938,0.00
1786222207,bench_mixed,0.00,0.00,0.0,0.000,0.000,0.000,37.938,0.00
1786222212,bench_mixed,0.00,0.00,0.0,0.000,0.000,0.000,37.939,0.00
1786222217,bench_mixed,0.00,0.00,0.0,0.000,0.000,0.000,37.939,0.00
1786222222,bench_mixed,0.00,0.00,0.0,0.000,0.000,0.000,37.940,0.00
1786222227,bench_mixed,0.00,0.00,0.0,0.000,0.000,0.000,37.940,0.00
1786222232,bench_mixed,0.00,0.00,0.0,0.000,0.000,0.000,37.940,0.00
1786222237,bench_mixed,0.00,0.00,0.0,0.000,0.000,0.000,37.940,0.00
1786222242,bench_mixed,0.00,0.00,0.0,0.000,0.000,0.000,37.942,0.00
1786222247,bench_mixed,0.00,0.00,0.0,0.000,0.000,0.000,37.943,0.00
1786222252,bench_mixed,0.00,0.00,0.0,0.000,0.000,0.000,37.940,0.00
1786222257,bench_mixed,0.00,0.00,0.0,0.000,0.000,0.000,37.941,0.00
1786222262,bench_mixed,0.00,0.00,0.0,0.000,0.000,0.000,37.940,0.00
1786222267,bench_mixed,0.00,0.00,0.0,0.000,0.000,0.000,37.941,0.00
1786222272,bench_mixed,0.00,0.00,0.0,0.000,0.000,0.000,37.939,0.00
1786222277,bench_mixed,0.00,0.00,0.0,0.000,0.000,0.000,37.940,0.00
1786222282,bench_mixed,0.00,0.00,0.0,0.000,0.000,0.000,37.937,0.00
1786222287,bench_mixed,0.00,0.00,0.0,0.000,0.000,0.000,37.938,0.00
1786222292,bench_mixed,0.00,0.00,0.0,0.000,0.000,0.000,37.938,0.00
1786222298,bench_mixed,0.00,0.00,0.0,0.000,0.000,0.000,37.938,0.00
1786222303,bench_mixed,0.00,0.00,0.0,0.000,0.000,0.000,37.938,0.00
1786222308,bench_mixed,0.00,0.00,0.0,0.000,0.000,0.000,37.939,0.00
1786222313,bench_mixed,0.00,0.00,0.0,0.000,0.000,0.000,37.940,0.00
1786222318,bench_mixed,0.00,0.00,0.0,0.000,0.000,0.000,37.941,0.00
1786222323,bench_mixed,0.00,0.00,0.0,0.000,0.000,0.000,37.940,0.00
1786222328,bench_mixed,0.00,0.00,0.0,0.000,0.000,0.000,37.941,0.00
1786222333,bench_mixed,0.00,0.00,0.0,0.000,0.000,0.000,37.939,0.00
1786222338,bench_mixed,0.00,0.00,0.0,0.000,0.000,0.000,37.940,0.00
1786222343,bench_mixed,0.00,0.00,0.0,0.000,0.000,0.000,37.939,0.00
1786222348,bench_mixed,0.00,0.00,0.0,0.000,0.000,0.000,37.939,0.00
1786222353,bench_mixed,0.00,0.00,0.0,0.000,0.000,0.000,37.940,0.00
1786222358,bench_mixed,0.00,0.00,0.0,0.000,0.000,0.000,37.941,0.00
1786222363,bench_mixed,0.00,0.00,0.0,0.000,0.000,0.000,37.940,0.00
1786222368,bench_mixed,0.00,0.00,0.0,0.000,0.000,0.000,37.941,0.00
1786222373,bench_mixed,0.00,0.00,0.0,0.000,0.000,0.000,37.942,0.00
1786222378,bench_mixed,0.00,0.00,0.0,0.000,0.000,0.000,37.942,0.00
1786222383,bench_mixed,0.00,0.00,0.0,0.000,0.000,0.000,37.943,0.00
1786222389,bench_mixed,0.00,0.00,0.0,0.000,0.000,0.000,37.944,0.00
1786222394,bench_mixed,0.00,0.00,0.0,0.000,0.000,0.000,37.943,0.00
1786222399,bench_mixed,0.00,0.00,0.0,0.000,0.000,0.000,37.939,0.00
1786222404,bench_mixed,0.00,0.00,0.0,0.000,0.000,0.000,37.939,0.00
1786222409,bench_mixed,0.00,0.00,0.0,0.000,0.000,0.000,37.939,0.00
1786222414,bench_mixed,0.00,0.00,0.0,0.000,0.000,0.000,37.941,0.00
1786222419,bench_mixed,0.00,0.00,0.0,0.000,0.000,0.000,37.941,0.00
1786222424,bench_mixed,0.00,0.00,0.0,0.000,0.000,0.000,37.940,0.00
1786222429,bench_mixed,0.00,0.00,0.0,0.000,0.000,0.000,37.938,0.00
1786222434,bench_mixed,0.00,0.00,0.0,0.000,0.000,0.000,37.937,0.00
1786222439,bench_mixed,0.00,0.00,0.0,0.000,0.000,0.000,37.938,0.00
1786222444,bench_mixed,0.00,0.00,0.0,0.000,0.000,0.000,37.938,0.00
1786222449,bench_mixed,0.00,0.00,0.0,0.000,0.000,0.000,37.935,0.00
1786222454,bench_mixed,0.00,0.00,0.0,0.000,0.000,0.000,37.936,0.00
1786222459,bench_mixed,0.00,0.00,0.0,0.000,0.000,0.000,37.933,0.00
1786222464,bench_mixed,0.00,0.00,0.0,0.000,0.000,0.000,37.935,0.00
1786222469,bench_mixed,0.00,0.00,0.0,0.000,0.000,0.000,37.935,0.00
1786222474,bench_mixed,0.00,0.00,0.0,0.000,0.000,0.000,37.935,0.00
1786222479,bench_mixed,0.00,0.00,0.0,0.000,0.000,0.000,37.933,0.00
1786222485,bench_mixed,0.00,0.00,0.0,0.000,0.000,0.000,37.933,0.00
1786222490,bench_mixed,0.00,0.00,0.0,0.000,0.000,0.000,37.934,0.00
1786222495,bench_mixed,0.00,0.00,0.0,0.000,0.000,0.000,37.934,0.00
1786222500,bench_mixed,0.00,0.00,0.0,0.000,0.000,0.000,37.933,0.00
1786222505,bench_mixed,0.00,0.00,0.0,0.000,0.000,0.000,37.933,0.00
1786222510,bench_mixed,0.00,0.00,0.0,0.000,0.000,0.000,37.932,0.00
1786222515,bench_mixed,0.00,0.00,0.0,0.000,0.000,0.000,37.932,0.00
1786222520,bench_mixed,0.00,0.00,0.0,0.000,0.000,0.000,37.933,0.00
1786222525,bench_mixed,0.00,0.00,0.0,0.000,0.000,0.000,37.931,0.00
1786222530,bench_mixed,0.00,0.00,0.0,0.000,0.000,0.000,37.932,0.00
1786222535,bench_mixed,0.00,0.00,0.0,0.000,0.000,0.000,37.932,0.00
1786222540,bench_mixed,0.00,0.00,0.0,0.000,0.000,0.000,37.932,0.00
1786222545,bench_mixed,0.00,0.00,0.0,0.000,0.000,0.000,37.932,0.00
1786222550,bench_mixed,0.00,0.00,0.0,0.000,0.000,0.000,37.933,0.00
1786222555,bench_mixed,0.00,0.00,0.0,0.000,0.000,0.000,37.933,0.00
1786222560,bench_mixed,0.00,0.00,0.0,0.000,0.000,0.000,37.933,0.00
1786222565,bench_mixed,0.00,0.00,0.0,0.000,0.000,0.000,37.933,0.00
1786222570,bench_mixed,0.00,0.00,0.0,0.000,0.000,0.000,37.934,0.00
1786222575,bench_mixed,0.00,0.00,0.0,0.000,0.000,0.000,37.934,0.00
1786222581,bench_mixed,0.00,0.00,0.0,0.000,0.000,0.000,37.935,0.00
1786222586,bench_mixed,0.00,0.00,0.0,0.000,0.000,0.000,37.932,0.00
1786222591,bench_mixed,0.00,0.00,0.0,0.000,0.000,0.000,37.935,0.00
1786222596,bench_mixed,0.00,0.00,0.0,0.000,0.000,0.000,37.935,0.00
1786222601,bench_mixed,0.00,0.00,0.0,0.000,0.000,0.000,37.935,0.00
1786222606,bench_mixed,0.00,0.00,0.0,0.000,0.000,0.000,37.934,0.00
1786222611,bench_mixed,0.00,0.00,0.0,0.000,0.000,0.000,37.933,0.00
1786222616,bench_mixed,0.00,0.00,0.0,0.000,0.000,0.000,37.933,0.00
1786222621,bench_mixed,0.00,0.00,0.0,0.000,0.000,0.000,37.932,0.00
1786222626,bench_mixed,0.00,0.00,0.0,0.000,0.000,0.000,37.933,0.00
1786222631,bench_mixed,0.00,0.00,0.0,0.000,0.000,0.000,37.933,0.00
1786222636,bench_mixed,0.00,0.00,0.0,0.000,0.000,0.000,37.933,0.00
1786222641,bench_mixed,0.00,0.00,0.0,0.000,0.000,0.000,37.935,0.00
1786222646,bench_mixed,0.00,0.00,0.0,0.000,0.000,0.000,37.935,0.00
1786222651,bench_mixed,0.00,0.00,0.0,0.000,0.000,0.000,37.934,0.00
1786222656,bench_mixed,0.00,0.00,0.0,0.000,0.000,0.000,37.934,0.00
1786222661,bench_mixed,0.00,0.00,0.0,0.000,0.000,0.000,37.935,0.00
1786222666,bench_mixed,0.00,0.00,0.0,0.000,0.000,0.000,37.936,0.00
1786222671,bench_mixed,0.00,0.00,0.0,0.000,0.000,0.000,37.934,0.00
1786222677,bench_mixed,0.00,0.00,0.0,0.000,0.000,0.000,37.935,0.00
1786222682,bench_mixed,0.00,0.00,0.0,0.000,0.000,0.000,37.937,0.00
1786222687,bench_mixed,0.00,0.00,0.0,0.000,0.000,0.000,37.937,0.00
1786222692,bench_mixed,0.00,0.00,0.0,0.000,0.000,0.000,37.938,0.00
1786222697,bench_mixed,0.00,0.00,0.0,0.000,0.000,0.000,37.939,0.00
1786222702,bench_mixed,0.00,0.00,0.0,0.000,0.000,0.000,37.937,0.00
1786222707,bench_mixed,0.00,0.00,0.0,0.000,0.000,0.000,37.935,0.00
1786222712,bench_mixed,0.00,0.00,0.0,0.000,0.000,0.000,37.934,0.00
1786222717,bench_mixed,0.00,0.00,0.0,0.000,0.000,0.000,37.935,0.00
1786222722,bench_mixed,0.00,0.00,0.0,0.000,0.000,0.000,37.936,0.00
1786222727,bench_mixed,0.00,0.00,0.0,0.000,0.000,0.000,37.936,0.00
1786222732,bench_mixed,0.00,0.00,0.0,0.000,0.000,0.000,37.937,0.00
1786222737,bench_mixed,0.00,0.00,0.0,0.000,0.000,0.000,37.938,0.00
1786222742,bench_mixed,0.00,0.00,0.0,0.000,0.000,0.000,37.939,0.00
1786222747,bench_mixed,0.00,0.00,0.0,0.000,0.000,0.000,37.940,0.00
1786222752,bench_mixed,0.00,0.00,0.0,0.000,0.000,0.000,37.941,0.00
1786222757,bench_mixed,0.00,0.00,0.0,0.000,0.000,0.000,37.941,0.00
1786222762,bench_mixed,0.00,0.00,0.0,0.000,0.000,0.000,37.941,0.00
1786222767,bench_mixed,0.00,0.00,0.0,0.000,0.000,0.000,37.940,0.00
1786222773,bench_mixed,0.00,0.00,0.0,0.000,0.000,0.000,37.939,0.00
1786222778,bench_mixed,0.00,0.00,0.0,0.000,0.000,0.000,37.939,0.00
1786222783,bench_mixed,0.00,0.00,0.0,0.000,0.000,0.000,37.940,0.00
1786222788,bench_mixed,0.00,0.00,0.0,0.000,0.000,0.000,37.943,0.00
1786222793,bench_mixed,0.00,0.00,0.0,0.000,0.000,0.000,37.943,0.00
1786222798,bench_mixed,0.00,0.00,0.0,0.000,0.000,0.000,37.943,0.00
1786222803,bench_mixed,0.00,0.00,0.0,0.000,0.000,0.000,37.943,0.00
1786222808,bench_mixed,0.00,0.00,0.0,0.000,0.000,0.000,37.942,0.00
1786222813,bench_mixed,0.00,0.00,0.0,0.000,0.000,0.000,37.942,0.00
1786222818,bench_mixed,0.00,0.00,0.0,0.000,0.000,0.000,37.943,0.00
1786222823,bench_mixed,0.00,0.00,0.0,0.000,0.000,0.000,37.942,0.00
1786222828,bench_mixed,0.00,0.00,0.0,0.000,0.000,0.000,37.942,0.00
1786222833,bench_mixed,0.00,0.00,0.0,0.000,0.000,0.000,37.938,0.00
1786222838,bench_mixed,0.00,0.00,0.0,0.000,0.000,0.000,37.941,0.00
1786222843,bench_mixed,0.00,0.00,0.0,0.000,0.000,0.000,37.941,0.00
1786222848,bench_mixed,0.00,0.00,0.0,0.000,0.000,0.000,37.940,0.00
1786222853,bench_mixed,0.00,0.00,0.0,0.000,0.000,0.000,37.939,0.00
1786222858,bench_mixed,0.00,0.00,0.0,0.000,0.000,0.000,37.938,0.00
1786222863,bench_mixed,0.00,0.00,0.0,0.000,0.000,0.000,37.939,0.00
1786222868,bench_mixed,0.00,0.00,0.0,0.000,0.000,0.000,37.940,0.00
1786222874,bench_mixed,0.00,0.00,0.0,0.000,0.000,0.000,37.940,0.00
1786222879,bench_mixed,0.00,0.00,0.0,0.000,0.000,0.000,37.939,0.00
1786222884,bench_mixed,0.00,0.00,0.0,0.000,0.000,0.000,37.939,0.00
1786222889,bench_mixed,0.00,0.00,0.0,0.000,0.000,0.000,37.942,0.00
1786222894,bench_mixed,0.00,0.00,0.0,0.000,0.000,0.000,37.942,0.00
1786222899,bench_mixed,0.00,0.00,0.0,0.000,0.000,0.000,37.940,0.00
1786222904,bench_mixed,0.00,0.00,0.0,0.000,0.000,0.000,37.940,0.00
1786222909,bench_mixed,0.00,0.00,0.0,0.000,0.000,0.000,37.938,0.00
1786222914,bench_mixed,0.00,0.00,0.0,0.000,0.000,0.000,37.938,0.00
1786222919,bench_mixed,0.00,0.00,0.0,0.000,0.000,0.000,37.936,0.00
1786222924,bench_mixed,0.00,0.00,0.0,0.000,0.000,0.000,37.937,0.00
1786222929,bench_mixed,0.00,0.00,0.0,0.000,0.000,0.000,37.937,0.00
1786222934,bench_mixed,0.00,0.00,0.0,0.000,0.000,0.000,37.938,0.00
1786222939,bench_mixed,0.00,0.00,0.0,0.000,0.000,0.000,37.938,0.00
1786222944,bench_mixed,0.00,0.00,0.0,0.000,0.000,0.000,37.938,0.00
1786222949,bench_mixed,0.00,0.00,0.0,0.000,0.000,0.000,37.938,0.00
1786222954,bench_mixed,0.00,0.00,0.0,0.000,0.000,0.000,37.939,0.00
1786222959,bench_mixed,0.00,0.00,0.0,0.000,0.000,0.000,37.939,0.00
1786222964,bench_mixed,0.00,0.00,0.0,0.000,0.000,0.000,37.939,0.00
1786222970,bench_mixed,0.00,0.00,0.0,0.000,0.000,0.000,37.937,0.00
1786222975,bench_mixed,0.00,0.00,0.0,0.000,0.000,0.000,37.936,0.00
1786222980,bench_mixed,0.00,0.00,0.0,0.000,0.000,0.000,37.936,0.00
1786222985,bench_mixed,0.00,0.00,0.0,0.000,0.000,0.000,37.936,0.00
1786222990,bench_mixed,0.00,0.00,0.0,0.000,0.000,0.000,37.936,0.00
1786222995,bench_mixed,0.00,0.00,0.0,0.000,0.000,0.000,37.937,0.00
1786223000,bench_mixed,0.00,0.00,0.0,0.000,0.000,0.000,37.938,0.00
1786223005,bench_mixed,0.00,0.00,0.0,0.000,0.000,0.000,37.939,0.00
1786223010,bench_mixed,0.00,0.00,0.0,0.000,0.000,0.000,37.937,0.00
1786223015,bench_mixed,0.00,0.00,0.0,0.000,0.000,0.000,37.936,0.00
1786223020,bench_mixed,0.00,0.00,0.0,0.000,0.000,0.000,37.935,0.00
1786223025,bench_mixed,0.00,0.00,0.0,0.000,0.000,0.000,37.936,0.00
1786223030,bench_mixed,0.00,0.00,0.0,0.000,0.000,0.000,37.934,0.00
1786223035,bench_mixed,0.00,0.00,0.0,0.000,0.000,0.000,37.935,0.00
1786223040,bench_mixed,0.00,0.00,0.0,0.000,0.000,0.000,37.933,0.00
1786223045,bench_mixed,0.00,0.00,0.0,0.000,0.000,0.000,37.935,0.00
1786223050,bench_mixed,0.00,0.00,0.0,0.000,0.000,0.000,37.937,0.00
1786223055,bench_mixed,0.00,0.00,0.0,0.000,0.000,0.000,37.937,0.00
1786223060,bench_mixed,0.00,0.00,0.0,0.000,0.000,0.000,37.936,0.00
1786223066,bench_mixed,0.00,0.00,0.0,0.000,0.000,0.000,37.937,0.00
1786223071,bench_mixed,0.00,0.00,0.0,0.000,0.000,0.000,37.938,0.00
1786223076,bench_mixed,0.00,0.00,0.0,0.000,0.000,0.000,37.934,0.00
1786223081,bench_mixed,0.00,0.00,0.0,0.000,0.000,0.000,37.939,0.00
1786223086,bench_mixed,0.00,0.00,0.0,0.000,0.000,0.000,37.940,0.00
1786223091,bench_mixed,0.00,0.00,0.0,0.000,0.000,0.000,37.941,0.00
1786223096,bench_mixed,0.00,0.00,0.0,0.000,0.000,0.000,37.943,0.00
1786223101,bench_mixed,0.00,0.00,0.0,0.000,0.000,0.000,37.940,0.00
1786223106,bench_mixed,0.00,0.00,0.0,0.000,0.000,0.000,37.941,0.00
1786223111,bench_mixed,0.00,0.00,0.0,0.000,0.000,0.000,37.939,0.00
1786223116,bench_mixed,0.00,0.00,0.0,0.000,0.000,0.000,37.939,0.00
1786223121,bench_mixed,0.00,0.00,0.0,0.000,0.000,0.000,37.938,0.00
1786223126,bench_mixed,0.00,0.00,0.0,0.000,0.000,0.000,37.938,0.00
1786223131,bench_mixed,0.00,0.00,0.0,0.000,0.000,0.000,37.929,0.00
1786223136,bench_mixed,0.00,0.00,0.0,0.000,0.000,0.000,37.933,0.00
1786223141,bench_mixed,0.00,0.00,0.0,0.000,0.000,0.000,37.937,0.00
1786223146,bench_mixed,0.00,0.00,0.0,0.000,0.000,0.000,37.936,0.00
1786223151,bench_mixed,0.00,0.00,0.0,0.000,0.000,0.000,37.935,0.00
1786223156,bench_mixed,0.00,0.00,0.0,0.000,0.000,0.000,37.939,0.00
1786223162,bench_mixed,0.00,0.00,0.0,0.000,0.000,0.000,37.938,0.00
1786223167,bench_mixed,0.00,0.00,0.0,0.000,0.000,0.000,37.937,0.00
1786223172,bench_mixed,0.00,0.00,0.0,0.000,0.000,0.000,37.936,0.00
1786223177,bench_mixed,0.00,0.00,0.0,0.000,0.000,0.000,37.937,0.00
1786223182,bench_mixed,0.00,0.00,0.0,0.000,0.000,0.000,37.937,0.00
1786223187,bench_mixed,0.00,0.00,0.0,0.000,0.000,0.000,37.935,0.00
1786223192,bench_mixed,0.00,0.00,0.0,0.000,0.000,0.000,37.935,0.00
1786223197,bench_mixed,0.00,0.00,0.0,0.000,0.000,0.000,37.937,0.00
1786223202,bench_mixed,0.00,0.00,0.0,0.000,0.000,0.000,37.933,0.00
1786223207,bench_mixed,0.00,0.00,0.0,0.000,0.000,0.000,37.933,0.00
1786223212,bench_mixed,0.00,0.00,0.0,0.000,0.000,0.000,37.933,0.00
1786223217,bench_mixed,0.00,0.00,0.0,0.000,0.000,0.000,37.934,0.00
1786223222,bench_mixed,0.00,0.00,0.0,0.000,0.000,0.000,37.934,0.00
1786223227,bench_mixed,0.00,0.00,0.0,0.000,0.000,0.000,37.935,0.00
1786223232,bench_mixed,0.00,0.00,0.0,0.000,0.000,0.000,37.935,0.00
1786223237,bench_mixed,0.00,0.00,0.0,0.000,0.000,0.000,37.935,0.00
1786223242,bench_mixed,0.00,0.00,0.0,0.000,0.000,0.000,37.935,0.00
1786223247,bench_mixed,0.00,0.00,0.0,0.000,0.000,0.000,37.936,0.00
1786223252,bench_mixed,0.00,0.00,0.0,0.000,0.000,0.000,37.936,0.00
1786223258,bench_mixed,0.00,0.00,0.0,0.000,0.000,0.000,37.937,0.00
1786223263,bench_mixed,0.00,0.00,0.0,0.000,0.000,0.000,37.938,0.00
1786223268,bench_mixed,0.00,0.00,0.0,0.000,0.000,0.000,37.936,0.00
1786223273,bench_mixed,0.00,0.00,0.0,0.000,0.000,0.000,37.936,0.00
1786223278,bench_mixed,0.00,0.00,0.0,0.000,0.000,0.000,37.936,0.00
1786223283,bench_mixed,0.00,0.00,0.0,0.000,0.000,0.000,37.936,0.00
1786223288,bench_mixed,0.00,0.00,0.0,0.000,0.000,0.000,37.934,0.00
1786223293,bench_mixed,0.00,0.00,0.0,0.000,0.000,0.000,37.934,0.00
1786223298,bench_mixed,0.00,0.00,0.0,0.000,0.000,0.000,37.932,0.00
1786223303,bench_mixed,0.00,0.00,0.0,0.000,0.000,0.000,37.932,0.00
1786223308,bench_mixed,0.00,0.00,0.0,0.000,0.000,0.000,37.931,0.00
1786223313,bench_mixed,0.00,0.00,0.0,0.000,0.000,0.000,37.931,0.00
1786223318,bench_mixed,0.00,0.00,0.0,0.000,0.000,0.000,37.928,0.00
1786223323,bench_mixed,0.00,0.00,0.0,0.000,0.000,0.000,37.927,0.00
1786223328,bench_mixed,0.00,0.00,0.0,0.000,0.000,0.000,37.927,0.00
1786223333,bench_mixed,0.00,0.00,0.0,0.000,0.000,0.000,37.931,0.00
1786223338,bench_mixed,0.00,0.00,0.0,0.000,0.000,0.000,37.931,0.00
1786223343,bench_mixed,0.00,0.00,0.0,0.000,0.000,0.000,37.932,0.00
1786223348,bench_mixed,0.00,0.00,0.0,0.000,0.000,0.000,37.931,0.00
1786223354,bench_mixed,0.00,0.00,0.0,0.000,0.000,0.000,37.930,0.00
1786223359,bench_mixed,0.00,0.00,0.0,0.000,0.000,0.000,37.930,0.00
1786223364,bench_mixed,0.00,0.00,0.0,0.000,0.000,0.000,37.934,0.00
1786223369,bench_mixed,0.00,0.00,0.0,0.000,0.000,0.000,37.934,0.00
1786223374,bench_mixed,0.00,0.00,0.0,0.000,0.000,0.000,37.934,0.00
1786223379,bench_mixed,0.00,0.00,0.0,0.000,0.000,0.000,37.934,0.00
1786223384,bench_mixed,0.00,0.00,0.0,0.000,0.000,0.000,37.934,0.00
1786223389,bench_mixed,0.00,0.00,0.0,0.000,0.000,0.000,37.935,0.00
1786223394,bench_mixed,0.00,0.00,0.0,0.000,0.000,0.000,37.934,0.00
1786223399,bench_mixed,0.00,0.00,0.0,0.000,0.000,0.000,37.935,0.00
1786223404,bench_mixed,0.00,0.00,0.0,0.000,0.000,0.000,37.935,0.00
1786223409,bench_mixed,0.00,0.00,0.0,0.000,0.000,0.000,37.935,0.00
1786223414,bench_mixed,0.00,0.00,0.0,0.000,0.000,0.000,37.935,0.00
1786223419,bench_mixed,0.00,0.00,0.0,0.000,0.000,0.000,37.933,0.00
1786223424,bench_mixed,0.00,0.00,0.0,0.000,0.000,0.000,37.933,0.00
1786223429,bench_mixed,0.00,0.00,0.0,0.000,0.000,0.000,37.932,0.00
1786223434,bench_mixed,0.00,0.00,0.0,0.000,0.000,0.000,37.932,0.00
1786223439,bench_mixed,0.00,0.00,0.0,0.000,0.000,0.000,37.932,0.00
1786223445,bench_mixed,0.00,0.00,0.0,0.000,0.000,0.000,37.932,0.00
1786223450,bench_mixed,0.00,0.00,0.0,0.000,0.000,0.000,37.930,0.00
1786223455,bench_mixed,0.00,0.00,0.0,0.000,0.000,0.000,37.930,0.00
1786223460,bench_mixed,0.00,0.00,0.0,0.000,0.000,0.000,37.931,0.00
1786223465,bench_mixed,0.00,0.00,0.0,0.000,0.000,0.000,37.931,0.00
1786223470,bench_mixed,0.00,0.00,0.0,0.000,0.000,0.000,37.930,0.00
1786223475,bench_mixed,0.00,0.00,0.0,0.000,0.000,0.000,37.930,0.00
1786223480,bench_mixed,0.00,0.00,0.0,0.000,0.000,0.000,37.931,0.00
1786223485,bench_mixed,0.00,0.00,0.0,0.000,0.000,0.000,37.931,0.00
1786223490,bench_mixed,0.00,0.00,0.0,0.000,0.000,0.000,37.921,0.00
1786223495,bench_mixed,0.00,0.00,0.0,0.000,0.000,0.000,37.930,0.00
1786223500,bench_mixed,0.00,0.00,0.0,0.000,0.000,0.000,37.930,0.00
1786223505,bench_mixed,0.00,0.00,0.0,0.000,0.000,0.000,37.929,0.00
1786223510,bench_mixed,0.00,0.00,0.0,0.000,0.000,0.000,37.928,0.00
1786223515,bench_mixed,0.00,0.00,0.0,0.000,0.000,0.000,37.929,0.00
1786223520,bench_mixed,0.00,0.00,0.0,0.000,0.000,0.000,37.929,0.00
1786223525,bench_mixed,0.00,0.00,0.0,0.000,0.000,0.000,37.925,0.00
1786223530,bench_mixed,0.00,0.00,0.0,0.000,0.000,0.000,37.928,0.00
1786223535,bench_mixed,0.00,0.00,0.0,0.000,0.000,0.000,37.927,0.00
1786223540,bench_mixed,0.00,0.00,0.0,0.000,0.000,0.000,37.927,0.00
1786223546,bench_mixed,0.00,0.00,0.0,0.000,0.000,0.000,37.926,0.00
1786223551,bench_mixed,0.00,0.00,0.0,0.000,0.000,0.000,37.926,0.00
1786223556,bench_mixed,0.00,0.00,0.0,0.000,0.000,0.000,37.925,0.00
1786223561,bench_mixed,0.00,0.00,0.0,0.000,0.000,0.000,37.925,0.00
1786223566,bench_mixed,0.00,0.00,0.0,0.000,0.000,0.000,37.925,0.00
1786223571,bench_mixed,0.00,0.00,0.0,0.000,0.000,0.000,37.926,0.00
1786223576,bench_mixed,0.00,0.00,0.0,0.000,0.000,0.000,37.926,0.00
1786223581,bench_mixed,0.00,0.00,0.0,0.000,0.000,0.000,37.926,0.00
1786223586,bench_mixed,0.00,0.00,0.0,0.000,0.000,0.000,37.926,0.00
1786223591,bench_mixed,0.00,0.00,0.0,0.000,0.000,0.000,37.924,0.00
1786223596,bench_mixed,0.00,0.00,0.0,0.000,0.000,0.000,37.924,0.00
1786223601,bench_mixed,0.00,0.00,0.0,0.000,0.000,0.000,37.924,0.00
1786223606,bench_mixed,0.00,0.00,0.0,0.000,0.000,0.000,37.923,0.00
1786223611,bench_mixed,0.00,0.00,0.0,0.000,0.000,0.000,37.923,0.00
1786223616,bench_mixed,0.00,0.00,0.0,0.000,0.000,0.000,37.924,0.00
1786223621,bench_mixed,0.00,0.00,0.0,0.000,0.000,0.000,37.924,0.00
1786223626,bench_mixed,0.00,0.00,0.0,0.000,0.000,0.000,37.925,0.00
1786223631,bench_mixed,0.00,0.00,0.0,0.000,0.000,0.000,37.925,0.00
1786223636,bench_mixed,0.00,0.00,0.0,0.000,0.000,0.000,37.924,0.00
1786223642,bench_mixed,0.00,0.00,0.0,0.000,0.000,0.000,37.924,0.00
1786223647,bench_mixed,0.00,0.00,0.0,0.000,0.000,0.000,37.926,0.00
1786223652,bench_mixed,0.00,0.00,0.0,0.000,0.000,0.000,37.926,0.00
1786223657,bench_mixed,0.00,0.00,0.0,0.000,0.000,0.000,37.924,0.00
1786223662,bench_mixed,0.00,0.00,0.0,0.000,0.000,0.000,37.924,0.00
1786223667,bench_mixed,0.00,0.00,0.0,0.000,0.000,0.000,37.926,0.00
1786223672,bench_mixed,0.00,0.00,0.0,0.000,0.000,0.000,37.926,0.00
1786223677,bench_mixed,0.00,0.00,0.0,0.000,0.000,0.000,37.926,0.00
1786223682,bench_mixed,0.00,0.00,0.0,0.000,0.000,0.000,37.926,0.00
1786223687,bench_mixed,0.00,0.00,0.0,0.000,0.000,0.000,37.928,0.00
1786223692,bench_mixed,0.00,0.00,0.0,0.000,0.000,0.000,37.929,0.00
1786223697,bench_mixed,0.00,0.00,0.0,0.000,0.000,0.000,37.929,0.00
1786223702,bench_mixed,0.00,0.00,0.0,0.000,0.000,0.000,37.928,0.00
1786223707,bench_mixed,0.00,0.00,0.0,0.000,0.000,0.000,37.927,0.00
1786223712,bench_mixed,0.00,0.00,0.0,0.000,0.000,0.000,37.928,0.00
1786223717,bench_mixed,0.00,0.00,0.0,0.000,0.000,0.000,37.925,0.00
1786223722,bench_mixed,0.00,0.00,0.0,0.000,0.000,0.000,37.925,0.00
1786223727,bench_mixed,0.00,0.00,0.0,0.000,0.000,0.000,37.923,0.00
1786223732,bench_mixed,0.00,0.00,0.0,0.000,0.000,0.000,37.923,0.00
1786223738,bench_mixed,0.00,0.00,0.0,0.000,0.000,0.000,37.925,0.00
1786223743,bench_mixed,0.00,0.00,0.0,0.000,0.000,0.000,37.925,0.00
1786223748,bench_mixed,0.00,0.00,0.0,0.000,0.000,0.000,37.923,0.00
1786223753,bench_mixed,0.00,0.00,0.0,0.000,0.000,0.000,37.923,0.00
1786223758,bench_mixed,0.00,0.00,0.0,0.000,0.000,0.000,37.921,0.00
1786223763,bench_mixed,0.00,0.00,0.0,0.000,0.000,0.000,37.922,0.00
1786223768,bench_mixed,0.00,0.00,0.0,0.000,0.000,0.000,37.921,0.00
1786223773,bench_mixed,0.00,0.00,0.0,0.000,0.000,0.000,37.920,0.00
1786223778,bench_mixed,0.00,0.00,0.0,0.000,0.000,0.000,37.923,0.00
1786223783,bench_mixed,0.00,0.00,0.0,0.000,0.000,0.000,37.923,0.00
1786223788,bench_mixed,0.00,0.00,0.0,0.000,0.000,0.000,37.922,0.00
1786223793,bench_mixed,0.00,0.00,0.0,0.000,0.000,0.000,37.922,0.00
1786223798,bench_mixed,0.00,0.00,0.0,0.000,0.000,0.000,37.921,0.00
1786223803,bench_mixed,0.00,0.00,0.0,0.000,0.000,0.000,37.921,0.00
1786223808,bench_mixed,0.00,0.00,0.0,0.000,0.000,0.000,37.922,0.00
1786223813,bench_mixed,0.00,0.00,0.0,0.000,0.000,0.000,37.922,0.00
1786223818,bench_mixed,0.00,0.00,0.0,0.000,0.000,0.000,37.924,0.00
1786223823,bench_mixed,0.00,0.00,0.0,0.000,0.000,0.000,37.923,0.00
1786223828,bench_mixed,0.00,0.00,0.0,0.000,0.000,0.000,37.923,0.00
1786223834,bench_mixed,0.00,0.00,0.0,0.000,0.000,0.000,37.920,0.00
1786223839,bench_mixed,0.00,0.00,0.0,0.000,0.000,0.000,37.922,0.00
1786223844,bench_mixed,0.00,0.00,0.0,0.000,0.000,0.000,37.923,0.00
1786223849,bench_mixed,0.00,0.00,0.0,0.000,0.000,0.000,37.913,0.00
1786223854,bench_mixed,0.00,0.00,0.0,0.000,0.000,0.000,37.924,0.00
1786223859,bench_mixed,0.00,0.00,0.0,0.000,0.000,0.000,37.924,0.00
1786223864,bench_mixed,0.00,0.00,0.0,0.000,0.000,0.000,37.926,0.00
1786223869,bench_mixed,0.00,0.00,0.0,0.000,0.000,0.000,37.926,0.00
1786223874,bench_mixed,0.00,0.00,0.0,0.000,0.000,0.000,37.925,0.00
1786223879,bench_mixed,0.00,0.00,0.0,0.000,0.000,0.000,37.925,0.00
1786223884,bench_mixed,0.00,0.00,0.0,0.000,0.000,0.000,37.924,0.00
1786223889,bench_mixed,0.00,0.00,0.0,0.000,0.000,0.000,37.923,0.00
1786223894,bench_mixed,0.00,0.00,0.0,0.000,0.000,0.000,37.926,0.00
1786223899,bench_mixed,0.00,0.00,0.0,0.000,0.000,0.000,37.926,0.00
1786223904,bench_mixed,0.00,0.00,0.0,0.000,0.000,0.000,37.923,0.00
1786223909,bench_mixed,0.00,0.00,0.0,0.000,0.000,0.000,37.923,0.00
1786223914,bench_mixed,0.00,0.00,0.0,0.000,0.000,0.000,37.924,0.00
1786223919,bench_mixed,0.00,0.00,0.0,0.000,0.000,0.000,37.923,0.00
1786223924,bench_mixed,0.00,0.00,0.0,0.000,0.000,0.000,37.922,0.00
1786223930,bench_mixed,0.00,0.00,0.0,0.000,0.000,0.000,37.922,0.00
1786223935,bench_mixed,0.00,0.00,0.0,0.000,0.000,0.000,37.920,0.00
1786223940,bench_mixed,0.00,0.00,0.0,0.000,0.000,0.000,37.920,0.00
1786223945,bench_mixed,0.00,0.00,0.0,0.000,0.000,0.000,37.922,0.00
1786223950,bench_mixed,0.00,0.00,0.0,0.000,0.000,0.000,37.922,0.00
1786223955,bench_mixed,0.00,0.00,0.0,0.000,0.000,0.000,37.918,0.00
1786223960,bench_mixed,0.00,0.00,0.0,0.000,0.000,0.000,37.919,0.00
1786223965,bench_mixed,0.00,0.00,0.0,0.000,0.000,0.000,37.916,0.00
1786223970,bench_mixed,0.00,0.00,0.0,0.000,0.000,0.000,37.917,0.00
1786223975,bench_mixed,0.00,0.00,0.0,0.000,0.000,0.000,37.919,0.00
1786223980,bench_mixed,0.00,0.00,0.0,0.000,0.000,0.000,37.919,0.00
1786223985,bench_mixed,0.00,0.00,0.0,0.000,0.000,0.000,37.920,0.00
1786223990,bench_mixed,0.00,0.00,0.0,0.000,0.000,0.000,37.920,0.00
1786223995,bench_mixed,0.00,0.00,0.0,0.000,0.000,0.000,37.919,0.00
1786224000,bench_mixed,0.00,0.00,0.0,0.000,0.000,0.000,37.919,0.00
1786224005,bench_mixed,0.00,0.00,0.0,0.000,0.000,0.000,37.919,0.00
1786224010,bench_mixed,0.00,0.00,0.0,0.000,0.000,0.000,37.920,0.00
1786224015,bench_mixed,0.00,0.00,0.0,0.000,0.000,0.000,37.920,0.00
1786224020,bench_mixed,0.00,0.00,0.0,0.000,0.000,0.000,37.922,0.00
1786224026,bench_mixed,0.00,0.00,0.0,0.000,0.000,0.000,37.924,0.00
1786224031,bench_mixed,0.00,0.00,0.0,0.000,0.000,0.000,37.923,0.00
1786224036,bench_mixed,0.00,0.00,0.0,0.000,0.000,0.000,37.922,0.00
1786224041,bench_mixed,0.00,0.00,0.0,0.000,0.000,0.000,37.922,0.00
1786224046,bench_mixed,0.00,0.00,0.0,0.000,0.000,0.000,37.920,0.00
1786224051,bench_mixed,0.00,0.00,0.0,0.000,0.000,0.000,37.920,0.00
1786224056,bench_mixed,0.00,0.00,0.0,0.000,0.000,0.000,37.919,0.00
1786224061,bench_mixed,0.00,0.00,0.0,0.000,0.000,0.000,37.920,0.00
1786224066,bench_mixed,0.00,0.00,0.0,0.000,0.000,0.000,37.920,0.00
1786224071,bench_mixed,0.00,0.00,0.0,0.000,0.000,0.000,37.921,0.00
1786224076,bench_mixed,0.00,0.00,0.0,0.000,0.000,0.000,37.921,0.00
1786224081,bench_mixed,0.00,0.00,0.0,0.000,0.000,0.000,37.920,0.00
1786224086,bench_mixed,0.00,0.00,0.0,0.000,0.000,0.000,37.923,0.00
1786224091,bench_mixed,0.00,0.00,0.0,0.000,0.000,0.000,37.923,0.00
1786224096,bench_mixed,0.00,0.00,0.0,0.000,0.000,0.000,37.921,0.00
1786224101,bench_mixed,0.00,0.00,0.0,0.000,0.000,0.000,37.921,0.00
1786224106,bench_mixed,0.00,0.00,0.0,0.000,0.000,0.000,37.921,0.00
1786224111,bench_mixed,0.00,0.00,0.0,0.000,0.000,0.000,37.921,0.00
1786224116,bench_mixed,0.00,0.00,0.0,0.000,0.000,0.000,37.922,0.00
1786224122,bench_mixed,0.00,0.00,0.0,0.000,0.000,0.000,37.922,0.00
1786224127,bench_mixed,0.00,0.00,0.0,0.000,0.000,0.000,37.921,0.00
1786224132,bench_mixed,0.00,0.00,0.0,0.000,0.000,0.000,37.922,0.00
1786224137,bench_mixed,0.00,0.00,0.0,0.000,0.000,0.000,37.919,0.00
1786224142,bench_mixed,0.00,0.00,0.0,0.000,0.000,0.000,37.918,0.00
1786224147,bench_mixed,0.00,0.00,0.0,0.000,0.000,0.000,37.916,0.00
1786224152,bench_mixed,0.00,0.00,0.0,0.000,0.000,0.000,37.916,0.00
1786224157,bench_mixed,0.00,0.00,0.0,0.000,0.000,0.000,37.915,0.00
1786224162,bench_mixed,0.00,0.00,0.0,0.000,0.000,0.000,37.915,0.00
1786224167,bench_mixed,0.00,0.00,0.0,0.000,0.000,0.000,37.915,0.00
1786224172,bench_mixed,0.00,0.00,0.0,0.000,0.000,0.000,37.915,0.00
1786224177,bench_mixed,0.00,0.00,0.0,0.000,0.000,0.000,37.913,0.00
1786224182,bench_mixed,0.00,0.00,0.0,0.000,0.000,0.000,37.913,0.00
1786224187,bench_mixed,0.00,0.00,0.0,0.000,0.000,0.000,37.917,0.00
1786224192,bench_mixed,0.00,0.00,0.0,0.000,0.000,0.000,37.917,0.00
1786224197,bench_mixed,0.00,0.00,0.0,0.000,0.000,0.000,37.917,0.00
1786224202,bench_mixed,0.00,0.00,0.0,0.000,0.000,0.000,37.916,0.00
1786224207,bench_mixed,0.00,0.00,0.0,0.000,0.000,0.000,37.907,0.00
1786224213,bench_mixed,0.00,0.00,0.0,0.000,0.000,0.000,37.917,0.00
1786224218,bench_mixed,0.00,0.00,0.0,0.000,0.000,0.000,37.917,0.00
1786224223,bench_mixed,0.00,0.00,0.0,0.000,0.000,0.000,37.915,0.00
1786224228,bench_mixed,0.00,0.00,0.0,0.000,0.000,0.000,37.915,0.00
1786224233,bench_mixed,0.00,0.00,0.0,0.000,0.000,0.000,37.917,0.00
1786224238,bench_mixed,0.00,0.00,0.0,0.000,0.000,0.000,37.917,0.00
1786224243,bench_mixed,0.00,0.00,0.0,0.000,0.000,0.000,37.917,0.00
1786224248,bench_mixed,0.00,0.00,0.0,0.000,0.000,0.000,37.917,0.00
1786224253,bench_mixed,0.00,0.00,0.0,0.000,0.000,0.000,37.917,0.00
1786224258,bench_mixed,0.00,0.00,0.0,0.000,0.000,0.000,37.917,0.00
1786224263,bench_mixed,0.00,0.00,0.0,0.000,0.000,0.000,37.913,0.00
1786224268,bench_mixed,0.00,0.00,0.0,0.000,0.000,0.000,37.914,0.00
1786224273,bench_mixed,0.00,0.00,0.0,0.000,0.000,0.000,37.913,0.00
1786224278,bench_mixed,0.00,0.00,0.0,0.000,0.000,0.000,37.913,0.00
1786224283,bench_mixed,0.00,0.00,0.0,0.000,0.000,0.000,37.913,0.00
1786224288,bench_mixed,0.00,0.00,0.0,0.000,0.000,0.000,37.913,0.00
1786224293,bench_mixed,0.00,0.00,0.0,0.000,0.000,0.000,37.915,0.00
1786224298,bench_mixed,0.00,0.00,0.0,0.000,0.000,0.000,37.915,0.00
1786224303,bench_mixed,0.00,0.00,0.0,0.000,0.000,0.000,37.916,0.00
1786224309,bench_mixed,0.00,0.00,0.0,0.000,0.000,0.000,37.915,0.00
1786224314,bench_mixed,0.00,0.00,0.0,0.000,0.000,0.000,37.916,0.00
1786224319,bench_mixed,0.00,0.00,0.0,0.000,0.000,0.000,37.916,0.00
1786224324,bench_mixed,0.00,0.00,0.0,0.000,0.000,0.000,37.915,0.00
1786224329,bench_mixed,0.00,0.00,0.0,0.000,0.000,0.000,37.911,0.00
1786224334,bench_mixed,0.00,0.00,0.0,0.000,0.000,0.000,37.914,0.00
1786224339,bench_mixed,0.00,0.00,0.0,0.000,0.000,0.000,37.913,0.00
1786224344,bench_mixed,0.00,0.00,0.0,0.000,0.000,0.000,37.911,0.00
1786224349,bench_mixed,0.00,0.00,0.0,0.000,0.000,0.000,37.912,0.00
1786224354,bench_mixed,0.00,0.00,0.0,0.000,0.000,0.000,37.910,0.00
1786224359,bench_mixed,0.00,0.00,0.0,0.000,0.000,0.000,37.910,0.00
1786224364,bench_mixed,0.00,0.00,0.0,0.000,0.000,0.000,37.911,0.00
1786224369,bench_mixed,0.00,0.00,0.0,0.000,0.000,0.000,37.911,0.00
1786224374,bench_mixed,0.00,0.00,0.0,0.000,0.000,0.000,37.913,0.00
1786224379,bench_mixed,0.00,0.00,0.0,0.000,0.000,0.000,37.913,0.00
1786224384,bench_mixed,0.00,0.00,0.0,0.000,0.000,0.000,37.911,0.00
1786224389,bench_mixed,0.00,0.00,0.0,0.000,0.000,0.000,37.912,0.00
1786224394,bench_mixed,0.00,0.00,0.0,0.000,0.000,0.000,37.912,0.00
1786224399,bench_mixed,0.00,0.00,0.0,0.000,0.000,0.000,37.912,0.00
1786224405,bench_mixed,0.00,0.00,0.0,0.000,0.000,0.000,37.914,0.00
1786224410,bench_mixed,0.00,0.00,0.0,0.000,0.000,0.000,37.914,0.00
1786224415,bench_mixed,0.00,0.00,0.0,0.000,0.000,0.000,37.913,0.00
1786224420,bench_mixed,0.00,0.00,0.0,0.000,0.000,0.000,37.913,0.00
1786224425,bench_mixed,0.00,0.00,0.0,0.000,0.000,0.000,37.910,0.00
1786224430,bench_mixed,0.00,0.00,0.0,0.000,0.000,0.000,37.911,0.00
1786224435,bench_mixed,0.00,0.00,0.0,0.000,0.000,0.000,37.909,0.00
1786224440,bench_mixed,0.00,0.00,0.0,0.000,0.000,0.000,37.909,0.00
1786224445,bench_mixed,0.00,0.00,0.0,0.000,0.000,0.000,37.911,0.00
1786224450,bench_mixed,0.00,0.00,0.0,0.000,0.000,0.000,37.911,0.00
1786224455,bench_mixed,0.00,0.00,0.0,0.000,0.000,0.000,37.910,0.00
1786224460,bench_mixed,0.00,0.00,0.0,0.000,0.000,0.000,37.910,0.00
1786224465,bench_mixed,0.00,0.00,0.0,0.000,0.000,0.000,37.909,0.00
1786224470,bench_mixed,0.00,0.00,0.0,0.000,0.000,0.000,37.910,0.00
1786224475,bench_mixed,0.00,0.00,0.0,0.000,0.000,0.000,37.909,0.00
1786224480,bench_mixed,0.00,0.00,0.0,0.000,0.000,0.000,37.910,0.00
1786224485,bench_mixed,0.00,0.00,0.0,0.000,0.000,0.000,37.909,0.00
1786224490,bench_mixed,0.00,0.00,0.0,0.000,0.000,0.000,37.910,0.00
1786224495,bench_mixed,0.00,0.00,0.0,0.000,0.000,0.000,37.909,0.00
1786224501,bench_mixed,0.00,0.00,0.0,0.000,0.000,0.000,37.910,0.00
1786224506,bench_mixed,0.00,0.00,0.0,0.000,0.000,0.000,37.910,0.00
1786224511,bench_mixed,0.00,0.00,0.0,0.000,0.000,0.000,37.908,0.00
1786224516,bench_mixed,0.00,0.00,0.0,0.000,0.000,0.000,37.910,0.00
1786224521,bench_mixed,0.00,0.00,0.0,0.000,0.000,0.000,37.910,0.00
1786224526,bench_mixed,0.00,0.00,0.0,0.000,0.000,0.000,37.907,0.00
1786224531,bench_mixed,0.00,0.00,0.0,0.000,0.000,0.000,37.907,0.00
1786224536,bench_mixed,0.00,0.00,0.0,0.000,0.000,0.000,37.907,0.00
1786224541,bench_mixed,0.00,0.00,0.0,0.000,0.000,0.000,37.908,0.00
1786224546,bench_mixed,0.00,0.00,0.0,0.000,0.000,0.000,37.908,0.00
1786224551,bench_mixed,0.00,0.00,0.0,0.000,0.000,0.000,37.909,0.00
1786224556,bench_mixed,0.00,0.00,0.0,0.000,0.000,0.000,37.908,0.00
1786224561,bench_mixed,0.00,0.00,0.0,0.000,0.000,0.000,37.908,0.00
1786224566,bench_mixed,0.00,0.00,0.0,0.000,0.000,0.000,37.903,0.00
1786224571,bench_mixed,0.00,0.00,0.0,0.000,0.000,0.000,37.907,0.00
1786224576,bench_mixed,0.00,0.00,0.0,0.000,0.000,0.000,37.910,0.00
1786224581,bench_mixed,0.00,0.00,0.0,0.000,0.000,0.000,37.910,0.00
1786224586,bench_mixed,0.00,0.00,0.0,0.000,0.000,0.000,37.910,0.00
1786224591,bench_mixed,0.00,0.00,0.0,0.000,0.000,0.000,37.909,0.00
1786224596,bench_mixed,0.00,0.00,0.0,0.000,0.000,0.000,37.909,0.00
1786224602,bench_mixed,0.00,0.00,0.0,0.000,0.000,0.000,37.908,0.00
1786224607,bench_mixed,0.00,0.00,0.0,0.000,0.000,0.000,37.908,0.00
1786224612,bench_mixed,0.00,0.00,0.0,0.000,0.000,0.000,37.911,0.00
1786224617,bench_mixed,0.00,0.00,0.0,0.000,0.000,0.000,37.912,0.00
1786224622,bench_mixed,0.00,0.00,0.0,0.000,0.000,0.000,37.913,0.00
1786224627,bench_mixed,0.00,0.00,0.0,0.000,0.000,0.000,37.912,0.00
1786224632,bench_mixed,0.00,0.00,0.0,0.000,0.000,0.000,37.916,0.00
1786224637,bench_mixed,0.00,0.00,0.0,0.000,0.000,0.000,37.916,0.00
1786224642,bench_mixed,0.00,0.00,0.0,0.000,0.000,0.000,37.917,0.00
1786224647,bench_mixed,0.00,0.00,0.0,0.000,0.000,0.000,37.917,0.00
1786224652,bench_mixed,0.00,0.00,0.0,0.000,0.000,0.000,37.917,0.00
1786224657,bench_mixed,0.00,0.00,0.0,0.000,0.000,0.000,37.917,0.00
1786224662,bench_mixed,0.00,0.00,0.0,0.000,0.000,0.000,37.914,0.00
1786224667,bench_mixed,0.00,0.00,0.0,0.000,0.000,0.000,37.914,0.00
1786224672,bench_mixed,0.00,0.00,0.0,0.000,0.000,0.000,37.915,0.00
1786224677,bench_mixed,0.00,0.00,0.0,0.000,0.000,0.000,37.915,0.00
1786224682,bench_mixed,0.00,0.00,0.0,0.000,0.000,0.000,37.914,0.00
1786224687,bench_mixed,0.00,0.00,0.0,0.000,0.000,0.000,37.914,0.00
1786224692,bench_mixed,0.00,0.00,0.0,0.000,0.000,0.000,37.916,0.00
1786224698,bench_mixed,0.00,0.00,0.0,0.000,0.000,0.000,37.917,0.00
1786224703,bench_mixed,0.00,0.00,0.0,0.000,0.000,0.000,37.916,0.00
1786224708,bench_mixed,0.00,0.00,0.0,0.000,0.000,0.000,37.917,0.00
1786224713,bench_mixed,0.00,0.00,0.0,0.000,0.000,0.000,37.919,0.00
1786224718,bench_mixed,0.00,0.00,0.0,0.000,0.000,0.000,37.918,0.00
1786224723,bench_mixed,0.00,0.00,0.0,0.000,0.000,0.000,37.917,0.00
1786224728,bench_mixed,0.00,0.00,0.0,0.000,0.000,0.000,37.918,0.00
1786224733,bench_mixed,0.00,0.00,0.0,0.000,0.000,0.000,37.916,0.00
1786224738,bench_mixed,0.00,0.00,0.0,0.000,0.000,0.000,37.917,0.00
1786224743,bench_mixed,0.00,0.00,0.0,0.000,0.000,0.000,37.915,0.00
1786224748,bench_mixed,0.00,0.00,0.0,0.000,0.000,0.000,37.916,0.00
1786224753,bench_mixed,0.00,0.00,0.0,0.000,0.000,0.000,37.917,0.00
1786224758,bench_mixed,0.00,0.00,0.0,0.000,0.000,0.000,37.918,0.00
1786224763,bench_mixed,0.00,0.00,0.0,0.000,0.000,0.000,37.915,0.00
1786224768,bench_mixed,0.00,0.00,0.0,0.000,0.000,0.000,37.917,0.00
1786224773,bench_mixed,0.00,0.00,0.0,0.000,0.000,0.000,37.914,0.00
1786224778,bench_mixed,0.00,0.00,0.0,0.000,0.000,0.000,37.914,0.00
1786224783,bench_mixed,0.00,0.00,0.0,0.000,0.000,0.000,37.917,0.00
1786224788,bench_mixed,0.00,0.00,0.0,0.000,0.000,0.000,37.917,0.00
1786224794,bench_mixed,0.00,0.00,0.0,0.000,0.000,0.000,37.915,0.00
1786224799,bench_mixed,0.00,0.00,0.0,0.000,0.000,0.000,37.915,0.00
1786224804,bench_mixed,0.00,0.00,0.0,0.000,0.000,0.000,37.914,0.00
1786224809,bench_mixed,0.00,0.00,0.0,0.000,0.000,0.000,37.914,0.00
1786224814,bench_mixed,0.00,0.00,0.0,0.000,0.000,0.000,37.914,0.00
1786224819,bench_mixed,0.00,0.00,0.0,0.000,0.000,0.000,37.916,0.00
1786224824,bench_mixed,0.00,0.00,0.0,0.000,0.000,0.000,37.915,0.00
1786224829,bench_mixed,0.00,0.00,0.0,0.000,0.000,0.000,37.916,0.00
1786224834,bench_mixed,0.00,0.00,0.0,0.000,0.000,0.000,37.919,0.00
1786224839,bench_mixed,0.00,0.00,0.0,0.000,0.000,0.000,37.919,0.00
1786224844,bench_mixed,0.00,0.00,0.0,0.000,0.000,0.000,37.917,0.00
1786224849,bench_mixed,0.00,0.00,0.0,0.000,0.000,0.000,37.917,0.00
1786224854,bench_mixed,0.00,0.00,0.0,0.000,0.000,0.000,37.918,0.00
1786224859,bench_mixed,0.00,0.00,0.0,0.000,0.000,0.000,37.919,0.00
1786224864,bench_mixed,0.00,0.00,0.0,0.000,0.000,0.000,37.916,0.00
1786224869,bench_mixed,0.00,0.00,0.0,0.000,0.000,0.000,37.917,0.00
1786224874,bench_mixed,0.00,0.00,0.0,0.000,0.000,0.000,37.915,0.00
1786224879,bench_mixed,0.00,0.00,0.0,0.000,0.000,0.000,37.913,0.00
1786224884,bench_mixed,0.00,0.00,0.0,0.000,0.000,0.000,37.913,0.00
1786224890,bench_mixed,0.00,0.00,0.0,0.000,0.000,0.000,37.913,0.00
1786224895,bench_mixed,0.00,0.00,0.0,0.000,0.000,0.000,37.912,0.00
1786224900,bench_mixed,0.00,0.00,0.0,0.000,0.000,0.000,37.912,0.00
1786224905,bench_mixed,0.00,0.00,0.0,0.000,0.000,0.000,37.910,0.00
1786224910,bench_mixed,0.00,0.00,0.0,0.000,0.000,0.000,37.910,0.00
1786224915,bench_mixed,0.00,0.00,0.0,0.000,0.000,0.000,37.910,0.00
1786224920,bench_mixed,0.00,0.00,0.0,0.000,0.000,0.000,37.910,0.00
1786224925,bench_mixed,0.00,0.00,0.0,0.000,0.000,0.000,37.910,0.00
1786224930,bench_mixed,0.00,0.00,0.0,0.000,0.000,0.000,37.911,0.00
1786224935,bench_mixed,0.00,0.00,0.0,0.000,0.000,0.000,37.911,0.00
1786224940,bench_mixed,0.00,0.00,0.0,0.000,0.000,0.000,37.908,0.00
1786224945,bench_mixed,0.00,0.00,0.0,0.000,0.000,0.000,37.910,0.00
1786224950,bench_mixed,0.00,0.00,0.0,0.000,0.000,0.000,37.910,0.00
1786224955,bench_mixed,0.00,0.00,0.0,0.000,0.000,0.000,37.910,0.00
1786224960,bench_mixed,0.00,0.00,0.0,0.000,0.000,0.000,37.911,0.00
1786224965,bench_mixed,0.00,0.00,0.0,0.000,0.000,0.000,37.911,0.00
1786224970,bench_mixed,0.00,0.00,0.0,0.000,0.000,0.000,37.912,0.00
1786224975,bench_mixed,0.00,0.00,0.0,0.000,0.000,0.000,37.912,0.00
1786224980,bench_mixed,0.00,0.00,0.0,0.000,0.000,0.000,37.912,0.00
1786224986,bench_mixed,0.00,0.00,0.0,0.000,0.000,0.000,37.912,0.00
1786224991,bench_mixed,0.00,0.00,0.0,0.000,0.000,0.000,37.912,0.00
1786224996,bench_mixed,0.00,0.00,0.0,0.000,0.000,0.000,37.913,0.00
1786225001,bench_mixed,0.00,0.00,0.0,0.000,0.000,0.000,37.909,0.00
1786225006,bench_mixed,0.00,0.00,0.0,0.000,0.000,0.000,37.909,0.00
1786225011,bench_mixed,0.00,0.00,0.0,0.000,0.000,0.000,37.910,0.00
1786225016,bench_mixed,0.00,0.00,0.0,0.000,0.000,0.000,37.910,0.00
1786225021,bench_mixed,0.00,0.00,0.0,0.000,0.000,0.000,37.908,0.00
1786225026,bench_mixed,0.00,0.00,0.0,0.000,0.000,0.000,37.908,0.00
1786225031,bench_mixed,0.00,0.00,0.0,0.000,0.000,0.000,37.907,0.00
1786225036,bench_mixed,0.00,0.00,0.0,0.000,0.000,0.000,37.908,0.00
1786225041,bench_mixed,0.00,0.00,0.0,0.000,0.000,0.000,37.908,0.00
1786225046,bench_mixed,0.00,0.00,0.0,0.000,0.000,0.000,37.908,0.00
1786225051,bench_mixed,0.00,0.00,0.0,0.000,0.000,0.000,37.907,0.00
1786225056,bench_mixed,0.00,0.00,0.0,0.000,0.000,0.000,37.907,0.00
1786225061,bench_mixed,0.00,0.00,0.0,0.000,0.000,0.000,37.902,0.00
1786225066,bench_mixed,0.00,0.00,0.0,0.000,0.000,0.000,37.904,0.00
1786225071,bench_mixed,0.00,0.00,0.0,0.000,0.000,0.000,37.904,0.00
1786225076,bench_mixed,0.00,0.00,0.0,0.000,0.000,0.000,37.904,0.00
1786225081,bench_mixed,0.00,0.00,0.0,0.000,0.000,0.000,37.903,0.00
1786225087,bench_mixed,0.00,0.00,0.0,0.000,0.000,0.000,37.903,0.00
1786225092,bench_mixed,0.00,0.00,0.0,0.000,0.000,0.000,37.902,0.00
1786225097,bench_mixed,0.00,0.00,0.0,0.000,0.000,0.000,37.902,0.00
1786225102,bench_mixed,0.00,0.00,0.0,0.000,0.000,0.000,37.902,0.00
1786225107,bench_mixed,0.00,0.00,0.0,0.000,0.000,0.000,37.903,0.00
1786225112,bench_mixed,0.00,0.00,0.0,0.000,0.000,0.000,37.902,0.00
1786225117,bench_mixed,0.00,0.00,0.0,0.000,0.000,0.000,37.902,0.00
1786225122,bench_mixed,0.00,0.00,0.0,0.000,0.000,0.000,37.898,0.00
1786225127,bench_mixed,0.00,0.00,0.0,0.000,0.000,0.000,37.898,0.00
1786225132,bench_mixed,0.00,0.00,0.0,0.000,0.000,0.000,37.903,0.00
1786225137,bench_mixed,0.00,0.00,0.0,0.000,0.000,0.000,37.904,0.00
1786225142,bench_mixed,0.00,0.00,0.0,0.000,0.000,0.000,37.905,0.00
1786225147,bench_mixed,0.00,0.00,0.0,0.000,0.000,0.000,37.907,0.00
1786225152,bench_mixed,0.00,0.00,0.0,0.000,0.000,0.000,37.905,0.00
1786225157,bench_mixed,0.00,0.00,0.0,0.000,0.000,0.000,37.907,0.00
1786225162,bench_mixed,0.00,0.00,0.0,0.000,0.000,0.000,37.905,0.00
1786225167,bench_mixed,0.00,0.00,0.0,0.000,0.000,0.000,37.905,0.00
1786225172,bench_mixed,0.00,0.00,0.0,0.000,0.000,0.000,37.905,0.00
1786225177,bench_mixed,0.00,0.00,0.0,0.000,0.000,0.000,37.904,0.00
1786225183,bench_mixed,0.00,0.00,0.0,0.000,0.000,0.000,37.907,0.00
1786225188,bench_mixed,0.00,0.00,0.0,0.000,0.000,0.000,37.908,0.00
1786225193,bench_mixed,0.00,0.00,0.0,0.000,0.000,0.000,37.909,0.00
1786225198,bench_mixed,0.00,0.00,0.0,0.000,0.000,0.000,37.910,0.00
1786225203,bench_mixed,0.00,0.00,0.0,0.000,0.000,0.000,37.911,0.00
1786225208,bench_mixed,0.00,0.00,0.0,0.000,0.000,0.000,37.911,0.00
1786225213,bench_mixed,0.00,0.00,0.0,0.000,0.000,0.000,37.911,0.00
1786225218,bench_mixed,0.00,0.00,0.0,0.000,0.000,0.000,37.911,0.00
1786225223,bench_mixed,0.00,0.00,0.0,0.000,0.000,0.000,37.907,0.00
1786225228,bench_mixed,0.00,0.00,0.0,0.000,0.000,0.000,37.908,0.00
1786225233,bench_mixed,0.00,0.00,0.0,0.000,0.000,0.000,37.903,0.00
1786225238,bench_mixed,0.00,0.00,0.0,0.000,0.000,0.000,37.906,0.00
1786225243,bench_mixed,0.00,0.00,0.0,0.000,0.000,0.000,37.905,0.00
1786225248,bench_mixed,0.00,0.00,0.0,0.000,0.000,0.000,37.905,0.00
1786225253,bench_mixed,0.00,0.00,0.0,0.000,0.000,0.000,37.904,0.00
1786225258,bench_mixed,0.00,0.00,0.0,0.000,0.000,0.000,37.904,0.00
1786225263,bench_mixed,0.00,0.00,0.0,0.000,0.000,0.000,37.908,0.00
1786225268,bench_mixed,0.00,0.00,0.0,0.000,0.000,0.000,37.907,0.00
1786225273,bench_mixed,0.00,0.00,0.0,0.000,0.000,0.000,37.898,0.00
1786225279,bench_mixed,0.00,0.00,0.0,0.000,0.000,0.000,37.906,0.00
1786225284,bench_mixed,0.00,0.00,0.0,0.000,0.000,0.000,37.906,0.00
1786225289,bench_mixed,0.00,0.00,0.0,0.000,0.000,0.000,37.908,0.00
1786225294,bench_mixed,0.00,0.00,0.0,0.000,0.000,0.000,37.909,0.00
1786225299,bench_mixed,0.00,0.00,0.0,0.000,0.000,0.000,37.905,0.00
1786225304,bench_mixed,0.00,0.00,0.0,0.000,0.000,0.000,37.908,0.00
1786225309,bench_mixed,0.00,0.00,0.0,0.000,0.000,0.000,37.907,0.00
1786225314,bench_mixed,0.00,0.00,0.0,0.000,0.000,0.000,37.907,0.00
1786225319,bench_mixed,0.00,0.00,0.0,0.000,0.000,0.000,37.905,0.00
1786225324,bench_mixed,0.00,0.00,0.0,0.000,0.000,0.000,37.906,0.00
1786225329,bench_mixed,0.00,0.00,0.0,0.000,0.000,0.000,37.908,0.00
1786225334,bench_mixed,0.00,0.00,0.0,0.000,0.000,0.000,37.908,0.00
1786225339,bench_mixed,0.00,0.00,0.0,0.000,0.000,0.000,37.910,0.00
1786225344,bench_mixed,0.00,0.00,0.0,0.000,0.000,0.000,37.910,0.00
1786225349,bench_mixed,0.00,0.00,0.0,0.000,0.000,0.000,37.912,0.00
1786225354,bench_mixed,0.00,0.00,0.0,0.000,0.000,0.000,37.911,0.00
1786225359,bench_mixed,0.00,0.00,0.0,0.000,0.000,0.000,37.908,0.00
1786225364,bench_mixed,0.00,0.00,0.0,0.000,0.000,0.000,37.907,0.00
1786225369,bench_mixed,0.00,0.00,0.0,0.000,0.000,0.000,37.906,0.00
1786225375,bench_mixed,0.00,0.00,0.0,0.000,0.000,0.000,37.907,0.00
1786225380,bench_mixed,0.00,0.00,0.0,0.000,0.000,0.000,37.905,0.00
1786225385,bench_mixed,0.00,0.00,0.0,0.000,0.000,0.000,37.905,0.00
1786225390,bench_mixed,0.00,0.00,0.0,0.000,0.000,0.000,37.905,0.00
1786225395,bench_mixed,0.00,0.00,0.0,0.000,0.000,0.000,37.904,0.00
1786225400,bench_mixed,0.00,0.00,0.0,0.000,0.000,0.000,37.907,0.00
1786225405,bench_mixed,0.00,0.00,0.0,0.000,0.000,0.000,37.907,0.00
1786225410,bench_mixed,0.00,0.00,0.0,0.000,0.000,0.000,37.905,0.00
1786225415,bench_mixed,0.00,0.00,0.0,0.000,0.000,0.000,37.904,0.00
1786225420,bench_mixed,0.00,0.00,0.0,0.000,0.000,0.000,37.905,0.00
1786225425,bench_mixed,0.00,0.00,0.0,0.000,0.000,0.000,37.906,0.00
1786225430,bench_mixed,0.00,0.00,0.0,0.000,0.000,0.000,37.907,0.00
1786225435,bench_mixed,0.00,0.00,0.0,0.000,0.000,0.000,37.907,0.00
1786225440,bench_mixed,0.00,0.00,0.0,0.000,0.000,0.000,37.906,0.00
1786225445,bench_mixed,0.00,0.00,0.0,0.000,0.000,0.000,37.906,0.00
1786225450,bench_mixed,0.00,0.00,0.0,0.000,0.000,0.000,37.905,0.00
1786225455,bench_mixed,0.00,0.00,0.0,0.000,0.000,0.000,37.905,0.00
1786225460,bench_mixed,0.00,0.00,0.0,0.000,0.000,0.000,37.906,0.00
1786225465,bench_mixed,0.00,0.00,0.0,0.000,0.000,0.000,37.906,0.00
1786225471,bench_mixed,0.00,0.00,0.0,0.000,0.000,0.000,37.904,0.00
1786225476,bench_mixed,0.00,0.00,0.0,0.000,0.000,0.000,37.903,0.00
1786225481,bench_mixed,0.00,0.00,0.0,0.000,0.000,0.000,37.902,0.00
1786225486,bench_mixed,0.00,0.00,0.0,0.000,0.000,0.000,37.902,0.00
1786225491,bench_mixed,0.00,0.00,0.0,0.000,0.000,0.000,37.900,0.00
1786225496,bench_mixed,0.00,0.00,0.0,0.000,0.000,0.000,37.900,0.00
1786225501,bench_mixed,0.00,0.00,0.0,0.000,0.000,0.000,37.898,0.00
1786225506,bench_mixed,0.00,0.00,0.0,0.000,0.000,0.000,37.897,0.00
1786225511,bench_mixed,0.00,0.00,0.0,0.000,0.000,0.000,37.896,0.00
1786225516,bench_mixed,0.00,0.00,0.0,0.000,0.000,0.000,37.896,0.00
1786225521,bench_mixed,0.00,0.00,0.0,0.000,0.000,0.000,37.895,0.00
1786225526,bench_mixed,0.00,0.00,0.0,0.000,0.000,0.000,37.894,0.00
1786225531,bench_mixed,0.00,0.00,0.0,0.000,0.000,0.000,37.892,0.00
1786225536,bench_mixed,0.00,0.00,0.0,0.000,0.000,0.000,37.893,0.00
1786225541,bench_mixed,0.00,0.00,0.0,0.000,0.000,0.000,37.894,0.00
1786225546,bench_mixed,0.00,0.00,0.0,0.000,0.000,0.000,37.895,0.00
1786225551,bench_mixed,0.00,0.00,0.0,0.000,0.000,0.000,37.893,0.00
1786225556,bench_mixed,0.00,0.00,0.0,0.000,0.000,0.000,37.895,0.00
1786225561,bench_mixed,0.00,0.00,0.0,0.000,0.000,0.000,37.895,0.00
1786225567,bench_mixed,0.00,0.00,0.0,0.000,0.000,0.000,37.895,0.00
1786225572,bench_mixed,0.00,0.00,0.0,0.000,0.000,0.000,37.896,0.00
1786225577,bench_mixed,0.00,0.00,0.0,0.000,0.000,0.000,37.899,0.00
1786225582,bench_mixed,0.00,0.00,0.0,0.000,0.000,0.000,37.897,0.00
1786225587,bench_mixed,0.00,0.00,0.0,0.000,0.000,0.000,37.897,0.00
1786225592,bench_mixed,0.00,0.00,0.0,0.000,0.000,0.000,37.895,0.00
1786225597,bench_mixed,0.00,0.00,0.0,0.000,0.000,0.000,37.896,0.00
1786225602,bench_mixed,0.00,0.00,0.0,0.000,0.000,0.000,37.895,0.00
1786225607,bench_mixed,0.00,0.00,0.0,0.000,0.000,0.000,37.895,0.00
1786225612,bench_mixed,0.00,0.00,0.0,0.000,0.000,0.000,37.896,0.00
1786225617,bench_mixed,0.00,0.00,0.0,0.000,0.000,0.000,37.897,0.00
1786225622,bench_mixed,0.00,0.00,0.0,0.000,0.000,0.000,37.902,0.00
1786225627,bench_mixed,0.00,0.00,0.0,0.000,0.000,0.000,37.902,0.00
1786225632,bench_mixed,0.00,0.00,0.0,0.000,0.000,0.000,37.891,0.00
1786225637,bench_mixed,0.00,0.00,0.0,0.000,0.000,0.000,37.905,0.00
1786225642,bench_mixed,0.00,0.00,0.0,0.000,0.000,0.000,37.904,0.00
1786225647,bench_mixed,0.00,0.00,0.0,0.000,0.000,0.000,37.903,0.00
1786225652,bench_mixed,0.00,0.00,0.0,0.000,0.000,0.000,37.903,0.00
1786225657,bench_mixed,0.00,0.00,0.0,0.000,0.000,0.000,37.902,0.00
1786225663,bench_mixed,0.00,0.00,0.0,0.000,0.000,0.000,37.901,0.00
1786225668,bench_mixed,0.00,0.00,0.0,0.000,0.000,0.000,37.903,0.00
1786225673,bench_mixed,0.00,0.00,0.0,0.000,0.000,0.000,37.902,0.00
1786225678,bench_mixed,0.00,0.00,0.0,0.000,0.000,0.000,37.903,0.00
1786225683,bench_mixed,0.00,0.00,0.0,0.000,0.000,0.000,37.903,0.00
1786225688,bench_mixed,0.00,0.00,0.0,0.000,0.000,0.000,37.901,0.00
1786225693,bench_mixed,0.00,0.00,0.0,0.000,0.000,0.000,37.903,0.00
1786225698,bench_mixed,0.00,0.00,0.0,0.000,0.000,0.000,37.900,0.00
1786225703,bench_mixed,0.00,0.00,0.0,0.000,0.000,0.000,37.900,0.00
1786225708,bench_mixed,0.00,0.00,0.0,0.000,0.000,0.000,37.904,0.00
1786225713,bench_mixed,0.00,0.00,0.0,0.000,0.000,0.000,37.905,0.00
1786225718,bench_mixed,0.00,0.00,0.0,0.000,0.000,0.000,37.902,0.00
1786225723,bench_mixed,0.00,0.00,0.0,0.000,0.000,0.000,37.902,0.00
1786225728,bench_mixed,0.00,0.00,0.0,0.000,0.000,0.000,37.900,0.00
1786225733,bench_mixed,0.00,0.00,0.0,0.000,0.000,0.000,37.902,0.00
1786225738,bench_mixed,0.00,0.00,0.0,0.000,0.000,0.000,37.903,0.00
1786225743,bench_mixed,0.00,0.00,0.0,0.000,0.000,0.000,37.903,0.00
1786225748,bench_mixed,0.00,0.00,0.0,0.000,0.000,0.000,37.906,0.00
1786225753,bench_mixed,0.00,0.00,0.0,0.000,0.000,0.000,37.905,0.00
1786225759,bench_mixed,0.00,0.00,0.0,0.000,0.000,0.000,37.904,0.00
1786225764,bench_mixed,0.00,0.00,0.0,0.000,0.000,0.000,37.904,0.00
1786225769,bench_mixed,0.00,0.00,0.0,0.000,0.000,0.000,37.904,0.00
1786225774,bench_mixed,0.00,0.00,0.0,0.000,0.000,0.000,37.904,0.00
1786225779,bench_mixed,0.00,0.00,0.0,0.000,0.000,0.000,37.899,0.00
1786225784,bench_mixed,0.00,0.00,0.0,0.000,0.000,0.000,37.899,0.00
1786225789,bench_mixed,0.00,0.00,0.0,0.000,0.000,0.000,37.899,0.00
1786225794,bench_mixed,0.00,0.00,0.0,0.000,0.000,0.000,37.901,0.00
1786225799,bench_mixed,0.00,0.00,0.0,0.000,0.000,0.000,37.899,0.00
1786225804,bench_mixed,0.00,0.00,0.0,0.000,0.000,0.000,37.898,0.00
1786225809,bench_mixed,0.00,0.00,0.0,0.000,0.000,0.000,37.900,0.00
1786225814,bench_mixed,0.00,0.00,0.0,0.000,0.000,0.000,37.900,0.00
1786225819,bench_mixed,0.00,0.00,0.0,0.000,0.000,0.000,37.899,0.00
1786225824,bench_mixed,0.00,0.00,0.0,0.000,0.000,0.000,37.899,0.00
1786225829,bench_mixed,0.00,0.00,0.0,0.000,0.000,0.000,37.899,0.00
1786225834,bench_mixed,0.00,0.00,0.0,0.000,0.000,0.000,37.895,0.00
1786225839,bench_mixed,0.00,0.00,0.0,0.000,0.000,0.000,37.897,0.00
1786225844,bench_mixed,0.00,0.00,0.0,0.000,0.000,0.000,37.897,0.00
1786225849,bench_mixed,0.00,0.00,0.0,0.000,0.000,0.000,37.897,0.00
1786225855,bench_mixed,0.00,0.00,0.0,0.000,0.000,0.000,37.897,0.00
1786225860,bench_mixed,0.00,0.00,0.0,0.000,0.000,0.000,37.898,0.00
1786225865,bench_mixed,0.00,0.00,0.0,0.000,0.000,0.000,37.898,0.00
1786225870,bench_mixed,0.00,0.00,0.0,0.000,0.000,0.000,37.901,0.00
1786225875,bench_mixed,0.00,0.00,0.0,0.000,0.000,0.000,37.901,0.00
1786225880,bench_mixed,0.00,0.00,0.0,0.000,0.000,0.000,37.901,0.00
1786225885,bench_mixed,0.00,0.00,0.0,0.000,0.000,0.000,37.903,0.00
1786225890,bench_mixed,0.00,0.00,0.0,0.000,0.000,0.000,37.902,0.00
1786225895,bench_mixed,0.00,0.00,0.0,0.000,0.000,0.000,37.902,0.00
1786225900,bench_mixed,0.00,0.00,0.0,0.000,0.000,0.000,37.900,0.00
1786225905,bench_mixed,0.00,0.00,0.0,0.000,0.000,0.000,37.901,0.00
1786225910,bench_mixed,0.00,0.00,0.0,0.000,0.000,0.000,37.900,0.00
1786225915,bench_mixed,0.00,0.00,0.0,0.000,0.000,0.000,37.903,0.00
1786225920,bench_mixed,0.00,0.00,0.0,0.000,0.000,0.000,37.903,0.00
1786225925,bench_mixed,0.00,0.00,0.0,0.000,0.000,0.000,37.903,0.00
1786225930,bench_mixed,0.00,0.00,0.0,0.000,0.000,0.000,37.903,0.00
1786225935,bench_mixed,0.00,0.00,0.0,0.000,0.000,0.000,37.904,0.00
1786225940,bench_mixed,0.00,0.00,0.0,0.000,0.000,0.000,37.901,0.00
1786225945,bench_mixed,0.00,0.00,0.0,0.000,0.000,0.000,37.902,0.00
1786225951,bench_mixed,0.00,0.00,0.0,0.000,0.000,0.000,37.901,0.00
1786225956,bench_mixed,0.00,0.00,0.0,0.000,0.000,0.000,37.901,0.00
1786225961,bench_mixed,0.00,0.00,0.0,0.000,0.000,0.000,37.902,0.00
1786225966,bench_mixed,0.00,0.00,0.0,0.000,0.000,0.000,37.902,0.00
1786225971,bench_mixed,0.00,0.00,0.0,0.000,0.000,0.000,37.902,0.00
1786225976,bench_mixed,0.00,0.00,0.0,0.000,0.000,0.000,37.901,0.00
1786225981,bench_mixed,0.00,0.00,0.0,0.000,0.000,0.000,37.901,0.00
1786225986,bench_mixed,0.00,0.00,0.0,0.000,0.000,0.000,37.902,0.00
1786225991,bench_mixed,0.00,0.00,0.0,0.000,0.000,0.000,37.895,0.00
1786225996,bench_mixed,0.00,0.00,0.0,0.000,0.000,0.000,37.900,0.00
1786226001,bench_mixed,0.00,0.00,0.0,0.000,0.000,0.000,37.900,0.00
1786226006,bench_mixed,0.00,0.00,0.0,0.000,0.000,0.000,37.902,0.00
1786226011,bench_mixed,0.00,0.00,0.0,0.000,0.000,0.000,37.902,0.00
1786226016,bench_mixed,0.00,0.00,0.0,0.000,0.000,0.000,37.904,0.00
1786226021,bench_mixed,0.00,0.00,0.0,0.000,0.000,0.000,37.904,0.00
1786226026,bench_mixed,0.00,0.00,0.0,0.000,0.000,0.000,37.902,0.00
1786226031,bench_mixed,0.00,0.00,0.0,0.000,0.000,0.000,37.902,0.00
1786226036,bench_mixed,0.00,0.00,0.0,0.000,0.000,0.000,37.900,0.00
1786226041,bench_mixed,0.00,0.00,0.0,0.000,0.000,0.000,37.901,0.00
1786226047,bench_mixed,0.00,0.00,0.0,0.000,0.000,0.000,37.902,0.00
1786226052,bench_mixed,0.00,0.00,0.0,0.000,0.000,0.000,37.902,0.00
1786226057,bench_mixed,0.00,0.00,0.0,0.000,0.000,0.000,37.903,0.00
1786226062,bench_mixed,0.00,0.00,0.0,0.000,0.000,0.000,37.904,0.00
1786226067,bench_mixed,0.00,0.00,0.0,0.000,0.000,0.000,37.905,0.00
1786226072,bench_mixed,0.00,0.00,0.0,0.000,0.000,0.000,37.905,0.00
1786226077,bench_mixed,0.00,0.00,0.0,0.000,0.000,0.000,37.903,0.00
1786226082,bench_mixed,0.00,0.00,0.0,0.000,0.000,0.000,37.903,0.00
1786226087,bench_mixed,0.00,0.00,0.0,0.000,0.000,0.000,37.906,0.00
1786226092,bench_mixed,0.00,0.00,0.0,0.000,0.000,0.000,37.907,0.00
1786226097,bench_mixed,0.00,0.00,0.0,0.000,0.000,0.000,37.905,0.00
1786226102,bench_mixed,0.00,0.00,0.0,0.000,0.000,0.000,37.904,0.00
1786226107,bench_mixed,0.00,0.00,0.0,0.000,0.000,0.000,37.905,0.00
1786226112,bench_mixed,0.00,0.00,0.0,0.000,0.000,0.000,37.905,0.00
1786226117,bench_mixed,0.00,0.00,0.0,0.000,0.000,0.000,37.906,0.00
1786226122,bench_mixed,0.00,0.00,0.0,0.000,0.000,0.000,37.907,0.00
1786226127,bench_mixed,0.00,0.00,0.0,0.000,0.000,0.000,37.908,0.00
1786226132,bench_mixed,0.00,0.00,0.0,0.000,0.000,0.000,37.907,0.00
1786226137,bench_mixed,0.00,0.00,0.0,0.000,0.000,0.000,37.907,0.00
1786226143,bench_mixed,0.00,0.00,0.0,0.000,0.000,0.000,37.906,0.00
1786226148,bench_mixed,0.00,0.00,0.0,0.000,0.000,0.000,37.905,0.00
1786226153,bench_mixed,0.00,0.00,0.0,0.000,0.000,0.000,37.905,0.00
1786226158,bench_mixed,0.00,0.00,0.0,0.000,0.000,0.000,37.905,0.00
1786226163,bench_mixed,0.00,0.00,0.0,0.000,0.000,0.000,37.906,0.00
1786226168,bench_mixed,0.00,0.00,0.0,0.000,0.000,0.000,37.906,0.00
1786226173,bench_mixed,0.00,0.00,0.0,0.000,0.000,0.000,37.906,0.00
1786226178,bench_mixed,0.00,0.00,0.0,0.000,0.000,0.000,37.902,0.00
1786226183,bench_mixed,0.00,0.00,0.0,0.000,0.000,0.000,37.902,0.00
1786226188,bench_mixed,0.00,0.00,0.0,0.000,0.000,0.000,37.900,0.00
1786226193,bench_mixed,0.00,0.00,0.0,0.000,0.000,0.000,37.902,0.00
1786226198,bench_mixed,0.00,0.00,0.0,0.000,0.000,0.000,37.902,0.00
1786226203,bench_mixed,0.00,0.00,0.0,0.000,0.000,0.000,37.902,0.00
1786226208,bench_mixed,0.00,0.00,0.0,0.000,0.000,0.000,37.900,0.00
1786226213,bench_mixed,0.00,0.00,0.0,0.000,0.000,0.000,37.902,0.00
1786226218,bench_mixed,0.00,0.00,0.0,0.000,0.000,0.000,37.901,0.00
1786226223,bench_mixed,0.00,0.00,0.0,0.000,0.000,0.000,37.900,0.00
1786226228,bench_mixed,0.00,0.00,0.0,0.000,0.000,0.000,37.898,0.00
1786226233,bench_mixed,0.00,0.00,0.0,0.000,0.000,0.000,37.899,0.00
1786226239,bench_mixed,0.00,0.00,0.0,0.000,0.000,0.000,37.900,0.00
1786226244,bench_mixed,0.00,0.00,0.0,0.000,0.000,0.000,37.900,0.00
1786226249,bench_mixed,0.00,0.00,0.0,0.000,0.000,0.000,37.907,0.00
1786226254,bench_mixed,0.00,0.00,0.0,0.000,0.000,0.000,37.907,0.00
1786226259,bench_mixed,0.00,0.00,0.0,0.000,0.000,0.000,37.908,0.00
1786226264,bench_mixed,0.00,0.00,0.0,0.000,0.000,0.000,37.907,0.00
1786226269,bench_mixed,0.00,0.00,0.0,0.000,0.000,0.000,37.905,0.00
1786226274,bench_mixed,0.00,0.00,0.0,0.000,0.000,0.000,37.905,0.00
1786226279,bench_mixed,0.00,0.00,0.0,0.000,0.000,0.000,37.905,0.00
1786226284,bench_mixed,0.00,0.00,0.0,0.000,0.000,0.000,37.907,0.00
1786226289,bench_mixed,0.00,0.00,0.0,0.000,0.000,0.000,37.907,0.00
1786226294,bench_mixed,0.00,0.00,0.0,0.000,0.000,0.000,37.906,0.00
1786226299,bench_mixed,0.00,0.00,0.0,0.000,0.000,0.000,37.905,0.00
1786226304,bench_mixed,0.00,0.00,0.0,0.000,0.000,0.000,37.905,0.00
1786226309,bench_mixed,0.00,0.00,0.0,0.000,0.000,0.000,37.905,0.00
1786226314,bench_mixed,0.00,0.00,0.0,0.000,0.000,0.000,37.906,0.00
1786226319,bench_mixed,0.00,0.00,0.0,0.000,0.000,0.000,37.905,0.00
1786226324,bench_mixed,0.00,0.00,0.0,0.000,0.000,0.000,37.905,0.00
1786226329,bench_mixed,0.00,0.00,0.0,0.000,0.000,0.000,37.905,0.00
1786226335,bench_mixed,0.00,0.00,0.0,0.000,0.000,0.000,37.906,0.00
1786226340,bench_mixed,0.00,0.00,0.0,0.000,0.000,0.000,37.903,0.00
1786226345,bench_mixed,0.00,0.00,0.0,0.000,0.000,0.000,37.903,0.00
1786226350,bench_mixed,0.00,0.00,0.0,0.000,0.000,0.000,37.902,0.00
1786226355,bench_mixed,0.00,0.00,0.0,0.000,0.000,0.000,37.906,0.00
1786226360,bench_mixed,0.00,0.00,0.0,0.000,0.000,0.000,37.906,0.00
1786226365,bench_mixed,0.00,0.00,0.0,0.000,0.000,0.000,37.907,0.00
1786226370,bench_mixed,0.00,0.00,0.0,0.000,0.000,0.000,37.908,0.00
1786226375,bench_mixed,0.00,0.00,0.0,0.000,0.000,0.000,37.904,0.00
1786226380,bench_mixed,0.00,0.00,0.0,0.000,0.000,0.000,37.904,0.00
1786226385,bench_mixed,0.00,0.00,0.0,0.000,0.000,0.000,37.901,0.00
1786226390,bench_mixed,0.00,0.00,0.0,0.000,0.000,0.000,37.901,0.00
1786226395,bench_mixed,0.00,0.00,0.0,0.000,0.000,0.000,37.905,0.00
1786226400,bench_mixed,0.00,0.00,0.0,0.000,0.000,0.000,37.904,0.00
1786226405,bench_mixed,0.00,0.00,0.0,0.000,0.000,0.000,37.903,0.00
1786226410,bench_mixed,0.00,0.00,0.0,0.000,0.000,0.000,37.902,0.00
1786226415,bench_mixed,0.00,0.00,0.0,0.000,0.000,0.000,37.904,0.00
1786226420,bench_mixed,0.00,0.00,0.0,0.000,0.000,0.000,37.904,0.00
1786226425,bench_mixed,0.00,0.00,0.0,0.000,0.000,0.000,37.905,0.00
1786226430,bench_mixed,0.00,0.00,0.0,0.000,0.000,0.000,37.905,0.00
1786226436,bench_mixed,0.00,0.00,0.0,0.000,0.000,0.000,37.905,0.00
1786226441,bench_mixed,0.00,0.00,0.0,0.000,0.000,0.000,37.906,0.00
1786226446,bench_mixed,0.00,0.00,0.0,0.000,0.000,0.000,37.906,0.00
1786226451,bench_mixed,0.00,0.00,0.0,0.000,0.000,0.000,37.906,0.00
1786226456,bench_mixed,0.00,0.00,0.0,0.000,0.000,0.000,37.905,0.00
1786226461,bench_mixed,0.00,0.00,0.0,0.000,0.000,0.000,37.905,0.00
1786226466,bench_mixed,0.00,0.00,0.0,0.000,0.000,0.000,37.905,0.00
1786226471,bench_mixed,0.00,0.00,0.0,0.000,0.000,0.000,37.905,0.00
1786226476,bench_mixed,0.00,0.00,0.0,0.000,0.000,0.000,37.906,0.00
1786226481,bench_mixed,0.00,0.00,0.0,0.000,0.000,0.000,37.906,0.00
1786226486,bench_mixed,0.00,0.00,0.0,0.000,0.000,0.000,37.906,0.00
1786226491,bench_mixed,0.00,0.00,0.0,0.000,0.000,0.000,37.905,0.00
1786226496,bench_mixed,0.00,0.00,0.0,0.000,0.000,0.000,37.902,0.00
1786226501,bench_mixed,0.00,0.00,0.0,0.000,0.000,0.000,37.902,0.00
1786226506,bench_mixed,0.00,0.00,0.0,0.000,0.000,0.000,37.900,0.00
1786226511,bench_mixed,0.00,0.00,0.0,0.000,0.000,0.000,37.900,0.00
1786226516,bench_mixed,0.00,0.00,0.0,0.000,0.000,0.000,37.898,0.00
1786226521,bench_mixed,0.00,0.00,0.0,0.000,0.000,0.000,37.898,0.00
1786226527,bench_mixed,0.00,0.00,0.0,0.000,0.000,0.000,37.899,0.00
1786226532,bench_mixed,0.00,0.00,0.0,0.000,0.000,0.000,37.898,0.00
1786226537,bench_mixed,0.00,0.00,0.0,0.000,0.000,0.000,37.896,0.00
1786226542,bench_mixed,0.00,0.00,0.0,0.000,0.000,0.000,37.898,0.00
1786226547,bench_mixed,0.00,0.00,0.0,0.000,0.000,0.000,37.898,0.00
1786226552,bench_mixed,0.00,0.00,0.0,0.000,0.000,0.000,37.898,0.00
1786226557,bench_mixed,0.00,0.00,0.0,0.000,0.000,0.000,37.898,0.00
1786226562,bench_mixed,0.00,0.00,0.0,0.000,0.000,0.000,37.899,0.00
1786226567,bench_mixed,0.00,0.00,0.0,0.000,0.000,0.000,37.897,0.00
1786226572,bench_mixed,0.00,0.00,0.0,0.000,0.000,0.000,37.896,0.00
1786226577,bench_mixed,0.00,0.00,0.0,0.000,0.000,0.000,37.895,0.00
1786226582,bench_mixed,0.00,0.00,0.0,0.000,0.000,0.000,37.895,0.00
1786226587,bench_mixed,0.00,0.00,0.0,0.000,0.000,0.000,37.895,0.00
1786226592,bench_mixed,0.00,0.00,0.0,0.000,0.000,0.000,37.893,0.00
1786226597,bench_mixed,0.00,0.00,0.0,0.000,0.000,0.000,37.894,0.00
1786226602,bench_mixed,0.00,0.00,0.0,0.000,0.000,0.000,37.895,0.00
1786226607,bench_mixed,0.00,0.00,0.0,0.000,0.000,0.000,37.894,0.00
1786226612,bench_mixed,0.00,0.00,0.0,0.000,0.000,0.000,37.895,0.00
1786226617,bench_mixed,0.00,0.00,0.0,0.000,0.000,0.000,37.895,0.00
1786226622,bench_mixed,0.00,0.00,0.0,0.000,0.000,0.000,37.896,0.00
1786226628,bench_mixed,0.00,0.00,0.0,0.000,0.000,0.000,37.893,0.00
1786226633,bench_mixed,0.00,0.00,0.0,0.000,0.000,0.000,37.894,0.00
1786226638,bench_mixed,0.00,0.00,0.0,0.000,0.000,0.000,37.893,0.00
1786226643,bench_mixed,0.00,0.00,0.0,0.000,0.000,0.000,37.893,0.00
1786226648,bench_mixed,0.00,0.00,0.0,0.000,0.000,0.000,37.893,0.00
1786226653,bench_mixed,0.00,0.00,0.0,0.000,0.000,0.000,37.893,0.00
1786226658,bench_mixed,0.00,0.00,0.0,0.000,0.000,0.000,37.894,0.00
1786226663,bench_mixed,0.00,0.00,0.0,0.000,0.000,0.000,37.895,0.00
1786226668,bench_mixed,0.00,0.00,0.0,0.000,0.000,0.000,37.892,0.00
1786226673,bench_mixed,0.00,0.00,0.0,0.000,0.000,0.000,37.892,0.00
1786226678,bench_mixed,0.00,0.00,0.0,0.000,0.000,0.000,37.892,0.00
1786226683,bench_mixed,0.00,0.00,0.0,0.000,0.000,0.000,37.894,0.00
1786226688,bench_mixed,0.00,0.00,0.0,0.000,0.000,0.000,37.897,0.00
1786226693,bench_mixed,0.00,0.00,0.0,0.000,0.000,0.000,37.897,0.00
1786226698,bench_mixed,0.00,0.00,0.0,0.000,0.000,0.000,37.897,0.00
1786226703,bench_mixed,0.00,0.00,0.0,0.000,0.000,0.000,37.897,0.00
1786226708,bench_mixed,0.00,0.00,0.0,0.000,0.000,0.000,37.896,0.00
1786226713,bench_mixed,0.00,0.00,0.0,0.000,0.000,0.000,37.895,0.00
1786226719,bench_mixed,0.00,0.00,0.0,0.000,0.000,0.000,37.897,0.00
1786226724,bench_mixed,0.00,0.00,0.0,0.000,0.000,0.000,37.898,0.00
1786226729,bench_mixed,0.00,0.00,0.0,0.000,0.000,0.000,37.899,0.00
1786226734,bench_mixed,0.00,0.00,0.0,0.000,0.000,0.000,37.898,0.00
1786226739,bench_mixed,0.00,0.00,0.0,0.000,0.000,0.000,37.898,0.00
1786226744,bench_mixed,0.00,0.00,0.0,0.000,0.000,0.000,37.899,0.00
1786226749,bench_mixed,0.00,0.00,0.0,0.000,0.000,0.000,37.899,0.00
1786226754,bench_mixed,0.00,0.00,0.0,0.000,0.000,0.000,37.899,0.00
1786226759,bench_mixed,0.00,0.00,0.0,0.000,0.000,0.000,37.901,0.00
1786226764,bench_mixed,0.00,0.00,0.0,0.000,0.000,0.000,37.899,0.00
1786226769,bench_mixed,0.00,0.00,0.0,0.000,0.000,0.000,37.899,0.00
1786226774,bench_mixed,0.00,0.00,0.0,0.000,0.000,0.000,37.898,0.00
1786226779,bench_mixed,0.00,0.00,0.0,0.000,0.000,0.000,37.895,0.00
1786226784,bench_mixed,0.00,0.00,0.0,0.000,0.000,0.000,37.898,0.00
1786226789,bench_mixed,0.00,0.00,0.0,0.000,0.000,0.000,37.900,0.00
1786226794,bench_mixed,0.00,0.00,0.0,0.000,0.000,0.000,37.900,0.00
1786226799,bench_mixed,0.00,0.00,0.0,0.000,0.000,0.000,37.902,0.00
1786226804,bench_mixed,0.00,0.00,0.0,0.000,0.000,0.000,37.900,0.00
1786226809,bench_mixed,0.00,0.00,0.0,0.000,0.000,0.000,37.900,0.00
1786226815,bench_mixed,0.00,0.00,0.0,0.000,0.000,0.000,37.899,0.00
1786226820,bench_mixed,0.00,0.00,0.0,0.000,0.000,0.000,37.899,0.00
1786226825,bench_mixed,0.00,0.00,0.0,0.000,0.000,0.000,37.897,0.00
1786226830,bench_mixed,0.00,0.00,0.0,0.000,0.000,0.000,37.897,0.00
1786226835,bench_mixed,0.00,0.00,0.0,0.000,0.000,0.000,37.896,0.00
1786226840,bench_mixed,0.00,0.00,0.0,0.000,0.000,0.000,37.897,0.00
1786226845,bench_mixed,0.00,0.00,0.0,0.000,0.000,0.000,37.898,0.00
1786226850,bench_mixed,0.00,0.00,0.0,0.000,0.000,0.000,37.898,0.00
1786226855,bench_mixed,0.00,0.00,0.0,0.000,0.000,0.000,37.900,0.00
1786226860,bench_mixed,0.00,0.00,0.0,0.000,0.000,0.000,37.900,0.00
1786226865,bench_mixed,0.00,0.00,0.0,0.000,0.000,0.000,37.904,0.00
1786226870,bench_mixed,0.00,0.00,0.0,0.000,0.000,0.000,37.903,0.00
1786226875,bench_mixed,0.00,0.00,0.0,0.000,0.000,0.000,37.901,0.00
1786226880,bench_mixed,0.00,0.00,0.0,0.000,0.000,0.000,37.901,0.00
1786226885,bench_mixed,0.00,0.00,0.0,0.000,0.000,0.000,37.899,0.00
1786226890,bench_mixed,0.00,0.00,0.0,0.000,0.000,0.000,37.900,0.00
1786226895,bench_mixed,0.00,0.00,0.0,0.000,0.000,0.000,37.902,0.00
1786226900,bench_mixed,0.00,0.00,0.0,0.000,0.000,0.000,37.901,0.00
1786226905,bench_mixed,0.00,0.00,0.0,0.000,0.000,0.000,37.900,0.00
1786226910,bench_mixed,0.00,0.00,0.0,0.000,0.000,0.000,37.899,0.00
1786226916,bench_mixed,0.00,0.00,0.0,0.000,0.000,0.000,37.900,0.00
1786226921,bench_mixed,0.00,0.00,0.0,0.000,0.000,0.000,37.899,0.00
1786226926,bench_mixed,0.00,0.00,0.0,0.000,0.000,0.000,37.898,0.00
1786226931,bench_mixed,0.00,0.00,0.0,0.000,0.000,0.000,37.897,0.00
1786226936,bench_mixed,0.00,0.00,0.0,0.000,0.000,0.000,37.900,0.00
1786226941,bench_mixed,0.00,0.00,0.0,0.000,0.000,0.000,37.899,0.00
1786226946,bench_mixed,0.00,0.00,0.0,0.000,0.000,0.000,37.897,0.00
1786226951,bench_mixed,0.00,0.00,0.0,0.000,0.000,0.000,37.896,0.00
1786226956,bench_mixed,0.00,0.00,0.0,0.000,0.000,0.000,37.896,0.00
1786226961,bench_mixed,0.00,0.00,0.0,0.000,0.000,0.000,37.896,0.00
1786226966,bench_mixed,0.00,0.00,0.0,0.000,0.000,0.000,37.894,0.00
1786226971,bench_mixed,0.00,0.00,0.0,0.000,0.000,0.000,37.895,0.00
1786226976,bench_mixed,0.00,0.00,0.0,0.000,0.000,0.000,37.894,0.00
1786226981,bench_mixed,0.00,0.00,0.0,0.000,0.000,0.000,37.894,0.00
1786226986,bench_mixed,0.00,0.00,0.0,0.000,0.000,0.000,37.893,0.00
1786226991,bench_mixed,0.00,0.00,0.0,0.000,0.000,0.000,37.894,0.00
1786226996,bench_mixed,0.00,0.00,0.0,0.000,0.000,0.000,37.893,0.00
1786227001,bench_mixed,0.00,0.00,0.0,0.000,0.000,0.000,37.895,0.00
1786227006,bench_mixed,0.00,0.00,0.0,0.000,0.000,0.000,37.893,0.00
1786227012,bench_mixed,0.00,0.00,0.0,0.000,0.000,0.000,37.895,0.00
1786227017,bench_mixed,0.00,0.00,0.0,0.000,0.000,0.000,37.900,0.00
1786227022,bench_mixed,0.00,0.00,0.0,0.000,0.000,0.000,37.901,0.00
1786227027,bench_mixed,0.00,0.00,0.0,0.000,0.000,0.000,37.900,0.00
1786227032,bench_mixed,0.00,0.00,0.0,0.000,0.000,0.000,37.898,0.00
1786227037,bench_mixed,0.00,0.00,0.0,0.000,0.000,0.000,37.895,0.00
1786227042,bench_mixed,0.00,0.00,0.0,0.000,0.000,0.000,37.897,0.00
1786227047,bench_mixed,0.00,0.00,0.0,0.000,0.000,0.000,37.896,0.00
1786227052,bench_mixed,0.00,0.00,0.0,0.000,0.000,0.000,37.896,0.00
1786227057,bench_mixed,0.00,0.00,0.0,0.000,0.000,0.000,37.895,0.00
1786227062,bench_mixed,0.00,0.00,0.0,0.000,0.000,0.000,37.895,0.00
1786227067,bench_mixed,0.00,0.00,0.0,0.000,0.000,0.000,37.895,0.00
1786227072,bench_mixed,0.00,0.00,0.0,0.000,0.000,0.000,37.895,0.00
1786227077,bench_mixed,0.00,0.00,0.0,0.000,0.000,0.000,37.895,0.00
1786227082,bench_mixed,0.00,0.00,0.0,0.000,0.000,0.000,37.896,0.00
1786227087,bench_mixed,0.00,0.00,0.0,0.000,0.000,0.000,37.895,0.00
1786227092,bench_mixed,0.00,0.00,0.0,0.000,0.000,0.000,37.891,0.00
1786227097,bench_mixed,0.00,0.00,0.0,0.000,0.000,0.000,37.893,0.00
1786227102,bench_mixed,0.00,0.00,0.0,0.000,0.000,0.000,37.896,0.00
1786227108,bench_mixed,0.00,0.00,0.0,0.000,0.000,0.000,37.896,0.00
1786227113,bench_mixed,0.00,0.00,0.0,0.000,0.000,0.000,37.898,0.00
1786227118,bench_mixed,0.00,0.00,0.0,0.000,0.000,0.000,37.897,0.00
1786227123,bench_mixed,0.00,0.00,0.0,0.000,0.000,0.000,37.895,0.00
1786227128,bench_mixed,0.00,0.00,0.0,0.000,0.000,0.000,37.895,0.00
1786227133,bench_mixed,0.00,0.00,0.0,0.000,0.000,0.000,37.896,0.00
1786227138,bench_mixed,0.00,0.00,0.0,0.000,0.000,0.000,37.895,0.00
1786227143,bench_mixed,0.00,0.00,0.0,0.000,0.000,0.000,37.895,0.00
1786227148,bench_mixed,0.00,0.00,0.0,0.000,0.000,0.000,37.895,0.00
1786227153,bench_mixed,0.00,0.00,0.0,0.000,0.000,0.000,37.892,0.00
1786227158,bench_mixed,0.00,0.00,0.0,0.000,0.000,0.000,37.893,0.00
1786227163,bench_mixed,0.00,0.00,0.0,0.000,0.000,0.000,37.892,0.00
1786227168,bench_mixed,0.00,0.00,0.0,0.000,0.000,0.000,37.892,0.00
1786227173,bench_mixed,0.00,0.00,0.0,0.000,0.000,0.000,37.895,0.00
1786227178,bench_mixed,0.00,0.00,0.0,0.000,0.000,0.000,37.895,0.00
1786227183,bench_mixed,0.00,0.00,0.0,0.000,0.000,0.000,37.895,0.00
1786227188,bench_mixed,0.00,0.00,0.0,0.000,0.000,0.000,37.897,0.00
1786227193,bench_mixed,0.00,0.00,0.0,0.000,0.000,0.000,37.893,0.00
1786227198,bench_mixed,0.00,0.00,0.0,0.000,0.000,0.000,37.893,0.00
1786227204,bench_mixed,0.00,0.00,0.0,0.000,0.000,0.000,37.890,0.00
1786227209,bench_mixed,0.00,0.00,0.0,0.000,0.000,0.000,37.891,0.00
1786227214,bench_mixed,0.00,0.00,0.0,0.000,0.000,0.000,37.888,0.00
1786227219,bench_mixed,0.00,0.00,0.0,0.000,0.000,0.000,37.887,0.00
1786227224,bench_mixed,0.00,0.00,0.0,0.000,0.000,0.000,37.888,0.00
1786227229,bench_mixed,0.00,0.00,0.0,0.000,0.000,0.000,37.889,0.00
1786227234,bench_mixed,0.00,0.00,0.0,0.000,0.000,0.000,37.888,0.00
1786227239,bench_mixed,0.00,0.00,0.0,0.000,0.000,0.000,37.889,0.00
1786227244,bench_mixed,0.00,0.00,0.0,0.000,0.000,0.000,37.889,0.00
1786227249,bench_mixed,0.00,0.00,0.0,0.000,0.000,0.000,37.890,0.00
1786227254,bench_mixed,0.00,0.00,0.0,0.000,0.000,0.000,37.888,0.00
1786227259,bench_mixed,0.00,0.00,0.0,0.000,0.000,0.000,37.888,0.00
1786227264,bench_mixed,0.00,0.00,0.0,0.000,0.000,0.000,37.891,0.00
1786227269,bench_mixed,0.00,0.00,0.0,0.000,0.000,0.000,37.891,0.00
1786227274,bench_mixed,0.00,0.00,0.0,0.000,0.000,0.000,37.889,0.00
1786227279,bench_mixed,0.00,0.00,0.0,0.000,0.000,0.000,37.889,0.00
1786227284,bench_mixed,0.00,0.00,0.0,0.000,0.000,0.000,37.889,0.00
1786227289,bench_mixed,0.00,0.00,0.0,0.000,0.000,0.000,37.889,0.00
1786227294,bench_mixed,0.00,0.00,0.0,0.000,0.000,0.000,37.884,0.00
1786227300,bench_mixed,0.00,0.00,0.0,0.000,0.000,0.000,37.885,0.00
1786227305,bench_mixed,0.00,0.00,0.0,0.000,0.000,0.000,37.888,0.00
1786227310,bench_mixed,0.00,0.00,0.0,0.000,0.000,0.000,37.888,0.00
1786227315,bench_mixed,0.00,0.00,0.0,0.000,0.000,0.000,37.888,0.00
1786227320,bench_mixed,0.00,0.00,0.0,0.000,0.000,0.000,37.888,0.00
1786227325,bench_mixed,0.00,0.00,0.0,0.000,0.000,0.000,37.888,0.00
1786227330,bench_mixed,0.00,0.00,0.0,0.000,0.000,0.000,37.888,0.00
1786227335,bench_mixed,0.00,0.00,0.0,0.000,0.000,0.000,37.885,0.00
1786227340,bench_mixed,0.00,0.00,0.0,0.000,0.000,0.000,37.887,0.00
1786227345,bench_mixed,0.00,0.00,0.0,0.000,0.000,0.000,37.884,0.00
1786227350,bench_mixed,0.00,0.00,0.0,0.000,0.000,0.000,37.885,0.00
1786227355,bench_mixed,0.00,0.00,0.0,0.000,0.000,0.000,37.882,0.00
1786227360,bench_mixed,0.00,0.00,0.0,0.000,0.000,0.000,37.883,0.00
1786227365,bench_mixed,0.00,0.00,0.0,0.000,0.000,0.000,37.881,0.00
1786227370,bench_mixed,0.00,0.00,0.0,0.000,0.000,0.000,37.882,0.00
1786227375,bench_mixed,0.00,0.00,0.0,0.000,0.000,0.000,37.877,0.00
1786227380,bench_mixed,0.00,0.00,0.0,0.000,0.000,0.000,37.878,0.00
1786227385,bench_mixed,0.00,0.00,0.0,0.000,0.000,0.000,37.877,0.00
1786227390,bench_mixed,0.00,0.00,0.0,0.000,0.000,0.000,37.878,0.00
1786227396,bench_mixed,0.00,0.00,0.0,0.000,0.000,0.000,37.882,0.00
1786227401,bench_mixed,0.00,0.00,0.0,0.000,0.000,0.000,37.879,0.00
1786227406,bench_mixed,0.00,0.00,0.0,0.000,0.000,0.000,37.883,0.00
1786227411,bench_mixed,0.00,0.00,0.0,0.000,0.000,0.000,37.884,0.00
1786227416,bench_mixed,0.00,0.00,0.0,0.000,0.000,0.000,37.882,0.00
1786227421,bench_mixed,0.00,0.00,0.0,0.000,0.000,0.000,37.883,0.00
1786227426,bench_mixed,0.00,0.00,0.0,0.000,0.000,0.000,37.882,0.00
1786227431,bench_mixed,0.00,0.00,0.0,0.000,0.000,0.000,37.881,0.00
1786227436,bench_mixed,0.00,0.00,0.0,0.000,0.000,0.000,37.881,0.00
1786227441,bench_mixed,0.00,0.00,0.0,0.000,0.000,0.000,37.883,0.00
1786227446,bench_mixed,0.00,0.00,0.0,0.000,0.000,0.000,37.883,0.00
1786227451,bench_mixed,0.00,0.00,0.0,0.000,0.000,0.000,37.887,0.00
1786227456,bench_mixed,0.00,0.00,0.0,0.000,0.000,0.000,37.886,0.00
1786227461,bench_mixed,0.00,0.00,0.0,0.000,0.000,0.000,37.884,0.00
1786227466,bench_mixed,0.00,0.00,0.0,0.000,0.000,0.000,37.886,0.00
1786227471,bench_mixed,0.00,0.00,0.0,0.000,0.000,0.000,37.887,0.00
1786227476,bench_mixed,0.00,0.00,0.0,0.000,0.000,0.000,37.887,0.00
1786227481,bench_mixed,0.00,0.00,0.0,0.000,0.000,0.000,37.885,0.00
1786227486,bench_mixed,0.00,0.00,0.0,0.000,0.000,0.000,37.886,0.00
1786227492,bench_mixed,0.00,0.00,0.0,0.000,0.000,0.000,37.885,0.00
1786227497,bench_mixed,0.00,0.00,0.0,0.000,0.000,0.000,37.885,0.00
1786227502,bench_mixed,0.00,0.00,0.0,0.000,0.000,0.000,37.886,0.00
1786227507,bench_mixed,0.00,0.00,0.0,0.000,0.000,0.000,37.886,0.00
1786227512,bench_mixed,0.00,0.00,0.0,0.000,0.000,0.000,37.890,0.00
1786227517,bench_mixed,0.00,0.00,0.0,0.000,0.000,0.000,37.890,0.00
1786227522,bench_mixed,0.00,0.00,0.0,0.000,0.000,0.000,37.890,0.00
1786227527,bench_mixed,0.00,0.00,0.0,0.000,0.000,0.000,37.888,0.00
1786227532,bench_mixed,0.00,0.00,0.0,0.000,0.000,0.000,37.888,0.00
1786227537,bench_mixed,0.00,0.00,0.0,0.000,0.000,0.000,37.887,0.00
1786227542,bench_mixed,0.00,0.00,0.0,0.000,0.000,0.000,37.886,0.00
1786227547,bench_mixed,0.00,0.00,0.0,0.000,0.000,0.000,37.886,0.00
1786227552,bench_mixed,0.00,0.00,0.0,0.000,0.000,0.000,37.884,0.00
1786227557,bench_mixed,0.00,0.00,0.0,0.000,0.000,0.000,37.884,0.00
1786227562,bench_mixed,0.00,0.00,0.0,0.000,0.000,0.000,37.883,0.00
1786227567,bench_mixed,0.00,0.00,0.0,0.000,0.000,0.000,37.883,0.00
1786227572,bench_mixed,0.00,0.00,0.0,0.000,0.000,0.000,37.882,0.00
1786227577,bench_mixed,0.00,0.00,0.0,0.000,0.000,0.000,37.882,0.00
1786227582,bench_mixed,0.00,0.00,0.0,0.000,0.000,0.000,37.883,0.00
1786227588,bench_mixed,0.00,0.00,0.0,0.000,0.000,0.000,37.883,0.00
1786227593,bench_mixed,0.00,0.00,0.0,0.000,0.000,0.000,37.883,0.00
1786227598,bench_mixed,0.00,0.00,0.0,0.000,0.000,0.000,37.883,0.00
1786227603,bench_mixed,0.00,0.00,0.0,0.000,0.000,0.000,37.885,0.00
1786227608,bench_mixed,0.00,0.00,0.0,0.000,0.000,0.000,37.884,0.00
1786227613,bench_mixed,0.00,0.00,0.0,0.000,0.000,0.000,37.884,0.00
1786227618,bench_mixed,0.00,0.00,0.0,0.000,0.000,0.000,37.884,0.00
1786227623,bench_mixed,0.00,0.00,0.0,0.000,0.000,0.000,37.885,0.00
1786227628,bench_mixed,0.00,0.00,0.0,0.000,0.000,0.000,37.886,0.00
1786227633,bench_mixed,0.00,0.00,0.0,0.000,0.000,0.000,37.886,0.00
1786227638,bench_mixed,0.00,0.00,0.0,0.000,0.000,0.000,37.886,0.00
1786227643,bench_mixed,0.00,0.00,0.0,0.000,0.000,0.000,37.884,0.00
1786227648,bench_mixed,0.00,0.00,0.0,0.000,0.000,0.000,37.885,0.00
1786227653,bench_mixed,0.00,0.00,0.0,0.000,0.000,0.000,37.883,0.00
1786227658,bench_mixed,0.00,0.00,0.0,0.000,0.000,0.000,37.883,0.00
1786227663,bench_mixed,0.00,0.00,0.0,0.000,0.000,0.000,37.884,0.00
1786227668,bench_mixed,0.00,0.00,0.0,0.000,0.000,0.000,37.884,0.00
1786227673,bench_mixed,0.00,0.00,0.0,0.000,0.000,0.000,37.884,0.00
1786227678,bench_mixed,0.00,0.00,0.0,0.000,0.000,0.000,37.885,0.00
1786227684,bench_mixed,0.00,0.00,0.0,0.000,0.000,0.000,37.882,0.00
1786227689,bench_mixed,0.00,0.00,0.0,0.000,0.000,0.000,37.883,0.00
1786227694,bench_mixed,0.00,0.00,0.0,0.000,0.000,0.000,37.882,0.00
1786227699,bench_mixed,0.00,0.00,0.0,0.000,0.000,0.000,37.882,0.00
1786227704,bench_mixed,0.00,0.00,0.0,0.000,0.000,0.000,37.886,0.00
1786227709,bench_mixed,0.00,0.00,0.0,0.000,0.000,0.000,37.887,0.00
1786227714,bench_mixed,0.00,0.00,0.0,0.000,0.000,0.000,37.888,0.00
1786227719,bench_mixed,0.00,0.00,0.0,0.000,0.000,0.000,37.888,0.00
1786227724,bench_mixed,0.00,0.00,0.0,0.000,0.000,0.000,37.888,0.00
1786227729,bench_mixed,0.00,0.00,0.0,0.000,0.000,0.000,37.888,0.00
1786227734,bench_mixed,0.00,0.00,0.0,0.000,0.000,0.000,37.889,0.00
1786227739,bench_mixed,0.00,0.00,0.0,0.000,0.000,0.000,37.889,0.00
1786227744,bench_mixed,0.00,0.00,0.0,0.000,0.000,0.000,37.890,0.00
1786227749,bench_mixed,0.00,0.00,0.0,0.000,0.000,0.000,37.891,0.00
1786227754,bench_mixed,0.00,0.00,0.0,0.000,0.000,0.000,37.888,0.00
1786227759,bench_mixed,0.00,0.00,0.0,0.000,0.000,0.000,37.888,0.00
1786227764,bench_mixed,0.00,0.00,0.0,0.000,0.000,0.000,37.889,0.00
1786227769,bench_mixed,0.00,0.00,0.0,0.000,0.000,0.000,37.891,0.00
1786227774,bench_mixed,0.00,0.00,0.0,0.000,0.000,0.000,37.884,0.00
1786227779,bench_mixed,0.00,0.00,0.0,0.000,0.000,0.000,37.890,0.00
1786227785,bench_mixed,0.00,0.00,0.0,0.000,0.000,0.000,37.885,0.00
1786227790,bench_mixed,0.00,0.00,0.0,0.000,0.000,0.000,37.887,0.00
1786227795,bench_mixed,0.00,0.00,0.0,0.000,0.000,0.000,37.887,0.00
1786227800,bench_mixed,0.00,0.00,0.0,0.000,0.000,0.000,37.887,0.00
1786227805,bench_mixed,0.00,0.00,0.0,0.000,0.000,0.000,37.886,0.00
1786227810,bench_mixed,0.00,0.00,0.0,0.000,0.000,0.000,37.885,0.00
1786227815,bench_mixed,0.00,0.00,0.0,0.000,0.000,0.000,37.885,0.00
1786227820,bench_mixed,0.00,0.00,0.0,0.000,0.000,0.000,37.886,0.00
1786227825,bench_mixed,0.00,0.00,0.0,0.000,0.000,0.000,37.886,0.00
1786227830,bench_mixed,0.00,0.00,0.0,0.000,0.000,0.000,37.886,0.00
1786227835,bench_mixed,0.00,0.00,0.0,0.000,0.000,0.000,37.886,0.00
1786227840,bench_mixed,0.00,0.00,0.0,0.000,0.000,0.000,37.890,0.00
1786227845,bench_mixed,0.00,0.00,0.0,0.000,0.000,0.000,37.890,0.00
1786227850,bench_mixed,0.00,0.00,0.0,0.000,0.000,0.000,37.886,0.00
1786227855,bench_mixed,0.00,0.00,0.0,0.000,0.000,0.000,37.887,0.00
1786227860,bench_mixed,0.00,0.00,0.0,0.000,0.000,0.000,37.887,0.00
1786227865,bench_mixed,0.00,0.00,0.0,0.000,0.000,0.000,37.887,0.00
1786227870,bench_mixed,0.00,0.00,0.0,0.000,0.000,0.000,37.886,0.00
1786227875,bench_mixed,0.00,0.00,0.0,0.000,0.000,0.000,37.886,0.00
1786227881,bench_mixed,0.00,0.00,0.0,0.000,0.000,0.000,37.885,0.00
1786227886,bench_mixed,0.00,0.00,0.0,0.000,0.000,0.000,37.885,0.00
1786227891,bench_mixed,0.00,0.00,0.0,0.000,0.000,0.000,37.885,0.00
1786227896,bench_mixed,0.00,0.00,0.0,0.000,0.000,0.000,37.885,0.00
1786227901,bench_mixed,0.00,0.00,0.0,0.000,0.000,0.000,37.884,0.00
1786227906,bench_mixed,0.00,0.00,0.0,0.000,0.000,0.000,37.885,0.00
1786227911,bench_mixed,0.00,0.00,0.0,0.000,0.000,0.000,37.885,0.00
1786227916,bench_mixed,0.00,0.00,0.0,0.000,0.000,0.000,37.885,0.00
1786227921,bench_mixed,0.00,0.00,0.0,0.000,0.000,0.000,37.886,0.00
1786227926,bench_mixed,0.00,0.00,0.0,0.000,0.000,0.000,37.886,0.00
1786227931,bench_mixed,0.00,0.00,0.0,0.000,0.000,0.000,37.884,0.00
1786227936,bench_mixed,0.00,0.00,0.0,0.000,0.000,0.000,37.884,0.00
1786227941,bench_mixed,0.00,0.00,0.0,0.000,0.000,0.000,37.883,0.00
1786227946,bench_mixed,0.00,0.00,0.0,0.000,0.000,0.000,37.884,0.00
1786227951,bench_mixed,0.00,0.00,0.0,0.000,0.000,0.000,37.883,0.00
1786227956,bench_mixed,0.00,0.00,0.0,0.000,0.000,0.000,37.883,0.00
1786227961,bench_mixed,0.00,0.00,0.0,0.000,0.000,0.000,37.881,0.00
1786227966,bench_mixed,0.00,0.00,0.0,0.000,0.000,0.000,37.882,0.00
1786227971,bench_mixed,0.00,0.00,0.0,0.000,0.000,0.000,37.884,0.00
1786227977,bench_mixed,0.00,0.00,0.0,0.000,0.000,0.000,37.881,0.00
1786227982,bench_mixed,0.00,0.00,0.0,0.000,0.000,0.000,37.883,0.00
1786227987,bench_mixed,0.00,0.00,0.0,0.000,0.000,0.000,37.882,0.00
1786227992,bench_mixed,0.00,0.00,0.0,0.000,0.000,0.000,37.882,0.00
1786227997,bench_mixed,0.00,0.00,0.0,0.000,0.000,0.000,37.882,0.00
1786228002,bench_mixed,0.00,0.00,0.0,0.000,0.000,0.000,37.881,0.00
1786228007,bench_mixed,0.00,0.00,0.0,0.000,0.000,0.000,37.880,0.00
1786228012,bench_mixed,0.00,0.00,0.0,0.000,0.000,0.000,37.880,0.00
1786228017,bench_mixed,0.00,0.00,0.0,0.000,0.000,0.000,37.881,0.00
1786228022,bench_mixed,0.00,0.00,0.0,0.000,0.000,0.000,37.882,0.00
1786228027,bench_mixed,0.00,0.00,0.0,0.000,0.000,0.000,37.882,0.00
1786228032,bench_mixed,0.00,0.00,0.0,0.000,0.000,0.000,37.881,0.00
1786228037,bench_mixed,0.00,0.00,0.0,0.000,0.000,0.000,37.880,0.00
1786228042,bench_mixed,0.00,0.00,0.0,0.000,0.000,0.000,37.878,0.00
1786228047,bench_mixed,0.00,0.00,0.0,0.000,0.000,0.000,37.878,0.00
1786228052,bench_mixed,0.00,0.00,0.0,0.000,0.000,0.000,37.878,0.00
1786228057,bench_mixed,0.00,0.00,0.0,0.000,0.000,0.000,37.878,0.00
1786228062,bench_mixed,0.00,0.00,0.0,0.000,0.000,0.000,37.876,0.00
1786228067,bench_mixed,0.00,0.00,0.0,0.000,0.000,0.000,37.877,0.00
1786228073,bench_mixed,0.00,0.00,0.0,0.000,0.000,0.000,37.875,0.00
1786228078,bench_mixed,0.00,0.00,0.0,0.000,0.000,0.000,37.875,0.00
1786228083,bench_mixed,0.00,0.00,0.0,0.000,0.000,0.000,37.881,0.00
1786228088,bench_mixed,0.00,0.00,0.0,0.000,0.000,0.000,37.881,0.00
1786228093,bench_mixed,0.00,0.00,0.0,0.000,0.000,0.000,37.879,0.00
1786228098,bench_mixed,0.00,0.00,0.0,0.000,0.000,0.000,37.878,0.00
1786228103,bench_mixed,0.00,0.00,0.0,0.000,0.000,0.000,37.880,0.00
1786228108,bench_mixed,0.00,0.00,0.0,0.000,0.000,0.000,37.881,0.00
1786228113,bench_mixed,0.00,0.00,0.0,0.000,0.000,0.000,37.879,0.00
1786228118,bench_mixed,0.00,0.00,0.0,0.000,0.000,0.000,37.880,0.00
1786228123,bench_mixed,0.00,0.00,0.0,0.000,0.000,0.000,37.878,0.00
1786228128,bench_mixed,0.00,0.00,0.0,0.000,0.000,0.000,37.879,0.00
1786228133,bench_mixed,0.00,0.00,0.0,0.000,0.000,0.000,37.876,0.00
1786228138,bench_mixed,0.00,0.00,0.0,0.000,0.000,0.000,37.882,0.00
1786228143,bench_mixed,0.00,0.00,0.0,0.000,0.000,0.000,37.881,0.00
1786228148,bench_mixed,0.00,0.00,0.0,0.000,0.000,0.000,37.883,0.00
1786228153,bench_mixed,0.00,0.00,0.0,0.000,0.000,0.000,37.884,0.00
1786228158,bench_mixed,0.00,0.00,0.0,0.000,0.000,0.000,37.885,0.00
1786228163,bench_mixed,0.00,0.00,0.0,0.000,0.000,0.000,37.884,0.00
1786228169,bench_mixed,0.00,0.00,0.0,0.000,0.000,0.000,37.883,0.00
1786228174,bench_mixed,0.00,0.00,0.0,0.000,0.000,0.000,37.883,0.00
1786228179,bench_mixed,0.00,0.00,0.0,0.000,0.000,0.000,37.884,0.00
1786228184,bench_mixed,0.00,0.00,0.0,0.000,0.000,0.000,37.885,0.00
1786228189,bench_mixed,0.00,0.00,0.0,0.000,0.000,0.000,37.883,0.00
1786228194,bench_mixed,0.00,0.00,0.0,0.000,0.000,0.000,37.883,0.00
1786228199,bench_mixed,0.00,0.00,0.0,0.000,0.000,0.000,37.882,0.00
1786228204,bench_mixed,0.00,0.00,0.0,0.000,0.000,0.000,37.881,0.00
1786228209,bench_mixed,0.00,0.00,0.0,0.000,0.000,0.000,37.880,0.00
1786228214,bench_mixed,0.00,0.00,0.0,0.000,0.000,0.000,37.878,0.00
1786228219,bench_mixed,0.00,0.00,0.0,0.000,0.000,0.000,37.878,0.00
1786228224,bench_mixed,0.00,0.00,0.0,0.000,0.000,0.000,37.878,0.00
1786228229,bench_mixed,0.00,0.00,0.0,0.000,0.000,0.000,37.881,0.00
1786228234,bench_mixed,0.00,0.00,0.0,0.000,0.000,0.000,37.880,0.00
1786228239,bench_mixed,0.00,0.00,0.0,0.000,0.000,0.000,37.881,0.00
1786228244,bench_mixed,0.00,0.00,0.0,0.000,0.000,0.000,37.882,0.00
1786228249,bench_mixed,0.00,0.00,0.0,0.000,0.000,0.000,37.883,0.00
1786228254,bench_mixed,0.00,0.00,0.0,0.000,0.000,0.000,37.883,0.00
1786228259,bench_mixed,0.00,0.00,0.0,0.000,0.000,0.000,37.884,0.00
1786228265,bench_mixed,0.00,0.00,0.0,0.000,0.000,0.000,37.885,0.00
1786228270,bench_mixed,0.00,0.00,0.0,0.000,0.000,0.000,37.884,0.00
1786228275,bench_mixed,0.00,0.00,0.0,0.000,0.000,0.000,37.884,0.00
1786228280,bench_mixed,0.00,0.00,0.0,0.000,0.000,0.000,37.880,0.00
1786228285,bench_mixed,0.00,0.00,0.0,0.000,0.000,0.000,37.882,0.00
1786228290,bench_mixed,0.00,0.00,0.0,0.000,0.000,0.000,37.883,0.00
1786228295,bench_mixed,0.00,0.00,0.0,0.000,0.000,0.000,37.883,0.00
1786228300,bench_mixed,0.00,0.00,0.0,0.000,0.000,0.000,37.881,0.00
1786228305,bench_mixed,0.00,0.00,0.0,0.000,0.000,0.000,37.882,0.00
1786228310,bench_mixed,0.00,0.00,0.0,0.000,0.000,0.000,37.885,0.00
1786228315,bench_mixed,0.00,0.00,0.0,0.000,0.000,0.000,37.884,0.00
1786228320,bench_mixed,0.00,0.00,0.0,0.000,0.000,0.000,37.882,0.00
1786228325,bench_mixed,0.00,0.00,0.0,0.000,0.000,0.000,37.882,0.00
1786228330,bench_mixed,0.00,0.00,0.0,0.000,0.000,0.000,37.882,0.00
1786228335,bench_mixed,0.00,0.00,0.0,0.000,0.000,0.000,37.882,0.00
1786228340,bench_mixed,0.00,0.00,0.0,0.000,0.000,0.000,37.877,0.00
1786228345,bench_mixed,0.00,0.00,0.0,0.000,0.000,0.000,37.881,0.00
1786228350,bench_mixed,0.00,0.00,0.0,0.000,0.000,0.000,37.883,0.00
1786228355,bench_mixed,0.00,0.00,0.0,0.000,0.000,0.000,37.885,0.00
1786228361,bench_mixed,0.00,0.00,0.0,0.000,0.000,0.000,37.884,0.00
1786228366,bench_mixed,0.00,0.00,0.0,0.000,0.000,0.000,37.884,0.00
1786228371,bench_mixed,0.00,0.00,0.0,0.000,0.000,0.000,37.882,0.00
1786228376,bench_mixed,0.00,0.00,0.0,0.000,0.000,0.000,37.882,0.00
1786228381,bench_mixed,0.00,0.00,0.0,0.000,0.000,0.000,37.880,0.00
1786228386,bench_mixed,0.00,0.00,0.0,0.000,0.000,0.000,37.881,0.00
1786228391,bench_mixed,0.00,0.00,0.0,0.000,0.000,0.000,37.881,0.00
1786228396,bench_mixed,0.00,0.00,0.0,0.000,0.000,0.000,37.881,0.00
1786228401,bench_mixed,0.00,0.00,0.0,0.000,0.000,0.000,37.884,0.00
1786228406,bench_mixed,0.00,0.00,0.0,0.000,0.000,0.000,37.883,0.00
1786228411,bench_mixed,0.00,0.00,0.0,0.000,0.000,0.000,37.884,0.00
1786228416,bench_mixed,0.00,0.00,0.0,0.000,0.000,0.000,37.884,0.00
1786228421,bench_mixed,0.00,0.00,0.0,0.000,0.000,0.000,37.882,0.00
1786228426,bench_mixed,0.00,0.00,0.0,0.000,0.000,0.000,37.881,0.00
1786228431,bench_mixed,0.00,0.00,0.0,0.000,0.000,0.000,37.882,0.00
1786228436,bench_mixed,0.00,0.00,0.0,0.000,0.000,0.000,37.883,0.00
1786228441,bench_mixed,0.00,0.00,0.0,0.000,0.000,0.000,37.881,0.00
1786228446,bench_mixed,0.00,0.00,0.0,0.000,0.000,0.000,37.881,0.00
1786228451,bench_mixed,0.00,0.00,0.0,0.000,0.000,0.000,37.881,0.00
1786228457,bench_mixed,0.00,0.00,0.0,0.000,0.000,0.000,37.881,0.00
1786228462,bench_mixed,0.00,0.00,0.0,0.000,0.000,0.000,37.879,0.00
1786228467,bench_mixed,0.00,0.00,0.0,0.000,0.000,0.000,37.880,0.00
1786228472,bench_mixed,0.00,0.00,0.0,0.000,0.000,0.000,37.880,0.00
1786228477,bench_mixed,0.00,0.00,0.0,0.000,0.000,0.000,37.883,0.00
1786228482,bench_mixed,0.00,0.00,0.0,0.000,0.000,0.000,37.883,0.00
1786228487,bench_mixed,0.00,0.00,0.0,0.000,0.000,0.000,37.883,0.00
1786228492,bench_mixed,0.00,0.00,0.0,0.000,0.000,0.000,37.883,0.00
1786228497,bench_mixed,0.00,0.00,0.0,0.000,0.000,0.000,37.885,0.00
1786228502,bench_mixed,0.00,0.00,0.0,0.000,0.000,0.000,37.884,0.00
1786228507,bench_mixed,0.00,0.00,0.0,0.000,0.000,0.000,37.884,0.00
1786228512,bench_mixed,0.00,0.00,0.0,0.000,0.000,0.000,37.884,0.00
1786228517,bench_mixed,0.00,0.00,0.0,0.000,0.000,0.000,37.882,0.00
1786228522,bench_mixed,0.00,0.00,0.0,0.000,0.000,0.000,37.882,0.00
1786228527,bench_mixed,0.00,0.00,0.0,0.000,0.000,0.000,37.885,0.00
1786228532,bench_mixed,0.00,0.00,0.0,0.000,0.000,0.000,37.883,0.00
1786228537,bench_mixed,0.00,0.00,0.0,0.000,0.000,0.000,37.886,0.00
1786228542,bench_mixed,0.00,0.00,0.0,0.000,0.000,0.000,37.887,0.00
1786228547,bench_mixed,0.00,0.00,0.0,0.000,0.000,0.000,37.887,0.00
1786228553,bench_mixed,0.00,0.00,0.0,0.000,0.000,0.000,37.887,0.00
1786228558,bench_mixed,0.00,0.00,0.0,0.000,0.000,0.000,37.888,0.00
1786228563,bench_mixed,0.00,0.00,0.0,0.000,0.000,0.000,37.887,0.00
1786228568,bench_mixed,0.00,0.00,0.0,0.000,0.000,0.000,37.889,0.00
1786228573,bench_mixed,0.00,0.00,0.0,0.000,0.000,0.000,37.889,0.00
1786228578,bench_mixed,0.00,0.00,0.0,0.000,0.000,0.000,37.887,0.00
1786228583,bench_mixed,0.00,0.00,0.0,0.000,0.000,0.000,37.887,0.00
1786228588,bench_mixed,0.00,0.00,0.0,0.000,0.000,0.000,37.887,0.00
1786228593,bench_mixed,0.00,0.00,0.0,0.000,0.000,0.000,37.887,0.00
1786228598,bench_mixed,0.00,0.00,0.0,0.000,0.000,0.000,37.884,0.00
1786228603,bench_mixed,0.00,0.00,0.0,0.000,0.000,0.000,37.884,0.00
1786228608,bench_mixed,0.00,0.00,0.0,0.000,0.000,0.000,37.885,0.00
1786228613,bench_mixed,0.00,0.00,0.0,0.000,0.000,0.000,37.885,0.00
1786228618,bench_mixed,0.00,0.00,0.0,0.000,0.000,0.000,37.884,0.00
1786228623,bench_mixed,0.00,0.00,0.0,0.000,0.000,0.000,37.883,0.00
1786228628,bench_mixed,0.00,0.00,0.0,0.000,0.000,0.000,37.883,0.00
1786228633,bench_mixed,0.00,0.00,0.0,0.000,0.000,0.000,37.882,0.00
1786228638,bench_mixed,0.00,0.00,0.0,0.000,0.000,0.000,37.883,0.00
1786228643,bench_mixed,0.00,0.00,0.0,0.000,0.000,0.000,37.882,0.00
1786228649,bench_mixed,0.00,0.00,0.0,0.000,0.000,0.000,37.880,0.00
1786228654,bench_mixed,0.00,0.00,0.0,0.000,0.000,0.000,37.880,0.00
1786228659,bench_mixed,0.00,0.00,0.0,0.000,0.000,0.000,37.875,0.00
1786228664,bench_mixed,0.00,0.00,0.0,0.000,0.000,0.000,37.879,0.00
1786228669,bench_mixed,0.00,0.00,0.0,0.000,0.000,0.000,37.878,0.00
1786228674,bench_mixed,0.00,0.00,0.0,0.000,0.000,0.000,37.878,0.00
1786228679,bench_mixed,0.00,0.00,0.0,0.000,0.000,0.000,37.877,0.00
1786228684,bench_mixed,0.00,0.00,0.0,0.000,0.000,0.000,37.877,0.00
1786228689,bench_mixed,0.00,0.00,0.0,0.000,0.000,0.000,37.874,0.00
1786228694,bench_mixed,0.00,0.00,0.0,0.000,0.000,0.000,37.874,0.00
1786228699,bench_mixed,0.00,0.00,0.0,0.000,0.000,0.000,37.874,0.00
1786228704,bench_mixed,0.00,0.00,0.0,0.000,0.000,0.000,37.875,0.00
1786228709,bench_mixed,0.00,0.00,0.0,0.000,0.000,0.000,37.876,0.00
1786228714,bench_mixed,0.00,0.00,0.0,0.000,0.000,0.000,37.875,0.00
1786228719,bench_mixed,0.00,0.00,0.0,0.000,0.000,0.000,37.873,0.00
1786228724,bench_mixed,0.00,0.00,0.0,0.000,0.000,0.000,37.877,0.00
1786228729,bench_mixed,0.00,0.00,0.0,0.000,0.000,0.000,37.875,0.00
1786228734,bench_mixed,0.00,0.00,0.0,0.000,0.000,0.000,37.874,0.00
1786228739,bench_mixed,0.00,0.00,0.0,0.000,0.000,0.000,37.876,0.00
1786228745,bench_mixed,0.00,0.00,0.0,0.000,0.000,0.000,37.876,0.00
1786228750,bench_mixed,0.00,0.00,0.0,0.000,0.000,0.000,37.877,0.00
1786228755,bench_mixed,0.00,0.00,0.0,0.000,0.000,0.000,37.877,0.00
1786228760,bench_mixed,0.00,0.00,0.0,0.000,0.000,0.000,37.875,0.00
1786228765,bench_mixed,0.00,0.00,0.0,0.000,0.000,0.000,37.878,0.00
1786228770,bench_mixed,0.00,0.00,0.0,0.000,0.000,0.000,37.881,0.00
1786228775,bench_mixed,0.00,0.00,0.0,0.000,0.000,0.000,37.881,0.00
1786228780,bench_mixed,0.00,0.00,0.0,0.000,0.000,0.000,37.877,0.00
1786228785,bench_mixed,0.00,0.00,0.0,0.000,0.000,0.000,37.881,0.00
1786228790,bench_mixed,0.00,0.00,0.0,0.000,0.000,0.000,37.881,0.00
1786228795,bench_mixed,0.00,0.00,0.0,0.000,0.000,0.000,37.882,0.00
1786228800,bench_mixed,0.00,0.00,0.0,0.000,0.000,0.000,37.883,0.00
1786228805,bench_mixed,0.00,0.00,0.0,0.000,0.000,0.000,37.883,0.00
1786228810,bench_mixed,0.00,0.00,0.0,0.000,0.000,0.000,37.882,0.00
1786228815,bench_mixed,0.00,0.00,0.0,0.000,0.000,0.000,37.882,0.00
1786228820,bench_mixed,0.00,0.00,0.0,0.000,0.000,0.000,37.883,0.00
1786228825,bench_mixed,0.00,0.00,0.0,0.000,0.000,0.000,37.883,0.00
1786228830,bench_mixed,0.00,0.00,0.0,0.000,0.000,0.000,37.882,0.00
1786228835,bench_mixed,0.00,0.00,0.0,0.000,0.000,0.000,37.881,0.00
1786228841,bench_mixed,0.00,0.00,0.0,0.000,0.000,0.000,37.878,0.00
1786228846,bench_mixed,0.00,0.00,0.0,0.000,0.000,0.000,37.878,0.00
1786228851,bench_mixed,0.00,0.00,0.0,0.000,0.000,0.000,37.878,0.00
1786228856,bench_mixed,0.00,0.00,0.0,0.000,0.000,0.000,37.877,0.00
1786228861,bench_mixed,0.00,0.00,0.0,0.000,0.000,0.000,37.877,0.00
1786228866,bench_mixed,0.00,0.00,0.0,0.000,0.000,0.000,37.877,0.00
1786228871,bench_mixed,0.00,0.00,0.0,0.000,0.000,0.000,37.877,0.00
1786228876,bench_mixed,0.00,0.00,0.0,0.000,0.000,0.000,37.878,0.00
1786228881,bench_mixed,0.00,0.00,0.0,0.000,0.000,0.000,37.878,0.00
1786228886,bench_mixed,0.00,0.00,0.0,0.000,0.000,0.000,37.877,0.00
1786228891,bench_mixed,0.00,0.00,0.0,0.000,0.000,0.000,37.877,0.00
1786228896,bench_mixed,0.00,0.00,0.0,0.000,0.000,0.000,37.872,0.00
1786228901,bench_mixed,0.00,0.00,0.0,0.000,0.000,0.000,37.875,0.00
1786228906,bench_mixed,0.00,0.00,0.0,0.000,0.000,0.000,37.877,0.00
1786228911,bench_mixed,0.00,0.00,0.0,0.000,0.000,0.000,37.877,0.00
1786228916,bench_mixed,0.00,0.00,0.0,0.000,0.000,0.000,37.875,0.00
1786228921,bench_mixed,0.00,0.00,0.0,0.000,0.000,0.000,37.876,0.00
1786228926,bench_mixed,0.00,0.00,0.0,0.000,0.000,0.000,37.875,0.00
1786228931,bench_mixed,0.00,0.00,0.0,0.000,0.000,0.000,37.874,0.00
1786228936,bench_mixed,0.00,0.00,0.0,0.000,0.000,0.000,37.876,0.00
1786228942,bench_mixed,0.00,0.00,0.0,0.000,0.000,0.000,37.876,0.00
1786228947,bench_mixed,0.00,0.00,0.0,0.000,0.000,0.000,37.877,0.00
1786228952,bench_mixed,0.00,0.00,0.0,0.000,0.000,0.000,37.877,0.00
1786228957,bench_mixed,0.00,0.00,0.0,0.000,0.000,0.000,37.876,0.00
1786228962,bench_mixed,0.00,0.00,0.0,0.000,0.000,0.000,37.876,0.00
1786228967,bench_mixed,0.00,0.00,0.0,0.000,0.000,0.000,37.878,0.00
1786228972,bench_mixed,0.00,0.00,0.0,0.000,0.000,0.000,37.878,0.00
1786228977,bench_mixed,0.00,0.00,0.0,0.000,0.000,0.000,37.879,0.00
1786228982,bench_mixed,0.00,0.00,0.0,0.000,0.000,0.000,37.878,0.00
1786228987,bench_mixed,0.00,0.00,0.0,0.000,0.000,0.000,37.876,0.00
1786228992,bench_mixed,0.00,0.00,0.0,0.000,0.000,0.000,37.876,0.00
1786228997,bench_mixed,0.00,0.00,0.0,0.000,0.000,0.000,37.875,0.00
1786229002,bench_mixed,0.00,0.00,0.0,0.000,0.000,0.000,37.875,0.00
1786229007,bench_mixed,0.00,0.00,0.0,0.000,0.000,0.000,37.875,0.00
1786229012,bench_mixed,0.00,0.00,0.0,0.000,0.000,0.000,37.874,0.00
1786229017,bench_mixed,0.00,0.00,0.0,0.000,0.000,0.000,37.877,0.00
1786229022,bench_mixed,0.00,0.00,0.0,0.000,0.000,0.000,37.877,0.00
1786229027,bench_mixed,0.00,0.00,0.0,0.000,0.000,0.000,37.877,0.00
1786229032,bench_mixed,0.00,0.00,0.0,0.000,0.000,0.000,37.878,0.00
1786229038,bench_mixed,0.00,0.00,0.0,0.000,0.000,0.000,37.881,0.00
1786229043,bench_mixed,0.00,0.00,0.0,0.000,0.000,0.000,37.881,0.00
1786229048,bench_mixed,0.00,0.00,0.0,0.000,0.000,0.000,37.880,0.00
1786229053,bench_mixed,0.00,0.00,0.0,0.000,0.000,0.000,37.880,0.00
1786229058,bench_mixed,0.00,0.00,0.0,0.000,0.000,0.000,37.880,0.00
1786229063,bench_mixed,0.00,0.00,0.0,0.000,0.000,0.000,37.880,0.00
1786229068,bench_mixed,0.00,0.00,0.0,0.000,0.000,0.000,37.878,0.00
1786229073,bench_mixed,0.00,0.00,0.0,0.000,0.000,0.000,37.879,0.00
1786229078,bench_mixed,0.00,0.00,0.0,0.000,0.000,0.000,37.876,0.00
1786229083,bench_mixed,0.00,0.00,0.0,0.000,0.000,0.000,37.876,0.00
1786229088,bench_mixed,0.00,0.00,0.0,0.000,0.000,0.000,37.875,0.00
1786229093,bench_mixed,0.00,0.00,0.0,0.000,0.000,0.000,37.876,0.00
1786229098,bench_mixed,0.00,0.00,0.0,0.000,0.000,0.000,37.875,0.00
1786229103,bench_mixed,0.00,0.00,0.0,0.000,0.000,0.000,37.875,0.00
1786229108,bench_mixed,0.00,0.00,0.0,0.000,0.000,0.000,37.872,0.00
1786229113,bench_mixed,0.00,0.00,0.0,0.000,0.000,0.000,37.873,0.00
1786229118,bench_mixed,0.00,0.00,0.0,0.000,0.000,0.000,37.871,0.00
1786229123,bench_mixed,0.00,0.00,0.0,0.000,0.000,0.000,37.871,0.00
1786229128,bench_mixed,0.00,0.00,0.0,0.000,0.000,0.000,37.872,0.00
1786229134,bench_mixed,0.00,0.00,0.0,0.000,0.000,0.000,37.873,0.00
1786229139,bench_mixed,0.00,0.00,0.0,0.000,0.000,0.000,37.866,0.00
1786229144,bench_mixed,0.00,0.00,0.0,0.000,0.000,0.000,37.870,0.00
1786229149,bench_mixed,0.00,0.00,0.0,0.000,0.000,0.000,37.869,0.00
1786229154,bench_mixed,0.00,0.00,0.0,0.000,0.000,0.000,37.869,0.00
1786229159,bench_mixed,0.00,0.00,0.0,0.000,0.000,0.000,37.871,0.00
1786229164,bench_mixed,0.00,0.00,0.0,0.000,0.000,0.000,37.871,0.00
1786229169,bench_mixed,0.00,0.00,0.0,0.000,0.000,0.000,37.873,0.00
1786229174,bench_mixed,0.00,0.00,0.0,0.000,0.000,0.000,37.873,0.00
1786229179,bench_mixed,0.00,0.00,0.0,0.000,0.000,0.000,37.870,0.00
1786229184,bench_mixed,0.00,0.00,0.0,0.000,0.000,0.000,37.871,0.00
1786229189,bench_mixed,0.00,0.00,0.0,0.000,0.000,0.000,37.874,0.00
1786229194,bench_mixed,0.00,0.00,0.0,0.000,0.000,0.000,37.874,0.00
1786229199,bench_mixed,0.00,0.00,0.0,0.000,0.000,0.000,37.866,0.00
1786229204,bench_mixed,0.00,0.00,0.0,0.000,0.000,0.000,37.874,0.00
1786229209,bench_mixed,0.00,0.00,0.0,0.000,0.000,0.000,37.874,0.00
1786229214,bench_mixed,0.00,0.00,0.0,0.000,0.000,0.000,37.872,0.00
1786229219,bench_mixed,0.00,0.00,0.0,0.000,0.000,0.000,37.873,0.00
1786229224,bench_mixed,0.00,0.00,0.0,0.000,0.000,0.000,37.872,0.00
1786229230,bench_mixed,0.00,0.00,0.0,0.000,0.000,0.000,37.872,0.00
1786229235,bench_mixed,0.00,0.00,0.0,0.000,0.000,0.000,37.874,0.00
1786229240,bench_mixed,0.00,0.00,0.0,0.000,0.000,0.000,37.874,0.00
1786229245,bench_mixed,0.00,0.00,0.0,0.000,0.000,0.000,37.875,0.00
1786229250,bench_mixed,0.00,0.00,0.0,0.000,0.000,0.000,37.875,0.00
1786229255,bench_mixed,0.00,0.00,0.0,0.000,0.000,0.000,37.873,0.00
1786229260,bench_mixed,0.00,0.00,0.0,0.000,0.000,0.000,37.873,0.00
1786229265,bench_mixed,0.00,0.00,0.0,0.000,0.000,0.000,37.871,0.00
1786229270,bench_mixed,0.00,0.00,0.0,0.000,0.000,0.000,37.872,0.00
1786229275,bench_mixed,0.00,0.00,0.0,0.000,0.000,0.000,37.872,0.00
1786229280,bench_mixed,0.00,0.00,0.0,0.000,0.000,0.000,37.872,0.00
1786229285,bench_mixed,0.00,0.00,0.0,0.000,0.000,0.000,37.869,0.00
1786229290,bench_mixed,0.00,0.00,0.0,0.000,0.000,0.000,37.869,0.00
1786229295,bench_mixed,0.00,0.00,0.0,0.000,0.000,0.000,37.868,0.00
1786229300,bench_mixed,0.00,0.00,0.0,0.000,0.000,0.000,37.868,0.00
1786229305,bench_mixed,0.00,0.00,0.0,0.000,0.000,0.000,37.869,0.00
1786229310,bench_mixed,0.00,0.00,0.0,0.000,0.000,0.000,37.869,0.00
1786229315,bench_mixed,0.00,0.00,0.0,0.000,0.000,0.000,37.867,0.00
1786229320,bench_mixed,0.00,0.00,0.0,0.000,0.000,0.000,37.867,0.00
1786229326,bench_mixed,0.00,0.00,0.0,0.000,0.000,0.000,37.867,0.00
1786229331,bench_mixed,0.00,0.00,0.0,0.000,0.000,0.000,37.867,0.00
1786229336,bench_mixed,0.00,0.00,0.0,0.000,0.000,0.000,37.865,0.00
1786229341,bench_mixed,0.00,0.00,0.0,0.000,0.000,0.000,37.865,0.00
1786229346,bench_mixed,0.00,0.00,0.0,0.000,0.000,0.000,37.862,0.00
1786229351,bench_mixed,0.00,0.00,0.0,0.000,0.000,0.000,37.862,0.00
1786229356,bench_mixed,0.00,0.00,0.0,0.000,0.000,0.000,37.861,0.00
1786229361,bench_mixed,0.00,0.00,0.0,0.000,0.000,0.000,37.861,0.00
1786229366,bench_mixed,0.00,0.00,0.0,0.000,0.000,0.000,37.864,0.00
1786229371,bench_mixed,0.00,0.00,0.0,0.000,0.000,0.000,37.865,0.00
1786229376,bench_mixed,0.00,0.00,0.0,0.000,0.000,0.000,37.866,0.00
1786229381,bench_mixed,0.00,0.00,0.0,0.000,0.000,0.000,37.864,0.00
1786229386,bench_mixed,0.00,0.00,0.0,0.000,0.000,0.000,37.865,0.00
1786229391,bench_mixed,0.00,0.00,0.0,0.000,0.000,0.000,37.865,0.00
1786229396,bench_mixed,0.00,0.00,0.0,0.000,0.000,0.000,37.867,0.00
1786229401,bench_mixed,0.00,0.00,0.0,0.000,0.000,0.000,37.867,0.00
1786229406,bench_mixed,0.00,0.00,0.0,0.000,0.000,0.000,37.868,0.00
1786229411,bench_mixed,0.00,0.00,0.0,0.000,0.000,0.000,37.868,0.00
1786229416,bench_mixed,0.00,0.00,0.0,0.000,0.000,0.000,37.868,0.00
1786229422,bench_mixed,0.00,0.00,0.0,0.000,0.000,0.000,37.868,0.00
1786229427,bench_mixed,0.00,0.00,0.0,0.000,0.000,0.000,37.867,0.00
1786229432,bench_mixed,0.00,0.00,0.0,0.000,0.000,0.000,37.867,0.00
1786229437,bench_mixed,0.00,0.00,0.0,0.000,0.000,0.000,37.864,0.00
1786229442,bench_mixed,0.00,0.00,0.0,0.000,0.000,0.000,37.865,0.00
1786229447,bench_mixed,0.00,0.00,0.0,0.000,0.000,0.000,37.866,0.00
1786229452,bench_mixed,0.00,0.00,0.0,0.000,0.000,0.000,37.866,0.00
1786229457,bench_mixed,0.00,0.00,0.0,0.000,0.000,0.000,37.867,0.00
1786229462,bench_mixed,0.00,0.00,0.0,0.000,0.000,0.000,37.868,0.00
1786229467,bench_mixed,0.00,0.00,0.0,0.000,0.000,0.000,37.866,0.00
1786229472,bench_mixed,0.00,0.00,0.0,0.000,0.000,0.000,37.867,0.00
1786229477,bench_mixed,0.00,0.00,0.0,0.000,0.000,0.000,37.869,0.00
1786229482,bench_mixed,0.00,0.00,0.0,0.000,0.000,0.000,37.870,0.00
1786229487,bench_mixed,0.00,0.00,0.0,0.000,0.000,0.000,37.867,0.00
1786229492,bench_mixed,0.00,0.00,0.0,0.000,0.000,0.000,37.868,0.00
1786229497,bench_mixed,0.00,0.00,0.0,0.000,0.000,0.000,37.869,0.00
1786229502,bench_mixed,0.00,0.00,0.0,0.000,0.000,0.000,37.869,0.00
1786229507,bench_mixed,0.00,0.00,0.0,0.000,0.000,0.000,37.869,0.00
1786229513,bench_mixed,0.00,0.00,0.0,0.000,0.000,0.000,37.870,0.00
1786229518,bench_mixed,0.00,0.00,0.0,0.000,0.000,0.000,37.870,0.00
1786229523,bench_mixed,0.00,0.00,0.0,0.000,0.000,0.000,37.870,0.00
1786229528,bench_mixed,0.00,0.00,0.0,0.000,0.000,0.000,37.869,0.00
1786229533,bench_mixed,0.00,0.00,0.0,0.000,0.000,0.000,37.869,0.00
1786229538,bench_mixed,0.00,0.00,0.0,0.000,0.000,0.000,37.868,0.00
1786229543,bench_mixed,0.00,0.00,0.0,0.000,0.000,0.000,37.867,0.00
1786229548,bench_mixed,0.00,0.00,0.0,0.000,0.000,0.000,37.867,0.00
1786229553,bench_mixed,0.00,0.00,0.0,0.000,0.000,0.000,37.866,0.00
1786229558,bench_mixed,0.00,0.00,0.0,0.000,0.000,0.000,37.867,0.00
1786229563,bench_mixed,0.00,0.00,0.0,0.000,0.000,0.000,37.868,0.00
1786229568,bench_mixed,0.00,0.00,0.0,0.000,0.000,0.000,37.868,0.00
1786229573,bench_mixed,0.00,0.00,0.0,0.000,0.000,0.000,37.872,0.00
1786229578,bench_mixed,0.00,0.00,0.0,0.000,0.000,0.000,37.872,0.00
1786229583,bench_mixed,0.00,0.00,0.0,0.000,0.000,0.000,37.871,0.00
1786229588,bench_mixed,0.00,0.00,0.0,0.000,0.000,0.000,37.871,0.00
1786229593,bench_mixed,0.00,0.00,0.0,0.000,0.000,0.000,37.871,0.00
1786229598,bench_mixed,0.00,0.00,0.0,0.000,0.000,0.000,37.871,0.00
1786229603,bench_mixed,0.00,0.00,0.0,0.000,0.000,0.000,37.873,0.00
1786229609,bench_mixed,0.00,0.00,0.0,0.000,0.000,0.000,37.872,0.00
1786229614,bench_mixed,0.00,0.00,0.0,0.000,0.000,0.000,37.872,0.00
1786229619,bench_mixed,0.00,0.00,0.0,0.000,0.000,0.000,37.867,0.00
1786229624,bench_mixed,0.00,0.00,0.0,0.000,0.000,0.000,37.868,0.00
1786229629,bench_mixed,0.00,0.00,0.0,0.000,0.000,0.000,37.868,0.00
1786229634,bench_mixed,0.00,0.00,0.0,0.000,0.000,0.000,37.870,0.00
1786229639,bench_mixed,0.00,0.00,0.0,0.000,0.000,0.000,37.871,0.00
1786229644,bench_mixed,0.00,0.00,0.0,0.000,0.000,0.000,37.872,0.00
1786229649,bench_mixed,0.00,0.00,0.0,0.000,0.000,0.000,37.871,0.00
1786229654,bench_mixed,0.00,0.00,0.0,0.000,0.000,0.000,37.872,0.00
1786229659,bench_mixed,0.00,0.00,0.0,0.000,0.000,0.000,37.872,0.00
1786229664,bench_mixed,0.00,0.00,0.0,0.000,0.000,0.000,37.871,0.00
1786229669,bench_mixed,0.00,0.00,0.0,0.000,0.000,0.000,37.871,0.00
