ts,phase,nvme_rd_mb_s,nvme_wr_mb_s,nvme_active_pct,cte_file_tier_gb,devshm_used_gb,clio_rss_gb,mem_avail_gb,nfs_rd_mb_s
1786233878,ingest,0.00,0.00,0.0,0.000,0.004,0.342,44.586,3.40
1786233883,ingest,0.00,0.00,0.1,0.000,0.003,0.829,44.119,0.00
1786233888,ingest,0.00,0.00,0.0,0.000,0.003,1.224,43.725,0.00
1786233893,ingest,0.00,0.00,0.0,0.000,0.003,1.477,43.475,0.00
1786233898,ingest,0.00,0.00,0.0,0.000,0.003,1.855,43.092,0.00
1786233903,ingest,0.00,0.00,0.0,0.000,0.003,2.227,42.710,0.00
1786233908,ingest,0.00,0.00,0.0,0.000,0.003,2.674,42.261,0.00
1786233913,ingest,0.00,0.01,0.1,0.000,0.003,2.993,41.941,0.00
1786233918,ingest,0.00,0.00,0.0,0.000,0.003,3.372,41.549,0.00
1786233923,ingest,0.00,0.00,0.0,0.000,0.003,3.758,41.163,0.00
1786233928,ingest,0.00,0.00,0.0,0.000,0.003,4.008,40.914,0.00
1786233933,ingest,0.00,0.00,0.0,0.000,0.003,4.387,40.526,0.00
1786233939,ingest,0.00,0.00,0.0,0.000,0.003,4.765,40.146,0.00
1786233944,ingest,0.00,0.00,0.1,0.000,0.003,5.147,39.762,0.00
1786233949,ingest,0.00,0.00,0.0,0.000,0.003,5.335,39.575,0.00
1786233954,ingest,0.00,0.00,0.0,0.000,0.003,5.585,39.322,0.00
1786233959,ingest,0.00,0.00,0.0,0.000,0.003,5.774,39.132,0.00
1786233964,ingest,0.00,0.00,0.0,0.000,0.003,5.965,38.939,0.00
1786233969,ingest,0.00,0.00,0.0,0.000,0.003,6.153,38.752,0.00
1786233974,ingest,0.00,0.00,0.1,0.000,0.003,6.342,38.558,0.00
1786233979,ingest,0.00,0.00,0.0,0.000,0.003,6.469,38.431,0.00
1786233984,ingest,0.00,0.00,0.0,0.000,0.003,6.657,38.244,0.00
1786233989,ingest,0.00,0.00,0.0,0.000,0.003,6.844,38.051,0.00
1786233994,ingest,0.00,0.00,0.0,0.000,0.003,7.032,37.865,0.00
1786233999,ingest,0.00,0.00,0.0,0.000,0.003,7.157,37.738,0.00
1786234004,ingest,0.00,0.00,0.0,0.000,0.003,7.345,37.549,0.00
1786234009,ingest,0.00,0.00,0.0,0.000,0.003,7.533,37.357,0.00
1786234014,ingest,0.00,0.00,0.0,0.000,0.003,7.721,37.164,0.00
1786234019,ingest,0.00,0.00,0.0,0.000,0.003,7.909,36.978,0.00
1786234024,ingest,0.00,0.00,0.0,0.000,0.003,8.097,36.794,0.00
1786234029,ingest,0.00,0.00,0.0,0.000,0.003,8.285,36.603,0.00
1786234035,ingest,0.00,0.00,0.0,0.000,0.003,8.473,36.408,0.00
1786234040,ingest,0.00,0.00,0.0,0.000,0.003,8.660,36.220,0.00
1786234045,ingest,0.00,0.00,0.0,0.000,0.003,8.786,36.095,0.00
1786234050,ingest,0.00,0.00,0.0,0.000,0.003,8.974,35.910,0.00
1786234055,ingest,0.00,0.00,0.0,0.000,0.003,9.099,35.782,0.00
1786234060,ingest,0.00,0.00,0.0,0.000,0.003,9.287,35.591,0.00
1786234065,ingest,0.00,0.00,0.0,0.000,0.003,9.412,35.465,0.00
1786234070,ingest,0.00,0.00,0.0,0.000,0.003,9.600,35.274,0.00
1786234075,ingest,0.00,0.00,0.0,0.000,0.003,9.788,35.083,0.00
1786234080,ingest,0.00,0.00,0.0,0.000,0.003,9.976,34.898,0.00
1786234085,ingest,0.00,0.00,0.0,0.000,0.003,10.163,34.710,0.00
1786234090,ingest,0.00,0.00,0.0,0.000,0.003,10.289,34.579,0.00
1786234095,ingest,0.00,0.00,0.0,0.000,0.003,10.477,34.385,0.00
1786234100,ingest,0.00,0.00,0.0,0.000,0.003,10.665,34.200,0.00
1786234105,ingest,0.00,0.00,0.0,0.000,0.003,10.853,34.009,0.00
1786234110,ingest,0.00,0.00,0.0,0.000,0.003,11.041,33.821,0.00
1786234115,ingest,0.00,0.00,0.0,0.000,0.003,11.167,33.693,0.00
1786234120,ingest,0.00,0.00,0.0,0.000,0.003,11.292,33.567,0.00
1786234126,ingest,0.00,0.00,0.0,0.000,0.003,11.480,33.382,0.00
1786234131,ingest,0.00,0.00,0.0,0.000,0.003,11.605,33.257,0.00
1786234136,ingest,0.00,0.00,0.0,0.000,0.003,11.793,33.069,0.00
1786234141,ingest,0.00,0.00,0.0,0.000,0.003,11.918,32.940,0.00
1786234146,ingest,0.00,0.00,0.0,0.000,0.003,12.109,32.751,0.00
1786234151,ingest,0.00,0.00,0.0,0.000,0.003,12.235,32.620,0.00
1786234156,ingest,0.00,0.00,0.0,0.000,0.003,12.360,32.495,0.00
1786234161,ingest,0.00,0.00,0.0,0.000,0.003,12.485,32.367,0.00
1786234166,ingest,0.00,0.00,0.0,0.000,0.003,12.673,32.174,0.00
1786234171,ingest,0.00,0.00,0.0,0.000,0.003,12.798,32.042,0.00
1786234176,ingest,0.00,0.00,0.0,0.000,0.003,12.924,31.920,0.00
1786234181,ingest,0.00,0.00,0.0,0.000,0.003,13.111,31.730,0.01
1786234186,ingest,0.00,0.00,0.0,0.000,0.003,13.237,31.605,0.00
1786234191,ingest,0.00,0.00,0.0,0.000,0.003,13.425,31.414,0.00
1786234196,ingest,0.00,0.00,0.0,0.000,0.003,13.675,31.160,0.00
1786234201,ingest,0.00,0.00,0.0,0.000,0.003,13.800,31.038,0.00
1786234206,ingest,0.00,0.00,0.0,0.000,0.003,13.988,30.848,0.00
1786234211,ingest,0.00,0.00,0.0,0.000,0.003,14.176,30.658,0.00
1786234217,ingest,0.00,0.00,0.0,0.000,0.003,14.301,30.536,0.00
1786234222,ingest,0.00,0.00,0.0,0.000,0.003,14.489,30.343,0.00
1786234227,ingest,0.00,0.00,0.0,0.000,0.003,14.616,30.213,0.00
1786234232,ingest,0.00,0.00,0.0,0.000,0.003,14.804,30.018,0.00
1786234237,ingest,0.00,0.00,0.0,0.000,0.003,14.992,29.827,0.00
1786234242,ingest,0.00,0.00,0.0,0.000,0.003,15.117,29.702,0.00
1786234247,ingest,0.00,0.00,0.0,0.000,0.003,15.305,29.510,0.00
1786234252,ingest,0.00,0.00,0.0,0.000,0.003,15.428,29.459,0.00
1786234257,ingest,0.00,0.00,0.0,0.000,0.003,15.554,29.320,0.00
1786234262,ingest,0.00,0.00,0.0,0.000,0.003,15.741,29.120,0.00
1786234267,ingest,0.00,0.00,0.0,0.000,0.003,15.866,28.988,0.00
1786234272,ingest,0.00,0.00,0.0,0.000,0.003,16.054,28.798,0.00
1786234277,ingest,0.00,0.00,0.0,0.000,0.003,16.180,28.679,0.00
1786234282,ingest,0.00,0.00,0.0,0.000,0.003,16.307,28.549,0.00
1786234287,ingest,0.00,0.00,0.0,0.000,0.003,16.555,28.298,0.00
1786234292,ingest,0.00,0.00,0.0,0.000,0.003,16.681,28.161,0.00
1786234298,ingest,0.00,0.00,0.0,0.000,0.003,16.806,28.036,0.00
1786234303,ingest,0.00,0.00,0.0,0.000,0.003,16.994,27.844,0.00
1786234308,ingest,0.00,0.00,0.0,0.000,0.003,17.119,27.717,0.00
1786234313,ingest,0.00,0.00,0.0,0.000,0.003,17.244,27.584,0.00
1786234318,ingest,0.00,0.00,0.0,0.000,0.003,17.434,27.396,0.00
1786234323,ingest,0.00,0.00,0.0,0.000,0.003,17.622,27.204,0.00
1786234328,ingest,0.00,0.00,0.0,0.000,0.003,17.810,27.009,0.00
1786234333,ingest,0.00,0.00,0.0,0.000,0.003,17.935,26.885,0.00
1786234338,ingest,0.00,0.00,0.0,0.000,0.003,18.123,26.692,0.00
1786234343,ingest,0.00,0.00,0.0,0.000,0.003,18.248,26.564,0.00
1786234348,ingest,0.00,0.00,0.0,0.000,0.003,18.436,26.379,0.00
1786234353,ingest,0.00,0.00,0.0,0.000,0.003,18.624,26.186,0.00
1786234358,ingest,0.00,0.00,0.0,0.000,0.003,18.812,26.000,0.00
1786234363,ingest,0.00,0.00,0.0,0.000,0.003,18.937,25.869,0.00
1786234368,ingest,0.00,0.00,0.0,0.000,0.003,19.125,25.693,0.00
1786234373,ingest,0.00,0.00,0.0,0.000,0.003,19.313,25.496,0.00
1786234378,ingest,0.00,0.00,0.0,0.000,0.003,19.501,25.309,0.00
1786234383,ingest,0.00,0.00,0.0,0.000,0.003,19.767,25.042,0.00
1786234388,ingest,0.00,0.00,0.0,0.000,0.003,20.080,24.725,0.00
1786234394,ingest,0.00,0.00,0.0,0.000,0.003,20.455,24.336,0.00
1786234399,ingest,0.00,0.00,0.0,0.000,0.003,20.779,24.015,0.00
1786234404,ingest,0.00,0.00,0.0,0.000,0.003,21.091,23.703,0.00
1786234409,ingest,0.00,0.00,0.0,0.000,0.003,21.467,23.324,0.00
1786234414,ingest,0.00,0.00,0.0,0.000,0.003,21.720,23.062,0.00
1786234419,ingest,0.00,0.00,0.0,0.000,0.003,21.908,22.872,0.00
1786234424,ingest,0.00,0.00,0.0,0.000,0.003,22.096,22.672,0.00
1786234429,ingest,0.00,0.00,0.0,0.000,0.003,22.284,22.484,0.00
1786234434,ingest,0.00,0.00,0.0,0.000,0.003,22.472,22.289,0.00
1786234439,ingest,0.00,0.00,0.0,0.000,0.003,22.722,22.038,0.00
1786234444,ingest,0.00,0.00,0.0,0.000,0.003,22.853,21.907,0.00
1786234449,idle,0.00,0.00,0.0,0.000,0.003,22.856,22.027,0.01
1786234454,bench_chimod,0.00,0.00,0.0,0.000,0.003,31.354,21.590,6.35
1786234459,bench_chimod,0.00,0.00,0.0,0.000,0.003,44.577,21.453,0.00
1786234464,bench_chimod,0.00,0.00,0.0,0.000,0.003,45.705,21.417,0.00
1786234469,bench_chimod,0.00,0.00,0.0,0.000,0.003,45.752,21.371,0.00
1786234474,bench_chimod,0.00,0.00,0.0,0.000,0.003,45.753,21.369,0.00
1786234479,idle,0.00,0.00,0.0,0.000,0.003,0.011,21.370,0.02
1786234485,ingest,0.00,0.00,0.0,0.000,0.003,0.032,44.955,0.06
1786234490,ingest,0.00,0.00,0.0,0.000,0.003,0.326,44.646,3.32
1786234495,ingest,0.00,0.00,0.0,0.000,0.003,0.326,44.647,0.00
1786234500,ingest,0.00,0.00,0.1,0.000,0.003,0.326,44.650,0.00
1786234505,ingest,0.00,0.00,0.0,0.000,0.003,0.326,44.651,0.00
1786234510,ingest,0.00,0.00,0.0,0.000,0.003,0.327,44.651,0.00
1786234515,ingest,0.00,0.00,0.0,0.000,0.003,0.327,44.652,0.00
1786234520,ingest,0.00,0.00,0.0,0.000,0.003,0.327,44.652,0.00
1786234525,ingest,0.00,0.00,0.0,0.000,0.003,0.327,44.652,0.00
1786234530,ingest,0.00,0.01,0.1,0.000,0.003,0.327,44.655,0.00
1786234535,ingest,0.00,0.00,0.0,0.000,0.003,0.327,44.656,0.00
1786234540,ingest,0.00,0.00,0.0,0.000,0.003,0.327,44.656,0.00
1786234545,ingest,0.00,0.00,0.0,0.000,0.003,0.327,44.657,0.00
1786234550,ingest,0.00,0.00,0.0,0.000,0.003,0.327,44.660,0.00
1786234555,ingest,0.00,0.00,0.0,0.000,0.003,0.327,44.660,0.00
1786234560,ingest,0.00,0.00,0.1,0.000,0.003,0.327,44.660,0.00
1786234565,ingest,0.00,0.00,0.0,0.000,0.003,0.327,44.660,0.00
1786234570,ingest,0.00,0.00,0.0,0.000,0.003,0.327,44.663,0.00
1786234575,ingest,0.00,0.00,0.0,0.000,0.003,0.327,44.664,0.00
1786234581,ingest,0.00,0.00,0.0,0.000,0.003,0.327,44.663,0.00
1786234586,ingest,0.00,0.00,0.0,0.000,0.003,0.327,44.663,0.00
1786234591,ingest,0.00,0.00,0.1,0.000,0.003,0.327,44.667,0.00
1786234596,ingest,0.00,0.00,0.0,0.000,0.003,0.327,44.666,0.00
1786234601,ingest,0.00,0.00,0.0,0.000,0.003,0.327,44.667,0.00
1786234606,ingest,0.00,0.00,0.0,0.000,0.003,0.327,44.667,0.00
1786234611,ingest,0.00,0.00,0.0,0.000,0.003,0.327,44.666,0.00
1786234616,ingest,0.00,0.00,0.0,0.000,0.003,0.327,44.667,0.00
1786234621,ingest,0.00,0.00,0.0,0.000,0.003,0.327,44.665,0.00
1786234626,ingest,0.00,0.00,0.0,0.000,0.003,0.327,44.666,0.00
1786234631,ingest,0.00,0.00,0.0,0.000,0.003,0.327,44.635,0.00
1786234636,ingest,0.00,0.00,0.0,0.000,0.003,0.327,44.636,0.00
1786234641,ingest,0.00,0.00,0.0,0.000,0.003,0.327,44.637,0.00
1786234646,ingest,0.00,0.00,0.0,0.000,0.003,0.327,44.637,0.00
1786234651,ingest,0.00,0.00,0.0,0.000,0.003,0.327,44.639,0.00
1786234656,ingest,0.00,0.00,0.0,0.000,0.003,0.327,44.639,0.00
1786234661,ingest,0.00,0.00,0.0,0.000,0.003,0.327,44.641,0.00
1786234666,ingest,0.00,0.00,0.0,0.000,0.003,0.327,44.642,0.00
1786234672,ingest,0.00,0.00,0.0,0.000,0.003,0.327,44.644,0.00
1786234677,ingest,0.00,0.00,0.0,0.000,0.003,0.327,44.644,0.00
1786234682,ingest,0.00,0.00,0.0,0.000,0.003,0.327,44.645,0.00
1786234687,ingest,0.00,0.00,0.0,0.000,0.003,0.327,44.647,0.00
1786234692,ingest,0.00,0.00,0.0,0.000,0.003,0.327,44.648,0.00
1786234697,ingest,0.00,0.00,0.0,0.000,0.003,0.327,44.649,0.00
1786234702,ingest,0.00,0.00,0.0,0.000,0.003,0.327,44.650,0.00
1786234707,ingest,0.00,0.00,0.0,0.000,0.003,0.327,44.650,0.00
1786234712,ingest,0.00,0.00,0.0,0.000,0.003,0.327,44.649,0.00
1786234717,ingest,0.00,0.00,0.0,0.000,0.003,0.327,44.649,0.00
1786234722,ingest,0.00,0.00,0.0,0.000,0.003,0.327,44.650,0.00
1786234727,ingest,0.00,0.00,0.0,0.000,0.003,0.327,44.651,0.00
1786234732,ingest,0.00,0.00,0.0,0.000,0.003,0.327,44.649,0.00
1786234737,ingest,0.00,0.00,0.0,0.000,0.003,0.327,44.650,0.00
1786234742,ingest,0.00,0.00,0.0,0.000,0.003,0.327,44.648,0.00
1786234747,ingest,0.00,0.00,0.0,0.000,0.003,0.327,44.648,0.00
1786234752,ingest,0.00,0.00,0.0,0.000,0.003,0.327,44.647,0.00
1786234757,ingest,0.00,0.00,0.0,0.000,0.003,0.327,44.647,0.00
1786234762,ingest,0.00,0.00,0.0,0.000,0.003,0.327,44.649,0.00
1786234768,ingest,0.00,0.00,0.0,0.000,0.003,0.327,44.650,0.00
1786234773,ingest,0.00,0.00,0.0,0.000,0.003,0.327,44.648,0.00
1786234778,ingest,0.00,0.00,0.0,0.000,0.003,0.327,44.650,0.00
1786234783,ingest,0.00,0.00,0.0,0.000,0.003,0.327,44.648,0.00
1786234788,ingest,0.00,0.00,0.0,0.000,0.003,0.327,44.647,0.01
1786234793,ingest,0.00,0.00,0.0,0.000,0.003,0.327,44.648,0.00
1786234798,ingest,0.00,0.00,0.0,0.000,0.003,0.327,44.650,0.00
1786234803,ingest,0.00,0.00,0.0,0.000,0.003,0.327,44.652,0.00
1786234808,ingest,0.00,0.00,0.0,0.000,0.003,0.327,44.652,0.00
1786234813,ingest,0.00,0.00,0.0,0.000,0.003,0.327,44.654,0.00
1786234818,ingest,0.00,0.00,0.0,0.000,0.003,0.327,44.654,0.00
1786234823,ingest,0.00,0.00,0.0,0.000,0.003,0.327,44.654,0.00
1786234828,ingest,0.00,0.00,0.0,0.000,0.003,0.327,44.654,0.00
1786234833,ingest,0.00,0.00,0.0,0.000,0.003,0.327,44.653,0.00
1786234838,ingest,0.00,0.00,0.0,0.000,0.003,0.327,44.653,0.00
1786234843,ingest,0.00,0.00,0.0,0.000,0.003,0.327,44.653,0.00
1786234848,ingest,0.00,0.00,0.0,0.000,0.003,0.327,44.652,0.00
1786234853,ingest,0.00,0.00,0.0,0.000,0.003,0.327,44.651,0.00
1786234858,ingest,0.00,0.00,0.0,0.000,0.003,0.327,44.649,0.00
1786234864,ingest,0.00,0.00,0.0,0.000,0.003,0.327,44.650,0.00
1786234869,ingest,0.00,0.00,0.0,0.000,0.003,0.327,44.651,0.00
1786234874,ingest,0.00,0.00,0.0,0.000,0.003,0.327,44.651,0.00
1786234879,ingest,0.00,0.00,0.0,0.000,0.003,0.327,44.650,0.00
1786234884,ingest,0.00,0.00,0.0,0.000,0.003,0.327,44.650,0.00
1786234889,ingest,0.00,0.00,0.0,0.000,0.003,0.327,44.648,0.00
1786234894,ingest,0.00,0.00,0.0,0.000,0.003,0.327,44.648,0.00
1786234899,ingest,0.00,0.00,0.0,0.000,0.003,0.327,44.652,0.00
1786234904,ingest,0.00,0.00,0.0,0.000,0.003,0.327,44.653,0.00
1786234909,ingest,0.00,0.00,0.0,0.000,0.003,0.327,44.653,0.00
1786234914,ingest,0.00,0.00,0.0,0.000,0.003,0.327,44.653,0.00
1786234919,ingest,0.00,0.00,0.0,0.000,0.003,0.327,44.650,0.00
1786234924,ingest,0.00,0.00,0.0,0.000,0.003,0.327,44.650,0.00
1786234929,ingest,0.00,0.00,0.0,0.000,0.003,0.327,44.652,0.00
1786234934,ingest,0.00,0.00,0.0,0.000,0.003,0.327,44.652,0.00
1786234939,ingest,0.00,0.00,0.0,0.000,0.003,0.327,44.653,0.00
1786234944,ingest,0.00,0.00,0.0,0.000,0.003,0.327,44.653,0.00
1786234949,ingest,0.00,0.00,0.0,0.000,0.003,0.327,44.654,0.00
1786234955,ingest,0.00,0.00,0.0,0.000,0.003,0.327,44.654,0.00
1786234960,ingest,0.00,0.00,0.0,0.000,0.003,0.327,44.653,0.00
1786234965,ingest,0.00,0.00,0.0,0.000,0.003,0.327,44.653,0.00
1786234970,ingest,0.00,0.00,0.0,0.000,0.003,0.327,44.649,0.00
1786234975,ingest,0.00,0.00,0.0,0.000,0.003,0.327,44.650,0.00
1786234980,ingest,0.00,0.00,0.0,0.000,0.003,0.327,44.649,0.00
1786234985,ingest,0.00,0.00,0.0,0.000,0.003,0.327,44.649,0.00
1786234990,ingest,0.00,0.00,0.0,0.000,0.003,0.327,44.648,0.00
1786234995,ingest,0.00,0.00,0.0,0.000,0.003,0.327,44.648,0.00
1786235000,ingest,0.00,0.00,0.0,0.000,0.003,0.327,44.651,0.00
1786235005,ingest,0.00,0.00,0.0,0.000,0.003,0.327,44.650,0.00
1786235010,ingest,0.00,0.00,0.0,0.000,0.003,0.327,44.649,0.00
1786235015,ingest,0.00,0.00,0.0,0.000,0.003,0.327,44.650,0.00
1786235020,ingest,0.00,0.00,0.0,0.000,0.003,0.327,44.651,0.00
1786235025,ingest,0.00,0.00,0.0,0.000,0.003,0.327,44.651,0.00
1786235030,ingest,0.00,0.00,0.0,0.000,0.003,0.327,44.653,0.00
1786235035,ingest,0.00,0.00,0.0,0.000,0.003,0.327,44.653,0.00
1786235040,ingest,0.00,0.00,0.0,0.000,0.003,0.327,44.654,0.00
1786235045,ingest,0.00,0.00,0.0,0.000,0.003,0.327,44.654,0.00
1786235051,ingest,0.00,0.00,0.0,0.000,0.003,0.327,44.653,0.00
1786235056,ingest,0.00,0.00,0.0,0.000,0.003,0.327,44.654,0.00
1786235061,ingest,0.00,0.00,0.0,0.000,0.003,0.327,44.653,0.00
1786235066,ingest,0.00,0.00,0.0,0.000,0.003,0.327,44.653,0.00
1786235071,ingest,0.00,0.00,0.0,0.000,0.003,0.327,44.653,0.00
1786235076,ingest,0.00,0.00,0.0,0.000,0.003,0.327,44.655,0.00
1786235081,ingest,0.00,0.00,0.0,0.000,0.003,0.327,44.655,0.00
1786235086,ingest,0.00,0.00,0.0,0.000,0.003,0.327,44.650,0.01
1786235091,ingest,0.00,0.00,0.0,0.000,0.003,0.327,44.649,0.00
1786235096,ingest,0.00,0.00,0.0,0.000,0.003,0.327,44.650,0.00
1786235101,ingest,0.00,0.00,0.0,0.000,0.003,0.327,44.652,0.00
1786235106,ingest,0.00,0.00,0.0,0.000,0.003,0.327,44.652,0.00
1786235111,ingest,0.00,0.00,0.0,0.000,0.003,0.327,44.650,0.00
1786235116,ingest,0.00,0.00,0.0,0.000,0.003,0.327,44.650,0.00
1786235121,ingest,0.00,0.00,0.0,0.000,0.003,0.327,44.649,0.00
1786235126,ingest,0.00,0.00,0.0,0.000,0.003,0.327,44.649,0.00
1786235131,ingest,0.00,0.00,0.0,0.000,0.003,0.327,44.648,0.00
1786235136,ingest,0.00,0.00,0.0,0.000,0.003,0.327,44.649,0.00
1786235141,ingest,0.00,0.00,0.0,0.000,0.003,0.327,44.648,0.00
1786235147,ingest,0.00,0.00,0.0,0.000,0.003,0.327,44.649,0.00
1786235152,ingest,0.00,0.00,0.0,0.000,0.003,0.327,44.648,0.00
1786235157,ingest,0.00,0.00,0.0,0.000,0.003,0.327,44.648,0.00
1786235162,ingest,0.00,0.00,0.0,0.000,0.003,0.327,44.651,0.00
1786235167,ingest,0.00,0.00,0.0,0.000,0.003,0.327,44.652,0.00
1786235172,ingest,0.00,0.00,0.0,0.000,0.003,0.327,44.655,0.00
1786235177,ingest,0.00,0.00,0.0,0.000,0.003,0.327,44.656,0.00
1786235182,ingest,0.00,0.00,0.0,0.000,0.003,0.327,44.651,0.00
1786235187,ingest,0.00,0.00,0.0,0.000,0.003,0.327,44.657,0.00
1786235192,ingest,0.00,0.00,0.0,0.000,0.003,0.327,44.657,0.00
1786235197,ingest,0.00,0.00,0.0,0.000,0.003,0.327,44.655,0.00
1786235202,ingest,0.00,0.00,0.0,0.000,0.003,0.327,44.655,0.00
1786235207,ingest,0.00,0.00,0.0,0.000,0.003,0.327,44.657,0.00
1786235212,ingest,0.00,0.00,0.0,0.000,0.003,0.327,44.656,0.00
1786235217,ingest,0.00,0.00,0.0,0.000,0.003,0.327,44.657,0.00
1786235222,ingest,0.00,0.00,0.0,0.000,0.003,0.327,44.658,0.00
1786235227,ingest,0.00,0.00,0.0,0.000,0.003,0.327,44.659,0.00
1786235232,ingest,0.00,0.00,0.0,0.000,0.003,0.327,44.659,0.00
1786235237,ingest,0.00,0.00,0.0,0.000,0.003,0.327,44.656,0.00
1786235243,ingest,0.00,0.00,0.0,0.000,0.003,0.327,44.656,0.00
1786235248,ingest,0.00,0.00,0.0,0.000,0.003,0.327,44.656,0.00
1786235253,ingest,0.00,0.00,0.0,0.000,0.003,0.327,44.656,0.00
1786235258,ingest,0.00,0.00,0.0,0.000,0.003,0.327,44.654,0.00
1786235263,ingest,0.00,0.00,0.0,0.000,0.003,0.327,44.655,0.00
1786235268,ingest,0.00,0.00,0.0,0.000,0.003,0.327,44.654,0.00
1786235273,ingest,0.00,0.00,0.0,0.000,0.003,0.327,44.653,0.00
1786235278,ingest,0.00,0.00,0.0,0.000,0.003,0.327,44.652,0.00
1786235283,ingest,0.00,0.00,0.0,0.000,0.003,0.327,44.652,0.00
1786235288,ingest,0.00,0.00,0.0,0.000,0.003,0.327,44.652,0.00
1786235293,ingest,0.00,0.00,0.0,0.000,0.003,0.327,44.652,0.00
1786235298,ingest,0.00,0.00,0.0,0.000,0.003,0.327,44.652,0.00
1786235303,ingest,0.00,0.00,0.0,0.000,0.003,0.327,44.651,0.00
1786235308,ingest,0.00,0.00,0.0,0.000,0.003,0.327,44.650,0.00
1786235313,ingest,0.00,0.00,0.0,0.000,0.003,0.327,44.650,0.00
1786235318,ingest,0.00,0.00,0.0,0.000,0.003,0.327,44.651,0.00
1786235323,ingest,0.00,0.00,0.0,0.000,0.003,0.327,44.651,0.00
1786235328,ingest,0.00,0.00,0.0,0.000,0.003,0.327,44.649,0.00
1786235334,ingest,0.00,0.00,0.0,0.000,0.003,0.327,44.649,0.00
1786235339,ingest,0.00,0.00,0.0,0.000,0.003,0.327,44.647,0.00
1786235344,ingest,0.00,0.00,0.0,0.000,0.003,0.327,44.648,0.00
1786235349,ingest,0.00,0.00,0.0,0.000,0.003,0.327,44.646,0.00
1786235354,ingest,0.00,0.00,0.0,0.000,0.003,0.327,44.647,0.00
1786235359,ingest,0.00,0.00,0.0,0.000,0.003,0.327,44.649,0.00
1786235364,ingest,0.00,0.00,0.0,0.000,0.003,0.327,44.650,0.00
1786235369,ingest,0.00,0.00,0.0,0.000,0.003,0.327,44.649,0.00
1786235374,ingest,0.00,0.00,0.0,0.000,0.003,0.327,44.649,0.00
1786235379,ingest,0.00,0.00,0.0,0.000,0.003,0.327,44.649,0.00
1786235384,ingest,0.00,0.00,0.0,0.000,0.003,0.327,44.649,0.00
1786235389,ingest,0.00,0.00,0.0,0.000,0.003,0.327,44.646,0.01
1786235394,ingest,0.00,0.00,0.0,0.000,0.003,0.327,44.647,0.00
1786235399,ingest,0.00,0.00,0.0,0.000,0.003,0.327,44.648,0.00
1786235404,ingest,0.00,0.00,0.0,0.000,0.003,0.327,44.648,0.00
1786235409,ingest,0.00,0.00,0.0,0.000,0.003,0.327,44.648,0.00
1786235414,ingest,0.00,0.00,0.0,0.000,0.003,0.327,44.649,0.00
1786235419,ingest,0.00,0.00,0.0,0.000,0.003,0.327,44.649,0.00
1786235424,ingest,0.00,0.00,0.0,0.000,0.003,0.327,44.649,0.00
1786235430,ingest,0.00,0.00,0.0,0.000,0.003,0.327,44.648,0.00
1786235435,ingest,0.00,0.00,0.0,0.000,0.003,0.327,44.649,0.00
1786235440,ingest,0.00,0.00,0.0,0.000,0.003,0.327,44.647,0.00
1786235445,ingest,0.00,0.00,0.0,0.000,0.003,0.327,44.648,0.00
1786235450,ingest,0.00,0.00,0.0,0.000,0.003,0.327,44.646,0.00
1786235455,ingest,0.00,0.00,0.0,0.000,0.003,0.327,44.646,0.00
1786235460,ingest,0.00,0.00,0.0,0.000,0.003,0.327,44.645,0.00
1786235465,ingest,0.00,0.00,0.0,0.000,0.003,0.327,44.645,0.00
1786235470,ingest,0.00,0.00,0.0,0.000,0.003,0.327,44.643,0.00
1786235475,ingest,0.00,0.00,0.0,0.000,0.003,0.327,44.644,0.00
1786235480,ingest,0.00,0.00,0.0,0.000,0.003,0.327,44.644,0.00
1786235485,ingest,0.00,0.00,0.0,0.000,0.003,0.327,44.645,0.00
1786235490,ingest,0.00,0.00,0.0,0.000,0.003,0.327,44.647,0.00
1786235495,ingest,0.00,0.00,0.0,0.000,0.003,0.327,44.647,0.00
1786235500,ingest,0.00,0.00,0.0,0.000,0.003,0.327,44.649,0.00
1786235505,ingest,0.00,0.00,0.0,0.000,0.003,0.327,44.649,0.00
1786235510,ingest,0.00,0.00,0.0,0.000,0.003,0.327,44.648,0.00
1786235515,ingest,0.00,0.00,0.0,0.000,0.003,0.327,44.648,0.00
1786235520,ingest,0.00,0.00,0.0,0.000,0.003,0.327,44.648,0.00
1786235526,ingest,0.00,0.00,0.0,0.000,0.003,0.327,44.648,0.00
1786235531,ingest,0.00,0.00,0.0,0.000,0.003,0.327,44.648,0.00
1786235536,ingest,0.00,0.00,0.0,0.000,0.003,0.327,44.649,0.00
1786235541,ingest,0.00,0.00,0.0,0.000,0.003,0.327,44.639,0.00
1786235546,ingest,0.00,0.00,0.0,0.000,0.003,0.327,44.649,0.00
1786235551,ingest,0.00,0.00,0.0,0.000,0.003,0.327,44.650,0.00
1786235556,ingest,0.00,0.00,0.0,0.000,0.003,0.327,44.652,0.00
1786235561,ingest,0.00,0.00,0.0,0.000,0.003,0.327,44.653,0.00
1786235566,ingest,0.00,0.00,0.0,0.000,0.003,0.327,44.653,0.00
1786235571,ingest,0.00,0.00,0.0,0.000,0.003,0.327,44.654,0.00
1786235576,ingest,0.00,0.00,0.0,0.000,0.003,0.327,44.653,0.00
1786235581,ingest,0.00,0.00,0.0,0.000,0.003,0.327,44.653,0.00
1786235586,ingest,0.00,0.00,0.0,0.000,0.003,0.327,44.653,0.00
1786235591,ingest,0.00,0.00,0.0,0.000,0.003,0.327,44.653,0.00
1786235596,ingest,0.00,0.00,0.0,0.000,0.003,0.327,44.653,0.00
1786235601,ingest,0.00,0.00,0.0,0.000,0.003,0.327,44.653,0.00
1786235606,ingest,0.00,0.00,0.0,0.000,0.003,0.327,44.653,0.00
1786235611,ingest,0.00,0.00,0.0,0.000,0.003,0.327,44.654,0.00
1786235616,ingest,0.00,0.00,0.0,0.000,0.003,0.327,44.653,0.00
1786235622,ingest,0.00,0.00,0.0,0.000,0.003,0.327,44.652,0.00
1786235627,ingest,0.00,0.00,0.0,0.000,0.003,0.327,44.653,0.00
1786235632,ingest,0.00,0.00,0.0,0.000,0.003,0.327,44.654,0.00
1786235637,ingest,0.00,0.00,0.0,0.000,0.003,0.327,44.656,0.00
1786235642,ingest,0.00,0.00,0.0,0.000,0.003,0.327,44.656,0.00
1786235647,ingest,0.00,0.00,0.0,0.000,0.003,0.327,44.655,0.00
1786235652,ingest,0.00,0.00,0.0,0.000,0.003,0.327,44.655,0.00
1786235657,ingest,0.00,0.00,0.0,0.000,0.003,0.327,44.657,0.00
1786235662,ingest,0.00,0.00,0.0,0.000,0.003,0.327,44.656,0.00
1786235667,ingest,0.00,0.00,0.0,0.000,0.003,0.327,44.653,0.00
1786235672,ingest,0.00,0.00,0.0,0.000,0.003,0.327,44.653,0.00
1786235677,ingest,0.00,0.00,0.0,0.000,0.003,0.327,44.651,0.00
1786235682,ingest,0.00,0.00,0.0,0.000,0.003,0.327,44.651,0.00
1786235687,ingest,0.00,0.00,0.0,0.000,0.003,0.327,44.646,0.01
1786235692,ingest,0.00,0.00,0.0,0.000,0.003,0.327,44.647,0.00
1786235697,ingest,0.00,0.00,0.0,0.000,0.003,0.327,44.648,0.00
1786235702,ingest,0.00,0.00,0.0,0.000,0.003,0.327,44.648,0.00
1786235707,ingest,0.00,0.00,0.0,0.000,0.003,0.327,44.648,0.00
1786235712,ingest,0.00,0.00,0.0,0.000,0.003,0.327,44.648,0.00
1786235718,ingest,0.00,0.00,0.0,0.000,0.003,0.327,44.647,0.00
1786235723,ingest,0.00,0.00,0.0,0.000,0.003,0.327,44.647,0.00
1786235728,ingest,0.00,0.00,0.0,0.000,0.003,0.327,44.648,0.00
1786235733,ingest,0.00,0.00,0.0,0.000,0.003,0.327,44.647,0.00
1786235738,ingest,0.00,0.00,0.0,0.000,0.003,0.327,44.648,0.00
1786235743,ingest,0.00,0.00,0.0,0.000,0.003,0.327,44.648,0.00
1786235748,ingest,0.00,0.00,0.0,0.000,0.003,0.327,44.647,0.00
1786235753,ingest,0.00,0.00,0.0,0.000,0.003,0.327,44.648,0.00
1786235758,ingest,0.00,0.00,0.0,0.000,0.003,0.327,44.649,0.00
1786235763,ingest,0.00,0.00,0.0,0.000,0.003,0.327,44.649,0.00
1786235768,ingest,0.00,0.00,0.0,0.000,0.003,0.327,44.652,0.00
1786235773,ingest,0.00,0.00,0.0,0.000,0.003,0.327,44.652,0.00
1786235778,ingest,0.00,0.00,0.0,0.000,0.003,0.327,44.651,0.00
1786235783,ingest,0.00,0.00,0.0,0.000,0.003,0.327,44.653,0.00
1786235788,ingest,0.00,0.00,0.0,0.000,0.003,0.327,44.653,0.00
1786235793,ingest,0.00,0.00,0.0,0.000,0.003,0.327,44.653,0.00
1786235798,ingest,0.00,0.00,0.0,0.000,0.003,0.327,44.651,0.00
1786235803,ingest,0.00,0.00,0.0,0.000,0.003,0.327,44.651,0.00
1786235808,ingest,0.00,0.00,0.0,0.000,0.003,0.327,44.652,0.00
1786235814,ingest,0.00,0.00,0.0,0.000,0.003,0.327,44.653,0.00
1786235819,ingest,0.00,0.00,0.0,0.000,0.003,0.327,44.652,0.00
1786235824,ingest,0.00,0.00,0.0,0.000,0.003,0.327,44.651,0.00
1786235829,ingest,0.00,0.00,0.0,0.000,0.003,0.327,44.650,0.00
1786235834,ingest,0.00,0.00,0.0,0.000,0.003,0.327,44.650,0.00
1786235839,ingest,0.00,0.00,0.0,0.000,0.003,0.327,44.649,0.00
1786235844,ingest,0.00,0.00,0.0,0.000,0.003,0.327,44.650,0.00
1786235849,ingest,0.00,0.00,0.0,0.000,0.003,0.327,44.648,0.00
1786235854,ingest,0.00,0.00,0.0,0.000,0.003,0.327,44.648,0.00
1786235859,ingest,0.00,0.00,0.0,0.000,0.003,0.327,44.647,0.00
1786235864,ingest,0.00,0.00,0.0,0.000,0.003,0.327,44.647,0.00
1786235869,ingest,0.00,0.00,0.0,0.000,0.003,0.327,44.647,0.00
1786235874,ingest,0.00,0.00,0.0,0.000,0.003,0.327,44.646,0.00
1786235879,ingest,0.00,0.00,0.0,0.000,0.003,0.327,44.645,0.00
1786235884,ingest,0.00,0.00,0.0,0.000,0.003,0.327,44.646,0.00
1786235889,ingest,0.00,0.00,0.0,0.000,0.003,0.327,44.652,0.00
1786235894,ingest,0.00,0.00,0.0,0.000,0.003,0.327,44.652,0.00
1786235899,ingest,0.00,0.00,0.0,0.000,0.003,0.327,44.647,0.00
1786235905,ingest,0.00,0.00,0.0,0.000,0.003,0.327,44.651,0.00
1786235910,ingest,0.00,0.00,0.0,0.000,0.003,0.327,44.651,0.00
1786235915,ingest,0.00,0.00,0.0,0.000,0.003,0.327,44.653,0.00
1786235920,ingest,0.00,0.00,0.0,0.000,0.003,0.327,44.654,0.00
1786235925,ingest,0.00,0.00,0.0,0.000,0.003,0.327,44.653,0.00
1786235930,ingest,0.00,0.00,0.0,0.000,0.003,0.327,44.654,0.00
1786235935,ingest,0.00,0.00,0.0,0.000,0.003,0.327,44.651,0.00
1786235940,ingest,0.00,0.00,0.0,0.000,0.003,0.327,44.652,0.00
1786235945,ingest,0.00,0.00,0.0,0.000,0.003,0.327,44.654,0.00
1786235950,ingest,0.00,0.00,0.0,0.000,0.003,0.327,44.654,0.00
1786235955,ingest,0.00,0.00,0.0,0.000,0.003,0.327,44.652,0.00
1786235960,ingest,0.00,0.00,0.0,0.000,0.003,0.327,44.652,0.00
1786235965,ingest,0.00,0.00,0.0,0.000,0.003,0.327,44.653,0.00
1786235970,ingest,0.00,0.00,0.0,0.000,0.003,0.327,44.652,0.00
1786235975,ingest,0.00,0.00,0.0,0.000,0.003,0.327,44.654,0.00
1786235980,ingest,0.00,0.00,0.0,0.000,0.003,0.327,44.654,0.00
1786235985,ingest,0.00,0.00,0.0,0.000,0.003,0.327,44.651,0.01
1786235990,ingest,0.00,0.00,0.0,0.000,0.003,0.327,44.652,0.00
1786235995,ingest,0.00,0.00,0.0,0.000,0.003,0.327,44.653,0.00
1786236001,ingest,0.00,0.00,0.0,0.000,0.003,0.327,44.653,0.00
1786236006,ingest,0.00,0.00,0.0,0.000,0.003,0.327,44.653,0.00
1786236011,ingest,0.00,0.00,0.0,0.000,0.003,0.327,44.652,0.00
1786236016,ingest,0.00,0.00,0.0,0.000,0.003,0.327,44.652,0.00
1786236021,ingest,0.00,0.00,0.0,0.000,0.003,0.327,44.652,0.00
1786236026,ingest,0.00,0.00,0.0,0.000,0.003,0.327,44.649,0.00
1786236031,ingest,0.00,0.00,0.0,0.000,0.003,0.327,44.650,0.00
1786236036,ingest,0.00,0.00,0.0,0.000,0.003,0.327,44.650,0.00
1786236041,ingest,0.00,0.00,0.0,0.000,0.003,0.327,44.650,0.00
1786236046,ingest,0.00,0.00,0.0,0.000,0.003,0.327,44.651,0.00
1786236051,ingest,0.00,0.00,0.0,0.000,0.003,0.327,44.650,0.00
1786236056,ingest,0.00,0.00,0.0,0.000,0.003,0.327,44.651,0.00
1786236061,ingest,0.00,0.00,0.0,0.000,0.003,0.327,44.651,0.00
1786236066,ingest,0.00,0.00,0.0,0.000,0.003,0.327,44.652,0.00
1786236071,ingest,0.00,0.00,0.0,0.000,0.003,0.327,44.652,0.00
1786236076,ingest,0.00,0.00,0.0,0.000,0.003,0.327,44.651,0.00
1786236081,ingest,0.00,0.00,0.0,0.000,0.003,0.327,44.652,0.00
1786236086,ingest,0.00,0.00,0.0,0.000,0.003,0.327,44.653,0.00
1786236091,ingest,0.00,0.00,0.0,0.000,0.003,0.327,44.653,0.00
1786236097,ingest,0.00,0.00,0.0,0.000,0.003,0.327,44.651,0.00
1786236102,ingest,0.00,0.00,0.0,0.000,0.003,0.327,44.651,0.00
1786236107,ingest,0.00,0.00,0.0,0.000,0.003,0.327,44.652,0.00
1786236112,ingest,0.00,0.00,0.0,0.000,0.003,0.327,44.652,0.00
1786236117,ingest,0.00,0.00,0.0,0.000,0.003,0.327,44.653,0.00
1786236122,ingest,0.00,0.00,0.0,0.000,0.003,0.327,44.654,0.00
1786236127,ingest,0.00,0.00,0.0,0.000,0.003,0.327,44.656,0.00
1786236132,ingest,0.00,0.00,0.0,0.000,0.003,0.327,44.655,0.00
1786236137,ingest,0.00,0.00,0.0,0.000,0.003,0.327,44.657,0.00
1786236142,ingest,0.00,0.00,0.0,0.000,0.003,0.327,44.658,0.00
1786236147,ingest,0.00,0.00,0.0,0.000,0.003,0.327,44.657,0.00
1786236152,ingest,0.00,0.00,0.0,0.000,0.003,0.327,44.657,0.00
1786236157,ingest,0.00,0.00,0.0,0.000,0.003,0.327,44.656,0.00
1786236162,ingest,0.00,0.00,0.0,0.000,0.003,0.327,44.657,0.00
1786236167,ingest,0.00,0.00,0.0,0.000,0.003,0.327,44.655,0.00
1786236172,ingest,0.00,0.00,0.0,0.000,0.003,0.327,44.655,0.00
1786236177,ingest,0.00,0.00,0.0,0.000,0.003,0.327,44.655,0.00
1786236182,ingest,0.00,0.00,0.0,0.000,0.003,0.327,44.656,0.00
1786236187,ingest,0.00,0.00,0.0,0.000,0.003,0.327,44.657,0.00
1786236193,ingest,0.00,0.00,0.0,0.000,0.003,0.327,44.658,0.00
1786236198,ingest,0.00,0.00,0.0,0.000,0.003,0.327,44.660,0.00
1786236203,ingest,0.00,0.00,0.0,0.000,0.003,0.327,44.660,0.00
1786236208,ingest,0.00,0.00,0.0,0.000,0.003,0.327,44.657,0.00
1786236213,ingest,0.00,0.00,0.0,0.000,0.003,0.327,44.658,0.00
1786236218,ingest,0.00,0.00,0.0,0.000,0.003,0.327,44.658,0.00
1786236223,ingest,0.00,0.00,0.0,0.000,0.003,0.327,44.659,0.00
1786236228,ingest,0.00,0.00,0.0,0.000,0.003,0.327,44.658,0.00
1786236233,ingest,0.00,0.00,0.0,0.000,0.003,0.327,44.659,0.00
1786236238,ingest,0.00,0.00,0.0,0.000,0.003,0.327,44.663,0.00
1786236243,ingest,0.00,0.00,0.0,0.000,0.003,0.327,44.663,0.00
1786236248,ingest,0.00,0.00,0.0,0.000,0.003,0.327,44.667,0.00
1786236253,ingest,0.00,0.00,0.0,0.000,0.003,0.327,44.666,0.00
1786236258,ingest,0.00,0.00,0.0,0.000,0.003,0.327,44.663,0.00
1786236263,ingest,0.00,0.00,0.0,0.000,0.003,0.327,44.663,0.00
1786236268,ingest,0.00,0.00,0.0,0.000,0.003,0.327,44.663,0.00
1786236273,ingest,0.00,0.00,0.0,0.000,0.003,0.327,44.660,0.00
1786236278,ingest,0.00,0.00,0.0,0.000,0.003,0.327,44.660,0.00
1786236283,ingest,0.00,0.00,0.0,0.000,0.003,0.327,44.659,0.00
1786236289,ingest,0.00,0.00,0.0,0.000,0.003,0.327,44.657,0.01
1786236294,ingest,0.00,0.00,0.0,0.000,0.003,0.327,44.659,0.00
1786236299,ingest,0.00,0.00,0.0,0.000,0.003,0.327,44.658,0.00
1786236304,ingest,0.00,0.00,0.0,0.000,0.003,0.327,44.656,0.00
1786236309,ingest,0.00,0.00,0.0,0.000,0.003,0.327,44.656,0.00
1786236314,ingest,0.00,0.00,0.0,0.000,0.003,0.327,44.657,0.00
1786236319,ingest,0.00,0.00,0.0,0.000,0.003,0.327,44.658,0.00
1786236324,ingest,0.00,0.00,0.0,0.000,0.003,0.327,44.657,0.00
1786236329,ingest,0.00,0.00,0.0,0.000,0.003,0.327,44.658,0.00
1786236334,ingest,0.00,0.00,0.0,0.000,0.003,0.327,44.655,0.00
1786236339,ingest,0.00,0.00,0.0,0.000,0.003,0.327,44.656,0.00
1786236344,ingest,0.00,0.00,0.0,0.000,0.003,0.327,44.655,0.00
1786236349,ingest,0.00,0.00,0.0,0.000,0.003,0.327,44.655,0.00
1786236354,ingest,0.00,0.00,0.0,0.000,0.003,0.327,44.653,0.00
1786236359,ingest,0.00,0.00,0.0,0.000,0.003,0.327,44.654,0.00
1786236364,ingest,0.00,0.00,0.0,0.000,0.003,0.327,44.653,0.00
1786236369,ingest,0.00,0.00,0.0,0.000,0.003,0.327,44.652,0.00
1786236374,ingest,0.00,0.00,0.0,0.000,0.003,0.327,44.652,0.00
1786236380,ingest,0.00,0.00,0.0,0.000,0.003,0.327,44.652,0.00
1786236385,ingest,0.00,0.00,0.0,0.000,0.003,0.327,44.651,0.00
1786236390,ingest,0.00,0.00,0.0,0.000,0.003,0.327,44.651,0.00
1786236395,ingest,0.00,0.00,0.0,0.000,0.003,0.327,44.649,0.00
1786236400,ingest,0.00,0.00,0.0,0.000,0.003,0.327,44.650,0.00
1786236405,ingest,0.00,0.00,0.0,0.000,0.003,0.327,44.648,0.00
1786236410,ingest,0.00,0.00,0.0,0.000,0.003,0.327,44.648,0.00
1786236415,ingest,0.00,0.00,0.0,0.000,0.003,0.327,44.649,0.00
1786236420,ingest,0.00,0.00,0.0,0.000,0.003,0.327,44.649,0.00
1786236425,ingest,0.00,0.00,0.0,0.000,0.003,0.327,44.653,0.00
1786236430,ingest,0.00,0.00,0.0,0.000,0.003,0.327,44.653,0.00
1786236435,ingest,0.00,0.00,0.0,0.000,0.003,0.327,44.652,0.00
1786236440,ingest,0.00,0.00,0.0,0.000,0.003,0.327,44.652,0.00
1786236445,ingest,0.00,0.00,0.0,0.000,0.003,0.327,44.651,0.00
1786236450,ingest,0.00,0.00,0.0,0.000,0.003,0.327,44.650,0.00
1786236455,ingest,0.00,0.00,0.0,0.000,0.003,0.327,44.650,0.00
1786236460,ingest,0.00,0.00,0.0,0.000,0.003,0.327,44.651,0.00
1786236465,ingest,0.00,0.00,0.0,0.000,0.003,0.327,44.653,0.00
1786236470,ingest,0.00,0.00,0.0,0.000,0.003,0.327,44.653,0.00
1786236476,ingest,0.00,0.00,0.0,0.000,0.003,0.327,44.653,0.00
1786236481,ingest,0.00,0.00,0.0,0.000,0.003,0.327,44.654,0.00
1786236486,ingest,0.00,0.00,0.0,0.000,0.003,0.327,44.653,0.00
1786236491,ingest,0.00,0.00,0.0,0.000,0.003,0.327,44.655,0.00
1786236496,ingest,0.00,0.00,0.0,0.000,0.003,0.327,44.652,0.00
1786236501,ingest,0.00,0.00,0.0,0.000,0.003,0.327,44.653,0.00
1786236506,ingest,0.00,0.00,0.0,0.000,0.003,0.327,44.650,0.00
1786236511,ingest,0.00,0.00,0.0,0.000,0.003,0.327,44.651,0.00
1786236516,ingest,0.00,0.00,0.0,0.000,0.003,0.327,44.652,0.00
1786236521,ingest,0.00,0.00,0.0,0.000,0.003,0.327,44.652,0.00
1786236526,ingest,0.00,0.00,0.0,0.000,0.003,0.327,44.654,0.00
1786236531,ingest,0.00,0.00,0.0,0.000,0.003,0.327,44.654,0.00
1786236536,ingest,0.00,0.00,0.0,0.000,0.003,0.327,44.655,0.00
1786236541,ingest,0.00,0.00,0.0,0.000,0.003,0.327,44.656,0.00
1786236546,ingest,0.00,0.00,0.0,0.000,0.003,0.327,44.654,0.00
1786236551,ingest,0.00,0.00,0.0,0.000,0.003,0.327,44.654,0.00
1786236556,ingest,0.00,0.00,0.0,0.000,0.003,0.327,44.655,0.00
1786236561,ingest,0.00,0.00,0.0,0.000,0.003,0.327,44.655,0.00
1786236566,ingest,0.00,0.00,0.0,0.000,0.003,0.327,44.656,0.00
1786236572,ingest,0.00,0.00,0.0,0.000,0.003,0.327,44.657,0.00
1786236577,ingest,0.00,0.00,0.0,0.000,0.003,0.327,44.655,0.00
1786236582,ingest,0.00,0.00,0.0,0.000,0.003,0.327,44.655,0.00
1786236587,ingest,0.00,0.00,0.0,0.000,0.003,0.327,44.652,0.01
1786236592,ingest,0.00,0.00,0.0,0.000,0.003,0.327,44.651,0.00
1786236597,ingest,0.00,0.00,0.0,0.000,0.003,0.327,44.651,0.00
1786236602,ingest,0.00,0.00,0.0,0.000,0.003,0.327,44.653,0.00
1786236607,ingest,0.00,0.00,0.0,0.000,0.003,0.327,44.654,0.00
1786236612,ingest,0.00,0.00,0.0,0.000,0.003,0.327,44.654,0.00
1786236617,ingest,0.00,0.00,0.0,0.000,0.003,0.327,44.653,0.00
1786236622,ingest,0.00,0.00,0.0,0.000,0.003,0.327,44.652,0.00
1786236627,ingest,0.00,0.00,0.0,0.000,0.003,0.327,44.653,0.00
1786236632,ingest,0.00,0.00,0.0,0.000,0.003,0.327,44.651,0.00
1786236637,ingest,0.00,0.00,0.0,0.000,0.003,0.327,44.651,0.00
1786236642,ingest,0.00,0.00,0.0,0.000,0.003,0.327,44.651,0.00
1786236647,ingest,0.00,0.00,0.0,0.000,0.003,0.327,44.651,0.00
1786236652,ingest,0.00,0.00,0.0,0.000,0.003,0.327,44.650,0.00
1786236657,ingest,0.00,0.00,0.0,0.000,0.003,0.327,44.650,0.00
1786236663,ingest,0.00,0.00,0.0,0.000,0.003,0.327,44.650,0.00
1786236668,ingest,0.00,0.00,0.0,0.000,0.003,0.327,44.651,0.00
1786236673,ingest,0.00,0.00,0.0,0.000,0.003,0.327,44.652,0.00
1786236678,ingest,0.00,0.00,0.0,0.000,0.003,0.327,44.653,0.00
1786236683,ingest,0.00,0.00,0.0,0.000,0.003,0.327,44.653,0.00
1786236688,ingest,0.00,0.00,0.0,0.000,0.003,0.327,44.654,0.00
1786236693,ingest,0.00,0.00,0.0,0.000,0.003,0.327,44.653,0.00
1786236698,ingest,0.00,0.00,0.0,0.000,0.003,0.327,44.653,0.00
1786236703,ingest,0.00,0.00,0.0,0.000,0.003,0.327,44.656,0.00
1786236708,ingest,0.00,0.00,0.0,0.000,0.003,0.327,44.655,0.00
1786236713,ingest,0.00,0.00,0.0,0.000,0.003,0.327,44.655,0.00
1786236718,ingest,0.00,0.00,0.0,0.000,0.003,0.327,44.654,0.00
1786236723,ingest,0.00,0.00,0.0,0.000,0.003,0.327,44.653,0.00
1786236728,ingest,0.00,0.00,0.0,0.000,0.003,0.327,44.654,0.00
1786236733,ingest,0.00,0.00,0.0,0.000,0.003,0.327,44.652,0.00
1786236738,ingest,0.00,0.00,0.0,0.000,0.003,0.327,44.653,0.00
1786236743,ingest,0.00,0.00,0.0,0.000,0.003,0.327,44.653,0.00
1786236748,ingest,0.00,0.00,0.0,0.000,0.003,0.327,44.653,0.00
1786236753,ingest,0.00,0.00,0.0,0.000,0.003,0.327,44.653,0.00
1786236759,ingest,0.00,0.00,0.0,0.000,0.003,0.327,44.653,0.00
1786236764,ingest,0.00,0.00,0.0,0.000,0.003,0.327,44.654,0.00
1786236769,ingest,0.00,0.00,0.0,0.000,0.003,0.327,44.654,0.00
1786236774,ingest,0.00,0.00,0.0,0.000,0.003,0.327,44.652,0.00
1786236779,ingest,0.00,0.00,0.0,0.000,0.003,0.327,44.652,0.00
1786236784,ingest,0.00,0.00,0.0,0.000,0.003,0.327,44.650,0.00
1786236789,ingest,0.00,0.00,0.0,0.000,0.003,0.327,44.650,0.00
1786236794,ingest,0.00,0.00,0.0,0.000,0.003,0.327,44.652,0.00
1786236799,ingest,0.00,0.00,0.0,0.000,0.003,0.327,44.651,0.00
1786236804,ingest,0.00,0.00,0.0,0.000,0.003,0.327,44.651,0.00
1786236809,ingest,0.00,0.00,0.0,0.000,0.003,0.327,44.651,0.00
1786236814,ingest,0.00,0.00,0.0,0.000,0.003,0.327,44.649,0.00
1786236819,ingest,0.00,0.00,0.0,0.000,0.003,0.327,44.649,0.00
1786236824,ingest,0.00,0.00,0.0,0.000,0.003,0.327,44.652,0.00
1786236829,ingest,0.00,0.00,0.0,0.000,0.003,0.327,44.652,0.00
1786236834,ingest,0.00,0.00,0.0,0.000,0.003,0.327,44.651,0.00
1786236839,ingest,0.00,0.00,0.0,0.000,0.003,0.327,44.651,0.00
1786236844,ingest,0.00,0.00,0.0,0.000,0.003,0.327,44.650,0.00
1786236850,ingest,0.00,0.00,0.0,0.000,0.003,0.327,44.650,0.00
1786236855,ingest,0.00,0.00,0.0,0.000,0.003,0.327,44.648,0.00
1786236860,ingest,0.00,0.00,0.0,0.000,0.003,0.327,44.648,0.00
1786236865,ingest,0.00,0.00,0.0,0.000,0.003,0.327,44.647,0.00
1786236870,ingest,0.00,0.00,0.0,0.000,0.003,0.327,44.647,0.00
1786236875,ingest,0.00,0.00,0.0,0.000,0.003,0.327,44.646,0.00
1786236880,ingest,0.00,0.00,0.0,0.000,0.003,0.327,44.646,0.00
1786236885,ingest,0.00,0.00,0.0,0.000,0.003,0.327,44.651,0.00
1786236890,ingest,0.00,0.00,0.0,0.000,0.003,0.327,44.647,0.01
1786236895,ingest,0.00,0.00,0.0,0.000,0.003,0.327,44.647,0.00
1786236900,ingest,0.00,0.00,0.0,0.000,0.003,0.327,44.646,0.00
1786236905,ingest,0.00,0.00,0.0,0.000,0.003,0.327,44.648,0.00
1786236910,ingest,0.00,0.00,0.0,0.000,0.003,0.327,44.648,0.00
1786236915,ingest,0.00,0.00,0.0,0.000,0.003,0.327,44.646,0.00
1786236920,ingest,0.00,0.00,0.0,0.000,0.003,0.327,44.647,0.00
1786236925,ingest,0.00,0.00,0.0,0.000,0.003,0.327,44.647,0.00
1786236930,ingest,0.00,0.00,0.0,0.000,0.003,0.327,44.647,0.00
1786236935,ingest,0.00,0.00,0.0,0.000,0.003,0.327,44.647,0.00
1786236940,ingest,0.00,0.00,0.0,0.000,0.003,0.327,44.647,0.00
1786236946,ingest,0.00,0.00,0.0,0.000,0.003,0.327,44.647,0.00
1786236951,ingest,0.00,0.00,0.0,0.000,0.003,0.327,44.648,0.00
1786236956,ingest,0.00,0.00,0.0,0.000,0.003,0.327,44.650,0.00
1786236961,ingest,0.00,0.00,0.0,0.000,0.003,0.327,44.650,0.00
1786236966,ingest,0.00,0.00,0.0,0.000,0.003,0.327,44.652,0.00
1786236971,ingest,0.00,0.00,0.0,0.000,0.003,0.327,44.652,0.00
1786236976,ingest,0.00,0.00,0.0,0.000,0.003,0.327,44.653,0.00
1786236981,ingest,0.00,0.00,0.0,0.000,0.003,0.327,44.654,0.00
1786236986,ingest,0.00,0.00,0.0,0.000,0.003,0.327,44.656,0.00
1786236991,ingest,0.00,0.00,0.0,0.000,0.003,0.327,44.656,0.00
1786236996,ingest,0.00,0.00,0.0,0.000,0.003,0.327,44.657,0.00
1786237001,ingest,0.00,0.00,0.0,0.000,0.003,0.327,44.656,0.00
1786237006,ingest,0.00,0.00,0.0,0.000,0.003,0.327,44.651,0.00
1786237011,ingest,0.00,0.00,0.0,0.000,0.003,0.327,44.656,0.00
1786237016,ingest,0.00,0.00,0.0,0.000,0.003,0.327,44.656,0.00
1786237021,ingest,0.00,0.00,0.0,0.000,0.003,0.327,44.658,0.00
1786237026,ingest,0.00,0.00,0.0,0.000,0.003,0.327,44.658,0.00
1786237031,ingest,0.00,0.00,0.0,0.000,0.003,0.327,44.656,0.00
1786237037,ingest,0.00,0.00,0.0,0.000,0.003,0.327,44.656,0.00
1786237042,ingest,0.00,0.00,0.0,0.000,0.003,0.327,44.656,0.00
1786237047,ingest,0.00,0.00,0.0,0.000,0.003,0.327,44.657,0.00
1786237052,ingest,0.00,0.00,0.0,0.000,0.003,0.327,44.655,0.00
1786237057,ingest,0.00,0.00,0.0,0.000,0.003,0.327,44.656,0.00
1786237062,ingest,0.00,0.00,0.0,0.000,0.003,0.327,44.656,0.00
1786237067,ingest,0.00,0.00,0.0,0.000,0.003,0.327,44.654,0.00
1786237072,ingest,0.00,0.00,0.0,0.000,0.003,0.327,44.653,0.00
1786237077,ingest,0.00,0.00,0.0,0.000,0.003,0.327,44.653,0.00
1786237082,ingest,0.00,0.00,0.0,0.000,0.003,0.327,44.657,0.00
1786237087,ingest,0.00,0.00,0.0,0.000,0.003,0.327,44.657,0.00
1786237092,ingest,0.00,0.00,0.0,0.000,0.003,0.327,44.656,0.00
1786237097,ingest,0.00,0.00,0.0,0.000,0.003,0.327,44.656,0.00
1786237102,ingest,0.00,0.00,0.0,0.000,0.003,0.327,44.658,0.00
1786237107,ingest,0.00,0.00,0.0,0.000,0.003,0.327,44.658,0.00
1786237112,ingest,0.00,0.00,0.0,0.000,0.003,0.327,44.658,0.00
1786237117,ingest,0.00,0.00,0.0,0.000,0.003,0.327,44.658,0.00
1786237122,ingest,0.00,0.00,0.0,0.000,0.003,0.327,44.659,0.00
1786237127,ingest,0.00,0.00,0.0,0.000,0.003,0.327,44.660,0.00
1786237133,ingest,0.00,0.00,0.0,0.000,0.003,0.327,44.659,0.00
1786237138,ingest,0.00,0.00,0.0,0.000,0.003,0.327,44.659,0.00
1786237143,ingest,0.00,0.00,0.0,0.000,0.003,0.327,44.661,0.00
1786237148,ingest,0.00,0.00,0.0,0.000,0.003,0.327,44.661,0.00
1786237153,ingest,0.00,0.00,0.0,0.000,0.003,0.327,44.662,0.00
1786237158,ingest,0.00,0.00,0.0,0.000,0.003,0.327,44.662,0.00
1786237163,ingest,0.00,0.00,0.0,0.000,0.003,0.327,44.660,0.00
1786237168,ingest,0.00,0.00,0.0,0.000,0.003,0.327,44.660,0.00
1786237173,ingest,0.00,0.00,0.0,0.000,0.003,0.327,44.663,0.00
1786237178,ingest,0.00,0.00,0.0,0.000,0.003,0.327,44.663,0.00
1786237183,ingest,0.00,0.00,0.0,0.000,0.003,0.327,44.663,0.00
1786237188,ingest,0.00,0.00,0.0,0.000,0.003,0.327,44.660,0.01
1786237193,ingest,0.00,0.00,0.0,0.000,0.003,0.327,44.660,0.00
1786237198,ingest,0.00,0.00,0.0,0.000,0.003,0.327,44.660,0.00
1786237203,ingest,0.00,0.00,0.0,0.000,0.003,0.327,44.659,0.00
1786237208,ingest,0.00,0.00,0.0,0.000,0.003,0.327,44.660,0.00
1786237213,ingest,0.00,0.00,0.0,0.000,0.003,0.327,44.663,0.00
1786237218,ingest,0.00,0.00,0.0,0.000,0.003,0.327,44.663,0.00
1786237223,ingest,0.00,0.00,0.0,0.000,0.003,0.327,44.661,0.00
1786237229,ingest,0.00,0.00,0.0,0.000,0.003,0.327,44.661,0.00
1786237234,ingest,0.00,0.00,0.0,0.000,0.003,0.327,44.662,0.00
1786237239,ingest,0.00,0.00,0.0,0.000,0.003,0.327,44.663,0.00
1786237244,ingest,0.00,0.00,0.0,0.000,0.003,0.327,44.663,0.00
1786237249,ingest,0.00,0.00,0.0,0.000,0.003,0.327,44.664,0.00
1786237254,ingest,0.00,0.00,0.0,0.000,0.003,0.327,44.663,0.00
1786237259,ingest,0.00,0.00,0.0,0.000,0.003,0.327,44.662,0.00
1786237264,ingest,0.00,0.00,0.0,0.000,0.003,0.327,44.660,0.00
1786237269,ingest,0.00,0.00,0.0,0.000,0.003,0.327,44.661,0.00
1786237274,ingest,0.00,0.00,0.0,0.000,0.003,0.327,44.660,0.00
1786237279,ingest,0.00,0.00,0.0,0.000,0.003,0.327,44.660,0.00
1786237284,ingest,0.00,0.00,0.0,0.000,0.003,0.327,44.659,0.00
1786237289,ingest,0.00,0.00,0.0,0.000,0.003,0.327,44.659,0.00
1786237294,ingest,0.00,0.00,0.0,0.000,0.003,0.327,44.658,0.00
1786237299,ingest,0.00,0.00,0.0,0.000,0.003,0.327,44.659,0.00
1786237304,ingest,0.00,0.00,0.0,0.000,0.003,0.327,44.657,0.00
1786237309,ingest,0.00,0.00,0.0,0.000,0.003,0.327,44.657,0.00
1786237314,ingest,0.00,0.00,0.0,0.000,0.003,0.327,44.658,0.00
1786237319,ingest,0.00,0.00,0.0,0.000,0.003,0.327,44.658,0.00
1786237325,ingest,0.00,0.00,0.0,0.000,0.003,0.327,44.656,0.00
1786237330,ingest,0.00,0.00,0.0,0.000,0.003,0.327,44.656,0.00
1786237335,ingest,0.00,0.00,0.0,0.000,0.003,0.327,44.654,0.00
1786237340,ingest,0.00,0.00,0.0,0.000,0.003,0.327,44.655,0.00
1786237345,ingest,0.00,0.00,0.0,0.000,0.003,0.327,44.653,0.00
1786237350,ingest,0.00,0.00,0.0,0.000,0.003,0.327,44.653,0.00
1786237355,ingest,0.00,0.00,0.0,0.000,0.003,0.327,44.652,0.00
1786237360,ingest,0.00,0.00,0.0,0.000,0.003,0.327,44.652,0.00
1786237365,ingest,0.00,0.00,0.0,0.000,0.003,0.327,44.644,0.00
1786237370,ingest,0.00,0.00,0.0,0.000,0.003,0.327,44.655,0.00
1786237375,ingest,0.00,0.00,0.0,0.000,0.003,0.327,44.654,0.00
1786237380,ingest,0.00,0.00,0.0,0.000,0.003,0.327,44.654,0.00
1786237385,ingest,0.00,0.00,0.0,0.000,0.003,0.327,44.654,0.00
1786237390,ingest,0.00,0.00,0.0,0.000,0.003,0.327,44.655,0.00
1786237395,ingest,0.00,0.00,0.0,0.000,0.003,0.327,44.653,0.00
1786237400,ingest,0.00,0.00,0.0,0.000,0.003,0.327,44.652,0.00
1786237405,ingest,0.00,0.00,0.0,0.000,0.003,0.327,44.652,0.00
1786237410,ingest,0.00,0.00,0.0,0.000,0.003,0.327,44.651,0.00
1786237416,ingest,0.00,0.00,0.0,0.000,0.003,0.327,44.652,0.00
1786237421,ingest,0.00,0.00,0.0,0.000,0.003,0.327,44.654,0.00
1786237426,ingest,0.00,0.00,0.0,0.000,0.003,0.327,44.654,0.00
1786237431,ingest,0.00,0.00,0.0,0.000,0.003,0.327,44.655,0.00
1786237436,ingest,0.00,0.00,0.0,0.000,0.003,0.327,44.656,0.00
1786237441,ingest,0.00,0.00,0.0,0.000,0.003,0.327,44.656,0.00
1786237446,ingest,0.00,0.00,0.0,0.000,0.003,0.327,44.656,0.00
1786237451,ingest,0.00,0.00,0.0,0.000,0.003,0.327,44.656,0.00
1786237456,ingest,0.00,0.00,0.0,0.000,0.003,0.327,44.656,0.00
1786237461,ingest,0.00,0.00,0.0,0.000,0.003,0.327,44.656,0.00
1786237466,ingest,0.00,0.00,0.0,0.000,0.003,0.327,44.657,0.00
1786237471,ingest,0.00,0.00,0.0,0.000,0.003,0.327,44.659,0.00
1786237476,ingest,0.00,0.00,0.0,0.000,0.003,0.327,44.659,0.00
1786237481,ingest,0.00,0.00,0.0,0.000,0.003,0.327,44.660,0.00
1786237486,ingest,0.00,0.00,0.0,0.000,0.003,0.327,44.657,0.01
1786237491,ingest,0.00,0.00,0.0,0.000,0.003,0.327,44.657,0.00
1786237496,ingest,0.00,0.00,0.0,0.000,0.003,0.327,44.657,0.00
1786237501,ingest,0.00,0.00,0.0,0.000,0.003,0.327,44.655,0.00
1786237506,ingest,0.00,0.00,0.0,0.000,0.003,0.327,44.655,0.00
1786237512,ingest,0.00,0.00,0.0,0.000,0.003,0.327,44.655,0.00
1786237517,ingest,0.00,0.00,0.0,0.000,0.003,0.327,44.655,0.00
1786237522,ingest,0.00,0.00,0.0,0.000,0.003,0.327,44.653,0.00
1786237527,ingest,0.00,0.00,0.0,0.000,0.003,0.327,44.653,0.00
1786237532,ingest,0.00,0.00,0.0,0.000,0.003,0.327,44.654,0.00
1786237537,ingest,0.00,0.00,0.0,0.000,0.003,0.327,44.654,0.00
1786237542,ingest,0.00,0.00,0.0,0.000,0.003,0.327,44.653,0.00
1786237547,ingest,0.00,0.00,0.0,0.000,0.003,0.327,44.654,0.00
1786237552,ingest,0.00,0.00,0.0,0.000,0.003,0.327,44.655,0.00
1786237557,ingest,0.00,0.00,0.0,0.000,0.003,0.327,44.655,0.00
1786237562,ingest,0.00,0.00,0.0,0.000,0.003,0.327,44.654,0.00
1786237567,ingest,0.00,0.00,0.0,0.000,0.003,0.327,44.654,0.00
1786237572,ingest,0.00,0.00,0.0,0.000,0.003,0.327,44.655,0.00
1786237577,ingest,0.00,0.00,0.0,0.000,0.003,0.327,44.656,0.00
1786237582,ingest,0.00,0.00,0.0,0.000,0.003,0.327,44.654,0.00
1786237587,ingest,0.00,0.00,0.0,0.000,0.003,0.327,44.655,0.00
1786237592,ingest,0.00,0.00,0.0,0.000,0.003,0.327,44.656,0.00
1786237597,ingest,0.00,0.00,0.0,0.000,0.003,0.327,44.656,0.00
1786237603,ingest,0.00,0.00,0.0,0.000,0.003,0.327,44.655,0.00
1786237608,ingest,0.00,0.00,0.0,0.000,0.003,0.327,44.656,0.00
1786237613,ingest,0.00,0.00,0.0,0.000,0.003,0.327,44.655,0.00
1786237618,ingest,0.00,0.00,0.0,0.000,0.003,0.327,44.656,0.00
1786237623,ingest,0.00,0.00,0.0,0.000,0.003,0.327,44.655,0.00
1786237628,ingest,0.00,0.00,0.0,0.000,0.003,0.327,44.655,0.00
1786237633,ingest,0.00,0.00,0.0,0.000,0.003,0.327,44.654,0.00
1786237638,ingest,0.00,0.00,0.0,0.000,0.003,0.327,44.655,0.00
1786237643,ingest,0.00,0.00,0.0,0.000,0.003,0.327,44.653,0.00
1786237648,ingest,0.00,0.00,0.0,0.000,0.003,0.327,44.654,0.00
1786237653,ingest,0.00,0.00,0.0,0.000,0.003,0.327,44.654,0.00
1786237658,ingest,0.00,0.00,0.0,0.000,0.003,0.327,44.654,0.00
1786237663,ingest,0.00,0.00,0.0,0.000,0.003,0.327,44.657,0.00
1786237668,ingest,0.00,0.00,0.0,0.000,0.003,0.327,44.658,0.00
1786237673,ingest,0.00,0.00,0.0,0.000,0.003,0.327,44.655,0.00
1786237678,ingest,0.00,0.00,0.0,0.000,0.003,0.327,44.656,0.00
1786237683,ingest,0.00,0.00,0.0,0.000,0.003,0.327,44.657,0.00
1786237688,ingest,0.00,0.00,0.0,0.000,0.003,0.327,44.657,0.00
1786237693,ingest,0.00,0.00,0.0,0.000,0.003,0.327,44.656,0.00
1786237699,ingest,0.00,0.00,0.0,0.000,0.003,0.327,44.656,0.00
1786237704,ingest,0.00,0.00,0.0,0.000,0.003,0.327,44.654,0.00
1786237709,ingest,0.00,0.00,0.0,0.000,0.003,0.327,44.655,0.00
1786237714,ingest,0.00,0.00,0.0,0.000,0.003,0.327,44.653,0.00
1786237719,ingest,0.00,0.00,0.0,0.000,0.003,0.327,44.653,0.00
1786237724,ingest,0.00,0.00,0.0,0.000,0.003,0.327,44.653,0.00
1786237729,ingest,0.00,0.00,0.0,0.000,0.003,0.327,44.654,0.00
1786237734,ingest,0.00,0.00,0.0,0.000,0.003,0.327,44.650,0.00
1786237739,ingest,0.00,0.00,0.0,0.000,0.003,0.327,44.653,0.00
1786237744,ingest,0.00,0.00,0.0,0.000,0.003,0.327,44.654,0.00
1786237749,ingest,0.00,0.00,0.0,0.000,0.003,0.327,44.654,0.00
1786237754,ingest,0.00,0.00,0.0,0.000,0.003,0.327,44.654,0.00
1786237759,ingest,0.00,0.00,0.0,0.000,0.003,0.327,44.652,0.00
1786237764,ingest,0.00,0.00,0.0,0.000,0.003,0.327,44.652,0.00
1786237769,ingest,0.00,0.00,0.0,0.000,0.003,0.327,44.653,0.00
1786237774,ingest,0.00,0.00,0.0,0.000,0.003,0.327,44.652,0.00
1786237779,ingest,0.00,0.00,0.0,0.000,0.003,0.327,44.653,0.00
1786237784,ingest,0.00,0.00,0.0,0.000,0.003,0.327,44.652,0.00
1786237790,ingest,0.00,0.00,0.0,0.000,0.003,0.327,44.650,0.01
1786237795,ingest,0.00,0.00,0.0,0.000,0.003,0.327,44.649,0.00
1786237800,ingest,0.00,0.00,0.0,0.000,0.003,0.327,44.653,0.00
1786237805,ingest,0.00,0.00,0.0,0.000,0.003,0.327,44.653,0.00
1786237810,ingest,0.00,0.00,0.0,0.000,0.003,0.327,44.654,0.00
1786237815,ingest,0.00,0.00,0.0,0.000,0.003,0.327,44.654,0.00
1786237820,ingest,0.00,0.00,0.0,0.000,0.003,0.327,44.657,0.00
1786237825,ingest,0.00,0.00,0.0,0.000,0.003,0.327,44.656,0.00
1786237830,ingest,0.00,0.00,0.0,0.000,0.003,0.327,44.654,0.00
1786237835,ingest,0.00,0.00,0.0,0.000,0.003,0.327,44.654,0.00
1786237840,ingest,0.00,0.00,0.0,0.000,0.003,0.327,44.656,0.00
1786237845,ingest,0.00,0.00,0.0,0.000,0.003,0.327,44.656,0.00
1786237850,ingest,0.00,0.00,0.0,0.000,0.003,0.327,44.655,0.00
1786237855,ingest,0.00,0.00,0.0,0.000,0.003,0.327,44.655,0.00
1786237860,ingest,0.00,0.00,0.0,0.000,0.003,0.327,44.656,0.00
1786237865,ingest,0.00,0.00,0.0,0.000,0.003,0.327,44.656,0.00
1786237870,ingest,0.00,0.00,0.0,0.000,0.003,0.327,44.658,0.00
1786237875,ingest,0.00,0.00,0.0,0.000,0.003,0.327,44.658,0.00
1786237880,ingest,0.00,0.00,0.0,0.000,0.003,0.327,44.659,0.00
1786237886,ingest,0.00,0.00,0.0,0.000,0.003,0.327,44.660,0.00
1786237891,ingest,0.00,0.00,0.0,0.000,0.003,0.327,44.660,0.00
1786237896,ingest,0.00,0.00,0.0,0.000,0.003,0.327,44.661,0.00
1786237901,ingest,0.00,0.00,0.0,0.000,0.003,0.327,44.663,0.00
1786237906,ingest,0.00,0.00,0.0,0.000,0.003,0.327,44.664,0.00
1786237911,ingest,0.00,0.00,0.0,0.000,0.003,0.327,44.665,0.00
1786237916,ingest,0.00,0.00,0.0,0.000,0.003,0.327,44.664,0.00
1786237921,ingest,0.00,0.00,0.0,0.000,0.003,0.327,44.662,0.00
1786237926,ingest,0.00,0.00,0.0,0.000,0.003,0.327,44.662,0.00
1786237931,ingest,0.00,0.00,0.0,0.000,0.003,0.327,44.662,0.00
1786237936,ingest,0.00,0.00,0.0,0.000,0.003,0.327,44.661,0.00
1786237941,ingest,0.00,0.00,0.0,0.000,0.003,0.327,44.660,0.00
1786237946,ingest,0.00,0.00,0.0,0.000,0.003,0.327,44.660,0.00
1786237951,ingest,0.00,0.00,0.0,0.000,0.003,0.327,44.656,0.00
1786237956,ingest,0.00,0.00,0.0,0.000,0.003,0.327,44.656,0.00
1786237961,ingest,0.00,0.00,0.0,0.000,0.003,0.327,44.658,0.00
1786237966,ingest,0.00,0.00,0.0,0.000,0.003,0.327,44.659,0.00
1786237971,ingest,0.00,0.00,0.0,0.000,0.003,0.327,44.660,0.00
1786237976,ingest,0.00,0.00,0.0,0.000,0.003,0.327,44.660,0.00
1786237982,ingest,0.00,0.00,0.0,0.000,0.003,0.327,44.662,0.00
1786237987,ingest,0.00,0.00,0.0,0.000,0.003,0.327,44.663,0.00
1786237992,ingest,0.00,0.00,0.0,0.000,0.003,0.327,44.659,0.00
1786237997,ingest,0.00,0.00,0.0,0.000,0.003,0.327,44.660,0.00
1786238002,ingest,0.00,0.00,0.0,0.000,0.003,0.327,44.659,0.00
1786238007,ingest,0.00,0.00,0.0,0.000,0.003,0.327,44.659,0.00
1786238012,ingest,0.00,0.00,0.0,0.000,0.003,0.327,44.657,0.00
1786238017,ingest,0.00,0.00,0.0,0.000,0.003,0.327,44.658,0.00
1786238022,ingest,0.00,0.00,0.0,0.000,0.003,0.327,44.655,0.00
1786238027,ingest,0.00,0.00,0.0,0.000,0.003,0.327,44.655,0.00
1786238032,ingest,0.00,0.00,0.0,0.000,0.003,0.327,44.656,0.00
1786238037,ingest,0.00,0.00,0.0,0.000,0.003,0.327,44.657,0.00
1786238042,ingest,0.00,0.00,0.0,0.000,0.003,0.327,44.656,0.00
1786238047,ingest,0.00,0.00,0.0,0.000,0.003,0.327,44.657,0.00
1786238052,ingest,0.00,0.00,0.0,0.000,0.003,0.327,44.656,0.00
1786238057,ingest,0.00,0.00,0.0,0.000,0.003,0.327,44.657,0.00
1786238062,ingest,0.00,0.00,0.0,0.000,0.003,0.327,44.656,0.00
1786238067,ingest,0.00,0.00,0.0,0.000,0.003,0.327,44.656,0.00
1786238073,ingest,0.00,0.00,0.0,0.000,0.003,0.327,44.657,0.00
1786238078,ingest,0.00,0.00,0.0,0.000,0.003,0.327,44.657,0.00
1786238083,ingest,0.00,0.00,0.0,0.000,0.003,0.327,44.655,0.00
1786238088,ingest,0.00,0.00,0.0,0.000,0.003,0.327,44.654,0.01
1786238093,ingest,0.00,0.00,0.0,0.000,0.003,0.327,44.654,0.00
1786238098,ingest,0.00,0.00,0.0,0.000,0.003,0.327,44.654,0.00
1786238103,ingest,0.00,0.00,0.0,0.000,0.003,0.327,44.653,0.00
1786238108,ingest,0.00,0.00,0.0,0.000,0.003,0.327,44.652,0.00
1786238113,ingest,0.00,0.00,0.0,0.000,0.003,0.327,44.652,0.00
1786238118,ingest,0.00,0.00,0.0,0.000,0.003,0.327,44.655,0.00
1786238123,ingest,0.00,0.00,0.0,0.000,0.003,0.327,44.655,0.00
1786238128,ingest,0.00,0.00,0.0,0.000,0.003,0.327,44.656,0.00
1786238133,ingest,0.00,0.00,0.0,0.000,0.003,0.327,44.655,0.00
1786238138,ingest,0.00,0.00,0.0,0.000,0.003,0.327,44.656,0.00
1786238143,ingest,0.00,0.00,0.0,0.000,0.003,0.327,44.655,0.00
1786238148,ingest,0.00,0.00,0.0,0.000,0.003,0.327,44.655,0.00
1786238153,ingest,0.00,0.00,0.0,0.000,0.003,0.327,44.655,0.00
1786238158,ingest,0.00,0.00,0.0,0.000,0.003,0.327,44.654,0.00
1786238163,ingest,0.00,0.00,0.0,0.000,0.003,0.327,44.654,0.00
1786238169,ingest,0.00,0.00,0.0,0.000,0.003,0.327,44.656,0.00
1786238174,ingest,0.00,0.00,0.0,0.000,0.003,0.327,44.655,0.00
1786238179,ingest,0.00,0.00,0.0,0.000,0.003,0.327,44.655,0.00
1786238184,ingest,0.00,0.00,0.0,0.000,0.003,0.327,44.655,0.00
1786238189,ingest,0.00,0.00,0.0,0.000,0.003,0.327,44.654,0.00
1786238194,ingest,0.00,0.00,0.0,0.000,0.003,0.327,44.654,0.00
1786238199,ingest,0.00,0.00,0.0,0.000,0.003,0.327,44.655,0.00
1786238204,ingest,0.00,0.00,0.0,0.000,0.003,0.327,44.655,0.00
1786238209,ingest,0.00,0.00,0.0,0.000,0.003,0.327,44.653,0.00
1786238214,ingest,0.00,0.00,0.0,0.000,0.003,0.327,44.653,0.00
1786238219,ingest,0.00,0.00,0.0,0.000,0.003,0.327,44.652,0.00
1786238224,ingest,0.00,0.00,0.0,0.000,0.003,0.327,44.652,0.00
1786238229,ingest,0.00,0.00,0.0,0.000,0.003,0.327,44.653,0.00
1786238234,ingest,0.00,0.00,0.0,0.000,0.003,0.327,44.653,0.00
1786238239,ingest,0.00,0.00,0.0,0.000,0.003,0.327,44.653,0.00
1786238244,ingest,0.00,0.00,0.0,0.000,0.003,0.327,44.654,0.00
1786238249,ingest,0.00,0.00,0.0,0.000,0.003,0.327,44.654,0.00
1786238254,ingest,0.00,0.00,0.0,0.000,0.003,0.327,44.654,0.00
1786238259,ingest,0.00,0.00,0.0,0.000,0.003,0.327,44.656,0.00
1786238265,ingest,0.00,0.00,0.0,0.000,0.003,0.327,44.656,0.00
1786238270,ingest,0.00,0.00,0.0,0.000,0.003,0.327,44.658,0.00
1786238275,ingest,0.00,0.00,0.0,0.000,0.003,0.327,44.658,0.00
1786238280,ingest,0.00,0.00,0.0,0.000,0.003,0.327,44.660,0.00
1786238285,ingest,0.00,0.00,0.0,0.000,0.003,0.327,44.660,0.00
1786238290,ingest,0.00,0.00,0.0,0.000,0.003,0.327,44.661,0.00
1786238295,ingest,0.00,0.00,0.0,0.000,0.003,0.327,44.661,0.00
1786238300,ingest,0.00,0.00,0.0,0.000,0.003,0.327,44.660,0.00
1786238305,ingest,0.00,0.00,0.0,0.000,0.003,0.327,44.661,0.00
1786238310,ingest,0.00,0.00,0.0,0.000,0.003,0.327,44.662,0.00
1786238315,ingest,0.00,0.00,0.0,0.000,0.003,0.327,44.662,0.00
1786238320,ingest,0.00,0.00,0.0,0.000,0.003,0.327,44.659,0.00
1786238325,ingest,0.00,0.00,0.0,0.000,0.003,0.327,44.659,0.00
1786238330,ingest,0.00,0.00,0.0,0.000,0.003,0.327,44.657,0.00
1786238335,ingest,0.00,0.00,0.0,0.000,0.003,0.327,44.657,0.00
1786238340,ingest,0.00,0.00,0.0,0.000,0.003,0.327,44.656,0.00
1786238345,ingest,0.00,0.00,0.0,0.000,0.003,0.327,44.656,0.00
1786238350,ingest,0.00,0.00,0.0,0.000,0.003,0.327,44.655,0.00
1786238355,ingest,0.00,0.00,0.0,0.000,0.003,0.327,44.655,0.00
1786238361,ingest,0.00,0.00,0.0,0.000,0.003,0.327,44.657,0.00
1786238366,ingest,0.00,0.00,0.0,0.000,0.003,0.327,44.657,0.00
1786238371,ingest,0.00,0.00,0.0,0.000,0.003,0.327,44.654,0.00
1786238376,ingest,0.00,0.00,0.0,0.000,0.003,0.327,44.654,0.00
1786238381,ingest,0.00,0.00,0.0,0.000,0.003,0.327,44.652,0.00
1786238386,ingest,0.00,0.00,0.0,0.000,0.003,0.327,44.650,0.01
1786238391,ingest,0.00,0.00,0.0,0.000,0.003,0.327,44.648,0.00
1786238396,ingest,0.00,0.00,0.0,0.000,0.003,0.327,44.649,0.00
1786238401,ingest,0.00,0.00,0.0,0.000,0.003,0.327,44.648,0.00
1786238406,ingest,0.00,0.00,0.0,0.000,0.003,0.327,44.649,0.00
1786238411,ingest,0.00,0.00,0.0,0.000,0.003,0.327,44.648,0.00
1786238416,ingest,0.00,0.00,0.0,0.000,0.003,0.327,44.649,0.00
1786238421,ingest,0.00,0.00,0.0,0.000,0.003,0.327,44.647,0.00
1786238426,ingest,0.00,0.00,0.0,0.000,0.003,0.327,44.645,0.00
1786238431,ingest,0.00,0.00,0.0,0.000,0.003,0.327,44.644,0.00
1786238436,ingest,0.00,0.00,0.0,0.000,0.003,0.327,44.645,0.00
1786238441,ingest,0.00,0.00,0.0,0.000,0.003,0.327,44.645,0.00
1786238446,ingest,0.00,0.00,0.0,0.000,0.003,0.327,44.646,0.00
1786238451,ingest,0.00,0.00,0.0,0.000,0.003,0.327,44.645,0.00
1786238457,ingest,0.00,0.00,0.0,0.000,0.003,0.327,44.647,0.00
1786238462,ingest,0.00,0.00,0.0,0.000,0.003,0.327,44.646,0.00
1786238467,ingest,0.00,0.00,0.0,0.000,0.003,0.327,44.644,0.00
1786238472,ingest,0.00,0.00,0.0,0.000,0.003,0.327,44.643,0.00
1786238477,ingest,0.00,0.00,0.0,0.000,0.003,0.327,44.643,0.00
1786238482,ingest,0.00,0.00,0.0,0.000,0.003,0.327,44.643,0.00
1786238487,ingest,0.00,0.00,0.0,0.000,0.003,0.327,44.644,0.00
1786238492,ingest,0.00,0.00,0.0,0.000,0.003,0.327,44.644,0.00
1786238497,ingest,0.00,0.00,0.0,0.000,0.003,0.327,44.648,0.00
1786238502,ingest,0.00,0.00,0.0,0.000,0.003,0.327,44.648,0.00
1786238507,ingest,0.00,0.00,0.0,0.000,0.003,0.327,44.649,0.00
1786238512,ingest,0.00,0.00,0.0,0.000,0.003,0.327,44.649,0.00
1786238517,ingest,0.00,0.00,0.0,0.000,0.003,0.327,44.652,0.00
1786238522,ingest,0.00,0.00,0.0,0.000,0.003,0.327,44.653,0.00
1786238527,ingest,0.00,0.00,0.0,0.000,0.003,0.327,44.655,0.00
1786238532,ingest,0.00,0.00,0.0,0.000,0.003,0.327,44.655,0.00
1786238537,ingest,0.00,0.00,0.0,0.000,0.003,0.327,44.657,0.00
1786238542,ingest,0.00,0.00,0.0,0.000,0.003,0.327,44.656,0.00
1786238547,ingest,0.00,0.00,0.0,0.000,0.003,0.327,44.660,0.00
1786238553,ingest,0.00,0.00,0.0,0.000,0.003,0.327,44.660,0.00
1786238558,ingest,0.00,0.00,0.0,0.000,0.003,0.327,44.659,0.00
1786238563,ingest,0.00,0.00,0.0,0.000,0.003,0.327,44.659,0.00
1786238568,ingest,0.00,0.00,0.0,0.000,0.003,0.327,44.657,0.00
1786238573,ingest,0.00,0.00,0.0,0.000,0.003,0.327,44.658,0.00
1786238578,ingest,0.00,0.00,0.0,0.000,0.003,0.327,44.658,0.00
1786238583,ingest,0.00,0.00,0.0,0.000,0.003,0.327,44.657,0.00
1786238588,ingest,0.00,0.00,0.0,0.000,0.003,0.327,44.659,0.00
1786238593,ingest,0.00,0.00,0.0,0.000,0.003,0.327,44.659,0.00
1786238598,ingest,0.00,0.00,0.0,0.000,0.003,0.327,44.656,0.00
1786238603,ingest,0.00,0.00,0.0,0.000,0.003,0.327,44.656,0.00
1786238608,ingest,0.00,0.00,0.0,0.000,0.003,0.327,44.656,0.00
1786238613,ingest,0.00,0.00,0.0,0.000,0.003,0.327,44.656,0.00
1786238618,ingest,0.00,0.00,0.0,0.000,0.003,0.327,44.655,0.00
1786238623,ingest,0.00,0.00,0.0,0.000,0.003,0.327,44.655,0.00
1786238628,ingest,0.00,0.00,0.0,0.000,0.003,0.327,44.655,0.00
1786238633,ingest,0.00,0.00,0.0,0.000,0.003,0.327,44.655,0.00
1786238638,ingest,0.00,0.00,0.0,0.000,0.003,0.327,44.655,0.00
1786238643,ingest,0.00,0.00,0.0,0.000,0.003,0.327,44.656,0.00
1786238649,ingest,0.00,0.00,0.0,0.000,0.003,0.327,44.656,0.00
1786238654,ingest,0.00,0.00,0.0,0.000,0.003,0.327,44.656,0.00
1786238659,ingest,0.00,0.00,0.0,0.000,0.003,0.327,44.655,0.00
1786238664,ingest,0.00,0.00,0.0,0.000,0.003,0.327,44.655,0.00
1786238669,ingest,0.00,0.00,0.0,0.000,0.003,0.327,44.654,0.00
1786238674,ingest,0.00,0.00,0.0,0.000,0.003,0.327,44.655,0.00
1786238679,ingest,0.00,0.00,0.0,0.000,0.003,0.327,44.655,0.00
1786238684,ingest,0.00,0.00,0.0,0.000,0.003,0.327,44.655,0.00
1786238689,ingest,0.00,0.00,0.0,0.000,0.003,0.327,44.653,0.01
1786238694,ingest,0.00,0.00,0.0,0.000,0.003,0.327,44.653,0.00
1786238699,ingest,0.00,0.00,0.0,0.000,0.003,0.327,44.655,0.00
1786238704,ingest,0.00,0.00,0.0,0.000,0.003,0.327,44.655,0.00
1786238709,ingest,0.00,0.00,0.0,0.000,0.003,0.327,44.655,0.00
1786238714,ingest,0.00,0.00,0.0,0.000,0.003,0.327,44.656,0.00
1786238719,ingest,0.00,0.00,0.0,0.000,0.003,0.327,44.654,0.00
1786238724,ingest,0.00,0.00,0.0,0.000,0.003,0.327,44.654,0.00
1786238729,ingest,0.00,0.00,0.0,0.000,0.003,0.327,44.654,0.00
1786238734,ingest,0.00,0.00,0.0,0.000,0.003,0.327,44.653,0.00
1786238739,ingest,0.00,0.00,0.0,0.000,0.003,0.327,44.652,0.00
1786238745,ingest,0.00,0.00,0.0,0.000,0.003,0.327,44.652,0.00
1786238750,ingest,0.00,0.00,0.0,0.000,0.003,0.327,44.652,0.00
1786238755,ingest,0.00,0.00,0.0,0.000,0.003,0.327,44.652,0.00
1786238760,ingest,0.00,0.00,0.0,0.000,0.003,0.327,44.655,0.00
1786238765,ingest,0.00,0.00,0.0,0.000,0.003,0.327,44.655,0.00
1786238770,ingest,0.00,0.00,0.0,0.000,0.003,0.327,44.658,0.00
1786238775,ingest,0.00,0.00,0.0,0.000,0.003,0.327,44.659,0.00
1786238780,ingest,0.00,0.00,0.0,0.000,0.003,0.327,44.657,0.00
1786238785,ingest,0.00,0.00,0.0,0.000,0.003,0.327,44.658,0.00
1786238790,ingest,0.00,0.00,0.0,0.000,0.003,0.327,44.657,0.00
1786238795,ingest,0.00,0.00,0.0,0.000,0.003,0.327,44.657,0.00
1786238800,ingest,0.00,0.00,0.0,0.000,0.003,0.327,44.658,0.00
1786238805,ingest,0.00,0.00,0.0,0.000,0.003,0.327,44.659,0.00
1786238810,ingest,0.00,0.00,0.0,0.000,0.003,0.327,44.658,0.00
1786238815,ingest,0.00,0.00,0.0,0.000,0.003,0.327,44.660,0.00
1786238820,ingest,0.00,0.00,0.0,0.000,0.003,0.327,44.660,0.00
1786238825,ingest,0.00,0.00,0.0,0.000,0.003,0.327,44.662,0.00
1786238830,ingest,0.00,0.00,0.0,0.000,0.003,0.327,44.662,0.00
1786238836,ingest,0.00,0.00,0.0,0.000,0.003,0.327,44.660,0.00
1786238841,ingest,0.00,0.00,0.0,0.000,0.003,0.327,44.660,0.00
1786238846,ingest,0.00,0.00,0.0,0.000,0.003,0.327,44.661,0.00
1786238851,ingest,0.00,0.00,0.0,0.000,0.003,0.327,44.660,0.00
1786238856,ingest,0.00,0.00,0.0,0.000,0.003,0.327,44.661,0.00
1786238861,ingest,0.00,0.00,0.0,0.000,0.003,0.327,44.661,0.00
1786238866,ingest,0.00,0.00,0.0,0.000,0.003,0.327,44.659,0.00
1786238871,ingest,0.00,0.00,0.0,0.000,0.003,0.327,44.659,0.00
1786238876,ingest,0.00,0.00,0.0,0.000,0.003,0.327,44.659,0.00
1786238881,ingest,0.00,0.00,0.0,0.000,0.003,0.327,44.659,0.00
1786238886,ingest,0.00,0.00,0.0,0.000,0.003,0.327,44.657,0.00
1786238891,ingest,0.00,0.00,0.0,0.000,0.003,0.327,44.657,0.00
1786238896,ingest,0.00,0.00,0.0,0.000,0.003,0.327,44.657,0.00
1786238901,ingest,0.00,0.00,0.0,0.000,0.003,0.327,44.657,0.00
1786238906,ingest,0.00,0.00,0.0,0.000,0.003,0.327,44.657,0.00
1786238911,ingest,0.00,0.00,0.0,0.000,0.003,0.327,44.657,0.00
1786238916,ingest,0.00,0.00,0.0,0.000,0.003,0.327,44.654,0.00
1786238921,ingest,0.00,0.00,0.0,0.000,0.003,0.327,44.655,0.00
1786238926,ingest,0.00,0.00,0.0,0.000,0.003,0.327,44.653,0.00
1786238932,ingest,0.00,0.00,0.0,0.000,0.003,0.327,44.653,0.00
1786238937,ingest,0.00,0.00,0.0,0.000,0.003,0.327,44.655,0.00
1786238942,ingest,0.00,0.00,0.0,0.000,0.003,0.327,44.654,0.00
1786238947,ingest,0.00,0.00,0.0,0.000,0.003,0.327,44.654,0.00
1786238952,ingest,0.00,0.00,0.0,0.000,0.003,0.327,44.654,0.00
1786238957,ingest,0.00,0.00,0.0,0.000,0.003,0.327,44.653,0.00
1786238962,ingest,0.00,0.00,0.0,0.000,0.003,0.327,44.652,0.00
1786238967,ingest,0.00,0.00,0.0,0.000,0.003,0.327,44.656,0.00
1786238972,ingest,0.00,0.00,0.0,0.000,0.003,0.327,44.656,0.00
1786238977,ingest,0.00,0.00,0.0,0.000,0.003,0.327,44.659,0.00
1786238982,ingest,0.00,0.00,0.0,0.000,0.003,0.327,44.659,0.00
1786238987,ingest,0.00,0.00,0.0,0.000,0.003,0.327,44.656,0.01
1786238992,ingest,0.00,0.00,0.0,0.000,0.003,0.327,44.656,0.00
1786238997,ingest,0.00,0.00,0.0,0.000,0.003,0.327,44.654,0.00
1786239002,ingest,0.00,0.00,0.0,0.000,0.003,0.327,44.656,0.00
1786239007,ingest,0.00,0.00,0.0,0.000,0.003,0.327,44.654,0.00
1786239012,ingest,0.00,0.00,0.0,0.000,0.003,0.327,44.655,0.00
1786239017,ingest,0.00,0.00,0.0,0.000,0.003,0.327,44.657,0.00
1786239023,ingest,0.00,0.00,0.0,0.000,0.003,0.327,44.657,0.00
1786239028,ingest,0.00,0.00,0.0,0.000,0.003,0.327,44.657,0.00
1786239033,ingest,0.00,0.00,0.0,0.000,0.003,0.327,44.658,0.00
1786239038,ingest,0.00,0.00,0.0,0.000,0.003,0.327,44.656,0.00
1786239043,ingest,0.00,0.00,0.0,0.000,0.003,0.327,44.656,0.00
1786239048,ingest,0.00,0.00,0.0,0.000,0.003,0.327,44.654,0.00
1786239053,ingest,0.00,0.00,0.0,0.000,0.003,0.327,44.655,0.00
1786239058,ingest,0.00,0.00,0.0,0.000,0.003,0.327,44.652,0.00
1786239063,ingest,0.00,0.00,0.0,0.000,0.003,0.327,44.653,0.00
1786239068,ingest,0.00,0.00,0.0,0.000,0.003,0.327,44.655,0.00
1786239073,ingest,0.00,0.00,0.0,0.000,0.003,0.327,44.656,0.00
1786239078,ingest,0.00,0.00,0.0,0.000,0.003,0.327,44.653,0.00
1786239083,ingest,0.00,0.00,0.0,0.000,0.003,0.327,44.654,0.00
1786239088,ingest,0.00,0.00,0.0,0.000,0.003,0.327,44.653,0.00
1786239093,ingest,0.00,0.00,0.0,0.000,0.003,0.327,44.655,0.00
1786239098,ingest,0.00,0.00,0.0,0.000,0.003,0.327,44.654,0.00
1786239103,ingest,0.00,0.00,0.0,0.000,0.003,0.327,44.656,0.00
1786239108,ingest,0.00,0.00,0.0,0.000,0.003,0.327,44.654,0.00
1786239114,ingest,0.00,0.00,0.0,0.000,0.003,0.327,44.655,0.00
1786239119,ingest,0.00,0.00,0.0,0.000,0.003,0.327,44.656,0.00
1786239124,ingest,0.00,0.00,0.0,0.000,0.003,0.327,44.657,0.00
1786239129,ingest,0.00,0.00,0.0,0.000,0.003,0.327,44.656,0.00
1786239134,ingest,0.00,0.00,0.0,0.000,0.003,0.327,44.657,0.00
1786239139,ingest,0.00,0.00,0.0,0.000,0.003,0.327,44.658,0.00
1786239144,ingest,0.00,0.00,0.0,0.000,0.003,0.327,44.659,0.00
1786239149,ingest,0.00,0.00,0.0,0.000,0.003,0.327,44.657,0.00
1786239154,ingest,0.00,0.00,0.0,0.000,0.003,0.327,44.658,0.00
1786239159,ingest,0.00,0.00,0.0,0.000,0.003,0.327,44.657,0.00
1786239164,ingest,0.00,0.00,0.0,0.000,0.003,0.327,44.657,0.00
1786239169,ingest,0.00,0.00,0.0,0.000,0.003,0.327,44.656,0.00
1786239174,ingest,0.00,0.00,0.0,0.000,0.003,0.327,44.656,0.00
1786239179,ingest,0.00,0.00,0.0,0.000,0.003,0.327,44.646,0.00
1786239184,ingest,0.00,0.00,0.0,0.000,0.003,0.327,44.656,0.00
1786239189,ingest,0.00,0.00,0.0,0.000,0.003,0.327,44.656,0.00
1786239194,ingest,0.00,0.00,0.0,0.000,0.003,0.327,44.654,0.00
1786239199,ingest,0.00,0.00,0.0,0.000,0.003,0.327,44.654,0.00
1786239204,ingest,0.00,0.00,0.0,0.000,0.003,0.327,44.654,0.00
1786239210,ingest,0.00,0.00,0.0,0.000,0.003,0.327,44.654,0.00
1786239215,ingest,0.00,0.00,0.0,0.000,0.003,0.327,44.653,0.00
1786239220,ingest,0.00,0.00,0.0,0.000,0.003,0.327,44.653,0.00
1786239225,ingest,0.00,0.00,0.0,0.000,0.003,0.327,44.653,0.00
1786239230,ingest,0.00,0.00,0.0,0.000,0.003,0.327,44.654,0.00
1786239235,ingest,0.00,0.00,0.0,0.000,0.003,0.327,44.654,0.00
1786239240,ingest,0.00,0.00,0.0,0.000,0.003,0.327,44.654,0.00
1786239245,ingest,0.00,0.00,0.0,0.000,0.003,0.327,44.652,0.00
1786239250,ingest,0.00,0.00,0.0,0.000,0.003,0.327,44.653,0.00
1786239255,ingest,0.00,0.00,0.0,0.000,0.003,0.327,44.652,0.00
1786239260,ingest,0.00,0.00,0.0,0.000,0.003,0.327,44.652,0.00
1786239265,ingest,0.00,0.00,0.0,0.000,0.003,0.327,44.651,0.00
1786239270,ingest,0.00,0.00,0.0,0.000,0.003,0.327,44.651,0.00
1786239275,ingest,0.00,0.00,0.0,0.000,0.003,0.327,44.651,0.00
1786239280,ingest,0.00,0.00,0.0,0.000,0.003,0.327,44.651,0.00
1786239285,ingest,0.00,0.00,0.0,0.000,0.003,0.327,44.650,0.00
1786239290,ingest,0.00,0.00,0.0,0.000,0.003,0.327,44.649,0.01
1786239295,ingest,0.00,0.00,0.0,0.000,0.003,0.327,44.648,0.00
1786239301,ingest,0.00,0.00,0.0,0.000,0.003,0.327,44.648,0.00
1786239306,ingest,0.00,0.00,0.0,0.000,0.003,0.327,44.647,0.00
1786239311,ingest,0.00,0.00,0.0,0.000,0.003,0.327,44.648,0.00
1786239316,ingest,0.00,0.00,0.0,0.000,0.003,0.327,44.651,0.00
1786239321,ingest,0.00,0.00,0.0,0.000,0.003,0.327,44.651,0.00
1786239326,ingest,0.00,0.00,0.0,0.000,0.003,0.327,44.652,0.00
1786239331,ingest,0.00,0.00,0.0,0.000,0.003,0.327,44.653,0.00
1786239336,ingest,0.00,0.00,0.0,0.000,0.003,0.327,44.652,0.00
1786239341,ingest,0.00,0.00,0.0,0.000,0.003,0.327,44.652,0.00
1786239346,ingest,0.00,0.00,0.0,0.000,0.003,0.327,44.656,0.00
1786239351,ingest,0.00,0.00,0.0,0.000,0.003,0.327,44.656,0.00
1786239356,ingest,0.00,0.00,0.0,0.000,0.003,0.327,44.658,0.00
1786239361,ingest,0.00,0.00,0.0,0.000,0.003,0.327,44.658,0.00
1786239366,ingest,0.00,0.00,0.0,0.000,0.003,0.327,44.657,0.00
1786239371,ingest,0.00,0.00,0.0,0.000,0.003,0.327,44.657,0.00
1786239376,ingest,0.00,0.00,0.0,0.000,0.003,0.327,44.657,0.00
1786239381,ingest,0.00,0.00,0.0,0.000,0.003,0.327,44.657,0.00
1786239386,ingest,0.00,0.00,0.0,0.000,0.003,0.327,44.657,0.00
1786239391,ingest,0.00,0.00,0.0,0.000,0.003,0.327,44.658,0.00
1786239397,ingest,0.00,0.00,0.0,0.000,0.003,0.327,44.654,0.00
1786239402,ingest,0.00,0.00,0.0,0.000,0.003,0.327,44.655,0.00
1786239407,ingest,0.00,0.00,0.0,0.000,0.003,0.327,44.655,0.00
1786239412,ingest,0.00,0.00,0.0,0.000,0.003,0.327,44.655,0.00
1786239417,ingest,0.00,0.00,0.0,0.000,0.003,0.327,44.653,0.00
1786239422,ingest,0.00,0.00,0.0,0.000,0.003,0.327,44.654,0.00
1786239427,ingest,0.00,0.00,0.0,0.000,0.003,0.327,44.654,0.00
1786239432,ingest,0.00,0.00,0.0,0.000,0.003,0.327,44.654,0.00
1786239437,ingest,0.00,0.00,0.0,0.000,0.003,0.327,44.653,0.00
1786239442,ingest,0.00,0.00,0.0,0.000,0.003,0.327,44.653,0.00
1786239447,ingest,0.00,0.00,0.0,0.000,0.003,0.327,44.652,0.00
1786239452,ingest,0.00,0.00,0.0,0.000,0.003,0.327,44.652,0.00
1786239457,ingest,0.00,0.00,0.0,0.000,0.003,0.327,44.651,0.00
1786239462,ingest,0.00,0.00,0.0,0.000,0.003,0.327,44.651,0.00
1786239467,ingest,0.00,0.00,0.0,0.000,0.003,0.327,44.652,0.00
1786239472,ingest,0.00,0.00,0.0,0.000,0.003,0.327,44.653,0.00
1786239477,ingest,0.00,0.00,0.0,0.000,0.003,0.327,44.651,0.00
1786239482,ingest,0.00,0.00,0.0,0.000,0.003,0.327,44.651,0.00
1786239488,ingest,0.00,0.00,0.0,0.000,0.003,0.327,44.647,0.00
1786239493,ingest,0.00,0.00,0.0,0.000,0.003,0.327,44.647,0.00
1786239498,ingest,0.00,0.00,0.0,0.000,0.003,0.327,44.648,0.00
1786239503,ingest,0.00,0.00,0.0,0.000,0.003,0.327,44.649,0.00
1786239508,ingest,0.00,0.00,0.0,0.000,0.003,0.327,44.651,0.00
1786239513,ingest,0.00,0.00,0.0,0.000,0.003,0.327,44.651,0.00
1786239518,ingest,0.00,0.00,0.0,0.000,0.003,0.327,44.648,0.00
1786239523,ingest,0.00,0.00,0.0,0.000,0.003,0.327,44.648,0.00
1786239528,ingest,0.00,0.00,0.0,0.000,0.003,0.327,44.648,0.00
1786239533,ingest,0.00,0.00,0.0,0.000,0.003,0.327,44.648,0.00
1786239538,ingest,0.00,0.00,0.0,0.000,0.003,0.327,44.647,0.00
1786239543,ingest,0.00,0.00,0.0,0.000,0.003,0.327,44.647,0.00
1786239548,ingest,0.00,0.00,0.0,0.000,0.003,0.327,44.646,0.00
1786239553,ingest,0.00,0.00,0.0,0.000,0.003,0.327,44.647,0.00
1786239558,ingest,0.00,0.00,0.0,0.000,0.003,0.327,44.647,0.00
1786239563,ingest,0.00,0.00,0.0,0.000,0.003,0.327,44.651,0.00
1786239568,ingest,0.00,0.00,0.0,0.000,0.003,0.327,44.651,0.00
1786239573,ingest,0.00,0.00,0.0,0.000,0.003,0.327,44.651,0.00
1786239578,ingest,0.00,0.00,0.0,0.000,0.003,0.327,44.651,0.00
1786239584,ingest,0.00,0.00,0.0,0.000,0.003,0.327,44.651,0.00
1786239589,ingest,0.00,0.00,0.0,0.000,0.003,0.327,44.649,0.01
1786239594,ingest,0.00,0.00,0.0,0.000,0.003,0.327,44.649,0.00
1786239599,ingest,0.00,0.00,0.0,0.000,0.003,0.327,44.649,0.00
1786239604,ingest,0.00,0.00,0.0,0.000,0.003,0.327,44.651,0.00
1786239609,ingest,0.00,0.00,0.0,0.000,0.003,0.327,44.651,0.00
1786239614,ingest,0.00,0.00,0.0,0.000,0.003,0.327,44.651,0.00
1786239619,ingest,0.00,0.00,0.0,0.000,0.003,0.327,44.651,0.00
1786239624,ingest,0.00,0.00,0.0,0.000,0.003,0.327,44.653,0.00
1786239629,ingest,0.00,0.00,0.0,0.000,0.003,0.327,44.653,0.00
1786239634,ingest,0.00,0.00,0.0,0.000,0.003,0.327,44.653,0.00
1786239639,ingest,0.00,0.00,0.0,0.000,0.003,0.327,44.653,0.00
1786239644,ingest,0.00,0.00,0.0,0.000,0.003,0.327,44.652,0.00
1786239649,ingest,0.00,0.00,0.0,0.000,0.003,0.327,44.652,0.00
1786239654,ingest,0.00,0.00,0.0,0.000,0.003,0.327,44.652,0.00
1786239659,ingest,0.00,0.00,0.0,0.000,0.003,0.327,44.652,0.00
1786239664,ingest,0.00,0.00,0.0,0.000,0.003,0.327,44.652,0.00
1786239669,ingest,0.00,0.00,0.0,0.000,0.003,0.327,44.652,0.00
1786239674,ingest,0.00,0.00,0.0,0.000,0.003,0.327,44.652,0.00
1786239680,ingest,0.00,0.00,0.0,0.000,0.003,0.327,44.652,0.00
1786239685,ingest,0.00,0.00,0.0,0.000,0.003,0.327,44.651,0.00
1786239690,ingest,0.00,0.00,0.0,0.000,0.003,0.327,44.651,0.00
1786239695,ingest,0.00,0.00,0.0,0.000,0.003,0.327,44.651,0.00
1786239700,ingest,0.00,0.00,0.0,0.000,0.003,0.327,44.651,0.00
1786239705,ingest,0.00,0.00,0.0,0.000,0.003,0.327,44.651,0.00
1786239710,ingest,0.00,0.00,0.0,0.000,0.003,0.327,44.651,0.00
1786239715,ingest,0.00,0.00,0.0,0.000,0.003,0.327,44.651,0.00
1786239720,ingest,0.00,0.00,0.0,0.000,0.003,0.327,44.652,0.00
1786239725,ingest,0.00,0.00,0.0,0.000,0.003,0.327,44.651,0.00
1786239730,ingest,0.00,0.00,0.0,0.000,0.003,0.327,44.652,0.00
1786239735,ingest,0.00,0.00,0.0,0.000,0.003,0.327,44.652,0.00
1786239740,ingest,0.00,0.00,0.0,0.000,0.003,0.327,44.653,0.00
1786239745,ingest,0.00,0.00,0.0,0.000,0.003,0.327,44.654,0.00
1786239750,ingest,0.00,0.00,0.0,0.000,0.003,0.327,44.654,0.00
1786239755,ingest,0.00,0.00,0.0,0.000,0.003,0.327,44.651,0.00
1786239760,ingest,0.00,0.00,0.0,0.000,0.003,0.327,44.652,0.00
1786239765,ingest,0.00,0.00,0.0,0.000,0.003,0.327,44.653,0.00
1786239771,ingest,0.00,0.00,0.0,0.000,0.003,0.327,44.653,0.00
1786239776,ingest,0.00,0.00,0.0,0.000,0.003,0.327,44.653,0.00
1786239781,ingest,0.00,0.00,0.0,0.000,0.003,0.327,44.654,0.00
1786239786,ingest,0.00,0.00,0.0,0.000,0.003,0.327,44.653,0.00
1786239791,ingest,0.00,0.00,0.0,0.000,0.003,0.327,44.654,0.00
1786239796,ingest,0.00,0.00,0.0,0.000,0.003,0.327,44.653,0.00
1786239801,ingest,0.00,0.00,0.0,0.000,0.003,0.327,44.653,0.00
1786239806,ingest,0.00,0.00,0.0,0.000,0.003,0.327,44.651,0.00
1786239811,ingest,0.00,0.00,0.0,0.000,0.003,0.327,44.651,0.00
1786239816,ingest,0.00,0.00,0.0,0.000,0.003,0.327,44.651,0.00
1786239821,ingest,0.00,0.00,0.0,0.000,0.003,0.327,44.651,0.00
1786239826,ingest,0.00,0.00,0.0,0.000,0.003,0.327,44.651,0.00
1786239831,ingest,0.00,0.00,0.0,0.000,0.003,0.327,44.652,0.00
1786239836,ingest,0.00,0.00,0.0,0.000,0.003,0.327,44.652,0.00
1786239841,ingest,0.00,0.00,0.0,0.000,0.003,0.327,44.652,0.00
1786239846,ingest,0.00,0.00,0.0,0.000,0.003,0.327,44.652,0.00
1786239851,ingest,0.00,0.00,0.0,0.000,0.003,0.327,44.653,0.00
1786239856,ingest,0.00,0.00,0.0,0.000,0.003,0.327,44.652,0.00
1786239861,ingest,0.00,0.00,0.0,0.000,0.003,0.327,44.653,0.00
1786239867,ingest,0.00,0.00,0.0,0.000,0.003,0.327,44.655,0.00
1786239872,ingest,0.00,0.00,0.0,0.000,0.003,0.327,44.656,0.00
1786239877,ingest,0.00,0.00,0.0,0.000,0.003,0.327,44.655,0.00
1786239882,ingest,0.00,0.00,0.0,0.000,0.003,0.327,44.655,0.00
1786239887,ingest,0.00,0.00,0.0,0.000,0.003,0.327,44.651,0.01
1786239892,ingest,0.00,0.00,0.0,0.000,0.003,0.327,44.653,0.00
1786239897,ingest,0.00,0.00,0.0,0.000,0.003,0.327,44.652,0.00
1786239902,ingest,0.00,0.00,0.0,0.000,0.003,0.327,44.651,0.00
1786239907,ingest,0.00,0.00,0.0,0.000,0.003,0.327,44.643,0.00
1786239912,ingest,0.00,0.00,0.0,0.000,0.003,0.327,44.653,0.00
1786239917,ingest,0.00,0.00,0.0,0.000,0.003,0.327,44.653,0.00
1786239922,ingest,0.00,0.00,0.0,0.000,0.003,0.327,44.656,0.00
1786239927,ingest,0.00,0.00,0.0,0.000,0.003,0.327,44.657,0.00
1786239932,ingest,0.00,0.00,0.0,0.000,0.003,0.327,44.658,0.00
1786239937,ingest,0.00,0.00,0.0,0.000,0.003,0.327,44.657,0.00
1786239942,ingest,0.00,0.00,0.0,0.000,0.003,0.327,44.658,0.00
1786239947,ingest,0.00,0.00,0.0,0.000,0.003,0.327,44.658,0.00
1786239952,ingest,0.00,0.00,0.0,0.000,0.003,0.327,44.656,0.00
1786239957,ingest,0.00,0.00,0.0,0.000,0.003,0.327,44.656,0.00
1786239963,ingest,0.00,0.00,0.0,0.000,0.003,0.327,44.656,0.00
1786239968,ingest,0.00,0.00,0.0,0.000,0.003,0.327,44.655,0.00
1786239973,ingest,0.00,0.00,0.0,0.000,0.003,0.327,44.654,0.00
1786239978,ingest,0.00,0.00,0.0,0.000,0.003,0.327,44.654,0.00
1786239983,ingest,0.00,0.00,0.0,0.000,0.003,0.327,44.653,0.00
1786239988,ingest,0.00,0.00,0.0,0.000,0.003,0.327,44.654,0.00
1786239993,ingest,0.00,0.00,0.0,0.000,0.003,0.327,44.655,0.00
1786239998,ingest,0.00,0.00,0.0,0.000,0.003,0.327,44.653,0.00
1786240003,ingest,0.00,0.00,0.0,0.000,0.003,0.327,44.651,0.00
1786240008,ingest,0.00,0.00,0.0,0.000,0.003,0.327,44.651,0.00
1786240013,ingest,0.00,0.00,0.0,0.000,0.003,0.327,44.650,0.00
1786240018,ingest,0.00,0.00,0.0,0.000,0.003,0.327,44.650,0.00
1786240023,ingest,0.00,0.00,0.0,0.000,0.003,0.327,44.648,0.00
1786240028,ingest,0.00,0.00,0.0,0.000,0.003,0.327,44.648,0.00
1786240033,ingest,0.00,0.00,0.0,0.000,0.003,0.327,44.649,0.00
1786240038,ingest,0.00,0.00,0.0,0.000,0.003,0.327,44.649,0.00
1786240043,ingest,0.00,0.00,0.0,0.000,0.003,0.327,44.651,0.00
1786240048,ingest,0.00,0.00,0.0,0.000,0.003,0.327,44.651,0.00
1786240054,ingest,0.00,0.00,0.0,0.000,0.003,0.327,44.653,0.00
1786240059,ingest,0.00,0.00,0.0,0.000,0.003,0.327,44.653,0.00
1786240064,ingest,0.00,0.00,0.0,0.000,0.003,0.327,44.653,0.00
1786240069,ingest,0.00,0.00,0.0,0.000,0.003,0.327,44.653,0.00
1786240074,ingest,0.00,0.00,0.0,0.000,0.003,0.327,44.650,0.00
1786240079,ingest,0.00,0.00,0.0,0.000,0.003,0.327,44.649,0.00
1786240084,ingest,0.00,0.00,0.0,0.000,0.003,0.327,44.649,0.00
1786240089,ingest,0.00,0.00,0.0,0.000,0.003,0.327,44.649,0.00
1786240094,ingest,0.00,0.00,0.0,0.000,0.003,0.327,44.650,0.00
1786240099,ingest,0.00,0.00,0.0,0.000,0.003,0.327,44.650,0.00
1786240104,ingest,0.00,0.00,0.0,0.000,0.003,0.327,44.650,0.00
1786240109,ingest,0.00,0.00,0.0,0.000,0.003,0.327,44.649,0.00
1786240114,ingest,0.00,0.00,0.0,0.000,0.003,0.327,44.650,0.00
1786240119,ingest,0.00,0.00,0.0,0.000,0.003,0.327,44.651,0.00
1786240124,ingest,0.00,0.00,0.0,0.000,0.003,0.327,44.653,0.00
1786240129,ingest,0.00,0.00,0.0,0.000,0.003,0.327,44.654,0.00
1786240134,ingest,0.00,0.00,0.0,0.000,0.003,0.327,44.654,0.00
1786240139,ingest,0.00,0.00,0.0,0.000,0.003,0.327,44.654,0.00
1786240144,ingest,0.00,0.00,0.0,0.000,0.003,0.327,44.653,0.00
1786240150,ingest,0.00,0.00,0.0,0.000,0.003,0.327,44.653,0.00
1786240155,ingest,0.00,0.00,0.0,0.000,0.003,0.327,44.652,0.00
1786240160,ingest,0.00,0.00,0.0,0.000,0.003,0.327,44.653,0.00
1786240165,ingest,0.00,0.00,0.0,0.000,0.003,0.327,44.653,0.00
1786240170,ingest,0.00,0.00,0.0,0.000,0.003,0.327,44.653,0.00
1786240175,ingest,0.00,0.00,0.0,0.000,0.003,0.327,44.654,0.00
1786240180,ingest,0.00,0.00,0.0,0.000,0.003,0.327,44.655,0.00
1786240185,ingest,0.00,0.00,0.0,0.000,0.003,0.327,44.653,0.00
1786240190,ingest,0.00,0.00,0.0,0.000,0.003,0.327,44.652,0.01
1786240195,ingest,0.00,0.00,0.0,0.000,0.003,0.327,44.652,0.00
1786240200,ingest,0.00,0.00,0.0,0.000,0.003,0.327,44.653,0.00
1786240205,ingest,0.00,0.00,0.0,0.000,0.003,0.327,44.651,0.00
1786240210,ingest,0.00,0.00,0.0,0.000,0.003,0.327,44.653,0.00
1786240215,ingest,0.00,0.00,0.0,0.000,0.003,0.327,44.651,0.00
1786240220,ingest,0.00,0.00,0.0,0.000,0.003,0.327,44.650,0.00
1786240225,ingest,0.00,0.00,0.0,0.000,0.003,0.327,44.653,0.00
1786240230,ingest,0.00,0.00,0.0,0.000,0.003,0.327,44.653,0.00
1786240235,ingest,0.00,0.00,0.0,0.000,0.003,0.327,44.651,0.00
1786240241,ingest,0.00,0.00,0.0,0.000,0.003,0.327,44.651,0.00
1786240246,ingest,0.00,0.00,0.0,0.000,0.003,0.327,44.650,0.00
1786240251,ingest,0.00,0.00,0.0,0.000,0.003,0.327,44.650,0.00
1786240256,ingest,0.00,0.00,0.0,0.000,0.003,0.327,44.649,0.00
1786240261,ingest,0.00,0.00,0.0,0.000,0.003,0.327,44.650,0.00
1786240266,ingest,0.00,0.00,0.0,0.000,0.003,0.327,44.649,0.00
1786240271,ingest,0.00,0.00,0.0,0.000,0.003,0.327,44.649,0.00
1786240276,ingest,0.00,0.00,0.0,0.000,0.003,0.327,44.646,0.00
1786240281,ingest,0.00,0.00,0.0,0.000,0.003,0.327,44.648,0.00
1786240286,ingest,0.00,0.00,0.0,0.000,0.003,0.327,44.648,0.00
1786240291,ingest,0.00,0.00,0.0,0.000,0.003,0.327,44.648,0.00
1786240296,ingest,0.00,0.00,0.0,0.000,0.003,0.327,44.648,0.00
1786240301,ingest,0.00,0.00,0.0,0.000,0.003,0.327,44.649,0.00
1786240306,ingest,0.00,0.00,0.0,0.000,0.003,0.327,44.649,0.00
1786240311,ingest,0.00,0.00,0.0,0.000,0.003,0.327,44.652,0.00
1786240316,ingest,0.00,0.00,0.0,0.000,0.003,0.327,44.652,0.00
1786240321,ingest,0.00,0.00,0.0,0.000,0.003,0.327,44.651,0.00
1786240326,ingest,0.00,0.00,0.0,0.000,0.003,0.327,44.651,0.00
1786240331,ingest,0.00,0.00,0.0,0.000,0.003,0.327,44.651,0.00
1786240337,ingest,0.00,0.00,0.0,0.000,0.003,0.327,44.651,0.00
1786240342,ingest,0.00,0.00,0.0,0.000,0.003,0.327,44.652,0.00
1786240347,ingest,0.00,0.00,0.0,0.000,0.003,0.327,44.652,0.00
1786240352,ingest,0.00,0.00,0.0,0.000,0.003,0.327,44.654,0.00
1786240357,ingest,0.00,0.00,0.0,0.000,0.003,0.327,44.654,0.00
1786240362,ingest,0.00,0.00,0.0,0.000,0.003,0.327,44.653,0.00
1786240367,ingest,0.00,0.00,0.0,0.000,0.003,0.327,44.652,0.00
1786240372,ingest,0.00,0.00,0.0,0.000,0.003,0.327,44.654,0.00
1786240377,ingest,0.00,0.00,0.0,0.000,0.003,0.327,44.654,0.00
1786240382,ingest,0.00,0.00,0.0,0.000,0.003,0.327,44.653,0.00
1786240387,ingest,0.00,0.00,0.0,0.000,0.003,0.327,44.653,0.00
1786240392,ingest,0.00,0.00,0.0,0.000,0.003,0.327,44.654,0.00
1786240397,ingest,0.00,0.00,0.0,0.000,0.003,0.327,44.654,0.00
1786240402,ingest,0.00,0.00,0.0,0.000,0.003,0.327,44.655,0.00
1786240407,ingest,0.00,0.00,0.0,0.000,0.003,0.327,44.655,0.00
1786240412,ingest,0.00,0.00,0.0,0.000,0.003,0.327,44.654,0.00
1786240417,ingest,0.00,0.00,0.0,0.000,0.003,0.327,44.655,0.00
1786240422,ingest,0.00,0.00,0.0,0.000,0.003,0.327,44.656,0.00
1786240428,ingest,0.00,0.00,0.0,0.000,0.003,0.327,44.656,0.00
1786240433,ingest,0.00,0.00,0.0,0.000,0.003,0.327,44.655,0.00
1786240438,ingest,0.00,0.00,0.0,0.000,0.003,0.327,44.655,0.00
1786240443,ingest,0.00,0.00,0.0,0.000,0.003,0.327,44.654,0.00
1786240448,ingest,0.00,0.00,0.0,0.000,0.003,0.327,44.654,0.00
1786240453,ingest,0.00,0.00,0.0,0.000,0.003,0.327,44.653,0.00
1786240458,ingest,0.00,0.00,0.0,0.000,0.003,0.327,44.654,0.00
1786240463,ingest,0.00,0.00,0.0,0.000,0.003,0.327,44.653,0.00
1786240468,ingest,0.00,0.00,0.0,0.000,0.003,0.327,44.653,0.00
1786240473,ingest,0.00,0.00,0.0,0.000,0.003,0.327,44.653,0.00
1786240478,ingest,0.00,0.00,0.0,0.000,0.003,0.327,44.654,0.00
1786240483,ingest,0.00,0.00,0.0,0.000,0.003,0.327,44.651,0.00
1786240488,ingest,0.00,0.00,0.0,0.000,0.003,0.327,44.651,0.01
1786240493,ingest,0.00,0.00,0.0,0.000,0.003,0.327,44.652,0.00
1786240498,ingest,0.00,0.00,0.0,0.000,0.003,0.327,44.652,0.00
1786240503,ingest,0.00,0.00,0.0,0.000,0.003,0.327,44.655,0.00
1786240508,ingest,0.00,0.00,0.0,0.000,0.003,0.327,44.656,0.00
1786240513,ingest,0.00,0.00,0.0,0.000,0.003,0.327,44.653,0.00
1786240519,ingest,0.00,0.00,0.0,0.000,0.003,0.327,44.655,0.00
1786240524,ingest,0.00,0.00,0.0,0.000,0.003,0.327,44.654,0.00
1786240529,ingest,0.00,0.00,0.0,0.000,0.003,0.327,44.654,0.00
1786240534,ingest,0.00,0.00,0.0,0.000,0.003,0.327,44.651,0.00
1786240539,ingest,0.00,0.00,0.0,0.000,0.003,0.327,44.651,0.00
1786240544,ingest,0.00,0.00,0.0,0.000,0.003,0.327,44.649,0.00
1786240549,ingest,0.00,0.00,0.0,0.000,0.003,0.327,44.650,0.00
1786240554,ingest,0.00,0.00,0.0,0.000,0.003,0.327,44.648,0.00
1786240559,ingest,0.00,0.00,0.0,0.000,0.003,0.327,44.649,0.00
1786240564,ingest,0.00,0.00,0.0,0.000,0.003,0.327,44.648,0.00
1786240569,ingest,0.00,0.00,0.0,0.000,0.003,0.327,44.648,0.00
1786240574,ingest,0.00,0.00,0.0,0.000,0.003,0.327,44.651,0.00
1786240579,ingest,0.00,0.00,0.0,0.000,0.003,0.327,44.653,0.00
1786240584,ingest,0.00,0.00,0.0,0.000,0.003,0.327,44.653,0.00
1786240589,ingest,0.00,0.00,0.0,0.000,0.003,0.327,44.654,0.00
1786240594,ingest,0.00,0.00,0.0,0.000,0.003,0.327,44.654,0.00
1786240599,ingest,0.00,0.00,0.0,0.000,0.003,0.327,44.655,0.00
1786240604,ingest,0.00,0.00,0.0,0.000,0.003,0.327,44.653,0.00
1786240609,ingest,0.00,0.00,0.0,0.000,0.003,0.327,44.655,0.00
1786240615,ingest,0.00,0.00,0.0,0.000,0.003,0.327,44.653,0.00
1786240620,ingest,0.00,0.00,0.0,0.000,0.003,0.327,44.654,0.00
1786240625,ingest,0.00,0.00,0.0,0.000,0.003,0.327,44.652,0.00
1786240630,ingest,0.00,0.00,0.0,0.000,0.003,0.327,44.654,0.00
1786240635,ingest,0.00,0.00,0.0,0.000,0.003,0.327,44.644,0.00
1786240640,ingest,0.00,0.00,0.0,0.000,0.003,0.327,44.653,0.00
1786240645,ingest,0.00,0.00,0.0,0.000,0.003,0.327,44.653,0.00
1786240650,ingest,0.00,0.00,0.0,0.000,0.003,0.327,44.652,0.00
1786240655,ingest,0.00,0.00,0.0,0.000,0.003,0.327,44.653,0.00
1786240660,ingest,0.00,0.00,0.0,0.000,0.003,0.327,44.654,0.00
1786240665,ingest,0.00,0.00,0.0,0.000,0.003,0.327,44.654,0.00
1786240670,ingest,0.00,0.00,0.0,0.000,0.003,0.327,44.656,0.00
1786240675,ingest,0.00,0.00,0.0,0.000,0.003,0.327,44.657,0.00
1786240680,ingest,0.00,0.00,0.0,0.000,0.003,0.327,44.656,0.00
1786240685,ingest,0.00,0.00,0.0,0.000,0.003,0.327,44.656,0.00
1786240690,ingest,0.00,0.00,0.0,0.000,0.003,0.327,44.655,0.00
1786240695,ingest,0.00,0.00,0.0,0.000,0.003,0.327,44.655,0.00
1786240700,ingest,0.00,0.00,0.0,0.000,0.003,0.327,44.657,0.00
1786240705,ingest,0.00,0.00,0.0,0.000,0.003,0.327,44.658,0.00
1786240711,ingest,0.00,0.00,0.0,0.000,0.003,0.327,44.655,0.00
1786240716,ingest,0.00,0.00,0.0,0.000,0.003,0.327,44.656,0.00
1786240721,ingest,0.00,0.00,0.0,0.000,0.003,0.327,44.655,0.00
1786240726,ingest,0.00,0.00,0.0,0.000,0.003,0.327,44.655,0.00
1786240731,ingest,0.00,0.00,0.0,0.000,0.003,0.327,44.655,0.00
1786240736,ingest,0.00,0.00,0.0,0.000,0.003,0.327,44.655,0.00
1786240741,ingest,0.00,0.00,0.0,0.000,0.003,0.327,44.653,0.00
1786240746,ingest,0.00,0.00,0.0,0.000,0.003,0.327,44.655,0.00
1786240751,ingest,0.00,0.00,0.0,0.000,0.003,0.327,44.655,0.00
1786240756,ingest,0.00,0.00,0.0,0.000,0.003,0.327,44.655,0.00
1786240761,ingest,0.00,0.00,0.0,0.000,0.003,0.327,44.653,0.00
1786240766,ingest,0.00,0.00,0.0,0.000,0.003,0.327,44.653,0.00
1786240771,ingest,0.00,0.00,0.0,0.000,0.003,0.327,44.652,0.00
1786240776,ingest,0.00,0.00,0.0,0.000,0.003,0.327,44.652,0.00
1786240781,ingest,0.00,0.00,0.0,0.000,0.003,0.327,44.654,0.00
1786240786,ingest,0.00,0.00,0.0,0.000,0.003,0.327,44.653,0.01
1786240791,ingest,0.00,0.00,0.0,0.000,0.003,0.327,44.652,0.00
1786240796,ingest,0.00,0.00,0.0,0.000,0.003,0.327,44.651,0.00
1786240802,ingest,0.00,0.00,0.0,0.000,0.003,0.327,44.655,0.00
1786240807,ingest,0.00,0.00,0.0,0.000,0.003,0.327,44.656,0.00
1786240812,ingest,0.00,0.00,0.0,0.000,0.003,0.327,44.653,0.00
1786240817,ingest,0.00,0.00,0.0,0.000,0.003,0.327,44.653,0.00
1786240822,ingest,0.00,0.00,0.0,0.000,0.003,0.327,44.654,0.00
1786240827,ingest,0.00,0.00,0.0,0.000,0.003,0.327,44.654,0.00
1786240832,ingest,0.00,0.00,0.0,0.000,0.003,0.327,44.652,0.00
1786240837,ingest,0.00,0.00,0.0,0.000,0.003,0.327,44.652,0.00
1786240842,ingest,0.00,0.00,0.0,0.000,0.003,0.327,44.653,0.00
1786240847,ingest,0.00,0.00,0.0,0.000,0.003,0.327,44.654,0.00
1786240852,ingest,0.00,0.00,0.0,0.000,0.003,0.327,44.654,0.00
1786240857,ingest,0.00,0.00,0.0,0.000,0.003,0.327,44.655,0.00
1786240862,ingest,0.00,0.00,0.0,0.000,0.003,0.327,44.655,0.00
1786240867,ingest,0.00,0.00,0.0,0.000,0.003,0.327,44.656,0.00
1786240872,ingest,0.00,0.00,0.0,0.000,0.003,0.327,44.653,0.00
1786240877,ingest,0.00,0.00,0.0,0.000,0.003,0.327,44.653,0.00
1786240882,ingest,0.00,0.00,0.0,0.000,0.003,0.327,44.654,0.00
1786240887,ingest,0.00,0.00,0.0,0.000,0.003,0.327,44.654,0.00
1786240892,ingest,0.00,0.00,0.0,0.000,0.003,0.327,44.653,0.00
1786240898,ingest,0.00,0.00,0.0,0.000,0.003,0.327,44.653,0.00
1786240903,ingest,0.00,0.00,0.0,0.000,0.003,0.327,44.652,0.00
1786240908,ingest,0.00,0.00,0.0,0.000,0.003,0.327,44.651,0.00
1786240913,ingest,0.00,0.00,0.0,0.000,0.003,0.327,44.650,0.00
1786240918,ingest,0.00,0.00,0.0,0.000,0.003,0.327,44.651,0.00
1786240923,ingest,0.00,0.00,0.0,0.000,0.003,0.327,44.650,0.00
1786240928,ingest,0.00,0.00,0.0,0.000,0.003,0.327,44.651,0.00
1786240933,ingest,0.00,0.00,0.0,0.000,0.003,0.327,44.652,0.00
1786240938,ingest,0.00,0.00,0.0,0.000,0.003,0.327,44.653,0.00
1786240943,ingest,0.00,0.00,0.0,0.000,0.003,0.327,44.651,0.00
1786240948,ingest,0.00,0.00,0.0,0.000,0.003,0.327,44.652,0.00
1786240953,ingest,0.00,0.00,0.0,0.000,0.003,0.327,44.651,0.00
1786240958,ingest,0.00,0.00,0.0,0.000,0.003,0.327,44.651,0.00
1786240963,ingest,0.00,0.00,0.0,0.000,0.003,0.327,44.650,0.00
1786240968,ingest,0.00,0.00,0.0,0.000,0.003,0.327,44.650,0.00
1786240973,ingest,0.00,0.00,0.0,0.000,0.003,0.327,44.653,0.00
1786240978,ingest,0.00,0.00,0.0,0.000,0.003,0.327,44.653,0.00
1786240983,ingest,0.00,0.00,0.0,0.000,0.003,0.327,44.652,0.00
1786240989,ingest,0.00,0.00,0.0,0.000,0.003,0.327,44.652,0.00
1786240994,ingest,0.00,0.00,0.0,0.000,0.003,0.327,44.651,0.00
1786240999,ingest,0.00,0.00,0.0,0.000,0.003,0.327,44.651,0.00
1786241004,ingest,0.00,0.00,0.0,0.000,0.003,0.327,44.646,0.00
1786241009,ingest,0.00,0.00,0.0,0.000,0.003,0.327,44.650,0.00
1786241014,ingest,0.00,0.00,0.0,0.000,0.003,0.327,44.650,0.00
1786241019,ingest,0.00,0.00,0.0,0.000,0.003,0.327,44.649,0.00
1786241024,ingest,0.00,0.00,0.0,0.000,0.003,0.327,44.650,0.00
1786241029,ingest,0.00,0.00,0.0,0.000,0.003,0.327,44.650,0.00
1786241034,ingest,0.00,0.00,0.0,0.000,0.003,0.327,44.650,0.00
1786241039,ingest,0.00,0.00,0.0,0.000,0.003,0.327,44.649,0.00
1786241044,ingest,0.00,0.00,0.0,0.000,0.003,0.327,44.649,0.00
1786241049,ingest,0.00,0.00,0.0,0.000,0.003,0.327,44.649,0.00
1786241054,ingest,0.00,0.00,0.0,0.000,0.003,0.327,44.650,0.00
1786241059,ingest,0.00,0.00,0.0,0.000,0.003,0.327,44.652,0.00
1786241064,ingest,0.00,0.00,0.0,0.000,0.003,0.327,44.652,0.00
1786241069,ingest,0.00,0.00,0.0,0.000,0.003,0.327,44.653,0.00
1786241074,ingest,0.00,0.00,0.0,0.000,0.003,0.327,44.653,0.00
1786241079,ingest,0.00,0.00,0.0,0.000,0.003,0.327,44.654,0.00
1786241085,ingest,0.00,0.00,0.0,0.000,0.003,0.327,44.654,0.00
1786241090,ingest,0.00,0.00,0.0,0.000,0.003,0.327,44.651,0.01
1786241095,ingest,0.00,0.00,0.0,0.000,0.003,0.327,44.652,0.00
1786241100,ingest,0.00,0.00,0.0,0.000,0.003,0.327,44.649,0.00
1786241105,ingest,0.00,0.00,0.0,0.000,0.003,0.327,44.649,0.00
1786241110,ingest,0.00,0.00,0.0,0.000,0.003,0.327,44.652,0.00
1786241115,ingest,0.00,0.00,0.0,0.000,0.003,0.327,44.652,0.00
1786241120,ingest,0.00,0.00,0.0,0.000,0.003,0.327,44.652,0.00
1786241125,ingest,0.00,0.00,0.0,0.000,0.003,0.327,44.652,0.00
1786241130,ingest,0.00,0.00,0.0,0.000,0.003,0.327,44.651,0.00
1786241135,ingest,0.00,0.00,0.0,0.000,0.003,0.327,44.651,0.00
1786241140,ingest,0.00,0.00,0.0,0.000,0.003,0.327,44.652,0.00
1786241145,ingest,0.00,0.00,0.0,0.000,0.003,0.327,44.652,0.00
1786241150,ingest,0.00,0.00,0.0,0.000,0.003,0.327,44.652,0.00
1786241155,ingest,0.00,0.00,0.0,0.000,0.003,0.327,44.652,0.00
1786241160,ingest,0.00,0.00,0.0,0.000,0.003,0.327,44.651,0.00
1786241165,ingest,0.00,0.00,0.0,0.000,0.003,0.327,44.652,0.00
1786241170,ingest,0.00,0.00,0.0,0.000,0.003,0.327,44.650,0.00
1786241176,ingest,0.00,0.00,0.0,0.000,0.003,0.327,44.650,0.00
1786241181,ingest,0.00,0.00,0.0,0.000,0.003,0.327,44.650,0.00
1786241186,ingest,0.00,0.00,0.0,0.000,0.003,0.327,44.650,0.00
1786241191,ingest,0.00,0.00,0.0,0.000,0.003,0.327,44.650,0.00
1786241196,ingest,0.00,0.00,0.0,0.000,0.003,0.327,44.650,0.00
1786241201,ingest,0.00,0.00,0.0,0.000,0.003,0.327,44.651,0.00
1786241206,ingest,0.00,0.00,0.0,0.000,0.003,0.327,44.651,0.00
1786241211,ingest,0.00,0.00,0.0,0.000,0.003,0.327,44.650,0.00
1786241216,ingest,0.00,0.00,0.0,0.000,0.003,0.327,44.650,0.00
1786241221,ingest,0.00,0.00,0.0,0.000,0.003,0.327,44.650,0.00
1786241226,ingest,0.00,0.00,0.0,0.000,0.003,0.327,44.651,0.00
1786241231,ingest,0.00,0.00,0.0,0.000,0.003,0.327,44.655,0.00
1786241236,ingest,0.00,0.00,0.0,0.000,0.003,0.327,44.655,0.00
1786241241,ingest,0.00,0.00,0.0,0.000,0.003,0.327,44.655,0.00
1786241246,ingest,0.00,0.00,0.0,0.000,0.003,0.327,44.654,0.00
1786241251,ingest,0.00,0.00,0.0,0.000,0.003,0.327,44.655,0.00
1786241256,ingest,0.00,0.00,0.0,0.000,0.003,0.327,44.655,0.00
1786241261,ingest,0.00,0.00,0.0,0.000,0.003,0.327,44.654,0.00
1786241266,ingest,0.00,0.00,0.0,0.000,0.003,0.327,44.654,0.00
1786241272,ingest,0.00,0.00,0.0,0.000,0.003,0.327,44.657,0.00
1786241277,ingest,0.00,0.00,0.0,0.000,0.003,0.327,44.658,0.00
1786241282,ingest,0.00,0.00,0.0,0.000,0.003,0.327,44.656,0.00
1786241287,ingest,0.00,0.00,0.0,0.000,0.003,0.327,44.656,0.00
1786241292,ingest,0.00,0.00,0.0,0.000,0.003,0.327,44.658,0.00
1786241297,ingest,0.00,0.00,0.0,0.000,0.003,0.327,44.659,0.00
1786241302,ingest,0.00,0.00,0.0,0.000,0.003,0.327,44.658,0.00
1786241307,ingest,0.00,0.00,0.0,0.000,0.003,0.327,44.657,0.00
1786241312,ingest,0.00,0.00,0.0,0.000,0.003,0.327,44.656,0.00
1786241317,ingest,0.00,0.00,0.0,0.000,0.003,0.327,44.658,0.00
1786241322,ingest,0.00,0.00,0.0,0.000,0.003,0.327,44.654,0.00
1786241327,ingest,0.00,0.00,0.0,0.000,0.003,0.327,44.654,0.00
1786241332,ingest,0.00,0.00,0.0,0.000,0.003,0.327,44.655,0.00
1786241337,ingest,0.00,0.00,0.0,0.000,0.003,0.327,44.655,0.00
1786241342,ingest,0.00,0.00,0.0,0.000,0.003,0.327,44.654,0.00
1786241347,ingest,0.00,0.00,0.0,0.000,0.003,0.327,44.653,0.00
1786241352,ingest,0.00,0.00,0.0,0.000,0.003,0.327,44.657,0.00
1786241357,ingest,0.00,0.00,0.0,0.000,0.003,0.327,44.658,0.00
1786241363,ingest,0.00,0.00,0.0,0.000,0.003,0.327,44.654,0.00
1786241368,ingest,0.00,0.00,0.0,0.000,0.003,0.327,44.654,0.00
1786241373,ingest,0.00,0.00,0.0,0.000,0.003,0.327,44.656,0.00
1786241378,ingest,0.00,0.00,0.0,0.000,0.003,0.327,44.653,0.00
1786241383,ingest,0.00,0.00,0.0,0.000,0.003,0.327,44.653,0.00
1786241388,ingest,0.00,0.00,0.0,0.000,0.003,0.327,44.654,0.01
1786241393,ingest,0.00,0.00,0.0,0.000,0.003,0.327,44.655,0.00
1786241398,ingest,0.00,0.00,0.0,0.000,0.003,0.327,44.659,0.00
1786241403,ingest,0.00,0.00,0.0,0.000,0.003,0.327,44.659,0.00
1786241408,ingest,0.00,0.00,0.0,0.000,0.003,0.327,44.656,0.00
1786241413,ingest,0.00,0.00,0.0,0.000,0.003,0.327,44.656,0.00
1786241418,ingest,0.00,0.00,0.0,0.000,0.003,0.327,44.656,0.00
1786241423,ingest,0.00,0.00,0.0,0.000,0.003,0.327,44.656,0.00
1786241428,ingest,0.00,0.00,0.0,0.000,0.003,0.327,44.655,0.00
1786241433,ingest,0.00,0.00,0.0,0.000,0.003,0.327,44.654,0.00
1786241438,ingest,0.00,0.00,0.0,0.000,0.003,0.327,44.654,0.00
1786241443,ingest,0.00,0.00,0.0,0.000,0.003,0.327,44.654,0.00
1786241448,ingest,0.00,0.00,0.0,0.000,0.003,0.327,44.653,0.00
1786241453,ingest,0.00,0.00,0.0,0.000,0.003,0.327,44.654,0.00
1786241459,ingest,0.00,0.00,0.0,0.000,0.003,0.327,44.652,0.00
1786241464,ingest,0.00,0.00,0.0,0.000,0.003,0.327,44.652,0.00
1786241469,ingest,0.00,0.00,0.0,0.000,0.003,0.327,44.654,0.00
1786241474,ingest,0.00,0.00,0.0,0.000,0.003,0.327,44.654,0.00
1786241479,ingest,0.00,0.00,0.0,0.000,0.003,0.327,44.653,0.00
1786241484,ingest,0.00,0.00,0.0,0.000,0.003,0.327,44.653,0.00
1786241489,ingest,0.00,0.00,0.0,0.000,0.003,0.327,44.654,0.00
1786241494,ingest,0.00,0.00,0.0,0.000,0.003,0.327,44.655,0.00
1786241499,ingest,0.00,0.00,0.0,0.000,0.003,0.327,44.654,0.00
1786241504,ingest,0.00,0.00,0.0,0.000,0.003,0.327,44.654,0.00
1786241509,ingest,0.00,0.00,0.0,0.000,0.003,0.327,44.653,0.00
1786241514,ingest,0.00,0.00,0.0,0.000,0.003,0.327,44.653,0.00
1786241519,ingest,0.00,0.00,0.0,0.000,0.003,0.327,44.654,0.00
1786241524,ingest,0.00,0.00,0.0,0.000,0.003,0.327,44.654,0.00
1786241529,ingest,0.00,0.00,0.0,0.000,0.003,0.327,44.653,0.00
1786241534,ingest,0.00,0.00,0.0,0.000,0.003,0.327,44.652,0.00
1786241539,ingest,0.00,0.00,0.0,0.000,0.003,0.327,44.650,0.00
1786241544,ingest,0.00,0.00,0.0,0.000,0.003,0.327,44.650,0.00
1786241549,ingest,0.00,0.00,0.0,0.000,0.003,0.327,44.652,0.00
1786241555,ingest,0.00,0.00,0.0,0.000,0.003,0.327,44.652,0.00
1786241560,ingest,0.00,0.00,0.0,0.000,0.003,0.327,44.653,0.00
1786241565,ingest,0.00,0.00,0.0,0.000,0.003,0.327,44.652,0.00
1786241570,ingest,0.00,0.00,0.0,0.000,0.003,0.327,44.655,0.00
1786241575,ingest,0.00,0.00,0.0,0.000,0.003,0.327,44.656,0.00
1786241580,ingest,0.00,0.00,0.0,0.000,0.003,0.327,44.654,0.00
1786241585,ingest,0.00,0.00,0.0,0.000,0.003,0.327,44.654,0.00
1786241590,ingest,0.00,0.00,0.0,0.000,0.003,0.327,44.658,0.00
1786241595,ingest,0.00,0.00,0.0,0.000,0.003,0.327,44.658,0.00
1786241600,ingest,0.00,0.00,0.0,0.000,0.003,0.327,44.658,0.00
1786241605,ingest,0.00,0.00,0.0,0.000,0.003,0.327,44.659,0.00
1786241610,ingest,0.00,0.00,0.0,0.000,0.003,0.327,44.657,0.00
1786241615,ingest,0.00,0.00,0.0,0.000,0.003,0.327,44.658,0.00
1786241620,ingest,0.00,0.00,0.0,0.000,0.003,0.327,44.656,0.00
1786241625,ingest,0.00,0.00,0.0,0.000,0.003,0.327,44.656,0.00
1786241630,ingest,0.00,0.00,0.0,0.000,0.003,0.327,44.655,0.00
1786241635,ingest,0.00,0.00,0.0,0.000,0.003,0.327,44.655,0.00
1786241640,ingest,0.00,0.00,0.0,0.000,0.003,0.327,44.656,0.00
1786241646,ingest,0.00,0.00,0.0,0.000,0.003,0.327,44.656,0.00
1786241651,ingest,0.00,0.00,0.0,0.000,0.003,0.327,44.653,0.00
1786241656,ingest,0.00,0.00,0.0,0.000,0.003,0.327,44.654,0.00
1786241661,ingest,0.00,0.00,0.0,0.000,0.003,0.327,44.656,0.00
1786241666,ingest,0.00,0.00,0.0,0.000,0.003,0.327,44.655,0.00
1786241671,ingest,0.00,0.00,0.0,0.000,0.003,0.327,44.654,0.00
1786241676,ingest,0.00,0.00,0.0,0.000,0.003,0.327,44.654,0.00
1786241681,ingest,0.00,0.00,0.0,0.000,0.003,0.327,44.654,0.00
1786241686,ingest,0.00,0.00,0.0,0.000,0.003,0.327,44.653,0.00
1786241691,ingest,0.00,0.00,0.0,0.000,0.003,0.327,44.649,0.01
1786241696,ingest,0.00,0.00,0.0,0.000,0.003,0.327,44.650,0.00
1786241701,ingest,0.00,0.00,0.0,0.000,0.003,0.327,44.653,0.00
1786241706,ingest,0.00,0.00,0.0,0.000,0.003,0.327,44.652,0.00
1786241711,ingest,0.00,0.00,0.0,0.000,0.003,0.327,44.654,0.00
1786241716,ingest,0.00,0.00,0.0,0.000,0.003,0.327,44.654,0.00
1786241721,ingest,0.00,0.00,0.0,0.000,0.003,0.327,44.651,0.00
1786241726,ingest,0.00,0.00,0.0,0.000,0.003,0.327,44.651,0.00
1786241731,ingest,0.00,0.00,0.0,0.000,0.003,0.327,44.647,0.00
1786241736,ingest,0.00,0.00,0.0,0.000,0.003,0.327,44.650,0.00
1786241742,ingest,0.00,0.00,0.0,0.000,0.003,0.327,44.651,0.00
1786241747,ingest,0.00,0.00,0.0,0.000,0.003,0.327,44.650,0.00
1786241752,ingest,0.00,0.00,0.0,0.000,0.003,0.327,44.650,0.00
1786241757,ingest,0.00,0.00,0.0,0.000,0.003,0.327,44.650,0.00
1786241762,ingest,0.00,0.00,0.0,0.000,0.003,0.327,44.650,0.00
1786241767,ingest,0.00,0.00,0.0,0.000,0.003,0.327,44.650,0.00
1786241772,ingest,0.00,0.00,0.0,0.000,0.003,0.327,44.650,0.00
1786241777,ingest,0.00,0.00,0.0,0.000,0.003,0.327,44.649,0.00
1786241782,ingest,0.00,0.00,0.0,0.000,0.003,0.327,44.649,0.00
1786241787,ingest,0.00,0.00,0.0,0.000,0.003,0.327,44.652,0.00
1786241792,ingest,0.00,0.00,0.0,0.000,0.003,0.327,44.652,0.00
1786241797,ingest,0.00,0.00,0.0,0.000,0.003,0.327,44.651,0.00
1786241802,ingest,0.00,0.00,0.0,0.000,0.003,0.327,44.650,0.00
1786241807,ingest,0.00,0.00,0.0,0.000,0.003,0.327,44.646,0.00
1786241812,ingest,0.00,0.00,0.0,0.000,0.003,0.327,44.647,0.00
1786241817,ingest,0.00,0.00,0.0,0.000,0.003,0.327,44.646,0.00
1786241822,ingest,0.00,0.00,0.0,0.000,0.003,0.327,44.645,0.00
1786241827,ingest,0.00,0.00,0.0,0.000,0.003,0.327,44.647,0.00
1786241833,ingest,0.00,0.00,0.0,0.000,0.003,0.327,44.647,0.00
1786241838,ingest,0.00,0.00,0.0,0.000,0.003,0.327,44.647,0.00
1786241843,ingest,0.00,0.00,0.0,0.000,0.003,0.327,44.647,0.00
1786241848,ingest,0.00,0.00,0.0,0.000,0.003,0.327,44.647,0.00
1786241853,ingest,0.00,0.00,0.0,0.000,0.003,0.327,44.647,0.00
1786241858,ingest,0.00,0.00,0.0,0.000,0.003,0.327,44.649,0.00
1786241863,ingest,0.00,0.00,0.0,0.000,0.003,0.327,44.649,0.00
1786241868,ingest,0.00,0.00,0.0,0.000,0.003,0.327,44.647,0.00
1786241873,ingest,0.00,0.00,0.0,0.000,0.003,0.327,44.647,0.00
1786241878,ingest,0.00,0.00,0.0,0.000,0.003,0.327,44.646,0.00
1786241883,ingest,0.00,0.00,0.0,0.000,0.003,0.327,44.646,0.00
1786241888,ingest,0.00,0.00,0.0,0.000,0.003,0.327,44.645,0.00
1786241893,ingest,0.00,0.00,0.0,0.000,0.003,0.327,44.646,0.00
1786241898,ingest,0.00,0.00,0.0,0.000,0.003,0.327,44.647,0.00
1786241903,ingest,0.00,0.00,0.0,0.000,0.003,0.327,44.646,0.00
1786241908,ingest,0.00,0.00,0.0,0.000,0.003,0.327,44.648,0.00
1786241913,ingest,0.00,0.00,0.0,0.000,0.003,0.327,44.649,0.00
1786241918,ingest,0.00,0.00,0.0,0.000,0.003,0.327,44.648,0.00
1786241923,ingest,0.00,0.00,0.0,0.000,0.003,0.327,44.647,0.00
1786241929,ingest,0.00,0.00,0.0,0.000,0.003,0.327,44.650,0.00
1786241934,ingest,0.00,0.00,0.0,0.000,0.003,0.327,44.649,0.00
1786241939,ingest,0.00,0.00,0.0,0.000,0.003,0.327,44.649,0.00
1786241944,ingest,0.00,0.00,0.0,0.000,0.003,0.327,44.650,0.00
1786241949,ingest,0.00,0.00,0.0,0.000,0.003,0.327,44.650,0.00
1786241954,ingest,0.00,0.00,0.0,0.000,0.003,0.327,44.650,0.00
1786241959,ingest,0.00,0.00,0.0,0.000,0.003,0.327,44.652,0.00
1786241964,ingest,0.00,0.00,0.0,0.000,0.003,0.327,44.652,0.00
1786241969,ingest,0.00,0.00,0.0,0.000,0.003,0.327,44.654,0.00
1786241974,ingest,0.00,0.00,0.0,0.000,0.003,0.327,44.654,0.00
1786241979,ingest,0.00,0.00,0.0,0.000,0.003,0.327,44.654,0.00
1786241984,ingest,0.00,0.00,0.0,0.000,0.003,0.327,44.654,0.00
1786241989,ingest,0.00,0.00,0.0,0.000,0.003,0.327,44.653,0.01
1786241994,ingest,0.00,0.00,0.0,0.000,0.003,0.327,44.653,0.00
1786241999,ingest,0.00,0.00,0.0,0.000,0.003,0.327,44.653,0.00
1786242004,ingest,0.00,0.00,0.0,0.000,0.003,0.327,44.653,0.00
1786242009,ingest,0.00,0.00,0.0,0.000,0.003,0.327,44.652,0.00
1786242014,ingest,0.00,0.00,0.0,0.000,0.003,0.327,44.653,0.00
1786242020,ingest,0.00,0.00,0.0,0.000,0.003,0.327,44.652,0.00
1786242025,ingest,0.00,0.00,0.0,0.000,0.003,0.327,44.653,0.00
1786242030,ingest,0.00,0.00,0.0,0.000,0.003,0.327,44.652,0.00
1786242035,ingest,0.00,0.00,0.0,0.000,0.003,0.327,44.653,0.00
1786242040,ingest,0.00,0.00,0.0,0.000,0.003,0.327,44.653,0.00
1786242045,ingest,0.00,0.00,0.0,0.000,0.003,0.327,44.654,0.00
1786242050,ingest,0.00,0.00,0.0,0.000,0.003,0.327,44.653,0.00
1786242055,ingest,0.00,0.00,0.0,0.000,0.003,0.327,44.653,0.00
1786242060,ingest,0.00,0.00,0.0,0.000,0.003,0.327,44.655,0.00
1786242065,ingest,0.00,0.00,0.0,0.000,0.003,0.327,44.655,0.00
1786242070,ingest,0.00,0.00,0.0,0.000,0.003,0.327,44.653,0.00
1786242075,ingest,0.00,0.00,0.0,0.000,0.003,0.327,44.652,0.00
1786242080,ingest,0.00,0.00,0.0,0.000,0.003,0.327,44.654,0.00
1786242085,ingest,0.00,0.00,0.0,0.000,0.003,0.327,44.654,0.00
1786242090,ingest,0.00,0.00,0.0,0.000,0.003,0.327,44.652,0.00
1786242095,ingest,0.00,0.00,0.0,0.000,0.003,0.327,44.654,0.00
1786242100,ingest,0.00,0.00,0.0,0.000,0.003,0.327,44.654,0.00
1786242105,ingest,0.00,0.00,0.0,0.000,0.003,0.327,44.655,0.00
1786242110,ingest,0.00,0.00,0.0,0.000,0.003,0.327,44.655,0.00
1786242116,ingest,0.00,0.00,0.0,0.000,0.003,0.327,44.654,0.00
1786242121,ingest,0.00,0.00,0.0,0.000,0.003,0.327,44.654,0.00
1786242126,ingest,0.00,0.00,0.0,0.000,0.003,0.327,44.654,0.00
1786242131,ingest,0.00,0.00,0.0,0.000,0.003,0.327,44.653,0.00
1786242136,ingest,0.00,0.00,0.0,0.000,0.003,0.327,44.655,0.00
1786242141,ingest,0.00,0.00,0.0,0.000,0.003,0.327,44.656,0.00
1786242146,ingest,0.00,0.00,0.0,0.000,0.003,0.327,44.656,0.00
1786242151,ingest,0.00,0.00,0.0,0.000,0.003,0.327,44.656,0.00
1786242156,ingest,0.00,0.00,0.0,0.000,0.003,0.327,44.656,0.00
1786242161,ingest,0.00,0.00,0.0,0.000,0.003,0.327,44.656,0.00
1786242166,ingest,0.00,0.00,0.0,0.000,0.003,0.327,44.655,0.00
1786242171,ingest,0.00,0.00,0.0,0.000,0.003,0.327,44.656,0.00
1786242176,ingest,0.00,0.00,0.0,0.000,0.003,0.327,44.659,0.00
1786242181,ingest,0.00,0.00,0.0,0.000,0.003,0.327,44.659,0.00
1786242186,ingest,0.00,0.00,0.0,0.000,0.003,0.327,44.657,0.00
1786242191,ingest,0.00,0.00,0.0,0.000,0.003,0.327,44.657,0.00
1786242196,ingest,0.00,0.00,0.0,0.000,0.003,0.327,44.656,0.00
1786242201,ingest,0.00,0.00,0.0,0.000,0.003,0.327,44.656,0.00
1786242206,ingest,0.00,0.00,0.0,0.000,0.003,0.327,44.657,0.00
1786242212,ingest,0.00,0.00,0.0,0.000,0.003,0.327,44.658,0.00
1786242217,ingest,0.00,0.00,0.0,0.000,0.003,0.327,44.659,0.00
1786242222,ingest,0.00,0.00,0.0,0.000,0.003,0.327,44.660,0.00
1786242227,ingest,0.00,0.00,0.0,0.000,0.003,0.327,44.662,0.00
1786242232,ingest,0.00,0.00,0.0,0.000,0.003,0.327,44.662,0.00
1786242237,ingest,0.00,0.00,0.0,0.000,0.003,0.327,44.660,0.00
1786242242,ingest,0.00,0.00,0.0,0.000,0.003,0.327,44.660,0.00
1786242247,ingest,0.00,0.00,0.0,0.000,0.003,0.327,44.658,0.00
1786242252,ingest,0.00,0.00,0.0,0.000,0.003,0.327,44.658,0.00
1786242257,ingest,0.00,0.00,0.0,0.000,0.003,0.327,44.655,0.00
1786242262,ingest,0.00,0.00,0.0,0.000,0.003,0.327,44.655,0.00
1786242267,ingest,0.00,0.00,0.0,0.000,0.003,0.327,44.654,0.00
1786242272,ingest,0.00,0.00,0.0,0.000,0.003,0.327,44.654,0.00
1786242277,ingest,0.00,0.00,0.0,0.000,0.003,0.327,44.655,0.00
1786242282,ingest,0.00,0.00,0.0,0.000,0.003,0.327,44.655,0.00
1786242287,ingest,0.00,0.00,0.0,0.000,0.003,0.327,44.649,0.01
1786242292,ingest,0.00,0.00,0.0,0.000,0.003,0.327,44.649,0.00
1786242297,ingest,0.00,0.00,0.0,0.000,0.003,0.327,44.646,0.00
1786242303,ingest,0.00,0.00,0.0,0.000,0.003,0.327,44.645,0.00
1786242308,ingest,0.00,0.00,0.0,0.000,0.003,0.327,44.647,0.00
1786242313,ingest,0.00,0.00,0.0,0.000,0.003,0.327,44.646,0.00
1786242318,ingest,0.00,0.00,0.0,0.000,0.003,0.327,44.646,0.00
1786242323,ingest,0.00,0.00,0.0,0.000,0.003,0.327,44.647,0.00
1786242328,ingest,0.00,0.00,0.0,0.000,0.003,0.327,44.645,0.00
1786242333,ingest,0.00,0.00,0.0,0.000,0.003,0.327,44.646,0.00
1786242338,ingest,0.00,0.00,0.0,0.000,0.003,0.327,44.644,0.00
1786242343,ingest,0.00,0.00,0.0,0.000,0.003,0.327,44.645,0.00
1786242348,ingest,0.00,0.00,0.0,0.000,0.003,0.327,44.645,0.00
1786242353,ingest,0.00,0.00,0.0,0.000,0.003,0.327,44.647,0.00
1786242358,ingest,0.00,0.00,0.0,0.000,0.003,0.327,44.646,0.00
1786242363,ingest,0.00,0.00,0.0,0.000,0.003,0.327,44.647,0.00
1786242368,ingest,0.00,0.00,0.0,0.000,0.003,0.327,44.647,0.00
1786242373,ingest,0.00,0.00,0.0,0.000,0.003,0.327,44.649,0.00
1786242378,ingest,0.00,0.00,0.0,0.000,0.003,0.327,44.650,0.00
1786242383,ingest,0.00,0.00,0.0,0.000,0.003,0.327,44.650,0.00
1786242388,ingest,0.00,0.00,0.0,0.000,0.003,0.327,44.648,0.00
1786242393,ingest,0.00,0.00,0.0,0.000,0.003,0.327,44.649,0.00
1786242399,ingest,0.00,0.00,0.0,0.000,0.003,0.327,44.649,0.00
1786242404,ingest,0.00,0.00,0.0,0.000,0.003,0.327,44.650,0.00
1786242409,ingest,0.00,0.00,0.0,0.000,0.003,0.327,44.649,0.00
1786242414,ingest,0.00,0.00,0.0,0.000,0.003,0.327,44.650,0.00
1786242419,ingest,0.00,0.00,0.0,0.000,0.003,0.327,44.650,0.00
1786242424,ingest,0.00,0.00,0.0,0.000,0.003,0.327,44.650,0.00
1786242429,ingest,0.00,0.00,0.0,0.000,0.003,0.327,44.648,0.00
1786242434,ingest,0.00,0.00,0.0,0.000,0.003,0.327,44.648,0.00
1786242439,ingest,0.00,0.00,0.0,0.000,0.003,0.327,44.648,0.00
1786242444,ingest,0.00,0.00,0.0,0.000,0.003,0.327,44.648,0.00
1786242449,ingest,0.00,0.00,0.0,0.000,0.003,0.327,44.648,0.00
1786242454,ingest,0.00,0.00,0.0,0.000,0.003,0.327,44.649,0.00
1786242459,ingest,0.00,0.00,0.0,0.000,0.003,0.327,44.643,0.00
1786242464,ingest,0.00,0.00,0.0,0.000,0.003,0.327,44.648,0.00
1786242469,ingest,0.00,0.00,0.0,0.000,0.003,0.327,44.648,0.00
1786242474,ingest,0.00,0.00,0.0,0.000,0.003,0.327,44.650,0.00
1786242479,ingest,0.00,0.00,0.0,0.000,0.003,0.327,44.650,0.00
1786242484,ingest,0.00,0.00,0.0,0.000,0.003,0.327,44.651,0.00
1786242489,ingest,0.00,0.00,0.0,0.000,0.003,0.327,44.651,0.00
1786242495,ingest,0.00,0.00,0.0,0.000,0.003,0.327,44.653,0.00
1786242500,ingest,0.00,0.00,0.0,0.000,0.003,0.327,44.653,0.00
1786242505,ingest,0.00,0.00,0.0,0.000,0.003,0.327,44.653,0.00
1786242510,ingest,0.00,0.00,0.0,0.000,0.003,0.327,44.651,0.00
1786242515,ingest,0.00,0.00,0.0,0.000,0.003,0.327,44.650,0.00
1786242520,ingest,0.00,0.00,0.0,0.000,0.003,0.327,44.650,0.00
1786242525,ingest,0.00,0.00,0.0,0.000,0.003,0.327,44.649,0.00
1786242530,ingest,0.00,0.00,0.0,0.000,0.003,0.327,44.649,0.00
1786242535,ingest,0.00,0.00,0.0,0.000,0.003,0.327,44.649,0.00
1786242540,ingest,0.00,0.00,0.0,0.000,0.003,0.327,44.649,0.00
1786242545,ingest,0.00,0.00,0.0,0.000,0.003,0.327,44.650,0.00
1786242550,ingest,0.00,0.00,0.0,0.000,0.003,0.327,44.650,0.00
1786242555,ingest,0.00,0.00,0.0,0.000,0.003,0.327,44.649,0.00
1786242560,ingest,0.00,0.00,0.0,0.000,0.003,0.327,44.650,0.00
1786242565,ingest,0.00,0.00,0.0,0.000,0.003,0.327,44.649,0.00
1786242570,ingest,0.00,0.00,0.0,0.000,0.003,0.327,44.650,0.00
1786242575,ingest,0.00,0.00,0.0,0.000,0.003,0.327,44.649,0.00
1786242580,ingest,0.00,0.00,0.0,0.000,0.003,0.327,44.649,0.00
1786242586,ingest,0.00,0.00,0.0,0.000,0.003,0.327,44.649,0.00
1786242591,ingest,0.00,0.00,0.0,0.000,0.003,0.327,44.649,0.01
1786242596,ingest,0.00,0.00,0.0,0.000,0.003,0.327,44.650,0.00
1786242601,ingest,0.00,0.00,0.0,0.000,0.003,0.327,44.651,0.00
1786242606,ingest,0.00,0.00,0.0,0.000,0.003,0.327,44.650,0.00
1786242611,ingest,0.00,0.00,0.0,0.000,0.003,0.327,44.649,0.00
1786242616,ingest,0.00,0.00,0.0,0.000,0.003,0.327,44.649,0.00
1786242621,ingest,0.00,0.00,0.0,0.000,0.003,0.327,44.649,0.00
1786242626,ingest,0.00,0.00,0.0,0.000,0.003,0.327,44.648,0.00
1786242631,ingest,0.00,0.00,0.0,0.000,0.003,0.327,44.648,0.00
1786242636,ingest,0.00,0.00,0.0,0.000,0.003,0.327,44.647,0.00
1786242641,ingest,0.00,0.00,0.0,0.000,0.003,0.327,44.648,0.00
1786242646,ingest,0.00,0.00,0.0,0.000,0.003,0.327,44.648,0.00
1786242651,ingest,0.00,0.00,0.0,0.000,0.003,0.327,44.648,0.00
1786242656,ingest,0.00,0.00,0.0,0.000,0.003,0.327,44.648,0.00
1786242661,ingest,0.00,0.00,0.0,0.000,0.003,0.327,44.647,0.00
1786242666,ingest,0.00,0.00,0.0,0.000,0.003,0.327,44.646,0.00
1786242671,ingest,0.00,0.00,0.0,0.000,0.003,0.327,44.646,0.00
1786242676,ingest,0.00,0.00,0.0,0.000,0.003,0.327,44.646,0.00
1786242682,ingest,0.00,0.00,0.0,0.000,0.003,0.327,44.646,0.00
1786242687,ingest,0.00,0.00,0.0,0.000,0.003,0.327,44.645,0.00
1786242692,ingest,0.00,0.00,0.0,0.000,0.003,0.327,44.646,0.00
1786242697,ingest,0.00,0.00,0.0,0.000,0.003,0.327,44.647,0.00
1786242702,ingest,0.00,0.00,0.0,0.000,0.003,0.327,44.647,0.00
1786242707,ingest,0.00,0.00,0.0,0.000,0.003,0.327,44.647,0.00
1786242712,ingest,0.00,0.00,0.0,0.000,0.003,0.327,44.648,0.00
1786242717,ingest,0.00,0.00,0.0,0.000,0.003,0.327,44.650,0.00
1786242722,ingest,0.00,0.00,0.0,0.000,0.003,0.327,44.650,0.00
1786242727,ingest,0.00,0.00,0.0,0.000,0.003,0.327,44.649,0.00
1786242732,ingest,0.00,0.00,0.0,0.000,0.003,0.327,44.650,0.00
1786242737,ingest,0.00,0.00,0.0,0.000,0.003,0.327,44.649,0.00
1786242742,ingest,0.00,0.00,0.0,0.000,0.003,0.327,44.650,0.00
1786242747,ingest,0.00,0.00,0.0,0.000,0.003,0.327,44.649,0.00
1786242752,ingest,0.00,0.00,0.0,0.000,0.003,0.327,44.650,0.00
1786242757,ingest,0.00,0.00,0.0,0.000,0.003,0.327,44.650,0.00
1786242762,ingest,0.00,0.00,0.0,0.000,0.003,0.327,44.651,0.00
1786242767,ingest,0.00,0.00,0.0,0.000,0.003,0.327,44.652,0.00
1786242773,ingest,0.00,0.00,0.0,0.000,0.003,0.327,44.651,0.00
1786242778,ingest,0.00,0.00,0.0,0.000,0.003,0.327,44.651,0.00
1786242783,ingest,0.00,0.00,0.0,0.000,0.003,0.327,44.650,0.00
1786242788,ingest,0.00,0.00,0.0,0.000,0.003,0.327,44.648,0.00
1786242793,ingest,0.00,0.00,0.0,0.000,0.003,0.327,44.648,0.00
1786242798,ingest,0.00,0.00,0.0,0.000,0.003,0.327,44.645,0.00
1786242803,ingest,0.00,0.00,0.0,0.000,0.003,0.327,44.646,0.00
1786242808,ingest,0.00,0.00,0.0,0.000,0.003,0.327,44.646,0.00
1786242813,ingest,0.00,0.00,0.0,0.000,0.003,0.327,44.647,0.00
1786242818,ingest,0.00,0.00,0.0,0.000,0.003,0.327,44.648,0.00
1786242823,ingest,0.00,0.00,0.0,0.000,0.003,0.327,44.649,0.00
1786242828,ingest,0.00,0.00,0.0,0.000,0.003,0.327,44.650,0.00
1786242833,ingest,0.00,0.00,0.0,0.000,0.003,0.327,44.653,0.00
1786242838,ingest,0.00,0.00,0.0,0.000,0.003,0.327,44.653,0.00
1786242843,ingest,0.00,0.00,0.0,0.000,0.003,0.327,44.654,0.00
1786242848,ingest,0.00,0.00,0.0,0.000,0.003,0.327,44.654,0.00
1786242853,ingest,0.00,0.00,0.0,0.000,0.003,0.327,44.653,0.00
1786242858,ingest,0.00,0.00,0.0,0.000,0.003,0.327,44.653,0.00
1786242863,ingest,0.00,0.00,0.0,0.000,0.003,0.327,44.655,0.00
1786242869,ingest,0.00,0.00,0.0,0.000,0.003,0.327,44.654,0.00
1786242874,ingest,0.00,0.00,0.0,0.000,0.003,0.327,44.654,0.00
1786242879,ingest,0.00,0.00,0.0,0.000,0.003,0.327,44.654,0.00
1786242884,ingest,0.00,0.00,0.0,0.000,0.003,0.327,44.653,0.00
1786242889,ingest,0.00,0.00,0.0,0.000,0.003,0.327,44.652,0.01
1786242894,ingest,0.00,0.00,0.0,0.000,0.003,0.327,44.655,0.00
1786242899,ingest,0.00,0.00,0.0,0.000,0.003,0.327,44.655,0.00
1786242904,ingest,0.00,0.00,0.0,0.000,0.003,0.327,44.654,0.00
1786242909,ingest,0.00,0.00,0.0,0.000,0.003,0.327,44.654,0.00
1786242914,ingest,0.00,0.00,0.0,0.000,0.003,0.327,44.653,0.00
1786242919,ingest,0.00,0.00,0.0,0.000,0.003,0.327,44.653,0.00
1786242924,ingest,0.00,0.00,0.0,0.000,0.003,0.327,44.657,0.00
1786242929,ingest,0.00,0.00,0.0,0.000,0.003,0.327,44.657,0.00
1786242934,ingest,0.00,0.00,0.0,0.000,0.003,0.327,44.659,0.00
1786242939,ingest,0.00,0.00,0.0,0.000,0.003,0.327,44.659,0.00
1786242944,ingest,0.00,0.00,0.0,0.000,0.003,0.327,44.659,0.00
1786242949,ingest,0.00,0.00,0.0,0.000,0.003,0.327,44.659,0.00
1786242954,ingest,0.00,0.00,0.0,0.000,0.003,0.327,44.658,0.00
1786242960,ingest,0.00,0.00,0.0,0.000,0.003,0.327,44.658,0.00
1786242965,ingest,0.00,0.00,0.0,0.000,0.003,0.327,44.656,0.00
1786242970,ingest,0.00,0.00,0.0,0.000,0.003,0.327,44.657,0.00
1786242975,ingest,0.00,0.00,0.0,0.000,0.003,0.327,44.655,0.00
1786242980,ingest,0.00,0.00,0.0,0.000,0.003,0.327,44.655,0.00
1786242985,ingest,0.00,0.00,0.0,0.000,0.003,0.327,44.655,0.00
1786242990,ingest,0.00,0.00,0.0,0.000,0.003,0.327,44.654,0.00
1786242995,ingest,0.00,0.00,0.0,0.000,0.003,0.327,44.655,0.00
1786243000,ingest,0.00,0.00,0.0,0.000,0.003,0.327,44.655,0.00
1786243005,ingest,0.00,0.00,0.0,0.000,0.003,0.327,44.655,0.00
1786243010,ingest,0.00,0.00,0.0,0.000,0.003,0.327,44.656,0.00
1786243015,ingest,0.00,0.00,0.0,0.000,0.003,0.327,44.655,0.00
1786243020,ingest,0.00,0.00,0.0,0.000,0.003,0.327,44.655,0.00
1786243025,ingest,0.00,0.00,0.0,0.000,0.003,0.327,44.656,0.00
1786243030,ingest,0.00,0.00,0.0,0.000,0.003,0.327,44.656,0.00
1786243035,ingest,0.00,0.00,0.0,0.000,0.003,0.327,44.656,0.00
1786243040,ingest,0.00,0.00,0.0,0.000,0.003,0.327,44.656,0.00
1786243045,ingest,0.00,0.00,0.0,0.000,0.003,0.327,44.658,0.00
1786243050,ingest,0.00,0.00,0.0,0.000,0.003,0.327,44.658,0.00
1786243056,ingest,0.00,0.00,0.0,0.000,0.003,0.327,44.656,0.00
1786243061,ingest,0.00,0.00,0.0,0.000,0.003,0.327,44.656,0.00
1786243066,ingest,0.00,0.00,0.0,0.000,0.003,0.327,44.655,0.00
1786243071,ingest,0.00,0.00,0.0,0.000,0.003,0.327,44.656,0.00
1786243076,ingest,0.00,0.00,0.0,0.000,0.003,0.327,44.655,0.00
1786243081,ingest,0.00,0.00,0.0,0.000,0.003,0.327,44.656,0.00
1786243086,ingest,0.00,0.00,0.0,0.000,0.003,0.327,44.655,0.00
1786243091,ingest,0.00,0.00,0.0,0.000,0.003,0.327,44.654,0.00
1786243096,ingest,0.00,0.00,0.0,0.000,0.003,0.327,44.656,0.00
1786243101,ingest,0.00,0.00,0.0,0.000,0.003,0.327,44.657,0.00
1786243106,ingest,0.00,0.00,0.0,0.000,0.003,0.327,44.656,0.00
1786243111,ingest,0.00,0.00,0.0,0.000,0.003,0.327,44.656,0.00
1786243116,ingest,0.00,0.00,0.0,0.000,0.003,0.327,44.659,0.00
1786243121,ingest,0.00,0.00,0.0,0.000,0.003,0.327,44.659,0.00
1786243126,ingest,0.00,0.00,0.0,0.000,0.003,0.327,44.660,0.00
1786243131,ingest,0.00,0.00,0.0,0.000,0.003,0.327,44.661,0.00
1786243136,ingest,0.00,0.00,0.0,0.000,0.003,0.327,44.659,0.00
1786243141,ingest,0.00,0.00,0.0,0.000,0.003,0.327,44.659,0.00
1786243146,ingest,0.00,0.00,0.0,0.000,0.003,0.327,44.659,0.00
1786243152,ingest,0.00,0.00,0.0,0.000,0.003,0.327,44.658,0.00
1786243157,ingest,0.00,0.00,0.0,0.000,0.003,0.327,44.658,0.00
1786243162,ingest,0.00,0.00,0.0,0.000,0.003,0.327,44.658,0.00
1786243167,ingest,0.00,0.00,0.0,0.000,0.003,0.327,44.658,0.00
1786243172,ingest,0.00,0.00,0.0,0.000,0.003,0.327,44.658,0.00
1786243177,ingest,0.00,0.00,0.0,0.000,0.003,0.327,44.657,0.00
1786243182,ingest,0.00,0.00,0.0,0.000,0.003,0.327,44.657,0.00
1786243187,ingest,0.00,0.00,0.0,0.000,0.003,0.327,44.650,0.01
1786243192,ingest,0.00,0.00,0.0,0.000,0.003,0.327,44.655,0.00
1786243197,ingest,0.00,0.00,0.0,0.000,0.003,0.327,44.656,0.00
1786243202,ingest,0.00,0.00,0.0,0.000,0.003,0.327,44.655,0.00
1786243207,ingest,0.00,0.00,0.0,0.000,0.003,0.327,44.655,0.00
1786243212,ingest,0.00,0.00,0.0,0.000,0.003,0.327,44.655,0.00
1786243217,ingest,0.00,0.00,0.0,0.000,0.003,0.327,44.655,0.00
1786243222,ingest,0.00,0.00,0.0,0.000,0.003,0.327,44.654,0.00
1786243227,ingest,0.00,0.00,0.0,0.000,0.003,0.327,44.655,0.00
1786243232,ingest,0.00,0.00,0.0,0.000,0.003,0.327,44.657,0.00
1786243237,ingest,0.00,0.00,0.0,0.000,0.003,0.327,44.657,0.00
1786243243,ingest,0.00,0.00,0.0,0.000,0.003,0.327,44.657,0.00
1786243248,ingest,0.00,0.00,0.0,0.000,0.003,0.327,44.658,0.00
1786243253,ingest,0.00,0.00,0.0,0.000,0.003,0.327,44.658,0.00
1786243258,ingest,0.00,0.00,0.0,0.000,0.003,0.327,44.658,0.00
1786243263,ingest,0.00,0.00,0.0,0.000,0.003,0.327,44.656,0.00
1786243268,ingest,0.00,0.00,0.0,0.000,0.003,0.327,44.656,0.00
1786243273,ingest,0.00,0.00,0.0,0.000,0.003,0.327,44.656,0.00
1786243278,ingest,0.00,0.00,0.0,0.000,0.003,0.327,44.656,0.00
1786243283,ingest,0.00,0.00,0.0,0.000,0.003,0.327,44.656,0.00
1786243288,ingest,0.00,0.00,0.0,0.000,0.003,0.327,44.655,0.00
1786243293,ingest,0.00,0.00,0.0,0.000,0.003,0.327,44.656,0.00
1786243298,ingest,0.00,0.00,0.0,0.000,0.003,0.327,44.656,0.00
1786243303,ingest,0.00,0.00,0.0,0.000,0.003,0.327,44.654,0.00
1786243308,ingest,0.00,0.00,0.0,0.000,0.003,0.327,44.654,0.00
1786243313,ingest,0.00,0.00,0.0,0.000,0.003,0.327,44.653,0.00
1786243318,ingest,0.00,0.00,0.0,0.000,0.003,0.327,44.653,0.00
1786243323,ingest,0.00,0.00,0.0,0.000,0.003,0.327,44.654,0.00
1786243328,ingest,0.00,0.00,0.0,0.000,0.003,0.327,44.654,0.00
1786243333,ingest,0.00,0.00,0.0,0.000,0.003,0.327,44.653,0.00
1786243339,ingest,0.00,0.00,0.0,0.000,0.003,0.327,44.652,0.00
1786243344,ingest,0.00,0.00,0.0,0.000,0.003,0.327,44.652,0.00
1786243349,ingest,0.00,0.00,0.0,0.000,0.003,0.327,44.652,0.00
1786243354,ingest,0.00,0.00,0.0,0.000,0.003,0.327,44.652,0.00
1786243359,ingest,0.00,0.00,0.0,0.000,0.003,0.327,44.652,0.00
1786243364,ingest,0.00,0.00,0.0,0.000,0.003,0.327,44.652,0.00
1786243369,ingest,0.00,0.00,0.0,0.000,0.003,0.327,44.652,0.00
1786243374,ingest,0.00,0.00,0.0,0.000,0.003,0.327,44.650,0.00
1786243379,ingest,0.00,0.00,0.0,0.000,0.003,0.327,44.651,0.00
1786243384,ingest,0.00,0.00,0.0,0.000,0.003,0.327,44.652,0.00
1786243389,ingest,0.00,0.00,0.0,0.000,0.003,0.327,44.652,0.00
1786243394,ingest,0.00,0.00,0.0,0.000,0.003,0.327,44.653,0.00
1786243399,ingest,0.00,0.00,0.0,0.000,0.003,0.327,44.654,0.00
1786243404,ingest,0.00,0.00,0.0,0.000,0.003,0.327,44.652,0.00
1786243409,ingest,0.00,0.00,0.0,0.000,0.003,0.327,44.653,0.00
1786243414,ingest,0.00,0.00,0.0,0.000,0.003,0.327,44.653,0.00
1786243419,ingest,0.00,0.00,0.0,0.000,0.003,0.327,44.652,0.00
1786243424,ingest,0.00,0.00,0.0,0.000,0.003,0.327,44.652,0.00
1786243430,ingest,0.00,0.00,0.0,0.000,0.003,0.327,44.652,0.00
1786243435,ingest,0.00,0.00,0.0,0.000,0.003,0.327,44.652,0.00
1786243440,ingest,0.00,0.00,0.0,0.000,0.003,0.327,44.653,0.00
1786243445,ingest,0.00,0.00,0.0,0.000,0.003,0.327,44.652,0.00
1786243450,ingest,0.00,0.00,0.0,0.000,0.003,0.327,44.654,0.00
1786243455,ingest,0.00,0.00,0.0,0.000,0.003,0.327,44.652,0.00
1786243460,ingest,0.00,0.00,0.0,0.000,0.003,0.327,44.653,0.00
1786243465,ingest,0.00,0.00,0.0,0.000,0.003,0.327,44.652,0.00
1786243470,ingest,0.00,0.00,0.0,0.000,0.003,0.327,44.652,0.00
1786243475,ingest,0.00,0.00,0.0,0.000,0.003,0.327,44.653,0.00
1786243480,ingest,0.00,0.00,0.0,0.000,0.003,0.327,44.653,0.00
1786243485,ingest,0.00,0.00,0.0,0.000,0.003,0.327,44.656,0.00
1786243490,ingest,0.00,0.00,0.0,0.000,0.003,0.327,44.653,0.01
1786243495,ingest,0.00,0.00,0.0,0.000,0.003,0.327,44.653,0.00
1786243500,ingest,0.00,0.00,0.0,0.000,0.003,0.327,44.654,0.00
1786243505,ingest,0.00,0.00,0.0,0.000,0.003,0.327,44.654,0.00
1786243510,ingest,0.00,0.00,0.0,0.000,0.003,0.327,44.653,0.00
1786243515,ingest,0.00,0.00,0.0,0.000,0.003,0.327,44.651,0.00
1786243520,ingest,0.00,0.00,0.0,0.000,0.003,0.327,44.652,0.00
1786243526,ingest,0.00,0.00,0.0,0.000,0.003,0.327,44.654,0.00
1786243531,ingest,0.00,0.00,0.0,0.000,0.003,0.327,44.654,0.00
1786243536,ingest,0.00,0.00,0.0,0.000,0.003,0.327,44.654,0.00
1786243541,ingest,0.00,0.00,0.0,0.000,0.003,0.327,44.654,0.00
1786243546,ingest,0.00,0.00,0.0,0.000,0.003,0.327,44.654,0.00
1786243551,ingest,0.00,0.00,0.0,0.000,0.003,0.327,44.653,0.00
1786243556,ingest,0.00,0.00,0.0,0.000,0.003,0.327,44.654,0.00
1786243561,ingest,0.00,0.00,0.0,0.000,0.003,0.327,44.653,0.00
1786243566,ingest,0.00,0.00,0.0,0.000,0.003,0.327,44.653,0.00
1786243571,ingest,0.00,0.00,0.0,0.000,0.003,0.327,44.651,0.00
1786243576,ingest,0.00,0.00,0.0,0.000,0.003,0.327,44.651,0.00
1786243581,ingest,0.00,0.00,0.0,0.000,0.003,0.327,44.652,0.00
1786243586,ingest,0.00,0.00,0.0,0.000,0.003,0.327,44.652,0.00
1786243591,ingest,0.00,0.00,0.0,0.000,0.003,0.327,44.650,0.00
1786243596,ingest,0.00,0.00,0.0,0.000,0.003,0.327,44.651,0.00
1786243601,ingest,0.00,0.00,0.0,0.000,0.003,0.327,44.652,0.00
1786243606,ingest,0.00,0.00,0.0,0.000,0.003,0.327,44.652,0.00
1786243611,ingest,0.00,0.00,0.0,0.000,0.003,0.327,44.652,0.00
1786243617,ingest,0.00,0.00,0.0,0.000,0.003,0.327,44.652,0.00
1786243622,ingest,0.00,0.00,0.0,0.000,0.003,0.327,44.653,0.00
1786243627,ingest,0.00,0.00,0.0,0.000,0.003,0.327,44.653,0.00
1786243632,ingest,0.00,0.00,0.0,0.000,0.003,0.327,44.652,0.00
1786243637,ingest,0.00,0.00,0.0,0.000,0.003,0.327,44.653,0.00
1786243642,ingest,0.00,0.00,0.0,0.000,0.003,0.327,44.651,0.00
1786243647,ingest,0.00,0.00,0.0,0.000,0.003,0.327,44.652,0.00
1786243652,ingest,0.00,0.00,0.0,0.000,0.003,0.327,44.649,0.00
1786243657,ingest,0.00,0.00,0.0,0.000,0.003,0.327,44.648,0.00
1786243662,ingest,0.00,0.00,0.0,0.000,0.003,0.327,44.648,0.00
1786243667,ingest,0.00,0.00,0.0,0.000,0.003,0.327,44.648,0.00
1786243672,ingest,0.00,0.00,0.0,0.000,0.003,0.327,44.650,0.00
1786243677,ingest,0.00,0.00,0.0,0.000,0.003,0.327,44.650,0.00
1786243682,ingest,0.00,0.00,0.0,0.000,0.003,0.327,44.650,0.00
1786243687,ingest,0.00,0.00,0.0,0.000,0.003,0.327,44.651,0.00
1786243692,ingest,0.00,0.00,0.0,0.000,0.003,0.327,44.652,0.00
1786243697,ingest,0.00,0.00,0.0,0.000,0.003,0.327,44.652,0.00
1786243702,ingest,0.00,0.00,0.0,0.000,0.003,0.327,44.650,0.00
1786243707,ingest,0.00,0.00,0.0,0.000,0.003,0.327,44.651,0.00
1786243713,ingest,0.00,0.00,0.0,0.000,0.003,0.327,44.653,0.00
1786243718,ingest,0.00,0.00,0.0,0.000,0.003,0.327,44.652,0.00
1786243723,ingest,0.00,0.00,0.0,0.000,0.003,0.327,44.650,0.00
1786243728,ingest,0.00,0.00,0.0,0.000,0.003,0.327,44.650,0.00
1786243733,ingest,0.00,0.00,0.0,0.000,0.003,0.327,44.649,0.00
1786243738,ingest,0.00,0.00,0.0,0.000,0.003,0.327,44.648,0.00
1786243743,ingest,0.00,0.00,0.0,0.000,0.003,0.327,44.647,0.00
1786243748,ingest,0.00,0.00,0.0,0.000,0.003,0.327,44.648,0.00
1786243753,ingest,0.00,0.00,0.0,0.000,0.003,0.327,44.647,0.00
1786243758,ingest,0.00,0.00,0.0,0.000,0.003,0.327,44.647,0.00
1786243763,ingest,0.00,0.00,0.0,0.000,0.003,0.327,44.646,0.00
1786243768,ingest,0.00,0.00,0.0,0.000,0.003,0.327,44.648,0.00
1786243773,ingest,0.00,0.00,0.0,0.000,0.003,0.327,44.650,0.00
1786243778,ingest,0.00,0.00,0.0,0.000,0.003,0.327,44.650,0.00
1786243783,ingest,0.00,0.00,0.0,0.000,0.003,0.327,44.650,0.00
1786243788,ingest,0.00,0.00,0.0,0.000,0.003,0.327,44.649,0.01
1786243793,ingest,0.00,0.00,0.0,0.000,0.003,0.327,44.649,0.00
1786243798,ingest,0.00,0.00,0.0,0.000,0.003,0.327,44.651,0.00
1786243804,ingest,0.00,0.00,0.0,0.000,0.003,0.327,44.653,0.00
1786243809,ingest,0.00,0.00,0.0,0.000,0.003,0.327,44.652,0.00
1786243814,ingest,0.00,0.00,0.0,0.000,0.003,0.327,44.650,0.00
1786243819,ingest,0.00,0.00,0.0,0.000,0.003,0.327,44.651,0.00
1786243824,ingest,0.00,0.00,0.0,0.000,0.003,0.327,44.650,0.00
1786243829,ingest,0.00,0.00,0.0,0.000,0.003,0.327,44.650,0.00
1786243834,ingest,0.00,0.00,0.0,0.000,0.003,0.327,44.649,0.00
1786243839,ingest,0.00,0.00,0.0,0.000,0.003,0.327,44.650,0.00
1786243844,ingest,0.00,0.00,0.0,0.000,0.003,0.327,44.650,0.00
1786243849,ingest,0.00,0.00,0.0,0.000,0.003,0.327,44.649,0.00
1786243854,ingest,0.00,0.00,0.0,0.000,0.003,0.327,44.649,0.00
1786243859,ingest,0.00,0.00,0.0,0.000,0.003,0.327,44.650,0.00
1786243864,ingest,0.00,0.00,0.0,0.000,0.003,0.327,44.653,0.00
1786243869,ingest,0.00,0.00,0.0,0.000,0.003,0.327,44.653,0.00
1786243874,ingest,0.00,0.00,0.0,0.000,0.003,0.327,44.653,0.00
1786243879,ingest,0.00,0.00,0.0,0.000,0.003,0.327,44.653,0.00
1786243884,ingest,0.00,0.00,0.0,0.000,0.003,0.327,44.652,0.00
1786243889,ingest,0.00,0.00,0.0,0.000,0.003,0.327,44.653,0.00
1786243894,ingest,0.00,0.00,0.0,0.000,0.003,0.327,44.653,0.00
1786243900,ingest,0.00,0.00,0.0,0.000,0.003,0.327,44.652,0.00
1786243905,ingest,0.00,0.00,0.0,0.000,0.003,0.327,44.653,0.00
1786243910,ingest,0.00,0.00,0.0,0.000,0.003,0.327,44.653,0.00
1786243915,ingest,0.00,0.00,0.0,0.000,0.003,0.327,44.646,0.00
1786243920,ingest,0.00,0.00,0.0,0.000,0.003,0.327,44.654,0.00
1786243925,ingest,0.00,0.00,0.0,0.000,0.003,0.327,44.654,0.00
1786243930,ingest,0.00,0.00,0.0,0.000,0.003,0.327,44.653,0.00
1786243935,ingest,0.00,0.00,0.0,0.000,0.003,0.327,44.653,0.00
1786243940,ingest,0.00,0.00,0.0,0.000,0.003,0.327,44.655,0.00
1786243945,ingest,0.00,0.00,0.0,0.000,0.003,0.327,44.656,0.00
1786243950,ingest,0.00,0.00,0.0,0.000,0.003,0.327,44.654,0.00
1786243955,ingest,0.00,0.00,0.0,0.000,0.003,0.327,44.654,0.00
1786243960,ingest,0.00,0.00,0.0,0.000,0.003,0.327,44.657,0.00
1786243965,ingest,0.00,0.00,0.0,0.000,0.003,0.327,44.657,0.00
1786243970,ingest,0.00,0.00,0.0,0.000,0.003,0.327,44.657,0.00
1786243975,ingest,0.00,0.00,0.0,0.000,0.003,0.327,44.657,0.00
1786243980,ingest,0.00,0.00,0.0,0.000,0.003,0.327,44.657,0.00
1786243985,ingest,0.00,0.00,0.0,0.000,0.003,0.327,44.657,0.00
1786243991,ingest,0.00,0.00,0.0,0.000,0.003,0.327,44.656,0.00
1786243996,ingest,0.00,0.00,0.0,0.000,0.003,0.327,44.656,0.00
1786244001,ingest,0.00,0.00,0.0,0.000,0.003,0.327,44.654,0.00
1786244006,ingest,0.00,0.00,0.0,0.000,0.003,0.327,44.654,0.00
1786244011,ingest,0.00,0.00,0.0,0.000,0.003,0.327,44.654,0.00
1786244016,ingest,0.00,0.00,0.0,0.000,0.003,0.327,44.655,0.00
1786244021,ingest,0.00,0.00,0.0,0.000,0.003,0.327,44.657,0.00
1786244026,ingest,0.00,0.00,0.0,0.000,0.003,0.327,44.657,0.00
1786244031,ingest,0.00,0.00,0.0,0.000,0.003,0.327,44.655,0.00
1786244036,ingest,0.00,0.00,0.0,0.000,0.003,0.327,44.656,0.00
1786244041,ingest,0.00,0.00,0.0,0.000,0.003,0.327,44.655,0.00
1786244046,ingest,0.00,0.00,0.0,0.000,0.003,0.327,44.656,0.00
1786244051,ingest,0.00,0.00,0.0,0.000,0.003,0.327,44.655,0.00
1786244056,ingest,0.00,0.00,0.0,0.000,0.003,0.327,44.655,0.00
1786244061,ingest,0.00,0.00,0.0,0.000,0.003,0.327,44.656,0.00
1786244066,ingest,0.00,0.00,0.0,0.000,0.003,0.327,44.656,0.00
1786244071,ingest,0.00,0.00,0.0,0.000,0.003,0.327,44.655,0.00
1786244076,ingest,0.00,0.00,0.0,0.000,0.003,0.327,44.655,0.00
1786244081,ingest,0.00,0.00,0.0,0.000,0.003,0.327,44.655,0.00
1786244087,ingest,0.00,0.00,0.0,0.000,0.003,0.327,44.655,0.00
1786244092,ingest,0.00,0.00,0.0,0.000,0.003,0.327,44.653,0.01
1786244097,ingest,0.00,0.00,0.0,0.000,0.003,0.327,44.654,0.00
1786244102,ingest,0.00,0.00,0.0,0.000,0.003,0.327,44.654,0.00
1786244107,ingest,0.00,0.00,0.0,0.000,0.003,0.327,44.655,0.00
1786244112,ingest,0.00,0.00,0.0,0.000,0.003,0.327,44.655,0.00
1786244117,ingest,0.00,0.00,0.0,0.000,0.003,0.327,44.655,0.00
1786244122,ingest,0.00,0.00,0.0,0.000,0.003,0.327,44.653,0.00
1786244127,ingest,0.00,0.00,0.0,0.000,0.003,0.327,44.654,0.00
1786244132,ingest,0.00,0.00,0.0,0.000,0.003,0.327,44.654,0.00
1786244137,ingest,0.00,0.00,0.0,0.000,0.003,0.327,44.654,0.00
1786244142,ingest,0.00,0.00,0.0,0.000,0.003,0.327,44.654,0.00
1786244147,ingest,0.00,0.00,0.0,0.000,0.003,0.327,44.654,0.00
1786244152,ingest,0.00,0.00,0.0,0.000,0.003,0.327,44.652,0.00
1786244157,ingest,0.00,0.00,0.0,0.000,0.003,0.327,44.653,0.00
1786244162,ingest,0.00,0.00,0.0,0.000,0.003,0.327,44.653,0.00
1786244167,ingest,0.00,0.00,0.0,0.000,0.003,0.327,44.655,0.00
1786244172,ingest,0.00,0.00,0.0,0.000,0.003,0.327,44.653,0.00
1786244178,ingest,0.00,0.00,0.0,0.000,0.003,0.327,44.653,0.00
1786244183,ingest,0.00,0.00,0.0,0.000,0.003,0.327,44.650,0.00
1786244188,ingest,0.00,0.00,0.0,0.000,0.003,0.327,44.651,0.00
1786244193,ingest,0.00,0.00,0.0,0.000,0.003,0.327,44.650,0.00
1786244198,ingest,0.00,0.00,0.0,0.000,0.003,0.327,44.650,0.00
1786244203,ingest,0.00,0.00,0.0,0.000,0.003,0.327,44.647,0.00
1786244208,ingest,0.00,0.00,0.0,0.000,0.003,0.327,44.647,0.00
1786244213,ingest,0.00,0.00,0.0,0.000,0.003,0.327,44.646,0.00
1786244218,ingest,0.00,0.00,0.0,0.000,0.003,0.327,44.647,0.00
1786244223,ingest,0.00,0.00,0.0,0.000,0.003,0.327,44.647,0.00
1786244228,ingest,0.00,0.00,0.0,0.000,0.003,0.327,44.647,0.00
1786244233,ingest,0.00,0.00,0.0,0.000,0.003,0.327,44.647,0.00
1786244238,ingest,0.00,0.00,0.0,0.000,0.003,0.327,44.647,0.00
1786244243,ingest,0.00,0.00,0.0,0.000,0.003,0.327,44.646,0.00
1786244248,ingest,0.00,0.00,0.0,0.000,0.003,0.327,44.646,0.00
1786244253,ingest,0.00,0.00,0.0,0.000,0.003,0.327,44.645,0.00
1786244258,ingest,0.00,0.00,0.0,0.000,0.003,0.327,44.646,0.00
1786244263,ingest,0.00,0.00,0.0,0.000,0.003,0.327,44.646,0.00
1786244268,ingest,0.00,0.00,0.0,0.000,0.003,0.327,44.646,0.00
1786244274,ingest,0.00,0.00,0.0,0.000,0.003,0.327,44.646,0.00
1786244279,ingest,0.00,0.00,0.0,0.000,0.003,0.327,44.647,0.00
1786244284,ingest,0.00,0.00,0.0,0.000,0.003,0.327,44.647,0.00
1786244289,ingest,0.00,0.00,0.0,0.000,0.003,0.327,44.645,0.00
1786244294,ingest,0.00,0.00,0.0,0.000,0.003,0.327,44.645,0.00
1786244299,ingest,0.00,0.00,0.0,0.000,0.003,0.327,44.647,0.00
1786244304,ingest,0.00,0.00,0.0,0.000,0.003,0.327,44.647,0.00
1786244309,ingest,0.00,0.00,0.0,0.000,0.003,0.327,44.648,0.00
1786244314,ingest,0.00,0.00,0.0,0.000,0.003,0.327,44.647,0.00
1786244319,ingest,0.00,0.00,0.0,0.000,0.003,0.327,44.645,0.00
1786244324,ingest,0.00,0.00,0.0,0.000,0.003,0.327,44.645,0.00
1786244329,ingest,0.00,0.00,0.0,0.000,0.003,0.327,44.646,0.00
1786244334,ingest,0.00,0.00,0.0,0.000,0.003,0.327,44.646,0.00
1786244339,ingest,0.00,0.00,0.0,0.000,0.003,0.327,44.646,0.00
1786244344,ingest,0.00,0.00,0.0,0.000,0.003,0.327,44.647,0.00
1786244349,ingest,0.00,0.00,0.0,0.000,0.003,0.327,44.646,0.00
1786244354,ingest,0.00,0.00,0.0,0.000,0.003,0.327,44.646,0.00
1786244359,ingest,0.00,0.00,0.0,0.000,0.003,0.327,44.645,0.00
1786244365,ingest,0.00,0.00,0.0,0.000,0.003,0.327,44.645,0.00
1786244370,ingest,0.00,0.00,0.0,0.000,0.003,0.327,44.646,0.00
1786244375,ingest,0.00,0.00,0.0,0.000,0.003,0.327,44.647,0.00
1786244380,ingest,0.00,0.00,0.0,0.000,0.003,0.327,44.649,0.00
1786244385,ingest,0.00,0.00,0.0,0.000,0.003,0.327,44.649,0.00
1786244390,ingest,0.00,0.00,0.0,0.000,0.003,0.327,44.645,0.01
1786244395,ingest,0.00,0.00,0.0,0.000,0.003,0.327,44.644,0.00
1786244400,ingest,0.00,0.00,0.0,0.000,0.003,0.327,44.647,0.00
1786244405,ingest,0.00,0.00,0.0,0.000,0.003,0.327,44.646,0.00
1786244410,ingest,0.00,0.00,0.0,0.000,0.003,0.327,44.644,0.00
1786244415,ingest,0.00,0.00,0.0,0.000,0.003,0.327,44.645,0.00
1786244420,ingest,0.00,0.00,0.0,0.000,0.003,0.327,44.648,0.00
1786244425,ingest,0.00,0.00,0.0,0.000,0.003,0.327,44.648,0.00
1786244430,ingest,0.00,0.00,0.0,0.000,0.003,0.327,44.646,0.00
1786244435,ingest,0.00,0.00,0.0,0.000,0.003,0.327,44.647,0.00
1786244440,ingest,0.00,0.00,0.0,0.000,0.003,0.327,44.646,0.00
1786244445,ingest,0.00,0.00,0.0,0.000,0.003,0.327,44.646,0.00
1786244450,ingest,0.00,0.00,0.0,0.000,0.003,0.327,44.649,0.00
1786244455,ingest,0.00,0.00,0.0,0.000,0.003,0.327,44.650,0.00
1786244461,ingest,0.00,0.00,0.0,0.000,0.003,0.327,44.649,0.00
1786244466,ingest,0.00,0.00,0.0,0.000,0.003,0.327,44.650,0.00
1786244471,ingest,0.00,0.00,0.0,0.000,0.003,0.327,44.650,0.00
1786244476,ingest,0.00,0.00,0.0,0.000,0.003,0.327,44.650,0.00
1786244481,ingest,0.00,0.00,0.0,0.000,0.003,0.327,44.651,0.00
1786244486,ingest,0.00,0.00,0.0,0.000,0.003,0.327,44.651,0.00
1786244491,ingest,0.00,0.00,0.0,0.000,0.003,0.327,44.649,0.00
1786244496,ingest,0.00,0.00,0.0,0.000,0.003,0.327,44.650,0.00
1786244501,ingest,0.00,0.00,0.0,0.000,0.003,0.327,44.650,0.00
1786244506,ingest,0.00,0.00,0.0,0.000,0.003,0.327,44.650,0.00
1786244511,ingest,0.00,0.00,0.0,0.000,0.003,0.327,44.649,0.00
1786244516,ingest,0.00,0.00,0.0,0.000,0.003,0.327,44.649,0.00
1786244521,ingest,0.00,0.00,0.0,0.000,0.003,0.327,44.648,0.00
1786244526,ingest,0.00,0.00,0.0,0.000,0.003,0.327,44.648,0.00
1786244531,ingest,0.00,0.00,0.0,0.000,0.003,0.327,44.648,0.00
1786244536,ingest,0.00,0.00,0.0,0.000,0.003,0.327,44.648,0.00
1786244541,ingest,0.00,0.00,0.0,0.000,0.003,0.327,44.647,0.00
1786244546,ingest,0.00,0.00,0.0,0.000,0.003,0.327,44.648,0.00
1786244552,ingest,0.00,0.00,0.0,0.000,0.003,0.327,44.648,0.00
1786244557,ingest,0.00,0.00,0.0,0.000,0.003,0.327,44.649,0.00
1786244562,ingest,0.00,0.00,0.0,0.000,0.003,0.327,44.652,0.00
1786244567,ingest,0.00,0.00,0.0,0.000,0.003,0.327,44.653,0.00
1786244572,ingest,0.00,0.00,0.0,0.000,0.003,0.327,44.651,0.00
1786244577,ingest,0.00,0.00,0.0,0.000,0.003,0.327,44.650,0.00
1786244582,ingest,0.00,0.00,0.0,0.000,0.003,0.327,44.649,0.00
1786244587,ingest,0.00,0.00,0.0,0.000,0.003,0.327,44.650,0.00
1786244592,ingest,0.00,0.00,0.0,0.000,0.003,0.327,44.649,0.00
1786244597,ingest,0.00,0.00,0.0,0.000,0.003,0.327,44.649,0.00
1786244602,ingest,0.00,0.00,0.0,0.000,0.003,0.327,44.648,0.00
1786244607,ingest,0.00,0.00,0.0,0.000,0.003,0.327,44.649,0.00
1786244612,ingest,0.00,0.00,0.0,0.000,0.003,0.327,44.649,0.00
1786244617,ingest,0.00,0.00,0.0,0.000,0.003,0.327,44.650,0.00
1786244622,ingest,0.00,0.00,0.0,0.000,0.003,0.327,44.648,0.00
1786244627,ingest,0.00,0.00,0.0,0.000,0.003,0.327,44.649,0.00
1786244632,ingest,0.00,0.00,0.0,0.000,0.003,0.327,44.648,0.00
1786244637,ingest,0.00,0.00,0.0,0.000,0.003,0.327,44.648,0.00
1786244642,ingest,0.00,0.00,0.0,0.000,0.003,0.327,44.641,0.00
1786244648,ingest,0.00,0.00,0.0,0.000,0.003,0.327,44.647,0.00
1786244653,ingest,0.00,0.00,0.0,0.000,0.003,0.327,44.647,0.00
1786244658,ingest,0.00,0.00,0.0,0.000,0.003,0.327,44.646,0.00
1786244663,ingest,0.00,0.00,0.0,0.000,0.003,0.327,44.648,0.00
1786244668,ingest,0.00,0.00,0.0,0.000,0.003,0.327,44.647,0.00
1786244673,ingest,0.00,0.00,0.0,0.000,0.003,0.327,44.648,0.00
1786244678,ingest,0.00,0.00,0.0,0.000,0.003,0.327,44.646,0.00
1786244683,ingest,0.00,0.00,0.0,0.000,0.003,0.327,44.646,0.00
1786244688,ingest,0.00,0.00,0.0,0.000,0.003,0.327,44.645,0.01
1786244693,ingest,0.00,0.00,0.0,0.000,0.003,0.327,44.645,0.00
1786244698,ingest,0.00,0.00,0.0,0.000,0.003,0.327,44.645,0.00
1786244703,ingest,0.00,0.00,0.0,0.000,0.003,0.327,44.644,0.00
1786244708,ingest,0.00,0.00,0.0,0.000,0.003,0.327,44.647,0.00
1786244713,ingest,0.00,0.00,0.0,0.000,0.003,0.327,44.646,0.00
1786244718,ingest,0.00,0.00,0.0,0.000,0.003,0.327,44.646,0.00
1786244723,ingest,0.00,0.00,0.0,0.000,0.003,0.327,44.646,0.00
1786244728,ingest,0.00,0.00,0.0,0.000,0.003,0.327,44.649,0.00
1786244733,ingest,0.00,0.00,0.0,0.000,0.003,0.327,44.649,0.00
1786244738,ingest,0.00,0.00,0.0,0.000,0.003,0.327,44.648,0.00
1786244744,ingest,0.00,0.00,0.0,0.000,0.003,0.327,44.648,0.00
1786244749,ingest,0.00,0.00,0.0,0.000,0.003,0.327,44.647,0.00
1786244754,ingest,0.00,0.00,0.0,0.000,0.003,0.327,44.647,0.00
1786244759,ingest,0.00,0.00,0.0,0.000,0.003,0.327,44.649,0.00
1786244764,ingest,0.00,0.00,0.0,0.000,0.003,0.327,44.649,0.00
1786244769,ingest,0.00,0.00,0.0,0.000,0.003,0.327,44.652,0.00
1786244774,ingest,0.00,0.00,0.0,0.000,0.003,0.327,44.653,0.00
1786244779,ingest,0.00,0.00,0.0,0.000,0.003,0.327,44.655,0.00
1786244784,ingest,0.00,0.00,0.0,0.000,0.003,0.327,44.655,0.00
1786244789,ingest,0.00,0.00,0.0,0.000,0.003,0.327,44.655,0.00
1786244794,ingest,0.00,0.00,0.0,0.000,0.003,0.327,44.655,0.00
1786244799,ingest,0.00,0.00,0.0,0.000,0.003,0.327,44.657,0.00
1786244804,ingest,0.00,0.00,0.0,0.000,0.003,0.327,44.657,0.00
1786244809,ingest,0.00,0.00,0.0,0.000,0.003,0.327,44.659,0.00
1786244814,ingest,0.00,0.00,0.0,0.000,0.003,0.327,44.659,0.00
1786244819,ingest,0.00,0.00,0.0,0.000,0.003,0.327,44.660,0.00
1786244824,ingest,0.00,0.00,0.0,0.000,0.003,0.327,44.660,0.00
1786244829,ingest,0.00,0.00,0.0,0.000,0.003,0.327,44.661,0.00
1786244835,ingest,0.00,0.00,0.0,0.000,0.003,0.327,44.661,0.00
1786244840,ingest,0.00,0.00,0.0,0.000,0.003,0.327,44.659,0.00
1786244845,ingest,0.00,0.00,0.0,0.000,0.003,0.327,44.658,0.00
1786244850,ingest,0.00,0.00,0.0,0.000,0.003,0.327,44.660,0.00
1786244855,ingest,0.00,0.00,0.0,0.000,0.003,0.327,44.660,0.00
1786244860,ingest,0.00,0.00,0.0,0.000,0.003,0.327,44.660,0.00
1786244865,ingest,0.00,0.00,0.0,0.000,0.003,0.327,44.661,0.00
1786244870,ingest,0.00,0.00,0.0,0.000,0.003,0.327,44.658,0.00
1786244875,ingest,0.00,0.00,0.0,0.000,0.003,0.327,44.659,0.00
1786244880,ingest,0.00,0.00,0.0,0.000,0.003,0.327,44.659,0.00
1786244885,ingest,0.00,0.00,0.0,0.000,0.003,0.327,44.658,0.00
1786244890,ingest,0.00,0.00,0.0,0.000,0.003,0.327,44.656,0.00
1786244895,ingest,0.00,0.00,0.0,0.000,0.003,0.327,44.656,0.00
1786244900,ingest,0.00,0.00,0.0,0.000,0.003,0.327,44.657,0.00
1786244905,ingest,0.00,0.00,0.0,0.000,0.003,0.327,44.657,0.00
1786244910,ingest,0.00,0.00,0.0,0.000,0.003,0.327,44.657,0.00
1786244915,ingest,0.00,0.00,0.0,0.000,0.003,0.327,44.659,0.00
1786244920,ingest,0.00,0.00,0.0,0.000,0.003,0.327,44.656,0.00
1786244925,ingest,0.00,0.00,0.0,0.000,0.003,0.327,44.657,0.00
1786244931,ingest,0.00,0.00,0.0,0.000,0.003,0.327,44.655,0.00
1786244936,ingest,0.00,0.00,0.0,0.000,0.003,0.327,44.655,0.00
1786244941,ingest,0.00,0.00,0.0,0.000,0.003,0.327,44.653,0.00
1786244946,ingest,0.00,0.00,0.0,0.000,0.003,0.327,44.654,0.00
1786244951,ingest,0.00,0.00,0.0,0.000,0.003,0.327,44.652,0.00
1786244956,ingest,0.00,0.00,0.0,0.000,0.003,0.327,44.652,0.00
1786244961,ingest,0.00,0.00,0.0,0.000,0.003,0.327,44.652,0.00
1786244966,ingest,0.00,0.00,0.0,0.000,0.003,0.327,44.653,0.00
1786244971,ingest,0.00,0.00,0.0,0.000,0.003,0.327,44.651,0.00
1786244976,ingest,0.00,0.00,0.0,0.000,0.003,0.327,44.652,0.00
1786244981,ingest,0.00,0.00,0.0,0.000,0.003,0.327,44.650,0.00
1786244986,ingest,0.00,0.00,0.0,0.000,0.003,0.327,44.651,0.00
1786244991,ingest,0.00,0.00,0.0,0.000,0.003,0.327,44.648,0.01
1786244996,ingest,0.00,0.00,0.0,0.000,0.003,0.327,44.649,0.00
1786245001,ingest,0.00,0.00,0.0,0.000,0.003,0.327,44.648,0.00
1786245006,ingest,0.00,0.00,0.0,0.000,0.003,0.327,44.648,0.00
1786245011,ingest,0.00,0.00,0.0,0.000,0.003,0.327,44.648,0.00
1786245016,ingest,0.00,0.00,0.0,0.000,0.003,0.327,44.647,0.00
1786245021,ingest,0.00,0.00,0.0,0.000,0.003,0.327,44.647,0.00
1786245027,ingest,0.00,0.00,0.0,0.000,0.003,0.327,44.647,0.00
1786245032,ingest,0.00,0.00,0.0,0.000,0.003,0.327,44.647,0.00
1786245037,ingest,0.00,0.00,0.0,0.000,0.003,0.327,44.647,0.00
1786245042,ingest,0.00,0.00,0.0,0.000,0.003,0.327,44.647,0.00
1786245047,ingest,0.00,0.00,0.0,0.000,0.003,0.327,44.647,0.00
1786245052,ingest,0.00,0.00,0.0,0.000,0.003,0.327,44.648,0.00
1786245057,ingest,0.00,0.00,0.0,0.000,0.003,0.327,44.649,0.00
1786245062,ingest,0.00,0.00,0.0,0.000,0.003,0.327,44.649,0.00
1786245067,ingest,0.00,0.00,0.0,0.000,0.003,0.327,44.650,0.00
1786245072,ingest,0.00,0.00,0.0,0.000,0.003,0.327,44.650,0.00
1786245077,ingest,0.00,0.00,0.0,0.000,0.003,0.327,44.652,0.00
1786245082,ingest,0.00,0.00,0.0,0.000,0.003,0.327,44.652,0.00
1786245087,ingest,0.00,0.00,0.0,0.000,0.003,0.327,44.651,0.00
1786245092,ingest,0.00,0.00,0.0,0.000,0.003,0.327,44.652,0.00
1786245097,ingest,0.00,0.00,0.0,0.000,0.003,0.327,44.651,0.00
1786245102,ingest,0.00,0.00,0.0,0.000,0.003,0.327,44.651,0.00
1786245107,ingest,0.00,0.00,0.0,0.000,0.003,0.327,44.651,0.00
1786245112,ingest,0.00,0.00,0.0,0.000,0.003,0.327,44.650,0.00
1786245117,ingest,0.00,0.00,0.0,0.000,0.003,0.327,44.648,0.00
1786245123,ingest,0.00,0.00,0.0,0.000,0.003,0.327,44.649,0.00
1786245128,ingest,0.00,0.00,0.0,0.000,0.003,0.327,44.648,0.00
1786245133,ingest,0.00,0.00,0.0,0.000,0.003,0.327,44.648,0.00
1786245138,ingest,0.00,0.00,0.0,0.000,0.003,0.327,44.651,0.00
1786245143,ingest,0.00,0.00,0.0,0.000,0.003,0.327,44.652,0.00
1786245148,ingest,0.00,0.00,0.0,0.000,0.003,0.327,44.652,0.00
1786245153,ingest,0.00,0.00,0.0,0.000,0.003,0.327,44.652,0.00
1786245158,ingest,0.00,0.00,0.0,0.000,0.003,0.327,44.650,0.00
1786245163,ingest,0.00,0.00,0.0,0.000,0.003,0.327,44.650,0.00
1786245168,ingest,0.00,0.00,0.0,0.000,0.003,0.327,44.648,0.00
1786245173,ingest,0.00,0.00,0.0,0.000,0.003,0.327,44.650,0.00
1786245178,ingest,0.00,0.00,0.0,0.000,0.003,0.327,44.651,0.00
1786245183,ingest,0.00,0.00,0.0,0.000,0.003,0.327,44.650,0.00
1786245188,ingest,0.00,0.00,0.0,0.000,0.003,0.327,44.650,0.00
1786245193,ingest,0.00,0.00,0.0,0.000,0.003,0.327,44.651,0.00
1786245198,ingest,0.00,0.00,0.0,0.000,0.003,0.327,44.652,0.00
1786245203,ingest,0.00,0.00,0.0,0.000,0.003,0.327,44.651,0.00
1786245208,ingest,0.00,0.00,0.0,0.000,0.003,0.327,44.651,0.00
1786245214,ingest,0.00,0.00,0.0,0.000,0.003,0.327,44.651,0.00
1786245219,ingest,0.00,0.00,0.0,0.000,0.003,0.327,44.651,0.00
1786245224,ingest,0.00,0.00,0.0,0.000,0.003,0.327,44.651,0.00
1786245229,ingest,0.00,0.00,0.0,0.000,0.003,0.327,44.649,0.00
1786245234,ingest,0.00,0.00,0.0,0.000,0.003,0.327,44.649,0.00
1786245239,ingest,0.00,0.00,0.0,0.000,0.003,0.327,44.647,0.00
1786245244,ingest,0.00,0.00,0.0,0.000,0.003,0.327,44.647,0.00
1786245249,ingest,0.00,0.00,0.0,0.000,0.003,0.327,44.646,0.00
1786245254,ingest,0.00,0.00,0.0,0.000,0.003,0.327,44.647,0.00
1786245259,ingest,0.00,0.00,0.0,0.000,0.003,0.327,44.646,0.00
1786245264,ingest,0.00,0.00,0.0,0.000,0.003,0.327,44.646,0.00
1786245269,ingest,0.00,0.00,0.0,0.000,0.003,0.327,44.647,0.00
1786245274,ingest,0.00,0.00,0.0,0.000,0.003,0.327,44.648,0.00
1786245279,ingest,0.00,0.00,0.0,0.000,0.003,0.327,44.647,0.00
1786245284,ingest,0.00,0.00,0.0,0.000,0.003,0.327,44.647,0.00
1786245289,ingest,0.00,0.00,0.0,0.000,0.003,0.327,44.646,0.01
1786245294,ingest,0.00,0.00,0.0,0.000,0.003,0.327,44.646,0.00
1786245299,ingest,0.00,0.00,0.0,0.000,0.003,0.327,44.644,0.00
1786245305,ingest,0.00,0.00,0.0,0.000,0.003,0.327,44.644,0.00
1786245310,ingest,0.00,0.00,0.0,0.000,0.003,0.327,44.646,0.00
1786245315,ingest,0.00,0.00,0.0,0.000,0.003,0.327,44.647,0.00
1786245320,ingest,0.00,0.00,0.0,0.000,0.003,0.327,44.647,0.00
1786245325,ingest,0.00,0.00,0.0,0.000,0.003,0.327,44.648,0.00
1786245330,ingest,0.00,0.00,0.0,0.000,0.003,0.327,44.646,0.00
1786245335,ingest,0.00,0.00,0.0,0.000,0.003,0.327,44.647,0.00
1786245340,ingest,0.00,0.00,0.0,0.000,0.003,0.327,44.651,0.00
1786245345,ingest,0.00,0.00,0.0,0.000,0.003,0.327,44.651,0.00
1786245350,ingest,0.00,0.00,0.0,0.000,0.003,0.327,44.651,0.00
1786245355,ingest,0.00,0.00,0.0,0.000,0.003,0.327,44.652,0.00
1786245360,ingest,0.00,0.00,0.0,0.000,0.003,0.327,44.649,0.00
1786245365,ingest,0.00,0.00,0.0,0.000,0.003,0.327,44.650,0.00
1786245370,ingest,0.00,0.00,0.0,0.000,0.003,0.327,44.650,0.00
1786245375,ingest,0.00,0.00,0.0,0.000,0.003,0.327,44.650,0.00
1786245380,ingest,0.00,0.00,0.0,0.000,0.003,0.327,44.650,0.00
1786245385,ingest,0.00,0.00,0.0,0.000,0.003,0.327,44.651,0.00
1786245390,ingest,0.00,0.00,0.0,0.000,0.003,0.327,44.651,0.00
1786245395,ingest,0.00,0.00,0.0,0.000,0.003,0.327,44.650,0.00
1786245401,ingest,0.00,0.00,0.0,0.000,0.003,0.327,44.649,0.00
1786245406,ingest,0.00,0.00,0.0,0.000,0.003,0.327,44.651,0.00
1786245411,ingest,0.00,0.00,0.0,0.000,0.003,0.327,44.650,0.00
1786245416,ingest,0.00,0.00,0.0,0.000,0.003,0.327,44.648,0.00
1786245421,ingest,0.00,0.00,0.0,0.000,0.003,0.327,44.648,0.00
1786245426,ingest,0.00,0.00,0.0,0.000,0.003,0.327,44.647,0.00
1786245431,ingest,0.00,0.00,0.0,0.000,0.003,0.327,44.647,0.00
1786245436,ingest,0.00,0.00,0.0,0.000,0.003,0.327,44.648,0.00
1786245441,ingest,0.00,0.00,0.0,0.000,0.003,0.327,44.648,0.00
1786245446,ingest,0.00,0.00,0.0,0.000,0.003,0.327,44.649,0.00
1786245451,ingest,0.00,0.00,0.0,0.000,0.003,0.327,44.649,0.00
1786245456,ingest,0.00,0.00,0.0,0.000,0.003,0.327,44.647,0.00
1786245461,ingest,0.00,0.00,0.0,0.000,0.003,0.327,44.647,0.00
1786245466,ingest,0.00,0.00,0.0,0.000,0.003,0.327,44.649,0.00
1786245471,ingest,0.00,0.00,0.0,0.000,0.003,0.327,44.649,0.00
1786245476,ingest,0.00,0.00,0.0,0.000,0.003,0.327,44.651,0.00
1786245481,ingest,0.00,0.00,0.0,0.000,0.003,0.327,44.651,0.00
1786245486,ingest,0.00,0.00,0.0,0.000,0.003,0.327,44.651,0.00
1786245492,ingest,0.00,0.00,0.0,0.000,0.003,0.327,44.651,0.00
1786245497,ingest,0.00,0.00,0.0,0.000,0.003,0.327,44.651,0.00
1786245502,ingest,0.00,0.00,0.0,0.000,0.003,0.327,44.650,0.00
1786245507,ingest,0.00,0.00,0.0,0.000,0.003,0.327,44.651,0.00
1786245512,ingest,0.00,0.00,0.0,0.000,0.003,0.327,44.652,0.00
1786245517,ingest,0.00,0.00,0.0,0.000,0.003,0.327,44.651,0.00
1786245522,ingest,0.00,0.00,0.0,0.000,0.003,0.327,44.651,0.00
1786245527,ingest,0.00,0.00,0.0,0.000,0.003,0.327,44.652,0.00
1786245532,ingest,0.00,0.00,0.0,0.000,0.003,0.327,44.652,0.00
1786245537,ingest,0.00,0.00,0.0,0.000,0.003,0.327,44.651,0.00
1786245542,ingest,0.00,0.00,0.0,0.000,0.003,0.327,44.651,0.00
1786245547,ingest,0.00,0.00,0.0,0.000,0.003,0.327,44.650,0.00
1786245552,ingest,0.00,0.00,0.0,0.000,0.003,0.327,44.651,0.00
1786245557,ingest,0.00,0.00,0.0,0.000,0.003,0.327,44.650,0.00
1786245562,ingest,0.00,0.00,0.0,0.000,0.003,0.327,44.651,0.00
1786245567,ingest,0.00,0.00,0.0,0.000,0.003,0.327,44.650,0.00
1786245572,ingest,0.00,0.00,0.0,0.000,0.003,0.327,44.650,0.00
1786245577,ingest,0.00,0.00,0.0,0.000,0.003,0.327,44.652,0.00
1786245582,ingest,0.00,0.00,0.0,0.000,0.003,0.327,44.652,0.00
1786245588,ingest,0.00,0.00,0.0,0.000,0.003,0.327,44.650,0.01
1786245593,ingest,0.00,0.00,0.0,0.000,0.003,0.327,44.649,0.00
1786245598,ingest,0.00,0.00,0.0,0.000,0.003,0.327,44.650,0.00
1786245603,ingest,0.00,0.00,0.0,0.000,0.003,0.327,44.651,0.00
1786245608,ingest,0.00,0.00,0.0,0.000,0.003,0.327,44.652,0.00
1786245613,ingest,0.00,0.00,0.0,0.000,0.003,0.327,44.652,0.00
1786245618,ingest,0.00,0.00,0.0,0.000,0.003,0.327,44.651,0.00
1786245623,ingest,0.00,0.00,0.0,0.000,0.003,0.327,44.652,0.00
1786245628,ingest,0.00,0.00,0.0,0.000,0.003,0.327,44.654,0.00
1786245633,ingest,0.00,0.00,0.0,0.000,0.003,0.327,44.654,0.00
1786245638,ingest,0.00,0.00,0.0,0.000,0.003,0.327,44.653,0.00
1786245643,ingest,0.00,0.00,0.0,0.000,0.003,0.327,44.653,0.00
1786245648,ingest,0.00,0.00,0.0,0.000,0.003,0.327,44.654,0.00
1786245653,ingest,0.00,0.00,0.0,0.000,0.003,0.327,44.655,0.00
1786245658,ingest,0.00,0.00,0.0,0.000,0.003,0.327,44.653,0.00
1786245663,ingest,0.00,0.00,0.0,0.000,0.003,0.327,44.653,0.00
1786245668,ingest,0.00,0.00,0.0,0.000,0.003,0.327,44.653,0.00
1786245673,ingest,0.00,0.00,0.0,0.000,0.003,0.327,44.653,0.00
1786245679,ingest,0.00,0.00,0.0,0.000,0.003,0.327,44.653,0.00
1786245684,ingest,0.00,0.00,0.0,0.000,0.003,0.327,44.654,0.00
1786245689,ingest,0.00,0.00,0.0,0.000,0.003,0.327,44.653,0.00
1786245694,ingest,0.00,0.00,0.0,0.000,0.003,0.327,44.655,0.00
1786245699,ingest,0.00,0.00,0.0,0.000,0.003,0.327,44.653,0.00
1786245704,ingest,0.00,0.00,0.0,0.000,0.003,0.327,44.654,0.00
1786245709,ingest,0.00,0.00,0.0,0.000,0.003,0.327,44.653,0.00
1786245714,ingest,0.00,0.00,0.0,0.000,0.003,0.327,44.653,0.00
1786245719,ingest,0.00,0.00,0.0,0.000,0.003,0.327,44.654,0.00
1786245724,ingest,0.00,0.00,0.0,0.000,0.003,0.327,44.654,0.00
1786245729,ingest,0.00,0.00,0.0,0.000,0.003,0.327,44.653,0.00
1786245734,ingest,0.00,0.00,0.0,0.000,0.003,0.327,44.653,0.00
1786245739,ingest,0.00,0.00,0.0,0.000,0.003,0.327,44.649,0.00
1786245744,ingest,0.00,0.00,0.0,0.000,0.003,0.327,44.654,0.00
1786245749,ingest,0.00,0.00,0.0,0.000,0.003,0.327,44.654,0.00
1786245754,ingest,0.00,0.00,0.0,0.000,0.003,0.327,44.656,0.00
1786245759,ingest,0.00,0.00,0.0,0.000,0.003,0.327,44.656,0.00
1786245764,ingest,0.00,0.00,0.0,0.000,0.003,0.327,44.655,0.00
1786245769,ingest,0.00,0.00,0.0,0.000,0.003,0.327,44.654,0.00
1786245775,ingest,0.00,0.00,0.0,0.000,0.003,0.327,44.654,0.00
1786245780,ingest,0.00,0.00,0.0,0.000,0.003,0.327,44.654,0.00
1786245785,ingest,0.00,0.00,0.0,0.000,0.003,0.327,44.654,0.00
1786245790,ingest,0.00,0.00,0.0,0.000,0.003,0.327,44.654,0.00
1786245795,ingest,0.00,0.00,0.0,0.000,0.003,0.327,44.654,0.00
1786245800,ingest,0.00,0.00,0.0,0.000,0.003,0.327,44.654,0.00
1786245805,ingest,0.00,0.00,0.0,0.000,0.003,0.327,44.656,0.00
1786245810,ingest,0.00,0.00,0.0,0.000,0.003,0.327,44.656,0.00
1786245815,ingest,0.00,0.00,0.0,0.000,0.003,0.327,44.656,0.00
1786245820,ingest,0.00,0.00,0.0,0.000,0.003,0.327,44.656,0.00
1786245825,ingest,0.00,0.00,0.0,0.000,0.003,0.327,44.655,0.00
1786245830,ingest,0.00,0.00,0.0,0.000,0.003,0.327,44.655,0.00
1786245835,ingest,0.00,0.00,0.0,0.000,0.003,0.327,44.654,0.00
1786245840,ingest,0.00,0.00,0.0,0.000,0.003,0.327,44.654,0.00
1786245845,ingest,0.00,0.00,0.0,0.000,0.003,0.327,44.652,0.00
1786245850,ingest,0.00,0.00,0.0,0.000,0.003,0.327,44.652,0.00
1786245855,ingest,0.00,0.00,0.0,0.000,0.003,0.327,44.654,0.00
1786245860,ingest,0.00,0.00,0.0,0.000,0.003,0.327,44.653,0.00
1786245866,ingest,0.00,0.00,0.0,0.000,0.003,0.327,44.655,0.00
1786245871,ingest,0.00,0.00,0.0,0.000,0.003,0.327,44.655,0.00
1786245876,ingest,0.00,0.00,0.0,0.000,0.003,0.327,44.653,0.00
1786245881,ingest,0.00,0.00,0.0,0.000,0.003,0.327,44.653,0.00
1786245886,ingest,0.00,0.00,0.0,0.000,0.003,0.327,44.654,0.00
1786245891,ingest,0.00,0.00,0.0,0.000,0.003,0.327,44.652,0.01
1786245896,ingest,0.00,0.00,0.0,0.000,0.003,0.327,44.653,0.00
1786245901,ingest,0.00,0.00,0.0,0.000,0.003,0.327,44.653,0.00
1786245906,ingest,0.00,0.00,0.0,0.000,0.003,0.327,44.655,0.00
1786245911,ingest,0.00,0.00,0.0,0.000,0.003,0.327,44.655,0.00
1786245916,ingest,0.00,0.00,0.0,0.000,0.003,0.327,44.653,0.00
1786245921,ingest,0.00,0.00,0.0,0.000,0.003,0.327,44.653,0.00
1786245926,ingest,0.00,0.00,0.0,0.000,0.003,0.327,44.654,0.00
1786245931,ingest,0.00,0.00,0.0,0.000,0.003,0.327,44.654,0.00
1786245936,ingest,0.00,0.00,0.0,0.000,0.003,0.327,44.651,0.00
1786245941,ingest,0.00,0.00,0.0,0.000,0.003,0.327,44.652,0.00
1786245946,ingest,0.00,0.00,0.0,0.000,0.003,0.327,44.650,0.00
1786245951,ingest,0.00,0.00,0.0,0.000,0.003,0.327,44.651,0.00
1786245957,ingest,0.00,0.00,0.0,0.000,0.003,0.327,44.651,0.00
1786245962,ingest,0.00,0.00,0.0,0.000,0.003,0.327,44.651,0.00
1786245967,ingest,0.00,0.00,0.0,0.000,0.003,0.327,44.650,0.00
1786245972,ingest,0.00,0.00,0.0,0.000,0.003,0.327,44.650,0.00
1786245977,ingest,0.00,0.00,0.0,0.000,0.003,0.327,44.649,0.00
1786245982,ingest,0.00,0.00,0.0,0.000,0.003,0.327,44.650,0.00
1786245987,ingest,0.00,0.00,0.0,0.000,0.003,0.327,44.651,0.00
1786245992,ingest,0.00,0.00,0.0,0.000,0.003,0.327,44.651,0.00
1786245997,ingest,0.00,0.00,0.0,0.000,0.003,0.327,44.652,0.00
1786246002,ingest,0.00,0.00,0.0,0.000,0.003,0.327,44.652,0.00
1786246007,ingest,0.00,0.00,0.0,0.000,0.003,0.327,44.652,0.00
1786246012,ingest,0.00,0.00,0.0,0.000,0.003,0.327,44.653,0.00
1786246017,ingest,0.00,0.00,0.0,0.000,0.003,0.327,44.652,0.00
1786246022,ingest,0.00,0.00,0.0,0.000,0.003,0.327,44.653,0.00
1786246027,ingest,0.00,0.00,0.0,0.000,0.003,0.327,44.652,0.00
1786246032,ingest,0.00,0.00,0.0,0.000,0.003,0.327,44.652,0.00
1786246037,ingest,0.00,0.00,0.0,0.000,0.003,0.327,44.653,0.00
1786246042,ingest,0.00,0.00,0.0,0.000,0.003,0.327,44.653,0.00
1786246047,ingest,0.00,0.00,0.0,0.000,0.003,0.327,44.652,0.00
1786246053,ingest,0.00,0.00,0.0,0.000,0.003,0.327,44.652,0.00
1786246058,ingest,0.00,0.00,0.0,0.000,0.003,0.327,44.653,0.00
1786246063,ingest,0.00,0.00,0.0,0.000,0.003,0.327,44.654,0.00
1786246068,ingest,0.00,0.00,0.0,0.000,0.003,0.327,44.655,0.00
1786246073,ingest,0.00,0.00,0.0,0.000,0.003,0.327,44.656,0.00
1786246078,ingest,0.00,0.00,0.0,0.000,0.003,0.327,44.654,0.00
1786246083,ingest,0.00,0.00,0.0,0.000,0.003,0.327,44.654,0.00
1786246088,ingest,0.00,0.00,0.0,0.000,0.003,0.327,44.656,0.00
1786246093,ingest,0.00,0.00,0.0,0.000,0.003,0.327,44.656,0.00
1786246098,ingest,0.00,0.00,0.0,0.000,0.003,0.327,44.657,0.00
1786246103,ingest,0.00,0.00,0.0,0.000,0.003,0.327,44.657,0.00
1786246108,ingest,0.00,0.00,0.0,0.000,0.003,0.327,44.656,0.00
1786246113,ingest,0.00,0.00,0.0,0.000,0.003,0.327,44.657,0.00
1786246118,ingest,0.00,0.00,0.0,0.000,0.003,0.327,44.657,0.00
1786246123,ingest,0.00,0.00,0.0,0.000,0.003,0.327,44.657,0.00
1786246128,ingest,0.00,0.00,0.0,0.000,0.003,0.327,44.656,0.00
1786246133,ingest,0.00,0.00,0.0,0.000,0.003,0.327,44.660,0.00
1786246138,ingest,0.00,0.00,0.0,0.000,0.003,0.327,44.660,0.00
1786246144,ingest,0.00,0.00,0.0,0.000,0.003,0.327,44.660,0.00
1786246149,ingest,0.00,0.00,0.0,0.000,0.003,0.327,44.660,0.00
1786246154,ingest,0.00,0.00,0.0,0.000,0.003,0.327,44.659,0.00
1786246159,ingest,0.00,0.00,0.0,0.000,0.003,0.327,44.659,0.00
1786246164,ingest,0.00,0.00,0.0,0.000,0.003,0.327,44.658,0.00
1786246169,ingest,0.00,0.00,0.0,0.000,0.003,0.327,44.658,0.00
1786246174,ingest,0.00,0.00,0.0,0.000,0.003,0.327,44.657,0.00
1786246179,ingest,0.00,0.00,0.0,0.000,0.003,0.327,44.657,0.00
1786246184,ingest,0.00,0.00,0.0,0.000,0.003,0.327,44.658,0.00
1786246189,ingest,0.00,0.00,0.0,0.000,0.003,0.327,44.654,0.01
1786246194,ingest,0.00,0.00,0.0,0.000,0.003,0.327,44.656,0.00
1786246199,ingest,0.00,0.00,0.0,0.000,0.003,0.327,44.656,0.00
1786246204,ingest,0.00,0.00,0.0,0.000,0.003,0.327,44.656,0.00
1786246209,ingest,0.00,0.00,0.0,0.000,0.003,0.327,44.656,0.00
1786246214,ingest,0.00,0.00,0.0,0.000,0.003,0.327,44.655,0.00
1786246219,ingest,0.00,0.00,0.0,0.000,0.003,0.327,44.655,0.00
1786246224,ingest,0.00,0.00,0.0,0.000,0.003,0.327,44.653,0.00
1786246229,ingest,0.00,0.00,0.0,0.000,0.003,0.327,44.652,0.00
1786246234,ingest,0.00,0.00,0.0,0.000,0.003,0.327,44.654,0.00
1786246240,ingest,0.00,0.00,0.0,0.000,0.003,0.327,44.654,0.00
1786246245,ingest,0.00,0.00,0.0,0.000,0.003,0.327,44.652,0.00
1786246250,ingest,0.00,0.00,0.0,0.000,0.003,0.327,44.652,0.00
1786246255,ingest,0.00,0.00,0.0,0.000,0.003,0.327,44.652,0.00
1786246260,ingest,0.00,0.00,0.0,0.000,0.003,0.327,44.652,0.00
1786246265,ingest,0.00,0.00,0.0,0.000,0.003,0.327,44.650,0.00
1786246270,ingest,0.00,0.00,0.0,0.000,0.003,0.327,44.651,0.00
1786246275,ingest,0.00,0.00,0.0,0.000,0.003,0.327,44.649,0.00
1786246280,ingest,0.00,0.00,0.0,0.000,0.003,0.327,44.650,0.00
1786246285,ingest,0.00,0.00,0.0,0.000,0.003,0.327,44.649,0.00
1786246290,ingest,0.00,0.00,0.0,0.000,0.003,0.327,44.649,0.00
1786246295,ingest,0.00,0.00,0.0,0.000,0.003,0.327,44.648,0.00
1786246300,ingest,0.00,0.00,0.0,0.000,0.003,0.327,44.647,0.00
1786246305,ingest,0.00,0.00,0.0,0.000,0.003,0.327,44.646,0.00
1786246310,ingest,0.00,0.00,0.0,0.000,0.003,0.327,44.646,0.00
1786246315,ingest,0.00,0.00,0.0,0.000,0.003,0.327,44.648,0.00
1786246320,ingest,0.00,0.00,0.0,0.000,0.003,0.327,44.648,0.00
1786246325,ingest,0.00,0.00,0.0,0.000,0.003,0.327,44.647,0.00
1786246331,ingest,0.00,0.00,0.0,0.000,0.003,0.327,44.648,0.00
1786246336,ingest,0.00,0.00,0.0,0.000,0.003,0.327,44.650,0.00
1786246341,ingest,0.00,0.00,0.0,0.000,0.003,0.327,44.651,0.00
1786246346,ingest,0.00,0.00,0.0,0.000,0.003,0.327,44.650,0.00
1786246351,ingest,0.00,0.00,0.0,0.000,0.003,0.327,44.650,0.00
1786246356,ingest,0.00,0.00,0.0,0.000,0.003,0.327,44.648,0.00
1786246361,ingest,0.00,0.00,0.0,0.000,0.003,0.327,44.648,0.00
1786246366,ingest,0.00,0.00,0.0,0.000,0.003,0.327,44.649,0.00
1786246371,ingest,0.00,0.00,0.0,0.000,0.003,0.327,44.649,0.00
1786246376,ingest,0.00,0.00,0.0,0.000,0.003,0.327,44.647,0.00
1786246381,ingest,0.00,0.00,0.0,0.000,0.003,0.327,44.647,0.00
1786246386,ingest,0.00,0.00,0.0,0.000,0.003,0.327,44.646,0.00
1786246391,ingest,0.00,0.00,0.0,0.000,0.003,0.327,44.646,0.00
1786246396,ingest,0.00,0.00,0.0,0.000,0.003,0.327,44.646,0.00
1786246401,ingest,0.00,0.00,0.0,0.000,0.003,0.327,44.648,0.00
1786246406,ingest,0.00,0.00,0.0,0.000,0.003,0.327,44.649,0.00
1786246411,ingest,0.00,0.00,0.0,0.000,0.003,0.327,44.649,0.00
1786246416,ingest,0.00,0.00,0.0,0.000,0.003,0.327,44.651,0.00
1786246421,ingest,0.00,0.00,0.0,0.000,0.003,0.327,44.650,0.00
1786246427,ingest,0.00,0.00,0.0,0.000,0.003,0.327,44.648,0.00
1786246432,ingest,0.00,0.00,0.0,0.000,0.003,0.327,44.648,0.00
1786246437,ingest,0.00,0.00,0.0,0.000,0.003,0.327,44.647,0.00
1786246442,ingest,0.00,0.00,0.0,0.000,0.003,0.327,44.649,0.00
1786246447,ingest,0.00,0.00,0.0,0.000,0.003,0.327,44.647,0.00
1786246452,ingest,0.00,0.00,0.0,0.000,0.003,0.327,44.648,0.00
1786246457,ingest,0.00,0.00,0.0,0.000,0.003,0.327,44.646,0.00
1786246462,ingest,0.00,0.00,0.0,0.000,0.003,0.327,44.647,0.00
1786246467,ingest,0.00,0.00,0.0,0.000,0.003,0.327,44.638,0.00
1786246472,ingest,0.00,0.00,0.0,0.000,0.003,0.327,44.647,0.00
1786246477,ingest,0.00,0.00,0.0,0.000,0.003,0.327,44.646,0.00
1786246482,ingest,0.00,0.00,0.0,0.000,0.003,0.327,44.645,0.00
1786246487,ingest,0.00,0.00,0.0,0.000,0.003,0.327,44.644,0.00
1786246492,ingest,0.00,0.00,0.0,0.000,0.003,0.327,44.642,0.00
1786246497,ingest,0.00,0.00,0.0,0.000,0.003,0.327,44.642,0.00
1786246502,ingest,0.00,0.00,0.0,0.000,0.003,0.327,44.642,0.00
1786246507,ingest,0.00,0.00,0.0,0.000,0.003,0.327,44.642,0.00
1786246512,ingest,0.00,0.00,0.0,0.000,0.003,0.327,44.642,0.00
1786246518,ingest,0.00,0.00,0.0,0.000,0.003,0.327,44.643,0.00
1786246523,ingest,0.00,0.00,0.0,0.000,0.003,0.327,44.642,0.00
1786246528,ingest,0.00,0.00,0.0,0.000,0.003,0.327,44.643,0.00
1786246533,ingest,0.00,0.00,0.0,0.000,0.003,0.327,44.642,0.00
1786246538,ingest,0.00,0.00,0.0,0.000,0.003,0.327,44.642,0.00
1786246543,ingest,0.00,0.00,0.0,0.000,0.003,0.327,44.645,0.00
1786246548,ingest,0.00,0.00,0.0,0.000,0.003,0.327,44.644,0.00
1786246553,ingest,0.00,0.00,0.0,0.000,0.003,0.327,44.644,0.00
1786246558,ingest,0.00,0.00,0.0,0.000,0.003,0.327,44.644,0.00
1786246563,ingest,0.00,0.00,0.0,0.000,0.003,0.327,44.644,0.00
1786246568,ingest,0.00,0.00,0.0,0.000,0.003,0.327,44.643,0.00
1786246573,ingest,0.00,0.00,0.0,0.000,0.003,0.327,44.642,0.00
1786246578,ingest,0.00,0.00,0.0,0.000,0.003,0.327,44.643,0.00
1786246583,ingest,0.00,0.00,0.0,0.000,0.003,0.327,44.646,0.00
1786246588,ingest,0.00,0.00,0.0,0.000,0.003,0.327,44.646,0.00
1786246593,ingest,0.00,0.00,0.0,0.000,0.003,0.327,44.648,0.00
1786246598,ingest,0.00,0.00,0.0,0.000,0.003,0.327,44.648,0.00
1786246603,ingest,0.00,0.00,0.0,0.000,0.003,0.327,44.647,0.00
1786246608,ingest,0.00,0.00,0.0,0.000,0.003,0.327,44.646,0.00
1786246614,ingest,0.00,0.00,0.0,0.000,0.003,0.327,44.646,0.00
1786246619,ingest,0.00,0.00,0.0,0.000,0.003,0.327,44.646,0.00
1786246624,ingest,0.00,0.00,0.0,0.000,0.003,0.327,44.645,0.00
1786246629,ingest,0.00,0.00,0.0,0.000,0.003,0.327,44.645,0.00
1786246634,ingest,0.00,0.00,0.0,0.000,0.003,0.327,44.643,0.00
1786246639,ingest,0.00,0.00,0.0,0.000,0.003,0.327,44.644,0.00
1786246644,ingest,0.00,0.00,0.0,0.000,0.003,0.327,44.644,0.00
1786246649,ingest,0.00,0.00,0.0,0.000,0.003,0.327,44.644,0.00
1786246654,ingest,0.00,0.00,0.0,0.000,0.003,0.327,44.645,0.00
1786246659,ingest,0.00,0.00,0.0,0.000,0.003,0.327,44.644,0.00
1786246664,ingest,0.00,0.00,0.0,0.000,0.003,0.327,44.641,0.00
1786246669,ingest,0.00,0.00,0.0,0.000,0.003,0.327,44.641,0.00
1786246674,ingest,0.00,0.00,0.0,0.000,0.003,0.327,44.643,0.00
1786246679,ingest,0.00,0.00,0.0,0.000,0.003,0.327,44.642,0.00
1786246684,ingest,0.00,0.00,0.0,0.000,0.003,0.327,44.640,0.00
1786246689,ingest,0.00,0.00,0.0,0.000,0.003,0.327,44.641,0.00
1786246694,ingest,0.00,0.00,0.0,0.000,0.003,0.327,44.641,0.00
1786246699,ingest,0.00,0.00,0.0,0.000,0.003,0.327,44.642,0.00
1786246704,ingest,0.00,0.00,0.0,0.000,0.003,0.327,44.640,0.00
1786246710,ingest,0.00,0.00,0.0,0.000,0.003,0.327,44.640,0.00
1786246715,ingest,0.00,0.00,0.0,0.000,0.003,0.327,44.640,0.00
1786246720,ingest,0.00,0.00,0.0,0.000,0.003,0.327,44.640,0.00
1786246725,ingest,0.00,0.00,0.0,0.000,0.003,0.327,44.637,0.00
1786246730,ingest,0.00,0.00,0.0,0.000,0.003,0.327,44.638,0.00
1786246735,ingest,0.00,0.00,0.0,0.000,0.003,0.327,44.637,0.00
1786246740,ingest,0.00,0.00,0.0,0.000,0.003,0.327,44.638,0.00
1786246745,ingest,0.00,0.00,0.0,0.000,0.003,0.327,44.639,0.00
1786246750,ingest,0.00,0.00,0.0,0.000,0.003,0.327,44.640,0.00
1786246755,ingest,0.00,0.00,0.0,0.000,0.003,0.327,44.642,0.00
1786246760,ingest,0.00,0.00,0.0,0.000,0.003,0.327,44.643,0.00
1786246765,ingest,0.00,0.00,0.0,0.000,0.003,0.327,44.642,0.00
1786246770,ingest,0.00,0.00,0.0,0.000,0.003,0.327,44.642,0.00
1786246775,ingest,0.00,0.00,0.0,0.000,0.003,0.327,44.640,0.00
1786246780,ingest,0.00,0.00,0.0,0.000,0.003,0.327,44.641,0.00
1786246785,ingest,0.00,0.00,0.0,0.000,0.003,0.327,44.642,0.00
1786246790,ingest,0.00,0.00,0.0,0.000,0.003,0.327,44.640,0.01
1786246795,ingest,0.00,0.00,0.0,0.000,0.003,0.327,44.643,0.00
1786246801,ingest,0.00,0.00,0.0,0.000,0.003,0.327,44.644,0.00
1786246806,ingest,0.00,0.00,0.0,0.000,0.003,0.327,44.644,0.00
1786246811,ingest,0.00,0.00,0.0,0.000,0.003,0.327,44.644,0.00
1786246816,ingest,0.00,0.00,0.0,0.000,0.003,0.327,44.641,0.00
1786246821,ingest,0.00,0.00,0.0,0.000,0.003,0.327,44.642,0.00
1786246826,ingest,0.00,0.00,0.0,0.000,0.003,0.327,44.642,0.00
1786246831,ingest,0.00,0.00,0.0,0.000,0.003,0.327,44.643,0.00
1786246836,ingest,0.00,0.00,0.0,0.000,0.003,0.327,44.638,0.00
1786246841,ingest,0.00,0.00,0.0,0.000,0.003,0.327,44.643,0.00
1786246846,ingest,0.00,0.00,0.0,0.000,0.003,0.327,44.644,0.00
1786246851,ingest,0.00,0.00,0.0,0.000,0.003,0.327,44.645,0.00
1786246856,ingest,0.00,0.00,0.0,0.000,0.003,0.327,44.645,0.00
1786246861,ingest,0.00,0.00,0.0,0.000,0.003,0.327,44.645,0.00
1786246866,ingest,0.00,0.00,0.0,0.000,0.003,0.327,44.645,0.00
1786246871,ingest,0.00,0.00,0.0,0.000,0.003,0.327,44.644,0.00
1786246876,ingest,0.00,0.00,0.0,0.000,0.003,0.327,44.644,0.00
1786246881,ingest,0.00,0.00,0.0,0.000,0.003,0.327,44.645,0.00
1786246886,ingest,0.00,0.00,0.0,0.000,0.003,0.327,44.644,0.00
1786246891,ingest,0.00,0.00,0.0,0.000,0.003,0.327,44.645,0.00
1786246897,ingest,0.00,0.00,0.0,0.000,0.003,0.327,44.644,0.00
1786246902,ingest,0.00,0.00,0.0,0.000,0.003,0.327,44.643,0.00
1786246907,ingest,0.00,0.00,0.0,0.000,0.003,0.327,44.643,0.00
1786246912,ingest,0.00,0.00,0.0,0.000,0.003,0.327,44.642,0.00
1786246917,ingest,0.00,0.00,0.0,0.000,0.003,0.327,44.642,0.00
1786246922,ingest,0.00,0.00,0.0,0.000,0.003,0.327,44.642,0.00
1786246927,ingest,0.00,0.00,0.0,0.000,0.003,0.327,44.642,0.00
1786246932,ingest,0.00,0.00,0.0,0.000,0.003,0.327,44.643,0.00
1786246937,ingest,0.00,0.00,0.0,0.000,0.003,0.327,44.643,0.00
1786246942,ingest,0.00,0.00,0.0,0.000,0.003,0.327,44.644,0.00
1786246947,ingest,0.00,0.00,0.0,0.000,0.003,0.327,44.644,0.00
1786246952,ingest,0.00,0.00,0.0,0.000,0.003,0.327,44.644,0.00
1786246957,ingest,0.00,0.00,0.0,0.000,0.003,0.327,44.645,0.00
1786246962,ingest,0.00,0.00,0.0,0.000,0.003,0.327,44.650,0.00
1786246967,ingest,0.00,0.00,0.0,0.000,0.003,0.327,44.650,0.00
1786246972,ingest,0.00,0.00,0.0,0.000,0.003,0.327,44.649,0.00
1786246977,ingest,0.00,0.00,0.0,0.000,0.003,0.327,44.649,0.00
1786246982,ingest,0.00,0.00,0.0,0.000,0.003,0.327,44.649,0.00
1786246988,ingest,0.00,0.00,0.0,0.000,0.003,0.327,44.649,0.00
1786246993,ingest,0.00,0.00,0.0,0.000,0.003,0.327,44.647,0.00
1786246998,ingest,0.00,0.00,0.0,0.000,0.003,0.327,44.648,0.00
1786247003,ingest,0.00,0.00,0.0,0.000,0.003,0.327,44.648,0.00
1786247008,ingest,0.00,0.00,0.0,0.000,0.003,0.327,44.648,0.00
1786247013,ingest,0.00,0.00,0.0,0.000,0.003,0.327,44.649,0.00
1786247018,ingest,0.00,0.00,0.0,0.000,0.003,0.327,44.649,0.00
1786247023,ingest,0.00,0.00,0.0,0.000,0.003,0.327,44.649,0.00
1786247028,ingest,0.00,0.00,0.0,0.000,0.003,0.327,44.649,0.00
1786247033,ingest,0.00,0.00,0.0,0.000,0.003,0.327,44.653,0.00
1786247038,ingest,0.00,0.00,0.0,0.000,0.003,0.327,44.652,0.00
1786247043,ingest,0.00,0.00,0.0,0.000,0.003,0.327,44.650,0.00
1786247048,ingest,0.00,0.00,0.0,0.000,0.003,0.327,44.651,0.00
1786247053,ingest,0.00,0.00,0.0,0.000,0.003,0.327,44.650,0.00
1786247058,ingest,0.00,0.00,0.0,0.000,0.003,0.327,44.650,0.00
1786247063,ingest,0.00,0.00,0.0,0.000,0.003,0.327,44.648,0.00
1786247068,ingest,0.00,0.00,0.0,0.000,0.003,0.327,44.648,0.00
1786247073,ingest,0.00,0.00,0.0,0.000,0.003,0.327,44.647,0.00
1786247078,ingest,0.00,0.00,0.0,0.000,0.003,0.327,44.648,0.00
1786247084,ingest,0.00,0.00,0.0,0.000,0.003,0.327,44.649,0.00
1786247089,ingest,0.00,0.00,0.0,0.000,0.003,0.327,44.648,0.01
1786247094,ingest,0.00,0.00,0.0,0.000,0.003,0.327,44.649,0.00
1786247099,ingest,0.00,0.00,0.0,0.000,0.003,0.327,44.649,0.00
1786247104,ingest,0.00,0.00,0.0,0.000,0.003,0.327,44.647,0.00
1786247109,ingest,0.00,0.00,0.0,0.000,0.003,0.327,44.648,0.00
1786247114,ingest,0.00,0.00,0.0,0.000,0.003,0.327,44.647,0.00
1786247119,ingest,0.00,0.00,0.0,0.000,0.003,0.327,44.647,0.00
1786247124,ingest,0.00,0.00,0.0,0.000,0.003,0.327,44.647,0.00
1786247129,ingest,0.00,0.00,0.0,0.000,0.003,0.327,44.648,0.00
1786247134,ingest,0.00,0.00,0.0,0.000,0.003,0.327,44.646,0.00
1786247139,ingest,0.00,0.00,0.0,0.000,0.003,0.327,44.646,0.00
1786247144,ingest,0.00,0.00,0.0,0.000,0.003,0.327,44.644,0.00
1786247149,ingest,0.00,0.00,0.0,0.000,0.003,0.327,44.645,0.00
1786247154,ingest,0.00,0.00,0.0,0.000,0.003,0.327,44.644,0.00
1786247159,ingest,0.00,0.00,0.0,0.000,0.003,0.327,44.645,0.00
1786247164,ingest,0.00,0.00,0.0,0.000,0.003,0.327,44.644,0.00
1786247169,ingest,0.00,0.00,0.0,0.000,0.003,0.327,44.644,0.00
1786247175,ingest,0.00,0.00,0.0,0.000,0.003,0.327,44.643,0.00
1786247180,ingest,0.00,0.00,0.0,0.000,0.003,0.327,44.644,0.00
1786247185,ingest,0.00,0.00,0.0,0.000,0.003,0.327,44.646,0.00
1786247190,ingest,0.00,0.00,0.0,0.000,0.003,0.327,44.646,0.00
1786247195,ingest,0.00,0.00,0.0,0.000,0.003,0.327,44.639,0.00
1786247200,ingest,0.00,0.00,0.0,0.000,0.003,0.327,44.648,0.00
1786247205,ingest,0.00,0.00,0.0,0.000,0.003,0.327,44.648,0.00
1786247210,ingest,0.00,0.00,0.0,0.000,0.003,0.327,44.647,0.00
1786247215,ingest,0.00,0.00,0.0,0.000,0.003,0.327,44.648,0.00
1786247220,ingest,0.00,0.00,0.0,0.000,0.003,0.327,44.649,0.00
1786247225,ingest,0.00,0.00,0.0,0.000,0.003,0.327,44.649,0.00
1786247230,ingest,0.00,0.00,0.0,0.000,0.003,0.327,44.645,0.00
1786247235,ingest,0.00,0.00,0.0,0.000,0.003,0.327,44.646,0.00
1786247240,ingest,0.00,0.00,0.0,0.000,0.003,0.327,44.648,0.00
1786247245,ingest,0.00,0.00,0.0,0.000,0.003,0.327,44.647,0.00
1786247250,ingest,0.00,0.00,0.0,0.000,0.003,0.327,44.649,0.00
1786247255,ingest,0.00,0.00,0.0,0.000,0.003,0.327,44.649,0.00
1786247260,ingest,0.00,0.00,0.0,0.000,0.003,0.327,44.646,0.00
1786247265,ingest,0.00,0.00,0.0,0.000,0.003,0.327,44.645,0.00
1786247271,ingest,0.00,0.00,0.0,0.000,0.003,0.327,44.648,0.00
1786247276,ingest,0.00,0.00,0.0,0.000,0.003,0.327,44.648,0.00
1786247281,ingest,0.00,0.00,0.0,0.000,0.003,0.327,44.648,0.00
1786247286,ingest,0.00,0.00,0.0,0.000,0.003,0.327,44.648,0.00
1786247291,ingest,0.00,0.00,0.0,0.000,0.003,0.327,44.648,0.00
1786247296,ingest,0.00,0.00,0.0,0.000,0.003,0.327,44.648,0.00
1786247301,ingest,0.00,0.00,0.0,0.000,0.003,0.327,44.649,0.00
1786247306,ingest,0.00,0.00,0.0,0.000,0.003,0.327,44.649,0.00
1786247311,ingest,0.00,0.00,0.0,0.000,0.003,0.327,44.649,0.00
1786247316,ingest,0.00,0.00,0.0,0.000,0.003,0.327,44.650,0.00
1786247321,ingest,0.00,0.00,0.0,0.000,0.003,0.327,44.649,0.00
1786247326,ingest,0.00,0.00,0.0,0.000,0.003,0.327,44.650,0.00
1786247331,ingest,0.00,0.00,0.0,0.000,0.003,0.327,44.651,0.00
1786247336,ingest,0.00,0.00,0.0,0.000,0.003,0.327,44.651,0.00
1786247341,ingest,0.00,0.00,0.0,0.000,0.003,0.327,44.652,0.00
1786247346,ingest,0.00,0.00,0.0,0.000,0.003,0.327,44.652,0.00
1786247351,ingest,0.00,0.00,0.0,0.000,0.003,0.327,44.654,0.00
1786247356,ingest,0.00,0.00,0.0,0.000,0.003,0.327,44.654,0.00
1786247361,ingest,0.00,0.00,0.0,0.000,0.003,0.327,44.652,0.00
1786247367,ingest,0.00,0.00,0.0,0.000,0.003,0.327,44.653,0.00
1786247372,ingest,0.00,0.00,0.0,0.000,0.003,0.327,44.653,0.00
1786247377,ingest,0.00,0.00,0.0,0.000,0.003,0.327,44.653,0.00
1786247382,ingest,0.00,0.00,0.0,0.000,0.003,0.327,44.654,0.00
1786247387,ingest,0.00,0.00,0.0,0.000,0.003,0.327,44.654,0.00
1786247392,ingest,0.00,0.00,0.0,0.000,0.003,0.327,44.651,0.01
1786247397,ingest,0.00,0.00,0.0,0.000,0.003,0.327,44.651,0.00
1786247402,ingest,0.00,0.00,0.0,0.000,0.003,0.327,44.649,0.00
1786247407,ingest,0.00,0.00,0.0,0.000,0.003,0.327,44.649,0.00
1786247412,ingest,0.00,0.00,0.0,0.000,0.003,0.327,44.648,0.00
1786247417,ingest,0.00,0.00,0.0,0.000,0.003,0.327,44.649,0.00
1786247422,ingest,0.00,0.00,0.0,0.000,0.003,0.327,44.646,0.00
1786247427,ingest,0.00,0.00,0.0,0.000,0.003,0.327,44.646,0.00
1786247432,ingest,0.00,0.00,0.0,0.000,0.003,0.327,44.645,0.00
1786247437,ingest,0.00,0.00,0.0,0.000,0.003,0.327,44.645,0.00
1786247442,ingest,0.00,0.00,0.0,0.000,0.003,0.327,44.646,0.00
1786247447,ingest,0.00,0.00,0.0,0.000,0.003,0.327,44.646,0.00
1786247452,ingest,0.00,0.00,0.0,0.000,0.003,0.327,44.647,0.00
1786247457,ingest,0.00,0.00,0.0,0.000,0.003,0.327,44.647,0.00
1786247463,ingest,0.00,0.00,0.0,0.000,0.003,0.327,44.644,0.00
1786247468,ingest,0.00,0.00,0.0,0.000,0.003,0.327,44.645,0.00
1786247473,ingest,0.00,0.00,0.0,0.000,0.003,0.327,44.643,0.00
1786247478,ingest,0.00,0.00,0.0,0.000,0.003,0.327,44.644,0.00
1786247483,ingest,0.00,0.00,0.0,0.000,0.003,0.327,44.642,0.00
1786247488,ingest,0.00,0.00,0.0,0.000,0.003,0.327,44.643,0.00
1786247493,ingest,0.00,0.00,0.0,0.000,0.003,0.327,44.643,0.00
1786247498,ingest,0.00,0.00,0.0,0.000,0.003,0.327,44.645,0.00
1786247503,ingest,0.00,0.00,0.0,0.000,0.003,0.327,44.647,0.00
1786247508,ingest,0.00,0.00,0.0,0.000,0.003,0.327,44.647,0.00
1786247513,ingest,0.00,0.00,0.0,0.000,0.003,0.327,44.646,0.00
1786247518,ingest,0.00,0.00,0.0,0.000,0.003,0.327,44.647,0.00
1786247523,ingest,0.00,0.00,0.0,0.000,0.003,0.327,44.646,0.00
1786247528,ingest,0.00,0.00,0.0,0.000,0.003,0.327,44.648,0.00
1786247533,ingest,0.00,0.00,0.0,0.000,0.003,0.327,44.649,0.00
1786247538,ingest,0.00,0.00,0.0,0.000,0.003,0.327,44.649,0.00
1786247543,ingest,0.00,0.00,0.0,0.000,0.003,0.327,44.651,0.00
1786247548,ingest,0.00,0.00,0.0,0.000,0.003,0.327,44.652,0.00
1786247554,ingest,0.00,0.00,0.0,0.000,0.003,0.327,44.652,0.00
1786247559,ingest,0.00,0.00,0.0,0.000,0.003,0.327,44.652,0.00
1786247564,ingest,0.00,0.00,0.0,0.000,0.003,0.327,44.652,0.00
1786247569,ingest,0.00,0.00,0.0,0.000,0.003,0.327,44.654,0.00
1786247574,ingest,0.00,0.00,0.0,0.000,0.003,0.327,44.654,0.00
1786247579,ingest,0.00,0.00,0.0,0.000,0.003,0.327,44.652,0.00
1786247584,ingest,0.00,0.00,0.0,0.000,0.003,0.327,44.653,0.00
1786247589,ingest,0.00,0.00,0.0,0.000,0.003,0.327,44.652,0.00
1786247594,ingest,0.00,0.00,0.0,0.000,0.003,0.327,44.652,0.00
1786247599,ingest,0.00,0.00,0.0,0.000,0.003,0.327,44.654,0.00
1786247604,ingest,0.00,0.00,0.0,0.000,0.003,0.327,44.654,0.00
1786247609,ingest,0.00,0.00,0.0,0.000,0.003,0.327,44.654,0.00
1786247614,ingest,0.00,0.00,0.0,0.000,0.003,0.327,44.654,0.00
1786247619,ingest,0.00,0.00,0.0,0.000,0.003,0.327,44.651,0.00
1786247624,ingest,0.00,0.00,0.0,0.000,0.003,0.327,44.651,0.00
1786247629,ingest,0.00,0.00,0.0,0.000,0.003,0.327,44.652,0.00
1786247634,ingest,0.00,0.00,0.0,0.000,0.003,0.327,44.652,0.00
1786247639,ingest,0.00,0.00,0.0,0.000,0.003,0.327,44.649,0.00
1786247644,ingest,0.00,0.00,0.0,0.000,0.003,0.327,44.648,0.00
1786247650,ingest,0.00,0.00,0.0,0.000,0.003,0.327,44.648,0.00
1786247655,ingest,0.00,0.00,0.0,0.000,0.003,0.327,44.648,0.00
1786247660,ingest,0.00,0.00,0.0,0.000,0.003,0.327,44.648,0.00
1786247665,ingest,0.00,0.00,0.0,0.000,0.003,0.327,44.648,0.00
1786247670,ingest,0.00,0.00,0.0,0.000,0.003,0.327,44.645,0.00
1786247675,ingest,0.00,0.00,0.0,0.000,0.003,0.327,44.645,0.00
1786247680,ingest,0.00,0.00,0.0,0.000,0.003,0.327,44.648,0.00
1786247685,ingest,0.00,0.00,0.0,0.000,0.003,0.327,44.648,0.00
1786247690,ingest,0.00,0.00,0.0,0.000,0.003,0.327,44.645,0.01
1786247695,ingest,0.00,0.00,0.0,0.000,0.003,0.327,44.645,0.00
1786247700,ingest,0.00,0.00,0.0,0.000,0.003,0.327,44.645,0.00
1786247705,ingest,0.00,0.00,0.0,0.000,0.003,0.327,44.644,0.00
1786247710,ingest,0.00,0.00,0.0,0.000,0.003,0.327,44.646,0.00
1786247715,ingest,0.00,0.00,0.0,0.000,0.003,0.327,44.646,0.00
1786247720,ingest,0.00,0.00,0.0,0.000,0.003,0.327,44.647,0.00
1786247725,ingest,0.00,0.00,0.0,0.000,0.003,0.327,44.647,0.00
1786247730,ingest,0.00,0.00,0.0,0.000,0.003,0.327,44.647,0.00
1786247735,ingest,0.00,0.00,0.0,0.000,0.003,0.327,44.647,0.00
1786247741,ingest,0.00,0.00,0.0,0.000,0.003,0.327,44.647,0.00
1786247746,ingest,0.00,0.00,0.0,0.000,0.003,0.327,44.648,0.00
1786247751,ingest,0.00,0.00,0.0,0.000,0.003,0.327,44.646,0.00
1786247756,ingest,0.00,0.00,0.0,0.000,0.003,0.327,44.647,0.00
1786247761,ingest,0.00,0.00,0.0,0.000,0.003,0.327,44.648,0.00
1786247766,ingest,0.00,0.00,0.0,0.000,0.003,0.327,44.648,0.00
1786247771,ingest,0.00,0.00,0.0,0.000,0.003,0.327,44.647,0.00
1786247776,ingest,0.00,0.00,0.0,0.000,0.003,0.327,44.648,0.00
1786247781,ingest,0.00,0.00,0.0,0.000,0.003,0.327,44.651,0.00
1786247786,ingest,0.00,0.00,0.0,0.000,0.003,0.327,44.651,0.00
1786247791,ingest,0.00,0.00,0.0,0.000,0.003,0.327,44.655,0.00
1786247796,ingest,0.00,0.00,0.0,0.000,0.003,0.327,44.656,0.00
1786247801,ingest,0.00,0.00,0.0,0.000,0.003,0.327,44.657,0.00
1786247806,ingest,0.00,0.00,0.0,0.000,0.003,0.327,44.657,0.00
1786247811,ingest,0.00,0.00,0.0,0.000,0.003,0.327,44.654,0.00
1786247816,ingest,0.00,0.00,0.0,0.000,0.003,0.327,44.655,0.00
1786247821,ingest,0.00,0.00,0.0,0.000,0.003,0.327,44.655,0.00
1786247826,ingest,0.00,0.00,0.0,0.000,0.003,0.327,44.656,0.00
1786247831,ingest,0.00,0.00,0.0,0.000,0.003,0.327,44.654,0.00
1786247837,ingest,0.00,0.00,0.0,0.000,0.003,0.327,44.655,0.00
1786247842,ingest,0.00,0.00,0.0,0.000,0.003,0.327,44.657,0.00
1786247847,ingest,0.00,0.00,0.0,0.000,0.003,0.327,44.658,0.00
1786247852,ingest,0.00,0.00,0.0,0.000,0.003,0.327,44.659,0.00
1786247857,ingest,0.00,0.00,0.0,0.000,0.003,0.327,44.659,0.00
1786247862,ingest,0.00,0.00,0.0,0.000,0.003,0.327,44.658,0.00
1786247867,ingest,0.00,0.00,0.0,0.000,0.003,0.327,44.658,0.00
1786247872,ingest,0.00,0.00,0.0,0.000,0.003,0.327,44.656,0.00
1786247877,ingest,0.00,0.00,0.0,0.000,0.003,0.327,44.656,0.00
1786247882,ingest,0.00,0.00,0.0,0.000,0.003,0.327,44.655,0.00
1786247887,ingest,0.00,0.00,0.0,0.000,0.003,0.327,44.655,0.00
1786247892,ingest,0.00,0.00,0.0,0.000,0.003,0.327,44.654,0.00
1786247897,ingest,0.00,0.00,0.0,0.000,0.003,0.327,44.654,0.00
1786247902,ingest,0.00,0.00,0.0,0.000,0.003,0.327,44.657,0.00
1786247907,ingest,0.00,0.00,0.0,0.000,0.003,0.327,44.656,0.00
1786247912,ingest,0.00,0.00,0.0,0.000,0.003,0.327,44.657,0.00
1786247917,ingest,0.00,0.00,0.0,0.000,0.003,0.327,44.657,0.00
1786247922,ingest,0.00,0.00,0.0,0.000,0.003,0.327,44.650,0.00
1786247927,ingest,0.00,0.00,0.0,0.000,0.003,0.327,44.654,0.00
1786247933,ingest,0.00,0.00,0.0,0.000,0.003,0.327,44.655,0.00
1786247938,ingest,0.00,0.00,0.0,0.000,0.003,0.327,44.654,0.00
1786247943,ingest,0.00,0.00,0.0,0.000,0.003,0.327,44.654,0.00
1786247948,ingest,0.00,0.00,0.0,0.000,0.003,0.327,44.655,0.00
1786247953,ingest,0.00,0.00,0.0,0.000,0.003,0.327,44.655,0.00
1786247958,ingest,0.00,0.00,0.0,0.000,0.003,0.327,44.654,0.00
1786247963,ingest,0.00,0.00,0.0,0.000,0.003,0.327,44.654,0.00
1786247968,ingest,0.00,0.00,0.0,0.000,0.003,0.327,44.652,0.00
1786247973,ingest,0.00,0.00,0.0,0.000,0.003,0.327,44.652,0.00
1786247978,ingest,0.00,0.00,0.0,0.000,0.003,0.327,44.652,0.00
1786247983,ingest,0.00,0.00,0.0,0.000,0.003,0.327,44.652,0.00
1786247988,ingest,0.00,0.00,0.0,0.000,0.003,0.327,44.651,0.01
1786247993,ingest,0.00,0.00,0.0,0.000,0.003,0.327,44.651,0.00
1786247998,ingest,0.00,0.00,0.0,0.000,0.003,0.327,44.649,0.00
1786248003,ingest,0.00,0.00,0.0,0.000,0.003,0.327,44.649,0.00
1786248008,ingest,0.00,0.00,0.0,0.000,0.003,0.327,44.651,0.00
1786248013,ingest,0.00,0.00,0.0,0.000,0.003,0.327,44.651,0.00
1786248018,ingest,0.00,0.00,0.0,0.000,0.003,0.327,44.650,0.00
1786248024,ingest,0.00,0.00,0.0,0.000,0.003,0.327,44.650,0.00
1786248029,ingest,0.00,0.00,0.0,0.000,0.003,0.327,44.650,0.00
1786248034,ingest,0.00,0.00,0.0,0.000,0.003,0.327,44.650,0.00
1786248039,ingest,0.00,0.00,0.0,0.000,0.003,0.327,44.648,0.00
1786248044,ingest,0.00,0.00,0.0,0.000,0.003,0.327,44.648,0.00
1786248049,ingest,0.00,0.00,0.0,0.000,0.003,0.327,44.649,0.00
1786248054,ingest,0.00,0.00,0.0,0.000,0.003,0.327,44.648,0.00
1786248059,ingest,0.00,0.00,0.0,0.000,0.003,0.327,44.650,0.00
1786248064,ingest,0.00,0.00,0.0,0.000,0.003,0.327,44.649,0.00
1786248069,ingest,0.00,0.00,0.0,0.000,0.003,0.327,44.647,0.00
1786248074,ingest,0.00,0.00,0.0,0.000,0.003,0.327,44.647,0.00
1786248079,ingest,0.00,0.00,0.0,0.000,0.003,0.327,44.646,0.00
1786248084,ingest,0.00,0.00,0.0,0.000,0.003,0.327,44.647,0.00
1786248089,ingest,0.00,0.00,0.0,0.000,0.003,0.327,44.647,0.00
1786248094,ingest,0.00,0.00,0.0,0.000,0.003,0.327,44.647,0.00
1786248099,ingest,0.00,0.00,0.0,0.000,0.003,0.327,44.650,0.00
1786248104,ingest,0.00,0.00,0.0,0.000,0.003,0.327,44.650,0.00
1786248109,ingest,0.00,0.00,0.0,0.000,0.003,0.327,44.651,0.00
1786248114,ingest,0.00,0.00,0.0,0.000,0.003,0.327,44.651,0.00
1786248120,ingest,0.00,0.00,0.0,0.000,0.003,0.327,44.649,0.00
1786248125,ingest,0.00,0.00,0.0,0.000,0.003,0.327,44.649,0.00
1786248130,ingest,0.00,0.00,0.0,0.000,0.003,0.327,44.648,0.00
1786248135,ingest,0.00,0.00,0.0,0.000,0.003,0.327,44.649,0.00
1786248140,ingest,0.00,0.00,0.0,0.000,0.003,0.327,44.648,0.00
1786248145,ingest,0.00,0.00,0.0,0.000,0.003,0.327,44.648,0.00
1786248150,ingest,0.00,0.00,0.0,0.000,0.003,0.327,44.649,0.00
1786248155,ingest,0.00,0.00,0.0,0.000,0.003,0.327,44.649,0.00
1786248160,ingest,0.00,0.00,0.0,0.000,0.003,0.327,44.648,0.00
1786248165,ingest,0.00,0.00,0.0,0.000,0.003,0.327,44.648,0.00
1786248170,ingest,0.00,0.00,0.0,0.000,0.003,0.327,44.651,0.00
1786248175,ingest,0.00,0.00,0.0,0.000,0.003,0.327,44.651,0.00
1786248180,ingest,0.00,0.00,0.0,0.000,0.003,0.327,44.653,0.00
1786248185,ingest,0.00,0.00,0.0,0.000,0.003,0.327,44.654,0.00
1786248190,ingest,0.00,0.00,0.0,0.000,0.003,0.327,44.652,0.00
1786248195,ingest,0.00,0.00,0.0,0.000,0.003,0.327,44.653,0.00
1786248200,ingest,0.00,0.00,0.0,0.000,0.003,0.327,44.652,0.00
1786248205,ingest,0.00,0.00,0.0,0.000,0.003,0.327,44.652,0.00
1786248211,ingest,0.00,0.00,0.0,0.000,0.003,0.327,44.652,0.00
1786248216,ingest,0.00,0.00,0.0,0.000,0.003,0.327,44.652,0.00
1786248221,ingest,0.00,0.00,0.0,0.000,0.003,0.327,44.651,0.00
1786248226,ingest,0.00,0.00,0.0,0.000,0.003,0.327,44.651,0.00
1786248231,ingest,0.00,0.00,0.0,0.000,0.003,0.327,44.651,0.00
1786248236,ingest,0.00,0.00,0.0,0.000,0.003,0.327,44.652,0.00
1786248241,ingest,0.00,0.00,0.0,0.000,0.003,0.327,44.654,0.00
1786248246,ingest,0.00,0.00,0.0,0.000,0.003,0.327,44.655,0.00
1786248251,ingest,0.00,0.00,0.0,0.000,0.003,0.327,44.653,0.00
1786248256,ingest,0.00,0.00,0.0,0.000,0.003,0.327,44.655,0.00
1786248261,ingest,0.00,0.00,0.0,0.000,0.003,0.327,44.654,0.00
1786248266,ingest,0.00,0.00,0.0,0.000,0.003,0.327,44.653,0.00
1786248271,ingest,0.00,0.00,0.0,0.000,0.003,0.327,44.652,0.00
