ts,phase,nvme_rd_mb_s,nvme_wr_mb_s,nvme_active_pct,cte_file_tier_gb,devshm_used_gb,clio_rss_gb,mem_avail_gb,nfs_rd_mb_s
1786256893,ingest,0.01,0.00,0.2,0.000,0.002,0.315,44.760,0.03
1786256898,ingest,0.00,0.00,0.1,0.000,0.002,0.805,44.271,0.00
1786256903,ingest,0.00,0.00,0.0,0.000,0.002,1.261,43.815,0.00
1786256908,ingest,0.00,0.00,0.0,0.000,0.002,1.729,43.350,0.00
1786256913,ingest,0.00,0.00,0.0,0.000,0.002,2.262,42.817,0.00
1786256918,ingest,0.00,0.00,0.0,0.000,0.002,2.786,42.294,0.00
1786256923,ingest,0.00,0.00,0.0,0.000,0.002,3.301,41.778,0.00
1786256928,ingest,0.00,0.01,0.1,0.000,0.002,3.826,41.253,0.00
1786256933,ingest,0.00,0.00,0.0,0.000,0.002,4.471,40.605,0.00
1786256938,ingest,0.00,0.00,0.0,0.000,0.002,5.019,40.054,0.00
1786256943,ingest,0.00,0.00,0.0,0.000,0.002,5.552,39.520,0.00
1786256948,ingest,0.00,0.00,0.0,0.000,0.002,5.921,39.150,0.00
1786256954,ingest,0.00,0.00,0.0,0.000,0.002,6.357,38.714,0.00
1786256959,ingest,0.00,0.00,0.1,0.000,0.002,6.701,38.367,0.00
1786256964,ingest,0.00,0.00,0.0,0.000,0.002,7.216,37.851,0.00
1786256969,ingest,0.00,0.00,0.0,0.000,0.002,7.769,37.297,0.00
1786256974,ingest,0.00,0.00,0.0,0.000,0.002,8.320,36.743,0.00
1786256979,ingest,0.00,0.00,0.0,0.000,0.002,8.947,36.115,0.00
1786256984,ingest,0.00,0.00,0.0,0.000,0.002,9.380,35.682,0.00
1786256989,ingest,0.00,0.00,0.1,0.000,0.002,9.908,35.152,0.00
1786256994,ingest,0.00,0.00,0.0,0.000,0.002,10.358,34.700,0.00
1786256999,ingest,0.00,0.00,0.0,0.000,0.002,10.967,34.091,0.00
1786257004,ingest,0.00,0.00,0.0,0.000,0.002,11.587,33.468,0.00
1786257009,ingest,0.00,0.00,0.0,0.000,0.002,12.093,32.961,0.00
1786257014,ingest,0.00,0.00,0.0,0.000,0.002,12.436,32.619,0.00
1786257019,ingest,0.00,0.00,0.0,0.000,0.002,12.895,32.157,0.00
1786257024,ingest,0.00,0.00,0.0,0.000,0.002,13.357,31.693,0.00
1786257029,ingest,0.00,0.00,0.0,0.000,0.002,13.727,31.323,0.00
1786257034,ingest,0.00,0.00,0.0,0.000,0.002,14.256,30.792,0.00
1786257039,ingest,0.00,0.00,0.0,0.000,0.002,14.815,30.232,0.00
1786257044,ingest,0.00,0.00,0.0,0.000,0.002,15.261,29.785,0.00
1786257050,ingest,0.00,0.00,0.0,0.000,0.002,15.790,29.255,0.00
1786257055,ingest,0.00,0.00,0.0,0.000,0.002,16.296,28.749,0.00
1786257060,ingest,0.00,0.00,0.0,0.000,0.002,16.914,28.128,0.00
1786257065,ingest,0.00,0.00,0.0,0.000,0.002,17.576,27.465,0.00
1786257070,ingest,0.00,0.00,0.0,0.000,0.002,18.127,26.912,0.00
1786257075,ingest,0.00,0.00,0.0,0.000,0.002,18.823,26.214,0.00
1786257080,ingest,0.00,0.00,0.0,0.000,0.002,19.345,25.691,0.00
1786257085,ingest,0.00,0.00,0.0,0.000,0.002,19.897,25.137,0.00
1786257090,ingest,0.00,0.00,0.0,0.000,0.002,20.385,24.648,0.00
1786257095,ingest,0.00,0.00,0.0,0.000,0.002,20.961,24.071,0.00
1786257100,ingest,0.00,0.00,0.0,0.000,0.002,21.566,23.464,0.00
1786257105,ingest,0.00,0.00,0.0,0.000,0.002,22.122,22.906,0.00
1786257110,ingest,0.00,0.00,0.0,0.000,0.002,22.729,22.297,0.00
1786257115,ingest,0.00,0.00,0.0,0.000,0.002,23.356,21.668,0.00
1786257120,ingest,0.00,0.00,0.0,0.000,0.002,23.978,21.044,0.00
1786257125,ingest,0.00,0.00,0.0,0.000,0.002,24.612,20.408,0.00
1786257130,ingest,0.00,0.00,0.0,0.000,0.002,25.129,19.889,0.00
1786257135,ingest,0.00,0.00,0.0,0.000,0.002,25.599,19.418,0.00
1786257140,ingest,0.00,0.00,0.0,0.000,0.002,26.182,18.833,0.00
1786257146,ingest,0.00,0.00,0.0,0.000,0.002,26.823,18.189,0.00
1786257151,ingest,0.00,0.00,0.0,0.000,0.002,27.378,17.632,0.00
1786257156,ingest,0.00,0.00,0.0,0.000,0.002,27.894,17.115,0.00
1786257161,ingest,0.00,0.00,0.0,0.000,0.002,28.329,16.675,0.00
1786257166,ingest,0.00,0.00,0.0,0.000,0.002,28.836,16.165,0.00
1786257171,ingest,0.00,0.00,0.0,0.000,0.002,29.383,15.616,0.00
1786257176,ingest,0.00,0.00,0.0,0.000,0.002,30.016,14.980,0.00
1786257181,ingest,0.00,0.00,0.0,0.000,0.002,30.650,14.344,0.00
1786257186,ingest,0.00,0.00,0.0,0.000,0.002,31.292,13.700,0.00
1786257191,ingest,0.00,0.00,0.0,0.000,0.002,31.831,13.158,0.00
1786257196,ingest,0.00,0.00,0.0,0.000,0.002,32.414,12.565,0.02
1786257201,ingest,0.00,0.00,0.0,0.000,0.002,33.068,11.909,0.00
1786257206,ingest,0.00,0.00,0.0,0.000,0.002,33.655,11.319,0.00
1786257211,ingest,0.00,0.00,0.0,0.000,0.002,34.176,10.797,0.00
1786257216,ingest,0.00,0.00,0.0,0.000,0.002,34.601,10.371,0.00
1786257221,ingest,0.00,0.00,0.0,0.000,0.002,35.198,9.772,0.00
1786257226,ingest,0.00,0.00,0.0,0.000,0.002,35.758,9.210,0.00
1786257231,ingest,0.00,0.00,0.0,0.000,0.002,36.327,8.640,0.00
1786257236,ingest,0.00,0.00,0.0,0.000,0.002,36.888,8.078,0.00
1786257241,ingest,0.00,0.00,0.0,0.000,0.002,37.552,7.412,0.00
1786257247,ingest,0.00,0.00,0.0,0.000,0.002,38.009,6.952,0.00
1786257252,ingest,0.00,0.00,0.0,0.000,0.002,38.651,6.308,0.00
1786257257,ingest,0.00,0.00,0.0,0.000,0.002,39.284,5.674,0.00
1786257262,ingest,0.00,0.00,0.0,0.000,0.002,39.908,5.047,0.00
1786257267,ingest,0.00,0.00,0.0,0.000,0.002,40.362,4.594,0.00
1786257272,ingest,0.00,0.00,0.0,0.000,0.002,40.715,4.241,0.00
1786257277,ingest,0.00,0.00,0.0,0.000,0.002,41.158,3.795,0.00
1786257282,ingest,0.00,0.00,0.0,0.000,0.002,41.603,3.348,0.00
1786257287,ingest,0.00,0.00,0.0,0.000,0.002,42.229,2.722,0.00
1786257292,ingest,0.00,0.00,0.0,0.000,0.002,42.851,2.097,0.00
1786257297,ingest,0.00,40.59,5.5,0.228,0.002,43.227,1.635,0.00
1786257302,ingest,0.00,66.95,7.8,0.578,0.002,43.370,1.490,0.00
1786257307,ingest,0.00,60.95,7.8,0.848,0.002,43.490,1.369,0.00
1786257312,ingest,0.00,54.71,6.6,1.227,0.002,43.637,1.223,0.00
1786257317,ingest,0.00,105.04,13.7,1.635,0.002,43.784,1.075,0.00
1786257322,ingest,0.00,50.90,6.1,1.944,0.002,43.940,0.919,0.00
1786257327,ingest,0.00,89.00,13.5,2.319,0.002,44.094,0.758,0.00
1786257332,ingest,0.00,89.50,8.2,2.770,0.002,44.265,0.587,0.00
1786257337,ingest,0.00,90.66,8.2,3.206,0.002,44.444,0.406,0.00
1786257342,ingest,0.00,91.59,8.9,3.650,0.002,44.619,0.236,0.00
1786257348,ingest,0.00,76.71,7.9,4.032,0.002,44.766,0.162,0.00
1786257353,ingest,0.00,58.17,8.4,4.316,0.002,44.873,0.146,0.00
1786257358,ingest,0.00,35.10,8.0,4.577,0.002,44.978,0.064,0.00
1786257367,ingest,0.00,15.45,5.9,4.634,0.002,0.000,0.110,0.00
1786257372,ingest,0.00,0.00,0.1,4.634,0.002,0.000,25.759,0.00
1786257377,ingest,0.00,0.00,0.0,4.634,0.002,0.000,45.155,0.00
1786257382,ingest,0.00,0.00,0.0,4.634,0.002,0.000,45.154,0.00
1786257387,ingest,0.00,0.00,0.0,4.634,0.002,0.000,45.154,0.00
1786257392,ingest,0.00,0.00,0.1,4.634,0.002,0.000,45.153,0.00
1786257397,ingest,0.00,0.00,0.0,4.634,0.002,0.000,45.153,0.00
1786257402,ingest,0.00,0.00,0.0,4.634,0.002,0.000,45.153,0.00
1786257407,ingest,0.00,0.00,0.0,4.634,0.002,0.000,45.153,0.00
1786257413,ingest,0.00,0.00,0.0,4.634,0.002,0.000,45.153,0.00
1786257418,ingest,0.00,0.00,0.0,4.634,0.002,0.000,45.153,0.00
1786257423,ingest,0.00,0.00,0.1,4.634,0.002,0.000,45.153,0.00
1786257428,ingest,0.00,0.00,0.0,4.634,0.002,0.000,45.154,0.00
1786257433,ingest,0.00,0.00,0.0,4.634,0.002,0.000,45.153,0.00
1786257438,ingest,0.00,0.00,0.0,4.634,0.002,0.000,45.149,0.00
1786257443,ingest,0.00,0.00,0.0,4.634,0.002,0.000,45.149,0.00
1786257448,ingest,0.00,0.00,0.0,4.634,0.002,0.000,45.149,0.00
1786257453,ingest,0.00,0.00,0.1,4.634,0.002,0.000,45.149,0.00
1786257458,ingest,0.00,0.00,0.0,4.634,0.002,0.000,45.148,0.00
1786257463,ingest,0.00,0.00,0.0,4.634,0.002,0.000,45.148,0.00
1786257468,ingest,0.00,0.00,0.0,4.634,0.002,0.000,45.149,0.00
1786257473,ingest,0.00,0.00,0.0,4.634,0.002,0.000,45.149,0.00
1786257478,ingest,0.00,0.00,0.0,4.634,0.002,0.000,45.147,0.00
1786257483,ingest,0.00,0.00,0.1,4.634,0.002,0.000,45.147,0.00
1786257488,ingest,0.00,0.00,0.0,4.634,0.002,0.000,45.147,0.00
1786257493,ingest,0.00,0.00,0.0,4.634,0.002,0.000,45.146,0.00
1786257498,ingest,0.00,0.00,0.0,4.634,0.002,0.000,45.146,0.00
1786257503,ingest,0.00,0.00,0.0,4.634,0.002,0.000,45.147,0.00
1786257508,ingest,0.00,0.00,0.0,4.634,0.002,0.000,45.147,0.00
1786257514,ingest,0.00,0.00,0.0,4.634,0.002,0.000,45.146,0.00
1786257519,ingest,0.00,0.00,0.0,4.634,0.002,0.000,45.146,0.00
1786257524,ingest,0.00,0.00,0.0,4.634,0.002,0.000,45.146,0.00
1786257529,ingest,0.00,0.00,0.0,4.634,0.002,0.000,45.146,0.00
1786257534,ingest,0.00,0.00,0.0,4.634,0.002,0.000,45.146,0.00
1786257539,ingest,0.00,0.00,0.0,4.634,0.002,0.000,45.144,0.00
1786257544,ingest,0.00,0.00,0.0,4.634,0.002,0.000,45.144,0.00
1786257549,ingest,0.00,0.00,0.0,4.634,0.002,0.000,45.143,0.00
1786257554,ingest,0.00,0.00,0.0,4.634,0.002,0.000,45.143,0.00
1786257559,ingest,0.00,0.00,0.0,4.634,0.002,0.000,45.143,0.00
1786257564,ingest,0.00,0.00,0.0,4.634,0.002,0.000,45.143,0.00
1786257569,ingest,0.00,0.00,0.0,4.634,0.002,0.000,45.143,0.00
1786257574,ingest,0.00,0.00,0.0,4.634,0.002,0.000,45.143,0.00
1786257579,ingest,0.00,0.00,0.0,4.634,0.002,0.000,45.143,0.00
1786257584,ingest,0.00,0.00,0.0,4.634,0.002,0.000,45.142,0.00
1786257589,ingest,0.00,0.00,0.0,4.634,0.002,0.000,45.142,0.00
1786257594,ingest,0.00,0.00,0.0,4.634,0.002,0.000,45.142,0.00
1786257599,ingest,0.00,0.00,0.0,4.634,0.002,0.000,45.142,0.00
1786257604,ingest,0.00,0.00,0.0,4.634,0.002,0.000,45.142,0.00
1786257609,ingest,0.00,0.00,0.0,4.634,0.002,0.000,45.142,0.00
1786257615,ingest,0.00,0.00,0.0,4.634,0.002,0.000,45.142,0.00
1786257620,ingest,0.00,0.00,0.0,4.634,0.002,0.000,45.141,0.00
1786257625,ingest,0.00,0.00,0.0,4.634,0.002,0.000,45.141,0.00
1786257630,ingest,0.00,0.00,0.0,4.634,0.002,0.000,45.141,0.00
1786257635,ingest,0.00,0.00,0.0,4.634,0.002,0.000,45.141,0.00
1786257640,ingest,0.00,0.00,0.0,4.634,0.002,0.000,45.141,0.00
1786257645,ingest,0.00,0.00,0.0,4.634,0.002,0.000,45.141,0.00
1786257650,ingest,0.00,0.00,0.0,4.634,0.002,0.000,45.141,0.00
1786257655,ingest,0.00,0.00,0.0,4.634,0.002,0.000,45.141,0.00
1786257660,ingest,0.00,0.00,0.0,4.634,0.002,0.000,45.141,0.00
1786257665,ingest,0.00,0.00,0.0,4.634,0.002,0.000,45.141,0.00
1786257670,ingest,0.00,0.00,0.0,4.634,0.002,0.000,45.141,0.00
1786257675,ingest,0.00,0.00,0.0,4.634,0.002,0.000,45.141,0.00
1786257680,ingest,0.00,0.00,0.0,4.634,0.002,0.000,45.141,0.00
1786257685,ingest,0.00,0.00,0.0,4.634,0.002,0.000,45.141,0.00
1786257690,ingest,0.00,0.00,0.0,4.634,0.002,0.000,45.141,0.00
1786257695,ingest,0.00,0.00,0.0,4.634,0.002,0.000,45.141,0.00
1786257700,ingest,0.00,0.00,0.0,4.634,0.002,0.000,45.142,0.00
1786257705,ingest,0.00,0.00,0.0,4.634,0.002,0.000,45.142,0.00
1786257711,ingest,0.00,0.00,0.0,4.634,0.002,0.000,45.143,0.00
1786257716,ingest,0.00,0.00,0.0,4.634,0.002,0.000,45.142,0.00
1786257721,ingest,0.00,0.00,0.0,4.634,0.002,0.000,45.141,0.00
1786257726,ingest,0.00,0.00,0.0,4.634,0.002,0.000,45.141,0.00
1786257731,ingest,0.00,0.00,0.0,4.634,0.002,0.000,45.141,0.00
1786257736,ingest,0.00,0.00,0.0,4.634,0.002,0.000,45.142,0.00
1786257741,ingest,0.00,0.00,0.0,4.634,0.002,0.000,45.142,0.00
1786257746,ingest,0.00,0.00,0.0,4.634,0.002,0.000,45.142,0.00
1786257751,ingest,0.00,0.00,0.0,4.634,0.002,0.000,45.143,0.00
1786257756,ingest,0.00,0.00,0.0,4.634,0.002,0.000,45.142,0.00
1786257761,ingest,0.00,0.00,0.0,4.634,0.002,0.000,45.142,0.00
1786257766,ingest,0.00,0.00,0.0,4.634,0.002,0.000,45.142,0.00
1786257771,ingest,0.00,0.00,0.0,4.634,0.002,0.000,45.143,0.00
1786257776,ingest,0.00,0.00,0.0,4.634,0.002,0.000,45.142,0.00
1786257781,ingest,0.00,0.00,0.0,4.634,0.002,0.000,45.141,0.00
1786257786,ingest,0.00,0.00,0.0,4.634,0.002,0.000,45.141,0.00
1786257791,ingest,0.00,0.00,0.0,4.634,0.002,0.000,45.142,0.00
1786257796,ingest,0.00,0.00,0.0,4.634,0.002,0.000,45.141,0.00
1786257801,ingest,0.00,0.00,0.0,4.634,0.002,0.000,45.142,0.00
1786257806,ingest,0.00,0.00,0.0,4.634,0.002,0.000,45.142,0.00
1786257812,ingest,0.00,0.00,0.0,4.634,0.002,0.000,45.142,0.00
1786257817,ingest,0.00,0.00,0.0,4.634,0.002,0.000,45.142,0.00
1786257822,ingest,0.00,0.00,0.0,4.634,0.002,0.000,45.141,0.00
1786257827,ingest,0.00,0.00,0.0,4.634,0.002,0.000,45.143,0.00
1786257832,ingest,0.00,0.00,0.0,4.634,0.002,0.000,45.143,0.00
1786257837,ingest,0.00,0.00,0.0,4.634,0.002,0.000,45.142,0.00
1786257842,ingest,0.00,0.00,0.0,4.634,0.002,0.000,45.141,0.00
1786257847,ingest,0.00,0.00,0.0,4.634,0.002,0.000,45.141,0.00
1786257852,ingest,0.00,0.00,0.0,4.634,0.002,0.000,45.141,0.00
1786257857,ingest,0.00,0.00,0.0,4.634,0.002,0.000,45.141,0.00
1786257862,ingest,0.00,0.00,0.0,4.634,0.002,0.000,45.142,0.00
1786257867,ingest,0.00,0.00,0.0,4.634,0.002,0.000,45.141,0.00
1786257872,ingest,0.00,0.00,0.0,4.634,0.002,0.000,45.141,0.00
1786257877,ingest,0.00,0.00,0.0,4.634,0.002,0.000,45.141,0.00
1786257882,ingest,0.00,0.00,0.0,4.634,0.002,0.000,45.141,0.00
1786257887,ingest,0.00,0.00,0.0,4.634,0.002,0.000,45.141,0.00
1786257892,ingest,0.00,0.00,0.0,4.634,0.002,0.000,45.142,0.00
1786257897,ingest,0.00,0.00,0.0,4.634,0.002,0.000,45.142,0.00
1786257902,ingest,0.00,0.00,0.0,4.634,0.002,0.000,45.132,0.00
1786257907,ingest,0.00,0.00,0.0,4.634,0.002,0.000,45.132,0.00
1786257913,ingest,0.00,0.00,0.0,4.634,0.002,0.000,45.133,0.00
1786257918,ingest,0.00,0.00,0.0,4.634,0.002,0.000,45.133,0.00
1786257923,ingest,0.00,0.00,0.0,4.634,0.002,0.000,45.133,0.00
1786257928,ingest,0.00,0.00,0.0,4.634,0.002,0.000,45.133,0.00
1786257933,ingest,0.00,0.00,0.0,4.634,0.002,0.000,45.134,0.00
1786257938,ingest,0.00,0.00,0.0,4.634,0.002,0.000,45.134,0.00
1786257943,ingest,0.00,0.00,0.0,4.634,0.002,0.000,45.133,0.00
1786257948,ingest,0.00,0.00,0.0,4.634,0.002,0.000,45.133,0.00
1786257953,ingest,0.00,0.00,0.0,4.634,0.002,0.000,45.133,0.00
1786257958,ingest,0.00,0.00,0.0,4.634,0.002,0.000,45.133,0.00
1786257963,ingest,0.00,0.00,0.0,4.634,0.002,0.000,45.133,0.00
1786257968,ingest,0.00,0.00,0.0,4.634,0.002,0.000,45.133,0.00
1786257973,ingest,0.00,0.00,0.0,4.634,0.002,0.000,45.133,0.00
1786257978,ingest,0.00,0.00,0.0,4.634,0.002,0.000,45.133,0.00
1786257983,ingest,0.00,0.00,0.0,4.634,0.002,0.000,45.133,0.00
1786257988,ingest,0.00,0.00,0.0,4.634,0.002,0.000,45.133,0.00
1786257993,ingest,0.00,0.00,0.0,4.634,0.002,0.000,45.133,0.00
1786257998,ingest,0.00,0.00,0.0,4.634,0.002,0.000,45.133,0.00
1786258003,ingest,0.00,0.00,0.0,4.634,0.002,0.000,45.133,0.00
1786258008,ingest,0.00,0.00,0.0,4.634,0.002,0.000,45.133,0.00
1786258014,ingest,0.00,0.00,0.0,4.634,0.002,0.000,45.134,0.00
1786258019,ingest,0.00,0.00,0.0,4.634,0.002,0.000,45.134,0.00
1786258024,ingest,0.00,0.00,0.0,4.634,0.002,0.000,45.133,0.00
1786258029,ingest,0.00,0.00,0.0,4.634,0.002,0.000,45.133,0.00
1786258034,ingest,0.00,0.00,0.0,4.634,0.002,0.000,45.134,0.00
1786258039,ingest,0.00,0.00,0.0,4.634,0.002,0.000,45.134,0.00
1786258044,ingest,0.00,0.00,0.0,4.634,0.002,0.000,45.134,0.00
1786258049,ingest,0.00,0.00,0.0,4.634,0.002,0.000,45.135,0.00
1786258054,ingest,0.00,0.00,0.0,4.634,0.002,0.000,45.134,0.00
1786258059,ingest,0.00,0.00,0.0,4.634,0.002,0.000,45.134,0.00
1786258064,ingest,0.00,0.00,0.0,4.634,0.002,0.000,45.134,0.00
1786258069,ingest,0.00,0.00,0.0,4.634,0.002,0.000,45.135,0.00
1786258074,ingest,0.00,0.00,0.0,4.634,0.002,0.000,45.134,0.00
1786258079,ingest,0.00,0.00,0.0,4.634,0.002,0.000,45.133,0.00
1786258084,ingest,0.00,0.00,0.0,4.634,0.002,0.000,45.133,0.00
1786258089,ingest,0.00,0.00,0.0,4.634,0.002,0.000,45.133,0.00
1786258094,ingest,0.00,0.00,0.0,4.634,0.002,0.000,45.133,0.00
1786258099,ingest,0.00,0.00,0.0,4.634,0.002,0.000,45.133,0.00
1786258104,ingest,0.00,0.00,0.0,4.634,0.002,0.000,45.133,0.00
1786258109,ingest,0.00,0.00,0.0,4.634,0.002,0.000,45.133,0.00
1786258115,ingest,0.00,0.00,0.0,4.634,0.002,0.000,45.133,0.00
1786258120,ingest,0.00,0.00,0.0,4.634,0.002,0.000,45.133,0.00
1786258125,ingest,0.00,0.00,0.0,4.634,0.002,0.000,45.133,0.00
1786258130,ingest,0.00,0.00,0.0,4.634,0.002,0.000,45.133,0.00
1786258135,ingest,0.00,0.00,0.0,4.634,0.002,0.000,45.133,0.00
1786258140,ingest,0.00,0.00,0.0,4.634,0.002,0.000,45.133,0.00
1786258145,ingest,0.00,0.00,0.0,4.634,0.002,0.000,45.133,0.00
1786258150,ingest,0.00,0.00,0.0,4.634,0.002,0.000,45.133,0.00
1786258155,ingest,0.00,0.00,0.0,4.634,0.002,0.000,45.133,0.00
1786258160,ingest,0.00,0.00,0.0,4.634,0.002,0.000,45.133,0.00
1786258165,ingest,0.00,0.00,0.0,4.634,0.002,0.000,45.133,0.00
1786258170,ingest,0.00,0.00,0.0,4.634,0.002,0.000,45.133,0.00
1786258175,ingest,0.00,0.00,0.0,4.634,0.002,0.000,45.133,0.00
1786258180,ingest,0.00,0.00,0.0,4.634,0.002,0.000,45.133,0.00
1786258185,ingest,0.00,0.00,0.0,4.634,0.002,0.000,45.133,0.00
1786258190,ingest,0.00,0.00,0.0,4.634,0.002,0.000,45.133,0.00
1786258195,ingest,0.00,0.00,0.0,4.634,0.002,0.000,45.133,0.00
1786258200,ingest,0.00,0.00,0.0,4.634,0.002,0.000,45.133,0.00
1786258205,ingest,0.00,0.00,0.0,4.634,0.002,0.000,45.133,0.00
1786258210,ingest,0.00,0.00,0.0,4.634,0.002,0.000,45.133,0.00
1786258216,ingest,0.00,0.00,0.0,4.634,0.002,0.000,45.133,0.00
1786258221,ingest,0.00,0.00,0.0,4.634,0.002,0.000,45.133,0.00
1786258226,ingest,0.00,0.00,0.0,4.634,0.002,0.000,45.133,0.00
1786258231,ingest,0.00,0.00,0.0,4.634,0.002,0.000,45.133,0.00
1786258236,ingest,0.00,0.00,0.0,4.634,0.002,0.000,45.133,0.00
1786258241,ingest,0.00,0.00,0.0,4.634,0.002,0.000,45.133,0.00
1786258246,ingest,0.00,0.00,0.0,4.634,0.002,0.000,45.132,0.00
1786258251,ingest,0.00,0.00,0.0,4.634,0.002,0.000,45.132,0.00
1786258256,ingest,0.00,0.00,0.0,4.634,0.002,0.000,45.132,0.00
1786258261,ingest,0.00,0.00,0.0,4.634,0.002,0.000,45.132,0.00
1786258266,ingest,0.00,0.00,0.0,4.634,0.002,0.000,45.132,0.00
1786258271,ingest,0.00,0.00,0.0,4.634,0.002,0.000,45.132,0.00
1786258276,ingest,0.00,0.00,0.0,4.634,0.002,0.000,45.132,0.00
1786258281,ingest,0.00,0.00,0.0,4.634,0.002,0.000,45.132,0.00
1786258286,ingest,0.00,0.00,0.0,4.634,0.002,0.000,45.132,0.00
1786258291,ingest,0.00,0.00,0.0,4.634,0.002,0.000,45.132,0.00
1786258296,ingest,0.00,0.00,0.0,4.634,0.002,0.000,45.132,0.00
1786258301,ingest,0.00,0.00,0.0,4.634,0.002,0.000,45.132,0.00
1786258306,ingest,0.00,0.00,0.0,4.634,0.002,0.000,45.132,0.00
1786258311,ingest,0.00,0.00,0.0,4.634,0.002,0.000,45.132,0.00
1786258317,ingest,0.00,0.00,0.0,4.634,0.002,0.000,45.132,0.00
1786258322,ingest,0.00,0.00,0.0,4.634,0.002,0.000,45.132,0.00
1786258327,ingest,0.00,0.00,0.0,4.634,0.002,0.000,45.132,0.00
1786258332,ingest,0.00,0.00,0.0,4.634,0.002,0.000,45.132,0.00
1786258337,ingest,0.00,0.00,0.0,4.634,0.002,0.000,45.132,0.00
1786258342,ingest,0.00,0.00,0.0,4.634,0.002,0.000,45.132,0.00
1786258347,ingest,0.00,0.00,0.0,4.634,0.002,0.000,45.132,0.00
1786258352,ingest,0.00,0.00,0.0,4.634,0.002,0.000,45.132,0.00
1786258357,ingest,0.00,0.00,0.0,4.634,0.002,0.000,45.132,0.00
1786258362,ingest,0.00,0.00,0.0,4.634,0.002,0.000,45.132,0.00
1786258367,ingest,0.00,0.00,0.0,4.634,0.002,0.000,45.132,0.00
1786258372,ingest,0.00,0.00,0.0,4.634,0.002,0.000,45.132,0.00
1786258377,ingest,0.00,0.00,0.0,4.634,0.002,0.000,45.132,0.00
1786258382,ingest,0.00,0.00,0.0,4.634,0.002,0.000,45.132,0.00
1786258387,ingest,0.00,0.00,0.0,4.634,0.002,0.000,45.132,0.00
1786258392,ingest,0.00,0.00,0.0,4.634,0.002,0.000,45.132,0.00
1786258397,ingest,0.00,0.00,0.0,4.634,0.002,0.000,45.132,0.00
1786258402,ingest,0.00,0.00,0.0,4.634,0.002,0.000,45.132,0.00
1786258407,ingest,0.00,0.00,0.0,4.634,0.002,0.000,45.132,0.00
1786258412,ingest,0.00,0.00,0.0,4.634,0.002,0.000,45.132,0.00
1786258418,ingest,0.00,0.00,0.0,4.634,0.002,0.000,45.132,0.00
1786258423,ingest,0.00,0.00,0.0,4.634,0.002,0.000,45.132,0.00
1786258428,ingest,0.00,0.00,0.0,4.634,0.002,0.000,45.132,0.00
1786258433,ingest,0.00,0.00,0.0,4.634,0.002,0.000,45.132,0.00
1786258438,ingest,0.00,0.00,0.0,4.634,0.002,0.000,45.132,0.00
1786258443,ingest,0.00,0.00,0.0,4.634,0.002,0.000,45.132,0.00
1786258448,ingest,0.00,0.00,0.0,4.634,0.002,0.000,45.132,0.00
1786258453,ingest,0.00,0.00,0.0,4.634,0.002,0.000,45.132,0.00
1786258458,ingest,0.00,0.00,0.0,4.634,0.002,0.000,45.132,0.00
1786258463,ingest,0.00,0.00,0.0,4.634,0.002,0.000,45.132,0.00
1786258468,ingest,0.00,0.00,0.0,4.634,0.002,0.000,45.132,0.00
1786258473,ingest,0.00,0.00,0.0,4.634,0.002,0.000,45.132,0.00
1786258478,ingest,0.00,0.00,0.0,4.634,0.002,0.000,45.133,0.00
1786258483,ingest,0.00,0.00,0.0,4.634,0.002,0.000,45.132,0.00
1786258488,ingest,0.00,0.00,0.0,4.634,0.002,0.000,45.133,0.00
1786258493,ingest,0.00,0.00,0.0,4.634,0.002,0.000,45.134,0.00
1786258498,ingest,0.00,0.00,0.0,4.634,0.002,0.000,45.133,0.00
1786258503,ingest,0.00,0.00,0.0,4.634,0.002,0.000,45.131,0.00
1786258508,ingest,0.00,0.00,0.0,4.634,0.002,0.000,45.131,0.00
1786258513,ingest,0.00,0.00,0.0,4.634,0.002,0.000,45.131,0.00
1786258519,ingest,0.00,0.00,0.0,4.634,0.002,0.000,45.131,0.00
1786258524,ingest,0.00,0.00,0.0,4.634,0.002,0.000,45.131,0.00
1786258529,ingest,0.00,0.00,0.0,4.634,0.002,0.000,45.131,0.00
1786258534,ingest,0.00,0.00,0.0,4.634,0.002,0.000,45.131,0.00
1786258539,ingest,0.00,0.00,0.0,4.634,0.002,0.000,45.131,0.00
1786258544,ingest,0.00,0.00,0.0,4.634,0.002,0.000,45.131,0.00
1786258549,ingest,0.00,0.00,0.0,4.634,0.002,0.000,45.131,0.00
1786258554,ingest,0.00,0.00,0.0,4.634,0.002,0.000,45.131,0.00
1786258559,ingest,0.00,0.00,0.0,4.634,0.002,0.000,45.131,0.00
1786258564,ingest,0.00,0.00,0.0,4.634,0.002,0.000,45.131,0.00
1786258569,ingest,0.00,0.00,0.0,4.634,0.002,0.000,45.131,0.00
1786258574,ingest,0.00,0.00,0.0,4.634,0.002,0.000,45.131,0.00
1786258579,ingest,0.00,0.00,0.0,4.634,0.002,0.000,45.131,0.00
1786258584,ingest,0.00,0.00,0.0,4.634,0.002,0.000,45.131,0.00
1786258589,ingest,0.00,0.00,0.0,4.634,0.002,0.000,45.131,0.00
1786258594,ingest,0.00,0.00,0.0,4.634,0.002,0.000,45.132,0.00
1786258599,ingest,0.00,0.00,0.0,4.634,0.002,0.000,45.131,0.00
1786258604,ingest,0.00,0.00,0.0,4.634,0.002,0.000,45.130,0.00
1786258609,ingest,0.00,0.00,0.0,4.634,0.002,0.000,45.130,0.00
1786258614,ingest,0.00,0.00,0.0,4.634,0.002,0.000,45.130,0.00
1786258620,ingest,0.00,0.00,0.0,4.634,0.002,0.000,45.130,0.00
1786258625,ingest,0.00,0.00,0.0,4.634,0.002,0.000,45.131,0.00
1786258630,ingest,0.00,0.00,0.0,4.634,0.002,0.000,45.131,0.00
1786258635,ingest,0.00,0.00,0.0,4.634,0.002,0.000,45.130,0.00
1786258640,ingest,0.00,0.00,0.0,4.634,0.002,0.000,45.132,0.00
1786258645,ingest,0.00,0.00,0.0,4.634,0.002,0.000,45.131,0.00
1786258650,ingest,0.00,0.00,0.0,4.634,0.002,0.000,45.132,0.00
1786258655,ingest,0.00,0.00,0.0,4.634,0.002,0.000,45.131,0.00
1786258660,ingest,0.00,0.00,0.0,4.634,0.002,0.000,45.130,0.00
1786258665,ingest,0.00,0.00,0.0,4.634,0.002,0.000,45.130,0.00
1786258670,ingest,0.00,0.00,0.0,4.634,0.002,0.000,45.130,0.00
1786258675,ingest,0.00,0.00,0.0,4.634,0.002,0.000,45.130,0.00
1786258680,ingest,0.00,0.00,0.0,4.634,0.002,0.000,45.131,0.00
1786258685,ingest,0.00,0.00,0.0,4.634,0.002,0.000,45.131,0.00
1786258690,ingest,0.00,0.00,0.0,4.634,0.002,0.000,45.131,0.00
1786258695,ingest,0.00,0.00,0.0,4.634,0.002,0.000,45.131,0.00
1786258700,ingest,0.00,0.00,0.0,4.634,0.002,0.000,45.131,0.00
1786258705,ingest,0.00,0.00,0.0,4.634,0.002,0.000,45.132,0.00
1786258710,ingest,0.00,0.00,0.0,4.634,0.002,0.000,45.131,0.00
1786258715,ingest,0.00,0.00,0.0,4.634,0.002,0.000,45.131,0.00
1786258721,ingest,0.00,0.00,0.0,4.634,0.002,0.000,45.131,0.00
1786258726,ingest,0.00,0.00,0.0,4.634,0.002,0.000,45.131,0.00
1786258731,ingest,0.00,0.00,0.0,4.634,0.002,0.000,45.131,0.00
1786258736,ingest,0.00,0.00,0.0,4.634,0.002,0.000,45.131,0.00
1786258741,ingest,0.00,0.00,0.0,4.634,0.002,0.000,45.131,0.00
1786258746,ingest,0.00,0.00,0.0,4.634,0.002,0.000,45.131,0.00
1786258751,ingest,0.00,0.00,0.0,4.634,0.002,0.000,45.131,0.00
1786258756,ingest,0.00,0.00,0.0,4.634,0.002,0.000,45.131,0.00
1786258761,ingest,0.00,0.00,0.0,4.634,0.002,0.000,45.131,0.00
1786258766,ingest,0.00,0.00,0.0,4.634,0.002,0.000,45.131,0.00
1786258771,ingest,0.00,0.00,0.0,4.634,0.002,0.000,45.131,0.00
1786258776,ingest,0.00,0.00,0.0,4.634,0.002,0.000,45.131,0.00
1786258781,ingest,0.00,0.00,0.0,4.634,0.002,0.000,45.131,0.00
1786258786,ingest,0.00,0.00,0.0,4.634,0.002,0.000,45.130,0.00
1786258791,ingest,0.00,0.00,0.0,4.634,0.002,0.000,45.130,0.00
1786258796,ingest,0.00,0.00,0.0,4.634,0.002,0.000,45.130,0.00
1786258801,ingest,0.00,0.00,0.0,4.634,0.002,0.000,45.130,0.00
1786258806,ingest,0.00,0.00,0.0,4.634,0.002,0.000,45.130,0.00
1786258811,ingest,0.00,0.00,0.0,4.634,0.002,0.000,45.130,0.00
1786258816,ingest,0.00,0.00,0.0,4.634,0.002,0.000,45.130,0.00
1786258822,ingest,0.00,0.00,0.0,4.634,0.002,0.000,45.130,0.00
1786258827,ingest,0.00,0.00,0.0,4.634,0.002,0.000,45.132,0.00
1786258832,ingest,0.00,0.00,0.0,4.634,0.002,0.000,45.132,0.00
1786258837,ingest,0.00,0.00,0.0,4.634,0.002,0.000,45.131,0.00
1786258842,ingest,0.00,0.00,0.0,4.634,0.002,0.000,45.131,0.00
1786258847,ingest,0.00,0.00,0.0,4.634,0.002,0.000,45.131,0.00
1786258852,ingest,0.00,0.00,0.0,4.634,0.002,0.000,45.131,0.00
1786258857,ingest,0.00,0.00,0.0,4.634,0.002,0.000,45.130,0.00
1786258862,ingest,0.00,0.00,0.0,4.634,0.002,0.000,45.130,0.00
1786258867,ingest,0.00,0.00,0.0,4.634,0.002,0.000,45.130,0.00
1786258872,ingest,0.00,0.00,0.0,4.634,0.002,0.000,45.130,0.00
1786258877,ingest,0.00,0.00,0.0,4.634,0.002,0.000,45.132,0.00
1786258882,ingest,0.00,0.00,0.0,4.634,0.002,0.000,45.131,0.00
1786258887,ingest,0.00,0.00,0.0,4.634,0.002,0.000,45.131,0.00
1786258892,ingest,0.00,0.00,0.0,4.634,0.002,0.000,45.131,0.00
1786258897,ingest,0.00,0.00,0.0,4.634,0.002,0.000,45.131,0.00
1786258902,ingest,0.00,0.00,0.0,4.634,0.002,0.000,45.130,0.00
1786258907,ingest,0.00,0.00,0.0,4.634,0.002,0.000,45.130,0.00
1786258912,ingest,0.00,0.00,0.0,4.634,0.002,0.000,45.130,0.00
1786258917,ingest,0.00,0.00,0.0,4.634,0.002,0.000,45.130,0.00
1786258923,ingest,0.00,0.00,0.0,4.634,0.002,0.000,45.130,0.00
1786258928,ingest,0.00,0.00,0.0,4.634,0.002,0.000,45.130,0.00
1786258933,ingest,0.00,0.00,0.0,4.634,0.002,0.000,45.130,0.00
1786258938,ingest,0.00,0.00,0.0,4.634,0.002,0.000,45.130,0.00
1786258943,ingest,0.00,0.00,0.0,4.634,0.002,0.000,45.130,0.00
1786258948,ingest,0.00,0.00,0.0,4.634,0.002,0.000,45.130,0.00
1786258953,ingest,0.00,0.00,0.0,4.634,0.002,0.000,45.131,0.00
1786258958,ingest,0.00,0.00,0.0,4.634,0.002,0.000,45.131,0.00
1786258963,ingest,0.00,0.00,0.0,4.634,0.002,0.000,45.131,0.00
1786258968,ingest,0.00,0.00,0.0,4.634,0.002,0.000,45.131,0.00
1786258973,ingest,0.00,0.00,0.0,4.634,0.002,0.000,45.131,0.00
1786258978,ingest,0.00,0.00,0.0,4.634,0.002,0.000,45.131,0.00
1786258983,ingest,0.00,0.00,0.0,4.634,0.002,0.000,45.131,0.00
1786258988,ingest,0.00,0.00,0.0,4.634,0.002,0.000,45.131,0.00
1786258993,ingest,0.00,0.00,0.0,4.634,0.002,0.000,45.131,0.00
1786258998,ingest,0.00,0.00,0.0,4.634,0.002,0.000,45.130,0.00
1786259003,ingest,0.00,0.00,0.0,4.634,0.002,0.000,45.131,0.00
1786259008,ingest,0.00,0.00,0.0,4.634,0.002,0.000,45.131,0.00
1786259013,ingest,0.00,0.00,0.0,4.634,0.002,0.000,45.131,0.00
1786259018,ingest,0.00,0.00,0.0,4.634,0.002,0.000,45.131,0.00
1786259024,ingest,0.00,0.00,0.0,4.634,0.002,0.000,45.131,0.00
1786259029,ingest,0.00,0.00,0.0,4.634,0.002,0.000,45.131,0.00
1786259034,ingest,0.00,0.00,0.0,4.634,0.002,0.000,45.131,0.00
1786259039,ingest,0.00,0.00,0.0,4.634,0.002,0.000,45.131,0.00
1786259044,ingest,0.00,0.00,0.0,4.634,0.002,0.000,45.131,0.00
1786259049,ingest,0.00,0.00,0.0,4.634,0.002,0.000,45.131,0.00
1786259054,ingest,0.00,0.00,0.0,4.634,0.002,0.000,45.131,0.00
1786259059,ingest,0.00,0.00,0.0,4.634,0.002,0.000,45.131,0.00
1786259064,ingest,0.00,0.00,0.0,4.634,0.002,0.000,45.130,0.00
1786259069,ingest,0.00,0.00,0.0,4.634,0.002,0.000,45.130,0.00
1786259074,ingest,0.00,0.00,0.0,4.634,0.002,0.000,45.130,0.00
1786259079,ingest,0.00,0.00,0.0,4.634,0.002,0.000,45.130,0.00
1786259084,ingest,0.00,0.00,0.0,4.634,0.002,0.000,45.130,0.00
1786259089,ingest,0.00,0.00,0.0,4.634,0.002,0.000,45.130,0.00
1786259094,ingest,0.00,0.00,0.0,4.634,0.002,0.000,45.130,0.00
1786259099,ingest,0.00,0.00,0.0,4.634,0.002,0.000,45.130,0.00
1786259104,ingest,0.00,0.00,0.0,4.634,0.002,0.000,45.129,0.00
1786259109,ingest,0.00,0.00,0.0,4.634,0.002,0.000,45.129,0.00
1786259114,ingest,0.00,0.00,0.0,4.634,0.002,0.000,45.129,0.00
1786259119,ingest,0.00,0.00,0.0,4.634,0.002,0.000,45.129,0.00
1786259125,ingest,0.00,0.00,0.0,4.634,0.002,0.000,45.130,0.00
1786259130,ingest,0.00,0.00,0.0,4.634,0.002,0.000,45.130,0.00
1786259135,ingest,0.00,0.00,0.0,4.634,0.002,0.000,45.130,0.00
1786259140,ingest,0.00,0.00,0.0,4.634,0.002,0.000,45.130,0.00
1786259145,ingest,0.00,0.00,0.0,4.634,0.002,0.000,45.130,0.00
1786259150,ingest,0.00,0.00,0.0,4.634,0.002,0.000,45.130,0.00
1786259155,ingest,0.00,0.00,0.0,4.634,0.002,0.000,45.130,0.00
1786259160,ingest,0.00,0.00,0.0,4.634,0.002,0.000,45.129,0.00
1786259165,ingest,0.00,0.00,0.0,4.634,0.002,0.000,45.129,0.00
1786259170,ingest,0.00,0.00,0.0,4.634,0.002,0.000,45.129,0.00
1786259175,ingest,0.00,0.00,0.0,4.634,0.002,0.000,45.129,0.00
1786259180,ingest,0.00,0.00,0.0,4.634,0.002,0.000,45.129,0.00
1786259185,ingest,0.00,0.00,0.0,4.634,0.002,0.000,45.129,0.00
1786259190,ingest,0.00,0.00,0.0,4.634,0.002,0.000,45.129,0.00
1786259195,ingest,0.00,0.00,0.0,4.634,0.002,0.000,45.129,0.00
1786259200,ingest,0.00,0.00,0.0,4.634,0.002,0.000,45.129,0.00
1786259205,ingest,0.00,0.00,0.0,4.634,0.002,0.000,45.129,0.00
1786259210,ingest,0.00,0.00,0.0,4.634,0.002,0.000,45.129,0.00
1786259215,ingest,0.00,0.00,0.0,4.634,0.002,0.000,45.129,0.00
1786259220,ingest,0.00,0.00,0.0,4.634,0.002,0.000,45.130,0.00
1786259226,ingest,0.00,0.00,0.0,4.634,0.002,0.000,45.131,0.00
1786259231,ingest,0.00,0.00,0.0,4.634,0.002,0.000,45.130,0.00
1786259236,ingest,0.00,0.00,0.0,4.634,0.002,0.000,45.130,0.00
1786259241,ingest,0.00,0.00,0.0,4.634,0.002,0.000,45.130,0.00
1786259246,ingest,0.00,0.00,0.0,4.634,0.002,0.000,45.130,0.00
1786259251,ingest,0.00,0.00,0.0,4.634,0.002,0.000,45.129,0.00
1786259256,ingest,0.00,0.00,0.0,4.634,0.002,0.000,45.130,0.00
1786259261,ingest,0.00,0.00,0.0,4.634,0.002,0.000,45.131,0.00
1786259266,ingest,0.00,0.00,0.0,4.634,0.002,0.000,45.131,0.00
1786259271,ingest,0.00,0.00,0.0,4.634,0.002,0.000,45.129,0.00
1786259276,ingest,0.00,0.00,0.0,4.634,0.002,0.000,45.131,0.00
1786259281,ingest,0.00,0.00,0.0,4.634,0.002,0.000,45.130,0.00
1786259286,ingest,0.00,0.00,0.0,4.634,0.002,0.000,45.129,0.00
1786259291,ingest,0.00,0.00,0.0,4.634,0.002,0.000,45.131,0.00
1786259296,ingest,0.00,0.00,0.0,4.634,0.002,0.000,45.130,0.00
1786259301,ingest,0.00,0.00,0.0,4.634,0.002,0.000,45.130,0.00
1786259306,ingest,0.00,0.00,0.0,4.634,0.002,0.000,45.130,0.00
1786259311,ingest,0.00,0.00,0.0,4.634,0.002,0.000,45.130,0.00
1786259316,ingest,0.00,0.00,0.0,4.634,0.002,0.000,45.130,0.00
1786259321,ingest,0.00,0.00,0.0,4.634,0.002,0.000,45.130,0.00
1786259327,ingest,0.00,0.00,0.0,4.634,0.002,0.000,45.131,0.00
1786259332,ingest,0.00,0.00,0.0,4.634,0.002,0.000,45.130,0.00
1786259337,ingest,0.00,0.00,0.0,4.634,0.002,0.000,45.130,0.00
1786259342,ingest,0.00,0.00,0.0,4.634,0.002,0.000,45.128,0.00
1786259347,ingest,0.00,0.00,0.0,4.634,0.002,0.000,45.128,0.00
1786259352,ingest,0.00,0.00,0.0,4.634,0.002,0.000,45.130,0.00
1786259357,ingest,0.00,0.00,0.0,4.634,0.002,0.000,45.129,0.00
1786259362,ingest,0.00,0.00,0.0,4.634,0.002,0.000,45.129,0.00
1786259367,ingest,0.00,0.00,0.0,4.634,0.002,0.000,45.130,0.00
1786259372,ingest,0.00,0.00,0.0,4.634,0.002,0.000,45.129,0.00
1786259377,ingest,0.00,0.00,0.0,4.634,0.002,0.000,45.128,0.00
1786259382,ingest,0.00,0.00,0.0,4.634,0.002,0.000,45.128,0.00
1786259387,ingest,0.00,0.00,0.0,4.634,0.002,0.000,45.130,0.00
1786259392,ingest,0.00,0.00,0.0,4.634,0.002,0.000,45.130,0.00
1786259397,ingest,0.00,0.00,0.0,4.634,0.002,0.000,45.129,0.00
1786259402,ingest,0.00,0.00,0.0,4.634,0.002,0.000,45.128,0.00
1786259407,ingest,0.00,0.00,0.0,4.634,0.002,0.000,45.128,0.00
1786259412,ingest,0.00,0.00,0.0,4.634,0.002,0.000,45.128,0.00
1786259417,ingest,0.00,0.00,0.0,4.634,0.002,0.000,45.129,0.00
1786259422,ingest,0.00,0.00,0.0,4.634,0.002,0.000,45.129,0.00
1786259428,ingest,0.00,0.00,0.0,4.634,0.002,0.000,45.130,0.00
1786259433,ingest,0.00,0.00,0.0,4.634,0.002,0.000,45.129,0.00
1786259438,ingest,0.00,0.00,0.0,4.634,0.002,0.000,45.129,0.00
1786259443,ingest,0.00,0.00,0.0,4.634,0.002,0.000,45.129,0.00
1786259448,ingest,0.00,0.00,0.0,4.634,0.002,0.000,45.129,0.00
1786259453,ingest,0.00,0.00,0.0,4.634,0.002,0.000,45.130,0.00
1786259458,ingest,0.00,0.00,0.0,4.634,0.002,0.000,45.129,0.00
1786259463,ingest,0.00,0.00,0.0,4.634,0.002,0.000,45.128,0.00
1786259468,ingest,0.00,0.00,0.0,4.634,0.002,0.000,45.129,0.00
1786259473,ingest,0.00,0.00,0.0,4.634,0.002,0.000,45.129,0.00
1786259478,ingest,0.00,0.00,0.0,4.634,0.002,0.000,45.129,0.00
1786259483,ingest,0.00,0.00,0.0,4.634,0.002,0.000,45.129,0.00
1786259488,ingest,0.00,0.00,0.0,4.634,0.002,0.000,45.129,0.00
1786259493,ingest,0.00,0.00,0.0,4.634,0.002,0.000,45.129,0.00
1786259498,ingest,0.00,0.00,0.0,4.634,0.002,0.000,45.129,0.00
1786259503,ingest,0.00,0.00,0.0,4.634,0.002,0.000,45.129,0.00
1786259508,ingest,0.00,0.00,0.0,4.634,0.002,0.000,45.128,0.00
1786259513,ingest,0.00,0.00,0.0,4.634,0.002,0.000,45.130,0.00
1786259518,ingest,0.00,0.00,0.0,4.634,0.002,0.000,45.129,0.00
1786259523,ingest,0.00,0.00,0.0,4.634,0.002,0.000,45.130,0.00
1786259529,ingest,0.00,0.00,0.0,4.634,0.002,0.000,45.129,0.00
1786259534,ingest,0.00,0.00,0.0,4.634,0.002,0.000,45.129,0.00
1786259539,ingest,0.00,0.00,0.0,4.634,0.002,0.000,45.130,0.00
1786259544,ingest,0.00,0.00,0.0,4.634,0.002,0.000,45.129,0.00
1786259549,ingest,0.00,0.00,0.0,4.634,0.002,0.000,45.128,0.00
1786259554,ingest,0.00,0.00,0.0,4.634,0.002,0.000,45.128,0.00
1786259559,ingest,0.00,0.00,0.0,4.634,0.002,0.000,45.129,0.00
1786259564,ingest,0.00,0.00,0.0,4.634,0.002,0.000,45.129,0.00
1786259569,ingest,0.00,0.00,0.0,4.634,0.002,0.000,45.128,0.00
1786259574,ingest,0.00,0.00,0.0,4.634,0.002,0.000,45.129,0.00
1786259579,ingest,0.00,0.00,0.0,4.634,0.002,0.000,45.129,0.00
1786259584,ingest,0.00,0.00,0.0,4.634,0.002,0.000,45.129,0.00
1786259589,ingest,0.00,0.00,0.0,4.634,0.002,0.000,45.129,0.00
1786259594,ingest,0.00,0.00,0.0,4.634,0.002,0.000,45.129,0.00
1786259599,ingest,0.00,0.00,0.0,4.634,0.002,0.000,45.128,0.00
1786259604,ingest,0.00,0.00,0.0,4.634,0.002,0.000,45.129,0.00
1786259609,ingest,0.00,0.00,0.0,4.634,0.002,0.000,45.130,0.00
1786259614,ingest,0.00,0.00,0.0,4.634,0.002,0.000,45.129,0.00
1786259619,ingest,0.00,0.00,0.0,4.634,0.002,0.000,45.128,0.00
1786259624,ingest,0.00,0.00,0.0,4.634,0.002,0.000,45.129,0.00
1786259630,ingest,0.00,0.00,0.0,4.634,0.002,0.000,45.129,0.00
1786259635,ingest,0.00,0.00,0.0,4.634,0.002,0.000,45.129,0.00
1786259640,ingest,0.00,0.00,0.0,4.634,0.002,0.000,45.130,0.00
1786259645,ingest,0.00,0.00,0.0,4.634,0.002,0.000,45.129,0.00
1786259650,ingest,0.00,0.00,0.0,4.634,0.002,0.000,45.129,0.00
1786259655,ingest,0.00,0.00,0.0,4.634,0.002,0.000,45.129,0.00
1786259660,ingest,0.00,0.00,0.0,4.634,0.002,0.000,45.129,0.00
1786259665,ingest,0.00,0.00,0.0,4.634,0.002,0.000,45.130,0.00
1786259670,ingest,0.00,0.00,0.0,4.634,0.002,0.000,45.129,0.00
1786259675,ingest,0.00,0.00,0.0,4.634,0.002,0.000,45.129,0.00
1786259680,ingest,0.00,0.00,0.0,4.634,0.002,0.000,45.129,0.00
1786259685,ingest,0.00,0.00,0.0,4.634,0.002,0.000,45.129,0.00
1786259690,ingest,0.00,0.00,0.0,4.634,0.002,0.000,45.128,0.00
1786259695,ingest,0.00,0.00,0.0,4.634,0.002,0.000,45.130,0.00
1786259700,ingest,0.00,0.00,0.0,4.634,0.002,0.000,45.129,0.00
1786259705,ingest,0.00,0.00,0.0,4.634,0.002,0.000,45.128,0.00
1786259710,ingest,0.00,0.00,0.0,4.634,0.002,0.000,45.128,0.00
1786259715,ingest,0.00,0.00,0.0,4.634,0.002,0.000,45.128,0.00
1786259720,ingest,0.00,0.00,0.0,4.634,0.002,0.000,45.128,0.00
1786259725,ingest,0.00,0.00,0.0,4.634,0.002,0.000,45.129,0.00
1786259731,ingest,0.00,0.00,0.0,4.634,0.002,0.000,45.129,0.00
1786259736,ingest,0.00,0.00,0.0,4.634,0.002,0.000,45.128,0.00
1786259741,ingest,0.00,0.00,0.0,4.634,0.002,0.000,45.129,0.00
1786259746,ingest,0.00,0.00,0.0,4.634,0.002,0.000,45.128,0.00
1786259751,ingest,0.00,0.00,0.0,4.634,0.002,0.000,45.128,0.00
1786259756,ingest,0.00,0.00,0.0,4.634,0.002,0.000,45.128,0.00
1786259761,ingest,0.00,0.00,0.0,4.634,0.002,0.000,45.128,0.00
1786259766,ingest,0.00,0.00,0.0,4.634,0.002,0.000,45.128,0.00
1786259771,ingest,0.00,0.00,0.0,4.634,0.002,0.000,45.128,0.00
1786259776,ingest,0.00,0.00,0.0,4.634,0.002,0.000,45.128,0.00
1786259781,ingest,0.00,0.00,0.0,4.634,0.002,0.000,45.129,0.00
1786259786,ingest,0.00,0.00,0.0,4.634,0.002,0.000,45.128,0.00
1786259791,ingest,0.00,0.00,0.0,4.634,0.002,0.000,45.128,0.00
1786259796,ingest,0.00,0.00,0.0,4.634,0.002,0.000,45.128,0.00
1786259801,ingest,0.00,0.00,0.0,4.634,0.002,0.000,45.128,0.00
1786259806,ingest,0.00,0.00,0.0,4.634,0.002,0.000,45.130,0.00
1786259811,ingest,0.00,0.00,0.0,4.634,0.002,0.000,45.128,0.00
1786259816,ingest,0.00,0.00,0.0,4.634,0.002,0.000,45.128,0.00
1786259821,ingest,0.00,0.00,0.0,4.634,0.002,0.000,45.128,0.00
1786259826,ingest,0.00,0.00,0.0,4.634,0.002,0.000,45.128,0.00
1786259832,ingest,0.00,0.00,0.0,4.634,0.002,0.000,45.128,0.00
1786259837,ingest,0.00,0.00,0.0,4.634,0.002,0.000,45.128,0.00
1786259842,ingest,0.00,0.00,0.0,4.634,0.002,0.000,45.127,0.00
1786259847,ingest,0.00,0.00,0.0,4.634,0.002,0.000,45.127,0.00
1786259852,ingest,0.00,0.00,0.0,4.634,0.002,0.000,45.128,0.00
1786259857,ingest,0.00,0.00,0.0,4.634,0.002,0.000,45.127,0.00
1786259862,ingest,0.00,0.00,0.0,4.634,0.002,0.000,45.128,0.00
1786259867,ingest,0.00,0.00,0.0,4.634,0.002,0.000,45.127,0.00
1786259872,ingest,0.00,0.00,0.0,4.634,0.002,0.000,45.127,0.00
1786259877,ingest,0.00,0.00,0.0,4.634,0.002,0.000,45.127,0.00
1786259882,ingest,0.00,0.00,0.0,4.634,0.002,0.000,45.127,0.00
1786259887,ingest,0.00,0.00,0.0,4.634,0.002,0.000,45.127,0.00
1786259892,ingest,0.00,0.00,0.0,4.634,0.002,0.000,45.127,0.00
1786259897,ingest,0.00,0.00,0.0,4.634,0.002,0.000,45.129,0.00
1786259902,ingest,0.00,0.00,0.0,4.634,0.002,0.000,45.127,0.00
1786259907,ingest,0.00,0.00,0.0,4.634,0.002,0.000,45.127,0.00
1786259912,ingest,0.00,0.00,0.0,4.634,0.002,0.000,45.128,0.00
1786259917,ingest,0.00,0.00,0.0,4.634,0.002,0.000,45.128,0.00
1786259922,ingest,0.00,0.00,0.0,4.634,0.002,0.000,45.128,0.00
1786259927,ingest,0.00,0.00,0.0,4.634,0.002,0.000,45.128,0.00
1786259933,ingest,0.00,0.00,0.0,4.634,0.002,0.000,45.127,0.00
1786259938,ingest,0.00,0.00,0.0,4.634,0.002,0.000,45.127,0.00
1786259943,ingest,0.00,0.00,0.0,4.634,0.002,0.000,45.127,0.00
1786259948,ingest,0.00,0.00,0.0,4.634,0.002,0.000,45.127,0.00
1786259953,ingest,0.00,0.00,0.0,4.634,0.002,0.000,45.127,0.00
1786259958,ingest,0.00,0.00,0.0,4.634,0.002,0.000,45.127,0.00
1786259963,ingest,0.00,0.00,0.0,4.634,0.002,0.000,45.127,0.00
1786259968,ingest,0.00,0.00,0.0,4.634,0.002,0.000,45.127,0.00
1786259973,ingest,0.00,0.00,0.0,4.634,0.002,0.000,45.126,0.00
1786259978,ingest,0.00,0.00,0.0,4.634,0.002,0.000,45.126,0.00
1786259983,ingest,0.00,0.00,0.0,4.634,0.002,0.000,45.126,0.00
1786259988,ingest,0.00,0.00,0.0,4.634,0.002,0.000,45.127,0.00
1786259993,ingest,0.00,0.00,0.0,4.634,0.002,0.000,45.128,0.00
1786259998,ingest,0.00,0.00,0.0,4.634,0.002,0.000,45.128,0.00
1786260003,ingest,0.00,0.00,0.0,4.634,0.002,0.000,45.127,0.00
1786260008,ingest,0.00,0.00,0.0,4.634,0.002,0.000,45.128,0.00
1786260013,ingest,0.00,0.00,0.0,4.634,0.002,0.000,45.127,0.00
1786260018,ingest,0.00,0.00,0.0,4.634,0.002,0.000,45.127,0.00
1786260023,ingest,0.00,0.00,0.0,4.634,0.002,0.000,45.127,0.00
1786260028,ingest,0.00,0.00,0.0,4.634,0.002,0.000,45.128,0.00
1786260034,ingest,0.00,0.00,0.0,4.634,0.002,0.000,45.128,0.00
1786260039,ingest,0.00,0.00,0.0,4.634,0.002,0.000,45.128,0.00
1786260044,ingest,0.00,0.00,0.0,4.634,0.002,0.000,45.128,0.00
1786260049,ingest,0.00,0.00,0.0,4.634,0.002,0.000,45.128,0.00
1786260054,ingest,0.00,0.00,0.0,4.634,0.002,0.000,45.129,0.00
1786260059,ingest,0.00,0.00,0.0,4.634,0.002,0.000,45.128,0.00
1786260064,ingest,0.00,0.00,0.0,4.634,0.002,0.000,45.129,0.00
1786260069,ingest,0.00,0.00,0.0,4.634,0.002,0.000,45.128,0.00
1786260074,ingest,0.00,0.00,0.0,4.634,0.002,0.000,45.127,0.00
1786260079,ingest,0.00,0.00,0.0,4.634,0.002,0.000,45.127,0.00
1786260084,ingest,0.00,0.00,0.0,4.634,0.002,0.000,45.127,0.00
1786260089,ingest,0.00,0.00,0.0,4.634,0.002,0.000,45.128,0.00
1786260094,ingest,0.00,0.00,0.0,4.634,0.002,0.000,45.127,0.00
1786260099,ingest,0.00,0.00,0.0,4.634,0.002,0.000,45.129,0.00
1786260104,ingest,0.00,0.00,0.0,4.634,0.002,0.000,45.128,0.00
1786260109,ingest,0.00,0.00,0.0,4.634,0.002,0.000,45.127,0.00
1786260114,ingest,0.00,0.00,0.0,4.634,0.002,0.000,45.127,0.00
1786260119,ingest,0.00,0.00,0.0,4.634,0.002,0.000,45.128,0.00
1786260124,ingest,0.00,0.00,0.0,4.634,0.002,0.000,45.127,0.00
1786260129,ingest,0.00,0.00,0.0,4.634,0.002,0.000,45.127,0.00
1786260135,ingest,0.00,0.00,0.0,4.634,0.002,0.000,45.127,0.00
1786260140,ingest,0.00,0.00,0.0,4.634,0.002,0.000,45.127,0.00
1786260145,ingest,0.00,0.00,0.0,4.634,0.002,0.000,45.128,0.00
1786260150,ingest,0.00,0.00,0.0,4.634,0.002,0.000,45.127,0.00
1786260155,ingest,0.00,0.00,0.0,4.634,0.002,0.000,45.127,0.00
1786260160,ingest,0.00,0.00,0.0,4.634,0.002,0.000,45.128,0.00
1786260165,ingest,0.00,0.00,0.0,4.634,0.002,0.000,45.127,0.00
1786260170,ingest,0.00,0.00,0.0,4.634,0.002,0.000,45.127,0.00
1786260175,ingest,0.00,0.00,0.0,4.634,0.002,0.000,45.129,0.00
1786260180,ingest,0.00,0.00,0.0,4.634,0.002,0.000,45.128,0.00
1786260185,ingest,0.00,0.00,0.0,4.634,0.002,0.000,45.128,0.00
1786260190,ingest,0.00,0.00,0.0,4.634,0.002,0.000,45.127,0.00
1786260195,ingest,0.00,0.00,0.0,4.634,0.002,0.000,45.127,0.00
1786260200,ingest,0.00,0.00,0.0,4.634,0.002,0.000,45.127,0.00
1786260205,ingest,0.00,0.00,0.0,4.634,0.002,0.000,45.128,0.00
1786260210,ingest,0.00,0.00,0.0,4.634,0.002,0.000,45.129,0.00
1786260215,ingest,0.00,0.00,0.0,4.634,0.002,0.000,45.128,0.00
1786260220,ingest,0.00,0.00,0.0,4.634,0.002,0.000,45.128,0.00
1786260225,ingest,0.00,0.00,0.0,4.634,0.002,0.000,45.127,0.00
1786260230,ingest,0.00,0.00,0.0,4.634,0.002,0.000,45.127,0.00
1786260235,ingest,0.00,0.00,0.0,4.634,0.002,0.000,45.129,0.00
1786260241,ingest,0.00,0.00,0.0,4.634,0.002,0.000,45.128,0.00
1786260246,ingest,0.00,0.00,0.0,4.634,0.002,0.000,45.127,0.00
1786260251,ingest,0.00,0.00,0.0,4.634,0.002,0.000,45.127,0.00
1786260256,ingest,0.00,0.00,0.0,4.634,0.002,0.000,45.127,0.00
1786260261,ingest,0.00,0.00,0.0,4.634,0.002,0.000,45.128,0.00
1786260266,ingest,0.00,0.00,0.0,4.634,0.002,0.000,45.128,0.00
1786260271,ingest,0.00,0.00,0.0,4.634,0.002,0.000,45.127,0.00
1786260276,ingest,0.00,0.00,0.0,4.634,0.002,0.000,45.127,0.00
1786260281,ingest,0.00,0.00,0.0,4.634,0.002,0.000,45.127,0.00
1786260286,ingest,0.00,0.00,0.0,4.634,0.002,0.000,45.127,0.00
1786260291,ingest,0.00,0.00,0.0,4.634,0.002,0.000,45.127,0.00
1786260296,ingest,0.00,0.00,0.0,4.634,0.002,0.000,45.127,0.00
1786260301,ingest,0.00,0.00,0.0,4.634,0.002,0.000,45.127,0.00
1786260306,ingest,0.00,0.00,0.0,4.634,0.002,0.000,45.127,0.00
1786260311,ingest,0.00,0.00,0.0,4.634,0.002,0.000,45.127,0.00
1786260316,ingest,0.00,0.00,0.0,4.634,0.002,0.000,45.127,0.00
1786260321,ingest,0.00,0.00,0.0,4.634,0.002,0.000,45.128,0.00
1786260326,ingest,0.00,0.00,0.0,4.634,0.002,0.000,45.128,0.00
1786260331,ingest,0.00,0.00,0.0,4.634,0.002,0.000,45.127,0.00
1786260336,ingest,0.00,0.00,0.0,4.634,0.002,0.000,45.127,0.00
1786260342,ingest,0.00,0.00,0.0,4.634,0.002,0.000,45.126,0.00
1786260347,ingest,0.00,0.00,0.0,4.634,0.002,0.000,45.127,0.00
1786260352,ingest,0.00,0.00,0.0,4.634,0.002,0.000,45.127,0.00
1786260357,ingest,0.00,0.00,0.0,4.634,0.002,0.000,45.127,0.00
1786260362,ingest,0.00,0.00,0.0,4.634,0.002,0.000,45.127,0.00
1786260367,ingest,0.00,0.00,0.0,4.634,0.002,0.000,45.127,0.00
1786260372,ingest,0.00,0.00,0.0,4.634,0.002,0.000,45.128,0.00
1786260377,ingest,0.00,0.00,0.0,4.634,0.002,0.000,45.128,0.00
1786260382,ingest,0.00,0.00,0.0,4.634,0.002,0.000,45.127,0.00
1786260387,ingest,0.00,0.00,0.0,4.634,0.002,0.000,45.127,0.00
1786260392,ingest,0.00,0.00,0.0,4.634,0.002,0.000,45.127,0.00
1786260397,ingest,0.00,0.00,0.0,4.634,0.002,0.000,45.127,0.00
1786260402,ingest,0.00,0.00,0.0,4.634,0.002,0.000,45.127,0.00
1786260407,ingest,0.00,0.00,0.0,4.634,0.002,0.000,45.127,0.00
1786260412,ingest,0.00,0.00,0.0,4.634,0.002,0.000,45.127,0.00
1786260417,ingest,0.00,0.00,0.0,4.634,0.002,0.000,45.127,0.00
1786260422,ingest,0.00,0.00,0.0,4.634,0.002,0.000,45.128,0.00
1786260427,ingest,0.00,0.00,0.0,4.634,0.002,0.000,45.127,0.00
1786260432,ingest,0.00,0.00,0.0,4.634,0.002,0.000,45.129,0.00
1786260437,ingest,0.00,0.00,0.0,4.634,0.002,0.000,45.127,0.00
1786260443,ingest,0.00,0.00,0.0,4.634,0.002,0.000,45.127,0.00
1786260448,ingest,0.00,0.00,0.0,4.634,0.002,0.000,45.127,0.00
1786260453,ingest,0.00,0.00,0.0,4.634,0.002,0.000,45.127,0.00
1786260458,ingest,0.00,0.00,0.0,4.634,0.002,0.000,45.126,0.00
1786260463,ingest,0.00,0.00,0.0,4.634,0.002,0.000,45.126,0.00
1786260468,ingest,0.00,0.00,0.0,4.634,0.002,0.000,45.126,0.00
1786260473,ingest,0.00,0.00,0.0,4.634,0.002,0.000,45.126,0.00
1786260478,ingest,0.00,0.00,0.0,4.634,0.002,0.000,45.126,0.00
1786260483,ingest,0.00,0.00,0.0,4.634,0.002,0.000,45.126,0.00
1786260488,ingest,0.00,0.00,0.0,4.634,0.002,0.000,45.126,0.00
1786260493,ingest,0.00,0.00,0.0,4.634,0.002,0.000,45.126,0.00
1786260498,ingest,0.00,0.00,0.0,4.634,0.002,0.000,45.127,0.00
1786260503,ingest,0.00,0.00,0.0,4.634,0.002,0.000,45.127,0.00
1786260508,ingest,0.00,0.00,0.0,4.634,0.002,0.000,45.128,0.00
1786260513,ingest,0.00,0.00,0.0,4.634,0.002,0.000,45.127,0.00
1786260518,ingest,0.00,0.00,0.0,4.634,0.002,0.000,45.126,0.00
1786260523,ingest,0.00,0.00,0.0,4.634,0.002,0.000,45.126,0.00
1786260528,ingest,0.00,0.00,0.0,4.634,0.002,0.000,45.128,0.00
1786260533,ingest,0.00,0.00,0.0,4.634,0.002,0.000,45.127,0.00
1786260538,ingest,0.00,0.00,0.0,4.634,0.002,0.000,45.127,0.00
1786260544,ingest,0.00,0.00,0.0,4.634,0.002,0.000,45.127,0.00
1786260549,ingest,0.00,0.00,0.0,4.634,0.002,0.000,45.126,0.00
1786260554,ingest,0.00,0.00,0.0,4.634,0.002,0.000,45.127,0.00
1786260559,ingest,0.00,0.00,0.0,4.634,0.002,0.000,45.127,0.00
1786260564,ingest,0.00,0.00,0.0,4.634,0.002,0.000,45.127,0.00
1786260569,ingest,0.00,0.00,0.0,4.634,0.002,0.000,45.127,0.00
1786260574,ingest,0.00,0.00,0.0,4.634,0.002,0.000,45.127,0.00
1786260579,ingest,0.00,0.00,0.0,4.634,0.002,0.000,45.126,0.00
1786260584,ingest,0.00,0.00,0.0,4.634,0.002,0.000,45.126,0.00
1786260589,ingest,0.00,0.00,0.0,4.634,0.002,0.000,45.127,0.00
1786260594,ingest,0.00,0.00,0.0,4.634,0.002,0.000,45.127,0.00
1786260599,ingest,0.00,0.00,0.0,4.634,0.002,0.000,45.128,0.00
1786260604,ingest,0.00,0.00,0.0,4.634,0.002,0.000,45.127,0.00
1786260609,ingest,0.00,0.00,0.0,4.634,0.002,0.000,45.127,0.00
1786260614,ingest,0.00,0.00,0.0,4.634,0.002,0.000,45.127,0.00
1786260619,ingest,0.00,0.00,0.0,4.634,0.002,0.000,45.127,0.00
1786260624,ingest,0.00,0.00,0.0,4.634,0.002,0.000,45.126,0.00
1786260629,ingest,0.00,0.00,0.0,4.634,0.002,0.000,45.126,0.00
1786260634,ingest,0.00,0.00,0.0,4.634,0.002,0.000,45.126,0.00
1786260639,ingest,0.00,0.00,0.0,4.634,0.002,0.000,45.126,0.00
1786260645,ingest,0.00,0.00,0.0,4.634,0.002,0.000,45.126,0.00
1786260650,ingest,0.00,0.00,0.0,4.634,0.002,0.000,45.126,0.00
1786260655,ingest,0.00,0.00,0.0,4.634,0.002,0.000,45.126,0.00
1786260660,ingest,0.00,0.00,0.0,4.634,0.002,0.000,45.128,0.00
1786260665,ingest,0.00,0.00,0.0,4.634,0.002,0.000,45.127,0.00
1786260670,ingest,0.00,0.00,0.0,4.634,0.002,0.000,45.127,0.00
1786260675,ingest,0.00,0.00,0.0,4.634,0.002,0.000,45.127,0.00
1786260680,ingest,0.00,0.00,0.0,4.634,0.002,0.000,45.128,0.00
1786260685,ingest,0.00,0.00,0.0,4.634,0.002,0.000,45.127,0.00
1786260690,ingest,0.00,0.00,0.0,4.634,0.002,0.000,45.127,0.00
1786260695,ingest,0.00,0.00,0.0,4.634,0.002,0.000,45.127,0.00
1786260700,ingest,0.00,0.00,0.0,4.634,0.002,0.000,45.127,0.00
1786260705,ingest,0.00,0.00,0.0,4.634,0.002,0.000,45.127,0.00
1786260710,ingest,0.00,0.00,0.0,4.634,0.002,0.000,45.127,0.00
1786260715,ingest,0.00,0.00,0.0,4.634,0.002,0.000,45.127,0.00
1786260720,ingest,0.00,0.00,0.0,4.634,0.002,0.000,45.127,0.00
1786260725,ingest,0.00,0.00,0.0,4.634,0.002,0.000,45.127,0.00
1786260730,ingest,0.00,0.00,0.0,4.634,0.002,0.000,45.127,0.00
1786260735,ingest,0.00,0.00,0.0,4.634,0.002,0.000,45.127,0.00
1786260740,ingest,0.00,0.00,0.0,4.634,0.002,0.000,45.127,0.00
1786260746,ingest,0.00,0.00,0.0,4.634,0.002,0.000,45.127,0.00
1786260751,ingest,0.00,0.00,0.0,4.634,0.002,0.000,45.127,0.00
1786260756,ingest,0.00,0.00,0.0,4.634,0.002,0.000,45.127,0.00
1786260761,ingest,0.00,0.00,0.0,4.634,0.002,0.000,45.127,0.00
1786260766,ingest,0.00,0.00,0.0,4.634,0.002,0.000,45.127,0.00
1786260771,ingest,0.00,0.00,0.0,4.634,0.002,0.000,45.127,0.00
1786260776,ingest,0.00,0.00,0.0,4.634,0.002,0.000,45.127,0.00
1786260781,ingest,0.00,0.00,0.0,4.634,0.002,0.000,45.127,0.00
1786260786,ingest,0.00,0.00,0.0,4.634,0.002,0.000,45.127,0.00
1786260791,ingest,0.00,0.00,0.0,4.634,0.002,0.000,45.128,0.00
1786260796,ingest,0.00,0.00,0.0,4.634,0.002,0.000,45.127,0.00
1786260801,ingest,0.00,0.00,0.0,4.634,0.002,0.000,45.128,0.00
1786260806,ingest,0.00,0.00,0.0,4.634,0.002,0.000,45.127,0.00
1786260811,ingest,0.00,0.00,0.0,4.634,0.002,0.000,45.128,0.00
1786260816,ingest,0.00,0.00,0.0,4.634,0.002,0.000,45.128,0.00
1786260821,ingest,0.00,0.00,0.0,4.634,0.002,0.000,45.128,0.00
1786260826,ingest,0.00,0.00,0.0,4.634,0.002,0.000,45.129,0.00
1786260831,ingest,0.00,0.00,0.0,4.634,0.002,0.000,45.128,0.00
1786260836,ingest,0.00,0.00,0.0,4.634,0.002,0.000,45.128,0.00
1786260841,ingest,0.00,0.00,0.0,4.634,0.002,0.000,45.128,0.00
1786260846,ingest,0.00,0.00,0.0,4.634,0.002,0.000,45.128,0.00
1786260852,ingest,0.00,0.00,0.0,4.634,0.002,0.000,45.128,0.00
1786260857,ingest,0.00,0.00,0.0,4.634,0.002,0.000,45.127,0.00
1786260862,ingest,0.00,0.00,0.0,4.634,0.002,0.000,45.127,0.00
1786260867,ingest,0.00,0.00,0.0,4.634,0.002,0.000,45.127,0.00
1786260872,ingest,0.00,0.00,0.0,4.634,0.002,0.000,45.128,0.00
1786260877,ingest,0.00,0.00,0.0,4.634,0.002,0.000,45.128,0.00
1786260882,ingest,0.00,0.00,0.0,4.634,0.002,0.000,45.128,0.00
1786260887,ingest,0.00,0.00,0.0,4.634,0.002,0.000,45.128,0.00
1786260892,ingest,0.00,0.00,0.0,4.634,0.002,0.000,45.128,0.00
1786260897,ingest,0.00,0.00,0.0,4.634,0.002,0.000,45.128,0.00
1786260902,ingest,0.00,0.00,0.0,4.634,0.002,0.000,45.129,0.00
1786260907,ingest,0.00,0.00,0.0,4.634,0.002,0.000,45.128,0.00
1786260912,ingest,0.00,0.00,0.0,4.634,0.002,0.000,45.129,0.00
1786260917,ingest,0.00,0.00,0.0,4.634,0.002,0.000,45.128,0.00
1786260922,ingest,0.00,0.00,0.0,4.634,0.002,0.000,45.128,0.00
1786260927,ingest,0.00,0.00,0.0,4.634,0.002,0.000,45.127,0.00
1786260932,ingest,0.00,0.00,0.0,4.634,0.002,0.000,45.127,0.00
1786260937,ingest,0.00,0.00,0.0,4.634,0.002,0.000,45.127,0.00
1786260942,ingest,0.00,0.00,0.0,4.634,0.002,0.000,45.128,0.00
1786260947,ingest,0.00,0.00,0.0,4.634,0.002,0.000,45.127,0.00
1786260953,ingest,0.00,0.00,0.0,4.634,0.002,0.000,45.127,0.00
1786260958,ingest,0.00,0.00,0.0,4.634,0.002,0.000,45.127,0.00
1786260963,ingest,0.00,0.00,0.0,4.634,0.002,0.000,45.127,0.00
1786260968,ingest,0.00,0.00,0.0,4.634,0.002,0.000,45.128,0.00
1786260973,ingest,0.00,0.00,0.0,4.634,0.002,0.000,45.127,0.00
1786260978,ingest,0.00,0.00,0.0,4.634,0.002,0.000,45.127,0.00
1786260983,ingest,0.00,0.00,0.0,4.634,0.002,0.000,45.127,0.00
1786260988,ingest,0.00,0.00,0.0,4.634,0.002,0.000,45.128,0.00
1786260993,ingest,0.00,0.00,0.0,4.634,0.002,0.000,45.128,0.00
1786260998,ingest,0.00,0.00,0.0,4.634,0.002,0.000,45.127,0.00
1786261003,ingest,0.00,0.00,0.0,4.634,0.002,0.000,45.127,0.00
1786261008,ingest,0.00,0.00,0.0,4.634,0.002,0.000,45.127,0.00
1786261013,ingest,0.00,0.00,0.0,4.634,0.002,0.000,45.128,0.00
1786261018,ingest,0.00,0.00,0.0,4.634,0.002,0.000,45.127,0.00
1786261023,ingest,0.00,0.00,0.0,4.634,0.002,0.000,45.126,0.00
1786261028,ingest,0.00,0.00,0.0,4.634,0.002,0.000,45.127,0.00
1786261033,ingest,0.00,0.00,0.0,4.634,0.002,0.000,45.128,0.00
1786261038,ingest,0.00,0.00,0.0,4.634,0.002,0.000,45.127,0.00
1786261043,ingest,0.00,0.00,0.0,4.634,0.002,0.000,45.127,0.00
1786261048,ingest,0.00,0.00,0.0,4.634,0.002,0.000,45.128,0.00
1786261054,ingest,0.00,0.00,0.0,4.634,0.002,0.000,45.128,0.00
1786261059,ingest,0.00,0.00,0.0,4.634,0.002,0.000,45.128,0.00
1786261064,ingest,0.00,0.00,0.0,4.634,0.002,0.000,45.127,0.00
1786261069,ingest,0.00,0.00,0.0,4.634,0.002,0.000,45.128,0.00
1786261074,ingest,0.00,0.00,0.0,4.634,0.002,0.000,45.128,0.00
1786261079,ingest,0.00,0.00,0.0,4.634,0.002,0.000,45.128,0.00
1786261084,ingest,0.00,0.00,0.0,4.634,0.002,0.000,45.128,0.00
1786261089,ingest,0.00,0.00,0.0,4.634,0.002,0.000,45.128,0.00
1786261094,ingest,0.00,0.00,0.0,4.634,0.002,0.000,45.127,0.00
1786261099,ingest,0.00,0.00,0.0,4.634,0.002,0.000,45.128,0.00
1786261104,ingest,0.00,0.00,0.0,4.634,0.002,0.000,45.127,0.00
1786261109,ingest,0.00,0.00,0.0,4.634,0.002,0.000,45.127,0.00
1786261114,ingest,0.00,0.00,0.0,4.634,0.002,0.000,45.127,0.00
1786261119,ingest,0.00,0.00,0.0,4.634,0.002,0.000,45.126,0.00
1786261124,ingest,0.00,0.00,0.0,4.634,0.002,0.000,45.127,0.00
1786261129,ingest,0.00,0.00,0.0,4.634,0.002,0.000,45.128,0.00
1786261134,ingest,0.00,0.00,0.0,4.634,0.002,0.000,45.128,0.00
1786261139,ingest,0.00,0.00,0.0,4.634,0.002,0.000,45.127,0.00
1786261144,ingest,0.00,0.00,0.0,4.634,0.002,0.000,45.126,0.00
1786261149,ingest,0.00,0.00,0.0,4.634,0.002,0.000,45.127,0.00
1786261155,ingest,0.00,0.00,0.0,4.634,0.002,0.000,45.118,0.00
1786261160,ingest,0.00,0.00,0.0,4.634,0.002,0.000,45.119,0.00
1786261165,ingest,0.00,0.00,0.0,4.634,0.002,0.000,45.119,0.00
1786261170,ingest,0.00,0.00,0.0,4.634,0.002,0.000,45.119,0.00
1786261175,ingest,0.00,0.00,0.0,4.634,0.002,0.000,45.119,0.00
1786261180,ingest,0.00,0.00,0.0,4.634,0.002,0.000,45.119,0.00
1786261185,ingest,0.00,0.00,0.0,4.634,0.002,0.000,45.077,0.00
1786261190,ingest,0.00,0.00,0.0,4.634,0.002,0.000,44.951,0.00
1786261195,ingest,0.00,0.00,0.0,4.634,0.002,0.000,44.898,0.00
1786261200,ingest,0.00,0.00,0.0,4.634,0.002,0.000,44.864,0.00
1786261205,ingest,0.00,0.00,0.0,4.634,0.002,0.000,44.932,0.00
1786261210,ingest,0.00,0.00,0.0,4.634,0.002,0.000,44.975,0.00
1786261215,ingest,0.00,0.00,0.0,4.634,0.002,0.000,44.976,0.00
1786261220,ingest,0.00,0.00,0.0,4.634,0.002,0.000,44.975,0.00
1786261225,ingest,0.00,0.00,0.0,4.634,0.002,0.000,44.974,0.00
1786261230,ingest,0.00,0.00,0.0,4.634,0.002,0.000,44.976,0.00
1786261235,ingest,0.00,0.00,0.0,4.634,0.002,0.000,44.975,0.00
1786261240,ingest,0.00,0.00,0.0,4.634,0.002,0.000,44.975,0.00
1786261245,ingest,0.00,0.00,0.0,4.634,0.002,0.000,44.975,0.00
1786261250,ingest,0.00,0.00,0.0,4.634,0.002,0.000,44.975,0.00
1786261256,ingest,0.00,0.00,0.0,4.634,0.002,0.000,44.975,0.00
1786261261,ingest,0.00,0.00,0.0,4.634,0.002,0.000,44.974,0.00
1786261266,ingest,0.00,0.00,0.0,4.634,0.002,0.000,44.976,0.00
1786261271,ingest,0.00,0.00,0.0,4.634,0.002,0.000,44.976,0.00
1786261276,ingest,0.00,0.00,0.0,4.634,0.002,0.000,44.976,0.00
1786261281,ingest,0.00,0.00,0.0,4.634,0.002,0.000,44.975,0.00
1786261286,ingest,0.00,0.00,0.0,4.634,0.002,0.000,44.975,0.00
1786261291,ingest,0.00,0.00,0.0,4.634,0.002,0.000,44.975,0.00
1786261296,ingest,0.00,0.00,0.0,4.634,0.002,0.000,44.975,0.00
1786261301,ingest,0.00,0.00,0.0,4.634,0.002,0.000,44.976,0.00
1786261306,ingest,0.00,0.00,0.0,4.634,0.002,0.000,44.975,0.00
1786261311,ingest,0.00,0.00,0.0,4.634,0.002,0.000,44.975,0.00
1786261316,ingest,0.00,0.00,0.0,4.634,0.002,0.000,44.975,0.00
1786261321,ingest,0.00,0.00,0.0,4.634,0.002,0.000,44.975,0.00
1786261326,ingest,0.00,0.00,0.0,4.634,0.002,0.000,44.975,0.00
1786261331,ingest,0.00,0.00,0.0,4.634,0.002,0.000,44.975,0.00
1786261336,ingest,0.00,0.00,0.0,4.634,0.002,0.000,44.975,0.00
1786261341,ingest,0.00,0.00,0.0,4.634,0.002,0.000,44.975,0.00
1786261346,ingest,0.00,0.00,0.0,4.634,0.002,0.000,44.975,0.00
1786261351,ingest,0.00,0.00,0.0,4.634,0.002,0.000,44.975,0.00
1786261357,ingest,0.00,0.00,0.0,4.634,0.002,0.000,44.975,0.00
1786261362,ingest,0.00,0.00,0.0,4.634,0.002,0.000,44.976,0.00
1786261367,ingest,0.00,0.00,0.0,4.634,0.002,0.000,44.976,0.00
1786261372,ingest,0.00,0.00,0.0,4.634,0.002,0.000,44.975,0.00
1786261377,ingest,0.00,0.00,0.0,4.634,0.002,0.000,44.975,0.00
1786261382,ingest,0.00,0.00,0.0,4.634,0.002,0.000,44.975,0.00
1786261387,ingest,0.00,0.00,0.0,4.634,0.002,0.000,44.975,0.00
1786261392,ingest,0.00,0.00,0.0,4.634,0.002,0.000,44.975,0.00
1786261397,ingest,0.00,0.00,0.0,4.634,0.002,0.000,44.975,0.00
1786261402,ingest,0.00,0.00,0.0,4.634,0.002,0.000,44.975,0.00
1786261407,ingest,0.00,0.00,0.0,4.634,0.002,0.000,44.975,0.00
1786261412,ingest,0.00,0.00,0.0,4.634,0.002,0.000,44.975,0.00
1786261417,ingest,0.00,0.00,0.0,4.634,0.002,0.000,44.977,0.00
1786261422,ingest,0.00,0.00,0.0,4.634,0.002,0.000,44.976,0.00
1786261427,ingest,0.00,0.00,0.0,4.634,0.002,0.000,44.976,0.00
1786261432,ingest,0.00,0.00,0.0,4.634,0.002,0.000,44.976,0.00
1786261437,ingest,0.00,0.00,0.0,4.634,0.002,0.000,44.976,0.00
1786261442,ingest,0.00,0.00,0.0,4.634,0.002,0.000,44.976,0.00
1786261447,ingest,0.00,0.00,0.0,4.634,0.002,0.000,44.976,0.00
1786261452,ingest,0.00,0.00,0.0,4.634,0.002,0.000,44.976,0.00
1786261458,ingest,0.00,0.00,0.0,4.634,0.002,0.000,44.976,0.00
1786261463,ingest,0.00,0.00,0.0,4.634,0.002,0.000,44.976,0.00
1786261468,ingest,0.00,0.00,0.0,4.634,0.002,0.000,44.976,0.00
1786261473,ingest,0.00,0.00,0.0,4.634,0.002,0.000,44.976,0.00
1786261478,ingest,0.00,0.00,0.0,4.634,0.002,0.000,44.976,0.00
1786261483,ingest,0.00,0.00,0.0,4.634,0.002,0.000,44.976,0.00
1786261488,ingest,0.00,0.00,0.0,4.634,0.002,0.000,44.976,0.00
1786261493,ingest,0.00,0.00,0.0,4.634,0.002,0.000,44.976,0.00
1786261498,ingest,0.00,0.00,0.0,4.634,0.002,0.000,44.976,0.00
1786261503,ingest,0.00,0.00,0.0,4.634,0.002,0.000,44.977,0.00
1786261508,ingest,0.00,0.00,0.0,4.634,0.002,0.000,44.977,0.00
1786261513,ingest,0.00,0.00,0.0,4.634,0.002,0.000,44.977,0.00
1786261518,ingest,0.00,0.00,0.0,4.634,0.002,0.000,44.976,0.00
1786261523,ingest,0.00,0.00,0.0,4.634,0.002,0.000,44.977,0.00
1786261528,ingest,0.00,0.00,0.0,4.634,0.002,0.000,44.977,0.00
1786261533,ingest,0.00,0.00,0.0,4.634,0.002,0.000,44.977,0.00
1786261538,ingest,0.00,0.00,0.0,4.634,0.002,0.000,44.977,0.00
1786261543,ingest,0.00,0.00,0.0,4.634,0.002,0.000,44.978,0.00
1786261548,ingest,0.00,0.00,0.0,4.634,0.002,0.000,44.978,0.00
1786261553,ingest,0.00,0.00,0.0,4.634,0.002,0.000,44.979,0.00
1786261559,ingest,0.00,0.00,0.0,4.634,0.002,0.000,44.978,0.00
1786261564,ingest,0.00,0.00,0.0,4.634,0.002,0.000,44.978,0.00
1786261569,ingest,0.00,0.00,0.0,4.634,0.002,0.000,44.978,0.00
1786261574,ingest,0.00,0.00,0.0,4.634,0.002,0.000,44.978,0.00
1786261579,ingest,0.00,0.00,0.0,4.634,0.002,0.000,44.978,0.00
1786261584,ingest,0.00,0.00,0.0,4.634,0.002,0.000,44.978,0.00
1786261589,ingest,0.00,0.00,0.0,4.634,0.002,0.000,44.979,0.00
1786261594,ingest,0.00,0.00,0.0,4.634,0.002,0.000,44.978,0.00
1786261599,ingest,0.00,0.00,0.0,4.634,0.002,0.000,44.978,0.00
1786261604,ingest,0.00,0.00,0.0,4.634,0.002,0.000,44.978,0.00
1786261609,ingest,0.00,0.00,0.0,4.634,0.002,0.000,44.978,0.00
1786261614,ingest,0.00,0.00,0.0,4.634,0.002,0.000,44.978,0.00
1786261619,ingest,0.00,0.00,0.0,4.634,0.002,0.000,44.978,0.00
1786261624,ingest,0.00,0.00,0.0,4.634,0.002,0.000,44.978,0.00
1786261629,ingest,0.00,0.00,0.0,4.634,0.002,0.000,44.978,0.00
1786261634,ingest,0.00,0.00,0.0,4.634,0.002,0.000,44.977,0.00
1786261639,ingest,0.00,0.00,0.0,4.634,0.002,0.000,44.977,0.00
1786261644,ingest,0.00,0.00,0.0,4.634,0.002,0.000,44.977,0.00
1786261649,ingest,0.00,0.00,0.0,4.634,0.002,0.000,44.977,0.00
1786261654,ingest,0.00,0.00,0.0,4.634,0.002,0.000,44.977,0.00
1786261660,ingest,0.00,0.00,0.0,4.634,0.002,0.000,44.977,0.00
1786261665,ingest,0.00,0.00,0.0,4.634,0.002,0.000,44.977,0.00
1786261670,ingest,0.00,0.00,0.0,4.634,0.002,0.000,44.978,0.00
1786261675,ingest,0.00,0.00,0.0,4.634,0.002,0.000,44.979,0.00
1786261680,ingest,0.00,0.00,0.0,4.634,0.002,0.000,44.978,0.00
1786261685,ingest,0.00,0.00,0.0,4.634,0.002,0.000,44.978,0.00
1786261690,ingest,0.00,0.00,0.0,4.634,0.002,0.000,44.978,0.00
1786261695,ingest,0.00,0.00,0.0,4.634,0.002,0.000,44.978,0.00
1786261700,ingest,0.00,0.00,0.0,4.634,0.002,0.000,44.978,0.00
1786261705,ingest,0.00,0.00,0.0,4.634,0.002,0.000,44.978,0.00
1786261710,ingest,0.00,0.00,0.0,4.634,0.002,0.000,44.977,0.00
1786261715,ingest,0.00,0.00,0.0,4.634,0.002,0.000,44.978,0.00
1786261720,ingest,0.00,0.00,0.0,4.634,0.002,0.000,44.979,0.00
1786261725,ingest,0.00,0.00,0.0,4.634,0.002,0.000,44.978,0.00
1786261730,ingest,0.00,0.00,0.0,4.634,0.002,0.000,44.978,0.00
1786261735,ingest,0.00,0.00,0.0,4.634,0.002,0.000,44.978,0.00
1786261740,ingest,0.00,0.00,0.0,4.634,0.002,0.000,44.979,0.00
1786261745,ingest,0.00,0.00,0.0,4.634,0.002,0.000,44.978,0.00
1786261750,ingest,0.00,0.00,0.0,4.634,0.002,0.000,44.978,0.00
1786261755,ingest,0.00,0.00,0.0,4.634,0.002,0.000,44.978,0.00
1786261761,ingest,0.00,0.00,0.0,4.634,0.002,0.000,44.978,0.00
1786261766,ingest,0.00,0.00,0.0,4.634,0.002,0.000,44.979,0.00
1786261771,ingest,0.00,0.00,0.0,4.634,0.002,0.000,44.978,0.00
1786261776,ingest,0.00,0.00,0.0,4.634,0.002,0.000,44.978,0.00
1786261781,ingest,0.00,0.00,0.0,4.634,0.002,0.000,44.978,0.00
1786261786,ingest,0.00,0.00,0.0,4.634,0.002,0.000,44.978,0.00
1786261791,ingest,0.00,0.00,0.0,4.634,0.002,0.000,44.978,0.00
1786261796,ingest,0.00,0.00,0.0,4.634,0.002,0.000,44.978,0.00
1786261801,ingest,0.00,0.00,0.0,4.634,0.002,0.000,44.978,0.00
1786261806,ingest,0.00,0.00,0.0,4.634,0.002,0.000,44.978,0.00
1786261811,ingest,0.00,0.00,0.0,4.634,0.002,0.000,44.978,0.00
1786261816,ingest,0.00,0.00,0.0,4.634,0.002,0.000,44.978,0.00
1786261821,ingest,0.00,0.00,0.0,4.634,0.002,0.000,44.978,0.00
1786261826,ingest,0.00,0.00,0.0,4.634,0.002,0.000,44.978,0.00
1786261831,ingest,0.00,0.00,0.0,4.634,0.002,0.000,44.978,0.00
1786261836,ingest,0.00,0.00,0.0,4.634,0.002,0.000,44.978,0.00
1786261841,ingest,0.00,0.00,0.0,4.634,0.002,0.000,44.978,0.00
1786261846,ingest,0.00,0.00,0.0,4.634,0.002,0.000,44.978,0.00
1786261851,ingest,0.00,0.00,0.0,4.634,0.002,0.000,44.978,0.00
1786261857,ingest,0.00,0.00,0.0,4.634,0.002,0.000,44.978,0.00
1786261862,ingest,0.00,0.00,0.0,4.634,0.002,0.000,44.978,0.00
1786261867,ingest,0.00,0.00,0.0,4.634,0.002,0.000,44.978,0.00
1786261872,ingest,0.00,0.00,0.0,4.634,0.002,0.000,44.979,0.00
1786261877,ingest,0.00,0.00,0.0,4.634,0.002,0.000,44.979,0.00
1786261882,ingest,0.00,0.00,0.0,4.634,0.002,0.000,44.979,0.00
1786261887,ingest,0.00,0.00,0.0,4.634,0.002,0.000,44.979,0.00
1786261892,ingest,0.00,0.00,0.0,4.634,0.002,0.000,44.979,0.00
1786261897,ingest,0.00,0.00,0.0,4.634,0.002,0.000,44.979,0.00
1786261902,ingest,0.00,0.00,0.0,4.634,0.002,0.000,44.979,0.00
1786261907,ingest,0.00,0.00,0.0,4.634,0.002,0.000,44.979,0.00
1786261912,ingest,0.00,0.00,0.0,4.634,0.002,0.000,44.979,0.00
1786261917,ingest,0.00,0.00,0.0,4.634,0.002,0.000,44.979,0.00
1786261922,ingest,0.00,0.00,0.0,4.634,0.002,0.000,44.979,0.00
1786261927,ingest,0.00,0.00,0.0,4.634,0.002,0.000,44.979,0.00
1786261932,ingest,0.00,0.00,0.0,4.634,0.002,0.000,44.978,0.00
1786261937,ingest,0.00,0.00,0.0,4.634,0.002,0.000,44.978,0.00
1786261942,ingest,0.00,0.00,0.0,4.634,0.002,0.000,44.978,0.00
1786261947,ingest,0.00,0.00,0.0,4.634,0.002,0.000,44.978,0.00
1786261952,ingest,0.00,0.00,0.0,4.634,0.002,0.000,44.978,0.00
1786261957,ingest,0.00,0.00,0.0,4.634,0.002,0.000,44.978,0.00
1786261963,ingest,0.00,0.00,0.0,4.634,0.002,0.000,44.978,0.00
1786261968,ingest,0.00,0.00,0.0,4.634,0.002,0.000,44.978,0.00
1786261973,ingest,0.00,0.00,0.0,4.634,0.002,0.000,44.978,0.00
1786261978,ingest,0.00,0.00,0.0,4.634,0.002,0.000,44.978,0.00
1786261983,ingest,0.00,0.00,0.0,4.634,0.002,0.000,44.978,0.00
1786261988,ingest,0.00,0.00,0.0,4.634,0.002,0.000,44.978,0.00
1786261993,ingest,0.00,0.00,0.0,4.634,0.002,0.000,44.978,0.00
1786261998,ingest,0.00,0.00,0.0,4.634,0.002,0.000,44.978,0.00
1786262003,ingest,0.00,0.00,0.0,4.634,0.002,0.000,44.979,0.00
1786262008,ingest,0.00,0.00,0.0,4.634,0.002,0.000,44.979,0.00
1786262013,ingest,0.00,0.00,0.0,4.634,0.002,0.000,44.979,0.00
1786262018,ingest,0.00,0.00,0.0,4.634,0.002,0.000,44.979,0.00
1786262023,ingest,0.00,0.00,0.0,4.634,0.002,0.000,44.979,0.00
1786262028,ingest,0.00,0.00,0.0,4.634,0.002,0.000,44.979,0.00
1786262033,ingest,0.00,0.00,0.0,4.634,0.002,0.000,44.979,0.00
1786262038,ingest,0.00,0.00,0.0,4.634,0.002,0.000,44.979,0.00
1786262043,ingest,0.00,0.00,0.0,4.634,0.002,0.000,44.979,0.00
1786262048,ingest,0.00,0.00,0.0,4.634,0.002,0.000,44.979,0.00
1786262053,ingest,0.00,0.00,0.0,4.634,0.002,0.000,44.979,0.00
1786262058,ingest,0.00,0.00,0.0,4.634,0.002,0.000,44.979,0.00
1786262064,ingest,0.00,0.00,0.0,4.634,0.002,0.000,44.979,0.00
1786262069,ingest,0.00,0.00,0.0,4.634,0.002,0.000,44.979,0.00
1786262074,ingest,0.00,0.00,0.0,4.634,0.002,0.000,44.978,0.00
1786262079,ingest,0.00,0.00,0.0,4.634,0.002,0.000,44.978,0.00
1786262084,ingest,0.00,0.00,0.0,4.634,0.002,0.000,44.978,0.00
1786262089,ingest,0.00,0.00,0.0,4.634,0.002,0.000,44.978,0.00
1786262094,ingest,0.00,0.00,0.0,4.634,0.002,0.000,44.978,0.00
1786262099,ingest,0.00,0.00,0.0,4.634,0.002,0.000,44.978,0.00
1786262104,ingest,0.00,0.00,0.0,4.634,0.002,0.000,44.979,0.00
1786262109,ingest,0.00,0.00,0.0,4.634,0.002,0.000,44.979,0.00
1786262114,ingest,0.00,0.00,0.0,4.634,0.002,0.000,44.978,0.00
1786262119,ingest,0.00,0.00,0.0,4.634,0.002,0.000,44.978,0.00
1786262124,ingest,0.00,0.00,0.0,4.634,0.002,0.000,44.980,0.00
1786262129,ingest,0.00,0.00,0.0,4.634,0.002,0.000,44.980,0.00
1786262134,ingest,0.00,0.00,0.0,4.634,0.002,0.000,44.979,0.00
1786262139,ingest,0.00,0.00,0.0,4.634,0.002,0.000,44.979,0.00
1786262144,ingest,0.00,0.00,0.0,4.634,0.002,0.000,44.979,0.00
1786262149,ingest,0.00,0.00,0.0,4.634,0.002,0.000,44.980,0.00
1786262154,ingest,0.00,0.00,0.0,4.634,0.002,0.000,44.980,0.00
1786262159,ingest,0.00,0.00,0.0,4.634,0.002,0.000,44.980,0.00
1786262165,ingest,0.00,0.00,0.0,4.634,0.002,0.000,44.979,0.00
1786262170,ingest,0.00,0.00,0.0,4.634,0.002,0.000,44.979,0.00
1786262175,ingest,0.00,0.00,0.0,4.634,0.002,0.000,44.979,0.00
1786262180,ingest,0.00,0.00,0.0,4.634,0.002,0.000,44.979,0.00
1786262185,ingest,0.00,0.00,0.0,4.634,0.002,0.000,44.978,0.00
1786262190,ingest,0.00,0.00,0.0,4.634,0.002,0.000,44.978,0.00
1786262195,ingest,0.00,0.00,0.0,4.634,0.002,0.000,44.978,0.00
1786262200,ingest,0.00,0.00,0.0,4.634,0.002,0.000,44.980,0.00
1786262205,ingest,0.00,0.00,0.0,4.634,0.002,0.000,44.979,0.00
1786262210,ingest,0.00,0.00,0.0,4.634,0.002,0.000,44.979,0.00
1786262215,ingest,0.00,0.00,0.0,4.634,0.002,0.000,44.980,0.00
1786262220,ingest,0.00,0.00,0.0,4.634,0.002,0.000,44.980,0.00
1786262225,ingest,0.00,0.00,0.0,4.634,0.002,0.000,44.980,0.00
1786262230,ingest,0.00,0.00,0.0,4.634,0.002,0.000,44.979,0.00
1786262235,ingest,0.00,0.00,0.0,4.634,0.002,0.000,44.979,0.00
1786262240,ingest,0.00,0.00,0.0,4.634,0.002,0.000,44.979,0.00
1786262245,ingest,0.00,0.00,0.0,4.634,0.002,0.000,44.980,0.00
1786262250,ingest,0.00,0.00,0.0,4.634,0.002,0.000,44.980,0.00
1786262255,ingest,0.00,0.00,0.0,4.634,0.002,0.000,44.980,0.00
1786262260,ingest,0.00,0.00,0.0,4.634,0.002,0.000,44.980,0.00
1786262266,ingest,0.00,0.00,0.0,4.634,0.002,0.000,44.980,0.00
1786262271,ingest,0.00,0.00,0.0,4.634,0.002,0.000,44.979,0.00
1786262276,ingest,0.00,0.00,0.0,4.634,0.002,0.000,44.979,0.00
1786262281,ingest,0.00,0.00,0.0,4.634,0.002,0.000,44.979,0.00
1786262286,ingest,0.00,0.00,0.0,4.634,0.002,0.000,44.980,0.00
1786262291,ingest,0.00,0.00,0.0,4.634,0.002,0.000,44.980,0.00
1786262296,ingest,0.00,0.00,0.0,4.634,0.002,0.000,44.979,0.00
1786262301,ingest,0.00,0.00,0.0,4.634,0.002,0.000,44.979,0.00
1786262306,ingest,0.00,0.00,0.0,4.634,0.002,0.000,44.981,0.00
1786262311,ingest,0.00,0.00,0.0,4.634,0.002,0.000,44.981,0.00
1786262316,ingest,0.00,0.00,0.0,4.634,0.002,0.000,44.980,0.00
1786262321,ingest,0.00,0.00,0.0,4.634,0.002,0.000,44.979,0.00
1786262326,ingest,0.00,0.00,0.0,4.634,0.002,0.000,44.980,0.00
1786262331,ingest,0.00,0.00,0.0,4.634,0.002,0.000,44.980,0.00
1786262336,ingest,0.00,0.00,0.0,4.634,0.002,0.000,44.980,0.00
1786262341,ingest,0.00,0.00,0.0,4.634,0.002,0.000,44.979,0.00
1786262346,ingest,0.00,0.00,0.0,4.634,0.002,0.000,44.979,0.00
1786262351,ingest,0.00,0.00,0.0,4.634,0.002,0.000,44.979,0.00
1786262356,ingest,0.00,0.00,0.0,4.634,0.002,0.000,44.980,0.00
1786262361,ingest,0.00,0.00,0.0,4.634,0.002,0.000,44.979,0.00
1786262367,ingest,0.00,0.00,0.0,4.634,0.002,0.000,44.979,0.00
1786262372,ingest,0.00,0.00,0.0,4.634,0.002,0.000,44.979,0.00
1786262377,ingest,0.00,0.00,0.0,4.634,0.002,0.000,44.979,0.00
1786262382,ingest,0.00,0.00,0.0,4.634,0.002,0.000,44.979,0.00
1786262387,ingest,0.00,0.00,0.0,4.634,0.002,0.000,44.979,0.00
1786262392,ingest,0.00,0.00,0.0,4.634,0.002,0.000,44.979,0.00
1786262397,ingest,0.00,0.00,0.0,4.634,0.002,0.000,44.979,0.00
1786262402,ingest,0.00,0.00,0.0,4.634,0.002,0.000,44.980,0.00
1786262407,ingest,0.00,0.00,0.0,4.634,0.002,0.000,44.980,0.00
1786262412,ingest,0.00,0.00,0.0,4.634,0.002,0.000,44.980,0.00
1786262417,ingest,0.00,0.00,0.0,4.634,0.002,0.000,44.980,0.00
1786262422,ingest,0.00,0.00,0.0,4.634,0.002,0.000,44.980,0.00
1786262427,ingest,0.00,0.00,0.0,4.634,0.002,0.000,44.980,0.00
1786262432,ingest,0.00,0.00,0.0,4.634,0.002,0.000,44.980,0.00
1786262437,ingest,0.00,0.00,0.0,4.634,0.002,0.000,44.980,0.00
1786262442,ingest,0.00,0.00,0.0,4.634,0.002,0.000,44.980,0.00
1786262447,ingest,0.00,0.00,0.0,4.634,0.002,0.000,44.980,0.00
1786262452,ingest,0.00,0.00,0.0,4.634,0.002,0.000,44.980,0.00
1786262457,ingest,0.00,0.00,0.0,4.634,0.002,0.000,44.980,0.00
1786262462,ingest,0.00,0.00,0.0,4.634,0.002,0.000,44.980,0.00
1786262468,ingest,0.00,0.00,0.0,4.634,0.002,0.000,44.980,0.00
1786262473,ingest,0.00,0.00,0.0,4.634,0.002,0.000,44.980,0.00
1786262478,ingest,0.00,0.00,0.0,4.634,0.002,0.000,44.980,0.00
1786262483,ingest,0.00,0.00,0.0,4.634,0.002,0.000,44.980,0.00
1786262488,ingest,0.00,0.00,0.0,4.634,0.002,0.000,44.980,0.00
1786262493,ingest,0.00,0.00,0.0,4.634,0.002,0.000,44.980,0.00
1786262498,ingest,0.00,0.00,0.0,4.634,0.002,0.000,44.980,0.00
1786262503,ingest,0.00,0.00,0.0,4.634,0.002,0.000,44.980,0.00
1786262508,ingest,0.00,0.00,0.0,4.634,0.002,0.000,44.980,0.00
1786262513,ingest,0.00,0.00,0.0,4.634,0.002,0.000,44.980,0.00
1786262518,ingest,0.00,0.00,0.0,4.634,0.002,0.000,44.980,0.00
1786262523,ingest,0.00,0.00,0.0,4.634,0.002,0.000,44.980,0.00
1786262528,ingest,0.00,0.00,0.0,4.634,0.002,0.000,44.980,0.00
1786262533,ingest,0.00,0.00,0.0,4.634,0.002,0.000,44.980,0.00
1786262538,ingest,0.00,0.00,0.0,4.634,0.002,0.000,44.980,0.00
1786262543,ingest,0.00,0.00,0.0,4.634,0.002,0.000,44.980,0.00
1786262548,ingest,0.00,0.00,0.0,4.634,0.002,0.000,44.980,0.00
1786262553,ingest,0.00,0.00,0.0,4.634,0.002,0.000,44.980,0.00
1786262558,ingest,0.00,0.00,0.0,4.634,0.002,0.000,44.980,0.00
1786262563,ingest,0.00,0.00,0.0,4.634,0.002,0.000,44.980,0.00
1786262569,ingest,0.00,0.00,0.0,4.634,0.002,0.000,44.980,0.00
1786262574,ingest,0.00,0.00,0.0,4.634,0.002,0.000,44.980,0.00
1786262579,ingest,0.00,0.00,0.0,4.634,0.002,0.000,44.980,0.00
1786262584,ingest,0.00,0.00,0.0,4.634,0.002,0.000,44.980,0.00
1786262589,ingest,0.00,0.00,0.0,4.634,0.002,0.000,44.980,0.00
1786262594,ingest,0.00,0.00,0.0,4.634,0.002,0.000,44.980,0.00
1786262599,ingest,0.00,0.00,0.0,4.634,0.002,0.000,44.980,0.00
1786262604,ingest,0.00,0.00,0.0,4.634,0.002,0.000,44.980,0.00
1786262609,ingest,0.00,0.00,0.0,4.634,0.002,0.000,44.980,0.00
1786262614,ingest,0.00,0.00,0.0,4.634,0.002,0.000,44.980,0.00
1786262619,ingest,0.00,0.00,0.0,4.634,0.002,0.000,44.980,0.00
1786262624,ingest,0.00,0.00,0.0,4.634,0.002,0.000,44.980,0.00
1786262629,ingest,0.00,0.00,0.0,4.634,0.002,0.000,44.981,0.00
1786262634,ingest,0.00,0.00,0.0,4.634,0.002,0.000,44.981,0.00
1786262639,ingest,0.00,0.00,0.0,4.634,0.002,0.000,44.981,0.00
1786262644,ingest,0.00,0.00,0.0,4.634,0.002,0.000,44.981,0.00
1786262649,ingest,0.00,0.00,0.0,4.634,0.002,0.000,44.981,0.00
1786262654,ingest,0.00,0.00,0.0,4.634,0.002,0.000,44.982,0.00
1786262659,ingest,0.00,0.00,0.0,4.634,0.002,0.000,44.982,0.00
1786262664,ingest,0.00,0.00,0.0,4.634,0.002,0.000,44.982,0.00
1786262670,ingest,0.00,0.00,0.0,4.634,0.002,0.000,44.981,0.00
1786262675,ingest,0.00,0.00,0.0,4.634,0.002,0.000,44.981,0.00
1786262680,ingest,0.00,0.00,0.0,4.634,0.002,0.000,44.981,0.00
1786262685,ingest,0.00,0.00,0.0,4.634,0.002,0.000,44.981,0.00
1786262690,ingest,0.00,0.00,0.0,4.634,0.002,0.000,44.982,0.00
1786262695,ingest,0.00,0.00,0.0,4.634,0.002,0.000,44.982,0.00
1786262700,ingest,0.00,0.00,0.0,4.634,0.002,0.000,44.981,0.00
1786262705,ingest,0.00,0.00,0.0,4.634,0.002,0.000,44.981,0.00
1786262710,ingest,0.00,0.00,0.0,4.634,0.002,0.000,44.983,0.00
1786262715,ingest,0.00,0.00,0.0,4.634,0.002,0.000,44.982,0.00
1786262720,ingest,0.00,0.00,0.0,4.634,0.002,0.000,44.982,0.00
1786262725,ingest,0.00,0.00,0.0,4.634,0.002,0.000,44.982,0.00
1786262730,ingest,0.00,0.00,0.0,4.634,0.002,0.000,44.982,0.00
1786262735,ingest,0.00,0.00,0.0,4.634,0.002,0.000,44.983,0.00
1786262740,ingest,0.00,0.00,0.0,4.634,0.002,0.000,44.982,0.00
1786262745,ingest,0.00,0.00,0.0,4.634,0.002,0.000,44.982,0.00
1786262750,ingest,0.00,0.00,0.0,4.634,0.002,0.000,44.982,0.00
1786262755,ingest,0.00,0.00,0.0,4.634,0.002,0.000,44.983,0.00
1786262760,ingest,0.00,0.00,0.0,4.634,0.002,0.000,44.983,0.00
1786262765,ingest,0.00,0.00,0.0,4.634,0.002,0.000,44.982,0.00
1786262770,ingest,0.00,0.00,0.0,4.634,0.002,0.000,44.983,0.00
1786262776,ingest,0.00,0.00,0.0,4.634,0.002,0.000,44.983,0.00
1786262781,ingest,0.00,0.00,0.0,4.634,0.002,0.000,44.982,0.00
1786262786,ingest,0.00,0.00,0.0,4.634,0.002,0.000,44.982,0.00
1786262791,ingest,0.00,0.00,0.0,4.634,0.002,0.000,44.982,0.00
1786262796,ingest,0.00,0.00,0.0,4.634,0.002,0.000,44.982,0.00
1786262801,ingest,0.00,0.00,0.0,4.634,0.002,0.000,44.982,0.00
1786262806,ingest,0.00,0.00,0.0,4.634,0.002,0.000,44.983,0.00
1786262811,ingest,0.00,0.00,0.0,4.634,0.002,0.000,44.983,0.00
1786262816,ingest,0.00,0.00,0.0,4.634,0.002,0.000,44.983,0.00
1786262821,ingest,0.00,0.00,0.0,4.634,0.002,0.000,44.982,0.00
1786262826,ingest,0.00,0.00,0.0,4.634,0.002,0.000,44.982,0.00
1786262831,ingest,0.00,0.00,0.0,4.634,0.002,0.000,44.982,0.00
1786262836,ingest,0.00,0.00,0.0,4.634,0.002,0.000,44.982,0.00
1786262841,ingest,0.00,0.00,0.0,4.634,0.002,0.000,44.983,0.00
1786262846,ingest,0.00,0.00,0.0,4.634,0.002,0.000,44.983,0.00
1786262851,ingest,0.00,0.00,0.0,4.634,0.002,0.000,44.982,0.00
1786262856,ingest,0.00,0.00,0.0,4.634,0.002,0.000,44.982,0.00
1786262861,ingest,0.00,0.00,0.0,4.634,0.002,0.000,44.982,0.00
1786262866,ingest,0.00,0.00,0.0,4.634,0.002,0.000,44.982,0.00
1786262871,ingest,0.00,0.00,0.0,4.634,0.002,0.000,44.982,0.00
1786262877,ingest,0.00,0.00,0.0,4.634,0.002,0.000,44.982,0.00
1786262882,ingest,0.00,0.00,0.0,4.634,0.002,0.000,44.982,0.00
1786262887,ingest,0.00,0.00,0.0,4.634,0.002,0.000,44.982,0.00
1786262892,ingest,0.00,0.00,0.0,4.634,0.002,0.000,44.982,0.00
1786262897,ingest,0.00,0.00,0.0,4.634,0.002,0.000,44.982,0.00
1786262902,ingest,0.00,0.00,0.0,4.634,0.002,0.000,44.982,0.00
1786262907,ingest,0.00,0.00,0.0,4.634,0.002,0.000,44.982,0.00
1786262912,ingest,0.00,0.00,0.0,4.634,0.002,0.000,44.982,0.00
1786262917,ingest,0.00,0.00,0.0,4.634,0.002,0.000,44.982,0.00
1786262922,ingest,0.00,0.00,0.0,4.634,0.002,0.000,44.982,0.00
1786262927,ingest,0.00,0.00,0.0,4.634,0.002,0.000,44.982,0.00
1786262932,ingest,0.00,0.00,0.0,4.634,0.002,0.000,44.982,0.00
1786262937,ingest,0.00,0.00,0.0,4.634,0.002,0.000,44.982,0.00
1786262942,ingest,0.00,0.00,0.0,4.634,0.002,0.000,44.982,0.00
1786262947,ingest,0.00,0.00,0.0,4.634,0.002,0.000,44.982,0.00
1786262952,ingest,0.00,0.00,0.0,4.634,0.002,0.000,44.982,0.00
1786262957,ingest,0.00,0.00,0.0,4.634,0.002,0.000,44.982,0.00
1786262962,ingest,0.00,0.00,0.0,4.634,0.002,0.000,44.982,0.00
1786262967,ingest,0.00,0.00,0.0,4.634,0.002,0.000,44.982,0.00
1786262972,ingest,0.00,0.00,0.0,4.634,0.002,0.000,44.982,0.00
1786262978,ingest,0.00,0.00,0.0,4.634,0.002,0.000,44.982,0.00
1786262983,ingest,0.00,0.00,0.0,4.634,0.002,0.000,44.982,0.00
1786262988,ingest,0.00,0.00,0.0,4.634,0.002,0.000,44.982,0.00
1786262993,ingest,0.00,0.00,0.0,4.634,0.002,0.000,44.982,0.00
1786262998,ingest,0.00,0.00,0.0,4.634,0.002,0.000,44.982,0.00
1786263003,ingest,0.00,0.00,0.0,4.634,0.002,0.000,44.983,0.00
1786263008,ingest,0.00,0.00,0.0,4.634,0.002,0.000,44.983,0.00
1786263013,ingest,0.00,0.00,0.0,4.634,0.002,0.000,44.983,0.00
1786263018,ingest,0.00,0.00,0.0,4.634,0.002,0.000,44.984,0.00
1786263023,ingest,0.00,0.00,0.0,4.634,0.002,0.000,44.984,0.00
1786263028,ingest,0.00,0.00,0.0,4.634,0.002,0.000,44.984,0.00
1786263033,ingest,0.00,0.00,0.0,4.634,0.002,0.000,44.984,0.00
1786263038,ingest,0.00,0.00,0.0,4.634,0.002,0.000,44.984,0.00
1786263043,ingest,0.00,0.00,0.0,4.634,0.002,0.000,44.984,0.00
1786263048,ingest,0.00,0.00,0.0,4.634,0.002,0.000,44.984,0.00
1786263053,ingest,0.00,0.00,0.0,4.634,0.002,0.000,44.984,0.00
1786263058,ingest,0.00,0.00,0.0,4.634,0.002,0.000,44.984,0.00
1786263063,ingest,0.00,0.00,0.0,4.634,0.002,0.000,44.984,0.00
1786263068,ingest,0.00,0.00,0.0,4.634,0.002,0.000,44.984,0.00
1786263073,ingest,0.00,0.00,0.0,4.634,0.002,0.000,44.984,0.00
1786263079,ingest,0.00,0.00,0.0,4.634,0.002,0.000,44.984,0.00
1786263084,ingest,0.00,0.00,0.0,4.634,0.002,0.000,44.984,0.00
1786263089,ingest,0.00,0.00,0.0,4.634,0.002,0.000,44.984,0.00
1786263094,ingest,0.00,0.00,0.0,4.634,0.002,0.000,44.984,0.00
1786263099,ingest,0.00,0.00,0.0,4.634,0.002,0.000,44.984,0.00
1786263104,ingest,0.00,0.00,0.0,4.634,0.002,0.000,44.984,0.00
1786263109,ingest,0.00,0.00,0.0,4.634,0.002,0.000,44.984,0.00
1786263114,ingest,0.00,0.00,0.0,4.634,0.002,0.000,44.984,0.00
1786263119,ingest,0.00,0.00,0.0,4.634,0.002,0.000,44.984,0.00
1786263124,ingest,0.00,0.00,0.0,4.634,0.002,0.000,44.984,0.00
1786263129,ingest,0.00,0.00,0.0,4.634,0.002,0.000,44.984,0.00
1786263134,ingest,0.00,0.00,0.0,4.634,0.002,0.000,44.984,0.00
1786263139,ingest,0.00,0.00,0.0,4.634,0.002,0.000,44.984,0.00
1786263144,ingest,0.00,0.00,0.0,4.634,0.002,0.000,44.984,0.00
1786263149,ingest,0.00,0.00,0.0,4.634,0.002,0.000,44.984,0.00
1786263154,ingest,0.00,0.00,0.0,4.634,0.002,0.000,44.984,0.00
1786263159,ingest,0.00,0.00,0.0,4.634,0.002,0.000,44.984,0.00
1786263164,ingest,0.00,0.00,0.0,4.634,0.002,0.000,44.984,0.00
1786263169,ingest,0.00,0.00,0.0,4.634,0.002,0.000,44.984,0.00
1786263174,ingest,0.00,0.00,0.0,4.634,0.002,0.000,44.984,0.00
1786263180,ingest,0.00,0.00,0.0,4.634,0.002,0.000,44.984,0.00
1786263185,ingest,0.00,0.00,0.0,4.634,0.002,0.000,44.984,0.00
1786263190,ingest,0.00,0.00,0.0,4.634,0.002,0.000,44.984,0.00
1786263195,ingest,0.00,0.00,0.0,4.634,0.002,0.000,44.984,0.00
1786263200,ingest,0.00,0.00,0.0,4.634,0.002,0.000,44.984,0.00
1786263205,ingest,0.00,0.00,0.0,4.634,0.002,0.000,44.984,0.00
1786263210,ingest,0.00,0.00,0.0,4.634,0.002,0.000,44.984,0.00
1786263215,ingest,0.00,0.00,0.0,4.634,0.002,0.000,44.984,0.00
1786263220,ingest,0.00,0.00,0.0,4.634,0.002,0.000,44.984,0.00
1786263225,ingest,0.00,0.00,0.0,4.634,0.002,0.000,44.984,0.00
1786263230,ingest,0.00,0.00,0.0,4.634,0.002,0.000,44.984,0.00
1786263235,ingest,0.00,0.00,0.0,4.634,0.002,0.000,44.984,0.00
1786263240,ingest,0.00,0.00,0.0,4.634,0.002,0.000,44.985,0.00
1786263245,ingest,0.00,0.00,0.0,4.634,0.002,0.000,44.985,0.00
1786263250,ingest,0.00,0.00,0.0,4.634,0.002,0.000,44.985,0.00
1786263255,ingest,0.00,0.00,0.0,4.634,0.002,0.000,44.985,0.00
1786263260,ingest,0.00,0.00,0.0,4.634,0.002,0.000,44.985,0.00
1786263265,ingest,0.00,0.00,0.0,4.634,0.002,0.000,44.985,0.00
1786263270,ingest,0.00,0.00,0.0,4.634,0.002,0.000,44.985,0.00
1786263275,ingest,0.00,0.00,0.0,4.634,0.002,0.000,44.985,0.00
1786263281,ingest,0.00,0.00,0.0,4.634,0.002,0.000,44.985,0.00
1786263286,ingest,0.00,0.00,0.0,4.634,0.002,0.000,44.984,0.00
1786263291,ingest,0.00,0.00,0.0,4.634,0.002,0.000,44.984,0.00
1786263296,ingest,0.00,0.00,0.0,4.634,0.002,0.000,44.984,0.00
1786263301,ingest,0.00,0.00,0.0,4.634,0.002,0.000,44.985,0.00
1786263306,ingest,0.00,0.00,0.0,4.634,0.002,0.000,44.986,0.00
1786263311,ingest,0.00,0.00,0.0,4.634,0.002,0.000,44.986,0.00
1786263316,ingest,0.00,0.00,0.0,4.634,0.002,0.000,44.986,0.00
1786263321,ingest,0.00,0.00,0.0,4.634,0.002,0.000,44.987,0.00
1786263326,ingest,0.00,0.00,0.0,4.634,0.002,0.000,44.986,0.00
1786263331,ingest,0.00,0.00,0.0,4.634,0.002,0.000,44.986,0.00
1786263336,ingest,0.00,0.00,0.0,4.634,0.002,0.000,44.985,0.00
1786263341,ingest,0.00,0.00,0.0,4.634,0.002,0.000,44.987,0.00
1786263346,ingest,0.00,0.00,0.0,4.634,0.002,0.000,44.986,0.00
1786263351,ingest,0.00,0.00,0.0,4.634,0.002,0.000,44.986,0.00
1786263356,ingest,0.00,0.00,0.0,4.634,0.002,0.000,44.986,0.00
1786263361,ingest,0.00,0.00,0.0,4.634,0.002,0.000,44.986,0.00
1786263366,ingest,0.00,0.00,0.0,4.634,0.002,0.000,44.986,0.00
1786263371,ingest,0.00,0.00,0.0,4.634,0.002,0.000,44.986,0.00
1786263376,ingest,0.00,0.00,0.0,4.634,0.002,0.000,44.985,0.00
1786263382,ingest,0.00,0.00,0.0,4.634,0.002,0.000,44.985,0.00
1786263387,ingest,0.00,0.00,0.0,4.634,0.002,0.000,44.985,0.00
1786263392,ingest,0.00,0.00,0.0,4.634,0.002,0.000,44.985,0.00
1786263397,ingest,0.00,0.00,0.0,4.634,0.002,0.000,44.985,0.00
1786263402,ingest,0.00,0.00,0.0,4.634,0.002,0.000,44.985,0.00
1786263407,ingest,0.00,0.00,0.0,4.634,0.002,0.000,44.986,0.00
1786263412,ingest,0.00,0.00,0.0,4.634,0.002,0.000,44.986,0.00
1786263417,ingest,0.00,0.00,0.0,4.634,0.002,0.000,44.987,0.00
1786263422,ingest,0.00,0.00,0.0,4.634,0.002,0.000,44.986,0.00
1786263427,ingest,0.00,0.00,0.0,4.634,0.002,0.000,44.986,0.00
1786263432,ingest,0.00,0.00,0.0,4.634,0.002,0.000,44.986,0.00
1786263437,ingest,0.00,0.00,0.0,4.634,0.002,0.000,44.985,0.00
1786263442,ingest,0.00,0.00,0.0,4.634,0.002,0.000,44.987,0.00
1786263447,ingest,0.00,0.00,0.0,4.634,0.002,0.000,44.986,0.00
1786263452,ingest,0.00,0.00,0.0,4.634,0.002,0.000,44.986,0.00
1786263457,ingest,0.00,0.00,0.0,4.634,0.002,0.000,44.986,0.00
1786263462,ingest,0.00,0.00,0.0,4.634,0.002,0.000,44.986,0.00
1786263467,ingest,0.00,0.00,0.0,4.634,0.002,0.000,44.986,0.00
1786263472,ingest,0.00,0.00,0.0,4.634,0.002,0.000,44.985,0.00
1786263477,ingest,0.00,0.00,0.0,4.634,0.002,0.000,44.985,0.00
1786263483,ingest,0.00,0.00,0.0,4.634,0.002,0.000,44.986,0.00
1786263488,ingest,0.00,0.00,0.0,4.634,0.002,0.000,44.985,0.00
1786263493,ingest,0.00,0.00,0.0,4.634,0.002,0.000,44.987,0.00
1786263498,ingest,0.00,0.00,0.0,4.634,0.002,0.000,44.986,0.00
1786263503,ingest,0.00,0.00,0.0,4.634,0.002,0.000,44.986,0.00
1786263508,ingest,0.00,0.00,0.0,4.634,0.002,0.000,44.986,0.00
1786263513,ingest,0.00,0.00,0.0,4.634,0.002,0.000,44.986,0.00
1786263518,ingest,0.00,0.00,0.0,4.634,0.002,0.000,44.986,0.00
1786263523,ingest,0.00,0.00,0.0,4.634,0.002,0.000,44.986,0.00
1786263528,ingest,0.00,0.00,0.0,4.634,0.002,0.000,44.986,0.00
1786263533,ingest,0.00,0.00,0.0,4.634,0.002,0.000,44.987,0.00
1786263538,ingest,0.00,0.00,0.0,4.634,0.002,0.000,44.986,0.00
1786263543,ingest,0.00,0.00,0.0,4.634,0.002,0.000,44.986,0.00
1786263548,ingest,0.00,0.00,0.0,4.634,0.002,0.000,44.986,0.00
1786263553,ingest,0.00,0.00,0.0,4.634,0.002,0.000,44.986,0.00
1786263558,ingest,0.00,0.00,0.0,4.634,0.002,0.000,44.986,0.00
1786263563,ingest,0.00,0.00,0.0,4.634,0.002,0.000,44.986,0.00
1786263568,ingest,0.00,0.00,0.0,4.634,0.002,0.000,44.985,0.00
1786263573,ingest,0.00,0.00,0.0,4.634,0.002,0.000,44.985,0.00
1786263578,ingest,0.00,0.00,0.0,4.634,0.002,0.000,44.985,0.00
1786263584,ingest,0.00,0.00,0.0,4.634,0.002,0.000,44.985,0.00
1786263589,ingest,0.00,0.00,0.0,4.634,0.002,0.000,44.986,0.00
1786263594,ingest,0.00,0.00,0.0,4.634,0.002,0.000,44.987,0.00
1786263599,ingest,0.00,0.00,0.0,4.634,0.002,0.000,44.986,0.00
1786263604,ingest,0.00,0.00,0.0,4.634,0.002,0.000,44.986,0.00
1786263609,ingest,0.00,0.00,0.0,4.634,0.002,0.000,44.985,0.00
1786263614,ingest,0.00,0.00,0.0,4.634,0.002,0.000,44.986,0.00
1786263619,ingest,0.00,0.00,0.0,4.634,0.002,0.000,44.986,0.00
1786263624,ingest,0.00,0.00,0.0,4.634,0.002,0.000,44.986,0.00
1786263629,ingest,0.00,0.00,0.0,4.634,0.002,0.000,44.986,0.00
1786263634,ingest,0.00,0.00,0.0,4.634,0.002,0.000,44.985,0.00
1786263639,ingest,0.00,0.00,0.0,4.634,0.002,0.000,44.985,0.00
1786263644,ingest,0.00,0.00,0.0,4.634,0.002,0.000,44.985,0.00
1786263649,ingest,0.00,0.00,0.0,4.634,0.002,0.000,44.985,0.00
1786263654,ingest,0.00,0.00,0.0,4.634,0.002,0.000,44.986,0.00
1786263659,ingest,0.00,0.00,0.0,4.634,0.002,0.000,44.985,0.00
1786263664,ingest,0.00,0.00,0.0,4.634,0.002,0.000,44.986,0.00
1786263669,ingest,0.00,0.00,0.0,4.634,0.002,0.000,44.986,0.00
1786263674,ingest,0.00,0.00,0.0,4.634,0.002,0.000,44.986,0.00
1786263679,ingest,0.00,0.00,0.0,4.634,0.002,0.000,44.986,0.00
1786263685,ingest,0.00,0.00,0.0,4.634,0.002,0.000,44.986,0.00
1786263690,ingest,0.00,0.00,0.0,4.634,0.002,0.000,44.986,0.00
1786263695,ingest,0.00,0.00,0.0,4.634,0.002,0.000,44.986,0.00
1786263700,ingest,0.00,0.00,0.0,4.634,0.002,0.000,44.987,0.00
1786263705,ingest,0.00,0.00,0.0,4.634,0.002,0.000,44.986,0.00
1786263710,ingest,0.00,0.00,0.0,4.634,0.002,0.000,44.986,0.00
1786263715,ingest,0.00,0.00,0.0,4.634,0.002,0.000,44.986,0.00
1786263720,ingest,0.00,0.00,0.0,4.634,0.002,0.000,44.986,0.00
1786263725,ingest,0.00,0.00,0.0,4.634,0.002,0.000,44.986,0.00
1786263730,ingest,0.00,0.00,0.0,4.634,0.002,0.000,44.987,0.00
1786263735,ingest,0.00,0.00,0.0,4.634,0.002,0.000,44.986,0.00
1786263740,ingest,0.00,0.00,0.0,4.634,0.002,0.000,44.986,0.00
1786263745,ingest,0.00,0.00,0.0,4.634,0.002,0.000,44.985,0.00
1786263750,ingest,0.00,0.00,0.0,4.634,0.002,0.000,44.987,0.00
1786263755,ingest,0.00,0.00,0.0,4.634,0.002,0.000,44.986,0.00
1786263760,ingest,0.00,0.00,0.0,4.634,0.002,0.000,44.985,0.00
1786263765,ingest,0.00,0.00,0.0,4.634,0.002,0.000,44.987,0.00
1786263770,ingest,0.00,0.00,0.0,4.634,0.002,0.000,44.986,0.00
1786263775,ingest,0.00,0.00,0.0,4.634,0.002,0.000,44.986,0.00
1786263780,ingest,0.00,0.00,0.0,4.634,0.002,0.000,44.985,0.00
1786263786,ingest,0.00,0.00,0.0,4.634,0.002,0.000,44.986,0.00
1786263791,ingest,0.00,0.00,0.0,4.634,0.002,0.000,44.986,0.00
1786263796,ingest,0.00,0.00,0.0,4.634,0.002,0.000,44.986,0.00
1786263801,ingest,0.00,0.00,0.0,4.634,0.002,0.000,44.986,0.00
1786263806,ingest,0.00,0.00,0.0,4.634,0.002,0.000,44.986,0.00
1786263811,ingest,0.00,0.00,0.0,4.634,0.002,0.000,44.986,0.00
1786263816,ingest,0.00,0.00,0.0,4.634,0.002,0.000,44.986,0.00
1786263821,ingest,0.00,0.00,0.0,4.634,0.002,0.000,44.986,0.00
1786263826,ingest,0.00,0.00,0.0,4.634,0.002,0.000,44.987,0.00
1786263831,ingest,0.00,0.00,0.0,4.634,0.002,0.000,44.986,0.00
1786263836,ingest,0.00,0.00,0.0,4.634,0.002,0.000,44.986,0.00
1786263841,ingest,0.00,0.00,0.0,4.634,0.002,0.000,44.987,0.00
1786263846,ingest,0.00,0.00,0.0,4.634,0.002,0.000,44.985,0.00
1786263851,ingest,0.00,0.00,0.0,4.634,0.002,0.000,44.985,0.00
1786263856,ingest,0.00,0.00,0.0,4.634,0.002,0.000,44.985,0.00
1786263861,ingest,0.00,0.00,0.0,4.634,0.002,0.000,44.986,0.00
1786263866,ingest,0.00,0.00,0.0,4.634,0.002,0.000,44.986,0.00
1786263871,ingest,0.00,0.00,0.0,4.634,0.002,0.000,44.986,0.00
1786263876,ingest,0.00,0.00,0.0,4.634,0.002,0.000,44.985,0.00
1786263881,ingest,0.00,0.00,0.0,4.634,0.002,0.000,44.987,0.00
1786263887,ingest,0.00,0.00,0.0,4.634,0.002,0.000,44.987,0.00
1786263892,ingest,0.00,0.00,0.0,4.634,0.002,0.000,44.985,0.00
1786263897,ingest,0.00,0.00,0.0,4.634,0.002,0.000,44.986,0.00
1786263902,ingest,0.00,0.00,0.0,4.634,0.002,0.000,44.985,0.00
1786263907,ingest,0.00,0.00,0.0,4.634,0.002,0.000,44.985,0.00
1786263912,ingest,0.00,0.00,0.0,4.634,0.002,0.000,44.985,0.00
1786263917,ingest,0.00,0.00,0.0,4.634,0.002,0.000,44.986,0.00
1786263922,ingest,0.00,0.00,0.0,4.634,0.002,0.000,44.986,0.00
1786263927,ingest,0.00,0.00,0.0,4.634,0.002,0.000,44.985,0.00
1786263932,ingest,0.00,0.00,0.0,4.634,0.002,0.000,44.986,0.00
1786263937,ingest,0.00,0.00,0.0,4.634,0.002,0.000,44.985,0.00
1786263942,ingest,0.00,0.00,0.0,4.634,0.002,0.000,44.985,0.00
1786263947,ingest,0.00,0.00,0.0,4.634,0.002,0.000,44.985,0.00
1786263952,ingest,0.00,0.00,0.0,4.634,0.002,0.000,44.985,0.00
1786263957,ingest,0.00,0.00,0.0,4.634,0.002,0.000,44.985,0.00
1786263962,ingest,0.00,0.00,0.0,4.634,0.002,0.000,44.986,0.00
1786263967,ingest,0.00,0.00,0.0,4.634,0.002,0.000,44.985,0.00
1786263972,ingest,0.00,0.00,0.0,4.634,0.002,0.000,44.986,0.00
1786263977,ingest,0.00,0.00,0.0,4.634,0.002,0.000,44.985,0.00
1786263982,ingest,0.00,0.00,0.0,4.634,0.002,0.000,44.985,0.00
1786263988,ingest,0.00,0.00,0.0,4.634,0.002,0.000,44.985,0.00
1786263993,ingest,0.00,0.00,0.0,4.634,0.002,0.000,44.985,0.00
1786263998,ingest,0.00,0.00,0.0,4.634,0.002,0.000,44.985,0.00
1786264003,ingest,0.00,0.00,0.0,4.634,0.002,0.000,44.986,0.00
1786264008,ingest,0.00,0.00,0.0,4.634,0.002,0.000,44.985,0.00
1786264013,ingest,0.00,0.00,0.0,4.634,0.002,0.000,44.985,0.00
1786264018,ingest,0.00,0.00,0.0,4.634,0.002,0.000,44.985,0.00
1786264023,ingest,0.00,0.00,0.0,4.634,0.002,0.000,44.985,0.00
1786264028,ingest,0.00,0.00,0.0,4.634,0.002,0.000,44.986,0.00
1786264033,ingest,0.00,0.00,0.0,4.634,0.002,0.000,44.985,0.00
1786264038,ingest,0.00,0.00,0.0,4.634,0.002,0.000,44.984,0.00
1786264043,ingest,0.00,0.00,0.0,4.634,0.002,0.000,44.984,0.00
1786264048,ingest,0.00,0.00,0.0,4.634,0.002,0.000,44.986,0.00
1786264053,ingest,0.00,0.00,0.0,4.634,0.002,0.000,44.986,0.00
1786264058,ingest,0.00,0.00,0.0,4.634,0.002,0.000,44.985,0.00
1786264063,ingest,0.00,0.00,0.0,4.634,0.002,0.000,44.987,0.00
1786264068,ingest,0.00,0.00,0.0,4.634,0.002,0.000,44.985,0.00
1786264073,ingest,0.00,0.00,0.0,4.634,0.002,0.000,44.985,0.00
1786264078,ingest,0.00,0.00,0.0,4.634,0.002,0.000,44.985,0.00
1786264083,ingest,0.00,0.00,0.0,4.634,0.002,0.000,44.985,0.00
1786264089,ingest,0.00,0.00,0.0,4.634,0.002,0.000,44.985,0.00
1786264094,ingest,0.00,0.00,0.0,4.634,0.002,0.000,44.985,0.00
1786264099,ingest,0.00,0.00,0.0,4.634,0.002,0.000,44.985,0.00
1786264104,ingest,0.00,0.00,0.0,4.634,0.002,0.000,44.985,0.00
1786264109,ingest,0.00,0.00,0.0,4.634,0.002,0.000,44.985,0.00
1786264114,ingest,0.00,0.00,0.0,4.634,0.002,0.000,44.985,0.00
1786264119,ingest,0.00,0.00,0.0,4.634,0.002,0.000,44.985,0.00
1786264124,ingest,0.00,0.00,0.0,4.634,0.002,0.000,44.985,0.00
1786264129,ingest,0.00,0.00,0.0,4.634,0.002,0.000,44.985,0.00
1786264134,ingest,0.00,0.00,0.0,4.634,0.002,0.000,44.985,0.00
1786264139,ingest,0.00,0.00,0.0,4.634,0.002,0.000,44.985,0.00
1786264144,ingest,0.00,0.00,0.0,4.634,0.002,0.000,44.985,0.00
1786264149,ingest,0.00,0.00,0.0,4.634,0.002,0.000,44.985,0.00
1786264154,ingest,0.00,0.00,0.0,4.634,0.002,0.000,44.985,0.00
1786264159,ingest,0.00,0.00,0.0,4.634,0.002,0.000,44.984,0.00
1786264164,ingest,0.00,0.00,0.0,4.634,0.002,0.000,44.984,0.00
1786264169,ingest,0.00,0.00,0.0,4.634,0.002,0.000,44.984,0.00
1786264174,ingest,0.00,0.00,0.0,4.634,0.002,0.000,44.984,0.00
1786264179,ingest,0.00,0.00,0.0,4.634,0.002,0.000,44.984,0.00
1786264184,ingest,0.00,0.00,0.0,4.634,0.002,0.000,44.984,0.00
1786264190,ingest,0.00,0.00,0.0,4.634,0.002,0.000,44.984,0.00
1786264195,ingest,0.00,0.00,0.0,4.634,0.002,0.000,44.984,0.00
1786264200,ingest,0.00,0.00,0.0,4.634,0.002,0.000,44.984,0.00
1786264205,ingest,0.00,0.00,0.0,4.634,0.002,0.000,44.984,0.00
1786264210,ingest,0.00,0.00,0.0,4.634,0.002,0.000,44.984,0.00
1786264215,ingest,0.00,0.00,0.0,4.634,0.002,0.000,44.984,0.00
1786264220,ingest,0.00,0.00,0.0,4.634,0.002,0.000,44.984,0.00
1786264225,ingest,0.00,0.00,0.0,4.634,0.002,0.000,44.984,0.00
1786264230,ingest,0.00,0.00,0.0,4.634,0.002,0.000,44.985,0.00
1786264235,ingest,0.00,0.00,0.0,4.634,0.002,0.000,44.985,0.00
1786264240,ingest,0.00,0.00,0.0,4.634,0.002,0.000,44.985,0.00
1786264245,ingest,0.00,0.00,0.0,4.634,0.002,0.000,44.984,0.00
1786264250,ingest,0.00,0.00,0.0,4.634,0.002,0.000,44.984,0.00
1786264255,ingest,0.00,0.00,0.0,4.634,0.002,0.000,44.984,0.00
1786264260,ingest,0.00,0.00,0.0,4.634,0.002,0.000,44.984,0.00
1786264265,ingest,0.00,0.00,0.0,4.634,0.002,0.000,44.984,0.00
1786264270,ingest,0.00,0.00,0.0,4.634,0.002,0.000,44.984,0.00
1786264275,ingest,0.00,0.00,0.0,4.634,0.002,0.000,44.984,0.00
1786264280,ingest,0.00,0.00,0.0,4.634,0.002,0.000,44.984,0.00
1786264285,ingest,0.00,0.00,0.0,4.634,0.002,0.000,44.984,0.00
1786264291,ingest,0.00,0.00,0.0,4.634,0.002,0.000,44.984,0.00
1786264296,ingest,0.00,0.00,0.0,4.634,0.002,0.000,44.984,0.00
1786264301,ingest,0.00,0.00,0.0,4.634,0.002,0.000,44.984,0.00
1786264306,ingest,0.00,0.00,0.0,4.634,0.002,0.000,44.984,0.00
1786264311,ingest,0.00,0.00,0.0,4.634,0.002,0.000,44.984,0.00
1786264316,ingest,0.00,0.00,0.0,4.634,0.002,0.000,44.984,0.00
1786264321,ingest,0.00,0.00,0.0,4.634,0.002,0.000,44.984,0.00
1786264326,ingest,0.00,0.00,0.0,4.634,0.002,0.000,44.984,0.00
1786264331,ingest,0.00,0.00,0.0,4.634,0.002,0.000,44.984,0.00
1786264336,ingest,0.00,0.00,0.0,4.634,0.002,0.000,44.984,0.00
1786264341,ingest,0.00,0.00,0.0,4.634,0.002,0.000,44.984,0.00
1786264346,ingest,0.00,0.00,0.0,4.634,0.002,0.000,44.984,0.00
1786264351,ingest,0.00,0.00,0.0,4.634,0.002,0.000,44.983,0.00
1786264356,ingest,0.00,0.00,0.0,4.634,0.002,0.000,44.983,0.00
1786264361,ingest,0.00,0.00,0.0,4.634,0.002,0.000,44.983,0.00
1786264366,ingest,0.00,0.00,0.0,4.634,0.002,0.000,44.983,0.00
1786264371,ingest,0.00,0.00,0.0,4.634,0.002,0.000,44.983,0.00
1786264376,ingest,0.00,0.00,0.0,4.634,0.002,0.000,44.983,0.00
1786264381,ingest,0.00,0.00,0.0,4.634,0.002,0.000,44.983,0.00
1786264386,ingest,0.00,0.00,0.0,4.634,0.002,0.000,44.983,0.00
1786264391,ingest,0.00,0.00,0.0,4.634,0.002,0.000,44.983,0.00
1786264397,ingest,0.00,0.00,0.0,4.634,0.002,0.000,44.983,0.00
1786264402,ingest,0.00,0.00,0.0,4.634,0.002,0.000,44.983,0.00
1786264407,ingest,0.00,0.00,0.0,4.634,0.002,0.000,44.983,0.00
1786264412,ingest,0.00,0.00,0.0,4.634,0.002,0.000,44.983,0.00
1786264417,ingest,0.00,0.00,0.0,4.634,0.002,0.000,44.983,0.00
1786264422,ingest,0.00,0.00,0.0,4.634,0.002,0.000,44.983,0.00
1786264427,ingest,0.00,0.00,0.0,4.634,0.002,0.000,44.983,0.00
1786264432,ingest,0.00,0.00,0.0,4.634,0.002,0.000,44.983,0.00
1786264437,ingest,0.00,0.00,0.0,4.634,0.002,0.000,44.984,0.00
1786264442,ingest,0.00,0.00,0.0,4.634,0.002,0.000,44.984,0.00
1786264447,ingest,0.00,0.00,0.0,4.634,0.002,0.000,44.984,0.00
1786264452,ingest,0.00,0.00,0.0,4.634,0.002,0.000,44.984,0.00
1786264457,ingest,0.00,0.00,0.0,4.634,0.002,0.000,44.984,0.00
1786264462,ingest,0.00,0.00,0.0,4.634,0.002,0.000,44.984,0.00
1786264467,ingest,0.00,0.00,0.0,4.634,0.002,0.000,44.984,0.00
1786264472,ingest,0.00,0.00,0.0,4.634,0.002,0.000,44.985,0.00
1786264477,ingest,0.00,0.00,0.0,4.634,0.002,0.000,44.984,0.00
1786264482,ingest,0.00,0.00,0.0,4.634,0.002,0.000,44.984,0.00
1786264487,ingest,0.00,0.00,0.0,4.634,0.002,0.000,44.984,0.00
1786264492,ingest,0.00,0.00,0.0,4.634,0.002,0.000,44.984,0.00
1786264498,ingest,0.00,0.00,0.0,4.634,0.002,0.000,44.984,0.00
1786264503,ingest,0.00,0.00,0.0,4.634,0.002,0.000,44.984,0.00
1786264508,ingest,0.00,0.00,0.0,4.634,0.002,0.000,44.984,0.00
1786264513,ingest,0.00,0.00,0.0,4.634,0.002,0.000,44.984,0.00
1786264518,ingest,0.00,0.00,0.0,4.634,0.002,0.000,44.984,0.00
1786264523,ingest,0.00,0.00,0.0,4.634,0.002,0.000,44.984,0.00
1786264528,ingest,0.00,0.00,0.0,4.634,0.002,0.000,44.984,0.00
1786264533,ingest,0.00,0.00,0.0,4.634,0.002,0.000,44.984,0.00
1786264538,ingest,0.00,0.00,0.0,4.634,0.002,0.000,44.984,0.00
1786264543,ingest,0.00,0.00,0.0,4.634,0.002,0.000,44.985,0.00
1786264548,ingest,0.00,0.00,0.0,4.634,0.002,0.000,44.985,0.00
1786264553,ingest,0.00,0.00,0.0,4.634,0.002,0.000,44.985,0.00
1786264558,ingest,0.00,0.00,0.0,4.634,0.002,0.000,44.985,0.00
1786264563,ingest,0.00,0.00,0.0,4.634,0.002,0.000,44.985,0.00
1786264568,ingest,0.00,0.00,0.0,4.634,0.002,0.000,44.985,0.00
1786264573,ingest,0.00,0.00,0.0,4.634,0.002,0.000,44.985,0.00
1786264578,ingest,0.00,0.00,0.0,4.634,0.002,0.000,44.985,0.00
1786264583,ingest,0.00,0.00,0.0,4.634,0.002,0.000,44.985,0.00
1786264588,ingest,0.00,0.00,0.0,4.634,0.002,0.000,44.985,0.00
1786264593,ingest,0.00,0.00,0.0,4.634,0.002,0.000,44.985,0.00
1786264599,ingest,0.00,0.00,0.0,4.634,0.002,0.000,44.985,0.00
1786264604,ingest,0.00,0.00,0.0,4.634,0.002,0.000,44.985,0.00
1786264609,ingest,0.00,0.00,0.0,4.634,0.002,0.000,44.985,0.00
1786264614,ingest,0.00,0.00,0.0,4.634,0.002,0.000,44.985,0.00
1786264619,ingest,0.00,0.00,0.0,4.634,0.002,0.000,44.985,0.00
1786264624,ingest,0.00,0.00,0.0,4.634,0.002,0.000,44.985,0.00
1786264629,ingest,0.00,0.00,0.0,4.634,0.002,0.000,44.985,0.00
1786264634,ingest,0.00,0.00,0.0,4.634,0.002,0.000,44.985,0.00
1786264639,ingest,0.00,0.00,0.0,4.634,0.002,0.000,44.985,0.00
1786264644,ingest,0.00,0.00,0.0,4.634,0.002,0.000,44.985,0.00
1786264649,ingest,0.00,0.00,0.0,4.634,0.002,0.000,44.985,0.00
1786264654,ingest,0.00,0.00,0.0,4.634,0.002,0.000,44.985,0.00
1786264659,ingest,0.00,0.00,0.0,4.634,0.002,0.000,44.985,0.00
1786264664,ingest,0.00,0.00,0.0,4.634,0.002,0.000,44.985,0.00
1786264669,ingest,0.00,0.00,0.0,4.634,0.002,0.000,44.985,0.00
1786264674,ingest,0.00,0.00,0.0,4.634,0.002,0.000,44.986,0.00
1786264679,ingest,0.00,0.00,0.0,4.634,0.002,0.000,44.985,0.00
1786264684,ingest,0.00,0.00,0.0,4.634,0.002,0.000,44.985,0.00
1786264689,ingest,0.00,0.00,0.0,4.634,0.002,0.000,44.985,0.00
1786264694,ingest,0.00,0.00,0.0,4.634,0.002,0.000,44.985,0.00
1786264700,ingest,0.00,0.00,0.0,4.634,0.002,0.000,44.985,0.00
1786264705,ingest,0.00,0.00,0.0,4.634,0.002,0.000,44.986,0.00
1786264710,ingest,0.00,0.00,0.0,4.634,0.002,0.000,44.986,0.00
1786264715,ingest,0.00,0.00,0.0,4.634,0.002,0.000,44.986,0.00
1786264720,ingest,0.00,0.00,0.0,4.634,0.002,0.000,44.986,0.00
1786264725,ingest,0.00,0.00,0.0,4.634,0.002,0.000,44.986,0.00
1786264730,ingest,0.00,0.00,0.0,4.634,0.002,0.000,44.986,0.00
1786264735,ingest,0.00,0.00,0.0,4.634,0.002,0.000,44.986,0.00
1786264740,ingest,0.00,0.00,0.0,4.634,0.002,0.000,44.986,0.00
1786264745,ingest,0.00,0.00,0.0,4.634,0.002,0.000,44.986,0.00
1786264750,ingest,0.00,0.00,0.0,4.634,0.002,0.000,44.986,0.00
1786264755,ingest,0.00,0.00,0.0,4.634,0.002,0.000,44.986,0.00
1786264760,ingest,0.00,0.00,0.0,4.634,0.002,0.000,44.986,0.00
1786264765,ingest,0.00,0.00,0.0,4.634,0.002,0.000,44.986,0.00
1786264770,ingest,0.00,0.00,0.0,4.634,0.002,0.000,44.986,0.00
1786264775,ingest,0.00,0.00,0.0,4.634,0.002,0.000,44.985,0.00
1786264780,ingest,0.00,0.00,0.0,4.634,0.002,0.000,44.986,0.00
1786264785,ingest,0.00,0.00,0.0,4.634,0.002,0.000,44.987,0.00
1786264790,ingest,0.00,0.00,0.0,4.634,0.002,0.000,44.986,0.00
1786264795,ingest,0.00,0.00,0.0,4.634,0.002,0.000,44.986,0.00
1786264801,ingest,0.00,0.00,0.0,4.634,0.002,0.000,44.986,0.00
1786264806,ingest,0.00,0.00,0.0,4.634,0.002,0.000,44.986,0.00
1786264811,ingest,0.00,0.00,0.0,4.634,0.002,0.000,44.986,0.00
1786264816,ingest,0.00,0.00,0.0,4.634,0.002,0.000,44.986,0.00
1786264821,ingest,0.00,0.00,0.0,4.634,0.002,0.000,44.985,0.00
1786264826,ingest,0.00,0.00,0.0,4.634,0.002,0.000,44.984,0.00
1786264831,ingest,0.00,0.00,0.0,4.634,0.002,0.000,44.984,0.00
1786264836,ingest,0.00,0.00,0.0,4.634,0.002,0.000,44.984,0.00
1786264841,ingest,0.00,0.00,0.0,4.634,0.002,0.000,44.984,0.00
1786264846,ingest,0.00,0.00,0.0,4.634,0.002,0.000,44.984,0.00
1786264851,ingest,0.00,0.00,0.0,4.634,0.002,0.000,44.984,0.00
1786264856,ingest,0.00,0.00,0.0,4.634,0.002,0.000,44.984,0.00
1786264861,ingest,0.00,0.00,0.0,4.634,0.002,0.000,44.985,0.00
1786264866,ingest,0.00,0.00,0.0,4.634,0.002,0.000,44.985,0.00
1786264871,ingest,0.00,0.00,0.0,4.634,0.002,0.000,44.985,0.00
1786264876,ingest,0.00,0.00,0.0,4.634,0.002,0.000,44.985,0.00
1786264881,ingest,0.00,0.00,0.0,4.634,0.002,0.000,44.985,0.00
1786264886,ingest,0.00,0.00,0.0,4.634,0.002,0.000,44.985,0.00
1786264891,ingest,0.00,0.00,0.0,4.634,0.002,0.000,44.985,0.00
1786264896,ingest,0.00,0.00,0.0,4.634,0.002,0.000,44.985,0.00
1786264902,ingest,0.00,0.00,0.0,4.634,0.002,0.000,44.985,0.00
1786264907,ingest,0.00,0.00,0.0,4.634,0.002,0.000,44.984,0.00
1786264912,ingest,0.00,0.00,0.0,4.634,0.002,0.000,44.984,0.00
1786264917,ingest,0.00,0.00,0.0,4.634,0.002,0.000,44.985,0.00
1786264922,ingest,0.00,0.00,0.0,4.634,0.002,0.000,44.985,0.00
1786264927,ingest,0.00,0.00,0.0,4.634,0.002,0.000,44.985,0.00
1786264932,ingest,0.00,0.00,0.0,4.634,0.002,0.000,44.985,0.00
1786264937,ingest,0.00,0.00,0.0,4.634,0.002,0.000,44.985,0.00
1786264942,ingest,0.00,0.00,0.0,4.634,0.002,0.000,44.985,0.00
1786264947,ingest,0.00,0.00,0.0,4.634,0.002,0.000,44.985,0.00
1786264952,ingest,0.00,0.00,0.0,4.634,0.002,0.000,44.985,0.00
1786264957,ingest,0.00,0.00,0.0,4.634,0.002,0.000,44.985,0.00
1786264962,ingest,0.00,0.00,0.0,4.634,0.002,0.000,44.985,0.00
1786264967,ingest,0.00,0.00,0.0,4.634,0.002,0.000,44.985,0.00
1786264972,ingest,0.00,0.00,0.0,4.634,0.002,0.000,44.985,0.00
1786264977,ingest,0.00,0.00,0.0,4.634,0.002,0.000,44.984,0.00
1786264982,ingest,0.00,0.00,0.0,4.634,0.002,0.000,44.984,0.00
1786264987,ingest,0.00,0.00,0.0,4.634,0.002,0.000,44.985,0.00
1786264992,ingest,0.00,0.00,0.0,4.634,0.002,0.000,44.984,0.00
1786264997,ingest,0.00,0.00,0.0,4.634,0.002,0.000,44.984,0.00
1786265003,ingest,0.00,0.00,0.0,4.634,0.002,0.000,44.984,0.00
1786265008,ingest,0.00,0.00,0.0,4.634,0.002,0.000,44.984,0.00
1786265013,ingest,0.00,0.00,0.0,4.634,0.002,0.000,44.984,0.00
1786265018,ingest,0.00,0.00,0.0,4.634,0.002,0.000,44.984,0.00
1786265023,ingest,0.00,0.00,0.0,4.634,0.002,0.000,44.984,0.00
1786265028,ingest,0.00,0.00,0.0,4.634,0.002,0.000,44.984,0.00
1786265033,ingest,0.00,0.00,0.0,4.634,0.002,0.000,44.984,0.00
1786265038,ingest,0.00,0.00,0.0,4.634,0.002,0.000,44.984,0.00
1786265043,ingest,0.00,0.00,0.0,4.634,0.002,0.000,44.984,0.00
1786265048,ingest,0.00,0.00,0.0,4.634,0.002,0.000,44.984,0.00
1786265053,ingest,0.00,0.00,0.0,4.634,0.002,0.000,44.984,0.00
1786265058,ingest,0.00,0.00,0.0,4.634,0.002,0.000,44.984,0.00
1786265063,ingest,0.00,0.00,0.0,4.634,0.002,0.000,44.984,0.00
1786265068,ingest,0.00,0.00,0.0,4.634,0.002,0.000,44.984,0.00
1786265073,ingest,0.00,0.00,0.0,4.634,0.002,0.000,44.985,0.00
1786265078,ingest,0.00,0.00,0.0,4.634,0.002,0.000,44.985,0.00
1786265083,ingest,0.00,0.00,0.0,4.634,0.002,0.000,44.985,0.00
1786265088,ingest,0.00,0.00,0.0,4.634,0.002,0.000,44.985,0.00
1786265093,ingest,0.00,0.00,0.0,4.634,0.002,0.000,44.985,0.00
1786265098,ingest,0.00,0.00,0.0,4.634,0.002,0.000,44.985,0.00
1786265103,ingest,0.00,0.00,0.0,4.634,0.002,0.000,44.985,0.00
1786265109,ingest,0.00,0.00,0.0,4.634,0.002,0.000,44.985,0.00
1786265114,ingest,0.00,0.00,0.0,4.634,0.002,0.000,44.984,0.00
1786265119,ingest,0.00,0.00,0.0,4.634,0.002,0.000,44.984,0.00
1786265124,ingest,0.00,0.00,0.0,4.634,0.002,0.000,44.984,0.00
1786265129,ingest,0.00,0.00,0.0,4.634,0.002,0.000,44.986,0.00
1786265134,ingest,0.00,0.00,0.0,4.634,0.002,0.000,44.985,0.00
1786265139,ingest,0.00,0.00,0.0,4.634,0.002,0.000,44.985,0.00
1786265144,ingest,0.00,0.00,0.0,4.634,0.002,0.000,44.985,0.00
1786265149,ingest,0.00,0.00,0.0,4.634,0.002,0.000,44.985,0.00
1786265154,ingest,0.00,0.00,0.0,4.634,0.002,0.000,44.985,0.00
1786265159,ingest,0.00,0.00,0.0,4.634,0.002,0.000,44.985,0.00
1786265164,ingest,0.00,0.00,0.0,4.634,0.002,0.000,44.985,0.00
1786265169,ingest,0.00,0.00,0.0,4.634,0.002,0.000,44.985,0.00
1786265174,ingest,0.00,0.00,0.0,4.634,0.002,0.000,44.985,0.00
1786265179,ingest,0.00,0.00,0.0,4.634,0.002,0.000,44.985,0.00
1786265184,ingest,0.00,0.00,0.0,4.634,0.002,0.000,44.985,0.00
1786265189,ingest,0.00,0.00,0.0,4.634,0.002,0.000,44.985,0.00
1786265194,ingest,0.00,0.00,0.0,4.634,0.002,0.000,44.985,0.00
1786265199,ingest,0.00,0.00,0.0,4.634,0.002,0.000,44.985,0.00
1786265204,ingest,0.00,0.00,0.0,4.634,0.002,0.000,44.985,0.00
1786265210,ingest,0.00,0.00,0.0,4.634,0.002,0.000,44.985,0.00
1786265215,ingest,0.00,0.00,0.0,4.634,0.002,0.000,44.984,0.00
1786265220,ingest,0.00,0.00,0.0,4.634,0.002,0.000,44.984,0.00
1786265225,ingest,0.00,0.00,0.0,4.634,0.002,0.000,44.984,0.00
1786265230,ingest,0.00,0.00,0.0,4.634,0.002,0.000,44.984,0.00
1786265235,ingest,0.00,0.00,0.0,4.634,0.002,0.000,44.984,0.00
1786265240,ingest,0.00,0.00,0.0,4.634,0.002,0.000,44.984,0.00
1786265245,ingest,0.00,0.00,0.0,4.634,0.002,0.000,44.984,0.00
1786265250,ingest,0.00,0.00,0.0,4.634,0.002,0.000,44.984,0.00
1786265255,ingest,0.00,0.00,0.0,4.634,0.002,0.000,44.984,0.00
1786265260,ingest,0.00,0.00,0.0,4.634,0.002,0.000,44.984,0.00
1786265265,ingest,0.00,0.00,0.0,4.634,0.002,0.000,44.984,0.00
1786265270,ingest,0.00,0.00,0.0,4.634,0.002,0.000,44.984,0.00
1786265275,ingest,0.00,0.00,0.0,4.634,0.002,0.000,44.984,0.00
1786265280,ingest,0.00,0.00,0.0,4.634,0.002,0.000,44.984,0.00
1786265285,ingest,0.00,0.00,0.0,4.634,0.002,0.000,44.984,0.00
1786265290,ingest,0.00,0.00,0.0,4.634,0.002,0.000,44.984,0.00
1786265295,ingest,0.00,0.00,0.0,4.634,0.002,0.000,44.984,0.00
1786265300,ingest,0.00,0.00,0.0,4.634,0.002,0.000,44.984,0.00
1786265305,ingest,0.00,0.00,0.0,4.634,0.002,0.000,44.984,0.00
1786265311,ingest,0.00,0.00,0.0,4.634,0.002,0.000,44.984,0.00
1786265316,ingest,0.00,0.00,0.0,4.634,0.002,0.000,44.984,0.00
1786265321,ingest,0.00,0.00,0.0,4.634,0.002,0.000,44.984,0.00
1786265326,ingest,0.00,0.00,0.0,4.634,0.002,0.000,44.984,0.00
1786265331,ingest,0.00,0.00,0.0,4.634,0.002,0.000,44.984,0.00
1786265336,ingest,0.00,0.00,0.0,4.634,0.002,0.000,44.983,0.00
1786265341,ingest,0.00,0.00,0.0,4.634,0.002,0.000,44.984,0.00
1786265346,ingest,0.00,0.00,0.0,4.634,0.002,0.000,44.984,0.00
1786265351,ingest,0.00,0.00,0.0,4.634,0.002,0.000,44.984,0.00
1786265356,ingest,0.00,0.00,0.0,4.634,0.002,0.000,44.984,0.00
1786265361,ingest,0.00,0.00,0.0,4.634,0.002,0.000,44.984,0.00
1786265366,ingest,0.00,0.00,0.0,4.634,0.002,0.000,44.983,0.00
1786265371,ingest,0.00,0.00,0.0,4.634,0.002,0.000,44.983,0.00
1786265376,ingest,0.00,0.00,0.0,4.634,0.002,0.000,44.983,0.00
1786265381,ingest,0.00,0.00,0.0,4.634,0.002,0.000,44.983,0.00
1786265386,ingest,0.00,0.00,0.0,4.634,0.002,0.000,44.983,0.00
1786265391,ingest,0.00,0.00,0.0,4.634,0.002,0.000,44.983,0.00
1786265396,ingest,0.00,0.00,0.0,4.634,0.002,0.000,44.983,0.00
1786265401,ingest,0.00,0.00,0.0,4.634,0.002,0.000,44.982,0.00
1786265406,ingest,0.00,0.00,0.0,4.634,0.002,0.000,44.983,0.00
1786265412,ingest,0.00,0.00,0.0,4.634,0.002,0.000,44.982,0.00
1786265417,ingest,0.00,0.00,0.0,4.634,0.002,0.000,44.982,0.00
1786265422,ingest,0.00,0.00,0.0,4.634,0.002,0.000,44.984,0.00
1786265427,ingest,0.00,0.00,0.0,4.634,0.002,0.000,44.984,0.00
1786265432,ingest,0.00,0.00,0.0,4.634,0.002,0.000,44.983,0.00
1786265437,ingest,0.00,0.00,0.0,4.634,0.002,0.000,44.983,0.00
1786265442,ingest,0.00,0.00,0.0,4.634,0.002,0.000,44.984,0.00
1786265447,ingest,0.00,0.00,0.0,4.634,0.002,0.000,44.983,0.00
1786265452,ingest,0.00,0.00,0.0,4.634,0.002,0.000,44.983,0.00
1786265457,ingest,0.00,0.00,0.0,4.634,0.002,0.000,44.983,0.00
1786265462,ingest,0.00,0.00,0.0,4.634,0.002,0.000,44.983,0.00
1786265467,ingest,0.00,0.00,0.0,4.634,0.002,0.000,44.983,0.00
1786265472,ingest,0.00,0.00,0.0,4.634,0.002,0.000,44.983,0.00
1786265477,ingest,0.00,0.00,0.0,4.634,0.002,0.000,44.982,0.00
1786265482,ingest,0.00,0.00,0.0,4.634,0.002,0.000,44.982,0.00
1786265487,ingest,0.00,0.00,0.0,4.634,0.002,0.000,44.982,0.00
1786265492,ingest,0.00,0.00,0.0,4.634,0.002,0.000,44.982,0.00
1786265497,ingest,0.00,0.00,0.0,4.634,0.002,0.000,44.982,0.00
1786265502,ingest,0.00,0.00,0.0,4.634,0.002,0.000,44.982,0.00
1786265507,ingest,0.00,0.00,0.0,4.634,0.002,0.000,44.982,0.00
1786265513,ingest,0.00,0.00,0.0,4.634,0.002,0.000,44.982,0.00
1786265518,ingest,0.00,0.00,0.0,4.634,0.002,0.000,44.982,0.00
1786265523,ingest,0.00,0.00,0.0,4.634,0.002,0.000,44.982,0.00
1786265528,ingest,0.00,0.00,0.0,4.634,0.002,0.000,44.982,0.00
1786265533,ingest,0.00,0.00,0.0,4.634,0.002,0.000,44.982,0.00
1786265538,ingest,0.00,0.00,0.0,4.634,0.002,0.000,44.982,0.00
1786265543,ingest,0.00,0.00,0.0,4.634,0.002,0.000,44.982,0.00
1786265548,ingest,0.00,0.00,0.0,4.634,0.002,0.000,44.982,0.00
1786265553,ingest,0.00,0.00,0.0,4.634,0.002,0.000,44.982,0.00
1786265558,ingest,0.00,0.00,0.0,4.634,0.002,0.000,44.982,0.00
1786265563,ingest,0.00,0.00,0.0,4.634,0.002,0.000,44.982,0.00
1786265568,ingest,0.00,0.00,0.0,4.634,0.002,0.000,44.982,0.00
1786265573,ingest,0.00,0.00,0.0,4.634,0.002,0.000,44.982,0.00
1786265578,ingest,0.00,0.00,0.0,4.634,0.002,0.000,44.982,0.00
1786265583,ingest,0.00,0.00,0.0,4.634,0.002,0.000,44.982,0.00
1786265588,ingest,0.00,0.00,0.0,4.634,0.002,0.000,44.982,0.00
1786265593,ingest,0.00,0.00,0.0,4.634,0.002,0.000,44.982,0.00
1786265598,ingest,0.00,0.00,0.0,4.634,0.002,0.000,44.982,0.00
1786265603,ingest,0.00,0.00,0.0,4.634,0.002,0.000,44.982,0.00
1786265608,ingest,0.00,0.00,0.0,4.634,0.002,0.000,44.982,0.00
1786265614,ingest,0.00,0.00,0.0,4.634,0.002,0.000,44.983,0.00
1786265619,ingest,0.00,0.00,0.0,4.634,0.002,0.000,44.983,0.00
1786265624,ingest,0.00,0.00,0.0,4.634,0.002,0.000,44.983,0.00
1786265629,ingest,0.00,0.00,0.0,4.634,0.002,0.000,44.983,0.00
1786265634,ingest,0.00,0.00,0.0,4.634,0.002,0.000,44.982,0.00
1786265639,ingest,0.00,0.00,0.0,4.634,0.002,0.000,44.982,0.00
1786265644,ingest,0.00,0.00,0.0,4.634,0.002,0.000,44.982,0.00
1786265649,ingest,0.00,0.00,0.0,4.634,0.002,0.000,44.982,0.00
1786265654,ingest,0.00,0.00,0.0,4.634,0.002,0.000,44.983,0.00
1786265659,ingest,0.00,0.00,0.0,4.634,0.002,0.000,44.984,0.00
1786265664,ingest,0.00,0.00,0.0,4.634,0.002,0.000,44.984,0.00
1786265669,ingest,0.00,0.00,0.0,4.634,0.002,0.000,44.983,0.00
1786265674,ingest,0.00,0.00,0.0,4.634,0.002,0.000,44.983,0.00
1786265679,ingest,0.00,0.00,0.0,4.634,0.002,0.000,44.983,0.00
1786265684,ingest,0.00,0.00,0.0,4.634,0.002,0.000,44.983,0.00
1786265689,ingest,0.00,0.00,0.0,4.634,0.002,0.000,44.983,0.00
1786265694,ingest,0.00,0.00,0.0,4.634,0.002,0.000,44.983,0.00
1786265699,ingest,0.00,0.00,0.0,4.634,0.002,0.000,44.983,0.00
1786265704,ingest,0.00,0.00,0.0,4.634,0.002,0.000,44.984,0.00
1786265709,ingest,0.00,0.00,0.0,4.634,0.002,0.000,44.983,0.00
1786265714,ingest,0.00,0.00,0.0,4.634,0.002,0.000,44.983,0.00
1786265720,ingest,0.00,0.00,0.0,4.634,0.002,0.000,44.983,0.00
1786265725,ingest,0.00,0.00,0.0,4.634,0.002,0.000,44.983,0.00
1786265730,ingest,0.00,0.00,0.0,4.634,0.002,0.000,44.983,0.00
1786265735,ingest,0.00,0.00,0.0,4.634,0.002,0.000,44.983,0.00
1786265740,ingest,0.00,0.00,0.0,4.634,0.002,0.000,44.983,0.00
1786265745,ingest,0.00,0.00,0.0,4.634,0.002,0.000,44.983,0.00
1786265750,ingest,0.00,0.00,0.0,4.634,0.002,0.000,44.983,0.00
1786265755,ingest,0.00,0.00,0.0,4.634,0.002,0.000,44.983,0.00
1786265760,ingest,0.00,0.00,0.0,4.634,0.002,0.000,44.983,0.00
1786265765,ingest,0.00,0.00,0.0,4.634,0.002,0.000,44.983,0.00
1786265770,ingest,0.00,0.00,0.0,4.634,0.002,0.000,44.983,0.00
1786265775,ingest,0.00,0.00,0.0,4.634,0.002,0.000,44.983,0.00
1786265780,ingest,0.00,0.00,0.0,4.634,0.002,0.000,44.983,0.00
1786265785,ingest,0.00,0.00,0.0,4.634,0.002,0.000,44.983,0.00
1786265790,ingest,0.00,0.00,0.0,4.634,0.002,0.000,44.983,0.00
1786265795,ingest,0.00,0.00,0.0,4.634,0.002,0.000,44.982,0.00
1786265800,ingest,0.00,0.00,0.0,4.634,0.002,0.000,44.983,0.00
1786265805,ingest,0.00,0.00,0.0,4.634,0.002,0.000,44.983,0.00
1786265810,ingest,0.00,0.00,0.0,4.634,0.002,0.000,44.983,0.00
1786265815,ingest,0.00,0.00,0.0,4.634,0.002,0.000,44.983,0.00
1786265821,ingest,0.00,0.00,0.0,4.634,0.002,0.000,44.983,0.00
1786265826,ingest,0.00,0.00,0.0,4.634,0.002,0.000,44.983,0.00
1786265831,ingest,0.00,0.00,0.0,4.634,0.002,0.000,44.983,0.00
1786265836,ingest,0.00,0.00,0.0,4.634,0.002,0.000,44.983,0.00
1786265841,ingest,0.00,0.00,0.0,4.634,0.002,0.000,44.983,0.00
1786265846,ingest,0.00,0.00,0.0,4.634,0.002,0.000,44.983,0.00
1786265851,ingest,0.00,0.00,0.0,4.634,0.002,0.000,44.983,0.00
1786265856,ingest,0.00,0.00,0.0,4.634,0.002,0.000,44.983,0.00
1786265861,ingest,0.00,0.00,0.0,4.634,0.002,0.000,44.983,0.00
1786265866,ingest,0.00,0.00,0.0,4.634,0.002,0.000,44.983,0.00
1786265871,ingest,0.00,0.00,0.0,4.634,0.002,0.000,44.984,0.00
1786265876,ingest,0.00,0.00,0.0,4.634,0.002,0.000,44.984,0.00
1786265881,ingest,0.00,0.00,0.0,4.634,0.002,0.000,44.984,0.00
1786265886,ingest,0.00,0.00,0.0,4.634,0.002,0.000,44.984,0.00
1786265891,ingest,0.00,0.00,0.0,4.634,0.002,0.000,44.984,0.00
1786265896,ingest,0.00,0.00,0.0,4.634,0.002,0.000,44.984,0.00
1786265901,ingest,0.00,0.00,0.0,4.634,0.002,0.000,44.984,0.00
1786265906,ingest,0.00,0.00,0.0,4.634,0.002,0.000,44.984,0.00
1786265911,ingest,0.00,0.00,0.0,4.634,0.002,0.000,44.984,0.00
1786265916,ingest,0.00,0.00,0.0,4.634,0.002,0.000,44.984,0.00
1786265922,ingest,0.00,0.00,0.0,4.634,0.002,0.000,44.984,0.00
1786265927,ingest,0.00,0.00,0.0,4.634,0.002,0.000,44.984,0.00
1786265932,ingest,0.00,0.00,0.0,4.634,0.002,0.000,44.984,0.00
1786265937,ingest,0.00,0.00,0.0,4.634,0.002,0.000,44.984,0.00
1786265942,ingest,0.00,0.00,0.0,4.634,0.002,0.000,44.984,0.00
1786265947,ingest,0.00,0.00,0.0,4.634,0.002,0.000,44.984,0.00
1786265952,ingest,0.00,0.00,0.0,4.634,0.002,0.000,44.984,0.00
1786265957,ingest,0.00,0.00,0.0,4.634,0.002,0.000,44.984,0.00
1786265962,ingest,0.00,0.00,0.0,4.634,0.002,0.000,44.984,0.00
1786265967,ingest,0.00,0.00,0.0,4.634,0.002,0.000,44.984,0.00
1786265972,ingest,0.00,0.00,0.0,4.634,0.002,0.000,44.984,0.00
1786265977,ingest,0.00,0.00,0.0,4.634,0.002,0.000,44.984,0.00
1786265982,ingest,0.00,0.00,0.0,4.634,0.002,0.000,44.983,0.00
1786265987,ingest,0.00,0.00,0.0,4.634,0.002,0.000,44.983,0.00
1786265992,ingest,0.00,0.00,0.0,4.634,0.002,0.000,44.983,0.00
1786265997,ingest,0.00,0.00,0.0,4.634,0.002,0.000,44.985,0.00
1786266002,ingest,0.00,0.00,0.0,4.634,0.002,0.000,44.984,0.00
1786266007,ingest,0.00,0.00,0.0,4.634,0.002,0.000,44.984,0.00
1786266012,ingest,0.00,0.00,0.0,4.634,0.002,0.000,44.985,0.00
1786266017,ingest,0.00,0.00,0.0,4.634,0.002,0.000,44.985,0.00
1786266023,ingest,0.00,0.00,0.0,4.634,0.002,0.000,44.985,0.00
1786266028,ingest,0.00,0.00,0.0,4.634,0.002,0.000,44.985,0.00
1786266033,ingest,0.00,0.00,0.0,4.634,0.002,0.000,44.985,0.00
1786266038,ingest,0.00,0.00,0.0,4.634,0.002,0.000,44.985,0.00
1786266043,ingest,0.00,0.00,0.0,4.634,0.002,0.000,44.985,0.00
1786266048,ingest,0.00,0.00,0.0,4.634,0.002,0.000,44.984,0.00
1786266053,ingest,0.00,0.00,0.0,4.634,0.002,0.000,44.984,0.00
1786266058,ingest,0.00,0.00,0.0,4.634,0.002,0.000,44.984,0.00
1786266063,ingest,0.00,0.00,0.0,4.634,0.002,0.000,44.984,0.00
1786266068,ingest,0.00,0.00,0.0,4.634,0.002,0.000,44.984,0.00
1786266073,ingest,0.00,0.00,0.0,4.634,0.002,0.000,44.984,0.00
1786266078,ingest,0.00,0.00,0.0,4.634,0.002,0.000,44.984,0.00
1786266083,ingest,0.00,0.00,0.0,4.634,0.002,0.000,44.984,0.00
1786266088,ingest,0.00,0.00,0.0,4.634,0.002,0.000,44.984,0.00
1786266093,ingest,0.00,0.00,0.0,4.634,0.002,0.000,44.984,0.00
1786266098,ingest,0.00,0.00,0.0,4.634,0.002,0.000,44.984,0.00
1786266103,ingest,0.00,0.00,0.0,4.634,0.002,0.000,44.984,0.00
1786266108,ingest,0.00,0.00,0.0,4.634,0.002,0.000,44.984,0.00
1786266113,ingest,0.00,0.00,0.0,4.634,0.002,0.000,44.984,0.00
1786266118,ingest,0.00,0.00,0.0,4.634,0.002,0.000,44.984,0.00
1786266124,ingest,0.00,0.00,0.0,4.634,0.002,0.000,44.984,0.00
1786266129,ingest,0.00,0.00,0.0,4.634,0.002,0.000,44.984,0.00
1786266134,ingest,0.00,0.00,0.0,4.634,0.002,0.000,44.984,0.00
1786266139,ingest,0.00,0.00,0.0,4.634,0.002,0.000,44.984,0.00
1786266144,ingest,0.00,0.00,0.0,4.634,0.002,0.000,44.984,0.00
1786266149,ingest,0.00,0.00,0.0,4.634,0.002,0.000,44.985,0.00
1786266154,ingest,0.00,0.00,0.0,4.634,0.002,0.000,44.984,0.00
1786266159,ingest,0.00,0.00,0.0,4.634,0.002,0.000,44.984,0.00
1786266164,ingest,0.00,0.00,0.0,4.634,0.002,0.000,44.984,0.00
1786266169,ingest,0.00,0.00,0.0,4.634,0.002,0.000,44.985,0.00
1786266174,ingest,0.00,0.00,0.0,4.634,0.002,0.000,44.984,0.00
1786266179,ingest,0.00,0.00,0.0,4.634,0.002,0.000,44.984,0.00
1786266184,ingest,0.00,0.00,0.0,4.634,0.002,0.000,44.984,0.00
1786266189,ingest,0.00,0.00,0.0,4.634,0.002,0.000,44.984,0.00
1786266194,ingest,0.00,0.00,0.0,4.634,0.002,0.000,44.984,0.00
1786266199,ingest,0.00,0.00,0.0,4.634,0.002,0.000,44.984,0.00
1786266204,ingest,0.00,0.00,0.0,4.634,0.002,0.000,44.984,0.00
1786266209,ingest,0.00,0.00,0.0,4.634,0.002,0.000,44.984,0.00
1786266214,ingest,0.00,0.00,0.0,4.634,0.002,0.000,44.984,0.00
1786266219,ingest,0.00,0.00,0.0,4.634,0.002,0.000,44.984,0.00
1786266225,ingest,0.00,0.00,0.0,4.634,0.002,0.000,44.984,0.00
1786266230,ingest,0.00,0.00,0.0,4.634,0.002,0.000,44.984,0.00
1786266235,ingest,0.00,0.00,0.0,4.634,0.002,0.000,44.984,0.00
1786266240,ingest,0.00,0.00,0.0,4.634,0.002,0.000,44.985,0.00
1786266245,ingest,0.00,0.00,0.0,4.634,0.002,0.000,44.985,0.00
1786266250,ingest,0.00,0.00,0.0,4.634,0.002,0.000,44.987,0.00
1786266255,ingest,0.00,0.00,0.0,4.634,0.002,0.000,44.986,0.00
1786266260,ingest,0.00,0.00,0.0,4.634,0.002,0.000,44.985,0.00
1786266265,ingest,0.00,0.00,0.0,4.634,0.002,0.000,44.986,0.00
1786266270,ingest,0.00,0.00,0.0,4.634,0.002,0.000,44.985,0.00
1786266275,ingest,0.00,0.00,0.0,4.634,0.002,0.000,44.985,0.00
1786266280,ingest,0.00,0.00,0.0,4.634,0.002,0.000,44.985,0.00
1786266285,ingest,0.00,0.00,0.0,4.634,0.002,0.000,44.985,0.00
1786266290,ingest,0.00,0.00,0.0,4.634,0.002,0.000,44.984,0.00
1786266295,ingest,0.00,0.00,0.0,4.634,0.002,0.000,44.984,0.00
1786266300,ingest,0.00,0.00,0.0,4.634,0.002,0.000,44.986,0.00
1786266305,ingest,0.00,0.00,0.0,4.634,0.002,0.000,44.986,0.00
1786266310,ingest,0.00,0.00,0.0,4.634,0.002,0.000,44.985,0.00
1786266315,ingest,0.00,0.00,0.0,4.634,0.002,0.000,44.986,0.00
1786266320,ingest,0.00,0.00,0.0,4.634,0.002,0.000,44.986,0.00
1786266326,ingest,0.00,0.00,0.0,4.634,0.002,0.000,44.985,0.00
1786266331,ingest,0.00,0.00,0.0,4.634,0.002,0.000,44.985,0.00
1786266336,ingest,0.00,0.00,0.0,4.634,0.002,0.000,44.986,0.00
1786266341,ingest,0.00,0.00,0.0,4.634,0.002,0.000,44.985,0.00
1786266346,ingest,0.00,0.00,0.0,4.634,0.002,0.000,44.985,0.00
1786266351,ingest,0.00,0.00,0.0,4.634,0.002,0.000,44.985,0.00
1786266356,ingest,0.00,0.00,0.0,4.634,0.002,0.000,44.985,0.00
1786266361,ingest,0.00,0.00,0.0,4.634,0.002,0.000,44.985,0.00
1786266366,ingest,0.00,0.00,0.0,4.634,0.002,0.000,44.985,0.00
1786266371,ingest,0.00,0.00,0.0,4.634,0.002,0.000,44.986,0.00
1786266376,ingest,0.00,0.00,0.0,4.634,0.002,0.000,44.986,0.00
1786266381,ingest,0.00,0.00,0.0,4.634,0.002,0.000,44.986,0.00
1786266386,ingest,0.00,0.00,0.0,4.634,0.002,0.000,44.987,0.00
1786266391,ingest,0.00,0.00,0.0,4.634,0.002,0.000,44.986,0.00
1786266396,ingest,0.00,0.00,0.0,4.634,0.002,0.000,44.986,0.00
1786266401,ingest,0.00,0.00,0.0,4.634,0.002,0.000,44.986,0.00
1786266406,ingest,0.00,0.00,0.0,4.634,0.002,0.000,44.986,0.00
1786266411,ingest,0.00,0.00,0.0,4.634,0.002,0.000,44.986,0.00
1786266416,ingest,0.00,0.00,0.0,4.634,0.002,0.000,44.986,0.00
1786266421,ingest,0.00,0.00,0.0,4.634,0.002,0.000,44.985,0.00
1786266426,ingest,0.00,0.00,0.0,4.634,0.002,0.000,44.985,0.00
1786266432,ingest,0.00,0.00,0.0,4.634,0.002,0.000,44.985,0.00
1786266437,ingest,0.00,0.00,0.0,4.634,0.002,0.000,44.985,0.00
1786266442,ingest,0.00,0.00,0.0,4.634,0.002,0.000,44.985,0.00
1786266447,ingest,0.00,0.00,0.0,4.634,0.002,0.000,44.985,0.00
1786266452,ingest,0.00,0.00,0.0,4.634,0.002,0.000,44.985,0.00
1786266457,ingest,0.00,0.00,0.0,4.634,0.002,0.000,44.985,0.00
1786266462,ingest,0.00,0.00,0.0,4.634,0.002,0.000,44.985,0.00
1786266467,ingest,0.00,0.00,0.0,4.634,0.002,0.000,44.985,0.00
1786266472,ingest,0.00,0.00,0.0,4.634,0.002,0.000,44.985,0.00
1786266477,ingest,0.00,0.00,0.0,4.634,0.002,0.000,44.985,0.00
1786266482,ingest,0.00,0.00,0.0,4.634,0.002,0.000,44.985,0.00
1786266487,ingest,0.00,0.00,0.0,4.634,0.002,0.000,44.985,0.00
1786266492,ingest,0.00,0.00,0.0,4.634,0.002,0.000,44.985,0.00
1786266497,ingest,0.00,0.00,0.0,4.634,0.002,0.000,44.985,0.00
1786266502,ingest,0.00,0.00,0.0,4.634,0.002,0.000,44.986,0.00
1786266507,ingest,0.00,0.00,0.0,4.634,0.002,0.000,44.986,0.00
1786266512,ingest,0.00,0.00,0.0,4.634,0.002,0.000,44.986,0.00
1786266517,ingest,0.00,0.00,0.0,4.634,0.002,0.000,44.986,0.00
1786266522,ingest,0.00,0.00,0.0,4.634,0.002,0.000,44.986,0.00
1786266527,ingest,0.00,0.00,0.0,4.634,0.002,0.000,44.985,0.00
1786266533,ingest,0.00,0.00,0.0,4.634,0.002,0.000,44.985,0.00
1786266538,ingest,0.00,0.00,0.0,4.634,0.002,0.000,44.985,0.00
1786266543,ingest,0.00,0.00,0.0,4.634,0.002,0.000,44.985,0.00
1786266548,ingest,0.00,0.00,0.0,4.634,0.002,0.000,44.985,0.00
1786266553,ingest,0.00,0.00,0.0,4.634,0.002,0.000,44.985,0.00
1786266558,ingest,0.00,0.00,0.0,4.634,0.002,0.000,44.985,0.00
1786266563,ingest,0.00,0.00,0.0,4.634,0.002,0.000,44.985,0.00
1786266568,ingest,0.00,0.00,0.0,4.634,0.002,0.000,44.985,0.00
1786266573,ingest,0.00,0.00,0.0,4.634,0.002,0.000,44.985,0.00
1786266578,ingest,0.00,0.00,0.0,4.634,0.002,0.000,44.985,0.00
1786266583,ingest,0.00,0.00,0.0,4.634,0.002,0.000,44.985,0.00
1786266588,ingest,0.00,0.00,0.0,4.634,0.002,0.000,44.985,0.00
1786266593,ingest,0.00,0.00,0.0,4.634,0.002,0.000,44.985,0.00
1786266598,ingest,0.00,0.00,0.0,4.634,0.002,0.000,44.985,0.00
1786266603,ingest,0.00,0.00,0.0,4.634,0.002,0.000,44.985,0.00
1786266608,ingest,0.00,0.00,0.0,4.634,0.002,0.000,44.985,0.00
1786266613,ingest,0.00,0.00,0.0,4.634,0.002,0.000,44.985,0.00
1786266618,ingest,0.00,0.00,0.0,4.634,0.002,0.000,44.985,0.00
1786266623,ingest,0.00,0.00,0.0,4.634,0.002,0.000,44.985,0.00
1786266628,ingest,0.00,0.00,0.0,4.634,0.002,0.000,44.985,0.00
1786266634,ingest,0.00,0.00,0.0,4.634,0.002,0.000,44.985,0.00
1786266639,ingest,0.00,0.00,0.0,4.634,0.002,0.000,44.985,0.00
1786266644,ingest,0.00,0.00,0.0,4.634,0.002,0.000,44.985,0.00
1786266649,ingest,0.00,0.00,0.0,4.634,0.002,0.000,44.985,0.00
1786266654,ingest,0.00,0.00,0.0,4.634,0.002,0.000,44.985,0.00
1786266659,ingest,0.00,0.00,0.0,4.634,0.002,0.000,44.984,0.00
1786266664,ingest,0.00,0.00,0.0,4.634,0.002,0.000,44.984,0.00
1786266669,ingest,0.00,0.00,0.0,4.634,0.002,0.000,44.984,0.00
1786266674,ingest,0.00,0.00,0.0,4.634,0.002,0.000,44.984,0.00
1786266679,ingest,0.00,0.00,0.0,4.634,0.002,0.000,44.985,0.00
1786266684,ingest,0.00,0.00,0.0,4.634,0.002,0.000,44.986,0.00
1786266689,ingest,0.00,0.00,0.0,4.634,0.002,0.000,44.986,0.00
1786266694,ingest,0.00,0.00,0.0,4.634,0.002,0.000,44.985,0.00
1786266699,ingest,0.00,0.00,0.0,4.634,0.002,0.000,44.985,0.00
1786266704,ingest,0.00,0.00,0.0,4.634,0.002,0.000,44.985,0.00
1786266709,ingest,0.00,0.00,0.0,4.634,0.002,0.000,44.985,0.00
1786266714,ingest,0.00,0.00,0.0,4.634,0.002,0.000,44.985,0.00
1786266719,ingest,0.00,0.00,0.0,4.634,0.002,0.000,44.985,0.00
1786266724,ingest,0.00,0.00,0.0,4.634,0.002,0.000,44.985,0.00
1786266729,ingest,0.00,0.00,0.0,4.634,0.002,0.000,44.985,0.00
1786266735,ingest,0.00,0.00,0.0,4.634,0.002,0.000,44.985,0.00
1786266740,ingest,0.00,0.00,0.0,4.634,0.002,0.000,44.985,0.00
1786266745,ingest,0.00,0.00,0.0,4.634,0.002,0.000,44.985,0.00
1786266750,ingest,0.00,0.00,0.0,4.634,0.002,0.000,44.985,0.00
1786266755,ingest,0.00,0.00,0.0,4.634,0.002,0.000,44.985,0.00
1786266760,ingest,0.00,0.00,0.0,4.634,0.002,0.000,44.985,0.00
1786266765,ingest,0.00,0.00,0.0,4.634,0.002,0.000,44.985,0.00
1786266770,ingest,0.00,0.00,0.0,4.634,0.002,0.000,44.985,0.00
1786266775,ingest,0.00,0.00,0.0,4.634,0.002,0.000,44.985,0.00
1786266780,ingest,0.00,0.00,0.0,4.634,0.002,0.000,44.985,0.00
1786266785,ingest,0.00,0.00,0.0,4.634,0.002,0.000,44.985,0.00
1786266790,ingest,0.00,0.00,0.0,4.634,0.002,0.000,44.985,0.00
1786266795,ingest,0.00,0.00,0.0,4.634,0.002,0.000,44.985,0.00
1786266800,ingest,0.00,0.00,0.0,4.634,0.002,0.000,44.985,0.00
1786266805,ingest,0.00,0.00,0.0,4.634,0.002,0.000,44.985,0.00
1786266810,ingest,0.00,0.00,0.0,4.634,0.002,0.000,44.985,0.00
1786266815,ingest,0.00,0.00,0.0,4.634,0.002,0.000,44.985,0.00
1786266820,ingest,0.00,0.00,0.0,4.634,0.002,0.000,44.985,0.00
1786266825,ingest,0.00,0.00,0.0,4.634,0.002,0.000,44.985,0.00
1786266830,ingest,0.00,0.00,0.0,4.634,0.002,0.000,44.985,0.00
1786266836,ingest,0.00,0.00,0.0,4.634,0.002,0.000,44.985,0.00
1786266841,ingest,0.00,0.00,0.0,4.634,0.002,0.000,44.985,0.00
1786266846,ingest,0.00,0.00,0.0,4.634,0.002,0.000,44.985,0.00
1786266851,ingest,0.00,0.00,0.0,4.634,0.002,0.000,44.985,0.00
1786266856,ingest,0.00,0.00,0.0,4.634,0.002,0.000,44.985,0.00
1786266861,ingest,0.00,0.00,0.0,4.634,0.002,0.000,44.985,0.00
1786266866,ingest,0.00,0.00,0.0,4.634,0.002,0.000,44.986,0.00
1786266871,ingest,0.00,0.00,0.0,4.634,0.002,0.000,44.985,0.00
1786266876,ingest,0.00,0.00,0.0,4.634,0.002,0.000,44.985,0.00
1786266881,ingest,0.00,0.00,0.0,4.634,0.002,0.000,44.986,0.00
1786266886,ingest,0.00,0.00,0.0,4.634,0.002,0.000,44.986,0.00
1786266891,ingest,0.00,0.00,0.0,4.634,0.002,0.000,44.986,0.00
1786266896,ingest,0.00,0.00,0.0,4.634,0.002,0.000,44.986,0.00
1786266901,ingest,0.00,0.00,0.0,4.634,0.002,0.000,44.987,0.00
1786266906,ingest,0.00,0.00,0.0,4.634,0.002,0.000,44.986,0.00
1786266911,ingest,0.00,0.00,0.0,4.634,0.002,0.000,44.986,0.00
1786266916,ingest,0.00,0.00,0.0,4.634,0.002,0.000,44.986,0.00
1786266921,ingest,0.00,0.00,0.0,4.634,0.002,0.000,44.986,0.00
1786266926,ingest,0.00,0.00,0.0,4.634,0.002,0.000,44.986,0.00
1786266931,ingest,0.00,0.00,0.0,4.634,0.002,0.000,44.986,0.00
1786266937,ingest,0.00,0.00,0.0,4.634,0.002,0.000,44.986,0.00
1786266942,ingest,0.00,0.00,0.0,4.634,0.002,0.000,44.986,0.00
1786266947,ingest,0.00,0.00,0.0,4.634,0.002,0.000,44.986,0.00
1786266952,ingest,0.00,0.00,0.0,4.634,0.002,0.000,44.986,0.00
1786266957,ingest,0.00,0.00,0.0,4.634,0.002,0.000,44.986,0.00
1786266962,ingest,0.00,0.00,0.0,4.634,0.002,0.000,44.986,0.00
1786266967,ingest,0.00,0.00,0.0,4.634,0.002,0.000,44.986,0.00
1786266972,ingest,0.00,0.00,0.0,4.634,0.002,0.000,44.986,0.00
1786266977,ingest,0.00,0.00,0.0,4.634,0.002,0.000,44.986,0.00
1786266982,ingest,0.00,0.00,0.0,4.634,0.002,0.000,44.986,0.00
1786266987,ingest,0.00,0.00,0.0,4.634,0.002,0.000,44.986,0.00
1786266992,ingest,0.00,0.00,0.0,4.634,0.002,0.000,44.986,0.00
1786266997,ingest,0.00,0.00,0.0,4.634,0.002,0.000,44.986,0.00
1786267002,ingest,0.00,0.00,0.0,4.634,0.002,0.000,44.986,0.00
1786267007,ingest,0.00,0.00,0.0,4.634,0.002,0.000,44.986,0.00
1786267012,ingest,0.00,0.00,0.0,4.634,0.002,0.000,44.986,0.00
1786267017,ingest,0.00,0.00,0.0,4.634,0.002,0.000,44.986,0.00
1786267022,ingest,0.00,0.00,0.0,4.634,0.002,0.000,44.986,0.00
1786267027,ingest,0.00,0.00,0.0,4.634,0.002,0.000,44.986,0.00
1786267032,ingest,0.00,0.00,0.0,4.634,0.002,0.000,44.986,0.00
1786267038,ingest,0.00,0.00,0.0,4.634,0.002,0.000,44.986,0.00
1786267043,ingest,0.00,0.00,0.0,4.634,0.002,0.000,44.986,0.00
1786267048,ingest,0.00,0.00,0.0,4.634,0.002,0.000,44.986,0.00
1786267053,ingest,0.00,0.00,0.0,4.634,0.002,0.000,44.986,0.00
1786267058,ingest,0.00,0.00,0.0,4.634,0.002,0.000,44.986,0.00
1786267063,ingest,0.00,0.00,0.0,4.634,0.002,0.000,44.986,0.00
1786267068,ingest,0.00,0.00,0.0,4.634,0.002,0.000,44.986,0.00
1786267073,ingest,0.00,0.00,0.0,4.634,0.002,0.000,44.986,0.00
1786267078,ingest,0.00,0.00,0.0,4.634,0.002,0.000,44.986,0.00
1786267083,ingest,0.00,0.00,0.0,4.634,0.002,0.000,44.986,0.00
1786267088,ingest,0.00,0.00,0.0,4.634,0.002,0.000,44.986,0.00
1786267093,ingest,0.00,0.00,0.0,4.634,0.002,0.000,44.985,0.00
1786267098,ingest,0.00,0.00,0.0,4.634,0.002,0.000,44.985,0.00
1786267103,ingest,0.00,0.00,0.0,4.634,0.002,0.000,44.986,0.00
1786267108,ingest,0.00,0.00,0.0,4.634,0.002,0.000,44.986,0.00
1786267113,ingest,0.00,0.00,0.0,4.634,0.002,0.000,44.986,0.00
1786267118,ingest,0.00,0.00,0.0,4.634,0.002,0.000,44.986,0.00
1786267123,ingest,0.00,0.00,0.0,4.634,0.002,0.000,44.985,0.00
1786267128,ingest,0.00,0.00,0.0,4.634,0.002,0.000,44.985,0.00
1786267133,ingest,0.00,0.00,0.0,4.634,0.002,0.000,44.986,0.00
1786267139,ingest,0.00,0.00,0.0,4.634,0.002,0.000,44.986,0.00
1786267144,ingest,0.00,0.00,0.0,4.634,0.002,0.000,44.986,0.00
1786267149,ingest,0.00,0.00,0.0,4.634,0.002,0.000,44.986,0.00
1786267154,ingest,0.00,0.00,0.0,4.634,0.002,0.000,44.986,0.00
1786267159,ingest,0.00,0.00,0.0,4.634,0.002,0.000,44.986,0.00
1786267164,ingest,0.00,0.00,0.0,4.634,0.002,0.000,44.986,0.00
1786267169,ingest,0.00,0.00,0.0,4.634,0.002,0.000,44.986,0.00
1786267174,ingest,0.00,0.00,0.0,4.634,0.002,0.000,44.986,0.00
1786267179,ingest,0.00,0.00,0.0,4.634,0.002,0.000,44.986,0.00
1786267184,ingest,0.00,0.00,0.0,4.634,0.002,0.000,44.986,0.00
1786267189,ingest,0.00,0.00,0.0,4.634,0.002,0.000,44.986,0.00
1786267194,ingest,0.00,0.00,0.0,4.634,0.002,0.000,44.986,0.00
1786267199,ingest,0.00,0.00,0.0,4.634,0.002,0.000,44.986,0.00
1786267204,ingest,0.00,0.00,0.0,4.634,0.002,0.000,44.985,0.00
1786267209,ingest,0.00,0.00,0.0,4.634,0.002,0.000,44.985,0.00
1786267214,ingest,0.00,0.00,0.0,4.634,0.002,0.000,44.985,0.00
1786267219,ingest,0.00,0.00,0.0,4.634,0.002,0.000,44.985,0.00
1786267224,ingest,0.00,0.00,0.0,4.634,0.002,0.000,44.985,0.00
1786267229,ingest,0.00,0.00,0.0,4.634,0.002,0.000,44.985,0.00
1786267234,ingest,0.00,0.00,0.0,4.634,0.002,0.000,44.986,0.00
1786267240,ingest,0.00,0.00,0.0,4.634,0.002,0.000,44.986,0.00
1786267245,ingest,0.00,0.00,0.0,4.634,0.002,0.000,44.987,0.00
1786267250,ingest,0.00,0.00,0.0,4.634,0.002,0.000,44.986,0.00
1786267255,ingest,0.00,0.00,0.0,4.634,0.002,0.000,44.986,0.00
1786267260,ingest,0.00,0.00,0.0,4.634,0.002,0.000,44.986,0.00
1786267265,ingest,0.00,0.00,0.0,4.634,0.002,0.000,44.986,0.00
1786267270,ingest,0.00,0.00,0.0,4.634,0.002,0.000,44.986,0.00
1786267275,ingest,0.00,0.00,0.0,4.634,0.002,0.000,44.986,0.00
1786267280,ingest,0.00,0.00,0.0,4.634,0.002,0.000,44.986,0.00
1786267285,ingest,0.00,0.00,0.0,4.634,0.002,0.000,44.986,0.00
1786267290,ingest,0.00,0.00,0.0,4.634,0.002,0.000,44.986,0.00
1786267295,ingest,0.00,0.00,0.0,4.634,0.002,0.000,44.987,0.00
1786267300,ingest,0.00,0.00,0.0,4.634,0.002,0.000,44.987,0.00
1786267305,ingest,0.00,0.00,0.0,4.634,0.002,0.000,44.986,0.00
1786267310,ingest,0.00,0.00,0.0,4.634,0.002,0.000,44.986,0.00
1786267315,ingest,0.00,0.00,0.0,4.634,0.002,0.000,44.987,0.00
1786267320,ingest,0.00,0.00,0.0,4.634,0.002,0.000,44.987,0.00
1786267325,ingest,0.00,0.00,0.0,4.634,0.002,0.000,44.986,0.00
1786267330,ingest,0.00,0.00,0.0,4.634,0.002,0.000,44.986,0.00
1786267335,ingest,0.00,0.00,0.0,4.634,0.002,0.000,44.986,0.00
1786267341,ingest,0.00,0.00,0.0,4.634,0.002,0.000,44.987,0.00
1786267346,ingest,0.00,0.00,0.0,4.634,0.002,0.000,44.986,0.00
1786267351,ingest,0.00,0.00,0.0,4.634,0.002,0.000,44.987,0.00
1786267356,ingest,0.00,0.00,0.0,4.634,0.002,0.000,44.987,0.00
1786267361,ingest,0.00,0.00,0.0,4.634,0.002,0.000,44.988,0.00
1786267366,ingest,0.00,0.00,0.0,4.634,0.002,0.000,44.986,0.00
1786267371,ingest,0.00,0.00,0.0,4.634,0.002,0.000,44.986,0.00
1786267376,ingest,0.00,0.00,0.0,4.634,0.002,0.000,44.988,0.00
1786267381,ingest,0.00,0.00,0.0,4.634,0.002,0.000,44.987,0.00
1786267386,ingest,0.00,0.00,0.0,4.634,0.002,0.000,44.986,0.00
1786267391,ingest,0.00,0.00,0.0,4.634,0.002,0.000,44.988,0.00
1786267396,ingest,0.00,0.00,0.0,4.634,0.002,0.000,44.988,0.00
1786267401,ingest,0.00,0.00,0.0,4.634,0.002,0.000,44.986,0.00
1786267406,ingest,0.00,0.00,0.0,4.634,0.002,0.000,44.986,0.00
1786267411,ingest,0.00,0.00,0.0,4.634,0.002,0.000,44.986,0.00
1786267416,ingest,0.00,0.00,0.0,4.634,0.002,0.000,44.986,0.00
1786267421,ingest,0.00,0.00,0.0,4.634,0.002,0.000,44.987,0.00
1786267426,ingest,0.00,0.00,0.0,4.634,0.002,0.000,44.987,0.00
1786267431,ingest,0.00,0.00,0.0,4.634,0.002,0.000,44.986,0.00
1786267436,ingest,0.00,0.00,0.0,4.634,0.002,0.000,44.986,0.00
1786267442,ingest,0.00,0.00,0.0,4.634,0.002,0.000,44.986,0.00
1786267447,ingest,0.00,0.00,0.0,4.634,0.002,0.000,44.987,0.00
1786267452,ingest,0.00,0.00,0.0,4.634,0.002,0.000,44.987,0.00
1786267457,ingest,0.00,0.00,0.0,4.634,0.002,0.000,44.987,0.00
1786267462,ingest,0.00,0.00,0.0,4.634,0.002,0.000,44.987,0.00
1786267467,ingest,0.00,0.00,0.0,4.634,0.002,0.000,44.987,0.00
1786267472,ingest,0.00,0.00,0.0,4.634,0.002,0.000,44.986,0.00
1786267477,ingest,0.00,0.00,0.0,4.634,0.002,0.000,44.987,0.00
1786267482,ingest,0.00,0.00,0.0,4.634,0.002,0.000,44.987,0.00
1786267487,ingest,0.00,0.00,0.0,4.634,0.002,0.000,44.986,0.00
1786267492,ingest,0.00,0.00,0.0,4.634,0.002,0.000,44.988,0.00
1786267497,ingest,0.00,0.00,0.0,4.634,0.002,0.000,44.987,0.00
1786267502,ingest,0.00,0.00,0.0,4.634,0.002,0.000,44.987,0.00
1786267507,ingest,0.00,0.00,0.0,4.634,0.002,0.000,44.987,0.00
1786267512,ingest,0.00,0.00,0.0,4.634,0.002,0.000,44.987,0.00
1786267517,ingest,0.00,0.00,0.0,4.634,0.002,0.000,44.987,0.00
1786267522,ingest,0.00,0.00,0.0,4.634,0.002,0.000,44.987,0.00
1786267527,ingest,0.00,0.00,0.0,4.634,0.002,0.000,44.987,0.00
1786267532,ingest,0.00,0.00,0.0,4.634,0.002,0.000,44.987,0.00
1786267537,ingest,0.00,0.00,0.0,4.634,0.002,0.000,44.986,0.00
1786267543,ingest,0.00,0.00,0.0,4.634,0.002,0.000,44.987,0.00
1786267548,ingest,0.00,0.00,0.0,4.634,0.002,0.000,44.987,0.00
1786267553,ingest,0.00,0.00,0.0,4.634,0.002,0.000,44.986,0.00
1786267558,ingest,0.00,0.00,0.0,4.634,0.002,0.000,44.987,0.00
1786267563,ingest,0.00,0.00,0.0,4.634,0.002,0.000,44.988,0.00
1786267568,ingest,0.00,0.00,0.0,4.634,0.002,0.000,44.987,0.00
1786267573,ingest,0.00,0.00,0.0,4.634,0.002,0.000,44.988,0.00
1786267578,ingest,0.00,0.00,0.0,4.634,0.002,0.000,44.988,0.00
1786267583,ingest,0.00,0.00,0.0,4.634,0.002,0.000,44.987,0.00
1786267588,ingest,0.00,0.00,0.0,4.634,0.002,0.000,44.986,0.00
1786267593,ingest,0.00,0.00,0.0,4.634,0.002,0.000,44.986,0.00
1786267598,ingest,0.00,0.00,0.0,4.634,0.002,0.000,44.988,0.00
1786267603,ingest,0.00,0.00,0.0,4.634,0.002,0.000,44.987,0.00
1786267608,ingest,0.00,0.00,0.0,4.634,0.002,0.000,44.987,0.00
1786267613,ingest,0.00,0.00,0.0,4.634,0.002,0.000,44.987,0.00
1786267618,ingest,0.00,0.00,0.0,4.634,0.002,0.000,44.987,0.00
1786267623,ingest,0.00,0.00,0.0,4.634,0.002,0.000,44.987,0.00
1786267628,ingest,0.00,0.00,0.0,4.634,0.002,0.000,44.987,0.00
1786267633,ingest,0.00,0.00,0.0,4.634,0.002,0.000,44.987,0.00
1786267638,ingest,0.00,0.00,0.0,4.634,0.002,0.000,44.987,0.00
1786267644,ingest,0.00,0.00,0.0,4.634,0.002,0.000,44.987,0.00
1786267649,ingest,0.00,0.00,0.0,4.634,0.002,0.000,44.988,0.00
1786267654,ingest,0.00,0.00,0.0,4.634,0.002,0.000,44.987,0.00
1786267659,ingest,0.00,0.00,0.0,4.634,0.002,0.000,44.987,0.00
1786267664,ingest,0.00,0.00,0.0,4.634,0.002,0.000,44.987,0.00
1786267669,ingest,0.00,0.00,0.0,4.634,0.002,0.000,44.987,0.00
1786267674,ingest,0.00,0.00,0.0,4.634,0.002,0.000,44.986,0.00
1786267679,ingest,0.00,0.00,0.0,4.634,0.002,0.000,44.986,0.00
1786267684,ingest,0.00,0.00,0.0,4.634,0.002,0.000,44.986,0.00
1786267689,ingest,0.00,0.00,0.0,4.634,0.002,0.000,44.986,0.00
1786267694,ingest,0.00,0.00,0.0,4.634,0.002,0.000,44.987,0.00
1786267699,ingest,0.00,0.00,0.0,4.634,0.002,0.000,44.987,0.00
1786267704,ingest,0.00,0.00,0.0,4.634,0.002,0.000,44.987,0.00
1786267709,ingest,0.00,0.00,0.0,4.634,0.002,0.000,44.987,0.00
1786267714,ingest,0.00,0.00,0.0,4.634,0.002,0.000,44.987,0.00
1786267719,ingest,0.00,0.00,0.0,4.634,0.002,0.000,44.987,0.00
1786267724,ingest,0.00,0.00,0.0,4.634,0.002,0.000,44.987,0.00
1786267729,ingest,0.00,0.00,0.0,4.634,0.002,0.000,44.987,0.00
1786267734,ingest,0.00,0.00,0.0,4.634,0.002,0.000,44.987,0.00
1786267739,ingest,0.00,0.00,0.0,4.634,0.002,0.000,44.988,0.00
1786267745,ingest,0.00,0.00,0.0,4.634,0.002,0.000,44.988,0.00
1786267750,ingest,0.00,0.00,0.0,4.634,0.002,0.000,44.989,0.00
1786267755,ingest,0.00,0.00,0.0,4.634,0.002,0.000,44.989,0.00
1786267760,ingest,0.00,0.00,0.0,4.634,0.002,0.000,44.988,0.00
1786267765,ingest,0.00,0.00,0.0,4.634,0.002,0.000,44.988,0.00
1786267770,ingest,0.00,0.00,0.0,4.634,0.002,0.000,44.988,0.00
1786267775,ingest,0.00,0.00,0.0,4.634,0.002,0.000,44.988,0.00
1786267780,ingest,0.00,0.00,0.0,4.634,0.002,0.000,44.988,0.00
1786267785,ingest,0.00,0.00,0.0,4.634,0.002,0.000,44.988,0.00
1786267790,ingest,0.00,0.00,0.0,4.634,0.002,0.000,44.988,0.00
1786267795,ingest,0.00,0.00,0.0,4.634,0.002,0.000,44.988,0.00
1786267800,ingest,0.00,0.00,0.0,4.634,0.002,0.000,44.988,0.00
1786267805,ingest,0.00,0.00,0.0,4.634,0.002,0.000,44.988,0.00
1786267810,ingest,0.00,0.00,0.0,4.634,0.002,0.000,44.988,0.00
1786267815,ingest,0.00,0.00,0.0,4.634,0.002,0.000,44.987,0.00
1786267820,ingest,0.00,0.00,0.0,4.634,0.002,0.000,44.987,0.00
1786267825,ingest,0.00,0.00,0.0,4.634,0.002,0.000,44.988,0.00
1786267830,ingest,0.00,0.00,0.0,4.634,0.002,0.000,44.988,0.00
1786267835,ingest,0.00,0.00,0.0,4.634,0.002,0.000,44.988,0.00
1786267840,ingest,0.00,0.00,0.0,4.634,0.002,0.000,44.987,0.00
1786267846,ingest,0.00,0.00,0.0,4.634,0.002,0.000,44.986,0.00
1786267851,ingest,0.00,0.00,0.0,4.634,0.002,0.000,44.986,0.00
1786267856,ingest,0.00,0.00,0.0,4.634,0.002,0.000,44.986,0.00
1786267861,ingest,0.00,0.00,0.0,4.634,0.002,0.000,44.986,0.00
1786267866,ingest,0.00,0.00,0.0,4.634,0.002,0.000,44.986,0.00
1786267871,ingest,0.00,0.00,0.0,4.634,0.002,0.000,44.987,0.00
1786267876,ingest,0.00,0.00,0.0,4.634,0.002,0.000,44.987,0.00
1786267881,ingest,0.00,0.00,0.0,4.634,0.002,0.000,44.987,0.00
1786267886,ingest,0.00,0.00,0.0,4.634,0.002,0.000,44.987,0.00
1786267891,ingest,0.00,0.00,0.0,4.634,0.002,0.000,44.987,0.00
1786267896,ingest,0.00,0.00,0.0,4.634,0.002,0.000,44.987,0.00
1786267901,ingest,0.00,0.00,0.0,4.634,0.002,0.000,44.987,0.00
1786267906,ingest,0.00,0.00,0.0,4.634,0.002,0.000,44.987,0.00
1786267911,ingest,0.00,0.00,0.0,4.634,0.002,0.000,44.987,0.00
1786267916,ingest,0.00,0.00,0.0,4.634,0.002,0.000,44.987,0.00
1786267921,ingest,0.00,0.00,0.0,4.634,0.002,0.000,44.987,0.00
1786267926,ingest,0.00,0.00,0.0,4.634,0.002,0.000,44.987,0.00
1786267931,ingest,0.00,0.00,0.0,4.634,0.002,0.000,44.987,0.00
1786267936,ingest,0.00,0.00,0.0,4.634,0.002,0.000,44.987,0.00
1786267941,ingest,0.00,0.00,0.0,4.634,0.002,0.000,44.987,0.00
1786267947,ingest,0.00,0.00,0.0,4.634,0.002,0.000,44.987,0.00
1786267952,ingest,0.00,0.00,0.0,4.634,0.002,0.000,44.987,0.00
1786267957,ingest,0.00,0.00,0.0,4.634,0.002,0.000,44.987,0.00
1786267962,ingest,0.00,0.00,0.0,4.634,0.002,0.000,44.987,0.00
1786267967,ingest,0.00,0.00,0.0,4.634,0.002,0.000,44.986,0.00
1786267972,ingest,0.00,0.00,0.0,4.634,0.002,0.000,44.986,0.00
1786267977,ingest,0.00,0.00,0.0,4.634,0.002,0.000,44.988,0.00
1786267982,ingest,0.00,0.00,0.0,4.634,0.002,0.000,44.987,0.00
1786267987,ingest,0.00,0.00,0.0,4.634,0.002,0.000,44.987,0.00
1786267992,ingest,0.00,0.00,0.0,4.634,0.002,0.000,44.987,0.00
1786267997,ingest,0.00,0.00,0.0,4.634,0.002,0.000,44.987,0.00
1786268002,ingest,0.00,0.00,0.0,4.634,0.002,0.000,44.986,0.00
1786268007,ingest,0.00,0.00,0.0,4.634,0.002,0.000,44.986,0.00
1786268012,ingest,0.00,0.00,0.0,4.634,0.002,0.000,44.986,0.00
1786268017,ingest,0.00,0.00,0.0,4.634,0.002,0.000,44.986,0.00
1786268022,ingest,0.00,0.00,0.0,4.634,0.002,0.000,44.986,0.00
1786268027,ingest,0.00,0.00,0.0,4.634,0.002,0.000,44.986,0.00
1786268032,ingest,0.00,0.00,0.0,4.634,0.002,0.000,44.987,0.00
1786268037,ingest,0.00,0.00,0.0,4.634,0.002,0.000,44.986,0.00
1786268042,ingest,0.00,0.00,0.0,4.634,0.002,0.000,44.988,0.00
1786268048,ingest,0.00,0.00,0.0,4.634,0.002,0.000,44.986,0.00
1786268053,ingest,0.00,0.00,0.0,4.634,0.002,0.000,44.986,0.00
1786268058,ingest,0.00,0.00,0.0,4.634,0.002,0.000,44.987,0.00
1786268063,ingest,0.00,0.00,0.0,4.634,0.002,0.000,44.987,0.00
1786268068,ingest,0.00,0.00,0.0,4.634,0.002,0.000,44.986,0.00
1786268073,ingest,0.00,0.00,0.0,4.634,0.002,0.000,44.986,0.00
1786268078,ingest,0.00,0.00,0.0,4.634,0.002,0.000,44.987,0.00
1786268083,ingest,0.00,0.00,0.0,4.634,0.002,0.000,44.986,0.00
1786268088,ingest,0.00,0.00,0.0,4.634,0.002,0.000,44.986,0.00
1786268093,ingest,0.00,0.00,0.0,4.634,0.002,0.000,44.986,0.00
1786268098,ingest,0.00,0.00,0.0,4.634,0.002,0.000,44.987,0.00
1786268103,ingest,0.00,0.00,0.0,4.634,0.002,0.000,44.986,0.00
1786268108,ingest,0.00,0.00,0.0,4.634,0.002,0.000,44.986,0.00
1786268113,ingest,0.00,0.00,0.0,4.634,0.002,0.000,44.987,0.00
1786268118,ingest,0.00,0.00,0.0,4.634,0.002,0.000,44.986,0.00
1786268123,ingest,0.00,0.00,0.0,4.634,0.002,0.000,44.988,0.00
1786268128,ingest,0.00,0.00,0.0,4.634,0.002,0.000,44.988,0.00
1786268133,ingest,0.00,0.00,0.0,4.634,0.002,0.000,44.986,0.00
1786268138,ingest,0.00,0.00,0.0,4.634,0.002,0.000,44.986,0.00
1786268143,ingest,0.00,0.00,0.0,4.634,0.002,0.000,44.986,0.00
1786268149,ingest,0.00,0.00,0.0,4.634,0.002,0.000,44.986,0.00
1786268154,ingest,0.00,0.00,0.0,4.634,0.002,0.000,44.986,0.00
1786268159,ingest,0.00,0.00,0.0,4.634,0.002,0.000,44.986,0.00
1786268164,ingest,0.00,0.00,0.0,4.634,0.002,0.000,44.986,0.00
1786268169,ingest,0.00,0.00,0.0,4.634,0.002,0.000,44.987,0.00
1786268174,ingest,0.00,0.00,0.0,4.634,0.002,0.000,44.987,0.00
1786268179,ingest,0.00,0.00,0.0,4.634,0.002,0.000,44.987,0.00
1786268184,ingest,0.00,0.00,0.0,4.634,0.002,0.000,44.987,0.00
1786268189,ingest,0.00,0.00,0.0,4.634,0.002,0.000,44.986,0.00
1786268194,ingest,0.00,0.00,0.0,4.634,0.002,0.000,44.986,0.00
1786268199,ingest,0.00,0.00,0.0,4.634,0.002,0.000,44.988,0.00
1786268204,ingest,0.00,0.00,0.0,4.634,0.002,0.000,44.988,0.00
1786268209,ingest,0.00,0.00,0.0,4.634,0.002,0.000,44.987,0.00
1786268214,ingest,0.00,0.00,0.0,4.634,0.002,0.000,44.987,0.00
1786268219,ingest,0.00,0.00,0.0,4.634,0.002,0.000,44.987,0.00
1786268224,ingest,0.00,0.00,0.0,4.634,0.002,0.000,44.987,0.00
1786268229,ingest,0.00,0.00,0.0,4.634,0.002,0.000,44.987,0.00
1786268234,ingest,0.00,0.00,0.0,4.634,0.002,0.000,44.987,0.00
1786268239,ingest,0.00,0.00,0.0,4.634,0.002,0.000,44.987,0.00
1786268244,ingest,0.00,0.00,0.0,4.634,0.002,0.000,44.987,0.00
1786268250,ingest,0.00,0.00,0.0,4.634,0.002,0.000,44.987,0.00
1786268255,ingest,0.00,0.00,0.0,4.634,0.002,0.000,44.987,0.00
1786268260,ingest,0.00,0.00,0.0,4.634,0.002,0.000,44.987,0.00
1786268265,ingest,0.00,0.00,0.0,4.634,0.002,0.000,44.987,0.00
1786268270,ingest,0.00,0.00,0.0,4.634,0.002,0.000,44.987,0.00
1786268275,ingest,0.00,0.00,0.0,4.634,0.002,0.000,44.987,0.00
1786268280,ingest,0.00,0.00,0.0,4.634,0.002,0.000,44.987,0.00
1786268285,ingest,0.00,0.00,0.0,4.634,0.002,0.000,44.987,0.00
1786268290,ingest,0.00,0.00,0.0,4.634,0.002,0.000,44.987,0.00
1786268295,ingest,0.00,0.00,0.0,4.634,0.002,0.000,44.987,0.00
1786268300,ingest,0.00,0.00,0.0,4.634,0.002,0.000,44.987,0.00
1786268305,ingest,0.00,0.00,0.0,4.634,0.002,0.000,44.986,0.00
1786268310,ingest,0.00,0.00,0.0,4.634,0.002,0.000,44.986,0.00
1786268315,ingest,0.00,0.00,0.0,4.634,0.002,0.000,44.986,0.00
1786268320,ingest,0.00,0.00,0.0,4.634,0.002,0.000,44.986,0.00
1786268325,ingest,0.00,0.00,0.0,4.634,0.002,0.000,44.987,0.00
1786268330,ingest,0.00,0.00,0.0,4.634,0.002,0.000,44.987,0.00
1786268335,ingest,0.00,0.00,0.0,4.634,0.002,0.000,44.987,0.00
1786268340,ingest,0.00,0.00,0.0,4.634,0.002,0.000,44.987,0.00
1786268345,ingest,0.00,0.00,0.0,4.634,0.002,0.000,44.987,0.00
1786268351,ingest,0.00,0.00,0.0,4.634,0.002,0.000,44.987,0.00
1786268356,ingest,0.00,0.00,0.0,4.634,0.002,0.000,44.987,0.00
1786268361,ingest,0.00,0.00,0.0,4.634,0.002,0.000,44.987,0.00
1786268366,ingest,0.00,0.00,0.0,4.634,0.002,0.000,44.987,0.00
1786268371,ingest,0.00,0.00,0.0,4.634,0.002,0.000,44.986,0.00
1786268376,ingest,0.00,0.00,0.0,4.634,0.002,0.000,44.987,0.00
1786268381,ingest,0.00,0.00,0.0,4.634,0.002,0.000,44.987,0.00
1786268386,ingest,0.00,0.00,0.0,4.634,0.002,0.000,44.986,0.00
1786268391,ingest,0.00,0.00,0.0,4.634,0.002,0.000,44.987,0.00
1786268396,ingest,0.00,0.00,0.0,4.634,0.002,0.000,44.987,0.00
1786268401,ingest,0.00,0.00,0.0,4.634,0.002,0.000,44.988,0.00
1786268406,ingest,0.00,0.00,0.0,4.634,0.002,0.000,44.986,0.00
1786268411,ingest,0.00,0.00,0.0,4.634,0.002,0.000,44.987,0.00
1786268416,ingest,0.00,0.00,0.0,4.634,0.002,0.000,44.987,0.00
1786268421,ingest,0.00,0.00,0.0,4.634,0.002,0.000,44.987,0.00
1786268426,ingest,0.00,0.00,0.0,4.634,0.002,0.000,44.986,0.00
1786268431,ingest,0.00,0.00,0.0,4.634,0.002,0.000,44.987,0.00
1786268436,ingest,0.00,0.00,0.0,4.634,0.002,0.000,44.987,0.00
1786268441,ingest,0.00,0.00,0.0,4.634,0.002,0.000,44.987,0.00
1786268446,ingest,0.00,0.00,0.0,4.634,0.002,0.000,44.987,0.00
1786268452,ingest,0.00,0.00,0.0,4.634,0.002,0.000,44.987,0.00
1786268457,ingest,0.00,0.00,0.0,4.634,0.002,0.000,44.986,0.00
1786268462,ingest,0.00,0.00,0.0,4.634,0.002,0.000,44.986,0.00
1786268467,ingest,0.00,0.00,0.0,4.634,0.002,0.000,44.986,0.00
1786268472,ingest,0.00,0.00,0.0,4.634,0.002,0.000,44.986,0.00
1786268477,ingest,0.00,0.00,0.0,4.634,0.002,0.000,44.987,0.00
1786268482,ingest,0.00,0.00,0.0,4.634,0.002,0.000,44.987,0.00
1786268487,ingest,0.00,0.00,0.0,4.634,0.002,0.000,44.987,0.00
1786268492,ingest,0.00,0.00,0.0,4.634,0.002,0.000,44.987,0.00
1786268497,ingest,0.00,0.00,0.0,4.634,0.002,0.000,44.987,0.00
1786268502,ingest,0.00,0.00,0.0,4.634,0.002,0.000,44.987,0.00
1786268507,ingest,0.00,0.00,0.0,4.634,0.002,0.000,44.987,0.00
1786268512,ingest,0.00,0.00,0.0,4.634,0.002,0.000,44.987,0.00
1786268517,ingest,0.00,0.00,0.0,4.634,0.002,0.000,44.987,0.00
1786268522,ingest,0.00,0.00,0.0,4.634,0.002,0.000,44.986,0.00
1786268527,ingest,0.00,0.00,0.0,4.634,0.002,0.000,44.986,0.00
1786268532,ingest,0.00,0.00,0.0,4.634,0.002,0.000,44.986,0.00
1786268537,ingest,0.00,0.00,0.0,4.634,0.002,0.000,44.987,0.00
1786268542,ingest,0.00,0.00,0.0,4.634,0.002,0.000,44.987,0.00
1786268547,ingest,0.00,0.00,0.0,4.634,0.002,0.000,44.987,0.00
1786268553,ingest,0.00,0.00,0.0,4.634,0.002,0.000,44.987,0.00
1786268558,ingest,0.00,0.00,0.0,4.634,0.002,0.000,44.987,0.00
1786268563,ingest,0.00,0.00,0.0,4.634,0.002,0.000,44.987,0.00
1786268568,ingest,0.00,0.00,0.0,4.634,0.002,0.000,44.987,0.00
1786268573,ingest,0.00,0.00,0.0,4.634,0.002,0.000,44.987,0.00
1786268578,ingest,0.00,0.00,0.0,4.634,0.002,0.000,44.987,0.00
1786268583,ingest,0.00,0.00,0.0,4.634,0.002,0.000,44.987,0.00
1786268588,ingest,0.00,0.00,0.0,4.634,0.002,0.000,44.987,0.00
1786268593,ingest,0.00,0.00,0.0,4.634,0.002,0.000,44.987,0.00
1786268598,ingest,0.00,0.00,0.0,4.634,0.002,0.000,44.986,0.00
1786268603,ingest,0.00,0.00,0.0,4.634,0.002,0.000,44.986,0.00
1786268608,ingest,0.00,0.00,0.0,4.634,0.002,0.000,44.986,0.00
1786268613,ingest,0.00,0.00,0.0,4.634,0.002,0.000,44.986,0.00
1786268618,ingest,0.00,0.00,0.0,4.634,0.002,0.000,44.986,0.00
1786268623,ingest,0.00,0.00,0.0,4.634,0.002,0.000,44.987,0.00
1786268628,ingest,0.00,0.00,0.0,4.634,0.002,0.000,44.987,0.00
1786268633,ingest,0.00,0.00,0.0,4.634,0.002,0.000,44.987,0.00
1786268638,ingest,0.00,0.00,0.0,4.634,0.002,0.000,44.987,0.00
1786268643,ingest,0.00,0.00,0.0,4.634,0.002,0.000,44.987,0.00
1786268649,ingest,0.00,0.00,0.0,4.634,0.002,0.000,44.987,0.00
1786268654,ingest,0.00,0.00,0.0,4.634,0.002,0.000,44.987,0.00
1786268659,ingest,0.00,0.00,0.0,4.634,0.002,0.000,44.987,0.00
1786268664,ingest,0.00,0.00,0.0,4.634,0.002,0.000,44.987,0.00
1786268669,ingest,0.00,0.00,0.0,4.634,0.002,0.000,44.987,0.00
1786268674,ingest,0.00,0.00,0.0,4.634,0.002,0.000,44.987,0.00
1786268679,ingest,0.00,0.00,0.0,4.634,0.002,0.000,44.987,0.00
1786268684,ingest,0.00,0.00,0.0,4.634,0.002,0.000,44.987,0.00
1786268689,ingest,0.00,0.00,0.0,4.634,0.002,0.000,44.987,0.00
1786268694,ingest,0.00,0.00,0.0,4.634,0.002,0.000,44.987,0.00
1786268699,ingest,0.00,0.00,0.0,4.634,0.002,0.000,44.987,0.00
1786268704,ingest,0.00,0.00,0.0,4.634,0.002,0.000,44.987,0.00
1786268709,ingest,0.00,0.00,0.0,4.634,0.002,0.000,44.987,0.00
1786268714,ingest,0.00,0.00,0.0,4.634,0.002,0.000,44.987,0.00
1786268719,ingest,0.00,0.00,0.0,4.634,0.002,0.000,44.987,0.00
1786268724,ingest,0.00,0.00,0.0,4.634,0.002,0.000,44.987,0.00
1786268729,ingest,0.00,0.00,0.0,4.634,0.002,0.000,44.987,0.00
1786268734,ingest,0.00,0.00,0.0,4.634,0.002,0.000,44.987,0.00
1786268739,ingest,0.00,0.00,0.0,4.634,0.002,0.000,44.987,0.00
1786268744,ingest,0.00,0.00,0.0,4.634,0.002,0.000,44.987,0.00
1786268749,ingest,0.00,0.00,0.0,4.634,0.002,0.000,44.987,0.00
1786268755,ingest,0.00,0.00,0.0,4.634,0.002,0.000,44.987,0.00
1786268760,ingest,0.00,0.00,0.0,4.634,0.002,0.000,44.987,0.00
1786268765,ingest,0.00,0.00,0.0,4.634,0.002,0.000,44.987,0.00
1786268770,ingest,0.00,0.00,0.0,4.634,0.002,0.000,44.987,0.00
1786268775,ingest,0.00,0.00,0.0,4.634,0.002,0.000,44.987,0.00
1786268780,ingest,0.00,0.00,0.0,4.634,0.002,0.000,44.987,0.00
1786268785,ingest,0.00,0.00,0.0,4.634,0.002,0.000,44.986,0.00
1786268790,ingest,0.00,0.00,0.0,4.634,0.002,0.000,44.986,0.00
1786268795,ingest,0.00,0.00,0.0,4.634,0.002,0.000,44.986,0.00
1786268800,ingest,0.00,0.00,0.0,4.634,0.002,0.000,44.986,0.00
1786268805,ingest,0.00,0.00,0.0,4.634,0.002,0.000,44.986,0.00
1786268810,ingest,0.00,0.00,0.0,4.634,0.002,0.000,44.987,0.00
1786268815,ingest,0.00,0.00,0.0,4.634,0.002,0.000,44.987,0.00
1786268820,ingest,0.00,0.00,0.0,4.634,0.002,0.000,44.987,0.00
1786268825,ingest,0.00,0.00,0.0,4.634,0.002,0.000,44.987,0.00
1786268830,ingest,0.00,0.00,0.0,4.634,0.002,0.000,44.987,0.00
1786268835,ingest,0.00,0.00,0.0,4.634,0.002,0.000,44.987,0.00
1786268840,ingest,0.00,0.00,0.0,4.634,0.002,0.000,44.988,0.00
1786268845,ingest,0.00,0.00,0.0,4.634,0.002,0.000,44.987,0.00
1786268851,ingest,0.00,0.00,0.0,4.634,0.002,0.000,44.987,0.00
1786268856,ingest,0.00,0.00,0.0,4.634,0.002,0.000,44.987,0.00
1786268861,ingest,0.00,0.00,0.0,4.634,0.002,0.000,44.987,0.00
1786268866,ingest,0.00,0.00,0.0,4.634,0.002,0.000,44.987,0.00
1786268871,ingest,0.00,0.00,0.0,4.634,0.002,0.000,44.987,0.00
1786268876,ingest,0.00,0.00,0.0,4.634,0.002,0.000,44.987,0.00
1786268881,ingest,0.00,0.00,0.0,4.634,0.002,0.000,44.987,0.00
1786268886,ingest,0.00,0.00,0.0,4.634,0.002,0.000,44.987,0.00
1786268891,ingest,0.00,0.00,0.0,4.634,0.002,0.000,44.987,0.00
1786268896,ingest,0.00,0.00,0.0,4.634,0.002,0.000,44.987,0.00
1786268901,ingest,0.00,0.00,0.0,4.634,0.002,0.000,44.987,0.00
1786268906,ingest,0.00,0.00,0.0,4.634,0.002,0.000,44.987,0.00
1786268911,ingest,0.00,0.00,0.0,4.634,0.002,0.000,44.987,0.00
1786268916,ingest,0.00,0.00,0.0,4.634,0.002,0.000,44.986,0.00
1786268921,ingest,0.00,0.00,0.0,4.634,0.002,0.000,44.986,0.00
1786268926,ingest,0.00,0.00,0.0,4.634,0.002,0.000,44.987,0.00
1786268931,ingest,0.00,0.00,0.0,4.634,0.002,0.000,44.987,0.00
1786268936,ingest,0.00,0.00,0.0,4.634,0.002,0.000,44.988,0.00
1786268941,ingest,0.00,0.00,0.0,4.634,0.002,0.000,44.987,0.00
1786268946,ingest,0.00,0.00,0.0,4.634,0.002,0.000,44.986,0.00
1786268952,ingest,0.00,0.00,0.0,4.634,0.002,0.000,44.986,0.00
1786268957,ingest,0.00,0.00,0.0,4.634,0.002,0.000,44.986,0.00
1786268962,ingest,0.00,0.00,0.0,4.634,0.002,0.000,44.986,0.00
1786268967,ingest,0.00,0.00,0.0,4.634,0.002,0.000,44.986,0.00
1786268972,ingest,0.00,0.00,0.0,4.634,0.002,0.000,44.986,0.00
1786268977,ingest,0.00,0.00,0.0,4.634,0.002,0.000,44.986,0.00
1786268982,ingest,0.00,0.00,0.0,4.634,0.002,0.000,44.986,0.00
1786268987,ingest,0.00,0.00,0.0,4.634,0.002,0.000,44.986,0.00
1786268992,ingest,0.00,0.00,0.0,4.634,0.002,0.000,44.986,0.00
1786268997,ingest,0.00,0.00,0.0,4.634,0.002,0.000,44.986,0.00
1786269002,ingest,0.00,0.00,0.0,4.634,0.002,0.000,44.986,0.00
1786269007,ingest,0.00,0.00,0.0,4.634,0.002,0.000,44.986,0.00
1786269012,ingest,0.00,0.00,0.0,4.634,0.002,0.000,44.986,0.00
1786269017,ingest,0.00,0.00,0.0,4.634,0.002,0.000,44.986,0.00
1786269022,ingest,0.00,0.00,0.0,4.634,0.002,0.000,44.986,0.00
1786269027,ingest,0.00,0.00,0.0,4.634,0.002,0.000,44.987,0.00
1786269032,ingest,0.00,0.00,0.0,4.634,0.002,0.000,44.987,0.00
1786269037,ingest,0.00,0.00,0.0,4.634,0.002,0.000,44.987,0.00
1786269042,ingest,0.00,0.00,0.0,4.634,0.002,0.000,44.987,0.00
1786269047,ingest,0.00,0.00,0.0,4.634,0.002,0.000,44.987,0.00
1786269053,ingest,0.00,0.00,0.0,4.634,0.002,0.000,44.987,0.00
1786269058,ingest,0.00,0.00,0.0,4.634,0.002,0.000,44.987,0.00
1786269063,ingest,0.00,0.00,0.0,4.634,0.002,0.000,44.987,0.00
1786269068,ingest,0.00,0.00,0.0,4.634,0.002,0.000,44.987,0.00
1786269073,ingest,0.00,0.00,0.0,4.634,0.002,0.000,44.987,0.00
1786269078,ingest,0.00,0.00,0.0,4.634,0.002,0.000,44.987,0.00
1786269083,ingest,0.00,0.00,0.0,4.634,0.002,0.000,44.987,0.00
1786269088,ingest,0.00,0.00,0.0,4.634,0.002,0.000,44.987,0.00
1786269093,ingest,0.00,0.00,0.0,4.634,0.002,0.000,44.987,0.00
1786269098,ingest,0.00,0.00,0.0,4.634,0.002,0.000,44.986,0.00
1786269103,ingest,0.00,0.00,0.0,4.634,0.002,0.000,44.987,0.00
1786269108,ingest,0.00,0.00,0.0,4.634,0.002,0.000,44.987,0.00
1786269113,ingest,0.00,0.00,0.0,4.634,0.002,0.000,44.987,0.00
1786269118,ingest,0.00,0.00,0.0,4.634,0.002,0.000,44.987,0.00
1786269123,ingest,0.00,0.00,0.0,4.634,0.002,0.000,44.987,0.00
1786269128,ingest,0.00,0.00,0.0,4.634,0.002,0.000,44.987,0.00
1786269133,ingest,0.00,0.00,0.0,4.634,0.002,0.000,44.987,0.00
1786269138,ingest,0.00,0.00,0.0,4.634,0.002,0.000,44.987,0.00
1786269143,ingest,0.00,0.00,0.0,4.634,0.002,0.000,44.987,0.00
1786269148,ingest,0.00,0.00,0.0,4.634,0.002,0.000,44.987,0.00
1786269154,ingest,0.00,0.00,0.0,4.634,0.002,0.000,44.987,0.00
1786269159,ingest,0.00,0.00,0.0,4.634,0.002,0.000,44.987,0.00
1786269164,ingest,0.00,0.00,0.0,4.634,0.002,0.000,44.987,0.00
1786269169,ingest,0.00,0.00,0.0,4.634,0.002,0.000,44.987,0.00
1786269174,ingest,0.00,0.00,0.0,4.634,0.002,0.000,44.987,0.00
1786269179,ingest,0.00,0.00,0.0,4.634,0.002,0.000,44.987,0.00
1786269184,ingest,0.00,0.00,0.0,4.634,0.002,0.000,44.987,0.00
1786269189,ingest,0.00,0.00,0.0,4.634,0.002,0.000,44.987,0.00
1786269194,ingest,0.00,0.00,0.0,4.634,0.002,0.000,44.987,0.00
1786269199,ingest,0.00,0.00,0.0,4.634,0.002,0.000,44.987,0.00
1786269204,ingest,0.00,0.00,0.0,4.634,0.002,0.000,44.987,0.00
1786269209,ingest,0.00,0.00,0.0,4.634,0.002,0.000,44.987,0.00
1786269214,ingest,0.00,0.00,0.0,4.634,0.002,0.000,44.987,0.00
1786269219,ingest,0.00,0.00,0.0,4.634,0.002,0.000,44.988,0.00
1786269224,ingest,0.00,0.00,0.0,4.634,0.002,0.000,44.988,0.00
1786269229,ingest,0.00,0.00,0.0,4.634,0.002,0.000,44.987,0.00
1786269234,ingest,0.00,0.00,0.0,4.634,0.002,0.000,44.989,0.00
1786269239,ingest,0.00,0.00,0.0,4.634,0.002,0.000,44.989,0.00
1786269244,ingest,0.00,0.00,0.0,4.634,0.002,0.000,44.988,0.00
1786269249,ingest,0.00,0.00,0.0,4.634,0.002,0.000,44.988,0.00
1786269255,ingest,0.00,0.00,0.0,4.634,0.002,0.000,44.988,0.00
1786269260,ingest,0.00,0.00,0.0,4.634,0.002,0.000,44.988,0.00
1786269265,ingest,0.00,0.00,0.0,4.634,0.002,0.000,44.988,0.00
1786269270,ingest,0.00,0.00,0.0,4.634,0.002,0.000,44.988,0.00
1786269275,ingest,0.00,0.00,0.0,4.634,0.002,0.000,44.988,0.00
1786269280,ingest,0.00,0.00,0.0,4.634,0.002,0.000,44.988,0.00
1786269285,ingest,0.00,0.00,0.0,4.634,0.002,0.000,44.988,0.00
1786269290,ingest,0.00,0.00,0.0,4.634,0.002,0.000,44.988,0.00
1786269295,ingest,0.00,0.00,0.0,4.634,0.002,0.000,44.988,0.00
1786269300,ingest,0.00,0.00,0.0,4.634,0.002,0.000,44.988,0.00
1786269305,ingest,0.00,0.00,0.0,4.634,0.002,0.000,44.987,0.00
1786269310,ingest,0.00,0.00,0.0,4.634,0.002,0.000,44.987,0.00
1786269315,ingest,0.00,0.00,0.0,4.634,0.002,0.000,44.987,0.00
1786269320,ingest,0.00,0.00,0.0,4.634,0.002,0.000,44.987,0.00
1786269325,ingest,0.00,0.00,0.0,4.634,0.002,0.000,44.987,0.00
1786269330,ingest,0.00,0.00,0.0,4.634,0.002,0.000,44.987,0.00
1786269335,ingest,0.00,0.00,0.0,4.634,0.002,0.000,44.987,0.00
1786269340,ingest,0.00,0.00,0.0,4.634,0.002,0.000,44.987,0.00
1786269345,ingest,0.00,0.00,0.0,4.634,0.002,0.000,44.987,0.00
1786269350,ingest,0.00,0.00,0.0,4.634,0.002,0.000,44.987,0.00
1786269356,ingest,0.00,0.00,0.0,4.634,0.002,0.000,44.987,0.00
1786269361,ingest,0.00,0.00,0.0,4.634,0.002,0.000,44.987,0.00
1786269366,ingest,0.00,0.00,0.0,4.634,0.002,0.000,44.987,0.00
1786269371,ingest,0.00,0.00,0.0,4.634,0.002,0.000,44.988,0.00
1786269376,ingest,0.00,0.00,0.0,4.634,0.002,0.000,44.988,0.00
1786269381,ingest,0.00,0.00,0.0,4.634,0.002,0.000,44.988,0.00
1786269386,ingest,0.00,0.00,0.0,4.634,0.002,0.000,44.988,0.00
1786269391,ingest,0.00,0.00,0.0,4.634,0.002,0.000,44.987,0.00
1786269396,ingest,0.00,0.00,0.0,4.634,0.002,0.000,44.987,0.00
1786269401,ingest,0.00,0.00,0.0,4.634,0.002,0.000,44.987,0.00
1786269406,ingest,0.00,0.00,0.0,4.634,0.002,0.000,44.988,0.00
1786269411,ingest,0.00,0.00,0.0,4.634,0.002,0.000,44.988,0.00
1786269416,ingest,0.00,0.00,0.0,4.634,0.002,0.000,44.988,0.00
1786269421,ingest,0.00,0.00,0.0,4.634,0.002,0.000,44.988,0.00
1786269426,ingest,0.00,0.00,0.0,4.634,0.002,0.000,44.988,0.00
1786269431,ingest,0.00,0.00,0.0,4.634,0.002,0.000,44.988,0.00
1786269436,ingest,0.00,0.00,0.0,4.634,0.002,0.000,44.988,0.00
1786269441,ingest,0.00,0.00,0.0,4.634,0.002,0.000,44.988,0.00
1786269446,ingest,0.00,0.00,0.0,4.634,0.002,0.000,44.988,0.00
1786269451,ingest,0.00,0.00,0.0,4.634,0.002,0.000,44.988,0.00
1786269457,ingest,0.00,0.00,0.0,4.634,0.002,0.000,44.988,0.00
1786269462,ingest,0.00,0.00,0.0,4.634,0.002,0.000,44.988,0.00
1786269467,ingest,0.00,0.00,0.0,4.634,0.002,0.000,44.988,0.00
1786269472,ingest,0.00,0.00,0.0,4.634,0.002,0.000,44.988,0.00
1786269477,ingest,0.00,0.00,0.0,4.634,0.002,0.000,44.988,0.00
1786269482,ingest,0.00,0.00,0.0,4.634,0.002,0.000,44.988,0.00
1786269487,ingest,0.00,0.00,0.0,4.634,0.002,0.000,44.988,0.00
1786269492,ingest,0.00,0.00,0.0,4.634,0.002,0.000,44.988,0.00
1786269497,ingest,0.00,0.00,0.0,4.634,0.002,0.000,44.988,0.00
1786269502,ingest,0.00,0.00,0.0,4.634,0.002,0.000,44.988,0.00
1786269507,ingest,0.00,0.00,0.0,4.634,0.002,0.000,44.988,0.00
1786269512,ingest,0.00,0.00,0.0,4.634,0.002,0.000,44.988,0.00
1786269517,ingest,0.00,0.00,0.0,4.634,0.002,0.000,44.988,0.00
1786269522,ingest,0.00,0.00,0.0,4.634,0.002,0.000,44.988,0.00
1786269527,ingest,0.00,0.00,0.0,4.634,0.002,0.000,44.988,0.00
1786269532,ingest,0.00,0.00,0.0,4.634,0.002,0.000,44.988,0.00
1786269537,ingest,0.00,0.00,0.0,4.634,0.002,0.000,44.988,0.00
1786269542,ingest,0.00,0.00,0.0,4.634,0.002,0.000,44.988,0.00
1786269547,ingest,0.00,0.00,0.0,4.634,0.002,0.000,44.988,0.00
1786269552,ingest,0.00,0.00,0.0,4.634,0.002,0.000,44.988,0.00
1786269558,ingest,0.00,0.00,0.0,4.634,0.002,0.000,44.988,0.00
1786269563,ingest,0.00,0.00,0.0,4.634,0.002,0.000,44.988,0.00
1786269568,ingest,0.00,0.00,0.0,4.634,0.002,0.000,44.988,0.00
1786269573,ingest,0.00,0.00,0.0,4.634,0.002,0.000,44.988,0.00
1786269578,ingest,0.00,0.00,0.0,4.634,0.002,0.000,44.988,0.00
1786269583,ingest,0.00,0.00,0.0,4.634,0.002,0.000,44.988,0.00
1786269588,ingest,0.00,0.00,0.0,4.634,0.002,0.000,44.988,0.00
1786269593,ingest,0.00,0.00,0.0,4.634,0.002,0.000,44.988,0.00
1786269598,ingest,0.00,0.00,0.0,4.634,0.002,0.000,44.988,0.00
1786269603,ingest,0.00,0.00,0.0,4.634,0.002,0.000,44.988,0.00
1786269608,ingest,0.00,0.00,0.0,4.634,0.002,0.000,44.988,0.00
1786269613,ingest,0.00,0.00,0.0,4.634,0.002,0.000,44.987,0.00
1786269618,ingest,0.00,0.00,0.0,4.634,0.002,0.000,44.987,0.00
1786269623,ingest,0.00,0.00,0.0,4.634,0.002,0.000,44.987,0.00
1786269628,ingest,0.00,0.00,0.0,4.634,0.002,0.000,44.987,0.00
1786269633,ingest,0.00,0.00,0.0,4.634,0.002,0.000,44.987,0.00
1786269638,ingest,0.00,0.00,0.0,4.634,0.002,0.000,44.987,0.00
1786269643,ingest,0.00,0.00,0.0,4.634,0.002,0.000,44.987,0.00
1786269648,ingest,0.00,0.00,0.0,4.634,0.002,0.000,44.987,0.00
1786269653,ingest,0.00,0.00,0.0,4.634,0.002,0.000,44.987,0.00
1786269659,ingest,0.00,0.00,0.0,4.634,0.002,0.000,44.987,0.00
1786269664,ingest,0.00,0.00,0.0,4.634,0.002,0.000,44.987,0.00
1786269669,ingest,0.00,0.00,0.0,4.634,0.002,0.000,44.987,0.00
1786269674,ingest,0.00,0.00,0.0,4.634,0.002,0.000,44.987,0.00
1786269679,ingest,0.00,0.00,0.0,4.634,0.002,0.000,44.987,0.00
1786269684,ingest,0.00,0.00,0.0,4.634,0.002,0.000,44.987,0.00
1786269689,ingest,0.00,0.00,0.0,4.634,0.002,0.000,44.987,0.00
1786269694,ingest,0.00,0.00,0.0,4.634,0.002,0.000,44.987,0.00
1786269699,ingest,0.00,0.00,0.0,4.634,0.002,0.000,44.987,0.00
1786269704,ingest,0.00,0.00,0.0,4.634,0.002,0.000,44.987,0.00
1786269709,ingest,0.00,0.00,0.0,4.634,0.002,0.000,44.987,0.00
1786269714,ingest,0.00,0.00,0.0,4.634,0.002,0.000,44.987,0.00
1786269719,ingest,0.00,0.00,0.0,4.634,0.002,0.000,44.987,0.00
1786269724,ingest,0.00,0.00,0.0,4.634,0.002,0.000,44.987,0.00
1786269729,ingest,0.00,0.00,0.0,4.634,0.002,0.000,44.987,0.00
1786269734,ingest,0.00,0.00,0.0,4.634,0.002,0.000,44.987,0.00
1786269739,ingest,0.00,0.00,0.0,4.634,0.002,0.000,44.987,0.00
1786269744,ingest,0.00,0.00,0.0,4.634,0.002,0.000,44.987,0.00
1786269749,ingest,0.00,0.00,0.0,4.634,0.002,0.000,44.987,0.00
1786269754,ingest,0.00,0.00,0.0,4.634,0.002,0.000,44.987,0.00
1786269760,ingest,0.00,0.00,0.0,4.634,0.002,0.000,44.987,0.00
1786269765,ingest,0.00,0.00,0.0,4.634,0.002,0.000,44.987,0.00
1786269770,ingest,0.00,0.00,0.0,4.634,0.002,0.000,44.987,0.00
1786269775,ingest,0.00,0.00,0.0,4.634,0.002,0.000,44.987,0.00
1786269780,ingest,0.00,0.00,0.0,4.634,0.002,0.000,44.987,0.00
1786269785,ingest,0.00,0.00,0.0,4.634,0.002,0.000,44.987,0.00
1786269790,ingest,0.00,0.00,0.0,4.634,0.002,0.000,44.987,0.00
1786269795,ingest,0.00,0.00,0.0,4.634,0.002,0.000,44.987,0.00
1786269800,ingest,0.00,0.00,0.0,4.634,0.002,0.000,44.987,0.00
1786269805,ingest,0.00,0.00,0.0,4.634,0.002,0.000,44.987,0.00
1786269810,ingest,0.00,0.00,0.0,4.634,0.002,0.000,44.987,0.00
1786269815,ingest,0.00,0.00,0.0,4.634,0.002,0.000,44.987,0.00
1786269820,ingest,0.00,0.00,0.0,4.634,0.002,0.000,44.987,0.00
1786269825,ingest,0.00,0.00,0.0,4.634,0.002,0.000,44.987,0.00
1786269830,ingest,0.00,0.00,0.0,4.634,0.002,0.000,44.987,0.00
1786269835,ingest,0.00,0.00,0.0,4.634,0.002,0.000,44.987,0.00
1786269840,ingest,0.00,0.00,0.0,4.634,0.002,0.000,44.987,0.00
1786269845,ingest,0.00,0.00,0.0,4.634,0.002,0.000,44.987,0.00
1786269850,ingest,0.00,0.00,0.0,4.634,0.002,0.000,44.987,0.00
1786269855,ingest,0.00,0.00,0.0,4.634,0.002,0.000,44.987,0.00
1786269861,ingest,0.00,0.00,0.0,4.634,0.002,0.000,44.987,0.00
1786269866,ingest,0.00,0.00,0.0,4.634,0.002,0.000,44.987,0.00
1786269871,ingest,0.00,0.00,0.0,4.634,0.002,0.000,44.987,0.00
1786269876,ingest,0.00,0.00,0.0,4.634,0.002,0.000,44.987,0.00
1786269881,ingest,0.00,0.00,0.0,4.634,0.002,0.000,44.987,0.00
1786269886,ingest,0.00,0.00,0.0,4.634,0.002,0.000,44.987,0.00
1786269891,ingest,0.00,0.00,0.0,4.634,0.002,0.000,44.987,0.00
1786269896,ingest,0.00,0.00,0.0,4.634,0.002,0.000,44.987,0.00
1786269901,ingest,0.00,0.00,0.0,4.634,0.002,0.000,44.987,0.00
1786269906,ingest,0.00,0.00,0.0,4.634,0.002,0.000,44.987,0.00
1786269911,ingest,0.00,0.00,0.0,4.634,0.002,0.000,44.987,0.00
1786269916,ingest,0.00,0.00,0.0,4.634,0.002,0.000,44.987,0.00
1786269921,ingest,0.00,0.00,0.0,4.634,0.002,0.000,44.987,0.00
1786269926,ingest,0.00,0.00,0.0,4.634,0.002,0.000,44.987,0.00
1786269931,ingest,0.00,0.00,0.0,4.634,0.002,0.000,44.987,0.00
1786269936,ingest,0.00,0.00,0.0,4.634,0.002,0.000,44.987,0.00
1786269941,ingest,0.00,0.00,0.0,4.634,0.002,0.000,44.987,0.00
1786269946,ingest,0.00,0.00,0.0,4.634,0.002,0.000,44.987,0.00
1786269951,ingest,0.00,0.00,0.0,4.634,0.002,0.000,44.987,0.00
1786269956,ingest,0.00,0.00,0.0,4.634,0.002,0.000,44.987,0.00
1786269962,ingest,0.00,0.00,0.0,4.634,0.002,0.000,44.987,0.00
1786269967,ingest,0.00,0.00,0.0,4.634,0.002,0.000,44.987,0.00
1786269972,ingest,0.00,0.00,0.0,4.634,0.002,0.000,44.987,0.00
1786269977,ingest,0.00,0.00,0.0,4.634,0.002,0.000,44.987,0.00
1786269982,ingest,0.00,0.00,0.0,4.634,0.002,0.000,44.987,0.00
1786269987,ingest,0.00,0.00,0.0,4.634,0.002,0.000,44.987,0.00
1786269992,ingest,0.00,0.00,0.0,4.634,0.002,0.000,44.987,0.00
1786269997,ingest,0.00,0.00,0.0,4.634,0.002,0.000,44.987,0.00
1786270002,ingest,0.00,0.00,0.0,4.634,0.002,0.000,44.987,0.00
1786270007,ingest,0.00,0.00,0.0,4.634,0.002,0.000,44.987,0.00
1786270012,ingest,0.00,0.00,0.0,4.634,0.002,0.000,44.987,0.00
1786270017,ingest,0.00,0.00,0.0,4.634,0.002,0.000,44.987,0.00
1786270022,ingest,0.00,0.00,0.0,4.634,0.002,0.000,44.987,0.00
1786270027,ingest,0.00,0.00,0.0,4.634,0.002,0.000,44.987,0.00
1786270032,ingest,0.00,0.00,0.0,4.634,0.002,0.000,44.987,0.00
1786270037,ingest,0.00,0.00,0.0,4.634,0.002,0.000,44.987,0.00
1786270042,ingest,0.00,0.00,0.0,4.634,0.002,0.000,44.987,0.00
1786270047,ingest,0.00,0.00,0.0,4.634,0.002,0.000,44.987,0.00
1786270052,ingest,0.00,0.00,0.0,4.634,0.002,0.000,44.987,0.00
1786270057,ingest,0.00,0.00,0.0,4.634,0.002,0.000,44.987,0.00
1786270063,ingest,0.00,0.00,0.0,4.634,0.002,0.000,44.987,0.00
1786270068,ingest,0.00,0.00,0.0,4.634,0.002,0.000,44.987,0.00
1786270073,ingest,0.00,0.00,0.0,4.634,0.002,0.000,44.987,0.00
1786270078,ingest,0.00,0.00,0.0,4.634,0.002,0.000,44.987,0.00
1786270083,ingest,0.00,0.00,0.0,4.634,0.002,0.000,44.987,0.00
1786270088,ingest,0.00,0.00,0.0,4.634,0.002,0.000,44.987,0.00
1786270093,ingest,0.00,0.00,0.0,4.634,0.002,0.000,44.987,0.00
1786270098,ingest,0.00,0.00,0.0,4.634,0.002,0.000,44.987,0.00
1786270103,ingest,0.00,0.00,0.0,4.634,0.002,0.000,44.987,0.00
1786270108,ingest,0.00,0.00,0.0,4.634,0.002,0.000,44.987,0.00
1786270113,ingest,0.00,0.00,0.0,4.634,0.002,0.000,44.987,0.00
1786270118,ingest,0.00,0.00,0.0,4.634,0.002,0.000,44.987,0.00
1786270123,ingest,0.00,0.00,0.0,4.634,0.002,0.000,44.987,0.00
1786270128,ingest,0.00,0.00,0.0,4.634,0.002,0.000,44.987,0.00
1786270133,ingest,0.00,0.00,0.0,4.634,0.002,0.000,44.987,0.00
1786270138,ingest,0.00,0.00,0.0,4.634,0.002,0.000,44.988,0.00
1786270143,ingest,0.00,0.00,0.0,4.634,0.002,0.000,44.987,0.00
1786270148,ingest,0.00,0.00,0.0,4.634,0.002,0.000,44.987,0.00
1786270153,ingest,0.00,0.00,0.0,4.634,0.002,0.000,44.988,0.00
1786270158,ingest,0.00,0.00,0.0,4.634,0.002,0.000,44.988,0.00
1786270164,ingest,0.00,0.00,0.0,4.634,0.002,0.000,44.988,0.00
1786270169,ingest,0.00,0.00,0.0,4.634,0.002,0.000,44.988,0.00
1786270174,ingest,0.00,0.00,0.0,4.634,0.002,0.000,44.988,0.00
1786270179,ingest,0.00,0.00,0.0,4.634,0.002,0.000,44.988,0.00
1786270184,ingest,0.00,0.00,0.0,4.634,0.002,0.000,44.988,0.00
1786270189,ingest,0.00,0.00,0.0,4.634,0.002,0.000,44.988,0.00
1786270194,ingest,0.00,0.00,0.0,4.634,0.002,0.000,44.988,0.00
1786270199,ingest,0.00,0.00,0.0,4.634,0.002,0.000,44.988,0.00
1786270204,ingest,0.00,0.00,0.0,4.634,0.002,0.000,44.988,0.00
1786270209,ingest,0.00,0.00,0.0,4.634,0.002,0.000,44.988,0.00
1786270214,ingest,0.00,0.00,0.0,4.634,0.002,0.000,44.988,0.00
1786270219,ingest,0.00,0.00,0.0,4.634,0.002,0.000,44.988,0.00
1786270224,ingest,0.00,0.00,0.0,4.634,0.002,0.000,44.988,0.00
1786270229,ingest,0.00,0.00,0.0,4.634,0.002,0.000,44.988,0.00
1786270234,ingest,0.00,0.00,0.0,4.634,0.002,0.000,44.988,0.00
1786270239,ingest,0.00,0.00,0.0,4.634,0.002,0.000,44.988,0.00
1786270244,ingest,0.00,0.00,0.0,4.634,0.002,0.000,44.988,0.00
1786270249,ingest,0.00,0.00,0.0,4.634,0.002,0.000,44.988,0.00
1786270254,ingest,0.00,0.00,0.0,4.634,0.002,0.000,44.988,0.00
1786270259,ingest,0.00,0.00,0.0,4.634,0.002,0.000,44.988,0.00
1786270265,ingest,0.00,0.00,0.0,4.634,0.002,0.000,44.988,0.00
1786270270,ingest,0.00,0.00,0.0,4.634,0.002,0.000,44.988,0.00
1786270275,ingest,0.00,0.00,0.0,4.634,0.002,0.000,44.988,0.00
1786270280,ingest,0.00,0.00,0.0,4.634,0.002,0.000,44.988,0.00
1786270285,ingest,0.00,0.00,0.0,4.634,0.002,0.000,44.988,0.00
1786270290,ingest,0.00,0.00,0.0,4.634,0.002,0.000,44.988,0.00
1786270295,ingest,0.00,0.00,0.0,4.634,0.002,0.000,44.988,0.00
1786270300,ingest,0.00,0.00,0.0,4.634,0.002,0.000,44.988,0.00
1786270305,ingest,0.00,0.00,0.0,4.634,0.002,0.000,44.988,0.00
1786270310,ingest,0.00,0.00,0.0,4.634,0.002,0.000,44.988,0.00
1786270315,ingest,0.00,0.00,0.0,4.634,0.002,0.000,44.988,0.00
1786270320,ingest,0.00,0.00,0.0,4.634,0.002,0.000,44.988,0.00
1786270325,ingest,0.00,0.00,0.0,4.634,0.002,0.000,44.988,0.00
1786270330,ingest,0.00,0.00,0.0,4.634,0.002,0.000,44.988,0.00
1786270335,ingest,0.00,0.00,0.0,4.634,0.002,0.000,44.988,0.00
1786270340,ingest,0.00,0.00,0.0,4.634,0.002,0.000,44.988,0.00
1786270345,ingest,0.00,0.00,0.0,4.634,0.002,0.000,44.988,0.00
1786270350,ingest,0.00,0.00,0.0,4.634,0.002,0.000,44.988,0.00
1786270355,ingest,0.00,0.00,0.0,4.634,0.002,0.000,44.988,0.00
1786270360,ingest,0.00,0.00,0.0,4.634,0.002,0.000,44.988,0.00
1786270366,ingest,0.00,0.00,0.0,4.634,0.002,0.000,44.989,0.00
1786270371,ingest,0.00,0.00,0.0,4.634,0.002,0.000,44.988,0.00
1786270376,ingest,0.00,0.00,0.0,4.634,0.002,0.000,44.988,0.00
1786270381,ingest,0.00,0.00,0.0,4.634,0.002,0.000,44.988,0.00
1786270386,ingest,0.00,0.00,0.0,4.634,0.002,0.000,44.988,0.00
1786270391,ingest,0.00,0.00,0.0,4.634,0.002,0.000,44.988,0.00
1786270396,ingest,0.00,0.00,0.0,4.634,0.002,0.000,44.988,0.00
1786270401,ingest,0.00,0.00,0.0,4.634,0.002,0.000,44.988,0.00
1786270406,ingest,0.00,0.00,0.0,4.634,0.002,0.000,44.988,0.00
1786270411,ingest,0.00,0.00,0.0,4.634,0.002,0.000,44.988,0.00
1786270416,ingest,0.00,0.00,0.0,4.634,0.002,0.000,44.988,0.00
1786270421,ingest,0.00,0.00,0.0,4.634,0.002,0.000,44.988,0.00
1786270426,ingest,0.00,0.00,0.0,4.634,0.002,0.000,44.988,0.00
1786270431,ingest,0.00,0.00,0.0,4.634,0.002,0.000,44.988,0.00
1786270436,ingest,0.00,0.00,0.0,4.634,0.002,0.000,44.988,0.00
1786270441,ingest,0.00,0.00,0.0,4.634,0.002,0.000,44.988,0.00
1786270446,ingest,0.00,0.00,0.0,4.634,0.002,0.000,44.988,0.00
1786270451,ingest,0.00,0.00,0.0,4.634,0.002,0.000,44.987,0.00
1786270456,ingest,0.00,0.00,0.0,4.634,0.002,0.000,44.987,0.00
1786270461,ingest,0.00,0.00,0.0,4.634,0.002,0.000,44.987,0.00
1786270467,ingest,0.00,0.00,0.0,4.634,0.002,0.000,44.987,0.00
1786270472,ingest,0.00,0.00,0.0,4.634,0.002,0.000,44.987,0.00
1786270477,ingest,0.00,0.00,0.0,4.634,0.002,0.000,44.988,0.00
1786270482,ingest,0.00,0.00,0.0,4.634,0.002,0.000,44.988,0.00
1786270487,ingest,0.00,0.00,0.0,4.634,0.002,0.000,44.988,0.00
1786270492,ingest,0.00,0.00,0.0,4.634,0.002,0.000,44.990,0.00
1786270497,ingest,0.00,0.00,0.0,4.634,0.002,0.000,44.988,0.00
1786270502,ingest,0.00,0.00,0.0,4.634,0.002,0.000,44.988,0.00
1786270507,ingest,0.00,0.00,0.0,4.634,0.002,0.000,44.988,0.00
1786270512,ingest,0.00,0.00,0.0,4.634,0.002,0.000,44.988,0.00
1786270517,ingest,0.00,0.00,0.0,4.634,0.002,0.000,44.988,0.00
1786270522,ingest,0.00,0.00,0.0,4.634,0.002,0.000,44.988,0.00
1786270527,ingest,0.00,0.00,0.0,4.634,0.002,0.000,44.987,0.00
1786270532,ingest,0.00,0.00,0.0,4.634,0.002,0.000,44.987,0.00
1786270537,ingest,0.00,0.00,0.0,4.634,0.002,0.000,44.987,0.00
1786270542,ingest,0.00,0.00,0.0,4.634,0.002,0.000,44.987,0.00
1786270547,ingest,0.00,0.00,0.0,4.634,0.002,0.000,44.987,0.00
1786270552,ingest,0.00,0.00,0.0,4.634,0.002,0.000,44.987,0.00
1786270557,ingest,0.00,0.00,0.0,4.634,0.002,0.000,44.987,0.00
1786270562,ingest,0.00,0.00,0.0,4.634,0.002,0.000,44.987,0.00
1786270568,ingest,0.00,0.00,0.0,4.634,0.002,0.000,44.987,0.00
1786270573,ingest,0.00,0.00,0.0,4.634,0.002,0.000,44.987,0.00
1786270578,ingest,0.00,0.00,0.0,4.634,0.002,0.000,44.987,0.00
1786270583,ingest,0.00,0.00,0.0,4.634,0.002,0.000,44.987,0.00
1786270588,ingest,0.00,0.00,0.0,4.634,0.002,0.000,44.987,0.00
1786270593,ingest,0.00,0.00,0.0,4.634,0.002,0.000,44.987,0.00
1786270598,ingest,0.00,0.00,0.0,4.634,0.002,0.000,44.987,0.00
1786270603,ingest,0.00,0.00,0.0,4.634,0.002,0.000,44.987,0.00
1786270608,ingest,0.00,0.00,0.0,4.634,0.002,0.000,44.987,0.00
1786270613,ingest,0.00,0.00,0.0,4.634,0.002,0.000,44.987,0.00
1786270618,ingest,0.00,0.00,0.0,4.634,0.002,0.000,44.987,0.00
1786270623,ingest,0.00,0.00,0.0,4.634,0.002,0.000,44.987,0.00
1786270628,ingest,0.00,0.00,0.0,4.634,0.002,0.000,44.987,0.00
1786270633,ingest,0.00,0.00,0.0,4.634,0.002,0.000,44.987,0.00
1786270638,ingest,0.00,0.00,0.0,4.634,0.002,0.000,44.987,0.00
1786270643,ingest,0.00,0.00,0.0,4.634,0.002,0.000,44.987,0.00
1786270648,ingest,0.00,0.00,0.0,4.634,0.002,0.000,44.987,0.00
1786270653,ingest,0.00,0.00,0.0,4.634,0.002,0.000,44.987,0.00
1786270658,ingest,0.00,0.00,0.0,4.634,0.002,0.000,44.987,0.00
1786270663,ingest,0.00,0.00,0.0,4.634,0.002,0.000,44.987,0.00
1786270669,ingest,0.00,0.00,0.0,4.634,0.002,0.000,44.987,0.00
1786270674,ingest,0.00,0.00,0.0,4.634,0.002,0.000,44.986,0.00
1786270679,ingest,0.00,0.00,0.0,4.634,0.002,0.000,44.986,0.00
1786270684,ingest,0.00,0.00,0.0,4.634,0.002,0.000,44.986,0.00
1786270689,ingest,0.00,0.00,0.0,4.634,0.002,0.000,44.986,0.00
1786270694,ingest,0.00,0.00,0.0,4.634,0.002,0.000,44.986,0.00
1786270699,ingest,0.00,0.00,0.0,4.634,0.002,0.000,44.986,0.00
1786270704,ingest,0.00,0.00,0.0,4.634,0.002,0.000,44.986,0.00
1786270709,ingest,0.00,0.00,0.0,4.634,0.002,0.000,44.986,0.00
1786270714,ingest,0.00,0.00,0.0,4.634,0.002,0.000,44.986,0.00
1786270719,ingest,0.00,0.00,0.0,4.634,0.002,0.000,44.986,0.00
1786270724,ingest,0.00,0.00,0.0,4.634,0.002,0.000,44.986,0.00
1786270729,ingest,0.00,0.00,0.0,4.634,0.002,0.000,44.986,0.00
1786270734,ingest,0.00,0.00,0.0,4.634,0.002,0.000,44.986,0.00
1786270739,ingest,0.00,0.00,0.0,4.634,0.002,0.000,44.986,0.00
1786270744,ingest,0.00,0.00,0.0,4.634,0.002,0.000,44.986,0.00
1786270749,ingest,0.00,0.00,0.0,4.634,0.002,0.000,44.986,0.00
1786270754,ingest,0.00,0.00,0.0,4.634,0.002,0.000,44.986,0.00
1786270759,ingest,0.00,0.00,0.0,4.634,0.002,0.000,44.986,0.00
1786270764,ingest,0.00,0.00,0.0,4.634,0.002,0.000,44.986,0.00
1786270770,ingest,0.00,0.00,0.0,4.634,0.002,0.000,44.986,0.00
1786270775,ingest,0.00,0.00,0.0,4.634,0.002,0.000,44.986,0.00
1786270780,ingest,0.00,0.00,0.0,4.634,0.002,0.000,44.986,0.00
1786270785,ingest,0.00,0.00,0.0,4.634,0.002,0.000,44.986,0.00
1786270790,ingest,0.00,0.00,0.0,4.634,0.002,0.000,44.986,0.00
1786270795,ingest,0.00,0.00,0.0,4.634,0.002,0.000,44.987,0.00
1786270800,ingest,0.00,0.00,0.0,4.634,0.002,0.000,44.987,0.00
1786270805,ingest,0.00,0.00,0.0,4.634,0.002,0.000,44.987,0.00
1786270810,ingest,0.00,0.00,0.0,4.634,0.002,0.000,44.987,0.00
1786270815,ingest,0.00,0.00,0.0,4.634,0.002,0.000,44.987,0.00
1786270820,ingest,0.00,0.00,0.0,4.634,0.002,0.000,44.986,0.00
1786270825,ingest,0.00,0.00,0.0,4.634,0.002,0.000,44.987,0.00
1786270830,ingest,0.00,0.00,0.0,4.634,0.002,0.000,44.987,0.00
1786270835,ingest,0.00,0.00,0.0,4.634,0.002,0.000,44.987,0.00
1786270840,ingest,0.00,0.00,0.0,4.634,0.002,0.000,44.987,0.00
1786270845,ingest,0.00,0.00,0.0,4.634,0.002,0.000,44.987,0.00
1786270850,ingest,0.00,0.00,0.0,4.634,0.002,0.000,44.987,0.00
1786270855,ingest,0.00,0.00,0.0,4.634,0.002,0.000,44.986,0.00
1786270860,ingest,0.00,0.00,0.0,4.634,0.002,0.000,44.986,0.00
1786270865,ingest,0.00,0.00,0.0,4.634,0.002,0.000,44.986,0.00
1786270871,ingest,0.00,0.00,0.0,4.634,0.002,0.000,44.986,0.00
1786270876,ingest,0.00,0.00,0.0,4.634,0.002,0.000,44.986,0.00
1786270881,ingest,0.00,0.00,0.0,4.634,0.002,0.000,44.986,0.00
1786270886,ingest,0.00,0.00,0.0,4.634,0.002,0.000,44.986,0.00
1786270891,ingest,0.00,0.00,0.0,4.634,0.002,0.000,44.986,0.00
1786270896,ingest,0.00,0.00,0.0,4.634,0.002,0.000,44.986,0.00
1786270901,ingest,0.00,0.00,0.0,4.634,0.002,0.000,44.986,0.00
1786270906,ingest,0.00,0.00,0.0,4.634,0.002,0.000,44.986,0.00
1786270911,ingest,0.00,0.00,0.0,4.634,0.002,0.000,44.986,0.00
1786270916,ingest,0.00,0.00,0.0,4.634,0.002,0.000,44.986,0.00
1786270921,ingest,0.00,0.00,0.0,4.634,0.002,0.000,44.986,0.00
1786270926,ingest,0.00,0.00,0.0,4.634,0.002,0.000,44.986,0.00
1786270931,ingest,0.00,0.00,0.0,4.634,0.002,0.000,44.986,0.00
1786270936,ingest,0.00,0.00,0.0,4.634,0.002,0.000,44.986,0.00
1786270941,ingest,0.00,0.00,0.0,4.634,0.002,0.000,44.986,0.00
1786270946,ingest,0.00,0.00,0.0,4.634,0.002,0.000,44.986,0.00
1786270951,ingest,0.00,0.00,0.0,4.634,0.002,0.000,44.986,0.00
1786270956,ingest,0.00,0.00,0.0,4.634,0.002,0.000,44.986,0.00
1786270961,ingest,0.00,0.00,0.0,4.634,0.002,0.000,44.986,0.00
1786270966,ingest,0.00,0.00,0.0,4.634,0.002,0.000,44.986,0.00
1786270972,ingest,0.00,0.00,0.0,4.634,0.002,0.000,44.986,0.00
1786270977,ingest,0.00,0.00,0.0,4.634,0.002,0.000,44.985,0.00
1786270982,ingest,0.00,0.00,0.0,4.634,0.002,0.000,44.985,0.00
1786270987,ingest,0.00,0.00,0.0,4.634,0.002,0.000,44.985,0.00
1786270992,ingest,0.00,0.00,0.0,4.634,0.002,0.000,44.985,0.00
1786270997,ingest,0.00,0.00,0.0,4.634,0.002,0.000,44.985,0.00
1786271002,ingest,0.00,0.00,0.0,4.634,0.002,0.000,44.985,0.00
1786271007,ingest,0.00,0.00,0.0,4.634,0.002,0.000,44.985,0.00
1786271012,ingest,0.00,0.00,0.0,4.634,0.002,0.000,44.985,0.00
1786271017,ingest,0.00,0.00,0.0,4.634,0.002,0.000,44.985,0.00
1786271022,ingest,0.00,0.00,0.0,4.634,0.002,0.000,44.985,0.00
1786271027,ingest,0.00,0.00,0.0,4.634,0.002,0.000,44.985,0.00
1786271032,ingest,0.00,0.00,0.0,4.634,0.002,0.000,44.985,0.00
1786271037,ingest,0.00,0.00,0.0,4.634,0.002,0.000,44.985,0.00
1786271042,ingest,0.00,0.00,0.0,4.634,0.002,0.000,44.985,0.00
1786271047,ingest,0.00,0.00,0.0,4.634,0.002,0.000,44.985,0.00
1786271052,ingest,0.00,0.00,0.0,4.634,0.002,0.000,44.985,0.00
1786271057,ingest,0.00,0.00,0.0,4.634,0.002,0.000,44.985,0.00
1786271062,ingest,0.00,0.00,0.0,4.634,0.002,0.000,44.985,0.00
1786271068,ingest,0.00,0.00,0.0,4.634,0.002,0.000,44.985,0.00
1786271073,ingest,0.00,0.00,0.0,4.634,0.002,0.000,44.985,0.00
1786271078,ingest,0.00,0.00,0.0,4.634,0.002,0.000,44.985,0.00
1786271083,ingest,0.00,0.00,0.0,4.634,0.002,0.000,44.985,0.00
1786271088,ingest,0.00,0.00,0.0,4.634,0.002,0.000,44.986,0.00
1786271093,ingest,0.00,0.00,0.0,4.634,0.002,0.000,44.986,0.00
1786271098,ingest,0.00,0.00,0.0,4.634,0.002,0.000,44.986,0.00
1786271103,ingest,0.00,0.00,0.0,4.634,0.002,0.000,44.986,0.00
1786271108,ingest,0.00,0.00,0.0,4.634,0.002,0.000,44.986,0.00
1786271113,ingest,0.00,0.00,0.0,4.634,0.002,0.000,44.986,0.00
1786271118,ingest,0.00,0.00,0.0,4.634,0.002,0.000,44.986,0.00
1786271123,ingest,0.00,0.00,0.0,4.634,0.002,0.000,44.986,0.00
1786271128,ingest,0.00,0.00,0.0,4.634,0.002,0.000,44.986,0.00
1786271133,ingest,0.00,0.00,0.0,4.634,0.002,0.000,44.986,0.00
1786271138,ingest,0.00,0.00,0.0,4.634,0.002,0.000,44.986,0.00
1786271143,ingest,0.00,0.00,0.0,4.634,0.002,0.000,44.986,0.00
1786271148,ingest,0.00,0.00,0.0,4.634,0.002,0.000,44.986,0.00
1786271153,ingest,0.00,0.00,0.0,4.634,0.002,0.000,44.986,0.00
1786271158,ingest,0.00,0.00,0.0,4.634,0.002,0.000,44.986,0.00
1786271163,ingest,0.00,0.00,0.0,4.634,0.002,0.000,44.986,0.00
1786271168,ingest,0.00,0.00,0.0,4.634,0.002,0.000,44.986,0.00
1786271174,ingest,0.00,0.00,0.0,4.634,0.002,0.000,44.986,0.00
1786271179,ingest,0.00,0.00,0.0,4.634,0.002,0.000,44.986,0.00
1786271184,ingest,0.00,0.00,0.0,4.634,0.002,0.000,44.986,0.00
1786271189,ingest,0.00,0.00,0.0,4.634,0.002,0.000,44.986,0.00
1786271194,ingest,0.00,0.00,0.0,4.634,0.002,0.000,44.986,0.00
1786271199,ingest,0.00,0.00,0.0,4.634,0.002,0.000,44.986,0.00
1786271204,ingest,0.00,0.00,0.0,4.634,0.002,0.000,44.986,0.00
1786271209,ingest,0.00,0.00,0.0,4.634,0.002,0.000,44.986,0.00
1786271214,ingest,0.00,0.00,0.0,4.634,0.002,0.000,44.986,0.00
1786271219,ingest,0.00,0.00,0.0,4.634,0.002,0.000,44.986,0.00
1786271224,ingest,0.00,0.00,0.0,4.634,0.002,0.000,44.986,0.00
1786271229,ingest,0.00,0.00,0.0,4.634,0.002,0.000,44.986,0.00
1786271234,ingest,0.00,0.00,0.0,4.634,0.002,0.000,44.986,0.00
1786271239,ingest,0.00,0.00,0.0,4.634,0.002,0.000,44.986,0.00
1786271244,ingest,0.00,0.00,0.0,4.634,0.002,0.000,44.986,0.00
1786271249,ingest,0.00,0.00,0.0,4.634,0.002,0.000,44.986,0.00
1786271254,ingest,0.00,0.00,0.0,4.634,0.002,0.000,44.986,0.00
1786271259,ingest,0.00,0.00,0.0,4.634,0.002,0.000,44.986,0.00
1786271264,ingest,0.00,0.00,0.0,4.634,0.002,0.000,44.986,0.00
1786271269,ingest,0.00,0.00,0.0,4.634,0.002,0.000,44.986,0.00
1786271275,ingest,0.00,0.00,0.0,4.634,0.002,0.000,44.986,0.00
1786271280,ingest,0.00,0.00,0.0,4.634,0.002,0.000,44.986,0.00
1786271285,ingest,0.00,0.00,0.0,4.634,0.002,0.000,44.986,0.00
1786271290,ingest,0.00,0.00,0.0,4.634,0.002,0.000,44.986,0.00
1786271295,ingest,0.00,0.00,0.0,4.634,0.002,0.000,44.986,0.00
1786271300,ingest,0.00,0.00,0.0,4.634,0.002,0.000,44.986,0.00
1786271305,ingest,0.00,0.00,0.0,4.634,0.002,0.000,44.986,0.00
1786271310,ingest,0.00,0.00,0.0,4.634,0.002,0.000,44.986,0.00
1786271315,ingest,0.00,0.00,0.0,4.634,0.002,0.000,44.986,0.00
1786271320,ingest,0.00,0.00,0.0,4.634,0.002,0.000,44.986,0.00
1786271325,ingest,0.00,0.00,0.0,4.634,0.002,0.000,44.986,0.00
1786271330,ingest,0.00,0.00,0.0,4.634,0.002,0.000,44.986,0.00
1786271335,ingest,0.00,0.00,0.0,4.634,0.002,0.000,44.986,0.00
1786271340,ingest,0.00,0.00,0.0,4.634,0.002,0.000,44.986,0.00
1786271345,ingest,0.00,0.00,0.0,4.634,0.002,0.000,44.986,0.00
1786271350,ingest,0.00,0.00,0.0,4.634,0.002,0.000,44.986,0.00
1786271355,ingest,0.00,0.00,0.0,4.634,0.002,0.000,44.986,0.00
1786271360,ingest,0.00,0.00,0.0,4.634,0.002,0.000,44.986,0.00
1786271365,ingest,0.00,0.00,0.0,4.634,0.002,0.000,44.986,0.00
1786271371,ingest,0.00,0.00,0.0,4.634,0.002,0.000,44.986,0.00
1786271376,ingest,0.00,0.00,0.0,4.634,0.002,0.000,44.986,0.00
1786271381,ingest,0.00,0.00,0.0,4.634,0.002,0.000,44.986,0.00
1786271386,ingest,0.00,0.00,0.0,4.634,0.002,0.000,44.986,0.00
1786271391,ingest,0.00,0.00,0.0,4.634,0.002,0.000,44.986,0.00
1786271396,ingest,0.00,0.00,0.0,4.634,0.002,0.000,44.986,0.00
1786271401,ingest,0.00,0.00,0.0,4.634,0.002,0.000,44.985,0.00
1786271406,ingest,0.00,0.00,0.0,4.634,0.002,0.000,44.985,0.00
1786271411,ingest,0.00,0.00,0.0,4.634,0.002,0.000,44.985,0.00
1786271416,ingest,0.00,0.00,0.0,4.634,0.002,0.000,44.985,0.00
1786271421,ingest,0.00,0.00,0.0,4.634,0.002,0.000,44.985,0.00
1786271426,ingest,0.00,0.00,0.0,4.634,0.002,0.000,44.985,0.00
1786271431,ingest,0.00,0.00,0.0,4.634,0.002,0.000,44.985,0.00
1786271436,ingest,0.00,0.00,0.0,4.634,0.002,0.000,44.985,0.00
1786271441,ingest,0.00,0.00,0.0,4.634,0.002,0.000,44.985,0.00
1786271446,ingest,0.00,0.00,0.0,4.634,0.002,0.000,44.985,0.00
1786271451,ingest,0.00,0.00,0.0,4.634,0.002,0.000,44.985,0.00
1786271456,ingest,0.00,0.00,0.0,4.634,0.002,0.000,44.985,0.00
1786271461,ingest,0.00,0.00,0.0,4.634,0.002,0.000,44.985,0.00
1786271466,ingest,0.00,0.00,0.0,4.634,0.002,0.000,44.985,0.00
1786271472,ingest,0.00,0.00,0.0,4.634,0.002,0.000,44.985,0.00
1786271477,ingest,0.00,0.00,0.0,4.634,0.002,0.000,44.985,0.00
1786271482,ingest,0.00,0.00,0.0,4.634,0.002,0.000,44.985,0.00
1786271487,ingest,0.00,0.00,0.0,4.634,0.002,0.000,44.985,0.00
1786271492,ingest,0.00,0.00,0.0,4.634,0.002,0.000,44.985,0.00
1786271497,ingest,0.00,0.00,0.0,4.634,0.002,0.000,44.985,0.00
1786271502,ingest,0.00,0.00,0.0,4.634,0.002,0.000,44.985,0.00
1786271507,ingest,0.00,0.00,0.0,4.634,0.002,0.000,44.985,0.00
1786271512,ingest,0.00,0.00,0.0,4.634,0.002,0.000,44.985,0.00
1786271517,ingest,0.00,0.00,0.0,4.634,0.002,0.000,44.985,0.00
1786271522,ingest,0.00,0.00,0.0,4.634,0.002,0.000,44.985,0.00
1786271527,ingest,0.00,0.00,0.0,4.634,0.002,0.000,44.985,0.00
1786271532,ingest,0.00,0.00,0.0,4.634,0.002,0.000,44.985,0.00
1786271537,ingest,0.00,0.00,0.0,4.634,0.002,0.000,44.985,0.00
1786271542,ingest,0.00,0.00,0.0,4.634,0.002,0.000,44.986,0.00
1786271547,ingest,0.00,0.00,0.0,4.634,0.002,0.000,44.986,0.00
1786271552,ingest,0.00,0.00,0.0,4.634,0.002,0.000,44.986,0.00
1786271557,ingest,0.00,0.00,0.0,4.634,0.002,0.000,44.986,0.00
1786271562,ingest,0.00,0.00,0.0,4.634,0.002,0.000,44.986,0.00
1786271567,ingest,0.00,0.00,0.0,4.634,0.002,0.000,44.986,0.00
1786271573,ingest,0.00,0.00,0.0,4.634,0.002,0.000,44.986,0.00
1786271578,ingest,0.00,0.00,0.0,4.634,0.002,0.000,44.986,0.00
1786271583,ingest,0.00,0.00,0.0,4.634,0.002,0.000,44.986,0.00
1786271588,ingest,0.00,0.00,0.0,4.634,0.002,0.000,44.986,0.00
1786271593,ingest,0.00,0.00,0.0,4.634,0.002,0.000,44.986,0.00
1786271598,ingest,0.00,0.00,0.0,4.634,0.002,0.000,44.986,0.00
1786271603,ingest,0.00,0.00,0.0,4.634,0.002,0.000,44.986,0.00
1786271608,ingest,0.00,0.00,0.0,4.634,0.002,0.000,44.986,0.00
1786271613,ingest,0.00,0.00,0.0,4.634,0.002,0.000,44.986,0.00
1786271618,ingest,0.00,0.00,0.0,4.634,0.002,0.000,44.986,0.00
1786271623,ingest,0.00,0.00,0.0,4.634,0.002,0.000,44.986,0.00
1786271628,ingest,0.00,0.00,0.0,4.634,0.002,0.000,44.986,0.00
1786271633,ingest,0.00,0.00,0.0,4.634,0.002,0.000,44.986,0.00
1786271638,ingest,0.00,0.00,0.0,4.634,0.002,0.000,44.986,0.00
1786271643,ingest,0.00,0.00,0.0,4.634,0.002,0.000,44.986,0.00
1786271648,ingest,0.00,0.00,0.0,4.634,0.002,0.000,44.986,0.00
1786271653,ingest,0.00,0.00,0.0,4.634,0.002,0.000,44.986,0.00
1786271658,ingest,0.00,0.00,0.0,4.634,0.002,0.000,44.985,0.00
1786271663,ingest,0.00,0.00,0.0,4.634,0.002,0.000,44.985,0.00
1786271668,ingest,0.00,0.00,0.0,4.634,0.002,0.000,44.985,0.00
1786271674,ingest,0.00,0.00,0.0,4.634,0.002,0.000,44.985,0.00
1786271679,ingest,0.00,0.00,0.0,4.634,0.002,0.000,44.985,0.00
1786271684,ingest,0.00,0.00,0.0,4.634,0.002,0.000,44.985,0.00
1786271689,ingest,0.00,0.00,0.0,4.634,0.002,0.000,44.985,0.00
1786271694,ingest,0.00,0.00,0.0,4.634,0.002,0.000,44.985,0.00
1786271699,ingest,0.00,0.00,0.0,4.634,0.002,0.000,44.985,0.00
1786271704,ingest,0.00,0.00,0.0,4.634,0.002,0.000,44.986,0.00
1786271709,ingest,0.00,0.00,0.0,4.634,0.002,0.000,44.986,0.00
1786271714,ingest,0.00,0.00,0.0,4.634,0.002,0.000,44.985,0.00
1786271719,ingest,0.00,0.00,0.0,4.634,0.002,0.000,44.985,0.00
1786271724,ingest,0.00,0.00,0.0,4.634,0.002,0.000,44.985,0.00
1786271729,ingest,0.00,0.00,0.0,4.634,0.002,0.000,44.985,0.00
1786271734,ingest,0.00,0.00,0.0,4.634,0.002,0.000,44.985,0.00
1786271739,ingest,0.00,0.00,0.0,4.634,0.002,0.000,44.985,0.00
1786271744,ingest,0.00,0.00,0.0,4.634,0.002,0.000,44.985,0.00
1786271749,ingest,0.00,0.00,0.0,4.634,0.002,0.000,44.985,0.00
1786271754,ingest,0.00,0.00,0.0,4.634,0.002,0.000,44.985,0.00
1786271759,ingest,0.00,0.00,0.0,4.634,0.002,0.000,44.985,0.00
1786271764,ingest,0.00,0.00,0.0,4.634,0.002,0.000,44.985,0.00
1786271769,ingest,0.00,0.00,0.0,4.634,0.002,0.000,44.985,0.00
1786271775,ingest,0.00,0.00,0.0,4.634,0.002,0.000,44.985,0.00
1786271780,ingest,0.00,0.00,0.0,4.634,0.002,0.000,44.985,0.00
1786271785,ingest,0.00,0.00,0.0,4.634,0.002,0.000,44.985,0.00
1786271790,ingest,0.00,0.00,0.0,4.634,0.002,0.000,44.985,0.00
1786271795,ingest,0.00,0.00,0.0,4.634,0.002,0.000,44.985,0.00
1786271800,ingest,0.00,0.00,0.0,4.634,0.002,0.000,44.985,0.00
1786271805,ingest,0.00,0.00,0.0,4.634,0.002,0.000,44.985,0.00
1786271810,ingest,0.00,0.00,0.0,4.634,0.002,0.000,44.985,0.00
1786271815,ingest,0.00,0.00,0.0,4.634,0.002,0.000,44.985,0.00
1786271820,ingest,0.00,0.00,0.0,4.634,0.002,0.000,44.985,0.00
1786271825,ingest,0.00,0.00,0.0,4.634,0.002,0.000,44.985,0.00
1786271830,ingest,0.00,0.00,0.0,4.634,0.002,0.000,44.985,0.00
1786271835,ingest,0.00,0.00,0.0,4.634,0.002,0.000,44.985,0.00
1786271840,ingest,0.00,0.00,0.0,4.634,0.002,0.000,44.985,0.00
1786271845,ingest,0.00,0.00,0.0,4.634,0.002,0.000,44.985,0.00
1786271850,ingest,0.00,0.00,0.0,4.634,0.002,0.000,44.985,0.00
1786271855,ingest,0.00,0.00,0.0,4.634,0.002,0.000,44.985,0.00
1786271860,ingest,0.00,0.00,0.0,4.634,0.002,0.000,44.985,0.00
1786271865,ingest,0.00,0.00,0.0,4.634,0.002,0.000,44.985,0.00
1786271870,ingest,0.00,0.00,0.0,4.634,0.002,0.000,44.985,0.00
1786271876,ingest,0.00,0.00,0.0,4.634,0.002,0.000,44.985,0.00
1786271881,ingest,0.00,0.00,0.0,4.634,0.002,0.000,44.985,0.00
1786271886,ingest,0.00,0.00,0.0,4.634,0.002,0.000,44.985,0.00
1786271891,ingest,0.00,0.00,0.0,4.634,0.002,0.000,44.985,0.00
1786271896,ingest,0.00,0.00,0.0,4.634,0.002,0.000,44.985,0.00
1786271901,ingest,0.00,0.00,0.0,4.634,0.002,0.000,44.985,0.00
1786271906,ingest,0.00,0.00,0.0,4.634,0.002,0.000,44.985,0.00
1786271911,ingest,0.00,0.00,0.0,4.634,0.002,0.000,44.985,0.00
1786271916,ingest,0.00,0.00,0.0,4.634,0.002,0.000,44.985,0.00
1786271921,ingest,0.00,0.00,0.0,4.634,0.002,0.000,44.985,0.00
1786271926,ingest,0.00,0.00,0.0,4.634,0.002,0.000,44.985,0.00
1786271931,ingest,0.00,0.00,0.0,4.634,0.002,0.000,44.985,0.00
1786271936,ingest,0.00,0.00,0.0,4.634,0.002,0.000,44.985,0.00
1786271941,ingest,0.00,0.00,0.0,4.634,0.002,0.000,44.985,0.00
1786271946,ingest,0.00,0.00,0.0,4.634,0.002,0.000,44.985,0.00
1786271951,ingest,0.00,0.00,0.0,4.634,0.002,0.000,44.985,0.00
1786271956,ingest,0.00,0.00,0.0,4.634,0.002,0.000,44.985,0.00
1786271961,ingest,0.00,0.00,0.0,4.634,0.002,0.000,44.985,0.00
1786271966,ingest,0.00,0.00,0.0,4.634,0.002,0.000,44.985,0.00
1786271971,ingest,0.00,0.00,0.0,4.634,0.002,0.000,44.985,0.00
1786271977,ingest,0.00,0.00,0.0,4.634,0.002,0.000,44.985,0.00
1786271982,ingest,0.00,0.00,0.0,4.634,0.002,0.000,44.985,0.00
1786271987,ingest,0.00,0.00,0.0,4.634,0.002,0.000,44.985,0.00
1786271992,ingest,0.00,0.00,0.0,4.634,0.002,0.000,44.985,0.00
1786271997,ingest,0.00,0.00,0.0,4.634,0.002,0.000,44.985,0.00
1786272002,ingest,0.00,0.00,0.0,4.634,0.002,0.000,44.985,0.00
1786272007,ingest,0.00,0.00,0.0,4.634,0.002,0.000,44.985,0.00
1786272012,ingest,0.00,0.00,0.0,4.634,0.002,0.000,44.985,0.00
1786272017,ingest,0.00,0.00,0.0,4.634,0.002,0.000,44.985,0.00
1786272022,ingest,0.00,0.00,0.0,4.634,0.002,0.000,44.985,0.00
1786272027,ingest,0.00,0.00,0.0,4.634,0.002,0.000,44.985,0.00
1786272032,ingest,0.00,0.00,0.0,4.634,0.002,0.000,44.984,0.00
1786272037,ingest,0.00,0.00,0.0,4.634,0.002,0.000,44.984,0.00
1786272042,ingest,0.00,0.00,0.0,4.634,0.002,0.000,44.984,0.00
1786272047,ingest,0.00,0.00,0.0,4.634,0.002,0.000,44.984,0.00
1786272052,ingest,0.00,0.00,0.0,4.634,0.002,0.000,44.984,0.00
1786272057,ingest,0.00,0.00,0.0,4.634,0.002,0.000,44.984,0.00
1786272062,ingest,0.00,0.00,0.0,4.634,0.002,0.000,44.984,0.00
1786272067,ingest,0.00,0.00,0.0,4.634,0.002,0.000,44.984,0.00
1786272072,ingest,0.00,0.00,0.0,4.634,0.002,0.000,44.984,0.00
1786272078,ingest,0.00,0.00,0.0,4.634,0.002,0.000,44.984,0.00
1786272083,ingest,0.00,0.00,0.0,4.634,0.002,0.000,44.984,0.00
1786272088,ingest,0.00,0.00,0.0,4.634,0.002,0.000,44.984,0.00
1786272093,ingest,0.00,0.00,0.0,4.634,0.002,0.000,44.984,0.00
1786272098,ingest,0.00,0.00,0.0,4.634,0.002,0.000,44.984,0.00
1786272103,ingest,0.00,0.00,0.0,4.634,0.002,0.000,44.984,0.00
1786272108,ingest,0.00,0.00,0.0,4.634,0.002,0.000,44.984,0.00
1786272113,ingest,0.00,0.00,0.0,4.634,0.002,0.000,44.984,0.00
1786272118,ingest,0.00,0.00,0.0,4.634,0.002,0.000,44.984,0.00
1786272123,ingest,0.00,0.00,0.0,4.634,0.002,0.000,44.984,0.00
1786272128,ingest,0.00,0.00,0.0,4.634,0.002,0.000,44.984,0.00
1786272133,ingest,0.00,0.00,0.0,4.634,0.002,0.000,44.984,0.00
1786272138,ingest,0.00,0.00,0.0,4.634,0.002,0.000,44.984,0.00
1786272143,ingest,0.00,0.00,0.0,4.634,0.002,0.000,44.984,0.00
1786272148,ingest,0.00,0.00,0.0,4.634,0.002,0.000,44.984,0.00
1786272153,ingest,0.00,0.00,0.0,4.634,0.002,0.000,44.984,0.00
1786272158,ingest,0.00,0.00,0.0,4.634,0.002,0.000,44.984,0.00
1786272163,ingest,0.00,0.00,0.0,4.634,0.002,0.000,44.984,0.00
1786272168,ingest,0.00,0.00,0.0,4.634,0.002,0.000,44.984,0.00
1786272173,ingest,0.00,0.00,0.0,4.634,0.002,0.000,44.984,0.00
1786272179,ingest,0.00,0.00,0.0,4.634,0.002,0.000,44.984,0.00
1786272184,ingest,0.00,0.00,0.0,4.634,0.002,0.000,44.984,0.00
1786272189,ingest,0.00,0.00,0.0,4.634,0.002,0.000,44.984,0.00
1786272194,ingest,0.00,0.00,0.0,4.634,0.002,0.000,44.984,0.00
1786272199,ingest,0.00,0.00,0.0,4.634,0.002,0.000,44.984,0.00
1786272204,ingest,0.00,0.00,0.0,4.634,0.002,0.000,44.984,0.00
1786272209,ingest,0.00,0.00,0.0,4.634,0.002,0.000,44.984,0.00
1786272214,ingest,0.00,0.00,0.0,4.634,0.002,0.000,44.984,0.00
1786272219,ingest,0.00,0.00,0.0,4.634,0.002,0.000,44.984,0.00
1786272224,ingest,0.00,0.00,0.0,4.634,0.002,0.000,44.984,0.00
1786272229,ingest,0.00,0.00,0.0,4.634,0.002,0.000,44.985,0.00
1786272234,ingest,0.00,0.00,0.0,4.634,0.002,0.000,44.985,0.00
1786272239,ingest,0.00,0.00,0.0,4.634,0.002,0.000,44.986,0.00
1786272244,ingest,0.00,0.00,0.0,4.634,0.002,0.000,44.985,0.00
1786272249,ingest,0.00,0.00,0.0,4.634,0.002,0.000,44.985,0.00
1786272254,ingest,0.00,0.00,0.0,4.634,0.002,0.000,44.985,0.00
1786272259,ingest,0.00,0.00,0.0,4.634,0.002,0.000,44.985,0.00
1786272264,ingest,0.00,0.00,0.0,4.634,0.002,0.000,44.984,0.00
1786272269,ingest,0.00,0.00,0.0,4.634,0.002,0.000,44.984,0.00
1786272274,ingest,0.00,0.00,0.0,4.634,0.002,0.000,44.984,0.00
1786272280,ingest,0.00,0.00,0.0,4.634,0.002,0.000,44.984,0.00
1786272285,ingest,0.00,0.00,0.0,4.634,0.002,0.000,44.984,0.00
1786272290,ingest,0.00,0.00,0.0,4.634,0.002,0.000,44.984,0.00
1786272295,ingest,0.00,0.00,0.0,4.634,0.002,0.000,44.984,0.00
1786272300,ingest,0.00,0.00,0.0,4.634,0.002,0.000,44.984,0.00
1786272305,ingest,0.00,0.00,0.0,4.634,0.002,0.000,44.984,0.00
1786272310,ingest,0.00,0.00,0.0,4.634,0.002,0.000,44.984,0.00
1786272315,ingest,0.00,0.00,0.0,4.634,0.002,0.000,44.984,0.00
1786272320,ingest,0.00,0.00,0.0,4.634,0.002,0.000,44.984,0.00
1786272325,ingest,0.00,0.00,0.0,4.634,0.002,0.000,44.984,0.00
1786272330,ingest,0.00,0.00,0.0,4.634,0.002,0.000,44.984,0.00
1786272335,ingest,0.00,0.00,0.0,4.634,0.002,0.000,44.985,0.00
1786272340,ingest,0.00,0.00,0.0,4.634,0.002,0.000,44.984,0.00
1786272345,ingest,0.00,0.00,0.0,4.634,0.002,0.000,44.984,0.00
1786272350,ingest,0.00,0.00,0.0,4.634,0.002,0.000,44.984,0.00
1786272355,ingest,0.00,0.00,0.0,4.634,0.002,0.000,44.984,0.00
1786272360,ingest,0.00,0.00,0.0,4.634,0.002,0.000,44.984,0.00
1786272365,ingest,0.00,0.00,0.0,4.634,0.002,0.000,44.984,0.00
1786272370,ingest,0.00,0.00,0.0,4.634,0.002,0.000,44.984,0.00
1786272375,ingest,0.00,0.00,0.0,4.634,0.002,0.000,44.984,0.00
1786272381,ingest,0.00,0.00,0.0,4.634,0.002,0.000,44.984,0.00
1786272386,ingest,0.00,0.00,0.0,4.634,0.002,0.000,44.983,0.00
1786272391,ingest,0.00,0.00,0.0,4.634,0.002,0.000,44.983,0.00
1786272396,ingest,0.00,0.00,0.0,4.634,0.002,0.000,44.983,0.00
1786272401,ingest,0.00,0.00,0.0,4.634,0.002,0.000,44.983,0.00
1786272406,ingest,0.00,0.00,0.0,4.634,0.002,0.000,44.984,0.00
1786272411,ingest,0.00,0.00,0.0,4.634,0.002,0.000,44.984,0.00
1786272416,ingest,0.00,0.00,0.0,4.634,0.002,0.000,44.984,0.00
1786272421,ingest,0.00,0.00,0.0,4.634,0.002,0.000,44.984,0.00
1786272426,ingest,0.00,0.00,0.0,4.634,0.002,0.000,44.984,0.00
1786272431,ingest,0.00,0.00,0.0,4.634,0.002,0.000,44.984,0.00
1786272436,ingest,0.00,0.00,0.0,4.634,0.002,0.000,44.984,0.00
1786272441,ingest,0.00,0.00,0.0,4.634,0.002,0.000,44.984,0.00
1786272446,ingest,0.00,0.00,0.0,4.634,0.002,0.000,44.984,0.00
1786272451,ingest,0.00,0.00,0.0,4.634,0.002,0.000,44.984,0.00
1786272456,ingest,0.00,0.00,0.0,4.634,0.002,0.000,44.984,0.00
1786272461,ingest,0.00,0.00,0.0,4.634,0.002,0.000,44.984,0.00
1786272466,ingest,0.00,0.00,0.0,4.634,0.002,0.000,44.984,0.00
1786272471,ingest,0.00,0.00,0.0,4.634,0.002,0.000,44.984,0.00
1786272476,ingest,0.00,0.00,0.0,4.634,0.002,0.000,44.984,0.00
1786272482,ingest,0.00,0.00,0.0,4.634,0.002,0.000,44.984,0.00
1786272487,ingest,0.00,0.00,0.0,4.634,0.002,0.000,44.984,0.00
1786272492,ingest,0.00,0.00,0.0,4.634,0.002,0.000,44.984,0.00
1786272497,ingest,0.00,0.00,0.0,4.634,0.002,0.000,44.984,0.00
1786272502,ingest,0.00,0.00,0.0,4.634,0.002,0.000,44.984,0.00
1786272507,ingest,0.00,0.00,0.0,4.634,0.002,0.000,44.984,0.00
1786272512,ingest,0.00,0.00,0.0,4.634,0.002,0.000,44.984,0.00
1786272517,ingest,0.00,0.00,0.0,4.634,0.002,0.000,44.984,0.00
1786272522,ingest,0.00,0.00,0.0,4.634,0.002,0.000,44.985,0.00
1786272527,ingest,0.00,0.00,0.0,4.634,0.002,0.000,44.984,0.00
1786272532,ingest,0.00,0.00,0.0,4.634,0.002,0.000,44.984,0.00
1786272537,ingest,0.00,0.00,0.0,4.634,0.002,0.000,44.984,0.00
1786272542,ingest,0.00,0.00,0.0,4.634,0.002,0.000,44.984,0.00
1786272547,ingest,0.00,0.00,0.0,4.634,0.002,0.000,44.984,0.00
1786272552,ingest,0.00,0.00,0.0,4.634,0.002,0.000,44.984,0.00
1786272557,ingest,0.00,0.00,0.0,4.634,0.002,0.000,44.984,0.00
1786272562,ingest,0.00,0.00,0.0,4.634,0.002,0.000,44.984,0.00
1786272567,ingest,0.00,0.00,0.0,4.634,0.002,0.000,44.984,0.00
1786272572,ingest,0.00,0.00,0.0,4.634,0.002,0.000,44.984,0.00
1786272577,ingest,0.00,0.00,0.0,4.634,0.002,0.000,44.984,0.00
1786272583,ingest,0.00,0.00,0.0,4.634,0.002,0.000,44.984,0.00
1786272588,ingest,0.00,0.00,0.0,4.634,0.002,0.000,44.984,0.00
1786272593,ingest,0.00,0.00,0.0,4.634,0.002,0.000,44.984,0.00
1786272598,ingest,0.00,0.00,0.0,4.634,0.002,0.000,44.984,0.00
1786272603,ingest,0.00,0.00,0.0,4.634,0.002,0.000,44.984,0.00
1786272608,ingest,0.00,0.00,0.0,4.634,0.002,0.000,44.984,0.00
1786272613,ingest,0.00,0.00,0.0,4.634,0.002,0.000,44.984,0.00
1786272618,ingest,0.00,0.00,0.0,4.634,0.002,0.000,44.984,0.00
1786272623,ingest,0.00,0.00,0.0,4.634,0.002,0.000,44.984,0.00
1786272628,ingest,0.00,0.00,0.0,4.634,0.002,0.000,44.984,0.00
1786272633,ingest,0.00,0.00,0.0,4.634,0.002,0.000,44.984,0.00
1786272638,ingest,0.00,0.00,0.0,4.634,0.002,0.000,44.984,0.00
1786272643,ingest,0.00,0.00,0.0,4.634,0.002,0.000,44.984,0.00
1786272648,ingest,0.00,0.00,0.0,4.634,0.002,0.000,44.984,0.00
1786272653,ingest,0.00,0.00,0.0,4.634,0.002,0.000,44.984,0.00
1786272658,ingest,0.00,0.00,0.0,4.634,0.002,0.000,44.985,0.00
1786272663,ingest,0.00,0.00,0.0,4.634,0.002,0.000,44.984,0.00
1786272668,ingest,0.00,0.00,0.0,4.634,0.002,0.000,44.984,0.00
1786272673,ingest,0.00,0.00,0.0,4.634,0.002,0.000,44.984,0.00
1786272678,ingest,0.00,0.00,0.0,4.634,0.002,0.000,44.984,0.00
1786272684,ingest,0.00,0.00,0.0,4.634,0.002,0.000,44.984,0.00
1786272689,ingest,0.00,0.00,0.0,4.634,0.002,0.000,44.984,0.00
1786272694,ingest,0.00,0.00,0.0,4.634,0.002,0.000,44.984,0.00
1786272699,ingest,0.00,0.00,0.0,4.634,0.002,0.000,44.984,0.00
1786272704,ingest,0.00,0.00,0.0,4.634,0.002,0.000,44.984,0.00
1786272709,ingest,0.00,0.00,0.0,4.634,0.002,0.000,44.984,0.00
1786272714,ingest,0.00,0.00,0.0,4.634,0.002,0.000,44.984,0.00
1786272719,ingest,0.00,0.00,0.0,4.634,0.002,0.000,44.984,0.00
1786272724,ingest,0.00,0.00,0.0,4.634,0.002,0.000,44.984,0.00
1786272729,ingest,0.00,0.00,0.0,4.634,0.002,0.000,44.984,0.00
1786272734,ingest,0.00,0.00,0.0,4.634,0.002,0.000,44.984,0.00
1786272739,ingest,0.00,0.00,0.0,4.634,0.002,0.000,44.984,0.00
1786272744,ingest,0.00,0.00,0.0,4.634,0.002,0.000,44.985,0.00
1786272749,ingest,0.00,0.00,0.0,4.634,0.002,0.000,44.985,0.00
1786272754,ingest,0.00,0.00,0.0,4.634,0.002,0.000,44.985,0.00
1786272759,ingest,0.00,0.00,0.0,4.634,0.002,0.000,44.985,0.00
1786272764,ingest,0.00,0.00,0.0,4.634,0.002,0.000,44.984,0.00
1786272769,ingest,0.00,0.00,0.0,4.634,0.002,0.000,44.985,0.00
1786272774,ingest,0.00,0.00,0.0,4.634,0.002,0.000,44.985,0.00
1786272779,ingest,0.00,0.00,0.0,4.634,0.002,0.000,44.985,0.00
1786272785,ingest,0.00,0.00,0.0,4.634,0.002,0.000,44.985,0.00
1786272790,ingest,0.00,0.00,0.0,4.634,0.002,0.000,44.985,0.00
1786272795,ingest,0.00,0.00,0.0,4.634,0.002,0.000,44.985,0.00
1786272800,ingest,0.00,0.00,0.0,4.634,0.002,0.000,44.985,0.00
1786272805,ingest,0.00,0.00,0.0,4.634,0.002,0.000,44.985,0.00
1786272810,ingest,0.00,0.00,0.0,4.634,0.002,0.000,44.985,0.00
1786272815,ingest,0.00,0.00,0.0,4.634,0.002,0.000,44.985,0.00
1786272820,ingest,0.00,0.00,0.0,4.634,0.002,0.000,44.985,0.00
1786272825,ingest,0.00,0.00,0.0,4.634,0.002,0.000,44.985,0.00
1786272830,ingest,0.00,0.00,0.0,4.634,0.002,0.000,44.985,0.00
1786272835,ingest,0.00,0.00,0.0,4.634,0.002,0.000,44.985,0.00
1786272840,ingest,0.00,0.00,0.0,4.634,0.002,0.000,44.985,0.00
1786272845,ingest,0.00,0.00,0.0,4.634,0.002,0.000,44.985,0.00
1786272850,ingest,0.00,0.00,0.0,4.634,0.002,0.000,44.985,0.00
1786272855,ingest,0.00,0.00,0.0,4.634,0.002,0.000,44.985,0.00
1786272860,ingest,0.00,0.00,0.0,4.634,0.002,0.000,44.985,0.00
1786272865,ingest,0.00,0.00,0.0,4.634,0.002,0.000,44.985,0.00
1786272870,ingest,0.00,0.00,0.0,4.634,0.002,0.000,44.985,0.00
1786272875,ingest,0.00,0.00,0.0,4.634,0.002,0.000,44.984,0.00
1786272880,ingest,0.00,0.00,0.0,4.634,0.002,0.000,44.984,0.00
1786272886,ingest,0.00,0.00,0.0,4.634,0.002,0.000,44.984,0.00
1786272891,ingest,0.00,0.00,0.0,4.634,0.002,0.000,44.984,0.00
1786272896,ingest,0.00,0.00,0.0,4.634,0.002,0.000,44.984,0.00
1786272901,ingest,0.00,0.00,0.0,4.634,0.002,0.000,44.984,0.00
1786272906,ingest,0.00,0.00,0.0,4.634,0.002,0.000,44.984,0.00
1786272911,ingest,0.00,0.00,0.0,4.634,0.002,0.000,44.984,0.00
1786272916,ingest,0.00,0.00,0.0,4.634,0.002,0.000,44.984,0.00
1786272921,ingest,0.00,0.00,0.0,4.634,0.002,0.000,44.984,0.00
1786272926,ingest,0.00,0.00,0.0,4.634,0.002,0.000,44.984,0.00
1786272931,ingest,0.00,0.00,0.0,4.634,0.002,0.000,44.984,0.00
1786272936,ingest,0.00,0.00,0.0,4.634,0.002,0.000,44.984,0.00
1786272941,ingest,0.00,0.00,0.0,4.634,0.002,0.000,44.984,0.00
1786272946,ingest,0.00,0.00,0.0,4.634,0.002,0.000,44.984,0.00
1786272951,ingest,0.00,0.00,0.0,4.634,0.002,0.000,44.984,0.00
1786272956,ingest,0.00,0.00,0.0,4.634,0.002,0.000,44.984,0.00
1786272961,ingest,0.00,0.00,0.0,4.634,0.002,0.000,44.984,0.00
1786272966,ingest,0.00,0.00,0.0,4.634,0.002,0.000,44.984,0.00
1786272971,ingest,0.00,0.00,0.0,4.634,0.002,0.000,44.984,0.00
1786272976,ingest,0.00,0.00,0.0,4.634,0.002,0.000,44.984,0.00
1786272981,ingest,0.00,0.00,0.0,4.634,0.002,0.000,44.984,0.00
1786272987,ingest,0.00,0.00,0.0,4.634,0.002,0.000,44.984,0.00
1786272992,ingest,0.00,0.00,0.0,4.634,0.002,0.000,44.984,0.00
1786272997,ingest,0.00,0.00,0.0,4.634,0.002,0.000,44.983,0.00
1786273002,ingest,0.00,0.00,0.0,4.634,0.002,0.000,44.983,0.00
1786273007,ingest,0.00,0.00,0.0,4.634,0.002,0.000,44.983,0.00
1786273012,ingest,0.00,0.00,0.0,4.634,0.002,0.000,44.983,0.00
1786273017,ingest,0.00,0.00,0.0,4.634,0.002,0.000,44.983,0.00
1786273022,ingest,0.00,0.00,0.0,4.634,0.002,0.000,44.983,0.00
1786273027,ingest,0.00,0.00,0.0,4.634,0.002,0.000,44.983,0.00
1786273032,ingest,0.00,0.00,0.0,4.634,0.002,0.000,44.983,0.00
1786273037,ingest,0.00,0.00,0.0,4.634,0.002,0.000,44.983,0.00
1786273042,ingest,0.00,0.00,0.0,4.634,0.002,0.000,44.983,0.00
1786273047,ingest,0.00,0.00,0.0,4.634,0.002,0.000,44.984,0.00
1786273052,ingest,0.00,0.00,0.0,4.634,0.002,0.000,44.985,0.00
1786273057,ingest,0.00,0.00,0.0,4.634,0.002,0.000,44.985,0.00
1786273062,ingest,0.00,0.00,0.0,4.634,0.002,0.000,44.984,0.00
1786273067,ingest,0.00,0.00,0.0,4.634,0.002,0.000,44.984,0.00
1786273072,ingest,0.00,0.00,0.0,4.634,0.002,0.000,44.984,0.00
1786273077,ingest,0.00,0.00,0.0,4.634,0.002,0.000,44.984,0.00
1786273082,ingest,0.00,0.00,0.0,4.634,0.002,0.000,44.984,0.00
1786273088,ingest,0.00,0.00,0.0,4.634,0.002,0.000,44.984,0.00
1786273093,ingest,0.00,0.00,0.0,4.634,0.002,0.000,44.984,0.00
1786273098,ingest,0.00,0.00,0.0,4.634,0.002,0.000,44.984,0.00
1786273103,ingest,0.00,0.00,0.0,4.634,0.002,0.000,44.984,0.00
1786273108,ingest,0.00,0.00,0.0,4.634,0.002,0.000,44.984,0.00
1786273113,ingest,0.00,0.00,0.0,4.634,0.002,0.000,44.984,0.00
1786273118,ingest,0.00,0.00,0.0,4.634,0.002,0.000,44.984,0.00
1786273123,ingest,0.00,0.00,0.0,4.634,0.002,0.000,44.984,0.00
1786273128,ingest,0.00,0.00,0.0,4.634,0.002,0.000,44.984,0.00
1786273133,ingest,0.00,0.00,0.0,4.634,0.002,0.000,44.984,0.00
1786273138,ingest,0.00,0.00,0.0,4.634,0.002,0.000,44.984,0.00
1786273143,ingest,0.00,0.00,0.0,4.634,0.002,0.000,44.984,0.00
1786273148,ingest,0.00,0.00,0.0,4.634,0.002,0.000,44.984,0.00
1786273153,ingest,0.00,0.00,0.0,4.634,0.002,0.000,44.984,0.00
1786273158,ingest,0.00,0.00,0.0,4.634,0.002,0.000,44.984,0.00
1786273163,ingest,0.00,0.00,0.0,4.634,0.002,0.000,44.984,0.00
1786273168,ingest,0.00,0.00,0.0,4.634,0.002,0.000,44.984,0.00
1786273173,ingest,0.00,0.00,0.0,4.634,0.002,0.000,44.984,0.00
1786273178,ingest,0.00,0.00,0.0,4.634,0.002,0.000,44.984,0.00
1786273183,ingest,0.00,0.00,0.0,4.634,0.002,0.000,44.984,0.00
1786273189,ingest,0.00,0.00,0.0,4.634,0.002,0.000,44.984,0.00
1786273194,ingest,0.00,0.00,0.0,4.634,0.002,0.000,44.984,0.00
1786273199,ingest,0.00,0.00,0.0,4.634,0.002,0.000,44.984,0.00
1786273204,ingest,0.00,0.00,0.0,4.634,0.002,0.000,44.984,0.00
1786273209,ingest,0.00,0.00,0.0,4.634,0.002,0.000,44.984,0.00
1786273214,ingest,0.00,0.00,0.0,4.634,0.002,0.000,44.984,0.00
1786273219,ingest,0.00,0.00,0.0,4.634,0.002,0.000,44.984,0.00
1786273224,ingest,0.00,0.00,0.0,4.634,0.002,0.000,44.984,0.00
1786273229,ingest,0.00,0.00,0.0,4.634,0.002,0.000,44.984,0.00
1786273234,ingest,0.00,0.00,0.0,4.634,0.002,0.000,44.984,0.00
1786273239,ingest,0.00,0.00,0.0,4.634,0.002,0.000,44.984,0.00
1786273244,ingest,0.00,0.00,0.0,4.634,0.002,0.000,44.984,0.00
1786273249,ingest,0.00,0.00,0.0,4.634,0.002,0.000,44.984,0.00
1786273254,ingest,0.00,0.00,0.0,4.634,0.002,0.000,44.984,0.00
1786273259,ingest,0.00,0.00,0.0,4.634,0.002,0.000,44.984,0.00
1786273264,ingest,0.00,0.00,0.0,4.634,0.002,0.000,44.984,0.00
1786273269,ingest,0.00,0.00,0.0,4.634,0.002,0.000,44.984,0.00
1786273274,ingest,0.00,0.00,0.0,4.634,0.002,0.000,44.984,0.00
1786273279,ingest,0.00,0.00,0.0,4.634,0.002,0.000,44.984,0.00
1786273284,ingest,0.00,0.00,0.0,4.634,0.002,0.000,44.984,0.00
1786273290,ingest,0.00,0.00,0.0,4.634,0.002,0.000,44.984,0.00
1786273295,ingest,0.00,0.00,0.0,4.634,0.002,0.000,44.984,0.00
1786273300,ingest,0.00,0.00,0.0,4.634,0.002,0.000,44.984,0.00
1786273305,ingest,0.00,0.00,0.0,4.634,0.002,0.000,44.984,0.00
1786273310,ingest,0.00,0.00,0.0,4.634,0.002,0.000,44.984,0.00
1786273315,ingest,0.00,0.00,0.0,4.634,0.002,0.000,44.984,0.00
1786273320,ingest,0.00,0.00,0.0,4.634,0.002,0.000,44.984,0.00
1786273325,ingest,0.00,0.00,0.0,4.634,0.002,0.000,44.984,0.00
1786273330,ingest,0.00,0.00,0.0,4.634,0.002,0.000,44.984,0.00
1786273335,ingest,0.00,0.00,0.0,4.634,0.002,0.000,44.984,0.00
1786273340,ingest,0.00,0.00,0.0,4.634,0.002,0.000,44.984,0.00
1786273345,ingest,0.00,0.00,0.0,4.634,0.002,0.000,44.984,0.00
1786273350,ingest,0.00,0.00,0.0,4.634,0.002,0.000,44.984,0.00
1786273355,ingest,0.00,0.00,0.0,4.634,0.002,0.000,44.984,0.00
1786273360,ingest,0.00,0.00,0.0,4.634,0.002,0.000,44.984,0.00
1786273365,ingest,0.00,0.00,0.0,4.634,0.002,0.000,44.984,0.00
1786273370,ingest,0.00,0.00,0.0,4.634,0.002,0.000,44.984,0.00
1786273375,ingest,0.00,0.00,0.0,4.634,0.002,0.000,44.984,0.00
1786273380,ingest,0.00,0.00,0.0,4.634,0.002,0.000,44.984,0.00
1786273385,ingest,0.00,0.00,0.0,4.634,0.002,0.000,44.984,0.00
1786273391,ingest,0.00,0.00,0.0,4.634,0.002,0.000,44.984,0.00
1786273396,ingest,0.00,0.00,0.0,4.634,0.002,0.000,44.984,0.00
1786273401,ingest,0.00,0.00,0.0,4.634,0.002,0.000,44.984,0.00
1786273406,ingest,0.00,0.00,0.0,4.634,0.002,0.000,44.984,0.00
1786273411,ingest,0.00,0.00,0.0,4.634,0.002,0.000,44.984,0.00
1786273416,ingest,0.00,0.00,0.0,4.634,0.002,0.000,44.984,0.00
1786273421,ingest,0.00,0.00,0.0,4.634,0.002,0.000,44.984,0.00
1786273426,ingest,0.00,0.00,0.0,4.634,0.002,0.000,44.984,0.00
1786273431,ingest,0.00,0.00,0.0,4.634,0.002,0.000,44.984,0.00
1786273436,ingest,0.00,0.00,0.0,4.634,0.002,0.000,44.984,0.00
1786273441,ingest,0.00,0.00,0.0,4.634,0.002,0.000,44.984,0.00
1786273446,ingest,0.00,0.00,0.0,4.634,0.002,0.000,44.984,0.00
1786273451,ingest,0.00,0.00,0.0,4.634,0.002,0.000,44.984,0.00
1786273456,ingest,0.00,0.00,0.0,4.634,0.002,0.000,44.984,0.00
1786273461,ingest,0.00,0.00,0.0,4.634,0.002,0.000,44.984,0.00
1786273466,ingest,0.00,0.00,0.0,4.634,0.002,0.000,44.984,0.00
1786273471,ingest,0.00,0.00,0.0,4.634,0.002,0.000,44.984,0.00
1786273476,ingest,0.00,0.00,0.0,4.634,0.002,0.000,44.984,0.00
1786273481,ingest,0.00,0.00,0.0,4.634,0.002,0.000,44.984,0.00
1786273486,ingest,0.00,0.00,0.0,4.634,0.002,0.000,44.984,0.00
1786273492,ingest,0.00,0.00,0.0,4.634,0.002,0.000,44.984,0.00
1786273497,ingest,0.00,0.00,0.0,4.634,0.002,0.000,44.984,0.00
1786273502,ingest,0.00,0.00,0.0,4.634,0.002,0.000,44.984,0.00
1786273507,ingest,0.00,0.00,0.0,4.634,0.002,0.000,44.984,0.00
1786273512,ingest,0.00,0.00,0.0,4.634,0.002,0.000,44.984,0.00
1786273517,ingest,0.00,0.00,0.0,4.634,0.002,0.000,44.984,0.00
1786273522,ingest,0.00,0.00,0.0,4.634,0.002,0.000,44.984,0.00
1786273527,ingest,0.00,0.00,0.0,4.634,0.002,0.000,44.984,0.00
1786273532,ingest,0.00,0.00,0.0,4.634,0.002,0.000,44.984,0.00
1786273537,ingest,0.00,0.00,0.0,4.634,0.002,0.000,44.984,0.00
1786273542,ingest,0.00,0.00,0.0,4.634,0.002,0.000,44.984,0.00
1786273547,ingest,0.00,0.00,0.0,4.634,0.002,0.000,44.984,0.00
1786273552,ingest,0.00,0.00,0.0,4.634,0.002,0.000,44.984,0.00
1786273557,ingest,0.00,0.00,0.0,4.634,0.002,0.000,44.984,0.00
1786273562,ingest,0.00,0.00,0.0,4.634,0.002,0.000,44.984,0.00
1786273567,ingest,0.00,0.00,0.0,4.634,0.002,0.000,44.984,0.00
1786273572,ingest,0.00,0.00,0.0,4.634,0.002,0.000,44.984,0.00
1786273577,ingest,0.00,0.00,0.0,4.634,0.002,0.000,44.984,0.00
1786273582,ingest,0.00,0.00,0.0,4.634,0.002,0.000,44.984,0.00
1786273587,ingest,0.00,0.00,0.0,4.634,0.002,0.000,44.984,0.00
1786273593,ingest,0.00,0.00,0.0,4.634,0.002,0.000,44.984,0.00
1786273598,ingest,0.00,0.00,0.0,4.634,0.002,0.000,44.984,0.00
1786273603,ingest,0.00,0.00,0.0,4.634,0.002,0.000,44.984,0.00
1786273608,ingest,0.00,0.00,0.0,4.634,0.002,0.000,44.984,0.00
1786273613,ingest,0.00,0.00,0.0,4.634,0.002,0.000,44.984,0.00
1786273618,ingest,0.00,0.00,0.0,4.634,0.002,0.000,44.984,0.00
1786273623,ingest,0.00,0.00,0.0,4.634,0.002,0.000,44.984,0.00
1786273628,ingest,0.00,0.00,0.0,4.634,0.002,0.000,44.984,0.00
1786273633,ingest,0.00,0.00,0.0,4.634,0.002,0.000,44.984,0.00
1786273638,ingest,0.00,0.00,0.0,4.634,0.002,0.000,44.984,0.00
1786273643,ingest,0.00,0.00,0.0,4.634,0.002,0.000,44.984,0.00
1786273648,ingest,0.00,0.00,0.0,4.634,0.002,0.000,44.984,0.00
1786273653,ingest,0.00,0.00,0.0,4.634,0.002,0.000,44.984,0.00
1786273658,ingest,0.00,0.00,0.0,4.634,0.002,0.000,44.984,0.00
1786273663,ingest,0.00,0.00,0.0,4.634,0.002,0.000,44.984,0.00
1786273668,ingest,0.00,0.00,0.0,4.634,0.002,0.000,44.984,0.00
1786273673,ingest,0.00,0.00,0.0,4.634,0.002,0.000,44.984,0.00
1786273678,ingest,0.00,0.00,0.0,4.634,0.002,0.000,44.984,0.00
1786273683,ingest,0.00,0.00,0.0,4.634,0.002,0.000,44.984,0.00
1786273689,ingest,0.00,0.00,0.0,4.634,0.002,0.000,44.984,0.00
1786273694,ingest,0.00,0.00,0.0,4.634,0.002,0.000,44.984,0.00
1786273699,ingest,0.00,0.00,0.0,4.634,0.002,0.000,44.984,0.00
1786273704,ingest,0.00,0.00,0.0,4.634,0.002,0.000,44.984,0.00
1786273709,ingest,0.00,0.00,0.0,4.634,0.002,0.000,44.984,0.00
1786273714,ingest,0.00,0.00,0.0,4.634,0.002,0.000,44.984,0.00
1786273719,ingest,0.00,0.00,0.0,4.634,0.002,0.000,44.984,0.00
1786273724,ingest,0.00,0.00,0.0,4.634,0.002,0.000,44.984,0.00
1786273729,ingest,0.00,0.00,0.0,4.634,0.002,0.000,44.984,0.00
1786273734,ingest,0.00,0.00,0.0,4.634,0.002,0.000,44.984,0.00
1786273739,ingest,0.00,0.00,0.0,4.634,0.002,0.000,44.984,0.00
1786273744,ingest,0.00,0.00,0.0,4.634,0.002,0.000,44.984,0.00
1786273749,ingest,0.00,0.00,0.0,4.634,0.002,0.000,44.984,0.00
1786273754,ingest,0.00,0.00,0.0,4.634,0.002,0.000,44.984,0.00
1786273759,ingest,0.00,0.00,0.0,4.634,0.002,0.000,44.984,0.00
1786273764,ingest,0.00,0.00,0.0,4.634,0.002,0.000,44.984,0.00
1786273769,ingest,0.00,0.00,0.0,4.634,0.002,0.000,44.984,0.00
1786273774,ingest,0.00,0.00,0.0,4.634,0.002,0.000,44.984,0.00
1786273779,ingest,0.00,0.00,0.0,4.634,0.002,0.000,44.985,0.00
1786273784,ingest,0.00,0.00,0.0,4.634,0.002,0.000,44.985,0.00
1786273790,ingest,0.00,0.00,0.0,4.634,0.002,0.000,44.985,0.00
1786273795,ingest,0.00,0.00,0.0,4.634,0.002,0.000,44.985,0.00
1786273800,ingest,0.00,0.00,0.0,4.634,0.002,0.000,44.984,0.00
1786273805,ingest,0.00,0.00,0.0,4.634,0.002,0.000,44.984,0.00
1786273810,ingest,0.00,0.00,0.0,4.634,0.002,0.000,44.984,0.00
1786273815,ingest,0.00,0.00,0.0,4.634,0.002,0.000,44.984,0.00
1786273820,ingest,0.00,0.00,0.0,4.634,0.002,0.000,44.984,0.00
1786273825,ingest,0.00,0.00,0.0,4.634,0.002,0.000,44.984,0.00
1786273830,ingest,0.00,0.00,0.0,4.634,0.002,0.000,44.984,0.00
1786273835,ingest,0.00,0.00,0.0,4.634,0.002,0.000,44.984,0.00
1786273840,ingest,0.00,0.00,0.0,4.634,0.002,0.000,44.984,0.00
1786273845,ingest,0.00,0.00,0.0,4.634,0.002,0.000,44.984,0.00
1786273850,ingest,0.00,0.00,0.0,4.634,0.002,0.000,44.984,0.00
1786273855,ingest,0.00,0.00,0.0,4.634,0.002,0.000,44.984,0.00
1786273860,ingest,0.00,0.00,0.0,4.634,0.002,0.000,44.984,0.00
1786273865,ingest,0.00,0.00,0.0,4.634,0.002,0.000,44.984,0.00
1786273870,ingest,0.00,0.00,0.0,4.634,0.002,0.000,44.984,0.00
1786273875,ingest,0.00,0.00,0.0,4.634,0.002,0.000,44.984,0.00
1786273880,ingest,0.00,0.00,0.0,4.634,0.002,0.000,44.984,0.00
1786273885,ingest,0.00,0.00,0.0,4.634,0.002,0.000,44.984,0.00
1786273891,ingest,0.00,0.00,0.0,4.634,0.002,0.000,44.984,0.00
1786273896,ingest,0.00,0.00,0.0,4.634,0.002,0.000,44.984,0.00
1786273901,ingest,0.00,0.00,0.0,4.634,0.002,0.000,44.984,0.00
1786273906,ingest,0.00,0.00,0.0,4.634,0.002,0.000,44.984,0.00
1786273911,ingest,0.00,0.00,0.0,4.634,0.002,0.000,44.984,0.00
1786273916,ingest,0.00,0.00,0.0,4.634,0.002,0.000,44.984,0.00
1786273921,ingest,0.00,0.00,0.0,4.634,0.002,0.000,44.984,0.00
1786273926,ingest,0.00,0.00,0.0,4.634,0.002,0.000,44.984,0.00
1786273931,ingest,0.00,0.00,0.0,4.634,0.002,0.000,44.984,0.00
1786273936,ingest,0.00,0.00,0.0,4.634,0.002,0.000,44.984,0.00
1786273941,ingest,0.00,0.00,0.0,4.634,0.002,0.000,44.984,0.00
1786273946,ingest,0.00,0.00,0.0,4.634,0.002,0.000,44.984,0.00
1786273951,ingest,0.00,0.00,0.0,4.634,0.002,0.000,44.985,0.00
1786273956,ingest,0.00,0.00,0.0,4.634,0.002,0.000,44.985,0.00
1786273961,ingest,0.00,0.00,0.0,4.634,0.002,0.000,44.985,0.00
1786273966,ingest,0.00,0.00,0.0,4.634,0.002,0.000,44.984,0.00
1786273971,ingest,0.00,0.00,0.0,4.634,0.002,0.000,44.984,0.00
1786273976,ingest,0.00,0.00,0.0,4.634,0.002,0.000,44.984,0.00
1786273981,ingest,0.00,0.00,0.0,4.634,0.002,0.000,44.984,0.00
1786273986,ingest,0.00,0.00,0.0,4.634,0.002,0.000,44.986,0.00
1786273992,ingest,0.00,0.00,0.0,4.634,0.002,0.000,44.985,0.00
1786273997,ingest,0.00,0.00,0.0,4.634,0.002,0.000,44.985,0.00
1786274002,ingest,0.00,0.00,0.0,4.634,0.002,0.000,44.985,0.00
1786274007,ingest,0.00,0.00,0.0,4.634,0.002,0.000,44.985,0.00
1786274012,ingest,0.00,0.00,0.0,4.634,0.002,0.000,44.985,0.00
1786274017,ingest,0.00,0.00,0.0,4.634,0.002,0.000,44.985,0.00
1786274022,ingest,0.00,0.00,0.0,4.634,0.002,0.000,44.985,0.00
1786274027,ingest,0.00,0.00,0.0,4.634,0.002,0.000,44.985,0.00
1786274032,ingest,0.00,0.00,0.0,4.634,0.002,0.000,44.986,0.00
1786274037,ingest,0.00,0.00,0.0,4.634,0.002,0.000,44.985,0.00
1786274042,ingest,0.00,0.00,0.0,4.634,0.002,0.000,44.985,0.00
1786274047,ingest,0.00,0.00,0.0,4.634,0.002,0.000,44.985,0.00
1786274052,ingest,0.00,0.00,0.0,4.634,0.002,0.000,44.985,0.00
1786274057,ingest,0.00,0.00,0.0,4.634,0.002,0.000,44.985,0.00
1786274062,ingest,0.00,0.00,0.0,4.634,0.002,0.000,44.985,0.00
1786274067,ingest,0.00,0.00,0.0,4.634,0.002,0.000,44.985,0.00
1786274072,ingest,0.00,0.00,0.0,4.634,0.002,0.000,44.985,0.00
1786274077,ingest,0.00,0.00,0.0,4.634,0.002,0.000,44.985,0.00
1786274082,ingest,0.00,0.00,0.0,4.634,0.002,0.000,44.985,0.00
1786274087,ingest,0.00,0.00,0.0,4.634,0.002,0.000,44.985,0.00
1786274093,ingest,0.00,0.00,0.0,4.634,0.002,0.000,44.985,0.00
1786274098,ingest,0.00,0.00,0.0,4.634,0.002,0.000,44.985,0.00
1786274103,ingest,0.00,0.00,0.0,4.634,0.002,0.000,44.985,0.00
1786274108,ingest,0.00,0.00,0.0,4.634,0.002,0.000,44.985,0.00
1786274113,ingest,0.00,0.00,0.0,4.634,0.002,0.000,44.985,0.00
1786274118,ingest,0.00,0.00,0.0,4.634,0.002,0.000,44.985,0.00
1786274123,ingest,0.00,0.00,0.0,4.634,0.002,0.000,44.984,0.00
1786274128,ingest,0.00,0.00,0.0,4.634,0.002,0.000,44.985,0.00
1786274133,ingest,0.00,0.00,0.0,4.634,0.002,0.000,44.984,0.00
1786274138,ingest,0.00,0.00,0.0,4.634,0.002,0.000,44.984,0.00
1786274143,ingest,0.00,0.00,0.0,4.634,0.002,0.000,44.984,0.00
1786274148,ingest,0.00,0.00,0.0,4.634,0.002,0.000,44.984,0.00
1786274153,ingest,0.00,0.00,0.0,4.634,0.002,0.000,44.984,0.00
1786274158,ingest,0.00,0.00,0.0,4.634,0.002,0.000,44.984,0.00
1786274163,ingest,0.00,0.00,0.0,4.634,0.002,0.000,44.984,0.00
1786274168,ingest,0.00,0.00,0.0,4.634,0.002,0.000,44.984,0.00
1786274173,ingest,0.00,0.00,0.0,4.634,0.002,0.000,44.984,0.00
1786274178,ingest,0.00,0.00,0.0,4.634,0.002,0.000,44.984,0.00
1786274183,ingest,0.00,0.00,0.0,4.634,0.002,0.000,44.984,0.00
1786274188,ingest,0.00,0.00,0.0,4.634,0.002,0.000,44.986,0.00
1786274194,ingest,0.00,0.00,0.0,4.634,0.002,0.000,44.985,0.00
1786274199,ingest,0.00,0.00,0.0,4.634,0.002,0.000,44.985,0.00
1786274204,ingest,0.00,0.00,0.0,4.634,0.002,0.000,44.985,0.00
1786274209,ingest,0.00,0.00,0.0,4.634,0.002,0.000,44.985,0.00
1786274214,ingest,0.00,0.00,0.0,4.634,0.002,0.000,44.985,0.00
1786274219,ingest,0.00,0.00,0.0,4.634,0.002,0.000,44.985,0.00
1786274224,ingest,0.00,0.00,0.0,4.634,0.002,0.000,44.985,0.00
1786274229,ingest,0.00,0.00,0.0,4.634,0.002,0.000,44.985,0.00
1786274234,ingest,0.00,0.00,0.0,4.634,0.002,0.000,44.985,0.00
1786274239,ingest,0.00,0.00,0.0,4.634,0.002,0.000,44.985,0.00
1786274244,ingest,0.00,0.00,0.0,4.634,0.002,0.000,44.985,0.00
1786274249,ingest,0.00,0.00,0.0,4.634,0.002,0.000,44.985,0.00
1786274254,ingest,0.00,0.00,0.0,4.634,0.002,0.000,44.986,0.00
1786274259,ingest,0.00,0.00,0.0,4.634,0.002,0.000,44.985,0.00
1786274264,ingest,0.00,0.00,0.0,4.634,0.002,0.000,44.985,0.00
1786274269,ingest,0.00,0.00,0.0,4.634,0.002,0.000,44.985,0.00
1786274274,ingest,0.00,0.00,0.0,4.634,0.002,0.000,44.985,0.00
1786274279,ingest,0.00,0.00,0.0,4.634,0.002,0.000,44.984,0.00
1786274284,ingest,0.00,0.00,0.0,4.634,0.002,0.000,44.984,0.00
1786274289,ingest,0.00,0.00,0.0,4.634,0.002,0.000,44.984,0.00
1786274295,ingest,0.00,0.00,0.0,4.634,0.002,0.000,44.984,0.00
1786274300,ingest,0.00,0.00,0.0,4.634,0.002,0.000,44.984,0.00
1786274305,ingest,0.00,0.00,0.0,4.634,0.002,0.000,44.984,0.00
1786274310,ingest,0.00,0.00,0.0,4.634,0.002,0.000,44.984,0.00
1786274315,ingest,0.00,0.00,0.0,4.634,0.002,0.000,44.984,0.00
1786274320,ingest,0.00,0.00,0.0,4.634,0.002,0.000,44.984,0.00
1786274325,ingest,0.00,0.00,0.0,4.634,0.002,0.000,44.984,0.00
1786274330,ingest,0.00,0.00,0.0,4.634,0.002,0.000,44.984,0.00
1786274335,ingest,0.00,0.00,0.0,4.634,0.002,0.000,44.984,0.00
1786274340,ingest,0.00,0.00,0.0,4.634,0.002,0.000,44.984,0.00
1786274345,ingest,0.00,0.00,0.0,4.634,0.002,0.000,44.985,0.00
1786274350,ingest,0.00,0.00,0.0,4.634,0.002,0.000,44.984,0.00
1786274355,ingest,0.00,0.00,0.0,4.634,0.002,0.000,44.985,0.00
1786274360,ingest,0.00,0.00,0.0,4.634,0.002,0.000,44.985,0.00
1786274365,ingest,0.00,0.00,0.0,4.634,0.002,0.000,44.985,0.00
1786274370,ingest,0.00,0.00,0.0,4.634,0.002,0.000,44.985,0.00
1786274375,ingest,0.00,0.00,0.0,4.634,0.002,0.000,44.985,0.00
1786274380,ingest,0.00,0.00,0.0,4.634,0.002,0.000,44.985,0.00
1786274385,ingest,0.00,0.00,0.0,4.634,0.002,0.000,44.985,0.00
1786274390,ingest,0.00,0.00,0.0,4.634,0.002,0.000,44.985,0.00
1786274396,ingest,0.00,0.00,0.0,4.634,0.002,0.000,44.984,0.00
1786274401,ingest,0.00,0.00,0.0,4.634,0.002,0.000,44.985,0.00
1786274406,ingest,0.00,0.00,0.0,4.634,0.002,0.000,44.985,0.00
1786274411,ingest,0.00,0.00,0.0,4.634,0.002,0.000,44.985,0.00
1786274416,ingest,0.00,0.00,0.0,4.634,0.002,0.000,44.985,0.00
1786274421,ingest,0.00,0.00,0.0,4.634,0.002,0.000,44.985,0.00
1786274426,ingest,0.00,0.00,0.0,4.634,0.002,0.000,44.985,0.00
1786274431,ingest,0.00,0.00,0.0,4.634,0.002,0.000,44.985,0.00
1786274436,ingest,0.00,0.00,0.0,4.634,0.002,0.000,44.985,0.00
1786274441,ingest,0.00,0.00,0.0,4.634,0.002,0.000,44.985,0.00
1786274446,ingest,0.00,0.00,0.0,4.634,0.002,0.000,44.985,0.00
1786274451,ingest,0.00,0.00,0.0,4.634,0.002,0.000,44.985,0.00
1786274456,ingest,0.00,0.00,0.0,4.634,0.002,0.000,44.985,0.00
1786274461,ingest,0.00,0.00,0.0,4.634,0.002,0.000,44.986,0.00
1786274466,ingest,0.00,0.00,0.0,4.634,0.002,0.000,44.986,0.00
1786274471,ingest,0.00,0.00,0.0,4.634,0.002,0.000,44.986,0.00
1786274476,ingest,0.00,0.00,0.0,4.634,0.002,0.000,44.986,0.00
1786274481,ingest,0.00,0.00,0.0,4.634,0.002,0.000,44.986,0.00
1786274486,ingest,0.00,0.00,0.0,4.634,0.002,0.000,44.986,0.00
1786274491,ingest,0.00,0.00,0.0,4.634,0.002,0.000,44.986,0.00
1786274497,ingest,0.00,0.00,0.0,4.634,0.002,0.000,44.986,0.00
1786274502,ingest,0.00,0.00,0.0,4.634,0.002,0.000,44.986,0.00
1786274507,ingest,0.00,0.00,0.0,4.634,0.002,0.000,44.986,0.00
1786274512,ingest,0.00,0.00,0.0,4.634,0.002,0.000,44.986,0.00
1786274517,ingest,0.00,0.00,0.0,4.634,0.002,0.000,44.985,0.00
1786274522,ingest,0.00,0.00,0.0,4.634,0.002,0.000,44.985,0.00
1786274527,ingest,0.00,0.00,0.0,4.634,0.002,0.000,44.985,0.00
1786274532,ingest,0.00,0.00,0.0,4.634,0.002,0.000,44.985,0.00
1786274537,ingest,0.00,0.00,0.0,4.634,0.002,0.000,44.985,0.00
1786274542,ingest,0.00,0.00,0.0,4.634,0.002,0.000,44.985,0.00
1786274547,ingest,0.00,0.00,0.0,4.634,0.002,0.000,44.985,0.00
1786274552,ingest,0.00,0.00,0.0,4.634,0.002,0.000,44.985,0.00
1786274557,ingest,0.00,0.00,0.0,4.634,0.002,0.000,44.985,0.00
1786274562,ingest,0.00,0.00,0.0,4.634,0.002,0.000,44.985,0.00
1786274567,ingest,0.00,0.00,0.0,4.634,0.002,0.000,44.985,0.00
1786274572,ingest,0.00,0.00,0.0,4.634,0.002,0.000,44.985,0.00
1786274577,ingest,0.00,0.00,0.0,4.634,0.002,0.000,44.985,0.00
1786274582,ingest,0.00,0.00,0.0,4.634,0.002,0.000,44.985,0.00
1786274587,ingest,0.00,0.00,0.0,4.634,0.002,0.000,44.985,0.00
1786274592,ingest,0.00,0.00,0.0,4.634,0.002,0.000,44.985,0.00
1786274598,ingest,0.00,0.00,0.0,4.634,0.002,0.000,44.985,0.00
1786274603,ingest,0.00,0.00,0.0,4.634,0.002,0.000,44.985,0.00
1786274608,ingest,0.00,0.00,0.0,4.634,0.002,0.000,44.985,0.00
1786274613,ingest,0.00,0.00,0.0,4.634,0.002,0.000,44.985,0.00
1786274618,ingest,0.00,0.00,0.0,4.634,0.002,0.000,44.985,0.00
1786274623,ingest,0.00,0.00,0.0,4.634,0.002,0.000,44.985,0.00
1786274628,ingest,0.00,0.00,0.0,4.634,0.002,0.000,44.985,0.00
1786274633,ingest,0.00,0.00,0.0,4.634,0.002,0.000,44.985,0.00
1786274638,ingest,0.00,0.00,0.0,4.634,0.002,0.000,44.985,0.00
1786274643,ingest,0.00,0.00,0.0,4.634,0.002,0.000,44.985,0.00
1786274648,ingest,0.00,0.00,0.0,4.634,0.002,0.000,44.985,0.00
1786274653,ingest,0.00,0.00,0.0,4.634,0.002,0.000,44.985,0.00
1786274658,ingest,0.00,0.00,0.0,4.634,0.002,0.000,44.985,0.00
1786274663,ingest,0.00,0.00,0.0,4.634,0.002,0.000,44.985,0.00
1786274668,ingest,0.00,0.00,0.0,4.634,0.002,0.000,44.985,0.00
1786274673,ingest,0.00,0.00,0.0,4.634,0.002,0.000,44.985,0.00
1786274678,ingest,0.00,0.00,0.0,4.634,0.002,0.000,44.985,0.00
1786274683,ingest,0.00,0.00,0.0,4.634,0.002,0.000,44.985,0.00
1786274688,ingest,0.00,0.00,0.0,4.634,0.002,0.000,44.985,0.00
1786274693,ingest,0.00,0.00,0.0,4.634,0.002,0.000,44.985,0.00
1786274699,ingest,0.00,0.00,0.0,4.634,0.002,0.000,44.985,0.00
1786274704,ingest,0.00,0.00,0.0,4.634,0.002,0.000,44.985,0.00
1786274709,ingest,0.00,0.00,0.0,4.634,0.002,0.000,44.985,0.00
1786274714,ingest,0.00,0.00,0.0,4.634,0.002,0.000,44.985,0.00
1786274719,ingest,0.00,0.00,0.0,4.634,0.002,0.000,44.985,0.00
1786274724,ingest,0.00,0.00,0.0,4.634,0.002,0.000,44.985,0.00
1786274729,ingest,0.00,0.00,0.0,4.634,0.002,0.000,44.985,0.00
1786274734,ingest,0.00,0.00,0.0,4.634,0.002,0.000,44.985,0.00
1786274739,ingest,0.00,0.00,0.0,4.634,0.002,0.000,44.985,0.00
1786274744,ingest,0.00,0.00,0.0,4.634,0.002,0.000,44.985,0.00
1786274749,ingest,0.00,0.00,0.0,4.634,0.002,0.000,44.985,0.00
1786274754,ingest,0.00,0.00,0.0,4.634,0.002,0.000,44.985,0.00
1786274759,ingest,0.00,0.00,0.0,4.634,0.002,0.000,44.985,0.00
1786274764,ingest,0.00,0.00,0.0,4.634,0.002,0.000,44.985,0.00
1786274769,ingest,0.00,0.00,0.0,4.634,0.002,0.000,44.986,0.00
1786274774,ingest,0.00,0.00,0.0,4.634,0.002,0.000,44.986,0.00
1786274779,ingest,0.00,0.00,0.0,4.634,0.002,0.000,44.986,0.00
1786274784,ingest,0.00,0.00,0.0,4.634,0.002,0.000,44.986,0.00
1786274789,ingest,0.00,0.00,0.0,4.634,0.002,0.000,44.986,0.00
1786274794,ingest,0.00,0.00,0.0,4.634,0.002,0.000,44.986,0.00
1786274800,ingest,0.00,0.00,0.0,4.634,0.002,0.000,44.985,0.00
1786274805,ingest,0.00,0.00,0.0,4.634,0.002,0.000,44.985,0.00
1786274810,ingest,0.00,0.00,0.0,4.634,0.002,0.000,44.985,0.00
1786274815,ingest,0.00,0.00,0.0,4.634,0.002,0.000,44.985,0.00
1786274820,ingest,0.00,0.00,0.0,4.634,0.002,0.000,44.985,0.00
1786274825,ingest,0.00,0.00,0.0,4.634,0.002,0.000,44.985,0.00
1786274830,ingest,0.00,0.00,0.0,4.634,0.002,0.000,44.985,0.00
1786274835,ingest,0.00,0.00,0.0,4.634,0.002,0.000,44.985,0.00
1786274840,ingest,0.00,0.00,0.0,4.634,0.002,0.000,44.985,0.00
1786274845,ingest,0.00,0.00,0.0,4.634,0.002,0.000,44.985,0.00
1786274850,ingest,0.00,0.00,0.0,4.634,0.002,0.000,44.985,0.00
1786274855,ingest,0.00,0.00,0.0,4.634,0.002,0.000,44.985,0.00
1786274860,ingest,0.00,0.00,0.0,4.634,0.002,0.000,44.985,0.00
1786274865,ingest,0.00,0.00,0.0,4.634,0.002,0.000,44.985,0.00
1786274870,ingest,0.00,0.00,0.0,4.634,0.002,0.000,44.985,0.00
1786274875,ingest,0.00,0.00,0.0,4.634,0.002,0.000,44.985,0.00
1786274880,ingest,0.00,0.00,0.0,4.634,0.002,0.000,44.985,0.00
1786274885,ingest,0.00,0.00,0.0,4.634,0.002,0.000,44.985,0.00
1786274890,ingest,0.00,0.00,0.0,4.634,0.002,0.000,44.985,0.00
1786274895,ingest,0.00,0.00,0.0,4.634,0.002,0.000,44.985,0.00
1786274901,ingest,0.00,0.00,0.0,4.634,0.002,0.000,44.985,0.00
1786274906,ingest,0.00,0.00,0.0,4.634,0.002,0.000,44.986,0.00
1786274911,ingest,0.00,0.00,0.0,4.634,0.002,0.000,44.986,0.00
1786274916,ingest,0.00,0.00,0.0,4.634,0.002,0.000,44.986,0.00
1786274921,ingest,0.00,0.00,0.0,4.634,0.002,0.000,44.986,0.00
1786274926,ingest,0.00,0.00,0.0,4.634,0.002,0.000,44.986,0.00
1786274931,ingest,0.00,0.00,0.0,4.634,0.002,0.000,44.986,0.00
1786274936,ingest,0.00,0.00,0.0,4.634,0.002,0.000,44.986,0.00
1786274941,ingest,0.00,0.00,0.0,4.634,0.002,0.000,44.986,0.00
1786274946,ingest,0.00,0.00,0.0,4.634,0.002,0.000,44.986,0.00
1786274951,ingest,0.00,0.00,0.0,4.634,0.002,0.000,44.985,0.00
1786274956,ingest,0.00,0.00,0.0,4.634,0.002,0.000,44.985,0.00
1786274961,ingest,0.00,0.00,0.0,4.634,0.002,0.000,44.985,0.00
1786274966,ingest,0.00,0.00,0.0,4.634,0.002,0.000,44.985,0.00
1786274971,ingest,0.00,0.00,0.0,4.634,0.002,0.000,44.985,0.00
1786274976,ingest,0.00,0.00,0.0,4.634,0.002,0.000,44.985,0.00
1786274981,ingest,0.00,0.00,0.0,4.634,0.002,0.000,44.985,0.00
1786274986,ingest,0.00,0.00,0.0,4.634,0.002,0.000,44.986,0.00
1786274991,ingest,0.00,0.00,0.0,4.634,0.002,0.000,44.985,0.00
1786274996,ingest,0.00,0.00,0.0,4.634,0.002,0.000,44.985,0.00
1786275002,ingest,0.00,0.00,0.0,4.634,0.002,0.000,44.985,0.00
1786275007,ingest,0.00,0.00,0.0,4.634,0.002,0.000,44.985,0.00
1786275012,ingest,0.00,0.00,0.0,4.634,0.002,0.000,44.985,0.00
1786275017,ingest,0.00,0.00,0.0,4.634,0.002,0.000,44.987,0.00
1786275022,ingest,0.00,0.00,0.0,4.634,0.002,0.000,44.986,0.00
1786275027,ingest,0.00,0.00,0.0,4.634,0.002,0.000,44.986,0.00
1786275032,ingest,0.00,0.00,0.0,4.634,0.002,0.000,44.986,0.00
1786275037,ingest,0.00,0.00,0.0,4.634,0.002,0.000,44.985,0.00
1786275042,ingest,0.00,0.00,0.0,4.634,0.002,0.000,44.985,0.00
1786275047,ingest,0.00,0.00,0.0,4.634,0.002,0.000,44.985,0.00
1786275052,ingest,0.00,0.00,0.0,4.634,0.002,0.000,44.985,0.00
1786275057,ingest,0.00,0.00,0.0,4.634,0.002,0.000,44.985,0.00
1786275062,ingest,0.00,0.00,0.0,4.634,0.002,0.000,44.985,0.00
1786275067,ingest,0.00,0.00,0.0,4.634,0.002,0.000,44.985,0.00
1786275072,ingest,0.00,0.00,0.0,4.634,0.002,0.000,44.985,0.00
1786275077,ingest,0.00,0.00,0.0,4.634,0.002,0.000,44.985,0.00
1786275082,ingest,0.00,0.00,0.0,4.634,0.002,0.000,44.986,0.00
1786275087,ingest,0.00,0.00,0.0,4.634,0.002,0.000,44.986,0.00
1786275092,ingest,0.00,0.00,0.0,4.634,0.002,0.000,44.985,0.00
1786275097,ingest,0.00,0.00,0.0,4.634,0.002,0.000,44.985,0.00
1786275103,ingest,0.00,0.00,0.0,4.634,0.002,0.000,44.985,0.00
1786275108,ingest,0.00,0.00,0.0,4.634,0.002,0.000,44.985,0.00
1786275113,ingest,0.00,0.00,0.0,4.634,0.002,0.000,44.985,0.00
1786275118,ingest,0.00,0.00,0.0,4.634,0.002,0.000,44.985,0.00
1786275123,ingest,0.00,0.00,0.0,4.634,0.002,0.000,44.985,0.00
1786275128,ingest,0.00,0.00,0.0,4.634,0.002,0.000,44.985,0.00
1786275133,ingest,0.00,0.00,0.0,4.634,0.002,0.000,44.985,0.00
1786275138,ingest,0.00,0.00,0.0,4.634,0.002,0.000,44.985,0.00
1786275143,ingest,0.00,0.00,0.0,4.634,0.002,0.000,44.985,0.00
1786275148,ingest,0.00,0.00,0.0,4.634,0.002,0.000,44.985,0.00
1786275153,ingest,0.00,0.00,0.0,4.634,0.002,0.000,44.985,0.00
1786275158,ingest,0.00,0.00,0.0,4.634,0.002,0.000,44.985,0.00
1786275163,ingest,0.00,0.00,0.0,4.634,0.002,0.000,44.986,0.00
1786275168,ingest,0.00,0.00,0.0,4.634,0.002,0.000,44.986,0.00
1786275173,ingest,0.00,0.00,0.0,4.634,0.002,0.000,44.985,0.00
1786275178,ingest,0.00,0.00,0.0,4.634,0.002,0.000,44.985,0.00
1786275183,ingest,0.00,0.00,0.0,4.634,0.002,0.000,44.985,0.00
1786275188,ingest,0.00,0.00,0.0,4.634,0.002,0.000,44.985,0.00
1786275193,ingest,0.00,0.00,0.0,4.634,0.002,0.000,44.984,0.00
1786275198,ingest,0.00,0.00,0.0,4.634,0.002,0.000,44.984,0.00
1786275204,ingest,0.00,0.00,0.0,4.634,0.002,0.000,44.984,0.00
1786275209,ingest,0.00,0.00,0.0,4.634,0.002,0.000,44.984,0.00
1786275214,ingest,0.00,0.00,0.0,4.634,0.002,0.000,44.984,0.00
1786275219,ingest,0.00,0.00,0.0,4.634,0.002,0.000,44.984,0.00
1786275224,ingest,0.00,0.00,0.0,4.634,0.002,0.000,44.986,0.00
1786275229,ingest,0.00,0.00,0.0,4.634,0.002,0.000,44.986,0.00
1786275234,ingest,0.00,0.00,0.0,4.634,0.002,0.000,44.985,0.00
1786275239,ingest,0.00,0.00,0.0,4.634,0.002,0.000,44.985,0.00
1786275244,ingest,0.00,0.00,0.0,4.634,0.002,0.000,44.985,0.00
1786275249,ingest,0.00,0.00,0.0,4.634,0.002,0.000,44.985,0.00
1786275254,ingest,0.00,0.00,0.0,4.634,0.002,0.000,44.985,0.00
1786275259,ingest,0.00,0.00,0.0,4.634,0.002,0.000,44.985,0.00
1786275264,ingest,0.00,0.00,0.0,4.634,0.002,0.000,44.985,0.00
1786275269,ingest,0.00,0.00,0.0,4.634,0.002,0.000,44.985,0.00
1786275274,ingest,0.00,0.00,0.0,4.634,0.002,0.000,44.984,0.00
1786275279,ingest,0.00,0.00,0.0,4.634,0.002,0.000,44.984,0.00
1786275284,ingest,0.00,0.00,0.0,4.634,0.002,0.000,44.984,0.00
1786275289,ingest,0.00,0.00,0.0,4.634,0.002,0.000,44.984,0.00
1786275294,ingest,0.00,0.00,0.0,4.634,0.002,0.000,44.984,0.00
1786275299,ingest,0.00,0.00,0.0,4.634,0.002,0.000,44.984,0.00
1786275305,ingest,0.00,0.00,0.0,4.634,0.002,0.000,44.985,0.00
1786275310,ingest,0.00,0.00,0.0,4.634,0.002,0.000,44.984,0.00
1786275315,ingest,0.00,0.00,0.0,4.634,0.002,0.000,44.984,0.00
1786275320,ingest,0.00,0.00,0.0,4.634,0.002,0.000,44.985,0.00
1786275325,ingest,0.00,0.00,0.0,4.634,0.002,0.000,44.985,0.00
1786275330,ingest,0.00,0.00,0.0,4.634,0.002,0.000,44.985,0.00
1786275335,ingest,0.00,0.00,0.0,4.634,0.002,0.000,44.985,0.00
1786275340,ingest,0.00,0.00,0.0,4.634,0.002,0.000,44.985,0.00
1786275345,ingest,0.00,0.00,0.0,4.634,0.002,0.000,44.985,0.00
1786275350,ingest,0.00,0.00,0.0,4.634,0.002,0.000,44.984,0.00
1786275355,ingest,0.00,0.00,0.0,4.634,0.002,0.000,44.984,0.00
1786275360,ingest,0.00,0.00,0.0,4.634,0.002,0.000,44.984,0.00
1786275365,ingest,0.00,0.00,0.0,4.634,0.002,0.000,44.984,0.00
1786275370,ingest,0.00,0.00,0.0,4.634,0.002,0.000,44.984,0.00
1786275375,ingest,0.00,0.00,0.0,4.634,0.002,0.000,44.984,0.00
1786275380,ingest,0.00,0.00,0.0,4.634,0.002,0.000,44.984,0.00
1786275385,ingest,0.00,0.00,0.0,4.634,0.002,0.000,44.984,0.00
1786275390,ingest,0.00,0.00,0.0,4.634,0.002,0.000,44.984,0.00
1786275395,ingest,0.00,0.00,0.0,4.634,0.002,0.000,44.984,0.00
1786275400,ingest,0.00,0.00,0.0,4.634,0.002,0.000,44.984,0.00
1786275406,ingest,0.00,0.00,0.0,4.634,0.002,0.000,44.985,0.00
1786275411,ingest,0.00,0.00,0.0,4.634,0.002,0.000,44.985,0.00
1786275416,ingest,0.00,0.00,0.0,4.634,0.002,0.000,44.984,0.00
1786275421,ingest,0.00,0.00,0.0,4.634,0.002,0.000,44.984,0.00
1786275426,ingest,0.00,0.00,0.0,4.634,0.002,0.000,44.984,0.00
1786275431,ingest,0.00,0.00,0.0,4.634,0.002,0.000,44.984,0.00
1786275436,ingest,0.00,0.00,0.0,4.634,0.002,0.000,44.986,0.00
1786275441,ingest,0.00,0.00,0.0,4.634,0.002,0.000,44.985,0.00
1786275446,ingest,0.00,0.00,0.0,4.634,0.002,0.000,44.985,0.00
1786275451,ingest,0.00,0.00,0.0,4.634,0.002,0.000,44.985,0.00
1786275456,ingest,0.00,0.00,0.0,4.634,0.002,0.000,44.985,0.00
1786275461,ingest,0.00,0.00,0.0,4.634,0.002,0.000,44.985,0.00
1786275466,ingest,0.00,0.00,0.0,4.634,0.002,0.000,44.985,0.00
1786275471,ingest,0.00,0.00,0.0,4.634,0.002,0.000,44.985,0.00
1786275476,ingest,0.00,0.00,0.0,4.634,0.002,0.000,44.985,0.00
1786275481,ingest,0.00,0.00,0.0,4.634,0.002,0.000,44.985,0.00
1786275486,ingest,0.00,0.00,0.0,4.634,0.002,0.000,44.985,0.00
1786275491,ingest,0.00,0.00,0.0,4.634,0.002,0.000,44.985,0.00
1786275496,ingest,0.00,0.00,0.0,4.634,0.002,0.000,44.985,0.00
1786275501,ingest,0.00,0.00,0.0,4.634,0.002,0.000,44.985,0.00
1786275507,ingest,0.00,0.00,0.0,4.634,0.002,0.000,44.985,0.00
1786275512,ingest,0.00,0.00,0.0,4.634,0.002,0.000,44.985,0.00
1786275517,ingest,0.00,0.00,0.0,4.634,0.002,0.000,44.985,0.00
1786275522,ingest,0.00,0.00,0.0,4.634,0.002,0.000,44.985,0.00
1786275527,ingest,0.00,0.00,0.0,4.634,0.002,0.000,44.985,0.00
1786275532,ingest,0.00,0.00,0.0,4.634,0.002,0.000,44.985,0.00
1786275537,ingest,0.00,0.00,0.0,4.634,0.002,0.000,44.985,0.00
1786275542,ingest,0.00,0.00,0.0,4.634,0.002,0.000,44.985,0.00
1786275547,ingest,0.00,0.00,0.0,4.634,0.002,0.000,44.985,0.00
1786275552,ingest,0.00,0.00,0.0,4.634,0.002,0.000,44.986,0.00
1786275557,ingest,0.00,0.00,0.0,4.634,0.002,0.000,44.985,0.00
1786275562,ingest,0.00,0.00,0.0,4.634,0.002,0.000,44.985,0.00
1786275567,ingest,0.00,0.00,0.0,4.634,0.002,0.000,44.987,0.00
1786275572,ingest,0.00,0.00,0.0,4.634,0.002,0.000,44.986,0.00
1786275577,ingest,0.00,0.00,0.0,4.634,0.002,0.000,44.986,0.00
1786275582,ingest,0.00,0.00,0.0,4.634,0.002,0.000,44.985,0.00
1786275587,ingest,0.00,0.00,0.0,4.634,0.002,0.000,44.985,0.00
1786275592,ingest,0.00,0.00,0.0,4.634,0.002,0.000,44.985,0.00
1786275597,ingest,0.00,0.00,0.0,4.634,0.002,0.000,44.985,0.00
1786275602,ingest,0.00,0.00,0.0,4.634,0.002,0.000,44.985,0.00
1786275608,ingest,0.00,0.00,0.0,4.634,0.002,0.000,44.985,0.00
1786275613,ingest,0.00,0.00,0.0,4.634,0.002,0.000,44.985,0.00
1786275618,ingest,0.00,0.00,0.0,4.634,0.002,0.000,44.986,0.00
1786275623,ingest,0.00,0.00,0.0,4.634,0.002,0.000,44.985,0.00
1786275628,ingest,0.00,0.00,0.0,4.634,0.002,0.000,44.985,0.00
1786275633,ingest,0.00,0.00,0.0,4.634,0.002,0.000,44.985,0.00
1786275638,ingest,0.00,0.00,0.0,4.634,0.002,0.000,44.986,0.00
1786275643,ingest,0.00,0.00,0.0,4.634,0.002,0.000,44.985,0.00
1786275648,ingest,0.00,0.00,0.0,4.634,0.002,0.000,44.985,0.00
1786275653,ingest,0.00,0.00,0.0,4.634,0.002,0.000,44.985,0.00
1786275658,ingest,0.00,0.00,0.0,4.634,0.002,0.000,44.985,0.00
1786275663,ingest,0.00,0.00,0.0,4.634,0.002,0.000,44.985,0.00
1786275668,ingest,0.00,0.00,0.0,4.634,0.002,0.000,44.985,0.00
1786275673,ingest,0.00,0.00,0.0,4.634,0.002,0.000,44.956,0.00
1786275678,ingest,0.00,0.00,0.0,4.634,0.002,0.000,44.983,0.00
1786275683,ingest,0.00,0.00,0.0,4.634,0.002,0.000,44.982,0.00
1786275688,ingest,0.00,0.00,0.0,4.634,0.002,0.000,44.982,0.00
1786275693,ingest,0.00,0.00,0.0,4.634,0.002,0.000,44.982,0.00
1786275698,ingest,0.00,0.00,0.0,4.634,0.002,0.000,44.982,0.00
1786275703,ingest,0.00,0.00,0.0,4.634,0.002,0.000,44.982,0.00
1786275709,ingest,0.00,0.00,0.0,4.634,0.002,0.000,44.982,0.00
1786275714,ingest,0.00,0.00,0.0,4.634,0.002,0.000,44.982,0.00
1786275719,ingest,0.00,0.00,0.0,4.634,0.002,0.000,44.982,0.00
1786275724,ingest,0.00,0.00,0.0,4.634,0.002,0.000,44.982,0.00
1786275729,ingest,0.00,0.00,0.0,4.634,0.002,0.000,44.982,0.00
1786275734,ingest,0.00,0.00,0.0,4.634,0.002,0.000,44.982,0.00
1786275739,ingest,0.00,0.00,0.0,4.634,0.002,0.000,44.982,0.00
1786275744,ingest,0.00,0.00,0.0,4.634,0.002,0.000,44.981,0.00
1786275749,ingest,0.00,0.00,0.0,4.634,0.002,0.000,44.981,0.00
1786275754,ingest,0.00,0.00,0.0,4.634,0.002,0.000,44.981,0.00
1786275759,ingest,0.00,0.00,0.0,4.634,0.002,0.000,44.981,0.00
1786275764,ingest,0.00,0.00,0.0,4.634,0.002,0.000,44.981,0.00
1786275769,ingest,0.00,0.00,0.0,4.634,0.002,0.000,44.981,0.00
1786275774,ingest,0.00,0.00,0.0,4.634,0.002,0.000,44.981,0.00
1786275779,ingest,0.00,0.00,0.0,4.634,0.002,0.000,44.981,0.00
1786275784,ingest,0.00,0.00,0.0,4.634,0.002,0.000,44.981,0.00
1786275789,ingest,0.00,0.00,0.0,4.634,0.002,0.000,44.981,0.00
1786275794,ingest,0.00,0.00,0.0,4.634,0.002,0.000,44.981,0.00
1786275799,ingest,0.00,0.00,0.0,4.634,0.002,0.000,44.981,0.00
1786275804,ingest,0.00,0.00,0.0,4.634,0.002,0.000,44.981,0.00
1786275810,ingest,0.00,0.00,0.0,4.634,0.002,0.000,44.981,0.00
1786275815,ingest,0.00,0.00,0.0,4.634,0.002,0.000,44.982,0.00
1786275820,ingest,0.00,0.00,0.0,4.634,0.002,0.000,44.983,0.00
1786275825,ingest,0.00,0.00,0.0,4.634,0.002,0.000,44.983,0.00
1786275830,ingest,0.00,0.00,0.0,4.634,0.002,0.000,44.982,0.00
1786275835,ingest,0.00,0.00,0.0,4.634,0.002,0.000,44.982,0.00
1786275840,ingest,0.00,0.00,0.0,4.634,0.002,0.000,44.982,0.00
1786275845,ingest,0.00,0.00,0.0,4.634,0.002,0.000,44.984,0.00
1786275850,ingest,0.00,0.00,0.0,4.634,0.002,0.000,44.984,0.00
1786275855,ingest,0.00,0.00,0.0,4.634,0.002,0.000,44.983,0.00
1786275860,ingest,0.00,0.00,0.0,4.634,0.002,0.000,44.983,0.00
1786275865,ingest,0.00,0.00,0.0,4.634,0.002,0.000,44.983,0.00
1786275870,ingest,0.00,0.00,0.0,4.634,0.002,0.000,44.983,0.00
1786275875,ingest,0.00,0.00,0.0,4.634,0.002,0.000,44.983,0.00
1786275880,ingest,0.00,0.00,0.0,4.634,0.002,0.000,44.983,0.00
1786275885,ingest,0.00,0.00,0.0,4.634,0.002,0.000,44.983,0.00
1786275890,ingest,0.00,0.00,0.0,4.634,0.002,0.000,44.983,0.00
1786275895,ingest,0.00,0.00,0.0,4.634,0.002,0.000,44.983,0.00
1786275900,ingest,0.00,0.00,0.0,4.634,0.002,0.000,44.983,0.00
1786275905,ingest,0.00,0.00,0.0,4.634,0.002,0.000,44.983,0.00
1786275911,ingest,0.00,0.00,0.0,4.634,0.002,0.000,44.983,0.00
1786275916,ingest,0.00,0.00,0.0,4.634,0.002,0.000,44.983,0.00
1786275921,ingest,0.00,0.00,0.0,4.634,0.002,0.000,44.983,0.00
1786275926,ingest,0.00,0.00,0.0,4.634,0.002,0.000,44.983,0.00
1786275931,ingest,0.00,0.00,0.0,4.634,0.002,0.000,44.983,0.00
1786275936,ingest,0.00,0.00,0.0,4.634,0.002,0.000,44.983,0.00
1786275941,ingest,0.00,0.00,0.0,4.634,0.002,0.000,44.983,0.00
1786275946,ingest,0.00,0.00,0.0,4.634,0.002,0.000,44.983,0.00
1786275951,ingest,0.00,0.00,0.0,4.634,0.002,0.000,44.983,0.00
1786275956,ingest,0.00,0.00,0.0,4.634,0.002,0.000,44.983,0.00
1786275961,ingest,0.00,0.00,0.0,4.634,0.002,0.000,44.983,0.00
1786275966,ingest,0.00,0.00,0.0,4.634,0.002,0.000,44.983,0.00
1786275971,ingest,0.00,0.00,0.0,4.634,0.002,0.000,44.983,0.00
1786275976,ingest,0.00,0.00,0.0,4.634,0.002,0.000,44.983,0.00
1786275981,ingest,0.00,0.00,0.0,4.634,0.002,0.000,44.983,0.00
1786275986,ingest,0.00,0.00,0.0,4.634,0.002,0.000,44.983,0.00
1786275991,ingest,0.00,0.00,0.0,4.634,0.002,0.000,44.983,0.00
1786275996,ingest,0.00,0.00,0.0,4.634,0.002,0.000,44.983,0.00
1786276001,ingest,0.00,0.00,0.0,4.634,0.002,0.000,44.983,0.00
1786276006,ingest,0.00,0.00,0.0,4.634,0.002,0.000,44.983,0.00
1786276012,ingest,0.00,0.00,0.0,4.634,0.002,0.000,44.983,0.00
1786276017,ingest,0.00,0.00,0.0,4.634,0.002,0.000,44.983,0.00
1786276022,ingest,0.00,0.00,0.0,4.634,0.002,0.000,44.984,0.00
1786276027,ingest,0.00,0.00,0.0,4.634,0.002,0.000,44.984,0.00
1786276032,ingest,0.00,0.00,0.0,4.634,0.002,0.000,44.984,0.00
1786276037,ingest,0.00,0.00,0.0,4.634,0.002,0.000,44.984,0.00
1786276042,ingest,0.00,0.00,0.0,4.634,0.002,0.000,44.983,0.00
1786276047,ingest,0.00,0.00,0.0,4.634,0.002,0.000,44.983,0.00
1786276052,ingest,0.00,0.00,0.0,4.634,0.002,0.000,44.983,0.00
1786276057,ingest,0.00,0.00,0.0,4.634,0.002,0.000,44.983,0.00
1786276062,ingest,0.00,0.00,0.0,4.634,0.002,0.000,44.983,0.00
1786276067,ingest,0.00,0.00,0.0,4.634,0.002,0.000,44.983,0.00
1786276072,ingest,0.00,0.00,0.0,4.634,0.002,0.000,44.983,0.00
1786276077,ingest,0.00,0.00,0.0,4.634,0.002,0.000,44.983,0.00
1786276082,ingest,0.00,0.00,0.0,4.634,0.002,0.000,44.984,0.00
1786276087,ingest,0.00,0.00,0.0,4.634,0.002,0.000,44.984,0.00
1786276092,ingest,0.00,0.00,0.0,4.634,0.002,0.000,44.984,0.00
1786276097,ingest,0.00,0.00,0.0,4.634,0.002,0.000,44.984,0.00
1786276102,ingest,0.00,0.00,0.0,4.634,0.002,0.000,44.984,0.00
1786276107,ingest,0.00,0.00,0.0,4.634,0.002,0.000,44.984,0.00
1786276113,ingest,0.00,0.00,0.0,4.634,0.002,0.000,44.984,0.00
1786276118,ingest,0.00,0.00,0.0,4.634,0.002,0.000,44.984,0.00
1786276123,ingest,0.00,0.00,0.0,4.634,0.002,0.000,44.984,0.00
1786276128,ingest,0.00,0.00,0.0,4.634,0.002,0.000,44.984,0.00
1786276133,ingest,0.00,0.00,0.0,4.634,0.002,0.000,44.984,0.00
1786276138,ingest,0.00,0.00,0.0,4.634,0.002,0.000,44.984,0.00
1786276143,ingest,0.00,0.00,0.0,4.634,0.002,0.000,44.984,0.00
1786276148,ingest,0.00,0.00,0.0,4.634,0.002,0.000,44.984,0.00
1786276153,ingest,0.00,0.00,0.0,4.634,0.002,0.000,44.984,0.00
1786276158,ingest,0.00,0.00,0.0,4.634,0.002,0.000,44.985,0.00
1786276163,ingest,0.00,0.00,0.0,4.634,0.002,0.000,44.984,0.00
1786276168,ingest,0.00,0.00,0.0,4.634,0.002,0.000,44.985,0.00
1786276173,ingest,0.00,0.00,0.0,4.634,0.002,0.000,44.985,0.00
1786276178,ingest,0.00,0.00,0.0,4.634,0.002,0.000,44.984,0.00
1786276183,ingest,0.00,0.00,0.0,4.634,0.002,0.000,44.984,0.00
1786276188,ingest,0.00,0.00,0.0,4.634,0.002,0.000,44.984,0.00
1786276193,ingest,0.00,0.00,0.0,4.634,0.002,0.000,44.984,0.00
1786276198,ingest,0.00,0.00,0.0,4.634,0.002,0.000,44.984,0.00
1786276203,ingest,0.00,0.00,0.0,4.634,0.002,0.000,44.984,0.00
1786276208,ingest,0.00,0.00,0.0,4.634,0.002,0.000,44.984,0.00
1786276214,ingest,0.00,0.00,0.0,4.634,0.002,0.000,44.984,0.00
1786276219,ingest,0.00,0.00,0.0,4.634,0.002,0.000,44.984,0.00
1786276224,ingest,0.00,0.00,0.0,4.634,0.002,0.000,44.984,0.00
1786276229,ingest,0.00,0.00,0.0,4.634,0.002,0.000,44.984,0.00
1786276234,ingest,0.00,0.00,0.0,4.634,0.002,0.000,44.984,0.00
1786276239,ingest,0.00,0.00,0.0,4.634,0.002,0.000,44.984,0.00
1786276244,ingest,0.00,0.00,0.0,4.634,0.002,0.000,44.984,0.00
1786276249,ingest,0.00,0.00,0.0,4.634,0.002,0.000,44.984,0.00
1786276254,ingest,0.00,0.00,0.0,4.634,0.002,0.000,44.984,0.00
1786276259,ingest,0.00,0.00,0.0,4.634,0.002,0.000,44.984,0.00
1786276264,ingest,0.00,0.00,0.0,4.634,0.002,0.000,44.984,0.00
1786276269,ingest,0.00,0.00,0.0,4.634,0.002,0.000,44.984,0.00
1786276274,ingest,0.00,0.00,0.0,4.634,0.002,0.000,44.984,0.00
1786276279,ingest,0.00,0.00,0.0,4.634,0.002,0.000,44.984,0.00
1786276284,ingest,0.00,0.00,0.0,4.634,0.002,0.000,44.984,0.00
1786276289,ingest,0.00,0.00,0.0,4.634,0.002,0.000,44.984,0.00
1786276294,ingest,0.00,0.00,0.0,4.634,0.002,0.000,44.984,0.00
1786276299,ingest,0.00,0.00,0.0,4.634,0.002,0.000,44.984,0.00
1786276304,ingest,0.00,0.00,0.0,4.634,0.002,0.000,44.984,0.00
1786276310,ingest,0.00,0.00,0.0,4.634,0.002,0.000,44.984,0.00
1786276315,ingest,0.00,0.00,0.0,4.634,0.002,0.000,44.984,0.00
1786276320,ingest,0.00,0.00,0.0,4.634,0.002,0.000,44.984,0.00
1786276325,ingest,0.00,0.00,0.0,4.634,0.002,0.000,44.984,0.00
1786276330,ingest,0.00,0.00,0.0,4.634,0.002,0.000,44.984,0.00
1786276335,ingest,0.00,0.00,0.0,4.634,0.002,0.000,44.984,0.00
1786276340,ingest,0.00,0.00,0.0,4.634,0.002,0.000,44.984,0.00
1786276345,ingest,0.00,0.00,0.0,4.634,0.002,0.000,44.984,0.00
1786276350,ingest,0.00,0.00,0.0,4.634,0.002,0.000,44.984,0.00
1786276355,ingest,0.00,0.00,0.0,4.634,0.002,0.000,44.984,0.00
1786276360,ingest,0.00,0.00,0.0,4.634,0.002,0.000,44.983,0.00
1786276365,ingest,0.00,0.00,0.0,4.634,0.002,0.000,44.983,0.00
1786276370,ingest,0.00,0.00,0.0,4.634,0.002,0.000,44.983,0.00
1786276375,ingest,0.00,0.00,0.0,4.634,0.002,0.000,44.983,0.00
1786276380,ingest,0.00,0.00,0.0,4.634,0.002,0.000,44.983,0.00
1786276385,ingest,0.00,0.00,0.0,4.634,0.002,0.000,44.983,0.00
1786276390,ingest,0.00,0.00,0.0,4.634,0.002,0.000,44.985,0.00
1786276395,ingest,0.00,0.00,0.0,4.634,0.002,0.000,44.985,0.00
1786276400,ingest,0.00,0.00,0.0,4.634,0.002,0.000,44.985,0.00
1786276405,ingest,0.00,0.00,0.0,4.634,0.002,0.000,44.985,0.00
1786276411,ingest,0.00,0.00,0.0,4.634,0.002,0.000,44.984,0.00
1786276416,ingest,0.00,0.00,0.0,4.634,0.002,0.000,44.984,0.00
1786276421,ingest,0.00,0.00,0.0,4.634,0.002,0.000,44.984,0.00
1786276426,ingest,0.00,0.00,0.0,4.634,0.002,0.000,44.985,0.00
1786276431,ingest,0.00,0.00,0.0,4.634,0.002,0.000,44.984,0.00
1786276436,ingest,0.00,0.00,0.0,4.634,0.002,0.000,44.984,0.00
1786276441,ingest,0.00,0.00,0.0,4.634,0.002,0.000,44.984,0.00
1786276446,ingest,0.00,0.00,0.0,4.634,0.002,0.000,44.984,0.00
1786276451,ingest,0.00,0.00,0.0,4.634,0.002,0.000,44.984,0.00
1786276456,ingest,0.00,0.00,0.0,4.634,0.002,0.000,44.984,0.00
1786276461,ingest,0.00,0.00,0.0,4.634,0.002,0.000,44.984,0.00
1786276466,ingest,0.00,0.00,0.0,4.634,0.002,0.000,44.984,0.00
1786276471,ingest,0.00,0.00,0.0,4.634,0.002,0.000,44.984,0.00
1786276476,ingest,0.00,0.00,0.0,4.634,0.002,0.000,44.984,0.00
1786276481,ingest,0.00,0.00,0.0,4.634,0.002,0.000,44.984,0.00
1786276486,ingest,0.00,0.00,0.0,4.634,0.002,0.000,44.984,0.00
1786276491,ingest,0.00,0.00,0.0,4.634,0.002,0.000,44.984,0.00
1786276496,ingest,0.00,0.00,0.0,4.634,0.002,0.000,44.984,0.00
1786276501,ingest,0.00,0.00,0.0,4.634,0.002,0.000,44.984,0.00
1786276506,ingest,0.00,0.00,0.0,4.634,0.002,0.000,44.984,0.00
1786276512,ingest,0.00,0.00,0.0,4.634,0.002,0.000,44.984,0.00
1786276517,ingest,0.00,0.00,0.0,4.634,0.002,0.000,44.984,0.00
1786276522,ingest,0.00,0.00,0.0,4.634,0.002,0.000,44.984,0.00
1786276527,ingest,0.00,0.00,0.0,4.634,0.002,0.000,44.984,0.00
1786276532,ingest,0.00,0.00,0.0,4.634,0.002,0.000,44.985,0.00
1786276537,ingest,0.00,0.00,0.0,4.634,0.002,0.000,44.985,0.00
1786276542,ingest,0.00,0.00,0.0,4.634,0.002,0.000,44.985,0.00
1786276547,ingest,0.00,0.00,0.0,4.634,0.002,0.000,44.985,0.00
1786276552,ingest,0.00,0.00,0.0,4.634,0.002,0.000,44.985,0.00
1786276557,ingest,0.00,0.00,0.0,4.634,0.002,0.000,44.985,0.00
1786276562,ingest,0.00,0.00,0.0,4.634,0.002,0.000,44.985,0.00
1786276567,ingest,0.00,0.00,0.0,4.634,0.002,0.000,44.985,0.00
1786276572,ingest,0.00,0.00,0.0,4.634,0.002,0.000,44.985,0.00
1786276577,ingest,0.00,0.00,0.0,4.634,0.002,0.000,44.985,0.00
1786276582,ingest,0.00,0.00,0.0,4.634,0.002,0.000,44.985,0.00
1786276587,ingest,0.00,0.00,0.0,4.634,0.002,0.000,44.985,0.00
1786276592,ingest,0.00,0.00,0.0,4.634,0.002,0.000,44.985,0.00
1786276597,ingest,0.00,0.00,0.0,4.634,0.002,0.000,44.985,0.00
1786276602,ingest,0.00,0.00,0.0,4.634,0.002,0.000,44.985,0.00
1786276607,ingest,0.00,0.00,0.0,4.634,0.002,0.000,44.985,0.00
1786276613,ingest,0.00,0.00,0.0,4.634,0.002,0.000,44.985,0.00
1786276618,ingest,0.00,0.00,0.0,4.634,0.002,0.000,44.985,0.00
1786276623,ingest,0.00,0.00,0.0,4.634,0.002,0.000,44.985,0.00
1786276628,ingest,0.00,0.00,0.0,4.634,0.002,0.000,44.985,0.00
1786276633,ingest,0.00,0.00,0.0,4.634,0.002,0.000,44.985,0.00
1786276638,ingest,0.00,0.00,0.0,4.634,0.002,0.000,44.985,0.00
1786276643,ingest,0.00,0.00,0.0,4.634,0.002,0.000,44.985,0.00
1786276648,ingest,0.00,0.00,0.0,4.634,0.002,0.000,44.985,0.00
1786276653,ingest,0.00,0.00,0.0,4.634,0.002,0.000,44.985,0.00
1786276658,ingest,0.00,0.00,0.0,4.634,0.002,0.000,44.985,0.00
1786276663,ingest,0.00,0.00,0.0,4.634,0.002,0.000,44.985,0.00
1786276668,ingest,0.00,0.00,0.0,4.634,0.002,0.000,44.985,0.00
1786276673,ingest,0.00,0.00,0.0,4.634,0.002,0.000,44.985,0.00
1786276678,ingest,0.00,0.00,0.0,4.634,0.002,0.000,44.985,0.00
1786276683,ingest,0.00,0.00,0.0,4.634,0.002,0.000,44.985,0.00
1786276688,ingest,0.00,0.00,0.0,4.634,0.002,0.000,44.985,0.00
1786276693,ingest,0.00,0.00,0.0,4.634,0.002,0.000,44.985,0.00
1786276698,ingest,0.00,0.00,0.0,4.634,0.002,0.000,44.985,0.00
1786276703,ingest,0.00,0.00,0.0,4.634,0.002,0.000,44.985,0.00
1786276708,ingest,0.00,0.00,0.0,4.634,0.002,0.000,44.985,0.00
1786276714,ingest,0.00,0.00,0.0,4.634,0.002,0.000,44.985,0.00
1786276719,ingest,0.00,0.00,0.0,4.634,0.002,0.000,44.985,0.00
1786276724,ingest,0.00,0.00,0.0,4.634,0.002,0.000,44.985,0.00
1786276729,ingest,0.00,0.00,0.0,4.634,0.002,0.000,44.985,0.00
1786276734,ingest,0.00,0.00,0.0,4.634,0.002,0.000,44.985,0.00
1786276739,ingest,0.00,0.00,0.0,4.634,0.002,0.000,44.985,0.00
1786276744,ingest,0.00,0.00,0.0,4.634,0.002,0.000,44.985,0.00
1786276749,ingest,0.00,0.00,0.0,4.634,0.002,0.000,44.985,0.00
1786276754,ingest,0.00,0.00,0.0,4.634,0.002,0.000,44.985,0.00
1786276759,ingest,0.00,0.00,0.0,4.634,0.002,0.000,44.985,0.00
1786276764,ingest,0.00,0.00,0.0,4.634,0.002,0.000,44.985,0.00
1786276769,ingest,0.00,0.00,0.0,4.634,0.002,0.000,44.985,0.00
1786276774,ingest,0.00,0.00,0.0,4.634,0.002,0.000,44.985,0.00
1786276779,ingest,0.00,0.00,0.0,4.634,0.002,0.000,44.985,0.00
1786276784,ingest,0.00,0.00,0.0,4.634,0.002,0.000,44.985,0.00
1786276789,ingest,0.00,0.00,0.0,4.634,0.002,0.000,44.985,0.00
1786276794,ingest,0.00,0.00,0.0,4.634,0.002,0.000,44.985,0.00
1786276799,ingest,0.00,0.00,0.0,4.634,0.002,0.000,44.985,0.00
1786276804,ingest,0.00,0.00,0.0,4.634,0.002,0.000,44.985,0.00
1786276809,ingest,0.00,0.00,0.0,4.634,0.002,0.000,44.985,0.00
1786276815,ingest,0.00,0.00,0.0,4.634,0.002,0.000,44.985,0.00
1786276820,ingest,0.00,0.00,0.0,4.634,0.002,0.000,44.985,0.00
1786276825,ingest,0.00,0.00,0.0,4.634,0.002,0.000,44.985,0.00
1786276830,ingest,0.00,0.00,0.0,4.634,0.002,0.000,44.985,0.00
1786276835,ingest,0.00,0.00,0.0,4.634,0.002,0.000,44.985,0.00
1786276840,ingest,0.00,0.00,0.0,4.634,0.002,0.000,44.985,0.00
1786276845,ingest,0.00,0.00,0.0,4.634,0.002,0.000,44.985,0.00
1786276850,ingest,0.00,0.00,0.0,4.634,0.002,0.000,44.985,0.00
1786276855,ingest,0.00,0.00,0.0,4.634,0.002,0.000,44.985,0.00
1786276860,ingest,0.00,0.00,0.0,4.634,0.002,0.000,44.985,0.00
1786276865,ingest,0.00,0.00,0.0,4.634,0.002,0.000,44.985,0.00
1786276870,ingest,0.00,0.00,0.0,4.634,0.002,0.000,44.985,0.00
1786276875,ingest,0.00,0.00,0.0,4.634,0.002,0.000,44.985,0.00
1786276880,ingest,0.00,0.00,0.0,4.634,0.002,0.000,44.985,0.00
1786276885,ingest,0.00,0.00,0.0,4.634,0.002,0.000,44.985,0.00
1786276890,ingest,0.00,0.00,0.0,4.634,0.002,0.000,44.985,0.00
1786276895,ingest,0.00,0.00,0.0,4.634,0.002,0.000,44.985,0.00
1786276900,ingest,0.00,0.00,0.0,4.634,0.002,0.000,44.985,0.00
1786276905,ingest,0.00,0.00,0.0,4.634,0.002,0.000,44.985,0.00
1786276910,ingest,0.00,0.00,0.0,4.634,0.002,0.000,44.985,0.00
1786276916,ingest,0.00,0.00,0.0,4.634,0.002,0.000,44.985,0.00
1786276921,ingest,0.00,0.00,0.0,4.634,0.002,0.000,44.985,0.00
1786276926,ingest,0.00,0.00,0.0,4.634,0.002,0.000,44.985,0.00
1786276931,ingest,0.00,0.00,0.0,4.634,0.002,0.000,44.985,0.00
1786276936,ingest,0.00,0.00,0.0,4.634,0.002,0.000,44.985,0.00
1786276941,ingest,0.00,0.00,0.0,4.634,0.002,0.000,44.985,0.00
1786276946,ingest,0.00,0.00,0.0,4.634,0.002,0.000,44.985,0.00
1786276951,ingest,0.00,0.00,0.0,4.634,0.002,0.000,44.985,0.00
1786276956,ingest,0.00,0.00,0.0,4.634,0.002,0.000,44.985,0.00
1786276961,ingest,0.00,0.00,0.0,4.634,0.002,0.000,44.985,0.00
1786276966,ingest,0.00,0.00,0.0,4.634,0.002,0.000,44.985,0.00
1786276971,ingest,0.00,0.00,0.0,4.634,0.002,0.000,44.985,0.00
1786276976,ingest,0.00,0.00,0.0,4.634,0.002,0.000,44.985,0.00
1786276981,ingest,0.00,0.00,0.0,4.634,0.002,0.000,44.985,0.00
1786276986,ingest,0.00,0.00,0.0,4.634,0.002,0.000,44.985,0.00
1786276991,ingest,0.00,0.00,0.0,4.634,0.002,0.000,44.985,0.00
1786276996,ingest,0.00,0.00,0.0,4.634,0.002,0.000,44.986,0.00
1786277001,ingest,0.00,0.00,0.0,4.634,0.002,0.000,44.986,0.00
1786277006,ingest,0.00,0.00,0.0,4.634,0.002,0.000,44.985,0.00
1786277011,ingest,0.00,0.00,0.0,4.634,0.002,0.000,44.985,0.00
1786277017,ingest,0.00,0.00,0.0,4.634,0.002,0.000,44.985,0.00
1786277022,ingest,0.00,0.00,0.0,4.634,0.002,0.000,44.985,0.00
1786277027,ingest,0.00,0.00,0.0,4.634,0.002,0.000,44.985,0.00
1786277032,ingest,0.00,0.00,0.0,4.634,0.002,0.000,44.985,0.00
1786277037,ingest,0.00,0.00,0.0,4.634,0.002,0.000,44.985,0.00
1786277042,ingest,0.00,0.00,0.0,4.634,0.002,0.000,44.985,0.00
1786277047,ingest,0.00,0.00,0.0,4.634,0.002,0.000,44.985,0.00
1786277052,ingest,0.00,0.00,0.0,4.634,0.002,0.000,44.985,0.00
1786277057,ingest,0.00,0.00,0.0,4.634,0.002,0.000,44.985,0.00
1786277062,ingest,0.00,0.00,0.0,4.634,0.002,0.000,44.985,0.00
1786277067,ingest,0.00,0.00,0.0,4.634,0.002,0.000,44.985,0.00
1786277072,ingest,0.00,0.00,0.0,4.634,0.002,0.000,44.985,0.00
1786277077,ingest,0.00,0.00,0.0,4.634,0.002,0.000,44.985,0.00
1786277082,ingest,0.00,0.00,0.0,4.634,0.002,0.000,44.985,0.00
1786277087,ingest,0.00,0.00,0.0,4.634,0.002,0.000,44.985,0.00
1786277092,ingest,0.00,0.00,0.0,4.634,0.002,0.000,44.985,0.00
1786277097,ingest,0.00,0.00,0.0,4.634,0.002,0.000,44.985,0.00
1786277102,ingest,0.00,0.00,0.0,4.634,0.002,0.000,44.986,0.00
1786277107,ingest,0.00,0.00,0.0,4.634,0.002,0.000,44.986,0.00
1786277112,ingest,0.00,0.00,0.0,4.634,0.002,0.000,44.986,0.00
1786277118,ingest,0.00,0.00,0.0,4.634,0.002,0.000,44.986,0.00
1786277123,ingest,0.00,0.00,0.0,4.634,0.002,0.000,44.986,0.00
1786277128,ingest,0.00,0.00,0.0,4.634,0.002,0.000,44.986,0.00
1786277133,ingest,0.00,0.00,0.0,4.634,0.002,0.000,44.986,0.00
1786277138,ingest,0.00,0.00,0.0,4.634,0.002,0.000,44.986,0.00
1786277143,ingest,0.00,0.00,0.0,4.634,0.002,0.000,44.986,0.00
1786277148,ingest,0.00,0.00,0.0,4.634,0.002,0.000,44.986,0.00
1786277153,ingest,0.00,0.00,0.0,4.634,0.002,0.000,44.986,0.00
1786277158,ingest,0.00,0.00,0.0,4.634,0.002,0.000,44.986,0.00
1786277163,ingest,0.00,0.00,0.0,4.634,0.002,0.000,44.986,0.00
1786277168,ingest,0.00,0.00,0.0,4.634,0.002,0.000,44.986,0.00
1786277173,ingest,0.00,0.00,0.0,4.634,0.002,0.000,44.986,0.00
1786277178,ingest,0.00,0.00,0.0,4.634,0.002,0.000,44.986,0.00
1786277183,ingest,0.00,0.00,0.0,4.634,0.002,0.000,44.986,0.00
1786277188,ingest,0.00,0.00,0.0,4.634,0.002,0.000,44.986,0.00
1786277193,ingest,0.00,0.00,0.0,4.634,0.002,0.000,44.986,0.00
1786277198,ingest,0.00,0.00,0.0,4.634,0.002,0.000,44.986,0.00
1786277203,ingest,0.00,0.00,0.0,4.634,0.002,0.000,44.986,0.00
1786277208,ingest,0.00,0.00,0.0,4.634,0.002,0.000,44.986,0.00
1786277213,ingest,0.00,0.00,0.0,4.634,0.002,0.000,44.986,0.00
1786277219,ingest,0.00,0.00,0.0,4.634,0.002,0.000,44.986,0.00
1786277224,ingest,0.00,0.00,0.0,4.634,0.002,0.000,44.986,0.00
1786277229,ingest,0.00,0.00,0.0,4.634,0.002,0.000,44.986,0.00
1786277234,ingest,0.00,0.00,0.0,4.634,0.002,0.000,44.986,0.00
1786277239,ingest,0.00,0.00,0.0,4.634,0.002,0.000,44.986,0.00
1786277244,ingest,0.00,0.00,0.0,4.634,0.002,0.000,44.986,0.00
1786277249,ingest,0.00,0.00,0.0,4.634,0.002,0.000,44.986,0.00
1786277254,ingest,0.00,0.00,0.0,4.634,0.002,0.000,44.986,0.00
1786277259,ingest,0.00,0.00,0.0,4.634,0.002,0.000,44.986,0.00
1786277264,ingest,0.00,0.00,0.0,4.634,0.002,0.000,44.986,0.00
1786277269,ingest,0.00,0.00,0.0,4.634,0.002,0.000,44.986,0.00
1786277274,ingest,0.00,0.00,0.0,4.634,0.002,0.000,44.986,0.00
1786277279,ingest,0.00,0.00,0.0,4.634,0.002,0.000,44.986,0.00
1786277284,ingest,0.00,0.00,0.0,4.634,0.002,0.000,44.986,0.00
1786277289,ingest,0.00,0.00,0.0,4.634,0.002,0.000,44.986,0.00
1786277294,ingest,0.00,0.00,0.0,4.634,0.002,0.000,44.986,0.00
1786277299,ingest,0.00,0.00,0.0,4.634,0.002,0.000,44.985,0.00
1786277304,ingest,0.00,0.00,0.0,4.634,0.002,0.000,44.986,0.00
1786277309,ingest,0.00,0.00,0.0,4.634,0.002,0.000,44.986,0.00
1786277314,ingest,0.00,0.00,0.0,4.634,0.002,0.000,44.986,0.00
1786277320,ingest,0.00,0.00,0.0,4.634,0.002,0.000,44.986,0.00
1786277325,ingest,0.00,0.00,0.0,4.634,0.002,0.000,44.986,0.00
1786277330,ingest,0.00,0.00,0.0,4.634,0.002,0.000,44.986,0.00
1786277335,ingest,0.00,0.00,0.0,4.634,0.002,0.000,44.986,0.00
1786277340,ingest,0.00,0.00,0.0,4.634,0.002,0.000,44.986,0.00
1786277345,ingest,0.00,0.00,0.0,4.634,0.002,0.000,44.986,0.00
1786277350,ingest,0.00,0.00,0.0,4.634,0.002,0.000,44.986,0.00
1786277355,ingest,0.00,0.00,0.0,4.634,0.002,0.000,44.986,0.00
1786277360,ingest,0.00,0.00,0.0,4.634,0.002,0.000,44.986,0.00
1786277365,ingest,0.00,0.00,0.0,4.634,0.002,0.000,44.986,0.00
1786277370,ingest,0.00,0.00,0.0,4.634,0.002,0.000,44.985,0.00
1786277375,ingest,0.00,0.00,0.0,4.634,0.002,0.000,44.985,0.00
1786277380,ingest,0.00,0.00,0.0,4.634,0.002,0.000,44.985,0.00
1786277385,ingest,0.00,0.00,0.0,4.634,0.002,0.000,44.985,0.00
1786277390,ingest,0.00,0.00,0.0,4.634,0.002,0.000,44.985,0.00
1786277395,ingest,0.00,0.00,0.0,4.634,0.002,0.000,44.985,0.00
1786277400,ingest,0.00,0.00,0.0,4.634,0.002,0.000,44.985,0.00
1786277405,ingest,0.00,0.00,0.0,4.634,0.002,0.000,44.985,0.00
1786277410,ingest,0.00,0.00,0.0,4.634,0.002,0.000,44.985,0.00
1786277416,ingest,0.00,0.00,0.0,4.634,0.002,0.000,44.985,0.00
1786277421,ingest,0.00,0.00,0.0,4.634,0.002,0.000,44.985,0.00
1786277426,ingest,0.00,0.00,0.0,4.634,0.002,0.000,44.985,0.00
1786277431,ingest,0.00,0.00,0.0,4.634,0.002,0.000,44.985,0.00
1786277436,ingest,0.00,0.00,0.0,4.634,0.002,0.000,44.985,0.00
1786277441,ingest,0.00,0.00,0.0,4.634,0.002,0.000,44.985,0.00
1786277446,ingest,0.00,0.00,0.0,4.634,0.002,0.000,44.985,0.00
1786277451,ingest,0.00,0.00,0.0,4.634,0.002,0.000,44.985,0.00
1786277456,ingest,0.00,0.00,0.0,4.634,0.002,0.000,44.985,0.00
1786277461,ingest,0.00,0.00,0.0,4.634,0.002,0.000,44.985,0.00
1786277466,ingest,0.00,0.00,0.0,4.634,0.002,0.000,44.985,0.00
1786277471,ingest,0.00,0.00,0.0,4.634,0.002,0.000,44.985,0.00
1786277476,ingest,0.00,0.00,0.0,4.634,0.002,0.000,44.985,0.00
1786277481,ingest,0.00,0.00,0.0,4.634,0.002,0.000,44.985,0.00
1786277486,ingest,0.00,0.00,0.0,4.634,0.002,0.000,44.985,0.00
1786277491,ingest,0.00,0.00,0.0,4.634,0.002,0.000,44.985,0.00
1786277496,ingest,0.00,0.00,0.0,4.634,0.002,0.000,44.985,0.00
1786277501,ingest,0.00,0.00,0.0,4.634,0.002,0.000,44.985,0.00
1786277506,ingest,0.00,0.00,0.0,4.634,0.002,0.000,44.985,0.00
1786277511,ingest,0.00,0.00,0.0,4.634,0.002,0.000,44.985,0.00
1786277517,ingest,0.00,0.00,0.0,4.634,0.002,0.000,44.985,0.00
1786277522,ingest,0.00,0.00,0.0,4.634,0.002,0.000,44.985,0.00
1786277527,ingest,0.00,0.00,0.0,4.634,0.002,0.000,44.985,0.00
1786277532,ingest,0.00,0.00,0.0,4.634,0.002,0.000,44.985,0.00
1786277537,ingest,0.00,0.00,0.0,4.634,0.002,0.000,44.985,0.00
1786277542,ingest,0.00,0.00,0.0,4.634,0.002,0.000,44.985,0.00
1786277547,ingest,0.00,0.00,0.0,4.634,0.002,0.000,44.985,0.00
1786277552,ingest,0.00,0.00,0.0,4.634,0.002,0.000,44.985,0.00
1786277557,ingest,0.00,0.00,0.0,4.634,0.002,0.000,44.985,0.00
1786277562,ingest,0.00,0.00,0.0,4.634,0.002,0.000,44.985,0.00
1786277567,ingest,0.00,0.00,0.0,4.634,0.002,0.000,44.985,0.00
1786277572,ingest,0.00,0.00,0.0,4.634,0.002,0.000,44.985,0.00
1786277577,ingest,0.00,0.00,0.0,4.634,0.002,0.000,44.985,0.00
1786277582,ingest,0.00,0.00,0.0,4.634,0.002,0.000,44.985,0.00
1786277587,ingest,0.00,0.00,0.0,4.634,0.002,0.000,44.985,0.00
1786277592,ingest,0.00,0.00,0.0,4.634,0.002,0.000,44.984,0.00
1786277597,ingest,0.00,0.00,0.0,4.634,0.002,0.000,44.984,0.00
1786277602,ingest,0.00,0.00,0.0,4.634,0.002,0.000,44.984,0.00
1786277607,ingest,0.00,0.00,0.0,4.634,0.002,0.000,44.984,0.00
1786277612,ingest,0.00,0.00,0.0,4.634,0.002,0.000,44.984,0.00
1786277618,ingest,0.00,0.00,0.0,4.634,0.002,0.000,44.984,0.00
1786277623,ingest,0.00,0.00,0.0,4.634,0.002,0.000,44.984,0.00
1786277628,ingest,0.00,0.00,0.0,4.634,0.002,0.000,44.984,0.00
1786277633,ingest,0.00,0.00,0.0,4.634,0.002,0.000,44.984,0.00
1786277638,ingest,0.00,0.00,0.0,4.634,0.002,0.000,44.984,0.00
1786277643,ingest,0.00,0.00,0.0,4.634,0.002,0.000,44.984,0.00
1786277648,ingest,0.00,0.00,0.0,4.634,0.002,0.000,44.984,0.00
1786277653,ingest,0.00,0.00,0.0,4.634,0.002,0.000,44.984,0.00
1786277658,ingest,0.00,0.00,0.0,4.634,0.002,0.000,44.984,0.00
1786277663,ingest,0.00,0.00,0.0,4.634,0.002,0.000,44.984,0.00
1786277668,ingest,0.00,0.00,0.0,4.634,0.002,0.000,44.984,0.00
1786277673,ingest,0.00,0.00,0.0,4.634,0.002,0.000,44.984,0.00
1786277678,ingest,0.00,0.00,0.0,4.634,0.002,0.000,44.984,0.00
1786277683,ingest,0.00,0.00,0.0,4.634,0.002,0.000,44.984,0.00
1786277688,ingest,0.00,0.00,0.0,4.634,0.002,0.000,44.984,0.00
1786277693,ingest,0.00,0.00,0.0,4.634,0.002,0.000,44.984,0.00
1786277698,ingest,0.00,0.00,0.0,4.634,0.002,0.000,44.984,0.00
1786277703,ingest,0.00,0.00,0.0,4.634,0.002,0.000,44.984,0.00
1786277708,ingest,0.00,0.00,0.0,4.634,0.002,0.000,44.984,0.00
1786277713,ingest,0.00,0.00,0.0,4.634,0.002,0.000,44.984,0.00
1786277719,ingest,0.00,0.00,0.0,4.634,0.002,0.000,44.984,0.00
1786277724,ingest,0.00,0.00,0.0,4.634,0.002,0.000,44.984,0.00
1786277729,ingest,0.00,0.00,0.0,4.634,0.002,0.000,44.984,0.00
1786277734,ingest,0.00,0.00,0.0,4.634,0.002,0.000,44.984,0.00
1786277739,ingest,0.00,0.00,0.0,4.634,0.002,0.000,44.984,0.00
1786277744,ingest,0.00,0.00,0.0,4.634,0.002,0.000,44.984,0.00
1786277749,ingest,0.00,0.00,0.0,4.634,0.002,0.000,44.984,0.00
1786277754,ingest,0.00,0.00,0.0,4.634,0.002,0.000,44.984,0.00
1786277759,ingest,0.00,0.00,0.0,4.634,0.002,0.000,44.984,0.00
1786277764,ingest,0.00,0.00,0.0,4.634,0.002,0.000,44.984,0.00
1786277769,ingest,0.00,0.00,0.0,4.634,0.002,0.000,44.984,0.00
1786277774,ingest,0.00,0.00,0.0,4.634,0.002,0.000,44.984,0.00
1786277779,ingest,0.00,0.00,0.0,4.634,0.002,0.000,44.984,0.00
1786277784,ingest,0.00,0.00,0.0,4.634,0.002,0.000,44.984,0.00
1786277789,ingest,0.00,0.00,0.0,4.634,0.002,0.000,44.984,0.00
1786277794,ingest,0.00,0.00,0.0,4.634,0.002,0.000,44.984,0.00
1786277799,ingest,0.00,0.00,0.0,4.634,0.002,0.000,44.984,0.00
1786277804,ingest,0.00,0.00,0.0,4.634,0.002,0.000,44.984,0.00
1786277809,ingest,0.00,0.00,0.0,4.634,0.002,0.000,44.984,0.00
1786277814,ingest,0.00,0.00,0.0,4.634,0.002,0.000,44.984,0.00
1786277820,ingest,0.00,0.00,0.0,4.634,0.002,0.000,44.984,0.00
1786277825,ingest,0.00,0.00,0.0,4.634,0.002,0.000,44.984,0.00
1786277830,ingest,0.00,0.00,0.0,4.634,0.002,0.000,44.984,0.00
1786277835,ingest,0.00,0.00,0.0,4.634,0.002,0.000,44.984,0.00
1786277840,ingest,0.00,0.00,0.0,4.634,0.002,0.000,44.984,0.00
1786277845,ingest,0.00,0.00,0.0,4.634,0.002,0.000,44.985,0.00
1786277850,ingest,0.00,0.00,0.0,4.634,0.002,0.000,44.985,0.00
1786277855,ingest,0.00,0.00,0.0,4.634,0.002,0.000,44.985,0.00
1786277860,ingest,0.00,0.00,0.0,4.634,0.002,0.000,44.985,0.00
1786277865,ingest,0.00,0.00,0.0,4.634,0.002,0.000,44.985,0.00
1786277870,ingest,0.00,0.00,0.0,4.634,0.002,0.000,44.985,0.00
1786277875,ingest,0.00,0.00,0.0,4.634,0.002,0.000,44.984,0.00
1786277880,ingest,0.00,0.00,0.0,4.634,0.002,0.000,44.984,0.00
1786277885,ingest,0.00,0.00,0.0,4.634,0.002,0.000,44.984,0.00
1786277890,ingest,0.00,0.00,0.0,4.634,0.002,0.000,44.984,0.00
1786277895,ingest,0.00,0.00,0.0,4.634,0.002,0.000,44.984,0.00
1786277900,ingest,0.00,0.00,0.0,4.634,0.002,0.000,44.984,0.00
1786277905,ingest,0.00,0.00,0.0,4.634,0.002,0.000,44.984,0.00
1786277910,ingest,0.00,0.00,0.0,4.634,0.002,0.000,44.984,0.00
1786277915,ingest,0.00,0.00,0.0,4.634,0.002,0.000,44.984,0.00
1786277920,ingest,0.00,0.00,0.0,4.634,0.002,0.000,44.984,0.00
1786277926,ingest,0.00,0.00,0.0,4.634,0.002,0.000,44.984,0.00
1786277931,ingest,0.00,0.00,0.0,4.634,0.002,0.000,44.984,0.00
1786277936,ingest,0.00,0.00,0.0,4.634,0.002,0.000,44.984,0.00
1786277941,ingest,0.00,0.00,0.0,4.634,0.002,0.000,44.984,0.00
1786277946,ingest,0.00,0.00,0.0,4.634,0.002,0.000,44.984,0.00
1786277951,ingest,0.00,0.00,0.0,4.634,0.002,0.000,44.984,0.00
1786277956,ingest,0.00,0.00,0.0,4.634,0.002,0.000,44.984,0.00
1786277961,ingest,0.00,0.00,0.0,4.634,0.002,0.000,44.984,0.00
1786277966,ingest,0.00,0.00,0.0,4.634,0.002,0.000,44.985,0.00
1786277971,ingest,0.00,0.00,0.0,4.634,0.002,0.000,44.984,0.00
1786277976,ingest,0.00,0.00,0.0,4.634,0.002,0.000,44.984,0.00
1786277981,ingest,0.00,0.00,0.0,4.634,0.002,0.000,44.984,0.00
1786277986,ingest,0.00,0.00,0.0,4.634,0.002,0.000,44.984,0.00
1786277991,ingest,0.00,0.00,0.0,4.634,0.002,0.000,44.984,0.00
1786277996,ingest,0.00,0.00,0.0,4.634,0.002,0.000,44.984,0.00
1786278001,ingest,0.00,0.00,0.0,4.634,0.002,0.000,44.984,0.00
1786278006,ingest,0.00,0.00,0.0,4.634,0.002,0.000,44.984,0.00
1786278011,ingest,0.00,0.00,0.0,4.634,0.002,0.000,44.984,0.00
1786278016,ingest,0.00,0.00,0.0,4.634,0.002,0.000,44.984,0.00
1786278022,ingest,0.00,0.00,0.0,4.634,0.002,0.000,44.984,0.00
1786278027,ingest,0.00,0.00,0.0,4.634,0.002,0.000,44.984,0.00
1786278032,ingest,0.00,0.00,0.0,4.634,0.002,0.000,44.984,0.00
1786278037,ingest,0.00,0.00,0.0,4.634,0.002,0.000,44.984,0.00
1786278042,ingest,0.00,0.00,0.0,4.634,0.002,0.000,44.984,0.00
1786278047,ingest,0.00,0.00,0.0,4.634,0.002,0.000,44.984,0.00
1786278052,ingest,0.00,0.00,0.0,4.634,0.002,0.000,44.984,0.00
1786278057,ingest,0.00,0.00,0.0,4.634,0.002,0.000,44.984,0.00
1786278062,ingest,0.00,0.00,0.0,4.634,0.002,0.000,44.984,0.00
1786278067,ingest,0.00,0.00,0.0,4.634,0.002,0.000,44.984,0.00
1786278072,ingest,0.00,0.00,0.0,4.634,0.002,0.000,44.984,0.00
1786278077,ingest,0.00,0.00,0.0,4.634,0.002,0.000,44.984,0.00
1786278082,ingest,0.00,0.00,0.0,4.634,0.002,0.000,44.983,0.00
1786278087,ingest,0.00,0.00,0.0,4.634,0.002,0.000,44.983,0.00
1786278092,ingest,0.00,0.00,0.0,4.634,0.002,0.000,44.983,0.00
1786278097,ingest,0.00,0.00,0.0,4.634,0.002,0.000,44.983,0.00
1786278102,ingest,0.00,0.00,0.0,4.634,0.002,0.000,44.983,0.00
1786278107,ingest,0.00,0.00,0.0,4.634,0.002,0.000,44.983,0.00
1786278112,ingest,0.00,0.00,0.0,4.634,0.002,0.000,44.983,0.00
1786278117,ingest,0.00,0.00,0.0,4.634,0.002,0.000,44.983,0.00
1786278123,ingest,0.00,0.00,0.0,4.634,0.002,0.000,44.983,0.00
1786278128,ingest,0.00,0.00,0.0,4.634,0.002,0.000,44.983,0.00
1786278133,ingest,0.00,0.00,0.0,4.634,0.002,0.000,44.983,0.00
1786278138,ingest,0.00,0.00,0.0,4.634,0.002,0.000,44.983,0.00
1786278143,ingest,0.00,0.00,0.0,4.634,0.002,0.000,44.983,0.00
1786278148,ingest,0.00,0.00,0.0,4.634,0.002,0.000,44.983,0.00
1786278153,ingest,0.00,0.00,0.0,4.634,0.002,0.000,44.984,0.00
1786278158,ingest,0.00,0.00,0.0,4.634,0.002,0.000,44.984,0.00
1786278163,ingest,0.00,0.00,0.0,4.634,0.002,0.000,44.985,0.00
1786278168,ingest,0.00,0.00,0.0,4.634,0.002,0.000,44.984,0.00
1786278173,ingest,0.00,0.00,0.0,4.634,0.002,0.000,44.984,0.00
1786278178,ingest,0.00,0.00,0.0,4.634,0.002,0.000,44.985,0.00
1786278183,ingest,0.00,0.00,0.0,4.634,0.002,0.000,44.984,0.00
1786278188,ingest,0.00,0.00,0.0,4.634,0.002,0.000,44.985,0.00
1786278193,ingest,0.00,0.00,0.0,4.634,0.002,0.000,44.985,0.00
1786278198,ingest,0.00,0.00,0.0,4.634,0.002,0.000,44.985,0.00
1786278203,ingest,0.00,0.00,0.0,4.634,0.002,0.000,44.984,0.00
1786278208,ingest,0.00,0.00,0.0,4.634,0.002,0.000,44.984,0.00
1786278213,ingest,0.00,0.00,0.0,4.634,0.002,0.000,44.984,0.00
1786278218,ingest,0.00,0.00,0.0,4.634,0.002,0.000,44.984,0.00
1786278224,ingest,0.00,0.00,0.0,4.634,0.002,0.000,44.984,0.00
1786278229,ingest,0.00,0.00,0.0,4.634,0.002,0.000,44.984,0.00
1786278234,ingest,0.00,0.00,0.0,4.634,0.002,0.000,44.984,0.00
1786278239,ingest,0.00,0.00,0.0,4.634,0.002,0.000,44.984,0.00
1786278244,ingest,0.00,0.00,0.0,4.634,0.002,0.000,44.984,0.00
1786278249,ingest,0.00,0.00,0.0,4.634,0.002,0.000,44.984,0.00
1786278254,ingest,0.00,0.00,0.0,4.634,0.002,0.000,44.984,0.00
1786278259,ingest,0.00,0.00,0.0,4.634,0.002,0.000,44.984,0.00
1786278264,ingest,0.00,0.00,0.0,4.634,0.002,0.000,44.984,0.00
1786278269,ingest,0.00,0.00,0.0,4.634,0.002,0.000,44.984,0.00
1786278274,ingest,0.00,0.00,0.0,4.634,0.002,0.000,44.983,0.00
1786278279,ingest,0.00,0.00,0.0,4.634,0.002,0.000,44.983,0.00
1786278284,ingest,0.00,0.00,0.0,4.634,0.002,0.000,44.983,0.00
1786278289,ingest,0.00,0.00,0.0,4.634,0.002,0.000,44.983,0.00
1786278294,ingest,0.00,0.00,0.0,4.634,0.002,0.000,44.983,0.00
1786278299,ingest,0.00,0.00,0.0,4.634,0.002,0.000,44.983,0.00
1786278304,ingest,0.00,0.00,0.0,4.634,0.002,0.000,44.983,0.00
1786278309,ingest,0.00,0.00,0.0,4.634,0.002,0.000,44.983,0.00
1786278314,ingest,0.00,0.00,0.0,4.634,0.002,0.000,44.983,0.00
1786278319,ingest,0.00,0.00,0.0,4.634,0.002,0.000,44.983,0.00
1786278325,ingest,0.00,0.00,0.0,4.634,0.002,0.000,44.983,0.00
1786278330,ingest,0.00,0.00,0.0,4.634,0.002,0.000,44.983,0.00
1786278335,ingest,0.00,0.00,0.0,4.634,0.002,0.000,44.983,0.00
1786278340,ingest,0.00,0.00,0.0,4.634,0.002,0.000,44.983,0.00
1786278345,ingest,0.00,0.00,0.0,4.634,0.002,0.000,44.983,0.00
1786278350,ingest,0.00,0.00,0.0,4.634,0.002,0.000,44.984,0.00
1786278355,ingest,0.00,0.00,0.0,4.634,0.002,0.000,44.984,0.00
1786278360,ingest,0.00,0.00,0.0,4.634,0.002,0.000,44.983,0.00
1786278365,ingest,0.00,0.00,0.0,4.634,0.002,0.000,44.983,0.00
1786278370,ingest,0.00,0.00,0.0,4.634,0.002,0.000,44.983,0.00
1786278375,ingest,0.00,0.00,0.0,4.634,0.002,0.000,44.983,0.00
1786278380,ingest,0.00,0.00,0.0,4.634,0.002,0.000,44.983,0.00
1786278385,ingest,0.00,0.00,0.0,4.634,0.002,0.000,44.983,0.00
1786278390,ingest,0.00,0.00,0.0,4.634,0.002,0.000,44.983,0.00
1786278395,ingest,0.00,0.00,0.0,4.634,0.002,0.000,44.983,0.00
1786278400,ingest,0.00,0.00,0.0,4.634,0.002,0.000,44.983,0.00
1786278405,ingest,0.00,0.00,0.0,4.634,0.002,0.000,44.983,0.00
1786278410,ingest,0.00,0.00,0.0,4.634,0.002,0.000,44.983,0.00
1786278415,ingest,0.00,0.00,0.0,4.634,0.002,0.000,44.983,0.00
1786278420,ingest,0.00,0.00,0.0,4.634,0.002,0.000,44.983,0.00
1786278426,ingest,0.00,0.00,0.0,4.634,0.002,0.000,44.983,0.00
1786278431,ingest,0.00,0.00,0.0,4.634,0.002,0.000,44.983,0.00
1786278436,ingest,0.00,0.00,0.0,4.634,0.002,0.000,44.983,0.00
1786278441,ingest,0.00,0.00,0.0,4.634,0.002,0.000,44.983,0.00
1786278446,ingest,0.00,0.00,0.0,4.634,0.002,0.000,44.983,0.00
1786278451,ingest,0.00,0.00,0.0,4.634,0.002,0.000,44.983,0.00
1786278456,ingest,0.00,0.00,0.0,4.634,0.002,0.000,44.983,0.00
1786278461,ingest,0.00,0.00,0.0,4.634,0.002,0.000,44.983,0.00
1786278466,ingest,0.00,0.00,0.0,4.634,0.002,0.000,44.983,0.00
1786278471,ingest,0.00,0.00,0.0,4.634,0.002,0.000,44.983,0.00
1786278476,ingest,0.00,0.00,0.0,4.634,0.002,0.000,44.983,0.00
1786278481,ingest,0.00,0.00,0.0,4.634,0.002,0.000,44.983,0.00
1786278486,ingest,0.00,0.00,0.0,4.634,0.002,0.000,44.983,0.00
1786278491,ingest,0.00,0.00,0.0,4.634,0.002,0.000,44.983,0.00
1786278496,ingest,0.00,0.00,0.0,4.634,0.002,0.000,44.983,0.00
1786278501,ingest,0.00,0.00,0.0,4.634,0.002,0.000,44.983,0.00
1786278506,ingest,0.00,0.00,0.0,4.634,0.002,0.000,44.983,0.00
1786278511,ingest,0.00,0.00,0.0,4.634,0.002,0.000,44.983,0.00
1786278516,ingest,0.00,0.00,0.0,4.634,0.002,0.000,44.983,0.00
1786278521,ingest,0.00,0.00,0.0,4.634,0.002,0.000,44.983,0.00
1786278527,ingest,0.00,0.00,0.0,4.634,0.002,0.000,44.983,0.00
1786278532,ingest,0.00,0.00,0.0,4.634,0.002,0.000,44.983,0.00
1786278537,ingest,0.00,0.00,0.0,4.634,0.002,0.000,44.983,0.00
1786278542,ingest,0.00,0.00,0.0,4.634,0.002,0.000,44.983,0.00
1786278547,ingest,0.00,0.00,0.0,4.634,0.002,0.000,44.983,0.00
1786278552,ingest,0.00,0.00,0.0,4.634,0.002,0.000,44.983,0.00
1786278557,ingest,0.00,0.00,0.0,4.634,0.002,0.000,44.983,0.00
1786278562,ingest,0.00,0.00,0.0,4.634,0.002,0.000,44.983,0.00
1786278567,ingest,0.00,0.00,0.0,4.634,0.002,0.000,44.983,0.00
1786278572,ingest,0.00,0.00,0.0,4.634,0.002,0.000,44.983,0.00
1786278577,ingest,0.00,0.00,0.0,4.634,0.002,0.000,44.983,0.00
1786278582,ingest,0.00,0.00,0.0,4.634,0.002,0.000,44.983,0.00
1786278587,ingest,0.00,0.00,0.0,4.634,0.002,0.000,44.983,0.00
1786278592,ingest,0.00,0.00,0.0,4.634,0.002,0.000,44.983,0.00
1786278597,ingest,0.00,0.00,0.0,4.634,0.002,0.000,44.983,0.00
1786278602,ingest,0.00,0.00,0.0,4.634,0.002,0.000,44.983,0.00
1786278607,ingest,0.00,0.00,0.0,4.634,0.002,0.000,44.983,0.00
1786278612,ingest,0.00,0.00,0.0,4.634,0.002,0.000,44.983,0.00
1786278617,ingest,0.00,0.00,0.0,4.634,0.002,0.000,44.983,0.00
1786278622,ingest,0.00,0.00,0.0,4.634,0.002,0.000,44.983,0.00
1786278628,ingest,0.00,0.00,0.0,4.634,0.002,0.000,44.983,0.00
1786278633,ingest,0.00,0.00,0.0,4.634,0.002,0.000,44.983,0.00
1786278638,ingest,0.00,0.00,0.0,4.634,0.002,0.000,44.983,0.00
1786278643,ingest,0.00,0.00,0.0,4.634,0.002,0.000,44.983,0.00
1786278648,ingest,0.00,0.00,0.0,4.634,0.002,0.000,44.983,0.00
1786278653,ingest,0.00,0.00,0.0,4.634,0.002,0.000,44.983,0.00
1786278658,ingest,0.00,0.00,0.0,4.634,0.002,0.000,44.983,0.00
1786278663,ingest,0.00,0.00,0.0,4.634,0.002,0.000,44.983,0.00
1786278668,ingest,0.00,0.00,0.0,4.634,0.002,0.000,44.983,0.00
1786278673,ingest,0.00,0.00,0.0,4.634,0.002,0.000,44.983,0.00
1786278678,ingest,0.00,0.00,0.0,4.634,0.002,0.000,44.983,0.00
1786278683,ingest,0.00,0.00,0.0,4.634,0.002,0.000,44.983,0.00
1786278688,ingest,0.00,0.00,0.0,4.634,0.002,0.000,44.983,0.00
1786278693,ingest,0.00,0.00,0.0,4.634,0.002,0.000,44.983,0.00
1786278698,ingest,0.00,0.00,0.0,4.634,0.002,0.000,44.983,0.00
1786278703,ingest,0.00,0.00,0.0,4.634,0.002,0.000,44.983,0.00
1786278708,ingest,0.00,0.00,0.0,4.634,0.002,0.000,44.983,0.00
1786278713,ingest,0.00,0.00,0.0,4.634,0.002,0.000,44.983,0.00
1786278718,ingest,0.00,0.00,0.0,4.634,0.002,0.000,44.983,0.00
1786278723,ingest,0.00,0.00,0.0,4.634,0.002,0.000,44.982,0.00
1786278729,ingest,0.00,0.00,0.0,4.634,0.002,0.000,44.982,0.00
1786278734,ingest,0.00,0.00,0.0,4.634,0.002,0.000,44.982,0.00
1786278739,ingest,0.00,0.00,0.0,4.634,0.002,0.000,44.982,0.00
1786278744,ingest,0.00,0.00,0.0,4.634,0.002,0.000,44.982,0.00
1786278749,ingest,0.00,0.00,0.0,4.634,0.002,0.000,44.982,0.00
1786278754,ingest,0.00,0.00,0.0,4.634,0.002,0.000,44.982,0.00
1786278759,ingest,0.00,0.00,0.0,4.634,0.002,0.000,44.982,0.00
1786278764,ingest,0.00,0.00,0.0,4.634,0.002,0.000,44.982,0.00
1786278769,ingest,0.00,0.00,0.0,4.634,0.002,0.000,44.982,0.00
1786278774,ingest,0.00,0.00,0.0,4.634,0.002,0.000,44.982,0.00
1786278779,ingest,0.00,0.00,0.0,4.634,0.002,0.000,44.982,0.00
1786278784,ingest,0.00,0.00,0.0,4.634,0.002,0.000,44.982,0.00
1786278789,ingest,0.00,0.00,0.0,4.634,0.002,0.000,44.982,0.00
1786278794,ingest,0.00,0.00,0.0,4.634,0.002,0.000,44.982,0.00
1786278799,ingest,0.00,0.00,0.0,4.634,0.002,0.000,44.982,0.00
1786278804,ingest,0.00,0.00,0.0,4.634,0.002,0.000,44.982,0.00
1786278809,ingest,0.00,0.00,0.0,4.634,0.002,0.000,44.982,0.00
1786278814,ingest,0.00,0.00,0.0,4.634,0.002,0.000,44.982,0.00
1786278819,ingest,0.00,0.00,0.0,4.634,0.002,0.000,44.982,0.00
1786278824,ingest,0.00,0.00,0.0,4.634,0.002,0.000,44.982,0.00
1786278830,ingest,0.00,0.00,0.0,4.634,0.002,0.000,44.982,0.00
1786278835,ingest,0.00,0.00,0.0,4.634,0.002,0.000,44.983,0.00
1786278840,ingest,0.00,0.00,0.0,4.634,0.002,0.000,44.983,0.00
1786278845,ingest,0.00,0.00,0.0,4.634,0.002,0.000,44.983,0.00
1786278850,ingest,0.00,0.00,0.0,4.634,0.002,0.000,44.983,0.00
1786278855,ingest,0.00,0.00,0.0,4.634,0.002,0.000,44.983,0.00
1786278860,ingest,0.00,0.00,0.0,4.634,0.002,0.000,44.983,0.00
1786278865,ingest,0.00,0.00,0.0,4.634,0.002,0.000,44.983,0.00
1786278870,ingest,0.00,0.00,0.0,4.634,0.002,0.000,44.983,0.00
1786278875,ingest,0.00,0.00,0.0,4.634,0.002,0.000,44.983,0.00
1786278880,ingest,0.00,0.00,0.0,4.634,0.002,0.000,44.983,0.00
1786278885,ingest,0.00,0.00,0.0,4.634,0.002,0.000,44.983,0.00
1786278890,ingest,0.00,0.00,0.0,4.634,0.002,0.000,44.983,0.00
1786278895,ingest,0.00,0.00,0.0,4.634,0.002,0.000,44.982,0.00
1786278900,ingest,0.00,0.00,0.0,4.634,0.002,0.000,44.982,0.00
1786278905,ingest,0.00,0.00,0.0,4.634,0.002,0.000,44.982,0.00
1786278910,ingest,0.00,0.00,0.0,4.634,0.002,0.000,44.982,0.00
1786278915,ingest,0.00,0.00,0.0,4.634,0.002,0.000,44.983,0.00
1786278920,ingest,0.00,0.00,0.0,4.634,0.002,0.000,44.983,0.00
1786278925,ingest,0.00,0.00,0.0,4.634,0.002,0.000,44.983,0.00
1786278931,ingest,0.00,0.00,0.0,4.634,0.002,0.000,44.983,0.00
1786278936,ingest,0.00,0.00,0.0,4.634,0.002,0.000,44.983,0.00
1786278941,ingest,0.00,0.00,0.0,4.634,0.002,0.000,44.983,0.00
1786278946,ingest,0.00,0.00,0.0,4.634,0.002,0.000,44.983,0.00
1786278951,ingest,0.00,0.00,0.0,4.634,0.002,0.000,44.983,0.00
1786278956,ingest,0.00,0.00,0.0,4.634,0.002,0.000,44.983,0.00
1786278961,ingest,0.00,0.00,0.0,4.634,0.002,0.000,44.983,0.00
1786278966,ingest,0.00,0.00,0.0,4.634,0.002,0.000,44.983,0.00
1786278971,ingest,0.00,0.00,0.0,4.634,0.002,0.000,44.983,0.00
1786278976,ingest,0.00,0.00,0.0,4.634,0.002,0.000,44.984,0.00
1786278981,ingest,0.00,0.00,0.0,4.634,0.002,0.000,44.984,0.00
1786278986,ingest,0.00,0.00,0.0,4.634,0.002,0.000,44.984,0.00
1786278991,ingest,0.00,0.00,0.0,4.634,0.002,0.000,44.984,0.00
1786278996,ingest,0.00,0.00,0.0,4.634,0.002,0.000,44.984,0.00
1786279001,ingest,0.00,0.00,0.0,4.634,0.002,0.000,44.984,0.00
1786279006,ingest,0.00,0.00,0.0,4.634,0.002,0.000,44.983,0.00
1786279011,ingest,0.00,0.00,0.0,4.634,0.002,0.000,44.983,0.00
1786279016,ingest,0.00,0.00,0.0,4.634,0.002,0.000,44.983,0.00
1786279021,ingest,0.00,0.00,0.0,4.634,0.002,0.000,44.983,0.00
1786279026,ingest,0.00,0.00,0.0,4.634,0.002,0.000,44.983,0.00
1786279032,ingest,0.00,0.00,0.0,4.634,0.002,0.000,44.983,0.00
1786279037,ingest,0.00,0.00,0.0,4.634,0.002,0.000,44.983,0.00
1786279042,ingest,0.00,0.00,0.0,4.634,0.002,0.000,44.983,0.00
1786279047,ingest,0.00,0.00,0.0,4.634,0.002,0.000,44.983,0.00
1786279052,ingest,0.00,0.00,0.0,4.634,0.002,0.000,44.983,0.00
1786279057,ingest,0.00,0.00,0.0,4.634,0.002,0.000,44.983,0.00
1786279062,ingest,0.00,0.00,0.0,4.634,0.002,0.000,44.983,0.00
1786279067,ingest,0.00,0.00,0.0,4.634,0.002,0.000,44.983,0.00
1786279072,ingest,0.00,0.00,0.0,4.634,0.002,0.000,44.983,0.00
1786279077,ingest,0.00,0.00,0.0,4.634,0.002,0.000,44.983,0.00
1786279082,ingest,0.00,0.00,0.0,4.634,0.002,0.000,44.983,0.00
1786279087,ingest,0.00,0.00,0.0,4.634,0.002,0.000,44.983,0.00
1786279092,ingest,0.00,0.00,0.0,4.634,0.002,0.000,44.983,0.00
1786279097,ingest,0.00,0.00,0.0,4.634,0.002,0.000,44.983,0.00
1786279102,ingest,0.00,0.00,0.0,4.634,0.002,0.000,44.983,0.00
1786279107,ingest,0.00,0.00,0.0,4.634,0.002,0.000,44.983,0.00
1786279112,ingest,0.00,0.00,0.0,4.634,0.002,0.000,44.983,0.00
1786279117,ingest,0.00,0.00,0.0,4.634,0.002,0.000,44.983,0.00
1786279122,ingest,0.00,0.00,0.0,4.634,0.002,0.000,44.983,0.00
1786279127,ingest,0.00,0.00,0.0,4.634,0.002,0.000,44.983,0.00
1786279133,ingest,0.00,0.00,0.0,4.634,0.002,0.000,44.983,0.00
1786279138,ingest,0.00,0.00,0.0,4.634,0.002,0.000,44.983,0.00
1786279143,ingest,0.00,0.00,0.0,4.634,0.002,0.000,44.983,0.00
1786279148,ingest,0.00,0.00,0.0,4.634,0.002,0.000,44.983,0.00
1786279153,ingest,0.00,0.00,0.0,4.634,0.002,0.000,44.983,0.00
1786279158,ingest,0.00,0.00,0.0,4.634,0.002,0.000,44.983,0.00
1786279163,ingest,0.00,0.00,0.0,4.634,0.002,0.000,44.983,0.00
1786279168,ingest,0.00,0.00,0.0,4.634,0.002,0.000,44.983,0.00
1786279173,ingest,0.00,0.00,0.0,4.634,0.002,0.000,44.983,0.00
1786279178,ingest,0.00,0.00,0.0,4.634,0.002,0.000,44.983,0.00
1786279183,ingest,0.00,0.00,0.0,4.634,0.002,0.000,44.985,0.00
1786279188,ingest,0.00,0.00,0.0,4.634,0.002,0.000,44.984,0.00
1786279193,ingest,0.00,0.00,0.0,4.634,0.002,0.000,44.984,0.00
1786279198,ingest,0.00,0.00,0.0,4.634,0.002,0.000,44.984,0.00
1786279203,ingest,0.00,0.00,0.0,4.634,0.002,0.000,44.984,0.00
1786279208,ingest,0.00,0.00,0.0,4.634,0.002,0.000,44.984,0.00
1786279213,ingest,0.00,0.00,0.0,4.634,0.002,0.000,44.984,0.00
1786279218,ingest,0.00,0.00,0.0,4.634,0.002,0.000,44.984,0.00
1786279223,ingest,0.00,0.00,0.0,4.634,0.002,0.000,44.984,0.00
1786279228,ingest,0.00,0.00,0.0,4.634,0.002,0.000,44.984,0.00
1786279234,ingest,0.00,0.00,0.0,4.634,0.002,0.000,44.984,0.00
1786279239,ingest,0.00,0.00,0.0,4.634,0.002,0.000,44.983,0.00
1786279244,ingest,0.00,0.00,0.0,4.634,0.002,0.000,44.983,0.00
1786279249,ingest,0.00,0.00,0.0,4.634,0.002,0.000,44.983,0.00
1786279254,ingest,0.00,0.00,0.0,4.634,0.002,0.000,44.983,0.00
1786279259,ingest,0.00,0.00,0.0,4.634,0.002,0.000,44.983,0.00
1786279264,ingest,0.00,0.00,0.0,4.634,0.002,0.000,44.983,0.00
1786279269,ingest,0.00,0.00,0.0,4.634,0.002,0.000,44.983,0.00
1786279274,ingest,0.00,0.00,0.0,4.634,0.002,0.000,44.983,0.00
1786279279,ingest,0.00,0.00,0.0,4.634,0.002,0.000,44.983,0.00
1786279284,ingest,0.00,0.00,0.0,4.634,0.002,0.000,44.983,0.00
1786279289,ingest,0.00,0.00,0.0,4.634,0.002,0.000,44.983,0.00
1786279294,ingest,0.00,0.00,0.0,4.634,0.002,0.000,44.983,0.00
1786279299,ingest,0.00,0.00,0.0,4.634,0.002,0.000,44.983,0.00
1786279304,ingest,0.00,0.00,0.0,4.634,0.002,0.000,44.983,0.00
1786279309,ingest,0.00,0.00,0.0,4.634,0.002,0.000,44.983,0.00
1786279314,ingest,0.00,0.00,0.0,4.634,0.002,0.000,44.983,0.00
1786279319,ingest,0.00,0.00,0.0,4.634,0.002,0.000,44.983,0.00
1786279324,ingest,0.00,0.00,0.0,4.634,0.002,0.000,44.983,0.00
1786279329,ingest,0.00,0.00,0.0,4.634,0.002,0.000,44.983,0.00
1786279335,ingest,0.00,0.00,0.0,4.634,0.002,0.000,44.983,0.00
1786279340,ingest,0.00,0.00,0.0,4.634,0.002,0.000,44.983,0.00
1786279345,ingest,0.00,0.00,0.0,4.634,0.002,0.000,44.983,0.00
1786279350,ingest,0.00,0.00,0.0,4.634,0.002,0.000,44.983,0.00
1786279355,ingest,0.00,0.00,0.0,4.634,0.002,0.000,44.983,0.00
1786279360,ingest,0.00,0.00,0.0,4.634,0.002,0.000,44.983,0.00
1786279365,ingest,0.00,0.00,0.0,4.634,0.002,0.000,44.984,0.00
1786279370,ingest,0.00,0.00,0.0,4.634,0.002,0.000,44.984,0.00
1786279375,ingest,0.00,0.00,0.0,4.634,0.002,0.000,44.984,0.00
1786279380,ingest,0.00,0.00,0.0,4.634,0.002,0.000,44.984,0.00
1786279385,ingest,0.00,0.00,0.0,4.634,0.002,0.000,44.984,0.00
1786279390,ingest,0.00,0.00,0.0,4.634,0.002,0.000,44.984,0.00
1786279395,ingest,0.00,0.00,0.0,4.634,0.002,0.000,44.984,0.00
1786279400,ingest,0.00,0.00,0.0,4.634,0.002,0.000,44.983,0.00
1786279405,ingest,0.00,0.00,0.0,4.634,0.002,0.000,44.983,0.00
1786279410,ingest,0.00,0.00,0.0,4.634,0.002,0.000,44.983,0.00
1786279415,ingest,0.00,0.00,0.0,4.634,0.002,0.000,44.983,0.00
1786279420,ingest,0.00,0.00,0.0,4.634,0.002,0.000,44.983,0.00
1786279425,ingest,0.00,0.00,0.0,4.634,0.002,0.000,44.983,0.00
1786279430,ingest,0.00,0.00,0.0,4.634,0.002,0.000,44.983,0.00
1786279436,ingest,0.00,0.00,0.0,4.634,0.002,0.000,44.983,0.00
1786279441,ingest,0.00,0.00,0.0,4.634,0.002,0.000,44.983,0.00
1786279446,ingest,0.00,0.00,0.0,4.634,0.002,0.000,44.983,0.00
1786279451,ingest,0.00,0.00,0.0,4.634,0.002,0.000,44.983,0.00
1786279456,ingest,0.00,0.00,0.0,4.634,0.002,0.000,44.983,0.00
1786279461,ingest,0.00,0.00,0.0,4.634,0.002,0.000,44.983,0.00
1786279466,ingest,0.00,0.00,0.0,4.634,0.002,0.000,44.984,0.00
1786279471,ingest,0.00,0.00,0.0,4.634,0.002,0.000,44.984,0.00
1786279476,ingest,0.00,0.00,0.0,4.634,0.002,0.000,44.984,0.00
1786279481,ingest,0.00,0.00,0.0,4.634,0.002,0.000,44.983,0.00
1786279486,ingest,0.00,0.00,0.0,4.634,0.002,0.000,44.983,0.00
1786279491,ingest,0.00,0.00,0.0,4.634,0.002,0.000,44.983,0.00
1786279496,ingest,0.00,0.00,0.0,4.634,0.002,0.000,44.983,0.00
1786279501,ingest,0.00,0.00,0.0,4.634,0.002,0.000,44.983,0.00
1786279506,ingest,0.00,0.00,0.0,4.634,0.002,0.000,44.983,0.00
1786279511,ingest,0.00,0.00,0.0,4.634,0.002,0.000,44.983,0.00
1786279516,ingest,0.00,0.00,0.0,4.634,0.002,0.000,44.983,0.00
1786279521,ingest,0.00,0.00,0.0,4.634,0.002,0.000,44.983,0.00
1786279526,ingest,0.00,0.00,0.0,4.634,0.002,0.000,44.983,0.00
1786279531,ingest,0.00,0.00,0.0,4.634,0.002,0.000,44.983,0.00
1786279537,ingest,0.00,0.00,0.0,4.634,0.002,0.000,44.983,0.00
1786279542,ingest,0.00,0.00,0.0,4.634,0.002,0.000,44.983,0.00
1786279547,ingest,0.00,0.00,0.0,4.634,0.002,0.000,44.983,0.00
1786279552,ingest,0.00,0.00,0.0,4.634,0.002,0.000,44.983,0.00
1786279557,ingest,0.00,0.00,0.0,4.634,0.002,0.000,44.983,0.00
1786279562,ingest,0.00,0.00,0.0,4.634,0.002,0.000,44.983,0.00
1786279567,ingest,0.00,0.00,0.0,4.634,0.002,0.000,44.983,0.00
1786279572,ingest,0.00,0.00,0.0,4.634,0.002,0.000,44.983,0.00
1786279577,ingest,0.00,0.00,0.0,4.634,0.002,0.000,44.983,0.00
1786279582,ingest,0.00,0.00,0.0,4.634,0.002,0.000,44.983,0.00
1786279587,ingest,0.00,0.00,0.0,4.634,0.002,0.000,44.983,0.00
1786279592,ingest,0.00,0.00,0.0,4.634,0.002,0.000,44.983,0.00
1786279597,ingest,0.00,0.00,0.0,4.634,0.002,0.000,44.983,0.00
1786279602,ingest,0.00,0.00,0.0,4.634,0.002,0.000,44.983,0.00
1786279607,ingest,0.00,0.00,0.0,4.634,0.002,0.000,44.983,0.00
1786279612,ingest,0.00,0.00,0.0,4.634,0.002,0.000,44.983,0.00
1786279617,ingest,0.00,0.00,0.0,4.634,0.002,0.000,44.983,0.00
1786279622,ingest,0.00,0.00,0.0,4.634,0.002,0.000,44.983,0.00
1786279627,ingest,0.00,0.00,0.0,4.634,0.002,0.000,44.983,0.00
1786279632,ingest,0.00,0.00,0.0,4.634,0.002,0.000,44.982,0.00
1786279638,ingest,0.00,0.00,0.0,4.634,0.002,0.000,44.983,0.00
1786279643,ingest,0.00,0.00,0.0,4.634,0.002,0.000,44.983,0.00
1786279648,ingest,0.00,0.00,0.0,4.634,0.002,0.000,44.982,0.00
1786279653,ingest,0.00,0.00,0.0,4.634,0.002,0.000,44.982,0.00
1786279658,ingest,0.00,0.00,0.0,4.634,0.002,0.000,44.982,0.00
1786279663,ingest,0.00,0.00,0.0,4.634,0.002,0.000,44.984,0.00
1786279668,ingest,0.00,0.00,0.0,4.634,0.002,0.000,44.983,0.00
1786279673,ingest,0.00,0.00,0.0,4.634,0.002,0.000,44.983,0.00
1786279678,ingest,0.00,0.00,0.0,4.634,0.002,0.000,44.982,0.00
1786279683,ingest,0.00,0.00,0.0,4.634,0.002,0.000,44.982,0.00
1786279688,ingest,0.00,0.00,0.0,4.634,0.002,0.000,44.982,0.00
1786279693,ingest,0.00,0.00,0.0,4.634,0.002,0.000,44.982,0.00
1786279698,ingest,0.00,0.00,0.0,4.634,0.002,0.000,44.982,0.00
1786279703,ingest,0.00,0.00,0.0,4.634,0.002,0.000,44.982,0.00
1786279708,ingest,0.00,0.00,0.0,4.634,0.002,0.000,44.982,0.00
1786279713,ingest,0.00,0.00,0.0,4.634,0.002,0.000,44.982,0.00
1786279718,ingest,0.00,0.00,0.0,4.634,0.002,0.000,44.982,0.00
1786279723,ingest,0.00,0.00,0.0,4.634,0.002,0.000,44.982,0.00
1786279728,ingest,0.00,0.00,0.0,4.634,0.002,0.000,44.982,0.00
1786279733,ingest,0.00,0.00,0.0,4.634,0.002,0.000,44.983,0.00
1786279739,ingest,0.00,0.00,0.0,4.634,0.002,0.000,44.983,0.00
1786279744,ingest,0.00,0.00,0.0,4.634,0.002,0.000,44.982,0.00
1786279749,ingest,0.00,0.00,0.0,4.634,0.002,0.000,44.982,0.00
1786279754,ingest,0.00,0.00,0.0,4.634,0.002,0.000,44.982,0.00
1786279759,ingest,0.00,0.00,0.0,4.634,0.002,0.000,44.982,0.00
1786279764,ingest,0.00,0.00,0.0,4.634,0.002,0.000,44.982,0.00
1786279769,ingest,0.00,0.00,0.0,4.634,0.002,0.000,44.982,0.00
1786279774,ingest,0.00,0.00,0.0,4.634,0.002,0.000,44.982,0.00
1786279779,ingest,0.00,0.00,0.0,4.634,0.002,0.000,44.982,0.00
1786279784,ingest,0.00,0.00,0.0,4.634,0.002,0.000,44.982,0.00
1786279789,ingest,0.00,0.00,0.0,4.634,0.002,0.000,44.982,0.00
1786279794,ingest,0.00,0.00,0.0,4.634,0.002,0.000,44.982,0.00
1786279799,ingest,0.00,0.00,0.0,4.634,0.002,0.000,44.982,0.00
1786279804,ingest,0.00,0.00,0.0,4.634,0.002,0.000,44.982,0.00
1786279809,ingest,0.00,0.00,0.0,4.634,0.002,0.000,44.982,0.00
1786279814,ingest,0.00,0.00,0.0,4.634,0.002,0.000,44.982,0.00
1786279819,ingest,0.00,0.00,0.0,4.634,0.002,0.000,44.982,0.00
1786279824,ingest,0.00,0.00,0.0,4.634,0.002,0.000,44.982,0.00
1786279829,ingest,0.00,0.00,0.0,4.634,0.002,0.000,44.982,0.00
1786279834,ingest,0.00,0.00,0.0,4.634,0.002,0.000,44.982,0.00
1786279840,ingest,0.00,0.00,0.0,4.634,0.002,0.000,44.982,0.00
1786279845,ingest,0.00,0.00,0.0,4.634,0.002,0.000,44.982,0.00
1786279850,ingest,0.00,0.00,0.0,4.634,0.002,0.000,44.982,0.00
1786279855,ingest,0.00,0.00,0.0,4.634,0.002,0.000,44.982,0.00
1786279860,ingest,0.00,0.00,0.0,4.634,0.002,0.000,44.982,0.00
1786279865,ingest,0.00,0.00,0.0,4.634,0.002,0.000,44.982,0.00
1786279870,ingest,0.00,0.00,0.0,4.634,0.002,0.000,44.982,0.00
1786279875,ingest,0.00,0.00,0.0,4.634,0.002,0.000,44.982,0.00
1786279880,ingest,0.00,0.00,0.0,4.634,0.002,0.000,44.982,0.00
1786279885,ingest,0.00,0.00,0.0,4.634,0.002,0.000,44.983,0.00
1786279890,ingest,0.00,0.00,0.0,4.634,0.002,0.000,44.983,0.00
1786279895,ingest,0.00,0.00,0.0,4.634,0.002,0.000,44.982,0.00
1786279900,ingest,0.00,0.00,0.0,4.634,0.002,0.000,44.982,0.00
1786279905,ingest,0.00,0.00,0.0,4.634,0.002,0.000,44.983,0.00
1786279910,ingest,0.00,0.00,0.0,4.634,0.002,0.000,44.983,0.00
1786279915,ingest,0.00,0.00,0.0,4.634,0.002,0.000,44.982,0.00
1786279920,ingest,0.00,0.00,0.0,4.634,0.002,0.000,44.982,0.00
1786279925,ingest,0.00,0.00,0.0,4.634,0.002,0.000,44.982,0.00
1786279930,ingest,0.00,0.00,0.0,4.634,0.002,0.000,44.982,0.00
1786279935,ingest,0.00,0.00,0.0,4.634,0.002,0.000,44.982,0.00
1786279941,ingest,0.00,0.00,0.0,4.634,0.002,0.000,44.982,0.00
1786279946,ingest,0.00,0.00,0.0,4.634,0.002,0.000,44.983,0.00
1786279951,ingest,0.00,0.00,0.0,4.634,0.002,0.000,44.982,0.00
1786279956,ingest,0.00,0.00,0.0,4.634,0.002,0.000,44.983,0.00
1786279961,ingest,0.00,0.00,0.0,4.634,0.002,0.000,44.983,0.00
1786279966,ingest,0.00,0.00,0.0,4.634,0.002,0.000,44.983,0.00
1786279971,ingest,0.00,0.00,0.0,4.634,0.002,0.000,44.983,0.00
1786279976,ingest,0.00,0.00,0.0,4.634,0.002,0.000,44.983,0.00
1786279981,ingest,0.00,0.00,0.0,4.634,0.002,0.000,44.983,0.00
1786279986,ingest,0.00,0.00,0.0,4.634,0.002,0.000,44.983,0.00
1786279991,ingest,0.00,0.00,0.0,4.634,0.002,0.000,44.983,0.00
1786279996,ingest,0.00,0.00,0.0,4.634,0.002,0.000,44.982,0.00
1786280001,ingest,0.00,0.00,0.0,4.634,0.002,0.000,44.982,0.00
1786280006,ingest,0.00,0.00,0.0,4.634,0.002,0.000,44.982,0.00
1786280011,ingest,0.00,0.00,0.0,4.634,0.002,0.000,44.982,0.00
1786280016,ingest,0.00,0.00,0.0,4.634,0.002,0.000,44.982,0.00
1786280021,ingest,0.00,0.00,0.0,4.634,0.002,0.000,44.982,0.00
1786280026,ingest,0.00,0.00,0.0,4.634,0.002,0.000,44.982,0.00
1786280031,ingest,0.00,0.00,0.0,4.634,0.002,0.000,44.982,0.00
1786280036,ingest,0.00,0.00,0.0,4.634,0.002,0.000,44.983,0.00
1786280042,ingest,0.00,0.00,0.0,4.634,0.002,0.000,44.983,0.00
1786280047,ingest,0.00,0.00,0.0,4.634,0.002,0.000,44.983,0.00
1786280052,ingest,0.00,0.00,0.0,4.634,0.002,0.000,44.983,0.00
1786280057,ingest,0.00,0.00,0.0,4.634,0.002,0.000,44.983,0.00
1786280062,ingest,0.00,0.00,0.0,4.634,0.002,0.000,44.983,0.00
1786280067,ingest,0.00,0.00,0.0,4.634,0.002,0.000,44.983,0.00
1786280072,ingest,0.00,0.00,0.0,4.634,0.002,0.000,44.983,0.00
1786280077,ingest,0.00,0.00,0.0,4.634,0.002,0.000,44.983,0.00
1786280082,ingest,0.00,0.00,0.0,4.634,0.002,0.000,44.983,0.00
1786280087,ingest,0.00,0.00,0.0,4.634,0.002,0.000,44.983,0.00
1786280092,ingest,0.00,0.00,0.0,4.634,0.002,0.000,44.983,0.00
1786280097,ingest,0.00,0.00,0.0,4.634,0.002,0.000,44.983,0.00
1786280102,ingest,0.00,0.00,0.0,4.634,0.002,0.000,44.983,0.00
1786280107,ingest,0.00,0.00,0.0,4.634,0.002,0.000,44.983,0.00
1786280112,ingest,0.00,0.00,0.0,4.634,0.002,0.000,44.983,0.00
1786280117,ingest,0.00,0.00,0.0,4.634,0.002,0.000,44.983,0.00
1786280122,ingest,0.00,0.00,0.0,4.634,0.002,0.000,44.983,0.00
1786280127,ingest,0.00,0.00,0.0,4.634,0.002,0.000,44.982,0.00
1786280132,ingest,0.00,0.00,0.0,4.634,0.002,0.000,44.982,0.00
1786280137,ingest,0.00,0.00,0.0,4.634,0.002,0.000,44.982,0.00
1786280143,ingest,0.00,0.00,0.0,4.634,0.002,0.000,44.982,0.00
1786280148,ingest,0.00,0.00,0.0,4.634,0.002,0.000,44.982,0.00
1786280153,ingest,0.00,0.00,0.0,4.634,0.002,0.000,44.982,0.00
1786280158,ingest,0.00,0.00,0.0,4.634,0.002,0.000,44.982,0.00
1786280163,ingest,0.00,0.00,0.0,4.634,0.002,0.000,44.982,0.00
1786280168,ingest,0.00,0.00,0.0,4.634,0.002,0.000,44.983,0.00
1786280173,ingest,0.00,0.00,0.0,4.634,0.002,0.000,44.983,0.00
1786280178,ingest,0.00,0.00,0.0,4.634,0.002,0.000,44.983,0.00
1786280183,ingest,0.00,0.00,0.0,4.634,0.002,0.000,44.982,0.00
1786280188,ingest,0.00,0.00,0.0,4.634,0.002,0.000,44.982,0.00
1786280193,ingest,0.00,0.00,0.0,4.634,0.002,0.000,44.982,0.00
1786280198,ingest,0.00,0.00,0.0,4.634,0.002,0.000,44.982,0.00
1786280203,ingest,0.00,0.00,0.0,4.634,0.002,0.000,44.982,0.00
1786280208,ingest,0.00,0.00,0.0,4.634,0.002,0.000,44.983,0.00
1786280213,ingest,0.00,0.00,0.0,4.634,0.002,0.000,44.984,0.00
1786280218,ingest,0.00,0.00,0.0,4.634,0.002,0.000,44.984,0.00
1786280223,ingest,0.00,0.00,0.0,4.634,0.002,0.000,44.984,0.00
1786280228,ingest,0.00,0.00,0.0,4.634,0.002,0.000,44.984,0.00
1786280233,ingest,0.00,0.00,0.0,4.634,0.002,0.000,44.984,0.00
1786280238,ingest,0.00,0.00,0.0,4.634,0.002,0.000,44.984,0.00
1786280244,ingest,0.00,0.00,0.0,4.634,0.002,0.000,44.983,0.00
1786280249,ingest,0.00,0.00,0.0,4.634,0.002,0.000,44.983,0.00
1786280254,ingest,0.00,0.00,0.0,4.634,0.002,0.000,44.983,0.00
1786280259,ingest,0.00,0.00,0.0,4.634,0.002,0.000,44.983,0.00
1786280264,ingest,0.00,0.00,0.0,4.634,0.002,0.000,44.983,0.00
1786280269,ingest,0.00,0.00,0.0,4.634,0.002,0.000,44.983,0.00
1786280274,ingest,0.00,0.00,0.0,4.634,0.002,0.000,44.983,0.00
1786280279,ingest,0.00,0.00,0.0,4.634,0.002,0.000,44.983,0.00
1786280284,ingest,0.00,0.00,0.0,4.634,0.002,0.000,44.982,0.00
1786280289,ingest,0.00,0.00,0.0,4.634,0.002,0.000,44.982,0.00
1786280294,ingest,0.00,0.00,0.0,4.634,0.002,0.000,44.982,0.00
1786280299,ingest,0.00,0.00,0.0,4.634,0.002,0.000,44.982,0.00
1786280304,ingest,0.00,0.00,0.0,4.634,0.002,0.000,44.982,0.00
1786280309,ingest,0.00,0.00,0.0,4.634,0.002,0.000,44.982,0.00
1786280314,ingest,0.00,0.00,0.0,4.634,0.002,0.000,44.982,0.00
1786280319,ingest,0.00,0.00,0.0,4.634,0.002,0.000,44.982,0.00
1786280324,ingest,0.00,0.00,0.0,4.634,0.002,0.000,44.982,0.00
1786280329,ingest,0.00,0.00,0.0,4.634,0.002,0.000,44.982,0.00
1786280334,ingest,0.00,0.00,0.0,4.634,0.002,0.000,44.984,0.00
1786280339,ingest,0.00,0.00,0.0,4.634,0.002,0.000,44.983,0.00
1786280345,ingest,0.00,0.00,0.0,4.634,0.002,0.000,44.983,0.00
1786280350,ingest,0.00,0.00,0.0,4.634,0.002,0.000,44.983,0.00
1786280355,ingest,0.00,0.00,0.0,4.634,0.002,0.000,44.983,0.00
1786280360,ingest,0.00,0.00,0.0,4.634,0.002,0.000,44.982,0.00
1786280365,ingest,0.00,0.00,0.0,4.634,0.002,0.000,44.982,0.00
1786280370,ingest,0.00,0.00,0.0,4.634,0.002,0.000,44.982,0.00
1786280375,ingest,0.00,0.00,0.0,4.634,0.002,0.000,44.982,0.00
1786280380,ingest,0.00,0.00,0.0,4.634,0.002,0.000,44.982,0.00
1786280385,ingest,0.00,0.00,0.0,4.634,0.002,0.000,44.982,0.00
1786280390,ingest,0.00,0.00,0.0,4.634,0.002,0.000,44.982,0.00
1786280395,ingest,0.00,0.00,0.0,4.634,0.002,0.000,44.982,0.00
1786280400,ingest,0.00,0.00,0.0,4.634,0.002,0.000,44.982,0.00
1786280405,ingest,0.00,0.00,0.0,4.634,0.002,0.000,44.982,0.00
1786280410,ingest,0.00,0.00,0.0,4.634,0.002,0.000,44.982,0.00
1786280415,ingest,0.00,0.00,0.0,4.634,0.002,0.000,44.982,0.00
1786280420,ingest,0.00,0.00,0.0,4.634,0.002,0.000,44.982,0.00
1786280425,ingest,0.00,0.00,0.0,4.634,0.002,0.000,44.982,0.00
1786280430,ingest,0.00,0.00,0.0,4.634,0.002,0.000,44.982,0.00
1786280435,ingest,0.00,0.00,0.0,4.634,0.002,0.000,44.982,0.00
1786280440,ingest,0.00,0.00,0.0,4.634,0.002,0.000,44.982,0.00
1786280446,ingest,0.00,0.00,0.0,4.634,0.002,0.000,44.982,0.00
1786280451,ingest,0.00,0.00,0.0,4.634,0.002,0.000,44.982,0.00
1786280456,ingest,0.00,0.00,0.0,4.634,0.002,0.000,44.982,0.00
1786280461,ingest,0.00,0.00,0.0,4.634,0.002,0.000,44.982,0.00
1786280466,ingest,0.00,0.00,0.0,4.634,0.002,0.000,44.982,0.00
1786280471,ingest,0.00,0.00,0.0,4.634,0.002,0.000,44.982,0.00
1786280476,ingest,0.00,0.00,0.0,4.634,0.002,0.000,44.983,0.00
1786280481,ingest,0.00,0.00,0.0,4.634,0.002,0.000,44.983,0.00
1786280486,ingest,0.00,0.00,0.0,4.634,0.002,0.000,44.983,0.00
1786280491,ingest,0.00,0.00,0.0,4.634,0.002,0.000,44.983,0.00
1786280496,ingest,0.00,0.00,0.0,4.634,0.002,0.000,44.983,0.00
1786280501,ingest,0.00,0.00,0.0,4.634,0.002,0.000,44.983,0.00
1786280506,ingest,0.00,0.00,0.0,4.634,0.002,0.000,44.982,0.00
1786280511,ingest,0.00,0.00,0.0,4.634,0.002,0.000,44.982,0.00
1786280516,ingest,0.00,0.00,0.0,4.634,0.002,0.000,44.982,0.00
1786280521,ingest,0.00,0.00,0.0,4.634,0.002,0.000,44.982,0.00
1786280526,ingest,0.00,0.00,0.0,4.634,0.002,0.000,44.982,0.00
1786280531,ingest,0.00,0.00,0.0,4.634,0.002,0.000,44.982,0.00
1786280536,ingest,0.00,0.00,0.0,4.634,0.002,0.000,44.982,0.00
1786280541,ingest,0.00,0.00,0.0,4.634,0.002,0.000,44.982,0.00
1786280547,ingest,0.00,0.00,0.0,4.634,0.002,0.000,44.982,0.00
1786280552,ingest,0.00,0.00,0.0,4.634,0.002,0.000,44.982,0.00
1786280557,ingest,0.00,0.00,0.0,4.634,0.002,0.000,44.982,0.00
1786280562,ingest,0.00,0.00,0.0,4.634,0.002,0.000,44.982,0.00
1786280567,ingest,0.00,0.00,0.0,4.634,0.002,0.000,44.982,0.00
1786280572,ingest,0.00,0.00,0.0,4.634,0.002,0.000,44.982,0.00
1786280577,ingest,0.00,0.00,0.0,4.634,0.002,0.000,44.982,0.00
1786280582,ingest,0.00,0.00,0.0,4.634,0.002,0.000,44.982,0.00
1786280587,ingest,0.00,0.00,0.0,4.634,0.002,0.000,44.982,0.00
1786280592,ingest,0.00,0.00,0.0,4.634,0.002,0.000,44.982,0.00
1786280597,ingest,0.00,0.00,0.0,4.634,0.002,0.000,44.982,0.00
1786280602,ingest,0.00,0.00,0.0,4.634,0.002,0.000,44.982,0.00
1786280607,ingest,0.00,0.00,0.0,4.634,0.002,0.000,44.982,0.00
1786280612,ingest,0.00,0.00,0.0,4.634,0.002,0.000,44.981,0.00
1786280617,ingest,0.00,0.00,0.0,4.634,0.002,0.000,44.981,0.00
1786280622,ingest,0.00,0.00,0.0,4.634,0.002,0.000,44.981,0.00
1786280627,ingest,0.00,0.00,0.0,4.634,0.002,0.000,44.981,0.00
1786280632,ingest,0.00,0.00,0.0,4.634,0.002,0.000,44.981,0.00
1786280637,ingest,0.00,0.00,0.0,4.634,0.002,0.000,44.981,0.00
1786280643,ingest,0.00,0.00,0.0,4.634,0.002,0.000,44.981,0.00
1786280648,ingest,0.00,0.00,0.0,4.634,0.002,0.000,44.981,0.00
1786280653,ingest,0.00,0.00,0.0,4.634,0.002,0.000,44.981,0.00
1786280658,ingest,0.00,0.00,0.0,4.634,0.002,0.000,44.981,0.00
1786280663,ingest,0.00,0.00,0.0,4.634,0.002,0.000,44.981,0.00
1786280668,ingest,0.00,0.00,0.0,4.634,0.002,0.000,44.981,0.00
1786280673,ingest,0.00,0.00,0.0,4.634,0.002,0.000,44.981,0.00
1786280678,ingest,0.00,0.00,0.0,4.634,0.002,0.000,44.981,0.00
1786280683,ingest,0.00,0.00,0.0,4.634,0.002,0.000,44.981,0.00
1786280688,ingest,0.00,0.00,0.0,4.634,0.002,0.000,44.981,0.00
1786280693,ingest,0.00,0.00,0.0,4.634,0.002,0.000,44.981,0.00
1786280698,ingest,0.00,0.00,0.0,4.634,0.002,0.000,44.981,0.00
1786280703,ingest,0.00,0.00,0.0,4.634,0.002,0.000,44.982,0.00
1786280708,ingest,0.00,0.00,0.0,4.634,0.002,0.000,44.982,0.00
1786280713,ingest,0.00,0.00,0.0,4.634,0.002,0.000,44.982,0.00
1786280718,ingest,0.00,0.00,0.0,4.634,0.002,0.000,44.982,0.00
1786280723,ingest,0.00,0.00,0.0,4.634,0.002,0.000,44.982,0.00
1786280728,ingest,0.00,0.00,0.0,4.634,0.002,0.000,44.982,0.00
1786280733,ingest,0.00,0.00,0.0,4.634,0.002,0.000,44.982,0.00
1786280738,ingest,0.00,0.00,0.0,4.634,0.002,0.000,44.982,0.00
1786280744,ingest,0.00,0.00,0.0,4.634,0.002,0.000,44.982,0.00
1786280749,ingest,0.00,0.00,0.0,4.634,0.002,0.000,44.982,0.00
1786280754,ingest,0.00,0.00,0.0,4.634,0.002,0.000,44.982,0.00
1786280759,ingest,0.00,0.00,0.0,4.634,0.002,0.000,44.982,0.00
1786280764,ingest,0.00,0.00,0.0,4.634,0.002,0.000,44.982,0.00
