ts,phase,nvme_rd_mb_s,nvme_wr_mb_s,nvme_active_pct,cte_file_tier_gb,devshm_used_gb,clio_rss_gb,mem_avail_gb,nfs_rd_mb_s
1786289624,setup,0.00,0.00,0.0,0.000,0.002,0.000,45.056,0.00
1786289629,ingest,0.00,0.00,0.2,0.000,0.002,0.315,44.690,6.70
1786289634,ingest,0.00,0.00,0.0,0.000,0.002,0.611,44.318,0.00
1786289639,ingest,0.00,0.00,0.0,0.000,0.002,0.929,44.001,0.00
1786289644,ingest,0.00,0.00,0.1,0.000,0.002,1.127,43.803,0.00
1786289649,ingest,0.00,0.00,0.0,0.000,0.002,1.381,43.544,0.00
1786289655,ingest,0.00,0.00,0.0,0.000,0.002,1.570,43.352,0.00
1786289660,ingest,0.00,0.00,0.0,0.000,0.002,1.885,43.033,0.00
1786289665,ingest,0.00,0.00,0.0,0.000,0.002,2.135,42.777,0.00
1786289670,ingest,0.00,0.00,0.0,0.000,0.002,2.324,42.587,0.00
1786289675,ingest,0.00,0.01,0.1,0.000,0.002,2.575,42.333,0.00
1786289680,ingest,0.00,0.00,0.0,0.000,0.002,2.826,42.078,0.00
1786289685,ingest,0.00,0.00,0.0,0.000,0.002,3.013,41.886,0.00
1786289690,bench_chimod,0.00,0.00,0.0,0.000,0.002,3.874,41.585,1.58
1786289695,idle,0.00,0.00,0.0,0.000,0.002,0.000,44.954,0.00
1786289700,idle,0.01,0.00,0.1,0.000,0.002,0.000,44.946,0.01
1786289705,ingest,0.00,0.00,0.1,0.000,0.002,0.316,44.600,6.69
1786289710,ingest,0.00,0.00,0.0,0.000,0.002,3.141,41.805,0.01
1786289715,ingest,0.00,0.00,0.0,0.000,0.002,3.142,41.806,0.00
1786289720,ingest,0.00,0.00,0.0,0.000,0.002,3.142,41.806,0.00
1786289725,ingest,0.00,0.00,0.0,0.000,0.002,3.142,41.806,0.00
1786289730,ingest,0.00,0.00,0.0,0.000,0.002,3.142,41.807,0.00
1786289735,ingest,0.00,0.00,0.0,0.000,0.002,3.143,41.806,0.00
1786289740,ingest,0.00,0.01,0.1,0.000,0.002,3.143,41.807,0.00
1786289746,ingest,0.00,0.00,0.0,0.000,0.002,3.143,41.806,0.00
1786289751,ingest,0.00,0.00,0.0,0.000,0.002,3.143,41.807,0.00
1786289756,ingest,0.00,0.00,0.0,0.000,0.002,3.144,41.807,0.00
1786289761,ingest,0.00,0.00,0.0,0.000,0.002,3.144,41.807,0.00
1786289766,ingest,0.00,0.00,0.0,0.000,0.002,3.144,41.808,0.00
1786289771,bench_mixed,0.00,0.01,0.1,0.000,0.002,3.144,41.809,0.00
1786289776,bench_mixed,0.00,0.00,0.0,0.000,0.002,6.261,41.389,1.59
1786289781,bench_mixed,0.00,0.00,0.0,0.000,0.002,6.302,41.352,0.00
1786289786,bench_mixed,0.00,0.00,0.0,0.000,0.002,6.329,41.328,0.00
1786289791,bench_mixed,0.00,0.00,0.0,0.000,0.002,6.345,41.312,0.00
1786289796,bench_mixed,0.00,0.00,0.0,0.000,0.002,6.346,41.310,0.00
1786289801,bench_mixed,0.00,0.00,0.1,0.000,0.002,6.355,41.302,0.00
1786289806,bench_mixed,0.00,0.00,0.0,0.000,0.002,6.360,41.298,0.00
1786289811,bench_mixed,0.00,0.00,0.0,0.000,0.002,6.360,41.298,0.00
1786289816,bench_mixed,0.00,0.00,0.0,0.000,0.002,6.363,41.295,0.00
1786289821,bench_mixed,0.00,0.00,0.0,0.000,0.002,6.366,41.292,0.00
1786289826,bench_mixed,0.00,0.00,0.0,0.000,0.002,6.366,41.292,0.00
1786289831,bench_mixed,0.00,0.00,0.1,0.000,0.002,6.366,41.291,0.00
1786289836,bench_mixed,0.00,0.00,0.0,0.000,0.002,6.366,41.291,0.00
1786289842,bench_mixed,0.00,0.00,0.0,0.000,0.002,6.366,41.291,0.00
1786289847,bench_mixed,0.00,0.00,0.0,0.000,0.002,6.366,41.290,0.00
1786289852,bench_mixed,0.00,0.00,0.0,0.000,0.002,6.366,41.290,0.00
1786289857,bench_mixed,0.00,0.00,0.0,0.000,0.002,6.366,41.290,0.00
1786289862,bench_mixed,0.00,0.00,0.0,0.000,0.002,6.366,41.291,0.00
1786289867,bench_mixed,0.00,0.00,0.0,0.000,0.002,6.366,41.291,0.00
1786289872,bench_mixed,0.00,0.00,0.0,0.000,0.002,6.366,41.291,0.00
1786289877,bench_mixed,0.00,0.00,0.0,0.000,0.002,6.366,41.290,0.00
1786289882,bench_mixed,0.00,0.00,0.0,0.000,0.002,6.366,41.290,0.00
1786289887,bench_mixed,0.00,0.00,0.0,0.000,0.002,6.366,41.290,0.00
1786289892,bench_mixed,0.00,0.00,0.0,0.000,0.002,6.366,41.290,0.00
1786289897,bench_mixed,0.00,0.00,0.0,0.000,0.002,6.366,41.290,0.00
1786289902,bench_mixed,0.00,0.00,0.0,0.000,0.002,6.366,41.289,0.00
1786289907,bench_mixed,0.00,0.00,0.0,0.000,0.002,6.366,41.290,0.00
1786289912,bench_mixed,0.00,0.00,0.0,0.000,0.002,6.366,41.289,0.00
1786289917,bench_mixed,0.00,0.00,0.0,0.000,0.002,6.366,41.290,0.00
1786289922,bench_mixed,0.00,0.00,0.0,0.000,0.002,6.366,41.289,0.00
1786289928,bench_mixed,0.00,0.00,0.0,0.000,0.002,6.486,41.173,0.00
1786289933,bench_mixed,0.00,0.00,0.0,0.000,0.002,6.645,41.011,0.00
1786289938,bench_mixed,0.00,0.00,0.0,0.000,0.002,6.790,41.007,0.00
1786289943,bench_mixed,0.00,0.00,0.0,0.000,0.002,6.802,41.006,0.00
1786289948,bench_mixed,0.00,0.00,0.0,0.000,0.002,6.804,41.004,0.00
1786289953,bench_mixed,0.00,0.00,0.0,0.000,0.002,6.811,41.003,0.00
1786289958,bench_mixed,0.00,0.00,0.0,0.000,0.002,6.812,41.002,0.00
1786289963,bench_mixed,0.00,0.00,0.0,0.000,0.002,6.813,41.001,0.00
1786289968,bench_mixed,0.00,0.00,0.0,0.000,0.002,6.814,41.000,0.00
1786289973,bench_mixed,0.00,0.00,0.0,0.000,0.002,6.814,41.000,0.00
1786289978,bench_mixed,0.00,0.00,0.0,0.000,0.002,6.814,41.000,0.00
1786289983,bench_mixed,0.00,0.00,0.0,0.000,0.002,6.815,41.000,0.00
1786289988,bench_mixed,0.00,0.00,0.0,0.000,0.002,6.815,41.000,0.00
1786289993,bench_mixed,0.00,0.00,0.0,0.000,0.002,6.815,41.000,0.00
1786289998,bench_mixed,0.00,0.00,0.0,0.000,0.002,6.815,41.000,0.00
1786290003,bench_mixed,0.00,0.00,0.0,0.000,0.002,6.815,40.999,0.00
1786290008,bench_mixed,0.00,0.00,0.0,0.000,0.002,6.815,40.988,0.06
1786290013,bench_mixed,0.00,0.00,0.0,0.000,0.002,6.815,40.990,0.00
1786290018,bench_mixed,0.00,0.00,0.0,0.000,0.002,6.815,40.990,0.00
1786290024,bench_mixed,0.00,0.00,0.0,0.000,0.002,6.815,40.990,0.00
1786290029,bench_mixed,0.00,0.00,0.0,0.000,0.002,6.815,40.991,0.00
1786290034,bench_mixed,0.00,0.00,0.0,0.000,0.002,6.815,40.992,0.00
1786290039,bench_mixed,0.00,0.00,0.0,0.000,0.002,6.815,40.991,0.00
1786290044,bench_mixed,0.00,0.00,0.0,0.000,0.002,6.815,40.991,0.00
1786290049,bench_mixed,0.00,0.00,0.0,0.000,0.002,6.815,40.991,0.00
1786290054,bench_mixed,0.00,0.00,0.0,0.000,0.002,6.815,40.991,0.00
1786290059,bench_mixed,0.00,0.00,0.0,0.000,0.002,6.815,40.992,0.00
1786290064,bench_mixed,0.00,0.00,0.0,0.000,0.002,6.815,40.991,0.00
1786290069,bench_mixed,0.00,0.00,0.0,0.000,0.002,6.873,40.934,0.00
1786290074,bench_mixed,0.00,0.00,0.0,0.000,0.002,7.091,40.715,0.00
1786290079,bench_mixed,0.00,0.00,0.0,0.000,0.002,7.190,40.715,0.00
1786290084,bench_mixed,0.00,0.00,0.0,0.000,0.002,7.239,40.714,0.00
1786290089,bench_mixed,0.00,0.00,0.0,0.000,0.002,7.246,40.713,0.00
1786290094,bench_mixed,0.00,0.00,0.0,0.000,0.002,7.249,40.710,0.00
1786290099,bench_mixed,0.00,0.00,0.0,0.000,0.002,7.251,40.708,0.00
1786290104,bench_mixed,0.00,0.00,0.0,0.000,0.002,7.258,40.706,0.00
1786290109,bench_mixed,0.00,0.00,0.0,0.000,0.002,7.259,40.706,0.00
1786290115,bench_mixed,0.00,0.00,0.0,0.000,0.002,7.260,40.706,0.00
1786290120,bench_mixed,0.00,0.00,0.0,0.000,0.002,7.261,40.705,0.00
1786290125,bench_mixed,0.00,0.00,0.0,0.000,0.002,7.261,40.706,0.00
1786290130,bench_mixed,0.00,0.00,0.0,0.000,0.002,7.262,40.705,0.00
1786290135,bench_mixed,0.00,0.00,0.0,0.000,0.002,7.262,40.706,0.00
1786290140,bench_mixed,0.00,0.00,0.0,0.000,0.002,7.262,40.706,0.00
1786290145,bench_mixed,0.00,0.00,0.0,0.000,0.002,7.262,40.706,0.00
1786290150,bench_mixed,0.00,0.00,0.0,0.000,0.002,7.262,40.705,0.00
1786290155,bench_mixed,0.00,0.00,0.0,0.000,0.002,7.262,40.705,0.00
1786290160,bench_mixed,0.00,0.00,0.0,0.000,0.002,7.262,40.705,0.00
1786290165,bench_mixed,0.00,0.00,0.0,0.000,0.002,7.262,40.705,0.00
1786290170,bench_mixed,0.00,0.00,0.0,0.000,0.002,7.262,40.705,0.00
1786290175,bench_mixed,0.00,0.00,0.0,0.000,0.002,7.262,40.705,0.00
1786290180,bench_mixed,0.00,0.00,0.0,0.000,0.002,7.262,40.704,0.00
1786290185,bench_mixed,0.00,0.00,0.0,0.000,0.002,7.262,40.703,0.00
1786290190,bench_mixed,0.00,0.00,0.0,0.000,0.002,7.262,40.703,0.00
1786290195,bench_mixed,0.00,0.00,0.0,0.000,0.002,7.262,40.703,0.00
1786290200,bench_mixed,0.00,0.00,0.0,0.000,0.002,7.262,40.704,0.00
1786290205,bench_mixed,0.00,0.00,0.0,0.000,0.002,7.262,40.704,0.00
1786290211,bench_mixed,0.00,0.00,0.0,0.000,0.002,7.262,40.704,0.00
1786290216,bench_mixed,0.00,0.00,0.0,0.000,0.002,7.339,40.627,0.00
1786290221,bench_mixed,0.00,0.00,0.0,0.000,0.002,7.449,40.516,0.00
1786290226,bench_mixed,0.00,0.00,0.0,0.000,0.002,7.576,40.516,0.00
1786290231,bench_mixed,0.00,0.00,0.0,0.000,0.002,7.599,40.514,0.00
1786290236,bench_mixed,0.00,0.00,0.0,0.000,0.002,7.609,40.511,0.00
1786290241,bench_mixed,0.00,0.00,0.0,0.000,0.002,7.612,40.509,0.00
1786290246,bench_mixed,0.00,0.00,0.0,0.000,0.002,7.614,40.507,0.00
1786290251,bench_mixed,0.00,0.00,0.0,0.000,0.002,7.614,40.506,0.00
1786290256,bench_mixed,0.00,0.00,0.0,0.000,0.002,7.616,40.505,0.00
1786290261,bench_mixed,0.00,0.00,0.0,0.000,0.002,7.617,40.504,0.00
1786290266,bench_mixed,0.00,0.00,0.0,0.000,0.002,7.617,40.503,0.00
1786290271,bench_mixed,0.00,0.00,0.0,0.000,0.002,7.618,40.502,0.00
1786290276,bench_mixed,0.00,0.00,0.0,0.000,0.002,7.618,40.502,0.00
1786290281,bench_mixed,0.00,0.00,0.0,0.000,0.002,7.618,40.502,0.00
1786290286,bench_mixed,0.00,0.00,0.0,0.000,0.002,7.618,40.502,0.00
1786290291,bench_mixed,0.00,0.00,0.0,0.000,0.002,7.618,40.502,0.00
1786290296,bench_mixed,0.00,0.00,0.0,0.000,0.002,7.618,40.501,0.00
1786290301,bench_mixed,0.00,0.00,0.0,0.000,0.002,7.618,40.501,0.00
1786290307,bench_mixed,0.00,0.00,0.0,0.000,0.002,7.618,40.491,0.06
1786290312,bench_mixed,0.00,0.00,0.0,0.000,0.002,7.618,40.490,0.00
1786290317,bench_mixed,0.00,0.00,0.0,0.000,0.002,7.618,40.491,0.00
1786290322,bench_mixed,0.00,0.00,0.0,0.000,0.002,7.618,40.491,0.00
1786290327,bench_mixed,0.00,0.00,0.0,0.000,0.002,7.618,40.490,0.00
1786290332,bench_mixed,0.00,0.00,0.0,0.000,0.002,7.618,40.489,0.00
1786290337,bench_mixed,0.00,0.00,0.0,0.000,0.002,7.618,40.489,0.00
1786290342,bench_mixed,0.00,0.00,0.0,0.000,0.002,7.618,40.488,0.00
1786290347,bench_mixed,0.00,0.00,0.0,0.000,0.002,7.618,40.489,0.00
1786290352,bench_mixed,0.00,0.00,0.0,0.000,0.002,7.618,40.490,0.00
1786290357,bench_mixed,0.00,0.00,0.0,0.000,0.002,7.618,40.490,0.00
1786290362,bench_mixed,0.00,0.00,0.0,0.000,0.002,7.664,40.447,0.00
1786290367,bench_mixed,0.00,0.00,0.0,0.000,0.002,7.720,40.393,0.00
1786290372,bench_mixed,0.00,0.00,0.0,0.000,0.002,7.857,40.369,0.00
1786290377,bench_mixed,0.00,0.00,0.0,0.000,0.002,7.897,40.367,0.00
1786290382,bench_mixed,0.00,0.00,0.0,0.000,0.002,7.901,40.365,0.00
1786290387,bench_mixed,0.00,0.00,0.0,0.000,0.002,7.904,40.363,0.00
1786290392,bench_mixed,0.00,0.00,0.0,0.000,0.002,7.906,40.361,0.00
1786290397,bench_mixed,0.00,0.00,0.0,0.000,0.002,7.910,40.359,0.00
1786290403,bench_mixed,0.00,0.00,0.0,0.000,0.002,7.911,40.358,0.00
1786290408,bench_mixed,0.00,0.00,0.0,0.000,0.002,7.911,40.358,0.00
1786290413,bench_mixed,0.00,0.00,0.0,0.000,0.002,7.912,40.357,0.00
1786290418,bench_mixed,0.00,0.00,0.0,0.000,0.002,7.912,40.357,0.00
1786290423,bench_mixed,0.00,0.00,0.0,0.000,0.002,7.913,40.356,0.00
1786290428,bench_mixed,0.00,0.00,0.0,0.000,0.002,7.913,40.356,0.00
1786290433,bench_mixed,0.00,0.00,0.0,0.000,0.002,7.913,40.356,0.00
1786290438,bench_mixed,0.00,0.00,0.0,0.000,0.002,7.913,40.356,0.00
1786290443,bench_mixed,0.00,0.00,0.0,0.000,0.002,7.913,40.356,0.00
1786290448,bench_mixed,0.00,0.00,0.0,0.000,0.002,7.913,40.356,0.00
1786290453,bench_mixed,0.00,0.00,0.0,0.000,0.002,7.913,40.356,0.00
1786290458,bench_mixed,0.00,0.00,0.0,0.000,0.002,7.913,40.356,0.00
1786290463,bench_mixed,0.00,0.00,0.0,0.000,0.002,7.913,40.357,0.00
1786290468,bench_mixed,0.00,0.00,0.0,0.000,0.002,7.913,40.357,0.00
1786290473,bench_mixed,0.00,0.00,0.0,0.000,0.002,7.913,40.357,0.00
1786290478,bench_mixed,0.00,0.00,0.0,0.000,0.002,7.913,40.357,0.00
1786290483,bench_mixed,0.00,0.00,0.0,0.000,0.002,7.913,40.355,0.00
1786290488,bench_mixed,0.00,0.00,0.0,0.000,0.002,7.913,40.355,0.00
1786290493,bench_mixed,0.00,0.00,0.0,0.000,0.002,7.913,40.356,0.00
1786290499,bench_mixed,0.00,0.00,0.0,0.000,0.002,7.913,40.356,0.00
1786290504,bench_mixed,0.00,0.00,0.0,0.000,0.002,7.913,40.356,0.00
1786290509,bench_mixed,0.00,0.00,0.0,0.000,0.002,7.995,40.275,0.00
1786290514,bench_mixed,0.00,0.00,0.0,0.000,0.002,8.251,40.017,0.00
1786290519,bench_mixed,0.00,0.00,0.0,0.000,0.002,8.375,40.016,0.00
1786290524,bench_mixed,0.00,0.00,0.0,0.000,0.002,8.408,40.010,0.00
1786290529,bench_mixed,0.00,0.00,0.0,0.000,0.002,8.413,40.009,0.00
1786290534,bench_mixed,0.00,0.00,0.0,0.000,0.002,8.415,40.007,0.00
1786290539,bench_mixed,0.00,0.00,0.0,0.000,0.002,8.418,40.005,0.00
1786290544,bench_mixed,0.00,0.00,0.0,0.000,0.002,8.421,40.003,0.00
1786290549,bench_mixed,0.00,0.00,0.0,0.000,0.002,8.423,40.002,0.00
1786290554,bench_mixed,0.00,0.00,0.0,0.000,0.002,8.423,40.001,0.00
1786290559,bench_mixed,0.00,0.00,0.0,0.000,0.002,8.425,40.000,0.00
1786290564,bench_mixed,0.00,0.00,0.0,0.000,0.002,8.425,40.000,0.00
1786290569,bench_mixed,0.00,0.00,0.0,0.000,0.002,8.426,39.999,0.00
1786290574,bench_mixed,0.00,0.00,0.0,0.000,0.002,8.426,39.999,0.00
1786290579,bench_mixed,0.00,0.00,0.0,0.000,0.002,8.426,39.998,0.00
1786290584,bench_mixed,0.00,0.00,0.0,0.000,0.002,8.426,39.998,0.00
1786290590,bench_mixed,0.00,0.00,0.0,0.000,0.002,8.426,39.998,0.00
1786290595,bench_mixed,0.00,0.00,0.0,0.000,0.002,8.426,39.998,0.00
1786290600,bench_mixed,0.00,0.00,0.0,0.000,0.002,8.426,39.998,0.00
1786290605,bench_mixed,0.00,0.00,0.0,0.000,0.002,8.426,39.992,0.04
1786290610,bench_mixed,0.00,0.00,0.0,0.000,0.002,8.426,39.991,0.02
1786290615,bench_mixed,0.00,0.00,0.0,0.000,0.002,8.426,39.991,0.00
1786290620,bench_mixed,0.00,0.00,0.0,0.000,0.002,8.426,39.991,0.00
1786290625,bench_mixed,0.00,0.00,0.0,0.000,0.002,8.426,39.991,0.00
1786290630,bench_mixed,0.00,0.00,0.0,0.000,0.002,8.426,39.991,0.00
1786290635,bench_mixed,0.00,0.00,0.0,0.000,0.002,8.426,39.992,0.00
1786290640,bench_mixed,0.00,0.00,0.0,0.000,0.002,8.426,39.992,0.00
1786290645,bench_mixed,0.00,0.00,0.0,0.000,0.002,8.426,39.992,0.00
1786290650,bench_mixed,0.00,0.00,0.0,0.000,0.002,8.426,39.992,0.00
1786290655,bench_mixed,0.00,0.00,0.0,0.000,0.002,8.499,39.920,0.00
1786290660,bench_mixed,0.00,0.00,0.0,0.000,0.002,8.551,39.865,0.00
1786290665,bench_mixed,0.00,0.00,0.0,0.000,0.002,8.669,39.864,0.00
1786290670,bench_mixed,0.00,0.00,0.0,0.000,0.002,8.702,39.862,0.00
1786290675,bench_mixed,0.00,0.00,0.0,0.000,0.002,8.705,39.860,0.00
1786290680,bench_mixed,0.00,0.00,0.0,0.000,0.002,8.709,39.858,0.00
1786290686,bench_mixed,0.00,0.00,0.0,0.000,0.002,8.711,39.858,0.00
1786290691,bench_mixed,0.00,0.00,0.0,0.000,0.002,8.713,39.856,0.00
1786290696,bench_mixed,0.00,0.00,0.0,0.000,0.002,8.715,39.855,0.00
1786290701,bench_mixed,0.00,0.00,0.0,0.000,0.002,8.716,39.855,0.00
1786290706,bench_mixed,0.00,0.00,0.0,0.000,0.002,8.720,39.855,0.00
1786290711,bench_mixed,0.00,0.00,0.0,0.000,0.002,8.721,39.855,0.00
1786290716,bench_mixed,0.00,0.00,0.0,0.000,0.002,8.721,39.855,0.00
1786290721,bench_mixed,0.00,0.00,0.0,0.000,0.002,8.722,39.854,0.00
1786290726,bench_mixed,0.00,0.00,0.0,0.000,0.002,8.722,39.854,0.00
1786290731,bench_mixed,0.00,0.00,0.0,0.000,0.002,8.722,39.854,0.00
1786290736,bench_mixed,0.00,0.00,0.0,0.000,0.002,8.722,39.854,0.00
1786290741,bench_mixed,0.00,0.00,0.0,0.000,0.002,8.722,39.854,0.00
1786290746,bench_mixed,0.00,0.00,0.0,0.000,0.002,8.722,39.854,0.00
1786290751,bench_mixed,0.00,0.00,0.0,0.000,0.002,8.722,39.854,0.00
1786290756,bench_mixed,0.00,0.00,0.0,0.000,0.002,8.722,39.855,0.00
1786290761,bench_mixed,0.00,0.00,0.0,0.000,0.002,8.722,39.856,0.00
1786290766,bench_mixed,0.00,0.00,0.0,0.000,0.002,8.722,39.856,0.00
1786290771,bench_mixed,0.00,0.00,0.0,0.000,0.002,8.722,39.856,0.00
1786290776,bench_mixed,0.00,0.00,0.0,0.000,0.002,8.722,39.856,0.00
1786290782,bench_mixed,0.00,0.00,0.0,0.000,0.002,8.722,39.856,0.00
1786290787,bench_mixed,0.00,0.00,0.0,0.000,0.002,8.722,39.856,0.00
1786290792,bench_mixed,0.00,0.00,0.0,0.000,0.002,8.722,39.856,0.00
1786290797,bench_mixed,0.00,0.00,0.0,0.000,0.002,8.722,39.856,0.00
1786290802,bench_mixed,0.00,0.00,0.0,0.000,0.002,8.845,39.735,0.00
1786290807,bench_mixed,0.00,0.00,0.0,0.000,0.002,9.063,39.515,0.00
1786290812,bench_mixed,0.00,0.00,0.0,0.000,0.002,9.208,39.508,0.00
1786290817,bench_mixed,0.00,0.00,0.0,0.000,0.002,9.214,39.507,0.00
1786290822,bench_mixed,0.00,0.00,0.0,0.000,0.002,9.223,39.505,0.00
1786290827,bench_mixed,0.00,0.00,0.0,0.000,0.002,9.224,39.504,0.00
1786290832,bench_mixed,0.00,0.00,0.0,0.000,0.002,9.232,39.501,0.00
1786290837,bench_mixed,0.00,0.00,0.0,0.000,0.002,9.232,39.501,0.00
1786290842,bench_mixed,0.00,0.00,0.0,0.000,0.002,9.234,39.500,0.00
1786290847,bench_mixed,0.00,0.00,0.0,0.000,0.002,9.234,39.499,0.00
1786290852,bench_mixed,0.00,0.00,0.0,0.000,0.002,9.235,39.498,0.00
1786290857,bench_mixed,0.00,0.00,0.0,0.000,0.002,9.235,39.498,0.00
1786290862,bench_mixed,0.00,0.00,0.0,0.000,0.002,9.236,39.497,0.00
1786290867,bench_mixed,0.00,0.00,0.0,0.000,0.002,9.236,39.497,0.00
1786290873,bench_mixed,0.00,0.00,0.0,0.000,0.002,9.236,39.497,0.00
1786290878,bench_mixed,0.00,0.00,0.0,0.000,0.002,9.236,39.497,0.00
1786290883,bench_mixed,0.00,0.00,0.0,0.000,0.002,9.236,39.497,0.00
1786290888,bench_mixed,0.00,0.00,0.0,0.000,0.002,9.236,39.497,0.00
1786290893,bench_mixed,0.00,0.00,0.0,0.000,0.002,9.236,39.498,0.00
1786290898,bench_mixed,0.00,0.00,0.0,0.000,0.002,9.236,39.498,0.00
1786290903,bench_mixed,0.00,0.00,0.0,0.000,0.002,9.236,39.498,0.00
1786290908,bench_mixed,0.00,0.00,0.0,0.000,0.002,9.236,39.484,0.06
1786290913,bench_mixed,0.00,0.00,0.0,0.000,0.002,9.236,39.484,0.00
1786290918,bench_mixed,0.00,0.00,0.0,0.000,0.002,9.236,39.484,0.00
1786290923,bench_mixed,0.00,0.00,0.0,0.000,0.002,9.236,39.484,0.00
1786290928,bench_mixed,0.00,0.00,0.0,0.000,0.002,9.236,39.485,0.00
1786290933,bench_mixed,0.00,0.00,0.0,0.000,0.002,9.236,39.484,0.00
1786290938,bench_mixed,0.00,0.00,0.0,0.000,0.002,9.236,39.484,0.00
1786290943,bench_mixed,0.00,0.00,0.0,0.000,0.002,9.325,39.396,0.00
1786290948,bench_mixed,0.00,0.00,0.0,0.000,0.002,9.362,39.358,0.00
1786290953,bench_mixed,0.00,0.00,0.0,0.000,0.002,9.484,39.356,0.00
1786290958,bench_mixed,0.00,0.00,0.0,0.000,0.002,9.510,39.353,0.00
1786290963,bench_mixed,0.00,0.00,0.0,0.000,0.002,9.519,39.351,0.00
1786290968,bench_mixed,0.00,0.00,0.0,0.000,0.002,9.524,39.349,0.00
1786290974,bench_mixed,0.00,0.00,0.0,0.000,0.002,9.527,39.348,0.00
1786290979,bench_mixed,0.00,0.00,0.0,0.000,0.002,9.527,39.348,0.00
1786290984,bench_mixed,0.00,0.00,0.0,0.000,0.002,9.528,39.347,0.00
1786290989,bench_mixed,0.00,0.00,0.0,0.000,0.002,9.529,39.346,0.00
1786290994,bench_mixed,0.00,0.00,0.0,0.000,0.002,9.530,39.346,0.00
1786290999,bench_mixed,0.00,0.00,0.0,0.000,0.002,9.531,39.345,0.00
1786291004,bench_mixed,0.00,0.00,0.0,0.000,0.002,9.531,39.345,0.00
1786291009,bench_mixed,0.00,0.00,0.0,0.000,0.002,9.531,39.345,0.00
1786291014,bench_mixed,0.00,0.00,0.0,0.000,0.002,9.533,39.345,0.00
1786291019,bench_mixed,0.00,0.00,0.0,0.000,0.002,9.533,39.345,0.00
1786291024,bench_mixed,0.00,0.00,0.0,0.000,0.002,9.533,39.345,0.00
1786291029,bench_mixed,0.00,0.00,0.0,0.000,0.002,9.533,39.345,0.00
1786291034,bench_mixed,0.00,0.00,0.0,0.000,0.002,9.533,39.345,0.00
1786291039,bench_mixed,0.00,0.00,0.0,0.000,0.002,9.533,39.344,0.00
1786291044,bench_mixed,0.00,0.00,0.0,0.000,0.002,9.533,39.346,0.00
1786291049,bench_mixed,0.00,0.00,0.0,0.000,0.002,9.533,39.345,0.00
1786291054,bench_mixed,0.00,0.00,0.0,0.000,0.002,9.533,39.345,0.00
1786291059,bench_mixed,0.00,0.00,0.0,0.000,0.002,9.533,39.345,0.00
1786291065,bench_mixed,0.00,0.00,0.0,0.000,0.002,9.533,39.345,0.00
1786291070,bench_mixed,0.00,0.00,0.0,0.000,0.002,9.533,39.344,0.00
1786291075,bench_mixed,0.00,0.00,0.0,0.000,0.002,9.533,39.344,0.00
1786291080,bench_mixed,0.00,0.00,0.0,0.000,0.002,9.533,39.344,0.00
1786291085,bench_mixed,0.00,0.00,0.0,0.000,0.002,9.533,39.345,0.00
1786291090,bench_mixed,0.00,0.00,0.0,0.000,0.002,9.681,39.198,0.00
1786291095,bench_mixed,0.00,0.00,0.0,0.000,0.002,9.721,39.160,0.00
1786291100,bench_mixed,0.00,0.00,0.0,0.000,0.002,9.865,39.157,0.00
1786291105,bench_mixed,0.00,0.00,0.0,0.000,0.002,9.877,39.154,0.00
1786291110,bench_mixed,0.00,0.00,0.0,0.000,0.002,9.880,39.152,0.00
1786291115,bench_mixed,0.00,0.00,0.0,0.000,0.002,9.883,39.150,0.00
1786291120,bench_mixed,0.00,0.00,0.0,0.000,0.002,9.885,39.149,0.00
1786291125,bench_mixed,0.00,0.00,0.0,0.000,0.002,9.886,39.147,0.00
1786291130,bench_mixed,0.00,0.00,0.0,0.000,0.002,9.887,39.146,0.00
1786291135,bench_mixed,0.00,0.00,0.0,0.000,0.002,9.889,39.146,0.00
1786291140,bench_mixed,0.00,0.00,0.0,0.000,0.002,9.890,39.145,0.00
1786291145,bench_mixed,0.00,0.00,0.0,0.000,0.002,9.891,39.144,0.00
1786291150,bench_mixed,0.00,0.00,0.0,0.000,0.002,9.891,39.144,0.00
1786291155,bench_mixed,0.00,0.00,0.0,0.000,0.002,9.891,39.143,0.00
1786291161,bench_mixed,0.00,0.00,0.0,0.000,0.002,9.891,39.143,0.00
1786291166,bench_mixed,0.00,0.00,0.0,0.000,0.002,9.891,39.143,0.00
1786291171,bench_mixed,0.00,0.00,0.0,0.000,0.002,9.891,39.143,0.00
1786291176,bench_mixed,0.00,0.00,0.0,0.000,0.002,9.891,39.143,0.00
1786291181,bench_mixed,0.00,0.00,0.0,0.000,0.002,9.891,39.145,0.00
1786291186,bench_mixed,0.00,0.00,0.0,0.000,0.002,9.892,39.144,0.00
1786291191,bench_mixed,0.00,0.00,0.0,0.000,0.002,9.892,39.144,0.00
1786291196,bench_mixed,0.00,0.00,0.0,0.000,0.002,9.892,39.143,0.00
1786291201,bench_mixed,0.00,0.00,0.0,0.000,0.002,9.892,39.144,0.00
1786291206,bench_mixed,0.00,0.00,0.0,0.000,0.002,9.892,39.131,0.05
1786291211,bench_mixed,0.00,0.00,0.0,0.000,0.002,9.892,39.131,0.01
1786291216,bench_mixed,0.00,0.00,0.0,0.000,0.002,9.892,39.131,0.00
1786291221,bench_mixed,0.00,0.00,0.0,0.000,0.002,9.892,39.131,0.00
1786291226,bench_mixed,0.00,0.00,0.0,0.000,0.002,9.892,39.131,0.00
1786291231,bench_mixed,0.00,0.00,0.0,0.000,0.002,9.929,39.095,0.00
1786291236,bench_mixed,0.00,0.00,0.0,0.000,0.002,9.893,39.135,0.00
1786291241,bench_mixed,0.00,0.00,0.0,0.000,0.002,10.071,39.013,0.00
1786291246,bench_mixed,0.00,0.00,0.0,0.000,0.002,10.161,39.010,0.00
1786291251,bench_mixed,0.00,0.00,0.0,0.000,0.002,10.169,39.010,0.00
1786291257,bench_mixed,0.00,0.00,0.0,0.000,0.002,10.171,39.010,0.00
1786291262,bench_mixed,0.00,0.00,0.0,0.000,0.002,10.179,39.007,0.00
1786291267,bench_mixed,0.00,0.00,0.0,0.000,0.002,10.182,39.006,0.00
1786291272,bench_mixed,0.00,0.00,0.0,0.000,0.002,10.183,39.005,0.00
1786291277,bench_mixed,0.00,0.00,0.0,0.000,0.002,10.185,39.004,0.00
1786291282,bench_mixed,0.00,0.00,0.0,0.000,0.002,10.185,39.003,0.00
1786291287,bench_mixed,0.00,0.00,0.0,0.000,0.002,10.186,39.003,0.00
1786291292,bench_mixed,0.00,0.00,0.0,0.000,0.002,10.187,39.002,0.00
1786291297,bench_mixed,0.00,0.00,0.0,0.000,0.002,10.187,39.003,0.00
1786291302,bench_mixed,0.00,0.00,0.0,0.000,0.002,10.187,39.003,0.00
1786291307,bench_mixed,0.00,0.00,0.0,0.000,0.002,10.187,39.002,0.00
1786291312,bench_mixed,0.00,0.00,0.0,0.000,0.002,10.187,39.002,0.00
1786291317,bench_mixed,0.00,0.00,0.0,0.000,0.002,10.187,39.003,0.00
1786291322,bench_mixed,0.00,0.00,0.0,0.000,0.002,10.187,39.002,0.00
1786291327,bench_mixed,0.00,0.00,0.0,0.000,0.002,10.187,39.002,0.00
1786291332,bench_mixed,0.00,0.00,0.0,0.000,0.002,10.187,39.002,0.00
1786291337,bench_mixed,0.00,0.00,0.0,0.000,0.002,10.187,39.002,0.00
1786291342,bench_mixed,0.00,0.00,0.0,0.000,0.002,10.187,39.002,0.00
1786291348,bench_mixed,0.00,0.00,0.0,0.000,0.002,10.187,39.002,0.00
1786291353,bench_mixed,0.00,0.00,0.0,0.000,0.002,10.187,39.003,0.00
1786291358,bench_mixed,0.00,0.00,0.0,0.000,0.002,10.187,39.002,0.00
1786291363,bench_mixed,0.00,0.00,0.0,0.000,0.002,10.187,39.002,0.00
1786291368,bench_mixed,0.00,0.00,0.0,0.000,0.002,10.187,39.003,0.00
1786291373,bench_mixed,0.00,0.00,0.0,0.000,0.002,10.187,39.003,0.00
1786291378,bench_mixed,0.00,0.00,0.0,0.000,0.002,10.282,38.910,0.00
1786291383,bench_mixed,0.00,0.00,0.0,0.000,0.002,10.526,38.664,0.00
1786291388,bench_mixed,0.00,0.00,0.0,0.000,0.002,10.651,38.662,0.00
1786291393,bench_mixed,0.00,0.00,0.0,0.000,0.002,10.678,38.659,0.00
1786291398,bench_mixed,0.00,0.00,0.0,0.000,0.002,10.682,38.657,0.00
1786291403,bench_mixed,0.00,0.00,0.0,0.000,0.002,10.688,38.654,0.00
1786291408,bench_mixed,0.00,0.00,0.0,0.000,0.002,10.689,38.653,0.00
1786291413,bench_mixed,0.00,0.00,0.0,0.000,0.002,10.693,38.651,0.00
1786291418,bench_mixed,0.00,0.00,0.0,0.000,0.002,10.693,38.650,0.00
1786291423,bench_mixed,0.00,0.00,0.0,0.000,0.002,10.695,38.648,0.00
1786291428,bench_mixed,0.00,0.00,0.0,0.000,0.002,10.696,38.647,0.00
1786291433,bench_mixed,0.00,0.00,0.0,0.000,0.002,10.696,38.647,0.00
1786291438,bench_mixed,0.00,0.00,0.0,0.000,0.002,10.698,38.646,0.00
1786291444,bench_mixed,0.00,0.00,0.0,0.000,0.002,10.698,38.647,0.00
1786291449,bench_mixed,0.00,0.00,0.0,0.000,0.002,10.698,38.646,0.00
1786291454,bench_mixed,0.00,0.00,0.0,0.000,0.002,10.698,38.646,0.00
1786291459,bench_mixed,0.00,0.00,0.0,0.000,0.002,10.698,38.646,0.00
1786291464,bench_mixed,0.00,0.00,0.0,0.000,0.002,10.698,38.646,0.00
1786291469,bench_mixed,0.00,0.00,0.0,0.000,0.002,10.698,38.646,0.00
1786291474,bench_mixed,0.00,0.00,0.0,0.000,0.002,10.698,38.645,0.00
1786291479,bench_mixed,0.00,0.00,0.0,0.000,0.002,10.698,38.645,0.00
1786291484,bench_mixed,0.00,0.00,0.0,0.000,0.002,10.698,38.644,0.00
1786291489,bench_mixed,0.00,0.00,0.0,0.000,0.002,10.698,38.644,0.00
1786291494,bench_mixed,0.00,0.00,0.0,0.000,0.002,10.698,38.643,0.00
1786291499,bench_mixed,0.00,0.00,0.0,0.000,0.002,10.699,38.643,0.00
1786291504,bench_mixed,0.00,0.00,0.0,0.000,0.002,10.699,38.641,0.01
1786291509,bench_mixed,0.00,0.00,0.0,0.000,0.002,10.699,38.629,0.05
1786291514,bench_mixed,0.00,0.00,0.0,0.000,0.002,10.699,38.629,0.00
1786291519,bench_mixed,0.00,0.00,0.0,0.000,0.002,10.779,38.551,0.00
1786291524,bench_mixed,0.00,0.00,0.0,0.000,0.002,10.824,38.509,0.00
1786291529,bench_mixed,0.00,0.00,0.0,0.000,0.002,10.918,38.509,0.00
1786291534,bench_mixed,0.00,0.00,0.0,0.000,0.002,10.973,38.507,0.00
1786291540,bench_mixed,0.00,0.00,0.0,0.000,0.002,10.978,38.506,0.00
1786291545,bench_mixed,0.00,0.00,0.0,0.000,0.002,10.980,38.504,0.00
1786291550,bench_mixed,0.00,0.00,0.0,0.000,0.002,10.983,38.503,0.00
1786291555,bench_mixed,0.00,0.00,0.0,0.000,0.002,10.989,38.501,0.00
1786291560,bench_mixed,0.00,0.00,0.0,0.000,0.002,10.989,38.502,0.00
1786291565,bench_mixed,0.00,0.00,0.0,0.000,0.002,10.990,38.502,0.00
1786291570,bench_mixed,0.00,0.00,0.0,0.000,0.002,10.991,38.501,0.00
1786291575,bench_mixed,0.00,0.00,0.0,0.000,0.002,10.992,38.501,0.00
1786291580,bench_mixed,0.00,0.00,0.0,0.000,0.002,10.992,38.500,0.00
1786291585,bench_mixed,0.00,0.00,0.0,0.000,0.002,10.992,38.500,0.00
1786291590,bench_mixed,0.00,0.00,0.0,0.000,0.002,10.993,38.500,0.00
1786291595,bench_mixed,0.00,0.00,0.0,0.000,0.002,10.993,38.500,0.00
1786291600,bench_mixed,0.00,0.00,0.0,0.000,0.002,10.994,38.499,0.00
1786291605,bench_mixed,0.00,0.00,0.0,0.000,0.002,10.994,38.500,0.00
1786291610,bench_mixed,0.00,0.00,0.0,0.000,0.002,10.994,38.500,0.00
1786291615,bench_mixed,0.00,0.00,0.0,0.000,0.002,10.994,38.500,0.00
1786291620,bench_mixed,0.00,0.00,0.0,0.000,0.002,10.994,38.500,0.00
1786291625,bench_mixed,0.00,0.00,0.0,0.000,0.002,10.994,38.500,0.00
1786291631,bench_mixed,0.00,0.00,0.0,0.000,0.002,10.994,38.500,0.00
1786291636,bench_mixed,0.00,0.00,0.0,0.000,0.002,10.994,38.499,0.00
1786291641,bench_mixed,0.00,0.00,0.0,0.000,0.002,10.994,38.499,0.00
1786291646,bench_mixed,0.00,0.00,0.0,0.000,0.002,10.994,38.499,0.00
1786291651,bench_mixed,0.00,0.00,0.0,0.000,0.002,10.994,38.499,0.00
1786291656,bench_mixed,0.00,0.00,0.0,0.000,0.002,10.994,38.499,0.00
1786291661,bench_mixed,0.00,0.00,0.0,0.000,0.002,11.046,38.448,0.00
1786291666,bench_mixed,0.00,0.00,0.0,0.000,0.002,11.056,38.436,0.00
1786291671,bench_mixed,0.00,0.00,0.0,0.000,0.002,11.214,38.373,0.00
1786291676,bench_mixed,0.00,0.00,0.0,0.000,0.002,11.263,38.369,0.00
1786291681,bench_mixed,0.00,0.00,0.0,0.000,0.002,11.270,38.368,0.00
1786291686,bench_mixed,0.00,0.00,0.0,0.000,0.002,11.277,38.367,0.00
1786291691,bench_mixed,0.00,0.00,0.0,0.000,0.002,11.282,38.366,0.00
1786291696,bench_mixed,0.00,0.00,0.0,0.000,0.002,11.285,38.364,0.00
1786291701,bench_mixed,0.00,0.00,0.0,0.000,0.002,11.285,38.363,0.00
1786291706,bench_mixed,0.00,0.00,0.0,0.000,0.002,11.286,38.362,0.00
1786291711,bench_mixed,0.00,0.00,0.0,0.000,0.002,11.286,38.362,0.00
1786291716,bench_mixed,0.00,0.00,0.0,0.000,0.002,11.287,38.361,0.00
1786291721,bench_mixed,0.00,0.00,0.0,0.000,0.002,11.287,38.361,0.00
1786291727,bench_mixed,0.00,0.00,0.0,0.000,0.002,11.287,38.362,0.00
1786291732,bench_mixed,0.00,0.00,0.0,0.000,0.002,11.288,38.361,0.00
1786291737,bench_mixed,0.00,0.00,0.0,0.000,0.002,11.288,38.361,0.00
1786291742,bench_mixed,0.00,0.00,0.0,0.000,0.002,11.288,38.360,0.00
1786291747,bench_mixed,0.00,0.00,0.0,0.000,0.002,11.288,38.361,0.00
1786291752,bench_mixed,0.00,0.00,0.0,0.000,0.002,11.288,38.361,0.00
1786291757,bench_mixed,0.00,0.00,0.0,0.000,0.002,11.288,38.361,0.00
1786291762,bench_mixed,0.00,0.00,0.0,0.000,0.002,11.288,38.361,0.00
1786291767,bench_mixed,0.00,0.00,0.0,0.000,0.002,11.288,38.361,0.00
1786291772,bench_mixed,0.00,0.00,0.0,0.000,0.002,11.288,38.361,0.00
1786291777,bench_mixed,0.00,0.00,0.0,0.000,0.002,11.288,38.361,0.00
1786291782,bench_mixed,0.00,0.00,0.0,0.000,0.002,11.288,38.360,0.00
1786291787,bench_mixed,0.00,0.00,0.0,0.000,0.002,11.288,38.359,0.00
1786291792,bench_mixed,0.00,0.00,0.0,0.000,0.002,11.288,38.359,0.00
1786291797,bench_mixed,0.00,0.00,0.0,0.000,0.002,11.288,38.359,0.00
1786291802,bench_mixed,0.00,0.00,0.0,0.000,0.002,11.288,38.359,0.00
1786291807,bench_mixed,0.00,0.00,0.0,0.000,0.002,11.368,38.267,0.06
1786291812,bench_mixed,0.00,0.00,0.0,0.000,0.002,11.564,38.072,0.00
1786291817,bench_mixed,0.00,0.00,0.0,0.000,0.002,11.747,38.008,0.00
1786291823,bench_mixed,0.00,0.00,0.0,0.000,0.002,11.778,38.005,0.00
1786291828,bench_mixed,0.00,0.00,0.0,0.000,0.002,11.786,38.006,0.00
1786291833,bench_mixed,0.00,0.00,0.0,0.000,0.002,11.788,38.003,0.00
1786291838,bench_mixed,0.00,0.00,0.0,0.000,0.002,11.789,38.001,0.00
1786291843,bench_mixed,0.00,0.00,0.0,0.000,0.002,11.792,38.001,0.00
1786291848,bench_mixed,0.00,0.00,0.0,0.000,0.002,11.794,38.000,0.00
1786291853,bench_mixed,0.00,0.00,0.0,0.000,0.002,11.794,38.000,0.00
1786291858,bench_mixed,0.00,0.00,0.0,0.000,0.002,11.796,37.999,0.00
1786291863,bench_mixed,0.00,0.00,0.0,0.000,0.002,11.796,37.999,0.00
1786291868,bench_mixed,0.00,0.00,0.0,0.000,0.002,11.797,37.999,0.00
1786291873,bench_mixed,0.00,0.00,0.0,0.000,0.002,11.797,38.000,0.00
1786291878,bench_mixed,0.00,0.00,0.0,0.000,0.002,11.798,37.999,0.00
1786291883,bench_mixed,0.00,0.00,0.0,0.000,0.002,11.798,37.999,0.00
1786291888,bench_mixed,0.00,0.00,0.0,0.000,0.002,11.798,37.999,0.00
1786291893,bench_mixed,0.00,0.00,0.0,0.000,0.002,11.798,37.999,0.00
1786291898,bench_mixed,0.00,0.00,0.0,0.000,0.002,11.798,37.999,0.00
1786291903,bench_mixed,0.00,0.00,0.0,0.000,0.002,11.798,38.000,0.00
1786291908,bench_mixed,0.00,0.00,0.0,0.000,0.002,11.798,38.000,0.00
1786291914,bench_mixed,0.00,0.00,0.0,0.000,0.002,11.798,38.000,0.00
1786291919,bench_mixed,0.00,0.00,0.0,0.000,0.002,11.798,38.000,0.00
1786291924,bench_mixed,0.00,0.00,0.0,0.000,0.002,11.798,38.000,0.00
1786291929,bench_mixed,0.00,0.00,0.0,0.000,0.002,11.798,37.999,0.00
1786291934,bench_mixed,0.00,0.00,0.0,0.000,0.002,11.798,38.000,0.00
1786291939,bench_mixed,0.00,0.00,0.0,0.000,0.002,11.798,37.999,0.00
1786291944,bench_mixed,0.00,0.00,0.0,0.000,0.002,11.798,37.999,0.00
1786291949,bench_mixed,0.00,0.00,0.0,0.000,0.002,11.798,37.999,0.00
1786291954,bench_mixed,0.00,0.00,0.0,0.000,0.002,11.901,37.897,0.00
1786291959,bench_mixed,0.00,0.00,0.0,0.000,0.002,11.923,37.871,0.00
1786291964,bench_mixed,0.00,0.00,0.0,0.000,0.002,12.046,37.869,0.00
1786291969,bench_mixed,0.00,0.00,0.0,0.000,0.002,12.065,37.867,0.00
1786291974,bench_mixed,0.00,0.00,0.0,0.000,0.002,12.076,37.864,0.00
1786291979,bench_mixed,0.00,0.00,0.0,0.000,0.002,12.080,37.862,0.00
1786291984,bench_mixed,0.00,0.00,0.0,0.000,0.002,12.081,37.861,0.00
1786291989,bench_mixed,0.00,0.00,0.0,0.000,0.002,12.086,37.860,0.00
1786291994,bench_mixed,0.00,0.00,0.0,0.000,0.002,12.089,37.860,0.00
1786291999,bench_mixed,0.00,0.00,0.0,0.000,0.002,12.091,37.857,0.00
1786292004,bench_mixed,0.00,0.00,0.0,0.000,0.002,12.091,37.857,0.00
1786292010,bench_mixed,0.00,0.00,0.0,0.000,0.002,12.092,37.856,0.00
1786292015,bench_mixed,0.00,0.00,0.0,0.000,0.002,12.093,37.856,0.00
1786292020,bench_mixed,0.00,0.00,0.0,0.000,0.002,12.093,37.856,0.00
1786292025,bench_mixed,0.00,0.00,0.0,0.000,0.002,12.093,37.856,0.00
1786292030,bench_mixed,0.00,0.00,0.0,0.000,0.002,12.093,37.856,0.00
1786292035,bench_mixed,0.00,0.00,0.0,0.000,0.002,12.094,37.855,0.00
1786292040,bench_mixed,0.00,0.00,0.0,0.000,0.002,12.094,37.856,0.00
1786292045,bench_mixed,0.00,0.00,0.0,0.000,0.002,12.094,37.856,0.00
1786292050,bench_mixed,0.00,0.00,0.0,0.000,0.002,12.094,37.856,0.00
1786292055,bench_mixed,0.00,0.00,0.0,0.000,0.002,12.094,37.856,0.00
1786292060,bench_mixed,0.00,0.00,0.0,0.000,0.002,12.094,37.856,0.00
1786292065,bench_mixed,0.00,0.00,0.0,0.000,0.002,12.094,37.856,0.00
1786292070,bench_mixed,0.00,0.00,0.0,0.000,0.002,12.094,37.856,0.00
1786292075,bench_mixed,0.00,0.00,0.0,0.000,0.002,12.094,37.856,0.00
1786292080,bench_mixed,0.00,0.00,0.0,0.000,0.002,12.094,37.856,0.00
1786292085,bench_mixed,0.00,0.00,0.0,0.000,0.002,12.094,37.856,0.00
1786292090,bench_mixed,0.00,0.00,0.0,0.000,0.002,12.094,37.856,0.00
1786292095,bench_mixed,0.00,0.00,0.0,0.000,0.002,12.094,37.857,0.00
1786292101,bench_mixed,0.00,0.00,0.0,0.000,0.002,12.229,37.722,0.00
1786292106,bench_mixed,0.00,0.00,0.0,0.000,0.002,12.284,37.654,0.04
1786292111,bench_mixed,0.00,0.00,0.0,0.000,0.002,12.569,37.371,0.01
1786292116,bench_mixed,0.00,0.00,0.0,0.000,0.002,12.623,37.314,0.00
1786292121,bench_mixed,0.00,0.00,0.0,0.000,0.002,12.663,37.274,0.00
1786292126,bench_mixed,0.00,0.00,0.0,0.000,0.002,12.689,37.245,0.00
1786292131,bench_mixed,0.00,0.00,0.0,0.000,0.002,12.741,37.194,0.00
1786292136,bench_mixed,0.00,0.00,0.0,0.000,0.002,12.756,37.180,0.00
1786292141,bench_mixed,0.00,0.00,0.0,0.000,0.002,12.813,37.125,0.00
1786292146,bench_mixed,0.00,0.00,0.0,0.000,0.002,12.828,37.106,0.00
1786292151,bench_mixed,0.00,0.00,0.0,0.000,0.002,12.836,37.099,0.00
1786292156,bench_mixed,0.00,0.00,0.0,0.000,0.002,12.845,37.088,0.00
1786292161,bench_mixed,0.00,0.00,0.0,0.000,0.002,12.855,37.078,0.00
1786292166,bench_mixed,0.00,0.00,0.0,0.000,0.002,12.869,37.065,0.00
1786292171,bench_mixed,0.00,0.00,0.0,0.000,0.002,12.870,37.064,0.00
1786292176,bench_mixed,0.00,0.00,0.0,0.000,0.002,12.875,37.059,0.00
1786292181,bench_mixed,0.00,0.00,0.0,0.000,0.002,12.885,37.050,0.00
1786292186,bench_mixed,0.00,0.00,0.0,0.000,0.002,12.896,37.040,0.00
1786292191,bench_mixed,0.00,0.00,0.0,0.000,0.002,12.896,37.040,0.00
1786292196,bench_mixed,0.00,0.00,0.0,0.000,0.002,12.896,37.040,0.00
1786292202,bench_mixed,0.00,0.00,0.0,0.000,0.002,12.900,37.036,0.00
1786292207,bench_mixed,0.00,0.00,0.0,0.000,0.002,12.901,37.035,0.00
1786292212,bench_mixed,0.00,0.00,0.0,0.000,0.002,12.911,37.025,0.00
1786292217,bench_mixed,0.00,0.00,0.0,0.000,0.002,12.917,37.020,0.00
1786292222,bench_mixed,0.00,0.00,0.0,0.000,0.002,12.923,37.014,0.00
1786292227,bench_mixed,0.00,0.00,0.0,0.000,0.002,12.923,37.014,0.00
1786292232,bench_mixed,0.00,0.00,0.0,0.000,0.002,12.923,37.013,0.00
1786292237,bench_mixed,0.00,0.00,0.0,0.000,0.002,12.923,37.013,0.00
1786292242,bench_mixed,0.00,0.00,0.0,0.000,0.002,12.972,36.966,0.00
1786292247,bench_mixed,0.00,0.00,0.0,0.000,0.002,13.044,36.897,0.00
1786292252,bench_mixed,0.00,0.00,0.0,0.000,0.002,13.205,36.737,0.00
1786292257,bench_mixed,0.00,0.00,0.0,0.000,0.002,13.208,36.734,0.00
1786292262,bench_mixed,0.00,0.00,0.0,0.000,0.002,13.211,36.731,0.00
1786292267,bench_mixed,0.00,0.00,0.0,0.000,0.002,13.216,36.727,0.00
1786292272,bench_mixed,0.00,0.00,0.0,0.000,0.002,13.222,36.720,0.00
1786292277,bench_mixed,0.00,0.00,0.0,0.000,0.002,13.226,36.715,0.00
1786292282,bench_mixed,0.00,0.00,0.0,0.000,0.002,13.228,36.711,0.00
1786292287,bench_mixed,0.00,0.00,0.0,0.000,0.002,13.233,36.706,0.00
1786292292,bench_mixed,0.00,0.00,0.0,0.000,0.002,13.234,36.702,0.00
1786292298,bench_mixed,0.00,0.00,0.0,0.000,0.002,13.237,36.701,0.00
1786292303,bench_mixed,0.00,0.00,0.0,0.000,0.002,13.238,36.699,0.00
1786292308,bench_mixed,0.00,0.00,0.0,0.000,0.002,13.241,36.697,0.00
1786292313,bench_mixed,0.00,0.00,0.0,0.000,0.002,13.241,36.695,0.00
1786292318,bench_mixed,0.00,0.00,0.0,0.000,0.002,13.242,36.695,0.00
1786292323,bench_mixed,0.00,0.00,0.0,0.000,0.002,13.243,36.693,0.00
1786292328,bench_mixed,0.00,0.00,0.0,0.000,0.002,13.244,36.693,0.00
1786292333,bench_mixed,0.00,0.00,0.0,0.000,0.002,13.249,36.688,0.00
1786292338,bench_mixed,0.00,0.00,0.0,0.000,0.002,13.249,36.688,0.00
1786292343,bench_mixed,0.00,0.00,0.0,0.000,0.002,13.250,36.686,0.00
1786292348,bench_mixed,0.00,0.00,0.0,0.000,0.002,13.250,36.686,0.00
1786292353,bench_mixed,0.00,0.00,0.0,0.000,0.002,13.251,36.685,0.00
1786292358,bench_mixed,0.00,0.00,0.0,0.000,0.002,13.251,36.683,0.00
1786292363,bench_mixed,0.00,0.00,0.0,0.000,0.002,13.257,36.680,0.00
1786292368,bench_mixed,0.00,0.00,0.0,0.000,0.002,13.257,36.679,0.00
1786292373,bench_mixed,0.00,0.00,0.0,0.000,0.002,13.257,36.678,0.00
1786292378,bench_mixed,0.00,0.00,0.0,0.000,0.002,13.258,36.679,0.00
1786292383,bench_mixed,0.00,0.00,0.0,0.000,0.002,13.258,36.678,0.00
1786292388,bench_mixed,0.00,0.00,0.0,0.000,0.002,13.299,36.640,0.00
1786292393,bench_mixed,0.00,0.00,0.0,0.000,0.002,13.445,36.496,0.00
1786292399,bench_mixed,0.00,0.00,0.0,0.000,0.002,13.445,36.496,0.00
1786292404,bench_mixed,0.00,0.00,0.0,0.000,0.002,13.445,36.496,0.00
1786292409,bench_mixed,0.00,0.00,0.0,0.000,0.002,13.445,36.483,0.06
1786292414,bench_mixed,0.00,0.00,0.0,0.000,0.002,13.445,36.483,0.00
1786292419,bench_mixed,0.00,0.00,0.0,0.000,0.002,13.445,36.482,0.00
1786292424,bench_mixed,0.00,0.00,0.0,0.000,0.002,13.445,36.483,0.00
1786292429,bench_mixed,0.00,0.00,0.0,0.000,0.002,13.445,36.484,0.00
1786292434,bench_mixed,0.00,0.00,0.0,0.000,0.002,13.445,36.485,0.00
1786292439,bench_mixed,0.00,0.00,0.0,0.000,0.002,13.445,36.484,0.00
1786292444,bench_mixed,0.00,0.00,0.0,0.000,0.002,13.445,36.485,0.00
1786292449,bench_mixed,0.00,0.00,0.0,0.000,0.002,13.445,36.484,0.00
1786292454,bench_mixed,0.00,0.00,0.0,0.000,0.002,13.445,36.484,0.00
1786292459,bench_mixed,0.00,0.00,0.0,0.000,0.002,13.445,36.484,0.00
1786292464,bench_mixed,0.00,0.00,0.0,0.000,0.002,13.445,36.484,0.00
1786292469,bench_mixed,0.00,0.00,0.0,0.000,0.002,13.445,36.484,0.00
1786292474,bench_mixed,0.00,0.00,0.0,0.000,0.002,13.445,36.484,0.00
1786292479,bench_mixed,0.00,0.00,0.0,0.000,0.002,13.445,36.484,0.00
1786292484,bench_mixed,0.00,0.00,0.0,0.000,0.002,13.445,36.484,0.00
1786292489,bench_mixed,0.00,0.00,0.0,0.000,0.002,13.445,36.484,0.00
1786292495,bench_mixed,0.00,0.00,0.0,0.000,0.002,13.445,36.484,0.00
1786292500,bench_mixed,0.00,0.00,0.0,0.000,0.002,13.445,36.483,0.00
1786292505,bench_mixed,0.00,0.00,0.0,0.000,0.002,13.445,36.483,0.00
1786292510,bench_mixed,0.00,0.00,0.0,0.000,0.002,13.445,36.483,0.00
1786292515,bench_mixed,0.00,0.00,0.0,0.000,0.002,13.445,36.483,0.00
1786292520,bench_mixed,0.00,0.00,0.0,0.000,0.002,13.445,36.484,0.00
1786292525,bench_mixed,0.00,0.00,0.0,0.000,0.002,13.445,36.485,0.00
1786292530,bench_mixed,0.00,0.00,0.0,0.000,0.002,13.445,36.485,0.00
1786292535,bench_mixed,0.00,0.00,0.0,0.000,0.002,13.445,36.485,0.00
1786292540,bench_mixed,0.00,0.00,0.0,0.000,0.002,13.445,36.485,0.00
1786292545,bench_mixed,0.00,0.00,0.0,0.000,0.002,13.445,36.484,0.00
1786292550,bench_mixed,0.00,0.00,0.0,0.000,0.002,13.445,36.484,0.00
1786292555,bench_mixed,0.00,0.00,0.0,0.000,0.002,13.445,36.484,0.00
1786292560,bench_mixed,0.00,0.00,0.0,0.000,0.002,13.445,36.484,0.00
1786292565,bench_mixed,0.00,0.00,0.0,0.000,0.002,13.445,36.484,0.00
1786292570,bench_mixed,0.00,0.00,0.0,0.000,0.002,13.445,36.486,0.00
1786292575,bench_mixed,0.00,0.00,0.0,0.000,0.002,13.445,36.485,0.00
1786292580,bench_mixed,0.00,0.00,0.0,0.000,0.002,13.445,36.484,0.00
1786292585,bench_mixed,0.00,0.00,0.0,0.000,0.002,13.445,36.484,0.00
1786292590,bench_mixed,0.00,0.00,0.0,0.000,0.002,13.445,36.484,0.00
1786292596,bench_mixed,0.00,0.00,0.0,0.000,0.002,13.445,36.483,0.00
1786292601,bench_mixed,0.00,0.00,0.0,0.000,0.002,13.445,36.485,0.00
1786292606,bench_mixed,0.00,0.00,0.0,0.000,0.002,13.445,36.485,0.00
1786292611,bench_mixed,0.00,0.00,0.0,0.000,0.002,13.445,36.485,0.00
1786292616,bench_mixed,0.00,0.00,0.0,0.000,0.002,13.445,36.485,0.00
1786292621,bench_mixed,0.00,0.00,0.0,0.000,0.002,13.445,36.485,0.00
1786292626,bench_mixed,0.00,0.00,0.0,0.000,0.002,13.445,36.485,0.00
1786292631,bench_mixed,0.00,0.00,0.0,0.000,0.002,13.445,36.485,0.00
1786292636,bench_mixed,0.00,0.00,0.0,0.000,0.002,13.445,36.485,0.00
1786292641,bench_mixed,0.00,0.00,0.0,0.000,0.002,13.445,36.485,0.00
1786292646,bench_mixed,0.00,0.00,0.0,0.000,0.002,13.445,36.485,0.00
1786292651,bench_mixed,0.00,0.00,0.0,0.000,0.002,13.445,36.485,0.00
1786292656,bench_mixed,0.00,0.00,0.0,0.000,0.002,13.445,36.485,0.00
1786292661,bench_mixed,0.00,0.00,0.0,0.000,0.002,13.445,36.486,0.00
1786292666,bench_mixed,0.00,0.00,0.0,0.000,0.002,13.445,36.485,0.00
1786292671,bench_mixed,0.00,0.00,0.0,0.000,0.002,13.445,36.486,0.00
1786292676,bench_mixed,0.00,0.00,0.0,0.000,0.002,13.445,36.485,0.00
1786292681,bench_mixed,0.00,0.00,0.0,0.000,0.002,13.445,36.485,0.00
1786292686,bench_mixed,0.00,0.00,0.0,0.000,0.002,13.445,36.485,0.00
1786292692,bench_mixed,0.00,0.00,0.0,0.000,0.002,13.445,36.485,0.00
1786292697,bench_mixed,0.00,0.00,0.0,0.000,0.002,13.445,36.486,0.00
1786292702,bench_mixed,0.00,0.00,0.0,0.000,0.002,13.445,36.486,0.00
1786292707,bench_mixed,0.00,0.00,0.0,0.000,0.002,13.445,36.478,0.06
1786292712,bench_mixed,0.00,0.00,0.0,0.000,0.002,13.445,36.478,0.00
1786292717,bench_mixed,0.00,0.00,0.0,0.000,0.002,13.445,36.478,0.00
1786292722,bench_mixed,0.00,0.00,0.0,0.000,0.002,13.445,36.479,0.00
1786292727,bench_mixed,0.00,0.00,0.0,0.000,0.002,13.445,36.479,0.00
1786292732,bench_mixed,0.00,0.00,0.0,0.000,0.002,13.445,36.478,0.00
1786292737,bench_mixed,0.00,0.00,0.0,0.000,0.002,13.445,36.479,0.00
1786292742,bench_mixed,0.00,0.00,0.0,0.000,0.002,13.445,36.479,0.00
1786292747,bench_mixed,0.00,0.00,0.0,0.000,0.002,13.445,36.480,0.00
1786292752,bench_mixed,0.00,0.00,0.0,0.000,0.002,13.445,36.480,0.00
1786292757,bench_mixed,0.00,0.00,0.0,0.000,0.002,13.445,36.480,0.00
1786292762,bench_mixed,0.00,0.00,0.0,0.000,0.002,13.445,36.479,0.00
1786292767,bench_mixed,0.00,0.00,0.0,0.000,0.002,13.445,36.479,0.00
1786292772,bench_mixed,0.00,0.00,0.0,0.000,0.002,13.445,36.480,0.00
1786292777,bench_mixed,0.00,0.00,0.0,0.000,0.002,13.445,36.479,0.00
1786292782,bench_mixed,0.00,0.00,0.0,0.000,0.002,13.445,36.480,0.00
1786292787,bench_mixed,0.00,0.00,0.0,0.000,0.002,13.445,36.479,0.00
1786292793,bench_mixed,0.00,0.00,0.0,0.000,0.002,13.445,36.479,0.00
1786292798,bench_mixed,0.00,0.00,0.0,0.000,0.002,13.445,36.479,0.00
1786292803,bench_mixed,0.00,0.00,0.0,0.000,0.002,13.445,36.480,0.00
1786292808,bench_mixed,0.00,0.00,0.0,0.000,0.002,13.445,36.479,0.00
1786292813,bench_mixed,0.00,0.00,0.0,0.000,0.002,13.445,36.480,0.00
1786292818,bench_mixed,0.00,0.00,0.0,0.000,0.002,13.445,36.481,0.00
1786292823,bench_mixed,0.00,0.00,0.0,0.000,0.002,13.445,36.481,0.00
1786292828,bench_mixed,0.00,0.00,0.0,0.000,0.002,13.445,36.480,0.00
1786292833,bench_mixed,0.00,0.00,0.0,0.000,0.002,13.445,36.480,0.00
1786292838,bench_mixed,0.00,0.00,0.0,0.000,0.002,13.445,36.481,0.00
1786292843,bench_mixed,0.00,0.00,0.0,0.000,0.002,13.445,36.480,0.00
1786292848,bench_mixed,0.00,0.00,0.0,0.000,0.002,13.445,36.480,0.00
1786292853,bench_mixed,0.00,0.00,0.0,0.000,0.002,13.445,36.480,0.00
1786292858,bench_mixed,0.00,0.00,0.0,0.000,0.002,13.445,36.480,0.00
1786292863,bench_mixed,0.00,0.00,0.0,0.000,0.002,13.445,36.480,0.00
1786292868,bench_mixed,0.00,0.00,0.0,0.000,0.002,13.445,36.481,0.00
1786292873,bench_mixed,0.00,0.00,0.0,0.000,0.002,13.445,36.481,0.00
1786292878,bench_mixed,0.00,0.00,0.0,0.000,0.002,13.445,36.480,0.00
1786292883,bench_mixed,0.00,0.00,0.0,0.000,0.002,13.445,36.481,0.00
1786292889,bench_mixed,0.00,0.00,0.0,0.000,0.002,13.445,36.481,0.00
1786292894,bench_mixed,0.00,0.00,0.0,0.000,0.002,13.445,36.482,0.00
1786292899,bench_mixed,0.00,0.00,0.0,0.000,0.002,13.445,36.482,0.00
1786292904,bench_mixed,0.00,0.00,0.0,0.000,0.002,13.445,36.481,0.00
1786292909,bench_mixed,0.00,0.00,0.0,0.000,0.002,13.445,36.482,0.00
1786292914,bench_mixed,0.00,0.00,0.0,0.000,0.002,13.445,36.481,0.00
1786292919,bench_mixed,0.00,0.00,0.0,0.000,0.002,13.445,36.480,0.00
1786292924,bench_mixed,0.00,0.00,0.0,0.000,0.002,13.445,36.480,0.00
1786292929,bench_mixed,0.00,0.00,0.0,0.000,0.002,13.445,36.479,0.00
1786292934,bench_mixed,0.00,0.00,0.0,0.000,0.002,13.445,36.480,0.00
1786292939,bench_mixed,0.00,0.00,0.0,0.000,0.002,13.445,36.480,0.00
1786292944,bench_mixed,0.00,0.00,0.0,0.000,0.002,13.445,36.480,0.00
1786292949,bench_mixed,0.00,0.00,0.0,0.000,0.002,13.445,36.480,0.00
1786292954,bench_mixed,0.00,0.00,0.0,0.000,0.002,13.445,36.480,0.00
1786292959,bench_mixed,0.00,0.00,0.0,0.000,0.002,13.445,36.480,0.00
1786292964,bench_mixed,0.00,0.00,0.0,0.000,0.002,13.445,36.480,0.00
1786292969,bench_mixed,0.00,0.00,0.0,0.000,0.002,13.445,36.479,0.00
1786292974,bench_mixed,0.00,0.00,0.0,0.000,0.002,13.445,36.479,0.00
1786292979,bench_mixed,0.00,0.00,0.0,0.000,0.002,13.445,36.480,0.00
1786292984,bench_mixed,0.00,0.00,0.0,0.000,0.002,13.445,36.480,0.00
1786292990,bench_mixed,0.00,0.00,0.0,0.000,0.002,13.445,36.479,0.00
1786292995,bench_mixed,0.00,0.00,0.0,0.000,0.002,13.445,36.479,0.00
1786293000,bench_mixed,0.00,0.00,0.0,0.000,0.002,13.445,36.479,0.00
1786293005,bench_mixed,0.00,0.00,0.0,0.000,0.002,13.445,36.478,0.03
1786293010,bench_mixed,0.00,0.00,0.0,0.000,0.002,13.445,36.476,0.02
1786293015,bench_mixed,0.00,0.00,0.0,0.000,0.002,13.445,36.477,0.00
1786293020,bench_mixed,0.00,0.00,0.0,0.000,0.002,13.445,36.477,0.00
1786293025,bench_mixed,0.00,0.00,0.0,0.000,0.002,13.445,36.477,0.00
1786293030,bench_mixed,0.00,0.00,0.0,0.000,0.002,13.445,36.477,0.00
1786293035,bench_mixed,0.00,0.00,0.0,0.000,0.002,13.445,36.477,0.00
1786293040,bench_mixed,0.00,0.00,0.0,0.000,0.002,13.445,36.477,0.00
1786293045,bench_mixed,0.00,0.00,0.0,0.000,0.002,13.445,36.477,0.00
1786293050,bench_mixed,0.00,0.00,0.0,0.000,0.002,13.445,36.478,0.00
1786293055,bench_mixed,0.00,0.00,0.0,0.000,0.002,13.445,36.478,0.00
1786293060,bench_mixed,0.00,0.00,0.0,0.000,0.002,13.445,36.478,0.00
1786293065,bench_mixed,0.00,0.00,0.0,0.000,0.002,13.445,36.478,0.00
1786293070,bench_mixed,0.00,0.00,0.0,0.000,0.002,13.445,36.478,0.00
1786293075,bench_mixed,0.00,0.00,0.0,0.000,0.002,13.445,36.477,0.00
1786293080,bench_mixed,0.00,0.00,0.0,0.000,0.002,13.445,36.477,0.00
1786293086,bench_mixed,0.00,0.00,0.0,0.000,0.002,13.445,36.477,0.00
1786293091,bench_mixed,0.00,0.00,0.0,0.000,0.002,13.445,36.479,0.00
1786293096,bench_mixed,0.00,0.00,0.0,0.000,0.002,13.445,36.479,0.00
1786293101,bench_mixed,0.00,0.00,0.0,0.000,0.002,13.445,36.479,0.00
1786293106,bench_mixed,0.00,0.00,0.0,0.000,0.002,13.445,36.479,0.00
1786293111,bench_mixed,0.00,0.00,0.0,0.000,0.002,13.445,36.479,0.00
1786293116,bench_mixed,0.00,0.00,0.0,0.000,0.002,13.445,36.480,0.00
1786293121,bench_mixed,0.00,0.00,0.0,0.000,0.002,13.445,36.480,0.00
1786293126,bench_mixed,0.00,0.00,0.0,0.000,0.002,13.445,36.479,0.00
1786293131,bench_mixed,0.00,0.00,0.0,0.000,0.002,13.445,36.479,0.00
1786293136,bench_mixed,0.00,0.00,0.0,0.000,0.002,13.445,36.479,0.00
1786293141,bench_mixed,0.00,0.00,0.0,0.000,0.002,13.445,36.479,0.00
1786293146,bench_mixed,0.00,0.00,0.0,0.000,0.002,13.445,36.479,0.00
1786293151,bench_mixed,0.00,0.00,0.0,0.000,0.002,13.445,36.479,0.00
1786293156,bench_mixed,0.00,0.00,0.0,0.000,0.002,13.445,36.479,0.00
1786293161,bench_mixed,0.00,0.00,0.0,0.000,0.002,13.445,36.479,0.00
1786293166,bench_mixed,0.00,0.00,0.0,0.000,0.002,13.445,36.479,0.00
1786293171,bench_mixed,0.00,0.00,0.0,0.000,0.002,13.445,36.480,0.00
1786293176,bench_mixed,0.00,0.00,0.0,0.000,0.002,13.445,36.479,0.00
1786293182,bench_mixed,0.00,0.00,0.0,0.000,0.002,13.445,36.478,0.00
1786293187,bench_mixed,0.00,0.00,0.0,0.000,0.002,13.445,36.478,0.00
1786293192,bench_mixed,0.00,0.00,0.0,0.000,0.002,13.445,36.478,0.00
1786293197,bench_mixed,0.00,0.00,0.0,0.000,0.002,13.445,36.478,0.00
1786293202,bench_mixed,0.00,0.00,0.0,0.000,0.002,13.445,36.478,0.00
1786293207,bench_mixed,0.00,0.00,0.0,0.000,0.002,13.445,36.477,0.00
1786293212,bench_mixed,0.00,0.00,0.0,0.000,0.002,13.445,36.478,0.00
1786293217,bench_mixed,0.00,0.00,0.0,0.000,0.002,13.445,36.479,0.00
1786293222,bench_mixed,0.00,0.00,0.0,0.000,0.002,13.445,36.479,0.00
1786293227,bench_mixed,0.00,0.00,0.0,0.000,0.002,13.445,36.480,0.00
1786293232,bench_mixed,0.00,0.00,0.0,0.000,0.002,13.445,36.479,0.00
1786293237,bench_mixed,0.00,0.00,0.0,0.000,0.002,13.445,36.479,0.00
1786293242,bench_mixed,0.00,0.00,0.0,0.000,0.002,13.445,36.479,0.00
1786293247,bench_mixed,0.00,0.00,0.0,0.000,0.002,13.445,36.480,0.00
1786293252,bench_mixed,0.00,0.00,0.0,0.000,0.002,13.445,36.480,0.00
1786293257,bench_mixed,0.00,0.00,0.0,0.000,0.002,13.445,36.480,0.00
1786293262,bench_mixed,0.00,0.00,0.0,0.000,0.002,13.445,36.480,0.00
1786293267,bench_mixed,0.00,0.00,0.0,0.000,0.002,13.445,36.480,0.00
1786293272,bench_mixed,0.00,0.00,0.0,0.000,0.002,13.445,36.480,0.00
1786293278,bench_mixed,0.00,0.00,0.0,0.000,0.002,13.445,36.480,0.00
1786293283,bench_mixed,0.00,0.00,0.0,0.000,0.002,13.445,36.480,0.00
1786293288,bench_mixed,0.00,0.00,0.0,0.000,0.002,13.445,36.480,0.00
1786293293,bench_mixed,0.00,0.00,0.0,0.000,0.002,13.445,36.480,0.00
1786293298,bench_mixed,0.00,0.00,0.0,0.000,0.002,13.445,36.480,0.00
1786293303,bench_mixed,0.00,0.00,0.0,0.000,0.002,13.445,36.480,0.00
1786293308,bench_mixed,0.00,0.00,0.0,0.000,0.002,13.445,36.475,0.06
1786293313,bench_mixed,0.00,0.00,0.0,0.000,0.002,13.445,36.475,0.00
1786293318,bench_mixed,0.00,0.00,0.0,0.000,0.002,13.445,36.476,0.00
1786293323,bench_mixed,0.00,0.00,0.0,0.000,0.002,13.445,36.476,0.00
1786293328,bench_mixed,0.00,0.00,0.0,0.000,0.002,13.445,36.476,0.00
1786293333,bench_mixed,0.00,0.00,0.0,0.000,0.002,13.445,36.477,0.00
1786293338,bench_mixed,0.00,0.00,0.0,0.000,0.002,13.445,36.477,0.00
1786293343,bench_mixed,0.00,0.00,0.0,0.000,0.002,13.445,36.477,0.00
1786293348,bench_mixed,0.00,0.00,0.0,0.000,0.002,13.445,36.477,0.00
1786293353,bench_mixed,0.00,0.00,0.0,0.000,0.002,13.445,36.477,0.00
1786293358,bench_mixed,0.00,0.00,0.0,0.000,0.002,13.445,36.477,0.00
1786293363,bench_mixed,0.00,0.00,0.0,0.000,0.002,13.445,36.477,0.00
1786293368,bench_mixed,0.00,0.00,0.0,0.000,0.002,13.445,36.477,0.00
1786293374,bench_mixed,0.00,0.00,0.0,0.000,0.002,13.445,36.477,0.00
1786293379,bench_mixed,0.00,0.00,0.0,0.000,0.002,13.445,36.477,0.00
1786293384,bench_mixed,0.00,0.00,0.0,0.000,0.002,13.445,36.477,0.00
1786293389,bench_mixed,0.00,0.00,0.0,0.000,0.002,13.445,36.477,0.00
1786293394,bench_mixed,0.00,0.00,0.0,0.000,0.002,13.445,36.477,0.00
1786293399,bench_mixed,0.00,0.00,0.0,0.000,0.002,13.445,36.477,0.00
1786293404,bench_mixed,0.00,0.00,0.0,0.000,0.002,13.445,36.477,0.00
1786293409,bench_mixed,0.00,0.00,0.0,0.000,0.002,13.445,36.477,0.00
1786293414,bench_mixed,0.00,0.00,0.0,0.000,0.002,13.445,36.477,0.00
1786293419,bench_mixed,0.00,0.00,0.0,0.000,0.002,13.445,36.477,0.00
1786293424,bench_mixed,0.00,0.00,0.0,0.000,0.002,13.445,36.477,0.00
1786293429,bench_mixed,0.00,0.00,0.0,0.000,0.002,13.445,36.477,0.00
1786293434,bench_mixed,0.00,0.00,0.0,0.000,0.002,13.445,36.478,0.00
1786293439,bench_mixed,0.00,0.00,0.0,0.000,0.002,13.445,36.478,0.00
1786293444,bench_mixed,0.00,0.00,0.0,0.000,0.002,13.445,36.478,0.00
1786293449,bench_mixed,0.00,0.00,0.0,0.000,0.002,13.445,36.478,0.00
1786293454,bench_mixed,0.00,0.00,0.0,0.000,0.002,13.445,36.478,0.00
1786293459,bench_mixed,0.00,0.00,0.0,0.000,0.002,13.445,36.478,0.00
1786293464,bench_mixed,0.00,0.00,0.0,0.000,0.002,13.445,36.478,0.00
1786293469,bench_mixed,0.00,0.00,0.0,0.000,0.002,13.445,36.478,0.00
1786293475,bench_mixed,0.00,0.00,0.0,0.000,0.002,13.445,36.478,0.00
1786293480,bench_mixed,0.00,0.00,0.0,0.000,0.002,13.445,36.478,0.00
1786293485,bench_mixed,0.00,0.00,0.0,0.000,0.002,13.445,36.478,0.00
1786293490,bench_mixed,0.00,0.00,0.0,0.000,0.002,13.445,36.478,0.00
1786293495,bench_mixed,0.00,0.00,0.0,0.000,0.002,13.445,36.478,0.00
1786293500,bench_mixed,0.00,0.00,0.0,0.000,0.002,13.445,36.478,0.00
1786293505,bench_mixed,0.00,0.00,0.0,0.000,0.002,13.445,36.478,0.00
1786293510,bench_mixed,0.00,0.00,0.0,0.000,0.002,13.445,36.478,0.00
1786293515,bench_mixed,0.00,0.00,0.0,0.000,0.002,13.445,36.478,0.00
1786293520,bench_mixed,0.00,0.00,0.0,0.000,0.002,13.445,36.478,0.00
1786293525,bench_mixed,0.00,0.00,0.0,0.000,0.002,13.445,36.478,0.00
1786293530,bench_mixed,0.00,0.00,0.0,0.000,0.002,13.445,36.478,0.00
1786293535,bench_mixed,0.00,0.00,0.0,0.000,0.002,13.445,36.479,0.00
1786293540,bench_mixed,0.00,0.00,0.0,0.000,0.002,13.445,36.479,0.00
1786293545,bench_mixed,0.00,0.00,0.0,0.000,0.002,13.445,36.479,0.00
1786293550,bench_mixed,0.00,0.00,0.0,0.000,0.002,13.445,36.479,0.00
1786293555,bench_mixed,0.00,0.00,0.0,0.000,0.002,13.445,36.479,0.00
1786293560,bench_mixed,0.00,0.00,0.0,0.000,0.002,13.445,36.479,0.00
1786293565,bench_mixed,0.00,0.00,0.0,0.000,0.002,13.445,36.479,0.00
1786293571,bench_mixed,0.00,0.00,0.0,0.000,0.002,13.445,36.478,0.00
1786293576,bench_mixed,0.00,0.00,0.0,0.000,0.002,13.445,36.479,0.00
1786293581,bench_mixed,0.00,0.00,0.0,0.000,0.002,13.445,36.478,0.00
1786293586,bench_mixed,0.00,0.00,0.0,0.000,0.002,13.445,36.479,0.00
1786293591,bench_mixed,0.00,0.00,0.0,0.000,0.002,13.445,36.478,0.00
1786293596,bench_mixed,0.00,0.00,0.0,0.000,0.002,13.445,36.478,0.00
1786293601,bench_mixed,0.00,0.00,0.0,0.000,0.002,13.445,36.478,0.00
1786293606,bench_mixed,0.00,0.00,0.0,0.000,0.002,13.445,36.475,0.04
1786293611,bench_mixed,0.00,0.00,0.0,0.000,0.002,13.445,36.474,0.01
1786293616,bench_mixed,0.00,0.00,0.0,0.000,0.002,13.445,36.474,0.00
1786293621,bench_mixed,0.00,0.00,0.0,0.000,0.002,13.445,36.473,0.00
1786293626,bench_mixed,0.00,0.00,0.0,0.000,0.002,13.445,36.473,0.00
1786293631,bench_mixed,0.00,0.00,0.0,0.000,0.002,13.445,36.474,0.00
1786293636,bench_mixed,0.00,0.00,0.0,0.000,0.002,13.445,36.475,0.00
1786293641,bench_mixed,0.00,0.00,0.0,0.000,0.002,13.445,36.475,0.00
1786293646,bench_mixed,0.00,0.00,0.0,0.000,0.002,13.445,36.474,0.00
1786293651,bench_mixed,0.00,0.00,0.0,0.000,0.002,13.445,36.474,0.00
1786293656,bench_mixed,0.00,0.00,0.0,0.000,0.002,13.445,36.474,0.00
1786293661,bench_mixed,0.00,0.00,0.0,0.000,0.002,13.445,36.474,0.00
1786293667,bench_mixed,0.00,0.00,0.0,0.000,0.002,13.445,36.474,0.00
1786293672,bench_mixed,0.00,0.00,0.0,0.000,0.002,13.445,36.474,0.00
1786293677,bench_mixed,0.00,0.00,0.0,0.000,0.002,13.445,36.474,0.00
1786293682,bench_mixed,0.00,0.00,0.0,0.000,0.002,13.445,36.474,0.00
1786293687,bench_mixed,0.00,0.00,0.0,0.000,0.002,13.445,36.474,0.00
1786293692,bench_mixed,0.00,0.00,0.0,0.000,0.002,13.445,36.474,0.00
1786293697,bench_mixed,0.00,0.00,0.0,0.000,0.002,13.445,36.474,0.00
1786293702,bench_mixed,0.00,0.00,0.0,0.000,0.002,13.445,36.474,0.00
1786293707,bench_mixed,0.00,0.00,0.0,0.000,0.002,13.445,36.474,0.00
1786293712,bench_mixed,0.00,0.00,0.0,0.000,0.002,13.445,36.474,0.00
1786293717,bench_mixed,0.00,0.00,0.0,0.000,0.002,13.445,36.474,0.00
1786293722,bench_mixed,0.00,0.00,0.0,0.000,0.002,13.445,36.474,0.00
1786293727,bench_mixed,0.00,0.00,0.0,0.000,0.002,13.445,36.474,0.00
1786293732,bench_mixed,0.00,0.00,0.0,0.000,0.002,13.445,36.474,0.00
1786293737,bench_mixed,0.00,0.00,0.0,0.000,0.002,13.445,36.474,0.00
1786293742,bench_mixed,0.00,0.00,0.0,0.000,0.002,13.445,36.474,0.00
1786293747,bench_mixed,0.00,0.00,0.0,0.000,0.002,13.445,36.474,0.00
1786293752,bench_mixed,0.00,0.00,0.0,0.000,0.002,13.445,36.473,0.00
1786293757,bench_mixed,0.00,0.00,0.0,0.000,0.002,13.445,36.473,0.00
1786293762,bench_mixed,0.00,0.00,0.0,0.000,0.002,13.445,36.473,0.00
1786293768,bench_mixed,0.00,0.00,0.0,0.000,0.002,13.445,36.473,0.00
1786293773,bench_mixed,0.00,0.00,0.0,0.000,0.002,13.445,36.473,0.00
1786293778,bench_mixed,0.00,0.00,0.0,0.000,0.002,13.445,36.473,0.00
1786293783,bench_mixed,0.00,0.00,0.0,0.000,0.002,13.445,36.472,0.00
1786293788,bench_mixed,0.00,0.00,0.0,0.000,0.002,13.445,36.472,0.00
1786293793,bench_mixed,0.00,0.00,0.0,0.000,0.002,13.445,36.473,0.00
1786293798,bench_mixed,0.00,0.00,0.0,0.000,0.002,13.445,36.473,0.00
1786293803,bench_mixed,0.00,0.00,0.0,0.000,0.002,13.445,36.473,0.00
1786293808,bench_mixed,0.00,0.00,0.0,0.000,0.002,13.445,36.473,0.00
1786293813,bench_mixed,0.00,0.00,0.0,0.000,0.002,13.445,36.473,0.00
1786293818,bench_mixed,0.00,0.00,0.0,0.000,0.002,13.445,36.473,0.00
1786293823,bench_mixed,0.00,0.00,0.0,0.000,0.002,13.445,36.474,0.00
1786293828,bench_mixed,0.00,0.00,0.0,0.000,0.002,13.445,36.474,0.00
1786293833,bench_mixed,0.00,0.00,0.0,0.000,0.002,13.445,36.474,0.00
1786293838,bench_mixed,0.00,0.00,0.0,0.000,0.002,13.445,36.475,0.00
1786293843,bench_mixed,0.00,0.00,0.0,0.000,0.002,13.445,36.476,0.00
1786293848,bench_mixed,0.00,0.00,0.0,0.000,0.002,13.445,36.475,0.00
1786293853,bench_mixed,0.00,0.00,0.0,0.000,0.002,13.445,36.475,0.00
1786293858,bench_mixed,0.00,0.00,0.0,0.000,0.002,13.445,36.475,0.00
1786293863,bench_mixed,0.00,0.00,0.0,0.000,0.002,13.445,36.475,0.00
1786293869,bench_mixed,0.00,0.00,0.0,0.000,0.002,13.445,36.475,0.00
1786293874,bench_mixed,0.00,0.00,0.0,0.000,0.002,13.445,36.475,0.00
1786293879,bench_mixed,0.00,0.00,0.0,0.000,0.002,13.445,36.475,0.00
1786293884,bench_mixed,0.00,0.00,0.0,0.000,0.002,13.445,36.475,0.00
1786293889,bench_mixed,0.00,0.00,0.0,0.000,0.002,13.445,36.474,0.00
1786293894,bench_mixed,0.00,0.00,0.0,0.000,0.002,13.445,36.474,0.00
1786293899,bench_mixed,0.00,0.00,0.0,0.000,0.002,13.445,36.474,0.00
1786293904,bench_mixed,0.00,0.00,0.0,0.000,0.002,13.445,36.474,0.00
1786293909,bench_mixed,0.00,0.00,0.0,0.000,0.002,13.445,36.471,0.06
1786293914,bench_mixed,0.00,0.00,0.0,0.000,0.002,13.445,36.472,0.00
1786293919,bench_mixed,0.00,0.00,0.0,0.000,0.002,13.445,36.472,0.00
1786293924,bench_mixed,0.00,0.00,0.0,0.000,0.002,13.445,36.472,0.00
1786293929,bench_mixed,0.00,0.00,0.0,0.000,0.002,13.445,36.472,0.00
1786293934,bench_mixed,0.00,0.00,0.0,0.000,0.002,13.445,36.472,0.00
1786293939,bench_mixed,0.00,0.00,0.0,0.000,0.002,13.445,36.471,0.00
1786293944,bench_mixed,0.00,0.00,0.0,0.000,0.002,13.445,36.471,0.00
1786293949,bench_mixed,0.00,0.00,0.0,0.000,0.002,13.445,36.471,0.00
1786293954,bench_mixed,0.00,0.00,0.0,0.000,0.002,13.445,36.471,0.00
1786293959,bench_mixed,0.00,0.00,0.0,0.000,0.002,13.445,36.471,0.00
1786293964,bench_mixed,0.00,0.00,0.0,0.000,0.002,13.445,36.471,0.00
1786293970,bench_mixed,0.00,0.00,0.0,0.000,0.002,13.445,36.471,0.00
1786293975,bench_mixed,0.00,0.00,0.0,0.000,0.002,13.445,36.471,0.00
1786293980,bench_mixed,0.00,0.00,0.0,0.000,0.002,13.445,36.471,0.00
1786293985,bench_mixed,0.00,0.00,0.0,0.000,0.002,13.445,36.471,0.00
1786293990,bench_mixed,0.00,0.00,0.0,0.000,0.002,13.445,36.471,0.00
1786293995,bench_mixed,0.00,0.00,0.0,0.000,0.002,13.445,36.471,0.00
1786294000,bench_mixed,0.00,0.00,0.0,0.000,0.002,13.445,36.471,0.00
1786294005,bench_mixed,0.00,0.00,0.0,0.000,0.002,13.445,36.471,0.00
1786294010,bench_mixed,0.00,0.00,0.0,0.000,0.002,13.445,36.471,0.00
1786294015,bench_mixed,0.00,0.00,0.0,0.000,0.002,13.445,36.471,0.00
1786294020,bench_mixed,0.00,0.00,0.0,0.000,0.002,13.445,36.471,0.00
1786294025,bench_mixed,0.00,0.00,0.0,0.000,0.002,13.445,36.471,0.00
1786294030,bench_mixed,0.00,0.00,0.0,0.000,0.002,13.445,36.472,0.00
1786294035,bench_mixed,0.00,0.00,0.0,0.000,0.002,13.445,36.472,0.00
1786294040,bench_mixed,0.00,0.00,0.0,0.000,0.002,13.445,36.471,0.00
1786294045,bench_mixed,0.00,0.00,0.0,0.000,0.002,13.445,36.472,0.00
1786294050,bench_mixed,0.00,0.00,0.0,0.000,0.002,13.445,36.472,0.00
1786294055,bench_mixed,0.00,0.00,0.0,0.000,0.002,13.445,36.473,0.00
1786294060,bench_mixed,0.00,0.00,0.0,0.000,0.002,13.445,36.473,0.00
1786294066,bench_mixed,0.00,0.00,0.0,0.000,0.002,13.445,36.473,0.00
1786294071,bench_mixed,0.00,0.00,0.0,0.000,0.002,13.445,36.472,0.00
1786294076,bench_mixed,0.00,0.00,0.0,0.000,0.002,13.445,36.473,0.00
1786294081,bench_mixed,0.00,0.00,0.0,0.000,0.002,13.445,36.474,0.00
1786294086,bench_mixed,0.00,0.00,0.0,0.000,0.002,13.445,36.474,0.00
1786294091,bench_mixed,0.00,0.00,0.0,0.000,0.002,13.445,36.474,0.00
1786294096,bench_mixed,0.00,0.00,0.0,0.000,0.002,13.445,36.474,0.00
1786294101,bench_mixed,0.00,0.00,0.0,0.000,0.002,13.445,36.474,0.00
1786294106,bench_mixed,0.00,0.00,0.0,0.000,0.002,13.445,36.474,0.00
1786294111,bench_mixed,0.00,0.00,0.0,0.000,0.002,13.445,36.474,0.00
1786294116,bench_mixed,0.00,0.00,0.0,0.000,0.002,13.445,36.474,0.00
1786294121,bench_mixed,0.00,0.00,0.0,0.000,0.002,13.445,36.474,0.00
1786294126,bench_mixed,0.00,0.00,0.0,0.000,0.002,13.445,36.474,0.00
1786294131,bench_mixed,0.00,0.00,0.0,0.000,0.002,13.445,36.474,0.00
1786294136,bench_mixed,0.00,0.00,0.0,0.000,0.002,13.445,36.473,0.00
1786294141,bench_mixed,0.00,0.00,0.0,0.000,0.002,13.445,36.473,0.00
1786294146,bench_mixed,0.00,0.00,0.0,0.000,0.002,13.445,36.473,0.00
1786294151,bench_mixed,0.00,0.00,0.0,0.000,0.002,13.445,36.473,0.00
1786294156,bench_mixed,0.00,0.00,0.0,0.000,0.002,13.445,36.473,0.00
1786294161,bench_mixed,0.00,0.00,0.0,0.000,0.002,13.445,36.473,0.00
1786294167,bench_mixed,0.00,0.00,0.0,0.000,0.002,13.445,36.473,0.00
1786294172,bench_mixed,0.00,0.00,0.0,0.000,0.002,13.445,36.473,0.00
1786294177,bench_mixed,0.00,0.00,0.0,0.000,0.002,13.445,36.473,0.00
1786294182,bench_mixed,0.00,0.00,0.0,0.000,0.002,13.445,36.472,0.00
1786294187,bench_mixed,0.00,0.00,0.0,0.000,0.002,13.445,36.472,0.00
1786294192,bench_mixed,0.00,0.00,0.0,0.000,0.002,13.445,36.472,0.00
1786294197,bench_mixed,0.00,0.00,0.0,0.000,0.002,13.445,36.472,0.00
1786294202,bench_mixed,0.00,0.00,0.0,0.000,0.002,13.445,36.473,0.00
1786294207,bench_mixed,0.00,0.00,0.0,0.000,0.002,13.445,36.470,0.06
1786294212,bench_mixed,0.00,0.00,0.0,0.000,0.002,13.445,36.470,0.00
1786294217,bench_mixed,0.00,0.00,0.0,0.000,0.002,13.445,36.471,0.00
1786294222,bench_mixed,0.00,0.00,0.0,0.000,0.002,13.445,36.471,0.00
1786294227,bench_mixed,0.00,0.00,0.0,0.000,0.002,13.445,36.471,0.00
1786294232,bench_mixed,0.00,0.00,0.0,0.000,0.002,13.445,36.470,0.00
1786294237,bench_mixed,0.00,0.00,0.0,0.000,0.002,13.445,36.470,0.00
1786294242,bench_mixed,0.00,0.00,0.0,0.000,0.002,13.445,36.470,0.00
1786294247,bench_mixed,0.00,0.00,0.0,0.000,0.002,13.445,36.470,0.00
1786294252,bench_mixed,0.00,0.00,0.0,0.000,0.002,13.445,36.471,0.00
1786294257,bench_mixed,0.00,0.00,0.0,0.000,0.002,13.445,36.470,0.00
1786294263,bench_mixed,0.00,0.00,0.0,0.000,0.002,13.445,36.470,0.00
1786294268,bench_mixed,0.00,0.00,0.0,0.000,0.002,13.445,36.470,0.00
1786294273,bench_mixed,0.00,0.00,0.0,0.000,0.002,13.445,36.470,0.00
1786294278,bench_mixed,0.00,0.00,0.0,0.000,0.002,13.445,36.470,0.00
1786294283,bench_mixed,0.00,0.00,0.0,0.000,0.002,13.445,36.470,0.00
1786294288,bench_mixed,0.00,0.00,0.0,0.000,0.002,13.445,36.470,0.00
1786294293,bench_mixed,0.00,0.00,0.0,0.000,0.002,13.445,36.470,0.00
1786294298,bench_mixed,0.00,0.00,0.0,0.000,0.002,13.445,36.470,0.00
1786294303,bench_mixed,0.00,0.00,0.0,0.000,0.002,13.445,36.470,0.00
1786294308,bench_mixed,0.00,0.00,0.0,0.000,0.002,13.445,36.472,0.00
1786294313,bench_mixed,0.00,0.00,0.0,0.000,0.002,13.445,36.471,0.00
1786294318,bench_mixed,0.00,0.00,0.0,0.000,0.002,13.445,36.471,0.00
1786294323,bench_mixed,0.00,0.00,0.0,0.000,0.002,13.445,36.471,0.00
1786294328,bench_mixed,0.00,0.00,0.0,0.000,0.002,13.445,36.471,0.00
1786294333,bench_mixed,0.00,0.00,0.0,0.000,0.002,13.445,36.473,0.00
1786294338,bench_mixed,0.00,0.00,0.0,0.000,0.002,13.445,36.473,0.00
1786294343,bench_mixed,0.00,0.00,0.0,0.000,0.002,13.445,36.472,0.00
1786294348,bench_mixed,0.00,0.00,0.0,0.000,0.002,13.445,36.472,0.00
1786294353,bench_mixed,0.00,0.00,0.0,0.000,0.002,13.445,36.471,0.00
1786294358,bench_mixed,0.00,0.00,0.0,0.000,0.002,13.445,36.471,0.00
1786294364,bench_mixed,0.00,0.00,0.0,0.000,0.002,13.445,36.471,0.00
1786294369,bench_mixed,0.00,0.00,0.0,0.000,0.002,13.445,36.471,0.00
1786294374,bench_mixed,0.00,0.00,0.0,0.000,0.002,13.445,36.471,0.00
1786294379,bench_mixed,0.00,0.00,0.0,0.000,0.002,13.445,36.471,0.00
1786294384,bench_mixed,0.00,0.00,0.0,0.000,0.002,13.445,36.471,0.00
1786294389,bench_mixed,0.00,0.00,0.0,0.000,0.002,13.445,36.472,0.00
1786294394,bench_mixed,0.00,0.00,0.0,0.000,0.002,13.445,36.472,0.00
1786294399,bench_mixed,0.00,0.00,0.0,0.000,0.002,13.445,36.471,0.00
1786294404,bench_mixed,0.00,0.00,0.0,0.000,0.002,13.445,36.472,0.00
1786294409,bench_mixed,0.00,0.00,0.0,0.000,0.002,13.445,36.472,0.00
1786294414,bench_mixed,0.00,0.00,0.0,0.000,0.002,13.445,36.472,0.00
1786294419,bench_mixed,0.00,0.00,0.0,0.000,0.002,13.445,36.473,0.00
1786294424,bench_mixed,0.00,0.00,0.0,0.000,0.002,13.445,36.472,0.00
1786294429,bench_mixed,0.00,0.00,0.0,0.000,0.002,13.445,36.472,0.00
1786294434,bench_mixed,0.00,0.00,0.0,0.000,0.002,13.445,36.473,0.00
1786294439,bench_mixed,0.00,0.00,0.0,0.000,0.002,13.445,36.474,0.00
1786294444,bench_mixed,0.00,0.00,0.0,0.000,0.002,13.445,36.474,0.00
1786294449,bench_mixed,0.00,0.00,0.0,0.000,0.002,13.445,36.473,0.00
1786294454,bench_mixed,0.00,0.00,0.0,0.000,0.002,13.445,36.473,0.00
1786294459,bench_mixed,0.00,0.00,0.0,0.000,0.002,13.445,36.472,0.00
1786294465,bench_mixed,0.00,0.00,0.0,0.000,0.002,13.445,36.472,0.00
1786294470,bench_mixed,0.00,0.00,0.0,0.000,0.002,13.445,36.472,0.00
1786294475,bench_mixed,0.00,0.00,0.0,0.000,0.002,13.445,36.471,0.00
1786294480,bench_mixed,0.00,0.00,0.0,0.000,0.002,13.445,36.472,0.00
1786294485,bench_mixed,0.00,0.00,0.0,0.000,0.002,13.445,36.471,0.00
1786294490,bench_mixed,0.00,0.00,0.0,0.000,0.002,13.445,36.471,0.00
1786294495,bench_mixed,0.00,0.00,0.0,0.000,0.002,13.445,36.470,0.00
1786294500,bench_mixed,0.00,0.00,0.0,0.000,0.002,13.445,36.471,0.00
1786294505,bench_mixed,0.00,0.00,0.0,0.000,0.002,13.445,36.471,0.01
1786294510,bench_mixed,0.00,0.00,0.0,0.000,0.002,13.445,36.470,0.04
1786294515,bench_mixed,0.00,0.00,0.0,0.000,0.002,13.445,36.469,0.00
1786294520,bench_mixed,0.00,0.00,0.0,0.000,0.002,13.445,36.470,0.00
1786294525,bench_mixed,0.00,0.00,0.0,0.000,0.002,13.445,36.470,0.00
1786294530,bench_mixed,0.00,0.00,0.0,0.000,0.002,13.445,36.470,0.00
1786294535,bench_mixed,0.00,0.00,0.0,0.000,0.002,13.445,36.470,0.00
1786294540,bench_mixed,0.00,0.00,0.0,0.000,0.002,13.445,36.470,0.00
1786294545,bench_mixed,0.00,0.00,0.0,0.000,0.002,13.445,36.470,0.00
1786294550,bench_mixed,0.00,0.00,0.0,0.000,0.002,13.445,36.470,0.00
1786294555,bench_mixed,0.00,0.00,0.0,0.000,0.002,13.445,36.470,0.00
1786294561,bench_mixed,0.00,0.00,0.0,0.000,0.002,13.445,36.470,0.00
1786294566,bench_mixed,0.00,0.00,0.0,0.000,0.002,13.445,36.471,0.00
1786294571,bench_mixed,0.00,0.00,0.0,0.000,0.002,13.445,36.470,0.00
1786294576,bench_mixed,0.00,0.00,0.0,0.000,0.002,13.445,36.471,0.00
1786294581,bench_mixed,0.00,0.00,0.0,0.000,0.002,13.445,36.471,0.00
1786294586,bench_mixed,0.00,0.00,0.0,0.000,0.002,13.445,36.471,0.00
1786294591,bench_mixed,0.00,0.00,0.0,0.000,0.002,13.445,36.471,0.00
1786294596,bench_mixed,0.00,0.00,0.0,0.000,0.002,13.445,36.471,0.00
1786294601,bench_mixed,0.00,0.00,0.0,0.000,0.002,13.445,36.470,0.00
1786294606,bench_mixed,0.00,0.00,0.0,0.000,0.002,13.445,36.470,0.00
1786294611,bench_mixed,0.00,0.00,0.0,0.000,0.002,13.445,36.470,0.00
1786294616,bench_mixed,0.00,0.00,0.0,0.000,0.002,13.445,36.470,0.00
1786294621,bench_mixed,0.00,0.00,0.0,0.000,0.002,13.445,36.471,0.00
1786294626,bench_mixed,0.00,0.00,0.0,0.000,0.002,13.445,36.471,0.00
1786294631,bench_mixed,0.00,0.00,0.0,0.000,0.002,13.445,36.471,0.00
1786294636,bench_mixed,0.00,0.00,0.0,0.000,0.002,13.445,36.471,0.00
1786294641,bench_mixed,0.00,0.00,0.0,0.000,0.002,13.445,36.471,0.00
1786294646,bench_mixed,0.00,0.00,0.0,0.000,0.002,13.445,36.471,0.00
1786294651,bench_mixed,0.00,0.00,0.0,0.000,0.002,13.445,36.471,0.00
1786294656,bench_mixed,0.00,0.00,0.0,0.000,0.002,13.445,36.471,0.00
1786294662,bench_mixed,0.00,0.00,0.0,0.000,0.002,13.445,36.471,0.00
1786294667,bench_mixed,0.00,0.00,0.0,0.000,0.002,13.445,36.471,0.00
1786294672,bench_mixed,0.00,0.00,0.0,0.000,0.002,13.445,36.471,0.00
1786294677,bench_mixed,0.00,0.00,0.0,0.000,0.002,13.445,36.472,0.00
1786294682,bench_mixed,0.00,0.00,0.0,0.000,0.002,13.445,36.472,0.00
1786294687,bench_mixed,0.00,0.00,0.0,0.000,0.002,13.445,36.472,0.00
1786294692,bench_mixed,0.00,0.00,0.0,0.000,0.002,13.445,36.472,0.00
1786294697,bench_mixed,0.00,0.00,0.0,0.000,0.002,13.445,36.472,0.00
1786294702,bench_mixed,0.00,0.00,0.0,0.000,0.002,13.445,36.472,0.00
1786294707,bench_mixed,0.00,0.00,0.0,0.000,0.002,13.445,36.472,0.00
1786294712,bench_mixed,0.00,0.00,0.0,0.000,0.002,13.445,36.472,0.00
1786294717,bench_mixed,0.00,0.00,0.0,0.000,0.002,13.445,36.472,0.00
1786294722,bench_mixed,0.00,0.00,0.0,0.000,0.002,13.445,36.472,0.00
1786294727,bench_mixed,0.00,0.00,0.0,0.000,0.002,13.445,36.472,0.00
1786294732,bench_mixed,0.00,0.00,0.0,0.000,0.002,13.445,36.472,0.00
1786294737,bench_mixed,0.00,0.00,0.0,0.000,0.002,13.445,36.472,0.00
1786294742,bench_mixed,0.00,0.00,0.0,0.000,0.002,13.445,36.472,0.00
1786294747,bench_mixed,0.00,0.00,0.0,0.000,0.002,13.445,36.471,0.00
1786294752,bench_mixed,0.00,0.00,0.0,0.000,0.002,13.445,36.470,0.00
1786294758,bench_mixed,0.00,0.00,0.0,0.000,0.002,13.445,36.470,0.00
1786294763,bench_mixed,0.00,0.00,0.0,0.000,0.002,13.445,36.470,0.00
1786294768,bench_mixed,0.00,0.00,0.0,0.000,0.002,13.445,36.470,0.00
1786294773,bench_mixed,0.00,0.00,0.0,0.000,0.002,13.445,36.472,0.00
1786294778,bench_mixed,0.00,0.00,0.0,0.000,0.002,13.445,36.471,0.00
1786294783,bench_mixed,0.00,0.00,0.0,0.000,0.002,13.445,36.471,0.00
1786294788,bench_mixed,0.00,0.00,0.0,0.000,0.002,13.445,36.470,0.00
1786294793,bench_mixed,0.00,0.00,0.0,0.000,0.002,13.445,36.470,0.00
1786294798,bench_mixed,0.00,0.00,0.0,0.000,0.002,13.445,36.470,0.00
1786294803,bench_mixed,0.00,0.00,0.0,0.000,0.002,13.445,36.470,0.00
1786294808,bench_mixed,0.00,0.00,0.0,0.000,0.002,13.445,36.471,0.06
1786294813,bench_mixed,0.00,0.00,0.0,0.000,0.002,13.445,36.471,0.00
1786294818,bench_mixed,0.00,0.00,0.0,0.000,0.002,13.445,36.472,0.00
1786294823,bench_mixed,0.00,0.00,0.0,0.000,0.002,13.445,36.472,0.00
1786294828,bench_mixed,0.00,0.00,0.0,0.000,0.002,13.445,36.471,0.00
1786294833,bench_mixed,0.00,0.00,0.0,0.000,0.002,13.445,36.471,0.00
1786294838,bench_mixed,0.00,0.00,0.0,0.000,0.002,13.445,36.471,0.00
1786294843,bench_mixed,0.00,0.00,0.0,0.000,0.002,13.445,36.471,0.00
1786294848,bench_mixed,0.00,0.00,0.0,0.000,0.002,13.445,36.471,0.00
1786294854,bench_mixed,0.00,0.00,0.0,0.000,0.002,13.445,36.471,0.00
1786294859,bench_mixed,0.00,0.00,0.0,0.000,0.002,13.445,36.472,0.00
1786294864,bench_mixed,0.00,0.00,0.0,0.000,0.002,13.445,36.473,0.00
1786294869,bench_mixed,0.00,0.00,0.0,0.000,0.002,13.445,36.473,0.00
1786294874,bench_mixed,0.00,0.00,0.0,0.000,0.002,13.445,36.472,0.00
1786294879,bench_mixed,0.00,0.00,0.0,0.000,0.002,13.445,36.472,0.00
1786294884,bench_mixed,0.00,0.00,0.0,0.000,0.002,13.445,36.472,0.00
1786294889,bench_mixed,0.00,0.00,0.0,0.000,0.002,13.445,36.472,0.00
1786294894,bench_mixed,0.00,0.00,0.0,0.000,0.002,13.445,36.471,0.00
1786294899,bench_mixed,0.00,0.00,0.0,0.000,0.002,13.445,36.471,0.00
1786294904,bench_mixed,0.00,0.00,0.0,0.000,0.002,13.445,36.471,0.00
1786294909,bench_mixed,0.00,0.00,0.0,0.000,0.002,13.445,36.471,0.00
1786294914,bench_mixed,0.00,0.00,0.0,0.000,0.002,13.445,36.472,0.00
1786294919,bench_mixed,0.00,0.00,0.0,0.000,0.002,13.445,36.472,0.00
1786294924,bench_mixed,0.00,0.00,0.0,0.000,0.002,13.445,36.472,0.00
1786294929,bench_mixed,0.00,0.00,0.0,0.000,0.002,13.445,36.472,0.00
1786294934,bench_mixed,0.00,0.00,0.0,0.000,0.002,13.445,36.471,0.00
1786294939,bench_mixed,0.00,0.00,0.0,0.000,0.002,13.445,36.472,0.00
1786294944,bench_mixed,0.00,0.00,0.0,0.000,0.002,13.445,36.471,0.00
1786294949,bench_mixed,0.00,0.00,0.0,0.000,0.002,13.445,36.471,0.00
1786294955,bench_mixed,0.00,0.00,0.0,0.000,0.002,13.445,36.471,0.00
1786294960,bench_mixed,0.00,0.00,0.0,0.000,0.002,13.445,36.471,0.00
1786294965,bench_mixed,0.00,0.00,0.0,0.000,0.002,13.445,36.472,0.00
1786294970,bench_mixed,0.00,0.00,0.0,0.000,0.002,13.445,36.472,0.00
1786294975,bench_mixed,0.00,0.00,0.0,0.000,0.002,13.445,36.471,0.00
1786294980,bench_mixed,0.00,0.00,0.0,0.000,0.002,13.445,36.471,0.00
1786294985,bench_mixed,0.00,0.00,0.0,0.000,0.002,13.445,36.471,0.00
1786294990,bench_mixed,0.00,0.00,0.0,0.000,0.002,13.445,36.472,0.00
1786294995,bench_mixed,0.00,0.00,0.0,0.000,0.002,13.445,36.473,0.00
1786295000,bench_mixed,0.00,0.00,0.0,0.000,0.002,13.445,36.473,0.00
1786295005,bench_mixed,0.00,0.00,0.0,0.000,0.002,13.445,36.473,0.00
1786295010,bench_mixed,0.00,0.00,0.0,0.000,0.002,13.445,36.473,0.00
1786295015,bench_mixed,0.00,0.00,0.0,0.000,0.002,13.445,36.473,0.00
1786295020,bench_mixed,0.00,0.00,0.0,0.000,0.002,13.445,36.473,0.00
1786295025,bench_mixed,0.00,0.00,0.0,0.000,0.002,13.445,36.473,0.00
1786295030,bench_mixed,0.00,0.00,0.0,0.000,0.002,13.445,36.472,0.00
1786295035,bench_mixed,0.00,0.00,0.0,0.000,0.002,13.445,36.473,0.00
1786295040,bench_mixed,0.00,0.00,0.0,0.000,0.002,13.445,36.473,0.00
1786295045,bench_mixed,0.00,0.00,0.0,0.000,0.002,13.445,36.473,0.00
1786295051,bench_mixed,0.00,0.00,0.0,0.000,0.002,13.445,36.472,0.00
1786295056,bench_mixed,0.00,0.00,0.0,0.000,0.002,13.445,36.472,0.00
1786295061,bench_mixed,0.00,0.00,0.0,0.000,0.002,13.445,36.472,0.00
1786295066,bench_mixed,0.00,0.00,0.0,0.000,0.002,13.445,36.472,0.00
1786295071,bench_mixed,0.00,0.00,0.0,0.000,0.002,13.445,36.472,0.00
1786295076,bench_mixed,0.00,0.00,0.0,0.000,0.002,13.445,36.472,0.00
1786295081,bench_mixed,0.00,0.00,0.0,0.000,0.002,13.445,36.472,0.00
1786295086,bench_mixed,0.00,0.00,0.0,0.000,0.002,13.445,36.472,0.00
1786295091,bench_mixed,0.00,0.00,0.0,0.000,0.002,13.445,36.472,0.00
1786295096,bench_mixed,0.00,0.00,0.0,0.000,0.002,13.445,36.472,0.00
1786295101,bench_mixed,0.00,0.00,0.0,0.000,0.002,13.445,36.472,0.00
1786295106,bench_mixed,0.00,0.00,0.0,0.000,0.002,13.445,36.468,0.04
1786295111,bench_mixed,0.00,0.00,0.0,0.000,0.002,13.445,36.468,0.01
1786295116,bench_mixed,0.00,0.00,0.0,0.000,0.002,13.445,36.468,0.00
1786295121,bench_mixed,0.00,0.00,0.0,0.000,0.002,13.445,36.468,0.00
1786295126,bench_mixed,0.00,0.00,0.0,0.000,0.002,13.445,36.468,0.00
1786295131,bench_mixed,0.00,0.00,0.0,0.000,0.002,13.445,36.469,0.00
1786295136,bench_mixed,0.00,0.00,0.0,0.000,0.002,13.445,36.469,0.00
1786295141,bench_mixed,0.00,0.00,0.0,0.000,0.002,13.445,36.469,0.00
1786295146,bench_mixed,0.00,0.00,0.0,0.000,0.002,13.445,36.469,0.00
1786295152,bench_mixed,0.00,0.00,0.0,0.000,0.002,13.445,36.469,0.00
1786295157,bench_mixed,0.00,0.00,0.0,0.000,0.002,13.445,36.469,0.00
1786295162,bench_mixed,0.00,0.00,0.0,0.000,0.002,13.445,36.469,0.00
1786295167,bench_mixed,0.00,0.00,0.0,0.000,0.002,13.445,36.469,0.00
1786295172,bench_mixed,0.00,0.00,0.0,0.000,0.002,13.445,36.470,0.00
1786295177,bench_mixed,0.00,0.00,0.0,0.000,0.002,13.445,36.470,0.00
1786295182,bench_mixed,0.00,0.00,0.0,0.000,0.002,13.445,36.469,0.00
1786295187,bench_mixed,0.00,0.00,0.0,0.000,0.002,13.445,36.469,0.00
1786295192,bench_mixed,0.00,0.00,0.0,0.000,0.002,13.445,36.469,0.00
1786295197,bench_mixed,0.00,0.00,0.0,0.000,0.002,13.445,36.469,0.00
1786295202,bench_mixed,0.00,0.00,0.0,0.000,0.002,13.445,36.469,0.00
1786295207,bench_mixed,0.00,0.00,0.0,0.000,0.002,13.445,36.470,0.00
1786295212,bench_mixed,0.00,0.00,0.0,0.000,0.002,13.445,36.470,0.00
1786295217,bench_mixed,0.00,0.00,0.0,0.000,0.002,13.445,36.470,0.00
1786295222,bench_mixed,0.00,0.00,0.0,0.000,0.002,13.445,36.470,0.00
1786295227,bench_mixed,0.00,0.00,0.0,0.000,0.002,13.445,36.470,0.00
1786295232,bench_mixed,0.00,0.00,0.0,0.000,0.002,13.445,36.470,0.00
1786295237,bench_mixed,0.00,0.00,0.0,0.000,0.002,13.445,36.471,0.00
1786295242,bench_mixed,0.00,0.00,0.0,0.000,0.002,13.445,36.470,0.00
1786295247,bench_mixed,0.00,0.00,0.0,0.000,0.002,13.445,36.471,0.00
1786295253,bench_mixed,0.00,0.00,0.0,0.000,0.002,13.445,36.470,0.00
1786295258,bench_mixed,0.00,0.00,0.0,0.000,0.002,13.445,36.470,0.00
1786295263,bench_mixed,0.00,0.00,0.0,0.000,0.002,13.445,36.470,0.00
1786295268,bench_mixed,0.00,0.00,0.0,0.000,0.002,13.445,36.470,0.00
1786295273,bench_mixed,0.00,0.00,0.0,0.000,0.002,13.445,36.470,0.00
1786295278,bench_mixed,0.00,0.00,0.0,0.000,0.002,13.445,36.470,0.00
1786295283,bench_mixed,0.00,0.00,0.0,0.000,0.002,13.445,36.470,0.00
1786295288,bench_mixed,0.00,0.00,0.0,0.000,0.002,13.445,36.470,0.00
1786295293,bench_mixed,0.00,0.00,0.0,0.000,0.002,13.445,36.470,0.00
1786295298,bench_mixed,0.00,0.00,0.0,0.000,0.002,13.445,36.470,0.00
1786295303,bench_mixed,0.00,0.00,0.0,0.000,0.002,13.445,36.470,0.00
1786295308,bench_mixed,0.00,0.00,0.0,0.000,0.002,13.445,36.470,0.00
1786295313,bench_mixed,0.00,0.00,0.0,0.000,0.002,13.445,36.470,0.00
1786295318,bench_mixed,0.00,0.00,0.0,0.000,0.002,13.445,36.470,0.00
1786295323,bench_mixed,0.00,0.00,0.0,0.000,0.002,13.445,36.470,0.00
1786295328,bench_mixed,0.00,0.00,0.0,0.000,0.002,13.445,36.470,0.00
1786295333,bench_mixed,0.00,0.00,0.0,0.000,0.002,13.445,36.472,0.00
1786295338,bench_mixed,0.00,0.00,0.0,0.000,0.002,13.445,36.472,0.00
1786295343,bench_mixed,0.00,0.00,0.0,0.000,0.002,13.445,36.471,0.00
1786295349,bench_mixed,0.00,0.00,0.0,0.000,0.002,13.445,36.471,0.00
1786295354,bench_mixed,0.00,0.00,0.0,0.000,0.002,13.445,36.471,0.00
1786295359,bench_mixed,0.00,0.00,0.0,0.000,0.002,13.445,36.472,0.00
1786295364,bench_mixed,0.00,0.00,0.0,0.000,0.002,13.445,36.471,0.00
1786295369,bench_mixed,0.00,0.00,0.0,0.000,0.002,13.445,36.471,0.00
1786295374,bench_mixed,0.00,0.00,0.0,0.000,0.002,13.445,36.472,0.00
1786295379,bench_mixed,0.00,0.00,0.0,0.000,0.002,13.445,36.472,0.00
1786295384,bench_mixed,0.00,0.00,0.0,0.000,0.002,13.445,36.472,0.00
1786295389,bench_mixed,0.00,0.00,0.0,0.000,0.002,13.445,36.473,0.00
1786295394,bench_mixed,0.00,0.00,0.0,0.000,0.002,13.445,36.472,0.00
1786295399,bench_mixed,0.00,0.00,0.0,0.000,0.002,13.445,36.471,0.00
1786295404,bench_mixed,0.00,0.00,0.0,0.000,0.002,13.445,36.471,0.00
1786295409,bench_mixed,0.00,0.00,0.0,0.000,0.002,13.445,36.468,0.06
1786295414,bench_mixed,0.00,0.00,0.0,0.000,0.002,13.445,36.469,0.00
1786295419,bench_mixed,0.00,0.00,0.0,0.000,0.002,13.445,36.470,0.00
1786295424,bench_mixed,0.00,0.00,0.0,0.000,0.002,13.445,36.470,0.00
1786295429,bench_mixed,0.00,0.00,0.0,0.000,0.002,13.445,36.469,0.00
1786295434,bench_mixed,0.00,0.00,0.0,0.000,0.002,13.445,36.469,0.00
1786295439,bench_mixed,0.00,0.00,0.0,0.000,0.002,13.445,36.469,0.00
1786295444,bench_mixed,0.00,0.00,0.0,0.000,0.002,13.445,36.469,0.00
1786295450,bench_mixed,0.00,0.00,0.0,0.000,0.002,13.445,36.469,0.00
1786295455,bench_mixed,0.00,0.00,0.0,0.000,0.002,13.445,36.469,0.00
1786295460,bench_mixed,0.00,0.00,0.0,0.000,0.002,13.445,36.469,0.00
1786295465,bench_mixed,0.00,0.00,0.0,0.000,0.002,13.445,36.471,0.00
1786295470,bench_mixed,0.00,0.00,0.0,0.000,0.002,13.445,36.470,0.00
1786295475,bench_mixed,0.00,0.00,0.0,0.000,0.002,13.445,36.470,0.00
1786295480,bench_mixed,0.00,0.00,0.0,0.000,0.002,13.445,36.470,0.00
1786295485,bench_mixed,0.00,0.00,0.0,0.000,0.002,13.445,36.470,0.00
1786295490,bench_mixed,0.00,0.00,0.0,0.000,0.002,13.445,36.470,0.00
1786295495,bench_mixed,0.00,0.00,0.0,0.000,0.002,13.445,36.471,0.00
1786295500,bench_mixed,0.00,0.00,0.0,0.000,0.002,13.445,36.470,0.00
1786295505,bench_mixed,0.00,0.00,0.0,0.000,0.002,13.445,36.472,0.00
1786295510,bench_mixed,0.00,0.00,0.0,0.000,0.002,13.445,36.471,0.00
1786295515,bench_mixed,0.00,0.00,0.0,0.000,0.002,13.445,36.470,0.00
1786295520,bench_mixed,0.00,0.00,0.0,0.000,0.002,13.445,36.470,0.00
1786295525,bench_mixed,0.00,0.00,0.0,0.000,0.002,13.445,36.471,0.00
1786295530,bench_mixed,0.00,0.00,0.0,0.000,0.002,13.445,36.471,0.00
1786295535,bench_mixed,0.00,0.00,0.0,0.000,0.002,13.445,36.471,0.00
1786295540,bench_mixed,0.00,0.00,0.0,0.000,0.002,13.445,36.471,0.00
1786295546,bench_mixed,0.00,0.00,0.0,0.000,0.002,13.445,36.471,0.00
1786295551,bench_mixed,0.00,0.00,0.0,0.000,0.002,13.445,36.471,0.00
1786295556,bench_mixed,0.00,0.00,0.0,0.000,0.002,13.445,36.471,0.00
1786295561,bench_mixed,0.00,0.00,0.0,0.000,0.002,13.445,36.470,0.00
1786295566,bench_mixed,0.00,0.00,0.0,0.000,0.002,13.445,36.470,0.00
1786295571,bench_mixed,0.00,0.00,0.0,0.000,0.002,13.445,36.470,0.00
1786295576,bench_mixed,0.00,0.00,0.0,0.000,0.002,13.445,36.470,0.00
1786295581,bench_mixed,0.00,0.00,0.0,0.000,0.002,13.445,36.470,0.00
1786295586,bench_mixed,0.00,0.00,0.0,0.000,0.002,13.445,36.471,0.00
1786295591,bench_mixed,0.00,0.00,0.0,0.000,0.002,13.445,36.471,0.00
1786295596,bench_mixed,0.00,0.00,0.0,0.000,0.002,13.445,36.471,0.00
1786295601,bench_mixed,0.00,0.00,0.0,0.000,0.002,13.445,36.473,0.00
1786295606,bench_mixed,0.00,0.00,0.0,0.000,0.002,13.445,36.472,0.00
1786295611,bench_mixed,0.00,0.00,0.0,0.000,0.002,13.445,36.473,0.00
1786295616,bench_mixed,0.00,0.00,0.0,0.000,0.002,13.445,36.473,0.00
1786295621,bench_mixed,0.00,0.00,0.0,0.000,0.002,13.445,36.473,0.00
1786295626,bench_mixed,0.00,0.00,0.0,0.000,0.002,13.445,36.473,0.00
1786295631,bench_mixed,0.00,0.00,0.0,0.000,0.002,13.445,36.472,0.00
1786295636,bench_mixed,0.00,0.00,0.0,0.000,0.002,13.445,36.473,0.00
1786295642,bench_mixed,0.00,0.00,0.0,0.000,0.002,13.445,36.473,0.00
1786295647,bench_mixed,0.00,0.00,0.0,0.000,0.002,13.445,36.472,0.00
1786295652,bench_mixed,0.00,0.00,0.0,0.000,0.002,13.445,36.472,0.00
1786295657,bench_mixed,0.00,0.00,0.0,0.000,0.002,13.445,36.471,0.00
1786295662,bench_mixed,0.00,0.00,0.0,0.000,0.002,13.445,36.472,0.00
1786295667,bench_mixed,0.00,0.00,0.0,0.000,0.002,13.445,36.472,0.00
1786295672,bench_mixed,0.00,0.00,0.0,0.000,0.002,13.445,36.472,0.00
1786295677,bench_mixed,0.00,0.00,0.0,0.000,0.002,13.445,36.473,0.00
1786295682,bench_mixed,0.00,0.00,0.0,0.000,0.002,13.445,36.472,0.00
1786295687,bench_mixed,0.00,0.00,0.0,0.000,0.002,13.445,36.472,0.00
1786295692,bench_mixed,0.00,0.00,0.0,0.000,0.002,13.445,36.472,0.00
1786295697,bench_mixed,0.00,0.00,0.0,0.000,0.002,13.445,36.472,0.00
1786295702,bench_mixed,0.00,0.00,0.0,0.000,0.002,13.445,36.472,0.00
1786295707,bench_mixed,0.00,0.00,0.0,0.000,0.002,13.445,36.469,0.06
1786295712,bench_mixed,0.00,0.00,0.0,0.000,0.002,13.445,36.469,0.00
1786295717,bench_mixed,0.00,0.00,0.0,0.000,0.002,13.445,36.469,0.00
1786295722,bench_mixed,0.00,0.00,0.0,0.000,0.002,13.445,36.469,0.00
1786295727,bench_mixed,0.00,0.00,0.0,0.000,0.002,13.445,36.469,0.00
1786295732,bench_mixed,0.00,0.00,0.0,0.000,0.002,13.445,36.469,0.00
1786295738,bench_mixed,0.00,0.00,0.0,0.000,0.002,13.445,36.469,0.00
1786295743,bench_mixed,0.00,0.00,0.0,0.000,0.002,13.445,36.469,0.00
1786295748,bench_mixed,0.00,0.00,0.0,0.000,0.002,13.445,36.469,0.00
1786295753,bench_mixed,0.00,0.00,0.0,0.000,0.002,13.445,36.469,0.00
1786295758,bench_mixed,0.00,0.00,0.0,0.000,0.002,13.445,36.470,0.00
1786295763,bench_mixed,0.00,0.00,0.0,0.000,0.002,13.445,36.470,0.00
1786295768,bench_mixed,0.00,0.00,0.0,0.000,0.002,13.445,36.470,0.00
1786295773,bench_mixed,0.00,0.00,0.0,0.000,0.002,13.445,36.471,0.00
1786295778,bench_mixed,0.00,0.00,0.0,0.000,0.002,13.445,36.470,0.00
1786295783,bench_mixed,0.00,0.00,0.0,0.000,0.002,13.445,36.470,0.00
1786295788,bench_mixed,0.00,0.00,0.0,0.000,0.002,13.445,36.470,0.00
1786295793,bench_mixed,0.00,0.00,0.0,0.000,0.002,13.445,36.470,0.00
1786295798,bench_mixed,0.00,0.00,0.0,0.000,0.002,13.445,36.469,0.00
1786295803,bench_mixed,0.00,0.00,0.0,0.000,0.002,13.445,36.470,0.00
1786295808,bench_mixed,0.00,0.00,0.0,0.000,0.002,13.445,36.470,0.00
1786295813,bench_mixed,0.00,0.00,0.0,0.000,0.002,13.445,36.471,0.00
1786295818,bench_mixed,0.00,0.00,0.0,0.000,0.002,13.445,36.471,0.00
1786295823,bench_mixed,0.00,0.00,0.0,0.000,0.002,13.445,36.471,0.00
1786295828,bench_mixed,0.00,0.00,0.0,0.000,0.002,13.445,36.471,0.00
1786295833,bench_mixed,0.00,0.00,0.0,0.000,0.002,13.445,36.471,0.00
1786295839,bench_mixed,0.00,0.00,0.0,0.000,0.002,13.445,36.472,0.00
1786295844,bench_mixed,0.00,0.00,0.0,0.000,0.002,13.445,36.472,0.00
1786295849,bench_mixed,0.00,0.00,0.0,0.000,0.002,13.445,36.472,0.00
1786295854,bench_mixed,0.00,0.00,0.0,0.000,0.002,13.445,36.472,0.00
1786295859,bench_mixed,0.00,0.00,0.0,0.000,0.002,13.445,36.472,0.00
1786295864,bench_mixed,0.00,0.00,0.0,0.000,0.002,13.445,36.472,0.00
1786295869,bench_mixed,0.00,0.00,0.0,0.000,0.002,13.445,36.471,0.00
1786295874,bench_mixed,0.00,0.00,0.0,0.000,0.002,13.445,36.471,0.00
1786295879,bench_mixed,0.00,0.00,0.0,0.000,0.002,13.445,36.471,0.00
1786295884,bench_mixed,0.00,0.00,0.0,0.000,0.002,13.445,36.471,0.00
1786295889,bench_mixed,0.00,0.00,0.0,0.000,0.002,13.445,36.471,0.00
1786295894,bench_mixed,0.00,0.00,0.0,0.000,0.002,13.445,36.471,0.00
1786295899,bench_mixed,0.00,0.00,0.0,0.000,0.002,13.445,36.471,0.00
1786295904,bench_mixed,0.00,0.00,0.0,0.000,0.002,13.445,36.471,0.00
1786295909,bench_mixed,0.00,0.00,0.0,0.000,0.002,13.445,36.471,0.00
1786295914,bench_mixed,0.00,0.00,0.0,0.000,0.002,13.445,36.471,0.00
1786295919,bench_mixed,0.00,0.00,0.0,0.000,0.002,13.445,36.471,0.00
1786295924,bench_mixed,0.00,0.00,0.0,0.000,0.002,13.445,36.471,0.00
1786295929,bench_mixed,0.00,0.00,0.0,0.000,0.002,13.445,36.471,0.00
1786295935,bench_mixed,0.00,0.00,0.0,0.000,0.002,13.445,36.471,0.00
1786295940,bench_mixed,0.00,0.00,0.0,0.000,0.002,13.445,36.471,0.00
1786295945,bench_mixed,0.00,0.00,0.0,0.000,0.002,13.445,36.471,0.00
1786295950,bench_mixed,0.00,0.00,0.0,0.000,0.002,13.445,36.471,0.00
1786295955,bench_mixed,0.00,0.00,0.0,0.000,0.002,13.445,36.471,0.00
1786295960,bench_mixed,0.00,0.00,0.0,0.000,0.002,13.445,36.471,0.00
1786295965,bench_mixed,0.00,0.00,0.0,0.000,0.002,13.445,36.471,0.00
1786295970,bench_mixed,0.00,0.00,0.0,0.000,0.002,13.445,36.471,0.00
1786295975,bench_mixed,0.00,0.00,0.0,0.000,0.002,13.445,36.471,0.00
1786295980,bench_mixed,0.00,0.00,0.0,0.000,0.002,13.445,36.472,0.00
1786295985,bench_mixed,0.00,0.00,0.0,0.000,0.002,13.445,36.472,0.00
1786295990,bench_mixed,0.00,0.00,0.0,0.000,0.002,13.445,36.472,0.00
1786295995,bench_mixed,0.00,0.00,0.0,0.000,0.002,13.445,36.472,0.00
1786296000,bench_mixed,0.00,0.00,0.0,0.000,0.002,13.445,36.471,0.00
1786296005,bench_mixed,0.00,0.00,0.0,0.000,0.002,13.445,36.470,0.01
1786296010,bench_mixed,0.00,0.00,0.0,0.000,0.002,13.445,36.467,0.05
1786296015,bench_mixed,0.00,0.00,0.0,0.000,0.002,13.445,36.467,0.00
1786296020,bench_mixed,0.00,0.00,0.0,0.000,0.002,13.445,36.467,0.00
1786296025,bench_mixed,0.00,0.00,0.0,0.000,0.002,13.445,36.468,0.00
1786296030,bench_mixed,0.00,0.00,0.0,0.000,0.002,13.445,36.467,0.00
1786296036,bench_mixed,0.00,0.00,0.0,0.000,0.002,13.445,36.468,0.00
1786296041,bench_mixed,0.00,0.00,0.0,0.000,0.002,13.445,36.468,0.00
1786296046,bench_mixed,0.00,0.00,0.0,0.000,0.002,13.445,36.468,0.00
1786296051,bench_mixed,0.00,0.00,0.0,0.000,0.002,13.445,36.468,0.00
1786296056,bench_mixed,0.00,0.00,0.0,0.000,0.002,13.445,36.469,0.00
1786296061,bench_mixed,0.00,0.00,0.0,0.000,0.002,13.445,36.469,0.00
1786296066,bench_mixed,0.00,0.00,0.0,0.000,0.002,13.445,36.469,0.00
1786296071,bench_mixed,0.00,0.00,0.0,0.000,0.002,13.445,36.469,0.00
1786296076,bench_mixed,0.00,0.00,0.0,0.000,0.002,13.445,36.469,0.00
1786296081,bench_mixed,0.00,0.00,0.0,0.000,0.002,13.445,36.469,0.00
1786296086,bench_mixed,0.00,0.00,0.0,0.000,0.002,13.445,36.469,0.00
1786296091,bench_mixed,0.00,0.00,0.0,0.000,0.002,13.445,36.470,0.00
1786296096,bench_mixed,0.00,0.00,0.0,0.000,0.002,13.445,36.470,0.00
1786296101,bench_mixed,0.00,0.00,0.0,0.000,0.002,13.445,36.470,0.00
1786296106,bench_mixed,0.00,0.00,0.0,0.000,0.002,13.445,36.471,0.00
1786296111,bench_mixed,0.00,0.00,0.0,0.000,0.002,13.445,36.471,0.00
1786296116,bench_mixed,0.00,0.00,0.0,0.000,0.002,13.445,36.470,0.00
1786296121,bench_mixed,0.00,0.00,0.0,0.000,0.002,13.445,36.470,0.00
1786296126,bench_mixed,0.00,0.00,0.0,0.000,0.002,13.445,36.470,0.00
1786296132,bench_mixed,0.00,0.00,0.0,0.000,0.002,13.445,36.470,0.00
1786296137,bench_mixed,0.00,0.00,0.0,0.000,0.002,13.445,36.470,0.00
1786296142,bench_mixed,0.00,0.00,0.0,0.000,0.002,13.445,36.470,0.00
1786296147,bench_mixed,0.00,0.00,0.0,0.000,0.002,13.445,36.470,0.00
1786296152,bench_mixed,0.00,0.00,0.0,0.000,0.002,13.445,36.470,0.00
1786296157,bench_mixed,0.00,0.00,0.0,0.000,0.002,13.445,36.470,0.00
1786296162,bench_mixed,0.00,0.00,0.0,0.000,0.002,13.445,36.470,0.00
1786296167,bench_mixed,0.00,0.00,0.0,0.000,0.002,13.445,36.469,0.00
1786296172,bench_mixed,0.00,0.00,0.0,0.000,0.002,13.445,36.469,0.00
1786296177,bench_mixed,0.00,0.00,0.0,0.000,0.002,13.445,36.469,0.00
1786296182,bench_mixed,0.00,0.00,0.0,0.000,0.002,13.445,36.470,0.00
1786296187,bench_mixed,0.00,0.00,0.0,0.000,0.002,13.445,36.470,0.00
1786296192,bench_mixed,0.00,0.00,0.0,0.000,0.002,13.445,36.471,0.00
1786296197,bench_mixed,0.00,0.00,0.0,0.000,0.002,13.445,36.470,0.00
1786296202,bench_mixed,0.00,0.00,0.0,0.000,0.002,13.445,36.470,0.00
1786296207,bench_mixed,0.00,0.00,0.0,0.000,0.002,13.445,36.471,0.00
1786296212,bench_mixed,0.00,0.00,0.0,0.000,0.002,13.445,36.470,0.00
1786296217,bench_mixed,0.00,0.00,0.0,0.000,0.002,13.445,36.470,0.00
1786296222,bench_mixed,0.00,0.00,0.0,0.000,0.002,13.445,36.472,0.00
1786296227,bench_mixed,0.00,0.00,0.0,0.000,0.002,13.445,36.472,0.00
1786296233,bench_mixed,0.00,0.00,0.0,0.000,0.002,13.445,36.472,0.00
1786296238,bench_mixed,0.00,0.00,0.0,0.000,0.002,13.445,36.472,0.00
1786296243,bench_mixed,0.00,0.00,0.0,0.000,0.002,13.445,36.472,0.00
1786296248,bench_mixed,0.00,0.00,0.0,0.000,0.002,13.445,36.471,0.00
1786296253,bench_mixed,0.00,0.00,0.0,0.000,0.002,13.445,36.471,0.00
1786296258,bench_mixed,0.00,0.00,0.0,0.000,0.002,13.445,36.472,0.00
1786296263,bench_mixed,0.00,0.00,0.0,0.000,0.002,13.445,36.472,0.00
1786296268,bench_mixed,0.00,0.00,0.0,0.000,0.002,13.445,36.472,0.00
1786296273,bench_mixed,0.00,0.00,0.0,0.000,0.002,13.445,36.472,0.00
1786296278,bench_mixed,0.00,0.00,0.0,0.000,0.002,13.445,36.472,0.00
1786296283,bench_mixed,0.00,0.00,0.0,0.000,0.002,13.445,36.472,0.00
1786296288,bench_mixed,0.00,0.00,0.0,0.000,0.002,13.445,36.472,0.00
1786296293,bench_mixed,0.00,0.00,0.0,0.000,0.002,13.445,36.472,0.00
1786296298,bench_mixed,0.00,0.00,0.0,0.000,0.002,13.445,36.472,0.00
1786296303,bench_mixed,0.00,0.00,0.0,0.000,0.002,13.445,36.473,0.00
1786296308,bench_mixed,0.00,0.00,0.0,0.000,0.002,13.445,36.469,0.06
1786296313,bench_mixed,0.00,0.00,0.0,0.000,0.002,13.445,36.470,0.00
1786296318,bench_mixed,0.00,0.00,0.0,0.000,0.002,13.445,36.469,0.00
1786296323,bench_mixed,0.00,0.00,0.0,0.000,0.002,13.445,36.469,0.00
1786296329,bench_mixed,0.00,0.00,0.0,0.000,0.002,13.445,36.470,0.00
1786296334,bench_mixed,0.00,0.00,0.0,0.000,0.002,13.445,36.470,0.00
1786296339,bench_mixed,0.00,0.00,0.0,0.000,0.002,13.445,36.470,0.00
1786296344,bench_mixed,0.00,0.00,0.0,0.000,0.002,13.445,36.471,0.00
1786296349,bench_mixed,0.00,0.00,0.0,0.000,0.002,13.445,36.471,0.00
1786296354,bench_mixed,0.00,0.00,0.0,0.000,0.002,13.445,36.470,0.00
1786296359,bench_mixed,0.00,0.00,0.0,0.000,0.002,13.445,36.471,0.00
1786296364,bench_mixed,0.00,0.00,0.0,0.000,0.002,13.445,36.471,0.00
1786296369,bench_mixed,0.00,0.00,0.0,0.000,0.002,13.445,36.470,0.00
1786296374,bench_mixed,0.00,0.00,0.0,0.000,0.002,13.445,36.470,0.00
1786296379,bench_mixed,0.00,0.00,0.0,0.000,0.002,13.445,36.470,0.00
1786296384,bench_mixed,0.00,0.00,0.0,0.000,0.002,13.445,36.470,0.00
1786296389,bench_mixed,0.00,0.00,0.0,0.000,0.002,13.445,36.470,0.00
1786296394,bench_mixed,0.00,0.00,0.0,0.000,0.002,13.445,36.470,0.00
1786296399,bench_mixed,0.00,0.00,0.0,0.000,0.002,13.445,36.470,0.00
1786296404,bench_mixed,0.00,0.00,0.0,0.000,0.002,13.445,36.470,0.00
1786296409,bench_mixed,0.00,0.00,0.0,0.000,0.002,13.445,36.470,0.00
1786296414,bench_mixed,0.00,0.00,0.0,0.000,0.002,13.445,36.471,0.00
1786296419,bench_mixed,0.00,0.00,0.0,0.000,0.002,13.445,36.472,0.00
1786296424,bench_mixed,0.00,0.00,0.0,0.000,0.002,13.445,36.472,0.00
1786296430,bench_mixed,0.00,0.00,0.0,0.000,0.002,13.445,36.471,0.00
1786296435,bench_mixed,0.00,0.00,0.0,0.000,0.002,13.445,36.472,0.00
1786296440,bench_mixed,0.00,0.00,0.0,0.000,0.002,13.445,36.472,0.00
1786296445,bench_mixed,0.00,0.00,0.0,0.000,0.002,13.445,36.472,0.00
1786296450,bench_mixed,0.00,0.00,0.0,0.000,0.002,13.445,36.471,0.00
1786296455,bench_mixed,0.00,0.00,0.0,0.000,0.002,13.445,36.472,0.00
1786296460,bench_mixed,0.00,0.00,0.0,0.000,0.002,13.445,36.471,0.00
1786296465,bench_mixed,0.00,0.00,0.0,0.000,0.002,13.445,36.471,0.00
1786296470,bench_mixed,0.00,0.00,0.0,0.000,0.002,13.445,36.471,0.00
1786296475,bench_mixed,0.00,0.00,0.0,0.000,0.002,13.445,36.471,0.00
1786296480,bench_mixed,0.00,0.00,0.0,0.000,0.002,13.445,36.471,0.00
1786296485,bench_mixed,0.00,0.00,0.0,0.000,0.002,13.445,36.471,0.00
1786296490,bench_mixed,0.00,0.00,0.0,0.000,0.002,13.445,36.470,0.00
1786296495,bench_mixed,0.00,0.00,0.0,0.000,0.002,13.445,36.471,0.00
1786296500,bench_mixed,0.00,0.00,0.0,0.000,0.002,13.445,36.471,0.00
1786296505,bench_mixed,0.00,0.00,0.0,0.000,0.002,13.445,36.471,0.00
1786296510,bench_mixed,0.00,0.00,0.0,0.000,0.002,13.445,36.471,0.00
1786296515,bench_mixed,0.00,0.00,0.0,0.000,0.002,13.445,36.471,0.00
1786296520,bench_mixed,0.00,0.00,0.0,0.000,0.002,13.445,36.471,0.00
1786296526,bench_mixed,0.00,0.00,0.0,0.000,0.002,13.445,36.473,0.00
1786296531,bench_mixed,0.00,0.00,0.0,0.000,0.002,13.445,36.472,0.00
1786296536,bench_mixed,0.00,0.00,0.0,0.000,0.002,13.445,36.472,0.00
1786296541,bench_mixed,0.00,0.00,0.0,0.000,0.002,13.445,36.471,0.00
1786296546,bench_mixed,0.00,0.00,0.0,0.000,0.002,13.445,36.472,0.00
1786296551,bench_mixed,0.00,0.00,0.0,0.000,0.002,13.445,36.472,0.00
1786296556,bench_mixed,0.00,0.00,0.0,0.000,0.002,13.445,36.472,0.00
1786296561,bench_mixed,0.00,0.00,0.0,0.000,0.002,13.445,36.472,0.00
1786296566,bench_mixed,0.00,0.00,0.0,0.000,0.002,13.445,36.472,0.00
1786296571,bench_mixed,0.00,0.00,0.0,0.000,0.002,13.445,36.471,0.00
1786296576,bench_mixed,0.00,0.00,0.0,0.000,0.002,13.445,36.471,0.00
1786296581,bench_mixed,0.00,0.00,0.0,0.000,0.002,13.445,36.471,0.00
1786296586,bench_mixed,0.00,0.00,0.0,0.000,0.002,13.445,36.471,0.00
1786296591,bench_mixed,0.00,0.00,0.0,0.000,0.002,13.445,36.471,0.00
1786296596,bench_mixed,0.00,0.00,0.0,0.000,0.002,13.445,36.471,0.00
1786296601,bench_mixed,0.00,0.00,0.0,0.000,0.002,13.445,36.471,0.00
1786296606,bench_mixed,0.00,0.00,0.0,0.000,0.002,13.445,36.469,0.04
1786296611,bench_mixed,0.00,0.00,0.0,0.000,0.002,13.445,36.470,0.01
1786296616,bench_mixed,0.00,0.00,0.0,0.000,0.002,13.445,36.470,0.00
1786296621,bench_mixed,0.00,0.00,0.0,0.000,0.002,13.445,36.470,0.00
1786296627,bench_mixed,0.00,0.00,0.0,0.000,0.002,13.445,36.470,0.00
1786296632,bench_mixed,0.00,0.00,0.0,0.000,0.002,13.445,36.470,0.00
1786296637,bench_mixed,0.00,0.00,0.0,0.000,0.002,13.445,36.470,0.00
1786296642,bench_mixed,0.00,0.00,0.0,0.000,0.002,13.445,36.470,0.00
1786296647,bench_mixed,0.00,0.00,0.0,0.000,0.002,13.445,36.469,0.00
1786296652,bench_mixed,0.00,0.00,0.0,0.000,0.002,13.445,36.469,0.00
1786296657,bench_mixed,0.00,0.00,0.0,0.000,0.002,13.445,36.469,0.00
1786296662,bench_mixed,0.00,0.00,0.0,0.000,0.002,13.445,36.469,0.00
1786296667,bench_mixed,0.00,0.00,0.0,0.000,0.002,13.445,36.469,0.00
1786296672,bench_mixed,0.00,0.00,0.0,0.000,0.002,13.445,36.469,0.00
1786296677,bench_mixed,0.00,0.00,0.0,0.000,0.002,13.445,36.469,0.00
1786296682,bench_mixed,0.00,0.00,0.0,0.000,0.002,13.445,36.469,0.00
1786296687,bench_mixed,0.00,0.00,0.0,0.000,0.002,13.445,36.470,0.00
1786296692,bench_mixed,0.00,0.00,0.0,0.000,0.002,13.445,36.470,0.00
1786296697,bench_mixed,0.00,0.00,0.0,0.000,0.002,13.445,36.470,0.00
1786296702,bench_mixed,0.00,0.00,0.0,0.000,0.002,13.445,36.470,0.00
1786296707,bench_mixed,0.00,0.00,0.0,0.000,0.002,13.445,36.470,0.00
1786296712,bench_mixed,0.00,0.00,0.0,0.000,0.002,13.445,36.470,0.00
1786296717,bench_mixed,0.00,0.00,0.0,0.000,0.002,13.445,36.470,0.00
1786296722,bench_mixed,0.00,0.00,0.0,0.000,0.002,13.445,36.471,0.00
1786296728,bench_mixed,0.00,0.00,0.0,0.000,0.002,13.445,36.471,0.00
1786296733,bench_mixed,0.00,0.00,0.0,0.000,0.002,13.445,36.471,0.00
1786296738,bench_mixed,0.00,0.00,0.0,0.000,0.002,13.445,36.471,0.00
1786296743,bench_mixed,0.00,0.00,0.0,0.000,0.002,13.445,36.471,0.00
1786296748,bench_mixed,0.00,0.00,0.0,0.000,0.002,13.445,36.470,0.00
1786296753,bench_mixed,0.00,0.00,0.0,0.000,0.002,13.445,36.470,0.00
1786296758,bench_mixed,0.00,0.00,0.0,0.000,0.002,13.445,36.471,0.00
1786296763,bench_mixed,0.00,0.00,0.0,0.000,0.002,13.445,36.471,0.00
1786296768,bench_mixed,0.00,0.00,0.0,0.000,0.002,13.445,36.472,0.00
1786296773,bench_mixed,0.00,0.00,0.0,0.000,0.002,13.445,36.471,0.00
1786296778,bench_mixed,0.00,0.00,0.0,0.000,0.002,13.445,36.471,0.00
1786296783,bench_mixed,0.00,0.00,0.0,0.000,0.002,13.445,36.471,0.00
1786296788,bench_mixed,0.00,0.00,0.0,0.000,0.002,13.445,36.470,0.00
1786296793,bench_mixed,0.00,0.00,0.0,0.000,0.002,13.445,36.470,0.00
1786296798,bench_mixed,0.00,0.00,0.0,0.000,0.002,13.445,36.471,0.00
1786296803,bench_mixed,0.00,0.00,0.0,0.000,0.002,13.445,36.470,0.00
1786296808,bench_mixed,0.00,0.00,0.0,0.000,0.002,13.445,36.469,0.00
1786296813,bench_mixed,0.00,0.00,0.0,0.000,0.002,13.445,36.469,0.00
1786296818,bench_mixed,0.00,0.00,0.0,0.000,0.002,13.445,36.469,0.00
1786296823,bench_mixed,0.00,0.00,0.0,0.000,0.002,13.445,36.469,0.00
1786296829,bench_mixed,0.00,0.00,0.0,0.000,0.002,13.445,36.469,0.00
1786296834,bench_mixed,0.00,0.00,0.0,0.000,0.002,13.445,36.470,0.00
1786296839,bench_mixed,0.00,0.00,0.0,0.000,0.002,13.445,36.470,0.00
1786296844,bench_mixed,0.00,0.00,0.0,0.000,0.002,13.445,36.469,0.00
1786296849,bench_mixed,0.00,0.00,0.0,0.000,0.002,13.445,36.469,0.00
1786296854,bench_mixed,0.00,0.00,0.0,0.000,0.002,13.445,36.469,0.00
1786296859,bench_mixed,0.00,0.00,0.0,0.000,0.002,13.445,36.469,0.00
1786296864,bench_mixed,0.00,0.00,0.0,0.000,0.002,13.445,36.469,0.00
1786296869,bench_mixed,0.00,0.00,0.0,0.000,0.002,13.445,36.469,0.00
1786296874,bench_mixed,0.00,0.00,0.0,0.000,0.002,13.445,36.469,0.00
1786296879,bench_mixed,0.00,0.00,0.0,0.000,0.002,13.445,36.469,0.00
1786296884,bench_mixed,0.00,0.00,0.0,0.000,0.002,13.445,36.469,0.00
1786296889,bench_mixed,0.00,0.00,0.0,0.000,0.002,13.445,36.469,0.00
1786296894,bench_mixed,0.00,0.00,0.0,0.000,0.002,13.445,36.469,0.00
1786296899,bench_mixed,0.00,0.00,0.0,0.000,0.002,13.445,36.469,0.00
1786296904,bench_mixed,0.00,0.00,0.0,0.000,0.002,13.445,36.469,0.00
1786296909,bench_mixed,0.00,0.00,0.0,0.000,0.002,13.445,36.466,0.06
1786296914,bench_mixed,0.00,0.00,0.0,0.000,0.002,13.445,36.465,0.00
1786296919,bench_mixed,0.00,0.00,0.0,0.000,0.002,13.445,36.466,0.00
1786296925,bench_mixed,0.00,0.00,0.0,0.000,0.002,13.445,36.467,0.00
1786296930,bench_mixed,0.00,0.00,0.0,0.000,0.002,13.445,36.466,0.00
1786296935,bench_mixed,0.00,0.00,0.0,0.000,0.002,13.445,36.466,0.00
1786296940,bench_mixed,0.00,0.00,0.0,0.000,0.002,13.445,36.466,0.00
1786296945,bench_mixed,0.00,0.00,0.0,0.000,0.002,13.445,36.467,0.00
1786296950,bench_mixed,0.00,0.00,0.0,0.000,0.002,13.445,36.467,0.00
1786296955,bench_mixed,0.00,0.00,0.0,0.000,0.002,13.445,36.467,0.00
1786296960,bench_mixed,0.00,0.00,0.0,0.000,0.002,13.445,36.467,0.00
1786296965,bench_mixed,0.00,0.00,0.0,0.000,0.002,13.445,36.467,0.00
1786296970,bench_mixed,0.00,0.00,0.0,0.000,0.002,13.445,36.467,0.00
1786296975,bench_mixed,0.00,0.00,0.0,0.000,0.002,13.445,36.468,0.00
1786296980,bench_mixed,0.00,0.00,0.0,0.000,0.002,13.445,36.467,0.00
1786296985,bench_mixed,0.00,0.00,0.0,0.000,0.002,13.445,36.467,0.00
1786296990,bench_mixed,0.00,0.00,0.0,0.000,0.002,13.445,36.468,0.00
1786296995,bench_mixed,0.00,0.00,0.0,0.000,0.002,13.445,36.468,0.00
1786297000,bench_mixed,0.00,0.00,0.0,0.000,0.002,13.445,36.468,0.00
1786297005,bench_mixed,0.00,0.00,0.0,0.000,0.002,13.445,36.468,0.00
1786297010,bench_mixed,0.00,0.00,0.0,0.000,0.002,13.445,36.468,0.00
1786297015,bench_mixed,0.00,0.00,0.0,0.000,0.002,13.445,36.468,0.00
1786297021,bench_mixed,0.00,0.00,0.0,0.000,0.002,13.445,36.467,0.00
1786297026,bench_mixed,0.00,0.00,0.0,0.000,0.002,13.445,36.467,0.00
1786297031,bench_mixed,0.00,0.00,0.0,0.000,0.002,13.445,36.467,0.00
1786297036,bench_mixed,0.00,0.00,0.0,0.000,0.002,13.445,36.467,0.00
1786297041,bench_mixed,0.00,0.00,0.0,0.000,0.002,13.445,36.467,0.00
1786297046,bench_mixed,0.00,0.00,0.0,0.000,0.002,13.445,36.467,0.00
1786297051,bench_mixed,0.00,0.00,0.0,0.000,0.002,13.445,36.467,0.00
1786297056,bench_mixed,0.00,0.00,0.0,0.000,0.002,13.445,36.467,0.00
1786297061,bench_mixed,0.00,0.00,0.0,0.000,0.002,13.445,36.467,0.00
1786297066,bench_mixed,0.00,0.00,0.0,0.000,0.002,13.445,36.467,0.00
1786297071,bench_mixed,0.00,0.00,0.0,0.000,0.002,13.445,36.467,0.00
1786297076,bench_mixed,0.00,0.00,0.0,0.000,0.002,13.445,36.467,0.00
1786297081,bench_mixed,0.00,0.00,0.0,0.000,0.002,13.445,36.467,0.00
1786297086,bench_mixed,0.00,0.00,0.0,0.000,0.002,13.445,36.467,0.00
1786297091,bench_mixed,0.00,0.00,0.0,0.000,0.002,13.445,36.467,0.00
1786297096,bench_mixed,0.00,0.00,0.0,0.000,0.002,13.445,36.467,0.00
1786297101,bench_mixed,0.00,0.00,0.0,0.000,0.002,13.445,36.467,0.00
1786297106,bench_mixed,0.00,0.00,0.0,0.000,0.002,13.445,36.467,0.00
1786297111,bench_mixed,0.00,0.00,0.0,0.000,0.002,13.445,36.467,0.00
1786297116,bench_mixed,0.00,0.00,0.0,0.000,0.002,13.445,36.467,0.00
1786297122,bench_mixed,0.00,0.00,0.0,0.000,0.002,13.445,36.467,0.00
1786297127,bench_mixed,0.00,0.00,0.0,0.000,0.002,13.445,36.467,0.00
1786297132,bench_mixed,0.00,0.00,0.0,0.000,0.002,13.445,36.467,0.00
1786297137,bench_mixed,0.00,0.00,0.0,0.000,0.002,13.445,36.467,0.00
1786297142,bench_mixed,0.00,0.00,0.0,0.000,0.002,13.445,36.467,0.00
1786297147,bench_mixed,0.00,0.00,0.0,0.000,0.002,13.445,36.467,0.00
1786297152,bench_mixed,0.00,0.00,0.0,0.000,0.002,13.445,36.467,0.00
1786297157,bench_mixed,0.00,0.00,0.0,0.000,0.002,13.445,36.467,0.00
1786297162,bench_mixed,0.00,0.00,0.0,0.000,0.002,13.445,36.467,0.00
1786297167,bench_mixed,0.00,0.00,0.0,0.000,0.002,13.445,36.467,0.00
1786297172,bench_mixed,0.00,0.00,0.0,0.000,0.002,13.445,36.468,0.00
1786297177,bench_mixed,0.00,0.00,0.0,0.000,0.002,13.445,36.468,0.00
1786297182,bench_mixed,0.00,0.00,0.0,0.000,0.002,13.445,36.469,0.00
1786297187,bench_mixed,0.00,0.00,0.0,0.000,0.002,13.445,36.470,0.00
1786297192,bench_mixed,0.00,0.00,0.0,0.000,0.002,13.445,36.469,0.00
1786297197,bench_mixed,0.00,0.00,0.0,0.000,0.002,13.445,36.469,0.00
1786297202,bench_mixed,0.00,0.00,0.0,0.000,0.002,13.445,36.469,0.00
1786297207,bench_mixed,0.00,0.00,0.0,0.000,0.002,13.445,36.466,0.05
1786297212,bench_mixed,0.00,0.00,0.0,0.000,0.002,13.445,36.468,0.00
1786297217,bench_mixed,0.00,0.00,0.0,0.000,0.002,13.445,36.468,0.00
1786297223,bench_mixed,0.00,0.00,0.0,0.000,0.002,13.445,36.468,0.00
1786297228,bench_mixed,0.00,0.00,0.0,0.000,0.002,13.445,36.468,0.00
1786297233,bench_mixed,0.00,0.00,0.0,0.000,0.002,13.445,36.468,0.00
1786297238,bench_mixed,0.00,0.00,0.0,0.000,0.002,13.445,36.468,0.00
1786297243,bench_mixed,0.00,0.00,0.0,0.000,0.002,13.445,36.468,0.00
1786297248,bench_mixed,0.00,0.00,0.0,0.000,0.002,13.445,36.468,0.00
1786297253,bench_mixed,0.00,0.00,0.0,0.000,0.002,13.445,36.468,0.00
1786297258,bench_mixed,0.00,0.00,0.0,0.000,0.002,13.445,36.468,0.00
1786297263,bench_mixed,0.00,0.00,0.0,0.000,0.002,13.445,36.468,0.00
1786297268,bench_mixed,0.00,0.00,0.0,0.000,0.002,13.445,36.468,0.00
1786297273,bench_mixed,0.00,0.00,0.0,0.000,0.002,13.445,36.468,0.00
1786297278,bench_mixed,0.00,0.00,0.0,0.000,0.002,13.445,36.468,0.00
1786297283,bench_mixed,0.00,0.00,0.0,0.000,0.002,13.445,36.467,0.00
1786297288,bench_mixed,0.00,0.00,0.0,0.000,0.002,13.445,36.467,0.00
1786297293,bench_mixed,0.00,0.00,0.0,0.000,0.002,13.445,36.467,0.00
1786297298,bench_mixed,0.00,0.00,0.0,0.000,0.002,13.445,36.467,0.00
1786297303,bench_mixed,0.00,0.00,0.0,0.000,0.002,13.445,36.467,0.00
1786297308,bench_mixed,0.00,0.00,0.0,0.000,0.002,13.445,36.467,0.00
1786297313,bench_mixed,0.00,0.00,0.0,0.000,0.002,13.445,36.467,0.00
1786297318,bench_mixed,0.00,0.00,0.0,0.000,0.002,13.445,36.468,0.00
1786297324,bench_mixed,0.00,0.00,0.0,0.000,0.002,13.445,36.468,0.00
1786297329,bench_mixed,0.00,0.00,0.0,0.000,0.002,13.445,36.468,0.00
1786297334,bench_mixed,0.00,0.00,0.0,0.000,0.002,13.445,36.468,0.00
1786297339,bench_mixed,0.00,0.00,0.0,0.000,0.002,13.445,36.468,0.00
1786297344,bench_mixed,0.00,0.00,0.0,0.000,0.002,13.445,36.468,0.00
1786297349,bench_mixed,0.00,0.00,0.0,0.000,0.002,13.445,36.468,0.00
1786297354,bench_mixed,0.00,0.00,0.0,0.000,0.002,13.445,36.468,0.00
1786297359,bench_mixed,0.00,0.00,0.0,0.000,0.002,13.445,36.468,0.00
1786297364,bench_mixed,0.00,0.00,0.0,0.000,0.002,13.445,36.468,0.00
1786297369,bench_mixed,0.00,0.00,0.0,0.000,0.002,13.445,36.468,0.00
1786297374,bench_mixed,0.00,0.00,0.0,0.000,0.002,13.445,36.468,0.00
1786297379,bench_mixed,0.00,0.00,0.0,0.000,0.002,13.445,36.468,0.00
1786297384,bench_mixed,0.00,0.00,0.0,0.000,0.002,13.445,36.468,0.00
1786297389,bench_mixed,0.00,0.00,0.0,0.000,0.002,13.445,36.468,0.00
1786297394,bench_mixed,0.00,0.00,0.0,0.000,0.002,13.445,36.468,0.00
1786297399,bench_mixed,0.00,0.00,0.0,0.000,0.002,13.445,36.468,0.00
1786297404,bench_mixed,0.00,0.00,0.0,0.000,0.002,13.445,36.468,0.00
1786297409,bench_mixed,0.00,0.00,0.0,0.000,0.002,13.445,36.468,0.00
1786297414,bench_mixed,0.00,0.00,0.0,0.000,0.002,13.445,36.468,0.00
1786297420,bench_mixed,0.00,0.00,0.0,0.000,0.002,13.445,36.468,0.00
1786297425,bench_mixed,0.00,0.00,0.0,0.000,0.002,13.445,36.468,0.00
1786297430,bench_mixed,0.00,0.00,0.0,0.000,0.002,13.445,36.468,0.00
1786297435,bench_mixed,0.00,0.00,0.0,0.000,0.002,13.445,36.468,0.00
1786297440,bench_mixed,0.00,0.00,0.0,0.000,0.002,13.445,36.469,0.00
1786297445,bench_mixed,0.00,0.00,0.0,0.000,0.002,13.445,36.469,0.00
1786297450,bench_mixed,0.00,0.00,0.0,0.000,0.002,13.445,36.469,0.00
1786297455,bench_mixed,0.00,0.00,0.0,0.000,0.002,13.445,36.469,0.00
1786297460,bench_mixed,0.00,0.00,0.0,0.000,0.002,13.445,36.469,0.00
1786297465,bench_mixed,0.00,0.00,0.0,0.000,0.002,13.445,36.469,0.00
1786297470,bench_mixed,0.00,0.00,0.0,0.000,0.002,13.445,36.469,0.00
1786297475,bench_mixed,0.00,0.00,0.0,0.000,0.002,13.445,36.469,0.00
1786297480,bench_mixed,0.00,0.00,0.0,0.000,0.002,13.445,36.469,0.00
1786297485,bench_mixed,0.00,0.00,0.0,0.000,0.002,13.445,36.469,0.00
1786297490,bench_mixed,0.00,0.00,0.0,0.000,0.002,13.445,36.470,0.00
1786297495,bench_mixed,0.00,0.00,0.0,0.000,0.002,13.445,36.472,0.00
1786297500,bench_mixed,0.00,0.00,0.0,0.000,0.002,13.445,36.471,0.00
1786297505,bench_mixed,0.00,0.00,0.0,0.000,0.002,13.445,36.471,0.01
1786297510,bench_mixed,0.00,0.00,0.0,0.000,0.002,13.445,36.466,0.05
1786297515,bench_mixed,0.00,0.00,0.0,0.000,0.002,13.445,36.466,0.00
1786297521,bench_mixed,0.00,0.00,0.0,0.000,0.002,13.445,36.466,0.00
1786297526,bench_mixed,0.00,0.00,0.0,0.000,0.002,13.445,36.466,0.00
1786297531,bench_mixed,0.00,0.00,0.0,0.000,0.002,13.445,36.467,0.00
1786297536,bench_mixed,0.00,0.00,0.0,0.000,0.002,13.445,36.466,0.00
1786297541,bench_mixed,0.00,0.00,0.0,0.000,0.002,13.445,36.466,0.00
1786297546,bench_mixed,0.00,0.00,0.0,0.000,0.002,13.445,36.466,0.00
1786297551,bench_mixed,0.00,0.00,0.0,0.000,0.002,13.445,36.466,0.00
1786297556,bench_mixed,0.00,0.00,0.0,0.000,0.002,13.445,36.466,0.00
1786297561,bench_mixed,0.00,0.00,0.0,0.000,0.002,13.445,36.466,0.00
1786297566,bench_mixed,0.00,0.00,0.0,0.000,0.002,13.445,36.465,0.00
1786297571,bench_mixed,0.00,0.00,0.0,0.000,0.002,13.445,36.465,0.00
1786297576,bench_mixed,0.00,0.00,0.0,0.000,0.002,13.445,36.465,0.00
1786297581,bench_mixed,0.00,0.00,0.0,0.000,0.002,13.445,36.465,0.00
1786297586,bench_mixed,0.00,0.00,0.0,0.000,0.002,13.445,36.465,0.00
1786297591,bench_mixed,0.00,0.00,0.0,0.000,0.002,13.445,36.465,0.00
1786297596,bench_mixed,0.00,0.00,0.0,0.000,0.002,13.445,36.465,0.00
1786297601,bench_mixed,0.00,0.00,0.0,0.000,0.002,13.445,36.464,0.00
1786297606,bench_mixed,0.00,0.00,0.0,0.000,0.002,13.445,36.465,0.00
1786297611,bench_mixed,0.00,0.00,0.0,0.000,0.002,13.445,36.465,0.00
1786297617,bench_mixed,0.00,0.00,0.0,0.000,0.002,13.445,36.466,0.00
1786297622,bench_mixed,0.00,0.00,0.0,0.000,0.002,13.445,36.466,0.00
1786297627,bench_mixed,0.00,0.00,0.0,0.000,0.002,13.445,36.466,0.00
1786297632,bench_mixed,0.00,0.00,0.0,0.000,0.002,13.445,36.465,0.00
1786297637,bench_mixed,0.00,0.00,0.0,0.000,0.002,13.445,36.465,0.00
1786297642,bench_mixed,0.00,0.00,0.0,0.000,0.002,13.445,36.465,0.00
1786297647,bench_mixed,0.00,0.00,0.0,0.000,0.002,13.445,36.465,0.00
1786297652,bench_mixed,0.00,0.00,0.0,0.000,0.002,13.445,36.465,0.00
1786297657,bench_mixed,0.00,0.00,0.0,0.000,0.002,13.445,36.465,0.00
1786297662,bench_mixed,0.00,0.00,0.0,0.000,0.002,13.445,36.464,0.00
1786297667,bench_mixed,0.00,0.00,0.0,0.000,0.002,13.445,36.464,0.00
1786297672,bench_mixed,0.00,0.00,0.0,0.000,0.002,13.445,36.465,0.00
1786297677,bench_mixed,0.00,0.00,0.0,0.000,0.002,13.445,36.465,0.00
1786297682,bench_mixed,0.00,0.00,0.0,0.000,0.002,13.445,36.465,0.00
1786297687,bench_mixed,0.00,0.00,0.0,0.000,0.002,13.445,36.464,0.00
1786297692,bench_mixed,0.00,0.00,0.0,0.000,0.002,13.445,36.464,0.00
1786297697,bench_mixed,0.00,0.00,0.0,0.000,0.002,13.445,36.464,0.00
1786297702,bench_mixed,0.00,0.00,0.0,0.000,0.002,13.445,36.464,0.00
1786297707,bench_mixed,0.00,0.00,0.0,0.000,0.002,13.445,36.464,0.00
1786297712,bench_mixed,0.00,0.00,0.0,0.000,0.002,13.445,36.464,0.00
1786297718,bench_mixed,0.00,0.00,0.0,0.000,0.002,13.445,36.464,0.00
1786297723,bench_mixed,0.00,0.00,0.0,0.000,0.002,13.445,36.464,0.00
1786297728,bench_mixed,0.00,0.00,0.0,0.000,0.002,13.445,36.464,0.00
1786297733,bench_mixed,0.00,0.00,0.0,0.000,0.002,13.445,36.464,0.00
1786297738,bench_mixed,0.00,0.00,0.0,0.000,0.002,13.445,36.464,0.00
1786297743,bench_mixed,0.00,0.00,0.0,0.000,0.002,13.445,36.465,0.00
1786297748,bench_mixed,0.00,0.00,0.0,0.000,0.002,13.445,36.465,0.00
1786297753,bench_mixed,0.00,0.00,0.0,0.000,0.002,13.445,36.465,0.00
1786297758,bench_mixed,0.00,0.00,0.0,0.000,0.002,13.445,36.465,0.00
1786297763,bench_mixed,0.00,0.00,0.0,0.000,0.002,13.445,36.465,0.00
1786297768,bench_mixed,0.00,0.00,0.0,0.000,0.002,13.445,36.464,0.00
1786297773,bench_mixed,0.00,0.00,0.0,0.000,0.002,13.445,36.464,0.00
1786297778,bench_mixed,0.00,0.00,0.0,0.000,0.002,13.445,36.464,0.00
1786297783,bench_mixed,0.00,0.00,0.0,0.000,0.002,13.445,36.464,0.00
1786297788,bench_mixed,0.00,0.00,0.0,0.000,0.002,13.445,36.464,0.00
1786297793,bench_mixed,0.00,0.00,0.0,0.000,0.002,13.445,36.464,0.00
1786297798,bench_mixed,0.00,0.00,0.0,0.000,0.002,13.445,36.464,0.00
1786297803,bench_mixed,0.00,0.00,0.0,0.000,0.002,13.445,36.464,0.00
1786297808,bench_mixed,0.00,0.00,0.0,0.000,0.002,13.445,36.462,0.06
1786297814,bench_mixed,0.00,0.00,0.0,0.000,0.002,13.445,36.464,0.00
1786297819,bench_mixed,0.00,0.00,0.0,0.000,0.002,13.445,36.464,0.00
1786297824,bench_mixed,0.00,0.00,0.0,0.000,0.002,13.445,36.464,0.00
1786297829,bench_mixed,0.00,0.00,0.0,0.000,0.002,13.445,36.465,0.00
1786297834,bench_mixed,0.00,0.00,0.0,0.000,0.002,13.445,36.465,0.00
1786297839,bench_mixed,0.00,0.00,0.0,0.000,0.002,13.445,36.466,0.00
1786297844,bench_mixed,0.00,0.00,0.0,0.000,0.002,13.445,36.467,0.00
1786297849,bench_mixed,0.00,0.00,0.0,0.000,0.002,13.445,36.467,0.00
1786297854,bench_mixed,0.00,0.00,0.0,0.000,0.002,13.445,36.467,0.00
1786297859,bench_mixed,0.00,0.00,0.0,0.000,0.002,13.445,36.467,0.00
1786297864,bench_mixed,0.00,0.00,0.0,0.000,0.002,13.445,36.467,0.00
1786297869,bench_mixed,0.00,0.00,0.0,0.000,0.002,13.445,36.466,0.00
1786297874,bench_mixed,0.00,0.00,0.0,0.000,0.002,13.445,36.467,0.00
1786297879,bench_mixed,0.00,0.00,0.0,0.000,0.002,13.445,36.467,0.00
1786297884,bench_mixed,0.00,0.00,0.0,0.000,0.002,13.445,36.467,0.00
1786297889,bench_mixed,0.00,0.00,0.0,0.000,0.002,13.445,36.467,0.00
1786297894,bench_mixed,0.00,0.00,0.0,0.000,0.002,13.445,36.467,0.00
1786297899,bench_mixed,0.00,0.00,0.0,0.000,0.002,13.445,36.467,0.00
1786297904,bench_mixed,0.00,0.00,0.0,0.000,0.002,13.445,36.467,0.00
1786297909,bench_mixed,0.00,0.00,0.0,0.000,0.002,13.445,36.466,0.00
1786297915,bench_mixed,0.00,0.00,0.0,0.000,0.002,13.445,36.466,0.00
1786297920,bench_mixed,0.00,0.00,0.0,0.000,0.002,13.445,36.466,0.00
1786297925,bench_mixed,0.00,0.00,0.0,0.000,0.002,13.445,36.465,0.00
1786297930,bench_mixed,0.00,0.00,0.0,0.000,0.002,13.445,36.465,0.00
1786297935,bench_mixed,0.00,0.00,0.0,0.000,0.002,13.445,36.465,0.00
1786297940,bench_mixed,0.00,0.00,0.0,0.000,0.002,13.445,36.465,0.00
1786297945,bench_mixed,0.00,0.00,0.0,0.000,0.002,13.445,36.465,0.00
1786297950,bench_mixed,0.00,0.00,0.0,0.000,0.002,13.445,36.465,0.00
1786297955,bench_mixed,0.00,0.00,0.0,0.000,0.002,13.445,36.465,0.00
1786297960,bench_mixed,0.00,0.00,0.0,0.000,0.002,13.445,36.466,0.00
1786297965,bench_mixed,0.00,0.00,0.0,0.000,0.002,13.445,36.465,0.00
1786297970,bench_mixed,0.00,0.00,0.0,0.000,0.002,13.445,36.465,0.00
1786297975,bench_mixed,0.00,0.00,0.0,0.000,0.002,13.445,36.465,0.00
1786297980,bench_mixed,0.00,0.00,0.0,0.000,0.002,13.445,36.465,0.00
1786297985,bench_mixed,0.00,0.00,0.0,0.000,0.002,13.445,36.465,0.00
1786297990,bench_mixed,0.00,0.00,0.0,0.000,0.002,13.445,36.465,0.00
1786297995,bench_mixed,0.00,0.00,0.0,0.000,0.002,13.445,36.465,0.00
1786298000,bench_mixed,0.00,0.00,0.0,0.000,0.002,13.445,36.466,0.00
1786298005,bench_mixed,0.00,0.00,0.0,0.000,0.002,13.445,36.466,0.00
1786298011,bench_mixed,0.00,0.00,0.0,0.000,0.002,13.445,36.466,0.00
1786298016,bench_mixed,0.00,0.00,0.0,0.000,0.002,13.445,36.466,0.00
1786298021,bench_mixed,0.00,0.00,0.0,0.000,0.002,13.445,36.466,0.00
1786298026,bench_mixed,0.00,0.00,0.0,0.000,0.002,13.445,36.466,0.00
1786298031,bench_mixed,0.00,0.00,0.0,0.000,0.002,13.445,36.466,0.00
1786298036,bench_mixed,0.00,0.00,0.0,0.000,0.002,13.445,36.466,0.00
1786298041,bench_mixed,0.00,0.00,0.0,0.000,0.002,13.445,36.466,0.00
1786298046,bench_mixed,0.00,0.00,0.0,0.000,0.002,13.445,36.466,0.00
1786298051,bench_mixed,0.00,0.00,0.0,0.000,0.002,13.445,36.466,0.00
1786298056,bench_mixed,0.00,0.00,0.0,0.000,0.002,13.445,36.466,0.00
1786298061,bench_mixed,0.00,0.00,0.0,0.000,0.002,13.445,36.466,0.00
1786298066,bench_mixed,0.00,0.00,0.0,0.000,0.002,13.445,36.466,0.00
1786298071,bench_mixed,0.00,0.00,0.0,0.000,0.002,13.445,36.466,0.00
1786298076,bench_mixed,0.00,0.00,0.0,0.000,0.002,13.445,36.466,0.00
1786298081,bench_mixed,0.00,0.00,0.0,0.000,0.002,13.445,36.466,0.00
1786298086,bench_mixed,0.00,0.00,0.0,0.000,0.002,13.445,36.466,0.00
1786298091,bench_mixed,0.00,0.00,0.0,0.000,0.002,13.445,36.466,0.00
1786298096,bench_mixed,0.00,0.00,0.0,0.000,0.002,13.445,36.466,0.00
1786298101,bench_mixed,0.00,0.00,0.0,0.000,0.002,13.445,36.466,0.00
1786298106,bench_mixed,0.00,0.00,0.0,0.000,0.002,13.445,36.464,0.04
1786298112,bench_mixed,0.00,0.00,0.0,0.000,0.002,13.445,36.463,0.02
1786298117,bench_mixed,0.00,0.00,0.0,0.000,0.002,13.445,36.463,0.00
1786298122,bench_mixed,0.00,0.00,0.0,0.000,0.002,13.445,36.463,0.00
1786298127,bench_mixed,0.00,0.00,0.0,0.000,0.002,13.445,36.463,0.00
1786298132,bench_mixed,0.00,0.00,0.0,0.000,0.002,13.445,36.462,0.00
1786298137,bench_mixed,0.00,0.00,0.0,0.000,0.002,13.445,36.463,0.00
1786298142,bench_mixed,0.00,0.00,0.0,0.000,0.002,13.445,36.463,0.00
1786298147,bench_mixed,0.00,0.00,0.0,0.000,0.002,13.445,36.462,0.00
1786298152,bench_mixed,0.00,0.00,0.0,0.000,0.002,13.445,36.463,0.00
1786298157,bench_mixed,0.00,0.00,0.0,0.000,0.002,13.445,36.463,0.00
1786298162,bench_mixed,0.00,0.00,0.0,0.000,0.002,13.445,36.462,0.00
1786298167,bench_mixed,0.00,0.00,0.0,0.000,0.002,13.445,36.462,0.00
1786298172,bench_mixed,0.00,0.00,0.0,0.000,0.002,13.445,36.462,0.00
1786298177,bench_mixed,0.00,0.00,0.0,0.000,0.002,13.445,36.462,0.00
1786298182,bench_mixed,0.00,0.00,0.0,0.000,0.002,13.445,36.462,0.00
1786298187,bench_mixed,0.00,0.00,0.0,0.000,0.002,13.445,36.462,0.00
1786298192,bench_mixed,0.00,0.00,0.0,0.000,0.002,13.445,36.462,0.00
1786298197,bench_mixed,0.00,0.00,0.0,0.000,0.002,13.445,36.462,0.00
1786298202,bench_mixed,0.00,0.00,0.0,0.000,0.002,13.445,36.462,0.00
1786298208,bench_mixed,0.00,0.00,0.0,0.000,0.002,13.445,36.462,0.00
1786298213,bench_mixed,0.00,0.00,0.0,0.000,0.002,13.445,36.462,0.00
1786298218,bench_mixed,0.00,0.00,0.0,0.000,0.002,13.445,36.462,0.00
1786298223,bench_mixed,0.00,0.00,0.0,0.000,0.002,13.445,36.462,0.00
1786298228,bench_mixed,0.00,0.00,0.0,0.000,0.002,13.445,36.463,0.00
1786298233,bench_mixed,0.00,0.00,0.0,0.000,0.002,13.445,36.463,0.00
1786298238,bench_mixed,0.00,0.00,0.0,0.000,0.002,13.445,36.463,0.00
1786298243,bench_mixed,0.00,0.00,0.0,0.000,0.002,13.445,36.462,0.00
1786298248,bench_mixed,0.00,0.00,0.0,0.000,0.002,13.445,36.462,0.00
1786298253,bench_mixed,0.00,0.00,0.0,0.000,0.002,13.445,36.462,0.00
1786298258,bench_mixed,0.00,0.00,0.0,0.000,0.002,13.445,36.462,0.00
1786298263,bench_mixed,0.00,0.00,0.0,0.000,0.002,13.445,36.462,0.00
1786298268,bench_mixed,0.00,0.00,0.0,0.000,0.002,13.445,36.463,0.00
1786298273,bench_mixed,0.00,0.00,0.0,0.000,0.002,13.445,36.463,0.00
1786298278,bench_mixed,0.00,0.00,0.0,0.000,0.002,13.445,36.463,0.00
1786298283,bench_mixed,0.00,0.00,0.0,0.000,0.002,13.445,36.463,0.00
1786298288,bench_mixed,0.00,0.00,0.0,0.000,0.002,13.445,36.463,0.00
1786298293,bench_mixed,0.00,0.00,0.0,0.000,0.002,13.445,36.464,0.00
1786298298,bench_mixed,0.00,0.00,0.0,0.000,0.002,13.445,36.464,0.00
1786298303,bench_mixed,0.00,0.00,0.0,0.000,0.002,13.445,36.464,0.00
1786298309,bench_mixed,0.00,0.00,0.0,0.000,0.002,13.445,36.463,0.00
1786298314,bench_mixed,0.00,0.00,0.0,0.000,0.002,13.445,36.463,0.00
1786298319,bench_mixed,0.00,0.00,0.0,0.000,0.002,13.445,36.464,0.00
1786298324,bench_mixed,0.00,0.00,0.0,0.000,0.002,13.445,36.463,0.00
1786298329,bench_mixed,0.00,0.00,0.0,0.000,0.002,13.445,36.464,0.00
1786298334,bench_mixed,0.00,0.00,0.0,0.000,0.002,13.445,36.463,0.00
1786298339,bench_mixed,0.00,0.00,0.0,0.000,0.002,13.445,36.463,0.00
1786298344,bench_mixed,0.00,0.00,0.0,0.000,0.002,13.445,36.463,0.00
1786298349,bench_mixed,0.00,0.00,0.0,0.000,0.002,13.445,36.463,0.00
1786298354,bench_mixed,0.00,0.00,0.0,0.000,0.002,13.445,36.464,0.00
1786298359,bench_mixed,0.00,0.00,0.0,0.000,0.002,13.445,36.464,0.00
1786298364,bench_mixed,0.00,0.00,0.0,0.000,0.002,13.445,36.464,0.00
1786298369,bench_mixed,0.00,0.00,0.0,0.000,0.002,13.445,36.464,0.00
1786298374,bench_mixed,0.00,0.00,0.0,0.000,0.002,13.445,36.464,0.00
1786298379,bench_mixed,0.00,0.00,0.0,0.000,0.002,13.445,36.464,0.00
1786298384,bench_mixed,0.00,0.00,0.0,0.000,0.002,13.445,36.464,0.00
1786298389,bench_mixed,0.00,0.00,0.0,0.000,0.002,13.445,36.464,0.00
1786298394,bench_mixed,0.00,0.00,0.0,0.000,0.002,13.445,36.463,0.00
1786298399,bench_mixed,0.00,0.00,0.0,0.000,0.002,13.445,36.463,0.00
1786298405,bench_mixed,0.00,0.00,0.0,0.000,0.002,13.445,36.464,0.00
1786298410,bench_mixed,0.00,0.00,0.0,0.000,0.002,13.445,36.461,0.06
1786298415,bench_mixed,0.00,0.00,0.0,0.000,0.002,13.445,36.461,0.00
1786298420,bench_mixed,0.00,0.00,0.0,0.000,0.002,13.445,36.461,0.00
1786298425,bench_mixed,0.00,0.00,0.0,0.000,0.002,13.445,36.461,0.00
1786298430,bench_mixed,0.00,0.00,0.0,0.000,0.002,13.445,36.461,0.00
1786298435,bench_mixed,0.00,0.00,0.0,0.000,0.002,13.445,36.462,0.00
1786298440,bench_mixed,0.00,0.00,0.0,0.000,0.002,13.445,36.462,0.00
1786298445,bench_mixed,0.00,0.00,0.0,0.000,0.002,13.445,36.462,0.00
1786298450,bench_mixed,0.00,0.00,0.0,0.000,0.002,13.445,36.462,0.00
1786298455,bench_mixed,0.00,0.00,0.0,0.000,0.002,13.445,36.462,0.00
1786298460,bench_mixed,0.00,0.00,0.0,0.000,0.002,13.445,36.461,0.00
1786298465,bench_mixed,0.00,0.00,0.0,0.000,0.002,13.445,36.461,0.00
1786298470,bench_mixed,0.00,0.00,0.0,0.000,0.002,13.445,36.461,0.00
1786298475,bench_mixed,0.00,0.00,0.0,0.000,0.002,13.445,36.461,0.00
1786298480,bench_mixed,0.00,0.00,0.0,0.000,0.002,13.445,36.461,0.00
1786298485,bench_mixed,0.00,0.00,0.0,0.000,0.002,13.445,36.461,0.00
1786298490,bench_mixed,0.00,0.00,0.0,0.000,0.002,13.445,36.462,0.00
1786298495,bench_mixed,0.00,0.00,0.0,0.000,0.002,13.445,36.462,0.00
1786298500,bench_mixed,0.00,0.00,0.0,0.000,0.002,13.445,36.463,0.00
1786298506,bench_mixed,0.00,0.00,0.0,0.000,0.002,13.445,36.463,0.00
1786298511,bench_mixed,0.00,0.00,0.0,0.000,0.002,13.445,36.463,0.00
1786298516,bench_mixed,0.00,0.00,0.0,0.000,0.002,13.445,36.463,0.00
1786298521,bench_mixed,0.00,0.00,0.0,0.000,0.002,13.445,36.463,0.00
1786298526,bench_mixed,0.00,0.00,0.0,0.000,0.002,13.445,36.463,0.00
1786298531,bench_mixed,0.00,0.00,0.0,0.000,0.002,13.445,36.463,0.00
1786298536,bench_mixed,0.00,0.00,0.0,0.000,0.002,13.445,36.463,0.00
1786298541,bench_mixed,0.00,0.00,0.0,0.000,0.002,13.445,36.463,0.00
1786298546,bench_mixed,0.00,0.00,0.0,0.000,0.002,13.445,36.463,0.00
1786298551,bench_mixed,0.00,0.00,0.0,0.000,0.002,13.445,36.463,0.00
1786298556,bench_mixed,0.00,0.00,0.0,0.000,0.002,13.445,36.463,0.00
1786298561,bench_mixed,0.00,0.00,0.0,0.000,0.002,13.445,36.463,0.00
1786298566,bench_mixed,0.00,0.00,0.0,0.000,0.002,13.445,36.463,0.00
1786298571,bench_mixed,0.00,0.00,0.0,0.000,0.002,13.445,36.463,0.00
1786298576,bench_mixed,0.00,0.00,0.0,0.000,0.002,13.445,36.463,0.00
1786298581,bench_mixed,0.00,0.00,0.0,0.000,0.002,13.445,36.464,0.00
1786298586,bench_mixed,0.00,0.00,0.0,0.000,0.002,13.445,36.464,0.00
1786298591,bench_mixed,0.00,0.00,0.0,0.000,0.002,13.445,36.464,0.00
1786298596,bench_mixed,0.00,0.00,0.0,0.000,0.002,13.445,36.464,0.00
1786298602,bench_mixed,0.00,0.00,0.0,0.000,0.002,13.445,36.464,0.00
1786298607,bench_mixed,0.00,0.00,0.0,0.000,0.002,13.445,36.463,0.00
1786298612,bench_mixed,0.00,0.00,0.0,0.000,0.002,13.445,36.463,0.00
1786298617,bench_mixed,0.00,0.00,0.0,0.000,0.002,13.445,36.463,0.00
1786298622,bench_mixed,0.00,0.00,0.0,0.000,0.002,13.445,36.463,0.00
1786298627,bench_mixed,0.00,0.00,0.0,0.000,0.002,13.445,36.463,0.00
1786298632,bench_mixed,0.00,0.00,0.0,0.000,0.002,13.445,36.462,0.00
1786298637,bench_mixed,0.00,0.00,0.0,0.000,0.002,13.445,36.462,0.00
1786298642,bench_mixed,0.00,0.00,0.0,0.000,0.002,13.445,36.462,0.00
1786298647,bench_mixed,0.00,0.00,0.0,0.000,0.002,13.445,36.463,0.00
1786298652,bench_mixed,0.00,0.00,0.0,0.000,0.002,13.445,36.463,0.00
1786298657,bench_mixed,0.00,0.00,0.0,0.000,0.002,13.445,36.463,0.00
1786298662,bench_mixed,0.00,0.00,0.0,0.000,0.002,13.445,36.463,0.00
1786298667,bench_mixed,0.00,0.00,0.0,0.000,0.002,13.445,36.463,0.00
1786298672,bench_mixed,0.00,0.00,0.0,0.000,0.002,13.445,36.463,0.00
1786298677,bench_mixed,0.00,0.00,0.0,0.000,0.002,13.445,36.462,0.00
1786298682,bench_mixed,0.00,0.00,0.0,0.000,0.002,13.445,36.462,0.00
1786298687,bench_mixed,0.00,0.00,0.0,0.000,0.002,13.445,36.462,0.00
1786298692,bench_mixed,0.00,0.00,0.0,0.000,0.002,13.445,36.462,0.00
1786298698,bench_mixed,0.00,0.00,0.0,0.000,0.002,13.445,36.462,0.00
1786298703,bench_mixed,0.00,0.00,0.0,0.000,0.002,13.445,36.462,0.00
1786298708,bench_mixed,0.00,0.00,0.0,0.000,0.002,13.445,36.459,0.05
1786298713,bench_mixed,0.00,0.00,0.0,0.000,0.002,13.445,36.460,0.00
1786298718,bench_mixed,0.00,0.00,0.0,0.000,0.002,13.445,36.461,0.00
1786298723,bench_mixed,0.00,0.00,0.0,0.000,0.002,13.445,36.461,0.00
1786298728,bench_mixed,0.00,0.00,0.0,0.000,0.002,13.445,36.461,0.00
1786298733,bench_mixed,0.00,0.00,0.0,0.000,0.002,13.445,36.461,0.00
1786298738,bench_mixed,0.00,0.00,0.0,0.000,0.002,13.445,36.461,0.00
1786298743,bench_mixed,0.00,0.00,0.0,0.000,0.002,13.445,36.462,0.00
1786298748,bench_mixed,0.00,0.00,0.0,0.000,0.002,13.445,36.462,0.00
1786298753,bench_mixed,0.00,0.00,0.0,0.000,0.002,13.445,36.461,0.00
1786298758,bench_mixed,0.00,0.00,0.0,0.000,0.002,13.445,36.461,0.00
1786298763,bench_mixed,0.00,0.00,0.0,0.000,0.002,13.445,36.461,0.00
1786298768,bench_mixed,0.00,0.00,0.0,0.000,0.002,13.445,36.461,0.00
1786298773,bench_mixed,0.00,0.00,0.0,0.000,0.002,13.445,36.461,0.00
1786298778,bench_mixed,0.00,0.00,0.0,0.000,0.002,13.445,36.461,0.00
1786298783,bench_mixed,0.00,0.00,0.0,0.000,0.002,13.445,36.461,0.00
1786298788,bench_mixed,0.00,0.00,0.0,0.000,0.002,13.445,36.461,0.00
1786298793,bench_mixed,0.00,0.00,0.0,0.000,0.002,13.445,36.461,0.00
1786298799,bench_mixed,0.00,0.00,0.0,0.000,0.002,13.445,36.461,0.00
1786298804,bench_mixed,0.00,0.00,0.0,0.000,0.002,13.445,36.461,0.00
1786298809,bench_mixed,0.00,0.00,0.0,0.000,0.002,13.445,36.460,0.00
1786298814,bench_mixed,0.00,0.00,0.0,0.000,0.002,13.445,36.460,0.00
1786298819,bench_mixed,0.00,0.00,0.0,0.000,0.002,13.445,36.461,0.00
1786298824,bench_mixed,0.00,0.00,0.0,0.000,0.002,13.445,36.461,0.00
1786298829,bench_mixed,0.00,0.00,0.0,0.000,0.002,13.445,36.461,0.00
1786298834,bench_mixed,0.00,0.00,0.0,0.000,0.002,13.445,36.462,0.00
1786298839,bench_mixed,0.00,0.00,0.0,0.000,0.002,13.445,36.462,0.00
1786298844,bench_mixed,0.00,0.00,0.0,0.000,0.002,13.445,36.462,0.00
1786298849,bench_mixed,0.00,0.00,0.0,0.000,0.002,13.445,36.462,0.00
1786298854,bench_mixed,0.00,0.00,0.0,0.000,0.002,13.445,36.462,0.00
1786298859,bench_mixed,0.00,0.00,0.0,0.000,0.002,13.445,36.462,0.00
1786298864,bench_mixed,0.00,0.00,0.0,0.000,0.002,13.445,36.462,0.00
1786298869,bench_mixed,0.00,0.00,0.0,0.000,0.002,13.445,36.462,0.00
1786298874,bench_mixed,0.00,0.00,0.0,0.000,0.002,13.445,36.462,0.00
1786298879,bench_mixed,0.00,0.00,0.0,0.000,0.002,13.445,36.462,0.00
1786298884,bench_mixed,0.00,0.00,0.0,0.000,0.002,13.445,36.462,0.00
1786298889,bench_mixed,0.00,0.00,0.0,0.000,0.002,13.445,36.462,0.00
1786298894,bench_mixed,0.00,0.00,0.0,0.000,0.002,13.445,36.462,0.00
1786298900,bench_mixed,0.00,0.00,0.0,0.000,0.002,13.445,36.463,0.00
1786298905,bench_mixed,0.00,0.00,0.0,0.000,0.002,13.445,36.462,0.00
1786298910,bench_mixed,0.00,0.00,0.0,0.000,0.002,13.445,36.462,0.00
1786298915,bench_mixed,0.00,0.00,0.0,0.000,0.002,13.445,36.462,0.00
1786298920,bench_mixed,0.00,0.00,0.0,0.000,0.002,13.445,36.462,0.00
1786298925,bench_mixed,0.00,0.00,0.0,0.000,0.002,13.445,36.462,0.00
1786298930,bench_mixed,0.00,0.00,0.0,0.000,0.002,13.445,36.462,0.00
1786298935,bench_mixed,0.00,0.00,0.0,0.000,0.002,13.445,36.462,0.00
1786298940,bench_mixed,0.00,0.00,0.0,0.000,0.002,13.445,36.462,0.00
1786298945,bench_mixed,0.00,0.00,0.0,0.000,0.002,13.445,36.463,0.00
1786298950,bench_mixed,0.00,0.00,0.0,0.000,0.002,13.445,36.465,0.00
1786298955,bench_mixed,0.00,0.00,0.0,0.000,0.002,13.445,36.464,0.00
1786298960,bench_mixed,0.00,0.00,0.0,0.000,0.002,13.445,36.464,0.00
1786298965,bench_mixed,0.00,0.00,0.0,0.000,0.002,13.445,36.464,0.00
1786298970,bench_mixed,0.00,0.00,0.0,0.000,0.002,13.445,36.464,0.00
1786298975,bench_mixed,0.00,0.00,0.0,0.000,0.002,13.445,36.464,0.00
1786298980,bench_mixed,0.00,0.00,0.0,0.000,0.002,13.445,36.464,0.00
1786298985,bench_mixed,0.00,0.00,0.0,0.000,0.002,13.445,36.464,0.00
1786298990,bench_mixed,0.00,0.00,0.0,0.000,0.002,13.445,36.464,0.00
1786298996,bench_mixed,0.00,0.00,0.0,0.000,0.002,13.445,36.464,0.00
1786299001,bench_mixed,0.00,0.00,0.0,0.000,0.002,13.445,36.464,0.00
1786299006,bench_mixed,0.00,0.00,0.0,0.000,0.002,13.445,36.463,0.00
1786299011,bench_mixed,0.00,0.00,0.0,0.000,0.002,13.445,36.461,0.05
1786299016,bench_mixed,0.00,0.00,0.0,0.000,0.002,13.445,36.461,0.00
1786299021,bench_mixed,0.00,0.00,0.0,0.000,0.002,13.445,36.462,0.00
1786299026,bench_mixed,0.00,0.00,0.0,0.000,0.002,13.445,36.462,0.00
1786299031,bench_mixed,0.00,0.00,0.0,0.000,0.002,13.445,36.462,0.00
1786299036,bench_mixed,0.00,0.00,0.0,0.000,0.002,13.445,36.462,0.00
1786299041,bench_mixed,0.00,0.00,0.0,0.000,0.002,13.445,36.461,0.00
1786299046,bench_mixed,0.00,0.00,0.0,0.000,0.002,13.445,36.461,0.00
1786299051,bench_mixed,0.00,0.00,0.0,0.000,0.002,13.445,36.463,0.00
1786299056,bench_mixed,0.00,0.00,0.0,0.000,0.002,13.445,36.463,0.00
1786299061,bench_mixed,0.00,0.00,0.0,0.000,0.002,13.445,36.463,0.00
1786299066,bench_mixed,0.00,0.00,0.0,0.000,0.002,13.445,36.463,0.00
1786299071,bench_mixed,0.00,0.00,0.0,0.000,0.002,13.445,36.463,0.00
1786299076,bench_mixed,0.00,0.00,0.0,0.000,0.002,13.445,36.463,0.00
1786299081,bench_mixed,0.00,0.00,0.0,0.000,0.002,13.445,36.463,0.00
1786299086,bench_mixed,0.00,0.00,0.0,0.000,0.002,13.445,36.463,0.00
1786299092,bench_mixed,0.00,0.00,0.0,0.000,0.002,13.445,36.463,0.00
1786299097,bench_mixed,0.00,0.00,0.0,0.000,0.002,13.445,36.462,0.00
1786299102,bench_mixed,0.00,0.00,0.0,0.000,0.002,13.445,36.462,0.00
1786299107,bench_mixed,0.00,0.00,0.0,0.000,0.002,13.445,36.462,0.00
1786299112,bench_mixed,0.00,0.00,0.0,0.000,0.002,13.445,36.463,0.00
1786299117,bench_mixed,0.00,0.00,0.0,0.000,0.002,13.445,36.463,0.00
1786299122,bench_mixed,0.00,0.00,0.0,0.000,0.002,13.445,36.465,0.00
1786299127,bench_mixed,0.00,0.00,0.0,0.000,0.002,13.445,36.464,0.00
1786299132,bench_mixed,0.00,0.00,0.0,0.000,0.002,13.445,36.464,0.00
1786299137,bench_mixed,0.00,0.00,0.0,0.000,0.002,13.445,36.464,0.00
1786299142,bench_mixed,0.00,0.00,0.0,0.000,0.002,13.445,36.464,0.00
1786299147,bench_mixed,0.00,0.00,0.0,0.000,0.002,13.445,36.464,0.00
1786299152,bench_mixed,0.00,0.00,0.0,0.000,0.002,13.445,36.465,0.00
1786299157,bench_mixed,0.00,0.00,0.0,0.000,0.002,13.445,36.465,0.00
1786299162,bench_mixed,0.00,0.00,0.0,0.000,0.002,13.445,36.464,0.00
1786299167,bench_mixed,0.00,0.00,0.0,0.000,0.002,13.445,36.464,0.00
1786299172,bench_mixed,0.00,0.00,0.0,0.000,0.002,13.445,36.465,0.00
1786299177,bench_mixed,0.00,0.00,0.0,0.000,0.002,13.445,36.465,0.00
1786299182,bench_mixed,0.00,0.00,0.0,0.000,0.002,13.445,36.465,0.00
1786299187,bench_mixed,0.00,0.00,0.0,0.000,0.002,13.445,36.465,0.00
1786299193,bench_mixed,0.00,0.00,0.0,0.000,0.002,13.445,36.465,0.00
1786299198,bench_mixed,0.00,0.00,0.0,0.000,0.002,13.445,36.464,0.00
1786299203,bench_mixed,0.00,0.00,0.0,0.000,0.002,13.445,36.464,0.00
1786299208,bench_mixed,0.00,0.00,0.0,0.000,0.002,13.445,36.464,0.00
1786299213,bench_mixed,0.00,0.00,0.0,0.000,0.002,13.445,36.464,0.00
1786299218,bench_mixed,0.00,0.00,0.0,0.000,0.002,13.445,36.464,0.00
1786299223,bench_mixed,0.00,0.00,0.0,0.000,0.002,13.445,36.464,0.00
1786299228,bench_mixed,0.00,0.00,0.0,0.000,0.002,13.445,36.466,0.00
1786299233,bench_mixed,0.00,0.00,0.0,0.000,0.002,13.445,36.465,0.00
1786299238,bench_mixed,0.00,0.00,0.0,0.000,0.002,13.445,36.465,0.00
1786299243,bench_mixed,0.00,0.00,0.0,0.000,0.002,13.445,36.465,0.00
1786299248,bench_mixed,0.00,0.00,0.0,0.000,0.002,13.445,36.465,0.00
1786299253,bench_mixed,0.00,0.00,0.0,0.000,0.002,13.445,36.465,0.00
1786299258,bench_mixed,0.00,0.00,0.0,0.000,0.002,13.445,36.465,0.00
1786299263,bench_mixed,0.00,0.00,0.0,0.000,0.002,13.445,36.465,0.00
1786299268,bench_mixed,0.00,0.00,0.0,0.000,0.002,13.445,36.466,0.00
1786299273,bench_mixed,0.00,0.00,0.0,0.000,0.002,13.445,36.466,0.00
1786299278,bench_mixed,0.00,0.00,0.0,0.000,0.002,13.445,36.466,0.00
1786299283,bench_mixed,0.00,0.00,0.0,0.000,0.002,13.445,36.466,0.00
1786299289,bench_mixed,0.00,0.00,0.0,0.000,0.002,13.445,36.466,0.00
1786299294,bench_mixed,0.00,0.00,0.0,0.000,0.002,13.445,36.466,0.00
1786299299,bench_mixed,0.00,0.00,0.0,0.000,0.002,13.445,36.466,0.00
1786299304,bench_mixed,0.00,0.00,0.0,0.000,0.002,13.445,36.467,0.00
1786299309,bench_mixed,0.00,0.00,0.0,0.000,0.002,13.445,36.464,0.06
1786299314,bench_mixed,0.00,0.00,0.0,0.000,0.002,13.445,36.464,0.00
1786299319,bench_mixed,0.00,0.00,0.0,0.000,0.002,13.445,36.464,0.00
1786299324,bench_mixed,0.00,0.00,0.0,0.000,0.002,13.445,36.465,0.00
1786299329,bench_mixed,0.00,0.00,0.0,0.000,0.002,13.445,36.465,0.00
1786299334,bench_mixed,0.00,0.00,0.0,0.000,0.002,13.445,36.465,0.00
1786299339,bench_mixed,0.00,0.00,0.0,0.000,0.002,13.445,36.466,0.00
1786299344,bench_mixed,0.00,0.00,0.0,0.000,0.002,13.445,36.465,0.00
1786299349,bench_mixed,0.00,0.00,0.0,0.000,0.002,13.445,36.465,0.00
1786299354,bench_mixed,0.00,0.00,0.0,0.000,0.002,13.445,36.465,0.00
1786299359,bench_mixed,0.00,0.00,0.0,0.000,0.002,13.445,36.465,0.00
1786299364,bench_mixed,0.00,0.00,0.0,0.000,0.002,13.445,36.465,0.00
1786299369,bench_mixed,0.00,0.00,0.0,0.000,0.002,13.445,36.465,0.00
1786299374,bench_mixed,0.00,0.00,0.0,0.000,0.002,13.445,36.464,0.00
1786299379,bench_mixed,0.00,0.00,0.0,0.000,0.002,13.445,36.464,0.00
1786299384,bench_mixed,0.00,0.00,0.0,0.000,0.002,13.445,36.465,0.00
1786299390,bench_mixed,0.00,0.00,0.0,0.000,0.002,13.445,36.466,0.00
1786299395,bench_mixed,0.00,0.00,0.0,0.000,0.002,13.445,36.465,0.00
1786299400,bench_mixed,0.00,0.00,0.0,0.000,0.002,13.445,36.465,0.00
1786299405,bench_mixed,0.00,0.00,0.0,0.000,0.002,13.445,36.465,0.00
1786299410,bench_mixed,0.00,0.00,0.0,0.000,0.002,13.445,36.465,0.00
1786299415,bench_mixed,0.00,0.00,0.0,0.000,0.002,13.445,36.465,0.00
1786299420,bench_mixed,0.00,0.00,0.0,0.000,0.002,13.445,36.466,0.00
1786299425,bench_mixed,0.00,0.00,0.0,0.000,0.002,13.445,36.466,0.00
1786299430,bench_mixed,0.00,0.00,0.0,0.000,0.002,13.445,36.466,0.00
1786299435,bench_mixed,0.00,0.00,0.0,0.000,0.002,13.445,36.466,0.00
1786299440,bench_mixed,0.00,0.00,0.0,0.000,0.002,13.445,36.466,0.00
1786299445,bench_mixed,0.00,0.00,0.0,0.000,0.002,13.445,36.466,0.00
1786299450,bench_mixed,0.00,0.00,0.0,0.000,0.002,13.445,36.466,0.00
1786299455,bench_mixed,0.00,0.00,0.0,0.000,0.002,13.445,36.466,0.00
1786299460,bench_mixed,0.00,0.00,0.0,0.000,0.002,13.445,36.465,0.00
1786299465,bench_mixed,0.00,0.00,0.0,0.000,0.002,13.445,36.465,0.00
1786299470,bench_mixed,0.00,0.00,0.0,0.000,0.002,13.445,36.465,0.00
1786299475,bench_mixed,0.00,0.00,0.0,0.000,0.002,13.445,36.465,0.00
1786299480,bench_mixed,0.00,0.00,0.0,0.000,0.002,13.445,36.465,0.00
1786299485,bench_mixed,0.00,0.00,0.0,0.000,0.002,13.445,36.465,0.00
1786299491,bench_mixed,0.00,0.00,0.0,0.000,0.002,13.445,36.467,0.00
1786299496,bench_mixed,0.00,0.00,0.0,0.000,0.002,13.445,36.466,0.00
1786299501,bench_mixed,0.00,0.00,0.0,0.000,0.002,13.445,36.466,0.00
1786299506,bench_mixed,0.00,0.00,0.0,0.000,0.002,13.445,36.467,0.00
1786299511,bench_mixed,0.00,0.00,0.0,0.000,0.002,13.445,36.466,0.00
1786299516,bench_mixed,0.00,0.00,0.0,0.000,0.002,13.445,36.466,0.00
1786299521,bench_mixed,0.00,0.00,0.0,0.000,0.002,13.445,36.466,0.00
1786299526,bench_mixed,0.00,0.00,0.0,0.000,0.002,13.445,36.467,0.00
1786299531,bench_mixed,0.00,0.00,0.0,0.000,0.002,13.445,36.466,0.00
1786299536,bench_mixed,0.00,0.00,0.0,0.000,0.002,13.445,36.466,0.00
1786299541,bench_mixed,0.00,0.00,0.0,0.000,0.002,13.445,36.465,0.00
1786299546,bench_mixed,0.00,0.00,0.0,0.000,0.002,13.445,36.465,0.00
1786299551,bench_mixed,0.00,0.00,0.0,0.000,0.002,13.445,36.465,0.00
1786299556,bench_mixed,0.00,0.00,0.0,0.000,0.002,13.445,36.465,0.00
1786299561,bench_mixed,0.00,0.00,0.0,0.000,0.002,13.445,36.465,0.00
1786299566,bench_mixed,0.00,0.00,0.0,0.000,0.002,13.445,36.465,0.00
1786299571,bench_mixed,0.00,0.00,0.0,0.000,0.002,13.445,36.465,0.00
1786299576,bench_mixed,0.00,0.00,0.0,0.000,0.002,13.445,36.466,0.00
1786299581,bench_mixed,0.00,0.00,0.0,0.000,0.002,13.445,36.466,0.00
1786299587,bench_mixed,0.00,0.00,0.0,0.000,0.002,13.445,36.466,0.00
1786299592,bench_mixed,0.00,0.00,0.0,0.000,0.002,13.445,36.465,0.00
1786299597,bench_mixed,0.00,0.00,0.0,0.000,0.002,13.445,36.464,0.00
1786299602,bench_mixed,0.00,0.00,0.0,0.000,0.002,13.445,36.465,0.00
1786299607,bench_mixed,0.00,0.00,0.0,0.000,0.002,13.445,36.464,0.04
1786299612,bench_mixed,0.00,0.00,0.0,0.000,0.002,13.445,36.463,0.02
1786299617,bench_mixed,0.00,0.00,0.0,0.000,0.002,13.445,36.464,0.00
1786299622,bench_mixed,0.00,0.00,0.0,0.000,0.002,13.445,36.464,0.00
1786299627,bench_mixed,0.00,0.00,0.0,0.000,0.002,13.445,36.464,0.00
1786299632,bench_mixed,0.00,0.00,0.0,0.000,0.002,13.445,36.464,0.00
1786299637,bench_mixed,0.00,0.00,0.0,0.000,0.002,13.445,36.464,0.00
1786299642,bench_mixed,0.00,0.00,0.0,0.000,0.002,13.445,36.464,0.00
1786299647,bench_mixed,0.00,0.00,0.0,0.000,0.002,13.445,36.464,0.00
1786299652,bench_mixed,0.00,0.00,0.0,0.000,0.002,13.445,36.464,0.00
1786299657,bench_mixed,0.00,0.00,0.0,0.000,0.002,13.445,36.464,0.00
1786299662,bench_mixed,0.00,0.00,0.0,0.000,0.002,13.445,36.464,0.00
1786299667,bench_mixed,0.00,0.00,0.0,0.000,0.002,13.445,36.464,0.00
1786299672,bench_mixed,0.00,0.00,0.0,0.000,0.002,13.445,36.464,0.00
1786299677,bench_mixed,0.00,0.00,0.0,0.000,0.002,13.445,36.464,0.00
1786299682,bench_mixed,0.00,0.00,0.0,0.000,0.002,13.445,36.464,0.00
1786299688,bench_mixed,0.00,0.00,0.0,0.000,0.002,13.445,36.464,0.00
1786299693,bench_mixed,0.00,0.00,0.0,0.000,0.002,13.445,36.464,0.00
1786299698,bench_mixed,0.00,0.00,0.0,0.000,0.002,13.445,36.464,0.00
1786299703,bench_mixed,0.00,0.00,0.0,0.000,0.002,13.445,36.464,0.00
1786299708,bench_mixed,0.00,0.00,0.0,0.000,0.002,13.445,36.463,0.00
1786299713,bench_mixed,0.00,0.00,0.0,0.000,0.002,13.445,36.464,0.00
1786299718,bench_mixed,0.00,0.00,0.0,0.000,0.002,13.445,36.466,0.00
1786299723,bench_mixed,0.00,0.00,0.0,0.000,0.002,13.445,36.465,0.00
1786299728,bench_mixed,0.00,0.00,0.0,0.000,0.002,13.445,36.465,0.00
1786299733,bench_mixed,0.00,0.00,0.0,0.000,0.002,13.445,36.464,0.00
1786299738,bench_mixed,0.00,0.00,0.0,0.000,0.002,13.445,36.465,0.00
1786299743,bench_mixed,0.00,0.00,0.0,0.000,0.002,13.445,36.465,0.00
1786299748,bench_mixed,0.00,0.00,0.0,0.000,0.002,13.445,36.466,0.00
1786299753,bench_mixed,0.00,0.00,0.0,0.000,0.002,13.445,36.466,0.00
1786299758,bench_mixed,0.00,0.00,0.0,0.000,0.002,13.445,36.466,0.00
1786299763,bench_mixed,0.00,0.00,0.0,0.000,0.002,13.445,36.466,0.00
1786299768,bench_mixed,0.00,0.00,0.0,0.000,0.002,13.445,36.466,0.00
1786299773,bench_mixed,0.00,0.00,0.0,0.000,0.002,13.445,36.466,0.00
1786299778,bench_mixed,0.00,0.00,0.0,0.000,0.002,13.445,36.466,0.00
1786299783,bench_mixed,0.00,0.00,0.0,0.000,0.002,13.445,36.465,0.00
1786299789,bench_mixed,0.00,0.00,0.0,0.000,0.002,13.445,36.465,0.00
1786299794,bench_mixed,0.00,0.00,0.0,0.000,0.002,13.445,36.465,0.00
1786299799,bench_mixed,0.00,0.00,0.0,0.000,0.002,13.445,36.465,0.00
1786299804,bench_mixed,0.00,0.00,0.0,0.000,0.002,13.445,36.465,0.00
1786299809,bench_mixed,0.00,0.00,0.0,0.000,0.002,13.445,36.465,0.00
1786299814,bench_mixed,0.00,0.00,0.0,0.000,0.002,13.445,36.466,0.00
1786299819,bench_mixed,0.00,0.00,0.0,0.000,0.002,13.445,36.466,0.00
1786299824,bench_mixed,0.00,0.00,0.0,0.000,0.002,13.445,36.467,0.00
1786299829,bench_mixed,0.00,0.00,0.0,0.000,0.002,13.445,36.467,0.00
1786299834,bench_mixed,0.00,0.00,0.0,0.000,0.002,13.445,36.466,0.00
1786299839,bench_mixed,0.00,0.00,0.0,0.000,0.002,13.445,36.466,0.00
1786299844,bench_mixed,0.00,0.00,0.0,0.000,0.002,13.445,36.466,0.00
1786299849,bench_mixed,0.00,0.00,0.0,0.000,0.002,13.445,36.466,0.00
1786299854,bench_mixed,0.00,0.00,0.0,0.000,0.002,13.445,36.466,0.00
1786299859,bench_mixed,0.00,0.00,0.0,0.000,0.002,13.445,36.467,0.00
1786299864,bench_mixed,0.00,0.00,0.0,0.000,0.002,13.445,36.467,0.00
1786299869,bench_mixed,0.00,0.00,0.0,0.000,0.002,13.445,36.466,0.00
1786299874,bench_mixed,0.00,0.00,0.0,0.000,0.002,13.445,36.467,0.00
1786299879,bench_mixed,0.00,0.00,0.0,0.000,0.002,13.445,36.466,0.00
1786299884,bench_mixed,0.00,0.00,0.0,0.000,0.002,13.445,36.466,0.00
1786299890,bench_mixed,0.00,0.00,0.0,0.000,0.002,13.445,36.466,0.00
1786299895,bench_mixed,0.00,0.00,0.0,0.000,0.002,13.445,36.466,0.00
1786299900,bench_mixed,0.00,0.00,0.0,0.000,0.002,13.445,36.466,0.00
1786299905,bench_mixed,0.00,0.00,0.0,0.000,0.002,13.445,36.466,0.00
1786299910,bench_mixed,0.00,0.00,0.0,0.000,0.002,13.445,36.463,0.06
1786299915,bench_mixed,0.00,0.00,0.0,0.000,0.002,13.445,36.464,0.00
1786299920,bench_mixed,0.00,0.00,0.0,0.000,0.002,13.445,36.463,0.00
1786299925,bench_mixed,0.00,0.00,0.0,0.000,0.002,13.445,36.463,0.00
1786299930,bench_mixed,0.00,0.00,0.0,0.000,0.002,13.445,36.463,0.00
1786299935,bench_mixed,0.00,0.00,0.0,0.000,0.002,13.445,36.463,0.00
1786299940,bench_mixed,0.00,0.00,0.0,0.000,0.002,13.445,36.464,0.00
1786299945,bench_mixed,0.00,0.00,0.0,0.000,0.002,13.445,36.464,0.00
1786299950,bench_mixed,0.00,0.00,0.0,0.000,0.002,13.445,36.464,0.00
1786299955,bench_mixed,0.00,0.00,0.0,0.000,0.002,13.445,36.464,0.00
1786299960,bench_mixed,0.00,0.00,0.0,0.000,0.002,13.445,36.464,0.00
1786299965,bench_mixed,0.00,0.00,0.0,0.000,0.002,13.445,36.464,0.00
1786299970,bench_mixed,0.00,0.00,0.0,0.000,0.002,13.445,36.465,0.00
1786299975,bench_mixed,0.00,0.00,0.0,0.000,0.002,13.445,36.466,0.00
1786299980,bench_mixed,0.00,0.00,0.0,0.000,0.002,13.445,36.466,0.00
1786299985,bench_mixed,0.00,0.00,0.0,0.000,0.002,13.445,36.466,0.00
1786299991,bench_mixed,0.00,0.00,0.0,0.000,0.002,13.445,36.466,0.00
1786299996,bench_mixed,0.00,0.00,0.0,0.000,0.002,13.445,36.466,0.00
1786300001,bench_mixed,0.00,0.00,0.0,0.000,0.002,13.445,36.465,0.00
1786300006,bench_mixed,0.00,0.00,0.0,0.000,0.002,13.445,36.466,0.00
1786300011,bench_mixed,0.00,0.00,0.0,0.000,0.002,13.445,36.466,0.00
1786300016,bench_mixed,0.00,0.00,0.0,0.000,0.002,13.445,36.465,0.00
1786300021,bench_mixed,0.00,0.00,0.0,0.000,0.002,13.445,36.465,0.00
1786300026,bench_mixed,0.00,0.00,0.0,0.000,0.002,13.445,36.465,0.00
1786300031,bench_mixed,0.00,0.00,0.0,0.000,0.002,13.445,36.465,0.00
1786300036,bench_mixed,0.00,0.00,0.0,0.000,0.002,13.445,36.467,0.00
1786300041,bench_mixed,0.00,0.00,0.0,0.000,0.002,13.445,36.467,0.00
1786300046,bench_mixed,0.00,0.00,0.0,0.000,0.002,13.445,36.466,0.00
1786300051,bench_mixed,0.00,0.00,0.0,0.000,0.002,13.445,36.467,0.00
1786300056,bench_mixed,0.00,0.00,0.0,0.000,0.002,13.445,36.466,0.00
1786300061,bench_mixed,0.00,0.00,0.0,0.000,0.002,13.445,36.466,0.00
1786300066,bench_mixed,0.00,0.00,0.0,0.000,0.002,13.445,36.465,0.00
1786300071,bench_mixed,0.00,0.00,0.0,0.000,0.002,13.445,36.465,0.00
1786300076,bench_mixed,0.00,0.00,0.0,0.000,0.002,13.445,36.465,0.00
1786300081,bench_mixed,0.00,0.00,0.0,0.000,0.002,13.445,36.465,0.00
1786300087,bench_mixed,0.00,0.00,0.0,0.000,0.002,13.445,36.465,0.00
1786300092,bench_mixed,0.00,0.00,0.0,0.000,0.002,13.445,36.465,0.00
1786300097,bench_mixed,0.00,0.00,0.0,0.000,0.002,13.445,36.465,0.00
1786300102,bench_mixed,0.00,0.00,0.0,0.000,0.002,13.445,36.465,0.00
1786300107,bench_mixed,0.00,0.00,0.0,0.000,0.002,13.445,36.467,0.00
1786300112,bench_mixed,0.00,0.00,0.0,0.000,0.002,13.445,36.468,0.00
1786300117,bench_mixed,0.00,0.00,0.0,0.000,0.002,13.445,36.467,0.00
1786300122,bench_mixed,0.00,0.00,0.0,0.000,0.002,13.445,36.466,0.00
1786300127,bench_mixed,0.00,0.00,0.0,0.000,0.002,13.445,36.466,0.00
1786300132,bench_mixed,0.00,0.00,0.0,0.000,0.002,13.445,36.467,0.00
1786300137,bench_mixed,0.00,0.00,0.0,0.000,0.002,13.445,36.466,0.00
1786300142,bench_mixed,0.00,0.00,0.0,0.000,0.002,13.445,36.467,0.00
1786300147,bench_mixed,0.00,0.00,0.0,0.000,0.002,13.445,36.466,0.00
1786300152,bench_mixed,0.00,0.00,0.0,0.000,0.002,13.445,36.466,0.00
1786300157,bench_mixed,0.00,0.00,0.0,0.000,0.002,13.445,36.465,0.00
1786300162,bench_mixed,0.00,0.00,0.0,0.000,0.002,13.445,36.465,0.00
1786300167,bench_mixed,0.00,0.00,0.0,0.000,0.002,13.445,36.465,0.00
1786300172,bench_mixed,0.00,0.00,0.0,0.000,0.002,13.445,36.464,0.00
1786300177,bench_mixed,0.00,0.00,0.0,0.000,0.002,13.445,36.464,0.00
1786300183,bench_mixed,0.00,0.00,0.0,0.000,0.002,13.445,36.464,0.00
1786300188,bench_mixed,0.00,0.00,0.0,0.000,0.002,13.445,36.464,0.00
1786300193,bench_mixed,0.00,0.00,0.0,0.000,0.002,13.445,36.464,0.00
1786300198,bench_mixed,0.00,0.00,0.0,0.000,0.002,13.445,36.465,0.00
1786300203,bench_mixed,0.00,0.00,0.0,0.000,0.002,13.445,36.466,0.00
1786300208,bench_mixed,0.00,0.00,0.0,0.000,0.002,13.445,36.465,0.05
1786300213,bench_mixed,0.00,0.00,0.0,0.000,0.002,13.445,36.466,0.01
1786300218,bench_mixed,0.00,0.00,0.0,0.000,0.002,13.445,36.466,0.00
1786300223,bench_mixed,0.00,0.00,0.0,0.000,0.002,13.445,36.465,0.00
1786300228,bench_mixed,0.00,0.00,0.0,0.000,0.002,13.445,36.465,0.00
1786300233,bench_mixed,0.00,0.00,0.0,0.000,0.002,13.445,36.465,0.00
1786300238,bench_mixed,0.00,0.00,0.0,0.000,0.002,13.445,36.465,0.00
1786300243,bench_mixed,0.00,0.00,0.0,0.000,0.002,13.445,36.465,0.00
1786300248,bench_mixed,0.00,0.00,0.0,0.000,0.002,13.445,36.465,0.00
1786300253,bench_mixed,0.00,0.00,0.0,0.000,0.002,13.445,36.465,0.00
1786300258,bench_mixed,0.00,0.00,0.0,0.000,0.002,13.445,36.466,0.00
1786300263,bench_mixed,0.00,0.00,0.0,0.000,0.002,13.445,36.466,0.00
1786300268,bench_mixed,0.00,0.00,0.0,0.000,0.002,13.445,36.466,0.00
1786300273,bench_mixed,0.00,0.00,0.0,0.000,0.002,13.445,36.466,0.00
1786300278,bench_mixed,0.00,0.00,0.0,0.000,0.002,13.445,36.465,0.00
1786300284,bench_mixed,0.00,0.00,0.0,0.000,0.002,13.445,36.465,0.00
1786300289,bench_mixed,0.00,0.00,0.0,0.000,0.002,13.445,36.466,0.00
1786300294,bench_mixed,0.00,0.00,0.0,0.000,0.002,13.445,36.466,0.00
1786300299,bench_mixed,0.00,0.00,0.0,0.000,0.002,13.445,36.466,0.00
1786300304,bench_mixed,0.00,0.00,0.0,0.000,0.002,13.445,36.466,0.00
1786300309,bench_mixed,0.00,0.00,0.0,0.000,0.002,13.445,36.466,0.00
1786300314,bench_mixed,0.00,0.00,0.0,0.000,0.002,13.445,36.466,0.00
1786300319,bench_mixed,0.00,0.00,0.0,0.000,0.002,13.445,36.466,0.00
1786300324,bench_mixed,0.00,0.00,0.0,0.000,0.002,13.445,36.466,0.00
1786300329,bench_mixed,0.00,0.00,0.0,0.000,0.002,13.445,36.465,0.00
1786300334,bench_mixed,0.00,0.00,0.0,0.000,0.002,13.445,36.466,0.00
1786300339,bench_mixed,0.00,0.00,0.0,0.000,0.002,13.445,36.466,0.00
1786300344,bench_mixed,0.00,0.00,0.0,0.000,0.002,13.445,36.466,0.00
1786300349,bench_mixed,0.00,0.00,0.0,0.000,0.002,13.445,36.466,0.00
1786300354,bench_mixed,0.00,0.00,0.0,0.000,0.002,13.445,36.467,0.00
1786300359,bench_mixed,0.00,0.00,0.0,0.000,0.002,13.445,36.467,0.00
1786300364,bench_mixed,0.00,0.00,0.0,0.000,0.002,13.445,36.467,0.00
1786300369,bench_mixed,0.00,0.00,0.0,0.000,0.002,13.445,36.467,0.00
1786300374,bench_mixed,0.00,0.00,0.0,0.000,0.002,13.445,36.467,0.00
1786300380,bench_mixed,0.00,0.00,0.0,0.000,0.002,13.445,36.467,0.00
1786300385,bench_mixed,0.00,0.00,0.0,0.000,0.002,13.445,36.468,0.00
1786300390,bench_mixed,0.00,0.00,0.0,0.000,0.002,13.445,36.468,0.00
1786300395,bench_mixed,0.00,0.00,0.0,0.000,0.002,13.445,36.467,0.00
1786300400,bench_mixed,0.00,0.00,0.0,0.000,0.002,13.445,36.467,0.00
1786300405,bench_mixed,0.00,0.00,0.0,0.000,0.002,13.445,36.468,0.00
1786300410,bench_mixed,0.00,0.00,0.0,0.000,0.002,13.445,36.468,0.00
1786300415,bench_mixed,0.00,0.00,0.0,0.000,0.002,13.445,36.468,0.00
1786300420,bench_mixed,0.00,0.00,0.0,0.000,0.002,13.445,36.468,0.00
1786300425,bench_mixed,0.00,0.00,0.0,0.000,0.002,13.445,36.469,0.00
1786300430,bench_mixed,0.00,0.00,0.0,0.000,0.002,13.445,36.468,0.00
1786300435,bench_mixed,0.00,0.00,0.0,0.000,0.002,13.445,36.468,0.00
1786300440,bench_mixed,0.00,0.00,0.0,0.000,0.002,13.445,36.469,0.00
1786300445,bench_mixed,0.00,0.00,0.0,0.000,0.002,13.445,36.469,0.00
1786300450,bench_mixed,0.00,0.00,0.0,0.000,0.002,13.445,36.468,0.00
1786300455,bench_mixed,0.00,0.00,0.0,0.000,0.002,13.445,36.468,0.00
1786300460,bench_mixed,0.00,0.00,0.0,0.000,0.002,13.445,36.468,0.00
1786300465,bench_mixed,0.00,0.00,0.0,0.000,0.002,13.445,36.468,0.00
1786300470,bench_mixed,0.00,0.00,0.0,0.000,0.002,13.445,36.468,0.00
1786300475,bench_mixed,0.00,0.00,0.0,0.000,0.002,13.445,36.468,0.00
1786300481,bench_mixed,0.00,0.00,0.0,0.000,0.002,13.445,36.468,0.00
1786300486,bench_mixed,0.00,0.00,0.0,0.000,0.002,13.445,36.468,0.00
1786300491,bench_mixed,0.00,0.00,0.0,0.000,0.002,13.445,36.468,0.00
1786300496,bench_mixed,0.00,0.00,0.0,0.000,0.002,13.445,36.468,0.00
1786300501,bench_mixed,0.00,0.00,0.0,0.000,0.002,13.445,36.468,0.00
1786300506,bench_mixed,0.00,0.00,0.0,0.000,0.002,13.445,36.469,0.00
1786300511,bench_mixed,0.00,0.00,0.0,0.000,0.002,13.445,36.468,0.05
1786300516,bench_mixed,0.00,0.00,0.0,0.000,0.002,13.445,36.468,0.00
1786300521,bench_mixed,0.00,0.00,0.0,0.000,0.002,13.445,36.467,0.00
1786300526,bench_mixed,0.00,0.00,0.0,0.000,0.002,13.445,36.467,0.00
1786300531,bench_mixed,0.00,0.00,0.0,0.000,0.002,13.445,36.467,0.00
1786300536,bench_mixed,0.00,0.00,0.0,0.000,0.002,13.445,36.467,0.00
1786300541,bench_mixed,0.00,0.00,0.0,0.000,0.002,13.445,36.467,0.00
1786300546,bench_mixed,0.00,0.00,0.0,0.000,0.002,13.445,36.468,0.00
1786300551,bench_mixed,0.00,0.00,0.0,0.000,0.002,13.445,36.468,0.00
1786300556,bench_mixed,0.00,0.00,0.0,0.000,0.002,13.445,36.468,0.00
1786300561,bench_mixed,0.00,0.00,0.0,0.000,0.002,13.445,36.469,0.00
1786300566,bench_mixed,0.00,0.00,0.0,0.000,0.002,13.445,36.469,0.00
1786300571,bench_mixed,0.00,0.00,0.0,0.000,0.002,13.445,36.469,0.00
1786300576,bench_mixed,0.00,0.00,0.0,0.000,0.002,13.445,36.469,0.00
1786300582,bench_mixed,0.00,0.00,0.0,0.000,0.002,13.445,36.468,0.00
1786300587,bench_mixed,0.00,0.00,0.0,0.000,0.002,13.445,36.469,0.00
1786300592,bench_mixed,0.00,0.00,0.0,0.000,0.002,13.445,36.469,0.00
1786300597,bench_mixed,0.00,0.00,0.0,0.000,0.002,13.445,36.469,0.00
1786300602,bench_mixed,0.00,0.00,0.0,0.000,0.002,13.445,36.469,0.00
1786300607,bench_mixed,0.00,0.00,0.0,0.000,0.002,13.445,36.469,0.00
1786300612,bench_mixed,0.00,0.00,0.0,0.000,0.002,13.445,36.469,0.00
1786300617,bench_mixed,0.00,0.00,0.0,0.000,0.002,13.445,36.469,0.00
1786300622,bench_mixed,0.00,0.00,0.0,0.000,0.002,13.445,36.469,0.00
1786300627,bench_mixed,0.00,0.00,0.0,0.000,0.002,13.445,36.469,0.00
1786300632,bench_mixed,0.00,0.00,0.0,0.000,0.002,13.445,36.469,0.00
1786300637,bench_mixed,0.00,0.00,0.0,0.000,0.002,13.445,36.469,0.00
1786300642,bench_mixed,0.00,0.00,0.0,0.000,0.002,13.445,36.469,0.00
1786300647,bench_mixed,0.00,0.00,0.0,0.000,0.002,13.445,36.468,0.00
1786300652,bench_mixed,0.00,0.00,0.0,0.000,0.002,13.445,36.468,0.00
1786300657,bench_mixed,0.00,0.00,0.0,0.000,0.002,13.445,36.469,0.00
1786300662,bench_mixed,0.00,0.00,0.0,0.000,0.002,13.445,36.469,0.00
1786300667,bench_mixed,0.00,0.00,0.0,0.000,0.002,13.445,36.468,0.00
1786300672,bench_mixed,0.00,0.00,0.0,0.000,0.002,13.445,36.468,0.00
1786300678,bench_mixed,0.00,0.00,0.0,0.000,0.002,13.445,36.468,0.00
1786300683,bench_mixed,0.00,0.00,0.0,0.000,0.002,13.445,36.468,0.00
1786300688,bench_mixed,0.00,0.00,0.0,0.000,0.002,13.445,36.468,0.00
1786300693,bench_mixed,0.00,0.00,0.0,0.000,0.002,13.445,36.468,0.00
1786300698,bench_mixed,0.00,0.00,0.0,0.000,0.002,13.445,36.469,0.00
1786300703,bench_mixed,0.00,0.00,0.0,0.000,0.002,13.445,36.470,0.00
1786300708,bench_mixed,0.00,0.00,0.0,0.000,0.002,13.445,36.471,0.00
1786300713,bench_mixed,0.00,0.00,0.0,0.000,0.002,13.445,36.471,0.00
1786300718,bench_mixed,0.00,0.00,0.0,0.000,0.002,13.445,36.470,0.00
1786300723,bench_mixed,0.00,0.00,0.0,0.000,0.002,13.445,36.470,0.00
1786300728,bench_mixed,0.00,0.00,0.0,0.000,0.002,13.445,36.470,0.00
1786300733,bench_mixed,0.00,0.00,0.0,0.000,0.002,13.445,36.470,0.00
1786300738,bench_mixed,0.00,0.00,0.0,0.000,0.002,13.445,36.470,0.00
1786300743,bench_mixed,0.00,0.00,0.0,0.000,0.002,13.445,36.470,0.00
1786300748,bench_mixed,0.00,0.00,0.0,0.000,0.002,13.445,36.470,0.00
1786300753,bench_mixed,0.00,0.00,0.0,0.000,0.002,13.445,36.470,0.00
1786300758,bench_mixed,0.00,0.00,0.0,0.000,0.002,13.445,36.470,0.00
1786300763,bench_mixed,0.00,0.00,0.0,0.000,0.002,13.445,36.470,0.00
1786300768,bench_mixed,0.00,0.00,0.0,0.000,0.002,13.445,36.470,0.00
1786300773,bench_mixed,0.00,0.00,0.0,0.000,0.002,13.445,36.470,0.00
1786300779,bench_mixed,0.00,0.00,0.0,0.000,0.002,13.445,36.470,0.00
1786300784,bench_mixed,0.00,0.00,0.0,0.000,0.002,13.445,36.469,0.00
1786300789,bench_mixed,0.00,0.00,0.0,0.000,0.002,13.445,36.470,0.00
1786300794,bench_mixed,0.00,0.00,0.0,0.000,0.002,13.445,36.470,0.00
1786300799,bench_mixed,0.00,0.00,0.0,0.000,0.002,13.445,36.470,0.00
1786300804,bench_mixed,0.00,0.00,0.0,0.000,0.002,13.445,36.469,0.00
1786300809,bench_mixed,0.00,0.00,0.0,0.000,0.002,13.445,36.466,0.06
1786300814,bench_mixed,0.00,0.00,0.0,0.000,0.002,13.445,36.466,0.00
1786300819,bench_mixed,0.00,0.00,0.0,0.000,0.002,13.445,36.467,0.00
1786300824,bench_mixed,0.00,0.00,0.0,0.000,0.002,13.445,36.467,0.00
1786300829,bench_mixed,0.00,0.00,0.0,0.000,0.002,13.445,36.467,0.00
1786300834,bench_mixed,0.00,0.00,0.0,0.000,0.002,13.445,36.467,0.00
1786300839,bench_mixed,0.00,0.00,0.0,0.000,0.002,13.445,36.467,0.00
1786300844,bench_mixed,0.00,0.00,0.0,0.000,0.002,13.445,36.467,0.00
1786300849,bench_mixed,0.00,0.00,0.0,0.000,0.002,13.445,36.467,0.00
1786300854,bench_mixed,0.00,0.00,0.0,0.000,0.002,13.445,36.467,0.00
1786300859,bench_mixed,0.00,0.00,0.0,0.000,0.002,13.445,36.467,0.00
1786300864,bench_mixed,0.00,0.00,0.0,0.000,0.002,13.445,36.467,0.00
1786300869,bench_mixed,0.00,0.00,0.0,0.000,0.002,13.445,36.466,0.00
1786300874,bench_mixed,0.00,0.00,0.0,0.000,0.002,13.445,36.466,0.00
1786300880,bench_mixed,0.00,0.00,0.0,0.000,0.002,13.445,36.466,0.00
1786300885,bench_mixed,0.00,0.00,0.0,0.000,0.002,13.445,36.467,0.00
1786300890,bench_mixed,0.00,0.00,0.0,0.000,0.002,13.445,36.467,0.00
1786300895,bench_mixed,0.00,0.00,0.0,0.000,0.002,13.445,36.467,0.00
1786300900,bench_mixed,0.00,0.00,0.0,0.000,0.002,13.445,36.467,0.00
1786300905,bench_mixed,0.00,0.00,0.0,0.000,0.002,13.445,36.467,0.00
1786300910,bench_mixed,0.00,0.00,0.0,0.000,0.002,13.445,36.467,0.00
1786300915,bench_mixed,0.00,0.00,0.0,0.000,0.002,13.445,36.467,0.00
1786300920,bench_mixed,0.00,0.00,0.0,0.000,0.002,13.445,36.467,0.00
1786300925,bench_mixed,0.00,0.00,0.0,0.000,0.002,13.445,36.467,0.00
1786300930,bench_mixed,0.00,0.00,0.0,0.000,0.002,13.445,36.467,0.00
1786300935,bench_mixed,0.00,0.00,0.0,0.000,0.002,13.445,36.467,0.00
1786300940,bench_mixed,0.00,0.00,0.0,0.000,0.002,13.445,36.467,0.00
1786300945,bench_mixed,0.00,0.00,0.0,0.000,0.002,13.445,36.467,0.00
1786300950,bench_mixed,0.00,0.00,0.0,0.000,0.002,13.445,36.467,0.00
1786300955,bench_mixed,0.00,0.00,0.0,0.000,0.002,13.445,36.467,0.00
1786300960,bench_mixed,0.00,0.00,0.0,0.000,0.002,13.445,36.467,0.00
1786300965,bench_mixed,0.00,0.00,0.0,0.000,0.002,13.445,36.467,0.00
1786300970,bench_mixed,0.00,0.00,0.0,0.000,0.002,13.445,36.467,0.00
1786300976,bench_mixed,0.00,0.00,0.0,0.000,0.002,13.445,36.467,0.00
1786300981,bench_mixed,0.00,0.00,0.0,0.000,0.002,13.445,36.467,0.00
1786300986,bench_mixed,0.00,0.00,0.0,0.000,0.002,13.445,36.467,0.00
1786300991,bench_mixed,0.00,0.00,0.0,0.000,0.002,13.445,36.467,0.00
1786300996,bench_mixed,0.00,0.00,0.0,0.000,0.002,13.445,36.468,0.00
1786301001,bench_mixed,0.00,0.00,0.0,0.000,0.002,13.445,36.468,0.00
1786301006,bench_mixed,0.00,0.00,0.0,0.000,0.002,13.445,36.468,0.00
1786301011,bench_mixed,0.00,0.00,0.0,0.000,0.002,13.445,36.468,0.00
1786301016,bench_mixed,0.00,0.00,0.0,0.000,0.002,13.445,36.468,0.00
1786301021,bench_mixed,0.00,0.00,0.0,0.000,0.002,13.445,36.469,0.00
1786301026,bench_mixed,0.00,0.00,0.0,0.000,0.002,13.445,36.469,0.00
1786301031,bench_mixed,0.00,0.00,0.0,0.000,0.002,13.445,36.469,0.00
1786301036,bench_mixed,0.00,0.00,0.0,0.000,0.002,13.445,36.469,0.00
1786301041,bench_mixed,0.00,0.00,0.0,0.000,0.002,13.445,36.469,0.00
1786301046,bench_mixed,0.00,0.00,0.0,0.000,0.002,13.445,36.469,0.00
1786301051,bench_mixed,0.00,0.00,0.0,0.000,0.002,13.445,36.469,0.00
1786301056,bench_mixed,0.00,0.00,0.0,0.000,0.002,13.445,36.469,0.00
1786301061,bench_mixed,0.00,0.00,0.0,0.000,0.002,13.445,36.469,0.00
1786301066,bench_mixed,0.00,0.00,0.0,0.000,0.002,13.445,36.469,0.00
1786301071,bench_mixed,0.00,0.00,0.0,0.000,0.002,13.445,36.469,0.00
1786301077,bench_mixed,0.00,0.00,0.0,0.000,0.002,13.445,36.469,0.00
1786301082,bench_mixed,0.00,0.00,0.0,0.000,0.002,13.445,36.468,0.00
1786301087,bench_mixed,0.00,0.00,0.0,0.000,0.002,13.445,36.468,0.00
1786301092,bench_mixed,0.00,0.00,0.0,0.000,0.002,13.445,36.468,0.00
1786301097,bench_mixed,0.00,0.00,0.0,0.000,0.002,13.445,36.468,0.00
1786301102,bench_mixed,0.00,0.00,0.0,0.000,0.002,13.445,36.468,0.00
1786301107,bench_mixed,0.00,0.00,0.0,0.000,0.002,13.445,36.465,0.04
1786301112,bench_mixed,0.00,0.00,0.0,0.000,0.002,13.445,36.465,0.02
1786301117,bench_mixed,0.00,0.00,0.0,0.000,0.002,13.445,36.464,0.00
1786301122,bench_mixed,0.00,0.00,0.0,0.000,0.002,13.445,36.465,0.00
1786301127,bench_mixed,0.00,0.00,0.0,0.000,0.002,13.445,36.465,0.00
1786301132,bench_mixed,0.00,0.00,0.0,0.000,0.002,13.445,36.465,0.00
1786301137,bench_mixed,0.00,0.00,0.0,0.000,0.002,13.445,36.465,0.00
1786301142,bench_mixed,0.00,0.00,0.0,0.000,0.002,13.445,36.465,0.00
1786301147,bench_mixed,0.00,0.00,0.0,0.000,0.002,13.445,36.465,0.00
1786301152,bench_mixed,0.00,0.00,0.0,0.000,0.002,13.445,36.466,0.00
1786301157,bench_mixed,0.00,0.00,0.0,0.000,0.002,13.445,36.466,0.00
1786301162,bench_mixed,0.00,0.00,0.0,0.000,0.002,13.445,36.466,0.00
1786301167,bench_mixed,0.00,0.00,0.0,0.000,0.002,13.445,36.466,0.00
1786301173,bench_mixed,0.00,0.00,0.0,0.000,0.002,13.445,36.466,0.00
1786301178,bench_mixed,0.00,0.00,0.0,0.000,0.002,13.445,36.466,0.00
1786301183,bench_mixed,0.00,0.00,0.0,0.000,0.002,13.445,36.465,0.00
1786301188,bench_mixed,0.00,0.00,0.0,0.000,0.002,13.445,36.465,0.00
1786301193,bench_mixed,0.00,0.00,0.0,0.000,0.002,13.445,36.464,0.00
1786301198,bench_mixed,0.00,0.00,0.0,0.000,0.002,13.445,36.464,0.00
1786301203,bench_mixed,0.00,0.00,0.0,0.000,0.002,13.445,36.464,0.00
1786301208,bench_mixed,0.00,0.00,0.0,0.000,0.002,13.445,36.464,0.00
1786301213,bench_mixed,0.00,0.00,0.0,0.000,0.002,13.445,36.464,0.00
1786301218,bench_mixed,0.00,0.00,0.0,0.000,0.002,13.445,36.464,0.00
1786301223,bench_mixed,0.00,0.00,0.0,0.000,0.002,13.445,36.464,0.00
1786301228,bench_mixed,0.00,0.00,0.0,0.000,0.002,13.445,36.464,0.00
1786301233,bench_mixed,0.00,0.00,0.0,0.000,0.002,13.445,36.464,0.00
1786301238,bench_mixed,0.00,0.00,0.0,0.000,0.002,13.445,36.464,0.00
1786301243,bench_mixed,0.00,0.00,0.0,0.000,0.002,13.445,36.465,0.00
1786301248,bench_mixed,0.00,0.00,0.0,0.000,0.002,13.445,36.465,0.00
1786301253,bench_mixed,0.00,0.00,0.0,0.000,0.002,13.445,36.465,0.00
1786301258,bench_mixed,0.00,0.00,0.0,0.000,0.002,13.445,36.465,0.00
1786301263,bench_mixed,0.00,0.00,0.0,0.000,0.002,13.445,36.466,0.00
1786301269,bench_mixed,0.00,0.00,0.0,0.000,0.002,13.445,36.467,0.00
1786301274,bench_mixed,0.00,0.00,0.0,0.000,0.002,13.445,36.467,0.00
1786301279,bench_mixed,0.00,0.00,0.0,0.000,0.002,13.445,36.467,0.00
1786301284,bench_mixed,0.00,0.00,0.0,0.000,0.002,13.445,36.466,0.00
1786301289,bench_mixed,0.00,0.00,0.0,0.000,0.002,13.445,36.465,0.00
1786301294,bench_mixed,0.00,0.00,0.0,0.000,0.002,13.445,36.465,0.00
1786301299,bench_mixed,0.00,0.00,0.0,0.000,0.002,13.445,36.465,0.00
1786301304,bench_mixed,0.00,0.00,0.0,0.000,0.002,13.445,36.465,0.00
1786301309,bench_mixed,0.00,0.00,0.0,0.000,0.002,13.445,36.465,0.00
1786301314,bench_mixed,0.00,0.00,0.0,0.000,0.002,13.445,36.465,0.00
1786301319,bench_mixed,0.00,0.00,0.0,0.000,0.002,13.445,36.465,0.00
1786301324,bench_mixed,0.00,0.00,0.0,0.000,0.002,13.445,36.464,0.00
1786301329,bench_mixed,0.00,0.00,0.0,0.000,0.002,13.445,36.464,0.00
1786301334,bench_mixed,0.00,0.00,0.0,0.000,0.002,13.445,36.464,0.00
1786301339,bench_mixed,0.00,0.00,0.0,0.000,0.002,13.445,36.464,0.00
1786301344,bench_mixed,0.00,0.00,0.0,0.000,0.002,13.445,36.464,0.00
1786301349,bench_mixed,0.00,0.00,0.0,0.000,0.002,13.445,36.464,0.00
1786301354,bench_mixed,0.00,0.00,0.0,0.000,0.002,13.445,36.464,0.00
1786301359,bench_mixed,0.00,0.00,0.0,0.000,0.002,13.445,36.464,0.00
1786301364,bench_mixed,0.00,0.00,0.0,0.000,0.002,13.445,36.464,0.00
1786301370,bench_mixed,0.00,0.00,0.0,0.000,0.002,13.445,36.464,0.00
1786301375,bench_mixed,0.00,0.00,0.0,0.000,0.002,13.445,36.464,0.00
1786301380,bench_mixed,0.00,0.00,0.0,0.000,0.002,13.445,36.465,0.00
1786301385,bench_mixed,0.00,0.00,0.0,0.000,0.002,13.445,36.465,0.00
1786301390,bench_mixed,0.00,0.00,0.0,0.000,0.002,13.445,36.465,0.00
1786301395,bench_mixed,0.00,0.00,0.0,0.000,0.002,13.445,36.464,0.00
1786301400,bench_mixed,0.00,0.00,0.0,0.000,0.002,13.445,36.464,0.00
1786301405,bench_mixed,0.00,0.00,0.0,0.000,0.002,13.445,36.464,0.00
1786301410,bench_mixed,0.00,0.00,0.0,0.000,0.002,13.445,36.463,0.06
1786301415,bench_mixed,0.00,0.00,0.0,0.000,0.002,13.445,36.463,0.00
1786301420,bench_mixed,0.00,0.00,0.0,0.000,0.002,13.445,36.463,0.00
1786301425,bench_mixed,0.00,0.00,0.0,0.000,0.002,13.445,36.464,0.00
1786301430,bench_mixed,0.00,0.00,0.0,0.000,0.002,13.445,36.464,0.00
1786301435,bench_mixed,0.00,0.00,0.0,0.000,0.002,13.445,36.463,0.00
1786301440,bench_mixed,0.00,0.00,0.0,0.000,0.002,13.445,36.463,0.00
1786301445,bench_mixed,0.00,0.00,0.0,0.000,0.002,13.445,36.464,0.00
1786301450,bench_mixed,0.00,0.00,0.0,0.000,0.002,13.445,36.464,0.00
1786301455,bench_mixed,0.00,0.00,0.0,0.000,0.002,13.445,36.464,0.00
1786301460,bench_mixed,0.00,0.00,0.0,0.000,0.002,13.445,36.463,0.00
1786301466,bench_mixed,0.00,0.00,0.0,0.000,0.002,13.445,36.463,0.00
1786301471,bench_mixed,0.00,0.00,0.0,0.000,0.002,13.445,36.463,0.00
1786301476,bench_mixed,0.00,0.00,0.0,0.000,0.002,13.445,36.463,0.00
1786301481,bench_mixed,0.00,0.00,0.0,0.000,0.002,13.445,36.463,0.00
1786301486,bench_mixed,0.00,0.00,0.0,0.000,0.002,13.445,36.464,0.00
1786301491,bench_mixed,0.00,0.00,0.0,0.000,0.002,13.445,36.463,0.00
1786301496,bench_mixed,0.00,0.00,0.0,0.000,0.002,13.445,36.463,0.00
1786301501,bench_mixed,0.00,0.00,0.0,0.000,0.002,13.445,36.463,0.00
1786301506,bench_mixed,0.00,0.00,0.0,0.000,0.002,13.445,36.462,0.00
1786301511,bench_mixed,0.00,0.00,0.0,0.000,0.002,13.445,36.462,0.00
1786301516,bench_mixed,0.00,0.00,0.0,0.000,0.002,13.445,36.462,0.00
1786301521,bench_mixed,0.00,0.00,0.0,0.000,0.002,13.445,36.462,0.00
1786301526,bench_mixed,0.00,0.00,0.0,0.000,0.002,13.445,36.462,0.00
1786301531,bench_mixed,0.00,0.00,0.0,0.000,0.002,13.445,36.462,0.00
1786301536,bench_mixed,0.00,0.00,0.0,0.000,0.002,13.445,36.462,0.00
1786301541,bench_mixed,0.00,0.00,0.0,0.000,0.002,13.445,36.462,0.00
1786301546,bench_mixed,0.00,0.00,0.0,0.000,0.002,13.445,36.463,0.00
1786301551,bench_mixed,0.00,0.00,0.0,0.000,0.002,13.445,36.464,0.00
1786301556,bench_mixed,0.00,0.00,0.0,0.000,0.002,13.445,36.465,0.00
1786301561,bench_mixed,0.00,0.00,0.0,0.000,0.002,13.445,36.464,0.00
1786301567,bench_mixed,0.00,0.00,0.0,0.000,0.002,13.445,36.463,0.00
1786301572,bench_mixed,0.00,0.00,0.0,0.000,0.002,13.445,36.464,0.00
1786301577,bench_mixed,0.00,0.00,0.0,0.000,0.002,13.445,36.464,0.00
1786301582,bench_mixed,0.00,0.00,0.0,0.000,0.002,13.445,36.464,0.00
1786301587,bench_mixed,0.00,0.00,0.0,0.000,0.002,13.445,36.464,0.00
1786301592,bench_mixed,0.00,0.00,0.0,0.000,0.002,13.445,36.465,0.00
1786301597,bench_mixed,0.00,0.00,0.0,0.000,0.002,13.445,36.465,0.00
1786301602,bench_mixed,0.00,0.00,0.0,0.000,0.002,13.445,36.465,0.00
1786301607,bench_mixed,0.00,0.00,0.0,0.000,0.002,13.445,36.465,0.00
1786301612,bench_mixed,0.00,0.00,0.0,0.000,0.002,13.445,36.466,0.00
1786301617,bench_mixed,0.00,0.00,0.0,0.000,0.002,13.445,36.466,0.00
1786301622,bench_mixed,0.00,0.00,0.0,0.000,0.002,13.445,36.466,0.00
1786301627,bench_mixed,0.00,0.00,0.0,0.000,0.002,13.445,36.465,0.00
1786301632,bench_mixed,0.00,0.00,0.0,0.000,0.002,13.445,36.465,0.00
1786301637,bench_mixed,0.00,0.00,0.0,0.000,0.002,13.445,36.464,0.00
1786301642,bench_mixed,0.00,0.00,0.0,0.000,0.002,13.445,36.464,0.00
1786301647,bench_mixed,0.00,0.00,0.0,0.000,0.002,13.445,36.464,0.00
1786301652,bench_mixed,0.00,0.00,0.0,0.000,0.002,13.445,36.464,0.00
1786301657,bench_mixed,0.00,0.00,0.0,0.000,0.002,13.445,36.464,0.00
1786301663,bench_mixed,0.00,0.00,0.0,0.000,0.002,13.445,36.464,0.00
1786301668,bench_mixed,0.00,0.00,0.0,0.000,0.002,13.445,36.464,0.00
1786301673,bench_mixed,0.00,0.00,0.0,0.000,0.002,13.445,36.464,0.00
1786301678,bench_mixed,0.00,0.00,0.0,0.000,0.002,13.445,36.465,0.00
1786301683,bench_mixed,0.00,0.00,0.0,0.000,0.002,13.445,36.466,0.00
1786301688,bench_mixed,0.00,0.00,0.0,0.000,0.002,13.445,36.466,0.00
1786301693,bench_mixed,0.00,0.00,0.0,0.000,0.002,13.445,36.465,0.00
1786301698,bench_mixed,0.00,0.00,0.0,0.000,0.002,13.445,36.465,0.00
1786301703,bench_mixed,0.00,0.00,0.0,0.000,0.002,13.445,36.466,0.00
1786301708,bench_mixed,0.00,0.00,0.0,0.000,0.002,13.445,36.466,0.05
1786301713,bench_mixed,0.00,0.00,0.0,0.000,0.002,13.445,36.465,0.01
1786301718,bench_mixed,0.00,0.00,0.0,0.000,0.002,13.445,36.466,0.00
1786301723,bench_mixed,0.00,0.00,0.0,0.000,0.002,13.445,36.465,0.00
1786301728,bench_mixed,0.00,0.00,0.0,0.000,0.002,13.445,36.464,0.00
1786301733,bench_mixed,0.00,0.00,0.0,0.000,0.002,13.445,36.464,0.00
1786301738,bench_mixed,0.00,0.00,0.0,0.000,0.002,13.445,36.464,0.00
1786301743,bench_mixed,0.00,0.00,0.0,0.000,0.002,13.445,36.465,0.00
1786301748,bench_mixed,0.00,0.00,0.0,0.000,0.002,13.445,36.464,0.00
1786301753,bench_mixed,0.00,0.00,0.0,0.000,0.002,13.445,36.464,0.00
1786301758,bench_mixed,0.00,0.00,0.0,0.000,0.002,13.445,36.464,0.00
1786301764,bench_mixed,0.00,0.00,0.0,0.000,0.002,13.445,36.465,0.00
1786301769,bench_mixed,0.00,0.00,0.0,0.000,0.002,13.445,36.465,0.00
1786301774,bench_mixed,0.00,0.00,0.0,0.000,0.002,13.445,36.465,0.00
1786301779,bench_mixed,0.00,0.00,0.0,0.000,0.002,13.445,36.465,0.00
1786301784,bench_mixed,0.00,0.00,0.0,0.000,0.002,13.445,36.465,0.00
1786301789,bench_mixed,0.00,0.00,0.0,0.000,0.002,13.445,36.465,0.00
1786301794,bench_mixed,0.00,0.00,0.0,0.000,0.002,13.445,36.465,0.00
1786301799,bench_mixed,0.00,0.00,0.0,0.000,0.002,13.445,36.465,0.00
1786301804,bench_mixed,0.00,0.00,0.0,0.000,0.002,13.445,36.465,0.00
1786301809,bench_mixed,0.00,0.00,0.0,0.000,0.002,13.445,36.465,0.00
1786301814,bench_mixed,0.00,0.00,0.0,0.000,0.002,13.445,36.465,0.00
1786301819,bench_mixed,0.00,0.00,0.0,0.000,0.002,13.445,36.465,0.00
1786301824,bench_mixed,0.00,0.00,0.0,0.000,0.002,13.445,36.466,0.00
1786301829,bench_mixed,0.00,0.00,0.0,0.000,0.002,13.445,36.465,0.00
1786301834,bench_mixed,0.00,0.00,0.0,0.000,0.002,13.445,36.467,0.00
1786301839,bench_mixed,0.00,0.00,0.0,0.000,0.002,13.445,36.466,0.00
1786301844,bench_mixed,0.00,0.00,0.0,0.000,0.002,13.445,36.466,0.00
1786301849,bench_mixed,0.00,0.00,0.0,0.000,0.002,13.445,36.466,0.00
1786301854,bench_mixed,0.00,0.00,0.0,0.000,0.002,13.445,36.465,0.00
1786301859,bench_mixed,0.00,0.00,0.0,0.000,0.002,13.445,36.465,0.00
1786301865,bench_mixed,0.00,0.00,0.0,0.000,0.002,13.445,36.465,0.00
1786301870,bench_mixed,0.00,0.00,0.0,0.000,0.002,13.445,36.465,0.00
1786301875,bench_mixed,0.00,0.00,0.0,0.000,0.002,13.445,36.465,0.00
1786301880,bench_mixed,0.00,0.00,0.0,0.000,0.002,13.445,36.465,0.00
1786301885,bench_mixed,0.00,0.00,0.0,0.000,0.002,13.445,36.465,0.00
1786301890,bench_mixed,0.00,0.00,0.0,0.000,0.002,13.445,36.465,0.00
1786301895,bench_mixed,0.00,0.00,0.0,0.000,0.002,13.445,36.465,0.00
1786301900,bench_mixed,0.00,0.00,0.0,0.000,0.002,13.445,36.465,0.00
1786301905,bench_mixed,0.00,0.00,0.0,0.000,0.002,13.445,36.465,0.00
1786301910,bench_mixed,0.00,0.00,0.0,0.000,0.002,13.445,36.465,0.00
1786301915,bench_mixed,0.00,0.00,0.0,0.000,0.002,13.445,36.465,0.00
1786301920,bench_mixed,0.00,0.00,0.0,0.000,0.002,13.445,36.465,0.00
1786301925,bench_mixed,0.00,0.00,0.0,0.000,0.002,13.445,36.465,0.00
1786301930,bench_mixed,0.00,0.00,0.0,0.000,0.002,13.445,36.465,0.00
1786301935,bench_mixed,0.00,0.00,0.0,0.000,0.002,13.445,36.465,0.00
1786301940,bench_mixed,0.00,0.00,0.0,0.000,0.002,13.445,36.465,0.00
1786301945,bench_mixed,0.00,0.00,0.0,0.000,0.002,13.445,36.465,0.00
1786301950,bench_mixed,0.00,0.00,0.0,0.000,0.002,13.445,36.465,0.00
1786301955,bench_mixed,0.00,0.00,0.0,0.000,0.002,13.445,36.465,0.00
1786301961,bench_mixed,0.00,0.00,0.0,0.000,0.002,13.445,36.465,0.00
1786301966,bench_mixed,0.00,0.00,0.0,0.000,0.002,13.445,36.465,0.00
1786301971,bench_mixed,0.00,0.00,0.0,0.000,0.002,13.445,36.465,0.00
1786301976,bench_mixed,0.00,0.00,0.0,0.000,0.002,13.445,36.465,0.00
1786301981,bench_mixed,0.00,0.00,0.0,0.000,0.002,13.445,36.464,0.00
1786301986,bench_mixed,0.00,0.00,0.0,0.000,0.002,13.445,36.464,0.00
1786301991,bench_mixed,0.00,0.00,0.0,0.000,0.002,13.445,36.464,0.00
1786301996,bench_mixed,0.00,0.00,0.0,0.000,0.002,13.445,36.464,0.00
1786302001,bench_mixed,0.00,0.00,0.0,0.000,0.002,13.445,36.464,0.00
1786302006,bench_mixed,0.00,0.00,0.0,0.000,0.002,13.445,36.464,0.00
1786302011,bench_mixed,0.00,0.00,0.0,0.000,0.002,13.445,36.463,0.05
1786302016,bench_mixed,0.00,0.00,0.0,0.000,0.002,13.445,36.463,0.00
1786302021,bench_mixed,0.00,0.00,0.0,0.000,0.002,13.445,36.463,0.00
1786302026,bench_mixed,0.00,0.00,0.0,0.000,0.002,13.445,36.463,0.00
1786302031,bench_mixed,0.00,0.00,0.0,0.000,0.002,13.445,36.463,0.00
1786302036,bench_mixed,0.00,0.00,0.0,0.000,0.002,13.445,36.463,0.00
1786302041,bench_mixed,0.00,0.00,0.0,0.000,0.002,13.445,36.463,0.00
1786302046,bench_mixed,0.00,0.00,0.0,0.000,0.002,13.445,36.463,0.00
1786302051,bench_mixed,0.00,0.00,0.0,0.000,0.002,13.445,36.463,0.00
1786302056,bench_mixed,0.00,0.00,0.0,0.000,0.002,13.445,36.463,0.00
1786302062,bench_mixed,0.00,0.00,0.0,0.000,0.002,13.445,36.463,0.00
1786302067,bench_mixed,0.00,0.00,0.0,0.000,0.002,13.445,36.463,0.00
1786302072,bench_mixed,0.00,0.00,0.0,0.000,0.002,13.445,36.464,0.00
1786302077,bench_mixed,0.00,0.00,0.0,0.000,0.002,13.445,36.464,0.00
1786302082,bench_mixed,0.00,0.00,0.0,0.000,0.002,13.445,36.464,0.00
1786302087,bench_mixed,0.00,0.00,0.0,0.000,0.002,13.445,36.464,0.00
1786302092,bench_mixed,0.00,0.00,0.0,0.000,0.002,13.445,36.464,0.00
1786302097,bench_mixed,0.00,0.00,0.0,0.000,0.002,13.445,36.464,0.00
1786302102,bench_mixed,0.00,0.00,0.0,0.000,0.002,13.445,36.465,0.00
1786302107,bench_mixed,0.00,0.00,0.0,0.000,0.002,13.445,36.465,0.00
1786302112,bench_mixed,0.00,0.00,0.0,0.000,0.002,13.445,36.465,0.00
1786302117,bench_mixed,0.00,0.00,0.0,0.000,0.002,13.445,36.465,0.00
1786302122,bench_mixed,0.00,0.00,0.0,0.000,0.002,13.445,36.465,0.00
1786302127,bench_mixed,0.00,0.00,0.0,0.000,0.002,13.445,36.465,0.00
1786302132,bench_mixed,0.00,0.00,0.0,0.000,0.002,13.445,36.465,0.00
1786302137,bench_mixed,0.00,0.00,0.0,0.000,0.002,13.445,36.465,0.00
1786302142,bench_mixed,0.00,0.00,0.0,0.000,0.002,13.445,36.465,0.00
1786302147,bench_mixed,0.00,0.00,0.0,0.000,0.002,13.445,36.465,0.00
1786302152,bench_mixed,0.00,0.00,0.0,0.000,0.002,13.445,36.465,0.00
1786302157,bench_mixed,0.00,0.00,0.0,0.000,0.002,13.445,36.465,0.00
1786302163,bench_mixed,0.00,0.00,0.0,0.000,0.002,13.445,36.465,0.00
1786302168,bench_mixed,0.00,0.00,0.0,0.000,0.002,13.445,36.465,0.00
1786302173,bench_mixed,0.00,0.00,0.0,0.000,0.002,13.445,36.465,0.00
1786302178,bench_mixed,0.00,0.00,0.0,0.000,0.002,13.445,36.465,0.00
1786302183,bench_mixed,0.00,0.00,0.0,0.000,0.002,13.445,36.464,0.00
1786302188,bench_mixed,0.00,0.00,0.0,0.000,0.002,13.445,36.465,0.00
1786302193,bench_mixed,0.00,0.00,0.0,0.000,0.002,13.445,36.465,0.00
1786302198,bench_mixed,0.00,0.00,0.0,0.000,0.002,13.445,36.465,0.00
1786302203,bench_mixed,0.00,0.00,0.0,0.000,0.002,13.445,36.465,0.00
1786302208,bench_mixed,0.00,0.00,0.0,0.000,0.002,13.445,36.465,0.00
1786302213,bench_mixed,0.00,0.00,0.0,0.000,0.002,13.445,36.465,0.00
1786302218,bench_mixed,0.00,0.00,0.0,0.000,0.002,13.445,36.464,0.00
1786302223,bench_mixed,0.00,0.00,0.0,0.000,0.002,13.445,36.465,0.00
1786302228,bench_mixed,0.00,0.00,0.0,0.000,0.002,13.445,36.465,0.00
1786302233,bench_mixed,0.00,0.00,0.0,0.000,0.002,13.445,36.465,0.00
1786302238,bench_mixed,0.00,0.00,0.0,0.000,0.002,13.445,36.465,0.00
1786302243,bench_mixed,0.00,0.00,0.0,0.000,0.002,13.445,36.465,0.00
1786302248,bench_mixed,0.00,0.00,0.0,0.000,0.002,13.445,36.465,0.00
1786302253,bench_mixed,0.00,0.00,0.0,0.000,0.002,13.445,36.465,0.00
1786302259,bench_mixed,0.00,0.00,0.0,0.000,0.002,13.445,36.465,0.00
1786302264,bench_mixed,0.00,0.00,0.0,0.000,0.002,13.445,36.465,0.00
1786302269,bench_mixed,0.00,0.00,0.0,0.000,0.002,13.445,36.465,0.00
1786302274,bench_mixed,0.00,0.00,0.0,0.000,0.002,13.445,36.465,0.00
1786302279,bench_mixed,0.00,0.00,0.0,0.000,0.002,13.445,36.464,0.00
1786302284,bench_mixed,0.00,0.00,0.0,0.000,0.002,13.445,36.464,0.00
1786302289,bench_mixed,0.00,0.00,0.0,0.000,0.002,13.445,36.464,0.00
1786302294,bench_mixed,0.00,0.00,0.0,0.000,0.002,13.445,36.464,0.00
1786302299,bench_mixed,0.00,0.00,0.0,0.000,0.002,13.445,36.464,0.00
1786302304,bench_mixed,0.00,0.00,0.0,0.000,0.002,13.445,36.464,0.00
1786302309,bench_mixed,0.00,0.00,0.0,0.000,0.002,13.445,36.462,0.06
1786302314,bench_mixed,0.00,0.00,0.0,0.000,0.002,13.445,36.463,0.00
1786302319,bench_mixed,0.00,0.00,0.0,0.000,0.002,13.445,36.464,0.00
1786302324,bench_mixed,0.00,0.00,0.0,0.000,0.002,13.445,36.465,0.00
1786302329,bench_mixed,0.00,0.00,0.0,0.000,0.002,13.445,36.465,0.00
1786302334,bench_mixed,0.00,0.00,0.0,0.000,0.002,13.445,36.465,0.00
1786302339,bench_mixed,0.00,0.00,0.0,0.000,0.002,13.445,36.464,0.00
1786302344,bench_mixed,0.00,0.00,0.0,0.000,0.002,13.445,36.464,0.00
1786302349,bench_mixed,0.00,0.00,0.0,0.000,0.002,13.445,36.464,0.00
1786302354,bench_mixed,0.00,0.00,0.0,0.000,0.002,13.445,36.464,0.00
1786302360,bench_mixed,0.00,0.00,0.0,0.000,0.002,13.445,36.464,0.00
1786302365,bench_mixed,0.00,0.00,0.0,0.000,0.002,13.445,36.464,0.00
1786302370,bench_mixed,0.00,0.00,0.0,0.000,0.002,13.445,36.464,0.00
1786302375,bench_mixed,0.00,0.00,0.0,0.000,0.002,13.445,36.464,0.00
1786302380,bench_mixed,0.00,0.00,0.0,0.000,0.002,13.445,36.465,0.00
1786302385,bench_mixed,0.00,0.00,0.0,0.000,0.002,13.445,36.466,0.00
1786302390,bench_mixed,0.00,0.00,0.0,0.000,0.002,13.445,36.466,0.00
1786302395,bench_mixed,0.00,0.00,0.0,0.000,0.002,13.445,36.466,0.00
1786302400,bench_mixed,0.00,0.00,0.0,0.000,0.002,13.445,36.466,0.00
1786302405,bench_mixed,0.00,0.00,0.0,0.000,0.002,13.445,36.466,0.00
1786302410,bench_mixed,0.00,0.00,0.0,0.000,0.002,13.445,36.466,0.00
1786302415,bench_mixed,0.00,0.00,0.0,0.000,0.002,13.445,36.466,0.00
1786302420,bench_mixed,0.00,0.00,0.0,0.000,0.002,13.445,36.467,0.00
1786302425,bench_mixed,0.00,0.00,0.0,0.000,0.002,13.445,36.467,0.00
1786302430,bench_mixed,0.00,0.00,0.0,0.000,0.002,13.445,36.466,0.00
1786302435,bench_mixed,0.00,0.00,0.0,0.000,0.002,13.445,36.466,0.00
1786302440,bench_mixed,0.00,0.00,0.0,0.000,0.002,13.445,36.465,0.00
1786302445,bench_mixed,0.00,0.00,0.0,0.000,0.002,13.445,36.465,0.00
1786302450,bench_mixed,0.00,0.00,0.0,0.000,0.002,13.445,36.464,0.00
1786302455,bench_mixed,0.00,0.00,0.0,0.000,0.002,13.445,36.465,0.00
1786302461,bench_mixed,0.00,0.00,0.0,0.000,0.002,13.445,36.464,0.00
1786302466,bench_mixed,0.00,0.00,0.0,0.000,0.002,13.445,36.463,0.00
1786302471,bench_mixed,0.00,0.00,0.0,0.000,0.002,13.445,36.464,0.00
1786302476,bench_mixed,0.00,0.00,0.0,0.000,0.002,13.445,36.464,0.00
1786302481,bench_mixed,0.00,0.00,0.0,0.000,0.002,13.445,36.464,0.00
1786302486,bench_mixed,0.00,0.00,0.0,0.000,0.002,13.445,36.464,0.00
1786302491,bench_mixed,0.00,0.00,0.0,0.000,0.002,13.445,36.463,0.00
1786302496,bench_mixed,0.00,0.00,0.0,0.000,0.002,13.445,36.464,0.00
1786302501,bench_mixed,0.00,0.00,0.0,0.000,0.002,13.445,36.464,0.00
1786302506,bench_mixed,0.00,0.00,0.0,0.000,0.002,13.445,36.464,0.00
1786302511,bench_mixed,0.00,0.00,0.0,0.000,0.002,13.445,36.464,0.00
1786302516,bench_mixed,0.00,0.00,0.0,0.000,0.002,13.445,36.464,0.00
1786302521,bench_mixed,0.00,0.00,0.0,0.000,0.002,13.445,36.463,0.00
1786302526,bench_mixed,0.00,0.00,0.0,0.000,0.002,13.445,36.463,0.00
1786302531,bench_mixed,0.00,0.00,0.0,0.000,0.002,13.445,36.463,0.00
1786302536,bench_mixed,0.00,0.00,0.0,0.000,0.002,13.445,36.463,0.00
1786302541,bench_mixed,0.00,0.00,0.0,0.000,0.002,13.445,36.463,0.00
1786302546,bench_mixed,0.00,0.00,0.0,0.000,0.002,13.445,36.463,0.00
1786302551,bench_mixed,0.00,0.00,0.0,0.000,0.002,13.445,36.463,0.00
1786302557,bench_mixed,0.00,0.00,0.0,0.000,0.002,13.445,36.463,0.00
1786302562,bench_mixed,0.00,0.00,0.0,0.000,0.002,13.445,36.463,0.00
1786302567,bench_mixed,0.00,0.00,0.0,0.000,0.002,13.445,36.463,0.00
1786302572,bench_mixed,0.00,0.00,0.0,0.000,0.002,13.445,36.463,0.00
1786302577,bench_mixed,0.00,0.00,0.0,0.000,0.002,13.445,36.463,0.00
1786302582,bench_mixed,0.00,0.00,0.0,0.000,0.002,13.445,36.463,0.00
1786302587,bench_mixed,0.00,0.00,0.0,0.000,0.002,13.445,36.463,0.00
1786302592,bench_mixed,0.00,0.00,0.0,0.000,0.002,13.445,36.463,0.00
1786302597,bench_mixed,0.00,0.00,0.0,0.000,0.002,13.445,36.464,0.00
1786302602,bench_mixed,0.00,0.00,0.0,0.000,0.002,13.445,36.465,0.00
1786302607,bench_mixed,0.00,0.00,0.0,0.000,0.002,13.445,36.463,0.04
1786302612,bench_mixed,0.00,0.00,0.0,0.000,0.002,13.445,36.464,0.02
1786302617,bench_mixed,0.00,0.00,0.0,0.000,0.002,13.445,36.464,0.00
1786302622,bench_mixed,0.00,0.00,0.0,0.000,0.002,13.445,36.464,0.00
1786302627,bench_mixed,0.00,0.00,0.0,0.000,0.002,13.445,36.464,0.00
1786302632,bench_mixed,0.00,0.00,0.0,0.000,0.002,13.445,36.464,0.00
1786302637,bench_mixed,0.00,0.00,0.0,0.000,0.002,13.445,36.464,0.00
1786302642,bench_mixed,0.00,0.00,0.0,0.000,0.002,13.445,36.464,0.00
1786302647,bench_mixed,0.00,0.00,0.0,0.000,0.002,13.445,36.464,0.00
1786302653,bench_mixed,0.00,0.00,0.0,0.000,0.002,13.445,36.465,0.00
1786302658,bench_mixed,0.00,0.00,0.0,0.000,0.002,13.445,36.465,0.00
1786302663,bench_mixed,0.00,0.00,0.0,0.000,0.002,13.445,36.465,0.00
1786302668,bench_mixed,0.00,0.00,0.0,0.000,0.002,13.445,36.464,0.00
1786302673,bench_mixed,0.00,0.00,0.0,0.000,0.002,13.445,36.464,0.00
1786302678,bench_mixed,0.00,0.00,0.0,0.000,0.002,13.445,36.464,0.00
1786302683,bench_mixed,0.00,0.00,0.0,0.000,0.002,13.445,36.464,0.00
1786302688,bench_mixed,0.00,0.00,0.0,0.000,0.002,13.445,36.464,0.00
1786302693,bench_mixed,0.00,0.00,0.0,0.000,0.002,13.445,36.464,0.00
1786302698,bench_mixed,0.00,0.00,0.0,0.000,0.002,13.445,36.464,0.00
1786302703,bench_mixed,0.00,0.00,0.0,0.000,0.002,13.445,36.464,0.00
1786302708,bench_mixed,0.00,0.00,0.0,0.000,0.002,13.445,36.464,0.00
1786302713,bench_mixed,0.00,0.00,0.0,0.000,0.002,13.445,36.464,0.00
1786302718,bench_mixed,0.00,0.00,0.0,0.000,0.002,13.445,36.464,0.00
1786302723,bench_mixed,0.00,0.00,0.0,0.000,0.002,13.445,36.464,0.00
1786302728,bench_mixed,0.00,0.00,0.0,0.000,0.002,13.445,36.464,0.00
1786302733,bench_mixed,0.00,0.00,0.0,0.000,0.002,13.445,36.464,0.00
1786302738,bench_mixed,0.00,0.00,0.0,0.000,0.002,13.445,36.463,0.00
1786302743,bench_mixed,0.00,0.00,0.0,0.000,0.002,13.445,36.463,0.00
1786302748,bench_mixed,0.00,0.00,0.0,0.000,0.002,13.445,36.464,0.00
1786302754,bench_mixed,0.00,0.00,0.0,0.000,0.002,13.445,36.464,0.00
1786302759,bench_mixed,0.00,0.00,0.0,0.000,0.002,13.445,36.464,0.00
1786302764,bench_mixed,0.00,0.00,0.0,0.000,0.002,13.445,36.464,0.00
1786302769,bench_mixed,0.00,0.00,0.0,0.000,0.002,13.445,36.464,0.00
1786302774,bench_mixed,0.00,0.00,0.0,0.000,0.002,13.445,36.464,0.00
1786302779,bench_mixed,0.00,0.00,0.0,0.000,0.002,13.445,36.463,0.00
1786302784,bench_mixed,0.00,0.00,0.0,0.000,0.002,13.445,36.464,0.00
1786302789,bench_mixed,0.00,0.00,0.0,0.000,0.002,13.445,36.464,0.00
1786302794,bench_mixed,0.00,0.00,0.0,0.000,0.002,13.445,36.464,0.00
1786302799,bench_mixed,0.00,0.00,0.0,0.000,0.002,13.445,36.464,0.00
1786302804,bench_mixed,0.00,0.00,0.0,0.000,0.002,13.445,36.464,0.00
1786302809,bench_mixed,0.00,0.00,0.0,0.000,0.002,13.445,36.464,0.00
1786302814,bench_mixed,0.00,0.00,0.0,0.000,0.002,13.445,36.463,0.00
1786302819,bench_mixed,0.00,0.00,0.0,0.000,0.002,13.445,36.463,0.00
1786302824,bench_mixed,0.00,0.00,0.0,0.000,0.002,13.445,36.463,0.00
1786302829,bench_mixed,0.00,0.00,0.0,0.000,0.002,13.445,36.464,0.00
1786302834,bench_mixed,0.00,0.00,0.0,0.000,0.002,13.445,36.465,0.00
1786302839,bench_mixed,0.00,0.00,0.0,0.000,0.002,13.445,36.464,0.00
1786302844,bench_mixed,0.00,0.00,0.0,0.000,0.002,13.445,36.464,0.00
1786302850,bench_mixed,0.00,0.00,0.0,0.000,0.002,13.445,36.464,0.00
1786302855,bench_mixed,0.00,0.00,0.0,0.000,0.002,13.445,36.464,0.00
1786302860,bench_mixed,0.00,0.00,0.0,0.000,0.002,13.445,36.464,0.00
1786302865,bench_mixed,0.00,0.00,0.0,0.000,0.002,13.445,36.464,0.00
1786302870,bench_mixed,0.00,0.00,0.0,0.000,0.002,13.445,36.466,0.00
1786302875,bench_mixed,0.00,0.00,0.0,0.000,0.002,13.445,36.466,0.00
1786302880,bench_mixed,0.00,0.00,0.0,0.000,0.002,13.445,36.465,0.00
1786302885,bench_mixed,0.00,0.00,0.0,0.000,0.002,13.445,36.465,0.00
1786302890,bench_mixed,0.00,0.00,0.0,0.000,0.002,13.445,36.465,0.00
1786302895,bench_mixed,0.00,0.00,0.0,0.000,0.002,13.445,36.465,0.00
1786302900,bench_mixed,0.00,0.00,0.0,0.000,0.002,13.445,36.465,0.00
1786302905,bench_mixed,0.00,0.00,0.0,0.000,0.002,13.445,36.466,0.00
1786302910,bench_mixed,0.00,0.00,0.0,0.000,0.002,13.445,36.466,0.06
1786302915,bench_mixed,0.00,0.00,0.0,0.000,0.002,13.445,36.466,0.00
1786302920,bench_mixed,0.00,0.00,0.0,0.000,0.002,13.445,36.466,0.00
1786302925,bench_mixed,0.00,0.00,0.0,0.000,0.002,13.445,36.466,0.00
1786302930,bench_mixed,0.00,0.00,0.0,0.000,0.002,13.445,36.466,0.00
1786302935,bench_mixed,0.00,0.00,0.0,0.000,0.002,13.445,36.466,0.00
1786302940,bench_mixed,0.00,0.00,0.0,0.000,0.002,13.445,36.466,0.00
1786302945,bench_mixed,0.00,0.00,0.0,0.000,0.002,13.445,36.466,0.00
1786302951,bench_mixed,0.00,0.00,0.0,0.000,0.002,13.445,36.466,0.00
1786302956,bench_mixed,0.00,0.00,0.0,0.000,0.002,13.445,36.467,0.00
1786302961,bench_mixed,0.00,0.00,0.0,0.000,0.002,13.445,36.467,0.00
1786302966,bench_mixed,0.00,0.00,0.0,0.000,0.002,13.445,36.468,0.00
1786302971,bench_mixed,0.00,0.00,0.0,0.000,0.002,13.445,36.468,0.00
1786302976,bench_mixed,0.00,0.00,0.0,0.000,0.002,13.445,36.468,0.00
1786302981,bench_mixed,0.00,0.00,0.0,0.000,0.002,13.445,36.468,0.00
1786302986,bench_mixed,0.00,0.00,0.0,0.000,0.002,13.445,36.467,0.00
1786302991,bench_mixed,0.00,0.00,0.0,0.000,0.002,13.445,36.467,0.00
1786302996,bench_mixed,0.00,0.00,0.0,0.000,0.002,13.445,36.467,0.00
1786303001,bench_mixed,0.00,0.00,0.0,0.000,0.002,13.445,36.468,0.00
1786303006,bench_mixed,0.00,0.00,0.0,0.000,0.002,13.445,36.468,0.00
1786303011,bench_mixed,0.00,0.00,0.0,0.000,0.002,13.445,36.468,0.00
1786303016,bench_mixed,0.00,0.00,0.0,0.000,0.002,13.445,36.469,0.00
1786303021,bench_mixed,0.00,0.00,0.0,0.000,0.002,13.445,36.470,0.00
1786303026,bench_mixed,0.00,0.00,0.0,0.000,0.002,13.445,36.471,0.00
1786303031,bench_mixed,0.00,0.00,0.0,0.000,0.002,13.445,36.471,0.00
1786303036,bench_mixed,0.00,0.00,0.0,0.000,0.002,13.445,36.470,0.00
1786303041,bench_mixed,0.00,0.00,0.0,0.000,0.002,13.445,36.470,0.00
1786303046,bench_mixed,0.00,0.00,0.0,0.000,0.002,13.445,36.470,0.00
1786303052,bench_mixed,0.00,0.00,0.0,0.000,0.002,13.445,36.469,0.00
1786303057,bench_mixed,0.00,0.00,0.0,0.000,0.002,13.445,36.469,0.00
1786303062,bench_mixed,0.00,0.00,0.0,0.000,0.002,13.445,36.469,0.00
1786303067,bench_mixed,0.00,0.00,0.0,0.000,0.002,13.445,36.469,0.00
1786303072,bench_mixed,0.00,0.00,0.0,0.000,0.002,13.445,36.469,0.00
1786303077,bench_mixed,0.00,0.00,0.0,0.000,0.002,13.445,36.469,0.00
1786303082,bench_mixed,0.00,0.00,0.0,0.000,0.002,13.445,36.469,0.00
1786303087,bench_mixed,0.00,0.00,0.0,0.000,0.002,13.445,36.469,0.00
1786303092,bench_mixed,0.00,0.00,0.0,0.000,0.002,13.445,36.469,0.00
1786303097,bench_mixed,0.00,0.00,0.0,0.000,0.002,13.445,36.469,0.00
1786303102,bench_mixed,0.00,0.00,0.0,0.000,0.002,13.445,36.469,0.00
1786303107,bench_mixed,0.00,0.00,0.0,0.000,0.002,13.445,36.469,0.00
1786303112,bench_mixed,0.00,0.00,0.0,0.000,0.002,13.445,36.469,0.00
1786303117,bench_mixed,0.00,0.00,0.0,0.000,0.002,13.445,36.469,0.00
1786303122,bench_mixed,0.00,0.00,0.0,0.000,0.002,13.445,36.469,0.00
1786303127,bench_mixed,0.00,0.00,0.0,0.000,0.002,13.445,36.468,0.00
1786303132,bench_mixed,0.00,0.00,0.0,0.000,0.002,13.445,36.468,0.00
1786303137,bench_mixed,0.00,0.00,0.0,0.000,0.002,13.445,36.468,0.00
1786303142,bench_mixed,0.00,0.00,0.0,0.000,0.002,13.445,36.468,0.00
1786303148,bench_mixed,0.00,0.00,0.0,0.000,0.002,13.445,36.469,0.00
1786303153,bench_mixed,0.00,0.00,0.0,0.000,0.002,13.445,36.469,0.00
1786303158,bench_mixed,0.00,0.00,0.0,0.000,0.002,13.445,36.469,0.00
1786303163,bench_mixed,0.00,0.00,0.0,0.000,0.002,13.445,36.469,0.00
1786303168,bench_mixed,0.00,0.00,0.0,0.000,0.002,13.445,36.469,0.00
1786303173,bench_mixed,0.00,0.00,0.0,0.000,0.002,13.445,36.469,0.00
1786303178,bench_mixed,0.00,0.00,0.0,0.000,0.002,13.445,36.469,0.00
1786303183,bench_mixed,0.00,0.00,0.0,0.000,0.002,13.445,36.469,0.00
1786303188,bench_mixed,0.00,0.00,0.0,0.000,0.002,13.445,36.469,0.00
1786303193,bench_mixed,0.00,0.00,0.0,0.000,0.002,13.445,36.469,0.00
1786303198,bench_mixed,0.00,0.00,0.0,0.000,0.002,13.445,36.469,0.00
1786303203,bench_mixed,0.00,0.00,0.0,0.000,0.002,13.445,36.470,0.00
