ts,phase,nvme_rd_mb_s,nvme_wr_mb_s,nvme_active_pct,cte_file_tier_gb,devshm_used_gb,clio_rss_gb,mem_avail_gb,nfs_rd_mb_s
1786265768,ingest,0.01,0.00,0.2,0.000,0.000,0.315,37.208,0.05
1786265773,ingest,0.00,0.00,0.0,0.000,0.000,0.730,36.774,0.00
1786265778,ingest,0.00,0.00,0.1,0.000,0.000,0.989,36.517,0.00
1786265783,ingest,0.00,0.00,0.0,0.000,0.000,1.258,36.249,0.00
1786265788,ingest,0.00,0.00,0.0,0.000,0.000,1.526,35.981,0.00
1786265793,ingest,0.00,0.00,0.0,0.000,0.000,1.794,35.730,0.00
1786265798,ingest,0.00,0.00,0.0,0.000,0.000,1.986,35.541,0.00
1786265803,ingest,0.00,0.00,0.0,0.000,0.000,2.241,35.287,0.00
1786265808,ingest,0.00,0.01,0.1,0.000,0.000,2.517,35.010,0.00
1786265813,ingest,0.00,0.00,0.0,0.000,0.000,2.699,34.829,0.00
1786265818,ingest,0.00,0.00,0.0,0.000,0.000,2.912,34.615,0.00
1786265823,ingest,0.00,0.00,0.0,0.000,0.000,3.157,34.370,0.00
1786265828,ingest,0.00,0.00,0.0,0.000,0.000,3.404,34.121,0.00
1786265833,ingest,0.00,0.00,0.0,0.000,0.000,3.618,33.912,0.00
1786265838,ingest,0.00,0.00,0.1,0.000,0.000,3.878,33.650,0.00
1786265843,ingest,0.00,0.00,0.0,0.000,0.000,4.126,33.403,0.00
1786265849,ingest,0.00,0.00,0.0,0.000,0.000,4.322,33.212,0.00
1786265854,ingest,0.00,0.00,0.0,0.000,0.000,4.662,32.872,0.00
1786265859,ingest,0.00,0.00,0.0,0.000,0.000,4.941,32.590,0.00
1786265864,ingest,0.00,0.00,0.0,0.000,0.000,5.213,32.318,0.00
1786265869,ingest,0.00,0.00,0.1,0.000,0.000,5.575,31.957,0.00
1786265874,ingest,0.00,0.00,0.0,0.000,0.000,5.759,31.772,0.00
1786265879,ingest,0.00,0.00,0.0,0.000,0.000,6.031,31.500,0.00
1786265884,ingest,0.00,0.00,0.0,0.000,0.000,6.305,31.225,0.00
1786265889,ingest,0.00,0.00,0.0,0.000,0.000,6.499,31.030,0.00
1786265894,ingest,0.00,0.00,0.0,0.000,0.000,6.762,30.766,0.00
1786265899,ingest,0.00,0.00,0.0,0.000,0.000,7.030,30.497,0.00
1786265904,ingest,0.00,0.00,0.0,0.000,0.000,7.350,30.174,0.00
1786265909,ingest,0.00,0.00,0.0,0.000,0.000,7.659,29.851,0.00
1786265914,ingest,0.00,0.00,0.0,0.000,0.000,7.937,29.572,0.00
1786265919,ingest,0.00,0.00,0.0,0.000,0.000,8.286,29.222,0.00
1786265924,ingest,0.00,0.00,0.0,0.000,0.000,8.453,29.055,0.00
1786265929,ingest,0.00,0.00,0.0,0.000,0.000,8.732,28.771,0.00
1786265934,ingest,0.00,0.00,0.0,0.000,0.000,8.925,28.581,0.00
1786265939,ingest,0.00,0.00,0.0,0.000,0.000,9.110,28.395,0.00
1786265945,ingest,0.00,0.00,0.0,0.000,0.000,9.392,28.116,0.00
1786265950,ingest,0.00,0.00,0.0,0.000,0.000,9.635,27.871,0.00
1786265955,ingest,0.00,0.00,0.0,0.000,0.000,9.926,27.579,0.00
1786265960,ingest,0.00,0.00,0.0,0.000,0.000,10.176,27.327,0.00
1786265965,ingest,0.00,0.00,0.0,0.000,0.000,10.358,27.144,0.00
1786265970,ingest,0.00,0.00,0.0,0.000,0.000,10.619,26.881,0.00
1786265975,ingest,0.00,0.00,0.0,0.000,0.000,10.804,26.696,0.00
1786265980,ingest,0.00,0.00,0.0,0.000,0.000,11.055,26.442,0.00
1786265985,ingest,0.00,0.00,0.0,0.000,0.000,11.243,26.254,0.00
1786265990,ingest,0.00,0.00,0.0,0.000,0.000,11.504,25.989,0.00
1786265995,ingest,0.00,0.00,0.0,0.000,0.000,11.670,25.822,0.00
1786266000,ingest,0.00,0.00,0.0,0.000,0.000,11.938,25.553,0.00
1786266005,ingest,0.00,0.00,0.0,0.000,0.000,12.330,25.164,0.00
1786266010,ingest,0.00,0.00,0.0,0.000,0.000,12.514,24.982,0.00
1786266015,ingest,0.00,0.00,0.0,0.000,0.000,12.764,24.731,0.00
1786266020,ingest,0.00,0.00,0.0,0.000,0.000,13.042,24.450,0.00
1786266025,ingest,0.00,0.00,0.0,0.000,0.000,13.313,24.177,0.00
1786266030,ingest,0.00,0.00,0.0,0.000,0.000,13.508,23.976,0.00
1786266035,ingest,0.00,0.00,0.0,0.000,0.000,13.691,23.799,0.00
1786266041,ingest,0.00,0.00,0.0,0.000,0.000,13.934,23.555,0.00
1786266046,ingest,0.00,0.00,0.0,0.000,0.000,14.209,23.278,0.00
1786266051,ingest,0.00,0.00,0.0,0.000,0.000,14.481,23.006,0.00
1786266056,ingest,0.00,0.00,0.0,0.000,0.000,14.743,22.744,0.00
1786266061,ingest,0.00,0.00,0.0,0.000,0.000,14.925,22.562,0.00
1786266066,ingest,0.00,0.00,0.0,0.000,0.000,15.207,22.279,0.00
1786266071,ingest,0.00,0.00,0.0,0.000,0.000,15.483,21.993,0.03
1786266076,ingest,0.00,0.00,0.0,0.000,0.000,15.651,21.825,0.00
1786266081,ingest,0.00,0.00,0.0,0.000,0.000,15.980,21.495,0.00
1786266086,ingest,0.00,0.00,0.0,0.000,0.000,16.197,21.279,0.00
1786266091,ingest,0.00,0.00,0.0,0.000,0.000,16.378,21.094,0.00
1786266096,ingest,0.00,0.00,0.0,0.000,0.000,16.604,20.868,0.00
1786266101,ingest,0.00,0.00,0.0,0.000,0.000,16.860,20.611,0.00
1786266106,ingest,0.00,0.00,0.0,0.000,0.000,17.060,20.412,0.00
1786266111,ingest,0.00,0.00,0.0,0.000,0.000,17.317,20.156,0.00
1786266116,ingest,0.00,0.00,0.0,0.000,0.000,17.427,20.047,0.00
1786266121,ingest,0.00,0.00,0.0,0.000,0.000,17.771,19.701,0.00
1786266126,ingest,0.00,0.00,0.0,0.000,0.000,17.970,19.499,0.00
1786266132,ingest,0.00,0.00,0.0,0.000,0.000,18.304,19.166,0.00
1786266137,ingest,0.00,0.00,0.0,0.000,0.000,18.612,18.856,0.00
1786266142,ingest,0.00,0.00,0.0,0.000,0.000,18.869,18.599,0.00
1786266147,ingest,0.00,0.00,0.0,0.000,0.000,19.137,18.326,0.00
1786266152,ingest,0.00,0.00,0.0,0.000,0.000,19.422,18.043,0.00
1786266157,ingest,0.00,0.00,0.0,0.000,0.000,19.674,17.792,0.00
1786266162,ingest,0.00,0.00,0.0,0.000,0.000,19.917,17.551,0.00
1786266167,ingest,0.00,0.00,0.0,0.000,0.000,20.113,17.354,0.00
1786266172,ingest,0.00,0.00,0.0,0.000,0.000,20.454,17.013,0.00
1786266177,ingest,0.00,0.00,0.0,0.000,0.000,20.726,16.743,0.00
1786266182,ingest,0.00,0.00,0.0,0.000,0.000,21.002,16.467,0.00
1786266187,ingest,0.00,0.00,0.0,0.000,0.000,21.353,16.114,0.00
1786266192,ingest,0.00,0.00,0.0,0.000,0.000,21.541,15.925,0.00
1786266197,ingest,0.00,0.00,0.0,0.000,0.000,21.786,15.680,0.00
1786266202,ingest,0.00,0.00,0.0,0.000,0.000,22.093,15.374,0.00
1786266207,ingest,0.00,0.00,0.0,0.000,0.000,22.360,15.104,0.00
1786266212,ingest,0.00,0.00,0.0,0.000,0.000,22.543,14.918,0.00
1786266217,ingest,0.00,0.00,0.0,0.000,0.000,22.768,14.689,0.00
1786266222,ingest,0.00,0.00,0.0,0.000,0.000,22.999,14.457,0.00
1786266228,ingest,0.00,0.00,0.0,0.000,0.000,23.230,14.223,0.00
1786266233,ingest,0.00,0.00,0.0,0.000,0.000,23.410,14.043,0.00
1786266238,ingest,0.00,0.00,0.0,0.000,0.000,23.603,13.850,0.00
1786266243,ingest,0.00,0.00,0.0,0.000,0.000,23.801,13.651,0.00
1786266248,ingest,0.00,0.00,0.0,0.000,0.000,24.090,13.358,0.00
1786266253,ingest,0.00,0.00,0.0,0.000,0.000,24.436,13.011,0.00
1786266258,ingest,0.00,0.00,0.0,0.000,0.000,24.645,12.802,0.00
1786266263,ingest,0.00,0.00,0.0,0.000,0.000,24.847,12.600,0.00
1786266268,ingest,0.00,0.00,0.0,0.000,0.000,25.100,12.342,0.00
1786266273,ingest,0.00,0.00,0.0,0.000,0.000,25.259,12.180,0.00
1786266278,ingest,0.00,0.00,0.0,0.000,0.000,25.528,11.909,0.00
1786266283,ingest,0.00,0.00,0.0,0.000,0.000,25.803,11.632,0.00
1786266288,ingest,0.00,0.00,0.0,0.000,0.000,26.069,11.370,0.00
1786266293,ingest,0.00,0.00,0.0,0.000,0.000,26.289,11.150,0.00
1786266298,ingest,0.00,0.00,0.0,0.000,0.000,26.465,10.971,0.00
1786266303,ingest,0.00,0.00,0.0,0.000,0.000,26.812,10.623,0.00
1786266308,ingest,0.00,0.00,0.0,0.000,0.000,27.077,10.356,0.00
1786266313,ingest,0.00,0.00,0.0,0.000,0.000,27.256,10.177,0.00
1786266318,ingest,0.00,0.00,0.0,0.000,0.000,27.591,9.840,0.00
1786266324,ingest,0.00,0.00,0.0,0.000,0.000,27.771,9.662,0.00
1786266329,ingest,0.00,0.00,0.0,0.000,0.000,28.033,9.400,0.00
1786266334,ingest,0.00,0.00,0.0,0.000,0.000,28.208,9.226,0.00
1786266339,ingest,0.00,0.00,0.0,0.000,0.000,28.462,8.970,0.00
1786266344,ingest,0.00,0.00,0.0,0.000,0.000,28.638,8.792,0.00
1786266349,ingest,0.00,0.00,0.0,0.000,0.000,28.900,8.530,0.00
1786266354,ingest,0.00,0.00,0.0,0.000,0.000,29.184,8.245,0.00
1786266359,ingest,0.00,0.00,0.0,0.000,0.000,29.361,8.070,0.00
1786266364,ingest,0.00,0.00,0.0,0.000,0.000,29.657,7.774,0.00
1786266369,ingest,0.00,0.00,0.0,0.000,0.000,29.888,7.529,0.03
1786266374,ingest,0.00,0.00,0.0,0.000,0.000,30.071,7.345,0.00
1786266379,ingest,0.00,0.00,0.0,0.000,0.000,30.287,7.134,0.00
1786266384,ingest,0.00,0.00,0.0,0.000,0.000,30.533,6.885,0.00
1786266389,ingest,0.00,0.00,0.0,0.000,0.000,30.723,6.698,0.00
1786266394,ingest,0.00,0.00,0.0,0.000,0.000,30.959,6.460,0.00
1786266399,ingest,0.00,0.00,0.0,0.000,0.000,31.156,6.262,0.00
1786266404,ingest,0.00,0.00,0.0,0.000,0.000,31.332,6.087,0.00
1786266409,ingest,0.00,0.00,0.0,0.000,0.000,31.607,5.811,0.00
1786266415,ingest,0.00,0.00,0.0,0.000,0.000,31.771,5.643,0.00
1786266420,ingest,0.00,0.00,0.0,0.000,0.000,31.984,5.431,0.00
1786266425,ingest,0.00,0.00,0.0,0.000,0.000,32.261,5.152,0.00
1786266430,ingest,0.00,0.00,0.0,0.000,0.000,32.466,4.949,0.00
1786266435,ingest,0.00,0.00,0.0,0.000,0.000,32.728,4.685,0.00
1786266440,ingest,0.00,0.00,0.0,0.000,0.000,32.990,4.423,0.00
1786266445,ingest,0.00,0.00,0.0,0.000,0.000,33.262,4.147,0.00
1786266450,ingest,0.00,0.00,0.0,0.000,0.000,33.445,3.966,0.00
1786266455,ingest,0.00,0.00,0.0,0.000,0.000,33.744,3.669,0.00
1786266460,ingest,0.00,0.00,0.0,0.000,0.000,34.012,3.399,0.00
1786266465,ingest,0.00,0.00,0.0,0.000,0.000,34.194,3.215,0.00
1786266470,ingest,0.00,0.00,0.0,0.000,0.000,34.548,2.863,0.00
1786266475,ingest,0.00,0.00,0.0,0.000,0.000,34.808,2.600,0.00
1786266480,ingest,0.00,0.00,0.0,0.000,0.000,35.093,2.316,0.00
1786266485,ingest,0.00,0.00,0.0,0.000,0.000,35.301,2.104,0.00
1786266490,ingest,0.00,0.00,0.0,0.000,0.000,35.505,1.901,0.00
1786266495,ingest,0.00,0.00,0.0,0.000,0.000,35.799,1.605,0.00
1786266500,ingest,0.00,0.00,0.0,0.000,0.000,36.031,1.373,0.00
1786266505,ingest,0.00,0.00,0.0,0.000,0.000,36.202,1.206,0.00
1786266511,ingest,0.00,0.00,0.0,0.000,0.000,36.508,0.897,0.00
1786266516,ingest,0.00,0.00,0.0,0.000,0.000,36.877,0.522,0.00
1786266521,ingest,0.00,0.00,0.0,0.000,0.000,37.066,0.431,0.00
1786266526,ingest,0.00,0.00,0.0,0.000,0.000,37.311,0.284,0.00
1786266531,ingest,0.00,0.00,0.0,0.000,0.000,0.000,0.634,0.00
1786266545,ingest,0.00,0.00,0.0,0.000,0.000,0.000,37.447,0.00
1786266550,ingest,0.00,0.00,0.0,0.000,0.000,0.000,37.647,0.00
1786266555,ingest,0.00,0.00,0.0,0.000,0.000,0.000,37.639,0.00
1786266560,ingest,0.00,0.00,0.0,0.000,0.000,0.000,37.639,0.00
1786266565,ingest,0.00,0.00,0.0,0.000,0.000,0.000,37.635,0.00
1786266570,ingest,0.00,0.00,0.0,0.000,0.000,0.000,37.633,0.00
1786266575,ingest,0.00,0.00,0.0,0.000,0.000,0.000,37.601,0.00
1786266580,ingest,0.00,0.00,0.0,0.000,0.000,0.000,37.601,0.00
1786266585,ingest,0.00,0.00,0.0,0.000,0.000,0.000,37.598,0.00
1786266590,ingest,0.00,0.00,0.0,0.000,0.000,0.000,37.598,0.00
1786266595,ingest,0.00,0.00,0.0,0.000,0.000,0.000,37.598,0.00
1786266600,ingest,0.00,0.00,0.0,0.000,0.000,0.000,37.598,0.00
1786266605,ingest,0.00,0.00,0.0,0.000,0.000,0.000,37.597,0.00
1786266610,ingest,0.00,0.00,0.0,0.000,0.000,0.000,37.597,0.00
1786266615,ingest,0.00,0.00,0.0,0.000,0.000,0.000,37.594,0.00
1786266620,ingest,0.00,0.00,0.0,0.000,0.000,0.000,37.594,0.00
1786266626,ingest,0.00,0.00,0.0,0.000,0.000,0.000,37.595,0.00
1786266631,ingest,0.00,0.00,0.0,0.000,0.000,0.000,37.594,0.00
1786266636,ingest,0.00,0.00,0.0,0.000,0.000,0.000,37.595,0.00
1786266641,ingest,0.00,0.00,0.0,0.000,0.000,0.000,37.592,0.00
1786266646,ingest,0.00,0.00,0.0,0.000,0.000,0.000,37.592,0.00
1786266651,ingest,0.00,0.00,0.0,0.000,0.000,0.000,37.592,0.00
1786266656,ingest,0.00,0.00,0.0,0.000,0.000,0.000,37.590,0.00
1786266661,ingest,0.00,0.00,0.0,0.000,0.000,0.000,37.588,0.00
1786266666,ingest,0.00,0.00,0.0,0.000,0.000,0.000,37.586,0.00
1786266671,ingest,0.00,0.00,0.0,0.000,0.000,0.000,37.586,0.00
1786266676,ingest,0.00,0.00,0.0,0.000,0.000,0.000,37.586,0.00
1786266681,ingest,0.00,0.00,0.0,0.000,0.000,0.000,37.587,0.00
1786266686,ingest,0.00,0.00,0.0,0.000,0.000,0.000,37.585,0.00
1786266691,ingest,0.00,0.00,0.0,0.000,0.000,0.000,37.585,0.00
1786266696,ingest,0.00,0.00,0.0,0.000,0.000,0.000,37.584,0.00
1786266701,ingest,0.00,0.00,0.0,0.000,0.000,0.000,37.585,0.00
1786266706,ingest,0.00,0.00,0.0,0.000,0.000,0.000,37.580,0.00
1786266711,ingest,0.00,0.00,0.0,0.000,0.000,0.000,37.581,0.00
1786266716,ingest,0.00,0.00,0.0,0.000,0.000,0.000,37.579,0.00
1786266722,ingest,0.00,0.00,0.0,0.000,0.000,0.000,37.580,0.00
1786266727,ingest,0.00,0.00,0.0,0.000,0.000,0.000,37.580,0.00
1786266732,ingest,0.00,0.00,0.0,0.000,0.000,0.000,37.581,0.00
1786266737,ingest,0.00,0.00,0.0,0.000,0.000,0.000,37.580,0.00
1786266742,ingest,0.00,0.00,0.0,0.000,0.000,0.000,37.579,0.00
1786266747,ingest,0.00,0.00,0.0,0.000,0.000,0.000,37.577,0.00
1786266752,ingest,0.00,0.00,0.0,0.000,0.000,0.000,37.577,0.00
1786266757,ingest,0.00,0.00,0.0,0.000,0.000,0.000,37.578,0.00
1786266762,ingest,0.00,0.00,0.0,0.000,0.000,0.000,37.578,0.00
1786266767,ingest,0.00,0.00,0.0,0.000,0.000,0.000,37.576,0.00
1786266772,ingest,0.00,0.00,0.0,0.000,0.000,0.000,37.580,0.00
1786266777,ingest,0.00,0.00,0.0,0.000,0.000,0.000,37.580,0.00
1786266782,ingest,0.00,0.00,0.0,0.000,0.000,0.000,37.581,0.00
1786266787,ingest,0.00,0.00,0.0,0.000,0.000,0.000,37.581,0.00
1786266792,ingest,0.00,0.00,0.0,0.000,0.000,0.000,37.584,0.00
1786266797,ingest,0.00,0.00,0.0,0.000,0.000,0.000,37.582,0.00
1786266802,ingest,0.00,0.00,0.0,0.000,0.000,0.000,37.582,0.00
1786266807,ingest,0.00,0.00,0.0,0.000,0.000,0.000,37.580,0.00
1786266813,ingest,0.00,0.00,0.0,0.000,0.000,0.000,37.581,0.00
1786266818,ingest,0.00,0.00,0.0,0.000,0.000,0.000,37.583,0.00
1786266823,ingest,0.00,0.00,0.0,0.000,0.000,0.000,37.583,0.00
1786266828,ingest,0.00,0.00,0.0,0.000,0.000,0.000,37.576,0.00
1786266833,ingest,0.00,0.00,0.0,0.000,0.000,0.000,37.582,0.00
1786266838,ingest,0.00,0.00,0.0,0.000,0.000,0.000,37.583,0.00
1786266843,ingest,0.00,0.00,0.0,0.000,0.000,0.000,37.580,0.00
1786266848,ingest,0.00,0.00,0.0,0.000,0.000,0.000,37.582,0.00
1786266853,ingest,0.00,0.00,0.0,0.000,0.000,0.000,37.585,0.00
1786266858,ingest,0.00,0.00,0.0,0.000,0.000,0.000,37.585,0.00
1786266863,ingest,0.00,0.00,0.0,0.000,0.000,0.000,37.584,0.00
1786266868,ingest,0.00,0.00,0.0,0.000,0.000,0.000,37.584,0.00
1786266873,ingest,0.00,0.00,0.0,0.000,0.000,0.000,37.583,0.00
1786266878,ingest,0.00,0.00,0.0,0.000,0.000,0.000,37.583,0.00
1786266883,ingest,0.00,0.00,0.0,0.000,0.000,0.000,37.583,0.00
1786266888,ingest,0.00,0.00,0.0,0.000,0.000,0.000,37.579,0.00
1786266893,ingest,0.00,0.00,0.0,0.000,0.000,0.000,37.579,0.00
1786266898,ingest,0.00,0.00,0.0,0.000,0.000,0.000,37.579,0.00
1786266903,ingest,0.00,0.00,0.0,0.000,0.000,0.000,37.575,0.00
1786266909,ingest,0.00,0.00,0.0,0.000,0.000,0.000,37.574,0.00
1786266914,ingest,0.00,0.00,0.0,0.000,0.000,0.000,37.574,0.00
1786266919,ingest,0.00,0.00,0.0,0.000,0.000,0.000,37.573,0.00
1786266924,ingest,0.00,0.00,0.0,0.000,0.000,0.000,37.572,0.00
1786266929,ingest,0.00,0.00,0.0,0.000,0.000,0.000,37.572,0.00
1786266934,ingest,0.00,0.00,0.0,0.000,0.000,0.000,37.566,0.00
1786266939,ingest,0.00,0.00,0.0,0.000,0.000,0.000,37.566,0.00
1786266944,ingest,0.00,0.00,0.0,0.000,0.000,0.000,37.567,0.00
1786266949,ingest,0.00,0.00,0.0,0.000,0.000,0.000,37.567,0.00
1786266954,ingest,0.00,0.00,0.0,0.000,0.000,0.000,37.565,0.00
1786266959,ingest,0.00,0.00,0.0,0.000,0.000,0.000,37.565,0.00
1786266964,ingest,0.00,0.00,0.0,0.000,0.000,0.000,37.505,0.00
1786266969,ingest,0.00,0.00,0.0,0.000,0.000,0.000,37.509,0.00
1786266974,ingest,0.00,0.00,0.0,0.000,0.000,0.000,37.447,0.00
1786266979,ingest,0.00,0.00,0.0,0.000,0.000,0.000,37.419,0.00
1786266984,ingest,0.00,0.00,0.0,0.000,0.000,0.000,37.501,0.00
1786266989,ingest,0.00,0.00,0.0,0.000,0.000,0.000,37.528,0.00
1786266994,ingest,0.00,0.00,0.0,0.000,0.000,0.000,37.534,0.00
1786267000,ingest,0.00,0.00,0.0,0.000,0.000,0.000,37.534,0.00
1786267005,ingest,0.00,0.00,0.0,0.000,0.000,0.000,37.535,0.00
1786267010,ingest,0.00,0.00,0.0,0.000,0.000,0.000,37.535,0.00
1786267015,ingest,0.00,0.00,0.0,0.000,0.000,0.000,37.535,0.00
1786267020,ingest,0.00,0.00,0.0,0.000,0.000,0.000,37.535,0.00
1786267025,ingest,0.00,0.00,0.0,0.000,0.000,0.000,37.536,0.00
1786267030,ingest,0.00,0.00,0.0,0.000,0.000,0.000,37.536,0.00
1786267035,ingest,0.00,0.00,0.0,0.000,0.000,0.000,37.538,0.00
1786267040,ingest,0.00,0.00,0.0,0.000,0.000,0.000,37.539,0.00
1786267045,ingest,0.00,0.00,0.0,0.000,0.000,0.000,37.541,0.00
1786267050,ingest,0.00,0.00,0.0,0.000,0.000,0.000,37.542,0.00
1786267055,ingest,0.00,0.00,0.0,0.000,0.000,0.000,37.540,0.00
1786267060,ingest,0.00,0.00,0.0,0.000,0.000,0.000,37.541,0.00
1786267065,ingest,0.00,0.00,0.0,0.000,0.000,0.000,37.542,0.00
1786267070,ingest,0.00,0.00,0.0,0.000,0.000,0.000,37.541,0.00
1786267075,ingest,0.00,0.00,0.0,0.000,0.000,0.000,37.544,0.00
1786267080,ingest,0.00,0.00,0.0,0.000,0.000,0.000,37.543,0.00
1786267085,ingest,0.00,0.00,0.0,0.000,0.000,0.000,37.539,0.00
1786267090,ingest,0.00,0.00,0.0,0.000,0.000,0.000,37.542,0.00
1786267096,ingest,0.00,0.00,0.0,0.000,0.000,0.000,37.544,0.00
1786267101,ingest,0.00,0.00,0.0,0.000,0.000,0.000,37.545,0.00
1786267106,ingest,0.00,0.00,0.0,0.000,0.000,0.000,37.544,0.00
1786267111,ingest,0.00,0.00,0.0,0.000,0.000,0.000,37.545,0.00
1786267116,ingest,0.00,0.00,0.0,0.000,0.000,0.000,37.545,0.00
1786267121,ingest,0.00,0.00,0.0,0.000,0.000,0.000,37.544,0.00
1786267126,ingest,0.00,0.00,0.0,0.000,0.000,0.000,37.544,0.00
1786267131,ingest,0.00,0.00,0.0,0.000,0.000,0.000,37.544,0.00
1786267136,ingest,0.00,0.00,0.0,0.000,0.000,0.000,37.542,0.00
1786267141,ingest,0.00,0.00,0.0,0.000,0.000,0.000,37.543,0.00
1786267146,ingest,0.00,0.00,0.0,0.000,0.000,0.000,37.541,0.00
1786267151,ingest,0.00,0.00,0.0,0.000,0.000,0.000,37.543,0.00
1786267156,ingest,0.00,0.00,0.0,0.000,0.000,0.000,37.545,0.00
1786267161,ingest,0.00,0.00,0.0,0.000,0.000,0.000,37.546,0.00
1786267166,ingest,0.00,0.00,0.0,0.000,0.000,0.000,37.544,0.00
1786267171,ingest,0.00,0.00,0.0,0.000,0.000,0.000,37.545,0.00
1786267176,ingest,0.00,0.00,0.0,0.000,0.000,0.000,37.544,0.00
1786267181,ingest,0.00,0.00,0.0,0.000,0.000,0.000,37.544,0.00
1786267186,ingest,0.00,0.00,0.0,0.000,0.000,0.000,37.546,0.00
1786267192,ingest,0.00,0.00,0.0,0.000,0.000,0.000,37.546,0.00
1786267197,ingest,0.00,0.00,0.0,0.000,0.000,0.000,37.544,0.00
1786267202,ingest,0.00,0.00,0.0,0.000,0.000,0.000,37.543,0.00
1786267207,ingest,0.00,0.00,0.0,0.000,0.000,0.000,37.543,0.00
1786267212,ingest,0.00,0.00,0.0,0.000,0.000,0.000,37.543,0.00
1786267217,ingest,0.00,0.00,0.0,0.000,0.000,0.000,37.543,0.00
1786267222,ingest,0.00,0.00,0.0,0.000,0.000,0.000,37.543,0.00
1786267227,ingest,0.00,0.00,0.0,0.000,0.000,0.000,37.543,0.00
1786267232,ingest,0.00,0.00,0.0,0.000,0.000,0.000,37.542,0.00
1786267237,ingest,0.00,0.00,0.0,0.000,0.000,0.000,37.542,0.00
1786267242,ingest,0.00,0.00,0.0,0.000,0.000,0.000,37.542,0.00
1786267247,ingest,0.00,0.00,0.0,0.000,0.000,0.000,37.541,0.00
1786267252,ingest,0.00,0.00,0.0,0.000,0.000,0.000,37.542,0.00
1786267257,ingest,0.00,0.00,0.0,0.000,0.000,0.000,37.542,0.00
1786267262,ingest,0.00,0.00,0.0,0.000,0.000,0.000,37.542,0.00
1786267267,ingest,0.00,0.00,0.0,0.000,0.000,0.000,37.542,0.00
1786267272,ingest,0.00,0.00,0.0,0.000,0.000,0.000,37.542,0.00
1786267277,ingest,0.00,0.00,0.0,0.000,0.000,0.000,37.541,0.00
1786267282,ingest,0.00,0.00,0.0,0.000,0.000,0.000,37.545,0.00
1786267288,ingest,0.00,0.00,0.0,0.000,0.000,0.000,37.544,0.00
1786267293,ingest,0.00,0.00,0.0,0.000,0.000,0.000,37.544,0.00
1786267298,ingest,0.00,0.00,0.0,0.000,0.000,0.000,37.544,0.00
1786267303,ingest,0.00,0.00,0.0,0.000,0.000,0.000,37.543,0.00
1786267308,ingest,0.00,0.00,0.0,0.000,0.000,0.000,37.543,0.00
1786267313,ingest,0.00,0.00,0.0,0.000,0.000,0.000,37.543,0.00
1786267318,ingest,0.00,0.00,0.0,0.000,0.000,0.000,37.543,0.00
1786267323,ingest,0.00,0.00,0.0,0.000,0.000,0.000,37.541,0.00
1786267328,ingest,0.00,0.00,0.0,0.000,0.000,0.000,37.540,0.00
1786267333,ingest,0.00,0.00,0.0,0.000,0.000,0.000,37.542,0.00
1786267338,ingest,0.00,0.00,0.0,0.000,0.000,0.000,37.542,0.00
1786267343,ingest,0.00,0.00,0.0,0.000,0.000,0.000,37.542,0.00
1786267348,ingest,0.00,0.00,0.0,0.000,0.000,0.000,37.542,0.00
1786267353,ingest,0.00,0.00,0.0,0.000,0.000,0.000,37.542,0.00
1786267358,ingest,0.00,0.00,0.0,0.000,0.000,0.000,37.543,0.00
1786267363,ingest,0.00,0.00,0.0,0.000,0.000,0.000,37.545,0.00
1786267368,ingest,0.00,0.00,0.0,0.000,0.000,0.000,37.545,0.00
1786267373,ingest,0.00,0.00,0.0,0.000,0.000,0.000,37.545,0.00
1786267378,ingest,0.00,0.00,0.0,0.000,0.000,0.000,37.546,0.00
1786267384,ingest,0.00,0.00,0.0,0.000,0.000,0.000,37.548,0.00
1786267389,ingest,0.00,0.00,0.0,0.000,0.000,0.000,37.548,0.00
1786267394,ingest,0.00,0.00,0.0,0.000,0.000,0.000,37.549,0.00
1786267399,ingest,0.00,0.00,0.0,0.000,0.000,0.000,37.550,0.00
1786267404,ingest,0.00,0.00,0.0,0.000,0.000,0.000,37.550,0.00
1786267409,ingest,0.00,0.00,0.0,0.000,0.000,0.000,37.550,0.00
1786267414,ingest,0.00,0.00,0.0,0.000,0.000,0.000,37.550,0.00
1786267419,ingest,0.00,0.00,0.0,0.000,0.000,0.000,37.551,0.00
1786267424,ingest,0.00,0.00,0.0,0.000,0.000,0.000,37.550,0.00
1786267429,ingest,0.00,0.00,0.0,0.000,0.000,0.000,37.550,0.00
1786267434,ingest,0.00,0.00,0.0,0.000,0.000,0.000,37.551,0.00
1786267439,ingest,0.00,0.00,0.0,0.000,0.000,0.000,37.551,0.00
1786267444,ingest,0.00,0.00,0.0,0.000,0.000,0.000,37.550,0.00
1786267449,ingest,0.00,0.00,0.0,0.000,0.000,0.000,37.551,0.00
1786267454,ingest,0.00,0.00,0.0,0.000,0.000,0.000,37.549,0.00
1786267459,ingest,0.00,0.00,0.0,0.000,0.000,0.000,37.549,0.00
1786267464,ingest,0.00,0.00,0.0,0.000,0.000,0.000,37.548,0.00
1786267469,ingest,0.00,0.00,0.0,0.000,0.000,0.000,37.549,0.00
1786267475,ingest,0.00,0.00,0.0,0.000,0.000,0.000,37.548,0.00
1786267480,ingest,0.00,0.00,0.0,0.000,0.000,0.000,37.549,0.00
1786267485,ingest,0.00,0.00,0.0,0.000,0.000,0.000,37.546,0.00
1786267490,ingest,0.00,0.00,0.0,0.000,0.000,0.000,37.547,0.00
1786267495,ingest,0.00,0.00,0.0,0.000,0.000,0.000,37.547,0.00
1786267500,ingest,0.00,0.00,0.0,0.000,0.000,0.000,37.548,0.00
1786267505,ingest,0.00,0.00,0.0,0.000,0.000,0.000,37.546,0.00
1786267510,ingest,0.00,0.00,0.0,0.000,0.000,0.000,37.546,0.00
1786267515,ingest,0.00,0.00,0.0,0.000,0.000,0.000,37.544,0.00
1786267520,ingest,0.00,0.00,0.0,0.000,0.000,0.000,37.545,0.00
1786267525,ingest,0.00,0.00,0.0,0.000,0.000,0.000,37.543,0.00
1786267530,ingest,0.00,0.00,0.0,0.000,0.000,0.000,37.543,0.00
1786267535,ingest,0.00,0.00,0.0,0.000,0.000,0.000,37.542,0.00
1786267540,ingest,0.00,0.00,0.0,0.000,0.000,0.000,37.543,0.00
1786267545,ingest,0.00,0.00,0.0,0.000,0.000,0.000,37.542,0.00
1786267550,ingest,0.00,0.00,0.0,0.000,0.000,0.000,37.542,0.00
1786267555,ingest,0.00,0.00,0.0,0.000,0.000,0.000,37.541,0.00
1786267560,ingest,0.00,0.00,0.0,0.000,0.000,0.000,37.545,0.00
1786267565,ingest,0.00,0.00,0.0,0.000,0.000,0.000,37.545,0.00
1786267571,ingest,0.00,0.00,0.0,0.000,0.000,0.000,37.548,0.00
1786267576,ingest,0.00,0.00,0.0,0.000,0.000,0.000,37.545,0.00
1786267581,ingest,0.00,0.00,0.0,0.000,0.000,0.000,37.547,0.00
1786267586,ingest,0.00,0.00,0.0,0.000,0.000,0.000,37.546,0.00
1786267591,ingest,0.00,0.00,0.0,0.000,0.000,0.000,37.545,0.00
1786267596,ingest,0.00,0.00,0.0,0.000,0.000,0.000,37.546,0.00
1786267601,ingest,0.00,0.00,0.0,0.000,0.000,0.000,37.545,0.00
1786267606,ingest,0.00,0.00,0.0,0.000,0.000,0.000,37.546,0.00
1786267611,ingest,0.00,0.00,0.0,0.000,0.000,0.000,37.544,0.00
1786267616,ingest,0.00,0.00,0.0,0.000,0.000,0.000,37.544,0.00
1786267621,ingest,0.00,0.00,0.0,0.000,0.000,0.000,37.543,0.00
1786267626,ingest,0.00,0.00,0.0,0.000,0.000,0.000,37.543,0.00
1786267631,ingest,0.00,0.00,0.0,0.000,0.000,0.000,37.541,0.00
1786267636,ingest,0.00,0.00,0.0,0.000,0.000,0.000,37.541,0.00
1786267641,ingest,0.00,0.00,0.0,0.000,0.000,0.000,37.539,0.00
1786267646,ingest,0.00,0.00,0.0,0.000,0.000,0.000,37.543,0.00
1786267651,ingest,0.00,0.00,0.0,0.000,0.000,0.000,37.544,0.00
1786267656,ingest,0.00,0.00,0.0,0.000,0.000,0.000,37.544,0.00
1786267661,ingest,0.00,0.00,0.0,0.000,0.000,0.000,37.543,0.00
1786267667,ingest,0.00,0.00,0.0,0.000,0.000,0.000,37.544,0.00
1786267672,ingest,0.00,0.00,0.0,0.000,0.000,0.000,37.545,0.00
1786267677,ingest,0.00,0.00,0.0,0.000,0.000,0.000,37.545,0.00
1786267682,ingest,0.00,0.00,0.0,0.000,0.000,0.000,37.548,0.00
1786267687,ingest,0.00,0.00,0.0,0.000,0.000,0.000,37.547,0.00
1786267692,ingest,0.00,0.00,0.0,0.000,0.000,0.000,37.549,0.00
1786267697,ingest,0.00,0.00,0.0,0.000,0.000,0.000,37.550,0.00
1786267702,ingest,0.00,0.00,0.0,0.000,0.000,0.000,37.550,0.00
1786267707,ingest,0.00,0.00,0.0,0.000,0.000,0.000,37.550,0.00
1786267712,ingest,0.00,0.00,0.0,0.000,0.000,0.000,37.550,0.00
1786267717,ingest,0.00,0.00,0.0,0.000,0.000,0.000,37.550,0.00
1786267722,ingest,0.00,0.00,0.0,0.000,0.000,0.000,37.548,0.00
1786267727,ingest,0.00,0.00,0.0,0.000,0.000,0.000,37.548,0.00
1786267732,ingest,0.00,0.00,0.0,0.000,0.000,0.000,37.547,0.00
1786267737,ingest,0.00,0.00,0.0,0.000,0.000,0.000,37.548,0.00
1786267742,ingest,0.00,0.00,0.0,0.000,0.000,0.000,37.550,0.00
1786267747,ingest,0.00,0.00,0.0,0.000,0.000,0.000,37.550,0.00
1786267752,ingest,0.00,0.00,0.0,0.000,0.000,0.000,37.550,0.00
1786267757,ingest,0.00,0.00,0.0,0.000,0.000,0.000,37.550,0.00
1786267763,ingest,0.00,0.00,0.0,0.000,0.000,0.000,37.550,0.00
1786267768,ingest,0.00,0.00,0.0,0.000,0.000,0.000,37.551,0.00
1786267773,ingest,0.00,0.00,0.0,0.000,0.000,0.000,37.552,0.00
1786267778,ingest,0.00,0.00,0.0,0.000,0.000,0.000,37.552,0.00
1786267783,ingest,0.00,0.00,0.0,0.000,0.000,0.000,37.551,0.00
1786267788,ingest,0.00,0.00,0.0,0.000,0.000,0.000,37.551,0.00
1786267793,ingest,0.00,0.00,0.0,0.000,0.000,0.000,37.553,0.00
1786267798,ingest,0.00,0.00,0.0,0.000,0.000,0.000,37.553,0.00
1786267803,ingest,0.00,0.00,0.0,0.000,0.000,0.000,37.553,0.00
1786267808,ingest,0.00,0.00,0.0,0.000,0.000,0.000,37.554,0.00
1786267813,ingest,0.00,0.00,0.0,0.000,0.000,0.000,37.556,0.00
1786267818,ingest,0.00,0.00,0.0,0.000,0.000,0.000,37.557,0.00
1786267823,ingest,0.00,0.00,0.0,0.000,0.000,0.000,37.557,0.00
1786267828,ingest,0.00,0.00,0.0,0.000,0.000,0.000,37.555,0.00
1786267833,ingest,0.00,0.00,0.0,0.000,0.000,0.000,37.555,0.00
1786267838,ingest,0.00,0.00,0.0,0.000,0.000,0.000,37.555,0.00
1786267843,ingest,0.00,0.00,0.0,0.000,0.000,0.000,37.554,0.00
1786267848,ingest,0.00,0.00,0.0,0.000,0.000,0.000,37.554,0.00
1786267853,ingest,0.00,0.00,0.0,0.000,0.000,0.000,37.554,0.00
1786267859,ingest,0.00,0.00,0.0,0.000,0.000,0.000,37.555,0.00
1786267864,ingest,0.00,0.00,0.0,0.000,0.000,0.000,37.555,0.00
1786267869,ingest,0.00,0.00,0.0,0.000,0.000,0.000,37.554,0.00
1786267874,ingest,0.00,0.00,0.0,0.000,0.000,0.000,37.554,0.00
1786267879,ingest,0.00,0.00,0.0,0.000,0.000,0.000,37.555,0.00
1786267884,ingest,0.00,0.00,0.0,0.000,0.000,0.000,37.555,0.00
1786267889,ingest,0.00,0.00,0.0,0.000,0.000,0.000,37.556,0.00
1786267894,ingest,0.00,0.00,0.0,0.000,0.000,0.000,37.554,0.00
1786267899,ingest,0.00,0.00,0.0,0.000,0.000,0.000,37.555,0.00
1786267904,ingest,0.00,0.00,0.0,0.000,0.000,0.000,37.556,0.00
1786267909,ingest,0.00,0.00,0.0,0.000,0.000,0.000,37.556,0.00
1786267914,ingest,0.00,0.00,0.0,0.000,0.000,0.000,37.556,0.00
1786267919,ingest,0.00,0.00,0.0,0.000,0.000,0.000,37.553,0.00
1786267924,ingest,0.00,0.00,0.0,0.000,0.000,0.000,37.553,0.00
1786267929,ingest,0.00,0.00,0.0,0.000,0.000,0.000,37.551,0.00
1786267934,ingest,0.00,0.00,0.0,0.000,0.000,0.000,37.551,0.00
1786267939,ingest,0.00,0.00,0.0,0.000,0.000,0.000,37.552,0.00
1786267944,ingest,0.00,0.00,0.0,0.000,0.000,0.000,37.552,0.00
1786267949,ingest,0.00,0.00,0.0,0.000,0.000,0.000,37.552,0.00
1786267955,ingest,0.00,0.00,0.0,0.000,0.000,0.000,37.552,0.00
1786267960,ingest,0.00,0.00,0.0,0.000,0.000,0.000,37.551,0.00
1786267965,ingest,0.00,0.00,0.0,0.000,0.000,0.000,37.548,0.00
1786267970,ingest,0.00,0.00,0.0,0.000,0.000,0.000,37.549,0.00
1786267975,ingest,0.00,0.00,0.0,0.000,0.000,0.000,37.549,0.00
1786267980,ingest,0.00,0.00,0.0,0.000,0.000,0.000,37.551,0.00
1786267985,ingest,0.00,0.00,0.0,0.000,0.000,0.000,37.551,0.00
1786267990,ingest,0.00,0.00,0.0,0.000,0.000,0.000,37.551,0.00
1786267995,ingest,0.00,0.00,0.0,0.000,0.000,0.000,37.551,0.00
1786268000,ingest,0.00,0.00,0.0,0.000,0.000,0.000,37.549,0.00
1786268005,ingest,0.00,0.00,0.0,0.000,0.000,0.000,37.549,0.00
1786268010,ingest,0.00,0.00,0.0,0.000,0.000,0.000,37.550,0.00
1786268015,ingest,0.00,0.00,0.0,0.000,0.000,0.000,37.550,0.00
1786268020,ingest,0.00,0.00,0.0,0.000,0.000,0.000,37.547,0.00
1786268025,ingest,0.00,0.00,0.0,0.000,0.000,0.000,37.547,0.00
1786268030,ingest,0.00,0.00,0.0,0.000,0.000,0.000,37.545,0.00
1786268035,ingest,0.00,0.00,0.0,0.000,0.000,0.000,37.545,0.00
1786268040,ingest,0.00,0.00,0.0,0.000,0.000,0.000,37.547,0.00
1786268045,ingest,0.00,0.00,0.0,0.000,0.000,0.000,37.548,0.00
1786268051,ingest,0.00,0.00,0.0,0.000,0.000,0.000,37.547,0.00
1786268056,ingest,0.00,0.00,0.0,0.000,0.000,0.000,37.547,0.00
1786268061,ingest,0.00,0.00,0.0,0.000,0.000,0.000,37.545,0.00
1786268066,ingest,0.00,0.00,0.0,0.000,0.000,0.000,37.545,0.00
1786268071,ingest,0.00,0.00,0.0,0.000,0.000,0.000,37.547,0.00
1786268076,ingest,0.00,0.00,0.0,0.000,0.000,0.000,37.547,0.00
1786268081,ingest,0.00,0.00,0.0,0.000,0.000,0.000,37.548,0.00
1786268086,ingest,0.00,0.00,0.0,0.000,0.000,0.000,37.548,0.00
1786268091,ingest,0.00,0.00,0.0,0.000,0.000,0.000,37.543,0.00
1786268096,ingest,0.00,0.00,0.0,0.000,0.000,0.000,37.545,0.00
1786268101,ingest,0.00,0.00,0.0,0.000,0.000,0.000,37.547,0.00
1786268106,ingest,0.00,0.00,0.0,0.000,0.000,0.000,37.546,0.00
1786268111,ingest,0.00,0.00,0.0,0.000,0.000,0.000,37.550,0.00
1786268116,ingest,0.00,0.00,0.0,0.000,0.000,0.000,37.550,0.00
1786268121,ingest,0.00,0.00,0.0,0.000,0.000,0.000,37.548,0.00
1786268126,ingest,0.00,0.00,0.0,0.000,0.000,0.000,37.548,0.00
1786268131,ingest,0.00,0.00,0.0,0.000,0.000,0.000,37.548,0.00
1786268136,ingest,0.00,0.00,0.0,0.000,0.000,0.000,37.548,0.00
1786268141,ingest,0.00,0.00,0.0,0.000,0.000,0.000,37.548,0.00
1786268147,ingest,0.00,0.00,0.0,0.000,0.000,0.000,37.548,0.00
1786268152,ingest,0.00,0.00,0.0,0.000,0.000,0.000,37.544,0.00
1786268157,ingest,0.00,0.00,0.0,0.000,0.000,0.000,37.545,0.00
1786268162,ingest,0.00,0.00,0.0,0.000,0.000,0.000,37.545,0.00
1786268167,ingest,0.00,0.00,0.0,0.000,0.000,0.000,37.544,0.00
1786268172,ingest,0.00,0.00,0.0,0.000,0.000,0.000,37.546,0.00
1786268177,ingest,0.00,0.00,0.0,0.000,0.000,0.000,37.547,0.00
1786268182,ingest,0.00,0.00,0.0,0.000,0.000,0.000,37.545,0.00
1786268187,ingest,0.00,0.00,0.0,0.000,0.000,0.000,37.546,0.00
1786268192,ingest,0.00,0.00,0.0,0.000,0.000,0.000,37.545,0.00
1786268197,ingest,0.00,0.00,0.0,0.000,0.000,0.000,37.546,0.00
1786268202,ingest,0.00,0.00,0.0,0.000,0.000,0.000,37.545,0.00
1786268207,ingest,0.00,0.00,0.0,0.000,0.000,0.000,37.544,0.00
1786268212,ingest,0.00,0.00,0.0,0.000,0.000,0.000,37.546,0.00
1786268217,ingest,0.00,0.00,0.0,0.000,0.000,0.000,37.547,0.00
1786268222,ingest,0.00,0.00,0.0,0.000,0.000,0.000,37.544,0.00
1786268227,ingest,0.00,0.00,0.0,0.000,0.000,0.000,37.544,0.00
1786268232,ingest,0.00,0.00,0.0,0.000,0.000,0.000,37.545,0.00
1786268237,ingest,0.00,0.00,0.0,0.000,0.000,0.000,37.545,0.00
1786268243,ingest,0.00,0.00,0.0,0.000,0.000,0.000,37.544,0.00
1786268248,ingest,0.00,0.00,0.0,0.000,0.000,0.000,37.544,0.00
1786268253,ingest,0.00,0.00,0.0,0.000,0.000,0.000,37.545,0.00
1786268258,ingest,0.00,0.00,0.0,0.000,0.000,0.000,37.546,0.00
1786268263,ingest,0.00,0.00,0.0,0.000,0.000,0.000,37.543,0.00
1786268268,ingest,0.00,0.00,0.0,0.000,0.000,0.000,37.540,0.00
1786268273,ingest,0.00,0.00,0.0,0.000,0.000,0.000,37.541,0.00
1786268278,ingest,0.00,0.00,0.0,0.000,0.000,0.000,37.544,0.00
1786268283,ingest,0.00,0.00,0.0,0.000,0.000,0.000,37.545,0.00
1786268288,ingest,0.00,0.00,0.0,0.000,0.000,0.000,37.547,0.00
1786268293,ingest,0.00,0.00,0.0,0.000,0.000,0.000,37.548,0.00
1786268298,ingest,0.00,0.00,0.0,0.000,0.000,0.000,37.547,0.00
1786268303,ingest,0.00,0.00,0.0,0.000,0.000,0.000,37.546,0.00
1786268308,ingest,0.00,0.00,0.0,0.000,0.000,0.000,37.543,0.00
1786268313,ingest,0.00,0.00,0.0,0.000,0.000,0.000,37.543,0.00
1786268318,ingest,0.00,0.00,0.0,0.000,0.000,0.000,37.542,0.00
1786268323,ingest,0.00,0.00,0.0,0.000,0.000,0.000,37.542,0.00
1786268328,ingest,0.00,0.00,0.0,0.000,0.000,0.000,37.540,0.00
1786268333,ingest,0.00,0.00,0.0,0.000,0.000,0.000,37.540,0.00
1786268339,ingest,0.00,0.00,0.0,0.000,0.000,0.000,37.540,0.00
1786268344,ingest,0.00,0.00,0.0,0.000,0.000,0.000,37.540,0.00
1786268349,ingest,0.00,0.00,0.0,0.000,0.000,0.000,37.541,0.00
1786268354,ingest,0.00,0.00,0.0,0.000,0.000,0.000,37.542,0.00
1786268359,ingest,0.00,0.00,0.0,0.000,0.000,0.000,37.542,0.00
1786268364,ingest,0.00,0.00,0.0,0.000,0.000,0.000,37.542,0.00
1786268369,ingest,0.00,0.00,0.0,0.000,0.000,0.000,37.542,0.00
1786268374,ingest,0.00,0.00,0.0,0.000,0.000,0.000,37.541,0.00
1786268379,ingest,0.00,0.00,0.0,0.000,0.000,0.000,37.543,0.00
1786268384,ingest,0.00,0.00,0.0,0.000,0.000,0.000,37.543,0.00
1786268389,ingest,0.00,0.00,0.0,0.000,0.000,0.000,37.543,0.00
1786268394,ingest,0.00,0.00,0.0,0.000,0.000,0.000,37.543,0.00
1786268399,ingest,0.00,0.00,0.0,0.000,0.000,0.000,37.543,0.00
1786268404,ingest,0.00,0.00,0.0,0.000,0.000,0.000,37.542,0.00
1786268409,ingest,0.00,0.00,0.0,0.000,0.000,0.000,37.543,0.00
1786268414,ingest,0.00,0.00,0.0,0.000,0.000,0.000,37.544,0.00
1786268419,ingest,0.00,0.00,0.0,0.000,0.000,0.000,37.543,0.00
1786268424,ingest,0.00,0.00,0.0,0.000,0.000,0.000,37.544,0.00
1786268429,ingest,0.00,0.00,0.0,0.000,0.000,0.000,37.543,0.00
1786268435,ingest,0.00,0.00,0.0,0.000,0.000,0.000,37.542,0.00
1786268440,ingest,0.00,0.00,0.0,0.000,0.000,0.000,37.543,0.00
1786268445,ingest,0.00,0.00,0.0,0.000,0.000,0.000,37.543,0.00
1786268450,ingest,0.00,0.00,0.0,0.000,0.000,0.000,37.540,0.00
1786268455,ingest,0.00,0.00,0.0,0.000,0.000,0.000,37.543,0.00
1786268460,ingest,0.00,0.00,0.0,0.000,0.000,0.000,37.539,0.00
1786268465,ingest,0.00,0.00,0.0,0.000,0.000,0.000,37.538,0.00
1786268470,ingest,0.00,0.00,0.0,0.000,0.000,0.000,37.535,0.00
1786268475,ingest,0.00,0.00,0.0,0.000,0.000,0.000,37.535,0.00
1786268480,ingest,0.00,0.00,0.0,0.000,0.000,0.000,37.533,0.00
1786268485,ingest,0.00,0.00,0.0,0.000,0.000,0.000,37.534,0.00
1786268490,ingest,0.00,0.00,0.0,0.000,0.000,0.000,37.534,0.00
1786268495,ingest,0.00,0.00,0.0,0.000,0.000,0.000,37.534,0.00
1786268500,ingest,0.00,0.00,0.0,0.000,0.000,0.000,37.536,0.00
1786268505,ingest,0.00,0.00,0.0,0.000,0.000,0.000,37.536,0.00
1786268510,ingest,0.00,0.00,0.0,0.000,0.000,0.000,37.537,0.00
1786268515,ingest,0.00,0.00,0.0,0.000,0.000,0.000,37.537,0.00
1786268520,ingest,0.00,0.00,0.0,0.000,0.000,0.000,37.541,0.00
1786268526,ingest,0.00,0.00,0.0,0.000,0.000,0.000,37.542,0.00
1786268531,ingest,0.00,0.00,0.0,0.000,0.000,0.000,37.541,0.00
1786268536,ingest,0.00,0.00,0.0,0.000,0.000,0.000,37.542,0.00
1786268541,ingest,0.00,0.00,0.0,0.000,0.000,0.000,37.540,0.00
1786268546,ingest,0.00,0.00,0.0,0.000,0.000,0.000,37.540,0.00
1786268551,ingest,0.00,0.00,0.0,0.000,0.000,0.000,37.539,0.00
1786268556,ingest,0.00,0.00,0.0,0.000,0.000,0.000,37.538,0.00
1786268561,ingest,0.00,0.00,0.0,0.000,0.000,0.000,37.540,0.00
1786268566,ingest,0.00,0.00,0.0,0.000,0.000,0.000,37.541,0.00
1786268571,ingest,0.00,0.00,0.0,0.000,0.000,0.000,37.543,0.00
1786268576,ingest,0.00,0.00,0.0,0.000,0.000,0.000,37.543,0.00
1786268581,ingest,0.00,0.00,0.0,0.000,0.000,0.000,37.542,0.00
1786268586,ingest,0.00,0.00,0.0,0.000,0.000,0.000,37.541,0.00
1786268591,ingest,0.00,0.00,0.0,0.000,0.000,0.000,37.540,0.00
1786268596,ingest,0.00,0.00,0.0,0.000,0.000,0.000,37.541,0.00
1786268601,ingest,0.00,0.00,0.0,0.000,0.000,0.000,37.540,0.00
1786268606,ingest,0.00,0.00,0.0,0.000,0.000,0.000,37.540,0.00
1786268611,ingest,0.00,0.00,0.0,0.000,0.000,0.000,37.537,0.00
1786268616,ingest,0.00,0.00,0.0,0.000,0.000,0.000,37.537,0.00
1786268622,ingest,0.00,0.00,0.0,0.000,0.000,0.000,37.535,0.00
1786268627,ingest,0.00,0.00,0.0,0.000,0.000,0.000,37.536,0.00
1786268632,ingest,0.00,0.00,0.0,0.000,0.000,0.000,37.537,0.00
1786268637,ingest,0.00,0.00,0.0,0.000,0.000,0.000,37.537,0.00
1786268642,ingest,0.00,0.00,0.0,0.000,0.000,0.000,37.537,0.00
1786268647,ingest,0.00,0.00,0.0,0.000,0.000,0.000,37.540,0.00
1786268652,ingest,0.00,0.00,0.0,0.000,0.000,0.000,37.540,0.00
1786268657,ingest,0.00,0.00,0.0,0.000,0.000,0.000,37.540,0.00
1786268662,ingest,0.00,0.00,0.0,0.000,0.000,0.000,37.540,0.00
1786268667,ingest,0.00,0.00,0.0,0.000,0.000,0.000,37.539,0.00
1786268672,ingest,0.00,0.00,0.0,0.000,0.000,0.000,37.538,0.00
1786268677,ingest,0.00,0.00,0.0,0.000,0.000,0.000,37.536,0.00
1786268682,ingest,0.00,0.00,0.0,0.000,0.000,0.000,37.536,0.00
1786268687,ingest,0.00,0.00,0.0,0.000,0.000,0.000,37.535,0.00
1786268692,ingest,0.00,0.00,0.0,0.000,0.000,0.000,37.535,0.00
1786268697,ingest,0.00,0.00,0.0,0.000,0.000,0.000,37.534,0.00
1786268702,ingest,0.00,0.00,0.0,0.000,0.000,0.000,37.533,0.00
1786268707,ingest,0.00,0.00,0.0,0.000,0.000,0.000,37.533,0.00
1786268712,ingest,0.00,0.00,0.0,0.000,0.000,0.000,37.533,0.00
1786268718,ingest,0.00,0.00,0.0,0.000,0.000,0.000,37.537,0.00
1786268723,ingest,0.00,0.00,0.0,0.000,0.000,0.000,37.537,0.00
1786268728,ingest,0.00,0.00,0.0,0.000,0.000,0.000,37.537,0.00
1786268733,ingest,0.00,0.00,0.0,0.000,0.000,0.000,37.537,0.00
1786268738,ingest,0.00,0.00,0.0,0.000,0.000,0.000,37.536,0.00
1786268743,ingest,0.00,0.00,0.0,0.000,0.000,0.000,37.536,0.00
1786268748,ingest,0.00,0.00,0.0,0.000,0.000,0.000,37.534,0.00
1786268753,ingest,0.00,0.00,0.0,0.000,0.000,0.000,37.534,0.00
1786268758,ingest,0.00,0.00,0.0,0.000,0.000,0.000,37.536,0.00
1786268763,ingest,0.00,0.00,0.0,0.000,0.000,0.000,37.535,0.00
1786268768,ingest,0.00,0.00,0.0,0.000,0.000,0.000,37.537,0.00
1786268773,ingest,0.00,0.00,0.0,0.000,0.000,0.000,37.537,0.00
1786268778,ingest,0.00,0.00,0.0,0.000,0.000,0.000,37.539,0.00
1786268783,ingest,0.00,0.00,0.0,0.000,0.000,0.000,37.539,0.00
1786268788,ingest,0.00,0.00,0.0,0.000,0.000,0.000,37.540,0.00
1786268793,ingest,0.00,0.00,0.0,0.000,0.000,0.000,37.541,0.00
1786268798,ingest,0.00,0.00,0.0,0.000,0.000,0.000,37.537,0.00
1786268803,ingest,0.00,0.00,0.0,0.000,0.000,0.000,37.538,0.00
1786268808,ingest,0.00,0.00,0.0,0.000,0.000,0.000,37.537,0.00
1786268814,ingest,0.00,0.00,0.0,0.000,0.000,0.000,37.538,0.00
1786268819,ingest,0.00,0.00,0.0,0.000,0.000,0.000,37.536,0.00
1786268824,ingest,0.00,0.00,0.0,0.000,0.000,0.000,37.537,0.00
1786268829,ingest,0.00,0.00,0.0,0.000,0.000,0.000,37.536,0.00
1786268834,ingest,0.00,0.00,0.0,0.000,0.000,0.000,37.536,0.00
1786268839,ingest,0.00,0.00,0.0,0.000,0.000,0.000,37.535,0.00
1786268844,ingest,0.00,0.00,0.0,0.000,0.000,0.000,37.535,0.00
1786268849,ingest,0.00,0.00,0.0,0.000,0.000,0.000,37.536,0.00
1786268854,ingest,0.00,0.00,0.0,0.000,0.000,0.000,37.537,0.00
1786268859,ingest,0.00,0.00,0.0,0.000,0.000,0.000,37.536,0.00
1786268864,ingest,0.00,0.00,0.0,0.000,0.000,0.000,37.536,0.00
1786268869,ingest,0.00,0.00,0.0,0.000,0.000,0.000,37.534,0.00
1786268874,ingest,0.00,0.00,0.0,0.000,0.000,0.000,37.534,0.00
1786268879,ingest,0.00,0.00,0.0,0.000,0.000,0.000,37.535,0.00
1786268884,ingest,0.00,0.00,0.0,0.000,0.000,0.000,37.533,0.00
1786268889,ingest,0.00,0.00,0.0,0.000,0.000,0.000,37.531,0.00
1786268894,ingest,0.00,0.00,0.0,0.000,0.000,0.000,37.532,0.00
1786268899,ingest,0.00,0.00,0.0,0.000,0.000,0.000,37.531,0.00
1786268904,ingest,0.00,0.00,0.0,0.000,0.000,0.000,37.531,0.00
1786268910,ingest,0.00,0.00,0.0,0.000,0.000,0.000,37.534,0.00
1786268915,ingest,0.00,0.00,0.0,0.000,0.000,0.000,37.534,0.00
1786268920,ingest,0.00,0.00,0.0,0.000,0.000,0.000,37.535,0.00
1786268925,ingest,0.00,0.00,0.0,0.000,0.000,0.000,37.535,0.00
1786268930,ingest,0.00,0.00,0.0,0.000,0.000,0.000,37.535,0.00
1786268935,ingest,0.00,0.00,0.0,0.000,0.000,0.000,37.536,0.00
1786268940,ingest,0.00,0.00,0.0,0.000,0.000,0.000,37.535,0.00
1786268945,ingest,0.00,0.00,0.0,0.000,0.000,0.000,37.536,0.00
1786268950,ingest,0.00,0.00,0.0,0.000,0.000,0.000,37.531,0.00
1786268955,ingest,0.00,0.00,0.0,0.000,0.000,0.000,37.534,0.00
1786268960,ingest,0.00,0.00,0.0,0.000,0.000,0.000,37.534,0.00
1786268965,ingest,0.00,0.00,0.0,0.000,0.000,0.000,37.534,0.00
1786268970,ingest,0.00,0.00,0.0,0.000,0.000,0.000,37.536,0.00
1786268975,ingest,0.00,0.00,0.0,0.000,0.000,0.000,37.537,0.00
1786268980,ingest,0.00,0.00,0.0,0.000,0.000,0.000,37.536,0.00
1786268985,ingest,0.00,0.00,0.0,0.000,0.000,0.000,37.536,0.00
1786268990,ingest,0.00,0.00,0.0,0.000,0.000,0.000,37.536,0.00
1786268995,ingest,0.00,0.00,0.0,0.000,0.000,0.000,37.535,0.00
1786269000,ingest,0.00,0.00,0.0,0.000,0.000,0.000,37.535,0.00
1786269006,ingest,0.00,0.00,0.0,0.000,0.000,0.000,37.536,0.00
1786269011,ingest,0.00,0.00,0.0,0.000,0.000,0.000,37.532,0.00
1786269016,ingest,0.00,0.00,0.0,0.000,0.000,0.000,37.535,0.00
1786269021,ingest,0.00,0.00,0.0,0.000,0.000,0.000,37.536,0.00
1786269026,ingest,0.00,0.00,0.0,0.000,0.000,0.000,37.536,0.00
1786269031,ingest,0.00,0.00,0.0,0.000,0.000,0.000,37.536,0.00
1786269036,ingest,0.00,0.00,0.0,0.000,0.000,0.000,37.535,0.00
1786269041,ingest,0.00,0.00,0.0,0.000,0.000,0.000,37.535,0.00
1786269046,ingest,0.00,0.00,0.0,0.000,0.000,0.000,37.535,0.00
1786269051,ingest,0.00,0.00,0.0,0.000,0.000,0.000,37.535,0.00
1786269056,ingest,0.00,0.00,0.0,0.000,0.000,0.000,37.534,0.00
1786269061,ingest,0.00,0.00,0.0,0.000,0.000,0.000,37.533,0.00
1786269066,ingest,0.00,0.00,0.0,0.000,0.000,0.000,37.534,0.00
1786269071,ingest,0.00,0.00,0.0,0.000,0.000,0.000,37.530,0.00
1786269076,ingest,0.00,0.00,0.0,0.000,0.000,0.000,37.530,0.00
1786269081,ingest,0.00,0.00,0.0,0.000,0.000,0.000,37.530,0.00
1786269086,ingest,0.00,0.00,0.0,0.000,0.000,0.000,37.533,0.00
1786269091,ingest,0.00,0.00,0.0,0.000,0.000,0.000,37.533,0.00
1786269096,ingest,0.00,0.00,0.0,0.000,0.000,0.000,37.531,0.00
1786269102,ingest,0.00,0.00,0.0,0.000,0.000,0.000,37.531,0.00
1786269107,ingest,0.00,0.00,0.0,0.000,0.000,0.000,37.531,0.00
1786269112,ingest,0.00,0.00,0.0,0.000,0.000,0.000,37.532,0.00
1786269117,ingest,0.00,0.00,0.0,0.000,0.000,0.000,37.532,0.00
1786269122,ingest,0.00,0.00,0.0,0.000,0.000,0.000,37.532,0.00
1786269127,ingest,0.00,0.00,0.0,0.000,0.000,0.000,37.535,0.00
1786269132,ingest,0.00,0.00,0.0,0.000,0.000,0.000,37.536,0.00
1786269137,ingest,0.00,0.00,0.0,0.000,0.000,0.000,37.534,0.00
1786269142,ingest,0.00,0.00,0.0,0.000,0.000,0.000,37.535,0.00
1786269147,ingest,0.00,0.00,0.0,0.000,0.000,0.000,37.533,0.00
1786269152,ingest,0.00,0.00,0.0,0.000,0.000,0.000,37.534,0.00
1786269157,ingest,0.00,0.00,0.0,0.000,0.000,0.000,37.535,0.00
1786269162,ingest,0.00,0.00,0.0,0.000,0.000,0.000,37.535,0.00
1786269167,ingest,0.00,0.00,0.0,0.000,0.000,0.000,37.534,0.00
1786269172,ingest,0.00,0.00,0.0,0.000,0.000,0.000,37.534,0.00
1786269177,ingest,0.00,0.00,0.0,0.000,0.000,0.000,37.537,0.00
1786269182,ingest,0.00,0.00,0.0,0.000,0.000,0.000,37.537,0.00
1786269187,ingest,0.00,0.00,0.0,0.000,0.000,0.000,37.537,0.00
1786269192,ingest,0.00,0.00,0.0,0.000,0.000,0.000,37.537,0.00
1786269198,ingest,0.00,0.00,0.0,0.000,0.000,0.000,37.535,0.00
1786269203,ingest,0.00,0.00,0.0,0.000,0.000,0.000,37.535,0.00
1786269208,ingest,0.00,0.00,0.0,0.000,0.000,0.000,37.534,0.00
1786269213,ingest,0.00,0.00,0.0,0.000,0.000,0.000,37.535,0.00
1786269218,ingest,0.00,0.00,0.0,0.000,0.000,0.000,37.535,0.00
1786269223,ingest,0.00,0.00,0.0,0.000,0.000,0.000,37.536,0.00
1786269228,ingest,0.00,0.00,0.0,0.000,0.000,0.000,37.533,0.00
1786269233,ingest,0.00,0.00,0.0,0.000,0.000,0.000,37.534,0.00
1786269238,ingest,0.00,0.00,0.0,0.000,0.000,0.000,37.536,0.00
1786269243,ingest,0.00,0.00,0.0,0.000,0.000,0.000,37.536,0.00
1786269248,ingest,0.00,0.00,0.0,0.000,0.000,0.000,37.536,0.00
1786269253,ingest,0.00,0.00,0.0,0.000,0.000,0.000,37.537,0.00
1786269258,ingest,0.00,0.00,0.0,0.000,0.000,0.000,37.535,0.00
1786269263,ingest,0.00,0.00,0.0,0.000,0.000,0.000,37.535,0.00
1786269268,ingest,0.00,0.00,0.0,0.000,0.000,0.000,37.535,0.00
1786269273,ingest,0.00,0.00,0.0,0.000,0.000,0.000,37.535,0.00
1786269278,ingest,0.00,0.00,0.0,0.000,0.000,0.000,37.533,0.00
1786269283,ingest,0.00,0.00,0.0,0.000,0.000,0.000,37.533,0.00
1786269288,ingest,0.00,0.00,0.0,0.000,0.000,0.000,37.532,0.00
1786269294,ingest,0.00,0.00,0.0,0.000,0.000,0.000,37.533,0.00
1786269299,ingest,0.00,0.00,0.0,0.000,0.000,0.000,37.536,0.00
1786269304,ingest,0.00,0.00,0.0,0.000,0.000,0.000,37.536,0.00
1786269309,ingest,0.00,0.00,0.0,0.000,0.000,0.000,37.535,0.00
1786269314,ingest,0.00,0.00,0.0,0.000,0.000,0.000,37.535,0.00
1786269319,ingest,0.00,0.00,0.0,0.000,0.000,0.000,37.535,0.00
1786269324,ingest,0.00,0.00,0.0,0.000,0.000,0.000,37.533,0.00
1786269329,ingest,0.00,0.00,0.0,0.000,0.000,0.000,37.535,0.00
1786269334,ingest,0.00,0.00,0.0,0.000,0.000,0.000,37.535,0.00
1786269339,ingest,0.00,0.00,0.0,0.000,0.000,0.000,37.534,0.00
1786269344,ingest,0.00,0.00,0.0,0.000,0.000,0.000,37.534,0.00
1786269349,ingest,0.00,0.00,0.0,0.000,0.000,0.000,37.534,0.00
1786269354,ingest,0.00,0.00,0.0,0.000,0.000,0.000,37.535,0.00
1786269359,ingest,0.00,0.00,0.0,0.000,0.000,0.000,37.535,0.00
1786269364,ingest,0.00,0.00,0.0,0.000,0.000,0.000,37.535,0.00
1786269369,ingest,0.00,0.00,0.0,0.000,0.000,0.000,37.535,0.00
1786269374,ingest,0.00,0.00,0.0,0.000,0.000,0.000,37.535,0.00
1786269379,ingest,0.00,0.00,0.0,0.000,0.000,0.000,37.535,0.00
1786269384,ingest,0.00,0.00,0.0,0.000,0.000,0.000,37.535,0.00
1786269390,ingest,0.00,0.00,0.0,0.000,0.000,0.000,37.533,0.00
1786269395,ingest,0.00,0.00,0.0,0.000,0.000,0.000,37.530,0.00
1786269400,ingest,0.00,0.00,0.0,0.000,0.000,0.000,37.530,0.00
1786269405,ingest,0.00,0.00,0.0,0.000,0.000,0.000,37.530,0.00
1786269410,ingest,0.00,0.00,0.0,0.000,0.000,0.000,37.530,0.00
1786269415,ingest,0.00,0.00,0.0,0.000,0.000,0.000,37.533,0.00
1786269420,ingest,0.00,0.00,0.0,0.000,0.000,0.000,37.533,0.00
1786269425,ingest,0.00,0.00,0.0,0.000,0.000,0.000,37.534,0.00
1786269430,ingest,0.00,0.00,0.0,0.000,0.000,0.000,37.534,0.00
1786269435,ingest,0.00,0.00,0.0,0.000,0.000,0.000,37.533,0.00
1786269440,ingest,0.00,0.00,0.0,0.000,0.000,0.000,37.533,0.00
1786269445,ingest,0.00,0.00,0.0,0.000,0.000,0.000,37.533,0.00
1786269450,ingest,0.00,0.00,0.0,0.000,0.000,0.000,37.533,0.00
1786269455,ingest,0.00,0.00,0.0,0.000,0.000,0.000,37.531,0.00
1786269460,ingest,0.00,0.00,0.0,0.000,0.000,0.000,37.531,0.00
1786269465,ingest,0.00,0.00,0.0,0.000,0.000,0.000,37.532,0.00
1786269470,ingest,0.00,0.00,0.0,0.000,0.000,0.000,37.532,0.00
1786269475,ingest,0.00,0.00,0.0,0.000,0.000,0.000,37.532,0.00
1786269480,ingest,0.00,0.00,0.0,0.000,0.000,0.000,37.533,0.00
1786269486,ingest,0.00,0.00,0.0,0.000,0.000,0.000,37.531,0.00
1786269491,ingest,0.00,0.00,0.0,0.000,0.000,0.000,37.531,0.00
1786269496,ingest,0.00,0.00,0.0,0.000,0.000,0.000,37.534,0.00
1786269501,ingest,0.00,0.00,0.0,0.000,0.000,0.000,37.533,0.00
1786269506,ingest,0.00,0.00,0.0,0.000,0.000,0.000,37.534,0.00
1786269511,ingest,0.00,0.00,0.0,0.000,0.000,0.000,37.534,0.00
1786269516,ingest,0.00,0.00,0.0,0.000,0.000,0.000,37.534,0.00
1786269521,ingest,0.00,0.00,0.0,0.000,0.000,0.000,37.534,0.00
1786269526,ingest,0.00,0.00,0.0,0.000,0.000,0.000,37.533,0.00
1786269531,ingest,0.00,0.00,0.0,0.000,0.000,0.000,37.533,0.00
1786269536,ingest,0.00,0.00,0.0,0.000,0.000,0.000,37.529,0.00
1786269541,ingest,0.00,0.00,0.0,0.000,0.000,0.000,37.530,0.00
1786269546,ingest,0.00,0.00,0.0,0.000,0.000,0.000,37.529,0.00
1786269551,ingest,0.00,0.00,0.0,0.000,0.000,0.000,37.529,0.00
1786269556,ingest,0.00,0.00,0.0,0.000,0.000,0.000,37.528,0.00
1786269561,ingest,0.00,0.00,0.0,0.000,0.000,0.000,37.528,0.00
1786269566,ingest,0.00,0.00,0.0,0.000,0.000,0.000,37.528,0.00
1786269571,ingest,0.00,0.00,0.0,0.000,0.000,0.000,37.528,0.00
1786269576,ingest,0.00,0.00,0.0,0.000,0.000,0.000,37.527,0.00
1786269582,ingest,0.00,0.00,0.0,0.000,0.000,0.000,37.530,0.00
1786269587,ingest,0.00,0.00,0.0,0.000,0.000,0.000,37.529,0.00
1786269592,ingest,0.00,0.00,0.0,0.000,0.000,0.000,37.529,0.00
1786269597,ingest,0.00,0.00,0.0,0.000,0.000,0.000,37.533,0.00
1786269602,ingest,0.00,0.00,0.0,0.000,0.000,0.000,37.534,0.00
1786269607,ingest,0.00,0.00,0.0,0.000,0.000,0.000,37.531,0.00
1786269612,ingest,0.00,0.00,0.0,0.000,0.000,0.000,37.532,0.00
1786269617,ingest,0.00,0.00,0.0,0.000,0.000,0.000,37.530,0.00
1786269622,ingest,0.00,0.00,0.0,0.000,0.000,0.000,37.530,0.00
1786269627,ingest,0.00,0.00,0.0,0.000,0.000,0.000,37.529,0.00
1786269632,ingest,0.00,0.00,0.0,0.000,0.000,0.000,37.530,0.00
1786269637,ingest,0.00,0.00,0.0,0.000,0.000,0.000,37.527,0.00
1786269642,ingest,0.00,0.00,0.0,0.000,0.000,0.000,37.527,0.00
1786269647,ingest,0.00,0.00,0.0,0.000,0.000,0.000,37.528,0.00
1786269652,ingest,0.00,0.00,0.0,0.000,0.000,0.000,37.529,0.00
1786269657,ingest,0.00,0.00,0.0,0.000,0.000,0.000,37.528,0.00
1786269662,ingest,0.00,0.00,0.0,0.000,0.000,0.000,37.529,0.00
1786269667,ingest,0.00,0.00,0.0,0.000,0.000,0.000,37.526,0.00
1786269672,ingest,0.00,0.00,0.0,0.000,0.000,0.000,37.526,0.00
1786269678,ingest,0.00,0.00,0.0,0.000,0.000,0.000,37.526,0.00
1786269683,ingest,0.00,0.00,0.0,0.000,0.000,0.000,37.527,0.00
1786269688,ingest,0.00,0.00,0.0,0.000,0.000,0.000,37.529,0.00
1786269693,ingest,0.00,0.00,0.0,0.000,0.000,0.000,37.530,0.00
1786269698,ingest,0.00,0.00,0.0,0.000,0.000,0.000,37.520,0.00
1786269703,ingest,0.00,0.00,0.0,0.000,0.000,0.000,37.527,0.00
1786269708,ingest,0.00,0.00,0.0,0.000,0.000,0.000,37.530,0.00
1786269713,ingest,0.00,0.00,0.0,0.000,0.000,0.000,37.529,0.00
1786269718,ingest,0.00,0.00,0.0,0.000,0.000,0.000,37.529,0.00
1786269723,ingest,0.00,0.00,0.0,0.000,0.000,0.000,37.525,0.00
1786269728,ingest,0.00,0.00,0.0,0.000,0.000,0.000,37.526,0.00
1786269733,ingest,0.00,0.00,0.0,0.000,0.000,0.000,37.525,0.00
1786269738,ingest,0.00,0.00,0.0,0.000,0.000,0.000,37.526,0.00
1786269743,ingest,0.00,0.00,0.0,0.000,0.000,0.000,37.525,0.00
1786269748,ingest,0.00,0.00,0.0,0.000,0.000,0.000,37.525,0.00
1786269753,ingest,0.00,0.00,0.0,0.000,0.000,0.000,37.526,0.00
1786269758,ingest,0.00,0.00,0.0,0.000,0.000,0.000,37.525,0.00
1786269763,ingest,0.00,0.00,0.0,0.000,0.000,0.000,37.524,0.00
1786269768,ingest,0.00,0.00,0.0,0.000,0.000,0.000,37.524,0.00
1786269774,ingest,0.00,0.00,0.0,0.000,0.000,0.000,37.523,0.00
1786269779,ingest,0.00,0.00,0.0,0.000,0.000,0.000,37.523,0.00
1786269784,ingest,0.00,0.00,0.0,0.000,0.000,0.000,37.526,0.00
1786269789,ingest,0.00,0.00,0.0,0.000,0.000,0.000,37.527,0.00
1786269794,ingest,0.00,0.00,0.0,0.000,0.000,0.000,37.525,0.00
1786269799,ingest,0.00,0.00,0.0,0.000,0.000,0.000,37.526,0.00
1786269804,ingest,0.00,0.00,0.0,0.000,0.000,0.000,37.525,0.00
1786269809,ingest,0.00,0.00,0.0,0.000,0.000,0.000,37.525,0.00
1786269814,ingest,0.00,0.00,0.0,0.000,0.000,0.000,37.525,0.00
1786269819,ingest,0.00,0.00,0.0,0.000,0.000,0.000,37.525,0.00
1786269824,ingest,0.00,0.00,0.0,0.000,0.000,0.000,37.526,0.00
1786269829,ingest,0.00,0.00,0.0,0.000,0.000,0.000,37.527,0.00
1786269834,ingest,0.00,0.00,0.0,0.000,0.000,0.000,37.526,0.00
1786269839,ingest,0.00,0.00,0.0,0.000,0.000,0.000,37.526,0.00
1786269844,ingest,0.00,0.00,0.0,0.000,0.000,0.000,37.526,0.00
1786269849,ingest,0.00,0.00,0.0,0.000,0.000,0.000,37.526,0.00
1786269854,ingest,0.00,0.00,0.0,0.000,0.000,0.000,37.525,0.00
1786269859,ingest,0.00,0.00,0.0,0.000,0.000,0.000,37.524,0.00
1786269864,ingest,0.00,0.00,0.0,0.000,0.000,0.000,37.523,0.00
1786269870,ingest,0.00,0.00,0.0,0.000,0.000,0.000,37.523,0.00
1786269875,ingest,0.00,0.00,0.0,0.000,0.000,0.000,37.522,0.00
1786269880,ingest,0.00,0.00,0.0,0.000,0.000,0.000,37.520,0.00
1786269885,ingest,0.00,0.00,0.0,0.000,0.000,0.000,37.521,0.00
1786269890,ingest,0.00,0.00,0.0,0.000,0.000,0.000,37.522,0.00
1786269895,ingest,0.00,0.00,0.0,0.000,0.000,0.000,37.519,0.00
1786269900,ingest,0.00,0.00,0.0,0.000,0.000,0.000,37.520,0.00
1786269905,ingest,0.00,0.00,0.0,0.000,0.000,0.000,37.520,0.00
1786269910,ingest,0.00,0.00,0.0,0.000,0.000,0.000,37.520,0.00
1786269915,ingest,0.00,0.00,0.0,0.000,0.000,0.000,37.521,0.00
1786269920,ingest,0.00,0.00,0.0,0.000,0.000,0.000,37.520,0.00
1786269925,ingest,0.00,0.00,0.0,0.000,0.000,0.000,37.520,0.00
1786269930,ingest,0.00,0.00,0.0,0.000,0.000,0.000,37.520,0.00
1786269935,ingest,0.00,0.00,0.0,0.000,0.000,0.000,37.515,0.00
1786269940,ingest,0.00,0.00,0.0,0.000,0.000,0.000,37.518,0.00
1786269945,ingest,0.00,0.00,0.0,0.000,0.000,0.000,37.518,0.00
1786269950,ingest,0.00,0.00,0.0,0.000,0.000,0.000,37.519,0.00
1786269955,ingest,0.00,0.00,0.0,0.000,0.000,0.000,37.520,0.00
1786269960,ingest,0.00,0.00,0.0,0.000,0.000,0.000,37.520,0.00
1786269966,ingest,0.00,0.00,0.0,0.000,0.000,0.000,37.519,0.00
1786269971,ingest,0.00,0.00,0.0,0.000,0.000,0.000,37.519,0.00
1786269976,ingest,0.00,0.00,0.0,0.000,0.000,0.000,37.520,0.00
1786269981,ingest,0.00,0.00,0.0,0.000,0.000,0.000,37.520,0.00
1786269986,ingest,0.00,0.00,0.0,0.000,0.000,0.000,37.518,0.00
1786269991,ingest,0.00,0.00,0.0,0.000,0.000,0.000,37.518,0.00
1786269996,ingest,0.00,0.00,0.0,0.000,0.000,0.000,37.519,0.00
1786270001,ingest,0.00,0.00,0.0,0.000,0.000,0.000,37.519,0.00
1786270006,ingest,0.00,0.00,0.0,0.000,0.000,0.000,37.521,0.00
1786270011,ingest,0.00,0.00,0.0,0.000,0.000,0.000,37.522,0.00
1786270016,ingest,0.00,0.00,0.0,0.000,0.000,0.000,37.520,0.00
1786270021,ingest,0.00,0.00,0.0,0.000,0.000,0.000,37.521,0.00
1786270026,ingest,0.00,0.00,0.0,0.000,0.000,0.000,37.520,0.00
1786270031,ingest,0.00,0.00,0.0,0.000,0.000,0.000,37.519,0.00
1786270036,ingest,0.00,0.00,0.0,0.000,0.000,0.000,37.521,0.00
1786270041,ingest,0.00,0.00,0.0,0.000,0.000,0.000,37.521,0.00
1786270046,ingest,0.00,0.00,0.0,0.000,0.000,0.000,37.521,0.00
1786270051,ingest,0.00,0.00,0.0,0.000,0.000,0.000,37.520,0.00
1786270056,ingest,0.00,0.00,0.0,0.000,0.000,0.000,37.520,0.00
1786270062,ingest,0.00,0.00,0.0,0.000,0.000,0.000,37.521,0.00
1786270067,ingest,0.00,0.00,0.0,0.000,0.000,0.000,37.521,0.00
1786270072,ingest,0.00,0.00,0.0,0.000,0.000,0.000,37.519,0.00
1786270077,ingest,0.00,0.00,0.0,0.000,0.000,0.000,37.519,0.00
1786270082,ingest,0.00,0.00,0.0,0.000,0.000,0.000,37.519,0.00
1786270087,ingest,0.00,0.00,0.0,0.000,0.000,0.000,37.520,0.00
1786270092,ingest,0.00,0.00,0.0,0.000,0.000,0.000,37.518,0.00
1786270097,ingest,0.00,0.00,0.0,0.000,0.000,0.000,37.517,0.00
1786270102,ingest,0.00,0.00,0.0,0.000,0.000,0.000,37.516,0.00
1786270107,ingest,0.00,0.00,0.0,0.000,0.000,0.000,37.516,0.00
1786270112,ingest,0.00,0.00,0.0,0.000,0.000,0.000,37.520,0.00
1786270117,ingest,0.00,0.00,0.0,0.000,0.000,0.000,37.521,0.00
1786270122,ingest,0.00,0.00,0.0,0.000,0.000,0.000,37.519,0.00
1786270127,ingest,0.00,0.00,0.0,0.000,0.000,0.000,37.522,0.00
1786270132,ingest,0.00,0.00,0.0,0.000,0.000,0.000,37.522,0.00
1786270137,ingest,0.00,0.00,0.0,0.000,0.000,0.000,37.522,0.00
1786270142,ingest,0.00,0.00,0.0,0.000,0.000,0.000,37.522,0.00
1786270147,ingest,0.00,0.00,0.0,0.000,0.000,0.000,37.522,0.00
1786270152,ingest,0.00,0.00,0.0,0.000,0.000,0.000,37.523,0.00
1786270158,ingest,0.00,0.00,0.0,0.000,0.000,0.000,37.523,0.00
1786270163,ingest,0.00,0.00,0.0,0.000,0.000,0.000,37.526,0.00
1786270168,ingest,0.00,0.00,0.0,0.000,0.000,0.000,37.526,0.00
1786270173,ingest,0.00,0.00,0.0,0.000,0.000,0.000,37.526,0.00
1786270178,ingest,0.00,0.00,0.0,0.000,0.000,0.000,37.525,0.00
1786270183,ingest,0.00,0.00,0.0,0.000,0.000,0.000,37.523,0.00
1786270188,ingest,0.00,0.00,0.0,0.000,0.000,0.000,37.523,0.00
1786270193,ingest,0.00,0.00,0.0,0.000,0.000,0.000,37.522,0.00
1786270198,ingest,0.00,0.00,0.0,0.000,0.000,0.000,37.522,0.00
1786270203,ingest,0.00,0.00,0.0,0.000,0.000,0.000,37.522,0.00
1786270208,ingest,0.00,0.00,0.0,0.000,0.000,0.000,37.522,0.00
1786270213,ingest,0.00,0.00,0.0,0.000,0.000,0.000,37.523,0.00
1786270218,ingest,0.00,0.00,0.0,0.000,0.000,0.000,37.523,0.00
1786270223,ingest,0.00,0.00,0.0,0.000,0.000,0.000,37.521,0.00
1786270228,ingest,0.00,0.00,0.0,0.000,0.000,0.000,37.521,0.00
1786270233,ingest,0.00,0.00,0.0,0.000,0.000,0.000,37.522,0.00
1786270238,ingest,0.00,0.00,0.0,0.000,0.000,0.000,37.523,0.00
1786270243,ingest,0.00,0.00,0.0,0.000,0.000,0.000,37.519,0.00
1786270248,ingest,0.00,0.00,0.0,0.000,0.000,0.000,37.521,0.00
1786270254,ingest,0.00,0.00,0.0,0.000,0.000,0.000,37.520,0.00
1786270259,ingest,0.00,0.00,0.0,0.000,0.000,0.000,37.520,0.00
1786270264,ingest,0.00,0.00,0.0,0.000,0.000,0.000,37.519,0.00
1786270269,ingest,0.00,0.00,0.0,0.000,0.000,0.000,37.519,0.00
1786270274,ingest,0.00,0.00,0.0,0.000,0.000,0.000,37.518,0.00
1786270279,ingest,0.00,0.00,0.0,0.000,0.000,0.000,37.518,0.00
1786270284,ingest,0.00,0.00,0.0,0.000,0.000,0.000,37.519,0.00
1786270289,ingest,0.00,0.00,0.0,0.000,0.000,0.000,37.519,0.00
1786270294,ingest,0.00,0.00,0.0,0.000,0.000,0.000,37.519,0.00
1786270299,ingest,0.00,0.00,0.0,0.000,0.000,0.000,37.518,0.00
1786270304,ingest,0.00,0.00,0.0,0.000,0.000,0.000,37.517,0.00
1786270309,ingest,0.00,0.00,0.0,0.000,0.000,0.000,37.517,0.00
1786270314,ingest,0.00,0.00,0.0,0.000,0.000,0.000,37.515,0.00
1786270319,ingest,0.00,0.00,0.0,0.000,0.000,0.000,37.515,0.00
1786270324,ingest,0.00,0.00,0.0,0.000,0.000,0.000,37.517,0.00
1786270329,ingest,0.00,0.00,0.0,0.000,0.000,0.000,37.517,0.00
1786270334,ingest,0.00,0.00,0.0,0.000,0.000,0.000,37.517,0.00
1786270339,ingest,0.00,0.00,0.0,0.000,0.000,0.000,37.518,0.00
1786270344,ingest,0.00,0.00,0.0,0.000,0.000,0.000,37.517,0.00
1786270350,ingest,0.00,0.00,0.0,0.000,0.000,0.000,37.518,0.00
1786270355,ingest,0.00,0.00,0.0,0.000,0.000,0.000,37.515,0.00
1786270360,ingest,0.00,0.00,0.0,0.000,0.000,0.000,37.516,0.00
1786270365,ingest,0.00,0.00,0.0,0.000,0.000,0.000,37.516,0.00
1786270370,ingest,0.00,0.00,0.0,0.000,0.000,0.000,37.518,0.00
1786270375,ingest,0.00,0.00,0.0,0.000,0.000,0.000,37.518,0.00
1786270380,ingest,0.00,0.00,0.0,0.000,0.000,0.000,37.518,0.00
1786270385,ingest,0.00,0.00,0.0,0.000,0.000,0.000,37.520,0.00
1786270390,ingest,0.00,0.00,0.0,0.000,0.000,0.000,37.520,0.00
1786270395,ingest,0.00,0.00,0.0,0.000,0.000,0.000,37.521,0.00
1786270400,ingest,0.00,0.00,0.0,0.000,0.000,0.000,37.521,0.00
1786270405,ingest,0.00,0.00,0.0,0.000,0.000,0.000,37.520,0.00
1786270410,ingest,0.00,0.00,0.0,0.000,0.000,0.000,37.521,0.00
1786270415,ingest,0.00,0.00,0.0,0.000,0.000,0.000,37.522,0.00
1786270420,ingest,0.00,0.00,0.0,0.000,0.000,0.000,37.522,0.00
1786270425,ingest,0.00,0.00,0.0,0.000,0.000,0.000,37.520,0.00
1786270430,ingest,0.00,0.00,0.0,0.000,0.000,0.000,37.519,0.00
1786270435,ingest,0.00,0.00,0.0,0.000,0.000,0.000,37.519,0.00
1786270440,ingest,0.00,0.00,0.0,0.000,0.000,0.000,37.519,0.00
1786270446,ingest,0.00,0.00,0.0,0.000,0.000,0.000,37.519,0.00
1786270451,ingest,0.00,0.00,0.0,0.000,0.000,0.000,37.519,0.00
1786270456,ingest,0.00,0.00,0.0,0.000,0.000,0.000,37.520,0.00
1786270461,ingest,0.00,0.00,0.0,0.000,0.000,0.000,37.520,0.00
1786270466,ingest,0.00,0.00,0.0,0.000,0.000,0.000,37.520,0.00
1786270471,ingest,0.00,0.00,0.0,0.000,0.000,0.000,37.519,0.00
1786270476,ingest,0.00,0.00,0.0,0.000,0.000,0.000,37.520,0.00
1786270481,ingest,0.00,0.00,0.0,0.000,0.000,0.000,37.521,0.00
1786270486,ingest,0.00,0.00,0.0,0.000,0.000,0.000,37.521,0.00
1786270491,ingest,0.00,0.00,0.0,0.000,0.000,0.000,37.521,0.00
1786270496,ingest,0.00,0.00,0.0,0.000,0.000,0.000,37.521,0.00
1786270501,ingest,0.00,0.00,0.0,0.000,0.000,0.000,37.517,0.00
1786270506,ingest,0.00,0.00,0.0,0.000,0.000,0.000,37.517,0.00
1786270511,ingest,0.00,0.00,0.0,0.000,0.000,0.000,37.514,0.00
1786270516,ingest,0.00,0.00,0.0,0.000,0.000,0.000,37.515,0.00
1786270521,ingest,0.00,0.00,0.0,0.000,0.000,0.000,37.513,0.00
1786270526,ingest,0.00,0.00,0.0,0.000,0.000,0.000,37.513,0.00
1786270531,ingest,0.00,0.00,0.0,0.000,0.000,0.000,37.513,0.00
1786270536,ingest,0.00,0.00,0.0,0.000,0.000,0.000,37.513,0.00
1786270542,ingest,0.00,0.00,0.0,0.000,0.000,0.000,37.512,0.00
1786270547,ingest,0.00,0.00,0.0,0.000,0.000,0.000,37.512,0.00
1786270552,ingest,0.00,0.00,0.0,0.000,0.000,0.000,37.511,0.00
1786270557,ingest,0.00,0.00,0.0,0.000,0.000,0.000,37.508,0.00
1786270562,ingest,0.00,0.00,0.0,0.000,0.000,0.000,37.511,0.00
1786270567,ingest,0.00,0.00,0.0,0.000,0.000,0.000,37.511,0.00
1786270572,ingest,0.00,0.00,0.0,0.000,0.000,0.000,37.510,0.00
1786270577,ingest,0.00,0.00,0.0,0.000,0.000,0.000,37.511,0.00
1786270582,ingest,0.00,0.00,0.0,0.000,0.000,0.000,37.511,0.00
1786270587,ingest,0.00,0.00,0.0,0.000,0.000,0.000,37.511,0.00
1786270592,ingest,0.00,0.00,0.0,0.000,0.000,0.000,37.512,0.00
1786270597,ingest,0.00,0.00,0.0,0.000,0.000,0.000,37.512,0.00
1786270602,ingest,0.00,0.00,0.0,0.000,0.000,0.000,37.515,0.00
1786270607,ingest,0.00,0.00,0.0,0.000,0.000,0.000,37.515,0.00
1786270612,ingest,0.00,0.00,0.0,0.000,0.000,0.000,37.516,0.00
1786270617,ingest,0.00,0.00,0.0,0.000,0.000,0.000,37.517,0.00
1786270622,ingest,0.00,0.00,0.0,0.000,0.000,0.000,37.513,0.00
1786270627,ingest,0.00,0.00,0.0,0.000,0.000,0.000,37.515,0.00
1786270632,ingest,0.00,0.00,0.0,0.000,0.000,0.000,37.515,0.00
1786270638,ingest,0.00,0.00,0.0,0.000,0.000,0.000,37.515,0.00
1786270643,ingest,0.00,0.00,0.0,0.000,0.000,0.000,37.516,0.00
1786270648,ingest,0.00,0.00,0.0,0.000,0.000,0.000,37.516,0.00
1786270653,ingest,0.00,0.00,0.0,0.000,0.000,0.000,37.513,0.00
1786270658,ingest,0.00,0.00,0.0,0.000,0.000,0.000,37.514,0.00
1786270663,ingest,0.00,0.00,0.0,0.000,0.000,0.000,37.515,0.00
1786270668,ingest,0.00,0.00,0.0,0.000,0.000,0.000,37.516,0.00
1786270673,ingest,0.00,0.00,0.0,0.000,0.000,0.000,37.517,0.00
1786270678,ingest,0.00,0.00,0.0,0.000,0.000,0.000,37.518,0.00
1786270683,ingest,0.00,0.00,0.0,0.000,0.000,0.000,37.515,0.00
1786270688,ingest,0.00,0.00,0.0,0.000,0.000,0.000,37.517,0.00
1786270693,ingest,0.00,0.00,0.0,0.000,0.000,0.000,37.520,0.00
1786270698,ingest,0.00,0.00,0.0,0.000,0.000,0.000,37.520,0.00
1786270703,ingest,0.00,0.00,0.0,0.000,0.000,0.000,37.523,0.00
1786270708,ingest,0.00,0.00,0.0,0.000,0.000,0.000,37.523,0.00
1786270713,ingest,0.00,0.00,0.0,0.000,0.000,0.000,37.523,0.00
1786270718,ingest,0.00,0.00,0.0,0.000,0.000,0.000,37.523,0.00
1786270723,ingest,0.00,0.00,0.0,0.000,0.000,0.000,37.522,0.00
1786270728,ingest,0.00,0.00,0.0,0.000,0.000,0.000,37.523,0.00
1786270734,ingest,0.00,0.00,0.0,0.000,0.000,0.000,37.523,0.00
1786270739,ingest,0.00,0.00,0.0,0.000,0.000,0.000,37.524,0.00
1786270744,ingest,0.00,0.00,0.0,0.000,0.000,0.000,37.523,0.00
1786270749,ingest,0.00,0.00,0.0,0.000,0.000,0.000,37.523,0.00
1786270754,ingest,0.00,0.00,0.0,0.000,0.000,0.000,37.522,0.00
1786270759,ingest,0.00,0.00,0.0,0.000,0.000,0.000,37.522,0.00
1786270764,ingest,0.00,0.00,0.0,0.000,0.000,0.000,37.524,0.00
1786270769,ingest,0.00,0.00,0.0,0.000,0.000,0.000,37.525,0.00
1786270774,ingest,0.00,0.00,0.0,0.000,0.000,0.000,37.522,0.00
1786270779,ingest,0.00,0.00,0.0,0.000,0.000,0.000,37.522,0.00
1786270784,ingest,0.00,0.00,0.0,0.000,0.000,0.000,37.518,0.00
1786270789,ingest,0.00,0.00,0.0,0.000,0.000,0.000,37.518,0.00
1786270794,ingest,0.00,0.00,0.0,0.000,0.000,0.000,37.517,0.00
1786270799,ingest,0.00,0.00,0.0,0.000,0.000,0.000,37.517,0.00
1786270804,ingest,0.00,0.00,0.0,0.000,0.000,0.000,37.518,0.00
1786270809,ingest,0.00,0.00,0.0,0.000,0.000,0.000,37.518,0.00
1786270814,ingest,0.00,0.00,0.0,0.000,0.000,0.000,37.519,0.00
1786270819,ingest,0.00,0.00,0.0,0.000,0.000,0.000,37.520,0.00
1786270824,ingest,0.00,0.00,0.0,0.000,0.000,0.000,37.521,0.00
1786270830,ingest,0.00,0.00,0.0,0.000,0.000,0.000,37.517,0.00
1786270835,ingest,0.00,0.00,0.0,0.000,0.000,0.000,37.518,0.00
1786270840,ingest,0.00,0.00,0.0,0.000,0.000,0.000,37.519,0.00
1786270845,ingest,0.00,0.00,0.0,0.000,0.000,0.000,37.519,0.00
1786270850,ingest,0.00,0.00,0.0,0.000,0.000,0.000,37.517,0.00
1786270855,ingest,0.00,0.00,0.0,0.000,0.000,0.000,37.519,0.00
1786270860,ingest,0.00,0.00,0.0,0.000,0.000,0.000,37.517,0.00
1786270865,ingest,0.00,0.00,0.0,0.000,0.000,0.000,37.516,0.00
1786270870,ingest,0.00,0.00,0.0,0.000,0.000,0.000,37.513,0.00
1786270875,ingest,0.00,0.00,0.0,0.000,0.000,0.000,37.515,0.00
1786270880,ingest,0.00,0.00,0.0,0.000,0.000,0.000,37.514,0.00
1786270885,ingest,0.00,0.00,0.0,0.000,0.000,0.000,37.515,0.00
1786270890,ingest,0.00,0.00,0.0,0.000,0.000,0.000,37.513,0.00
1786270895,ingest,0.00,0.00,0.0,0.000,0.000,0.000,37.513,0.00
1786270900,ingest,0.00,0.00,0.0,0.000,0.000,0.000,37.512,0.00
1786270905,ingest,0.00,0.00,0.0,0.000,0.000,0.000,37.512,0.00
1786270910,ingest,0.00,0.00,0.0,0.000,0.000,0.000,37.512,0.00
1786270915,ingest,0.00,0.00,0.0,0.000,0.000,0.000,37.512,0.00
1786270920,ingest,0.00,0.00,0.0,0.000,0.000,0.000,37.512,0.00
1786270926,ingest,0.00,0.00,0.0,0.000,0.000,0.000,37.512,0.00
1786270931,ingest,0.00,0.00,0.0,0.000,0.000,0.000,37.512,0.00
1786270936,ingest,0.00,0.00,0.0,0.000,0.000,0.000,37.512,0.00
1786270941,ingest,0.00,0.00,0.0,0.000,0.000,0.000,37.511,0.00
1786270946,ingest,0.00,0.00,0.0,0.000,0.000,0.000,37.512,0.00
1786270951,ingest,0.00,0.00,0.0,0.000,0.000,0.000,37.514,0.00
1786270956,ingest,0.00,0.00,0.0,0.000,0.000,0.000,37.514,0.00
1786270961,ingest,0.00,0.00,0.0,0.000,0.000,0.000,37.515,0.00
1786270966,ingest,0.00,0.00,0.0,0.000,0.000,0.000,37.515,0.00
1786270971,ingest,0.00,0.00,0.0,0.000,0.000,0.000,37.514,0.00
1786270976,ingest,0.00,0.00,0.0,0.000,0.000,0.000,37.514,0.00
1786270981,ingest,0.00,0.00,0.0,0.000,0.000,0.000,37.516,0.00
1786270986,ingest,0.00,0.00,0.0,0.000,0.000,0.000,37.517,0.00
1786270991,ingest,0.00,0.00,0.0,0.000,0.000,0.000,37.514,0.00
1786270996,ingest,0.00,0.00,0.0,0.000,0.000,0.000,37.515,0.00
1786271001,ingest,0.00,0.00,0.0,0.000,0.000,0.000,37.514,0.00
1786271006,ingest,0.00,0.00,0.0,0.000,0.000,0.000,37.515,0.00
1786271011,ingest,0.00,0.00,0.0,0.000,0.000,0.000,37.515,0.00
1786271016,ingest,0.00,0.00,0.0,0.000,0.000,0.000,37.516,0.00
1786271022,ingest,0.00,0.00,0.0,0.000,0.000,0.000,37.514,0.00
1786271027,ingest,0.00,0.00,0.0,0.000,0.000,0.000,37.515,0.00
1786271032,ingest,0.00,0.00,0.0,0.000,0.000,0.000,37.514,0.00
1786271037,ingest,0.00,0.00,0.0,0.000,0.000,0.000,37.515,0.00
1786271042,ingest,0.00,0.00,0.0,0.000,0.000,0.000,37.515,0.00
1786271047,ingest,0.00,0.00,0.0,0.000,0.000,0.000,37.515,0.00
1786271052,ingest,0.00,0.00,0.0,0.000,0.000,0.000,37.515,0.00
1786271057,ingest,0.00,0.00,0.0,0.000,0.000,0.000,37.513,0.00
1786271062,ingest,0.00,0.00,0.0,0.000,0.000,0.000,37.514,0.00
1786271067,ingest,0.00,0.00,0.0,0.000,0.000,0.000,37.515,0.00
1786271072,ingest,0.00,0.00,0.0,0.000,0.000,0.000,37.514,0.00
1786271077,ingest,0.00,0.00,0.0,0.000,0.000,0.000,37.514,0.00
1786271082,ingest,0.00,0.00,0.0,0.000,0.000,0.000,37.515,0.00
1786271087,ingest,0.00,0.00,0.0,0.000,0.000,0.000,37.515,0.00
1786271092,ingest,0.00,0.00,0.0,0.000,0.000,0.000,37.513,0.00
1786271097,ingest,0.00,0.00,0.0,0.000,0.000,0.000,37.515,0.00
1786271102,ingest,0.00,0.00,0.0,0.000,0.000,0.000,37.513,0.00
1786271107,ingest,0.00,0.00,0.0,0.000,0.000,0.000,37.514,0.00
1786271112,ingest,0.00,0.00,0.0,0.000,0.000,0.000,37.514,0.00
1786271118,ingest,0.00,0.00,0.0,0.000,0.000,0.000,37.515,0.00
1786271123,ingest,0.00,0.00,0.0,0.000,0.000,0.000,37.515,0.00
1786271128,ingest,0.00,0.00,0.0,0.000,0.000,0.000,37.514,0.00
1786271133,ingest,0.00,0.00,0.0,0.000,0.000,0.000,37.510,0.00
1786271138,ingest,0.00,0.00,0.0,0.000,0.000,0.000,37.511,0.00
1786271143,ingest,0.00,0.00,0.0,0.000,0.000,0.000,37.516,0.00
1786271148,ingest,0.00,0.00,0.0,0.000,0.000,0.000,37.514,0.00
1786271153,ingest,0.00,0.00,0.0,0.000,0.000,0.000,37.514,0.00
1786271158,ingest,0.00,0.00,0.0,0.000,0.000,0.000,37.513,0.00
1786271163,ingest,0.00,0.00,0.0,0.000,0.000,0.000,37.514,0.00
1786271168,ingest,0.00,0.00,0.0,0.000,0.000,0.000,37.512,0.00
1786271173,ingest,0.00,0.00,0.0,0.000,0.000,0.000,37.508,0.00
1786271178,ingest,0.00,0.00,0.0,0.000,0.000,0.000,37.510,0.00
1786271183,ingest,0.00,0.00,0.0,0.000,0.000,0.000,37.510,0.00
1786271188,ingest,0.00,0.00,0.0,0.000,0.000,0.000,37.515,0.00
1786271193,ingest,0.00,0.00,0.0,0.000,0.000,0.000,37.515,0.00
1786271198,ingest,0.00,0.00,0.0,0.000,0.000,0.000,37.513,0.00
1786271203,ingest,0.00,0.00,0.0,0.000,0.000,0.000,37.513,0.00
1786271208,ingest,0.00,0.00,0.0,0.000,0.000,0.000,37.514,0.00
1786271214,ingest,0.00,0.00,0.0,0.000,0.000,0.000,37.514,0.00
1786271219,ingest,0.00,0.00,0.0,0.000,0.000,0.000,37.514,0.00
1786271224,ingest,0.00,0.00,0.0,0.000,0.000,0.000,37.514,0.00
1786271229,ingest,0.00,0.00,0.0,0.000,0.000,0.000,37.511,0.00
1786271234,ingest,0.00,0.00,0.0,0.000,0.000,0.000,37.513,0.00
1786271239,ingest,0.00,0.00,0.0,0.000,0.000,0.000,37.511,0.00
1786271244,ingest,0.00,0.00,0.0,0.000,0.000,0.000,37.511,0.00
1786271249,ingest,0.00,0.00,0.0,0.000,0.000,0.000,37.509,0.00
1786271254,ingest,0.00,0.00,0.0,0.000,0.000,0.000,37.509,0.00
1786271259,ingest,0.00,0.00,0.0,0.000,0.000,0.000,37.508,0.00
1786271264,ingest,0.00,0.00,0.0,0.000,0.000,0.000,37.508,0.00
1786271269,ingest,0.00,0.00,0.0,0.000,0.000,0.000,37.508,0.00
1786271274,ingest,0.00,0.00,0.0,0.000,0.000,0.000,37.507,0.00
1786271279,ingest,0.00,0.00,0.0,0.000,0.000,0.000,37.511,0.00
1786271284,ingest,0.00,0.00,0.0,0.000,0.000,0.000,37.511,0.00
1786271289,ingest,0.00,0.00,0.0,0.000,0.000,0.000,37.511,0.00
1786271294,ingest,0.00,0.00,0.0,0.000,0.000,0.000,37.511,0.00
1786271299,ingest,0.00,0.00,0.0,0.000,0.000,0.000,37.510,0.00
1786271304,ingest,0.00,0.00,0.0,0.000,0.000,0.000,37.511,0.00
1786271310,ingest,0.00,0.00,0.0,0.000,0.000,0.000,37.514,0.00
1786271315,ingest,0.00,0.00,0.0,0.000,0.000,0.000,37.514,0.00
1786271320,ingest,0.00,0.00,0.0,0.000,0.000,0.000,37.514,0.00
1786271325,ingest,0.00,0.00,0.0,0.000,0.000,0.000,37.515,0.00
1786271330,ingest,0.00,0.00,0.0,0.000,0.000,0.000,37.514,0.00
1786271335,ingest,0.00,0.00,0.0,0.000,0.000,0.000,37.514,0.00
1786271340,ingest,0.00,0.00,0.0,0.000,0.000,0.000,37.515,0.00
1786271345,ingest,0.00,0.00,0.0,0.000,0.000,0.000,37.515,0.00
1786271350,ingest,0.00,0.00,0.0,0.000,0.000,0.000,37.513,0.00
1786271355,ingest,0.00,0.00,0.0,0.000,0.000,0.000,37.513,0.00
1786271360,ingest,0.00,0.00,0.0,0.000,0.000,0.000,37.514,0.00
1786271365,ingest,0.00,0.00,0.0,0.000,0.000,0.000,37.515,0.00
1786271370,ingest,0.00,0.00,0.0,0.000,0.000,0.000,37.516,0.00
1786271375,ingest,0.00,0.00,0.0,0.000,0.000,0.000,37.516,0.00
1786271380,ingest,0.00,0.00,0.0,0.000,0.000,0.000,37.517,0.00
1786271385,ingest,0.00,0.00,0.0,0.000,0.000,0.000,37.518,0.00
1786271390,ingest,0.00,0.00,0.0,0.000,0.000,0.000,37.516,0.00
1786271395,ingest,0.00,0.00,0.0,0.000,0.000,0.000,37.516,0.00
1786271400,ingest,0.00,0.00,0.0,0.000,0.000,0.000,37.516,0.00
1786271406,ingest,0.00,0.00,0.0,0.000,0.000,0.000,37.517,0.00
1786271411,ingest,0.00,0.00,0.0,0.000,0.000,0.000,37.517,0.00
1786271416,ingest,0.00,0.00,0.0,0.000,0.000,0.000,37.514,0.00
1786271421,ingest,0.00,0.00,0.0,0.000,0.000,0.000,37.514,0.00
1786271426,ingest,0.00,0.00,0.0,0.000,0.000,0.000,37.514,0.00
1786271431,ingest,0.00,0.00,0.0,0.000,0.000,0.000,37.514,0.00
1786271436,ingest,0.00,0.00,0.0,0.000,0.000,0.000,37.514,0.00
1786271441,ingest,0.00,0.00,0.0,0.000,0.000,0.000,37.511,0.00
1786271446,ingest,0.00,0.00,0.0,0.000,0.000,0.000,37.512,0.00
1786271451,ingest,0.00,0.00,0.0,0.000,0.000,0.000,37.509,0.00
1786271456,ingest,0.00,0.00,0.0,0.000,0.000,0.000,37.509,0.00
1786271461,ingest,0.00,0.00,0.0,0.000,0.000,0.000,37.511,0.00
1786271466,ingest,0.00,0.00,0.0,0.000,0.000,0.000,37.511,0.00
1786271471,ingest,0.00,0.00,0.0,0.000,0.000,0.000,37.515,0.00
1786271476,ingest,0.00,0.00,0.0,0.000,0.000,0.000,37.512,0.00
1786271481,ingest,0.00,0.00,0.0,0.000,0.000,0.000,37.517,0.00
1786271486,ingest,0.00,0.00,0.0,0.000,0.000,0.000,37.517,0.00
1786271491,ingest,0.00,0.00,0.0,0.000,0.000,0.000,37.516,0.00
1786271496,ingest,0.00,0.00,0.0,0.000,0.000,0.000,37.515,0.00
1786271502,ingest,0.00,0.00,0.0,0.000,0.000,0.000,37.519,0.00
1786271507,ingest,0.00,0.00,0.0,0.000,0.000,0.000,37.517,0.00
1786271512,ingest,0.00,0.00,0.0,0.000,0.000,0.000,37.517,0.00
1786271517,ingest,0.00,0.00,0.0,0.000,0.000,0.000,37.516,0.00
1786271522,ingest,0.00,0.00,0.0,0.000,0.000,0.000,37.516,0.00
1786271527,ingest,0.00,0.00,0.0,0.000,0.000,0.000,37.516,0.00
1786271532,ingest,0.00,0.00,0.0,0.000,0.000,0.000,37.515,0.00
1786271537,ingest,0.00,0.00,0.0,0.000,0.000,0.000,37.513,0.00
1786271542,ingest,0.00,0.00,0.0,0.000,0.000,0.000,37.513,0.00
1786271547,ingest,0.00,0.00,0.0,0.000,0.000,0.000,37.517,0.00
1786271552,ingest,0.00,0.00,0.0,0.000,0.000,0.000,37.517,0.00
1786271557,ingest,0.00,0.00,0.0,0.000,0.000,0.000,37.516,0.00
1786271562,ingest,0.00,0.00,0.0,0.000,0.000,0.000,37.515,0.00
1786271567,ingest,0.00,0.00,0.0,0.000,0.000,0.000,37.516,0.00
1786271572,ingest,0.00,0.00,0.0,0.000,0.000,0.000,37.516,0.00
1786271577,ingest,0.00,0.00,0.0,0.000,0.000,0.000,37.515,0.00
1786271582,ingest,0.00,0.00,0.0,0.000,0.000,0.000,37.515,0.00
1786271587,ingest,0.00,0.00,0.0,0.000,0.000,0.000,37.515,0.00
1786271592,ingest,0.00,0.00,0.0,0.000,0.000,0.000,37.511,0.00
1786271598,ingest,0.00,0.00,0.0,0.000,0.000,0.000,37.512,0.00
1786271603,ingest,0.00,0.00,0.0,0.000,0.000,0.000,37.512,0.00
1786271608,ingest,0.00,0.00,0.0,0.000,0.000,0.000,37.513,0.00
1786271613,ingest,0.00,0.00,0.0,0.000,0.000,0.000,37.513,0.00
1786271618,ingest,0.00,0.00,0.0,0.000,0.000,0.000,37.513,0.00
1786271623,ingest,0.00,0.00,0.0,0.000,0.000,0.000,37.513,0.00
1786271628,ingest,0.00,0.00,0.0,0.000,0.000,0.000,37.512,0.00
1786271633,ingest,0.00,0.00,0.0,0.000,0.000,0.000,37.512,0.00
1786271638,ingest,0.00,0.00,0.0,0.000,0.000,0.000,37.512,0.00
1786271643,ingest,0.00,0.00,0.0,0.000,0.000,0.000,37.512,0.00
1786271648,ingest,0.00,0.00,0.0,0.000,0.000,0.000,37.511,0.00
1786271653,ingest,0.00,0.00,0.0,0.000,0.000,0.000,37.507,0.00
1786271658,ingest,0.00,0.00,0.0,0.000,0.000,0.000,37.513,0.00
1786271663,ingest,0.00,0.00,0.0,0.000,0.000,0.000,37.513,0.00
1786271668,ingest,0.00,0.00,0.0,0.000,0.000,0.000,37.511,0.00
1786271673,ingest,0.00,0.00,0.0,0.000,0.000,0.000,37.510,0.00
1786271678,ingest,0.00,0.00,0.0,0.000,0.000,0.000,37.509,0.00
1786271683,ingest,0.00,0.00,0.0,0.000,0.000,0.000,37.509,0.00
1786271688,ingest,0.00,0.00,0.0,0.000,0.000,0.000,37.507,0.00
1786271694,ingest,0.00,0.00,0.0,0.000,0.000,0.000,37.507,0.00
1786271699,ingest,0.00,0.00,0.0,0.000,0.000,0.000,37.508,0.00
1786271704,ingest,0.00,0.00,0.0,0.000,0.000,0.000,37.507,0.00
1786271709,ingest,0.00,0.00,0.0,0.000,0.000,0.000,37.507,0.00
1786271714,ingest,0.00,0.00,0.0,0.000,0.000,0.000,37.507,0.00
1786271719,ingest,0.00,0.00,0.0,0.000,0.000,0.000,37.507,0.00
1786271724,ingest,0.00,0.00,0.0,0.000,0.000,0.000,37.508,0.00
1786271729,ingest,0.00,0.00,0.0,0.000,0.000,0.000,37.508,0.00
1786271734,ingest,0.00,0.00,0.0,0.000,0.000,0.000,37.509,0.00
1786271739,ingest,0.00,0.00,0.0,0.000,0.000,0.000,37.508,0.00
1786271744,ingest,0.00,0.00,0.0,0.000,0.000,0.000,37.508,0.00
1786271749,ingest,0.00,0.00,0.0,0.000,0.000,0.000,37.506,0.00
1786271754,ingest,0.00,0.00,0.0,0.000,0.000,0.000,37.506,0.00
1786271759,ingest,0.00,0.00,0.0,0.000,0.000,0.000,37.504,0.00
1786271764,ingest,0.00,0.00,0.0,0.000,0.000,0.000,37.505,0.00
1786271769,ingest,0.00,0.00,0.0,0.000,0.000,0.000,37.505,0.00
1786271774,ingest,0.00,0.00,0.0,0.000,0.000,0.000,37.506,0.00
1786271779,ingest,0.00,0.00,0.0,0.000,0.000,0.000,37.502,0.00
1786271784,ingest,0.00,0.00,0.0,0.000,0.000,0.000,37.506,0.00
1786271790,ingest,0.00,0.00,0.0,0.000,0.000,0.000,37.506,0.00
1786271795,ingest,0.00,0.00,0.0,0.000,0.000,0.000,37.507,0.00
1786271800,ingest,0.00,0.00,0.0,0.000,0.000,0.000,37.506,0.00
1786271805,ingest,0.00,0.00,0.0,0.000,0.000,0.000,37.507,0.00
1786271810,ingest,0.00,0.00,0.0,0.000,0.000,0.000,37.506,0.00
1786271815,ingest,0.00,0.00,0.0,0.000,0.000,0.000,37.506,0.00
1786271820,ingest,0.00,0.00,0.0,0.000,0.000,0.000,37.507,0.00
1786271825,ingest,0.00,0.00,0.0,0.000,0.000,0.000,37.507,0.00
1786271830,ingest,0.00,0.00,0.0,0.000,0.000,0.000,37.506,0.00
1786271835,ingest,0.00,0.00,0.0,0.000,0.000,0.000,37.506,0.00
1786271840,ingest,0.00,0.00,0.0,0.000,0.000,0.000,37.503,0.00
1786271845,ingest,0.00,0.00,0.0,0.000,0.000,0.000,37.506,0.00
1786271850,ingest,0.00,0.00,0.0,0.000,0.000,0.000,37.503,0.00
1786271855,ingest,0.00,0.00,0.0,0.000,0.000,0.000,37.504,0.00
1786271860,ingest,0.00,0.00,0.0,0.000,0.000,0.000,37.502,0.00
1786271865,ingest,0.00,0.00,0.0,0.000,0.000,0.000,37.502,0.00
1786271870,ingest,0.00,0.00,0.0,0.000,0.000,0.000,37.503,0.00
1786271875,ingest,0.00,0.00,0.0,0.000,0.000,0.000,37.505,0.00
1786271880,ingest,0.00,0.00,0.0,0.000,0.000,0.000,37.505,0.00
1786271886,ingest,0.00,0.00,0.0,0.000,0.000,0.000,37.503,0.00
1786271891,ingest,0.00,0.00,0.0,0.000,0.000,0.000,37.503,0.00
1786271896,ingest,0.00,0.00,0.0,0.000,0.000,0.000,37.504,0.00
1786271901,ingest,0.00,0.00,0.0,0.000,0.000,0.000,37.503,0.00
1786271906,ingest,0.00,0.00,0.0,0.000,0.000,0.000,37.502,0.00
1786271911,ingest,0.00,0.00,0.0,0.000,0.000,0.000,37.501,0.00
1786271916,ingest,0.00,0.00,0.0,0.000,0.000,0.000,37.500,0.00
1786271921,ingest,0.00,0.00,0.0,0.000,0.000,0.000,37.500,0.00
1786271926,ingest,0.00,0.00,0.0,0.000,0.000,0.000,37.502,0.00
1786271931,ingest,0.00,0.00,0.0,0.000,0.000,0.000,37.502,0.00
1786271936,ingest,0.00,0.00,0.0,0.000,0.000,0.000,37.501,0.00
1786271941,ingest,0.00,0.00,0.0,0.000,0.000,0.000,37.501,0.00
1786271946,ingest,0.00,0.00,0.0,0.000,0.000,0.000,37.502,0.00
1786271951,ingest,0.00,0.00,0.0,0.000,0.000,0.000,37.502,0.00
1786271956,ingest,0.00,0.00,0.0,0.000,0.000,0.000,37.502,0.00
1786271961,ingest,0.00,0.00,0.0,0.000,0.000,0.000,37.502,0.00
1786271966,ingest,0.00,0.00,0.0,0.000,0.000,0.000,37.503,0.00
1786271971,ingest,0.00,0.00,0.0,0.000,0.000,0.000,37.505,0.00
1786271976,ingest,0.00,0.00,0.0,0.000,0.000,0.000,37.504,0.00
1786271982,ingest,0.00,0.00,0.0,0.000,0.000,0.000,37.504,0.00
1786271987,ingest,0.00,0.00,0.0,0.000,0.000,0.000,37.504,0.00
1786271992,ingest,0.00,0.00,0.0,0.000,0.000,0.000,37.504,0.00
1786271997,ingest,0.00,0.00,0.0,0.000,0.000,0.000,37.507,0.00
1786272002,ingest,0.00,0.00,0.0,0.000,0.000,0.000,37.507,0.00
1786272007,ingest,0.00,0.00,0.0,0.000,0.000,0.000,37.508,0.00
1786272012,ingest,0.00,0.00,0.0,0.000,0.000,0.000,37.507,0.00
1786272017,ingest,0.00,0.00,0.0,0.000,0.000,0.000,37.505,0.00
1786272022,ingest,0.00,0.00,0.0,0.000,0.000,0.000,37.505,0.00
1786272027,ingest,0.00,0.00,0.0,0.000,0.000,0.000,37.503,0.00
1786272032,ingest,0.00,0.00,0.0,0.000,0.000,0.000,37.503,0.00
1786272037,ingest,0.00,0.00,0.0,0.000,0.000,0.000,37.500,0.00
1786272042,ingest,0.00,0.00,0.0,0.000,0.000,0.000,37.500,0.00
1786272047,ingest,0.00,0.00,0.0,0.000,0.000,0.000,37.502,0.00
1786272052,ingest,0.00,0.00,0.0,0.000,0.000,0.000,37.502,0.00
1786272057,ingest,0.00,0.00,0.0,0.000,0.000,0.000,37.504,0.00
1786272062,ingest,0.00,0.00,0.0,0.000,0.000,0.000,37.504,0.00
1786272067,ingest,0.00,0.00,0.0,0.000,0.000,0.000,37.506,0.00
1786272072,ingest,0.00,0.00,0.0,0.000,0.000,0.000,37.506,0.00
1786272078,ingest,0.00,0.00,0.0,0.000,0.000,0.000,37.506,0.00
1786272083,ingest,0.00,0.00,0.0,0.000,0.000,0.000,37.507,0.00
1786272088,ingest,0.00,0.00,0.0,0.000,0.000,0.000,37.504,0.00
1786272093,ingest,0.00,0.00,0.0,0.000,0.000,0.000,37.507,0.00
1786272098,ingest,0.00,0.00,0.0,0.000,0.000,0.000,37.507,0.00
1786272103,ingest,0.00,0.00,0.0,0.000,0.000,0.000,37.509,0.00
1786272108,ingest,0.00,0.00,0.0,0.000,0.000,0.000,37.509,0.00
1786272113,ingest,0.00,0.00,0.0,0.000,0.000,0.000,37.509,0.00
1786272118,ingest,0.00,0.00,0.0,0.000,0.000,0.000,37.507,0.00
1786272123,ingest,0.00,0.00,0.0,0.000,0.000,0.000,37.508,0.00
1786272128,ingest,0.00,0.00,0.0,0.000,0.000,0.000,37.506,0.00
1786272133,ingest,0.00,0.00,0.0,0.000,0.000,0.000,37.507,0.00
1786272138,ingest,0.00,0.00,0.0,0.000,0.000,0.000,37.508,0.00
1786272143,ingest,0.00,0.00,0.0,0.000,0.000,0.000,37.509,0.00
1786272148,ingest,0.00,0.00,0.0,0.000,0.000,0.000,37.507,0.00
1786272153,ingest,0.00,0.00,0.0,0.000,0.000,0.000,37.507,0.00
1786272158,ingest,0.00,0.00,0.0,0.000,0.000,0.000,37.505,0.00
1786272163,ingest,0.00,0.00,0.0,0.000,0.000,0.000,37.504,0.00
1786272168,ingest,0.00,0.00,0.0,0.000,0.000,0.000,37.505,0.00
1786272174,ingest,0.00,0.00,0.0,0.000,0.000,0.000,37.505,0.00
1786272179,ingest,0.00,0.00,0.0,0.000,0.000,0.000,37.503,0.00
1786272184,ingest,0.00,0.00,0.0,0.000,0.000,0.000,37.503,0.00
1786272189,ingest,0.00,0.00,0.0,0.000,0.000,0.000,37.503,0.00
1786272194,ingest,0.00,0.00,0.0,0.000,0.000,0.000,37.502,0.00
1786272199,ingest,0.00,0.00,0.0,0.000,0.000,0.000,37.500,0.00
1786272204,ingest,0.00,0.00,0.0,0.000,0.000,0.000,37.500,0.00
1786272209,ingest,0.00,0.00,0.0,0.000,0.000,0.000,37.499,0.00
1786272214,ingest,0.00,0.00,0.0,0.000,0.000,0.000,37.499,0.00
1786272219,ingest,0.00,0.00,0.0,0.000,0.000,0.000,37.497,0.00
1786272224,ingest,0.00,0.00,0.0,0.000,0.000,0.000,37.496,0.00
1786272229,ingest,0.00,0.00,0.0,0.000,0.000,0.000,37.496,0.00
1786272234,ingest,0.00,0.00,0.0,0.000,0.000,0.000,37.498,0.00
1786272239,ingest,0.00,0.00,0.0,0.000,0.000,0.000,37.498,0.00
1786272244,ingest,0.00,0.00,0.0,0.000,0.000,0.000,37.497,0.00
1786272249,ingest,0.00,0.00,0.0,0.000,0.000,0.000,37.497,0.00
1786272254,ingest,0.00,0.00,0.0,0.000,0.000,0.000,37.500,0.00
1786272259,ingest,0.00,0.00,0.0,0.000,0.000,0.000,37.500,0.00
1786272264,ingest,0.00,0.00,0.0,0.000,0.000,0.000,37.499,0.00
1786272270,ingest,0.00,0.00,0.0,0.000,0.000,0.000,37.500,0.00
1786272275,ingest,0.00,0.00,0.0,0.000,0.000,0.000,37.499,0.00
1786272280,ingest,0.00,0.00,0.0,0.000,0.000,0.000,37.499,0.00
1786272285,ingest,0.00,0.00,0.0,0.000,0.000,0.000,37.497,0.00
1786272290,ingest,0.00,0.00,0.0,0.000,0.000,0.000,37.498,0.00
1786272295,ingest,0.00,0.00,0.0,0.000,0.000,0.000,37.501,0.00
1786272300,ingest,0.00,0.00,0.0,0.000,0.000,0.000,37.500,0.00
1786272305,ingest,0.00,0.00,0.0,0.000,0.000,0.000,37.500,0.00
1786272310,ingest,0.00,0.00,0.0,0.000,0.000,0.000,37.500,0.00
1786272315,ingest,0.00,0.00,0.0,0.000,0.000,0.000,37.503,0.00
1786272320,ingest,0.00,0.00,0.0,0.000,0.000,0.000,37.503,0.00
1786272325,ingest,0.00,0.00,0.0,0.000,0.000,0.000,37.504,0.00
1786272330,ingest,0.00,0.00,0.0,0.000,0.000,0.000,37.504,0.00
1786272335,ingest,0.00,0.00,0.0,0.000,0.000,0.000,37.505,0.00
1786272340,ingest,0.00,0.00,0.0,0.000,0.000,0.000,37.506,0.00
1786272345,ingest,0.00,0.00,0.0,0.000,0.000,0.000,37.504,0.00
1786272350,ingest,0.00,0.00,0.0,0.000,0.000,0.000,37.505,0.00
1786272355,ingest,0.00,0.00,0.0,0.000,0.000,0.000,37.505,0.00
1786272360,ingest,0.00,0.00,0.0,0.000,0.000,0.000,37.506,0.00
1786272366,ingest,0.00,0.00,0.0,0.000,0.000,0.000,37.505,0.00
1786272371,ingest,0.00,0.00,0.0,0.000,0.000,0.000,37.506,0.00
1786272376,ingest,0.00,0.00,0.0,0.000,0.000,0.000,37.503,0.00
1786272381,ingest,0.00,0.00,0.0,0.000,0.000,0.000,37.503,0.00
1786272386,ingest,0.00,0.00,0.0,0.000,0.000,0.000,37.502,0.00
1786272391,ingest,0.00,0.00,0.0,0.000,0.000,0.000,37.503,0.00
1786272396,ingest,0.00,0.00,0.0,0.000,0.000,0.000,37.503,0.00
1786272401,ingest,0.00,0.00,0.0,0.000,0.000,0.000,37.504,0.00
1786272406,ingest,0.00,0.00,0.0,0.000,0.000,0.000,37.503,0.00
1786272411,ingest,0.00,0.00,0.0,0.000,0.000,0.000,37.503,0.00
1786272416,ingest,0.00,0.00,0.0,0.000,0.000,0.000,37.502,0.00
1786272421,ingest,0.00,0.00,0.0,0.000,0.000,0.000,37.502,0.00
1786272426,ingest,0.00,0.00,0.0,0.000,0.000,0.000,37.503,0.00
1786272431,ingest,0.00,0.00,0.0,0.000,0.000,0.000,37.503,0.00
1786272436,ingest,0.00,0.00,0.0,0.000,0.000,0.000,37.502,0.00
1786272441,ingest,0.00,0.00,0.0,0.000,0.000,0.000,37.502,0.00
1786272446,ingest,0.00,0.00,0.0,0.000,0.000,0.000,37.503,0.00
1786272451,ingest,0.00,0.00,0.0,0.000,0.000,0.000,37.502,0.00
1786272456,ingest,0.00,0.00,0.0,0.000,0.000,0.000,37.499,0.00
1786272462,ingest,0.00,0.00,0.0,0.000,0.000,0.000,37.500,0.00
1786272467,ingest,0.00,0.00,0.0,0.000,0.000,0.000,37.498,0.00
1786272472,ingest,0.00,0.00,0.0,0.000,0.000,0.000,37.498,0.00
1786272477,ingest,0.00,0.00,0.0,0.000,0.000,0.000,37.493,0.00
1786272482,ingest,0.00,0.00,0.0,0.000,0.000,0.000,37.494,0.00
1786272487,ingest,0.00,0.00,0.0,0.000,0.000,0.000,37.494,0.00
1786272492,ingest,0.00,0.00,0.0,0.000,0.000,0.000,37.495,0.00
1786272497,ingest,0.00,0.00,0.0,0.000,0.000,0.000,37.497,0.00
1786272502,ingest,0.00,0.00,0.0,0.000,0.000,0.000,37.497,0.00
1786272507,ingest,0.00,0.00,0.0,0.000,0.000,0.000,37.497,0.00
1786272512,ingest,0.00,0.00,0.0,0.000,0.000,0.000,37.497,0.00
1786272517,ingest,0.00,0.00,0.0,0.000,0.000,0.000,37.498,0.00
1786272522,ingest,0.00,0.00,0.0,0.000,0.000,0.000,37.498,0.00
1786272527,ingest,0.00,0.00,0.0,0.000,0.000,0.000,37.498,0.00
1786272532,ingest,0.00,0.00,0.0,0.000,0.000,0.000,37.497,0.00
1786272537,ingest,0.00,0.00,0.0,0.000,0.000,0.000,37.498,0.00
1786272542,ingest,0.00,0.00,0.0,0.000,0.000,0.000,37.498,0.00
1786272547,ingest,0.00,0.00,0.0,0.000,0.000,0.000,37.496,0.00
1786272552,ingest,0.00,0.00,0.0,0.000,0.000,0.000,37.496,0.00
1786272558,ingest,0.00,0.00,0.0,0.000,0.000,0.000,37.496,0.00
1786272563,ingest,0.00,0.00,0.0,0.000,0.000,0.000,37.496,0.00
1786272568,ingest,0.00,0.00,0.0,0.000,0.000,0.000,37.496,0.00
1786272573,ingest,0.00,0.00,0.0,0.000,0.000,0.000,37.496,0.00
1786272578,ingest,0.00,0.00,0.0,0.000,0.000,0.000,37.496,0.00
1786272583,ingest,0.00,0.00,0.0,0.000,0.000,0.000,37.496,0.00
1786272588,ingest,0.00,0.00,0.0,0.000,0.000,0.000,37.497,0.00
1786272593,ingest,0.00,0.00,0.0,0.000,0.000,0.000,37.496,0.00
1786272598,ingest,0.00,0.00,0.0,0.000,0.000,0.000,37.496,0.00
1786272603,ingest,0.00,0.00,0.0,0.000,0.000,0.000,37.495,0.00
1786272608,ingest,0.00,0.00,0.0,0.000,0.000,0.000,37.495,0.00
1786272613,ingest,0.00,0.00,0.0,0.000,0.000,0.000,37.493,0.00
1786272618,ingest,0.00,0.00,0.0,0.000,0.000,0.000,37.494,0.00
1786272623,ingest,0.00,0.00,0.0,0.000,0.000,0.000,37.493,0.00
1786272628,ingest,0.00,0.00,0.0,0.000,0.000,0.000,37.494,0.00
1786272633,ingest,0.00,0.00,0.0,0.000,0.000,0.000,37.494,0.00
1786272638,ingest,0.00,0.00,0.0,0.000,0.000,0.000,37.494,0.00
1786272643,ingest,0.00,0.00,0.0,0.000,0.000,0.000,37.496,0.00
1786272648,ingest,0.00,0.00,0.0,0.000,0.000,0.000,37.496,0.00
1786272654,ingest,0.00,0.00,0.0,0.000,0.000,0.000,37.497,0.00
1786272659,ingest,0.00,0.00,0.0,0.000,0.000,0.000,37.497,0.00
1786272664,ingest,0.00,0.00,0.0,0.000,0.000,0.000,37.496,0.00
1786272669,ingest,0.00,0.00,0.0,0.000,0.000,0.000,37.496,0.00
1786272674,ingest,0.00,0.00,0.0,0.000,0.000,0.000,37.494,0.00
1786272679,ingest,0.00,0.00,0.0,0.000,0.000,0.000,37.494,0.00
1786272684,ingest,0.00,0.00,0.0,0.000,0.000,0.000,37.493,0.00
1786272689,ingest,0.00,0.00,0.0,0.000,0.000,0.000,37.493,0.00
1786272694,ingest,0.00,0.00,0.0,0.000,0.000,0.000,37.498,0.00
1786272699,ingest,0.00,0.00,0.0,0.000,0.000,0.000,37.498,0.00
1786272704,ingest,0.00,0.00,0.0,0.000,0.000,0.000,37.497,0.00
1786272709,ingest,0.00,0.00,0.0,0.000,0.000,0.000,37.497,0.00
1786272714,ingest,0.00,0.00,0.0,0.000,0.000,0.000,37.497,0.00
1786272719,ingest,0.00,0.00,0.0,0.000,0.000,0.000,37.498,0.00
1786272724,ingest,0.00,0.00,0.0,0.000,0.000,0.000,37.498,0.00
1786272729,ingest,0.00,0.00,0.0,0.000,0.000,0.000,37.498,0.00
1786272734,ingest,0.00,0.00,0.0,0.000,0.000,0.000,37.496,0.00
1786272739,ingest,0.00,0.00,0.0,0.000,0.000,0.000,37.496,0.00
1786272744,ingest,0.00,0.00,0.0,0.000,0.000,0.000,37.493,0.00
1786272750,ingest,0.00,0.00,0.0,0.000,0.000,0.000,37.495,0.00
1786272755,ingest,0.00,0.00,0.0,0.000,0.000,0.000,37.496,0.00
1786272760,ingest,0.00,0.00,0.0,0.000,0.000,0.000,37.496,0.00
1786272765,ingest,0.00,0.00,0.0,0.000,0.000,0.000,37.495,0.00
1786272770,ingest,0.00,0.00,0.0,0.000,0.000,0.000,37.495,0.00
1786272775,ingest,0.00,0.00,0.0,0.000,0.000,0.000,37.492,0.00
1786272780,ingest,0.00,0.00,0.0,0.000,0.000,0.000,37.494,0.00
1786272785,ingest,0.00,0.00,0.0,0.000,0.000,0.000,37.492,0.00
1786272790,ingest,0.00,0.00,0.0,0.000,0.000,0.000,37.492,0.00
1786272795,ingest,0.00,0.00,0.0,0.000,0.000,0.000,37.492,0.00
1786272800,ingest,0.00,0.00,0.0,0.000,0.000,0.000,37.493,0.00
1786272805,ingest,0.00,0.00,0.0,0.000,0.000,0.000,37.492,0.00
1786272810,ingest,0.00,0.00,0.0,0.000,0.000,0.000,37.493,0.00
1786272815,ingest,0.00,0.00,0.0,0.000,0.000,0.000,37.493,0.00
1786272820,ingest,0.00,0.00,0.0,0.000,0.000,0.000,37.492,0.00
1786272825,ingest,0.00,0.00,0.0,0.000,0.000,0.000,37.495,0.00
1786272830,ingest,0.00,0.00,0.0,0.000,0.000,0.000,37.495,0.00
1786272835,ingest,0.00,0.00,0.0,0.000,0.000,0.000,37.493,0.00
1786272840,ingest,0.00,0.00,0.0,0.000,0.000,0.000,37.492,0.00
1786272846,ingest,0.00,0.00,0.0,0.000,0.000,0.000,37.489,0.00
1786272851,ingest,0.00,0.00,0.0,0.000,0.000,0.000,37.490,0.00
1786272856,ingest,0.00,0.00,0.0,0.000,0.000,0.000,37.490,0.00
1786272861,ingest,0.00,0.00,0.0,0.000,0.000,0.000,37.490,0.00
1786272866,ingest,0.00,0.00,0.0,0.000,0.000,0.000,37.488,0.00
1786272871,ingest,0.00,0.00,0.0,0.000,0.000,0.000,37.489,0.00
1786272876,ingest,0.00,0.00,0.0,0.000,0.000,0.000,37.487,0.00
1786272881,ingest,0.00,0.00,0.0,0.000,0.000,0.000,37.487,0.00
1786272886,ingest,0.00,0.00,0.0,0.000,0.000,0.000,37.489,0.00
1786272891,ingest,0.00,0.00,0.0,0.000,0.000,0.000,37.489,0.00
1786272896,ingest,0.00,0.00,0.0,0.000,0.000,0.000,37.487,0.00
1786272901,ingest,0.00,0.00,0.0,0.000,0.000,0.000,37.487,0.00
1786272906,ingest,0.00,0.00,0.0,0.000,0.000,0.000,37.486,0.00
1786272911,ingest,0.00,0.00,0.0,0.000,0.000,0.000,37.487,0.00
1786272916,ingest,0.00,0.00,0.0,0.000,0.000,0.000,37.486,0.00
1786272921,ingest,0.00,0.00,0.0,0.000,0.000,0.000,37.486,0.00
1786272926,ingest,0.00,0.00,0.0,0.000,0.000,0.000,37.486,0.00
1786272931,ingest,0.00,0.00,0.0,0.000,0.000,0.000,37.486,0.00
1786272936,ingest,0.00,0.00,0.0,0.000,0.000,0.000,37.487,0.00
1786272942,ingest,0.00,0.00,0.0,0.000,0.000,0.000,37.487,0.00
1786272947,ingest,0.00,0.00,0.0,0.000,0.000,0.000,37.487,0.00
1786272952,ingest,0.00,0.00,0.0,0.000,0.000,0.000,37.486,0.00
1786272957,ingest,0.00,0.00,0.0,0.000,0.000,0.000,37.483,0.00
1786272962,ingest,0.00,0.00,0.0,0.000,0.000,0.000,37.487,0.00
1786272967,ingest,0.00,0.00,0.0,0.000,0.000,0.000,37.487,0.00
1786272972,ingest,0.00,0.00,0.0,0.000,0.000,0.000,37.488,0.00
1786272977,ingest,0.00,0.00,0.0,0.000,0.000,0.000,37.488,0.00
1786272982,ingest,0.00,0.00,0.0,0.000,0.000,0.000,37.487,0.00
1786272987,ingest,0.00,0.00,0.0,0.000,0.000,0.000,37.487,0.00
1786272992,ingest,0.00,0.00,0.0,0.000,0.000,0.000,37.484,0.00
1786272997,ingest,0.00,0.00,0.0,0.000,0.000,0.000,37.484,0.00
1786273002,ingest,0.00,0.00,0.0,0.000,0.000,0.000,37.486,0.00
1786273007,ingest,0.00,0.00,0.0,0.000,0.000,0.000,37.486,0.00
1786273012,ingest,0.00,0.00,0.0,0.000,0.000,0.000,37.485,0.00
1786273017,ingest,0.00,0.00,0.0,0.000,0.000,0.000,37.485,0.00
1786273022,ingest,0.00,0.00,0.0,0.000,0.000,0.000,37.485,0.00
1786273027,ingest,0.00,0.00,0.0,0.000,0.000,0.000,37.485,0.00
1786273032,ingest,0.00,0.00,0.0,0.000,0.000,0.000,37.485,0.00
1786273038,ingest,0.00,0.00,0.0,0.000,0.000,0.000,37.486,0.00
1786273043,ingest,0.00,0.00,0.0,0.000,0.000,0.000,37.488,0.00
1786273048,ingest,0.00,0.00,0.0,0.000,0.000,0.000,37.488,0.00
1786273053,ingest,0.00,0.00,0.0,0.000,0.000,0.000,37.486,0.00
1786273058,ingest,0.00,0.00,0.0,0.000,0.000,0.000,37.487,0.00
1786273063,ingest,0.00,0.00,0.0,0.000,0.000,0.000,37.486,0.00
1786273068,ingest,0.00,0.00,0.0,0.000,0.000,0.000,37.486,0.00
1786273073,ingest,0.00,0.00,0.0,0.000,0.000,0.000,37.487,0.00
1786273078,ingest,0.00,0.00,0.0,0.000,0.000,0.000,37.488,0.00
1786273083,ingest,0.00,0.00,0.0,0.000,0.000,0.000,37.485,0.00
1786273088,ingest,0.00,0.00,0.0,0.000,0.000,0.000,37.485,0.00
1786273093,ingest,0.00,0.00,0.0,0.000,0.000,0.000,37.484,0.00
1786273098,ingest,0.00,0.00,0.0,0.000,0.000,0.000,37.483,0.00
1786273103,ingest,0.00,0.00,0.0,0.000,0.000,0.000,37.483,0.00
1786273108,ingest,0.00,0.00,0.0,0.000,0.000,0.000,37.482,0.00
1786273113,ingest,0.00,0.00,0.0,0.000,0.000,0.000,37.482,0.00
1786273118,ingest,0.00,0.00,0.0,0.000,0.000,0.000,37.482,0.00
1786273123,ingest,0.00,0.00,0.0,0.000,0.000,0.000,37.480,0.00
1786273128,ingest,0.00,0.00,0.0,0.000,0.000,0.000,37.480,0.00
1786273134,ingest,0.00,0.00,0.0,0.000,0.000,0.000,37.483,0.00
1786273139,ingest,0.00,0.00,0.0,0.000,0.000,0.000,37.482,0.00
1786273144,ingest,0.00,0.00,0.0,0.000,0.000,0.000,37.482,0.00
1786273149,ingest,0.00,0.00,0.0,0.000,0.000,0.000,37.482,0.00
1786273154,ingest,0.00,0.00,0.0,0.000,0.000,0.000,37.485,0.00
1786273159,ingest,0.00,0.00,0.0,0.000,0.000,0.000,37.485,0.00
1786273164,ingest,0.00,0.00,0.0,0.000,0.000,0.000,37.485,0.00
1786273169,ingest,0.00,0.00,0.0,0.000,0.000,0.000,37.486,0.00
1786273174,ingest,0.00,0.00,0.0,0.000,0.000,0.000,37.486,0.00
1786273179,ingest,0.00,0.00,0.0,0.000,0.000,0.000,37.486,0.00
1786273184,ingest,0.00,0.00,0.0,0.000,0.000,0.000,37.486,0.00
1786273189,ingest,0.00,0.00,0.0,0.000,0.000,0.000,37.486,0.00
1786273194,ingest,0.00,0.00,0.0,0.000,0.000,0.000,37.488,0.00
1786273199,ingest,0.00,0.00,0.0,0.000,0.000,0.000,37.488,0.00
1786273204,ingest,0.00,0.00,0.0,0.000,0.000,0.000,37.489,0.00
1786273209,ingest,0.00,0.00,0.0,0.000,0.000,0.000,37.490,0.00
1786273214,ingest,0.00,0.00,0.0,0.000,0.000,0.000,37.488,0.00
1786273219,ingest,0.00,0.00,0.0,0.000,0.000,0.000,37.489,0.00
1786273224,ingest,0.00,0.00,0.0,0.000,0.000,0.000,37.488,0.00
1786273230,ingest,0.00,0.00,0.0,0.000,0.000,0.000,37.489,0.00
1786273235,ingest,0.00,0.00,0.0,0.000,0.000,0.000,37.490,0.00
1786273240,ingest,0.00,0.00,0.0,0.000,0.000,0.000,37.490,0.00
1786273245,ingest,0.00,0.00,0.0,0.000,0.000,0.000,37.488,0.00
1786273250,ingest,0.00,0.00,0.0,0.000,0.000,0.000,37.489,0.00
1786273255,ingest,0.00,0.00,0.0,0.000,0.000,0.000,37.486,0.00
1786273260,ingest,0.00,0.00,0.0,0.000,0.000,0.000,37.487,0.00
1786273265,ingest,0.00,0.00,0.0,0.000,0.000,0.000,37.489,0.00
1786273270,ingest,0.00,0.00,0.0,0.000,0.000,0.000,37.490,0.00
1786273275,ingest,0.00,0.00,0.0,0.000,0.000,0.000,37.489,0.00
1786273280,ingest,0.00,0.00,0.0,0.000,0.000,0.000,37.490,0.00
1786273285,ingest,0.00,0.00,0.0,0.000,0.000,0.000,37.490,0.00
1786273290,ingest,0.00,0.00,0.0,0.000,0.000,0.000,37.491,0.00
1786273295,ingest,0.00,0.00,0.0,0.000,0.000,0.000,37.479,0.00
1786273300,ingest,0.00,0.00,0.0,0.000,0.000,0.000,37.491,0.00
1786273305,ingest,0.00,0.00,0.0,0.000,0.000,0.000,37.491,0.00
1786273310,ingest,0.00,0.00,0.0,0.000,0.000,0.000,37.489,0.00
1786273315,ingest,0.00,0.00,0.0,0.000,0.000,0.000,37.489,0.00
1786273320,ingest,0.00,0.00,0.0,0.000,0.000,0.000,37.490,0.00
1786273326,ingest,0.00,0.00,0.0,0.000,0.000,0.000,37.490,0.00
1786273331,ingest,0.00,0.00,0.0,0.000,0.000,0.000,37.490,0.00
1786273336,ingest,0.00,0.00,0.0,0.000,0.000,0.000,37.491,0.00
1786273341,ingest,0.00,0.00,0.0,0.000,0.000,0.000,37.490,0.00
1786273346,ingest,0.00,0.00,0.0,0.000,0.000,0.000,37.490,0.00
1786273351,ingest,0.00,0.00,0.0,0.000,0.000,0.000,37.491,0.00
1786273356,ingest,0.00,0.00,0.0,0.000,0.000,0.000,37.491,0.00
1786273361,ingest,0.00,0.00,0.0,0.000,0.000,0.000,37.490,0.00
1786273366,ingest,0.00,0.00,0.0,0.000,0.000,0.000,37.490,0.00
1786273371,ingest,0.00,0.00,0.0,0.000,0.000,0.000,37.492,0.00
1786273376,ingest,0.00,0.00,0.0,0.000,0.000,0.000,37.492,0.00
1786273381,ingest,0.00,0.00,0.0,0.000,0.000,0.000,37.495,0.00
1786273386,ingest,0.00,0.00,0.0,0.000,0.000,0.000,37.495,0.00
1786273391,ingest,0.00,0.00,0.0,0.000,0.000,0.000,37.494,0.00
1786273396,ingest,0.00,0.00,0.0,0.000,0.000,0.000,37.494,0.00
1786273401,ingest,0.00,0.00,0.0,0.000,0.000,0.000,37.494,0.00
1786273406,ingest,0.00,0.00,0.0,0.000,0.000,0.000,37.494,0.00
1786273411,ingest,0.00,0.00,0.0,0.000,0.000,0.000,37.494,0.00
1786273416,ingest,0.00,0.00,0.0,0.000,0.000,0.000,37.495,0.00
1786273422,ingest,0.00,0.00,0.0,0.000,0.000,0.000,37.497,0.00
1786273427,ingest,0.00,0.00,0.0,0.000,0.000,0.000,37.498,0.00
1786273432,ingest,0.00,0.00,0.0,0.000,0.000,0.000,37.497,0.00
1786273437,ingest,0.00,0.00,0.0,0.000,0.000,0.000,37.497,0.00
1786273442,ingest,0.00,0.00,0.0,0.000,0.000,0.000,37.497,0.00
1786273447,ingest,0.00,0.00,0.0,0.000,0.000,0.000,37.497,0.00
1786273452,ingest,0.00,0.00,0.0,0.000,0.000,0.000,37.498,0.00
1786273457,ingest,0.00,0.00,0.0,0.000,0.000,0.000,37.499,0.00
1786273462,ingest,0.00,0.00,0.0,0.000,0.000,0.000,37.499,0.00
1786273467,ingest,0.00,0.00,0.0,0.000,0.000,0.000,37.499,0.00
1786273472,ingest,0.00,0.00,0.0,0.000,0.000,0.000,37.498,0.00
1786273477,ingest,0.00,0.00,0.0,0.000,0.000,0.000,37.498,0.00
1786273482,ingest,0.00,0.00,0.0,0.000,0.000,0.000,37.500,0.00
1786273487,ingest,0.00,0.00,0.0,0.000,0.000,0.000,37.501,0.00
1786273492,ingest,0.00,0.00,0.0,0.000,0.000,0.000,37.496,0.00
1786273497,ingest,0.00,0.00,0.0,0.000,0.000,0.000,37.498,0.00
1786273502,ingest,0.00,0.00,0.0,0.000,0.000,0.000,37.493,0.00
1786273507,ingest,0.00,0.00,0.0,0.000,0.000,0.000,37.493,0.00
1786273513,ingest,0.00,0.00,0.0,0.000,0.000,0.000,37.492,0.00
1786273518,ingest,0.00,0.00,0.0,0.000,0.000,0.000,37.492,0.00
1786273523,ingest,0.00,0.00,0.0,0.000,0.000,0.000,37.492,0.00
1786273528,ingest,0.00,0.00,0.0,0.000,0.000,0.000,37.493,0.00
1786273533,ingest,0.00,0.00,0.0,0.000,0.000,0.000,37.490,0.00
1786273538,ingest,0.00,0.00,0.0,0.000,0.000,0.000,37.491,0.00
1786273543,ingest,0.00,0.00,0.0,0.000,0.000,0.000,37.491,0.00
1786273548,ingest,0.00,0.00,0.0,0.000,0.000,0.000,37.492,0.00
1786273553,ingest,0.00,0.00,0.0,0.000,0.000,0.000,37.490,0.00
1786273558,ingest,0.00,0.00,0.0,0.000,0.000,0.000,37.491,0.00
1786273563,ingest,0.00,0.00,0.0,0.000,0.000,0.000,37.489,0.00
1786273568,ingest,0.00,0.00,0.0,0.000,0.000,0.000,37.489,0.00
1786273573,ingest,0.00,0.00,0.0,0.000,0.000,0.000,37.489,0.00
1786273578,ingest,0.00,0.00,0.0,0.000,0.000,0.000,37.489,0.00
1786273583,ingest,0.00,0.00,0.0,0.000,0.000,0.000,37.489,0.00
1786273588,ingest,0.00,0.00,0.0,0.000,0.000,0.000,37.490,0.00
1786273593,ingest,0.00,0.00,0.0,0.000,0.000,0.000,37.492,0.00
1786273598,ingest,0.00,0.00,0.0,0.000,0.000,0.000,37.492,0.00
1786273603,ingest,0.00,0.00,0.0,0.000,0.000,0.000,37.490,0.00
1786273609,ingest,0.00,0.00,0.0,0.000,0.000,0.000,37.491,0.00
1786273614,ingest,0.00,0.00,0.0,0.000,0.000,0.000,37.492,0.00
1786273619,ingest,0.00,0.00,0.0,0.000,0.000,0.000,37.492,0.00
1786273624,ingest,0.00,0.00,0.0,0.000,0.000,0.000,37.490,0.00
1786273629,ingest,0.00,0.00,0.0,0.000,0.000,0.000,37.490,0.00
1786273634,ingest,0.00,0.00,0.0,0.000,0.000,0.000,37.490,0.00
1786273639,ingest,0.00,0.00,0.0,0.000,0.000,0.000,37.491,0.00
1786273644,ingest,0.00,0.00,0.0,0.000,0.000,0.000,37.489,0.00
1786273649,ingest,0.00,0.00,0.0,0.000,0.000,0.000,37.489,0.00
1786273654,ingest,0.00,0.00,0.0,0.000,0.000,0.000,37.486,0.00
1786273659,ingest,0.00,0.00,0.0,0.000,0.000,0.000,37.487,0.00
1786273664,ingest,0.00,0.00,0.0,0.000,0.000,0.000,37.487,0.00
1786273669,ingest,0.00,0.00,0.0,0.000,0.000,0.000,37.488,0.00
1786273674,ingest,0.00,0.00,0.0,0.000,0.000,0.000,37.488,0.00
1786273679,ingest,0.00,0.00,0.0,0.000,0.000,0.000,37.488,0.00
1786273684,ingest,0.00,0.00,0.0,0.000,0.000,0.000,37.488,0.00
1786273689,ingest,0.00,0.00,0.0,0.000,0.000,0.000,37.490,0.00
1786273694,ingest,0.00,0.00,0.0,0.000,0.000,0.000,37.490,0.00
1786273699,ingest,0.00,0.00,0.0,0.000,0.000,0.000,37.490,0.00
1786273705,ingest,0.00,0.00,0.0,0.000,0.000,0.000,37.490,0.00
1786273710,ingest,0.00,0.00,0.0,0.000,0.000,0.000,37.491,0.00
1786273715,ingest,0.00,0.00,0.0,0.000,0.000,0.000,37.491,0.00
1786273720,ingest,0.00,0.00,0.0,0.000,0.000,0.000,37.487,0.00
1786273725,ingest,0.00,0.00,0.0,0.000,0.000,0.000,37.487,0.00
1786273730,ingest,0.00,0.00,0.0,0.000,0.000,0.000,37.486,0.00
1786273735,ingest,0.00,0.00,0.0,0.000,0.000,0.000,37.486,0.00
1786273740,ingest,0.00,0.00,0.0,0.000,0.000,0.000,37.484,0.00
1786273745,ingest,0.00,0.00,0.0,0.000,0.000,0.000,37.484,0.00
1786273750,ingest,0.00,0.00,0.0,0.000,0.000,0.000,37.481,0.00
1786273755,ingest,0.00,0.00,0.0,0.000,0.000,0.000,37.482,0.00
1786273760,ingest,0.00,0.00,0.0,0.000,0.000,0.000,37.485,0.00
1786273765,ingest,0.00,0.00,0.0,0.000,0.000,0.000,37.486,0.00
1786273770,ingest,0.00,0.00,0.0,0.000,0.000,0.000,37.485,0.00
1786273775,ingest,0.00,0.00,0.0,0.000,0.000,0.000,37.485,0.00
1786273780,ingest,0.00,0.00,0.0,0.000,0.000,0.000,37.486,0.00
1786273785,ingest,0.00,0.00,0.0,0.000,0.000,0.000,37.486,0.00
1786273790,ingest,0.00,0.00,0.0,0.000,0.000,0.000,37.486,0.00
1786273795,ingest,0.00,0.00,0.0,0.000,0.000,0.000,37.487,0.00
1786273801,ingest,0.00,0.00,0.0,0.000,0.000,0.000,37.488,0.00
1786273806,ingest,0.00,0.00,0.0,0.000,0.000,0.000,37.488,0.00
1786273811,ingest,0.00,0.00,0.0,0.000,0.000,0.000,37.486,0.00
1786273816,ingest,0.00,0.00,0.0,0.000,0.000,0.000,37.487,0.00
1786273821,ingest,0.00,0.00,0.0,0.000,0.000,0.000,37.484,0.00
1786273826,ingest,0.00,0.00,0.0,0.000,0.000,0.000,37.485,0.00
1786273831,ingest,0.00,0.00,0.0,0.000,0.000,0.000,37.487,0.00
1786273836,ingest,0.00,0.00,0.0,0.000,0.000,0.000,37.486,0.00
1786273841,ingest,0.00,0.00,0.0,0.000,0.000,0.000,37.488,0.00
1786273846,ingest,0.00,0.00,0.0,0.000,0.000,0.000,37.484,0.00
1786273851,ingest,0.00,0.00,0.0,0.000,0.000,0.000,37.486,0.00
1786273856,ingest,0.00,0.00,0.0,0.000,0.000,0.000,37.486,0.00
1786273861,ingest,0.00,0.00,0.0,0.000,0.000,0.000,37.486,0.00
1786273866,ingest,0.00,0.00,0.0,0.000,0.000,0.000,37.486,0.00
1786273871,ingest,0.00,0.00,0.0,0.000,0.000,0.000,37.486,0.00
1786273876,ingest,0.00,0.00,0.0,0.000,0.000,0.000,37.485,0.00
1786273881,ingest,0.00,0.00,0.0,0.000,0.000,0.000,37.486,0.00
1786273886,ingest,0.00,0.00,0.0,0.000,0.000,0.000,37.487,0.00
1786273891,ingest,0.00,0.00,0.0,0.000,0.000,0.000,37.483,0.00
1786273897,ingest,0.00,0.00,0.0,0.000,0.000,0.000,37.484,0.00
1786273902,ingest,0.00,0.00,0.0,0.000,0.000,0.000,37.481,0.00
1786273907,ingest,0.00,0.00,0.0,0.000,0.000,0.000,37.481,0.00
1786273912,ingest,0.00,0.00,0.0,0.000,0.000,0.000,37.480,0.00
1786273917,ingest,0.00,0.00,0.0,0.000,0.000,0.000,37.480,0.00
1786273922,ingest,0.00,0.00,0.0,0.000,0.000,0.000,37.478,0.00
1786273927,ingest,0.00,0.00,0.0,0.000,0.000,0.000,37.479,0.00
1786273932,ingest,0.00,0.00,0.0,0.000,0.000,0.000,37.479,0.00
1786273937,ingest,0.00,0.00,0.0,0.000,0.000,0.000,37.479,0.00
1786273942,ingest,0.00,0.00,0.0,0.000,0.000,0.000,37.478,0.00
1786273947,ingest,0.00,0.00,0.0,0.000,0.000,0.000,37.478,0.00
1786273952,ingest,0.00,0.00,0.0,0.000,0.000,0.000,37.482,0.00
1786273957,ingest,0.00,0.00,0.0,0.000,0.000,0.000,37.483,0.00
1786273962,ingest,0.00,0.00,0.0,0.000,0.000,0.000,37.481,0.00
1786273967,ingest,0.00,0.00,0.0,0.000,0.000,0.000,37.477,0.00
1786273972,ingest,0.00,0.00,0.0,0.000,0.000,0.000,37.477,0.00
1786273977,ingest,0.00,0.00,0.0,0.000,0.000,0.000,37.477,0.00
1786273982,ingest,0.00,0.00,0.0,0.000,0.000,0.000,37.476,0.00
1786273987,ingest,0.00,0.00,0.0,0.000,0.000,0.000,37.477,0.00
1786273993,ingest,0.00,0.00,0.0,0.000,0.000,0.000,37.476,0.00
1786273998,ingest,0.00,0.00,0.0,0.000,0.000,0.000,37.477,0.00
1786274003,ingest,0.00,0.00,0.0,0.000,0.000,0.000,37.474,0.00
1786274008,ingest,0.00,0.00,0.0,0.000,0.000,0.000,37.475,0.00
1786274013,ingest,0.00,0.00,0.0,0.000,0.000,0.000,37.476,0.00
1786274018,ingest,0.00,0.00,0.0,0.000,0.000,0.000,37.477,0.00
1786274023,ingest,0.00,0.00,0.0,0.000,0.000,0.000,37.478,0.00
1786274028,ingest,0.00,0.00,0.0,0.000,0.000,0.000,37.475,0.00
1786274033,ingest,0.00,0.00,0.0,0.000,0.000,0.000,37.472,0.00
1786274038,ingest,0.00,0.00,0.0,0.000,0.000,0.000,37.473,0.00
1786274043,ingest,0.00,0.00,0.0,0.000,0.000,0.000,37.473,0.00
1786274048,ingest,0.00,0.00,0.0,0.000,0.000,0.000,37.473,0.00
1786274053,ingest,0.00,0.00,0.0,0.000,0.000,0.000,37.473,0.00
1786274058,ingest,0.00,0.00,0.0,0.000,0.000,0.000,37.473,0.00
1786274063,ingest,0.00,0.00,0.0,0.000,0.000,0.000,37.472,0.00
1786274068,ingest,0.00,0.00,0.0,0.000,0.000,0.000,37.473,0.00
1786274073,ingest,0.00,0.00,0.0,0.000,0.000,0.000,37.473,0.00
1786274078,ingest,0.00,0.00,0.0,0.000,0.000,0.000,37.475,0.00
1786274083,ingest,0.00,0.00,0.0,0.000,0.000,0.000,37.474,0.00
1786274089,ingest,0.00,0.00,0.0,0.000,0.000,0.000,37.473,0.00
1786274094,ingest,0.00,0.00,0.0,0.000,0.000,0.000,37.473,0.00
1786274099,ingest,0.00,0.00,0.0,0.000,0.000,0.000,37.475,0.00
1786274104,ingest,0.00,0.00,0.0,0.000,0.000,0.000,37.475,0.00
1786274109,ingest,0.00,0.00,0.0,0.000,0.000,0.000,37.476,0.00
1786274114,ingest,0.00,0.00,0.0,0.000,0.000,0.000,37.476,0.00
1786274119,ingest,0.00,0.00,0.0,0.000,0.000,0.000,37.474,0.00
1786274124,ingest,0.00,0.00,0.0,0.000,0.000,0.000,37.474,0.00
1786274129,ingest,0.00,0.00,0.0,0.000,0.000,0.000,37.475,0.00
1786274134,ingest,0.00,0.00,0.0,0.000,0.000,0.000,37.475,0.00
1786274139,ingest,0.00,0.00,0.0,0.000,0.000,0.000,37.472,0.00
1786274144,ingest,0.00,0.00,0.0,0.000,0.000,0.000,37.473,0.00
1786274149,ingest,0.00,0.00,0.0,0.000,0.000,0.000,37.473,0.00
1786274154,ingest,0.00,0.00,0.0,0.000,0.000,0.000,37.473,0.00
1786274159,ingest,0.00,0.00,0.0,0.000,0.000,0.000,37.471,0.00
1786274164,ingest,0.00,0.00,0.0,0.000,0.000,0.000,37.475,0.00
1786274169,ingest,0.00,0.00,0.0,0.000,0.000,0.000,37.475,0.00
1786274174,ingest,0.00,0.00,0.0,0.000,0.000,0.000,37.475,0.00
1786274180,ingest,0.00,0.00,0.0,0.000,0.000,0.000,37.479,0.00
1786274185,ingest,0.00,0.00,0.0,0.000,0.000,0.000,37.481,0.00
1786274190,ingest,0.00,0.00,0.0,0.000,0.000,0.000,37.480,0.00
1786274195,ingest,0.00,0.00,0.0,0.000,0.000,0.000,37.480,0.00
1786274200,ingest,0.00,0.00,0.0,0.000,0.000,0.000,37.479,0.00
1786274205,ingest,0.00,0.00,0.0,0.000,0.000,0.000,37.479,0.00
1786274210,ingest,0.00,0.00,0.0,0.000,0.000,0.000,37.478,0.00
1786274215,ingest,0.00,0.00,0.0,0.000,0.000,0.000,37.478,0.00
1786274220,ingest,0.00,0.00,0.0,0.000,0.000,0.000,37.475,0.00
1786274225,ingest,0.00,0.00,0.0,0.000,0.000,0.000,37.476,0.00
1786274230,ingest,0.00,0.00,0.0,0.000,0.000,0.000,37.476,0.00
1786274235,ingest,0.00,0.00,0.0,0.000,0.000,0.000,37.477,0.00
1786274240,ingest,0.00,0.00,0.0,0.000,0.000,0.000,37.478,0.00
1786274245,ingest,0.00,0.00,0.0,0.000,0.000,0.000,37.479,0.00
1786274250,ingest,0.00,0.00,0.0,0.000,0.000,0.000,37.479,0.00
1786274255,ingest,0.00,0.00,0.0,0.000,0.000,0.000,37.479,0.00
1786274260,ingest,0.00,0.00,0.0,0.000,0.000,0.000,37.477,0.00
1786274265,ingest,0.00,0.00,0.0,0.000,0.000,0.000,37.478,0.00
1786274270,ingest,0.00,0.00,0.0,0.000,0.000,0.000,37.477,0.00
1786274276,ingest,0.00,0.00,0.0,0.000,0.000,0.000,37.478,0.00
1786274281,ingest,0.00,0.00,0.0,0.000,0.000,0.000,37.478,0.00
1786274286,ingest,0.00,0.00,0.0,0.000,0.000,0.000,37.479,0.00
1786274291,ingest,0.00,0.00,0.0,0.000,0.000,0.000,37.477,0.00
1786274296,ingest,0.00,0.00,0.0,0.000,0.000,0.000,37.477,0.00
1786274301,ingest,0.00,0.00,0.0,0.000,0.000,0.000,37.475,0.00
1786274306,ingest,0.00,0.00,0.0,0.000,0.000,0.000,37.475,0.00
1786274311,ingest,0.00,0.00,0.0,0.000,0.000,0.000,37.475,0.00
1786274316,ingest,0.00,0.00,0.0,0.000,0.000,0.000,37.475,0.00
1786274321,ingest,0.00,0.00,0.0,0.000,0.000,0.000,37.475,0.00
1786274326,ingest,0.00,0.00,0.0,0.000,0.000,0.000,37.474,0.00
1786274331,ingest,0.00,0.00,0.0,0.000,0.000,0.000,37.472,0.00
1786274336,ingest,0.00,0.00,0.0,0.000,0.000,0.000,37.472,0.00
1786274341,ingest,0.00,0.00,0.0,0.000,0.000,0.000,37.473,0.00
1786274346,ingest,0.00,0.00,0.0,0.000,0.000,0.000,37.470,0.00
1786274351,ingest,0.00,0.00,0.0,0.000,0.000,0.000,37.472,0.00
1786274356,ingest,0.00,0.00,0.0,0.000,0.000,0.000,37.472,0.00
1786274361,ingest,0.00,0.00,0.0,0.000,0.000,0.000,37.470,0.00
1786274366,ingest,0.00,0.00,0.0,0.000,0.000,0.000,37.471,0.00
1786274372,ingest,0.00,0.00,0.0,0.000,0.000,0.000,37.470,0.00
1786274377,ingest,0.00,0.00,0.0,0.000,0.000,0.000,37.470,0.00
1786274382,ingest,0.00,0.00,0.0,0.000,0.000,0.000,37.471,0.00
1786274387,ingest,0.00,0.00,0.0,0.000,0.000,0.000,37.471,0.00
1786274392,ingest,0.00,0.00,0.0,0.000,0.000,0.000,37.471,0.00
1786274397,ingest,0.00,0.00,0.0,0.000,0.000,0.000,37.471,0.00
1786274402,ingest,0.00,0.00,0.0,0.000,0.000,0.000,37.470,0.00
1786274407,ingest,0.00,0.00,0.0,0.000,0.000,0.000,37.471,0.00
1786274412,ingest,0.00,0.00,0.0,0.000,0.000,0.000,37.470,0.00
1786274417,ingest,0.00,0.00,0.0,0.000,0.000,0.000,37.473,0.00
1786274422,ingest,0.00,0.00,0.0,0.000,0.000,0.000,37.473,0.00
1786274427,ingest,0.00,0.00,0.0,0.000,0.000,0.000,37.475,0.00
1786274432,ingest,0.00,0.00,0.0,0.000,0.000,0.000,37.475,0.00
1786274437,ingest,0.00,0.00,0.0,0.000,0.000,0.000,37.475,0.00
1786274442,ingest,0.00,0.00,0.0,0.000,0.000,0.000,37.474,0.00
1786274447,ingest,0.00,0.00,0.0,0.000,0.000,0.000,37.474,0.00
1786274452,ingest,0.00,0.00,0.0,0.000,0.000,0.000,37.474,0.00
1786274457,ingest,0.00,0.00,0.0,0.000,0.000,0.000,37.474,0.00
1786274462,ingest,0.00,0.00,0.0,0.000,0.000,0.000,37.474,0.00
1786274468,ingest,0.00,0.00,0.0,0.000,0.000,0.000,37.474,0.00
1786274473,ingest,0.00,0.00,0.0,0.000,0.000,0.000,37.475,0.00
1786274478,ingest,0.00,0.00,0.0,0.000,0.000,0.000,37.473,0.00
1786274483,ingest,0.00,0.00,0.0,0.000,0.000,0.000,37.473,0.00
1786274488,ingest,0.00,0.00,0.0,0.000,0.000,0.000,37.476,0.00
1786274493,ingest,0.00,0.00,0.0,0.000,0.000,0.000,37.476,0.00
1786274498,ingest,0.00,0.00,0.0,0.000,0.000,0.000,37.480,0.00
1786274503,ingest,0.00,0.00,0.0,0.000,0.000,0.000,37.480,0.00
1786274508,ingest,0.00,0.00,0.0,0.000,0.000,0.000,37.481,0.00
1786274513,ingest,0.00,0.00,0.0,0.000,0.000,0.000,37.481,0.00
1786274518,ingest,0.00,0.00,0.0,0.000,0.000,0.000,37.480,0.00
1786274523,ingest,0.00,0.00,0.0,0.000,0.000,0.000,37.480,0.00
1786274528,ingest,0.00,0.00,0.0,0.000,0.000,0.000,37.476,0.00
1786274533,ingest,0.00,0.00,0.0,0.000,0.000,0.000,37.479,0.00
1786274538,ingest,0.00,0.00,0.0,0.000,0.000,0.000,37.479,0.00
1786274543,ingest,0.00,0.00,0.0,0.000,0.000,0.000,37.479,0.00
1786274548,ingest,0.00,0.00,0.0,0.000,0.000,0.000,37.480,0.00
1786274553,ingest,0.00,0.00,0.0,0.000,0.000,0.000,37.480,0.00
1786274558,ingest,0.00,0.00,0.0,0.000,0.000,0.000,37.480,0.00
1786274564,ingest,0.00,0.00,0.0,0.000,0.000,0.000,37.480,0.00
1786274569,ingest,0.00,0.00,0.0,0.000,0.000,0.000,37.480,0.00
1786274574,ingest,0.00,0.00,0.0,0.000,0.000,0.000,37.480,0.00
1786274579,ingest,0.00,0.00,0.0,0.000,0.000,0.000,37.485,0.00
1786274584,ingest,0.00,0.00,0.0,0.000,0.000,0.000,37.482,0.00
1786274589,ingest,0.00,0.00,0.0,0.000,0.000,0.000,37.480,0.00
1786274594,ingest,0.00,0.00,0.0,0.000,0.000,0.000,37.480,0.00
1786274599,ingest,0.00,0.00,0.0,0.000,0.000,0.000,37.478,0.00
1786274604,ingest,0.00,0.00,0.0,0.000,0.000,0.000,37.479,0.00
1786274609,ingest,0.00,0.00,0.0,0.000,0.000,0.000,37.477,0.00
1786274614,ingest,0.00,0.00,0.0,0.000,0.000,0.000,37.478,0.00
1786274619,ingest,0.00,0.00,0.0,0.000,0.000,0.000,37.476,0.00
1786274624,ingest,0.00,0.00,0.0,0.000,0.000,0.000,37.477,0.00
1786274629,ingest,0.00,0.00,0.0,0.000,0.000,0.000,37.478,0.00
1786274634,ingest,0.00,0.00,0.0,0.000,0.000,0.000,37.478,0.00
1786274639,ingest,0.00,0.00,0.0,0.000,0.000,0.000,37.476,0.00
1786274644,ingest,0.00,0.00,0.0,0.000,0.000,0.000,37.477,0.00
1786274649,ingest,0.00,0.00,0.0,0.000,0.000,0.000,37.475,0.00
1786274654,ingest,0.00,0.00,0.0,0.000,0.000,0.000,37.476,0.00
1786274660,ingest,0.00,0.00,0.0,0.000,0.000,0.000,37.477,0.00
1786274665,ingest,0.00,0.00,0.0,0.000,0.000,0.000,37.477,0.00
1786274670,ingest,0.00,0.00,0.0,0.000,0.000,0.000,37.478,0.00
1786274675,ingest,0.00,0.00,0.0,0.000,0.000,0.000,37.478,0.00
1786274680,ingest,0.00,0.00,0.0,0.000,0.000,0.000,37.479,0.00
1786274685,ingest,0.00,0.00,0.0,0.000,0.000,0.000,37.479,0.00
1786274690,ingest,0.00,0.00,0.0,0.000,0.000,0.000,37.478,0.00
1786274695,ingest,0.00,0.00,0.0,0.000,0.000,0.000,37.479,0.00
1786274700,ingest,0.00,0.00,0.0,0.000,0.000,0.000,37.479,0.00
1786274705,ingest,0.00,0.00,0.0,0.000,0.000,0.000,37.478,0.00
1786274710,ingest,0.00,0.00,0.0,0.000,0.000,0.000,37.478,0.00
1786274715,ingest,0.00,0.00,0.0,0.000,0.000,0.000,37.473,0.00
1786274720,ingest,0.00,0.00,0.0,0.000,0.000,0.000,37.476,0.00
1786274725,ingest,0.00,0.00,0.0,0.000,0.000,0.000,37.477,0.00
1786274730,ingest,0.00,0.00,0.0,0.000,0.000,0.000,37.475,0.00
1786274735,ingest,0.00,0.00,0.0,0.000,0.000,0.000,37.475,0.00
1786274740,ingest,0.00,0.00,0.0,0.000,0.000,0.000,37.474,0.00
1786274745,ingest,0.00,0.00,0.0,0.000,0.000,0.000,37.477,0.00
1786274750,ingest,0.00,0.00,0.0,0.000,0.000,0.000,37.477,0.00
1786274756,ingest,0.00,0.00,0.0,0.000,0.000,0.000,37.476,0.00
1786274761,ingest,0.00,0.00,0.0,0.000,0.000,0.000,37.476,0.00
1786274766,ingest,0.00,0.00,0.0,0.000,0.000,0.000,37.479,0.00
1786274771,ingest,0.00,0.00,0.0,0.000,0.000,0.000,37.480,0.00
1786274776,ingest,0.00,0.00,0.0,0.000,0.000,0.000,37.479,0.00
1786274781,ingest,0.00,0.00,0.0,0.000,0.000,0.000,37.481,0.00
1786274786,ingest,0.00,0.00,0.0,0.000,0.000,0.000,37.483,0.00
1786274791,ingest,0.00,0.00,0.0,0.000,0.000,0.000,37.483,0.00
1786274796,ingest,0.00,0.00,0.0,0.000,0.000,0.000,37.486,0.00
1786274801,ingest,0.00,0.00,0.0,0.000,0.000,0.000,37.486,0.00
1786274806,ingest,0.00,0.00,0.0,0.000,0.000,0.000,37.487,0.00
1786274811,ingest,0.00,0.00,0.0,0.000,0.000,0.000,37.486,0.00
1786274816,ingest,0.00,0.00,0.0,0.000,0.000,0.000,37.486,0.00
1786274821,ingest,0.00,0.00,0.0,0.000,0.000,0.000,37.486,0.00
1786274826,ingest,0.00,0.00,0.0,0.000,0.000,0.000,37.486,0.00
1786274831,ingest,0.00,0.00,0.0,0.000,0.000,0.000,37.485,0.00
1786274836,ingest,0.00,0.00,0.0,0.000,0.000,0.000,37.487,0.00
1786274841,ingest,0.00,0.00,0.0,0.000,0.000,0.000,37.484,0.00
1786274847,ingest,0.00,0.00,0.0,0.000,0.000,0.000,37.483,0.00
1786274852,ingest,0.00,0.00,0.0,0.000,0.000,0.000,37.483,0.00
1786274857,ingest,0.00,0.00,0.0,0.000,0.000,0.000,37.483,0.00
1786274862,ingest,0.00,0.00,0.0,0.000,0.000,0.000,37.483,0.00
1786274867,ingest,0.00,0.00,0.0,0.000,0.000,0.000,37.480,0.00
1786274872,ingest,0.00,0.00,0.0,0.000,0.000,0.000,37.480,0.00
1786274877,ingest,0.00,0.00,0.0,0.000,0.000,0.000,37.482,0.00
1786274882,ingest,0.00,0.00,0.0,0.000,0.000,0.000,37.482,0.00
1786274887,ingest,0.00,0.00,0.0,0.000,0.000,0.000,37.480,0.00
1786274892,ingest,0.00,0.00,0.0,0.000,0.000,0.000,37.480,0.00
1786274897,ingest,0.00,0.00,0.0,0.000,0.000,0.000,37.482,0.00
1786274902,ingest,0.00,0.00,0.0,0.000,0.000,0.000,37.482,0.00
1786274907,ingest,0.00,0.00,0.0,0.000,0.000,0.000,37.486,0.00
1786274912,ingest,0.00,0.00,0.0,0.000,0.000,0.000,37.483,0.00
1786274917,ingest,0.00,0.00,0.0,0.000,0.000,0.000,37.482,0.00
1786274922,ingest,0.00,0.00,0.0,0.000,0.000,0.000,37.482,0.00
1786274927,ingest,0.00,0.00,0.0,0.000,0.000,0.000,37.483,0.00
1786274932,ingest,0.00,0.00,0.0,0.000,0.000,0.000,37.484,0.00
1786274937,ingest,0.00,0.00,0.0,0.000,0.000,0.000,37.483,0.00
1786274943,ingest,0.00,0.00,0.0,0.000,0.000,0.000,37.482,0.00
1786274948,ingest,0.00,0.00,0.0,0.000,0.000,0.000,37.482,0.00
1786274953,ingest,0.00,0.00,0.0,0.000,0.000,0.000,37.482,0.00
1786274958,ingest,0.00,0.00,0.0,0.000,0.000,0.000,37.480,0.00
1786274963,ingest,0.00,0.00,0.0,0.000,0.000,0.000,37.480,0.00
1786274968,ingest,0.00,0.00,0.0,0.000,0.000,0.000,37.479,0.00
1786274973,ingest,0.00,0.00,0.0,0.000,0.000,0.000,37.481,0.00
1786274978,ingest,0.00,0.00,0.0,0.000,0.000,0.000,37.479,0.00
1786274983,ingest,0.00,0.00,0.0,0.000,0.000,0.000,37.479,0.00
1786274988,ingest,0.00,0.00,0.0,0.000,0.000,0.000,37.480,0.00
1786274993,ingest,0.00,0.00,0.0,0.000,0.000,0.000,37.481,0.00
1786274998,ingest,0.00,0.00,0.0,0.000,0.000,0.000,37.482,0.00
1786275003,ingest,0.00,0.00,0.0,0.000,0.000,0.000,37.482,0.00
1786275008,ingest,0.00,0.00,0.0,0.000,0.000,0.000,37.487,0.00
1786275013,ingest,0.00,0.00,0.0,0.000,0.000,0.000,37.488,0.00
1786275018,ingest,0.00,0.00,0.0,0.000,0.000,0.000,37.486,0.00
1786275023,ingest,0.00,0.00,0.0,0.000,0.000,0.000,37.486,0.00
1786275028,ingest,0.00,0.00,0.0,0.000,0.000,0.000,37.485,0.00
1786275033,ingest,0.00,0.00,0.0,0.000,0.000,0.000,37.485,0.00
1786275039,ingest,0.00,0.00,0.0,0.000,0.000,0.000,37.483,0.00
1786275044,ingest,0.00,0.00,0.0,0.000,0.000,0.000,37.483,0.00
1786275049,ingest,0.00,0.00,0.0,0.000,0.000,0.000,37.481,0.00
1786275054,ingest,0.00,0.00,0.0,0.000,0.000,0.000,37.480,0.00
1786275059,ingest,0.00,0.00,0.0,0.000,0.000,0.000,37.481,0.00
1786275064,ingest,0.00,0.00,0.0,0.000,0.000,0.000,37.482,0.00
1786275069,ingest,0.00,0.00,0.0,0.000,0.000,0.000,37.481,0.00
1786275074,ingest,0.00,0.00,0.0,0.000,0.000,0.000,37.481,0.00
1786275079,ingest,0.00,0.00,0.0,0.000,0.000,0.000,37.481,0.00
1786275084,ingest,0.00,0.00,0.0,0.000,0.000,0.000,37.482,0.00
1786275089,ingest,0.00,0.00,0.0,0.000,0.000,0.000,37.479,0.00
1786275094,ingest,0.00,0.00,0.0,0.000,0.000,0.000,37.479,0.00
1786275099,ingest,0.00,0.00,0.0,0.000,0.000,0.000,37.472,0.00
1786275104,ingest,0.00,0.00,0.0,0.000,0.000,0.000,37.476,0.00
1786275109,ingest,0.00,0.00,0.0,0.000,0.000,0.000,37.476,0.00
1786275114,ingest,0.00,0.00,0.0,0.000,0.000,0.000,37.477,0.00
1786275119,ingest,0.00,0.00,0.0,0.000,0.000,0.000,37.477,0.00
1786275124,ingest,0.00,0.00,0.0,0.000,0.000,0.000,37.476,0.00
1786275129,ingest,0.00,0.00,0.0,0.000,0.000,0.000,37.476,0.00
1786275135,ingest,0.00,0.00,0.0,0.000,0.000,0.000,37.475,0.00
1786275140,ingest,0.00,0.00,0.0,0.000,0.000,0.000,37.476,0.00
1786275145,ingest,0.00,0.00,0.0,0.000,0.000,0.000,37.476,0.00
1786275150,ingest,0.00,0.00,0.0,0.000,0.000,0.000,37.476,0.00
1786275155,ingest,0.00,0.00,0.0,0.000,0.000,0.000,37.476,0.00
1786275160,ingest,0.00,0.00,0.0,0.000,0.000,0.000,37.477,0.00
1786275165,ingest,0.00,0.00,0.0,0.000,0.000,0.000,37.477,0.00
1786275170,ingest,0.00,0.00,0.0,0.000,0.000,0.000,37.478,0.00
1786275175,ingest,0.00,0.00,0.0,0.000,0.000,0.000,37.477,0.00
1786275180,ingest,0.00,0.00,0.0,0.000,0.000,0.000,37.477,0.00
1786275185,ingest,0.00,0.00,0.0,0.000,0.000,0.000,37.477,0.00
1786275190,ingest,0.00,0.00,0.0,0.000,0.000,0.000,37.477,0.00
1786275195,ingest,0.00,0.00,0.0,0.000,0.000,0.000,37.475,0.00
1786275200,ingest,0.00,0.00,0.0,0.000,0.000,0.000,37.475,0.00
1786275205,ingest,0.00,0.00,0.0,0.000,0.000,0.000,37.476,0.00
1786275210,ingest,0.00,0.00,0.0,0.000,0.000,0.000,37.476,0.00
1786275215,ingest,0.00,0.00,0.0,0.000,0.000,0.000,37.475,0.00
1786275220,ingest,0.00,0.00,0.0,0.000,0.000,0.000,37.474,0.00
1786275225,ingest,0.00,0.00,0.0,0.000,0.000,0.000,37.470,0.00
1786275231,ingest,0.00,0.00,0.0,0.000,0.000,0.000,37.472,0.00
1786275236,ingest,0.00,0.00,0.0,0.000,0.000,0.000,37.471,0.00
1786275241,ingest,0.00,0.00,0.0,0.000,0.000,0.000,37.471,0.00
1786275246,ingest,0.00,0.00,0.0,0.000,0.000,0.000,37.474,0.00
1786275251,ingest,0.00,0.00,0.0,0.000,0.000,0.000,37.475,0.00
1786275256,ingest,0.00,0.00,0.0,0.000,0.000,0.000,37.474,0.00
1786275261,ingest,0.00,0.00,0.0,0.000,0.000,0.000,37.475,0.00
1786275266,ingest,0.00,0.00,0.0,0.000,0.000,0.000,37.473,0.00
1786275271,ingest,0.00,0.00,0.0,0.000,0.000,0.000,37.473,0.00
1786275276,ingest,0.00,0.00,0.0,0.000,0.000,0.000,37.475,0.00
1786275281,ingest,0.00,0.00,0.0,0.000,0.000,0.000,37.475,0.00
1786275286,ingest,0.00,0.00,0.0,0.000,0.000,0.000,37.474,0.00
1786275291,ingest,0.00,0.00,0.0,0.000,0.000,0.000,37.471,0.00
1786275296,ingest,0.00,0.00,0.0,0.000,0.000,0.000,37.474,0.00
1786275301,ingest,0.00,0.00,0.0,0.000,0.000,0.000,37.475,0.00
1786275306,ingest,0.00,0.00,0.0,0.000,0.000,0.000,37.474,0.00
1786275311,ingest,0.00,0.00,0.0,0.000,0.000,0.000,37.474,0.00
1786275316,ingest,0.00,0.00,0.0,0.000,0.000,0.000,37.475,0.00
1786275321,ingest,0.00,0.00,0.0,0.000,0.000,0.000,37.475,0.00
1786275327,ingest,0.00,0.00,0.0,0.000,0.000,0.000,37.475,0.00
1786275332,ingest,0.00,0.00,0.0,0.000,0.000,0.000,37.475,0.00
1786275337,ingest,0.00,0.00,0.0,0.000,0.000,0.000,37.474,0.00
1786275342,ingest,0.00,0.00,0.0,0.000,0.000,0.000,37.475,0.00
1786275347,ingest,0.00,0.00,0.0,0.000,0.000,0.000,37.473,0.00
1786275352,ingest,0.00,0.00,0.0,0.000,0.000,0.000,37.473,0.00
1786275357,ingest,0.00,0.00,0.0,0.000,0.000,0.000,37.472,0.00
1786275362,ingest,0.00,0.00,0.0,0.000,0.000,0.000,37.473,0.00
1786275367,ingest,0.00,0.00,0.0,0.000,0.000,0.000,37.473,0.00
1786275372,ingest,0.00,0.00,0.0,0.000,0.000,0.000,37.474,0.00
1786275377,ingest,0.00,0.00,0.0,0.000,0.000,0.000,37.474,0.00
1786275382,ingest,0.00,0.00,0.0,0.000,0.000,0.000,37.474,0.00
1786275387,ingest,0.00,0.00,0.0,0.000,0.000,0.000,37.477,0.00
1786275392,ingest,0.00,0.00,0.0,0.000,0.000,0.000,37.477,0.00
1786275397,ingest,0.00,0.00,0.0,0.000,0.000,0.000,37.475,0.00
1786275402,ingest,0.00,0.00,0.0,0.000,0.000,0.000,37.475,0.00
1786275407,ingest,0.00,0.00,0.0,0.000,0.000,0.000,37.472,0.00
1786275412,ingest,0.00,0.00,0.0,0.000,0.000,0.000,37.474,0.00
1786275417,ingest,0.00,0.00,0.0,0.000,0.000,0.000,37.476,0.00
1786275423,ingest,0.00,0.00,0.0,0.000,0.000,0.000,37.477,0.00
1786275428,ingest,0.00,0.00,0.0,0.000,0.000,0.000,37.475,0.00
1786275433,ingest,0.00,0.00,0.0,0.000,0.000,0.000,37.476,0.00
1786275438,ingest,0.00,0.00,0.0,0.000,0.000,0.000,37.477,0.00
1786275443,ingest,0.00,0.00,0.0,0.000,0.000,0.000,37.478,0.00
1786275448,ingest,0.00,0.00,0.0,0.000,0.000,0.000,37.476,0.00
1786275453,ingest,0.00,0.00,0.0,0.000,0.000,0.000,37.475,0.00
1786275458,ingest,0.00,0.00,0.0,0.000,0.000,0.000,37.474,0.00
1786275463,ingest,0.00,0.00,0.0,0.000,0.000,0.000,37.474,0.00
1786275468,ingest,0.00,0.00,0.0,0.000,0.000,0.000,37.473,0.00
1786275473,ingest,0.00,0.00,0.0,0.000,0.000,0.000,37.473,0.00
1786275478,ingest,0.00,0.00,0.0,0.000,0.000,0.000,37.473,0.00
1786275483,ingest,0.00,0.00,0.0,0.000,0.000,0.000,37.472,0.00
1786275488,ingest,0.00,0.00,0.0,0.000,0.000,0.000,37.472,0.00
1786275493,ingest,0.00,0.00,0.0,0.000,0.000,0.000,37.472,0.00
1786275498,ingest,0.00,0.00,0.0,0.000,0.000,0.000,37.471,0.00
1786275503,ingest,0.00,0.00,0.0,0.000,0.000,0.000,37.470,0.00
1786275508,ingest,0.00,0.00,0.0,0.000,0.000,0.000,37.470,0.00
1786275513,ingest,0.00,0.00,0.0,0.000,0.000,0.000,37.470,0.00
1786275519,ingest,0.00,0.00,0.0,0.000,0.000,0.000,37.470,0.00
1786275524,ingest,0.00,0.00,0.0,0.000,0.000,0.000,37.467,0.00
1786275529,ingest,0.00,0.00,0.0,0.000,0.000,0.000,37.466,0.00
1786275534,ingest,0.00,0.00,0.0,0.000,0.000,0.000,37.466,0.00
1786275539,ingest,0.00,0.00,0.0,0.000,0.000,0.000,37.466,0.00
1786275544,ingest,0.00,0.00,0.0,0.000,0.000,0.000,37.464,0.00
1786275549,ingest,0.00,0.00,0.0,0.000,0.000,0.000,37.465,0.00
1786275554,ingest,0.00,0.00,0.0,0.000,0.000,0.000,37.465,0.00
1786275559,ingest,0.00,0.00,0.0,0.000,0.000,0.000,37.465,0.00
1786275564,ingest,0.00,0.00,0.0,0.000,0.000,0.000,37.465,0.00
1786275569,ingest,0.00,0.00,0.0,0.000,0.000,0.000,37.466,0.00
1786275574,ingest,0.00,0.00,0.0,0.000,0.000,0.000,37.467,0.00
1786275579,ingest,0.00,0.00,0.0,0.000,0.000,0.000,37.467,0.00
1786275584,ingest,0.00,0.00,0.0,0.000,0.000,0.000,37.466,0.00
1786275589,ingest,0.00,0.00,0.0,0.000,0.000,0.000,37.468,0.00
1786275594,ingest,0.00,0.00,0.0,0.000,0.000,0.000,37.465,0.00
1786275599,ingest,0.00,0.00,0.0,0.000,0.000,0.000,37.465,0.00
1786275604,ingest,0.00,0.00,0.0,0.000,0.000,0.000,37.465,0.00
1786275609,ingest,0.00,0.00,0.0,0.000,0.000,0.000,37.465,0.00
1786275615,ingest,0.00,0.00,0.0,0.000,0.000,0.000,37.464,0.00
1786275620,ingest,0.00,0.00,0.0,0.000,0.000,0.000,37.464,0.00
1786275625,ingest,0.00,0.00,0.0,0.000,0.000,0.000,37.468,0.00
1786275630,ingest,0.00,0.00,0.0,0.000,0.000,0.000,37.468,0.00
1786275635,ingest,0.00,0.00,0.0,0.000,0.000,0.000,37.469,0.00
1786275640,ingest,0.00,0.00,0.0,0.000,0.000,0.000,37.469,0.00
1786275645,ingest,0.00,0.00,0.0,0.000,0.000,0.000,37.470,0.00
1786275650,ingest,0.00,0.00,0.0,0.000,0.000,0.000,37.471,0.00
1786275655,ingest,0.00,0.00,0.0,0.000,0.000,0.000,37.471,0.00
1786275660,ingest,0.00,0.00,0.0,0.000,0.000,0.000,37.472,0.00
1786275665,ingest,0.00,0.00,0.0,0.000,0.000,0.000,37.471,0.00
1786275670,ingest,0.00,0.00,0.0,0.000,0.000,0.000,37.471,0.00
1786275675,ingest,0.00,0.00,0.0,0.000,0.000,0.000,37.471,0.00
1786275680,ingest,0.00,0.00,0.0,0.000,0.000,0.000,37.471,0.00
1786275685,ingest,0.00,0.00,0.0,0.000,0.000,0.000,37.474,0.00
1786275690,ingest,0.00,0.00,0.0,0.000,0.000,0.000,37.473,0.00
1786275695,ingest,0.00,0.00,0.0,0.000,0.000,0.000,37.472,0.00
1786275700,ingest,0.00,0.00,0.0,0.000,0.000,0.000,37.473,0.00
1786275705,ingest,0.00,0.00,0.0,0.000,0.000,0.000,37.470,0.00
1786275711,ingest,0.00,0.00,0.0,0.000,0.000,0.000,37.471,0.00
1786275716,ingest,0.00,0.00,0.0,0.000,0.000,0.000,37.470,0.00
1786275721,ingest,0.00,0.00,0.0,0.000,0.000,0.000,37.471,0.00
1786275726,ingest,0.00,0.00,0.0,0.000,0.000,0.000,37.468,0.00
1786275731,ingest,0.00,0.00,0.0,0.000,0.000,0.000,37.468,0.00
1786275736,ingest,0.00,0.00,0.0,0.000,0.000,0.000,37.469,0.00
1786275741,ingest,0.00,0.00,0.0,0.000,0.000,0.000,37.469,0.00
1786275746,ingest,0.00,0.00,0.0,0.000,0.000,0.000,37.469,0.00
1786275751,ingest,0.00,0.00,0.0,0.000,0.000,0.000,37.469,0.00
1786275756,ingest,0.00,0.00,0.0,0.000,0.000,0.000,37.465,0.00
1786275761,ingest,0.00,0.00,0.0,0.000,0.000,0.000,37.466,0.00
1786275766,ingest,0.00,0.00,0.0,0.000,0.000,0.000,37.468,0.00
1786275771,ingest,0.00,0.00,0.0,0.000,0.000,0.000,37.469,0.00
1786275776,ingest,0.00,0.00,0.0,0.000,0.000,0.000,37.468,0.00
1786275781,ingest,0.00,0.00,0.0,0.000,0.000,0.000,37.468,0.00
1786275786,ingest,0.00,0.00,0.0,0.000,0.000,0.000,37.468,0.00
1786275791,ingest,0.00,0.00,0.0,0.000,0.000,0.000,37.468,0.00
1786275796,ingest,0.00,0.00,0.0,0.000,0.000,0.000,37.465,0.00
1786275801,ingest,0.00,0.00,0.0,0.000,0.000,0.000,37.466,0.00
1786275807,ingest,0.00,0.00,0.0,0.000,0.000,0.000,37.468,0.00
1786275812,ingest,0.00,0.00,0.0,0.000,0.000,0.000,37.468,0.00
1786275817,ingest,0.00,0.00,0.0,0.000,0.000,0.000,37.467,0.00
1786275822,ingest,0.00,0.00,0.0,0.000,0.000,0.000,37.470,0.00
1786275827,ingest,0.00,0.00,0.0,0.000,0.000,0.000,37.469,0.00
1786275832,ingest,0.00,0.00,0.0,0.000,0.000,0.000,37.469,0.00
1786275837,ingest,0.00,0.00,0.0,0.000,0.000,0.000,37.465,0.00
1786275842,ingest,0.00,0.00,0.0,0.000,0.000,0.000,37.419,0.00
1786275847,ingest,0.00,0.00,0.0,0.000,0.000,0.000,37.461,0.00
1786275852,ingest,0.00,0.00,0.0,0.000,0.000,0.000,37.467,0.00
1786275857,ingest,0.00,0.00,0.0,0.000,0.000,0.000,37.467,0.00
1786275862,ingest,0.00,0.00,0.0,0.000,0.000,0.000,37.472,0.00
1786275867,ingest,0.00,0.00,0.0,0.000,0.000,0.000,37.472,0.00
1786275872,ingest,0.00,0.00,0.0,0.000,0.000,0.000,37.471,0.00
1786275877,ingest,0.00,0.00,0.0,0.000,0.000,0.000,37.471,0.00
1786275882,ingest,0.00,0.00,0.0,0.000,0.000,0.000,37.471,0.00
1786275887,ingest,0.00,0.00,0.0,0.000,0.000,0.000,37.471,0.00
1786275892,ingest,0.00,0.00,0.0,0.000,0.000,0.000,37.470,0.00
1786275898,ingest,0.00,0.00,0.0,0.000,0.000,0.000,37.470,0.00
1786275903,ingest,0.00,0.00,0.0,0.000,0.000,0.000,37.465,0.00
1786275908,ingest,0.00,0.00,0.0,0.000,0.000,0.000,37.468,0.00
1786275913,ingest,0.00,0.00,0.0,0.000,0.000,0.000,37.466,0.00
1786275918,ingest,0.00,0.00,0.0,0.000,0.000,0.000,37.466,0.00
1786275923,ingest,0.00,0.00,0.0,0.000,0.000,0.000,37.465,0.00
1786275928,ingest,0.00,0.00,0.0,0.000,0.000,0.000,37.465,0.00
1786275933,ingest,0.00,0.00,0.0,0.000,0.000,0.000,37.465,0.00
1786275938,ingest,0.00,0.00,0.0,0.000,0.000,0.000,37.465,0.00
1786275943,ingest,0.00,0.00,0.0,0.000,0.000,0.000,37.464,0.00
1786275948,ingest,0.00,0.00,0.0,0.000,0.000,0.000,37.464,0.00
1786275953,ingest,0.00,0.00,0.0,0.000,0.000,0.000,37.461,0.00
1786275958,ingest,0.00,0.00,0.0,0.000,0.000,0.000,37.460,0.00
1786275963,ingest,0.00,0.00,0.0,0.000,0.000,0.000,37.460,0.00
1786275968,ingest,0.00,0.00,0.0,0.000,0.000,0.000,37.456,0.00
1786275973,ingest,0.00,0.00,0.0,0.000,0.000,0.000,37.459,0.00
1786275978,ingest,0.00,0.00,0.0,0.000,0.000,0.000,37.459,0.00
1786275983,ingest,0.00,0.00,0.0,0.000,0.000,0.000,37.458,0.00
1786275988,ingest,0.00,0.00,0.0,0.000,0.000,0.000,37.458,0.00
1786275994,ingest,0.00,0.00,0.0,0.000,0.000,0.000,37.457,0.00
1786275999,ingest,0.00,0.00,0.0,0.000,0.000,0.000,37.457,0.00
1786276004,ingest,0.00,0.00,0.0,0.000,0.000,0.000,37.456,0.00
1786276009,ingest,0.00,0.00,0.0,0.000,0.000,0.000,37.456,0.00
1786276014,ingest,0.00,0.00,0.0,0.000,0.000,0.000,37.458,0.00
1786276019,ingest,0.00,0.00,0.0,0.000,0.000,0.000,37.458,0.00
1786276024,ingest,0.00,0.00,0.0,0.000,0.000,0.000,37.457,0.00
1786276029,ingest,0.00,0.00,0.0,0.000,0.000,0.000,37.457,0.00
1786276034,ingest,0.00,0.00,0.0,0.000,0.000,0.000,37.456,0.00
1786276039,ingest,0.00,0.00,0.0,0.000,0.000,0.000,37.456,0.00
1786276044,ingest,0.00,0.00,0.0,0.000,0.000,0.000,37.457,0.00
1786276049,ingest,0.00,0.00,0.0,0.000,0.000,0.000,37.458,0.00
1786276054,ingest,0.00,0.00,0.0,0.000,0.000,0.000,37.457,0.00
1786276059,ingest,0.00,0.00,0.0,0.000,0.000,0.000,37.457,0.00
1786276064,ingest,0.00,0.00,0.0,0.000,0.000,0.000,37.457,0.00
1786276069,ingest,0.00,0.00,0.0,0.000,0.000,0.000,37.458,0.00
1786276074,ingest,0.00,0.00,0.0,0.000,0.000,0.000,37.459,0.00
1786276079,ingest,0.00,0.00,0.0,0.000,0.000,0.000,37.460,0.00
1786276084,ingest,0.00,0.00,0.0,0.000,0.000,0.000,37.464,0.00
1786276090,ingest,0.00,0.00,0.0,0.000,0.000,0.000,37.464,0.00
1786276095,ingest,0.00,0.00,0.0,0.000,0.000,0.000,37.461,0.00
1786276100,ingest,0.00,0.00,0.0,0.000,0.000,0.000,37.458,0.00
1786276105,ingest,0.00,0.00,0.0,0.000,0.000,0.000,37.462,0.00
1786276110,ingest,0.00,0.00,0.0,0.000,0.000,0.000,37.463,0.00
1786276115,ingest,0.00,0.00,0.0,0.000,0.000,0.000,37.460,0.00
1786276120,ingest,0.00,0.00,0.0,0.000,0.000,0.000,37.461,0.00
1786276125,ingest,0.00,0.00,0.0,0.000,0.000,0.000,37.465,0.00
1786276130,ingest,0.00,0.00,0.0,0.000,0.000,0.000,37.465,0.00
1786276135,ingest,0.00,0.00,0.0,0.000,0.000,0.000,37.462,0.00
1786276140,ingest,0.00,0.00,0.0,0.000,0.000,0.000,37.463,0.00
1786276145,ingest,0.00,0.00,0.0,0.000,0.000,0.000,37.464,0.00
1786276150,ingest,0.00,0.00,0.0,0.000,0.000,0.000,37.465,0.00
1786276155,ingest,0.00,0.00,0.0,0.000,0.000,0.000,37.458,0.00
1786276160,ingest,0.00,0.00,0.0,0.000,0.000,0.000,37.462,0.00
1786276165,ingest,0.00,0.00,0.0,0.000,0.000,0.000,37.462,0.00
1786276170,ingest,0.00,0.00,0.0,0.000,0.000,0.000,37.462,0.00
1786276175,ingest,0.00,0.00,0.0,0.000,0.000,0.000,37.454,0.00
1786276180,ingest,0.00,0.00,0.0,0.000,0.000,0.000,37.461,0.00
1786276186,ingest,0.00,0.00,0.0,0.000,0.000,0.000,37.461,0.00
1786276191,ingest,0.00,0.00,0.0,0.000,0.000,0.000,37.461,0.00
1786276196,ingest,0.00,0.00,0.0,0.000,0.000,0.000,37.461,0.00
1786276201,ingest,0.00,0.00,0.0,0.000,0.000,0.000,37.460,0.00
1786276206,ingest,0.00,0.00,0.0,0.000,0.000,0.000,37.461,0.00
1786276211,ingest,0.00,0.00,0.0,0.000,0.000,0.000,37.462,0.00
1786276216,ingest,0.00,0.00,0.0,0.000,0.000,0.000,37.460,0.00
1786276221,ingest,0.00,0.00,0.0,0.000,0.000,0.000,37.464,0.00
1786276226,ingest,0.00,0.00,0.0,0.000,0.000,0.000,37.464,0.00
1786276231,ingest,0.00,0.00,0.0,0.000,0.000,0.000,37.463,0.00
1786276236,ingest,0.00,0.00,0.0,0.000,0.000,0.000,37.464,0.00
1786276241,ingest,0.00,0.00,0.0,0.000,0.000,0.000,37.465,0.00
1786276246,ingest,0.00,0.00,0.0,0.000,0.000,0.000,37.464,0.00
1786276251,ingest,0.00,0.00,0.0,0.000,0.000,0.000,37.465,0.00
1786276256,ingest,0.00,0.00,0.0,0.000,0.000,0.000,37.465,0.00
1786276261,ingest,0.00,0.00,0.0,0.000,0.000,0.000,37.465,0.00
1786276266,ingest,0.00,0.00,0.0,0.000,0.000,0.000,37.465,0.00
1786276271,ingest,0.00,0.00,0.0,0.000,0.000,0.000,37.465,0.00
1786276277,ingest,0.00,0.00,0.0,0.000,0.000,0.000,37.465,0.00
1786276282,ingest,0.00,0.00,0.0,0.000,0.000,0.000,37.462,0.00
1786276287,ingest,0.00,0.00,0.0,0.000,0.000,0.000,37.462,0.00
1786276292,ingest,0.00,0.00,0.0,0.000,0.000,0.000,37.465,0.00
1786276297,ingest,0.00,0.00,0.0,0.000,0.000,0.000,37.464,0.00
1786276302,ingest,0.00,0.00,0.0,0.000,0.000,0.000,37.462,0.00
1786276307,ingest,0.00,0.00,0.0,0.000,0.000,0.000,37.462,0.00
1786276312,ingest,0.00,0.00,0.0,0.000,0.000,0.000,37.461,0.00
1786276317,ingest,0.00,0.00,0.0,0.000,0.000,0.000,37.461,0.00
1786276322,ingest,0.00,0.00,0.0,0.000,0.000,0.000,37.459,0.00
1786276327,ingest,0.00,0.00,0.0,0.000,0.000,0.000,37.459,0.00
1786276332,ingest,0.00,0.00,0.0,0.000,0.000,0.000,37.456,0.00
1786276337,ingest,0.00,0.00,0.0,0.000,0.000,0.000,37.456,0.00
1786276342,ingest,0.00,0.00,0.0,0.000,0.000,0.000,37.457,0.00
1786276347,ingest,0.00,0.00,0.0,0.000,0.000,0.000,37.455,0.00
1786276352,ingest,0.00,0.00,0.0,0.000,0.000,0.000,37.456,0.00
1786276357,ingest,0.00,0.00,0.0,0.000,0.000,0.000,37.456,0.00
1786276362,ingest,0.00,0.00,0.0,0.000,0.000,0.000,37.454,0.00
1786276367,ingest,0.00,0.00,0.0,0.000,0.000,0.000,37.454,0.00
1786276373,ingest,0.00,0.00,0.0,0.000,0.000,0.000,37.454,0.00
1786276378,ingest,0.00,0.00,0.0,0.000,0.000,0.000,37.454,0.00
1786276383,ingest,0.00,0.00,0.0,0.000,0.000,0.000,37.453,0.00
1786276388,ingest,0.00,0.00,0.0,0.000,0.000,0.000,37.453,0.00
1786276393,ingest,0.00,0.00,0.0,0.000,0.000,0.000,37.453,0.00
1786276398,ingest,0.00,0.00,0.0,0.000,0.000,0.000,37.454,0.00
1786276403,ingest,0.00,0.00,0.0,0.000,0.000,0.000,37.456,0.00
1786276408,ingest,0.00,0.00,0.0,0.000,0.000,0.000,37.456,0.00
1786276413,ingest,0.00,0.00,0.0,0.000,0.000,0.000,37.457,0.00
1786276418,ingest,0.00,0.00,0.0,0.000,0.000,0.000,37.457,0.00
1786276423,ingest,0.00,0.00,0.0,0.000,0.000,0.000,37.458,0.00
1786276428,ingest,0.00,0.00,0.0,0.000,0.000,0.000,37.458,0.00
1786276433,ingest,0.00,0.00,0.0,0.000,0.000,0.000,37.459,0.00
1786276438,ingest,0.00,0.00,0.0,0.000,0.000,0.000,37.459,0.00
1786276443,ingest,0.00,0.00,0.0,0.000,0.000,0.000,37.458,0.00
1786276448,ingest,0.00,0.00,0.0,0.000,0.000,0.000,37.459,0.00
1786276453,ingest,0.00,0.00,0.0,0.000,0.000,0.000,37.461,0.00
1786276458,ingest,0.00,0.00,0.0,0.000,0.000,0.000,37.461,0.00
1786276463,ingest,0.00,0.00,0.0,0.000,0.000,0.000,37.460,0.00
1786276469,ingest,0.00,0.00,0.0,0.000,0.000,0.000,37.460,0.00
1786276474,ingest,0.00,0.00,0.0,0.000,0.000,0.000,37.461,0.00
1786276479,ingest,0.00,0.00,0.0,0.000,0.000,0.000,37.462,0.00
1786276484,ingest,0.00,0.00,0.0,0.000,0.000,0.000,37.461,0.00
1786276489,ingest,0.00,0.00,0.0,0.000,0.000,0.000,37.462,0.00
1786276494,ingest,0.00,0.00,0.0,0.000,0.000,0.000,37.461,0.00
1786276499,ingest,0.00,0.00,0.0,0.000,0.000,0.000,37.462,0.00
1786276504,ingest,0.00,0.00,0.0,0.000,0.000,0.000,37.461,0.00
1786276509,ingest,0.00,0.00,0.0,0.000,0.000,0.000,37.461,0.00
1786276514,ingest,0.00,0.00,0.0,0.000,0.000,0.000,37.461,0.00
1786276519,ingest,0.00,0.00,0.0,0.000,0.000,0.000,37.461,0.00
1786276524,ingest,0.00,0.00,0.0,0.000,0.000,0.000,37.462,0.00
1786276529,ingest,0.00,0.00,0.0,0.000,0.000,0.000,37.463,0.00
1786276534,ingest,0.00,0.00,0.0,0.000,0.000,0.000,37.455,0.00
1786276539,ingest,0.00,0.00,0.0,0.000,0.000,0.000,37.461,0.00
1786276544,ingest,0.00,0.00,0.0,0.000,0.000,0.000,37.463,0.00
1786276549,ingest,0.00,0.00,0.0,0.000,0.000,0.000,37.465,0.00
1786276554,ingest,0.00,0.00,0.0,0.000,0.000,0.000,37.465,0.00
1786276559,ingest,0.00,0.00,0.0,0.000,0.000,0.000,37.464,0.00
1786276565,ingest,0.00,0.00,0.0,0.000,0.000,0.000,37.464,0.00
1786276570,ingest,0.00,0.00,0.0,0.000,0.000,0.000,37.464,0.00
1786276575,ingest,0.00,0.00,0.0,0.000,0.000,0.000,37.465,0.00
1786276580,ingest,0.00,0.00,0.0,0.000,0.000,0.000,37.466,0.00
1786276585,ingest,0.00,0.00,0.0,0.000,0.000,0.000,37.466,0.00
1786276590,ingest,0.00,0.00,0.0,0.000,0.000,0.000,37.465,0.00
1786276595,ingest,0.00,0.00,0.0,0.000,0.000,0.000,37.466,0.00
1786276600,ingest,0.00,0.00,0.0,0.000,0.000,0.000,37.464,0.00
1786276605,ingest,0.00,0.00,0.0,0.000,0.000,0.000,37.464,0.00
1786276610,ingest,0.00,0.00,0.0,0.000,0.000,0.000,37.463,0.00
1786276615,ingest,0.00,0.00,0.0,0.000,0.000,0.000,37.464,0.00
1786276620,ingest,0.00,0.00,0.0,0.000,0.000,0.000,37.466,0.00
1786276625,ingest,0.00,0.00,0.0,0.000,0.000,0.000,37.466,0.00
1786276630,ingest,0.00,0.00,0.0,0.000,0.000,0.000,37.463,0.00
1786276635,ingest,0.00,0.00,0.0,0.000,0.000,0.000,37.462,0.00
1786276640,ingest,0.00,0.00,0.0,0.000,0.000,0.000,37.462,0.00
1786276645,ingest,0.00,0.00,0.0,0.000,0.000,0.000,37.462,0.00
1786276650,ingest,0.00,0.00,0.0,0.000,0.000,0.000,37.462,0.00
1786276655,ingest,0.00,0.00,0.0,0.000,0.000,0.000,37.462,0.00
1786276661,ingest,0.00,0.00,0.0,0.000,0.000,0.000,37.459,0.00
1786276666,ingest,0.00,0.00,0.0,0.000,0.000,0.000,37.459,0.00
1786276671,ingest,0.00,0.00,0.0,0.000,0.000,0.000,37.459,0.00
1786276676,ingest,0.00,0.00,0.0,0.000,0.000,0.000,37.459,0.00
1786276681,ingest,0.00,0.00,0.0,0.000,0.000,0.000,37.458,0.00
1786276686,ingest,0.00,0.00,0.0,0.000,0.000,0.000,37.458,0.00
1786276691,ingest,0.00,0.00,0.0,0.000,0.000,0.000,37.457,0.00
1786276696,ingest,0.00,0.00,0.0,0.000,0.000,0.000,37.457,0.00
1786276701,ingest,0.00,0.00,0.0,0.000,0.000,0.000,37.457,0.00
1786276706,ingest,0.00,0.00,0.0,0.000,0.000,0.000,37.457,0.00
1786276711,ingest,0.00,0.00,0.0,0.000,0.000,0.000,37.457,0.00
1786276716,ingest,0.00,0.00,0.0,0.000,0.000,0.000,37.458,0.00
1786276721,ingest,0.00,0.00,0.0,0.000,0.000,0.000,37.456,0.00
1786276726,ingest,0.00,0.00,0.0,0.000,0.000,0.000,37.456,0.00
1786276731,ingest,0.00,0.00,0.0,0.000,0.000,0.000,37.454,0.00
1786276736,ingest,0.00,0.00,0.0,0.000,0.000,0.000,37.455,0.00
1786276741,ingest,0.00,0.00,0.0,0.000,0.000,0.000,37.453,0.00
1786276746,ingest,0.00,0.00,0.0,0.000,0.000,0.000,37.454,0.00
1786276751,ingest,0.00,0.00,0.0,0.000,0.000,0.000,37.453,0.00
1786276757,ingest,0.00,0.00,0.0,0.000,0.000,0.000,37.453,0.00
1786276762,ingest,0.00,0.00,0.0,0.000,0.000,0.000,37.452,0.00
1786276767,ingest,0.00,0.00,0.0,0.000,0.000,0.000,37.453,0.00
1786276772,ingest,0.00,0.00,0.0,0.000,0.000,0.000,37.451,0.00
1786276777,ingest,0.00,0.00,0.0,0.000,0.000,0.000,37.451,0.00
1786276782,ingest,0.00,0.00,0.0,0.000,0.000,0.000,37.453,0.00
1786276787,ingest,0.00,0.00,0.0,0.000,0.000,0.000,37.453,0.00
1786276792,ingest,0.00,0.00,0.0,0.000,0.000,0.000,37.455,0.00
1786276797,ingest,0.00,0.00,0.0,0.000,0.000,0.000,37.456,0.00
1786276802,ingest,0.00,0.00,0.0,0.000,0.000,0.000,37.454,0.00
1786276807,ingest,0.00,0.00,0.0,0.000,0.000,0.000,37.455,0.00
1786276812,ingest,0.00,0.00,0.0,0.000,0.000,0.000,37.454,0.00
1786276817,ingest,0.00,0.00,0.0,0.000,0.000,0.000,37.454,0.00
1786276822,ingest,0.00,0.00,0.0,0.000,0.000,0.000,37.451,0.00
1786276827,ingest,0.00,0.00,0.0,0.000,0.000,0.000,37.451,0.00
1786276832,ingest,0.00,0.00,0.0,0.000,0.000,0.000,37.448,0.00
1786276837,ingest,0.00,0.00,0.0,0.000,0.000,0.000,37.449,0.00
1786276842,ingest,0.00,0.00,0.0,0.000,0.000,0.000,37.448,0.00
1786276848,ingest,0.00,0.00,0.0,0.000,0.000,0.000,37.447,0.00
1786276853,ingest,0.00,0.00,0.0,0.000,0.000,0.000,37.446,0.00
1786276858,ingest,0.00,0.00,0.0,0.000,0.000,0.000,37.447,0.00
1786276863,ingest,0.00,0.00,0.0,0.000,0.000,0.000,37.448,0.00
1786276868,ingest,0.00,0.00,0.0,0.000,0.000,0.000,37.448,0.00
1786276873,ingest,0.00,0.00,0.0,0.000,0.000,0.000,37.447,0.00
1786276878,ingest,0.00,0.00,0.0,0.000,0.000,0.000,37.447,0.00
1786276883,ingest,0.00,0.00,0.0,0.000,0.000,0.000,37.447,0.00
1786276888,ingest,0.00,0.00,0.0,0.000,0.000,0.000,37.448,0.00
1786276893,ingest,0.00,0.00,0.0,0.000,0.000,0.000,37.448,0.00
1786276898,ingest,0.00,0.00,0.0,0.000,0.000,0.000,37.449,0.00
1786276903,ingest,0.00,0.00,0.0,0.000,0.000,0.000,37.448,0.00
1786276908,ingest,0.00,0.00,0.0,0.000,0.000,0.000,37.449,0.00
1786276913,ingest,0.00,0.00,0.0,0.000,0.000,0.000,37.449,0.00
1786276918,ingest,0.00,0.00,0.0,0.000,0.000,0.000,37.448,0.00
1786276923,ingest,0.00,0.00,0.0,0.000,0.000,0.000,37.449,0.00
1786276928,ingest,0.00,0.00,0.0,0.000,0.000,0.000,37.449,0.00
1786276933,ingest,0.00,0.00,0.0,0.000,0.000,0.000,37.450,0.00
1786276938,ingest,0.00,0.00,0.0,0.000,0.000,0.000,37.450,0.00
1786276944,ingest,0.00,0.00,0.0,0.000,0.000,0.000,37.449,0.00
1786276949,ingest,0.00,0.00,0.0,0.000,0.000,0.000,37.453,0.00
1786276954,ingest,0.00,0.00,0.0,0.000,0.000,0.000,37.454,0.00
1786276959,ingest,0.00,0.00,0.0,0.000,0.000,0.000,37.453,0.00
1786276964,ingest,0.00,0.00,0.0,0.000,0.000,0.000,37.453,0.00
1786276969,ingest,0.00,0.00,0.0,0.000,0.000,0.000,37.454,0.00
1786276974,ingest,0.00,0.00,0.0,0.000,0.000,0.000,37.454,0.00
1786276979,ingest,0.00,0.00,0.0,0.000,0.000,0.000,37.457,0.00
1786276984,ingest,0.00,0.00,0.0,0.000,0.000,0.000,37.454,0.00
1786276989,ingest,0.00,0.00,0.0,0.000,0.000,0.000,37.455,0.00
1786276994,ingest,0.00,0.00,0.0,0.000,0.000,0.000,37.455,0.00
1786276999,ingest,0.00,0.00,0.0,0.000,0.000,0.000,37.456,0.00
1786277004,ingest,0.00,0.00,0.0,0.000,0.000,0.000,37.456,0.00
1786277009,ingest,0.00,0.00,0.0,0.000,0.000,0.000,37.455,0.00
1786277014,ingest,0.00,0.00,0.0,0.000,0.000,0.000,37.456,0.00
1786277019,ingest,0.00,0.00,0.0,0.000,0.000,0.000,37.455,0.00
1786277024,ingest,0.00,0.00,0.0,0.000,0.000,0.000,37.455,0.00
1786277029,ingest,0.00,0.00,0.0,0.000,0.000,0.000,37.455,0.00
1786277034,ingest,0.00,0.00,0.0,0.000,0.000,0.000,37.455,0.00
1786277040,ingest,0.00,0.00,0.0,0.000,0.000,0.000,37.457,0.00
1786277045,ingest,0.00,0.00,0.0,0.000,0.000,0.000,37.454,0.00
1786277050,ingest,0.00,0.00,0.0,0.000,0.000,0.000,37.453,0.00
1786277055,ingest,0.00,0.00,0.0,0.000,0.000,0.000,37.453,0.00
1786277060,ingest,0.00,0.00,0.0,0.000,0.000,0.000,37.454,0.00
1786277065,ingest,0.00,0.00,0.0,0.000,0.000,0.000,37.454,0.00
1786277070,ingest,0.00,0.00,0.0,0.000,0.000,0.000,37.455,0.00
1786277075,ingest,0.00,0.00,0.0,0.000,0.000,0.000,37.455,0.00
1786277080,ingest,0.00,0.00,0.0,0.000,0.000,0.000,37.453,0.00
1786277085,ingest,0.00,0.00,0.0,0.000,0.000,0.000,37.453,0.00
1786277090,ingest,0.00,0.00,0.0,0.000,0.000,0.000,37.456,0.00
1786277095,ingest,0.00,0.00,0.0,0.000,0.000,0.000,37.456,0.00
1786277100,ingest,0.00,0.00,0.0,0.000,0.000,0.000,37.456,0.00
1786277105,ingest,0.00,0.00,0.0,0.000,0.000,0.000,37.456,0.00
1786277110,ingest,0.00,0.00,0.0,0.000,0.000,0.000,37.453,0.00
1786277115,ingest,0.00,0.00,0.0,0.000,0.000,0.000,37.455,0.00
1786277120,ingest,0.00,0.00,0.0,0.000,0.000,0.000,37.455,0.00
1786277125,ingest,0.00,0.00,0.0,0.000,0.000,0.000,37.455,0.00
1786277130,ingest,0.00,0.00,0.0,0.000,0.000,0.000,37.459,0.00
1786277136,ingest,0.00,0.00,0.0,0.000,0.000,0.000,37.460,0.00
1786277141,ingest,0.00,0.00,0.0,0.000,0.000,0.000,37.458,0.00
1786277146,ingest,0.00,0.00,0.0,0.000,0.000,0.000,37.457,0.00
1786277151,ingest,0.00,0.00,0.0,0.000,0.000,0.000,37.457,0.00
1786277156,ingest,0.00,0.00,0.0,0.000,0.000,0.000,37.457,0.00
1786277161,ingest,0.00,0.00,0.0,0.000,0.000,0.000,37.457,0.00
1786277166,ingest,0.00,0.00,0.0,0.000,0.000,0.000,37.457,0.00
1786277171,ingest,0.00,0.00,0.0,0.000,0.000,0.000,37.456,0.00
1786277176,ingest,0.00,0.00,0.0,0.000,0.000,0.000,37.455,0.00
1786277181,ingest,0.00,0.00,0.0,0.000,0.000,0.000,37.456,0.00
1786277186,ingest,0.00,0.00,0.0,0.000,0.000,0.000,37.456,0.00
1786277191,ingest,0.00,0.00,0.0,0.000,0.000,0.000,37.455,0.00
1786277196,ingest,0.00,0.00,0.0,0.000,0.000,0.000,37.456,0.00
1786277201,ingest,0.00,0.00,0.0,0.000,0.000,0.000,37.458,0.00
1786277206,ingest,0.00,0.00,0.0,0.000,0.000,0.000,37.458,0.00
1786277211,ingest,0.00,0.00,0.0,0.000,0.000,0.000,37.461,0.00
1786277216,ingest,0.00,0.00,0.0,0.000,0.000,0.000,37.460,0.00
1786277221,ingest,0.00,0.00,0.0,0.000,0.000,0.000,37.460,0.00
1786277226,ingest,0.00,0.00,0.0,0.000,0.000,0.000,37.460,0.00
1786277232,ingest,0.00,0.00,0.0,0.000,0.000,0.000,37.459,0.00
1786277237,ingest,0.00,0.00,0.0,0.000,0.000,0.000,37.459,0.00
1786277242,ingest,0.00,0.00,0.0,0.000,0.000,0.000,37.457,0.00
1786277247,ingest,0.00,0.00,0.0,0.000,0.000,0.000,37.457,0.00
1786277252,ingest,0.00,0.00,0.0,0.000,0.000,0.000,37.447,0.00
1786277257,ingest,0.00,0.00,0.0,0.000,0.000,0.000,37.459,0.00
1786277262,ingest,0.00,0.00,0.0,0.000,0.000,0.000,37.459,0.00
1786277267,ingest,0.00,0.00,0.0,0.000,0.000,0.000,37.459,0.00
1786277272,ingest,0.00,0.00,0.0,0.000,0.000,0.000,37.460,0.00
1786277277,ingest,0.00,0.00,0.0,0.000,0.000,0.000,37.458,0.00
1786277282,ingest,0.00,0.00,0.0,0.000,0.000,0.000,37.460,0.00
1786277287,ingest,0.00,0.00,0.0,0.000,0.000,0.000,37.459,0.00
1786277292,ingest,0.00,0.00,0.0,0.000,0.000,0.000,37.459,0.00
1786277297,ingest,0.00,0.00,0.0,0.000,0.000,0.000,37.457,0.00
1786277302,ingest,0.00,0.00,0.0,0.000,0.000,0.000,37.458,0.00
1786277307,ingest,0.00,0.00,0.0,0.000,0.000,0.000,37.458,0.00
1786277312,ingest,0.00,0.00,0.0,0.000,0.000,0.000,37.458,0.00
1786277317,ingest,0.00,0.00,0.0,0.000,0.000,0.000,37.459,0.00
1786277322,ingest,0.00,0.00,0.0,0.000,0.000,0.000,37.460,0.00
1786277328,ingest,0.00,0.00,0.0,0.000,0.000,0.000,37.460,0.00
1786277333,ingest,0.00,0.00,0.0,0.000,0.000,0.000,37.460,0.00
1786277338,ingest,0.00,0.00,0.0,0.000,0.000,0.000,37.460,0.00
1786277343,ingest,0.00,0.00,0.0,0.000,0.000,0.000,37.460,0.00
1786277348,ingest,0.00,0.00,0.0,0.000,0.000,0.000,37.460,0.00
1786277353,ingest,0.00,0.00,0.0,0.000,0.000,0.000,37.460,0.00
1786277358,ingest,0.00,0.00,0.0,0.000,0.000,0.000,37.457,0.00
1786277363,ingest,0.00,0.00,0.0,0.000,0.000,0.000,37.457,0.00
1786277368,ingest,0.00,0.00,0.0,0.000,0.000,0.000,37.456,0.00
1786277373,ingest,0.00,0.00,0.0,0.000,0.000,0.000,37.456,0.00
1786277378,ingest,0.00,0.00,0.0,0.000,0.000,0.000,37.456,0.00
1786277383,ingest,0.00,0.00,0.0,0.000,0.000,0.000,37.456,0.00
1786277388,ingest,0.00,0.00,0.0,0.000,0.000,0.000,37.458,0.00
1786277393,ingest,0.00,0.00,0.0,0.000,0.000,0.000,37.458,0.00
1786277398,ingest,0.00,0.00,0.0,0.000,0.000,0.000,37.456,0.00
1786277403,ingest,0.00,0.00,0.0,0.000,0.000,0.000,37.455,0.00
1786277408,ingest,0.00,0.00,0.0,0.000,0.000,0.000,37.457,0.00
1786277413,ingest,0.00,0.00,0.0,0.000,0.000,0.000,37.456,0.00
1786277418,ingest,0.00,0.00,0.0,0.000,0.000,0.000,37.452,0.00
1786277424,ingest,0.00,0.00,0.0,0.000,0.000,0.000,37.453,0.00
1786277429,ingest,0.00,0.00,0.0,0.000,0.000,0.000,37.456,0.00
1786277434,ingest,0.00,0.00,0.0,0.000,0.000,0.000,37.457,0.00
1786277439,ingest,0.00,0.00,0.0,0.000,0.000,0.000,37.455,0.00
1786277444,ingest,0.00,0.00,0.0,0.000,0.000,0.000,37.455,0.00
1786277449,ingest,0.00,0.00,0.0,0.000,0.000,0.000,37.458,0.00
1786277454,ingest,0.00,0.00,0.0,0.000,0.000,0.000,37.458,0.00
1786277459,ingest,0.00,0.00,0.0,0.000,0.000,0.000,37.457,0.00
1786277464,ingest,0.00,0.00,0.0,0.000,0.000,0.000,37.458,0.00
1786277469,ingest,0.00,0.00,0.0,0.000,0.000,0.000,37.458,0.00
1786277474,ingest,0.00,0.00,0.0,0.000,0.000,0.000,37.459,0.00
1786277479,ingest,0.00,0.00,0.0,0.000,0.000,0.000,37.459,0.00
1786277484,ingest,0.00,0.00,0.0,0.000,0.000,0.000,37.460,0.00
1786277489,ingest,0.00,0.00,0.0,0.000,0.000,0.000,37.457,0.00
1786277494,ingest,0.00,0.00,0.0,0.000,0.000,0.000,37.457,0.00
1786277499,ingest,0.00,0.00,0.0,0.000,0.000,0.000,37.455,0.00
1786277504,ingest,0.00,0.00,0.0,0.000,0.000,0.000,37.454,0.00
1786277509,ingest,0.00,0.00,0.0,0.000,0.000,0.000,37.453,0.00
1786277515,ingest,0.00,0.00,0.0,0.000,0.000,0.000,37.453,0.00
1786277520,ingest,0.00,0.00,0.0,0.000,0.000,0.000,37.453,0.00
1786277525,ingest,0.00,0.00,0.0,0.000,0.000,0.000,37.454,0.00
1786277530,ingest,0.00,0.00,0.0,0.000,0.000,0.000,37.453,0.00
1786277535,ingest,0.00,0.00,0.0,0.000,0.000,0.000,37.453,0.00
1786277540,ingest,0.00,0.00,0.0,0.000,0.000,0.000,37.455,0.00
1786277545,ingest,0.00,0.00,0.0,0.000,0.000,0.000,37.455,0.00
1786277550,ingest,0.00,0.00,0.0,0.000,0.000,0.000,37.452,0.00
1786277555,ingest,0.00,0.00,0.0,0.000,0.000,0.000,37.452,0.00
1786277560,ingest,0.00,0.00,0.0,0.000,0.000,0.000,37.452,0.00
1786277565,ingest,0.00,0.00,0.0,0.000,0.000,0.000,37.452,0.00
1786277570,ingest,0.00,0.00,0.0,0.000,0.000,0.000,37.452,0.00
1786277575,ingest,0.00,0.00,0.0,0.000,0.000,0.000,37.452,0.00
1786277580,ingest,0.00,0.00,0.0,0.000,0.000,0.000,37.452,0.00
1786277585,ingest,0.00,0.00,0.0,0.000,0.000,0.000,37.452,0.00
1786277590,ingest,0.00,0.00,0.0,0.000,0.000,0.000,37.449,0.00
1786277595,ingest,0.00,0.00,0.0,0.000,0.000,0.000,37.450,0.00
1786277600,ingest,0.00,0.00,0.0,0.000,0.000,0.000,37.448,0.00
1786277605,ingest,0.00,0.00,0.0,0.000,0.000,0.000,37.449,0.00
1786277611,ingest,0.00,0.00,0.0,0.000,0.000,0.000,37.451,0.00
1786277616,ingest,0.00,0.00,0.0,0.000,0.000,0.000,37.452,0.00
1786277621,ingest,0.00,0.00,0.0,0.000,0.000,0.000,37.452,0.00
1786277626,ingest,0.00,0.00,0.0,0.000,0.000,0.000,37.452,0.00
1786277631,ingest,0.00,0.00,0.0,0.000,0.000,0.000,37.451,0.00
1786277636,ingest,0.00,0.00,0.0,0.000,0.000,0.000,37.453,0.00
1786277641,ingest,0.00,0.00,0.0,0.000,0.000,0.000,37.453,0.00
1786277646,ingest,0.00,0.00,0.0,0.000,0.000,0.000,37.454,0.00
1786277651,ingest,0.00,0.00,0.0,0.000,0.000,0.000,37.454,0.00
1786277656,ingest,0.00,0.00,0.0,0.000,0.000,0.000,37.455,0.00
1786277661,ingest,0.00,0.00,0.0,0.000,0.000,0.000,37.454,0.00
1786277666,ingest,0.00,0.00,0.0,0.000,0.000,0.000,37.453,0.00
1786277671,ingest,0.00,0.00,0.0,0.000,0.000,0.000,37.455,0.00
1786277676,ingest,0.00,0.00,0.0,0.000,0.000,0.000,37.454,0.00
1786277681,ingest,0.00,0.00,0.0,0.000,0.000,0.000,37.454,0.00
1786277686,ingest,0.00,0.00,0.0,0.000,0.000,0.000,37.456,0.00
1786277691,ingest,0.00,0.00,0.0,0.000,0.000,0.000,37.457,0.00
1786277696,ingest,0.00,0.00,0.0,0.000,0.000,0.000,37.457,0.00
1786277701,ingest,0.00,0.00,0.0,0.000,0.000,0.000,37.457,0.00
1786277707,ingest,0.00,0.00,0.0,0.000,0.000,0.000,37.456,0.00
1786277712,ingest,0.00,0.00,0.0,0.000,0.000,0.000,37.455,0.00
1786277717,ingest,0.00,0.00,0.0,0.000,0.000,0.000,37.452,0.00
1786277722,ingest,0.00,0.00,0.0,0.000,0.000,0.000,37.453,0.00
1786277727,ingest,0.00,0.00,0.0,0.000,0.000,0.000,37.451,0.00
1786277732,ingest,0.00,0.00,0.0,0.000,0.000,0.000,37.453,0.00
1786277737,ingest,0.00,0.00,0.0,0.000,0.000,0.000,37.452,0.00
1786277742,ingest,0.00,0.00,0.0,0.000,0.000,0.000,37.454,0.00
1786277747,ingest,0.00,0.00,0.0,0.000,0.000,0.000,37.453,0.00
1786277752,ingest,0.00,0.00,0.0,0.000,0.000,0.000,37.453,0.00
1786277757,ingest,0.00,0.00,0.0,0.000,0.000,0.000,37.453,0.00
1786277762,ingest,0.00,0.00,0.0,0.000,0.000,0.000,37.453,0.00
1786277767,ingest,0.00,0.00,0.0,0.000,0.000,0.000,37.457,0.00
1786277772,ingest,0.00,0.00,0.0,0.000,0.000,0.000,37.457,0.00
1786277777,ingest,0.00,0.00,0.0,0.000,0.000,0.000,37.456,0.00
1786277782,ingest,0.00,0.00,0.0,0.000,0.000,0.000,37.456,0.00
1786277787,ingest,0.00,0.00,0.0,0.000,0.000,0.000,37.454,0.00
1786277792,ingest,0.00,0.00,0.0,0.000,0.000,0.000,37.452,0.00
1786277797,ingest,0.00,0.00,0.0,0.000,0.000,0.000,37.451,0.00
1786277803,ingest,0.00,0.00,0.0,0.000,0.000,0.000,37.451,0.00
1786277808,ingest,0.00,0.00,0.0,0.000,0.000,0.000,37.451,0.00
1786277813,ingest,0.00,0.00,0.0,0.000,0.000,0.000,37.453,0.00
1786277818,ingest,0.00,0.00,0.0,0.000,0.000,0.000,37.451,0.00
1786277823,ingest,0.00,0.00,0.0,0.000,0.000,0.000,37.450,0.00
1786277828,ingest,0.00,0.00,0.0,0.000,0.000,0.000,37.450,0.00
1786277833,ingest,0.00,0.00,0.0,0.000,0.000,0.000,37.451,0.00
1786277838,ingest,0.00,0.00,0.0,0.000,0.000,0.000,37.450,0.00
1786277843,ingest,0.00,0.00,0.0,0.000,0.000,0.000,37.449,0.00
1786277848,ingest,0.00,0.00,0.0,0.000,0.000,0.000,37.449,0.00
1786277853,ingest,0.00,0.00,0.0,0.000,0.000,0.000,37.449,0.00
1786277858,ingest,0.00,0.00,0.0,0.000,0.000,0.000,37.448,0.00
1786277863,ingest,0.00,0.00,0.0,0.000,0.000,0.000,37.448,0.00
1786277868,ingest,0.00,0.00,0.0,0.000,0.000,0.000,37.450,0.00
1786277873,ingest,0.00,0.00,0.0,0.000,0.000,0.000,37.450,0.00
1786277878,ingest,0.00,0.00,0.0,0.000,0.000,0.000,37.449,0.00
1786277883,ingest,0.00,0.00,0.0,0.000,0.000,0.000,37.449,0.00
1786277888,ingest,0.00,0.00,0.0,0.000,0.000,0.000,37.449,0.00
1786277893,ingest,0.00,0.00,0.0,0.000,0.000,0.000,37.449,0.00
1786277899,ingest,0.00,0.00,0.0,0.000,0.000,0.000,37.449,0.00
1786277904,ingest,0.00,0.00,0.0,0.000,0.000,0.000,37.450,0.00
1786277909,ingest,0.00,0.00,0.0,0.000,0.000,0.000,37.445,0.00
1786277914,ingest,0.00,0.00,0.0,0.000,0.000,0.000,37.449,0.00
1786277919,ingest,0.00,0.00,0.0,0.000,0.000,0.000,37.448,0.00
1786277924,ingest,0.00,0.00,0.0,0.000,0.000,0.000,37.449,0.00
1786277929,ingest,0.00,0.00,0.0,0.000,0.000,0.000,37.449,0.00
1786277934,ingest,0.00,0.00,0.0,0.000,0.000,0.000,37.450,0.00
1786277939,ingest,0.00,0.00,0.0,0.000,0.000,0.000,37.453,0.00
1786277944,ingest,0.00,0.00,0.0,0.000,0.000,0.000,37.454,0.00
1786277949,ingest,0.00,0.00,0.0,0.000,0.000,0.000,37.453,0.00
1786277954,ingest,0.00,0.00,0.0,0.000,0.000,0.000,37.454,0.00
1786277959,ingest,0.00,0.00,0.0,0.000,0.000,0.000,37.453,0.00
1786277964,ingest,0.00,0.00,0.0,0.000,0.000,0.000,37.453,0.00
1786277969,ingest,0.00,0.00,0.0,0.000,0.000,0.000,37.450,0.00
1786277974,ingest,0.00,0.00,0.0,0.000,0.000,0.000,37.450,0.00
1786277979,ingest,0.00,0.00,0.0,0.000,0.000,0.000,37.449,0.00
1786277984,ingest,0.00,0.00,0.0,0.000,0.000,0.000,37.449,0.00
1786277989,ingest,0.00,0.00,0.0,0.000,0.000,0.000,37.450,0.00
1786277995,ingest,0.00,0.00,0.0,0.000,0.000,0.000,37.450,0.00
1786278000,ingest,0.00,0.00,0.0,0.000,0.000,0.000,37.449,0.00
1786278005,ingest,0.00,0.00,0.0,0.000,0.000,0.000,37.451,0.00
1786278010,ingest,0.00,0.00,0.0,0.000,0.000,0.000,37.452,0.00
1786278015,ingest,0.00,0.00,0.0,0.000,0.000,0.000,37.453,0.00
1786278020,ingest,0.00,0.00,0.0,0.000,0.000,0.000,37.454,0.00
1786278025,ingest,0.00,0.00,0.0,0.000,0.000,0.000,37.454,0.00
1786278030,ingest,0.00,0.00,0.0,0.000,0.000,0.000,37.453,0.00
1786278035,ingest,0.00,0.00,0.0,0.000,0.000,0.000,37.453,0.00
1786278040,ingest,0.00,0.00,0.0,0.000,0.000,0.000,37.454,0.00
1786278045,ingest,0.00,0.00,0.0,0.000,0.000,0.000,37.452,0.00
1786278050,ingest,0.00,0.00,0.0,0.000,0.000,0.000,37.452,0.00
1786278055,ingest,0.00,0.00,0.0,0.000,0.000,0.000,37.451,0.00
1786278060,ingest,0.00,0.00,0.0,0.000,0.000,0.000,37.452,0.00
1786278065,ingest,0.00,0.00,0.0,0.000,0.000,0.000,37.454,0.00
1786278070,ingest,0.00,0.00,0.0,0.000,0.000,0.000,37.454,0.00
1786278075,ingest,0.00,0.00,0.0,0.000,0.000,0.000,37.455,0.00
1786278080,ingest,0.00,0.00,0.0,0.000,0.000,0.000,37.455,0.00
1786278085,ingest,0.00,0.00,0.0,0.000,0.000,0.000,37.454,0.00
1786278091,ingest,0.00,0.00,0.0,0.000,0.000,0.000,37.454,0.00
1786278096,ingest,0.00,0.00,0.0,0.000,0.000,0.000,37.451,0.00
1786278101,ingest,0.00,0.00,0.0,0.000,0.000,0.000,37.451,0.00
1786278106,ingest,0.00,0.00,0.0,0.000,0.000,0.000,37.449,0.00
1786278111,ingest,0.00,0.00,0.0,0.000,0.000,0.000,37.450,0.00
1786278116,ingest,0.00,0.00,0.0,0.000,0.000,0.000,37.449,0.00
1786278121,ingest,0.00,0.00,0.0,0.000,0.000,0.000,37.449,0.00
1786278126,ingest,0.00,0.00,0.0,0.000,0.000,0.000,37.450,0.00
1786278131,ingest,0.00,0.00,0.0,0.000,0.000,0.000,37.450,0.00
1786278136,ingest,0.00,0.00,0.0,0.000,0.000,0.000,37.449,0.00
1786278141,ingest,0.00,0.00,0.0,0.000,0.000,0.000,37.449,0.00
1786278146,ingest,0.00,0.00,0.0,0.000,0.000,0.000,37.447,0.00
1786278151,ingest,0.00,0.00,0.0,0.000,0.000,0.000,37.447,0.00
1786278156,ingest,0.00,0.00,0.0,0.000,0.000,0.000,37.449,0.00
1786278161,ingest,0.00,0.00,0.0,0.000,0.000,0.000,37.450,0.00
1786278166,ingest,0.00,0.00,0.0,0.000,0.000,0.000,37.448,0.00
1786278171,ingest,0.00,0.00,0.0,0.000,0.000,0.000,37.449,0.00
1786278176,ingest,0.00,0.00,0.0,0.000,0.000,0.000,37.447,0.00
1786278181,ingest,0.00,0.00,0.0,0.000,0.000,0.000,37.447,0.00
1786278187,ingest,0.00,0.00,0.0,0.000,0.000,0.000,37.448,0.00
1786278192,ingest,0.00,0.00,0.0,0.000,0.000,0.000,37.448,0.00
1786278197,ingest,0.00,0.00,0.0,0.000,0.000,0.000,37.447,0.00
1786278202,ingest,0.00,0.00,0.0,0.000,0.000,0.000,37.447,0.00
1786278207,ingest,0.00,0.00,0.0,0.000,0.000,0.000,37.449,0.00
1786278212,ingest,0.00,0.00,0.0,0.000,0.000,0.000,37.449,0.00
1786278217,ingest,0.00,0.00,0.0,0.000,0.000,0.000,37.447,0.00
1786278222,ingest,0.00,0.00,0.0,0.000,0.000,0.000,37.445,0.00
1786278227,ingest,0.00,0.00,0.0,0.000,0.000,0.000,37.446,0.00
1786278232,ingest,0.00,0.00,0.0,0.000,0.000,0.000,37.446,0.00
1786278237,ingest,0.00,0.00,0.0,0.000,0.000,0.000,37.446,0.00
1786278242,ingest,0.00,0.00,0.0,0.000,0.000,0.000,37.446,0.00
1786278247,ingest,0.00,0.00,0.0,0.000,0.000,0.000,37.445,0.00
1786278252,ingest,0.00,0.00,0.0,0.000,0.000,0.000,37.446,0.00
1786278257,ingest,0.00,0.00,0.0,0.000,0.000,0.000,37.446,0.00
1786278262,ingest,0.00,0.00,0.0,0.000,0.000,0.000,37.446,0.00
1786278267,ingest,0.00,0.00,0.0,0.000,0.000,0.000,37.446,0.00
1786278272,ingest,0.00,0.00,0.0,0.000,0.000,0.000,37.446,0.00
1786278278,ingest,0.00,0.00,0.0,0.000,0.000,0.000,37.446,0.00
1786278283,ingest,0.00,0.00,0.0,0.000,0.000,0.000,37.445,0.00
1786278288,ingest,0.00,0.00,0.0,0.000,0.000,0.000,37.451,0.00
1786278293,ingest,0.00,0.00,0.0,0.000,0.000,0.000,37.452,0.00
1786278298,ingest,0.00,0.00,0.0,0.000,0.000,0.000,37.453,0.00
1786278303,ingest,0.00,0.00,0.0,0.000,0.000,0.000,37.452,0.00
1786278308,ingest,0.00,0.00,0.0,0.000,0.000,0.000,37.454,0.00
1786278313,ingest,0.00,0.00,0.0,0.000,0.000,0.000,37.454,0.00
1786278318,ingest,0.00,0.00,0.0,0.000,0.000,0.000,37.452,0.00
1786278323,ingest,0.00,0.00,0.0,0.000,0.000,0.000,37.453,0.00
1786278328,ingest,0.00,0.00,0.0,0.000,0.000,0.000,37.453,0.00
1786278333,ingest,0.00,0.00,0.0,0.000,0.000,0.000,37.453,0.00
1786278338,ingest,0.00,0.00,0.0,0.000,0.000,0.000,37.449,0.00
1786278343,ingest,0.00,0.00,0.0,0.000,0.000,0.000,37.449,0.00
1786278348,ingest,0.00,0.00,0.0,0.000,0.000,0.000,37.445,0.00
1786278353,ingest,0.00,0.00,0.0,0.000,0.000,0.000,37.450,0.00
1786278358,ingest,0.00,0.00,0.0,0.000,0.000,0.000,37.450,0.00
1786278363,ingest,0.00,0.00,0.0,0.000,0.000,0.000,37.447,0.00
1786278368,ingest,0.00,0.00,0.0,0.000,0.000,0.000,37.447,0.00
1786278374,ingest,0.00,0.00,0.0,0.000,0.000,0.000,37.446,0.00
1786278379,ingest,0.00,0.00,0.0,0.000,0.000,0.000,37.446,0.00
1786278384,ingest,0.00,0.00,0.0,0.000,0.000,0.000,37.447,0.00
1786278389,ingest,0.00,0.00,0.0,0.000,0.000,0.000,37.447,0.00
1786278394,ingest,0.00,0.00,0.0,0.000,0.000,0.000,37.445,0.00
1786278399,ingest,0.00,0.00,0.0,0.000,0.000,0.000,37.445,0.00
1786278404,ingest,0.00,0.00,0.0,0.000,0.000,0.000,37.444,0.00
1786278409,ingest,0.00,0.00,0.0,0.000,0.000,0.000,37.446,0.00
1786278414,ingest,0.00,0.00,0.0,0.000,0.000,0.000,37.445,0.00
1786278419,ingest,0.00,0.00,0.0,0.000,0.000,0.000,37.444,0.00
1786278424,ingest,0.00,0.00,0.0,0.000,0.000,0.000,37.449,0.00
1786278429,ingest,0.00,0.00,0.0,0.000,0.000,0.000,37.449,0.00
1786278434,ingest,0.00,0.00,0.0,0.000,0.000,0.000,37.448,0.00
1786278439,ingest,0.00,0.00,0.0,0.000,0.000,0.000,37.448,0.00
1786278444,ingest,0.00,0.00,0.0,0.000,0.000,0.000,37.446,0.00
1786278449,ingest,0.00,0.00,0.0,0.000,0.000,0.000,37.447,0.00
1786278454,ingest,0.00,0.00,0.0,0.000,0.000,0.000,37.448,0.00
1786278459,ingest,0.00,0.00,0.0,0.000,0.000,0.000,37.449,0.00
1786278464,ingest,0.00,0.00,0.0,0.000,0.000,0.000,37.448,0.00
1786278470,ingest,0.00,0.00,0.0,0.000,0.000,0.000,37.448,0.00
1786278475,ingest,0.00,0.00,0.0,0.000,0.000,0.000,37.449,0.00
1786278480,ingest,0.00,0.00,0.0,0.000,0.000,0.000,37.449,0.00
1786278485,ingest,0.00,0.00,0.0,0.000,0.000,0.000,37.448,0.00
1786278490,ingest,0.00,0.00,0.0,0.000,0.000,0.000,37.448,0.00
1786278495,ingest,0.00,0.00,0.0,0.000,0.000,0.000,37.447,0.00
1786278500,ingest,0.00,0.00,0.0,0.000,0.000,0.000,37.447,0.00
1786278505,ingest,0.00,0.00,0.0,0.000,0.000,0.000,37.446,0.00
1786278510,ingest,0.00,0.00,0.0,0.000,0.000,0.000,37.446,0.00
1786278515,ingest,0.00,0.00,0.0,0.000,0.000,0.000,37.447,0.00
1786278520,ingest,0.00,0.00,0.0,0.000,0.000,0.000,37.447,0.00
1786278525,ingest,0.00,0.00,0.0,0.000,0.000,0.000,37.448,0.00
1786278530,ingest,0.00,0.00,0.0,0.000,0.000,0.000,37.448,0.00
1786278535,ingest,0.00,0.00,0.0,0.000,0.000,0.000,37.447,0.00
1786278540,ingest,0.00,0.00,0.0,0.000,0.000,0.000,37.447,0.00
1786278545,ingest,0.00,0.00,0.0,0.000,0.000,0.000,37.444,0.00
1786278550,ingest,0.00,0.00,0.0,0.000,0.000,0.000,37.444,0.00
1786278555,ingest,0.00,0.00,0.0,0.000,0.000,0.000,37.444,0.00
1786278560,ingest,0.00,0.00,0.0,0.000,0.000,0.000,37.444,0.00
1786278566,ingest,0.00,0.00,0.0,0.000,0.000,0.000,37.444,0.00
1786278571,ingest,0.00,0.00,0.0,0.000,0.000,0.000,37.445,0.00
1786278576,ingest,0.00,0.00,0.0,0.000,0.000,0.000,37.443,0.00
1786278581,ingest,0.00,0.00,0.0,0.000,0.000,0.000,37.443,0.00
1786278586,ingest,0.00,0.00,0.0,0.000,0.000,0.000,37.438,0.00
1786278591,ingest,0.00,0.00,0.0,0.000,0.000,0.000,37.442,0.00
1786278596,ingest,0.00,0.00,0.0,0.000,0.000,0.000,37.444,0.00
1786278601,ingest,0.00,0.00,0.0,0.000,0.000,0.000,37.445,0.00
1786278606,ingest,0.00,0.00,0.0,0.000,0.000,0.000,37.443,0.00
1786278611,ingest,0.00,0.00,0.0,0.000,0.000,0.000,37.443,0.00
1786278616,ingest,0.00,0.00,0.0,0.000,0.000,0.000,37.444,0.00
1786278621,ingest,0.00,0.00,0.0,0.000,0.000,0.000,37.445,0.00
1786278626,ingest,0.00,0.00,0.0,0.000,0.000,0.000,37.442,0.00
1786278631,ingest,0.00,0.00,0.0,0.000,0.000,0.000,37.442,0.00
1786278636,ingest,0.00,0.00,0.0,0.000,0.000,0.000,37.441,0.00
1786278641,ingest,0.00,0.00,0.0,0.000,0.000,0.000,37.441,0.00
1786278646,ingest,0.00,0.00,0.0,0.000,0.000,0.000,37.443,0.00
1786278651,ingest,0.00,0.00,0.0,0.000,0.000,0.000,37.444,0.00
1786278656,ingest,0.00,0.00,0.0,0.000,0.000,0.000,37.443,0.00
1786278662,ingest,0.00,0.00,0.0,0.000,0.000,0.000,37.443,0.00
1786278667,ingest,0.00,0.00,0.0,0.000,0.000,0.000,37.443,0.00
1786278672,ingest,0.00,0.00,0.0,0.000,0.000,0.000,37.444,0.00
1786278677,ingest,0.00,0.00,0.0,0.000,0.000,0.000,37.444,0.00
1786278682,ingest,0.00,0.00,0.0,0.000,0.000,0.000,37.444,0.00
1786278687,ingest,0.00,0.00,0.0,0.000,0.000,0.000,37.445,0.00
1786278692,ingest,0.00,0.00,0.0,0.000,0.000,0.000,37.445,0.00
1786278697,ingest,0.00,0.00,0.0,0.000,0.000,0.000,37.445,0.00
1786278702,ingest,0.00,0.00,0.0,0.000,0.000,0.000,37.445,0.00
1786278707,ingest,0.00,0.00,0.0,0.000,0.000,0.000,37.442,0.00
1786278712,ingest,0.00,0.00,0.0,0.000,0.000,0.000,37.445,0.00
1786278717,ingest,0.00,0.00,0.0,0.000,0.000,0.000,37.445,0.00
1786278722,ingest,0.00,0.00,0.0,0.000,0.000,0.000,37.444,0.00
1786278727,ingest,0.00,0.00,0.0,0.000,0.000,0.000,37.444,0.00
1786278732,ingest,0.00,0.00,0.0,0.000,0.000,0.000,37.443,0.00
1786278737,ingest,0.00,0.00,0.0,0.000,0.000,0.000,37.443,0.00
1786278742,ingest,0.00,0.00,0.0,0.000,0.000,0.000,37.444,0.00
1786278747,ingest,0.00,0.00,0.0,0.000,0.000,0.000,37.444,0.00
1786278752,ingest,0.00,0.00,0.0,0.000,0.000,0.000,37.445,0.00
1786278758,ingest,0.00,0.00,0.0,0.000,0.000,0.000,37.445,0.00
1786278763,ingest,0.00,0.00,0.0,0.000,0.000,0.000,37.442,0.00
1786278768,ingest,0.00,0.00,0.0,0.000,0.000,0.000,37.445,0.00
1786278773,ingest,0.00,0.00,0.0,0.000,0.000,0.000,37.445,0.00
1786278778,ingest,0.00,0.00,0.0,0.000,0.000,0.000,37.445,0.00
1786278783,ingest,0.00,0.00,0.0,0.000,0.000,0.000,37.449,0.00
1786278788,ingest,0.00,0.00,0.0,0.000,0.000,0.000,37.449,0.00
1786278793,ingest,0.00,0.00,0.0,0.000,0.000,0.000,37.450,0.00
1786278798,ingest,0.00,0.00,0.0,0.000,0.000,0.000,37.450,0.00
1786278803,ingest,0.00,0.00,0.0,0.000,0.000,0.000,37.447,0.00
1786278808,ingest,0.00,0.00,0.0,0.000,0.000,0.000,37.447,0.00
1786278813,ingest,0.00,0.00,0.0,0.000,0.000,0.000,37.449,0.00
1786278818,ingest,0.00,0.00,0.0,0.000,0.000,0.000,37.445,0.00
1786278823,ingest,0.00,0.00,0.0,0.000,0.000,0.000,37.450,0.00
1786278828,ingest,0.00,0.00,0.0,0.000,0.000,0.000,37.450,0.00
1786278833,ingest,0.00,0.00,0.0,0.000,0.000,0.000,37.449,0.00
1786278838,ingest,0.00,0.00,0.0,0.000,0.000,0.000,37.449,0.00
1786278843,ingest,0.00,0.00,0.0,0.000,0.000,0.000,37.452,0.00
1786278848,ingest,0.00,0.00,0.0,0.000,0.000,0.000,37.452,0.00
1786278854,ingest,0.00,0.00,0.0,0.000,0.000,0.000,37.454,0.00
1786278859,ingest,0.00,0.00,0.0,0.000,0.000,0.000,37.453,0.00
1786278864,ingest,0.00,0.00,0.0,0.000,0.000,0.000,37.453,0.00
1786278869,ingest,0.00,0.00,0.0,0.000,0.000,0.000,37.453,0.00
1786278874,ingest,0.00,0.00,0.0,0.000,0.000,0.000,37.452,0.00
1786278879,ingest,0.00,0.00,0.0,0.000,0.000,0.000,37.453,0.00
1786278884,ingest,0.00,0.00,0.0,0.000,0.000,0.000,37.452,0.00
1786278889,ingest,0.00,0.00,0.0,0.000,0.000,0.000,37.453,0.00
1786278894,ingest,0.00,0.00,0.0,0.000,0.000,0.000,37.452,0.00
1786278899,ingest,0.00,0.00,0.0,0.000,0.000,0.000,37.452,0.00
1786278904,ingest,0.00,0.00,0.0,0.000,0.000,0.000,37.450,0.00
1786278909,ingest,0.00,0.00,0.0,0.000,0.000,0.000,37.451,0.00
1786278914,ingest,0.00,0.00,0.0,0.000,0.000,0.000,37.449,0.00
1786278919,ingest,0.00,0.00,0.0,0.000,0.000,0.000,37.448,0.00
1786278924,ingest,0.00,0.00,0.0,0.000,0.000,0.000,37.447,0.00
1786278929,ingest,0.00,0.00,0.0,0.000,0.000,0.000,37.447,0.00
1786278934,ingest,0.00,0.00,0.0,0.000,0.000,0.000,37.447,0.00
1786278939,ingest,0.00,0.00,0.0,0.000,0.000,0.000,37.446,0.00
1786278944,ingest,0.00,0.00,0.0,0.000,0.000,0.000,37.442,0.00
1786278950,ingest,0.00,0.00,0.0,0.000,0.000,0.000,37.447,0.00
1786278955,ingest,0.00,0.00,0.0,0.000,0.000,0.000,37.448,0.00
1786278960,ingest,0.00,0.00,0.0,0.000,0.000,0.000,37.448,0.00
1786278965,ingest,0.00,0.00,0.0,0.000,0.000,0.000,37.446,0.00
1786278970,ingest,0.00,0.00,0.0,0.000,0.000,0.000,37.447,0.00
1786278975,ingest,0.00,0.00,0.0,0.000,0.000,0.000,37.444,0.00
1786278980,ingest,0.00,0.00,0.0,0.000,0.000,0.000,37.445,0.00
1786278985,ingest,0.00,0.00,0.0,0.000,0.000,0.000,37.448,0.00
1786278990,ingest,0.00,0.00,0.0,0.000,0.000,0.000,37.449,0.00
1786278995,ingest,0.00,0.00,0.0,0.000,0.000,0.000,37.450,0.00
1786279000,ingest,0.00,0.00,0.0,0.000,0.000,0.000,37.449,0.00
1786279005,ingest,0.00,0.00,0.0,0.000,0.000,0.000,37.449,0.00
1786279010,ingest,0.00,0.00,0.0,0.000,0.000,0.000,37.449,0.00
1786279015,ingest,0.00,0.00,0.0,0.000,0.000,0.000,37.448,0.00
1786279020,ingest,0.00,0.00,0.0,0.000,0.000,0.000,37.448,0.00
1786279025,ingest,0.00,0.00,0.0,0.000,0.000,0.000,37.446,0.00
1786279030,ingest,0.00,0.00,0.0,0.000,0.000,0.000,37.447,0.00
1786279035,ingest,0.00,0.00,0.0,0.000,0.000,0.000,37.445,0.00
1786279040,ingest,0.00,0.00,0.0,0.000,0.000,0.000,37.446,0.00
1786279046,ingest,0.00,0.00,0.0,0.000,0.000,0.000,37.446,0.00
1786279051,ingest,0.00,0.00,0.0,0.000,0.000,0.000,37.447,0.00
1786279056,ingest,0.00,0.00,0.0,0.000,0.000,0.000,37.448,0.00
1786279061,ingest,0.00,0.00,0.0,0.000,0.000,0.000,37.444,0.00
1786279066,ingest,0.00,0.00,0.0,0.000,0.000,0.000,37.444,0.00
1786279071,ingest,0.00,0.00,0.0,0.000,0.000,0.000,37.445,0.00
1786279076,ingest,0.00,0.00,0.0,0.000,0.000,0.000,37.445,0.00
1786279081,ingest,0.00,0.00,0.0,0.000,0.000,0.000,37.446,0.00
1786279086,ingest,0.00,0.00,0.0,0.000,0.000,0.000,37.447,0.00
1786279091,ingest,0.00,0.00,0.0,0.000,0.000,0.000,37.446,0.00
1786279096,ingest,0.00,0.00,0.0,0.000,0.000,0.000,37.445,0.00
1786279101,ingest,0.00,0.00,0.0,0.000,0.000,0.000,37.446,0.00
1786279106,ingest,0.00,0.00,0.0,0.000,0.000,0.000,37.446,0.00
1786279111,ingest,0.00,0.00,0.0,0.000,0.000,0.000,37.448,0.00
1786279116,ingest,0.00,0.00,0.0,0.000,0.000,0.000,37.449,0.00
1786279121,ingest,0.00,0.00,0.0,0.000,0.000,0.000,37.449,0.00
1786279126,ingest,0.00,0.00,0.0,0.000,0.000,0.000,37.449,0.00
1786279131,ingest,0.00,0.00,0.0,0.000,0.000,0.000,37.449,0.00
1786279136,ingest,0.00,0.00,0.0,0.000,0.000,0.000,37.448,0.00
1786279142,ingest,0.00,0.00,0.0,0.000,0.000,0.000,37.448,0.00
1786279147,ingest,0.00,0.00,0.0,0.000,0.000,0.000,37.448,0.00
1786279152,ingest,0.00,0.00,0.0,0.000,0.000,0.000,37.446,0.00
1786279157,ingest,0.00,0.00,0.0,0.000,0.000,0.000,37.447,0.00
1786279162,ingest,0.00,0.00,0.0,0.000,0.000,0.000,37.448,0.00
1786279167,ingest,0.00,0.00,0.0,0.000,0.000,0.000,37.448,0.00
1786279172,ingest,0.00,0.00,0.0,0.000,0.000,0.000,37.447,0.00
1786279177,ingest,0.00,0.00,0.0,0.000,0.000,0.000,37.448,0.00
1786279182,ingest,0.00,0.00,0.0,0.000,0.000,0.000,37.448,0.00
1786279187,ingest,0.00,0.00,0.0,0.000,0.000,0.000,37.449,0.00
1786279192,ingest,0.00,0.00,0.0,0.000,0.000,0.000,37.448,0.00
1786279197,ingest,0.00,0.00,0.0,0.000,0.000,0.000,37.448,0.00
1786279202,ingest,0.00,0.00,0.0,0.000,0.000,0.000,37.451,0.00
1786279207,ingest,0.00,0.00,0.0,0.000,0.000,0.000,37.451,0.00
1786279212,ingest,0.00,0.00,0.0,0.000,0.000,0.000,37.448,0.00
1786279217,ingest,0.00,0.00,0.0,0.000,0.000,0.000,37.448,0.00
1786279222,ingest,0.00,0.00,0.0,0.000,0.000,0.000,37.449,0.00
1786279227,ingest,0.00,0.00,0.0,0.000,0.000,0.000,37.449,0.00
1786279232,ingest,0.00,0.00,0.0,0.000,0.000,0.000,37.449,0.00
1786279238,ingest,0.00,0.00,0.0,0.000,0.000,0.000,37.449,0.00
1786279243,ingest,0.00,0.00,0.0,0.000,0.000,0.000,37.450,0.00
1786279248,ingest,0.00,0.00,0.0,0.000,0.000,0.000,37.446,0.00
1786279253,ingest,0.00,0.00,0.0,0.000,0.000,0.000,37.449,0.00
1786279258,ingest,0.00,0.00,0.0,0.000,0.000,0.000,37.449,0.00
1786279263,ingest,0.00,0.00,0.0,0.000,0.000,0.000,37.450,0.00
1786279268,ingest,0.00,0.00,0.0,0.000,0.000,0.000,37.450,0.00
1786279273,ingest,0.00,0.00,0.0,0.000,0.000,0.000,37.449,0.00
1786279278,ingest,0.00,0.00,0.0,0.000,0.000,0.000,37.449,0.00
1786279283,ingest,0.00,0.00,0.0,0.000,0.000,0.000,37.447,0.00
1786279288,ingest,0.00,0.00,0.0,0.000,0.000,0.000,37.447,0.00
1786279293,ingest,0.00,0.00,0.0,0.000,0.000,0.000,37.449,0.00
1786279298,ingest,0.00,0.00,0.0,0.000,0.000,0.000,37.449,0.00
1786279303,ingest,0.00,0.00,0.0,0.000,0.000,0.000,37.448,0.00
1786279308,ingest,0.00,0.00,0.0,0.000,0.000,0.000,37.448,0.00
1786279313,ingest,0.00,0.00,0.0,0.000,0.000,0.000,37.445,0.00
1786279318,ingest,0.00,0.00,0.0,0.000,0.000,0.000,37.445,0.00
1786279323,ingest,0.00,0.00,0.0,0.000,0.000,0.000,37.444,0.00
1786279328,ingest,0.00,0.00,0.0,0.000,0.000,0.000,37.445,0.00
1786279334,ingest,0.00,0.00,0.0,0.000,0.000,0.000,37.446,0.00
1786279339,ingest,0.00,0.00,0.0,0.000,0.000,0.000,37.447,0.00
1786279344,ingest,0.00,0.00,0.0,0.000,0.000,0.000,37.445,0.00
1786279349,ingest,0.00,0.00,0.0,0.000,0.000,0.000,37.445,0.00
1786279354,ingest,0.00,0.00,0.0,0.000,0.000,0.000,37.445,0.00
1786279359,ingest,0.00,0.00,0.0,0.000,0.000,0.000,37.445,0.00
1786279364,ingest,0.00,0.00,0.0,0.000,0.000,0.000,37.446,0.00
1786279369,ingest,0.00,0.00,0.0,0.000,0.000,0.000,37.448,0.00
1786279374,ingest,0.00,0.00,0.0,0.000,0.000,0.000,37.448,0.00
1786279379,ingest,0.00,0.00,0.0,0.000,0.000,0.000,37.445,0.00
1786279384,ingest,0.00,0.00,0.0,0.000,0.000,0.000,37.447,0.00
1786279389,ingest,0.00,0.00,0.0,0.000,0.000,0.000,37.448,0.00
1786279394,ingest,0.00,0.00,0.0,0.000,0.000,0.000,37.446,0.00
1786279399,ingest,0.00,0.00,0.0,0.000,0.000,0.000,37.446,0.00
1786279404,ingest,0.00,0.00,0.0,0.000,0.000,0.000,37.447,0.00
1786279409,ingest,0.00,0.00,0.0,0.000,0.000,0.000,37.446,0.00
1786279414,ingest,0.00,0.00,0.0,0.000,0.000,0.000,37.444,0.00
1786279419,ingest,0.00,0.00,0.0,0.000,0.000,0.000,37.443,0.00
1786279424,ingest,0.00,0.00,0.0,0.000,0.000,0.000,37.442,0.00
1786279430,ingest,0.00,0.00,0.0,0.000,0.000,0.000,37.442,0.00
1786279435,ingest,0.00,0.00,0.0,0.000,0.000,0.000,37.443,0.00
1786279440,ingest,0.00,0.00,0.0,0.000,0.000,0.000,37.443,0.00
1786279445,ingest,0.00,0.00,0.0,0.000,0.000,0.000,37.443,0.00
1786279450,ingest,0.00,0.00,0.0,0.000,0.000,0.000,37.442,0.00
1786279455,ingest,0.00,0.00,0.0,0.000,0.000,0.000,37.441,0.00
1786279460,ingest,0.00,0.00,0.0,0.000,0.000,0.000,37.441,0.00
1786279465,ingest,0.00,0.00,0.0,0.000,0.000,0.000,37.441,0.00
1786279470,ingest,0.00,0.00,0.0,0.000,0.000,0.000,37.441,0.00
1786279475,ingest,0.00,0.00,0.0,0.000,0.000,0.000,37.441,0.00
1786279480,ingest,0.00,0.00,0.0,0.000,0.000,0.000,37.439,0.00
1786279485,ingest,0.00,0.00,0.0,0.000,0.000,0.000,37.439,0.00
1786279490,ingest,0.00,0.00,0.0,0.000,0.000,0.000,37.437,0.00
1786279495,ingest,0.00,0.00,0.0,0.000,0.000,0.000,37.437,0.00
1786279500,ingest,0.00,0.00,0.0,0.000,0.000,0.000,37.438,0.00
1786279505,ingest,0.00,0.00,0.0,0.000,0.000,0.000,37.436,0.00
1786279510,ingest,0.00,0.00,0.0,0.000,0.000,0.000,37.436,0.00
1786279515,ingest,0.00,0.00,0.0,0.000,0.000,0.000,37.436,0.00
1786279520,ingest,0.00,0.00,0.0,0.000,0.000,0.000,37.439,0.00
1786279526,ingest,0.00,0.00,0.0,0.000,0.000,0.000,37.439,0.00
1786279531,ingest,0.00,0.00,0.0,0.000,0.000,0.000,37.438,0.00
1786279536,ingest,0.00,0.00,0.0,0.000,0.000,0.000,37.438,0.00
1786279541,ingest,0.00,0.00,0.0,0.000,0.000,0.000,37.440,0.00
1786279546,ingest,0.00,0.00,0.0,0.000,0.000,0.000,37.439,0.00
1786279551,ingest,0.00,0.00,0.0,0.000,0.000,0.000,37.437,0.00
1786279556,ingest,0.00,0.00,0.0,0.000,0.000,0.000,37.437,0.00
1786279561,ingest,0.00,0.00,0.0,0.000,0.000,0.000,37.438,0.00
1786279566,ingest,0.00,0.00,0.0,0.000,0.000,0.000,37.438,0.00
1786279571,ingest,0.00,0.00,0.0,0.000,0.000,0.000,37.440,0.00
1786279576,ingest,0.00,0.00,0.0,0.000,0.000,0.000,37.440,0.00
1786279581,ingest,0.00,0.00,0.0,0.000,0.000,0.000,37.440,0.00
1786279586,ingest,0.00,0.00,0.0,0.000,0.000,0.000,37.441,0.00
1786279591,ingest,0.00,0.00,0.0,0.000,0.000,0.000,37.440,0.00
1786279596,ingest,0.00,0.00,0.0,0.000,0.000,0.000,37.441,0.00
1786279601,ingest,0.00,0.00,0.0,0.000,0.000,0.000,37.439,0.00
1786279606,ingest,0.00,0.00,0.0,0.000,0.000,0.000,37.440,0.00
1786279611,ingest,0.00,0.00,0.0,0.000,0.000,0.000,37.439,0.00
1786279616,ingest,0.00,0.00,0.0,0.000,0.000,0.000,37.439,0.00
1786279622,ingest,0.00,0.00,0.0,0.000,0.000,0.000,37.439,0.00
1786279627,ingest,0.00,0.00,0.0,0.000,0.000,0.000,37.435,0.00
1786279632,ingest,0.00,0.00,0.0,0.000,0.000,0.000,37.438,0.00
1786279637,ingest,0.00,0.00,0.0,0.000,0.000,0.000,37.439,0.00
1786279642,ingest,0.00,0.00,0.0,0.000,0.000,0.000,37.437,0.00
1786279647,ingest,0.00,0.00,0.0,0.000,0.000,0.000,37.438,0.00
1786279652,ingest,0.00,0.00,0.0,0.000,0.000,0.000,37.435,0.00
1786279657,ingest,0.00,0.00,0.0,0.000,0.000,0.000,37.436,0.00
1786279662,ingest,0.00,0.00,0.0,0.000,0.000,0.000,37.435,0.00
1786279667,ingest,0.00,0.00,0.0,0.000,0.000,0.000,37.436,0.00
1786279672,ingest,0.00,0.00,0.0,0.000,0.000,0.000,37.434,0.00
1786279677,ingest,0.00,0.00,0.0,0.000,0.000,0.000,37.434,0.00
1786279682,ingest,0.00,0.00,0.0,0.000,0.000,0.000,37.433,0.00
1786279687,ingest,0.00,0.00,0.0,0.000,0.000,0.000,37.433,0.00
1786279692,ingest,0.00,0.00,0.0,0.000,0.000,0.000,37.434,0.00
1786279697,ingest,0.00,0.00,0.0,0.000,0.000,0.000,37.433,0.00
1786279702,ingest,0.00,0.00,0.0,0.000,0.000,0.000,37.432,0.00
1786279707,ingest,0.00,0.00,0.0,0.000,0.000,0.000,37.432,0.00
1786279712,ingest,0.00,0.00,0.0,0.000,0.000,0.000,37.431,0.00
1786279718,ingest,0.00,0.00,0.0,0.000,0.000,0.000,37.431,0.00
1786279723,ingest,0.00,0.00,0.0,0.000,0.000,0.000,37.432,0.00
1786279728,ingest,0.00,0.00,0.0,0.000,0.000,0.000,37.433,0.00
1786279733,ingest,0.00,0.00,0.0,0.000,0.000,0.000,37.432,0.00
1786279738,ingest,0.00,0.00,0.0,0.000,0.000,0.000,37.433,0.00
1786279743,ingest,0.00,0.00,0.0,0.000,0.000,0.000,37.435,0.00
1786279748,ingest,0.00,0.00,0.0,0.000,0.000,0.000,37.436,0.00
1786279753,ingest,0.00,0.00,0.0,0.000,0.000,0.000,37.438,0.00
1786279758,ingest,0.00,0.00,0.0,0.000,0.000,0.000,37.438,0.00
1786279763,ingest,0.00,0.00,0.0,0.000,0.000,0.000,37.440,0.00
1786279768,ingest,0.00,0.00,0.0,0.000,0.000,0.000,37.440,0.00
1786279773,ingest,0.00,0.00,0.0,0.000,0.000,0.000,37.437,0.00
1786279778,ingest,0.00,0.00,0.0,0.000,0.000,0.000,37.438,0.00
1786279783,ingest,0.00,0.00,0.0,0.000,0.000,0.000,37.437,0.00
1786279788,ingest,0.00,0.00,0.0,0.000,0.000,0.000,37.438,0.00
1786279793,ingest,0.00,0.00,0.0,0.000,0.000,0.000,37.438,0.00
1786279798,ingest,0.00,0.00,0.0,0.000,0.000,0.000,37.438,0.00
1786279803,ingest,0.00,0.00,0.0,0.000,0.000,0.000,37.437,0.00
1786279808,ingest,0.00,0.00,0.0,0.000,0.000,0.000,37.436,0.00
1786279814,ingest,0.00,0.00,0.0,0.000,0.000,0.000,37.437,0.00
1786279819,ingest,0.00,0.00,0.0,0.000,0.000,0.000,37.438,0.00
1786279824,ingest,0.00,0.00,0.0,0.000,0.000,0.000,37.438,0.00
1786279829,ingest,0.00,0.00,0.0,0.000,0.000,0.000,37.439,0.00
1786279834,ingest,0.00,0.00,0.0,0.000,0.000,0.000,37.439,0.00
1786279839,ingest,0.00,0.00,0.0,0.000,0.000,0.000,37.439,0.00
1786279844,ingest,0.00,0.00,0.0,0.000,0.000,0.000,37.439,0.00
1786279849,ingest,0.00,0.00,0.0,0.000,0.000,0.000,37.439,0.00
1786279854,ingest,0.00,0.00,0.0,0.000,0.000,0.000,37.438,0.00
1786279859,ingest,0.00,0.00,0.0,0.000,0.000,0.000,37.437,0.00
1786279864,ingest,0.00,0.00,0.0,0.000,0.000,0.000,37.438,0.00
1786279869,ingest,0.00,0.00,0.0,0.000,0.000,0.000,37.437,0.00
1786279874,ingest,0.00,0.00,0.0,0.000,0.000,0.000,37.435,0.00
1786279879,ingest,0.00,0.00,0.0,0.000,0.000,0.000,37.437,0.00
1786279884,ingest,0.00,0.00,0.0,0.000,0.000,0.000,37.437,0.00
1786279889,ingest,0.00,0.00,0.0,0.000,0.000,0.000,37.437,0.00
1786279894,ingest,0.00,0.00,0.0,0.000,0.000,0.000,37.437,0.00
1786279899,ingest,0.00,0.00,0.0,0.000,0.000,0.000,37.436,0.00
1786279904,ingest,0.00,0.00,0.0,0.000,0.000,0.000,37.436,0.00
1786279910,ingest,0.00,0.00,0.0,0.000,0.000,0.000,37.436,0.00
1786279915,ingest,0.00,0.00,0.0,0.000,0.000,0.000,37.436,0.00
1786279920,ingest,0.00,0.00,0.0,0.000,0.000,0.000,37.436,0.00
1786279925,ingest,0.00,0.00,0.0,0.000,0.000,0.000,37.436,0.00
1786279930,ingest,0.00,0.00,0.0,0.000,0.000,0.000,37.433,0.00
1786279935,ingest,0.00,0.00,0.0,0.000,0.000,0.000,37.435,0.00
1786279940,ingest,0.00,0.00,0.0,0.000,0.000,0.000,37.437,0.00
1786279945,ingest,0.00,0.00,0.0,0.000,0.000,0.000,37.438,0.00
1786279950,ingest,0.00,0.00,0.0,0.000,0.000,0.000,37.437,0.00
1786279955,ingest,0.00,0.00,0.0,0.000,0.000,0.000,37.438,0.00
1786279960,ingest,0.00,0.00,0.0,0.000,0.000,0.000,37.437,0.00
1786279965,ingest,0.00,0.00,0.0,0.000,0.000,0.000,37.437,0.00
1786279970,ingest,0.00,0.00,0.0,0.000,0.000,0.000,37.435,0.00
1786279975,ingest,0.00,0.00,0.0,0.000,0.000,0.000,37.435,0.00
1786279980,ingest,0.00,0.00,0.0,0.000,0.000,0.000,37.434,0.00
1786279985,ingest,0.00,0.00,0.0,0.000,0.000,0.000,37.434,0.00
1786279990,ingest,0.00,0.00,0.0,0.000,0.000,0.000,37.434,0.00
1786279995,ingest,0.00,0.00,0.0,0.000,0.000,0.000,37.432,0.00
1786280000,ingest,0.00,0.00,0.0,0.000,0.000,0.000,37.430,0.00
1786280006,ingest,0.00,0.00,0.0,0.000,0.000,0.000,37.430,0.00
1786280011,ingest,0.00,0.00,0.0,0.000,0.000,0.000,37.430,0.00
1786280016,ingest,0.00,0.00,0.0,0.000,0.000,0.000,37.430,0.00
1786280021,ingest,0.00,0.00,0.0,0.000,0.000,0.000,37.428,0.00
1786280026,ingest,0.00,0.00,0.0,0.000,0.000,0.000,37.428,0.00
1786280031,ingest,0.00,0.00,0.0,0.000,0.000,0.000,37.431,0.00
1786280036,ingest,0.00,0.00,0.0,0.000,0.000,0.000,37.432,0.00
1786280041,ingest,0.00,0.00,0.0,0.000,0.000,0.000,37.431,0.00
1786280046,ingest,0.00,0.00,0.0,0.000,0.000,0.000,37.431,0.00
1786280051,ingest,0.00,0.00,0.0,0.000,0.000,0.000,37.432,0.00
1786280056,ingest,0.00,0.00,0.0,0.000,0.000,0.000,37.432,0.00
1786280061,ingest,0.00,0.00,0.0,0.000,0.000,0.000,37.431,0.00
1786280066,ingest,0.00,0.00,0.0,0.000,0.000,0.000,37.431,0.00
1786280071,ingest,0.00,0.00,0.0,0.000,0.000,0.000,37.431,0.00
1786280076,ingest,0.00,0.00,0.0,0.000,0.000,0.000,37.431,0.00
1786280081,ingest,0.00,0.00,0.0,0.000,0.000,0.000,37.431,0.00
1786280086,ingest,0.00,0.00,0.0,0.000,0.000,0.000,37.431,0.00
1786280091,ingest,0.00,0.00,0.0,0.000,0.000,0.000,37.431,0.00
1786280096,ingest,0.00,0.00,0.0,0.000,0.000,0.000,37.431,0.00
1786280102,ingest,0.00,0.00,0.0,0.000,0.000,0.000,37.431,0.00
1786280107,ingest,0.00,0.00,0.0,0.000,0.000,0.000,37.430,0.00
1786280112,ingest,0.00,0.00,0.0,0.000,0.000,0.000,37.430,0.00
1786280117,ingest,0.00,0.00,0.0,0.000,0.000,0.000,37.427,0.00
1786280122,ingest,0.00,0.00,0.0,0.000,0.000,0.000,37.426,0.00
1786280127,ingest,0.00,0.00,0.0,0.000,0.000,0.000,37.426,0.00
1786280132,ingest,0.00,0.00,0.0,0.000,0.000,0.000,37.428,0.00
1786280137,ingest,0.00,0.00,0.0,0.000,0.000,0.000,37.429,0.00
1786280142,ingest,0.00,0.00,0.0,0.000,0.000,0.000,37.429,0.00
1786280147,ingest,0.00,0.00,0.0,0.000,0.000,0.000,37.430,0.00
1786280152,ingest,0.00,0.00,0.0,0.000,0.000,0.000,37.429,0.00
1786280157,ingest,0.00,0.00,0.0,0.000,0.000,0.000,37.429,0.00
1786280162,ingest,0.00,0.00,0.0,0.000,0.000,0.000,37.428,0.00
1786280167,ingest,0.00,0.00,0.0,0.000,0.000,0.000,37.427,0.00
1786280172,ingest,0.00,0.00,0.0,0.000,0.000,0.000,37.428,0.00
1786280177,ingest,0.00,0.00,0.0,0.000,0.000,0.000,37.427,0.00
1786280182,ingest,0.00,0.00,0.0,0.000,0.000,0.000,37.424,0.00
1786280187,ingest,0.00,0.00,0.0,0.000,0.000,0.000,37.423,0.00
1786280192,ingest,0.00,0.00,0.0,0.000,0.000,0.000,37.424,0.00
1786280198,ingest,0.00,0.00,0.0,0.000,0.000,0.000,37.421,0.00
1786280203,ingest,0.00,0.00,0.0,0.000,0.000,0.000,37.422,0.00
1786280208,ingest,0.00,0.00,0.0,0.000,0.000,0.000,37.424,0.00
1786280213,ingest,0.00,0.00,0.0,0.000,0.000,0.000,37.424,0.00
1786280218,ingest,0.00,0.00,0.0,0.000,0.000,0.000,37.422,0.00
1786280223,ingest,0.00,0.00,0.0,0.000,0.000,0.000,37.422,0.00
1786280228,ingest,0.00,0.00,0.0,0.000,0.000,0.000,37.422,0.00
1786280233,ingest,0.00,0.00,0.0,0.000,0.000,0.000,37.423,0.00
1786280238,ingest,0.00,0.00,0.0,0.000,0.000,0.000,37.425,0.00
1786280243,ingest,0.00,0.00,0.0,0.000,0.000,0.000,37.425,0.00
1786280248,ingest,0.00,0.00,0.0,0.000,0.000,0.000,37.425,0.00
1786280253,ingest,0.00,0.00,0.0,0.000,0.000,0.000,37.425,0.00
1786280258,ingest,0.00,0.00,0.0,0.000,0.000,0.000,37.426,0.00
1786280263,ingest,0.00,0.00,0.0,0.000,0.000,0.000,37.426,0.00
1786280268,ingest,0.00,0.00,0.0,0.000,0.000,0.000,37.426,0.00
1786280273,ingest,0.00,0.00,0.0,0.000,0.000,0.000,37.426,0.00
1786280278,ingest,0.00,0.00,0.0,0.000,0.000,0.000,37.426,0.00
1786280283,ingest,0.00,0.00,0.0,0.000,0.000,0.000,37.427,0.00
1786280288,ingest,0.00,0.00,0.0,0.000,0.000,0.000,37.427,0.00
1786280293,ingest,0.00,0.00,0.0,0.000,0.000,0.000,37.426,0.00
1786280299,ingest,0.00,0.00,0.0,0.000,0.000,0.000,37.427,0.00
1786280304,ingest,0.00,0.00,0.0,0.000,0.000,0.000,37.427,0.00
1786280309,ingest,0.00,0.00,0.0,0.000,0.000,0.000,37.427,0.00
1786280314,ingest,0.00,0.00,0.0,0.000,0.000,0.000,37.427,0.00
1786280319,ingest,0.00,0.00,0.0,0.000,0.000,0.000,37.426,0.00
1786280324,ingest,0.00,0.00,0.0,0.000,0.000,0.000,37.426,0.00
1786280329,ingest,0.00,0.00,0.0,0.000,0.000,0.000,37.424,0.00
1786280334,ingest,0.00,0.00,0.0,0.000,0.000,0.000,37.424,0.00
1786280339,ingest,0.00,0.00,0.0,0.000,0.000,0.000,37.425,0.00
1786280344,ingest,0.00,0.00,0.0,0.000,0.000,0.000,37.425,0.00
1786280349,ingest,0.00,0.00,0.0,0.000,0.000,0.000,37.422,0.00
1786280354,ingest,0.00,0.00,0.0,0.000,0.000,0.000,37.422,0.00
1786280359,ingest,0.00,0.00,0.0,0.000,0.000,0.000,37.422,0.00
1786280364,ingest,0.00,0.00,0.0,0.000,0.000,0.000,37.424,0.00
1786280369,ingest,0.00,0.00,0.0,0.000,0.000,0.000,37.425,0.00
1786280374,ingest,0.00,0.00,0.0,0.000,0.000,0.000,37.424,0.00
1786280379,ingest,0.00,0.00,0.0,0.000,0.000,0.000,37.423,0.00
1786280384,ingest,0.00,0.00,0.0,0.000,0.000,0.000,37.423,0.00
1786280389,ingest,0.00,0.00,0.0,0.000,0.000,0.000,37.426,0.00
1786280395,ingest,0.00,0.00,0.0,0.000,0.000,0.000,37.425,0.00
1786280400,ingest,0.00,0.00,0.0,0.000,0.000,0.000,37.427,0.00
1786280405,ingest,0.00,0.00,0.0,0.000,0.000,0.000,37.427,0.00
1786280410,ingest,0.00,0.00,0.0,0.000,0.000,0.000,37.427,0.00
1786280415,ingest,0.00,0.00,0.0,0.000,0.000,0.000,37.427,0.00
1786280420,ingest,0.00,0.00,0.0,0.000,0.000,0.000,37.426,0.00
1786280425,ingest,0.00,0.00,0.0,0.000,0.000,0.000,37.426,0.00
1786280430,ingest,0.00,0.00,0.0,0.000,0.000,0.000,37.426,0.00
1786280435,ingest,0.00,0.00,0.0,0.000,0.000,0.000,37.427,0.00
1786280440,ingest,0.00,0.00,0.0,0.000,0.000,0.000,37.426,0.00
1786280445,ingest,0.00,0.00,0.0,0.000,0.000,0.000,37.427,0.00
1786280450,ingest,0.00,0.00,0.0,0.000,0.000,0.000,37.429,0.00
1786280455,ingest,0.00,0.00,0.0,0.000,0.000,0.000,37.429,0.00
1786280460,ingest,0.00,0.00,0.0,0.000,0.000,0.000,37.429,0.00
1786280465,ingest,0.00,0.00,0.0,0.000,0.000,0.000,37.429,0.00
1786280470,ingest,0.00,0.00,0.0,0.000,0.000,0.000,37.428,0.00
1786280475,ingest,0.00,0.00,0.0,0.000,0.000,0.000,37.428,0.00
1786280480,ingest,0.00,0.00,0.0,0.000,0.000,0.000,37.429,0.00
1786280485,ingest,0.00,0.00,0.0,0.000,0.000,0.000,37.429,0.00
1786280491,ingest,0.00,0.00,0.0,0.000,0.000,0.000,37.425,0.00
1786280496,ingest,0.00,0.00,0.0,0.000,0.000,0.000,37.427,0.00
1786280501,ingest,0.00,0.00,0.0,0.000,0.000,0.000,37.424,0.00
1786280506,ingest,0.00,0.00,0.0,0.000,0.000,0.000,37.425,0.00
1786280511,ingest,0.00,0.00,0.0,0.000,0.000,0.000,37.424,0.00
1786280516,ingest,0.00,0.00,0.0,0.000,0.000,0.000,37.424,0.00
1786280521,ingest,0.00,0.00,0.0,0.000,0.000,0.000,37.424,0.00
1786280526,ingest,0.00,0.00,0.0,0.000,0.000,0.000,37.424,0.00
1786280531,ingest,0.00,0.00,0.0,0.000,0.000,0.000,37.425,0.00
1786280536,ingest,0.00,0.00,0.0,0.000,0.000,0.000,37.430,0.00
1786280541,ingest,0.00,0.00,0.0,0.000,0.000,0.000,37.429,0.00
1786280546,ingest,0.00,0.00,0.0,0.000,0.000,0.000,37.427,0.00
1786280551,ingest,0.00,0.00,0.0,0.000,0.000,0.000,37.429,0.00
1786280556,ingest,0.00,0.00,0.0,0.000,0.000,0.000,37.428,0.00
1786280561,ingest,0.00,0.00,0.0,0.000,0.000,0.000,37.428,0.00
1786280566,ingest,0.00,0.00,0.0,0.000,0.000,0.000,37.430,0.00
1786280571,ingest,0.00,0.00,0.0,0.000,0.000,0.000,37.430,0.00
1786280576,ingest,0.00,0.00,0.0,0.000,0.000,0.000,37.431,0.00
1786280581,ingest,0.00,0.00,0.0,0.000,0.000,0.000,37.431,0.00
1786280587,ingest,0.00,0.00,0.0,0.000,0.000,0.000,37.431,0.00
1786280592,ingest,0.00,0.00,0.0,0.000,0.000,0.000,37.431,0.00
1786280597,ingest,0.00,0.00,0.0,0.000,0.000,0.000,37.429,0.00
1786280602,ingest,0.00,0.00,0.0,0.000,0.000,0.000,37.429,0.00
1786280607,ingest,0.00,0.00,0.0,0.000,0.000,0.000,37.428,0.00
1786280612,ingest,0.00,0.00,0.0,0.000,0.000,0.000,37.428,0.00
1786280617,ingest,0.00,0.00,0.0,0.000,0.000,0.000,37.427,0.00
1786280622,ingest,0.00,0.00,0.0,0.000,0.000,0.000,37.427,0.00
1786280627,ingest,0.00,0.00,0.0,0.000,0.000,0.000,37.428,0.00
1786280632,ingest,0.00,0.00,0.0,0.000,0.000,0.000,37.427,0.00
1786280637,ingest,0.00,0.00,0.0,0.000,0.000,0.000,37.426,0.00
1786280642,ingest,0.00,0.00,0.0,0.000,0.000,0.000,37.425,0.00
1786280647,ingest,0.00,0.00,0.0,0.000,0.000,0.000,37.423,0.00
1786280652,ingest,0.00,0.00,0.0,0.000,0.000,0.000,37.423,0.00
1786280657,ingest,0.00,0.00,0.0,0.000,0.000,0.000,37.425,0.00
1786280662,ingest,0.00,0.00,0.0,0.000,0.000,0.000,37.425,0.00
1786280667,ingest,0.00,0.00,0.0,0.000,0.000,0.000,37.422,0.00
1786280672,ingest,0.00,0.00,0.0,0.000,0.000,0.000,37.421,0.00
1786280677,ingest,0.00,0.00,0.0,0.000,0.000,0.000,37.420,0.00
1786280683,ingest,0.00,0.00,0.0,0.000,0.000,0.000,37.420,0.00
1786280688,ingest,0.00,0.00,0.0,0.000,0.000,0.000,37.419,0.00
1786280693,ingest,0.00,0.00,0.0,0.000,0.000,0.000,37.420,0.00
1786280698,ingest,0.00,0.00,0.0,0.000,0.000,0.000,37.418,0.00
1786280703,ingest,0.00,0.00,0.0,0.000,0.000,0.000,37.419,0.00
1786280708,ingest,0.00,0.00,0.0,0.000,0.000,0.000,37.418,0.00
1786280713,ingest,0.00,0.00,0.0,0.000,0.000,0.000,37.418,0.00
1786280718,ingest,0.00,0.00,0.0,0.000,0.000,0.000,37.418,0.00
1786280723,ingest,0.00,0.00,0.0,0.000,0.000,0.000,37.418,0.00
1786280728,ingest,0.00,0.00,0.0,0.000,0.000,0.000,37.418,0.00
1786280733,ingest,0.00,0.00,0.0,0.000,0.000,0.000,37.419,0.00
1786280738,ingest,0.00,0.00,0.0,0.000,0.000,0.000,37.418,0.00
1786280743,ingest,0.00,0.00,0.0,0.000,0.000,0.000,37.419,0.00
1786280748,ingest,0.00,0.00,0.0,0.000,0.000,0.000,37.423,0.00
1786280753,ingest,0.00,0.00,0.0,0.000,0.000,0.000,37.423,0.00
1786280758,ingest,0.00,0.00,0.0,0.000,0.000,0.000,37.422,0.00
1786280763,ingest,0.00,0.00,0.0,0.000,0.000,0.000,37.422,0.00
