ts,phase,nvme_rd_mb_s,nvme_wr_mb_s,nvme_active_pct,cte_file_tier_gb,devshm_used_gb,clio_rss_gb,mem_avail_gb,nfs_rd_mb_s
1786238471,ingest,0.00,0.00,0.1,0.000,0.002,0.315,44.657,0.04
1786238476,ingest,0.00,0.00,0.0,0.000,0.002,0.576,44.399,0.00
1786238481,ingest,0.00,0.00,0.0,0.000,0.002,0.773,44.205,0.00
1786238486,ingest,0.00,0.00,0.0,0.000,0.002,1.043,43.940,0.00
1786238491,ingest,0.00,0.00,0.1,0.000,0.002,1.250,43.738,0.00
1786238496,ingest,0.00,0.00,0.0,0.000,0.002,1.502,43.487,0.00
1786238501,ingest,0.00,0.00,0.0,0.000,0.002,1.757,43.229,0.00
1786238506,ingest,0.00,0.00,0.0,0.000,0.002,2.017,42.971,0.00
1786238511,ingest,0.00,0.00,0.0,0.000,0.002,2.287,42.701,0.00
1786238516,ingest,0.00,0.00,0.0,0.000,0.002,2.472,42.518,0.00
1786238521,ingest,0.00,0.01,0.1,0.000,0.002,2.648,42.340,0.00
1786238526,ingest,0.00,0.00,0.0,0.000,0.002,2.980,42.010,0.00
1786238531,ingest,0.00,0.00,0.0,0.000,0.002,3.152,41.836,0.00
1786238536,ingest,0.00,0.00,0.0,0.000,0.002,3.414,41.574,0.00
1786238541,ingest,0.00,0.00,0.0,0.000,0.002,3.681,41.306,0.00
1786238546,ingest,0.00,0.00,0.0,0.000,0.002,3.964,41.024,0.00
1786238552,ingest,0.00,0.00,0.1,0.000,0.002,4.140,40.847,0.00
1786238557,ingest,0.00,0.00,0.0,0.000,0.002,4.317,40.670,0.00
1786238562,ingest,0.00,0.00,0.0,0.000,0.002,4.487,40.499,0.00
1786238567,ingest,0.00,0.00,0.0,0.000,0.002,4.750,40.236,0.00
1786238572,ingest,0.00,0.00,0.0,0.000,0.002,4.937,40.042,0.00
1786238577,ingest,0.00,0.00,0.0,0.000,0.002,5.127,39.860,0.00
1786238582,ingest,0.00,0.00,0.1,0.000,0.002,5.394,39.594,0.00
1786238587,ingest,0.00,0.00,0.0,0.000,0.002,5.668,39.318,0.00
1786238592,ingest,0.00,0.00,0.0,0.000,0.002,5.934,39.051,0.00
1786238597,ingest,0.00,0.00,0.0,0.000,0.002,6.185,38.798,0.00
1786238602,ingest,0.00,0.00,0.0,0.000,0.002,6.450,38.532,0.00
1786238607,ingest,0.00,0.00,0.0,0.000,0.002,6.638,38.342,0.00
1786238612,ingest,0.00,0.00,0.0,0.000,0.002,6.901,38.079,0.00
1786238617,ingest,0.00,0.00,0.0,0.000,0.002,7.111,37.867,0.00
1786238622,ingest,0.00,0.00,0.0,0.000,0.002,7.356,37.622,0.00
1786238627,ingest,0.00,0.00,0.0,0.000,0.002,7.601,37.374,0.00
1786238632,ingest,0.00,0.00,0.0,0.000,0.002,7.790,37.184,0.00
1786238637,ingest,0.00,0.00,0.0,0.000,0.002,7.973,36.999,0.00
1786238642,ingest,0.00,0.00,0.0,0.000,0.002,8.176,36.795,0.00
1786238648,bench_mixed,0.00,0.00,0.0,0.000,0.002,8.565,36.596,1.58
1786238653,bench_mixed,0.00,0.00,0.0,0.000,0.002,14.117,36.307,0.00
1786238658,bench_mixed,0.00,0.00,0.0,0.000,0.002,14.216,36.206,0.00
1786238663,bench_mixed,0.00,0.00,0.0,0.000,0.002,14.247,36.175,0.00
1786238668,bench_mixed,0.00,0.00,0.0,0.000,0.002,14.264,36.159,0.00
1786238673,bench_mixed,0.00,0.00,0.0,0.000,0.002,14.277,36.146,0.00
1786238678,bench_mixed,0.00,0.00,0.0,0.000,0.002,14.288,36.135,0.00
1786238683,bench_mixed,0.00,0.00,0.0,0.000,0.002,14.300,36.122,0.00
1786238688,bench_mixed,0.00,0.00,0.0,0.000,0.002,14.306,36.115,0.00
1786238693,bench_mixed,0.00,0.00,0.0,0.000,0.002,14.306,36.115,0.00
1786238698,bench_mixed,0.00,0.00,0.0,0.000,0.002,14.315,36.108,0.00
1786238703,bench_mixed,0.00,0.00,0.0,0.000,0.002,14.317,36.104,0.00
1786238708,bench_mixed,0.00,0.00,0.0,0.000,0.002,14.322,36.100,0.00
1786238713,bench_mixed,0.00,0.00,0.0,0.000,0.002,14.326,36.096,0.00
1786238718,bench_mixed,0.00,0.00,0.0,0.000,0.002,14.328,36.092,0.00
1786238723,bench_mixed,0.00,0.00,0.0,0.000,0.002,14.333,36.088,0.00
1786238728,bench_mixed,0.00,0.00,0.0,0.000,0.002,14.335,36.083,0.00
1786238733,bench_mixed,0.00,0.00,0.0,0.000,0.002,14.335,36.082,0.00
1786238739,bench_mixed,0.00,0.00,0.0,0.000,0.002,14.339,36.080,0.00
1786238744,bench_mixed,0.00,0.00,0.0,0.000,0.002,14.339,36.078,0.00
1786238749,bench_mixed,0.00,0.00,0.0,0.000,0.002,14.343,36.075,0.00
1786238754,bench_mixed,0.00,0.00,0.0,0.000,0.002,14.343,36.076,0.00
1786238759,bench_mixed,0.00,0.00,0.0,0.000,0.002,14.343,36.075,0.00
1786238764,bench_mixed,0.00,0.00,0.0,0.000,0.002,14.343,36.075,0.00
1786238769,bench_mixed,0.00,0.00,0.0,0.000,0.002,14.343,36.074,0.00
1786238774,bench_mixed,0.00,0.00,0.0,0.000,0.002,14.343,36.070,0.03
1786238779,bench_mixed,0.00,0.00,0.0,0.000,0.002,14.343,36.070,0.00
1786238784,bench_mixed,0.00,0.00,0.0,0.000,0.002,14.343,36.070,0.00
1786238789,bench_mixed,0.00,0.00,0.0,0.000,0.002,14.343,36.071,0.00
1786238794,bench_mixed,0.00,0.00,0.0,0.000,0.002,14.343,36.071,0.00
1786238799,bench_mixed,0.00,0.00,0.0,0.000,0.002,14.343,36.070,0.00
1786238804,bench_mixed,0.00,0.00,0.0,0.000,0.002,14.390,36.022,0.00
1786238809,bench_mixed,0.00,0.00,0.0,0.000,0.002,14.549,35.863,0.00
1786238814,bench_mixed,0.00,0.00,0.0,0.000,0.002,15.081,35.505,0.00
1786238819,bench_mixed,0.00,0.00,0.0,0.000,0.002,15.202,35.502,0.00
1786238824,bench_mixed,0.00,0.00,0.0,0.000,0.002,15.222,35.500,0.00
1786238830,bench_mixed,0.00,0.00,0.0,0.000,0.002,15.225,35.495,0.00
1786238835,bench_mixed,0.00,0.00,0.0,0.000,0.002,15.227,35.494,0.00
1786238840,bench_mixed,0.00,0.00,0.0,0.000,0.002,15.232,35.493,0.00
1786238845,bench_mixed,0.00,0.00,0.0,0.000,0.002,15.234,35.492,0.00
1786238850,bench_mixed,0.00,0.00,0.0,0.000,0.002,15.234,35.491,0.00
1786238855,bench_mixed,0.00,0.00,0.0,0.000,0.002,15.237,35.489,0.00
1786238860,bench_mixed,0.00,0.00,0.0,0.000,0.002,15.239,35.490,0.00
1786238865,bench_mixed,0.00,0.00,0.0,0.000,0.002,15.239,35.489,0.00
1786238870,bench_mixed,0.00,0.00,0.0,0.000,0.002,15.242,35.488,0.00
1786238875,bench_mixed,0.00,0.00,0.0,0.000,0.002,15.242,35.487,0.00
1786238880,bench_mixed,0.00,0.00,0.0,0.000,0.002,15.242,35.484,0.00
1786238885,bench_mixed,0.00,0.00,0.0,0.000,0.002,15.245,35.481,0.00
1786238890,bench_mixed,0.00,0.00,0.0,0.000,0.002,15.246,35.480,0.00
1786238895,bench_mixed,0.00,0.00,0.0,0.000,0.002,15.247,35.480,0.00
1786238900,bench_mixed,0.00,0.00,0.0,0.000,0.002,15.247,35.480,0.00
1786238905,bench_mixed,0.00,0.00,0.0,0.000,0.002,15.247,35.480,0.00
1786238910,bench_mixed,0.00,0.00,0.0,0.000,0.002,15.248,35.477,0.00
1786238915,bench_mixed,0.00,0.00,0.0,0.000,0.002,15.249,35.476,0.00
1786238920,bench_mixed,0.00,0.00,0.0,0.000,0.002,15.249,35.474,0.00
1786238926,bench_mixed,0.00,0.00,0.0,0.000,0.002,15.249,35.475,0.00
1786238931,bench_mixed,0.00,0.00,0.0,0.000,0.002,15.249,35.474,0.00
1786238936,bench_mixed,0.00,0.00,0.0,0.000,0.002,15.249,35.475,0.00
1786238941,bench_mixed,0.00,0.00,0.0,0.000,0.002,15.249,35.474,0.00
1786238946,bench_mixed,0.00,0.00,0.0,0.000,0.002,15.249,35.474,0.00
1786238951,bench_mixed,0.00,0.00,0.0,0.000,0.002,15.365,35.360,0.00
1786238956,bench_mixed,0.00,0.00,0.0,0.000,0.002,15.797,34.920,0.00
1786238961,bench_mixed,0.00,0.00,0.0,0.000,0.002,16.078,34.906,0.00
1786238966,bench_mixed,0.00,0.00,0.0,0.000,0.002,16.113,34.904,0.00
1786238971,bench_mixed,0.00,0.00,0.0,0.000,0.002,16.122,34.901,0.00
1786238976,bench_mixed,0.00,0.00,0.0,0.000,0.002,16.130,34.900,0.00
1786238981,bench_mixed,0.00,0.00,0.0,0.000,0.002,16.134,34.899,0.00
1786238986,bench_mixed,0.00,0.00,0.0,0.000,0.002,16.134,34.901,0.00
1786238991,bench_mixed,0.00,0.00,0.0,0.000,0.002,16.137,34.898,0.00
1786238996,bench_mixed,0.00,0.00,0.0,0.000,0.002,16.139,34.900,0.00
1786239001,bench_mixed,0.00,0.00,0.0,0.000,0.002,16.140,34.899,0.00
1786239006,bench_mixed,0.00,0.00,0.0,0.000,0.002,16.141,34.898,0.00
1786239011,bench_mixed,0.00,0.00,0.0,0.000,0.002,16.142,34.897,0.00
1786239017,bench_mixed,0.00,0.00,0.0,0.000,0.002,16.144,34.895,0.00
1786239022,bench_mixed,0.00,0.00,0.0,0.000,0.002,16.145,34.895,0.00
1786239027,bench_mixed,0.00,0.00,0.0,0.000,0.002,16.145,34.893,0.00
1786239032,bench_mixed,0.00,0.00,0.0,0.000,0.002,16.147,34.892,0.00
1786239037,bench_mixed,0.00,0.00,0.0,0.000,0.002,16.147,34.890,0.00
1786239042,bench_mixed,0.00,0.00,0.0,0.000,0.002,16.147,34.889,0.00
1786239047,bench_mixed,0.00,0.00,0.0,0.000,0.002,16.148,34.888,0.00
1786239052,bench_mixed,0.00,0.00,0.0,0.000,0.002,16.148,34.888,0.00
1786239057,bench_mixed,0.00,0.00,0.0,0.000,0.002,16.149,34.886,0.00
1786239062,bench_mixed,0.00,0.00,0.0,0.000,0.002,16.150,34.886,0.00
1786239067,bench_mixed,0.00,0.00,0.0,0.000,0.002,16.150,34.885,0.00
1786239072,bench_mixed,0.00,0.00,0.0,0.000,0.002,16.150,34.876,0.03
1786239077,bench_mixed,0.00,0.00,0.0,0.000,0.002,16.150,34.880,0.00
1786239082,bench_mixed,0.00,0.00,0.0,0.000,0.002,16.150,34.880,0.00
1786239087,bench_mixed,0.00,0.00,0.0,0.000,0.002,16.150,34.882,0.00
1786239092,bench_mixed,0.00,0.00,0.0,0.000,0.002,16.150,34.881,0.00
1786239097,bench_mixed,0.00,0.00,0.0,0.000,0.002,16.259,34.771,0.00
1786239102,bench_mixed,0.00,0.00,0.0,0.000,0.002,16.678,34.352,0.00
1786239107,bench_mixed,0.00,0.00,0.0,0.000,0.002,16.967,34.316,0.00
1786239113,bench_mixed,0.00,0.00,0.0,0.000,0.002,17.018,34.314,0.00
1786239118,bench_mixed,0.00,0.00,0.0,0.000,0.002,17.028,34.311,0.00
1786239123,bench_mixed,0.00,0.00,0.0,0.000,0.002,17.032,34.309,0.00
1786239128,bench_mixed,0.00,0.00,0.0,0.000,0.002,17.036,34.308,0.00
1786239133,bench_mixed,0.00,0.00,0.0,0.000,0.002,17.037,34.307,0.00
1786239138,bench_mixed,0.00,0.00,0.0,0.000,0.002,17.038,34.306,0.00
1786239143,bench_mixed,0.00,0.00,0.0,0.000,0.002,17.042,34.304,0.00
1786239148,bench_mixed,0.00,0.00,0.0,0.000,0.002,17.043,34.301,0.00
1786239153,bench_mixed,0.00,0.00,0.0,0.000,0.002,17.045,34.299,0.00
1786239158,bench_mixed,0.00,0.00,0.0,0.000,0.002,17.046,34.297,0.00
1786239163,bench_mixed,0.00,0.00,0.0,0.000,0.002,17.046,34.297,0.00
1786239168,bench_mixed,0.00,0.00,0.0,0.000,0.002,17.048,34.294,0.00
1786239173,bench_mixed,0.00,0.00,0.0,0.000,0.002,17.049,34.294,0.00
1786239178,bench_mixed,0.00,0.00,0.0,0.000,0.002,17.049,34.294,0.00
1786239183,bench_mixed,0.00,0.00,0.0,0.000,0.002,17.051,34.293,0.00
1786239188,bench_mixed,0.00,0.00,0.0,0.000,0.002,17.051,34.292,0.00
1786239193,bench_mixed,0.00,0.00,0.0,0.000,0.002,17.051,34.292,0.00
1786239198,bench_mixed,0.00,0.00,0.0,0.000,0.002,17.052,34.288,0.00
1786239203,bench_mixed,0.00,0.00,0.0,0.000,0.002,17.052,34.289,0.00
1786239209,bench_mixed,0.00,0.00,0.0,0.000,0.002,17.053,34.286,0.00
1786239214,bench_mixed,0.00,0.00,0.0,0.000,0.002,17.054,34.286,0.00
1786239219,bench_mixed,0.00,0.00,0.0,0.000,0.002,17.054,34.285,0.00
1786239224,bench_mixed,0.00,0.00,0.0,0.000,0.002,17.054,34.285,0.00
1786239229,bench_mixed,0.00,0.00,0.0,0.000,0.002,17.054,34.284,0.00
1786239234,bench_mixed,0.00,0.00,0.0,0.000,0.002,17.054,34.284,0.00
1786239239,bench_mixed,0.00,0.00,0.0,0.000,0.002,17.054,34.286,0.00
1786239244,bench_mixed,0.00,0.00,0.0,0.000,0.002,17.152,34.188,0.00
1786239249,bench_mixed,0.00,0.00,0.0,0.000,0.002,17.569,33.770,0.00
1786239254,bench_mixed,0.00,0.00,0.0,0.000,0.002,17.873,33.727,0.00
1786239259,bench_mixed,0.00,0.00,0.0,0.000,0.002,17.918,33.730,0.00
1786239264,bench_mixed,0.00,0.00,0.0,0.000,0.002,17.926,33.726,0.00
1786239269,bench_mixed,0.00,0.00,0.0,0.000,0.002,17.936,33.726,0.00
1786239274,bench_mixed,0.00,0.00,0.0,0.000,0.002,17.936,33.726,0.00
1786239279,bench_mixed,0.00,0.00,0.0,0.000,0.002,17.939,33.722,0.00
1786239284,bench_mixed,0.00,0.00,0.0,0.000,0.002,17.941,33.720,0.00
1786239289,bench_mixed,0.00,0.00,0.0,0.000,0.002,17.941,33.721,0.00
1786239294,bench_mixed,0.00,0.00,0.0,0.000,0.002,17.943,33.719,0.00
1786239300,bench_mixed,0.00,0.00,0.0,0.000,0.002,17.945,33.708,0.00
1786239305,bench_mixed,0.00,0.00,0.0,0.000,0.002,17.945,33.713,0.00
1786239310,bench_mixed,0.00,0.00,0.0,0.000,0.002,17.948,33.710,0.00
1786239315,bench_mixed,0.00,0.00,0.0,0.000,0.002,17.949,33.708,0.00
1786239320,bench_mixed,0.00,0.00,0.0,0.000,0.002,17.949,33.708,0.00
1786239325,bench_mixed,0.00,0.00,0.0,0.000,0.002,17.951,33.705,0.00
1786239330,bench_mixed,0.00,0.00,0.0,0.000,0.002,17.952,33.703,0.00
1786239335,bench_mixed,0.00,0.00,0.0,0.000,0.002,17.952,33.703,0.00
1786239340,bench_mixed,0.00,0.00,0.0,0.000,0.002,17.954,33.701,0.00
1786239345,bench_mixed,0.00,0.00,0.0,0.000,0.002,17.954,33.701,0.00
1786239350,bench_mixed,0.00,0.00,0.0,0.000,0.002,17.954,33.701,0.00
1786239355,bench_mixed,0.00,0.00,0.0,0.000,0.002,17.955,33.701,0.00
1786239360,bench_mixed,0.00,0.00,0.0,0.000,0.002,17.955,33.701,0.00
1786239365,bench_mixed,0.00,0.00,0.0,0.000,0.002,17.955,33.702,0.00
1786239370,bench_mixed,0.00,0.00,0.0,0.000,0.002,17.956,33.693,0.03
1786239375,bench_mixed,0.00,0.00,0.0,0.000,0.002,17.956,33.692,0.00
1786239380,bench_mixed,0.00,0.00,0.0,0.000,0.002,17.956,33.693,0.00
1786239385,bench_mixed,0.00,0.00,0.0,0.000,0.002,17.956,33.694,0.00
1786239390,bench_mixed,0.00,0.00,0.0,0.000,0.002,18.035,33.616,0.00
1786239396,bench_mixed,0.00,0.00,0.0,0.000,0.002,18.389,33.258,0.00
1786239401,bench_mixed,0.00,0.00,0.0,0.000,0.002,18.759,33.127,0.00
1786239406,bench_mixed,0.00,0.00,0.0,0.000,0.002,18.822,33.123,0.00
1786239411,bench_mixed,0.00,0.00,0.0,0.000,0.002,18.835,33.119,0.00
1786239416,bench_mixed,0.00,0.00,0.0,0.000,0.002,18.840,33.120,0.00
1786239421,bench_mixed,0.00,0.00,0.0,0.000,0.002,18.841,33.120,0.00
1786239426,bench_mixed,0.00,0.00,0.0,0.000,0.002,18.845,33.118,0.00
1786239431,bench_mixed,0.00,0.00,0.0,0.000,0.002,18.847,33.117,0.00
1786239436,bench_mixed,0.00,0.00,0.0,0.000,0.002,18.847,33.120,0.00
1786239441,bench_mixed,0.00,0.00,0.0,0.000,0.002,18.850,33.117,0.00
1786239446,bench_mixed,0.00,0.00,0.0,0.000,0.002,18.852,33.113,0.00
1786239451,bench_mixed,0.00,0.00,0.0,0.000,0.002,18.852,33.113,0.00
1786239456,bench_mixed,0.00,0.00,0.0,0.000,0.002,18.855,33.113,0.00
1786239461,bench_mixed,0.00,0.00,0.0,0.000,0.002,18.855,33.111,0.00
1786239466,bench_mixed,0.00,0.00,0.0,0.000,0.002,18.856,33.109,0.00
1786239471,bench_mixed,0.00,0.00,0.0,0.000,0.002,18.858,33.107,0.00
1786239476,bench_mixed,0.00,0.00,0.0,0.000,0.002,18.859,33.104,0.00
1786239481,bench_mixed,0.00,0.00,0.0,0.000,0.002,18.860,33.103,0.00
1786239487,bench_mixed,0.00,0.00,0.0,0.000,0.002,18.861,33.101,0.00
1786239492,bench_mixed,0.00,0.00,0.0,0.000,0.002,18.862,33.100,0.00
1786239497,bench_mixed,0.00,0.00,0.0,0.000,0.002,18.862,33.098,0.00
1786239502,bench_mixed,0.00,0.00,0.0,0.000,0.002,18.863,33.097,0.00
1786239507,bench_mixed,0.00,0.00,0.0,0.000,0.002,18.863,33.095,0.00
1786239512,bench_mixed,0.00,0.00,0.0,0.000,0.002,18.863,33.096,0.00
1786239517,bench_mixed,0.00,0.00,0.0,0.000,0.002,18.864,33.095,0.00
1786239522,bench_mixed,0.00,0.00,0.0,0.000,0.002,18.865,33.094,0.00
1786239527,bench_mixed,0.00,0.00,0.0,0.000,0.002,18.865,33.097,0.00
1786239532,bench_mixed,0.00,0.00,0.0,0.000,0.002,18.865,33.097,0.00
1786239537,bench_mixed,0.00,0.00,0.0,0.000,0.002,19.011,32.952,0.00
1786239542,bench_mixed,0.00,0.00,0.0,0.000,0.002,19.424,32.537,0.00
1786239547,bench_mixed,0.00,0.00,0.0,0.000,0.002,19.688,32.533,0.00
1786239552,bench_mixed,0.00,0.00,0.0,0.000,0.002,19.725,32.531,0.00
1786239557,bench_mixed,0.00,0.00,0.0,0.000,0.002,19.738,32.527,0.00
1786239562,bench_mixed,0.00,0.00,0.0,0.000,0.002,19.744,32.526,0.00
1786239567,bench_mixed,0.00,0.00,0.0,0.000,0.002,19.748,32.524,0.00
1786239572,bench_mixed,0.00,0.00,0.0,0.000,0.002,19.748,32.525,0.00
1786239577,bench_mixed,0.00,0.00,0.0,0.000,0.002,19.750,32.521,0.00
1786239583,bench_mixed,0.00,0.00,0.0,0.000,0.002,19.752,32.520,0.00
1786239588,bench_mixed,0.00,0.00,0.0,0.000,0.002,19.753,32.519,0.00
1786239593,bench_mixed,0.00,0.00,0.0,0.000,0.002,19.754,32.517,0.00
1786239598,bench_mixed,0.00,0.00,0.0,0.000,0.002,19.756,32.516,0.00
1786239603,bench_mixed,0.00,0.00,0.0,0.000,0.002,19.756,32.516,0.00
1786239608,bench_mixed,0.00,0.00,0.0,0.000,0.002,19.758,32.513,0.00
1786239613,bench_mixed,0.00,0.00,0.0,0.000,0.002,19.759,32.513,0.00
1786239618,bench_mixed,0.00,0.00,0.0,0.000,0.002,19.760,32.511,0.00
1786239623,bench_mixed,0.00,0.00,0.0,0.000,0.002,19.760,32.511,0.00
1786239628,bench_mixed,0.00,0.00,0.0,0.000,0.002,19.763,32.507,0.00
1786239633,bench_mixed,0.00,0.00,0.0,0.000,0.002,19.764,32.507,0.00
1786239638,bench_mixed,0.00,0.00,0.0,0.000,0.002,19.764,32.505,0.00
1786239643,bench_mixed,0.00,0.00,0.0,0.000,0.002,19.765,32.503,0.00
1786239648,bench_mixed,0.00,0.00,0.0,0.000,0.002,19.765,32.501,0.00
1786239653,bench_mixed,0.00,0.00,0.0,0.000,0.002,19.765,32.504,0.00
1786239658,bench_mixed,0.00,0.00,0.0,0.000,0.002,19.767,32.505,0.00
1786239663,bench_mixed,0.00,0.00,0.0,0.000,0.002,19.767,32.503,0.00
1786239668,bench_mixed,0.00,0.00,0.0,0.000,0.002,19.767,32.502,0.00
1786239674,bench_mixed,0.00,0.00,0.0,0.000,0.002,19.767,32.494,0.03
1786239679,bench_mixed,0.00,0.00,0.0,0.000,0.002,19.767,32.493,0.00
1786239684,bench_mixed,0.00,0.00,0.0,0.000,0.002,19.875,32.388,0.00
1786239689,bench_mixed,0.00,0.00,0.0,0.000,0.002,20.302,31.960,0.00
1786239694,bench_mixed,0.00,0.00,0.0,0.000,0.002,20.591,31.932,0.00
1786239699,bench_mixed,0.00,0.00,0.0,0.000,0.002,20.630,31.931,0.00
1786239704,bench_mixed,0.00,0.00,0.0,0.000,0.002,20.642,31.930,0.00
1786239709,bench_mixed,0.00,0.00,0.0,0.000,0.002,20.651,31.926,0.00
1786239714,bench_mixed,0.00,0.00,0.0,0.000,0.002,20.651,31.925,0.00
1786239719,bench_mixed,0.00,0.00,0.0,0.000,0.002,20.653,31.924,0.00
1786239724,bench_mixed,0.00,0.00,0.0,0.000,0.002,20.655,31.922,0.00
1786239729,bench_mixed,0.00,0.00,0.0,0.000,0.002,20.656,31.921,0.00
1786239734,bench_mixed,0.00,0.00,0.0,0.000,0.002,20.657,31.921,0.00
1786239739,bench_mixed,0.00,0.00,0.0,0.000,0.002,20.658,31.918,0.00
1786239744,bench_mixed,0.00,0.00,0.0,0.000,0.002,20.660,31.914,0.00
1786239749,bench_mixed,0.00,0.00,0.0,0.000,0.002,20.660,31.914,0.00
1786239754,bench_mixed,0.00,0.00,0.0,0.000,0.002,20.662,31.910,0.00
1786239759,bench_mixed,0.00,0.00,0.0,0.000,0.002,20.662,31.909,0.00
1786239764,bench_mixed,0.00,0.00,0.0,0.000,0.002,20.663,31.910,0.00
1786239770,bench_mixed,0.00,0.00,0.0,0.000,0.002,20.664,31.909,0.00
1786239775,bench_mixed,0.00,0.00,0.0,0.000,0.002,20.666,31.908,0.00
1786239780,bench_mixed,0.00,0.00,0.0,0.000,0.002,20.666,31.908,0.00
1786239785,bench_mixed,0.00,0.00,0.0,0.000,0.002,20.666,31.907,0.00
1786239790,bench_mixed,0.00,0.00,0.0,0.000,0.002,20.668,31.905,0.00
1786239795,bench_mixed,0.00,0.00,0.0,0.000,0.002,20.668,31.905,0.00
1786239800,bench_mixed,0.00,0.00,0.0,0.000,0.002,20.668,31.905,0.00
1786239805,bench_mixed,0.00,0.00,0.0,0.000,0.002,20.668,31.904,0.00
1786239810,bench_mixed,0.00,0.00,0.0,0.000,0.002,20.669,31.903,0.00
1786239815,bench_mixed,0.00,0.00,0.0,0.000,0.002,20.669,31.906,0.00
1786239820,bench_mixed,0.00,0.00,0.0,0.000,0.002,20.669,31.906,0.00
1786239825,bench_mixed,0.00,0.00,0.0,0.000,0.002,20.670,31.909,0.00
1786239830,bench_mixed,0.00,0.00,0.0,0.000,0.002,20.831,31.749,0.00
1786239835,bench_mixed,0.00,0.00,0.0,0.000,0.002,21.232,31.348,0.00
1786239840,bench_mixed,0.00,0.00,0.0,0.000,0.002,21.509,31.347,0.00
1786239845,bench_mixed,0.00,0.00,0.0,0.000,0.002,21.538,31.343,0.00
1786239850,bench_mixed,0.00,0.00,0.0,0.000,0.002,21.549,31.342,0.00
1786239855,bench_mixed,0.00,0.00,0.0,0.000,0.002,21.552,31.339,0.00
1786239861,bench_mixed,0.00,0.00,0.0,0.000,0.002,21.555,31.337,0.00
1786239866,bench_mixed,0.00,0.00,0.0,0.000,0.002,21.555,31.338,0.00
1786239871,bench_mixed,0.00,0.00,0.0,0.000,0.002,21.558,31.335,0.00
1786239876,bench_mixed,0.00,0.00,0.0,0.000,0.002,21.560,31.333,0.00
1786239881,bench_mixed,0.00,0.00,0.0,0.000,0.002,21.560,31.331,0.00
1786239886,bench_mixed,0.00,0.00,0.0,0.000,0.002,21.561,31.330,0.00
1786239891,bench_mixed,0.00,0.00,0.0,0.000,0.002,21.564,31.327,0.00
1786239896,bench_mixed,0.00,0.00,0.0,0.000,0.002,21.564,31.326,0.00
1786239901,bench_mixed,0.00,0.00,0.0,0.000,0.002,21.564,31.326,0.00
1786239906,bench_mixed,0.00,0.00,0.0,0.000,0.002,21.567,31.324,0.00
1786239911,bench_mixed,0.00,0.00,0.0,0.000,0.002,21.567,31.324,0.00
1786239916,bench_mixed,0.00,0.00,0.0,0.000,0.002,21.568,31.323,0.00
1786239921,bench_mixed,0.00,0.00,0.0,0.000,0.002,21.569,31.321,0.00
1786239926,bench_mixed,0.00,0.00,0.0,0.000,0.002,21.571,31.319,0.00
1786239931,bench_mixed,0.00,0.00,0.0,0.000,0.002,21.572,31.320,0.00
1786239936,bench_mixed,0.00,0.00,0.0,0.000,0.002,21.572,31.316,0.00
1786239941,bench_mixed,0.00,0.00,0.0,0.000,0.002,21.573,31.315,0.00
1786239946,bench_mixed,0.00,0.00,0.0,0.000,0.002,21.573,31.313,0.00
1786239952,bench_mixed,0.00,0.00,0.0,0.000,0.002,21.573,31.313,0.00
1786239957,bench_mixed,0.00,0.00,0.0,0.000,0.002,21.573,31.312,0.00
1786239962,bench_mixed,0.00,0.00,0.0,0.000,0.002,21.574,31.310,0.00
1786239967,bench_mixed,0.00,0.00,0.0,0.000,0.002,21.574,31.309,0.00
1786239972,bench_mixed,0.00,0.00,0.0,0.000,0.002,21.708,31.167,0.03
1786239977,bench_mixed,0.00,0.00,0.0,0.000,0.002,22.137,30.737,0.00
1786239982,bench_mixed,0.00,0.00,0.0,0.000,0.002,22.358,30.738,0.00
1786239987,bench_mixed,0.00,0.00,0.0,0.000,0.002,22.435,30.735,0.00
1786239992,bench_mixed,0.00,0.00,0.0,0.000,0.002,22.446,30.732,0.00
1786239997,bench_mixed,0.00,0.00,0.0,0.000,0.002,22.456,30.731,0.00
1786240002,bench_mixed,0.00,0.00,0.0,0.000,0.002,22.457,30.731,0.00
1786240007,bench_mixed,0.00,0.00,0.0,0.000,0.002,22.460,30.730,0.00
1786240012,bench_mixed,0.00,0.00,0.0,0.000,0.002,22.464,30.729,0.00
1786240017,bench_mixed,0.00,0.00,0.0,0.000,0.002,22.466,30.728,0.00
1786240022,bench_mixed,0.00,0.00,0.0,0.000,0.002,22.466,30.728,0.00
1786240027,bench_mixed,0.00,0.00,0.0,0.000,0.002,22.470,30.726,0.00
1786240032,bench_mixed,0.00,0.00,0.0,0.000,0.002,22.472,30.725,0.00
1786240037,bench_mixed,0.00,0.00,0.0,0.000,0.002,22.472,30.724,0.00
1786240043,bench_mixed,0.00,0.00,0.0,0.000,0.002,22.473,30.722,0.00
1786240048,bench_mixed,0.00,0.00,0.0,0.000,0.002,22.475,30.721,0.00
1786240053,bench_mixed,0.00,0.00,0.0,0.000,0.002,22.476,30.722,0.00
1786240058,bench_mixed,0.00,0.00,0.0,0.000,0.002,22.476,30.722,0.00
1786240063,bench_mixed,0.00,0.00,0.0,0.000,0.002,22.478,30.723,0.00
1786240068,bench_mixed,0.00,0.00,0.0,0.000,0.002,22.478,30.721,0.00
1786240073,bench_mixed,0.00,0.00,0.0,0.000,0.002,22.479,30.719,0.00
1786240078,bench_mixed,0.00,0.00,0.0,0.000,0.002,22.480,30.719,0.00
1786240083,bench_mixed,0.00,0.00,0.0,0.000,0.002,22.481,30.718,0.00
1786240088,bench_mixed,0.00,0.00,0.0,0.000,0.002,22.481,30.718,0.00
1786240093,bench_mixed,0.00,0.00,0.0,0.000,0.002,22.481,30.716,0.00
1786240098,bench_mixed,0.00,0.00,0.0,0.000,0.002,22.482,30.716,0.00
1786240103,bench_mixed,0.00,0.00,0.0,0.000,0.002,22.482,30.716,0.00
1786240108,bench_mixed,0.00,0.00,0.0,0.000,0.002,22.482,30.716,0.00
1786240113,bench_mixed,0.00,0.00,0.0,0.000,0.002,22.482,30.717,0.00
1786240118,bench_mixed,0.00,0.00,0.0,0.000,0.002,22.631,30.569,0.00
1786240123,bench_mixed,0.00,0.00,0.0,0.000,0.002,23.041,30.158,0.00
1786240128,bench_mixed,0.00,0.00,0.0,0.000,0.002,23.309,30.157,0.00
1786240133,bench_mixed,0.00,0.00,0.0,0.000,0.002,23.346,30.155,0.00
1786240139,bench_mixed,0.00,0.00,0.0,0.000,0.002,23.350,30.155,0.00
1786240144,bench_mixed,0.00,0.00,0.0,0.000,0.002,23.361,30.150,0.00
1786240149,bench_mixed,0.00,0.00,0.0,0.000,0.002,23.362,30.149,0.00
1786240154,bench_mixed,0.00,0.00,0.0,0.000,0.002,23.366,30.146,0.00
1786240159,bench_mixed,0.00,0.00,0.0,0.000,0.002,23.366,30.146,0.00
1786240164,bench_mixed,0.00,0.00,0.0,0.000,0.002,23.368,30.144,0.00
1786240169,bench_mixed,0.00,0.00,0.0,0.000,0.002,23.370,30.143,0.00
1786240174,bench_mixed,0.00,0.00,0.0,0.000,0.002,23.372,30.140,0.00
1786240179,bench_mixed,0.00,0.00,0.0,0.000,0.002,23.372,30.140,0.00
1786240184,bench_mixed,0.00,0.00,0.0,0.000,0.002,23.374,30.137,0.00
1786240189,bench_mixed,0.00,0.00,0.0,0.000,0.002,23.375,30.136,0.00
1786240194,bench_mixed,0.00,0.00,0.0,0.000,0.002,23.375,30.134,0.00
1786240199,bench_mixed,0.00,0.00,0.0,0.000,0.002,23.375,30.134,0.00
1786240204,bench_mixed,0.00,0.00,0.0,0.000,0.002,23.377,30.132,0.00
1786240209,bench_mixed,0.00,0.00,0.0,0.000,0.002,23.378,30.132,0.00
1786240214,bench_mixed,0.00,0.00,0.0,0.000,0.002,23.379,30.133,0.00
1786240219,bench_mixed,0.00,0.00,0.0,0.000,0.002,23.379,30.133,0.00
1786240224,bench_mixed,0.00,0.00,0.0,0.000,0.002,23.382,30.130,0.00
1786240230,bench_mixed,0.00,0.00,0.0,0.000,0.002,23.382,30.130,0.00
1786240235,bench_mixed,0.00,0.00,0.0,0.000,0.002,23.383,30.130,0.00
1786240240,bench_mixed,0.00,0.00,0.0,0.000,0.002,23.383,30.130,0.00
1786240245,bench_mixed,0.00,0.00,0.0,0.000,0.002,23.384,30.127,0.00
1786240250,bench_mixed,0.00,0.00,0.0,0.000,0.002,23.384,30.128,0.00
1786240255,bench_mixed,0.00,0.00,0.0,0.000,0.002,23.384,30.125,0.00
1786240260,bench_mixed,0.00,0.00,0.0,0.000,0.002,23.511,29.998,0.00
1786240265,bench_mixed,0.00,0.00,0.0,0.000,0.002,23.946,29.562,0.00
1786240270,bench_mixed,0.00,0.00,0.0,0.000,0.002,24.192,29.552,0.02
1786240275,bench_mixed,0.00,0.00,0.0,0.000,0.002,24.241,29.549,0.01
1786240280,bench_mixed,0.00,0.00,0.0,0.000,0.002,24.258,29.548,0.00
1786240285,bench_mixed,0.00,0.00,0.0,0.000,0.002,24.264,29.545,0.00
1786240290,bench_mixed,0.00,0.00,0.0,0.000,0.002,24.270,29.543,0.00
1786240295,bench_mixed,0.00,0.00,0.0,0.000,0.002,24.272,29.542,0.00
1786240300,bench_mixed,0.00,0.00,0.0,0.000,0.002,24.274,29.541,0.00
1786240305,bench_mixed,0.00,0.00,0.0,0.000,0.002,24.275,29.539,0.00
1786240310,bench_mixed,0.00,0.00,0.0,0.000,0.002,24.276,29.538,0.00
1786240315,bench_mixed,0.00,0.00,0.0,0.000,0.002,24.278,29.536,0.00
1786240321,bench_mixed,0.00,0.00,0.0,0.000,0.002,24.279,29.536,0.00
1786240326,bench_mixed,0.00,0.00,0.0,0.000,0.002,24.279,29.535,0.00
1786240331,bench_mixed,0.00,0.00,0.0,0.000,0.002,24.281,29.535,0.00
1786240336,bench_mixed,0.00,0.00,0.0,0.000,0.002,24.282,29.533,0.00
1786240341,bench_mixed,0.00,0.00,0.0,0.000,0.002,24.283,29.533,0.00
1786240346,bench_mixed,0.00,0.00,0.0,0.000,0.002,24.283,29.531,0.00
1786240351,bench_mixed,0.00,0.00,0.0,0.000,0.002,24.284,29.531,0.00
1786240356,bench_mixed,0.00,0.00,0.0,0.000,0.002,24.286,29.529,0.00
1786240361,bench_mixed,0.00,0.00,0.0,0.000,0.002,24.286,29.529,0.00
1786240366,bench_mixed,0.00,0.00,0.0,0.000,0.002,24.287,29.529,0.00
1786240371,bench_mixed,0.00,0.00,0.0,0.000,0.002,24.287,29.528,0.00
1786240376,bench_mixed,0.00,0.00,0.0,0.000,0.002,24.288,29.527,0.00
1786240381,bench_mixed,0.00,0.00,0.0,0.000,0.002,24.288,29.528,0.00
1786240386,bench_mixed,0.00,0.00,0.0,0.000,0.002,24.288,29.526,0.00
1786240391,bench_mixed,0.00,0.00,0.0,0.000,0.002,24.289,29.526,0.00
1786240396,bench_mixed,0.00,0.00,0.0,0.000,0.002,24.289,29.525,0.00
1786240401,bench_mixed,0.00,0.00,0.0,0.000,0.002,24.290,29.526,0.00
1786240406,bench_mixed,0.00,0.00,0.0,0.000,0.002,24.446,29.372,0.00
1786240411,bench_mixed,0.00,0.00,0.0,0.000,0.002,24.848,28.968,0.00
1786240417,bench_mixed,0.00,0.00,0.0,0.000,0.002,25.106,28.967,0.00
1786240422,bench_mixed,0.00,0.00,0.0,0.000,0.002,25.149,28.960,0.00
1786240427,bench_mixed,0.00,0.00,0.0,0.000,0.002,25.159,28.958,0.00
1786240432,bench_mixed,0.00,0.00,0.0,0.000,0.002,25.163,28.956,0.00
1786240437,bench_mixed,0.00,0.00,0.0,0.000,0.002,25.166,28.956,0.00
1786240442,bench_mixed,0.00,0.00,0.0,0.000,0.002,25.172,28.955,0.00
1786240447,bench_mixed,0.00,0.00,0.0,0.000,0.002,25.174,28.954,0.00
1786240452,bench_mixed,0.00,0.00,0.0,0.000,0.002,25.176,28.952,0.00
1786240457,bench_mixed,0.00,0.00,0.0,0.000,0.002,25.176,28.952,0.00
1786240462,bench_mixed,0.00,0.00,0.0,0.000,0.002,25.177,28.950,0.00
1786240467,bench_mixed,0.00,0.00,0.0,0.000,0.002,25.178,28.949,0.00
1786240472,bench_mixed,0.00,0.00,0.0,0.000,0.002,25.180,28.947,0.00
1786240477,bench_mixed,0.00,0.00,0.0,0.000,0.002,25.180,28.947,0.00
1786240482,bench_mixed,0.00,0.00,0.0,0.000,0.002,25.181,28.944,0.00
1786240487,bench_mixed,0.00,0.00,0.0,0.000,0.002,25.183,28.944,0.00
1786240492,bench_mixed,0.00,0.00,0.0,0.000,0.002,25.183,28.942,0.00
1786240497,bench_mixed,0.00,0.00,0.0,0.000,0.002,25.183,28.942,0.00
1786240502,bench_mixed,0.00,0.00,0.0,0.000,0.002,25.185,28.937,0.00
1786240508,bench_mixed,0.00,0.00,0.0,0.000,0.002,25.186,28.935,0.00
1786240513,bench_mixed,0.00,0.00,0.0,0.000,0.002,25.187,28.932,0.00
1786240518,bench_mixed,0.00,0.00,0.0,0.000,0.002,25.187,28.932,0.00
1786240523,bench_mixed,0.00,0.00,0.0,0.000,0.002,25.187,28.930,0.00
1786240528,bench_mixed,0.00,0.00,0.0,0.000,0.002,25.188,28.930,0.00
1786240533,bench_mixed,0.00,0.00,0.0,0.000,0.002,25.188,28.929,0.00
1786240538,bench_mixed,0.00,0.00,0.0,0.000,0.002,25.188,28.929,0.00
1786240543,bench_mixed,0.00,0.00,0.0,0.000,0.002,25.189,28.927,0.00
1786240548,bench_mixed,0.00,0.00,0.0,0.000,0.002,25.189,28.926,0.00
1786240553,bench_mixed,0.00,0.00,0.0,0.000,0.002,25.361,28.756,0.00
1786240558,bench_mixed,0.00,0.00,0.0,0.000,0.002,25.813,28.361,0.00
1786240563,bench_mixed,0.00,0.00,0.0,0.000,0.002,26.139,28.250,0.00
1786240568,bench_mixed,0.00,0.00,0.0,0.000,0.002,26.189,28.223,0.00
1786240573,bench_mixed,0.00,0.00,0.0,0.000,0.002,26.215,28.201,0.03
1786240578,bench_mixed,0.00,0.00,0.0,0.000,0.002,26.244,28.176,0.00
1786240583,bench_mixed,0.00,0.00,0.0,0.000,0.002,26.335,28.090,0.00
1786240588,bench_mixed,0.00,0.00,0.0,0.000,0.002,26.384,28.041,0.00
1786240593,bench_mixed,0.00,0.00,0.0,0.000,0.002,26.398,28.027,0.00
1786240598,bench_mixed,0.00,0.00,0.0,0.000,0.002,26.418,28.007,0.00
1786240604,bench_mixed,0.00,0.00,0.0,0.000,0.002,26.434,27.992,0.00
1786240609,bench_mixed,0.00,0.00,0.0,0.000,0.002,26.448,27.978,0.00
1786240614,bench_mixed,0.00,0.00,0.0,0.000,0.002,26.452,27.974,0.00
1786240619,bench_mixed,0.00,0.00,0.0,0.000,0.002,26.464,27.962,0.00
1786240624,bench_mixed,0.00,0.00,0.0,0.000,0.002,26.478,27.947,0.00
1786240629,bench_mixed,0.00,0.00,0.0,0.000,0.002,26.486,27.940,0.00
1786240634,bench_mixed,0.00,0.00,0.0,0.000,0.002,26.486,27.942,0.00
1786240639,bench_mixed,0.00,0.00,0.0,0.000,0.002,26.487,27.941,0.00
1786240644,bench_mixed,0.00,0.00,0.0,0.000,0.002,26.493,27.937,0.00
1786240649,bench_mixed,0.00,0.00,0.0,0.000,0.002,26.501,27.927,0.00
1786240654,bench_mixed,0.00,0.00,0.0,0.000,0.002,26.506,27.921,0.00
1786240659,bench_mixed,0.00,0.00,0.0,0.000,0.002,26.521,27.905,0.00
1786240664,bench_mixed,0.00,0.00,0.0,0.000,0.002,26.530,27.899,0.00
1786240669,bench_mixed,0.00,0.00,0.0,0.000,0.002,26.534,27.897,0.00
1786240674,bench_mixed,0.00,0.00,0.0,0.000,0.002,26.537,27.893,0.00
1786240679,bench_mixed,0.00,0.00,0.0,0.000,0.002,26.541,27.889,0.00
1786240684,bench_mixed,0.00,0.00,0.0,0.000,0.002,26.546,27.884,0.00
1786240689,bench_mixed,0.00,0.00,0.0,0.000,0.002,26.546,27.884,0.00
1786240695,bench_mixed,0.00,0.00,0.0,0.000,0.002,26.603,27.824,0.00
1786240700,bench_mixed,0.00,0.00,0.0,0.000,0.002,26.782,27.645,0.00
1786240705,bench_mixed,0.00,0.00,0.0,0.000,0.002,27.276,27.312,0.00
1786240710,bench_mixed,0.00,0.00,0.0,0.000,0.002,27.395,27.303,0.00
1786240715,bench_mixed,0.00,0.00,0.0,0.000,0.002,27.588,27.144,0.00
1786240720,bench_mixed,0.00,0.00,0.0,0.000,0.002,27.619,27.119,0.00
1786240725,bench_mixed,0.00,0.00,0.0,0.000,0.002,27.733,27.004,0.00
1786240730,bench_mixed,0.00,0.00,0.0,0.000,0.002,27.756,26.983,0.00
1786240735,bench_mixed,0.00,0.00,0.0,0.000,0.002,27.772,26.968,0.00
1786240740,bench_mixed,0.00,0.00,0.0,0.000,0.002,27.798,26.941,0.00
1786240745,bench_mixed,0.00,0.00,0.0,0.000,0.002,27.800,26.939,0.00
1786240750,bench_mixed,0.00,0.00,0.0,0.000,0.002,27.805,26.935,0.00
1786240755,bench_mixed,0.00,0.00,0.0,0.000,0.002,27.818,26.920,0.00
1786240760,bench_mixed,0.00,0.00,0.0,0.000,0.002,27.843,26.896,0.00
1786240765,bench_mixed,0.00,0.00,0.0,0.000,0.002,27.844,26.890,0.00
1786240770,bench_mixed,0.00,0.00,0.0,0.000,0.002,27.847,26.892,0.00
1786240775,bench_mixed,0.00,0.00,0.0,0.000,0.002,27.852,26.887,0.00
1786240780,bench_mixed,0.00,0.00,0.0,0.000,0.002,27.874,26.862,0.00
1786240785,bench_mixed,0.00,0.00,0.0,0.000,0.002,27.876,26.860,0.00
1786240791,bench_mixed,0.00,0.00,0.0,0.000,0.002,27.877,26.857,0.00
1786240796,bench_mixed,0.00,0.00,0.0,0.000,0.002,27.882,26.853,0.00
1786240801,bench_mixed,0.00,0.00,0.0,0.000,0.002,27.902,26.833,0.00
1786240806,bench_mixed,0.00,0.00,0.0,0.000,0.002,27.918,26.817,0.00
1786240811,bench_mixed,0.00,0.00,0.0,0.000,0.002,27.928,26.807,0.00
1786240816,bench_mixed,0.00,0.00,0.0,0.000,0.002,27.929,26.808,0.00
1786240821,bench_mixed,0.00,0.00,0.0,0.000,0.002,27.931,26.804,0.00
1786240826,bench_mixed,0.00,0.00,0.0,0.000,0.002,27.936,26.800,0.00
1786240831,bench_mixed,0.00,0.00,0.0,0.000,0.002,27.937,26.800,0.00
1786240836,bench_mixed,0.00,0.00,0.0,0.000,0.002,27.937,26.801,0.00
1786240841,bench_mixed,0.00,0.00,0.0,0.000,0.002,28.073,26.664,0.00
1786240846,bench_mixed,0.00,0.00,0.0,0.000,0.002,28.500,26.239,0.00
1786240851,bench_mixed,0.00,0.00,0.0,0.000,0.002,28.701,26.235,0.00
1786240856,bench_mixed,0.00,0.00,0.0,0.000,0.002,28.839,26.181,0.00
1786240861,bench_mixed,0.00,0.00,0.0,0.000,0.002,28.869,26.169,0.00
1786240866,bench_mixed,0.00,0.00,0.0,0.000,0.002,28.907,26.138,0.00
1786240871,bench_mixed,0.00,0.00,0.0,0.000,0.002,28.913,26.127,0.03
1786240876,bench_mixed,0.00,0.00,0.0,0.000,0.002,28.926,26.116,0.00
1786240881,bench_mixed,0.00,0.00,0.0,0.000,0.002,28.930,26.114,0.00
1786240887,bench_mixed,0.00,0.00,0.0,0.000,0.002,28.937,26.109,0.00
1786240892,bench_mixed,0.00,0.00,0.0,0.000,0.002,28.941,26.105,0.00
1786240897,bench_mixed,0.00,0.00,0.0,0.000,0.002,28.941,26.104,0.00
1786240902,bench_mixed,0.00,0.00,0.0,0.000,0.002,28.965,26.082,0.00
1786240907,bench_mixed,0.00,0.00,0.0,0.000,0.002,28.996,26.051,0.00
1786240912,bench_mixed,0.00,0.00,0.0,0.000,0.002,29.019,26.029,0.00
1786240917,bench_mixed,0.00,0.00,0.0,0.000,0.002,29.043,26.005,0.00
1786240922,bench_mixed,0.00,0.00,0.0,0.000,0.002,29.046,25.999,0.00
1786240927,bench_mixed,0.00,0.00,0.0,0.000,0.002,29.066,25.978,0.00
1786240932,bench_mixed,0.00,0.00,0.0,0.000,0.002,29.069,25.975,0.00
1786240937,bench_mixed,0.00,0.00,0.0,0.000,0.002,29.071,25.973,0.00
1786240942,bench_mixed,0.00,0.00,0.0,0.000,0.002,29.071,25.974,0.00
1786240947,bench_mixed,0.00,0.00,0.0,0.000,0.002,29.079,25.965,0.00
1786240952,bench_mixed,0.00,0.00,0.0,0.000,0.002,29.086,25.958,0.00
1786240957,bench_mixed,0.00,0.00,0.0,0.000,0.002,29.088,25.957,0.00
1786240962,bench_mixed,0.00,0.00,0.0,0.000,0.002,29.088,25.955,0.00
1786240967,bench_mixed,0.00,0.00,0.0,0.000,0.002,29.090,25.951,0.00
1786240972,bench_mixed,0.00,0.00,0.0,0.000,0.002,29.092,25.950,0.00
1786240977,bench_mixed,0.00,0.00,0.0,0.000,0.002,29.100,25.942,0.00
1786240983,bench_mixed,0.00,0.00,0.0,0.000,0.002,29.102,25.940,0.00
1786240988,bench_mixed,0.00,0.00,0.0,0.000,0.002,29.271,25.772,0.00
1786240993,bench_mixed,0.00,0.00,0.0,0.000,0.002,29.669,25.373,0.00
1786240998,bench_mixed,0.00,0.00,0.0,0.000,0.002,29.691,25.352,0.00
1786241003,bench_mixed,0.00,0.00,0.0,0.000,0.002,29.780,25.260,0.00
1786241008,bench_mixed,0.00,0.00,0.0,0.000,0.002,29.797,25.247,0.00
1786241013,bench_mixed,0.00,0.00,0.0,0.000,0.002,29.805,25.241,0.00
1786241018,bench_mixed,0.00,0.00,0.0,0.000,0.002,29.808,25.240,0.00
1786241023,bench_mixed,0.00,0.00,0.0,0.000,0.002,29.834,25.211,0.00
1786241028,bench_mixed,0.00,0.00,0.0,0.000,0.002,29.843,25.200,0.00
1786241033,bench_mixed,0.00,0.00,0.0,0.000,0.002,29.850,25.191,0.00
1786241038,bench_mixed,0.00,0.00,0.0,0.000,0.002,29.857,25.183,0.00
1786241043,bench_mixed,0.00,0.00,0.0,0.000,0.002,29.871,25.168,0.00
1786241048,bench_mixed,0.00,0.00,0.0,0.000,0.002,29.880,25.159,0.00
1786241053,bench_mixed,0.00,0.00,0.0,0.000,0.002,29.883,25.155,0.00
1786241058,bench_mixed,0.00,0.00,0.0,0.000,0.002,29.887,25.150,0.00
1786241063,bench_mixed,0.00,0.00,0.0,0.000,0.002,29.897,25.138,0.00
1786241068,bench_mixed,0.00,0.00,0.0,0.000,0.002,29.903,25.132,0.00
1786241073,bench_mixed,0.00,0.00,0.0,0.000,0.002,29.903,25.133,0.00
1786241079,bench_mixed,0.00,0.00,0.0,0.000,0.002,29.904,25.131,0.00
1786241084,bench_mixed,0.00,0.00,0.0,0.000,0.002,29.908,25.127,0.00
1786241089,bench_mixed,0.00,0.00,0.0,0.000,0.002,29.913,25.120,0.00
1786241094,bench_mixed,0.00,0.00,0.0,0.000,0.002,29.915,25.119,0.00
1786241099,bench_mixed,0.00,0.00,0.0,0.000,0.002,29.920,25.114,0.00
1786241104,bench_mixed,0.00,0.00,0.0,0.000,0.002,29.922,25.117,0.00
1786241109,bench_mixed,0.00,0.00,0.0,0.000,0.002,29.924,25.115,0.00
1786241114,bench_mixed,0.00,0.00,0.0,0.000,0.002,29.924,25.113,0.00
1786241119,bench_mixed,0.00,0.00,0.0,0.000,0.002,29.937,25.100,0.00
1786241124,bench_mixed,0.00,0.00,0.0,0.000,0.002,29.938,25.094,0.00
1786241129,bench_mixed,0.00,0.00,0.0,0.000,0.002,29.938,25.103,0.00
1786241134,bench_mixed,0.00,0.00,0.0,0.000,0.002,30.108,24.935,0.00
1786241139,bench_mixed,0.00,0.00,0.0,0.000,0.002,30.497,24.547,0.00
1786241144,bench_mixed,0.00,0.00,0.0,0.000,0.002,30.498,24.544,0.00
1786241149,bench_mixed,0.00,0.00,0.0,0.000,0.002,30.507,24.534,0.00
1786241154,bench_mixed,0.00,0.00,0.0,0.000,0.002,30.510,24.532,0.00
1786241159,bench_mixed,0.00,0.00,0.0,0.000,0.002,30.512,24.530,0.00
1786241164,bench_mixed,0.00,0.00,0.0,0.000,0.002,30.515,24.526,0.00
1786241169,bench_mixed,0.00,0.00,0.0,0.000,0.002,30.518,24.517,0.01
1786241175,bench_mixed,0.00,0.00,0.0,0.000,0.002,30.519,24.513,0.02
1786241180,bench_mixed,0.00,0.00,0.0,0.000,0.002,30.520,24.512,0.00
1786241185,bench_mixed,0.00,0.00,0.0,0.000,0.002,30.526,24.506,0.00
1786241190,bench_mixed,0.00,0.00,0.0,0.000,0.002,30.534,24.500,0.00
1786241195,bench_mixed,0.00,0.00,0.0,0.000,0.002,30.536,24.499,0.00
1786241200,bench_mixed,0.00,0.00,0.0,0.000,0.002,30.537,24.498,0.00
1786241205,bench_mixed,0.00,0.00,0.0,0.000,0.002,30.540,24.495,0.00
1786241210,bench_mixed,0.00,0.00,0.0,0.000,0.002,30.546,24.486,0.00
1786241215,bench_mixed,0.00,0.00,0.0,0.000,0.002,30.550,24.483,0.00
1786241220,bench_mixed,0.00,0.00,0.0,0.000,0.002,30.550,24.483,0.00
1786241225,bench_mixed,0.00,0.00,0.0,0.000,0.002,30.552,24.480,0.00
1786241230,bench_mixed,0.00,0.00,0.0,0.000,0.002,30.558,24.475,0.00
1786241235,bench_mixed,0.00,0.00,0.0,0.000,0.002,30.565,24.467,0.00
1786241240,bench_mixed,0.00,0.00,0.0,0.000,0.002,30.565,24.468,0.00
1786241245,bench_mixed,0.00,0.00,0.0,0.000,0.002,30.568,24.464,0.00
1786241250,bench_mixed,0.00,0.00,0.0,0.000,0.002,30.575,24.455,0.00
1786241255,bench_mixed,0.00,0.00,0.0,0.000,0.002,30.577,24.453,0.00
1786241260,bench_mixed,0.00,0.00,0.0,0.000,0.002,30.579,24.448,0.00
1786241265,bench_mixed,0.00,0.00,0.0,0.000,0.002,30.585,24.441,0.00
1786241271,bench_mixed,0.00,0.00,0.0,0.000,0.002,30.587,24.442,0.00
1786241276,bench_mixed,0.00,0.00,0.0,0.000,0.002,30.652,24.377,0.00
1786241281,bench_mixed,0.00,0.00,0.0,0.000,0.002,30.833,24.199,0.00
1786241286,bench_mixed,0.00,0.00,0.0,0.000,0.002,31.149,23.880,0.00
1786241291,bench_mixed,0.00,0.00,0.0,0.000,0.002,32.019,23.005,0.00
1786241296,bench_mixed,0.00,0.00,0.0,0.000,0.002,32.424,22.602,0.00
1786241301,bench_mixed,0.00,0.00,0.0,0.000,0.002,32.599,22.430,0.00
1786241306,bench_mixed,0.00,0.00,0.0,0.000,0.002,32.668,22.358,0.00
1786241311,bench_mixed,0.00,0.00,0.0,0.000,0.002,32.749,22.275,0.00
1786241316,bench_mixed,0.00,0.00,0.0,0.000,0.002,32.866,22.159,0.00
1786241321,bench_mixed,0.00,0.00,0.0,0.000,0.002,32.916,22.107,0.00
1786241326,bench_mixed,0.00,0.00,0.0,0.000,0.002,32.944,22.079,0.00
1786241331,bench_mixed,0.00,0.00,0.0,0.000,0.002,32.981,22.045,0.00
1786241336,bench_mixed,0.00,0.00,0.0,0.000,0.002,33.014,22.009,0.00
1786241341,bench_mixed,0.00,0.00,0.0,0.000,0.002,33.052,21.969,0.00
1786241346,bench_mixed,0.00,0.00,0.0,0.000,0.002,33.076,21.944,0.00
1786241351,bench_mixed,0.00,0.00,0.0,0.000,0.002,33.082,21.937,0.00
1786241356,bench_mixed,0.00,0.00,0.0,0.000,0.002,33.121,21.898,0.00
1786241361,bench_mixed,0.00,0.00,0.0,0.000,0.002,33.150,21.873,0.00
1786241367,bench_mixed,0.00,0.00,0.0,0.000,0.002,33.202,21.822,0.00
1786241372,bench_mixed,0.00,0.00,0.0,0.000,0.002,33.207,21.817,0.00
1786241377,bench_mixed,0.00,0.00,0.0,0.000,0.002,33.227,21.798,0.00
1786241382,bench_mixed,0.00,0.00,0.0,0.000,0.002,33.249,21.772,0.00
1786241387,bench_mixed,0.00,0.00,0.0,0.000,0.002,33.260,21.761,0.00
1786241392,bench_mixed,0.00,0.00,0.0,0.000,0.002,33.260,21.761,0.00
1786241397,bench_mixed,0.00,0.00,0.0,0.000,0.002,33.274,21.747,0.00
1786241402,bench_mixed,0.00,0.00,0.0,0.000,0.002,33.285,21.735,0.00
1786241407,bench_mixed,0.00,0.00,0.0,0.000,0.002,33.293,21.729,0.00
1786241412,bench_mixed,0.00,0.00,0.0,0.000,0.002,33.298,21.726,0.00
1786241417,bench_mixed,0.00,0.00,0.0,0.000,0.002,33.313,21.712,0.00
1786241422,bench_mixed,0.00,0.00,0.0,0.000,0.002,33.411,21.613,0.00
1786241427,bench_mixed,0.00,0.00,0.0,0.000,0.002,33.754,21.269,0.00
1786241432,bench_mixed,0.00,0.00,0.0,0.000,0.002,33.880,21.144,0.00
1786241437,bench_mixed,0.00,0.00,0.0,0.000,0.002,33.892,21.133,0.00
1786241442,bench_mixed,0.00,0.00,0.0,0.000,0.002,33.894,21.127,0.00
1786241447,bench_mixed,0.00,0.00,0.0,0.000,0.002,33.908,21.113,0.00
1786241452,bench_mixed,0.00,0.00,0.0,0.000,0.002,33.921,21.100,0.00
1786241458,bench_mixed,0.00,0.00,0.0,0.000,0.002,33.922,21.100,0.00
1786241463,bench_mixed,0.00,0.00,0.0,0.000,0.002,33.935,21.085,0.00
1786241468,bench_mixed,0.00,0.00,0.0,0.000,0.002,33.935,21.083,0.00
1786241473,bench_mixed,0.00,0.00,0.0,0.000,0.002,33.949,21.062,0.03
1786241478,bench_mixed,0.00,0.00,0.0,0.000,0.002,33.958,21.054,0.00
1786241483,bench_mixed,0.00,0.00,0.0,0.000,0.002,33.964,21.049,0.00
1786241488,bench_mixed,0.00,0.00,0.0,0.000,0.002,33.978,21.035,0.00
1786241493,bench_mixed,0.00,0.00,0.0,0.000,0.002,33.991,21.023,0.00
1786241498,bench_mixed,0.00,0.00,0.0,0.000,0.002,33.998,21.017,0.00
1786241503,bench_mixed,0.00,0.00,0.0,0.000,0.002,34.002,21.009,0.00
1786241508,bench_mixed,0.00,0.00,0.0,0.000,0.002,34.002,21.012,0.00
1786241513,bench_mixed,0.00,0.00,0.0,0.000,0.002,34.010,21.005,0.00
1786241518,bench_mixed,0.00,0.00,0.0,0.000,0.002,34.020,20.998,0.00
1786241523,bench_mixed,0.00,0.00,0.0,0.000,0.002,34.025,20.993,0.00
1786241528,bench_mixed,0.00,0.00,0.0,0.000,0.002,34.025,20.997,0.00
1786241533,bench_mixed,0.00,0.00,0.0,0.000,0.002,34.036,20.984,0.00
1786241538,bench_mixed,0.00,0.00,0.0,0.000,0.002,34.042,20.978,0.00
1786241543,bench_mixed,0.00,0.00,0.0,0.000,0.002,34.048,20.971,0.00
1786241548,bench_mixed,0.00,0.00,0.0,0.000,0.002,34.048,20.971,0.00
1786241554,bench_mixed,0.00,0.00,0.0,0.000,0.002,34.053,20.968,0.00
1786241559,bench_mixed,0.00,0.00,0.0,0.000,0.002,34.053,20.968,0.00
1786241564,bench_mixed,0.00,0.00,0.0,0.000,0.002,34.059,20.964,0.00
1786241569,bench_mixed,0.00,0.00,0.0,0.000,0.002,34.161,20.862,0.00
1786241574,bench_mixed,0.00,0.00,0.0,0.000,0.002,34.556,20.469,0.00
1786241579,bench_mixed,0.00,0.00,0.0,0.000,0.002,34.618,20.404,0.00
1786241584,bench_mixed,0.00,0.00,0.0,0.000,0.002,34.618,20.404,0.00
1786241589,bench_mixed,0.00,0.00,0.0,0.000,0.002,34.618,20.405,0.00
1786241594,bench_mixed,0.00,0.00,0.0,0.000,0.002,34.618,20.407,0.00
1786241599,bench_mixed,0.00,0.00,0.0,0.000,0.002,34.618,20.406,0.00
1786241604,bench_mixed,0.00,0.00,0.0,0.000,0.002,34.618,20.406,0.00
1786241609,bench_mixed,0.00,0.00,0.0,0.000,0.002,34.618,20.407,0.00
1786241614,bench_mixed,0.00,0.00,0.0,0.000,0.002,34.618,20.408,0.00
1786241619,bench_mixed,0.00,0.00,0.0,0.000,0.002,34.618,20.407,0.00
1786241624,bench_mixed,0.00,0.00,0.0,0.000,0.002,34.618,20.407,0.00
1786241629,bench_mixed,0.00,0.00,0.0,0.000,0.002,34.618,20.406,0.00
1786241634,bench_mixed,0.00,0.00,0.0,0.000,0.002,34.618,20.407,0.00
1786241639,bench_mixed,0.00,0.00,0.0,0.000,0.002,34.618,20.408,0.00
1786241644,bench_mixed,0.00,0.00,0.0,0.000,0.002,34.618,20.409,0.00
1786241650,bench_mixed,0.00,0.00,0.0,0.000,0.002,34.618,20.406,0.00
1786241655,bench_mixed,0.00,0.00,0.0,0.000,0.002,34.618,20.406,0.00
1786241660,bench_mixed,0.00,0.00,0.0,0.000,0.002,34.618,20.405,0.00
1786241665,bench_mixed,0.00,0.00,0.0,0.000,0.002,34.618,20.405,0.00
1786241670,bench_mixed,0.00,0.00,0.0,0.000,0.002,34.618,20.406,0.00
1786241675,bench_mixed,0.00,0.00,0.0,0.000,0.002,34.618,20.406,0.00
1786241680,bench_mixed,0.00,0.00,0.0,0.000,0.002,34.618,20.406,0.00
1786241685,bench_mixed,0.00,0.00,0.0,0.000,0.002,34.618,20.407,0.00
1786241690,bench_mixed,0.00,0.00,0.0,0.000,0.002,34.618,20.403,0.00
1786241695,bench_mixed,0.00,0.00,0.0,0.000,0.002,34.618,20.403,0.00
1786241700,bench_mixed,0.00,0.00,0.0,0.000,0.002,34.618,20.404,0.00
1786241705,bench_mixed,0.00,0.00,0.0,0.000,0.002,34.618,20.405,0.00
1786241710,bench_mixed,0.00,0.00,0.0,0.000,0.002,34.618,20.406,0.00
1786241715,bench_mixed,0.00,0.00,0.0,0.000,0.002,34.618,20.407,0.00
1786241720,bench_mixed,0.00,0.00,0.0,0.000,0.002,34.618,20.407,0.00
1786241725,bench_mixed,0.00,0.00,0.0,0.000,0.002,34.618,20.407,0.00
1786241730,bench_mixed,0.00,0.00,0.0,0.000,0.002,34.618,20.404,0.00
1786241735,bench_mixed,0.00,0.00,0.0,0.000,0.002,34.618,20.406,0.00
1786241740,bench_mixed,0.00,0.00,0.0,0.000,0.002,34.618,20.404,0.00
1786241746,bench_mixed,0.00,0.00,0.0,0.000,0.002,34.618,20.406,0.00
1786241751,bench_mixed,0.00,0.00,0.0,0.000,0.002,34.618,20.404,0.00
1786241756,bench_mixed,0.00,0.00,0.0,0.000,0.002,34.618,20.404,0.00
1786241761,bench_mixed,0.00,0.00,0.0,0.000,0.002,34.618,20.406,0.00
1786241766,bench_mixed,0.00,0.00,0.0,0.000,0.002,34.618,20.407,0.00
1786241771,bench_mixed,0.00,0.00,0.0,0.000,0.002,34.618,20.399,0.03
1786241776,bench_mixed,0.00,0.00,0.0,0.000,0.002,34.618,20.399,0.00
1786241781,bench_mixed,0.00,0.00,0.0,0.000,0.002,34.618,20.400,0.00
1786241786,bench_mixed,0.00,0.00,0.0,0.000,0.002,34.618,20.401,0.00
1786241791,bench_mixed,0.00,0.00,0.0,0.000,0.002,34.618,20.399,0.00
1786241796,bench_mixed,0.00,0.00,0.0,0.000,0.002,34.618,20.399,0.00
1786241801,bench_mixed,0.00,0.00,0.0,0.000,0.002,34.618,20.400,0.00
1786241806,bench_mixed,0.00,0.00,0.0,0.000,0.002,34.618,20.401,0.00
1786241811,bench_mixed,0.00,0.00,0.0,0.000,0.002,34.618,20.401,0.00
1786241816,bench_mixed,0.00,0.00,0.0,0.000,0.002,34.618,20.401,0.00
1786241821,bench_mixed,0.00,0.00,0.0,0.000,0.002,34.618,20.402,0.00
1786241826,bench_mixed,0.00,0.00,0.0,0.000,0.002,34.618,20.404,0.00
1786241831,bench_mixed,0.00,0.00,0.0,0.000,0.002,34.618,20.404,0.00
1786241836,bench_mixed,0.00,0.00,0.0,0.000,0.002,34.618,20.405,0.00
1786241842,bench_mixed,0.00,0.00,0.0,0.000,0.002,34.618,20.402,0.00
1786241847,bench_mixed,0.00,0.00,0.0,0.000,0.002,34.618,20.402,0.00
1786241852,bench_mixed,0.00,0.00,0.0,0.000,0.002,34.618,20.402,0.00
1786241857,bench_mixed,0.00,0.00,0.0,0.000,0.002,34.618,20.404,0.00
1786241862,bench_mixed,0.00,0.00,0.0,0.000,0.002,34.618,20.403,0.00
1786241867,bench_mixed,0.00,0.00,0.0,0.000,0.002,34.618,20.404,0.00
1786241872,bench_mixed,0.00,0.00,0.0,0.000,0.002,34.618,20.404,0.00
1786241877,bench_mixed,0.00,0.00,0.0,0.000,0.002,34.618,20.403,0.00
1786241882,bench_mixed,0.00,0.00,0.0,0.000,0.002,34.618,20.404,0.00
1786241887,bench_mixed,0.00,0.00,0.0,0.000,0.002,34.618,20.403,0.00
1786241892,bench_mixed,0.00,0.00,0.0,0.000,0.002,34.618,20.404,0.00
1786241897,bench_mixed,0.00,0.00,0.0,0.000,0.002,34.618,20.402,0.00
1786241902,bench_mixed,0.00,0.00,0.0,0.000,0.002,34.618,20.402,0.00
1786241907,bench_mixed,0.00,0.00,0.0,0.000,0.002,34.618,20.404,0.00
1786241912,bench_mixed,0.00,0.00,0.0,0.000,0.002,34.618,20.404,0.00
1786241917,bench_mixed,0.00,0.00,0.0,0.000,0.002,34.618,20.406,0.00
1786241922,bench_mixed,0.00,0.00,0.0,0.000,0.002,34.618,20.406,0.00
1786241927,bench_mixed,0.00,0.00,0.0,0.000,0.002,34.618,20.403,0.00
1786241932,bench_mixed,0.00,0.00,0.0,0.000,0.002,34.618,20.404,0.00
1786241937,bench_mixed,0.00,0.00,0.0,0.000,0.002,34.618,20.404,0.00
1786241943,bench_mixed,0.00,0.00,0.0,0.000,0.002,34.618,20.404,0.00
1786241948,bench_mixed,0.00,0.00,0.0,0.000,0.002,34.618,20.402,0.00
1786241953,bench_mixed,0.00,0.00,0.0,0.000,0.002,34.618,20.402,0.00
1786241958,bench_mixed,0.00,0.00,0.0,0.000,0.002,34.618,20.400,0.00
1786241963,bench_mixed,0.00,0.00,0.0,0.000,0.002,34.618,20.400,0.00
1786241968,bench_mixed,0.00,0.00,0.0,0.000,0.002,34.618,20.399,0.00
1786241973,bench_mixed,0.00,0.00,0.0,0.000,0.002,34.618,20.399,0.00
1786241978,bench_mixed,0.00,0.00,0.0,0.000,0.002,34.618,20.398,0.00
1786241983,bench_mixed,0.00,0.00,0.0,0.000,0.002,34.618,20.399,0.00
1786241988,bench_mixed,0.00,0.00,0.0,0.000,0.002,34.618,20.401,0.00
1786241993,bench_mixed,0.00,0.00,0.0,0.000,0.002,34.618,20.401,0.00
1786241998,bench_mixed,0.00,0.00,0.0,0.000,0.002,34.618,20.400,0.00
1786242003,bench_mixed,0.00,0.00,0.0,0.000,0.002,34.618,20.400,0.00
1786242008,bench_mixed,0.00,0.00,0.0,0.000,0.002,34.618,20.401,0.00
1786242013,bench_mixed,0.00,0.00,0.0,0.000,0.002,34.618,20.401,0.00
1786242018,bench_mixed,0.00,0.00,0.0,0.000,0.002,34.618,20.401,0.00
1786242023,bench_mixed,0.00,0.00,0.0,0.000,0.002,34.618,20.401,0.00
1786242028,bench_mixed,0.00,0.00,0.0,0.000,0.002,34.618,20.400,0.00
1786242033,bench_mixed,0.00,0.00,0.0,0.000,0.002,34.618,20.401,0.00
1786242039,bench_mixed,0.00,0.00,0.0,0.000,0.002,34.618,20.400,0.00
1786242044,bench_mixed,0.00,0.00,0.0,0.000,0.002,34.618,20.400,0.00
1786242049,bench_mixed,0.00,0.00,0.0,0.000,0.002,34.618,20.402,0.00
1786242054,bench_mixed,0.00,0.00,0.0,0.000,0.002,34.618,20.401,0.00
1786242059,bench_mixed,0.00,0.00,0.0,0.000,0.002,34.618,20.402,0.00
1786242064,bench_mixed,0.00,0.00,0.0,0.000,0.002,34.618,20.402,0.00
1786242069,bench_mixed,0.00,0.00,0.0,0.000,0.002,34.618,20.399,0.00
1786242074,bench_mixed,0.00,0.00,0.0,0.000,0.002,34.618,20.391,0.03
1786242079,bench_mixed,0.00,0.00,0.0,0.000,0.002,34.618,20.392,0.00
1786242084,bench_mixed,0.00,0.00,0.0,0.000,0.002,34.618,20.393,0.00
1786242089,bench_mixed,0.00,0.00,0.0,0.000,0.002,34.618,20.394,0.00
1786242094,bench_mixed,0.00,0.00,0.0,0.000,0.002,34.618,20.395,0.00
1786242099,bench_mixed,0.00,0.00,0.0,0.000,0.002,34.618,20.397,0.00
1786242104,bench_mixed,0.00,0.00,0.0,0.000,0.002,34.618,20.397,0.00
1786242109,bench_mixed,0.00,0.00,0.0,0.000,0.002,34.618,20.397,0.00
1786242114,bench_mixed,0.00,0.00,0.0,0.000,0.002,34.618,20.397,0.00
1786242119,bench_mixed,0.00,0.00,0.0,0.000,0.002,34.618,20.396,0.00
1786242124,bench_mixed,0.00,0.00,0.0,0.000,0.002,34.618,20.396,0.00
1786242129,bench_mixed,0.00,0.00,0.0,0.000,0.002,34.618,20.395,0.00
1786242135,bench_mixed,0.00,0.00,0.0,0.000,0.002,34.618,20.396,0.00
1786242140,bench_mixed,0.00,0.00,0.0,0.000,0.002,34.618,20.396,0.00
1786242145,bench_mixed,0.00,0.00,0.0,0.000,0.002,34.618,20.397,0.00
1786242150,bench_mixed,0.00,0.00,0.0,0.000,0.002,34.618,20.395,0.00
1786242155,bench_mixed,0.00,0.00,0.0,0.000,0.002,34.618,20.396,0.00
1786242160,bench_mixed,0.00,0.00,0.0,0.000,0.002,34.618,20.393,0.00
1786242165,bench_mixed,0.00,0.00,0.0,0.000,0.002,34.618,20.393,0.00
1786242170,bench_mixed,0.00,0.00,0.0,0.000,0.002,34.618,20.392,0.00
1786242175,bench_mixed,0.00,0.00,0.0,0.000,0.002,34.618,20.392,0.00
1786242180,bench_mixed,0.00,0.00,0.0,0.000,0.002,34.618,20.393,0.00
1786242185,bench_mixed,0.00,0.00,0.0,0.000,0.002,34.618,20.394,0.00
1786242190,bench_mixed,0.00,0.00,0.0,0.000,0.002,34.618,20.396,0.00
1786242195,bench_mixed,0.00,0.00,0.0,0.000,0.002,34.618,20.396,0.00
1786242200,bench_mixed,0.00,0.00,0.0,0.000,0.002,34.618,20.394,0.00
1786242205,bench_mixed,0.00,0.00,0.0,0.000,0.002,34.618,20.394,0.00
1786242210,bench_mixed,0.00,0.00,0.0,0.000,0.002,34.618,20.395,0.00
1786242215,bench_mixed,0.00,0.00,0.0,0.000,0.002,34.618,20.395,0.00
1786242220,bench_mixed,0.00,0.00,0.0,0.000,0.002,34.618,20.395,0.00
1786242225,bench_mixed,0.00,0.00,0.0,0.000,0.002,34.618,20.397,0.00
1786242231,bench_mixed,0.00,0.00,0.0,0.000,0.002,34.618,20.397,0.00
1786242236,bench_mixed,0.00,0.00,0.0,0.000,0.002,34.618,20.396,0.00
1786242241,bench_mixed,0.00,0.00,0.0,0.000,0.002,34.618,20.396,0.00
1786242246,bench_mixed,0.00,0.00,0.0,0.000,0.002,34.618,20.399,0.00
1786242251,bench_mixed,0.00,0.00,0.0,0.000,0.002,34.618,20.399,0.00
1786242256,bench_mixed,0.00,0.00,0.0,0.000,0.002,34.618,20.399,0.00
1786242261,bench_mixed,0.00,0.00,0.0,0.000,0.002,34.618,20.400,0.00
1786242266,bench_mixed,0.00,0.00,0.0,0.000,0.002,34.618,20.402,0.00
1786242271,bench_mixed,0.00,0.00,0.0,0.000,0.002,34.618,20.402,0.00
1786242276,bench_mixed,0.00,0.00,0.0,0.000,0.002,34.618,20.403,0.00
1786242281,bench_mixed,0.00,0.00,0.0,0.000,0.002,34.618,20.404,0.00
1786242286,bench_mixed,0.00,0.00,0.0,0.000,0.002,34.618,20.405,0.00
1786242291,bench_mixed,0.00,0.00,0.0,0.000,0.002,34.618,20.405,0.00
1786242296,bench_mixed,0.00,0.00,0.0,0.000,0.002,34.618,20.406,0.00
1786242301,bench_mixed,0.00,0.00,0.0,0.000,0.002,34.618,20.406,0.00
1786242306,bench_mixed,0.00,0.00,0.0,0.000,0.002,34.618,20.405,0.00
1786242311,bench_mixed,0.00,0.00,0.0,0.000,0.002,34.618,20.405,0.00
1786242316,bench_mixed,0.00,0.00,0.0,0.000,0.002,34.618,20.404,0.00
1786242321,bench_mixed,0.00,0.00,0.0,0.000,0.002,34.618,20.405,0.00
1786242327,bench_mixed,0.00,0.00,0.0,0.000,0.002,34.618,20.403,0.00
1786242332,bench_mixed,0.00,0.00,0.0,0.000,0.002,34.618,20.404,0.00
1786242337,bench_mixed,0.00,0.00,0.0,0.000,0.002,34.618,20.405,0.00
1786242342,bench_mixed,0.00,0.00,0.0,0.000,0.002,34.618,20.405,0.00
1786242347,bench_mixed,0.00,0.00,0.0,0.000,0.002,34.618,20.404,0.00
1786242352,bench_mixed,0.00,0.00,0.0,0.000,0.002,34.618,20.404,0.00
1786242357,bench_mixed,0.00,0.00,0.0,0.000,0.002,34.618,20.402,0.00
1786242362,bench_mixed,0.00,0.00,0.0,0.000,0.002,34.618,20.402,0.00
1786242367,bench_mixed,0.00,0.00,0.0,0.000,0.002,34.618,20.403,0.00
1786242372,bench_mixed,0.00,0.00,0.0,0.000,0.002,34.618,20.397,0.03
1786242377,bench_mixed,0.00,0.00,0.0,0.000,0.002,34.618,20.395,0.00
1786242382,bench_mixed,0.00,0.00,0.0,0.000,0.002,34.618,20.396,0.00
1786242387,bench_mixed,0.00,0.00,0.0,0.000,0.002,34.618,20.396,0.00
1786242392,bench_mixed,0.00,0.00,0.0,0.000,0.002,34.618,20.396,0.00
1786242397,bench_mixed,0.00,0.00,0.0,0.000,0.002,34.618,20.395,0.00
1786242402,bench_mixed,0.00,0.00,0.0,0.000,0.002,34.618,20.395,0.00
1786242407,bench_mixed,0.00,0.00,0.0,0.000,0.002,34.618,20.392,0.00
1786242412,bench_mixed,0.00,0.00,0.0,0.000,0.002,34.618,20.392,0.00
1786242417,bench_mixed,0.00,0.00,0.0,0.000,0.002,34.618,20.394,0.00
1786242423,bench_mixed,0.00,0.00,0.0,0.000,0.002,34.618,20.394,0.00
1786242428,bench_mixed,0.00,0.00,0.0,0.000,0.002,34.618,20.393,0.00
1786242433,bench_mixed,0.00,0.00,0.0,0.000,0.002,34.618,20.394,0.00
1786242438,bench_mixed,0.00,0.00,0.0,0.000,0.002,34.618,20.395,0.00
1786242443,bench_mixed,0.00,0.00,0.0,0.000,0.002,34.618,20.396,0.00
1786242448,bench_mixed,0.00,0.00,0.0,0.000,0.002,34.618,20.395,0.00
1786242453,bench_mixed,0.00,0.00,0.0,0.000,0.002,34.618,20.396,0.00
1786242458,bench_mixed,0.00,0.00,0.0,0.000,0.002,34.618,20.396,0.00
1786242463,bench_mixed,0.00,0.00,0.0,0.000,0.002,34.618,20.396,0.00
1786242468,bench_mixed,0.00,0.00,0.0,0.000,0.002,34.618,20.394,0.00
1786242473,bench_mixed,0.00,0.00,0.0,0.000,0.002,34.618,20.394,0.00
1786242478,bench_mixed,0.00,0.00,0.0,0.000,0.002,34.618,20.393,0.00
1786242483,bench_mixed,0.00,0.00,0.0,0.000,0.002,34.618,20.394,0.00
1786242488,bench_mixed,0.00,0.00,0.0,0.000,0.002,34.618,20.392,0.00
1786242493,bench_mixed,0.00,0.00,0.0,0.000,0.002,34.618,20.392,0.00
1786242498,bench_mixed,0.00,0.00,0.0,0.000,0.002,34.618,20.388,0.00
1786242503,bench_mixed,0.00,0.00,0.0,0.000,0.002,34.618,20.388,0.00
1786242508,bench_mixed,0.00,0.00,0.0,0.000,0.002,34.618,20.385,0.00
1786242513,bench_mixed,0.00,0.00,0.0,0.000,0.002,34.618,20.386,0.00
1786242519,bench_mixed,0.00,0.00,0.0,0.000,0.002,34.618,20.386,0.00
1786242524,bench_mixed,0.00,0.00,0.0,0.000,0.002,34.618,20.387,0.00
1786242529,bench_mixed,0.00,0.00,0.0,0.000,0.002,34.618,20.387,0.00
1786242534,bench_mixed,0.00,0.00,0.0,0.000,0.002,34.618,20.387,0.00
1786242539,bench_mixed,0.00,0.00,0.0,0.000,0.002,34.618,20.388,0.00
1786242544,bench_mixed,0.00,0.00,0.0,0.000,0.002,34.618,20.389,0.00
1786242549,bench_mixed,0.00,0.00,0.0,0.000,0.002,34.618,20.388,0.00
1786242554,bench_mixed,0.00,0.00,0.0,0.000,0.002,34.618,20.389,0.00
1786242559,bench_mixed,0.00,0.00,0.0,0.000,0.002,34.618,20.394,0.00
1786242564,bench_mixed,0.00,0.00,0.0,0.000,0.002,34.618,20.394,0.00
1786242569,bench_mixed,0.00,0.00,0.0,0.000,0.002,34.618,20.385,0.00
1786242574,bench_mixed,0.00,0.00,0.0,0.000,0.002,34.618,20.393,0.00
1786242579,bench_mixed,0.00,0.00,0.0,0.000,0.002,34.618,20.393,0.00
1786242584,bench_mixed,0.00,0.00,0.0,0.000,0.002,34.618,20.394,0.00
1786242589,bench_mixed,0.00,0.00,0.0,0.000,0.002,34.618,20.394,0.00
1786242594,bench_mixed,0.00,0.00,0.0,0.000,0.002,34.618,20.394,0.00
1786242599,bench_mixed,0.00,0.00,0.0,0.000,0.002,34.618,20.395,0.00
1786242604,bench_mixed,0.00,0.00,0.0,0.000,0.002,34.618,20.395,0.00
1786242609,bench_mixed,0.00,0.00,0.0,0.000,0.002,34.618,20.396,0.00
1786242614,bench_mixed,0.00,0.00,0.0,0.000,0.002,34.618,20.394,0.00
1786242620,bench_mixed,0.00,0.00,0.0,0.000,0.002,34.618,20.395,0.00
1786242625,bench_mixed,0.00,0.00,0.0,0.000,0.002,34.618,20.392,0.00
1786242630,bench_mixed,0.00,0.00,0.0,0.000,0.002,34.618,20.392,0.00
1786242635,bench_mixed,0.00,0.00,0.0,0.000,0.002,34.618,20.394,0.00
1786242640,bench_mixed,0.00,0.00,0.0,0.000,0.002,34.618,20.394,0.00
1786242645,bench_mixed,0.00,0.00,0.0,0.000,0.002,34.618,20.395,0.00
1786242650,bench_mixed,0.00,0.00,0.0,0.000,0.002,34.618,20.396,0.00
1786242655,bench_mixed,0.00,0.00,0.0,0.000,0.002,34.618,20.398,0.00
1786242660,bench_mixed,0.00,0.00,0.0,0.000,0.002,34.618,20.398,0.00
1786242665,bench_mixed,0.00,0.00,0.0,0.000,0.002,34.618,20.400,0.00
1786242670,bench_mixed,0.00,0.00,0.0,0.000,0.002,34.618,20.397,0.02
1786242675,bench_mixed,0.00,0.00,0.0,0.000,0.002,34.618,20.391,0.01
1786242680,bench_mixed,0.00,0.00,0.0,0.000,0.002,34.618,20.391,0.00
1786242685,bench_mixed,0.00,0.00,0.0,0.000,0.002,34.618,20.392,0.00
1786242690,bench_mixed,0.00,0.00,0.0,0.000,0.002,34.618,20.392,0.00
1786242695,bench_mixed,0.00,0.00,0.0,0.000,0.002,34.618,20.394,0.00
1786242700,bench_mixed,0.00,0.00,0.0,0.000,0.002,34.618,20.394,0.00
1786242705,bench_mixed,0.00,0.00,0.0,0.000,0.002,34.618,20.394,0.00
1786242711,bench_mixed,0.00,0.00,0.0,0.000,0.002,34.618,20.394,0.00
1786242716,bench_mixed,0.00,0.00,0.0,0.000,0.002,34.618,20.392,0.00
1786242721,bench_mixed,0.00,0.00,0.0,0.000,0.002,34.618,20.393,0.00
1786242726,bench_mixed,0.00,0.00,0.0,0.000,0.002,34.618,20.395,0.00
1786242731,bench_mixed,0.00,0.00,0.0,0.000,0.002,34.618,20.395,0.00
1786242736,bench_mixed,0.00,0.00,0.0,0.000,0.002,34.618,20.395,0.00
1786242741,bench_mixed,0.00,0.00,0.0,0.000,0.002,34.618,20.396,0.00
1786242746,bench_mixed,0.00,0.00,0.0,0.000,0.002,34.618,20.395,0.00
1786242751,bench_mixed,0.00,0.00,0.0,0.000,0.002,34.618,20.396,0.00
1786242756,bench_mixed,0.00,0.00,0.0,0.000,0.002,34.618,20.396,0.00
1786242761,bench_mixed,0.00,0.00,0.0,0.000,0.002,34.618,20.398,0.00
1786242766,bench_mixed,0.00,0.00,0.0,0.000,0.002,34.618,20.396,0.00
1786242771,bench_mixed,0.00,0.00,0.0,0.000,0.002,34.618,20.396,0.00
1786242776,bench_mixed,0.00,0.00,0.0,0.000,0.002,34.618,20.397,0.00
1786242781,bench_mixed,0.00,0.00,0.0,0.000,0.002,34.618,20.397,0.00
1786242786,bench_mixed,0.00,0.00,0.0,0.000,0.002,34.618,20.399,0.00
1786242791,bench_mixed,0.00,0.00,0.0,0.000,0.002,34.618,20.399,0.00
1786242796,bench_mixed,0.00,0.00,0.0,0.000,0.002,34.618,20.396,0.00
1786242801,bench_mixed,0.00,0.00,0.0,0.000,0.002,34.618,20.396,0.00
1786242806,bench_mixed,0.00,0.00,0.0,0.000,0.002,34.618,20.397,0.00
1786242812,bench_mixed,0.00,0.00,0.0,0.000,0.002,34.618,20.396,0.00
1786242817,bench_mixed,0.00,0.00,0.0,0.000,0.002,34.618,20.399,0.00
1786242822,bench_mixed,0.00,0.00,0.0,0.000,0.002,34.618,20.400,0.00
1786242827,bench_mixed,0.00,0.00,0.0,0.000,0.002,34.618,20.401,0.00
1786242832,bench_mixed,0.00,0.00,0.0,0.000,0.002,34.618,20.401,0.00
1786242837,bench_mixed,0.00,0.00,0.0,0.000,0.002,34.618,20.402,0.00
1786242842,bench_mixed,0.00,0.00,0.0,0.000,0.002,34.618,20.401,0.00
1786242847,bench_mixed,0.00,0.00,0.0,0.000,0.002,34.618,20.400,0.00
1786242852,bench_mixed,0.00,0.00,0.0,0.000,0.002,34.618,20.400,0.00
1786242857,bench_mixed,0.00,0.00,0.0,0.000,0.002,34.618,20.399,0.00
1786242862,bench_mixed,0.00,0.00,0.0,0.000,0.002,34.618,20.399,0.00
1786242867,bench_mixed,0.00,0.00,0.0,0.000,0.002,34.618,20.397,0.00
1786242872,bench_mixed,0.00,0.00,0.0,0.000,0.002,34.618,20.397,0.00
1786242877,bench_mixed,0.00,0.00,0.0,0.000,0.002,34.618,20.396,0.00
1786242882,bench_mixed,0.00,0.00,0.0,0.000,0.002,34.618,20.397,0.00
1786242887,bench_mixed,0.00,0.00,0.0,0.000,0.002,34.618,20.397,0.00
1786242892,bench_mixed,0.00,0.00,0.0,0.000,0.002,34.618,20.397,0.00
1786242897,bench_mixed,0.00,0.00,0.0,0.000,0.002,34.618,20.397,0.00
1786242902,bench_mixed,0.00,0.00,0.0,0.000,0.002,34.618,20.397,0.00
1786242908,bench_mixed,0.00,0.00,0.0,0.000,0.002,34.618,20.399,0.00
1786242913,bench_mixed,0.00,0.00,0.0,0.000,0.002,34.618,20.399,0.00
1786242918,bench_mixed,0.00,0.00,0.0,0.000,0.002,34.618,20.398,0.00
1786242923,bench_mixed,0.00,0.00,0.0,0.000,0.002,34.618,20.398,0.00
1786242928,bench_mixed,0.00,0.00,0.0,0.000,0.002,34.618,20.391,0.00
1786242933,bench_mixed,0.00,0.00,0.0,0.000,0.002,34.618,20.398,0.00
1786242938,bench_mixed,0.00,0.00,0.0,0.000,0.002,34.618,20.399,0.00
1786242943,bench_mixed,0.00,0.00,0.0,0.000,0.002,34.618,20.400,0.00
1786242948,bench_mixed,0.00,0.00,0.0,0.000,0.002,34.618,20.400,0.00
1786242953,bench_mixed,0.00,0.00,0.0,0.000,0.002,34.618,20.401,0.00
1786242958,bench_mixed,0.00,0.00,0.0,0.000,0.002,34.618,20.401,0.00
1786242963,bench_mixed,0.00,0.00,0.0,0.000,0.002,34.618,20.401,0.00
1786242968,bench_mixed,0.00,0.00,0.0,0.000,0.002,34.618,20.401,0.00
1786242973,bench_mixed,0.00,0.00,0.0,0.000,0.002,34.618,20.395,0.03
1786242978,bench_mixed,0.00,0.00,0.0,0.000,0.002,34.618,20.394,0.00
1786242983,bench_mixed,0.00,0.00,0.0,0.000,0.002,34.618,20.395,0.00
1786242988,bench_mixed,0.00,0.00,0.0,0.000,0.002,34.618,20.395,0.00
1786242993,bench_mixed,0.00,0.00,0.0,0.000,0.002,34.618,20.397,0.00
1786242998,bench_mixed,0.00,0.00,0.0,0.000,0.002,34.618,20.398,0.00
1786243004,bench_mixed,0.00,0.00,0.0,0.000,0.002,34.618,20.400,0.00
1786243009,bench_mixed,0.00,0.00,0.0,0.000,0.002,34.618,20.401,0.00
1786243014,bench_mixed,0.00,0.00,0.0,0.000,0.002,34.618,20.400,0.00
1786243019,bench_mixed,0.00,0.00,0.0,0.000,0.002,34.618,20.400,0.00
1786243024,bench_mixed,0.00,0.00,0.0,0.000,0.002,34.618,20.400,0.00
1786243029,bench_mixed,0.00,0.00,0.0,0.000,0.002,34.618,20.401,0.00
1786243034,bench_mixed,0.00,0.00,0.0,0.000,0.002,34.618,20.400,0.00
1786243039,bench_mixed,0.00,0.00,0.0,0.000,0.002,34.618,20.400,0.00
1786243044,bench_mixed,0.00,0.00,0.0,0.000,0.002,34.618,20.399,0.00
1786243049,bench_mixed,0.00,0.00,0.0,0.000,0.002,34.618,20.399,0.00
1786243054,bench_mixed,0.00,0.00,0.0,0.000,0.002,34.618,20.400,0.00
1786243059,bench_mixed,0.00,0.00,0.0,0.000,0.002,34.618,20.400,0.00
1786243064,bench_mixed,0.00,0.00,0.0,0.000,0.002,34.618,20.403,0.00
1786243069,bench_mixed,0.00,0.00,0.0,0.000,0.002,34.618,20.405,0.00
1786243074,bench_mixed,0.00,0.00,0.0,0.000,0.002,34.618,20.405,0.00
1786243079,bench_mixed,0.00,0.00,0.0,0.000,0.002,34.618,20.406,0.00
1786243084,bench_mixed,0.00,0.00,0.0,0.000,0.002,34.618,20.404,0.00
1786243089,bench_mixed,0.00,0.00,0.0,0.000,0.002,34.618,20.404,0.00
1786243094,bench_mixed,0.00,0.00,0.0,0.000,0.002,34.618,20.402,0.00
1786243100,bench_mixed,0.00,0.00,0.0,0.000,0.002,34.618,20.402,0.00
1786243105,bench_mixed,0.00,0.00,0.0,0.000,0.002,34.618,20.402,0.00
1786243110,bench_mixed,0.00,0.00,0.0,0.000,0.002,34.618,20.402,0.00
1786243115,bench_mixed,0.00,0.00,0.0,0.000,0.002,34.618,20.404,0.00
1786243120,bench_mixed,0.00,0.00,0.0,0.000,0.002,34.618,20.404,0.00
1786243125,bench_mixed,0.00,0.00,0.0,0.000,0.002,34.618,20.407,0.00
1786243130,bench_mixed,0.00,0.00,0.0,0.000,0.002,34.618,20.407,0.00
1786243135,bench_mixed,0.00,0.00,0.0,0.000,0.002,34.618,20.409,0.00
1786243140,bench_mixed,0.00,0.00,0.0,0.000,0.002,34.618,20.409,0.00
1786243145,bench_mixed,0.00,0.00,0.0,0.000,0.002,34.618,20.408,0.00
1786243150,bench_mixed,0.00,0.00,0.0,0.000,0.002,34.618,20.408,0.00
1786243155,bench_mixed,0.00,0.00,0.0,0.000,0.002,34.618,20.407,0.00
1786243160,bench_mixed,0.00,0.00,0.0,0.000,0.002,34.618,20.408,0.00
1786243165,bench_mixed,0.00,0.00,0.0,0.000,0.002,34.618,20.407,0.00
1786243170,bench_mixed,0.00,0.00,0.0,0.000,0.002,34.618,20.408,0.00
1786243175,bench_mixed,0.00,0.00,0.0,0.000,0.002,34.618,20.408,0.00
1786243180,bench_mixed,0.00,0.00,0.0,0.000,0.002,34.618,20.409,0.00
1786243185,bench_mixed,0.00,0.00,0.0,0.000,0.002,34.618,20.408,0.00
1786243190,bench_mixed,0.00,0.00,0.0,0.000,0.002,34.618,20.409,0.00
1786243196,bench_mixed,0.00,0.00,0.0,0.000,0.002,34.618,20.408,0.00
1786243201,bench_mixed,0.00,0.00,0.0,0.000,0.002,34.618,20.408,0.00
1786243206,bench_mixed,0.00,0.00,0.0,0.000,0.002,34.618,20.406,0.00
1786243211,bench_mixed,0.00,0.00,0.0,0.000,0.002,34.618,20.406,0.00
1786243216,bench_mixed,0.00,0.00,0.0,0.000,0.002,34.618,20.405,0.00
1786243221,bench_mixed,0.00,0.00,0.0,0.000,0.002,34.618,20.405,0.00
1786243226,bench_mixed,0.00,0.00,0.0,0.000,0.002,34.618,20.403,0.00
1786243231,bench_mixed,0.00,0.00,0.0,0.000,0.002,34.618,20.404,0.00
1786243236,bench_mixed,0.00,0.00,0.0,0.000,0.002,34.618,20.406,0.00
1786243241,bench_mixed,0.00,0.00,0.0,0.000,0.002,34.618,20.405,0.00
1786243246,bench_mixed,0.00,0.00,0.0,0.000,0.002,34.618,20.407,0.00
1786243251,bench_mixed,0.00,0.00,0.0,0.000,0.002,34.618,20.408,0.00
1786243256,bench_mixed,0.00,0.00,0.0,0.000,0.002,34.618,20.405,0.00
1786243261,bench_mixed,0.00,0.00,0.0,0.000,0.002,34.618,20.406,0.00
1786243266,bench_mixed,0.00,0.00,0.0,0.000,0.002,34.618,20.407,0.00
1786243271,bench_mixed,0.00,0.00,0.0,0.000,0.002,34.618,20.401,0.03
1786243276,bench_mixed,0.00,0.00,0.0,0.000,0.002,34.618,20.401,0.00
1786243281,bench_mixed,0.00,0.00,0.0,0.000,0.002,34.618,20.401,0.00
1786243286,bench_mixed,0.00,0.00,0.0,0.000,0.002,34.618,20.401,0.00
1786243292,bench_mixed,0.00,0.00,0.0,0.000,0.002,34.618,20.405,0.00
1786243297,bench_mixed,0.00,0.00,0.0,0.000,0.002,34.618,20.406,0.00
1786243302,bench_mixed,0.00,0.00,0.0,0.000,0.002,34.618,20.407,0.00
1786243307,bench_mixed,0.00,0.00,0.0,0.000,0.002,34.618,20.407,0.00
1786243312,bench_mixed,0.00,0.00,0.0,0.000,0.002,34.618,20.409,0.00
1786243317,bench_mixed,0.00,0.00,0.0,0.000,0.002,34.618,20.409,0.00
1786243322,bench_mixed,0.00,0.00,0.0,0.000,0.002,34.618,20.413,0.00
1786243327,bench_mixed,0.00,0.00,0.0,0.000,0.002,34.618,20.412,0.00
1786243332,bench_mixed,0.00,0.00,0.0,0.000,0.002,34.618,20.411,0.00
1786243337,bench_mixed,0.00,0.00,0.0,0.000,0.002,34.618,20.411,0.00
1786243342,bench_mixed,0.00,0.00,0.0,0.000,0.002,34.618,20.411,0.00
1786243347,bench_mixed,0.00,0.00,0.0,0.000,0.002,34.618,20.411,0.00
1786243352,bench_mixed,0.00,0.00,0.0,0.000,0.002,34.618,20.409,0.00
1786243357,bench_mixed,0.00,0.00,0.0,0.000,0.002,34.618,20.410,0.00
1786243362,bench_mixed,0.00,0.00,0.0,0.000,0.002,34.618,20.408,0.00
1786243367,bench_mixed,0.00,0.00,0.0,0.000,0.002,34.618,20.408,0.00
1786243372,bench_mixed,0.00,0.00,0.0,0.000,0.002,34.618,20.407,0.00
1786243377,bench_mixed,0.00,0.00,0.0,0.000,0.002,34.618,20.407,0.00
1786243382,bench_mixed,0.00,0.00,0.0,0.000,0.002,34.618,20.408,0.00
1786243388,bench_mixed,0.00,0.00,0.0,0.000,0.002,34.618,20.409,0.00
1786243393,bench_mixed,0.00,0.00,0.0,0.000,0.002,34.618,20.407,0.00
1786243398,bench_mixed,0.00,0.00,0.0,0.000,0.002,34.618,20.407,0.00
1786243403,bench_mixed,0.00,0.00,0.0,0.000,0.002,34.618,20.411,0.00
1786243408,bench_mixed,0.00,0.00,0.0,0.000,0.002,34.618,20.412,0.00
1786243413,bench_mixed,0.00,0.00,0.0,0.000,0.002,34.618,20.413,0.00
1786243418,bench_mixed,0.00,0.00,0.0,0.000,0.002,34.618,20.413,0.00
1786243423,bench_mixed,0.00,0.00,0.0,0.000,0.002,34.618,20.411,0.00
1786243428,bench_mixed,0.00,0.00,0.0,0.000,0.002,34.618,20.411,0.00
1786243433,bench_mixed,0.00,0.00,0.0,0.000,0.002,34.618,20.410,0.00
1786243438,bench_mixed,0.00,0.00,0.0,0.000,0.002,34.618,20.410,0.00
1786243443,bench_mixed,0.00,0.00,0.0,0.000,0.002,34.618,20.407,0.00
1786243448,bench_mixed,0.00,0.00,0.0,0.000,0.002,34.618,20.407,0.00
1786243453,bench_mixed,0.00,0.00,0.0,0.000,0.002,34.618,20.405,0.00
1786243458,bench_mixed,0.00,0.00,0.0,0.000,0.002,34.618,20.405,0.00
1786243463,bench_mixed,0.00,0.00,0.0,0.000,0.002,34.618,20.410,0.00
1786243468,bench_mixed,0.00,0.00,0.0,0.000,0.002,34.618,20.410,0.00
1786243473,bench_mixed,0.00,0.00,0.0,0.000,0.002,34.618,20.412,0.00
1786243478,bench_mixed,0.00,0.00,0.0,0.000,0.002,34.618,20.412,0.00
1786243484,bench_mixed,0.00,0.00,0.0,0.000,0.002,34.618,20.411,0.00
1786243489,bench_mixed,0.00,0.00,0.0,0.000,0.002,34.618,20.412,0.00
1786243494,bench_mixed,0.00,0.00,0.0,0.000,0.002,34.618,20.411,0.00
1786243499,bench_mixed,0.00,0.00,0.0,0.000,0.002,34.618,20.411,0.00
1786243504,bench_mixed,0.00,0.00,0.0,0.000,0.002,34.618,20.410,0.00
1786243509,bench_mixed,0.00,0.00,0.0,0.000,0.002,34.618,20.410,0.00
1786243514,bench_mixed,0.00,0.00,0.0,0.000,0.002,34.618,20.408,0.00
1786243519,bench_mixed,0.00,0.00,0.0,0.000,0.002,34.618,20.408,0.00
1786243524,bench_mixed,0.00,0.00,0.0,0.000,0.002,34.618,20.406,0.00
1786243529,bench_mixed,0.00,0.00,0.0,0.000,0.002,34.618,20.407,0.00
1786243534,bench_mixed,0.00,0.00,0.0,0.000,0.002,34.618,20.408,0.00
1786243539,bench_mixed,0.00,0.00,0.0,0.000,0.002,34.618,20.409,0.00
1786243544,bench_mixed,0.00,0.00,0.0,0.000,0.002,34.618,20.410,0.00
1786243549,bench_mixed,0.00,0.00,0.0,0.000,0.002,34.618,20.410,0.00
1786243554,bench_mixed,0.00,0.00,0.0,0.000,0.002,34.618,20.411,0.00
1786243559,bench_mixed,0.00,0.00,0.0,0.000,0.002,34.618,20.412,0.00
1786243564,bench_mixed,0.00,0.00,0.0,0.000,0.002,34.618,20.411,0.00
1786243569,bench_mixed,0.00,0.00,0.0,0.000,0.002,34.618,20.411,0.00
1786243574,bench_mixed,0.00,0.00,0.0,0.000,0.002,34.618,20.406,0.03
1786243580,bench_mixed,0.00,0.00,0.0,0.000,0.002,34.618,20.408,0.00
1786243585,bench_mixed,0.00,0.00,0.0,0.000,0.002,34.618,20.406,0.00
1786243590,bench_mixed,0.00,0.00,0.0,0.000,0.002,34.618,20.407,0.00
1786243595,bench_mixed,0.00,0.00,0.0,0.000,0.002,34.618,20.407,0.00
1786243600,bench_mixed,0.00,0.00,0.0,0.000,0.002,34.618,20.409,0.00
1786243605,bench_mixed,0.00,0.00,0.0,0.000,0.002,34.618,20.412,0.00
1786243610,bench_mixed,0.00,0.00,0.0,0.000,0.002,34.618,20.411,0.00
1786243615,bench_mixed,0.00,0.00,0.0,0.000,0.002,34.618,20.411,0.00
1786243620,bench_mixed,0.00,0.00,0.0,0.000,0.002,34.618,20.411,0.00
1786243625,bench_mixed,0.00,0.00,0.0,0.000,0.002,34.618,20.412,0.00
1786243630,bench_mixed,0.00,0.00,0.0,0.000,0.002,34.618,20.413,0.00
1786243635,bench_mixed,0.00,0.00,0.0,0.000,0.002,34.618,20.416,0.00
1786243640,bench_mixed,0.00,0.00,0.0,0.000,0.002,34.618,20.416,0.00
1786243645,bench_mixed,0.00,0.00,0.0,0.000,0.002,34.618,20.415,0.00
1786243650,bench_mixed,0.00,0.00,0.0,0.000,0.002,34.618,20.413,0.00
1786243655,bench_mixed,0.00,0.00,0.0,0.000,0.002,34.618,20.413,0.00
1786243660,bench_mixed,0.00,0.00,0.0,0.000,0.002,34.618,20.414,0.00
1786243665,bench_mixed,0.00,0.00,0.0,0.000,0.002,34.618,20.414,0.00
1786243670,bench_mixed,0.00,0.00,0.0,0.000,0.002,34.618,20.412,0.00
1786243675,bench_mixed,0.00,0.00,0.0,0.000,0.002,34.618,20.412,0.00
1786243681,bench_mixed,0.00,0.00,0.0,0.000,0.002,34.618,20.411,0.00
1786243686,bench_mixed,0.00,0.00,0.0,0.000,0.002,34.618,20.411,0.00
1786243691,bench_mixed,0.00,0.00,0.0,0.000,0.002,34.618,20.415,0.00
1786243696,bench_mixed,0.00,0.00,0.0,0.000,0.002,34.618,20.415,0.00
1786243701,bench_mixed,0.00,0.00,0.0,0.000,0.002,34.618,20.413,0.00
1786243706,bench_mixed,0.00,0.00,0.0,0.000,0.002,34.618,20.413,0.00
1786243711,bench_mixed,0.00,0.00,0.0,0.000,0.002,34.618,20.411,0.00
1786243716,bench_mixed,0.00,0.00,0.0,0.000,0.002,34.618,20.412,0.00
1786243721,bench_mixed,0.00,0.00,0.0,0.000,0.002,34.618,20.413,0.00
1786243726,bench_mixed,0.00,0.00,0.0,0.000,0.002,34.618,20.413,0.00
1786243731,bench_mixed,0.00,0.00,0.0,0.000,0.002,34.618,20.416,0.00
1786243736,bench_mixed,0.00,0.00,0.0,0.000,0.002,34.618,20.416,0.00
1786243741,bench_mixed,0.00,0.00,0.0,0.000,0.002,34.618,20.418,0.00
1786243746,bench_mixed,0.00,0.00,0.0,0.000,0.002,34.618,20.418,0.00
1786243751,bench_mixed,0.00,0.00,0.0,0.000,0.002,34.618,20.417,0.00
1786243756,bench_mixed,0.00,0.00,0.0,0.000,0.002,34.618,20.417,0.00
1786243761,bench_mixed,0.00,0.00,0.0,0.000,0.002,34.618,20.414,0.00
1786243766,bench_mixed,0.00,0.00,0.0,0.000,0.002,34.618,20.414,0.00
1786243771,bench_mixed,0.00,0.00,0.0,0.000,0.002,34.618,20.412,0.00
1786243777,bench_mixed,0.00,0.00,0.0,0.000,0.002,34.618,20.412,0.00
1786243782,bench_mixed,0.00,0.00,0.0,0.000,0.002,34.618,20.413,0.00
1786243787,bench_mixed,0.00,0.00,0.0,0.000,0.002,34.618,20.413,0.00
1786243792,bench_mixed,0.00,0.00,0.0,0.000,0.002,34.618,20.411,0.00
1786243797,bench_mixed,0.00,0.00,0.0,0.000,0.002,34.618,20.412,0.00
1786243802,bench_mixed,0.00,0.00,0.0,0.000,0.002,34.618,20.410,0.00
1786243807,bench_mixed,0.00,0.00,0.0,0.000,0.002,34.618,20.410,0.00
1786243812,bench_mixed,0.00,0.00,0.0,0.000,0.002,34.618,20.409,0.00
1786243817,bench_mixed,0.00,0.00,0.0,0.000,0.002,34.618,20.409,0.00
1786243822,bench_mixed,0.00,0.00,0.0,0.000,0.002,34.618,20.410,0.00
1786243827,bench_mixed,0.00,0.00,0.0,0.000,0.002,34.618,20.410,0.00
1786243832,bench_mixed,0.00,0.00,0.0,0.000,0.002,34.618,20.411,0.00
1786243837,bench_mixed,0.00,0.00,0.0,0.000,0.002,34.618,20.411,0.00
1786243842,bench_mixed,0.00,0.00,0.0,0.000,0.002,34.618,20.410,0.00
1786243847,bench_mixed,0.00,0.00,0.0,0.000,0.002,34.618,20.410,0.00
1786243852,bench_mixed,0.00,0.00,0.0,0.000,0.002,34.618,20.408,0.00
1786243857,bench_mixed,0.00,0.00,0.0,0.000,0.002,34.618,20.408,0.00
1786243862,bench_mixed,0.00,0.00,0.0,0.000,0.002,34.618,20.407,0.00
1786243867,bench_mixed,0.00,0.00,0.0,0.000,0.002,34.618,20.407,0.00
1786243873,bench_mixed,0.00,0.00,0.0,0.000,0.002,34.618,20.400,0.03
1786243878,bench_mixed,0.00,0.00,0.0,0.000,0.002,34.618,20.401,0.00
1786243883,bench_mixed,0.00,0.00,0.0,0.000,0.002,34.618,20.400,0.00
1786243888,bench_mixed,0.00,0.00,0.0,0.000,0.002,34.618,20.400,0.00
1786243893,bench_mixed,0.00,0.00,0.0,0.000,0.002,34.618,20.403,0.00
1786243898,bench_mixed,0.00,0.00,0.0,0.000,0.002,34.618,20.403,0.00
1786243903,bench_mixed,0.00,0.00,0.0,0.000,0.002,34.618,20.406,0.00
1786243908,bench_mixed,0.00,0.00,0.0,0.000,0.002,34.618,20.406,0.00
1786243913,bench_mixed,0.00,0.00,0.0,0.000,0.002,34.618,20.403,0.00
1786243918,bench_mixed,0.00,0.00,0.0,0.000,0.002,34.618,20.405,0.00
1786243923,bench_mixed,0.00,0.00,0.0,0.000,0.002,34.618,20.403,0.00
1786243928,bench_mixed,0.00,0.00,0.0,0.000,0.002,34.618,20.403,0.00
1786243933,bench_mixed,0.00,0.00,0.0,0.000,0.002,34.618,20.403,0.00
1786243938,bench_mixed,0.00,0.00,0.0,0.000,0.002,34.618,20.403,0.00
1786243943,bench_mixed,0.00,0.00,0.0,0.000,0.002,34.618,20.404,0.00
1786243948,bench_mixed,0.00,0.00,0.0,0.000,0.002,34.618,20.405,0.00
1786243953,bench_mixed,0.00,0.00,0.0,0.000,0.002,34.618,20.403,0.00
1786243958,bench_mixed,0.00,0.00,0.0,0.000,0.002,34.618,20.404,0.00
1786243963,bench_mixed,0.00,0.00,0.0,0.000,0.002,34.618,20.403,0.00
1786243969,bench_mixed,0.00,0.00,0.0,0.000,0.002,34.618,20.403,0.00
1786243974,bench_mixed,0.00,0.00,0.0,0.000,0.002,34.618,20.403,0.00
1786243979,bench_mixed,0.00,0.00,0.0,0.000,0.002,34.618,20.404,0.00
1786243984,bench_mixed,0.00,0.00,0.0,0.000,0.002,34.618,20.402,0.00
1786243989,bench_mixed,0.00,0.00,0.0,0.000,0.002,34.618,20.403,0.00
1786243994,bench_mixed,0.00,0.00,0.0,0.000,0.002,34.618,20.396,0.00
1786243999,bench_mixed,0.00,0.00,0.0,0.000,0.002,34.618,20.403,0.00
1786244004,bench_mixed,0.00,0.00,0.0,0.000,0.002,34.618,20.403,0.00
1786244009,bench_mixed,0.00,0.00,0.0,0.000,0.002,34.618,20.403,0.00
1786244014,bench_mixed,0.00,0.00,0.0,0.000,0.002,34.618,20.404,0.00
1786244019,bench_mixed,0.00,0.00,0.0,0.000,0.002,34.618,20.404,0.00
1786244024,bench_mixed,0.00,0.00,0.0,0.000,0.002,34.618,20.405,0.00
1786244029,bench_mixed,0.00,0.00,0.0,0.000,0.002,34.618,20.402,0.00
1786244034,bench_mixed,0.00,0.00,0.0,0.000,0.002,34.618,20.402,0.00
1786244039,bench_mixed,0.00,0.00,0.0,0.000,0.002,34.618,20.400,0.00
1786244044,bench_mixed,0.00,0.00,0.0,0.000,0.002,34.618,20.402,0.00
1786244049,bench_mixed,0.00,0.00,0.0,0.000,0.002,34.618,20.402,0.00
1786244054,bench_mixed,0.00,0.00,0.0,0.000,0.002,34.618,20.401,0.00
1786244059,bench_mixed,0.00,0.00,0.0,0.000,0.002,34.618,20.402,0.00
1786244065,bench_mixed,0.00,0.00,0.0,0.000,0.002,34.618,20.402,0.00
1786244070,bench_mixed,0.00,0.00,0.0,0.000,0.002,34.618,20.402,0.00
1786244075,bench_mixed,0.00,0.00,0.0,0.000,0.002,34.618,20.402,0.00
1786244080,bench_mixed,0.00,0.00,0.0,0.000,0.002,34.618,20.401,0.00
1786244085,bench_mixed,0.00,0.00,0.0,0.000,0.002,34.618,20.403,0.00
1786244090,bench_mixed,0.00,0.00,0.0,0.000,0.002,34.618,20.402,0.00
1786244095,bench_mixed,0.00,0.00,0.0,0.000,0.002,34.618,20.402,0.00
1786244100,bench_mixed,0.00,0.00,0.0,0.000,0.002,34.618,20.406,0.00
1786244105,bench_mixed,0.00,0.00,0.0,0.000,0.002,34.618,20.406,0.00
1786244110,bench_mixed,0.00,0.00,0.0,0.000,0.002,34.618,20.406,0.00
1786244115,bench_mixed,0.00,0.00,0.0,0.000,0.002,34.618,20.406,0.00
1786244120,bench_mixed,0.00,0.00,0.0,0.000,0.002,34.618,20.408,0.00
1786244125,bench_mixed,0.00,0.00,0.0,0.000,0.002,34.618,20.408,0.00
1786244130,bench_mixed,0.00,0.00,0.0,0.000,0.002,34.618,20.407,0.00
1786244135,bench_mixed,0.00,0.00,0.0,0.000,0.002,34.618,20.407,0.00
1786244140,bench_mixed,0.00,0.00,0.0,0.000,0.002,34.618,20.407,0.00
1786244145,bench_mixed,0.00,0.00,0.0,0.000,0.002,34.618,20.407,0.00
1786244150,bench_mixed,0.00,0.00,0.0,0.000,0.002,34.618,20.406,0.00
1786244155,bench_mixed,0.00,0.00,0.0,0.000,0.002,34.618,20.406,0.00
1786244161,bench_mixed,0.00,0.00,0.0,0.000,0.002,34.618,20.404,0.00
1786244166,bench_mixed,0.00,0.00,0.0,0.000,0.002,34.618,20.404,0.00
1786244171,bench_mixed,0.00,0.00,0.0,0.000,0.002,34.618,20.399,0.02
1786244176,bench_mixed,0.00,0.00,0.0,0.000,0.002,34.618,20.396,0.01
1786244181,bench_mixed,0.00,0.00,0.0,0.000,0.002,34.618,20.395,0.00
1786244186,bench_mixed,0.00,0.00,0.0,0.000,0.002,34.618,20.395,0.00
1786244191,bench_mixed,0.00,0.00,0.0,0.000,0.002,34.618,20.396,0.00
1786244196,bench_mixed,0.00,0.00,0.0,0.000,0.002,34.618,20.397,0.00
1786244201,bench_mixed,0.00,0.00,0.0,0.000,0.002,34.618,20.400,0.00
1786244206,bench_mixed,0.00,0.00,0.0,0.000,0.002,34.618,20.400,0.00
1786244211,bench_mixed,0.00,0.00,0.0,0.000,0.002,34.618,20.399,0.00
1786244216,bench_mixed,0.00,0.00,0.0,0.000,0.002,34.618,20.399,0.00
1786244221,bench_mixed,0.00,0.00,0.0,0.000,0.002,34.618,20.398,0.00
1786244226,bench_mixed,0.00,0.00,0.0,0.000,0.002,34.618,20.399,0.00
1786244231,bench_mixed,0.00,0.00,0.0,0.000,0.002,34.618,20.398,0.00
1786244236,bench_mixed,0.00,0.00,0.0,0.000,0.002,34.618,20.399,0.00
1786244241,bench_mixed,0.00,0.00,0.0,0.000,0.002,34.618,20.398,0.00
1786244246,bench_mixed,0.00,0.00,0.0,0.000,0.002,34.618,20.398,0.00
1786244251,bench_mixed,0.00,0.00,0.0,0.000,0.002,34.618,20.399,0.00
1786244256,bench_mixed,0.00,0.00,0.0,0.000,0.002,34.618,20.400,0.00
1786244262,bench_mixed,0.00,0.00,0.0,0.000,0.002,34.618,20.399,0.00
1786244267,bench_mixed,0.00,0.00,0.0,0.000,0.002,34.618,20.399,0.00
1786244272,bench_mixed,0.00,0.00,0.0,0.000,0.002,34.618,20.398,0.00
1786244277,bench_mixed,0.00,0.00,0.0,0.000,0.002,34.618,20.398,0.00
1786244282,bench_mixed,0.00,0.00,0.0,0.000,0.002,34.618,20.401,0.00
1786244287,bench_mixed,0.00,0.00,0.0,0.000,0.002,34.618,20.400,0.00
1786244292,bench_mixed,0.00,0.00,0.0,0.000,0.002,34.618,20.400,0.00
1786244297,bench_mixed,0.00,0.00,0.0,0.000,0.002,34.618,20.400,0.00
1786244302,bench_mixed,0.00,0.00,0.0,0.000,0.002,34.618,20.400,0.00
1786244307,bench_mixed,0.00,0.00,0.0,0.000,0.002,34.618,20.400,0.00
1786244312,bench_mixed,0.00,0.00,0.0,0.000,0.002,34.618,20.399,0.00
1786244317,bench_mixed,0.00,0.00,0.0,0.000,0.002,34.618,20.399,0.00
1786244322,bench_mixed,0.00,0.00,0.0,0.000,0.002,34.618,20.396,0.00
1786244327,bench_mixed,0.00,0.00,0.0,0.000,0.002,34.618,20.396,0.00
1786244332,bench_mixed,0.00,0.00,0.0,0.000,0.002,34.618,20.398,0.00
1786244337,bench_mixed,0.00,0.00,0.0,0.000,0.002,34.618,20.397,0.00
1786244342,bench_mixed,0.00,0.00,0.0,0.000,0.002,34.618,20.397,0.00
1786244347,bench_mixed,0.00,0.00,0.0,0.000,0.002,34.618,20.398,0.00
1786244352,bench_mixed,0.00,0.00,0.0,0.000,0.002,34.618,20.396,0.00
1786244358,bench_mixed,0.00,0.00,0.0,0.000,0.002,34.618,20.400,0.00
1786244363,bench_mixed,0.00,0.00,0.0,0.000,0.002,34.618,20.400,0.00
1786244368,bench_mixed,0.00,0.00,0.0,0.000,0.002,34.618,20.398,0.00
1786244373,bench_mixed,0.00,0.00,0.0,0.000,0.002,34.618,20.398,0.00
1786244378,bench_mixed,0.00,0.00,0.0,0.000,0.002,34.618,20.397,0.00
1786244383,bench_mixed,0.00,0.00,0.0,0.000,0.002,34.618,20.396,0.00
1786244388,bench_mixed,0.00,0.00,0.0,0.000,0.002,34.618,20.396,0.00
1786244393,bench_mixed,0.00,0.00,0.0,0.000,0.002,34.618,20.397,0.00
1786244398,bench_mixed,0.00,0.00,0.0,0.000,0.002,34.618,20.397,0.00
1786244403,bench_mixed,0.00,0.00,0.0,0.000,0.002,34.618,20.397,0.00
1786244408,bench_mixed,0.00,0.00,0.0,0.000,0.002,34.618,20.398,0.00
1786244413,bench_mixed,0.00,0.00,0.0,0.000,0.002,34.618,20.398,0.00
1786244418,bench_mixed,0.00,0.00,0.0,0.000,0.002,34.618,20.399,0.00
1786244423,bench_mixed,0.00,0.00,0.0,0.000,0.002,34.618,20.399,0.00
1786244428,bench_mixed,0.00,0.00,0.0,0.000,0.002,34.618,20.398,0.00
1786244433,bench_mixed,0.00,0.00,0.0,0.000,0.002,34.618,20.399,0.00
1786244438,bench_mixed,0.00,0.00,0.0,0.000,0.002,34.618,20.397,0.00
1786244443,bench_mixed,0.00,0.00,0.0,0.000,0.002,34.618,20.396,0.00
1786244448,bench_mixed,0.00,0.00,0.0,0.000,0.002,34.618,20.395,0.00
1786244454,bench_mixed,0.00,0.00,0.0,0.000,0.002,34.618,20.395,0.00
1786244459,bench_mixed,0.00,0.00,0.0,0.000,0.002,34.618,20.393,0.00
1786244464,bench_mixed,0.00,0.00,0.0,0.000,0.002,34.618,20.395,0.00
1786244469,bench_mixed,0.00,0.00,0.0,0.000,0.002,34.618,20.392,0.00
1786244474,bench_mixed,0.00,0.00,0.0,0.000,0.002,34.618,20.385,0.03
1786244479,bench_mixed,0.00,0.00,0.0,0.000,0.002,34.618,20.388,0.00
1786244484,bench_mixed,0.00,0.00,0.0,0.000,0.002,34.618,20.388,0.00
1786244489,bench_mixed,0.00,0.00,0.0,0.000,0.002,34.618,20.387,0.00
1786244494,bench_mixed,0.00,0.00,0.0,0.000,0.002,34.618,20.387,0.00
1786244499,bench_mixed,0.00,0.00,0.0,0.000,0.002,34.618,20.386,0.00
1786244504,bench_mixed,0.00,0.00,0.0,0.000,0.002,34.618,20.386,0.00
1786244509,bench_mixed,0.00,0.00,0.0,0.000,0.002,34.618,20.385,0.00
1786244514,bench_mixed,0.00,0.00,0.0,0.000,0.002,34.618,20.385,0.00
1786244519,bench_mixed,0.00,0.00,0.0,0.000,0.002,34.618,20.384,0.00
1786244524,bench_mixed,0.00,0.00,0.0,0.000,0.002,34.618,20.384,0.00
1786244529,bench_mixed,0.00,0.00,0.0,0.000,0.002,34.618,20.388,0.00
1786244534,bench_mixed,0.00,0.00,0.0,0.000,0.002,34.618,20.388,0.00
1786244539,bench_mixed,0.00,0.00,0.0,0.000,0.002,34.618,20.389,0.00
1786244544,bench_mixed,0.00,0.00,0.0,0.000,0.002,34.618,20.389,0.00
1786244550,bench_mixed,0.00,0.00,0.0,0.000,0.002,34.618,20.393,0.00
1786244555,bench_mixed,0.00,0.00,0.0,0.000,0.002,34.618,20.393,0.00
1786244560,bench_mixed,0.00,0.00,0.0,0.000,0.002,34.618,20.391,0.00
1786244565,bench_mixed,0.00,0.00,0.0,0.000,0.002,34.618,20.392,0.00
1786244570,bench_mixed,0.00,0.00,0.0,0.000,0.002,34.618,20.391,0.00
1786244575,bench_mixed,0.00,0.00,0.0,0.000,0.002,34.618,20.391,0.00
1786244580,bench_mixed,0.00,0.00,0.0,0.000,0.002,34.618,20.393,0.00
1786244585,bench_mixed,0.00,0.00,0.0,0.000,0.002,34.618,20.394,0.00
1786244590,bench_mixed,0.00,0.00,0.0,0.000,0.002,34.618,20.398,0.00
1786244595,bench_mixed,0.00,0.00,0.0,0.000,0.002,34.618,20.398,0.00
1786244600,bench_mixed,0.00,0.00,0.0,0.000,0.002,34.618,20.398,0.00
1786244605,bench_mixed,0.00,0.00,0.0,0.000,0.002,34.618,20.399,0.00
1786244610,bench_mixed,0.00,0.00,0.0,0.000,0.002,34.618,20.400,0.00
1786244615,bench_mixed,0.00,0.00,0.0,0.000,0.002,34.618,20.401,0.00
1786244620,bench_mixed,0.00,0.00,0.0,0.000,0.002,34.618,20.401,0.00
1786244625,bench_mixed,0.00,0.00,0.0,0.000,0.002,34.618,20.402,0.00
1786244630,bench_mixed,0.00,0.00,0.0,0.000,0.002,34.618,20.404,0.00
1786244635,bench_mixed,0.00,0.00,0.0,0.000,0.002,34.618,20.404,0.00
1786244640,bench_mixed,0.00,0.00,0.0,0.000,0.002,34.618,20.405,0.00
1786244646,bench_mixed,0.00,0.00,0.0,0.000,0.002,34.618,20.406,0.00
1786244651,bench_mixed,0.00,0.00,0.0,0.000,0.002,34.618,20.404,0.00
1786244656,bench_mixed,0.00,0.00,0.0,0.000,0.002,34.618,20.404,0.00
1786244661,bench_mixed,0.00,0.00,0.0,0.000,0.002,34.618,20.401,0.00
1786244666,bench_mixed,0.00,0.00,0.0,0.000,0.002,34.618,20.401,0.00
1786244671,bench_mixed,0.00,0.00,0.0,0.000,0.002,34.618,20.400,0.00
1786244676,bench_mixed,0.00,0.00,0.0,0.000,0.002,34.618,20.400,0.00
1786244681,bench_mixed,0.00,0.00,0.0,0.000,0.002,34.618,20.401,0.00
1786244686,bench_mixed,0.00,0.00,0.0,0.000,0.002,34.618,20.401,0.00
1786244691,bench_mixed,0.00,0.00,0.0,0.000,0.002,34.618,20.402,0.00
1786244696,bench_mixed,0.00,0.00,0.0,0.000,0.002,34.618,20.402,0.00
1786244701,bench_mixed,0.00,0.00,0.0,0.000,0.002,34.618,20.403,0.00
1786244706,bench_mixed,0.00,0.00,0.0,0.000,0.002,34.618,20.403,0.00
1786244711,bench_mixed,0.00,0.00,0.0,0.000,0.002,34.618,20.402,0.00
1786244716,bench_mixed,0.00,0.00,0.0,0.000,0.002,34.618,20.401,0.00
1786244721,bench_mixed,0.00,0.00,0.0,0.000,0.002,34.618,20.402,0.00
1786244726,bench_mixed,0.00,0.00,0.0,0.000,0.002,34.618,20.403,0.00
1786244731,bench_mixed,0.00,0.00,0.0,0.000,0.002,34.618,20.403,0.00
1786244736,bench_mixed,0.00,0.00,0.0,0.000,0.002,34.618,20.403,0.00
1786244742,bench_mixed,0.00,0.00,0.0,0.000,0.002,34.618,20.404,0.00
1786244747,bench_mixed,0.00,0.00,0.0,0.000,0.002,34.618,20.403,0.00
1786244752,bench_mixed,0.00,0.00,0.0,0.000,0.002,34.618,20.403,0.00
1786244757,bench_mixed,0.00,0.00,0.0,0.000,0.002,34.618,20.401,0.00
1786244762,bench_mixed,0.00,0.00,0.0,0.000,0.002,34.618,20.402,0.00
1786244767,bench_mixed,0.00,0.00,0.0,0.000,0.002,34.618,20.402,0.00
1786244772,bench_mixed,0.00,0.00,0.0,0.000,0.002,34.618,20.392,0.03
1786244777,bench_mixed,0.00,0.00,0.0,0.000,0.002,34.618,20.393,0.00
1786244782,bench_mixed,0.00,0.00,0.0,0.000,0.002,34.618,20.394,0.00
1786244787,bench_mixed,0.00,0.00,0.0,0.000,0.002,34.618,20.394,0.00
1786244792,bench_mixed,0.00,0.00,0.0,0.000,0.002,34.618,20.394,0.00
1786244797,bench_mixed,0.00,0.00,0.0,0.000,0.002,34.618,20.393,0.00
1786244802,bench_mixed,0.00,0.00,0.0,0.000,0.002,34.618,20.393,0.00
1786244807,bench_mixed,0.00,0.00,0.0,0.000,0.002,34.618,20.394,0.00
1786244812,bench_mixed,0.00,0.00,0.0,0.000,0.002,34.618,20.393,0.00
1786244817,bench_mixed,0.00,0.00,0.0,0.000,0.002,34.618,20.395,0.00
1786244822,bench_mixed,0.00,0.00,0.0,0.000,0.002,34.618,20.395,0.00
1786244827,bench_mixed,0.00,0.00,0.0,0.000,0.002,34.618,20.396,0.00
1786244832,bench_mixed,0.00,0.00,0.0,0.000,0.002,34.618,20.396,0.00
1786244837,bench_mixed,0.00,0.00,0.0,0.000,0.002,34.618,20.399,0.00
1786244843,bench_mixed,0.00,0.00,0.0,0.000,0.002,34.618,20.400,0.00
1786244848,bench_mixed,0.00,0.00,0.0,0.000,0.002,34.618,20.397,0.00
1786244853,bench_mixed,0.00,0.00,0.0,0.000,0.002,34.618,20.397,0.00
1786244858,bench_mixed,0.00,0.00,0.0,0.000,0.002,34.618,20.397,0.00
1786244863,bench_mixed,0.00,0.00,0.0,0.000,0.002,34.618,20.397,0.00
1786244868,bench_mixed,0.00,0.00,0.0,0.000,0.002,34.618,20.397,0.00
1786244873,bench_mixed,0.00,0.00,0.0,0.000,0.002,34.618,20.396,0.00
1786244878,bench_mixed,0.00,0.00,0.0,0.000,0.002,34.618,20.397,0.00
1786244883,bench_mixed,0.00,0.00,0.0,0.000,0.002,34.618,20.398,0.00
1786244888,bench_mixed,0.00,0.00,0.0,0.000,0.002,34.618,20.397,0.00
1786244893,bench_mixed,0.00,0.00,0.0,0.000,0.002,34.618,20.397,0.00
1786244898,bench_mixed,0.00,0.00,0.0,0.000,0.002,34.618,20.397,0.00
1786244903,bench_mixed,0.00,0.00,0.0,0.000,0.002,34.618,20.398,0.00
1786244908,bench_mixed,0.00,0.00,0.0,0.000,0.002,34.618,20.399,0.00
1786244913,bench_mixed,0.00,0.00,0.0,0.000,0.002,34.618,20.400,0.00
1786244918,bench_mixed,0.00,0.00,0.0,0.000,0.002,34.618,20.405,0.00
1786244923,bench_mixed,0.00,0.00,0.0,0.000,0.002,34.618,20.405,0.00
1786244928,bench_mixed,0.00,0.00,0.0,0.000,0.002,34.618,20.404,0.00
1786244933,bench_mixed,0.00,0.00,0.0,0.000,0.002,34.618,20.405,0.00
1786244939,bench_mixed,0.00,0.00,0.0,0.000,0.002,34.618,20.404,0.00
1786244944,bench_mixed,0.00,0.00,0.0,0.000,0.002,34.618,20.405,0.00
1786244949,bench_mixed,0.00,0.00,0.0,0.000,0.002,34.618,20.404,0.00
1786244954,bench_mixed,0.00,0.00,0.0,0.000,0.002,34.618,20.405,0.00
1786244959,bench_mixed,0.00,0.00,0.0,0.000,0.002,34.618,20.407,0.00
1786244964,bench_mixed,0.00,0.00,0.0,0.000,0.002,34.618,20.407,0.00
1786244969,bench_mixed,0.00,0.00,0.0,0.000,0.002,34.618,20.408,0.00
1786244974,bench_mixed,0.00,0.00,0.0,0.000,0.002,34.618,20.408,0.00
1786244979,bench_mixed,0.00,0.00,0.0,0.000,0.002,34.618,20.409,0.00
1786244984,bench_mixed,0.00,0.00,0.0,0.000,0.002,34.618,20.410,0.00
1786244989,bench_mixed,0.00,0.00,0.0,0.000,0.002,34.618,20.408,0.00
1786244994,bench_mixed,0.00,0.00,0.0,0.000,0.002,34.618,20.409,0.00
1786244999,bench_mixed,0.00,0.00,0.0,0.000,0.002,34.618,20.407,0.00
1786245004,bench_mixed,0.00,0.00,0.0,0.000,0.002,34.618,20.407,0.00
1786245009,bench_mixed,0.00,0.00,0.0,0.000,0.002,34.618,20.405,0.00
1786245014,bench_mixed,0.00,0.00,0.0,0.000,0.002,34.618,20.405,0.00
1786245019,bench_mixed,0.00,0.00,0.0,0.000,0.002,34.618,20.405,0.00
1786245024,bench_mixed,0.00,0.00,0.0,0.000,0.002,34.618,20.405,0.00
1786245029,bench_mixed,0.00,0.00,0.0,0.000,0.002,34.618,20.404,0.00
1786245035,bench_mixed,0.00,0.00,0.0,0.000,0.002,34.618,20.404,0.00
1786245040,bench_mixed,0.00,0.00,0.0,0.000,0.002,34.618,20.402,0.00
1786245045,bench_mixed,0.00,0.00,0.0,0.000,0.002,34.618,20.402,0.00
1786245050,bench_mixed,0.00,0.00,0.0,0.000,0.002,34.618,20.401,0.00
1786245055,bench_mixed,0.00,0.00,0.0,0.000,0.002,34.618,20.400,0.00
1786245060,bench_mixed,0.00,0.00,0.0,0.000,0.002,34.618,20.389,0.00
1786245065,bench_mixed,0.00,0.00,0.0,0.000,0.002,34.618,20.400,0.00
1786245070,bench_mixed,0.00,0.00,0.0,0.000,0.002,34.618,20.401,0.00
1786245075,bench_mixed,0.00,0.00,0.0,0.000,0.002,34.618,20.391,0.03
1786245080,bench_mixed,0.00,0.00,0.0,0.000,0.002,34.618,20.391,0.00
1786245085,bench_mixed,0.00,0.00,0.0,0.000,0.002,34.618,20.392,0.00
1786245090,bench_mixed,0.00,0.00,0.0,0.000,0.002,34.618,20.392,0.00
1786245095,bench_mixed,0.00,0.00,0.0,0.000,0.002,34.618,20.393,0.00
1786245100,bench_mixed,0.00,0.00,0.0,0.000,0.002,34.618,20.393,0.00
1786245105,bench_mixed,0.00,0.00,0.0,0.000,0.002,34.618,20.392,0.00
1786245110,bench_mixed,0.00,0.00,0.0,0.000,0.002,34.618,20.392,0.00
1786245115,bench_mixed,0.00,0.00,0.0,0.000,0.002,34.618,20.391,0.00
1786245120,bench_mixed,0.00,0.00,0.0,0.000,0.002,34.618,20.391,0.00
1786245125,bench_mixed,0.00,0.00,0.0,0.000,0.002,34.618,20.393,0.00
1786245131,bench_mixed,0.00,0.00,0.0,0.000,0.002,34.618,20.393,0.00
1786245136,bench_mixed,0.00,0.00,0.0,0.000,0.002,34.618,20.393,0.00
1786245141,bench_mixed,0.00,0.00,0.0,0.000,0.002,34.618,20.393,0.00
1786245146,bench_mixed,0.00,0.00,0.0,0.000,0.002,34.618,20.392,0.00
1786245151,bench_mixed,0.00,0.00,0.0,0.000,0.002,34.618,20.393,0.00
1786245156,bench_mixed,0.00,0.00,0.0,0.000,0.002,34.618,20.393,0.00
1786245161,bench_mixed,0.00,0.00,0.0,0.000,0.002,34.618,20.393,0.00
1786245166,bench_mixed,0.00,0.00,0.0,0.000,0.002,34.618,20.394,0.00
1786245171,bench_mixed,0.00,0.00,0.0,0.000,0.002,34.618,20.395,0.00
1786245176,bench_mixed,0.00,0.00,0.0,0.000,0.002,34.618,20.398,0.00
1786245181,bench_mixed,0.00,0.00,0.0,0.000,0.002,34.618,20.398,0.00
1786245186,bench_mixed,0.00,0.00,0.0,0.000,0.002,34.618,20.400,0.00
1786245191,bench_mixed,0.00,0.00,0.0,0.000,0.002,34.618,20.400,0.00
1786245196,bench_mixed,0.00,0.00,0.0,0.000,0.002,34.618,20.400,0.00
1786245201,bench_mixed,0.00,0.00,0.0,0.000,0.002,34.618,20.400,0.00
1786245206,bench_mixed,0.00,0.00,0.0,0.000,0.002,34.618,20.401,0.00
1786245211,bench_mixed,0.00,0.00,0.0,0.000,0.002,34.618,20.401,0.00
1786245216,bench_mixed,0.00,0.00,0.0,0.000,0.002,34.618,20.399,0.00
1786245221,bench_mixed,0.00,0.00,0.0,0.000,0.002,34.618,20.399,0.00
1786245227,bench_mixed,0.00,0.00,0.0,0.000,0.002,34.618,20.398,0.00
1786245232,bench_mixed,0.00,0.00,0.0,0.000,0.002,34.618,20.398,0.00
1786245237,bench_mixed,0.00,0.00,0.0,0.000,0.002,34.618,20.399,0.00
1786245242,bench_mixed,0.00,0.00,0.0,0.000,0.002,34.618,20.399,0.00
1786245247,bench_mixed,0.00,0.00,0.0,0.000,0.002,34.618,20.398,0.00
1786245252,bench_mixed,0.00,0.00,0.0,0.000,0.002,34.618,20.398,0.00
1786245257,bench_mixed,0.00,0.00,0.0,0.000,0.002,34.618,20.398,0.00
1786245262,bench_mixed,0.00,0.00,0.0,0.000,0.002,34.618,20.400,0.00
1786245267,bench_mixed,0.00,0.00,0.0,0.000,0.002,34.618,20.400,0.00
1786245272,bench_mixed,0.00,0.00,0.0,0.000,0.002,34.618,20.400,0.00
1786245277,bench_mixed,0.00,0.00,0.0,0.000,0.002,34.618,20.400,0.00
1786245282,bench_mixed,0.00,0.00,0.0,0.000,0.002,34.618,20.400,0.00
1786245287,bench_mixed,0.00,0.00,0.0,0.000,0.002,34.618,20.399,0.00
1786245292,bench_mixed,0.00,0.00,0.0,0.000,0.002,34.618,20.400,0.00
1786245297,bench_mixed,0.00,0.00,0.0,0.000,0.002,34.618,20.400,0.00
1786245302,bench_mixed,0.00,0.00,0.0,0.000,0.002,34.618,20.400,0.00
1786245307,bench_mixed,0.00,0.00,0.0,0.000,0.002,34.618,20.400,0.00
1786245312,bench_mixed,0.00,0.00,0.0,0.000,0.002,34.618,20.400,0.00
1786245317,bench_mixed,0.00,0.00,0.0,0.000,0.002,34.618,20.399,0.00
1786245323,bench_mixed,0.00,0.00,0.0,0.000,0.002,34.618,20.399,0.00
1786245328,bench_mixed,0.00,0.00,0.0,0.000,0.002,34.618,20.404,0.00
1786245333,bench_mixed,0.00,0.00,0.0,0.000,0.002,34.618,20.404,0.00
1786245338,bench_mixed,0.00,0.00,0.0,0.000,0.002,34.618,20.403,0.00
1786245343,bench_mixed,0.00,0.00,0.0,0.000,0.002,34.618,20.403,0.00
1786245348,bench_mixed,0.00,0.00,0.0,0.000,0.002,34.618,20.407,0.00
1786245353,bench_mixed,0.00,0.00,0.0,0.000,0.002,34.618,20.407,0.00
1786245358,bench_mixed,0.00,0.00,0.0,0.000,0.002,34.618,20.410,0.00
1786245363,bench_mixed,0.00,0.00,0.0,0.000,0.002,34.618,20.411,0.00
1786245368,bench_mixed,0.00,0.00,0.0,0.000,0.002,34.618,20.411,0.00
1786245373,bench_mixed,0.00,0.00,0.0,0.000,0.002,34.618,20.405,0.03
1786245378,bench_mixed,0.00,0.00,0.0,0.000,0.002,34.618,20.407,0.00
1786245383,bench_mixed,0.00,0.00,0.0,0.000,0.002,34.618,20.407,0.00
1786245388,bench_mixed,0.00,0.00,0.0,0.000,0.002,34.618,20.408,0.00
1786245393,bench_mixed,0.00,0.00,0.0,0.000,0.002,34.618,20.409,0.00
1786245398,bench_mixed,0.00,0.00,0.0,0.000,0.002,34.618,20.408,0.00
1786245403,bench_mixed,0.00,0.00,0.0,0.000,0.002,34.618,20.409,0.00
1786245408,bench_mixed,0.00,0.00,0.0,0.000,0.002,34.618,20.406,0.00
1786245413,bench_mixed,0.00,0.00,0.0,0.000,0.002,34.618,20.406,0.00
1786245419,bench_mixed,0.00,0.00,0.0,0.000,0.002,34.618,20.398,0.00
1786245424,bench_mixed,0.00,0.00,0.0,0.000,0.002,34.618,20.403,0.00
1786245429,bench_mixed,0.00,0.00,0.0,0.000,0.002,34.618,20.403,0.00
1786245434,bench_mixed,0.00,0.00,0.0,0.000,0.002,34.618,20.405,0.00
1786245439,bench_mixed,0.00,0.00,0.0,0.000,0.002,34.618,20.406,0.00
1786245444,bench_mixed,0.00,0.00,0.0,0.000,0.002,34.618,20.404,0.00
1786245449,bench_mixed,0.00,0.00,0.0,0.000,0.002,34.618,20.404,0.00
1786245454,bench_mixed,0.00,0.00,0.0,0.000,0.002,34.618,20.402,0.00
1786245459,bench_mixed,0.00,0.00,0.0,0.000,0.002,34.618,20.401,0.00
1786245464,bench_mixed,0.00,0.00,0.0,0.000,0.002,34.618,20.401,0.00
1786245469,bench_mixed,0.00,0.00,0.0,0.000,0.002,34.618,20.401,0.00
1786245474,bench_mixed,0.00,0.00,0.0,0.000,0.002,34.618,20.401,0.00
1786245479,bench_mixed,0.00,0.00,0.0,0.000,0.002,34.618,20.401,0.00
1786245484,bench_mixed,0.00,0.00,0.0,0.000,0.002,34.618,20.404,0.00
1786245489,bench_mixed,0.00,0.00,0.0,0.000,0.002,34.618,20.403,0.00
1786245494,bench_mixed,0.00,0.00,0.0,0.000,0.002,34.618,20.403,0.00
1786245499,bench_mixed,0.00,0.00,0.0,0.000,0.002,34.618,20.403,0.00
1786245504,bench_mixed,0.00,0.00,0.0,0.000,0.002,34.618,20.403,0.00
1786245509,bench_mixed,0.00,0.00,0.0,0.000,0.002,34.618,20.403,0.00
1786245515,bench_mixed,0.00,0.00,0.0,0.000,0.002,34.618,20.405,0.00
1786245520,bench_mixed,0.00,0.00,0.0,0.000,0.002,34.618,20.404,0.00
1786245525,bench_mixed,0.00,0.00,0.0,0.000,0.002,34.618,20.404,0.00
1786245530,bench_mixed,0.00,0.00,0.0,0.000,0.002,34.618,20.405,0.00
1786245535,bench_mixed,0.00,0.00,0.0,0.000,0.002,34.618,20.404,0.00
1786245540,bench_mixed,0.00,0.00,0.0,0.000,0.002,34.618,20.404,0.00
1786245545,bench_mixed,0.00,0.00,0.0,0.000,0.002,34.618,20.401,0.00
1786245550,bench_mixed,0.00,0.00,0.0,0.000,0.002,34.618,20.401,0.00
1786245555,bench_mixed,0.00,0.00,0.0,0.000,0.002,34.618,20.399,0.00
1786245560,bench_mixed,0.00,0.00,0.0,0.000,0.002,34.618,20.400,0.00
1786245565,bench_mixed,0.00,0.00,0.0,0.000,0.002,34.618,20.400,0.00
1786245570,bench_mixed,0.00,0.00,0.0,0.000,0.002,34.618,20.400,0.00
1786245575,bench_mixed,0.00,0.00,0.0,0.000,0.002,34.618,20.399,0.00
1786245580,bench_mixed,0.00,0.00,0.0,0.000,0.002,34.618,20.400,0.00
1786245585,bench_mixed,0.00,0.00,0.0,0.000,0.002,34.618,20.398,0.00
1786245590,bench_mixed,0.00,0.00,0.0,0.000,0.002,34.618,20.398,0.00
1786245595,bench_mixed,0.00,0.00,0.0,0.000,0.002,34.618,20.398,0.00
1786245600,bench_mixed,0.00,0.00,0.0,0.000,0.002,34.618,20.398,0.00
1786245605,bench_mixed,0.00,0.00,0.0,0.000,0.002,34.618,20.399,0.00
1786245611,bench_mixed,0.00,0.00,0.0,0.000,0.002,34.618,20.399,0.00
1786245616,bench_mixed,0.00,0.00,0.0,0.000,0.002,34.618,20.397,0.00
1786245621,bench_mixed,0.00,0.00,0.0,0.000,0.002,34.618,20.398,0.00
1786245626,bench_mixed,0.00,0.00,0.0,0.000,0.002,34.618,20.397,0.00
1786245631,bench_mixed,0.00,0.00,0.0,0.000,0.002,34.618,20.397,0.00
1786245636,bench_mixed,0.00,0.00,0.0,0.000,0.002,34.618,20.396,0.00
1786245641,bench_mixed,0.00,0.00,0.0,0.000,0.002,34.618,20.397,0.00
1786245646,bench_mixed,0.00,0.00,0.0,0.000,0.002,34.618,20.397,0.00
1786245651,bench_mixed,0.00,0.00,0.0,0.000,0.002,34.618,20.398,0.00
1786245656,bench_mixed,0.00,0.00,0.0,0.000,0.002,34.618,20.396,0.00
1786245661,bench_mixed,0.00,0.00,0.0,0.000,0.002,34.618,20.396,0.00
1786245666,bench_mixed,0.00,0.00,0.0,0.000,0.002,34.618,20.396,0.00
1786245671,bench_mixed,0.00,0.00,0.0,0.000,0.002,34.618,20.393,0.02
1786245676,bench_mixed,0.00,0.00,0.0,0.000,0.002,34.618,20.393,0.01
1786245681,bench_mixed,0.00,0.00,0.0,0.000,0.002,34.618,20.394,0.00
1786245686,bench_mixed,0.00,0.00,0.0,0.000,0.002,34.618,20.392,0.00
1786245691,bench_mixed,0.00,0.00,0.0,0.000,0.002,34.618,20.393,0.00
1786245696,bench_mixed,0.00,0.00,0.0,0.000,0.002,34.618,20.398,0.00
1786245701,bench_mixed,0.00,0.00,0.0,0.000,0.002,34.618,20.398,0.00
1786245707,bench_mixed,0.00,0.00,0.0,0.000,0.002,34.618,20.401,0.00
1786245712,bench_mixed,0.00,0.00,0.0,0.000,0.002,34.618,20.401,0.00
1786245717,bench_mixed,0.00,0.00,0.0,0.000,0.002,34.618,20.399,0.00
1786245722,bench_mixed,0.00,0.00,0.0,0.000,0.002,34.618,20.400,0.00
1786245727,bench_mixed,0.00,0.00,0.0,0.000,0.002,34.618,20.400,0.00
1786245732,bench_mixed,0.00,0.00,0.0,0.000,0.002,34.618,20.400,0.00
1786245737,bench_mixed,0.00,0.00,0.0,0.000,0.002,34.618,20.404,0.00
1786245742,bench_mixed,0.00,0.00,0.0,0.000,0.002,34.618,20.405,0.00
1786245747,bench_mixed,0.00,0.00,0.0,0.000,0.002,34.618,20.405,0.00
1786245752,bench_mixed,0.00,0.00,0.0,0.000,0.002,34.618,20.405,0.00
1786245757,bench_mixed,0.00,0.00,0.0,0.000,0.002,34.618,20.406,0.00
1786245762,bench_mixed,0.00,0.00,0.0,0.000,0.002,34.618,20.405,0.00
1786245767,bench_mixed,0.00,0.00,0.0,0.000,0.002,34.618,20.405,0.00
1786245772,bench_mixed,0.00,0.00,0.0,0.000,0.002,34.618,20.405,0.00
1786245777,bench_mixed,0.00,0.00,0.0,0.000,0.002,34.618,20.397,0.00
1786245782,bench_mixed,0.00,0.00,0.0,0.000,0.002,34.618,20.405,0.00
1786245787,bench_mixed,0.00,0.00,0.0,0.000,0.002,34.618,20.406,0.00
1786245792,bench_mixed,0.00,0.00,0.0,0.000,0.002,34.618,20.405,0.00
1786245797,bench_mixed,0.00,0.00,0.0,0.000,0.002,34.618,20.404,0.00
1786245803,bench_mixed,0.00,0.00,0.0,0.000,0.002,34.618,20.404,0.00
1786245808,bench_mixed,0.00,0.00,0.0,0.000,0.002,34.618,20.405,0.00
1786245813,bench_mixed,0.00,0.00,0.0,0.000,0.002,34.618,20.405,0.00
1786245818,bench_mixed,0.00,0.00,0.0,0.000,0.002,34.618,20.404,0.00
1786245823,bench_mixed,0.00,0.00,0.0,0.000,0.002,34.618,20.403,0.00
1786245828,bench_mixed,0.00,0.00,0.0,0.000,0.002,34.618,20.404,0.00
1786245833,bench_mixed,0.00,0.00,0.0,0.000,0.002,34.618,20.404,0.00
1786245838,bench_mixed,0.00,0.00,0.0,0.000,0.002,34.618,20.404,0.00
1786245843,bench_mixed,0.00,0.00,0.0,0.000,0.002,34.618,20.407,0.00
1786245848,bench_mixed,0.00,0.00,0.0,0.000,0.002,34.618,20.408,0.00
1786245853,bench_mixed,0.00,0.00,0.0,0.000,0.002,34.618,20.405,0.00
1786245858,bench_mixed,0.00,0.00,0.0,0.000,0.002,34.618,20.405,0.00
1786245863,bench_mixed,0.00,0.00,0.0,0.000,0.002,34.618,20.408,0.00
1786245868,bench_mixed,0.00,0.00,0.0,0.000,0.002,34.618,20.409,0.00
1786245873,bench_mixed,0.00,0.00,0.0,0.000,0.002,34.618,20.408,0.00
1786245878,bench_mixed,0.00,0.00,0.0,0.000,0.002,34.618,20.408,0.00
1786245883,bench_mixed,0.00,0.00,0.0,0.000,0.002,34.618,20.409,0.00
1786245888,bench_mixed,0.00,0.00,0.0,0.000,0.002,34.618,20.409,0.00
1786245893,bench_mixed,0.00,0.00,0.0,0.000,0.002,34.618,20.406,0.00
1786245899,bench_mixed,0.00,0.00,0.0,0.000,0.002,34.618,20.405,0.00
1786245904,bench_mixed,0.00,0.00,0.0,0.000,0.002,34.618,20.405,0.00
1786245909,bench_mixed,0.00,0.00,0.0,0.000,0.002,34.618,20.405,0.00
1786245914,bench_mixed,0.00,0.00,0.0,0.000,0.002,34.618,20.406,0.00
1786245919,bench_mixed,0.00,0.00,0.0,0.000,0.002,34.618,20.406,0.00
1786245924,bench_mixed,0.00,0.00,0.0,0.000,0.002,34.618,20.405,0.00
1786245929,bench_mixed,0.00,0.00,0.0,0.000,0.002,34.618,20.406,0.00
1786245934,bench_mixed,0.00,0.00,0.0,0.000,0.002,34.618,20.404,0.00
1786245939,bench_mixed,0.00,0.00,0.0,0.000,0.002,34.618,20.404,0.00
1786245944,bench_mixed,0.00,0.00,0.0,0.000,0.002,34.618,20.404,0.00
1786245949,bench_mixed,0.00,0.00,0.0,0.000,0.002,34.618,20.403,0.00
1786245954,bench_mixed,0.00,0.00,0.0,0.000,0.002,34.618,20.406,0.00
1786245959,bench_mixed,0.00,0.00,0.0,0.000,0.002,34.618,20.407,0.00
1786245964,bench_mixed,0.00,0.00,0.0,0.000,0.002,34.618,20.405,0.00
1786245969,bench_mixed,0.00,0.00,0.0,0.000,0.002,34.618,20.405,0.00
1786245974,bench_mixed,0.00,0.00,0.0,0.000,0.002,34.618,20.400,0.03
1786245979,bench_mixed,0.00,0.00,0.0,0.000,0.002,34.618,20.400,0.00
1786245984,bench_mixed,0.00,0.00,0.0,0.000,0.002,34.618,20.401,0.00
1786245989,bench_mixed,0.00,0.00,0.0,0.000,0.002,34.618,20.401,0.00
1786245995,bench_mixed,0.00,0.00,0.0,0.000,0.002,34.618,20.403,0.00
1786246000,bench_mixed,0.00,0.00,0.0,0.000,0.002,34.618,20.402,0.00
1786246005,bench_mixed,0.00,0.00,0.0,0.000,0.002,34.618,20.400,0.00
1786246010,bench_mixed,0.00,0.00,0.0,0.000,0.002,34.618,20.400,0.00
1786246015,bench_mixed,0.00,0.00,0.0,0.000,0.002,34.618,20.401,0.00
1786246020,bench_mixed,0.00,0.00,0.0,0.000,0.002,34.618,20.399,0.00
1786246025,bench_mixed,0.00,0.00,0.0,0.000,0.002,34.618,20.397,0.00
1786246030,bench_mixed,0.00,0.00,0.0,0.000,0.002,34.618,20.397,0.00
1786246035,bench_mixed,0.00,0.00,0.0,0.000,0.002,34.618,20.400,0.00
1786246040,bench_mixed,0.00,0.00,0.0,0.000,0.002,34.618,20.400,0.00
1786246045,bench_mixed,0.00,0.00,0.0,0.000,0.002,34.618,20.402,0.00
1786246050,bench_mixed,0.00,0.00,0.0,0.000,0.002,34.618,20.403,0.00
1786246055,bench_mixed,0.00,0.00,0.0,0.000,0.002,34.618,20.404,0.00
1786246060,bench_mixed,0.00,0.00,0.0,0.000,0.002,34.618,20.405,0.00
1786246065,bench_mixed,0.00,0.00,0.0,0.000,0.002,34.618,20.405,0.00
1786246070,bench_mixed,0.00,0.00,0.0,0.000,0.002,34.618,20.405,0.00
1786246075,bench_mixed,0.00,0.00,0.0,0.000,0.002,34.618,20.405,0.00
1786246080,bench_mixed,0.00,0.00,0.0,0.000,0.002,34.618,20.405,0.00
1786246085,bench_mixed,0.00,0.00,0.0,0.000,0.002,34.618,20.403,0.00
1786246091,bench_mixed,0.00,0.00,0.0,0.000,0.002,34.618,20.404,0.00
1786246096,bench_mixed,0.00,0.00,0.0,0.000,0.002,34.618,20.402,0.00
1786246101,bench_mixed,0.00,0.00,0.0,0.000,0.002,34.618,20.401,0.00
1786246106,bench_mixed,0.00,0.00,0.0,0.000,0.002,34.618,20.401,0.00
1786246111,bench_mixed,0.00,0.00,0.0,0.000,0.002,34.618,20.400,0.00
1786246116,bench_mixed,0.00,0.00,0.0,0.000,0.002,34.618,20.401,0.00
1786246121,bench_mixed,0.00,0.00,0.0,0.000,0.002,34.618,20.402,0.00
1786246126,bench_mixed,0.00,0.00,0.0,0.000,0.002,34.618,20.405,0.00
1786246131,bench_mixed,0.00,0.00,0.0,0.000,0.002,34.618,20.405,0.00
1786246136,bench_mixed,0.00,0.00,0.0,0.000,0.002,34.618,20.398,0.00
1786246141,bench_mixed,0.00,0.00,0.0,0.000,0.002,34.618,20.403,0.00
1786246146,bench_mixed,0.00,0.00,0.0,0.000,0.002,34.618,20.403,0.00
1786246151,bench_mixed,0.00,0.00,0.0,0.000,0.002,34.618,20.405,0.00
1786246156,bench_mixed,0.00,0.00,0.0,0.000,0.002,34.618,20.406,0.00
1786246161,bench_mixed,0.00,0.00,0.0,0.000,0.002,34.618,20.405,0.00
1786246166,bench_mixed,0.00,0.00,0.0,0.000,0.002,34.618,20.404,0.00
1786246171,bench_mixed,0.00,0.00,0.0,0.000,0.002,34.618,20.406,0.00
1786246176,bench_mixed,0.00,0.00,0.0,0.000,0.002,34.618,20.405,0.00
1786246181,bench_mixed,0.00,0.00,0.0,0.000,0.002,34.618,20.405,0.00
1786246187,bench_mixed,0.00,0.00,0.0,0.000,0.002,34.618,20.405,0.00
1786246192,bench_mixed,0.00,0.00,0.0,0.000,0.002,34.618,20.406,0.00
1786246197,bench_mixed,0.00,0.00,0.0,0.000,0.002,34.618,20.406,0.00
1786246202,bench_mixed,0.00,0.00,0.0,0.000,0.002,34.618,20.405,0.00
1786246207,bench_mixed,0.00,0.00,0.0,0.000,0.002,34.618,20.406,0.00
1786246212,bench_mixed,0.00,0.00,0.0,0.000,0.002,34.618,20.406,0.00
1786246217,bench_mixed,0.00,0.00,0.0,0.000,0.002,34.618,20.406,0.00
1786246222,bench_mixed,0.00,0.00,0.0,0.000,0.002,34.618,20.405,0.00
1786246227,bench_mixed,0.00,0.00,0.0,0.000,0.002,34.618,20.405,0.00
1786246232,bench_mixed,0.00,0.00,0.0,0.000,0.002,34.618,20.406,0.00
1786246237,bench_mixed,0.00,0.00,0.0,0.000,0.002,34.618,20.406,0.00
1786246242,bench_mixed,0.00,0.00,0.0,0.000,0.002,34.618,20.403,0.00
1786246247,bench_mixed,0.00,0.00,0.0,0.000,0.002,34.618,20.403,0.00
1786246252,bench_mixed,0.00,0.00,0.0,0.000,0.002,34.618,20.404,0.00
1786246257,bench_mixed,0.00,0.00,0.0,0.000,0.002,34.618,20.404,0.00
1786246262,bench_mixed,0.00,0.00,0.0,0.000,0.002,34.618,20.405,0.00
1786246267,bench_mixed,0.00,0.00,0.0,0.000,0.002,34.618,20.405,0.00
1786246272,bench_mixed,0.00,0.00,0.0,0.000,0.002,34.618,20.398,0.03
1786246277,bench_mixed,0.00,0.00,0.0,0.000,0.002,34.618,20.398,0.00
1786246283,bench_mixed,0.00,0.00,0.0,0.000,0.002,34.618,20.401,0.00
1786246288,bench_mixed,0.00,0.00,0.0,0.000,0.002,34.618,20.401,0.00
1786246293,bench_mixed,0.00,0.00,0.0,0.000,0.002,34.618,20.402,0.00
1786246298,bench_mixed,0.00,0.00,0.0,0.000,0.002,34.618,20.402,0.00
1786246303,bench_mixed,0.00,0.00,0.0,0.000,0.002,34.618,20.405,0.00
1786246308,bench_mixed,0.00,0.00,0.0,0.000,0.002,34.618,20.405,0.00
1786246313,bench_mixed,0.00,0.00,0.0,0.000,0.002,34.618,20.403,0.00
1786246318,bench_mixed,0.00,0.00,0.0,0.000,0.002,34.618,20.403,0.00
1786246323,bench_mixed,0.00,0.00,0.0,0.000,0.002,34.618,20.401,0.00
1786246328,bench_mixed,0.00,0.00,0.0,0.000,0.002,34.618,20.402,0.00
1786246333,bench_mixed,0.00,0.00,0.0,0.000,0.002,34.618,20.400,0.00
1786246338,bench_mixed,0.00,0.00,0.0,0.000,0.002,34.618,20.401,0.00
1786246343,bench_mixed,0.00,0.00,0.0,0.000,0.002,34.618,20.402,0.00
1786246348,bench_mixed,0.00,0.00,0.0,0.000,0.002,34.618,20.402,0.00
1786246353,bench_mixed,0.00,0.00,0.0,0.000,0.002,34.618,20.403,0.00
1786246358,bench_mixed,0.00,0.00,0.0,0.000,0.002,34.618,20.403,0.00
1786246363,bench_mixed,0.00,0.00,0.0,0.000,0.002,34.618,20.402,0.00
1786246368,bench_mixed,0.00,0.00,0.0,0.000,0.002,34.618,20.403,0.00
1786246373,bench_mixed,0.00,0.00,0.0,0.000,0.002,34.618,20.407,0.00
1786246379,bench_mixed,0.00,0.00,0.0,0.000,0.002,34.618,20.408,0.00
1786246384,bench_mixed,0.00,0.00,0.0,0.000,0.002,34.618,20.407,0.00
1786246389,bench_mixed,0.00,0.00,0.0,0.000,0.002,34.618,20.407,0.00
1786246394,bench_mixed,0.00,0.00,0.0,0.000,0.002,34.618,20.407,0.00
1786246399,bench_mixed,0.00,0.00,0.0,0.000,0.002,34.618,20.406,0.00
1786246404,bench_mixed,0.00,0.00,0.0,0.000,0.002,34.618,20.405,0.00
1786246409,bench_mixed,0.00,0.00,0.0,0.000,0.002,34.618,20.406,0.00
1786246414,bench_mixed,0.00,0.00,0.0,0.000,0.002,34.618,20.407,0.00
1786246419,bench_mixed,0.00,0.00,0.0,0.000,0.002,34.618,20.407,0.00
1786246424,bench_mixed,0.00,0.00,0.0,0.000,0.002,34.618,20.407,0.00
1786246429,bench_mixed,0.00,0.00,0.0,0.000,0.002,34.618,20.406,0.00
1786246434,bench_mixed,0.00,0.00,0.0,0.000,0.002,34.618,20.405,0.00
1786246439,bench_mixed,0.00,0.00,0.0,0.000,0.002,34.618,20.405,0.00
1786246444,bench_mixed,0.00,0.00,0.0,0.000,0.002,34.618,20.404,0.00
1786246449,bench_mixed,0.00,0.00,0.0,0.000,0.002,34.618,20.404,0.00
1786246454,bench_mixed,0.00,0.00,0.0,0.000,0.002,34.618,20.402,0.00
1786246459,bench_mixed,0.00,0.00,0.0,0.000,0.002,34.618,20.403,0.00
1786246464,bench_mixed,0.00,0.00,0.0,0.000,0.002,34.618,20.401,0.00
1786246469,bench_mixed,0.00,0.00,0.0,0.000,0.002,34.618,20.402,0.00
1786246474,bench_mixed,0.00,0.00,0.0,0.000,0.002,34.618,20.404,0.00
1786246480,bench_mixed,0.00,0.00,0.0,0.000,0.002,34.618,20.405,0.00
1786246485,bench_mixed,0.00,0.00,0.0,0.000,0.002,34.618,20.404,0.00
1786246490,bench_mixed,0.00,0.00,0.0,0.000,0.002,34.618,20.404,0.00
1786246495,bench_mixed,0.00,0.00,0.0,0.000,0.002,34.618,20.404,0.00
1786246500,bench_mixed,0.00,0.00,0.0,0.000,0.002,34.618,20.405,0.00
1786246505,bench_mixed,0.00,0.00,0.0,0.000,0.002,34.618,20.404,0.00
1786246510,bench_mixed,0.00,0.00,0.0,0.000,0.002,34.618,20.402,0.00
1786246515,bench_mixed,0.00,0.00,0.0,0.000,0.002,34.618,20.403,0.00
1786246520,bench_mixed,0.00,0.00,0.0,0.000,0.002,34.618,20.400,0.00
1786246525,bench_mixed,0.00,0.00,0.0,0.000,0.002,34.618,20.399,0.00
1786246530,bench_mixed,0.00,0.00,0.0,0.000,0.002,34.618,20.396,0.00
1786246535,bench_mixed,0.00,0.00,0.0,0.000,0.002,34.618,20.397,0.00
1786246540,bench_mixed,0.00,0.00,0.0,0.000,0.002,34.618,20.395,0.00
1786246545,bench_mixed,0.00,0.00,0.0,0.000,0.002,34.618,20.396,0.00
1786246550,bench_mixed,0.00,0.00,0.0,0.000,0.002,34.618,20.396,0.00
1786246555,bench_mixed,0.00,0.00,0.0,0.000,0.002,34.618,20.395,0.00
1786246560,bench_mixed,0.00,0.00,0.0,0.000,0.002,34.618,20.394,0.00
1786246565,bench_mixed,0.00,0.00,0.0,0.000,0.002,34.618,20.395,0.00
1786246570,bench_mixed,0.00,0.00,0.0,0.000,0.002,34.618,20.392,0.01
1786246576,bench_mixed,0.00,0.00,0.0,0.000,0.002,34.618,20.389,0.02
1786246581,bench_mixed,0.00,0.00,0.0,0.000,0.002,34.618,20.388,0.00
1786246586,bench_mixed,0.00,0.00,0.0,0.000,0.002,34.618,20.390,0.00
1786246591,bench_mixed,0.00,0.00,0.0,0.000,0.002,34.618,20.390,0.00
1786246596,bench_mixed,0.00,0.00,0.0,0.000,0.002,34.618,20.390,0.00
1786246601,bench_mixed,0.00,0.00,0.0,0.000,0.002,34.618,20.394,0.00
1786246606,bench_mixed,0.00,0.00,0.0,0.000,0.002,34.618,20.394,0.00
1786246611,bench_mixed,0.00,0.00,0.0,0.000,0.002,34.618,20.395,0.00
1786246616,bench_mixed,0.00,0.00,0.0,0.000,0.002,34.618,20.395,0.00
1786246621,bench_mixed,0.00,0.00,0.0,0.000,0.002,34.618,20.395,0.00
1786246626,bench_mixed,0.00,0.00,0.0,0.000,0.002,34.618,20.395,0.00
1786246631,bench_mixed,0.00,0.00,0.0,0.000,0.002,34.618,20.395,0.00
1786246636,bench_mixed,0.00,0.00,0.0,0.000,0.002,34.618,20.395,0.00
1786246641,bench_mixed,0.00,0.00,0.0,0.000,0.002,34.618,20.397,0.00
1786246646,bench_mixed,0.00,0.00,0.0,0.000,0.002,34.618,20.398,0.00
1786246651,bench_mixed,0.00,0.00,0.0,0.000,0.002,34.618,20.402,0.00
1786246656,bench_mixed,0.00,0.00,0.0,0.000,0.002,34.618,20.402,0.00
1786246661,bench_mixed,0.00,0.00,0.0,0.000,0.002,34.618,20.405,0.00
1786246666,bench_mixed,0.00,0.00,0.0,0.000,0.002,34.618,20.405,0.00
1786246672,bench_mixed,0.00,0.00,0.0,0.000,0.002,34.618,20.405,0.00
1786246677,bench_mixed,0.00,0.00,0.0,0.000,0.002,34.618,20.405,0.00
1786246682,bench_mixed,0.00,0.00,0.0,0.000,0.002,34.618,20.403,0.00
1786246687,bench_mixed,0.00,0.00,0.0,0.000,0.002,34.618,20.403,0.00
1786246692,bench_mixed,0.00,0.00,0.0,0.000,0.002,34.618,20.404,0.00
1786246697,bench_mixed,0.00,0.00,0.0,0.000,0.002,34.618,20.405,0.00
1786246702,bench_mixed,0.00,0.00,0.0,0.000,0.002,34.618,20.404,0.00
1786246707,bench_mixed,0.00,0.00,0.0,0.000,0.002,34.618,20.405,0.00
1786246712,bench_mixed,0.00,0.00,0.0,0.000,0.002,34.618,20.404,0.00
1786246717,bench_mixed,0.00,0.00,0.0,0.000,0.002,34.618,20.404,0.00
1786246722,bench_mixed,0.00,0.00,0.0,0.000,0.002,34.618,20.402,0.00
1786246727,bench_mixed,0.00,0.00,0.0,0.000,0.002,34.618,20.404,0.00
1786246732,bench_mixed,0.00,0.00,0.0,0.000,0.002,34.618,20.403,0.00
1786246737,bench_mixed,0.00,0.00,0.0,0.000,0.002,34.618,20.404,0.00
1786246742,bench_mixed,0.00,0.00,0.0,0.000,0.002,34.618,20.405,0.00
1786246747,bench_mixed,0.00,0.00,0.0,0.000,0.002,34.618,20.406,0.00
1786246752,bench_mixed,0.00,0.00,0.0,0.000,0.002,34.618,20.409,0.00
1786246757,bench_mixed,0.00,0.00,0.0,0.000,0.002,34.618,20.409,0.00
1786246762,bench_mixed,0.00,0.00,0.0,0.000,0.002,34.618,20.408,0.00
1786246768,bench_mixed,0.00,0.00,0.0,0.000,0.002,34.618,20.408,0.00
1786246773,bench_mixed,0.00,0.00,0.0,0.000,0.002,34.618,20.409,0.00
1786246778,bench_mixed,0.00,0.00,0.0,0.000,0.002,34.618,20.409,0.00
1786246783,bench_mixed,0.00,0.00,0.0,0.000,0.002,34.618,20.407,0.00
1786246788,bench_mixed,0.00,0.00,0.0,0.000,0.002,34.618,20.408,0.00
1786246793,bench_mixed,0.00,0.00,0.0,0.000,0.002,34.618,20.407,0.00
1786246798,bench_mixed,0.00,0.00,0.0,0.000,0.002,34.618,20.407,0.00
1786246803,bench_mixed,0.00,0.00,0.0,0.000,0.002,34.618,20.407,0.00
1786246808,bench_mixed,0.00,0.00,0.0,0.000,0.002,34.618,20.408,0.00
1786246813,bench_mixed,0.00,0.00,0.0,0.000,0.002,34.618,20.408,0.00
1786246818,bench_mixed,0.00,0.00,0.0,0.000,0.002,34.618,20.408,0.00
1786246823,bench_mixed,0.00,0.00,0.0,0.000,0.002,34.618,20.407,0.00
1786246828,bench_mixed,0.00,0.00,0.0,0.000,0.002,34.618,20.407,0.00
1786246833,bench_mixed,0.00,0.00,0.0,0.000,0.002,34.618,20.405,0.00
1786246838,bench_mixed,0.00,0.00,0.0,0.000,0.002,34.618,20.405,0.00
1786246843,bench_mixed,0.00,0.00,0.0,0.000,0.002,34.618,20.404,0.00
1786246848,bench_mixed,0.00,0.00,0.0,0.000,0.002,34.618,20.404,0.00
1786246853,bench_mixed,0.00,0.00,0.0,0.000,0.002,34.618,20.393,0.00
1786246858,bench_mixed,0.00,0.00,0.0,0.000,0.002,34.618,20.403,0.00
1786246864,bench_mixed,0.00,0.00,0.0,0.000,0.002,34.618,20.397,0.00
1786246869,bench_mixed,0.00,0.00,0.0,0.000,0.002,34.618,20.406,0.00
1786246874,bench_mixed,0.00,0.00,0.0,0.000,0.002,34.618,20.398,0.03
1786246879,bench_mixed,0.00,0.00,0.0,0.000,0.002,34.618,20.399,0.00
1786246884,bench_mixed,0.00,0.00,0.0,0.000,0.002,34.618,20.399,0.00
1786246889,bench_mixed,0.00,0.00,0.0,0.000,0.002,34.618,20.401,0.00
1786246894,bench_mixed,0.00,0.00,0.0,0.000,0.002,34.618,20.401,0.00
1786246899,bench_mixed,0.00,0.00,0.0,0.000,0.002,34.618,20.397,0.00
1786246904,bench_mixed,0.00,0.00,0.0,0.000,0.002,34.618,20.398,0.00
1786246909,bench_mixed,0.00,0.00,0.0,0.000,0.002,34.618,20.398,0.00
1786246914,bench_mixed,0.00,0.00,0.0,0.000,0.002,34.618,20.398,0.00
1786246919,bench_mixed,0.00,0.00,0.0,0.000,0.002,34.618,20.399,0.00
1786246924,bench_mixed,0.00,0.00,0.0,0.000,0.002,34.618,20.399,0.00
1786246929,bench_mixed,0.00,0.00,0.0,0.000,0.002,34.618,20.397,0.00
1786246934,bench_mixed,0.00,0.00,0.0,0.000,0.002,34.618,20.398,0.00
1786246939,bench_mixed,0.00,0.00,0.0,0.000,0.002,34.618,20.398,0.00
1786246944,bench_mixed,0.00,0.00,0.0,0.000,0.002,34.618,20.399,0.00
1786246949,bench_mixed,0.00,0.00,0.0,0.000,0.002,34.618,20.399,0.00
1786246954,bench_mixed,0.00,0.00,0.0,0.000,0.002,34.618,20.398,0.00
1786246959,bench_mixed,0.00,0.00,0.0,0.000,0.002,34.618,20.399,0.00
1786246965,bench_mixed,0.00,0.00,0.0,0.000,0.002,34.618,20.400,0.00
1786246970,bench_mixed,0.00,0.00,0.0,0.000,0.002,34.618,20.400,0.00
1786246975,bench_mixed,0.00,0.00,0.0,0.000,0.002,34.618,20.401,0.00
1786246980,bench_mixed,0.00,0.00,0.0,0.000,0.002,34.618,20.403,0.00
1786246985,bench_mixed,0.00,0.00,0.0,0.000,0.002,34.618,20.403,0.00
1786246990,bench_mixed,0.00,0.00,0.0,0.000,0.002,34.618,20.403,0.00
1786246995,bench_mixed,0.00,0.00,0.0,0.000,0.002,34.618,20.403,0.00
1786247000,bench_mixed,0.00,0.00,0.0,0.000,0.002,34.618,20.405,0.00
1786247005,bench_mixed,0.00,0.00,0.0,0.000,0.002,34.618,20.407,0.00
1786247010,bench_mixed,0.00,0.00,0.0,0.000,0.002,34.618,20.405,0.00
1786247015,bench_mixed,0.00,0.00,0.0,0.000,0.002,34.618,20.404,0.00
1786247020,bench_mixed,0.00,0.00,0.0,0.000,0.002,34.618,20.405,0.00
1786247025,bench_mixed,0.00,0.00,0.0,0.000,0.002,34.618,20.404,0.00
1786247030,bench_mixed,0.00,0.00,0.0,0.000,0.002,34.618,20.404,0.00
1786247035,bench_mixed,0.00,0.00,0.0,0.000,0.002,34.618,20.404,0.00
1786247040,bench_mixed,0.00,0.00,0.0,0.000,0.002,34.618,20.402,0.00
1786247045,bench_mixed,0.00,0.00,0.0,0.000,0.002,34.618,20.401,0.00
1786247050,bench_mixed,0.00,0.00,0.0,0.000,0.002,34.618,20.403,0.00
1786247055,bench_mixed,0.00,0.00,0.0,0.000,0.002,34.618,20.404,0.00
1786247061,bench_mixed,0.00,0.00,0.0,0.000,0.002,34.618,20.406,0.00
1786247066,bench_mixed,0.00,0.00,0.0,0.000,0.002,34.618,20.407,0.00
1786247071,bench_mixed,0.00,0.00,0.0,0.000,0.002,34.618,20.405,0.00
1786247076,bench_mixed,0.00,0.00,0.0,0.000,0.002,34.618,20.405,0.00
1786247081,bench_mixed,0.00,0.00,0.0,0.000,0.002,34.618,20.406,0.00
1786247086,bench_mixed,0.00,0.00,0.0,0.000,0.002,34.618,20.407,0.00
1786247091,bench_mixed,0.00,0.00,0.0,0.000,0.002,34.618,20.408,0.00
1786247096,bench_mixed,0.00,0.00,0.0,0.000,0.002,34.618,20.408,0.00
1786247101,bench_mixed,0.00,0.00,0.0,0.000,0.002,34.618,20.407,0.00
1786247106,bench_mixed,0.00,0.00,0.0,0.000,0.002,34.618,20.405,0.00
1786247111,bench_mixed,0.00,0.00,0.0,0.000,0.002,34.618,20.406,0.00
1786247116,bench_mixed,0.00,0.00,0.0,0.000,0.002,34.618,20.406,0.00
1786247121,bench_mixed,0.00,0.00,0.0,0.000,0.002,34.618,20.409,0.00
1786247126,bench_mixed,0.00,0.00,0.0,0.000,0.002,34.618,20.409,0.00
1786247131,bench_mixed,0.00,0.00,0.0,0.000,0.002,34.618,20.410,0.00
1786247136,bench_mixed,0.00,0.00,0.0,0.000,0.002,34.618,20.410,0.00
1786247141,bench_mixed,0.00,0.00,0.0,0.000,0.002,34.618,20.409,0.00
1786247146,bench_mixed,0.00,0.00,0.0,0.000,0.002,34.618,20.409,0.00
1786247151,bench_mixed,0.00,0.00,0.0,0.000,0.002,34.618,20.408,0.00
1786247157,bench_mixed,0.00,0.00,0.0,0.000,0.002,34.618,20.407,0.00
1786247162,bench_mixed,0.00,0.00,0.0,0.000,0.002,34.618,20.407,0.00
1786247167,bench_mixed,0.00,0.00,0.0,0.000,0.002,34.618,20.406,0.00
1786247172,bench_mixed,0.00,0.00,0.0,0.000,0.002,34.618,20.400,0.03
1786247177,bench_mixed,0.00,0.00,0.0,0.000,0.002,34.618,20.400,0.00
1786247182,bench_mixed,0.00,0.00,0.0,0.000,0.002,34.618,20.398,0.00
1786247187,bench_mixed,0.00,0.00,0.0,0.000,0.002,34.618,20.399,0.00
1786247192,bench_mixed,0.00,0.00,0.0,0.000,0.002,34.618,20.399,0.00
1786247197,bench_mixed,0.00,0.00,0.0,0.000,0.002,34.618,20.400,0.00
1786247202,bench_mixed,0.00,0.00,0.0,0.000,0.002,34.618,20.402,0.00
1786247207,bench_mixed,0.00,0.00,0.0,0.000,0.002,34.618,20.402,0.00
1786247212,bench_mixed,0.00,0.00,0.0,0.000,0.002,34.618,20.401,0.00
1786247217,bench_mixed,0.00,0.00,0.0,0.000,0.002,34.618,20.401,0.00
1786247222,bench_mixed,0.00,0.00,0.0,0.000,0.002,34.618,20.401,0.00
1786247227,bench_mixed,0.00,0.00,0.0,0.000,0.002,34.618,20.402,0.00
1786247232,bench_mixed,0.00,0.00,0.0,0.000,0.002,34.618,20.402,0.00
1786247237,bench_mixed,0.00,0.00,0.0,0.000,0.002,34.618,20.404,0.00
1786247242,bench_mixed,0.00,0.00,0.0,0.000,0.002,34.618,20.404,0.00
1786247247,bench_mixed,0.00,0.00,0.0,0.000,0.002,34.618,20.402,0.00
1786247253,bench_mixed,0.00,0.00,0.0,0.000,0.002,34.618,20.402,0.00
1786247258,bench_mixed,0.00,0.00,0.0,0.000,0.002,34.618,20.401,0.00
1786247263,bench_mixed,0.00,0.00,0.0,0.000,0.002,34.618,20.402,0.00
1786247268,bench_mixed,0.00,0.00,0.0,0.000,0.002,34.618,20.403,0.00
1786247273,bench_mixed,0.00,0.00,0.0,0.000,0.002,34.618,20.403,0.00
1786247278,bench_mixed,0.00,0.00,0.0,0.000,0.002,34.618,20.403,0.00
1786247283,bench_mixed,0.00,0.00,0.0,0.000,0.002,34.618,20.403,0.00
1786247288,bench_mixed,0.00,0.00,0.0,0.000,0.002,34.618,20.402,0.00
1786247293,bench_mixed,0.00,0.00,0.0,0.000,0.002,34.618,20.403,0.00
1786247298,bench_mixed,0.00,0.00,0.0,0.000,0.002,34.618,20.402,0.00
1786247303,bench_mixed,0.00,0.00,0.0,0.000,0.002,34.618,20.402,0.00
1786247308,bench_mixed,0.00,0.00,0.0,0.000,0.002,34.618,20.402,0.00
1786247313,bench_mixed,0.00,0.00,0.0,0.000,0.002,34.618,20.403,0.00
1786247318,bench_mixed,0.00,0.00,0.0,0.000,0.002,34.618,20.403,0.00
1786247323,bench_mixed,0.00,0.00,0.0,0.000,0.002,34.618,20.403,0.00
1786247328,bench_mixed,0.00,0.00,0.0,0.000,0.002,34.618,20.401,0.00
1786247333,bench_mixed,0.00,0.00,0.0,0.000,0.002,34.618,20.402,0.00
1786247338,bench_mixed,0.00,0.00,0.0,0.000,0.002,34.618,20.400,0.00
1786247343,bench_mixed,0.00,0.00,0.0,0.000,0.002,34.618,20.400,0.00
1786247349,bench_mixed,0.00,0.00,0.0,0.000,0.002,34.618,20.399,0.00
1786247354,bench_mixed,0.00,0.00,0.0,0.000,0.002,34.618,20.399,0.00
1786247359,bench_mixed,0.00,0.00,0.0,0.000,0.002,34.618,20.400,0.00
1786247364,bench_mixed,0.00,0.00,0.0,0.000,0.002,34.618,20.400,0.00
1786247369,bench_mixed,0.00,0.00,0.0,0.000,0.002,34.618,20.402,0.00
1786247374,bench_mixed,0.00,0.00,0.0,0.000,0.002,34.618,20.402,0.00
1786247379,bench_mixed,0.00,0.00,0.0,0.000,0.002,34.618,20.402,0.00
1786247384,bench_mixed,0.00,0.00,0.0,0.000,0.002,34.618,20.402,0.00
1786247389,bench_mixed,0.00,0.00,0.0,0.000,0.002,34.618,20.402,0.00
1786247394,bench_mixed,0.00,0.00,0.0,0.000,0.002,34.618,20.402,0.00
1786247399,bench_mixed,0.00,0.00,0.0,0.000,0.002,34.618,20.402,0.00
1786247404,bench_mixed,0.00,0.00,0.0,0.000,0.002,34.618,20.402,0.00
1786247409,bench_mixed,0.00,0.00,0.0,0.000,0.002,34.618,20.402,0.00
1786247414,bench_mixed,0.00,0.00,0.0,0.000,0.002,34.618,20.402,0.00
1786247419,bench_mixed,0.00,0.00,0.0,0.000,0.002,34.618,20.401,0.00
1786247424,bench_mixed,0.00,0.00,0.0,0.000,0.002,34.618,20.401,0.00
1786247429,bench_mixed,0.00,0.00,0.0,0.000,0.002,34.618,20.401,0.00
1786247434,bench_mixed,0.00,0.00,0.0,0.000,0.002,34.618,20.402,0.00
1786247439,bench_mixed,0.00,0.00,0.0,0.000,0.002,34.618,20.401,0.00
1786247444,bench_mixed,0.00,0.00,0.0,0.000,0.002,34.618,20.402,0.00
1786247450,bench_mixed,0.00,0.00,0.0,0.000,0.002,34.618,20.403,0.00
1786247455,bench_mixed,0.00,0.00,0.0,0.000,0.002,34.618,20.403,0.00
1786247460,bench_mixed,0.00,0.00,0.0,0.000,0.002,34.618,20.407,0.00
1786247465,bench_mixed,0.00,0.00,0.0,0.000,0.002,34.618,20.408,0.00
1786247470,bench_mixed,0.00,0.00,0.0,0.000,0.002,34.618,20.410,0.00
1786247475,bench_mixed,0.00,0.00,0.0,0.000,0.002,34.618,20.401,0.03
1786247480,bench_mixed,0.00,0.00,0.0,0.000,0.002,34.618,20.402,0.00
1786247485,bench_mixed,0.00,0.00,0.0,0.000,0.002,34.618,20.402,0.00
1786247490,bench_mixed,0.00,0.00,0.0,0.000,0.002,34.618,20.402,0.00
1786247495,bench_mixed,0.00,0.00,0.0,0.000,0.002,34.618,20.402,0.00
1786247500,bench_mixed,0.00,0.00,0.0,0.000,0.002,34.618,20.403,0.00
1786247505,bench_mixed,0.00,0.00,0.0,0.000,0.002,34.618,20.403,0.00
1786247510,bench_mixed,0.00,0.00,0.0,0.000,0.002,34.618,20.403,0.00
1786247515,bench_mixed,0.00,0.00,0.0,0.000,0.002,34.618,20.403,0.00
1786247520,bench_mixed,0.00,0.00,0.0,0.000,0.002,34.618,20.403,0.00
1786247525,bench_mixed,0.00,0.00,0.0,0.000,0.002,34.618,20.403,0.00
1786247530,bench_mixed,0.00,0.00,0.0,0.000,0.002,34.618,20.403,0.00
1786247535,bench_mixed,0.00,0.00,0.0,0.000,0.002,34.618,20.403,0.00
1786247540,bench_mixed,0.00,0.00,0.0,0.000,0.002,34.618,20.406,0.00
1786247546,bench_mixed,0.00,0.00,0.0,0.000,0.002,34.618,20.405,0.00
1786247551,bench_mixed,0.00,0.00,0.0,0.000,0.002,34.618,20.405,0.00
1786247556,bench_mixed,0.00,0.00,0.0,0.000,0.002,34.618,20.404,0.00
1786247561,bench_mixed,0.00,0.00,0.0,0.000,0.002,34.618,20.402,0.00
1786247566,bench_mixed,0.00,0.00,0.0,0.000,0.002,34.618,20.403,0.00
1786247571,bench_mixed,0.00,0.00,0.0,0.000,0.002,34.618,20.405,0.00
1786247576,bench_mixed,0.00,0.00,0.0,0.000,0.002,34.618,20.407,0.00
1786247581,bench_mixed,0.00,0.00,0.0,0.000,0.002,34.618,20.407,0.00
1786247586,bench_mixed,0.00,0.00,0.0,0.000,0.002,34.618,20.410,0.00
1786247591,bench_mixed,0.00,0.00,0.0,0.000,0.002,34.618,20.411,0.00
1786247596,bench_mixed,0.00,0.00,0.0,0.000,0.002,34.618,20.411,0.00
1786247601,bench_mixed,0.00,0.00,0.0,0.000,0.002,34.618,20.411,0.00
1786247606,bench_mixed,0.00,0.00,0.0,0.000,0.002,34.618,20.409,0.00
1786247611,bench_mixed,0.00,0.00,0.0,0.000,0.002,34.618,20.409,0.00
1786247616,bench_mixed,0.00,0.00,0.0,0.000,0.002,34.618,20.410,0.00
1786247621,bench_mixed,0.00,0.00,0.0,0.000,0.002,34.618,20.410,0.00
1786247626,bench_mixed,0.00,0.00,0.0,0.000,0.002,34.618,20.409,0.00
1786247631,bench_mixed,0.00,0.00,0.0,0.000,0.002,34.618,20.409,0.00
1786247636,bench_mixed,0.00,0.00,0.0,0.000,0.002,34.618,20.408,0.00
1786247642,bench_mixed,0.00,0.00,0.0,0.000,0.002,34.618,20.408,0.00
1786247647,bench_mixed,0.00,0.00,0.0,0.000,0.002,34.618,20.408,0.00
1786247652,bench_mixed,0.00,0.00,0.0,0.000,0.002,34.618,20.407,0.00
1786247657,bench_mixed,0.00,0.00,0.0,0.000,0.002,34.618,20.405,0.00
1786247662,bench_mixed,0.00,0.00,0.0,0.000,0.002,34.618,20.406,0.00
1786247667,bench_mixed,0.00,0.00,0.0,0.000,0.002,34.618,20.407,0.00
1786247672,bench_mixed,0.00,0.00,0.0,0.000,0.002,34.618,20.408,0.00
1786247677,bench_mixed,0.00,0.00,0.0,0.000,0.002,34.618,20.406,0.00
1786247682,bench_mixed,0.00,0.00,0.0,0.000,0.002,34.618,20.406,0.00
1786247687,bench_mixed,0.00,0.00,0.0,0.000,0.002,34.618,20.405,0.00
1786247692,bench_mixed,0.00,0.00,0.0,0.000,0.002,34.618,20.406,0.00
1786247697,bench_mixed,0.00,0.00,0.0,0.000,0.002,34.618,20.405,0.00
1786247702,bench_mixed,0.00,0.00,0.0,0.000,0.002,34.618,20.405,0.00
1786247707,bench_mixed,0.00,0.00,0.0,0.000,0.002,34.618,20.406,0.00
1786247712,bench_mixed,0.00,0.00,0.0,0.000,0.002,34.618,20.407,0.00
1786247717,bench_mixed,0.00,0.00,0.0,0.000,0.002,34.618,20.407,0.00
1786247722,bench_mixed,0.00,0.00,0.0,0.000,0.002,34.618,20.406,0.00
1786247727,bench_mixed,0.00,0.00,0.0,0.000,0.002,34.618,20.406,0.00
1786247732,bench_mixed,0.00,0.00,0.0,0.000,0.002,34.618,20.406,0.00
1786247738,bench_mixed,0.00,0.00,0.0,0.000,0.002,34.618,20.404,0.00
1786247743,bench_mixed,0.00,0.00,0.0,0.000,0.002,34.618,20.404,0.00
1786247748,bench_mixed,0.00,0.00,0.0,0.000,0.002,34.618,20.404,0.00
1786247753,bench_mixed,0.00,0.00,0.0,0.000,0.002,34.618,20.405,0.00
1786247758,bench_mixed,0.00,0.00,0.0,0.000,0.002,34.618,20.405,0.00
1786247763,bench_mixed,0.00,0.00,0.0,0.000,0.002,34.618,20.405,0.00
1786247768,bench_mixed,0.00,0.00,0.0,0.000,0.002,34.618,20.404,0.00
1786247773,bench_mixed,0.00,0.00,0.0,0.000,0.002,34.618,20.396,0.03
1786247778,bench_mixed,0.00,0.00,0.0,0.000,0.002,34.618,20.395,0.00
1786247783,bench_mixed,0.00,0.00,0.0,0.000,0.002,34.618,20.395,0.00
1786247788,bench_mixed,0.00,0.00,0.0,0.000,0.002,34.618,20.396,0.00
1786247793,bench_mixed,0.00,0.00,0.0,0.000,0.002,34.618,20.396,0.00
1786247798,bench_mixed,0.00,0.00,0.0,0.000,0.002,34.618,20.395,0.00
1786247803,bench_mixed,0.00,0.00,0.0,0.000,0.002,34.618,20.395,0.00
1786247808,bench_mixed,0.00,0.00,0.0,0.000,0.002,34.618,20.398,0.00
1786247813,bench_mixed,0.00,0.00,0.0,0.000,0.002,34.618,20.398,0.00
1786247818,bench_mixed,0.00,0.00,0.0,0.000,0.002,34.618,20.396,0.00
1786247823,bench_mixed,0.00,0.00,0.0,0.000,0.002,34.618,20.396,0.00
1786247828,bench_mixed,0.00,0.00,0.0,0.000,0.002,34.618,20.396,0.00
1786247834,bench_mixed,0.00,0.00,0.0,0.000,0.002,34.618,20.397,0.00
1786247839,bench_mixed,0.00,0.00,0.0,0.000,0.002,34.618,20.395,0.00
1786247844,bench_mixed,0.00,0.00,0.0,0.000,0.002,34.618,20.396,0.00
1786247849,bench_mixed,0.00,0.00,0.0,0.000,0.002,34.618,20.396,0.00
1786247854,bench_mixed,0.00,0.00,0.0,0.000,0.002,34.618,20.397,0.00
1786247859,bench_mixed,0.00,0.00,0.0,0.000,0.002,34.618,20.397,0.00
1786247864,bench_mixed,0.00,0.00,0.0,0.000,0.002,34.618,20.397,0.00
1786247869,bench_mixed,0.00,0.00,0.0,0.000,0.002,34.618,20.398,0.00
1786247874,bench_mixed,0.00,0.00,0.0,0.000,0.002,34.618,20.399,0.00
1786247879,bench_mixed,0.00,0.00,0.0,0.000,0.002,34.618,20.398,0.00
1786247884,bench_mixed,0.00,0.00,0.0,0.000,0.002,34.618,20.398,0.00
1786247889,bench_mixed,0.00,0.00,0.0,0.000,0.002,34.618,20.399,0.00
1786247894,bench_mixed,0.00,0.00,0.0,0.000,0.002,34.618,20.399,0.00
1786247899,bench_mixed,0.00,0.00,0.0,0.000,0.002,34.618,20.399,0.00
1786247904,bench_mixed,0.00,0.00,0.0,0.000,0.002,34.618,20.399,0.00
1786247909,bench_mixed,0.00,0.00,0.0,0.000,0.002,34.618,20.399,0.00
1786247914,bench_mixed,0.00,0.00,0.0,0.000,0.002,34.618,20.398,0.00
1786247919,bench_mixed,0.00,0.00,0.0,0.000,0.002,34.618,20.397,0.00
1786247924,bench_mixed,0.00,0.00,0.0,0.000,0.002,34.618,20.397,0.00
1786247929,bench_mixed,0.00,0.00,0.0,0.000,0.002,34.618,20.396,0.00
1786247935,bench_mixed,0.00,0.00,0.0,0.000,0.002,34.618,20.398,0.00
1786247940,bench_mixed,0.00,0.00,0.0,0.000,0.002,34.618,20.398,0.00
1786247945,bench_mixed,0.00,0.00,0.0,0.000,0.002,34.618,20.396,0.00
1786247950,bench_mixed,0.00,0.00,0.0,0.000,0.002,34.618,20.396,0.00
1786247955,bench_mixed,0.00,0.00,0.0,0.000,0.002,34.618,20.395,0.00
1786247960,bench_mixed,0.00,0.00,0.0,0.000,0.002,34.618,20.395,0.00
1786247965,bench_mixed,0.00,0.00,0.0,0.000,0.002,34.618,20.394,0.00
1786247970,bench_mixed,0.00,0.00,0.0,0.000,0.002,34.618,20.394,0.00
1786247975,bench_mixed,0.00,0.00,0.0,0.000,0.002,34.618,20.394,0.00
1786247980,bench_mixed,0.00,0.00,0.0,0.000,0.002,34.618,20.394,0.00
1786247985,bench_mixed,0.00,0.00,0.0,0.000,0.002,34.618,20.395,0.00
1786247990,bench_mixed,0.00,0.00,0.0,0.000,0.002,34.618,20.396,0.00
1786247995,bench_mixed,0.00,0.00,0.0,0.000,0.002,34.618,20.397,0.00
1786248000,bench_mixed,0.00,0.00,0.0,0.000,0.002,34.618,20.398,0.00
1786248005,bench_mixed,0.00,0.00,0.0,0.000,0.002,34.618,20.399,0.00
1786248010,bench_mixed,0.00,0.00,0.0,0.000,0.002,34.618,20.400,0.00
1786248015,bench_mixed,0.00,0.00,0.0,0.000,0.002,34.618,20.400,0.00
1786248020,bench_mixed,0.00,0.00,0.0,0.000,0.002,34.618,20.400,0.00
1786248025,bench_mixed,0.00,0.00,0.0,0.000,0.002,34.618,20.400,0.00
1786248031,bench_mixed,0.00,0.00,0.0,0.000,0.002,34.618,20.400,0.00
1786248036,bench_mixed,0.00,0.00,0.0,0.000,0.002,34.618,20.403,0.00
1786248041,bench_mixed,0.00,0.00,0.0,0.000,0.002,34.618,20.403,0.00
1786248046,bench_mixed,0.00,0.00,0.0,0.000,0.002,34.618,20.403,0.00
1786248051,bench_mixed,0.00,0.00,0.0,0.000,0.002,34.618,20.403,0.00
1786248056,bench_mixed,0.00,0.00,0.0,0.000,0.002,34.618,20.403,0.00
1786248061,bench_mixed,0.00,0.00,0.0,0.000,0.002,34.618,20.403,0.00
1786248066,bench_mixed,0.00,0.00,0.0,0.000,0.002,34.618,20.400,0.00
1786248071,bench_mixed,0.00,0.00,0.0,0.000,0.002,34.618,20.400,0.01
1786248076,bench_mixed,0.00,0.00,0.0,0.000,0.002,34.618,20.396,0.02
1786248081,bench_mixed,0.00,0.00,0.0,0.000,0.002,34.618,20.396,0.00
1786248086,bench_mixed,0.00,0.00,0.0,0.000,0.002,34.618,20.399,0.00
1786248091,bench_mixed,0.00,0.00,0.0,0.000,0.002,34.618,20.399,0.00
1786248096,bench_mixed,0.00,0.00,0.0,0.000,0.002,34.618,20.398,0.00
1786248101,bench_mixed,0.00,0.00,0.0,0.000,0.002,34.618,20.399,0.00
1786248106,bench_mixed,0.00,0.00,0.0,0.000,0.002,34.618,20.399,0.00
1786248111,bench_mixed,0.00,0.00,0.0,0.000,0.002,34.618,20.401,0.00
1786248116,bench_mixed,0.00,0.00,0.0,0.000,0.002,34.618,20.399,0.00
1786248121,bench_mixed,0.00,0.00,0.0,0.000,0.002,34.618,20.399,0.00
1786248127,bench_mixed,0.00,0.00,0.0,0.000,0.002,34.618,20.400,0.00
1786248132,bench_mixed,0.00,0.00,0.0,0.000,0.002,34.618,20.401,0.00
1786248137,bench_mixed,0.00,0.00,0.0,0.000,0.002,34.618,20.400,0.00
1786248142,bench_mixed,0.00,0.00,0.0,0.000,0.002,34.618,20.401,0.00
1786248147,bench_mixed,0.00,0.00,0.0,0.000,0.002,34.618,20.400,0.00
1786248152,bench_mixed,0.00,0.00,0.0,0.000,0.002,34.618,20.401,0.00
1786248157,bench_mixed,0.00,0.00,0.0,0.000,0.002,34.618,20.402,0.00
1786248162,bench_mixed,0.00,0.00,0.0,0.000,0.002,34.618,20.402,0.00
1786248167,bench_mixed,0.00,0.00,0.0,0.000,0.002,34.618,20.400,0.00
1786248172,bench_mixed,0.00,0.00,0.0,0.000,0.002,34.618,20.401,0.00
1786248177,bench_mixed,0.00,0.00,0.0,0.000,0.002,34.618,20.401,0.00
1786248182,bench_mixed,0.00,0.00,0.0,0.000,0.002,34.618,20.402,0.00
1786248187,bench_mixed,0.00,0.00,0.0,0.000,0.002,34.618,20.400,0.00
1786248192,bench_mixed,0.00,0.00,0.0,0.000,0.002,34.618,20.400,0.00
1786248197,bench_mixed,0.00,0.00,0.0,0.000,0.002,34.618,20.404,0.00
1786248202,bench_mixed,0.00,0.00,0.0,0.000,0.002,34.618,20.404,0.00
1786248207,bench_mixed,0.00,0.00,0.0,0.000,0.002,34.618,20.403,0.00
1786248212,bench_mixed,0.00,0.00,0.0,0.000,0.002,34.618,20.404,0.00
1786248217,bench_mixed,0.00,0.00,0.0,0.000,0.002,34.618,20.404,0.00
1786248223,bench_mixed,0.00,0.00,0.0,0.000,0.002,34.618,20.406,0.00
1786248228,bench_mixed,0.00,0.00,0.0,0.000,0.002,34.618,20.405,0.00
1786248233,bench_mixed,0.00,0.00,0.0,0.000,0.002,34.618,20.406,0.00
1786248238,bench_mixed,0.00,0.00,0.0,0.000,0.002,34.618,20.403,0.00
1786248243,bench_mixed,0.00,0.00,0.0,0.000,0.002,34.618,20.404,0.00
1786248248,bench_mixed,0.00,0.00,0.0,0.000,0.002,34.618,20.403,0.00
1786248253,bench_mixed,0.00,0.00,0.0,0.000,0.002,34.618,20.404,0.00
1786248258,bench_mixed,0.00,0.00,0.0,0.000,0.002,34.618,20.402,0.00
1786248263,bench_mixed,0.00,0.00,0.0,0.000,0.002,34.618,20.402,0.00
1786248268,bench_mixed,0.00,0.00,0.0,0.000,0.002,34.618,20.402,0.00
1786248273,bench_mixed,0.00,0.00,0.0,0.000,0.002,34.618,20.402,0.00
1786248278,bench_mixed,0.00,0.00,0.0,0.000,0.002,34.618,20.401,0.00
1786248283,bench_mixed,0.00,0.00,0.0,0.000,0.002,34.618,20.402,0.00
1786248288,bench_mixed,0.00,0.00,0.0,0.000,0.002,34.618,20.402,0.00
1786248293,bench_mixed,0.00,0.00,0.0,0.000,0.002,34.618,20.402,0.00
1786248298,bench_mixed,0.00,0.00,0.0,0.000,0.002,34.618,20.402,0.00
1786248303,bench_mixed,0.00,0.00,0.0,0.000,0.002,34.618,20.403,0.00
1786248308,bench_mixed,0.00,0.00,0.0,0.000,0.002,34.618,20.403,0.00
1786248313,bench_mixed,0.00,0.00,0.0,0.000,0.002,34.618,20.402,0.00
1786248318,bench_mixed,0.00,0.00,0.0,0.000,0.002,34.618,20.402,0.00
1786248324,bench_mixed,0.00,0.00,0.0,0.000,0.002,34.618,20.401,0.00
1786248329,bench_mixed,0.00,0.00,0.0,0.000,0.002,34.618,20.401,0.00
1786248334,bench_mixed,0.00,0.00,0.0,0.000,0.002,34.618,20.401,0.00
1786248339,bench_mixed,0.00,0.00,0.0,0.000,0.002,34.618,20.401,0.00
1786248344,bench_mixed,0.00,0.00,0.0,0.000,0.002,34.618,20.401,0.00
1786248349,bench_mixed,0.00,0.00,0.0,0.000,0.002,34.618,20.401,0.00
1786248354,bench_mixed,0.00,0.00,0.0,0.000,0.002,34.618,20.402,0.00
1786248359,bench_mixed,0.00,0.00,0.0,0.000,0.002,34.618,20.403,0.00
1786248364,bench_mixed,0.00,0.00,0.0,0.000,0.002,34.618,20.404,0.00
1786248369,bench_mixed,0.00,0.00,0.0,0.000,0.002,34.618,20.404,0.00
1786248374,bench_mixed,0.00,0.00,0.0,0.000,0.002,34.618,20.395,0.03
1786248379,bench_mixed,0.00,0.00,0.0,0.000,0.002,34.618,20.396,0.00
1786248384,bench_mixed,0.00,0.00,0.0,0.000,0.002,34.618,20.396,0.00
1786248389,bench_mixed,0.00,0.00,0.0,0.000,0.002,34.618,20.396,0.00
1786248394,bench_mixed,0.00,0.00,0.0,0.000,0.002,34.618,20.396,0.00
1786248399,bench_mixed,0.00,0.00,0.0,0.000,0.002,34.618,20.397,0.00
1786248404,bench_mixed,0.00,0.00,0.0,0.000,0.002,34.618,20.395,0.00
1786248409,bench_mixed,0.00,0.00,0.0,0.000,0.002,34.618,20.395,0.00
1786248414,bench_mixed,0.00,0.00,0.0,0.000,0.002,34.618,20.395,0.00
1786248420,bench_mixed,0.00,0.00,0.0,0.000,0.002,34.618,20.394,0.00
1786248425,bench_mixed,0.00,0.00,0.0,0.000,0.002,34.618,20.395,0.00
1786248430,bench_mixed,0.00,0.00,0.0,0.000,0.002,34.618,20.396,0.00
1786248435,bench_mixed,0.00,0.00,0.0,0.000,0.002,34.618,20.396,0.00
1786248440,bench_mixed,0.00,0.00,0.0,0.000,0.002,34.618,20.396,0.00
1786248445,bench_mixed,0.00,0.00,0.0,0.000,0.002,34.618,20.394,0.00
1786248450,bench_mixed,0.00,0.00,0.0,0.000,0.002,34.618,20.395,0.00
1786248455,bench_mixed,0.00,0.00,0.0,0.000,0.002,34.618,20.394,0.00
1786248460,bench_mixed,0.00,0.00,0.0,0.000,0.002,34.618,20.394,0.00
1786248465,bench_mixed,0.00,0.00,0.0,0.000,0.002,34.618,20.392,0.00
1786248470,bench_mixed,0.00,0.00,0.0,0.000,0.002,34.618,20.391,0.00
1786248475,bench_mixed,0.00,0.00,0.0,0.000,0.002,34.618,20.391,0.00
1786248480,bench_mixed,0.00,0.00,0.0,0.000,0.002,34.618,20.391,0.00
1786248485,bench_mixed,0.00,0.00,0.0,0.000,0.002,34.618,20.395,0.00
1786248490,bench_mixed,0.00,0.00,0.0,0.000,0.002,34.618,20.396,0.00
1786248495,bench_mixed,0.00,0.00,0.0,0.000,0.002,34.618,20.396,0.00
1786248500,bench_mixed,0.00,0.00,0.0,0.000,0.002,34.618,20.397,0.00
1786248505,bench_mixed,0.00,0.00,0.0,0.000,0.002,34.618,20.396,0.00
1786248510,bench_mixed,0.00,0.00,0.0,0.000,0.002,34.618,20.397,0.00
1786248516,bench_mixed,0.00,0.00,0.0,0.000,0.002,34.618,20.397,0.00
1786248521,bench_mixed,0.00,0.00,0.0,0.000,0.002,34.618,20.399,0.00
1786248526,bench_mixed,0.00,0.00,0.0,0.000,0.002,34.618,20.398,0.00
1786248531,bench_mixed,0.00,0.00,0.0,0.000,0.002,34.618,20.398,0.00
1786248536,bench_mixed,0.00,0.00,0.0,0.000,0.002,34.618,20.399,0.00
1786248541,bench_mixed,0.00,0.00,0.0,0.000,0.002,34.618,20.398,0.00
1786248546,bench_mixed,0.00,0.00,0.0,0.000,0.002,34.618,20.398,0.00
1786248551,bench_mixed,0.00,0.00,0.0,0.000,0.002,34.618,20.399,0.00
1786248556,bench_mixed,0.00,0.00,0.0,0.000,0.002,34.618,20.398,0.00
1786248561,bench_mixed,0.00,0.00,0.0,0.000,0.002,34.618,20.398,0.00
1786248566,bench_mixed,0.00,0.00,0.0,0.000,0.002,34.618,20.399,0.00
1786248571,bench_mixed,0.00,0.00,0.0,0.000,0.002,34.618,20.400,0.00
1786248576,bench_mixed,0.00,0.00,0.0,0.000,0.002,34.618,20.399,0.00
1786248581,bench_mixed,0.00,0.00,0.0,0.000,0.002,34.618,20.399,0.00
1786248586,bench_mixed,0.00,0.00,0.0,0.000,0.002,34.618,20.398,0.00
1786248591,bench_mixed,0.00,0.00,0.0,0.000,0.002,34.618,20.399,0.00
1786248596,bench_mixed,0.00,0.00,0.0,0.000,0.002,34.618,20.397,0.00
1786248601,bench_mixed,0.00,0.00,0.0,0.000,0.002,34.618,20.398,0.00
1786248606,bench_mixed,0.00,0.00,0.0,0.000,0.002,34.618,20.400,0.00
1786248611,bench_mixed,0.00,0.00,0.0,0.000,0.002,34.618,20.402,0.00
1786248617,bench_mixed,0.00,0.00,0.0,0.000,0.002,34.618,20.402,0.00
1786248622,bench_mixed,0.00,0.00,0.0,0.000,0.002,34.618,20.403,0.00
1786248627,bench_mixed,0.00,0.00,0.0,0.000,0.002,34.618,20.406,0.00
1786248632,bench_mixed,0.00,0.00,0.0,0.000,0.002,34.618,20.405,0.00
1786248637,bench_mixed,0.00,0.00,0.0,0.000,0.002,34.618,20.405,0.00
1786248642,bench_mixed,0.00,0.00,0.0,0.000,0.002,34.618,20.405,0.00
1786248647,bench_mixed,0.00,0.00,0.0,0.000,0.002,34.618,20.406,0.00
1786248652,bench_mixed,0.00,0.00,0.0,0.000,0.002,34.618,20.406,0.00
1786248657,bench_mixed,0.00,0.00,0.0,0.000,0.002,34.618,20.406,0.00
1786248662,bench_mixed,0.00,0.00,0.0,0.000,0.002,34.618,20.406,0.00
1786248667,bench_mixed,0.00,0.00,0.0,0.000,0.002,34.618,20.406,0.00
1786248672,bench_mixed,0.00,0.00,0.0,0.000,0.002,34.618,20.399,0.03
1786248677,bench_mixed,0.00,0.00,0.0,0.000,0.002,34.618,20.400,0.00
1786248682,bench_mixed,0.00,0.00,0.0,0.000,0.002,34.618,20.400,0.00
1786248687,bench_mixed,0.00,0.00,0.0,0.000,0.002,34.618,20.400,0.00
1786248692,bench_mixed,0.00,0.00,0.0,0.000,0.002,34.618,20.404,0.00
1786248697,bench_mixed,0.00,0.00,0.0,0.000,0.002,34.618,20.404,0.00
1786248702,bench_mixed,0.00,0.00,0.0,0.000,0.002,34.618,20.407,0.00
1786248707,bench_mixed,0.00,0.00,0.0,0.000,0.002,34.618,20.407,0.00
1786248713,bench_mixed,0.00,0.00,0.0,0.000,0.002,34.618,20.407,0.00
1786248718,bench_mixed,0.00,0.00,0.0,0.000,0.002,34.618,20.407,0.00
1786248723,bench_mixed,0.00,0.00,0.0,0.000,0.002,34.618,20.406,0.00
1786248728,bench_mixed,0.00,0.00,0.0,0.000,0.002,34.618,20.405,0.00
1786248733,bench_mixed,0.00,0.00,0.0,0.000,0.002,34.618,20.404,0.00
1786248738,bench_mixed,0.00,0.00,0.0,0.000,0.002,34.618,20.404,0.00
1786248743,bench_mixed,0.00,0.00,0.0,0.000,0.002,34.618,20.404,0.00
1786248748,bench_mixed,0.00,0.00,0.0,0.000,0.002,34.618,20.405,0.00
1786248753,bench_mixed,0.00,0.00,0.0,0.000,0.002,34.618,20.405,0.00
1786248758,bench_mixed,0.00,0.00,0.0,0.000,0.002,34.618,20.405,0.00
1786248763,bench_mixed,0.00,0.00,0.0,0.000,0.002,34.618,20.404,0.00
1786248768,bench_mixed,0.00,0.00,0.0,0.000,0.002,34.618,20.404,0.00
1786248773,bench_mixed,0.00,0.00,0.0,0.000,0.002,34.618,20.405,0.00
1786248778,bench_mixed,0.00,0.00,0.0,0.000,0.002,34.618,20.404,0.00
1786248783,bench_mixed,0.00,0.00,0.0,0.000,0.002,34.618,20.404,0.00
1786248788,bench_mixed,0.00,0.00,0.0,0.000,0.002,34.618,20.404,0.00
1786248793,bench_mixed,0.00,0.00,0.0,0.000,0.002,34.618,20.403,0.00
1786248798,bench_mixed,0.00,0.00,0.0,0.000,0.002,34.618,20.404,0.00
1786248803,bench_mixed,0.00,0.00,0.0,0.000,0.002,34.618,20.403,0.00
1786248809,bench_mixed,0.00,0.00,0.0,0.000,0.002,34.618,20.403,0.00
1786248814,bench_mixed,0.00,0.00,0.0,0.000,0.002,34.618,20.401,0.00
1786248819,bench_mixed,0.00,0.00,0.0,0.000,0.002,34.618,20.401,0.00
1786248824,bench_mixed,0.00,0.00,0.0,0.000,0.002,34.618,20.402,0.00
1786248829,bench_mixed,0.00,0.00,0.0,0.000,0.002,34.618,20.402,0.00
1786248834,bench_mixed,0.00,0.00,0.0,0.000,0.002,34.618,20.407,0.00
1786248839,bench_mixed,0.00,0.00,0.0,0.000,0.002,34.618,20.407,0.00
1786248844,bench_mixed,0.00,0.00,0.0,0.000,0.002,34.618,20.406,0.00
1786248849,bench_mixed,0.00,0.00,0.0,0.000,0.002,34.618,20.407,0.00
1786248854,bench_mixed,0.00,0.00,0.0,0.000,0.002,34.618,20.408,0.00
1786248859,bench_mixed,0.00,0.00,0.0,0.000,0.002,34.618,20.408,0.00
1786248864,bench_mixed,0.00,0.00,0.0,0.000,0.002,34.618,20.406,0.00
1786248869,bench_mixed,0.00,0.00,0.0,0.000,0.002,34.618,20.407,0.00
1786248874,bench_mixed,0.00,0.00,0.0,0.000,0.002,34.618,20.406,0.00
1786248879,bench_mixed,0.00,0.00,0.0,0.000,0.002,34.618,20.406,0.00
1786248884,bench_mixed,0.00,0.00,0.0,0.000,0.002,34.618,20.404,0.00
1786248889,bench_mixed,0.00,0.00,0.0,0.000,0.002,34.618,20.404,0.00
1786248894,bench_mixed,0.00,0.00,0.0,0.000,0.002,34.618,20.403,0.00
1786248899,bench_mixed,0.00,0.00,0.0,0.000,0.002,34.618,20.403,0.00
1786248905,bench_mixed,0.00,0.00,0.0,0.000,0.002,34.618,20.406,0.00
1786248910,bench_mixed,0.00,0.00,0.0,0.000,0.002,34.618,20.406,0.00
1786248915,bench_mixed,0.00,0.00,0.0,0.000,0.002,34.618,20.407,0.00
1786248920,bench_mixed,0.00,0.00,0.0,0.000,0.002,34.618,20.407,0.00
1786248925,bench_mixed,0.00,0.00,0.0,0.000,0.002,34.618,20.407,0.00
1786248930,bench_mixed,0.00,0.00,0.0,0.000,0.002,34.618,20.408,0.00
1786248935,bench_mixed,0.00,0.00,0.0,0.000,0.002,34.618,20.408,0.00
1786248940,bench_mixed,0.00,0.00,0.0,0.000,0.002,34.618,20.409,0.00
1786248945,bench_mixed,0.00,0.00,0.0,0.000,0.002,34.618,20.410,0.00
1786248950,bench_mixed,0.00,0.00,0.0,0.000,0.002,34.618,20.411,0.00
1786248955,bench_mixed,0.00,0.00,0.0,0.000,0.002,34.618,20.409,0.00
1786248960,bench_mixed,0.00,0.00,0.0,0.000,0.002,34.618,20.411,0.00
1786248965,bench_mixed,0.00,0.00,0.0,0.000,0.002,34.618,20.410,0.00
1786248970,bench_mixed,0.00,0.00,0.0,0.000,0.002,34.618,20.410,0.00
1786248975,bench_mixed,0.00,0.00,0.0,0.000,0.002,34.618,20.404,0.03
1786248980,bench_mixed,0.00,0.00,0.0,0.000,0.002,34.618,20.404,0.00
1786248985,bench_mixed,0.00,0.00,0.0,0.000,0.002,34.618,20.404,0.00
1786248990,bench_mixed,0.00,0.00,0.0,0.000,0.002,34.618,20.405,0.00
1786248995,bench_mixed,0.00,0.00,0.0,0.000,0.002,34.618,20.406,0.00
1786249000,bench_mixed,0.00,0.00,0.0,0.000,0.002,34.618,20.406,0.00
1786249006,bench_mixed,0.00,0.00,0.0,0.000,0.002,34.618,20.407,0.00
1786249011,bench_mixed,0.00,0.00,0.0,0.000,0.002,34.618,20.407,0.00
1786249016,bench_mixed,0.00,0.00,0.0,0.000,0.002,34.618,20.408,0.00
1786249021,bench_mixed,0.00,0.00,0.0,0.000,0.002,34.618,20.406,0.00
1786249026,bench_mixed,0.00,0.00,0.0,0.000,0.002,34.618,20.405,0.00
1786249031,bench_mixed,0.00,0.00,0.0,0.000,0.002,34.618,20.405,0.00
1786249036,bench_mixed,0.00,0.00,0.0,0.000,0.002,34.618,20.404,0.00
1786249041,bench_mixed,0.00,0.00,0.0,0.000,0.002,34.618,20.406,0.00
1786249046,bench_mixed,0.00,0.00,0.0,0.000,0.002,34.618,20.406,0.00
1786249051,bench_mixed,0.00,0.00,0.0,0.000,0.002,34.618,20.406,0.00
1786249056,bench_mixed,0.00,0.00,0.0,0.000,0.002,34.618,20.407,0.00
1786249061,bench_mixed,0.00,0.00,0.0,0.000,0.002,34.618,20.408,0.00
1786249066,bench_mixed,0.00,0.00,0.0,0.000,0.002,34.618,20.408,0.00
1786249071,bench_mixed,0.00,0.00,0.0,0.000,0.002,34.618,20.407,0.00
1786249076,bench_mixed,0.00,0.00,0.0,0.000,0.002,34.618,20.408,0.00
1786249081,bench_mixed,0.00,0.00,0.0,0.000,0.002,34.618,20.406,0.00
1786249086,bench_mixed,0.00,0.00,0.0,0.000,0.002,34.618,20.406,0.00
1786249091,bench_mixed,0.00,0.00,0.0,0.000,0.002,34.618,20.404,0.00
1786249096,bench_mixed,0.00,0.00,0.0,0.000,0.002,34.618,20.403,0.00
1786249102,bench_mixed,0.00,0.00,0.0,0.000,0.002,34.618,20.404,0.00
1786249107,bench_mixed,0.00,0.00,0.0,0.000,0.002,34.618,20.404,0.00
1786249112,bench_mixed,0.00,0.00,0.0,0.000,0.002,34.618,20.403,0.00
1786249117,bench_mixed,0.00,0.00,0.0,0.000,0.002,34.618,20.403,0.00
1786249122,bench_mixed,0.00,0.00,0.0,0.000,0.002,34.618,20.407,0.00
1786249127,bench_mixed,0.00,0.00,0.0,0.000,0.002,34.618,20.408,0.00
1786249132,bench_mixed,0.00,0.00,0.0,0.000,0.002,34.618,20.407,0.00
1786249137,bench_mixed,0.00,0.00,0.0,0.000,0.002,34.618,20.407,0.00
1786249142,bench_mixed,0.00,0.00,0.0,0.000,0.002,34.618,20.406,0.00
1786249147,bench_mixed,0.00,0.00,0.0,0.000,0.002,34.618,20.407,0.00
1786249152,bench_mixed,0.00,0.00,0.0,0.000,0.002,34.618,20.408,0.00
1786249157,bench_mixed,0.00,0.00,0.0,0.000,0.002,34.618,20.408,0.00
1786249162,bench_mixed,0.00,0.00,0.0,0.000,0.002,34.618,20.409,0.00
1786249167,bench_mixed,0.00,0.00,0.0,0.000,0.002,34.618,20.409,0.00
1786249172,bench_mixed,0.00,0.00,0.0,0.000,0.002,34.618,20.409,0.00
1786249177,bench_mixed,0.00,0.00,0.0,0.000,0.002,34.618,20.409,0.00
1786249182,bench_mixed,0.00,0.00,0.0,0.000,0.002,34.618,20.409,0.00
1786249187,bench_mixed,0.00,0.00,0.0,0.000,0.002,34.618,20.409,0.00
1786249192,bench_mixed,0.00,0.00,0.0,0.000,0.002,34.618,20.409,0.00
1786249198,bench_mixed,0.00,0.00,0.0,0.000,0.002,34.618,20.410,0.00
1786249203,bench_mixed,0.00,0.00,0.0,0.000,0.002,34.618,20.411,0.00
1786249208,bench_mixed,0.00,0.00,0.0,0.000,0.002,34.618,20.411,0.00
1786249213,bench_mixed,0.00,0.00,0.0,0.000,0.002,34.618,20.409,0.00
1786249218,bench_mixed,0.00,0.00,0.0,0.000,0.002,34.618,20.409,0.00
1786249223,bench_mixed,0.00,0.00,0.0,0.000,0.002,34.618,20.408,0.00
1786249228,bench_mixed,0.00,0.00,0.0,0.000,0.002,34.618,20.408,0.00
1786249233,bench_mixed,0.00,0.00,0.0,0.000,0.002,34.618,20.407,0.00
1786249238,bench_mixed,0.00,0.00,0.0,0.000,0.002,34.618,20.409,0.00
1786249243,bench_mixed,0.00,0.00,0.0,0.000,0.002,34.618,20.410,0.00
1786249248,bench_mixed,0.00,0.00,0.0,0.000,0.002,34.618,20.410,0.00
1786249253,bench_mixed,0.00,0.00,0.0,0.000,0.002,34.618,20.411,0.00
1786249258,bench_mixed,0.00,0.00,0.0,0.000,0.002,34.618,20.411,0.00
1786249263,bench_mixed,0.00,0.00,0.0,0.000,0.002,34.618,20.409,0.00
1786249268,bench_mixed,0.00,0.00,0.0,0.000,0.002,34.618,20.409,0.00
1786249273,bench_mixed,0.00,0.00,0.0,0.000,0.002,34.618,20.403,0.03
1786249278,bench_mixed,0.00,0.00,0.0,0.000,0.002,34.618,20.404,0.00
1786249283,bench_mixed,0.00,0.00,0.0,0.000,0.002,34.618,20.403,0.00
1786249288,bench_mixed,0.00,0.00,0.0,0.000,0.002,34.618,20.404,0.00
1786249294,bench_mixed,0.00,0.00,0.0,0.000,0.002,34.618,20.406,0.00
1786249299,bench_mixed,0.00,0.00,0.0,0.000,0.002,34.618,20.406,0.00
1786249304,bench_mixed,0.00,0.00,0.0,0.000,0.002,34.618,20.407,0.00
1786249309,bench_mixed,0.00,0.00,0.0,0.000,0.002,34.618,20.408,0.00
1786249314,bench_mixed,0.00,0.00,0.0,0.000,0.002,34.618,20.408,0.00
1786249319,bench_mixed,0.00,0.00,0.0,0.000,0.002,34.618,20.408,0.00
1786249324,bench_mixed,0.00,0.00,0.0,0.000,0.002,34.618,20.408,0.00
1786249329,bench_mixed,0.00,0.00,0.0,0.000,0.002,34.618,20.407,0.00
1786249334,bench_mixed,0.00,0.00,0.0,0.000,0.002,34.618,20.406,0.00
1786249339,bench_mixed,0.00,0.00,0.0,0.000,0.002,34.618,20.406,0.00
1786249344,bench_mixed,0.00,0.00,0.0,0.000,0.002,34.618,20.404,0.00
1786249349,bench_mixed,0.00,0.00,0.0,0.000,0.002,34.618,20.404,0.00
1786249354,bench_mixed,0.00,0.00,0.0,0.000,0.002,34.618,20.401,0.00
1786249359,bench_mixed,0.00,0.00,0.0,0.000,0.002,34.618,20.403,0.00
1786249364,bench_mixed,0.00,0.00,0.0,0.000,0.002,34.618,20.397,0.00
1786249369,bench_mixed,0.00,0.00,0.0,0.000,0.002,34.618,20.404,0.00
1786249374,bench_mixed,0.00,0.00,0.0,0.000,0.002,34.618,20.404,0.00
1786249379,bench_mixed,0.00,0.00,0.0,0.000,0.002,34.618,20.406,0.00
1786249384,bench_mixed,0.00,0.00,0.0,0.000,0.002,34.618,20.407,0.00
1786249390,bench_mixed,0.00,0.00,0.0,0.000,0.002,34.618,20.409,0.00
1786249395,bench_mixed,0.00,0.00,0.0,0.000,0.002,34.618,20.409,0.00
1786249400,bench_mixed,0.00,0.00,0.0,0.000,0.002,34.618,20.408,0.00
1786249405,bench_mixed,0.00,0.00,0.0,0.000,0.002,34.618,20.407,0.00
1786249410,bench_mixed,0.00,0.00,0.0,0.000,0.002,34.618,20.406,0.00
1786249415,bench_mixed,0.00,0.00,0.0,0.000,0.002,34.618,20.407,0.00
1786249420,bench_mixed,0.00,0.00,0.0,0.000,0.002,34.618,20.410,0.00
1786249425,bench_mixed,0.00,0.00,0.0,0.000,0.002,34.618,20.409,0.00
1786249430,bench_mixed,0.00,0.00,0.0,0.000,0.002,34.618,20.410,0.00
1786249435,bench_mixed,0.00,0.00,0.0,0.000,0.002,34.618,20.409,0.00
1786249440,bench_mixed,0.00,0.00,0.0,0.000,0.002,34.618,20.407,0.00
1786249445,bench_mixed,0.00,0.00,0.0,0.000,0.002,34.618,20.407,0.00
1786249450,bench_mixed,0.00,0.00,0.0,0.000,0.002,34.618,20.407,0.00
1786249455,bench_mixed,0.00,0.00,0.0,0.000,0.002,34.618,20.408,0.00
1786249460,bench_mixed,0.00,0.00,0.0,0.000,0.002,34.618,20.409,0.00
1786249465,bench_mixed,0.00,0.00,0.0,0.000,0.002,34.618,20.409,0.00
1786249470,bench_mixed,0.00,0.00,0.0,0.000,0.002,34.618,20.407,0.00
1786249475,bench_mixed,0.00,0.00,0.0,0.000,0.002,34.618,20.407,0.00
1786249480,bench_mixed,0.00,0.00,0.0,0.000,0.002,34.618,20.409,0.00
1786249486,bench_mixed,0.00,0.00,0.0,0.000,0.002,34.618,20.409,0.00
1786249491,bench_mixed,0.00,0.00,0.0,0.000,0.002,34.618,20.409,0.00
1786249496,bench_mixed,0.00,0.00,0.0,0.000,0.002,34.618,20.408,0.00
1786249501,bench_mixed,0.00,0.00,0.0,0.000,0.002,34.618,20.408,0.00
1786249506,bench_mixed,0.00,0.00,0.0,0.000,0.002,34.618,20.408,0.00
1786249511,bench_mixed,0.00,0.00,0.0,0.000,0.002,34.618,20.409,0.00
1786249516,bench_mixed,0.00,0.00,0.0,0.000,0.002,34.618,20.410,0.00
1786249521,bench_mixed,0.00,0.00,0.0,0.000,0.002,34.618,20.408,0.00
1786249526,bench_mixed,0.00,0.00,0.0,0.000,0.002,34.618,20.409,0.00
1786249531,bench_mixed,0.00,0.00,0.0,0.000,0.002,34.618,20.409,0.00
1786249536,bench_mixed,0.00,0.00,0.0,0.000,0.002,34.618,20.408,0.00
1786249541,bench_mixed,0.00,0.00,0.0,0.000,0.002,34.618,20.412,0.00
1786249546,bench_mixed,0.00,0.00,0.0,0.000,0.002,34.618,20.413,0.00
1786249551,bench_mixed,0.00,0.00,0.0,0.000,0.002,34.618,20.415,0.00
1786249556,bench_mixed,0.00,0.00,0.0,0.000,0.002,34.618,20.415,0.00
1786249561,bench_mixed,0.00,0.00,0.0,0.000,0.002,34.618,20.413,0.00
1786249566,bench_mixed,0.00,0.00,0.0,0.000,0.002,34.618,20.413,0.00
1786249571,bench_mixed,0.00,0.00,0.0,0.000,0.002,34.618,20.407,0.02
1786249576,bench_mixed,0.00,0.00,0.0,0.000,0.002,34.618,20.404,0.01
1786249581,bench_mixed,0.00,0.00,0.0,0.000,0.002,34.618,20.403,0.00
1786249587,bench_mixed,0.00,0.00,0.0,0.000,0.002,34.618,20.404,0.00
1786249592,bench_mixed,0.00,0.00,0.0,0.000,0.002,34.618,20.404,0.00
1786249597,bench_mixed,0.00,0.00,0.0,0.000,0.002,34.618,20.404,0.00
1786249602,bench_mixed,0.00,0.00,0.0,0.000,0.002,34.618,20.402,0.00
1786249607,bench_mixed,0.00,0.00,0.0,0.000,0.002,34.618,20.401,0.00
1786249612,bench_mixed,0.00,0.00,0.0,0.000,0.002,34.618,20.404,0.00
1786249617,bench_mixed,0.00,0.00,0.0,0.000,0.002,34.618,20.404,0.00
1786249622,bench_mixed,0.00,0.00,0.0,0.000,0.002,34.618,20.404,0.00
1786249627,bench_mixed,0.00,0.00,0.0,0.000,0.002,34.618,20.405,0.00
1786249632,bench_mixed,0.00,0.00,0.0,0.000,0.002,34.618,20.407,0.00
1786249637,bench_mixed,0.00,0.00,0.0,0.000,0.002,34.618,20.407,0.00
1786249642,bench_mixed,0.00,0.00,0.0,0.000,0.002,34.618,20.407,0.00
1786249647,bench_mixed,0.00,0.00,0.0,0.000,0.002,34.618,20.407,0.00
1786249652,bench_mixed,0.00,0.00,0.0,0.000,0.002,34.618,20.403,0.00
1786249657,bench_mixed,0.00,0.00,0.0,0.000,0.002,34.618,20.403,0.00
1786249662,bench_mixed,0.00,0.00,0.0,0.000,0.002,34.618,20.405,0.00
1786249667,bench_mixed,0.00,0.00,0.0,0.000,0.002,34.618,20.406,0.00
1786249672,bench_mixed,0.00,0.00,0.0,0.000,0.002,34.618,20.404,0.00
1786249678,bench_mixed,0.00,0.00,0.0,0.000,0.002,34.618,20.404,0.00
1786249683,bench_mixed,0.00,0.00,0.0,0.000,0.002,34.618,20.402,0.00
1786249688,bench_mixed,0.00,0.00,0.0,0.000,0.002,34.618,20.402,0.00
1786249693,bench_mixed,0.00,0.00,0.0,0.000,0.002,34.618,20.399,0.00
1786249698,bench_mixed,0.00,0.00,0.0,0.000,0.002,34.618,20.400,0.00
1786249703,bench_mixed,0.00,0.00,0.0,0.000,0.002,34.618,20.400,0.00
1786249708,bench_mixed,0.00,0.00,0.0,0.000,0.002,34.618,20.400,0.00
1786249713,bench_mixed,0.00,0.00,0.0,0.000,0.002,34.618,20.399,0.00
1786249718,bench_mixed,0.00,0.00,0.0,0.000,0.002,34.618,20.399,0.00
1786249723,bench_mixed,0.00,0.00,0.0,0.000,0.002,34.618,20.399,0.00
1786249728,bench_mixed,0.00,0.00,0.0,0.000,0.002,34.618,20.401,0.00
1786249733,bench_mixed,0.00,0.00,0.0,0.000,0.002,34.618,20.401,0.00
1786249738,bench_mixed,0.00,0.00,0.0,0.000,0.002,34.618,20.403,0.00
1786249743,bench_mixed,0.00,0.00,0.0,0.000,0.002,34.618,20.403,0.00
1786249748,bench_mixed,0.00,0.00,0.0,0.000,0.002,34.618,20.402,0.00
1786249753,bench_mixed,0.00,0.00,0.0,0.000,0.002,34.618,20.401,0.00
1786249758,bench_mixed,0.00,0.00,0.0,0.000,0.002,34.618,20.401,0.00
1786249763,bench_mixed,0.00,0.00,0.0,0.000,0.002,34.618,20.402,0.00
1786249768,bench_mixed,0.00,0.00,0.0,0.000,0.002,34.618,20.402,0.00
1786249774,bench_mixed,0.00,0.00,0.0,0.000,0.002,34.618,20.402,0.00
1786249779,bench_mixed,0.00,0.00,0.0,0.000,0.002,34.618,20.409,0.00
1786249784,bench_mixed,0.00,0.00,0.0,0.000,0.002,34.618,20.409,0.00
1786249789,bench_mixed,0.00,0.00,0.0,0.000,0.002,34.618,20.408,0.00
1786249794,bench_mixed,0.00,0.00,0.0,0.000,0.002,34.618,20.408,0.00
1786249799,bench_mixed,0.00,0.00,0.0,0.000,0.002,34.618,20.403,0.00
1786249804,bench_mixed,0.00,0.00,0.0,0.000,0.002,34.618,20.404,0.00
1786249809,bench_mixed,0.00,0.00,0.0,0.000,0.002,34.618,20.404,0.00
1786249814,bench_mixed,0.00,0.00,0.0,0.000,0.002,34.618,20.404,0.00
1786249819,bench_mixed,0.00,0.00,0.0,0.000,0.002,34.618,20.403,0.00
1786249824,bench_mixed,0.00,0.00,0.0,0.000,0.002,34.618,20.402,0.00
1786249829,bench_mixed,0.00,0.00,0.0,0.000,0.002,34.618,20.402,0.00
1786249834,bench_mixed,0.00,0.00,0.0,0.000,0.002,34.618,20.402,0.00
1786249839,bench_mixed,0.00,0.00,0.0,0.000,0.002,34.618,20.403,0.00
1786249844,bench_mixed,0.00,0.00,0.0,0.000,0.002,34.618,20.403,0.00
1786249849,bench_mixed,0.00,0.00,0.0,0.000,0.002,34.618,20.403,0.00
1786249854,bench_mixed,0.00,0.00,0.0,0.000,0.002,34.618,20.405,0.00
1786249859,bench_mixed,0.00,0.00,0.0,0.000,0.002,34.618,20.404,0.00
1786249864,bench_mixed,0.00,0.00,0.0,0.000,0.002,34.618,20.404,0.00
1786249870,bench_mixed,0.00,0.00,0.0,0.000,0.002,34.618,20.404,0.00
1786249875,bench_mixed,0.00,0.00,0.0,0.000,0.002,34.618,20.398,0.03
1786249880,bench_mixed,0.00,0.00,0.0,0.000,0.002,34.618,20.398,0.00
1786249885,bench_mixed,0.00,0.00,0.0,0.000,0.002,34.618,20.399,0.00
1786249890,bench_mixed,0.00,0.00,0.0,0.000,0.002,34.618,20.403,0.00
1786249895,bench_mixed,0.00,0.00,0.0,0.000,0.002,34.618,20.403,0.00
1786249900,bench_mixed,0.00,0.00,0.0,0.000,0.002,34.618,20.406,0.00
1786249905,bench_mixed,0.00,0.00,0.0,0.000,0.002,34.618,20.406,0.00
1786249910,bench_mixed,0.00,0.00,0.0,0.000,0.002,34.618,20.405,0.00
1786249915,bench_mixed,0.00,0.00,0.0,0.000,0.002,34.618,20.407,0.00
1786249920,bench_mixed,0.00,0.00,0.0,0.000,0.002,34.618,20.409,0.00
1786249925,bench_mixed,0.00,0.00,0.0,0.000,0.002,34.618,20.409,0.00
1786249930,bench_mixed,0.00,0.00,0.0,0.000,0.002,34.618,20.410,0.00
1786249935,bench_mixed,0.00,0.00,0.0,0.000,0.002,34.618,20.409,0.00
1786249940,bench_mixed,0.00,0.00,0.0,0.000,0.002,34.618,20.410,0.00
1786249945,bench_mixed,0.00,0.00,0.0,0.000,0.002,34.618,20.410,0.00
1786249950,bench_mixed,0.00,0.00,0.0,0.000,0.002,34.618,20.414,0.00
1786249955,bench_mixed,0.00,0.00,0.0,0.000,0.002,34.618,20.414,0.00
1786249960,bench_mixed,0.00,0.00,0.0,0.000,0.002,34.618,20.413,0.00
1786249966,bench_mixed,0.00,0.00,0.0,0.000,0.002,34.618,20.412,0.00
1786249971,bench_mixed,0.00,0.00,0.0,0.000,0.002,34.618,20.410,0.00
1786249976,bench_mixed,0.00,0.00,0.0,0.000,0.002,34.618,20.411,0.00
1786249981,bench_mixed,0.00,0.00,0.0,0.000,0.002,34.618,20.412,0.00
1786249986,bench_mixed,0.00,0.00,0.0,0.000,0.002,34.618,20.412,0.00
1786249991,bench_mixed,0.00,0.00,0.0,0.000,0.002,34.618,20.412,0.00
1786249996,bench_mixed,0.00,0.00,0.0,0.000,0.002,34.618,20.412,0.00
1786250001,bench_mixed,0.00,0.00,0.0,0.000,0.002,34.618,20.412,0.00
1786250006,bench_mixed,0.00,0.00,0.0,0.000,0.002,34.618,20.412,0.00
1786250011,bench_mixed,0.00,0.00,0.0,0.000,0.002,34.618,20.411,0.00
1786250016,bench_mixed,0.00,0.00,0.0,0.000,0.002,34.618,20.410,0.00
1786250021,bench_mixed,0.00,0.00,0.0,0.000,0.002,34.618,20.410,0.00
1786250026,bench_mixed,0.00,0.00,0.0,0.000,0.002,34.618,20.410,0.00
1786250031,bench_mixed,0.00,0.00,0.0,0.000,0.002,34.618,20.411,0.00
1786250036,bench_mixed,0.00,0.00,0.0,0.000,0.002,34.618,20.413,0.00
1786250041,bench_mixed,0.00,0.00,0.0,0.000,0.002,34.618,20.413,0.00
1786250046,bench_mixed,0.00,0.00,0.0,0.000,0.002,34.618,20.413,0.00
1786250051,bench_mixed,0.00,0.00,0.0,0.000,0.002,34.618,20.411,0.00
1786250056,bench_mixed,0.00,0.00,0.0,0.000,0.002,34.618,20.411,0.00
1786250061,bench_mixed,0.00,0.00,0.0,0.000,0.002,34.618,20.411,0.00
1786250067,bench_mixed,0.00,0.00,0.0,0.000,0.002,34.618,20.411,0.00
1786250072,bench_mixed,0.00,0.00,0.0,0.000,0.002,34.618,20.412,0.00
1786250077,bench_mixed,0.00,0.00,0.0,0.000,0.002,34.618,20.411,0.00
1786250082,bench_mixed,0.00,0.00,0.0,0.000,0.002,34.618,20.412,0.00
1786250087,bench_mixed,0.00,0.00,0.0,0.000,0.002,34.618,20.412,0.00
1786250092,bench_mixed,0.00,0.00,0.0,0.000,0.002,34.618,20.412,0.00
1786250097,bench_mixed,0.00,0.00,0.0,0.000,0.002,34.618,20.414,0.00
1786250102,bench_mixed,0.00,0.00,0.0,0.000,0.002,34.618,20.414,0.00
1786250107,bench_mixed,0.00,0.00,0.0,0.000,0.002,34.618,20.415,0.00
1786250112,bench_mixed,0.00,0.00,0.0,0.000,0.002,34.618,20.416,0.00
1786250117,bench_mixed,0.00,0.00,0.0,0.000,0.002,34.618,20.415,0.00
1786250122,bench_mixed,0.00,0.00,0.0,0.000,0.002,34.618,20.415,0.00
1786250127,bench_mixed,0.00,0.00,0.0,0.000,0.002,34.618,20.416,0.00
1786250132,bench_mixed,0.00,0.00,0.0,0.000,0.002,34.618,20.416,0.00
1786250137,bench_mixed,0.00,0.00,0.0,0.000,0.002,34.618,20.413,0.00
1786250142,bench_mixed,0.00,0.00,0.0,0.000,0.002,34.618,20.413,0.00
1786250147,bench_mixed,0.00,0.00,0.0,0.000,0.002,34.618,20.411,0.00
1786250152,bench_mixed,0.00,0.00,0.0,0.000,0.002,34.618,20.411,0.00
1786250157,bench_mixed,0.00,0.00,0.0,0.000,0.002,34.618,20.413,0.00
1786250163,bench_mixed,0.00,0.00,0.0,0.000,0.002,34.618,20.413,0.00
1786250168,bench_mixed,0.00,0.00,0.0,0.000,0.002,34.618,20.413,0.00
1786250173,bench_mixed,0.00,0.00,0.0,0.000,0.002,34.618,20.405,0.03
1786250178,bench_mixed,0.00,0.00,0.0,0.000,0.002,34.618,20.404,0.00
1786250183,bench_mixed,0.00,0.00,0.0,0.000,0.002,34.618,20.405,0.00
1786250188,bench_mixed,0.00,0.00,0.0,0.000,0.002,34.618,20.404,0.00
1786250193,bench_mixed,0.00,0.00,0.0,0.000,0.002,34.618,20.404,0.00
1786250198,bench_mixed,0.00,0.00,0.0,0.000,0.002,34.618,20.408,0.00
1786250203,bench_mixed,0.00,0.00,0.0,0.000,0.002,34.618,20.407,0.00
1786250208,bench_mixed,0.00,0.00,0.0,0.000,0.002,34.618,20.407,0.00
1786250213,bench_mixed,0.00,0.00,0.0,0.000,0.002,34.618,20.407,0.00
1786250218,bench_mixed,0.00,0.00,0.0,0.000,0.002,34.618,20.408,0.00
1786250223,bench_mixed,0.00,0.00,0.0,0.000,0.002,34.618,20.408,0.00
1786250228,bench_mixed,0.00,0.00,0.0,0.000,0.002,34.618,20.408,0.00
1786250233,bench_mixed,0.00,0.00,0.0,0.000,0.002,34.618,20.409,0.00
1786250238,bench_mixed,0.00,0.00,0.0,0.000,0.002,34.618,20.409,0.00
1786250243,bench_mixed,0.00,0.00,0.0,0.000,0.002,34.618,20.410,0.00
1786250248,bench_mixed,0.00,0.00,0.0,0.000,0.002,34.618,20.412,0.00
1786250253,bench_mixed,0.00,0.00,0.0,0.000,0.002,34.618,20.412,0.00
1786250259,bench_mixed,0.00,0.00,0.0,0.000,0.002,34.618,20.411,0.00
1786250264,bench_mixed,0.00,0.00,0.0,0.000,0.002,34.618,20.412,0.00
1786250269,bench_mixed,0.00,0.00,0.0,0.000,0.002,34.618,20.411,0.00
1786250274,bench_mixed,0.00,0.00,0.0,0.000,0.002,34.618,20.411,0.00
1786250279,bench_mixed,0.00,0.00,0.0,0.000,0.002,34.618,20.411,0.00
1786250284,bench_mixed,0.00,0.00,0.0,0.000,0.002,34.618,20.411,0.00
1786250289,bench_mixed,0.00,0.00,0.0,0.000,0.002,34.618,20.410,0.00
1786250294,bench_mixed,0.00,0.00,0.0,0.000,0.002,34.618,20.411,0.00
1786250299,bench_mixed,0.00,0.00,0.0,0.000,0.002,34.618,20.410,0.00
1786250304,bench_mixed,0.00,0.00,0.0,0.000,0.002,34.618,20.410,0.00
1786250309,bench_mixed,0.00,0.00,0.0,0.000,0.002,34.618,20.413,0.00
1786250314,bench_mixed,0.00,0.00,0.0,0.000,0.002,34.618,20.413,0.00
1786250319,bench_mixed,0.00,0.00,0.0,0.000,0.002,34.618,20.409,0.00
1786250324,bench_mixed,0.00,0.00,0.0,0.000,0.002,34.618,20.409,0.00
1786250329,bench_mixed,0.00,0.00,0.0,0.000,0.002,34.618,20.408,0.00
1786250334,bench_mixed,0.00,0.00,0.0,0.000,0.002,34.618,20.409,0.00
1786250339,bench_mixed,0.00,0.00,0.0,0.000,0.002,34.618,20.413,0.00
1786250344,bench_mixed,0.00,0.00,0.0,0.000,0.002,34.618,20.413,0.00
1786250349,bench_mixed,0.00,0.00,0.0,0.000,0.002,34.618,20.412,0.00
1786250355,bench_mixed,0.00,0.00,0.0,0.000,0.002,34.618,20.412,0.00
1786250360,bench_mixed,0.00,0.00,0.0,0.000,0.002,34.618,20.411,0.00
1786250365,bench_mixed,0.00,0.00,0.0,0.000,0.002,34.618,20.413,0.00
1786250370,bench_mixed,0.00,0.00,0.0,0.000,0.002,34.618,20.411,0.00
1786250375,bench_mixed,0.00,0.00,0.0,0.000,0.002,34.618,20.411,0.00
1786250380,bench_mixed,0.00,0.00,0.0,0.000,0.002,34.618,20.410,0.00
1786250385,bench_mixed,0.00,0.00,0.0,0.000,0.002,34.618,20.410,0.00
1786250390,bench_mixed,0.00,0.00,0.0,0.000,0.002,34.618,20.411,0.00
1786250395,bench_mixed,0.00,0.00,0.0,0.000,0.002,34.618,20.411,0.00
1786250400,bench_mixed,0.00,0.00,0.0,0.000,0.002,34.618,20.409,0.00
1786250405,bench_mixed,0.00,0.00,0.0,0.000,0.002,34.618,20.410,0.00
1786250410,bench_mixed,0.00,0.00,0.0,0.000,0.002,34.618,20.408,0.00
1786250415,bench_mixed,0.00,0.00,0.0,0.000,0.002,34.618,20.408,0.00
1786250420,bench_mixed,0.00,0.00,0.0,0.000,0.002,34.618,20.405,0.00
1786250425,bench_mixed,0.00,0.00,0.0,0.000,0.002,34.618,20.405,0.00
1786250430,bench_mixed,0.00,0.00,0.0,0.000,0.002,34.618,20.404,0.00
1786250435,bench_mixed,0.00,0.00,0.0,0.000,0.002,34.618,20.404,0.00
1786250440,bench_mixed,0.00,0.00,0.0,0.000,0.002,34.618,20.404,0.00
1786250445,bench_mixed,0.00,0.00,0.0,0.000,0.002,34.618,20.405,0.00
1786250451,bench_mixed,0.00,0.00,0.0,0.000,0.002,34.618,20.404,0.00
1786250456,bench_mixed,0.00,0.00,0.0,0.000,0.002,34.618,20.403,0.00
1786250461,bench_mixed,0.00,0.00,0.0,0.000,0.002,34.618,20.403,0.00
1786250466,bench_mixed,0.00,0.00,0.0,0.000,0.002,34.618,20.402,0.00
1786250471,bench_mixed,0.00,0.00,0.0,0.000,0.002,34.618,20.402,0.00
1786250476,bench_mixed,0.00,0.00,0.0,0.000,0.002,34.618,20.394,0.03
1786250481,bench_mixed,0.00,0.00,0.0,0.000,0.002,34.618,20.394,0.00
1786250486,bench_mixed,0.00,0.00,0.0,0.000,0.002,34.618,20.392,0.00
1786250491,bench_mixed,0.00,0.00,0.0,0.000,0.002,34.618,20.393,0.00
1786250496,bench_mixed,0.00,0.00,0.0,0.000,0.002,34.618,20.395,0.00
1786250501,bench_mixed,0.00,0.00,0.0,0.000,0.002,34.618,20.396,0.00
1786250506,bench_mixed,0.00,0.00,0.0,0.000,0.002,34.618,20.399,0.00
1786250511,bench_mixed,0.00,0.00,0.0,0.000,0.002,34.618,20.400,0.00
1786250516,bench_mixed,0.00,0.00,0.0,0.000,0.002,34.618,20.402,0.00
1786250521,bench_mixed,0.00,0.00,0.0,0.000,0.002,34.618,20.402,0.00
1786250526,bench_mixed,0.00,0.00,0.0,0.000,0.002,34.618,20.403,0.00
1786250531,bench_mixed,0.00,0.00,0.0,0.000,0.002,34.618,20.403,0.00
1786250536,bench_mixed,0.00,0.00,0.0,0.000,0.002,34.618,20.407,0.00
1786250541,bench_mixed,0.00,0.00,0.0,0.000,0.002,34.618,20.405,0.00
1786250547,bench_mixed,0.00,0.00,0.0,0.000,0.002,34.618,20.405,0.00
1786250552,bench_mixed,0.00,0.00,0.0,0.000,0.002,34.618,20.405,0.00
1786250557,bench_mixed,0.00,0.00,0.0,0.000,0.002,34.618,20.404,0.00
1786250562,bench_mixed,0.00,0.00,0.0,0.000,0.002,34.618,20.404,0.00
1786250567,bench_mixed,0.00,0.00,0.0,0.000,0.002,34.618,20.403,0.00
1786250572,bench_mixed,0.00,0.00,0.0,0.000,0.002,34.618,20.402,0.00
1786250577,bench_mixed,0.00,0.00,0.0,0.000,0.002,34.618,20.403,0.00
1786250582,bench_mixed,0.00,0.00,0.0,0.000,0.002,34.618,20.403,0.00
1786250587,bench_mixed,0.00,0.00,0.0,0.000,0.002,34.618,20.407,0.00
1786250592,bench_mixed,0.00,0.00,0.0,0.000,0.002,34.618,20.407,0.00
1786250597,bench_mixed,0.00,0.00,0.0,0.000,0.002,34.618,20.410,0.00
1786250602,bench_mixed,0.00,0.00,0.0,0.000,0.002,34.618,20.411,0.00
1786250607,bench_mixed,0.00,0.00,0.0,0.000,0.002,34.618,20.410,0.00
1786250612,bench_mixed,0.00,0.00,0.0,0.000,0.002,34.618,20.410,0.00
1786250617,bench_mixed,0.00,0.00,0.0,0.000,0.002,34.618,20.398,0.00
1786250622,bench_mixed,0.00,0.00,0.0,0.000,0.002,34.618,20.398,0.00
1786250627,bench_mixed,0.00,0.00,0.0,0.000,0.002,34.618,20.399,0.00
1786250632,bench_mixed,0.00,0.00,0.0,0.000,0.002,34.618,20.399,0.00
1786250637,bench_mixed,0.00,0.00,0.0,0.000,0.002,34.618,20.399,0.00
1786250643,bench_mixed,0.00,0.00,0.0,0.000,0.002,34.618,20.399,0.00
1786250648,bench_mixed,0.00,0.00,0.0,0.000,0.002,34.618,20.399,0.00
1786250653,bench_mixed,0.00,0.00,0.0,0.000,0.002,34.618,20.399,0.00
1786250658,bench_mixed,0.00,0.00,0.0,0.000,0.002,34.618,20.399,0.00
1786250663,bench_mixed,0.00,0.00,0.0,0.000,0.002,34.618,20.399,0.00
1786250668,bench_mixed,0.00,0.00,0.0,0.000,0.002,34.618,20.401,0.00
1786250673,bench_mixed,0.00,0.00,0.0,0.000,0.002,34.618,20.402,0.00
1786250678,bench_mixed,0.00,0.00,0.0,0.000,0.002,34.618,20.401,0.00
1786250683,bench_mixed,0.00,0.00,0.0,0.000,0.002,34.618,20.401,0.00
1786250688,bench_mixed,0.00,0.00,0.0,0.000,0.002,34.618,20.399,0.00
1786250693,bench_mixed,0.00,0.00,0.0,0.000,0.002,34.618,20.400,0.00
1786250698,bench_mixed,0.00,0.00,0.0,0.000,0.002,34.618,20.400,0.00
1786250703,bench_mixed,0.00,0.00,0.0,0.000,0.002,34.618,20.398,0.00
1786250708,bench_mixed,0.00,0.00,0.0,0.000,0.002,34.618,20.398,0.00
1786250713,bench_mixed,0.00,0.00,0.0,0.000,0.002,34.618,20.397,0.00
1786250718,bench_mixed,0.00,0.00,0.0,0.000,0.002,34.618,20.398,0.00
1786250723,bench_mixed,0.00,0.00,0.0,0.000,0.002,34.618,20.399,0.00
1786250728,bench_mixed,0.00,0.00,0.0,0.000,0.002,34.618,20.397,0.00
1786250733,bench_mixed,0.00,0.00,0.0,0.000,0.002,34.618,20.397,0.00
1786250739,bench_mixed,0.00,0.00,0.0,0.000,0.002,34.618,20.397,0.00
1786250744,bench_mixed,0.00,0.00,0.0,0.000,0.002,34.618,20.397,0.00
1786250749,bench_mixed,0.00,0.00,0.0,0.000,0.002,34.618,20.396,0.00
1786250754,bench_mixed,0.00,0.00,0.0,0.000,0.002,34.618,20.396,0.00
1786250759,bench_mixed,0.00,0.00,0.0,0.000,0.002,34.618,20.396,0.00
1786250764,bench_mixed,0.00,0.00,0.0,0.000,0.002,34.618,20.395,0.00
1786250769,bench_mixed,0.00,0.00,0.0,0.000,0.002,34.618,20.395,0.00
1786250774,bench_mixed,0.00,0.00,0.0,0.000,0.002,34.618,20.389,0.03
1786250779,bench_mixed,0.00,0.00,0.0,0.000,0.002,34.618,20.390,0.00
1786250784,bench_mixed,0.00,0.00,0.0,0.000,0.002,34.618,20.391,0.00
1786250789,bench_mixed,0.00,0.00,0.0,0.000,0.002,34.618,20.384,0.00
1786250794,bench_mixed,0.00,0.00,0.0,0.000,0.002,34.618,20.391,0.00
1786250799,bench_mixed,0.00,0.00,0.0,0.000,0.002,34.618,20.391,0.00
1786250804,bench_mixed,0.00,0.00,0.0,0.000,0.002,34.618,20.393,0.00
1786250809,bench_mixed,0.00,0.00,0.0,0.000,0.002,34.618,20.393,0.00
1786250814,bench_mixed,0.00,0.00,0.0,0.000,0.002,34.618,20.394,0.00
1786250819,bench_mixed,0.00,0.00,0.0,0.000,0.002,34.618,20.394,0.00
1786250824,bench_mixed,0.00,0.00,0.0,0.000,0.002,34.618,20.394,0.00
1786250829,bench_mixed,0.00,0.00,0.0,0.000,0.002,34.618,20.394,0.00
1786250835,bench_mixed,0.00,0.00,0.0,0.000,0.002,34.618,20.395,0.00
1786250840,bench_mixed,0.00,0.00,0.0,0.000,0.002,34.618,20.395,0.00
1786250845,bench_mixed,0.00,0.00,0.0,0.000,0.002,34.618,20.395,0.00
1786250850,bench_mixed,0.00,0.00,0.0,0.000,0.002,34.618,20.395,0.00
1786250855,bench_mixed,0.00,0.00,0.0,0.000,0.002,34.618,20.396,0.00
1786250860,bench_mixed,0.00,0.00,0.0,0.000,0.002,34.618,20.396,0.00
1786250865,bench_mixed,0.00,0.00,0.0,0.000,0.002,34.618,20.396,0.00
1786250870,bench_mixed,0.00,0.00,0.0,0.000,0.002,34.618,20.396,0.00
1786250875,bench_mixed,0.00,0.00,0.0,0.000,0.002,34.618,20.400,0.00
1786250880,bench_mixed,0.00,0.00,0.0,0.000,0.002,34.618,20.399,0.00
1786250885,bench_mixed,0.00,0.00,0.0,0.000,0.002,34.618,20.400,0.00
1786250890,bench_mixed,0.00,0.00,0.0,0.000,0.002,34.618,20.399,0.00
1786250895,bench_mixed,0.00,0.00,0.0,0.000,0.002,34.618,20.399,0.00
1786250900,bench_mixed,0.00,0.00,0.0,0.000,0.002,34.618,20.399,0.00
1786250905,bench_mixed,0.00,0.00,0.0,0.000,0.002,34.618,20.398,0.00
1786250910,bench_mixed,0.00,0.00,0.0,0.000,0.002,34.618,20.398,0.00
1786250915,bench_mixed,0.00,0.00,0.0,0.000,0.002,34.618,20.398,0.00
1786250920,bench_mixed,0.00,0.00,0.0,0.000,0.002,34.618,20.398,0.00
1786250925,bench_mixed,0.00,0.00,0.0,0.000,0.002,34.618,20.400,0.00
1786250931,bench_mixed,0.00,0.00,0.0,0.000,0.002,34.618,20.400,0.00
1786250936,bench_mixed,0.00,0.00,0.0,0.000,0.002,34.618,20.400,0.00
1786250941,bench_mixed,0.00,0.00,0.0,0.000,0.002,34.618,20.399,0.00
1786250946,bench_mixed,0.00,0.00,0.0,0.000,0.002,34.618,20.397,0.00
1786250951,bench_mixed,0.00,0.00,0.0,0.000,0.002,34.618,20.397,0.00
1786250956,bench_mixed,0.00,0.00,0.0,0.000,0.002,34.618,20.398,0.00
1786250961,bench_mixed,0.00,0.00,0.0,0.000,0.002,34.618,20.398,0.00
1786250966,bench_mixed,0.00,0.00,0.0,0.000,0.002,34.618,20.397,0.00
1786250971,bench_mixed,0.00,0.00,0.0,0.000,0.002,34.618,20.397,0.00
1786250976,bench_mixed,0.00,0.00,0.0,0.000,0.002,34.618,20.397,0.00
1786250981,bench_mixed,0.00,0.00,0.0,0.000,0.002,34.618,20.397,0.00
1786250986,bench_mixed,0.00,0.00,0.0,0.000,0.002,34.618,20.396,0.00
1786250991,bench_mixed,0.00,0.00,0.0,0.000,0.002,34.618,20.396,0.00
1786250996,bench_mixed,0.00,0.00,0.0,0.000,0.002,34.618,20.398,0.00
1786251001,bench_mixed,0.00,0.00,0.0,0.000,0.002,34.618,20.398,0.00
1786251006,bench_mixed,0.00,0.00,0.0,0.000,0.002,34.618,20.397,0.00
1786251011,bench_mixed,0.00,0.00,0.0,0.000,0.002,34.618,20.397,0.00
1786251016,bench_mixed,0.00,0.00,0.0,0.000,0.002,34.618,20.398,0.00
1786251021,bench_mixed,0.00,0.00,0.0,0.000,0.002,34.618,20.398,0.00
1786251027,bench_mixed,0.00,0.00,0.0,0.000,0.002,34.618,20.398,0.00
1786251032,bench_mixed,0.00,0.00,0.0,0.000,0.002,34.618,20.398,0.00
1786251037,bench_mixed,0.00,0.00,0.0,0.000,0.002,34.618,20.397,0.00
1786251042,bench_mixed,0.00,0.00,0.0,0.000,0.002,34.618,20.397,0.00
1786251047,bench_mixed,0.00,0.00,0.0,0.000,0.002,34.618,20.397,0.00
1786251052,bench_mixed,0.00,0.00,0.0,0.000,0.002,34.618,20.397,0.00
1786251057,bench_mixed,0.00,0.00,0.0,0.000,0.002,34.618,20.396,0.00
1786251062,bench_mixed,0.00,0.00,0.0,0.000,0.002,34.618,20.396,0.00
1786251067,bench_mixed,0.00,0.00,0.0,0.000,0.002,34.618,20.395,0.00
1786251072,bench_mixed,0.00,0.00,0.0,0.000,0.002,34.618,20.390,0.02
1786251077,bench_mixed,0.00,0.00,0.0,0.000,0.002,34.618,20.392,0.01
1786251082,bench_mixed,0.00,0.00,0.0,0.000,0.002,34.618,20.393,0.00
1786251087,bench_mixed,0.00,0.00,0.0,0.000,0.002,34.618,20.394,0.00
1786251092,bench_mixed,0.00,0.00,0.0,0.000,0.002,34.618,20.394,0.00
1786251097,bench_mixed,0.00,0.00,0.0,0.000,0.002,34.618,20.395,0.00
1786251102,bench_mixed,0.00,0.00,0.0,0.000,0.002,34.618,20.396,0.00
1786251107,bench_mixed,0.00,0.00,0.0,0.000,0.002,34.618,20.394,0.00
1786251112,bench_mixed,0.00,0.00,0.0,0.000,0.002,34.618,20.394,0.00
1786251117,bench_mixed,0.00,0.00,0.0,0.000,0.002,34.618,20.396,0.00
1786251123,bench_mixed,0.00,0.00,0.0,0.000,0.002,34.618,20.396,0.00
1786251128,bench_mixed,0.00,0.00,0.0,0.000,0.002,34.618,20.396,0.00
1786251133,bench_mixed,0.00,0.00,0.0,0.000,0.002,34.618,20.397,0.00
1786251138,bench_mixed,0.00,0.00,0.0,0.000,0.002,34.618,20.397,0.00
1786251143,bench_mixed,0.00,0.00,0.0,0.000,0.002,34.618,20.397,0.00
1786251148,bench_mixed,0.00,0.00,0.0,0.000,0.002,34.618,20.389,0.00
1786251153,bench_mixed,0.00,0.00,0.0,0.000,0.002,34.618,20.396,0.00
1786251158,bench_mixed,0.00,0.00,0.0,0.000,0.002,34.618,20.397,0.00
1786251163,bench_mixed,0.00,0.00,0.0,0.000,0.002,34.618,20.397,0.00
1786251168,bench_mixed,0.00,0.00,0.0,0.000,0.002,34.618,20.397,0.00
1786251173,bench_mixed,0.00,0.00,0.0,0.000,0.002,34.618,20.398,0.00
1786251178,bench_mixed,0.00,0.00,0.0,0.000,0.002,34.618,20.398,0.00
1786251183,bench_mixed,0.00,0.00,0.0,0.000,0.002,34.618,20.397,0.00
1786251188,bench_mixed,0.00,0.00,0.0,0.000,0.002,34.618,20.397,0.00
1786251193,bench_mixed,0.00,0.00,0.0,0.000,0.002,34.618,20.395,0.00
1786251198,bench_mixed,0.00,0.00,0.0,0.000,0.002,34.618,20.396,0.00
1786251203,bench_mixed,0.00,0.00,0.0,0.000,0.002,34.618,20.395,0.00
1786251208,bench_mixed,0.00,0.00,0.0,0.000,0.002,34.618,20.394,0.00
1786251213,bench_mixed,0.00,0.00,0.0,0.000,0.002,34.618,20.394,0.00
1786251219,bench_mixed,0.00,0.00,0.0,0.000,0.002,34.618,20.394,0.00
1786251224,bench_mixed,0.00,0.00,0.0,0.000,0.002,34.618,20.394,0.00
1786251229,bench_mixed,0.00,0.00,0.0,0.000,0.002,34.618,20.394,0.00
1786251234,bench_mixed,0.00,0.00,0.0,0.000,0.002,34.618,20.393,0.00
1786251239,bench_mixed,0.00,0.00,0.0,0.000,0.002,34.618,20.393,0.00
1786251244,bench_mixed,0.00,0.00,0.0,0.000,0.002,34.618,20.393,0.00
1786251249,bench_mixed,0.00,0.00,0.0,0.000,0.002,34.618,20.394,0.00
1786251254,bench_mixed,0.00,0.00,0.0,0.000,0.002,34.618,20.394,0.00
1786251259,bench_mixed,0.00,0.00,0.0,0.000,0.002,34.618,20.394,0.00
1786251264,bench_mixed,0.00,0.00,0.0,0.000,0.002,34.618,20.394,0.00
1786251269,bench_mixed,0.00,0.00,0.0,0.000,0.002,34.618,20.394,0.00
1786251274,bench_mixed,0.00,0.00,0.0,0.000,0.002,34.618,20.394,0.00
1786251279,bench_mixed,0.00,0.00,0.0,0.000,0.002,34.618,20.394,0.00
1786251284,bench_mixed,0.00,0.00,0.0,0.000,0.002,34.618,20.395,0.00
1786251289,bench_mixed,0.00,0.00,0.0,0.000,0.002,34.618,20.395,0.00
1786251294,bench_mixed,0.00,0.00,0.0,0.000,0.002,34.618,20.395,0.00
1786251299,bench_mixed,0.00,0.00,0.0,0.000,0.002,34.618,20.395,0.00
1786251304,bench_mixed,0.00,0.00,0.0,0.000,0.002,34.618,20.393,0.00
1786251309,bench_mixed,0.00,0.00,0.0,0.000,0.002,34.618,20.394,0.00
1786251315,bench_mixed,0.00,0.00,0.0,0.000,0.002,34.618,20.394,0.00
1786251320,bench_mixed,0.00,0.00,0.0,0.000,0.002,34.618,20.394,0.00
1786251325,bench_mixed,0.00,0.00,0.0,0.000,0.002,34.618,20.394,0.00
1786251330,bench_mixed,0.00,0.00,0.0,0.000,0.002,34.618,20.394,0.00
1786251335,bench_mixed,0.00,0.00,0.0,0.000,0.002,34.618,20.394,0.00
1786251340,bench_mixed,0.00,0.00,0.0,0.000,0.002,34.618,20.394,0.00
1786251345,bench_mixed,0.00,0.00,0.0,0.000,0.002,34.618,20.392,0.00
1786251350,bench_mixed,0.00,0.00,0.0,0.000,0.002,34.618,20.393,0.00
1786251355,bench_mixed,0.00,0.00,0.0,0.000,0.002,34.618,20.392,0.00
1786251360,bench_mixed,0.00,0.00,0.0,0.000,0.002,34.618,20.392,0.00
1786251365,bench_mixed,0.00,0.00,0.0,0.000,0.002,34.618,20.393,0.00
1786251370,bench_mixed,0.00,0.00,0.0,0.000,0.002,34.618,20.395,0.00
1786251375,bench_mixed,0.00,0.00,0.0,0.000,0.002,34.618,20.388,0.03
1786251380,bench_mixed,0.00,0.00,0.0,0.000,0.002,34.618,20.388,0.00
1786251385,bench_mixed,0.00,0.00,0.0,0.000,0.002,34.618,20.389,0.00
1786251390,bench_mixed,0.00,0.00,0.0,0.000,0.002,34.618,20.390,0.00
1786251395,bench_mixed,0.00,0.00,0.0,0.000,0.002,34.618,20.392,0.00
1786251400,bench_mixed,0.00,0.00,0.0,0.000,0.002,34.618,20.392,0.00
1786251405,bench_mixed,0.00,0.00,0.0,0.000,0.002,34.618,20.392,0.00
1786251411,bench_mixed,0.00,0.00,0.0,0.000,0.002,34.618,20.391,0.00
1786251416,bench_mixed,0.00,0.00,0.0,0.000,0.002,34.618,20.392,0.00
1786251421,bench_mixed,0.00,0.00,0.0,0.000,0.002,34.618,20.392,0.00
1786251426,bench_mixed,0.00,0.00,0.0,0.000,0.002,34.618,20.393,0.00
1786251431,bench_mixed,0.00,0.00,0.0,0.000,0.002,34.618,20.393,0.00
1786251436,bench_mixed,0.00,0.00,0.0,0.000,0.002,34.618,20.394,0.00
1786251441,bench_mixed,0.00,0.00,0.0,0.000,0.002,34.618,20.394,0.00
1786251446,bench_mixed,0.00,0.00,0.0,0.000,0.002,34.618,20.392,0.00
1786251451,bench_mixed,0.00,0.00,0.0,0.000,0.002,34.618,20.392,0.00
1786251456,bench_mixed,0.00,0.00,0.0,0.000,0.002,34.618,20.393,0.00
1786251461,bench_mixed,0.00,0.00,0.0,0.000,0.002,34.618,20.393,0.00
1786251466,bench_mixed,0.00,0.00,0.0,0.000,0.002,34.618,20.391,0.00
1786251471,bench_mixed,0.00,0.00,0.0,0.000,0.002,34.618,20.391,0.00
1786251476,bench_mixed,0.00,0.00,0.0,0.000,0.002,34.618,20.390,0.00
1786251481,bench_mixed,0.00,0.00,0.0,0.000,0.002,34.618,20.391,0.00
1786251486,bench_mixed,0.00,0.00,0.0,0.000,0.002,34.618,20.391,0.00
1786251491,bench_mixed,0.00,0.00,0.0,0.000,0.002,34.618,20.391,0.00
1786251496,bench_mixed,0.00,0.00,0.0,0.000,0.002,34.618,20.391,0.00
1786251501,bench_mixed,0.00,0.00,0.0,0.000,0.002,34.618,20.391,0.00
1786251507,bench_mixed,0.00,0.00,0.0,0.000,0.002,34.618,20.385,0.00
1786251512,bench_mixed,0.00,0.00,0.0,0.000,0.002,34.618,20.391,0.00
1786251517,bench_mixed,0.00,0.00,0.0,0.000,0.002,34.618,20.391,0.00
1786251522,bench_mixed,0.00,0.00,0.0,0.000,0.002,34.618,20.390,0.00
1786251527,bench_mixed,0.00,0.00,0.0,0.000,0.002,34.618,20.390,0.00
1786251532,bench_mixed,0.00,0.00,0.0,0.000,0.002,34.618,20.391,0.00
1786251537,bench_mixed,0.00,0.00,0.0,0.000,0.002,34.618,20.391,0.00
1786251542,bench_mixed,0.00,0.00,0.0,0.000,0.002,34.618,20.389,0.00
1786251547,bench_mixed,0.00,0.00,0.0,0.000,0.002,34.618,20.389,0.00
1786251552,bench_mixed,0.00,0.00,0.0,0.000,0.002,34.618,20.390,0.00
1786251557,bench_mixed,0.00,0.00,0.0,0.000,0.002,34.618,20.390,0.00
1786251562,bench_mixed,0.00,0.00,0.0,0.000,0.002,34.618,20.391,0.00
1786251567,bench_mixed,0.00,0.00,0.0,0.000,0.002,34.618,20.391,0.00
1786251572,bench_mixed,0.00,0.00,0.0,0.000,0.002,34.618,20.392,0.00
1786251577,bench_mixed,0.00,0.00,0.0,0.000,0.002,34.618,20.393,0.00
1786251582,bench_mixed,0.00,0.00,0.0,0.000,0.002,34.618,20.392,0.00
1786251587,bench_mixed,0.00,0.00,0.0,0.000,0.002,34.618,20.392,0.00
1786251592,bench_mixed,0.00,0.00,0.0,0.000,0.002,34.618,20.391,0.00
1786251597,bench_mixed,0.00,0.00,0.0,0.000,0.002,34.618,20.391,0.00
1786251603,bench_mixed,0.00,0.00,0.0,0.000,0.002,34.618,20.391,0.00
1786251608,bench_mixed,0.00,0.00,0.0,0.000,0.002,34.618,20.390,0.00
1786251613,bench_mixed,0.00,0.00,0.0,0.000,0.002,34.618,20.387,0.00
1786251618,bench_mixed,0.00,0.00,0.0,0.000,0.002,34.618,20.387,0.00
1786251623,bench_mixed,0.00,0.00,0.0,0.000,0.002,34.618,20.389,0.00
1786251628,bench_mixed,0.00,0.00,0.0,0.000,0.002,34.618,20.389,0.00
1786251633,bench_mixed,0.00,0.00,0.0,0.000,0.002,34.618,20.389,0.00
1786251638,bench_mixed,0.00,0.00,0.0,0.000,0.002,34.618,20.389,0.00
1786251643,bench_mixed,0.00,0.00,0.0,0.000,0.002,34.618,20.389,0.00
1786251648,bench_mixed,0.00,0.00,0.0,0.000,0.002,34.618,20.388,0.00
1786251653,bench_mixed,0.00,0.00,0.0,0.000,0.002,34.618,20.389,0.00
1786251658,bench_mixed,0.00,0.00,0.0,0.000,0.002,34.618,20.388,0.00
1786251663,bench_mixed,0.00,0.00,0.0,0.000,0.002,34.618,20.388,0.00
1786251668,bench_mixed,0.00,0.00,0.0,0.000,0.002,34.618,20.388,0.00
1786251673,bench_mixed,0.00,0.00,0.0,0.000,0.002,34.618,20.386,0.03
1786251678,bench_mixed,0.00,0.00,0.0,0.000,0.002,34.618,20.386,0.00
1786251683,bench_mixed,0.00,0.00,0.0,0.000,0.002,34.618,20.388,0.00
1786251688,bench_mixed,0.00,0.00,0.0,0.000,0.002,34.618,20.388,0.00
1786251693,bench_mixed,0.00,0.00,0.0,0.000,0.002,34.618,20.389,0.00
1786251698,bench_mixed,0.00,0.00,0.0,0.000,0.002,34.618,20.389,0.00
1786251704,bench_mixed,0.00,0.00,0.0,0.000,0.002,34.618,20.388,0.00
1786251709,bench_mixed,0.00,0.00,0.0,0.000,0.002,34.618,20.388,0.00
1786251714,bench_mixed,0.00,0.00,0.0,0.000,0.002,34.618,20.390,0.00
1786251719,bench_mixed,0.00,0.00,0.0,0.000,0.002,34.618,20.391,0.00
1786251724,bench_mixed,0.00,0.00,0.0,0.000,0.002,34.618,20.389,0.00
1786251729,bench_mixed,0.00,0.00,0.0,0.000,0.002,34.618,20.389,0.00
1786251734,bench_mixed,0.00,0.00,0.0,0.000,0.002,34.618,20.387,0.00
1786251739,bench_mixed,0.00,0.00,0.0,0.000,0.002,34.618,20.388,0.00
1786251744,bench_mixed,0.00,0.00,0.0,0.000,0.002,34.618,20.387,0.00
1786251749,bench_mixed,0.00,0.00,0.0,0.000,0.002,34.618,20.386,0.00
1786251754,bench_mixed,0.00,0.00,0.0,0.000,0.002,34.618,20.390,0.00
1786251759,bench_mixed,0.00,0.00,0.0,0.000,0.002,34.618,20.390,0.00
1786251764,bench_mixed,0.00,0.00,0.0,0.000,0.002,34.618,20.389,0.00
1786251769,bench_mixed,0.00,0.00,0.0,0.000,0.002,34.618,20.389,0.00
1786251774,bench_mixed,0.00,0.00,0.0,0.000,0.002,34.618,20.390,0.00
1786251779,bench_mixed,0.00,0.00,0.0,0.000,0.002,34.618,20.391,0.00
1786251784,bench_mixed,0.00,0.00,0.0,0.000,0.002,34.618,20.392,0.00
1786251789,bench_mixed,0.00,0.00,0.0,0.000,0.002,34.618,20.393,0.00
1786251794,bench_mixed,0.00,0.00,0.0,0.000,0.002,34.618,20.387,0.00
1786251800,bench_mixed,0.00,0.00,0.0,0.000,0.002,34.618,20.387,0.00
1786251805,bench_mixed,0.00,0.00,0.0,0.000,0.002,34.618,20.388,0.00
1786251810,bench_mixed,0.00,0.00,0.0,0.000,0.002,34.618,20.389,0.00
1786251815,bench_mixed,0.00,0.00,0.0,0.000,0.002,34.618,20.389,0.00
1786251820,bench_mixed,0.00,0.00,0.0,0.000,0.002,34.618,20.389,0.00
1786251825,bench_mixed,0.00,0.00,0.0,0.000,0.002,34.618,20.391,0.00
1786251830,bench_mixed,0.00,0.00,0.0,0.000,0.002,34.618,20.390,0.00
1786251835,bench_mixed,0.00,0.00,0.0,0.000,0.002,34.618,20.391,0.00
1786251840,bench_mixed,0.00,0.00,0.0,0.000,0.002,34.618,20.392,0.00
1786251845,bench_mixed,0.00,0.00,0.0,0.000,0.002,34.618,20.390,0.00
1786251850,bench_mixed,0.00,0.00,0.0,0.000,0.002,34.618,20.390,0.00
1786251855,bench_mixed,0.00,0.00,0.0,0.000,0.002,34.618,20.390,0.00
1786251860,bench_mixed,0.00,0.00,0.0,0.000,0.002,34.618,20.390,0.00
1786251865,bench_mixed,0.00,0.00,0.0,0.000,0.002,34.618,20.390,0.00
1786251870,bench_mixed,0.00,0.00,0.0,0.000,0.002,34.618,20.393,0.00
1786251875,bench_mixed,0.00,0.00,0.0,0.000,0.002,34.618,20.393,0.00
1786251880,bench_mixed,0.00,0.00,0.0,0.000,0.002,34.618,20.395,0.00
1786251885,bench_mixed,0.00,0.00,0.0,0.000,0.002,34.618,20.396,0.00
1786251890,bench_mixed,0.00,0.00,0.0,0.000,0.002,34.618,20.394,0.00
1786251896,bench_mixed,0.00,0.00,0.0,0.000,0.002,34.618,20.394,0.00
1786251901,bench_mixed,0.00,0.00,0.0,0.000,0.002,34.618,20.393,0.00
1786251906,bench_mixed,0.00,0.00,0.0,0.000,0.002,34.618,20.394,0.00
1786251911,bench_mixed,0.00,0.00,0.0,0.000,0.002,34.618,20.394,0.00
1786251916,bench_mixed,0.00,0.00,0.0,0.000,0.002,34.618,20.394,0.00
1786251921,bench_mixed,0.00,0.00,0.0,0.000,0.002,34.618,20.397,0.00
1786251926,bench_mixed,0.00,0.00,0.0,0.000,0.002,34.618,20.397,0.00
1786251931,bench_mixed,0.00,0.00,0.0,0.000,0.002,34.618,20.398,0.00
1786251936,bench_mixed,0.00,0.00,0.0,0.000,0.002,34.618,20.398,0.00
1786251941,bench_mixed,0.00,0.00,0.0,0.000,0.002,34.618,20.397,0.00
1786251946,bench_mixed,0.00,0.00,0.0,0.000,0.002,34.618,20.397,0.00
1786251951,bench_mixed,0.00,0.00,0.0,0.000,0.002,34.618,20.398,0.00
1786251956,bench_mixed,0.00,0.00,0.0,0.000,0.002,34.618,20.398,0.00
1786251961,bench_mixed,0.00,0.00,0.0,0.000,0.002,34.618,20.396,0.00
1786251966,bench_mixed,0.00,0.00,0.0,0.000,0.002,34.618,20.396,0.00
1786251971,bench_mixed,0.00,0.00,0.0,0.000,0.002,34.618,20.395,0.00
1786251976,bench_mixed,0.00,0.00,0.0,0.000,0.002,34.618,20.389,0.03
1786251981,bench_mixed,0.00,0.00,0.0,0.000,0.002,34.618,20.389,0.00
1786251986,bench_mixed,0.00,0.00,0.0,0.000,0.002,34.618,20.389,0.00
1786251992,bench_mixed,0.00,0.00,0.0,0.000,0.002,34.618,20.388,0.00
1786251997,bench_mixed,0.00,0.00,0.0,0.000,0.002,34.618,20.390,0.00
1786252002,bench_mixed,0.00,0.00,0.0,0.000,0.002,34.618,20.390,0.00
1786252007,bench_mixed,0.00,0.00,0.0,0.000,0.002,34.618,20.389,0.00
1786252012,bench_mixed,0.00,0.00,0.0,0.000,0.002,34.618,20.390,0.00
1786252017,bench_mixed,0.00,0.00,0.0,0.000,0.002,34.618,20.390,0.00
1786252022,bench_mixed,0.00,0.00,0.0,0.000,0.002,34.618,20.390,0.00
1786252027,bench_mixed,0.00,0.00,0.0,0.000,0.002,34.618,20.390,0.00
1786252032,bench_mixed,0.00,0.00,0.0,0.000,0.002,34.618,20.393,0.00
1786252037,bench_mixed,0.00,0.00,0.0,0.000,0.002,34.618,20.392,0.00
1786252042,bench_mixed,0.00,0.00,0.0,0.000,0.002,34.618,20.393,0.00
1786252047,bench_mixed,0.00,0.00,0.0,0.000,0.002,34.618,20.394,0.00
1786252052,bench_mixed,0.00,0.00,0.0,0.000,0.002,34.618,20.394,0.00
1786252057,bench_mixed,0.00,0.00,0.0,0.000,0.002,34.618,20.395,0.00
1786252062,bench_mixed,0.00,0.00,0.0,0.000,0.002,34.618,20.394,0.00
1786252067,bench_mixed,0.00,0.00,0.0,0.000,0.002,34.618,20.395,0.00
1786252072,bench_mixed,0.00,0.00,0.0,0.000,0.002,34.618,20.394,0.00
1786252077,bench_mixed,0.00,0.00,0.0,0.000,0.002,34.618,20.395,0.00
1786252082,bench_mixed,0.00,0.00,0.0,0.000,0.002,34.618,20.395,0.00
1786252088,bench_mixed,0.00,0.00,0.0,0.000,0.002,34.618,20.395,0.00
1786252093,bench_mixed,0.00,0.00,0.0,0.000,0.002,34.618,20.394,0.00
1786252098,bench_mixed,0.00,0.00,0.0,0.000,0.002,34.618,20.394,0.00
1786252103,bench_mixed,0.00,0.00,0.0,0.000,0.002,34.618,20.393,0.00
1786252108,bench_mixed,0.00,0.00,0.0,0.000,0.002,34.618,20.394,0.00
1786252113,bench_mixed,0.00,0.00,0.0,0.000,0.002,34.618,20.392,0.00
1786252118,bench_mixed,0.00,0.00,0.0,0.000,0.002,34.618,20.393,0.00
1786252123,bench_mixed,0.00,0.00,0.0,0.000,0.002,34.618,20.393,0.00
1786252128,bench_mixed,0.00,0.00,0.0,0.000,0.002,34.618,20.393,0.00
1786252133,bench_mixed,0.00,0.00,0.0,0.000,0.002,34.618,20.392,0.00
1786252138,bench_mixed,0.00,0.00,0.0,0.000,0.002,34.618,20.392,0.00
1786252143,bench_mixed,0.00,0.00,0.0,0.000,0.002,34.618,20.390,0.00
1786252148,bench_mixed,0.00,0.00,0.0,0.000,0.002,34.618,20.391,0.00
1786252153,bench_mixed,0.00,0.00,0.0,0.000,0.002,34.618,20.392,0.00
1786252158,bench_mixed,0.00,0.00,0.0,0.000,0.002,34.618,20.392,0.00
1786252163,bench_mixed,0.00,0.00,0.0,0.000,0.002,34.618,20.392,0.00
1786252168,bench_mixed,0.00,0.00,0.0,0.000,0.002,34.618,20.393,0.00
1786252173,bench_mixed,0.00,0.00,0.0,0.000,0.002,34.618,20.392,0.00
1786252178,bench_mixed,0.00,0.00,0.0,0.000,0.002,34.618,20.394,0.00
1786252184,bench_mixed,0.00,0.00,0.0,0.000,0.002,34.618,20.394,0.00
1786252189,bench_mixed,0.00,0.00,0.0,0.000,0.002,34.618,20.396,0.00
1786252194,bench_mixed,0.00,0.00,0.0,0.000,0.002,34.618,20.396,0.00
1786252199,bench_mixed,0.00,0.00,0.0,0.000,0.002,34.618,20.397,0.00
1786252204,bench_mixed,0.00,0.00,0.0,0.000,0.002,34.618,20.399,0.00
1786252209,bench_mixed,0.00,0.00,0.0,0.000,0.002,34.618,20.398,0.00
1786252214,bench_mixed,0.00,0.00,0.0,0.000,0.002,34.618,20.398,0.00
1786252219,bench_mixed,0.00,0.00,0.0,0.000,0.002,34.618,20.397,0.00
1786252224,bench_mixed,0.00,0.00,0.0,0.000,0.002,34.618,20.396,0.00
1786252229,bench_mixed,0.00,0.00,0.0,0.000,0.002,34.618,20.395,0.00
1786252234,bench_mixed,0.00,0.00,0.0,0.000,0.002,34.618,20.395,0.00
1786252239,bench_mixed,0.00,0.00,0.0,0.000,0.002,34.618,20.394,0.00
1786252244,bench_mixed,0.00,0.00,0.0,0.000,0.002,34.618,20.394,0.00
1786252249,bench_mixed,0.00,0.00,0.0,0.000,0.002,34.618,20.395,0.00
1786252254,bench_mixed,0.00,0.00,0.0,0.000,0.002,34.618,20.395,0.00
1786252259,bench_mixed,0.00,0.00,0.0,0.000,0.002,34.618,20.393,0.00
1786252264,bench_mixed,0.00,0.00,0.0,0.000,0.002,34.618,20.393,0.00
1786252269,bench_mixed,0.00,0.00,0.0,0.000,0.002,34.618,20.394,0.00
1786252274,bench_mixed,0.00,0.00,0.0,0.000,0.002,34.618,20.388,0.03
1786252279,bench_mixed,0.00,0.00,0.0,0.000,0.002,34.618,20.388,0.00
1786252285,bench_mixed,0.00,0.00,0.0,0.000,0.002,34.618,20.388,0.00
1786252290,bench_mixed,0.00,0.00,0.0,0.000,0.002,34.618,20.391,0.00
1786252295,bench_mixed,0.00,0.00,0.0,0.000,0.002,34.618,20.390,0.00
1786252300,bench_mixed,0.00,0.00,0.0,0.000,0.002,34.618,20.392,0.00
1786252305,bench_mixed,0.00,0.00,0.0,0.000,0.002,34.618,20.392,0.00
1786252310,bench_mixed,0.00,0.00,0.0,0.000,0.002,34.618,20.391,0.00
1786252315,bench_mixed,0.00,0.00,0.0,0.000,0.002,34.618,20.391,0.00
1786252320,bench_mixed,0.00,0.00,0.0,0.000,0.002,34.618,20.392,0.00
1786252325,bench_mixed,0.00,0.00,0.0,0.000,0.002,34.618,20.392,0.00
1786252330,bench_mixed,0.00,0.00,0.0,0.000,0.002,34.618,20.395,0.00
1786252335,bench_mixed,0.00,0.00,0.0,0.000,0.002,34.618,20.395,0.00
1786252340,bench_mixed,0.00,0.00,0.0,0.000,0.002,34.618,20.396,0.00
1786252345,bench_mixed,0.00,0.00,0.0,0.000,0.002,34.618,20.396,0.00
1786252350,bench_mixed,0.00,0.00,0.0,0.000,0.002,34.618,20.396,0.00
1786252355,bench_mixed,0.00,0.00,0.0,0.000,0.002,34.618,20.397,0.00
1786252360,bench_mixed,0.00,0.00,0.0,0.000,0.002,34.618,20.398,0.00
1786252365,bench_mixed,0.00,0.00,0.0,0.000,0.002,34.618,20.398,0.00
1786252370,bench_mixed,0.00,0.00,0.0,0.000,0.002,34.618,20.394,0.00
1786252375,bench_mixed,0.00,0.00,0.0,0.000,0.002,34.618,20.394,0.00
1786252381,bench_mixed,0.00,0.00,0.0,0.000,0.002,34.618,20.391,0.00
1786252386,bench_mixed,0.00,0.00,0.0,0.000,0.002,34.618,20.391,0.00
1786252391,bench_mixed,0.00,0.00,0.0,0.000,0.002,34.618,20.390,0.00
1786252396,bench_mixed,0.00,0.00,0.0,0.000,0.002,34.618,20.390,0.00
1786252401,bench_mixed,0.00,0.00,0.0,0.000,0.002,34.618,20.390,0.00
1786252406,bench_mixed,0.00,0.00,0.0,0.000,0.002,34.618,20.390,0.00
1786252411,bench_mixed,0.00,0.00,0.0,0.000,0.002,34.618,20.389,0.00
1786252416,bench_mixed,0.00,0.00,0.0,0.000,0.002,34.618,20.390,0.00
1786252421,bench_mixed,0.00,0.00,0.0,0.000,0.002,34.618,20.389,0.00
1786252426,bench_mixed,0.00,0.00,0.0,0.000,0.002,34.618,20.390,0.00
1786252431,bench_mixed,0.00,0.00,0.0,0.000,0.002,34.618,20.396,0.00
1786252436,bench_mixed,0.00,0.00,0.0,0.000,0.002,34.618,20.397,0.00
1786252441,bench_mixed,0.00,0.00,0.0,0.000,0.002,34.618,20.396,0.00
1786252446,bench_mixed,0.00,0.00,0.0,0.000,0.002,34.618,20.397,0.00
1786252451,bench_mixed,0.00,0.00,0.0,0.000,0.002,34.618,20.396,0.00
1786252456,bench_mixed,0.00,0.00,0.0,0.000,0.002,34.618,20.396,0.00
1786252461,bench_mixed,0.00,0.00,0.0,0.000,0.002,34.618,20.396,0.00
1786252466,bench_mixed,0.00,0.00,0.0,0.000,0.002,34.618,20.395,0.00
1786252471,bench_mixed,0.00,0.00,0.0,0.000,0.002,34.618,20.396,0.00
1786252477,bench_mixed,0.00,0.00,0.0,0.000,0.002,34.618,20.396,0.00
1786252482,bench_mixed,0.00,0.00,0.0,0.000,0.002,34.618,20.396,0.00
1786252487,bench_mixed,0.00,0.00,0.0,0.000,0.002,34.618,20.396,0.00
1786252492,bench_mixed,0.00,0.00,0.0,0.000,0.002,34.618,20.396,0.00
1786252497,bench_mixed,0.00,0.00,0.0,0.000,0.002,34.618,20.396,0.00
1786252502,bench_mixed,0.00,0.00,0.0,0.000,0.002,34.618,20.394,0.00
1786252507,bench_mixed,0.00,0.00,0.0,0.000,0.002,34.618,20.395,0.00
1786252512,bench_mixed,0.00,0.00,0.0,0.000,0.002,34.618,20.395,0.00
1786252517,bench_mixed,0.00,0.00,0.0,0.000,0.002,34.618,20.396,0.00
1786252522,bench_mixed,0.00,0.00,0.0,0.000,0.002,34.618,20.398,0.00
1786252527,bench_mixed,0.00,0.00,0.0,0.000,0.002,34.618,20.398,0.00
1786252532,bench_mixed,0.00,0.00,0.0,0.000,0.002,34.618,20.397,0.00
1786252537,bench_mixed,0.00,0.00,0.0,0.000,0.002,34.618,20.397,0.00
1786252542,bench_mixed,0.00,0.00,0.0,0.000,0.002,34.618,20.396,0.00
1786252547,bench_mixed,0.00,0.00,0.0,0.000,0.002,34.618,20.396,0.00
1786252552,bench_mixed,0.00,0.00,0.0,0.000,0.002,34.618,20.396,0.00
1786252557,bench_mixed,0.00,0.00,0.0,0.000,0.002,34.618,20.396,0.00
1786252562,bench_mixed,0.00,0.00,0.0,0.000,0.002,34.618,20.395,0.00
1786252567,bench_mixed,0.00,0.00,0.0,0.000,0.002,34.618,20.395,0.00
1786252573,bench_mixed,0.00,0.00,0.0,0.000,0.002,34.618,20.385,0.03
1786252578,bench_mixed,0.00,0.00,0.0,0.000,0.002,34.618,20.391,0.00
1786252583,bench_mixed,0.00,0.00,0.0,0.000,0.002,34.618,20.391,0.00
1786252588,bench_mixed,0.00,0.00,0.0,0.000,0.002,34.618,20.391,0.00
1786252593,bench_mixed,0.00,0.00,0.0,0.000,0.002,34.618,20.391,0.00
1786252598,bench_mixed,0.00,0.00,0.0,0.000,0.002,34.618,20.390,0.00
1786252603,bench_mixed,0.00,0.00,0.0,0.000,0.002,34.618,20.390,0.00
1786252608,bench_mixed,0.00,0.00,0.0,0.000,0.002,34.618,20.390,0.00
1786252613,bench_mixed,0.00,0.00,0.0,0.000,0.002,34.618,20.391,0.00
1786252618,bench_mixed,0.00,0.00,0.0,0.000,0.002,34.618,20.390,0.00
1786252623,bench_mixed,0.00,0.00,0.0,0.000,0.002,34.618,20.391,0.00
1786252628,bench_mixed,0.00,0.00,0.0,0.000,0.002,34.618,20.392,0.00
1786252633,bench_mixed,0.00,0.00,0.0,0.000,0.002,34.618,20.392,0.00
1786252638,bench_mixed,0.00,0.00,0.0,0.000,0.002,34.618,20.392,0.00
1786252643,bench_mixed,0.00,0.00,0.0,0.000,0.002,34.618,20.393,0.00
1786252648,bench_mixed,0.00,0.00,0.0,0.000,0.002,34.618,20.392,0.00
1786252653,bench_mixed,0.00,0.00,0.0,0.000,0.002,34.618,20.392,0.00
1786252658,bench_mixed,0.00,0.00,0.0,0.000,0.002,34.618,20.393,0.00
1786252663,bench_mixed,0.00,0.00,0.0,0.000,0.002,34.618,20.393,0.00
1786252668,bench_mixed,0.00,0.00,0.0,0.000,0.002,34.618,20.391,0.00
1786252674,bench_mixed,0.00,0.00,0.0,0.000,0.002,34.618,20.392,0.00
1786252679,bench_mixed,0.00,0.00,0.0,0.000,0.002,34.618,20.391,0.00
1786252684,bench_mixed,0.00,0.00,0.0,0.000,0.002,34.618,20.391,0.00
1786252689,bench_mixed,0.00,0.00,0.0,0.000,0.002,34.618,20.391,0.00
1786252694,bench_mixed,0.00,0.00,0.0,0.000,0.002,34.618,20.391,0.00
1786252699,bench_mixed,0.00,0.00,0.0,0.000,0.002,34.618,20.390,0.00
1786252704,bench_mixed,0.00,0.00,0.0,0.000,0.002,34.618,20.391,0.00
1786252709,bench_mixed,0.00,0.00,0.0,0.000,0.002,34.618,20.392,0.00
1786252714,bench_mixed,0.00,0.00,0.0,0.000,0.002,34.618,20.392,0.00
1786252719,bench_mixed,0.00,0.00,0.0,0.000,0.002,34.618,20.394,0.00
1786252724,bench_mixed,0.00,0.00,0.0,0.000,0.002,34.618,20.394,0.00
1786252729,bench_mixed,0.00,0.00,0.0,0.000,0.002,34.618,20.393,0.00
1786252734,bench_mixed,0.00,0.00,0.0,0.000,0.002,34.618,20.394,0.00
1786252739,bench_mixed,0.00,0.00,0.0,0.000,0.002,34.618,20.394,0.00
1786252744,bench_mixed,0.00,0.00,0.0,0.000,0.002,34.618,20.395,0.00
1786252749,bench_mixed,0.00,0.00,0.0,0.000,0.002,34.618,20.395,0.00
1786252754,bench_mixed,0.00,0.00,0.0,0.000,0.002,34.618,20.395,0.00
1786252759,bench_mixed,0.00,0.00,0.0,0.000,0.002,34.618,20.393,0.00
1786252765,bench_mixed,0.00,0.00,0.0,0.000,0.002,34.618,20.394,0.00
1786252770,bench_mixed,0.00,0.00,0.0,0.000,0.002,34.618,20.395,0.00
1786252775,bench_mixed,0.00,0.00,0.0,0.000,0.002,34.618,20.396,0.00
1786252780,bench_mixed,0.00,0.00,0.0,0.000,0.002,34.618,20.395,0.00
1786252785,bench_mixed,0.00,0.00,0.0,0.000,0.002,34.618,20.395,0.00
1786252790,bench_mixed,0.00,0.00,0.0,0.000,0.002,34.618,20.394,0.00
1786252795,bench_mixed,0.00,0.00,0.0,0.000,0.002,34.618,20.395,0.00
1786252800,bench_mixed,0.00,0.00,0.0,0.000,0.002,34.618,20.396,0.00
1786252805,bench_mixed,0.00,0.00,0.0,0.000,0.002,34.618,20.396,0.00
1786252810,bench_mixed,0.00,0.00,0.0,0.000,0.002,34.618,20.396,0.00
1786252815,bench_mixed,0.00,0.00,0.0,0.000,0.002,34.618,20.396,0.00
1786252820,bench_mixed,0.00,0.00,0.0,0.000,0.002,34.618,20.395,0.00
1786252825,bench_mixed,0.00,0.00,0.0,0.000,0.002,34.618,20.394,0.00
1786252830,bench_mixed,0.00,0.00,0.0,0.000,0.002,34.618,20.393,0.00
1786252835,bench_mixed,0.00,0.00,0.0,0.000,0.002,34.618,20.393,0.00
1786252840,bench_mixed,0.00,0.00,0.0,0.000,0.002,34.618,20.393,0.00
1786252845,bench_mixed,0.00,0.00,0.0,0.000,0.002,34.618,20.393,0.00
1786252850,bench_mixed,0.00,0.00,0.0,0.000,0.002,34.618,20.393,0.00
1786252855,bench_mixed,0.00,0.00,0.0,0.000,0.002,34.618,20.393,0.00
1786252860,bench_mixed,0.00,0.00,0.0,0.000,0.002,34.618,20.393,0.00
1786252866,bench_mixed,0.00,0.00,0.0,0.000,0.002,34.618,20.392,0.00
1786252871,bench_mixed,0.00,0.00,0.0,0.000,0.002,34.618,20.392,0.00
1786252876,bench_mixed,0.00,0.00,0.0,0.000,0.002,34.618,20.386,0.03
1786252881,bench_mixed,0.00,0.00,0.0,0.000,0.002,34.618,20.386,0.00
1786252886,bench_mixed,0.00,0.00,0.0,0.000,0.002,34.618,20.386,0.00
1786252891,bench_mixed,0.00,0.00,0.0,0.000,0.002,34.618,20.387,0.00
1786252896,bench_mixed,0.00,0.00,0.0,0.000,0.002,34.618,20.389,0.00
1786252901,bench_mixed,0.00,0.00,0.0,0.000,0.002,34.618,20.390,0.00
1786252906,bench_mixed,0.00,0.00,0.0,0.000,0.002,34.618,20.390,0.00
1786252911,bench_mixed,0.00,0.00,0.0,0.000,0.002,34.618,20.393,0.00
1786252916,bench_mixed,0.00,0.00,0.0,0.000,0.002,34.618,20.393,0.00
1786252921,bench_mixed,0.00,0.00,0.0,0.000,0.002,34.618,20.392,0.00
1786252926,bench_mixed,0.00,0.00,0.0,0.000,0.002,34.618,20.393,0.00
1786252931,bench_mixed,0.00,0.00,0.0,0.000,0.002,34.618,20.393,0.00
1786252936,bench_mixed,0.00,0.00,0.0,0.000,0.002,34.618,20.392,0.00
1786252941,bench_mixed,0.00,0.00,0.0,0.000,0.002,34.618,20.392,0.00
1786252946,bench_mixed,0.00,0.00,0.0,0.000,0.002,34.618,20.391,0.00
1786252951,bench_mixed,0.00,0.00,0.0,0.000,0.002,34.618,20.392,0.00
1786252956,bench_mixed,0.00,0.00,0.0,0.000,0.002,34.618,20.391,0.00
1786252962,bench_mixed,0.00,0.00,0.0,0.000,0.002,34.618,20.391,0.00
1786252967,bench_mixed,0.00,0.00,0.0,0.000,0.002,34.618,20.392,0.00
1786252972,bench_mixed,0.00,0.00,0.0,0.000,0.002,34.618,20.393,0.00
1786252977,bench_mixed,0.00,0.00,0.0,0.000,0.002,34.618,20.393,0.00
1786252982,bench_mixed,0.00,0.00,0.0,0.000,0.002,34.618,20.393,0.00
1786252987,bench_mixed,0.00,0.00,0.0,0.000,0.002,34.618,20.395,0.00
1786252992,bench_mixed,0.00,0.00,0.0,0.000,0.002,34.618,20.395,0.00
1786252997,bench_mixed,0.00,0.00,0.0,0.000,0.002,34.618,20.394,0.00
1786253002,bench_mixed,0.00,0.00,0.0,0.000,0.002,34.618,20.394,0.00
1786253007,bench_mixed,0.00,0.00,0.0,0.000,0.002,34.618,20.394,0.00
1786253012,bench_mixed,0.00,0.00,0.0,0.000,0.002,34.618,20.394,0.00
1786253017,bench_mixed,0.00,0.00,0.0,0.000,0.002,34.618,20.394,0.00
1786253022,bench_mixed,0.00,0.00,0.0,0.000,0.002,34.618,20.393,0.00
1786253027,bench_mixed,0.00,0.00,0.0,0.000,0.002,34.618,20.393,0.00
1786253032,bench_mixed,0.00,0.00,0.0,0.000,0.002,34.618,20.394,0.00
1786253037,bench_mixed,0.00,0.00,0.0,0.000,0.002,34.618,20.393,0.00
1786253042,bench_mixed,0.00,0.00,0.0,0.000,0.002,34.618,20.393,0.00
1786253047,bench_mixed,0.00,0.00,0.0,0.000,0.002,34.618,20.393,0.00
1786253052,bench_mixed,0.00,0.00,0.0,0.000,0.002,34.618,20.393,0.00
1786253058,bench_mixed,0.00,0.00,0.0,0.000,0.002,34.618,20.393,0.00
1786253063,bench_mixed,0.00,0.00,0.0,0.000,0.002,34.618,20.393,0.00
1786253068,bench_mixed,0.00,0.00,0.0,0.000,0.002,34.618,20.393,0.00
1786253073,bench_mixed,0.00,0.00,0.0,0.000,0.002,34.618,20.393,0.00
1786253078,bench_mixed,0.00,0.00,0.0,0.000,0.002,34.618,20.393,0.00
1786253083,bench_mixed,0.00,0.00,0.0,0.000,0.002,34.618,20.393,0.00
1786253088,bench_mixed,0.00,0.00,0.0,0.000,0.002,34.618,20.392,0.00
1786253093,bench_mixed,0.00,0.00,0.0,0.000,0.002,34.618,20.392,0.00
1786253098,bench_mixed,0.00,0.00,0.0,0.000,0.002,34.618,20.392,0.00
1786253103,bench_mixed,0.00,0.00,0.0,0.000,0.002,34.618,20.392,0.00
1786253108,bench_mixed,0.00,0.00,0.0,0.000,0.002,34.618,20.392,0.00
1786253113,bench_mixed,0.00,0.00,0.0,0.000,0.002,34.618,20.392,0.00
1786253118,bench_mixed,0.00,0.00,0.0,0.000,0.002,34.618,20.392,0.00
1786253123,bench_mixed,0.00,0.00,0.0,0.000,0.002,34.618,20.392,0.00
1786253128,bench_mixed,0.00,0.00,0.0,0.000,0.002,34.618,20.392,0.00
1786253133,bench_mixed,0.00,0.00,0.0,0.000,0.002,34.618,20.393,0.00
1786253138,bench_mixed,0.00,0.00,0.0,0.000,0.002,34.618,20.392,0.00
1786253143,bench_mixed,0.00,0.00,0.0,0.000,0.002,34.618,20.393,0.00
1786253148,bench_mixed,0.00,0.00,0.0,0.000,0.002,34.618,20.392,0.00
1786253154,bench_mixed,0.00,0.00,0.0,0.000,0.002,34.618,20.392,0.00
1786253159,bench_mixed,0.00,0.00,0.0,0.000,0.002,34.618,20.393,0.00
1786253164,bench_mixed,0.00,0.00,0.0,0.000,0.002,34.618,20.392,0.00
1786253169,bench_mixed,0.00,0.00,0.0,0.000,0.002,34.618,20.393,0.00
1786253174,bench_mixed,0.00,0.00,0.0,0.000,0.002,34.618,20.388,0.03
1786253179,bench_mixed,0.00,0.00,0.0,0.000,0.002,34.618,20.389,0.00
1786253184,bench_mixed,0.00,0.00,0.0,0.000,0.002,34.618,20.390,0.00
1786253189,bench_mixed,0.00,0.00,0.0,0.000,0.002,34.618,20.390,0.00
1786253194,bench_mixed,0.00,0.00,0.0,0.000,0.002,34.618,20.392,0.00
1786253199,bench_mixed,0.00,0.00,0.0,0.000,0.002,34.618,20.394,0.00
1786253204,bench_mixed,0.00,0.00,0.0,0.000,0.002,34.618,20.394,0.00
1786253209,bench_mixed,0.00,0.00,0.0,0.000,0.002,34.618,20.395,0.00
1786253214,bench_mixed,0.00,0.00,0.0,0.000,0.002,34.618,20.396,0.00
1786253219,bench_mixed,0.00,0.00,0.0,0.000,0.002,34.618,20.395,0.00
1786253224,bench_mixed,0.00,0.00,0.0,0.000,0.002,34.618,20.394,0.00
1786253229,bench_mixed,0.00,0.00,0.0,0.000,0.002,34.618,20.395,0.00
1786253234,bench_mixed,0.00,0.00,0.0,0.000,0.002,34.618,20.394,0.00
1786253239,bench_mixed,0.00,0.00,0.0,0.000,0.002,34.618,20.394,0.00
1786253244,bench_mixed,0.00,0.00,0.0,0.000,0.002,34.618,20.394,0.00
1786253249,bench_mixed,0.00,0.00,0.0,0.000,0.002,34.618,20.394,0.00
1786253255,bench_mixed,0.00,0.00,0.0,0.000,0.002,34.618,20.394,0.00
1786253260,bench_mixed,0.00,0.00,0.0,0.000,0.002,34.618,20.396,0.00
1786253265,bench_mixed,0.00,0.00,0.0,0.000,0.002,34.618,20.396,0.00
1786253270,bench_mixed,0.00,0.00,0.0,0.000,0.002,34.618,20.394,0.00
1786253275,bench_mixed,0.00,0.00,0.0,0.000,0.002,34.618,20.394,0.00
1786253280,bench_mixed,0.00,0.00,0.0,0.000,0.002,34.618,20.395,0.00
1786253285,bench_mixed,0.00,0.00,0.0,0.000,0.002,34.618,20.395,0.00
1786253290,bench_mixed,0.00,0.00,0.0,0.000,0.002,34.618,20.397,0.00
1786253295,bench_mixed,0.00,0.00,0.0,0.000,0.002,34.618,20.396,0.00
1786253300,bench_mixed,0.00,0.00,0.0,0.000,0.002,34.618,20.388,0.00
1786253305,bench_mixed,0.00,0.00,0.0,0.000,0.002,34.618,20.397,0.00
1786253310,bench_mixed,0.00,0.00,0.0,0.000,0.002,34.618,20.397,0.00
1786253315,bench_mixed,0.00,0.00,0.0,0.000,0.002,34.618,20.397,0.00
1786253320,bench_mixed,0.00,0.00,0.0,0.000,0.002,34.618,20.399,0.00
1786253325,bench_mixed,0.00,0.00,0.0,0.000,0.002,34.618,20.398,0.00
1786253330,bench_mixed,0.00,0.00,0.0,0.000,0.002,34.618,20.398,0.00
1786253335,bench_mixed,0.00,0.00,0.0,0.000,0.002,34.618,20.396,0.00
1786253340,bench_mixed,0.00,0.00,0.0,0.000,0.002,34.618,20.396,0.00
1786253345,bench_mixed,0.00,0.00,0.0,0.000,0.002,34.618,20.396,0.00
1786253351,bench_mixed,0.00,0.00,0.0,0.000,0.002,34.618,20.396,0.00
1786253356,bench_mixed,0.00,0.00,0.0,0.000,0.002,34.618,20.394,0.00
1786253361,bench_mixed,0.00,0.00,0.0,0.000,0.002,34.618,20.395,0.00
1786253366,bench_mixed,0.00,0.00,0.0,0.000,0.002,34.618,20.395,0.00
1786253371,bench_mixed,0.00,0.00,0.0,0.000,0.002,34.618,20.395,0.00
1786253376,bench_mixed,0.00,0.00,0.0,0.000,0.002,34.618,20.397,0.00
1786253381,bench_mixed,0.00,0.00,0.0,0.000,0.002,34.618,20.398,0.00
1786253386,bench_mixed,0.00,0.00,0.0,0.000,0.002,34.618,20.396,0.00
1786253391,bench_mixed,0.00,0.00,0.0,0.000,0.002,34.618,20.396,0.00
1786253396,bench_mixed,0.00,0.00,0.0,0.000,0.002,34.618,20.395,0.00
1786253401,bench_mixed,0.00,0.00,0.0,0.000,0.002,34.618,20.396,0.00
1786253406,bench_mixed,0.00,0.00,0.0,0.000,0.002,34.618,20.396,0.00
1786253411,bench_mixed,0.00,0.00,0.0,0.000,0.002,34.618,20.397,0.00
1786253416,bench_mixed,0.00,0.00,0.0,0.000,0.002,34.618,20.397,0.00
1786253421,bench_mixed,0.00,0.00,0.0,0.000,0.002,34.618,20.397,0.00
1786253426,bench_mixed,0.00,0.00,0.0,0.000,0.002,34.618,20.397,0.00
1786253431,bench_mixed,0.00,0.00,0.0,0.000,0.002,34.618,20.397,0.00
1786253436,bench_mixed,0.00,0.00,0.0,0.000,0.002,34.618,20.397,0.00
1786253441,bench_mixed,0.00,0.00,0.0,0.000,0.002,34.618,20.397,0.00
1786253447,bench_mixed,0.00,0.00,0.0,0.000,0.002,34.618,20.397,0.00
1786253452,bench_mixed,0.00,0.00,0.0,0.000,0.002,34.618,20.397,0.00
1786253457,bench_mixed,0.00,0.00,0.0,0.000,0.002,34.618,20.396,0.00
1786253462,bench_mixed,0.00,0.00,0.0,0.000,0.002,34.618,20.396,0.00
1786253467,bench_mixed,0.00,0.00,0.0,0.000,0.002,34.618,20.396,0.00
1786253472,bench_mixed,0.00,0.00,0.0,0.000,0.002,34.618,20.394,0.01
1786253477,bench_mixed,0.00,0.00,0.0,0.000,0.002,34.618,20.390,0.02
1786253482,bench_mixed,0.00,0.00,0.0,0.000,0.002,34.618,20.391,0.00
1786253487,bench_mixed,0.00,0.00,0.0,0.000,0.002,34.618,20.391,0.00
1786253492,bench_mixed,0.00,0.00,0.0,0.000,0.002,34.618,20.391,0.00
1786253497,bench_mixed,0.00,0.00,0.0,0.000,0.002,34.618,20.392,0.00
1786253502,bench_mixed,0.00,0.00,0.0,0.000,0.002,34.618,20.392,0.00
1786253507,bench_mixed,0.00,0.00,0.0,0.000,0.002,34.618,20.391,0.00
1786253512,bench_mixed,0.00,0.00,0.0,0.000,0.002,34.618,20.391,0.00
1786253517,bench_mixed,0.00,0.00,0.0,0.000,0.002,34.618,20.391,0.00
1786253522,bench_mixed,0.00,0.00,0.0,0.000,0.002,34.618,20.392,0.00
1786253527,bench_mixed,0.00,0.00,0.0,0.000,0.002,34.618,20.391,0.00
1786253532,bench_mixed,0.00,0.00,0.0,0.000,0.002,34.618,20.392,0.00
1786253537,bench_mixed,0.00,0.00,0.0,0.000,0.002,34.618,20.392,0.00
1786253543,bench_mixed,0.00,0.00,0.0,0.000,0.002,34.618,20.393,0.00
1786253548,bench_mixed,0.00,0.00,0.0,0.000,0.002,34.618,20.393,0.00
1786253553,bench_mixed,0.00,0.00,0.0,0.000,0.002,34.618,20.393,0.00
1786253558,bench_mixed,0.00,0.00,0.0,0.000,0.002,34.618,20.394,0.00
1786253563,bench_mixed,0.00,0.00,0.0,0.000,0.002,34.618,20.394,0.00
1786253568,bench_mixed,0.00,0.00,0.0,0.000,0.002,34.618,20.393,0.00
1786253573,bench_mixed,0.00,0.00,0.0,0.000,0.002,34.618,20.394,0.00
1786253578,bench_mixed,0.00,0.00,0.0,0.000,0.002,34.618,20.395,0.00
1786253583,bench_mixed,0.00,0.00,0.0,0.000,0.002,34.618,20.395,0.00
1786253588,bench_mixed,0.00,0.00,0.0,0.000,0.002,34.618,20.394,0.00
1786253593,bench_mixed,0.00,0.00,0.0,0.000,0.002,34.618,20.396,0.00
1786253598,bench_mixed,0.00,0.00,0.0,0.000,0.002,34.618,20.396,0.00
1786253603,bench_mixed,0.00,0.00,0.0,0.000,0.002,34.618,20.396,0.00
1786253608,bench_mixed,0.00,0.00,0.0,0.000,0.002,34.618,20.394,0.00
1786253613,bench_mixed,0.00,0.00,0.0,0.000,0.002,34.618,20.394,0.00
1786253618,bench_mixed,0.00,0.00,0.0,0.000,0.002,34.618,20.392,0.00
1786253623,bench_mixed,0.00,0.00,0.0,0.000,0.002,34.618,20.393,0.00
1786253628,bench_mixed,0.00,0.00,0.0,0.000,0.002,34.618,20.394,0.00
1786253633,bench_mixed,0.00,0.00,0.0,0.000,0.002,34.618,20.396,0.00
1786253639,bench_mixed,0.00,0.00,0.0,0.000,0.002,34.618,20.395,0.00
1786253644,bench_mixed,0.00,0.00,0.0,0.000,0.002,34.618,20.395,0.00
1786253649,bench_mixed,0.00,0.00,0.0,0.000,0.002,34.618,20.395,0.00
1786253654,bench_mixed,0.00,0.00,0.0,0.000,0.002,34.618,20.394,0.00
1786253659,bench_mixed,0.00,0.00,0.0,0.000,0.002,34.618,20.389,0.00
1786253664,bench_mixed,0.00,0.00,0.0,0.000,0.002,34.618,20.394,0.00
1786253669,bench_mixed,0.00,0.00,0.0,0.000,0.002,34.618,20.394,0.00
1786253674,bench_mixed,0.00,0.00,0.0,0.000,0.002,34.618,20.394,0.00
1786253679,bench_mixed,0.00,0.00,0.0,0.000,0.002,34.618,20.394,0.00
1786253684,bench_mixed,0.00,0.00,0.0,0.000,0.002,34.618,20.396,0.00
1786253689,bench_mixed,0.00,0.00,0.0,0.000,0.002,34.618,20.395,0.00
1786253694,bench_mixed,0.00,0.00,0.0,0.000,0.002,34.618,20.396,0.00
1786253699,bench_mixed,0.00,0.00,0.0,0.000,0.002,34.618,20.398,0.00
1786253704,bench_mixed,0.00,0.00,0.0,0.000,0.002,34.618,20.395,0.00
1786253709,bench_mixed,0.00,0.00,0.0,0.000,0.002,34.618,20.396,0.00
1786253714,bench_mixed,0.00,0.00,0.0,0.000,0.002,34.618,20.396,0.00
1786253719,bench_mixed,0.00,0.00,0.0,0.000,0.002,34.618,20.395,0.00
1786253724,bench_mixed,0.00,0.00,0.0,0.000,0.002,34.618,20.394,0.00
1786253729,bench_mixed,0.00,0.00,0.0,0.000,0.002,34.618,20.393,0.00
1786253735,bench_mixed,0.00,0.00,0.0,0.000,0.002,34.618,20.392,0.00
1786253740,bench_mixed,0.00,0.00,0.0,0.000,0.002,34.618,20.393,0.00
1786253745,bench_mixed,0.00,0.00,0.0,0.000,0.002,34.618,20.391,0.00
1786253750,bench_mixed,0.00,0.00,0.0,0.000,0.002,34.618,20.391,0.00
1786253755,bench_mixed,0.00,0.00,0.0,0.000,0.002,34.618,20.392,0.00
1786253760,bench_mixed,0.00,0.00,0.0,0.000,0.002,34.618,20.392,0.00
1786253765,bench_mixed,0.00,0.00,0.0,0.000,0.002,34.618,20.392,0.00
1786253770,bench_mixed,0.00,0.00,0.0,0.000,0.002,34.618,20.392,0.00
1786253775,bench_mixed,0.00,0.00,0.0,0.000,0.002,34.618,20.387,0.03
1786253780,bench_mixed,0.00,0.00,0.0,0.000,0.002,34.618,20.387,0.00
1786253785,bench_mixed,0.00,0.00,0.0,0.000,0.002,34.618,20.388,0.00
1786253790,bench_mixed,0.00,0.00,0.0,0.000,0.002,34.618,20.388,0.00
1786253795,bench_mixed,0.00,0.00,0.0,0.000,0.002,34.618,20.388,0.00
1786253800,bench_mixed,0.00,0.00,0.0,0.000,0.002,34.618,20.388,0.00
1786253805,bench_mixed,0.00,0.00,0.0,0.000,0.002,34.618,20.389,0.00
1786253810,bench_mixed,0.00,0.00,0.0,0.000,0.002,34.618,20.389,0.00
1786253815,bench_mixed,0.00,0.00,0.0,0.000,0.002,34.618,20.389,0.00
1786253820,bench_mixed,0.00,0.00,0.0,0.000,0.002,34.618,20.389,0.00
1786253825,bench_mixed,0.00,0.00,0.0,0.000,0.002,34.618,20.389,0.00
1786253831,bench_mixed,0.00,0.00,0.0,0.000,0.002,34.618,20.390,0.00
1786253836,bench_mixed,0.00,0.00,0.0,0.000,0.002,34.618,20.389,0.00
1786253841,bench_mixed,0.00,0.00,0.0,0.000,0.002,34.618,20.389,0.00
1786253846,bench_mixed,0.00,0.00,0.0,0.000,0.002,34.618,20.389,0.00
1786253851,bench_mixed,0.00,0.00,0.0,0.000,0.002,34.618,20.389,0.00
1786253856,bench_mixed,0.00,0.00,0.0,0.000,0.002,34.618,20.389,0.00
1786253861,bench_mixed,0.00,0.00,0.0,0.000,0.002,34.618,20.389,0.00
1786253866,bench_mixed,0.00,0.00,0.0,0.000,0.002,34.618,20.390,0.00
1786253871,bench_mixed,0.00,0.00,0.0,0.000,0.002,34.618,20.390,0.00
1786253876,bench_mixed,0.00,0.00,0.0,0.000,0.002,34.618,20.389,0.00
1786253881,bench_mixed,0.00,0.00,0.0,0.000,0.002,34.618,20.389,0.00
1786253886,bench_mixed,0.00,0.00,0.0,0.000,0.002,34.618,20.391,0.00
1786253891,bench_mixed,0.00,0.00,0.0,0.000,0.002,34.618,20.391,0.00
1786253896,bench_mixed,0.00,0.00,0.0,0.000,0.002,34.618,20.391,0.00
1786253901,bench_mixed,0.00,0.00,0.0,0.000,0.002,34.618,20.391,0.00
1786253906,bench_mixed,0.00,0.00,0.0,0.000,0.002,34.618,20.392,0.00
1786253911,bench_mixed,0.00,0.00,0.0,0.000,0.002,34.618,20.392,0.00
1786253916,bench_mixed,0.00,0.00,0.0,0.000,0.002,34.618,20.391,0.00
1786253921,bench_mixed,0.00,0.00,0.0,0.000,0.002,34.618,20.391,0.00
1786253927,bench_mixed,0.00,0.00,0.0,0.000,0.002,34.618,20.391,0.00
1786253932,bench_mixed,0.00,0.00,0.0,0.000,0.002,34.618,20.391,0.00
1786253937,bench_mixed,0.00,0.00,0.0,0.000,0.002,34.618,20.390,0.00
1786253942,bench_mixed,0.00,0.00,0.0,0.000,0.002,34.618,20.390,0.00
1786253947,bench_mixed,0.00,0.00,0.0,0.000,0.002,34.618,20.390,0.00
1786253952,bench_mixed,0.00,0.00,0.0,0.000,0.002,34.618,20.391,0.00
1786253957,bench_mixed,0.00,0.00,0.0,0.000,0.002,34.618,20.389,0.00
1786253962,bench_mixed,0.00,0.00,0.0,0.000,0.002,34.618,20.389,0.00
1786253967,bench_mixed,0.00,0.00,0.0,0.000,0.002,34.618,20.388,0.00
1786253972,bench_mixed,0.00,0.00,0.0,0.000,0.002,34.618,20.390,0.00
1786253977,bench_mixed,0.00,0.00,0.0,0.000,0.002,34.618,20.389,0.00
1786253982,bench_mixed,0.00,0.00,0.0,0.000,0.002,34.618,20.389,0.00
1786253987,bench_mixed,0.00,0.00,0.0,0.000,0.002,34.618,20.390,0.00
1786253992,bench_mixed,0.00,0.00,0.0,0.000,0.002,34.618,20.390,0.00
1786253997,bench_mixed,0.00,0.00,0.0,0.000,0.002,34.618,20.390,0.00
1786254002,bench_mixed,0.00,0.00,0.0,0.000,0.002,34.618,20.390,0.00
1786254007,bench_mixed,0.00,0.00,0.0,0.000,0.002,34.618,20.390,0.00
1786254012,bench_mixed,0.00,0.00,0.0,0.000,0.002,34.618,20.390,0.00
1786254017,bench_mixed,0.00,0.00,0.0,0.000,0.002,34.618,20.390,0.00
1786254023,bench_mixed,0.00,0.00,0.0,0.000,0.002,34.618,20.389,0.00
1786254028,bench_mixed,0.00,0.00,0.0,0.000,0.002,34.618,20.389,0.00
1786254033,bench_mixed,0.00,0.00,0.0,0.000,0.002,34.618,20.389,0.00
1786254038,bench_mixed,0.00,0.00,0.0,0.000,0.002,34.618,20.389,0.00
1786254043,bench_mixed,0.00,0.00,0.0,0.000,0.002,34.618,20.389,0.00
1786254048,bench_mixed,0.00,0.00,0.0,0.000,0.002,34.618,20.388,0.00
1786254053,bench_mixed,0.00,0.00,0.0,0.000,0.002,34.618,20.388,0.00
1786254058,bench_mixed,0.00,0.00,0.0,0.000,0.002,34.618,20.388,0.00
1786254063,bench_mixed,0.00,0.00,0.0,0.000,0.002,34.618,20.389,0.00
1786254068,bench_mixed,0.00,0.00,0.0,0.000,0.002,34.618,20.389,0.00
1786254073,bench_mixed,0.00,0.00,0.0,0.000,0.002,34.618,20.385,0.03
1786254078,bench_mixed,0.00,0.00,0.0,0.000,0.002,34.618,20.384,0.00
1786254083,bench_mixed,0.00,0.00,0.0,0.000,0.002,34.618,20.385,0.00
1786254088,bench_mixed,0.00,0.00,0.0,0.000,0.002,34.618,20.385,0.00
1786254093,bench_mixed,0.00,0.00,0.0,0.000,0.002,34.618,20.385,0.00
1786254098,bench_mixed,0.00,0.00,0.0,0.000,0.002,34.618,20.385,0.00
1786254103,bench_mixed,0.00,0.00,0.0,0.000,0.002,34.618,20.385,0.00
1786254108,bench_mixed,0.00,0.00,0.0,0.000,0.002,34.618,20.384,0.00
1786254113,bench_mixed,0.00,0.00,0.0,0.000,0.002,34.618,20.386,0.00
1786254118,bench_mixed,0.00,0.00,0.0,0.000,0.002,34.618,20.386,0.00
1786254124,bench_mixed,0.00,0.00,0.0,0.000,0.002,34.618,20.387,0.00
1786254129,bench_mixed,0.00,0.00,0.0,0.000,0.002,34.618,20.386,0.00
1786254134,bench_mixed,0.00,0.00,0.0,0.000,0.002,34.618,20.387,0.00
1786254139,bench_mixed,0.00,0.00,0.0,0.000,0.002,34.618,20.387,0.00
1786254144,bench_mixed,0.00,0.00,0.0,0.000,0.002,34.618,20.384,0.00
1786254149,bench_mixed,0.00,0.00,0.0,0.000,0.002,34.618,20.384,0.00
1786254154,bench_mixed,0.00,0.00,0.0,0.000,0.002,34.618,20.386,0.00
1786254159,bench_mixed,0.00,0.00,0.0,0.000,0.002,34.618,20.386,0.00
1786254164,bench_mixed,0.00,0.00,0.0,0.000,0.002,34.618,20.388,0.00
1786254169,bench_mixed,0.00,0.00,0.0,0.000,0.002,34.618,20.388,0.00
1786254174,bench_mixed,0.00,0.00,0.0,0.000,0.002,34.618,20.387,0.00
1786254179,bench_mixed,0.00,0.00,0.0,0.000,0.002,34.618,20.387,0.00
1786254184,bench_mixed,0.00,0.00,0.0,0.000,0.002,34.618,20.387,0.00
1786254189,bench_mixed,0.00,0.00,0.0,0.000,0.002,34.618,20.388,0.00
1786254194,bench_mixed,0.00,0.00,0.0,0.000,0.002,34.618,20.388,0.00
1786254199,bench_mixed,0.00,0.00,0.0,0.000,0.002,34.618,20.389,0.00
1786254204,bench_mixed,0.00,0.00,0.0,0.000,0.002,34.618,20.388,0.00
1786254209,bench_mixed,0.00,0.00,0.0,0.000,0.002,34.618,20.388,0.00
1786254214,bench_mixed,0.00,0.00,0.0,0.000,0.002,34.618,20.389,0.00
1786254220,bench_mixed,0.00,0.00,0.0,0.000,0.002,34.618,20.390,0.00
1786254225,bench_mixed,0.00,0.00,0.0,0.000,0.002,34.618,20.389,0.00
1786254230,bench_mixed,0.00,0.00,0.0,0.000,0.002,34.618,20.390,0.00
1786254235,bench_mixed,0.00,0.00,0.0,0.000,0.002,34.618,20.390,0.00
1786254240,bench_mixed,0.00,0.00,0.0,0.000,0.002,34.618,20.390,0.00
1786254245,bench_mixed,0.00,0.00,0.0,0.000,0.002,34.618,20.391,0.00
1786254250,bench_mixed,0.00,0.00,0.0,0.000,0.002,34.618,20.391,0.00
1786254255,bench_mixed,0.00,0.00,0.0,0.000,0.002,34.618,20.390,0.00
1786254260,bench_mixed,0.00,0.00,0.0,0.000,0.002,34.618,20.391,0.00
1786254265,bench_mixed,0.00,0.00,0.0,0.000,0.002,34.618,20.391,0.00
1786254270,bench_mixed,0.00,0.00,0.0,0.000,0.002,34.618,20.391,0.00
1786254275,bench_mixed,0.00,0.00,0.0,0.000,0.002,34.618,20.390,0.00
1786254280,bench_mixed,0.00,0.00,0.0,0.000,0.002,34.618,20.390,0.00
1786254285,bench_mixed,0.00,0.00,0.0,0.000,0.002,34.618,20.390,0.00
1786254290,bench_mixed,0.00,0.00,0.0,0.000,0.002,34.618,20.390,0.00
1786254295,bench_mixed,0.00,0.00,0.0,0.000,0.002,34.618,20.391,0.00
1786254300,bench_mixed,0.00,0.00,0.0,0.000,0.002,34.618,20.389,0.00
1786254305,bench_mixed,0.00,0.00,0.0,0.000,0.002,34.618,20.388,0.00
1786254310,bench_mixed,0.00,0.00,0.0,0.000,0.002,34.618,20.388,0.00
1786254316,bench_mixed,0.00,0.00,0.0,0.000,0.002,34.618,20.388,0.00
1786254321,bench_mixed,0.00,0.00,0.0,0.000,0.002,34.618,20.389,0.00
1786254326,bench_mixed,0.00,0.00,0.0,0.000,0.002,34.618,20.387,0.00
1786254331,bench_mixed,0.00,0.00,0.0,0.000,0.002,34.618,20.387,0.00
1786254336,bench_mixed,0.00,0.00,0.0,0.000,0.002,34.618,20.387,0.00
1786254341,bench_mixed,0.00,0.00,0.0,0.000,0.002,34.618,20.387,0.00
1786254346,bench_mixed,0.00,0.00,0.0,0.000,0.002,34.618,20.388,0.00
1786254351,bench_mixed,0.00,0.00,0.0,0.000,0.002,34.618,20.388,0.00
1786254356,bench_mixed,0.00,0.00,0.0,0.000,0.002,34.618,20.388,0.00
1786254361,bench_mixed,0.00,0.00,0.0,0.000,0.002,34.618,20.388,0.00
1786254366,bench_mixed,0.00,0.00,0.0,0.000,0.002,34.618,20.388,0.00
1786254371,bench_mixed,0.00,0.00,0.0,0.000,0.002,34.618,20.388,0.00
1786254376,bench_mixed,0.00,0.00,0.0,0.000,0.002,34.618,20.386,0.03
1786254381,bench_mixed,0.00,0.00,0.0,0.000,0.002,34.618,20.387,0.00
1786254386,bench_mixed,0.00,0.00,0.0,0.000,0.002,34.618,20.378,0.00
1786254391,bench_mixed,0.00,0.00,0.0,0.000,0.002,34.618,20.388,0.00
1786254396,bench_mixed,0.00,0.00,0.0,0.000,0.002,34.618,20.389,0.00
1786254401,bench_mixed,0.00,0.00,0.0,0.000,0.002,34.618,20.390,0.00
1786254406,bench_mixed,0.00,0.00,0.0,0.000,0.002,34.618,20.390,0.00
1786254412,bench_mixed,0.00,0.00,0.0,0.000,0.002,34.618,20.390,0.00
1786254417,bench_mixed,0.00,0.00,0.0,0.000,0.002,34.618,20.390,0.00
1786254422,bench_mixed,0.00,0.00,0.0,0.000,0.002,34.618,20.390,0.00
1786254427,bench_mixed,0.00,0.00,0.0,0.000,0.002,34.618,20.390,0.00
1786254432,bench_mixed,0.00,0.00,0.0,0.000,0.002,34.618,20.390,0.00
1786254437,bench_mixed,0.00,0.00,0.0,0.000,0.002,34.618,20.390,0.00
1786254442,bench_mixed,0.00,0.00,0.0,0.000,0.002,34.618,20.390,0.00
1786254447,bench_mixed,0.00,0.00,0.0,0.000,0.002,34.618,20.390,0.00
1786254452,bench_mixed,0.00,0.00,0.0,0.000,0.002,34.618,20.390,0.00
1786254457,bench_mixed,0.00,0.00,0.0,0.000,0.002,34.618,20.390,0.00
1786254462,bench_mixed,0.00,0.00,0.0,0.000,0.002,34.618,20.390,0.00
1786254467,bench_mixed,0.00,0.00,0.0,0.000,0.002,34.618,20.390,0.00
1786254472,bench_mixed,0.00,0.00,0.0,0.000,0.002,34.618,20.391,0.00
1786254477,bench_mixed,0.00,0.00,0.0,0.000,0.002,34.618,20.391,0.00
1786254482,bench_mixed,0.00,0.00,0.0,0.000,0.002,34.618,20.395,0.00
1786254487,bench_mixed,0.00,0.00,0.0,0.000,0.002,34.618,20.395,0.00
1786254492,bench_mixed,0.00,0.00,0.0,0.000,0.002,34.618,20.394,0.00
1786254497,bench_mixed,0.00,0.00,0.0,0.000,0.002,34.618,20.394,0.00
1786254502,bench_mixed,0.00,0.00,0.0,0.000,0.002,34.618,20.393,0.00
1786254508,bench_mixed,0.00,0.00,0.0,0.000,0.002,34.618,20.393,0.00
1786254513,bench_mixed,0.00,0.00,0.0,0.000,0.002,34.618,20.392,0.00
1786254518,bench_mixed,0.00,0.00,0.0,0.000,0.002,34.618,20.392,0.00
1786254523,bench_mixed,0.00,0.00,0.0,0.000,0.002,34.618,20.395,0.00
1786254528,bench_mixed,0.00,0.00,0.0,0.000,0.002,34.618,20.394,0.00
1786254533,bench_mixed,0.00,0.00,0.0,0.000,0.002,34.618,20.394,0.00
1786254538,bench_mixed,0.00,0.00,0.0,0.000,0.002,34.618,20.394,0.00
1786254543,bench_mixed,0.00,0.00,0.0,0.000,0.002,34.618,20.395,0.00
1786254548,bench_mixed,0.00,0.00,0.0,0.000,0.002,34.618,20.394,0.00
1786254553,bench_mixed,0.00,0.00,0.0,0.000,0.002,34.618,20.394,0.00
1786254558,bench_mixed,0.00,0.00,0.0,0.000,0.002,34.618,20.394,0.00
1786254563,bench_mixed,0.00,0.00,0.0,0.000,0.002,34.618,20.393,0.00
1786254568,bench_mixed,0.00,0.00,0.0,0.000,0.002,34.618,20.393,0.00
1786254573,bench_mixed,0.00,0.00,0.0,0.000,0.002,34.618,20.394,0.00
1786254578,bench_mixed,0.00,0.00,0.0,0.000,0.002,34.618,20.394,0.00
1786254583,bench_mixed,0.00,0.00,0.0,0.000,0.002,34.618,20.393,0.00
1786254588,bench_mixed,0.00,0.00,0.0,0.000,0.002,34.618,20.394,0.00
1786254593,bench_mixed,0.00,0.00,0.0,0.000,0.002,34.618,20.394,0.00
1786254598,bench_mixed,0.00,0.00,0.0,0.000,0.002,34.618,20.395,0.00
1786254604,bench_mixed,0.00,0.00,0.0,0.000,0.002,34.618,20.393,0.00
1786254609,bench_mixed,0.00,0.00,0.0,0.000,0.002,34.618,20.393,0.00
1786254614,bench_mixed,0.00,0.00,0.0,0.000,0.002,34.618,20.392,0.00
1786254619,bench_mixed,0.00,0.00,0.0,0.000,0.002,34.618,20.392,0.00
1786254624,bench_mixed,0.00,0.00,0.0,0.000,0.002,34.618,20.391,0.00
1786254629,bench_mixed,0.00,0.00,0.0,0.000,0.002,34.618,20.390,0.00
1786254634,bench_mixed,0.00,0.00,0.0,0.000,0.002,34.618,20.389,0.00
1786254639,bench_mixed,0.00,0.00,0.0,0.000,0.002,34.618,20.389,0.00
1786254644,bench_mixed,0.00,0.00,0.0,0.000,0.002,34.618,20.389,0.00
1786254649,bench_mixed,0.00,0.00,0.0,0.000,0.002,34.618,20.390,0.00
1786254654,bench_mixed,0.00,0.00,0.0,0.000,0.002,34.618,20.391,0.00
1786254659,bench_mixed,0.00,0.00,0.0,0.000,0.002,34.618,20.391,0.00
1786254664,bench_mixed,0.00,0.00,0.0,0.000,0.002,34.618,20.391,0.00
1786254669,bench_mixed,0.00,0.00,0.0,0.000,0.002,34.618,20.392,0.00
1786254674,bench_mixed,0.00,0.00,0.0,0.000,0.002,34.618,20.388,0.03
1786254679,bench_mixed,0.00,0.00,0.0,0.000,0.002,34.618,20.388,0.00
1786254684,bench_mixed,0.00,0.00,0.0,0.000,0.002,34.618,20.388,0.00
1786254689,bench_mixed,0.00,0.00,0.0,0.000,0.002,34.618,20.389,0.00
1786254694,bench_mixed,0.00,0.00,0.0,0.000,0.002,34.618,20.390,0.00
1786254699,bench_mixed,0.00,0.00,0.0,0.000,0.002,34.618,20.390,0.00
1786254705,bench_mixed,0.00,0.00,0.0,0.000,0.002,34.618,20.389,0.00
1786254710,bench_mixed,0.00,0.00,0.0,0.000,0.002,34.618,20.390,0.00
1786254715,bench_mixed,0.00,0.00,0.0,0.000,0.002,34.618,20.391,0.00
1786254720,bench_mixed,0.00,0.00,0.0,0.000,0.002,34.618,20.391,0.00
1786254725,bench_mixed,0.00,0.00,0.0,0.000,0.002,34.618,20.391,0.00
1786254730,bench_mixed,0.00,0.00,0.0,0.000,0.002,34.618,20.392,0.00
1786254735,bench_mixed,0.00,0.00,0.0,0.000,0.002,34.618,20.391,0.00
1786254740,bench_mixed,0.00,0.00,0.0,0.000,0.002,34.618,20.390,0.00
1786254745,bench_mixed,0.00,0.00,0.0,0.000,0.002,34.618,20.391,0.00
1786254750,bench_mixed,0.00,0.00,0.0,0.000,0.002,34.618,20.392,0.00
1786254755,bench_mixed,0.00,0.00,0.0,0.000,0.002,34.618,20.393,0.00
1786254760,bench_mixed,0.00,0.00,0.0,0.000,0.002,34.618,20.392,0.00
1786254765,bench_mixed,0.00,0.00,0.0,0.000,0.002,34.618,20.392,0.00
1786254770,bench_mixed,0.00,0.00,0.0,0.000,0.002,34.618,20.392,0.00
1786254775,bench_mixed,0.00,0.00,0.0,0.000,0.002,34.618,20.393,0.00
1786254780,bench_mixed,0.00,0.00,0.0,0.000,0.002,34.618,20.394,0.00
1786254785,bench_mixed,0.00,0.00,0.0,0.000,0.002,34.618,20.394,0.00
1786254790,bench_mixed,0.00,0.00,0.0,0.000,0.002,34.618,20.394,0.00
1786254795,bench_mixed,0.00,0.00,0.0,0.000,0.002,34.618,20.394,0.00
1786254801,bench_mixed,0.00,0.00,0.0,0.000,0.002,34.618,20.393,0.00
1786254806,bench_mixed,0.00,0.00,0.0,0.000,0.002,34.618,20.393,0.00
1786254811,bench_mixed,0.00,0.00,0.0,0.000,0.002,34.618,20.394,0.00
1786254816,bench_mixed,0.00,0.00,0.0,0.000,0.002,34.618,20.393,0.00
1786254821,bench_mixed,0.00,0.00,0.0,0.000,0.002,34.618,20.394,0.00
1786254826,bench_mixed,0.00,0.00,0.0,0.000,0.002,34.618,20.394,0.00
1786254831,bench_mixed,0.00,0.00,0.0,0.000,0.002,34.618,20.394,0.00
1786254836,bench_mixed,0.00,0.00,0.0,0.000,0.002,34.618,20.395,0.00
1786254841,bench_mixed,0.00,0.00,0.0,0.000,0.002,34.618,20.395,0.00
1786254846,bench_mixed,0.00,0.00,0.0,0.000,0.002,34.618,20.394,0.00
1786254851,bench_mixed,0.00,0.00,0.0,0.000,0.002,34.618,20.395,0.00
1786254856,bench_mixed,0.00,0.00,0.0,0.000,0.002,34.618,20.396,0.00
1786254861,bench_mixed,0.00,0.00,0.0,0.000,0.002,34.618,20.395,0.00
1786254866,bench_mixed,0.00,0.00,0.0,0.000,0.002,34.618,20.394,0.00
1786254871,bench_mixed,0.00,0.00,0.0,0.000,0.002,34.618,20.395,0.00
1786254876,bench_mixed,0.00,0.00,0.0,0.000,0.002,34.618,20.395,0.00
1786254881,bench_mixed,0.00,0.00,0.0,0.000,0.002,34.618,20.394,0.00
1786254886,bench_mixed,0.00,0.00,0.0,0.000,0.002,34.618,20.395,0.00
1786254891,bench_mixed,0.00,0.00,0.0,0.000,0.002,34.618,20.393,0.00
1786254897,bench_mixed,0.00,0.00,0.0,0.000,0.002,34.618,20.393,0.00
1786254902,bench_mixed,0.00,0.00,0.0,0.000,0.002,34.618,20.393,0.00
1786254907,bench_mixed,0.00,0.00,0.0,0.000,0.002,34.618,20.393,0.00
1786254912,bench_mixed,0.00,0.00,0.0,0.000,0.002,34.618,20.393,0.00
1786254917,bench_mixed,0.00,0.00,0.0,0.000,0.002,34.618,20.393,0.00
1786254922,bench_mixed,0.00,0.00,0.0,0.000,0.002,34.618,20.393,0.00
1786254927,bench_mixed,0.00,0.00,0.0,0.000,0.002,34.618,20.392,0.00
1786254932,bench_mixed,0.00,0.00,0.0,0.000,0.002,34.618,20.391,0.00
1786254937,bench_mixed,0.00,0.00,0.0,0.000,0.002,34.618,20.392,0.00
1786254942,bench_mixed,0.00,0.00,0.0,0.000,0.002,34.618,20.393,0.00
1786254947,bench_mixed,0.00,0.00,0.0,0.000,0.002,34.618,20.393,0.00
1786254952,bench_mixed,0.00,0.00,0.0,0.000,0.002,34.618,20.393,0.00
1786254957,bench_mixed,0.00,0.00,0.0,0.000,0.002,34.618,20.394,0.00
1786254962,bench_mixed,0.00,0.00,0.0,0.000,0.002,34.618,20.393,0.00
1786254967,bench_mixed,0.00,0.00,0.0,0.000,0.002,34.618,20.392,0.00
1786254972,bench_mixed,0.00,0.00,0.0,0.000,0.002,34.618,20.391,0.01
1786254977,bench_mixed,0.00,0.00,0.0,0.000,0.002,34.618,20.389,0.02
1786254982,bench_mixed,0.00,0.00,0.0,0.000,0.002,34.618,20.390,0.00
1786254987,bench_mixed,0.00,0.00,0.0,0.000,0.002,34.618,20.389,0.00
1786254992,bench_mixed,0.00,0.00,0.0,0.000,0.002,34.618,20.389,0.00
1786254998,bench_mixed,0.00,0.00,0.0,0.000,0.002,34.618,20.389,0.00
1786255003,bench_mixed,0.00,0.00,0.0,0.000,0.002,34.618,20.390,0.00
1786255008,bench_mixed,0.00,0.00,0.0,0.000,0.002,34.618,20.390,0.00
1786255013,bench_mixed,0.00,0.00,0.0,0.000,0.002,34.618,20.392,0.00
1786255018,bench_mixed,0.00,0.00,0.0,0.000,0.002,34.618,20.392,0.00
1786255023,bench_mixed,0.00,0.00,0.0,0.000,0.002,34.618,20.392,0.00
1786255028,bench_mixed,0.00,0.00,0.0,0.000,0.002,34.618,20.392,0.00
1786255033,bench_mixed,0.00,0.00,0.0,0.000,0.002,34.618,20.393,0.00
1786255038,bench_mixed,0.00,0.00,0.0,0.000,0.002,34.618,20.392,0.00
1786255043,bench_mixed,0.00,0.00,0.0,0.000,0.002,34.618,20.392,0.00
1786255048,bench_mixed,0.00,0.00,0.0,0.000,0.002,34.618,20.392,0.00
1786255053,bench_mixed,0.00,0.00,0.0,0.000,0.002,34.618,20.394,0.00
1786255058,bench_mixed,0.00,0.00,0.0,0.000,0.002,34.618,20.395,0.00
1786255063,bench_mixed,0.00,0.00,0.0,0.000,0.002,34.618,20.394,0.00
1786255068,bench_mixed,0.00,0.00,0.0,0.000,0.002,34.618,20.393,0.00
1786255073,bench_mixed,0.00,0.00,0.0,0.000,0.002,34.618,20.393,0.00
1786255078,bench_mixed,0.00,0.00,0.0,0.000,0.002,34.618,20.393,0.00
1786255083,bench_mixed,0.00,0.00,0.0,0.000,0.002,34.618,20.393,0.00
1786255088,bench_mixed,0.00,0.00,0.0,0.000,0.002,34.618,20.393,0.00
1786255094,bench_mixed,0.00,0.00,0.0,0.000,0.002,34.618,20.384,0.00
1786255099,bench_mixed,0.00,0.00,0.0,0.000,0.002,34.618,20.392,0.00
1786255104,bench_mixed,0.00,0.00,0.0,0.000,0.002,34.618,20.393,0.00
1786255109,bench_mixed,0.00,0.00,0.0,0.000,0.002,34.618,20.393,0.00
1786255114,bench_mixed,0.00,0.00,0.0,0.000,0.002,34.618,20.394,0.00
1786255119,bench_mixed,0.00,0.00,0.0,0.000,0.002,34.618,20.395,0.00
1786255124,bench_mixed,0.00,0.00,0.0,0.000,0.002,34.618,20.394,0.00
1786255129,bench_mixed,0.00,0.00,0.0,0.000,0.002,34.618,20.395,0.00
1786255134,bench_mixed,0.00,0.00,0.0,0.000,0.002,34.618,20.397,0.00
1786255139,bench_mixed,0.00,0.00,0.0,0.000,0.002,34.618,20.397,0.00
1786255144,bench_mixed,0.00,0.00,0.0,0.000,0.002,34.618,20.397,0.00
1786255149,bench_mixed,0.00,0.00,0.0,0.000,0.002,34.618,20.397,0.00
1786255154,bench_mixed,0.00,0.00,0.0,0.000,0.002,34.618,20.397,0.00
1786255159,bench_mixed,0.00,0.00,0.0,0.000,0.002,34.618,20.395,0.00
1786255164,bench_mixed,0.00,0.00,0.0,0.000,0.002,34.618,20.395,0.00
1786255169,bench_mixed,0.00,0.00,0.0,0.000,0.002,34.618,20.395,0.00
1786255174,bench_mixed,0.00,0.00,0.0,0.000,0.002,34.618,20.395,0.00
1786255179,bench_mixed,0.00,0.00,0.0,0.000,0.002,34.618,20.396,0.00
1786255184,bench_mixed,0.00,0.00,0.0,0.000,0.002,34.618,20.396,0.00
1786255190,bench_mixed,0.00,0.00,0.0,0.000,0.002,34.618,20.394,0.00
1786255195,bench_mixed,0.00,0.00,0.0,0.000,0.002,34.618,20.394,0.00
1786255200,bench_mixed,0.00,0.00,0.0,0.000,0.002,34.618,20.393,0.00
1786255205,bench_mixed,0.00,0.00,0.0,0.000,0.002,34.618,20.394,0.00
1786255210,bench_mixed,0.00,0.00,0.0,0.000,0.002,34.618,20.393,0.00
1786255215,bench_mixed,0.00,0.00,0.0,0.000,0.002,34.618,20.394,0.00
1786255220,bench_mixed,0.00,0.00,0.0,0.000,0.002,34.618,20.395,0.00
1786255225,bench_mixed,0.00,0.00,0.0,0.000,0.002,34.618,20.395,0.00
1786255230,bench_mixed,0.00,0.00,0.0,0.000,0.002,34.618,20.394,0.00
1786255235,bench_mixed,0.00,0.00,0.0,0.000,0.002,34.618,20.394,0.00
1786255240,bench_mixed,0.00,0.00,0.0,0.000,0.002,34.618,20.395,0.00
1786255245,bench_mixed,0.00,0.00,0.0,0.000,0.002,34.618,20.395,0.00
1786255250,bench_mixed,0.00,0.00,0.0,0.000,0.002,34.618,20.393,0.00
1786255255,bench_mixed,0.00,0.00,0.0,0.000,0.002,34.618,20.393,0.00
1786255260,bench_mixed,0.00,0.00,0.0,0.000,0.002,34.618,20.393,0.00
1786255265,bench_mixed,0.00,0.00,0.0,0.000,0.002,34.618,20.393,0.00
1786255270,bench_mixed,0.00,0.00,0.0,0.000,0.002,34.618,20.392,0.00
1786255275,bench_mixed,0.00,0.00,0.0,0.000,0.002,34.618,20.386,0.03
1786255280,bench_mixed,0.00,0.00,0.0,0.000,0.002,34.618,20.388,0.00
1786255286,bench_mixed,0.00,0.00,0.0,0.000,0.002,34.618,20.388,0.00
1786255291,bench_mixed,0.00,0.00,0.0,0.000,0.002,34.618,20.388,0.00
1786255296,bench_mixed,0.00,0.00,0.0,0.000,0.002,34.618,20.388,0.00
1786255301,bench_mixed,0.00,0.00,0.0,0.000,0.002,34.618,20.389,0.00
1786255306,bench_mixed,0.00,0.00,0.0,0.000,0.002,34.618,20.389,0.00
1786255311,bench_mixed,0.00,0.00,0.0,0.000,0.002,34.618,20.389,0.00
1786255316,bench_mixed,0.00,0.00,0.0,0.000,0.002,34.618,20.389,0.00
1786255321,bench_mixed,0.00,0.00,0.0,0.000,0.002,34.618,20.388,0.00
1786255326,bench_mixed,0.00,0.00,0.0,0.000,0.002,34.618,20.388,0.00
1786255331,bench_mixed,0.00,0.00,0.0,0.000,0.002,34.618,20.388,0.00
1786255336,bench_mixed,0.00,0.00,0.0,0.000,0.002,34.618,20.388,0.00
1786255341,bench_mixed,0.00,0.00,0.0,0.000,0.002,34.618,20.389,0.00
1786255346,bench_mixed,0.00,0.00,0.0,0.000,0.002,34.618,20.389,0.00
1786255351,bench_mixed,0.00,0.00,0.0,0.000,0.002,34.618,20.389,0.00
1786255356,bench_mixed,0.00,0.00,0.0,0.000,0.002,34.618,20.389,0.00
1786255361,bench_mixed,0.00,0.00,0.0,0.000,0.002,34.618,20.389,0.00
1786255366,bench_mixed,0.00,0.00,0.0,0.000,0.002,34.618,20.390,0.00
1786255371,bench_mixed,0.00,0.00,0.0,0.000,0.002,34.618,20.389,0.00
1786255376,bench_mixed,0.00,0.00,0.0,0.000,0.002,34.618,20.390,0.00
1786255382,bench_mixed,0.00,0.00,0.0,0.000,0.002,34.618,20.390,0.00
1786255387,bench_mixed,0.00,0.00,0.0,0.000,0.002,34.618,20.391,0.00
1786255392,bench_mixed,0.00,0.00,0.0,0.000,0.002,34.618,20.391,0.00
1786255397,bench_mixed,0.00,0.00,0.0,0.000,0.002,34.618,20.390,0.00
1786255402,bench_mixed,0.00,0.00,0.0,0.000,0.002,34.618,20.390,0.00
1786255407,bench_mixed,0.00,0.00,0.0,0.000,0.002,34.618,20.390,0.00
1786255412,bench_mixed,0.00,0.00,0.0,0.000,0.002,34.618,20.393,0.00
1786255417,bench_mixed,0.00,0.00,0.0,0.000,0.002,34.618,20.393,0.00
1786255422,bench_mixed,0.00,0.00,0.0,0.000,0.002,34.618,20.394,0.00
1786255427,bench_mixed,0.00,0.00,0.0,0.000,0.002,34.618,20.393,0.00
1786255432,bench_mixed,0.00,0.00,0.0,0.000,0.002,34.618,20.393,0.00
1786255437,bench_mixed,0.00,0.00,0.0,0.000,0.002,34.618,20.393,0.00
1786255442,bench_mixed,0.00,0.00,0.0,0.000,0.002,34.618,20.392,0.00
1786255447,bench_mixed,0.00,0.00,0.0,0.000,0.002,34.618,20.392,0.00
1786255452,bench_mixed,0.00,0.00,0.0,0.000,0.002,34.618,20.384,0.00
1786255457,bench_mixed,0.00,0.00,0.0,0.000,0.002,34.618,20.391,0.00
1786255462,bench_mixed,0.00,0.00,0.0,0.000,0.002,34.618,20.391,0.00
1786255467,bench_mixed,0.00,0.00,0.0,0.000,0.002,34.618,20.392,0.00
1786255472,bench_mixed,0.00,0.00,0.0,0.000,0.002,34.618,20.393,0.00
1786255478,bench_mixed,0.00,0.00,0.0,0.000,0.002,34.618,20.393,0.00
1786255483,bench_mixed,0.00,0.00,0.0,0.000,0.002,34.618,20.392,0.00
1786255488,bench_mixed,0.00,0.00,0.0,0.000,0.002,34.618,20.393,0.00
1786255493,bench_mixed,0.00,0.00,0.0,0.000,0.002,34.618,20.393,0.00
1786255498,bench_mixed,0.00,0.00,0.0,0.000,0.002,34.618,20.392,0.00
1786255503,bench_mixed,0.00,0.00,0.0,0.000,0.002,34.618,20.391,0.00
1786255508,bench_mixed,0.00,0.00,0.0,0.000,0.002,34.618,20.391,0.00
1786255513,bench_mixed,0.00,0.00,0.0,0.000,0.002,34.618,20.392,0.00
1786255518,bench_mixed,0.00,0.00,0.0,0.000,0.002,34.618,20.391,0.00
1786255523,bench_mixed,0.00,0.00,0.0,0.000,0.002,34.618,20.392,0.00
1786255528,bench_mixed,0.00,0.00,0.0,0.000,0.002,34.618,20.392,0.00
1786255533,bench_mixed,0.00,0.00,0.0,0.000,0.002,34.618,20.392,0.00
1786255538,bench_mixed,0.00,0.00,0.0,0.000,0.002,34.618,20.391,0.00
1786255543,bench_mixed,0.00,0.00,0.0,0.000,0.002,34.618,20.392,0.00
1786255548,bench_mixed,0.00,0.00,0.0,0.000,0.002,34.618,20.391,0.00
1786255553,bench_mixed,0.00,0.00,0.0,0.000,0.002,34.618,20.392,0.00
1786255558,bench_mixed,0.00,0.00,0.0,0.000,0.002,34.618,20.392,0.00
1786255563,bench_mixed,0.00,0.00,0.0,0.000,0.002,34.618,20.392,0.00
1786255568,bench_mixed,0.00,0.00,0.0,0.000,0.002,34.618,20.393,0.00
1786255574,bench_mixed,0.00,0.00,0.0,0.000,0.002,34.618,20.389,0.03
1786255579,bench_mixed,0.00,0.00,0.0,0.000,0.002,34.618,20.390,0.00
1786255584,bench_mixed,0.00,0.00,0.0,0.000,0.002,34.618,20.390,0.00
1786255589,bench_mixed,0.00,0.00,0.0,0.000,0.002,34.618,20.391,0.00
1786255594,bench_mixed,0.00,0.00,0.0,0.000,0.002,34.618,20.390,0.00
1786255599,bench_mixed,0.00,0.00,0.0,0.000,0.002,34.618,20.391,0.00
1786255604,bench_mixed,0.00,0.00,0.0,0.000,0.002,34.618,20.391,0.00
1786255609,bench_mixed,0.00,0.00,0.0,0.000,0.002,34.618,20.391,0.00
1786255614,bench_mixed,0.00,0.00,0.0,0.000,0.002,34.618,20.391,0.00
1786255619,bench_mixed,0.00,0.00,0.0,0.000,0.002,34.618,20.391,0.00
1786255624,bench_mixed,0.00,0.00,0.0,0.000,0.002,34.618,20.391,0.00
1786255629,bench_mixed,0.00,0.00,0.0,0.000,0.002,34.618,20.392,0.00
1786255634,bench_mixed,0.00,0.00,0.0,0.000,0.002,34.618,20.392,0.00
1786255639,bench_mixed,0.00,0.00,0.0,0.000,0.002,34.618,20.392,0.00
1786255644,bench_mixed,0.00,0.00,0.0,0.000,0.002,34.618,20.393,0.00
1786255649,bench_mixed,0.00,0.00,0.0,0.000,0.002,34.618,20.396,0.00
1786255654,bench_mixed,0.00,0.00,0.0,0.000,0.002,34.618,20.395,0.00
1786255659,bench_mixed,0.00,0.00,0.0,0.000,0.002,34.618,20.394,0.00
1786255664,bench_mixed,0.00,0.00,0.0,0.000,0.002,34.618,20.394,0.00
1786255670,bench_mixed,0.00,0.00,0.0,0.000,0.002,34.618,20.393,0.00
1786255675,bench_mixed,0.00,0.00,0.0,0.000,0.002,34.618,20.392,0.00
1786255680,bench_mixed,0.00,0.00,0.0,0.000,0.002,34.618,20.394,0.00
1786255685,bench_mixed,0.00,0.00,0.0,0.000,0.002,34.618,20.393,0.00
1786255690,bench_mixed,0.00,0.00,0.0,0.000,0.002,34.618,20.392,0.00
1786255695,bench_mixed,0.00,0.00,0.0,0.000,0.002,34.618,20.392,0.00
1786255700,bench_mixed,0.00,0.00,0.0,0.000,0.002,34.618,20.391,0.00
1786255705,bench_mixed,0.00,0.00,0.0,0.000,0.002,34.618,20.391,0.00
1786255710,bench_mixed,0.00,0.00,0.0,0.000,0.002,34.618,20.390,0.00
1786255715,bench_mixed,0.00,0.00,0.0,0.000,0.002,34.618,20.390,0.00
1786255720,bench_mixed,0.00,0.00,0.0,0.000,0.002,34.618,20.391,0.00
1786255725,bench_mixed,0.00,0.00,0.0,0.000,0.002,34.618,20.391,0.00
1786255730,bench_mixed,0.00,0.00,0.0,0.000,0.002,34.618,20.391,0.00
1786255735,bench_mixed,0.00,0.00,0.0,0.000,0.002,34.618,20.392,0.00
1786255740,bench_mixed,0.00,0.00,0.0,0.000,0.002,34.618,20.390,0.00
1786255745,bench_mixed,0.00,0.00,0.0,0.000,0.002,34.618,20.391,0.00
1786255750,bench_mixed,0.00,0.00,0.0,0.000,0.002,34.618,20.391,0.00
1786255755,bench_mixed,0.00,0.00,0.0,0.000,0.002,34.618,20.391,0.00
1786255760,bench_mixed,0.00,0.00,0.0,0.000,0.002,34.618,20.390,0.00
1786255765,bench_mixed,0.00,0.00,0.0,0.000,0.002,34.618,20.390,0.00
1786255771,bench_mixed,0.00,0.00,0.0,0.000,0.002,34.618,20.391,0.00
1786255776,bench_mixed,0.00,0.00,0.0,0.000,0.002,34.618,20.391,0.00
1786255781,bench_mixed,0.00,0.00,0.0,0.000,0.002,34.618,20.392,0.00
1786255786,bench_mixed,0.00,0.00,0.0,0.000,0.002,34.618,20.392,0.00
1786255791,bench_mixed,0.00,0.00,0.0,0.000,0.002,34.618,20.393,0.00
1786255796,bench_mixed,0.00,0.00,0.0,0.000,0.002,34.618,20.391,0.00
1786255801,bench_mixed,0.00,0.00,0.0,0.000,0.002,34.618,20.391,0.00
1786255806,bench_mixed,0.00,0.00,0.0,0.000,0.002,34.618,20.389,0.00
1786255811,bench_mixed,0.00,0.00,0.0,0.000,0.002,34.618,20.388,0.00
1786255816,bench_mixed,0.00,0.00,0.0,0.000,0.002,34.618,20.388,0.00
1786255821,bench_mixed,0.00,0.00,0.0,0.000,0.002,34.618,20.389,0.00
1786255826,bench_mixed,0.00,0.00,0.0,0.000,0.002,34.618,20.389,0.00
1786255831,bench_mixed,0.00,0.00,0.0,0.000,0.002,34.618,20.389,0.00
1786255836,bench_mixed,0.00,0.00,0.0,0.000,0.002,34.618,20.388,0.00
1786255841,bench_mixed,0.00,0.00,0.0,0.000,0.002,34.618,20.388,0.00
1786255846,bench_mixed,0.00,0.00,0.0,0.000,0.002,34.618,20.389,0.00
1786255851,bench_mixed,0.00,0.00,0.0,0.000,0.002,34.618,20.389,0.00
1786255856,bench_mixed,0.00,0.00,0.0,0.000,0.002,34.618,20.388,0.00
1786255861,bench_mixed,0.00,0.00,0.0,0.000,0.002,34.618,20.388,0.00
1786255867,bench_mixed,0.00,0.00,0.0,0.000,0.002,34.618,20.389,0.00
1786255872,bench_mixed,0.00,0.00,0.0,0.000,0.002,34.618,20.389,0.00
1786255877,bench_mixed,0.00,0.00,0.0,0.000,0.002,34.618,20.382,0.03
1786255882,bench_mixed,0.00,0.00,0.0,0.000,0.002,34.618,20.383,0.00
1786255887,bench_mixed,0.00,0.00,0.0,0.000,0.002,34.618,20.386,0.00
1786255892,bench_mixed,0.00,0.00,0.0,0.000,0.002,34.618,20.386,0.00
1786255897,bench_mixed,0.00,0.00,0.0,0.000,0.002,34.618,20.385,0.00
1786255902,bench_mixed,0.00,0.00,0.0,0.000,0.002,34.618,20.385,0.00
1786255907,bench_mixed,0.00,0.00,0.0,0.000,0.002,34.618,20.386,0.00
1786255912,bench_mixed,0.00,0.00,0.0,0.000,0.002,34.618,20.386,0.00
1786255917,bench_mixed,0.00,0.00,0.0,0.000,0.002,34.618,20.386,0.00
1786255922,bench_mixed,0.00,0.00,0.0,0.000,0.002,34.618,20.386,0.00
1786255927,bench_mixed,0.00,0.00,0.0,0.000,0.002,34.618,20.386,0.00
1786255932,bench_mixed,0.00,0.00,0.0,0.000,0.002,34.618,20.386,0.00
1786255937,bench_mixed,0.00,0.00,0.0,0.000,0.002,34.618,20.387,0.00
1786255942,bench_mixed,0.00,0.00,0.0,0.000,0.002,34.618,20.386,0.00
1786255947,bench_mixed,0.00,0.00,0.0,0.000,0.002,34.618,20.387,0.00
1786255952,bench_mixed,0.00,0.00,0.0,0.000,0.002,34.618,20.387,0.00
1786255957,bench_mixed,0.00,0.00,0.0,0.000,0.002,34.618,20.387,0.00
1786255963,bench_mixed,0.00,0.00,0.0,0.000,0.002,34.618,20.387,0.00
1786255968,bench_mixed,0.00,0.00,0.0,0.000,0.002,34.618,20.388,0.00
1786255973,bench_mixed,0.00,0.00,0.0,0.000,0.002,34.618,20.388,0.00
1786255978,bench_mixed,0.00,0.00,0.0,0.000,0.002,34.618,20.388,0.00
1786255983,bench_mixed,0.00,0.00,0.0,0.000,0.002,34.618,20.389,0.00
1786255988,bench_mixed,0.00,0.00,0.0,0.000,0.002,34.618,20.389,0.00
1786255993,bench_mixed,0.00,0.00,0.0,0.000,0.002,34.618,20.389,0.00
1786255998,bench_mixed,0.00,0.00,0.0,0.000,0.002,34.618,20.388,0.00
1786256003,bench_mixed,0.00,0.00,0.0,0.000,0.002,34.618,20.388,0.00
1786256008,bench_mixed,0.00,0.00,0.0,0.000,0.002,34.618,20.389,0.00
1786256013,bench_mixed,0.00,0.00,0.0,0.000,0.002,34.618,20.388,0.00
1786256018,bench_mixed,0.00,0.00,0.0,0.000,0.002,34.618,20.388,0.00
1786256023,bench_mixed,0.00,0.00,0.0,0.000,0.002,34.618,20.387,0.00
1786256028,bench_mixed,0.00,0.00,0.0,0.000,0.002,34.618,20.387,0.00
1786256033,bench_mixed,0.00,0.00,0.0,0.000,0.002,34.618,20.387,0.00
1786256038,bench_mixed,0.00,0.00,0.0,0.000,0.002,34.618,20.386,0.00
1786256043,bench_mixed,0.00,0.00,0.0,0.000,0.002,34.618,20.387,0.00
1786256048,bench_mixed,0.00,0.00,0.0,0.000,0.002,34.618,20.388,0.00
1786256053,bench_mixed,0.00,0.00,0.0,0.000,0.002,34.618,20.388,0.00
1786256059,bench_mixed,0.00,0.00,0.0,0.000,0.002,34.618,20.387,0.00
1786256064,bench_mixed,0.00,0.00,0.0,0.000,0.002,34.618,20.387,0.00
1786256069,bench_mixed,0.00,0.00,0.0,0.000,0.002,34.618,20.386,0.00
1786256074,bench_mixed,0.00,0.00,0.0,0.000,0.002,34.618,20.387,0.00
1786256079,bench_mixed,0.00,0.00,0.0,0.000,0.002,34.618,20.387,0.00
1786256084,bench_mixed,0.00,0.00,0.0,0.000,0.002,34.618,20.388,0.00
1786256089,bench_mixed,0.00,0.00,0.0,0.000,0.002,34.618,20.389,0.00
1786256094,bench_mixed,0.00,0.00,0.0,0.000,0.002,34.618,20.391,0.00
1786256099,bench_mixed,0.00,0.00,0.0,0.000,0.002,34.618,20.392,0.00
1786256104,bench_mixed,0.00,0.00,0.0,0.000,0.002,34.618,20.392,0.00
1786256109,bench_mixed,0.00,0.00,0.0,0.000,0.002,34.618,20.392,0.00
1786256114,bench_mixed,0.00,0.00,0.0,0.000,0.002,34.618,20.393,0.00
1786256119,bench_mixed,0.00,0.00,0.0,0.000,0.002,34.618,20.381,0.00
1786256124,bench_mixed,0.00,0.00,0.0,0.000,0.002,34.618,20.382,0.00
1786256129,bench_mixed,0.00,0.00,0.0,0.000,0.002,34.618,20.383,0.00
1786256134,bench_mixed,0.00,0.00,0.0,0.000,0.002,34.618,20.384,0.00
1786256139,bench_mixed,0.00,0.00,0.0,0.000,0.002,34.618,20.382,0.00
1786256144,bench_mixed,0.00,0.00,0.0,0.000,0.002,34.618,20.383,0.00
1786256149,bench_mixed,0.00,0.00,0.0,0.000,0.002,34.618,20.383,0.00
1786256155,bench_mixed,0.00,0.00,0.0,0.000,0.002,34.618,20.384,0.00
1786256160,bench_mixed,0.00,0.00,0.0,0.000,0.002,34.618,20.384,0.00
1786256165,bench_mixed,0.00,0.00,0.0,0.000,0.002,34.618,20.384,0.00
1786256170,bench_mixed,0.00,0.00,0.0,0.000,0.002,34.618,20.384,0.00
1786256175,bench_mixed,0.00,0.00,0.0,0.000,0.002,34.618,20.378,0.03
1786256180,bench_mixed,0.00,0.00,0.0,0.000,0.002,34.618,20.378,0.00
1786256185,bench_mixed,0.00,0.00,0.0,0.000,0.002,34.618,20.378,0.00
1786256190,bench_mixed,0.00,0.00,0.0,0.000,0.002,34.618,20.378,0.00
1786256195,bench_mixed,0.00,0.00,0.0,0.000,0.002,34.618,20.377,0.00
1786256200,bench_mixed,0.00,0.00,0.0,0.000,0.002,34.618,20.377,0.00
1786256205,bench_mixed,0.00,0.00,0.0,0.000,0.002,34.618,20.378,0.00
1786256210,bench_mixed,0.00,0.00,0.0,0.000,0.002,34.618,20.378,0.00
1786256215,bench_mixed,0.00,0.00,0.0,0.000,0.002,34.618,20.379,0.00
1786256220,bench_mixed,0.00,0.00,0.0,0.000,0.002,34.618,20.379,0.00
1786256225,bench_mixed,0.00,0.00,0.0,0.000,0.002,34.618,20.380,0.00
1786256230,bench_mixed,0.00,0.00,0.0,0.000,0.002,34.618,20.380,0.00
1786256235,bench_mixed,0.00,0.00,0.0,0.000,0.002,34.618,20.380,0.00
1786256240,bench_mixed,0.00,0.00,0.0,0.000,0.002,34.618,20.380,0.00
1786256245,bench_mixed,0.00,0.00,0.0,0.000,0.002,34.618,20.380,0.00
1786256251,bench_mixed,0.00,0.00,0.0,0.000,0.002,34.618,20.380,0.00
1786256256,bench_mixed,0.00,0.00,0.0,0.000,0.002,34.618,20.380,0.00
1786256261,bench_mixed,0.00,0.00,0.0,0.000,0.002,34.618,20.379,0.00
1786256266,bench_mixed,0.00,0.00,0.0,0.000,0.002,34.618,20.379,0.00
1786256271,bench_mixed,0.00,0.00,0.0,0.000,0.002,34.618,20.379,0.00
1786256276,bench_mixed,0.00,0.00,0.0,0.000,0.002,34.618,20.379,0.00
1786256281,bench_mixed,0.00,0.00,0.0,0.000,0.002,34.618,20.379,0.00
1786256286,bench_mixed,0.00,0.00,0.0,0.000,0.002,34.618,20.378,0.00
1786256291,bench_mixed,0.00,0.00,0.0,0.000,0.002,34.618,20.379,0.00
1786256296,bench_mixed,0.00,0.00,0.0,0.000,0.002,34.618,20.380,0.00
1786256301,bench_mixed,0.00,0.00,0.0,0.000,0.002,34.618,20.380,0.00
1786256306,bench_mixed,0.00,0.00,0.0,0.000,0.002,34.618,20.380,0.00
1786256311,bench_mixed,0.00,0.00,0.0,0.000,0.002,34.618,20.380,0.00
1786256316,bench_mixed,0.00,0.00,0.0,0.000,0.002,34.618,20.379,0.00
1786256321,bench_mixed,0.00,0.00,0.0,0.000,0.002,34.618,20.379,0.00
1786256326,bench_mixed,0.00,0.00,0.0,0.000,0.002,34.618,20.379,0.00
1786256331,bench_mixed,0.00,0.00,0.0,0.000,0.002,34.618,20.379,0.00
1786256336,bench_mixed,0.00,0.00,0.0,0.000,0.002,34.618,20.380,0.00
1786256341,bench_mixed,0.00,0.00,0.0,0.000,0.002,34.618,20.380,0.00
1786256347,bench_mixed,0.00,0.00,0.0,0.000,0.002,34.618,20.381,0.00
1786256352,bench_mixed,0.00,0.00,0.0,0.000,0.002,34.618,20.381,0.00
1786256357,bench_mixed,0.00,0.00,0.0,0.000,0.002,34.618,20.380,0.00
1786256362,bench_mixed,0.00,0.00,0.0,0.000,0.002,34.618,20.380,0.00
1786256367,bench_mixed,0.00,0.00,0.0,0.000,0.002,34.618,20.381,0.00
1786256372,bench_mixed,0.00,0.00,0.0,0.000,0.002,34.618,20.381,0.00
1786256377,bench_mixed,0.00,0.00,0.0,0.000,0.002,34.618,20.380,0.00
1786256382,bench_mixed,0.00,0.00,0.0,0.000,0.002,34.618,20.381,0.00
1786256387,bench_mixed,0.00,0.00,0.0,0.000,0.002,34.618,20.381,0.00
1786256392,bench_mixed,0.00,0.00,0.0,0.000,0.002,34.618,20.381,0.00
1786256397,bench_mixed,0.00,0.00,0.0,0.000,0.002,34.618,20.381,0.00
1786256402,bench_mixed,0.00,0.00,0.0,0.000,0.002,34.618,20.381,0.00
1786256407,bench_mixed,0.00,0.00,0.0,0.000,0.002,34.618,20.380,0.00
1786256412,bench_mixed,0.00,0.00,0.0,0.000,0.002,34.618,20.381,0.00
1786256417,bench_mixed,0.00,0.00,0.0,0.000,0.002,34.618,20.381,0.00
1786256422,bench_mixed,0.00,0.00,0.0,0.000,0.002,34.618,20.380,0.00
1786256427,bench_mixed,0.00,0.00,0.0,0.000,0.002,34.618,20.380,0.00
1786256432,bench_mixed,0.00,0.00,0.0,0.000,0.002,34.618,20.380,0.00
1786256437,bench_mixed,0.00,0.00,0.0,0.000,0.002,34.618,20.381,0.00
1786256443,bench_mixed,0.00,0.00,0.0,0.000,0.002,34.618,20.381,0.00
1786256448,bench_mixed,0.00,0.00,0.0,0.000,0.002,34.618,20.380,0.00
1786256453,bench_mixed,0.00,0.00,0.0,0.000,0.002,34.618,20.381,0.00
1786256458,bench_mixed,0.00,0.00,0.0,0.000,0.002,34.618,20.382,0.00
1786256463,bench_mixed,0.00,0.00,0.0,0.000,0.002,34.618,20.383,0.00
1786256468,bench_mixed,0.00,0.00,0.0,0.000,0.002,34.618,20.384,0.00
1786256473,bench_mixed,0.00,0.00,0.0,0.000,0.002,34.618,20.379,0.02
1786256478,bench_mixed,0.00,0.00,0.0,0.000,0.002,34.618,20.382,0.01
1786256483,bench_mixed,0.00,0.00,0.0,0.000,0.002,34.618,20.382,0.00
1786256488,bench_mixed,0.00,0.00,0.0,0.000,0.002,34.618,20.383,0.00
1786256493,bench_mixed,0.00,0.00,0.0,0.000,0.002,34.618,20.383,0.00
1786256498,bench_mixed,0.00,0.00,0.0,0.000,0.002,34.618,20.384,0.00
1786256503,bench_mixed,0.00,0.00,0.0,0.000,0.002,34.618,20.384,0.00
1786256508,bench_mixed,0.00,0.00,0.0,0.000,0.002,34.618,20.384,0.00
1786256513,bench_mixed,0.00,0.00,0.0,0.000,0.002,34.618,20.385,0.00
1786256518,bench_mixed,0.00,0.00,0.0,0.000,0.002,34.618,20.374,0.00
1786256523,bench_mixed,0.00,0.00,0.0,0.000,0.002,34.618,20.384,0.00
1786256528,bench_mixed,0.00,0.00,0.0,0.000,0.002,34.618,20.384,0.00
1786256533,bench_mixed,0.00,0.00,0.0,0.000,0.002,34.618,20.385,0.00
1786256538,bench_mixed,0.00,0.00,0.0,0.000,0.002,34.618,20.385,0.00
1786256544,bench_mixed,0.00,0.00,0.0,0.000,0.002,34.618,20.384,0.00
1786256549,bench_mixed,0.00,0.00,0.0,0.000,0.002,34.618,20.384,0.00
1786256554,bench_mixed,0.00,0.00,0.0,0.000,0.002,34.618,20.384,0.00
1786256559,bench_mixed,0.00,0.00,0.0,0.000,0.002,34.618,20.384,0.00
1786256564,bench_mixed,0.00,0.00,0.0,0.000,0.002,34.618,20.384,0.00
1786256569,bench_mixed,0.00,0.00,0.0,0.000,0.002,34.618,20.384,0.00
1786256574,bench_mixed,0.00,0.00,0.0,0.000,0.002,34.618,20.383,0.00
1786256579,bench_mixed,0.00,0.00,0.0,0.000,0.002,34.618,20.383,0.00
1786256584,bench_mixed,0.00,0.00,0.0,0.000,0.002,34.618,20.382,0.00
1786256589,bench_mixed,0.00,0.00,0.0,0.000,0.002,34.618,20.382,0.00
1786256594,bench_mixed,0.00,0.00,0.0,0.000,0.002,34.618,20.383,0.00
1786256599,bench_mixed,0.00,0.00,0.0,0.000,0.002,34.618,20.382,0.00
1786256604,bench_mixed,0.00,0.00,0.0,0.000,0.002,34.618,20.382,0.00
1786256609,bench_mixed,0.00,0.00,0.0,0.000,0.002,34.618,20.382,0.00
1786256614,bench_mixed,0.00,0.00,0.0,0.000,0.002,34.618,20.381,0.00
1786256619,bench_mixed,0.00,0.00,0.0,0.000,0.002,34.618,20.381,0.00
1786256624,bench_mixed,0.00,0.00,0.0,0.000,0.002,34.618,20.382,0.00
1786256629,bench_mixed,0.00,0.00,0.0,0.000,0.002,34.618,20.383,0.00
1786256634,bench_mixed,0.00,0.00,0.0,0.000,0.002,34.618,20.381,0.00
1786256640,bench_mixed,0.00,0.00,0.0,0.000,0.002,34.618,20.381,0.00
1786256645,bench_mixed,0.00,0.00,0.0,0.000,0.002,34.618,20.382,0.00
1786256650,bench_mixed,0.00,0.00,0.0,0.000,0.002,34.618,20.382,0.00
1786256655,bench_mixed,0.00,0.00,0.0,0.000,0.002,34.618,20.382,0.00
1786256660,bench_mixed,0.00,0.00,0.0,0.000,0.002,34.618,20.382,0.00
1786256665,bench_mixed,0.00,0.00,0.0,0.000,0.002,34.618,20.381,0.00
1786256670,bench_mixed,0.00,0.00,0.0,0.000,0.002,34.618,20.384,0.00
1786256675,bench_mixed,0.00,0.00,0.0,0.000,0.002,34.618,20.384,0.00
1786256680,bench_mixed,0.00,0.00,0.0,0.000,0.002,34.618,20.383,0.00
1786256685,bench_mixed,0.00,0.00,0.0,0.000,0.002,34.618,20.384,0.00
1786256690,bench_mixed,0.00,0.00,0.0,0.000,0.002,34.618,20.384,0.00
1786256695,bench_mixed,0.00,0.00,0.0,0.000,0.002,34.618,20.385,0.00
1786256700,bench_mixed,0.00,0.00,0.0,0.000,0.002,34.618,20.385,0.00
1786256705,bench_mixed,0.00,0.00,0.0,0.000,0.002,34.618,20.383,0.00
1786256710,bench_mixed,0.00,0.00,0.0,0.000,0.002,34.618,20.383,0.00
1786256715,bench_mixed,0.00,0.00,0.0,0.000,0.002,34.618,20.383,0.00
1786256720,bench_mixed,0.00,0.00,0.0,0.000,0.002,34.618,20.383,0.00
1786256725,bench_mixed,0.00,0.00,0.0,0.000,0.002,34.618,20.384,0.00
1786256730,bench_mixed,0.00,0.00,0.0,0.000,0.002,34.618,20.384,0.00
1786256736,bench_mixed,0.00,0.00,0.0,0.000,0.002,34.618,20.384,0.00
1786256741,bench_mixed,0.00,0.00,0.0,0.000,0.002,34.618,20.384,0.00
1786256746,bench_mixed,0.00,0.00,0.0,0.000,0.002,34.618,20.383,0.00
1786256751,bench_mixed,0.00,0.00,0.0,0.000,0.002,34.618,20.383,0.00
1786256756,bench_mixed,0.00,0.00,0.0,0.000,0.002,34.618,20.382,0.00
1786256761,bench_mixed,0.00,0.00,0.0,0.000,0.002,34.618,20.383,0.00
1786256766,bench_mixed,0.00,0.00,0.0,0.000,0.002,34.618,20.383,0.00
1786256771,bench_mixed,0.00,0.00,0.0,0.000,0.002,34.618,20.383,0.00
1786256776,bench_mixed,0.00,0.00,0.0,0.000,0.002,34.618,20.377,0.03
1786256781,bench_mixed,0.00,0.00,0.0,0.000,0.002,34.618,20.377,0.00
1786256786,bench_mixed,0.00,0.00,0.0,0.000,0.002,34.618,20.377,0.00
1786256791,bench_mixed,0.00,0.00,0.0,0.000,0.002,34.618,20.377,0.00
1786256796,bench_mixed,0.00,0.00,0.0,0.000,0.002,34.618,20.377,0.00
1786256801,bench_mixed,0.00,0.00,0.0,0.000,0.002,34.618,20.376,0.00
1786256806,bench_mixed,0.00,0.00,0.0,0.000,0.002,34.618,20.376,0.00
1786256811,bench_mixed,0.00,0.00,0.0,0.000,0.002,34.618,20.377,0.00
1786256816,bench_mixed,0.00,0.00,0.0,0.000,0.002,34.618,20.377,0.00
1786256821,bench_mixed,0.00,0.00,0.0,0.000,0.002,34.618,20.378,0.00
1786256826,bench_mixed,0.00,0.00,0.0,0.000,0.002,34.618,20.379,0.00
1786256832,bench_mixed,0.00,0.00,0.0,0.000,0.002,34.618,20.378,0.00
1786256837,bench_mixed,0.00,0.00,0.0,0.000,0.002,34.618,20.379,0.00
1786256842,bench_mixed,0.00,0.00,0.0,0.000,0.002,34.618,20.378,0.00
1786256847,bench_mixed,0.00,0.00,0.0,0.000,0.002,34.618,20.378,0.00
1786256852,bench_mixed,0.00,0.00,0.0,0.000,0.002,34.618,20.377,0.00
1786256857,bench_mixed,0.00,0.00,0.0,0.000,0.002,34.618,20.378,0.00
1786256862,bench_mixed,0.00,0.00,0.0,0.000,0.002,34.618,20.379,0.00
1786256867,bench_mixed,0.00,0.00,0.0,0.000,0.002,34.618,20.378,0.00
1786256872,bench_mixed,0.00,0.00,0.0,0.000,0.002,34.618,20.378,0.00
1786256877,bench_mixed,0.00,0.00,0.0,0.000,0.002,34.618,20.371,0.00
1786256882,bench_mixed,0.00,0.00,0.0,0.000,0.002,34.618,20.379,0.00
1786256887,bench_mixed,0.00,0.00,0.0,0.000,0.002,34.618,20.380,0.00
1786256892,bench_mixed,0.00,0.00,0.0,0.000,0.002,34.618,20.380,0.00
1786256897,bench_mixed,0.00,0.00,0.0,0.000,0.002,34.618,20.381,0.00
1786256902,bench_mixed,0.00,0.00,0.0,0.000,0.002,34.618,20.382,0.00
1786256907,bench_mixed,0.00,0.00,0.0,0.000,0.002,34.618,20.382,0.00
1786256912,bench_mixed,0.00,0.00,0.0,0.000,0.002,34.618,20.382,0.00
1786256917,bench_mixed,0.00,0.00,0.0,0.000,0.002,34.618,20.382,0.00
1786256922,bench_mixed,0.00,0.00,0.0,0.000,0.002,34.618,20.383,0.00
1786256928,bench_mixed,0.00,0.00,0.0,0.000,0.002,34.618,20.383,0.00
1786256933,bench_mixed,0.00,0.00,0.0,0.000,0.002,34.618,20.382,0.00
1786256938,bench_mixed,0.00,0.00,0.0,0.000,0.002,34.618,20.382,0.00
1786256943,bench_mixed,0.00,0.00,0.0,0.000,0.002,34.618,20.382,0.00
1786256948,bench_mixed,0.00,0.00,0.0,0.000,0.002,34.618,20.382,0.00
1786256953,bench_mixed,0.00,0.00,0.0,0.000,0.002,34.618,20.381,0.00
1786256958,bench_mixed,0.00,0.00,0.0,0.000,0.002,34.618,20.381,0.00
1786256963,bench_mixed,0.00,0.00,0.0,0.000,0.002,34.618,20.382,0.00
1786256968,bench_mixed,0.00,0.00,0.0,0.000,0.002,34.618,20.382,0.00
1786256973,bench_mixed,0.00,0.00,0.0,0.000,0.002,34.618,20.383,0.00
1786256978,bench_mixed,0.00,0.00,0.0,0.000,0.002,34.618,20.383,0.00
1786256983,bench_mixed,0.00,0.00,0.0,0.000,0.002,34.618,20.382,0.00
1786256988,bench_mixed,0.00,0.00,0.0,0.000,0.002,34.618,20.382,0.00
1786256993,bench_mixed,0.00,0.00,0.0,0.000,0.002,34.618,20.382,0.00
1786256998,bench_mixed,0.00,0.00,0.0,0.000,0.002,34.618,20.382,0.00
1786257003,bench_mixed,0.00,0.00,0.0,0.000,0.002,34.618,20.383,0.00
1786257008,bench_mixed,0.00,0.00,0.0,0.000,0.002,34.618,20.382,0.00
1786257013,bench_mixed,0.00,0.00,0.0,0.000,0.002,34.618,20.381,0.00
1786257018,bench_mixed,0.00,0.00,0.0,0.000,0.002,34.618,20.382,0.00
1786257024,bench_mixed,0.00,0.00,0.0,0.000,0.002,34.618,20.381,0.00
1786257029,bench_mixed,0.00,0.00,0.0,0.000,0.002,34.618,20.382,0.00
1786257034,bench_mixed,0.00,0.00,0.0,0.000,0.002,34.618,20.383,0.00
1786257039,bench_mixed,0.00,0.00,0.0,0.000,0.002,34.618,20.384,0.00
1786257044,bench_mixed,0.00,0.00,0.0,0.000,0.002,34.618,20.383,0.00
1786257049,bench_mixed,0.00,0.00,0.0,0.000,0.002,34.618,20.383,0.00
1786257054,bench_mixed,0.00,0.00,0.0,0.000,0.002,34.618,20.383,0.00
1786257059,bench_mixed,0.00,0.00,0.0,0.000,0.002,34.618,20.383,0.00
1786257064,bench_mixed,0.00,0.00,0.0,0.000,0.002,34.618,20.383,0.00
1786257069,bench_mixed,0.00,0.00,0.0,0.000,0.002,34.618,20.383,0.00
1786257074,bench_mixed,0.00,0.00,0.0,0.000,0.002,34.618,20.378,0.03
1786257079,bench_mixed,0.00,0.00,0.0,0.000,0.002,34.618,20.378,0.00
1786257084,bench_mixed,0.00,0.00,0.0,0.000,0.002,34.618,20.379,0.00
1786257089,bench_mixed,0.00,0.00,0.0,0.000,0.002,34.618,20.379,0.00
1786257094,bench_mixed,0.00,0.00,0.0,0.000,0.002,34.618,20.379,0.00
1786257099,bench_mixed,0.00,0.00,0.0,0.000,0.002,34.618,20.379,0.00
1786257104,bench_mixed,0.00,0.00,0.0,0.000,0.002,34.618,20.379,0.00
1786257109,bench_mixed,0.00,0.00,0.0,0.000,0.002,34.618,20.380,0.00
1786257114,bench_mixed,0.00,0.00,0.0,0.000,0.002,34.618,20.379,0.00
1786257120,bench_mixed,0.00,0.00,0.0,0.000,0.002,34.618,20.379,0.00
1786257125,bench_mixed,0.00,0.00,0.0,0.000,0.002,34.618,20.379,0.00
1786257130,bench_mixed,0.00,0.00,0.0,0.000,0.002,34.618,20.379,0.00
1786257135,bench_mixed,0.00,0.00,0.0,0.000,0.002,34.618,20.379,0.00
1786257140,bench_mixed,0.00,0.00,0.0,0.000,0.002,34.618,20.379,0.00
1786257145,bench_mixed,0.00,0.00,0.0,0.000,0.002,34.618,20.379,0.00
1786257150,bench_mixed,0.00,0.00,0.0,0.000,0.002,34.618,20.380,0.00
1786257155,bench_mixed,0.00,0.00,0.0,0.000,0.002,34.618,20.380,0.00
1786257160,bench_mixed,0.00,0.00,0.0,0.000,0.002,34.618,20.380,0.00
1786257165,bench_mixed,0.00,0.00,0.0,0.000,0.002,34.618,20.379,0.00
1786257170,bench_mixed,0.00,0.00,0.0,0.000,0.002,34.618,20.380,0.00
1786257175,bench_mixed,0.00,0.00,0.0,0.000,0.002,34.618,20.381,0.00
1786257180,bench_mixed,0.00,0.00,0.0,0.000,0.002,34.618,20.380,0.00
1786257185,bench_mixed,0.00,0.00,0.0,0.000,0.002,34.618,20.381,0.00
1786257190,bench_mixed,0.00,0.00,0.0,0.000,0.002,34.618,20.381,0.00
1786257195,bench_mixed,0.00,0.00,0.0,0.000,0.002,34.618,20.383,0.00
1786257200,bench_mixed,0.00,0.00,0.0,0.000,0.002,34.618,20.382,0.00
1786257205,bench_mixed,0.00,0.00,0.0,0.000,0.002,34.618,20.381,0.00
1786257210,bench_mixed,0.00,0.00,0.0,0.000,0.002,34.618,20.382,0.00
1786257216,bench_mixed,0.00,0.00,0.0,0.000,0.002,34.618,20.382,0.00
1786257221,bench_mixed,0.00,0.00,0.0,0.000,0.002,34.618,20.382,0.00
1786257226,bench_mixed,0.00,0.00,0.0,0.000,0.002,34.618,20.383,0.00
1786257231,bench_mixed,0.00,0.00,0.0,0.000,0.002,34.618,20.383,0.00
1786257236,bench_mixed,0.00,0.00,0.0,0.000,0.002,34.618,20.382,0.00
1786257241,bench_mixed,0.00,0.00,0.0,0.000,0.002,34.618,20.383,0.00
1786257246,bench_mixed,0.00,0.00,0.0,0.000,0.002,34.618,20.383,0.00
1786257251,bench_mixed,0.00,0.00,0.0,0.000,0.002,34.618,20.383,0.00
1786257256,bench_mixed,0.00,0.00,0.0,0.000,0.002,34.618,20.383,0.00
1786257261,bench_mixed,0.00,0.00,0.0,0.000,0.002,34.618,20.382,0.00
1786257266,bench_mixed,0.00,0.00,0.0,0.000,0.002,34.618,20.382,0.00
1786257271,bench_mixed,0.00,0.00,0.0,0.000,0.002,34.618,20.381,0.00
1786257276,bench_mixed,0.00,0.00,0.0,0.000,0.002,34.618,20.382,0.00
1786257281,bench_mixed,0.00,0.00,0.0,0.000,0.002,34.618,20.382,0.00
1786257286,bench_mixed,0.00,0.00,0.0,0.000,0.002,34.618,20.382,0.00
1786257291,bench_mixed,0.00,0.00,0.0,0.000,0.002,34.618,20.382,0.00
1786257296,bench_mixed,0.00,0.00,0.0,0.000,0.002,34.618,20.383,0.00
1786257301,bench_mixed,0.00,0.00,0.0,0.000,0.002,34.618,20.382,0.00
1786257306,bench_mixed,0.00,0.00,0.0,0.000,0.002,34.618,20.382,0.00
1786257311,bench_mixed,0.00,0.00,0.0,0.000,0.002,34.618,20.382,0.00
1786257317,bench_mixed,0.00,0.00,0.0,0.000,0.002,34.618,20.382,0.00
1786257322,bench_mixed,0.00,0.00,0.0,0.000,0.002,34.618,20.382,0.00
1786257327,bench_mixed,0.00,0.00,0.0,0.000,0.002,34.618,20.383,0.00
1786257332,bench_mixed,0.00,0.00,0.0,0.000,0.002,34.618,20.381,0.00
1786257337,bench_mixed,0.00,0.00,0.0,0.000,0.002,34.618,20.382,0.00
1786257342,bench_mixed,0.00,0.00,0.0,0.000,0.002,34.618,20.381,0.00
1786257347,bench_mixed,0.00,0.00,0.0,0.000,0.002,34.618,20.381,0.00
1786257352,bench_mixed,0.00,0.00,0.0,0.000,0.002,34.618,20.381,0.00
1786257357,bench_mixed,0.00,0.00,0.0,0.000,0.002,34.618,20.382,0.00
1786257362,bench_mixed,0.00,0.00,0.0,0.000,0.002,34.618,20.382,0.00
1786257367,bench_mixed,0.00,0.00,0.0,0.000,0.002,34.618,20.382,0.00
1786257372,bench_mixed,0.00,0.00,0.0,0.000,0.002,34.618,20.381,0.00
1786257377,bench_mixed,0.00,0.00,0.0,0.000,0.002,34.618,20.378,0.03
1786257382,bench_mixed,0.00,0.00,0.0,0.000,0.002,34.618,20.380,0.00
1786257387,bench_mixed,0.00,0.00,0.0,0.000,0.002,34.618,20.380,0.00
1786257392,bench_mixed,0.00,0.00,0.0,0.000,0.002,34.618,20.381,0.00
1786257397,bench_mixed,0.00,0.00,0.0,0.000,0.002,34.618,20.382,0.00
1786257402,bench_mixed,0.00,0.00,0.0,0.000,0.002,34.618,20.381,0.00
1786257407,bench_mixed,0.00,0.00,0.0,0.000,0.002,34.618,20.381,0.00
1786257413,bench_mixed,0.00,0.00,0.0,0.000,0.002,34.618,20.381,0.00
1786257418,bench_mixed,0.00,0.00,0.0,0.000,0.002,34.618,20.382,0.00
1786257423,bench_mixed,0.00,0.00,0.0,0.000,0.002,34.618,20.382,0.00
1786257428,bench_mixed,0.00,0.00,0.0,0.000,0.002,34.618,20.383,0.00
1786257433,bench_mixed,0.00,0.00,0.0,0.000,0.002,34.618,20.382,0.00
1786257438,bench_mixed,0.00,0.00,0.0,0.000,0.002,34.618,20.383,0.00
1786257443,bench_mixed,0.00,0.00,0.0,0.000,0.002,34.618,20.384,0.00
1786257448,bench_mixed,0.00,0.00,0.0,0.000,0.002,34.618,20.384,0.00
1786257453,bench_mixed,0.00,0.00,0.0,0.000,0.002,34.618,20.385,0.00
1786257458,bench_mixed,0.00,0.00,0.0,0.000,0.002,34.618,20.385,0.00
1786257463,bench_mixed,0.00,0.00,0.0,0.000,0.002,34.618,20.383,0.00
1786257468,bench_mixed,0.00,0.00,0.0,0.000,0.002,34.618,20.383,0.00
1786257473,bench_mixed,0.00,0.00,0.0,0.000,0.002,34.618,20.384,0.00
1786257478,bench_mixed,0.00,0.00,0.0,0.000,0.002,34.618,20.385,0.00
1786257483,bench_mixed,0.00,0.00,0.0,0.000,0.002,34.618,20.385,0.00
1786257488,bench_mixed,0.00,0.00,0.0,0.000,0.002,34.618,20.386,0.00
1786257493,bench_mixed,0.00,0.00,0.0,0.000,0.002,34.618,20.385,0.00
1786257498,bench_mixed,0.00,0.00,0.0,0.000,0.002,34.618,20.386,0.00
1786257503,bench_mixed,0.00,0.00,0.0,0.000,0.002,34.618,20.384,0.00
1786257509,bench_mixed,0.00,0.00,0.0,0.000,0.002,34.618,20.384,0.00
1786257514,bench_mixed,0.00,0.00,0.0,0.000,0.002,34.618,20.383,0.00
1786257519,bench_mixed,0.00,0.00,0.0,0.000,0.002,34.618,20.383,0.00
1786257524,bench_mixed,0.00,0.00,0.0,0.000,0.002,34.618,20.383,0.00
1786257529,bench_mixed,0.00,0.00,0.0,0.000,0.002,34.618,20.383,0.00
1786257534,bench_mixed,0.00,0.00,0.0,0.000,0.002,34.618,20.383,0.00
1786257539,bench_mixed,0.00,0.00,0.0,0.000,0.002,34.618,20.383,0.00
1786257544,bench_mixed,0.00,0.00,0.0,0.000,0.002,34.618,20.386,0.00
1786257549,bench_mixed,0.00,0.00,0.0,0.000,0.002,34.618,20.386,0.00
1786257554,bench_mixed,0.00,0.00,0.0,0.000,0.002,34.618,20.385,0.00
1786257559,bench_mixed,0.00,0.00,0.0,0.000,0.002,34.618,20.385,0.00
1786257564,bench_mixed,0.00,0.00,0.0,0.000,0.002,34.618,20.386,0.00
1786257569,bench_mixed,0.00,0.00,0.0,0.000,0.002,34.618,20.386,0.00
1786257574,bench_mixed,0.00,0.00,0.0,0.000,0.002,34.618,20.387,0.00
1786257579,bench_mixed,0.00,0.00,0.0,0.000,0.002,34.618,20.386,0.00
1786257584,bench_mixed,0.00,0.00,0.0,0.000,0.002,34.618,20.387,0.00
1786257589,bench_mixed,0.00,0.00,0.0,0.000,0.002,34.618,20.387,0.00
1786257594,bench_mixed,0.00,0.00,0.0,0.000,0.002,34.618,20.387,0.00
1786257599,bench_mixed,0.00,0.00,0.0,0.000,0.002,34.618,20.388,0.00
1786257605,bench_mixed,0.00,0.00,0.0,0.000,0.002,34.618,20.388,0.00
1786257610,bench_mixed,0.00,0.00,0.0,0.000,0.002,34.618,20.388,0.00
1786257615,bench_mixed,0.00,0.00,0.0,0.000,0.002,34.618,20.388,0.00
1786257620,bench_mixed,0.00,0.00,0.0,0.000,0.002,34.618,20.388,0.00
1786257625,bench_mixed,0.00,0.00,0.0,0.000,0.002,34.618,20.388,0.00
1786257630,bench_mixed,0.00,0.00,0.0,0.000,0.002,34.618,20.386,0.00
1786257635,bench_mixed,0.00,0.00,0.0,0.000,0.002,34.618,20.387,0.00
1786257640,bench_mixed,0.00,0.00,0.0,0.000,0.002,34.618,20.389,0.00
1786257645,bench_mixed,0.00,0.00,0.0,0.000,0.002,34.618,20.389,0.00
1786257650,bench_mixed,0.00,0.00,0.0,0.000,0.002,34.618,20.388,0.00
1786257655,bench_mixed,0.00,0.00,0.0,0.000,0.002,34.618,20.388,0.00
1786257660,bench_mixed,0.00,0.00,0.0,0.000,0.002,34.618,20.388,0.00
1786257665,bench_mixed,0.00,0.00,0.0,0.000,0.002,34.618,20.388,0.00
1786257670,bench_mixed,0.00,0.00,0.0,0.000,0.002,34.618,20.387,0.00
1786257675,bench_mixed,0.00,0.00,0.0,0.000,0.002,34.618,20.381,0.03
1786257680,bench_mixed,0.00,0.00,0.0,0.000,0.002,34.618,20.380,0.00
1786257685,bench_mixed,0.00,0.00,0.0,0.000,0.002,34.618,20.380,0.00
1786257690,bench_mixed,0.00,0.00,0.0,0.000,0.002,34.618,20.384,0.00
1786257695,bench_mixed,0.00,0.00,0.0,0.000,0.002,34.618,20.384,0.00
1786257701,bench_mixed,0.00,0.00,0.0,0.000,0.002,34.618,20.387,0.00
1786257706,bench_mixed,0.00,0.00,0.0,0.000,0.002,34.618,20.386,0.00
1786257711,bench_mixed,0.00,0.00,0.0,0.000,0.002,34.618,20.385,0.00
1786257716,bench_mixed,0.00,0.00,0.0,0.000,0.002,34.618,20.385,0.00
1786257721,bench_mixed,0.00,0.00,0.0,0.000,0.002,34.618,20.386,0.00
1786257726,bench_mixed,0.00,0.00,0.0,0.000,0.002,34.618,20.386,0.00
1786257731,bench_mixed,0.00,0.00,0.0,0.000,0.002,34.618,20.388,0.00
1786257736,bench_mixed,0.00,0.00,0.0,0.000,0.002,34.618,20.388,0.00
1786257741,bench_mixed,0.00,0.00,0.0,0.000,0.002,34.618,20.388,0.00
1786257746,bench_mixed,0.00,0.00,0.0,0.000,0.002,34.618,20.388,0.00
1786257751,bench_mixed,0.00,0.00,0.0,0.000,0.002,34.618,20.389,0.00
1786257756,bench_mixed,0.00,0.00,0.0,0.000,0.002,34.618,20.388,0.00
1786257761,bench_mixed,0.00,0.00,0.0,0.000,0.002,34.618,20.387,0.00
1786257766,bench_mixed,0.00,0.00,0.0,0.000,0.002,34.618,20.386,0.00
1786257771,bench_mixed,0.00,0.00,0.0,0.000,0.002,34.618,20.387,0.00
1786257776,bench_mixed,0.00,0.00,0.0,0.000,0.002,34.618,20.386,0.00
1786257781,bench_mixed,0.00,0.00,0.0,0.000,0.002,34.618,20.387,0.00
1786257786,bench_mixed,0.00,0.00,0.0,0.000,0.002,34.618,20.387,0.00
1786257791,bench_mixed,0.00,0.00,0.0,0.000,0.002,34.618,20.386,0.00
1786257797,bench_mixed,0.00,0.00,0.0,0.000,0.002,34.618,20.385,0.00
1786257802,bench_mixed,0.00,0.00,0.0,0.000,0.002,34.618,20.386,0.00
1786257807,bench_mixed,0.00,0.00,0.0,0.000,0.002,34.618,20.386,0.00
1786257812,bench_mixed,0.00,0.00,0.0,0.000,0.002,34.618,20.384,0.00
1786257817,bench_mixed,0.00,0.00,0.0,0.000,0.002,34.618,20.385,0.00
1786257822,bench_mixed,0.00,0.00,0.0,0.000,0.002,34.618,20.392,0.00
1786257827,bench_mixed,0.00,0.00,0.0,0.000,0.002,34.618,20.392,0.00
1786257832,bench_mixed,0.00,0.00,0.0,0.000,0.002,34.618,20.392,0.00
1786257837,bench_mixed,0.00,0.00,0.0,0.000,0.002,34.618,20.393,0.00
1786257842,bench_mixed,0.00,0.00,0.0,0.000,0.002,34.618,20.394,0.00
1786257847,bench_mixed,0.00,0.00,0.0,0.000,0.002,34.618,20.394,0.00
1786257852,bench_mixed,0.00,0.00,0.0,0.000,0.002,34.618,20.394,0.00
1786257857,bench_mixed,0.00,0.00,0.0,0.000,0.002,34.618,20.394,0.00
1786257862,bench_mixed,0.00,0.00,0.0,0.000,0.002,34.618,20.394,0.00
1786257867,bench_mixed,0.00,0.00,0.0,0.000,0.002,34.618,20.395,0.00
1786257872,bench_mixed,0.00,0.00,0.0,0.000,0.002,34.618,20.393,0.00
1786257877,bench_mixed,0.00,0.00,0.0,0.000,0.002,34.618,20.393,0.00
1786257882,bench_mixed,0.00,0.00,0.0,0.000,0.002,34.618,20.394,0.00
1786257887,bench_mixed,0.00,0.00,0.0,0.000,0.002,34.618,20.394,0.00
1786257893,bench_mixed,0.00,0.00,0.0,0.000,0.002,34.618,20.394,0.00
1786257898,bench_mixed,0.00,0.00,0.0,0.000,0.002,34.618,20.394,0.00
1786257903,bench_mixed,0.00,0.00,0.0,0.000,0.002,34.618,20.393,0.00
1786257908,bench_mixed,0.00,0.00,0.0,0.000,0.002,34.618,20.392,0.00
1786257913,bench_mixed,0.00,0.00,0.0,0.000,0.002,34.618,20.393,0.00
1786257918,bench_mixed,0.00,0.00,0.0,0.000,0.002,34.618,20.395,0.00
1786257923,bench_mixed,0.00,0.00,0.0,0.000,0.002,34.618,20.394,0.00
1786257928,bench_mixed,0.00,0.00,0.0,0.000,0.002,34.618,20.395,0.00
1786257933,bench_mixed,0.00,0.00,0.0,0.000,0.002,34.618,20.395,0.00
1786257938,bench_mixed,0.00,0.00,0.0,0.000,0.002,34.618,20.394,0.00
1786257943,bench_mixed,0.00,0.00,0.0,0.000,0.002,34.618,20.387,0.00
1786257948,bench_mixed,0.00,0.00,0.0,0.000,0.002,34.618,20.396,0.00
1786257953,bench_mixed,0.00,0.00,0.0,0.000,0.002,34.618,20.397,0.00
1786257958,bench_mixed,0.00,0.00,0.0,0.000,0.002,34.618,20.396,0.00
1786257963,bench_mixed,0.00,0.00,0.0,0.000,0.002,34.618,20.396,0.00
1786257968,bench_mixed,0.00,0.00,0.0,0.000,0.002,34.618,20.395,0.00
1786257973,bench_mixed,0.00,0.00,0.0,0.000,0.002,34.618,20.390,0.03
1786257978,bench_mixed,0.00,0.00,0.0,0.000,0.002,34.618,20.390,0.00
1786257983,bench_mixed,0.00,0.00,0.0,0.000,0.002,34.618,20.390,0.00
1786257989,bench_mixed,0.00,0.00,0.0,0.000,0.002,34.618,20.391,0.00
1786257994,bench_mixed,0.00,0.00,0.0,0.000,0.002,34.618,20.390,0.00
1786257999,bench_mixed,0.00,0.00,0.0,0.000,0.002,34.618,20.390,0.00
1786258004,bench_mixed,0.00,0.00,0.0,0.000,0.002,34.618,20.390,0.00
1786258009,bench_mixed,0.00,0.00,0.0,0.000,0.002,34.618,20.390,0.00
1786258014,bench_mixed,0.00,0.00,0.0,0.000,0.002,34.618,20.390,0.00
1786258019,bench_mixed,0.00,0.00,0.0,0.000,0.002,34.618,20.390,0.00
1786258024,bench_mixed,0.00,0.00,0.0,0.000,0.002,34.618,20.390,0.00
1786258029,bench_mixed,0.00,0.00,0.0,0.000,0.002,34.618,20.396,0.00
1786258034,bench_mixed,0.00,0.00,0.0,0.000,0.002,34.618,20.396,0.00
1786258039,bench_mixed,0.00,0.00,0.0,0.000,0.002,34.618,20.393,0.00
1786258044,bench_mixed,0.00,0.00,0.0,0.000,0.002,34.618,20.393,0.00
1786258049,bench_mixed,0.00,0.00,0.0,0.000,0.002,34.618,20.394,0.00
1786258054,bench_mixed,0.00,0.00,0.0,0.000,0.002,34.618,20.394,0.00
1786258059,bench_mixed,0.00,0.00,0.0,0.000,0.002,34.618,20.394,0.00
1786258064,bench_mixed,0.00,0.00,0.0,0.000,0.002,34.618,20.394,0.00
1786258069,bench_mixed,0.00,0.00,0.0,0.000,0.002,34.618,20.396,0.00
1786258074,bench_mixed,0.00,0.00,0.0,0.000,0.002,34.618,20.396,0.00
1786258079,bench_mixed,0.00,0.00,0.0,0.000,0.002,34.618,20.396,0.00
1786258085,bench_mixed,0.00,0.00,0.0,0.000,0.002,34.618,20.396,0.00
1786258090,bench_mixed,0.00,0.00,0.0,0.000,0.002,34.618,20.396,0.00
1786258095,bench_mixed,0.00,0.00,0.0,0.000,0.002,34.618,20.395,0.00
1786258100,bench_mixed,0.00,0.00,0.0,0.000,0.002,34.618,20.397,0.00
1786258105,bench_mixed,0.00,0.00,0.0,0.000,0.002,34.618,20.398,0.00
1786258110,bench_mixed,0.00,0.00,0.0,0.000,0.002,34.618,20.399,0.00
1786258115,bench_mixed,0.00,0.00,0.0,0.000,0.002,34.618,20.399,0.00
1786258120,bench_mixed,0.00,0.00,0.0,0.000,0.002,34.618,20.398,0.00
1786258125,bench_mixed,0.00,0.00,0.0,0.000,0.002,34.618,20.398,0.00
1786258130,bench_mixed,0.00,0.00,0.0,0.000,0.002,34.618,20.396,0.00
1786258135,bench_mixed,0.00,0.00,0.0,0.000,0.002,34.618,20.397,0.00
1786258140,bench_mixed,0.00,0.00,0.0,0.000,0.002,34.618,20.397,0.00
1786258145,bench_mixed,0.00,0.00,0.0,0.000,0.002,34.618,20.397,0.00
1786258150,bench_mixed,0.00,0.00,0.0,0.000,0.002,34.618,20.397,0.00
1786258155,bench_mixed,0.00,0.00,0.0,0.000,0.002,34.618,20.397,0.00
1786258160,bench_mixed,0.00,0.00,0.0,0.000,0.002,34.618,20.395,0.00
1786258165,bench_mixed,0.00,0.00,0.0,0.000,0.002,34.618,20.395,0.00
1786258170,bench_mixed,0.00,0.00,0.0,0.000,0.002,34.618,20.393,0.00
1786258175,bench_mixed,0.00,0.00,0.0,0.000,0.002,34.618,20.393,0.00
1786258181,bench_mixed,0.00,0.00,0.0,0.000,0.002,34.618,20.396,0.00
1786258186,bench_mixed,0.00,0.00,0.0,0.000,0.002,34.618,20.396,0.00
1786258191,bench_mixed,0.00,0.00,0.0,0.000,0.002,34.618,20.395,0.00
1786258196,bench_mixed,0.00,0.00,0.0,0.000,0.002,34.618,20.396,0.00
1786258201,bench_mixed,0.00,0.00,0.0,0.000,0.002,34.618,20.395,0.00
1786258206,bench_mixed,0.00,0.00,0.0,0.000,0.002,34.618,20.394,0.00
1786258211,bench_mixed,0.00,0.00,0.0,0.000,0.002,34.618,20.394,0.00
1786258216,bench_mixed,0.00,0.00,0.0,0.000,0.002,34.618,20.394,0.00
1786258221,bench_mixed,0.00,0.00,0.0,0.000,0.002,34.618,20.393,0.00
1786258226,bench_mixed,0.00,0.00,0.0,0.000,0.002,34.618,20.392,0.00
1786258231,bench_mixed,0.00,0.00,0.0,0.000,0.002,34.618,20.391,0.00
1786258236,bench_mixed,0.00,0.00,0.0,0.000,0.002,34.618,20.391,0.00
1786258241,bench_mixed,0.00,0.00,0.0,0.000,0.002,34.618,20.391,0.00
1786258246,bench_mixed,0.00,0.00,0.0,0.000,0.002,34.618,20.391,0.00
1786258251,bench_mixed,0.00,0.00,0.0,0.000,0.002,34.618,20.397,0.00
1786258256,bench_mixed,0.00,0.00,0.0,0.000,0.002,34.618,20.397,0.00
1786258261,bench_mixed,0.00,0.00,0.0,0.000,0.002,34.618,20.397,0.00
1786258266,bench_mixed,0.00,0.00,0.0,0.000,0.002,34.618,20.397,0.00
1786258271,bench_mixed,0.00,0.00,0.0,0.000,0.002,34.618,20.396,0.00
1786258277,bench_mixed,0.00,0.00,0.0,0.000,0.002,34.618,20.390,0.03
1786258282,bench_mixed,0.00,0.00,0.0,0.000,0.002,34.618,20.391,0.00
1786258287,bench_mixed,0.00,0.00,0.0,0.000,0.002,34.618,20.392,0.00
1786258292,bench_mixed,0.00,0.00,0.0,0.000,0.002,34.618,20.392,0.00
1786258297,bench_mixed,0.00,0.00,0.0,0.000,0.002,34.618,20.392,0.00
1786258302,bench_mixed,0.00,0.00,0.0,0.000,0.002,34.618,20.384,0.00
1786258307,bench_mixed,0.00,0.00,0.0,0.000,0.002,34.618,20.393,0.00
1786258312,bench_mixed,0.00,0.00,0.0,0.000,0.002,34.618,20.394,0.00
1786258317,bench_mixed,0.00,0.00,0.0,0.000,0.002,34.618,20.396,0.00
1786258322,bench_mixed,0.00,0.00,0.0,0.000,0.002,34.618,20.395,0.00
1786258327,bench_mixed,0.00,0.00,0.0,0.000,0.002,34.618,20.394,0.00
1786258332,bench_mixed,0.00,0.00,0.0,0.000,0.002,34.618,20.394,0.00
1786258337,bench_mixed,0.00,0.00,0.0,0.000,0.002,34.618,20.394,0.00
1786258342,bench_mixed,0.00,0.00,0.0,0.000,0.002,34.618,20.395,0.00
1786258347,bench_mixed,0.00,0.00,0.0,0.000,0.002,34.618,20.392,0.00
1786258352,bench_mixed,0.00,0.00,0.0,0.000,0.002,34.618,20.393,0.00
1786258357,bench_mixed,0.00,0.00,0.0,0.000,0.002,34.618,20.390,0.00
1786258362,bench_mixed,0.00,0.00,0.0,0.000,0.002,34.618,20.390,0.00
1786258367,bench_mixed,0.00,0.00,0.0,0.000,0.002,34.618,20.391,0.00
1786258373,bench_mixed,0.00,0.00,0.0,0.000,0.002,34.618,20.391,0.00
1786258378,bench_mixed,0.00,0.00,0.0,0.000,0.002,34.618,20.391,0.00
1786258383,bench_mixed,0.00,0.00,0.0,0.000,0.002,34.618,20.391,0.00
1786258388,bench_mixed,0.00,0.00,0.0,0.000,0.002,34.618,20.390,0.00
1786258393,bench_mixed,0.00,0.00,0.0,0.000,0.002,34.618,20.390,0.00
1786258398,bench_mixed,0.00,0.00,0.0,0.000,0.002,34.618,20.390,0.00
1786258403,bench_mixed,0.00,0.00,0.0,0.000,0.002,34.618,20.390,0.00
1786258408,bench_mixed,0.00,0.00,0.0,0.000,0.002,34.618,20.389,0.00
1786258413,bench_mixed,0.00,0.00,0.0,0.000,0.002,34.618,20.389,0.00
1786258418,bench_mixed,0.00,0.00,0.0,0.000,0.002,34.618,20.389,0.00
1786258423,bench_mixed,0.00,0.00,0.0,0.000,0.002,34.618,20.389,0.00
1786258428,bench_mixed,0.00,0.00,0.0,0.000,0.002,34.618,20.390,0.00
1786258433,bench_mixed,0.00,0.00,0.0,0.000,0.002,34.618,20.390,0.00
1786258438,bench_mixed,0.00,0.00,0.0,0.000,0.002,34.618,20.393,0.00
1786258443,bench_mixed,0.00,0.00,0.0,0.000,0.002,34.618,20.393,0.00
1786258448,bench_mixed,0.00,0.00,0.0,0.000,0.002,34.618,20.393,0.00
1786258453,bench_mixed,0.00,0.00,0.0,0.000,0.002,34.618,20.393,0.00
1786258458,bench_mixed,0.00,0.00,0.0,0.000,0.002,34.618,20.394,0.00
1786258463,bench_mixed,0.00,0.00,0.0,0.000,0.002,34.618,20.394,0.00
1786258469,bench_mixed,0.00,0.00,0.0,0.000,0.002,34.618,20.394,0.00
1786258474,bench_mixed,0.00,0.00,0.0,0.000,0.002,34.618,20.393,0.00
1786258479,bench_mixed,0.00,0.00,0.0,0.000,0.002,34.618,20.392,0.00
1786258484,bench_mixed,0.00,0.00,0.0,0.000,0.002,34.618,20.393,0.00
1786258489,bench_mixed,0.00,0.00,0.0,0.000,0.002,34.618,20.393,0.00
1786258494,bench_mixed,0.00,0.00,0.0,0.000,0.002,34.618,20.393,0.00
1786258499,bench_mixed,0.00,0.00,0.0,0.000,0.002,34.618,20.391,0.00
1786258504,bench_mixed,0.00,0.00,0.0,0.000,0.002,34.618,20.391,0.00
1786258509,bench_mixed,0.00,0.00,0.0,0.000,0.002,34.618,20.391,0.00
1786258514,bench_mixed,0.00,0.00,0.0,0.000,0.002,34.618,20.392,0.00
1786258519,bench_mixed,0.00,0.00,0.0,0.000,0.002,34.618,20.393,0.00
1786258524,bench_mixed,0.00,0.00,0.0,0.000,0.002,34.618,20.393,0.00
1786258529,bench_mixed,0.00,0.00,0.0,0.000,0.002,34.618,20.393,0.00
1786258534,bench_mixed,0.00,0.00,0.0,0.000,0.002,34.618,20.393,0.00
1786258539,bench_mixed,0.00,0.00,0.0,0.000,0.002,34.618,20.397,0.00
1786258544,bench_mixed,0.00,0.00,0.0,0.000,0.002,34.618,20.398,0.00
1786258549,bench_mixed,0.00,0.00,0.0,0.000,0.002,34.618,20.396,0.00
1786258554,bench_mixed,0.00,0.00,0.0,0.000,0.002,34.618,20.396,0.00
1786258559,bench_mixed,0.00,0.00,0.0,0.000,0.002,34.618,20.400,0.00
1786258565,bench_mixed,0.00,0.00,0.0,0.000,0.002,34.618,20.400,0.00
1786258570,bench_mixed,0.00,0.00,0.0,0.000,0.002,34.618,20.398,0.00
1786258575,bench_mixed,0.00,0.00,0.0,0.000,0.002,34.618,20.393,0.03
1786258580,bench_mixed,0.00,0.00,0.0,0.000,0.002,34.618,20.392,0.00
1786258585,bench_mixed,0.00,0.00,0.0,0.000,0.002,34.618,20.392,0.00
1786258590,bench_mixed,0.00,0.00,0.0,0.000,0.002,34.618,20.392,0.00
1786258595,bench_mixed,0.00,0.00,0.0,0.000,0.002,34.618,20.393,0.00
1786258600,bench_mixed,0.00,0.00,0.0,0.000,0.002,34.618,20.392,0.00
1786258605,bench_mixed,0.00,0.00,0.0,0.000,0.002,34.618,20.393,0.00
1786258610,bench_mixed,0.00,0.00,0.0,0.000,0.002,34.618,20.394,0.00
1786258615,bench_mixed,0.00,0.00,0.0,0.000,0.002,34.618,20.393,0.00
1786258620,bench_mixed,0.00,0.00,0.0,0.000,0.002,34.618,20.393,0.00
1786258625,bench_mixed,0.00,0.00,0.0,0.000,0.002,34.618,20.393,0.00
1786258630,bench_mixed,0.00,0.00,0.0,0.000,0.002,34.618,20.392,0.00
1786258635,bench_mixed,0.00,0.00,0.0,0.000,0.002,34.618,20.393,0.00
1786258640,bench_mixed,0.00,0.00,0.0,0.000,0.002,34.618,20.393,0.00
1786258645,bench_mixed,0.00,0.00,0.0,0.000,0.002,34.618,20.393,0.00
1786258650,bench_mixed,0.00,0.00,0.0,0.000,0.002,34.618,20.392,0.00
1786258655,bench_mixed,0.00,0.00,0.0,0.000,0.002,34.618,20.392,0.00
1786258660,bench_mixed,0.00,0.00,0.0,0.000,0.002,34.618,20.386,0.00
1786258666,bench_mixed,0.00,0.00,0.0,0.000,0.002,34.618,20.394,0.00
1786258671,bench_mixed,0.00,0.00,0.0,0.000,0.002,34.618,20.395,0.00
1786258676,bench_mixed,0.00,0.00,0.0,0.000,0.002,34.618,20.394,0.00
1786258681,bench_mixed,0.00,0.00,0.0,0.000,0.002,34.618,20.394,0.00
1786258686,bench_mixed,0.00,0.00,0.0,0.000,0.002,34.618,20.396,0.00
1786258691,bench_mixed,0.00,0.00,0.0,0.000,0.002,34.618,20.395,0.00
1786258696,bench_mixed,0.00,0.00,0.0,0.000,0.002,34.618,20.396,0.00
1786258701,bench_mixed,0.00,0.00,0.0,0.000,0.002,34.618,20.396,0.00
1786258706,bench_mixed,0.00,0.00,0.0,0.000,0.002,34.618,20.396,0.00
1786258711,bench_mixed,0.00,0.00,0.0,0.000,0.002,34.618,20.396,0.00
1786258716,bench_mixed,0.00,0.00,0.0,0.000,0.002,34.618,20.396,0.00
1786258721,bench_mixed,0.00,0.00,0.0,0.000,0.002,34.618,20.396,0.00
1786258726,bench_mixed,0.00,0.00,0.0,0.000,0.002,34.618,20.397,0.00
1786258731,bench_mixed,0.00,0.00,0.0,0.000,0.002,34.618,20.397,0.00
1786258736,bench_mixed,0.00,0.00,0.0,0.000,0.002,34.618,20.397,0.00
1786258741,bench_mixed,0.00,0.00,0.0,0.000,0.002,34.618,20.397,0.00
1786258746,bench_mixed,0.00,0.00,0.0,0.000,0.002,34.618,20.394,0.00
1786258751,bench_mixed,0.00,0.00,0.0,0.000,0.002,34.618,20.395,0.00
1786258756,bench_mixed,0.00,0.00,0.0,0.000,0.002,34.618,20.394,0.00
1786258762,bench_mixed,0.00,0.00,0.0,0.000,0.002,34.618,20.394,0.00
1786258767,bench_mixed,0.00,0.00,0.0,0.000,0.002,34.618,20.393,0.00
1786258772,bench_mixed,0.00,0.00,0.0,0.000,0.002,34.618,20.393,0.00
1786258777,bench_mixed,0.00,0.00,0.0,0.000,0.002,34.618,20.393,0.00
1786258782,bench_mixed,0.00,0.00,0.0,0.000,0.002,34.618,20.393,0.00
1786258787,bench_mixed,0.00,0.00,0.0,0.000,0.002,34.618,20.393,0.00
1786258792,bench_mixed,0.00,0.00,0.0,0.000,0.002,34.618,20.393,0.00
1786258797,bench_mixed,0.00,0.00,0.0,0.000,0.002,34.618,20.393,0.00
1786258802,bench_mixed,0.00,0.00,0.0,0.000,0.002,34.618,20.392,0.00
1786258807,bench_mixed,0.00,0.00,0.0,0.000,0.002,34.618,20.392,0.00
1786258812,bench_mixed,0.00,0.00,0.0,0.000,0.002,34.618,20.392,0.00
1786258817,bench_mixed,0.00,0.00,0.0,0.000,0.002,34.618,20.392,0.00
1786258822,bench_mixed,0.00,0.00,0.0,0.000,0.002,34.618,20.393,0.00
1786258827,bench_mixed,0.00,0.00,0.0,0.000,0.002,34.618,20.393,0.00
1786258832,bench_mixed,0.00,0.00,0.0,0.000,0.002,34.618,20.392,0.00
1786258837,bench_mixed,0.00,0.00,0.0,0.000,0.002,34.618,20.391,0.00
1786258842,bench_mixed,0.00,0.00,0.0,0.000,0.002,34.618,20.391,0.00
1786258847,bench_mixed,0.00,0.00,0.0,0.000,0.002,34.618,20.390,0.00
1786258852,bench_mixed,0.00,0.00,0.0,0.000,0.002,34.618,20.392,0.00
1786258858,bench_mixed,0.00,0.00,0.0,0.000,0.002,34.618,20.391,0.00
1786258863,bench_mixed,0.00,0.00,0.0,0.000,0.002,34.618,20.391,0.00
1786258868,bench_mixed,0.00,0.00,0.0,0.000,0.002,34.618,20.392,0.00
1786258873,bench_mixed,0.00,0.00,0.0,0.000,0.002,34.618,20.390,0.00
1786258878,bench_mixed,0.00,0.00,0.0,0.000,0.002,34.618,20.390,0.03
1786258883,bench_mixed,0.00,0.00,0.0,0.000,0.002,34.618,20.391,0.00
1786258888,bench_mixed,0.00,0.00,0.0,0.000,0.002,34.618,20.391,0.00
1786258893,bench_mixed,0.00,0.00,0.0,0.000,0.002,34.618,20.391,0.00
1786258898,bench_mixed,0.00,0.00,0.0,0.000,0.002,34.618,20.391,0.00
1786258903,bench_mixed,0.00,0.00,0.0,0.000,0.002,34.618,20.390,0.00
1786258908,bench_mixed,0.00,0.00,0.0,0.000,0.002,34.618,20.390,0.00
1786258913,bench_mixed,0.00,0.00,0.0,0.000,0.002,34.618,20.390,0.00
1786258918,bench_mixed,0.00,0.00,0.0,0.000,0.002,34.618,20.391,0.00
1786258923,bench_mixed,0.00,0.00,0.0,0.000,0.002,34.618,20.391,0.00
1786258928,bench_mixed,0.00,0.00,0.0,0.000,0.002,34.618,20.391,0.00
1786258933,bench_mixed,0.00,0.00,0.0,0.000,0.002,34.618,20.391,0.00
1786258938,bench_mixed,0.00,0.00,0.0,0.000,0.002,34.618,20.392,0.00
1786258943,bench_mixed,0.00,0.00,0.0,0.000,0.002,34.618,20.392,0.00
1786258948,bench_mixed,0.00,0.00,0.0,0.000,0.002,34.618,20.392,0.00
1786258954,bench_mixed,0.00,0.00,0.0,0.000,0.002,34.618,20.393,0.00
1786258959,bench_mixed,0.00,0.00,0.0,0.000,0.002,34.618,20.395,0.00
1786258964,bench_mixed,0.00,0.00,0.0,0.000,0.002,34.618,20.395,0.00
1786258969,bench_mixed,0.00,0.00,0.0,0.000,0.002,34.618,20.400,0.00
1786258974,bench_mixed,0.00,0.00,0.0,0.000,0.002,34.618,20.400,0.00
1786258979,bench_mixed,0.00,0.00,0.0,0.000,0.002,34.618,20.400,0.00
1786258984,bench_mixed,0.00,0.00,0.0,0.000,0.002,34.618,20.399,0.00
1786258989,bench_mixed,0.00,0.00,0.0,0.000,0.002,34.618,20.400,0.00
1786258994,bench_mixed,0.00,0.00,0.0,0.000,0.002,34.618,20.400,0.00
1786258999,bench_mixed,0.00,0.00,0.0,0.000,0.002,34.618,20.399,0.00
1786259004,bench_mixed,0.00,0.00,0.0,0.000,0.002,34.618,20.399,0.00
1786259009,bench_mixed,0.00,0.00,0.0,0.000,0.002,34.618,20.395,0.00
1786259014,bench_mixed,0.00,0.00,0.0,0.000,0.002,34.618,20.396,0.00
1786259019,bench_mixed,0.00,0.00,0.0,0.000,0.002,34.618,20.395,0.00
1786259024,bench_mixed,0.00,0.00,0.0,0.000,0.002,34.618,20.395,0.00
1786259029,bench_mixed,0.00,0.00,0.0,0.000,0.002,34.618,20.395,0.00
1786259034,bench_mixed,0.00,0.00,0.0,0.000,0.002,34.618,20.395,0.00
1786259039,bench_mixed,0.00,0.00,0.0,0.000,0.002,34.618,20.395,0.00
1786259044,bench_mixed,0.00,0.00,0.0,0.000,0.002,34.618,20.396,0.00
1786259050,bench_mixed,0.00,0.00,0.0,0.000,0.002,34.618,20.395,0.00
1786259055,bench_mixed,0.00,0.00,0.0,0.000,0.002,34.618,20.392,0.00
1786259060,bench_mixed,0.00,0.00,0.0,0.000,0.002,34.618,20.392,0.00
1786259065,bench_mixed,0.00,0.00,0.0,0.000,0.002,34.618,20.396,0.00
1786259070,bench_mixed,0.00,0.00,0.0,0.000,0.002,34.618,20.396,0.00
1786259075,bench_mixed,0.00,0.00,0.0,0.000,0.002,34.618,20.395,0.00
1786259080,bench_mixed,0.00,0.00,0.0,0.000,0.002,34.618,20.395,0.00
1786259085,bench_mixed,0.00,0.00,0.0,0.000,0.002,34.618,20.396,0.00
1786259090,bench_mixed,0.00,0.00,0.0,0.000,0.002,34.618,20.396,0.00
1786259095,bench_mixed,0.00,0.00,0.0,0.000,0.002,34.618,20.397,0.00
1786259100,bench_mixed,0.00,0.00,0.0,0.000,0.002,34.618,20.397,0.00
1786259105,bench_mixed,0.00,0.00,0.0,0.000,0.002,34.618,20.395,0.00
1786259110,bench_mixed,0.00,0.00,0.0,0.000,0.002,34.618,20.395,0.00
1786259115,bench_mixed,0.00,0.00,0.0,0.000,0.002,34.618,20.396,0.00
1786259120,bench_mixed,0.00,0.00,0.0,0.000,0.002,34.618,20.396,0.00
1786259125,bench_mixed,0.00,0.00,0.0,0.000,0.002,34.618,20.395,0.00
1786259130,bench_mixed,0.00,0.00,0.0,0.000,0.002,34.618,20.395,0.00
1786259135,bench_mixed,0.00,0.00,0.0,0.000,0.002,34.618,20.395,0.00
1786259140,bench_mixed,0.00,0.00,0.0,0.000,0.002,34.618,20.395,0.00
1786259146,bench_mixed,0.00,0.00,0.0,0.000,0.002,34.618,20.394,0.00
1786259151,bench_mixed,0.00,0.00,0.0,0.000,0.002,34.618,20.394,0.00
1786259156,bench_mixed,0.00,0.00,0.0,0.000,0.002,34.618,20.394,0.00
1786259161,bench_mixed,0.00,0.00,0.0,0.000,0.002,34.618,20.394,0.00
1786259166,bench_mixed,0.00,0.00,0.0,0.000,0.002,34.618,20.394,0.00
1786259171,bench_mixed,0.00,0.00,0.0,0.000,0.002,34.618,20.393,0.00
1786259176,bench_mixed,0.00,0.00,0.0,0.000,0.002,34.618,20.387,0.03
1786259181,bench_mixed,0.00,0.00,0.0,0.000,0.002,34.618,20.387,0.00
1786259186,bench_mixed,0.00,0.00,0.0,0.000,0.002,34.618,20.388,0.00
1786259191,bench_mixed,0.00,0.00,0.0,0.000,0.002,34.618,20.388,0.00
1786259196,bench_mixed,0.00,0.00,0.0,0.000,0.002,34.618,20.388,0.00
1786259201,bench_mixed,0.00,0.00,0.0,0.000,0.002,34.618,20.388,0.00
1786259206,bench_mixed,0.00,0.00,0.0,0.000,0.002,34.618,20.390,0.00
1786259211,bench_mixed,0.00,0.00,0.0,0.000,0.002,34.618,20.390,0.00
1786259216,bench_mixed,0.00,0.00,0.0,0.000,0.002,34.618,20.390,0.00
1786259221,bench_mixed,0.00,0.00,0.0,0.000,0.002,34.618,20.390,0.00
1786259226,bench_mixed,0.00,0.00,0.0,0.000,0.002,34.618,20.390,0.00
1786259231,bench_mixed,0.00,0.00,0.0,0.000,0.002,34.618,20.391,0.00
1786259236,bench_mixed,0.00,0.00,0.0,0.000,0.002,34.618,20.393,0.00
1786259242,bench_mixed,0.00,0.00,0.0,0.000,0.002,34.618,20.394,0.00
1786259247,bench_mixed,0.00,0.00,0.0,0.000,0.002,34.618,20.395,0.00
1786259252,bench_mixed,0.00,0.00,0.0,0.000,0.002,34.618,20.395,0.00
1786259257,bench_mixed,0.00,0.00,0.0,0.000,0.002,34.618,20.393,0.00
1786259262,bench_mixed,0.00,0.00,0.0,0.000,0.002,34.618,20.393,0.00
1786259267,bench_mixed,0.00,0.00,0.0,0.000,0.002,34.618,20.399,0.00
1786259272,bench_mixed,0.00,0.00,0.0,0.000,0.002,34.618,20.399,0.00
1786259277,bench_mixed,0.00,0.00,0.0,0.000,0.002,34.618,20.399,0.00
1786259282,bench_mixed,0.00,0.00,0.0,0.000,0.002,34.618,20.400,0.00
1786259287,bench_mixed,0.00,0.00,0.0,0.000,0.002,34.618,20.397,0.00
1786259292,bench_mixed,0.00,0.00,0.0,0.000,0.002,34.618,20.397,0.00
1786259297,bench_mixed,0.00,0.00,0.0,0.000,0.002,34.618,20.397,0.00
1786259302,bench_mixed,0.00,0.00,0.0,0.000,0.002,34.618,20.397,0.00
1786259307,bench_mixed,0.00,0.00,0.0,0.000,0.002,34.618,20.396,0.00
1786259312,bench_mixed,0.00,0.00,0.0,0.000,0.002,34.618,20.396,0.00
1786259317,bench_mixed,0.00,0.00,0.0,0.000,0.002,34.618,20.396,0.00
1786259322,bench_mixed,0.00,0.00,0.0,0.000,0.002,34.618,20.396,0.00
1786259327,bench_mixed,0.00,0.00,0.0,0.000,0.002,34.618,20.394,0.00
1786259332,bench_mixed,0.00,0.00,0.0,0.000,0.002,34.618,20.394,0.00
1786259337,bench_mixed,0.00,0.00,0.0,0.000,0.002,34.618,20.391,0.00
1786259343,bench_mixed,0.00,0.00,0.0,0.000,0.002,34.618,20.391,0.00
1786259348,bench_mixed,0.00,0.00,0.0,0.000,0.002,34.618,20.390,0.00
1786259353,bench_mixed,0.00,0.00,0.0,0.000,0.002,34.618,20.390,0.00
1786259358,bench_mixed,0.00,0.00,0.0,0.000,0.002,34.618,20.389,0.00
1786259363,bench_mixed,0.00,0.00,0.0,0.000,0.002,34.618,20.389,0.00
1786259368,bench_mixed,0.00,0.00,0.0,0.000,0.002,34.618,20.382,0.00
1786259373,bench_mixed,0.00,0.00,0.0,0.000,0.002,34.618,20.391,0.00
1786259378,bench_mixed,0.00,0.00,0.0,0.000,0.002,34.618,20.391,0.00
1786259383,bench_mixed,0.00,0.00,0.0,0.000,0.002,34.618,20.396,0.00
1786259388,bench_mixed,0.00,0.00,0.0,0.000,0.002,34.618,20.395,0.00
1786259393,bench_mixed,0.00,0.00,0.0,0.000,0.002,34.618,20.395,0.00
1786259398,bench_mixed,0.00,0.00,0.0,0.000,0.002,34.618,20.395,0.00
1786259403,bench_mixed,0.00,0.00,0.0,0.000,0.002,34.618,20.392,0.00
1786259408,bench_mixed,0.00,0.00,0.0,0.000,0.002,34.618,20.391,0.00
1786259413,bench_mixed,0.00,0.00,0.0,0.000,0.002,34.618,20.391,0.00
1786259418,bench_mixed,0.00,0.00,0.0,0.000,0.002,34.618,20.392,0.00
1786259423,bench_mixed,0.00,0.00,0.0,0.000,0.002,34.618,20.390,0.00
1786259428,bench_mixed,0.00,0.00,0.0,0.000,0.002,34.618,20.390,0.00
1786259433,bench_mixed,0.00,0.00,0.0,0.000,0.002,34.618,20.387,0.00
1786259439,bench_mixed,0.00,0.00,0.0,0.000,0.002,34.618,20.387,0.00
1786259444,bench_mixed,0.00,0.00,0.0,0.000,0.002,34.618,20.387,0.00
1786259449,bench_mixed,0.00,0.00,0.0,0.000,0.002,34.618,20.387,0.00
1786259454,bench_mixed,0.00,0.00,0.0,0.000,0.002,34.618,20.388,0.00
1786259459,bench_mixed,0.00,0.00,0.0,0.000,0.002,34.618,20.388,0.00
1786259464,bench_mixed,0.00,0.00,0.0,0.000,0.002,34.618,20.389,0.00
1786259469,bench_mixed,0.00,0.00,0.0,0.000,0.002,34.618,20.390,0.00
1786259474,bench_mixed,0.00,0.00,0.0,0.000,0.002,34.618,20.384,0.03
1786259479,bench_mixed,0.00,0.00,0.0,0.000,0.002,34.618,20.385,0.00
1786259484,bench_mixed,0.00,0.00,0.0,0.000,0.002,34.618,20.385,0.00
1786259489,bench_mixed,0.00,0.00,0.0,0.000,0.002,34.618,20.386,0.00
1786259494,bench_mixed,0.00,0.00,0.0,0.000,0.002,34.618,20.387,0.00
1786259499,bench_mixed,0.00,0.00,0.0,0.000,0.002,34.618,20.386,0.00
1786259504,bench_mixed,0.00,0.00,0.0,0.000,0.002,34.618,20.387,0.00
1786259509,bench_mixed,0.00,0.00,0.0,0.000,0.002,34.618,20.388,0.00
1786259514,bench_mixed,0.00,0.00,0.0,0.000,0.002,34.618,20.389,0.00
1786259519,bench_mixed,0.00,0.00,0.0,0.000,0.002,34.618,20.389,0.00
1786259524,bench_mixed,0.00,0.00,0.0,0.000,0.002,34.618,20.389,0.00
1786259529,bench_mixed,0.00,0.00,0.0,0.000,0.002,34.618,20.390,0.00
1786259535,bench_mixed,0.00,0.00,0.0,0.000,0.002,34.618,20.390,0.00
1786259540,bench_mixed,0.00,0.00,0.0,0.000,0.002,34.618,20.390,0.00
1786259545,bench_mixed,0.00,0.00,0.0,0.000,0.002,34.618,20.390,0.00
1786259550,bench_mixed,0.00,0.00,0.0,0.000,0.002,34.618,20.390,0.00
1786259555,bench_mixed,0.00,0.00,0.0,0.000,0.002,34.618,20.389,0.00
1786259560,bench_mixed,0.00,0.00,0.0,0.000,0.002,34.618,20.389,0.00
1786259565,bench_mixed,0.00,0.00,0.0,0.000,0.002,34.618,20.389,0.00
1786259570,bench_mixed,0.00,0.00,0.0,0.000,0.002,34.618,20.389,0.00
1786259575,bench_mixed,0.00,0.00,0.0,0.000,0.002,34.618,20.393,0.00
1786259580,bench_mixed,0.00,0.00,0.0,0.000,0.002,34.618,20.393,0.00
1786259585,bench_mixed,0.00,0.00,0.0,0.000,0.002,34.618,20.392,0.00
1786259590,bench_mixed,0.00,0.00,0.0,0.000,0.002,34.618,20.393,0.00
1786259595,bench_mixed,0.00,0.00,0.0,0.000,0.002,34.618,20.391,0.00
1786259600,bench_mixed,0.00,0.00,0.0,0.000,0.002,34.618,20.391,0.00
1786259605,bench_mixed,0.00,0.00,0.0,0.000,0.002,34.618,20.391,0.00
1786259610,bench_mixed,0.00,0.00,0.0,0.000,0.002,34.618,20.391,0.00
1786259615,bench_mixed,0.00,0.00,0.0,0.000,0.002,34.618,20.390,0.00
1786259620,bench_mixed,0.00,0.00,0.0,0.000,0.002,34.618,20.390,0.00
1786259625,bench_mixed,0.00,0.00,0.0,0.000,0.002,34.618,20.390,0.00
1786259631,bench_mixed,0.00,0.00,0.0,0.000,0.002,34.618,20.391,0.00
1786259636,bench_mixed,0.00,0.00,0.0,0.000,0.002,34.618,20.390,0.00
1786259641,bench_mixed,0.00,0.00,0.0,0.000,0.002,34.618,20.390,0.00
1786259646,bench_mixed,0.00,0.00,0.0,0.000,0.002,34.618,20.390,0.00
1786259651,bench_mixed,0.00,0.00,0.0,0.000,0.002,34.618,20.390,0.00
1786259656,bench_mixed,0.00,0.00,0.0,0.000,0.002,34.618,20.390,0.00
1786259661,bench_mixed,0.00,0.00,0.0,0.000,0.002,34.618,20.391,0.00
1786259666,bench_mixed,0.00,0.00,0.0,0.000,0.002,34.618,20.390,0.00
1786259671,bench_mixed,0.00,0.00,0.0,0.000,0.002,34.618,20.392,0.00
1786259676,bench_mixed,0.00,0.00,0.0,0.000,0.002,34.618,20.392,0.00
1786259681,bench_mixed,0.00,0.00,0.0,0.000,0.002,34.618,20.392,0.00
1786259686,bench_mixed,0.00,0.00,0.0,0.000,0.002,34.618,20.392,0.00
1786259691,bench_mixed,0.00,0.00,0.0,0.000,0.002,34.618,20.392,0.00
1786259696,bench_mixed,0.00,0.00,0.0,0.000,0.002,34.618,20.393,0.00
1786259701,bench_mixed,0.00,0.00,0.0,0.000,0.002,34.618,20.392,0.00
1786259706,bench_mixed,0.00,0.00,0.0,0.000,0.002,34.618,20.391,0.00
1786259711,bench_mixed,0.00,0.00,0.0,0.000,0.002,34.618,20.391,0.00
1786259716,bench_mixed,0.00,0.00,0.0,0.000,0.002,34.618,20.390,0.00
1786259721,bench_mixed,0.00,0.00,0.0,0.000,0.002,34.618,20.390,0.00
1786259727,bench_mixed,0.00,0.00,0.0,0.000,0.002,34.618,20.383,0.00
1786259732,bench_mixed,0.00,0.00,0.0,0.000,0.002,34.618,20.390,0.00
1786259737,bench_mixed,0.00,0.00,0.0,0.000,0.002,34.618,20.391,0.00
1786259742,bench_mixed,0.00,0.00,0.0,0.000,0.002,34.618,20.393,0.00
1786259747,bench_mixed,0.00,0.00,0.0,0.000,0.002,34.618,20.394,0.00
1786259752,bench_mixed,0.00,0.00,0.0,0.000,0.002,34.618,20.393,0.00
1786259757,bench_mixed,0.00,0.00,0.0,0.000,0.002,34.618,20.393,0.00
1786259762,bench_mixed,0.00,0.00,0.0,0.000,0.002,34.618,20.393,0.00
1786259767,bench_mixed,0.00,0.00,0.0,0.000,0.002,34.618,20.393,0.00
1786259772,bench_mixed,0.00,0.00,0.0,0.000,0.002,34.618,20.393,0.00
1786259777,bench_mixed,0.00,0.00,0.0,0.000,0.002,34.618,20.387,0.03
1786259782,bench_mixed,0.00,0.00,0.0,0.000,0.002,34.618,20.387,0.00
1786259787,bench_mixed,0.00,0.00,0.0,0.000,0.002,34.618,20.389,0.00
1786259792,bench_mixed,0.00,0.00,0.0,0.000,0.002,34.618,20.389,0.00
1786259797,bench_mixed,0.00,0.00,0.0,0.000,0.002,34.618,20.390,0.00
1786259802,bench_mixed,0.00,0.00,0.0,0.000,0.002,34.618,20.391,0.00
1786259807,bench_mixed,0.00,0.00,0.0,0.000,0.002,34.618,20.390,0.00
1786259812,bench_mixed,0.00,0.00,0.0,0.000,0.002,34.618,20.392,0.00
1786259817,bench_mixed,0.00,0.00,0.0,0.000,0.002,34.618,20.391,0.00
1786259823,bench_mixed,0.00,0.00,0.0,0.000,0.002,34.618,20.391,0.00
1786259828,bench_mixed,0.00,0.00,0.0,0.000,0.002,34.618,20.391,0.00
1786259833,bench_mixed,0.00,0.00,0.0,0.000,0.002,34.618,20.393,0.00
1786259838,bench_mixed,0.00,0.00,0.0,0.000,0.002,34.618,20.393,0.00
1786259843,bench_mixed,0.00,0.00,0.0,0.000,0.002,34.618,20.394,0.00
1786259848,bench_mixed,0.00,0.00,0.0,0.000,0.002,34.618,20.394,0.00
1786259853,bench_mixed,0.00,0.00,0.0,0.000,0.002,34.618,20.394,0.00
1786259858,bench_mixed,0.00,0.00,0.0,0.000,0.002,34.618,20.394,0.00
1786259863,bench_mixed,0.00,0.00,0.0,0.000,0.002,34.618,20.394,0.00
1786259868,bench_mixed,0.00,0.00,0.0,0.000,0.002,34.618,20.394,0.00
1786259873,bench_mixed,0.00,0.00,0.0,0.000,0.002,34.618,20.394,0.00
1786259878,bench_mixed,0.00,0.00,0.0,0.000,0.002,34.618,20.394,0.00
1786259883,bench_mixed,0.00,0.00,0.0,0.000,0.002,34.618,20.394,0.00
1786259888,bench_mixed,0.00,0.00,0.0,0.000,0.002,34.618,20.394,0.00
1786259893,bench_mixed,0.00,0.00,0.0,0.000,0.002,34.618,20.395,0.00
1786259898,bench_mixed,0.00,0.00,0.0,0.000,0.002,34.618,20.394,0.00
1786259903,bench_mixed,0.00,0.00,0.0,0.000,0.002,34.618,20.394,0.00
1786259908,bench_mixed,0.00,0.00,0.0,0.000,0.002,34.618,20.394,0.00
1786259913,bench_mixed,0.00,0.00,0.0,0.000,0.002,34.618,20.393,0.00
1786259919,bench_mixed,0.00,0.00,0.0,0.000,0.002,34.618,20.393,0.00
1786259924,bench_mixed,0.00,0.00,0.0,0.000,0.002,34.618,20.392,0.00
1786259929,bench_mixed,0.00,0.00,0.0,0.000,0.002,34.618,20.393,0.00
1786259934,bench_mixed,0.00,0.00,0.0,0.000,0.002,34.618,20.391,0.00
1786259939,bench_mixed,0.00,0.00,0.0,0.000,0.002,34.618,20.391,0.00
1786259944,bench_mixed,0.00,0.00,0.0,0.000,0.002,34.618,20.391,0.00
1786259949,bench_mixed,0.00,0.00,0.0,0.000,0.002,34.618,20.390,0.00
1786259954,bench_mixed,0.00,0.00,0.0,0.000,0.002,34.618,20.390,0.00
1786259959,bench_mixed,0.00,0.00,0.0,0.000,0.002,34.618,20.391,0.00
1786259964,bench_mixed,0.00,0.00,0.0,0.000,0.002,34.618,20.391,0.00
1786259969,bench_mixed,0.00,0.00,0.0,0.000,0.002,34.618,20.392,0.00
1786259974,bench_mixed,0.00,0.00,0.0,0.000,0.002,34.618,20.390,0.00
1786259979,bench_mixed,0.00,0.00,0.0,0.000,0.002,34.618,20.392,0.00
1786259984,bench_mixed,0.00,0.00,0.0,0.000,0.002,34.618,20.395,0.00
1786259989,bench_mixed,0.00,0.00,0.0,0.000,0.002,34.618,20.395,0.00
1786259994,bench_mixed,0.00,0.00,0.0,0.000,0.002,34.618,20.394,0.00
1786259999,bench_mixed,0.00,0.00,0.0,0.000,0.002,34.618,20.393,0.00
1786260004,bench_mixed,0.00,0.00,0.0,0.000,0.002,34.618,20.393,0.00
1786260009,bench_mixed,0.00,0.00,0.0,0.000,0.002,34.618,20.392,0.00
1786260014,bench_mixed,0.00,0.00,0.0,0.000,0.002,34.618,20.392,0.00
1786260020,bench_mixed,0.00,0.00,0.0,0.000,0.002,34.618,20.393,0.00
1786260025,bench_mixed,0.00,0.00,0.0,0.000,0.002,34.618,20.393,0.00
1786260030,bench_mixed,0.00,0.00,0.0,0.000,0.002,34.618,20.394,0.00
1786260035,bench_mixed,0.00,0.00,0.0,0.000,0.002,34.618,20.395,0.00
1786260040,bench_mixed,0.00,0.00,0.0,0.000,0.002,34.618,20.396,0.00
1786260045,bench_mixed,0.00,0.00,0.0,0.000,0.002,34.618,20.394,0.00
1786260050,bench_mixed,0.00,0.00,0.0,0.000,0.002,34.618,20.394,0.00
1786260055,bench_mixed,0.00,0.00,0.0,0.000,0.002,34.618,20.394,0.00
1786260060,bench_mixed,0.00,0.00,0.0,0.000,0.002,34.618,20.395,0.00
