ts,phase,nvme_rd_mb_s,nvme_wr_mb_s,nvme_active_pct,cte_file_tier_gb,devshm_used_gb,clio_rss_gb,mem_avail_gb,nfs_rd_mb_s
1786338361,setup,0.01,0.00,0.1,0.000,0.000,0.000,44.896,0.01
1786338366,ingest,0.00,0.00,0.3,0.000,0.000,0.315,44.398,26.54
1786338371,ingest,0.00,0.00,0.0,0.000,0.000,0.316,44.401,0.00
1786338377,ingest,0.00,0.00,0.0,0.000,0.000,0.316,44.401,0.00
1786338382,ingest,0.00,0.00,0.0,0.000,0.000,0.316,44.402,0.00
1786338387,ingest,0.00,0.00,0.0,0.000,0.000,0.316,44.403,0.00
1786338392,ingest,0.00,0.00,0.0,0.000,0.000,0.504,44.217,0.00
1786338397,ingest,0.00,0.01,0.1,0.000,0.000,0.526,44.200,0.00
1786338402,ingest,0.00,0.00,0.0,0.000,0.000,0.677,44.044,0.00
1786338407,ingest,0.00,0.00,0.0,0.000,0.000,0.744,43.979,0.00
1786338412,ingest,0.00,0.00,0.0,0.000,0.000,0.870,43.854,0.00
1786338417,ingest,0.00,0.00,0.0,0.000,0.000,0.934,43.790,0.00
1786338422,ingest,0.00,0.00,0.0,0.000,0.000,0.999,43.727,0.00
1786338427,ingest,0.00,0.01,0.1,0.000,0.000,1.127,43.599,0.00
1786338432,ingest,0.00,0.00,0.0,0.000,0.000,1.195,43.532,0.00
1786338437,ingest,0.00,0.00,0.0,0.000,0.000,1.324,43.410,0.00
1786338442,ingest,0.00,0.00,0.0,0.000,0.000,1.388,43.345,0.00
1786338447,ingest,0.00,0.00,0.0,0.000,0.000,1.451,43.284,0.00
1786338452,ingest,0.00,0.00,0.0,0.000,0.000,1.578,43.159,0.00
1786338457,ingest,0.00,0.00,0.0,0.000,0.000,1.651,43.085,0.00
1786338462,ingest,0.00,0.00,0.1,0.000,0.000,1.769,42.967,0.00
1786338467,ingest,0.00,0.00,0.0,0.000,0.000,1.833,42.901,0.00
1786338473,ingest,0.00,0.00,0.0,0.000,0.000,1.895,42.837,0.00
1786338478,ingest,0.00,0.00,0.0,0.000,0.000,2.020,42.713,0.00
1786338483,ingest,0.00,0.00,0.0,0.000,0.000,2.083,42.649,0.00
1786338488,ingest,0.00,0.00,0.0,0.000,0.000,2.276,42.452,0.00
1786338493,ingest,0.00,0.00,0.1,0.000,0.000,2.401,42.326,0.00
1786338498,ingest,0.00,0.00,0.0,0.000,0.000,2.527,42.200,0.00
1786338503,ingest,0.00,0.00,0.0,0.000,0.000,2.590,42.130,0.00
1786338508,ingest,0.00,0.00,0.0,0.000,0.000,2.715,42.009,0.00
1786338513,ingest,0.00,0.00,0.0,0.000,0.000,2.844,41.879,0.00
1786338518,ingest,0.00,0.00,0.0,0.000,0.000,2.975,41.747,0.00
1786338523,ingest,0.00,0.00,0.0,0.000,0.000,3.113,41.607,0.00
1786338528,ingest,0.00,0.00,0.0,0.000,0.000,3.179,41.545,0.00
1786338533,ingest,0.00,0.00,0.0,0.000,0.000,3.285,41.437,0.00
1786338538,ingest,0.00,0.00,0.0,0.000,0.000,3.367,41.354,0.00
1786338543,ingest,0.00,0.00,0.0,0.000,0.000,3.492,41.215,0.00
1786338548,ingest,0.00,0.00,0.0,0.000,0.000,3.772,40.941,0.00
1786338553,ingest,0.00,0.00,0.0,0.000,0.000,3.897,40.813,0.00
1786338558,ingest,0.00,0.00,0.0,0.000,0.000,4.022,40.688,0.00
1786338564,ingest,0.00,0.00,0.0,0.000,0.000,4.098,40.608,0.00
1786338569,ingest,0.00,0.00,0.0,0.000,0.000,4.272,40.430,0.00
1786338574,ingest,0.00,0.00,0.0,0.000,0.000,4.335,40.371,0.00
1786338579,ingest,0.00,0.00,0.0,0.000,0.000,4.460,40.247,0.00
1786338584,ingest,0.00,0.00,0.0,0.000,0.000,4.523,40.182,0.00
1786338589,ingest,0.00,0.00,0.0,0.000,0.000,4.585,40.119,0.00
1786338594,ingest,0.00,0.00,0.0,0.000,0.000,4.648,40.056,0.00
1786338599,ingest,0.00,0.00,0.0,0.000,0.000,4.711,39.981,0.00
1786338604,ingest,0.00,0.00,0.0,0.000,0.000,4.779,39.912,0.00
1786338609,ingest,0.00,0.00,0.0,0.000,0.000,4.842,39.847,0.00
1786338614,ingest,0.00,0.00,0.0,0.000,0.000,4.905,39.784,0.00
1786338619,ingest,0.00,0.00,0.0,0.000,0.000,5.030,39.660,0.00
1786338624,ingest,0.00,0.00,0.0,0.000,0.000,5.092,39.599,0.00
1786338629,ingest,0.00,0.00,0.0,0.000,0.000,5.217,39.473,0.00
1786338634,ingest,0.00,0.00,0.0,0.000,0.000,5.343,39.346,0.00
1786338639,ingest,0.00,0.00,0.0,0.000,0.000,5.405,39.282,0.00
1786338644,ingest,0.00,0.00,0.0,0.000,0.000,5.468,39.221,0.00
1786338649,ingest,0.00,0.00,0.0,0.000,0.000,5.612,39.078,0.00
1786338655,ingest,0.00,0.00,0.0,0.000,0.000,5.718,38.971,0.00
1786338660,ingest,0.00,0.00,0.0,0.000,0.000,5.905,38.780,0.00
1786338665,ingest,0.00,0.00,0.0,0.000,0.000,5.968,38.704,0.04
1786338670,ingest,0.00,0.00,0.0,0.000,0.000,6.093,38.580,0.02
1786338675,ingest,0.00,0.00,0.0,0.000,0.000,6.218,38.455,0.00
1786338680,ingest,0.00,0.00,0.0,0.000,0.000,6.344,38.332,0.00
1786338685,ingest,0.00,0.00,0.0,0.000,0.000,6.406,38.270,0.00
1786338690,ingest,0.00,0.00,0.0,0.000,0.000,6.468,38.210,0.00
1786338695,ingest,0.00,0.00,0.0,0.000,0.000,6.594,38.084,0.00
1786338700,ingest,0.00,0.00,0.0,0.000,0.000,6.719,37.960,0.00
1786338705,ingest,0.00,0.00,0.0,0.000,0.000,6.844,37.832,0.00
1786338710,ingest,0.00,0.00,0.0,0.000,0.000,6.907,37.772,0.00
1786338715,ingest,0.00,0.00,0.0,0.000,0.000,7.032,37.646,0.00
1786338720,ingest,0.00,0.00,0.0,0.000,0.000,7.184,37.491,0.00
1786338725,ingest,0.00,0.00,0.0,0.000,0.000,7.284,37.393,0.00
1786338730,ingest,0.00,0.00,0.0,0.000,0.000,7.346,37.327,0.00
1786338735,ingest,0.00,0.00,0.0,0.000,0.000,7.480,37.190,0.00
1786338740,ingest,0.00,0.00,0.0,0.000,0.000,7.607,37.067,0.00
1786338745,ingest,0.00,0.00,0.0,0.000,0.000,7.670,37.005,0.00
1786338751,ingest,0.00,0.00,0.0,0.000,0.000,7.795,36.877,0.00
1786338756,ingest,0.00,0.00,0.0,0.000,0.000,7.920,36.750,0.00
1786338761,ingest,0.00,0.00,0.0,0.000,0.000,7.989,36.678,0.00
1786338766,ingest,0.00,0.00,0.0,0.000,0.000,8.114,36.554,0.00
1786338771,ingest,0.00,0.00,0.0,0.000,0.000,8.241,36.427,0.00
1786338776,ingest,0.00,0.00,0.0,0.000,0.000,8.303,36.365,0.00
1786338781,ingest,0.00,0.00,0.0,0.000,0.000,8.367,36.300,0.00
1786338786,ingest,0.00,0.00,0.0,0.000,0.000,8.493,36.175,0.00
1786338791,ingest,0.00,0.00,0.0,0.000,0.000,8.556,36.111,0.00
1786338796,ingest,0.00,0.00,0.0,0.000,0.000,8.618,36.049,0.00
1786338801,ingest,0.00,0.00,0.0,0.000,0.000,8.681,35.986,0.00
1786338806,ingest,0.00,0.00,0.0,0.000,0.000,8.806,35.860,0.00
1786338811,ingest,0.00,0.00,0.0,0.000,0.000,8.868,35.799,0.00
1786338816,ingest,0.00,0.00,0.0,0.000,0.000,9.002,35.664,0.00
1786338821,ingest,0.00,0.00,0.0,0.000,0.000,9.066,35.599,0.00
1786338826,ingest,0.00,0.00,0.0,0.000,0.000,9.253,35.411,0.00
1786338831,ingest,0.00,0.00,0.0,0.000,0.000,9.316,35.345,0.00
1786338836,ingest,0.00,0.00,0.0,0.000,0.000,9.441,35.219,0.00
1786338842,ingest,0.00,0.00,0.0,0.000,0.000,9.566,35.094,0.00
1786338847,ingest,0.00,0.00,0.0,0.000,0.000,9.629,35.030,0.00
1786338852,ingest,0.00,0.00,0.0,0.000,0.000,9.691,34.967,0.00
1786338857,ingest,0.00,0.00,0.0,0.000,0.000,9.754,34.906,0.00
1786338862,ingest,0.00,0.00,0.0,0.000,0.000,9.941,34.714,0.00
1786338867,ingest,0.00,0.00,0.0,0.000,0.000,10.067,34.591,0.00
1786338872,ingest,0.00,0.00,0.0,0.000,0.000,10.129,34.527,0.00
1786338877,ingest,0.00,0.00,0.0,0.000,0.000,10.254,34.401,0.00
1786338882,ingest,0.00,0.00,0.0,0.000,0.000,10.317,34.333,0.00
1786338887,ingest,0.00,0.00,0.0,0.000,0.000,10.442,34.208,0.00
1786338892,ingest,0.00,0.00,0.0,0.000,0.000,10.504,34.145,0.00
1786338897,ingest,0.00,0.00,0.0,0.000,0.000,10.567,34.082,0.00
1786338902,ingest,0.00,0.00,0.0,0.000,0.000,10.692,33.957,0.00
1786338907,ingest,0.00,0.00,0.0,0.000,0.000,10.817,33.830,0.00
1786338912,ingest,0.00,0.00,0.0,0.000,0.000,10.880,33.768,0.00
1786338917,ingest,0.00,0.00,0.0,0.000,0.000,11.133,33.509,0.00
1786338922,ingest,0.00,0.00,0.0,0.000,0.000,11.195,33.451,0.00
1786338927,ingest,0.00,0.00,0.0,0.000,0.000,11.325,33.319,0.00
1786338932,ingest,0.00,0.00,0.0,0.000,0.000,11.390,33.257,0.00
1786338938,ingest,0.00,0.00,0.0,0.000,0.000,11.452,33.193,0.00
1786338943,ingest,0.00,0.00,0.0,0.000,0.000,11.515,33.132,0.00
1786338948,ingest,0.00,0.00,0.0,0.000,0.000,11.577,33.068,0.00
1786338953,ingest,0.00,0.00,0.0,0.000,0.000,11.702,32.942,0.00
1786338958,ingest,0.00,0.00,0.0,0.000,0.000,11.827,32.818,0.00
1786338963,ingest,0.00,0.00,0.0,0.000,0.000,11.890,32.754,0.00
1786338968,ingest,0.00,0.00,0.0,0.000,0.000,12.015,32.611,0.06
1786338973,ingest,0.00,0.00,0.0,0.000,0.000,12.078,32.549,0.00
1786338978,ingest,0.00,0.00,0.0,0.000,0.000,12.140,32.486,0.00
1786338983,ingest,0.00,0.00,0.0,0.000,0.000,12.265,32.359,0.00
1786338988,ingest,0.00,0.00,0.0,0.000,0.000,12.328,32.298,0.00
1786338993,ingest,0.00,0.00,0.0,0.000,0.000,12.390,32.236,0.00
1786338998,ingest,0.00,0.00,0.0,0.000,0.000,12.453,32.172,0.00
1786339003,ingest,0.00,0.00,0.0,0.000,0.000,12.640,31.984,0.00
1786339008,ingest,0.00,0.00,0.0,0.000,0.000,12.703,31.923,0.00
1786339013,ingest,0.00,0.00,0.0,0.000,0.000,12.766,31.860,0.00
1786339018,ingest,0.00,0.00,0.0,0.000,0.000,12.828,31.797,0.00
1786339023,ingest,0.00,0.00,0.0,0.000,0.000,12.891,31.733,0.00
1786339028,ingest,0.00,0.00,0.0,0.000,0.000,13.016,31.606,0.00
1786339034,ingest,0.00,0.00,0.0,0.000,0.000,13.141,31.481,0.00
1786339039,ingest,0.00,0.00,0.0,0.000,0.000,13.266,31.353,0.00
1786339044,ingest,0.00,0.00,0.0,0.000,0.000,13.391,31.227,0.00
1786339049,ingest,0.00,0.00,0.0,0.000,0.000,13.454,31.163,0.00
1786339054,ingest,0.00,0.00,0.0,0.000,0.000,13.579,31.037,0.00
1786339059,ingest,0.00,0.00,0.0,0.000,0.000,13.641,30.973,0.00
1786339064,ingest,0.00,0.00,0.0,0.000,0.000,13.704,30.909,0.00
1786339069,ingest,0.00,0.00,0.0,0.000,0.000,13.829,30.780,0.00
1786339074,ingest,0.00,0.00,0.0,0.000,0.000,13.891,30.717,0.00
1786339079,ingest,0.00,0.00,0.0,0.000,0.000,13.954,30.654,0.00
1786339084,ingest,0.00,0.00,0.0,0.000,0.000,14.079,30.527,0.00
1786339089,ingest,0.00,0.00,0.0,0.000,0.000,14.142,30.462,0.00
1786339094,ingest,0.00,0.00,0.0,0.000,0.000,14.267,30.335,0.00
1786339099,ingest,0.00,0.00,0.0,0.000,0.000,14.329,30.272,0.00
1786339104,ingest,0.00,0.00,0.0,0.000,0.000,14.392,30.210,0.00
1786339109,ingest,0.00,0.00,0.0,0.000,0.000,14.517,30.086,0.00
1786339114,ingest,0.00,0.00,0.0,0.000,0.000,14.580,30.021,0.00
1786339119,ingest,0.00,0.00,0.0,0.000,0.000,14.642,29.955,0.00
1786339125,ingest,0.00,0.00,0.0,0.000,0.000,14.767,29.828,0.00
1786339130,ingest,0.00,0.00,0.0,0.000,0.000,14.767,29.830,0.00
1786339135,ingest,0.00,0.00,0.0,0.000,0.000,14.893,29.705,0.00
1786339140,ingest,0.00,0.00,0.0,0.000,0.000,14.955,29.641,0.00
1786339145,ingest,0.00,0.00,0.0,0.000,0.000,15.018,29.578,0.00
1786339150,ingest,0.00,0.00,0.0,0.000,0.000,15.143,29.451,0.00
1786339155,ingest,0.00,0.00,0.0,0.000,0.000,15.205,29.388,0.00
1786339160,ingest,0.00,0.00,0.0,0.000,0.000,15.268,29.326,0.00
1786339165,ingest,0.00,0.00,0.0,0.000,0.000,15.393,29.199,0.00
1786339170,ingest,0.00,0.00,0.0,0.000,0.000,15.518,29.072,0.00
1786339175,ingest,0.00,0.00,0.0,0.000,0.000,15.581,29.009,0.00
1786339180,ingest,0.00,0.00,0.0,0.000,0.000,15.643,28.947,0.00
1786339185,ingest,0.00,0.00,0.0,0.000,0.000,15.768,28.821,0.00
1786339190,ingest,0.00,0.00,0.0,0.000,0.000,15.831,28.757,0.00
1786339195,ingest,0.00,0.00,0.0,0.000,0.000,15.894,28.693,0.00
1786339200,ingest,0.00,0.00,0.0,0.000,0.000,15.956,28.635,0.00
1786339205,ingest,0.00,0.00,0.0,0.000,0.000,16.081,28.510,0.00
1786339210,ingest,0.00,0.00,0.0,0.000,0.000,16.269,28.320,0.00
1786339215,ingest,0.00,0.00,0.0,0.000,0.000,16.331,28.259,0.00
1786339221,ingest,0.00,0.00,0.0,0.000,0.000,16.394,28.194,0.00
1786339226,ingest,0.00,0.00,0.0,0.000,0.000,16.457,28.130,0.00
1786339231,ingest,0.00,0.00,0.0,0.000,0.000,16.582,28.003,0.00
1786339236,ingest,0.00,0.00,0.0,0.000,0.000,16.707,27.877,0.00
1786339241,ingest,0.00,0.00,0.0,0.000,0.000,16.769,27.815,0.00
1786339246,ingest,0.00,0.00,0.0,0.000,0.000,16.832,27.749,0.00
1786339251,ingest,0.00,0.00,0.0,0.000,0.000,17.019,27.559,0.00
1786339256,ingest,0.00,0.00,0.0,0.000,0.000,17.082,27.495,0.00
1786339261,ingest,0.00,0.00,0.0,0.000,0.000,17.207,27.367,0.00
1786339266,ingest,0.00,0.00,0.0,0.000,0.000,17.332,27.227,0.05
1786339271,ingest,0.00,0.00,0.0,0.000,0.000,17.395,27.165,0.01
1786339276,ingest,0.00,0.00,0.0,0.000,0.000,17.520,27.044,0.00
1786339281,ingest,0.00,0.00,0.0,0.000,0.000,17.582,26.982,0.00
1786339286,ingest,0.00,0.00,0.0,0.000,0.000,17.707,26.858,0.00
1786339291,ingest,0.00,0.00,0.0,0.000,0.000,17.833,26.730,0.00
1786339296,ingest,0.00,0.00,0.0,0.000,0.000,17.958,26.605,0.00
1786339301,ingest,0.00,0.00,0.0,0.000,0.000,17.958,26.605,0.00
1786339306,ingest,0.00,0.00,0.0,0.000,0.000,18.020,26.543,0.00
1786339311,ingest,0.00,0.00,0.0,0.000,0.000,18.083,26.480,0.00
1786339317,ingest,0.00,0.00,0.0,0.000,0.000,18.208,26.355,0.00
1786339322,ingest,0.00,0.00,0.0,0.000,0.000,18.271,26.293,0.00
1786339327,ingest,0.00,0.00,0.0,0.000,0.000,18.396,26.166,0.00
1786339332,ingest,0.00,0.00,0.0,0.000,0.000,18.521,26.040,0.00
1786339337,ingest,0.00,0.00,0.0,0.000,0.000,18.583,25.978,0.00
1786339342,ingest,0.00,0.00,0.0,0.000,0.000,18.646,25.915,0.00
1786339347,ingest,0.00,0.00,0.0,0.000,0.000,18.708,25.850,0.00
1786339352,ingest,0.00,0.00,0.0,0.000,0.000,18.833,25.724,0.00
1786339357,ingest,0.00,0.00,0.0,0.000,0.000,18.896,25.660,0.00
1786339362,ingest,0.00,0.00,0.0,0.000,0.000,18.959,25.596,0.00
1786339367,ingest,0.00,0.00,0.0,0.000,0.000,19.084,25.471,0.00
1786339372,ingest,0.00,0.00,0.0,0.000,0.000,19.209,25.344,0.00
1786339377,ingest,0.00,0.00,0.0,0.000,0.000,19.271,25.280,0.00
1786339382,ingest,0.00,0.00,0.0,0.000,0.000,19.271,25.279,0.00
1786339387,ingest,0.00,0.00,0.0,0.000,0.000,19.396,25.152,0.00
1786339392,ingest,0.00,0.00,0.0,0.000,0.000,19.522,25.025,0.00
1786339397,ingest,0.00,0.00,0.0,0.000,0.000,19.584,24.957,0.00
1786339402,ingest,0.00,0.00,0.0,0.000,0.000,19.647,24.894,0.00
1786339408,ingest,0.00,0.00,0.0,0.000,0.000,19.772,24.767,0.00
1786339413,ingest,0.00,0.00,0.0,0.000,0.000,19.897,24.638,0.00
1786339418,ingest,0.00,0.00,0.0,0.000,0.000,19.960,24.574,0.00
1786339423,ingest,0.00,0.00,0.0,0.000,0.000,20.022,24.511,0.00
1786339428,ingest,0.00,0.00,0.0,0.000,0.000,20.147,24.384,0.00
1786339433,ingest,0.00,0.00,0.0,0.000,0.000,20.209,24.325,0.00
1786339438,ingest,0.00,0.00,0.0,0.000,0.000,20.334,24.200,0.00
1786339443,ingest,0.00,0.00,0.0,0.000,0.000,20.397,24.132,0.00
1786339448,ingest,0.00,0.00,0.0,0.000,0.000,20.522,24.012,0.00
1786339453,ingest,0.00,0.00,0.0,0.000,0.000,20.647,23.885,0.00
1786339458,ingest,0.00,0.00,0.0,0.000,0.000,20.710,23.823,0.00
1786339463,ingest,0.00,0.00,0.0,0.000,0.000,20.772,23.759,0.00
1786339468,ingest,0.00,0.00,0.0,0.000,0.000,20.835,23.700,0.00
1786339473,ingest,0.00,0.00,0.0,0.000,0.000,20.897,23.636,0.00
1786339478,ingest,0.00,0.00,0.0,0.000,0.000,20.960,23.570,0.00
1786339483,ingest,0.00,0.00,0.0,0.000,0.000,21.085,23.446,0.00
1786339488,ingest,0.00,0.00,0.0,0.000,0.000,21.148,23.385,0.00
1786339493,ingest,0.00,0.00,0.0,0.000,0.000,21.273,23.257,0.00
1786339498,ingest,0.00,0.00,0.0,0.000,0.000,21.392,23.139,0.00
1786339504,ingest,0.00,0.00,0.0,0.000,0.000,21.523,23.003,0.00
1786339509,ingest,0.00,0.00,0.0,0.000,0.000,21.586,22.940,0.00
1786339514,ingest,0.00,0.00,0.0,0.000,0.000,21.711,22.811,0.00
1786339519,ingest,0.00,0.00,0.0,0.000,0.000,21.773,22.749,0.00
1786339524,ingest,0.00,0.00,0.0,0.000,0.000,21.898,22.621,0.00
1786339529,ingest,0.00,0.00,0.0,0.000,0.000,22.023,22.492,0.00
1786339534,ingest,0.00,0.00,0.0,0.000,0.000,22.149,22.370,0.00
1786339539,ingest,0.00,0.00,0.0,0.000,0.000,22.211,22.310,0.00
1786339544,ingest,0.00,0.00,0.0,0.000,0.000,22.274,22.245,0.00
1786339549,ingest,0.00,0.00,0.0,0.000,0.000,22.399,22.116,0.00
1786339554,ingest,0.00,0.00,0.0,0.000,0.000,22.461,22.056,0.00
1786339559,ingest,0.00,0.00,0.0,0.000,0.000,22.524,21.994,0.00
1786339564,ingest,0.00,0.00,0.0,0.000,0.000,22.586,21.919,0.03
1786339569,ingest,0.00,0.00,0.0,0.000,0.000,22.712,21.795,0.03
1786339574,ingest,0.00,0.00,0.0,0.000,0.000,22.774,21.733,0.00
1786339579,ingest,0.00,0.00,0.0,0.000,0.000,22.837,21.676,0.00
1786339584,ingest,0.00,0.00,0.0,0.000,0.000,22.899,21.612,0.00
1786339589,ingest,0.00,0.00,0.0,0.000,0.000,23.024,21.488,0.00
1786339594,ingest,0.00,0.00,0.0,0.000,0.000,23.149,21.360,0.00
1786339600,ingest,0.00,0.00,0.0,0.000,0.000,23.212,21.294,0.00
1786339605,ingest,0.00,0.00,0.0,0.000,0.000,23.274,21.233,0.00
1786339610,ingest,0.00,0.00,0.0,0.000,0.000,23.399,21.107,0.00
1786339615,ingest,0.00,0.00,0.0,0.000,0.000,23.462,21.040,0.00
1786339620,ingest,0.00,0.00,0.0,0.000,0.000,23.524,20.974,0.00
1786339625,ingest,0.00,0.00,0.0,0.000,0.000,23.649,20.848,0.00
1786339630,ingest,0.00,0.00,0.0,0.000,0.000,23.712,20.786,0.00
1786339635,ingest,0.00,0.00,0.0,0.000,0.000,23.775,20.724,0.00
1786339640,ingest,0.00,0.00,0.0,0.000,0.000,23.900,20.600,0.00
1786339645,ingest,0.00,0.00,0.0,0.000,0.000,24.024,20.473,0.00
1786339650,ingest,0.00,0.00,0.0,0.000,0.000,24.149,20.345,0.00
1786339655,ingest,0.00,0.00,0.0,0.000,0.000,24.212,20.284,0.00
1786339660,ingest,0.00,0.00,0.0,0.000,0.000,24.275,20.221,0.00
1786339665,ingest,0.00,0.00,0.0,0.000,0.000,24.337,20.157,0.00
1786339670,ingest,0.00,0.00,0.0,0.000,0.000,24.400,20.093,0.00
1786339675,ingest,0.00,0.00,0.0,0.000,0.000,24.462,20.031,0.00
1786339680,ingest,0.00,0.00,0.0,0.000,0.000,24.649,19.843,0.00
1786339685,ingest,0.00,0.00,0.0,0.000,0.000,24.773,19.713,0.00
1786339691,ingest,0.00,0.00,0.0,0.000,0.000,24.896,19.666,0.00
1786339696,ingest,0.00,0.00,0.0,0.000,0.000,25.084,19.464,0.00
1786339701,ingest,0.00,0.00,0.0,0.000,0.000,25.181,19.361,0.00
1786339706,ingest,0.00,0.00,0.0,0.000,0.000,25.273,19.269,0.00
1786339711,ingest,0.00,0.00,0.0,0.000,0.000,25.296,19.245,0.00
1786339716,ingest,0.00,0.00,0.0,0.000,0.000,25.399,19.139,0.00
1786339721,ingest,0.00,0.00,0.0,0.000,0.000,25.524,19.013,0.00
1786339726,ingest,0.00,0.00,0.0,0.000,0.000,25.649,18.884,0.00
1786339731,ingest,0.00,0.00,0.0,0.000,0.000,25.775,18.758,0.00
1786339736,ingest,0.00,0.00,0.0,0.000,0.000,25.837,18.692,0.00
1786339741,ingest,0.00,0.00,0.0,0.000,0.000,25.963,18.566,0.00
1786339746,ingest,0.00,0.00,0.0,0.000,0.000,26.025,18.501,0.00
1786339751,ingest,0.00,0.00,0.0,0.000,0.000,26.211,18.311,0.00
1786339756,ingest,0.00,0.00,0.0,0.000,0.000,26.274,18.243,0.00
1786339761,ingest,0.00,0.00,0.0,0.000,0.000,26.336,18.177,0.00
1786339767,ingest,0.00,0.00,0.0,0.000,0.000,26.461,18.058,0.00
1786339772,ingest,0.00,0.00,0.0,0.000,0.000,26.524,17.993,0.00
1786339777,ingest,0.00,0.00,0.0,0.000,0.000,26.649,17.863,0.00
1786339782,ingest,0.00,0.00,0.0,0.000,0.000,26.649,17.864,0.00
1786339787,ingest,0.00,0.00,0.0,0.000,0.000,26.786,17.720,0.00
1786339792,ingest,0.00,0.00,0.0,0.000,0.000,26.911,17.605,0.00
1786339797,ingest,0.00,0.00,0.0,0.000,0.000,26.973,17.542,0.00
1786339802,ingest,0.00,0.00,0.0,0.000,0.000,27.098,17.416,0.00
1786339807,ingest,0.00,0.00,0.0,0.000,0.000,27.224,17.286,0.00
1786339812,ingest,0.00,0.00,0.0,0.000,0.000,27.411,17.094,0.00
1786339817,ingest,0.00,0.00,0.0,0.000,0.000,27.536,16.966,0.00
1786339822,ingest,0.00,0.00,0.0,0.000,0.000,27.599,16.899,0.00
1786339827,ingest,0.00,0.00,0.0,0.000,0.000,27.724,16.773,0.00
1786339832,ingest,0.00,0.00,0.0,0.000,0.000,27.787,16.712,0.00
1786339837,ingest,0.00,0.00,0.0,0.000,0.000,27.912,16.581,0.00
1786339842,ingest,0.00,0.00,0.0,0.000,0.000,28.037,16.459,0.00
1786339847,ingest,0.00,0.00,0.0,0.000,0.000,28.099,16.396,0.00
1786339852,ingest,0.00,0.00,0.0,0.000,0.000,28.224,16.271,0.00
1786339857,ingest,0.00,0.00,0.0,0.000,0.000,28.287,16.207,0.00
1786339863,ingest,0.00,0.00,0.0,0.000,0.000,28.412,16.082,0.00
1786339868,ingest,0.00,0.00,0.0,0.000,0.000,28.537,15.942,0.06
1786339873,ingest,0.00,0.00,0.0,0.000,0.000,28.539,15.945,0.00
1786339878,ingest,0.00,0.00,0.0,0.000,0.000,28.662,15.819,0.00
1786339883,ingest,0.00,0.00,0.0,0.000,0.000,28.788,15.692,0.00
1786339888,ingest,0.00,0.00,0.0,0.000,0.000,28.850,15.630,0.00
1786339893,ingest,0.00,0.00,0.0,0.000,0.000,29.037,15.437,0.00
1786339898,ingest,0.00,0.00,0.0,0.000,0.000,29.163,15.313,0.00
1786339903,ingest,0.00,0.00,0.0,0.000,0.000,29.163,15.312,0.00
1786339908,ingest,0.00,0.00,0.0,0.000,0.000,29.226,15.249,0.00
1786339913,ingest,0.00,0.00,0.0,0.000,0.000,29.351,15.125,0.00
1786339918,ingest,0.00,0.00,0.0,0.000,0.000,29.476,15.000,0.00
1786339923,ingest,0.00,0.00,0.0,0.000,0.000,29.539,14.935,0.00
1786339928,ingest,0.00,0.00,0.0,0.000,0.000,29.664,14.809,0.00
1786339933,ingest,0.00,0.00,0.0,0.000,0.000,29.726,14.744,0.00
1786339938,ingest,0.00,0.00,0.0,0.000,0.000,29.851,14.622,0.00
1786339943,ingest,0.00,0.00,0.0,0.000,0.000,29.914,14.559,0.00
1786339948,ingest,0.00,0.00,0.0,0.000,0.000,29.977,14.494,0.00
1786339954,ingest,0.00,0.00,0.0,0.000,0.000,30.102,14.371,0.00
1786339959,ingest,0.00,0.00,0.0,0.000,0.000,30.227,14.244,0.00
1786339964,ingest,0.00,0.00,0.0,0.000,0.000,30.352,14.120,0.00
1786339969,ingest,0.00,0.00,0.0,0.000,0.000,30.477,13.992,0.00
1786339974,ingest,0.00,0.00,0.0,0.000,0.000,30.602,13.866,0.00
1786339979,ingest,0.00,0.00,0.0,0.055,0.000,30.602,13.865,0.00
1786339984,ingest,0.00,14.58,2.1,0.119,0.000,30.602,13.862,0.00
1786339989,ingest,0.00,0.00,0.0,0.197,0.000,30.602,13.863,0.00
1786339994,ingest,0.00,0.00,0.1,0.281,0.000,30.602,13.863,0.00
1786339999,ingest,0.00,0.00,0.0,0.394,0.000,30.602,13.862,0.00
1786340004,ingest,0.00,0.00,0.0,0.497,0.000,30.603,13.857,0.00
1786340009,ingest,0.00,0.00,0.0,0.642,0.000,30.603,13.857,0.00
1786340014,ingest,0.00,126.30,12.3,0.720,0.000,30.603,13.856,0.00
1786340019,ingest,0.00,0.00,0.0,0.720,0.000,30.603,13.856,0.00
1786340024,ingest,0.00,0.00,0.1,0.720,0.000,30.603,14.144,0.00
1786340029,idle,0.00,0.00,0.0,0.720,0.000,30.603,14.144,0.00
1786340034,bench_chimod,0.00,0.00,0.0,0.720,0.000,37.069,13.095,6.34
1786340039,bench_chimod,0.00,0.00,0.0,0.720,0.000,50.749,12.804,0.00
1786340044,bench_chimod,0.00,5.04,0.6,0.720,0.000,61.908,12.655,0.00
1786340050,bench_chimod,0.00,0.00,0.0,0.720,0.000,62.050,12.518,0.00
1786340055,bench_chimod,0.00,0.00,0.0,0.720,0.000,62.087,12.477,0.00
1786340060,bench_chimod,0.00,0.00,0.1,0.720,0.000,62.123,12.439,0.00
1786340065,bench_chimod,0.00,0.00,0.0,0.720,0.000,62.124,12.429,0.00
1786340070,bench_chimod,0.00,0.00,0.0,0.720,0.000,62.126,12.429,0.00
1786340075,idle,0.00,0.00,0.0,0.000,0.000,0.000,17.971,0.01
1786340080,idle,0.00,0.00,0.0,0.000,0.000,0.000,44.803,0.00
1786340085,ingest,0.00,0.00,0.0,0.000,0.000,0.387,44.276,26.58
1786340090,ingest,0.00,0.00,0.1,0.000,0.000,0.519,44.150,0.00
1786340095,ingest,0.00,0.00,0.0,0.000,0.000,0.589,44.080,0.00
1786340100,ingest,0.00,0.00,0.0,0.000,0.000,0.678,43.996,0.00
1786340105,ingest,0.00,0.00,0.0,0.000,0.000,0.804,43.869,0.00
1786340110,ingest,0.00,0.00,0.0,0.000,0.000,0.870,43.806,0.00
1786340115,ingest,0.00,0.00,0.0,0.000,0.000,0.936,43.740,0.00
1786340120,ingest,0.00,0.01,0.1,0.000,0.000,1.063,43.615,0.00
1786340125,ingest,0.00,0.00,0.0,0.000,0.000,1.127,43.549,0.00
1786340130,ingest,0.00,0.00,0.0,0.000,0.000,1.258,43.421,0.00
1786340135,ingest,0.00,0.00,0.0,0.000,0.000,1.324,43.356,0.00
1786340141,ingest,0.00,0.00,0.0,0.000,0.000,1.387,43.293,0.00
1786340146,ingest,0.00,0.00,0.0,0.000,0.000,1.514,43.167,0.00
1786340151,ingest,0.00,0.00,0.1,0.000,0.000,1.577,43.102,0.00
1786340156,ingest,0.00,0.00,0.0,0.000,0.000,1.703,42.976,0.00
1786340161,ingest,0.00,0.00,0.0,0.000,0.000,1.769,42.911,0.00
1786340166,ingest,0.00,0.00,0.0,0.000,0.000,1.834,42.848,0.00
1786340171,ingest,0.00,0.00,0.0,0.000,0.000,1.897,42.783,0.00
1786340176,ingest,0.00,0.00,0.0,0.000,0.000,2.022,42.657,0.00
1786340181,ingest,0.00,0.00,0.1,0.000,0.000,2.084,42.594,0.00
1786340186,ingest,0.00,0.00,0.0,0.000,0.000,2.276,42.396,0.00
1786340191,ingest,0.00,0.00,0.0,0.000,0.000,2.402,42.270,0.00
1786340196,ingest,0.00,0.00,0.0,0.000,0.000,2.528,42.145,0.00
1786340201,ingest,0.00,0.00,0.0,0.000,0.000,2.590,42.079,0.00
1786340206,ingest,0.00,0.00,0.0,0.000,0.000,2.715,41.952,0.00
1786340211,ingest,0.00,0.00,0.0,0.000,0.000,2.845,41.819,0.00
1786340216,ingest,0.00,0.00,0.0,0.000,0.000,2.975,41.690,0.00
1786340221,ingest,0.00,0.00,0.0,0.000,0.000,3.038,41.613,0.00
1786340227,ingest,0.00,0.00,0.0,0.000,0.000,3.179,41.487,0.00
1786340232,ingest,0.00,0.00,0.0,0.000,0.000,3.241,41.424,0.00
1786340237,ingest,0.00,0.00,0.0,0.000,0.000,3.366,41.298,0.00
1786340242,ingest,0.00,0.00,0.0,0.000,0.000,3.491,41.171,0.00
1786340247,ingest,0.00,0.00,0.0,0.000,0.000,3.704,40.957,0.00
1786340252,ingest,0.00,0.00,0.0,0.000,0.000,3.834,40.825,0.00
1786340257,ingest,0.00,0.00,0.0,0.000,0.000,4.022,40.636,0.00
1786340262,ingest,0.00,0.00,0.0,0.000,0.000,4.085,40.572,0.00
1786340267,ingest,0.00,0.00,0.0,0.000,0.000,4.210,40.448,0.00
1786340272,ingest,0.00,0.00,0.0,0.000,0.000,4.335,40.322,0.00
1786340277,ingest,0.00,0.00,0.0,0.000,0.000,4.460,40.194,0.00
1786340282,ingest,0.00,0.00,0.0,0.000,0.000,4.523,40.131,0.00
1786340287,ingest,0.00,0.00,0.0,0.000,0.000,4.585,40.068,0.00
1786340292,ingest,0.00,0.00,0.0,0.000,0.000,4.648,40.007,0.00
1786340297,ingest,0.00,0.00,0.0,0.000,0.000,4.710,39.946,0.00
1786340302,ingest,0.00,0.00,0.0,0.000,0.000,4.777,39.877,0.00
1786340307,ingest,0.00,0.00,0.0,0.000,0.000,4.842,39.814,0.00
1786340312,ingest,0.00,0.00,0.0,0.000,0.000,4.905,39.751,0.00
1786340317,ingest,0.00,0.00,0.0,0.000,0.000,5.030,39.626,0.00
1786340323,ingest,0.00,0.00,0.0,0.000,0.000,5.092,39.561,0.00
1786340328,ingest,0.00,0.00,0.0,0.000,0.000,5.217,39.437,0.00
1786340333,ingest,0.00,0.00,0.0,0.000,0.000,5.343,39.310,0.00
1786340338,ingest,0.00,0.00,0.0,0.000,0.000,5.343,39.309,0.00
1786340343,ingest,0.00,0.00,0.0,0.000,0.000,5.468,39.182,0.00
1786340348,ingest,0.00,0.00,0.0,0.000,0.000,5.593,39.057,0.00
1786340353,ingest,0.00,0.00,0.0,0.000,0.000,5.655,38.996,0.00
1786340358,ingest,0.00,0.00,0.0,0.000,0.000,5.843,38.807,0.00
1786340363,ingest,0.00,0.00,0.0,0.000,0.000,5.968,38.678,0.00
1786340368,ingest,0.00,0.00,0.0,0.000,0.000,6.031,38.615,0.00
1786340373,ingest,0.00,0.00,0.0,0.000,0.000,6.218,38.423,0.00
1786340378,ingest,0.00,0.00,0.0,0.000,0.000,6.281,38.358,0.00
1786340383,ingest,0.00,0.00,0.0,0.000,0.000,6.343,38.286,0.05
1786340388,ingest,0.00,0.00,0.0,0.000,0.000,6.436,38.194,0.00
1786340393,ingest,0.00,0.00,0.0,0.000,0.000,6.531,38.099,0.00
1786340398,ingest,0.00,0.00,0.0,0.000,0.000,6.656,37.972,0.00
1786340403,ingest,0.00,0.00,0.0,0.000,0.000,6.781,37.843,0.00
1786340408,ingest,0.00,0.00,0.0,0.000,0.000,6.845,37.780,0.00
1786340414,ingest,0.00,0.00,0.0,0.000,0.000,7.032,37.590,0.00
1786340419,ingest,0.00,0.00,0.0,0.000,0.000,7.157,37.465,0.00
1786340424,ingest,0.00,0.00,0.0,0.000,0.000,7.284,37.335,0.00
1786340429,ingest,0.00,0.00,0.0,0.000,0.000,7.346,37.272,0.00
1786340434,ingest,0.00,0.00,0.0,0.000,0.000,7.409,37.207,0.00
1786340439,ingest,0.00,0.00,0.0,0.000,0.000,7.545,37.069,0.00
1786340444,ingest,0.00,0.00,0.0,0.000,0.000,7.670,36.939,0.00
1786340449,ingest,0.00,0.00,0.0,0.000,0.000,7.732,36.879,0.00
1786340454,ingest,0.00,0.00,0.0,0.000,0.000,7.858,36.754,0.00
1786340459,ingest,0.00,0.00,0.0,0.000,0.000,7.926,36.683,0.00
1786340464,ingest,0.00,0.00,0.0,0.000,0.000,8.052,36.556,0.00
1786340469,ingest,0.00,0.00,0.0,0.000,0.000,8.240,36.367,0.00
1786340474,ingest,0.00,0.00,0.0,0.000,0.000,8.241,36.365,0.00
1786340479,ingest,0.00,0.00,0.0,0.000,0.000,8.303,36.300,0.00
1786340484,ingest,0.00,0.00,0.0,0.000,0.000,8.428,36.172,0.00
1786340489,ingest,0.00,0.00,0.0,0.000,0.000,8.491,36.111,0.00
1786340494,ingest,0.00,0.00,0.0,0.000,0.000,8.556,36.047,0.00
1786340499,ingest,0.00,0.00,0.0,0.000,0.000,8.681,35.922,0.00
1786340505,ingest,0.00,0.00,0.0,0.000,0.000,8.743,35.861,0.00
1786340510,ingest,0.00,0.00,0.0,0.000,0.000,8.806,35.795,0.00
1786340515,ingest,0.00,0.00,0.0,0.000,0.000,8.939,35.660,0.00
1786340520,ingest,0.00,0.00,0.0,0.000,0.000,9.003,35.599,0.00
1786340525,ingest,0.00,0.00,0.0,0.000,0.000,9.128,35.474,0.00
1786340530,ingest,0.00,0.00,0.0,0.000,0.000,9.316,35.284,0.00
1786340535,ingest,0.00,0.00,0.0,0.000,0.000,9.378,35.222,0.00
1786340540,ingest,0.00,0.00,0.0,0.000,0.000,9.504,35.096,0.00
1786340545,ingest,0.00,0.00,0.0,0.000,0.000,9.566,35.033,0.00
1786340550,ingest,0.00,0.00,0.0,0.000,0.000,9.691,34.904,0.00
1786340555,ingest,0.00,0.00,0.0,0.000,0.000,9.754,34.840,0.00
1786340560,ingest,0.00,0.00,0.0,0.000,0.000,9.816,34.775,0.00
1786340565,ingest,0.00,0.00,0.0,0.000,0.000,10.004,34.584,0.00
1786340570,ingest,0.00,0.00,0.0,0.000,0.000,10.067,34.519,0.00
1786340575,ingest,0.00,0.00,0.0,0.000,0.000,10.129,34.456,0.00
1786340580,ingest,0.00,0.00,0.0,0.000,0.000,10.254,34.332,0.00
1786340585,ingest,0.00,0.00,0.0,0.000,0.000,10.379,34.209,0.00
1786340590,ingest,0.00,0.00,0.0,0.000,0.000,10.442,34.146,0.00
1786340595,ingest,0.00,0.00,0.0,0.000,0.000,10.504,34.082,0.00
1786340601,ingest,0.00,0.00,0.0,0.000,0.000,10.630,33.954,0.00
1786340606,ingest,0.00,0.00,0.0,0.000,0.000,10.692,33.891,0.00
1786340611,ingest,0.00,0.00,0.0,0.000,0.000,10.817,33.762,0.00
1786340616,ingest,0.00,0.00,0.0,0.000,0.000,10.942,33.635,0.00
1786340621,ingest,0.00,0.00,0.0,0.000,0.000,11.133,33.446,0.00
1786340626,ingest,0.00,0.00,0.0,0.000,0.000,11.196,33.383,0.00
1786340631,ingest,0.00,0.00,0.0,0.000,0.000,11.327,33.248,0.00
1786340636,ingest,0.00,0.00,0.0,0.000,0.000,11.390,33.188,0.00
1786340641,ingest,0.00,0.00,0.0,0.000,0.000,11.452,33.125,0.00
1786340646,ingest,0.00,0.00,0.0,0.000,0.000,11.515,33.060,0.00
1786340651,ingest,0.00,0.00,0.0,0.000,0.000,11.577,32.996,0.00
1786340656,ingest,0.00,0.00,0.0,0.000,0.000,11.702,32.869,0.00
1786340661,ingest,0.00,0.00,0.0,0.000,0.000,11.827,32.745,0.00
1786340666,ingest,0.00,0.00,0.0,0.000,0.000,11.890,32.677,0.00
1786340671,ingest,0.00,0.00,0.0,0.000,0.000,12.015,32.549,0.00
1786340676,ingest,0.00,0.00,0.0,0.000,0.000,12.078,32.486,0.00
1786340681,ingest,0.00,0.00,0.0,0.000,0.000,12.140,32.409,0.02
1786340686,ingest,0.00,0.00,0.0,0.000,0.000,12.265,32.283,0.03
1786340691,ingest,0.00,0.00,0.0,0.000,0.000,12.328,32.220,0.00
1786340697,ingest,0.00,0.00,0.0,0.000,0.000,12.391,32.161,0.00
1786340702,ingest,0.00,0.00,0.0,0.000,0.000,12.516,32.039,0.00
1786340707,ingest,0.00,0.00,0.0,0.000,0.000,12.641,31.912,0.00
1786340712,ingest,0.00,0.00,0.0,0.000,0.000,12.703,31.853,0.00
1786340717,ingest,0.00,0.00,0.0,0.000,0.000,12.766,31.791,0.00
1786340722,ingest,0.00,0.00,0.0,0.000,0.000,12.829,31.735,0.00
1786340727,ingest,0.00,0.00,0.0,0.000,0.000,12.954,31.609,0.00
1786340732,ingest,0.00,0.00,0.0,0.000,0.000,13.016,31.546,0.00
1786340737,ingest,0.00,0.00,0.0,0.000,0.000,13.141,31.417,0.00
1786340742,ingest,0.00,0.00,0.0,0.000,0.000,13.266,31.289,0.00
1786340747,ingest,0.00,0.00,0.0,0.000,0.000,13.391,31.162,0.00
1786340752,ingest,0.00,0.00,0.0,0.000,0.000,13.454,31.099,0.00
1786340757,ingest,0.00,0.00,0.0,0.000,0.000,13.579,30.971,0.00
1786340762,ingest,0.00,0.00,0.0,0.000,0.000,13.642,30.910,0.00
1786340767,ingest,0.00,0.00,0.0,0.000,0.000,13.767,30.783,0.00
1786340772,ingest,0.00,0.00,0.0,0.000,0.000,13.892,30.654,0.00
1786340777,ingest,0.00,0.00,0.0,0.000,0.000,13.946,30.600,0.00
1786340782,ingest,0.00,0.00,0.0,0.000,0.000,14.017,30.528,0.00
1786340787,ingest,0.00,0.00,0.0,0.000,0.000,14.080,30.467,0.00
1786340793,ingest,0.00,0.00,0.0,0.000,0.000,14.205,30.339,0.00
1786340798,ingest,0.00,0.00,0.0,0.000,0.000,14.267,30.279,0.00
1786340803,ingest,0.00,0.00,0.0,0.000,0.000,14.330,30.217,0.00
1786340808,ingest,0.00,0.00,0.0,0.000,0.000,14.392,30.154,0.00
1786340813,ingest,0.00,0.00,0.0,0.000,0.000,14.517,30.024,0.00
1786340818,ingest,0.00,0.00,0.0,0.000,0.000,14.580,29.963,0.00
1786340823,ingest,0.00,0.00,0.0,0.000,0.000,14.643,29.899,0.00
1786340828,ingest,0.00,0.00,0.0,0.000,0.000,14.768,29.772,0.00
1786340833,ingest,0.00,0.00,0.0,0.000,0.000,14.830,29.710,0.00
1786340838,ingest,0.00,0.00,0.0,0.000,0.000,14.893,29.647,0.00
1786340843,ingest,0.00,0.00,0.0,0.000,0.000,14.893,29.648,0.00
1786340848,ingest,0.00,0.00,0.0,0.000,0.000,14.956,29.583,0.00
1786340853,ingest,0.00,0.00,0.0,0.000,0.000,15.018,29.515,0.00
1786340858,ingest,0.00,0.00,0.0,0.000,0.000,15.081,29.459,0.00
1786340863,ingest,0.00,0.00,0.0,0.000,0.000,15.143,29.396,0.00
1786340868,ingest,0.00,0.00,0.0,0.000,0.000,15.268,29.268,0.00
1786340873,ingest,0.00,0.00,62.6,0.000,0.000,15.331,29.207,0.00
1786340878,ingest,0.00,0.00,0.0,0.000,0.000,15.456,29.089,0.00
1786340884,ingest,0.00,0.00,0.0,0.000,0.000,15.519,29.025,0.00
1786340889,ingest,0.00,0.00,0.0,0.000,0.000,15.581,28.969,0.00
1786340894,ingest,0.00,0.00,0.0,0.000,0.000,15.644,28.907,0.00
1786340899,ingest,0.00,0.00,0.0,0.000,0.000,15.706,28.841,0.00
1786340904,ingest,0.00,0.00,0.0,0.000,0.000,15.769,28.780,0.00
1786340909,ingest,0.00,0.00,0.0,0.000,0.000,15.831,28.713,0.00
1786340914,ingest,0.00,0.00,0.0,0.000,0.000,15.894,28.649,0.00
1786340919,ingest,0.00,0.00,0.0,0.000,0.000,15.956,28.587,0.00
1786340924,ingest,0.00,0.00,0.0,0.000,0.000,16.082,28.461,0.00
1786340929,ingest,0.00,0.00,0.0,0.000,0.000,16.206,28.333,0.00
1786340934,ingest,0.00,0.00,0.0,0.000,0.000,16.269,28.271,0.00
1786340939,ingest,0.00,0.00,0.0,0.000,0.000,16.332,28.209,0.00
1786340944,ingest,0.00,0.00,0.0,0.000,0.000,16.394,28.147,0.00
1786340949,ingest,0.00,0.00,0.0,0.000,0.000,16.519,28.021,0.00
1786340954,ingest,0.00,0.00,0.0,0.000,0.000,16.644,27.894,0.00
1786340959,ingest,0.00,0.00,0.0,0.000,0.000,16.707,27.829,0.00
1786340964,ingest,0.00,0.00,0.0,0.000,0.000,16.707,27.831,0.00
1786340969,ingest,0.00,0.00,0.0,0.000,0.000,16.832,27.704,0.00
1786340974,ingest,0.00,0.00,0.0,0.000,0.000,16.895,27.641,0.00
1786340980,ingest,0.00,0.00,0.0,0.000,0.000,17.020,27.515,0.00
1786340985,ingest,0.00,0.00,0.0,0.000,0.000,17.082,27.436,0.06
1786340990,ingest,0.00,0.00,0.0,0.000,0.000,17.207,27.317,0.00
1786340995,ingest,0.00,0.00,0.0,0.000,0.000,17.270,27.256,0.00
1786341000,ingest,0.00,0.00,0.0,0.000,0.000,17.333,27.191,0.00
1786341005,ingest,0.00,0.00,0.0,0.000,0.000,17.458,27.072,0.00
1786341010,ingest,0.00,0.00,0.0,0.000,0.000,17.520,27.009,0.00
1786341015,ingest,0.00,0.00,0.0,0.000,0.000,17.583,26.945,0.00
1786341020,ingest,0.00,0.00,0.0,0.000,0.000,17.708,26.821,0.00
1786341025,ingest,0.00,0.00,0.0,0.000,0.000,17.833,26.694,0.00
1786341030,ingest,0.00,0.00,0.0,0.000,0.000,17.896,26.633,0.00
1786341035,ingest,0.00,0.00,0.0,0.000,0.000,17.958,26.570,0.00
1786341040,ingest,0.00,0.00,0.0,0.000,0.000,17.958,26.569,0.00
1786341045,ingest,0.00,0.00,0.0,0.000,0.000,18.021,26.505,0.00
1786341050,ingest,0.00,0.00,0.0,0.000,0.000,18.110,26.414,0.00
1786341055,ingest,0.00,0.00,0.0,0.000,0.000,18.208,26.316,0.00
1786341060,ingest,0.00,0.00,0.0,0.000,0.000,18.271,26.252,0.00
1786341065,ingest,0.00,0.00,0.0,0.000,0.000,18.396,26.121,0.00
1786341071,ingest,0.00,0.00,0.0,0.000,0.000,18.459,26.056,0.00
1786341076,ingest,0.00,0.00,0.0,0.000,0.000,18.521,25.994,0.00
1786341081,ingest,0.00,0.00,0.0,0.000,0.000,18.584,25.929,0.00
1786341086,ingest,0.00,0.00,0.0,0.000,0.000,18.646,25.866,0.00
1786341091,ingest,0.00,0.00,0.0,0.000,0.000,18.709,25.804,0.00
1786341096,ingest,0.00,0.00,0.0,0.000,0.000,18.834,25.677,0.00
1786341101,ingest,0.00,0.00,0.0,0.000,0.000,18.834,25.674,0.00
1786341106,ingest,0.00,0.00,0.0,0.000,0.000,18.959,25.549,0.00
1786341111,ingest,0.00,0.00,0.0,0.000,0.000,19.021,25.486,0.00
1786341116,ingest,0.00,0.00,0.0,0.000,0.000,19.084,25.426,0.00
1786341121,ingest,0.00,0.00,0.0,0.000,0.000,19.209,25.301,0.00
1786341126,ingest,0.00,0.00,0.0,0.000,0.000,19.272,25.239,0.00
1786341131,ingest,0.00,0.00,0.0,0.000,0.000,19.335,25.177,0.00
1786341136,ingest,0.00,0.00,0.0,0.000,0.000,19.460,25.050,0.00
1786341141,ingest,0.00,0.00,0.0,0.000,0.000,19.522,24.984,0.00
1786341146,ingest,0.00,0.00,0.0,0.000,0.000,19.585,24.922,0.00
1786341151,ingest,0.00,0.00,0.0,0.000,0.000,19.710,24.800,0.00
1786341156,ingest,0.00,0.00,0.0,0.000,0.000,19.835,24.676,0.00
1786341161,ingest,0.00,0.00,0.0,0.000,0.000,19.960,24.548,0.00
1786341167,ingest,0.00,0.00,0.0,0.000,0.000,20.022,24.483,0.00
1786341172,ingest,0.00,0.00,0.0,0.000,0.000,20.148,24.357,0.00
1786341177,ingest,0.00,0.00,0.0,0.000,0.000,20.210,24.295,0.00
1786341182,ingest,0.00,0.00,0.0,0.000,0.000,20.335,24.170,0.00
1786341187,ingest,0.00,0.00,0.0,0.000,0.000,20.398,24.108,0.00
1786341192,ingest,0.00,0.00,0.0,0.000,0.000,20.523,23.980,0.00
1786341197,ingest,0.00,0.00,0.0,0.000,0.000,20.648,23.854,0.00
1786341202,ingest,0.00,0.00,0.0,0.000,0.000,20.711,23.789,0.00
1786341207,ingest,0.00,0.00,0.0,0.000,0.000,20.773,23.728,0.00
1786341212,ingest,0.00,0.00,0.0,0.000,0.000,20.782,23.712,0.00
1786341217,ingest,0.00,0.00,0.0,0.000,0.000,20.836,23.669,0.00
1786341222,ingest,0.00,0.00,0.0,0.000,0.000,20.960,23.545,0.00
1786341227,ingest,0.00,0.00,0.0,0.000,0.000,21.082,23.417,0.00
1786341232,ingest,0.00,0.00,0.0,0.000,0.000,21.145,23.354,0.00
1786341237,ingest,0.00,0.00,0.0,0.000,0.000,21.270,23.225,0.00
1786341242,ingest,0.00,0.00,0.0,0.000,0.000,21.332,23.161,0.00
1786341247,ingest,0.00,0.00,0.0,0.000,0.000,21.457,23.038,0.00
1786341252,ingest,0.00,0.00,0.0,0.000,0.000,21.582,22.911,0.00
1786341258,ingest,0.00,0.00,0.0,0.000,0.000,21.707,22.779,0.00
1786341263,ingest,0.00,0.00,0.0,0.000,0.000,21.770,22.719,0.00
1786341268,ingest,0.00,0.00,0.0,0.000,0.000,21.895,22.592,0.00
1786341273,ingest,0.00,0.00,0.0,0.000,0.000,22.020,22.465,0.00
1786341278,ingest,0.00,0.00,0.0,0.000,0.000,22.145,22.343,0.00
1786341283,ingest,0.00,0.00,0.0,0.000,0.000,22.207,22.265,0.05
1786341288,ingest,0.00,0.00,0.0,0.000,0.000,22.207,22.264,0.01
1786341293,ingest,0.00,0.00,0.0,0.000,0.000,22.333,22.139,0.00
1786341298,ingest,0.00,0.00,0.0,0.000,0.000,22.458,22.022,0.00
1786341303,ingest,0.00,0.00,0.0,0.000,0.000,22.520,21.960,0.00
1786341308,ingest,0.00,0.00,0.0,0.000,0.000,22.583,21.895,0.00
1786341313,ingest,0.00,0.00,0.0,0.000,0.000,22.645,21.831,0.00
1786341318,ingest,0.00,0.00,0.0,0.000,0.000,22.770,21.704,0.00
1786341323,ingest,0.00,0.00,0.0,0.000,0.000,22.770,21.704,0.00
1786341328,ingest,0.00,0.00,0.0,0.000,0.000,22.895,21.580,0.00
1786341333,ingest,0.00,0.00,0.0,0.000,0.000,22.958,21.517,0.00
1786341338,ingest,0.00,0.00,0.0,0.000,0.000,23.083,21.393,0.00
1786341343,ingest,0.00,0.00,0.0,0.000,0.000,23.146,21.329,0.00
1786341348,ingest,0.00,0.00,0.0,0.000,0.000,23.208,21.264,0.00
1786341354,ingest,0.00,0.00,0.0,0.000,0.000,23.333,21.140,0.00
1786341359,ingest,0.00,0.00,0.0,0.000,0.000,23.458,21.014,0.00
1786341364,ingest,0.00,0.00,0.0,0.000,0.000,23.521,20.949,0.00
1786341369,ingest,0.00,0.00,0.0,0.000,0.000,23.584,20.885,0.00
1786341374,ingest,0.00,0.00,0.0,0.000,0.000,23.646,20.821,0.00
1786341379,ingest,0.00,0.00,0.0,0.000,0.000,23.709,20.757,0.00
1786341384,ingest,0.00,0.00,0.0,0.000,0.000,23.834,20.633,0.00
1786341389,ingest,0.00,0.00,0.0,0.000,0.000,23.959,20.502,0.00
1786341394,ingest,0.00,0.00,0.0,0.000,0.000,24.084,20.378,0.00
1786341399,ingest,0.00,0.00,0.0,0.000,0.000,24.147,20.317,0.00
1786341404,ingest,0.00,0.00,0.0,0.000,0.000,24.209,20.249,0.00
1786341409,ingest,0.00,0.00,0.0,0.000,0.000,24.272,20.189,0.00
1786341414,ingest,0.00,0.00,0.0,0.000,0.000,24.334,20.131,0.00
1786341419,ingest,0.00,0.00,0.0,0.000,0.000,24.397,20.068,0.00
1786341424,ingest,0.00,0.00,0.0,0.000,0.000,24.522,19.942,0.00
1786341429,ingest,0.00,0.00,0.0,0.000,0.000,24.647,19.815,0.00
1786341434,ingest,0.00,0.00,0.0,0.000,0.000,24.772,19.689,0.00
1786341439,ingest,0.00,0.00,0.0,0.000,0.000,24.960,19.499,0.00
1786341444,ingest,0.00,0.00,0.0,0.000,0.000,25.085,19.375,0.00
1786341450,ingest,0.00,0.00,0.0,0.000,0.000,25.210,19.246,0.00
1786341455,ingest,0.00,0.00,0.0,0.000,0.000,25.273,19.187,0.00
1786341460,ingest,0.00,0.00,0.0,0.000,0.000,25.335,19.118,0.00
1786341465,ingest,0.00,0.00,0.0,0.000,0.000,25.398,19.053,0.00
1786341470,ingest,0.00,0.00,0.0,0.000,0.000,25.523,18.928,0.00
1786341475,ingest,0.00,0.00,0.0,0.000,0.000,25.648,18.805,0.00
1786341480,ingest,0.00,0.00,0.0,0.000,0.000,25.710,18.739,0.00
1786341485,ingest,0.00,0.00,0.0,0.000,0.000,25.836,18.615,0.00
1786341490,ingest,0.00,0.00,0.0,0.000,0.000,25.898,18.550,0.00
1786341495,ingest,0.00,0.00,0.0,0.000,0.000,26.023,18.423,0.00
1786341500,ingest,0.00,0.00,0.0,0.000,0.000,26.148,18.298,0.00
1786341505,ingest,0.00,0.00,0.0,0.000,0.000,26.273,18.167,0.00
1786341510,ingest,0.00,0.00,0.0,0.000,0.000,26.336,18.102,0.00
1786341515,ingest,0.00,0.00,0.0,0.000,0.000,26.461,17.978,0.00
1786341520,ingest,0.00,0.00,0.0,0.000,0.000,26.523,17.912,0.00
1786341525,ingest,0.00,0.00,0.0,0.000,0.000,26.641,17.789,0.00
1786341530,ingest,0.00,0.00,0.0,0.000,0.000,26.648,17.782,0.00
1786341535,ingest,0.00,0.00,0.0,0.000,0.000,26.783,17.646,0.00
1786341540,ingest,0.00,0.00,0.0,0.000,0.000,26.883,17.553,0.00
1786341546,ingest,0.00,0.00,0.0,0.000,0.000,26.972,17.464,0.00
1786341551,ingest,0.00,0.00,0.0,0.000,0.000,27.097,17.337,0.00
1786341556,ingest,0.00,0.00,0.0,0.000,0.000,27.222,17.211,0.00
1786341561,ingest,0.00,0.00,0.0,0.000,0.000,27.410,17.022,0.00
1786341566,ingest,0.00,0.00,0.0,0.000,0.000,27.535,16.894,0.00
1786341571,ingest,0.00,0.00,0.0,0.000,0.000,27.598,16.815,0.00
1786341576,ingest,0.00,0.00,0.0,0.000,0.000,27.723,16.701,0.00
1786341581,ingest,0.00,0.00,0.0,0.000,0.000,27.785,16.636,0.00
1786341586,ingest,0.00,0.00,0.0,0.000,0.000,27.911,16.506,0.05
1786341591,ingest,0.00,0.00,0.0,0.000,0.000,28.035,16.385,0.00
1786341596,ingest,0.00,0.00,0.0,0.000,0.000,28.098,16.321,0.00
1786341601,ingest,0.00,0.00,0.0,0.000,0.000,28.161,16.260,0.00
1786341606,ingest,0.00,0.00,0.0,0.000,0.000,28.286,16.135,0.00
1786341611,ingest,0.00,0.00,0.0,0.000,0.000,28.411,16.011,0.00
1786341616,ingest,0.00,0.00,0.0,0.000,0.000,28.536,15.884,0.00
1786341621,ingest,0.00,0.00,0.0,0.000,0.000,28.536,15.884,0.00
1786341626,ingest,0.00,0.00,0.0,0.000,0.000,28.661,15.758,0.00
1786341631,ingest,0.00,0.00,0.0,0.000,0.000,28.724,15.696,0.00
1786341637,ingest,0.00,0.00,0.0,0.000,0.000,28.849,15.569,0.00
1786341642,ingest,0.00,0.00,0.0,0.000,0.000,29.036,15.379,0.00
1786341647,ingest,0.00,0.00,0.0,0.000,0.000,29.162,15.251,0.00
1786341652,ingest,0.00,0.00,0.0,0.000,0.000,29.162,15.251,0.00
1786341657,ingest,0.00,0.00,0.0,0.000,0.000,29.223,15.189,0.00
1786341662,ingest,0.00,0.00,0.0,0.000,0.000,29.346,15.095,0.00
1786341667,ingest,0.00,0.00,0.0,0.000,0.000,29.471,14.960,0.00
1786341672,ingest,0.00,0.00,0.0,0.000,0.000,29.533,14.896,0.00
1786341677,ingest,0.00,0.00,0.0,0.000,0.000,29.596,14.830,0.00
1786341682,ingest,0.00,0.00,0.0,0.000,0.000,29.721,14.704,0.00
1786341687,ingest,0.00,0.00,0.0,0.000,0.000,29.846,14.576,0.00
1786341692,ingest,0.00,0.00,0.0,0.000,0.000,29.909,14.509,0.00
1786341697,ingest,0.00,0.00,0.0,0.000,0.000,29.971,14.445,0.00
1786341702,ingest,0.00,0.00,0.0,0.000,0.000,30.096,14.319,0.00
1786341707,ingest,0.00,0.00,0.0,0.000,0.000,30.159,14.249,0.00
1786341712,ingest,0.00,0.00,0.0,0.000,0.000,30.284,14.121,0.00
1786341717,ingest,0.00,0.00,0.0,0.000,0.000,30.472,13.938,0.00
1786341722,ingest,0.00,0.00,0.0,0.000,0.000,30.597,13.811,0.00
1786341728,ingest,0.00,0.00,0.0,0.055,0.000,30.597,13.811,0.00
1786341733,ingest,0.00,14.59,2.4,0.100,0.000,30.597,13.812,0.00
1786341738,ingest,0.00,0.00,0.0,0.179,0.000,30.597,13.812,0.00
1786341743,ingest,0.00,0.00,0.0,0.281,0.000,30.597,13.811,0.00
1786341748,ingest,0.00,0.00,0.1,0.382,0.000,30.597,13.808,0.00
1786341753,ingest,0.00,0.00,0.0,0.486,0.000,30.597,13.808,0.00
1786341758,ingest,0.00,112.60,12.3,0.635,0.000,30.597,13.800,0.00
1786341763,ingest,0.00,0.00,0.0,0.720,0.000,30.598,13.804,0.00
1786341768,ingest,0.00,0.00,0.0,0.720,0.000,30.598,13.800,0.00
1786341773,ingest,0.00,0.00,0.0,0.720,0.000,30.598,13.894,0.00
1786341778,bench_mixed,0.00,0.00,0.1,0.720,0.000,36.029,13.078,6.33
1786341783,bench_mixed,0.00,0.00,0.0,0.720,0.000,49.211,12.746,0.00
1786341788,bench_mixed,67.81,3.06,4.5,0.720,0.000,61.896,12.595,0.00
1786341793,bench_mixed,55.21,15.61,4.9,0.720,0.000,62.028,12.480,0.00
1786341798,bench_mixed,0.00,0.00,0.0,0.720,0.000,62.077,12.433,0.00
1786341803,bench_mixed,19.22,0.00,2.7,0.720,0.000,62.118,12.393,0.00
1786341808,bench_mixed,0.00,0.00,0.1,0.720,0.000,62.120,12.390,0.00
1786341813,bench_mixed,0.00,0.00,0.0,0.720,0.000,62.121,12.390,0.00
1786341819,bench_mixed,22.59,0.00,5.0,0.720,0.000,64.520,9.952,0.00
1786341824,bench_mixed,39.38,0.00,7.6,0.720,0.000,65.187,9.294,0.00
1786341829,bench_mixed,11.62,0.00,2.1,0.720,0.000,65.548,8.934,0.00
1786341834,bench_mixed,8.28,0.00,1.7,0.720,0.000,65.871,8.611,0.00
1786341839,bench_mixed,6.00,0.00,1.7,0.720,0.000,66.129,8.352,0.00
1786341844,bench_mixed,6.84,0.00,1.4,0.720,0.000,66.256,8.223,0.00
1786341849,bench_mixed,2.15,0.00,0.7,0.720,0.000,66.324,8.153,0.00
1786341854,bench_mixed,2.13,0.00,0.3,0.720,0.000,66.450,8.028,0.00
1786341860,bench_mixed,2.44,0.00,0.6,0.720,0.000,66.719,7.758,0.00
1786341865,bench_mixed,0.27,0.00,0.1,0.720,0.000,66.852,7.630,0.00
1786341870,bench_mixed,0.00,0.00,0.1,0.720,0.000,66.904,7.577,0.00
1786341875,bench_mixed,0.00,0.00,0.0,0.720,0.000,67.035,7.448,0.00
1786341880,bench_mixed,0.00,0.00,0.0,0.720,0.000,67.128,7.357,0.00
1786341885,bench_mixed,0.00,0.00,0.0,0.720,0.000,67.239,7.231,0.06
1786341890,bench_mixed,0.00,0.00,0.0,0.720,0.000,67.291,7.179,0.00
1786341895,bench_mixed,0.00,0.00,0.0,0.720,0.000,67.373,7.101,0.00
1786341900,bench_mixed,0.00,0.00,0.1,0.720,0.000,67.442,7.032,0.00
1786341905,bench_mixed,0.00,0.00,0.0,0.720,0.000,67.475,7.002,0.00
1786341910,bench_mixed,0.00,0.00,0.0,0.720,0.000,67.537,6.938,0.00
1786341915,bench_mixed,0.00,0.00,0.0,0.720,0.000,67.701,6.777,0.00
1786341920,bench_mixed,0.00,0.00,0.0,0.720,0.000,67.754,6.723,0.00
1786341925,bench_mixed,0.00,0.00,0.0,0.720,0.000,67.779,6.700,0.00
1786341930,bench_mixed,0.00,0.00,0.0,0.720,0.000,67.806,6.671,0.00
1786341935,bench_mixed,0.00,0.00,0.0,0.720,0.000,67.912,6.567,0.00
1786341940,bench_mixed,0.00,0.00,0.0,0.720,0.000,67.990,6.488,0.00
1786341945,bench_mixed,0.00,0.00,0.0,0.720,0.000,67.998,6.480,0.00
1786341951,bench_mixed,0.00,0.00,0.0,0.720,0.000,68.001,6.476,0.00
1786341956,bench_mixed,0.00,0.00,0.0,0.720,0.000,68.010,6.466,0.00
1786341961,bench_mixed,0.00,0.00,0.0,0.720,0.000,68.042,6.434,0.00
1786341966,bench_mixed,0.00,0.00,0.0,0.720,0.000,68.119,6.359,0.00
1786341971,bench_mixed,0.00,0.00,0.0,0.720,0.000,68.119,6.358,0.00
1786341976,bench_mixed,0.00,0.00,0.0,0.720,0.000,68.119,6.358,0.00
1786341981,bench_mixed,0.00,0.00,0.0,0.720,0.000,68.130,6.348,0.00
1786341986,bench_mixed,0.00,0.00,0.0,0.720,0.000,68.130,6.348,0.00
1786341991,bench_mixed,0.00,0.00,0.0,0.720,0.000,68.130,6.347,0.00
1786341996,bench_mixed,0.00,0.00,0.0,0.720,0.000,68.141,6.337,0.00
1786342001,bench_mixed,0.00,0.00,0.0,0.720,0.000,68.141,6.337,0.00
1786342006,bench_mixed,0.00,0.00,0.0,0.720,0.000,68.141,6.337,0.00
1786342011,bench_mixed,0.00,0.00,0.0,0.720,0.000,68.143,6.335,0.00
1786342016,bench_mixed,0.00,0.00,0.0,0.720,0.000,68.143,6.335,0.00
1786342021,bench_mixed,0.00,0.00,0.0,0.720,0.000,68.143,6.335,0.00
1786342026,bench_mixed,0.00,0.00,0.0,0.720,0.000,68.143,6.335,0.00
1786342031,bench_mixed,0.00,0.00,0.0,0.720,0.000,68.143,6.335,0.00
1786342036,bench_mixed,0.00,0.00,0.0,0.720,0.000,68.143,6.337,0.00
1786342042,bench_mixed,0.00,0.00,0.0,0.720,0.000,68.143,6.336,0.00
1786342047,bench_mixed,0.00,0.00,0.0,0.720,0.000,68.170,6.309,0.00
1786342052,bench_mixed,0.00,0.00,0.0,0.720,0.000,68.170,6.309,0.00
1786342057,bench_mixed,0.00,0.00,0.0,0.720,0.000,68.170,6.308,0.00
1786342062,bench_mixed,0.00,0.00,0.0,0.720,0.000,68.170,6.308,0.00
1786342067,bench_mixed,0.00,0.00,0.0,0.720,0.000,68.170,6.309,0.00
1786342072,bench_mixed,0.00,0.00,0.0,0.720,0.000,68.170,6.308,0.00
1786342077,bench_mixed,0.00,0.00,0.0,0.720,0.000,68.170,6.302,0.00
1786342082,bench_mixed,0.00,0.00,0.0,0.720,0.000,68.182,6.294,0.00
1786342087,bench_mixed,0.00,0.00,0.0,0.720,0.000,68.182,6.295,0.00
1786342092,bench_mixed,0.00,0.00,0.0,0.720,0.000,68.182,6.295,0.00
1786342097,bench_mixed,0.00,0.00,0.0,0.720,0.000,68.184,6.293,0.00
1786342102,bench_mixed,0.00,0.00,0.0,0.720,0.000,68.184,6.293,0.00
1786342107,bench_mixed,0.00,0.00,0.0,0.720,0.000,68.184,6.292,0.00
1786342112,bench_mixed,0.00,0.00,0.0,0.720,0.000,68.184,6.292,0.00
1786342117,bench_mixed,0.00,0.00,0.0,0.720,0.000,68.184,6.295,0.00
1786342122,bench_mixed,0.00,0.00,0.0,0.720,0.000,68.184,6.295,0.00
1786342127,bench_mixed,0.00,0.00,0.0,0.720,0.000,68.186,6.294,0.00
1786342132,bench_mixed,0.00,0.00,0.0,0.720,0.000,68.186,6.293,0.00
1786342138,bench_mixed,0.00,0.00,0.0,0.720,0.000,68.186,6.293,0.00
1786342143,bench_mixed,0.00,0.00,0.0,0.720,0.000,68.186,6.294,0.00
1786342148,bench_mixed,0.00,0.00,0.0,0.720,0.000,68.186,6.294,0.00
1786342153,bench_mixed,0.00,0.00,0.0,0.720,0.000,68.186,6.294,0.00
1786342158,bench_mixed,0.00,0.00,0.0,0.720,0.000,68.186,6.295,0.00
1786342163,bench_mixed,0.00,0.00,0.0,0.720,0.000,68.186,6.295,0.00
1786342168,bench_mixed,0.00,0.00,0.0,0.720,0.000,68.186,6.296,0.00
1786342173,bench_mixed,0.00,0.00,0.0,0.720,0.000,68.186,6.296,0.00
1786342178,bench_mixed,0.00,0.00,0.0,0.720,0.000,68.186,6.284,0.00
1786342183,bench_mixed,0.00,0.00,0.0,0.720,0.000,68.186,6.276,0.05
1786342188,bench_mixed,0.00,0.00,0.0,0.720,0.000,68.186,6.275,0.01
1786342193,bench_mixed,0.00,0.00,0.0,0.720,0.000,68.186,6.278,0.00
1786342198,bench_mixed,0.00,0.00,0.0,0.720,0.000,68.186,6.276,0.00
1786342203,bench_mixed,0.00,0.00,0.0,0.720,0.000,68.186,6.282,0.00
1786342208,bench_mixed,0.00,0.00,0.0,0.720,0.000,68.186,6.281,0.00
1786342213,bench_mixed,0.00,0.00,0.0,0.720,0.000,68.186,6.284,0.00
1786342218,bench_mixed,0.00,0.00,0.0,0.720,0.000,68.186,6.283,0.00
1786342223,bench_mixed,0.00,0.00,0.0,0.720,0.000,68.186,6.283,0.00
1786342229,bench_mixed,0.00,0.00,0.0,0.720,0.000,68.186,6.283,0.00
1786342234,bench_mixed,0.00,0.00,0.0,0.720,0.000,68.186,6.284,0.00
1786342239,bench_mixed,0.00,0.00,0.0,0.720,0.000,68.186,6.283,0.00
1786342244,bench_mixed,0.00,0.00,0.0,0.720,0.000,68.186,6.284,0.00
1786342249,bench_mixed,0.00,0.00,0.0,0.720,0.000,68.186,6.283,0.00
1786342254,bench_mixed,0.00,0.00,0.0,0.720,0.000,68.186,6.285,0.00
1786342259,bench_mixed,0.00,0.00,0.0,0.720,0.000,68.186,6.285,0.00
1786342264,bench_mixed,0.00,0.00,0.0,0.720,0.000,68.186,6.288,0.00
1786342269,bench_mixed,0.00,0.00,0.0,0.720,0.000,68.186,6.286,0.00
1786342274,bench_mixed,0.00,0.00,0.0,0.720,0.000,68.186,6.286,0.00
1786342279,bench_mixed,0.00,0.00,0.0,0.720,0.000,68.186,6.286,0.00
1786342284,bench_mixed,0.00,0.00,0.0,0.720,0.000,68.186,6.288,0.00
1786342289,bench_mixed,0.00,0.00,0.0,0.720,0.000,68.186,6.288,0.00
1786342294,bench_mixed,0.00,0.00,0.0,0.720,0.000,68.186,6.288,0.00
1786342299,bench_mixed,0.00,0.00,0.0,0.720,0.000,68.186,6.288,0.00
1786342304,bench_mixed,0.00,0.00,0.0,0.720,0.000,68.186,6.286,0.00
1786342309,bench_mixed,0.00,0.00,0.0,0.720,0.000,68.186,6.286,0.00
1786342314,bench_mixed,0.00,0.00,0.0,0.720,0.000,68.186,6.286,0.00
1786342319,bench_mixed,0.00,0.00,0.0,0.720,0.000,68.186,6.282,0.00
1786342325,bench_mixed,0.00,0.00,0.0,0.720,0.000,68.186,6.285,0.00
1786342330,bench_mixed,0.00,0.00,0.0,0.720,0.000,68.186,6.285,0.00
1786342335,bench_mixed,0.00,0.00,0.0,0.720,0.000,68.186,6.287,0.00
1786342340,bench_mixed,0.00,0.00,0.0,0.720,0.000,68.186,6.287,0.00
1786342345,bench_mixed,0.00,0.00,0.0,0.720,0.000,68.186,6.288,0.00
1786342350,bench_mixed,0.00,0.00,0.0,0.720,0.000,68.186,6.287,0.00
1786342355,bench_mixed,0.00,0.00,0.0,0.720,0.000,68.186,6.287,0.00
1786342360,bench_mixed,0.00,0.00,0.0,0.720,0.000,68.186,6.286,0.00
1786342365,bench_mixed,0.00,0.00,0.0,0.720,0.000,68.186,6.288,0.00
1786342370,bench_mixed,0.00,0.00,0.0,0.720,0.000,68.186,6.288,0.00
1786342375,bench_mixed,0.00,0.00,0.0,0.720,0.000,68.186,6.285,0.00
1786342380,bench_mixed,0.00,0.00,0.0,0.720,0.000,68.186,6.284,0.00
1786342385,bench_mixed,0.00,0.00,0.0,0.720,0.000,68.186,6.287,0.00
1786342390,bench_mixed,0.00,0.00,0.0,0.720,0.000,68.186,6.288,0.00
1786342395,bench_mixed,0.00,0.00,0.0,0.720,0.000,68.186,6.287,0.00
1786342400,bench_mixed,0.00,0.00,0.0,0.720,0.000,68.186,6.287,0.00
1786342405,bench_mixed,0.00,0.00,0.0,0.720,0.000,68.186,6.291,0.00
1786342410,bench_mixed,0.00,0.00,0.0,0.720,0.000,68.186,6.290,0.00
1786342415,bench_mixed,0.00,0.00,0.0,0.720,0.000,68.186,6.290,0.00
1786342421,bench_mixed,0.00,0.00,0.0,0.720,0.000,68.186,6.289,0.00
1786342426,bench_mixed,0.00,0.00,0.0,0.720,0.000,68.186,6.288,0.00
1786342431,bench_mixed,0.00,0.00,0.0,0.720,0.000,68.186,6.288,0.00
1786342436,bench_mixed,0.00,0.00,0.0,0.720,0.000,68.186,6.284,0.00
1786342441,bench_mixed,0.00,0.00,0.0,0.720,0.000,68.186,6.290,0.00
1786342446,bench_mixed,0.00,0.00,0.0,0.720,0.000,68.186,6.290,0.00
1786342451,bench_mixed,0.00,0.00,0.0,0.720,0.000,68.186,6.291,0.00
1786342456,bench_mixed,0.00,0.00,0.0,0.720,0.000,68.186,6.287,0.00
1786342461,bench_mixed,0.00,0.00,0.0,0.720,0.000,68.186,6.287,0.00
1786342466,bench_mixed,0.00,0.00,0.0,0.720,0.000,68.186,6.288,0.00
1786342471,bench_mixed,0.00,0.00,0.0,0.720,0.000,68.186,6.288,0.00
1786342476,bench_mixed,0.00,0.00,0.0,0.720,0.000,68.186,6.288,0.00
1786342481,bench_mixed,0.00,0.00,0.0,0.720,0.000,68.186,6.286,0.00
1786342486,bench_mixed,0.00,0.00,0.0,0.720,0.000,68.186,6.272,0.05
1786342491,bench_mixed,0.00,0.00,0.0,0.720,0.000,68.186,6.273,0.00
1786342496,bench_mixed,0.00,0.00,0.0,0.720,0.000,68.186,6.274,0.00
1786342501,bench_mixed,0.00,0.00,0.0,0.720,0.000,68.186,6.270,0.00
1786342506,bench_mixed,0.00,0.00,0.0,0.720,0.000,68.186,6.277,0.00
1786342511,bench_mixed,0.00,0.00,0.0,0.720,0.000,68.186,6.277,0.00
1786342517,bench_mixed,0.00,0.00,0.0,0.720,0.000,68.186,6.278,0.00
1786342522,bench_mixed,0.00,0.00,0.0,0.720,0.000,68.186,6.278,0.00
1786342527,bench_mixed,0.00,0.00,0.0,0.720,0.000,68.186,6.281,0.00
1786342532,bench_mixed,0.00,0.00,0.0,0.720,0.000,68.186,6.280,0.00
1786342537,bench_mixed,0.00,0.00,0.0,0.720,0.000,68.186,6.281,0.00
1786342542,bench_mixed,0.00,0.00,0.0,0.720,0.000,68.186,6.280,0.00
1786342547,bench_mixed,0.00,0.00,0.0,0.720,0.000,68.186,6.280,0.00
1786342552,bench_mixed,0.00,0.00,0.0,0.720,0.000,68.186,6.281,0.00
1786342557,bench_mixed,0.00,0.00,0.0,0.720,0.000,68.186,6.281,0.00
1786342562,bench_mixed,0.00,0.00,0.0,0.720,0.000,68.186,6.282,0.00
1786342567,bench_mixed,0.00,0.00,0.0,0.720,0.000,68.186,6.283,0.00
1786342572,bench_mixed,0.00,0.00,0.0,0.720,0.000,68.186,6.283,0.00
1786342577,bench_mixed,0.00,0.00,0.0,0.720,0.000,68.186,6.283,0.00
1786342582,bench_mixed,0.00,0.00,0.0,0.720,0.000,68.186,6.284,0.00
1786342587,bench_mixed,0.00,0.00,0.0,0.720,0.000,68.186,6.284,0.00
1786342592,bench_mixed,0.00,0.00,0.0,0.720,0.000,68.186,6.284,0.00
1786342597,bench_mixed,0.00,0.00,0.0,0.720,0.000,68.186,6.284,0.00
1786342602,bench_mixed,0.00,0.00,0.0,0.720,0.000,68.186,6.286,0.00
1786342608,bench_mixed,0.00,0.00,0.0,0.720,0.000,68.186,6.285,0.00
1786342613,bench_mixed,0.00,0.00,0.0,0.720,0.000,68.186,6.283,0.00
1786342618,bench_mixed,0.00,0.00,0.0,0.720,0.000,68.186,6.282,0.00
1786342623,bench_mixed,0.00,0.00,0.0,0.720,0.000,68.186,6.283,0.00
1786342628,bench_mixed,0.00,0.00,0.0,0.720,0.000,68.186,6.284,0.00
1786342633,bench_mixed,0.00,0.00,0.0,0.720,0.000,68.186,6.282,0.00
1786342638,bench_mixed,0.00,0.00,0.0,0.720,0.000,68.186,6.282,0.00
1786342643,bench_mixed,0.00,0.00,0.0,0.720,0.000,68.186,6.282,0.00
1786342648,bench_mixed,0.00,0.00,0.0,0.720,0.000,68.186,6.281,0.00
1786342653,bench_mixed,0.00,0.00,0.0,0.720,0.000,68.186,6.283,0.00
1786342658,bench_mixed,0.00,0.00,0.0,0.720,0.000,68.186,6.282,0.00
1786342663,bench_mixed,0.00,0.00,0.0,0.720,0.000,68.186,6.284,0.00
1786342668,bench_mixed,0.00,0.00,0.0,0.720,0.000,68.186,6.283,0.00
1786342673,bench_mixed,0.00,0.00,0.0,0.720,0.000,68.186,6.285,0.00
1786342678,bench_mixed,0.00,0.00,0.0,0.720,0.000,68.186,6.285,0.00
1786342683,bench_mixed,0.00,0.00,0.0,0.720,0.000,68.186,6.288,0.00
1786342688,bench_mixed,0.00,0.00,0.0,0.720,0.000,68.186,6.288,0.00
1786342693,bench_mixed,0.00,0.00,0.0,0.720,0.000,68.186,6.285,0.00
1786342698,bench_mixed,0.00,0.00,0.0,0.720,0.000,68.186,6.288,0.00
1786342704,bench_mixed,0.00,0.00,0.0,0.720,0.000,68.186,6.290,0.00
1786342709,bench_mixed,0.00,0.00,0.0,0.720,0.000,68.186,6.288,0.00
1786342714,bench_mixed,0.00,0.00,0.0,0.720,0.000,68.186,6.288,0.00
1786342719,bench_mixed,0.00,0.00,0.0,0.720,0.000,68.186,6.289,0.00
1786342724,bench_mixed,0.00,0.00,0.0,0.720,0.000,68.186,6.289,0.00
1786342729,bench_mixed,0.00,0.00,0.0,0.720,0.000,68.186,6.289,0.00
1786342734,bench_mixed,0.00,0.00,0.0,0.720,0.000,68.186,6.286,0.00
1786342739,bench_mixed,0.00,0.00,0.0,0.720,0.000,68.186,6.285,0.00
1786342744,bench_mixed,0.00,0.00,0.0,0.720,0.000,68.186,6.283,0.00
1786342749,bench_mixed,0.00,0.00,0.0,0.720,0.000,68.186,6.279,0.00
1786342754,bench_mixed,0.00,0.00,0.0,0.720,0.000,68.186,6.282,0.00
1786342759,bench_mixed,0.00,0.00,0.0,0.720,0.000,68.186,6.281,0.00
1786342764,bench_mixed,0.00,0.00,0.0,0.720,0.000,68.186,6.283,0.00
1786342769,bench_mixed,0.00,0.00,0.0,0.720,0.000,68.186,6.283,0.00
1786342774,bench_mixed,0.00,0.00,0.0,0.720,0.000,68.186,6.280,0.00
1786342779,bench_mixed,0.00,0.00,0.0,0.720,0.000,68.186,6.280,0.00
1786342784,bench_mixed,0.00,0.00,0.0,0.720,0.000,68.186,6.270,0.06
1786342789,bench_mixed,0.00,0.00,0.0,0.720,0.000,68.186,6.270,0.00
1786342795,bench_mixed,0.00,0.00,0.0,0.720,0.000,68.186,6.271,0.00
1786342800,bench_mixed,0.00,0.00,0.0,0.720,0.000,68.186,6.271,0.00
1786342805,bench_mixed,0.00,0.00,0.0,0.720,0.000,68.186,6.272,0.00
1786342810,bench_mixed,0.00,0.00,0.0,0.720,0.000,68.186,6.272,0.00
1786342815,bench_mixed,0.00,0.00,0.0,0.720,0.000,68.186,6.272,0.00
1786342820,bench_mixed,0.00,0.00,0.0,0.720,0.000,68.186,6.272,0.00
1786342825,bench_mixed,0.00,0.00,0.0,0.720,0.000,68.186,6.274,0.00
1786342830,bench_mixed,0.00,0.00,0.0,0.720,0.000,68.186,6.273,0.00
1786342835,bench_mixed,0.00,0.00,0.0,0.720,0.000,68.186,6.275,0.00
1786342840,bench_mixed,0.00,0.00,0.0,0.720,0.000,68.186,6.275,0.00
1786342845,bench_mixed,0.00,0.00,0.0,0.720,0.000,68.186,6.276,0.00
1786342850,bench_mixed,0.00,0.00,0.0,0.720,0.000,68.186,6.275,0.00
1786342855,bench_mixed,0.00,0.00,0.0,0.720,0.000,68.186,6.279,0.00
1786342860,bench_mixed,0.00,0.00,0.0,0.720,0.000,68.186,6.278,0.00
1786342865,bench_mixed,0.00,0.00,0.0,0.720,0.000,68.186,6.280,0.00
1786342870,bench_mixed,0.00,0.00,0.0,0.720,0.000,68.186,6.280,0.00
1786342875,bench_mixed,0.00,0.00,0.0,0.720,0.000,68.186,6.279,0.00
1786342880,bench_mixed,0.00,0.00,0.0,0.720,0.000,68.186,6.274,0.00
1786342885,bench_mixed,0.00,0.00,0.0,0.720,0.000,68.186,6.280,0.00
1786342891,bench_mixed,0.00,0.00,0.0,0.720,0.000,68.186,6.280,0.00
1786342896,bench_mixed,0.00,0.00,0.0,0.720,0.000,68.186,6.282,0.00
1786342901,bench_mixed,0.00,0.00,0.0,0.720,0.000,68.186,6.280,0.00
1786342906,bench_mixed,0.00,0.00,0.0,0.720,0.000,68.186,6.274,0.00
1786342911,bench_mixed,0.00,0.00,0.0,0.720,0.000,68.186,6.280,0.00
1786342916,bench_mixed,0.00,0.00,0.0,0.720,0.000,68.186,6.279,0.00
1786342921,bench_mixed,0.00,0.00,0.0,0.720,0.000,68.186,6.281,0.00
1786342926,bench_mixed,0.00,0.00,0.0,0.720,0.000,68.186,6.281,0.00
1786342931,bench_mixed,0.00,0.00,0.0,0.720,0.000,68.186,6.282,0.00
1786342936,bench_mixed,0.00,0.00,0.0,0.720,0.000,68.186,6.281,0.00
1786342941,bench_mixed,0.00,0.00,0.0,0.720,0.000,68.186,6.280,0.00
1786342946,bench_mixed,0.00,0.00,0.0,0.720,0.000,68.186,6.284,0.00
1786342951,bench_mixed,0.00,0.00,0.0,0.720,0.000,68.186,6.284,0.00
1786342956,bench_mixed,0.00,0.00,0.0,0.720,0.000,68.186,6.285,0.00
1786342961,bench_mixed,0.00,0.00,0.0,0.720,0.000,68.186,6.282,0.00
1786342966,bench_mixed,0.00,0.00,0.0,0.720,0.000,68.186,6.281,0.00
1786342971,bench_mixed,0.00,0.00,0.0,0.720,0.000,68.186,6.282,0.00
1786342976,bench_mixed,0.00,0.00,0.0,0.720,0.000,68.186,6.281,0.00
1786342981,bench_mixed,0.00,0.00,0.0,0.720,0.000,68.186,6.281,0.00
1786342987,bench_mixed,0.00,0.00,0.0,0.720,0.000,68.186,6.281,0.00
1786342992,bench_mixed,0.00,0.00,0.0,0.720,0.000,68.186,6.281,0.00
1786342997,bench_mixed,0.00,0.00,0.0,0.720,0.000,68.186,6.281,0.00
1786343002,bench_mixed,0.00,0.00,0.0,0.720,0.000,68.186,6.280,0.00
1786343007,bench_mixed,0.00,0.00,0.0,0.720,0.000,68.186,6.276,0.00
1786343012,bench_mixed,0.00,0.00,0.0,0.720,0.000,68.186,6.281,0.00
1786343017,bench_mixed,0.00,0.00,0.0,0.720,0.000,68.186,6.280,0.00
1786343022,bench_mixed,0.00,0.00,0.0,0.720,0.000,68.186,6.281,0.00
1786343027,bench_mixed,0.00,0.00,0.0,0.720,0.000,68.186,6.283,0.00
1786343032,bench_mixed,0.00,0.00,0.0,0.720,0.000,68.186,6.281,0.00
1786343037,bench_mixed,0.00,0.00,0.0,0.720,0.000,68.186,6.281,0.00
1786343042,bench_mixed,0.00,0.00,0.0,0.720,0.000,68.186,6.283,0.00
1786343047,bench_mixed,0.00,0.00,0.0,0.720,0.000,68.186,6.283,0.00
1786343052,bench_mixed,0.00,0.00,0.0,0.720,0.000,68.186,6.283,0.00
1786343057,bench_mixed,0.00,0.00,0.0,0.720,0.000,68.186,6.283,0.00
1786343062,bench_mixed,0.00,0.00,0.0,0.720,0.000,68.186,6.283,0.00
1786343067,bench_mixed,0.00,0.00,0.0,0.720,0.000,68.186,6.284,0.00
1786343072,bench_mixed,0.00,0.00,0.0,0.720,0.000,68.186,6.284,0.00
1786343077,bench_mixed,0.00,0.00,0.0,0.720,0.000,68.186,6.283,0.00
1786343083,bench_mixed,0.00,0.00,0.0,0.720,0.000,68.186,6.270,0.04
1786343088,bench_mixed,0.00,0.00,0.0,0.720,0.000,68.186,6.268,0.02
1786343093,bench_mixed,0.00,0.00,0.0,0.720,0.000,68.186,6.273,0.00
1786343098,bench_mixed,0.00,0.00,0.0,0.720,0.000,68.186,6.273,0.00
1786343103,bench_mixed,0.00,0.00,0.0,0.720,0.000,68.186,6.274,0.00
1786343108,bench_mixed,0.00,0.00,0.0,0.720,0.000,68.186,6.273,0.00
1786343113,bench_mixed,0.00,0.00,0.0,0.720,0.000,68.186,6.275,0.00
1786343118,bench_mixed,0.00,0.00,0.0,0.720,0.000,68.186,6.275,0.00
1786343123,bench_mixed,0.00,0.00,0.0,0.720,0.000,68.186,6.277,0.00
1786343128,bench_mixed,0.00,0.00,0.0,0.720,0.000,68.186,6.278,0.00
1786343133,bench_mixed,0.00,0.00,0.0,0.720,0.000,68.186,6.279,0.00
1786343138,bench_mixed,0.00,0.00,0.0,0.720,0.000,68.186,6.278,0.00
1786343143,bench_mixed,0.00,0.00,0.0,0.720,0.000,68.186,6.278,0.00
1786343148,bench_mixed,0.00,0.00,0.0,0.720,0.000,68.186,6.282,0.00
1786343153,bench_mixed,0.00,0.00,0.0,0.720,0.000,68.186,6.283,0.00
1786343158,bench_mixed,0.00,0.00,0.0,0.720,0.000,68.186,6.282,0.00
1786343163,bench_mixed,0.00,0.00,0.0,0.720,0.000,68.186,6.282,0.00
1786343168,bench_mixed,0.00,0.00,0.0,0.720,0.000,68.186,6.282,0.00
1786343174,bench_mixed,0.00,0.00,0.0,0.720,0.000,68.186,6.282,0.00
1786343179,bench_mixed,0.00,0.00,0.0,0.720,0.000,68.186,6.283,0.00
1786343184,bench_mixed,0.00,0.00,0.0,0.720,0.000,68.186,6.283,0.00
1786343189,bench_mixed,0.00,0.00,0.0,0.720,0.000,68.186,6.285,0.00
1786343194,bench_mixed,0.00,0.00,0.0,0.720,0.000,68.186,6.286,0.00
1786343199,bench_mixed,0.00,0.00,0.0,0.720,0.000,68.186,6.285,0.00
1786343204,bench_mixed,0.00,0.00,0.0,0.720,0.000,68.186,6.282,0.00
1786343209,bench_mixed,0.00,0.00,0.0,0.720,0.000,68.186,6.282,0.00
1786343214,bench_mixed,0.00,0.00,0.0,0.720,0.000,68.186,6.283,0.00
1786343219,bench_mixed,0.00,0.00,0.0,0.720,0.000,68.186,6.282,0.00
1786343224,bench_mixed,0.00,0.00,0.0,0.720,0.000,68.186,6.281,0.00
1786343229,bench_mixed,0.00,0.00,0.0,0.720,0.000,68.186,6.281,0.00
1786343234,bench_mixed,0.00,0.00,0.0,0.720,0.000,68.186,6.281,0.00
1786343239,bench_mixed,0.00,0.00,0.0,0.720,0.000,68.186,6.280,0.00
1786343244,bench_mixed,0.00,0.00,0.0,0.720,0.000,68.186,6.283,0.00
1786343249,bench_mixed,0.00,0.00,0.0,0.720,0.000,68.186,6.282,0.00
1786343254,bench_mixed,0.00,0.00,0.0,0.720,0.000,68.186,6.280,0.00
1786343259,bench_mixed,0.00,0.00,0.0,0.720,0.000,68.186,6.280,0.00
1786343264,bench_mixed,0.00,0.00,0.0,0.720,0.000,68.186,6.277,0.00
1786343270,bench_mixed,0.00,0.00,0.0,0.720,0.000,68.186,6.279,0.00
1786343275,bench_mixed,0.00,0.00,0.0,0.720,0.000,68.186,6.280,0.00
1786343280,bench_mixed,0.00,0.00,0.0,0.720,0.000,68.186,6.279,0.00
1786343285,bench_mixed,0.00,0.00,0.0,0.720,0.000,68.186,6.280,0.00
1786343290,bench_mixed,0.00,0.00,0.0,0.720,0.000,68.186,6.280,0.00
1786343295,bench_mixed,0.00,0.00,0.0,0.720,0.000,68.186,6.280,0.00
1786343300,bench_mixed,0.00,0.00,0.0,0.720,0.000,68.186,6.280,0.00
1786343305,bench_mixed,0.00,0.00,0.0,0.720,0.000,68.186,6.279,0.00
1786343310,bench_mixed,0.00,0.00,0.0,0.720,0.000,68.186,6.279,0.00
1786343315,bench_mixed,0.00,0.00,0.0,0.720,0.000,68.186,6.281,0.00
1786343320,bench_mixed,0.00,0.00,0.0,0.720,0.000,68.186,6.279,0.00
1786343325,bench_mixed,0.00,0.00,0.0,0.720,0.000,68.186,6.279,0.00
1786343330,bench_mixed,0.00,0.00,0.0,0.720,0.000,68.186,6.278,0.00
1786343335,bench_mixed,0.00,0.00,0.0,0.720,0.000,68.186,6.277,0.00
1786343340,bench_mixed,0.00,0.00,0.0,0.720,0.000,68.186,6.276,0.00
1786343345,bench_mixed,0.00,0.00,0.0,0.720,0.000,68.186,6.275,0.00
1786343350,bench_mixed,0.00,0.00,0.0,0.720,0.000,68.186,6.276,0.00
1786343355,bench_mixed,0.00,0.00,0.0,0.720,0.000,68.186,6.277,0.00
1786343360,bench_mixed,0.00,0.00,0.0,0.720,0.000,68.186,6.280,0.00
1786343366,bench_mixed,0.00,0.00,0.0,0.720,0.000,68.186,6.279,0.00
1786343371,bench_mixed,0.00,0.00,0.0,0.720,0.000,68.186,6.281,0.00
1786343376,bench_mixed,0.00,0.00,0.0,0.720,0.000,68.186,6.280,0.00
1786343381,bench_mixed,0.00,0.00,0.0,0.720,0.000,68.186,6.281,0.00
1786343386,bench_mixed,0.00,0.00,0.0,0.720,0.000,68.186,6.263,0.06
1786343391,bench_mixed,0.00,0.00,0.0,0.720,0.000,68.186,6.268,0.00
1786343396,bench_mixed,0.00,0.00,0.0,0.720,0.000,68.186,6.269,0.00
1786343401,bench_mixed,0.00,0.00,0.0,0.720,0.000,68.186,6.271,0.00
1786343406,bench_mixed,0.00,0.00,0.0,0.720,0.000,68.186,6.271,0.00
1786343411,bench_mixed,0.00,0.00,0.0,0.720,0.000,68.186,6.272,0.00
1786343416,bench_mixed,0.00,0.00,0.0,0.720,0.000,68.186,6.271,0.00
1786343421,bench_mixed,0.00,0.00,0.0,0.720,0.000,68.186,6.272,0.00
1786343426,bench_mixed,0.00,0.00,0.0,0.720,0.000,68.186,6.272,0.00
1786343431,bench_mixed,0.00,0.00,0.0,0.720,0.000,68.186,6.273,0.00
1786343436,bench_mixed,0.00,0.00,0.0,0.720,0.000,68.186,6.273,0.00
1786343441,bench_mixed,0.00,0.00,0.0,0.720,0.000,68.186,6.274,0.00
1786343446,bench_mixed,0.00,0.00,0.0,0.720,0.000,68.186,6.274,0.00
1786343451,bench_mixed,0.00,0.00,0.0,0.720,0.000,68.186,6.274,0.00
1786343457,bench_mixed,0.00,0.00,0.0,0.720,0.000,68.186,6.273,0.00
1786343462,bench_mixed,0.00,0.00,0.0,0.720,0.000,68.186,6.273,0.00
1786343467,bench_mixed,0.00,0.00,0.0,0.720,0.000,68.186,6.275,0.00
1786343472,bench_mixed,0.00,0.00,0.0,0.720,0.000,68.186,6.275,0.00
1786343477,bench_mixed,0.00,0.00,0.0,0.720,0.000,68.186,6.274,0.00
1786343482,bench_mixed,0.00,0.00,0.0,0.720,0.000,68.186,6.277,0.00
1786343487,bench_mixed,0.00,0.00,0.0,0.720,0.000,68.186,6.277,0.00
1786343492,bench_mixed,0.00,0.00,0.0,0.720,0.000,68.186,6.278,0.00
1786343497,bench_mixed,0.00,0.00,0.0,0.720,0.000,68.186,6.276,0.00
1786343502,bench_mixed,0.00,0.00,0.0,0.720,0.000,68.186,6.277,0.00
1786343507,bench_mixed,0.00,0.00,0.0,0.720,0.000,68.186,6.277,0.00
1786343512,bench_mixed,0.00,0.00,0.0,0.720,0.000,68.186,6.274,0.00
1786343517,bench_mixed,0.00,0.00,0.0,0.720,0.000,68.186,6.275,0.00
1786343522,bench_mixed,0.00,0.00,0.0,0.720,0.000,68.186,6.278,0.00
1786343527,bench_mixed,0.00,0.00,0.0,0.720,0.000,68.186,6.278,0.00
1786343532,bench_mixed,0.00,0.00,0.0,0.720,0.000,68.186,6.274,0.00
1786343537,bench_mixed,0.00,0.00,0.0,0.720,0.000,68.186,6.274,0.00
1786343542,bench_mixed,0.00,0.00,0.0,0.720,0.000,68.186,6.277,0.00
1786343547,bench_mixed,0.00,0.00,0.0,0.720,0.000,68.186,6.277,0.00
1786343553,bench_mixed,0.00,0.00,0.0,0.720,0.000,68.186,6.278,0.00
1786343558,bench_mixed,0.00,0.00,0.0,0.720,0.000,68.186,6.278,0.00
1786343563,bench_mixed,0.00,0.00,0.0,0.720,0.000,68.186,6.280,0.00
1786343568,bench_mixed,0.00,0.00,0.0,0.720,0.000,68.186,6.280,0.00
1786343573,bench_mixed,0.00,0.00,0.0,0.720,0.000,68.186,6.276,0.00
1786343578,bench_mixed,0.00,0.00,0.0,0.720,0.000,68.186,6.280,0.00
1786343583,bench_mixed,0.00,0.00,0.0,0.720,0.000,68.186,6.279,0.00
1786343588,bench_mixed,0.00,0.00,0.0,0.720,0.000,68.186,6.278,0.00
1786343593,bench_mixed,0.00,0.00,0.0,0.720,0.000,68.186,6.278,0.00
1786343598,bench_mixed,0.00,0.00,0.0,0.720,0.000,68.186,6.278,0.00
1786343603,bench_mixed,0.00,0.00,0.0,0.720,0.000,68.186,6.279,0.00
1786343608,bench_mixed,0.00,0.00,0.0,0.720,0.000,68.186,6.278,0.00
1786343613,bench_mixed,0.00,0.00,0.0,0.720,0.000,68.186,6.279,0.00
1786343618,bench_mixed,0.00,0.00,0.0,0.720,0.000,68.186,6.278,0.00
1786343623,bench_mixed,0.00,0.00,0.0,0.720,0.000,68.186,6.278,0.00
1786343628,bench_mixed,0.00,0.00,0.0,0.720,0.000,68.186,6.278,0.00
1786343633,bench_mixed,0.00,0.00,0.0,0.720,0.000,68.186,6.278,0.00
1786343638,bench_mixed,0.00,0.00,0.0,0.720,0.000,68.186,6.277,0.00
1786343643,bench_mixed,0.00,0.00,0.0,0.720,0.000,68.186,6.277,0.00
1786343649,bench_mixed,0.00,0.00,0.0,0.720,0.000,68.186,6.280,0.00
1786343654,bench_mixed,0.00,0.00,0.0,0.720,0.000,68.186,6.278,0.00
1786343659,bench_mixed,0.00,0.00,0.0,0.720,0.000,68.186,6.279,0.00
1786343664,bench_mixed,0.00,0.00,0.0,0.720,0.000,68.186,6.279,0.00
1786343669,bench_mixed,0.00,0.00,0.0,0.720,0.000,68.186,6.278,0.00
1786343674,bench_mixed,0.00,0.00,0.0,0.720,0.000,68.186,6.278,0.00
1786343679,bench_mixed,0.00,0.00,0.0,0.720,0.000,68.186,6.278,0.00
1786343684,bench_mixed,0.00,0.00,0.0,0.720,0.000,68.186,6.261,0.06
1786343689,bench_mixed,0.00,0.00,0.0,0.720,0.000,68.186,6.263,0.00
1786343694,bench_mixed,0.00,0.00,0.0,0.720,0.000,68.186,6.264,0.00
1786343699,bench_mixed,0.00,0.00,0.0,0.720,0.000,68.186,6.266,0.00
1786343704,bench_mixed,0.00,0.00,0.0,0.720,0.000,68.186,6.265,0.00
1786343709,bench_mixed,0.00,0.00,0.0,0.720,0.000,68.186,6.267,0.00
1786343714,bench_mixed,0.00,0.00,0.0,0.720,0.000,68.186,6.267,0.00
1786343719,bench_mixed,0.00,0.00,0.0,0.720,0.000,68.186,6.269,0.00
1786343724,bench_mixed,0.00,0.00,0.0,0.720,0.000,68.186,6.270,0.00
1786343729,bench_mixed,0.00,0.00,0.0,0.720,0.000,68.186,6.271,0.00
1786343734,bench_mixed,0.00,0.00,0.0,0.720,0.000,68.186,6.271,0.00
1786343740,bench_mixed,0.00,0.00,0.0,0.720,0.000,68.186,6.271,0.00
1786343745,bench_mixed,0.00,0.00,0.0,0.720,0.000,68.186,6.271,0.00
1786343750,bench_mixed,0.00,0.00,0.0,0.720,0.000,68.186,6.271,0.00
1786343755,bench_mixed,0.00,0.00,0.0,0.720,0.000,68.186,6.270,0.00
1786343760,bench_mixed,0.00,0.00,0.0,0.720,0.000,68.186,6.272,0.00
1786343765,bench_mixed,0.00,0.00,0.0,0.720,0.000,68.186,6.272,0.00
1786343770,bench_mixed,0.00,0.00,0.0,0.720,0.000,68.186,6.273,0.00
1786343775,bench_mixed,0.00,0.00,0.0,0.720,0.000,68.186,6.273,0.00
1786343780,bench_mixed,0.00,0.00,0.0,0.720,0.000,68.186,6.273,0.00
1786343785,bench_mixed,0.00,0.00,0.0,0.720,0.000,68.186,6.272,0.00
1786343790,bench_mixed,0.00,0.00,0.0,0.720,0.000,68.186,6.270,0.00
1786343795,bench_mixed,0.00,0.00,0.0,0.720,0.000,68.186,6.270,0.00
1786343800,bench_mixed,0.00,0.00,0.0,0.720,0.000,68.186,6.273,0.00
1786343805,bench_mixed,0.00,0.00,0.0,0.720,0.000,68.186,6.273,0.00
1786343810,bench_mixed,0.00,0.00,0.0,0.720,0.000,68.186,6.270,0.00
1786343815,bench_mixed,0.00,0.00,0.0,0.720,0.000,68.186,6.266,0.00
1786343820,bench_mixed,0.00,0.00,0.0,0.720,0.000,68.186,6.269,0.00
1786343825,bench_mixed,0.00,0.00,0.0,0.720,0.000,68.186,6.269,0.00
1786343830,bench_mixed,0.00,0.00,0.0,0.720,0.000,68.186,6.270,0.00
1786343836,bench_mixed,0.00,0.00,0.0,0.720,0.000,68.186,6.269,0.00
1786343841,bench_mixed,0.00,0.00,0.0,0.720,0.000,68.186,6.271,0.00
1786343846,bench_mixed,0.00,0.00,0.0,0.720,0.000,68.186,6.270,0.00
1786343851,bench_mixed,0.00,0.00,0.0,0.720,0.000,68.186,6.269,0.00
1786343856,bench_mixed,0.00,0.00,0.0,0.720,0.000,68.186,6.269,0.00
1786343861,bench_mixed,0.00,0.00,0.0,0.720,0.000,68.186,6.269,0.00
1786343866,bench_mixed,0.00,0.00,0.0,0.720,0.000,68.186,6.268,0.00
1786343871,bench_mixed,0.00,0.00,0.0,0.720,0.000,68.186,6.266,0.00
1786343876,bench_mixed,0.00,0.00,0.0,0.720,0.000,68.186,6.262,0.00
1786343881,bench_mixed,0.00,0.00,0.0,0.720,0.000,68.186,6.267,0.00
1786343886,bench_mixed,0.00,0.00,0.0,0.720,0.000,68.186,6.267,0.00
1786343891,bench_mixed,0.00,0.00,0.0,0.720,0.000,68.186,6.267,0.00
1786343896,bench_mixed,0.00,0.00,0.0,0.720,0.000,68.186,6.267,0.00
1786343901,bench_mixed,0.00,0.00,0.0,0.720,0.000,68.186,6.273,0.00
1786343906,bench_mixed,0.00,0.00,0.0,0.720,0.000,68.186,6.272,0.00
1786343911,bench_mixed,0.00,0.00,0.0,0.720,0.000,68.186,6.272,0.00
1786343916,bench_mixed,0.00,0.00,0.0,0.720,0.000,68.186,6.272,0.00
1786343921,bench_mixed,0.00,0.00,0.0,0.720,0.000,68.186,6.273,0.00
1786343926,bench_mixed,0.00,0.00,0.0,0.720,0.000,68.186,6.273,0.00
1786343932,bench_mixed,0.00,0.00,0.0,0.720,0.000,68.186,6.275,0.00
1786343937,bench_mixed,0.00,0.00,0.0,0.720,0.000,68.186,6.271,0.00
1786343942,bench_mixed,0.00,0.00,0.0,0.720,0.000,68.186,6.276,0.00
1786343947,bench_mixed,0.00,0.00,0.0,0.720,0.000,68.186,6.275,0.00
1786343952,bench_mixed,0.00,0.00,0.0,0.720,0.000,68.186,6.275,0.00
1786343957,bench_mixed,0.00,0.00,0.0,0.720,0.000,68.186,6.275,0.00
1786343962,bench_mixed,0.00,0.00,0.0,0.720,0.000,68.186,6.275,0.00
1786343967,bench_mixed,0.00,0.00,0.0,0.720,0.000,68.186,6.275,0.00
1786343972,bench_mixed,0.00,0.00,0.0,0.720,0.000,68.186,6.273,0.00
1786343977,bench_mixed,0.00,0.00,0.0,0.720,0.000,68.186,6.272,0.00
1786343982,bench_mixed,0.00,0.00,0.0,0.720,0.000,68.186,6.264,0.02
1786343987,bench_mixed,0.00,0.00,0.0,0.720,0.000,68.186,6.256,0.03
1786343992,bench_mixed,0.00,0.00,0.0,0.720,0.000,68.186,6.251,0.00
1786343997,bench_mixed,0.00,0.00,0.0,0.720,0.000,68.186,6.256,0.00
1786344002,bench_mixed,0.00,0.00,0.0,0.720,0.000,68.186,6.256,0.00
1786344007,bench_mixed,0.00,0.00,0.0,0.720,0.000,68.186,6.259,0.00
1786344012,bench_mixed,0.00,0.00,0.0,0.720,0.000,68.186,6.259,0.00
1786344017,bench_mixed,0.00,0.00,0.0,0.720,0.000,68.186,6.261,0.00
1786344022,bench_mixed,0.00,0.00,0.0,0.720,0.000,68.186,6.260,0.00
1786344028,bench_mixed,0.00,0.00,0.0,0.720,0.000,68.186,6.265,0.00
1786344033,bench_mixed,0.00,0.00,0.0,0.720,0.000,68.186,6.265,0.00
1786344038,bench_mixed,0.00,0.00,0.0,0.720,0.000,68.186,6.267,0.00
1786344043,bench_mixed,0.00,0.00,0.0,0.720,0.000,68.186,6.266,0.00
1786344048,bench_mixed,0.00,0.00,0.0,0.720,0.000,68.186,6.265,0.00
1786344053,bench_mixed,0.00,0.00,0.0,0.720,0.000,68.186,6.265,0.00
1786344058,bench_mixed,0.00,0.00,0.0,0.720,0.000,68.186,6.263,0.00
1786344063,bench_mixed,0.00,0.00,0.0,0.720,0.000,68.186,6.266,0.00
1786344068,bench_mixed,0.00,0.00,0.0,0.720,0.000,68.186,6.268,0.00
1786344073,bench_mixed,0.00,0.00,0.0,0.720,0.000,68.186,6.268,0.00
1786344078,bench_mixed,0.00,0.00,0.0,0.720,0.000,68.186,6.270,0.00
1786344083,bench_mixed,0.00,0.00,0.0,0.720,0.000,68.186,6.270,0.00
1786344088,bench_mixed,0.00,0.00,0.0,0.720,0.000,68.186,6.271,0.00
1786344093,bench_mixed,0.00,0.00,0.0,0.720,0.000,68.186,6.270,0.00
1786344098,bench_mixed,0.00,0.00,0.0,0.720,0.000,68.186,6.272,0.00
1786344103,bench_mixed,0.00,0.00,0.0,0.720,0.000,68.186,6.272,0.00
1786344108,bench_mixed,0.00,0.00,0.0,0.720,0.000,68.186,6.272,0.00
1786344113,bench_mixed,0.00,0.00,0.0,0.720,0.000,68.186,6.273,0.00
1786344119,bench_mixed,0.00,0.00,0.0,0.720,0.000,68.186,6.272,0.00
1786344124,bench_mixed,0.00,0.00,0.0,0.720,0.000,68.186,6.272,0.00
1786344129,bench_mixed,0.00,0.00,0.0,0.720,0.000,68.186,6.273,0.00
1786344134,bench_mixed,0.00,0.00,0.0,0.720,0.000,68.186,6.273,0.00
1786344139,bench_mixed,0.00,0.00,0.0,0.720,0.000,68.186,6.274,0.00
1786344144,bench_mixed,0.00,0.00,0.0,0.720,0.000,68.186,6.274,0.00
1786344149,bench_mixed,0.00,0.00,0.0,0.720,0.000,68.186,6.274,0.00
1786344154,bench_mixed,0.00,0.00,0.0,0.720,0.000,68.186,6.274,0.00
1786344159,bench_mixed,0.00,0.00,0.0,0.720,0.000,68.186,6.274,0.00
1786344164,bench_mixed,0.00,0.00,0.0,0.720,0.000,68.186,6.274,0.00
1786344169,bench_mixed,0.00,0.00,0.0,0.720,0.000,68.186,6.273,0.00
1786344174,bench_mixed,0.00,0.00,0.0,0.720,0.000,68.186,6.272,0.00
1786344179,bench_mixed,0.00,0.00,0.0,0.720,0.000,68.186,6.269,0.00
1786344184,bench_mixed,0.00,0.00,0.0,0.720,0.000,68.186,6.274,0.00
1786344189,bench_mixed,0.00,0.00,0.0,0.720,0.000,68.186,6.273,0.00
1786344194,bench_mixed,0.00,0.00,0.0,0.720,0.000,68.186,6.273,0.00
1786344199,bench_mixed,0.00,0.00,0.0,0.720,0.000,68.186,6.275,0.00
1786344204,bench_mixed,0.00,0.00,0.0,0.720,0.000,68.186,6.275,0.00
1786344209,bench_mixed,0.00,0.00,0.0,0.720,0.000,68.186,6.274,0.00
1786344215,bench_mixed,0.00,0.00,0.0,0.720,0.000,68.186,6.274,0.00
1786344220,bench_mixed,0.00,0.00,0.0,0.720,0.000,68.186,6.273,0.00
1786344225,bench_mixed,0.00,0.00,0.0,0.720,0.000,68.186,6.274,0.00
1786344230,bench_mixed,0.00,0.00,0.0,0.720,0.000,68.186,6.274,0.00
1786344235,bench_mixed,0.00,0.00,0.0,0.720,0.000,68.186,6.273,0.00
1786344240,bench_mixed,0.00,0.00,0.0,0.720,0.000,68.186,6.274,0.00
1786344245,bench_mixed,0.00,0.00,0.0,0.720,0.000,68.186,6.274,0.00
1786344250,bench_mixed,0.00,0.00,0.0,0.720,0.000,68.186,6.275,0.00
1786344255,bench_mixed,0.00,0.00,0.0,0.720,0.000,68.186,6.275,0.00
1786344260,bench_mixed,0.00,0.00,0.0,0.720,0.000,68.186,6.275,0.00
1786344265,bench_mixed,0.00,0.00,0.0,0.720,0.000,68.186,6.275,0.00
1786344270,bench_mixed,0.00,0.00,0.0,0.720,0.000,68.186,6.277,0.00
1786344275,bench_mixed,0.00,0.00,0.0,0.720,0.000,68.186,6.278,0.00
1786344280,bench_mixed,0.00,0.00,0.0,0.720,0.000,68.186,6.275,0.00
1786344285,bench_mixed,0.00,0.00,0.0,0.720,0.000,68.186,6.256,0.06
1786344290,bench_mixed,0.00,0.00,0.0,0.720,0.000,68.186,6.265,0.00
1786344295,bench_mixed,0.00,0.00,0.0,0.720,0.000,68.186,6.264,0.00
1786344300,bench_mixed,0.00,0.00,0.0,0.720,0.000,68.186,6.265,0.00
1786344305,bench_mixed,0.00,0.00,0.0,0.720,0.000,68.186,6.265,0.00
1786344311,bench_mixed,0.00,0.00,0.0,0.720,0.000,68.186,6.267,0.00
1786344316,bench_mixed,0.00,0.00,0.0,0.720,0.000,68.186,6.267,0.00
1786344321,bench_mixed,0.00,0.00,0.0,0.720,0.000,68.186,6.268,0.00
1786344326,bench_mixed,0.00,0.00,0.0,0.720,0.000,68.186,6.267,0.00
1786344331,bench_mixed,0.00,0.00,0.0,0.720,0.000,68.186,6.268,0.00
1786344336,bench_mixed,0.00,0.00,0.0,0.720,0.000,68.186,6.268,0.00
1786344341,bench_mixed,0.00,0.00,0.0,0.720,0.000,68.186,6.268,0.00
1786344346,bench_mixed,0.00,0.00,0.0,0.720,0.000,68.186,6.268,0.00
1786344351,bench_mixed,0.00,0.00,0.0,0.720,0.000,68.186,6.270,0.00
1786344356,bench_mixed,0.00,0.00,0.0,0.720,0.000,68.186,6.268,0.00
1786344361,bench_mixed,0.00,0.00,0.0,0.720,0.000,68.186,6.263,0.00
1786344366,bench_mixed,0.00,0.00,0.0,0.720,0.000,68.186,6.268,0.00
1786344371,bench_mixed,0.00,0.00,0.0,0.720,0.000,68.186,6.268,0.00
1786344376,bench_mixed,0.00,0.00,0.0,0.720,0.000,68.186,6.271,0.00
1786344381,bench_mixed,0.00,0.00,0.0,0.720,0.000,68.186,6.270,0.00
1786344386,bench_mixed,0.00,0.00,0.0,0.720,0.000,68.186,6.268,0.00
1786344391,bench_mixed,0.00,0.00,0.0,0.720,0.000,68.186,6.268,0.00
1786344396,bench_mixed,0.00,0.00,0.0,0.720,0.000,68.186,6.269,0.00
1786344402,bench_mixed,0.00,0.00,0.0,0.720,0.000,68.186,6.269,0.00
1786344407,bench_mixed,0.00,0.00,0.0,0.720,0.000,68.186,6.270,0.00
1786344412,bench_mixed,0.00,0.00,0.0,0.720,0.000,68.186,6.270,0.00
1786344417,bench_mixed,0.00,0.00,0.0,0.720,0.000,68.186,6.273,0.00
1786344422,bench_mixed,0.00,0.00,0.0,0.720,0.000,68.186,6.273,0.00
1786344427,bench_mixed,0.00,0.00,0.0,0.720,0.000,68.186,6.274,0.00
1786344432,bench_mixed,0.00,0.00,0.0,0.720,0.000,68.186,6.273,0.00
1786344437,bench_mixed,0.00,0.00,0.0,0.720,0.000,68.186,6.273,0.00
1786344442,bench_mixed,0.00,0.00,0.0,0.720,0.000,68.186,6.274,0.00
1786344447,bench_mixed,0.00,0.00,0.0,0.720,0.000,68.186,6.273,0.00
1786344452,bench_mixed,0.00,0.00,0.0,0.720,0.000,68.186,6.273,0.00
1786344457,bench_mixed,0.00,0.00,0.0,0.720,0.000,68.186,6.274,0.00
1786344462,bench_mixed,0.00,0.00,0.0,0.720,0.000,68.186,6.275,0.00
1786344467,bench_mixed,0.00,0.00,0.0,0.720,0.000,68.186,6.276,0.00
1786344472,bench_mixed,0.00,0.00,0.0,0.720,0.000,68.186,6.277,0.00
1786344477,bench_mixed,0.00,0.00,0.0,0.720,0.000,68.186,6.275,0.00
1786344482,bench_mixed,0.00,0.00,0.0,0.720,0.000,68.186,6.276,0.00
1786344487,bench_mixed,0.00,0.00,0.0,0.720,0.000,68.186,6.275,0.00
1786344492,bench_mixed,0.00,0.00,0.0,0.720,0.000,68.186,6.275,0.00
1786344498,bench_mixed,0.00,0.00,0.0,0.720,0.000,68.186,6.276,0.00
1786344503,bench_mixed,0.00,0.00,0.0,0.720,0.000,68.186,6.275,0.00
1786344508,bench_mixed,0.00,0.00,0.0,0.720,0.000,68.186,6.274,0.00
1786344513,bench_mixed,0.00,0.00,0.0,0.720,0.000,68.186,6.274,0.00
1786344518,bench_mixed,0.00,0.00,0.0,0.720,0.000,68.186,6.275,0.00
1786344523,bench_mixed,0.00,0.00,0.0,0.720,0.000,68.186,6.275,0.00
1786344528,bench_mixed,0.00,0.00,0.0,0.720,0.000,68.186,6.275,0.00
1786344533,bench_mixed,0.00,0.00,0.0,0.720,0.000,68.186,6.274,0.00
1786344538,bench_mixed,0.00,0.00,0.0,0.720,0.000,68.186,6.274,0.00
1786344543,bench_mixed,0.00,0.00,0.0,0.720,0.000,68.186,6.270,0.00
1786344548,bench_mixed,0.00,0.00,0.0,0.720,0.000,68.186,6.274,0.00
1786344553,bench_mixed,0.00,0.00,0.0,0.720,0.000,68.186,6.273,0.00
1786344558,bench_mixed,0.00,0.00,0.0,0.720,0.000,68.186,6.272,0.00
1786344563,bench_mixed,0.00,0.00,0.0,0.720,0.000,68.186,6.272,0.00
1786344568,bench_mixed,0.00,0.00,0.0,0.720,0.000,68.186,6.274,0.00
1786344573,bench_mixed,0.00,0.00,0.0,0.720,0.000,68.186,6.274,0.00
1786344578,bench_mixed,0.00,0.00,0.0,0.720,0.000,68.186,6.273,0.00
1786344583,bench_mixed,0.00,0.00,0.0,0.720,0.000,68.186,6.258,0.05
1786344589,bench_mixed,0.00,0.00,0.0,0.720,0.000,68.186,6.257,0.01
1786344594,bench_mixed,0.00,0.00,0.0,0.720,0.000,68.186,6.257,0.00
1786344599,bench_mixed,0.00,0.00,0.0,0.720,0.000,68.186,6.257,0.00
1786344604,bench_mixed,0.00,0.00,0.0,0.720,0.000,68.186,6.260,0.00
1786344609,bench_mixed,0.00,0.00,0.0,0.720,0.000,68.186,6.262,0.00
1786344614,bench_mixed,0.00,0.00,0.0,0.720,0.000,68.186,6.262,0.00
1786344619,bench_mixed,0.00,0.00,0.0,0.720,0.000,68.186,6.263,0.00
1786344624,bench_mixed,0.00,0.00,0.0,0.720,0.000,68.186,6.263,0.00
1786344629,bench_mixed,0.00,0.00,0.0,0.720,0.000,68.186,6.263,0.00
1786344634,bench_mixed,0.00,0.00,0.0,0.720,0.000,68.186,6.263,0.00
1786344639,bench_mixed,0.00,0.00,0.0,0.720,0.000,68.186,6.264,0.00
1786344644,bench_mixed,0.00,0.00,0.0,0.720,0.000,68.186,6.265,0.00
1786344649,bench_mixed,0.00,0.00,0.0,0.720,0.000,68.186,6.264,0.00
1786344654,bench_mixed,0.00,0.00,0.0,0.720,0.000,68.186,6.264,0.00
1786344659,bench_mixed,0.00,0.00,0.0,0.720,0.000,68.186,6.265,0.00
1786344664,bench_mixed,0.00,0.00,0.0,0.720,0.000,68.186,6.265,0.00
1786344669,bench_mixed,0.00,0.00,0.0,0.720,0.000,68.186,6.268,0.00
1786344674,bench_mixed,0.00,0.00,0.0,0.720,0.000,68.186,6.266,0.00
1786344679,bench_mixed,0.00,0.00,0.0,0.720,0.000,68.186,6.269,0.00
1786344685,bench_mixed,0.00,0.00,0.0,0.720,0.000,68.186,6.268,0.00
1786344690,bench_mixed,0.00,0.00,0.0,0.720,0.000,68.186,6.268,0.00
1786344695,bench_mixed,0.00,0.00,0.0,0.720,0.000,68.186,6.267,0.00
1786344700,bench_mixed,0.00,0.00,0.0,0.720,0.000,68.186,6.267,0.00
1786344705,bench_mixed,0.00,0.00,0.0,0.720,0.000,68.186,6.265,0.00
1786344710,bench_mixed,0.00,0.00,0.0,0.720,0.000,68.186,6.265,0.00
1786344715,bench_mixed,0.00,0.00,0.0,0.720,0.000,68.186,6.265,0.00
1786344720,bench_mixed,0.00,0.00,0.0,0.720,0.000,68.186,6.264,0.00
1786344725,bench_mixed,0.00,0.00,0.0,0.720,0.000,68.186,6.265,0.00
1786344730,bench_mixed,0.00,0.00,0.0,0.720,0.000,68.186,6.264,0.00
1786344735,bench_mixed,0.00,0.00,0.0,0.720,0.000,68.186,6.265,0.00
1786344740,bench_mixed,0.00,0.00,0.0,0.720,0.000,68.186,6.265,0.00
1786344745,bench_mixed,0.00,0.00,0.0,0.720,0.000,68.186,6.266,0.00
1786344750,bench_mixed,0.00,0.00,0.0,0.720,0.000,68.186,6.265,0.00
1786344755,bench_mixed,0.00,0.00,0.0,0.720,0.000,68.186,6.264,0.00
1786344760,bench_mixed,0.00,0.00,0.0,0.720,0.000,68.186,6.263,0.00
1786344765,bench_mixed,0.00,0.00,0.0,0.720,0.000,68.186,6.264,0.00
1786344770,bench_mixed,0.00,0.00,0.0,0.720,0.000,68.186,6.263,0.00
1786344775,bench_mixed,0.00,0.00,0.0,0.720,0.000,68.186,6.263,0.00
1786344781,bench_mixed,0.00,0.00,0.0,0.720,0.000,68.186,6.263,0.00
1786344786,bench_mixed,0.00,0.00,0.0,0.720,0.000,68.186,6.261,0.00
1786344791,bench_mixed,0.00,0.00,0.0,0.720,0.000,68.186,6.257,0.00
1786344796,bench_mixed,0.00,0.00,0.0,0.720,0.000,68.186,6.261,0.00
1786344801,bench_mixed,0.00,0.00,0.0,0.720,0.000,68.186,6.261,0.00
1786344806,bench_mixed,0.00,0.00,0.0,0.720,0.000,68.186,6.264,0.00
1786344811,bench_mixed,0.00,0.00,0.0,0.720,0.000,68.186,6.264,0.00
1786344816,bench_mixed,0.00,0.00,0.0,0.720,0.000,68.186,6.263,0.00
1786344821,bench_mixed,0.00,0.00,0.0,0.720,0.000,68.186,6.263,0.00
1786344826,bench_mixed,0.00,0.00,0.0,0.720,0.000,68.186,6.263,0.00
1786344831,bench_mixed,0.00,0.00,0.0,0.720,0.000,68.186,6.263,0.00
1786344836,bench_mixed,0.00,0.00,0.0,0.720,0.000,68.186,6.264,0.00
1786344841,bench_mixed,0.00,0.00,0.0,0.720,0.000,68.186,6.265,0.00
1786344846,bench_mixed,0.00,0.00,0.0,0.720,0.000,68.186,6.266,0.00
1786344851,bench_mixed,0.00,0.00,0.0,0.720,0.000,68.186,6.266,0.00
1786344856,bench_mixed,0.00,0.00,0.0,0.720,0.000,68.186,6.265,0.00
1786344861,bench_mixed,0.00,0.00,0.0,0.720,0.000,68.186,6.265,0.00
1786344866,bench_mixed,0.00,0.00,0.0,0.720,0.000,68.186,6.266,0.00
1786344871,bench_mixed,0.00,0.00,0.0,0.720,0.000,68.186,6.265,0.00
1786344877,bench_mixed,0.00,0.00,0.0,0.720,0.000,68.186,6.267,0.00
1786344882,bench_mixed,0.00,0.00,0.0,0.720,0.000,68.186,6.265,0.00
1786344887,bench_mixed,0.00,0.00,0.0,0.720,0.000,68.186,6.252,0.05
1786344892,bench_mixed,0.00,0.00,0.0,0.720,0.000,68.186,6.252,0.00
1786344897,bench_mixed,0.00,0.00,0.0,0.720,0.000,68.186,6.255,0.00
1786344902,bench_mixed,0.00,0.00,0.0,0.720,0.000,68.186,6.254,0.00
1786344907,bench_mixed,0.00,0.00,0.0,0.720,0.000,68.186,6.257,0.00
1786344912,bench_mixed,0.00,0.00,0.0,0.720,0.000,68.186,6.256,0.00
1786344917,bench_mixed,0.00,0.00,0.0,0.720,0.000,68.186,6.258,0.00
1786344922,bench_mixed,0.00,0.00,0.0,0.720,0.000,68.186,6.258,0.00
1786344927,bench_mixed,0.00,0.00,0.0,0.720,0.000,68.186,6.259,0.00
1786344932,bench_mixed,0.00,0.00,0.0,0.720,0.000,68.186,6.259,0.00
1786344937,bench_mixed,0.00,0.00,0.0,0.720,0.000,68.186,6.261,0.00
1786344942,bench_mixed,0.00,0.00,0.0,0.720,0.000,68.186,6.261,0.00
1786344947,bench_mixed,0.00,0.00,0.0,0.720,0.000,68.186,6.262,0.00
1786344952,bench_mixed,0.00,0.00,0.0,0.720,0.000,68.186,6.262,0.00
1786344957,bench_mixed,0.00,0.00,0.0,0.720,0.000,68.186,6.263,0.00
1786344962,bench_mixed,0.00,0.00,0.0,0.720,0.000,68.186,6.263,0.00
1786344968,bench_mixed,0.00,0.00,0.0,0.720,0.000,68.186,6.263,0.00
1786344973,bench_mixed,0.00,0.00,0.0,0.720,0.000,68.186,6.261,0.00
1786344978,bench_mixed,0.00,0.00,0.0,0.720,0.000,68.186,6.261,0.00
1786344983,bench_mixed,0.00,0.00,0.0,0.720,0.000,68.186,6.261,0.00
1786344988,bench_mixed,0.00,0.00,0.0,0.720,0.000,68.186,6.260,0.00
1786344993,bench_mixed,0.00,0.00,0.0,0.720,0.000,68.186,6.260,0.00
1786344998,bench_mixed,0.00,0.00,0.0,0.720,0.000,68.186,6.260,0.00
1786345003,bench_mixed,0.00,0.00,0.0,0.720,0.000,68.186,6.261,0.00
1786345008,bench_mixed,0.00,0.00,0.0,0.720,0.000,68.186,6.261,0.00
1786345013,bench_mixed,0.00,0.00,0.0,0.720,0.000,68.186,6.261,0.00
1786345018,bench_mixed,0.00,0.00,0.0,0.720,0.000,68.186,6.261,0.00
1786345023,bench_mixed,0.00,0.00,0.0,0.720,0.000,68.186,6.260,0.00
1786345028,bench_mixed,0.00,0.00,0.0,0.720,0.000,68.186,6.257,0.00
1786345033,bench_mixed,0.00,0.00,0.0,0.720,0.000,68.186,6.260,0.00
1786345038,bench_mixed,0.00,0.00,0.0,0.720,0.000,68.186,6.261,0.00
1786345043,bench_mixed,0.00,0.00,0.0,0.720,0.000,68.186,6.260,0.00
1786345048,bench_mixed,0.00,0.00,0.0,0.720,0.000,68.186,6.261,0.00
1786345053,bench_mixed,0.00,0.00,0.0,0.720,0.000,68.186,6.260,0.00
1786345058,bench_mixed,0.00,0.00,0.0,0.720,0.000,68.186,6.263,0.00
1786345064,bench_mixed,0.00,0.00,0.0,0.720,0.000,68.186,6.262,0.00
1786345069,bench_mixed,0.00,0.00,0.0,0.720,0.000,68.186,6.261,0.00
1786345074,bench_mixed,0.00,0.00,0.0,0.720,0.000,68.186,6.261,0.00
1786345079,bench_mixed,0.00,0.00,0.0,0.720,0.000,68.186,6.252,0.00
1786345084,bench_mixed,0.00,0.00,0.0,0.720,0.000,68.186,6.260,0.00
1786345089,bench_mixed,0.00,0.00,0.0,0.720,0.000,68.186,6.260,0.00
1786345094,bench_mixed,0.00,0.00,0.0,0.720,0.000,68.186,6.258,0.00
1786345099,bench_mixed,0.00,0.00,0.0,0.720,0.000,68.186,6.261,0.00
1786345104,bench_mixed,0.00,0.00,0.0,0.720,0.000,68.186,6.264,0.00
1786345109,bench_mixed,0.00,0.00,0.0,0.720,0.000,68.186,6.264,0.00
1786345114,bench_mixed,0.00,0.00,0.0,0.720,0.000,68.186,6.266,0.00
1786345119,bench_mixed,0.00,0.00,0.0,0.720,0.000,68.186,6.265,0.00
1786345124,bench_mixed,0.00,0.00,0.0,0.720,0.000,68.186,6.266,0.00
1786345129,bench_mixed,0.00,0.00,0.0,0.720,0.000,68.186,6.265,0.00
1786345134,bench_mixed,0.00,0.00,0.0,0.720,0.000,68.186,6.263,0.00
1786345139,bench_mixed,0.00,0.00,0.0,0.720,0.000,68.186,6.263,0.00
1786345144,bench_mixed,0.00,0.00,0.0,0.720,0.000,68.186,6.263,0.00
1786345149,bench_mixed,0.00,0.00,0.0,0.720,0.000,68.186,6.263,0.00
1786345155,bench_mixed,0.00,0.00,0.0,0.720,0.000,68.186,6.262,0.00
1786345160,bench_mixed,0.00,0.00,0.0,0.720,0.000,68.186,6.263,0.00
1786345165,bench_mixed,0.00,0.00,0.0,0.720,0.000,68.186,6.262,0.00
1786345170,bench_mixed,0.00,0.00,0.0,0.720,0.000,68.186,6.262,0.00
1786345175,bench_mixed,0.00,0.00,0.0,0.720,0.000,68.186,6.262,0.00
1786345180,bench_mixed,0.00,0.00,0.0,0.720,0.000,68.186,6.262,0.00
1786345185,bench_mixed,0.00,0.00,0.0,0.720,0.000,68.186,6.240,0.06
1786345190,bench_mixed,0.00,0.00,0.0,0.720,0.000,68.186,6.241,0.00
1786345195,bench_mixed,0.00,0.00,0.0,0.720,0.000,68.186,6.250,0.00
1786345200,bench_mixed,0.00,0.00,0.0,0.720,0.000,68.186,6.249,0.00
1786345205,bench_mixed,0.00,0.00,0.0,0.720,0.000,68.186,6.251,0.00
1786345210,bench_mixed,0.00,0.00,0.0,0.720,0.000,68.186,6.251,0.00
1786345215,bench_mixed,0.00,0.00,0.0,0.720,0.000,68.186,6.252,0.00
1786345220,bench_mixed,0.00,0.00,0.0,0.720,0.000,68.186,6.252,0.00
1786345225,bench_mixed,0.00,0.00,0.0,0.720,0.000,68.186,6.252,0.00
1786345230,bench_mixed,0.00,0.00,0.0,0.720,0.000,68.186,6.253,0.00
1786345235,bench_mixed,0.00,0.00,0.0,0.720,0.000,68.186,6.255,0.00
1786345240,bench_mixed,0.00,0.00,0.0,0.720,0.000,68.186,6.255,0.00
1786345245,bench_mixed,0.00,0.00,0.0,0.720,0.000,68.186,6.255,0.00
1786345251,bench_mixed,0.00,0.00,0.0,0.720,0.000,68.186,6.255,0.00
1786345256,bench_mixed,0.00,0.00,0.0,0.720,0.000,68.186,6.257,0.00
1786345261,bench_mixed,0.00,0.00,0.0,0.720,0.000,68.186,6.257,0.00
1786345266,bench_mixed,0.00,0.00,0.0,0.720,0.000,68.186,6.256,0.00
1786345271,bench_mixed,0.00,0.00,0.0,0.720,0.000,68.186,6.256,0.00
1786345276,bench_mixed,0.00,0.00,0.0,0.720,0.000,68.186,6.256,0.00
1786345281,bench_mixed,0.00,0.00,0.0,0.720,0.000,68.186,6.254,0.00
1786345286,bench_mixed,0.00,0.00,0.0,0.720,0.000,68.186,6.254,0.00
1786345291,bench_mixed,0.00,0.00,0.0,0.720,0.000,68.186,6.249,0.00
1786345296,bench_mixed,0.00,0.00,0.0,0.720,0.000,68.186,6.254,0.00
1786345301,bench_mixed,0.00,0.00,0.0,0.720,0.000,68.186,6.254,0.00
1786345306,bench_mixed,0.00,0.00,0.0,0.720,0.000,68.186,6.255,0.00
1786345311,bench_mixed,0.00,0.00,0.0,0.720,0.000,68.186,6.255,0.00
1786345316,bench_mixed,0.00,0.00,0.0,0.720,0.000,68.186,6.255,0.00
1786345321,bench_mixed,0.00,0.00,0.0,0.720,0.000,68.186,6.255,0.00
1786345326,bench_mixed,0.00,0.00,0.0,0.720,0.000,68.186,6.256,0.00
1786345331,bench_mixed,0.00,0.00,0.0,0.720,0.000,68.186,6.256,0.00
1786345336,bench_mixed,0.00,0.00,0.0,0.720,0.000,68.186,6.258,0.00
1786345341,bench_mixed,0.00,0.00,0.0,0.720,0.000,68.186,6.258,0.00
1786345347,bench_mixed,0.00,0.00,0.0,0.720,0.000,68.186,6.257,0.00
1786345352,bench_mixed,0.00,0.00,0.0,0.720,0.000,68.186,6.257,0.00
1786345357,bench_mixed,0.00,0.00,0.0,0.720,0.000,68.186,6.257,0.00
1786345362,bench_mixed,0.00,0.00,0.0,0.720,0.000,68.186,6.259,0.00
1786345367,bench_mixed,0.00,0.00,0.0,0.720,0.000,68.186,6.256,0.00
1786345372,bench_mixed,0.00,0.00,0.0,0.720,0.000,68.186,6.256,0.00
1786345377,bench_mixed,0.00,0.00,0.0,0.720,0.000,68.186,6.256,0.00
1786345382,bench_mixed,0.00,0.00,0.0,0.720,0.000,68.186,6.256,0.00
1786345387,bench_mixed,0.00,0.00,0.0,0.720,0.000,68.186,6.260,0.00
1786345392,bench_mixed,0.00,0.00,0.0,0.720,0.000,68.186,6.260,0.00
1786345397,bench_mixed,0.00,0.00,0.0,0.720,0.000,68.186,6.258,0.00
1786345402,bench_mixed,0.00,0.00,0.0,0.720,0.000,68.186,6.258,0.00
1786345407,bench_mixed,0.00,0.00,0.0,0.720,0.000,68.186,6.260,0.00
1786345412,bench_mixed,0.00,0.00,0.0,0.720,0.000,68.186,6.258,0.00
1786345417,bench_mixed,0.00,0.00,0.0,0.720,0.000,68.186,6.261,0.00
1786345422,bench_mixed,0.00,0.00,0.0,0.720,0.000,68.186,6.261,0.00
1786345427,bench_mixed,0.00,0.00,0.0,0.720,0.000,68.186,6.262,0.00
1786345432,bench_mixed,0.00,0.00,0.0,0.720,0.000,68.186,6.260,0.00
1786345437,bench_mixed,0.00,0.00,0.0,0.720,0.000,68.186,6.260,0.00
1786345443,bench_mixed,0.00,0.00,0.0,0.720,0.000,68.186,6.258,0.00
1786345448,bench_mixed,0.00,0.00,0.0,0.720,0.000,68.186,6.258,0.00
1786345453,bench_mixed,0.00,0.00,0.0,0.720,0.000,68.186,6.262,0.00
1786345458,bench_mixed,0.00,0.00,0.0,0.720,0.000,68.186,6.262,0.00
1786345463,bench_mixed,0.00,0.00,0.0,0.720,0.000,68.186,6.262,0.00
1786345468,bench_mixed,0.00,0.00,0.0,0.720,0.000,68.186,6.261,0.00
1786345473,bench_mixed,0.00,0.00,0.0,0.720,0.000,68.186,6.260,0.00
1786345478,bench_mixed,0.00,0.00,0.0,0.720,0.000,68.186,6.260,0.00
1786345483,bench_mixed,0.00,0.00,0.0,0.720,0.000,68.186,6.245,0.04
1786345488,bench_mixed,0.00,0.00,0.0,0.720,0.000,68.186,6.240,0.02
1786345493,bench_mixed,0.00,0.00,0.0,0.720,0.000,68.186,6.241,0.00
1786345498,bench_mixed,0.00,0.00,0.0,0.720,0.000,68.186,6.241,0.00
1786345503,bench_mixed,0.00,0.00,0.0,0.720,0.000,68.186,6.244,0.00
1786345508,bench_mixed,0.00,0.00,0.0,0.720,0.000,68.186,6.244,0.00
1786345513,bench_mixed,0.00,0.00,0.0,0.720,0.000,68.186,6.245,0.00
1786345518,bench_mixed,0.00,0.00,0.0,0.720,0.000,68.186,6.245,0.00
1786345523,bench_mixed,0.00,0.00,0.0,0.720,0.000,68.186,6.247,0.00
1786345528,bench_mixed,0.00,0.00,0.0,0.720,0.000,68.186,6.248,0.00
1786345534,bench_mixed,0.00,0.00,0.0,0.720,0.000,68.186,6.249,0.00
1786345539,bench_mixed,0.00,0.00,0.0,0.720,0.000,68.186,6.249,0.00
1786345544,bench_mixed,0.00,0.00,0.0,0.720,0.000,68.186,6.251,0.00
1786345549,bench_mixed,0.00,0.00,0.0,0.720,0.000,68.186,6.252,0.00
1786345554,bench_mixed,0.00,0.00,0.0,0.720,0.000,68.186,6.251,0.00
1786345559,bench_mixed,0.00,0.00,0.0,0.720,0.000,68.186,6.251,0.00
1786345564,bench_mixed,0.00,0.00,0.0,0.720,0.000,68.186,6.252,0.00
1786345569,bench_mixed,0.00,0.00,0.0,0.720,0.000,68.186,6.251,0.00
1786345574,bench_mixed,0.00,0.00,0.0,0.720,0.000,68.186,6.254,0.00
1786345579,bench_mixed,0.00,0.00,0.0,0.720,0.000,68.186,6.253,0.00
1786345584,bench_mixed,0.00,0.00,0.0,0.720,0.000,68.186,6.253,0.00
1786345589,bench_mixed,0.00,0.00,0.0,0.720,0.000,68.186,6.253,0.00
1786345594,bench_mixed,0.00,0.00,0.0,0.720,0.000,68.186,6.250,0.00
1786345599,bench_mixed,0.00,0.00,0.0,0.720,0.000,68.186,6.252,0.00
1786345604,bench_mixed,0.00,0.00,0.0,0.720,0.000,68.186,6.252,0.00
1786345609,bench_mixed,0.00,0.00,0.0,0.720,0.000,68.186,6.251,0.00
1786345614,bench_mixed,0.00,0.00,0.0,0.720,0.000,68.186,6.252,0.00
1786345619,bench_mixed,0.00,0.00,0.0,0.720,0.000,68.186,6.252,0.00
1786345624,bench_mixed,0.00,0.00,0.0,0.720,0.000,68.186,6.253,0.00
1786345630,bench_mixed,0.00,0.00,0.0,0.720,0.000,68.186,6.253,0.00
1786345635,bench_mixed,0.00,0.00,0.0,0.720,0.000,68.186,6.254,0.00
1786345640,bench_mixed,0.00,0.00,0.0,0.720,0.000,68.186,6.254,0.00
1786345645,bench_mixed,0.00,0.00,0.0,0.720,0.000,68.186,6.254,0.00
1786345650,bench_mixed,0.00,0.00,0.0,0.720,0.000,68.186,6.253,0.00
1786345655,bench_mixed,0.00,0.00,0.0,0.720,0.000,68.186,6.253,0.00
1786345660,bench_mixed,0.00,0.00,0.0,0.720,0.000,68.186,6.252,0.00
1786345665,bench_mixed,0.00,0.00,0.0,0.720,0.000,68.186,6.253,0.00
1786345670,bench_mixed,0.00,0.00,0.0,0.720,0.000,68.186,6.253,0.00
1786345675,bench_mixed,0.00,0.00,0.0,0.720,0.000,68.186,6.255,0.00
1786345680,bench_mixed,0.00,0.00,0.0,0.720,0.000,68.186,6.254,0.00
1786345685,bench_mixed,0.00,0.00,0.0,0.720,0.000,68.186,6.255,0.00
1786345690,bench_mixed,0.00,0.00,0.0,0.720,0.000,68.186,6.253,0.00
1786345695,bench_mixed,0.00,0.00,0.0,0.720,0.000,68.186,6.254,0.00
1786345700,bench_mixed,0.00,0.00,0.0,0.720,0.000,68.186,6.254,0.00
1786345705,bench_mixed,0.00,0.00,0.0,0.720,0.000,68.186,6.254,0.00
1786345710,bench_mixed,0.00,0.00,0.0,0.720,0.000,68.186,6.254,0.00
1786345715,bench_mixed,0.00,0.00,0.0,0.720,0.000,68.186,6.254,0.00
1786345721,bench_mixed,0.00,0.00,0.0,0.720,0.000,68.186,6.255,0.00
1786345726,bench_mixed,0.00,0.00,0.0,0.720,0.000,68.186,6.253,0.00
1786345731,bench_mixed,0.00,0.00,0.0,0.720,0.000,68.186,6.254,0.00
1786345736,bench_mixed,0.00,0.00,0.0,0.720,0.000,68.186,6.256,0.00
1786345741,bench_mixed,0.00,0.00,0.0,0.720,0.000,68.186,6.256,0.00
1786345746,bench_mixed,0.00,0.00,0.0,0.720,0.000,68.186,6.257,0.00
1786345751,bench_mixed,0.00,0.00,0.0,0.720,0.000,68.186,6.256,0.00
1786345756,bench_mixed,0.00,0.00,0.0,0.720,0.000,68.186,6.256,0.00
1786345761,bench_mixed,0.00,0.00,0.0,0.720,0.000,68.186,6.255,0.00
1786345766,bench_mixed,0.00,0.00,0.0,0.720,0.000,68.186,6.254,0.00
1786345771,bench_mixed,0.00,0.00,0.0,0.720,0.000,68.186,6.254,0.00
1786345776,bench_mixed,0.00,0.00,0.0,0.720,0.000,68.186,6.256,0.00
1786345781,bench_mixed,0.00,0.00,0.0,0.720,0.000,68.186,6.255,0.00
1786345786,bench_mixed,0.00,0.00,0.0,0.720,0.000,68.186,6.241,0.06
1786345791,bench_mixed,0.00,0.00,0.0,0.720,0.000,68.186,6.242,0.00
1786345796,bench_mixed,0.00,0.00,0.0,0.720,0.000,68.186,6.244,0.00
1786345801,bench_mixed,0.00,0.00,0.0,0.720,0.000,68.186,6.243,0.00
1786345806,bench_mixed,0.00,0.00,0.0,0.720,0.000,68.186,6.245,0.00
1786345811,bench_mixed,0.00,0.00,0.0,0.720,0.000,68.186,6.247,0.00
1786345817,bench_mixed,0.00,0.00,0.0,0.720,0.000,68.186,6.249,0.00
1786345822,bench_mixed,0.00,0.00,0.0,0.720,0.000,68.186,6.248,0.00
1786345827,bench_mixed,0.00,0.00,0.0,0.720,0.000,68.186,6.247,0.00
1786345832,bench_mixed,0.00,0.00,0.0,0.720,0.000,68.186,6.250,0.00
1786345837,bench_mixed,0.00,0.00,0.0,0.720,0.000,68.186,6.251,0.00
1786345842,bench_mixed,0.00,0.00,0.0,0.720,0.000,68.186,6.248,0.00
1786345847,bench_mixed,0.00,0.00,0.0,0.720,0.000,68.186,6.248,0.00
1786345852,bench_mixed,0.00,0.00,0.0,0.720,0.000,68.186,6.248,0.00
1786345857,bench_mixed,0.00,0.00,0.0,0.720,0.000,68.186,6.248,0.00
1786345862,bench_mixed,0.00,0.00,0.0,0.720,0.000,68.186,6.249,0.00
1786345867,bench_mixed,0.00,0.00,0.0,0.720,0.000,68.186,6.249,0.00
1786345872,bench_mixed,0.00,0.00,0.0,0.720,0.000,68.186,6.249,0.00
1786345877,bench_mixed,0.00,0.00,0.0,0.720,0.000,68.186,6.249,0.00
1786345882,bench_mixed,0.00,0.00,0.0,0.720,0.000,68.186,6.251,0.00
1786345887,bench_mixed,0.00,0.00,0.0,0.720,0.000,68.186,6.252,0.00
1786345892,bench_mixed,0.00,0.00,0.0,0.720,0.000,68.186,6.252,0.00
1786345897,bench_mixed,0.00,0.00,0.0,0.720,0.000,68.186,6.252,0.00
1786345902,bench_mixed,0.00,0.00,0.0,0.720,0.000,68.186,6.254,0.00
1786345907,bench_mixed,0.00,0.00,0.0,0.720,0.000,68.186,6.253,0.00
1786345913,bench_mixed,0.00,0.00,0.0,0.720,0.000,68.186,6.257,0.00
1786345918,bench_mixed,0.00,0.00,0.0,0.720,0.000,68.186,6.256,0.00
1786345923,bench_mixed,0.00,0.00,0.0,0.720,0.000,68.186,6.257,0.00
1786345928,bench_mixed,0.00,0.00,0.0,0.720,0.000,68.186,6.256,0.00
1786345933,bench_mixed,0.00,0.00,0.0,0.720,0.000,68.186,6.256,0.00
1786345938,bench_mixed,0.00,0.00,0.0,0.720,0.000,68.186,6.255,0.00
1786345943,bench_mixed,0.00,0.00,0.0,0.720,0.000,68.186,6.256,0.00
1786345948,bench_mixed,0.00,0.00,0.0,0.720,0.000,68.186,6.257,0.00
1786345953,bench_mixed,0.00,0.00,0.0,0.720,0.000,68.186,6.258,0.00
1786345958,bench_mixed,0.00,0.00,0.0,0.720,0.000,68.186,6.259,0.00
1786345963,bench_mixed,0.00,0.00,0.0,0.720,0.000,68.186,6.256,0.00
1786345968,bench_mixed,0.00,0.00,0.0,0.720,0.000,68.186,6.256,0.00
1786345973,bench_mixed,0.00,0.00,0.0,0.720,0.000,68.186,6.257,0.00
1786345978,bench_mixed,0.00,0.00,0.0,0.720,0.000,68.186,6.252,0.00
1786345983,bench_mixed,0.00,0.00,0.0,0.720,0.000,68.186,6.256,0.00
1786345988,bench_mixed,0.00,0.00,0.0,0.720,0.000,68.186,6.255,0.00
1786345993,bench_mixed,0.00,0.00,0.0,0.720,0.000,68.186,6.257,0.00
1786345998,bench_mixed,0.00,0.00,0.0,0.720,0.000,68.186,6.257,0.00
1786346004,bench_mixed,0.00,0.00,0.0,0.720,0.000,68.186,6.258,0.00
1786346009,bench_mixed,0.00,0.00,0.0,0.720,0.000,68.186,6.258,0.00
1786346014,bench_mixed,0.00,0.00,0.0,0.720,0.000,68.186,6.256,0.00
1786346019,bench_mixed,0.00,0.00,0.0,0.720,0.000,68.186,6.256,0.00
1786346024,bench_mixed,0.00,0.00,0.0,0.720,0.000,68.186,6.253,0.00
1786346029,bench_mixed,0.00,0.00,0.0,0.720,0.000,68.186,6.253,0.00
1786346034,bench_mixed,0.00,0.00,0.0,0.720,0.000,68.186,6.254,0.00
1786346039,bench_mixed,0.00,0.00,0.0,0.720,0.000,68.186,6.251,0.00
1786346044,bench_mixed,0.00,0.00,0.0,0.720,0.000,68.186,6.255,0.00
1786346049,bench_mixed,0.00,0.00,0.0,0.720,0.000,68.186,6.255,0.00
1786346054,bench_mixed,0.00,0.00,0.0,0.720,0.000,68.186,6.252,0.00
1786346059,bench_mixed,0.00,0.00,0.0,0.720,0.000,68.186,6.252,0.00
1786346064,bench_mixed,0.00,0.00,0.0,0.720,0.000,68.186,6.252,0.00
1786346069,bench_mixed,0.00,0.00,0.0,0.720,0.000,68.186,6.252,0.00
1786346074,bench_mixed,0.00,0.00,0.0,0.720,0.000,68.186,6.252,0.00
1786346079,bench_mixed,0.00,0.00,0.0,0.720,0.000,68.186,6.253,0.00
1786346084,bench_mixed,0.00,0.00,0.0,0.720,0.000,68.186,6.237,0.06
1786346089,bench_mixed,0.00,0.00,0.0,0.720,0.000,68.186,6.237,0.00
1786346094,bench_mixed,0.00,0.00,0.0,0.720,0.000,68.186,6.239,0.00
1786346100,bench_mixed,0.00,0.00,0.0,0.720,0.000,68.186,6.240,0.00
1786346105,bench_mixed,0.00,0.00,0.0,0.720,0.000,68.186,6.241,0.00
1786346110,bench_mixed,0.00,0.00,0.0,0.720,0.000,68.186,6.242,0.00
1786346115,bench_mixed,0.00,0.00,0.0,0.720,0.000,68.186,6.243,0.00
1786346120,bench_mixed,0.00,0.00,0.0,0.720,0.000,68.186,6.243,0.00
1786346125,bench_mixed,0.00,0.00,0.0,0.720,0.000,68.186,6.244,0.00
1786346130,bench_mixed,0.00,0.00,0.0,0.720,0.000,68.186,6.243,0.00
1786346135,bench_mixed,0.00,0.00,0.0,0.720,0.000,68.186,6.244,0.00
1786346140,bench_mixed,0.00,0.00,0.0,0.720,0.000,68.186,6.244,0.00
1786346145,bench_mixed,0.00,0.00,0.0,0.720,0.000,68.186,6.244,0.00
1786346150,bench_mixed,0.00,0.00,0.0,0.720,0.000,68.186,6.243,0.00
1786346155,bench_mixed,0.00,0.00,0.0,0.720,0.000,68.186,6.245,0.00
1786346160,bench_mixed,0.00,0.00,0.0,0.720,0.000,68.186,6.243,0.00
1786346165,bench_mixed,0.00,0.00,0.0,0.720,0.000,68.186,6.245,0.00
1786346170,bench_mixed,0.00,0.00,0.0,0.720,0.000,68.186,6.244,0.00
1786346175,bench_mixed,0.00,0.00,0.0,0.720,0.000,68.186,6.245,0.00
1786346180,bench_mixed,0.00,0.00,0.0,0.720,0.000,68.186,6.244,0.00
1786346185,bench_mixed,0.00,0.00,0.0,0.720,0.000,68.186,6.236,0.00
1786346190,bench_mixed,0.00,0.00,0.0,0.720,0.000,68.186,6.244,0.00
1786346196,bench_mixed,0.00,0.00,0.0,0.720,0.000,68.186,6.244,0.00
1786346201,bench_mixed,0.00,0.00,0.0,0.720,0.000,68.186,6.246,0.00
1786346206,bench_mixed,0.00,0.00,0.0,0.720,0.000,68.186,6.245,0.00
1786346211,bench_mixed,0.00,0.00,0.0,0.720,0.000,68.186,6.247,0.00
1786346216,bench_mixed,0.00,0.00,0.0,0.720,0.000,68.186,6.246,0.00
1786346221,bench_mixed,0.00,0.00,0.0,0.720,0.000,68.186,6.247,0.00
1786346226,bench_mixed,0.00,0.00,0.0,0.720,0.000,68.186,6.246,0.00
1786346231,bench_mixed,0.00,0.00,0.0,0.720,0.000,68.186,6.247,0.00
1786346236,bench_mixed,0.00,0.00,0.0,0.720,0.000,68.186,6.248,0.00
1786346241,bench_mixed,0.00,0.00,0.0,0.720,0.000,68.186,6.249,0.00
1786346246,bench_mixed,0.00,0.00,0.0,0.720,0.000,68.186,6.249,0.00
1786346251,bench_mixed,0.00,0.00,0.0,0.720,0.000,68.186,6.247,0.00
1786346256,bench_mixed,0.00,0.00,0.0,0.720,0.000,68.186,6.247,0.00
1786346261,bench_mixed,0.00,0.00,0.0,0.720,0.000,68.186,6.247,0.00
1786346266,bench_mixed,0.00,0.00,0.0,0.720,0.000,68.186,6.247,0.00
1786346271,bench_mixed,0.00,0.00,0.0,0.720,0.000,68.186,6.248,0.00
1786346276,bench_mixed,0.00,0.00,0.0,0.720,0.000,68.186,6.249,0.00
1786346281,bench_mixed,0.00,0.00,0.0,0.720,0.000,68.186,6.251,0.00
1786346287,bench_mixed,0.00,0.00,0.0,0.720,0.000,68.186,6.250,0.00
1786346292,bench_mixed,0.00,0.00,0.0,0.720,0.000,68.186,6.250,0.00
1786346297,bench_mixed,0.00,0.00,0.0,0.720,0.000,68.186,6.249,0.00
1786346302,bench_mixed,0.00,0.00,0.0,0.720,0.000,68.186,6.251,0.00
1786346307,bench_mixed,0.00,0.00,0.0,0.720,0.000,68.186,6.251,0.00
1786346312,bench_mixed,0.00,0.00,0.0,0.720,0.000,68.186,6.251,0.00
1786346317,bench_mixed,0.00,0.00,0.0,0.720,0.000,68.186,6.251,0.00
1786346322,bench_mixed,0.00,0.00,0.0,0.720,0.000,68.186,6.251,0.00
1786346327,bench_mixed,0.00,0.00,0.0,0.720,0.000,68.186,6.251,0.00
1786346332,bench_mixed,0.00,0.00,0.0,0.720,0.000,68.186,6.252,0.00
1786346337,bench_mixed,0.00,0.00,0.0,0.720,0.000,68.186,6.252,0.00
1786346342,bench_mixed,0.00,0.00,0.0,0.720,0.000,68.186,6.252,0.00
1786346347,bench_mixed,0.00,0.00,0.0,0.720,0.000,68.186,6.250,0.00
1786346352,bench_mixed,0.00,0.00,0.0,0.720,0.000,68.186,6.250,0.00
1786346357,bench_mixed,0.00,0.00,0.0,0.720,0.000,68.186,6.249,0.00
1786346362,bench_mixed,0.00,0.00,0.0,0.720,0.000,68.186,6.249,0.00
1786346367,bench_mixed,0.00,0.00,0.0,0.720,0.000,68.186,6.248,0.00
1786346372,bench_mixed,0.00,0.00,0.0,0.720,0.000,68.186,6.247,0.00
1786346377,bench_mixed,0.00,0.00,0.0,0.720,0.000,68.186,6.248,0.00
1786346383,bench_mixed,0.00,0.00,0.0,0.720,0.000,68.186,6.238,0.02
1786346388,bench_mixed,0.00,0.00,0.0,0.720,0.000,68.186,6.230,0.03
1786346393,bench_mixed,0.00,0.00,0.0,0.720,0.000,68.186,6.234,0.00
1786346398,bench_mixed,0.00,0.00,0.0,0.720,0.000,68.186,6.234,0.00
1786346403,bench_mixed,0.00,0.00,0.0,0.720,0.000,68.186,6.237,0.00
1786346408,bench_mixed,0.00,0.00,0.0,0.720,0.000,68.186,6.237,0.00
1786346413,bench_mixed,0.00,0.00,0.0,0.720,0.000,68.186,6.236,0.00
1786346418,bench_mixed,0.00,0.00,0.0,0.720,0.000,68.186,6.237,0.00
1786346423,bench_mixed,0.00,0.00,0.0,0.720,0.000,68.186,6.237,0.00
1786346428,bench_mixed,0.00,0.00,0.0,0.720,0.000,68.186,6.236,0.00
1786346433,bench_mixed,0.00,0.00,0.0,0.720,0.000,68.186,6.240,0.00
1786346438,bench_mixed,0.00,0.00,0.0,0.720,0.000,68.186,6.240,0.00
1786346443,bench_mixed,0.00,0.00,0.0,0.720,0.000,68.186,6.241,0.00
1786346448,bench_mixed,0.00,0.00,0.0,0.720,0.000,68.186,6.240,0.00
1786346453,bench_mixed,0.00,0.00,0.0,0.720,0.000,68.186,6.242,0.00
1786346458,bench_mixed,0.00,0.00,0.0,0.720,0.000,68.186,6.242,0.00
1786346463,bench_mixed,0.00,0.00,0.0,0.720,0.000,68.186,6.244,0.00
1786346468,bench_mixed,0.00,0.00,0.0,0.720,0.000,68.186,6.243,0.00
1786346474,bench_mixed,0.00,0.00,0.0,0.720,0.000,68.186,6.241,0.00
1786346479,bench_mixed,0.00,0.00,0.0,0.720,0.000,68.186,6.242,0.00
1786346484,bench_mixed,0.00,0.00,0.0,0.720,0.000,68.186,6.242,0.00
1786346489,bench_mixed,0.00,0.00,0.0,0.720,0.000,68.186,6.241,0.00
1786346494,bench_mixed,0.00,0.00,0.0,0.720,0.000,68.186,6.243,0.00
1786346499,bench_mixed,0.00,0.00,0.0,0.720,0.000,68.186,6.243,0.00
1786346504,bench_mixed,0.00,0.00,0.0,0.720,0.000,68.186,6.245,0.00
1786346509,bench_mixed,0.00,0.00,0.0,0.720,0.000,68.186,6.245,0.00
1786346514,bench_mixed,0.00,0.00,0.0,0.720,0.000,68.186,6.245,0.00
1786346519,bench_mixed,0.00,0.00,0.0,0.720,0.000,68.186,6.245,0.00
1786346524,bench_mixed,0.00,0.00,0.0,0.720,0.000,68.186,6.244,0.00
1786346529,bench_mixed,0.00,0.00,0.0,0.720,0.000,68.186,6.244,0.00
1786346534,bench_mixed,0.00,0.00,0.0,0.720,0.000,68.186,6.247,0.00
1786346539,bench_mixed,0.00,0.00,0.0,0.720,0.000,68.186,6.245,0.00
1786346544,bench_mixed,0.00,0.00,0.0,0.720,0.000,68.186,6.245,0.00
1786346549,bench_mixed,0.00,0.00,0.0,0.720,0.000,68.186,6.244,0.00
1786346554,bench_mixed,0.00,0.00,0.0,0.720,0.000,68.186,6.243,0.00
1786346559,bench_mixed,0.00,0.00,0.0,0.720,0.000,68.186,6.240,0.00
1786346564,bench_mixed,0.00,0.00,0.0,0.720,0.000,68.186,6.240,0.00
1786346570,bench_mixed,0.00,0.00,0.0,0.720,0.000,68.186,6.240,0.00
1786346575,bench_mixed,0.00,0.00,0.0,0.720,0.000,68.186,6.239,0.00
1786346580,bench_mixed,0.00,0.00,0.0,0.720,0.000,68.186,6.239,0.00
1786346585,bench_mixed,0.00,0.00,0.0,0.720,0.000,68.186,6.238,0.00
1786346590,bench_mixed,0.00,0.00,0.0,0.720,0.000,68.186,6.237,0.00
1786346595,bench_mixed,0.00,0.00,0.0,0.720,0.000,68.186,6.237,0.00
1786346600,bench_mixed,0.00,0.00,0.0,0.720,0.000,68.186,6.238,0.00
1786346605,bench_mixed,0.00,0.00,0.0,0.720,0.000,68.186,6.238,0.00
1786346610,bench_mixed,0.00,0.00,0.0,0.720,0.000,68.186,6.239,0.00
1786346615,bench_mixed,0.00,0.00,0.0,0.720,0.000,68.186,6.238,0.00
1786346620,bench_mixed,0.00,0.00,0.0,0.720,0.000,68.186,6.239,0.00
1786346625,bench_mixed,0.00,0.00,0.0,0.720,0.000,68.186,6.239,0.00
1786346630,bench_mixed,0.00,0.00,0.0,0.720,0.000,68.186,6.241,0.00
1786346635,bench_mixed,0.00,0.00,0.0,0.720,0.000,68.186,6.241,0.00
1786346640,bench_mixed,0.00,0.00,0.0,0.720,0.000,68.186,6.241,0.00
1786346645,bench_mixed,0.00,0.00,0.0,0.720,0.000,68.186,6.241,0.00
1786346650,bench_mixed,0.00,0.00,0.0,0.720,0.000,68.186,6.242,0.00
1786346655,bench_mixed,0.00,0.00,0.0,0.720,0.000,68.186,6.241,0.00
1786346660,bench_mixed,0.00,0.00,0.0,0.720,0.000,68.186,6.243,0.00
1786346666,bench_mixed,0.00,0.00,0.0,0.720,0.000,68.186,6.242,0.00
1786346671,bench_mixed,0.00,0.00,0.0,0.720,0.000,68.186,6.242,0.00
1786346676,bench_mixed,0.00,0.00,0.0,0.720,0.000,68.186,6.241,0.00
1786346681,bench_mixed,0.00,0.00,0.0,0.720,0.000,68.186,6.244,0.00
1786346686,bench_mixed,0.00,0.00,0.0,0.720,0.000,68.186,6.227,0.06
1786346691,bench_mixed,0.00,0.00,0.0,0.720,0.000,68.186,6.229,0.00
1786346696,bench_mixed,0.00,0.00,0.0,0.720,0.000,68.186,6.228,0.00
1786346701,bench_mixed,0.00,0.00,0.0,0.720,0.000,68.186,6.229,0.00
1786346706,bench_mixed,0.00,0.00,0.0,0.720,0.000,68.186,6.230,0.00
1786346711,bench_mixed,0.00,0.00,0.0,0.720,0.000,68.186,6.234,0.00
1786346716,bench_mixed,0.00,0.00,0.0,0.720,0.000,68.186,6.234,0.00
1786346721,bench_mixed,0.00,0.00,0.0,0.720,0.000,68.186,6.234,0.00
1786346726,bench_mixed,0.00,0.00,0.0,0.720,0.000,68.186,6.234,0.00
1786346731,bench_mixed,0.00,0.00,0.0,0.720,0.000,68.186,6.236,0.00
1786346736,bench_mixed,0.00,0.00,0.0,0.720,0.000,68.186,6.236,0.00
1786346741,bench_mixed,0.00,0.00,0.0,0.720,0.000,68.186,6.236,0.00
1786346746,bench_mixed,0.00,0.00,0.0,0.720,0.000,68.186,6.236,0.00
1786346751,bench_mixed,0.00,0.00,0.0,0.720,0.000,68.186,6.236,0.00
1786346757,bench_mixed,0.00,0.00,0.0,0.720,0.000,68.186,6.236,0.00
1786346762,bench_mixed,0.00,0.00,0.0,0.720,0.000,68.186,6.237,0.00
1786346767,bench_mixed,0.00,0.00,0.0,0.720,0.000,68.186,6.237,0.00
1786346772,bench_mixed,0.00,0.00,0.0,0.720,0.000,68.186,6.238,0.00
1786346777,bench_mixed,0.00,0.00,0.0,0.720,0.000,68.186,6.237,0.00
1786346782,bench_mixed,0.00,0.00,0.0,0.720,0.000,68.186,6.239,0.00
1786346787,bench_mixed,0.00,0.00,0.0,0.720,0.000,68.186,6.238,0.00
1786346792,bench_mixed,0.00,0.00,0.0,0.720,0.000,68.186,6.240,0.00
1786346797,bench_mixed,0.00,0.00,0.0,0.720,0.000,68.186,6.238,0.00
1786346802,bench_mixed,0.00,0.00,0.0,0.720,0.000,68.186,6.241,0.00
1786346807,bench_mixed,0.00,0.00,0.0,0.720,0.000,68.186,6.241,0.00
1786346812,bench_mixed,0.00,0.00,0.0,0.720,0.000,68.186,6.244,0.00
1786346817,bench_mixed,0.00,0.00,0.0,0.720,0.000,68.186,6.243,0.00
1786346822,bench_mixed,0.00,0.00,0.0,0.720,0.000,68.186,6.244,0.00
1786346827,bench_mixed,0.00,0.00,0.0,0.720,0.000,68.186,6.244,0.00
1786346832,bench_mixed,0.00,0.00,0.0,0.720,0.000,68.186,6.245,0.00
1786346837,bench_mixed,0.00,0.00,0.0,0.720,0.000,68.186,6.245,0.00
1786346842,bench_mixed,0.00,0.00,0.0,0.720,0.000,68.186,6.245,0.00
1786346847,bench_mixed,0.00,0.00,0.0,0.720,0.000,68.186,6.246,0.00
1786346853,bench_mixed,0.00,0.00,0.0,0.720,0.000,68.186,6.244,0.00
1786346858,bench_mixed,0.00,0.00,0.0,0.720,0.000,68.186,6.246,0.00
1786346863,bench_mixed,0.00,0.00,0.0,0.720,0.000,68.186,6.247,0.00
1786346868,bench_mixed,0.00,0.00,0.0,0.720,0.000,68.186,6.246,0.00
1786346873,bench_mixed,0.00,0.00,0.0,0.720,0.000,68.186,6.248,0.00
1786346878,bench_mixed,0.00,0.00,0.0,0.720,0.000,68.186,6.248,0.00
1786346883,bench_mixed,0.00,0.00,0.0,0.720,0.000,68.186,6.249,0.00
1786346888,bench_mixed,0.00,0.00,0.0,0.720,0.000,68.186,6.249,0.00
1786346893,bench_mixed,0.00,0.00,0.0,0.720,0.000,68.186,6.250,0.00
1786346898,bench_mixed,0.00,0.00,0.0,0.720,0.000,68.186,6.250,0.00
1786346903,bench_mixed,0.00,0.00,0.0,0.720,0.000,68.186,6.248,0.00
1786346908,bench_mixed,0.00,0.00,0.0,0.720,0.000,68.186,6.248,0.00
1786346913,bench_mixed,0.00,0.00,0.0,0.720,0.000,68.186,6.232,0.00
1786346918,bench_mixed,0.00,0.00,0.0,0.720,0.000,68.186,6.246,0.00
1786346923,bench_mixed,0.00,0.00,0.0,0.720,0.000,68.186,6.246,0.00
1786346928,bench_mixed,0.00,0.00,0.0,0.720,0.000,68.186,6.244,0.00
1786346933,bench_mixed,0.00,0.00,0.0,0.720,0.000,68.186,6.245,0.00
1786346938,bench_mixed,0.00,0.00,0.0,0.720,0.000,68.186,6.246,0.00
1786346944,bench_mixed,0.00,0.00,0.0,0.720,0.000,68.186,6.246,0.00
1786346949,bench_mixed,0.00,0.00,0.0,0.720,0.000,68.186,6.248,0.00
1786346954,bench_mixed,0.00,0.00,0.0,0.720,0.000,68.186,6.247,0.00
1786346959,bench_mixed,0.00,0.00,0.0,0.720,0.000,68.186,6.247,0.00
1786346964,bench_mixed,0.00,0.00,0.0,0.720,0.000,68.186,6.248,0.00
1786346969,bench_mixed,0.00,0.00,0.0,0.720,0.000,68.186,6.248,0.00
1786346974,bench_mixed,0.00,0.00,0.0,0.720,0.000,68.186,6.245,0.00
1786346979,bench_mixed,0.00,0.00,0.0,0.720,0.000,68.186,6.248,0.00
1786346984,bench_mixed,0.00,0.00,0.0,0.720,0.000,68.186,6.231,0.05
1786346989,bench_mixed,0.00,0.00,0.0,0.720,0.000,68.186,6.231,0.01
1786346994,bench_mixed,0.00,0.00,0.0,0.720,0.000,68.186,6.231,0.00
1786346999,bench_mixed,0.00,0.00,0.0,0.720,0.000,68.186,6.230,0.00
1786347004,bench_mixed,0.00,0.00,0.0,0.720,0.000,68.186,6.230,0.00
1786347009,bench_mixed,0.00,0.00,0.0,0.720,0.000,68.186,6.232,0.00
1786347014,bench_mixed,0.00,0.00,0.0,0.720,0.000,68.186,6.232,0.00
1786347019,bench_mixed,0.00,0.00,0.0,0.720,0.000,68.186,6.233,0.00
1786347024,bench_mixed,0.00,0.00,0.0,0.720,0.000,68.186,6.233,0.00
1786347029,bench_mixed,0.00,0.00,0.0,0.720,0.000,68.186,6.235,0.00
1786347034,bench_mixed,0.00,0.00,0.0,0.720,0.000,68.186,6.234,0.00
1786347040,bench_mixed,0.00,0.00,0.0,0.720,0.000,68.186,6.238,0.00
1786347045,bench_mixed,0.00,0.00,0.0,0.720,0.000,68.186,6.238,0.00
1786347050,bench_mixed,0.00,0.00,0.0,0.720,0.000,68.186,6.238,0.00
1786347055,bench_mixed,0.00,0.00,0.0,0.720,0.000,68.186,6.239,0.00
1786347060,bench_mixed,0.00,0.00,0.0,0.720,0.000,68.186,6.240,0.00
1786347065,bench_mixed,0.00,0.00,0.0,0.720,0.000,68.186,6.239,0.00
1786347070,bench_mixed,0.00,0.00,0.0,0.720,0.000,68.186,6.239,0.00
1786347075,bench_mixed,0.00,0.00,0.0,0.720,0.000,68.186,6.239,0.00
1786347080,bench_mixed,0.00,0.00,0.0,0.720,0.000,68.186,6.237,0.00
1786347085,bench_mixed,0.00,0.00,0.0,0.720,0.000,68.186,6.236,0.00
1786347090,bench_mixed,0.00,0.00,0.0,0.720,0.000,68.186,6.237,0.00
1786347095,bench_mixed,0.00,0.00,0.0,0.720,0.000,68.186,6.237,0.00
1786347100,bench_mixed,0.00,0.00,0.0,0.720,0.000,68.186,6.235,0.00
1786347105,bench_mixed,0.00,0.00,0.0,0.720,0.000,68.186,6.239,0.00
1786347110,bench_mixed,0.00,0.00,0.0,0.720,0.000,68.186,6.238,0.00
1786347115,bench_mixed,0.00,0.00,0.0,0.720,0.000,68.186,6.238,0.00
1786347120,bench_mixed,0.00,0.00,0.0,0.720,0.000,68.186,6.239,0.00
1786347125,bench_mixed,0.00,0.00,0.0,0.720,0.000,68.186,6.239,0.00
1786347131,bench_mixed,0.00,0.00,0.0,0.720,0.000,68.186,6.239,0.00
1786347136,bench_mixed,0.00,0.00,0.0,0.720,0.000,68.186,6.239,0.00
1786347141,bench_mixed,0.00,0.00,0.0,0.720,0.000,68.186,6.240,0.00
1786347146,bench_mixed,0.00,0.00,0.0,0.720,0.000,68.186,6.240,0.00
1786347151,bench_mixed,0.00,0.00,0.0,0.720,0.000,68.186,6.243,0.00
1786347156,bench_mixed,0.00,0.00,0.0,0.720,0.000,68.186,6.243,0.00
1786347161,bench_mixed,0.00,0.00,0.0,0.720,0.000,68.186,6.244,0.00
1786347166,bench_mixed,0.00,0.00,0.0,0.720,0.000,68.186,6.239,0.00
1786347171,bench_mixed,0.00,0.00,0.0,0.720,0.000,68.186,6.243,0.00
1786347176,bench_mixed,0.00,0.00,0.0,0.720,0.000,68.186,6.243,0.00
1786347181,bench_mixed,0.00,0.00,0.0,0.720,0.000,68.186,6.245,0.00
1786347186,bench_mixed,0.00,0.00,0.0,0.720,0.000,68.186,6.245,0.00
1786347191,bench_mixed,0.00,0.00,0.0,0.720,0.000,68.186,6.244,0.00
1786347196,bench_mixed,0.00,0.00,0.0,0.720,0.000,68.186,6.244,0.00
1786347201,bench_mixed,0.00,0.00,0.0,0.720,0.000,68.186,6.245,0.00
1786347206,bench_mixed,0.00,0.00,0.0,0.720,0.000,68.186,6.245,0.00
1786347211,bench_mixed,0.00,0.00,0.0,0.720,0.000,68.186,6.245,0.00
1786347216,bench_mixed,0.00,0.00,0.0,0.720,0.000,68.186,6.245,0.00
1786347221,bench_mixed,0.00,0.00,0.0,0.720,0.000,68.186,6.245,0.00
1786347227,bench_mixed,0.00,0.00,0.0,0.720,0.000,68.186,6.243,0.00
1786347232,bench_mixed,0.00,0.00,0.0,0.720,0.000,68.186,6.243,0.00
1786347237,bench_mixed,0.00,0.00,0.0,0.720,0.000,68.186,6.243,0.00
1786347242,bench_mixed,0.00,0.00,0.0,0.720,0.000,68.186,6.244,0.00
1786347247,bench_mixed,0.00,0.00,0.0,0.720,0.000,68.186,6.244,0.00
1786347252,bench_mixed,0.00,0.00,0.0,0.720,0.000,68.186,6.244,0.00
1786347257,bench_mixed,0.00,0.00,0.0,0.720,0.000,68.186,6.244,0.00
1786347262,bench_mixed,0.00,0.00,0.0,0.720,0.000,68.186,6.248,0.00
1786347267,bench_mixed,0.00,0.00,0.0,0.720,0.000,68.186,6.247,0.00
1786347272,bench_mixed,0.00,0.00,0.0,0.720,0.000,68.186,6.246,0.00
1786347277,bench_mixed,0.00,0.00,0.0,0.720,0.000,68.186,6.245,0.00
1786347282,bench_mixed,0.00,0.00,0.0,0.720,0.000,68.186,6.238,0.00
1786347287,bench_mixed,0.00,0.00,0.0,0.720,0.000,68.186,6.227,0.05
1786347292,bench_mixed,0.00,0.00,0.0,0.720,0.000,68.186,6.226,0.00
1786347297,bench_mixed,0.00,0.00,0.0,0.720,0.000,68.186,6.230,0.00
1786347302,bench_mixed,0.00,0.00,0.0,0.720,0.000,68.186,6.229,0.00
1786347307,bench_mixed,0.00,0.00,0.0,0.720,0.000,68.186,6.231,0.00
1786347312,bench_mixed,0.00,0.00,0.0,0.720,0.000,68.186,6.231,0.00
1786347318,bench_mixed,0.00,0.00,0.0,0.720,0.000,68.186,6.233,0.00
1786347323,bench_mixed,0.00,0.00,0.0,0.720,0.000,68.186,6.233,0.00
1786347328,bench_mixed,0.00,0.00,0.0,0.720,0.000,68.186,6.233,0.00
1786347333,bench_mixed,0.00,0.00,0.0,0.720,0.000,68.186,6.232,0.00
1786347338,bench_mixed,0.00,0.00,0.0,0.720,0.000,68.186,6.232,0.00
1786347343,bench_mixed,0.00,0.00,0.0,0.720,0.000,68.186,6.233,0.00
1786347348,bench_mixed,0.00,0.00,0.0,0.720,0.000,68.186,6.233,0.00
1786347353,bench_mixed,0.00,0.00,0.0,0.720,0.000,68.186,6.233,0.00
1786347358,bench_mixed,0.00,0.00,0.0,0.720,0.000,68.186,6.234,0.00
1786347363,bench_mixed,0.00,0.00,0.0,0.720,0.000,68.186,6.234,0.00
1786347368,bench_mixed,0.00,0.00,0.0,0.720,0.000,68.186,6.235,0.00
1786347373,bench_mixed,0.00,0.00,0.0,0.720,0.000,68.186,6.235,0.00
1786347378,bench_mixed,0.00,0.00,0.0,0.720,0.000,68.186,6.235,0.00
1786347383,bench_mixed,0.00,0.00,0.0,0.720,0.000,68.186,6.235,0.00
1786347388,bench_mixed,0.00,0.00,0.0,0.720,0.000,68.186,6.236,0.00
1786347393,bench_mixed,0.00,0.00,0.0,0.720,0.000,68.186,6.236,0.00
1786347398,bench_mixed,0.00,0.00,0.0,0.720,0.000,68.186,6.233,0.00
1786347403,bench_mixed,0.00,0.00,0.0,0.720,0.000,68.186,6.238,0.00
1786347408,bench_mixed,0.00,0.00,0.0,0.720,0.000,68.186,6.239,0.00
1786347414,bench_mixed,0.00,0.00,0.0,0.720,0.000,68.186,6.238,0.00
1786347419,bench_mixed,0.00,0.00,0.0,0.720,0.000,68.186,6.237,0.00
1786347424,bench_mixed,0.00,0.00,0.0,0.720,0.000,68.186,6.238,0.00
1786347429,bench_mixed,0.00,0.00,0.0,0.720,0.000,68.186,6.239,0.00
1786347434,bench_mixed,0.00,0.00,0.0,0.720,0.000,68.186,6.239,0.00
1786347439,bench_mixed,0.00,0.00,0.0,0.720,0.000,68.186,6.239,0.00
1786347444,bench_mixed,0.00,0.00,0.0,0.720,0.000,68.186,6.239,0.00
1786347449,bench_mixed,0.00,0.00,0.0,0.720,0.000,68.186,6.239,0.00
1786347454,bench_mixed,0.00,0.00,0.0,0.720,0.000,68.186,6.239,0.00
1786347459,bench_mixed,0.00,0.00,0.0,0.720,0.000,68.186,6.239,0.00
1786347464,bench_mixed,0.00,0.00,0.0,0.720,0.000,68.186,6.238,0.00
1786347469,bench_mixed,0.00,0.00,0.0,0.720,0.000,68.186,6.238,0.00
1786347474,bench_mixed,0.00,0.00,0.0,0.720,0.000,68.186,6.238,0.00
1786347479,bench_mixed,0.00,0.00,0.0,0.720,0.000,68.186,6.239,0.00
1786347484,bench_mixed,0.00,0.00,0.0,0.720,0.000,68.186,6.239,0.00
1786347489,bench_mixed,0.00,0.00,0.0,0.720,0.000,68.186,6.239,0.00
1786347494,bench_mixed,0.00,0.00,0.0,0.720,0.000,68.186,6.239,0.00
1786347499,bench_mixed,0.00,0.00,0.0,0.720,0.000,68.186,6.239,0.00
1786347505,bench_mixed,0.00,0.00,0.0,0.720,0.000,68.186,6.239,0.00
1786347510,bench_mixed,0.00,0.00,0.0,0.720,0.000,68.186,6.237,0.00
1786347515,bench_mixed,0.00,0.00,0.0,0.720,0.000,68.186,6.237,0.00
1786347520,bench_mixed,0.00,0.00,0.0,0.720,0.000,68.186,6.237,0.00
1786347525,bench_mixed,0.00,0.00,0.0,0.720,0.000,68.186,6.237,0.00
1786347530,bench_mixed,0.00,0.00,0.0,0.720,0.000,68.186,6.239,0.00
1786347535,bench_mixed,0.00,0.00,0.0,0.720,0.000,68.186,6.238,0.00
1786347540,bench_mixed,0.00,0.00,0.0,0.720,0.000,68.186,6.239,0.00
1786347545,bench_mixed,0.00,0.00,0.0,0.720,0.000,68.186,6.238,0.00
1786347550,bench_mixed,0.00,0.00,0.0,0.720,0.000,68.186,6.238,0.00
1786347555,bench_mixed,0.00,0.00,0.0,0.720,0.000,68.186,6.238,0.00
1786347560,bench_mixed,0.00,0.00,0.0,0.720,0.000,68.186,6.238,0.00
1786347565,bench_mixed,0.00,0.00,0.0,0.720,0.000,68.186,6.238,0.00
1786347570,bench_mixed,0.00,0.00,0.0,0.720,0.000,68.186,6.239,0.00
1786347575,bench_mixed,0.00,0.00,0.0,0.720,0.000,68.186,6.238,0.00
1786347580,bench_mixed,0.00,0.00,0.0,0.720,0.000,68.186,6.239,0.00
1786347585,bench_mixed,0.00,0.00,0.0,0.720,0.000,68.186,6.222,0.06
1786347590,bench_mixed,0.00,0.00,0.0,0.720,0.000,68.186,6.228,0.00
1786347595,bench_mixed,0.00,0.00,0.0,0.720,0.000,68.186,6.222,0.00
1786347601,bench_mixed,0.00,0.00,0.0,0.720,0.000,68.186,6.230,0.00
1786347606,bench_mixed,0.00,0.00,0.0,0.720,0.000,68.186,6.229,0.00
1786347611,bench_mixed,0.00,0.00,0.0,0.720,0.000,68.186,6.230,0.00
1786347616,bench_mixed,0.00,0.00,0.0,0.720,0.000,68.186,6.231,0.00
1786347621,bench_mixed,0.00,0.00,0.0,0.720,0.000,68.186,6.233,0.00
1786347626,bench_mixed,0.00,0.00,0.0,0.720,0.000,68.186,6.232,0.00
1786347631,bench_mixed,0.00,0.00,0.0,0.720,0.000,68.186,6.232,0.00
1786347636,bench_mixed,0.00,0.00,0.0,0.720,0.000,68.186,6.233,0.00
1786347641,bench_mixed,0.00,0.00,0.0,0.720,0.000,68.186,6.223,0.00
1786347646,bench_mixed,0.00,0.00,0.0,0.720,0.000,68.186,6.233,0.00
1786347651,bench_mixed,0.00,0.00,0.0,0.720,0.000,68.186,6.233,0.00
1786347656,bench_mixed,0.00,0.00,0.0,0.720,0.000,68.186,6.234,0.00
1786347661,bench_mixed,0.00,0.00,0.0,0.720,0.000,68.186,6.234,0.00
1786347666,bench_mixed,0.00,0.00,0.0,0.720,0.000,68.186,6.230,0.00
1786347671,bench_mixed,0.00,0.00,0.0,0.720,0.000,68.186,6.231,0.00
1786347676,bench_mixed,0.00,0.00,0.0,0.720,0.000,68.186,6.233,0.00
1786347681,bench_mixed,0.00,0.00,0.0,0.720,0.000,68.186,6.233,0.00
1786347686,bench_mixed,0.00,0.00,0.0,0.720,0.000,68.186,6.236,0.00
1786347691,bench_mixed,0.00,0.00,0.0,0.720,0.000,68.186,6.237,0.00
1786347697,bench_mixed,0.00,0.00,0.0,0.720,0.000,68.186,6.236,0.00
1786347702,bench_mixed,0.00,0.00,0.0,0.720,0.000,68.186,6.236,0.00
1786347707,bench_mixed,0.00,0.00,0.0,0.720,0.000,68.186,6.236,0.00
1786347712,bench_mixed,0.00,0.00,0.0,0.720,0.000,68.186,6.236,0.00
1786347717,bench_mixed,0.00,0.00,0.0,0.720,0.000,68.186,6.237,0.00
1786347722,bench_mixed,0.00,0.00,0.0,0.720,0.000,68.186,6.236,0.00
1786347727,bench_mixed,0.00,0.00,0.0,0.720,0.000,68.186,6.237,0.00
1786347732,bench_mixed,0.00,0.00,0.0,0.720,0.000,68.186,6.236,0.00
1786347737,bench_mixed,0.00,0.00,0.0,0.720,0.000,68.186,6.239,0.00
1786347742,bench_mixed,0.00,0.00,0.0,0.720,0.000,68.186,6.238,0.00
1786347747,bench_mixed,0.00,0.00,0.0,0.720,0.000,68.186,6.237,0.00
1786347752,bench_mixed,0.00,0.00,0.0,0.720,0.000,68.186,6.237,0.00
1786347757,bench_mixed,0.00,0.00,0.0,0.720,0.000,68.186,6.238,0.00
1786347762,bench_mixed,0.00,0.00,0.0,0.720,0.000,68.186,6.238,0.00
1786347767,bench_mixed,0.00,0.00,0.0,0.720,0.000,68.186,6.238,0.00
1786347772,bench_mixed,0.00,0.00,0.0,0.720,0.000,68.186,6.239,0.00
1786347777,bench_mixed,0.00,0.00,0.0,0.720,0.000,68.186,6.240,0.00
1786347782,bench_mixed,0.00,0.00,0.0,0.720,0.000,68.186,6.240,0.00
1786347788,bench_mixed,0.00,0.00,0.0,0.720,0.000,68.186,6.240,0.00
1786347793,bench_mixed,0.00,0.00,0.0,0.720,0.000,68.186,6.236,0.00
1786347798,bench_mixed,0.00,0.00,0.0,0.720,0.000,68.186,6.240,0.00
1786347803,bench_mixed,0.00,0.00,0.0,0.720,0.000,68.186,6.240,0.00
1786347808,bench_mixed,0.00,0.00,0.0,0.720,0.000,68.186,6.243,0.00
1786347813,bench_mixed,0.00,0.00,0.0,0.720,0.000,68.186,6.242,0.00
1786347818,bench_mixed,0.00,0.00,0.0,0.720,0.000,68.186,6.242,0.00
1786347823,bench_mixed,0.00,0.00,0.0,0.720,0.000,68.186,6.241,0.00
1786347828,bench_mixed,0.00,0.00,0.0,0.720,0.000,68.186,6.238,0.00
1786347833,bench_mixed,0.00,0.00,0.0,0.720,0.000,68.186,6.238,0.00
1786347838,bench_mixed,0.00,0.00,0.0,0.720,0.000,68.186,6.239,0.00
1786347843,bench_mixed,0.00,0.00,0.0,0.720,0.000,68.186,6.239,0.00
1786347848,bench_mixed,0.00,0.00,0.0,0.720,0.000,68.186,6.239,0.00
1786347853,bench_mixed,0.00,0.00,0.0,0.720,0.000,68.186,6.239,0.00
1786347858,bench_mixed,0.00,0.00,0.0,0.720,0.000,68.186,6.240,0.00
1786347863,bench_mixed,0.00,0.00,0.0,0.720,0.000,68.186,6.240,0.00
1786347868,bench_mixed,0.00,0.00,0.0,0.720,0.000,68.186,6.237,0.00
1786347873,bench_mixed,0.00,0.00,0.0,0.720,0.000,68.186,6.238,0.00
1786347879,bench_mixed,0.00,0.00,0.0,0.720,0.000,68.186,6.238,0.00
1786347884,bench_mixed,0.00,0.00,0.0,0.720,0.000,68.186,6.221,0.04
1786347889,bench_mixed,0.00,0.00,0.0,0.720,0.000,68.186,6.220,0.02
1786347894,bench_mixed,0.00,0.00,0.0,0.720,0.000,68.186,6.221,0.00
1786347899,bench_mixed,0.00,0.00,0.0,0.720,0.000,68.186,6.223,0.00
1786347904,bench_mixed,0.00,0.00,0.0,0.720,0.000,68.186,6.222,0.00
1786347909,bench_mixed,0.00,0.00,0.0,0.720,0.000,68.186,6.221,0.00
1786347914,bench_mixed,0.00,0.00,0.0,0.720,0.000,68.186,6.224,0.00
1786347919,bench_mixed,0.00,0.00,0.0,0.720,0.000,68.186,6.225,0.00
1786347924,bench_mixed,0.00,0.00,0.0,0.720,0.000,68.186,6.225,0.00
1786347929,bench_mixed,0.00,0.00,0.0,0.720,0.000,68.186,6.227,0.00
1786347934,bench_mixed,0.00,0.00,0.0,0.720,0.000,68.186,6.227,0.00
1786347939,bench_mixed,0.00,0.00,0.0,0.720,0.000,68.186,6.231,0.00
1786347944,bench_mixed,0.00,0.00,0.0,0.720,0.000,68.186,6.231,0.00
1786347949,bench_mixed,0.00,0.00,0.0,0.720,0.000,68.186,6.230,0.00
1786347954,bench_mixed,0.00,0.00,0.0,0.720,0.000,68.186,6.232,0.00
1786347959,bench_mixed,0.00,0.00,0.0,0.720,0.000,68.186,6.232,0.00
1786347964,bench_mixed,0.00,0.00,0.0,0.720,0.000,68.186,6.231,0.00
1786347969,bench_mixed,0.00,0.00,0.0,0.720,0.000,68.186,6.234,0.00
1786347975,bench_mixed,0.00,0.00,0.0,0.720,0.000,68.186,6.233,0.00
1786347980,bench_mixed,0.00,0.00,0.0,0.720,0.000,68.186,6.235,0.00
1786347985,bench_mixed,0.00,0.00,0.0,0.720,0.000,68.186,6.235,0.00
1786347990,bench_mixed,0.00,0.00,0.0,0.720,0.000,68.186,6.235,0.00
1786347995,bench_mixed,0.00,0.00,0.0,0.720,0.000,68.186,6.234,0.00
1786348000,bench_mixed,0.00,0.00,0.0,0.720,0.000,68.186,6.234,0.00
1786348005,bench_mixed,0.00,0.00,0.0,0.720,0.000,68.186,6.234,0.00
1786348010,bench_mixed,0.00,0.00,0.0,0.720,0.000,68.186,6.230,0.00
1786348015,bench_mixed,0.00,0.00,0.0,0.720,0.000,68.186,6.234,0.00
1786348020,bench_mixed,0.00,0.00,0.0,0.720,0.000,68.186,6.234,0.00
1786348025,bench_mixed,0.00,0.00,0.0,0.720,0.000,68.186,6.233,0.00
1786348030,bench_mixed,0.00,0.00,0.0,0.720,0.000,68.186,6.234,0.00
1786348035,bench_mixed,0.00,0.00,0.0,0.720,0.000,68.186,6.234,0.00
1786348040,bench_mixed,0.00,0.00,0.0,0.720,0.000,68.186,6.234,0.00
1786348045,bench_mixed,0.00,0.00,0.0,0.720,0.000,68.186,6.234,0.00
1786348050,bench_mixed,0.00,0.00,0.0,0.720,0.000,68.186,6.234,0.00
1786348055,bench_mixed,0.00,0.00,0.0,0.720,0.000,68.186,6.234,0.00
1786348060,bench_mixed,0.00,0.00,0.0,0.720,0.000,68.186,6.234,0.00
1786348066,bench_mixed,0.00,0.00,0.0,0.720,0.000,68.186,6.233,0.00
1786348071,bench_mixed,0.00,0.00,0.0,0.720,0.000,68.186,6.233,0.00
1786348076,bench_mixed,0.00,0.00,0.0,0.720,0.000,68.186,6.234,0.00
1786348081,bench_mixed,0.00,0.00,0.0,0.720,0.000,68.186,6.234,0.00
1786348086,bench_mixed,0.00,0.00,0.0,0.720,0.000,68.186,6.235,0.00
1786348091,bench_mixed,0.00,0.00,0.0,0.720,0.000,68.186,6.235,0.00
1786348096,bench_mixed,0.00,0.00,0.0,0.720,0.000,68.186,6.235,0.00
1786348101,bench_mixed,0.00,0.00,0.0,0.720,0.000,68.186,6.235,0.00
1786348106,bench_mixed,0.00,0.00,0.0,0.720,0.000,68.186,6.234,0.00
1786348111,bench_mixed,0.00,0.00,0.0,0.720,0.000,68.186,6.234,0.00
1786348116,bench_mixed,0.00,0.00,0.0,0.720,0.000,68.186,6.237,0.00
1786348121,bench_mixed,0.00,0.00,0.0,0.720,0.000,68.186,6.238,0.00
1786348126,bench_mixed,0.00,0.00,0.0,0.720,0.000,68.186,6.236,0.00
1786348131,bench_mixed,0.00,0.00,0.0,0.720,0.000,68.186,6.235,0.00
1786348136,bench_mixed,0.00,0.00,0.0,0.720,0.000,68.186,6.237,0.00
1786348141,bench_mixed,0.00,0.00,0.0,0.720,0.000,68.186,6.236,0.00
1786348146,bench_mixed,0.00,0.00,0.0,0.720,0.000,68.186,6.236,0.00
1786348151,bench_mixed,0.00,0.00,0.0,0.720,0.000,68.186,6.232,0.00
1786348156,bench_mixed,0.00,0.00,0.0,0.720,0.000,68.186,6.233,0.00
1786348162,bench_mixed,0.00,0.00,0.0,0.720,0.000,68.186,6.233,0.00
1786348167,bench_mixed,0.00,0.00,0.0,0.720,0.000,68.186,6.233,0.00
1786348172,bench_mixed,0.00,0.00,0.0,0.720,0.000,68.186,6.233,0.00
1786348177,bench_mixed,0.00,0.00,0.0,0.720,0.000,68.186,6.233,0.00
1786348182,bench_mixed,0.00,0.00,0.0,0.720,0.000,68.186,6.233,0.00
1786348187,bench_mixed,0.00,0.00,0.0,0.720,0.000,68.186,6.214,0.06
1786348192,bench_mixed,0.00,0.00,0.0,0.720,0.000,68.186,6.214,0.00
1786348197,bench_mixed,0.00,0.00,0.0,0.720,0.000,68.186,6.216,0.00
1786348202,bench_mixed,0.00,0.00,0.0,0.720,0.000,68.186,6.216,0.00
1786348207,bench_mixed,0.00,0.00,0.0,0.720,0.000,68.186,6.218,0.00
1786348212,bench_mixed,0.00,0.00,0.0,0.720,0.000,68.186,6.218,0.00
1786348217,bench_mixed,0.00,0.00,0.0,0.720,0.000,68.186,6.220,0.00
1786348222,bench_mixed,0.00,0.00,0.0,0.720,0.000,68.186,6.220,0.00
1786348227,bench_mixed,0.00,0.00,0.0,0.720,0.000,68.186,6.221,0.00
1786348232,bench_mixed,0.00,0.00,0.0,0.720,0.000,68.186,6.222,0.00
1786348237,bench_mixed,0.00,0.00,0.0,0.720,0.000,68.186,6.223,0.00
1786348242,bench_mixed,0.00,0.00,0.0,0.720,0.000,68.186,6.222,0.00
1786348247,bench_mixed,0.00,0.00,0.0,0.720,0.000,68.186,6.223,0.00
1786348253,bench_mixed,0.00,0.00,0.0,0.720,0.000,68.186,6.224,0.00
1786348258,bench_mixed,0.00,0.00,0.0,0.720,0.000,68.186,6.226,0.00
1786348263,bench_mixed,0.00,0.00,0.0,0.720,0.000,68.186,6.227,0.00
1786348268,bench_mixed,0.00,0.00,0.0,0.720,0.000,68.186,6.226,0.00
1786348273,bench_mixed,0.00,0.00,0.0,0.720,0.000,68.186,6.223,0.00
1786348278,bench_mixed,0.00,0.00,0.0,0.720,0.000,68.186,6.225,0.00
1786348283,bench_mixed,0.00,0.00,0.0,0.720,0.000,68.186,6.225,0.00
1786348288,bench_mixed,0.00,0.00,0.0,0.720,0.000,68.186,6.227,0.00
1786348293,bench_mixed,0.00,0.00,0.0,0.720,0.000,68.186,6.226,0.00
1786348298,bench_mixed,0.00,0.00,0.0,0.720,0.000,68.186,6.226,0.00
1786348303,bench_mixed,0.00,0.00,0.0,0.720,0.000,68.186,6.226,0.00
1786348308,bench_mixed,0.00,0.00,0.0,0.720,0.000,68.186,6.228,0.00
1786348313,bench_mixed,0.00,0.00,0.0,0.720,0.000,68.186,6.228,0.00
1786348318,bench_mixed,0.00,0.00,0.0,0.720,0.000,68.186,6.229,0.00
1786348323,bench_mixed,0.00,0.00,0.0,0.720,0.000,68.186,6.229,0.00
1786348328,bench_mixed,0.00,0.00,0.0,0.720,0.000,68.186,6.228,0.00
1786348333,bench_mixed,0.00,0.00,0.0,0.720,0.000,68.186,6.228,0.00
1786348338,bench_mixed,0.00,0.00,0.0,0.720,0.000,68.186,6.229,0.00
1786348343,bench_mixed,0.00,0.00,0.0,0.720,0.000,68.186,6.229,0.00
1786348349,bench_mixed,0.00,0.00,0.0,0.720,0.000,68.186,6.228,0.00
1786348354,bench_mixed,0.00,0.00,0.0,0.720,0.000,68.186,6.228,0.00
1786348359,bench_mixed,0.00,0.00,0.0,0.720,0.000,68.186,6.230,0.00
1786348364,bench_mixed,0.00,0.00,0.0,0.720,0.000,68.186,6.230,0.00
1786348369,bench_mixed,0.00,0.00,0.0,0.720,0.000,68.186,6.231,0.00
1786348374,bench_mixed,0.00,0.00,0.0,0.720,0.000,68.186,6.230,0.00
1786348379,bench_mixed,0.00,0.00,0.0,0.720,0.000,68.186,6.230,0.00
1786348384,bench_mixed,0.00,0.00,0.0,0.720,0.000,68.186,6.232,0.00
1786348389,bench_mixed,0.00,0.00,0.0,0.720,0.000,68.186,6.232,0.00
1786348394,bench_mixed,0.00,0.00,0.0,0.720,0.000,68.186,6.233,0.00
1786348399,bench_mixed,0.00,0.00,0.0,0.720,0.000,68.186,6.233,0.00
1786348404,bench_mixed,0.00,0.00,0.0,0.720,0.000,68.186,6.233,0.00
1786348409,bench_mixed,0.00,0.00,0.0,0.720,0.000,68.186,6.232,0.00
1786348414,bench_mixed,0.00,0.00,0.0,0.720,0.000,68.186,6.233,0.00
1786348419,bench_mixed,0.00,0.00,0.0,0.720,0.000,68.186,6.232,0.00
1786348424,bench_mixed,0.00,0.00,0.0,0.720,0.000,68.186,6.232,0.00
1786348429,bench_mixed,0.00,0.00,0.0,0.720,0.000,68.186,6.234,0.00
1786348434,bench_mixed,0.00,0.00,0.0,0.720,0.000,68.186,6.233,0.00
1786348439,bench_mixed,0.00,0.00,0.0,0.720,0.000,68.186,6.233,0.00
1786348445,bench_mixed,0.00,0.00,0.0,0.720,0.000,68.186,6.233,0.00
1786348450,bench_mixed,0.00,0.00,0.0,0.720,0.000,68.186,6.233,0.00
1786348455,bench_mixed,0.00,0.00,0.0,0.720,0.000,68.186,6.233,0.00
1786348460,bench_mixed,0.00,0.00,0.0,0.720,0.000,68.186,6.231,0.00
1786348465,bench_mixed,0.00,0.00,0.0,0.720,0.000,68.186,6.233,0.00
1786348470,bench_mixed,0.00,0.00,0.0,0.720,0.000,68.186,6.233,0.00
1786348475,bench_mixed,0.00,0.00,0.0,0.720,0.000,68.186,6.234,0.00
1786348480,bench_mixed,0.00,0.00,0.0,0.720,0.000,68.186,6.234,0.00
1786348485,bench_mixed,0.00,0.00,0.0,0.720,0.000,68.186,6.216,0.06
1786348490,bench_mixed,0.00,0.00,0.0,0.720,0.000,68.186,6.216,0.00
1786348495,bench_mixed,0.00,0.00,0.0,0.720,0.000,68.186,6.218,0.00
1786348500,bench_mixed,0.00,0.00,0.0,0.720,0.000,68.186,6.218,0.00
1786348505,bench_mixed,0.00,0.00,0.0,0.720,0.000,68.186,6.221,0.00
1786348510,bench_mixed,0.00,0.00,0.0,0.720,0.000,68.186,6.221,0.00
1786348515,bench_mixed,0.00,0.00,0.0,0.720,0.000,68.186,6.223,0.00
1786348520,bench_mixed,0.00,0.00,0.0,0.720,0.000,68.186,6.223,0.00
1786348525,bench_mixed,0.00,0.00,0.0,0.720,0.000,68.186,6.224,0.00
1786348530,bench_mixed,0.00,0.00,0.0,0.720,0.000,68.186,6.223,0.00
1786348536,bench_mixed,0.00,0.00,0.0,0.720,0.000,68.186,6.222,0.00
1786348541,bench_mixed,0.00,0.00,0.0,0.720,0.000,68.186,6.222,0.00
1786348546,bench_mixed,0.00,0.00,0.0,0.720,0.000,68.186,6.226,0.00
1786348551,bench_mixed,0.00,0.00,0.0,0.720,0.000,68.186,6.226,0.00
1786348556,bench_mixed,0.00,0.00,0.0,0.720,0.000,68.186,6.226,0.00
1786348561,bench_mixed,0.00,0.00,0.0,0.720,0.000,68.186,6.226,0.00
1786348566,bench_mixed,0.00,0.00,0.0,0.720,0.000,68.186,6.225,0.00
1786348571,bench_mixed,0.00,0.00,0.0,0.720,0.000,68.186,6.225,0.00
1786348576,bench_mixed,0.00,0.00,0.0,0.720,0.000,68.186,6.226,0.00
1786348581,bench_mixed,0.00,0.00,0.0,0.720,0.000,68.186,6.225,0.00
1786348586,bench_mixed,0.00,0.00,0.0,0.720,0.000,68.186,6.226,0.00
1786348591,bench_mixed,0.00,0.00,0.0,0.720,0.000,68.186,6.226,0.00
1786348596,bench_mixed,0.00,0.00,0.0,0.720,0.000,68.186,6.226,0.00
1786348601,bench_mixed,0.00,0.00,0.0,0.720,0.000,68.186,6.226,0.00
1786348606,bench_mixed,0.00,0.00,0.0,0.720,0.000,68.186,6.230,0.00
1786348611,bench_mixed,0.00,0.00,0.0,0.720,0.000,68.186,6.230,0.00
1786348616,bench_mixed,0.00,0.00,0.0,0.720,0.000,68.186,6.230,0.00
1786348621,bench_mixed,0.00,0.00,0.0,0.720,0.000,68.186,6.230,0.00
1786348626,bench_mixed,0.00,0.00,0.0,0.720,0.000,68.186,6.229,0.00
1786348632,bench_mixed,0.00,0.00,0.0,0.720,0.000,68.186,6.229,0.00
1786348637,bench_mixed,0.00,0.00,0.0,0.720,0.000,68.186,6.230,0.00
1786348642,bench_mixed,0.00,0.00,0.0,0.720,0.000,68.186,6.230,0.00
1786348647,bench_mixed,0.00,0.00,0.0,0.720,0.000,68.186,6.231,0.00
1786348652,bench_mixed,0.00,0.00,0.0,0.720,0.000,68.186,6.231,0.00
1786348657,bench_mixed,0.00,0.00,0.0,0.720,0.000,68.186,6.232,0.00
1786348662,bench_mixed,0.00,0.00,0.0,0.720,0.000,68.186,6.233,0.00
1786348667,bench_mixed,0.00,0.00,0.0,0.720,0.000,68.186,6.232,0.00
1786348672,bench_mixed,0.00,0.00,0.0,0.720,0.000,68.186,6.231,0.00
1786348677,bench_mixed,0.00,0.00,0.0,0.720,0.000,68.186,6.232,0.00
1786348682,bench_mixed,0.00,0.00,0.0,0.720,0.000,68.186,6.232,0.00
1786348687,bench_mixed,0.00,0.00,0.0,0.720,0.000,68.186,6.233,0.00
1786348692,bench_mixed,0.00,0.00,0.0,0.720,0.000,68.186,6.232,0.00
1786348697,bench_mixed,0.00,0.00,0.0,0.720,0.000,68.186,6.232,0.00
1786348702,bench_mixed,0.00,0.00,0.0,0.720,0.000,68.186,6.232,0.00
1786348707,bench_mixed,0.00,0.00,0.0,0.720,0.000,68.186,6.232,0.00
1786348712,bench_mixed,0.00,0.00,0.0,0.720,0.000,68.186,6.229,0.00
1786348717,bench_mixed,0.00,0.00,0.0,0.720,0.000,68.186,6.229,0.00
1786348723,bench_mixed,0.00,0.00,0.0,0.720,0.000,68.186,6.230,0.00
1786348728,bench_mixed,0.00,0.00,0.0,0.720,0.000,68.186,6.229,0.00
1786348733,bench_mixed,0.00,0.00,0.0,0.720,0.000,68.186,6.230,0.00
1786348738,bench_mixed,0.00,0.00,0.0,0.720,0.000,68.186,6.221,0.00
1786348743,bench_mixed,0.00,0.00,0.0,0.720,0.000,68.186,6.228,0.00
1786348748,bench_mixed,0.00,0.00,0.0,0.720,0.000,68.186,6.230,0.00
1786348753,bench_mixed,0.00,0.00,0.0,0.720,0.000,68.186,6.229,0.00
1786348758,bench_mixed,0.00,0.00,0.0,0.720,0.000,68.186,6.229,0.00
1786348763,bench_mixed,0.00,0.00,0.0,0.720,0.000,68.186,6.229,0.00
1786348768,bench_mixed,0.00,0.00,0.0,0.720,0.000,68.186,6.229,0.00
1786348773,bench_mixed,0.00,0.00,0.0,0.720,0.000,68.186,6.230,0.00
1786348778,bench_mixed,0.00,0.00,0.0,0.720,0.000,68.186,6.230,0.00
1786348783,bench_mixed,0.00,0.00,0.0,0.720,0.000,68.186,6.215,0.04
1786348788,bench_mixed,0.00,0.00,0.0,0.720,0.000,68.186,6.211,0.02
1786348793,bench_mixed,0.00,0.00,0.0,0.720,0.000,68.186,6.214,0.00
1786348798,bench_mixed,0.00,0.00,0.0,0.720,0.000,68.186,6.214,0.00
1786348803,bench_mixed,0.00,0.00,0.0,0.720,0.000,68.186,6.219,0.00
1786348808,bench_mixed,0.00,0.00,0.0,0.720,0.000,68.186,6.219,0.00
1786348813,bench_mixed,0.00,0.00,0.0,0.720,0.000,68.186,6.223,0.00
1786348819,bench_mixed,0.00,0.00,0.0,0.720,0.000,68.186,6.223,0.00
1786348824,bench_mixed,0.00,0.00,0.0,0.720,0.000,68.186,6.224,0.00
1786348829,bench_mixed,0.00,0.00,0.0,0.720,0.000,68.186,6.224,0.00
1786348834,bench_mixed,0.00,0.00,0.0,0.720,0.000,68.186,6.223,0.00
1786348839,bench_mixed,0.00,0.00,0.0,0.720,0.000,68.186,6.223,0.00
1786348844,bench_mixed,0.00,0.00,0.0,0.720,0.000,68.186,6.223,0.00
1786348849,bench_mixed,0.00,0.00,0.0,0.720,0.000,68.186,6.223,0.00
1786348854,bench_mixed,0.00,0.00,0.0,0.720,0.000,68.186,6.225,0.00
1786348859,bench_mixed,0.00,0.00,0.0,0.720,0.000,68.186,6.225,0.00
1786348864,bench_mixed,0.00,0.00,0.0,0.720,0.000,68.186,6.225,0.00
1786348869,bench_mixed,0.00,0.00,0.0,0.720,0.000,68.186,6.225,0.00
1786348874,bench_mixed,0.00,0.00,0.0,0.720,0.000,68.186,6.227,0.00
1786348879,bench_mixed,0.00,0.00,0.0,0.720,0.000,68.186,6.227,0.00
1786348884,bench_mixed,0.00,0.00,0.0,0.720,0.000,68.186,6.228,0.00
1786348889,bench_mixed,0.00,0.00,0.0,0.720,0.000,68.186,6.227,0.00
1786348894,bench_mixed,0.00,0.00,0.0,0.720,0.000,68.186,6.227,0.00
1786348899,bench_mixed,0.00,0.00,0.0,0.720,0.000,68.186,6.227,0.00
1786348904,bench_mixed,0.00,0.00,0.0,0.720,0.000,68.186,6.228,0.00
1786348910,bench_mixed,0.00,0.00,0.0,0.720,0.000,68.186,6.227,0.00
1786348915,bench_mixed,0.00,0.00,0.0,0.720,0.000,68.186,6.228,0.00
1786348920,bench_mixed,0.00,0.00,0.0,0.720,0.000,68.186,6.228,0.00
1786348925,bench_mixed,0.00,0.00,0.0,0.720,0.000,68.186,6.229,0.00
1786348930,bench_mixed,0.00,0.00,0.0,0.720,0.000,68.186,6.229,0.00
1786348935,bench_mixed,0.00,0.00,0.0,0.720,0.000,68.186,6.230,0.00
1786348940,bench_mixed,0.00,0.00,0.0,0.720,0.000,68.186,6.228,0.00
1786348945,bench_mixed,0.00,0.00,0.0,0.720,0.000,68.186,6.229,0.00
1786348950,bench_mixed,0.00,0.00,0.0,0.720,0.000,68.186,6.224,0.00
1786348955,bench_mixed,0.00,0.00,0.0,0.720,0.000,68.186,6.226,0.00
1786348960,bench_mixed,0.00,0.00,0.0,0.720,0.000,68.186,6.225,0.00
1786348965,bench_mixed,0.00,0.00,0.0,0.720,0.000,68.186,6.225,0.00
1786348970,bench_mixed,0.00,0.00,0.0,0.720,0.000,68.186,6.225,0.00
1786348975,bench_mixed,0.00,0.00,0.0,0.720,0.000,68.186,6.228,0.00
1786348980,bench_mixed,0.00,0.00,0.0,0.720,0.000,68.186,6.229,0.00
1786348985,bench_mixed,0.00,0.00,0.0,0.720,0.000,68.186,6.229,0.00
1786348990,bench_mixed,0.00,0.00,0.0,0.720,0.000,68.186,6.229,0.00
1786348995,bench_mixed,0.00,0.00,0.0,0.720,0.000,68.186,6.230,0.00
1786349001,bench_mixed,0.00,0.00,0.0,0.720,0.000,68.186,6.230,0.00
1786349006,bench_mixed,0.00,0.00,0.0,0.720,0.000,68.186,6.230,0.00
1786349011,bench_mixed,0.00,0.00,0.0,0.720,0.000,68.186,6.230,0.00
1786349016,bench_mixed,0.00,0.00,0.0,0.720,0.000,68.186,6.230,0.00
1786349021,bench_mixed,0.00,0.00,0.0,0.720,0.000,68.186,6.230,0.00
1786349026,bench_mixed,0.00,0.00,0.0,0.720,0.000,68.186,6.229,0.00
1786349031,bench_mixed,0.00,0.00,0.0,0.720,0.000,68.186,6.229,0.00
1786349036,bench_mixed,0.00,0.00,0.0,0.720,0.000,68.186,6.230,0.00
1786349041,bench_mixed,0.00,0.00,0.0,0.720,0.000,68.186,6.230,0.00
1786349046,bench_mixed,0.00,0.00,0.0,0.720,0.000,68.186,6.227,0.00
1786349051,bench_mixed,0.00,0.00,0.0,0.720,0.000,68.186,6.227,0.00
1786349056,bench_mixed,0.00,0.00,0.0,0.720,0.000,68.186,6.228,0.00
1786349061,bench_mixed,0.00,0.00,0.0,0.720,0.000,68.186,6.228,0.00
1786349066,bench_mixed,0.00,0.00,0.0,0.720,0.000,68.186,6.228,0.00
1786349071,bench_mixed,0.00,0.00,0.0,0.720,0.000,68.186,6.227,0.00
1786349076,bench_mixed,0.00,0.00,0.0,0.720,0.000,68.186,6.225,0.00
1786349081,bench_mixed,0.00,0.00,0.0,0.720,0.000,68.186,6.227,0.00
1786349086,bench_mixed,0.00,0.00,0.0,0.720,0.000,68.186,6.210,0.06
1786349091,bench_mixed,0.00,0.00,0.0,0.720,0.000,68.186,6.211,0.00
1786349097,bench_mixed,0.00,0.00,0.0,0.720,0.000,68.186,6.213,0.00
1786349102,bench_mixed,0.00,0.00,0.0,0.720,0.000,68.186,6.212,0.00
1786349107,bench_mixed,0.00,0.00,0.0,0.720,0.000,68.186,6.212,0.00
1786349112,bench_mixed,0.00,0.00,0.0,0.720,0.000,68.186,6.214,0.00
1786349117,bench_mixed,0.00,0.00,0.0,0.720,0.000,68.186,6.213,0.00
1786349122,bench_mixed,0.00,0.00,0.0,0.720,0.000,68.186,6.215,0.00
1786349127,bench_mixed,0.00,0.00,0.0,0.720,0.000,68.186,6.216,0.00
1786349132,bench_mixed,0.00,0.00,0.0,0.720,0.000,68.186,6.217,0.00
1786349137,bench_mixed,0.00,0.00,0.0,0.720,0.000,68.186,6.217,0.00
1786349142,bench_mixed,0.00,0.00,0.0,0.720,0.000,68.186,6.218,0.00
1786349147,bench_mixed,0.00,0.00,0.0,0.720,0.000,68.186,6.218,0.00
1786349152,bench_mixed,0.00,0.00,0.0,0.720,0.000,68.186,6.219,0.00
1786349157,bench_mixed,0.00,0.00,0.0,0.720,0.000,68.186,6.219,0.00
1786349162,bench_mixed,0.00,0.00,0.0,0.720,0.000,68.186,6.219,0.00
1786349167,bench_mixed,0.00,0.00,0.0,0.720,0.000,68.186,6.220,0.00
1786349172,bench_mixed,0.00,0.00,0.0,0.720,0.000,68.186,6.221,0.00
1786349177,bench_mixed,0.00,0.00,0.0,0.720,0.000,68.186,6.221,0.00
1786349182,bench_mixed,0.00,0.00,0.0,0.720,0.000,68.186,6.221,0.00
1786349188,bench_mixed,0.00,0.00,0.0,0.720,0.000,68.186,6.222,0.00
1786349193,bench_mixed,0.00,0.00,0.0,0.720,0.000,68.186,6.223,0.00
1786349198,bench_mixed,0.00,0.00,0.0,0.720,0.000,68.186,6.224,0.00
1786349203,bench_mixed,0.00,0.00,0.0,0.720,0.000,68.186,6.222,0.00
1786349208,bench_mixed,0.00,0.00,0.0,0.720,0.000,68.186,6.224,0.00
1786349213,bench_mixed,0.00,0.00,0.0,0.720,0.000,68.186,6.223,0.00
1786349218,bench_mixed,0.00,0.00,0.0,0.720,0.000,68.186,6.223,0.00
1786349223,bench_mixed,0.00,0.00,0.0,0.720,0.000,68.186,6.223,0.00
1786349228,bench_mixed,0.00,0.00,0.0,0.720,0.000,68.186,6.222,0.00
1786349233,bench_mixed,0.00,0.00,0.0,0.720,0.000,68.186,6.223,0.00
1786349238,bench_mixed,0.00,0.00,0.0,0.720,0.000,68.186,6.222,0.00
1786349243,bench_mixed,0.00,0.00,0.0,0.720,0.000,68.186,6.220,0.00
1786349248,bench_mixed,0.00,0.00,0.0,0.720,0.000,68.186,6.220,0.00
1786349253,bench_mixed,0.00,0.00,0.0,0.720,0.000,68.186,6.220,0.00
1786349258,bench_mixed,0.00,0.00,0.0,0.720,0.000,68.186,6.220,0.00
1786349263,bench_mixed,0.00,0.00,0.0,0.720,0.000,68.186,6.221,0.00
1786349268,bench_mixed,0.00,0.00,0.0,0.720,0.000,68.186,6.220,0.00
1786349273,bench_mixed,0.00,0.00,0.0,0.720,0.000,68.186,6.220,0.00
1786349278,bench_mixed,0.00,0.00,0.0,0.720,0.000,68.186,6.220,0.00
1786349284,bench_mixed,0.00,0.00,0.0,0.720,0.000,68.186,6.223,0.00
1786349289,bench_mixed,0.00,0.00,0.0,0.720,0.000,68.186,6.223,0.00
1786349294,bench_mixed,0.00,0.00,0.0,0.720,0.000,68.186,6.224,0.00
1786349299,bench_mixed,0.00,0.00,0.0,0.720,0.000,68.186,6.223,0.00
1786349304,bench_mixed,0.00,0.00,0.0,0.720,0.000,68.186,6.224,0.00
1786349309,bench_mixed,0.00,0.00,0.0,0.720,0.000,68.186,6.223,0.00
1786349314,bench_mixed,0.00,0.00,0.0,0.720,0.000,68.186,6.223,0.00
1786349319,bench_mixed,0.00,0.00,0.0,0.720,0.000,68.186,6.223,0.00
1786349324,bench_mixed,0.00,0.00,0.0,0.720,0.000,68.186,6.223,0.00
1786349329,bench_mixed,0.00,0.00,0.0,0.720,0.000,68.186,6.223,0.00
1786349334,bench_mixed,0.00,0.00,0.0,0.720,0.000,68.186,6.223,0.00
1786349339,bench_mixed,0.00,0.00,0.0,0.720,0.000,68.186,6.223,0.00
1786349344,bench_mixed,0.00,0.00,0.0,0.720,0.000,68.186,6.223,0.00
1786349349,bench_mixed,0.00,0.00,0.0,0.720,0.000,68.186,6.224,0.00
1786349354,bench_mixed,0.00,0.00,0.0,0.720,0.000,68.186,6.225,0.00
1786349359,bench_mixed,0.00,0.00,0.0,0.720,0.000,68.186,6.224,0.00
1786349364,bench_mixed,0.00,0.00,0.0,0.720,0.000,68.186,6.224,0.00
1786349369,bench_mixed,0.00,0.00,0.0,0.720,0.000,68.186,6.225,0.00
1786349375,bench_mixed,0.00,0.00,0.0,0.720,0.000,68.186,6.225,0.00
1786349380,bench_mixed,0.00,0.00,0.0,0.720,0.000,68.186,6.225,0.00
1786349385,bench_mixed,0.00,0.00,0.0,0.720,0.000,68.186,6.209,0.05
1786349390,bench_mixed,0.00,0.00,0.0,0.720,0.000,68.186,6.208,0.01
1786349395,bench_mixed,0.00,0.00,0.0,0.720,0.000,68.186,6.208,0.00
1786349400,bench_mixed,0.00,0.00,0.0,0.720,0.000,68.186,6.207,0.00
1786349405,bench_mixed,0.00,0.00,0.0,0.720,0.000,68.186,6.211,0.00
1786349410,bench_mixed,0.00,0.00,0.0,0.720,0.000,68.186,6.211,0.00
1786349415,bench_mixed,0.00,0.00,0.0,0.720,0.000,68.186,6.213,0.00
1786349420,bench_mixed,0.00,0.00,0.0,0.720,0.000,68.186,6.213,0.00
1786349425,bench_mixed,0.00,0.00,0.0,0.720,0.000,68.186,6.213,0.00
1786349430,bench_mixed,0.00,0.00,0.0,0.720,0.000,68.186,6.213,0.00
1786349435,bench_mixed,0.00,0.00,0.0,0.720,0.000,68.186,6.211,0.00
1786349440,bench_mixed,0.00,0.00,0.0,0.720,0.000,68.186,6.211,0.00
1786349445,bench_mixed,0.00,0.00,0.0,0.720,0.000,68.186,6.217,0.00
1786349450,bench_mixed,0.00,0.00,0.0,0.720,0.000,68.186,6.216,0.00
1786349455,bench_mixed,0.00,0.00,0.0,0.720,0.000,68.186,6.211,0.00
1786349460,bench_mixed,0.00,0.00,0.0,0.720,0.000,68.186,6.212,0.00
1786349465,bench_mixed,0.00,0.00,0.0,0.720,0.000,68.186,6.213,0.00
1786349471,bench_mixed,0.00,0.00,0.0,0.720,0.000,68.186,6.213,0.00
1786349476,bench_mixed,0.00,0.00,0.0,0.720,0.000,68.186,6.212,0.00
1786349481,bench_mixed,0.00,0.00,0.0,0.720,0.000,68.186,6.213,0.00
1786349486,bench_mixed,0.00,0.00,0.0,0.720,0.000,68.186,6.213,0.00
1786349491,bench_mixed,0.00,0.00,0.0,0.720,0.000,68.186,6.212,0.00
1786349496,bench_mixed,0.00,0.00,0.0,0.720,0.000,68.186,6.212,0.00
1786349501,bench_mixed,0.00,0.00,0.0,0.720,0.000,68.186,6.215,0.00
1786349506,bench_mixed,0.00,0.00,0.0,0.720,0.000,68.186,6.215,0.00
1786349511,bench_mixed,0.00,0.00,0.0,0.720,0.000,68.186,6.214,0.00
1786349516,bench_mixed,0.00,0.00,0.0,0.720,0.000,68.186,6.214,0.00
1786349521,bench_mixed,0.00,0.00,0.0,0.720,0.000,68.186,6.215,0.00
1786349526,bench_mixed,0.00,0.00,0.0,0.720,0.000,68.186,6.215,0.00
1786349531,bench_mixed,0.00,0.00,0.0,0.720,0.000,68.186,6.216,0.00
1786349536,bench_mixed,0.00,0.00,0.0,0.720,0.000,68.186,6.216,0.00
1786349541,bench_mixed,0.00,0.00,0.0,0.720,0.000,68.186,6.217,0.00
1786349546,bench_mixed,0.00,0.00,0.0,0.720,0.000,68.186,6.217,0.00
1786349551,bench_mixed,0.00,0.00,0.0,0.720,0.000,68.186,6.219,0.00
1786349556,bench_mixed,0.00,0.00,0.0,0.720,0.000,68.186,6.219,0.00
1786349562,bench_mixed,0.00,0.00,0.0,0.720,0.000,68.186,6.217,0.00
1786349567,bench_mixed,0.00,0.00,0.0,0.720,0.000,68.186,6.217,0.00
1786349572,bench_mixed,0.00,0.00,0.0,0.720,0.000,68.186,6.218,0.00
1786349577,bench_mixed,0.00,0.00,0.0,0.720,0.000,68.186,6.218,0.00
1786349582,bench_mixed,0.00,0.00,0.0,0.720,0.000,68.186,6.219,0.00
1786349587,bench_mixed,0.00,0.00,0.0,0.720,0.000,68.186,6.219,0.00
1786349592,bench_mixed,0.00,0.00,0.0,0.720,0.000,68.186,6.220,0.00
1786349597,bench_mixed,0.00,0.00,0.0,0.720,0.000,68.186,6.219,0.00
1786349602,bench_mixed,0.00,0.00,0.0,0.720,0.000,68.186,6.220,0.00
1786349607,bench_mixed,0.00,0.00,0.0,0.720,0.000,68.186,6.220,0.00
1786349612,bench_mixed,0.00,0.00,0.0,0.720,0.000,68.186,6.217,0.00
1786349617,bench_mixed,0.00,0.00,0.0,0.720,0.000,68.186,6.218,0.00
1786349622,bench_mixed,0.00,0.00,0.0,0.720,0.000,68.186,6.218,0.00
1786349627,bench_mixed,0.00,0.00,0.0,0.720,0.000,68.186,6.218,0.00
1786349632,bench_mixed,0.00,0.00,0.0,0.720,0.000,68.186,6.214,0.00
1786349637,bench_mixed,0.00,0.00,0.0,0.720,0.000,68.186,6.217,0.00
1786349642,bench_mixed,0.00,0.00,0.0,0.720,0.000,68.186,6.217,0.00
1786349647,bench_mixed,0.00,0.00,0.0,0.720,0.000,68.186,6.218,0.00
1786349652,bench_mixed,0.00,0.00,0.0,0.720,0.000,68.186,6.218,0.00
1786349658,bench_mixed,0.00,0.00,0.0,0.720,0.000,68.186,6.218,0.00
1786349663,bench_mixed,0.00,0.00,0.0,0.720,0.000,68.186,6.218,0.00
1786349668,bench_mixed,0.00,0.00,0.0,0.720,0.000,68.186,6.218,0.00
1786349673,bench_mixed,0.00,0.00,0.0,0.720,0.000,68.186,6.219,0.00
1786349678,bench_mixed,0.00,0.00,0.0,0.720,0.000,68.186,6.219,0.00
1786349683,bench_mixed,0.00,0.00,0.0,0.720,0.000,68.186,6.209,0.02
1786349688,bench_mixed,0.00,0.00,0.0,0.720,0.000,68.186,6.201,0.04
1786349693,bench_mixed,0.00,0.00,0.0,0.720,0.000,68.186,6.203,0.00
1786349698,bench_mixed,0.00,0.00,0.0,0.720,0.000,68.186,6.203,0.00
1786349703,bench_mixed,0.00,0.00,0.0,0.720,0.000,68.186,6.203,0.00
1786349708,bench_mixed,0.00,0.00,0.0,0.720,0.000,68.186,6.203,0.00
1786349713,bench_mixed,0.00,0.00,0.0,0.720,0.000,68.186,6.205,0.00
1786349718,bench_mixed,0.00,0.00,0.0,0.720,0.000,68.186,6.204,0.00
1786349723,bench_mixed,0.00,0.00,0.0,0.720,0.000,68.186,6.205,0.00
1786349728,bench_mixed,0.00,0.00,0.0,0.720,0.000,68.186,6.206,0.00
1786349733,bench_mixed,0.00,0.00,0.0,0.720,0.000,68.186,6.207,0.00
1786349738,bench_mixed,0.00,0.00,0.0,0.720,0.000,68.186,6.206,0.00
1786349743,bench_mixed,0.00,0.00,0.0,0.720,0.000,68.186,6.209,0.00
1786349749,bench_mixed,0.00,0.00,0.0,0.720,0.000,68.186,6.209,0.00
1786349754,bench_mixed,0.00,0.00,0.0,0.720,0.000,68.186,6.211,0.00
1786349759,bench_mixed,0.00,0.00,0.0,0.720,0.000,68.186,6.210,0.00
1786349764,bench_mixed,0.00,0.00,0.0,0.720,0.000,68.186,6.211,0.00
1786349769,bench_mixed,0.00,0.00,0.0,0.720,0.000,68.186,6.211,0.00
1786349774,bench_mixed,0.00,0.00,0.0,0.720,0.000,68.186,6.213,0.00
1786349779,bench_mixed,0.00,0.00,0.0,0.720,0.000,68.186,6.212,0.00
1786349784,bench_mixed,0.00,0.00,0.0,0.720,0.000,68.186,6.213,0.00
1786349789,bench_mixed,0.00,0.00,0.0,0.720,0.000,68.186,6.213,0.00
1786349794,bench_mixed,0.00,0.00,0.0,0.720,0.000,68.186,6.215,0.00
1786349799,bench_mixed,0.00,0.00,0.0,0.720,0.000,68.186,6.214,0.00
1786349804,bench_mixed,0.00,0.00,0.0,0.720,0.000,68.186,6.214,0.00
1786349809,bench_mixed,0.00,0.00,0.0,0.720,0.000,68.186,6.213,0.00
1786349814,bench_mixed,0.00,0.00,0.0,0.720,0.000,68.186,6.215,0.00
1786349819,bench_mixed,0.00,0.00,0.0,0.720,0.000,68.186,6.214,0.00
1786349824,bench_mixed,0.00,0.00,0.0,0.720,0.000,68.186,6.215,0.00
1786349829,bench_mixed,0.00,0.00,0.0,0.720,0.000,68.186,6.214,0.00
1786349834,bench_mixed,0.00,0.00,0.0,0.720,0.000,68.186,6.210,0.00
1786349839,bench_mixed,0.00,0.00,0.0,0.720,0.000,68.186,6.215,0.00
1786349845,bench_mixed,0.00,0.00,0.0,0.720,0.000,68.186,6.215,0.00
1786349850,bench_mixed,0.00,0.00,0.0,0.720,0.000,68.186,6.215,0.00
1786349855,bench_mixed,0.00,0.00,0.0,0.720,0.000,68.186,6.215,0.00
1786349860,bench_mixed,0.00,0.00,0.0,0.720,0.000,68.186,6.216,0.00
1786349865,bench_mixed,0.00,0.00,0.0,0.720,0.000,68.186,6.216,0.00
1786349870,bench_mixed,0.00,0.00,0.0,0.720,0.000,68.186,6.219,0.00
1786349875,bench_mixed,0.00,0.00,0.0,0.720,0.000,68.186,6.217,0.00
1786349880,bench_mixed,0.00,0.00,0.0,0.720,0.000,68.186,6.219,0.00
1786349885,bench_mixed,0.00,0.00,0.0,0.720,0.000,68.186,6.218,0.00
1786349890,bench_mixed,0.00,0.00,0.0,0.720,0.000,68.186,6.220,0.00
1786349895,bench_mixed,0.00,0.00,0.0,0.720,0.000,68.186,6.219,0.00
1786349900,bench_mixed,0.00,0.00,0.0,0.720,0.000,68.186,6.217,0.00
1786349905,bench_mixed,0.00,0.00,0.0,0.720,0.000,68.186,6.217,0.00
1786349910,bench_mixed,0.00,0.00,0.0,0.720,0.000,68.186,6.217,0.00
1786349915,bench_mixed,0.00,0.00,0.0,0.720,0.000,68.186,6.218,0.00
1786349920,bench_mixed,0.00,0.00,0.0,0.720,0.000,68.186,6.217,0.00
1786349925,bench_mixed,0.00,0.00,0.0,0.720,0.000,68.186,6.216,0.00
1786349930,bench_mixed,0.00,0.00,0.0,0.720,0.000,68.186,6.218,0.00
1786349936,bench_mixed,0.00,0.00,0.0,0.720,0.000,68.186,6.217,0.00
1786349941,bench_mixed,0.00,0.00,0.0,0.720,0.000,68.186,6.214,0.00
1786349946,bench_mixed,0.00,0.00,0.0,0.720,0.000,68.186,6.214,0.00
1786349951,bench_mixed,0.00,0.00,0.0,0.720,0.000,68.186,6.216,0.00
1786349956,bench_mixed,0.00,0.00,0.0,0.720,0.000,68.186,6.216,0.00
1786349961,bench_mixed,0.00,0.00,0.0,0.720,0.000,68.186,6.215,0.00
1786349966,bench_mixed,0.00,0.00,0.0,0.720,0.000,68.186,6.216,0.00
1786349971,bench_mixed,0.00,0.00,0.0,0.720,0.000,68.186,6.216,0.00
1786349976,bench_mixed,0.00,0.00,0.0,0.720,0.000,68.186,6.217,0.00
1786349981,bench_mixed,0.00,0.00,0.0,0.720,0.000,68.186,6.217,0.00
1786349986,bench_mixed,0.00,0.00,0.0,0.720,0.000,68.186,6.199,0.06
1786349991,bench_mixed,0.00,0.00,0.0,0.720,0.000,68.186,6.201,0.00
1786349996,bench_mixed,0.00,0.00,0.0,0.720,0.000,68.186,6.198,0.00
1786350001,bench_mixed,0.00,0.00,0.0,0.720,0.000,68.186,6.202,0.00
1786350006,bench_mixed,0.00,0.00,0.0,0.720,0.000,68.186,6.202,0.00
1786350011,bench_mixed,0.00,0.00,0.0,0.720,0.000,68.186,6.204,0.00
1786350016,bench_mixed,0.00,0.00,0.0,0.720,0.000,68.186,6.204,0.00
1786350021,bench_mixed,0.00,0.00,0.0,0.720,0.000,68.186,6.206,0.00
1786350026,bench_mixed,0.00,0.00,0.0,0.720,0.000,68.186,6.205,0.00
1786350032,bench_mixed,0.00,0.00,0.0,0.720,0.000,68.186,6.206,0.00
1786350037,bench_mixed,0.00,0.00,0.0,0.720,0.000,68.186,6.206,0.00
1786350042,bench_mixed,0.00,0.00,0.0,0.720,0.000,68.186,6.209,0.00
1786350047,bench_mixed,0.00,0.00,0.0,0.720,0.000,68.186,6.209,0.00
1786350052,bench_mixed,0.00,0.00,0.0,0.720,0.000,68.186,6.210,0.00
1786350057,bench_mixed,0.00,0.00,0.0,0.720,0.000,68.186,6.207,0.00
1786350062,bench_mixed,0.00,0.00,0.0,0.720,0.000,68.186,6.211,0.00
1786350067,bench_mixed,0.00,0.00,0.0,0.720,0.000,68.186,6.212,0.00
1786350072,bench_mixed,0.00,0.00,0.0,0.720,0.000,68.186,6.211,0.00
1786350077,bench_mixed,0.00,0.00,0.0,0.720,0.000,68.186,6.211,0.00
1786350082,bench_mixed,0.00,0.00,0.0,0.720,0.000,68.186,6.213,0.00
1786350087,bench_mixed,0.00,0.00,0.0,0.720,0.000,68.186,6.214,0.00
1786350092,bench_mixed,0.00,0.00,0.0,0.720,0.000,68.186,6.214,0.00
1786350097,bench_mixed,0.00,0.00,0.0,0.720,0.000,68.186,6.215,0.00
1786350102,bench_mixed,0.00,0.00,0.0,0.720,0.000,68.186,6.215,0.00
1786350107,bench_mixed,0.00,0.00,0.0,0.720,0.000,68.186,6.215,0.00
1786350112,bench_mixed,0.00,0.00,0.0,0.720,0.000,68.186,6.212,0.00
1786350117,bench_mixed,0.00,0.00,0.0,0.720,0.000,68.186,6.212,0.00
1786350123,bench_mixed,0.00,0.00,0.0,0.720,0.000,68.186,6.213,0.00
1786350128,bench_mixed,0.00,0.00,0.0,0.720,0.000,68.186,6.212,0.00
1786350133,bench_mixed,0.00,0.00,0.0,0.720,0.000,68.186,6.212,0.00
1786350138,bench_mixed,0.00,0.00,0.0,0.720,0.000,68.186,6.212,0.00
1786350143,bench_mixed,0.00,0.00,0.0,0.720,0.000,68.186,6.211,0.00
1786350148,bench_mixed,0.00,0.00,0.0,0.720,0.000,68.186,6.211,0.00
1786350153,bench_mixed,0.00,0.00,0.0,0.720,0.000,68.186,6.212,0.00
1786350158,bench_mixed,0.00,0.00,0.0,0.720,0.000,68.186,6.212,0.00
1786350163,bench_mixed,0.00,0.00,0.0,0.720,0.000,68.186,6.212,0.00
1786350168,bench_mixed,0.00,0.00,0.0,0.720,0.000,68.186,6.213,0.00
1786350173,bench_mixed,0.00,0.00,0.0,0.720,0.000,68.186,6.214,0.00
1786350178,bench_mixed,0.00,0.00,0.0,0.720,0.000,68.186,6.213,0.00
1786350183,bench_mixed,0.00,0.00,0.0,0.720,0.000,68.186,6.212,0.00
1786350188,bench_mixed,0.00,0.00,0.0,0.720,0.000,68.186,6.212,0.00
1786350193,bench_mixed,0.00,0.00,0.0,0.720,0.000,68.186,6.214,0.00
1786350198,bench_mixed,0.00,0.00,0.0,0.720,0.000,68.186,6.213,0.00
1786350203,bench_mixed,0.00,0.00,0.0,0.720,0.000,68.186,6.212,0.00
1786350208,bench_mixed,0.00,0.00,0.0,0.720,0.000,68.186,6.215,0.00
1786350213,bench_mixed,0.00,0.00,0.0,0.720,0.000,68.186,6.216,0.00
1786350219,bench_mixed,0.00,0.00,0.0,0.720,0.000,68.186,6.217,0.00
1786350224,bench_mixed,0.00,0.00,0.0,0.720,0.000,68.186,6.217,0.00
1786350229,bench_mixed,0.00,0.00,0.0,0.720,0.000,68.186,6.216,0.00
1786350234,bench_mixed,0.00,0.00,0.0,0.720,0.000,68.186,6.216,0.00
1786350239,bench_mixed,0.00,0.00,0.0,0.720,0.000,68.186,6.216,0.00
1786350244,bench_mixed,0.00,0.00,0.0,0.720,0.000,68.186,6.215,0.00
1786350249,bench_mixed,0.00,0.00,0.0,0.720,0.000,68.186,6.212,0.00
1786350254,bench_mixed,0.00,0.00,0.0,0.720,0.000,68.186,6.213,0.00
1786350259,bench_mixed,0.00,0.00,0.0,0.720,0.000,68.186,6.212,0.00
1786350264,bench_mixed,0.00,0.00,0.0,0.720,0.000,68.186,6.212,0.00
1786350269,bench_mixed,0.00,0.00,0.0,0.720,0.000,68.186,6.214,0.00
1786350274,bench_mixed,0.00,0.00,0.0,0.720,0.000,68.186,6.214,0.00
1786350279,bench_mixed,0.00,0.00,0.0,0.720,0.000,68.186,6.214,0.00
1786350284,bench_mixed,0.00,0.00,0.0,0.720,0.000,68.186,6.199,0.04
1786350289,bench_mixed,0.00,0.00,0.0,0.720,0.000,68.186,6.201,0.01
1786350294,bench_mixed,0.00,0.00,0.0,0.720,0.000,68.186,6.201,0.00
1786350299,bench_mixed,0.00,0.00,0.0,0.720,0.000,68.186,6.204,0.00
1786350304,bench_mixed,0.00,0.00,0.0,0.720,0.000,68.186,6.203,0.00
1786350310,bench_mixed,0.00,0.00,0.0,0.720,0.000,68.186,6.204,0.00
1786350315,bench_mixed,0.00,0.00,0.0,0.720,0.000,68.186,6.202,0.00
1786350320,bench_mixed,0.00,0.00,0.0,0.720,0.000,68.186,6.204,0.00
1786350325,bench_mixed,0.00,0.00,0.0,0.720,0.000,68.186,6.204,0.00
1786350330,bench_mixed,0.00,0.00,0.0,0.720,0.000,68.186,6.203,0.00
1786350335,bench_mixed,0.00,0.00,0.0,0.720,0.000,68.186,6.202,0.00
1786350340,bench_mixed,0.00,0.00,0.0,0.720,0.000,68.186,6.203,0.00
1786350345,bench_mixed,0.00,0.00,0.0,0.720,0.000,68.186,6.203,0.00
1786350350,bench_mixed,0.00,0.00,0.0,0.720,0.000,68.186,6.204,0.00
1786350355,bench_mixed,0.00,0.00,0.0,0.720,0.000,68.186,6.204,0.00
1786350360,bench_mixed,0.00,0.00,0.0,0.720,0.000,68.186,6.206,0.00
1786350365,bench_mixed,0.00,0.00,0.0,0.720,0.000,68.186,6.206,0.00
1786350370,bench_mixed,0.00,0.00,0.0,0.720,0.000,68.186,6.207,0.00
1786350375,bench_mixed,0.00,0.00,0.0,0.720,0.000,68.186,6.206,0.00
1786350380,bench_mixed,0.00,0.00,0.0,0.720,0.000,68.186,6.207,0.00
1786350385,bench_mixed,0.00,0.00,0.0,0.720,0.000,68.186,6.207,0.00
1786350390,bench_mixed,0.00,0.00,0.0,0.720,0.000,68.186,6.206,0.00
1786350395,bench_mixed,0.00,0.00,0.0,0.720,0.000,68.186,6.205,0.00
1786350400,bench_mixed,0.00,0.00,0.0,0.720,0.000,68.186,6.207,0.00
1786350406,bench_mixed,0.00,0.00,0.0,0.720,0.000,68.186,6.207,0.00
1786350411,bench_mixed,0.00,0.00,0.0,0.720,0.000,68.186,6.207,0.00
1786350416,bench_mixed,0.00,0.00,0.0,0.720,0.000,68.186,6.207,0.00
1786350421,bench_mixed,0.00,0.00,0.0,0.720,0.000,68.186,6.209,0.00
1786350426,bench_mixed,0.00,0.00,0.0,0.720,0.000,68.186,6.207,0.00
1786350431,bench_mixed,0.00,0.00,0.0,0.720,0.000,68.186,6.206,0.00
1786350436,bench_mixed,0.00,0.00,0.0,0.720,0.000,68.186,6.203,0.00
1786350441,bench_mixed,0.00,0.00,0.0,0.720,0.000,68.186,6.208,0.00
1786350446,bench_mixed,0.00,0.00,0.0,0.720,0.000,68.186,6.207,0.00
1786350451,bench_mixed,0.00,0.00,0.0,0.720,0.000,68.186,6.209,0.00
1786350456,bench_mixed,0.00,0.00,0.0,0.720,0.000,68.186,6.209,0.00
1786350461,bench_mixed,0.00,0.00,0.0,0.720,0.000,68.186,6.207,0.00
1786350466,bench_mixed,0.00,0.00,0.0,0.720,0.000,68.186,6.207,0.00
1786350471,bench_mixed,0.00,0.00,0.0,0.720,0.000,68.186,6.212,0.00
1786350476,bench_mixed,0.00,0.00,0.0,0.720,0.000,68.186,6.212,0.00
1786350481,bench_mixed,0.00,0.00,0.0,0.720,0.000,68.186,6.211,0.00
1786350486,bench_mixed,0.00,0.00,0.0,0.720,0.000,68.186,6.211,0.00
1786350491,bench_mixed,0.00,0.00,0.0,0.720,0.000,68.186,6.207,0.00
1786350497,bench_mixed,0.00,0.00,0.0,0.720,0.000,68.186,6.209,0.00
1786350502,bench_mixed,0.00,0.00,0.0,0.720,0.000,68.186,6.206,0.00
1786350507,bench_mixed,0.00,0.00,0.0,0.720,0.000,68.186,6.206,0.00
1786350512,bench_mixed,0.00,0.00,0.0,0.720,0.000,68.186,6.209,0.00
1786350517,bench_mixed,0.00,0.00,0.0,0.720,0.000,68.186,6.209,0.00
1786350522,bench_mixed,0.00,0.00,0.0,0.720,0.000,68.186,6.209,0.00
1786350527,bench_mixed,0.00,0.00,0.0,0.720,0.000,68.186,6.208,0.00
1786350532,bench_mixed,0.00,0.00,0.0,0.720,0.000,68.186,6.206,0.00
1786350537,bench_mixed,0.00,0.00,0.0,0.720,0.000,68.186,6.206,0.00
1786350542,bench_mixed,0.00,0.00,0.0,0.720,0.000,68.186,6.209,0.00
1786350547,bench_mixed,0.00,0.00,0.0,0.720,0.000,68.186,6.207,0.00
1786350552,bench_mixed,0.00,0.00,0.0,0.720,0.000,68.186,6.208,0.00
1786350557,bench_mixed,0.00,0.00,0.0,0.720,0.000,68.186,6.205,0.00
1786350562,bench_mixed,0.00,0.00,0.0,0.720,0.000,68.186,6.197,0.00
1786350567,bench_mixed,0.00,0.00,0.0,0.720,0.000,68.186,6.208,0.00
1786350572,bench_mixed,0.00,0.00,0.0,0.720,0.000,68.186,6.206,0.00
1786350577,bench_mixed,0.00,0.00,0.0,0.720,0.000,68.186,6.206,0.00
1786350582,bench_mixed,0.00,0.00,0.0,0.720,0.000,68.186,6.206,0.00
1786350587,bench_mixed,0.00,0.00,0.0,0.720,0.000,68.186,6.188,0.06
1786350593,bench_mixed,0.00,0.00,0.0,0.720,0.000,68.186,6.188,0.00
1786350598,bench_mixed,0.00,0.00,0.0,0.720,0.000,68.186,6.192,0.00
1786350603,bench_mixed,0.00,0.00,0.0,0.720,0.000,68.186,6.192,0.00
1786350608,bench_mixed,0.00,0.00,0.0,0.720,0.000,68.186,6.194,0.00
1786350613,bench_mixed,0.00,0.00,0.0,0.720,0.000,68.186,6.195,0.00
1786350618,bench_mixed,0.00,0.00,0.0,0.720,0.000,68.186,6.197,0.00
1786350623,bench_mixed,0.00,0.00,0.0,0.720,0.000,68.186,6.198,0.00
1786350628,bench_mixed,0.00,0.00,0.0,0.720,0.000,68.186,6.199,0.00
1786350633,bench_mixed,0.00,0.00,0.0,0.720,0.000,68.186,6.199,0.00
1786350638,bench_mixed,0.00,0.00,0.0,0.720,0.000,68.186,6.201,0.00
1786350643,bench_mixed,0.00,0.00,0.0,0.720,0.000,68.186,6.201,0.00
1786350648,bench_mixed,0.00,0.00,0.0,0.720,0.000,68.186,6.202,0.00
1786350653,bench_mixed,0.00,0.00,0.0,0.720,0.000,68.186,6.202,0.00
1786350658,bench_mixed,0.00,0.00,0.0,0.720,0.000,68.186,6.203,0.00
1786350663,bench_mixed,0.00,0.00,0.0,0.720,0.000,68.186,6.203,0.00
1786350668,bench_mixed,0.00,0.00,0.0,0.720,0.000,68.186,6.206,0.00
1786350673,bench_mixed,0.00,0.00,0.0,0.720,0.000,68.186,6.204,0.00
1786350678,bench_mixed,0.00,0.00,0.0,0.720,0.000,68.186,6.206,0.00
1786350684,bench_mixed,0.00,0.00,0.0,0.720,0.000,68.186,6.202,0.00
1786350689,bench_mixed,0.00,0.00,0.0,0.720,0.000,68.186,6.205,0.00
1786350694,bench_mixed,0.00,0.00,0.0,0.720,0.000,68.186,6.206,0.00
1786350699,bench_mixed,0.00,0.00,0.0,0.720,0.000,68.186,6.206,0.00
1786350704,bench_mixed,0.00,0.00,0.0,0.720,0.000,68.186,6.206,0.00
1786350709,bench_mixed,0.00,0.00,0.0,0.720,0.000,68.186,6.203,0.00
1786350714,bench_mixed,0.00,0.00,0.0,0.720,0.000,68.186,6.203,0.00
1786350719,bench_mixed,0.00,0.00,0.0,0.720,0.000,68.186,6.203,0.00
1786350724,bench_mixed,0.00,0.00,0.0,0.720,0.000,68.186,6.202,0.00
1786350729,bench_mixed,0.00,0.00,0.0,0.720,0.000,68.186,6.203,0.00
1786350734,bench_mixed,0.00,0.00,0.0,0.720,0.000,68.186,6.204,0.00
1786350739,bench_mixed,0.00,0.00,0.0,0.720,0.000,68.186,6.204,0.00
1786350744,bench_mixed,0.00,0.00,0.0,0.720,0.000,68.186,6.205,0.00
1786350749,bench_mixed,0.00,0.00,0.0,0.720,0.000,68.186,6.206,0.00
1786350754,bench_mixed,0.00,0.00,0.0,0.720,0.000,68.186,6.206,0.00
1786350759,bench_mixed,0.00,0.00,0.0,0.720,0.000,68.186,6.208,0.00
1786350764,bench_mixed,0.00,0.00,0.0,0.720,0.000,68.186,6.207,0.00
1786350769,bench_mixed,0.00,0.00,0.0,0.720,0.000,68.186,6.210,0.00
1786350774,bench_mixed,0.00,0.00,0.0,0.720,0.000,68.186,6.210,0.00
1786350780,bench_mixed,0.00,0.00,0.0,0.720,0.000,68.186,6.208,0.00
1786350785,bench_mixed,0.00,0.00,0.0,0.720,0.000,68.186,6.208,0.00
1786350790,bench_mixed,0.00,0.00,0.0,0.720,0.000,68.186,6.210,0.00
1786350795,bench_mixed,0.00,0.00,0.0,0.720,0.000,68.186,6.210,0.00
1786350800,bench_mixed,0.00,0.00,0.0,0.720,0.000,68.186,6.209,0.00
1786350805,bench_mixed,0.00,0.00,0.0,0.720,0.000,68.186,6.207,0.00
1786350810,bench_mixed,0.00,0.00,0.0,0.720,0.000,68.186,6.211,0.00
1786350815,bench_mixed,0.00,0.00,0.0,0.720,0.000,68.186,6.210,0.00
1786350820,bench_mixed,0.00,0.00,0.0,0.720,0.000,68.186,6.211,0.00
1786350825,bench_mixed,0.00,0.00,0.0,0.720,0.000,68.186,6.212,0.00
1786350830,bench_mixed,0.00,0.00,0.0,0.720,0.000,68.186,6.210,0.00
1786350835,bench_mixed,0.00,0.00,0.0,0.720,0.000,68.186,6.209,0.00
1786350840,bench_mixed,0.00,0.00,0.0,0.720,0.000,68.186,6.213,0.00
1786350845,bench_mixed,0.00,0.00,0.0,0.720,0.000,68.186,6.213,0.00
1786350850,bench_mixed,0.00,0.00,0.0,0.720,0.000,68.186,6.213,0.00
1786350855,bench_mixed,0.00,0.00,0.0,0.720,0.000,68.186,6.212,0.00
1786350860,bench_mixed,0.00,0.00,0.0,0.720,0.000,68.186,6.212,0.00
1786350865,bench_mixed,0.00,0.00,0.0,0.720,0.000,68.186,6.210,0.00
1786350871,bench_mixed,0.00,0.00,0.0,0.720,0.000,68.186,6.212,0.00
1786350876,bench_mixed,0.00,0.00,0.0,0.720,0.000,68.186,6.211,0.00
1786350881,bench_mixed,0.00,0.00,0.0,0.720,0.000,68.186,6.214,0.00
1786350886,bench_mixed,0.00,0.00,0.0,0.720,0.000,68.186,6.196,0.06
1786350891,bench_mixed,0.00,0.00,0.0,0.720,0.000,68.186,6.197,0.00
1786350896,bench_mixed,0.00,0.00,0.0,0.720,0.000,68.186,6.197,0.00
1786350901,bench_mixed,0.00,0.00,0.0,0.720,0.000,68.186,6.198,0.00
1786350906,bench_mixed,0.00,0.00,0.0,0.720,0.000,68.186,6.197,0.00
1786350911,bench_mixed,0.00,0.00,0.0,0.720,0.000,68.186,6.199,0.00
1786350916,bench_mixed,0.00,0.00,0.0,0.720,0.000,68.186,6.199,0.00
1786350921,bench_mixed,0.00,0.00,0.0,0.720,0.000,68.186,6.200,0.00
1786350926,bench_mixed,0.00,0.00,0.0,0.720,0.000,68.186,6.200,0.00
1786350931,bench_mixed,0.00,0.00,0.0,0.720,0.000,68.186,6.198,0.00
1786350936,bench_mixed,0.00,0.00,0.0,0.720,0.000,68.186,6.203,0.00
1786350941,bench_mixed,0.00,0.00,0.0,0.720,0.000,68.186,6.203,0.00
1786350946,bench_mixed,0.00,0.00,0.0,0.720,0.000,68.186,6.205,0.00
1786350951,bench_mixed,0.00,0.00,0.0,0.720,0.000,68.186,6.204,0.00
1786350956,bench_mixed,0.00,0.00,0.0,0.720,0.000,68.186,6.205,0.00
1786350961,bench_mixed,0.00,0.00,0.0,0.720,0.000,68.186,6.206,0.00
1786350967,bench_mixed,0.00,0.00,0.0,0.720,0.000,68.186,6.206,0.00
1786350972,bench_mixed,0.00,0.00,0.0,0.720,0.000,68.186,6.206,0.00
1786350977,bench_mixed,0.00,0.00,0.0,0.720,0.000,68.186,6.209,0.00
1786350982,bench_mixed,0.00,0.00,0.0,0.720,0.000,68.186,6.208,0.00
1786350987,bench_mixed,0.00,0.00,0.0,0.720,0.000,68.186,6.209,0.00
1786350992,bench_mixed,0.00,0.00,0.0,0.720,0.000,68.186,6.208,0.00
1786350997,bench_mixed,0.00,0.00,0.0,0.720,0.000,68.186,6.208,0.00
1786351002,bench_mixed,0.00,0.00,0.0,0.720,0.000,68.186,6.208,0.00
1786351007,bench_mixed,0.00,0.00,0.0,0.720,0.000,68.186,6.206,0.00
1786351012,bench_mixed,0.00,0.00,0.0,0.720,0.000,68.186,6.206,0.00
1786351017,bench_mixed,0.00,0.00,0.0,0.720,0.000,68.186,6.209,0.00
1786351022,bench_mixed,0.00,0.00,0.0,0.720,0.000,68.186,6.208,0.00
1786351027,bench_mixed,0.00,0.00,0.0,0.720,0.000,68.186,6.209,0.00
1786351032,bench_mixed,0.00,0.00,0.0,0.720,0.000,68.186,6.209,0.00
1786351037,bench_mixed,0.00,0.00,0.0,0.720,0.000,68.186,6.210,0.00
1786351042,bench_mixed,0.00,0.00,0.0,0.720,0.000,68.186,6.208,0.00
1786351047,bench_mixed,0.00,0.00,0.0,0.720,0.000,68.186,6.208,0.00
1786351052,bench_mixed,0.00,0.00,0.0,0.720,0.000,68.186,6.209,0.00
1786351058,bench_mixed,0.00,0.00,0.0,0.720,0.000,68.186,6.209,0.00
1786351063,bench_mixed,0.00,0.00,0.0,0.720,0.000,68.186,6.209,0.00
1786351068,bench_mixed,0.00,0.00,0.0,0.720,0.000,68.186,6.211,0.00
1786351073,bench_mixed,0.00,0.00,0.0,0.720,0.000,68.186,6.211,0.00
1786351078,bench_mixed,0.00,0.00,0.0,0.720,0.000,68.186,6.209,0.00
1786351083,bench_mixed,0.00,0.00,0.0,0.720,0.000,68.186,6.209,0.00
1786351088,bench_mixed,0.00,0.00,0.0,0.720,0.000,68.186,6.210,0.00
1786351093,bench_mixed,0.00,0.00,0.0,0.720,0.000,68.186,6.210,0.00
1786351098,bench_mixed,0.00,0.00,0.0,0.720,0.000,68.186,6.207,0.00
1786351103,bench_mixed,0.00,0.00,0.0,0.720,0.000,68.186,6.211,0.00
1786351108,bench_mixed,0.00,0.00,0.0,0.720,0.000,68.186,6.210,0.00
1786351113,bench_mixed,0.00,0.00,0.0,0.720,0.000,68.186,6.210,0.00
1786351118,bench_mixed,0.00,0.00,0.0,0.720,0.000,68.186,6.211,0.00
1786351123,bench_mixed,0.00,0.00,0.0,0.720,0.000,68.186,6.211,0.00
1786351128,bench_mixed,0.00,0.00,0.0,0.720,0.000,68.186,6.208,0.00
1786351133,bench_mixed,0.00,0.00,0.0,0.720,0.000,68.186,6.208,0.00
1786351138,bench_mixed,0.00,0.00,0.0,0.720,0.000,68.186,6.209,0.00
1786351143,bench_mixed,0.00,0.00,0.0,0.720,0.000,68.186,6.209,0.00
1786351148,bench_mixed,0.00,0.00,0.0,0.720,0.000,68.186,6.206,0.00
1786351154,bench_mixed,0.00,0.00,0.0,0.720,0.000,68.186,6.206,0.00
1786351159,bench_mixed,0.00,0.00,0.0,0.720,0.000,68.186,6.208,0.00
1786351164,bench_mixed,0.00,0.00,0.0,0.720,0.000,68.186,6.208,0.00
1786351169,bench_mixed,0.00,0.00,0.0,0.720,0.000,68.186,6.208,0.00
1786351174,bench_mixed,0.00,0.00,0.0,0.720,0.000,68.186,6.208,0.00
1786351179,bench_mixed,0.00,0.00,0.0,0.720,0.000,68.186,6.209,0.00
1786351184,bench_mixed,0.00,0.00,0.0,0.720,0.000,68.186,6.194,0.04
1786351189,bench_mixed,0.00,0.00,0.0,0.720,0.000,68.186,6.191,0.02
1786351194,bench_mixed,0.00,0.00,0.0,0.720,0.000,68.186,6.190,0.00
1786351199,bench_mixed,0.00,0.00,0.0,0.720,0.000,68.186,6.191,0.00
1786351204,bench_mixed,0.00,0.00,0.0,0.720,0.000,68.186,6.191,0.00
1786351209,bench_mixed,0.00,0.00,0.0,0.720,0.000,68.186,6.194,0.00
1786351214,bench_mixed,0.00,0.00,0.0,0.720,0.000,68.186,6.193,0.00
1786351219,bench_mixed,0.00,0.00,0.0,0.720,0.000,68.186,6.194,0.00
1786351224,bench_mixed,0.00,0.00,0.0,0.720,0.000,68.186,6.195,0.00
1786351229,bench_mixed,0.00,0.00,0.0,0.720,0.000,68.186,6.198,0.00
1786351234,bench_mixed,0.00,0.00,0.0,0.720,0.000,68.186,6.198,0.00
1786351239,bench_mixed,0.00,0.00,0.0,0.720,0.000,68.186,6.200,0.00
1786351245,bench_mixed,0.00,0.00,0.0,0.720,0.000,68.186,6.199,0.00
1786351250,bench_mixed,0.00,0.00,0.0,0.720,0.000,68.186,6.201,0.00
1786351255,bench_mixed,0.00,0.00,0.0,0.720,0.000,68.186,6.200,0.00
1786351260,bench_mixed,0.00,0.00,0.0,0.720,0.000,68.186,6.202,0.00
1786351265,bench_mixed,0.00,0.00,0.0,0.720,0.000,68.186,6.201,0.00
1786351270,bench_mixed,0.00,0.00,0.0,0.720,0.000,68.186,6.201,0.00
1786351275,bench_mixed,0.00,0.00,0.0,0.720,0.000,68.186,6.201,0.00
1786351280,bench_mixed,0.00,0.00,0.0,0.720,0.000,68.186,6.204,0.00
1786351285,bench_mixed,0.00,0.00,0.0,0.720,0.000,68.186,6.201,0.00
1786351290,bench_mixed,0.00,0.00,0.0,0.720,0.000,68.186,6.201,0.00
1786351295,bench_mixed,0.00,0.00,0.0,0.720,0.000,68.186,6.199,0.00
1786351300,bench_mixed,0.00,0.00,0.0,0.720,0.000,68.186,6.200,0.00
1786351305,bench_mixed,0.00,0.00,0.0,0.720,0.000,68.186,6.203,0.00
1786351310,bench_mixed,0.00,0.00,0.0,0.720,0.000,68.186,6.202,0.00
1786351315,bench_mixed,0.00,0.00,0.0,0.720,0.000,68.186,6.204,0.00
1786351320,bench_mixed,0.00,0.00,0.0,0.720,0.000,68.186,6.205,0.00
1786351325,bench_mixed,0.00,0.00,0.0,0.720,0.000,68.186,6.203,0.00
1786351330,bench_mixed,0.00,0.00,0.0,0.720,0.000,68.186,6.202,0.00
1786351335,bench_mixed,0.00,0.00,0.0,0.720,0.000,68.186,6.203,0.00
1786351341,bench_mixed,0.00,0.00,0.0,0.720,0.000,68.186,6.203,0.00
1786351346,bench_mixed,0.00,0.00,0.0,0.720,0.000,68.186,6.204,0.00
1786351351,bench_mixed,0.00,0.00,0.0,0.720,0.000,68.186,6.204,0.00
1786351356,bench_mixed,0.00,0.00,0.0,0.720,0.000,68.186,6.201,0.00
1786351361,bench_mixed,0.00,0.00,0.0,0.720,0.000,68.186,6.201,0.00
1786351366,bench_mixed,0.00,0.00,0.0,0.720,0.000,68.186,6.202,0.00
1786351371,bench_mixed,0.00,0.00,0.0,0.720,0.000,68.186,6.202,0.00
1786351376,bench_mixed,0.00,0.00,0.0,0.720,0.000,68.186,6.202,0.00
1786351381,bench_mixed,0.00,0.00,0.0,0.720,0.000,68.186,6.203,0.00
1786351386,bench_mixed,0.00,0.00,0.0,0.720,0.000,68.186,6.204,0.00
1786351391,bench_mixed,0.00,0.00,0.0,0.720,0.000,68.186,6.203,0.00
1786351396,bench_mixed,0.00,0.00,0.0,0.720,0.000,68.186,6.204,0.00
1786351401,bench_mixed,0.00,0.00,0.0,0.720,0.000,68.186,6.203,0.00
1786351406,bench_mixed,0.00,0.00,0.0,0.720,0.000,68.186,6.201,0.00
1786351411,bench_mixed,0.00,0.00,0.0,0.720,0.000,68.186,6.200,0.00
1786351416,bench_mixed,0.00,0.00,0.0,0.720,0.000,68.186,6.201,0.00
1786351421,bench_mixed,0.00,0.00,0.0,0.720,0.000,68.186,6.200,0.00
1786351426,bench_mixed,0.00,0.00,0.0,0.720,0.000,68.186,6.200,0.00
1786351432,bench_mixed,0.00,0.00,0.0,0.720,0.000,68.186,6.199,0.00
1786351437,bench_mixed,0.00,0.00,0.0,0.720,0.000,68.186,6.199,0.00
1786351442,bench_mixed,0.00,0.00,0.0,0.720,0.000,68.186,6.199,0.00
1786351447,bench_mixed,0.00,0.00,0.0,0.720,0.000,68.186,6.202,0.00
1786351452,bench_mixed,0.00,0.00,0.0,0.720,0.000,68.186,6.202,0.00
1786351457,bench_mixed,0.00,0.00,0.0,0.720,0.000,68.186,6.200,0.00
1786351462,bench_mixed,0.00,0.00,0.0,0.720,0.000,68.186,6.201,0.00
1786351467,bench_mixed,0.00,0.00,0.0,0.720,0.000,68.186,6.202,0.00
1786351472,bench_mixed,0.00,0.00,0.0,0.720,0.000,68.186,6.202,0.00
1786351477,bench_mixed,0.00,0.00,0.0,0.720,0.000,68.186,6.202,0.00
1786351482,bench_mixed,0.00,0.00,0.0,0.720,0.000,68.186,6.201,0.00
1786351487,bench_mixed,0.00,0.00,0.0,0.720,0.000,68.186,6.183,0.06
1786351492,bench_mixed,0.00,0.00,0.0,0.720,0.000,68.186,6.184,0.00
1786351497,bench_mixed,0.00,0.00,0.0,0.720,0.000,68.186,6.186,0.00
1786351502,bench_mixed,0.00,0.00,0.0,0.720,0.000,68.186,6.187,0.00
1786351507,bench_mixed,0.00,0.00,0.0,0.720,0.000,68.186,6.187,0.00
1786351512,bench_mixed,0.00,0.00,0.0,0.720,0.000,68.186,6.188,0.00
1786351517,bench_mixed,0.00,0.00,0.0,0.720,0.000,68.186,6.190,0.00
1786351522,bench_mixed,0.00,0.00,0.0,0.720,0.000,68.186,6.190,0.00
1786351528,bench_mixed,0.00,0.00,0.0,0.720,0.000,68.186,6.191,0.00
1786351533,bench_mixed,0.00,0.00,0.0,0.720,0.000,68.186,6.191,0.00
1786351538,bench_mixed,0.00,0.00,0.0,0.720,0.000,68.186,6.193,0.00
1786351543,bench_mixed,0.00,0.00,0.0,0.720,0.000,68.186,6.189,0.00
1786351548,bench_mixed,0.00,0.00,0.0,0.720,0.000,68.186,6.194,0.00
1786351553,bench_mixed,0.00,0.00,0.0,0.720,0.000,68.186,6.194,0.00
1786351558,bench_mixed,0.00,0.00,0.0,0.720,0.000,68.186,6.195,0.00
1786351563,bench_mixed,0.00,0.00,0.0,0.720,0.000,68.186,6.195,0.00
1786351568,bench_mixed,0.00,0.00,0.0,0.720,0.000,68.186,6.196,0.00
1786351573,bench_mixed,0.00,0.00,0.0,0.720,0.000,68.186,6.196,0.00
1786351578,bench_mixed,0.00,0.00,0.0,0.720,0.000,68.186,6.197,0.00
1786351583,bench_mixed,0.00,0.00,0.0,0.720,0.000,68.186,6.198,0.00
1786351588,bench_mixed,0.00,0.00,0.0,0.720,0.000,68.186,6.200,0.00
1786351593,bench_mixed,0.00,0.00,0.0,0.720,0.000,68.186,6.200,0.00
1786351598,bench_mixed,0.00,0.00,0.0,0.720,0.000,68.186,6.200,0.00
1786351603,bench_mixed,0.00,0.00,0.0,0.720,0.000,68.186,6.201,0.00
1786351608,bench_mixed,0.00,0.00,0.0,0.720,0.000,68.186,6.202,0.00
1786351613,bench_mixed,0.00,0.00,0.0,0.720,0.000,68.186,6.202,0.00
1786351619,bench_mixed,0.00,0.00,0.0,0.720,0.000,68.186,6.203,0.00
1786351624,bench_mixed,0.00,0.00,0.0,0.720,0.000,68.186,6.203,0.00
1786351629,bench_mixed,0.00,0.00,0.0,0.720,0.000,68.186,6.200,0.00
1786351634,bench_mixed,0.00,0.00,0.0,0.720,0.000,68.186,6.199,0.00
1786351639,bench_mixed,0.00,0.00,0.0,0.720,0.000,68.186,6.199,0.00
1786351644,bench_mixed,0.00,0.00,0.0,0.720,0.000,68.186,6.199,0.00
1786351649,bench_mixed,0.00,0.00,0.0,0.720,0.000,68.186,6.200,0.00
1786351654,bench_mixed,0.00,0.00,0.0,0.720,0.000,68.186,6.199,0.00
1786351659,bench_mixed,0.00,0.00,0.0,0.720,0.000,68.186,6.192,0.00
1786351664,bench_mixed,0.00,0.00,0.0,0.720,0.000,68.186,6.200,0.00
1786351669,bench_mixed,0.00,0.00,0.0,0.720,0.000,68.186,6.200,0.00
1786351674,bench_mixed,0.00,0.00,0.0,0.720,0.000,68.186,6.200,0.00
1786351679,bench_mixed,0.00,0.00,0.0,0.720,0.000,68.186,6.200,0.00
1786351684,bench_mixed,0.00,0.00,0.0,0.720,0.000,68.186,6.200,0.00
1786351689,bench_mixed,0.00,0.00,0.0,0.720,0.000,68.186,6.200,0.00
1786351694,bench_mixed,0.00,0.00,0.0,0.720,0.000,68.186,6.201,0.00
1786351699,bench_mixed,0.00,0.00,0.0,0.720,0.000,68.186,6.201,0.00
1786351704,bench_mixed,0.00,0.00,0.0,0.720,0.000,68.186,6.201,0.00
1786351709,bench_mixed,0.00,0.00,0.0,0.720,0.000,68.186,6.201,0.00
1786351715,bench_mixed,0.00,0.00,0.0,0.720,0.000,68.186,6.202,0.00
1786351720,bench_mixed,0.00,0.00,0.0,0.720,0.000,68.186,6.202,0.00
1786351725,bench_mixed,0.00,0.00,0.0,0.720,0.000,68.186,6.203,0.00
1786351730,bench_mixed,0.00,0.00,0.0,0.720,0.000,68.186,6.202,0.00
1786351735,bench_mixed,0.00,0.00,0.0,0.720,0.000,68.186,6.203,0.00
1786351740,bench_mixed,0.00,0.00,0.0,0.720,0.000,68.186,6.199,0.00
1786351745,bench_mixed,0.00,0.00,0.0,0.720,0.000,68.186,6.203,0.00
1786351750,bench_mixed,0.00,0.00,0.0,0.720,0.000,68.186,6.204,0.00
1786351755,bench_mixed,0.00,0.00,0.0,0.720,0.000,68.186,6.205,0.00
1786351760,bench_mixed,0.00,0.00,0.0,0.720,0.000,68.186,6.205,0.00
1786351765,bench_mixed,0.00,0.00,0.0,0.720,0.000,68.186,6.204,0.00
1786351770,bench_mixed,0.00,0.00,0.0,0.720,0.000,68.186,6.204,0.00
1786351775,bench_mixed,0.00,0.00,0.0,0.720,0.000,68.186,6.205,0.00
1786351780,bench_mixed,0.00,0.00,0.0,0.720,0.000,68.186,6.204,0.00
1786351785,bench_mixed,0.00,0.00,0.0,0.720,0.000,68.186,6.182,0.05
1786351790,bench_mixed,0.00,0.00,0.0,0.720,0.000,68.186,6.182,0.00
1786351795,bench_mixed,0.00,0.00,0.0,0.720,0.000,68.186,6.185,0.00
1786351800,bench_mixed,0.00,0.00,0.0,0.720,0.000,68.186,6.185,0.00
1786351806,bench_mixed,0.00,0.00,0.0,0.720,0.000,68.186,6.187,0.00
1786351811,bench_mixed,0.00,0.00,0.0,0.720,0.000,68.186,6.187,0.00
1786351816,bench_mixed,0.00,0.00,0.0,0.720,0.000,68.186,6.189,0.00
1786351821,bench_mixed,0.00,0.00,0.0,0.720,0.000,68.186,6.190,0.00
1786351826,bench_mixed,0.00,0.00,0.0,0.720,0.000,68.186,6.191,0.00
1786351831,bench_mixed,0.00,0.00,0.0,0.720,0.000,68.186,6.191,0.00
1786351836,bench_mixed,0.00,0.00,0.0,0.720,0.000,68.186,6.190,0.00
1786351841,bench_mixed,0.00,0.00,0.0,0.720,0.000,68.186,6.190,0.00
1786351846,bench_mixed,0.00,0.00,0.0,0.720,0.000,68.186,6.194,0.00
1786351851,bench_mixed,0.00,0.00,0.0,0.720,0.000,68.186,6.194,0.00
1786351856,bench_mixed,0.00,0.00,0.0,0.720,0.000,68.186,6.195,0.00
1786351861,bench_mixed,0.00,0.00,0.0,0.720,0.000,68.186,6.194,0.00
1786351866,bench_mixed,0.00,0.00,0.0,0.720,0.000,68.186,6.195,0.00
1786351871,bench_mixed,0.00,0.00,0.0,0.720,0.000,68.186,6.195,0.00
1786351876,bench_mixed,0.00,0.00,0.0,0.720,0.000,68.186,6.196,0.00
1786351881,bench_mixed,0.00,0.00,0.0,0.720,0.000,68.186,6.196,0.00
1786351886,bench_mixed,0.00,0.00,0.0,0.720,0.000,68.186,6.199,0.00
1786351891,bench_mixed,0.00,0.00,0.0,0.720,0.000,68.186,6.198,0.00
1786351896,bench_mixed,0.00,0.00,0.0,0.720,0.000,68.186,6.200,0.00
1786351902,bench_mixed,0.00,0.00,0.0,0.720,0.000,68.186,6.199,0.00
1786351907,bench_mixed,0.00,0.00,0.0,0.720,0.000,68.186,6.201,0.00
1786351912,bench_mixed,0.00,0.00,0.0,0.720,0.000,68.186,6.201,0.00
1786351917,bench_mixed,0.00,0.00,0.0,0.720,0.000,68.186,6.201,0.00
1786351922,bench_mixed,0.00,0.00,0.0,0.720,0.000,68.186,6.198,0.00
1786351927,bench_mixed,0.00,0.00,0.0,0.720,0.000,68.186,6.201,0.00
1786351932,bench_mixed,0.00,0.00,0.0,0.720,0.000,68.186,6.201,0.00
1786351937,bench_mixed,0.00,0.00,0.0,0.720,0.000,68.186,6.202,0.00
1786351942,bench_mixed,0.00,0.00,0.0,0.720,0.000,68.186,6.202,0.00
1786351947,bench_mixed,0.00,0.00,0.0,0.720,0.000,68.186,6.204,0.00
1786351952,bench_mixed,0.00,0.00,0.0,0.720,0.000,68.186,6.204,0.00
1786351957,bench_mixed,0.00,0.00,0.0,0.720,0.000,68.186,6.203,0.00
1786351962,bench_mixed,0.00,0.00,0.0,0.720,0.000,68.186,6.203,0.00
1786351967,bench_mixed,0.00,0.00,0.0,0.720,0.000,68.186,6.204,0.00
1786351972,bench_mixed,0.00,0.00,0.0,0.720,0.000,68.186,6.203,0.00
1786351977,bench_mixed,0.00,0.00,0.0,0.720,0.000,68.186,6.203,0.00
1786351982,bench_mixed,0.00,0.00,0.0,0.720,0.000,68.186,6.201,0.00
1786351987,bench_mixed,0.00,0.00,0.0,0.720,0.000,68.186,6.203,0.00
1786351993,bench_mixed,0.00,0.00,0.0,0.720,0.000,68.186,6.201,0.00
1786351998,bench_mixed,0.00,0.00,0.0,0.720,0.000,68.186,6.202,0.00
1786352003,bench_mixed,0.00,0.00,0.0,0.720,0.000,68.186,6.202,0.00
1786352008,bench_mixed,0.00,0.00,0.0,0.720,0.000,68.186,6.202,0.00
1786352013,bench_mixed,0.00,0.00,0.0,0.720,0.000,68.186,6.202,0.00
1786352018,bench_mixed,0.00,0.00,0.0,0.720,0.000,68.186,6.202,0.00
1786352023,bench_mixed,0.00,0.00,0.0,0.720,0.000,68.186,6.202,0.00
1786352028,bench_mixed,0.00,0.00,0.0,0.720,0.000,68.186,6.201,0.00
1786352033,bench_mixed,0.00,0.00,0.0,0.720,0.000,68.186,6.202,0.00
1786352038,bench_mixed,0.00,0.00,0.0,0.720,0.000,68.186,6.201,0.00
1786352043,bench_mixed,0.00,0.00,0.0,0.720,0.000,68.186,6.199,0.00
1786352048,bench_mixed,0.00,0.00,0.0,0.720,0.000,68.186,6.201,0.00
1786352053,bench_mixed,0.00,0.00,0.0,0.720,0.000,68.186,6.200,0.00
1786352058,bench_mixed,0.00,0.00,0.0,0.720,0.000,68.186,6.193,0.00
1786352063,bench_mixed,0.00,0.00,0.0,0.720,0.000,68.186,6.201,0.00
1786352068,bench_mixed,0.00,0.00,0.0,0.720,0.000,68.186,6.201,0.00
1786352073,bench_mixed,0.00,0.00,0.0,0.720,0.000,68.186,6.201,0.00
1786352078,bench_mixed,0.00,0.00,0.0,0.720,0.000,68.186,6.201,0.00
1786352083,bench_mixed,0.00,0.00,0.0,0.720,0.000,68.186,6.192,0.02
1786352089,bench_mixed,0.00,0.00,0.0,0.720,0.000,68.186,6.182,0.03
1786352094,bench_mixed,0.00,0.00,0.0,0.720,0.000,68.186,6.185,0.00
1786352099,bench_mixed,0.00,0.00,0.0,0.720,0.000,68.186,6.185,0.00
1786352104,bench_mixed,0.00,0.00,0.0,0.720,0.000,68.186,6.187,0.00
1786352109,bench_mixed,0.00,0.00,0.0,0.720,0.000,68.186,6.185,0.00
1786352114,bench_mixed,0.00,0.00,0.0,0.720,0.000,68.186,6.191,0.00
1786352119,bench_mixed,0.00,0.00,0.0,0.720,0.000,68.186,6.190,0.00
1786352124,bench_mixed,0.00,0.00,0.0,0.720,0.000,68.186,6.192,0.00
1786352129,bench_mixed,0.00,0.00,0.0,0.720,0.000,68.186,6.192,0.00
1786352134,bench_mixed,0.00,0.00,0.0,0.720,0.000,68.186,6.191,0.00
1786352139,bench_mixed,0.00,0.00,0.0,0.720,0.000,68.186,6.191,0.00
1786352144,bench_mixed,0.00,0.00,0.0,0.720,0.000,68.186,6.189,0.00
1786352149,bench_mixed,0.00,0.00,0.0,0.720,0.000,68.186,6.188,0.00
1786352154,bench_mixed,0.00,0.00,0.0,0.720,0.000,68.186,6.189,0.00
1786352159,bench_mixed,0.00,0.00,0.0,0.720,0.000,68.186,6.189,0.00
1786352164,bench_mixed,0.00,0.00,0.0,0.720,0.000,68.186,6.189,0.00
1786352169,bench_mixed,0.00,0.00,0.0,0.720,0.000,68.186,6.189,0.00
1786352174,bench_mixed,0.00,0.00,0.0,0.720,0.000,68.186,6.190,0.00
1786352179,bench_mixed,0.00,0.00,0.0,0.720,0.000,68.186,6.189,0.00
1786352185,bench_mixed,0.00,0.00,0.0,0.720,0.000,68.186,6.192,0.00
1786352190,bench_mixed,0.00,0.00,0.0,0.720,0.000,68.186,6.193,0.00
1786352195,bench_mixed,0.00,0.00,0.0,0.720,0.000,68.186,6.193,0.00
1786352200,bench_mixed,0.00,0.00,0.0,0.720,0.000,68.186,6.195,0.00
1786352205,bench_mixed,0.00,0.00,0.0,0.720,0.000,68.186,6.195,0.00
1786352210,bench_mixed,0.00,0.00,0.0,0.720,0.000,68.186,6.194,0.00
1786352215,bench_mixed,0.00,0.00,0.0,0.720,0.000,68.186,6.195,0.00
1786352220,bench_mixed,0.00,0.00,0.0,0.720,0.000,68.186,6.195,0.00
1786352225,bench_mixed,0.00,0.00,0.0,0.720,0.000,68.186,6.195,0.00
1786352230,bench_mixed,0.00,0.00,0.0,0.720,0.000,68.186,6.194,0.00
1786352235,bench_mixed,0.00,0.00,0.0,0.720,0.000,68.186,6.191,0.00
1786352240,bench_mixed,0.00,0.00,0.0,0.720,0.000,68.186,6.195,0.00
1786352245,bench_mixed,0.00,0.00,0.0,0.720,0.000,68.186,6.195,0.00
1786352250,bench_mixed,0.00,0.00,0.0,0.720,0.000,68.186,6.196,0.00
1786352255,bench_mixed,0.00,0.00,0.0,0.720,0.000,68.186,6.196,0.00
1786352260,bench_mixed,0.00,0.00,0.0,0.720,0.000,68.186,6.195,0.00
1786352265,bench_mixed,0.00,0.00,0.0,0.720,0.000,68.186,6.197,0.00
1786352270,bench_mixed,0.00,0.00,0.0,0.720,0.000,68.186,6.198,0.00
1786352276,bench_mixed,0.00,0.00,0.0,0.720,0.000,68.186,6.198,0.00
1786352281,bench_mixed,0.00,0.00,0.0,0.720,0.000,68.186,6.198,0.00
1786352286,bench_mixed,0.00,0.00,0.0,0.720,0.000,68.186,6.198,0.00
1786352291,bench_mixed,0.00,0.00,0.0,0.720,0.000,68.186,6.194,0.00
1786352296,bench_mixed,0.00,0.00,0.0,0.720,0.000,68.186,6.198,0.00
1786352301,bench_mixed,0.00,0.00,0.0,0.720,0.000,68.186,6.198,0.00
1786352306,bench_mixed,0.00,0.00,0.0,0.720,0.000,68.186,6.199,0.00
1786352311,bench_mixed,0.00,0.00,0.0,0.720,0.000,68.186,6.200,0.00
1786352316,bench_mixed,0.00,0.00,0.0,0.720,0.000,68.186,6.199,0.00
1786352321,bench_mixed,0.00,0.00,0.0,0.720,0.000,68.186,6.200,0.00
1786352326,bench_mixed,0.00,0.00,0.0,0.720,0.000,68.186,6.197,0.00
1786352331,bench_mixed,0.00,0.00,0.0,0.720,0.000,68.186,6.197,0.00
1786352336,bench_mixed,0.00,0.00,0.0,0.720,0.000,68.186,6.197,0.00
1786352341,bench_mixed,0.00,0.00,0.0,0.720,0.000,68.186,6.196,0.00
1786352346,bench_mixed,0.00,0.00,0.0,0.720,0.000,68.186,6.196,0.00
1786352351,bench_mixed,0.00,0.00,0.0,0.720,0.000,68.186,6.196,0.00
1786352356,bench_mixed,0.00,0.00,0.0,0.720,0.000,68.186,6.196,0.00
1786352361,bench_mixed,0.00,0.00,0.0,0.720,0.000,68.186,6.197,0.00
1786352366,bench_mixed,0.00,0.00,0.0,0.720,0.000,68.186,6.198,0.00
1786352372,bench_mixed,0.00,0.00,0.0,0.720,0.000,68.186,6.198,0.00
1786352377,bench_mixed,0.00,0.00,0.0,0.720,0.000,68.186,6.198,0.00
1786352382,bench_mixed,0.00,0.00,0.0,0.720,0.000,68.186,6.198,0.00
1786352387,bench_mixed,0.00,0.00,0.0,0.720,0.000,68.186,6.181,0.06
1786352392,bench_mixed,0.00,0.00,0.0,0.720,0.000,68.186,6.182,0.00
1786352397,bench_mixed,0.00,0.00,0.0,0.720,0.000,68.186,6.183,0.00
1786352402,bench_mixed,0.00,0.00,0.0,0.720,0.000,68.186,6.183,0.00
1786352407,bench_mixed,0.00,0.00,0.0,0.720,0.000,68.186,6.185,0.00
1786352412,bench_mixed,0.00,0.00,0.0,0.720,0.000,68.186,6.186,0.00
1786352417,bench_mixed,0.00,0.00,0.0,0.720,0.000,68.186,6.188,0.00
1786352422,bench_mixed,0.00,0.00,0.0,0.720,0.000,68.186,6.187,0.00
1786352427,bench_mixed,0.00,0.00,0.0,0.720,0.000,68.186,6.186,0.00
1786352432,bench_mixed,0.00,0.00,0.0,0.720,0.000,68.186,6.188,0.00
1786352437,bench_mixed,0.00,0.00,0.0,0.720,0.000,68.186,6.188,0.00
1786352442,bench_mixed,0.00,0.00,0.0,0.720,0.000,68.186,6.189,0.00
1786352447,bench_mixed,0.00,0.00,0.0,0.720,0.000,68.186,6.189,0.00
1786352452,bench_mixed,0.00,0.00,0.0,0.720,0.000,68.186,6.189,0.00
1786352457,bench_mixed,0.00,0.00,0.0,0.720,0.000,68.186,6.190,0.00
1786352463,bench_mixed,0.00,0.00,0.0,0.720,0.000,68.186,6.191,0.00
1786352468,bench_mixed,0.00,0.00,0.0,0.720,0.000,68.186,6.191,0.00
1786352473,bench_mixed,0.00,0.00,0.0,0.720,0.000,68.186,6.191,0.00
1786352478,bench_mixed,0.00,0.00,0.0,0.720,0.000,68.186,6.191,0.00
1786352483,bench_mixed,0.00,0.00,0.0,0.720,0.000,68.186,6.193,0.00
1786352488,bench_mixed,0.00,0.00,0.0,0.720,0.000,68.186,6.194,0.00
1786352493,bench_mixed,0.00,0.00,0.0,0.720,0.000,68.186,6.193,0.00
1786352498,bench_mixed,0.00,0.00,0.0,0.720,0.000,68.186,6.194,0.00
1786352503,bench_mixed,0.00,0.00,0.0,0.720,0.000,68.186,6.192,0.00
1786352508,bench_mixed,0.00,0.00,0.0,0.720,0.000,68.186,6.192,0.00
1786352513,bench_mixed,0.00,0.00,0.0,0.720,0.000,68.186,6.194,0.00
1786352518,bench_mixed,0.00,0.00,0.0,0.720,0.000,68.186,6.194,0.00
1786352523,bench_mixed,0.00,0.00,0.0,0.720,0.000,68.186,6.195,0.00
1786352528,bench_mixed,0.00,0.00,0.0,0.720,0.000,68.186,6.194,0.00
1786352533,bench_mixed,0.00,0.00,0.0,0.720,0.000,68.186,6.194,0.00
1786352538,bench_mixed,0.00,0.00,0.0,0.720,0.000,68.186,6.194,0.00
1786352543,bench_mixed,0.00,0.00,0.0,0.720,0.000,68.186,6.193,0.00
1786352548,bench_mixed,0.00,0.00,0.0,0.720,0.000,68.186,6.193,0.00
1786352553,bench_mixed,0.00,0.00,0.0,0.720,0.000,68.186,6.193,0.00
1786352559,bench_mixed,0.00,0.00,0.0,0.720,0.000,68.186,6.194,0.00
1786352564,bench_mixed,0.00,0.00,0.0,0.720,0.000,68.186,6.195,0.00
1786352569,bench_mixed,0.00,0.00,0.0,0.720,0.000,68.186,6.195,0.00
1786352574,bench_mixed,0.00,0.00,0.0,0.720,0.000,68.186,6.196,0.00
1786352579,bench_mixed,0.00,0.00,0.0,0.720,0.000,68.186,6.196,0.00
1786352584,bench_mixed,0.00,0.00,0.0,0.720,0.000,68.186,6.196,0.00
1786352589,bench_mixed,0.00,0.00,0.0,0.720,0.000,68.186,6.197,0.00
1786352594,bench_mixed,0.00,0.00,0.0,0.720,0.000,68.186,6.197,0.00
1786352599,bench_mixed,0.00,0.00,0.0,0.720,0.000,68.186,6.198,0.00
1786352604,bench_mixed,0.00,0.00,0.0,0.720,0.000,68.186,6.198,0.00
1786352609,bench_mixed,0.00,0.00,0.0,0.720,0.000,68.186,6.194,0.00
1786352614,bench_mixed,0.00,0.00,0.0,0.720,0.000,68.186,6.196,0.00
1786352619,bench_mixed,0.00,0.00,0.0,0.720,0.000,68.186,6.196,0.00
1786352624,bench_mixed,0.00,0.00,0.0,0.720,0.000,68.186,6.197,0.00
1786352629,bench_mixed,0.00,0.00,0.0,0.720,0.000,68.186,6.196,0.00
1786352634,bench_mixed,0.00,0.00,0.0,0.720,0.000,68.186,6.197,0.00
1786352639,bench_mixed,0.00,0.00,0.0,0.720,0.000,68.186,6.197,0.00
1786352644,bench_mixed,0.00,0.00,0.0,0.720,0.000,68.186,6.197,0.00
1786352650,bench_mixed,0.00,0.00,0.0,0.720,0.000,68.186,6.199,0.00
1786352655,bench_mixed,0.00,0.00,0.0,0.720,0.000,68.186,6.198,0.00
1786352660,bench_mixed,0.00,0.00,0.0,0.720,0.000,68.186,6.198,0.00
1786352665,bench_mixed,0.00,0.00,0.0,0.720,0.000,68.186,6.197,0.00
1786352670,bench_mixed,0.00,0.00,0.0,0.720,0.000,68.186,6.197,0.00
1786352675,bench_mixed,0.00,0.00,0.0,0.720,0.000,68.186,6.197,0.00
1786352680,bench_mixed,0.00,0.00,0.0,0.720,0.000,68.186,6.196,0.00
1786352685,bench_mixed,0.00,0.00,0.0,0.720,0.000,68.186,6.179,0.05
1786352690,bench_mixed,0.00,0.00,0.0,0.720,0.000,68.186,6.178,0.01
1786352695,bench_mixed,0.00,0.00,0.0,0.720,0.000,68.186,6.176,0.00
1786352700,bench_mixed,0.00,0.00,0.0,0.720,0.000,68.186,6.178,0.00
1786352705,bench_mixed,0.00,0.00,0.0,0.720,0.000,68.186,6.179,0.00
1786352710,bench_mixed,0.00,0.00,0.0,0.720,0.000,68.186,6.179,0.00
1786352715,bench_mixed,0.00,0.00,0.0,0.720,0.000,68.186,6.180,0.00
1786352720,bench_mixed,0.00,0.00,0.0,0.720,0.000,68.186,6.180,0.00
1786352725,bench_mixed,0.00,0.00,0.0,0.720,0.000,68.186,6.179,0.00
1786352730,bench_mixed,0.00,0.00,0.0,0.720,0.000,68.186,6.180,0.00
1786352735,bench_mixed,0.00,0.00,0.0,0.720,0.000,68.186,6.181,0.00
1786352740,bench_mixed,0.00,0.00,0.0,0.720,0.000,68.186,6.182,0.00
1786352746,bench_mixed,0.00,0.00,0.0,0.720,0.000,68.186,6.182,0.00
1786352751,bench_mixed,0.00,0.00,0.0,0.720,0.000,68.186,6.181,0.00
1786352756,bench_mixed,0.00,0.00,0.0,0.720,0.000,68.186,6.182,0.00
1786352761,bench_mixed,0.00,0.00,0.0,0.720,0.000,68.186,6.182,0.00
1786352766,bench_mixed,0.00,0.00,0.0,0.720,0.000,68.186,6.182,0.00
1786352771,bench_mixed,0.00,0.00,0.0,0.720,0.000,68.186,6.182,0.00
1786352776,bench_mixed,0.00,0.00,0.0,0.720,0.000,68.186,6.184,0.00
1786352781,bench_mixed,0.00,0.00,0.0,0.720,0.000,68.186,6.183,0.00
1786352786,bench_mixed,0.00,0.00,0.0,0.720,0.000,68.186,6.185,0.00
1786352791,bench_mixed,0.00,0.00,0.0,0.720,0.000,68.186,6.185,0.00
1786352796,bench_mixed,0.00,0.00,0.0,0.720,0.000,68.186,6.185,0.00
1786352801,bench_mixed,0.00,0.00,0.0,0.720,0.000,68.186,6.186,0.00
1786352806,bench_mixed,0.00,0.00,0.0,0.720,0.000,68.186,6.186,0.00
1786352811,bench_mixed,0.00,0.00,0.0,0.720,0.000,68.186,6.187,0.00
1786352816,bench_mixed,0.00,0.00,0.0,0.720,0.000,68.186,6.187,0.00
1786352821,bench_mixed,0.00,0.00,0.0,0.720,0.000,68.186,6.187,0.00
1786352826,bench_mixed,0.00,0.00,0.0,0.720,0.000,68.186,6.187,0.00
1786352831,bench_mixed,0.00,0.00,0.0,0.720,0.000,68.186,6.188,0.00
1786352837,bench_mixed,0.00,0.00,0.0,0.720,0.000,68.186,6.189,0.00
1786352842,bench_mixed,0.00,0.00,0.0,0.720,0.000,68.186,6.189,0.00
1786352847,bench_mixed,0.00,0.00,0.0,0.720,0.000,68.186,6.188,0.00
1786352852,bench_mixed,0.00,0.00,0.0,0.720,0.000,68.186,6.191,0.00
1786352857,bench_mixed,0.00,0.00,0.0,0.720,0.000,68.186,6.188,0.00
1786352862,bench_mixed,0.00,0.00,0.0,0.720,0.000,68.186,6.188,0.00
1786352867,bench_mixed,0.00,0.00,0.0,0.720,0.000,68.186,6.188,0.00
1786352872,bench_mixed,0.00,0.00,0.0,0.720,0.000,68.186,6.188,0.00
1786352877,bench_mixed,0.00,0.00,0.0,0.720,0.000,68.186,6.189,0.00
1786352882,bench_mixed,0.00,0.00,0.0,0.720,0.000,68.186,6.188,0.00
1786352887,bench_mixed,0.00,0.00,0.0,0.720,0.000,68.186,6.188,0.00
1786352892,bench_mixed,0.00,0.00,0.0,0.720,0.000,68.186,6.189,0.00
1786352897,bench_mixed,0.00,0.00,0.0,0.720,0.000,68.186,6.188,0.00
1786352902,bench_mixed,0.00,0.00,0.0,0.720,0.000,68.186,6.189,0.00
1786352907,bench_mixed,0.00,0.00,0.0,0.720,0.000,68.186,6.189,0.00
1786352912,bench_mixed,0.00,0.00,0.0,0.720,0.000,68.186,6.188,0.00
1786352917,bench_mixed,0.00,0.00,0.0,0.720,0.000,68.186,6.189,0.00
1786352922,bench_mixed,0.00,0.00,0.0,0.720,0.000,68.186,6.190,0.00
1786352927,bench_mixed,0.00,0.00,0.0,0.720,0.000,68.186,6.191,0.00
1786352933,bench_mixed,0.00,0.00,0.0,0.720,0.000,68.186,6.190,0.00
1786352938,bench_mixed,0.00,0.00,0.0,0.720,0.000,68.186,6.191,0.00
1786352943,bench_mixed,0.00,0.00,0.0,0.720,0.000,68.186,6.191,0.00
1786352948,bench_mixed,0.00,0.00,0.0,0.720,0.000,68.186,6.190,0.00
1786352953,bench_mixed,0.00,0.00,0.0,0.720,0.000,68.186,6.191,0.00
1786352958,bench_mixed,0.00,0.00,0.0,0.720,0.000,68.186,6.191,0.00
1786352963,bench_mixed,0.00,0.00,0.0,0.720,0.000,68.186,6.191,0.00
1786352968,bench_mixed,0.00,0.00,0.0,0.720,0.000,68.186,6.191,0.00
1786352973,bench_mixed,0.00,0.00,0.0,0.720,0.000,68.186,6.192,0.00
1786352978,bench_mixed,0.00,0.00,0.0,0.720,0.000,68.186,6.187,0.00
1786352983,bench_mixed,0.00,0.00,0.0,0.720,0.000,68.186,6.189,0.00
1786352988,bench_mixed,0.00,0.00,0.0,0.720,0.000,68.186,6.173,0.05
1786352993,bench_mixed,0.00,0.00,0.0,0.720,0.000,68.186,6.174,0.00
1786352998,bench_mixed,0.00,0.00,0.0,0.720,0.000,68.186,6.174,0.00
1786353003,bench_mixed,0.00,0.00,0.0,0.720,0.000,68.186,6.178,0.00
1786353008,bench_mixed,0.00,0.00,0.0,0.720,0.000,68.186,6.178,0.00
1786353013,bench_mixed,0.00,0.00,0.0,0.720,0.000,68.186,6.178,0.00
1786353018,bench_mixed,0.00,0.00,0.0,0.720,0.000,68.186,6.178,0.00
1786353024,bench_mixed,0.00,0.00,0.0,0.720,0.000,68.186,6.179,0.00
1786353029,bench_mixed,0.00,0.00,0.0,0.720,0.000,68.186,6.179,0.00
1786353034,bench_mixed,0.00,0.00,0.0,0.720,0.000,68.186,6.176,0.00
1786353039,bench_mixed,0.00,0.00,0.0,0.720,0.000,68.186,6.180,0.00
1786353044,bench_mixed,0.00,0.00,0.0,0.720,0.000,68.186,6.181,0.00
1786353049,bench_mixed,0.00,0.00,0.0,0.720,0.000,68.186,6.181,0.00
1786353054,bench_mixed,0.00,0.00,0.0,0.720,0.000,68.186,6.180,0.00
1786353059,bench_mixed,0.00,0.00,0.0,0.720,0.000,68.186,6.180,0.00
1786353064,bench_mixed,0.00,0.00,0.0,0.720,0.000,68.186,6.183,0.00
1786353069,bench_mixed,0.00,0.00,0.0,0.720,0.000,68.186,6.182,0.00
1786353074,bench_mixed,0.00,0.00,0.0,0.720,0.000,68.186,6.183,0.00
1786353079,bench_mixed,0.00,0.00,0.0,0.720,0.000,68.186,6.183,0.00
1786353084,bench_mixed,0.00,0.00,0.0,0.720,0.000,68.186,6.184,0.00
1786353089,bench_mixed,0.00,0.00,0.0,0.720,0.000,68.186,6.185,0.00
1786353094,bench_mixed,0.00,0.00,0.0,0.720,0.000,68.186,6.185,0.00
1786353099,bench_mixed,0.00,0.00,0.0,0.720,0.000,68.186,6.184,0.00
1786353104,bench_mixed,0.00,0.00,0.0,0.720,0.000,68.186,6.186,0.00
1786353109,bench_mixed,0.00,0.00,0.0,0.720,0.000,68.186,6.185,0.00
1786353114,bench_mixed,0.00,0.00,0.0,0.720,0.000,68.186,6.186,0.00
1786353120,bench_mixed,0.00,0.00,0.0,0.720,0.000,68.186,6.186,0.00
1786353125,bench_mixed,0.00,0.00,0.0,0.720,0.000,68.186,6.185,0.00
1786353130,bench_mixed,0.00,0.00,0.0,0.720,0.000,68.186,6.186,0.00
1786353135,bench_mixed,0.00,0.00,0.0,0.720,0.000,68.186,6.186,0.00
1786353140,bench_mixed,0.00,0.00,0.0,0.720,0.000,68.186,6.185,0.00
1786353145,bench_mixed,0.00,0.00,0.0,0.720,0.000,68.186,6.186,0.00
1786353150,bench_mixed,0.00,0.00,0.0,0.720,0.000,68.186,6.185,0.00
1786353155,bench_mixed,0.00,0.00,0.0,0.720,0.000,68.186,6.181,0.00
1786353160,bench_mixed,0.00,0.00,0.0,0.720,0.000,68.186,6.184,0.00
1786353165,bench_mixed,0.00,0.00,0.0,0.720,0.000,68.186,6.181,0.00
1786353170,bench_mixed,0.00,0.00,0.0,0.720,0.000,68.186,6.184,0.00
1786353175,bench_mixed,0.00,0.00,0.0,0.720,0.000,68.186,6.184,0.00
1786353180,bench_mixed,0.00,0.00,0.0,0.720,0.000,68.186,6.183,0.00
1786353185,bench_mixed,0.00,0.00,0.0,0.720,0.000,68.186,6.183,0.00
1786353190,bench_mixed,0.00,0.00,0.0,0.720,0.000,68.186,6.182,0.00
1786353195,bench_mixed,0.00,0.00,0.0,0.720,0.000,68.186,6.182,0.00
1786353200,bench_mixed,0.00,0.00,0.0,0.720,0.000,68.186,6.181,0.00
1786353205,bench_mixed,0.00,0.00,0.0,0.720,0.000,68.186,6.181,0.00
1786353211,bench_mixed,0.00,0.00,0.0,0.720,0.000,68.186,6.181,0.00
1786353216,bench_mixed,0.00,0.00,0.0,0.720,0.000,68.186,6.182,0.00
1786353221,bench_mixed,0.00,0.00,0.0,0.720,0.000,68.186,6.182,0.00
1786353226,bench_mixed,0.00,0.00,0.0,0.720,0.000,68.186,6.182,0.00
1786353231,bench_mixed,0.00,0.00,0.0,0.720,0.000,68.186,6.184,0.00
1786353236,bench_mixed,0.00,0.00,0.0,0.720,0.000,68.186,6.183,0.00
1786353241,bench_mixed,0.00,0.00,0.0,0.720,0.000,68.186,6.183,0.00
1786353246,bench_mixed,0.00,0.00,0.0,0.720,0.000,68.186,6.183,0.00
1786353251,bench_mixed,0.00,0.00,0.0,0.720,0.000,68.186,6.181,0.00
1786353256,bench_mixed,0.00,0.00,0.0,0.720,0.000,68.186,6.181,0.00
1786353261,bench_mixed,0.00,0.00,0.0,0.720,0.000,68.186,6.181,0.00
1786353266,bench_mixed,0.00,0.00,0.0,0.720,0.000,68.186,6.180,0.00
1786353271,bench_mixed,0.00,0.00,0.0,0.720,0.000,68.186,6.180,0.00
1786353276,bench_mixed,0.00,0.00,0.0,0.720,0.000,68.186,6.180,0.00
1786353281,bench_mixed,0.00,0.00,0.0,0.720,0.000,68.186,6.182,0.00
1786353286,bench_mixed,0.00,0.00,0.0,0.720,0.000,68.186,6.161,0.06
1786353291,bench_mixed,0.00,0.00,0.0,0.720,0.000,68.186,6.163,0.00
1786353296,bench_mixed,0.00,0.00,0.0,0.720,0.000,68.186,6.163,0.00
1786353301,bench_mixed,0.00,0.00,0.0,0.720,0.000,68.186,6.164,0.00
1786353307,bench_mixed,0.00,0.00,0.0,0.720,0.000,68.186,6.163,0.00
1786353312,bench_mixed,0.00,0.00,0.0,0.720,0.000,68.186,6.165,0.00
1786353317,bench_mixed,0.00,0.00,0.0,0.720,0.000,68.186,6.165,0.00
1786353322,bench_mixed,0.00,0.00,0.0,0.720,0.000,68.186,6.166,0.00
1786353327,bench_mixed,0.00,0.00,0.0,0.720,0.000,68.186,6.165,0.00
1786353332,bench_mixed,0.00,0.00,0.0,0.720,0.000,68.186,6.167,0.00
1786353337,bench_mixed,0.00,0.00,0.0,0.720,0.000,68.186,6.167,0.00
1786353342,bench_mixed,0.00,0.00,0.0,0.720,0.000,68.186,6.168,0.00
1786353347,bench_mixed,0.00,0.00,0.0,0.720,0.000,68.186,6.167,0.00
1786353352,bench_mixed,0.00,0.00,0.0,0.720,0.000,68.186,6.165,0.00
1786353357,bench_mixed,0.00,0.00,0.0,0.720,0.000,68.186,6.169,0.00
1786353362,bench_mixed,0.00,0.00,0.0,0.720,0.000,68.186,6.171,0.00
1786353367,bench_mixed,0.00,0.00,0.0,0.720,0.000,68.186,6.171,0.00
1786353372,bench_mixed,0.00,0.00,0.0,0.720,0.000,68.186,6.173,0.00
1786353377,bench_mixed,0.00,0.00,0.0,0.720,0.000,68.186,6.173,0.00
1786353382,bench_mixed,0.00,0.00,0.0,0.720,0.000,68.186,6.173,0.00
1786353387,bench_mixed,0.00,0.00,0.0,0.720,0.000,68.186,6.174,0.00
1786353392,bench_mixed,0.00,0.00,0.0,0.720,0.000,68.186,6.174,0.00
1786353397,bench_mixed,0.00,0.00,0.0,0.720,0.000,68.186,6.173,0.00
1786353403,bench_mixed,0.00,0.00,0.0,0.720,0.000,68.186,6.173,0.00
1786353408,bench_mixed,0.00,0.00,0.0,0.720,0.000,68.186,6.174,0.00
1786353413,bench_mixed,0.00,0.00,0.0,0.720,0.000,68.186,6.175,0.00
1786353418,bench_mixed,0.00,0.00,0.0,0.720,0.000,68.186,6.175,0.00
1786353423,bench_mixed,0.00,0.00,0.0,0.720,0.000,68.186,6.175,0.00
1786353428,bench_mixed,0.00,0.00,0.0,0.720,0.000,68.186,6.176,0.00
1786353433,bench_mixed,0.00,0.00,0.0,0.720,0.000,68.186,6.176,0.00
1786353438,bench_mixed,0.00,0.00,0.0,0.720,0.000,68.186,6.176,0.00
1786353443,bench_mixed,0.00,0.00,0.0,0.720,0.000,68.186,6.178,0.00
1786353448,bench_mixed,0.00,0.00,0.0,0.720,0.000,68.186,6.177,0.00
1786353453,bench_mixed,0.00,0.00,0.0,0.720,0.000,68.186,6.178,0.00
1786353458,bench_mixed,0.00,0.00,0.0,0.720,0.000,68.186,6.177,0.00
1786353463,bench_mixed,0.00,0.00,0.0,0.720,0.000,68.186,6.178,0.00
1786353468,bench_mixed,0.00,0.00,0.0,0.720,0.000,68.186,6.178,0.00
1786353473,bench_mixed,0.00,0.00,0.0,0.720,0.000,68.186,6.178,0.00
1786353478,bench_mixed,0.00,0.00,0.0,0.720,0.000,68.186,6.178,0.00
1786353483,bench_mixed,0.00,0.00,0.0,0.720,0.000,68.186,6.179,0.00
1786353488,bench_mixed,0.00,0.00,0.0,0.720,0.000,68.186,6.178,0.00
1786353494,bench_mixed,0.00,0.00,0.0,0.720,0.000,68.186,6.180,0.00
1786353499,bench_mixed,0.00,0.00,0.0,0.720,0.000,68.186,6.180,0.00
1786353504,bench_mixed,0.00,0.00,0.0,0.720,0.000,68.186,6.180,0.00
1786353509,bench_mixed,0.00,0.00,0.0,0.720,0.000,68.186,6.180,0.00
1786353514,bench_mixed,0.00,0.00,0.0,0.720,0.000,68.186,6.180,0.00
1786353519,bench_mixed,0.00,0.00,0.0,0.720,0.000,68.186,6.180,0.00
1786353524,bench_mixed,0.00,0.00,0.0,0.720,0.000,68.186,6.180,0.00
1786353529,bench_mixed,0.00,0.00,0.0,0.720,0.000,68.186,6.177,0.00
1786353534,bench_mixed,0.00,0.00,0.0,0.720,0.000,68.186,6.181,0.00
1786353539,bench_mixed,0.00,0.00,0.0,0.720,0.000,68.186,6.183,0.00
1786353544,bench_mixed,0.00,0.00,0.0,0.720,0.000,68.186,6.183,0.00
1786353549,bench_mixed,0.00,0.00,0.0,0.720,0.000,68.186,6.185,0.00
1786353554,bench_mixed,0.00,0.00,0.0,0.720,0.000,68.186,6.184,0.00
1786353559,bench_mixed,0.00,0.00,0.0,0.720,0.000,68.186,6.187,0.00
1786353564,bench_mixed,0.00,0.00,0.0,0.720,0.000,68.186,6.187,0.00
1786353569,bench_mixed,0.00,0.00,0.0,0.720,0.000,68.186,6.188,0.00
1786353574,bench_mixed,0.00,0.00,0.0,0.720,0.000,68.186,6.187,0.00
1786353579,bench_mixed,0.00,0.00,0.0,0.720,0.000,68.186,6.188,0.00
1786353584,bench_mixed,0.00,0.00,0.0,0.720,0.000,68.186,6.172,0.04
1786353590,bench_mixed,0.00,0.00,0.0,0.720,0.000,68.186,6.166,0.02
1786353595,bench_mixed,0.00,0.00,0.0,0.720,0.000,68.186,6.171,0.00
1786353600,bench_mixed,0.00,0.00,0.0,0.720,0.000,68.186,6.172,0.00
1786353605,bench_mixed,0.00,0.00,0.0,0.720,0.000,68.186,6.172,0.00
1786353610,bench_mixed,0.00,0.00,0.0,0.720,0.000,68.186,6.174,0.00
1786353615,bench_mixed,0.00,0.00,0.0,0.720,0.000,68.186,6.173,0.00
1786353620,bench_mixed,0.00,0.00,0.0,0.720,0.000,68.186,6.176,0.00
1786353625,bench_mixed,0.00,0.00,0.0,0.720,0.000,68.186,6.176,0.00
1786353630,bench_mixed,0.00,0.00,0.0,0.720,0.000,68.186,6.176,0.00
1786353635,bench_mixed,0.00,0.00,0.0,0.720,0.000,68.186,6.175,0.00
1786353640,bench_mixed,0.00,0.00,0.0,0.720,0.000,68.186,6.178,0.00
1786353645,bench_mixed,0.00,0.00,0.0,0.720,0.000,68.186,6.177,0.00
1786353650,bench_mixed,0.00,0.00,0.0,0.720,0.000,68.186,6.177,0.00
1786353655,bench_mixed,0.00,0.00,0.0,0.720,0.000,68.186,6.172,0.00
1786353660,bench_mixed,0.00,0.00,0.0,0.720,0.000,68.186,6.173,0.00
1786353665,bench_mixed,0.00,0.00,0.0,0.720,0.000,68.186,6.174,0.00
1786353670,bench_mixed,0.00,0.00,0.0,0.720,0.000,68.186,6.174,0.00
1786353675,bench_mixed,0.00,0.00,0.0,0.720,0.000,68.186,6.173,0.00
1786353681,bench_mixed,0.00,0.00,0.0,0.720,0.000,68.186,6.173,0.00
1786353686,bench_mixed,0.00,0.00,0.0,0.720,0.000,68.186,6.173,0.00
1786353691,bench_mixed,0.00,0.00,0.0,0.720,0.000,68.186,6.174,0.00
1786353696,bench_mixed,0.00,0.00,0.0,0.720,0.000,68.186,6.174,0.00
1786353701,bench_mixed,0.00,0.00,0.0,0.720,0.000,68.186,6.173,0.00
1786353706,bench_mixed,0.00,0.00,0.0,0.720,0.000,68.186,6.173,0.00
1786353711,bench_mixed,0.00,0.00,0.0,0.720,0.000,68.186,6.174,0.00
1786353716,bench_mixed,0.00,0.00,0.0,0.720,0.000,68.186,6.175,0.00
1786353721,bench_mixed,0.00,0.00,0.0,0.720,0.000,68.186,6.176,0.00
1786353726,bench_mixed,0.00,0.00,0.0,0.720,0.000,68.186,6.175,0.00
1786353731,bench_mixed,0.00,0.00,0.0,0.720,0.000,68.186,6.178,0.00
1786353736,bench_mixed,0.00,0.00,0.0,0.720,0.000,68.186,6.177,0.00
1786353741,bench_mixed,0.00,0.00,0.0,0.720,0.000,68.186,6.177,0.00
1786353746,bench_mixed,0.00,0.00,0.0,0.720,0.000,68.186,6.177,0.00
1786353751,bench_mixed,0.00,0.00,0.0,0.720,0.000,68.186,6.178,0.00
1786353756,bench_mixed,0.00,0.00,0.0,0.720,0.000,68.186,6.178,0.00
1786353761,bench_mixed,0.00,0.00,0.0,0.720,0.000,68.186,6.180,0.00
1786353766,bench_mixed,0.00,0.00,0.0,0.720,0.000,68.186,6.180,0.00
1786353771,bench_mixed,0.00,0.00,0.0,0.720,0.000,68.186,6.182,0.00
1786353777,bench_mixed,0.00,0.00,0.0,0.720,0.000,68.186,6.182,0.00
1786353782,bench_mixed,0.00,0.00,0.0,0.720,0.000,68.186,6.179,0.00
1786353787,bench_mixed,0.00,0.00,0.0,0.720,0.000,68.186,6.179,0.00
1786353792,bench_mixed,0.00,0.00,0.0,0.720,0.000,68.186,6.180,0.00
1786353797,bench_mixed,0.00,0.00,0.0,0.720,0.000,68.186,6.180,0.00
1786353802,bench_mixed,0.00,0.00,0.0,0.720,0.000,68.186,6.180,0.00
1786353807,bench_mixed,0.00,0.00,0.0,0.720,0.000,68.186,6.180,0.00
1786353812,bench_mixed,0.00,0.00,0.0,0.720,0.000,68.186,6.178,0.00
1786353817,bench_mixed,0.00,0.00,0.0,0.720,0.000,68.186,6.179,0.00
1786353822,bench_mixed,0.00,0.00,0.0,0.720,0.000,68.186,6.180,0.00
1786353827,bench_mixed,0.00,0.00,0.0,0.720,0.000,68.186,6.179,0.00
1786353832,bench_mixed,0.00,0.00,0.0,0.720,0.000,68.186,6.180,0.00
1786353837,bench_mixed,0.00,0.00,0.0,0.720,0.000,68.186,6.179,0.00
1786353842,bench_mixed,0.00,0.00,0.0,0.720,0.000,68.186,6.181,0.00
1786353847,bench_mixed,0.00,0.00,0.0,0.720,0.000,68.186,6.181,0.00
1786353852,bench_mixed,0.00,0.00,0.0,0.720,0.000,68.186,6.181,0.00
1786353857,bench_mixed,0.00,0.00,0.0,0.720,0.000,68.186,6.180,0.00
1786353862,bench_mixed,0.00,0.00,0.0,0.720,0.000,68.186,6.180,0.00
1786353868,bench_mixed,0.00,0.00,0.0,0.720,0.000,68.186,6.179,0.00
1786353873,bench_mixed,0.00,0.00,0.0,0.720,0.000,68.186,6.179,0.00
1786353878,bench_mixed,0.00,0.00,0.0,0.720,0.000,68.186,6.179,0.00
1786353883,bench_mixed,0.00,0.00,0.0,0.720,0.000,68.186,6.175,0.00
1786353888,bench_mixed,0.00,0.00,0.0,0.720,0.000,68.186,6.162,0.06
1786353893,bench_mixed,0.00,0.00,0.0,0.720,0.000,68.186,6.162,0.00
1786353898,bench_mixed,0.00,0.00,0.0,0.720,0.000,68.186,6.162,0.00
1786353903,bench_mixed,0.00,0.00,0.0,0.720,0.000,68.186,6.166,0.00
1786353908,bench_mixed,0.00,0.00,0.0,0.720,0.000,68.186,6.167,0.00
1786353913,bench_mixed,0.00,0.00,0.0,0.720,0.000,68.186,6.166,0.00
1786353918,bench_mixed,0.00,0.00,0.0,0.720,0.000,68.186,6.169,0.00
1786353923,bench_mixed,0.00,0.00,0.0,0.720,0.000,68.186,6.170,0.00
1786353928,bench_mixed,0.00,0.00,0.0,0.720,0.000,68.186,6.172,0.00
1786353933,bench_mixed,0.00,0.00,0.0,0.720,0.000,68.186,6.171,0.00
1786353938,bench_mixed,0.00,0.00,0.0,0.720,0.000,68.186,6.172,0.00
1786353943,bench_mixed,0.00,0.00,0.0,0.720,0.000,68.186,6.172,0.00
1786353948,bench_mixed,0.00,0.00,0.0,0.720,0.000,68.186,6.171,0.00
1786353953,bench_mixed,0.00,0.00,0.0,0.720,0.000,68.186,6.172,0.00
1786353958,bench_mixed,0.00,0.00,0.0,0.720,0.000,68.186,6.173,0.00
1786353964,bench_mixed,0.00,0.00,0.0,0.720,0.000,68.186,6.169,0.00
1786353969,bench_mixed,0.00,0.00,0.0,0.720,0.000,68.186,6.174,0.00
1786353974,bench_mixed,0.00,0.00,0.0,0.720,0.000,68.186,6.174,0.00
1786353979,bench_mixed,0.00,0.00,0.0,0.720,0.000,68.186,6.174,0.00
1786353984,bench_mixed,0.00,0.00,0.0,0.720,0.000,68.186,6.173,0.00
1786353989,bench_mixed,0.00,0.00,0.0,0.720,0.000,68.186,6.175,0.00
1786353994,bench_mixed,0.00,0.00,0.0,0.720,0.000,68.186,6.175,0.00
1786353999,bench_mixed,0.00,0.00,0.0,0.720,0.000,68.186,6.176,0.00
1786354004,bench_mixed,0.00,0.00,0.0,0.720,0.000,68.186,6.177,0.00
1786354009,bench_mixed,0.00,0.00,0.0,0.720,0.000,68.186,6.178,0.00
1786354014,bench_mixed,0.00,0.00,0.0,0.720,0.000,68.186,6.177,0.00
1786354019,bench_mixed,0.00,0.00,0.0,0.720,0.000,68.186,6.177,0.00
1786354024,bench_mixed,0.00,0.00,0.0,0.720,0.000,68.186,6.174,0.00
1786354029,bench_mixed,0.00,0.00,0.0,0.720,0.000,68.186,6.176,0.00
1786354034,bench_mixed,0.00,0.00,0.0,0.720,0.000,68.186,6.178,0.00
1786354039,bench_mixed,0.00,0.00,0.0,0.720,0.000,68.186,6.178,0.00
1786354044,bench_mixed,0.00,0.00,0.0,0.720,0.000,68.186,6.178,0.00
1786354049,bench_mixed,0.00,0.00,0.0,0.720,0.000,68.186,6.179,0.00
1786354054,bench_mixed,0.00,0.00,0.0,0.720,0.000,68.186,6.178,0.00
1786354060,bench_mixed,0.00,0.00,0.0,0.720,0.000,68.186,6.180,0.00
1786354065,bench_mixed,0.00,0.00,0.0,0.720,0.000,68.186,6.179,0.00
1786354070,bench_mixed,0.00,0.00,0.0,0.720,0.000,68.186,6.180,0.00
1786354075,bench_mixed,0.00,0.00,0.0,0.720,0.000,68.186,6.180,0.00
1786354080,bench_mixed,0.00,0.00,0.0,0.720,0.000,68.186,6.179,0.00
1786354085,bench_mixed,0.00,0.00,0.0,0.720,0.000,68.186,6.179,0.00
1786354090,bench_mixed,0.00,0.00,0.0,0.720,0.000,68.186,6.176,0.00
1786354095,bench_mixed,0.00,0.00,0.0,0.720,0.000,68.186,6.176,0.00
1786354100,bench_mixed,0.00,0.00,0.0,0.720,0.000,68.186,6.176,0.00
1786354105,bench_mixed,0.00,0.00,0.0,0.720,0.000,68.186,6.176,0.00
1786354110,bench_mixed,0.00,0.00,0.0,0.720,0.000,68.186,6.177,0.00
1786354115,bench_mixed,0.00,0.00,0.0,0.720,0.000,68.186,6.177,0.00
1786354120,bench_mixed,0.00,0.00,0.0,0.720,0.000,68.186,6.180,0.00
1786354125,bench_mixed,0.00,0.00,0.0,0.720,0.000,68.186,6.180,0.00
1786354130,bench_mixed,0.00,0.00,0.0,0.720,0.000,68.186,6.181,0.00
1786354135,bench_mixed,0.00,0.00,0.0,0.720,0.000,68.186,6.181,0.00
1786354140,bench_mixed,0.00,0.00,0.0,0.720,0.000,68.186,6.182,0.00
1786354145,bench_mixed,0.00,0.00,0.0,0.720,0.000,68.186,6.181,0.00
1786354151,bench_mixed,0.00,0.00,0.0,0.720,0.000,68.186,6.181,0.00
1786354156,bench_mixed,0.00,0.00,0.0,0.720,0.000,68.186,6.180,0.00
1786354161,bench_mixed,0.00,0.00,0.0,0.720,0.000,68.186,6.180,0.00
1786354166,bench_mixed,0.00,0.00,0.0,0.720,0.000,68.186,6.182,0.00
1786354171,bench_mixed,0.00,0.00,0.0,0.720,0.000,68.186,6.181,0.00
1786354176,bench_mixed,0.00,0.00,0.0,0.720,0.000,68.186,6.181,0.00
1786354181,bench_mixed,0.00,0.00,0.0,0.720,0.000,68.186,6.181,0.00
1786354186,bench_mixed,0.00,0.00,0.0,0.720,0.000,68.186,6.162,0.06
1786354191,bench_mixed,0.00,0.00,0.0,0.720,0.000,68.186,6.162,0.00
1786354196,bench_mixed,0.00,0.00,0.0,0.720,0.000,68.186,6.163,0.00
1786354201,bench_mixed,0.00,0.00,0.0,0.720,0.000,68.186,6.165,0.00
1786354206,bench_mixed,0.00,0.00,0.0,0.720,0.000,68.186,6.165,0.00
1786354211,bench_mixed,0.00,0.00,0.0,0.720,0.000,68.186,6.168,0.00
1786354216,bench_mixed,0.00,0.00,0.0,0.720,0.000,68.186,6.167,0.00
1786354221,bench_mixed,0.00,0.00,0.0,0.720,0.000,68.186,6.169,0.00
1786354226,bench_mixed,0.00,0.00,0.0,0.720,0.000,68.186,6.167,0.00
1786354231,bench_mixed,0.00,0.00,0.0,0.720,0.000,68.186,6.172,0.00
1786354236,bench_mixed,0.00,0.00,0.0,0.720,0.000,68.186,6.171,0.00
1786354241,bench_mixed,0.00,0.00,0.0,0.720,0.000,68.186,6.174,0.00
1786354247,bench_mixed,0.00,0.00,0.0,0.720,0.000,68.186,6.173,0.00
1786354252,bench_mixed,0.00,0.00,0.0,0.720,0.000,68.186,6.173,0.00
1786354257,bench_mixed,0.00,0.00,0.0,0.720,0.000,68.186,6.174,0.00
1786354262,bench_mixed,0.00,0.00,0.0,0.720,0.000,68.186,6.175,0.00
1786354267,bench_mixed,0.00,0.00,0.0,0.720,0.000,68.186,6.176,0.00
1786354272,bench_mixed,0.00,0.00,0.0,0.720,0.000,68.186,6.176,0.00
1786354277,bench_mixed,0.00,0.00,0.0,0.720,0.000,68.186,6.178,0.00
1786354282,bench_mixed,0.00,0.00,0.0,0.720,0.000,68.186,6.177,0.00
1786354287,bench_mixed,0.00,0.00,0.0,0.720,0.000,68.186,6.179,0.00
1786354292,bench_mixed,0.00,0.00,0.0,0.720,0.000,68.186,6.179,0.00
1786354297,bench_mixed,0.00,0.00,0.0,0.720,0.000,68.186,6.179,0.00
1786354302,bench_mixed,0.00,0.00,0.0,0.720,0.000,68.186,6.178,0.00
1786354307,bench_mixed,0.00,0.00,0.0,0.720,0.000,68.186,6.178,0.00
1786354312,bench_mixed,0.00,0.00,0.0,0.720,0.000,68.186,6.177,0.00
1786354317,bench_mixed,0.00,0.00,0.0,0.720,0.000,68.186,6.174,0.00
1786354322,bench_mixed,0.00,0.00,0.0,0.720,0.000,68.186,6.173,0.00
1786354327,bench_mixed,0.00,0.00,0.0,0.720,0.000,68.186,6.172,0.00
1786354332,bench_mixed,0.00,0.00,0.0,0.720,0.000,68.186,6.172,0.00
1786354338,bench_mixed,0.00,0.00,0.0,0.720,0.000,68.186,6.170,0.00
1786354343,bench_mixed,0.00,0.00,0.0,0.720,0.000,68.186,6.174,0.00
1786354348,bench_mixed,0.00,0.00,0.0,0.720,0.000,68.186,6.174,0.00
1786354353,bench_mixed,0.00,0.00,0.0,0.720,0.000,68.186,6.174,0.00
1786354358,bench_mixed,0.00,0.00,0.0,0.720,0.000,68.186,6.176,0.00
1786354363,bench_mixed,0.00,0.00,0.0,0.720,0.000,68.186,6.176,0.00
1786354368,bench_mixed,0.00,0.00,0.0,0.720,0.000,68.186,6.176,0.00
1786354373,bench_mixed,0.00,0.00,0.0,0.720,0.000,68.186,6.174,0.00
1786354378,bench_mixed,0.00,0.00,0.0,0.720,0.000,68.186,6.176,0.00
1786354383,bench_mixed,0.00,0.00,0.0,0.720,0.000,68.186,6.176,0.00
1786354388,bench_mixed,0.00,0.00,0.0,0.720,0.000,68.186,6.176,0.00
1786354393,bench_mixed,0.00,0.00,0.0,0.720,0.000,68.186,6.176,0.00
1786354398,bench_mixed,0.00,0.00,0.0,0.720,0.000,68.186,6.177,0.00
1786354403,bench_mixed,0.00,0.00,0.0,0.720,0.000,68.186,6.178,0.00
1786354408,bench_mixed,0.00,0.00,0.0,0.720,0.000,68.186,6.179,0.00
1786354413,bench_mixed,0.00,0.00,0.0,0.720,0.000,68.186,6.180,0.00
1786354418,bench_mixed,0.00,0.00,0.0,0.720,0.000,68.186,6.180,0.00
1786354423,bench_mixed,0.00,0.00,0.0,0.720,0.000,68.186,6.181,0.00
1786354428,bench_mixed,0.00,0.00,0.0,0.720,0.000,68.186,6.180,0.00
1786354434,bench_mixed,0.00,0.00,0.0,0.720,0.000,68.186,6.179,0.00
1786354439,bench_mixed,0.00,0.00,0.0,0.720,0.000,68.186,6.180,0.00
1786354444,bench_mixed,0.00,0.00,0.0,0.720,0.000,68.186,6.180,0.00
1786354449,bench_mixed,0.00,0.00,0.0,0.720,0.000,68.186,6.181,0.00
1786354454,bench_mixed,0.00,0.00,0.0,0.720,0.000,68.186,6.181,0.00
1786354459,bench_mixed,0.00,0.00,0.0,0.720,0.000,68.186,6.182,0.00
1786354464,bench_mixed,0.00,0.00,0.0,0.720,0.000,68.186,6.180,0.00
1786354469,bench_mixed,0.00,0.00,0.0,0.720,0.000,68.186,6.182,0.00
1786354474,bench_mixed,0.00,0.00,0.0,0.720,0.000,68.186,6.181,0.00
1786354479,bench_mixed,0.00,0.00,0.0,0.720,0.000,68.186,6.181,0.00
1786354484,bench_mixed,0.00,0.00,0.0,0.720,0.000,68.186,6.171,0.02
1786354489,bench_mixed,0.00,0.00,0.0,0.720,0.000,68.186,6.167,0.03
1786354494,bench_mixed,0.00,0.00,0.0,0.720,0.000,68.186,6.168,0.00
1786354499,bench_mixed,0.00,0.00,0.0,0.720,0.000,68.186,6.169,0.00
1786354504,bench_mixed,0.00,0.00,0.0,0.720,0.000,68.186,6.168,0.00
1786354509,bench_mixed,0.00,0.00,0.0,0.720,0.000,68.186,6.169,0.00
1786354514,bench_mixed,0.00,0.00,0.0,0.720,0.000,68.186,6.170,0.00
1786354519,bench_mixed,0.00,0.00,0.0,0.720,0.000,68.186,6.171,0.00
1786354525,bench_mixed,0.00,0.00,0.0,0.720,0.000,68.186,6.172,0.00
1786354530,bench_mixed,0.00,0.00,0.0,0.720,0.000,68.186,6.173,0.00
1786354535,bench_mixed,0.00,0.00,0.0,0.720,0.000,68.186,6.173,0.00
1786354540,bench_mixed,0.00,0.00,0.0,0.720,0.000,68.186,6.174,0.00
1786354545,bench_mixed,0.00,0.00,0.0,0.720,0.000,68.186,6.174,0.00
1786354550,bench_mixed,0.00,0.00,0.0,0.720,0.000,68.186,6.175,0.00
1786354555,bench_mixed,0.00,0.00,0.0,0.720,0.000,68.186,6.176,0.00
1786354560,bench_mixed,0.00,0.00,0.0,0.720,0.000,68.186,6.178,0.00
1786354565,bench_mixed,0.00,0.00,0.0,0.720,0.000,68.186,6.177,0.00
1786354570,bench_mixed,0.00,0.00,0.0,0.720,0.000,68.186,6.178,0.00
1786354575,bench_mixed,0.00,0.00,0.0,0.720,0.000,68.186,6.178,0.00
1786354580,bench_mixed,0.00,0.00,0.0,0.720,0.000,68.186,6.178,0.00
1786354585,bench_mixed,0.00,0.00,0.0,0.720,0.000,68.186,6.177,0.00
1786354590,bench_mixed,0.00,0.00,0.0,0.720,0.000,68.186,6.176,0.00
1786354595,bench_mixed,0.00,0.00,0.0,0.720,0.000,68.186,6.176,0.00
1786354600,bench_mixed,0.00,0.00,0.0,0.720,0.000,68.186,6.177,0.00
1786354605,bench_mixed,0.00,0.00,0.0,0.720,0.000,68.186,6.176,0.00
1786354610,bench_mixed,0.00,0.00,0.0,0.720,0.000,68.186,6.171,0.00
1786354615,bench_mixed,0.00,0.00,0.0,0.720,0.000,68.186,6.176,0.00
1786354621,bench_mixed,0.00,0.00,0.0,0.720,0.000,68.186,6.176,0.00
1786354626,bench_mixed,0.00,0.00,0.0,0.720,0.000,68.186,6.176,0.00
1786354631,bench_mixed,0.00,0.00,0.0,0.720,0.000,68.186,6.176,0.00
1786354636,bench_mixed,0.00,0.00,0.0,0.720,0.000,68.186,6.178,0.00
1786354641,bench_mixed,0.00,0.00,0.0,0.720,0.000,68.186,6.175,0.00
1786354646,bench_mixed,0.00,0.00,0.0,0.720,0.000,68.186,6.173,0.00
1786354651,bench_mixed,0.00,0.00,0.0,0.720,0.000,68.186,6.174,0.00
1786354656,bench_mixed,0.00,0.00,0.0,0.720,0.000,68.186,6.175,0.00
1786354661,bench_mixed,0.00,0.00,0.0,0.720,0.000,68.186,6.175,0.00
1786354666,bench_mixed,0.00,0.00,0.0,0.720,0.000,68.186,6.176,0.00
1786354671,bench_mixed,0.00,0.00,0.0,0.720,0.000,68.186,6.176,0.00
1786354676,bench_mixed,0.00,0.00,0.0,0.720,0.000,68.186,6.175,0.00
1786354681,bench_mixed,0.00,0.00,0.0,0.720,0.000,68.186,6.175,0.00
1786354686,bench_mixed,0.00,0.00,0.0,0.720,0.000,68.186,6.176,0.00
1786354691,bench_mixed,0.00,0.00,0.0,0.720,0.000,68.186,6.176,0.00
1786354696,bench_mixed,0.00,0.00,0.0,0.720,0.000,68.186,6.173,0.00
1786354701,bench_mixed,0.00,0.00,0.0,0.720,0.000,68.186,6.177,0.00
1786354706,bench_mixed,0.00,0.00,0.0,0.720,0.000,68.186,6.176,0.00
1786354712,bench_mixed,0.00,0.00,0.0,0.720,0.000,68.186,6.176,0.00
1786354717,bench_mixed,0.00,0.00,0.0,0.720,0.000,68.186,6.176,0.00
1786354722,bench_mixed,0.00,0.00,0.0,0.720,0.000,68.186,6.176,0.00
1786354727,bench_mixed,0.00,0.00,0.0,0.720,0.000,68.186,6.176,0.00
1786354732,bench_mixed,0.00,0.00,0.0,0.720,0.000,68.186,6.176,0.00
1786354737,bench_mixed,0.00,0.00,0.0,0.720,0.000,68.186,6.177,0.00
1786354742,bench_mixed,0.00,0.00,0.0,0.720,0.000,68.186,6.177,0.00
1786354747,bench_mixed,0.00,0.00,0.0,0.720,0.000,68.186,6.178,0.00
1786354752,bench_mixed,0.00,0.00,0.0,0.720,0.000,68.186,6.177,0.00
1786354757,bench_mixed,0.00,0.00,0.0,0.720,0.000,68.186,6.177,0.00
1786354762,bench_mixed,0.00,0.00,0.0,0.720,0.000,68.186,6.177,0.00
1786354767,bench_mixed,0.00,0.00,0.0,0.720,0.000,68.186,6.177,0.00
1786354772,bench_mixed,0.00,0.00,0.0,0.720,0.000,68.186,6.178,0.00
1786354777,bench_mixed,0.00,0.00,0.0,0.720,0.000,68.186,6.178,0.00
1786354782,bench_mixed,0.00,0.00,0.0,0.720,0.000,68.186,6.179,0.00
1786354787,bench_mixed,0.00,0.00,0.0,0.720,0.000,68.186,6.160,0.06
1786354792,bench_mixed,0.00,0.00,0.0,0.720,0.000,68.186,6.160,0.00
1786354797,bench_mixed,0.00,0.00,0.0,0.720,0.000,68.186,6.162,0.00
1786354802,bench_mixed,0.00,0.00,0.0,0.720,0.000,68.186,6.161,0.00
1786354808,bench_mixed,0.00,0.00,0.0,0.720,0.000,68.186,6.163,0.00
1786354813,bench_mixed,0.00,0.00,0.0,0.720,0.000,68.186,6.163,0.00
1786354818,bench_mixed,0.00,0.00,0.0,0.720,0.000,68.186,6.164,0.00
1786354823,bench_mixed,0.00,0.00,0.0,0.720,0.000,68.186,6.161,0.00
1786354828,bench_mixed,0.00,0.00,0.0,0.720,0.000,68.186,6.167,0.00
1786354833,bench_mixed,0.00,0.00,0.0,0.720,0.000,68.186,6.165,0.00
1786354838,bench_mixed,0.00,0.00,0.0,0.720,0.000,68.186,6.165,0.00
1786354843,bench_mixed,0.00,0.00,0.0,0.720,0.000,68.186,6.165,0.00
1786354848,bench_mixed,0.00,0.00,0.0,0.720,0.000,68.186,6.166,0.00
1786354853,bench_mixed,0.00,0.00,0.0,0.720,0.000,68.186,6.166,0.00
1786354858,bench_mixed,0.00,0.00,0.0,0.720,0.000,68.186,6.168,0.00
1786354863,bench_mixed,0.00,0.00,0.0,0.720,0.000,68.186,6.168,0.00
1786354868,bench_mixed,0.00,0.00,0.0,0.720,0.000,68.186,6.169,0.00
1786354873,bench_mixed,0.00,0.00,0.0,0.720,0.000,68.186,6.169,0.00
1786354878,bench_mixed,0.00,0.00,0.0,0.720,0.000,68.186,6.168,0.00
1786354883,bench_mixed,0.00,0.00,0.0,0.720,0.000,68.186,6.168,0.00
1786354888,bench_mixed,0.00,0.00,0.0,0.720,0.000,68.186,6.164,0.00
1786354893,bench_mixed,0.00,0.00,0.0,0.720,0.000,68.186,6.166,0.00
1786354899,bench_mixed,0.00,0.00,0.0,0.720,0.000,68.186,6.170,0.00
1786354904,bench_mixed,0.00,0.00,0.0,0.720,0.000,68.186,6.170,0.00
1786354909,bench_mixed,0.00,0.00,0.0,0.720,0.000,68.186,6.170,0.00
1786354914,bench_mixed,0.00,0.00,0.0,0.720,0.000,68.186,6.170,0.00
1786354919,bench_mixed,0.00,0.00,0.0,0.720,0.000,68.186,6.172,0.00
1786354924,bench_mixed,0.00,0.00,0.0,0.720,0.000,68.186,6.172,0.00
1786354929,bench_mixed,0.00,0.00,0.0,0.720,0.000,68.186,6.171,0.00
1786354934,bench_mixed,0.00,0.00,0.0,0.720,0.000,68.186,6.170,0.00
1786354939,bench_mixed,0.00,0.00,0.0,0.720,0.000,68.186,6.170,0.00
1786354944,bench_mixed,0.00,0.00,0.0,0.720,0.000,68.186,6.170,0.00
1786354949,bench_mixed,0.00,0.00,0.0,0.720,0.000,68.186,6.171,0.00
1786354954,bench_mixed,0.00,0.00,0.0,0.720,0.000,68.186,6.166,0.00
1786354959,bench_mixed,0.00,0.00,0.0,0.720,0.000,68.186,6.168,0.00
1786354964,bench_mixed,0.00,0.00,0.0,0.720,0.000,68.186,6.168,0.00
1786354969,bench_mixed,0.00,0.00,0.0,0.720,0.000,68.186,6.169,0.00
1786354974,bench_mixed,0.00,0.00,0.0,0.720,0.000,68.186,6.169,0.00
1786354979,bench_mixed,0.00,0.00,0.0,0.720,0.000,68.186,6.169,0.00
1786354984,bench_mixed,0.00,0.00,0.0,0.720,0.000,68.186,6.169,0.00
1786354989,bench_mixed,0.00,0.00,0.0,0.720,0.000,68.186,6.169,0.00
1786354995,bench_mixed,0.00,0.00,0.0,0.720,0.000,68.186,6.169,0.00
1786355000,bench_mixed,0.00,0.00,0.0,0.720,0.000,68.186,6.169,0.00
1786355005,bench_mixed,0.00,0.00,0.0,0.720,0.000,68.186,6.169,0.00
1786355010,bench_mixed,0.00,0.00,0.0,0.720,0.000,68.186,6.169,0.00
1786355015,bench_mixed,0.00,0.00,0.0,0.720,0.000,68.186,6.170,0.00
1786355020,bench_mixed,0.00,0.00,0.0,0.720,0.000,68.186,6.170,0.00
1786355025,bench_mixed,0.00,0.00,0.0,0.720,0.000,68.186,6.170,0.00
1786355030,bench_mixed,0.00,0.00,0.0,0.720,0.000,68.186,6.170,0.00
1786355035,bench_mixed,0.00,0.00,0.0,0.720,0.000,68.186,6.170,0.00
1786355040,bench_mixed,0.00,0.00,0.0,0.720,0.000,68.186,6.169,0.00
1786355045,bench_mixed,0.00,0.00,0.0,0.720,0.000,68.186,6.169,0.00
1786355050,bench_mixed,0.00,0.00,0.0,0.720,0.000,68.186,6.169,0.00
1786355055,bench_mixed,0.00,0.00,0.0,0.720,0.000,68.186,6.169,0.00
1786355060,bench_mixed,0.00,0.00,0.0,0.720,0.000,68.186,6.169,0.00
1786355065,bench_mixed,0.00,0.00,0.0,0.720,0.000,68.186,6.171,0.00
1786355070,bench_mixed,0.00,0.00,0.0,0.720,0.000,68.186,6.171,0.00
1786355075,bench_mixed,0.00,0.00,0.0,0.720,0.000,68.186,6.169,0.00
1786355080,bench_mixed,0.00,0.00,0.0,0.720,0.000,68.186,6.169,0.00
1786355086,bench_mixed,0.00,0.00,0.0,0.720,0.000,68.186,6.151,0.05
1786355091,bench_mixed,0.00,0.00,0.0,0.720,0.000,68.186,6.156,0.01
1786355096,bench_mixed,0.00,0.00,0.0,0.720,0.000,68.186,6.159,0.00
1786355101,bench_mixed,0.00,0.00,0.0,0.720,0.000,68.186,6.158,0.00
1786355106,bench_mixed,0.00,0.00,0.0,0.720,0.000,68.186,6.159,0.00
1786355111,bench_mixed,0.00,0.00,0.0,0.720,0.000,68.186,6.160,0.00
1786355116,bench_mixed,0.00,0.00,0.0,0.720,0.000,68.186,6.161,0.00
1786355121,bench_mixed,0.00,0.00,0.0,0.720,0.000,68.186,6.161,0.00
1786355126,bench_mixed,0.00,0.00,0.0,0.720,0.000,68.186,6.162,0.00
1786355131,bench_mixed,0.00,0.00,0.0,0.720,0.000,68.186,6.161,0.00
1786355136,bench_mixed,0.00,0.00,0.0,0.720,0.000,68.186,6.163,0.00
1786355141,bench_mixed,0.00,0.00,0.0,0.720,0.000,68.186,6.163,0.00
1786355146,bench_mixed,0.00,0.00,0.0,0.720,0.000,68.186,6.164,0.00
1786355151,bench_mixed,0.00,0.00,0.0,0.720,0.000,68.186,6.165,0.00
1786355156,bench_mixed,0.00,0.00,0.0,0.720,0.000,68.186,6.166,0.00
1786355161,bench_mixed,0.00,0.00,0.0,0.720,0.000,68.186,6.166,0.00
1786355166,bench_mixed,0.00,0.00,0.0,0.720,0.000,68.186,6.165,0.00
1786355171,bench_mixed,0.00,0.00,0.0,0.720,0.000,68.186,6.166,0.00
1786355176,bench_mixed,0.00,0.00,0.0,0.720,0.000,68.186,6.166,0.00
1786355182,bench_mixed,0.00,0.00,0.0,0.720,0.000,68.186,6.167,0.00
1786355187,bench_mixed,0.00,0.00,0.0,0.720,0.000,68.186,6.165,0.00
1786355192,bench_mixed,0.00,0.00,0.0,0.720,0.000,68.186,6.165,0.00
1786355197,bench_mixed,0.00,0.00,0.0,0.720,0.000,68.186,6.167,0.00
1786355202,bench_mixed,0.00,0.00,0.0,0.720,0.000,68.186,6.166,0.00
1786355207,bench_mixed,0.00,0.00,0.0,0.720,0.000,68.186,6.168,0.00
1786355212,bench_mixed,0.00,0.00,0.0,0.720,0.000,68.186,6.164,0.00
1786355217,bench_mixed,0.00,0.00,0.0,0.720,0.000,68.186,6.168,0.00
1786355222,bench_mixed,0.00,0.00,0.0,0.720,0.000,68.186,6.169,0.00
1786355227,bench_mixed,0.00,0.00,0.0,0.720,0.000,68.186,6.169,0.00
1786355232,bench_mixed,0.00,0.00,0.0,0.720,0.000,68.186,6.168,0.00
1786355237,bench_mixed,0.00,0.00,0.0,0.720,0.000,68.186,6.169,0.00
1786355242,bench_mixed,0.00,0.00,0.0,0.720,0.000,68.186,6.168,0.00
1786355247,bench_mixed,0.00,0.00,0.0,0.720,0.000,68.186,6.164,0.00
1786355252,bench_mixed,0.00,0.00,0.0,0.720,0.000,68.186,6.164,0.00
1786355257,bench_mixed,0.00,0.00,0.0,0.720,0.000,68.186,6.162,0.00
1786355262,bench_mixed,0.00,0.00,0.0,0.720,0.000,68.186,6.162,0.00
1786355267,bench_mixed,0.00,0.00,0.0,0.720,0.000,68.186,6.163,0.00
1786355273,bench_mixed,0.00,0.00,0.0,0.720,0.000,68.186,6.163,0.00
1786355278,bench_mixed,0.00,0.00,0.0,0.720,0.000,68.186,6.164,0.00
1786355283,bench_mixed,0.00,0.00,0.0,0.720,0.000,68.186,6.167,0.00
1786355288,bench_mixed,0.00,0.00,0.0,0.720,0.000,68.186,6.168,0.00
1786355293,bench_mixed,0.00,0.00,0.0,0.720,0.000,68.186,6.168,0.00
1786355298,bench_mixed,0.00,0.00,0.0,0.720,0.000,68.186,6.168,0.00
1786355303,bench_mixed,0.00,0.00,0.0,0.720,0.000,68.186,6.168,0.00
1786355308,bench_mixed,0.00,0.00,0.0,0.720,0.000,68.186,6.170,0.00
1786355313,bench_mixed,0.00,0.00,0.0,0.720,0.000,68.186,6.169,0.00
1786355318,bench_mixed,0.00,0.00,0.0,0.720,0.000,68.186,6.169,0.00
1786355323,bench_mixed,0.00,0.00,0.0,0.720,0.000,68.186,6.169,0.00
1786355328,bench_mixed,0.00,0.00,0.0,0.720,0.000,68.186,6.170,0.00
1786355333,bench_mixed,0.00,0.00,0.0,0.720,0.000,68.186,6.165,0.00
1786355338,bench_mixed,0.00,0.00,0.0,0.720,0.000,68.186,6.161,0.00
1786355343,bench_mixed,0.00,0.00,0.0,0.720,0.000,68.186,6.168,0.00
1786355348,bench_mixed,0.00,0.00,0.0,0.720,0.000,68.186,6.168,0.00
1786355353,bench_mixed,0.00,0.00,0.0,0.720,0.000,68.186,6.168,0.00
1786355358,bench_mixed,0.00,0.00,0.0,0.720,0.000,68.186,6.168,0.00
1786355363,bench_mixed,0.00,0.00,0.0,0.720,0.000,68.186,6.168,0.00
1786355369,bench_mixed,0.00,0.00,0.0,0.720,0.000,68.186,6.169,0.00
1786355374,bench_mixed,0.00,0.00,0.0,0.720,0.000,68.186,6.170,0.00
1786355379,bench_mixed,0.00,0.00,0.0,0.720,0.000,68.186,6.169,0.00
1786355384,bench_mixed,0.00,0.00,0.0,0.720,0.000,68.186,6.166,0.00
1786355389,bench_mixed,0.00,0.00,0.0,0.720,0.000,68.186,6.150,0.05
1786355394,bench_mixed,0.00,0.00,0.0,0.720,0.000,68.186,6.154,0.00
1786355399,bench_mixed,0.00,0.00,0.0,0.720,0.000,68.186,6.154,0.00
1786355404,bench_mixed,0.00,0.00,0.0,0.720,0.000,68.186,6.157,0.00
1786355409,bench_mixed,0.00,0.00,0.0,0.720,0.000,68.186,6.156,0.00
1786355414,bench_mixed,0.00,0.00,0.0,0.720,0.000,68.186,6.157,0.00
1786355419,bench_mixed,0.00,0.00,0.0,0.720,0.000,68.186,6.157,0.00
1786355424,bench_mixed,0.00,0.00,0.0,0.720,0.000,68.186,6.159,0.00
1786355429,bench_mixed,0.00,0.00,0.0,0.720,0.000,68.186,6.159,0.00
1786355434,bench_mixed,0.00,0.00,0.0,0.720,0.000,68.186,6.160,0.00
1786355439,bench_mixed,0.00,0.00,0.0,0.720,0.000,68.186,6.160,0.00
1786355444,bench_mixed,0.00,0.00,0.0,0.720,0.000,68.186,6.160,0.00
1786355449,bench_mixed,0.00,0.00,0.0,0.720,0.000,68.186,6.160,0.00
1786355454,bench_mixed,0.00,0.00,0.0,0.720,0.000,68.186,6.158,0.00
1786355459,bench_mixed,0.00,0.00,0.0,0.720,0.000,68.186,6.159,0.00
1786355465,bench_mixed,0.00,0.00,0.0,0.720,0.000,68.186,6.160,0.00
1786355470,bench_mixed,0.00,0.00,0.0,0.720,0.000,68.186,6.160,0.00
1786355475,bench_mixed,0.00,0.00,0.0,0.720,0.000,68.186,6.160,0.00
1786355480,bench_mixed,0.00,0.00,0.0,0.720,0.000,68.186,6.161,0.00
1786355485,bench_mixed,0.00,0.00,0.0,0.720,0.000,68.186,6.159,0.00
1786355490,bench_mixed,0.00,0.00,0.0,0.720,0.000,68.186,6.159,0.00
1786355495,bench_mixed,0.00,0.00,0.0,0.720,0.000,68.186,6.160,0.00
1786355500,bench_mixed,0.00,0.00,0.0,0.720,0.000,68.186,6.159,0.00
1786355505,bench_mixed,0.00,0.00,0.0,0.720,0.000,68.186,6.160,0.00
1786355510,bench_mixed,0.00,0.00,0.0,0.720,0.000,68.186,6.160,0.00
1786355515,bench_mixed,0.00,0.00,0.0,0.720,0.000,68.186,6.162,0.00
1786355520,bench_mixed,0.00,0.00,0.0,0.720,0.000,68.186,6.162,0.00
1786355525,bench_mixed,0.00,0.00,0.0,0.720,0.000,68.186,6.161,0.00
1786355530,bench_mixed,0.00,0.00,0.0,0.720,0.000,68.186,6.161,0.00
1786355535,bench_mixed,0.00,0.00,0.0,0.720,0.000,68.186,6.161,0.00
1786355540,bench_mixed,0.00,0.00,0.0,0.720,0.000,68.186,6.161,0.00
1786355545,bench_mixed,0.00,0.00,0.0,0.720,0.000,68.186,6.161,0.00
1786355550,bench_mixed,0.00,0.00,0.0,0.720,0.000,68.186,6.161,0.00
1786355556,bench_mixed,0.00,0.00,0.0,0.720,0.000,68.186,6.163,0.00
1786355561,bench_mixed,0.00,0.00,0.0,0.720,0.000,68.186,6.163,0.00
1786355566,bench_mixed,0.00,0.00,0.0,0.720,0.000,68.186,6.164,0.00
1786355571,bench_mixed,0.00,0.00,0.0,0.720,0.000,68.186,6.163,0.00
1786355576,bench_mixed,0.00,0.00,0.0,0.720,0.000,68.186,6.164,0.00
1786355581,bench_mixed,0.00,0.00,0.0,0.720,0.000,68.186,6.160,0.00
1786355586,bench_mixed,0.00,0.00,0.0,0.720,0.000,68.186,6.158,0.00
1786355591,bench_mixed,0.00,0.00,0.0,0.720,0.000,68.186,6.158,0.00
1786355596,bench_mixed,0.00,0.00,0.0,0.720,0.000,68.186,6.158,0.00
1786355601,bench_mixed,0.00,0.00,0.0,0.720,0.000,68.186,6.158,0.00
1786355606,bench_mixed,0.00,0.00,0.0,0.720,0.000,68.186,6.159,0.00
1786355611,bench_mixed,0.00,0.00,0.0,0.720,0.000,68.186,6.158,0.00
1786355616,bench_mixed,0.00,0.00,0.0,0.720,0.000,68.186,6.158,0.00
1786355621,bench_mixed,0.00,0.00,0.0,0.720,0.000,68.186,6.158,0.00
1786355626,bench_mixed,0.00,0.00,0.0,0.720,0.000,68.186,6.157,0.00
1786355631,bench_mixed,0.00,0.00,0.0,0.720,0.000,68.186,6.157,0.00
1786355636,bench_mixed,0.00,0.00,0.0,0.720,0.000,68.186,6.157,0.00
1786355641,bench_mixed,0.00,0.00,0.0,0.720,0.000,68.186,6.153,0.00
1786355646,bench_mixed,0.00,0.00,0.0,0.720,0.000,68.186,6.158,0.00
1786355652,bench_mixed,0.00,0.00,0.0,0.720,0.000,68.186,6.157,0.00
1786355657,bench_mixed,0.00,0.00,0.0,0.720,0.000,68.186,6.158,0.00
1786355662,bench_mixed,0.00,0.00,0.0,0.720,0.000,68.186,6.157,0.00
1786355667,bench_mixed,0.00,0.00,0.0,0.720,0.000,68.186,6.158,0.00
1786355672,bench_mixed,0.00,0.00,0.0,0.720,0.000,68.186,6.158,0.00
1786355677,bench_mixed,0.00,0.00,0.0,0.720,0.000,68.186,6.158,0.00
1786355682,bench_mixed,0.00,0.00,0.0,0.720,0.000,68.186,6.158,0.00
1786355687,bench_mixed,0.00,0.00,0.0,0.720,0.000,68.186,6.151,0.06
1786355692,bench_mixed,0.00,0.00,0.0,0.720,0.000,68.186,6.151,0.00
1786355697,bench_mixed,0.00,0.00,0.0,0.720,0.000,68.186,6.151,0.00
1786355702,bench_mixed,0.00,0.00,0.0,0.720,0.000,68.186,6.149,0.00
1786355707,bench_mixed,0.00,0.00,0.0,0.720,0.000,68.186,6.148,0.00
1786355712,bench_mixed,0.00,0.00,0.0,0.720,0.000,68.186,6.151,0.00
1786355717,bench_mixed,0.00,0.00,0.0,0.720,0.000,68.186,6.151,0.00
1786355722,bench_mixed,0.00,0.00,0.0,0.720,0.000,68.186,6.152,0.00
1786355727,bench_mixed,0.00,0.00,0.0,0.720,0.000,68.186,6.152,0.00
1786355732,bench_mixed,0.00,0.00,0.0,0.720,0.000,68.186,6.154,0.00
1786355737,bench_mixed,0.00,0.00,0.0,0.720,0.000,68.186,6.155,0.00
1786355742,bench_mixed,0.00,0.00,0.0,0.720,0.000,68.186,6.128,0.00
1786355748,bench_mixed,0.00,0.00,0.0,0.720,0.000,68.186,6.133,0.00
1786355753,bench_mixed,0.00,0.00,0.0,0.720,0.000,68.186,6.136,0.00
1786355758,bench_mixed,0.00,0.00,0.0,0.720,0.000,68.186,6.136,0.00
1786355763,bench_mixed,0.00,0.00,0.0,0.720,0.000,68.186,6.135,0.00
1786355768,bench_mixed,0.00,0.00,0.0,0.720,0.000,68.186,6.137,0.00
1786355773,bench_mixed,0.00,0.00,0.0,0.720,0.000,68.186,6.134,0.00
1786355778,bench_mixed,0.00,0.00,0.0,0.720,0.000,68.186,6.134,0.00
1786355783,bench_mixed,0.00,0.00,0.0,0.720,0.000,68.186,6.137,0.00
1786355788,bench_mixed,0.00,0.00,0.0,0.720,0.000,68.186,6.136,0.00
1786355793,bench_mixed,0.00,0.00,0.0,0.720,0.000,68.186,6.134,0.00
1786355798,bench_mixed,0.00,0.00,0.0,0.720,0.000,68.186,6.135,0.00
1786355803,bench_mixed,0.00,0.00,0.0,0.720,0.000,68.186,6.136,0.00
1786355808,bench_mixed,0.00,0.00,0.0,0.720,0.000,68.186,6.135,0.00
1786355813,bench_mixed,0.00,0.00,0.0,0.720,0.000,68.186,6.135,0.00
1786355818,bench_mixed,0.00,0.00,0.0,0.720,0.000,68.186,6.136,0.00
1786355823,bench_mixed,0.00,0.00,0.0,0.720,0.000,68.186,6.134,0.00
1786355828,bench_mixed,0.00,0.00,0.0,0.720,0.000,68.186,6.138,0.00
1786355833,bench_mixed,0.00,0.00,0.0,0.720,0.000,68.186,6.138,0.00
1786355839,bench_mixed,0.00,0.00,0.0,0.720,0.000,68.186,6.139,0.00
1786355844,bench_mixed,0.00,0.00,0.0,0.720,0.000,68.186,6.139,0.00
1786355849,bench_mixed,0.00,0.00,0.0,0.720,0.000,68.186,6.139,0.00
1786355854,bench_mixed,0.00,0.00,0.0,0.720,0.000,68.186,6.142,0.00
1786355859,bench_mixed,0.00,0.00,0.0,0.720,0.000,68.186,6.141,0.00
1786355864,bench_mixed,0.00,0.00,0.0,0.720,0.000,68.186,6.141,0.00
1786355869,bench_mixed,0.00,0.00,0.0,0.720,0.000,68.186,6.141,0.00
1786355874,bench_mixed,0.00,0.00,0.0,0.720,0.000,68.186,6.141,0.00
1786355879,bench_mixed,0.00,0.00,0.0,0.720,0.000,68.186,6.140,0.00
1786355884,bench_mixed,0.00,0.00,0.0,0.720,0.000,68.186,6.140,0.00
1786355889,bench_mixed,0.00,0.00,0.0,0.720,0.000,68.186,6.140,0.00
1786355894,bench_mixed,0.00,0.00,0.0,0.720,0.000,68.186,6.139,0.00
1786355899,bench_mixed,0.00,0.00,0.0,0.720,0.000,68.186,6.140,0.00
1786355904,bench_mixed,0.00,0.00,0.0,0.720,0.000,68.186,6.139,0.00
1786355909,bench_mixed,0.00,0.00,0.0,0.720,0.000,68.186,6.139,0.00
1786355914,bench_mixed,0.00,0.00,0.0,0.720,0.000,68.186,6.137,0.00
1786355919,bench_mixed,0.00,0.00,0.0,0.720,0.000,68.186,6.137,0.00
1786355924,bench_mixed,0.00,0.00,0.0,0.720,0.000,68.186,6.136,0.00
1786355929,bench_mixed,0.00,0.00,0.0,0.720,0.000,68.186,6.136,0.00
1786355935,bench_mixed,0.00,0.00,0.0,0.720,0.000,68.186,6.137,0.00
1786355940,bench_mixed,0.00,0.00,0.0,0.720,0.000,68.186,6.137,0.00
1786355945,bench_mixed,0.00,0.00,0.0,0.720,0.000,68.186,6.138,0.00
1786355950,bench_mixed,0.00,0.00,0.0,0.720,0.000,68.186,6.134,0.00
1786355955,bench_mixed,0.00,0.00,0.0,0.720,0.000,68.186,6.139,0.00
1786355960,bench_mixed,0.00,0.00,0.0,0.720,0.000,68.186,6.139,0.00
1786355965,bench_mixed,0.00,0.00,0.0,0.720,0.000,68.186,6.139,0.00
1786355970,bench_mixed,0.00,0.00,0.0,0.720,0.000,68.186,6.139,0.00
1786355975,bench_mixed,0.00,0.00,0.0,0.720,0.000,68.186,6.140,0.00
1786355980,bench_mixed,0.00,0.00,0.0,0.720,0.000,68.186,6.139,0.00
1786355985,bench_mixed,0.00,0.00,0.0,0.720,0.000,68.186,6.125,0.04
1786355990,bench_mixed,0.00,0.00,0.0,0.720,0.000,68.186,6.120,0.02
1786355995,bench_mixed,0.00,0.00,0.0,0.720,0.000,68.186,6.121,0.00
1786356000,bench_mixed,0.00,0.00,0.0,0.720,0.000,68.186,6.121,0.00
1786356005,bench_mixed,0.00,0.00,0.0,0.720,0.000,68.186,6.123,0.00
1786356010,bench_mixed,0.00,0.00,0.0,0.720,0.000,68.186,6.126,0.00
1786356015,bench_mixed,0.00,0.00,0.0,0.720,0.000,68.186,6.127,0.00
1786356020,bench_mixed,0.00,0.00,0.0,0.720,0.000,68.186,6.127,0.00
1786356026,bench_mixed,0.00,0.00,0.0,0.720,0.000,68.186,6.130,0.00
1786356031,bench_mixed,0.00,0.00,0.0,0.720,0.000,68.186,6.129,0.00
1786356036,bench_mixed,0.00,0.00,0.0,0.720,0.000,68.186,6.131,0.00
1786356041,bench_mixed,0.00,0.00,0.0,0.720,0.000,68.186,6.131,0.00
1786356046,bench_mixed,0.00,0.00,0.0,0.720,0.000,68.186,6.133,0.00
1786356051,bench_mixed,0.00,0.00,0.0,0.720,0.000,68.186,6.133,0.00
1786356056,bench_mixed,0.00,0.00,0.0,0.720,0.000,68.186,6.133,0.00
1786356061,bench_mixed,0.00,0.00,0.0,0.720,0.000,68.186,6.133,0.00
1786356066,bench_mixed,0.00,0.00,0.0,0.720,0.000,68.186,6.135,0.00
1786356071,bench_mixed,0.00,0.00,0.0,0.720,0.000,68.186,6.133,0.00
1786356076,bench_mixed,0.00,0.00,0.0,0.720,0.000,68.186,6.135,0.00
1786356081,bench_mixed,0.00,0.00,0.0,0.720,0.000,68.186,6.135,0.00
1786356086,bench_mixed,0.00,0.00,0.0,0.720,0.000,68.186,6.130,0.00
1786356091,bench_mixed,0.00,0.00,0.0,0.720,0.000,68.186,6.134,0.00
1786356097,bench_mixed,0.00,0.00,0.0,0.720,0.000,68.186,6.134,0.00
1786356102,bench_mixed,0.00,0.00,0.0,0.720,0.000,68.186,6.134,0.00
1786356107,bench_mixed,0.00,0.00,0.0,0.720,0.000,68.186,6.133,0.00
1786356112,bench_mixed,0.00,0.00,0.0,0.720,0.000,68.186,6.134,0.00
1786356117,bench_mixed,0.00,0.00,0.0,0.720,0.000,68.186,6.134,0.00
1786356122,bench_mixed,0.00,0.00,0.0,0.720,0.000,68.186,6.136,0.00
1786356127,bench_mixed,0.00,0.00,0.0,0.720,0.000,68.186,6.136,0.00
1786356132,bench_mixed,0.00,0.00,0.0,0.720,0.000,68.186,6.136,0.00
1786356137,bench_mixed,0.00,0.00,0.0,0.720,0.000,68.186,6.137,0.00
1786356142,bench_mixed,0.00,0.00,0.0,0.720,0.000,68.186,6.136,0.00
1786356147,bench_mixed,0.00,0.00,0.0,0.720,0.000,68.186,6.136,0.00
1786356152,bench_mixed,0.00,0.00,0.0,0.720,0.000,68.186,6.138,0.00
1786356157,bench_mixed,0.00,0.00,0.0,0.720,0.000,68.186,6.138,0.00
1786356162,bench_mixed,0.00,0.00,0.0,0.720,0.000,68.186,6.138,0.00
1786356167,bench_mixed,0.00,0.00,0.0,0.720,0.000,68.186,6.140,0.00
1786356172,bench_mixed,0.00,0.00,0.0,0.720,0.000,68.186,6.140,0.00
1786356177,bench_mixed,0.00,0.00,0.0,0.720,0.000,68.186,6.142,0.00
1786356182,bench_mixed,0.00,0.00,0.0,0.720,0.000,68.186,6.142,0.00
1786356187,bench_mixed,0.00,0.00,0.0,0.720,0.000,68.186,6.141,0.00
1786356193,bench_mixed,0.00,0.00,0.0,0.720,0.000,68.186,6.140,0.00
1786356198,bench_mixed,0.00,0.00,0.0,0.720,0.000,68.186,6.142,0.00
1786356203,bench_mixed,0.00,0.00,0.0,0.720,0.000,68.186,6.142,0.00
1786356208,bench_mixed,0.00,0.00,0.0,0.720,0.000,68.186,6.137,0.00
1786356213,bench_mixed,0.00,0.00,0.0,0.720,0.000,68.186,6.140,0.00
1786356218,bench_mixed,0.00,0.00,0.0,0.720,0.000,68.186,6.141,0.00
1786356223,bench_mixed,0.00,0.00,0.0,0.720,0.000,68.186,6.142,0.00
1786356228,bench_mixed,0.00,0.00,0.0,0.720,0.000,68.186,6.143,0.00
1786356233,bench_mixed,0.00,0.00,0.0,0.720,0.000,68.186,6.142,0.00
1786356238,bench_mixed,0.00,0.00,0.0,0.720,0.000,68.186,6.143,0.00
1786356243,bench_mixed,0.00,0.00,0.0,0.720,0.000,68.186,6.143,0.00
1786356248,bench_mixed,0.00,0.00,0.0,0.720,0.000,68.186,6.142,0.00
1786356253,bench_mixed,0.00,0.00,0.0,0.720,0.000,68.186,6.142,0.00
1786356258,bench_mixed,0.00,0.00,0.0,0.720,0.000,68.186,6.142,0.00
1786356263,bench_mixed,0.00,0.00,0.0,0.720,0.000,68.186,6.142,0.00
1786356268,bench_mixed,0.00,0.00,0.0,0.720,0.000,68.186,6.141,0.00
1786356273,bench_mixed,0.00,0.00,0.0,0.720,0.000,68.186,6.138,0.00
1786356278,bench_mixed,0.00,0.00,0.0,0.720,0.000,68.186,6.139,0.00
1786356284,bench_mixed,0.00,0.00,0.0,0.720,0.000,68.186,6.138,0.00
1786356289,bench_mixed,0.00,0.00,0.0,0.720,0.000,68.186,6.120,0.06
1786356294,bench_mixed,0.00,0.00,0.0,0.720,0.000,68.186,6.122,0.00
1786356299,bench_mixed,0.00,0.00,0.0,0.720,0.000,68.186,6.123,0.00
1786356304,bench_mixed,0.00,0.00,0.0,0.720,0.000,68.186,6.125,0.00
1786356309,bench_mixed,0.00,0.00,0.0,0.720,0.000,68.186,6.125,0.00
1786356314,bench_mixed,0.00,0.00,0.0,0.720,0.000,68.186,6.125,0.00
1786356319,bench_mixed,0.00,0.00,0.0,0.720,0.000,68.186,6.127,0.00
1786356324,bench_mixed,0.00,0.00,0.0,0.720,0.000,68.186,6.128,0.00
1786356329,bench_mixed,0.00,0.00,0.0,0.720,0.000,68.186,6.128,0.00
1786356334,bench_mixed,0.00,0.00,0.0,0.720,0.000,68.186,6.130,0.00
1786356339,bench_mixed,0.00,0.00,0.0,0.720,0.000,68.186,6.126,0.00
1786356344,bench_mixed,0.00,0.00,0.0,0.720,0.000,68.186,6.130,0.00
1786356349,bench_mixed,0.00,0.00,0.0,0.720,0.000,68.186,6.130,0.00
1786356354,bench_mixed,0.00,0.00,0.0,0.720,0.000,68.186,6.131,0.00
1786356359,bench_mixed,0.00,0.00,0.0,0.720,0.000,68.186,6.132,0.00
1786356364,bench_mixed,0.00,0.00,0.0,0.720,0.000,68.186,6.132,0.00
1786356369,bench_mixed,0.00,0.00,0.0,0.720,0.000,68.186,6.132,0.00
1786356374,bench_mixed,0.00,0.00,0.0,0.720,0.000,68.186,6.135,0.00
1786356380,bench_mixed,0.00,0.00,0.0,0.720,0.000,68.186,6.135,0.00
1786356385,bench_mixed,0.00,0.00,0.0,0.720,0.000,68.186,6.137,0.00
1786356390,bench_mixed,0.00,0.00,0.0,0.720,0.000,68.186,6.137,0.00
1786356395,bench_mixed,0.00,0.00,0.0,0.720,0.000,68.186,6.138,0.00
1786356400,bench_mixed,0.00,0.00,0.0,0.720,0.000,68.186,6.137,0.00
1786356405,bench_mixed,0.00,0.00,0.0,0.720,0.000,68.186,6.138,0.00
1786356410,bench_mixed,0.00,0.00,0.0,0.720,0.000,68.186,6.136,0.00
1786356415,bench_mixed,0.00,0.00,0.0,0.720,0.000,68.186,6.138,0.00
1786356420,bench_mixed,0.00,0.00,0.0,0.720,0.000,68.186,6.138,0.00
1786356425,bench_mixed,0.00,0.00,0.0,0.720,0.000,68.186,6.139,0.00
1786356430,bench_mixed,0.00,0.00,0.0,0.720,0.000,68.186,6.138,0.00
1786356435,bench_mixed,0.00,0.00,0.0,0.720,0.000,68.186,6.139,0.00
1786356440,bench_mixed,0.00,0.00,0.0,0.720,0.000,68.186,6.139,0.00
1786356445,bench_mixed,0.00,0.00,0.0,0.720,0.000,68.186,6.140,0.00
1786356450,bench_mixed,0.00,0.00,0.0,0.720,0.000,68.186,6.140,0.00
1786356455,bench_mixed,0.00,0.00,0.0,0.720,0.000,68.186,6.139,0.00
1786356460,bench_mixed,0.00,0.00,0.0,0.720,0.000,68.186,6.139,0.00
1786356465,bench_mixed,0.00,0.00,0.0,0.720,0.000,68.186,6.140,0.00
1786356471,bench_mixed,0.00,0.00,0.0,0.720,0.000,68.186,6.139,0.00
1786356476,bench_mixed,0.00,0.00,0.0,0.720,0.000,68.186,6.139,0.00
1786356481,bench_mixed,0.00,0.00,0.0,0.720,0.000,68.186,6.140,0.00
1786356486,bench_mixed,0.00,0.00,0.0,0.720,0.000,68.186,6.140,0.00
1786356491,bench_mixed,0.00,0.00,0.0,0.720,0.000,68.186,6.141,0.00
1786356496,bench_mixed,0.00,0.00,0.0,0.720,0.000,68.186,6.141,0.00
1786356501,bench_mixed,0.00,0.00,0.0,0.720,0.000,68.186,6.141,0.00
1786356506,bench_mixed,0.00,0.00,0.0,0.720,0.000,68.186,6.140,0.00
1786356511,bench_mixed,0.00,0.00,0.0,0.720,0.000,68.186,6.140,0.00
1786356516,bench_mixed,0.00,0.00,0.0,0.720,0.000,68.186,6.139,0.00
1786356521,bench_mixed,0.00,0.00,0.0,0.720,0.000,68.186,6.140,0.00
1786356526,bench_mixed,0.00,0.00,0.0,0.720,0.000,68.186,6.140,0.00
1786356531,bench_mixed,0.00,0.00,0.0,0.720,0.000,68.186,6.135,0.00
1786356536,bench_mixed,0.00,0.00,0.0,0.720,0.000,68.186,6.137,0.00
1786356541,bench_mixed,0.00,0.00,0.0,0.720,0.000,68.186,6.137,0.00
1786356546,bench_mixed,0.00,0.00,0.0,0.720,0.000,68.186,6.137,0.00
1786356551,bench_mixed,0.00,0.00,0.0,0.720,0.000,68.186,6.140,0.00
1786356556,bench_mixed,0.00,0.00,0.0,0.720,0.000,68.186,6.140,0.00
1786356561,bench_mixed,0.00,0.00,0.0,0.720,0.000,68.186,6.138,0.00
1786356567,bench_mixed,0.00,0.00,0.0,0.720,0.000,68.186,6.138,0.00
1786356572,bench_mixed,0.00,0.00,0.0,0.720,0.000,68.186,6.138,0.00
1786356577,bench_mixed,0.00,0.00,0.0,0.720,0.000,68.186,6.137,0.00
1786356582,bench_mixed,0.00,0.00,0.0,0.720,0.000,68.186,6.135,0.00
1786356587,bench_mixed,0.00,0.00,0.0,0.720,0.000,68.186,6.119,0.06
1786356592,bench_mixed,0.00,0.00,0.0,0.720,0.000,68.186,6.123,0.00
1786356597,bench_mixed,0.00,0.00,0.0,0.720,0.000,68.186,6.120,0.00
1786356602,bench_mixed,0.00,0.00,0.0,0.720,0.000,68.186,6.126,0.00
1786356607,bench_mixed,0.00,0.00,0.0,0.720,0.000,68.186,6.126,0.00
1786356612,bench_mixed,0.00,0.00,0.0,0.720,0.000,68.186,6.129,0.00
1786356617,bench_mixed,0.00,0.00,0.0,0.720,0.000,68.186,6.129,0.00
1786356622,bench_mixed,0.00,0.00,0.0,0.720,0.000,68.186,6.129,0.00
1786356627,bench_mixed,0.00,0.00,0.0,0.720,0.000,68.186,6.129,0.00
1786356632,bench_mixed,0.00,0.00,0.0,0.720,0.000,68.186,6.129,0.00
1786356637,bench_mixed,0.00,0.00,0.0,0.720,0.000,68.186,6.128,0.00
1786356642,bench_mixed,0.00,0.00,0.0,0.720,0.000,68.186,6.129,0.00
1786356647,bench_mixed,0.00,0.00,0.0,0.720,0.000,68.186,6.129,0.00
1786356652,bench_mixed,0.00,0.00,0.0,0.720,0.000,68.186,6.131,0.00
1786356657,bench_mixed,0.00,0.00,0.0,0.720,0.000,68.186,6.131,0.00
1786356663,bench_mixed,0.00,0.00,0.0,0.720,0.000,68.186,6.129,0.00
1786356668,bench_mixed,0.00,0.00,0.0,0.720,0.000,68.186,6.132,0.00
1786356673,bench_mixed,0.00,0.00,0.0,0.720,0.000,68.186,6.135,0.00
1786356678,bench_mixed,0.00,0.00,0.0,0.720,0.000,68.186,6.134,0.00
1786356683,bench_mixed,0.00,0.00,0.0,0.720,0.000,68.186,6.134,0.00
1786356688,bench_mixed,0.00,0.00,0.0,0.720,0.000,68.186,6.134,0.00
1786356693,bench_mixed,0.00,0.00,0.0,0.720,0.000,68.186,6.133,0.00
1786356698,bench_mixed,0.00,0.00,0.0,0.720,0.000,68.186,6.133,0.00
1786356703,bench_mixed,0.00,0.00,0.0,0.720,0.000,68.186,6.134,0.00
1786356708,bench_mixed,0.00,0.00,0.0,0.720,0.000,68.186,6.133,0.00
1786356713,bench_mixed,0.00,0.00,0.0,0.720,0.000,68.186,6.134,0.00
1786356718,bench_mixed,0.00,0.00,0.0,0.720,0.000,68.186,6.134,0.00
1786356723,bench_mixed,0.00,0.00,0.0,0.720,0.000,68.186,6.132,0.00
1786356728,bench_mixed,0.00,0.00,0.0,0.720,0.000,68.186,6.135,0.00
1786356733,bench_mixed,0.00,0.00,0.0,0.720,0.000,68.186,6.136,0.00
1786356738,bench_mixed,0.00,0.00,0.0,0.720,0.000,68.186,6.136,0.00
1786356743,bench_mixed,0.00,0.00,0.0,0.720,0.000,68.186,6.134,0.00
1786356748,bench_mixed,0.00,0.00,0.0,0.720,0.000,68.186,6.135,0.00
1786356754,bench_mixed,0.00,0.00,0.0,0.720,0.000,68.186,6.134,0.00
1786356759,bench_mixed,0.00,0.00,0.0,0.720,0.000,68.186,6.134,0.00
1786356764,bench_mixed,0.00,0.00,0.0,0.720,0.000,68.186,6.132,0.00
1786356769,bench_mixed,0.00,0.00,0.0,0.720,0.000,68.186,6.131,0.00
1786356774,bench_mixed,0.00,0.00,0.0,0.720,0.000,68.186,6.132,0.00
1786356779,bench_mixed,0.00,0.00,0.0,0.720,0.000,68.186,6.132,0.00
1786356784,bench_mixed,0.00,0.00,0.0,0.720,0.000,68.186,6.132,0.00
1786356789,bench_mixed,0.00,0.00,0.0,0.720,0.000,68.186,6.132,0.00
1786356794,bench_mixed,0.00,0.00,0.0,0.720,0.000,68.186,6.134,0.00
1786356799,bench_mixed,0.00,0.00,0.0,0.720,0.000,68.186,6.133,0.00
1786356804,bench_mixed,0.00,0.00,0.0,0.720,0.000,68.186,6.136,0.00
1786356809,bench_mixed,0.00,0.00,0.0,0.720,0.000,68.186,6.135,0.00
1786356814,bench_mixed,0.00,0.00,0.0,0.720,0.000,68.186,6.129,0.00
1786356819,bench_mixed,0.00,0.00,0.0,0.720,0.000,68.186,6.132,0.00
1786356824,bench_mixed,0.00,0.00,0.0,0.720,0.000,68.186,6.133,0.00
1786356829,bench_mixed,0.00,0.00,0.0,0.720,0.000,68.186,6.135,0.00
1786356834,bench_mixed,0.00,0.00,0.0,0.720,0.000,68.186,6.135,0.00
1786356839,bench_mixed,0.00,0.00,0.0,0.720,0.000,68.186,6.135,0.00
1786356844,bench_mixed,0.00,0.00,0.0,0.720,0.000,68.186,6.134,0.00
1786356850,bench_mixed,0.00,0.00,0.0,0.720,0.000,68.186,6.130,0.00
1786356855,bench_mixed,0.00,0.00,0.0,0.720,0.000,68.186,6.133,0.00
1786356860,bench_mixed,0.00,0.00,0.0,0.720,0.000,68.186,6.134,0.00
1786356865,bench_mixed,0.00,0.00,0.0,0.720,0.000,68.186,6.134,0.00
1786356870,bench_mixed,0.00,0.00,0.0,0.720,0.000,68.186,6.134,0.00
1786356875,bench_mixed,0.00,0.00,0.0,0.720,0.000,68.186,6.134,0.00
1786356880,bench_mixed,0.00,0.00,0.0,0.720,0.000,68.186,6.135,0.00
1786356885,bench_mixed,0.00,0.00,0.0,0.720,0.000,68.186,6.121,0.04
1786356890,bench_mixed,0.00,0.00,0.0,0.720,0.000,68.186,6.119,0.02
1786356895,bench_mixed,0.00,0.00,0.0,0.720,0.000,68.186,6.119,0.00
1786356900,bench_mixed,0.00,0.00,0.0,0.720,0.000,68.186,6.121,0.00
1786356905,bench_mixed,0.00,0.00,0.0,0.720,0.000,68.186,6.120,0.00
1786356910,bench_mixed,0.00,0.00,0.0,0.720,0.000,68.186,6.122,0.00
1786356915,bench_mixed,0.00,0.00,0.0,0.720,0.000,68.186,6.123,0.00
1786356920,bench_mixed,0.00,0.00,0.0,0.720,0.000,68.186,6.124,0.00
1786356925,bench_mixed,0.00,0.00,0.0,0.720,0.000,68.186,6.125,0.00
1786356930,bench_mixed,0.00,0.00,0.0,0.720,0.000,68.186,6.126,0.00
1786356935,bench_mixed,0.00,0.00,0.0,0.720,0.000,68.186,6.126,0.00
1786356941,bench_mixed,0.00,0.00,0.0,0.720,0.000,68.186,6.127,0.00
1786356946,bench_mixed,0.00,0.00,0.0,0.720,0.000,68.186,6.127,0.00
1786356951,bench_mixed,0.00,0.00,0.0,0.720,0.000,68.186,6.128,0.00
1786356956,bench_mixed,0.00,0.00,0.0,0.720,0.000,68.186,6.128,0.00
1786356961,bench_mixed,0.00,0.00,0.0,0.720,0.000,68.186,6.129,0.00
1786356966,bench_mixed,0.00,0.00,0.0,0.720,0.000,68.186,6.129,0.00
1786356971,bench_mixed,0.00,0.00,0.0,0.720,0.000,68.186,6.128,0.00
1786356976,bench_mixed,0.00,0.00,0.0,0.720,0.000,68.186,6.127,0.00
1786356981,bench_mixed,0.00,0.00,0.0,0.720,0.000,68.186,6.127,0.00
1786356986,bench_mixed,0.00,0.00,0.0,0.720,0.000,68.186,6.126,0.00
1786356991,bench_mixed,0.00,0.00,0.0,0.720,0.000,68.186,6.129,0.00
1786356996,bench_mixed,0.00,0.00,0.0,0.720,0.000,68.186,6.130,0.00
1786357001,bench_mixed,0.00,0.00,0.0,0.720,0.000,68.186,6.132,0.00
1786357006,bench_mixed,0.00,0.00,0.0,0.720,0.000,68.186,6.131,0.00
1786357011,bench_mixed,0.00,0.00,0.0,0.720,0.000,68.186,6.132,0.00
1786357016,bench_mixed,0.00,0.00,0.0,0.720,0.000,68.186,6.132,0.00
1786357021,bench_mixed,0.00,0.00,0.0,0.720,0.000,68.186,6.132,0.00
1786357026,bench_mixed,0.00,0.00,0.0,0.720,0.000,68.186,6.131,0.00
1786357031,bench_mixed,0.00,0.00,0.0,0.720,0.000,68.186,6.128,0.00
1786357037,bench_mixed,0.00,0.00,0.0,0.720,0.000,68.186,6.131,0.00
1786357042,bench_mixed,0.00,0.00,0.0,0.720,0.000,68.186,6.131,0.00
1786357047,bench_mixed,0.00,0.00,0.0,0.720,0.000,68.186,6.132,0.00
1786357052,bench_mixed,0.00,0.00,0.0,0.720,0.000,68.186,6.131,0.00
1786357057,bench_mixed,0.00,0.00,0.0,0.720,0.000,68.186,6.131,0.00
1786357062,bench_mixed,0.00,0.00,0.0,0.720,0.000,68.186,6.130,0.00
1786357067,bench_mixed,0.00,0.00,0.0,0.720,0.000,68.186,6.130,0.00
1786357072,bench_mixed,0.00,0.00,0.0,0.720,0.000,68.186,6.130,0.00
1786357077,bench_mixed,0.00,0.00,0.0,0.720,0.000,68.186,6.130,0.00
1786357082,bench_mixed,0.00,0.00,0.0,0.720,0.000,68.186,6.131,0.00
1786357087,bench_mixed,0.00,0.00,0.0,0.720,0.000,68.186,6.131,0.00
1786357092,bench_mixed,0.00,0.00,0.0,0.720,0.000,68.186,6.130,0.00
1786357097,bench_mixed,0.00,0.00,0.0,0.720,0.000,68.186,6.127,0.00
1786357102,bench_mixed,0.00,0.00,0.0,0.720,0.000,68.186,6.128,0.00
1786357107,bench_mixed,0.00,0.00,0.0,0.720,0.000,68.186,6.128,0.00
1786357112,bench_mixed,0.00,0.00,0.0,0.720,0.000,68.186,6.128,0.00
1786357117,bench_mixed,0.00,0.00,0.0,0.720,0.000,68.186,6.129,0.00
1786357122,bench_mixed,0.00,0.00,0.0,0.720,0.000,68.186,6.133,0.00
1786357128,bench_mixed,0.00,0.00,0.0,0.720,0.000,68.186,6.132,0.00
1786357133,bench_mixed,0.00,0.00,0.0,0.720,0.000,68.186,6.131,0.00
1786357138,bench_mixed,0.00,0.00,0.0,0.720,0.000,68.186,6.131,0.00
1786357143,bench_mixed,0.00,0.00,0.0,0.720,0.000,68.186,6.130,0.00
1786357148,bench_mixed,0.00,0.00,0.0,0.720,0.000,68.186,6.131,0.00
1786357153,bench_mixed,0.00,0.00,0.0,0.720,0.000,68.186,6.129,0.00
1786357158,bench_mixed,0.00,0.00,0.0,0.720,0.000,68.186,6.129,0.00
1786357163,bench_mixed,0.00,0.00,0.0,0.720,0.000,68.186,6.126,0.00
1786357168,bench_mixed,0.00,0.00,0.0,0.720,0.000,68.186,6.129,0.00
1786357173,bench_mixed,0.00,0.00,0.0,0.720,0.000,68.186,6.130,0.00
1786357178,bench_mixed,0.00,0.00,0.0,0.720,0.000,68.186,6.128,0.00
1786357183,bench_mixed,0.00,0.00,0.0,0.720,0.000,68.186,6.129,0.00
1786357188,bench_mixed,0.00,0.00,0.0,0.720,0.000,68.186,6.110,0.06
1786357193,bench_mixed,0.00,0.00,0.0,0.720,0.000,68.186,6.110,0.00
1786357198,bench_mixed,0.00,0.00,0.0,0.720,0.000,68.186,6.114,0.00
1786357203,bench_mixed,0.00,0.00,0.0,0.720,0.000,68.186,6.113,0.00
1786357208,bench_mixed,0.00,0.00,0.0,0.720,0.000,68.186,6.116,0.00
1786357213,bench_mixed,0.00,0.00,0.0,0.720,0.000,68.186,6.116,0.00
1786357218,bench_mixed,0.00,0.00,0.0,0.720,0.000,68.186,6.115,0.00
1786357224,bench_mixed,0.00,0.00,0.0,0.720,0.000,68.186,6.111,0.00
1786357229,bench_mixed,0.00,0.00,0.0,0.720,0.000,68.186,6.118,0.00
1786357234,bench_mixed,0.00,0.00,0.0,0.720,0.000,68.186,6.117,0.00
1786357239,bench_mixed,0.00,0.00,0.0,0.720,0.000,68.186,6.118,0.00
1786357244,bench_mixed,0.00,0.00,0.0,0.720,0.000,68.186,6.118,0.00
1786357249,bench_mixed,0.00,0.00,0.0,0.720,0.000,68.186,6.118,0.00
1786357254,bench_mixed,0.00,0.00,0.0,0.720,0.000,68.186,6.118,0.00
1786357259,bench_mixed,0.00,0.00,0.0,0.720,0.000,68.186,6.120,0.00
1786357264,bench_mixed,0.00,0.00,0.0,0.720,0.000,68.186,6.119,0.00
1786357269,bench_mixed,0.00,0.00,0.0,0.720,0.000,68.186,6.121,0.00
1786357274,bench_mixed,0.00,0.00,0.0,0.720,0.000,68.186,6.121,0.00
1786357279,bench_mixed,0.00,0.00,0.0,0.720,0.000,68.186,6.122,0.00
1786357284,bench_mixed,0.00,0.00,0.0,0.720,0.000,68.186,6.122,0.00
1786357289,bench_mixed,0.00,0.00,0.0,0.720,0.000,68.186,6.122,0.00
1786357294,bench_mixed,0.00,0.00,0.0,0.720,0.000,68.186,6.123,0.00
1786357299,bench_mixed,0.00,0.00,0.0,0.720,0.000,68.186,6.126,0.00
1786357304,bench_mixed,0.00,0.00,0.0,0.720,0.000,68.186,6.125,0.00
1786357309,bench_mixed,0.00,0.00,0.0,0.720,0.000,68.186,6.126,0.00
1786357315,bench_mixed,0.00,0.00,0.0,0.720,0.000,68.186,6.125,0.00
1786357320,bench_mixed,0.00,0.00,0.0,0.720,0.000,68.186,6.127,0.00
1786357325,bench_mixed,0.00,0.00,0.0,0.720,0.000,68.186,6.128,0.00
1786357330,bench_mixed,0.00,0.00,0.0,0.720,0.000,68.186,6.128,0.00
1786357335,bench_mixed,0.00,0.00,0.0,0.720,0.000,68.186,6.128,0.00
1786357340,bench_mixed,0.00,0.00,0.0,0.720,0.000,68.186,6.129,0.00
1786357345,bench_mixed,0.00,0.00,0.0,0.720,0.000,68.186,6.129,0.00
1786357350,bench_mixed,0.00,0.00,0.0,0.720,0.000,68.186,6.129,0.00
1786357355,bench_mixed,0.00,0.00,0.0,0.720,0.000,68.186,6.126,0.00
1786357360,bench_mixed,0.00,0.00,0.0,0.720,0.000,68.186,6.128,0.00
1786357365,bench_mixed,0.00,0.00,0.0,0.720,0.000,68.186,6.127,0.00
1786357370,bench_mixed,0.00,0.00,0.0,0.720,0.000,68.186,6.127,0.00
1786357375,bench_mixed,0.00,0.00,0.0,0.720,0.000,68.186,6.128,0.00
1786357380,bench_mixed,0.00,0.00,0.0,0.720,0.000,68.186,6.128,0.00
1786357385,bench_mixed,0.00,0.00,0.0,0.720,0.000,68.186,6.128,0.00
1786357390,bench_mixed,0.00,0.00,0.0,0.720,0.000,68.186,6.126,0.00
1786357395,bench_mixed,0.00,0.00,0.0,0.720,0.000,68.186,6.128,0.00
1786357400,bench_mixed,0.00,0.00,0.0,0.720,0.000,68.186,6.128,0.00
1786357405,bench_mixed,0.00,0.00,0.0,0.720,0.000,68.186,6.127,0.00
1786357411,bench_mixed,0.00,0.00,0.0,0.720,0.000,68.186,6.128,0.00
1786357416,bench_mixed,0.00,0.00,0.0,0.720,0.000,68.186,6.128,0.00
1786357421,bench_mixed,0.00,0.00,0.0,0.720,0.000,68.186,6.128,0.00
1786357426,bench_mixed,0.00,0.00,0.0,0.720,0.000,68.186,6.128,0.00
1786357431,bench_mixed,0.00,0.00,0.0,0.720,0.000,68.186,6.126,0.00
1786357436,bench_mixed,0.00,0.00,0.0,0.720,0.000,68.186,6.125,0.00
1786357441,bench_mixed,0.00,0.00,0.0,0.720,0.000,68.186,6.125,0.00
1786357446,bench_mixed,0.00,0.00,0.0,0.720,0.000,68.186,6.125,0.00
1786357451,bench_mixed,0.00,0.00,0.0,0.720,0.000,68.186,6.126,0.00
1786357456,bench_mixed,0.00,0.00,0.0,0.720,0.000,68.186,6.126,0.00
1786357461,bench_mixed,0.00,0.00,0.0,0.720,0.000,68.186,6.125,0.00
1786357466,bench_mixed,0.00,0.00,0.0,0.720,0.000,68.186,6.125,0.00
1786357471,bench_mixed,0.00,0.00,0.0,0.720,0.000,68.186,6.128,0.00
1786357476,bench_mixed,0.00,0.00,0.0,0.720,0.000,68.186,6.128,0.00
1786357481,bench_mixed,0.00,0.00,0.0,0.720,0.000,68.186,6.124,0.00
1786357486,bench_mixed,0.00,0.00,0.0,0.720,0.000,68.186,6.107,0.05
1786357491,bench_mixed,0.00,0.00,0.0,0.720,0.000,68.186,6.108,0.00
1786357496,bench_mixed,0.00,0.00,0.0,0.720,0.000,68.186,6.108,0.00
1786357502,bench_mixed,0.00,0.00,0.0,0.720,0.000,68.186,6.110,0.00
1786357507,bench_mixed,0.00,0.00,0.0,0.720,0.000,68.186,6.110,0.00
1786357512,bench_mixed,0.00,0.00,0.0,0.720,0.000,68.186,6.112,0.00
1786357517,bench_mixed,0.00,0.00,0.0,0.720,0.000,68.186,6.112,0.00
1786357522,bench_mixed,0.00,0.00,0.0,0.720,0.000,68.186,6.113,0.00
1786357527,bench_mixed,0.00,0.00,0.0,0.720,0.000,68.186,6.114,0.00
1786357532,bench_mixed,0.00,0.00,0.0,0.720,0.000,68.186,6.115,0.00
1786357537,bench_mixed,0.00,0.00,0.0,0.720,0.000,68.186,6.117,0.00
1786357542,bench_mixed,0.00,0.00,0.0,0.720,0.000,68.186,6.109,0.00
1786357547,bench_mixed,0.00,0.00,0.0,0.720,0.000,68.186,6.118,0.00
1786357552,bench_mixed,0.00,0.00,0.0,0.720,0.000,68.186,6.117,0.00
1786357557,bench_mixed,0.00,0.00,0.0,0.720,0.000,68.186,6.120,0.00
1786357562,bench_mixed,0.00,0.00,0.0,0.720,0.000,68.186,6.119,0.00
1786357567,bench_mixed,0.00,0.00,0.0,0.720,0.000,68.186,6.123,0.00
1786357572,bench_mixed,0.00,0.00,0.0,0.720,0.000,68.186,6.122,0.00
1786357577,bench_mixed,0.00,0.00,0.0,0.720,0.000,68.186,6.123,0.00
1786357582,bench_mixed,0.00,0.00,0.0,0.720,0.000,68.186,6.123,0.00
1786357587,bench_mixed,0.00,0.00,0.0,0.720,0.000,68.186,6.124,0.00
1786357592,bench_mixed,0.00,0.00,0.0,0.720,0.000,68.186,6.124,0.00
1786357598,bench_mixed,0.00,0.00,0.0,0.720,0.000,68.186,6.124,0.00
1786357603,bench_mixed,0.00,0.00,0.0,0.720,0.000,68.186,6.123,0.00
1786357608,bench_mixed,0.00,0.00,0.0,0.720,0.000,68.186,6.123,0.00
1786357613,bench_mixed,0.00,0.00,0.0,0.720,0.000,68.186,6.125,0.00
1786357618,bench_mixed,0.00,0.00,0.0,0.720,0.000,68.186,6.126,0.00
1786357623,bench_mixed,0.00,0.00,0.0,0.720,0.000,68.186,6.126,0.00
1786357628,bench_mixed,0.00,0.00,0.0,0.720,0.000,68.186,6.126,0.00
1786357633,bench_mixed,0.00,0.00,0.0,0.720,0.000,68.186,6.126,0.00
1786357638,bench_mixed,0.00,0.00,0.0,0.720,0.000,68.186,6.127,0.00
1786357643,bench_mixed,0.00,0.00,0.0,0.720,0.000,68.186,6.126,0.00
1786357648,bench_mixed,0.00,0.00,0.0,0.720,0.000,68.186,6.127,0.00
1786357653,bench_mixed,0.00,0.00,0.0,0.720,0.000,68.186,6.126,0.00
1786357658,bench_mixed,0.00,0.00,0.0,0.720,0.000,68.186,6.128,0.00
1786357663,bench_mixed,0.00,0.00,0.0,0.720,0.000,68.186,6.128,0.00
1786357668,bench_mixed,0.00,0.00,0.0,0.720,0.000,68.186,6.124,0.00
1786357673,bench_mixed,0.00,0.00,0.0,0.720,0.000,68.186,6.128,0.00
1786357678,bench_mixed,0.00,0.00,0.0,0.720,0.000,68.186,6.129,0.00
1786357683,bench_mixed,0.00,0.00,0.0,0.720,0.000,68.186,6.129,0.00
1786357689,bench_mixed,0.00,0.00,0.0,0.720,0.000,68.186,6.129,0.00
1786357694,bench_mixed,0.00,0.00,0.0,0.720,0.000,68.186,6.129,0.00
1786357699,bench_mixed,0.00,0.00,0.0,0.720,0.000,68.186,6.130,0.00
1786357704,bench_mixed,0.00,0.00,0.0,0.720,0.000,68.186,6.130,0.00
1786357709,bench_mixed,0.00,0.00,0.0,0.720,0.000,68.186,6.130,0.00
1786357714,bench_mixed,0.00,0.00,0.0,0.720,0.000,68.186,6.130,0.00
1786357719,bench_mixed,0.00,0.00,0.0,0.720,0.000,68.186,6.130,0.00
1786357724,bench_mixed,0.00,0.00,0.0,0.720,0.000,68.186,6.130,0.00
1786357729,bench_mixed,0.00,0.00,0.0,0.720,0.000,68.186,6.130,0.00
1786357734,bench_mixed,0.00,0.00,0.0,0.720,0.000,68.186,6.130,0.00
1786357739,bench_mixed,0.00,0.00,0.0,0.720,0.000,68.186,6.128,0.00
1786357744,bench_mixed,0.00,0.00,0.0,0.720,0.000,68.186,6.127,0.00
1786357749,bench_mixed,0.00,0.00,0.0,0.720,0.000,68.186,6.127,0.00
1786357754,bench_mixed,0.00,0.00,0.0,0.720,0.000,68.186,6.128,0.00
1786357759,bench_mixed,0.00,0.00,0.0,0.720,0.000,68.186,6.129,0.00
1786357764,bench_mixed,0.00,0.00,0.0,0.720,0.000,68.186,6.129,0.00
1786357769,bench_mixed,0.00,0.00,0.0,0.720,0.000,68.186,6.130,0.00
1786357774,bench_mixed,0.00,0.00,0.0,0.720,0.000,68.186,6.130,0.00
1786357779,bench_mixed,0.00,0.00,0.0,0.720,0.000,68.186,6.130,0.00
1786357785,bench_mixed,0.00,0.00,0.0,0.720,0.000,68.186,6.116,0.02
1786357790,bench_mixed,0.00,0.00,0.0,0.720,0.000,68.186,6.110,0.04
1786357795,bench_mixed,0.00,0.00,0.0,0.720,0.000,68.186,6.111,0.00
1786357800,bench_mixed,0.00,0.00,0.0,0.720,0.000,68.186,6.112,0.00
1786357805,bench_mixed,0.00,0.00,0.0,0.720,0.000,68.186,6.112,0.00
1786357810,bench_mixed,0.00,0.00,0.0,0.720,0.000,68.186,6.113,0.00
1786357815,bench_mixed,0.00,0.00,0.0,0.720,0.000,68.186,6.113,0.00
1786357820,bench_mixed,0.00,0.00,0.0,0.720,0.000,68.186,6.115,0.00
1786357825,bench_mixed,0.00,0.00,0.0,0.720,0.000,68.186,6.114,0.00
1786357830,bench_mixed,0.00,0.00,0.0,0.720,0.000,68.186,6.115,0.00
1786357835,bench_mixed,0.00,0.00,0.0,0.720,0.000,68.186,6.115,0.00
1786357840,bench_mixed,0.00,0.00,0.0,0.720,0.000,68.186,6.116,0.00
1786357845,bench_mixed,0.00,0.00,0.0,0.720,0.000,68.186,6.117,0.00
1786357850,bench_mixed,0.00,0.00,0.0,0.720,0.000,68.186,6.120,0.00
1786357855,bench_mixed,0.00,0.00,0.0,0.720,0.000,68.186,6.119,0.00
1786357860,bench_mixed,0.00,0.00,0.0,0.720,0.000,68.186,6.120,0.00
1786357865,bench_mixed,0.00,0.00,0.0,0.720,0.000,68.186,6.120,0.00
1786357870,bench_mixed,0.00,0.00,0.0,0.720,0.000,68.186,6.119,0.00
1786357876,bench_mixed,0.00,0.00,0.0,0.720,0.000,68.186,6.118,0.00
1786357881,bench_mixed,0.00,0.00,0.0,0.720,0.000,68.186,6.120,0.00
1786357886,bench_mixed,0.00,0.00,0.0,0.720,0.000,68.186,6.118,0.00
1786357891,bench_mixed,0.00,0.00,0.0,0.720,0.000,68.186,6.119,0.00
1786357896,bench_mixed,0.00,0.00,0.0,0.720,0.000,68.186,6.119,0.00
1786357901,bench_mixed,0.00,0.00,0.0,0.720,0.000,68.186,6.120,0.00
1786357906,bench_mixed,0.00,0.00,0.0,0.720,0.000,68.186,6.119,0.00
1786357911,bench_mixed,0.00,0.00,0.0,0.720,0.000,68.186,6.113,0.00
1786357916,bench_mixed,0.00,0.00,0.0,0.720,0.000,68.186,6.120,0.00
1786357921,bench_mixed,0.00,0.00,0.0,0.720,0.000,68.186,6.120,0.00
1786357926,bench_mixed,0.00,0.00,0.0,0.720,0.000,68.186,6.121,0.00
1786357931,bench_mixed,0.00,0.00,0.0,0.720,0.000,68.186,6.121,0.00
1786357936,bench_mixed,0.00,0.00,0.0,0.720,0.000,68.186,6.121,0.00
1786357941,bench_mixed,0.00,0.00,0.0,0.720,0.000,68.186,6.121,0.00
1786357946,bench_mixed,0.00,0.00,0.0,0.720,0.000,68.186,6.122,0.00
1786357951,bench_mixed,0.00,0.00,0.0,0.720,0.000,68.186,6.122,0.00
1786357956,bench_mixed,0.00,0.00,0.0,0.720,0.000,68.186,6.124,0.00
1786357961,bench_mixed,0.00,0.00,0.0,0.720,0.000,68.186,6.123,0.00
1786357966,bench_mixed,0.00,0.00,0.0,0.720,0.000,68.186,6.124,0.00
1786357972,bench_mixed,0.00,0.00,0.0,0.720,0.000,68.186,6.124,0.00
1786357977,bench_mixed,0.00,0.00,0.0,0.720,0.000,68.186,6.119,0.00
1786357982,bench_mixed,0.00,0.00,0.0,0.720,0.000,68.186,6.122,0.00
1786357987,bench_mixed,0.00,0.00,0.0,0.720,0.000,68.186,6.121,0.00
1786357992,bench_mixed,0.00,0.00,0.0,0.720,0.000,68.186,6.121,0.00
1786357997,bench_mixed,0.00,0.00,0.0,0.720,0.000,68.186,6.120,0.00
1786358002,bench_mixed,0.00,0.00,0.0,0.720,0.000,68.186,6.120,0.00
1786358007,bench_mixed,0.00,0.00,0.0,0.720,0.000,68.186,6.121,0.00
1786358012,bench_mixed,0.00,0.00,0.0,0.720,0.000,68.186,6.121,0.00
1786358017,bench_mixed,0.00,0.00,0.0,0.720,0.000,68.186,6.118,0.00
1786358022,bench_mixed,0.00,0.00,0.0,0.720,0.000,68.186,6.118,0.00
1786358027,bench_mixed,0.00,0.00,0.0,0.720,0.000,68.186,6.118,0.00
1786358032,bench_mixed,0.00,0.00,0.0,0.720,0.000,68.186,6.118,0.00
1786358037,bench_mixed,0.00,0.00,0.0,0.720,0.000,68.186,6.115,0.00
1786358042,bench_mixed,0.00,0.00,0.0,0.720,0.000,68.186,6.115,0.00
1786358047,bench_mixed,0.00,0.00,0.0,0.720,0.000,68.186,6.115,0.00
1786358052,bench_mixed,0.00,0.00,0.0,0.720,0.000,68.186,6.115,0.00
1786358057,bench_mixed,0.00,0.00,0.0,0.720,0.000,68.186,6.116,0.00
1786358063,bench_mixed,0.00,0.00,0.0,0.720,0.000,68.186,6.116,0.00
1786358068,bench_mixed,0.00,0.00,0.0,0.720,0.000,68.186,6.117,0.00
1786358073,bench_mixed,0.00,0.00,0.0,0.720,0.000,68.186,6.117,0.00
1786358078,bench_mixed,0.00,0.00,0.0,0.720,0.000,68.186,6.115,0.00
1786358083,bench_mixed,0.00,0.00,0.0,0.720,0.000,68.186,6.115,0.00
1786358088,bench_mixed,0.00,0.00,0.0,0.720,0.000,68.186,6.101,0.06
1786358093,bench_mixed,0.00,0.00,0.0,0.720,0.000,68.186,6.101,0.00
1786358098,bench_mixed,0.00,0.00,0.0,0.720,0.000,68.186,6.103,0.00
1786358103,bench_mixed,0.00,0.00,0.0,0.720,0.000,68.186,6.100,0.00
1786358108,bench_mixed,0.00,0.00,0.0,0.720,0.000,68.186,6.105,0.00
1786358113,bench_mixed,0.00,0.00,0.0,0.720,0.000,68.186,6.106,0.00
1786358118,bench_mixed,0.00,0.00,0.0,0.720,0.000,68.186,6.107,0.00
1786358123,bench_mixed,0.00,0.00,0.0,0.720,0.000,68.186,6.106,0.00
1786358128,bench_mixed,0.00,0.00,0.0,0.720,0.000,68.186,6.108,0.00
1786358133,bench_mixed,0.00,0.00,0.0,0.720,0.000,68.186,6.108,0.00
1786358138,bench_mixed,0.00,0.00,0.0,0.720,0.000,68.186,6.109,0.00
1786358143,bench_mixed,0.00,0.00,0.0,0.720,0.000,68.186,6.108,0.00
1786358148,bench_mixed,0.00,0.00,0.0,0.720,0.000,68.186,6.107,0.00
1786358153,bench_mixed,0.00,0.00,0.0,0.720,0.000,68.186,6.107,0.00
1786358159,bench_mixed,0.00,0.00,0.0,0.720,0.000,68.186,6.109,0.00
1786358164,bench_mixed,0.00,0.00,0.0,0.720,0.000,68.186,6.109,0.00
1786358169,bench_mixed,0.00,0.00,0.0,0.720,0.000,68.186,6.109,0.00
1786358174,bench_mixed,0.00,0.00,0.0,0.720,0.000,68.186,6.112,0.00
1786358179,bench_mixed,0.00,0.00,0.0,0.720,0.000,68.186,6.112,0.00
1786358184,bench_mixed,0.00,0.00,0.0,0.720,0.000,68.186,6.112,0.00
1786358189,bench_mixed,0.00,0.00,0.0,0.720,0.000,68.186,6.113,0.00
1786358194,bench_mixed,0.00,0.00,0.0,0.720,0.000,68.186,6.113,0.00
1786358199,bench_mixed,0.00,0.00,0.0,0.720,0.000,68.186,6.117,0.00
1786358204,bench_mixed,0.00,0.00,0.0,0.720,0.000,68.186,6.117,0.00
1786358209,bench_mixed,0.00,0.00,0.0,0.720,0.000,68.186,6.119,0.00
1786358214,bench_mixed,0.00,0.00,0.0,0.720,0.000,68.186,6.119,0.00
1786358219,bench_mixed,0.00,0.00,0.0,0.720,0.000,68.186,6.116,0.00
1786358224,bench_mixed,0.00,0.00,0.0,0.720,0.000,68.186,6.112,0.00
1786358229,bench_mixed,0.00,0.00,0.0,0.720,0.000,68.186,6.117,0.00
1786358234,bench_mixed,0.00,0.00,0.0,0.720,0.000,68.186,6.116,0.00
1786358239,bench_mixed,0.00,0.00,0.0,0.720,0.000,68.186,6.117,0.00
1786358244,bench_mixed,0.00,0.00,0.0,0.720,0.000,68.186,6.117,0.00
1786358250,bench_mixed,0.00,0.00,0.0,0.720,0.000,68.186,6.118,0.00
1786358255,bench_mixed,0.00,0.00,0.0,0.720,0.000,68.186,6.117,0.00
1786358260,bench_mixed,0.00,0.00,0.0,0.720,0.000,68.186,6.118,0.00
1786358265,bench_mixed,0.00,0.00,0.0,0.720,0.000,68.186,6.118,0.00
1786358270,bench_mixed,0.00,0.00,0.0,0.720,0.000,68.186,6.118,0.00
1786358275,bench_mixed,0.00,0.00,0.0,0.720,0.000,68.186,6.118,0.00
1786358280,bench_mixed,0.00,0.00,0.0,0.720,0.000,68.186,6.118,0.00
1786358285,bench_mixed,0.00,0.00,0.0,0.720,0.000,68.186,6.115,0.00
1786358290,bench_mixed,0.00,0.00,0.0,0.720,0.000,68.186,6.116,0.00
1786358295,bench_mixed,0.00,0.00,0.0,0.720,0.000,68.186,6.119,0.00
1786358300,bench_mixed,0.00,0.00,0.0,0.720,0.000,68.186,6.119,0.00
1786358305,bench_mixed,0.00,0.00,0.0,0.720,0.000,68.186,6.117,0.00
1786358310,bench_mixed,0.00,0.00,0.0,0.720,0.000,68.186,6.117,0.00
1786358315,bench_mixed,0.00,0.00,0.0,0.720,0.000,68.186,6.118,0.00
1786358320,bench_mixed,0.00,0.00,0.0,0.720,0.000,68.186,6.118,0.00
1786358325,bench_mixed,0.00,0.00,0.0,0.720,0.000,68.186,6.122,0.00
1786358330,bench_mixed,0.00,0.00,0.0,0.720,0.000,68.186,6.121,0.00
1786358335,bench_mixed,0.00,0.00,0.0,0.720,0.000,68.186,6.121,0.00
1786358340,bench_mixed,0.00,0.00,0.0,0.720,0.000,68.186,6.122,0.00
1786358346,bench_mixed,0.00,0.00,0.0,0.720,0.000,68.186,6.122,0.00
1786358351,bench_mixed,0.00,0.00,0.0,0.720,0.000,68.186,6.122,0.00
1786358356,bench_mixed,0.00,0.00,0.0,0.720,0.000,68.186,6.121,0.00
1786358361,bench_mixed,0.00,0.00,0.0,0.720,0.000,68.186,6.120,0.00
1786358366,bench_mixed,0.00,0.00,0.0,0.720,0.000,68.186,6.120,0.00
1786358371,bench_mixed,0.00,0.00,0.0,0.720,0.000,68.186,6.120,0.00
1786358376,bench_mixed,0.00,0.00,0.0,0.720,0.000,68.186,6.118,0.00
1786358381,bench_mixed,0.00,0.00,0.0,0.720,0.000,68.186,6.118,0.00
1786358386,bench_mixed,0.00,0.00,0.0,0.720,0.000,68.186,6.104,0.05
1786358391,bench_mixed,0.00,0.00,0.0,0.720,0.000,68.186,6.102,0.01
1786358396,bench_mixed,0.00,0.00,0.0,0.720,0.000,68.186,6.105,0.00
1786358401,bench_mixed,0.00,0.00,0.0,0.720,0.000,68.186,6.105,0.00
1786358406,bench_mixed,0.00,0.00,0.0,0.720,0.000,68.186,6.109,0.00
1786358411,bench_mixed,0.00,0.00,0.0,0.720,0.000,68.186,6.108,0.00
1786358416,bench_mixed,0.00,0.00,0.0,0.720,0.000,68.186,6.110,0.00
1786358421,bench_mixed,0.00,0.00,0.0,0.720,0.000,68.186,6.110,0.00
1786358426,bench_mixed,0.00,0.00,0.0,0.720,0.000,68.186,6.111,0.00
1786358431,bench_mixed,0.00,0.00,0.0,0.720,0.000,68.186,6.111,0.00
1786358437,bench_mixed,0.00,0.00,0.0,0.720,0.000,68.186,6.111,0.00
