ts,phase,nvme_rd_mb_s,nvme_wr_mb_s,nvme_active_pct,cte_file_tier_gb,devshm_used_gb,clio_rss_gb,mem_avail_gb,nfs_rd_mb_s
1786215258,ingest,0.01,0.00,0.1,0.000,0.002,0.326,44.599,3.42
1786215263,ingest,0.00,0.00,0.1,0.000,0.002,0.592,44.328,0.00
1786215268,ingest,0.00,0.00,0.0,0.000,0.002,0.660,44.251,0.00
1786215273,ingest,0.00,0.00,0.0,0.000,0.002,0.787,44.126,0.00
1786215278,ingest,0.00,0.00,0.0,0.000,0.002,0.917,43.995,0.00
1786215284,ingest,0.00,0.00,0.0,0.000,0.002,1.046,43.859,0.00
1786215289,ingest,0.00,0.00,0.0,0.000,0.002,1.172,43.738,0.00
1786215294,ingest,0.00,0.01,0.1,0.000,0.002,1.297,43.617,0.00
1786215299,ingest,0.00,0.00,0.0,0.000,0.002,1.361,43.545,0.00
1786215304,ingest,0.00,0.00,0.0,0.000,0.002,1.487,43.419,0.00
1786215309,ingest,0.00,0.00,0.0,0.000,0.002,1.615,43.291,0.00
1786215314,ingest,0.00,0.00,0.0,0.000,0.002,1.675,43.229,0.00
1786215319,ingest,0.00,0.00,0.0,0.000,0.002,1.804,43.102,0.00
1786215324,ingest,0.00,0.00,0.1,0.000,0.002,1.872,43.029,0.00
1786215329,ingest,0.00,0.00,0.0,0.000,0.002,1.998,42.906,0.00
1786215334,ingest,0.00,0.00,0.0,0.000,0.002,2.126,42.783,0.00
1786215339,ingest,0.00,0.00,0.0,0.000,0.002,2.251,42.655,0.00
1786215344,ingest,0.00,0.00,0.0,0.000,0.002,2.314,42.586,0.00
1786215349,ingest,0.00,0.00,0.0,0.000,0.002,2.502,42.399,0.00
1786215354,ingest,0.00,0.00,0.0,0.000,0.002,2.565,42.337,0.00
1786215359,ingest,0.00,0.00,0.1,0.000,0.002,2.690,42.207,0.00
1786215364,ingest,0.00,0.00,0.0,0.000,0.002,2.815,42.081,0.00
1786215369,ingest,0.00,0.00,0.0,0.000,0.002,2.941,41.952,0.00
1786215374,ingest,0.00,0.00,0.0,0.000,0.002,3.008,41.886,0.00
1786215380,ingest,0.00,0.00,0.0,0.000,0.002,3.138,41.753,0.00
1786215385,ingest,0.00,0.00,0.0,0.000,0.002,3.263,41.630,0.00
1786215390,ingest,0.00,0.00,0.0,0.000,0.002,3.388,41.502,0.00
1786215395,ingest,0.00,0.00,0.0,0.000,0.002,3.451,41.441,0.00
1786215400,ingest,0.00,0.00,0.0,0.000,0.002,3.576,41.315,0.00
1786215405,ingest,0.00,0.00,0.0,0.000,0.002,3.639,41.256,0.00
1786215410,ingest,0.00,0.00,0.0,0.000,0.002,3.764,41.123,0.00
1786215415,ingest,0.00,0.00,0.0,0.000,0.002,3.889,40.997,0.00
1786215420,ingest,0.00,0.00,0.0,0.000,0.002,4.014,40.871,0.00
1786215425,ingest,0.00,0.00,0.0,0.000,0.002,4.139,40.747,0.00
1786215430,ingest,0.00,0.00,0.0,0.000,0.002,4.265,40.623,0.00
1786215435,ingest,0.00,0.00,0.0,0.000,0.002,4.328,40.558,0.00
1786215440,ingest,0.00,0.00,0.0,0.000,0.002,4.453,40.420,0.00
1786215445,ingest,0.00,0.00,0.0,0.000,0.002,4.578,40.306,0.00
1786215450,ingest,0.00,0.00,0.0,0.000,0.002,4.703,40.176,0.00
1786215455,ingest,0.00,0.00,0.0,0.000,0.002,4.831,40.047,0.00
1786215460,ingest,0.00,0.00,0.0,0.000,0.002,4.956,39.918,0.00
1786215465,ingest,0.00,0.00,0.0,0.000,0.002,5.085,39.786,0.00
1786215471,ingest,0.00,0.00,0.0,0.000,0.002,5.210,39.655,0.00
1786215476,ingest,0.00,0.00,0.0,0.000,0.002,5.273,39.588,0.00
1786215481,ingest,0.00,0.00,0.0,0.000,0.002,5.399,39.466,0.00
1786215486,ingest,0.00,0.00,0.0,0.000,0.002,5.462,39.404,0.00
1786215491,ingest,0.00,0.00,0.0,0.000,0.002,5.585,39.282,0.00
1786215496,ingest,0.00,0.00,0.0,0.000,0.002,5.648,39.243,0.00
1786215501,idle,0.00,0.00,0.0,0.000,0.002,5.731,39.202,0.01
1786215506,bench_chimod,0.00,0.00,0.0,0.000,0.002,11.309,38.793,3.19
1786215511,idle,0.00,0.00,0.0,0.000,0.002,0.011,38.715,0.00
1786215516,idle,0.00,0.00,0.0,0.000,0.002,0.000,44.930,0.03
1786215521,ingest,0.00,0.00,0.0,0.000,0.002,0.446,44.478,3.38
1786215526,ingest,0.00,0.00,0.0,0.000,0.002,0.597,44.333,0.00
1786215531,ingest,0.00,0.00,0.0,0.000,0.002,0.726,44.210,0.00
1786215536,ingest,0.00,0.00,0.0,0.000,0.002,0.852,44.086,0.00
1786215541,ingest,0.00,0.00,0.1,0.000,0.002,0.978,43.956,0.00
1786215546,ingest,0.00,0.00,0.0,0.000,0.002,1.104,43.825,0.00
1786215551,ingest,0.00,0.00,0.0,0.000,0.002,1.231,43.695,0.00
1786215556,ingest,0.00,0.00,0.0,0.000,0.002,1.294,43.628,0.00
1786215561,ingest,0.00,0.00,0.0,0.000,0.002,1.421,43.501,0.00
1786215567,ingest,0.00,0.00,0.0,0.000,0.002,1.545,43.375,0.00
1786215572,ingest,0.00,0.01,0.1,0.000,0.002,1.677,43.244,0.00
1786215577,ingest,0.00,0.00,0.0,0.000,0.002,1.807,43.107,0.00
1786215582,ingest,0.00,0.00,0.0,0.000,0.002,1.937,42.980,0.00
1786215587,ingest,0.00,0.00,0.0,0.000,0.002,2.062,42.859,0.00
1786215592,ingest,0.00,0.00,0.0,0.000,0.002,2.250,42.672,0.00
1786215597,ingest,0.00,0.00,0.0,0.000,0.002,2.376,42.543,0.00
1786215602,ingest,0.00,0.00,0.1,0.000,0.002,2.499,42.410,0.00
1786215607,ingest,0.00,0.00,0.0,0.000,0.002,2.693,42.217,0.00
1786215612,ingest,0.00,0.00,0.0,0.000,0.002,2.816,42.091,0.00
1786215617,ingest,0.00,0.00,0.0,0.000,0.002,3.006,41.907,0.00
1786215622,ingest,0.00,0.00,0.0,0.000,0.002,3.166,41.743,0.00
1786215627,ingest,0.00,0.00,0.0,0.000,0.002,3.324,41.587,0.00
1786215632,ingest,0.00,0.00,0.1,0.000,0.002,3.450,41.449,0.00
1786215637,ingest,0.00,0.00,0.0,0.000,0.002,3.632,41.259,0.00
1786215642,ingest,0.00,0.00,0.0,0.000,0.002,3.760,41.130,0.00
1786215647,ingest,0.00,0.00,0.0,0.000,0.002,3.949,40.944,0.00
1786215652,ingest,0.00,0.00,0.0,0.000,0.002,4.134,40.751,0.00
1786215658,ingest,0.00,0.00,0.0,0.000,0.002,4.263,40.625,0.00
1786215663,ingest,0.00,0.00,0.0,0.000,0.002,4.446,40.437,0.00
1786215668,ingest,0.00,0.00,0.0,0.000,0.002,4.639,40.247,0.00
1786215673,ingest,0.00,0.00,0.0,0.000,0.002,4.761,40.116,0.00
1786215678,ingest,0.00,0.00,0.0,0.000,0.002,4.953,39.919,0.00
1786215683,ingest,0.00,0.00,0.0,0.000,0.002,5.089,39.787,0.00
1786215688,ingest,0.00,0.00,0.0,0.000,0.002,5.263,39.627,0.00
1786215693,ingest,0.00,0.00,0.0,0.000,0.002,5.389,39.484,0.00
1786215698,ingest,0.00,0.00,0.0,0.000,0.002,5.515,39.351,0.00
1786215703,ingest,0.00,0.00,0.0,0.000,0.002,5.640,39.221,0.00
1786215708,bench_mixed,0.00,0.00,0.0,0.000,0.002,5.730,39.180,1.59
1786215713,bench_mixed,0.00,0.00,0.0,0.000,0.002,11.401,38.683,1.60
1786215718,bench_mixed,0.00,0.00,0.0,0.000,0.002,11.489,37.028,62.31
1786215723,bench_mixed,0.00,0.00,0.0,0.000,0.002,11.558,36.940,0.00
1786215728,bench_mixed,0.00,0.00,0.0,0.000,0.002,11.588,36.912,0.00
1786215733,bench_mixed,0.00,0.00,0.0,0.000,0.002,11.608,36.891,0.00
1786215738,bench_mixed,0.00,0.00,0.0,0.000,0.002,11.622,36.875,0.00
1786215743,bench_mixed,0.00,0.00,0.0,0.000,0.002,11.638,36.860,0.00
1786215749,bench_mixed,0.00,0.00,0.0,0.000,0.002,11.649,36.847,0.00
1786215754,bench_mixed,0.00,0.00,0.0,0.000,0.002,11.652,36.843,0.00
1786215759,bench_mixed,0.00,0.00,0.0,0.000,0.002,11.657,36.839,0.00
1786215764,bench_mixed,0.00,0.00,0.0,0.000,0.002,11.662,36.834,0.00
1786215769,bench_mixed,0.00,0.00,0.0,0.000,0.002,11.665,36.830,0.00
1786215774,bench_mixed,0.00,0.00,0.0,0.000,0.002,11.666,36.828,0.00
1786215779,bench_mixed,0.00,0.00,0.0,0.000,0.002,11.671,36.825,0.00
1786215784,bench_mixed,0.00,0.00,0.0,0.000,0.002,11.674,36.821,0.00
1786215789,bench_mixed,0.00,0.00,0.0,0.000,0.002,11.675,36.824,0.00
1786215794,bench_mixed,0.00,0.00,0.0,0.000,0.002,11.679,36.819,0.00
1786215799,bench_mixed,0.00,0.00,0.0,0.000,0.002,11.679,36.819,0.00
1786215804,bench_mixed,0.00,0.00,0.0,0.000,0.002,11.683,36.815,0.00
1786215809,bench_mixed,0.00,0.00,0.0,0.000,0.002,11.685,36.812,0.00
1786215814,bench_mixed,0.00,0.00,0.0,0.000,0.002,11.687,36.810,0.00
1786215819,bench_mixed,0.00,0.00,0.0,0.000,0.002,11.690,36.800,0.03
1786215824,bench_mixed,0.00,0.00,0.0,0.000,0.002,11.690,36.800,0.00
1786215829,bench_mixed,0.00,0.00,0.0,0.000,0.002,11.692,36.800,0.00
1786215834,bench_mixed,0.00,0.00,0.0,0.000,0.002,11.694,36.800,0.00
1786215839,bench_mixed,0.00,0.00,0.0,0.000,0.002,11.696,36.800,0.00
1786215844,bench_mixed,0.00,0.00,0.0,0.000,0.002,11.696,36.800,0.00
1786215850,bench_mixed,0.00,0.00,0.0,0.000,0.002,11.698,36.798,0.00
1786215855,bench_mixed,0.00,0.00,0.0,0.000,0.002,11.700,36.796,0.00
1786215860,bench_mixed,0.00,0.00,0.0,0.000,0.002,11.701,36.794,0.00
1786215865,bench_mixed,0.00,0.00,0.0,0.000,0.002,11.702,36.351,0.00
1786215870,bench_mixed,0.00,0.00,0.0,0.000,0.002,13.692,33.545,62.26
1786215875,bench_mixed,0.00,0.00,0.0,0.000,0.002,13.446,33.793,0.00
1786215880,bench_mixed,0.00,0.00,0.0,0.000,0.002,13.190,35.481,0.00
1786215885,bench_mixed,0.00,0.00,0.0,0.000,0.002,13.245,35.475,0.00
1786215890,bench_mixed,0.00,0.00,0.0,0.000,0.002,13.250,35.476,0.00
1786215895,bench_mixed,0.00,0.00,0.0,0.000,0.002,13.255,35.471,0.00
1786215900,bench_mixed,0.00,0.00,0.0,0.000,0.002,13.257,35.472,0.00
1786215905,bench_mixed,0.00,0.00,0.0,0.000,0.002,13.262,35.470,0.00
1786215910,bench_mixed,0.00,0.00,0.0,0.000,0.002,13.263,35.470,0.00
1786215915,bench_mixed,0.00,0.00,0.0,0.000,0.002,13.268,35.469,0.00
1786215920,bench_mixed,0.00,0.00,0.0,0.000,0.002,13.270,35.466,0.00
1786215925,bench_mixed,0.00,0.00,0.0,0.000,0.002,13.271,35.465,0.00
1786215930,bench_mixed,0.00,0.00,0.0,0.000,0.002,13.274,35.462,0.00
1786215935,bench_mixed,0.00,0.00,0.0,0.000,0.002,13.275,35.460,0.00
1786215940,bench_mixed,0.00,0.00,0.0,0.000,0.002,13.276,35.459,0.00
1786215945,bench_mixed,0.00,0.00,0.0,0.000,0.002,13.277,35.457,0.00
1786215951,bench_mixed,0.00,0.00,0.0,0.000,0.002,13.278,35.455,0.00
1786215956,bench_mixed,0.00,0.00,0.0,0.000,0.002,13.281,35.452,0.00
1786215961,bench_mixed,0.00,0.00,0.0,0.000,0.002,13.282,35.452,0.00
1786215966,bench_mixed,0.00,0.00,0.0,0.000,0.002,13.282,35.450,0.00
1786215971,bench_mixed,0.00,0.00,0.0,0.000,0.002,13.284,35.448,0.00
1786215976,bench_mixed,0.00,0.00,0.0,0.000,0.002,13.285,35.447,0.00
1786215981,bench_mixed,0.00,0.00,0.0,0.000,0.002,13.286,35.448,0.00
1786215986,bench_mixed,0.00,0.00,0.0,0.000,0.002,13.287,35.446,0.00
1786215991,bench_mixed,0.00,0.00,0.0,0.000,0.002,13.287,35.444,0.00
1786215996,bench_mixed,0.00,0.00,0.0,0.000,0.002,13.289,35.443,0.00
1786216001,bench_mixed,0.00,0.00,0.0,0.000,0.002,13.290,35.435,0.00
1786216006,bench_mixed,0.00,0.00,0.0,0.000,0.002,13.291,35.442,0.00
1786216011,bench_mixed,0.00,0.00,0.0,0.000,0.002,13.292,35.441,0.00
1786216016,bench_mixed,0.00,0.00,0.0,0.000,0.002,13.293,34.522,0.00
1786216021,bench_mixed,0.00,0.00,0.0,0.000,0.002,14.343,33.190,62.21
1786216026,bench_mixed,0.00,0.00,0.0,0.000,0.002,13.656,33.874,0.00
1786216031,bench_mixed,0.00,0.00,0.0,0.000,0.002,13.873,35.124,0.00
1786216036,bench_mixed,0.00,0.00,0.0,0.000,0.002,13.899,35.117,0.00
1786216041,bench_mixed,0.00,0.00,0.0,0.000,0.002,13.904,35.118,0.00
1786216047,bench_mixed,0.00,0.00,0.0,0.000,0.002,13.908,35.117,0.00
1786216052,bench_mixed,0.00,0.00,0.0,0.000,0.002,13.910,35.116,0.00
1786216057,bench_mixed,0.00,0.00,0.0,0.000,0.002,13.911,35.116,0.00
1786216062,bench_mixed,0.00,0.00,0.0,0.000,0.002,13.913,35.115,0.00
1786216067,bench_mixed,0.00,0.00,0.0,0.000,0.002,13.914,35.116,0.00
1786216072,bench_mixed,0.00,0.00,0.0,0.000,0.002,13.916,35.114,0.00
1786216077,bench_mixed,0.00,0.00,0.0,0.000,0.002,13.917,35.114,0.00
1786216082,bench_mixed,0.00,0.00,0.0,0.000,0.002,13.917,35.113,0.00
1786216087,bench_mixed,0.00,0.00,0.0,0.000,0.002,13.919,35.109,0.00
1786216092,bench_mixed,0.00,0.00,0.0,0.000,0.002,13.920,35.108,0.00
1786216097,bench_mixed,0.00,0.00,0.0,0.000,0.002,13.921,35.109,0.00
1786216102,bench_mixed,0.00,0.00,0.0,0.000,0.002,13.922,35.108,0.00
1786216107,bench_mixed,0.00,0.00,0.0,0.000,0.002,13.923,35.111,0.00
1786216112,bench_mixed,0.00,0.00,0.0,0.000,0.002,13.924,35.110,0.00
1786216117,bench_mixed,0.00,0.00,0.0,0.000,0.002,13.926,35.106,0.00
1786216122,bench_mixed,0.00,0.00,0.0,0.000,0.002,13.926,35.095,0.03
1786216127,bench_mixed,0.00,0.00,0.0,0.000,0.002,13.928,35.098,0.00
1786216132,bench_mixed,0.00,0.00,0.0,0.000,0.002,13.928,35.095,0.00
1786216137,bench_mixed,0.00,0.00,0.0,0.000,0.002,13.929,35.094,0.00
1786216142,bench_mixed,0.00,0.00,0.0,0.000,0.002,13.930,35.093,0.00
1786216148,bench_mixed,0.00,0.00,0.0,0.000,0.002,13.931,35.094,0.00
1786216153,bench_mixed,0.00,0.00,0.0,0.000,0.002,13.931,35.093,0.00
1786216158,bench_mixed,0.00,0.00,0.0,0.000,0.002,13.933,35.092,0.00
1786216163,bench_mixed,0.00,0.00,0.0,0.000,0.002,13.933,35.107,0.00
1786216168,bench_mixed,0.00,0.00,0.0,0.000,0.002,14.409,33.402,62.26
1786216173,bench_mixed,0.00,0.00,0.0,0.000,0.002,14.985,32.822,0.00
1786216178,bench_mixed,0.00,0.00,0.0,0.000,0.002,14.362,34.761,0.00
1786216183,bench_mixed,0.00,0.00,0.0,0.000,0.002,14.516,34.760,0.00
1786216188,bench_mixed,0.00,0.00,0.0,0.000,0.002,14.532,34.761,0.00
1786216193,bench_mixed,0.00,0.00,0.0,0.000,0.002,14.540,34.759,0.00
1786216198,bench_mixed,0.00,0.00,0.0,0.000,0.002,14.547,34.755,0.00
1786216203,bench_mixed,0.00,0.00,0.0,0.000,0.002,14.548,34.755,0.00
1786216208,bench_mixed,0.00,0.00,0.0,0.000,0.002,14.550,34.753,0.00
1786216213,bench_mixed,0.00,0.00,0.0,0.000,0.002,14.553,34.752,0.00
1786216218,bench_mixed,0.00,0.00,0.0,0.000,0.002,14.554,34.752,0.00
1786216223,bench_mixed,0.00,0.00,0.0,0.000,0.002,14.556,34.751,0.00
1786216228,bench_mixed,0.00,0.00,0.0,0.000,0.002,14.556,34.748,0.00
1786216233,bench_mixed,0.00,0.00,0.0,0.000,0.002,14.557,34.748,0.00
1786216238,bench_mixed,0.00,0.00,0.0,0.000,0.002,14.558,34.747,0.00
1786216244,bench_mixed,0.00,0.00,0.0,0.000,0.002,14.560,34.745,0.00
1786216249,bench_mixed,0.00,0.00,0.0,0.000,0.002,14.561,34.745,0.00
1786216254,bench_mixed,0.00,0.00,0.0,0.000,0.002,14.562,34.743,0.00
1786216259,bench_mixed,0.00,0.00,0.0,0.000,0.002,14.563,34.744,0.00
1786216264,bench_mixed,0.00,0.00,0.0,0.000,0.002,14.564,34.743,0.00
1786216269,bench_mixed,0.00,0.00,0.0,0.000,0.002,14.566,34.744,0.00
1786216274,bench_mixed,0.00,0.00,0.0,0.000,0.002,14.566,34.743,0.00
1786216279,bench_mixed,0.00,0.00,0.0,0.000,0.002,14.568,34.741,0.00
1786216284,bench_mixed,0.00,0.00,0.0,0.000,0.002,14.569,34.739,0.00
1786216289,bench_mixed,0.00,0.00,0.0,0.000,0.002,14.569,34.738,0.00
1786216294,bench_mixed,0.00,0.00,0.0,0.000,0.002,14.571,34.735,0.00
1786216299,bench_mixed,0.00,0.00,0.0,0.000,0.002,14.572,34.734,0.00
1786216304,bench_mixed,0.00,0.00,0.0,0.000,0.002,14.572,34.734,0.00
1786216309,bench_mixed,0.00,0.00,0.0,0.000,0.002,14.573,34.734,0.00
1786216314,bench_mixed,0.00,0.00,0.0,0.000,0.002,14.574,34.600,0.00
1786216319,bench_mixed,0.00,0.00,0.0,0.000,0.002,15.562,32.539,62.28
1786216324,bench_mixed,0.00,0.00,0.0,0.000,0.002,15.316,32.788,0.00
1786216329,bench_mixed,0.00,0.00,0.0,0.000,0.002,15.050,34.475,0.00
1786216334,bench_mixed,0.00,0.00,0.0,0.000,0.002,15.104,34.472,0.00
1786216340,bench_mixed,0.00,0.00,0.0,0.000,0.002,15.120,34.473,0.00
1786216345,bench_mixed,0.00,0.00,0.0,0.000,0.002,15.125,34.471,0.00
1786216350,bench_mixed,0.00,0.00,0.0,0.000,0.002,15.129,34.469,0.00
1786216355,bench_mixed,0.00,0.00,0.0,0.000,0.002,15.132,34.466,0.00
1786216360,bench_mixed,0.00,0.00,0.0,0.000,0.002,15.133,34.462,0.00
1786216365,bench_mixed,0.00,0.00,0.0,0.000,0.002,15.135,34.461,0.00
1786216370,bench_mixed,0.00,0.00,0.0,0.000,0.002,15.135,34.460,0.00
1786216375,bench_mixed,0.00,0.00,0.0,0.000,0.002,15.136,34.458,0.00
1786216380,bench_mixed,0.00,0.00,0.0,0.000,0.002,15.138,34.456,0.00
1786216385,bench_mixed,0.00,0.00,0.0,0.000,0.002,15.139,34.458,0.00
1786216390,bench_mixed,0.00,0.00,0.0,0.000,0.002,15.139,34.456,0.00
1786216395,bench_mixed,0.00,0.00,0.0,0.000,0.002,15.141,34.454,0.00
1786216400,bench_mixed,0.00,0.00,0.0,0.000,0.002,15.142,34.453,0.00
1786216405,bench_mixed,0.00,0.00,0.0,0.000,0.002,15.143,34.451,0.00
1786216410,bench_mixed,0.00,0.00,0.0,0.000,0.002,15.144,34.449,0.00
1786216415,bench_mixed,0.00,0.00,0.0,0.000,0.002,15.145,34.451,0.00
1786216420,bench_mixed,0.00,0.00,0.0,0.000,0.002,15.146,34.440,0.03
1786216425,bench_mixed,0.00,0.00,0.0,0.000,0.002,15.147,34.439,0.00
1786216430,bench_mixed,0.00,0.00,0.0,0.000,0.002,15.148,34.438,0.00
1786216435,bench_mixed,0.00,0.00,0.0,0.000,0.002,15.149,34.443,0.00
1786216441,bench_mixed,0.00,0.00,0.0,0.000,0.002,15.150,34.440,0.00
1786216446,bench_mixed,0.00,0.00,0.0,0.000,0.002,15.151,34.440,0.00
1786216451,bench_mixed,0.00,0.00,0.0,0.000,0.002,15.152,34.440,0.00
1786216456,bench_mixed,0.00,0.00,0.0,0.000,0.002,15.153,34.438,0.00
1786216461,bench_mixed,0.00,0.00,0.0,0.000,0.002,15.154,34.490,0.00
1786216466,bench_mixed,0.00,0.00,0.0,0.000,0.002,16.036,32.362,62.28
1786216471,bench_mixed,0.00,0.00,0.0,0.000,0.002,15.959,32.436,0.00
1786216476,bench_mixed,0.00,0.00,0.0,0.000,0.002,15.645,34.122,0.00
1786216481,bench_mixed,0.00,0.00,0.0,0.000,0.002,15.747,34.120,0.00
1786216486,bench_mixed,0.00,0.00,0.0,0.000,0.002,15.756,34.119,0.00
1786216491,bench_mixed,0.00,0.00,0.0,0.000,0.002,15.765,34.116,0.00
1786216496,bench_mixed,0.00,0.00,0.0,0.000,0.002,15.771,34.113,0.00
1786216501,bench_mixed,0.00,0.00,0.0,0.000,0.002,15.774,34.109,0.00
1786216506,bench_mixed,0.00,0.00,0.0,0.000,0.002,15.775,34.114,0.00
1786216511,bench_mixed,0.00,0.00,0.0,0.000,0.002,15.778,34.111,0.00
1786216516,bench_mixed,0.00,0.00,0.0,0.000,0.002,15.779,34.109,0.00
1786216521,bench_mixed,0.00,0.00,0.0,0.000,0.002,15.779,34.109,0.00
1786216526,bench_mixed,0.00,0.00,0.0,0.000,0.002,15.780,34.110,0.00
1786216531,bench_mixed,0.00,0.00,0.0,0.000,0.002,15.781,34.108,0.00
1786216536,bench_mixed,0.00,0.00,0.0,0.000,0.002,15.782,34.105,0.00
1786216542,bench_mixed,0.00,0.00,0.0,0.000,0.002,15.783,34.105,0.00
1786216547,bench_mixed,0.00,0.00,0.0,0.000,0.002,15.784,34.105,0.00
1786216552,bench_mixed,0.00,0.00,0.0,0.000,0.002,15.785,34.104,0.00
1786216557,bench_mixed,0.00,0.00,0.0,0.000,0.002,15.785,34.106,0.00
1786216562,bench_mixed,0.00,0.00,0.0,0.000,0.002,15.788,34.102,0.00
1786216567,bench_mixed,0.00,0.00,0.0,0.000,0.002,15.788,34.101,0.00
1786216572,bench_mixed,0.00,0.00,0.0,0.000,0.002,15.789,34.101,0.00
1786216577,bench_mixed,0.00,0.00,0.0,0.000,0.002,15.791,34.098,0.00
1786216582,bench_mixed,0.00,0.00,0.0,0.000,0.002,15.792,34.097,0.00
1786216587,bench_mixed,0.00,0.00,0.0,0.000,0.002,15.792,34.096,0.00
1786216592,bench_mixed,0.00,0.00,0.0,0.000,0.002,15.792,34.095,0.00
1786216597,bench_mixed,0.00,0.00,0.0,0.000,0.002,15.794,34.092,0.00
1786216602,bench_mixed,0.00,0.00,0.0,0.000,0.002,15.795,34.091,0.00
1786216607,bench_mixed,0.00,0.00,0.0,0.000,0.002,15.796,34.091,0.00
1786216612,bench_mixed,0.00,0.00,0.0,0.000,0.002,15.797,34.090,0.00
1786216617,bench_mixed,0.00,0.00,0.0,0.000,0.002,15.798,33.513,0.00
1786216622,bench_mixed,0.00,0.00,0.0,0.000,0.002,16.849,31.831,62.28
1786216627,bench_mixed,0.00,0.00,0.0,0.000,0.002,16.111,32.572,0.00
1786216632,bench_mixed,0.00,0.00,0.0,0.000,0.002,16.351,33.765,0.00
1786216638,bench_mixed,0.00,0.00,0.0,0.000,0.002,16.396,33.762,0.00
1786216643,bench_mixed,0.00,0.00,0.0,0.000,0.002,16.408,33.759,0.00
1786216648,bench_mixed,0.00,0.00,0.0,0.000,0.002,16.409,33.761,0.00
1786216653,bench_mixed,0.00,0.00,0.0,0.000,0.002,16.417,33.758,0.00
1786216658,bench_mixed,0.00,0.00,0.0,0.000,0.002,16.421,33.756,0.00
1786216663,bench_mixed,0.00,0.00,0.0,0.000,0.002,16.422,33.755,0.00
1786216668,bench_mixed,0.00,0.00,0.0,0.000,0.002,16.423,33.753,0.00
1786216673,bench_mixed,0.00,0.00,0.0,0.000,0.002,16.424,33.751,0.00
1786216678,bench_mixed,0.00,0.00,0.0,0.000,0.002,16.426,33.750,0.00
1786216683,bench_mixed,0.00,0.00,0.0,0.000,0.002,16.426,33.751,0.00
1786216688,bench_mixed,0.00,0.00,0.0,0.000,0.002,16.429,33.748,0.00
1786216693,bench_mixed,0.00,0.00,0.0,0.000,0.002,16.429,33.747,0.00
1786216698,bench_mixed,0.00,0.00,0.0,0.000,0.002,16.429,33.748,0.00
1786216703,bench_mixed,0.00,0.00,0.0,0.000,0.002,16.432,33.747,0.00
1786216708,bench_mixed,0.00,0.00,0.0,0.000,0.002,16.433,33.743,0.00
1786216713,bench_mixed,0.00,0.00,0.0,0.000,0.002,16.433,33.741,0.00
1786216718,bench_mixed,0.00,0.00,0.0,0.000,0.002,16.433,33.734,0.02
1786216723,bench_mixed,0.00,0.00,0.0,0.000,0.002,16.435,33.732,0.01
1786216728,bench_mixed,0.00,0.00,0.0,0.000,0.002,16.436,33.731,0.00
1786216733,bench_mixed,0.00,0.00,0.0,0.000,0.002,16.437,33.733,0.00
1786216739,bench_mixed,0.00,0.00,0.0,0.000,0.002,16.438,33.731,0.00
1786216744,bench_mixed,0.00,0.00,0.0,0.000,0.002,16.439,33.731,0.00
1786216749,bench_mixed,0.00,0.00,0.0,0.000,0.002,16.439,33.731,0.00
1786216754,bench_mixed,0.00,0.00,0.0,0.000,0.002,16.442,33.734,0.00
1786216759,bench_mixed,0.00,0.00,0.0,0.000,0.002,16.443,33.734,0.00
1786216764,bench_mixed,0.00,0.00,0.0,0.000,0.002,16.443,33.733,0.00
1786216769,bench_mixed,0.00,0.00,0.0,0.000,0.002,16.443,33.302,0.00
1786216774,bench_mixed,0.00,0.00,0.0,0.000,0.002,17.496,31.484,62.28
1786216779,bench_mixed,0.00,0.00,0.0,0.000,0.002,17.003,31.971,0.00
1786216784,bench_mixed,0.00,0.00,0.0,0.000,0.002,16.976,33.410,0.00
1786216789,bench_mixed,0.00,0.00,0.0,0.000,0.002,17.035,33.409,0.00
1786216794,bench_mixed,0.00,0.00,0.0,0.000,0.002,17.050,33.409,0.00
1786216799,bench_mixed,0.00,0.00,0.0,0.000,0.002,17.057,33.406,0.00
1786216804,bench_mixed,0.00,0.00,0.0,0.000,0.002,17.062,33.406,0.00
1786216809,bench_mixed,0.00,0.00,0.0,0.000,0.002,17.065,33.404,0.00
1786216814,bench_mixed,0.00,0.00,0.0,0.000,0.002,17.069,33.401,0.00
1786216819,bench_mixed,0.00,0.00,0.0,0.000,0.002,17.070,33.400,0.00
1786216824,bench_mixed,0.00,0.00,0.0,0.000,0.002,17.070,33.399,0.00
1786216829,bench_mixed,0.00,0.00,0.0,0.000,0.002,17.071,33.398,0.00
1786216835,bench_mixed,0.00,0.00,0.0,0.000,0.002,17.073,33.399,0.00
1786216840,bench_mixed,0.00,0.00,0.0,0.000,0.002,17.074,33.397,0.00
1786216845,bench_mixed,0.00,0.00,0.0,0.000,0.002,17.074,33.397,0.00
1786216850,bench_mixed,0.00,0.00,0.0,0.000,0.002,17.076,33.393,0.00
1786216855,bench_mixed,0.00,0.00,0.0,0.000,0.002,17.076,33.391,0.00
1786216860,bench_mixed,0.00,0.00,0.0,0.000,0.002,17.076,33.394,0.00
1786216865,bench_mixed,0.00,0.00,0.0,0.000,0.002,17.079,33.397,0.00
1786216870,bench_mixed,0.00,0.00,0.0,0.000,0.002,17.079,33.397,0.00
1786216875,bench_mixed,0.00,0.00,0.0,0.000,0.002,17.080,33.396,0.00
1786216880,bench_mixed,0.00,0.00,0.0,0.000,0.002,17.080,33.395,0.00
1786216885,bench_mixed,0.00,0.00,0.0,0.000,0.002,17.082,33.393,0.00
1786216890,bench_mixed,0.00,0.00,0.0,0.000,0.002,17.083,33.393,0.00
1786216895,bench_mixed,0.00,0.00,0.0,0.000,0.002,17.083,33.394,0.00
1786216900,bench_mixed,0.00,0.00,0.0,0.000,0.002,17.085,33.391,0.00
1786216905,bench_mixed,0.00,0.00,0.0,0.000,0.002,17.086,33.390,0.00
1786216910,bench_mixed,0.00,0.00,0.0,0.000,0.002,17.086,33.390,0.00
1786216915,bench_mixed,0.00,0.00,0.0,0.000,0.002,17.087,33.386,0.00
1786216920,bench_mixed,0.00,0.00,0.0,0.000,0.002,17.185,32.094,62.34
1786216925,bench_mixed,0.00,0.00,0.0,0.000,0.002,18.080,31.200,0.00
1786216930,bench_mixed,0.00,0.00,0.0,0.000,0.002,17.441,33.132,0.00
1786216935,bench_mixed,0.00,0.00,0.0,0.000,0.002,17.608,33.130,0.00
1786216941,bench_mixed,0.00,0.00,0.0,0.000,0.002,17.632,33.128,0.00
1786216946,bench_mixed,0.00,0.00,0.0,0.000,0.002,17.637,33.124,0.00
1786216951,bench_mixed,0.00,0.00,0.0,0.000,0.002,17.644,33.120,0.00
1786216956,bench_mixed,0.00,0.00,0.0,0.000,0.002,17.645,33.118,0.00
1786216961,bench_mixed,0.00,0.00,0.0,0.000,0.002,17.650,33.116,0.00
1786216966,bench_mixed,0.00,0.00,0.0,0.000,0.002,17.652,33.117,0.00
1786216971,bench_mixed,0.00,0.00,0.0,0.000,0.002,17.654,33.116,0.00
1786216976,bench_mixed,0.00,0.00,0.0,0.000,0.002,17.654,33.116,0.00
1786216981,bench_mixed,0.00,0.00,0.0,0.000,0.002,17.656,33.113,0.00
1786216986,bench_mixed,0.00,0.00,0.0,0.000,0.002,17.658,33.114,0.00
1786216991,bench_mixed,0.00,0.00,0.0,0.000,0.002,17.658,33.115,0.00
1786216996,bench_mixed,0.00,0.00,0.0,0.000,0.002,17.659,33.115,0.00
1786217001,bench_mixed,0.00,0.00,0.0,0.000,0.002,17.660,33.114,0.00
1786217006,bench_mixed,0.00,0.00,0.0,0.000,0.002,17.661,33.116,0.00
1786217011,bench_mixed,0.00,0.00,0.0,0.000,0.002,17.661,33.115,0.00
1786217016,bench_mixed,0.00,0.00,0.0,0.000,0.002,17.664,33.116,0.00
1786217021,bench_mixed,0.00,0.00,0.0,0.000,0.002,17.664,33.106,0.03
1786217026,bench_mixed,0.00,0.00,0.0,0.000,0.002,17.664,33.105,0.00
1786217031,bench_mixed,0.00,0.00,0.0,0.000,0.002,17.665,33.104,0.00
1786217037,bench_mixed,0.00,0.00,0.0,0.000,0.002,17.667,33.107,0.00
1786217042,bench_mixed,0.00,0.00,0.0,0.000,0.002,17.668,33.107,0.00
1786217047,bench_mixed,0.00,0.00,0.0,0.000,0.002,17.668,33.105,0.00
1786217052,bench_mixed,0.00,0.00,0.0,0.000,0.002,17.670,33.103,0.00
1786217057,bench_mixed,0.00,0.00,0.0,0.000,0.002,17.671,33.094,0.00
1786217062,bench_mixed,0.00,0.00,0.0,0.000,0.002,17.671,33.157,0.00
1786217067,bench_mixed,0.00,0.00,0.0,0.000,0.002,17.671,31.904,0.00
1786217072,bench_mixed,0.00,0.00,0.0,0.000,0.002,18.722,30.836,62.29
1786217077,bench_mixed,0.00,0.00,0.0,0.000,0.002,18.054,32.810,0.00
1786217082,bench_mixed,0.00,0.00,0.0,0.000,0.002,18.256,32.805,0.00
1786217087,bench_mixed,0.00,0.00,0.0,0.000,0.002,18.267,32.802,0.00
1786217092,bench_mixed,0.00,0.00,0.0,0.000,0.002,18.278,32.801,0.00
1786217097,bench_mixed,0.00,0.00,0.0,0.000,0.002,18.283,32.798,0.00
1786217102,bench_mixed,0.00,0.00,0.0,0.000,0.002,18.288,32.800,0.00
1786217107,bench_mixed,0.00,0.00,0.0,0.000,0.002,18.291,32.798,0.00
1786217112,bench_mixed,0.00,0.00,0.0,0.000,0.002,18.291,32.801,0.00
1786217117,bench_mixed,0.00,0.00,0.0,0.000,0.002,18.297,32.798,0.00
1786217122,bench_mixed,0.00,0.00,0.0,0.000,0.002,18.298,32.796,0.00
1786217127,bench_mixed,0.00,0.00,0.0,0.000,0.002,18.298,32.795,0.00
1786217133,bench_mixed,0.00,0.00,0.0,0.000,0.002,18.299,32.792,0.00
1786217138,bench_mixed,0.00,0.00,0.0,0.000,0.002,18.301,32.792,0.00
1786217143,bench_mixed,0.00,0.00,0.0,0.000,0.002,18.302,32.795,0.00
1786217148,bench_mixed,0.00,0.00,0.0,0.000,0.002,18.302,32.795,0.00
1786217153,bench_mixed,0.00,0.00,0.0,0.000,0.002,18.303,32.793,0.00
1786217158,bench_mixed,0.00,0.00,0.0,0.000,0.002,18.305,32.791,0.00
1786217163,bench_mixed,0.00,0.00,0.0,0.000,0.002,18.305,32.791,0.00
1786217168,bench_mixed,0.00,0.00,0.0,0.000,0.002,18.305,32.789,0.00
1786217173,bench_mixed,0.00,0.00,0.0,0.000,0.002,18.308,32.786,0.00
1786217178,bench_mixed,0.00,0.00,0.0,0.000,0.002,18.308,32.786,0.00
1786217183,bench_mixed,0.00,0.00,0.0,0.000,0.002,18.309,32.787,0.00
1786217188,bench_mixed,0.00,0.00,0.0,0.000,0.002,18.309,32.786,0.00
1786217193,bench_mixed,0.00,0.00,0.0,0.000,0.002,18.311,32.783,0.00
1786217198,bench_mixed,0.00,0.00,0.0,0.000,0.002,18.312,32.783,0.00
1786217203,bench_mixed,0.00,0.00,0.0,0.000,0.002,18.312,32.782,0.00
1786217208,bench_mixed,0.00,0.00,0.0,0.000,0.002,18.313,32.781,0.00
1786217213,bench_mixed,0.00,0.00,0.0,0.000,0.002,18.314,32.003,0.00
1786217218,bench_mixed,0.00,0.00,0.0,0.000,0.002,19.365,30.474,62.31
1786217223,bench_mixed,0.00,0.00,0.0,0.000,0.002,18.634,31.207,0.00
1786217229,bench_mixed,0.00,0.00,0.0,0.000,0.002,18.865,32.406,0.00
1786217234,bench_mixed,0.00,0.00,0.0,0.000,0.002,18.907,32.403,0.00
1786217239,bench_mixed,0.00,0.00,0.0,0.000,0.002,18.920,32.399,0.00
1786217244,bench_mixed,0.00,0.00,0.0,0.000,0.002,18.923,32.398,0.00
1786217249,bench_mixed,0.00,0.00,0.0,0.000,0.002,18.930,32.396,0.00
1786217254,bench_mixed,0.00,0.00,0.0,0.000,0.002,18.934,32.397,0.00
1786217259,bench_mixed,0.00,0.00,0.0,0.000,0.002,18.939,32.392,0.00
1786217264,bench_mixed,0.00,0.00,0.0,0.000,0.002,18.941,32.390,0.00
1786217269,bench_mixed,0.00,0.00,0.0,0.000,0.002,18.941,32.390,0.00
1786217274,bench_mixed,0.00,0.00,0.0,0.000,0.002,18.942,32.388,0.00
1786217279,bench_mixed,0.00,0.00,0.0,0.000,0.002,18.945,32.386,0.00
1786217284,bench_mixed,0.00,0.00,0.0,0.000,0.002,18.946,32.382,0.00
1786217289,bench_mixed,0.00,0.00,0.0,0.000,0.002,18.946,32.382,0.00
1786217294,bench_mixed,0.00,0.00,0.0,0.000,0.002,18.947,32.384,0.00
1786217299,bench_mixed,0.00,0.00,0.0,0.000,0.002,18.949,32.382,0.00
1786217304,bench_mixed,0.00,0.00,0.0,0.000,0.002,18.951,32.383,0.00
1786217309,bench_mixed,0.00,0.00,0.0,0.000,0.002,18.951,32.384,0.00
1786217314,bench_mixed,0.00,0.00,0.0,0.000,0.002,18.952,32.386,0.00
1786217319,bench_mixed,0.00,0.00,0.0,0.000,0.002,18.953,32.372,0.03
1786217325,bench_mixed,0.00,0.00,0.0,0.000,0.002,18.954,32.374,0.00
1786217330,bench_mixed,0.00,0.00,0.0,0.000,0.002,18.954,32.375,0.00
1786217335,bench_mixed,0.00,0.00,0.0,0.000,0.002,18.956,32.374,0.00
1786217340,bench_mixed,0.00,0.00,0.0,0.000,0.002,18.956,32.375,0.00
1786217345,bench_mixed,0.00,0.00,0.0,0.000,0.002,18.957,32.375,0.00
1786217350,bench_mixed,0.00,0.00,0.0,0.000,0.002,18.957,32.375,0.00
1786217355,bench_mixed,0.00,0.00,0.0,0.000,0.002,18.959,32.372,0.00
1786217360,bench_mixed,0.00,0.00,0.0,0.000,0.002,18.960,31.972,0.00
1786217365,bench_mixed,0.00,0.00,0.0,0.000,0.002,19.949,30.168,62.24
1786217370,bench_mixed,0.00,0.00,0.0,0.000,0.002,19.270,30.843,0.00
1786217375,bench_mixed,0.00,0.00,0.0,0.000,0.002,19.421,32.092,0.00
1786217380,bench_mixed,0.00,0.00,0.0,0.000,0.002,19.487,32.091,0.00
1786217385,bench_mixed,0.00,0.00,0.0,0.000,0.002,19.497,32.090,0.00
1786217390,bench_mixed,0.00,0.00,0.0,0.000,0.002,19.508,32.087,0.00
1786217395,bench_mixed,0.00,0.00,0.0,0.000,0.002,19.511,32.084,0.00
1786217400,bench_mixed,0.00,0.00,0.0,0.000,0.002,19.512,32.084,0.00
1786217405,bench_mixed,0.00,0.00,0.0,0.000,0.002,19.517,32.082,0.00
1786217410,bench_mixed,0.00,0.00,0.0,0.000,0.002,19.518,32.079,0.00
1786217415,bench_mixed,0.00,0.00,0.0,0.000,0.002,19.523,32.075,0.00
1786217421,bench_mixed,0.00,0.00,0.0,0.000,0.002,19.523,32.079,0.00
1786217426,bench_mixed,0.00,0.00,0.0,0.000,0.002,19.529,32.075,0.00
1786217431,bench_mixed,0.00,0.00,0.0,0.000,0.002,19.530,32.076,0.00
1786217436,bench_mixed,0.00,0.00,0.0,0.000,0.002,19.531,32.074,0.00
1786217441,bench_mixed,0.00,0.00,0.0,0.000,0.002,19.531,32.077,0.00
1786217446,bench_mixed,0.00,0.00,0.0,0.000,0.002,19.532,32.076,0.00
1786217451,bench_mixed,0.00,0.00,0.0,0.000,0.002,19.535,32.073,0.00
1786217456,bench_mixed,0.00,0.00,0.0,0.000,0.002,19.537,32.071,0.00
1786217461,bench_mixed,0.00,0.00,0.0,0.000,0.002,19.537,32.069,0.00
1786217466,bench_mixed,0.00,0.00,0.0,0.000,0.002,19.538,32.068,0.00
1786217471,bench_mixed,0.00,0.00,0.0,0.000,0.002,19.540,32.070,0.00
1786217476,bench_mixed,0.00,0.00,0.0,0.000,0.002,19.540,32.068,0.00
1786217481,bench_mixed,0.00,0.00,0.0,0.000,0.002,19.541,32.068,0.00
1786217486,bench_mixed,0.00,0.00,0.0,0.000,0.002,19.542,32.067,0.00
1786217491,bench_mixed,0.00,0.00,0.0,0.000,0.002,19.543,32.066,0.00
1786217496,bench_mixed,0.00,0.00,0.0,0.000,0.002,19.544,32.064,0.00
1786217501,bench_mixed,0.00,0.00,0.0,0.000,0.002,19.544,32.068,0.00
1786217506,bench_mixed,0.00,0.00,0.0,0.000,0.002,19.545,32.066,0.00
1786217511,bench_mixed,0.00,0.00,0.0,0.000,0.002,19.547,31.414,0.00
1786217516,bench_mixed,0.00,0.00,0.0,0.000,0.002,20.598,29.814,62.31
1786217522,bench_mixed,0.00,0.00,0.0,0.000,0.002,19.920,30.491,0.00
1786217527,bench_mixed,0.00,0.00,0.0,0.000,0.002,20.096,31.738,0.00
1786217532,bench_mixed,0.00,0.00,0.0,0.000,0.002,20.143,31.740,0.00
1786217537,bench_mixed,0.00,0.00,0.0,0.000,0.002,20.146,31.738,0.00
1786217542,bench_mixed,0.00,0.00,0.0,0.000,0.002,20.154,31.736,0.00
1786217547,bench_mixed,0.00,0.00,0.0,0.000,0.002,20.160,31.733,0.00
1786217552,bench_mixed,0.00,0.00,0.0,0.000,0.002,20.164,31.732,0.00
1786217557,bench_mixed,0.00,0.00,0.0,0.000,0.002,20.166,31.728,0.00
1786217562,bench_mixed,0.00,0.00,0.0,0.000,0.002,20.172,31.726,0.00
1786217567,bench_mixed,0.00,0.00,0.0,0.000,0.002,20.174,31.724,0.00
1786217572,bench_mixed,0.00,0.00,0.0,0.000,0.002,20.176,31.726,0.00
1786217577,bench_mixed,0.00,0.00,0.0,0.000,0.002,20.177,31.724,0.00
1786217582,bench_mixed,0.00,0.00,0.0,0.000,0.002,20.180,31.724,0.00
1786217587,bench_mixed,0.00,0.00,0.0,0.000,0.002,20.182,31.722,0.00
1786217592,bench_mixed,0.00,0.00,0.0,0.000,0.002,20.182,31.721,0.00
1786217597,bench_mixed,0.00,0.00,0.0,0.000,0.002,20.182,31.720,0.00
1786217602,bench_mixed,0.00,0.00,0.0,0.000,0.002,20.186,31.720,0.00
1786217607,bench_mixed,0.00,0.00,0.0,0.000,0.002,20.188,31.718,0.00
1786217612,bench_mixed,0.00,0.00,0.0,0.000,0.002,20.188,31.717,0.00
1786217618,bench_mixed,0.00,0.00,0.0,0.000,0.002,20.188,31.716,0.00
1786217623,bench_mixed,0.00,0.00,0.0,0.000,0.002,20.192,31.706,0.03
1786217628,bench_mixed,0.00,0.00,0.0,0.000,0.002,20.192,31.705,0.00
1786217633,bench_mixed,0.00,0.00,0.0,0.000,0.002,20.192,31.706,0.00
1786217638,bench_mixed,0.00,0.00,0.0,0.000,0.002,20.192,31.706,0.00
1786217643,bench_mixed,0.00,0.00,0.0,0.000,0.002,20.195,31.703,0.00
1786217648,bench_mixed,0.00,0.00,0.0,0.000,0.002,20.195,31.704,0.00
1786217653,bench_mixed,0.00,0.00,0.0,0.000,0.002,20.196,31.704,0.00
1786217658,bench_mixed,0.00,0.00,0.0,0.000,0.002,20.196,31.374,0.00
1786217663,bench_mixed,0.00,0.00,0.0,0.000,0.002,21.247,29.452,62.27
1786217668,bench_mixed,0.00,0.00,0.0,0.000,0.002,21.247,29.449,0.00
1786217673,bench_mixed,0.00,0.00,0.0,0.000,0.002,20.777,31.285,0.00
1786217678,bench_mixed,0.00,0.00,0.0,0.000,0.002,20.934,31.236,0.00
1786217683,bench_mixed,0.00,0.00,0.0,0.000,0.002,21.042,31.145,0.00
1786217688,bench_mixed,0.00,0.00,0.0,0.000,0.002,21.054,31.133,0.00
1786217693,bench_mixed,0.00,0.00,0.0,0.000,0.002,21.137,31.056,0.00
1786217698,bench_mixed,0.00,0.00,0.0,0.000,0.002,21.146,31.046,0.00
1786217703,bench_mixed,0.00,0.00,0.0,0.000,0.002,21.205,30.987,0.00
1786217708,bench_mixed,0.00,0.00,0.0,0.000,0.002,21.245,30.948,0.00
1786217713,bench_mixed,0.00,0.00,0.0,0.000,0.002,21.255,30.939,0.00
1786217719,bench_mixed,0.00,0.00,0.0,0.000,0.002,21.266,30.927,0.00
1786217724,bench_mixed,0.00,0.00,0.0,0.000,0.002,21.275,30.917,0.00
1786217729,bench_mixed,0.00,0.00,0.0,0.000,0.002,21.276,30.916,0.00
1786217734,bench_mixed,0.00,0.00,0.0,0.000,0.002,21.279,30.914,0.00
1786217739,bench_mixed,0.00,0.00,0.0,0.000,0.002,21.289,30.904,0.00
1786217744,bench_mixed,0.00,0.00,0.0,0.000,0.002,21.290,30.907,0.00
1786217749,bench_mixed,0.00,0.00,0.0,0.000,0.002,21.300,30.896,0.00
1786217754,bench_mixed,0.00,0.00,0.0,0.000,0.002,21.307,30.890,0.00
1786217759,bench_mixed,0.00,0.00,0.0,0.000,0.002,21.317,30.880,0.00
1786217764,bench_mixed,0.00,0.00,0.0,0.000,0.002,21.317,30.872,0.00
1786217769,bench_mixed,0.00,0.00,0.0,0.000,0.002,21.321,30.873,0.00
1786217774,bench_mixed,0.00,0.00,0.0,0.000,0.002,21.327,30.866,0.00
1786217779,bench_mixed,0.00,0.00,0.0,0.000,0.002,21.327,30.871,0.00
1786217784,bench_mixed,0.00,0.00,0.0,0.000,0.002,21.328,30.870,0.00
1786217789,bench_mixed,0.00,0.00,0.0,0.000,0.002,21.333,30.864,0.00
1786217794,bench_mixed,0.00,0.00,0.0,0.000,0.002,21.333,30.862,0.00
1786217799,bench_mixed,0.00,0.00,0.0,0.000,0.002,21.338,30.856,0.00
1786217805,bench_mixed,0.00,0.00,0.0,0.000,0.002,21.341,30.853,0.00
1786217810,bench_mixed,0.00,0.00,0.0,0.000,0.002,21.344,30.902,0.00
1786217815,bench_mixed,0.00,0.00,0.0,0.000,0.002,21.346,29.650,62.25
1786217820,bench_mixed,0.00,0.00,0.0,0.000,0.002,22.397,28.598,0.00
1786217825,bench_mixed,0.00,0.00,0.0,0.000,0.002,21.731,30.532,0.00
1786217830,bench_mixed,0.00,0.00,0.0,0.000,0.002,22.053,30.396,0.00
1786217835,bench_mixed,0.00,0.00,0.0,0.000,0.002,22.119,30.351,0.00
1786217840,bench_mixed,0.00,0.00,0.0,0.000,0.002,22.245,30.235,0.00
1786217845,bench_mixed,0.00,0.00,0.0,0.000,0.002,22.350,30.134,0.00
1786217850,bench_mixed,0.00,0.00,0.0,0.000,0.002,22.389,30.096,0.00
1786217855,bench_mixed,0.00,0.00,0.0,0.000,0.002,22.405,30.079,0.00
1786217860,bench_mixed,0.00,0.00,0.0,0.000,0.002,22.425,30.060,0.00
1786217865,bench_mixed,0.00,0.00,0.0,0.000,0.002,22.460,30.025,0.00
1786217870,bench_mixed,0.00,0.00,0.0,0.000,0.002,22.478,30.011,0.00
1786217875,bench_mixed,0.00,0.00,0.0,0.000,0.002,22.493,29.996,0.00
1786217880,bench_mixed,0.00,0.00,0.0,0.000,0.002,22.503,29.986,0.00
1786217885,bench_mixed,0.00,0.00,0.0,0.000,0.002,22.552,29.941,0.00
1786217890,bench_mixed,0.00,0.00,0.0,0.000,0.002,22.556,29.935,0.00
1786217895,bench_mixed,0.00,0.00,0.0,0.000,0.002,22.583,29.910,0.00
1786217900,bench_mixed,0.00,0.00,0.0,0.000,0.002,22.613,29.876,0.00
1786217905,bench_mixed,0.00,0.00,0.0,0.000,0.002,22.629,29.862,0.00
1786217911,bench_mixed,0.00,0.00,0.0,0.000,0.002,22.651,29.840,0.00
1786217916,bench_mixed,0.00,0.00,0.0,0.000,0.002,22.663,29.828,0.00
1786217921,bench_mixed,0.00,0.00,0.0,0.000,0.002,22.671,29.812,0.03
1786217926,bench_mixed,0.00,0.00,0.0,0.000,0.002,22.672,29.811,0.00
1786217931,bench_mixed,0.00,0.00,0.0,0.000,0.002,22.687,29.798,0.00
1786217936,bench_mixed,0.00,0.00,0.0,0.000,0.002,22.691,29.795,0.00
1786217941,bench_mixed,0.00,0.00,0.0,0.000,0.002,22.695,29.792,0.00
1786217946,bench_mixed,0.00,0.00,0.0,0.000,0.002,22.695,29.791,0.00
1786217951,bench_mixed,0.00,0.00,0.0,0.000,0.002,22.697,29.794,0.00
1786217956,bench_mixed,0.00,0.00,0.0,0.000,0.002,22.720,29.770,0.00
1786217961,bench_mixed,0.00,0.00,0.0,0.000,0.002,22.723,29.588,0.00
1786217966,bench_mixed,0.00,0.00,0.0,0.000,0.002,23.712,27.582,62.29
1786217971,bench_mixed,0.00,0.00,0.0,0.000,0.002,23.465,27.824,0.00
1786217976,bench_mixed,0.00,0.00,0.0,0.000,0.002,23.132,29.499,0.00
1786217981,bench_mixed,0.00,0.00,0.0,0.000,0.002,23.250,29.493,0.00
1786217986,bench_mixed,0.00,0.00,0.0,0.000,0.002,23.263,29.490,0.00
1786217991,bench_mixed,0.00,0.00,0.0,0.000,0.002,23.522,29.246,0.00
1786217996,bench_mixed,0.00,0.00,0.0,0.000,0.002,23.532,29.237,0.00
1786218001,bench_mixed,0.00,0.00,0.0,0.000,0.002,23.551,29.221,0.00
1786218006,bench_mixed,0.00,0.00,0.0,0.000,0.002,23.563,29.210,0.00
1786218012,bench_mixed,0.00,0.00,0.0,0.000,0.002,23.575,29.199,0.00
1786218017,bench_mixed,0.00,0.00,0.0,0.000,0.002,23.584,29.191,0.00
1786218022,bench_mixed,0.00,0.00,0.0,0.000,0.002,23.590,29.183,0.00
1786218027,bench_mixed,0.00,0.00,0.0,0.000,0.002,23.595,29.178,0.00
1786218032,bench_mixed,0.00,0.00,0.0,0.000,0.002,23.598,29.174,0.00
1786218037,bench_mixed,0.00,0.00,0.0,0.000,0.002,23.610,29.162,0.00
1786218042,bench_mixed,0.00,0.00,0.0,0.000,0.002,23.682,29.089,0.00
1786218047,bench_mixed,0.00,0.00,0.0,0.000,0.002,23.687,29.084,0.00
1786218052,bench_mixed,0.00,0.00,0.0,0.000,0.002,23.689,29.086,0.00
1786218057,bench_mixed,0.00,0.00,0.0,0.000,0.002,23.696,29.080,0.00
1786218062,bench_mixed,0.00,0.00,0.0,0.000,0.002,23.709,29.065,0.00
1786218067,bench_mixed,0.00,0.00,0.0,0.000,0.002,23.724,29.051,0.00
1786218072,bench_mixed,0.00,0.00,0.0,0.000,0.002,23.725,29.051,0.00
1786218077,bench_mixed,0.00,0.00,0.0,0.000,0.002,23.727,29.051,0.00
1786218082,bench_mixed,0.00,0.00,0.0,0.000,0.002,23.732,29.043,0.00
1786218087,bench_mixed,0.00,0.00,0.0,0.000,0.002,23.749,29.026,0.00
1786218092,bench_mixed,0.00,0.00,0.0,0.000,0.002,23.755,29.018,0.00
1786218097,bench_mixed,0.00,0.00,0.0,0.000,0.002,23.758,29.015,0.00
1786218102,bench_mixed,0.00,0.00,0.0,0.000,0.002,23.761,29.011,0.00
1786218107,bench_mixed,0.00,0.00,0.0,0.000,0.002,23.766,29.007,0.00
1786218113,bench_mixed,0.00,0.00,0.0,0.000,0.002,23.768,28.851,0.00
1786218118,bench_mixed,0.00,0.00,0.0,0.000,0.002,24.825,26.752,62.30
1786218123,bench_mixed,0.00,0.00,0.0,0.000,0.002,24.579,26.996,0.00
1786218128,bench_mixed,0.00,0.00,0.0,0.000,0.002,24.148,28.620,0.00
1786218133,bench_mixed,0.00,0.00,0.0,0.000,0.002,24.211,28.559,0.00
1786218138,bench_mixed,0.00,0.00,0.0,0.000,0.002,24.328,28.439,0.00
1786218143,bench_mixed,0.00,0.00,0.0,0.000,0.002,24.518,28.250,0.00
1786218148,bench_mixed,0.00,0.00,0.0,0.000,0.002,24.577,28.189,0.00
1786218153,bench_mixed,0.00,0.00,0.0,0.000,0.002,24.619,28.148,0.00
1786218158,bench_mixed,0.00,0.00,0.0,0.000,0.002,24.644,28.126,0.00
1786218163,bench_mixed,0.00,0.00,0.0,0.000,0.002,24.681,28.090,0.00
1786218168,bench_mixed,0.00,0.00,0.0,0.000,0.002,24.699,28.073,0.00
1786218173,bench_mixed,0.00,0.00,0.0,0.000,0.002,24.706,28.068,0.00
1786218178,bench_mixed,0.00,0.00,0.0,0.000,0.002,24.743,28.029,0.00
1786218183,bench_mixed,0.00,0.00,0.0,0.000,0.002,24.752,28.019,0.00
1786218188,bench_mixed,0.00,0.00,0.0,0.000,0.002,24.756,28.015,0.00
1786218193,bench_mixed,0.00,0.00,0.0,0.000,0.002,24.764,28.006,0.00
1786218198,bench_mixed,0.00,0.00,0.0,0.000,0.002,24.780,27.994,0.00
1786218203,bench_mixed,0.00,0.00,0.0,0.000,0.002,24.782,27.992,0.00
1786218208,bench_mixed,0.00,0.00,0.0,0.000,0.002,24.801,27.973,0.00
1786218213,bench_mixed,0.00,0.00,0.0,0.000,0.002,24.811,27.962,0.00
1786218219,bench_mixed,0.00,0.00,0.0,0.000,0.002,24.844,27.924,0.02
1786218224,bench_mixed,0.00,0.00,0.0,0.000,0.002,24.847,27.919,0.01
1786218229,bench_mixed,0.00,0.00,0.0,0.000,0.002,24.852,27.915,0.00
1786218234,bench_mixed,0.00,0.00,0.0,0.000,0.002,24.860,27.907,0.00
1786218239,bench_mixed,0.00,0.00,0.0,0.000,0.002,24.865,27.905,0.00
1786218244,bench_mixed,0.00,0.00,0.0,0.000,0.002,24.873,27.898,0.00
1786218249,bench_mixed,0.00,0.00,0.0,0.000,0.002,24.874,27.896,0.00
1786218254,bench_mixed,0.00,0.00,0.0,0.000,0.002,24.879,27.892,0.00
1786218259,bench_mixed,0.00,0.00,0.0,0.000,0.002,24.891,27.879,0.00
1786218264,bench_mixed,0.00,0.00,0.0,0.000,0.002,24.894,27.876,0.00
1786218269,bench_mixed,0.00,0.00,0.0,0.000,0.002,24.898,26.755,0.00
1786218274,bench_mixed,0.00,0.00,0.0,0.000,0.002,25.949,25.626,62.20
1786218279,bench_mixed,0.00,0.00,0.0,0.000,0.002,25.262,26.312,0.00
1786218284,bench_mixed,0.00,0.00,0.0,0.000,0.002,25.219,27.552,0.00
1786218289,bench_mixed,0.00,0.00,0.0,0.000,0.002,25.234,27.540,0.00
1786218294,bench_mixed,0.00,0.00,0.0,0.000,0.002,25.239,27.535,0.00
1786218299,bench_mixed,0.00,0.00,0.0,0.000,0.002,25.245,27.531,0.00
1786218304,bench_mixed,0.00,0.00,0.0,0.000,0.002,25.250,27.525,0.00
1786218309,bench_mixed,0.00,0.00,0.0,0.000,0.002,25.258,27.516,0.00
1786218315,bench_mixed,0.00,0.00,0.0,0.000,0.002,25.266,27.510,0.00
1786218320,bench_mixed,0.00,0.00,0.0,0.000,0.002,25.269,27.510,0.00
1786218325,bench_mixed,0.00,0.00,0.0,0.000,0.002,25.278,27.503,0.00
1786218330,bench_mixed,0.00,0.00,0.0,0.000,0.002,25.297,27.484,0.00
1786218335,bench_mixed,0.00,0.00,0.0,0.000,0.002,25.312,27.471,0.00
1786218340,bench_mixed,0.00,0.00,0.0,0.000,0.002,25.317,27.467,0.00
1786218345,bench_mixed,0.00,0.00,0.0,0.000,0.002,25.320,27.464,0.00
1786218350,bench_mixed,0.00,0.00,0.0,0.000,0.002,25.326,27.455,0.00
1786218355,bench_mixed,0.00,0.00,0.0,0.000,0.002,25.331,27.449,0.00
1786218360,bench_mixed,0.00,0.00,0.0,0.000,0.002,25.333,27.446,0.00
1786218365,bench_mixed,0.00,0.00,0.0,0.000,0.002,25.339,27.442,0.00
1786218370,bench_mixed,0.00,0.00,0.0,0.000,0.002,25.345,27.437,0.00
1786218375,bench_mixed,0.00,0.00,0.0,0.000,0.002,25.346,27.437,0.00
1786218380,bench_mixed,0.00,0.00,0.0,0.000,0.002,25.350,27.431,0.00
1786218385,bench_mixed,0.00,0.00,0.0,0.000,0.002,25.356,27.425,0.00
1786218390,bench_mixed,0.00,0.00,0.0,0.000,0.002,25.360,27.420,0.00
1786218395,bench_mixed,0.00,0.00,0.0,0.000,0.002,25.360,27.420,0.00
1786218400,bench_mixed,0.00,0.00,0.0,0.000,0.002,25.367,27.414,0.00
1786218405,bench_mixed,0.00,0.00,0.0,0.000,0.002,25.371,27.409,0.00
1786218411,bench_mixed,0.00,0.00,0.0,0.000,0.002,25.374,27.406,0.00
1786218416,bench_mixed,0.00,0.00,0.0,0.000,0.002,25.374,26.210,0.00
1786218421,bench_mixed,0.00,0.00,0.0,0.000,0.002,26.425,25.156,62.29
1786218426,bench_mixed,0.00,0.00,0.0,0.000,0.002,25.687,27.089,0.00
1786218431,bench_mixed,0.00,0.00,0.0,0.000,0.002,26.847,25.933,0.00
1786218436,bench_mixed,0.00,0.00,0.0,0.000,0.002,27.345,25.435,0.00
1786218441,bench_mixed,0.00,0.00,0.0,0.000,0.002,27.607,25.171,0.00
1786218446,bench_mixed,0.00,0.00,0.0,0.000,0.002,27.607,25.171,0.00
1786218451,bench_mixed,0.00,0.00,0.0,0.000,0.002,27.607,25.171,0.00
1786218456,bench_mixed,0.00,0.00,0.0,0.000,0.002,27.607,25.171,0.00
1786218461,bench_mixed,0.00,0.00,0.0,0.000,0.002,27.607,25.171,0.00
1786218466,bench_mixed,0.00,0.00,0.0,0.000,0.002,27.607,25.172,0.00
1786218471,bench_mixed,0.00,0.00,0.0,0.000,0.002,27.607,25.173,0.00
1786218476,bench_mixed,0.00,0.00,0.0,0.000,0.002,27.607,25.171,0.00
1786218481,bench_mixed,0.00,0.00,0.0,0.000,0.002,27.607,25.173,0.00
1786218486,bench_mixed,0.00,0.00,0.0,0.000,0.002,27.607,25.173,0.00
1786218491,bench_mixed,0.00,0.00,0.0,0.000,0.002,27.607,25.174,0.00
1786218496,bench_mixed,0.00,0.00,0.0,0.000,0.002,27.607,25.173,0.00
1786218501,bench_mixed,0.00,0.00,0.0,0.000,0.002,27.607,25.172,0.00
1786218507,bench_mixed,0.00,0.00,0.0,0.000,0.002,27.607,25.171,0.00
1786218512,bench_mixed,0.00,0.00,0.0,0.000,0.002,27.607,25.171,0.00
1786218517,bench_mixed,0.00,0.00,0.0,0.000,0.002,27.607,25.171,0.00
1786218522,bench_mixed,0.00,0.00,0.0,0.000,0.002,27.607,25.155,0.03
1786218527,bench_mixed,0.00,0.00,0.0,0.000,0.002,27.607,25.156,0.00
1786218532,bench_mixed,0.00,0.00,0.0,0.000,0.002,27.607,25.156,0.00
1786218537,bench_mixed,0.00,0.00,0.0,0.000,0.002,27.607,25.158,0.00
1786218542,bench_mixed,0.00,0.00,0.0,0.000,0.002,27.607,25.159,0.00
1786218547,bench_mixed,0.00,0.00,0.0,0.000,0.002,27.607,25.164,0.00
1786218552,bench_mixed,0.00,0.00,0.0,0.000,0.002,27.607,25.163,0.00
1786218557,bench_mixed,0.00,0.00,0.0,0.000,0.002,27.607,25.218,0.00
1786218562,bench_mixed,0.00,0.00,0.0,0.000,0.002,27.607,23.973,62.28
1786218567,bench_mixed,0.00,0.00,0.0,0.000,0.002,27.607,23.971,0.00
1786218572,bench_mixed,0.00,0.00,0.0,0.000,0.002,27.607,23.972,0.00
1786218577,bench_mixed,0.00,0.00,0.0,0.000,0.002,27.607,23.973,0.00
1786218582,bench_mixed,0.00,0.00,0.0,0.000,0.002,27.607,23.973,0.00
1786218587,bench_mixed,0.00,0.00,0.0,0.000,0.002,27.607,23.974,0.00
1786218592,bench_mixed,0.00,0.00,0.0,0.000,0.002,27.607,23.974,0.00
1786218598,bench_mixed,0.00,0.00,0.0,0.000,0.002,27.607,23.976,0.00
1786218603,bench_mixed,0.00,0.00,0.0,0.000,0.002,27.607,23.977,0.00
1786218608,bench_mixed,0.00,0.00,0.0,0.000,0.002,27.607,23.981,0.00
1786218613,bench_mixed,0.00,0.00,0.0,0.000,0.002,27.607,23.981,0.00
1786218618,bench_mixed,0.00,0.00,0.0,0.000,0.002,27.607,23.983,0.00
1786218623,bench_mixed,0.00,0.00,0.0,0.000,0.002,27.607,23.983,0.00
1786218628,bench_mixed,0.00,0.00,0.0,0.000,0.002,27.607,23.984,0.00
1786218633,bench_mixed,0.00,0.00,0.0,0.000,0.002,27.607,23.985,0.00
1786218638,bench_mixed,0.00,0.00,0.0,0.000,0.002,27.607,23.986,0.00
1786218643,bench_mixed,0.00,0.00,0.0,0.000,0.002,27.607,23.986,0.00
1786218648,bench_mixed,0.00,0.00,0.0,0.000,0.002,27.607,23.985,0.00
1786218653,bench_mixed,0.00,0.00,0.0,0.000,0.002,27.607,23.986,0.00
1786218658,bench_mixed,0.00,0.00,0.0,0.000,0.002,27.607,23.989,0.00
1786218663,bench_mixed,0.00,0.00,0.0,0.000,0.002,27.607,23.989,0.00
1786218668,bench_mixed,0.00,0.00,0.0,0.000,0.002,27.607,23.986,0.00
1786218673,bench_mixed,0.00,0.00,0.0,0.000,0.002,27.607,23.987,0.00
1786218678,bench_mixed,0.00,0.00,0.0,0.000,0.002,27.607,23.986,0.00
1786218683,bench_mixed,0.00,0.00,0.0,0.000,0.002,27.607,23.987,0.00
1786218688,bench_mixed,0.00,0.00,0.0,0.000,0.002,27.607,23.987,0.00
1786218694,bench_mixed,0.00,0.00,0.0,0.000,0.002,27.607,23.989,0.00
1786218699,bench_mixed,0.00,0.00,0.0,0.000,0.002,27.607,23.990,0.00
1786218704,bench_mixed,0.00,0.00,0.0,0.000,0.002,27.607,23.990,0.00
1786218709,bench_mixed,0.00,0.00,0.0,0.000,0.002,27.607,22.766,0.00
1786218714,bench_mixed,0.00,0.00,0.0,0.000,0.002,27.607,22.766,0.00
1786218719,bench_mixed,0.00,0.00,0.0,0.000,0.002,27.607,22.764,0.00
1786218724,bench_mixed,0.00,0.00,0.0,0.000,0.002,27.607,22.764,0.00
1786218729,bench_mixed,0.00,0.00,0.0,0.000,0.002,27.607,22.763,0.00
1786218734,bench_mixed,0.00,0.00,0.0,0.000,0.002,27.607,22.763,0.00
1786218739,bench_mixed,0.00,0.00,0.0,0.000,0.002,27.607,22.763,0.00
1786218744,bench_mixed,0.00,0.00,0.0,0.000,0.002,27.607,22.764,0.00
1786218749,bench_mixed,0.00,0.00,0.0,0.000,0.002,27.607,22.762,0.00
1786218754,bench_mixed,0.00,0.00,0.0,0.000,0.002,27.607,22.762,0.00
1786218759,bench_mixed,0.00,0.00,0.0,0.000,0.002,27.607,22.761,0.00
1786218764,bench_mixed,0.00,0.00,0.0,0.000,0.002,27.607,22.761,0.00
1786218769,bench_mixed,0.00,0.00,0.0,0.000,0.002,27.607,22.761,0.00
1786218774,bench_mixed,0.00,0.00,0.0,0.000,0.002,27.607,22.761,0.00
1786218779,bench_mixed,0.00,0.00,0.0,0.000,0.002,27.607,22.763,0.00
1786218784,bench_mixed,0.00,0.00,0.0,0.000,0.002,27.607,22.763,0.00
1786218790,bench_mixed,0.00,0.00,0.0,0.000,0.002,27.607,22.764,0.00
1786218795,bench_mixed,0.00,0.00,0.0,0.000,0.002,27.607,22.765,0.00
1786218800,bench_mixed,0.00,0.00,0.0,0.000,0.002,27.607,22.766,0.00
1786218805,bench_mixed,0.00,0.00,0.0,0.000,0.002,27.607,22.766,0.00
1786218810,bench_mixed,0.00,0.00,0.0,0.000,0.002,27.607,22.765,0.00
1786218815,bench_mixed,0.00,0.00,0.0,0.000,0.002,27.607,22.766,0.00
1786218820,bench_mixed,0.00,0.00,0.0,0.000,0.002,27.607,22.760,0.03
1786218825,bench_mixed,0.00,0.00,0.0,0.000,0.002,27.607,22.759,0.00
1786218830,bench_mixed,0.00,0.00,0.0,0.000,0.002,27.607,22.758,0.00
1786218835,bench_mixed,0.00,0.00,0.0,0.000,0.002,27.607,22.760,0.00
1786218840,bench_mixed,0.00,0.00,0.0,0.000,0.002,27.607,22.760,0.00
1786218845,bench_mixed,0.00,0.00,0.0,0.000,0.002,27.607,22.762,0.00
1786218850,bench_mixed,0.00,0.00,0.0,0.000,0.002,27.607,22.762,0.00
1786218855,bench_mixed,0.00,0.00,0.0,0.000,0.002,27.607,22.767,0.00
1786218860,bench_mixed,0.00,0.00,0.0,0.000,0.002,27.607,22.768,0.00
1786218865,bench_mixed,0.00,0.00,0.0,0.000,0.002,27.607,22.767,0.00
1786218870,bench_mixed,0.00,0.00,0.0,0.000,0.002,27.607,22.766,0.00
1786218875,bench_mixed,0.00,0.00,0.0,0.000,0.002,27.607,22.766,0.00
1786218881,bench_mixed,0.00,0.00,0.0,0.000,0.002,27.607,22.766,0.00
1786218886,bench_mixed,0.00,0.00,0.0,0.000,0.002,27.607,22.766,0.00
1786218891,bench_mixed,0.00,0.00,0.0,0.000,0.002,27.607,22.765,0.00
1786218896,bench_mixed,0.00,0.00,0.0,0.000,0.002,27.607,22.765,0.00
1786218901,bench_mixed,0.00,0.00,0.0,0.000,0.002,27.607,22.766,0.00
1786218906,bench_mixed,0.00,0.00,0.0,0.000,0.002,27.607,22.763,0.00
1786218911,bench_mixed,0.00,0.00,0.0,0.000,0.002,27.607,22.763,0.00
1786218916,bench_mixed,0.00,0.00,0.0,0.000,0.002,27.607,22.763,0.00
1786218921,bench_mixed,0.00,0.00,0.0,0.000,0.002,27.607,22.762,0.00
1786218926,bench_mixed,0.00,0.00,0.0,0.000,0.002,27.607,22.764,0.00
1786218931,bench_mixed,0.00,0.00,0.0,0.000,0.002,27.607,22.764,0.00
1786218936,bench_mixed,0.00,0.00,0.0,0.000,0.002,27.607,22.765,0.00
1786218941,bench_mixed,0.00,0.00,0.0,0.000,0.002,27.607,22.766,0.00
1786218946,bench_mixed,0.00,0.00,0.0,0.000,0.002,27.607,22.765,0.00
1786218951,bench_mixed,0.00,0.00,0.0,0.000,0.002,27.607,22.765,0.00
1786218956,bench_mixed,0.00,0.00,0.0,0.000,0.002,27.607,22.766,0.00
1786218961,bench_mixed,0.00,0.00,0.0,0.000,0.002,27.607,22.766,0.00
1786218966,bench_mixed,0.00,0.00,0.0,0.000,0.002,27.607,22.767,0.00
1786218971,bench_mixed,0.00,0.00,0.0,0.000,0.002,27.607,22.767,0.00
1786218977,bench_mixed,0.00,0.00,0.0,0.000,0.002,27.607,22.767,0.00
1786218982,bench_mixed,0.00,0.00,0.0,0.000,0.002,27.607,22.767,0.00
1786218987,bench_mixed,0.00,0.00,0.0,0.000,0.002,27.607,22.767,0.00
1786218992,bench_mixed,0.00,0.00,0.0,0.000,0.002,27.607,22.767,0.00
1786218997,bench_mixed,0.00,0.00,0.0,0.000,0.002,27.607,22.769,0.00
1786219002,bench_mixed,0.00,0.00,0.0,0.000,0.002,27.607,22.770,0.00
1786219007,bench_mixed,0.00,0.00,0.0,0.000,0.002,27.607,22.771,0.00
1786219012,bench_mixed,0.00,0.00,0.0,0.000,0.002,27.607,22.772,0.00
1786219017,bench_mixed,0.00,0.00,0.0,0.000,0.002,27.607,22.770,0.00
1786219022,bench_mixed,0.00,0.00,0.0,0.000,0.002,27.607,22.770,0.00
1786219027,bench_mixed,0.00,0.00,0.0,0.000,0.002,27.607,22.771,0.00
1786219032,bench_mixed,0.00,0.00,0.0,0.000,0.002,27.607,22.772,0.00
1786219037,bench_mixed,0.00,0.00,0.0,0.000,0.002,27.607,22.773,0.00
1786219042,bench_mixed,0.00,0.00,0.0,0.000,0.002,27.607,22.774,0.00
1786219047,bench_mixed,0.00,0.00,0.0,0.000,0.002,27.607,22.771,0.00
1786219052,bench_mixed,0.00,0.00,0.0,0.000,0.002,27.607,22.772,0.00
1786219057,bench_mixed,0.00,0.00,0.0,0.000,0.002,27.607,22.772,0.00
1786219062,bench_mixed,0.00,0.00,0.0,0.000,0.002,27.607,22.772,0.00
1786219068,bench_mixed,0.00,0.00,0.0,0.000,0.002,27.607,22.774,0.00
1786219073,bench_mixed,0.00,0.00,0.0,0.000,0.002,27.607,22.774,0.00
1786219078,bench_mixed,0.00,0.00,0.0,0.000,0.002,27.607,22.773,0.00
1786219083,bench_mixed,0.00,0.00,0.0,0.000,0.002,27.607,22.774,0.00
1786219088,bench_mixed,0.00,0.00,0.0,0.000,0.002,27.607,22.773,0.00
1786219093,bench_mixed,0.00,0.00,0.0,0.000,0.002,27.607,22.774,0.00
1786219098,bench_mixed,0.00,0.00,0.0,0.000,0.002,27.607,22.770,0.00
1786219103,bench_mixed,0.00,0.00,0.0,0.000,0.002,27.607,22.770,0.00
1786219108,bench_mixed,0.00,0.00,0.0,0.000,0.002,27.607,22.770,0.00
1786219113,bench_mixed,0.00,0.00,0.0,0.000,0.002,27.607,22.769,0.00
1786219118,bench_mixed,0.00,0.00,0.0,0.000,0.002,27.607,22.763,0.01
1786219123,bench_mixed,0.00,0.00,0.0,0.000,0.002,27.607,22.761,0.02
1786219128,bench_mixed,0.00,0.00,0.0,0.000,0.002,27.607,22.760,0.00
1786219133,bench_mixed,0.00,0.00,0.0,0.000,0.002,27.607,22.761,0.00
1786219138,bench_mixed,0.00,0.00,0.0,0.000,0.002,27.607,22.763,0.00
1786219143,bench_mixed,0.00,0.00,0.0,0.000,0.002,27.607,22.764,0.00
1786219148,bench_mixed,0.00,0.00,0.0,0.000,0.002,27.607,22.765,0.00
1786219153,bench_mixed,0.00,0.00,0.0,0.000,0.002,27.607,22.766,0.00
1786219158,bench_mixed,0.00,0.00,0.0,0.000,0.002,27.607,22.768,0.00
1786219164,bench_mixed,0.00,0.00,0.0,0.000,0.002,27.607,22.768,0.00
1786219169,bench_mixed,0.00,0.00,0.0,0.000,0.002,27.607,22.767,0.00
1786219174,bench_mixed,0.00,0.00,0.0,0.000,0.002,27.607,22.767,0.00
1786219179,bench_mixed,0.00,0.00,0.0,0.000,0.002,27.607,22.770,0.00
1786219184,bench_mixed,0.00,0.00,0.0,0.000,0.002,27.607,22.768,0.00
1786219189,bench_mixed,0.00,0.00,0.0,0.000,0.002,27.607,22.768,0.00
1786219194,bench_mixed,0.00,0.00,0.0,0.000,0.002,27.607,22.769,0.00
1786219199,bench_mixed,0.00,0.00,0.0,0.000,0.002,27.607,22.769,0.00
1786219204,bench_mixed,0.00,0.00,0.0,0.000,0.002,27.607,22.771,0.00
1786219209,bench_mixed,0.00,0.00,0.0,0.000,0.002,27.607,22.771,0.00
1786219214,bench_mixed,0.00,0.00,0.0,0.000,0.002,27.607,22.770,0.00
1786219219,bench_mixed,0.00,0.00,0.0,0.000,0.002,27.607,22.771,0.00
1786219224,bench_mixed,0.00,0.00,0.0,0.000,0.002,27.607,22.771,0.00
1786219229,bench_mixed,0.00,0.00,0.0,0.000,0.002,27.607,22.772,0.00
1786219234,bench_mixed,0.00,0.00,0.0,0.000,0.002,27.607,22.772,0.00
1786219239,bench_mixed,0.00,0.00,0.0,0.000,0.002,27.607,22.773,0.00
1786219244,bench_mixed,0.00,0.00,0.0,0.000,0.002,27.607,22.774,0.00
1786219249,bench_mixed,0.00,0.00,0.0,0.000,0.002,27.607,22.774,0.00
1786219255,bench_mixed,0.00,0.00,0.0,0.000,0.002,27.607,22.775,0.00
1786219260,bench_mixed,0.00,0.00,0.0,0.000,0.002,27.607,22.775,0.00
1786219265,bench_mixed,0.00,0.00,0.0,0.000,0.002,27.607,22.775,0.00
1786219270,bench_mixed,0.00,0.00,0.0,0.000,0.002,27.607,22.775,0.00
1786219275,bench_mixed,0.00,0.00,0.0,0.000,0.002,27.607,22.776,0.00
1786219280,bench_mixed,0.00,0.00,0.0,0.000,0.002,27.607,22.776,0.00
1786219285,bench_mixed,0.00,0.00,0.0,0.000,0.002,27.607,22.776,0.00
1786219290,bench_mixed,0.00,0.00,0.0,0.000,0.002,27.607,22.776,0.00
1786219295,bench_mixed,0.00,0.00,0.0,0.000,0.002,27.607,22.775,0.00
1786219300,bench_mixed,0.00,0.00,0.0,0.000,0.002,27.607,22.774,0.00
1786219305,bench_mixed,0.00,0.00,0.0,0.000,0.002,27.607,22.774,0.00
1786219310,bench_mixed,0.00,0.00,0.0,0.000,0.002,27.607,22.773,0.00
1786219315,bench_mixed,0.00,0.00,0.0,0.000,0.002,27.607,22.773,0.00
1786219320,bench_mixed,0.00,0.00,0.0,0.000,0.002,27.607,22.773,0.00
1786219325,bench_mixed,0.00,0.00,0.0,0.000,0.002,27.607,22.772,0.00
1786219330,bench_mixed,0.00,0.00,0.0,0.000,0.002,27.607,22.772,0.00
1786219335,bench_mixed,0.00,0.00,0.0,0.000,0.002,27.607,22.770,0.00
1786219340,bench_mixed,0.00,0.00,0.0,0.000,0.002,27.607,22.771,0.00
1786219345,bench_mixed,0.00,0.00,0.0,0.000,0.002,27.607,22.770,0.00
1786219351,bench_mixed,0.00,0.00,0.0,0.000,0.002,27.607,22.770,0.00
1786219356,bench_mixed,0.00,0.00,0.0,0.000,0.002,27.607,22.770,0.00
1786219361,bench_mixed,0.00,0.00,0.0,0.000,0.002,27.607,22.771,0.00
1786219366,bench_mixed,0.00,0.00,0.0,0.000,0.002,27.607,22.768,0.00
1786219371,bench_mixed,0.00,0.00,0.0,0.000,0.002,27.607,22.768,0.00
1786219376,bench_mixed,0.00,0.00,0.0,0.000,0.002,27.607,22.770,0.00
1786219381,bench_mixed,0.00,0.00,0.0,0.000,0.002,27.607,22.770,0.00
1786219386,bench_mixed,0.00,0.00,0.0,0.000,0.002,27.607,22.769,0.00
1786219391,bench_mixed,0.00,0.00,0.0,0.000,0.002,27.607,22.769,0.00
1786219396,bench_mixed,0.00,0.00,0.0,0.000,0.002,27.607,22.768,0.00
1786219401,bench_mixed,0.00,0.00,0.0,0.000,0.002,27.607,22.768,0.00
1786219406,bench_mixed,0.00,0.00,0.0,0.000,0.002,27.607,22.768,0.00
1786219411,bench_mixed,0.00,0.00,0.0,0.000,0.002,27.607,22.769,0.00
1786219416,bench_mixed,0.00,0.00,0.0,0.000,0.002,27.607,22.766,0.00
1786219421,bench_mixed,0.00,0.00,0.0,0.000,0.002,27.607,22.756,0.03
1786219426,bench_mixed,0.00,0.00,0.0,0.000,0.002,27.607,22.758,0.00
1786219431,bench_mixed,0.00,0.00,0.0,0.000,0.002,27.607,22.758,0.00
1786219436,bench_mixed,0.00,0.00,0.0,0.000,0.002,27.607,22.760,0.00
1786219441,bench_mixed,0.00,0.00,0.0,0.000,0.002,27.607,22.762,0.00
1786219447,bench_mixed,0.00,0.00,0.0,0.000,0.002,27.607,22.762,0.00
1786219452,bench_mixed,0.00,0.00,0.0,0.000,0.002,27.607,22.763,0.00
1786219457,bench_mixed,0.00,0.00,0.0,0.000,0.002,27.607,22.764,0.00
1786219462,bench_mixed,0.00,0.00,0.0,0.000,0.002,27.607,22.765,0.00
1786219467,bench_mixed,0.00,0.00,0.0,0.000,0.002,27.607,22.766,0.00
1786219472,bench_mixed,0.00,0.00,0.0,0.000,0.002,27.607,22.767,0.00
1786219477,bench_mixed,0.00,0.00,0.0,0.000,0.002,27.607,22.769,0.00
1786219482,bench_mixed,0.00,0.00,0.0,0.000,0.002,27.607,22.769,0.00
1786219487,bench_mixed,0.00,0.00,0.0,0.000,0.002,27.607,22.766,0.00
1786219492,bench_mixed,0.00,0.00,0.0,0.000,0.002,27.607,22.766,0.00
1786219497,bench_mixed,0.00,0.00,0.0,0.000,0.002,27.607,22.766,0.00
1786219502,bench_mixed,0.00,0.00,0.0,0.000,0.002,27.607,22.766,0.00
1786219507,bench_mixed,0.00,0.00,0.0,0.000,0.002,27.607,22.765,0.00
1786219512,bench_mixed,0.00,0.00,0.0,0.000,0.002,27.607,22.766,0.00
1786219517,bench_mixed,0.00,0.00,0.0,0.000,0.002,27.607,22.765,0.00
1786219522,bench_mixed,0.00,0.00,0.0,0.000,0.002,27.607,22.766,0.00
1786219527,bench_mixed,0.00,0.00,0.0,0.000,0.002,27.607,22.766,0.00
1786219532,bench_mixed,0.00,0.00,0.0,0.000,0.002,27.607,22.766,0.00
1786219538,bench_mixed,0.00,0.00,0.0,0.000,0.002,27.607,22.771,0.00
1786219543,bench_mixed,0.00,0.00,0.0,0.000,0.002,27.607,22.770,0.00
1786219548,bench_mixed,0.00,0.00,0.0,0.000,0.002,27.607,22.771,0.00
1786219553,bench_mixed,0.00,0.00,0.0,0.000,0.002,27.607,22.771,0.00
1786219558,bench_mixed,0.00,0.00,0.0,0.000,0.002,27.607,22.771,0.00
1786219563,bench_mixed,0.00,0.00,0.0,0.000,0.002,27.607,22.769,0.00
1786219568,bench_mixed,0.00,0.00,0.0,0.000,0.002,27.607,22.769,0.00
1786219573,bench_mixed,0.00,0.00,0.0,0.000,0.002,27.607,22.771,0.00
1786219578,bench_mixed,0.00,0.00,0.0,0.000,0.002,27.607,22.772,0.00
1786219583,bench_mixed,0.00,0.00,0.0,0.000,0.002,27.607,22.771,0.00
1786219588,bench_mixed,0.00,0.00,0.0,0.000,0.002,27.607,22.770,0.00
1786219593,bench_mixed,0.00,0.00,0.0,0.000,0.002,27.607,22.768,0.00
1786219598,bench_mixed,0.00,0.00,0.0,0.000,0.002,27.607,22.768,0.00
1786219603,bench_mixed,0.00,0.00,0.0,0.000,0.002,27.607,22.771,0.00
1786219608,bench_mixed,0.00,0.00,0.0,0.000,0.002,27.607,22.771,0.00
1786219613,bench_mixed,0.00,0.00,0.0,0.000,0.002,27.607,22.771,0.00
1786219618,bench_mixed,0.00,0.00,0.0,0.000,0.002,27.607,22.772,0.00
1786219623,bench_mixed,0.00,0.00,0.0,0.000,0.002,27.607,22.771,0.00
1786219628,bench_mixed,0.00,0.00,0.0,0.000,0.002,27.607,22.771,0.00
1786219634,bench_mixed,0.00,0.00,0.0,0.000,0.002,27.607,22.772,0.00
1786219639,bench_mixed,0.00,0.00,0.0,0.000,0.002,27.607,22.773,0.00
1786219644,bench_mixed,0.00,0.00,0.0,0.000,0.002,27.607,22.773,0.00
1786219649,bench_mixed,0.00,0.00,0.0,0.000,0.002,27.607,22.774,0.00
1786219654,bench_mixed,0.00,0.00,0.0,0.000,0.002,27.607,22.772,0.00
1786219659,bench_mixed,0.00,0.00,0.0,0.000,0.002,27.607,22.772,0.00
1786219664,bench_mixed,0.00,0.00,0.0,0.000,0.002,27.607,22.775,0.00
1786219669,bench_mixed,0.00,0.00,0.0,0.000,0.002,27.607,22.775,0.00
1786219674,bench_mixed,0.00,0.00,0.0,0.000,0.002,27.607,22.774,0.00
1786219679,bench_mixed,0.00,0.00,0.0,0.000,0.002,27.607,22.774,0.00
1786219684,bench_mixed,0.00,0.00,0.0,0.000,0.002,27.607,22.773,0.00
1786219689,bench_mixed,0.00,0.00,0.0,0.000,0.002,27.607,22.773,0.00
1786219694,bench_mixed,0.00,0.00,0.0,0.000,0.002,27.607,22.771,0.00
1786219699,bench_mixed,0.00,0.00,0.0,0.000,0.002,27.607,22.774,0.00
1786219704,bench_mixed,0.00,0.00,0.0,0.000,0.002,27.607,22.773,0.00
1786219709,bench_mixed,0.00,0.00,0.0,0.000,0.002,27.607,22.774,0.00
1786219714,bench_mixed,0.00,0.00,0.0,0.000,0.002,27.607,22.773,0.00
1786219719,bench_mixed,0.00,0.00,0.0,0.000,0.002,27.607,22.763,0.03
1786219724,bench_mixed,0.00,0.00,0.0,0.000,0.002,27.607,22.764,0.00
1786219730,bench_mixed,0.00,0.00,0.0,0.000,0.002,27.607,22.764,0.00
1786219735,bench_mixed,0.00,0.00,0.0,0.000,0.002,27.607,22.764,0.00
1786219740,bench_mixed,0.00,0.00,0.0,0.000,0.002,27.607,22.763,0.00
1786219745,bench_mixed,0.00,0.00,0.0,0.000,0.002,27.607,22.767,0.00
1786219750,bench_mixed,0.00,0.00,0.0,0.000,0.002,27.607,22.767,0.00
1786219755,bench_mixed,0.00,0.00,0.0,0.000,0.002,27.607,22.768,0.00
1786219760,bench_mixed,0.00,0.00,0.0,0.000,0.002,27.607,22.768,0.00
1786219765,bench_mixed,0.00,0.00,0.0,0.000,0.002,27.607,22.769,0.00
1786219770,bench_mixed,0.00,0.00,0.0,0.000,0.002,27.607,22.768,0.00
1786219775,bench_mixed,0.00,0.00,0.0,0.000,0.002,27.607,22.765,0.00
1786219780,bench_mixed,0.00,0.00,0.0,0.000,0.002,27.607,22.765,0.00
1786219785,bench_mixed,0.00,0.00,0.0,0.000,0.002,27.607,22.766,0.00
1786219790,bench_mixed,0.00,0.00,0.0,0.000,0.002,27.607,22.766,0.00
1786219795,bench_mixed,0.00,0.00,0.0,0.000,0.002,27.607,22.768,0.00
1786219800,bench_mixed,0.00,0.00,0.0,0.000,0.002,27.607,22.768,0.00
1786219805,bench_mixed,0.00,0.00,0.0,0.000,0.002,27.607,22.769,0.00
1786219810,bench_mixed,0.00,0.00,0.0,0.000,0.002,27.607,22.769,0.00
1786219815,bench_mixed,0.00,0.00,0.0,0.000,0.002,27.607,22.771,0.00
1786219820,bench_mixed,0.00,0.00,0.0,0.000,0.002,27.607,22.773,0.00
1786219826,bench_mixed,0.00,0.00,0.0,0.000,0.002,27.607,22.772,0.00
1786219831,bench_mixed,0.00,0.00,0.0,0.000,0.002,27.607,22.773,0.00
1786219836,bench_mixed,0.00,0.00,0.0,0.000,0.002,27.607,22.774,0.00
1786219841,bench_mixed,0.00,0.00,0.0,0.000,0.002,27.607,22.773,0.00
1786219846,bench_mixed,0.00,0.00,0.0,0.000,0.002,27.607,22.772,0.00
1786219851,bench_mixed,0.00,0.00,0.0,0.000,0.002,27.607,22.772,0.00
1786219856,bench_mixed,0.00,0.00,0.0,0.000,0.002,27.607,22.771,0.00
1786219861,bench_mixed,0.00,0.00,0.0,0.000,0.002,27.607,22.771,0.00
1786219866,bench_mixed,0.00,0.00,0.0,0.000,0.002,27.607,22.771,0.00
1786219871,bench_mixed,0.00,0.00,0.0,0.000,0.002,27.607,22.771,0.00
1786219876,bench_mixed,0.00,0.00,0.0,0.000,0.002,27.607,22.771,0.00
1786219881,bench_mixed,0.00,0.00,0.0,0.000,0.002,27.607,22.772,0.00
1786219886,bench_mixed,0.00,0.00,0.0,0.000,0.002,27.607,22.771,0.00
1786219891,bench_mixed,0.00,0.00,0.0,0.000,0.002,27.607,22.770,0.00
1786219896,bench_mixed,0.00,0.00,0.0,0.000,0.002,27.607,22.771,0.00
1786219901,bench_mixed,0.00,0.00,0.0,0.000,0.002,27.607,22.772,0.00
1786219906,bench_mixed,0.00,0.00,0.0,0.000,0.002,27.607,22.772,0.00
1786219911,bench_mixed,0.00,0.00,0.0,0.000,0.002,27.607,22.772,0.00
1786219916,bench_mixed,0.00,0.00,0.0,0.000,0.002,27.607,22.773,0.00
1786219922,bench_mixed,0.00,0.00,0.0,0.000,0.002,27.607,22.773,0.00
1786219927,bench_mixed,0.00,0.00,0.0,0.000,0.002,27.607,22.772,0.00
1786219932,bench_mixed,0.00,0.00,0.0,0.000,0.002,27.607,22.769,0.00
1786219937,bench_mixed,0.00,0.00,0.0,0.000,0.002,27.607,22.769,0.00
1786219942,bench_mixed,0.00,0.00,0.0,0.000,0.002,27.607,22.770,0.00
1786219947,bench_mixed,0.00,0.00,0.0,0.000,0.002,27.607,22.770,0.00
1786219952,bench_mixed,0.00,0.00,0.0,0.000,0.002,27.607,22.771,0.00
1786219957,bench_mixed,0.00,0.00,0.0,0.000,0.002,27.607,22.771,0.00
1786219962,bench_mixed,0.00,0.00,0.0,0.000,0.002,27.607,22.771,0.00
1786219967,bench_mixed,0.00,0.00,0.0,0.000,0.002,27.607,22.771,0.00
1786219972,bench_mixed,0.00,0.00,0.0,0.000,0.002,27.607,22.771,0.00
1786219977,bench_mixed,0.00,0.00,0.0,0.000,0.002,27.607,22.771,0.00
1786219982,bench_mixed,0.00,0.00,0.0,0.000,0.002,27.607,22.769,0.00
1786219987,bench_mixed,0.00,0.00,0.0,0.000,0.002,27.607,22.769,0.00
1786219992,bench_mixed,0.00,0.00,0.0,0.000,0.002,27.607,22.769,0.00
1786219997,bench_mixed,0.00,0.00,0.0,0.000,0.002,27.607,22.768,0.00
1786220002,bench_mixed,0.00,0.00,0.0,0.000,0.002,27.607,22.773,0.00
1786220007,bench_mixed,0.00,0.00,0.0,0.000,0.002,27.607,22.774,0.00
1786220012,bench_mixed,0.00,0.00,0.0,0.000,0.002,27.607,22.772,0.00
1786220018,bench_mixed,0.00,0.00,0.0,0.000,0.002,27.607,22.773,0.00
1786220023,bench_mixed,0.00,0.00,0.0,0.000,0.002,27.607,22.763,0.03
1786220028,bench_mixed,0.00,0.00,0.0,0.000,0.002,27.607,22.763,0.00
1786220033,bench_mixed,0.00,0.00,0.0,0.000,0.002,27.607,22.766,0.00
1786220038,bench_mixed,0.00,0.00,0.0,0.000,0.002,27.607,22.766,0.00
1786220043,bench_mixed,0.00,0.00,0.0,0.000,0.002,27.607,22.765,0.00
1786220048,bench_mixed,0.00,0.00,0.0,0.000,0.002,27.607,22.764,0.00
1786220053,bench_mixed,0.00,0.00,0.0,0.000,0.002,27.607,22.765,0.00
1786220058,bench_mixed,0.00,0.00,0.0,0.000,0.002,27.607,22.765,0.00
1786220063,bench_mixed,0.00,0.00,0.0,0.000,0.002,27.607,22.765,0.00
1786220068,bench_mixed,0.00,0.00,0.0,0.000,0.002,27.607,22.765,0.00
1786220073,bench_mixed,0.00,0.00,0.0,0.000,0.002,27.607,22.763,0.00
1786220078,bench_mixed,0.00,0.00,0.0,0.000,0.002,27.607,22.763,0.00
1786220083,bench_mixed,0.00,0.00,0.0,0.000,0.002,27.607,22.764,0.00
1786220088,bench_mixed,0.00,0.00,0.0,0.000,0.002,27.607,22.764,0.00
1786220093,bench_mixed,0.00,0.00,0.0,0.000,0.002,27.607,22.765,0.00
1786220098,bench_mixed,0.00,0.00,0.0,0.000,0.002,27.607,22.766,0.00
1786220103,bench_mixed,0.00,0.00,0.0,0.000,0.002,27.607,22.765,0.00
1786220108,bench_mixed,0.00,0.00,0.0,0.000,0.002,27.607,22.765,0.00
1786220114,bench_mixed,0.00,0.00,0.0,0.000,0.002,27.607,22.766,0.00
1786220119,bench_mixed,0.00,0.00,0.0,0.000,0.002,27.607,22.768,0.00
1786220124,bench_mixed,0.00,0.00,0.0,0.000,0.002,27.607,22.769,0.00
1786220129,bench_mixed,0.00,0.00,0.0,0.000,0.002,27.607,22.768,0.00
1786220134,bench_mixed,0.00,0.00,0.0,0.000,0.002,27.607,22.766,0.00
1786220139,bench_mixed,0.00,0.00,0.0,0.000,0.002,27.607,22.765,0.00
1786220144,bench_mixed,0.00,0.00,0.0,0.000,0.002,27.607,22.765,0.00
1786220149,bench_mixed,0.00,0.00,0.0,0.000,0.002,27.607,22.766,0.00
1786220154,bench_mixed,0.00,0.00,0.0,0.000,0.002,27.607,22.767,0.00
1786220159,bench_mixed,0.00,0.00,0.0,0.000,0.002,27.607,22.767,0.00
1786220164,bench_mixed,0.00,0.00,0.0,0.000,0.002,27.607,22.769,0.00
1786220169,bench_mixed,0.00,0.00,0.0,0.000,0.002,27.607,22.769,0.00
1786220174,bench_mixed,0.00,0.00,0.0,0.000,0.002,27.607,22.767,0.00
1786220179,bench_mixed,0.00,0.00,0.0,0.000,0.002,27.607,22.767,0.00
1786220184,bench_mixed,0.00,0.00,0.0,0.000,0.002,27.607,22.768,0.00
1786220189,bench_mixed,0.00,0.00,0.0,0.000,0.002,27.607,22.769,0.00
1786220194,bench_mixed,0.00,0.00,0.0,0.000,0.002,27.607,22.767,0.00
1786220199,bench_mixed,0.00,0.00,0.0,0.000,0.002,27.607,22.768,0.00
1786220204,bench_mixed,0.00,0.00,0.0,0.000,0.002,27.607,22.765,0.00
1786220210,bench_mixed,0.00,0.00,0.0,0.000,0.002,27.607,22.765,0.00
1786220215,bench_mixed,0.00,0.00,0.0,0.000,0.002,27.607,22.766,0.00
1786220220,bench_mixed,0.00,0.00,0.0,0.000,0.002,27.607,22.766,0.00
1786220225,bench_mixed,0.00,0.00,0.0,0.000,0.002,27.607,22.768,0.00
1786220230,bench_mixed,0.00,0.00,0.0,0.000,0.002,27.607,22.768,0.00
1786220235,bench_mixed,0.00,0.00,0.0,0.000,0.002,27.607,22.766,0.00
1786220240,bench_mixed,0.00,0.00,0.0,0.000,0.002,27.607,22.766,0.00
1786220245,bench_mixed,0.00,0.00,0.0,0.000,0.002,27.607,22.766,0.00
1786220250,bench_mixed,0.00,0.00,0.0,0.000,0.002,27.607,22.765,0.00
1786220255,bench_mixed,0.00,0.00,0.0,0.000,0.002,27.607,22.766,0.00
1786220260,bench_mixed,0.00,0.00,0.0,0.000,0.002,27.607,22.766,0.00
1786220265,bench_mixed,0.00,0.00,0.0,0.000,0.002,27.607,22.766,0.00
1786220270,bench_mixed,0.00,0.00,0.0,0.000,0.002,27.607,22.767,0.00
1786220275,bench_mixed,0.00,0.00,0.0,0.000,0.002,27.607,22.767,0.00
1786220280,bench_mixed,0.00,0.00,0.0,0.000,0.002,27.607,22.766,0.00
1786220285,bench_mixed,0.00,0.00,0.0,0.000,0.002,27.607,22.766,0.00
1786220290,bench_mixed,0.00,0.00,0.0,0.000,0.002,27.607,22.765,0.00
1786220295,bench_mixed,0.00,0.00,0.0,0.000,0.002,27.607,22.765,0.00
1786220300,bench_mixed,0.00,0.00,0.0,0.000,0.002,27.607,22.765,0.00
1786220306,bench_mixed,0.00,0.00,0.0,0.000,0.002,27.607,22.765,0.00
1786220311,bench_mixed,0.00,0.00,0.0,0.000,0.002,27.607,22.766,0.00
1786220316,bench_mixed,0.00,0.00,0.0,0.000,0.002,27.607,22.767,0.00
1786220321,bench_mixed,0.00,0.00,0.0,0.000,0.002,27.607,22.755,0.03
1786220326,bench_mixed,0.00,0.00,0.0,0.000,0.002,27.607,22.756,0.00
1786220331,bench_mixed,0.00,0.00,0.0,0.000,0.002,27.607,22.756,0.00
1786220336,bench_mixed,0.00,0.00,0.0,0.000,0.002,27.607,22.756,0.00
1786220341,bench_mixed,0.00,0.00,0.0,0.000,0.002,27.607,22.758,0.00
1786220346,bench_mixed,0.00,0.00,0.0,0.000,0.002,27.607,22.758,0.00
1786220351,bench_mixed,0.00,0.00,0.0,0.000,0.002,27.607,22.760,0.00
1786220356,bench_mixed,0.00,0.00,0.0,0.000,0.002,27.607,22.761,0.00
1786220361,bench_mixed,0.00,0.00,0.0,0.000,0.002,27.607,22.762,0.00
1786220366,bench_mixed,0.00,0.00,0.0,0.000,0.002,27.607,22.762,0.00
1786220371,bench_mixed,0.00,0.00,0.0,0.000,0.002,27.607,22.764,0.00
1786220376,bench_mixed,0.00,0.00,0.0,0.000,0.002,27.607,22.765,0.00
1786220381,bench_mixed,0.00,0.00,0.0,0.000,0.002,27.607,22.766,0.00
1786220386,bench_mixed,0.00,0.00,0.0,0.000,0.002,27.607,22.766,0.00
1786220391,bench_mixed,0.00,0.00,0.0,0.000,0.002,27.607,22.766,0.00
1786220396,bench_mixed,0.00,0.00,0.0,0.000,0.002,27.607,22.766,0.00
1786220402,bench_mixed,0.00,0.00,0.0,0.000,0.002,27.607,22.767,0.00
1786220407,bench_mixed,0.00,0.00,0.0,0.000,0.002,27.607,22.767,0.00
1786220412,bench_mixed,0.00,0.00,0.0,0.000,0.002,27.607,22.762,0.00
1786220417,bench_mixed,0.00,0.00,0.0,0.000,0.002,27.607,22.762,0.00
1786220422,bench_mixed,0.00,0.00,0.0,0.000,0.002,27.607,22.766,0.00
1786220427,bench_mixed,0.00,0.00,0.0,0.000,0.002,27.607,22.766,0.00
1786220432,bench_mixed,0.00,0.00,0.0,0.000,0.002,27.607,22.764,0.00
1786220437,bench_mixed,0.00,0.00,0.0,0.000,0.002,27.607,22.765,0.00
1786220442,bench_mixed,0.00,0.00,0.0,0.000,0.002,27.607,22.764,0.00
1786220447,bench_mixed,0.00,0.00,0.0,0.000,0.002,27.607,22.765,0.00
1786220452,bench_mixed,0.00,0.00,0.0,0.000,0.002,27.607,22.764,0.00
1786220457,bench_mixed,0.00,0.00,0.0,0.000,0.002,27.607,22.764,0.00
1786220462,bench_mixed,0.00,0.00,0.0,0.000,0.002,27.607,22.766,0.00
1786220467,bench_mixed,0.00,0.00,0.0,0.000,0.002,27.607,22.767,0.00
1786220472,bench_mixed,0.00,0.00,0.0,0.000,0.002,27.607,22.766,0.00
1786220477,bench_mixed,0.00,0.00,0.0,0.000,0.002,27.607,22.767,0.00
1786220482,bench_mixed,0.00,0.00,0.0,0.000,0.002,27.607,22.771,0.00
1786220487,bench_mixed,0.00,0.00,0.0,0.000,0.002,27.607,22.772,0.00
1786220492,bench_mixed,0.00,0.00,0.0,0.000,0.002,27.607,22.772,0.00
1786220498,bench_mixed,0.00,0.00,0.0,0.000,0.002,27.607,22.772,0.00
1786220503,bench_mixed,0.00,0.00,0.0,0.000,0.002,27.607,22.772,0.00
1786220508,bench_mixed,0.00,0.00,0.0,0.000,0.002,27.607,22.772,0.00
1786220513,bench_mixed,0.00,0.00,0.0,0.000,0.002,27.607,22.771,0.00
1786220518,bench_mixed,0.00,0.00,0.0,0.000,0.002,27.607,22.771,0.00
1786220523,bench_mixed,0.00,0.00,0.0,0.000,0.002,27.607,22.772,0.00
1786220528,bench_mixed,0.00,0.00,0.0,0.000,0.002,27.607,22.772,0.00
1786220533,bench_mixed,0.00,0.00,0.0,0.000,0.002,27.607,22.771,0.00
1786220538,bench_mixed,0.00,0.00,0.0,0.000,0.002,27.607,22.771,0.00
1786220543,bench_mixed,0.00,0.00,0.0,0.000,0.002,27.607,22.773,0.00
1786220548,bench_mixed,0.00,0.00,0.0,0.000,0.002,27.607,22.772,0.00
1786220553,bench_mixed,0.00,0.00,0.0,0.000,0.002,27.607,22.776,0.00
1786220558,bench_mixed,0.00,0.00,0.0,0.000,0.002,27.607,22.776,0.00
1786220563,bench_mixed,0.00,0.00,0.0,0.000,0.002,27.607,22.774,0.00
1786220568,bench_mixed,0.00,0.00,0.0,0.000,0.002,27.607,22.774,0.00
1786220573,bench_mixed,0.00,0.00,0.0,0.000,0.002,27.607,22.772,0.00
1786220578,bench_mixed,0.00,0.00,0.0,0.000,0.002,27.607,22.772,0.00
1786220583,bench_mixed,0.00,0.00,0.0,0.000,0.002,27.607,22.773,0.00
1786220588,bench_mixed,0.00,0.00,0.0,0.000,0.002,27.607,22.773,0.00
1786220594,bench_mixed,0.00,0.00,0.0,0.000,0.002,27.607,22.773,0.00
1786220599,bench_mixed,0.00,0.00,0.0,0.000,0.002,27.607,22.774,0.00
1786220604,bench_mixed,0.00,0.00,0.0,0.000,0.002,27.607,22.774,0.00
1786220609,bench_mixed,0.00,0.00,0.0,0.000,0.002,27.607,22.773,0.00
1786220614,bench_mixed,0.00,0.00,0.0,0.000,0.002,27.607,22.773,0.00
1786220619,bench_mixed,0.00,0.00,0.0,0.000,0.002,27.607,22.763,0.02
1786220624,bench_mixed,0.00,0.00,0.0,0.000,0.002,27.607,22.764,0.01
1786220629,bench_mixed,0.00,0.00,0.0,0.000,0.002,27.607,22.765,0.00
1786220634,bench_mixed,0.00,0.00,0.0,0.000,0.002,27.607,22.762,0.00
1786220639,bench_mixed,0.00,0.00,0.0,0.000,0.002,27.607,22.768,0.00
1786220644,bench_mixed,0.00,0.00,0.0,0.000,0.002,27.607,22.768,0.00
1786220649,bench_mixed,0.00,0.00,0.0,0.000,0.002,27.607,22.766,0.00
1786220654,bench_mixed,0.00,0.00,0.0,0.000,0.002,27.607,22.767,0.00
1786220659,bench_mixed,0.00,0.00,0.0,0.000,0.002,27.607,22.769,0.00
1786220664,bench_mixed,0.00,0.00,0.0,0.000,0.002,27.607,22.769,0.00
1786220669,bench_mixed,0.00,0.00,0.0,0.000,0.002,27.607,22.769,0.00
1786220674,bench_mixed,0.00,0.00,0.0,0.000,0.002,27.607,22.769,0.00
1786220679,bench_mixed,0.00,0.00,0.0,0.000,0.002,27.607,22.770,0.00
1786220685,bench_mixed,0.00,0.00,0.0,0.000,0.002,27.607,22.771,0.00
1786220690,bench_mixed,0.00,0.00,0.0,0.000,0.002,27.607,22.769,0.00
1786220695,bench_mixed,0.00,0.00,0.0,0.000,0.002,27.607,22.769,0.00
1786220700,bench_mixed,0.00,0.00,0.0,0.000,0.002,27.607,22.768,0.00
1786220705,bench_mixed,0.00,0.00,0.0,0.000,0.002,27.607,22.768,0.00
1786220710,bench_mixed,0.00,0.00,0.0,0.000,0.002,27.607,22.769,0.00
1786220715,bench_mixed,0.00,0.00,0.0,0.000,0.002,27.607,22.769,0.00
1786220720,bench_mixed,0.00,0.00,0.0,0.000,0.002,27.607,22.770,0.00
1786220725,bench_mixed,0.00,0.00,0.0,0.000,0.002,27.607,22.769,0.00
1786220730,bench_mixed,0.00,0.00,0.0,0.000,0.002,27.607,22.770,0.00
1786220735,bench_mixed,0.00,0.00,0.0,0.000,0.002,27.607,22.771,0.00
1786220740,bench_mixed,0.00,0.00,0.0,0.000,0.002,27.607,22.773,0.00
1786220745,bench_mixed,0.00,0.00,0.0,0.000,0.002,27.607,22.773,0.00
1786220750,bench_mixed,0.00,0.00,0.0,0.000,0.002,27.607,22.773,0.00
1786220755,bench_mixed,0.00,0.00,0.0,0.000,0.002,27.607,22.773,0.00
1786220760,bench_mixed,0.00,0.00,0.0,0.000,0.002,27.607,22.771,0.00
1786220765,bench_mixed,0.00,0.00,0.0,0.000,0.002,27.607,22.771,0.00
1786220770,bench_mixed,0.00,0.00,0.0,0.000,0.002,27.607,22.768,0.00
1786220775,bench_mixed,0.00,0.00,0.0,0.000,0.002,27.607,22.769,0.00
1786220781,bench_mixed,0.00,0.00,0.0,0.000,0.002,27.607,22.768,0.00
1786220786,bench_mixed,0.00,0.00,0.0,0.000,0.002,27.607,22.768,0.00
1786220791,bench_mixed,0.00,0.00,0.0,0.000,0.002,27.607,22.765,0.00
1786220796,bench_mixed,0.00,0.00,0.0,0.000,0.002,27.607,22.766,0.00
1786220801,bench_mixed,0.00,0.00,0.0,0.000,0.002,27.607,22.769,0.00
1786220806,bench_mixed,0.00,0.00,0.0,0.000,0.002,27.607,22.770,0.00
1786220811,bench_mixed,0.00,0.00,0.0,0.000,0.002,27.607,22.773,0.00
1786220816,bench_mixed,0.00,0.00,0.0,0.000,0.002,27.607,22.773,0.00
1786220821,bench_mixed,0.00,0.00,0.0,0.000,0.002,27.607,22.772,0.00
1786220826,bench_mixed,0.00,0.00,0.0,0.000,0.002,27.607,22.772,0.00
1786220831,bench_mixed,0.00,0.00,0.0,0.000,0.002,27.607,22.771,0.00
1786220836,bench_mixed,0.00,0.00,0.0,0.000,0.002,27.607,22.771,0.00
1786220841,bench_mixed,0.00,0.00,0.0,0.000,0.002,27.607,22.770,0.00
1786220846,bench_mixed,0.00,0.00,0.0,0.000,0.002,27.607,22.771,0.00
1786220851,bench_mixed,0.00,0.00,0.0,0.000,0.002,27.607,22.772,0.00
1786220856,bench_mixed,0.00,0.00,0.0,0.000,0.002,27.607,22.772,0.00
1786220861,bench_mixed,0.00,0.00,0.0,0.000,0.002,27.607,22.772,0.00
1786220866,bench_mixed,0.00,0.00,0.0,0.000,0.002,27.607,22.772,0.00
1786220871,bench_mixed,0.00,0.00,0.0,0.000,0.002,27.607,22.771,0.00
1786220877,bench_mixed,0.00,0.00,0.0,0.000,0.002,27.607,22.770,0.00
1786220882,bench_mixed,0.00,0.00,0.0,0.000,0.002,27.607,22.769,0.00
1786220887,bench_mixed,0.00,0.00,0.0,0.000,0.002,27.607,22.769,0.00
1786220892,bench_mixed,0.00,0.00,0.0,0.000,0.002,27.607,22.769,0.00
1786220897,bench_mixed,0.00,0.00,0.0,0.000,0.002,27.607,22.768,0.00
1786220902,bench_mixed,0.00,0.00,0.0,0.000,0.002,27.607,22.768,0.00
1786220907,bench_mixed,0.00,0.00,0.0,0.000,0.002,27.607,22.769,0.00
1786220912,bench_mixed,0.00,0.00,0.0,0.000,0.002,27.607,22.768,0.00
1786220917,bench_mixed,0.00,0.00,0.0,0.000,0.002,27.607,22.768,0.00
1786220922,bench_mixed,0.00,0.00,0.0,0.000,0.002,27.607,22.759,0.03
1786220927,bench_mixed,0.00,0.00,0.0,0.000,0.002,27.607,22.760,0.00
1786220932,bench_mixed,0.00,0.00,0.0,0.000,0.002,27.607,22.760,0.00
1786220937,bench_mixed,0.00,0.00,0.0,0.000,0.002,27.607,22.760,0.00
1786220942,bench_mixed,0.00,0.00,0.0,0.000,0.002,27.607,22.764,0.00
1786220947,bench_mixed,0.00,0.00,0.0,0.000,0.002,27.607,22.764,0.00
1786220952,bench_mixed,0.00,0.00,0.0,0.000,0.002,27.607,22.764,0.00
1786220957,bench_mixed,0.00,0.00,0.0,0.000,0.002,27.607,22.765,0.00
1786220962,bench_mixed,0.00,0.00,0.0,0.000,0.002,27.607,22.763,0.00
1786220967,bench_mixed,0.00,0.00,0.0,0.000,0.002,27.607,22.764,0.00
1786220972,bench_mixed,0.00,0.00,0.0,0.000,0.002,27.607,22.766,0.00
1786220978,bench_mixed,0.00,0.00,0.0,0.000,0.002,27.607,22.767,0.00
1786220983,bench_mixed,0.00,0.00,0.0,0.000,0.002,27.607,22.768,0.00
1786220988,bench_mixed,0.00,0.00,0.0,0.000,0.002,27.607,22.768,0.00
1786220993,bench_mixed,0.00,0.00,0.0,0.000,0.002,27.607,22.767,0.00
1786220998,bench_mixed,0.00,0.00,0.0,0.000,0.002,27.607,22.767,0.00
1786221003,bench_mixed,0.00,0.00,0.0,0.000,0.002,27.607,22.767,0.00
1786221008,bench_mixed,0.00,0.00,0.0,0.000,0.002,27.607,22.766,0.00
1786221013,bench_mixed,0.00,0.00,0.0,0.000,0.002,27.607,22.766,0.00
1786221018,bench_mixed,0.00,0.00,0.0,0.000,0.002,27.607,22.766,0.00
1786221023,bench_mixed,0.00,0.00,0.0,0.000,0.002,27.607,22.765,0.00
1786221028,bench_mixed,0.00,0.00,0.0,0.000,0.002,27.607,22.764,0.00
1786221033,bench_mixed,0.00,0.00,0.0,0.000,0.002,27.607,22.765,0.00
1786221038,bench_mixed,0.00,0.00,0.0,0.000,0.002,27.607,22.770,0.00
1786221043,bench_mixed,0.00,0.00,0.0,0.000,0.002,27.607,22.771,0.00
1786221048,bench_mixed,0.00,0.00,0.0,0.000,0.002,27.607,22.773,0.00
1786221053,bench_mixed,0.00,0.00,0.0,0.000,0.002,27.607,22.773,0.00
1786221058,bench_mixed,0.00,0.00,0.0,0.000,0.002,27.607,22.772,0.00
1786221063,bench_mixed,0.00,0.00,0.0,0.000,0.002,27.607,22.773,0.00
1786221068,bench_mixed,0.00,0.00,0.0,0.000,0.002,27.607,22.771,0.00
1786221074,bench_mixed,0.00,0.00,0.0,0.000,0.002,27.607,22.772,0.00
1786221079,bench_mixed,0.00,0.00,0.0,0.000,0.002,27.607,22.772,0.00
1786221084,bench_mixed,0.00,0.00,0.0,0.000,0.002,27.607,22.772,0.00
1786221089,bench_mixed,0.00,0.00,0.0,0.000,0.002,27.607,22.773,0.00
1786221094,bench_mixed,0.00,0.00,0.0,0.000,0.002,27.607,22.773,0.00
1786221099,bench_mixed,0.00,0.00,0.0,0.000,0.002,27.607,22.772,0.00
1786221104,bench_mixed,0.00,0.00,0.0,0.000,0.002,27.607,22.772,0.00
1786221109,bench_mixed,0.00,0.00,0.0,0.000,0.002,27.607,22.774,0.00
1786221114,bench_mixed,0.00,0.00,0.0,0.000,0.002,27.607,22.774,0.00
1786221119,bench_mixed,0.00,0.00,0.0,0.000,0.002,27.607,22.775,0.00
1786221124,bench_mixed,0.00,0.00,0.0,0.000,0.002,27.607,22.774,0.00
1786221129,bench_mixed,0.00,0.00,0.0,0.000,0.002,27.607,22.775,0.00
1786221134,bench_mixed,0.00,0.00,0.0,0.000,0.002,27.607,22.776,0.00
1786221139,bench_mixed,0.00,0.00,0.0,0.000,0.002,27.607,22.774,0.00
1786221144,bench_mixed,0.00,0.00,0.0,0.000,0.002,27.607,22.774,0.00
1786221149,bench_mixed,0.00,0.00,0.0,0.000,0.002,27.607,22.771,0.00
1786221154,bench_mixed,0.00,0.00,0.0,0.000,0.002,27.607,22.771,0.00
1786221159,bench_mixed,0.00,0.00,0.0,0.000,0.002,27.607,22.771,0.00
1786221164,bench_mixed,0.00,0.00,0.0,0.000,0.002,27.607,22.771,0.00
1786221170,bench_mixed,0.00,0.00,0.0,0.000,0.002,27.607,22.771,0.00
1786221175,bench_mixed,0.00,0.00,0.0,0.000,0.002,27.607,22.771,0.00
1786221180,bench_mixed,0.00,0.00,0.0,0.000,0.002,27.607,22.769,0.00
1786221185,bench_mixed,0.00,0.00,0.0,0.000,0.002,27.607,22.769,0.00
1786221190,bench_mixed,0.00,0.00,0.0,0.000,0.002,27.607,22.769,0.00
1786221195,bench_mixed,0.00,0.00,0.0,0.000,0.002,27.607,22.769,0.00
1786221200,bench_mixed,0.00,0.00,0.0,0.000,0.002,27.607,22.766,0.00
1786221205,bench_mixed,0.00,0.00,0.0,0.000,0.002,27.607,22.767,0.00
1786221210,bench_mixed,0.00,0.00,0.0,0.000,0.002,27.607,22.769,0.00
1786221215,bench_mixed,0.00,0.00,0.0,0.000,0.002,27.607,22.770,0.00
1786221220,bench_mixed,0.00,0.00,0.0,0.000,0.002,27.607,22.759,0.03
1786221225,bench_mixed,0.00,0.00,0.0,0.000,0.002,27.607,22.759,0.00
1786221230,bench_mixed,0.00,0.00,0.0,0.000,0.002,27.607,22.759,0.00
1786221235,bench_mixed,0.00,0.00,0.0,0.000,0.002,27.607,22.759,0.00
1786221240,bench_mixed,0.00,0.00,0.0,0.000,0.002,27.607,22.760,0.00
1786221245,bench_mixed,0.00,0.00,0.0,0.000,0.002,27.607,22.761,0.00
1786221250,bench_mixed,0.00,0.00,0.0,0.000,0.002,27.607,22.759,0.00
1786221255,bench_mixed,0.00,0.00,0.0,0.000,0.002,27.607,22.760,0.00
1786221260,bench_mixed,0.00,0.00,0.0,0.000,0.002,27.607,22.760,0.00
1786221266,bench_mixed,0.00,0.00,0.0,0.000,0.002,27.607,22.761,0.00
1786221271,bench_mixed,0.00,0.00,0.0,0.000,0.002,27.607,22.761,0.00
1786221276,bench_mixed,0.00,0.00,0.0,0.000,0.002,27.607,22.761,0.00
1786221281,bench_mixed,0.00,0.00,0.0,0.000,0.002,27.607,22.760,0.00
1786221286,bench_mixed,0.00,0.00,0.0,0.000,0.002,27.607,22.760,0.00
1786221291,bench_mixed,0.00,0.00,0.0,0.000,0.002,27.607,22.759,0.00
1786221296,bench_mixed,0.00,0.00,0.0,0.000,0.002,27.607,22.760,0.00
1786221301,bench_mixed,0.00,0.00,0.0,0.000,0.002,27.607,22.760,0.00
1786221306,bench_mixed,0.00,0.00,0.0,0.000,0.002,27.607,22.760,0.00
1786221311,bench_mixed,0.00,0.00,0.0,0.000,0.002,27.607,22.758,0.00
1786221316,bench_mixed,0.00,0.00,0.0,0.000,0.002,27.607,22.759,0.00
1786221321,bench_mixed,0.00,0.00,0.0,0.000,0.002,27.607,22.760,0.00
1786221326,bench_mixed,0.00,0.00,0.0,0.000,0.002,27.607,22.761,0.00
1786221331,bench_mixed,0.00,0.00,0.0,0.000,0.002,27.607,22.760,0.00
1786221336,bench_mixed,0.00,0.00,0.0,0.000,0.002,27.607,22.759,0.00
1786221341,bench_mixed,0.00,0.00,0.0,0.000,0.002,27.607,22.762,0.00
1786221346,bench_mixed,0.00,0.00,0.0,0.000,0.002,27.607,22.763,0.00
1786221351,bench_mixed,0.00,0.00,0.0,0.000,0.002,27.607,22.764,0.00
1786221356,bench_mixed,0.00,0.00,0.0,0.000,0.002,27.607,22.762,0.00
1786221362,bench_mixed,0.00,0.00,0.0,0.000,0.002,27.607,22.762,0.00
1786221367,bench_mixed,0.00,0.00,0.0,0.000,0.002,27.607,22.761,0.00
1786221372,bench_mixed,0.00,0.00,0.0,0.000,0.002,27.607,22.762,0.00
1786221377,bench_mixed,0.00,0.00,0.0,0.000,0.002,27.607,22.760,0.00
1786221382,bench_mixed,0.00,0.00,0.0,0.000,0.002,27.607,22.761,0.00
1786221387,bench_mixed,0.00,0.00,0.0,0.000,0.002,27.607,22.762,0.00
1786221392,bench_mixed,0.00,0.00,0.0,0.000,0.002,27.607,22.762,0.00
1786221397,bench_mixed,0.00,0.00,0.0,0.000,0.002,27.607,22.763,0.00
1786221402,bench_mixed,0.00,0.00,0.0,0.000,0.002,27.607,22.763,0.00
1786221407,bench_mixed,0.00,0.00,0.0,0.000,0.002,27.607,22.767,0.00
1786221412,bench_mixed,0.00,0.00,0.0,0.000,0.002,27.607,22.767,0.00
1786221417,bench_mixed,0.00,0.00,0.0,0.000,0.002,27.607,22.768,0.00
1786221422,bench_mixed,0.00,0.00,0.0,0.000,0.002,27.607,22.769,0.00
1786221427,bench_mixed,0.00,0.00,0.0,0.000,0.002,27.607,22.770,0.00
1786221432,bench_mixed,0.00,0.00,0.0,0.000,0.002,27.607,22.770,0.00
1786221437,bench_mixed,0.00,0.00,0.0,0.000,0.002,27.607,22.769,0.00
1786221442,bench_mixed,0.00,0.00,0.0,0.000,0.002,27.607,22.769,0.00
1786221447,bench_mixed,0.00,0.00,0.0,0.000,0.002,27.607,22.769,0.00
1786221452,bench_mixed,0.00,0.00,0.0,0.000,0.002,27.607,22.769,0.00
1786221458,bench_mixed,0.00,0.00,0.0,0.000,0.002,27.607,22.769,0.00
1786221463,bench_mixed,0.00,0.00,0.0,0.000,0.002,27.607,22.769,0.00
1786221468,bench_mixed,0.00,0.00,0.0,0.000,0.002,27.607,22.770,0.00
1786221473,bench_mixed,0.00,0.00,0.0,0.000,0.002,27.607,22.769,0.00
1786221478,bench_mixed,0.00,0.00,0.0,0.000,0.002,27.607,22.770,0.00
1786221483,bench_mixed,0.00,0.00,0.0,0.000,0.002,27.607,22.770,0.00
1786221488,bench_mixed,0.00,0.00,0.0,0.000,0.002,27.607,22.771,0.00
1786221493,bench_mixed,0.00,0.00,0.0,0.000,0.002,27.607,22.771,0.00
1786221498,bench_mixed,0.00,0.00,0.0,0.000,0.002,27.607,22.769,0.00
1786221503,bench_mixed,0.00,0.00,0.0,0.000,0.002,27.607,22.768,0.00
1786221508,bench_mixed,0.00,0.00,0.0,0.000,0.002,27.607,22.766,0.00
1786221513,bench_mixed,0.00,0.00,0.0,0.000,0.002,27.607,22.766,0.00
1786221518,bench_mixed,0.00,0.00,0.0,0.000,0.002,27.607,22.765,0.00
1786221523,bench_mixed,0.00,0.00,0.0,0.000,0.002,27.607,22.760,0.03
1786221528,bench_mixed,0.00,0.00,0.0,0.000,0.002,27.607,22.762,0.00
1786221533,bench_mixed,0.00,0.00,0.0,0.000,0.002,27.607,22.762,0.00
1786221538,bench_mixed,0.00,0.00,0.0,0.000,0.002,27.607,22.765,0.00
1786221543,bench_mixed,0.00,0.00,0.0,0.000,0.002,27.607,22.766,0.00
1786221548,bench_mixed,0.00,0.00,0.0,0.000,0.002,27.607,22.766,0.00
1786221554,bench_mixed,0.00,0.00,0.0,0.000,0.002,27.607,22.767,0.00
1786221559,bench_mixed,0.00,0.00,0.0,0.000,0.002,27.607,22.766,0.00
1786221564,bench_mixed,0.00,0.00,0.0,0.000,0.002,27.607,22.767,0.00
1786221569,bench_mixed,0.00,0.00,0.0,0.000,0.002,27.607,22.766,0.00
1786221574,bench_mixed,0.00,0.00,0.0,0.000,0.002,27.607,22.766,0.00
1786221579,bench_mixed,0.00,0.00,0.0,0.000,0.002,27.607,22.769,0.00
1786221584,bench_mixed,0.00,0.00,0.0,0.000,0.002,27.607,22.769,0.00
1786221589,bench_mixed,0.00,0.00,0.0,0.000,0.002,27.607,22.768,0.00
1786221594,bench_mixed,0.00,0.00,0.0,0.000,0.002,27.607,22.768,0.00
1786221599,bench_mixed,0.00,0.00,0.0,0.000,0.002,27.607,22.767,0.00
1786221604,bench_mixed,0.00,0.00,0.0,0.000,0.002,27.607,22.767,0.00
1786221609,bench_mixed,0.00,0.00,0.0,0.000,0.002,27.607,22.766,0.00
1786221614,bench_mixed,0.00,0.00,0.0,0.000,0.002,27.607,22.767,0.00
1786221619,bench_mixed,0.00,0.00,0.0,0.000,0.002,27.607,22.766,0.00
1786221624,bench_mixed,0.00,0.00,0.0,0.000,0.002,27.607,22.767,0.00
1786221629,bench_mixed,0.00,0.00,0.0,0.000,0.002,27.607,22.766,0.00
1786221634,bench_mixed,0.00,0.00,0.0,0.000,0.002,27.607,22.767,0.00
1786221639,bench_mixed,0.00,0.00,0.0,0.000,0.002,27.607,22.766,0.00
1786221645,bench_mixed,0.00,0.00,0.0,0.000,0.002,27.607,22.767,0.00
1786221650,bench_mixed,0.00,0.00,0.0,0.000,0.002,27.607,22.769,0.00
1786221655,bench_mixed,0.00,0.00,0.0,0.000,0.002,27.607,22.769,0.00
1786221660,bench_mixed,0.00,0.00,0.0,0.000,0.002,27.607,22.766,0.00
1786221665,bench_mixed,0.00,0.00,0.0,0.000,0.002,27.607,22.767,0.00
1786221670,bench_mixed,0.00,0.00,0.0,0.000,0.002,27.607,22.766,0.00
1786221675,bench_mixed,0.00,0.00,0.0,0.000,0.002,27.607,22.765,0.00
1786221680,bench_mixed,0.00,0.00,0.0,0.000,0.002,27.607,22.766,0.00
1786221685,bench_mixed,0.00,0.00,0.0,0.000,0.002,27.607,22.766,0.00
1786221690,bench_mixed,0.00,0.00,0.0,0.000,0.002,27.607,22.767,0.00
1786221695,bench_mixed,0.00,0.00,0.0,0.000,0.002,27.607,22.767,0.00
1786221700,bench_mixed,0.00,0.00,0.0,0.000,0.002,27.607,22.765,0.00
1786221705,bench_mixed,0.00,0.00,0.0,0.000,0.002,27.607,22.766,0.00
1786221710,bench_mixed,0.00,0.00,0.0,0.000,0.002,27.607,22.765,0.00
1786221715,bench_mixed,0.00,0.00,0.0,0.000,0.002,27.607,22.764,0.00
1786221720,bench_mixed,0.00,0.00,0.0,0.000,0.002,27.607,22.764,0.00
1786221725,bench_mixed,0.00,0.00,0.0,0.000,0.002,27.607,22.763,0.00
1786221730,bench_mixed,0.00,0.00,0.0,0.000,0.002,27.607,22.763,0.00
1786221735,bench_mixed,0.00,0.00,0.0,0.000,0.002,27.607,22.763,0.00
1786221741,bench_mixed,0.00,0.00,0.0,0.000,0.002,27.607,22.764,0.00
1786221746,bench_mixed,0.00,0.00,0.0,0.000,0.002,27.607,22.763,0.00
1786221751,bench_mixed,0.00,0.00,0.0,0.000,0.002,27.607,22.764,0.00
1786221756,bench_mixed,0.00,0.00,0.0,0.000,0.002,27.607,22.763,0.00
1786221761,bench_mixed,0.00,0.00,0.0,0.000,0.002,27.607,22.763,0.00
1786221766,bench_mixed,0.00,0.00,0.0,0.000,0.002,27.607,22.766,0.00
1786221771,bench_mixed,0.00,0.00,0.0,0.000,0.002,27.607,22.765,0.00
1786221776,bench_mixed,0.00,0.00,0.0,0.000,0.002,27.607,22.768,0.00
1786221781,bench_mixed,0.00,0.00,0.0,0.000,0.002,27.607,22.768,0.00
1786221786,bench_mixed,0.00,0.00,0.0,0.000,0.002,27.607,22.766,0.00
1786221791,bench_mixed,0.00,0.00,0.0,0.000,0.002,27.607,22.765,0.00
1786221796,bench_mixed,0.00,0.00,0.0,0.000,0.002,27.607,22.765,0.00
1786221801,bench_mixed,0.00,0.00,0.0,0.000,0.002,27.607,22.765,0.00
1786221806,bench_mixed,0.00,0.00,0.0,0.000,0.002,27.607,22.767,0.00
1786221811,bench_mixed,0.00,0.00,0.0,0.000,0.002,27.607,22.767,0.00
1786221816,bench_mixed,0.00,0.00,0.0,0.000,0.002,27.607,22.768,0.00
1786221821,bench_mixed,0.00,0.00,0.0,0.000,0.002,27.607,22.758,0.03
1786221826,bench_mixed,0.00,0.00,0.0,0.000,0.002,27.607,22.759,0.00
1786221831,bench_mixed,0.00,0.00,0.0,0.000,0.002,27.607,22.759,0.00
1786221837,bench_mixed,0.00,0.00,0.0,0.000,0.002,27.607,22.759,0.00
1786221842,bench_mixed,0.00,0.00,0.0,0.000,0.002,27.607,22.759,0.00
1786221847,bench_mixed,0.00,0.00,0.0,0.000,0.002,27.607,22.758,0.00
1786221852,bench_mixed,0.00,0.00,0.0,0.000,0.002,27.607,22.758,0.00
1786221857,bench_mixed,0.00,0.00,0.0,0.000,0.002,27.607,22.759,0.00
1786221862,bench_mixed,0.00,0.00,0.0,0.000,0.002,27.607,22.759,0.00
1786221867,bench_mixed,0.00,0.00,0.0,0.000,0.002,27.607,22.758,0.00
1786221872,bench_mixed,0.00,0.00,0.0,0.000,0.002,27.607,22.758,0.00
1786221877,bench_mixed,0.00,0.00,0.0,0.000,0.002,27.607,22.755,0.00
1786221882,bench_mixed,0.00,0.00,0.0,0.000,0.002,27.607,22.756,0.00
1786221887,bench_mixed,0.00,0.00,0.0,0.000,0.002,27.607,22.757,0.00
1786221892,bench_mixed,0.00,0.00,0.0,0.000,0.002,27.607,22.757,0.00
1786221897,bench_mixed,0.00,0.00,0.0,0.000,0.002,27.607,22.758,0.00
1786221902,bench_mixed,0.00,0.00,0.0,0.000,0.002,27.607,22.758,0.00
1786221907,bench_mixed,0.00,0.00,0.0,0.000,0.002,27.607,22.760,0.00
1786221912,bench_mixed,0.00,0.00,0.0,0.000,0.002,27.607,22.760,0.00
1786221917,bench_mixed,0.00,0.00,0.0,0.000,0.002,27.607,22.764,0.00
1786221922,bench_mixed,0.00,0.00,0.0,0.000,0.002,27.607,22.765,0.00
1786221927,bench_mixed,0.00,0.00,0.0,0.000,0.002,27.607,22.766,0.00
1786221933,bench_mixed,0.00,0.00,0.0,0.000,0.002,27.607,22.766,0.00
1786221938,bench_mixed,0.00,0.00,0.0,0.000,0.002,27.607,22.765,0.00
1786221943,bench_mixed,0.00,0.00,0.0,0.000,0.002,27.607,22.766,0.00
1786221948,bench_mixed,0.00,0.00,0.0,0.000,0.002,27.607,22.765,0.00
1786221953,bench_mixed,0.00,0.00,0.0,0.000,0.002,27.607,22.765,0.00
1786221958,bench_mixed,0.00,0.00,0.0,0.000,0.002,27.607,22.767,0.00
1786221963,bench_mixed,0.00,0.00,0.0,0.000,0.002,27.607,22.767,0.00
1786221968,bench_mixed,0.00,0.00,0.0,0.000,0.002,27.607,22.766,0.00
1786221973,bench_mixed,0.00,0.00,0.0,0.000,0.002,27.607,22.767,0.00
1786221978,bench_mixed,0.00,0.00,0.0,0.000,0.002,27.607,22.767,0.00
1786221983,bench_mixed,0.00,0.00,0.0,0.000,0.002,27.607,22.768,0.00
1786221988,bench_mixed,0.00,0.00,0.0,0.000,0.002,27.607,22.769,0.00
1786221993,bench_mixed,0.00,0.00,0.0,0.000,0.002,27.607,22.769,0.00
1786221998,bench_mixed,0.00,0.00,0.0,0.000,0.002,27.607,22.772,0.00
1786222003,bench_mixed,0.00,0.00,0.0,0.000,0.002,27.607,22.772,0.00
1786222008,bench_mixed,0.00,0.00,0.0,0.000,0.002,27.607,22.771,0.00
1786222013,bench_mixed,0.00,0.00,0.0,0.000,0.002,27.607,22.771,0.00
1786222018,bench_mixed,0.00,0.00,0.0,0.000,0.002,27.607,22.772,0.00
1786222024,bench_mixed,0.00,0.00,0.0,0.000,0.002,27.607,22.772,0.00
1786222029,bench_mixed,0.00,0.00,0.0,0.000,0.002,27.607,22.773,0.00
1786222034,bench_mixed,0.00,0.00,0.0,0.000,0.002,27.607,22.773,0.00
1786222039,bench_mixed,0.00,0.00,0.0,0.000,0.002,27.607,22.773,0.00
1786222044,bench_mixed,0.00,0.00,0.0,0.000,0.002,27.607,22.773,0.00
1786222049,bench_mixed,0.00,0.00,0.0,0.000,0.002,27.607,22.771,0.00
1786222054,bench_mixed,0.00,0.00,0.0,0.000,0.002,27.607,22.772,0.00
1786222059,bench_mixed,0.00,0.00,0.0,0.000,0.002,27.607,22.773,0.00
1786222064,bench_mixed,0.00,0.00,0.0,0.000,0.002,27.607,22.772,0.00
1786222069,bench_mixed,0.00,0.00,0.0,0.000,0.002,27.607,22.768,0.00
1786222074,bench_mixed,0.00,0.00,0.0,0.000,0.002,27.607,22.772,0.00
1786222079,bench_mixed,0.00,0.00,0.0,0.000,0.002,27.607,22.773,0.00
1786222084,bench_mixed,0.00,0.00,0.0,0.000,0.002,27.607,22.774,0.00
1786222089,bench_mixed,0.00,0.00,0.0,0.000,0.002,27.607,22.774,0.00
1786222094,bench_mixed,0.00,0.00,0.0,0.000,0.002,27.607,22.775,0.00
1786222099,bench_mixed,0.00,0.00,0.0,0.000,0.002,27.607,22.775,0.00
1786222104,bench_mixed,0.00,0.00,0.0,0.000,0.002,27.607,22.771,0.00
1786222109,bench_mixed,0.00,0.00,0.0,0.000,0.002,27.607,22.771,0.00
1786222114,bench_mixed,0.00,0.00,0.0,0.000,0.002,27.607,22.774,0.00
1786222120,bench_mixed,0.00,0.00,0.0,0.000,0.002,27.607,22.763,0.03
1786222125,bench_mixed,0.00,0.00,0.0,0.000,0.002,27.607,22.765,0.00
1786222130,bench_mixed,0.00,0.00,0.0,0.000,0.002,27.607,22.765,0.00
1786222135,bench_mixed,0.00,0.00,0.0,0.000,0.002,27.607,22.766,0.00
1786222140,bench_mixed,0.00,0.00,0.0,0.000,0.002,27.607,22.768,0.00
1786222145,bench_mixed,0.00,0.00,0.0,0.000,0.002,27.607,22.767,0.00
1786222150,bench_mixed,0.00,0.00,0.0,0.000,0.002,27.607,22.766,0.00
1786222155,bench_mixed,0.00,0.00,0.0,0.000,0.002,27.607,22.766,0.00
1786222160,bench_mixed,0.00,0.00,0.0,0.000,0.002,27.607,22.766,0.00
1786222165,bench_mixed,0.00,0.00,0.0,0.000,0.002,27.607,22.765,0.00
1786222170,bench_mixed,0.00,0.00,0.0,0.000,0.002,27.607,22.766,0.00
1786222175,bench_mixed,0.00,0.00,0.0,0.000,0.002,27.607,22.768,0.00
1786222180,bench_mixed,0.00,0.00,0.0,0.000,0.002,27.607,22.769,0.00
1786222185,bench_mixed,0.00,0.00,0.0,0.000,0.002,27.607,22.770,0.00
1786222190,bench_mixed,0.00,0.00,0.0,0.000,0.002,27.607,22.770,0.00
1786222195,bench_mixed,0.00,0.00,0.0,0.000,0.002,27.607,22.771,0.00
1786222200,bench_mixed,0.00,0.00,0.0,0.000,0.002,27.607,22.771,0.00
1786222205,bench_mixed,0.00,0.00,0.0,0.000,0.002,27.607,22.773,0.00
1786222210,bench_mixed,0.00,0.00,0.0,0.000,0.002,27.607,22.774,0.00
1786222216,bench_mixed,0.00,0.00,0.0,0.000,0.002,27.607,22.772,0.00
1786222221,bench_mixed,0.00,0.00,0.0,0.000,0.002,27.607,22.772,0.00
1786222226,bench_mixed,0.00,0.00,0.0,0.000,0.002,27.607,22.772,0.00
1786222231,bench_mixed,0.00,0.00,0.0,0.000,0.002,27.607,22.772,0.00
1786222236,bench_mixed,0.00,0.00,0.0,0.000,0.002,27.607,22.773,0.00
1786222241,bench_mixed,0.00,0.00,0.0,0.000,0.002,27.607,22.773,0.00
1786222246,bench_mixed,0.00,0.00,0.0,0.000,0.002,27.607,22.772,0.00
1786222251,bench_mixed,0.00,0.00,0.0,0.000,0.002,27.607,22.772,0.00
1786222256,bench_mixed,0.00,0.00,0.0,0.000,0.002,27.607,22.772,0.00
1786222261,bench_mixed,0.00,0.00,0.0,0.000,0.002,27.607,22.772,0.00
1786222266,bench_mixed,0.00,0.00,0.0,0.000,0.002,27.607,22.769,0.00
1786222271,bench_mixed,0.00,0.00,0.0,0.000,0.002,27.607,22.770,0.00
1786222276,bench_mixed,0.00,0.00,0.0,0.000,0.002,27.607,22.770,0.00
1786222281,bench_mixed,0.00,0.00,0.0,0.000,0.002,27.607,22.771,0.00
1786222286,bench_mixed,0.00,0.00,0.0,0.000,0.002,27.607,22.768,0.00
1786222291,bench_mixed,0.00,0.00,0.0,0.000,0.002,27.607,22.767,0.00
1786222296,bench_mixed,0.00,0.00,0.0,0.000,0.002,27.607,22.765,0.00
1786222301,bench_mixed,0.00,0.00,0.0,0.000,0.002,27.607,22.764,0.00
1786222306,bench_mixed,0.00,0.00,0.0,0.000,0.002,27.607,22.767,0.00
1786222312,bench_mixed,0.00,0.00,0.0,0.000,0.002,27.607,22.767,0.00
1786222317,bench_mixed,0.00,0.00,0.0,0.000,0.002,27.607,22.767,0.00
1786222322,bench_mixed,0.00,0.00,0.0,0.000,0.002,27.607,22.767,0.00
1786222327,bench_mixed,0.00,0.00,0.0,0.000,0.002,27.607,22.767,0.00
1786222332,bench_mixed,0.00,0.00,0.0,0.000,0.002,27.607,22.767,0.00
1786222337,bench_mixed,0.00,0.00,0.0,0.000,0.002,27.607,22.766,0.00
1786222342,bench_mixed,0.00,0.00,0.0,0.000,0.002,27.607,22.766,0.00
1786222347,bench_mixed,0.00,0.00,0.0,0.000,0.002,27.607,22.764,0.00
1786222352,bench_mixed,0.00,0.00,0.0,0.000,0.002,27.607,22.765,0.00
1786222357,bench_mixed,0.00,0.00,0.0,0.000,0.002,27.607,22.764,0.00
1786222362,bench_mixed,0.00,0.00,0.0,0.000,0.002,27.607,22.764,0.00
1786222367,bench_mixed,0.00,0.00,0.0,0.000,0.002,27.607,22.764,0.00
1786222372,bench_mixed,0.00,0.00,0.0,0.000,0.002,27.607,22.765,0.00
1786222377,bench_mixed,0.00,0.00,0.0,0.000,0.002,27.607,22.764,0.00
1786222382,bench_mixed,0.00,0.00,0.0,0.000,0.002,27.607,22.764,0.00
1786222387,bench_mixed,0.00,0.00,0.0,0.000,0.002,27.607,22.765,0.00
1786222392,bench_mixed,0.00,0.00,0.0,0.000,0.002,27.607,22.765,0.00
1786222397,bench_mixed,0.00,0.00,0.0,0.000,0.002,27.607,22.767,0.00
1786222402,bench_mixed,0.00,0.00,0.0,0.000,0.002,27.607,22.766,0.00
1786222408,bench_mixed,0.00,0.00,0.0,0.000,0.002,27.607,22.766,0.00
1786222413,bench_mixed,0.00,0.00,0.0,0.000,0.002,27.607,22.766,0.00
1786222418,bench_mixed,0.00,0.00,0.0,0.000,0.002,27.607,22.766,0.00
1786222423,bench_mixed,0.00,0.00,0.0,0.000,0.002,27.607,22.757,0.03
1786222428,bench_mixed,0.00,0.00,0.0,0.000,0.002,27.607,22.754,0.00
1786222433,bench_mixed,0.00,0.00,0.0,0.000,0.002,27.607,22.758,0.00
1786222438,bench_mixed,0.00,0.00,0.0,0.000,0.002,27.607,22.759,0.00
1786222443,bench_mixed,0.00,0.00,0.0,0.000,0.002,27.607,22.761,0.00
1786222448,bench_mixed,0.00,0.00,0.0,0.000,0.002,27.607,22.761,0.00
1786222453,bench_mixed,0.00,0.00,0.0,0.000,0.002,27.607,22.759,0.00
1786222458,bench_mixed,0.00,0.00,0.0,0.000,0.002,27.607,22.759,0.00
1786222463,bench_mixed,0.00,0.00,0.0,0.000,0.002,27.607,22.762,0.00
1786222468,bench_mixed,0.00,0.00,0.0,0.000,0.002,27.607,22.763,0.00
1786222473,bench_mixed,0.00,0.00,0.0,0.000,0.002,27.607,22.763,0.00
1786222478,bench_mixed,0.00,0.00,0.0,0.000,0.002,27.607,22.763,0.00
1786222483,bench_mixed,0.00,0.00,0.0,0.000,0.002,27.607,22.762,0.00
1786222488,bench_mixed,0.00,0.00,0.0,0.000,0.002,27.607,22.762,0.00
1786222493,bench_mixed,0.00,0.00,0.0,0.000,0.002,27.607,22.760,0.00
1786222498,bench_mixed,0.00,0.00,0.0,0.000,0.002,27.607,22.761,0.00
1786222504,bench_mixed,0.00,0.00,0.0,0.000,0.002,27.607,22.759,0.00
1786222509,bench_mixed,0.00,0.00,0.0,0.000,0.002,27.607,22.759,0.00
1786222514,bench_mixed,0.00,0.00,0.0,0.000,0.002,27.607,22.760,0.00
1786222519,bench_mixed,0.00,0.00,0.0,0.000,0.002,27.607,22.762,0.00
1786222524,bench_mixed,0.00,0.00,0.0,0.000,0.002,27.607,22.759,0.00
1786222529,bench_mixed,0.00,0.00,0.0,0.000,0.002,27.607,22.760,0.00
1786222534,bench_mixed,0.00,0.00,0.0,0.000,0.002,27.607,22.759,0.00
1786222539,bench_mixed,0.00,0.00,0.0,0.000,0.002,27.607,22.760,0.00
1786222544,bench_mixed,0.00,0.00,0.0,0.000,0.002,27.607,22.765,0.00
1786222549,bench_mixed,0.00,0.00,0.0,0.000,0.002,27.607,22.765,0.00
1786222554,bench_mixed,0.00,0.00,0.0,0.000,0.002,27.607,22.763,0.00
1786222559,bench_mixed,0.00,0.00,0.0,0.000,0.002,27.607,22.762,0.00
1786222564,bench_mixed,0.00,0.00,0.0,0.000,0.002,27.607,22.763,0.00
1786222569,bench_mixed,0.00,0.00,0.0,0.000,0.002,27.607,22.762,0.00
1786222574,bench_mixed,0.00,0.00,0.0,0.000,0.002,27.607,22.763,0.00
1786222579,bench_mixed,0.00,0.00,0.0,0.000,0.002,27.607,22.763,0.00
1786222584,bench_mixed,0.00,0.00,0.0,0.000,0.002,27.607,22.764,0.00
1786222589,bench_mixed,0.00,0.00,0.0,0.000,0.002,27.607,22.764,0.00
1786222595,bench_mixed,0.00,0.00,0.0,0.000,0.002,27.607,22.763,0.00
1786222600,bench_mixed,0.00,0.00,0.0,0.000,0.002,27.607,22.763,0.00
1786222605,bench_mixed,0.00,0.00,0.0,0.000,0.002,27.607,22.762,0.00
1786222610,bench_mixed,0.00,0.00,0.0,0.000,0.002,27.607,22.761,0.00
1786222615,bench_mixed,0.00,0.00,0.0,0.000,0.002,27.607,22.762,0.00
1786222620,bench_mixed,0.00,0.00,0.0,0.000,0.002,27.607,22.763,0.00
1786222625,bench_mixed,0.00,0.00,0.0,0.000,0.002,27.607,22.764,0.00
1786222630,bench_mixed,0.00,0.00,0.0,0.000,0.002,27.607,22.765,0.00
1786222635,bench_mixed,0.00,0.00,0.0,0.000,0.002,27.607,22.765,0.00
1786222640,bench_mixed,0.00,0.00,0.0,0.000,0.002,27.607,22.765,0.00
1786222645,bench_mixed,0.00,0.00,0.0,0.000,0.002,27.607,22.765,0.00
1786222650,bench_mixed,0.00,0.00,0.0,0.000,0.002,27.607,22.765,0.00
1786222655,bench_mixed,0.00,0.00,0.0,0.000,0.002,27.607,22.764,0.00
1786222660,bench_mixed,0.00,0.00,0.0,0.000,0.002,27.607,22.765,0.00
1786222665,bench_mixed,0.00,0.00,0.0,0.000,0.002,27.607,22.767,0.00
1786222670,bench_mixed,0.00,0.00,0.0,0.000,0.002,27.607,22.768,0.00
1786222675,bench_mixed,0.00,0.00,0.0,0.000,0.002,27.607,22.766,0.00
1786222680,bench_mixed,0.00,0.00,0.0,0.000,0.002,27.607,22.767,0.00
1786222685,bench_mixed,0.00,0.00,0.0,0.000,0.002,27.607,22.765,0.00
1786222691,bench_mixed,0.00,0.00,0.0,0.000,0.002,27.607,22.764,0.00
1786222696,bench_mixed,0.00,0.00,0.0,0.000,0.002,27.607,22.766,0.00
1786222701,bench_mixed,0.00,0.00,0.0,0.000,0.002,27.607,22.767,0.00
1786222706,bench_mixed,0.00,0.00,0.0,0.000,0.002,27.607,22.767,0.00
1786222711,bench_mixed,0.00,0.00,0.0,0.000,0.002,27.607,22.767,0.00
1786222716,bench_mixed,0.00,0.00,0.0,0.000,0.002,27.607,22.767,0.00
1786222721,bench_mixed,0.00,0.00,0.0,0.000,0.002,27.607,22.759,0.03
1786222726,bench_mixed,0.00,0.00,0.0,0.000,0.002,27.607,22.761,0.00
1786222731,bench_mixed,0.00,0.00,0.0,0.000,0.002,27.607,22.761,0.00
1786222736,bench_mixed,0.00,0.00,0.0,0.000,0.002,27.607,22.761,0.00
1786222741,bench_mixed,0.00,0.00,0.0,0.000,0.002,27.607,22.761,0.00
1786222746,bench_mixed,0.00,0.00,0.0,0.000,0.002,27.607,22.763,0.00
1786222751,bench_mixed,0.00,0.00,0.0,0.000,0.002,27.607,22.764,0.00
1786222756,bench_mixed,0.00,0.00,0.0,0.000,0.002,27.607,22.765,0.00
1786222761,bench_mixed,0.00,0.00,0.0,0.000,0.002,27.607,22.766,0.00
1786222766,bench_mixed,0.00,0.00,0.0,0.000,0.002,27.607,22.765,0.00
1786222771,bench_mixed,0.00,0.00,0.0,0.000,0.002,27.607,22.765,0.00
1786222776,bench_mixed,0.00,0.00,0.0,0.000,0.002,27.607,22.764,0.00
1786222781,bench_mixed,0.00,0.00,0.0,0.000,0.002,27.607,22.765,0.00
1786222787,bench_mixed,0.00,0.00,0.0,0.000,0.002,27.607,22.759,0.00
1786222792,bench_mixed,0.00,0.00,0.0,0.000,0.002,27.607,22.766,0.00
1786222797,bench_mixed,0.00,0.00,0.0,0.000,0.002,27.607,22.766,0.00
1786222802,bench_mixed,0.00,0.00,0.0,0.000,0.002,27.607,22.766,0.00
1786222807,bench_mixed,0.00,0.00,0.0,0.000,0.002,27.607,22.765,0.00
1786222812,bench_mixed,0.00,0.00,0.0,0.000,0.002,27.607,22.765,0.00
1786222817,bench_mixed,0.00,0.00,0.0,0.000,0.002,27.607,22.765,0.00
1786222822,bench_mixed,0.00,0.00,0.0,0.000,0.002,27.607,22.769,0.00
1786222827,bench_mixed,0.00,0.00,0.0,0.000,0.002,27.607,22.769,0.00
1786222832,bench_mixed,0.00,0.00,0.0,0.000,0.002,27.607,22.773,0.00
1786222837,bench_mixed,0.00,0.00,0.0,0.000,0.002,27.607,22.773,0.00
1786222842,bench_mixed,0.00,0.00,0.0,0.000,0.002,27.607,22.772,0.00
1786222847,bench_mixed,0.00,0.00,0.0,0.000,0.002,27.607,22.772,0.00
1786222852,bench_mixed,0.00,0.00,0.0,0.000,0.002,27.607,22.772,0.00
1786222857,bench_mixed,0.00,0.00,0.0,0.000,0.002,27.607,22.773,0.00
1786222862,bench_mixed,0.00,0.00,0.0,0.000,0.002,27.607,22.771,0.00
1786222867,bench_mixed,0.00,0.00,0.0,0.000,0.002,27.607,22.771,0.00
1786222872,bench_mixed,0.00,0.00,0.0,0.000,0.002,27.607,22.770,0.00
1786222877,bench_mixed,0.00,0.00,0.0,0.000,0.002,27.607,22.769,0.00
1786222883,bench_mixed,0.00,0.00,0.0,0.000,0.002,27.607,22.768,0.00
1786222888,bench_mixed,0.00,0.00,0.0,0.000,0.002,27.607,22.768,0.00
1786222893,bench_mixed,0.00,0.00,0.0,0.000,0.002,27.607,22.767,0.00
1786222898,bench_mixed,0.00,0.00,0.0,0.000,0.002,27.607,22.768,0.00
1786222903,bench_mixed,0.00,0.00,0.0,0.000,0.002,27.607,22.767,0.00
1786222908,bench_mixed,0.00,0.00,0.0,0.000,0.002,27.607,22.767,0.00
1786222913,bench_mixed,0.00,0.00,0.0,0.000,0.002,27.607,22.766,0.00
1786222918,bench_mixed,0.00,0.00,0.0,0.000,0.002,27.607,22.766,0.00
1786222923,bench_mixed,0.00,0.00,0.0,0.000,0.002,27.607,22.768,0.00
1786222928,bench_mixed,0.00,0.00,0.0,0.000,0.002,27.607,22.769,0.00
1786222933,bench_mixed,0.00,0.00,0.0,0.000,0.002,27.607,22.767,0.00
1786222938,bench_mixed,0.00,0.00,0.0,0.000,0.002,27.607,22.767,0.00
1786222943,bench_mixed,0.00,0.00,0.0,0.000,0.002,27.607,22.766,0.00
1786222948,bench_mixed,0.00,0.00,0.0,0.000,0.002,27.607,22.766,0.00
1786222953,bench_mixed,0.00,0.00,0.0,0.000,0.002,27.607,22.768,0.00
1786222958,bench_mixed,0.00,0.00,0.0,0.000,0.002,27.607,22.767,0.00
1786222963,bench_mixed,0.00,0.00,0.0,0.000,0.002,27.607,22.769,0.00
1786222968,bench_mixed,0.00,0.00,0.0,0.000,0.002,27.607,22.769,0.00
1786222974,bench_mixed,0.00,0.00,0.0,0.000,0.002,27.607,22.770,0.00
1786222979,bench_mixed,0.00,0.00,0.0,0.000,0.002,27.607,22.770,0.00
1786222984,bench_mixed,0.00,0.00,0.0,0.000,0.002,27.607,22.770,0.00
1786222989,bench_mixed,0.00,0.00,0.0,0.000,0.002,27.607,22.770,0.00
1786222994,bench_mixed,0.00,0.00,0.0,0.000,0.002,27.607,22.770,0.00
1786222999,bench_mixed,0.00,0.00,0.0,0.000,0.002,27.607,22.770,0.00
1786223004,bench_mixed,0.00,0.00,0.0,0.000,0.002,27.607,22.769,0.00
1786223009,bench_mixed,0.00,0.00,0.0,0.000,0.002,27.607,22.769,0.00
1786223014,bench_mixed,0.00,0.00,0.0,0.000,0.002,27.607,22.766,0.00
1786223019,bench_mixed,0.00,0.00,0.0,0.000,0.002,27.607,22.764,0.01
1786223024,bench_mixed,0.00,0.00,0.0,0.000,0.002,27.607,22.761,0.02
1786223029,bench_mixed,0.00,0.00,0.0,0.000,0.002,27.607,22.762,0.00
1786223034,bench_mixed,0.00,0.00,0.0,0.000,0.002,27.607,22.762,0.00
1786223039,bench_mixed,0.00,0.00,0.0,0.000,0.002,27.607,22.763,0.00
1786223044,bench_mixed,0.00,0.00,0.0,0.000,0.002,27.607,22.763,0.00
1786223049,bench_mixed,0.00,0.00,0.0,0.000,0.002,27.607,22.763,0.00
1786223054,bench_mixed,0.00,0.00,0.0,0.000,0.002,27.607,22.763,0.00
1786223059,bench_mixed,0.00,0.00,0.0,0.000,0.002,27.607,22.765,0.00
1786223064,bench_mixed,0.00,0.00,0.0,0.000,0.002,27.607,22.763,0.00
1786223070,bench_mixed,0.00,0.00,0.0,0.000,0.002,27.607,22.765,0.00
1786223075,bench_mixed,0.00,0.00,0.0,0.000,0.002,27.607,22.764,0.00
1786223080,bench_mixed,0.00,0.00,0.0,0.000,0.002,27.607,22.766,0.00
1786223085,bench_mixed,0.00,0.00,0.0,0.000,0.002,27.607,22.766,0.00
1786223090,bench_mixed,0.00,0.00,0.0,0.000,0.002,27.607,22.767,0.00
1786223095,bench_mixed,0.00,0.00,0.0,0.000,0.002,27.607,22.767,0.00
1786223100,bench_mixed,0.00,0.00,0.0,0.000,0.002,27.607,22.768,0.00
1786223105,bench_mixed,0.00,0.00,0.0,0.000,0.002,27.607,22.766,0.00
1786223110,bench_mixed,0.00,0.00,0.0,0.000,0.002,27.607,22.767,0.00
1786223115,bench_mixed,0.00,0.00,0.0,0.000,0.002,27.607,22.768,0.00
1786223120,bench_mixed,0.00,0.00,0.0,0.000,0.002,27.607,22.768,0.00
1786223125,bench_mixed,0.00,0.00,0.0,0.000,0.002,27.607,22.767,0.00
1786223130,bench_mixed,0.00,0.00,0.0,0.000,0.002,27.607,22.767,0.00
1786223135,bench_mixed,0.00,0.00,0.0,0.000,0.002,27.607,22.767,0.00
1786223140,bench_mixed,0.00,0.00,0.0,0.000,0.002,27.607,22.767,0.00
1786223145,bench_mixed,0.00,0.00,0.0,0.000,0.002,27.607,22.767,0.00
1786223150,bench_mixed,0.00,0.00,0.0,0.000,0.002,27.607,22.767,0.00
1786223155,bench_mixed,0.00,0.00,0.0,0.000,0.002,27.607,22.767,0.00
1786223160,bench_mixed,0.00,0.00,0.0,0.000,0.002,27.607,22.768,0.00
1786223166,bench_mixed,0.00,0.00,0.0,0.000,0.002,27.607,22.768,0.00
1786223171,bench_mixed,0.00,0.00,0.0,0.000,0.002,27.607,22.769,0.00
1786223176,bench_mixed,0.00,0.00,0.0,0.000,0.002,27.607,22.769,0.00
1786223181,bench_mixed,0.00,0.00,0.0,0.000,0.002,27.607,22.769,0.00
1786223186,bench_mixed,0.00,0.00,0.0,0.000,0.002,27.607,22.769,0.00
1786223191,bench_mixed,0.00,0.00,0.0,0.000,0.002,27.607,22.767,0.00
1786223196,bench_mixed,0.00,0.00,0.0,0.000,0.002,27.607,22.767,0.00
1786223201,bench_mixed,0.00,0.00,0.0,0.000,0.002,27.607,22.768,0.00
1786223206,bench_mixed,0.00,0.00,0.0,0.000,0.002,27.607,22.768,0.00
1786223211,bench_mixed,0.00,0.00,0.0,0.000,0.002,27.607,22.768,0.00
1786223216,bench_mixed,0.00,0.00,0.0,0.000,0.002,27.607,22.768,0.00
1786223221,bench_mixed,0.00,0.00,0.0,0.000,0.002,27.607,22.768,0.00
1786223226,bench_mixed,0.00,0.00,0.0,0.000,0.002,27.607,22.768,0.00
1786223231,bench_mixed,0.00,0.00,0.0,0.000,0.002,27.607,22.768,0.00
1786223236,bench_mixed,0.00,0.00,0.0,0.000,0.002,27.607,22.768,0.00
1786223241,bench_mixed,0.00,0.00,0.0,0.000,0.002,27.607,22.767,0.00
1786223246,bench_mixed,0.00,0.00,0.0,0.000,0.002,27.607,22.767,0.00
1786223251,bench_mixed,0.00,0.00,0.0,0.000,0.002,27.607,22.766,0.00
1786223256,bench_mixed,0.00,0.00,0.0,0.000,0.002,27.607,22.766,0.00
1786223262,bench_mixed,0.00,0.00,0.0,0.000,0.002,27.607,22.766,0.00
1786223267,bench_mixed,0.00,0.00,0.0,0.000,0.002,27.607,22.766,0.00
1786223272,bench_mixed,0.00,0.00,0.0,0.000,0.002,27.607,22.765,0.00
1786223277,bench_mixed,0.00,0.00,0.0,0.000,0.002,27.607,22.766,0.00
1786223282,bench_mixed,0.00,0.00,0.0,0.000,0.002,27.607,22.766,0.00
1786223287,bench_mixed,0.00,0.00,0.0,0.000,0.002,27.607,22.767,0.00
1786223292,bench_mixed,0.00,0.00,0.0,0.000,0.002,27.607,22.765,0.00
1786223297,bench_mixed,0.00,0.00,0.0,0.000,0.002,27.607,22.767,0.00
1786223302,bench_mixed,0.00,0.00,0.0,0.000,0.002,27.607,22.767,0.00
1786223307,bench_mixed,0.00,0.00,0.0,0.000,0.002,27.607,22.767,0.00
1786223312,bench_mixed,0.00,0.00,0.0,0.000,0.002,27.607,22.768,0.00
1786223317,bench_mixed,0.00,0.00,0.0,0.000,0.002,27.607,22.768,0.00
1786223322,bench_mixed,0.00,0.00,0.0,0.000,0.002,27.607,22.761,0.03
1786223327,bench_mixed,0.00,0.00,0.0,0.000,0.002,27.607,22.761,0.00
1786223332,bench_mixed,0.00,0.00,0.0,0.000,0.002,27.607,22.761,0.00
1786223337,bench_mixed,0.00,0.00,0.0,0.000,0.002,27.607,22.761,0.00
1786223342,bench_mixed,0.00,0.00,0.0,0.000,0.002,27.607,22.764,0.00
1786223347,bench_mixed,0.00,0.00,0.0,0.000,0.002,27.607,22.764,0.00
1786223352,bench_mixed,0.00,0.00,0.0,0.000,0.002,27.607,22.764,0.00
1786223358,bench_mixed,0.00,0.00,0.0,0.000,0.002,27.607,22.764,0.00
1786223363,bench_mixed,0.00,0.00,0.0,0.000,0.002,27.607,22.763,0.00
1786223368,bench_mixed,0.00,0.00,0.0,0.000,0.002,27.607,22.763,0.00
1786223373,bench_mixed,0.00,0.00,0.0,0.000,0.002,27.607,22.765,0.00
1786223378,bench_mixed,0.00,0.00,0.0,0.000,0.002,27.607,22.765,0.00
1786223383,bench_mixed,0.00,0.00,0.0,0.000,0.002,27.607,22.765,0.00
1786223388,bench_mixed,0.00,0.00,0.0,0.000,0.002,27.607,22.765,0.00
1786223393,bench_mixed,0.00,0.00,0.0,0.000,0.002,27.607,22.763,0.00
1786223398,bench_mixed,0.00,0.00,0.0,0.000,0.002,27.607,22.764,0.00
1786223403,bench_mixed,0.00,0.00,0.0,0.000,0.002,27.607,22.764,0.00
1786223408,bench_mixed,0.00,0.00,0.0,0.000,0.002,27.607,22.765,0.00
1786223413,bench_mixed,0.00,0.00,0.0,0.000,0.002,27.607,22.768,0.00
1786223418,bench_mixed,0.00,0.00,0.0,0.000,0.002,27.607,22.768,0.00
1786223423,bench_mixed,0.00,0.00,0.0,0.000,0.002,27.607,22.768,0.00
1786223428,bench_mixed,0.00,0.00,0.0,0.000,0.002,27.607,22.768,0.00
1786223433,bench_mixed,0.00,0.00,0.0,0.000,0.002,27.607,22.766,0.00
1786223438,bench_mixed,0.00,0.00,0.0,0.000,0.002,27.607,22.766,0.00
1786223443,bench_mixed,0.00,0.00,0.0,0.000,0.002,27.607,22.765,0.00
1786223448,bench_mixed,0.00,0.00,0.0,0.000,0.002,27.607,22.765,0.00
1786223454,bench_mixed,0.00,0.00,0.0,0.000,0.002,27.607,22.765,0.00
1786223459,bench_mixed,0.00,0.00,0.0,0.000,0.002,27.607,22.764,0.00
1786223464,bench_mixed,0.00,0.00,0.0,0.000,0.002,27.607,22.765,0.00
1786223469,bench_mixed,0.00,0.00,0.0,0.000,0.002,27.607,22.765,0.00
1786223474,bench_mixed,0.00,0.00,0.0,0.000,0.002,27.607,22.764,0.00
1786223479,bench_mixed,0.00,0.00,0.0,0.000,0.002,27.607,22.764,0.00
1786223484,bench_mixed,0.00,0.00,0.0,0.000,0.002,27.607,22.765,0.00
1786223489,bench_mixed,0.00,0.00,0.0,0.000,0.002,27.607,22.764,0.00
1786223494,bench_mixed,0.00,0.00,0.0,0.000,0.002,27.607,22.765,0.00
1786223499,bench_mixed,0.00,0.00,0.0,0.000,0.002,27.607,22.765,0.00
1786223504,bench_mixed,0.00,0.00,0.0,0.000,0.002,27.607,22.763,0.00
1786223509,bench_mixed,0.00,0.00,0.0,0.000,0.002,27.607,22.764,0.00
1786223514,bench_mixed,0.00,0.00,0.0,0.000,0.002,27.607,22.765,0.00
1786223519,bench_mixed,0.00,0.00,0.0,0.000,0.002,27.607,22.766,0.00
1786223524,bench_mixed,0.00,0.00,0.0,0.000,0.002,27.607,22.768,0.00
1786223529,bench_mixed,0.00,0.00,0.0,0.000,0.002,27.607,22.770,0.00
1786223534,bench_mixed,0.00,0.00,0.0,0.000,0.002,27.607,22.770,0.00
1786223539,bench_mixed,0.00,0.00,0.0,0.000,0.002,27.607,22.770,0.00
1786223545,bench_mixed,0.00,0.00,0.0,0.000,0.002,27.607,22.769,0.00
1786223550,bench_mixed,0.00,0.00,0.0,0.000,0.002,27.607,22.767,0.00
1786223555,bench_mixed,0.00,0.00,0.0,0.000,0.002,27.607,22.767,0.00
1786223560,bench_mixed,0.00,0.00,0.0,0.000,0.002,27.607,22.767,0.00
1786223565,bench_mixed,0.00,0.00,0.0,0.000,0.002,27.607,22.767,0.00
1786223570,bench_mixed,0.00,0.00,0.0,0.000,0.002,27.607,22.766,0.00
1786223575,bench_mixed,0.00,0.00,0.0,0.000,0.002,27.607,22.768,0.00
1786223580,bench_mixed,0.00,0.00,0.0,0.000,0.002,27.607,22.766,0.00
1786223585,bench_mixed,0.00,0.00,0.0,0.000,0.002,27.607,22.766,0.00
1786223590,bench_mixed,0.00,0.00,0.0,0.000,0.002,27.607,22.766,0.00
1786223595,bench_mixed,0.00,0.00,0.0,0.000,0.002,27.607,22.766,0.00
1786223600,bench_mixed,0.00,0.00,0.0,0.000,0.002,27.607,22.768,0.00
1786223605,bench_mixed,0.00,0.00,0.0,0.000,0.002,27.607,22.768,0.00
1786223610,bench_mixed,0.00,0.00,0.0,0.000,0.002,27.607,22.767,0.00
1786223615,bench_mixed,0.00,0.00,0.0,0.000,0.002,27.607,22.768,0.00
1786223620,bench_mixed,0.00,0.00,0.0,0.000,0.002,27.607,22.758,0.03
1786223625,bench_mixed,0.00,0.00,0.0,0.000,0.002,27.607,22.758,0.00
1786223630,bench_mixed,0.00,0.00,0.0,0.000,0.002,27.607,22.761,0.00
1786223635,bench_mixed,0.00,0.00,0.0,0.000,0.002,27.607,22.761,0.00
1786223641,bench_mixed,0.00,0.00,0.0,0.000,0.002,27.607,22.762,0.00
1786223646,bench_mixed,0.00,0.00,0.0,0.000,0.002,27.607,22.763,0.00
1786223651,bench_mixed,0.00,0.00,0.0,0.000,0.002,27.607,22.765,0.00
1786223656,bench_mixed,0.00,0.00,0.0,0.000,0.002,27.607,22.764,0.00
1786223661,bench_mixed,0.00,0.00,0.0,0.000,0.002,27.607,22.763,0.00
1786223666,bench_mixed,0.00,0.00,0.0,0.000,0.002,27.607,22.763,0.00
1786223671,bench_mixed,0.00,0.00,0.0,0.000,0.002,27.607,22.763,0.00
1786223676,bench_mixed,0.00,0.00,0.0,0.000,0.002,27.607,22.763,0.00
1786223681,bench_mixed,0.00,0.00,0.0,0.000,0.002,27.607,22.761,0.00
1786223686,bench_mixed,0.00,0.00,0.0,0.000,0.002,27.607,22.761,0.00
1786223691,bench_mixed,0.00,0.00,0.0,0.000,0.002,27.607,22.760,0.00
1786223696,bench_mixed,0.00,0.00,0.0,0.000,0.002,27.607,22.761,0.00
1786223701,bench_mixed,0.00,0.00,0.0,0.000,0.002,27.607,22.762,0.00
1786223706,bench_mixed,0.00,0.00,0.0,0.000,0.002,27.607,22.762,0.00
1786223711,bench_mixed,0.00,0.00,0.0,0.000,0.002,27.607,22.762,0.00
1786223716,bench_mixed,0.00,0.00,0.0,0.000,0.002,27.607,22.762,0.00
1786223721,bench_mixed,0.00,0.00,0.0,0.000,0.002,27.607,22.762,0.00
1786223726,bench_mixed,0.00,0.00,0.0,0.000,0.002,27.607,22.762,0.00
1786223731,bench_mixed,0.00,0.00,0.0,0.000,0.002,27.607,22.761,0.00
1786223737,bench_mixed,0.00,0.00,0.0,0.000,0.002,27.607,22.761,0.00
1786223742,bench_mixed,0.00,0.00,0.0,0.000,0.002,27.607,22.761,0.00
1786223747,bench_mixed,0.00,0.00,0.0,0.000,0.002,27.607,22.761,0.00
1786223752,bench_mixed,0.00,0.00,0.0,0.000,0.002,27.607,22.760,0.00
1786223757,bench_mixed,0.00,0.00,0.0,0.000,0.002,27.607,22.759,0.00
1786223762,bench_mixed,0.00,0.00,0.0,0.000,0.002,27.607,22.759,0.00
1786223767,bench_mixed,0.00,0.00,0.0,0.000,0.002,27.607,22.760,0.00
1786223772,bench_mixed,0.00,0.00,0.0,0.000,0.002,27.607,22.760,0.00
1786223777,bench_mixed,0.00,0.00,0.0,0.000,0.002,27.607,22.760,0.00
1786223782,bench_mixed,0.00,0.00,0.0,0.000,0.002,27.607,22.760,0.00
1786223787,bench_mixed,0.00,0.00,0.0,0.000,0.002,27.607,22.760,0.00
1786223792,bench_mixed,0.00,0.00,0.0,0.000,0.002,27.607,22.760,0.00
1786223797,bench_mixed,0.00,0.00,0.0,0.000,0.002,27.607,22.760,0.00
1786223802,bench_mixed,0.00,0.00,0.0,0.000,0.002,27.607,22.761,0.00
1786223807,bench_mixed,0.00,0.00,0.0,0.000,0.002,27.607,22.762,0.00
1786223812,bench_mixed,0.00,0.00,0.0,0.000,0.002,27.607,22.762,0.00
1786223817,bench_mixed,0.00,0.00,0.0,0.000,0.002,27.607,22.761,0.00
1786223822,bench_mixed,0.00,0.00,0.0,0.000,0.002,27.607,22.760,0.00
1786223827,bench_mixed,0.00,0.00,0.0,0.000,0.002,27.607,22.760,0.00
1786223833,bench_mixed,0.00,0.00,0.0,0.000,0.002,27.607,22.759,0.00
1786223838,bench_mixed,0.00,0.00,0.0,0.000,0.002,27.607,22.761,0.00
1786223843,bench_mixed,0.00,0.00,0.0,0.000,0.002,27.607,22.761,0.00
1786223848,bench_mixed,0.00,0.00,0.0,0.000,0.002,27.607,22.761,0.00
1786223853,bench_mixed,0.00,0.00,0.0,0.000,0.002,27.607,22.759,0.00
1786223858,bench_mixed,0.00,0.00,0.0,0.000,0.002,27.607,22.760,0.00
1786223863,bench_mixed,0.00,0.00,0.0,0.000,0.002,27.607,22.758,0.00
1786223868,bench_mixed,0.00,0.00,0.0,0.000,0.002,27.607,22.759,0.00
1786223873,bench_mixed,0.00,0.00,0.0,0.000,0.002,27.607,22.760,0.00
1786223878,bench_mixed,0.00,0.00,0.0,0.000,0.002,27.607,22.759,0.00
1786223883,bench_mixed,0.00,0.00,0.0,0.000,0.002,27.607,22.760,0.00
1786223888,bench_mixed,0.00,0.00,0.0,0.000,0.002,27.607,22.761,0.00
1786223893,bench_mixed,0.00,0.00,0.0,0.000,0.002,27.607,22.761,0.00
1786223898,bench_mixed,0.00,0.00,0.0,0.000,0.002,27.607,22.760,0.00
1786223903,bench_mixed,0.00,0.00,0.0,0.000,0.002,27.607,22.760,0.00
1786223908,bench_mixed,0.00,0.00,0.0,0.000,0.002,27.607,22.759,0.00
1786223913,bench_mixed,0.00,0.00,0.0,0.000,0.002,27.607,22.759,0.00
1786223918,bench_mixed,0.00,0.00,0.0,0.000,0.002,27.607,22.757,0.00
1786223923,bench_mixed,0.00,0.00,0.0,0.000,0.002,27.607,22.750,0.03
1786223929,bench_mixed,0.00,0.00,0.0,0.000,0.002,27.607,22.753,0.00
1786223934,bench_mixed,0.00,0.00,0.0,0.000,0.002,27.607,22.754,0.00
1786223939,bench_mixed,0.00,0.00,0.0,0.000,0.002,27.607,22.753,0.00
1786223944,bench_mixed,0.00,0.00,0.0,0.000,0.002,27.607,22.753,0.00
1786223949,bench_mixed,0.00,0.00,0.0,0.000,0.002,27.607,22.754,0.00
1786223954,bench_mixed,0.00,0.00,0.0,0.000,0.002,27.607,22.754,0.00
1786223959,bench_mixed,0.00,0.00,0.0,0.000,0.002,27.607,22.753,0.00
1786223964,bench_mixed,0.00,0.00,0.0,0.000,0.002,27.607,22.753,0.00
1786223969,bench_mixed,0.00,0.00,0.0,0.000,0.002,27.607,22.755,0.00
1786223974,bench_mixed,0.00,0.00,0.0,0.000,0.002,27.607,22.757,0.00
1786223979,bench_mixed,0.00,0.00,0.0,0.000,0.002,27.607,22.758,0.00
1786223984,bench_mixed,0.00,0.00,0.0,0.000,0.002,27.607,22.757,0.00
1786223989,bench_mixed,0.00,0.00,0.0,0.000,0.002,27.607,22.756,0.00
1786223994,bench_mixed,0.00,0.00,0.0,0.000,0.002,27.607,22.756,0.00
1786223999,bench_mixed,0.00,0.00,0.0,0.000,0.002,27.607,22.755,0.00
1786224004,bench_mixed,0.00,0.00,0.0,0.000,0.002,27.607,22.755,0.00
1786224009,bench_mixed,0.00,0.00,0.0,0.000,0.002,27.607,22.754,0.00
1786224014,bench_mixed,0.00,0.00,0.0,0.000,0.002,27.607,22.755,0.00
1786224019,bench_mixed,0.00,0.00,0.0,0.000,0.002,27.607,22.754,0.00
1786224025,bench_mixed,0.00,0.00,0.0,0.000,0.002,27.607,22.755,0.00
1786224030,bench_mixed,0.00,0.00,0.0,0.000,0.002,27.607,22.754,0.00
1786224035,bench_mixed,0.00,0.00,0.0,0.000,0.002,27.607,22.755,0.00
1786224040,bench_mixed,0.00,0.00,0.0,0.000,0.002,27.607,22.755,0.00
1786224045,bench_mixed,0.00,0.00,0.0,0.000,0.002,27.607,22.755,0.00
1786224050,bench_mixed,0.00,0.00,0.0,0.000,0.002,27.607,22.755,0.00
1786224055,bench_mixed,0.00,0.00,0.0,0.000,0.002,27.607,22.756,0.00
1786224060,bench_mixed,0.00,0.00,0.0,0.000,0.002,27.607,22.755,0.00
1786224065,bench_mixed,0.00,0.00,0.0,0.000,0.002,27.607,22.756,0.00
1786224070,bench_mixed,0.00,0.00,0.0,0.000,0.002,27.607,22.755,0.00
1786224075,bench_mixed,0.00,0.00,0.0,0.000,0.002,27.607,22.756,0.00
1786224080,bench_mixed,0.00,0.00,0.0,0.000,0.002,27.607,22.755,0.00
1786224085,bench_mixed,0.00,0.00,0.0,0.000,0.002,27.607,22.755,0.00
1786224090,bench_mixed,0.00,0.00,0.0,0.000,0.002,27.607,22.756,0.00
1786224095,bench_mixed,0.00,0.00,0.0,0.000,0.002,27.607,22.757,0.00
1786224100,bench_mixed,0.00,0.00,0.0,0.000,0.002,27.607,22.759,0.00
1786224105,bench_mixed,0.00,0.00,0.0,0.000,0.002,27.607,22.759,0.00
1786224110,bench_mixed,0.00,0.00,0.0,0.000,0.002,27.607,22.760,0.00
1786224115,bench_mixed,0.00,0.00,0.0,0.000,0.002,27.607,22.760,0.00
1786224121,bench_mixed,0.00,0.00,0.0,0.000,0.002,27.607,22.758,0.00
1786224126,bench_mixed,0.00,0.00,0.0,0.000,0.002,27.607,22.760,0.00
1786224131,bench_mixed,0.00,0.00,0.0,0.000,0.002,27.607,22.767,0.00
1786224136,bench_mixed,0.00,0.00,0.0,0.000,0.002,27.607,22.767,0.00
1786224141,bench_mixed,0.00,0.00,0.0,0.000,0.002,27.607,22.769,0.00
1786224146,bench_mixed,0.00,0.00,0.0,0.000,0.002,27.607,22.770,0.00
1786224151,bench_mixed,0.00,0.00,0.0,0.000,0.002,27.607,22.768,0.00
1786224156,bench_mixed,0.00,0.00,0.0,0.000,0.002,27.607,22.768,0.00
1786224161,bench_mixed,0.00,0.00,0.0,0.000,0.002,27.607,22.767,0.00
1786224166,bench_mixed,0.00,0.00,0.0,0.000,0.002,27.607,22.768,0.00
1786224171,bench_mixed,0.00,0.00,0.0,0.000,0.002,27.607,22.769,0.00
1786224176,bench_mixed,0.00,0.00,0.0,0.000,0.002,27.607,22.769,0.00
1786224181,bench_mixed,0.00,0.00,0.0,0.000,0.002,27.607,22.765,0.00
1786224186,bench_mixed,0.00,0.00,0.0,0.000,0.002,27.607,22.767,0.00
1786224191,bench_mixed,0.00,0.00,0.0,0.000,0.002,27.607,22.767,0.00
1786224196,bench_mixed,0.00,0.00,0.0,0.000,0.002,27.607,22.768,0.00
1786224201,bench_mixed,0.00,0.00,0.0,0.000,0.002,27.607,22.769,0.00
1786224206,bench_mixed,0.00,0.00,0.0,0.000,0.002,27.607,22.769,0.00
1786224211,bench_mixed,0.00,0.00,0.0,0.000,0.002,27.607,22.768,0.00
1786224217,bench_mixed,0.00,0.00,0.0,0.000,0.002,27.607,22.769,0.00
1786224222,bench_mixed,0.00,0.00,0.0,0.000,0.002,27.607,22.759,0.03
1786224227,bench_mixed,0.00,0.00,0.0,0.000,0.002,27.607,22.760,0.00
1786224232,bench_mixed,0.00,0.00,0.0,0.000,0.002,27.607,22.759,0.00
1786224237,bench_mixed,0.00,0.00,0.0,0.000,0.002,27.607,22.760,0.00
1786224242,bench_mixed,0.00,0.00,0.0,0.000,0.002,27.607,22.761,0.00
1786224247,bench_mixed,0.00,0.00,0.0,0.000,0.002,27.607,22.760,0.00
1786224252,bench_mixed,0.00,0.00,0.0,0.000,0.002,27.607,22.760,0.00
1786224257,bench_mixed,0.00,0.00,0.0,0.000,0.002,27.607,22.762,0.00
1786224262,bench_mixed,0.00,0.00,0.0,0.000,0.002,27.607,22.762,0.00
1786224267,bench_mixed,0.00,0.00,0.0,0.000,0.002,27.607,22.762,0.00
1786224272,bench_mixed,0.00,0.00,0.0,0.000,0.002,27.607,22.763,0.00
1786224277,bench_mixed,0.00,0.00,0.0,0.000,0.002,27.607,22.765,0.00
1786224282,bench_mixed,0.00,0.00,0.0,0.000,0.002,27.607,22.764,0.00
1786224287,bench_mixed,0.00,0.00,0.0,0.000,0.002,27.607,22.763,0.00
1786224292,bench_mixed,0.00,0.00,0.0,0.000,0.002,27.607,22.763,0.00
1786224297,bench_mixed,0.00,0.00,0.0,0.000,0.002,27.607,22.763,0.00
1786224302,bench_mixed,0.00,0.00,0.0,0.000,0.002,27.607,22.763,0.00
1786224307,bench_mixed,0.00,0.00,0.0,0.000,0.002,27.607,22.763,0.00
1786224313,bench_mixed,0.00,0.00,0.0,0.000,0.002,27.607,22.762,0.00
1786224318,bench_mixed,0.00,0.00,0.0,0.000,0.002,27.607,22.761,0.00
1786224323,bench_mixed,0.00,0.00,0.0,0.000,0.002,27.607,22.761,0.00
1786224328,bench_mixed,0.00,0.00,0.0,0.000,0.002,27.607,22.764,0.00
1786224333,bench_mixed,0.00,0.00,0.0,0.000,0.002,27.607,22.765,0.00
1786224338,bench_mixed,0.00,0.00,0.0,0.000,0.002,27.607,22.765,0.00
1786224343,bench_mixed,0.00,0.00,0.0,0.000,0.002,27.607,22.765,0.00
1786224348,bench_mixed,0.00,0.00,0.0,0.000,0.002,27.607,22.766,0.00
1786224353,bench_mixed,0.00,0.00,0.0,0.000,0.002,27.607,22.766,0.00
1786224358,bench_mixed,0.00,0.00,0.0,0.000,0.002,27.607,22.766,0.00
1786224363,bench_mixed,0.00,0.00,0.0,0.000,0.002,27.607,22.767,0.00
1786224368,bench_mixed,0.00,0.00,0.0,0.000,0.002,27.607,22.766,0.00
1786224373,bench_mixed,0.00,0.00,0.0,0.000,0.002,27.607,22.765,0.00
1786224378,bench_mixed,0.00,0.00,0.0,0.000,0.002,27.607,22.765,0.00
1786224383,bench_mixed,0.00,0.00,0.0,0.000,0.002,27.607,22.764,0.00
1786224388,bench_mixed,0.00,0.00,0.0,0.000,0.002,27.607,22.764,0.00
1786224393,bench_mixed,0.00,0.00,0.0,0.000,0.002,27.607,22.763,0.00
1786224398,bench_mixed,0.00,0.00,0.0,0.000,0.002,27.607,22.766,0.00
1786224403,bench_mixed,0.00,0.00,0.0,0.000,0.002,27.607,22.766,0.00
1786224409,bench_mixed,0.00,0.00,0.0,0.000,0.002,27.607,22.768,0.00
1786224414,bench_mixed,0.00,0.00,0.0,0.000,0.002,27.607,22.768,0.00
1786224419,bench_mixed,0.00,0.00,0.0,0.000,0.002,27.607,22.768,0.00
1786224424,bench_mixed,0.00,0.00,0.0,0.000,0.002,27.607,22.768,0.00
1786224429,bench_mixed,0.00,0.00,0.0,0.000,0.002,27.607,22.767,0.00
1786224434,bench_mixed,0.00,0.00,0.0,0.000,0.002,27.607,22.767,0.00
1786224439,bench_mixed,0.00,0.00,0.0,0.000,0.002,27.607,22.766,0.00
1786224444,bench_mixed,0.00,0.00,0.0,0.000,0.002,27.607,22.767,0.00
1786224449,bench_mixed,0.00,0.00,0.0,0.000,0.002,27.607,22.767,0.00
1786224454,bench_mixed,0.00,0.00,0.0,0.000,0.002,27.607,22.767,0.00
1786224459,bench_mixed,0.00,0.00,0.0,0.000,0.002,27.607,22.767,0.00
1786224464,bench_mixed,0.00,0.00,0.0,0.000,0.002,27.607,22.767,0.00
1786224469,bench_mixed,0.00,0.00,0.0,0.000,0.002,27.607,22.768,0.00
1786224474,bench_mixed,0.00,0.00,0.0,0.000,0.002,27.607,22.768,0.00
1786224479,bench_mixed,0.00,0.00,0.0,0.000,0.002,27.607,22.767,0.00
1786224484,bench_mixed,0.00,0.00,0.0,0.000,0.002,27.607,22.767,0.00
1786224489,bench_mixed,0.00,0.00,0.0,0.000,0.002,27.607,22.767,0.00
1786224494,bench_mixed,0.00,0.00,0.0,0.000,0.002,27.607,22.768,0.00
1786224499,bench_mixed,0.00,0.00,0.0,0.000,0.002,27.607,22.767,0.00
1786224505,bench_mixed,0.00,0.00,0.0,0.000,0.002,27.607,22.769,0.00
1786224510,bench_mixed,0.00,0.00,0.0,0.000,0.002,27.607,22.768,0.00
1786224515,bench_mixed,0.00,0.00,0.0,0.000,0.002,27.607,22.767,0.00
1786224520,bench_mixed,0.00,0.00,0.0,0.000,0.002,27.607,22.757,0.02
1786224525,bench_mixed,0.00,0.00,0.0,0.000,0.002,27.607,22.758,0.01
1786224530,bench_mixed,0.00,0.00,0.0,0.000,0.002,27.607,22.758,0.00
1786224535,bench_mixed,0.00,0.00,0.0,0.000,0.002,27.607,22.758,0.00
1786224540,bench_mixed,0.00,0.00,0.0,0.000,0.002,27.607,22.758,0.00
1786224545,bench_mixed,0.00,0.00,0.0,0.000,0.002,27.607,22.757,0.00
1786224550,bench_mixed,0.00,0.00,0.0,0.000,0.002,27.607,22.757,0.00
1786224555,bench_mixed,0.00,0.00,0.0,0.000,0.002,27.607,22.757,0.00
1786224560,bench_mixed,0.00,0.00,0.0,0.000,0.002,27.607,22.757,0.00
1786224565,bench_mixed,0.00,0.00,0.0,0.000,0.002,27.607,22.758,0.00
1786224570,bench_mixed,0.00,0.00,0.0,0.000,0.002,27.607,22.758,0.00
1786224575,bench_mixed,0.00,0.00,0.0,0.000,0.002,27.607,22.759,0.00
1786224580,bench_mixed,0.00,0.00,0.0,0.000,0.002,27.607,22.757,0.00
1786224585,bench_mixed,0.00,0.00,0.0,0.000,0.002,27.607,22.759,0.00
1786224590,bench_mixed,0.00,0.00,0.0,0.000,0.002,27.607,22.758,0.00
1786224595,bench_mixed,0.00,0.00,0.0,0.000,0.002,27.607,22.759,0.00
1786224601,bench_mixed,0.00,0.00,0.0,0.000,0.002,27.607,22.759,0.00
1786224606,bench_mixed,0.00,0.00,0.0,0.000,0.002,27.607,22.761,0.00
1786224611,bench_mixed,0.00,0.00,0.0,0.000,0.002,27.607,22.762,0.00
1786224616,bench_mixed,0.00,0.00,0.0,0.000,0.002,27.607,22.763,0.00
1786224621,bench_mixed,0.00,0.00,0.0,0.000,0.002,27.607,22.763,0.00
1786224626,bench_mixed,0.00,0.00,0.0,0.000,0.002,27.607,22.766,0.00
1786224631,bench_mixed,0.00,0.00,0.0,0.000,0.002,27.607,22.766,0.00
1786224636,bench_mixed,0.00,0.00,0.0,0.000,0.002,27.607,22.765,0.00
1786224641,bench_mixed,0.00,0.00,0.0,0.000,0.002,27.607,22.765,0.00
1786224646,bench_mixed,0.00,0.00,0.0,0.000,0.002,27.607,22.765,0.00
1786224651,bench_mixed,0.00,0.00,0.0,0.000,0.002,27.607,22.765,0.00
1786224656,bench_mixed,0.00,0.00,0.0,0.000,0.002,27.607,22.763,0.00
1786224661,bench_mixed,0.00,0.00,0.0,0.000,0.002,27.607,22.763,0.00
1786224666,bench_mixed,0.00,0.00,0.0,0.000,0.002,27.607,22.764,0.00
1786224671,bench_mixed,0.00,0.00,0.0,0.000,0.002,27.607,22.764,0.00
1786224676,bench_mixed,0.00,0.00,0.0,0.000,0.002,27.607,22.765,0.00
1786224681,bench_mixed,0.00,0.00,0.0,0.000,0.002,27.607,22.765,0.00
1786224686,bench_mixed,0.00,0.00,0.0,0.000,0.002,27.607,22.763,0.00
1786224692,bench_mixed,0.00,0.00,0.0,0.000,0.002,27.607,22.763,0.00
1786224697,bench_mixed,0.00,0.00,0.0,0.000,0.002,27.607,22.764,0.00
1786224702,bench_mixed,0.00,0.00,0.0,0.000,0.002,27.607,22.764,0.00
1786224707,bench_mixed,0.00,0.00,0.0,0.000,0.002,27.607,22.765,0.00
1786224712,bench_mixed,0.00,0.00,0.0,0.000,0.002,27.607,22.765,0.00
1786224717,bench_mixed,0.00,0.00,0.0,0.000,0.002,27.607,22.768,0.00
1786224722,bench_mixed,0.00,0.00,0.0,0.000,0.002,27.607,22.768,0.00
1786224727,bench_mixed,0.00,0.00,0.0,0.000,0.002,27.607,22.768,0.00
1786224732,bench_mixed,0.00,0.00,0.0,0.000,0.002,27.607,22.768,0.00
1786224737,bench_mixed,0.00,0.00,0.0,0.000,0.002,27.607,22.766,0.00
1786224742,bench_mixed,0.00,0.00,0.0,0.000,0.002,27.607,22.765,0.00
1786224747,bench_mixed,0.00,0.00,0.0,0.000,0.002,27.607,22.766,0.00
1786224752,bench_mixed,0.00,0.00,0.0,0.000,0.002,27.607,22.766,0.00
1786224757,bench_mixed,0.00,0.00,0.0,0.000,0.002,27.607,22.767,0.00
1786224762,bench_mixed,0.00,0.00,0.0,0.000,0.002,27.607,22.767,0.00
1786224767,bench_mixed,0.00,0.00,0.0,0.000,0.002,27.607,22.765,0.00
1786224772,bench_mixed,0.00,0.00,0.0,0.000,0.002,27.607,22.765,0.00
1786224777,bench_mixed,0.00,0.00,0.0,0.000,0.002,27.607,22.763,0.00
1786224782,bench_mixed,0.00,0.00,0.0,0.000,0.002,27.607,22.763,0.00
1786224788,bench_mixed,0.00,0.00,0.0,0.000,0.002,27.607,22.762,0.00
1786224793,bench_mixed,0.00,0.00,0.0,0.000,0.002,27.607,22.763,0.00
1786224798,bench_mixed,0.00,0.00,0.0,0.000,0.002,27.607,22.767,0.00
1786224803,bench_mixed,0.00,0.00,0.0,0.000,0.002,27.607,22.767,0.00
1786224808,bench_mixed,0.00,0.00,0.0,0.000,0.002,27.607,22.770,0.00
1786224813,bench_mixed,0.00,0.00,0.0,0.000,0.002,27.607,22.770,0.00
1786224818,bench_mixed,0.00,0.00,0.0,0.000,0.002,27.607,22.770,0.00
1786224823,bench_mixed,0.00,0.00,0.0,0.000,0.002,27.607,22.761,0.03
1786224828,bench_mixed,0.00,0.00,0.0,0.000,0.002,27.607,22.763,0.00
1786224833,bench_mixed,0.00,0.00,0.0,0.000,0.002,27.607,22.763,0.00
1786224838,bench_mixed,0.00,0.00,0.0,0.000,0.002,27.607,22.765,0.00
1786224843,bench_mixed,0.00,0.00,0.0,0.000,0.002,27.607,22.765,0.00
1786224848,bench_mixed,0.00,0.00,0.0,0.000,0.002,27.607,22.764,0.00
1786224853,bench_mixed,0.00,0.00,0.0,0.000,0.002,27.607,22.766,0.00
1786224858,bench_mixed,0.00,0.00,0.0,0.000,0.002,27.607,22.764,0.00
1786224863,bench_mixed,0.00,0.00,0.0,0.000,0.002,27.607,22.766,0.00
1786224868,bench_mixed,0.00,0.00,0.0,0.000,0.002,27.607,22.768,0.00
1786224873,bench_mixed,0.00,0.00,0.0,0.000,0.002,27.607,22.769,0.00
1786224878,bench_mixed,0.00,0.00,0.0,0.000,0.002,27.607,22.767,0.00
1786224884,bench_mixed,0.00,0.00,0.0,0.000,0.002,27.607,22.767,0.00
1786224889,bench_mixed,0.00,0.00,0.0,0.000,0.002,27.607,22.767,0.00
1786224894,bench_mixed,0.00,0.00,0.0,0.000,0.002,27.607,22.767,0.00
1786224899,bench_mixed,0.00,0.00,0.0,0.000,0.002,27.607,22.766,0.00
1786224904,bench_mixed,0.00,0.00,0.0,0.000,0.002,27.607,22.766,0.00
1786224909,bench_mixed,0.00,0.00,0.0,0.000,0.002,27.607,22.766,0.00
1786224914,bench_mixed,0.00,0.00,0.0,0.000,0.002,27.607,22.767,0.00
1786224919,bench_mixed,0.00,0.00,0.0,0.000,0.002,27.607,22.764,0.00
1786224924,bench_mixed,0.00,0.00,0.0,0.000,0.002,27.607,22.765,0.00
1786224929,bench_mixed,0.00,0.00,0.0,0.000,0.002,27.607,22.766,0.00
1786224934,bench_mixed,0.00,0.00,0.0,0.000,0.002,27.607,22.765,0.00
1786224939,bench_mixed,0.00,0.00,0.0,0.000,0.002,27.607,22.765,0.00
1786224944,bench_mixed,0.00,0.00,0.0,0.000,0.002,27.607,22.764,0.00
1786224949,bench_mixed,0.00,0.00,0.0,0.000,0.002,27.607,22.764,0.00
1786224954,bench_mixed,0.00,0.00,0.0,0.000,0.002,27.607,22.765,0.00
1786224959,bench_mixed,0.00,0.00,0.0,0.000,0.002,27.607,22.766,0.00
1786224964,bench_mixed,0.00,0.00,0.0,0.000,0.002,27.607,22.767,0.00
1786224969,bench_mixed,0.00,0.00,0.0,0.000,0.002,27.607,22.768,0.00
1786224974,bench_mixed,0.00,0.00,0.0,0.000,0.002,27.607,22.770,0.00
1786224980,bench_mixed,0.00,0.00,0.0,0.000,0.002,27.607,22.770,0.00
1786224985,bench_mixed,0.00,0.00,0.0,0.000,0.002,27.607,22.768,0.00
1786224990,bench_mixed,0.00,0.00,0.0,0.000,0.002,27.607,22.768,0.00
1786224995,bench_mixed,0.00,0.00,0.0,0.000,0.002,27.607,22.769,0.00
1786225000,bench_mixed,0.00,0.00,0.0,0.000,0.002,27.607,22.769,0.00
1786225005,bench_mixed,0.00,0.00,0.0,0.000,0.002,27.607,22.769,0.00
1786225010,bench_mixed,0.00,0.00,0.0,0.000,0.002,27.607,22.769,0.00
1786225015,bench_mixed,0.00,0.00,0.0,0.000,0.002,27.607,22.769,0.00
1786225020,bench_mixed,0.00,0.00,0.0,0.000,0.002,27.607,22.769,0.00
1786225025,bench_mixed,0.00,0.00,0.0,0.000,0.002,27.607,22.768,0.00
1786225030,bench_mixed,0.00,0.00,0.0,0.000,0.002,27.607,22.768,0.00
1786225035,bench_mixed,0.00,0.00,0.0,0.000,0.002,27.607,22.767,0.00
1786225040,bench_mixed,0.00,0.00,0.0,0.000,0.002,27.607,22.767,0.00
1786225045,bench_mixed,0.00,0.00,0.0,0.000,0.002,27.607,22.767,0.00
1786225050,bench_mixed,0.00,0.00,0.0,0.000,0.002,27.607,22.767,0.00
1786225055,bench_mixed,0.00,0.00,0.0,0.000,0.002,27.607,22.767,0.00
1786225060,bench_mixed,0.00,0.00,0.0,0.000,0.002,27.607,22.767,0.00
1786225065,bench_mixed,0.00,0.00,0.0,0.000,0.002,27.607,22.770,0.00
1786225070,bench_mixed,0.00,0.00,0.0,0.000,0.002,27.607,22.770,0.00
1786225076,bench_mixed,0.00,0.00,0.0,0.000,0.002,27.607,22.769,0.00
1786225081,bench_mixed,0.00,0.00,0.0,0.000,0.002,27.607,22.769,0.00
1786225086,bench_mixed,0.00,0.00,0.0,0.000,0.002,27.607,22.769,0.00
1786225091,bench_mixed,0.00,0.00,0.0,0.000,0.002,27.607,22.769,0.00
1786225096,bench_mixed,0.00,0.00,0.0,0.000,0.002,27.607,22.768,0.00
1786225101,bench_mixed,0.00,0.00,0.0,0.000,0.002,27.607,22.767,0.00
1786225106,bench_mixed,0.00,0.00,0.0,0.000,0.002,27.607,22.765,0.00
1786225111,bench_mixed,0.00,0.00,0.0,0.000,0.002,27.607,22.765,0.00
1786225116,bench_mixed,0.00,0.00,0.0,0.000,0.002,27.607,22.764,0.00
1786225121,bench_mixed,0.00,0.00,0.0,0.000,0.002,27.607,22.755,0.03
1786225126,bench_mixed,0.00,0.00,0.0,0.000,0.002,27.607,22.754,0.00
1786225131,bench_mixed,0.00,0.00,0.0,0.000,0.002,27.607,22.755,0.00
1786225136,bench_mixed,0.00,0.00,0.0,0.000,0.002,27.607,22.757,0.00
1786225141,bench_mixed,0.00,0.00,0.0,0.000,0.002,27.607,22.757,0.00
1786225146,bench_mixed,0.00,0.00,0.0,0.000,0.002,27.607,22.758,0.00
1786225151,bench_mixed,0.00,0.00,0.0,0.000,0.002,27.607,22.759,0.00
1786225156,bench_mixed,0.00,0.00,0.0,0.000,0.002,27.607,22.760,0.00
1786225161,bench_mixed,0.00,0.00,0.0,0.000,0.002,27.607,22.761,0.00
1786225166,bench_mixed,0.00,0.00,0.0,0.000,0.002,27.607,22.761,0.00
1786225172,bench_mixed,0.00,0.00,0.0,0.000,0.002,27.607,22.762,0.00
1786225177,bench_mixed,0.00,0.00,0.0,0.000,0.002,27.607,22.762,0.00
1786225182,bench_mixed,0.00,0.00,0.0,0.000,0.002,27.607,22.762,0.00
1786225187,bench_mixed,0.00,0.00,0.0,0.000,0.002,27.607,22.763,0.00
1786225192,bench_mixed,0.00,0.00,0.0,0.000,0.002,27.607,22.763,0.00
1786225197,bench_mixed,0.00,0.00,0.0,0.000,0.002,27.607,22.762,0.00
1786225202,bench_mixed,0.00,0.00,0.0,0.000,0.002,27.607,22.763,0.00
1786225207,bench_mixed,0.00,0.00,0.0,0.000,0.002,27.607,22.762,0.00
1786225212,bench_mixed,0.00,0.00,0.0,0.000,0.002,27.607,22.763,0.00
1786225217,bench_mixed,0.00,0.00,0.0,0.000,0.002,27.607,22.765,0.00
1786225222,bench_mixed,0.00,0.00,0.0,0.000,0.002,27.607,22.766,0.00
1786225227,bench_mixed,0.00,0.00,0.0,0.000,0.002,27.607,22.767,0.00
1786225232,bench_mixed,0.00,0.00,0.0,0.000,0.002,27.607,22.767,0.00
1786225237,bench_mixed,0.00,0.00,0.0,0.000,0.002,27.607,22.768,0.00
1786225242,bench_mixed,0.00,0.00,0.0,0.000,0.002,27.607,22.768,0.00
1786225247,bench_mixed,0.00,0.00,0.0,0.000,0.002,27.607,22.768,0.00
1786225252,bench_mixed,0.00,0.00,0.0,0.000,0.002,27.607,22.768,0.00
1786225257,bench_mixed,0.00,0.00,0.0,0.000,0.002,27.607,22.765,0.00
1786225262,bench_mixed,0.00,0.00,0.0,0.000,0.002,27.607,22.767,0.00
1786225268,bench_mixed,0.00,0.00,0.0,0.000,0.002,27.607,22.764,0.00
1786225273,bench_mixed,0.00,0.00,0.0,0.000,0.002,27.607,22.764,0.00
1786225278,bench_mixed,0.00,0.00,0.0,0.000,0.002,27.607,22.763,0.00
1786225283,bench_mixed,0.00,0.00,0.0,0.000,0.002,27.607,22.765,0.00
1786225288,bench_mixed,0.00,0.00,0.0,0.000,0.002,27.607,22.762,0.00
1786225293,bench_mixed,0.00,0.00,0.0,0.000,0.002,27.607,22.761,0.00
1786225298,bench_mixed,0.00,0.00,0.0,0.000,0.002,27.607,22.760,0.00
1786225303,bench_mixed,0.00,0.00,0.0,0.000,0.002,27.607,22.761,0.00
1786225308,bench_mixed,0.00,0.00,0.0,0.000,0.002,27.607,22.760,0.00
1786225313,bench_mixed,0.00,0.00,0.0,0.000,0.002,27.607,22.765,0.00
1786225318,bench_mixed,0.00,0.00,0.0,0.000,0.002,27.607,22.765,0.00
1786225323,bench_mixed,0.00,0.00,0.0,0.000,0.002,27.607,22.766,0.00
1786225328,bench_mixed,0.00,0.00,0.0,0.000,0.002,27.607,22.766,0.00
1786225333,bench_mixed,0.00,0.00,0.0,0.000,0.002,27.607,22.766,0.00
1786225338,bench_mixed,0.00,0.00,0.0,0.000,0.002,27.607,22.766,0.00
1786225343,bench_mixed,0.00,0.00,0.0,0.000,0.002,27.607,22.764,0.00
1786225348,bench_mixed,0.00,0.00,0.0,0.000,0.002,27.607,22.764,0.00
1786225353,bench_mixed,0.00,0.00,0.0,0.000,0.002,27.607,22.762,0.00
1786225358,bench_mixed,0.00,0.00,0.0,0.000,0.002,27.607,22.761,0.00
1786225364,bench_mixed,0.00,0.00,0.0,0.000,0.002,27.607,22.762,0.00
1786225369,bench_mixed,0.00,0.00,0.0,0.000,0.002,27.607,22.762,0.00
1786225374,bench_mixed,0.00,0.00,0.0,0.000,0.002,27.607,22.759,0.00
1786225379,bench_mixed,0.00,0.00,0.0,0.000,0.002,27.607,22.760,0.00
1786225384,bench_mixed,0.00,0.00,0.0,0.000,0.002,27.607,22.762,0.00
1786225389,bench_mixed,0.00,0.00,0.0,0.000,0.002,27.607,22.762,0.00
1786225394,bench_mixed,0.00,0.00,0.0,0.000,0.002,27.607,22.764,0.00
1786225399,bench_mixed,0.00,0.00,0.0,0.000,0.002,27.607,22.765,0.00
1786225404,bench_mixed,0.00,0.00,0.0,0.000,0.002,27.607,22.766,0.00
1786225409,bench_mixed,0.00,0.00,0.0,0.000,0.002,27.607,22.766,0.00
1786225414,bench_mixed,0.00,0.00,0.0,0.000,0.002,27.607,22.766,0.00
1786225419,bench_mixed,0.00,0.00,0.0,0.000,0.002,27.607,22.760,0.01
1786225424,bench_mixed,0.00,0.00,0.0,0.000,0.002,27.607,22.760,0.02
1786225429,bench_mixed,0.00,0.00,0.0,0.000,0.002,27.607,22.760,0.00
1786225434,bench_mixed,0.00,0.00,0.0,0.000,0.002,27.607,22.763,0.00
1786225439,bench_mixed,0.00,0.00,0.0,0.000,0.002,27.607,22.764,0.00
1786225444,bench_mixed,0.00,0.00,0.0,0.000,0.002,27.607,22.765,0.00
1786225449,bench_mixed,0.00,0.00,0.0,0.000,0.002,27.607,22.765,0.00
1786225454,bench_mixed,0.00,0.00,0.0,0.000,0.002,27.607,22.764,0.00
1786225460,bench_mixed,0.00,0.00,0.0,0.000,0.002,27.607,22.764,0.00
1786225465,bench_mixed,0.00,0.00,0.0,0.000,0.002,27.607,22.765,0.00
1786225470,bench_mixed,0.00,0.00,0.0,0.000,0.002,27.607,22.766,0.00
1786225475,bench_mixed,0.00,0.00,0.0,0.000,0.002,27.607,22.764,0.00
1786225480,bench_mixed,0.00,0.00,0.0,0.000,0.002,27.607,22.765,0.00
1786225485,bench_mixed,0.00,0.00,0.0,0.000,0.002,27.607,22.767,0.00
1786225490,bench_mixed,0.00,0.00,0.0,0.000,0.002,27.607,22.767,0.00
1786225495,bench_mixed,0.00,0.00,0.0,0.000,0.002,27.607,22.769,0.00
1786225500,bench_mixed,0.00,0.00,0.0,0.000,0.002,27.607,22.769,0.00
1786225505,bench_mixed,0.00,0.00,0.0,0.000,0.002,27.607,22.768,0.00
1786225510,bench_mixed,0.00,0.00,0.0,0.000,0.002,27.607,22.769,0.00
1786225515,bench_mixed,0.00,0.00,0.0,0.000,0.002,27.607,22.767,0.00
1786225520,bench_mixed,0.00,0.00,0.0,0.000,0.002,27.607,22.767,0.00
1786225525,bench_mixed,0.00,0.00,0.0,0.000,0.002,27.607,22.767,0.00
1786225530,bench_mixed,0.00,0.00,0.0,0.000,0.002,27.607,22.768,0.00
1786225535,bench_mixed,0.00,0.00,0.0,0.000,0.002,27.607,22.769,0.00
1786225540,bench_mixed,0.00,0.00,0.0,0.000,0.002,27.607,22.769,0.00
1786225545,bench_mixed,0.00,0.00,0.0,0.000,0.002,27.607,22.768,0.00
1786225550,bench_mixed,0.00,0.00,0.0,0.000,0.002,27.607,22.769,0.00
1786225556,bench_mixed,0.00,0.00,0.0,0.000,0.002,27.607,22.769,0.00
1786225561,bench_mixed,0.00,0.00,0.0,0.000,0.002,27.607,22.769,0.00
1786225566,bench_mixed,0.00,0.00,0.0,0.000,0.002,27.607,22.769,0.00
1786225571,bench_mixed,0.00,0.00,0.0,0.000,0.002,27.607,22.768,0.00
1786225576,bench_mixed,0.00,0.00,0.0,0.000,0.002,27.607,22.769,0.00
1786225581,bench_mixed,0.00,0.00,0.0,0.000,0.002,27.607,22.770,0.00
1786225586,bench_mixed,0.00,0.00,0.0,0.000,0.002,27.607,22.771,0.00
1786225591,bench_mixed,0.00,0.00,0.0,0.000,0.002,27.607,22.771,0.00
1786225596,bench_mixed,0.00,0.00,0.0,0.000,0.002,27.607,22.771,0.00
1786225601,bench_mixed,0.00,0.00,0.0,0.000,0.002,27.607,22.770,0.00
1786225606,bench_mixed,0.00,0.00,0.0,0.000,0.002,27.607,22.770,0.00
1786225611,bench_mixed,0.00,0.00,0.0,0.000,0.002,27.607,22.770,0.00
1786225616,bench_mixed,0.00,0.00,0.0,0.000,0.002,27.607,22.773,0.00
1786225621,bench_mixed,0.00,0.00,0.0,0.000,0.002,27.607,22.773,0.00
1786225626,bench_mixed,0.00,0.00,0.0,0.000,0.002,27.607,22.772,0.00
1786225631,bench_mixed,0.00,0.00,0.0,0.000,0.002,27.607,22.773,0.00
1786225636,bench_mixed,0.00,0.00,0.0,0.000,0.002,27.607,22.773,0.00
1786225641,bench_mixed,0.00,0.00,0.0,0.000,0.002,27.607,22.774,0.00
1786225646,bench_mixed,0.00,0.00,0.0,0.000,0.002,27.607,22.771,0.00
1786225652,bench_mixed,0.00,0.00,0.0,0.000,0.002,27.607,22.771,0.00
1786225657,bench_mixed,0.00,0.00,0.0,0.000,0.002,27.607,22.773,0.00
1786225662,bench_mixed,0.00,0.00,0.0,0.000,0.002,27.607,22.774,0.00
1786225667,bench_mixed,0.00,0.00,0.0,0.000,0.002,27.607,22.774,0.00
1786225672,bench_mixed,0.00,0.00,0.0,0.000,0.002,27.607,22.777,0.00
1786225677,bench_mixed,0.00,0.00,0.0,0.000,0.002,27.607,22.777,0.00
1786225682,bench_mixed,0.00,0.00,0.0,0.000,0.002,27.607,22.776,0.00
1786225687,bench_mixed,0.00,0.00,0.0,0.000,0.002,27.607,22.777,0.00
1786225692,bench_mixed,0.00,0.00,0.0,0.000,0.002,27.607,22.776,0.00
1786225697,bench_mixed,0.00,0.00,0.0,0.000,0.002,27.607,22.777,0.00
1786225702,bench_mixed,0.00,0.00,0.0,0.000,0.002,27.607,22.775,0.00
1786225707,bench_mixed,0.00,0.00,0.0,0.000,0.002,27.607,22.774,0.00
1786225712,bench_mixed,0.00,0.00,0.0,0.000,0.002,27.607,22.773,0.00
1786225717,bench_mixed,0.00,0.00,0.0,0.000,0.002,27.607,22.773,0.00
1786225722,bench_mixed,0.00,0.00,0.0,0.000,0.002,27.607,22.762,0.03
1786225727,bench_mixed,0.00,0.00,0.0,0.000,0.002,27.607,22.763,0.00
1786225732,bench_mixed,0.00,0.00,0.0,0.000,0.002,27.607,22.763,0.00
1786225737,bench_mixed,0.00,0.00,0.0,0.000,0.002,27.607,22.762,0.00
1786225742,bench_mixed,0.00,0.00,0.0,0.000,0.002,27.607,22.761,0.00
1786225748,bench_mixed,0.00,0.00,0.0,0.000,0.002,27.607,22.761,0.00
1786225753,bench_mixed,0.00,0.00,0.0,0.000,0.002,27.607,22.762,0.00
1786225758,bench_mixed,0.00,0.00,0.0,0.000,0.002,27.607,22.761,0.00
1786225763,bench_mixed,0.00,0.00,0.0,0.000,0.002,27.607,22.762,0.00
1786225768,bench_mixed,0.00,0.00,0.0,0.000,0.002,27.607,22.762,0.00
1786225773,bench_mixed,0.00,0.00,0.0,0.000,0.002,27.607,22.763,0.00
1786225778,bench_mixed,0.00,0.00,0.0,0.000,0.002,27.607,22.763,0.00
1786225783,bench_mixed,0.00,0.00,0.0,0.000,0.002,27.607,22.762,0.00
1786225788,bench_mixed,0.00,0.00,0.0,0.000,0.002,27.607,22.762,0.00
1786225793,bench_mixed,0.00,0.00,0.0,0.000,0.002,27.607,22.761,0.00
1786225798,bench_mixed,0.00,0.00,0.0,0.000,0.002,27.607,22.761,0.00
1786225803,bench_mixed,0.00,0.00,0.0,0.000,0.002,27.607,22.760,0.00
1786225808,bench_mixed,0.00,0.00,0.0,0.000,0.002,27.607,22.760,0.00
1786225813,bench_mixed,0.00,0.00,0.0,0.000,0.002,27.607,22.759,0.00
1786225818,bench_mixed,0.00,0.00,0.0,0.000,0.002,27.607,22.760,0.00
1786225823,bench_mixed,0.00,0.00,0.0,0.000,0.002,27.607,22.762,0.00
1786225828,bench_mixed,0.00,0.00,0.0,0.000,0.002,27.607,22.763,0.00
1786225833,bench_mixed,0.00,0.00,0.0,0.000,0.002,27.607,22.765,0.00
1786225838,bench_mixed,0.00,0.00,0.0,0.000,0.002,27.607,22.766,0.00
1786225844,bench_mixed,0.00,0.00,0.0,0.000,0.002,27.607,22.765,0.00
1786225849,bench_mixed,0.00,0.00,0.0,0.000,0.002,27.607,22.766,0.00
1786225854,bench_mixed,0.00,0.00,0.0,0.000,0.002,27.607,22.764,0.00
1786225859,bench_mixed,0.00,0.00,0.0,0.000,0.002,27.607,22.764,0.00
1786225864,bench_mixed,0.00,0.00,0.0,0.000,0.002,27.607,22.767,0.00
1786225869,bench_mixed,0.00,0.00,0.0,0.000,0.002,27.607,22.768,0.00
1786225874,bench_mixed,0.00,0.00,0.0,0.000,0.002,27.607,22.768,0.00
1786225879,bench_mixed,0.00,0.00,0.0,0.000,0.002,27.607,22.768,0.00
1786225884,bench_mixed,0.00,0.00,0.0,0.000,0.002,27.607,22.768,0.00
1786225889,bench_mixed,0.00,0.00,0.0,0.000,0.002,27.607,22.767,0.00
1786225894,bench_mixed,0.00,0.00,0.0,0.000,0.002,27.607,22.766,0.00
1786225899,bench_mixed,0.00,0.00,0.0,0.000,0.002,27.607,22.769,0.00
1786225904,bench_mixed,0.00,0.00,0.0,0.000,0.002,27.607,22.770,0.00
1786225909,bench_mixed,0.00,0.00,0.0,0.000,0.002,27.607,22.771,0.00
1786225914,bench_mixed,0.00,0.00,0.0,0.000,0.002,27.607,22.772,0.00
1786225919,bench_mixed,0.00,0.00,0.0,0.000,0.002,27.607,22.772,0.00
1786225924,bench_mixed,0.00,0.00,0.0,0.000,0.002,27.607,22.771,0.00
1786225929,bench_mixed,0.00,0.00,0.0,0.000,0.002,27.607,22.771,0.00
1786225934,bench_mixed,0.00,0.00,0.0,0.000,0.002,27.607,22.771,0.00
1786225940,bench_mixed,0.00,0.00,0.0,0.000,0.002,27.607,22.771,0.00
1786225945,bench_mixed,0.00,0.00,0.0,0.000,0.002,27.607,22.768,0.00
1786225950,bench_mixed,0.00,0.00,0.0,0.000,0.002,27.607,22.769,0.00
1786225955,bench_mixed,0.00,0.00,0.0,0.000,0.002,27.607,22.767,0.00
1786225960,bench_mixed,0.00,0.00,0.0,0.000,0.002,27.607,22.766,0.00
1786225965,bench_mixed,0.00,0.00,0.0,0.000,0.002,27.607,22.764,0.00
1786225970,bench_mixed,0.00,0.00,0.0,0.000,0.002,27.607,22.765,0.00
1786225975,bench_mixed,0.00,0.00,0.0,0.000,0.002,27.607,22.765,0.00
1786225980,bench_mixed,0.00,0.00,0.0,0.000,0.002,27.607,22.763,0.00
1786225985,bench_mixed,0.00,0.00,0.0,0.000,0.002,27.607,22.766,0.00
1786225990,bench_mixed,0.00,0.00,0.0,0.000,0.002,27.607,22.767,0.00
1786225995,bench_mixed,0.00,0.00,0.0,0.000,0.002,27.607,22.765,0.00
1786226000,bench_mixed,0.00,0.00,0.0,0.000,0.002,27.607,22.766,0.00
1786226005,bench_mixed,0.00,0.00,0.0,0.000,0.002,27.607,22.765,0.00
1786226010,bench_mixed,0.00,0.00,0.0,0.000,0.002,27.607,22.765,0.00
1786226015,bench_mixed,0.00,0.00,0.0,0.000,0.002,27.607,22.765,0.00
1786226020,bench_mixed,0.00,0.00,0.0,0.000,0.002,27.607,22.757,0.03
1786226025,bench_mixed,0.00,0.00,0.0,0.000,0.002,27.607,22.757,0.00
1786226030,bench_mixed,0.00,0.00,0.0,0.000,0.002,27.607,22.757,0.00
1786226036,bench_mixed,0.00,0.00,0.0,0.000,0.002,27.607,22.758,0.00
1786226041,bench_mixed,0.00,0.00,0.0,0.000,0.002,27.607,22.758,0.00
1786226046,bench_mixed,0.00,0.00,0.0,0.000,0.002,27.607,22.758,0.00
1786226051,bench_mixed,0.00,0.00,0.0,0.000,0.002,27.607,22.760,0.00
1786226056,bench_mixed,0.00,0.00,0.0,0.000,0.002,27.607,22.760,0.00
1786226061,bench_mixed,0.00,0.00,0.0,0.000,0.002,27.607,22.762,0.00
1786226066,bench_mixed,0.00,0.00,0.0,0.000,0.002,27.607,22.762,0.00
1786226071,bench_mixed,0.00,0.00,0.0,0.000,0.002,27.607,22.760,0.00
1786226076,bench_mixed,0.00,0.00,0.0,0.000,0.002,27.607,22.760,0.00
1786226081,bench_mixed,0.00,0.00,0.0,0.000,0.002,27.607,22.760,0.00
1786226086,bench_mixed,0.00,0.00,0.0,0.000,0.002,27.607,22.761,0.00
1786226091,bench_mixed,0.00,0.00,0.0,0.000,0.002,27.607,22.760,0.00
1786226096,bench_mixed,0.00,0.00,0.0,0.000,0.002,27.607,22.760,0.00
1786226101,bench_mixed,0.00,0.00,0.0,0.000,0.002,27.607,22.761,0.00
1786226106,bench_mixed,0.00,0.00,0.0,0.000,0.002,27.607,22.761,0.00
1786226111,bench_mixed,0.00,0.00,0.0,0.000,0.002,27.607,22.762,0.00
1786226116,bench_mixed,0.00,0.00,0.0,0.000,0.002,27.607,22.762,0.00
1786226121,bench_mixed,0.00,0.00,0.0,0.000,0.002,27.607,22.761,0.00
1786226127,bench_mixed,0.00,0.00,0.0,0.000,0.002,27.607,22.761,0.00
1786226132,bench_mixed,0.00,0.00,0.0,0.000,0.002,27.607,22.761,0.00
1786226137,bench_mixed,0.00,0.00,0.0,0.000,0.002,27.607,22.762,0.00
1786226142,bench_mixed,0.00,0.00,0.0,0.000,0.002,27.607,22.763,0.00
1786226147,bench_mixed,0.00,0.00,0.0,0.000,0.002,27.607,22.763,0.00
1786226152,bench_mixed,0.00,0.00,0.0,0.000,0.002,27.607,22.764,0.00
1786226157,bench_mixed,0.00,0.00,0.0,0.000,0.002,27.607,22.765,0.00
1786226162,bench_mixed,0.00,0.00,0.0,0.000,0.002,27.607,22.766,0.00
1786226167,bench_mixed,0.00,0.00,0.0,0.000,0.002,27.607,22.765,0.00
1786226172,bench_mixed,0.00,0.00,0.0,0.000,0.002,27.607,22.766,0.00
1786226177,bench_mixed,0.00,0.00,0.0,0.000,0.002,27.607,22.766,0.00
1786226182,bench_mixed,0.00,0.00,0.0,0.000,0.002,27.607,22.766,0.00
1786226187,bench_mixed,0.00,0.00,0.0,0.000,0.002,27.607,22.766,0.00
1786226192,bench_mixed,0.00,0.00,0.0,0.000,0.002,27.607,22.765,0.00
1786226197,bench_mixed,0.00,0.00,0.0,0.000,0.002,27.607,22.766,0.00
1786226202,bench_mixed,0.00,0.00,0.0,0.000,0.002,27.607,22.765,0.00
1786226207,bench_mixed,0.00,0.00,0.0,0.000,0.002,27.607,22.765,0.00
1786226212,bench_mixed,0.00,0.00,0.0,0.000,0.002,27.607,22.766,0.00
1786226217,bench_mixed,0.00,0.00,0.0,0.000,0.002,27.607,22.766,0.00
1786226223,bench_mixed,0.00,0.00,0.0,0.000,0.002,27.607,22.767,0.00
1786226228,bench_mixed,0.00,0.00,0.0,0.000,0.002,27.607,22.767,0.00
1786226233,bench_mixed,0.00,0.00,0.0,0.000,0.002,27.607,22.768,0.00
1786226238,bench_mixed,0.00,0.00,0.0,0.000,0.002,27.607,22.769,0.00
1786226243,bench_mixed,0.00,0.00,0.0,0.000,0.002,27.607,22.768,0.00
1786226248,bench_mixed,0.00,0.00,0.0,0.000,0.002,27.607,22.769,0.00
1786226253,bench_mixed,0.00,0.00,0.0,0.000,0.002,27.607,22.769,0.00
1786226258,bench_mixed,0.00,0.00,0.0,0.000,0.002,27.607,22.769,0.00
1786226263,bench_mixed,0.00,0.00,0.0,0.000,0.002,27.607,22.772,0.00
1786226268,bench_mixed,0.00,0.00,0.0,0.000,0.002,27.607,22.773,0.00
1786226273,bench_mixed,0.00,0.00,0.0,0.000,0.002,27.607,22.769,0.00
1786226278,bench_mixed,0.00,0.00,0.0,0.000,0.002,27.607,22.770,0.00
1786226283,bench_mixed,0.00,0.00,0.0,0.000,0.002,27.607,22.770,0.00
1786226288,bench_mixed,0.00,0.00,0.0,0.000,0.002,27.607,22.770,0.00
1786226293,bench_mixed,0.00,0.00,0.0,0.000,0.002,27.607,22.768,0.00
1786226298,bench_mixed,0.00,0.00,0.0,0.000,0.002,27.607,22.769,0.00
1786226303,bench_mixed,0.00,0.00,0.0,0.000,0.002,27.607,22.772,0.00
1786226308,bench_mixed,0.00,0.00,0.0,0.000,0.002,27.607,22.772,0.00
1786226313,bench_mixed,0.00,0.00,0.0,0.000,0.002,27.607,22.771,0.00
1786226319,bench_mixed,0.00,0.00,0.0,0.000,0.002,27.607,22.771,0.00
1786226324,bench_mixed,0.00,0.00,0.0,0.000,0.002,27.607,22.763,0.03
1786226329,bench_mixed,0.00,0.00,0.0,0.000,0.002,27.607,22.764,0.00
1786226334,bench_mixed,0.00,0.00,0.0,0.000,0.002,27.607,22.765,0.00
1786226339,bench_mixed,0.00,0.00,0.0,0.000,0.002,27.607,22.766,0.00
1786226344,bench_mixed,0.00,0.00,0.0,0.000,0.002,27.607,22.765,0.00
1786226349,bench_mixed,0.00,0.00,0.0,0.000,0.002,27.607,22.765,0.00
1786226354,bench_mixed,0.00,0.00,0.0,0.000,0.002,27.607,22.768,0.00
1786226359,bench_mixed,0.00,0.00,0.0,0.000,0.002,27.607,22.767,0.00
1786226364,bench_mixed,0.00,0.00,0.0,0.000,0.002,27.607,22.764,0.00
1786226369,bench_mixed,0.00,0.00,0.0,0.000,0.002,27.607,22.764,0.00
1786226374,bench_mixed,0.00,0.00,0.0,0.000,0.002,27.607,22.766,0.00
1786226379,bench_mixed,0.00,0.00,0.0,0.000,0.002,27.607,22.766,0.00
1786226384,bench_mixed,0.00,0.00,0.0,0.000,0.002,27.607,22.766,0.00
1786226389,bench_mixed,0.00,0.00,0.0,0.000,0.002,27.607,22.768,0.00
1786226394,bench_mixed,0.00,0.00,0.0,0.000,0.002,27.607,22.768,0.00
1786226399,bench_mixed,0.00,0.00,0.0,0.000,0.002,27.607,22.769,0.00
1786226404,bench_mixed,0.00,0.00,0.0,0.000,0.002,27.607,22.769,0.00
1786226409,bench_mixed,0.00,0.00,0.0,0.000,0.002,27.607,22.769,0.00
1786226415,bench_mixed,0.00,0.00,0.0,0.000,0.002,27.607,22.770,0.00
1786226420,bench_mixed,0.00,0.00,0.0,0.000,0.002,27.607,22.767,0.00
1786226425,bench_mixed,0.00,0.00,0.0,0.000,0.002,27.607,22.767,0.00
1786226430,bench_mixed,0.00,0.00,0.0,0.000,0.002,27.607,22.768,0.00
1786226435,bench_mixed,0.00,0.00,0.0,0.000,0.002,27.607,22.767,0.00
1786226440,bench_mixed,0.00,0.00,0.0,0.000,0.002,27.607,22.765,0.00
1786226445,bench_mixed,0.00,0.00,0.0,0.000,0.002,27.607,22.765,0.00
1786226450,bench_mixed,0.00,0.00,0.0,0.000,0.002,27.607,22.763,0.00
1786226455,bench_mixed,0.00,0.00,0.0,0.000,0.002,27.607,22.764,0.00
1786226460,bench_mixed,0.00,0.00,0.0,0.000,0.002,27.607,22.765,0.00
1786226465,bench_mixed,0.00,0.00,0.0,0.000,0.002,27.607,22.765,0.00
1786226470,bench_mixed,0.00,0.00,0.0,0.000,0.002,27.607,22.765,0.00
1786226475,bench_mixed,0.00,0.00,0.0,0.000,0.002,27.607,22.765,0.00
1786226480,bench_mixed,0.00,0.00,0.0,0.000,0.002,27.607,22.764,0.00
1786226485,bench_mixed,0.00,0.00,0.0,0.000,0.002,27.607,22.765,0.00
1786226490,bench_mixed,0.00,0.00,0.0,0.000,0.002,27.607,22.765,0.00
1786226495,bench_mixed,0.00,0.00,0.0,0.000,0.002,27.607,22.765,0.00
1786226500,bench_mixed,0.00,0.00,0.0,0.000,0.002,27.607,22.765,0.00
1786226505,bench_mixed,0.00,0.00,0.0,0.000,0.002,27.607,22.765,0.00
1786226511,bench_mixed,0.00,0.00,0.0,0.000,0.002,27.607,22.767,0.00
1786226516,bench_mixed,0.00,0.00,0.0,0.000,0.002,27.607,22.767,0.00
1786226521,bench_mixed,0.00,0.00,0.0,0.000,0.002,27.607,22.766,0.00
1786226526,bench_mixed,0.00,0.00,0.0,0.000,0.002,27.607,22.767,0.00
1786226531,bench_mixed,0.00,0.00,0.0,0.000,0.002,27.607,22.765,0.00
1786226536,bench_mixed,0.00,0.00,0.0,0.000,0.002,27.607,22.766,0.00
1786226541,bench_mixed,0.00,0.00,0.0,0.000,0.002,27.607,22.764,0.00
1786226546,bench_mixed,0.00,0.00,0.0,0.000,0.002,27.607,22.764,0.00
1786226551,bench_mixed,0.00,0.00,0.0,0.000,0.002,27.607,22.764,0.00
1786226556,bench_mixed,0.00,0.00,0.0,0.000,0.002,27.607,22.764,0.00
1786226561,bench_mixed,0.00,0.00,0.0,0.000,0.002,27.607,22.766,0.00
1786226566,bench_mixed,0.00,0.00,0.0,0.000,0.002,27.607,22.767,0.00
1786226571,bench_mixed,0.00,0.00,0.0,0.000,0.002,27.607,22.765,0.00
1786226576,bench_mixed,0.00,0.00,0.0,0.000,0.002,27.607,22.766,0.00
1786226581,bench_mixed,0.00,0.00,0.0,0.000,0.002,27.607,22.765,0.00
1786226586,bench_mixed,0.00,0.00,0.0,0.000,0.002,27.607,22.765,0.00
1786226591,bench_mixed,0.00,0.00,0.0,0.000,0.002,27.607,22.764,0.00
1786226596,bench_mixed,0.00,0.00,0.0,0.000,0.002,27.607,22.765,0.00
1786226601,bench_mixed,0.00,0.00,0.0,0.000,0.002,27.607,22.765,0.00
1786226607,bench_mixed,0.00,0.00,0.0,0.000,0.002,27.607,22.767,0.00
1786226612,bench_mixed,0.00,0.00,0.0,0.000,0.002,27.607,22.766,0.00
1786226617,bench_mixed,0.00,0.00,0.0,0.000,0.002,27.607,22.766,0.00
1786226622,bench_mixed,0.00,0.00,0.0,0.000,0.002,27.607,22.757,0.03
1786226627,bench_mixed,0.00,0.00,0.0,0.000,0.002,27.607,22.757,0.00
1786226632,bench_mixed,0.00,0.00,0.0,0.000,0.002,27.607,22.757,0.00
1786226637,bench_mixed,0.00,0.00,0.0,0.000,0.002,27.607,22.757,0.00
1786226642,bench_mixed,0.00,0.00,0.0,0.000,0.002,27.607,22.758,0.00
1786226647,bench_mixed,0.00,0.00,0.0,0.000,0.002,27.607,22.759,0.00
1786226652,bench_mixed,0.00,0.00,0.0,0.000,0.002,27.607,22.757,0.00
1786226657,bench_mixed,0.00,0.00,0.0,0.000,0.002,27.607,22.759,0.00
1786226662,bench_mixed,0.00,0.00,0.0,0.000,0.002,27.607,22.762,0.00
1786226667,bench_mixed,0.00,0.00,0.0,0.000,0.002,27.607,22.761,0.00
1786226672,bench_mixed,0.00,0.00,0.0,0.000,0.002,27.607,22.763,0.00
1786226677,bench_mixed,0.00,0.00,0.0,0.000,0.002,27.607,22.763,0.00
1786226682,bench_mixed,0.00,0.00,0.0,0.000,0.002,27.607,22.766,0.00
1786226687,bench_mixed,0.00,0.00,0.0,0.000,0.002,27.607,22.766,0.00
1786226692,bench_mixed,0.00,0.00,0.0,0.000,0.002,27.607,22.767,0.00
1786226697,bench_mixed,0.00,0.00,0.0,0.000,0.002,27.607,22.767,0.00
1786226703,bench_mixed,0.00,0.00,0.0,0.000,0.002,27.607,22.767,0.00
1786226708,bench_mixed,0.00,0.00,0.0,0.000,0.002,27.607,22.767,0.00
1786226713,bench_mixed,0.00,0.00,0.0,0.000,0.002,27.607,22.767,0.00
1786226718,bench_mixed,0.00,0.00,0.0,0.000,0.002,27.607,22.769,0.00
1786226723,bench_mixed,0.00,0.00,0.0,0.000,0.002,27.607,22.768,0.00
1786226728,bench_mixed,0.00,0.00,0.0,0.000,0.002,27.607,22.769,0.00
1786226733,bench_mixed,0.00,0.00,0.0,0.000,0.002,27.607,22.768,0.00
1786226738,bench_mixed,0.00,0.00,0.0,0.000,0.002,27.607,22.769,0.00
1786226743,bench_mixed,0.00,0.00,0.0,0.000,0.002,27.607,22.769,0.00
1786226748,bench_mixed,0.00,0.00,0.0,0.000,0.002,27.607,22.770,0.00
1786226753,bench_mixed,0.00,0.00,0.0,0.000,0.002,27.607,22.770,0.00
1786226758,bench_mixed,0.00,0.00,0.0,0.000,0.002,27.607,22.768,0.00
1786226763,bench_mixed,0.00,0.00,0.0,0.000,0.002,27.607,22.768,0.00
1786226768,bench_mixed,0.00,0.00,0.0,0.000,0.002,27.607,22.766,0.00
1786226773,bench_mixed,0.00,0.00,0.0,0.000,0.002,27.607,22.765,0.00
1786226778,bench_mixed,0.00,0.00,0.0,0.000,0.002,27.607,22.768,0.00
1786226783,bench_mixed,0.00,0.00,0.0,0.000,0.002,27.607,22.768,0.00
1786226788,bench_mixed,0.00,0.00,0.0,0.000,0.002,27.607,22.769,0.00
1786226793,bench_mixed,0.00,0.00,0.0,0.000,0.002,27.607,22.770,0.00
1786226799,bench_mixed,0.00,0.00,0.0,0.000,0.002,27.607,22.771,0.00
1786226804,bench_mixed,0.00,0.00,0.0,0.000,0.002,27.607,22.771,0.00
1786226809,bench_mixed,0.00,0.00,0.0,0.000,0.002,27.607,22.769,0.00
1786226814,bench_mixed,0.00,0.00,0.0,0.000,0.002,27.607,22.770,0.00
1786226819,bench_mixed,0.00,0.00,0.0,0.000,0.002,27.607,22.769,0.00
1786226824,bench_mixed,0.00,0.00,0.0,0.000,0.002,27.607,22.770,0.00
1786226829,bench_mixed,0.00,0.00,0.0,0.000,0.002,27.607,22.771,0.00
1786226834,bench_mixed,0.00,0.00,0.0,0.000,0.002,27.607,22.771,0.00
1786226839,bench_mixed,0.00,0.00,0.0,0.000,0.002,27.607,22.770,0.00
1786226844,bench_mixed,0.00,0.00,0.0,0.000,0.002,27.607,22.770,0.00
1786226849,bench_mixed,0.00,0.00,0.0,0.000,0.002,27.607,22.770,0.00
1786226854,bench_mixed,0.00,0.00,0.0,0.000,0.002,27.607,22.769,0.00
1786226859,bench_mixed,0.00,0.00,0.0,0.000,0.002,27.607,22.768,0.00
1786226864,bench_mixed,0.00,0.00,0.0,0.000,0.002,27.607,22.768,0.00
1786226869,bench_mixed,0.00,0.00,0.0,0.000,0.002,27.607,22.767,0.00
1786226874,bench_mixed,0.00,0.00,0.0,0.000,0.002,27.607,22.766,0.00
1786226879,bench_mixed,0.00,0.00,0.0,0.000,0.002,27.607,22.769,0.00
1786226884,bench_mixed,0.00,0.00,0.0,0.000,0.002,27.607,22.769,0.00
1786226889,bench_mixed,0.00,0.00,0.0,0.000,0.002,27.607,22.768,0.00
1786226895,bench_mixed,0.00,0.00,0.0,0.000,0.002,27.607,22.769,0.00
1786226900,bench_mixed,0.00,0.00,0.0,0.000,0.002,27.607,22.771,0.00
1786226905,bench_mixed,0.00,0.00,0.0,0.000,0.002,27.607,22.771,0.00
1786226910,bench_mixed,0.00,0.00,0.0,0.000,0.002,27.607,22.769,0.00
1786226915,bench_mixed,0.00,0.00,0.0,0.000,0.002,27.607,22.769,0.00
1786226920,bench_mixed,0.00,0.00,0.0,0.000,0.002,27.607,22.760,0.02
1786226925,bench_mixed,0.00,0.00,0.0,0.000,0.002,27.607,22.757,0.01
1786226930,bench_mixed,0.00,0.00,0.0,0.000,0.002,27.607,22.756,0.00
1786226935,bench_mixed,0.00,0.00,0.0,0.000,0.002,27.607,22.757,0.00
1786226940,bench_mixed,0.00,0.00,0.0,0.000,0.002,27.607,22.756,0.00
1786226945,bench_mixed,0.00,0.00,0.0,0.000,0.002,27.607,22.757,0.00
1786226950,bench_mixed,0.00,0.00,0.0,0.000,0.002,27.607,22.756,0.00
1786226955,bench_mixed,0.00,0.00,0.0,0.000,0.002,27.607,22.757,0.00
1786226960,bench_mixed,0.00,0.00,0.0,0.000,0.002,27.607,22.762,0.00
1786226965,bench_mixed,0.00,0.00,0.0,0.000,0.002,27.607,22.762,0.00
1786226970,bench_mixed,0.00,0.00,0.0,0.000,0.002,27.607,22.762,0.00
1786226975,bench_mixed,0.00,0.00,0.0,0.000,0.002,27.607,22.763,0.00
1786226980,bench_mixed,0.00,0.00,0.0,0.000,0.002,27.607,22.761,0.00
1786226985,bench_mixed,0.00,0.00,0.0,0.000,0.002,27.607,22.762,0.00
1786226991,bench_mixed,0.00,0.00,0.0,0.000,0.002,27.607,22.763,0.00
1786226996,bench_mixed,0.00,0.00,0.0,0.000,0.002,27.607,22.763,0.00
1786227001,bench_mixed,0.00,0.00,0.0,0.000,0.002,27.607,22.762,0.00
1786227006,bench_mixed,0.00,0.00,0.0,0.000,0.002,27.607,22.762,0.00
1786227011,bench_mixed,0.00,0.00,0.0,0.000,0.002,27.607,22.763,0.00
1786227016,bench_mixed,0.00,0.00,0.0,0.000,0.002,27.607,22.763,0.00
1786227021,bench_mixed,0.00,0.00,0.0,0.000,0.002,27.607,22.762,0.00
1786227026,bench_mixed,0.00,0.00,0.0,0.000,0.002,27.607,22.762,0.00
1786227031,bench_mixed,0.00,0.00,0.0,0.000,0.002,27.607,22.763,0.00
1786227036,bench_mixed,0.00,0.00,0.0,0.000,0.002,27.607,22.763,0.00
1786227041,bench_mixed,0.00,0.00,0.0,0.000,0.002,27.607,22.764,0.00
1786227046,bench_mixed,0.00,0.00,0.0,0.000,0.002,27.607,22.765,0.00
1786227051,bench_mixed,0.00,0.00,0.0,0.000,0.002,27.607,22.765,0.00
1786227056,bench_mixed,0.00,0.00,0.0,0.000,0.002,27.607,22.765,0.00
1786227061,bench_mixed,0.00,0.00,0.0,0.000,0.002,27.607,22.763,0.00
1786227066,bench_mixed,0.00,0.00,0.0,0.000,0.002,27.607,22.763,0.00
1786227071,bench_mixed,0.00,0.00,0.0,0.000,0.002,27.607,22.764,0.00
1786227076,bench_mixed,0.00,0.00,0.0,0.000,0.002,27.607,22.763,0.00
1786227081,bench_mixed,0.00,0.00,0.0,0.000,0.002,27.607,22.766,0.00
1786227087,bench_mixed,0.00,0.00,0.0,0.000,0.002,27.607,22.766,0.00
1786227092,bench_mixed,0.00,0.00,0.0,0.000,0.002,27.607,22.768,0.00
1786227097,bench_mixed,0.00,0.00,0.0,0.000,0.002,27.607,22.768,0.00
1786227102,bench_mixed,0.00,0.00,0.0,0.000,0.002,27.607,22.768,0.00
1786227107,bench_mixed,0.00,0.00,0.0,0.000,0.002,27.607,22.770,0.00
1786227112,bench_mixed,0.00,0.00,0.0,0.000,0.002,27.607,22.770,0.00
1786227117,bench_mixed,0.00,0.00,0.0,0.000,0.002,27.607,22.770,0.00
1786227122,bench_mixed,0.00,0.00,0.0,0.000,0.002,27.607,22.770,0.00
1786227127,bench_mixed,0.00,0.00,0.0,0.000,0.002,27.607,22.769,0.00
1786227132,bench_mixed,0.00,0.00,0.0,0.000,0.002,27.607,22.768,0.00
1786227137,bench_mixed,0.00,0.00,0.0,0.000,0.002,27.607,22.771,0.00
1786227142,bench_mixed,0.00,0.00,0.0,0.000,0.002,27.607,22.771,0.00
1786227147,bench_mixed,0.00,0.00,0.0,0.000,0.002,27.607,22.770,0.00
1786227152,bench_mixed,0.00,0.00,0.0,0.000,0.002,27.607,22.770,0.00
1786227157,bench_mixed,0.00,0.00,0.0,0.000,0.002,27.607,22.768,0.00
1786227162,bench_mixed,0.00,0.00,0.0,0.000,0.002,27.607,22.769,0.00
1786227167,bench_mixed,0.00,0.00,0.0,0.000,0.002,27.607,22.769,0.00
1786227172,bench_mixed,0.00,0.00,0.0,0.000,0.002,27.607,22.768,0.00
1786227177,bench_mixed,0.00,0.00,0.0,0.000,0.002,27.607,22.768,0.00
1786227183,bench_mixed,0.00,0.00,0.0,0.000,0.002,27.607,22.768,0.00
1786227188,bench_mixed,0.00,0.00,0.0,0.000,0.002,27.607,22.766,0.00
1786227193,bench_mixed,0.00,0.00,0.0,0.000,0.002,27.607,22.767,0.00
1786227198,bench_mixed,0.00,0.00,0.0,0.000,0.002,27.607,22.766,0.00
1786227203,bench_mixed,0.00,0.00,0.0,0.000,0.002,27.607,22.766,0.00
1786227208,bench_mixed,0.00,0.00,0.0,0.000,0.002,27.607,22.764,0.00
1786227213,bench_mixed,0.00,0.00,0.0,0.000,0.002,27.607,22.765,0.00
1786227218,bench_mixed,0.00,0.00,0.0,0.000,0.002,27.607,22.765,0.00
1786227223,bench_mixed,0.00,0.00,0.0,0.000,0.002,27.607,22.755,0.03
1786227228,bench_mixed,0.00,0.00,0.0,0.000,0.002,27.607,22.758,0.00
1786227233,bench_mixed,0.00,0.00,0.0,0.000,0.002,27.607,22.759,0.00
1786227238,bench_mixed,0.00,0.00,0.0,0.000,0.002,27.607,22.764,0.00
1786227243,bench_mixed,0.00,0.00,0.0,0.000,0.002,27.607,22.764,0.00
1786227248,bench_mixed,0.00,0.00,0.0,0.000,0.002,27.607,22.766,0.00
1786227253,bench_mixed,0.00,0.00,0.0,0.000,0.002,27.607,22.766,0.00
1786227258,bench_mixed,0.00,0.00,0.0,0.000,0.002,27.607,22.767,0.00
1786227263,bench_mixed,0.00,0.00,0.0,0.000,0.002,27.607,22.767,0.00
1786227268,bench_mixed,0.00,0.00,0.0,0.000,0.002,27.607,22.767,0.00
1786227273,bench_mixed,0.00,0.00,0.0,0.000,0.002,27.607,22.767,0.00
1786227279,bench_mixed,0.00,0.00,0.0,0.000,0.002,27.607,22.766,0.00
1786227284,bench_mixed,0.00,0.00,0.0,0.000,0.002,27.607,22.766,0.00
1786227289,bench_mixed,0.00,0.00,0.0,0.000,0.002,27.607,22.765,0.00
1786227294,bench_mixed,0.00,0.00,0.0,0.000,0.002,27.607,22.765,0.00
1786227299,bench_mixed,0.00,0.00,0.0,0.000,0.002,27.607,22.767,0.00
1786227304,bench_mixed,0.00,0.00,0.0,0.000,0.002,27.607,22.767,0.00
1786227309,bench_mixed,0.00,0.00,0.0,0.000,0.002,27.607,22.769,0.00
1786227314,bench_mixed,0.00,0.00,0.0,0.000,0.002,27.607,22.769,0.00
1786227319,bench_mixed,0.00,0.00,0.0,0.000,0.002,27.607,22.767,0.00
1786227324,bench_mixed,0.00,0.00,0.0,0.000,0.002,27.607,22.767,0.00
1786227329,bench_mixed,0.00,0.00,0.0,0.000,0.002,27.607,22.769,0.00
1786227334,bench_mixed,0.00,0.00,0.0,0.000,0.002,27.607,22.768,0.00
1786227339,bench_mixed,0.00,0.00,0.0,0.000,0.002,27.607,22.767,0.00
1786227344,bench_mixed,0.00,0.00,0.0,0.000,0.002,27.607,22.767,0.00
1786227349,bench_mixed,0.00,0.00,0.0,0.000,0.002,27.607,22.769,0.00
1786227354,bench_mixed,0.00,0.00,0.0,0.000,0.002,27.607,22.769,0.00
1786227359,bench_mixed,0.00,0.00,0.0,0.000,0.002,27.607,22.769,0.00
1786227364,bench_mixed,0.00,0.00,0.0,0.000,0.002,27.607,22.770,0.00
1786227369,bench_mixed,0.00,0.00,0.0,0.000,0.002,27.607,22.768,0.00
1786227375,bench_mixed,0.00,0.00,0.0,0.000,0.002,27.607,22.768,0.00
1786227380,bench_mixed,0.00,0.00,0.0,0.000,0.002,27.607,22.764,0.00
1786227385,bench_mixed,0.00,0.00,0.0,0.000,0.002,27.607,22.765,0.00
1786227390,bench_mixed,0.00,0.00,0.0,0.000,0.002,27.607,22.763,0.00
1786227395,bench_mixed,0.00,0.00,0.0,0.000,0.002,27.607,22.764,0.00
1786227400,bench_mixed,0.00,0.00,0.0,0.000,0.002,27.607,22.764,0.00
1786227405,bench_mixed,0.00,0.00,0.0,0.000,0.002,27.607,22.765,0.00
1786227410,bench_mixed,0.00,0.00,0.0,0.000,0.002,27.607,22.765,0.00
1786227415,bench_mixed,0.00,0.00,0.0,0.000,0.002,27.607,22.765,0.00
1786227420,bench_mixed,0.00,0.00,0.0,0.000,0.002,27.607,22.764,0.00
1786227425,bench_mixed,0.00,0.00,0.0,0.000,0.002,27.607,22.764,0.00
1786227430,bench_mixed,0.00,0.00,0.0,0.000,0.002,27.607,22.763,0.00
1786227435,bench_mixed,0.00,0.00,0.0,0.000,0.002,27.607,22.763,0.00
1786227440,bench_mixed,0.00,0.00,0.0,0.000,0.002,27.607,22.761,0.00
1786227445,bench_mixed,0.00,0.00,0.0,0.000,0.002,27.607,22.761,0.00
1786227450,bench_mixed,0.00,0.00,0.0,0.000,0.002,27.607,22.761,0.00
1786227455,bench_mixed,0.00,0.00,0.0,0.000,0.002,27.607,22.760,0.00
1786227460,bench_mixed,0.00,0.00,0.0,0.000,0.002,27.607,22.760,0.00
1786227465,bench_mixed,0.00,0.00,0.0,0.000,0.002,27.607,22.761,0.00
1786227471,bench_mixed,0.00,0.00,0.0,0.000,0.002,27.607,22.761,0.00
1786227476,bench_mixed,0.00,0.00,0.0,0.000,0.002,27.607,22.761,0.00
1786227481,bench_mixed,0.00,0.00,0.0,0.000,0.002,27.607,22.761,0.00
1786227486,bench_mixed,0.00,0.00,0.0,0.000,0.002,27.607,22.763,0.00
1786227491,bench_mixed,0.00,0.00,0.0,0.000,0.002,27.607,22.763,0.00
1786227496,bench_mixed,0.00,0.00,0.0,0.000,0.002,27.607,22.763,0.00
1786227501,bench_mixed,0.00,0.00,0.0,0.000,0.002,27.607,22.762,0.00
1786227506,bench_mixed,0.00,0.00,0.0,0.000,0.002,27.607,22.761,0.00
1786227511,bench_mixed,0.00,0.00,0.0,0.000,0.002,27.607,22.761,0.00
1786227516,bench_mixed,0.00,0.00,0.0,0.000,0.002,27.607,22.762,0.00
1786227521,bench_mixed,0.00,0.00,0.0,0.000,0.002,27.607,22.754,0.03
1786227526,bench_mixed,0.00,0.00,0.0,0.000,0.002,27.607,22.757,0.00
1786227531,bench_mixed,0.00,0.00,0.0,0.000,0.002,27.607,22.758,0.00
1786227536,bench_mixed,0.00,0.00,0.0,0.000,0.002,27.607,22.755,0.00
1786227541,bench_mixed,0.00,0.00,0.0,0.000,0.002,27.607,22.756,0.00
1786227546,bench_mixed,0.00,0.00,0.0,0.000,0.002,27.607,22.758,0.00
1786227551,bench_mixed,0.00,0.00,0.0,0.000,0.002,27.607,22.759,0.00
1786227556,bench_mixed,0.00,0.00,0.0,0.000,0.002,27.607,22.761,0.00
1786227561,bench_mixed,0.00,0.00,0.0,0.000,0.002,27.607,22.761,0.00
1786227567,bench_mixed,0.00,0.00,0.0,0.000,0.002,27.607,22.762,0.00
1786227572,bench_mixed,0.00,0.00,0.0,0.000,0.002,27.607,22.762,0.00
1786227577,bench_mixed,0.00,0.00,0.0,0.000,0.002,27.607,22.763,0.00
1786227582,bench_mixed,0.00,0.00,0.0,0.000,0.002,27.607,22.763,0.00
1786227587,bench_mixed,0.00,0.00,0.0,0.000,0.002,27.607,22.762,0.00
1786227592,bench_mixed,0.00,0.00,0.0,0.000,0.002,27.607,22.762,0.00
1786227597,bench_mixed,0.00,0.00,0.0,0.000,0.002,27.607,22.763,0.00
1786227602,bench_mixed,0.00,0.00,0.0,0.000,0.002,27.607,22.763,0.00
1786227607,bench_mixed,0.00,0.00,0.0,0.000,0.002,27.607,22.764,0.00
1786227612,bench_mixed,0.00,0.00,0.0,0.000,0.002,27.607,22.765,0.00
1786227617,bench_mixed,0.00,0.00,0.0,0.000,0.002,27.607,22.767,0.00
1786227622,bench_mixed,0.00,0.00,0.0,0.000,0.002,27.607,22.768,0.00
1786227627,bench_mixed,0.00,0.00,0.0,0.000,0.002,27.607,22.770,0.00
1786227632,bench_mixed,0.00,0.00,0.0,0.000,0.002,27.607,22.770,0.00
1786227637,bench_mixed,0.00,0.00,0.0,0.000,0.002,27.607,22.768,0.00
1786227642,bench_mixed,0.00,0.00,0.0,0.000,0.002,27.607,22.768,0.00
1786227647,bench_mixed,0.00,0.00,0.0,0.000,0.002,27.607,22.768,0.00
1786227652,bench_mixed,0.00,0.00,0.0,0.000,0.002,27.607,22.767,0.00
1786227658,bench_mixed,0.00,0.00,0.0,0.000,0.002,27.607,22.766,0.00
1786227663,bench_mixed,0.00,0.00,0.0,0.000,0.002,27.607,22.766,0.00
1786227668,bench_mixed,0.00,0.00,0.0,0.000,0.002,27.607,22.766,0.00
1786227673,bench_mixed,0.00,0.00,0.0,0.000,0.002,27.607,22.767,0.00
1786227678,bench_mixed,0.00,0.00,0.0,0.000,0.002,27.607,22.768,0.00
1786227683,bench_mixed,0.00,0.00,0.0,0.000,0.002,27.607,22.768,0.00
1786227688,bench_mixed,0.00,0.00,0.0,0.000,0.002,27.607,22.768,0.00
1786227693,bench_mixed,0.00,0.00,0.0,0.000,0.002,27.607,22.769,0.00
1786227698,bench_mixed,0.00,0.00,0.0,0.000,0.002,27.607,22.770,0.00
1786227703,bench_mixed,0.00,0.00,0.0,0.000,0.002,27.607,22.772,0.00
1786227708,bench_mixed,0.00,0.00,0.0,0.000,0.002,27.607,22.769,0.00
1786227713,bench_mixed,0.00,0.00,0.0,0.000,0.002,27.607,22.769,0.00
1786227718,bench_mixed,0.00,0.00,0.0,0.000,0.002,27.607,22.772,0.00
1786227723,bench_mixed,0.00,0.00,0.0,0.000,0.002,27.607,22.772,0.00
1786227728,bench_mixed,0.00,0.00,0.0,0.000,0.002,27.607,22.772,0.00
1786227733,bench_mixed,0.00,0.00,0.0,0.000,0.002,27.607,22.772,0.00
1786227738,bench_mixed,0.00,0.00,0.0,0.000,0.002,27.607,22.773,0.00
1786227743,bench_mixed,0.00,0.00,0.0,0.000,0.002,27.607,22.773,0.00
1786227748,bench_mixed,0.00,0.00,0.0,0.000,0.002,27.607,22.776,0.00
1786227754,bench_mixed,0.00,0.00,0.0,0.000,0.002,27.607,22.777,0.00
1786227759,bench_mixed,0.00,0.00,0.0,0.000,0.002,27.607,22.776,0.00
1786227764,bench_mixed,0.00,0.00,0.0,0.000,0.002,27.607,22.776,0.00
1786227769,bench_mixed,0.00,0.00,0.0,0.000,0.002,27.607,22.777,0.00
1786227774,bench_mixed,0.00,0.00,0.0,0.000,0.002,27.607,22.778,0.00
1786227779,bench_mixed,0.00,0.00,0.0,0.000,0.002,27.607,22.778,0.00
1786227784,bench_mixed,0.00,0.00,0.0,0.000,0.002,27.607,22.777,0.00
1786227789,bench_mixed,0.00,0.00,0.0,0.000,0.002,27.607,22.775,0.00
1786227794,bench_mixed,0.00,0.00,0.0,0.000,0.002,27.607,22.775,0.00
1786227799,bench_mixed,0.00,0.00,0.0,0.000,0.002,27.607,22.775,0.00
1786227804,bench_mixed,0.00,0.00,0.0,0.000,0.002,27.607,22.775,0.00
1786227809,bench_mixed,0.00,0.00,0.0,0.000,0.002,27.607,22.773,0.00
1786227814,bench_mixed,0.00,0.00,0.0,0.000,0.002,27.607,22.773,0.00
1786227819,bench_mixed,0.00,0.00,0.0,0.000,0.002,27.607,22.773,0.00
1786227824,bench_mixed,0.00,0.00,0.0,0.000,0.002,27.607,22.763,0.03
1786227829,bench_mixed,0.00,0.00,0.0,0.000,0.002,27.607,22.763,0.00
1786227834,bench_mixed,0.00,0.00,0.0,0.000,0.002,27.607,22.763,0.00
1786227839,bench_mixed,0.00,0.00,0.0,0.000,0.002,27.607,22.764,0.00
1786227844,bench_mixed,0.00,0.00,0.0,0.000,0.002,27.607,22.765,0.00
1786227850,bench_mixed,0.00,0.00,0.0,0.000,0.002,27.607,22.765,0.00
1786227855,bench_mixed,0.00,0.00,0.0,0.000,0.002,27.607,22.769,0.00
1786227860,bench_mixed,0.00,0.00,0.0,0.000,0.002,27.607,22.769,0.00
1786227865,bench_mixed,0.00,0.00,0.0,0.000,0.002,27.607,22.769,0.00
1786227870,bench_mixed,0.00,0.00,0.0,0.000,0.002,27.607,22.769,0.00
1786227875,bench_mixed,0.00,0.00,0.0,0.000,0.002,27.607,22.768,0.00
1786227880,bench_mixed,0.00,0.00,0.0,0.000,0.002,27.607,22.768,0.00
1786227885,bench_mixed,0.00,0.00,0.0,0.000,0.002,27.607,22.769,0.00
1786227890,bench_mixed,0.00,0.00,0.0,0.000,0.002,27.607,22.770,0.00
1786227895,bench_mixed,0.00,0.00,0.0,0.000,0.002,27.607,22.770,0.00
1786227900,bench_mixed,0.00,0.00,0.0,0.000,0.002,27.607,22.770,0.00
1786227905,bench_mixed,0.00,0.00,0.0,0.000,0.002,27.607,22.771,0.00
1786227910,bench_mixed,0.00,0.00,0.0,0.000,0.002,27.607,22.771,0.00
1786227915,bench_mixed,0.00,0.00,0.0,0.000,0.002,27.607,22.773,0.00
1786227920,bench_mixed,0.00,0.00,0.0,0.000,0.002,27.607,22.773,0.00
1786227925,bench_mixed,0.00,0.00,0.0,0.000,0.002,27.607,22.775,0.00
1786227930,bench_mixed,0.00,0.00,0.0,0.000,0.002,27.607,22.775,0.00
1786227935,bench_mixed,0.00,0.00,0.0,0.000,0.002,27.607,22.774,0.00
1786227940,bench_mixed,0.00,0.00,0.0,0.000,0.002,27.607,22.774,0.00
1786227946,bench_mixed,0.00,0.00,0.0,0.000,0.002,27.607,22.775,0.00
1786227951,bench_mixed,0.00,0.00,0.0,0.000,0.002,27.607,22.774,0.00
1786227956,bench_mixed,0.00,0.00,0.0,0.000,0.002,27.607,22.772,0.00
1786227961,bench_mixed,0.00,0.00,0.0,0.000,0.002,27.607,22.772,0.00
1786227966,bench_mixed,0.00,0.00,0.0,0.000,0.002,27.607,22.773,0.00
1786227971,bench_mixed,0.00,0.00,0.0,0.000,0.002,27.607,22.774,0.00
1786227976,bench_mixed,0.00,0.00,0.0,0.000,0.002,27.607,22.773,0.00
1786227981,bench_mixed,0.00,0.00,0.0,0.000,0.002,27.607,22.774,0.00
1786227986,bench_mixed,0.00,0.00,0.0,0.000,0.002,27.607,22.774,0.00
1786227991,bench_mixed,0.00,0.00,0.0,0.000,0.002,27.607,22.776,0.00
1786227996,bench_mixed,0.00,0.00,0.0,0.000,0.002,27.607,22.774,0.00
1786228001,bench_mixed,0.00,0.00,0.0,0.000,0.002,27.607,22.774,0.00
1786228006,bench_mixed,0.00,0.00,0.0,0.000,0.002,27.607,22.773,0.00
1786228011,bench_mixed,0.00,0.00,0.0,0.000,0.002,27.607,22.773,0.00
1786228016,bench_mixed,0.00,0.00,0.0,0.000,0.002,27.607,22.772,0.00
1786228021,bench_mixed,0.00,0.00,0.0,0.000,0.002,27.607,22.773,0.00
1786228026,bench_mixed,0.00,0.00,0.0,0.000,0.002,27.607,22.772,0.00
1786228031,bench_mixed,0.00,0.00,0.0,0.000,0.002,27.607,22.772,0.00
1786228036,bench_mixed,0.00,0.00,0.0,0.000,0.002,27.607,22.771,0.00
1786228042,bench_mixed,0.00,0.00,0.0,0.000,0.002,27.607,22.771,0.00
1786228047,bench_mixed,0.00,0.00,0.0,0.000,0.002,27.607,22.774,0.00
1786228052,bench_mixed,0.00,0.00,0.0,0.000,0.002,27.607,22.775,0.00
1786228057,bench_mixed,0.00,0.00,0.0,0.000,0.002,27.607,22.772,0.00
1786228062,bench_mixed,0.00,0.00,0.0,0.000,0.002,27.607,22.772,0.00
1786228067,bench_mixed,0.00,0.00,0.0,0.000,0.002,27.607,22.771,0.00
1786228072,bench_mixed,0.00,0.00,0.0,0.000,0.002,27.607,22.773,0.00
1786228077,bench_mixed,0.00,0.00,0.0,0.000,0.002,27.607,22.773,0.00
1786228082,bench_mixed,0.00,0.00,0.0,0.000,0.002,27.607,22.773,0.00
1786228087,bench_mixed,0.00,0.00,0.0,0.000,0.002,27.607,22.773,0.00
1786228092,bench_mixed,0.00,0.00,0.0,0.000,0.002,27.607,22.773,0.00
1786228097,bench_mixed,0.00,0.00,0.0,0.000,0.002,27.607,22.771,0.00
1786228102,bench_mixed,0.00,0.00,0.0,0.000,0.002,27.607,22.772,0.00
1786228107,bench_mixed,0.00,0.00,0.0,0.000,0.002,27.607,22.772,0.00
1786228112,bench_mixed,0.00,0.00,0.0,0.000,0.002,27.607,22.772,0.00
1786228117,bench_mixed,0.00,0.00,0.0,0.000,0.002,27.607,22.771,0.00
1786228122,bench_mixed,0.00,0.00,0.0,0.000,0.002,27.607,22.763,0.03
1786228127,bench_mixed,0.00,0.00,0.0,0.000,0.002,27.607,22.766,0.00
1786228133,bench_mixed,0.00,0.00,0.0,0.000,0.002,27.607,22.767,0.00
1786228138,bench_mixed,0.00,0.00,0.0,0.000,0.002,27.607,22.767,0.00
1786228143,bench_mixed,0.00,0.00,0.0,0.000,0.002,27.607,22.768,0.00
1786228148,bench_mixed,0.00,0.00,0.0,0.000,0.002,27.607,22.769,0.00
1786228153,bench_mixed,0.00,0.00,0.0,0.000,0.002,27.607,22.769,0.00
1786228158,bench_mixed,0.00,0.00,0.0,0.000,0.002,27.607,22.770,0.00
1786228163,bench_mixed,0.00,0.00,0.0,0.000,0.002,27.607,22.770,0.00
1786228168,bench_mixed,0.00,0.00,0.0,0.000,0.002,27.607,22.770,0.00
1786228173,bench_mixed,0.00,0.00,0.0,0.000,0.002,27.607,22.772,0.00
1786228178,bench_mixed,0.00,0.00,0.0,0.000,0.002,27.607,22.769,0.00
1786228183,bench_mixed,0.00,0.00,0.0,0.000,0.002,27.607,22.775,0.00
1786228188,bench_mixed,0.00,0.00,0.0,0.000,0.002,27.607,22.775,0.00
1786228193,bench_mixed,0.00,0.00,0.0,0.000,0.002,27.607,22.774,0.00
1786228198,bench_mixed,0.00,0.00,0.0,0.000,0.002,27.607,22.775,0.00
1786228203,bench_mixed,0.00,0.00,0.0,0.000,0.002,27.607,22.771,0.00
1786228208,bench_mixed,0.00,0.00,0.0,0.000,0.002,27.607,22.771,0.00
1786228213,bench_mixed,0.00,0.00,0.0,0.000,0.002,27.607,22.773,0.00
1786228218,bench_mixed,0.00,0.00,0.0,0.000,0.002,27.607,22.772,0.00
1786228223,bench_mixed,0.00,0.00,0.0,0.000,0.002,27.607,22.769,0.00
1786228229,bench_mixed,0.00,0.00,0.0,0.000,0.002,27.607,22.768,0.00
1786228234,bench_mixed,0.00,0.00,0.0,0.000,0.002,27.607,22.767,0.00
1786228239,bench_mixed,0.00,0.00,0.0,0.000,0.002,27.607,22.767,0.00
1786228244,bench_mixed,0.00,0.00,0.0,0.000,0.002,27.607,22.765,0.00
1786228249,bench_mixed,0.00,0.00,0.0,0.000,0.002,27.607,22.766,0.00
1786228254,bench_mixed,0.00,0.00,0.0,0.000,0.002,27.607,22.766,0.00
1786228259,bench_mixed,0.00,0.00,0.0,0.000,0.002,27.607,22.766,0.00
1786228264,bench_mixed,0.00,0.00,0.0,0.000,0.002,27.607,22.763,0.00
1786228269,bench_mixed,0.00,0.00,0.0,0.000,0.002,27.607,22.764,0.00
1786228274,bench_mixed,0.00,0.00,0.0,0.000,0.002,27.607,22.765,0.00
1786228279,bench_mixed,0.00,0.00,0.0,0.000,0.002,27.607,22.765,0.00
1786228284,bench_mixed,0.00,0.00,0.0,0.000,0.002,27.607,22.765,0.00
1786228289,bench_mixed,0.00,0.00,0.0,0.000,0.002,27.607,22.766,0.00
1786228294,bench_mixed,0.00,0.00,0.0,0.000,0.002,27.607,22.766,0.00
1786228299,bench_mixed,0.00,0.00,0.0,0.000,0.002,27.607,22.766,0.00
1786228304,bench_mixed,0.00,0.00,0.0,0.000,0.002,27.607,22.765,0.00
1786228309,bench_mixed,0.00,0.00,0.0,0.000,0.002,27.607,22.766,0.00
1786228314,bench_mixed,0.00,0.00,0.0,0.000,0.002,27.607,22.766,0.00
1786228319,bench_mixed,0.00,0.00,0.0,0.000,0.002,27.607,22.767,0.00
1786228325,bench_mixed,0.00,0.00,0.0,0.000,0.002,27.607,22.766,0.00
1786228330,bench_mixed,0.00,0.00,0.0,0.000,0.002,27.607,22.766,0.00
1786228335,bench_mixed,0.00,0.00,0.0,0.000,0.002,27.607,22.768,0.00
1786228340,bench_mixed,0.00,0.00,0.0,0.000,0.002,27.607,22.768,0.00
1786228345,bench_mixed,0.00,0.00,0.0,0.000,0.002,27.607,22.768,0.00
1786228350,bench_mixed,0.00,0.00,0.0,0.000,0.002,27.607,22.768,0.00
1786228355,bench_mixed,0.00,0.00,0.0,0.000,0.002,27.607,22.765,0.00
1786228360,bench_mixed,0.00,0.00,0.0,0.000,0.002,27.607,22.765,0.00
1786228365,bench_mixed,0.00,0.00,0.0,0.000,0.002,27.607,22.764,0.00
1786228370,bench_mixed,0.00,0.00,0.0,0.000,0.002,27.607,22.765,0.00
1786228375,bench_mixed,0.00,0.00,0.0,0.000,0.002,27.607,22.764,0.00
1786228380,bench_mixed,0.00,0.00,0.0,0.000,0.002,27.607,22.764,0.00
1786228385,bench_mixed,0.00,0.00,0.0,0.000,0.002,27.607,22.763,0.00
1786228390,bench_mixed,0.00,0.00,0.0,0.000,0.002,27.607,22.764,0.00
1786228395,bench_mixed,0.00,0.00,0.0,0.000,0.002,27.607,22.761,0.00
1786228400,bench_mixed,0.00,0.00,0.0,0.000,0.002,27.607,22.762,0.00
1786228405,bench_mixed,0.00,0.00,0.0,0.000,0.002,27.607,22.760,0.00
1786228410,bench_mixed,0.00,0.00,0.0,0.000,0.002,27.607,22.759,0.00
1786228415,bench_mixed,0.00,0.00,0.0,0.000,0.002,27.607,22.759,0.00
1786228421,bench_mixed,0.00,0.00,0.0,0.000,0.002,27.607,22.753,0.02
1786228426,bench_mixed,0.00,0.00,0.0,0.000,0.002,27.607,22.754,0.01
1786228431,bench_mixed,0.00,0.00,0.0,0.000,0.002,27.607,22.755,0.00
1786228436,bench_mixed,0.00,0.00,0.0,0.000,0.002,27.607,22.753,0.00
1786228441,bench_mixed,0.00,0.00,0.0,0.000,0.002,27.607,22.754,0.00
1786228446,bench_mixed,0.00,0.00,0.0,0.000,0.002,27.607,22.756,0.00
1786228451,bench_mixed,0.00,0.00,0.0,0.000,0.002,27.607,22.757,0.00
1786228456,bench_mixed,0.00,0.00,0.0,0.000,0.002,27.607,22.757,0.00
1786228461,bench_mixed,0.00,0.00,0.0,0.000,0.002,27.607,22.757,0.00
1786228466,bench_mixed,0.00,0.00,0.0,0.000,0.002,27.607,22.756,0.00
1786228471,bench_mixed,0.00,0.00,0.0,0.000,0.002,27.607,22.757,0.00
1786228476,bench_mixed,0.00,0.00,0.0,0.000,0.002,27.607,22.757,0.00
1786228481,bench_mixed,0.00,0.00,0.0,0.000,0.002,27.607,22.758,0.00
1786228486,bench_mixed,0.00,0.00,0.0,0.000,0.002,27.607,22.757,0.00
1786228491,bench_mixed,0.00,0.00,0.0,0.000,0.002,27.607,22.757,0.00
1786228496,bench_mixed,0.00,0.00,0.0,0.000,0.002,27.607,22.759,0.00
1786228501,bench_mixed,0.00,0.00,0.0,0.000,0.002,27.607,22.759,0.00
1786228506,bench_mixed,0.00,0.00,0.0,0.000,0.002,27.607,22.756,0.00
1786228511,bench_mixed,0.00,0.00,0.0,0.000,0.002,27.607,22.757,0.00
1786228517,bench_mixed,0.00,0.00,0.0,0.000,0.002,27.607,22.757,0.00
1786228522,bench_mixed,0.00,0.00,0.0,0.000,0.002,27.607,22.757,0.00
1786228527,bench_mixed,0.00,0.00,0.0,0.000,0.002,27.607,22.760,0.00
1786228532,bench_mixed,0.00,0.00,0.0,0.000,0.002,27.607,22.760,0.00
1786228537,bench_mixed,0.00,0.00,0.0,0.000,0.002,27.607,22.755,0.00
1786228542,bench_mixed,0.00,0.00,0.0,0.000,0.002,27.607,22.761,0.00
1786228547,bench_mixed,0.00,0.00,0.0,0.000,0.002,27.607,22.761,0.00
1786228552,bench_mixed,0.00,0.00,0.0,0.000,0.002,27.607,22.760,0.00
1786228557,bench_mixed,0.00,0.00,0.0,0.000,0.002,27.607,22.760,0.00
1786228562,bench_mixed,0.00,0.00,0.0,0.000,0.002,27.607,22.761,0.00
1786228567,bench_mixed,0.00,0.00,0.0,0.000,0.002,27.607,22.761,0.00
1786228572,bench_mixed,0.00,0.00,0.0,0.000,0.002,27.607,22.760,0.00
1786228577,bench_mixed,0.00,0.00,0.0,0.000,0.002,27.607,22.761,0.00
1786228582,bench_mixed,0.00,0.00,0.0,0.000,0.002,27.607,22.762,0.00
1786228587,bench_mixed,0.00,0.00,0.0,0.000,0.002,27.607,22.762,0.00
1786228592,bench_mixed,0.00,0.00,0.0,0.000,0.002,27.607,22.763,0.00
1786228597,bench_mixed,0.00,0.00,0.0,0.000,0.002,27.607,22.763,0.00
1786228602,bench_mixed,0.00,0.00,0.0,0.000,0.002,27.607,22.760,0.00
1786228608,bench_mixed,0.00,0.00,0.0,0.000,0.002,27.607,22.760,0.00
1786228613,bench_mixed,0.00,0.00,0.0,0.000,0.002,27.607,22.762,0.00
1786228618,bench_mixed,0.00,0.00,0.0,0.000,0.002,27.607,22.763,0.00
1786228623,bench_mixed,0.00,0.00,0.0,0.000,0.002,27.607,22.762,0.00
1786228628,bench_mixed,0.00,0.00,0.0,0.000,0.002,27.607,22.762,0.00
1786228633,bench_mixed,0.00,0.00,0.0,0.000,0.002,27.607,22.766,0.00
1786228638,bench_mixed,0.00,0.00,0.0,0.000,0.002,27.607,22.766,0.00
1786228643,bench_mixed,0.00,0.00,0.0,0.000,0.002,27.607,22.766,0.00
1786228648,bench_mixed,0.00,0.00,0.0,0.000,0.002,27.607,22.766,0.00
1786228653,bench_mixed,0.00,0.00,0.0,0.000,0.002,27.607,22.765,0.00
1786228658,bench_mixed,0.00,0.00,0.0,0.000,0.002,27.607,22.765,0.00
1786228663,bench_mixed,0.00,0.00,0.0,0.000,0.002,27.607,22.766,0.00
1786228668,bench_mixed,0.00,0.00,0.0,0.000,0.002,27.607,22.766,0.00
1786228673,bench_mixed,0.00,0.00,0.0,0.000,0.002,27.607,22.766,0.00
1786228678,bench_mixed,0.00,0.00,0.0,0.000,0.002,27.607,22.767,0.00
1786228683,bench_mixed,0.00,0.00,0.0,0.000,0.002,27.607,22.766,0.00
1786228688,bench_mixed,0.00,0.00,0.0,0.000,0.002,27.607,22.766,0.00
1786228693,bench_mixed,0.00,0.00,0.0,0.000,0.002,27.607,22.766,0.00
1786228698,bench_mixed,0.00,0.00,0.0,0.000,0.002,27.607,22.766,0.00
1786228703,bench_mixed,0.00,0.00,0.0,0.000,0.002,27.607,22.765,0.00
1786228709,bench_mixed,0.00,0.00,0.0,0.000,0.002,27.607,22.765,0.00
1786228714,bench_mixed,0.00,0.00,0.0,0.000,0.002,27.607,22.768,0.00
1786228719,bench_mixed,0.00,0.00,0.0,0.000,0.002,27.607,22.768,0.00
1786228724,bench_mixed,0.00,0.00,0.0,0.000,0.002,27.607,22.757,0.03
1786228729,bench_mixed,0.00,0.00,0.0,0.000,0.002,27.607,22.758,0.00
1786228734,bench_mixed,0.00,0.00,0.0,0.000,0.002,27.607,22.759,0.00
1786228739,bench_mixed,0.00,0.00,0.0,0.000,0.002,27.607,22.759,0.00
1786228744,bench_mixed,0.00,0.00,0.0,0.000,0.002,27.607,22.761,0.00
1786228749,bench_mixed,0.00,0.00,0.0,0.000,0.002,27.607,22.761,0.00
1786228754,bench_mixed,0.00,0.00,0.0,0.000,0.002,27.607,22.761,0.00
1786228759,bench_mixed,0.00,0.00,0.0,0.000,0.002,27.607,22.761,0.00
1786228764,bench_mixed,0.00,0.00,0.0,0.000,0.002,27.607,22.761,0.00
1786228769,bench_mixed,0.00,0.00,0.0,0.000,0.002,27.607,22.762,0.00
1786228774,bench_mixed,0.00,0.00,0.0,0.000,0.002,27.607,22.761,0.00
1786228779,bench_mixed,0.00,0.00,0.0,0.000,0.002,27.607,22.762,0.00
1786228784,bench_mixed,0.00,0.00,0.0,0.000,0.002,27.607,22.764,0.00
1786228789,bench_mixed,0.00,0.00,0.0,0.000,0.002,27.607,22.764,0.00
1786228794,bench_mixed,0.00,0.00,0.0,0.000,0.002,27.607,22.765,0.00
1786228799,bench_mixed,0.00,0.00,0.0,0.000,0.002,27.607,22.765,0.00
1786228805,bench_mixed,0.00,0.00,0.0,0.000,0.002,27.607,22.764,0.00
1786228810,bench_mixed,0.00,0.00,0.0,0.000,0.002,27.607,22.765,0.00
1786228815,bench_mixed,0.00,0.00,0.0,0.000,0.002,27.607,22.765,0.00
1786228820,bench_mixed,0.00,0.00,0.0,0.000,0.002,27.607,22.766,0.00
1786228825,bench_mixed,0.00,0.00,0.0,0.000,0.002,27.607,22.766,0.00
1786228830,bench_mixed,0.00,0.00,0.0,0.000,0.002,27.607,22.767,0.00
1786228835,bench_mixed,0.00,0.00,0.0,0.000,0.002,27.607,22.768,0.00
1786228840,bench_mixed,0.00,0.00,0.0,0.000,0.002,27.607,22.768,0.00
1786228845,bench_mixed,0.00,0.00,0.0,0.000,0.002,27.607,22.768,0.00
1786228850,bench_mixed,0.00,0.00,0.0,0.000,0.002,27.607,22.768,0.00
1786228855,bench_mixed,0.00,0.00,0.0,0.000,0.002,27.607,22.770,0.00
1786228860,bench_mixed,0.00,0.00,0.0,0.000,0.002,27.607,22.770,0.00
1786228865,bench_mixed,0.00,0.00,0.0,0.000,0.002,27.607,22.768,0.00
1786228870,bench_mixed,0.00,0.00,0.0,0.000,0.002,27.607,22.768,0.00
1786228875,bench_mixed,0.00,0.00,0.0,0.000,0.002,27.607,22.769,0.00
1786228880,bench_mixed,0.00,0.00,0.0,0.000,0.002,27.607,22.768,0.00
1786228885,bench_mixed,0.00,0.00,0.0,0.000,0.002,27.607,22.767,0.00
1786228890,bench_mixed,0.00,0.00,0.0,0.000,0.002,27.607,22.767,0.00
1786228896,bench_mixed,0.00,0.00,0.0,0.000,0.002,27.607,22.759,0.00
1786228901,bench_mixed,0.00,0.00,0.0,0.000,0.002,27.607,22.763,0.00
1786228906,bench_mixed,0.00,0.00,0.0,0.000,0.002,27.607,22.764,0.00
1786228911,bench_mixed,0.00,0.00,0.0,0.000,0.002,27.607,22.761,0.00
1786228916,bench_mixed,0.00,0.00,0.0,0.000,0.002,27.607,22.761,0.00
1786228921,bench_mixed,0.00,0.00,0.0,0.000,0.002,27.607,22.760,0.00
1786228926,bench_mixed,0.00,0.00,0.0,0.000,0.002,27.607,22.760,0.00
1786228931,bench_mixed,0.00,0.00,0.0,0.000,0.002,27.607,22.759,0.00
1786228936,bench_mixed,0.00,0.00,0.0,0.000,0.002,27.607,22.760,0.00
1786228941,bench_mixed,0.00,0.00,0.0,0.000,0.002,27.607,22.760,0.00
1786228946,bench_mixed,0.00,0.00,0.0,0.000,0.002,27.607,22.760,0.00
1786228951,bench_mixed,0.00,0.00,0.0,0.000,0.002,27.607,22.759,0.00
1786228956,bench_mixed,0.00,0.00,0.0,0.000,0.002,27.607,22.760,0.00
1786228961,bench_mixed,0.00,0.00,0.0,0.000,0.002,27.607,22.760,0.00
1786228966,bench_mixed,0.00,0.00,0.0,0.000,0.002,27.607,22.760,0.00
1786228971,bench_mixed,0.00,0.00,0.0,0.000,0.002,27.607,22.761,0.00
1786228976,bench_mixed,0.00,0.00,0.0,0.000,0.002,27.607,22.760,0.00
1786228981,bench_mixed,0.00,0.00,0.0,0.000,0.002,27.607,22.762,0.00
1786228986,bench_mixed,0.00,0.00,0.0,0.000,0.002,27.607,22.763,0.00
1786228992,bench_mixed,0.00,0.00,0.0,0.000,0.002,27.607,22.763,0.00
1786228997,bench_mixed,0.00,0.00,0.0,0.000,0.002,27.607,22.763,0.00
1786229002,bench_mixed,0.00,0.00,0.0,0.000,0.002,27.607,22.762,0.00
1786229007,bench_mixed,0.00,0.00,0.0,0.000,0.002,27.607,22.762,0.00
1786229012,bench_mixed,0.00,0.00,0.0,0.000,0.002,27.607,22.762,0.00
1786229017,bench_mixed,0.00,0.00,0.0,0.000,0.002,27.607,22.762,0.00
1786229022,bench_mixed,0.00,0.00,0.0,0.000,0.002,27.607,22.757,0.03
1786229027,bench_mixed,0.00,0.00,0.0,0.000,0.002,27.607,22.758,0.00
1786229032,bench_mixed,0.00,0.00,0.0,0.000,0.002,27.607,22.761,0.00
1786229037,bench_mixed,0.00,0.00,0.0,0.000,0.002,27.607,22.761,0.00
1786229042,bench_mixed,0.00,0.00,0.0,0.000,0.002,27.607,22.762,0.00
1786229047,bench_mixed,0.00,0.00,0.0,0.000,0.002,27.607,22.762,0.00
1786229052,bench_mixed,0.00,0.00,0.0,0.000,0.002,27.607,22.762,0.00
1786229057,bench_mixed,0.00,0.00,0.0,0.000,0.002,27.607,22.762,0.00
1786229062,bench_mixed,0.00,0.00,0.0,0.000,0.002,27.607,22.765,0.00
1786229067,bench_mixed,0.00,0.00,0.0,0.000,0.002,27.607,22.765,0.00
1786229072,bench_mixed,0.00,0.00,0.0,0.000,0.002,27.607,22.765,0.00
1786229077,bench_mixed,0.00,0.00,0.0,0.000,0.002,27.607,22.765,0.00
1786229082,bench_mixed,0.00,0.00,0.0,0.000,0.002,27.607,22.767,0.00
1786229088,bench_mixed,0.00,0.00,0.0,0.000,0.002,27.607,22.767,0.00
1786229093,bench_mixed,0.00,0.00,0.0,0.000,0.002,27.607,22.767,0.00
1786229098,bench_mixed,0.00,0.00,0.0,0.000,0.002,27.607,22.767,0.00
1786229103,bench_mixed,0.00,0.00,0.0,0.000,0.002,27.607,22.764,0.00
1786229108,bench_mixed,0.00,0.00,0.0,0.000,0.002,27.607,22.764,0.00
1786229113,bench_mixed,0.00,0.00,0.0,0.000,0.002,27.607,22.767,0.00
1786229118,bench_mixed,0.00,0.00,0.0,0.000,0.002,27.607,22.767,0.00
1786229123,bench_mixed,0.00,0.00,0.0,0.000,0.002,27.607,22.767,0.00
1786229128,bench_mixed,0.00,0.00,0.0,0.000,0.002,27.607,22.766,0.00
1786229133,bench_mixed,0.00,0.00,0.0,0.000,0.002,27.607,22.766,0.00
1786229138,bench_mixed,0.00,0.00,0.0,0.000,0.002,27.607,22.768,0.00
1786229143,bench_mixed,0.00,0.00,0.0,0.000,0.002,27.607,22.770,0.00
1786229148,bench_mixed,0.00,0.00,0.0,0.000,0.002,27.607,22.770,0.00
1786229153,bench_mixed,0.00,0.00,0.0,0.000,0.002,27.607,22.768,0.00
1786229158,bench_mixed,0.00,0.00,0.0,0.000,0.002,27.607,22.768,0.00
1786229163,bench_mixed,0.00,0.00,0.0,0.000,0.002,27.607,22.767,0.00
1786229168,bench_mixed,0.00,0.00,0.0,0.000,0.002,27.607,22.767,0.00
1786229173,bench_mixed,0.00,0.00,0.0,0.000,0.002,27.607,22.771,0.00
1786229178,bench_mixed,0.00,0.00,0.0,0.000,0.002,27.607,22.772,0.00
1786229184,bench_mixed,0.00,0.00,0.0,0.000,0.002,27.607,22.770,0.00
1786229189,bench_mixed,0.00,0.00,0.0,0.000,0.002,27.607,22.770,0.00
1786229194,bench_mixed,0.00,0.00,0.0,0.000,0.002,27.607,22.773,0.00
1786229199,bench_mixed,0.00,0.00,0.0,0.000,0.002,27.607,22.773,0.00
1786229204,bench_mixed,0.00,0.00,0.0,0.000,0.002,27.607,22.776,0.00
1786229209,bench_mixed,0.00,0.00,0.0,0.000,0.002,27.607,22.777,0.00
1786229214,bench_mixed,0.00,0.00,0.0,0.000,0.002,27.607,22.774,0.00
1786229219,bench_mixed,0.00,0.00,0.0,0.000,0.002,27.607,22.775,0.00
1786229224,bench_mixed,0.00,0.00,0.0,0.000,0.002,27.607,22.772,0.00
1786229229,bench_mixed,0.00,0.00,0.0,0.000,0.002,27.607,22.772,0.00
1786229234,bench_mixed,0.00,0.00,0.0,0.000,0.002,27.607,22.775,0.00
1786229239,bench_mixed,0.00,0.00,0.0,0.000,0.002,27.607,22.775,0.00
1786229244,bench_mixed,0.00,0.00,0.0,0.000,0.002,27.607,22.777,0.00
1786229249,bench_mixed,0.00,0.00,0.0,0.000,0.002,27.607,22.776,0.00
1786229254,bench_mixed,0.00,0.00,0.0,0.000,0.002,27.607,22.765,0.00
1786229259,bench_mixed,0.00,0.00,0.0,0.000,0.002,27.607,22.776,0.00
1786229264,bench_mixed,0.00,0.00,0.0,0.000,0.002,27.607,22.775,0.00
1786229269,bench_mixed,0.00,0.00,0.0,0.000,0.002,27.607,22.774,0.00
1786229274,bench_mixed,0.00,0.00,0.0,0.000,0.002,27.607,22.774,0.00
1786229280,bench_mixed,0.00,0.00,0.0,0.000,0.002,27.607,22.775,0.00
1786229285,bench_mixed,0.00,0.00,0.0,0.000,0.002,27.607,22.774,0.00
1786229290,bench_mixed,0.00,0.00,0.0,0.000,0.002,27.607,22.773,0.00
1786229295,bench_mixed,0.00,0.00,0.0,0.000,0.002,27.607,22.773,0.00
1786229300,bench_mixed,0.00,0.00,0.0,0.000,0.002,27.607,22.770,0.00
1786229305,bench_mixed,0.00,0.00,0.0,0.000,0.002,27.607,22.770,0.00
1786229310,bench_mixed,0.00,0.00,0.0,0.000,0.002,27.607,22.770,0.00
1786229315,bench_mixed,0.00,0.00,0.0,0.000,0.002,27.607,22.770,0.00
1786229320,bench_mixed,0.00,0.00,0.0,0.000,0.002,27.607,22.767,0.01
1786229325,bench_mixed,0.00,0.00,0.0,0.000,0.002,27.607,22.763,0.02
1786229330,bench_mixed,0.00,0.00,0.0,0.000,0.002,27.607,22.761,0.00
1786229335,bench_mixed,0.00,0.00,0.0,0.000,0.002,27.607,22.762,0.00
1786229340,bench_mixed,0.00,0.00,0.0,0.000,0.002,27.607,22.763,0.00
1786229345,bench_mixed,0.00,0.00,0.0,0.000,0.002,27.607,22.763,0.00
1786229350,bench_mixed,0.00,0.00,0.0,0.000,0.002,27.607,22.763,0.00
1786229355,bench_mixed,0.00,0.00,0.0,0.000,0.002,27.607,22.763,0.00
1786229360,bench_mixed,0.00,0.00,0.0,0.000,0.002,27.607,22.764,0.00
1786229365,bench_mixed,0.00,0.00,0.0,0.000,0.002,27.607,22.764,0.00
1786229371,bench_mixed,0.00,0.00,0.0,0.000,0.002,27.607,22.764,0.00
1786229376,bench_mixed,0.00,0.00,0.0,0.000,0.002,27.607,22.764,0.00
1786229381,bench_mixed,0.00,0.00,0.0,0.000,0.002,27.607,22.767,0.00
1786229386,bench_mixed,0.00,0.00,0.0,0.000,0.002,27.607,22.767,0.00
1786229391,bench_mixed,0.00,0.00,0.0,0.000,0.002,27.607,22.766,0.00
1786229396,bench_mixed,0.00,0.00,0.0,0.000,0.002,27.607,22.764,0.00
1786229401,bench_mixed,0.00,0.00,0.0,0.000,0.002,27.607,22.763,0.00
1786229406,bench_mixed,0.00,0.00,0.0,0.000,0.002,27.607,22.764,0.00
1786229411,bench_mixed,0.00,0.00,0.0,0.000,0.002,27.607,22.761,0.00
1786229416,bench_mixed,0.00,0.00,0.0,0.000,0.002,27.607,22.761,0.00
1786229421,bench_mixed,0.00,0.00,0.0,0.000,0.002,27.607,22.761,0.00
1786229426,bench_mixed,0.00,0.00,0.0,0.000,0.002,27.607,22.761,0.00
1786229431,bench_mixed,0.00,0.00,0.0,0.000,0.002,27.607,22.760,0.00
1786229436,bench_mixed,0.00,0.00,0.0,0.000,0.002,27.607,22.761,0.00
1786229441,bench_mixed,0.00,0.00,0.0,0.000,0.002,27.607,22.764,0.00
1786229446,bench_mixed,0.00,0.00,0.0,0.000,0.002,27.607,22.764,0.00
1786229451,bench_mixed,0.00,0.00,0.0,0.000,0.002,27.607,22.764,0.00
1786229456,bench_mixed,0.00,0.00,0.0,0.000,0.002,27.607,22.755,0.00
1786229461,bench_mixed,0.00,0.00,0.0,0.000,0.002,27.607,22.755,0.00
1786229467,bench_mixed,0.00,0.00,0.0,0.000,0.002,27.607,22.755,0.00
1786229472,bench_mixed,0.00,0.00,0.0,0.000,0.002,27.607,22.757,0.00
1786229477,bench_mixed,0.00,0.00,0.0,0.000,0.002,27.607,22.757,0.00
1786229482,bench_mixed,0.00,0.00,0.0,0.000,0.002,27.607,22.756,0.00
1786229487,bench_mixed,0.00,0.00,0.0,0.000,0.002,27.607,22.756,0.00
1786229492,bench_mixed,0.00,0.00,0.0,0.000,0.002,27.607,22.757,0.00
1786229497,bench_mixed,0.00,0.00,0.0,0.000,0.002,27.607,22.758,0.00
1786229502,bench_mixed,0.00,0.00,0.0,0.000,0.002,27.607,22.761,0.00
1786229507,bench_mixed,0.00,0.00,0.0,0.000,0.002,27.607,22.762,0.00
1786229512,bench_mixed,0.00,0.00,0.0,0.000,0.002,27.607,22.759,0.00
1786229517,bench_mixed,0.00,0.00,0.0,0.000,0.002,27.607,22.760,0.00
1786229522,bench_mixed,0.00,0.00,0.0,0.000,0.002,27.607,22.758,0.00
1786229527,bench_mixed,0.00,0.00,0.0,0.000,0.002,27.607,22.758,0.00
1786229532,bench_mixed,0.00,0.00,0.0,0.000,0.002,27.607,22.758,0.00
1786229537,bench_mixed,0.00,0.00,0.0,0.000,0.002,27.607,22.758,0.00
1786229542,bench_mixed,0.00,0.00,0.0,0.000,0.002,27.607,22.756,0.00
1786229547,bench_mixed,0.00,0.00,0.0,0.000,0.002,27.607,22.757,0.00
1786229552,bench_mixed,0.00,0.00,0.0,0.000,0.002,27.607,22.758,0.00
1786229557,bench_mixed,0.00,0.00,0.0,0.000,0.002,27.607,22.758,0.00
1786229563,bench_mixed,0.00,0.00,0.0,0.000,0.002,27.607,22.757,0.00
1786229568,bench_mixed,0.00,0.00,0.0,0.000,0.002,27.607,22.758,0.00
1786229573,bench_mixed,0.00,0.00,0.0,0.000,0.002,27.607,22.756,0.00
1786229578,bench_mixed,0.00,0.00,0.0,0.000,0.002,27.607,22.757,0.00
1786229583,bench_mixed,0.00,0.00,0.0,0.000,0.002,27.607,22.757,0.00
1786229588,bench_mixed,0.00,0.00,0.0,0.000,0.002,27.607,22.757,0.00
1786229593,bench_mixed,0.00,0.00,0.0,0.000,0.002,27.607,22.754,0.00
1786229598,bench_mixed,0.00,0.00,0.0,0.000,0.002,27.607,22.755,0.00
1786229603,bench_mixed,0.00,0.00,0.0,0.000,0.002,27.607,22.755,0.00
1786229608,bench_mixed,0.00,0.00,0.0,0.000,0.002,27.607,22.755,0.00
1786229613,bench_mixed,0.00,0.00,0.0,0.000,0.002,27.607,22.755,0.00
1786229618,bench_mixed,0.00,0.00,0.0,0.000,0.002,27.607,22.755,0.00
1786229623,bench_mixed,0.00,0.00,0.0,0.000,0.002,27.607,22.747,0.03
1786229628,bench_mixed,0.00,0.00,0.0,0.000,0.002,27.607,22.748,0.00
1786229633,bench_mixed,0.00,0.00,0.0,0.000,0.002,27.607,22.749,0.00
1786229638,bench_mixed,0.00,0.00,0.0,0.000,0.002,27.607,22.747,0.00
1786229643,bench_mixed,0.00,0.00,0.0,0.000,0.002,27.607,22.747,0.00
1786229648,bench_mixed,0.00,0.00,0.0,0.000,0.002,27.607,22.746,0.00
1786229653,bench_mixed,0.00,0.00,0.0,0.000,0.002,27.607,22.746,0.00
1786229659,bench_mixed,0.00,0.00,0.0,0.000,0.002,27.607,22.748,0.00
1786229664,bench_mixed,0.00,0.00,0.0,0.000,0.002,27.607,22.748,0.00
1786229669,bench_mixed,0.00,0.00,0.0,0.000,0.002,27.607,22.751,0.00
