ts,phase,nvme_rd_mb_s,nvme_wr_mb_s,nvme_active_pct,cte_file_tier_gb,devshm_used_gb,clio_rss_gb,mem_avail_gb,nfs_rd_mb_s
1786289624,setup,0.00,0.00,0.0,0.000,0.002,0.000,45.001,0.00
1786289629,ingest,0.01,0.00,0.2,0.000,0.002,0.315,44.622,6.69
1786289634,ingest,0.00,0.00,0.0,0.000,0.002,0.605,44.321,0.00
1786289639,ingest,0.00,0.00,0.1,0.000,0.002,0.864,44.058,0.00
1786289644,ingest,0.00,0.00,0.0,0.000,0.002,1.000,43.920,0.00
1786289649,ingest,0.00,0.00,0.0,0.000,0.002,1.252,43.662,0.00
1786289655,ingest,0.00,0.00,0.0,0.000,0.002,1.506,43.400,0.00
1786289660,ingest,0.00,0.00,0.0,0.000,0.002,1.758,43.147,0.00
1786289665,ingest,0.00,0.00,0.0,0.000,0.002,1.948,42.953,0.00
1786289670,ingest,0.00,0.01,0.1,0.000,0.002,2.263,42.630,0.00
1786289675,ingest,0.00,0.00,0.0,0.000,0.002,2.517,42.371,0.00
1786289680,ingest,0.00,0.00,0.0,0.000,0.002,2.772,42.109,0.00
1786289685,ingest,0.00,0.00,0.0,0.000,0.002,2.960,41.919,0.00
1786289690,bench_chimod,0.00,0.00,0.0,0.000,0.002,3.806,41.619,1.58
1786289695,idle,0.00,0.00,0.0,0.000,0.002,0.000,44.926,0.00
1786289700,idle,0.00,0.00,0.1,0.000,0.002,0.000,44.921,0.01
1786289705,ingest,0.00,0.00,0.0,0.000,0.002,0.316,44.576,6.69
1786289710,ingest,0.00,0.00,0.0,0.000,0.002,3.086,41.832,0.01
1786289715,ingest,0.00,0.00,0.0,0.000,0.002,3.086,41.832,0.00
1786289720,ingest,0.00,0.00,0.0,0.000,0.002,3.086,41.834,0.00
1786289725,ingest,0.00,0.00,0.0,0.000,0.002,3.087,41.837,0.00
1786289730,ingest,0.00,0.00,0.1,0.000,0.002,3.087,41.838,0.00
1786289735,ingest,0.00,0.00,0.0,0.000,0.002,3.087,41.840,0.00
1786289740,ingest,0.00,0.00,0.0,0.000,0.002,3.087,41.842,0.00
1786289746,ingest,0.00,0.00,0.0,0.000,0.002,3.087,41.845,0.00
1786289751,ingest,0.00,0.00,0.0,0.000,0.002,3.087,41.845,0.00
1786289756,ingest,0.00,0.00,0.0,0.000,0.002,3.088,41.846,0.00
1786289761,ingest,0.00,0.01,0.1,0.000,0.002,3.088,41.847,0.00
1786289766,ingest,0.00,0.00,0.0,0.000,0.002,3.088,41.853,0.00
1786289771,bench_mixed,0.00,0.00,0.0,0.000,0.002,3.088,41.854,0.00
1786289776,bench_mixed,0.00,0.00,0.0,0.000,0.002,6.194,41.382,1.58
1786289781,bench_mixed,0.00,0.00,0.0,0.000,0.002,6.259,41.319,0.00
1786289786,bench_mixed,0.00,0.00,0.0,0.000,0.002,6.290,41.288,0.00
1786289791,bench_mixed,0.00,0.00,0.1,0.000,0.002,6.305,41.272,0.00
1786289796,bench_mixed,0.00,0.00,0.0,0.000,0.002,6.311,41.264,0.00
1786289801,bench_mixed,0.00,0.00,0.0,0.000,0.002,6.313,41.262,0.00
1786289806,bench_mixed,0.00,0.00,0.0,0.000,0.002,6.321,41.254,0.00
1786289811,bench_mixed,0.00,0.00,0.0,0.000,0.002,6.325,41.246,0.00
1786289816,bench_mixed,0.00,0.00,0.0,0.000,0.002,6.329,41.244,0.00
1786289821,bench_mixed,0.00,0.00,0.1,0.000,0.002,6.330,41.241,0.00
1786289826,bench_mixed,0.00,0.00,0.0,0.000,0.002,6.332,41.240,0.00
1786289831,bench_mixed,0.00,0.00,0.0,0.000,0.002,6.334,41.238,0.00
1786289836,bench_mixed,0.00,0.00,0.0,0.000,0.002,6.334,41.239,0.00
1786289842,bench_mixed,0.00,0.00,0.0,0.000,0.002,6.334,41.236,0.00
1786289847,bench_mixed,0.00,0.00,0.0,0.000,0.002,6.334,41.237,0.00
1786289852,bench_mixed,0.00,0.00,0.0,0.000,0.002,6.334,41.234,0.00
1786289857,bench_mixed,0.00,0.00,0.0,0.000,0.002,6.334,41.234,0.00
1786289862,bench_mixed,0.00,0.00,0.0,0.000,0.002,6.334,41.233,0.00
1786289867,bench_mixed,0.00,0.00,0.0,0.000,0.002,6.334,41.234,0.00
1786289872,bench_mixed,0.00,0.00,0.0,0.000,0.002,6.334,41.234,0.00
1786289877,bench_mixed,0.00,0.00,0.0,0.000,0.002,6.334,41.234,0.00
1786289882,bench_mixed,0.00,0.00,0.0,0.000,0.002,6.334,41.233,0.00
1786289887,bench_mixed,0.00,0.00,0.0,0.000,0.002,6.334,41.235,0.00
1786289892,bench_mixed,0.00,0.00,0.0,0.000,0.002,6.334,41.234,0.00
1786289897,bench_mixed,0.00,0.00,0.0,0.000,0.002,6.334,41.234,0.00
1786289902,bench_mixed,0.00,0.00,0.0,0.000,0.002,6.334,41.234,0.00
1786289907,bench_mixed,0.00,0.00,0.0,0.000,0.002,6.334,41.234,0.00
1786289912,bench_mixed,0.00,0.00,0.0,0.000,0.002,6.334,41.237,0.00
1786289917,bench_mixed,0.00,0.00,0.0,0.000,0.002,6.334,41.237,0.00
1786289922,bench_mixed,0.00,0.00,0.0,0.000,0.002,6.334,41.237,0.00
1786289928,bench_mixed,0.00,0.00,0.0,0.000,0.002,6.386,41.186,0.00
1786289933,bench_mixed,0.00,0.00,0.0,0.000,0.002,6.611,40.956,0.00
1786289938,bench_mixed,0.00,0.00,0.0,0.000,0.002,6.758,40.955,0.00
1786289943,bench_mixed,0.00,0.00,0.0,0.000,0.002,6.763,40.951,0.00
1786289948,bench_mixed,0.00,0.00,0.0,0.000,0.002,6.768,40.949,0.00
1786289953,bench_mixed,0.00,0.00,0.0,0.000,0.002,6.770,40.949,0.00
1786289958,bench_mixed,0.00,0.00,0.0,0.000,0.002,6.775,40.947,0.00
1786289963,bench_mixed,0.00,0.00,0.0,0.000,0.002,6.776,40.945,0.00
1786289968,bench_mixed,0.00,0.00,0.0,0.000,0.002,6.777,40.945,0.00
1786289973,bench_mixed,0.00,0.00,0.0,0.000,0.002,6.778,40.943,0.00
1786289978,bench_mixed,0.00,0.00,0.0,0.000,0.002,6.779,40.942,0.00
1786289983,bench_mixed,0.00,0.00,0.0,0.000,0.002,6.780,40.940,0.00
1786289988,bench_mixed,0.00,0.00,0.0,0.000,0.002,6.782,40.938,0.00
1786289993,bench_mixed,0.00,0.00,0.0,0.000,0.002,6.783,40.938,0.00
1786289998,bench_mixed,0.00,0.00,0.0,0.000,0.002,6.783,40.940,0.00
1786290003,bench_mixed,0.00,0.00,0.0,0.000,0.002,6.783,40.941,0.00
1786290008,bench_mixed,0.00,0.00,0.0,0.000,0.002,6.783,40.931,0.06
1786290013,bench_mixed,0.00,0.00,0.0,0.000,0.002,6.783,40.934,0.00
1786290019,bench_mixed,0.00,0.00,0.0,0.000,0.002,6.783,40.934,0.00
1786290024,bench_mixed,0.00,0.00,0.0,0.000,0.002,6.783,40.931,0.00
1786290029,bench_mixed,0.00,0.00,0.0,0.000,0.002,6.783,40.932,0.00
1786290034,bench_mixed,0.00,0.00,0.0,0.000,0.002,6.783,40.934,0.00
1786290039,bench_mixed,0.00,0.00,0.0,0.000,0.002,6.783,40.935,0.00
1786290044,bench_mixed,0.00,0.00,0.0,0.000,0.002,6.783,40.937,0.00
1786290049,bench_mixed,0.00,0.00,0.0,0.000,0.002,6.783,40.938,0.00
1786290054,bench_mixed,0.00,0.00,0.0,0.000,0.002,6.783,40.940,0.00
1786290059,bench_mixed,0.00,0.00,0.0,0.000,0.002,6.783,40.940,0.00
1786290064,bench_mixed,0.00,0.00,0.0,0.000,0.002,6.783,40.939,0.00
1786290069,bench_mixed,0.00,0.00,0.0,0.000,0.002,6.797,40.926,0.00
1786290074,bench_mixed,0.00,0.00,0.0,0.000,0.002,6.853,40.870,0.00
1786290079,bench_mixed,0.00,0.00,0.0,0.000,0.002,7.002,40.812,0.00
1786290084,bench_mixed,0.00,0.00,0.0,0.000,0.002,7.054,40.810,0.00
1786290089,bench_mixed,0.00,0.00,0.0,0.000,0.002,7.060,40.808,0.00
1786290094,bench_mixed,0.00,0.00,0.0,0.000,0.002,7.063,40.802,0.00
1786290099,bench_mixed,0.00,0.00,0.0,0.000,0.002,7.064,40.801,0.00
1786290104,bench_mixed,0.00,0.00,0.0,0.000,0.002,7.066,40.801,0.00
1786290109,bench_mixed,0.00,0.00,0.0,0.000,0.002,7.067,40.801,0.00
1786290115,bench_mixed,0.00,0.00,0.0,0.000,0.002,7.068,40.801,0.00
1786290120,bench_mixed,0.00,0.00,0.0,0.000,0.002,7.069,40.801,0.00
1786290125,bench_mixed,0.00,0.00,0.0,0.000,0.002,7.070,40.800,0.00
1786290130,bench_mixed,0.00,0.00,0.0,0.000,0.002,7.072,40.799,0.00
1786290135,bench_mixed,0.00,0.00,0.0,0.000,0.002,7.073,40.797,0.00
1786290140,bench_mixed,0.00,0.00,0.0,0.000,0.002,7.073,40.796,0.00
1786290145,bench_mixed,0.00,0.00,0.0,0.000,0.002,7.073,40.797,0.00
1786290150,bench_mixed,0.00,0.00,0.0,0.000,0.002,7.074,40.798,0.00
1786290155,bench_mixed,0.00,0.00,0.0,0.000,0.002,7.074,40.798,0.00
1786290160,bench_mixed,0.00,0.00,0.0,0.000,0.002,7.074,40.799,0.00
1786290165,bench_mixed,0.00,0.00,0.0,0.000,0.002,7.074,40.798,0.00
1786290170,bench_mixed,0.00,0.00,0.0,0.000,0.002,7.074,40.798,0.00
1786290175,bench_mixed,0.00,0.00,0.0,0.000,0.002,7.074,40.798,0.00
1786290180,bench_mixed,0.00,0.00,0.0,0.000,0.002,7.074,40.797,0.00
1786290185,bench_mixed,0.00,0.00,0.0,0.000,0.002,7.074,40.797,0.00
1786290190,bench_mixed,0.00,0.00,0.0,0.000,0.002,7.074,40.795,0.00
1786290195,bench_mixed,0.00,0.00,0.0,0.000,0.002,7.074,40.795,0.00
1786290200,bench_mixed,0.00,0.00,0.0,0.000,0.002,7.074,40.799,0.00
1786290205,bench_mixed,0.00,0.00,0.0,0.000,0.002,7.074,40.799,0.00
1786290211,bench_mixed,0.00,0.00,0.0,0.000,0.002,7.074,40.796,0.00
1786290216,bench_mixed,0.00,0.00,0.0,0.000,0.002,7.098,40.772,0.00
1786290221,bench_mixed,0.00,0.00,0.0,0.000,0.002,7.171,40.700,0.00
1786290226,bench_mixed,0.00,0.00,0.0,0.000,0.002,7.524,40.460,0.00
1786290231,bench_mixed,0.00,0.00,0.0,0.000,0.002,7.553,40.455,0.00
1786290236,bench_mixed,0.00,0.00,0.0,0.000,0.002,7.558,40.453,0.00
1786290241,bench_mixed,0.00,0.00,0.0,0.000,0.002,7.567,40.448,0.00
1786290246,bench_mixed,0.00,0.00,0.0,0.000,0.002,7.569,40.448,0.00
1786290251,bench_mixed,0.00,0.00,0.0,0.000,0.002,7.571,40.450,0.00
1786290256,bench_mixed,0.00,0.00,0.0,0.000,0.002,7.571,40.450,0.00
1786290261,bench_mixed,0.00,0.00,0.0,0.000,0.002,7.573,40.449,0.00
1786290266,bench_mixed,0.00,0.00,0.0,0.000,0.002,7.574,40.447,0.00
1786290271,bench_mixed,0.00,0.00,0.0,0.000,0.002,7.576,40.446,0.00
1786290276,bench_mixed,0.00,0.00,0.0,0.000,0.002,7.577,40.445,0.00
1786290281,bench_mixed,0.00,0.00,0.0,0.000,0.002,7.578,40.447,0.00
1786290286,bench_mixed,0.00,0.00,0.0,0.000,0.002,7.580,40.446,0.00
1786290291,bench_mixed,0.00,0.00,0.0,0.000,0.002,7.580,40.446,0.00
1786290296,bench_mixed,0.00,0.00,0.0,0.000,0.002,7.580,40.446,0.00
1786290301,bench_mixed,0.00,0.00,0.0,0.000,0.002,7.580,40.447,0.00
1786290307,bench_mixed,0.00,0.00,0.0,0.000,0.002,7.580,40.435,0.06
1786290312,bench_mixed,0.00,0.00,0.0,0.000,0.002,7.580,40.439,0.00
1786290317,bench_mixed,0.00,0.00,0.0,0.000,0.002,7.580,40.439,0.00
1786290322,bench_mixed,0.00,0.00,0.0,0.000,0.002,7.580,40.441,0.00
1786290327,bench_mixed,0.00,0.00,0.0,0.000,0.002,7.580,40.442,0.00
1786290332,bench_mixed,0.00,0.00,0.0,0.000,0.002,7.580,40.443,0.00
1786290337,bench_mixed,0.00,0.00,0.0,0.000,0.002,7.580,40.443,0.00
1786290342,bench_mixed,0.00,0.00,0.0,0.000,0.002,7.580,40.442,0.00
1786290347,bench_mixed,0.00,0.00,0.0,0.000,0.002,7.580,40.442,0.00
1786290352,bench_mixed,0.00,0.00,0.0,0.000,0.002,7.580,40.442,0.00
1786290357,bench_mixed,0.00,0.00,0.0,0.000,0.002,7.580,40.443,0.00
1786290362,bench_mixed,0.00,0.00,0.0,0.000,0.002,7.614,40.407,0.00
1786290367,bench_mixed,0.00,0.00,0.0,0.000,0.002,7.726,40.295,0.00
1786290372,bench_mixed,0.00,0.00,0.0,0.000,0.002,7.967,40.166,0.00
1786290377,bench_mixed,0.00,0.00,0.0,0.000,0.002,7.997,40.164,0.00
1786290382,bench_mixed,0.00,0.00,0.0,0.000,0.002,8.003,40.164,0.00
1786290387,bench_mixed,0.00,0.00,0.0,0.000,0.002,8.010,40.161,0.00
1786290392,bench_mixed,0.00,0.00,0.0,0.000,0.002,8.012,40.160,0.00
1786290398,bench_mixed,0.00,0.00,0.0,0.000,0.002,8.015,40.158,0.00
1786290403,bench_mixed,0.00,0.00,0.0,0.000,0.002,8.016,40.156,0.00
1786290408,bench_mixed,0.00,0.00,0.0,0.000,0.002,8.017,40.156,0.00
1786290413,bench_mixed,0.00,0.00,0.0,0.000,0.002,8.018,40.155,0.00
1786290418,bench_mixed,0.00,0.00,0.0,0.000,0.002,8.019,40.154,0.00
1786290423,bench_mixed,0.00,0.00,0.0,0.000,0.002,8.019,40.152,0.00
1786290428,bench_mixed,0.00,0.00,0.0,0.000,0.002,8.021,40.152,0.00
1786290433,bench_mixed,0.00,0.00,0.0,0.000,0.002,8.021,40.150,0.00
1786290438,bench_mixed,0.00,0.00,0.0,0.000,0.002,8.022,40.148,0.00
1786290443,bench_mixed,0.00,0.00,0.0,0.000,0.002,8.022,40.150,0.00
1786290448,bench_mixed,0.00,0.00,0.0,0.000,0.002,8.022,40.151,0.00
1786290453,bench_mixed,0.00,0.00,0.0,0.000,0.002,8.022,40.148,0.00
1786290458,bench_mixed,0.00,0.00,0.0,0.000,0.002,8.022,40.149,0.00
1786290463,bench_mixed,0.00,0.00,0.0,0.000,0.002,8.022,40.147,0.00
1786290468,bench_mixed,0.00,0.00,0.0,0.000,0.002,8.022,40.147,0.00
1786290473,bench_mixed,0.00,0.00,0.0,0.000,0.002,8.022,40.147,0.00
1786290478,bench_mixed,0.00,0.00,0.0,0.000,0.002,8.022,40.147,0.00
1786290483,bench_mixed,0.00,0.00,0.0,0.000,0.002,8.023,40.145,0.00
1786290488,bench_mixed,0.00,0.00,0.0,0.000,0.002,8.023,40.145,0.00
1786290494,bench_mixed,0.00,0.00,0.0,0.000,0.002,8.023,40.144,0.00
1786290499,bench_mixed,0.00,0.00,0.0,0.000,0.002,8.023,40.143,0.00
1786290504,bench_mixed,0.00,0.00,0.0,0.000,0.002,8.023,40.142,0.00
1786290509,bench_mixed,0.00,0.00,0.0,0.000,0.002,8.044,40.121,0.00
1786290514,bench_mixed,0.00,0.00,0.0,0.000,0.002,8.108,40.053,0.00
1786290519,bench_mixed,0.00,0.00,0.0,0.000,0.002,8.322,39.955,0.00
1786290524,bench_mixed,0.00,0.00,0.0,0.000,0.002,8.353,39.951,0.00
1786290529,bench_mixed,0.00,0.00,0.0,0.000,0.002,8.362,39.950,0.00
1786290534,bench_mixed,0.00,0.00,0.0,0.000,0.002,8.365,39.946,0.00
1786290539,bench_mixed,0.00,0.00,0.0,0.000,0.002,8.368,39.945,0.00
1786290544,bench_mixed,0.00,0.00,0.0,0.000,0.002,8.369,39.944,0.00
1786290549,bench_mixed,0.00,0.00,0.0,0.000,0.002,8.370,39.942,0.00
1786290554,bench_mixed,0.00,0.00,0.0,0.000,0.002,8.371,39.940,0.00
1786290559,bench_mixed,0.00,0.00,0.0,0.000,0.002,8.372,39.939,0.00
1786290564,bench_mixed,0.00,0.00,0.0,0.000,0.002,8.373,39.939,0.00
1786290569,bench_mixed,0.00,0.00,0.0,0.000,0.002,8.376,39.938,0.00
1786290574,bench_mixed,0.00,0.00,0.0,0.000,0.002,8.377,39.937,0.00
1786290579,bench_mixed,0.00,0.00,0.0,0.000,0.002,8.377,39.935,0.00
1786290584,bench_mixed,0.00,0.00,0.0,0.000,0.002,8.378,39.935,0.00
1786290590,bench_mixed,0.00,0.00,0.0,0.000,0.002,8.381,39.934,0.00
1786290595,bench_mixed,0.00,0.00,0.0,0.000,0.002,8.381,39.933,0.00
1786290600,bench_mixed,0.00,0.00,0.0,0.000,0.002,8.381,39.935,0.00
1786290605,bench_mixed,0.00,0.00,0.0,0.000,0.002,8.381,39.925,0.04
1786290610,bench_mixed,0.00,0.00,0.0,0.000,0.002,8.381,39.925,0.02
1786290615,bench_mixed,0.00,0.00,0.0,0.000,0.002,8.381,39.924,0.00
1786290620,bench_mixed,0.00,0.00,0.0,0.000,0.002,8.381,39.925,0.00
1786290625,bench_mixed,0.00,0.00,0.0,0.000,0.002,8.381,39.925,0.00
1786290630,bench_mixed,0.00,0.00,0.0,0.000,0.002,8.381,39.927,0.00
1786290635,bench_mixed,0.00,0.00,0.0,0.000,0.002,8.381,39.928,0.00
1786290640,bench_mixed,0.00,0.00,0.0,0.000,0.002,8.381,39.929,0.00
1786290645,bench_mixed,0.00,0.00,0.0,0.000,0.002,8.381,39.929,0.00
1786290650,bench_mixed,0.00,0.00,0.0,0.000,0.002,8.381,39.934,0.00
1786290655,bench_mixed,0.00,0.00,0.0,0.000,0.002,8.405,39.910,0.00
1786290660,bench_mixed,0.00,0.00,0.0,0.000,0.002,8.461,39.853,0.00
1786290665,bench_mixed,0.00,0.00,0.0,0.000,0.002,8.770,39.660,0.00
1786290670,bench_mixed,0.00,0.00,0.0,0.000,0.002,8.796,39.656,0.00
1786290675,bench_mixed,0.00,0.00,0.0,0.000,0.002,8.802,39.654,0.00
1786290680,bench_mixed,0.00,0.00,0.0,0.000,0.002,8.808,39.654,0.00
1786290686,bench_mixed,0.00,0.00,0.0,0.000,0.002,8.812,39.652,0.00
1786290691,bench_mixed,0.00,0.00,0.0,0.000,0.002,8.814,39.651,0.00
1786290696,bench_mixed,0.00,0.00,0.0,0.000,0.002,8.815,39.650,0.00
1786290701,bench_mixed,0.00,0.00,0.0,0.000,0.002,8.817,39.647,0.00
1786290706,bench_mixed,0.00,0.00,0.0,0.000,0.002,8.818,39.646,0.00
1786290711,bench_mixed,0.00,0.00,0.0,0.000,0.002,8.819,39.645,0.00
1786290716,bench_mixed,0.00,0.00,0.0,0.000,0.002,8.820,39.645,0.00
1786290721,bench_mixed,0.00,0.00,0.0,0.000,0.002,8.821,39.642,0.00
1786290726,bench_mixed,0.00,0.00,0.0,0.000,0.002,8.821,39.641,0.00
1786290731,bench_mixed,0.00,0.00,0.0,0.000,0.002,8.822,39.637,0.00
1786290736,bench_mixed,0.00,0.00,0.0,0.000,0.002,8.823,39.637,0.00
1786290741,bench_mixed,0.00,0.00,0.0,0.000,0.002,8.823,39.641,0.00
1786290746,bench_mixed,0.00,0.00,0.0,0.000,0.002,8.823,39.641,0.00
1786290751,bench_mixed,0.00,0.00,0.0,0.000,0.002,8.823,39.641,0.00
1786290756,bench_mixed,0.00,0.00,0.0,0.000,0.002,8.823,39.640,0.00
1786290761,bench_mixed,0.00,0.00,0.0,0.000,0.002,8.823,39.641,0.00
1786290766,bench_mixed,0.00,0.00,0.0,0.000,0.002,8.823,39.641,0.00
1786290771,bench_mixed,0.00,0.00,0.0,0.000,0.002,8.823,39.642,0.00
1786290777,bench_mixed,0.00,0.00,0.0,0.000,0.002,8.823,39.642,0.00
1786290782,bench_mixed,0.00,0.00,0.0,0.000,0.002,8.823,39.643,0.00
1786290787,bench_mixed,0.00,0.00,0.0,0.000,0.002,8.823,39.643,0.00
1786290792,bench_mixed,0.00,0.00,0.0,0.000,0.002,8.823,39.642,0.00
1786290797,bench_mixed,0.00,0.00,0.0,0.000,0.002,8.823,39.642,0.00
1786290802,bench_mixed,0.00,0.00,0.0,0.000,0.002,8.876,39.592,0.00
1786290807,bench_mixed,0.00,0.00,0.0,0.000,0.002,8.948,39.518,0.00
1786290812,bench_mixed,0.00,0.00,0.0,0.000,0.002,9.086,39.517,0.00
1786290817,bench_mixed,0.00,0.00,0.0,0.000,0.002,9.090,39.515,0.00
1786290822,bench_mixed,0.00,0.00,0.0,0.000,0.002,9.101,39.510,0.00
1786290827,bench_mixed,0.00,0.00,0.0,0.000,0.002,9.107,39.509,0.00
1786290832,bench_mixed,0.00,0.00,0.0,0.000,0.002,9.107,39.507,0.00
1786290837,bench_mixed,0.00,0.00,0.0,0.000,0.002,9.109,39.507,0.00
1786290842,bench_mixed,0.00,0.00,0.0,0.000,0.002,9.110,39.506,0.00
1786290847,bench_mixed,0.00,0.00,0.0,0.000,0.002,9.111,39.504,0.00
1786290852,bench_mixed,0.00,0.00,0.0,0.000,0.002,9.111,39.502,0.00
1786290857,bench_mixed,0.00,0.00,0.0,0.000,0.002,9.112,39.502,0.00
1786290862,bench_mixed,0.00,0.00,0.0,0.000,0.002,9.113,39.501,0.00
1786290867,bench_mixed,0.00,0.00,0.0,0.000,0.002,9.114,39.502,0.00
1786290873,bench_mixed,0.00,0.00,0.0,0.000,0.002,9.115,39.506,0.00
1786290878,bench_mixed,0.00,0.00,0.0,0.000,0.002,9.115,39.504,0.00
1786290883,bench_mixed,0.00,0.00,0.0,0.000,0.002,9.116,39.503,0.00
1786290888,bench_mixed,0.00,0.00,0.0,0.000,0.002,9.117,39.502,0.00
1786290893,bench_mixed,0.00,0.00,0.0,0.000,0.002,9.117,39.497,0.00
1786290898,bench_mixed,0.00,0.00,0.0,0.000,0.002,9.117,39.501,0.00
1786290903,bench_mixed,0.00,0.00,0.0,0.000,0.002,9.117,39.499,0.00
1786290908,bench_mixed,0.00,0.00,0.0,0.000,0.002,9.117,39.484,0.06
1786290913,bench_mixed,0.00,0.00,0.0,0.000,0.002,9.117,39.485,0.00
1786290918,bench_mixed,0.00,0.00,0.0,0.000,0.002,9.117,39.490,0.00
1786290923,bench_mixed,0.00,0.00,0.0,0.000,0.002,9.117,39.491,0.00
1786290928,bench_mixed,0.00,0.00,0.0,0.000,0.002,9.117,39.492,0.00
1786290933,bench_mixed,0.00,0.00,0.0,0.000,0.002,9.117,39.493,0.00
1786290938,bench_mixed,0.00,0.00,0.0,0.000,0.002,9.117,39.494,0.00
1786290943,bench_mixed,0.00,0.00,0.0,0.000,0.002,9.183,39.428,0.00
1786290948,bench_mixed,0.00,0.00,0.0,0.000,0.002,9.249,39.364,0.00
1786290953,bench_mixed,0.00,0.00,0.0,0.000,0.002,9.575,39.155,0.00
1786290958,bench_mixed,0.00,0.00,0.0,0.000,0.002,9.601,39.155,0.00
1786290963,bench_mixed,0.00,0.00,0.0,0.000,0.002,9.606,39.153,0.00
1786290969,bench_mixed,0.00,0.00,0.0,0.000,0.002,9.612,39.152,0.00
1786290974,bench_mixed,0.00,0.00,0.0,0.000,0.002,9.614,39.151,0.00
1786290979,bench_mixed,0.00,0.00,0.0,0.000,0.002,9.615,39.149,0.00
1786290984,bench_mixed,0.00,0.00,0.0,0.000,0.002,9.617,39.147,0.00
1786290989,bench_mixed,0.00,0.00,0.0,0.000,0.002,9.617,39.147,0.00
1786290994,bench_mixed,0.00,0.00,0.0,0.000,0.002,9.620,39.145,0.00
1786290999,bench_mixed,0.00,0.00,0.0,0.000,0.002,9.621,39.146,0.00
1786291004,bench_mixed,0.00,0.00,0.0,0.000,0.002,9.622,39.145,0.00
1786291009,bench_mixed,0.00,0.00,0.0,0.000,0.002,9.622,39.145,0.00
1786291014,bench_mixed,0.00,0.00,0.0,0.000,0.002,9.623,39.144,0.00
1786291019,bench_mixed,0.00,0.00,0.0,0.000,0.002,9.623,39.144,0.00
1786291024,bench_mixed,0.00,0.00,0.0,0.000,0.002,9.625,39.143,0.00
1786291029,bench_mixed,0.00,0.00,0.0,0.000,0.002,9.625,39.146,0.00
1786291034,bench_mixed,0.00,0.00,0.0,0.000,0.002,9.626,39.146,0.00
1786291039,bench_mixed,0.00,0.00,0.0,0.000,0.002,9.626,39.145,0.00
1786291044,bench_mixed,0.00,0.00,0.0,0.000,0.002,9.626,39.145,0.00
1786291049,bench_mixed,0.00,0.00,0.0,0.000,0.002,9.626,39.145,0.00
1786291054,bench_mixed,0.00,0.00,0.0,0.000,0.002,9.626,39.144,0.00
1786291059,bench_mixed,0.00,0.00,0.0,0.000,0.002,9.626,39.143,0.00
1786291065,bench_mixed,0.00,0.00,0.0,0.000,0.002,9.626,39.144,0.00
1786291070,bench_mixed,0.00,0.00,0.0,0.000,0.002,9.626,39.146,0.00
1786291075,bench_mixed,0.00,0.00,0.0,0.000,0.002,9.626,39.146,0.00
1786291080,bench_mixed,0.00,0.00,0.0,0.000,0.002,9.626,39.144,0.00
1786291085,bench_mixed,0.00,0.00,0.0,0.000,0.002,9.626,39.145,0.00
1786291090,bench_mixed,0.00,0.00,0.0,0.000,0.002,9.685,39.086,0.00
1786291095,bench_mixed,0.00,0.00,0.0,0.000,0.002,9.751,39.019,0.00
1786291100,bench_mixed,0.00,0.00,0.0,0.000,0.002,9.888,39.017,0.00
1786291105,bench_mixed,0.00,0.00,0.0,0.000,0.002,9.901,39.015,0.00
1786291110,bench_mixed,0.00,0.00,0.0,0.000,0.002,9.905,39.010,0.00
1786291115,bench_mixed,0.00,0.00,0.0,0.000,0.002,9.907,39.009,0.00
1786291120,bench_mixed,0.00,0.00,0.0,0.000,0.002,9.909,39.006,0.00
1786291125,bench_mixed,0.00,0.00,0.0,0.000,0.002,9.910,39.006,0.00
1786291130,bench_mixed,0.00,0.00,0.0,0.000,0.002,9.911,39.006,0.00
1786291135,bench_mixed,0.00,0.00,0.0,0.000,0.002,9.912,39.006,0.00
1786291140,bench_mixed,0.00,0.00,0.0,0.000,0.002,9.913,39.004,0.00
1786291145,bench_mixed,0.00,0.00,0.0,0.000,0.002,9.914,39.003,0.00
1786291150,bench_mixed,0.00,0.00,0.0,0.000,0.002,9.916,39.006,0.00
1786291156,bench_mixed,0.00,0.00,0.0,0.000,0.002,9.918,39.004,0.00
1786291161,bench_mixed,0.00,0.00,0.0,0.000,0.002,9.919,39.002,0.00
1786291166,bench_mixed,0.00,0.00,0.0,0.000,0.002,9.920,39.000,0.00
1786291171,bench_mixed,0.00,0.00,0.0,0.000,0.002,9.920,38.999,0.00
1786291176,bench_mixed,0.00,0.00,0.0,0.000,0.002,9.921,39.000,0.00
1786291181,bench_mixed,0.00,0.00,0.0,0.000,0.002,9.921,38.999,0.00
1786291186,bench_mixed,0.00,0.00,0.0,0.000,0.002,9.921,38.998,0.00
1786291191,bench_mixed,0.00,0.00,0.0,0.000,0.002,9.921,38.996,0.00
1786291196,bench_mixed,0.00,0.00,0.0,0.000,0.002,9.921,38.997,0.00
1786291201,bench_mixed,0.00,0.00,0.0,0.000,0.002,9.921,38.994,0.00
1786291206,bench_mixed,0.00,0.00,0.0,0.000,0.002,9.921,38.981,0.05
1786291211,bench_mixed,0.00,0.00,0.0,0.000,0.002,9.921,38.984,0.00
1786291216,bench_mixed,0.00,0.00,0.0,0.000,0.002,9.921,38.983,0.00
1786291221,bench_mixed,0.00,0.00,0.0,0.000,0.002,9.921,38.985,0.00
1786291226,bench_mixed,0.00,0.00,0.0,0.000,0.002,9.921,38.986,0.00
1786291231,bench_mixed,0.00,0.00,0.0,0.000,0.002,9.931,38.975,0.00
1786291236,bench_mixed,0.00,0.00,0.0,0.000,0.002,10.042,38.866,0.00
1786291241,bench_mixed,0.00,0.00,0.0,0.000,0.002,10.310,38.650,0.00
1786291246,bench_mixed,0.00,0.00,0.0,0.000,0.002,10.396,38.651,0.00
1786291252,bench_mixed,0.00,0.00,0.0,0.000,0.002,10.401,38.642,0.00
1786291257,bench_mixed,0.00,0.00,0.0,0.000,0.002,10.410,38.645,0.00
1786291262,bench_mixed,0.00,0.00,0.0,0.000,0.002,10.413,38.643,0.00
1786291267,bench_mixed,0.00,0.00,0.0,0.000,0.002,10.413,38.643,0.00
1786291272,bench_mixed,0.00,0.00,0.0,0.000,0.002,10.417,38.642,0.00
1786291277,bench_mixed,0.00,0.00,0.0,0.000,0.002,10.417,38.643,0.00
1786291282,bench_mixed,0.00,0.00,0.0,0.000,0.002,10.420,38.642,0.00
1786291287,bench_mixed,0.00,0.00,0.0,0.000,0.002,10.420,38.642,0.00
1786291292,bench_mixed,0.00,0.00,0.0,0.000,0.002,10.421,38.641,0.00
1786291297,bench_mixed,0.00,0.00,0.0,0.000,0.002,10.421,38.641,0.00
1786291302,bench_mixed,0.00,0.00,0.0,0.000,0.002,10.422,38.641,0.00
1786291307,bench_mixed,0.00,0.00,0.0,0.000,0.002,10.423,38.643,0.00
1786291312,bench_mixed,0.00,0.00,0.0,0.000,0.002,10.424,38.642,0.00
1786291317,bench_mixed,0.00,0.00,0.0,0.000,0.002,10.424,38.640,0.00
1786291322,bench_mixed,0.00,0.00,0.0,0.000,0.002,10.425,38.639,0.00
1786291327,bench_mixed,0.00,0.00,0.0,0.000,0.002,10.425,38.638,0.00
1786291332,bench_mixed,0.00,0.00,0.0,0.000,0.002,10.425,38.638,0.00
1786291337,bench_mixed,0.00,0.00,0.0,0.000,0.002,10.425,38.638,0.00
1786291343,bench_mixed,0.00,0.00,0.0,0.000,0.002,10.425,38.638,0.00
1786291348,bench_mixed,0.00,0.00,0.0,0.000,0.002,10.425,38.636,0.00
1786291353,bench_mixed,0.00,0.00,0.0,0.000,0.002,10.425,38.635,0.00
1786291358,bench_mixed,0.00,0.00,0.0,0.000,0.002,10.425,38.634,0.00
1786291363,bench_mixed,0.00,0.00,0.0,0.000,0.002,10.425,38.634,0.00
1786291368,bench_mixed,0.00,0.00,0.0,0.000,0.002,10.425,38.635,0.00
1786291373,bench_mixed,0.00,0.00,0.0,0.000,0.002,10.425,38.635,0.00
1786291378,bench_mixed,0.00,0.00,0.0,0.000,0.002,10.464,38.595,0.00
1786291383,bench_mixed,0.00,0.00,0.0,0.000,0.002,10.550,38.509,0.00
1786291388,bench_mixed,0.00,0.00,0.0,0.000,0.002,10.674,38.506,0.00
1786291393,bench_mixed,0.00,0.00,0.0,0.000,0.002,10.694,38.504,0.00
1786291398,bench_mixed,0.00,0.00,0.0,0.000,0.002,10.698,38.501,0.00
1786291403,bench_mixed,0.00,0.00,0.0,0.000,0.002,10.704,38.499,0.00
1786291408,bench_mixed,0.00,0.00,0.0,0.000,0.002,10.709,38.498,0.00
1786291413,bench_mixed,0.00,0.00,0.0,0.000,0.002,10.712,38.498,0.00
1786291418,bench_mixed,0.00,0.00,0.0,0.000,0.002,10.713,38.497,0.00
1786291423,bench_mixed,0.00,0.00,0.0,0.000,0.002,10.717,38.495,0.00
1786291428,bench_mixed,0.00,0.00,0.0,0.000,0.002,10.717,38.493,0.00
1786291433,bench_mixed,0.00,0.00,0.0,0.000,0.002,10.718,38.492,0.00
1786291439,bench_mixed,0.00,0.00,0.0,0.000,0.002,10.719,38.493,0.00
1786291444,bench_mixed,0.00,0.00,0.0,0.000,0.002,10.720,38.492,0.00
1786291449,bench_mixed,0.00,0.00,0.0,0.000,0.002,10.721,38.493,0.00
1786291454,bench_mixed,0.00,0.00,0.0,0.000,0.002,10.722,38.493,0.00
1786291459,bench_mixed,0.00,0.00,0.0,0.000,0.002,10.723,38.490,0.00
1786291464,bench_mixed,0.00,0.00,0.0,0.000,0.002,10.723,38.490,0.00
1786291469,bench_mixed,0.00,0.00,0.0,0.000,0.002,10.724,38.487,0.00
1786291474,bench_mixed,0.00,0.00,0.0,0.000,0.002,10.725,38.486,0.00
1786291479,bench_mixed,0.00,0.00,0.0,0.000,0.002,10.726,38.485,0.00
1786291484,bench_mixed,0.00,0.00,0.0,0.000,0.002,10.726,38.485,0.00
1786291489,bench_mixed,0.00,0.00,0.0,0.000,0.002,10.726,38.487,0.00
1786291494,bench_mixed,0.00,0.00,0.0,0.000,0.002,10.726,38.487,0.00
1786291499,bench_mixed,0.00,0.00,0.0,0.000,0.002,10.726,38.487,0.00
1786291504,bench_mixed,0.00,0.00,0.0,0.000,0.002,10.726,38.483,0.01
1786291509,bench_mixed,0.00,0.00,0.0,0.000,0.002,10.726,38.475,0.05
1786291514,bench_mixed,0.00,0.00,0.0,0.000,0.002,10.726,38.476,0.00
1786291519,bench_mixed,0.00,0.00,0.0,0.000,0.002,10.743,38.464,0.00
1786291524,bench_mixed,0.00,0.00,0.0,0.000,0.002,10.867,38.341,0.00
1786291529,bench_mixed,0.00,0.00,0.0,0.000,0.002,11.093,38.208,0.00
1786291535,bench_mixed,0.00,0.00,0.0,0.000,0.002,11.146,38.206,0.00
1786291540,bench_mixed,0.00,0.00,0.0,0.000,0.002,11.149,38.206,0.00
1786291545,bench_mixed,0.00,0.00,0.0,0.000,0.002,11.153,38.204,0.00
1786291550,bench_mixed,0.00,0.00,0.0,0.000,0.002,11.155,38.199,0.00
1786291555,bench_mixed,0.00,0.00,0.0,0.000,0.002,11.158,38.198,0.00
1786291560,bench_mixed,0.00,0.00,0.0,0.000,0.002,11.159,38.196,0.00
1786291565,bench_mixed,0.00,0.00,0.0,0.000,0.002,11.160,38.195,0.00
1786291570,bench_mixed,0.00,0.00,0.0,0.000,0.002,11.160,38.198,0.00
1786291575,bench_mixed,0.00,0.00,0.0,0.000,0.002,11.163,38.196,0.00
1786291580,bench_mixed,0.00,0.00,0.0,0.000,0.002,11.163,38.193,0.00
1786291585,bench_mixed,0.00,0.00,0.0,0.000,0.002,11.163,38.192,0.00
1786291590,bench_mixed,0.00,0.00,0.0,0.000,0.002,11.164,38.192,0.00
1786291595,bench_mixed,0.00,0.00,0.0,0.000,0.002,11.165,38.192,0.00
1786291600,bench_mixed,0.00,0.00,0.0,0.000,0.002,11.166,38.192,0.00
1786291605,bench_mixed,0.00,0.00,0.0,0.000,0.002,11.166,38.193,0.00
1786291610,bench_mixed,0.00,0.00,0.0,0.000,0.002,11.167,38.192,0.00
1786291615,bench_mixed,0.00,0.00,0.0,0.000,0.002,11.168,38.192,0.00
1786291620,bench_mixed,0.00,0.00,0.0,0.000,0.002,11.169,38.191,0.00
1786291626,bench_mixed,0.00,0.00,0.0,0.000,0.002,11.169,38.191,0.00
1786291631,bench_mixed,0.00,0.00,0.0,0.000,0.002,11.169,38.191,0.00
1786291636,bench_mixed,0.00,0.00,0.0,0.000,0.002,11.169,38.191,0.00
1786291641,bench_mixed,0.00,0.00,0.0,0.000,0.002,11.169,38.191,0.00
1786291646,bench_mixed,0.00,0.00,0.0,0.000,0.002,11.169,38.190,0.00
1786291651,bench_mixed,0.00,0.00,0.0,0.000,0.002,11.169,38.190,0.00
1786291656,bench_mixed,0.00,0.00,0.0,0.000,0.002,11.169,38.192,0.00
1786291661,bench_mixed,0.00,0.00,0.0,0.000,0.002,11.208,38.152,0.00
1786291666,bench_mixed,0.00,0.00,0.0,0.000,0.002,11.356,38.003,0.00
1786291671,bench_mixed,0.00,0.00,0.0,0.000,0.002,11.453,38.004,0.00
1786291676,bench_mixed,0.00,0.00,0.0,0.000,0.002,11.499,38.000,0.00
1786291681,bench_mixed,0.00,0.00,0.0,0.000,0.002,11.502,37.999,0.00
1786291686,bench_mixed,0.00,0.00,0.0,0.000,0.002,11.510,37.996,0.00
1786291691,bench_mixed,0.00,0.00,0.0,0.000,0.002,11.512,37.993,0.00
1786291696,bench_mixed,0.00,0.00,0.0,0.000,0.002,11.515,37.997,0.00
1786291701,bench_mixed,0.00,0.00,0.0,0.000,0.002,11.516,37.996,0.00
1786291706,bench_mixed,0.00,0.00,0.0,0.000,0.002,11.518,37.995,0.00
1786291711,bench_mixed,0.00,0.00,0.0,0.000,0.002,11.519,37.994,0.00
1786291716,bench_mixed,0.00,0.00,0.0,0.000,0.002,11.520,37.994,0.00
1786291722,bench_mixed,0.00,0.00,0.0,0.000,0.002,11.520,37.994,0.00
1786291727,bench_mixed,0.00,0.00,0.0,0.000,0.002,11.521,37.993,0.00
1786291732,bench_mixed,0.00,0.00,0.0,0.000,0.002,11.521,37.991,0.00
1786291737,bench_mixed,0.00,0.00,0.0,0.000,0.002,11.522,37.992,0.00
1786291742,bench_mixed,0.00,0.00,0.0,0.000,0.002,11.523,37.991,0.00
1786291747,bench_mixed,0.00,0.00,0.0,0.000,0.002,11.524,37.990,0.00
1786291752,bench_mixed,0.00,0.00,0.0,0.000,0.002,11.524,37.989,0.00
1786291757,bench_mixed,0.00,0.00,0.0,0.000,0.002,11.525,37.989,0.00
1786291762,bench_mixed,0.00,0.00,0.0,0.000,0.002,11.525,37.989,0.00
1786291767,bench_mixed,0.00,0.00,0.0,0.000,0.002,11.525,37.992,0.00
1786291772,bench_mixed,0.00,0.00,0.0,0.000,0.002,11.525,37.991,0.00
1786291777,bench_mixed,0.00,0.00,0.0,0.000,0.002,11.525,37.991,0.00
1786291782,bench_mixed,0.00,0.00,0.0,0.000,0.002,11.525,37.991,0.00
1786291787,bench_mixed,0.00,0.00,0.0,0.000,0.002,11.525,37.993,0.00
1786291792,bench_mixed,0.00,0.00,0.0,0.000,0.002,11.525,37.993,0.00
1786291797,bench_mixed,0.00,0.00,0.0,0.000,0.002,11.525,37.991,0.00
1786291802,bench_mixed,0.00,0.00,0.0,0.000,0.002,11.525,37.991,0.00
1786291807,bench_mixed,0.00,0.00,0.0,0.000,0.002,11.583,37.920,0.06
1786291812,bench_mixed,0.00,0.00,0.0,0.000,0.002,11.800,37.703,0.00
1786291818,bench_mixed,0.00,0.00,0.0,0.000,0.002,11.909,37.704,0.00
1786291823,bench_mixed,0.00,0.00,0.0,0.000,0.002,11.946,37.702,0.00
1786291828,bench_mixed,0.00,0.00,0.0,0.000,0.002,11.952,37.700,0.00
1786291833,bench_mixed,0.00,0.00,0.0,0.000,0.002,11.958,37.698,0.00
1786291838,bench_mixed,0.00,0.00,0.0,0.000,0.002,11.960,37.697,0.00
1786291843,bench_mixed,0.00,0.00,0.0,0.000,0.002,11.962,37.695,0.00
1786291848,bench_mixed,0.00,0.00,0.0,0.000,0.002,11.962,37.696,0.00
1786291853,bench_mixed,0.00,0.00,0.0,0.000,0.002,11.964,37.695,0.00
1786291858,bench_mixed,0.00,0.00,0.0,0.000,0.002,11.965,37.695,0.00
1786291863,bench_mixed,0.00,0.00,0.0,0.000,0.002,11.966,37.694,0.00
1786291868,bench_mixed,0.00,0.00,0.0,0.000,0.002,11.967,37.692,0.00
1786291873,bench_mixed,0.00,0.00,0.0,0.000,0.002,11.968,37.692,0.00
1786291878,bench_mixed,0.00,0.00,0.0,0.000,0.002,11.969,37.693,0.00
1786291883,bench_mixed,0.00,0.00,0.0,0.000,0.002,11.969,37.695,0.00
1786291888,bench_mixed,0.00,0.00,0.0,0.000,0.002,11.970,37.697,0.00
1786291893,bench_mixed,0.00,0.00,0.0,0.000,0.002,11.971,37.696,0.00
1786291898,bench_mixed,0.00,0.00,0.0,0.000,0.002,11.972,37.695,0.00
1786291903,bench_mixed,0.00,0.00,0.0,0.000,0.002,11.973,37.694,0.00
1786291909,bench_mixed,0.00,0.00,0.0,0.000,0.002,11.974,37.696,0.00
1786291914,bench_mixed,0.00,0.00,0.0,0.000,0.002,11.974,37.696,0.00
1786291919,bench_mixed,0.00,0.00,0.0,0.000,0.002,11.974,37.696,0.00
1786291924,bench_mixed,0.00,0.00,0.0,0.000,0.002,11.974,37.696,0.00
1786291929,bench_mixed,0.00,0.00,0.0,0.000,0.002,11.974,37.695,0.00
1786291934,bench_mixed,0.00,0.00,0.0,0.000,0.002,11.974,37.695,0.00
1786291939,bench_mixed,0.00,0.00,0.0,0.000,0.002,11.974,37.694,0.00
1786291944,bench_mixed,0.00,0.00,0.0,0.000,0.002,11.974,37.693,0.00
1786291949,bench_mixed,0.00,0.00,0.0,0.000,0.002,11.974,37.693,0.00
1786291954,bench_mixed,0.00,0.00,0.0,0.000,0.002,12.045,37.622,0.00
1786291959,bench_mixed,0.00,0.00,0.0,0.000,0.002,12.162,37.503,0.00
1786291964,bench_mixed,0.00,0.00,0.0,0.000,0.002,12.282,37.504,0.00
1786291969,bench_mixed,0.00,0.00,0.0,0.000,0.002,12.301,37.501,0.00
1786291974,bench_mixed,0.00,0.00,0.0,0.000,0.002,12.311,37.499,0.00
1786291979,bench_mixed,0.00,0.00,0.0,0.000,0.002,12.313,37.492,0.00
1786291984,bench_mixed,0.00,0.00,0.0,0.000,0.002,12.315,37.496,0.00
1786291989,bench_mixed,0.00,0.00,0.0,0.000,0.002,12.316,37.496,0.00
1786291994,bench_mixed,0.00,0.00,0.0,0.000,0.002,12.317,37.495,0.00
1786291999,bench_mixed,0.00,0.00,0.0,0.000,0.002,12.318,37.494,0.00
1786292005,bench_mixed,0.00,0.00,0.0,0.000,0.002,12.319,37.490,0.00
1786292010,bench_mixed,0.00,0.00,0.0,0.000,0.002,12.322,37.489,0.00
1786292015,bench_mixed,0.00,0.00,0.0,0.000,0.002,12.324,37.487,0.00
1786292020,bench_mixed,0.00,0.00,0.0,0.000,0.002,12.325,37.485,0.00
1786292025,bench_mixed,0.00,0.00,0.0,0.000,0.002,12.326,37.483,0.00
1786292030,bench_mixed,0.00,0.00,0.0,0.000,0.002,12.326,37.482,0.00
1786292035,bench_mixed,0.00,0.00,0.0,0.000,0.002,12.327,37.481,0.00
1786292040,bench_mixed,0.00,0.00,0.0,0.000,0.002,12.328,37.481,0.00
1786292045,bench_mixed,0.00,0.00,0.0,0.000,0.002,12.328,37.480,0.00
1786292050,bench_mixed,0.00,0.00,0.0,0.000,0.002,12.329,37.480,0.00
1786292055,bench_mixed,0.00,0.00,0.0,0.000,0.002,12.329,37.482,0.00
1786292060,bench_mixed,0.00,0.00,0.0,0.000,0.002,12.329,37.482,0.00
1786292065,bench_mixed,0.00,0.00,0.0,0.000,0.002,12.329,37.482,0.00
1786292070,bench_mixed,0.00,0.00,0.0,0.000,0.002,12.329,37.482,0.00
1786292075,bench_mixed,0.00,0.00,0.0,0.000,0.002,12.329,37.482,0.00
1786292080,bench_mixed,0.00,0.00,0.0,0.000,0.002,12.329,37.482,0.00
1786292085,bench_mixed,0.00,0.00,0.0,0.000,0.002,12.329,37.482,0.00
1786292090,bench_mixed,0.00,0.00,0.0,0.000,0.002,12.329,37.481,0.00
1786292096,bench_mixed,0.00,0.00,0.0,0.000,0.002,12.329,37.483,0.00
1786292101,bench_mixed,0.00,0.00,0.0,0.000,0.002,12.402,37.409,0.00
1786292106,bench_mixed,0.00,0.00,0.0,0.000,0.002,12.604,37.194,0.04
1786292111,bench_mixed,0.00,0.00,0.0,0.000,0.002,12.943,36.858,0.01
1786292116,bench_mixed,0.00,0.00,0.0,0.000,0.002,13.052,36.751,0.00
1786292121,bench_mixed,0.00,0.00,0.0,0.000,0.002,13.110,36.693,0.00
1786292126,bench_mixed,0.00,0.00,0.0,0.000,0.002,13.155,36.650,0.00
1786292131,bench_mixed,0.00,0.00,0.0,0.000,0.002,13.237,36.568,0.00
1786292136,bench_mixed,0.00,0.00,0.0,0.000,0.002,13.281,36.523,0.00
1786292141,bench_mixed,0.00,0.00,0.0,0.000,0.002,13.337,36.466,0.00
1786292146,bench_mixed,0.00,0.00,0.0,0.000,0.002,13.344,36.458,0.00
1786292151,bench_mixed,0.00,0.00,0.0,0.000,0.002,13.370,36.432,0.00
1786292156,bench_mixed,0.00,0.00,0.0,0.000,0.002,13.372,36.429,0.00
1786292161,bench_mixed,0.00,0.00,0.0,0.000,0.002,13.384,36.416,0.00
1786292166,bench_mixed,0.00,0.00,0.0,0.000,0.002,13.401,36.397,0.00
1786292171,bench_mixed,0.00,0.00,0.0,0.000,0.002,13.405,36.394,0.00
1786292176,bench_mixed,0.00,0.00,0.0,0.000,0.002,13.426,36.371,0.00
1786292181,bench_mixed,0.00,0.00,0.0,0.000,0.002,13.440,36.358,0.00
1786292186,bench_mixed,0.00,0.00,0.0,0.000,0.002,13.465,36.334,0.00
1786292192,bench_mixed,0.00,0.00,0.0,0.000,0.002,13.467,36.330,0.00
1786292197,bench_mixed,0.00,0.00,0.0,0.000,0.002,13.476,36.326,0.00
1786292202,bench_mixed,0.00,0.00,0.0,0.000,0.002,13.479,36.324,0.00
1786292207,bench_mixed,0.00,0.00,0.0,0.000,0.002,13.485,36.316,0.00
1786292212,bench_mixed,0.00,0.00,0.0,0.000,0.002,13.488,36.314,0.00
1786292217,bench_mixed,0.00,0.00,0.0,0.000,0.002,13.496,36.306,0.00
1786292222,bench_mixed,0.00,0.00,0.0,0.000,0.002,13.500,36.303,0.00
1786292227,bench_mixed,0.00,0.00,0.0,0.000,0.002,13.501,36.301,0.00
1786292232,bench_mixed,0.00,0.00,0.0,0.000,0.002,13.503,36.300,0.00
1786292237,bench_mixed,0.00,0.00,0.0,0.000,0.002,13.503,36.299,0.00
1786292242,bench_mixed,0.00,0.00,0.0,0.000,0.002,13.519,36.283,0.00
1786292247,bench_mixed,0.00,0.00,0.0,0.000,0.002,13.639,36.164,0.00
1786292252,bench_mixed,0.00,0.00,0.0,0.000,0.002,13.779,36.020,0.00
1786292257,bench_mixed,0.00,0.00,0.0,0.000,0.002,13.780,36.018,0.00
1786292262,bench_mixed,0.00,0.00,0.0,0.000,0.002,13.783,36.015,0.00
1786292267,bench_mixed,0.00,0.00,0.0,0.000,0.002,13.785,36.014,0.00
1786292272,bench_mixed,0.00,0.00,0.0,0.000,0.002,13.788,36.014,0.00
1786292277,bench_mixed,0.00,0.00,0.0,0.000,0.002,13.789,36.011,0.00
1786292283,bench_mixed,0.00,0.00,0.0,0.000,0.002,13.791,36.011,0.00
1786292288,bench_mixed,0.00,0.00,0.0,0.000,0.002,13.791,36.011,0.00
1786292293,bench_mixed,0.00,0.00,0.0,0.000,0.002,13.794,36.008,0.00
1786292298,bench_mixed,0.00,0.00,0.0,0.000,0.002,13.796,36.004,0.00
1786292303,bench_mixed,0.00,0.00,0.0,0.000,0.002,13.800,36.000,0.00
1786292308,bench_mixed,0.00,0.00,0.0,0.000,0.002,13.804,35.996,0.00
1786292313,bench_mixed,0.00,0.00,0.0,0.000,0.002,13.805,35.997,0.00
1786292318,bench_mixed,0.00,0.00,0.0,0.000,0.002,13.811,35.987,0.00
1786292323,bench_mixed,0.00,0.00,0.0,0.000,0.002,13.814,35.984,0.00
1786292328,bench_mixed,0.00,0.00,0.0,0.000,0.002,13.820,35.978,0.00
1786292333,bench_mixed,0.00,0.00,0.0,0.000,0.002,13.820,35.979,0.00
1786292338,bench_mixed,0.00,0.00,0.0,0.000,0.002,13.822,35.979,0.00
1786292343,bench_mixed,0.00,0.00,0.0,0.000,0.002,13.823,35.979,0.00
1786292348,bench_mixed,0.00,0.00,0.0,0.000,0.002,13.824,35.978,0.00
1786292353,bench_mixed,0.00,0.00,0.0,0.000,0.002,13.828,35.973,0.00
1786292358,bench_mixed,0.00,0.00,0.0,0.000,0.002,13.828,35.972,0.00
1786292363,bench_mixed,0.00,0.00,0.0,0.000,0.002,13.830,35.970,0.00
1786292368,bench_mixed,0.00,0.00,0.0,0.000,0.002,13.830,35.969,0.00
1786292373,bench_mixed,0.00,0.00,0.0,0.000,0.002,13.831,35.968,0.00
1786292379,bench_mixed,0.00,0.00,0.0,0.000,0.002,13.832,35.967,0.00
1786292384,bench_mixed,0.00,0.00,0.0,0.000,0.002,13.836,35.964,0.00
1786292389,bench_mixed,0.00,0.00,0.0,0.000,0.002,13.860,35.939,0.00
1786292394,bench_mixed,0.00,0.00,0.0,0.000,0.002,13.956,35.844,0.00
1786292399,bench_mixed,0.00,0.00,0.0,0.000,0.002,14.620,35.176,0.00
1786292404,bench_mixed,0.00,0.00,0.0,0.000,0.002,14.620,35.175,0.00
1786292409,bench_mixed,0.00,0.00,0.0,0.000,0.002,14.620,35.161,0.06
1786292414,bench_mixed,0.00,0.00,0.0,0.000,0.002,14.620,35.166,0.00
1786292419,bench_mixed,0.00,0.00,0.0,0.000,0.002,14.620,35.166,0.00
1786292424,bench_mixed,0.00,0.00,0.0,0.000,0.002,14.620,35.164,0.00
1786292429,bench_mixed,0.00,0.00,0.0,0.000,0.002,14.620,35.164,0.00
1786292434,bench_mixed,0.00,0.00,0.0,0.000,0.002,14.620,35.162,0.00
1786292439,bench_mixed,0.00,0.00,0.0,0.000,0.002,14.620,35.162,0.00
1786292444,bench_mixed,0.00,0.00,0.0,0.000,0.002,14.620,35.164,0.00
1786292449,bench_mixed,0.00,0.00,0.0,0.000,0.002,14.620,35.164,0.00
1786292454,bench_mixed,0.00,0.00,0.0,0.000,0.002,14.620,35.163,0.00
1786292459,bench_mixed,0.00,0.00,0.0,0.000,0.002,14.620,35.163,0.00
1786292464,bench_mixed,0.00,0.00,0.0,0.000,0.002,14.620,35.163,0.00
1786292469,bench_mixed,0.00,0.00,0.0,0.000,0.002,14.620,35.164,0.00
1786292475,bench_mixed,0.00,0.00,0.0,0.000,0.002,14.620,35.164,0.00
1786292480,bench_mixed,0.00,0.00,0.0,0.000,0.002,14.620,35.163,0.00
1786292485,bench_mixed,0.00,0.00,0.0,0.000,0.002,14.620,35.164,0.00
1786292490,bench_mixed,0.00,0.00,0.0,0.000,0.002,14.620,35.165,0.00
1786292495,bench_mixed,0.00,0.00,0.0,0.000,0.002,14.620,35.169,0.00
1786292500,bench_mixed,0.00,0.00,0.0,0.000,0.002,14.620,35.168,0.00
1786292505,bench_mixed,0.00,0.00,0.0,0.000,0.002,14.620,35.169,0.00
1786292510,bench_mixed,0.00,0.00,0.0,0.000,0.002,14.620,35.169,0.00
1786292515,bench_mixed,0.00,0.00,0.0,0.000,0.002,14.620,35.169,0.00
1786292520,bench_mixed,0.00,0.00,0.0,0.000,0.002,14.620,35.169,0.00
1786292525,bench_mixed,0.00,0.00,0.0,0.000,0.002,14.620,35.169,0.00
1786292530,bench_mixed,0.00,0.00,0.0,0.000,0.002,14.620,35.169,0.00
1786292535,bench_mixed,0.00,0.00,0.0,0.000,0.002,14.620,35.169,0.00
1786292540,bench_mixed,0.00,0.00,0.0,0.000,0.002,14.620,35.169,0.00
1786292545,bench_mixed,0.00,0.00,0.0,0.000,0.002,14.620,35.168,0.00
1786292550,bench_mixed,0.00,0.00,0.0,0.000,0.002,14.620,35.169,0.00
1786292555,bench_mixed,0.00,0.00,0.0,0.000,0.002,14.620,35.168,0.00
1786292560,bench_mixed,0.00,0.00,0.0,0.000,0.002,14.620,35.169,0.00
1786292566,bench_mixed,0.00,0.00,0.0,0.000,0.002,14.620,35.169,0.00
1786292571,bench_mixed,0.00,0.00,0.0,0.000,0.002,14.620,35.170,0.00
1786292576,bench_mixed,0.00,0.00,0.0,0.000,0.002,14.620,35.174,0.00
1786292581,bench_mixed,0.00,0.00,0.0,0.000,0.002,14.620,35.175,0.00
1786292586,bench_mixed,0.00,0.00,0.0,0.000,0.002,14.620,35.175,0.00
1786292591,bench_mixed,0.00,0.00,0.0,0.000,0.002,14.620,35.176,0.00
1786292596,bench_mixed,0.00,0.00,0.0,0.000,0.002,14.620,35.177,0.00
1786292601,bench_mixed,0.00,0.00,0.0,0.000,0.002,14.620,35.177,0.00
1786292606,bench_mixed,0.00,0.00,0.0,0.000,0.002,14.620,35.176,0.00
1786292611,bench_mixed,0.00,0.00,0.0,0.000,0.002,14.620,35.175,0.00
1786292616,bench_mixed,0.00,0.00,0.0,0.000,0.002,14.620,35.173,0.00
1786292621,bench_mixed,0.00,0.00,0.0,0.000,0.002,14.620,35.173,0.00
1786292626,bench_mixed,0.00,0.00,0.0,0.000,0.002,14.620,35.173,0.00
1786292631,bench_mixed,0.00,0.00,0.0,0.000,0.002,14.620,35.173,0.00
1786292636,bench_mixed,0.00,0.00,0.0,0.000,0.002,14.620,35.172,0.00
1786292641,bench_mixed,0.00,0.00,0.0,0.000,0.002,14.620,35.173,0.00
1786292646,bench_mixed,0.00,0.00,0.0,0.000,0.002,14.620,35.170,0.00
1786292651,bench_mixed,0.00,0.00,0.0,0.000,0.002,14.620,35.171,0.00
1786292656,bench_mixed,0.00,0.00,0.0,0.000,0.002,14.620,35.170,0.00
1786292662,bench_mixed,0.00,0.00,0.0,0.000,0.002,14.620,35.171,0.00
1786292667,bench_mixed,0.00,0.00,0.0,0.000,0.002,14.620,35.169,0.00
1786292672,bench_mixed,0.00,0.00,0.0,0.000,0.002,14.620,35.169,0.00
1786292677,bench_mixed,0.00,0.00,0.0,0.000,0.002,14.620,35.171,0.00
1786292682,bench_mixed,0.00,0.00,0.0,0.000,0.002,14.620,35.172,0.00
1786292687,bench_mixed,0.00,0.00,0.0,0.000,0.002,14.620,35.170,0.00
1786292692,bench_mixed,0.00,0.00,0.0,0.000,0.002,14.620,35.169,0.00
1786292697,bench_mixed,0.00,0.00,0.0,0.000,0.002,14.620,35.168,0.00
1786292702,bench_mixed,0.00,0.00,0.0,0.000,0.002,14.620,35.169,0.00
1786292707,bench_mixed,0.00,0.00,0.0,0.000,0.002,14.620,35.152,0.06
1786292712,bench_mixed,0.00,0.00,0.0,0.000,0.002,14.620,35.162,0.00
1786292717,bench_mixed,0.00,0.00,0.0,0.000,0.002,14.620,35.162,0.00
1786292722,bench_mixed,0.00,0.00,0.0,0.000,0.002,14.620,35.164,0.00
1786292727,bench_mixed,0.00,0.00,0.0,0.000,0.002,14.620,35.164,0.00
1786292732,bench_mixed,0.00,0.00,0.0,0.000,0.002,14.620,35.164,0.00
1786292737,bench_mixed,0.00,0.00,0.0,0.000,0.002,14.620,35.164,0.00
1786292742,bench_mixed,0.00,0.00,0.0,0.000,0.002,14.620,35.166,0.00
1786292747,bench_mixed,0.00,0.00,0.0,0.000,0.002,14.620,35.166,0.00
1786292753,bench_mixed,0.00,0.00,0.0,0.000,0.002,14.620,35.169,0.00
1786292758,bench_mixed,0.00,0.00,0.0,0.000,0.002,14.620,35.169,0.00
1786292763,bench_mixed,0.00,0.00,0.0,0.000,0.002,14.620,35.172,0.00
1786292768,bench_mixed,0.00,0.00,0.0,0.000,0.002,14.620,35.173,0.00
1786292773,bench_mixed,0.00,0.00,0.0,0.000,0.002,14.620,35.174,0.00
1786292778,bench_mixed,0.00,0.00,0.0,0.000,0.002,14.620,35.174,0.00
1786292783,bench_mixed,0.00,0.00,0.0,0.000,0.002,14.620,35.176,0.00
1786292788,bench_mixed,0.00,0.00,0.0,0.000,0.002,14.620,35.176,0.00
1786292793,bench_mixed,0.00,0.00,0.0,0.000,0.002,14.620,35.176,0.00
1786292798,bench_mixed,0.00,0.00,0.0,0.000,0.002,14.620,35.176,0.00
1786292803,bench_mixed,0.00,0.00,0.0,0.000,0.002,14.620,35.176,0.00
1786292808,bench_mixed,0.00,0.00,0.0,0.000,0.002,14.620,35.177,0.00
1786292813,bench_mixed,0.00,0.00,0.0,0.000,0.002,14.620,35.176,0.00
1786292818,bench_mixed,0.00,0.00,0.0,0.000,0.002,14.620,35.177,0.00
1786292823,bench_mixed,0.00,0.00,0.0,0.000,0.002,14.620,35.182,0.00
1786292828,bench_mixed,0.00,0.00,0.0,0.000,0.002,14.620,35.181,0.00
1786292833,bench_mixed,0.00,0.00,0.0,0.000,0.002,14.620,35.181,0.00
1786292838,bench_mixed,0.00,0.00,0.0,0.000,0.002,14.620,35.180,0.00
1786292843,bench_mixed,0.00,0.00,0.0,0.000,0.002,14.620,35.180,0.00
1786292849,bench_mixed,0.00,0.00,0.0,0.000,0.002,14.620,35.180,0.00
1786292854,bench_mixed,0.00,0.00,0.0,0.000,0.002,14.620,35.180,0.00
1786292859,bench_mixed,0.00,0.00,0.0,0.000,0.002,14.620,35.180,0.00
1786292864,bench_mixed,0.00,0.00,0.0,0.000,0.002,14.620,35.183,0.00
1786292869,bench_mixed,0.00,0.00,0.0,0.000,0.002,14.620,35.182,0.00
1786292874,bench_mixed,0.00,0.00,0.0,0.000,0.002,14.620,35.185,0.00
1786292879,bench_mixed,0.00,0.00,0.0,0.000,0.002,14.620,35.185,0.00
1786292884,bench_mixed,0.00,0.00,0.0,0.000,0.002,14.620,35.185,0.00
1786292889,bench_mixed,0.00,0.00,0.0,0.000,0.002,14.620,35.185,0.00
1786292894,bench_mixed,0.00,0.00,0.0,0.000,0.002,14.620,35.183,0.00
1786292899,bench_mixed,0.00,0.00,0.0,0.000,0.002,14.620,35.183,0.00
1786292904,bench_mixed,0.00,0.00,0.0,0.000,0.002,14.620,35.181,0.00
1786292909,bench_mixed,0.00,0.00,0.0,0.000,0.002,14.620,35.181,0.00
1786292914,bench_mixed,0.00,0.00,0.0,0.000,0.002,14.620,35.182,0.00
1786292919,bench_mixed,0.00,0.00,0.0,0.000,0.002,14.620,35.183,0.00
1786292924,bench_mixed,0.00,0.00,0.0,0.000,0.002,14.620,35.180,0.00
1786292929,bench_mixed,0.00,0.00,0.0,0.000,0.002,14.620,35.180,0.00
1786292934,bench_mixed,0.00,0.00,0.0,0.000,0.002,14.620,35.179,0.00
1786292939,bench_mixed,0.00,0.00,0.0,0.000,0.002,14.620,35.179,0.00
1786292945,bench_mixed,0.00,0.00,0.0,0.000,0.002,14.620,35.177,0.00
1786292950,bench_mixed,0.00,0.00,0.0,0.000,0.002,14.620,35.178,0.00
1786292955,bench_mixed,0.00,0.00,0.0,0.000,0.002,14.620,35.178,0.00
1786292960,bench_mixed,0.00,0.00,0.0,0.000,0.002,14.620,35.178,0.00
1786292965,bench_mixed,0.00,0.00,0.0,0.000,0.002,14.620,35.176,0.00
1786292970,bench_mixed,0.00,0.00,0.0,0.000,0.002,14.620,35.176,0.00
1786292975,bench_mixed,0.00,0.00,0.0,0.000,0.002,14.620,35.173,0.00
1786292980,bench_mixed,0.00,0.00,0.0,0.000,0.002,14.620,35.174,0.00
1786292985,bench_mixed,0.00,0.00,0.0,0.000,0.002,14.620,35.172,0.00
1786292990,bench_mixed,0.00,0.00,0.0,0.000,0.002,14.620,35.173,0.00
1786292995,bench_mixed,0.00,0.00,0.0,0.000,0.002,14.620,35.176,0.00
1786293000,bench_mixed,0.00,0.00,0.0,0.000,0.002,14.620,35.176,0.00
1786293005,bench_mixed,0.00,0.00,0.0,0.000,0.002,14.620,35.162,0.04
1786293010,bench_mixed,0.00,0.00,0.0,0.000,0.002,14.620,35.161,0.02
1786293015,bench_mixed,0.00,0.00,0.0,0.000,0.002,14.620,35.163,0.00
1786293020,bench_mixed,0.00,0.00,0.0,0.000,0.002,14.620,35.163,0.00
1786293025,bench_mixed,0.00,0.00,0.0,0.000,0.002,14.620,35.164,0.00
1786293030,bench_mixed,0.00,0.00,0.0,0.000,0.002,14.620,35.164,0.00
1786293035,bench_mixed,0.00,0.00,0.0,0.000,0.002,14.620,35.169,0.00
1786293041,bench_mixed,0.00,0.00,0.0,0.000,0.002,14.620,35.169,0.00
1786293046,bench_mixed,0.00,0.00,0.0,0.000,0.002,14.620,35.170,0.00
1786293051,bench_mixed,0.00,0.00,0.0,0.000,0.002,14.620,35.171,0.00
1786293056,bench_mixed,0.00,0.00,0.0,0.000,0.002,14.620,35.171,0.00
1786293061,bench_mixed,0.00,0.00,0.0,0.000,0.002,14.620,35.172,0.00
1786293066,bench_mixed,0.00,0.00,0.0,0.000,0.002,14.620,35.170,0.00
1786293071,bench_mixed,0.00,0.00,0.0,0.000,0.002,14.620,35.171,0.00
1786293076,bench_mixed,0.00,0.00,0.0,0.000,0.002,14.620,35.171,0.00
1786293081,bench_mixed,0.00,0.00,0.0,0.000,0.002,14.620,35.170,0.00
1786293086,bench_mixed,0.00,0.00,0.0,0.000,0.002,14.620,35.170,0.00
1786293091,bench_mixed,0.00,0.00,0.0,0.000,0.002,14.620,35.171,0.00
1786293096,bench_mixed,0.00,0.00,0.0,0.000,0.002,14.620,35.170,0.00
1786293101,bench_mixed,0.00,0.00,0.0,0.000,0.002,14.620,35.173,0.00
1786293106,bench_mixed,0.00,0.00,0.0,0.000,0.002,14.620,35.173,0.00
1786293111,bench_mixed,0.00,0.00,0.0,0.000,0.002,14.620,35.174,0.00
1786293116,bench_mixed,0.00,0.00,0.0,0.000,0.002,14.620,35.174,0.00
1786293121,bench_mixed,0.00,0.00,0.0,0.000,0.002,14.620,35.175,0.00
1786293126,bench_mixed,0.00,0.00,0.0,0.000,0.002,14.620,35.176,0.00
1786293132,bench_mixed,0.00,0.00,0.0,0.000,0.002,14.620,35.177,0.00
1786293137,bench_mixed,0.00,0.00,0.0,0.000,0.002,14.620,35.176,0.00
1786293142,bench_mixed,0.00,0.00,0.0,0.000,0.002,14.620,35.179,0.00
1786293147,bench_mixed,0.00,0.00,0.0,0.000,0.002,14.620,35.181,0.00
1786293152,bench_mixed,0.00,0.00,0.0,0.000,0.002,14.620,35.182,0.00
1786293157,bench_mixed,0.00,0.00,0.0,0.000,0.002,14.620,35.182,0.00
1786293162,bench_mixed,0.00,0.00,0.0,0.000,0.002,14.620,35.183,0.00
1786293167,bench_mixed,0.00,0.00,0.0,0.000,0.002,14.620,35.183,0.00
1786293172,bench_mixed,0.00,0.00,0.0,0.000,0.002,14.620,35.182,0.00
1786293177,bench_mixed,0.00,0.00,0.0,0.000,0.002,14.620,35.182,0.00
1786293182,bench_mixed,0.00,0.00,0.0,0.000,0.002,14.620,35.182,0.00
1786293187,bench_mixed,0.00,0.00,0.0,0.000,0.002,14.620,35.183,0.00
1786293192,bench_mixed,0.00,0.00,0.0,0.000,0.002,14.620,35.183,0.00
1786293197,bench_mixed,0.00,0.00,0.0,0.000,0.002,14.620,35.183,0.00
1786293202,bench_mixed,0.00,0.00,0.0,0.000,0.002,14.620,35.181,0.00
1786293207,bench_mixed,0.00,0.00,0.0,0.000,0.002,14.620,35.181,0.00
1786293212,bench_mixed,0.00,0.00,0.0,0.000,0.002,14.620,35.180,0.00
1786293217,bench_mixed,0.00,0.00,0.0,0.000,0.002,14.620,35.180,0.00
1786293222,bench_mixed,0.00,0.00,0.0,0.000,0.002,14.620,35.179,0.00
1786293228,bench_mixed,0.00,0.00,0.0,0.000,0.002,14.620,35.179,0.00
1786293233,bench_mixed,0.00,0.00,0.0,0.000,0.002,14.620,35.178,0.00
1786293238,bench_mixed,0.00,0.00,0.0,0.000,0.002,14.620,35.178,0.00
1786293243,bench_mixed,0.00,0.00,0.0,0.000,0.002,14.620,35.181,0.00
1786293248,bench_mixed,0.00,0.00,0.0,0.000,0.002,14.620,35.181,0.00
1786293253,bench_mixed,0.00,0.00,0.0,0.000,0.002,14.620,35.182,0.00
1786293258,bench_mixed,0.00,0.00,0.0,0.000,0.002,14.620,35.182,0.00
1786293263,bench_mixed,0.00,0.00,0.0,0.000,0.002,14.620,35.184,0.00
1786293268,bench_mixed,0.00,0.00,0.0,0.000,0.002,14.620,35.185,0.00
1786293273,bench_mixed,0.00,0.00,0.0,0.000,0.002,14.620,35.187,0.00
1786293278,bench_mixed,0.00,0.00,0.0,0.000,0.002,14.620,35.187,0.00
1786293283,bench_mixed,0.00,0.00,0.0,0.000,0.002,14.620,35.185,0.00
1786293288,bench_mixed,0.00,0.00,0.0,0.000,0.002,14.620,35.185,0.00
1786293293,bench_mixed,0.00,0.00,0.0,0.000,0.002,14.620,35.184,0.00
1786293298,bench_mixed,0.00,0.00,0.0,0.000,0.002,14.620,35.183,0.00
1786293303,bench_mixed,0.00,0.00,0.0,0.000,0.002,14.620,35.181,0.00
1786293308,bench_mixed,0.00,0.00,0.0,0.000,0.002,14.620,35.170,0.06
1786293313,bench_mixed,0.00,0.00,0.0,0.000,0.002,14.620,35.171,0.00
1786293318,bench_mixed,0.00,0.00,0.0,0.000,0.002,14.620,35.171,0.00
1786293324,bench_mixed,0.00,0.00,0.0,0.000,0.002,14.620,35.169,0.00
1786293329,bench_mixed,0.00,0.00,0.0,0.000,0.002,14.620,35.170,0.00
1786293334,bench_mixed,0.00,0.00,0.0,0.000,0.002,14.620,35.172,0.00
1786293339,bench_mixed,0.00,0.00,0.0,0.000,0.002,14.620,35.173,0.00
1786293344,bench_mixed,0.00,0.00,0.0,0.000,0.002,14.620,35.174,0.00
1786293349,bench_mixed,0.00,0.00,0.0,0.000,0.002,14.620,35.174,0.00
1786293354,bench_mixed,0.00,0.00,0.0,0.000,0.002,14.620,35.173,0.00
1786293359,bench_mixed,0.00,0.00,0.0,0.000,0.002,14.620,35.174,0.00
1786293364,bench_mixed,0.00,0.00,0.0,0.000,0.002,14.620,35.175,0.00
1786293369,bench_mixed,0.00,0.00,0.0,0.000,0.002,14.620,35.176,0.00
1786293374,bench_mixed,0.00,0.00,0.0,0.000,0.002,14.620,35.173,0.00
1786293379,bench_mixed,0.00,0.00,0.0,0.000,0.002,14.620,35.173,0.00
1786293384,bench_mixed,0.00,0.00,0.0,0.000,0.002,14.620,35.172,0.00
1786293389,bench_mixed,0.00,0.00,0.0,0.000,0.002,14.620,35.173,0.00
1786293394,bench_mixed,0.00,0.00,0.0,0.000,0.002,14.620,35.173,0.00
1786293399,bench_mixed,0.00,0.00,0.0,0.000,0.002,14.620,35.173,0.00
1786293404,bench_mixed,0.00,0.00,0.0,0.000,0.002,14.620,35.176,0.00
1786293409,bench_mixed,0.00,0.00,0.0,0.000,0.002,14.620,35.176,0.00
1786293415,bench_mixed,0.00,0.00,0.0,0.000,0.002,14.620,35.176,0.00
1786293420,bench_mixed,0.00,0.00,0.0,0.000,0.002,14.620,35.177,0.00
1786293425,bench_mixed,0.00,0.00,0.0,0.000,0.002,14.620,35.176,0.00
1786293430,bench_mixed,0.00,0.00,0.0,0.000,0.002,14.620,35.177,0.00
1786293435,bench_mixed,0.00,0.00,0.0,0.000,0.002,14.620,35.176,0.00
1786293440,bench_mixed,0.00,0.00,0.0,0.000,0.002,14.620,35.174,0.00
1786293445,bench_mixed,0.00,0.00,0.0,0.000,0.002,14.620,35.174,0.00
1786293450,bench_mixed,0.00,0.00,0.0,0.000,0.002,14.620,35.178,0.00
1786293455,bench_mixed,0.00,0.00,0.0,0.000,0.002,14.620,35.179,0.00
1786293460,bench_mixed,0.00,0.00,0.0,0.000,0.002,14.620,35.178,0.00
1786293465,bench_mixed,0.00,0.00,0.0,0.000,0.002,14.620,35.177,0.00
1786293470,bench_mixed,0.00,0.00,0.0,0.000,0.002,14.620,35.176,0.00
1786293475,bench_mixed,0.00,0.00,0.0,0.000,0.002,14.620,35.176,0.00
1786293480,bench_mixed,0.00,0.00,0.0,0.000,0.002,14.620,35.174,0.00
1786293485,bench_mixed,0.00,0.00,0.0,0.000,0.002,14.620,35.174,0.00
1786293490,bench_mixed,0.00,0.00,0.0,0.000,0.002,14.620,35.176,0.00
1786293495,bench_mixed,0.00,0.00,0.0,0.000,0.002,14.620,35.176,0.00
1786293500,bench_mixed,0.00,0.00,0.0,0.000,0.002,14.620,35.178,0.00
1786293505,bench_mixed,0.00,0.00,0.0,0.000,0.002,14.620,35.178,0.00
1786293511,bench_mixed,0.00,0.00,0.0,0.000,0.002,14.620,35.179,0.00
1786293516,bench_mixed,0.00,0.00,0.0,0.000,0.002,14.620,35.180,0.00
1786293521,bench_mixed,0.00,0.00,0.0,0.000,0.002,14.620,35.182,0.00
1786293526,bench_mixed,0.00,0.00,0.0,0.000,0.002,14.620,35.182,0.00
1786293531,bench_mixed,0.00,0.00,0.0,0.000,0.002,14.620,35.184,0.00
1786293536,bench_mixed,0.00,0.00,0.0,0.000,0.002,14.620,35.184,0.00
1786293541,bench_mixed,0.00,0.00,0.0,0.000,0.002,14.620,35.183,0.00
1786293546,bench_mixed,0.00,0.00,0.0,0.000,0.002,14.620,35.183,0.00
1786293551,bench_mixed,0.00,0.00,0.0,0.000,0.002,14.620,35.183,0.00
1786293556,bench_mixed,0.00,0.00,0.0,0.000,0.002,14.620,35.183,0.00
1786293561,bench_mixed,0.00,0.00,0.0,0.000,0.002,14.620,35.184,0.00
1786293566,bench_mixed,0.00,0.00,0.0,0.000,0.002,14.620,35.184,0.00
1786293571,bench_mixed,0.00,0.00,0.0,0.000,0.002,14.620,35.184,0.00
1786293576,bench_mixed,0.00,0.00,0.0,0.000,0.002,14.620,35.184,0.00
1786293581,bench_mixed,0.00,0.00,0.0,0.000,0.002,14.620,35.183,0.00
1786293586,bench_mixed,0.00,0.00,0.0,0.000,0.002,14.620,35.184,0.00
1786293591,bench_mixed,0.00,0.00,0.0,0.000,0.002,14.620,35.183,0.00
1786293596,bench_mixed,0.00,0.00,0.0,0.000,0.002,14.620,35.183,0.00
1786293601,bench_mixed,0.00,0.00,0.0,0.000,0.002,14.620,35.183,0.00
1786293607,bench_mixed,0.00,0.00,0.0,0.000,0.002,14.620,35.169,0.05
1786293612,bench_mixed,0.00,0.00,0.0,0.000,0.002,14.620,35.170,0.00
1786293617,bench_mixed,0.00,0.00,0.0,0.000,0.002,14.620,35.170,0.00
1786293622,bench_mixed,0.00,0.00,0.0,0.000,0.002,14.620,35.170,0.00
1786293627,bench_mixed,0.00,0.00,0.0,0.000,0.002,14.620,35.171,0.00
1786293632,bench_mixed,0.00,0.00,0.0,0.000,0.002,14.620,35.171,0.00
1786293637,bench_mixed,0.00,0.00,0.0,0.000,0.002,14.620,35.172,0.00
1786293642,bench_mixed,0.00,0.00,0.0,0.000,0.002,14.620,35.172,0.00
1786293647,bench_mixed,0.00,0.00,0.0,0.000,0.002,14.620,35.173,0.00
1786293652,bench_mixed,0.00,0.00,0.0,0.000,0.002,14.620,35.173,0.00
1786293657,bench_mixed,0.00,0.00,0.0,0.000,0.002,14.620,35.173,0.00
1786293662,bench_mixed,0.00,0.00,0.0,0.000,0.002,14.620,35.171,0.00
1786293667,bench_mixed,0.00,0.00,0.0,0.000,0.002,14.620,35.171,0.00
1786293672,bench_mixed,0.00,0.00,0.0,0.000,0.002,14.620,35.174,0.00
1786293677,bench_mixed,0.00,0.00,0.0,0.000,0.002,14.620,35.175,0.00
1786293682,bench_mixed,0.00,0.00,0.0,0.000,0.002,14.620,35.176,0.00
1786293687,bench_mixed,0.00,0.00,0.0,0.000,0.002,14.620,35.176,0.00
1786293692,bench_mixed,0.00,0.00,0.0,0.000,0.002,14.620,35.176,0.00
1786293697,bench_mixed,0.00,0.00,0.0,0.000,0.002,14.620,35.175,0.00
1786293703,bench_mixed,0.00,0.00,0.0,0.000,0.002,14.620,35.176,0.00
1786293708,bench_mixed,0.00,0.00,0.0,0.000,0.002,14.620,35.175,0.00
1786293713,bench_mixed,0.00,0.00,0.0,0.000,0.002,14.620,35.174,0.00
1786293718,bench_mixed,0.00,0.00,0.0,0.000,0.002,14.620,35.175,0.00
1786293723,bench_mixed,0.00,0.00,0.0,0.000,0.002,14.620,35.175,0.00
1786293728,bench_mixed,0.00,0.00,0.0,0.000,0.002,14.620,35.177,0.00
1786293733,bench_mixed,0.00,0.00,0.0,0.000,0.002,14.620,35.175,0.00
1786293738,bench_mixed,0.00,0.00,0.0,0.000,0.002,14.620,35.175,0.00
1786293743,bench_mixed,0.00,0.00,0.0,0.000,0.002,14.620,35.174,0.00
1786293748,bench_mixed,0.00,0.00,0.0,0.000,0.002,14.620,35.176,0.00
1786293753,bench_mixed,0.00,0.00,0.0,0.000,0.002,14.620,35.177,0.00
1786293758,bench_mixed,0.00,0.00,0.0,0.000,0.002,14.620,35.176,0.00
1786293763,bench_mixed,0.00,0.00,0.0,0.000,0.002,14.620,35.177,0.00
1786293768,bench_mixed,0.00,0.00,0.0,0.000,0.002,14.620,35.177,0.00
1786293773,bench_mixed,0.00,0.00,0.0,0.000,0.002,14.620,35.175,0.00
1786293778,bench_mixed,0.00,0.00,0.0,0.000,0.002,14.620,35.175,0.00
1786293783,bench_mixed,0.00,0.00,0.0,0.000,0.002,14.620,35.174,0.00
1786293788,bench_mixed,0.00,0.00,0.0,0.000,0.002,14.620,35.176,0.00
1786293793,bench_mixed,0.00,0.00,0.0,0.000,0.002,14.620,35.174,0.00
1786293799,bench_mixed,0.00,0.00,0.0,0.000,0.002,14.620,35.179,0.00
1786293804,bench_mixed,0.00,0.00,0.0,0.000,0.002,14.620,35.179,0.00
1786293809,bench_mixed,0.00,0.00,0.0,0.000,0.002,14.620,35.177,0.00
1786293814,bench_mixed,0.00,0.00,0.0,0.000,0.002,14.620,35.178,0.00
1786293819,bench_mixed,0.00,0.00,0.0,0.000,0.002,14.620,35.176,0.00
1786293824,bench_mixed,0.00,0.00,0.0,0.000,0.002,14.620,35.175,0.00
1786293829,bench_mixed,0.00,0.00,0.0,0.000,0.002,14.620,35.175,0.00
1786293834,bench_mixed,0.00,0.00,0.0,0.000,0.002,14.620,35.175,0.00
1786293839,bench_mixed,0.00,0.00,0.0,0.000,0.002,14.620,35.176,0.00
1786293844,bench_mixed,0.00,0.00,0.0,0.000,0.002,14.620,35.176,0.00
1786293849,bench_mixed,0.00,0.00,0.0,0.000,0.002,14.620,35.174,0.00
1786293854,bench_mixed,0.00,0.00,0.0,0.000,0.002,14.620,35.174,0.00
1786293859,bench_mixed,0.00,0.00,0.0,0.000,0.002,14.620,35.174,0.00
1786293864,bench_mixed,0.00,0.00,0.0,0.000,0.002,14.620,35.174,0.00
1786293869,bench_mixed,0.00,0.00,0.0,0.000,0.002,14.620,35.177,0.00
1786293874,bench_mixed,0.00,0.00,0.0,0.000,0.002,14.620,35.177,0.00
1786293879,bench_mixed,0.00,0.00,0.0,0.000,0.002,14.620,35.179,0.00
1786293884,bench_mixed,0.00,0.00,0.0,0.000,0.002,14.620,35.179,0.00
1786293889,bench_mixed,0.00,0.00,0.0,0.000,0.002,14.620,35.177,0.00
1786293895,bench_mixed,0.00,0.00,0.0,0.000,0.002,14.620,35.178,0.00
1786293900,bench_mixed,0.00,0.00,0.0,0.000,0.002,14.620,35.175,0.00
1786293905,bench_mixed,0.00,0.00,0.0,0.000,0.002,14.620,35.170,0.01
1786293910,bench_mixed,0.00,0.00,0.0,0.000,0.002,14.620,35.163,0.05
1786293915,bench_mixed,0.00,0.00,0.0,0.000,0.002,14.620,35.164,0.00
1786293920,bench_mixed,0.00,0.00,0.0,0.000,0.002,14.620,35.166,0.00
1786293925,bench_mixed,0.00,0.00,0.0,0.000,0.002,14.620,35.167,0.00
1786293930,bench_mixed,0.00,0.00,0.0,0.000,0.002,14.620,35.172,0.00
1786293935,bench_mixed,0.00,0.00,0.0,0.000,0.002,14.620,35.172,0.00
1786293940,bench_mixed,0.00,0.00,0.0,0.000,0.002,14.620,35.174,0.00
1786293945,bench_mixed,0.00,0.00,0.0,0.000,0.002,14.620,35.174,0.00
1786293950,bench_mixed,0.00,0.00,0.0,0.000,0.002,14.620,35.177,0.00
1786293955,bench_mixed,0.00,0.00,0.0,0.000,0.002,14.620,35.177,0.00
1786293960,bench_mixed,0.00,0.00,0.0,0.000,0.002,14.620,35.178,0.00
1786293965,bench_mixed,0.00,0.00,0.0,0.000,0.002,14.620,35.178,0.00
1786293970,bench_mixed,0.00,0.00,0.0,0.000,0.002,14.620,35.178,0.00
1786293975,bench_mixed,0.00,0.00,0.0,0.000,0.002,14.620,35.179,0.00
1786293980,bench_mixed,0.00,0.00,0.0,0.000,0.002,14.620,35.180,0.00
1786293985,bench_mixed,0.00,0.00,0.0,0.000,0.002,14.620,35.180,0.00
1786293991,bench_mixed,0.00,0.00,0.0,0.000,0.002,14.620,35.182,0.00
1786293996,bench_mixed,0.00,0.00,0.0,0.000,0.002,14.620,35.182,0.00
1786294001,bench_mixed,0.00,0.00,0.0,0.000,0.002,14.620,35.182,0.00
1786294006,bench_mixed,0.00,0.00,0.0,0.000,0.002,14.620,35.183,0.00
1786294011,bench_mixed,0.00,0.00,0.0,0.000,0.002,14.620,35.182,0.00
1786294016,bench_mixed,0.00,0.00,0.0,0.000,0.002,14.620,35.182,0.00
1786294021,bench_mixed,0.00,0.00,0.0,0.000,0.002,14.620,35.182,0.00
1786294026,bench_mixed,0.00,0.00,0.0,0.000,0.002,14.620,35.183,0.00
1786294031,bench_mixed,0.00,0.00,0.0,0.000,0.002,14.620,35.182,0.00
1786294036,bench_mixed,0.00,0.00,0.0,0.000,0.002,14.620,35.182,0.00
1786294041,bench_mixed,0.00,0.00,0.0,0.000,0.002,14.620,35.183,0.00
1786294046,bench_mixed,0.00,0.00,0.0,0.000,0.002,14.620,35.185,0.00
1786294051,bench_mixed,0.00,0.00,0.0,0.000,0.002,14.620,35.183,0.00
1786294056,bench_mixed,0.00,0.00,0.0,0.000,0.002,14.620,35.182,0.00
1786294061,bench_mixed,0.00,0.00,0.0,0.000,0.002,14.620,35.183,0.00
1786294066,bench_mixed,0.00,0.00,0.0,0.000,0.002,14.620,35.183,0.00
1786294071,bench_mixed,0.00,0.00,0.0,0.000,0.002,14.620,35.183,0.00
1786294076,bench_mixed,0.00,0.00,0.0,0.000,0.002,14.620,35.183,0.00
1786294082,bench_mixed,0.00,0.00,0.0,0.000,0.002,14.620,35.182,0.00
1786294087,bench_mixed,0.00,0.00,0.0,0.000,0.002,14.620,35.182,0.00
1786294092,bench_mixed,0.00,0.00,0.0,0.000,0.002,14.620,35.181,0.00
1786294097,bench_mixed,0.00,0.00,0.0,0.000,0.002,14.620,35.181,0.00
1786294102,bench_mixed,0.00,0.00,0.0,0.000,0.002,14.620,35.178,0.00
1786294107,bench_mixed,0.00,0.00,0.0,0.000,0.002,14.620,35.179,0.00
1786294112,bench_mixed,0.00,0.00,0.0,0.000,0.002,14.620,35.180,0.00
1786294117,bench_mixed,0.00,0.00,0.0,0.000,0.002,14.620,35.180,0.00
1786294122,bench_mixed,0.00,0.00,0.0,0.000,0.002,14.620,35.185,0.00
1786294127,bench_mixed,0.00,0.00,0.0,0.000,0.002,14.620,35.186,0.00
1786294132,bench_mixed,0.00,0.00,0.0,0.000,0.002,14.620,35.186,0.00
1786294137,bench_mixed,0.00,0.00,0.0,0.000,0.002,14.620,35.186,0.00
1786294142,bench_mixed,0.00,0.00,0.0,0.000,0.002,14.620,35.185,0.00
1786294147,bench_mixed,0.00,0.00,0.0,0.000,0.002,14.620,35.184,0.00
1786294152,bench_mixed,0.00,0.00,0.0,0.000,0.002,14.620,35.180,0.00
1786294157,bench_mixed,0.00,0.00,0.0,0.000,0.002,14.620,35.188,0.00
1786294162,bench_mixed,0.00,0.00,0.0,0.000,0.002,14.620,35.188,0.00
1786294167,bench_mixed,0.00,0.00,0.0,0.000,0.002,14.620,35.188,0.00
1786294172,bench_mixed,0.00,0.00,0.0,0.000,0.002,14.620,35.187,0.00
1786294178,bench_mixed,0.00,0.00,0.0,0.000,0.002,14.620,35.187,0.00
1786294183,bench_mixed,0.00,0.00,0.0,0.000,0.002,14.620,35.186,0.00
1786294188,bench_mixed,0.00,0.00,0.0,0.000,0.002,14.620,35.188,0.00
1786294193,bench_mixed,0.00,0.00,0.0,0.000,0.002,14.620,35.188,0.00
1786294198,bench_mixed,0.00,0.00,0.0,0.000,0.002,14.620,35.187,0.00
1786294203,bench_mixed,0.00,0.00,0.0,0.000,0.002,14.620,35.186,0.00
1786294208,bench_mixed,0.00,0.00,0.0,0.000,0.002,14.620,35.170,0.06
1786294213,bench_mixed,0.00,0.00,0.0,0.000,0.002,14.620,35.170,0.00
1786294218,bench_mixed,0.00,0.00,0.0,0.000,0.002,14.620,35.172,0.00
1786294223,bench_mixed,0.00,0.00,0.0,0.000,0.002,14.620,35.172,0.00
1786294228,bench_mixed,0.00,0.00,0.0,0.000,0.002,14.620,35.174,0.00
1786294233,bench_mixed,0.00,0.00,0.0,0.000,0.002,14.620,35.174,0.00
1786294238,bench_mixed,0.00,0.00,0.0,0.000,0.002,14.620,35.176,0.00
1786294243,bench_mixed,0.00,0.00,0.0,0.000,0.002,14.620,35.176,0.00
1786294248,bench_mixed,0.00,0.00,0.0,0.000,0.002,14.620,35.175,0.00
1786294253,bench_mixed,0.00,0.00,0.0,0.000,0.002,14.620,35.175,0.00
1786294258,bench_mixed,0.00,0.00,0.0,0.000,0.002,14.620,35.178,0.00
1786294263,bench_mixed,0.00,0.00,0.0,0.000,0.002,14.620,35.179,0.00
1786294268,bench_mixed,0.00,0.00,0.0,0.000,0.002,14.620,35.180,0.00
1786294274,bench_mixed,0.00,0.00,0.0,0.000,0.002,14.620,35.179,0.00
1786294279,bench_mixed,0.00,0.00,0.0,0.000,0.002,14.620,35.180,0.00
1786294284,bench_mixed,0.00,0.00,0.0,0.000,0.002,14.620,35.180,0.00
1786294289,bench_mixed,0.00,0.00,0.0,0.000,0.002,14.620,35.179,0.00
1786294294,bench_mixed,0.00,0.00,0.0,0.000,0.002,14.620,35.179,0.00
1786294299,bench_mixed,0.00,0.00,0.0,0.000,0.002,14.620,35.179,0.00
1786294304,bench_mixed,0.00,0.00,0.0,0.000,0.002,14.620,35.179,0.00
1786294309,bench_mixed,0.00,0.00,0.0,0.000,0.002,14.620,35.179,0.00
1786294314,bench_mixed,0.00,0.00,0.0,0.000,0.002,14.620,35.179,0.00
1786294319,bench_mixed,0.00,0.00,0.0,0.000,0.002,14.620,35.179,0.00
1786294324,bench_mixed,0.00,0.00,0.0,0.000,0.002,14.620,35.179,0.00
1786294329,bench_mixed,0.00,0.00,0.0,0.000,0.002,14.620,35.180,0.00
1786294334,bench_mixed,0.00,0.00,0.0,0.000,0.002,14.620,35.180,0.00
1786294339,bench_mixed,0.00,0.00,0.0,0.000,0.002,14.620,35.180,0.00
1786294344,bench_mixed,0.00,0.00,0.0,0.000,0.002,14.620,35.180,0.00
1786294349,bench_mixed,0.00,0.00,0.0,0.000,0.002,14.620,35.180,0.00
1786294354,bench_mixed,0.00,0.00,0.0,0.000,0.002,14.620,35.180,0.00
1786294359,bench_mixed,0.00,0.00,0.0,0.000,0.002,14.620,35.180,0.00
1786294364,bench_mixed,0.00,0.00,0.0,0.000,0.002,14.620,35.180,0.00
1786294370,bench_mixed,0.00,0.00,0.0,0.000,0.002,14.620,35.181,0.00
1786294375,bench_mixed,0.00,0.00,0.0,0.000,0.002,14.620,35.182,0.00
1786294380,bench_mixed,0.00,0.00,0.0,0.000,0.002,14.620,35.184,0.00
1786294385,bench_mixed,0.00,0.00,0.0,0.000,0.002,14.620,35.184,0.00
1786294390,bench_mixed,0.00,0.00,0.0,0.000,0.002,14.620,35.184,0.00
1786294395,bench_mixed,0.00,0.00,0.0,0.000,0.002,14.620,35.184,0.00
1786294400,bench_mixed,0.00,0.00,0.0,0.000,0.002,14.620,35.183,0.00
1786294405,bench_mixed,0.00,0.00,0.0,0.000,0.002,14.620,35.184,0.00
1786294410,bench_mixed,0.00,0.00,0.0,0.000,0.002,14.620,35.183,0.00
1786294415,bench_mixed,0.00,0.00,0.0,0.000,0.002,14.620,35.184,0.00
1786294420,bench_mixed,0.00,0.00,0.0,0.000,0.002,14.620,35.186,0.00
1786294425,bench_mixed,0.00,0.00,0.0,0.000,0.002,14.620,35.185,0.00
1786294430,bench_mixed,0.00,0.00,0.0,0.000,0.002,14.620,35.182,0.00
1786294435,bench_mixed,0.00,0.00,0.0,0.000,0.002,14.620,35.182,0.00
1786294440,bench_mixed,0.00,0.00,0.0,0.000,0.002,14.620,35.181,0.00
1786294445,bench_mixed,0.00,0.00,0.0,0.000,0.002,14.620,35.181,0.00
1786294450,bench_mixed,0.00,0.00,0.0,0.000,0.002,14.620,35.183,0.00
1786294455,bench_mixed,0.00,0.00,0.0,0.000,0.002,14.620,35.183,0.00
1786294460,bench_mixed,0.00,0.00,0.0,0.000,0.002,14.620,35.187,0.00
1786294466,bench_mixed,0.00,0.00,0.0,0.000,0.002,14.620,35.186,0.00
1786294471,bench_mixed,0.00,0.00,0.0,0.000,0.002,14.620,35.188,0.00
1786294476,bench_mixed,0.00,0.00,0.0,0.000,0.002,14.620,35.187,0.00
1786294481,bench_mixed,0.00,0.00,0.0,0.000,0.002,14.620,35.184,0.00
1786294486,bench_mixed,0.00,0.00,0.0,0.000,0.002,14.620,35.183,0.00
1786294491,bench_mixed,0.00,0.00,0.0,0.000,0.002,14.620,35.184,0.00
1786294496,bench_mixed,0.00,0.00,0.0,0.000,0.002,14.620,35.184,0.00
1786294501,bench_mixed,0.00,0.00,0.0,0.000,0.002,14.620,35.185,0.00
1786294506,bench_mixed,0.00,0.00,0.0,0.000,0.002,14.620,35.170,0.04
1786294511,bench_mixed,0.00,0.00,0.0,0.000,0.002,14.620,35.166,0.01
1786294516,bench_mixed,0.00,0.00,0.0,0.000,0.002,14.620,35.171,0.00
1786294521,bench_mixed,0.00,0.00,0.0,0.000,0.002,14.620,35.172,0.00
1786294526,bench_mixed,0.00,0.00,0.0,0.000,0.002,14.620,35.176,0.00
1786294531,bench_mixed,0.00,0.00,0.0,0.000,0.002,14.620,35.176,0.00
1786294536,bench_mixed,0.00,0.00,0.0,0.000,0.002,14.620,35.177,0.00
1786294541,bench_mixed,0.00,0.00,0.0,0.000,0.002,14.620,35.176,0.00
1786294546,bench_mixed,0.00,0.00,0.0,0.000,0.002,14.620,35.176,0.00
1786294551,bench_mixed,0.00,0.00,0.0,0.000,0.002,14.620,35.177,0.00
1786294556,bench_mixed,0.00,0.00,0.0,0.000,0.002,14.620,35.176,0.00
1786294562,bench_mixed,0.00,0.00,0.0,0.000,0.002,14.620,35.176,0.00
1786294567,bench_mixed,0.00,0.00,0.0,0.000,0.002,14.620,35.175,0.00
1786294572,bench_mixed,0.00,0.00,0.0,0.000,0.002,14.620,35.175,0.00
1786294577,bench_mixed,0.00,0.00,0.0,0.000,0.002,14.620,35.174,0.00
1786294582,bench_mixed,0.00,0.00,0.0,0.000,0.002,14.620,35.174,0.00
1786294587,bench_mixed,0.00,0.00,0.0,0.000,0.002,14.620,35.175,0.00
1786294592,bench_mixed,0.00,0.00,0.0,0.000,0.002,14.620,35.175,0.00
1786294597,bench_mixed,0.00,0.00,0.0,0.000,0.002,14.620,35.175,0.00
1786294602,bench_mixed,0.00,0.00,0.0,0.000,0.002,14.620,35.176,0.00
1786294607,bench_mixed,0.00,0.00,0.0,0.000,0.002,14.620,35.177,0.00
1786294612,bench_mixed,0.00,0.00,0.0,0.000,0.002,14.620,35.178,0.00
1786294617,bench_mixed,0.00,0.00,0.0,0.000,0.002,14.620,35.177,0.00
1786294622,bench_mixed,0.00,0.00,0.0,0.000,0.002,14.620,35.177,0.00
1786294627,bench_mixed,0.00,0.00,0.0,0.000,0.002,14.620,35.180,0.00
1786294632,bench_mixed,0.00,0.00,0.0,0.000,0.002,14.620,35.179,0.00
1786294637,bench_mixed,0.00,0.00,0.0,0.000,0.002,14.620,35.182,0.00
1786294642,bench_mixed,0.00,0.00,0.0,0.000,0.002,14.620,35.182,0.00
1786294647,bench_mixed,0.00,0.00,0.0,0.000,0.002,14.620,35.181,0.00
1786294652,bench_mixed,0.00,0.00,0.0,0.000,0.002,14.620,35.180,0.00
1786294658,bench_mixed,0.00,0.00,0.0,0.000,0.002,14.620,35.180,0.00
1786294663,bench_mixed,0.00,0.00,0.0,0.000,0.002,14.620,35.180,0.00
1786294668,bench_mixed,0.00,0.00,0.0,0.000,0.002,14.620,35.179,0.00
1786294673,bench_mixed,0.00,0.00,0.0,0.000,0.002,14.620,35.179,0.00
1786294678,bench_mixed,0.00,0.00,0.0,0.000,0.002,14.620,35.179,0.00
1786294683,bench_mixed,0.00,0.00,0.0,0.000,0.002,14.620,35.180,0.00
1786294688,bench_mixed,0.00,0.00,0.0,0.000,0.002,14.620,35.180,0.00
1786294693,bench_mixed,0.00,0.00,0.0,0.000,0.002,14.620,35.180,0.00
1786294698,bench_mixed,0.00,0.00,0.0,0.000,0.002,14.620,35.180,0.00
1786294703,bench_mixed,0.00,0.00,0.0,0.000,0.002,14.620,35.181,0.00
1786294708,bench_mixed,0.00,0.00,0.0,0.000,0.002,14.620,35.180,0.00
1786294713,bench_mixed,0.00,0.00,0.0,0.000,0.002,14.620,35.181,0.00
1786294718,bench_mixed,0.00,0.00,0.0,0.000,0.002,14.620,35.182,0.00
1786294723,bench_mixed,0.00,0.00,0.0,0.000,0.002,14.620,35.183,0.00
1786294728,bench_mixed,0.00,0.00,0.0,0.000,0.002,14.620,35.181,0.00
1786294733,bench_mixed,0.00,0.00,0.0,0.000,0.002,14.620,35.182,0.00
1786294738,bench_mixed,0.00,0.00,0.0,0.000,0.002,14.620,35.184,0.00
1786294743,bench_mixed,0.00,0.00,0.0,0.000,0.002,14.620,35.185,0.00
1786294748,bench_mixed,0.00,0.00,0.0,0.000,0.002,14.620,35.183,0.00
1786294754,bench_mixed,0.00,0.00,0.0,0.000,0.002,14.620,35.183,0.00
1786294759,bench_mixed,0.00,0.00,0.0,0.000,0.002,14.620,35.182,0.00
1786294764,bench_mixed,0.00,0.00,0.0,0.000,0.002,14.620,35.181,0.00
1786294769,bench_mixed,0.00,0.00,0.0,0.000,0.002,14.620,35.181,0.00
1786294774,bench_mixed,0.00,0.00,0.0,0.000,0.002,14.620,35.182,0.00
1786294779,bench_mixed,0.00,0.00,0.0,0.000,0.002,14.620,35.180,0.00
1786294784,bench_mixed,0.00,0.00,0.0,0.000,0.002,14.620,35.180,0.00
1786294789,bench_mixed,0.00,0.00,0.0,0.000,0.002,14.620,35.179,0.00
1786294794,bench_mixed,0.00,0.00,0.0,0.000,0.002,14.620,35.180,0.00
1786294799,bench_mixed,0.00,0.00,0.0,0.000,0.002,14.620,35.178,0.00
1786294804,bench_mixed,0.00,0.00,0.0,0.000,0.002,14.620,35.178,0.00
1786294809,bench_mixed,0.00,0.00,0.0,0.000,0.002,14.620,35.168,0.06
1786294814,bench_mixed,0.00,0.00,0.0,0.000,0.002,14.620,35.168,0.00
1786294819,bench_mixed,0.00,0.00,0.0,0.000,0.002,14.620,35.168,0.00
1786294824,bench_mixed,0.00,0.00,0.0,0.000,0.002,14.620,35.169,0.00
1786294829,bench_mixed,0.00,0.00,0.0,0.000,0.002,14.620,35.169,0.00
1786294834,bench_mixed,0.00,0.00,0.0,0.000,0.002,14.620,35.169,0.00
1786294839,bench_mixed,0.00,0.00,0.0,0.000,0.002,14.620,35.171,0.00
1786294844,bench_mixed,0.00,0.00,0.0,0.000,0.002,14.620,35.172,0.00
1786294850,bench_mixed,0.00,0.00,0.0,0.000,0.002,14.620,35.169,0.00
1786294855,bench_mixed,0.00,0.00,0.0,0.000,0.002,14.620,35.170,0.00
1786294860,bench_mixed,0.00,0.00,0.0,0.000,0.002,14.620,35.168,0.00
1786294865,bench_mixed,0.00,0.00,0.0,0.000,0.002,14.620,35.168,0.00
1786294870,bench_mixed,0.00,0.00,0.0,0.000,0.002,14.620,35.165,0.00
1786294875,bench_mixed,0.00,0.00,0.0,0.000,0.002,14.620,35.169,0.00
1786294880,bench_mixed,0.00,0.00,0.0,0.000,0.002,14.620,35.169,0.00
1786294885,bench_mixed,0.00,0.00,0.0,0.000,0.002,14.620,35.172,0.00
1786294890,bench_mixed,0.00,0.00,0.0,0.000,0.002,14.620,35.171,0.00
1786294895,bench_mixed,0.00,0.00,0.0,0.000,0.002,14.620,35.175,0.00
1786294900,bench_mixed,0.00,0.00,0.0,0.000,0.002,14.620,35.174,0.00
1786294905,bench_mixed,0.00,0.00,0.0,0.000,0.002,14.620,35.175,0.00
1786294910,bench_mixed,0.00,0.00,0.0,0.000,0.002,14.620,35.176,0.00
1786294915,bench_mixed,0.00,0.00,0.0,0.000,0.002,14.620,35.177,0.00
1786294920,bench_mixed,0.00,0.00,0.0,0.000,0.002,14.620,35.178,0.00
1786294925,bench_mixed,0.00,0.00,0.0,0.000,0.002,14.620,35.178,0.00
1786294930,bench_mixed,0.00,0.00,0.0,0.000,0.002,14.620,35.178,0.00
1786294935,bench_mixed,0.00,0.00,0.0,0.000,0.002,14.620,35.177,0.00
1786294940,bench_mixed,0.00,0.00,0.0,0.000,0.002,14.620,35.177,0.00
1786294946,bench_mixed,0.00,0.00,0.0,0.000,0.002,14.620,35.177,0.00
1786294951,bench_mixed,0.00,0.00,0.0,0.000,0.002,14.620,35.178,0.00
1786294956,bench_mixed,0.00,0.00,0.0,0.000,0.002,14.620,35.178,0.00
1786294961,bench_mixed,0.00,0.00,0.0,0.000,0.002,14.620,35.178,0.00
1786294966,bench_mixed,0.00,0.00,0.0,0.000,0.002,14.620,35.178,0.00
1786294971,bench_mixed,0.00,0.00,0.0,0.000,0.002,14.620,35.178,0.00
1786294976,bench_mixed,0.00,0.00,0.0,0.000,0.002,14.620,35.178,0.00
1786294981,bench_mixed,0.00,0.00,0.0,0.000,0.002,14.620,35.178,0.00
1786294986,bench_mixed,0.00,0.00,0.0,0.000,0.002,14.620,35.176,0.00
1786294991,bench_mixed,0.00,0.00,0.0,0.000,0.002,14.620,35.176,0.00
1786294996,bench_mixed,0.00,0.00,0.0,0.000,0.002,14.620,35.175,0.00
1786295001,bench_mixed,0.00,0.00,0.0,0.000,0.002,14.620,35.175,0.00
1786295006,bench_mixed,0.00,0.00,0.0,0.000,0.002,14.620,35.178,0.00
1786295011,bench_mixed,0.00,0.00,0.0,0.000,0.002,14.620,35.178,0.00
1786295016,bench_mixed,0.00,0.00,0.0,0.000,0.002,14.620,35.176,0.00
1786295021,bench_mixed,0.00,0.00,0.0,0.000,0.002,14.620,35.176,0.00
1786295026,bench_mixed,0.00,0.00,0.0,0.000,0.002,14.620,35.175,0.00
1786295031,bench_mixed,0.00,0.00,0.0,0.000,0.002,14.620,35.175,0.00
1786295037,bench_mixed,0.00,0.00,0.0,0.000,0.002,14.620,35.176,0.00
1786295042,bench_mixed,0.00,0.00,0.0,0.000,0.002,14.620,35.176,0.00
1786295047,bench_mixed,0.00,0.00,0.0,0.000,0.002,14.620,35.175,0.00
1786295052,bench_mixed,0.00,0.00,0.0,0.000,0.002,14.620,35.175,0.00
1786295057,bench_mixed,0.00,0.00,0.0,0.000,0.002,14.620,35.176,0.00
1786295062,bench_mixed,0.00,0.00,0.0,0.000,0.002,14.620,35.177,0.00
1786295067,bench_mixed,0.00,0.00,0.0,0.000,0.002,14.620,35.178,0.00
1786295072,bench_mixed,0.00,0.00,0.0,0.000,0.002,14.620,35.179,0.00
1786295077,bench_mixed,0.00,0.00,0.0,0.000,0.002,14.620,35.177,0.00
1786295082,bench_mixed,0.00,0.00,0.0,0.000,0.002,14.620,35.178,0.00
1786295087,bench_mixed,0.00,0.00,0.0,0.000,0.002,14.620,35.179,0.00
1786295092,bench_mixed,0.00,0.00,0.0,0.000,0.002,14.620,35.179,0.00
1786295097,bench_mixed,0.00,0.00,0.0,0.000,0.002,14.620,35.179,0.00
1786295102,bench_mixed,0.00,0.00,0.0,0.000,0.002,14.620,35.178,0.00
1786295107,bench_mixed,0.00,0.00,0.0,0.000,0.002,14.620,35.167,0.06
1786295112,bench_mixed,0.00,0.00,0.0,0.000,0.002,14.620,35.167,0.00
1786295117,bench_mixed,0.00,0.00,0.0,0.000,0.002,14.620,35.168,0.00
1786295122,bench_mixed,0.00,0.00,0.0,0.000,0.002,14.620,35.169,0.00
1786295127,bench_mixed,0.00,0.00,0.0,0.000,0.002,14.620,35.168,0.00
1786295133,bench_mixed,0.00,0.00,0.0,0.000,0.002,14.620,35.169,0.00
1786295138,bench_mixed,0.00,0.00,0.0,0.000,0.002,14.620,35.168,0.00
1786295143,bench_mixed,0.00,0.00,0.0,0.000,0.002,14.620,35.169,0.00
1786295148,bench_mixed,0.00,0.00,0.0,0.000,0.002,14.620,35.168,0.00
1786295153,bench_mixed,0.00,0.00,0.0,0.000,0.002,14.620,35.170,0.00
1786295158,bench_mixed,0.00,0.00,0.0,0.000,0.002,14.620,35.174,0.00
1786295163,bench_mixed,0.00,0.00,0.0,0.000,0.002,14.620,35.174,0.00
1786295168,bench_mixed,0.00,0.00,0.0,0.000,0.002,14.620,35.175,0.00
1786295173,bench_mixed,0.00,0.00,0.0,0.000,0.002,14.620,35.176,0.00
1786295178,bench_mixed,0.00,0.00,0.0,0.000,0.002,14.620,35.177,0.00
1786295183,bench_mixed,0.00,0.00,0.0,0.000,0.002,14.620,35.177,0.00
1786295188,bench_mixed,0.00,0.00,0.0,0.000,0.002,14.620,35.176,0.00
1786295193,bench_mixed,0.00,0.00,0.0,0.000,0.002,14.620,35.176,0.00
1786295198,bench_mixed,0.00,0.00,0.0,0.000,0.002,14.620,35.177,0.00
1786295203,bench_mixed,0.00,0.00,0.0,0.000,0.002,14.620,35.177,0.00
1786295208,bench_mixed,0.00,0.00,0.0,0.000,0.002,14.620,35.181,0.00
1786295213,bench_mixed,0.00,0.00,0.0,0.000,0.002,14.620,35.181,0.00
1786295218,bench_mixed,0.00,0.00,0.0,0.000,0.002,14.620,35.184,0.00
1786295223,bench_mixed,0.00,0.00,0.0,0.000,0.002,14.620,35.184,0.00
1786295229,bench_mixed,0.00,0.00,0.0,0.000,0.002,14.620,35.175,0.00
1786295234,bench_mixed,0.00,0.00,0.0,0.000,0.002,14.620,35.183,0.00
1786295239,bench_mixed,0.00,0.00,0.0,0.000,0.002,14.620,35.185,0.00
1786295244,bench_mixed,0.00,0.00,0.0,0.000,0.002,14.620,35.184,0.00
1786295249,bench_mixed,0.00,0.00,0.0,0.000,0.002,14.620,35.183,0.00
1786295254,bench_mixed,0.00,0.00,0.0,0.000,0.002,14.620,35.182,0.00
1786295259,bench_mixed,0.00,0.00,0.0,0.000,0.002,14.620,35.182,0.00
1786295264,bench_mixed,0.00,0.00,0.0,0.000,0.002,14.620,35.183,0.00
1786295269,bench_mixed,0.00,0.00,0.0,0.000,0.002,14.620,35.183,0.00
1786295274,bench_mixed,0.00,0.00,0.0,0.000,0.002,14.620,35.182,0.00
1786295279,bench_mixed,0.00,0.00,0.0,0.000,0.002,14.620,35.183,0.00
1786295284,bench_mixed,0.00,0.00,0.0,0.000,0.002,14.620,35.182,0.00
1786295289,bench_mixed,0.00,0.00,0.0,0.000,0.002,14.620,35.182,0.00
1786295294,bench_mixed,0.00,0.00,0.0,0.000,0.002,14.620,35.179,0.00
1786295299,bench_mixed,0.00,0.00,0.0,0.000,0.002,14.620,35.179,0.00
1786295304,bench_mixed,0.00,0.00,0.0,0.000,0.002,14.620,35.179,0.00
1786295309,bench_mixed,0.00,0.00,0.0,0.000,0.002,14.620,35.179,0.00
1786295314,bench_mixed,0.00,0.00,0.0,0.000,0.002,14.620,35.176,0.00
1786295320,bench_mixed,0.00,0.00,0.0,0.000,0.002,14.620,35.177,0.00
1786295325,bench_mixed,0.00,0.00,0.0,0.000,0.002,14.620,35.179,0.00
1786295330,bench_mixed,0.00,0.00,0.0,0.000,0.002,14.620,35.180,0.00
1786295335,bench_mixed,0.00,0.00,0.0,0.000,0.002,14.620,35.178,0.00
1786295340,bench_mixed,0.00,0.00,0.0,0.000,0.002,14.620,35.178,0.00
1786295345,bench_mixed,0.00,0.00,0.0,0.000,0.002,14.620,35.179,0.00
1786295350,bench_mixed,0.00,0.00,0.0,0.000,0.002,14.620,35.179,0.00
1786295355,bench_mixed,0.00,0.00,0.0,0.000,0.002,14.620,35.179,0.00
1786295360,bench_mixed,0.00,0.00,0.0,0.000,0.002,14.620,35.179,0.00
1786295365,bench_mixed,0.00,0.00,0.0,0.000,0.002,14.620,35.177,0.00
1786295370,bench_mixed,0.00,0.00,0.0,0.000,0.002,14.620,35.177,0.00
1786295375,bench_mixed,0.00,0.00,0.0,0.000,0.002,14.620,35.176,0.00
1786295380,bench_mixed,0.00,0.00,0.0,0.000,0.002,14.620,35.175,0.00
1786295385,bench_mixed,0.00,0.00,0.0,0.000,0.002,14.620,35.177,0.00
1786295390,bench_mixed,0.00,0.00,0.0,0.000,0.002,14.620,35.178,0.00
1786295395,bench_mixed,0.00,0.00,0.0,0.000,0.002,14.620,35.177,0.00
1786295400,bench_mixed,0.00,0.00,0.0,0.000,0.002,14.620,35.178,0.00
1786295405,bench_mixed,0.00,0.00,0.0,0.000,0.002,14.620,35.167,0.03
1786295410,bench_mixed,0.00,0.00,0.0,0.000,0.002,14.620,35.164,0.02
1786295416,bench_mixed,0.00,0.00,0.0,0.000,0.002,14.620,35.165,0.00
1786295421,bench_mixed,0.00,0.00,0.0,0.000,0.002,14.620,35.165,0.00
1786295426,bench_mixed,0.00,0.00,0.0,0.000,0.002,14.620,35.164,0.00
1786295431,bench_mixed,0.00,0.00,0.0,0.000,0.002,14.620,35.164,0.00
1786295436,bench_mixed,0.00,0.00,0.0,0.000,0.002,14.620,35.169,0.00
1786295441,bench_mixed,0.00,0.00,0.0,0.000,0.002,14.620,35.169,0.00
1786295446,bench_mixed,0.00,0.00,0.0,0.000,0.002,14.620,35.170,0.00
1786295451,bench_mixed,0.00,0.00,0.0,0.000,0.002,14.620,35.170,0.00
1786295456,bench_mixed,0.00,0.00,0.0,0.000,0.002,14.620,35.171,0.00
1786295461,bench_mixed,0.00,0.00,0.0,0.000,0.002,14.620,35.171,0.00
1786295466,bench_mixed,0.00,0.00,0.0,0.000,0.002,14.620,35.170,0.00
1786295471,bench_mixed,0.00,0.00,0.0,0.000,0.002,14.620,35.171,0.00
1786295476,bench_mixed,0.00,0.00,0.0,0.000,0.002,14.620,35.174,0.00
1786295481,bench_mixed,0.00,0.00,0.0,0.000,0.002,14.620,35.174,0.00
1786295486,bench_mixed,0.00,0.00,0.0,0.000,0.002,14.620,35.177,0.00
1786295491,bench_mixed,0.00,0.00,0.0,0.000,0.002,14.620,35.177,0.00
1786295496,bench_mixed,0.00,0.00,0.0,0.000,0.002,14.620,35.175,0.00
1786295501,bench_mixed,0.00,0.00,0.0,0.000,0.002,14.620,35.175,0.00
1786295506,bench_mixed,0.00,0.00,0.0,0.000,0.002,14.620,35.173,0.00
1786295512,bench_mixed,0.00,0.00,0.0,0.000,0.002,14.620,35.173,0.00
1786295517,bench_mixed,0.00,0.00,0.0,0.000,0.002,14.620,35.172,0.00
1786295522,bench_mixed,0.00,0.00,0.0,0.000,0.002,14.620,35.173,0.00
1786295527,bench_mixed,0.00,0.00,0.0,0.000,0.002,14.620,35.173,0.00
1786295532,bench_mixed,0.00,0.00,0.0,0.000,0.002,14.620,35.173,0.00
1786295537,bench_mixed,0.00,0.00,0.0,0.000,0.002,14.620,35.173,0.00
1786295542,bench_mixed,0.00,0.00,0.0,0.000,0.002,14.620,35.173,0.00
1786295547,bench_mixed,0.00,0.00,0.0,0.000,0.002,14.620,35.171,0.00
1786295552,bench_mixed,0.00,0.00,0.0,0.000,0.002,14.620,35.170,0.00
1786295557,bench_mixed,0.00,0.00,0.0,0.000,0.002,14.620,35.171,0.00
1786295562,bench_mixed,0.00,0.00,0.0,0.000,0.002,14.620,35.171,0.00
1786295567,bench_mixed,0.00,0.00,0.0,0.000,0.002,14.620,35.169,0.00
1786295572,bench_mixed,0.00,0.00,0.0,0.000,0.002,14.620,35.169,0.00
1786295577,bench_mixed,0.00,0.00,0.0,0.000,0.002,14.620,35.168,0.00
1786295582,bench_mixed,0.00,0.00,0.0,0.000,0.002,14.620,35.169,0.00
1786295587,bench_mixed,0.00,0.00,0.0,0.000,0.002,14.620,35.167,0.00
1786295592,bench_mixed,0.00,0.00,0.0,0.000,0.002,14.620,35.167,0.00
1786295597,bench_mixed,0.00,0.00,0.0,0.000,0.002,14.620,35.167,0.00
1786295602,bench_mixed,0.00,0.00,0.0,0.000,0.002,14.620,35.168,0.00
1786295608,bench_mixed,0.00,0.00,0.0,0.000,0.002,14.620,35.168,0.00
1786295613,bench_mixed,0.00,0.00,0.0,0.000,0.002,14.620,35.176,0.00
1786295618,bench_mixed,0.00,0.00,0.0,0.000,0.002,14.620,35.176,0.00
1786295623,bench_mixed,0.00,0.00,0.0,0.000,0.002,14.620,35.180,0.00
1786295628,bench_mixed,0.00,0.00,0.0,0.000,0.002,14.620,35.180,0.00
1786295633,bench_mixed,0.00,0.00,0.0,0.000,0.002,14.620,35.180,0.00
1786295638,bench_mixed,0.00,0.00,0.0,0.000,0.002,14.620,35.181,0.00
1786295643,bench_mixed,0.00,0.00,0.0,0.000,0.002,14.620,35.180,0.00
1786295648,bench_mixed,0.00,0.00,0.0,0.000,0.002,14.620,35.180,0.00
1786295653,bench_mixed,0.00,0.00,0.0,0.000,0.002,14.620,35.181,0.00
1786295658,bench_mixed,0.00,0.00,0.0,0.000,0.002,14.620,35.181,0.00
1786295663,bench_mixed,0.00,0.00,0.0,0.000,0.002,14.620,35.178,0.00
1786295668,bench_mixed,0.00,0.00,0.0,0.000,0.002,14.620,35.178,0.00
1786295673,bench_mixed,0.00,0.00,0.0,0.000,0.002,14.620,35.181,0.00
1786295678,bench_mixed,0.00,0.00,0.0,0.000,0.002,14.620,35.181,0.00
1786295683,bench_mixed,0.00,0.00,0.0,0.000,0.002,14.620,35.180,0.00
1786295688,bench_mixed,0.00,0.00,0.0,0.000,0.002,14.620,35.180,0.00
1786295693,bench_mixed,0.00,0.00,0.0,0.000,0.002,14.620,35.182,0.00
1786295698,bench_mixed,0.00,0.00,0.0,0.000,0.002,14.620,35.182,0.00
1786295704,bench_mixed,0.00,0.00,0.0,0.000,0.002,14.620,35.179,0.00
1786295709,bench_mixed,0.00,0.00,0.0,0.000,0.002,14.620,35.167,0.06
1786295714,bench_mixed,0.00,0.00,0.0,0.000,0.002,14.620,35.172,0.00
1786295719,bench_mixed,0.00,0.00,0.0,0.000,0.002,14.620,35.172,0.00
1786295724,bench_mixed,0.00,0.00,0.0,0.000,0.002,14.620,35.174,0.00
1786295729,bench_mixed,0.00,0.00,0.0,0.000,0.002,14.620,35.174,0.00
1786295734,bench_mixed,0.00,0.00,0.0,0.000,0.002,14.620,35.176,0.00
1786295739,bench_mixed,0.00,0.00,0.0,0.000,0.002,14.620,35.176,0.00
1786295744,bench_mixed,0.00,0.00,0.0,0.000,0.002,14.620,35.176,0.00
1786295749,bench_mixed,0.00,0.00,0.0,0.000,0.002,14.620,35.175,0.00
1786295754,bench_mixed,0.00,0.00,0.0,0.000,0.002,14.620,35.174,0.00
1786295759,bench_mixed,0.00,0.00,0.0,0.000,0.002,14.620,35.174,0.00
1786295764,bench_mixed,0.00,0.00,0.0,0.000,0.002,14.620,35.179,0.00
1786295769,bench_mixed,0.00,0.00,0.0,0.000,0.002,14.620,35.179,0.00
1786295774,bench_mixed,0.00,0.00,0.0,0.000,0.002,14.620,35.179,0.00
1786295779,bench_mixed,0.00,0.00,0.0,0.000,0.002,14.620,35.179,0.00
1786295784,bench_mixed,0.00,0.00,0.0,0.000,0.002,14.620,35.180,0.00
1786295789,bench_mixed,0.00,0.00,0.0,0.000,0.002,14.620,35.180,0.00
1786295795,bench_mixed,0.00,0.00,0.0,0.000,0.002,14.620,35.181,0.00
1786295800,bench_mixed,0.00,0.00,0.0,0.000,0.002,14.620,35.181,0.00
1786295805,bench_mixed,0.00,0.00,0.0,0.000,0.002,14.620,35.181,0.00
1786295810,bench_mixed,0.00,0.00,0.0,0.000,0.002,14.620,35.181,0.00
1786295815,bench_mixed,0.00,0.00,0.0,0.000,0.002,14.620,35.181,0.00
1786295820,bench_mixed,0.00,0.00,0.0,0.000,0.002,14.620,35.181,0.00
1786295825,bench_mixed,0.00,0.00,0.0,0.000,0.002,14.620,35.178,0.00
1786295830,bench_mixed,0.00,0.00,0.0,0.000,0.002,14.620,35.179,0.00
1786295835,bench_mixed,0.00,0.00,0.0,0.000,0.002,14.620,35.177,0.00
1786295840,bench_mixed,0.00,0.00,0.0,0.000,0.002,14.620,35.177,0.00
1786295845,bench_mixed,0.00,0.00,0.0,0.000,0.002,14.620,35.178,0.00
1786295850,bench_mixed,0.00,0.00,0.0,0.000,0.002,14.620,35.178,0.00
1786295855,bench_mixed,0.00,0.00,0.0,0.000,0.002,14.620,35.178,0.00
1786295860,bench_mixed,0.00,0.00,0.0,0.000,0.002,14.620,35.177,0.00
1786295865,bench_mixed,0.00,0.00,0.0,0.000,0.002,14.620,35.178,0.00
1786295870,bench_mixed,0.00,0.00,0.0,0.000,0.002,14.620,35.178,0.00
1786295875,bench_mixed,0.00,0.00,0.0,0.000,0.002,14.620,35.176,0.00
1786295880,bench_mixed,0.00,0.00,0.0,0.000,0.002,14.620,35.177,0.00
1786295885,bench_mixed,0.00,0.00,0.0,0.000,0.002,14.620,35.177,0.00
1786295891,bench_mixed,0.00,0.00,0.0,0.000,0.002,14.620,35.178,0.00
1786295896,bench_mixed,0.00,0.00,0.0,0.000,0.002,14.620,35.178,0.00
1786295901,bench_mixed,0.00,0.00,0.0,0.000,0.002,14.620,35.178,0.00
1786295906,bench_mixed,0.00,0.00,0.0,0.000,0.002,14.620,35.178,0.00
1786295911,bench_mixed,0.00,0.00,0.0,0.000,0.002,14.620,35.178,0.00
1786295916,bench_mixed,0.00,0.00,0.0,0.000,0.002,14.620,35.179,0.00
1786295921,bench_mixed,0.00,0.00,0.0,0.000,0.002,14.620,35.179,0.00
1786295926,bench_mixed,0.00,0.00,0.0,0.000,0.002,14.620,35.183,0.00
1786295931,bench_mixed,0.00,0.00,0.0,0.000,0.002,14.620,35.184,0.00
1786295936,bench_mixed,0.00,0.00,0.0,0.000,0.002,14.620,35.182,0.00
1786295941,bench_mixed,0.00,0.00,0.0,0.000,0.002,14.620,35.183,0.00
1786295946,bench_mixed,0.00,0.00,0.0,0.000,0.002,14.620,35.183,0.00
1786295951,bench_mixed,0.00,0.00,0.0,0.000,0.002,14.620,35.184,0.00
1786295956,bench_mixed,0.00,0.00,0.0,0.000,0.002,14.620,35.184,0.00
1786295961,bench_mixed,0.00,0.00,0.0,0.000,0.002,14.620,35.184,0.00
1786295966,bench_mixed,0.00,0.00,0.0,0.000,0.002,14.620,35.185,0.00
1786295971,bench_mixed,0.00,0.00,0.0,0.000,0.002,14.620,35.183,0.00
1786295976,bench_mixed,0.00,0.00,0.0,0.000,0.002,14.620,35.184,0.00
1786295981,bench_mixed,0.00,0.00,0.0,0.000,0.002,14.620,35.181,0.00
1786295987,bench_mixed,0.00,0.00,0.0,0.000,0.002,14.620,35.180,0.00
1786295992,bench_mixed,0.00,0.00,0.0,0.000,0.002,14.620,35.179,0.00
1786295997,bench_mixed,0.00,0.00,0.0,0.000,0.002,14.620,35.179,0.00
1786296002,bench_mixed,0.00,0.00,0.0,0.000,0.002,14.620,35.180,0.00
1786296007,bench_mixed,0.00,0.00,0.0,0.000,0.002,14.620,35.169,0.05
1786296012,bench_mixed,0.00,0.00,0.0,0.000,0.002,14.620,35.171,0.01
1786296017,bench_mixed,0.00,0.00,0.0,0.000,0.002,14.620,35.170,0.00
1786296022,bench_mixed,0.00,0.00,0.0,0.000,0.002,14.620,35.171,0.00
1786296027,bench_mixed,0.00,0.00,0.0,0.000,0.002,14.620,35.172,0.00
1786296032,bench_mixed,0.00,0.00,0.0,0.000,0.002,14.620,35.172,0.00
1786296037,bench_mixed,0.00,0.00,0.0,0.000,0.002,14.620,35.173,0.00
1786296042,bench_mixed,0.00,0.00,0.0,0.000,0.002,14.620,35.172,0.00
1786296047,bench_mixed,0.00,0.00,0.0,0.000,0.002,14.620,35.172,0.00
1786296052,bench_mixed,0.00,0.00,0.0,0.000,0.002,14.620,35.172,0.00
1786296057,bench_mixed,0.00,0.00,0.0,0.000,0.002,14.620,35.172,0.00
1786296062,bench_mixed,0.00,0.00,0.0,0.000,0.002,14.620,35.174,0.00
1786296067,bench_mixed,0.00,0.00,0.0,0.000,0.002,14.620,35.174,0.00
1786296072,bench_mixed,0.00,0.00,0.0,0.000,0.002,14.620,35.175,0.00
1786296077,bench_mixed,0.00,0.00,0.0,0.000,0.002,14.620,35.175,0.00
1786296083,bench_mixed,0.00,0.00,0.0,0.000,0.002,14.620,35.174,0.00
1786296088,bench_mixed,0.00,0.00,0.0,0.000,0.002,14.620,35.177,0.00
1786296093,bench_mixed,0.00,0.00,0.0,0.000,0.002,14.620,35.177,0.00
1786296098,bench_mixed,0.00,0.00,0.0,0.000,0.002,14.620,35.178,0.00
1786296103,bench_mixed,0.00,0.00,0.0,0.000,0.002,14.620,35.178,0.00
1786296108,bench_mixed,0.00,0.00,0.0,0.000,0.002,14.620,35.178,0.00
1786296113,bench_mixed,0.00,0.00,0.0,0.000,0.002,14.620,35.178,0.00
1786296118,bench_mixed,0.00,0.00,0.0,0.000,0.002,14.620,35.178,0.00
1786296123,bench_mixed,0.00,0.00,0.0,0.000,0.002,14.620,35.182,0.00
1786296128,bench_mixed,0.00,0.00,0.0,0.000,0.002,14.620,35.183,0.00
1786296133,bench_mixed,0.00,0.00,0.0,0.000,0.002,14.620,35.183,0.00
1786296138,bench_mixed,0.00,0.00,0.0,0.000,0.002,14.620,35.183,0.00
1786296143,bench_mixed,0.00,0.00,0.0,0.000,0.002,14.620,35.183,0.00
1786296148,bench_mixed,0.00,0.00,0.0,0.000,0.002,14.620,35.183,0.00
1786296153,bench_mixed,0.00,0.00,0.0,0.000,0.002,14.620,35.183,0.00
1786296158,bench_mixed,0.00,0.00,0.0,0.000,0.002,14.620,35.184,0.00
1786296163,bench_mixed,0.00,0.00,0.0,0.000,0.002,14.620,35.182,0.00
1786296168,bench_mixed,0.00,0.00,0.0,0.000,0.002,14.620,35.183,0.00
1786296173,bench_mixed,0.00,0.00,0.0,0.000,0.002,14.620,35.182,0.00
1786296179,bench_mixed,0.00,0.00,0.0,0.000,0.002,14.620,35.183,0.00
1786296184,bench_mixed,0.00,0.00,0.0,0.000,0.002,14.620,35.182,0.00
1786296189,bench_mixed,0.00,0.00,0.0,0.000,0.002,14.620,35.182,0.00
1786296194,bench_mixed,0.00,0.00,0.0,0.000,0.002,14.620,35.180,0.00
1786296199,bench_mixed,0.00,0.00,0.0,0.000,0.002,14.620,35.181,0.00
1786296204,bench_mixed,0.00,0.00,0.0,0.000,0.002,14.620,35.181,0.00
1786296209,bench_mixed,0.00,0.00,0.0,0.000,0.002,14.620,35.181,0.00
1786296214,bench_mixed,0.00,0.00,0.0,0.000,0.002,14.620,35.184,0.00
1786296219,bench_mixed,0.00,0.00,0.0,0.000,0.002,14.620,35.184,0.00
1786296224,bench_mixed,0.00,0.00,0.0,0.000,0.002,14.620,35.183,0.00
1786296229,bench_mixed,0.00,0.00,0.0,0.000,0.002,14.620,35.183,0.00
1786296234,bench_mixed,0.00,0.00,0.0,0.000,0.002,14.620,35.182,0.00
1786296239,bench_mixed,0.00,0.00,0.0,0.000,0.002,14.620,35.183,0.00
1786296244,bench_mixed,0.00,0.00,0.0,0.000,0.002,14.620,35.182,0.00
1786296249,bench_mixed,0.00,0.00,0.0,0.000,0.002,14.620,35.182,0.00
1786296254,bench_mixed,0.00,0.00,0.0,0.000,0.002,14.620,35.181,0.00
1786296259,bench_mixed,0.00,0.00,0.0,0.000,0.002,14.620,35.182,0.00
1786296264,bench_mixed,0.00,0.00,0.0,0.000,0.002,14.620,35.182,0.00
1786296270,bench_mixed,0.00,0.00,0.0,0.000,0.002,14.620,35.182,0.00
1786296275,bench_mixed,0.00,0.00,0.0,0.000,0.002,14.620,35.183,0.00
1786296280,bench_mixed,0.00,0.00,0.0,0.000,0.002,14.620,35.184,0.00
1786296285,bench_mixed,0.00,0.00,0.0,0.000,0.002,14.620,35.187,0.00
1786296290,bench_mixed,0.00,0.00,0.0,0.000,0.002,14.620,35.186,0.00
1786296295,bench_mixed,0.00,0.00,0.0,0.000,0.002,14.620,35.185,0.00
1786296300,bench_mixed,0.00,0.00,0.0,0.000,0.002,14.620,35.186,0.00
1786296305,bench_mixed,0.00,0.00,0.0,0.000,0.002,14.620,35.182,0.00
1786296310,bench_mixed,0.00,0.00,0.0,0.000,0.002,14.620,35.170,0.05
1786296315,bench_mixed,0.00,0.00,0.0,0.000,0.002,14.620,35.170,0.00
1786296320,bench_mixed,0.00,0.00,0.0,0.000,0.002,14.620,35.171,0.00
1786296325,bench_mixed,0.00,0.00,0.0,0.000,0.002,14.620,35.170,0.00
1786296330,bench_mixed,0.00,0.00,0.0,0.000,0.002,14.620,35.171,0.00
1786296335,bench_mixed,0.00,0.00,0.0,0.000,0.002,14.620,35.171,0.00
1786296340,bench_mixed,0.00,0.00,0.0,0.000,0.002,14.620,35.172,0.00
1786296345,bench_mixed,0.00,0.00,0.0,0.000,0.002,14.620,35.172,0.00
1786296350,bench_mixed,0.00,0.00,0.0,0.000,0.002,14.620,35.173,0.00
1786296355,bench_mixed,0.00,0.00,0.0,0.000,0.002,14.620,35.173,0.00
1786296360,bench_mixed,0.00,0.00,0.0,0.000,0.002,14.620,35.175,0.00
1786296366,bench_mixed,0.00,0.00,0.0,0.000,0.002,14.620,35.175,0.00
1786296371,bench_mixed,0.00,0.00,0.0,0.000,0.002,14.620,35.174,0.00
1786296376,bench_mixed,0.00,0.00,0.0,0.000,0.002,14.620,35.174,0.00
1786296381,bench_mixed,0.00,0.00,0.0,0.000,0.002,14.620,35.177,0.00
1786296386,bench_mixed,0.00,0.00,0.0,0.000,0.002,14.620,35.176,0.00
1786296391,bench_mixed,0.00,0.00,0.0,0.000,0.002,14.620,35.180,0.00
1786296396,bench_mixed,0.00,0.00,0.0,0.000,0.002,14.620,35.180,0.00
1786296401,bench_mixed,0.00,0.00,0.0,0.000,0.002,14.620,35.179,0.00
1786296406,bench_mixed,0.00,0.00,0.0,0.000,0.002,14.620,35.180,0.00
1786296411,bench_mixed,0.00,0.00,0.0,0.000,0.002,14.620,35.181,0.00
1786296416,bench_mixed,0.00,0.00,0.0,0.000,0.002,14.620,35.182,0.00
1786296421,bench_mixed,0.00,0.00,0.0,0.000,0.002,14.620,35.184,0.00
1786296426,bench_mixed,0.00,0.00,0.0,0.000,0.002,14.620,35.185,0.00
1786296431,bench_mixed,0.00,0.00,0.0,0.000,0.002,14.620,35.184,0.00
1786296436,bench_mixed,0.00,0.00,0.0,0.000,0.002,14.620,35.185,0.00
1786296441,bench_mixed,0.00,0.00,0.0,0.000,0.002,14.620,35.185,0.00
1786296446,bench_mixed,0.00,0.00,0.0,0.000,0.002,14.620,35.185,0.00
1786296451,bench_mixed,0.00,0.00,0.0,0.000,0.002,14.620,35.185,0.00
1786296456,bench_mixed,0.00,0.00,0.0,0.000,0.002,14.620,35.185,0.00
1786296462,bench_mixed,0.00,0.00,0.0,0.000,0.002,14.620,35.183,0.00
1786296467,bench_mixed,0.00,0.00,0.0,0.000,0.002,14.620,35.184,0.00
1786296472,bench_mixed,0.00,0.00,0.0,0.000,0.002,14.620,35.183,0.00
1786296477,bench_mixed,0.00,0.00,0.0,0.000,0.002,14.620,35.184,0.00
1786296482,bench_mixed,0.00,0.00,0.0,0.000,0.002,14.620,35.183,0.00
1786296487,bench_mixed,0.00,0.00,0.0,0.000,0.002,14.620,35.183,0.00
1786296492,bench_mixed,0.00,0.00,0.0,0.000,0.002,14.620,35.183,0.00
1786296497,bench_mixed,0.00,0.00,0.0,0.000,0.002,14.620,35.183,0.00
1786296502,bench_mixed,0.00,0.00,0.0,0.000,0.002,14.620,35.182,0.00
1786296507,bench_mixed,0.00,0.00,0.0,0.000,0.002,14.620,35.183,0.00
1786296512,bench_mixed,0.00,0.00,0.0,0.000,0.002,14.620,35.182,0.00
1786296517,bench_mixed,0.00,0.00,0.0,0.000,0.002,14.620,35.183,0.00
1786296522,bench_mixed,0.00,0.00,0.0,0.000,0.002,14.620,35.183,0.00
1786296527,bench_mixed,0.00,0.00,0.0,0.000,0.002,14.620,35.182,0.00
1786296532,bench_mixed,0.00,0.00,0.0,0.000,0.002,14.620,35.183,0.00
1786296537,bench_mixed,0.00,0.00,0.0,0.000,0.002,14.620,35.184,0.00
1786296542,bench_mixed,0.00,0.00,0.0,0.000,0.002,14.620,35.186,0.00
1786296547,bench_mixed,0.00,0.00,0.0,0.000,0.002,14.620,35.186,0.00
1786296552,bench_mixed,0.00,0.00,0.0,0.000,0.002,14.620,35.188,0.00
1786296558,bench_mixed,0.00,0.00,0.0,0.000,0.002,14.620,35.189,0.00
1786296563,bench_mixed,0.00,0.00,0.0,0.000,0.002,14.620,35.189,0.00
1786296568,bench_mixed,0.00,0.00,0.0,0.000,0.002,14.620,35.190,0.00
1786296573,bench_mixed,0.00,0.00,0.0,0.000,0.002,14.620,35.187,0.00
1786296578,bench_mixed,0.00,0.00,0.0,0.000,0.002,14.620,35.187,0.00
1786296583,bench_mixed,0.00,0.00,0.0,0.000,0.002,14.620,35.186,0.00
1786296588,bench_mixed,0.00,0.00,0.0,0.000,0.002,14.620,35.187,0.00
1786296593,bench_mixed,0.00,0.00,0.0,0.000,0.002,14.620,35.183,0.00
1786296598,bench_mixed,0.00,0.00,0.0,0.000,0.002,14.620,35.184,0.00
1786296603,bench_mixed,0.00,0.00,0.0,0.000,0.002,14.620,35.183,0.00
1786296608,bench_mixed,0.00,0.00,0.0,0.000,0.002,14.620,35.169,0.06
1786296613,bench_mixed,0.00,0.00,0.0,0.000,0.002,14.620,35.169,0.00
1786296618,bench_mixed,0.00,0.00,0.0,0.000,0.002,14.620,35.170,0.00
1786296623,bench_mixed,0.00,0.00,0.0,0.000,0.002,14.620,35.169,0.00
1786296628,bench_mixed,0.00,0.00,0.0,0.000,0.002,14.620,35.170,0.00
1786296633,bench_mixed,0.00,0.00,0.0,0.000,0.002,14.620,35.171,0.00
1786296638,bench_mixed,0.00,0.00,0.0,0.000,0.002,14.620,35.172,0.00
1786296643,bench_mixed,0.00,0.00,0.0,0.000,0.002,14.620,35.171,0.00
1786296648,bench_mixed,0.00,0.00,0.0,0.000,0.002,14.620,35.172,0.00
1786296654,bench_mixed,0.00,0.00,0.0,0.000,0.002,14.620,35.172,0.00
1786296659,bench_mixed,0.00,0.00,0.0,0.000,0.002,14.620,35.172,0.00
1786296664,bench_mixed,0.00,0.00,0.0,0.000,0.002,14.620,35.172,0.00
1786296669,bench_mixed,0.00,0.00,0.0,0.000,0.002,14.620,35.172,0.00
1786296674,bench_mixed,0.00,0.00,0.0,0.000,0.002,14.620,35.175,0.00
1786296679,bench_mixed,0.00,0.00,0.0,0.000,0.002,14.620,35.176,0.00
1786296684,bench_mixed,0.00,0.00,0.0,0.000,0.002,14.620,35.177,0.00
1786296689,bench_mixed,0.00,0.00,0.0,0.000,0.002,14.620,35.177,0.00
1786296694,bench_mixed,0.00,0.00,0.0,0.000,0.002,14.620,35.175,0.00
1786296699,bench_mixed,0.00,0.00,0.0,0.000,0.002,14.620,35.179,0.00
1786296704,bench_mixed,0.00,0.00,0.0,0.000,0.002,14.620,35.178,0.00
1786296709,bench_mixed,0.00,0.00,0.0,0.000,0.002,14.620,35.180,0.00
1786296714,bench_mixed,0.00,0.00,0.0,0.000,0.002,14.620,35.180,0.00
1786296719,bench_mixed,0.00,0.00,0.0,0.000,0.002,14.620,35.179,0.00
1786296724,bench_mixed,0.00,0.00,0.0,0.000,0.002,14.620,35.179,0.00
1786296729,bench_mixed,0.00,0.00,0.0,0.000,0.002,14.620,35.178,0.00
1786296734,bench_mixed,0.00,0.00,0.0,0.000,0.002,14.620,35.178,0.00
1786296739,bench_mixed,0.00,0.00,0.0,0.000,0.002,14.620,35.176,0.00
1786296745,bench_mixed,0.00,0.00,0.0,0.000,0.002,14.620,35.175,0.00
1786296750,bench_mixed,0.00,0.00,0.0,0.000,0.002,14.620,35.175,0.00
1786296755,bench_mixed,0.00,0.00,0.0,0.000,0.002,14.620,35.176,0.00
1786296760,bench_mixed,0.00,0.00,0.0,0.000,0.002,14.620,35.178,0.00
1786296765,bench_mixed,0.00,0.00,0.0,0.000,0.002,14.620,35.178,0.00
1786296770,bench_mixed,0.00,0.00,0.0,0.000,0.002,14.620,35.180,0.00
1786296775,bench_mixed,0.00,0.00,0.0,0.000,0.002,14.620,35.180,0.00
1786296780,bench_mixed,0.00,0.00,0.0,0.000,0.002,14.620,35.179,0.00
1786296785,bench_mixed,0.00,0.00,0.0,0.000,0.002,14.620,35.179,0.00
1786296790,bench_mixed,0.00,0.00,0.0,0.000,0.002,14.620,35.177,0.00
1786296795,bench_mixed,0.00,0.00,0.0,0.000,0.002,14.620,35.177,0.00
1786296800,bench_mixed,0.00,0.00,0.0,0.000,0.002,14.620,35.176,0.00
1786296805,bench_mixed,0.00,0.00,0.0,0.000,0.002,14.620,35.176,0.00
1786296810,bench_mixed,0.00,0.00,0.0,0.000,0.002,14.620,35.175,0.00
1786296815,bench_mixed,0.00,0.00,0.0,0.000,0.002,14.620,35.175,0.00
1786296820,bench_mixed,0.00,0.00,0.0,0.000,0.002,14.620,35.177,0.00
1786296825,bench_mixed,0.00,0.00,0.0,0.000,0.002,14.620,35.177,0.00
1786296830,bench_mixed,0.00,0.00,0.0,0.000,0.002,14.620,35.176,0.00
1786296835,bench_mixed,0.00,0.00,0.0,0.000,0.002,14.620,35.176,0.00
1786296841,bench_mixed,0.00,0.00,0.0,0.000,0.002,14.620,35.179,0.00
1786296846,bench_mixed,0.00,0.00,0.0,0.000,0.002,14.620,35.179,0.00
1786296851,bench_mixed,0.00,0.00,0.0,0.000,0.002,14.620,35.180,0.00
1786296856,bench_mixed,0.00,0.00,0.0,0.000,0.002,14.620,35.180,0.00
1786296861,bench_mixed,0.00,0.00,0.0,0.000,0.002,14.620,35.185,0.00
1786296866,bench_mixed,0.00,0.00,0.0,0.000,0.002,14.620,35.185,0.00
1786296871,bench_mixed,0.00,0.00,0.0,0.000,0.002,14.620,35.185,0.00
1786296876,bench_mixed,0.00,0.00,0.0,0.000,0.002,14.620,35.185,0.00
1786296881,bench_mixed,0.00,0.00,0.0,0.000,0.002,14.620,35.185,0.00
1786296886,bench_mixed,0.00,0.00,0.0,0.000,0.002,14.620,35.186,0.00
1786296891,bench_mixed,0.00,0.00,0.0,0.000,0.002,14.620,35.186,0.00
1786296896,bench_mixed,0.00,0.00,0.0,0.000,0.002,14.620,35.185,0.00
1786296901,bench_mixed,0.00,0.00,0.0,0.000,0.002,14.620,35.188,0.00
1786296906,bench_mixed,0.00,0.00,0.0,0.000,0.002,14.620,35.175,0.04
1786296911,bench_mixed,0.00,0.00,0.0,0.000,0.002,14.620,35.172,0.02
1786296916,bench_mixed,0.00,0.00,0.0,0.000,0.002,14.620,35.172,0.00
1786296921,bench_mixed,0.00,0.00,0.0,0.000,0.002,14.620,35.173,0.00
1786296926,bench_mixed,0.00,0.00,0.0,0.000,0.002,14.620,35.173,0.00
1786296931,bench_mixed,0.00,0.00,0.0,0.000,0.002,14.620,35.173,0.00
1786296937,bench_mixed,0.00,0.00,0.0,0.000,0.002,14.620,35.174,0.00
1786296942,bench_mixed,0.00,0.00,0.0,0.000,0.002,14.620,35.171,0.00
1786296947,bench_mixed,0.00,0.00,0.0,0.000,0.002,14.620,35.172,0.00
1786296952,bench_mixed,0.00,0.00,0.0,0.000,0.002,14.620,35.172,0.00
1786296957,bench_mixed,0.00,0.00,0.0,0.000,0.002,14.620,35.172,0.00
1786296962,bench_mixed,0.00,0.00,0.0,0.000,0.002,14.620,35.172,0.00
1786296967,bench_mixed,0.00,0.00,0.0,0.000,0.002,14.620,35.172,0.00
1786296972,bench_mixed,0.00,0.00,0.0,0.000,0.002,14.620,35.173,0.00
1786296977,bench_mixed,0.00,0.00,0.0,0.000,0.002,14.620,35.173,0.00
1786296982,bench_mixed,0.00,0.00,0.0,0.000,0.002,14.620,35.173,0.00
1786296987,bench_mixed,0.00,0.00,0.0,0.000,0.002,14.620,35.173,0.00
1786296992,bench_mixed,0.00,0.00,0.0,0.000,0.002,14.620,35.172,0.00
1786296997,bench_mixed,0.00,0.00,0.0,0.000,0.002,14.620,35.173,0.00
1786297002,bench_mixed,0.00,0.00,0.0,0.000,0.002,14.620,35.170,0.00
1786297007,bench_mixed,0.00,0.00,0.0,0.000,0.002,14.620,35.171,0.00
1786297012,bench_mixed,0.00,0.00,0.0,0.000,0.002,14.620,35.170,0.00
1786297017,bench_mixed,0.00,0.00,0.0,0.000,0.002,14.620,35.170,0.00
1786297022,bench_mixed,0.00,0.00,0.0,0.000,0.002,14.620,35.170,0.00
1786297028,bench_mixed,0.00,0.00,0.0,0.000,0.002,14.620,35.171,0.00
1786297033,bench_mixed,0.00,0.00,0.0,0.000,0.002,14.620,35.170,0.00
1786297038,bench_mixed,0.00,0.00,0.0,0.000,0.002,14.620,35.170,0.00
1786297043,bench_mixed,0.00,0.00,0.0,0.000,0.002,14.620,35.170,0.00
1786297048,bench_mixed,0.00,0.00,0.0,0.000,0.002,14.620,35.170,0.00
1786297053,bench_mixed,0.00,0.00,0.0,0.000,0.002,14.620,35.164,0.00
1786297058,bench_mixed,0.00,0.00,0.0,0.000,0.002,14.620,35.171,0.00
1786297063,bench_mixed,0.00,0.00,0.0,0.000,0.002,14.620,35.171,0.00
1786297068,bench_mixed,0.00,0.00,0.0,0.000,0.002,14.620,35.173,0.00
1786297073,bench_mixed,0.00,0.00,0.0,0.000,0.002,14.620,35.173,0.00
1786297078,bench_mixed,0.00,0.00,0.0,0.000,0.002,14.620,35.173,0.00
1786297083,bench_mixed,0.00,0.00,0.0,0.000,0.002,14.620,35.173,0.00
1786297088,bench_mixed,0.00,0.00,0.0,0.000,0.002,14.620,35.171,0.00
1786297093,bench_mixed,0.00,0.00,0.0,0.000,0.002,14.620,35.171,0.00
1786297098,bench_mixed,0.00,0.00,0.0,0.000,0.002,14.620,35.175,0.00
1786297103,bench_mixed,0.00,0.00,0.0,0.000,0.002,14.620,35.175,0.00
1786297108,bench_mixed,0.00,0.00,0.0,0.000,0.002,14.620,35.175,0.00
1786297113,bench_mixed,0.00,0.00,0.0,0.000,0.002,14.620,35.175,0.00
1786297118,bench_mixed,0.00,0.00,0.0,0.000,0.002,14.620,35.175,0.00
1786297124,bench_mixed,0.00,0.00,0.0,0.000,0.002,14.620,35.175,0.00
1786297129,bench_mixed,0.00,0.00,0.0,0.000,0.002,14.620,35.175,0.00
1786297134,bench_mixed,0.00,0.00,0.0,0.000,0.002,14.620,35.176,0.00
1786297139,bench_mixed,0.00,0.00,0.0,0.000,0.002,14.620,35.176,0.00
1786297144,bench_mixed,0.00,0.00,0.0,0.000,0.002,14.620,35.176,0.00
1786297149,bench_mixed,0.00,0.00,0.0,0.000,0.002,14.620,35.181,0.00
1786297154,bench_mixed,0.00,0.00,0.0,0.000,0.002,14.620,35.181,0.00
1786297159,bench_mixed,0.00,0.00,0.0,0.000,0.002,14.620,35.178,0.00
1786297164,bench_mixed,0.00,0.00,0.0,0.000,0.002,14.620,35.179,0.00
1786297169,bench_mixed,0.00,0.00,0.0,0.000,0.002,14.620,35.178,0.00
1786297174,bench_mixed,0.00,0.00,0.0,0.000,0.002,14.620,35.178,0.00
1786297179,bench_mixed,0.00,0.00,0.0,0.000,0.002,14.620,35.176,0.00
1786297184,bench_mixed,0.00,0.00,0.0,0.000,0.002,14.620,35.175,0.00
1786297189,bench_mixed,0.00,0.00,0.0,0.000,0.002,14.620,35.182,0.00
1786297194,bench_mixed,0.00,0.00,0.0,0.000,0.002,14.620,35.182,0.00
1786297199,bench_mixed,0.00,0.00,0.0,0.000,0.002,14.620,35.182,0.00
1786297204,bench_mixed,0.00,0.00,0.0,0.000,0.002,14.620,35.183,0.00
1786297209,bench_mixed,0.00,0.00,0.0,0.000,0.002,14.620,35.170,0.06
1786297214,bench_mixed,0.00,0.00,0.0,0.000,0.002,14.620,35.170,0.00
1786297219,bench_mixed,0.00,0.00,0.0,0.000,0.002,14.620,35.172,0.00
1786297225,bench_mixed,0.00,0.00,0.0,0.000,0.002,14.620,35.171,0.00
1786297230,bench_mixed,0.00,0.00,0.0,0.000,0.002,14.620,35.172,0.00
1786297235,bench_mixed,0.00,0.00,0.0,0.000,0.002,14.620,35.173,0.00
1786297240,bench_mixed,0.00,0.00,0.0,0.000,0.002,14.620,35.173,0.00
1786297245,bench_mixed,0.00,0.00,0.0,0.000,0.002,14.620,35.172,0.00
1786297250,bench_mixed,0.00,0.00,0.0,0.000,0.002,14.620,35.174,0.00
1786297255,bench_mixed,0.00,0.00,0.0,0.000,0.002,14.620,35.175,0.00
1786297260,bench_mixed,0.00,0.00,0.0,0.000,0.002,14.620,35.173,0.00
1786297265,bench_mixed,0.00,0.00,0.0,0.000,0.002,14.620,35.173,0.00
1786297270,bench_mixed,0.00,0.00,0.0,0.000,0.002,14.620,35.176,0.00
1786297275,bench_mixed,0.00,0.00,0.0,0.000,0.002,14.620,35.177,0.00
1786297280,bench_mixed,0.00,0.00,0.0,0.000,0.002,14.620,35.175,0.00
1786297285,bench_mixed,0.00,0.00,0.0,0.000,0.002,14.620,35.175,0.00
1786297290,bench_mixed,0.00,0.00,0.0,0.000,0.002,14.620,35.174,0.00
1786297295,bench_mixed,0.00,0.00,0.0,0.000,0.002,14.620,35.175,0.00
1786297300,bench_mixed,0.00,0.00,0.0,0.000,0.002,14.620,35.176,0.00
1786297305,bench_mixed,0.00,0.00,0.0,0.000,0.002,14.620,35.177,0.00
1786297310,bench_mixed,0.00,0.00,0.0,0.000,0.002,14.620,35.177,0.00
1786297316,bench_mixed,0.00,0.00,0.0,0.000,0.002,14.620,35.177,0.00
1786297321,bench_mixed,0.00,0.00,0.0,0.000,0.002,14.620,35.175,0.00
1786297326,bench_mixed,0.00,0.00,0.0,0.000,0.002,14.620,35.176,0.00
1786297331,bench_mixed,0.00,0.00,0.0,0.000,0.002,14.620,35.176,0.00
1786297336,bench_mixed,0.00,0.00,0.0,0.000,0.002,14.620,35.177,0.00
1786297341,bench_mixed,0.00,0.00,0.0,0.000,0.002,14.620,35.174,0.00
1786297346,bench_mixed,0.00,0.00,0.0,0.000,0.002,14.620,35.174,0.00
1786297351,bench_mixed,0.00,0.00,0.0,0.000,0.002,14.620,35.173,0.00
1786297356,bench_mixed,0.00,0.00,0.0,0.000,0.002,14.620,35.175,0.00
1786297361,bench_mixed,0.00,0.00,0.0,0.000,0.002,14.620,35.174,0.00
1786297366,bench_mixed,0.00,0.00,0.0,0.000,0.002,14.620,35.174,0.00
1786297371,bench_mixed,0.00,0.00,0.0,0.000,0.002,14.620,35.175,0.00
1786297376,bench_mixed,0.00,0.00,0.0,0.000,0.002,14.620,35.176,0.00
1786297381,bench_mixed,0.00,0.00,0.0,0.000,0.002,14.620,35.173,0.00
1786297386,bench_mixed,0.00,0.00,0.0,0.000,0.002,14.620,35.174,0.00
1786297391,bench_mixed,0.00,0.00,0.0,0.000,0.002,14.620,35.172,0.00
1786297396,bench_mixed,0.00,0.00,0.0,0.000,0.002,14.620,35.172,0.00
1786297401,bench_mixed,0.00,0.00,0.0,0.000,0.002,14.620,35.171,0.00
1786297406,bench_mixed,0.00,0.00,0.0,0.000,0.002,14.620,35.172,0.00
1786297412,bench_mixed,0.00,0.00,0.0,0.000,0.002,14.620,35.166,0.00
1786297417,bench_mixed,0.00,0.00,0.0,0.000,0.002,14.620,35.172,0.00
1786297422,bench_mixed,0.00,0.00,0.0,0.000,0.002,14.620,35.172,0.00
1786297427,bench_mixed,0.00,0.00,0.0,0.000,0.002,14.620,35.172,0.00
1786297432,bench_mixed,0.00,0.00,0.0,0.000,0.002,14.620,35.173,0.00
1786297437,bench_mixed,0.00,0.00,0.0,0.000,0.002,14.620,35.174,0.00
1786297442,bench_mixed,0.00,0.00,0.0,0.000,0.002,14.620,35.174,0.00
1786297447,bench_mixed,0.00,0.00,0.0,0.000,0.002,14.620,35.176,0.00
1786297452,bench_mixed,0.00,0.00,0.0,0.000,0.002,14.620,35.177,0.00
1786297457,bench_mixed,0.00,0.00,0.0,0.000,0.002,14.620,35.176,0.00
1786297462,bench_mixed,0.00,0.00,0.0,0.000,0.002,14.620,35.177,0.00
1786297467,bench_mixed,0.00,0.00,0.0,0.000,0.002,14.620,35.178,0.00
1786297472,bench_mixed,0.00,0.00,0.0,0.000,0.002,14.620,35.177,0.00
1786297477,bench_mixed,0.00,0.00,0.0,0.000,0.002,14.620,35.178,0.00
1786297482,bench_mixed,0.00,0.00,0.0,0.000,0.002,14.620,35.178,0.00
1786297487,bench_mixed,0.00,0.00,0.0,0.000,0.002,14.620,35.177,0.00
1786297492,bench_mixed,0.00,0.00,0.0,0.000,0.002,14.620,35.177,0.00
1786297497,bench_mixed,0.00,0.00,0.0,0.000,0.002,14.620,35.176,0.00
1786297502,bench_mixed,0.00,0.00,0.0,0.000,0.002,14.620,35.176,0.00
1786297508,bench_mixed,0.00,0.00,0.0,0.000,0.002,14.620,35.165,0.06
1786297513,bench_mixed,0.00,0.00,0.0,0.000,0.002,14.620,35.166,0.00
1786297518,bench_mixed,0.00,0.00,0.0,0.000,0.002,14.620,35.167,0.00
1786297523,bench_mixed,0.00,0.00,0.0,0.000,0.002,14.620,35.167,0.00
1786297528,bench_mixed,0.00,0.00,0.0,0.000,0.002,14.620,35.167,0.00
1786297533,bench_mixed,0.00,0.00,0.0,0.000,0.002,14.620,35.167,0.00
1786297538,bench_mixed,0.00,0.00,0.0,0.000,0.002,14.620,35.167,0.00
1786297543,bench_mixed,0.00,0.00,0.0,0.000,0.002,14.620,35.167,0.00
1786297548,bench_mixed,0.00,0.00,0.0,0.000,0.002,14.620,35.168,0.00
1786297553,bench_mixed,0.00,0.00,0.0,0.000,0.002,14.620,35.169,0.00
1786297558,bench_mixed,0.00,0.00,0.0,0.000,0.002,14.620,35.172,0.00
1786297563,bench_mixed,0.00,0.00,0.0,0.000,0.002,14.620,35.172,0.00
1786297568,bench_mixed,0.00,0.00,0.0,0.000,0.002,14.620,35.174,0.00
1786297573,bench_mixed,0.00,0.00,0.0,0.000,0.002,14.620,35.174,0.00
1786297578,bench_mixed,0.00,0.00,0.0,0.000,0.002,14.620,35.175,0.00
1786297583,bench_mixed,0.00,0.00,0.0,0.000,0.002,14.620,35.175,0.00
1786297588,bench_mixed,0.00,0.00,0.0,0.000,0.002,14.620,35.173,0.00
1786297593,bench_mixed,0.00,0.00,0.0,0.000,0.002,14.620,35.174,0.00
1786297599,bench_mixed,0.00,0.00,0.0,0.000,0.002,14.620,35.172,0.00
1786297604,bench_mixed,0.00,0.00,0.0,0.000,0.002,14.620,35.173,0.00
1786297609,bench_mixed,0.00,0.00,0.0,0.000,0.002,14.620,35.174,0.00
1786297614,bench_mixed,0.00,0.00,0.0,0.000,0.002,14.620,35.174,0.00
1786297619,bench_mixed,0.00,0.00,0.0,0.000,0.002,14.620,35.173,0.00
1786297624,bench_mixed,0.00,0.00,0.0,0.000,0.002,14.620,35.173,0.00
1786297629,bench_mixed,0.00,0.00,0.0,0.000,0.002,14.620,35.171,0.00
1786297634,bench_mixed,0.00,0.00,0.0,0.000,0.002,14.620,35.171,0.00
1786297639,bench_mixed,0.00,0.00,0.0,0.000,0.002,14.620,35.173,0.00
1786297644,bench_mixed,0.00,0.00,0.0,0.000,0.002,14.620,35.175,0.00
1786297649,bench_mixed,0.00,0.00,0.0,0.000,0.002,14.620,35.173,0.00
1786297654,bench_mixed,0.00,0.00,0.0,0.000,0.002,14.620,35.173,0.00
1786297659,bench_mixed,0.00,0.00,0.0,0.000,0.002,14.620,35.171,0.00
1786297664,bench_mixed,0.00,0.00,0.0,0.000,0.002,14.620,35.172,0.00
1786297669,bench_mixed,0.00,0.00,0.0,0.000,0.002,14.620,35.170,0.00
1786297674,bench_mixed,0.00,0.00,0.0,0.000,0.002,14.620,35.171,0.00
1786297679,bench_mixed,0.00,0.00,0.0,0.000,0.002,14.620,35.170,0.00
1786297684,bench_mixed,0.00,0.00,0.0,0.000,0.002,14.620,35.170,0.00
1786297689,bench_mixed,0.00,0.00,0.0,0.000,0.002,14.620,35.168,0.00
1786297695,bench_mixed,0.00,0.00,0.0,0.000,0.002,14.620,35.169,0.00
1786297700,bench_mixed,0.00,0.00,0.0,0.000,0.002,14.620,35.167,0.00
1786297705,bench_mixed,0.00,0.00,0.0,0.000,0.002,14.620,35.167,0.00
1786297710,bench_mixed,0.00,0.00,0.0,0.000,0.002,14.620,35.167,0.00
1786297715,bench_mixed,0.00,0.00,0.0,0.000,0.002,14.620,35.167,0.00
1786297720,bench_mixed,0.00,0.00,0.0,0.000,0.002,14.620,35.170,0.00
1786297725,bench_mixed,0.00,0.00,0.0,0.000,0.002,14.620,35.170,0.00
1786297730,bench_mixed,0.00,0.00,0.0,0.000,0.002,14.620,35.169,0.00
1786297735,bench_mixed,0.00,0.00,0.0,0.000,0.002,14.620,35.170,0.00
1786297740,bench_mixed,0.00,0.00,0.0,0.000,0.002,14.620,35.171,0.00
1786297745,bench_mixed,0.00,0.00,0.0,0.000,0.002,14.620,35.172,0.00
1786297750,bench_mixed,0.00,0.00,0.0,0.000,0.002,14.620,35.171,0.00
1786297755,bench_mixed,0.00,0.00,0.0,0.000,0.002,14.620,35.172,0.00
1786297760,bench_mixed,0.00,0.00,0.0,0.000,0.002,14.620,35.173,0.00
1786297765,bench_mixed,0.00,0.00,0.0,0.000,0.002,14.620,35.174,0.00
1786297770,bench_mixed,0.00,0.00,0.0,0.000,0.002,14.620,35.175,0.00
1786297775,bench_mixed,0.00,0.00,0.0,0.000,0.002,14.620,35.176,0.00
1786297780,bench_mixed,0.00,0.00,0.0,0.000,0.002,14.620,35.175,0.00
1786297785,bench_mixed,0.00,0.00,0.0,0.000,0.002,14.620,35.177,0.00
1786297791,bench_mixed,0.00,0.00,0.0,0.000,0.002,14.620,35.177,0.00
1786297796,bench_mixed,0.00,0.00,0.0,0.000,0.002,14.620,35.178,0.00
1786297801,bench_mixed,0.00,0.00,0.0,0.000,0.002,14.620,35.178,0.00
1786297806,bench_mixed,0.00,0.00,0.0,0.000,0.002,14.620,35.165,0.03
1786297811,bench_mixed,0.00,0.00,0.0,0.000,0.002,14.620,35.162,0.02
1786297816,bench_mixed,0.00,0.00,0.0,0.000,0.002,14.620,35.163,0.00
1786297821,bench_mixed,0.00,0.00,0.0,0.000,0.002,14.620,35.164,0.00
1786297826,bench_mixed,0.00,0.00,0.0,0.000,0.002,14.620,35.164,0.00
1786297831,bench_mixed,0.00,0.00,0.0,0.000,0.002,14.620,35.164,0.00
1786297836,bench_mixed,0.00,0.00,0.0,0.000,0.002,14.620,35.167,0.00
1786297841,bench_mixed,0.00,0.00,0.0,0.000,0.002,14.620,35.167,0.00
1786297846,bench_mixed,0.00,0.00,0.0,0.000,0.002,14.620,35.169,0.00
1786297851,bench_mixed,0.00,0.00,0.0,0.000,0.002,14.620,35.169,0.00
1786297856,bench_mixed,0.00,0.00,0.0,0.000,0.002,14.620,35.170,0.00
1786297861,bench_mixed,0.00,0.00,0.0,0.000,0.002,14.620,35.170,0.00
1786297866,bench_mixed,0.00,0.00,0.0,0.000,0.002,14.620,35.174,0.00
1786297871,bench_mixed,0.00,0.00,0.0,0.000,0.002,14.620,35.175,0.00
1786297876,bench_mixed,0.00,0.00,0.0,0.000,0.002,14.620,35.175,0.00
1786297881,bench_mixed,0.00,0.00,0.0,0.000,0.002,14.620,35.176,0.00
1786297887,bench_mixed,0.00,0.00,0.0,0.000,0.002,14.620,35.175,0.00
1786297892,bench_mixed,0.00,0.00,0.0,0.000,0.002,14.620,35.176,0.00
1786297897,bench_mixed,0.00,0.00,0.0,0.000,0.002,14.620,35.178,0.00
1786297902,bench_mixed,0.00,0.00,0.0,0.000,0.002,14.620,35.178,0.00
1786297907,bench_mixed,0.00,0.00,0.0,0.000,0.002,14.620,35.179,0.00
1786297912,bench_mixed,0.00,0.00,0.0,0.000,0.002,14.620,35.179,0.00
1786297917,bench_mixed,0.00,0.00,0.0,0.000,0.002,14.620,35.180,0.00
1786297922,bench_mixed,0.00,0.00,0.0,0.000,0.002,14.620,35.180,0.00
1786297927,bench_mixed,0.00,0.00,0.0,0.000,0.002,14.620,35.179,0.00
1786297932,bench_mixed,0.00,0.00,0.0,0.000,0.002,14.620,35.180,0.00
1786297937,bench_mixed,0.00,0.00,0.0,0.000,0.002,14.620,35.178,0.00
1786297942,bench_mixed,0.00,0.00,0.0,0.000,0.002,14.620,35.178,0.00
1786297947,bench_mixed,0.00,0.00,0.0,0.000,0.002,14.620,35.179,0.00
1786297952,bench_mixed,0.00,0.00,0.0,0.000,0.002,14.620,35.178,0.00
1786297957,bench_mixed,0.00,0.00,0.0,0.000,0.002,14.620,35.178,0.00
1786297962,bench_mixed,0.00,0.00,0.0,0.000,0.002,14.620,35.179,0.00
1786297967,bench_mixed,0.00,0.00,0.0,0.000,0.002,14.620,35.178,0.00
1786297972,bench_mixed,0.00,0.00,0.0,0.000,0.002,14.620,35.178,0.00
1786297978,bench_mixed,0.00,0.00,0.0,0.000,0.002,14.620,35.180,0.00
1786297983,bench_mixed,0.00,0.00,0.0,0.000,0.002,14.620,35.180,0.00
1786297988,bench_mixed,0.00,0.00,0.0,0.000,0.002,14.620,35.178,0.00
1786297993,bench_mixed,0.00,0.00,0.0,0.000,0.002,14.620,35.178,0.00
1786297998,bench_mixed,0.00,0.00,0.0,0.000,0.002,14.620,35.176,0.00
1786298003,bench_mixed,0.00,0.00,0.0,0.000,0.002,14.620,35.177,0.00
1786298008,bench_mixed,0.00,0.00,0.0,0.000,0.002,14.620,35.178,0.00
1786298013,bench_mixed,0.00,0.00,0.0,0.000,0.002,14.620,35.178,0.00
1786298018,bench_mixed,0.00,0.00,0.0,0.000,0.002,14.620,35.177,0.00
1786298023,bench_mixed,0.00,0.00,0.0,0.000,0.002,14.620,35.177,0.00
1786298028,bench_mixed,0.00,0.00,0.0,0.000,0.002,14.620,35.174,0.00
1786298033,bench_mixed,0.00,0.00,0.0,0.000,0.002,14.620,35.176,0.00
1786298038,bench_mixed,0.00,0.00,0.0,0.000,0.002,14.620,35.174,0.00
1786298043,bench_mixed,0.00,0.00,0.0,0.000,0.002,14.620,35.174,0.00
1786298048,bench_mixed,0.00,0.00,0.0,0.000,0.002,14.620,35.172,0.00
1786298053,bench_mixed,0.00,0.00,0.0,0.000,0.002,14.620,35.173,0.00
1786298058,bench_mixed,0.00,0.00,0.0,0.000,0.002,14.620,35.171,0.00
1786298063,bench_mixed,0.00,0.00,0.0,0.000,0.002,14.620,35.172,0.00
1786298068,bench_mixed,0.00,0.00,0.0,0.000,0.002,14.620,35.172,0.00
1786298074,bench_mixed,0.00,0.00,0.0,0.000,0.002,14.620,35.174,0.00
1786298079,bench_mixed,0.00,0.00,0.0,0.000,0.002,14.620,35.175,0.00
1786298084,bench_mixed,0.00,0.00,0.0,0.000,0.002,14.620,35.176,0.00
1786298089,bench_mixed,0.00,0.00,0.0,0.000,0.002,14.620,35.174,0.00
1786298094,bench_mixed,0.00,0.00,0.0,0.000,0.002,14.620,35.175,0.00
1786298099,bench_mixed,0.00,0.00,0.0,0.000,0.002,14.620,35.174,0.00
1786298104,bench_mixed,0.00,0.00,0.0,0.000,0.002,14.620,35.173,0.00
1786298109,bench_mixed,0.00,0.00,0.0,0.000,0.002,14.620,35.160,0.06
1786298114,bench_mixed,0.00,0.00,0.0,0.000,0.002,14.620,35.162,0.00
1786298119,bench_mixed,0.00,0.00,0.0,0.000,0.002,14.620,35.163,0.00
1786298124,bench_mixed,0.00,0.00,0.0,0.000,0.002,14.620,35.165,0.00
1786298129,bench_mixed,0.00,0.00,0.0,0.000,0.002,14.620,35.170,0.00
1786298134,bench_mixed,0.00,0.00,0.0,0.000,0.002,14.620,35.171,0.00
1786298139,bench_mixed,0.00,0.00,0.0,0.000,0.002,14.620,35.170,0.00
1786298144,bench_mixed,0.00,0.00,0.0,0.000,0.002,14.620,35.169,0.00
1786298149,bench_mixed,0.00,0.00,0.0,0.000,0.002,14.620,35.170,0.00
1786298154,bench_mixed,0.00,0.00,0.0,0.000,0.002,14.620,35.170,0.00
1786298159,bench_mixed,0.00,0.00,0.0,0.000,0.002,14.620,35.171,0.00
1786298164,bench_mixed,0.00,0.00,0.0,0.000,0.002,14.620,35.173,0.00
1786298170,bench_mixed,0.00,0.00,0.0,0.000,0.002,14.620,35.172,0.00
1786298175,bench_mixed,0.00,0.00,0.0,0.000,0.002,14.620,35.172,0.00
1786298180,bench_mixed,0.00,0.00,0.0,0.000,0.002,14.620,35.173,0.00
1786298185,bench_mixed,0.00,0.00,0.0,0.000,0.002,14.620,35.176,0.00
1786298190,bench_mixed,0.00,0.00,0.0,0.000,0.002,14.620,35.175,0.00
1786298195,bench_mixed,0.00,0.00,0.0,0.000,0.002,14.620,35.176,0.00
1786298200,bench_mixed,0.00,0.00,0.0,0.000,0.002,14.620,35.176,0.00
1786298205,bench_mixed,0.00,0.00,0.0,0.000,0.002,14.620,35.176,0.00
1786298210,bench_mixed,0.00,0.00,0.0,0.000,0.002,14.620,35.176,0.00
1786298215,bench_mixed,0.00,0.00,0.0,0.000,0.002,14.620,35.176,0.00
1786298220,bench_mixed,0.00,0.00,0.0,0.000,0.002,14.620,35.175,0.00
1786298225,bench_mixed,0.00,0.00,0.0,0.000,0.002,14.620,35.175,0.00
1786298230,bench_mixed,0.00,0.00,0.0,0.000,0.002,14.620,35.175,0.00
1786298235,bench_mixed,0.00,0.00,0.0,0.000,0.002,14.620,35.174,0.00
1786298240,bench_mixed,0.00,0.00,0.0,0.000,0.002,14.620,35.174,0.00
1786298245,bench_mixed,0.00,0.00,0.0,0.000,0.002,14.620,35.173,0.00
1786298250,bench_mixed,0.00,0.00,0.0,0.000,0.002,14.620,35.173,0.00
1786298255,bench_mixed,0.00,0.00,0.0,0.000,0.002,14.620,35.173,0.00
1786298260,bench_mixed,0.00,0.00,0.0,0.000,0.002,14.620,35.173,0.00
1786298266,bench_mixed,0.00,0.00,0.0,0.000,0.002,14.620,35.176,0.00
1786298271,bench_mixed,0.00,0.00,0.0,0.000,0.002,14.620,35.175,0.00
1786298276,bench_mixed,0.00,0.00,0.0,0.000,0.002,14.620,35.174,0.00
1786298281,bench_mixed,0.00,0.00,0.0,0.000,0.002,14.620,35.174,0.00
1786298286,bench_mixed,0.00,0.00,0.0,0.000,0.002,14.620,35.175,0.00
1786298291,bench_mixed,0.00,0.00,0.0,0.000,0.002,14.620,35.175,0.00
1786298296,bench_mixed,0.00,0.00,0.0,0.000,0.002,14.620,35.174,0.00
1786298301,bench_mixed,0.00,0.00,0.0,0.000,0.002,14.620,35.175,0.00
1786298306,bench_mixed,0.00,0.00,0.0,0.000,0.002,14.620,35.167,0.00
1786298311,bench_mixed,0.00,0.00,0.0,0.000,0.002,14.620,35.167,0.00
1786298316,bench_mixed,0.00,0.00,0.0,0.000,0.002,14.620,35.166,0.00
1786298321,bench_mixed,0.00,0.00,0.0,0.000,0.002,14.620,35.167,0.00
1786298326,bench_mixed,0.00,0.00,0.0,0.000,0.002,14.620,35.166,0.00
1786298331,bench_mixed,0.00,0.00,0.0,0.000,0.002,14.620,35.166,0.00
1786298336,bench_mixed,0.00,0.00,0.0,0.000,0.002,14.620,35.169,0.00
1786298341,bench_mixed,0.00,0.00,0.0,0.000,0.002,14.620,35.167,0.00
1786298346,bench_mixed,0.00,0.00,0.0,0.000,0.002,14.620,35.167,0.00
1786298351,bench_mixed,0.00,0.00,0.0,0.000,0.002,14.620,35.167,0.00
1786298356,bench_mixed,0.00,0.00,0.0,0.000,0.002,14.620,35.166,0.00
1786298362,bench_mixed,0.00,0.00,0.0,0.000,0.002,14.620,35.166,0.00
1786298367,bench_mixed,0.00,0.00,0.0,0.000,0.002,14.620,35.165,0.00
1786298372,bench_mixed,0.00,0.00,0.0,0.000,0.002,14.620,35.166,0.00
1786298377,bench_mixed,0.00,0.00,0.0,0.000,0.002,14.620,35.168,0.00
1786298382,bench_mixed,0.00,0.00,0.0,0.000,0.002,14.620,35.167,0.00
1786298387,bench_mixed,0.00,0.00,0.0,0.000,0.002,14.620,35.165,0.00
1786298392,bench_mixed,0.00,0.00,0.0,0.000,0.002,14.620,35.166,0.00
1786298397,bench_mixed,0.00,0.00,0.0,0.000,0.002,14.620,35.166,0.00
1786298402,bench_mixed,0.00,0.00,0.0,0.000,0.002,14.620,35.165,0.00
1786298407,bench_mixed,0.00,0.00,0.0,0.000,0.002,14.620,35.152,0.05
1786298412,bench_mixed,0.00,0.00,0.0,0.000,0.002,14.620,35.152,0.01
1786298417,bench_mixed,0.00,0.00,0.0,0.000,0.002,14.620,35.154,0.00
1786298422,bench_mixed,0.00,0.00,0.0,0.000,0.002,14.620,35.154,0.00
1786298427,bench_mixed,0.00,0.00,0.0,0.000,0.002,14.620,35.158,0.00
1786298432,bench_mixed,0.00,0.00,0.0,0.000,0.002,14.620,35.157,0.00
1786298437,bench_mixed,0.00,0.00,0.0,0.000,0.002,14.620,35.156,0.00
1786298442,bench_mixed,0.00,0.00,0.0,0.000,0.002,14.620,35.157,0.00
1786298447,bench_mixed,0.00,0.00,0.0,0.000,0.002,14.620,35.154,0.00
1786298452,bench_mixed,0.00,0.00,0.0,0.000,0.002,14.620,35.156,0.00
1786298458,bench_mixed,0.00,0.00,0.0,0.000,0.002,14.620,35.155,0.00
1786298463,bench_mixed,0.00,0.00,0.0,0.000,0.002,14.620,35.155,0.00
1786298468,bench_mixed,0.00,0.00,0.0,0.000,0.002,14.620,35.158,0.00
1786298473,bench_mixed,0.00,0.00,0.0,0.000,0.002,14.620,35.158,0.00
1786298478,bench_mixed,0.00,0.00,0.0,0.000,0.002,14.620,35.159,0.00
1786298483,bench_mixed,0.00,0.00,0.0,0.000,0.002,14.620,35.159,0.00
1786298488,bench_mixed,0.00,0.00,0.0,0.000,0.002,14.620,35.158,0.00
1786298493,bench_mixed,0.00,0.00,0.0,0.000,0.002,14.620,35.157,0.00
1786298498,bench_mixed,0.00,0.00,0.0,0.000,0.002,14.620,35.154,0.00
1786298503,bench_mixed,0.00,0.00,0.0,0.000,0.002,14.620,35.162,0.00
1786298508,bench_mixed,0.00,0.00,0.0,0.000,0.002,14.620,35.161,0.00
1786298513,bench_mixed,0.00,0.00,0.0,0.000,0.002,14.620,35.164,0.00
1786298518,bench_mixed,0.00,0.00,0.0,0.000,0.002,14.620,35.164,0.00
1786298523,bench_mixed,0.00,0.00,0.0,0.000,0.002,14.620,35.167,0.00
1786298528,bench_mixed,0.00,0.00,0.0,0.000,0.002,14.620,35.168,0.00
1786298533,bench_mixed,0.00,0.00,0.0,0.000,0.002,14.620,35.167,0.00
1786298538,bench_mixed,0.00,0.00,0.0,0.000,0.002,14.620,35.168,0.00
1786298543,bench_mixed,0.00,0.00,0.0,0.000,0.002,14.620,35.170,0.00
1786298549,bench_mixed,0.00,0.00,0.0,0.000,0.002,14.620,35.170,0.00
1786298554,bench_mixed,0.00,0.00,0.0,0.000,0.002,14.620,35.170,0.00
1786298559,bench_mixed,0.00,0.00,0.0,0.000,0.002,14.620,35.170,0.00
1786298564,bench_mixed,0.00,0.00,0.0,0.000,0.002,14.620,35.171,0.00
1786298569,bench_mixed,0.00,0.00,0.0,0.000,0.002,14.620,35.171,0.00
1786298574,bench_mixed,0.00,0.00,0.0,0.000,0.002,14.620,35.171,0.00
1786298579,bench_mixed,0.00,0.00,0.0,0.000,0.002,14.620,35.171,0.00
1786298584,bench_mixed,0.00,0.00,0.0,0.000,0.002,14.620,35.171,0.00
1786298589,bench_mixed,0.00,0.00,0.0,0.000,0.002,14.620,35.171,0.00
1786298594,bench_mixed,0.00,0.00,0.0,0.000,0.002,14.620,35.171,0.00
1786298599,bench_mixed,0.00,0.00,0.0,0.000,0.002,14.620,35.171,0.00
1786298604,bench_mixed,0.00,0.00,0.0,0.000,0.002,14.620,35.169,0.00
1786298609,bench_mixed,0.00,0.00,0.0,0.000,0.002,14.620,35.169,0.00
1786298614,bench_mixed,0.00,0.00,0.0,0.000,0.002,14.620,35.168,0.00
1786298619,bench_mixed,0.00,0.00,0.0,0.000,0.002,14.620,35.168,0.00
1786298624,bench_mixed,0.00,0.00,0.0,0.000,0.002,14.620,35.168,0.00
1786298629,bench_mixed,0.00,0.00,0.0,0.000,0.002,14.620,35.170,0.00
1786298634,bench_mixed,0.00,0.00,0.0,0.000,0.002,14.620,35.168,0.00
1786298639,bench_mixed,0.00,0.00,0.0,0.000,0.002,14.620,35.168,0.00
1786298645,bench_mixed,0.00,0.00,0.0,0.000,0.002,14.620,35.166,0.00
1786298650,bench_mixed,0.00,0.00,0.0,0.000,0.002,14.620,35.166,0.00
1786298655,bench_mixed,0.00,0.00,0.0,0.000,0.002,14.620,35.167,0.00
1786298660,bench_mixed,0.00,0.00,0.0,0.000,0.002,14.620,35.167,0.00
1786298665,bench_mixed,0.00,0.00,0.0,0.000,0.002,14.620,35.167,0.00
1786298670,bench_mixed,0.00,0.00,0.0,0.000,0.002,14.620,35.167,0.00
1786298675,bench_mixed,0.00,0.00,0.0,0.000,0.002,14.620,35.165,0.00
1786298680,bench_mixed,0.00,0.00,0.0,0.000,0.002,14.620,35.165,0.00
1786298685,bench_mixed,0.00,0.00,0.0,0.000,0.002,14.620,35.167,0.00
1786298690,bench_mixed,0.00,0.00,0.0,0.000,0.002,14.620,35.167,0.00
1786298695,bench_mixed,0.00,0.00,0.0,0.000,0.002,14.620,35.167,0.00
1786298700,bench_mixed,0.00,0.00,0.0,0.000,0.002,14.620,35.167,0.00
1786298705,bench_mixed,0.00,0.00,0.0,0.000,0.002,14.620,35.165,0.00
1786298710,bench_mixed,0.00,0.00,0.0,0.000,0.002,14.620,35.152,0.05
1786298715,bench_mixed,0.00,0.00,0.0,0.000,0.002,14.620,35.154,0.00
1786298720,bench_mixed,0.00,0.00,0.0,0.000,0.002,14.620,35.154,0.00
1786298725,bench_mixed,0.00,0.00,0.0,0.000,0.002,14.620,35.160,0.00
1786298730,bench_mixed,0.00,0.00,0.0,0.000,0.002,14.620,35.161,0.00
1786298735,bench_mixed,0.00,0.00,0.0,0.000,0.002,14.620,35.160,0.00
1786298741,bench_mixed,0.00,0.00,0.0,0.000,0.002,14.620,35.161,0.00
1786298746,bench_mixed,0.00,0.00,0.0,0.000,0.002,14.620,35.162,0.00
1786298751,bench_mixed,0.00,0.00,0.0,0.000,0.002,14.620,35.162,0.00
1786298756,bench_mixed,0.00,0.00,0.0,0.000,0.002,14.620,35.162,0.00
1786298761,bench_mixed,0.00,0.00,0.0,0.000,0.002,14.620,35.162,0.00
1786298766,bench_mixed,0.00,0.00,0.0,0.000,0.002,14.620,35.161,0.00
1786298771,bench_mixed,0.00,0.00,0.0,0.000,0.002,14.620,35.161,0.00
1786298776,bench_mixed,0.00,0.00,0.0,0.000,0.002,14.620,35.160,0.00
1786298781,bench_mixed,0.00,0.00,0.0,0.000,0.002,14.620,35.161,0.00
1786298786,bench_mixed,0.00,0.00,0.0,0.000,0.002,14.620,35.158,0.00
1786298791,bench_mixed,0.00,0.00,0.0,0.000,0.002,14.620,35.159,0.00
1786298796,bench_mixed,0.00,0.00,0.0,0.000,0.002,14.620,35.163,0.00
1786298801,bench_mixed,0.00,0.00,0.0,0.000,0.002,14.620,35.164,0.00
1786298806,bench_mixed,0.00,0.00,0.0,0.000,0.002,14.620,35.164,0.00
1786298811,bench_mixed,0.00,0.00,0.0,0.000,0.002,14.620,35.164,0.00
1786298816,bench_mixed,0.00,0.00,0.0,0.000,0.002,14.620,35.164,0.00
1786298821,bench_mixed,0.00,0.00,0.0,0.000,0.002,14.620,35.165,0.00
1786298826,bench_mixed,0.00,0.00,0.0,0.000,0.002,14.620,35.165,0.00
1786298831,bench_mixed,0.00,0.00,0.0,0.000,0.002,14.620,35.165,0.00
1786298837,bench_mixed,0.00,0.00,0.0,0.000,0.002,14.620,35.166,0.00
1786298842,bench_mixed,0.00,0.00,0.0,0.000,0.002,14.620,35.166,0.00
1786298847,bench_mixed,0.00,0.00,0.0,0.000,0.002,14.620,35.165,0.00
1786298852,bench_mixed,0.00,0.00,0.0,0.000,0.002,14.620,35.165,0.00
1786298857,bench_mixed,0.00,0.00,0.0,0.000,0.002,14.620,35.158,0.00
1786298862,bench_mixed,0.00,0.00,0.0,0.000,0.002,14.620,35.167,0.00
1786298867,bench_mixed,0.00,0.00,0.0,0.000,0.002,14.620,35.167,0.00
1786298872,bench_mixed,0.00,0.00,0.0,0.000,0.002,14.620,35.169,0.00
1786298877,bench_mixed,0.00,0.00,0.0,0.000,0.002,14.620,35.168,0.00
1786298882,bench_mixed,0.00,0.00,0.0,0.000,0.002,14.620,35.169,0.00
1786298887,bench_mixed,0.00,0.00,0.0,0.000,0.002,14.620,35.169,0.00
1786298892,bench_mixed,0.00,0.00,0.0,0.000,0.002,14.620,35.168,0.00
1786298897,bench_mixed,0.00,0.00,0.0,0.000,0.002,14.620,35.168,0.00
1786298902,bench_mixed,0.00,0.00,0.0,0.000,0.002,14.620,35.169,0.00
1786298907,bench_mixed,0.00,0.00,0.0,0.000,0.002,14.620,35.169,0.00
1786298912,bench_mixed,0.00,0.00,0.0,0.000,0.002,14.620,35.170,0.00
1786298917,bench_mixed,0.00,0.00,0.0,0.000,0.002,14.620,35.170,0.00
1786298922,bench_mixed,0.00,0.00,0.0,0.000,0.002,14.620,35.172,0.00
1786298928,bench_mixed,0.00,0.00,0.0,0.000,0.002,14.620,35.173,0.00
1786298933,bench_mixed,0.00,0.00,0.0,0.000,0.002,14.620,35.176,0.00
1786298938,bench_mixed,0.00,0.00,0.0,0.000,0.002,14.620,35.176,0.00
1786298943,bench_mixed,0.00,0.00,0.0,0.000,0.002,14.620,35.176,0.00
1786298948,bench_mixed,0.00,0.00,0.0,0.000,0.002,14.620,35.176,0.00
1786298953,bench_mixed,0.00,0.00,0.0,0.000,0.002,14.620,35.175,0.00
1786298958,bench_mixed,0.00,0.00,0.0,0.000,0.002,14.620,35.174,0.00
1786298963,bench_mixed,0.00,0.00,0.0,0.000,0.002,14.620,35.174,0.00
1786298968,bench_mixed,0.00,0.00,0.0,0.000,0.002,14.620,35.175,0.00
1786298973,bench_mixed,0.00,0.00,0.0,0.000,0.002,14.620,35.174,0.00
1786298978,bench_mixed,0.00,0.00,0.0,0.000,0.002,14.620,35.174,0.00
1786298983,bench_mixed,0.00,0.00,0.0,0.000,0.002,14.620,35.174,0.00
1786298988,bench_mixed,0.00,0.00,0.0,0.000,0.002,14.620,35.173,0.00
1786298993,bench_mixed,0.00,0.00,0.0,0.000,0.002,14.620,35.176,0.00
1786298998,bench_mixed,0.00,0.00,0.0,0.000,0.002,14.620,35.175,0.00
1786299003,bench_mixed,0.00,0.00,0.0,0.000,0.002,14.620,35.173,0.00
1786299008,bench_mixed,0.00,0.00,0.0,0.000,0.002,14.620,35.157,0.06
1786299013,bench_mixed,0.00,0.00,0.0,0.000,0.002,14.620,35.156,0.00
1786299018,bench_mixed,0.00,0.00,0.0,0.000,0.002,14.620,35.157,0.00
1786299024,bench_mixed,0.00,0.00,0.0,0.000,0.002,14.620,35.159,0.00
1786299029,bench_mixed,0.00,0.00,0.0,0.000,0.002,14.620,35.159,0.00
1786299034,bench_mixed,0.00,0.00,0.0,0.000,0.002,14.620,35.161,0.00
1786299039,bench_mixed,0.00,0.00,0.0,0.000,0.002,14.620,35.162,0.00
1786299044,bench_mixed,0.00,0.00,0.0,0.000,0.002,14.620,35.160,0.00
1786299049,bench_mixed,0.00,0.00,0.0,0.000,0.002,14.620,35.160,0.00
1786299054,bench_mixed,0.00,0.00,0.0,0.000,0.002,14.620,35.161,0.00
1786299059,bench_mixed,0.00,0.00,0.0,0.000,0.002,14.620,35.162,0.00
1786299064,bench_mixed,0.00,0.00,0.0,0.000,0.002,14.620,35.162,0.00
1786299069,bench_mixed,0.00,0.00,0.0,0.000,0.002,14.620,35.161,0.00
1786299074,bench_mixed,0.00,0.00,0.0,0.000,0.002,14.620,35.161,0.00
1786299079,bench_mixed,0.00,0.00,0.0,0.000,0.002,14.620,35.161,0.00
1786299084,bench_mixed,0.00,0.00,0.0,0.000,0.002,14.620,35.159,0.00
1786299089,bench_mixed,0.00,0.00,0.0,0.000,0.002,14.620,35.159,0.00
1786299094,bench_mixed,0.00,0.00,0.0,0.000,0.002,14.620,35.159,0.00
1786299099,bench_mixed,0.00,0.00,0.0,0.000,0.002,14.620,35.160,0.00
1786299104,bench_mixed,0.00,0.00,0.0,0.000,0.002,14.620,35.162,0.00
1786299109,bench_mixed,0.00,0.00,0.0,0.000,0.002,14.620,35.162,0.00
1786299114,bench_mixed,0.00,0.00,0.0,0.000,0.002,14.620,35.161,0.00
1786299120,bench_mixed,0.00,0.00,0.0,0.000,0.002,14.620,35.162,0.00
1786299125,bench_mixed,0.00,0.00,0.0,0.000,0.002,14.620,35.160,0.00
1786299130,bench_mixed,0.00,0.00,0.0,0.000,0.002,14.620,35.160,0.00
1786299135,bench_mixed,0.00,0.00,0.0,0.000,0.002,14.620,35.161,0.00
1786299140,bench_mixed,0.00,0.00,0.0,0.000,0.002,14.620,35.162,0.00
1786299145,bench_mixed,0.00,0.00,0.0,0.000,0.002,14.620,35.163,0.00
1786299150,bench_mixed,0.00,0.00,0.0,0.000,0.002,14.620,35.163,0.00
1786299155,bench_mixed,0.00,0.00,0.0,0.000,0.002,14.620,35.163,0.00
1786299160,bench_mixed,0.00,0.00,0.0,0.000,0.002,14.620,35.163,0.00
1786299165,bench_mixed,0.00,0.00,0.0,0.000,0.002,14.620,35.166,0.00
1786299170,bench_mixed,0.00,0.00,0.0,0.000,0.002,14.620,35.167,0.00
1786299175,bench_mixed,0.00,0.00,0.0,0.000,0.002,14.620,35.165,0.00
1786299180,bench_mixed,0.00,0.00,0.0,0.000,0.002,14.620,35.165,0.00
1786299185,bench_mixed,0.00,0.00,0.0,0.000,0.002,14.620,35.164,0.00
1786299190,bench_mixed,0.00,0.00,0.0,0.000,0.002,14.620,35.165,0.00
1786299195,bench_mixed,0.00,0.00,0.0,0.000,0.002,14.620,35.170,0.00
1786299200,bench_mixed,0.00,0.00,0.0,0.000,0.002,14.620,35.170,0.00
1786299205,bench_mixed,0.00,0.00,0.0,0.000,0.002,14.620,35.168,0.00
1786299210,bench_mixed,0.00,0.00,0.0,0.000,0.002,14.620,35.168,0.00
1786299216,bench_mixed,0.00,0.00,0.0,0.000,0.002,14.620,35.157,0.00
1786299221,bench_mixed,0.00,0.00,0.0,0.000,0.002,14.620,35.167,0.00
1786299226,bench_mixed,0.00,0.00,0.0,0.000,0.002,14.620,35.167,0.00
1786299231,bench_mixed,0.00,0.00,0.0,0.000,0.002,14.620,35.169,0.00
1786299236,bench_mixed,0.00,0.00,0.0,0.000,0.002,14.620,35.170,0.00
1786299241,bench_mixed,0.00,0.00,0.0,0.000,0.002,14.620,35.168,0.00
1786299246,bench_mixed,0.00,0.00,0.0,0.000,0.002,14.620,35.168,0.00
1786299251,bench_mixed,0.00,0.00,0.0,0.000,0.002,14.620,35.169,0.00
1786299256,bench_mixed,0.00,0.00,0.0,0.000,0.002,14.620,35.170,0.00
1786299261,bench_mixed,0.00,0.00,0.0,0.000,0.002,14.620,35.167,0.00
1786299266,bench_mixed,0.00,0.00,0.0,0.000,0.002,14.620,35.167,0.00
1786299271,bench_mixed,0.00,0.00,0.0,0.000,0.002,14.620,35.166,0.00
1786299276,bench_mixed,0.00,0.00,0.0,0.000,0.002,14.620,35.166,0.00
1786299281,bench_mixed,0.00,0.00,0.0,0.000,0.002,14.620,35.164,0.00
1786299286,bench_mixed,0.00,0.00,0.0,0.000,0.002,14.620,35.164,0.00
1786299291,bench_mixed,0.00,0.00,0.0,0.000,0.002,14.620,35.166,0.00
1786299296,bench_mixed,0.00,0.00,0.0,0.000,0.002,14.620,35.166,0.00
1786299301,bench_mixed,0.00,0.00,0.0,0.000,0.002,14.620,35.162,0.00
1786299306,bench_mixed,0.00,0.00,0.0,0.000,0.002,14.620,35.152,0.04
1786299312,bench_mixed,0.00,0.00,0.0,0.000,0.002,14.620,35.156,0.02
1786299317,bench_mixed,0.00,0.00,0.0,0.000,0.002,14.620,35.157,0.00
1786299322,bench_mixed,0.00,0.00,0.0,0.000,0.002,14.620,35.158,0.00
1786299327,bench_mixed,0.00,0.00,0.0,0.000,0.002,14.620,35.158,0.00
1786299332,bench_mixed,0.00,0.00,0.0,0.000,0.002,14.620,35.159,0.00
1786299337,bench_mixed,0.00,0.00,0.0,0.000,0.002,14.620,35.160,0.00
1786299342,bench_mixed,0.00,0.00,0.0,0.000,0.002,14.620,35.159,0.00
1786299347,bench_mixed,0.00,0.00,0.0,0.000,0.002,14.620,35.159,0.00
1786299352,bench_mixed,0.00,0.00,0.0,0.000,0.002,14.620,35.163,0.00
1786299357,bench_mixed,0.00,0.00,0.0,0.000,0.002,14.620,35.163,0.00
1786299362,bench_mixed,0.00,0.00,0.0,0.000,0.002,14.620,35.164,0.00
1786299367,bench_mixed,0.00,0.00,0.0,0.000,0.002,14.620,35.164,0.00
1786299372,bench_mixed,0.00,0.00,0.0,0.000,0.002,14.620,35.163,0.00
1786299377,bench_mixed,0.00,0.00,0.0,0.000,0.002,14.620,35.165,0.00
1786299382,bench_mixed,0.00,0.00,0.0,0.000,0.002,14.620,35.163,0.00
1786299387,bench_mixed,0.00,0.00,0.0,0.000,0.002,14.620,35.162,0.00
1786299392,bench_mixed,0.00,0.00,0.0,0.000,0.002,14.620,35.166,0.00
1786299397,bench_mixed,0.00,0.00,0.0,0.000,0.002,14.620,35.167,0.00
1786299403,bench_mixed,0.00,0.00,0.0,0.000,0.002,14.620,35.168,0.00
1786299408,bench_mixed,0.00,0.00,0.0,0.000,0.002,14.620,35.169,0.00
1786299413,bench_mixed,0.00,0.00,0.0,0.000,0.002,14.620,35.169,0.00
1786299418,bench_mixed,0.00,0.00,0.0,0.000,0.002,14.620,35.169,0.00
1786299423,bench_mixed,0.00,0.00,0.0,0.000,0.002,14.620,35.168,0.00
1786299428,bench_mixed,0.00,0.00,0.0,0.000,0.002,14.620,35.168,0.00
1786299433,bench_mixed,0.00,0.00,0.0,0.000,0.002,14.620,35.169,0.00
1786299438,bench_mixed,0.00,0.00,0.0,0.000,0.002,14.620,35.168,0.00
1786299443,bench_mixed,0.00,0.00,0.0,0.000,0.002,14.620,35.170,0.00
1786299448,bench_mixed,0.00,0.00,0.0,0.000,0.002,14.620,35.170,0.00
1786299453,bench_mixed,0.00,0.00,0.0,0.000,0.002,14.620,35.172,0.00
1786299458,bench_mixed,0.00,0.00,0.0,0.000,0.002,14.620,35.172,0.00
1786299463,bench_mixed,0.00,0.00,0.0,0.000,0.002,14.620,35.173,0.00
1786299468,bench_mixed,0.00,0.00,0.0,0.000,0.002,14.620,35.173,0.00
1786299473,bench_mixed,0.00,0.00,0.0,0.000,0.002,14.620,35.174,0.00
1786299478,bench_mixed,0.00,0.00,0.0,0.000,0.002,14.620,35.174,0.00
1786299483,bench_mixed,0.00,0.00,0.0,0.000,0.002,14.620,35.175,0.00
1786299488,bench_mixed,0.00,0.00,0.0,0.000,0.002,14.620,35.175,0.00
1786299493,bench_mixed,0.00,0.00,0.0,0.000,0.002,14.620,35.174,0.00
1786299499,bench_mixed,0.00,0.00,0.0,0.000,0.002,14.620,35.175,0.00
1786299504,bench_mixed,0.00,0.00,0.0,0.000,0.002,14.620,35.174,0.00
1786299509,bench_mixed,0.00,0.00,0.0,0.000,0.002,14.620,35.175,0.00
1786299514,bench_mixed,0.00,0.00,0.0,0.000,0.002,14.620,35.172,0.00
1786299519,bench_mixed,0.00,0.00,0.0,0.000,0.002,14.620,35.173,0.00
1786299524,bench_mixed,0.00,0.00,0.0,0.000,0.002,14.620,35.175,0.00
1786299529,bench_mixed,0.00,0.00,0.0,0.000,0.002,14.620,35.176,0.00
1786299534,bench_mixed,0.00,0.00,0.0,0.000,0.002,14.620,35.178,0.00
1786299539,bench_mixed,0.00,0.00,0.0,0.000,0.002,14.620,35.177,0.00
1786299544,bench_mixed,0.00,0.00,0.0,0.000,0.002,14.620,35.173,0.00
1786299549,bench_mixed,0.00,0.00,0.0,0.000,0.002,14.620,35.173,0.00
1786299554,bench_mixed,0.00,0.00,0.0,0.000,0.002,14.620,35.171,0.00
1786299559,bench_mixed,0.00,0.00,0.0,0.000,0.002,14.620,35.172,0.00
1786299564,bench_mixed,0.00,0.00,0.0,0.000,0.002,14.620,35.170,0.00
1786299569,bench_mixed,0.00,0.00,0.0,0.000,0.002,14.620,35.171,0.00
1786299574,bench_mixed,0.00,0.00,0.0,0.000,0.002,14.620,35.169,0.00
1786299579,bench_mixed,0.00,0.00,0.0,0.000,0.002,14.620,35.170,0.00
1786299584,bench_mixed,0.00,0.00,0.0,0.000,0.002,14.620,35.171,0.00
1786299589,bench_mixed,0.00,0.00,0.0,0.000,0.002,14.620,35.168,0.00
1786299595,bench_mixed,0.00,0.00,0.0,0.000,0.002,14.620,35.168,0.00
1786299600,bench_mixed,0.00,0.00,0.0,0.000,0.002,14.620,35.169,0.00
1786299605,bench_mixed,0.00,0.00,0.0,0.000,0.002,14.620,35.169,0.00
1786299610,bench_mixed,0.00,0.00,0.0,0.000,0.002,14.620,35.156,0.06
1786299615,bench_mixed,0.00,0.00,0.0,0.000,0.002,14.620,35.156,0.00
1786299620,bench_mixed,0.00,0.00,0.0,0.000,0.002,14.620,35.159,0.00
1786299625,bench_mixed,0.00,0.00,0.0,0.000,0.002,14.620,35.159,0.00
1786299630,bench_mixed,0.00,0.00,0.0,0.000,0.002,14.620,35.162,0.00
1786299635,bench_mixed,0.00,0.00,0.0,0.000,0.002,14.620,35.161,0.00
1786299640,bench_mixed,0.00,0.00,0.0,0.000,0.002,14.620,35.161,0.00
1786299645,bench_mixed,0.00,0.00,0.0,0.000,0.002,14.620,35.161,0.00
1786299650,bench_mixed,0.00,0.00,0.0,0.000,0.002,14.620,35.163,0.00
1786299655,bench_mixed,0.00,0.00,0.0,0.000,0.002,14.620,35.163,0.00
1786299660,bench_mixed,0.00,0.00,0.0,0.000,0.002,14.620,35.162,0.00
1786299665,bench_mixed,0.00,0.00,0.0,0.000,0.002,14.620,35.162,0.00
1786299670,bench_mixed,0.00,0.00,0.0,0.000,0.002,14.620,35.162,0.00
1786299675,bench_mixed,0.00,0.00,0.0,0.000,0.002,14.620,35.163,0.00
1786299680,bench_mixed,0.00,0.00,0.0,0.000,0.002,14.620,35.163,0.00
1786299685,bench_mixed,0.00,0.00,0.0,0.000,0.002,14.620,35.163,0.00
1786299691,bench_mixed,0.00,0.00,0.0,0.000,0.002,14.620,35.161,0.00
1786299696,bench_mixed,0.00,0.00,0.0,0.000,0.002,14.620,35.161,0.00
1786299701,bench_mixed,0.00,0.00,0.0,0.000,0.002,14.620,35.162,0.00
1786299706,bench_mixed,0.00,0.00,0.0,0.000,0.002,14.620,35.162,0.00
1786299711,bench_mixed,0.00,0.00,0.0,0.000,0.002,14.620,35.162,0.00
1786299716,bench_mixed,0.00,0.00,0.0,0.000,0.002,14.620,35.162,0.00
1786299721,bench_mixed,0.00,0.00,0.0,0.000,0.002,14.620,35.165,0.00
1786299726,bench_mixed,0.00,0.00,0.0,0.000,0.002,14.620,35.165,0.00
1786299731,bench_mixed,0.00,0.00,0.0,0.000,0.002,14.620,35.164,0.00
1786299736,bench_mixed,0.00,0.00,0.0,0.000,0.002,14.620,35.163,0.00
1786299741,bench_mixed,0.00,0.00,0.0,0.000,0.002,14.620,35.163,0.00
1786299746,bench_mixed,0.00,0.00,0.0,0.000,0.002,14.620,35.164,0.00
1786299751,bench_mixed,0.00,0.00,0.0,0.000,0.002,14.620,35.168,0.00
1786299756,bench_mixed,0.00,0.00,0.0,0.000,0.002,14.620,35.169,0.00
1786299761,bench_mixed,0.00,0.00,0.0,0.000,0.002,14.620,35.169,0.00
1786299766,bench_mixed,0.00,0.00,0.0,0.000,0.002,14.620,35.169,0.00
1786299771,bench_mixed,0.00,0.00,0.0,0.000,0.002,14.620,35.170,0.00
1786299776,bench_mixed,0.00,0.00,0.0,0.000,0.002,14.620,35.170,0.00
1786299782,bench_mixed,0.00,0.00,0.0,0.000,0.002,14.620,35.171,0.00
1786299787,bench_mixed,0.00,0.00,0.0,0.000,0.002,14.620,35.171,0.00
1786299792,bench_mixed,0.00,0.00,0.0,0.000,0.002,14.620,35.170,0.00
1786299797,bench_mixed,0.00,0.00,0.0,0.000,0.002,14.620,35.170,0.00
1786299802,bench_mixed,0.00,0.00,0.0,0.000,0.002,14.620,35.169,0.00
1786299807,bench_mixed,0.00,0.00,0.0,0.000,0.002,14.620,35.168,0.00
1786299812,bench_mixed,0.00,0.00,0.0,0.000,0.002,14.620,35.168,0.00
1786299817,bench_mixed,0.00,0.00,0.0,0.000,0.002,14.620,35.168,0.00
1786299822,bench_mixed,0.00,0.00,0.0,0.000,0.002,14.620,35.171,0.00
1786299827,bench_mixed,0.00,0.00,0.0,0.000,0.002,14.620,35.170,0.00
1786299832,bench_mixed,0.00,0.00,0.0,0.000,0.002,14.620,35.170,0.00
1786299837,bench_mixed,0.00,0.00,0.0,0.000,0.002,14.620,35.171,0.00
1786299842,bench_mixed,0.00,0.00,0.0,0.000,0.002,14.620,35.170,0.00
1786299847,bench_mixed,0.00,0.00,0.0,0.000,0.002,14.620,35.170,0.00
1786299852,bench_mixed,0.00,0.00,0.0,0.000,0.002,14.620,35.171,0.00
1786299857,bench_mixed,0.00,0.00,0.0,0.000,0.002,14.620,35.171,0.00
1786299862,bench_mixed,0.00,0.00,0.0,0.000,0.002,14.620,35.169,0.00
1786299867,bench_mixed,0.00,0.00,0.0,0.000,0.002,14.620,35.171,0.00
1786299872,bench_mixed,0.00,0.00,0.0,0.000,0.002,14.620,35.171,0.00
1786299878,bench_mixed,0.00,0.00,0.0,0.000,0.002,14.620,35.172,0.00
1786299883,bench_mixed,0.00,0.00,0.0,0.000,0.002,14.620,35.170,0.00
1786299888,bench_mixed,0.00,0.00,0.0,0.000,0.002,14.620,35.171,0.00
1786299893,bench_mixed,0.00,0.00,0.0,0.000,0.002,14.620,35.169,0.00
1786299898,bench_mixed,0.00,0.00,0.0,0.000,0.002,14.620,35.170,0.00
1786299903,bench_mixed,0.00,0.00,0.0,0.000,0.002,14.620,35.171,0.00
1786299908,bench_mixed,0.00,0.00,0.0,0.000,0.002,14.620,35.156,0.05
1786299913,bench_mixed,0.00,0.00,0.0,0.000,0.002,14.620,35.158,0.00
1786299918,bench_mixed,0.00,0.00,0.0,0.000,0.002,14.620,35.160,0.00
1786299923,bench_mixed,0.00,0.00,0.0,0.000,0.002,14.620,35.163,0.00
1786299928,bench_mixed,0.00,0.00,0.0,0.000,0.002,14.620,35.163,0.00
1786299933,bench_mixed,0.00,0.00,0.0,0.000,0.002,14.620,35.166,0.00
1786299938,bench_mixed,0.00,0.00,0.0,0.000,0.002,14.620,35.166,0.00
1786299943,bench_mixed,0.00,0.00,0.0,0.000,0.002,14.620,35.166,0.00
1786299948,bench_mixed,0.00,0.00,0.0,0.000,0.002,14.620,35.167,0.00
1786299953,bench_mixed,0.00,0.00,0.0,0.000,0.002,14.620,35.167,0.00
1786299958,bench_mixed,0.00,0.00,0.0,0.000,0.002,14.620,35.167,0.00
1786299963,bench_mixed,0.00,0.00,0.0,0.000,0.002,14.620,35.167,0.00
1786299968,bench_mixed,0.00,0.00,0.0,0.000,0.002,14.620,35.165,0.00
1786299974,bench_mixed,0.00,0.00,0.0,0.000,0.002,14.620,35.165,0.00
1786299979,bench_mixed,0.00,0.00,0.0,0.000,0.002,14.620,35.166,0.00
1786299984,bench_mixed,0.00,0.00,0.0,0.000,0.002,14.620,35.167,0.00
1786299989,bench_mixed,0.00,0.00,0.0,0.000,0.002,14.620,35.166,0.00
1786299994,bench_mixed,0.00,0.00,0.0,0.000,0.002,14.620,35.166,0.00
1786299999,bench_mixed,0.00,0.00,0.0,0.000,0.002,14.620,35.171,0.00
1786300004,bench_mixed,0.00,0.00,0.0,0.000,0.002,14.620,35.170,0.00
1786300009,bench_mixed,0.00,0.00,0.0,0.000,0.002,14.620,35.173,0.00
1786300014,bench_mixed,0.00,0.00,0.0,0.000,0.002,14.620,35.174,0.00
1786300019,bench_mixed,0.00,0.00,0.0,0.000,0.002,14.620,35.174,0.00
1786300024,bench_mixed,0.00,0.00,0.0,0.000,0.002,14.620,35.173,0.00
1786300029,bench_mixed,0.00,0.00,0.0,0.000,0.002,14.620,35.174,0.00
1786300034,bench_mixed,0.00,0.00,0.0,0.000,0.002,14.620,35.174,0.00
1786300039,bench_mixed,0.00,0.00,0.0,0.000,0.002,14.620,35.174,0.00
1786300044,bench_mixed,0.00,0.00,0.0,0.000,0.002,14.620,35.175,0.00
1786300049,bench_mixed,0.00,0.00,0.0,0.000,0.002,14.620,35.173,0.00
1786300054,bench_mixed,0.00,0.00,0.0,0.000,0.002,14.620,35.173,0.00
1786300059,bench_mixed,0.00,0.00,0.0,0.000,0.002,14.620,35.173,0.00
1786300064,bench_mixed,0.00,0.00,0.0,0.000,0.002,14.620,35.173,0.00
1786300070,bench_mixed,0.00,0.00,0.0,0.000,0.002,14.620,35.168,0.00
1786300075,bench_mixed,0.00,0.00,0.0,0.000,0.002,14.620,35.169,0.00
1786300080,bench_mixed,0.00,0.00,0.0,0.000,0.002,14.620,35.170,0.00
1786300085,bench_mixed,0.00,0.00,0.0,0.000,0.002,14.620,35.170,0.00
1786300090,bench_mixed,0.00,0.00,0.0,0.000,0.002,14.620,35.170,0.00
1786300095,bench_mixed,0.00,0.00,0.0,0.000,0.002,14.620,35.170,0.00
1786300100,bench_mixed,0.00,0.00,0.0,0.000,0.002,14.620,35.169,0.00
1786300105,bench_mixed,0.00,0.00,0.0,0.000,0.002,14.620,35.169,0.00
1786300110,bench_mixed,0.00,0.00,0.0,0.000,0.002,14.620,35.170,0.00
1786300115,bench_mixed,0.00,0.00,0.0,0.000,0.002,14.620,35.169,0.00
1786300120,bench_mixed,0.00,0.00,0.0,0.000,0.002,14.620,35.168,0.00
1786300125,bench_mixed,0.00,0.00,0.0,0.000,0.002,14.620,35.167,0.00
1786300130,bench_mixed,0.00,0.00,0.0,0.000,0.002,14.620,35.165,0.00
1786300135,bench_mixed,0.00,0.00,0.0,0.000,0.002,14.620,35.165,0.00
1786300140,bench_mixed,0.00,0.00,0.0,0.000,0.002,14.620,35.165,0.00
1786300145,bench_mixed,0.00,0.00,0.0,0.000,0.002,14.620,35.165,0.00
1786300150,bench_mixed,0.00,0.00,0.0,0.000,0.002,14.620,35.165,0.00
1786300155,bench_mixed,0.00,0.00,0.0,0.000,0.002,14.620,35.165,0.00
1786300161,bench_mixed,0.00,0.00,0.0,0.000,0.002,14.620,35.165,0.00
1786300166,bench_mixed,0.00,0.00,0.0,0.000,0.002,14.620,35.165,0.00
1786300171,bench_mixed,0.00,0.00,0.0,0.000,0.002,14.620,35.165,0.00
1786300176,bench_mixed,0.00,0.00,0.0,0.000,0.002,14.620,35.165,0.00
1786300181,bench_mixed,0.00,0.00,0.0,0.000,0.002,14.620,35.166,0.00
1786300186,bench_mixed,0.00,0.00,0.0,0.000,0.002,14.620,35.166,0.00
1786300191,bench_mixed,0.00,0.00,0.0,0.000,0.002,14.620,35.167,0.00
1786300196,bench_mixed,0.00,0.00,0.0,0.000,0.002,14.620,35.167,0.00
1786300201,bench_mixed,0.00,0.00,0.0,0.000,0.002,14.620,35.167,0.00
1786300206,bench_mixed,0.00,0.00,0.0,0.000,0.002,14.620,35.155,0.03
1786300211,bench_mixed,0.00,0.00,0.0,0.000,0.002,14.620,35.154,0.02
1786300216,bench_mixed,0.00,0.00,0.0,0.000,0.002,14.620,35.154,0.00
1786300221,bench_mixed,0.00,0.00,0.0,0.000,0.002,14.620,35.157,0.00
1786300226,bench_mixed,0.00,0.00,0.0,0.000,0.002,14.620,35.157,0.00
1786300231,bench_mixed,0.00,0.00,0.0,0.000,0.002,14.620,35.158,0.00
1786300236,bench_mixed,0.00,0.00,0.0,0.000,0.002,14.620,35.159,0.00
1786300241,bench_mixed,0.00,0.00,0.0,0.000,0.002,14.620,35.161,0.00
1786300246,bench_mixed,0.00,0.00,0.0,0.000,0.002,14.620,35.161,0.00
1786300251,bench_mixed,0.00,0.00,0.0,0.000,0.002,14.620,35.162,0.00
1786300257,bench_mixed,0.00,0.00,0.0,0.000,0.002,14.620,35.163,0.00
1786300262,bench_mixed,0.00,0.00,0.0,0.000,0.002,14.620,35.164,0.00
1786300267,bench_mixed,0.00,0.00,0.0,0.000,0.002,14.620,35.164,0.00
1786300272,bench_mixed,0.00,0.00,0.0,0.000,0.002,14.620,35.164,0.00
1786300277,bench_mixed,0.00,0.00,0.0,0.000,0.002,14.620,35.164,0.00
1786300282,bench_mixed,0.00,0.00,0.0,0.000,0.002,14.620,35.163,0.00
1786300287,bench_mixed,0.00,0.00,0.0,0.000,0.002,14.620,35.164,0.00
1786300292,bench_mixed,0.00,0.00,0.0,0.000,0.002,14.620,35.163,0.00
1786300297,bench_mixed,0.00,0.00,0.0,0.000,0.002,14.620,35.163,0.00
1786300302,bench_mixed,0.00,0.00,0.0,0.000,0.002,14.620,35.159,0.00
1786300307,bench_mixed,0.00,0.00,0.0,0.000,0.002,14.620,35.163,0.00
1786300312,bench_mixed,0.00,0.00,0.0,0.000,0.002,14.620,35.163,0.00
1786300317,bench_mixed,0.00,0.00,0.0,0.000,0.002,14.620,35.163,0.00
1786300322,bench_mixed,0.00,0.00,0.0,0.000,0.002,14.620,35.163,0.00
1786300327,bench_mixed,0.00,0.00,0.0,0.000,0.002,14.620,35.163,0.00
1786300332,bench_mixed,0.00,0.00,0.0,0.000,0.002,14.620,35.163,0.00
1786300337,bench_mixed,0.00,0.00,0.0,0.000,0.002,14.620,35.166,0.00
1786300342,bench_mixed,0.00,0.00,0.0,0.000,0.002,14.620,35.166,0.00
1786300347,bench_mixed,0.00,0.00,0.0,0.000,0.002,14.620,35.165,0.00
1786300353,bench_mixed,0.00,0.00,0.0,0.000,0.002,14.620,35.165,0.00
1786300358,bench_mixed,0.00,0.00,0.0,0.000,0.002,14.620,35.164,0.00
1786300363,bench_mixed,0.00,0.00,0.0,0.000,0.002,14.620,35.165,0.00
1786300368,bench_mixed,0.00,0.00,0.0,0.000,0.002,14.620,35.168,0.00
1786300373,bench_mixed,0.00,0.00,0.0,0.000,0.002,14.620,35.168,0.00
1786300378,bench_mixed,0.00,0.00,0.0,0.000,0.002,14.620,35.168,0.00
1786300383,bench_mixed,0.00,0.00,0.0,0.000,0.002,14.620,35.168,0.00
1786300388,bench_mixed,0.00,0.00,0.0,0.000,0.002,14.620,35.168,0.00
1786300393,bench_mixed,0.00,0.00,0.0,0.000,0.002,14.620,35.168,0.00
1786300398,bench_mixed,0.00,0.00,0.0,0.000,0.002,14.620,35.168,0.00
1786300403,bench_mixed,0.00,0.00,0.0,0.000,0.002,14.620,35.169,0.00
1786300408,bench_mixed,0.00,0.00,0.0,0.000,0.002,14.620,35.168,0.00
1786300413,bench_mixed,0.00,0.00,0.0,0.000,0.002,14.620,35.168,0.00
1786300418,bench_mixed,0.00,0.00,0.0,0.000,0.002,14.620,35.170,0.00
1786300423,bench_mixed,0.00,0.00,0.0,0.000,0.002,14.620,35.171,0.00
1786300428,bench_mixed,0.00,0.00,0.0,0.000,0.002,14.620,35.168,0.00
1786300433,bench_mixed,0.00,0.00,0.0,0.000,0.002,14.620,35.167,0.00
1786300438,bench_mixed,0.00,0.00,0.0,0.000,0.002,14.620,35.171,0.00
1786300443,bench_mixed,0.00,0.00,0.0,0.000,0.002,14.620,35.171,0.00
1786300449,bench_mixed,0.00,0.00,0.0,0.000,0.002,14.620,35.170,0.00
1786300454,bench_mixed,0.00,0.00,0.0,0.000,0.002,14.620,35.170,0.00
1786300459,bench_mixed,0.00,0.00,0.0,0.000,0.002,14.620,35.172,0.00
1786300464,bench_mixed,0.00,0.00,0.0,0.000,0.002,14.620,35.172,0.00
1786300469,bench_mixed,0.00,0.00,0.0,0.000,0.002,14.620,35.172,0.00
1786300474,bench_mixed,0.00,0.00,0.0,0.000,0.002,14.620,35.173,0.00
1786300479,bench_mixed,0.00,0.00,0.0,0.000,0.002,14.620,35.173,0.00
1786300484,bench_mixed,0.00,0.00,0.0,0.000,0.002,14.620,35.172,0.00
1786300489,bench_mixed,0.00,0.00,0.0,0.000,0.002,14.620,35.172,0.00
1786300494,bench_mixed,0.00,0.00,0.0,0.000,0.002,14.620,35.172,0.00
1786300499,bench_mixed,0.00,0.00,0.0,0.000,0.002,14.620,35.170,0.00
1786300504,bench_mixed,0.00,0.00,0.0,0.000,0.002,14.620,35.169,0.00
1786300509,bench_mixed,0.00,0.00,0.0,0.000,0.002,14.620,35.165,0.06
1786300514,bench_mixed,0.00,0.00,0.0,0.000,0.002,14.620,35.165,0.00
1786300519,bench_mixed,0.00,0.00,0.0,0.000,0.002,14.620,35.167,0.00
1786300524,bench_mixed,0.00,0.00,0.0,0.000,0.002,14.620,35.167,0.00
1786300529,bench_mixed,0.00,0.00,0.0,0.000,0.002,14.620,35.167,0.00
1786300534,bench_mixed,0.00,0.00,0.0,0.000,0.002,14.620,35.168,0.00
1786300540,bench_mixed,0.00,0.00,0.0,0.000,0.002,14.620,35.167,0.00
1786300545,bench_mixed,0.00,0.00,0.0,0.000,0.002,14.620,35.167,0.00
1786300550,bench_mixed,0.00,0.00,0.0,0.000,0.002,14.620,35.168,0.00
1786300555,bench_mixed,0.00,0.00,0.0,0.000,0.002,14.620,35.168,0.00
1786300560,bench_mixed,0.00,0.00,0.0,0.000,0.002,14.620,35.171,0.00
1786300565,bench_mixed,0.00,0.00,0.0,0.000,0.002,14.620,35.171,0.00
1786300570,bench_mixed,0.00,0.00,0.0,0.000,0.002,14.620,35.172,0.00
1786300575,bench_mixed,0.00,0.00,0.0,0.000,0.002,14.620,35.172,0.00
1786300580,bench_mixed,0.00,0.00,0.0,0.000,0.002,14.620,35.173,0.00
1786300585,bench_mixed,0.00,0.00,0.0,0.000,0.002,14.620,35.173,0.00
1786300590,bench_mixed,0.00,0.00,0.0,0.000,0.002,14.620,35.171,0.00
1786300595,bench_mixed,0.00,0.00,0.0,0.000,0.002,14.620,35.172,0.00
1786300600,bench_mixed,0.00,0.00,0.0,0.000,0.002,14.620,35.172,0.00
1786300605,bench_mixed,0.00,0.00,0.0,0.000,0.002,14.620,35.173,0.00
1786300610,bench_mixed,0.00,0.00,0.0,0.000,0.002,14.620,35.171,0.00
1786300615,bench_mixed,0.00,0.00,0.0,0.000,0.002,14.620,35.172,0.00
1786300620,bench_mixed,0.00,0.00,0.0,0.000,0.002,14.620,35.173,0.00
1786300625,bench_mixed,0.00,0.00,0.0,0.000,0.002,14.620,35.173,0.00
1786300630,bench_mixed,0.00,0.00,0.0,0.000,0.002,14.620,35.172,0.00
1786300636,bench_mixed,0.00,0.00,0.0,0.000,0.002,14.620,35.172,0.00
1786300641,bench_mixed,0.00,0.00,0.0,0.000,0.002,14.620,35.173,0.00
1786300646,bench_mixed,0.00,0.00,0.0,0.000,0.002,14.620,35.173,0.00
1786300651,bench_mixed,0.00,0.00,0.0,0.000,0.002,14.620,35.173,0.00
1786300656,bench_mixed,0.00,0.00,0.0,0.000,0.002,14.620,35.173,0.00
1786300661,bench_mixed,0.00,0.00,0.0,0.000,0.002,14.620,35.163,0.00
1786300666,bench_mixed,0.00,0.00,0.0,0.000,0.002,14.620,35.172,0.00
1786300671,bench_mixed,0.00,0.00,0.0,0.000,0.002,14.620,35.173,0.00
1786300676,bench_mixed,0.00,0.00,0.0,0.000,0.002,14.620,35.177,0.00
1786300681,bench_mixed,0.00,0.00,0.0,0.000,0.002,14.620,35.178,0.00
1786300686,bench_mixed,0.00,0.00,0.0,0.000,0.002,14.620,35.177,0.00
1786300691,bench_mixed,0.00,0.00,0.0,0.000,0.002,14.620,35.176,0.00
1786300696,bench_mixed,0.00,0.00,0.0,0.000,0.002,14.620,35.176,0.00
1786300701,bench_mixed,0.00,0.00,0.0,0.000,0.002,14.620,35.176,0.00
1786300706,bench_mixed,0.00,0.00,0.0,0.000,0.002,14.620,35.175,0.00
1786300711,bench_mixed,0.00,0.00,0.0,0.000,0.002,14.620,35.176,0.00
1786300716,bench_mixed,0.00,0.00,0.0,0.000,0.002,14.620,35.175,0.00
1786300721,bench_mixed,0.00,0.00,0.0,0.000,0.002,14.620,35.174,0.00
1786300726,bench_mixed,0.00,0.00,0.0,0.000,0.002,14.620,35.172,0.00
1786300732,bench_mixed,0.00,0.00,0.0,0.000,0.002,14.620,35.172,0.00
1786300737,bench_mixed,0.00,0.00,0.0,0.000,0.002,14.620,35.170,0.00
1786300742,bench_mixed,0.00,0.00,0.0,0.000,0.002,14.620,35.170,0.00
1786300747,bench_mixed,0.00,0.00,0.0,0.000,0.002,14.620,35.170,0.00
1786300752,bench_mixed,0.00,0.00,0.0,0.000,0.002,14.620,35.171,0.00
1786300757,bench_mixed,0.00,0.00,0.0,0.000,0.002,14.620,35.170,0.00
1786300762,bench_mixed,0.00,0.00,0.0,0.000,0.002,14.620,35.170,0.00
1786300767,bench_mixed,0.00,0.00,0.0,0.000,0.002,14.620,35.169,0.00
1786300772,bench_mixed,0.00,0.00,0.0,0.000,0.002,14.620,35.170,0.00
1786300777,bench_mixed,0.00,0.00,0.0,0.000,0.002,14.620,35.172,0.00
1786300782,bench_mixed,0.00,0.00,0.0,0.000,0.002,14.620,35.172,0.00
1786300787,bench_mixed,0.00,0.00,0.0,0.000,0.002,14.620,35.173,0.00
1786300792,bench_mixed,0.00,0.00,0.0,0.000,0.002,14.620,35.172,0.00
1786300797,bench_mixed,0.00,0.00,0.0,0.000,0.002,14.620,35.171,0.00
1786300802,bench_mixed,0.00,0.00,0.0,0.000,0.002,14.620,35.171,0.00
1786300807,bench_mixed,0.00,0.00,0.0,0.000,0.002,14.620,35.159,0.05
1786300812,bench_mixed,0.00,0.00,0.0,0.000,0.002,14.620,35.159,0.01
1786300817,bench_mixed,0.00,0.00,0.0,0.000,0.002,14.620,35.162,0.00
1786300822,bench_mixed,0.00,0.00,0.0,0.000,0.002,14.620,35.162,0.00
1786300828,bench_mixed,0.00,0.00,0.0,0.000,0.002,14.620,35.163,0.00
1786300833,bench_mixed,0.00,0.00,0.0,0.000,0.002,14.620,35.163,0.00
1786300838,bench_mixed,0.00,0.00,0.0,0.000,0.002,14.620,35.164,0.00
1786300843,bench_mixed,0.00,0.00,0.0,0.000,0.002,14.620,35.164,0.00
1786300848,bench_mixed,0.00,0.00,0.0,0.000,0.002,14.620,35.163,0.00
1786300853,bench_mixed,0.00,0.00,0.0,0.000,0.002,14.620,35.163,0.00
1786300858,bench_mixed,0.00,0.00,0.0,0.000,0.002,14.620,35.164,0.00
1786300863,bench_mixed,0.00,0.00,0.0,0.000,0.002,14.620,35.164,0.00
1786300868,bench_mixed,0.00,0.00,0.0,0.000,0.002,14.620,35.166,0.00
1786300873,bench_mixed,0.00,0.00,0.0,0.000,0.002,14.620,35.167,0.00
1786300878,bench_mixed,0.00,0.00,0.0,0.000,0.002,14.620,35.169,0.00
1786300883,bench_mixed,0.00,0.00,0.0,0.000,0.002,14.620,35.170,0.00
1786300888,bench_mixed,0.00,0.00,0.0,0.000,0.002,14.620,35.169,0.00
1786300893,bench_mixed,0.00,0.00,0.0,0.000,0.002,14.620,35.168,0.00
1786300898,bench_mixed,0.00,0.00,0.0,0.000,0.002,14.620,35.171,0.00
1786300903,bench_mixed,0.00,0.00,0.0,0.000,0.002,14.620,35.171,0.00
1786300908,bench_mixed,0.00,0.00,0.0,0.000,0.002,14.620,35.173,0.00
1786300913,bench_mixed,0.00,0.00,0.0,0.000,0.002,14.620,35.172,0.00
1786300918,bench_mixed,0.00,0.00,0.0,0.000,0.002,14.620,35.169,0.00
1786300924,bench_mixed,0.00,0.00,0.0,0.000,0.002,14.620,35.169,0.00
1786300929,bench_mixed,0.00,0.00,0.0,0.000,0.002,14.620,35.171,0.00
1786300934,bench_mixed,0.00,0.00,0.0,0.000,0.002,14.620,35.170,0.00
1786300939,bench_mixed,0.00,0.00,0.0,0.000,0.002,14.620,35.169,0.00
1786300944,bench_mixed,0.00,0.00,0.0,0.000,0.002,14.620,35.169,0.00
1786300949,bench_mixed,0.00,0.00,0.0,0.000,0.002,14.620,35.170,0.00
1786300954,bench_mixed,0.00,0.00,0.0,0.000,0.002,14.620,35.170,0.00
1786300959,bench_mixed,0.00,0.00,0.0,0.000,0.002,14.620,35.169,0.00
1786300964,bench_mixed,0.00,0.00,0.0,0.000,0.002,14.620,35.168,0.00
1786300969,bench_mixed,0.00,0.00,0.0,0.000,0.002,14.620,35.166,0.00
1786300974,bench_mixed,0.00,0.00,0.0,0.000,0.002,14.620,35.165,0.00
1786300979,bench_mixed,0.00,0.00,0.0,0.000,0.002,14.620,35.169,0.00
1786300984,bench_mixed,0.00,0.00,0.0,0.000,0.002,14.620,35.168,0.00
1786300989,bench_mixed,0.00,0.00,0.0,0.000,0.002,14.620,35.167,0.00
1786300994,bench_mixed,0.00,0.00,0.0,0.000,0.002,14.620,35.168,0.00
1786300999,bench_mixed,0.00,0.00,0.0,0.000,0.002,14.620,35.167,0.00
1786301004,bench_mixed,0.00,0.00,0.0,0.000,0.002,14.620,35.168,0.00
1786301009,bench_mixed,0.00,0.00,0.0,0.000,0.002,14.620,35.169,0.00
1786301015,bench_mixed,0.00,0.00,0.0,0.000,0.002,14.620,35.168,0.00
1786301020,bench_mixed,0.00,0.00,0.0,0.000,0.002,14.620,35.167,0.00
1786301025,bench_mixed,0.00,0.00,0.0,0.000,0.002,14.620,35.167,0.00
1786301030,bench_mixed,0.00,0.00,0.0,0.000,0.002,14.620,35.167,0.00
1786301035,bench_mixed,0.00,0.00,0.0,0.000,0.002,14.620,35.170,0.00
1786301040,bench_mixed,0.00,0.00,0.0,0.000,0.002,14.620,35.169,0.00
1786301045,bench_mixed,0.00,0.00,0.0,0.000,0.002,14.620,35.169,0.00
1786301050,bench_mixed,0.00,0.00,0.0,0.000,0.002,14.620,35.168,0.00
1786301055,bench_mixed,0.00,0.00,0.0,0.000,0.002,14.620,35.169,0.00
1786301060,bench_mixed,0.00,0.00,0.0,0.000,0.002,14.620,35.170,0.00
1786301065,bench_mixed,0.00,0.00,0.0,0.000,0.002,14.620,35.169,0.00
1786301070,bench_mixed,0.00,0.00,0.0,0.000,0.002,14.620,35.169,0.00
1786301075,bench_mixed,0.00,0.00,0.0,0.000,0.002,14.620,35.168,0.00
1786301080,bench_mixed,0.00,0.00,0.0,0.000,0.002,14.620,35.168,0.00
1786301085,bench_mixed,0.00,0.00,0.0,0.000,0.002,14.620,35.168,0.00
1786301090,bench_mixed,0.00,0.00,0.0,0.000,0.002,14.620,35.167,0.00
1786301095,bench_mixed,0.00,0.00,0.0,0.000,0.002,14.620,35.169,0.00
1786301100,bench_mixed,0.00,0.00,0.0,0.000,0.002,14.620,35.170,0.00
1786301105,bench_mixed,0.00,0.00,0.0,0.000,0.002,14.620,35.168,0.00
1786301111,bench_mixed,0.00,0.00,0.0,0.000,0.002,14.620,35.155,0.06
1786301116,bench_mixed,0.00,0.00,0.0,0.000,0.002,14.620,35.157,0.00
1786301121,bench_mixed,0.00,0.00,0.0,0.000,0.002,14.620,35.158,0.00
1786301126,bench_mixed,0.00,0.00,0.0,0.000,0.002,14.620,35.160,0.00
1786301131,bench_mixed,0.00,0.00,0.0,0.000,0.002,14.620,35.160,0.00
1786301136,bench_mixed,0.00,0.00,0.0,0.000,0.002,14.620,35.163,0.00
1786301141,bench_mixed,0.00,0.00,0.0,0.000,0.002,14.620,35.163,0.00
1786301146,bench_mixed,0.00,0.00,0.0,0.000,0.002,14.620,35.162,0.00
1786301151,bench_mixed,0.00,0.00,0.0,0.000,0.002,14.620,35.162,0.00
1786301156,bench_mixed,0.00,0.00,0.0,0.000,0.002,14.620,35.164,0.00
1786301161,bench_mixed,0.00,0.00,0.0,0.000,0.002,14.620,35.164,0.00
1786301166,bench_mixed,0.00,0.00,0.0,0.000,0.002,14.620,35.167,0.00
1786301171,bench_mixed,0.00,0.00,0.0,0.000,0.002,14.620,35.166,0.00
1786301176,bench_mixed,0.00,0.00,0.0,0.000,0.002,14.620,35.164,0.00
1786301181,bench_mixed,0.00,0.00,0.0,0.000,0.002,14.620,35.164,0.00
1786301186,bench_mixed,0.00,0.00,0.0,0.000,0.002,14.620,35.162,0.00
1786301191,bench_mixed,0.00,0.00,0.0,0.000,0.002,14.620,35.161,0.00
1786301196,bench_mixed,0.00,0.00,0.0,0.000,0.002,14.620,35.162,0.00
1786301202,bench_mixed,0.00,0.00,0.0,0.000,0.002,14.620,35.162,0.00
1786301207,bench_mixed,0.00,0.00,0.0,0.000,0.002,14.620,35.162,0.00
1786301212,bench_mixed,0.00,0.00,0.0,0.000,0.002,14.620,35.162,0.00
1786301217,bench_mixed,0.00,0.00,0.0,0.000,0.002,14.620,35.161,0.00
1786301222,bench_mixed,0.00,0.00,0.0,0.000,0.002,14.620,35.161,0.00
1786301227,bench_mixed,0.00,0.00,0.0,0.000,0.002,14.620,35.162,0.00
1786301232,bench_mixed,0.00,0.00,0.0,0.000,0.002,14.620,35.162,0.00
1786301237,bench_mixed,0.00,0.00,0.0,0.000,0.002,14.620,35.162,0.00
1786301242,bench_mixed,0.00,0.00,0.0,0.000,0.002,14.620,35.162,0.00
1786301247,bench_mixed,0.00,0.00,0.0,0.000,0.002,14.620,35.165,0.00
1786301252,bench_mixed,0.00,0.00,0.0,0.000,0.002,14.620,35.165,0.00
1786301257,bench_mixed,0.00,0.00,0.0,0.000,0.002,14.620,35.168,0.00
1786301262,bench_mixed,0.00,0.00,0.0,0.000,0.002,14.620,35.168,0.00
1786301267,bench_mixed,0.00,0.00,0.0,0.000,0.002,14.620,35.165,0.00
1786301272,bench_mixed,0.00,0.00,0.0,0.000,0.002,14.620,35.164,0.00
1786301277,bench_mixed,0.00,0.00,0.0,0.000,0.002,14.620,35.165,0.00
1786301282,bench_mixed,0.00,0.00,0.0,0.000,0.002,14.620,35.165,0.00
1786301287,bench_mixed,0.00,0.00,0.0,0.000,0.002,14.620,35.165,0.00
1786301292,bench_mixed,0.00,0.00,0.0,0.000,0.002,14.620,35.165,0.00
1786301298,bench_mixed,0.00,0.00,0.0,0.000,0.002,14.620,35.166,0.00
1786301303,bench_mixed,0.00,0.00,0.0,0.000,0.002,14.620,35.165,0.00
1786301308,bench_mixed,0.00,0.00,0.0,0.000,0.002,14.620,35.162,0.00
1786301313,bench_mixed,0.00,0.00,0.0,0.000,0.002,14.620,35.162,0.00
1786301318,bench_mixed,0.00,0.00,0.0,0.000,0.002,14.620,35.163,0.00
1786301323,bench_mixed,0.00,0.00,0.0,0.000,0.002,14.620,35.163,0.00
1786301328,bench_mixed,0.00,0.00,0.0,0.000,0.002,14.620,35.162,0.00
1786301333,bench_mixed,0.00,0.00,0.0,0.000,0.002,14.620,35.163,0.00
1786301338,bench_mixed,0.00,0.00,0.0,0.000,0.002,14.620,35.165,0.00
1786301343,bench_mixed,0.00,0.00,0.0,0.000,0.002,14.620,35.165,0.00
1786301348,bench_mixed,0.00,0.00,0.0,0.000,0.002,14.620,35.165,0.00
1786301353,bench_mixed,0.00,0.00,0.0,0.000,0.002,14.620,35.165,0.00
1786301358,bench_mixed,0.00,0.00,0.0,0.000,0.002,14.620,35.168,0.00
1786301363,bench_mixed,0.00,0.00,0.0,0.000,0.002,14.620,35.168,0.00
1786301368,bench_mixed,0.00,0.00,0.0,0.000,0.002,14.620,35.167,0.00
1786301373,bench_mixed,0.00,0.00,0.0,0.000,0.002,14.620,35.169,0.00
1786301378,bench_mixed,0.00,0.00,0.0,0.000,0.002,14.620,35.170,0.00
1786301383,bench_mixed,0.00,0.00,0.0,0.000,0.002,14.620,35.170,0.00
1786301389,bench_mixed,0.00,0.00,0.0,0.000,0.002,14.620,35.164,0.00
1786301394,bench_mixed,0.00,0.00,0.0,0.000,0.002,14.620,35.171,0.00
1786301399,bench_mixed,0.00,0.00,0.0,0.000,0.002,14.620,35.172,0.00
1786301404,bench_mixed,0.00,0.00,0.0,0.000,0.002,14.620,35.172,0.00
1786301409,bench_mixed,0.00,0.00,0.0,0.000,0.002,14.620,35.156,0.06
1786301414,bench_mixed,0.00,0.00,0.0,0.000,0.002,14.620,35.161,0.00
1786301419,bench_mixed,0.00,0.00,0.0,0.000,0.002,14.620,35.162,0.00
1786301424,bench_mixed,0.00,0.00,0.0,0.000,0.002,14.620,35.162,0.00
1786301429,bench_mixed,0.00,0.00,0.0,0.000,0.002,14.620,35.163,0.00
1786301434,bench_mixed,0.00,0.00,0.0,0.000,0.002,14.620,35.163,0.00
1786301439,bench_mixed,0.00,0.00,0.0,0.000,0.002,14.620,35.163,0.00
1786301444,bench_mixed,0.00,0.00,0.0,0.000,0.002,14.620,35.162,0.00
1786301449,bench_mixed,0.00,0.00,0.0,0.000,0.002,14.620,35.162,0.00
1786301454,bench_mixed,0.00,0.00,0.0,0.000,0.002,14.620,35.162,0.00
1786301459,bench_mixed,0.00,0.00,0.0,0.000,0.002,14.620,35.162,0.00
1786301464,bench_mixed,0.00,0.00,0.0,0.000,0.002,14.620,35.161,0.00
1786301469,bench_mixed,0.00,0.00,0.0,0.000,0.002,14.620,35.160,0.00
1786301474,bench_mixed,0.00,0.00,0.0,0.000,0.002,14.620,35.161,0.00
1786301479,bench_mixed,0.00,0.00,0.0,0.000,0.002,14.620,35.161,0.00
1786301485,bench_mixed,0.00,0.00,0.0,0.000,0.002,14.620,35.159,0.00
1786301490,bench_mixed,0.00,0.00,0.0,0.000,0.002,14.620,35.159,0.00
1786301495,bench_mixed,0.00,0.00,0.0,0.000,0.002,14.620,35.162,0.00
1786301500,bench_mixed,0.00,0.00,0.0,0.000,0.002,14.620,35.163,0.00
1786301505,bench_mixed,0.00,0.00,0.0,0.000,0.002,14.620,35.161,0.00
1786301510,bench_mixed,0.00,0.00,0.0,0.000,0.002,14.620,35.161,0.00
1786301515,bench_mixed,0.00,0.00,0.0,0.000,0.002,14.620,35.163,0.00
1786301520,bench_mixed,0.00,0.00,0.0,0.000,0.002,14.620,35.165,0.00
1786301525,bench_mixed,0.00,0.00,0.0,0.000,0.002,14.620,35.163,0.00
1786301530,bench_mixed,0.00,0.00,0.0,0.000,0.002,14.620,35.162,0.00
1786301535,bench_mixed,0.00,0.00,0.0,0.000,0.002,14.620,35.162,0.00
1786301540,bench_mixed,0.00,0.00,0.0,0.000,0.002,14.620,35.161,0.00
1786301545,bench_mixed,0.00,0.00,0.0,0.000,0.002,14.620,35.162,0.00
1786301550,bench_mixed,0.00,0.00,0.0,0.000,0.002,14.620,35.161,0.00
1786301555,bench_mixed,0.00,0.00,0.0,0.000,0.002,14.620,35.166,0.00
1786301560,bench_mixed,0.00,0.00,0.0,0.000,0.002,14.620,35.165,0.00
1786301565,bench_mixed,0.00,0.00,0.0,0.000,0.002,14.620,35.166,0.00
1786301570,bench_mixed,0.00,0.00,0.0,0.000,0.002,14.620,35.165,0.00
1786301575,bench_mixed,0.00,0.00,0.0,0.000,0.002,14.620,35.164,0.00
1786301581,bench_mixed,0.00,0.00,0.0,0.000,0.002,14.620,35.164,0.00
1786301586,bench_mixed,0.00,0.00,0.0,0.000,0.002,14.620,35.167,0.00
1786301591,bench_mixed,0.00,0.00,0.0,0.000,0.002,14.620,35.167,0.00
1786301596,bench_mixed,0.00,0.00,0.0,0.000,0.002,14.620,35.169,0.00
1786301601,bench_mixed,0.00,0.00,0.0,0.000,0.002,14.620,35.168,0.00
1786301606,bench_mixed,0.00,0.00,0.0,0.000,0.002,14.620,35.169,0.00
1786301611,bench_mixed,0.00,0.00,0.0,0.000,0.002,14.620,35.168,0.00
1786301616,bench_mixed,0.00,0.00,0.0,0.000,0.002,14.620,35.169,0.00
1786301621,bench_mixed,0.00,0.00,0.0,0.000,0.002,14.620,35.170,0.00
1786301626,bench_mixed,0.00,0.00,0.0,0.000,0.002,14.620,35.166,0.00
1786301631,bench_mixed,0.00,0.00,0.0,0.000,0.002,14.620,35.167,0.00
1786301636,bench_mixed,0.00,0.00,0.0,0.000,0.002,14.620,35.166,0.00
1786301641,bench_mixed,0.00,0.00,0.0,0.000,0.002,14.620,35.166,0.00
1786301646,bench_mixed,0.00,0.00,0.0,0.000,0.002,14.620,35.168,0.00
1786301651,bench_mixed,0.00,0.00,0.0,0.000,0.002,14.620,35.168,0.00
1786301656,bench_mixed,0.00,0.00,0.0,0.000,0.002,14.620,35.169,0.00
1786301661,bench_mixed,0.00,0.00,0.0,0.000,0.002,14.620,35.169,0.00
1786301666,bench_mixed,0.00,0.00,0.0,0.000,0.002,14.620,35.169,0.00
1786301671,bench_mixed,0.00,0.00,0.0,0.000,0.002,14.620,35.169,0.00
1786301677,bench_mixed,0.00,0.00,0.0,0.000,0.002,14.620,35.171,0.00
1786301682,bench_mixed,0.00,0.00,0.0,0.000,0.002,14.620,35.171,0.00
1786301687,bench_mixed,0.00,0.00,0.0,0.000,0.002,14.620,35.170,0.00
1786301692,bench_mixed,0.00,0.00,0.0,0.000,0.002,14.620,35.170,0.00
1786301697,bench_mixed,0.00,0.00,0.0,0.000,0.002,14.620,35.171,0.00
1786301702,bench_mixed,0.00,0.00,0.0,0.000,0.002,14.620,35.170,0.00
1786301707,bench_mixed,0.00,0.00,0.0,0.000,0.002,14.620,35.156,0.04
1786301712,bench_mixed,0.00,0.00,0.0,0.000,0.002,14.620,35.155,0.02
1786301717,bench_mixed,0.00,0.00,0.0,0.000,0.002,14.620,35.157,0.00
1786301722,bench_mixed,0.00,0.00,0.0,0.000,0.002,14.620,35.157,0.00
1786301727,bench_mixed,0.00,0.00,0.0,0.000,0.002,14.620,35.158,0.00
1786301732,bench_mixed,0.00,0.00,0.0,0.000,0.002,14.620,35.158,0.00
1786301737,bench_mixed,0.00,0.00,0.0,0.000,0.002,14.620,35.159,0.00
1786301742,bench_mixed,0.00,0.00,0.0,0.000,0.002,14.620,35.160,0.00
1786301747,bench_mixed,0.00,0.00,0.0,0.000,0.002,14.620,35.155,0.00
1786301752,bench_mixed,0.00,0.00,0.0,0.000,0.002,14.620,35.159,0.00
1786301757,bench_mixed,0.00,0.00,0.0,0.000,0.002,14.620,35.158,0.00
1786301762,bench_mixed,0.00,0.00,0.0,0.000,0.002,14.620,35.161,0.00
1786301767,bench_mixed,0.00,0.00,0.0,0.000,0.002,14.620,35.160,0.00
1786301773,bench_mixed,0.00,0.00,0.0,0.000,0.002,14.620,35.162,0.00
1786301778,bench_mixed,0.00,0.00,0.0,0.000,0.002,14.620,35.162,0.00
1786301783,bench_mixed,0.00,0.00,0.0,0.000,0.002,14.620,35.164,0.00
1786301788,bench_mixed,0.00,0.00,0.0,0.000,0.002,14.620,35.163,0.00
1786301793,bench_mixed,0.00,0.00,0.0,0.000,0.002,14.620,35.163,0.00
1786301798,bench_mixed,0.00,0.00,0.0,0.000,0.002,14.620,35.163,0.00
1786301803,bench_mixed,0.00,0.00,0.0,0.000,0.002,14.620,35.163,0.00
1786301808,bench_mixed,0.00,0.00,0.0,0.000,0.002,14.620,35.162,0.00
1786301813,bench_mixed,0.00,0.00,0.0,0.000,0.002,14.620,35.163,0.00
1786301818,bench_mixed,0.00,0.00,0.0,0.000,0.002,14.620,35.163,0.00
1786301823,bench_mixed,0.00,0.00,0.0,0.000,0.002,14.620,35.167,0.00
1786301828,bench_mixed,0.00,0.00,0.0,0.000,0.002,14.620,35.168,0.00
1786301833,bench_mixed,0.00,0.00,0.0,0.000,0.002,14.620,35.166,0.00
1786301838,bench_mixed,0.00,0.00,0.0,0.000,0.002,14.620,35.166,0.00
1786301843,bench_mixed,0.00,0.00,0.0,0.000,0.002,14.620,35.168,0.00
1786301848,bench_mixed,0.00,0.00,0.0,0.000,0.002,14.620,35.168,0.00
1786301853,bench_mixed,0.00,0.00,0.0,0.000,0.002,14.620,35.170,0.00
1786301858,bench_mixed,0.00,0.00,0.0,0.000,0.002,14.620,35.170,0.00
1786301863,bench_mixed,0.00,0.00,0.0,0.000,0.002,14.620,35.169,0.00
1786301869,bench_mixed,0.00,0.00,0.0,0.000,0.002,14.620,35.169,0.00
1786301874,bench_mixed,0.00,0.00,0.0,0.000,0.002,14.620,35.168,0.00
1786301879,bench_mixed,0.00,0.00,0.0,0.000,0.002,14.620,35.170,0.00
1786301884,bench_mixed,0.00,0.00,0.0,0.000,0.002,14.620,35.167,0.00
1786301889,bench_mixed,0.00,0.00,0.0,0.000,0.002,14.620,35.167,0.00
1786301894,bench_mixed,0.00,0.00,0.0,0.000,0.002,14.620,35.168,0.00
1786301899,bench_mixed,0.00,0.00,0.0,0.000,0.002,14.620,35.167,0.00
1786301904,bench_mixed,0.00,0.00,0.0,0.000,0.002,14.620,35.169,0.00
1786301909,bench_mixed,0.00,0.00,0.0,0.000,0.002,14.620,35.169,0.00
1786301914,bench_mixed,0.00,0.00,0.0,0.000,0.002,14.620,35.167,0.00
1786301919,bench_mixed,0.00,0.00,0.0,0.000,0.002,14.620,35.166,0.00
1786301924,bench_mixed,0.00,0.00,0.0,0.000,0.002,14.620,35.165,0.00
1786301929,bench_mixed,0.00,0.00,0.0,0.000,0.002,14.620,35.165,0.00
1786301934,bench_mixed,0.00,0.00,0.0,0.000,0.002,14.620,35.169,0.00
1786301939,bench_mixed,0.00,0.00,0.0,0.000,0.002,14.620,35.169,0.00
1786301944,bench_mixed,0.00,0.00,0.0,0.000,0.002,14.620,35.167,0.00
1786301949,bench_mixed,0.00,0.00,0.0,0.000,0.002,14.620,35.168,0.00
1786301954,bench_mixed,0.00,0.00,0.0,0.000,0.002,14.620,35.167,0.00
1786301959,bench_mixed,0.00,0.00,0.0,0.000,0.002,14.620,35.168,0.00
1786301965,bench_mixed,0.00,0.00,0.0,0.000,0.002,14.620,35.167,0.00
1786301970,bench_mixed,0.00,0.00,0.0,0.000,0.002,14.620,35.168,0.00
1786301975,bench_mixed,0.00,0.00,0.0,0.000,0.002,14.620,35.169,0.00
1786301980,bench_mixed,0.00,0.00,0.0,0.000,0.002,14.620,35.170,0.00
1786301985,bench_mixed,0.00,0.00,0.0,0.000,0.002,14.620,35.167,0.00
1786301990,bench_mixed,0.00,0.00,0.0,0.000,0.002,14.620,35.167,0.00
1786301995,bench_mixed,0.00,0.00,0.0,0.000,0.002,14.620,35.164,0.00
1786302000,bench_mixed,0.00,0.00,0.0,0.000,0.002,14.620,35.164,0.00
1786302005,bench_mixed,0.00,0.00,0.0,0.000,0.002,14.620,35.163,0.00
1786302010,bench_mixed,0.00,0.00,0.0,0.000,0.002,14.620,35.152,0.06
1786302015,bench_mixed,0.00,0.00,0.0,0.000,0.002,14.620,35.151,0.00
1786302020,bench_mixed,0.00,0.00,0.0,0.000,0.002,14.620,35.152,0.00
1786302025,bench_mixed,0.00,0.00,0.0,0.000,0.002,14.620,35.152,0.00
1786302030,bench_mixed,0.00,0.00,0.0,0.000,0.002,14.620,35.153,0.00
1786302035,bench_mixed,0.00,0.00,0.0,0.000,0.002,14.620,35.160,0.00
1786302040,bench_mixed,0.00,0.00,0.0,0.000,0.002,14.620,35.160,0.00
1786302045,bench_mixed,0.00,0.00,0.0,0.000,0.002,14.620,35.163,0.00
1786302050,bench_mixed,0.00,0.00,0.0,0.000,0.002,14.620,35.163,0.00
1786302055,bench_mixed,0.00,0.00,0.0,0.000,0.002,14.620,35.162,0.00
1786302061,bench_mixed,0.00,0.00,0.0,0.000,0.002,14.620,35.162,0.00
1786302066,bench_mixed,0.00,0.00,0.0,0.000,0.002,14.620,35.159,0.00
1786302071,bench_mixed,0.00,0.00,0.0,0.000,0.002,14.620,35.159,0.00
1786302076,bench_mixed,0.00,0.00,0.0,0.000,0.002,14.620,35.161,0.00
1786302081,bench_mixed,0.00,0.00,0.0,0.000,0.002,14.620,35.160,0.00
1786302086,bench_mixed,0.00,0.00,0.0,0.000,0.002,14.620,35.162,0.00
1786302091,bench_mixed,0.00,0.00,0.0,0.000,0.002,14.620,35.162,0.00
1786302096,bench_mixed,0.00,0.00,0.0,0.000,0.002,14.620,35.161,0.00
1786302101,bench_mixed,0.00,0.00,0.0,0.000,0.002,14.620,35.162,0.00
1786302106,bench_mixed,0.00,0.00,0.0,0.000,0.002,14.620,35.155,0.00
1786302111,bench_mixed,0.00,0.00,0.0,0.000,0.002,14.620,35.163,0.00
1786302116,bench_mixed,0.00,0.00,0.0,0.000,0.002,14.620,35.163,0.00
1786302121,bench_mixed,0.00,0.00,0.0,0.000,0.002,14.620,35.164,0.00
1786302126,bench_mixed,0.00,0.00,0.0,0.000,0.002,14.620,35.163,0.00
1786302131,bench_mixed,0.00,0.00,0.0,0.000,0.002,14.620,35.164,0.00
1786302136,bench_mixed,0.00,0.00,0.0,0.000,0.002,14.620,35.163,0.00
1786302141,bench_mixed,0.00,0.00,0.0,0.000,0.002,14.620,35.162,0.00
1786302146,bench_mixed,0.00,0.00,0.0,0.000,0.002,14.620,35.162,0.00
1786302151,bench_mixed,0.00,0.00,0.0,0.000,0.002,14.620,35.165,0.00
1786302157,bench_mixed,0.00,0.00,0.0,0.000,0.002,14.620,35.165,0.00
1786302162,bench_mixed,0.00,0.00,0.0,0.000,0.002,14.620,35.165,0.00
1786302167,bench_mixed,0.00,0.00,0.0,0.000,0.002,14.620,35.165,0.00
1786302172,bench_mixed,0.00,0.00,0.0,0.000,0.002,14.620,35.165,0.00
1786302177,bench_mixed,0.00,0.00,0.0,0.000,0.002,14.620,35.164,0.00
1786302182,bench_mixed,0.00,0.00,0.0,0.000,0.002,14.620,35.163,0.00
1786302187,bench_mixed,0.00,0.00,0.0,0.000,0.002,14.620,35.163,0.00
1786302192,bench_mixed,0.00,0.00,0.0,0.000,0.002,14.620,35.161,0.00
1786302197,bench_mixed,0.00,0.00,0.0,0.000,0.002,14.620,35.161,0.00
1786302202,bench_mixed,0.00,0.00,0.0,0.000,0.002,14.620,35.162,0.00
1786302207,bench_mixed,0.00,0.00,0.0,0.000,0.002,14.620,35.162,0.00
1786302212,bench_mixed,0.00,0.00,0.0,0.000,0.002,14.620,35.162,0.00
1786302217,bench_mixed,0.00,0.00,0.0,0.000,0.002,14.620,35.162,0.00
1786302222,bench_mixed,0.00,0.00,0.0,0.000,0.002,14.620,35.164,0.00
1786302227,bench_mixed,0.00,0.00,0.0,0.000,0.002,14.620,35.164,0.00
1786302232,bench_mixed,0.00,0.00,0.0,0.000,0.002,14.620,35.162,0.00
1786302237,bench_mixed,0.00,0.00,0.0,0.000,0.002,14.620,35.161,0.00
1786302242,bench_mixed,0.00,0.00,0.0,0.000,0.002,14.620,35.161,0.00
1786302247,bench_mixed,0.00,0.00,0.0,0.000,0.002,14.620,35.161,0.00
1786302253,bench_mixed,0.00,0.00,0.0,0.000,0.002,14.620,35.161,0.00
1786302258,bench_mixed,0.00,0.00,0.0,0.000,0.002,14.620,35.161,0.00
1786302263,bench_mixed,0.00,0.00,0.0,0.000,0.002,14.620,35.162,0.00
1786302268,bench_mixed,0.00,0.00,0.0,0.000,0.002,14.620,35.162,0.00
1786302273,bench_mixed,0.00,0.00,0.0,0.000,0.002,14.620,35.162,0.00
1786302278,bench_mixed,0.00,0.00,0.0,0.000,0.002,14.620,35.162,0.00
1786302283,bench_mixed,0.00,0.00,0.0,0.000,0.002,14.620,35.162,0.00
1786302288,bench_mixed,0.00,0.00,0.0,0.000,0.002,14.620,35.162,0.00
1786302293,bench_mixed,0.00,0.00,0.0,0.000,0.002,14.620,35.161,0.00
1786302298,bench_mixed,0.00,0.00,0.0,0.000,0.002,14.620,35.161,0.00
1786302303,bench_mixed,0.00,0.00,0.0,0.000,0.002,14.620,35.160,0.00
1786302308,bench_mixed,0.00,0.00,0.0,0.000,0.002,14.620,35.150,0.05
1786302313,bench_mixed,0.00,0.00,0.0,0.000,0.002,14.620,35.152,0.00
1786302318,bench_mixed,0.00,0.00,0.0,0.000,0.002,14.620,35.153,0.00
1786302323,bench_mixed,0.00,0.00,0.0,0.000,0.002,14.620,35.155,0.00
1786302328,bench_mixed,0.00,0.00,0.0,0.000,0.002,14.620,35.154,0.00
1786302333,bench_mixed,0.00,0.00,0.0,0.000,0.002,14.620,35.155,0.00
1786302338,bench_mixed,0.00,0.00,0.0,0.000,0.002,14.620,35.156,0.00
1786302343,bench_mixed,0.00,0.00,0.0,0.000,0.002,14.620,35.159,0.00
1786302349,bench_mixed,0.00,0.00,0.0,0.000,0.002,14.620,35.158,0.00
1786302354,bench_mixed,0.00,0.00,0.0,0.000,0.002,14.620,35.158,0.00
1786302359,bench_mixed,0.00,0.00,0.0,0.000,0.002,14.620,35.159,0.00
1786302364,bench_mixed,0.00,0.00,0.0,0.000,0.002,14.620,35.159,0.00
1786302369,bench_mixed,0.00,0.00,0.0,0.000,0.002,14.620,35.159,0.00
1786302374,bench_mixed,0.00,0.00,0.0,0.000,0.002,14.620,35.158,0.00
1786302379,bench_mixed,0.00,0.00,0.0,0.000,0.002,14.620,35.158,0.00
1786302384,bench_mixed,0.00,0.00,0.0,0.000,0.002,14.620,35.158,0.00
1786302389,bench_mixed,0.00,0.00,0.0,0.000,0.002,14.620,35.157,0.00
1786302394,bench_mixed,0.00,0.00,0.0,0.000,0.002,14.620,35.156,0.00
1786302399,bench_mixed,0.00,0.00,0.0,0.000,0.002,14.620,35.155,0.00
1786302404,bench_mixed,0.00,0.00,0.0,0.000,0.002,14.620,35.154,0.00
1786302409,bench_mixed,0.00,0.00,0.0,0.000,0.002,14.620,35.155,0.00
1786302414,bench_mixed,0.00,0.00,0.0,0.000,0.002,14.620,35.158,0.00
1786302419,bench_mixed,0.00,0.00,0.0,0.000,0.002,14.620,35.157,0.00
1786302424,bench_mixed,0.00,0.00,0.0,0.000,0.002,14.620,35.158,0.00
1786302429,bench_mixed,0.00,0.00,0.0,0.000,0.002,14.620,35.157,0.00
1786302434,bench_mixed,0.00,0.00,0.0,0.000,0.002,14.620,35.158,0.00
1786302440,bench_mixed,0.00,0.00,0.0,0.000,0.002,14.620,35.158,0.00
1786302445,bench_mixed,0.00,0.00,0.0,0.000,0.002,14.620,35.162,0.00
1786302450,bench_mixed,0.00,0.00,0.0,0.000,0.002,14.620,35.160,0.00
1786302455,bench_mixed,0.00,0.00,0.0,0.000,0.002,14.620,35.162,0.00
1786302460,bench_mixed,0.00,0.00,0.0,0.000,0.002,14.620,35.162,0.00
1786302465,bench_mixed,0.00,0.00,0.0,0.000,0.002,14.620,35.153,0.00
1786302470,bench_mixed,0.00,0.00,0.0,0.000,0.002,14.620,35.161,0.00
1786302475,bench_mixed,0.00,0.00,0.0,0.000,0.002,14.620,35.160,0.00
1786302480,bench_mixed,0.00,0.00,0.0,0.000,0.002,14.620,35.159,0.00
1786302485,bench_mixed,0.00,0.00,0.0,0.000,0.002,14.620,35.158,0.00
1786302490,bench_mixed,0.00,0.00,0.0,0.000,0.002,14.620,35.159,0.00
1786302495,bench_mixed,0.00,0.00,0.0,0.000,0.002,14.620,35.159,0.00
1786302500,bench_mixed,0.00,0.00,0.0,0.000,0.002,14.620,35.161,0.00
1786302505,bench_mixed,0.00,0.00,0.0,0.000,0.002,14.620,35.161,0.00
1786302510,bench_mixed,0.00,0.00,0.0,0.000,0.002,14.620,35.162,0.00
1786302515,bench_mixed,0.00,0.00,0.0,0.000,0.002,14.620,35.162,0.00
1786302520,bench_mixed,0.00,0.00,0.0,0.000,0.002,14.620,35.161,0.00
1786302525,bench_mixed,0.00,0.00,0.0,0.000,0.002,14.620,35.161,0.00
1786302530,bench_mixed,0.00,0.00,0.0,0.000,0.002,14.620,35.160,0.00
1786302536,bench_mixed,0.00,0.00,0.0,0.000,0.002,14.620,35.160,0.00
1786302541,bench_mixed,0.00,0.00,0.0,0.000,0.002,14.620,35.162,0.00
1786302546,bench_mixed,0.00,0.00,0.0,0.000,0.002,14.620,35.162,0.00
1786302551,bench_mixed,0.00,0.00,0.0,0.000,0.002,14.620,35.163,0.00
1786302556,bench_mixed,0.00,0.00,0.0,0.000,0.002,14.620,35.162,0.00
1786302561,bench_mixed,0.00,0.00,0.0,0.000,0.002,14.620,35.163,0.00
1786302566,bench_mixed,0.00,0.00,0.0,0.000,0.002,14.620,35.162,0.00
1786302571,bench_mixed,0.00,0.00,0.0,0.000,0.002,14.620,35.164,0.00
1786302576,bench_mixed,0.00,0.00,0.0,0.000,0.002,14.620,35.163,0.00
1786302581,bench_mixed,0.00,0.00,0.0,0.000,0.002,14.620,35.163,0.00
1786302586,bench_mixed,0.00,0.00,0.0,0.000,0.002,14.620,35.163,0.00
1786302591,bench_mixed,0.00,0.00,0.0,0.000,0.002,14.620,35.162,0.00
1786302596,bench_mixed,0.00,0.00,0.0,0.000,0.002,14.620,35.162,0.00
1786302601,bench_mixed,0.00,0.00,0.0,0.000,0.002,14.620,35.163,0.00
1786302606,bench_mixed,0.00,0.00,0.0,0.000,0.002,14.620,35.159,0.01
1786302611,bench_mixed,0.00,0.00,0.0,0.000,0.002,14.620,35.149,0.05
1786302616,bench_mixed,0.00,0.00,0.0,0.000,0.002,14.620,35.149,0.00
1786302621,bench_mixed,0.00,0.00,0.0,0.000,0.002,14.620,35.153,0.00
1786302626,bench_mixed,0.00,0.00,0.0,0.000,0.002,14.620,35.155,0.00
1786302632,bench_mixed,0.00,0.00,0.0,0.000,0.002,14.620,35.157,0.00
1786302637,bench_mixed,0.00,0.00,0.0,0.000,0.002,14.620,35.157,0.00
1786302642,bench_mixed,0.00,0.00,0.0,0.000,0.002,14.620,35.157,0.00
1786302647,bench_mixed,0.00,0.00,0.0,0.000,0.002,14.620,35.157,0.00
1786302652,bench_mixed,0.00,0.00,0.0,0.000,0.002,14.620,35.156,0.00
1786302657,bench_mixed,0.00,0.00,0.0,0.000,0.002,14.620,35.156,0.00
1786302662,bench_mixed,0.00,0.00,0.0,0.000,0.002,14.620,35.156,0.00
1786302667,bench_mixed,0.00,0.00,0.0,0.000,0.002,14.620,35.158,0.00
1786302672,bench_mixed,0.00,0.00,0.0,0.000,0.002,14.620,35.160,0.00
1786302677,bench_mixed,0.00,0.00,0.0,0.000,0.002,14.620,35.161,0.00
1786302682,bench_mixed,0.00,0.00,0.0,0.000,0.002,14.620,35.160,0.00
1786302687,bench_mixed,0.00,0.00,0.0,0.000,0.002,14.620,35.159,0.00
1786302692,bench_mixed,0.00,0.00,0.0,0.000,0.002,14.620,35.158,0.00
1786302697,bench_mixed,0.00,0.00,0.0,0.000,0.002,14.620,35.158,0.00
1786302702,bench_mixed,0.00,0.00,0.0,0.000,0.002,14.620,35.159,0.00
1786302707,bench_mixed,0.00,0.00,0.0,0.000,0.002,14.620,35.160,0.00
1786302712,bench_mixed,0.00,0.00,0.0,0.000,0.002,14.620,35.160,0.00
1786302717,bench_mixed,0.00,0.00,0.0,0.000,0.002,14.620,35.161,0.00
1786302722,bench_mixed,0.00,0.00,0.0,0.000,0.002,14.620,35.161,0.00
1786302728,bench_mixed,0.00,0.00,0.0,0.000,0.002,14.620,35.161,0.00
1786302733,bench_mixed,0.00,0.00,0.0,0.000,0.002,14.620,35.161,0.00
1786302738,bench_mixed,0.00,0.00,0.0,0.000,0.002,14.620,35.162,0.00
1786302743,bench_mixed,0.00,0.00,0.0,0.000,0.002,14.620,35.162,0.00
1786302748,bench_mixed,0.00,0.00,0.0,0.000,0.002,14.620,35.161,0.00
1786302753,bench_mixed,0.00,0.00,0.0,0.000,0.002,14.620,35.162,0.00
1786302758,bench_mixed,0.00,0.00,0.0,0.000,0.002,14.620,35.161,0.00
1786302763,bench_mixed,0.00,0.00,0.0,0.000,0.002,14.620,35.161,0.00
1786302768,bench_mixed,0.00,0.00,0.0,0.000,0.002,14.620,35.161,0.00
1786302773,bench_mixed,0.00,0.00,0.0,0.000,0.002,14.620,35.159,0.00
1786302778,bench_mixed,0.00,0.00,0.0,0.000,0.002,14.620,35.159,0.00
1786302783,bench_mixed,0.00,0.00,0.0,0.000,0.002,14.620,35.159,0.00
1786302788,bench_mixed,0.00,0.00,0.0,0.000,0.002,14.620,35.160,0.00
1786302793,bench_mixed,0.00,0.00,0.0,0.000,0.002,14.620,35.157,0.00
1786302798,bench_mixed,0.00,0.00,0.0,0.000,0.002,14.620,35.157,0.00
1786302803,bench_mixed,0.00,0.00,0.0,0.000,0.002,14.620,35.154,0.00
1786302808,bench_mixed,0.00,0.00,0.0,0.000,0.002,14.620,35.156,0.00
1786302813,bench_mixed,0.00,0.00,0.0,0.000,0.002,14.620,35.158,0.00
1786302818,bench_mixed,0.00,0.00,0.0,0.000,0.002,14.620,35.159,0.00
1786302824,bench_mixed,0.00,0.00,0.0,0.000,0.002,14.620,35.151,0.00
1786302829,bench_mixed,0.00,0.00,0.0,0.000,0.002,14.620,35.159,0.00
1786302834,bench_mixed,0.00,0.00,0.0,0.000,0.002,14.620,35.160,0.00
1786302839,bench_mixed,0.00,0.00,0.0,0.000,0.002,14.620,35.163,0.00
1786302844,bench_mixed,0.00,0.00,0.0,0.000,0.002,14.620,35.162,0.00
1786302849,bench_mixed,0.00,0.00,0.0,0.000,0.002,14.620,35.162,0.00
1786302854,bench_mixed,0.00,0.00,0.0,0.000,0.002,14.620,35.163,0.00
1786302859,bench_mixed,0.00,0.00,0.0,0.000,0.002,14.620,35.163,0.00
1786302864,bench_mixed,0.00,0.00,0.0,0.000,0.002,14.620,35.163,0.00
1786302869,bench_mixed,0.00,0.00,0.0,0.000,0.002,14.620,35.164,0.00
1786302874,bench_mixed,0.00,0.00,0.0,0.000,0.002,14.620,35.164,0.00
1786302879,bench_mixed,0.00,0.00,0.0,0.000,0.002,14.620,35.164,0.00
1786302884,bench_mixed,0.00,0.00,0.0,0.000,0.002,14.620,35.163,0.00
1786302889,bench_mixed,0.00,0.00,0.0,0.000,0.002,14.620,35.162,0.00
1786302894,bench_mixed,0.00,0.00,0.0,0.000,0.002,14.620,35.162,0.00
1786302899,bench_mixed,0.00,0.00,0.0,0.000,0.002,14.620,35.164,0.00
1786302904,bench_mixed,0.00,0.00,0.0,0.000,0.002,14.620,35.165,0.00
1786302909,bench_mixed,0.00,0.00,0.0,0.000,0.002,14.620,35.151,0.06
1786302915,bench_mixed,0.00,0.00,0.0,0.000,0.002,14.620,35.152,0.00
1786302920,bench_mixed,0.00,0.00,0.0,0.000,0.002,14.620,35.154,0.00
1786302925,bench_mixed,0.00,0.00,0.0,0.000,0.002,14.620,35.154,0.00
1786302930,bench_mixed,0.00,0.00,0.0,0.000,0.002,14.620,35.155,0.00
1786302935,bench_mixed,0.00,0.00,0.0,0.000,0.002,14.620,35.155,0.00
1786302940,bench_mixed,0.00,0.00,0.0,0.000,0.002,14.620,35.156,0.00
1786302945,bench_mixed,0.00,0.00,0.0,0.000,0.002,14.620,35.156,0.00
1786302950,bench_mixed,0.00,0.00,0.0,0.000,0.002,14.620,35.155,0.00
1786302955,bench_mixed,0.00,0.00,0.0,0.000,0.002,14.620,35.154,0.00
1786302960,bench_mixed,0.00,0.00,0.0,0.000,0.002,14.620,35.157,0.00
1786302965,bench_mixed,0.00,0.00,0.0,0.000,0.002,14.620,35.157,0.00
1786302970,bench_mixed,0.00,0.00,0.0,0.000,0.002,14.620,35.157,0.00
1786302975,bench_mixed,0.00,0.00,0.0,0.000,0.002,14.620,35.157,0.00
1786302980,bench_mixed,0.00,0.00,0.0,0.000,0.002,14.620,35.158,0.00
1786302985,bench_mixed,0.00,0.00,0.0,0.000,0.002,14.620,35.157,0.00
1786302990,bench_mixed,0.00,0.00,0.0,0.000,0.002,14.620,35.159,0.00
1786302995,bench_mixed,0.00,0.00,0.0,0.000,0.002,14.620,35.159,0.00
1786303000,bench_mixed,0.00,0.00,0.0,0.000,0.002,14.620,35.161,0.00
1786303005,bench_mixed,0.00,0.00,0.0,0.000,0.002,14.620,35.161,0.00
1786303011,bench_mixed,0.00,0.00,0.0,0.000,0.002,14.620,35.160,0.00
1786303016,bench_mixed,0.00,0.00,0.0,0.000,0.002,14.620,35.160,0.00
1786303021,bench_mixed,0.00,0.00,0.0,0.000,0.002,14.620,35.163,0.00
1786303026,bench_mixed,0.00,0.00,0.0,0.000,0.002,14.620,35.163,0.00
1786303031,bench_mixed,0.00,0.00,0.0,0.000,0.002,14.620,35.162,0.00
1786303036,bench_mixed,0.00,0.00,0.0,0.000,0.002,14.620,35.163,0.00
1786303041,bench_mixed,0.00,0.00,0.0,0.000,0.002,14.620,35.165,0.00
1786303046,bench_mixed,0.00,0.00,0.0,0.000,0.002,14.620,35.166,0.00
1786303051,bench_mixed,0.00,0.00,0.0,0.000,0.002,14.620,35.165,0.00
1786303056,bench_mixed,0.00,0.00,0.0,0.000,0.002,14.620,35.165,0.00
1786303061,bench_mixed,0.00,0.00,0.0,0.000,0.002,14.620,35.162,0.00
1786303066,bench_mixed,0.00,0.00,0.0,0.000,0.002,14.620,35.162,0.00
1786303071,bench_mixed,0.00,0.00,0.0,0.000,0.002,14.620,35.160,0.00
1786303076,bench_mixed,0.00,0.00,0.0,0.000,0.002,14.620,35.161,0.00
1786303081,bench_mixed,0.00,0.00,0.0,0.000,0.002,14.620,35.161,0.00
1786303086,bench_mixed,0.00,0.00,0.0,0.000,0.002,14.620,35.162,0.00
1786303091,bench_mixed,0.00,0.00,0.0,0.000,0.002,14.620,35.160,0.00
1786303096,bench_mixed,0.00,0.00,0.0,0.000,0.002,14.620,35.160,0.00
1786303101,bench_mixed,0.00,0.00,0.0,0.000,0.002,14.620,35.161,0.00
1786303107,bench_mixed,0.00,0.00,0.0,0.000,0.002,14.620,35.162,0.00
1786303112,bench_mixed,0.00,0.00,0.0,0.000,0.002,14.620,35.161,0.00
1786303117,bench_mixed,0.00,0.00,0.0,0.000,0.002,14.620,35.161,0.00
1786303122,bench_mixed,0.00,0.00,0.0,0.000,0.002,14.620,35.160,0.00
1786303127,bench_mixed,0.00,0.00,0.0,0.000,0.002,14.620,35.160,0.00
1786303132,bench_mixed,0.00,0.00,0.0,0.000,0.002,14.620,35.160,0.00
1786303137,bench_mixed,0.00,0.00,0.0,0.000,0.002,14.620,35.159,0.00
1786303142,bench_mixed,0.00,0.00,0.0,0.000,0.002,14.620,35.156,0.00
1786303147,bench_mixed,0.00,0.00,0.0,0.000,0.002,14.620,35.156,0.00
1786303152,bench_mixed,0.00,0.00,0.0,0.000,0.002,14.620,35.158,0.00
1786303157,bench_mixed,0.00,0.00,0.0,0.000,0.002,14.620,35.158,0.00
1786303162,bench_mixed,0.00,0.00,0.0,0.000,0.002,14.620,35.158,0.00
1786303167,bench_mixed,0.00,0.00,0.0,0.000,0.002,14.620,35.159,0.00
1786303172,bench_mixed,0.00,0.00,0.0,0.000,0.002,14.620,35.157,0.00
1786303177,bench_mixed,0.00,0.00,0.0,0.000,0.002,14.620,35.158,0.00
1786303182,bench_mixed,0.00,0.00,0.0,0.000,0.002,14.620,35.160,0.00
1786303187,bench_mixed,0.00,0.00,0.0,0.000,0.002,14.620,35.158,0.00
1786303192,bench_mixed,0.00,0.00,0.0,0.000,0.002,14.620,35.158,0.00
1786303197,bench_mixed,0.00,0.00,0.0,0.000,0.002,14.620,35.157,0.00
1786303203,bench_mixed,0.00,0.00,0.0,0.000,0.002,14.620,35.156,0.00
