ts,phase,nvme_rd_mb_s,nvme_wr_mb_s,nvme_active_pct,cte_file_tier_gb,devshm_used_gb,clio_rss_gb,mem_avail_gb,nfs_rd_mb_s
1786219430,ingest,0.00,0.00,0.0,0.000,0.002,0.315,44.778,0.03
1786219435,ingest,0.00,0.00,0.0,0.000,0.002,0.773,44.323,0.00
1786219440,ingest,0.00,0.00,0.0,0.000,0.002,1.287,43.810,0.00
1786219446,ingest,0.00,0.00,0.0,0.000,0.002,1.809,43.288,0.00
1786219451,ingest,0.00,0.00,0.1,0.000,0.002,2.336,42.762,0.00
1786219456,ingest,0.00,0.00,0.0,0.000,0.002,2.865,42.232,0.00
1786219461,ingest,0.00,0.00,0.0,0.000,0.002,3.331,41.765,0.00
1786219466,ingest,0.00,0.00,0.0,0.000,0.002,3.788,41.308,0.00
1786219471,ingest,0.00,0.00,0.0,0.000,0.002,4.240,40.855,0.00
1786219476,ingest,0.00,0.00,0.0,0.000,0.002,4.601,40.494,0.00
1786219481,ingest,0.00,0.01,0.1,0.000,0.002,4.967,40.125,0.00
1786219486,ingest,0.00,0.00,0.0,0.000,0.002,5.409,39.686,0.00
1786219491,ingest,0.00,0.00,0.0,0.000,0.002,5.865,39.228,0.00
1786219496,ingest,0.00,0.00,0.0,0.000,0.002,6.381,38.711,0.00
1786219501,ingest,0.00,0.00,0.0,0.000,0.002,6.738,38.350,0.00
1786219506,ingest,0.00,0.00,0.0,0.000,0.002,7.162,37.925,0.00
1786219511,ingest,0.00,0.00,0.1,0.000,0.002,7.513,37.574,0.00
1786219516,ingest,0.00,0.00,0.0,0.000,0.002,7.888,37.197,0.00
1786219521,ingest,0.00,0.00,0.0,0.000,0.002,8.404,36.680,0.00
1786219526,ingest,0.00,0.00,0.0,0.000,0.002,8.771,36.311,0.00
1786219531,ingest,0.00,0.00,0.0,0.000,0.002,9.211,35.871,0.00
1786219536,ingest,0.00,0.00,0.0,0.000,0.002,9.647,35.433,0.00
1786219542,ingest,0.00,0.00,0.1,0.000,0.002,10.090,34.988,0.00
1786219547,ingest,0.00,0.00,0.0,0.000,0.002,10.613,34.464,0.00
1786219552,ingest,0.00,0.00,0.0,0.000,0.002,10.985,34.092,0.00
1786219557,ingest,0.00,0.00,0.0,0.000,0.002,11.442,33.633,0.00
1786219562,ingest,0.00,0.00,0.0,0.000,0.002,12.055,33.019,0.00
1786219567,ingest,0.00,0.00,0.0,0.000,0.002,12.504,32.568,0.00
1786219572,ingest,0.00,0.00,0.0,0.000,0.002,12.948,32.123,0.00
1786219577,ingest,0.00,0.00,0.0,0.000,0.002,13.432,31.638,0.00
1786219582,ingest,0.00,0.00,0.0,0.000,0.002,13.902,31.167,0.00
1786219587,ingest,0.00,0.00,0.0,0.000,0.002,14.241,30.826,0.00
1786219592,ingest,0.00,0.00,0.0,0.000,0.002,14.683,30.384,0.00
1786219597,ingest,0.00,0.00,0.0,0.000,0.002,15.135,29.930,0.00
1786219602,ingest,0.00,0.00,0.0,0.000,0.002,15.660,29.404,0.00
1786219607,ingest,0.00,0.00,0.0,0.000,0.002,16.167,28.894,0.00
1786219612,ingest,0.00,0.00,0.0,0.000,0.002,16.685,28.375,0.00
1786219617,ingest,0.00,0.00,0.0,0.000,0.002,17.220,27.837,0.00
1786219622,ingest,0.00,0.00,0.0,0.000,0.002,17.743,27.312,0.00
1786219627,ingest,0.00,0.00,0.0,0.000,0.002,18.198,26.856,0.00
1786219632,ingest,0.00,0.00,0.0,0.000,0.002,18.651,26.403,0.00
1786219638,ingest,0.00,0.00,0.0,0.000,0.002,19.271,25.779,0.00
1786219643,ingest,0.00,0.00,0.0,0.000,0.002,19.723,25.328,0.00
1786219648,ingest,0.00,0.00,0.0,0.000,0.002,20.250,24.798,0.00
1786219653,ingest,0.00,0.00,0.0,0.000,0.002,20.794,24.252,0.00
1786219658,ingest,0.00,0.00,0.0,0.000,0.002,21.239,23.802,0.00
1786219663,ingest,0.00,0.00,0.0,0.000,0.002,21.776,23.263,0.00
1786219668,ingest,0.00,0.00,0.0,0.000,0.002,22.071,22.962,0.00
1786219673,bench_chimod,0.00,0.00,0.0,0.000,0.002,22.071,22.963,0.00
1786219678,bench_chimod,0.00,0.00,0.0,0.000,0.002,34.884,22.271,1.58
1786219683,bench_chimod,0.00,0.00,0.0,0.000,0.002,38.151,22.117,0.00
1786219688,bench_chimod,0.00,0.00,0.0,0.000,0.002,38.203,22.063,0.00
1786219693,idle,0.00,0.00,0.0,0.000,0.002,0.000,22.058,0.00
1786219698,idle,0.00,0.00,0.0,0.000,0.002,0.315,44.758,0.02
1786219703,ingest,0.00,0.00,0.0,0.000,0.002,0.671,44.402,0.01
1786219708,ingest,0.00,0.00,0.0,0.000,0.002,1.123,43.951,0.00
1786219713,ingest,0.00,0.00,0.0,0.000,0.002,1.715,43.359,0.00
1786219718,ingest,0.00,0.00,0.0,0.000,0.002,2.165,42.907,0.00
1786219723,ingest,0.00,0.00,0.0,0.000,0.002,2.702,42.369,0.00
1786219728,ingest,0.00,0.00,0.1,0.000,0.002,3.218,41.850,0.00
1786219734,ingest,0.00,0.00,0.0,0.000,0.002,3.680,41.388,0.00
1786219739,ingest,0.00,0.00,0.0,0.000,0.002,4.130,40.936,0.00
1786219744,ingest,0.00,0.00,0.0,0.000,0.002,4.486,40.580,0.00
1786219749,ingest,0.00,0.00,0.0,0.000,0.002,4.918,40.148,0.00
1786219754,ingest,0.00,0.00,0.0,0.000,0.002,5.305,39.760,0.00
1786219759,ingest,0.00,0.01,0.1,0.000,0.002,5.739,39.325,0.00
1786219764,ingest,0.00,0.00,0.0,0.000,0.002,6.222,38.839,0.00
1786219769,ingest,0.00,0.00,0.0,0.000,0.002,6.607,38.452,0.00
1786219774,ingest,0.00,0.00,0.0,0.000,0.002,7.041,38.017,0.00
1786219779,ingest,0.00,0.00,0.0,0.000,0.002,7.317,37.740,0.00
1786219784,ingest,0.00,0.00,0.0,0.000,0.002,7.744,37.311,0.00
1786219789,ingest,0.00,0.00,0.1,0.000,0.002,8.184,36.870,0.00
1786219794,ingest,0.00,0.00,0.0,0.000,0.002,8.592,36.460,0.00
1786219799,ingest,0.00,0.00,0.0,0.000,0.002,9.010,36.043,0.00
1786219804,ingest,0.00,0.00,0.0,0.000,0.002,9.427,35.623,0.00
1786219809,ingest,0.00,0.00,0.0,0.000,0.002,9.775,35.274,0.00
1786219814,ingest,0.00,0.00,0.0,0.000,0.002,10.231,34.816,0.00
1786219819,ingest,0.00,0.00,0.1,0.000,0.002,10.771,34.276,0.00
1786219824,ingest,0.00,0.00,0.0,0.000,0.002,11.192,33.853,0.00
1786219830,ingest,0.00,0.00,0.0,0.000,0.002,11.718,33.325,0.00
1786219835,ingest,0.00,0.00,0.0,0.000,0.002,12.174,32.869,0.00
1786219840,ingest,0.00,0.00,0.0,0.000,0.002,12.607,32.434,0.00
1786219845,ingest,0.00,0.00,0.0,0.000,0.002,13.141,31.897,0.00
1786219850,ingest,0.00,0.00,0.0,0.000,0.002,13.584,31.453,0.00
1786219855,ingest,0.00,0.00,0.0,0.000,0.002,14.010,31.026,0.00
1786219860,ingest,0.00,0.00,0.0,0.000,0.002,14.367,30.667,0.00
1786219865,ingest,0.00,0.00,0.0,0.000,0.002,14.807,30.226,0.00
1786219870,ingest,0.00,0.00,0.0,0.000,0.002,15.248,29.784,0.00
1786219875,ingest,0.00,0.00,0.0,0.000,0.002,15.785,29.246,0.00
1786219880,ingest,0.00,0.00,0.0,0.000,0.002,16.290,28.740,0.00
1786219885,ingest,0.00,0.00,0.0,0.000,0.002,16.729,28.298,0.00
1786219890,ingest,0.00,0.00,0.0,0.000,0.002,17.260,27.766,0.00
1786219895,ingest,0.00,0.00,0.0,0.000,0.002,17.699,27.325,0.00
1786219900,ingest,0.00,0.00,0.0,0.000,0.002,18.229,26.794,0.00
1786219905,ingest,0.00,0.00,0.0,0.000,0.002,18.700,26.322,0.00
1786219910,ingest,0.00,0.00,0.0,0.000,0.002,19.311,25.709,0.00
1786219915,ingest,0.00,0.00,0.0,0.000,0.002,19.762,25.256,0.00
1786219920,ingest,0.00,0.00,0.0,0.000,0.002,20.289,24.727,0.00
1786219926,ingest,0.00,0.00,0.0,0.000,0.002,20.750,24.265,0.00
1786219931,ingest,0.00,0.00,0.0,0.000,0.002,21.274,23.738,0.00
1786219936,ingest,0.00,0.00,0.0,0.000,0.002,21.832,23.179,0.00
1786219941,bench_mixed,0.00,0.00,0.0,0.000,0.002,23.630,22.589,1.58
1786219946,bench_mixed,0.00,0.00,0.0,0.000,0.002,37.510,22.274,0.00
1786219951,bench_mixed,0.00,0.00,0.0,0.000,0.002,38.120,22.133,0.00
1786219956,bench_mixed,0.00,0.00,0.0,0.000,0.002,38.158,22.093,0.00
1786219961,bench_mixed,0.00,0.00,0.0,0.000,0.002,38.193,22.060,0.00
1786219966,bench_mixed,0.00,0.00,0.0,0.000,0.002,38.301,21.950,0.00
1786219971,bench_mixed,0.00,0.00,0.0,0.000,0.002,38.350,21.901,0.00
1786219976,bench_mixed,0.00,0.00,0.0,0.000,0.002,38.370,21.880,0.00
1786219981,bench_mixed,0.00,0.00,0.0,0.000,0.002,38.387,21.864,0.00
1786219986,bench_mixed,0.00,0.00,0.0,0.000,0.002,38.406,21.845,0.00
1786219991,bench_mixed,0.00,0.00,0.0,0.000,0.002,38.414,21.837,0.00
1786219996,bench_mixed,0.00,0.00,0.0,0.000,0.002,38.424,21.826,0.00
1786220001,bench_mixed,0.00,0.00,0.0,0.000,0.002,38.444,21.806,0.02
1786220006,bench_mixed,0.00,0.00,0.0,0.000,0.002,38.451,21.798,0.00
1786220011,bench_mixed,0.00,0.00,0.0,0.000,0.002,38.465,21.784,0.00
1786220017,bench_mixed,0.00,0.00,0.0,0.000,0.002,38.466,21.783,0.00
1786220022,bench_mixed,0.00,0.00,0.0,0.000,0.002,38.474,21.776,0.00
1786220027,bench_mixed,0.00,0.00,0.0,0.000,0.002,38.484,21.767,0.00
1786220032,bench_mixed,0.00,0.00,0.0,0.000,0.002,38.494,21.758,0.00
1786220037,bench_mixed,0.00,0.00,0.0,0.000,0.002,38.502,21.749,0.00
1786220042,bench_mixed,0.00,0.00,0.0,0.000,0.002,38.505,21.747,0.00
1786220047,bench_mixed,0.00,0.00,0.0,0.000,0.002,38.507,21.744,0.00
1786220052,bench_mixed,0.00,0.00,0.0,0.000,0.002,38.510,21.741,0.00
1786220057,bench_mixed,0.00,0.00,0.0,0.000,0.002,38.513,21.738,0.00
1786220062,bench_mixed,0.00,0.00,0.0,0.000,0.002,38.520,21.730,0.00
1786220067,bench_mixed,0.00,0.00,0.0,0.000,0.002,38.527,21.723,0.00
1786220072,bench_mixed,0.00,0.00,0.0,0.000,0.002,38.529,21.721,0.00
1786220077,bench_mixed,0.00,0.00,0.0,0.000,0.002,38.533,21.716,0.00
1786220082,bench_mixed,0.00,0.00,0.0,0.000,0.002,38.535,21.714,0.00
1786220087,bench_mixed,0.00,0.00,0.0,0.000,0.002,38.537,21.713,0.00
1786220092,bench_mixed,0.00,0.00,0.0,0.000,0.002,38.538,21.712,0.00
1786220097,bench_mixed,0.00,0.00,0.0,0.000,0.002,38.543,21.707,0.00
1786220102,bench_mixed,0.00,0.00,0.0,0.000,0.002,38.552,21.697,0.00
1786220107,bench_mixed,0.00,0.00,0.0,0.000,0.002,38.553,21.697,0.00
1786220113,bench_mixed,0.00,0.00,0.0,0.000,0.002,38.577,21.673,0.00
1786220118,bench_mixed,0.00,0.00,0.0,0.000,0.002,39.216,21.027,0.00
1786220123,bench_mixed,0.00,0.00,0.0,0.000,0.002,39.688,20.812,0.00
1786220128,bench_mixed,0.00,0.00,0.0,0.000,0.002,39.935,20.809,0.00
1786220133,bench_mixed,0.00,0.00,0.0,0.000,0.002,39.997,20.806,0.00
1786220138,bench_mixed,0.00,0.00,0.0,0.000,0.002,40.008,20.806,0.00
1786220143,bench_mixed,0.00,0.00,0.0,0.000,0.002,40.029,20.797,0.00
1786220148,bench_mixed,0.00,0.00,0.0,0.000,0.002,40.039,20.793,0.00
1786220153,bench_mixed,0.00,0.00,0.0,0.000,0.002,40.045,20.791,0.00
1786220158,bench_mixed,0.00,0.00,0.0,0.000,0.002,40.045,20.790,0.00
1786220163,bench_mixed,0.00,0.00,0.0,0.000,0.002,40.048,20.788,0.00
1786220168,bench_mixed,0.00,0.00,0.0,0.000,0.002,40.052,20.787,0.00
1786220173,bench_mixed,0.00,0.00,0.0,0.000,0.002,40.053,20.786,0.00
1786220178,bench_mixed,0.00,0.00,0.0,0.000,0.002,40.060,20.777,0.00
1786220183,bench_mixed,0.00,0.00,0.0,0.000,0.002,40.063,20.775,0.00
1786220188,bench_mixed,0.00,0.00,0.0,0.000,0.002,40.065,20.772,0.00
1786220193,bench_mixed,0.00,0.00,0.0,0.000,0.002,40.066,20.771,0.00
1786220198,bench_mixed,0.00,0.00,0.0,0.000,0.002,40.068,20.767,0.00
1786220204,bench_mixed,0.00,0.00,0.0,0.000,0.002,40.069,20.765,0.00
1786220209,bench_mixed,0.00,0.00,0.0,0.000,0.002,40.070,20.764,0.00
1786220214,bench_mixed,0.00,0.00,0.0,0.000,0.002,40.071,20.763,0.00
1786220219,bench_mixed,0.00,0.00,0.0,0.000,0.002,40.076,20.757,0.00
1786220224,bench_mixed,0.00,0.00,0.0,0.000,0.002,40.076,20.757,0.00
1786220229,bench_mixed,0.00,0.00,0.0,0.000,0.002,40.077,20.757,0.00
1786220234,bench_mixed,0.00,0.00,0.0,0.000,0.002,40.079,20.754,0.00
1786220239,bench_mixed,0.00,0.00,0.0,0.000,0.002,40.080,20.753,0.00
1786220244,bench_mixed,0.00,0.00,0.0,0.000,0.002,40.080,20.752,0.00
1786220249,bench_mixed,0.00,0.00,0.0,0.000,0.002,40.081,20.751,0.00
1786220254,bench_mixed,0.00,0.00,0.0,0.000,0.002,40.084,20.747,0.00
1786220259,bench_mixed,0.00,0.00,0.0,0.000,0.002,40.086,20.745,0.00
1786220264,bench_mixed,0.00,0.00,0.0,0.000,0.002,40.739,20.092,0.00
1786220269,bench_mixed,0.00,0.00,0.0,0.000,0.002,41.224,19.869,0.00
1786220274,bench_mixed,0.00,0.00,0.0,0.000,0.002,41.455,19.870,0.00
1786220279,bench_mixed,0.00,0.00,0.0,0.000,0.002,41.521,19.866,0.00
1786220284,bench_mixed,0.00,0.00,0.0,0.000,0.002,41.547,19.863,0.00
1786220289,bench_mixed,0.00,0.00,0.0,0.000,0.002,41.553,19.861,0.00
1786220295,bench_mixed,0.00,0.00,0.0,0.000,0.002,41.557,19.860,0.00
1786220300,bench_mixed,0.00,0.00,0.0,0.000,0.002,41.569,19.844,0.02
1786220305,bench_mixed,0.00,0.00,0.0,0.000,0.002,41.572,19.841,0.00
1786220310,bench_mixed,0.00,0.00,0.0,0.000,0.002,41.573,19.840,0.00
1786220315,bench_mixed,0.00,0.00,0.0,0.000,0.002,41.573,19.840,0.00
1786220320,bench_mixed,0.00,0.00,0.0,0.000,0.002,41.577,19.837,0.00
1786220325,bench_mixed,0.00,0.00,0.0,0.000,0.002,41.580,19.837,0.00
1786220330,bench_mixed,0.00,0.00,0.0,0.000,0.002,41.581,19.835,0.00
1786220335,bench_mixed,0.00,0.00,0.0,0.000,0.002,41.583,19.833,0.00
1786220340,bench_mixed,0.00,0.00,0.0,0.000,0.002,41.585,19.832,0.00
1786220345,bench_mixed,0.00,0.00,0.0,0.000,0.002,41.586,19.831,0.00
1786220350,bench_mixed,0.00,0.00,0.0,0.000,0.002,41.586,19.831,0.00
1786220355,bench_mixed,0.00,0.00,0.0,0.000,0.002,41.589,19.829,0.00
1786220360,bench_mixed,0.00,0.00,0.0,0.000,0.002,41.589,19.828,0.00
1786220365,bench_mixed,0.00,0.00,0.0,0.000,0.002,41.590,19.827,0.00
1786220370,bench_mixed,0.00,0.00,0.0,0.000,0.002,41.594,19.824,0.00
1786220375,bench_mixed,0.00,0.00,0.0,0.000,0.002,41.596,19.823,0.00
1786220380,bench_mixed,0.00,0.00,0.0,0.000,0.002,41.596,19.821,0.00
1786220385,bench_mixed,0.00,0.00,0.0,0.000,0.002,41.597,19.820,0.00
1786220391,bench_mixed,0.00,0.00,0.0,0.000,0.002,41.598,19.818,0.00
1786220396,bench_mixed,0.00,0.00,0.0,0.000,0.002,41.598,19.818,0.00
1786220401,bench_mixed,0.00,0.00,0.0,0.000,0.002,41.599,19.817,0.00
1786220406,bench_mixed,0.00,0.00,0.0,0.000,0.002,41.741,19.675,0.00
1786220411,bench_mixed,0.00,0.00,0.0,0.000,0.002,42.349,19.062,0.00
1786220416,bench_mixed,0.00,0.00,0.0,0.000,0.002,42.789,18.995,0.00
1786220421,bench_mixed,0.00,0.00,0.0,0.000,0.002,42.936,18.989,0.00
1786220426,bench_mixed,0.00,0.00,0.0,0.000,0.002,42.978,18.988,0.00
1786220431,bench_mixed,0.00,0.00,0.0,0.000,0.002,42.998,18.987,0.00
1786220436,bench_mixed,0.00,0.00,0.0,0.000,0.002,43.010,18.988,0.00
1786220441,bench_mixed,0.00,0.00,0.0,0.000,0.002,43.020,18.984,0.00
1786220446,bench_mixed,0.00,0.00,0.0,0.000,0.002,43.023,18.983,0.00
1786220451,bench_mixed,0.00,0.00,0.0,0.000,0.002,43.026,18.981,0.00
1786220456,bench_mixed,0.00,0.00,0.0,0.000,0.002,43.034,18.979,0.00
1786220461,bench_mixed,0.00,0.00,0.0,0.000,0.002,43.037,18.975,0.00
1786220466,bench_mixed,0.00,0.00,0.0,0.000,0.002,43.039,18.974,0.00
1786220471,bench_mixed,0.00,0.00,0.0,0.000,0.002,43.039,18.972,0.00
1786220476,bench_mixed,0.00,0.00,0.0,0.000,0.002,43.041,18.970,0.00
1786220482,bench_mixed,0.00,0.00,0.0,0.000,0.002,43.044,18.968,0.00
1786220487,bench_mixed,0.00,0.00,0.0,0.000,0.002,43.045,18.967,0.00
1786220492,bench_mixed,0.00,0.00,0.0,0.000,0.002,43.046,18.967,0.00
1786220497,bench_mixed,0.00,0.00,0.0,0.000,0.002,43.049,18.962,0.00
1786220502,bench_mixed,0.00,0.00,0.0,0.000,0.002,43.052,18.959,0.00
1786220507,bench_mixed,0.00,0.00,0.0,0.000,0.002,43.054,18.959,0.00
1786220512,bench_mixed,0.00,0.00,0.0,0.000,0.002,43.054,18.959,0.00
1786220517,bench_mixed,0.00,0.00,0.0,0.000,0.002,43.056,18.956,0.00
1786220522,bench_mixed,0.00,0.00,0.0,0.000,0.002,43.057,18.955,0.00
1786220527,bench_mixed,0.00,0.00,0.0,0.000,0.002,43.057,18.955,0.00
1786220532,bench_mixed,0.00,0.00,0.0,0.000,0.002,43.061,18.950,0.00
1786220537,bench_mixed,0.00,0.00,0.0,0.000,0.002,43.064,18.948,0.00
1786220542,bench_mixed,0.00,0.00,0.0,0.000,0.002,43.064,18.948,0.00
1786220547,bench_mixed,0.00,0.00,0.0,0.000,0.002,43.064,18.948,0.00
1786220552,bench_mixed,0.00,0.00,0.0,0.000,0.002,43.123,18.890,0.00
1786220557,bench_mixed,0.00,0.00,0.0,0.000,0.002,43.796,18.218,0.00
1786220562,bench_mixed,0.00,0.00,0.0,0.000,0.002,44.263,18.072,0.00
1786220567,bench_mixed,0.00,0.00,0.0,0.000,0.002,44.441,18.072,0.00
1786220573,bench_mixed,0.00,0.00,0.0,0.000,0.002,44.499,18.072,0.00
1786220578,bench_mixed,0.00,0.00,0.0,0.000,0.002,44.521,18.070,0.00
1786220583,bench_mixed,0.00,0.00,0.0,0.000,0.002,44.535,18.065,0.00
1786220588,bench_mixed,0.00,0.00,0.0,0.000,0.002,44.544,18.060,0.00
1786220593,bench_mixed,0.00,0.00,0.0,0.000,0.002,44.549,18.058,0.00
1786220598,bench_mixed,0.00,0.00,0.0,0.000,0.002,44.549,18.058,0.00
1786220603,bench_mixed,0.00,0.00,0.0,0.000,0.002,44.554,18.049,0.02
1786220608,bench_mixed,0.00,0.00,0.0,0.000,0.002,44.555,18.049,0.00
1786220613,bench_mixed,0.00,0.00,0.0,0.000,0.002,44.557,18.048,0.00
1786220618,bench_mixed,0.00,0.00,0.0,0.000,0.002,44.559,18.046,0.00
1786220623,bench_mixed,0.00,0.00,0.0,0.000,0.002,44.562,18.043,0.00
1786220628,bench_mixed,0.00,0.00,0.0,0.000,0.002,44.566,18.040,0.00
1786220633,bench_mixed,0.00,0.00,0.0,0.000,0.002,44.567,18.039,0.00
1786220638,bench_mixed,0.00,0.00,0.0,0.000,0.002,44.567,18.039,0.00
1786220643,bench_mixed,0.00,0.00,0.0,0.000,0.002,44.570,18.036,0.00
1786220648,bench_mixed,0.00,0.00,0.0,0.000,0.002,44.572,18.035,0.00
1786220653,bench_mixed,0.00,0.00,0.0,0.000,0.002,44.573,18.034,0.00
1786220658,bench_mixed,0.00,0.00,0.0,0.000,0.002,44.573,18.033,0.00
1786220663,bench_mixed,0.00,0.00,0.0,0.000,0.002,44.577,18.028,0.00
1786220669,bench_mixed,0.00,0.00,0.0,0.000,0.002,44.580,18.025,0.00
1786220674,bench_mixed,0.00,0.00,0.0,0.000,0.002,44.581,18.024,0.00
1786220679,bench_mixed,0.00,0.00,0.0,0.000,0.002,44.581,18.024,0.00
1786220684,bench_mixed,0.00,0.00,0.0,0.000,0.002,44.583,18.022,0.00
1786220689,bench_mixed,0.00,0.00,0.0,0.000,0.002,44.583,18.021,0.00
1786220694,bench_mixed,0.00,0.00,0.0,0.000,0.002,44.583,18.021,0.00
1786220699,bench_mixed,0.00,0.00,0.0,0.000,0.002,44.881,17.724,0.00
1786220704,bench_mixed,0.00,0.00,0.0,0.000,0.002,45.417,17.208,0.00
1786220709,bench_mixed,0.00,0.00,0.0,0.000,0.002,45.816,17.204,0.00
1786220714,bench_mixed,0.00,0.00,0.0,0.000,0.002,45.931,17.200,0.00
1786220719,bench_mixed,0.00,0.00,0.0,0.000,0.002,45.970,17.201,0.00
1786220724,bench_mixed,0.00,0.00,0.0,0.000,0.002,45.981,17.200,0.00
1786220729,bench_mixed,0.00,0.00,0.0,0.000,0.002,45.994,17.200,0.00
1786220734,bench_mixed,0.00,0.00,0.0,0.000,0.002,46.001,17.196,0.00
1786220739,bench_mixed,0.00,0.00,0.0,0.000,0.002,46.006,17.194,0.00
1786220744,bench_mixed,0.00,0.00,0.0,0.000,0.002,46.007,17.194,0.00
1786220749,bench_mixed,0.00,0.00,0.0,0.000,0.002,46.018,17.191,0.00
1786220754,bench_mixed,0.00,0.00,0.0,0.000,0.002,46.021,17.187,0.00
1786220760,bench_mixed,0.00,0.00,0.0,0.000,0.002,46.021,17.187,0.00
1786220765,bench_mixed,0.00,0.00,0.0,0.000,0.002,46.022,17.187,0.00
1786220770,bench_mixed,0.00,0.00,0.0,0.000,0.002,46.022,17.187,0.00
1786220775,bench_mixed,0.00,0.00,0.0,0.000,0.002,46.025,17.184,0.00
1786220780,bench_mixed,0.00,0.00,0.0,0.000,0.002,46.027,17.182,0.00
1786220785,bench_mixed,0.00,0.00,0.0,0.000,0.002,46.028,17.180,0.00
1786220790,bench_mixed,0.00,0.00,0.0,0.000,0.002,46.029,17.179,0.00
1786220795,bench_mixed,0.00,0.00,0.0,0.000,0.002,46.033,17.176,0.00
1786220800,bench_mixed,0.00,0.00,0.0,0.000,0.002,46.036,17.174,0.00
1786220805,bench_mixed,0.00,0.00,0.0,0.000,0.002,46.037,17.172,0.00
1786220810,bench_mixed,0.00,0.00,0.0,0.000,0.002,46.037,17.172,0.00
1786220815,bench_mixed,0.00,0.00,0.0,0.000,0.002,46.040,17.170,0.00
1786220820,bench_mixed,0.00,0.00,0.0,0.000,0.002,46.041,17.169,0.00
1786220825,bench_mixed,0.00,0.00,0.0,0.000,0.002,46.041,17.169,0.00
1786220830,bench_mixed,0.00,0.00,0.0,0.000,0.002,46.041,17.169,0.00
1786220835,bench_mixed,0.00,0.00,0.0,0.000,0.002,46.045,17.166,0.00
1786220840,bench_mixed,0.00,0.00,0.0,0.000,0.002,46.126,17.085,0.00
1786220845,bench_mixed,0.00,0.00,0.0,0.000,0.002,46.790,16.424,0.00
1786220850,bench_mixed,0.00,0.00,0.0,0.000,0.002,47.225,16.292,0.00
1786220856,bench_mixed,0.00,0.00,0.0,0.000,0.002,47.401,16.293,0.00
1786220861,bench_mixed,0.00,0.00,0.0,0.000,0.002,47.472,16.293,0.00
1786220866,bench_mixed,0.00,0.00,0.0,0.000,0.002,47.497,16.289,0.00
1786220871,bench_mixed,0.00,0.00,0.0,0.000,0.002,47.508,16.287,0.00
1786220876,bench_mixed,0.00,0.00,0.0,0.000,0.002,47.513,16.285,0.00
1786220881,bench_mixed,0.00,0.00,0.0,0.000,0.002,47.518,16.284,0.00
1786220886,bench_mixed,0.00,0.00,0.0,0.000,0.002,47.527,16.278,0.00
1786220891,bench_mixed,0.00,0.00,0.0,0.000,0.002,47.534,16.274,0.00
1786220896,bench_mixed,0.00,0.00,0.0,0.000,0.002,47.536,16.272,0.00
1786220901,bench_mixed,0.00,0.00,0.0,0.000,0.002,47.536,16.265,0.02
1786220906,bench_mixed,0.00,0.00,0.0,0.000,0.002,47.539,16.263,0.00
1786220911,bench_mixed,0.00,0.00,0.0,0.000,0.002,47.540,16.262,0.00
1786220916,bench_mixed,0.00,0.00,0.0,0.000,0.002,47.542,16.259,0.00
1786220921,bench_mixed,0.00,0.00,0.0,0.000,0.002,47.544,16.258,0.00
1786220926,bench_mixed,0.00,0.00,0.0,0.000,0.002,47.548,16.253,0.00
1786220931,bench_mixed,0.00,0.00,0.0,0.000,0.002,47.551,16.248,0.00
1786220936,bench_mixed,0.00,0.00,0.0,0.000,0.002,47.551,16.248,0.00
1786220941,bench_mixed,0.00,0.00,0.0,0.000,0.002,47.552,16.247,0.00
1786220947,bench_mixed,0.00,0.00,0.0,0.000,0.002,47.552,16.247,0.00
1786220952,bench_mixed,0.00,0.00,0.0,0.000,0.002,47.555,16.243,0.00
1786220957,bench_mixed,0.00,0.00,0.0,0.000,0.002,47.557,16.243,0.00
1786220962,bench_mixed,0.00,0.00,0.0,0.000,0.002,47.558,16.242,0.00
1786220967,bench_mixed,0.00,0.00,0.0,0.000,0.002,47.559,16.241,0.00
1786220972,bench_mixed,0.00,0.00,0.0,0.000,0.002,47.562,16.237,0.00
1786220977,bench_mixed,0.00,0.00,0.0,0.000,0.002,47.565,16.234,0.00
1786220982,bench_mixed,0.00,0.00,0.0,0.000,0.002,47.566,16.233,0.00
1786220987,bench_mixed,0.00,0.00,0.0,0.000,0.002,48.080,15.721,0.00
1786220992,bench_mixed,0.00,0.00,0.0,0.000,0.002,48.570,15.358,0.00
1786220997,bench_mixed,0.00,0.00,0.0,0.000,0.002,48.878,15.358,0.00
1786221002,bench_mixed,0.00,0.00,0.0,0.000,0.002,48.978,15.355,0.00
1786221007,bench_mixed,0.00,0.00,0.0,0.000,0.002,49.015,15.353,0.00
1786221012,bench_mixed,0.00,0.00,0.0,0.000,0.002,49.025,15.351,0.00
1786221017,bench_mixed,0.00,0.00,0.0,0.000,0.002,49.031,15.349,0.00
1786221022,bench_mixed,0.00,0.00,0.0,0.000,0.002,49.048,15.344,0.00
1786221027,bench_mixed,0.00,0.00,0.0,0.000,0.002,49.053,15.341,0.00
1786221032,bench_mixed,0.00,0.00,0.0,0.000,0.002,49.055,15.340,0.00
1786221038,bench_mixed,0.00,0.00,0.0,0.000,0.002,49.055,15.340,0.00
1786221043,bench_mixed,0.00,0.00,0.0,0.000,0.002,49.055,15.340,0.00
1786221048,bench_mixed,0.00,0.00,0.0,0.000,0.002,49.059,15.337,0.00
1786221053,bench_mixed,0.00,0.00,0.0,0.000,0.002,49.062,15.335,0.00
1786221058,bench_mixed,0.00,0.00,0.0,0.000,0.002,49.062,15.335,0.00
1786221063,bench_mixed,0.00,0.00,0.0,0.000,0.002,49.063,15.333,0.00
1786221068,bench_mixed,0.00,0.00,0.0,0.000,0.002,49.068,15.329,0.00
1786221073,bench_mixed,0.00,0.00,0.0,0.000,0.002,49.071,15.325,0.00
1786221078,bench_mixed,0.00,0.00,0.0,0.000,0.002,49.071,15.324,0.00
1786221083,bench_mixed,0.00,0.00,0.0,0.000,0.002,49.071,15.324,0.00
1786221088,bench_mixed,0.00,0.00,0.0,0.000,0.002,49.074,15.321,0.00
1786221093,bench_mixed,0.00,0.00,0.0,0.000,0.002,49.074,15.321,0.00
1786221098,bench_mixed,0.00,0.00,0.0,0.000,0.002,49.077,15.319,0.00
1786221103,bench_mixed,0.00,0.00,0.0,0.000,0.002,49.077,15.318,0.00
1786221108,bench_mixed,0.00,0.00,0.0,0.000,0.002,49.080,15.316,0.00
1786221113,bench_mixed,0.00,0.00,0.0,0.000,0.002,49.083,15.313,0.00
1786221118,bench_mixed,0.00,0.00,0.0,0.000,0.002,49.083,15.311,0.00
1786221123,bench_mixed,0.00,0.00,0.0,0.000,0.002,49.084,15.311,0.00
1786221128,bench_mixed,0.00,0.00,0.0,0.000,0.002,49.084,15.311,0.00
1786221134,bench_mixed,0.00,0.00,0.0,0.000,0.002,49.648,14.748,0.00
1786221139,bench_mixed,0.00,0.00,0.0,0.000,0.002,50.077,14.497,0.00
1786221144,bench_mixed,0.00,0.00,0.0,0.000,0.002,50.354,14.493,0.00
1786221149,bench_mixed,0.00,0.00,0.0,0.000,0.002,50.447,14.492,0.00
1786221154,bench_mixed,0.00,0.00,0.0,0.000,0.002,50.471,14.490,0.00
1786221159,bench_mixed,0.00,0.00,0.0,0.000,0.002,50.492,14.489,0.00
1786221164,bench_mixed,0.00,0.00,0.0,0.000,0.002,50.499,14.483,0.00
1786221169,bench_mixed,0.00,0.00,0.0,0.000,0.002,50.508,14.480,0.00
1786221174,bench_mixed,0.00,0.00,0.0,0.000,0.002,50.509,14.479,0.00
1786221179,bench_mixed,0.00,0.00,0.0,0.000,0.002,50.511,14.479,0.00
1786221184,bench_mixed,0.00,0.00,0.0,0.000,0.002,50.517,14.477,0.00
1786221189,bench_mixed,0.00,0.00,0.0,0.000,0.002,50.518,14.476,0.00
1786221194,bench_mixed,0.00,0.00,0.0,0.000,0.002,50.521,14.473,0.00
1786221199,bench_mixed,0.00,0.00,0.0,0.000,0.002,50.521,14.466,0.02
1786221204,bench_mixed,0.00,0.00,0.0,0.000,0.002,50.522,14.464,0.00
1786221209,bench_mixed,0.00,0.00,0.0,0.000,0.002,50.526,14.460,0.00
1786221214,bench_mixed,0.00,0.00,0.0,0.000,0.002,50.529,14.456,0.00
1786221219,bench_mixed,0.00,0.00,0.0,0.000,0.002,50.530,14.455,0.00
1786221225,bench_mixed,0.00,0.00,0.0,0.000,0.002,50.530,14.455,0.00
1786221230,bench_mixed,0.00,0.00,0.0,0.000,0.002,50.532,14.453,0.00
1786221235,bench_mixed,0.00,0.00,0.0,0.000,0.002,50.533,14.451,0.00
1786221240,bench_mixed,0.00,0.00,0.0,0.000,0.002,50.535,14.449,0.00
1786221245,bench_mixed,0.00,0.00,0.0,0.000,0.002,50.535,14.448,0.00
1786221250,bench_mixed,0.00,0.00,0.0,0.000,0.002,50.537,14.446,0.00
1786221255,bench_mixed,0.00,0.00,0.0,0.000,0.002,50.541,14.442,0.00
1786221260,bench_mixed,0.00,0.00,0.0,0.000,0.002,50.544,14.439,0.00
1786221265,bench_mixed,0.00,0.00,0.0,0.000,0.002,50.544,14.438,0.00
1786221270,bench_mixed,0.00,0.00,0.0,0.000,0.002,50.544,14.438,0.00
1786221275,bench_mixed,0.00,0.00,0.0,0.000,0.002,50.547,14.435,0.00
1786221280,bench_mixed,0.00,0.00,0.0,0.000,0.002,50.922,14.062,0.00
1786221285,bench_mixed,0.00,0.00,0.0,0.000,0.002,51.452,13.560,0.00
1786221290,bench_mixed,0.00,0.00,0.0,0.000,0.002,51.820,13.559,0.00
1786221295,bench_mixed,0.00,0.00,0.0,0.000,0.002,51.936,13.558,0.00
1786221300,bench_mixed,0.00,0.00,0.0,0.000,0.002,51.983,13.557,0.00
1786221305,bench_mixed,0.00,0.00,0.0,0.000,0.002,52.004,13.552,0.00
1786221310,bench_mixed,0.00,0.00,0.0,0.000,0.002,52.019,13.548,0.00
1786221315,bench_mixed,0.00,0.00,0.0,0.000,0.002,52.026,13.547,0.00
1786221321,bench_mixed,0.00,0.00,0.0,0.000,0.002,52.029,13.546,0.00
1786221326,bench_mixed,0.00,0.00,0.0,0.000,0.002,52.029,13.546,0.00
1786221331,bench_mixed,0.00,0.00,0.0,0.000,0.002,52.034,13.543,0.00
1786221336,bench_mixed,0.00,0.00,0.0,0.000,0.002,52.036,13.541,0.00
1786221341,bench_mixed,0.00,0.00,0.0,0.000,0.002,52.040,13.539,0.00
1786221346,bench_mixed,0.00,0.00,0.0,0.000,0.002,52.040,13.539,0.00
1786221351,bench_mixed,0.00,0.00,0.0,0.000,0.002,52.046,13.533,0.00
1786221356,bench_mixed,0.00,0.00,0.0,0.000,0.002,52.046,13.534,0.00
1786221361,bench_mixed,0.00,0.00,0.0,0.000,0.002,52.049,13.530,0.00
1786221366,bench_mixed,0.00,0.00,0.0,0.000,0.002,52.050,13.529,0.00
1786221371,bench_mixed,0.00,0.00,0.0,0.000,0.002,52.050,13.528,0.00
1786221376,bench_mixed,0.00,0.00,0.0,0.000,0.002,52.053,13.525,0.00
1786221381,bench_mixed,0.00,0.00,0.0,0.000,0.002,52.053,13.525,0.00
1786221386,bench_mixed,0.00,0.00,0.0,0.000,0.002,52.056,13.523,0.00
1786221391,bench_mixed,0.00,0.00,0.0,0.000,0.002,52.056,13.523,0.00
1786221396,bench_mixed,0.00,0.00,0.0,0.000,0.002,52.058,13.521,0.00
1786221401,bench_mixed,0.00,0.00,0.0,0.000,0.002,52.062,13.517,0.00
1786221406,bench_mixed,0.00,0.00,0.0,0.000,0.002,52.065,13.513,0.00
1786221412,bench_mixed,0.00,0.00,0.0,0.000,0.002,52.066,13.513,0.00
1786221417,bench_mixed,0.00,0.00,0.0,0.000,0.002,52.066,13.513,0.00
1786221422,bench_mixed,0.00,0.00,0.0,0.000,0.002,52.068,13.510,0.00
1786221427,bench_mixed,0.00,0.00,0.0,0.000,0.002,52.314,13.265,0.00
1786221432,bench_mixed,0.00,0.00,0.0,0.000,0.002,52.903,12.701,0.00
1786221437,bench_mixed,0.00,0.00,0.0,0.000,0.002,53.284,12.697,0.00
1786221442,bench_mixed,0.00,0.00,0.0,0.000,0.002,53.395,12.696,0.00
1786221447,bench_mixed,0.00,0.00,0.0,0.000,0.002,53.441,12.695,0.00
1786221452,bench_mixed,0.00,0.00,0.0,0.000,0.002,53.464,12.689,0.00
1786221457,bench_mixed,0.00,0.00,0.0,0.000,0.002,53.475,12.687,0.00
1786221462,bench_mixed,0.00,0.00,0.0,0.000,0.002,53.481,12.682,0.00
1786221467,bench_mixed,0.00,0.00,0.0,0.000,0.002,53.489,12.682,0.00
1786221472,bench_mixed,0.00,0.00,0.0,0.000,0.002,53.490,12.681,0.00
1786221477,bench_mixed,0.00,0.00,0.0,0.000,0.002,53.494,12.679,0.00
1786221482,bench_mixed,0.00,0.00,0.0,0.000,0.002,53.495,12.678,0.00
1786221487,bench_mixed,0.00,0.00,0.0,0.000,0.002,53.497,12.675,0.00
1786221492,bench_mixed,0.00,0.00,0.0,0.000,0.002,53.498,12.674,0.00
1786221497,bench_mixed,0.00,0.00,0.0,0.000,0.002,53.501,12.671,0.00
1786221502,bench_mixed,0.00,0.00,0.0,0.000,0.002,53.505,12.663,0.02
1786221508,bench_mixed,0.00,0.00,0.0,0.000,0.002,53.509,12.660,0.00
1786221513,bench_mixed,0.00,0.00,0.0,0.000,0.002,53.509,12.660,0.00
1786221518,bench_mixed,0.00,0.00,0.0,0.000,0.002,53.510,12.659,0.00
1786221523,bench_mixed,0.00,0.00,0.0,0.000,0.002,53.510,12.659,0.00
1786221528,bench_mixed,0.00,0.00,0.0,0.000,0.002,53.513,12.655,0.00
1786221533,bench_mixed,0.00,0.00,0.0,0.000,0.002,53.515,12.652,0.00
1786221538,bench_mixed,0.00,0.00,0.0,0.000,0.002,53.516,12.652,0.00
1786221543,bench_mixed,0.00,0.00,0.0,0.000,0.002,53.518,12.652,0.00
1786221548,bench_mixed,0.00,0.00,0.0,0.000,0.002,53.522,12.647,0.00
1786221553,bench_mixed,0.00,0.00,0.0,0.000,0.002,53.525,12.644,0.00
1786221558,bench_mixed,0.00,0.00,0.0,0.000,0.002,53.525,12.643,0.00
1786221563,bench_mixed,0.00,0.00,0.0,0.000,0.002,53.526,12.643,0.00
1786221568,bench_mixed,0.00,0.00,0.0,0.000,0.002,53.526,12.643,0.00
1786221573,bench_mixed,0.00,0.00,0.0,0.000,0.002,53.777,12.392,0.00
1786221578,bench_mixed,0.00,0.00,0.0,0.000,0.002,54.372,11.796,0.00
1786221583,bench_mixed,0.00,0.00,0.0,0.000,0.002,54.791,11.763,0.00
1786221588,bench_mixed,0.00,0.00,0.0,0.000,0.002,54.916,11.762,0.00
1786221593,bench_mixed,0.00,0.00,0.0,0.000,0.002,54.955,11.761,0.00
1786221599,bench_mixed,0.00,0.00,0.0,0.000,0.002,54.979,11.761,0.00
1786221604,bench_mixed,0.00,0.00,0.0,0.000,0.002,54.998,11.754,0.00
1786221609,bench_mixed,0.00,0.00,0.0,0.000,0.002,55.007,11.751,0.00
1786221614,bench_mixed,0.00,0.00,0.0,0.000,0.002,55.013,11.745,0.00
1786221619,bench_mixed,0.00,0.00,0.0,0.000,0.002,55.017,11.745,0.00
1786221624,bench_mixed,0.00,0.00,0.0,0.000,0.002,55.018,11.744,0.00
1786221629,bench_mixed,0.00,0.00,0.0,0.000,0.002,55.018,11.744,0.00
1786221634,bench_mixed,0.00,0.00,0.0,0.000,0.002,55.023,11.740,0.00
1786221639,bench_mixed,0.00,0.00,0.0,0.000,0.002,55.024,11.738,0.00
1786221644,bench_mixed,0.00,0.00,0.0,0.000,0.002,55.026,11.737,0.00
1786221649,bench_mixed,0.00,0.00,0.0,0.000,0.002,55.027,11.735,0.00
1786221654,bench_mixed,0.00,0.00,0.0,0.000,0.002,55.032,11.731,0.00
1786221659,bench_mixed,0.00,0.00,0.0,0.000,0.002,55.035,11.728,0.00
1786221664,bench_mixed,0.00,0.00,0.0,0.000,0.002,55.035,11.727,0.00
1786221669,bench_mixed,0.00,0.00,0.0,0.000,0.002,55.036,11.726,0.00
1786221674,bench_mixed,0.00,0.00,0.0,0.000,0.002,55.036,11.726,0.00
1786221679,bench_mixed,0.00,0.00,0.0,0.000,0.002,55.039,11.723,0.00
1786221684,bench_mixed,0.00,0.00,0.0,0.000,0.002,55.039,11.722,0.00
1786221689,bench_mixed,0.00,0.00,0.0,0.000,0.002,55.042,11.718,0.00
1786221695,bench_mixed,0.00,0.00,0.0,0.000,0.002,55.042,11.718,0.00
1786221700,bench_mixed,0.00,0.00,0.0,0.000,0.002,55.044,11.716,0.00
1786221705,bench_mixed,0.00,0.00,0.0,0.000,0.002,55.048,11.713,0.00
1786221710,bench_mixed,0.00,0.00,0.0,0.000,0.002,55.051,11.709,0.00
1786221715,bench_mixed,0.00,0.00,0.0,0.000,0.002,55.051,11.709,0.00
1786221720,bench_mixed,0.00,0.00,0.0,0.000,0.002,55.298,11.464,0.00
1786221725,bench_mixed,0.00,0.00,0.0,0.000,0.002,55.885,10.877,0.00
1786221730,bench_mixed,0.00,0.00,0.0,0.000,0.002,56.223,10.899,0.00
1786221735,bench_mixed,0.00,0.00,0.0,0.000,0.002,56.355,10.899,0.00
1786221740,bench_mixed,0.00,0.00,0.0,0.000,0.002,56.410,10.895,0.00
1786221745,bench_mixed,0.00,0.00,0.0,0.000,0.002,56.434,10.893,0.00
1786221750,bench_mixed,0.00,0.00,0.0,0.000,0.002,56.453,10.892,0.00
1786221755,bench_mixed,0.00,0.00,0.0,0.000,0.002,56.456,10.891,0.00
1786221760,bench_mixed,0.00,0.00,0.0,0.000,0.002,56.468,10.885,0.00
1786221765,bench_mixed,0.00,0.00,0.0,0.000,0.002,56.470,10.884,0.00
1786221770,bench_mixed,0.00,0.00,0.0,0.000,0.002,56.476,10.880,0.00
1786221775,bench_mixed,0.00,0.00,0.0,0.000,0.002,56.477,10.881,0.00
1786221780,bench_mixed,0.00,0.00,0.0,0.000,0.002,56.478,10.880,0.00
1786221786,bench_mixed,0.00,0.00,0.0,0.000,0.002,56.478,10.880,0.00
1786221791,bench_mixed,0.00,0.00,0.0,0.000,0.002,56.482,10.876,0.00
1786221796,bench_mixed,0.00,0.00,0.0,0.000,0.002,56.484,10.875,0.00
1786221801,bench_mixed,0.00,0.00,0.0,0.000,0.002,56.484,10.868,0.02
1786221806,bench_mixed,0.00,0.00,0.0,0.000,0.002,56.486,10.866,0.00
1786221811,bench_mixed,0.00,0.00,0.0,0.000,0.002,56.490,10.863,0.00
1786221816,bench_mixed,0.00,0.00,0.0,0.000,0.002,56.490,10.863,0.00
1786221821,bench_mixed,0.00,0.00,0.0,0.000,0.002,56.493,10.860,0.00
1786221826,bench_mixed,0.00,0.00,0.0,0.000,0.002,56.494,10.860,0.00
1786221831,bench_mixed,0.00,0.00,0.0,0.000,0.002,56.494,10.859,0.00
1786221836,bench_mixed,0.00,0.00,0.0,0.000,0.002,56.494,10.860,0.00
1786221841,bench_mixed,0.00,0.00,0.0,0.000,0.002,56.497,10.857,0.00
1786221846,bench_mixed,0.00,0.00,0.0,0.000,0.002,56.499,10.857,0.00
1786221851,bench_mixed,0.00,0.00,0.0,0.000,0.002,56.499,10.855,0.00
1786221856,bench_mixed,0.00,0.00,0.0,0.000,0.002,56.501,10.855,0.00
1786221861,bench_mixed,0.00,0.00,0.0,0.000,0.002,56.505,10.852,0.00
1786221866,bench_mixed,0.00,0.00,0.0,0.000,0.002,56.703,10.653,0.00
1786221871,bench_mixed,0.00,0.00,0.0,0.000,0.002,57.290,10.068,0.00
1786221876,bench_mixed,0.00,0.00,0.0,0.000,0.002,58.022,9.641,0.00
1786221882,bench_mixed,0.00,0.00,0.0,0.000,0.002,58.254,9.563,0.00
1786221887,bench_mixed,0.00,0.00,0.0,0.000,0.002,58.382,9.496,0.00
1786221892,bench_mixed,0.00,0.00,0.0,0.000,0.002,58.426,9.488,0.00
1786221897,bench_mixed,0.00,0.00,0.0,0.000,0.002,58.748,9.191,0.00
1786221902,bench_mixed,0.00,0.00,0.0,0.000,0.002,58.785,9.164,0.00
1786221907,bench_mixed,0.00,0.00,0.0,0.000,0.002,58.811,9.142,0.00
1786221912,bench_mixed,0.00,0.00,0.0,0.000,0.002,58.818,9.135,0.00
1786221917,bench_mixed,0.00,0.00,0.0,0.000,0.002,58.849,9.107,0.00
1786221922,bench_mixed,0.00,0.00,0.0,0.000,0.002,58.874,9.084,0.00
1786221927,bench_mixed,0.00,0.00,0.0,0.000,0.002,58.898,9.060,0.00
1786221932,bench_mixed,0.00,0.00,0.0,0.000,0.002,58.951,9.007,0.00
1786221937,bench_mixed,0.00,0.00,0.0,0.000,0.002,58.954,9.003,0.00
1786221942,bench_mixed,0.00,0.00,0.0,0.000,0.002,58.967,8.993,0.00
1786221947,bench_mixed,0.00,0.00,0.0,0.000,0.002,59.038,8.921,0.00
1786221952,bench_mixed,0.00,0.00,0.0,0.000,0.002,59.059,8.901,0.00
1786221957,bench_mixed,0.00,0.00,0.0,0.000,0.002,59.069,8.892,0.00
1786221962,bench_mixed,0.00,0.00,0.0,0.000,0.002,59.070,8.891,0.00
1786221967,bench_mixed,0.00,0.00,0.0,0.000,0.002,59.099,8.862,0.00
1786221973,bench_mixed,0.00,0.00,0.0,0.000,0.002,59.109,8.853,0.00
1786221978,bench_mixed,0.00,0.00,0.0,0.000,0.002,59.114,8.848,0.00
1786221983,bench_mixed,0.00,0.00,0.0,0.000,0.002,59.117,8.843,0.00
1786221988,bench_mixed,0.00,0.00,0.0,0.000,0.002,59.128,8.832,0.00
1786221993,bench_mixed,0.00,0.00,0.0,0.000,0.002,59.136,8.827,0.00
1786221998,bench_mixed,0.00,0.00,0.0,0.000,0.002,59.137,8.826,0.00
1786222003,bench_mixed,0.00,0.00,0.0,0.000,0.002,59.143,8.819,0.00
1786222008,bench_mixed,0.00,0.00,0.0,0.000,0.002,59.167,8.795,0.00
1786222013,bench_mixed,0.00,0.00,0.0,0.000,0.002,59.215,8.749,0.00
1786222018,bench_mixed,0.00,0.00,0.0,0.000,0.002,59.888,8.074,0.00
1786222023,bench_mixed,0.00,0.00,0.0,0.000,0.002,60.283,7.916,0.00
1786222028,bench_mixed,0.00,0.00,0.0,0.000,0.002,60.481,7.916,0.00
1786222033,bench_mixed,0.00,0.00,0.0,0.000,0.002,60.564,7.909,0.00
1786222038,bench_mixed,0.00,0.00,0.0,0.000,0.002,60.610,7.899,0.00
1786222043,bench_mixed,0.00,0.00,0.0,0.000,0.002,60.640,7.891,0.00
1786222048,bench_mixed,0.00,0.00,0.0,0.000,0.002,60.663,7.875,0.00
1786222053,bench_mixed,0.00,0.00,0.0,0.000,0.002,60.669,7.874,0.00
1786222058,bench_mixed,0.00,0.00,0.0,0.000,0.002,60.690,7.863,0.00
1786222064,bench_mixed,0.00,0.00,0.0,0.000,0.002,60.729,7.825,0.00
1786222069,bench_mixed,0.00,0.00,0.0,0.000,0.002,60.782,7.774,0.00
1786222074,bench_mixed,0.00,0.00,0.0,0.000,0.002,60.789,7.767,0.00
1786222079,bench_mixed,0.00,0.00,0.0,0.000,0.002,60.791,7.766,0.00
1786222084,bench_mixed,0.00,0.00,0.0,0.000,0.002,60.794,7.762,0.00
1786222089,bench_mixed,0.00,0.00,0.0,0.000,0.002,60.800,7.756,0.00
1786222094,bench_mixed,0.00,0.00,0.0,0.000,0.002,60.810,7.745,0.00
1786222099,bench_mixed,0.00,0.00,0.0,0.000,0.002,60.810,7.742,0.01
1786222104,bench_mixed,0.00,0.00,0.0,0.000,0.002,60.814,7.734,0.01
1786222109,bench_mixed,0.00,0.00,0.0,0.000,0.002,60.827,7.721,0.00
1786222114,bench_mixed,0.00,0.00,0.0,0.000,0.002,60.827,7.720,0.00
1786222119,bench_mixed,0.00,0.00,0.0,0.000,0.002,60.884,7.663,0.00
1786222124,bench_mixed,0.00,0.00,0.0,0.000,0.002,60.886,7.661,0.00
1786222129,bench_mixed,0.00,0.00,0.0,0.000,0.002,60.889,7.658,0.00
1786222134,bench_mixed,0.00,0.00,0.0,0.000,0.002,60.897,7.649,0.00
1786222139,bench_mixed,0.00,0.00,0.0,0.000,0.002,60.900,7.646,0.00
1786222144,bench_mixed,0.00,0.00,0.0,0.000,0.002,60.903,7.645,0.00
1786222149,bench_mixed,0.00,0.00,0.0,0.000,0.002,60.904,7.643,0.00
1786222154,bench_mixed,0.00,0.00,0.0,0.000,0.002,60.906,7.641,0.00
1786222160,bench_mixed,0.00,0.00,0.0,0.000,0.002,60.918,7.629,0.00
1786222165,bench_mixed,0.00,0.00,0.0,0.000,0.002,61.573,6.973,0.00
1786222170,bench_mixed,0.00,0.00,0.0,0.000,0.002,61.951,6.822,0.00
1786222175,bench_mixed,0.00,0.00,0.0,0.000,0.002,62.186,6.815,0.00
1786222180,bench_mixed,0.00,0.00,0.0,0.000,0.002,62.606,6.462,0.00
1786222185,bench_mixed,0.00,0.00,0.0,0.000,0.002,62.672,6.437,0.00
1786222190,bench_mixed,0.00,0.00,0.0,0.000,0.002,62.773,6.355,0.00
1786222195,bench_mixed,0.00,0.00,0.0,0.000,0.002,62.783,6.350,0.00
1786222200,bench_mixed,0.00,0.00,0.0,0.000,0.002,63.321,5.823,0.00
1786222205,bench_mixed,0.00,0.00,0.0,0.000,0.002,63.495,5.649,0.00
1786222210,bench_mixed,0.00,0.00,0.0,0.000,0.002,63.588,5.557,0.00
1786222215,bench_mixed,0.00,0.00,0.0,0.000,0.002,63.601,5.546,0.00
1786222220,bench_mixed,0.00,0.00,0.0,0.000,0.002,63.639,5.508,0.00
1786222225,bench_mixed,0.00,0.00,0.0,0.000,0.002,63.658,5.489,0.00
1786222230,bench_mixed,0.00,0.00,0.0,0.000,0.002,63.693,5.453,0.00
1786222235,bench_mixed,0.00,0.00,0.0,0.000,0.002,63.694,5.452,0.00
1786222240,bench_mixed,0.00,0.00,0.0,0.000,0.002,63.733,5.413,0.00
1786222245,bench_mixed,0.00,0.00,0.0,0.000,0.002,63.761,5.385,0.00
1786222251,bench_mixed,0.00,0.00,0.0,0.000,0.002,63.792,5.353,0.00
1786222256,bench_mixed,0.00,0.00,0.0,0.000,0.002,63.822,5.325,0.00
1786222261,bench_mixed,0.00,0.00,0.0,0.000,0.002,63.841,5.306,0.00
1786222266,bench_mixed,0.00,0.00,0.0,0.000,0.002,63.860,5.286,0.00
1786222271,bench_mixed,0.00,0.00,0.0,0.000,0.002,63.865,5.280,0.00
1786222276,bench_mixed,0.00,0.00,0.0,0.000,0.002,63.880,5.265,0.00
1786222281,bench_mixed,0.00,0.00,0.0,0.000,0.002,63.914,5.231,0.00
1786222286,bench_mixed,0.00,0.00,0.0,0.000,0.002,63.926,5.219,0.00
1786222291,bench_mixed,0.00,0.00,0.0,0.000,0.002,63.938,5.206,0.00
1786222296,bench_mixed,0.00,0.00,0.0,0.000,0.002,63.970,5.174,0.00
1786222301,bench_mixed,0.00,0.00,0.0,0.000,0.002,63.979,5.164,0.00
1786222306,bench_mixed,0.00,0.00,0.0,0.000,0.002,64.004,5.141,0.00
1786222311,bench_mixed,0.00,0.00,0.0,0.000,0.002,64.637,4.507,0.00
1786222316,bench_mixed,0.00,0.00,0.0,0.000,0.002,64.918,4.226,0.00
1786222321,bench_mixed,0.00,0.00,0.0,0.000,0.002,64.932,4.212,0.00
1786222326,bench_mixed,0.00,0.00,0.0,0.000,0.002,64.933,4.211,0.00
1786222331,bench_mixed,0.00,0.00,0.0,0.000,0.002,64.935,4.209,0.00
1786222336,bench_mixed,0.00,0.00,0.0,0.000,0.002,64.943,4.200,0.00
1786222341,bench_mixed,0.00,0.00,0.0,0.000,0.002,64.950,4.193,0.00
1786222347,bench_mixed,0.00,0.00,0.0,0.000,0.002,64.966,4.176,0.00
1786222352,bench_mixed,0.00,0.00,0.0,0.000,0.002,64.986,4.157,0.00
1786222357,bench_mixed,0.00,0.00,0.0,0.000,0.002,64.997,4.147,0.00
1786222362,bench_mixed,0.00,0.00,0.0,0.000,0.002,65.020,4.124,0.00
1786222367,bench_mixed,0.00,0.00,0.0,0.000,0.002,65.039,4.103,0.00
1786222372,bench_mixed,0.00,0.00,0.0,0.000,0.002,65.040,4.103,0.00
1786222377,bench_mixed,0.00,0.00,0.0,0.000,0.002,65.049,4.093,0.00
1786222382,bench_mixed,0.00,0.00,0.0,0.000,0.002,65.055,4.088,0.00
1786222387,bench_mixed,0.00,0.00,0.0,0.000,0.002,65.076,4.068,0.00
1786222392,bench_mixed,0.00,0.00,0.0,0.000,0.002,65.099,4.045,0.00
1786222397,bench_mixed,0.00,0.00,0.0,0.000,0.002,65.105,4.039,0.00
1786222402,bench_mixed,0.00,0.00,0.0,0.000,0.002,65.127,4.009,0.02
1786222407,bench_mixed,0.00,0.00,0.0,0.000,0.002,65.133,4.002,0.00
1786222412,bench_mixed,0.00,0.00,0.0,0.000,0.002,65.151,3.985,0.00
1786222417,bench_mixed,0.00,0.00,0.0,0.000,0.002,65.151,3.985,0.00
1786222422,bench_mixed,0.00,0.00,0.0,0.000,0.002,65.154,3.982,0.00
1786222427,bench_mixed,0.00,0.00,0.0,0.000,0.002,65.158,3.978,0.00
1786222432,bench_mixed,0.00,0.00,0.0,0.000,0.002,65.173,3.964,0.00
1786222437,bench_mixed,0.00,0.00,0.0,0.000,0.002,65.182,3.954,0.00
1786222442,bench_mixed,0.00,0.00,0.0,0.000,0.002,65.196,3.942,0.00
1786222448,bench_mixed,0.00,0.00,0.0,0.000,0.002,65.203,3.934,0.00
1786222453,bench_mixed,0.00,0.00,0.0,0.000,0.002,65.732,3.406,0.00
1786222458,bench_mixed,0.00,0.00,0.0,0.000,0.002,66.019,3.122,0.00
1786222463,bench_mixed,0.00,0.00,0.0,0.000,0.002,66.023,3.118,0.00
1786222468,bench_mixed,0.00,0.00,0.0,0.000,0.002,66.031,3.110,0.00
1786222473,bench_mixed,0.00,0.00,0.0,0.000,0.002,66.038,3.104,0.00
1786222478,bench_mixed,0.00,0.00,0.0,0.000,0.002,66.043,3.099,0.00
1786222483,bench_mixed,0.00,0.00,0.0,0.000,0.002,66.051,3.091,0.00
1786222488,bench_mixed,0.00,0.00,0.0,0.000,0.002,66.064,3.077,0.00
1786222493,bench_mixed,0.00,0.00,0.0,0.000,0.002,66.076,3.065,0.00
1786222498,bench_mixed,0.00,0.00,0.0,0.000,0.002,66.091,3.051,0.00
1786222503,bench_mixed,0.00,0.00,0.0,0.000,0.002,66.102,3.039,0.00
1786222508,bench_mixed,0.00,0.00,0.0,0.000,0.002,66.103,3.038,0.00
1786222513,bench_mixed,0.00,0.00,0.0,0.000,0.002,66.107,3.034,0.00
1786222518,bench_mixed,0.00,0.00,0.0,0.000,0.002,66.117,3.024,0.00
1786222523,bench_mixed,0.00,0.00,0.0,0.000,0.002,66.120,3.021,0.00
1786222528,bench_mixed,0.00,0.00,0.0,0.000,0.002,66.127,3.014,0.00
1786222533,bench_mixed,0.00,0.00,0.0,0.000,0.002,66.150,2.992,0.00
1786222539,bench_mixed,0.00,0.00,0.0,0.000,0.002,66.160,2.981,0.00
1786222544,bench_mixed,0.00,0.00,0.0,0.000,0.002,66.164,2.977,0.00
1786222549,bench_mixed,0.00,0.00,0.0,0.000,0.002,66.165,2.975,0.00
1786222554,bench_mixed,0.00,0.00,0.0,0.000,0.002,66.165,2.975,0.00
1786222559,bench_mixed,0.00,0.00,0.0,0.000,0.002,66.179,2.961,0.00
1786222564,bench_mixed,0.00,0.00,0.0,0.000,0.002,66.192,2.947,0.00
1786222569,bench_mixed,0.00,0.00,0.0,0.000,0.002,66.192,2.947,0.00
1786222574,bench_mixed,0.00,0.00,0.0,0.000,0.002,66.199,2.939,0.00
1786222579,bench_mixed,0.00,0.00,0.0,0.000,0.002,66.207,2.932,0.00
1786222584,bench_mixed,0.00,0.00,0.0,0.000,0.002,66.219,2.920,0.00
1786222589,bench_mixed,0.00,0.00,0.0,0.000,0.002,66.227,2.910,0.00
1786222594,bench_mixed,0.00,0.00,0.0,0.000,0.002,66.232,2.905,0.00
1786222599,bench_mixed,0.00,0.00,0.0,0.000,0.002,66.780,2.357,0.00
1786222604,bench_mixed,0.00,0.00,0.0,0.000,0.002,67.106,2.028,0.00
1786222609,bench_mixed,0.00,0.00,0.0,0.000,0.002,67.107,2.028,0.00
1786222614,bench_mixed,0.00,0.00,0.0,0.000,0.002,67.112,2.023,0.00
1786222619,bench_mixed,0.00,0.00,0.0,0.000,0.002,67.113,2.022,0.00
1786222624,bench_mixed,0.00,0.00,0.0,0.000,0.002,67.121,2.014,0.00
1786222629,bench_mixed,0.00,0.00,0.0,0.000,0.002,67.133,2.001,0.00
1786222634,bench_mixed,0.00,0.00,0.0,0.000,0.002,67.136,1.999,0.00
1786222640,bench_mixed,0.00,0.00,0.0,0.000,0.002,67.148,1.986,0.00
1786222645,bench_mixed,0.00,0.00,0.0,0.000,0.002,67.148,1.986,0.00
1786222650,bench_mixed,0.00,0.00,0.0,0.000,0.002,67.149,1.985,0.00
1786222655,bench_mixed,0.00,0.00,0.0,0.000,0.002,67.157,1.976,0.00
1786222660,bench_mixed,0.00,0.00,0.0,0.000,0.002,67.157,1.975,0.00
1786222665,bench_mixed,0.00,0.00,0.0,0.000,0.002,67.157,1.975,0.00
1786222670,bench_mixed,0.00,0.00,0.0,0.000,0.002,67.158,1.973,0.00
1786222675,bench_mixed,0.00,0.00,0.0,0.000,0.002,67.172,1.959,0.00
1786222680,bench_mixed,0.00,0.00,0.0,0.000,0.002,67.186,1.945,0.00
1786222685,bench_mixed,0.00,0.00,0.0,0.000,0.002,67.192,1.939,0.00
1786222690,bench_mixed,0.00,0.00,0.0,0.000,0.002,67.198,1.933,0.00
1786222695,bench_mixed,0.00,0.00,0.0,0.000,0.002,67.204,1.926,0.00
1786222700,bench_mixed,0.00,0.00,0.0,0.000,0.002,67.208,1.916,0.02
1786222705,bench_mixed,0.00,0.00,0.0,0.000,0.002,67.214,1.910,0.00
1786222710,bench_mixed,0.00,0.00,0.0,0.000,0.002,67.214,1.910,0.00
1786222715,bench_mixed,0.00,0.00,0.0,0.000,0.002,67.219,1.905,0.00
1786222720,bench_mixed,0.00,0.00,0.0,0.000,0.002,67.228,1.897,0.00
1786222725,bench_mixed,0.00,0.00,0.0,0.000,0.002,67.239,1.886,0.00
1786222731,bench_mixed,0.00,0.00,0.0,0.000,0.002,67.239,1.885,0.00
1786222736,bench_mixed,0.00,0.00,0.0,0.000,0.002,67.240,1.883,0.00
1786222741,bench_mixed,0.00,0.00,0.0,0.000,0.002,67.246,1.878,0.00
1786222746,bench_mixed,0.00,0.00,0.0,0.000,0.002,67.795,1.326,0.00
1786222751,bench_mixed,0.00,0.00,0.0,0.000,0.002,68.119,1.003,0.00
1786222756,bench_mixed,0.00,0.00,0.0,0.000,0.002,68.120,1.001,0.00
1786222761,bench_mixed,0.00,0.00,0.0,0.000,0.002,68.120,1.001,0.00
1786222766,bench_mixed,0.00,0.00,0.0,0.000,0.002,68.127,0.993,0.00
1786222771,bench_mixed,0.00,0.00,0.0,0.000,0.002,68.140,0.981,0.00
1786222776,bench_mixed,0.00,0.00,0.0,0.000,0.002,68.148,0.972,0.00
1786222781,bench_mixed,0.00,0.00,0.0,0.000,0.002,68.156,0.963,0.00
1786222786,bench_mixed,0.00,0.00,0.0,0.000,0.002,68.158,0.962,0.00
1786222791,bench_mixed,0.00,0.00,0.0,0.000,0.002,68.158,0.960,0.00
1786222796,bench_mixed,0.00,0.00,0.0,0.000,0.002,68.166,0.953,0.00
1786222801,bench_mixed,0.00,0.00,0.0,0.000,0.002,68.171,0.948,0.00
1786222806,bench_mixed,0.00,0.00,0.0,0.000,0.002,68.176,0.943,0.00
1786222811,bench_mixed,0.00,0.00,0.0,0.000,0.002,68.183,0.937,0.00
1786222816,bench_mixed,0.00,0.00,0.0,0.000,0.002,68.188,0.932,0.00
1786222821,bench_mixed,0.00,0.00,0.0,0.000,0.002,68.197,0.925,0.00
1786222826,bench_mixed,0.00,0.00,0.0,0.000,0.002,68.212,0.910,0.00
1786222832,bench_mixed,0.00,0.00,0.0,0.000,0.002,68.218,0.904,0.00
1786222837,bench_mixed,0.00,0.00,0.0,0.000,0.002,68.218,0.903,0.00
1786222842,bench_mixed,0.00,0.00,0.0,0.000,0.002,68.218,0.904,0.00
1786222847,bench_mixed,0.00,0.00,0.0,0.000,0.002,68.222,0.899,0.00
1786222852,bench_mixed,0.00,0.00,0.0,0.000,0.002,68.225,0.897,0.00
1786222857,bench_mixed,0.00,0.00,0.0,0.000,0.002,68.228,0.895,0.00
1786222862,bench_mixed,0.00,0.00,0.0,0.000,0.002,68.244,0.879,0.00
1786222867,bench_mixed,0.00,0.00,0.0,0.000,0.002,68.250,0.874,0.00
1786222872,bench_mixed,0.00,0.00,0.0,0.000,0.002,68.259,0.865,0.00
1786222877,bench_mixed,0.00,0.00,0.0,0.000,0.002,68.260,0.863,0.00
1786222882,bench_mixed,0.00,0.00,0.0,0.000,0.002,68.260,0.863,0.00
1786222887,bench_mixed,0.00,0.00,0.0,0.000,0.002,68.274,0.852,0.00
1786222892,bench_mixed,0.00,0.00,0.0,0.000,0.002,68.921,0.202,0.00
1786222897,bench_mixed,0.00,0.00,0.0,0.000,0.002,69.061,0.167,0.00
1786222904,bench_mixed,0.00,0.00,0.1,0.000,0.002,69.067,0.149,0.00
1786222909,bench_mixed,0.00,0.00,0.0,0.000,0.002,69.068,0.165,0.00
1786222914,bench_mixed,0.00,0.00,0.0,0.000,0.002,69.071,0.152,0.00
1786222923,bench_mixed,0.00,0.00,0.0,0.000,0.002,69.078,0.155,0.00
1786222940,bench_mixed,0.00,0.00,0.0,0.000,0.002,69.079,0.154,0.00
1786222946,bench_mixed,0.00,0.00,0.0,0.000,0.002,69.084,0.159,0.00
1786222956,bench_mixed,0.00,0.00,0.0,0.000,0.002,69.087,0.156,0.00
1786222983,bench_mixed,0.00,0.00,0.0,0.000,0.002,69.088,0.153,0.00
1786222994,bench_mixed,0.00,0.00,0.0,0.000,0.002,69.089,0.140,0.00
1786223011,bench_mixed,0.00,0.00,0.0,0.000,0.002,0.000,0.218,0.00
1786223096,bench_mixed,0.00,0.00,0.0,0.000,0.002,0.000,9.784,0.00
1786223101,bench_mixed,0.00,0.00,0.0,0.000,0.002,0.000,45.126,0.00
1786223106,bench_mixed,0.00,0.00,0.0,0.000,0.002,0.000,45.121,0.00
1786223111,bench_mixed,0.00,0.00,0.0,0.000,0.002,0.000,45.121,0.00
1786223116,bench_mixed,0.00,0.00,0.0,0.000,0.002,0.000,45.121,0.00
1786223121,bench_mixed,0.00,0.00,0.0,0.000,0.002,0.000,45.121,0.00
1786223126,bench_mixed,0.00,0.00,0.0,0.000,0.002,0.000,45.120,0.00
1786223131,bench_mixed,0.00,0.00,0.0,0.000,0.002,0.000,45.120,0.00
1786223136,bench_mixed,0.00,0.00,0.0,0.000,0.002,0.000,45.120,0.00
1786223141,bench_mixed,0.00,0.00,0.0,0.000,0.002,0.000,45.120,0.00
1786223146,bench_mixed,0.00,0.00,0.0,0.000,0.002,0.000,45.120,0.00
1786223151,bench_mixed,0.00,0.00,0.0,0.000,0.002,0.000,45.120,0.00
1786223156,bench_mixed,0.00,0.00,0.0,0.000,0.002,0.000,45.119,0.00
1786223161,bench_mixed,0.00,0.00,0.0,0.000,0.002,0.000,45.120,0.00
1786223166,bench_mixed,0.00,0.00,0.0,0.000,0.002,0.000,45.120,0.00
1786223171,bench_mixed,0.00,0.00,0.0,0.000,0.002,0.000,45.119,0.00
1786223176,bench_mixed,0.00,0.00,0.0,0.000,0.002,0.000,45.119,0.00
1786223181,bench_mixed,0.00,0.00,0.0,0.000,0.002,0.000,45.120,0.00
1786223187,bench_mixed,0.00,0.00,0.0,0.000,0.002,0.000,45.119,0.00
1786223192,bench_mixed,0.00,0.00,0.0,0.000,0.002,0.000,45.119,0.00
1786223197,bench_mixed,0.00,0.00,0.0,0.000,0.002,0.000,45.119,0.00
1786223202,bench_mixed,0.00,0.00,0.0,0.000,0.002,0.000,45.119,0.00
1786223207,bench_mixed,0.00,0.00,0.0,0.000,0.002,0.000,45.119,0.00
1786223212,bench_mixed,0.00,0.00,0.0,0.000,0.002,0.000,45.119,0.00
1786223217,bench_mixed,0.00,0.00,0.0,0.000,0.002,0.000,45.120,0.00
1786223222,bench_mixed,0.00,0.00,0.0,0.000,0.002,0.000,45.120,0.00
1786223227,bench_mixed,0.00,0.00,0.0,0.000,0.002,0.000,45.119,0.00
1786223232,bench_mixed,0.00,0.00,0.0,0.000,0.002,0.000,45.121,0.00
1786223237,bench_mixed,0.00,0.00,0.0,0.000,0.002,0.000,45.121,0.00
1786223242,bench_mixed,0.00,0.00,0.0,0.000,0.002,0.000,45.121,0.00
1786223247,bench_mixed,0.00,0.00,0.0,0.000,0.002,0.000,45.121,0.00
1786223252,bench_mixed,0.00,0.00,0.0,0.000,0.002,0.000,45.120,0.00
1786223257,bench_mixed,0.00,0.00,0.0,0.000,0.002,0.000,45.119,0.00
1786223262,bench_mixed,0.00,0.00,0.0,0.000,0.002,0.000,45.119,0.00
1786223267,bench_mixed,0.00,0.00,0.0,0.000,0.002,0.000,45.118,0.00
1786223272,bench_mixed,0.00,0.00,0.0,0.000,0.002,0.000,45.119,0.00
1786223277,bench_mixed,0.00,0.00,0.0,0.000,0.002,0.000,45.119,0.00
1786223283,bench_mixed,0.00,0.00,0.0,0.000,0.002,0.000,45.119,0.00
1786223288,bench_mixed,0.00,0.00,0.0,0.000,0.002,0.000,45.119,0.00
1786223293,bench_mixed,0.00,0.00,0.0,0.000,0.002,0.000,45.120,0.00
1786223298,bench_mixed,0.00,0.00,0.0,0.000,0.002,0.000,45.120,0.00
1786223303,bench_mixed,0.00,0.00,0.0,0.000,0.002,0.000,45.120,0.00
1786223308,bench_mixed,0.00,0.00,0.0,0.000,0.002,0.000,45.120,0.00
1786223313,bench_mixed,0.00,0.00,0.0,0.000,0.002,0.000,45.120,0.00
1786223318,bench_mixed,0.00,0.00,0.0,0.000,0.002,0.000,45.120,0.00
1786223323,bench_mixed,0.00,0.00,0.0,0.000,0.002,0.000,45.120,0.00
1786223328,bench_mixed,0.00,0.00,0.0,0.000,0.002,0.000,45.120,0.00
1786223333,bench_mixed,0.00,0.00,0.0,0.000,0.002,0.000,45.120,0.00
1786223338,bench_mixed,0.00,0.00,0.0,0.000,0.002,0.000,45.118,0.00
1786223343,bench_mixed,0.00,0.00,0.0,0.000,0.002,0.000,45.117,0.00
1786223348,bench_mixed,0.00,0.00,0.0,0.000,0.002,0.000,45.118,0.00
1786223353,bench_mixed,0.00,0.00,0.0,0.000,0.002,0.000,45.119,0.00
1786223358,bench_mixed,0.00,0.00,0.0,0.000,0.002,0.000,45.119,0.00
1786223363,bench_mixed,0.00,0.00,0.0,0.000,0.002,0.000,45.120,0.00
1786223368,bench_mixed,0.00,0.00,0.0,0.000,0.002,0.000,45.120,0.00
1786223373,bench_mixed,0.00,0.00,0.0,0.000,0.002,0.000,45.119,0.00
1786223379,bench_mixed,0.00,0.00,0.0,0.000,0.002,0.000,45.119,0.00
1786223384,bench_mixed,0.00,0.00,0.0,0.000,0.002,0.000,45.118,0.00
1786223389,bench_mixed,0.00,0.00,0.0,0.000,0.002,0.000,45.118,0.00
1786223394,bench_mixed,0.00,0.00,0.0,0.000,0.002,0.000,45.118,0.00
1786223399,bench_mixed,0.00,0.00,0.0,0.000,0.002,0.000,45.119,0.00
1786223404,bench_mixed,0.00,0.00,0.0,0.000,0.002,0.000,45.118,0.00
1786223409,bench_mixed,0.00,0.00,0.0,0.000,0.002,0.000,45.118,0.00
1786223414,bench_mixed,0.00,0.00,0.0,0.000,0.002,0.000,45.119,0.00
1786223419,bench_mixed,0.00,0.00,0.0,0.000,0.002,0.000,45.119,0.00
1786223424,bench_mixed,0.00,0.00,0.0,0.000,0.002,0.000,45.119,0.00
1786223429,bench_mixed,0.00,0.00,0.0,0.000,0.002,0.000,45.119,0.00
1786223434,bench_mixed,0.00,0.00,0.0,0.000,0.002,0.000,45.119,0.00
1786223439,bench_mixed,0.00,0.00,0.0,0.000,0.002,0.000,45.119,0.00
1786223444,bench_mixed,0.00,0.00,0.0,0.000,0.002,0.000,45.119,0.00
1786223449,bench_mixed,0.00,0.00,0.0,0.000,0.002,0.000,45.119,0.00
1786223454,bench_mixed,0.00,0.00,0.0,0.000,0.002,0.000,45.118,0.00
1786223459,bench_mixed,0.00,0.00,0.0,0.000,0.002,0.000,45.118,0.00
1786223464,bench_mixed,0.00,0.00,0.0,0.000,0.002,0.000,45.118,0.00
1786223469,bench_mixed,0.00,0.00,0.0,0.000,0.002,0.000,45.118,0.00
1786223475,bench_mixed,0.00,0.00,0.0,0.000,0.002,0.000,45.118,0.00
1786223480,bench_mixed,0.00,0.00,0.0,0.000,0.002,0.000,45.118,0.00
1786223485,bench_mixed,0.00,0.00,0.0,0.000,0.002,0.000,45.118,0.00
1786223490,bench_mixed,0.00,0.00,0.0,0.000,0.002,0.000,45.118,0.00
1786223495,bench_mixed,0.00,0.00,0.0,0.000,0.002,0.000,45.118,0.00
1786223500,bench_mixed,0.00,0.00,0.0,0.000,0.002,0.000,45.118,0.00
1786223505,bench_mixed,0.00,0.00,0.0,0.000,0.002,0.000,45.118,0.00
1786223510,bench_mixed,0.00,0.00,0.0,0.000,0.002,0.000,45.118,0.00
1786223515,bench_mixed,0.00,0.00,0.0,0.000,0.002,0.000,45.118,0.00
1786223520,bench_mixed,0.00,0.00,0.0,0.000,0.002,0.000,45.118,0.00
1786223525,bench_mixed,0.00,0.00,0.0,0.000,0.002,0.000,45.119,0.00
1786223530,bench_mixed,0.00,0.00,0.0,0.000,0.002,0.000,45.119,0.00
1786223535,bench_mixed,0.00,0.00,0.0,0.000,0.002,0.000,45.119,0.00
1786223540,bench_mixed,0.00,0.00,0.0,0.000,0.002,0.000,45.119,0.00
1786223545,bench_mixed,0.00,0.00,0.0,0.000,0.002,0.000,45.119,0.00
1786223550,bench_mixed,0.00,0.00,0.0,0.000,0.002,0.000,45.119,0.00
1786223555,bench_mixed,0.00,0.00,0.0,0.000,0.002,0.000,45.119,0.00
1786223560,bench_mixed,0.00,0.00,0.0,0.000,0.002,0.000,45.119,0.00
1786223565,bench_mixed,0.00,0.00,0.0,0.000,0.002,0.000,45.119,0.00
1786223570,bench_mixed,0.00,0.00,0.0,0.000,0.002,0.000,45.118,0.00
1786223576,bench_mixed,0.00,0.00,0.0,0.000,0.002,0.000,45.118,0.00
1786223581,bench_mixed,0.00,0.00,0.0,0.000,0.002,0.000,45.118,0.00
1786223586,bench_mixed,0.00,0.00,0.0,0.000,0.002,0.000,45.117,0.00
1786223591,bench_mixed,0.00,0.00,0.0,0.000,0.002,0.000,45.117,0.00
1786223596,bench_mixed,0.00,0.00,0.0,0.000,0.002,0.000,45.117,0.00
1786223601,bench_mixed,0.00,0.00,0.0,0.000,0.002,0.000,45.117,0.00
1786223606,bench_mixed,0.00,0.00,0.0,0.000,0.002,0.000,45.117,0.00
1786223611,bench_mixed,0.00,0.00,0.0,0.000,0.002,0.000,45.117,0.00
1786223616,bench_mixed,0.00,0.00,0.0,0.000,0.002,0.000,45.117,0.00
1786223621,bench_mixed,0.00,0.00,0.0,0.000,0.002,0.000,45.117,0.00
1786223626,bench_mixed,0.00,0.00,0.0,0.000,0.002,0.000,45.118,0.00
1786223631,bench_mixed,0.00,0.00,0.0,0.000,0.002,0.000,45.118,0.00
1786223636,bench_mixed,0.00,0.00,0.0,0.000,0.002,0.000,45.117,0.00
1786223641,bench_mixed,0.00,0.00,0.0,0.000,0.002,0.000,45.117,0.00
1786223646,bench_mixed,0.00,0.00,0.0,0.000,0.002,0.000,45.117,0.00
1786223651,bench_mixed,0.00,0.00,0.0,0.000,0.002,0.000,45.118,0.00
1786223656,bench_mixed,0.00,0.00,0.0,0.000,0.002,0.000,45.118,0.00
1786223661,bench_mixed,0.00,0.00,0.0,0.000,0.002,0.000,45.119,0.00
1786223666,bench_mixed,0.00,0.00,0.0,0.000,0.002,0.000,45.118,0.00
1786223671,bench_mixed,0.00,0.00,0.0,0.000,0.002,0.000,45.118,0.00
1786223677,bench_mixed,0.00,0.00,0.0,0.000,0.002,0.000,45.118,0.00
1786223682,bench_mixed,0.00,0.00,0.0,0.000,0.002,0.000,45.118,0.00
1786223687,bench_mixed,0.00,0.00,0.0,0.000,0.002,0.000,45.118,0.00
1786223692,bench_mixed,0.00,0.00,0.0,0.000,0.002,0.000,45.117,0.00
1786223697,bench_mixed,0.00,0.00,0.0,0.000,0.002,0.000,45.117,0.00
1786223702,bench_mixed,0.00,0.00,0.0,0.000,0.002,0.000,45.117,0.00
1786223707,bench_mixed,0.00,0.00,0.0,0.000,0.002,0.000,45.118,0.00
1786223712,bench_mixed,0.00,0.00,0.0,0.000,0.002,0.000,45.117,0.00
1786223717,bench_mixed,0.00,0.00,0.0,0.000,0.002,0.000,45.117,0.00
1786223722,bench_mixed,0.00,0.00,0.0,0.000,0.002,0.000,45.117,0.00
1786223727,bench_mixed,0.00,0.00,0.0,0.000,0.002,0.000,45.117,0.00
1786223732,bench_mixed,0.00,0.00,0.0,0.000,0.002,0.000,45.117,0.00
1786223737,bench_mixed,0.00,0.00,0.0,0.000,0.002,0.000,45.117,0.00
1786223742,bench_mixed,0.00,0.00,0.0,0.000,0.002,0.000,45.117,0.00
1786223747,bench_mixed,0.00,0.00,0.0,0.000,0.002,0.000,45.117,0.00
1786223752,bench_mixed,0.00,0.00,0.0,0.000,0.002,0.000,45.117,0.00
1786223757,bench_mixed,0.00,0.00,0.0,0.000,0.002,0.000,45.117,0.00
1786223762,bench_mixed,0.00,0.00,0.0,0.000,0.002,0.000,45.117,0.00
1786223767,bench_mixed,0.00,0.00,0.0,0.000,0.002,0.000,45.117,0.00
1786223773,bench_mixed,0.00,0.00,0.0,0.000,0.002,0.000,45.117,0.00
1786223778,bench_mixed,0.00,0.00,0.0,0.000,0.002,0.000,45.116,0.00
1786223783,bench_mixed,0.00,0.00,0.0,0.000,0.002,0.000,45.117,0.00
1786223788,bench_mixed,0.00,0.00,0.0,0.000,0.002,0.000,45.116,0.00
1786223793,bench_mixed,0.00,0.00,0.0,0.000,0.002,0.000,45.117,0.00
1786223798,bench_mixed,0.00,0.00,0.0,0.000,0.002,0.000,45.117,0.00
1786223803,bench_mixed,0.00,0.00,0.0,0.000,0.002,0.000,45.117,0.00
1786223808,bench_mixed,0.00,0.00,0.0,0.000,0.002,0.000,45.117,0.00
1786223813,bench_mixed,0.00,0.00,0.0,0.000,0.002,0.000,45.117,0.00
1786223818,bench_mixed,0.00,0.00,0.0,0.000,0.002,0.000,45.117,0.00
1786223823,bench_mixed,0.00,0.00,0.0,0.000,0.002,0.000,45.117,0.00
1786223828,bench_mixed,0.00,0.00,0.0,0.000,0.002,0.000,45.117,0.00
1786223833,bench_mixed,0.00,0.00,0.0,0.000,0.002,0.000,45.118,0.00
1786223838,bench_mixed,0.00,0.00,0.0,0.000,0.002,0.000,45.117,0.00
1786223843,bench_mixed,0.00,0.00,0.0,0.000,0.002,0.000,45.117,0.00
1786223848,bench_mixed,0.00,0.00,0.0,0.000,0.002,0.000,45.117,0.00
1786223853,bench_mixed,0.00,0.00,0.0,0.000,0.002,0.000,45.116,0.00
1786223858,bench_mixed,0.00,0.00,0.0,0.000,0.002,0.000,45.117,0.00
1786223863,bench_mixed,0.00,0.00,0.0,0.000,0.002,0.000,45.117,0.00
1786223868,bench_mixed,0.00,0.00,0.0,0.000,0.002,0.000,45.117,0.00
1786223874,bench_mixed,0.00,0.00,0.0,0.000,0.002,0.000,45.118,0.00
1786223879,bench_mixed,0.00,0.00,0.0,0.000,0.002,0.000,45.117,0.00
1786223884,bench_mixed,0.00,0.00,0.0,0.000,0.002,0.000,45.116,0.00
1786223889,bench_mixed,0.00,0.00,0.0,0.000,0.002,0.000,45.116,0.00
1786223894,bench_mixed,0.00,0.00,0.0,0.000,0.002,0.000,45.117,0.00
1786223899,bench_mixed,0.00,0.00,0.0,0.000,0.002,0.000,45.117,0.00
1786223904,bench_mixed,0.00,0.00,0.0,0.000,0.002,0.000,45.117,0.00
1786223909,bench_mixed,0.00,0.00,0.0,0.000,0.002,0.000,45.117,0.00
1786223914,bench_mixed,0.00,0.00,0.0,0.000,0.002,0.000,45.117,0.00
1786223919,bench_mixed,0.00,0.00,0.0,0.000,0.002,0.000,45.116,0.00
1786223924,bench_mixed,0.00,0.00,0.0,0.000,0.002,0.000,45.116,0.00
1786223929,bench_mixed,0.00,0.00,0.0,0.000,0.002,0.000,45.116,0.00
1786223934,bench_mixed,0.00,0.00,0.0,0.000,0.002,0.000,45.117,0.00
1786223939,bench_mixed,0.00,0.00,0.0,0.000,0.002,0.000,45.117,0.00
1786223944,bench_mixed,0.00,0.00,0.0,0.000,0.002,0.000,45.117,0.00
1786223949,bench_mixed,0.00,0.00,0.0,0.000,0.002,0.000,45.117,0.00
1786223954,bench_mixed,0.00,0.00,0.0,0.000,0.002,0.000,45.117,0.00
1786223959,bench_mixed,0.00,0.00,0.0,0.000,0.002,0.000,45.117,0.00
1786223964,bench_mixed,0.00,0.00,0.0,0.000,0.002,0.000,45.116,0.00
1786223969,bench_mixed,0.00,0.00,0.0,0.000,0.002,0.000,45.116,0.00
1786223975,bench_mixed,0.00,0.00,0.0,0.000,0.002,0.000,45.116,0.00
1786223980,bench_mixed,0.00,0.00,0.0,0.000,0.002,0.000,45.116,0.00
1786223985,bench_mixed,0.00,0.00,0.0,0.000,0.002,0.000,45.116,0.00
1786223990,bench_mixed,0.00,0.00,0.0,0.000,0.002,0.000,45.116,0.00
1786223995,bench_mixed,0.00,0.00,0.0,0.000,0.002,0.000,45.116,0.00
1786224000,bench_mixed,0.00,0.00,0.0,0.000,0.002,0.000,45.116,0.00
1786224005,bench_mixed,0.00,0.00,0.0,0.000,0.002,0.000,45.117,0.00
1786224010,bench_mixed,0.00,0.00,0.0,0.000,0.002,0.000,45.116,0.00
1786224015,bench_mixed,0.00,0.00,0.0,0.000,0.002,0.000,45.116,0.00
1786224020,bench_mixed,0.00,0.00,0.0,0.000,0.002,0.000,45.116,0.00
1786224025,bench_mixed,0.00,0.00,0.0,0.000,0.002,0.000,45.115,0.00
1786224030,bench_mixed,0.00,0.00,0.0,0.000,0.002,0.000,45.115,0.00
1786224035,bench_mixed,0.00,0.00,0.0,0.000,0.002,0.000,45.115,0.00
1786224040,bench_mixed,0.00,0.00,0.0,0.000,0.002,0.000,45.115,0.00
1786224045,bench_mixed,0.00,0.00,0.0,0.000,0.002,0.000,45.116,0.00
1786224050,bench_mixed,0.00,0.00,0.0,0.000,0.002,0.000,45.116,0.00
1786224055,bench_mixed,0.00,0.00,0.0,0.000,0.002,0.000,45.116,0.00
1786224060,bench_mixed,0.00,0.00,0.0,0.000,0.002,0.000,45.115,0.00
1786224065,bench_mixed,0.00,0.00,0.0,0.000,0.002,0.000,45.115,0.00
1786224071,bench_mixed,0.00,0.00,0.0,0.000,0.002,0.000,45.115,0.00
1786224076,bench_mixed,0.00,0.00,0.0,0.000,0.002,0.000,45.115,0.00
1786224081,bench_mixed,0.00,0.00,0.0,0.000,0.002,0.000,45.115,0.00
1786224086,bench_mixed,0.00,0.00,0.0,0.000,0.002,0.000,45.115,0.00
1786224091,bench_mixed,0.00,0.00,0.0,0.000,0.002,0.000,45.116,0.00
1786224096,bench_mixed,0.00,0.00,0.0,0.000,0.002,0.000,45.116,0.00
1786224101,bench_mixed,0.00,0.00,0.0,0.000,0.002,0.000,45.116,0.00
1786224106,bench_mixed,0.00,0.00,0.0,0.000,0.002,0.000,45.116,0.00
1786224111,bench_mixed,0.00,0.00,0.0,0.000,0.002,0.000,45.117,0.00
1786224116,bench_mixed,0.00,0.00,0.0,0.000,0.002,0.000,45.117,0.00
1786224121,bench_mixed,0.00,0.00,0.0,0.000,0.002,0.000,45.116,0.00
1786224126,bench_mixed,0.00,0.00,0.0,0.000,0.002,0.000,45.116,0.00
1786224131,bench_mixed,0.00,0.00,0.0,0.000,0.002,0.000,45.116,0.00
1786224136,bench_mixed,0.00,0.00,0.0,0.000,0.002,0.000,45.116,0.00
1786224141,bench_mixed,0.00,0.00,0.0,0.000,0.002,0.000,45.116,0.00
1786224146,bench_mixed,0.00,0.00,0.0,0.000,0.002,0.000,45.115,0.00
1786224151,bench_mixed,0.00,0.00,0.0,0.000,0.002,0.000,45.115,0.00
1786224156,bench_mixed,0.00,0.00,0.0,0.000,0.002,0.000,45.115,0.00
1786224161,bench_mixed,0.00,0.00,0.0,0.000,0.002,0.000,45.115,0.00
1786224166,bench_mixed,0.00,0.00,0.0,0.000,0.002,0.000,45.115,0.00
1786224172,bench_mixed,0.00,0.00,0.0,0.000,0.002,0.000,45.115,0.00
1786224177,bench_mixed,0.00,0.00,0.0,0.000,0.002,0.000,45.115,0.00
1786224182,bench_mixed,0.00,0.00,0.0,0.000,0.002,0.000,45.115,0.00
1786224187,bench_mixed,0.00,0.00,0.0,0.000,0.002,0.000,45.115,0.00
1786224192,bench_mixed,0.00,0.00,0.0,0.000,0.002,0.000,45.115,0.00
1786224197,bench_mixed,0.00,0.00,0.0,0.000,0.002,0.000,45.115,0.00
1786224202,bench_mixed,0.00,0.00,0.0,0.000,0.002,0.000,45.115,0.00
1786224207,bench_mixed,0.00,0.00,0.0,0.000,0.002,0.000,45.115,0.00
1786224212,bench_mixed,0.00,0.00,0.0,0.000,0.002,0.000,45.115,0.00
1786224217,bench_mixed,0.00,0.00,0.0,0.000,0.002,0.000,45.115,0.00
1786224222,bench_mixed,0.00,0.00,0.0,0.000,0.002,0.000,45.115,0.00
1786224227,bench_mixed,0.00,0.00,0.0,0.000,0.002,0.000,45.115,0.00
1786224232,bench_mixed,0.00,0.00,0.0,0.000,0.002,0.000,45.115,0.00
1786224237,bench_mixed,0.00,0.00,0.0,0.000,0.002,0.000,45.114,0.00
1786224242,bench_mixed,0.00,0.00,0.0,0.000,0.002,0.000,45.115,0.00
1786224247,bench_mixed,0.00,0.00,0.0,0.000,0.002,0.000,45.115,0.00
1786224252,bench_mixed,0.00,0.00,0.0,0.000,0.002,0.000,45.115,0.00
1786224257,bench_mixed,0.00,0.00,0.0,0.000,0.002,0.000,45.115,0.00
1786224262,bench_mixed,0.00,0.00,0.0,0.000,0.002,0.000,45.115,0.00
1786224267,bench_mixed,0.00,0.00,0.0,0.000,0.002,0.000,45.115,0.00
1786224273,bench_mixed,0.00,0.00,0.0,0.000,0.002,0.000,45.115,0.00
1786224278,bench_mixed,0.00,0.00,0.0,0.000,0.002,0.000,45.115,0.00
1786224283,bench_mixed,0.00,0.00,0.0,0.000,0.002,0.000,45.115,0.00
1786224288,bench_mixed,0.00,0.00,0.0,0.000,0.002,0.000,45.115,0.00
1786224293,bench_mixed,0.00,0.00,0.0,0.000,0.002,0.000,45.115,0.00
1786224298,bench_mixed,0.00,0.00,0.0,0.000,0.002,0.000,45.115,0.00
1786224303,bench_mixed,0.00,0.00,0.0,0.000,0.002,0.000,45.114,0.00
1786224308,bench_mixed,0.00,0.00,0.0,0.000,0.002,0.000,45.114,0.00
1786224313,bench_mixed,0.00,0.00,0.0,0.000,0.002,0.000,45.115,0.00
1786224318,bench_mixed,0.00,0.00,0.0,0.000,0.002,0.000,45.114,0.00
1786224323,bench_mixed,0.00,0.00,0.0,0.000,0.002,0.000,45.114,0.00
1786224328,bench_mixed,0.00,0.00,0.0,0.000,0.002,0.000,45.114,0.00
1786224333,bench_mixed,0.00,0.00,0.0,0.000,0.002,0.000,45.114,0.00
1786224338,bench_mixed,0.00,0.00,0.0,0.000,0.002,0.000,45.116,0.00
1786224343,bench_mixed,0.00,0.00,0.0,0.000,0.002,0.000,45.115,0.00
1786224348,bench_mixed,0.00,0.00,0.0,0.000,0.002,0.000,45.115,0.00
1786224353,bench_mixed,0.00,0.00,0.0,0.000,0.002,0.000,45.115,0.00
1786224358,bench_mixed,0.00,0.00,0.0,0.000,0.002,0.000,45.115,0.00
1786224363,bench_mixed,0.00,0.00,0.0,0.000,0.002,0.000,45.115,0.00
1786224368,bench_mixed,0.00,0.00,0.0,0.000,0.002,0.000,45.115,0.00
1786224374,bench_mixed,0.00,0.00,0.0,0.000,0.002,0.000,45.115,0.00
1786224379,bench_mixed,0.00,0.00,0.0,0.000,0.002,0.000,45.115,0.00
1786224384,bench_mixed,0.00,0.00,0.0,0.000,0.002,0.000,45.115,0.00
1786224389,bench_mixed,0.00,0.00,0.0,0.000,0.002,0.000,45.115,0.00
1786224394,bench_mixed,0.00,0.00,0.0,0.000,0.002,0.000,45.115,0.00
1786224399,bench_mixed,0.00,0.00,0.0,0.000,0.002,0.000,45.115,0.00
1786224404,bench_mixed,0.00,0.00,0.0,0.000,0.002,0.000,45.115,0.00
1786224409,bench_mixed,0.00,0.00,0.0,0.000,0.002,0.000,45.115,0.00
1786224414,bench_mixed,0.00,0.00,0.0,0.000,0.002,0.000,45.115,0.00
1786224419,bench_mixed,0.00,0.00,0.0,0.000,0.002,0.000,45.115,0.00
1786224424,bench_mixed,0.00,0.00,0.0,0.000,0.002,0.000,45.115,0.00
1786224429,bench_mixed,0.00,0.00,0.0,0.000,0.002,0.000,45.114,0.00
1786224434,bench_mixed,0.00,0.00,0.0,0.000,0.002,0.000,45.115,0.00
1786224439,bench_mixed,0.00,0.00,0.0,0.000,0.002,0.000,45.114,0.00
1786224444,bench_mixed,0.00,0.00,0.0,0.000,0.002,0.000,45.115,0.00
1786224449,bench_mixed,0.00,0.00,0.0,0.000,0.002,0.000,45.115,0.00
1786224454,bench_mixed,0.00,0.00,0.0,0.000,0.002,0.000,45.115,0.00
1786224459,bench_mixed,0.00,0.00,0.0,0.000,0.002,0.000,45.115,0.00
1786224464,bench_mixed,0.00,0.00,0.0,0.000,0.002,0.000,45.116,0.00
1786224469,bench_mixed,0.00,0.00,0.0,0.000,0.002,0.000,45.116,0.00
1786224475,bench_mixed,0.00,0.00,0.0,0.000,0.002,0.000,45.115,0.00
1786224480,bench_mixed,0.00,0.00,0.0,0.000,0.002,0.000,45.115,0.00
1786224485,bench_mixed,0.00,0.00,0.0,0.000,0.002,0.000,45.115,0.00
1786224490,bench_mixed,0.00,0.00,0.0,0.000,0.002,0.000,45.114,0.00
1786224495,bench_mixed,0.00,0.00,0.0,0.000,0.002,0.000,45.114,0.00
1786224500,bench_mixed,0.00,0.00,0.0,0.000,0.002,0.000,45.114,0.00
1786224505,bench_mixed,0.00,0.00,0.0,0.000,0.002,0.000,45.114,0.00
1786224510,bench_mixed,0.00,0.00,0.0,0.000,0.002,0.000,45.114,0.00
1786224515,bench_mixed,0.00,0.00,0.0,0.000,0.002,0.000,45.114,0.00
1786224520,bench_mixed,0.00,0.00,0.0,0.000,0.002,0.000,45.114,0.00
1786224525,bench_mixed,0.00,0.00,0.0,0.000,0.002,0.000,45.114,0.00
1786224530,bench_mixed,0.00,0.00,0.0,0.000,0.002,0.000,45.114,0.00
1786224535,bench_mixed,0.00,0.00,0.0,0.000,0.002,0.000,45.114,0.00
1786224540,bench_mixed,0.00,0.00,0.0,0.000,0.002,0.000,45.114,0.00
1786224545,bench_mixed,0.00,0.00,0.0,0.000,0.002,0.000,45.114,0.00
1786224550,bench_mixed,0.00,0.00,0.0,0.000,0.002,0.000,45.114,0.00
1786224555,bench_mixed,0.00,0.00,0.0,0.000,0.002,0.000,45.114,0.00
1786224560,bench_mixed,0.00,0.00,0.0,0.000,0.002,0.000,45.114,0.00
1786224565,bench_mixed,0.00,0.00,0.0,0.000,0.002,0.000,45.114,0.00
1786224571,bench_mixed,0.00,0.00,0.0,0.000,0.002,0.000,45.114,0.00
1786224576,bench_mixed,0.00,0.00,0.0,0.000,0.002,0.000,45.114,0.00
1786224581,bench_mixed,0.00,0.00,0.0,0.000,0.002,0.000,45.114,0.00
1786224586,bench_mixed,0.00,0.00,0.0,0.000,0.002,0.000,45.114,0.00
1786224591,bench_mixed,0.00,0.00,0.0,0.000,0.002,0.000,45.114,0.00
1786224596,bench_mixed,0.00,0.00,0.0,0.000,0.002,0.000,45.114,0.00
1786224601,bench_mixed,0.00,0.00,0.0,0.000,0.002,0.000,45.114,0.00
1786224606,bench_mixed,0.00,0.00,0.0,0.000,0.002,0.000,45.114,0.00
1786224611,bench_mixed,0.00,0.00,0.0,0.000,0.002,0.000,45.114,0.00
1786224616,bench_mixed,0.00,0.00,0.0,0.000,0.002,0.000,45.114,0.00
1786224621,bench_mixed,0.00,0.00,0.0,0.000,0.002,0.000,45.114,0.00
1786224626,bench_mixed,0.00,0.00,0.0,0.000,0.002,0.000,45.114,0.00
1786224631,bench_mixed,0.00,0.00,0.0,0.000,0.002,0.000,45.114,0.00
1786224636,bench_mixed,0.00,0.00,0.0,0.000,0.002,0.000,45.114,0.00
1786224641,bench_mixed,0.00,0.00,0.0,0.000,0.002,0.000,45.114,0.00
1786224646,bench_mixed,0.00,0.00,0.0,0.000,0.002,0.000,45.113,0.00
1786224651,bench_mixed,0.00,0.00,0.0,0.000,0.002,0.000,45.113,0.00
1786224656,bench_mixed,0.00,0.00,0.0,0.000,0.002,0.000,45.113,0.00
1786224661,bench_mixed,0.00,0.00,0.0,0.000,0.002,0.000,45.113,0.00
1786224666,bench_mixed,0.00,0.00,0.0,0.000,0.002,0.000,45.113,0.00
1786224672,bench_mixed,0.00,0.00,0.0,0.000,0.002,0.000,45.113,0.00
1786224677,bench_mixed,0.00,0.00,0.0,0.000,0.002,0.000,45.113,0.00
1786224682,bench_mixed,0.00,0.00,0.0,0.000,0.002,0.000,45.113,0.00
1786224687,bench_mixed,0.00,0.00,0.0,0.000,0.002,0.000,45.113,0.00
1786224692,bench_mixed,0.00,0.00,0.0,0.000,0.002,0.000,45.113,0.00
1786224697,bench_mixed,0.00,0.00,0.0,0.000,0.002,0.000,45.113,0.00
1786224702,bench_mixed,0.00,0.00,0.0,0.000,0.002,0.000,45.113,0.00
1786224707,bench_mixed,0.00,0.00,0.0,0.000,0.002,0.000,45.113,0.00
1786224712,bench_mixed,0.00,0.00,0.0,0.000,0.002,0.000,45.113,0.00
1786224717,bench_mixed,0.00,0.00,0.0,0.000,0.002,0.000,45.113,0.00
1786224722,bench_mixed,0.00,0.00,0.0,0.000,0.002,0.000,45.113,0.00
1786224727,bench_mixed,0.00,0.00,0.0,0.000,0.002,0.000,45.113,0.00
1786224732,bench_mixed,0.00,0.00,0.0,0.000,0.002,0.000,45.113,0.00
1786224737,bench_mixed,0.00,0.00,0.0,0.000,0.002,0.000,45.113,0.00
1786224742,bench_mixed,0.00,0.00,0.0,0.000,0.002,0.000,45.113,0.00
1786224747,bench_mixed,0.00,0.00,0.0,0.000,0.002,0.000,45.113,0.00
1786224752,bench_mixed,0.00,0.00,0.0,0.000,0.002,0.000,45.113,0.00
1786224757,bench_mixed,0.00,0.00,0.0,0.000,0.002,0.000,45.113,0.00
1786224762,bench_mixed,0.00,0.00,0.0,0.000,0.002,0.000,45.113,0.00
1786224767,bench_mixed,0.00,0.00,0.0,0.000,0.002,0.000,45.113,0.00
1786224773,bench_mixed,0.00,0.00,0.0,0.000,0.002,0.000,45.113,0.00
1786224778,bench_mixed,0.00,0.00,0.0,0.000,0.002,0.000,45.113,0.00
1786224783,bench_mixed,0.00,0.00,0.0,0.000,0.002,0.000,45.113,0.00
1786224788,bench_mixed,0.00,0.00,0.0,0.000,0.002,0.000,45.113,0.00
1786224793,bench_mixed,0.00,0.00,0.0,0.000,0.002,0.000,45.113,0.00
1786224798,bench_mixed,0.00,0.00,0.0,0.000,0.002,0.000,45.113,0.00
1786224803,bench_mixed,0.00,0.00,0.0,0.000,0.002,0.000,45.113,0.00
1786224808,bench_mixed,0.00,0.00,0.0,0.000,0.002,0.000,45.113,0.00
1786224813,bench_mixed,0.00,0.00,0.0,0.000,0.002,0.000,45.113,0.00
1786224818,bench_mixed,0.00,0.00,0.0,0.000,0.002,0.000,45.113,0.00
1786224823,bench_mixed,0.00,0.00,0.0,0.000,0.002,0.000,45.114,0.00
1786224828,bench_mixed,0.00,0.00,0.0,0.000,0.002,0.000,45.113,0.00
1786224833,bench_mixed,0.00,0.00,0.0,0.000,0.002,0.000,45.113,0.00
1786224838,bench_mixed,0.00,0.00,0.0,0.000,0.002,0.000,45.113,0.00
1786224843,bench_mixed,0.00,0.00,0.0,0.000,0.002,0.000,45.113,0.00
1786224848,bench_mixed,0.00,0.00,0.0,0.000,0.002,0.000,45.113,0.00
1786224853,bench_mixed,0.00,0.00,0.0,0.000,0.002,0.000,45.113,0.00
1786224858,bench_mixed,0.00,0.00,0.0,0.000,0.002,0.000,45.113,0.00
1786224863,bench_mixed,0.00,0.00,0.0,0.000,0.002,0.000,45.113,0.00
1786224868,bench_mixed,0.00,0.00,0.0,0.000,0.002,0.000,45.113,0.00
1786224874,bench_mixed,0.00,0.00,0.0,0.000,0.002,0.000,45.113,0.00
1786224879,bench_mixed,0.00,0.00,0.0,0.000,0.002,0.000,45.113,0.00
1786224884,bench_mixed,0.00,0.00,0.0,0.000,0.002,0.000,45.113,0.00
1786224889,bench_mixed,0.00,0.00,0.0,0.000,0.002,0.000,45.113,0.00
1786224894,bench_mixed,0.00,0.00,0.0,0.000,0.002,0.000,45.113,0.00
1786224899,bench_mixed,0.00,0.00,0.0,0.000,0.002,0.000,45.113,0.00
1786224904,bench_mixed,0.00,0.00,0.0,0.000,0.002,0.000,45.112,0.00
1786224909,bench_mixed,0.00,0.00,0.0,0.000,0.002,0.000,45.112,0.00
1786224914,bench_mixed,0.00,0.00,0.0,0.000,0.002,0.000,45.112,0.00
1786224919,bench_mixed,0.00,0.00,0.0,0.000,0.002,0.000,45.112,0.00
1786224924,bench_mixed,0.00,0.00,0.0,0.000,0.002,0.000,45.112,0.00
1786224929,bench_mixed,0.00,0.00,0.0,0.000,0.002,0.000,45.112,0.00
1786224934,bench_mixed,0.00,0.00,0.0,0.000,0.002,0.000,45.112,0.00
1786224939,bench_mixed,0.00,0.00,0.0,0.000,0.002,0.000,45.112,0.00
1786224944,bench_mixed,0.00,0.00,0.0,0.000,0.002,0.000,45.112,0.00
1786224949,bench_mixed,0.00,0.00,0.0,0.000,0.002,0.000,45.112,0.00
1786224954,bench_mixed,0.00,0.00,0.0,0.000,0.002,0.000,45.112,0.00
1786224959,bench_mixed,0.00,0.00,0.0,0.000,0.002,0.000,45.112,0.00
1786224964,bench_mixed,0.00,0.00,0.0,0.000,0.002,0.000,45.112,0.00
1786224969,bench_mixed,0.00,0.00,0.0,0.000,0.002,0.000,45.112,0.00
1786224975,bench_mixed,0.00,0.00,0.0,0.000,0.002,0.000,45.112,0.00
1786224980,bench_mixed,0.00,0.00,0.0,0.000,0.002,0.000,45.112,0.00
1786224985,bench_mixed,0.00,0.00,0.0,0.000,0.002,0.000,45.112,0.00
1786224990,bench_mixed,0.00,0.00,0.0,0.000,0.002,0.000,45.112,0.00
1786224995,bench_mixed,0.00,0.00,0.0,0.000,0.002,0.000,45.112,0.00
1786225000,bench_mixed,0.00,0.00,0.0,0.000,0.002,0.000,45.112,0.00
1786225005,bench_mixed,0.00,0.00,0.0,0.000,0.002,0.000,45.112,0.00
1786225010,bench_mixed,0.00,0.00,0.0,0.000,0.002,0.000,45.112,0.00
1786225015,bench_mixed,0.00,0.00,0.0,0.000,0.002,0.000,45.112,0.00
1786225020,bench_mixed,0.00,0.00,0.0,0.000,0.002,0.000,45.112,0.00
1786225025,bench_mixed,0.00,0.00,0.0,0.000,0.002,0.000,45.112,0.00
1786225030,bench_mixed,0.00,0.00,0.0,0.000,0.002,0.000,45.112,0.00
1786225035,bench_mixed,0.00,0.00,0.0,0.000,0.002,0.000,45.112,0.00
1786225040,bench_mixed,0.00,0.00,0.0,0.000,0.002,0.000,45.112,0.00
1786225045,bench_mixed,0.00,0.00,0.0,0.000,0.002,0.000,45.112,0.00
1786225050,bench_mixed,0.00,0.00,0.0,0.000,0.002,0.000,45.112,0.00
1786225055,bench_mixed,0.00,0.00,0.0,0.000,0.002,0.000,45.112,0.00
1786225060,bench_mixed,0.00,0.00,0.0,0.000,0.002,0.000,45.112,0.00
1786225065,bench_mixed,0.00,0.00,0.0,0.000,0.002,0.000,45.112,0.00
1786225070,bench_mixed,0.00,0.00,0.0,0.000,0.002,0.000,45.112,0.00
1786225076,bench_mixed,0.00,0.00,0.0,0.000,0.002,0.000,45.112,0.00
1786225081,bench_mixed,0.00,0.00,0.0,0.000,0.002,0.000,45.112,0.00
1786225086,bench_mixed,0.00,0.00,0.0,0.000,0.002,0.000,45.112,0.00
1786225091,bench_mixed,0.00,0.00,0.0,0.000,0.002,0.000,45.112,0.00
1786225096,bench_mixed,0.00,0.00,0.0,0.000,0.002,0.000,45.112,0.00
1786225101,bench_mixed,0.00,0.00,0.0,0.000,0.002,0.000,45.112,0.00
1786225106,bench_mixed,0.00,0.00,0.0,0.000,0.002,0.000,45.112,0.00
1786225111,bench_mixed,0.00,0.00,0.0,0.000,0.002,0.000,45.112,0.00
1786225116,bench_mixed,0.00,0.00,0.0,0.000,0.002,0.000,45.112,0.00
1786225121,bench_mixed,0.00,0.00,0.0,0.000,0.002,0.000,45.112,0.00
1786225126,bench_mixed,0.00,0.00,0.0,0.000,0.002,0.000,45.112,0.00
1786225131,bench_mixed,0.00,0.00,0.0,0.000,0.002,0.000,45.112,0.00
1786225136,bench_mixed,0.00,0.00,0.0,0.000,0.002,0.000,45.112,0.00
1786225141,bench_mixed,0.00,0.00,0.0,0.000,0.002,0.000,45.112,0.00
1786225146,bench_mixed,0.00,0.00,0.0,0.000,0.002,0.000,45.113,0.00
1786225151,bench_mixed,0.00,0.00,0.0,0.000,0.002,0.000,45.113,0.00
1786225156,bench_mixed,0.00,0.00,0.0,0.000,0.002,0.000,45.113,0.00
1786225161,bench_mixed,0.00,0.00,0.0,0.000,0.002,0.000,45.113,0.00
1786225166,bench_mixed,0.00,0.00,0.0,0.000,0.002,0.000,45.113,0.00
1786225172,bench_mixed,0.00,0.00,0.0,0.000,0.002,0.000,45.113,0.00
1786225177,bench_mixed,0.00,0.00,0.0,0.000,0.002,0.000,45.113,0.00
1786225182,bench_mixed,0.00,0.00,0.0,0.000,0.002,0.000,45.113,0.00
1786225187,bench_mixed,0.00,0.00,0.0,0.000,0.002,0.000,45.113,0.00
1786225192,bench_mixed,0.00,0.00,0.0,0.000,0.002,0.000,45.113,0.00
1786225197,bench_mixed,0.00,0.00,0.0,0.000,0.002,0.000,45.113,0.00
1786225202,bench_mixed,0.00,0.00,0.0,0.000,0.002,0.000,45.113,0.00
1786225207,bench_mixed,0.00,0.00,0.0,0.000,0.002,0.000,45.113,0.00
1786225212,bench_mixed,0.00,0.00,0.0,0.000,0.002,0.000,45.113,0.00
1786225217,bench_mixed,0.00,0.00,0.0,0.000,0.002,0.000,45.113,0.00
1786225222,bench_mixed,0.00,0.00,0.0,0.000,0.002,0.000,45.113,0.00
1786225227,bench_mixed,0.00,0.00,0.0,0.000,0.002,0.000,45.113,0.00
1786225232,bench_mixed,0.00,0.00,0.0,0.000,0.002,0.000,45.113,0.00
1786225237,bench_mixed,0.00,0.00,0.0,0.000,0.002,0.000,45.113,0.00
1786225242,bench_mixed,0.00,0.00,0.0,0.000,0.002,0.000,45.112,0.00
1786225247,bench_mixed,0.00,0.00,0.0,0.000,0.002,0.000,45.112,0.00
1786225252,bench_mixed,0.00,0.00,0.0,0.000,0.002,0.000,45.112,0.00
1786225257,bench_mixed,0.00,0.00,0.0,0.000,0.002,0.000,45.112,0.00
1786225262,bench_mixed,0.00,0.00,0.0,0.000,0.002,0.000,45.113,0.00
1786225267,bench_mixed,0.00,0.00,0.0,0.000,0.002,0.000,45.112,0.00
1786225273,bench_mixed,0.00,0.00,0.0,0.000,0.002,0.000,45.112,0.00
1786225278,bench_mixed,0.00,0.00,0.0,0.000,0.002,0.000,45.112,0.00
1786225283,bench_mixed,0.00,0.00,0.0,0.000,0.002,0.000,45.112,0.00
1786225288,bench_mixed,0.00,0.00,0.0,0.000,0.002,0.000,45.112,0.00
1786225293,bench_mixed,0.00,0.00,0.0,0.000,0.002,0.000,45.112,0.00
1786225298,bench_mixed,0.00,0.00,0.0,0.000,0.002,0.000,45.112,0.00
1786225303,bench_mixed,0.00,0.00,0.0,0.000,0.002,0.000,45.112,0.00
1786225308,bench_mixed,0.00,0.00,0.0,0.000,0.002,0.000,45.112,0.00
1786225313,bench_mixed,0.00,0.00,0.0,0.000,0.002,0.000,45.113,0.00
1786225318,bench_mixed,0.00,0.00,0.0,0.000,0.002,0.000,45.113,0.00
1786225323,bench_mixed,0.00,0.00,0.0,0.000,0.002,0.000,45.113,0.00
1786225328,bench_mixed,0.00,0.00,0.0,0.000,0.002,0.000,45.112,0.00
1786225333,bench_mixed,0.00,0.00,0.0,0.000,0.002,0.000,45.113,0.00
1786225338,bench_mixed,0.00,0.00,0.0,0.000,0.002,0.000,45.113,0.00
1786225343,bench_mixed,0.00,0.00,0.0,0.000,0.002,0.000,45.113,0.00
1786225348,bench_mixed,0.00,0.00,0.0,0.000,0.002,0.000,45.113,0.00
1786225353,bench_mixed,0.00,0.00,0.0,0.000,0.002,0.000,45.113,0.00
1786225358,bench_mixed,0.00,0.00,0.0,0.000,0.002,0.000,45.112,0.00
1786225363,bench_mixed,0.00,0.00,0.0,0.000,0.002,0.000,45.112,0.00
1786225368,bench_mixed,0.00,0.00,0.0,0.000,0.002,0.000,45.112,0.00
1786225374,bench_mixed,0.00,0.00,0.0,0.000,0.002,0.000,45.113,0.00
1786225379,bench_mixed,0.00,0.00,0.0,0.000,0.002,0.000,45.112,0.00
1786225384,bench_mixed,0.00,0.00,0.0,0.000,0.002,0.000,45.112,0.00
1786225389,bench_mixed,0.00,0.00,0.0,0.000,0.002,0.000,45.112,0.00
1786225394,bench_mixed,0.00,0.00,0.0,0.000,0.002,0.000,45.112,0.00
1786225399,bench_mixed,0.00,0.00,0.0,0.000,0.002,0.000,45.112,0.00
1786225404,bench_mixed,0.00,0.00,0.0,0.000,0.002,0.000,45.112,0.00
1786225409,bench_mixed,0.00,0.00,0.0,0.000,0.002,0.000,45.112,0.00
1786225414,bench_mixed,0.00,0.00,0.0,0.000,0.002,0.000,45.112,0.00
1786225419,bench_mixed,0.00,0.00,0.0,0.000,0.002,0.000,45.112,0.00
1786225424,bench_mixed,0.00,0.00,0.0,0.000,0.002,0.000,45.112,0.00
1786225429,bench_mixed,0.00,0.00,0.0,0.000,0.002,0.000,45.112,0.00
1786225434,bench_mixed,0.00,0.00,0.0,0.000,0.002,0.000,45.112,0.00
1786225439,bench_mixed,0.00,0.00,0.0,0.000,0.002,0.000,45.112,0.00
1786225444,bench_mixed,0.00,0.00,0.0,0.000,0.002,0.000,45.112,0.00
1786225449,bench_mixed,0.00,0.00,0.0,0.000,0.002,0.000,45.112,0.00
1786225454,bench_mixed,0.00,0.00,0.0,0.000,0.002,0.000,45.112,0.00
1786225459,bench_mixed,0.00,0.00,0.0,0.000,0.002,0.000,45.112,0.00
1786225464,bench_mixed,0.00,0.00,0.0,0.000,0.002,0.000,45.112,0.00
1786225469,bench_mixed,0.00,0.00,0.0,0.000,0.002,0.000,45.112,0.00
1786225475,bench_mixed,0.00,0.00,0.0,0.000,0.002,0.000,45.112,0.00
1786225480,bench_mixed,0.00,0.00,0.0,0.000,0.002,0.000,45.112,0.00
1786225485,bench_mixed,0.00,0.00,0.0,0.000,0.002,0.000,45.112,0.00
1786225490,bench_mixed,0.00,0.00,0.0,0.000,0.002,0.000,45.112,0.00
1786225495,bench_mixed,0.00,0.00,0.0,0.000,0.002,0.000,45.112,0.00
1786225500,bench_mixed,0.00,0.00,0.0,0.000,0.002,0.000,45.112,0.00
1786225505,bench_mixed,0.00,0.00,0.0,0.000,0.002,0.000,45.112,0.00
1786225510,bench_mixed,0.00,0.00,0.0,0.000,0.002,0.000,45.112,0.00
1786225515,bench_mixed,0.00,0.00,0.0,0.000,0.002,0.000,45.112,0.00
1786225520,bench_mixed,0.00,0.00,0.0,0.000,0.002,0.000,45.112,0.00
1786225525,bench_mixed,0.00,0.00,0.0,0.000,0.002,0.000,45.113,0.00
1786225530,bench_mixed,0.00,0.00,0.0,0.000,0.002,0.000,45.113,0.00
1786225535,bench_mixed,0.00,0.00,0.0,0.000,0.002,0.000,45.112,0.00
1786225540,bench_mixed,0.00,0.00,0.0,0.000,0.002,0.000,45.112,0.00
1786225545,bench_mixed,0.00,0.00,0.0,0.000,0.002,0.000,45.113,0.00
1786225550,bench_mixed,0.00,0.00,0.0,0.000,0.002,0.000,45.113,0.00
1786225555,bench_mixed,0.00,0.00,0.0,0.000,0.002,0.000,45.113,0.00
1786225560,bench_mixed,0.00,0.00,0.0,0.000,0.002,0.000,45.113,0.00
1786225565,bench_mixed,0.00,0.00,0.0,0.000,0.002,0.000,45.113,0.00
1786225571,bench_mixed,0.00,0.00,0.0,0.000,0.002,0.000,45.113,0.00
1786225576,bench_mixed,0.00,0.00,0.0,0.000,0.002,0.000,45.113,0.00
1786225581,bench_mixed,0.00,0.00,0.0,0.000,0.002,0.000,45.113,0.00
1786225586,bench_mixed,0.00,0.00,0.0,0.000,0.002,0.000,45.113,0.00
1786225591,bench_mixed,0.00,0.00,0.0,0.000,0.002,0.000,45.113,0.00
1786225596,bench_mixed,0.00,0.00,0.0,0.000,0.002,0.000,45.113,0.00
1786225601,bench_mixed,0.00,0.00,0.0,0.000,0.002,0.000,45.113,0.00
1786225606,bench_mixed,0.00,0.00,0.0,0.000,0.002,0.000,45.113,0.00
1786225611,bench_mixed,0.00,0.00,0.0,0.000,0.002,0.000,45.113,0.00
1786225616,bench_mixed,0.00,0.00,0.0,0.000,0.002,0.000,45.113,0.00
1786225621,bench_mixed,0.00,0.00,0.0,0.000,0.002,0.000,45.113,0.00
1786225626,bench_mixed,0.00,0.00,0.0,0.000,0.002,0.000,45.113,0.00
1786225631,bench_mixed,0.00,0.00,0.0,0.000,0.002,0.000,45.113,0.00
1786225636,bench_mixed,0.00,0.00,0.0,0.000,0.002,0.000,45.113,0.00
1786225641,bench_mixed,0.00,0.00,0.0,0.000,0.002,0.000,45.113,0.00
1786225646,bench_mixed,0.00,0.00,0.0,0.000,0.002,0.000,45.113,0.00
1786225651,bench_mixed,0.00,0.00,0.0,0.000,0.002,0.000,45.113,0.00
1786225656,bench_mixed,0.00,0.00,0.0,0.000,0.002,0.000,45.113,0.00
1786225661,bench_mixed,0.00,0.00,0.0,0.000,0.002,0.000,45.113,0.00
1786225666,bench_mixed,0.00,0.00,0.0,0.000,0.002,0.000,45.113,0.00
1786225672,bench_mixed,0.00,0.00,0.0,0.000,0.002,0.000,45.113,0.00
1786225677,bench_mixed,0.00,0.00,0.0,0.000,0.002,0.000,45.113,0.00
1786225682,bench_mixed,0.00,0.00,0.0,0.000,0.002,0.000,45.113,0.00
1786225687,bench_mixed,0.00,0.00,0.0,0.000,0.002,0.000,45.113,0.00
1786225692,bench_mixed,0.00,0.00,0.0,0.000,0.002,0.000,45.113,0.00
1786225697,bench_mixed,0.00,0.00,0.0,0.000,0.002,0.000,45.113,0.00
1786225702,bench_mixed,0.00,0.00,0.0,0.000,0.002,0.000,45.113,0.00
1786225707,bench_mixed,0.00,0.00,0.0,0.000,0.002,0.000,45.113,0.00
1786225712,bench_mixed,0.00,0.00,0.0,0.000,0.002,0.000,45.112,0.00
1786225717,bench_mixed,0.00,0.00,0.0,0.000,0.002,0.000,45.112,0.00
1786225722,bench_mixed,0.00,0.00,0.0,0.000,0.002,0.000,45.112,0.00
1786225727,bench_mixed,0.00,0.00,0.0,0.000,0.002,0.000,45.112,0.00
1786225732,bench_mixed,0.00,0.00,0.0,0.000,0.002,0.000,45.112,0.00
1786225737,bench_mixed,0.00,0.00,0.0,0.000,0.002,0.000,45.112,0.00
1786225742,bench_mixed,0.00,0.00,0.0,0.000,0.002,0.000,45.113,0.00
1786225747,bench_mixed,0.00,0.00,0.0,0.000,0.002,0.000,45.090,0.00
1786225752,bench_mixed,0.00,0.00,0.0,0.000,0.002,0.000,45.086,0.00
1786225757,bench_mixed,0.00,0.00,0.0,0.000,0.002,0.000,45.086,0.00
1786225762,bench_mixed,0.00,0.00,0.0,0.000,0.002,0.000,45.086,0.00
1786225767,bench_mixed,0.00,0.00,0.0,0.000,0.002,0.000,45.086,0.00
1786225773,bench_mixed,0.00,0.00,0.0,0.000,0.002,0.000,45.086,0.00
1786225778,bench_mixed,0.00,0.00,0.0,0.000,0.002,0.000,45.086,0.00
1786225783,bench_mixed,0.00,0.00,0.0,0.000,0.002,0.000,45.086,0.00
1786225788,bench_mixed,0.00,0.00,0.0,0.000,0.002,0.000,45.085,0.00
1786225793,bench_mixed,0.00,0.00,0.0,0.000,0.002,0.000,45.085,0.00
1786225798,bench_mixed,0.00,0.00,0.0,0.000,0.002,0.000,45.085,0.00
1786225803,bench_mixed,0.00,0.00,0.0,0.000,0.002,0.000,45.085,0.00
1786225808,bench_mixed,0.00,0.00,0.0,0.000,0.002,0.000,45.085,0.00
1786225813,bench_mixed,0.00,0.00,0.0,0.000,0.002,0.000,45.085,0.00
1786225818,bench_mixed,0.00,0.00,0.0,0.000,0.002,0.000,45.085,0.00
1786225823,bench_mixed,0.00,0.00,0.0,0.000,0.002,0.000,45.085,0.00
1786225828,bench_mixed,0.00,0.00,0.0,0.000,0.002,0.000,45.085,0.00
1786225833,bench_mixed,0.00,0.00,0.0,0.000,0.002,0.000,45.085,0.00
1786225838,bench_mixed,0.00,0.00,0.0,0.000,0.002,0.000,45.086,0.00
1786225843,bench_mixed,0.00,0.00,0.0,0.000,0.002,0.000,45.086,0.00
1786225848,bench_mixed,0.00,0.00,0.0,0.000,0.002,0.000,45.087,0.00
1786225853,bench_mixed,0.00,0.00,0.0,0.000,0.002,0.000,45.087,0.00
1786225858,bench_mixed,0.00,0.00,0.0,0.000,0.002,0.000,45.087,0.00
1786225863,bench_mixed,0.00,0.00,0.0,0.000,0.002,0.000,45.087,0.00
1786225869,bench_mixed,0.00,0.00,0.0,0.000,0.002,0.000,45.086,0.00
1786225874,bench_mixed,0.00,0.00,0.0,0.000,0.002,0.000,45.086,0.00
1786225879,bench_mixed,0.00,0.00,0.0,0.000,0.002,0.000,45.086,0.00
1786225884,bench_mixed,0.00,0.00,0.0,0.000,0.002,0.000,45.086,0.00
1786225889,bench_mixed,0.00,0.00,0.0,0.000,0.002,0.000,45.086,0.00
1786225894,bench_mixed,0.00,0.00,0.0,0.000,0.002,0.000,45.086,0.00
1786225899,bench_mixed,0.00,0.00,0.0,0.000,0.002,0.000,45.086,0.00
1786225904,bench_mixed,0.00,0.00,0.0,0.000,0.002,0.000,45.086,0.00
1786225909,bench_mixed,0.00,0.00,0.0,0.000,0.002,0.000,45.086,0.00
1786225914,bench_mixed,0.00,0.00,0.0,0.000,0.002,0.000,45.086,0.00
1786225919,bench_mixed,0.00,0.00,0.0,0.000,0.002,0.000,45.086,0.00
1786225924,bench_mixed,0.00,0.00,0.0,0.000,0.002,0.000,45.086,0.00
1786225929,bench_mixed,0.00,0.00,0.0,0.000,0.002,0.000,45.086,0.00
1786225934,bench_mixed,0.00,0.00,0.0,0.000,0.002,0.000,45.087,0.00
1786225939,bench_mixed,0.00,0.00,0.0,0.000,0.002,0.000,45.087,0.00
1786225944,bench_mixed,0.00,0.00,0.0,0.000,0.002,0.000,45.087,0.00
1786225949,bench_mixed,0.00,0.00,0.0,0.000,0.002,0.000,45.086,0.00
1786225954,bench_mixed,0.00,0.00,0.0,0.000,0.002,0.000,45.086,0.00
1786225959,bench_mixed,0.00,0.00,0.0,0.000,0.002,0.000,45.086,0.00
1786225964,bench_mixed,0.00,0.00,0.0,0.000,0.002,0.000,45.086,0.00
1786225970,bench_mixed,0.00,0.00,0.0,0.000,0.002,0.000,45.086,0.00
1786225975,bench_mixed,0.00,0.00,0.0,0.000,0.002,0.000,45.086,0.00
1786225980,bench_mixed,0.00,0.00,0.0,0.000,0.002,0.000,45.086,0.00
1786225985,bench_mixed,0.00,0.00,0.0,0.000,0.002,0.000,45.086,0.00
1786225990,bench_mixed,0.00,0.00,0.0,0.000,0.002,0.000,45.086,0.00
1786225995,bench_mixed,0.00,0.00,0.0,0.000,0.002,0.000,45.086,0.00
1786226000,bench_mixed,0.00,0.00,0.0,0.000,0.002,0.000,45.086,0.00
1786226005,bench_mixed,0.00,0.00,0.0,0.000,0.002,0.000,45.086,0.00
1786226010,bench_mixed,0.00,0.00,0.0,0.000,0.002,0.000,45.086,0.00
1786226015,bench_mixed,0.00,0.00,0.0,0.000,0.002,0.000,45.086,0.00
1786226020,bench_mixed,0.00,0.00,0.0,0.000,0.002,0.000,45.086,0.00
1786226025,bench_mixed,0.00,0.00,0.0,0.000,0.002,0.000,45.086,0.00
1786226030,bench_mixed,0.00,0.00,0.0,0.000,0.002,0.000,45.087,0.00
1786226035,bench_mixed,0.00,0.00,0.0,0.000,0.002,0.000,45.086,0.00
1786226040,bench_mixed,0.00,0.00,0.0,0.000,0.002,0.000,45.086,0.00
1786226045,bench_mixed,0.00,0.00,0.0,0.000,0.002,0.000,45.086,0.00
1786226050,bench_mixed,0.00,0.00,0.0,0.000,0.002,0.000,45.086,0.00
1786226055,bench_mixed,0.00,0.00,0.0,0.000,0.002,0.000,45.086,0.00
1786226060,bench_mixed,0.00,0.00,0.0,0.000,0.002,0.000,45.086,0.00
1786226065,bench_mixed,0.00,0.00,0.0,0.000,0.002,0.000,45.086,0.00
1786226071,bench_mixed,0.00,0.00,0.0,0.000,0.002,0.000,45.086,0.00
1786226076,bench_mixed,0.00,0.00,0.0,0.000,0.002,0.000,45.086,0.00
1786226081,bench_mixed,0.00,0.00,0.0,0.000,0.002,0.000,45.086,0.00
1786226086,bench_mixed,0.00,0.00,0.0,0.000,0.002,0.000,45.086,0.00
1786226091,bench_mixed,0.00,0.00,0.0,0.000,0.002,0.000,45.086,0.00
1786226096,bench_mixed,0.00,0.00,0.0,0.000,0.002,0.000,45.086,0.00
1786226101,bench_mixed,0.00,0.00,0.0,0.000,0.002,0.000,45.085,0.00
1786226106,bench_mixed,0.00,0.00,0.0,0.000,0.002,0.000,45.085,0.00
1786226111,bench_mixed,0.00,0.00,0.0,0.000,0.002,0.000,45.085,0.00
1786226116,bench_mixed,0.00,0.00,0.0,0.000,0.002,0.000,45.085,0.00
1786226121,bench_mixed,0.00,0.00,0.0,0.000,0.002,0.000,45.085,0.00
1786226126,bench_mixed,0.00,0.00,0.0,0.000,0.002,0.000,45.085,0.00
1786226131,bench_mixed,0.00,0.00,0.0,0.000,0.002,0.000,45.085,0.00
1786226136,bench_mixed,0.00,0.00,0.0,0.000,0.002,0.000,45.085,0.00
1786226141,bench_mixed,0.00,0.00,0.0,0.000,0.002,0.000,45.085,0.00
1786226146,bench_mixed,0.00,0.00,0.0,0.000,0.002,0.000,45.085,0.00
1786226151,bench_mixed,0.00,0.00,0.0,0.000,0.002,0.000,45.085,0.00
1786226156,bench_mixed,0.00,0.00,0.0,0.000,0.002,0.000,45.085,0.00
1786226161,bench_mixed,0.00,0.00,0.0,0.000,0.002,0.000,45.085,0.00
1786226167,bench_mixed,0.00,0.00,0.0,0.000,0.002,0.000,45.085,0.00
1786226172,bench_mixed,0.00,0.00,0.0,0.000,0.002,0.000,45.085,0.00
1786226177,bench_mixed,0.00,0.00,0.0,0.000,0.002,0.000,45.085,0.00
1786226182,bench_mixed,0.00,0.00,0.0,0.000,0.002,0.000,45.085,0.00
1786226187,bench_mixed,0.00,0.00,0.0,0.000,0.002,0.000,45.085,0.00
1786226192,bench_mixed,0.00,0.00,0.0,0.000,0.002,0.000,45.084,0.00
1786226197,bench_mixed,0.00,0.00,0.0,0.000,0.002,0.000,45.084,0.00
1786226202,bench_mixed,0.00,0.00,0.0,0.000,0.002,0.000,45.084,0.00
1786226207,bench_mixed,0.00,0.00,0.0,0.000,0.002,0.000,45.084,0.00
1786226212,bench_mixed,0.00,0.00,0.0,0.000,0.002,0.000,45.085,0.00
1786226217,bench_mixed,0.00,0.00,0.0,0.000,0.002,0.000,45.085,0.00
1786226222,bench_mixed,0.00,0.00,0.0,0.000,0.002,0.000,45.085,0.00
1786226227,bench_mixed,0.00,0.00,0.0,0.000,0.002,0.000,45.085,0.00
1786226232,bench_mixed,0.00,0.00,0.0,0.000,0.002,0.000,45.085,0.00
1786226237,bench_mixed,0.00,0.00,0.0,0.000,0.002,0.000,45.085,0.00
1786226242,bench_mixed,0.00,0.00,0.0,0.000,0.002,0.000,45.085,0.00
1786226247,bench_mixed,0.00,0.00,0.0,0.000,0.002,0.000,45.085,0.00
1786226252,bench_mixed,0.00,0.00,0.0,0.000,0.002,0.000,45.085,0.00
1786226257,bench_mixed,0.00,0.00,0.0,0.000,0.002,0.000,45.085,0.00
1786226262,bench_mixed,0.00,0.00,0.0,0.000,0.002,0.000,45.085,0.00
1786226268,bench_mixed,0.00,0.00,0.0,0.000,0.002,0.000,45.085,0.00
1786226273,bench_mixed,0.00,0.00,0.0,0.000,0.002,0.000,45.086,0.00
1786226278,bench_mixed,0.00,0.00,0.0,0.000,0.002,0.000,45.086,0.00
1786226283,bench_mixed,0.00,0.00,0.0,0.000,0.002,0.000,45.085,0.00
1786226288,bench_mixed,0.00,0.00,0.0,0.000,0.002,0.000,45.086,0.00
1786226293,bench_mixed,0.00,0.00,0.0,0.000,0.002,0.000,45.086,0.00
1786226298,bench_mixed,0.00,0.00,0.0,0.000,0.002,0.000,45.086,0.00
1786226303,bench_mixed,0.00,0.00,0.0,0.000,0.002,0.000,45.086,0.00
1786226308,bench_mixed,0.00,0.00,0.0,0.000,0.002,0.000,45.086,0.00
1786226313,bench_mixed,0.00,0.00,0.0,0.000,0.002,0.000,45.086,0.00
1786226318,bench_mixed,0.00,0.00,0.0,0.000,0.002,0.000,45.086,0.00
1786226323,bench_mixed,0.00,0.00,0.0,0.000,0.002,0.000,45.086,0.00
1786226328,bench_mixed,0.00,0.00,0.0,0.000,0.002,0.000,45.086,0.00
1786226333,bench_mixed,0.00,0.00,0.0,0.000,0.002,0.000,45.086,0.00
1786226338,bench_mixed,0.00,0.00,0.0,0.000,0.002,0.000,45.086,0.00
1786226343,bench_mixed,0.00,0.00,0.0,0.000,0.002,0.000,45.086,0.00
1786226348,bench_mixed,0.00,0.00,0.0,0.000,0.002,0.000,45.086,0.00
1786226353,bench_mixed,0.00,0.00,0.0,0.000,0.002,0.000,45.085,0.00
1786226358,bench_mixed,0.00,0.00,0.0,0.000,0.002,0.000,45.085,0.00
1786226363,bench_mixed,0.00,0.00,0.0,0.000,0.002,0.000,45.085,0.00
1786226369,bench_mixed,0.00,0.00,0.0,0.000,0.002,0.000,45.085,0.00
1786226374,bench_mixed,0.00,0.00,0.0,0.000,0.002,0.000,45.085,0.00
1786226379,bench_mixed,0.00,0.00,0.0,0.000,0.002,0.000,45.085,0.00
1786226384,bench_mixed,0.00,0.00,0.0,0.000,0.002,0.000,45.085,0.00
1786226389,bench_mixed,0.00,0.00,0.0,0.000,0.002,0.000,45.085,0.00
1786226394,bench_mixed,0.00,0.00,0.0,0.000,0.002,0.000,45.085,0.00
1786226399,bench_mixed,0.00,0.00,0.0,0.000,0.002,0.000,45.085,0.00
1786226404,bench_mixed,0.00,0.00,0.0,0.000,0.002,0.000,45.085,0.00
1786226409,bench_mixed,0.00,0.00,0.0,0.000,0.002,0.000,45.085,0.00
1786226414,bench_mixed,0.00,0.00,0.0,0.000,0.002,0.000,45.085,0.00
1786226419,bench_mixed,0.00,0.00,0.0,0.000,0.002,0.000,45.085,0.00
1786226424,bench_mixed,0.00,0.00,0.0,0.000,0.002,0.000,45.085,0.00
1786226429,bench_mixed,0.00,0.00,0.0,0.000,0.002,0.000,45.085,0.00
1786226434,bench_mixed,0.00,0.00,0.0,0.000,0.002,0.000,45.085,0.00
1786226439,bench_mixed,0.00,0.00,0.0,0.000,0.002,0.000,45.085,0.00
1786226444,bench_mixed,0.00,0.00,0.0,0.000,0.002,0.000,45.085,0.00
1786226449,bench_mixed,0.00,0.00,0.0,0.000,0.002,0.000,45.085,0.00
1786226454,bench_mixed,0.00,0.00,0.0,0.000,0.002,0.000,45.085,0.00
1786226459,bench_mixed,0.00,0.00,0.0,0.000,0.002,0.000,45.086,0.00
1786226465,bench_mixed,0.00,0.00,0.0,0.000,0.002,0.000,45.085,0.00
1786226470,bench_mixed,0.00,0.00,0.0,0.000,0.002,0.000,45.085,0.00
1786226475,bench_mixed,0.00,0.00,0.0,0.000,0.002,0.000,45.085,0.00
1786226480,bench_mixed,0.00,0.00,0.0,0.000,0.002,0.000,45.085,0.00
1786226485,bench_mixed,0.00,0.00,0.0,0.000,0.002,0.000,45.085,0.00
1786226490,bench_mixed,0.00,0.00,0.0,0.000,0.002,0.000,45.086,0.00
1786226495,bench_mixed,0.00,0.00,0.0,0.000,0.002,0.000,45.086,0.00
1786226500,bench_mixed,0.00,0.00,0.0,0.000,0.002,0.000,45.086,0.00
1786226505,bench_mixed,0.00,0.00,0.0,0.000,0.002,0.000,45.085,0.00
1786226510,bench_mixed,0.00,0.00,0.0,0.000,0.002,0.000,45.085,0.00
1786226515,bench_mixed,0.00,0.00,0.0,0.000,0.002,0.000,45.085,0.00
1786226520,bench_mixed,0.00,0.00,0.0,0.000,0.002,0.000,45.085,0.00
1786226525,bench_mixed,0.00,0.00,0.0,0.000,0.002,0.000,45.085,0.00
1786226530,bench_mixed,0.00,0.00,0.0,0.000,0.002,0.000,45.085,0.00
1786226535,bench_mixed,0.00,0.00,0.0,0.000,0.002,0.000,45.086,0.00
1786226540,bench_mixed,0.00,0.00,0.0,0.000,0.002,0.000,45.086,0.00
1786226545,bench_mixed,0.00,0.00,0.0,0.000,0.002,0.000,45.085,0.00
1786226550,bench_mixed,0.00,0.00,0.0,0.000,0.002,0.000,45.085,0.00
1786226555,bench_mixed,0.00,0.00,0.0,0.000,0.002,0.000,45.085,0.00
1786226560,bench_mixed,0.00,0.00,0.0,0.000,0.002,0.000,45.086,0.00
1786226566,bench_mixed,0.00,0.00,0.0,0.000,0.002,0.000,45.087,0.00
1786226571,bench_mixed,0.00,0.00,0.0,0.000,0.002,0.000,45.086,0.00
1786226576,bench_mixed,0.00,0.00,0.0,0.000,0.002,0.000,45.087,0.00
1786226581,bench_mixed,0.00,0.00,0.0,0.000,0.002,0.000,45.087,0.00
1786226586,bench_mixed,0.00,0.00,0.0,0.000,0.002,0.000,45.086,0.00
1786226591,bench_mixed,0.00,0.00,0.0,0.000,0.002,0.000,45.087,0.00
1786226596,bench_mixed,0.00,0.00,0.0,0.000,0.002,0.000,45.086,0.00
1786226601,bench_mixed,0.00,0.00,0.0,0.000,0.002,0.000,45.087,0.00
1786226606,bench_mixed,0.00,0.00,0.0,0.000,0.002,0.000,45.087,0.00
1786226611,bench_mixed,0.00,0.00,0.0,0.000,0.002,0.000,45.087,0.00
1786226616,bench_mixed,0.00,0.00,0.0,0.000,0.002,0.000,45.087,0.00
1786226621,bench_mixed,0.00,0.00,0.0,0.000,0.002,0.000,45.086,0.00
1786226626,bench_mixed,0.00,0.00,0.0,0.000,0.002,0.000,45.087,0.00
1786226631,bench_mixed,0.00,0.00,0.0,0.000,0.002,0.000,45.087,0.00
1786226636,bench_mixed,0.00,0.00,0.0,0.000,0.002,0.000,45.087,0.00
1786226641,bench_mixed,0.00,0.00,0.0,0.000,0.002,0.000,45.087,0.00
1786226646,bench_mixed,0.00,0.00,0.0,0.000,0.002,0.000,45.087,0.00
1786226651,bench_mixed,0.00,0.00,0.0,0.000,0.002,0.000,45.088,0.00
1786226656,bench_mixed,0.00,0.00,0.0,0.000,0.002,0.000,45.088,0.00
1786226661,bench_mixed,0.00,0.00,0.0,0.000,0.002,0.000,45.087,0.00
1786226667,bench_mixed,0.00,0.00,0.0,0.000,0.002,0.000,45.087,0.00
1786226672,bench_mixed,0.00,0.00,0.0,0.000,0.002,0.000,45.087,0.00
1786226677,bench_mixed,0.00,0.00,0.0,0.000,0.002,0.000,45.087,0.00
1786226682,bench_mixed,0.00,0.00,0.0,0.000,0.002,0.000,45.087,0.00
1786226687,bench_mixed,0.00,0.00,0.0,0.000,0.002,0.000,45.086,0.00
1786226692,bench_mixed,0.00,0.00,0.0,0.000,0.002,0.000,45.088,0.00
1786226697,bench_mixed,0.00,0.00,0.0,0.000,0.002,0.000,45.087,0.00
1786226702,bench_mixed,0.00,0.00,0.0,0.000,0.002,0.000,45.086,0.00
1786226707,bench_mixed,0.00,0.00,0.0,0.000,0.002,0.000,45.085,0.00
1786226712,bench_mixed,0.00,0.00,0.0,0.000,0.002,0.000,45.086,0.00
1786226717,bench_mixed,0.00,0.00,0.0,0.000,0.002,0.000,45.086,0.00
1786226722,bench_mixed,0.00,0.00,0.0,0.000,0.002,0.000,45.085,0.00
1786226727,bench_mixed,0.00,0.00,0.0,0.000,0.002,0.000,45.085,0.00
1786226732,bench_mixed,0.00,0.00,0.0,0.000,0.002,0.000,45.085,0.00
1786226737,bench_mixed,0.00,0.00,0.0,0.000,0.002,0.000,45.085,0.00
1786226742,bench_mixed,0.00,0.00,0.0,0.000,0.002,0.000,45.084,0.00
1786226747,bench_mixed,0.00,0.00,0.0,0.000,0.002,0.000,45.084,0.00
1786226752,bench_mixed,0.00,0.00,0.0,0.000,0.002,0.000,45.085,0.00
1786226757,bench_mixed,0.00,0.00,0.0,0.000,0.002,0.000,45.085,0.00
1786226762,bench_mixed,0.00,0.00,0.0,0.000,0.002,0.000,45.086,0.00
1786226768,bench_mixed,0.00,0.00,0.0,0.000,0.002,0.000,45.085,0.00
1786226773,bench_mixed,0.00,0.00,0.0,0.000,0.002,0.000,45.086,0.00
1786226778,bench_mixed,0.00,0.00,0.0,0.000,0.002,0.000,45.086,0.00
1786226783,bench_mixed,0.00,0.00,0.0,0.000,0.002,0.000,45.085,0.00
1786226788,bench_mixed,0.00,0.00,0.0,0.000,0.002,0.000,45.085,0.00
1786226793,bench_mixed,0.00,0.00,0.0,0.000,0.002,0.000,45.085,0.00
1786226798,bench_mixed,0.00,0.00,0.0,0.000,0.002,0.000,45.085,0.00
1786226803,bench_mixed,0.00,0.00,0.0,0.000,0.002,0.000,45.086,0.00
1786226808,bench_mixed,0.00,0.00,0.0,0.000,0.002,0.000,45.086,0.00
1786226813,bench_mixed,0.00,0.00,0.0,0.000,0.002,0.000,45.085,0.00
1786226818,bench_mixed,0.00,0.00,0.0,0.000,0.002,0.000,45.085,0.00
1786226823,bench_mixed,0.00,0.00,0.0,0.000,0.002,0.000,45.085,0.00
1786226828,bench_mixed,0.00,0.00,0.0,0.000,0.002,0.000,45.085,0.00
1786226833,bench_mixed,0.00,0.00,0.0,0.000,0.002,0.000,45.086,0.00
1786226838,bench_mixed,0.00,0.00,0.0,0.000,0.002,0.000,45.085,0.00
1786226843,bench_mixed,0.00,0.00,0.0,0.000,0.002,0.000,45.085,0.00
1786226848,bench_mixed,0.00,0.00,0.0,0.000,0.002,0.000,45.085,0.00
1786226853,bench_mixed,0.00,0.00,0.0,0.000,0.002,0.000,45.085,0.00
1786226858,bench_mixed,0.00,0.00,0.0,0.000,0.002,0.000,45.085,0.00
1786226864,bench_mixed,0.00,0.00,0.0,0.000,0.002,0.000,45.085,0.00
1786226869,bench_mixed,0.00,0.00,0.0,0.000,0.002,0.000,45.085,0.00
1786226874,bench_mixed,0.00,0.00,0.0,0.000,0.002,0.000,45.085,0.00
1786226879,bench_mixed,0.00,0.00,0.0,0.000,0.002,0.000,45.084,0.00
1786226884,bench_mixed,0.00,0.00,0.0,0.000,0.002,0.000,45.085,0.00
1786226889,bench_mixed,0.00,0.00,0.0,0.000,0.002,0.000,45.085,0.00
1786226894,bench_mixed,0.00,0.00,0.0,0.000,0.002,0.000,45.085,0.00
1786226899,bench_mixed,0.00,0.00,0.0,0.000,0.002,0.000,45.084,0.00
1786226904,bench_mixed,0.00,0.00,0.0,0.000,0.002,0.000,45.084,0.00
1786226909,bench_mixed,0.00,0.00,0.0,0.000,0.002,0.000,45.084,0.00
1786226914,bench_mixed,0.00,0.00,0.0,0.000,0.002,0.000,45.085,0.00
1786226919,bench_mixed,0.00,0.00,0.0,0.000,0.002,0.000,45.086,0.00
1786226924,bench_mixed,0.00,0.00,0.0,0.000,0.002,0.000,45.085,0.00
1786226929,bench_mixed,0.00,0.00,0.0,0.000,0.002,0.000,45.085,0.00
1786226934,bench_mixed,0.00,0.00,0.0,0.000,0.002,0.000,45.085,0.00
1786226939,bench_mixed,0.00,0.00,0.0,0.000,0.002,0.000,45.086,0.00
1786226944,bench_mixed,0.00,0.00,0.0,0.000,0.002,0.000,45.085,0.00
1786226949,bench_mixed,0.00,0.00,0.0,0.000,0.002,0.000,45.085,0.00
1786226954,bench_mixed,0.00,0.00,0.0,0.000,0.002,0.000,45.085,0.00
1786226959,bench_mixed,0.00,0.00,0.0,0.000,0.002,0.000,45.084,0.00
1786226965,bench_mixed,0.00,0.00,0.0,0.000,0.002,0.000,45.086,0.00
1786226970,bench_mixed,0.00,0.00,0.0,0.000,0.002,0.000,45.086,0.00
1786226975,bench_mixed,0.00,0.00,0.0,0.000,0.002,0.000,45.085,0.00
1786226980,bench_mixed,0.00,0.00,0.0,0.000,0.002,0.000,45.085,0.00
1786226985,bench_mixed,0.00,0.00,0.0,0.000,0.002,0.000,45.085,0.00
1786226990,bench_mixed,0.00,0.00,0.0,0.000,0.002,0.000,45.085,0.00
1786226995,bench_mixed,0.00,0.00,0.0,0.000,0.002,0.000,45.085,0.00
1786227000,bench_mixed,0.00,0.00,0.0,0.000,0.002,0.000,45.085,0.00
1786227005,bench_mixed,0.00,0.00,0.0,0.000,0.002,0.000,45.085,0.00
1786227010,bench_mixed,0.00,0.00,0.0,0.000,0.002,0.000,45.085,0.00
1786227015,bench_mixed,0.00,0.00,0.0,0.000,0.002,0.000,45.085,0.00
1786227020,bench_mixed,0.00,0.00,0.0,0.000,0.002,0.000,45.085,0.00
1786227025,bench_mixed,0.00,0.00,0.0,0.000,0.002,0.000,45.085,0.00
1786227030,bench_mixed,0.00,0.00,0.0,0.000,0.002,0.000,45.085,0.00
1786227035,bench_mixed,0.00,0.00,0.0,0.000,0.002,0.000,45.085,0.00
1786227040,bench_mixed,0.00,0.00,0.0,0.000,0.002,0.000,45.085,0.00
1786227045,bench_mixed,0.00,0.00,0.0,0.000,0.002,0.000,45.085,0.00
1786227050,bench_mixed,0.00,0.00,0.0,0.000,0.002,0.000,45.085,0.00
1786227055,bench_mixed,0.00,0.00,0.0,0.000,0.002,0.000,45.085,0.00
1786227060,bench_mixed,0.00,0.00,0.0,0.000,0.002,0.000,45.085,0.00
1786227066,bench_mixed,0.00,0.00,0.0,0.000,0.002,0.000,45.085,0.00
1786227071,bench_mixed,0.00,0.00,0.0,0.000,0.002,0.000,45.084,0.00
1786227076,bench_mixed,0.00,0.00,0.0,0.000,0.002,0.000,45.084,0.00
1786227081,bench_mixed,0.00,0.00,0.0,0.000,0.002,0.000,45.084,0.00
1786227086,bench_mixed,0.00,0.00,0.0,0.000,0.002,0.000,45.084,0.00
1786227091,bench_mixed,0.00,0.00,0.0,0.000,0.002,0.000,45.084,0.00
1786227096,bench_mixed,0.00,0.00,0.0,0.000,0.002,0.000,45.084,0.00
1786227101,bench_mixed,0.00,0.00,0.0,0.000,0.002,0.000,45.084,0.00
1786227106,bench_mixed,0.00,0.00,0.0,0.000,0.002,0.000,45.085,0.00
1786227111,bench_mixed,0.00,0.00,0.0,0.000,0.002,0.000,45.084,0.00
1786227116,bench_mixed,0.00,0.00,0.0,0.000,0.002,0.000,45.084,0.00
1786227121,bench_mixed,0.00,0.00,0.0,0.000,0.002,0.000,45.084,0.00
1786227126,bench_mixed,0.00,0.00,0.0,0.000,0.002,0.000,45.084,0.00
1786227131,bench_mixed,0.00,0.00,0.0,0.000,0.002,0.000,45.084,0.00
1786227136,bench_mixed,0.00,0.00,0.0,0.000,0.002,0.000,45.084,0.00
1786227141,bench_mixed,0.00,0.00,0.0,0.000,0.002,0.000,45.084,0.00
1786227146,bench_mixed,0.00,0.00,0.0,0.000,0.002,0.000,45.084,0.00
1786227151,bench_mixed,0.00,0.00,0.0,0.000,0.002,0.000,45.084,0.00
1786227156,bench_mixed,0.00,0.00,0.0,0.000,0.002,0.000,45.084,0.00
1786227161,bench_mixed,0.00,0.00,0.0,0.000,0.002,0.000,45.084,0.00
1786227167,bench_mixed,0.00,0.00,0.0,0.000,0.002,0.000,45.084,0.00
1786227172,bench_mixed,0.00,0.00,0.0,0.000,0.002,0.000,45.084,0.00
1786227177,bench_mixed,0.00,0.00,0.0,0.000,0.002,0.000,45.083,0.00
1786227182,bench_mixed,0.00,0.00,0.0,0.000,0.002,0.000,45.083,0.00
1786227187,bench_mixed,0.00,0.00,0.0,0.000,0.002,0.000,45.083,0.00
1786227192,bench_mixed,0.00,0.00,0.0,0.000,0.002,0.000,45.083,0.00
1786227197,bench_mixed,0.00,0.00,0.0,0.000,0.002,0.000,45.083,0.00
1786227202,bench_mixed,0.00,0.00,0.0,0.000,0.002,0.000,45.083,0.00
1786227207,bench_mixed,0.00,0.00,0.0,0.000,0.002,0.000,45.084,0.00
1786227212,bench_mixed,0.00,0.00,0.0,0.000,0.002,0.000,45.084,0.00
1786227217,bench_mixed,0.00,0.00,0.0,0.000,0.002,0.000,45.084,0.00
1786227222,bench_mixed,0.00,0.00,0.0,0.000,0.002,0.000,45.083,0.00
1786227227,bench_mixed,0.00,0.00,0.0,0.000,0.002,0.000,45.083,0.00
1786227232,bench_mixed,0.00,0.00,0.0,0.000,0.002,0.000,45.083,0.00
1786227237,bench_mixed,0.00,0.00,0.0,0.000,0.002,0.000,45.083,0.00
1786227242,bench_mixed,0.00,0.00,0.0,0.000,0.002,0.000,45.083,0.00
1786227247,bench_mixed,0.00,0.00,0.0,0.000,0.002,0.000,45.083,0.00
1786227252,bench_mixed,0.00,0.00,0.0,0.000,0.002,0.000,45.083,0.00
1786227257,bench_mixed,0.00,0.00,0.0,0.000,0.002,0.000,45.084,0.00
1786227262,bench_mixed,0.00,0.00,0.0,0.000,0.002,0.000,45.084,0.00
1786227268,bench_mixed,0.00,0.00,0.0,0.000,0.002,0.000,45.083,0.00
1786227273,bench_mixed,0.00,0.00,0.0,0.000,0.002,0.000,45.083,0.00
1786227278,bench_mixed,0.00,0.00,0.0,0.000,0.002,0.000,45.083,0.00
1786227283,bench_mixed,0.00,0.00,0.0,0.000,0.002,0.000,45.083,0.00
1786227288,bench_mixed,0.00,0.00,0.0,0.000,0.002,0.000,45.084,0.00
1786227293,bench_mixed,0.00,0.00,0.0,0.000,0.002,0.000,45.083,0.00
1786227298,bench_mixed,0.00,0.00,0.0,0.000,0.002,0.000,45.083,0.00
1786227303,bench_mixed,0.00,0.00,0.0,0.000,0.002,0.000,45.082,0.00
1786227308,bench_mixed,0.00,0.00,0.0,0.000,0.002,0.000,45.082,0.00
1786227313,bench_mixed,0.00,0.00,0.0,0.000,0.002,0.000,45.083,0.00
1786227318,bench_mixed,0.00,0.00,0.0,0.000,0.002,0.000,45.083,0.00
1786227323,bench_mixed,0.00,0.00,0.0,0.000,0.002,0.000,45.082,0.00
1786227328,bench_mixed,0.00,0.00,0.0,0.000,0.002,0.000,45.082,0.00
1786227333,bench_mixed,0.00,0.00,0.0,0.000,0.002,0.000,45.082,0.00
1786227338,bench_mixed,0.00,0.00,0.0,0.000,0.002,0.000,45.082,0.00
1786227343,bench_mixed,0.00,0.00,0.0,0.000,0.002,0.000,45.083,0.00
1786227348,bench_mixed,0.00,0.00,0.0,0.000,0.002,0.000,45.083,0.00
1786227353,bench_mixed,0.00,0.00,0.0,0.000,0.002,0.000,45.083,0.00
1786227358,bench_mixed,0.00,0.00,0.0,0.000,0.002,0.000,45.083,0.00
1786227363,bench_mixed,0.00,0.00,0.0,0.000,0.002,0.000,45.083,0.00
1786227369,bench_mixed,0.00,0.00,0.0,0.000,0.002,0.000,45.083,0.00
1786227374,bench_mixed,0.00,0.00,0.0,0.000,0.002,0.000,45.083,0.00
1786227379,bench_mixed,0.00,0.00,0.0,0.000,0.002,0.000,45.083,0.00
1786227384,bench_mixed,0.00,0.00,0.0,0.000,0.002,0.000,45.082,0.00
1786227389,bench_mixed,0.00,0.00,0.0,0.000,0.002,0.000,45.083,0.00
1786227394,bench_mixed,0.00,0.00,0.0,0.000,0.002,0.000,45.083,0.00
1786227399,bench_mixed,0.00,0.00,0.0,0.000,0.002,0.000,45.083,0.00
1786227404,bench_mixed,0.00,0.00,0.0,0.000,0.002,0.000,45.082,0.00
1786227409,bench_mixed,0.00,0.00,0.0,0.000,0.002,0.000,45.082,0.00
1786227414,bench_mixed,0.00,0.00,0.0,0.000,0.002,0.000,45.082,0.00
1786227419,bench_mixed,0.00,0.00,0.0,0.000,0.002,0.000,45.082,0.00
1786227424,bench_mixed,0.00,0.00,0.0,0.000,0.002,0.000,45.082,0.00
1786227429,bench_mixed,0.00,0.00,0.0,0.000,0.002,0.000,45.083,0.00
1786227434,bench_mixed,0.00,0.00,0.0,0.000,0.002,0.000,45.082,0.00
1786227439,bench_mixed,0.00,0.00,0.0,0.000,0.002,0.000,45.082,0.00
1786227444,bench_mixed,0.00,0.00,0.0,0.000,0.002,0.000,45.082,0.00
1786227449,bench_mixed,0.00,0.00,0.0,0.000,0.002,0.000,45.082,0.00
1786227454,bench_mixed,0.00,0.00,0.0,0.000,0.002,0.000,45.082,0.00
1786227459,bench_mixed,0.00,0.00,0.0,0.000,0.002,0.000,45.082,0.00
1786227465,bench_mixed,0.00,0.00,0.0,0.000,0.002,0.000,45.083,0.00
1786227470,bench_mixed,0.00,0.00,0.0,0.000,0.002,0.000,45.082,0.00
1786227475,bench_mixed,0.00,0.00,0.0,0.000,0.002,0.000,45.082,0.00
1786227480,bench_mixed,0.00,0.00,0.0,0.000,0.002,0.000,45.082,0.00
1786227485,bench_mixed,0.00,0.00,0.0,0.000,0.002,0.000,45.082,0.00
1786227490,bench_mixed,0.00,0.00,0.0,0.000,0.002,0.000,45.082,0.00
1786227495,bench_mixed,0.00,0.00,0.0,0.000,0.002,0.000,45.082,0.00
1786227500,bench_mixed,0.00,0.00,0.0,0.000,0.002,0.000,45.082,0.00
1786227505,bench_mixed,0.00,0.00,0.0,0.000,0.002,0.000,45.083,0.00
1786227510,bench_mixed,0.00,0.00,0.0,0.000,0.002,0.000,45.083,0.00
1786227515,bench_mixed,0.00,0.00,0.0,0.000,0.002,0.000,45.082,0.00
1786227520,bench_mixed,0.00,0.00,0.0,0.000,0.002,0.000,45.083,0.00
1786227525,bench_mixed,0.00,0.00,0.0,0.000,0.002,0.000,45.083,0.00
1786227530,bench_mixed,0.00,0.00,0.0,0.000,0.002,0.000,45.083,0.00
1786227535,bench_mixed,0.00,0.00,0.0,0.000,0.002,0.000,45.083,0.00
1786227540,bench_mixed,0.00,0.00,0.0,0.000,0.002,0.000,45.082,0.00
1786227545,bench_mixed,0.00,0.00,0.0,0.000,0.002,0.000,45.082,0.00
1786227550,bench_mixed,0.00,0.00,0.0,0.000,0.002,0.000,45.082,0.00
1786227555,bench_mixed,0.00,0.00,0.0,0.000,0.002,0.000,45.082,0.00
1786227560,bench_mixed,0.00,0.00,0.0,0.000,0.002,0.000,45.083,0.00
1786227566,bench_mixed,0.00,0.00,0.0,0.000,0.002,0.000,45.083,0.00
1786227571,bench_mixed,0.00,0.00,0.0,0.000,0.002,0.000,45.083,0.00
1786227576,bench_mixed,0.00,0.00,0.0,0.000,0.002,0.000,45.082,0.00
1786227581,bench_mixed,0.00,0.00,0.0,0.000,0.002,0.000,45.082,0.00
1786227586,bench_mixed,0.00,0.00,0.0,0.000,0.002,0.000,45.082,0.00
1786227591,bench_mixed,0.00,0.00,0.0,0.000,0.002,0.000,45.082,0.00
1786227596,bench_mixed,0.00,0.00,0.0,0.000,0.002,0.000,45.082,0.00
1786227601,bench_mixed,0.00,0.00,0.0,0.000,0.002,0.000,45.083,0.00
1786227606,bench_mixed,0.00,0.00,0.0,0.000,0.002,0.000,45.083,0.00
1786227611,bench_mixed,0.00,0.00,0.0,0.000,0.002,0.000,45.083,0.00
1786227616,bench_mixed,0.00,0.00,0.0,0.000,0.002,0.000,45.082,0.00
1786227621,bench_mixed,0.00,0.00,0.0,0.000,0.002,0.000,45.082,0.00
1786227626,bench_mixed,0.00,0.00,0.0,0.000,0.002,0.000,45.084,0.00
1786227631,bench_mixed,0.00,0.00,0.0,0.000,0.002,0.000,45.084,0.00
1786227636,bench_mixed,0.00,0.00,0.0,0.000,0.002,0.000,45.083,0.00
1786227641,bench_mixed,0.00,0.00,0.0,0.000,0.002,0.000,45.083,0.00
1786227646,bench_mixed,0.00,0.00,0.0,0.000,0.002,0.000,45.083,0.00
1786227651,bench_mixed,0.00,0.00,0.0,0.000,0.002,0.000,45.083,0.00
1786227656,bench_mixed,0.00,0.00,0.0,0.000,0.002,0.000,45.083,0.00
1786227661,bench_mixed,0.00,0.00,0.0,0.000,0.002,0.000,45.084,0.00
1786227667,bench_mixed,0.00,0.00,0.0,0.000,0.002,0.000,45.084,0.00
1786227672,bench_mixed,0.00,0.00,0.0,0.000,0.002,0.000,45.084,0.00
1786227677,bench_mixed,0.00,0.00,0.0,0.000,0.002,0.000,45.084,0.00
1786227682,bench_mixed,0.00,0.00,0.0,0.000,0.002,0.000,45.083,0.00
1786227687,bench_mixed,0.00,0.00,0.0,0.000,0.002,0.000,45.083,0.00
1786227692,bench_mixed,0.00,0.00,0.0,0.000,0.002,0.000,45.083,0.00
1786227697,bench_mixed,0.00,0.00,0.0,0.000,0.002,0.000,45.083,0.00
1786227702,bench_mixed,0.00,0.00,0.0,0.000,0.002,0.000,45.084,0.00
1786227707,bench_mixed,0.00,0.00,0.0,0.000,0.002,0.000,45.083,0.00
1786227712,bench_mixed,0.00,0.00,0.0,0.000,0.002,0.000,45.082,0.00
1786227717,bench_mixed,0.00,0.00,0.0,0.000,0.002,0.000,45.082,0.00
1786227722,bench_mixed,0.00,0.00,0.0,0.000,0.002,0.000,45.082,0.00
1786227727,bench_mixed,0.00,0.00,0.0,0.000,0.002,0.000,45.082,0.00
1786227732,bench_mixed,0.00,0.00,0.0,0.000,0.002,0.000,45.082,0.00
1786227737,bench_mixed,0.00,0.00,0.0,0.000,0.002,0.000,45.082,0.00
1786227742,bench_mixed,0.00,0.00,0.0,0.000,0.002,0.000,45.083,0.00
1786227747,bench_mixed,0.00,0.00,0.0,0.000,0.002,0.000,45.083,0.00
1786227752,bench_mixed,0.00,0.00,0.0,0.000,0.002,0.000,45.082,0.00
1786227757,bench_mixed,0.00,0.00,0.0,0.000,0.002,0.000,45.082,0.00
1786227762,bench_mixed,0.00,0.00,0.0,0.000,0.002,0.000,45.082,0.00
1786227768,bench_mixed,0.00,0.00,0.0,0.000,0.002,0.000,45.084,0.00
1786227773,bench_mixed,0.00,0.00,0.0,0.000,0.002,0.000,45.083,0.00
1786227778,bench_mixed,0.00,0.00,0.0,0.000,0.002,0.000,45.082,0.00
1786227783,bench_mixed,0.00,0.00,0.0,0.000,0.002,0.000,45.082,0.00
1786227788,bench_mixed,0.00,0.00,0.0,0.000,0.002,0.000,45.082,0.00
1786227793,bench_mixed,0.00,0.00,0.0,0.000,0.002,0.000,45.082,0.00
1786227798,bench_mixed,0.00,0.00,0.0,0.000,0.002,0.000,45.082,0.00
1786227803,bench_mixed,0.00,0.00,0.0,0.000,0.002,0.000,45.084,0.00
1786227808,bench_mixed,0.00,0.00,0.0,0.000,0.002,0.000,45.083,0.00
1786227813,bench_mixed,0.00,0.00,0.0,0.000,0.002,0.000,45.083,0.00
1786227818,bench_mixed,0.00,0.00,0.0,0.000,0.002,0.000,45.082,0.00
1786227823,bench_mixed,0.00,0.00,0.0,0.000,0.002,0.000,45.083,0.00
1786227828,bench_mixed,0.00,0.00,0.0,0.000,0.002,0.000,45.082,0.00
1786227833,bench_mixed,0.00,0.00,0.0,0.000,0.002,0.000,45.082,0.00
1786227838,bench_mixed,0.00,0.00,0.0,0.000,0.002,0.000,45.082,0.00
1786227843,bench_mixed,0.00,0.00,0.0,0.000,0.002,0.000,45.082,0.00
1786227848,bench_mixed,0.00,0.00,0.0,0.000,0.002,0.000,45.083,0.00
1786227853,bench_mixed,0.00,0.00,0.0,0.000,0.002,0.000,45.083,0.00
1786227858,bench_mixed,0.00,0.00,0.0,0.000,0.002,0.000,45.083,0.00
1786227863,bench_mixed,0.00,0.00,0.0,0.000,0.002,0.000,45.084,0.00
1786227869,bench_mixed,0.00,0.00,0.0,0.000,0.002,0.000,45.083,0.00
1786227874,bench_mixed,0.00,0.00,0.0,0.000,0.002,0.000,45.083,0.00
1786227879,bench_mixed,0.00,0.00,0.0,0.000,0.002,0.000,45.083,0.00
1786227884,bench_mixed,0.00,0.00,0.0,0.000,0.002,0.000,45.083,0.00
1786227889,bench_mixed,0.00,0.00,0.0,0.000,0.002,0.000,45.083,0.00
1786227894,bench_mixed,0.00,0.00,0.0,0.000,0.002,0.000,45.083,0.00
1786227899,bench_mixed,0.00,0.00,0.0,0.000,0.002,0.000,45.083,0.00
1786227904,bench_mixed,0.00,0.00,0.0,0.000,0.002,0.000,45.082,0.00
1786227909,bench_mixed,0.00,0.00,0.0,0.000,0.002,0.000,45.082,0.00
1786227914,bench_mixed,0.00,0.00,0.0,0.000,0.002,0.000,45.083,0.00
1786227919,bench_mixed,0.00,0.00,0.0,0.000,0.002,0.000,45.084,0.00
1786227924,bench_mixed,0.00,0.00,0.0,0.000,0.002,0.000,45.083,0.00
1786227929,bench_mixed,0.00,0.00,0.0,0.000,0.002,0.000,45.083,0.00
1786227934,bench_mixed,0.00,0.00,0.0,0.000,0.002,0.000,45.083,0.00
1786227939,bench_mixed,0.00,0.00,0.0,0.000,0.002,0.000,45.083,0.00
1786227944,bench_mixed,0.00,0.00,0.0,0.000,0.002,0.000,45.082,0.00
1786227949,bench_mixed,0.00,0.00,0.0,0.000,0.002,0.000,45.084,0.00
1786227954,bench_mixed,0.00,0.00,0.0,0.000,0.002,0.000,45.083,0.00
1786227959,bench_mixed,0.00,0.00,0.0,0.000,0.002,0.000,45.083,0.00
1786227965,bench_mixed,0.00,0.00,0.0,0.000,0.002,0.000,45.083,0.00
1786227970,bench_mixed,0.00,0.00,0.0,0.000,0.002,0.000,45.083,0.00
1786227975,bench_mixed,0.00,0.00,0.0,0.000,0.002,0.000,45.083,0.00
1786227980,bench_mixed,0.00,0.00,0.0,0.000,0.002,0.000,45.083,0.00
1786227985,bench_mixed,0.00,0.00,0.0,0.000,0.002,0.000,45.083,0.00
1786227990,bench_mixed,0.00,0.00,0.0,0.000,0.002,0.000,45.083,0.00
1786227995,bench_mixed,0.00,0.00,0.0,0.000,0.002,0.000,45.083,0.00
1786228000,bench_mixed,0.00,0.00,0.0,0.000,0.002,0.000,45.083,0.00
1786228005,bench_mixed,0.00,0.00,0.0,0.000,0.002,0.000,45.083,0.00
1786228010,bench_mixed,0.00,0.00,0.0,0.000,0.002,0.000,45.083,0.00
1786228015,bench_mixed,0.00,0.00,0.0,0.000,0.002,0.000,45.083,0.00
1786228020,bench_mixed,0.00,0.00,0.0,0.000,0.002,0.000,45.083,0.00
1786228025,bench_mixed,0.00,0.00,0.0,0.000,0.002,0.000,45.083,0.00
1786228030,bench_mixed,0.00,0.00,0.0,0.000,0.002,0.000,45.082,0.00
1786228035,bench_mixed,0.00,0.00,0.0,0.000,0.002,0.000,45.083,0.00
1786228040,bench_mixed,0.00,0.00,0.0,0.000,0.002,0.000,45.083,0.00
1786228045,bench_mixed,0.00,0.00,0.0,0.000,0.002,0.000,45.082,0.00
1786228050,bench_mixed,0.00,0.00,0.0,0.000,0.002,0.000,45.082,0.00
1786228055,bench_mixed,0.00,0.00,0.0,0.000,0.002,0.000,45.082,0.00
1786228060,bench_mixed,0.00,0.00,0.0,0.000,0.002,0.000,45.082,0.00
1786228066,bench_mixed,0.00,0.00,0.0,0.000,0.002,0.000,45.082,0.00
1786228071,bench_mixed,0.00,0.00,0.0,0.000,0.002,0.000,45.082,0.00
1786228076,bench_mixed,0.00,0.00,0.0,0.000,0.002,0.000,45.082,0.00
1786228081,bench_mixed,0.00,0.00,0.0,0.000,0.002,0.000,45.082,0.00
1786228086,bench_mixed,0.00,0.00,0.0,0.000,0.002,0.000,45.082,0.00
1786228091,bench_mixed,0.00,0.00,0.0,0.000,0.002,0.000,45.082,0.00
1786228096,bench_mixed,0.00,0.00,0.0,0.000,0.002,0.000,45.082,0.00
1786228101,bench_mixed,0.00,0.00,0.0,0.000,0.002,0.000,45.082,0.00
1786228106,bench_mixed,0.00,0.00,0.0,0.000,0.002,0.000,45.082,0.00
1786228111,bench_mixed,0.00,0.00,0.0,0.000,0.002,0.000,45.082,0.00
1786228116,bench_mixed,0.00,0.00,0.0,0.000,0.002,0.000,45.082,0.00
1786228121,bench_mixed,0.00,0.00,0.0,0.000,0.002,0.000,45.083,0.00
1786228126,bench_mixed,0.00,0.00,0.0,0.000,0.002,0.000,45.083,0.00
1786228131,bench_mixed,0.00,0.00,0.0,0.000,0.002,0.000,45.083,0.00
1786228136,bench_mixed,0.00,0.00,0.0,0.000,0.002,0.000,45.083,0.00
1786228141,bench_mixed,0.00,0.00,0.0,0.000,0.002,0.000,45.083,0.00
1786228146,bench_mixed,0.00,0.00,0.0,0.000,0.002,0.000,45.083,0.00
1786228151,bench_mixed,0.00,0.00,0.0,0.000,0.002,0.000,45.083,0.00
1786228156,bench_mixed,0.00,0.00,0.0,0.000,0.002,0.000,45.083,0.00
1786228161,bench_mixed,0.00,0.00,0.0,0.000,0.002,0.000,45.083,0.00
1786228167,bench_mixed,0.00,0.00,0.0,0.000,0.002,0.000,45.083,0.00
1786228172,bench_mixed,0.00,0.00,0.0,0.000,0.002,0.000,45.082,0.00
1786228177,bench_mixed,0.00,0.00,0.0,0.000,0.002,0.000,45.082,0.00
1786228182,bench_mixed,0.00,0.00,0.0,0.000,0.002,0.000,45.082,0.00
1786228187,bench_mixed,0.00,0.00,0.0,0.000,0.002,0.000,45.082,0.00
1786228192,bench_mixed,0.00,0.00,0.0,0.000,0.002,0.000,45.082,0.00
1786228197,bench_mixed,0.00,0.00,0.0,0.000,0.002,0.000,45.082,0.00
1786228202,bench_mixed,0.00,0.00,0.0,0.000,0.002,0.000,45.082,0.00
1786228207,bench_mixed,0.00,0.00,0.0,0.000,0.002,0.000,45.082,0.00
1786228212,bench_mixed,0.00,0.00,0.0,0.000,0.002,0.000,45.082,0.00
1786228217,bench_mixed,0.00,0.00,0.0,0.000,0.002,0.000,45.082,0.00
1786228222,bench_mixed,0.00,0.00,0.0,0.000,0.002,0.000,45.082,0.00
1786228227,bench_mixed,0.00,0.00,0.0,0.000,0.002,0.000,45.082,0.00
1786228232,bench_mixed,0.00,0.00,0.0,0.000,0.002,0.000,45.082,0.00
1786228237,bench_mixed,0.00,0.00,0.0,0.000,0.002,0.000,45.082,0.00
1786228242,bench_mixed,0.00,0.00,0.0,0.000,0.002,0.000,45.083,0.00
1786228247,bench_mixed,0.00,0.00,0.0,0.000,0.002,0.000,45.082,0.00
1786228252,bench_mixed,0.00,0.00,0.0,0.000,0.002,0.000,45.082,0.00
1786228257,bench_mixed,0.00,0.00,0.0,0.000,0.002,0.000,45.081,0.00
1786228262,bench_mixed,0.00,0.00,0.0,0.000,0.002,0.000,45.081,0.00
1786228268,bench_mixed,0.00,0.00,0.0,0.000,0.002,0.000,45.081,0.00
1786228273,bench_mixed,0.00,0.00,0.0,0.000,0.002,0.000,45.081,0.00
1786228278,bench_mixed,0.00,0.00,0.0,0.000,0.002,0.000,45.081,0.00
1786228283,bench_mixed,0.00,0.00,0.0,0.000,0.002,0.000,45.081,0.00
1786228288,bench_mixed,0.00,0.00,0.0,0.000,0.002,0.000,45.081,0.00
1786228293,bench_mixed,0.00,0.00,0.0,0.000,0.002,0.000,45.081,0.00
1786228298,bench_mixed,0.00,0.00,0.0,0.000,0.002,0.000,45.081,0.00
1786228303,bench_mixed,0.00,0.00,0.0,0.000,0.002,0.000,45.081,0.00
1786228308,bench_mixed,0.00,0.00,0.0,0.000,0.002,0.000,45.081,0.00
1786228313,bench_mixed,0.00,0.00,0.0,0.000,0.002,0.000,45.082,0.00
1786228318,bench_mixed,0.00,0.00,0.0,0.000,0.002,0.000,45.082,0.00
1786228323,bench_mixed,0.00,0.00,0.0,0.000,0.002,0.000,45.083,0.00
1786228328,bench_mixed,0.00,0.00,0.0,0.000,0.002,0.000,45.082,0.00
1786228333,bench_mixed,0.00,0.00,0.0,0.000,0.002,0.000,45.082,0.00
1786228338,bench_mixed,0.00,0.00,0.0,0.000,0.002,0.000,45.083,0.00
1786228343,bench_mixed,0.00,0.00,0.0,0.000,0.002,0.000,45.082,0.00
1786228348,bench_mixed,0.00,0.00,0.0,0.000,0.002,0.000,45.083,0.00
1786228353,bench_mixed,0.00,0.00,0.0,0.000,0.002,0.000,45.082,0.00
1786228358,bench_mixed,0.00,0.00,0.0,0.000,0.002,0.000,45.082,0.00
1786228364,bench_mixed,0.00,0.00,0.0,0.000,0.002,0.000,45.082,0.00
1786228369,bench_mixed,0.00,0.00,0.0,0.000,0.002,0.000,45.082,0.00
1786228374,bench_mixed,0.00,0.00,0.0,0.000,0.002,0.000,45.082,0.00
1786228379,bench_mixed,0.00,0.00,0.0,0.000,0.002,0.000,45.082,0.00
1786228384,bench_mixed,0.00,0.00,0.0,0.000,0.002,0.000,45.082,0.00
1786228389,bench_mixed,0.00,0.00,0.0,0.000,0.002,0.000,45.082,0.00
1786228394,bench_mixed,0.00,0.00,0.0,0.000,0.002,0.000,45.082,0.00
1786228399,bench_mixed,0.00,0.00,0.0,0.000,0.002,0.000,45.083,0.00
1786228404,bench_mixed,0.00,0.00,0.0,0.000,0.002,0.000,45.083,0.00
1786228409,bench_mixed,0.00,0.00,0.0,0.000,0.002,0.000,45.083,0.00
1786228414,bench_mixed,0.00,0.00,0.0,0.000,0.002,0.000,45.083,0.00
1786228419,bench_mixed,0.00,0.00,0.0,0.000,0.002,0.000,45.082,0.00
1786228424,bench_mixed,0.00,0.00,0.0,0.000,0.002,0.000,45.082,0.00
1786228429,bench_mixed,0.00,0.00,0.0,0.000,0.002,0.000,45.082,0.00
1786228434,bench_mixed,0.00,0.00,0.0,0.000,0.002,0.000,45.083,0.00
1786228439,bench_mixed,0.00,0.00,0.0,0.000,0.002,0.000,45.084,0.00
1786228444,bench_mixed,0.00,0.00,0.0,0.000,0.002,0.000,45.083,0.00
1786228449,bench_mixed,0.00,0.00,0.0,0.000,0.002,0.000,45.083,0.00
1786228454,bench_mixed,0.00,0.00,0.0,0.000,0.002,0.000,45.083,0.00
1786228459,bench_mixed,0.00,0.00,0.0,0.000,0.002,0.000,45.083,0.00
1786228465,bench_mixed,0.00,0.00,0.0,0.000,0.002,0.000,45.083,0.00
1786228470,bench_mixed,0.00,0.00,0.0,0.000,0.002,0.000,45.083,0.00
1786228475,bench_mixed,0.00,0.00,0.0,0.000,0.002,0.000,45.083,0.00
1786228480,bench_mixed,0.00,0.00,0.0,0.000,0.002,0.000,45.083,0.00
1786228485,bench_mixed,0.00,0.00,0.0,0.000,0.002,0.000,45.083,0.00
1786228490,bench_mixed,0.00,0.00,0.0,0.000,0.002,0.000,45.083,0.00
1786228495,bench_mixed,0.00,0.00,0.0,0.000,0.002,0.000,45.083,0.00
1786228500,bench_mixed,0.00,0.00,0.0,0.000,0.002,0.000,45.083,0.00
1786228505,bench_mixed,0.00,0.00,0.0,0.000,0.002,0.000,45.083,0.00
1786228510,bench_mixed,0.00,0.00,0.0,0.000,0.002,0.000,45.083,0.00
1786228515,bench_mixed,0.00,0.00,0.0,0.000,0.002,0.000,45.083,0.00
1786228520,bench_mixed,0.00,0.00,0.0,0.000,0.002,0.000,45.082,0.00
1786228525,bench_mixed,0.00,0.00,0.0,0.000,0.002,0.000,45.082,0.00
1786228530,bench_mixed,0.00,0.00,0.0,0.000,0.002,0.000,45.082,0.00
1786228535,bench_mixed,0.00,0.00,0.0,0.000,0.002,0.000,45.082,0.00
1786228540,bench_mixed,0.00,0.00,0.0,0.000,0.002,0.000,45.082,0.00
1786228545,bench_mixed,0.00,0.00,0.0,0.000,0.002,0.000,45.082,0.00
1786228550,bench_mixed,0.00,0.00,0.0,0.000,0.002,0.000,45.082,0.00
1786228555,bench_mixed,0.00,0.00,0.0,0.000,0.002,0.000,45.082,0.00
1786228560,bench_mixed,0.00,0.00,0.0,0.000,0.002,0.000,45.082,0.00
1786228566,bench_mixed,0.00,0.00,0.0,0.000,0.002,0.000,45.082,0.00
1786228571,bench_mixed,0.00,0.00,0.0,0.000,0.002,0.000,45.081,0.00
1786228576,bench_mixed,0.00,0.00,0.0,0.000,0.002,0.000,45.081,0.00
1786228581,bench_mixed,0.00,0.00,0.0,0.000,0.002,0.000,45.081,0.00
1786228586,bench_mixed,0.00,0.00,0.0,0.000,0.002,0.000,45.081,0.00
1786228591,bench_mixed,0.00,0.00,0.0,0.000,0.002,0.000,45.081,0.00
1786228596,bench_mixed,0.00,0.00,0.0,0.000,0.002,0.000,45.081,0.00
1786228601,bench_mixed,0.00,0.00,0.0,0.000,0.002,0.000,45.081,0.00
1786228606,bench_mixed,0.00,0.00,0.0,0.000,0.002,0.000,45.081,0.00
1786228611,bench_mixed,0.00,0.00,0.0,0.000,0.002,0.000,45.081,0.00
1786228616,bench_mixed,0.00,0.00,0.0,0.000,0.002,0.000,45.081,0.00
1786228621,bench_mixed,0.00,0.00,0.0,0.000,0.002,0.000,45.081,0.00
1786228626,bench_mixed,0.00,0.00,0.0,0.000,0.002,0.000,45.081,0.00
1786228631,bench_mixed,0.00,0.00,0.0,0.000,0.002,0.000,45.081,0.00
1786228636,bench_mixed,0.00,0.00,0.0,0.000,0.002,0.000,45.081,0.00
1786228641,bench_mixed,0.00,0.00,0.0,0.000,0.002,0.000,45.081,0.00
1786228646,bench_mixed,0.00,0.00,0.0,0.000,0.002,0.000,45.081,0.00
1786228651,bench_mixed,0.00,0.00,0.0,0.000,0.002,0.000,45.081,0.00
1786228656,bench_mixed,0.00,0.00,0.0,0.000,0.002,0.000,45.081,0.00
1786228661,bench_mixed,0.00,0.00,0.0,0.000,0.002,0.000,45.081,0.00
1786228667,bench_mixed,0.00,0.00,0.0,0.000,0.002,0.000,45.081,0.00
1786228672,bench_mixed,0.00,0.00,0.0,0.000,0.002,0.000,45.081,0.00
1786228677,bench_mixed,0.00,0.00,0.0,0.000,0.002,0.000,45.081,0.00
1786228682,bench_mixed,0.00,0.00,0.0,0.000,0.002,0.000,45.081,0.00
1786228687,bench_mixed,0.00,0.00,0.0,0.000,0.002,0.000,45.081,0.00
1786228692,bench_mixed,0.00,0.00,0.0,0.000,0.002,0.000,45.081,0.00
1786228697,bench_mixed,0.00,0.00,0.0,0.000,0.002,0.000,45.081,0.00
1786228702,bench_mixed,0.00,0.00,0.0,0.000,0.002,0.000,45.081,0.00
1786228707,bench_mixed,0.00,0.00,0.0,0.000,0.002,0.000,45.081,0.00
1786228712,bench_mixed,0.00,0.00,0.0,0.000,0.002,0.000,45.081,0.00
1786228717,bench_mixed,0.00,0.00,0.0,0.000,0.002,0.000,45.081,0.00
1786228722,bench_mixed,0.00,0.00,0.0,0.000,0.002,0.000,45.081,0.00
1786228727,bench_mixed,0.00,0.00,0.0,0.000,0.002,0.000,45.081,0.00
1786228732,bench_mixed,0.00,0.00,0.0,0.000,0.002,0.000,45.081,0.00
1786228737,bench_mixed,0.00,0.00,0.0,0.000,0.002,0.000,45.081,0.00
1786228742,bench_mixed,0.00,0.00,0.0,0.000,0.002,0.000,45.081,0.00
1786228747,bench_mixed,0.00,0.00,0.0,0.000,0.002,0.000,45.081,0.00
1786228752,bench_mixed,0.00,0.00,0.0,0.000,0.002,0.000,45.082,0.00
1786228757,bench_mixed,0.00,0.00,0.0,0.000,0.002,0.000,45.082,0.00
1786228762,bench_mixed,0.00,0.00,0.0,0.000,0.002,0.000,45.082,0.00
1786228768,bench_mixed,0.00,0.00,0.0,0.000,0.002,0.000,45.082,0.00
1786228773,bench_mixed,0.00,0.00,0.0,0.000,0.002,0.000,45.082,0.00
1786228778,bench_mixed,0.00,0.00,0.0,0.000,0.002,0.000,45.082,0.00
1786228783,bench_mixed,0.00,0.00,0.0,0.000,0.002,0.000,45.082,0.00
1786228788,bench_mixed,0.00,0.00,0.0,0.000,0.002,0.000,45.082,0.00
1786228793,bench_mixed,0.00,0.00,0.0,0.000,0.002,0.000,45.082,0.00
1786228798,bench_mixed,0.00,0.00,0.0,0.000,0.002,0.000,45.082,0.00
1786228803,bench_mixed,0.00,0.00,0.0,0.000,0.002,0.000,45.082,0.00
1786228808,bench_mixed,0.00,0.00,0.0,0.000,0.002,0.000,45.082,0.00
1786228813,bench_mixed,0.00,0.00,0.0,0.000,0.002,0.000,45.082,0.00
1786228818,bench_mixed,0.00,0.00,0.0,0.000,0.002,0.000,45.081,0.00
1786228823,bench_mixed,0.00,0.00,0.0,0.000,0.002,0.000,45.081,0.00
1786228828,bench_mixed,0.00,0.00,0.0,0.000,0.002,0.000,45.081,0.00
1786228833,bench_mixed,0.00,0.00,0.0,0.000,0.002,0.000,45.081,0.00
1786228838,bench_mixed,0.00,0.00,0.0,0.000,0.002,0.000,45.081,0.00
1786228843,bench_mixed,0.00,0.00,0.0,0.000,0.002,0.000,45.082,0.00
1786228848,bench_mixed,0.00,0.00,0.0,0.000,0.002,0.000,45.081,0.00
1786228853,bench_mixed,0.00,0.00,0.0,0.000,0.002,0.000,45.081,0.00
1786228858,bench_mixed,0.00,0.00,0.0,0.000,0.002,0.000,45.082,0.00
1786228864,bench_mixed,0.00,0.00,0.0,0.000,0.002,0.000,45.082,0.00
1786228869,bench_mixed,0.00,0.00,0.0,0.000,0.002,0.000,45.082,0.00
1786228874,bench_mixed,0.00,0.00,0.0,0.000,0.002,0.000,45.082,0.00
1786228879,bench_mixed,0.00,0.00,0.0,0.000,0.002,0.000,45.082,0.00
1786228884,bench_mixed,0.00,0.00,0.0,0.000,0.002,0.000,45.082,0.00
1786228889,bench_mixed,0.00,0.00,0.0,0.000,0.002,0.000,45.082,0.00
1786228894,bench_mixed,0.00,0.00,0.0,0.000,0.002,0.000,45.082,0.00
1786228899,bench_mixed,0.00,0.00,0.0,0.000,0.002,0.000,45.082,0.00
1786228904,bench_mixed,0.00,0.00,0.0,0.000,0.002,0.000,45.082,0.00
1786228909,bench_mixed,0.00,0.00,0.0,0.000,0.002,0.000,45.082,0.00
1786228914,bench_mixed,0.00,0.00,0.0,0.000,0.002,0.000,45.082,0.00
1786228919,bench_mixed,0.00,0.00,0.0,0.000,0.002,0.000,45.082,0.00
1786228924,bench_mixed,0.00,0.00,0.0,0.000,0.002,0.000,45.082,0.00
1786228929,bench_mixed,0.00,0.00,0.0,0.000,0.002,0.000,45.081,0.00
1786228934,bench_mixed,0.00,0.00,0.0,0.000,0.002,0.000,45.081,0.00
1786228939,bench_mixed,0.00,0.00,0.0,0.000,0.002,0.000,45.081,0.00
1786228944,bench_mixed,0.00,0.00,0.0,0.000,0.002,0.000,45.081,0.00
1786228949,bench_mixed,0.00,0.00,0.0,0.000,0.002,0.000,45.081,0.00
1786228954,bench_mixed,0.00,0.00,0.0,0.000,0.002,0.000,45.081,0.00
1786228959,bench_mixed,0.00,0.00,0.0,0.000,0.002,0.000,45.081,0.00
1786228965,bench_mixed,0.00,0.00,0.0,0.000,0.002,0.000,45.081,0.00
1786228970,bench_mixed,0.00,0.00,0.0,0.000,0.002,0.000,45.081,0.00
1786228975,bench_mixed,0.00,0.00,0.0,0.000,0.002,0.000,45.081,0.00
1786228980,bench_mixed,0.00,0.00,0.0,0.000,0.002,0.000,45.081,0.00
1786228985,bench_mixed,0.00,0.00,0.0,0.000,0.002,0.000,45.081,0.00
1786228990,bench_mixed,0.00,0.00,0.0,0.000,0.002,0.000,45.081,0.00
1786228995,bench_mixed,0.00,0.00,0.0,0.000,0.002,0.000,45.081,0.00
1786229000,bench_mixed,0.00,0.00,0.0,0.000,0.002,0.000,45.081,0.00
1786229005,bench_mixed,0.00,0.00,0.0,0.000,0.002,0.000,45.081,0.00
1786229010,bench_mixed,0.00,0.00,0.0,0.000,0.002,0.000,45.081,0.00
1786229015,bench_mixed,0.00,0.00,0.0,0.000,0.002,0.000,45.081,0.00
1786229020,bench_mixed,0.00,0.00,0.0,0.000,0.002,0.000,45.081,0.00
1786229025,bench_mixed,0.00,0.00,0.0,0.000,0.002,0.000,45.081,0.00
1786229030,bench_mixed,0.00,0.00,0.0,0.000,0.002,0.000,45.081,0.00
1786229035,bench_mixed,0.00,0.00,0.0,0.000,0.002,0.000,45.081,0.00
1786229040,bench_mixed,0.00,0.00,0.0,0.000,0.002,0.000,45.081,0.00
1786229045,bench_mixed,0.00,0.00,0.0,0.000,0.002,0.000,45.081,0.00
1786229050,bench_mixed,0.00,0.00,0.0,0.000,0.002,0.000,45.081,0.00
1786229055,bench_mixed,0.00,0.00,0.0,0.000,0.002,0.000,45.081,0.00
1786229060,bench_mixed,0.00,0.00,0.0,0.000,0.002,0.000,45.081,0.00
1786229066,bench_mixed,0.00,0.00,0.0,0.000,0.002,0.000,45.082,0.00
1786229071,bench_mixed,0.00,0.00,0.0,0.000,0.002,0.000,45.082,0.00
1786229076,bench_mixed,0.00,0.00,0.0,0.000,0.002,0.000,45.082,0.00
1786229081,bench_mixed,0.00,0.00,0.0,0.000,0.002,0.000,45.082,0.00
1786229086,bench_mixed,0.00,0.00,0.0,0.000,0.002,0.000,45.082,0.00
1786229091,bench_mixed,0.00,0.00,0.0,0.000,0.002,0.000,45.081,0.00
1786229096,bench_mixed,0.00,0.00,0.0,0.000,0.002,0.000,45.081,0.00
1786229101,bench_mixed,0.00,0.00,0.0,0.000,0.002,0.000,45.082,0.00
1786229106,bench_mixed,0.00,0.00,0.0,0.000,0.002,0.000,45.081,0.00
1786229111,bench_mixed,0.00,0.00,0.0,0.000,0.002,0.000,45.081,0.00
1786229116,bench_mixed,0.00,0.00,0.0,0.000,0.002,0.000,45.081,0.00
1786229121,bench_mixed,0.00,0.00,0.0,0.000,0.002,0.000,45.081,0.00
1786229126,bench_mixed,0.00,0.00,0.0,0.000,0.002,0.000,45.081,0.00
1786229131,bench_mixed,0.00,0.00,0.0,0.000,0.002,0.000,45.081,0.00
1786229136,bench_mixed,0.00,0.00,0.0,0.000,0.002,0.000,45.081,0.00
1786229141,bench_mixed,0.00,0.00,0.0,0.000,0.002,0.000,45.081,0.00
1786229146,bench_mixed,0.00,0.00,0.0,0.000,0.002,0.000,45.081,0.00
1786229151,bench_mixed,0.00,0.00,0.0,0.000,0.002,0.000,45.081,0.00
1786229156,bench_mixed,0.00,0.00,0.0,0.000,0.002,0.000,45.081,0.00
1786229161,bench_mixed,0.00,0.00,0.0,0.000,0.002,0.000,45.081,0.00
1786229167,bench_mixed,0.00,0.00,0.0,0.000,0.002,0.000,45.081,0.00
1786229172,bench_mixed,0.00,0.00,0.0,0.000,0.002,0.000,45.081,0.00
1786229177,bench_mixed,0.00,0.00,0.0,0.000,0.002,0.000,45.081,0.00
1786229182,bench_mixed,0.00,0.00,0.0,0.000,0.002,0.000,45.081,0.00
1786229187,bench_mixed,0.00,0.00,0.0,0.000,0.002,0.000,45.081,0.00
1786229192,bench_mixed,0.00,0.00,0.0,0.000,0.002,0.000,45.081,0.00
1786229197,bench_mixed,0.00,0.00,0.0,0.000,0.002,0.000,45.081,0.00
1786229202,bench_mixed,0.00,0.00,0.0,0.000,0.002,0.000,45.081,0.00
1786229207,bench_mixed,0.00,0.00,0.0,0.000,0.002,0.000,45.081,0.00
1786229212,bench_mixed,0.00,0.00,0.0,0.000,0.002,0.000,45.081,0.00
1786229217,bench_mixed,0.00,0.00,0.0,0.000,0.002,0.000,45.081,0.00
1786229222,bench_mixed,0.00,0.00,0.0,0.000,0.002,0.000,45.081,0.00
1786229227,bench_mixed,0.00,0.00,0.0,0.000,0.002,0.000,45.081,0.00
1786229232,bench_mixed,0.00,0.00,0.0,0.000,0.002,0.000,45.081,0.00
1786229237,bench_mixed,0.00,0.00,0.0,0.000,0.002,0.000,45.081,0.00
1786229242,bench_mixed,0.00,0.00,0.0,0.000,0.002,0.000,45.082,0.00
1786229247,bench_mixed,0.00,0.00,0.0,0.000,0.002,0.000,45.081,0.00
1786229252,bench_mixed,0.00,0.00,0.0,0.000,0.002,0.000,45.081,0.00
1786229257,bench_mixed,0.00,0.00,0.0,0.000,0.002,0.000,45.081,0.00
1786229262,bench_mixed,0.00,0.00,0.0,0.000,0.002,0.000,45.081,0.00
1786229268,bench_mixed,0.00,0.00,0.0,0.000,0.002,0.000,45.081,0.00
1786229273,bench_mixed,0.00,0.00,0.0,0.000,0.002,0.000,45.081,0.00
1786229278,bench_mixed,0.00,0.00,0.0,0.000,0.002,0.000,45.081,0.00
1786229283,bench_mixed,0.00,0.00,0.0,0.000,0.002,0.000,45.081,0.00
1786229288,bench_mixed,0.00,0.00,0.0,0.000,0.002,0.000,45.081,0.00
1786229293,bench_mixed,0.00,0.00,0.0,0.000,0.002,0.000,45.081,0.00
1786229298,bench_mixed,0.00,0.00,0.0,0.000,0.002,0.000,45.081,0.00
1786229303,bench_mixed,0.00,0.00,0.0,0.000,0.002,0.000,45.081,0.00
1786229308,bench_mixed,0.00,0.00,0.0,0.000,0.002,0.000,45.081,0.00
1786229313,bench_mixed,0.00,0.00,0.0,0.000,0.002,0.000,45.081,0.00
1786229318,bench_mixed,0.00,0.00,0.0,0.000,0.002,0.000,45.081,0.00
1786229323,bench_mixed,0.00,0.00,0.0,0.000,0.002,0.000,45.081,0.00
1786229328,bench_mixed,0.00,0.00,0.0,0.000,0.002,0.000,45.081,0.00
1786229333,bench_mixed,0.00,0.00,0.0,0.000,0.002,0.000,45.081,0.00
1786229338,bench_mixed,0.00,0.00,0.0,0.000,0.002,0.000,45.080,0.00
1786229343,bench_mixed,0.00,0.00,0.0,0.000,0.002,0.000,45.080,0.00
1786229348,bench_mixed,0.00,0.00,0.0,0.000,0.002,0.000,45.080,0.00
1786229353,bench_mixed,0.00,0.00,0.0,0.000,0.002,0.000,45.080,0.00
1786229358,bench_mixed,0.00,0.00,0.0,0.000,0.002,0.000,45.080,0.00
1786229363,bench_mixed,0.00,0.00,0.0,0.000,0.002,0.000,45.080,0.00
1786229369,bench_mixed,0.00,0.00,0.0,0.000,0.002,0.000,45.080,0.00
1786229374,bench_mixed,0.00,0.00,0.0,0.000,0.002,0.000,45.080,0.00
1786229379,bench_mixed,0.00,0.00,0.0,0.000,0.002,0.000,45.080,0.00
1786229384,bench_mixed,0.00,0.00,0.0,0.000,0.002,0.000,45.080,0.00
1786229389,bench_mixed,0.00,0.00,0.0,0.000,0.002,0.000,45.080,0.00
1786229394,bench_mixed,0.00,0.00,0.0,0.000,0.002,0.000,45.080,0.00
1786229399,bench_mixed,0.00,0.00,0.0,0.000,0.002,0.000,45.080,0.00
1786229404,bench_mixed,0.00,0.00,0.0,0.000,0.002,0.000,45.080,0.00
1786229409,bench_mixed,0.00,0.00,0.0,0.000,0.002,0.000,45.080,0.00
1786229414,bench_mixed,0.00,0.00,0.0,0.000,0.002,0.000,45.080,0.00
1786229419,bench_mixed,0.00,0.00,0.0,0.000,0.002,0.000,45.080,0.00
1786229424,bench_mixed,0.00,0.00,0.0,0.000,0.002,0.000,45.080,0.00
1786229429,bench_mixed,0.00,0.00,0.0,0.000,0.002,0.000,45.080,0.00
1786229434,bench_mixed,0.00,0.00,0.0,0.000,0.002,0.000,45.081,0.00
1786229439,bench_mixed,0.00,0.00,0.0,0.000,0.002,0.000,45.081,0.00
1786229444,bench_mixed,0.00,0.00,0.0,0.000,0.002,0.000,45.081,0.00
1786229449,bench_mixed,0.00,0.00,0.0,0.000,0.002,0.000,45.081,0.00
1786229454,bench_mixed,0.00,0.00,0.0,0.000,0.002,0.000,45.081,0.00
1786229459,bench_mixed,0.00,0.00,0.0,0.000,0.002,0.000,45.081,0.00
1786229465,bench_mixed,0.00,0.00,0.0,0.000,0.002,0.000,45.081,0.00
1786229470,bench_mixed,0.00,0.00,0.0,0.000,0.002,0.000,45.081,0.00
1786229475,bench_mixed,0.00,0.00,0.0,0.000,0.002,0.000,45.081,0.00
1786229480,bench_mixed,0.00,0.00,0.0,0.000,0.002,0.000,45.081,0.00
1786229485,bench_mixed,0.00,0.00,0.0,0.000,0.002,0.000,45.081,0.00
1786229490,bench_mixed,0.00,0.00,0.0,0.000,0.002,0.000,45.081,0.00
1786229495,bench_mixed,0.00,0.00,0.0,0.000,0.002,0.000,45.081,0.00
1786229500,bench_mixed,0.00,0.00,0.0,0.000,0.002,0.000,45.081,0.00
1786229505,bench_mixed,0.00,0.00,0.0,0.000,0.002,0.000,45.081,0.00
1786229510,bench_mixed,0.00,0.00,0.0,0.000,0.002,0.000,45.081,0.00
1786229515,bench_mixed,0.00,0.00,0.0,0.000,0.002,0.000,45.081,0.00
1786229520,bench_mixed,0.00,0.00,0.0,0.000,0.002,0.000,45.081,0.00
1786229525,bench_mixed,0.00,0.00,0.0,0.000,0.002,0.000,45.081,0.00
1786229530,bench_mixed,0.00,0.00,0.0,0.000,0.002,0.000,45.081,0.00
1786229535,bench_mixed,0.00,0.00,0.0,0.000,0.002,0.000,45.081,0.00
1786229540,bench_mixed,0.00,0.00,0.0,0.000,0.002,0.000,45.081,0.00
1786229545,bench_mixed,0.00,0.00,0.0,0.000,0.002,0.000,45.081,0.00
1786229550,bench_mixed,0.00,0.00,0.0,0.000,0.002,0.000,45.081,0.00
1786229555,bench_mixed,0.00,0.00,0.0,0.000,0.002,0.000,45.081,0.00
1786229560,bench_mixed,0.00,0.00,0.0,0.000,0.002,0.000,45.081,0.00
1786229566,bench_mixed,0.00,0.00,0.0,0.000,0.002,0.000,45.081,0.00
1786229571,bench_mixed,0.00,0.00,0.0,0.000,0.002,0.000,45.081,0.00
1786229576,bench_mixed,0.00,0.00,0.0,0.000,0.002,0.000,45.081,0.00
1786229581,bench_mixed,0.00,0.00,0.0,0.000,0.002,0.000,45.081,0.00
1786229586,bench_mixed,0.00,0.00,0.0,0.000,0.002,0.000,45.082,0.00
1786229591,bench_mixed,0.00,0.00,0.0,0.000,0.002,0.000,45.082,0.00
1786229596,bench_mixed,0.00,0.00,0.0,0.000,0.002,0.000,45.082,0.00
1786229601,bench_mixed,0.00,0.00,0.0,0.000,0.002,0.000,45.082,0.00
1786229606,bench_mixed,0.00,0.00,0.0,0.000,0.002,0.000,45.082,0.00
1786229611,bench_mixed,0.00,0.00,0.0,0.000,0.002,0.000,45.082,0.00
1786229616,bench_mixed,0.00,0.00,0.0,0.000,0.002,0.000,45.082,0.00
1786229621,bench_mixed,0.00,0.00,0.0,0.000,0.002,0.000,45.082,0.00
1786229626,bench_mixed,0.00,0.00,0.0,0.000,0.002,0.000,45.082,0.00
1786229631,bench_mixed,0.00,0.00,0.0,0.000,0.002,0.000,45.082,0.00
1786229636,bench_mixed,0.00,0.00,0.0,0.000,0.002,0.000,45.081,0.00
1786229641,bench_mixed,0.00,0.00,0.0,0.000,0.002,0.000,45.081,0.00
1786229646,bench_mixed,0.00,0.00,0.0,0.000,0.002,0.000,45.081,0.00
1786229651,bench_mixed,0.00,0.00,0.0,0.000,0.002,0.000,45.081,0.00
1786229656,bench_mixed,0.00,0.00,0.0,0.000,0.002,0.000,45.081,0.00
1786229661,bench_mixed,0.00,0.00,0.0,0.000,0.002,0.000,45.081,0.00
1786229667,bench_mixed,0.00,0.00,0.0,0.000,0.002,0.000,45.082,0.00
1786229672,bench_mixed,0.00,0.00,0.0,0.000,0.002,0.000,45.082,0.00
1786229677,bench_mixed,0.00,0.00,0.0,0.000,0.002,0.000,45.082,0.00
1786229682,bench_mixed,0.00,0.00,0.0,0.000,0.002,0.000,45.082,0.00
1786229687,bench_mixed,0.00,0.00,0.0,0.000,0.002,0.000,45.082,0.00
1786229692,bench_mixed,0.00,0.00,0.0,0.000,0.002,0.000,45.082,0.00
1786229697,bench_mixed,0.00,0.00,0.0,0.000,0.002,0.000,45.082,0.00
1786229702,bench_mixed,0.00,0.00,0.0,0.000,0.002,0.000,45.081,0.00
1786229707,bench_mixed,0.00,0.00,0.0,0.000,0.002,0.000,45.081,0.00
1786229712,bench_mixed,0.00,0.00,0.0,0.000,0.002,0.000,45.081,0.00
1786229717,bench_mixed,0.00,0.00,0.0,0.000,0.002,0.000,45.081,0.00
1786229722,bench_mixed,0.00,0.00,0.0,0.000,0.002,0.000,45.081,0.00
1786229727,bench_mixed,0.00,0.00,0.0,0.000,0.002,0.000,45.081,0.00
1786229732,bench_mixed,0.00,0.00,0.0,0.000,0.002,0.000,45.081,0.00
1786229737,bench_mixed,0.00,0.00,0.0,0.000,0.002,0.000,45.081,0.00
1786229742,bench_mixed,0.00,0.00,0.0,0.000,0.002,0.000,45.082,0.00
1786229747,bench_mixed,0.00,0.00,0.0,0.000,0.002,0.000,45.082,0.00
1786229752,bench_mixed,0.00,0.00,0.0,0.000,0.002,0.000,45.082,0.00
1786229757,bench_mixed,0.00,0.00,0.0,0.000,0.002,0.000,45.082,0.00
1786229762,bench_mixed,0.00,0.00,0.0,0.000,0.002,0.000,45.082,0.00
1786229768,bench_mixed,0.00,0.00,0.0,0.000,0.002,0.000,45.082,0.00
1786229773,bench_mixed,0.00,0.00,0.0,0.000,0.002,0.000,45.082,0.00
1786229778,bench_mixed,0.00,0.00,0.0,0.000,0.002,0.000,45.082,0.00
1786229783,bench_mixed,0.00,0.00,0.0,0.000,0.002,0.000,45.082,0.00
1786229788,bench_mixed,0.00,0.00,0.0,0.000,0.002,0.000,45.082,0.00
1786229793,bench_mixed,0.00,0.00,0.0,0.000,0.002,0.000,45.082,0.00
1786229798,bench_mixed,0.00,0.00,0.0,0.000,0.002,0.000,45.082,0.00
1786229803,bench_mixed,0.00,0.00,0.0,0.000,0.002,0.000,45.082,0.00
1786229808,bench_mixed,0.00,0.00,0.0,0.000,0.002,0.000,45.082,0.00
1786229813,bench_mixed,0.00,0.00,0.0,0.000,0.002,0.000,45.082,0.00
1786229818,bench_mixed,0.00,0.00,0.0,0.000,0.002,0.000,45.082,0.00
1786229823,bench_mixed,0.00,0.00,0.0,0.000,0.002,0.000,45.082,0.00
1786229828,bench_mixed,0.00,0.00,0.0,0.000,0.002,0.000,45.082,0.00
1786229833,bench_mixed,0.00,0.00,0.0,0.000,0.002,0.000,45.082,0.00
1786229838,bench_mixed,0.00,0.00,0.0,0.000,0.002,0.000,45.082,0.00
1786229843,bench_mixed,0.00,0.00,0.0,0.000,0.002,0.000,45.082,0.00
1786229848,bench_mixed,0.00,0.00,0.0,0.000,0.002,0.000,45.082,0.00
1786229853,bench_mixed,0.00,0.00,0.0,0.000,0.002,0.000,45.082,0.00
1786229858,bench_mixed,0.00,0.00,0.0,0.000,0.002,0.000,45.082,0.00
1786229863,bench_mixed,0.00,0.00,0.0,0.000,0.002,0.000,45.081,0.00
1786229869,bench_mixed,0.00,0.00,0.0,0.000,0.002,0.000,45.081,0.00
1786229874,bench_mixed,0.00,0.00,0.0,0.000,0.002,0.000,45.081,0.00
1786229879,bench_mixed,0.00,0.00,0.0,0.000,0.002,0.000,45.081,0.00
1786229884,bench_mixed,0.00,0.00,0.0,0.000,0.002,0.000,45.081,0.00
1786229889,bench_mixed,0.00,0.00,0.0,0.000,0.002,0.000,45.081,0.00
1786229894,bench_mixed,0.00,0.00,0.0,0.000,0.002,0.000,45.081,0.00
1786229899,bench_mixed,0.00,0.00,0.0,0.000,0.002,0.000,45.081,0.00
1786229904,bench_mixed,0.00,0.00,0.0,0.000,0.002,0.000,45.081,0.00
1786229909,bench_mixed,0.00,0.00,0.0,0.000,0.002,0.000,45.081,0.00
1786229914,bench_mixed,0.00,0.00,0.0,0.000,0.002,0.000,45.081,0.00
1786229919,bench_mixed,0.00,0.00,0.0,0.000,0.002,0.000,45.081,0.00
1786229924,bench_mixed,0.00,0.00,0.0,0.000,0.002,0.000,45.081,0.00
1786229929,bench_mixed,0.00,0.00,0.0,0.000,0.002,0.000,45.081,0.00
1786229934,bench_mixed,0.00,0.00,0.0,0.000,0.002,0.000,45.081,0.00
1786229939,bench_mixed,0.00,0.00,0.0,0.000,0.002,0.000,45.081,0.00
1786229944,bench_mixed,0.00,0.00,0.0,0.000,0.002,0.000,45.081,0.00
1786229949,bench_mixed,0.00,0.00,0.0,0.000,0.002,0.000,45.081,0.00
1786229954,bench_mixed,0.00,0.00,0.0,0.000,0.002,0.000,45.081,0.00
1786229959,bench_mixed,0.00,0.00,0.0,0.000,0.002,0.000,45.081,0.00
1786229964,bench_mixed,0.00,0.00,0.0,0.000,0.002,0.000,45.081,0.00
1786229970,bench_mixed,0.00,0.00,0.0,0.000,0.002,0.000,45.081,0.00
1786229975,bench_mixed,0.00,0.00,0.0,0.000,0.002,0.000,45.081,0.00
1786229980,bench_mixed,0.00,0.00,0.0,0.000,0.002,0.000,45.081,0.00
1786229985,bench_mixed,0.00,0.00,0.0,0.000,0.002,0.000,45.081,0.00
1786229990,bench_mixed,0.00,0.00,0.0,0.000,0.002,0.000,45.081,0.00
1786229995,bench_mixed,0.00,0.00,0.0,0.000,0.002,0.000,45.081,0.00
1786230000,bench_mixed,0.00,0.00,0.0,0.000,0.002,0.000,45.081,0.00
1786230005,bench_mixed,0.00,0.00,0.0,0.000,0.002,0.000,45.081,0.00
1786230010,bench_mixed,0.00,0.00,0.0,0.000,0.002,0.000,45.081,0.00
1786230015,bench_mixed,0.00,0.00,0.0,0.000,0.002,0.000,45.081,0.00
1786230020,bench_mixed,0.00,0.00,0.0,0.000,0.002,0.000,45.081,0.00
1786230025,bench_mixed,0.00,0.00,0.0,0.000,0.002,0.000,45.081,0.00
1786230030,bench_mixed,0.00,0.00,0.0,0.000,0.002,0.000,45.081,0.00
1786230035,bench_mixed,0.00,0.00,0.0,0.000,0.002,0.000,45.081,0.00
1786230040,bench_mixed,0.00,0.00,0.0,0.000,0.002,0.000,45.081,0.00
1786230045,bench_mixed,0.00,0.00,0.0,0.000,0.002,0.000,45.081,0.00
1786230050,bench_mixed,0.00,0.00,0.0,0.000,0.002,0.000,45.082,0.00
1786230055,bench_mixed,0.00,0.00,0.0,0.000,0.002,0.000,45.082,0.00
1786230060,bench_mixed,0.00,0.00,0.0,0.000,0.002,0.000,45.082,0.00
1786230065,bench_mixed,0.00,0.00,0.0,0.000,0.002,0.000,45.082,0.00
1786230070,bench_mixed,0.00,0.00,0.0,0.000,0.002,0.000,45.083,0.00
1786230076,bench_mixed,0.00,0.00,0.0,0.000,0.002,0.000,45.083,0.00
1786230081,bench_mixed,0.00,0.00,0.0,0.000,0.002,0.000,45.082,0.00
1786230086,bench_mixed,0.00,0.00,0.0,0.000,0.002,0.000,45.081,0.00
1786230091,bench_mixed,0.00,0.00,0.0,0.000,0.002,0.000,45.081,0.00
1786230096,bench_mixed,0.00,0.00,0.0,0.000,0.002,0.000,45.081,0.00
1786230101,bench_mixed,0.00,0.00,0.0,0.000,0.002,0.000,45.081,0.00
1786230106,bench_mixed,0.00,0.00,0.0,0.000,0.002,0.000,45.082,0.00
1786230111,bench_mixed,0.00,0.00,0.0,0.000,0.002,0.000,45.082,0.00
1786230116,bench_mixed,0.00,0.00,0.0,0.000,0.002,0.000,45.081,0.00
1786230121,bench_mixed,0.00,0.00,0.0,0.000,0.002,0.000,45.081,0.00
1786230126,bench_mixed,0.00,0.00,0.0,0.000,0.002,0.000,45.081,0.00
1786230131,bench_mixed,0.00,0.00,0.0,0.000,0.002,0.000,45.081,0.00
1786230136,bench_mixed,0.00,0.00,0.0,0.000,0.002,0.000,45.081,0.00
1786230141,bench_mixed,0.00,0.00,0.0,0.000,0.002,0.000,45.081,0.00
1786230146,bench_mixed,0.00,0.00,0.0,0.000,0.002,0.000,45.081,0.00
1786230151,bench_mixed,0.00,0.00,0.0,0.000,0.002,0.000,45.081,0.00
1786230156,bench_mixed,0.00,0.00,0.0,0.000,0.002,0.000,45.081,0.00
1786230161,bench_mixed,0.00,0.00,0.0,0.000,0.002,0.000,45.081,0.00
1786230166,bench_mixed,0.00,0.00,0.0,0.000,0.002,0.000,45.081,0.00
1786230171,bench_mixed,0.00,0.00,0.0,0.000,0.002,0.000,45.081,0.00
1786230177,bench_mixed,0.00,0.00,0.0,0.000,0.002,0.000,45.081,0.00
1786230182,bench_mixed,0.00,0.00,0.0,0.000,0.002,0.000,45.081,0.00
1786230187,bench_mixed,0.00,0.00,0.0,0.000,0.002,0.000,45.081,0.00
1786230192,bench_mixed,0.00,0.00,0.0,0.000,0.002,0.000,45.081,0.00
1786230197,bench_mixed,0.00,0.00,0.0,0.000,0.002,0.000,45.081,0.00
1786230202,bench_mixed,0.00,0.00,0.0,0.000,0.002,0.000,45.081,0.00
1786230207,bench_mixed,0.00,0.00,0.0,0.000,0.002,0.000,45.081,0.00
1786230212,bench_mixed,0.00,0.00,0.0,0.000,0.002,0.000,45.081,0.00
1786230217,bench_mixed,0.00,0.00,0.0,0.000,0.002,0.000,45.081,0.00
1786230222,bench_mixed,0.00,0.00,0.0,0.000,0.002,0.000,45.081,0.00
1786230227,bench_mixed,0.00,0.00,0.0,0.000,0.002,0.000,45.081,0.00
1786230232,bench_mixed,0.00,0.00,0.0,0.000,0.002,0.000,45.081,0.00
1786230237,bench_mixed,0.00,0.00,0.0,0.000,0.002,0.000,45.081,0.00
1786230242,bench_mixed,0.00,0.00,0.0,0.000,0.002,0.000,45.080,0.00
1786230247,bench_mixed,0.00,0.00,0.0,0.000,0.002,0.000,45.080,0.00
1786230252,bench_mixed,0.00,0.00,0.0,0.000,0.002,0.000,45.080,0.00
1786230257,bench_mixed,0.00,0.00,0.0,0.000,0.002,0.000,45.080,0.00
1786230262,bench_mixed,0.00,0.00,0.0,0.000,0.002,0.000,45.080,0.00
1786230267,bench_mixed,0.00,0.00,0.0,0.000,0.002,0.000,45.080,0.00
1786230273,bench_mixed,0.00,0.00,0.0,0.000,0.002,0.000,45.081,0.00
1786230278,bench_mixed,0.00,0.00,0.0,0.000,0.002,0.000,45.082,0.00
1786230283,bench_mixed,0.00,0.00,0.0,0.000,0.002,0.000,45.082,0.00
1786230288,bench_mixed,0.00,0.00,0.0,0.000,0.002,0.000,45.082,0.00
1786230293,bench_mixed,0.00,0.00,0.0,0.000,0.002,0.000,45.083,0.00
1786230298,bench_mixed,0.00,0.00,0.0,0.000,0.002,0.000,45.082,0.00
1786230303,bench_mixed,0.00,0.00,0.0,0.000,0.002,0.000,45.081,0.00
1786230308,bench_mixed,0.00,0.00,0.0,0.000,0.002,0.000,45.081,0.00
1786230313,bench_mixed,0.00,0.00,0.0,0.000,0.002,0.000,45.081,0.00
1786230318,bench_mixed,0.00,0.00,0.0,0.000,0.002,0.000,45.081,0.00
1786230323,bench_mixed,0.00,0.00,0.0,0.000,0.002,0.000,45.081,0.00
1786230328,bench_mixed,0.00,0.00,0.0,0.000,0.002,0.000,45.081,0.00
1786230333,bench_mixed,0.00,0.00,0.0,0.000,0.002,0.000,45.081,0.00
1786230338,bench_mixed,0.00,0.00,0.0,0.000,0.002,0.000,45.081,0.00
1786230343,bench_mixed,0.00,0.00,0.0,0.000,0.002,0.000,45.081,0.00
1786230348,bench_mixed,0.00,0.00,0.0,0.000,0.002,0.000,45.081,0.00
1786230353,bench_mixed,0.00,0.00,0.0,0.000,0.002,0.000,45.081,0.00
1786230358,bench_mixed,0.00,0.00,0.0,0.000,0.002,0.000,45.081,0.00
1786230363,bench_mixed,0.00,0.00,0.0,0.000,0.002,0.000,45.081,0.00
1786230368,bench_mixed,0.00,0.00,0.0,0.000,0.002,0.000,45.081,0.00
1786230374,bench_mixed,0.00,0.00,0.0,0.000,0.002,0.000,45.081,0.00
1786230379,bench_mixed,0.00,0.00,0.0,0.000,0.002,0.000,45.081,0.00
1786230384,bench_mixed,0.00,0.00,0.0,0.000,0.002,0.000,45.081,0.00
1786230389,bench_mixed,0.00,0.00,0.0,0.000,0.002,0.000,45.081,0.00
1786230394,bench_mixed,0.00,0.00,0.0,0.000,0.002,0.000,45.081,0.00
1786230399,bench_mixed,0.00,0.00,0.0,0.000,0.002,0.000,45.081,0.00
1786230404,bench_mixed,0.00,0.00,0.0,0.000,0.002,0.000,45.081,0.00
1786230409,bench_mixed,0.00,0.00,0.0,0.000,0.002,0.000,45.081,0.00
1786230414,bench_mixed,0.00,0.00,0.0,0.000,0.002,0.000,45.081,0.00
1786230419,bench_mixed,0.00,0.00,0.0,0.000,0.002,0.000,45.081,0.00
1786230424,bench_mixed,0.00,0.00,0.0,0.000,0.002,0.000,45.081,0.00
1786230429,bench_mixed,0.00,0.00,0.0,0.000,0.002,0.000,45.081,0.00
1786230434,bench_mixed,0.00,0.00,0.0,0.000,0.002,0.000,45.081,0.00
1786230439,bench_mixed,0.00,0.00,0.0,0.000,0.002,0.000,45.081,0.00
1786230444,bench_mixed,0.00,0.00,0.0,0.000,0.002,0.000,45.081,0.00
1786230449,bench_mixed,0.00,0.00,0.0,0.000,0.002,0.000,45.081,0.00
1786230454,bench_mixed,0.00,0.00,0.0,0.000,0.002,0.000,45.081,0.00
1786230459,bench_mixed,0.00,0.00,0.0,0.000,0.002,0.000,45.081,0.00
1786230464,bench_mixed,0.00,0.00,0.0,0.000,0.002,0.000,45.081,0.00
1786230469,bench_mixed,0.00,0.00,0.0,0.000,0.002,0.000,45.081,0.00
1786230475,bench_mixed,0.00,0.00,0.0,0.000,0.002,0.000,45.081,0.00
1786230480,bench_mixed,0.00,0.00,0.0,0.000,0.002,0.000,45.081,0.00
1786230485,bench_mixed,0.00,0.00,0.0,0.000,0.002,0.000,45.081,0.00
1786230490,bench_mixed,0.00,0.00,0.0,0.000,0.002,0.000,45.081,0.00
1786230495,bench_mixed,0.00,0.00,0.0,0.000,0.002,0.000,45.081,0.00
1786230500,bench_mixed,0.00,0.00,0.0,0.000,0.002,0.000,45.081,0.00
1786230505,bench_mixed,0.00,0.00,0.0,0.000,0.002,0.000,45.081,0.00
1786230510,bench_mixed,0.00,0.00,0.0,0.000,0.002,0.000,45.081,0.00
1786230515,bench_mixed,0.00,0.00,0.0,0.000,0.002,0.000,45.081,0.00
1786230520,bench_mixed,0.00,0.00,0.0,0.000,0.002,0.000,45.081,0.00
1786230525,bench_mixed,0.00,0.00,0.0,0.000,0.002,0.000,45.081,0.00
1786230530,bench_mixed,0.00,0.00,0.0,0.000,0.002,0.000,45.081,0.00
1786230535,bench_mixed,0.00,0.00,0.0,0.000,0.002,0.000,45.081,0.00
1786230540,bench_mixed,0.00,0.00,0.0,0.000,0.002,0.000,45.081,0.00
1786230545,bench_mixed,0.00,0.00,0.0,0.000,0.002,0.000,45.081,0.00
1786230550,bench_mixed,0.00,0.00,0.0,0.000,0.002,0.000,45.081,0.00
1786230555,bench_mixed,0.00,0.00,0.0,0.000,0.002,0.000,45.081,0.00
1786230560,bench_mixed,0.00,0.00,0.0,0.000,0.002,0.000,45.081,0.00
1786230565,bench_mixed,0.00,0.00,0.0,0.000,0.002,0.000,45.081,0.00
1786230570,bench_mixed,0.00,0.00,0.0,0.000,0.002,0.000,45.081,0.00
1786230576,bench_mixed,0.00,0.00,0.0,0.000,0.002,0.000,45.081,0.00
1786230581,bench_mixed,0.00,0.00,0.0,0.000,0.002,0.000,45.081,0.00
1786230586,bench_mixed,0.00,0.00,0.0,0.000,0.002,0.000,45.081,0.00
1786230591,bench_mixed,0.00,0.00,0.0,0.000,0.002,0.000,45.081,0.00
1786230596,bench_mixed,0.00,0.00,0.0,0.000,0.002,0.000,45.081,0.00
1786230601,bench_mixed,0.00,0.00,0.0,0.000,0.002,0.000,45.081,0.00
1786230606,bench_mixed,0.00,0.00,0.0,0.000,0.002,0.000,45.081,0.00
1786230611,bench_mixed,0.00,0.00,0.0,0.000,0.002,0.000,45.081,0.00
1786230616,bench_mixed,0.00,0.00,0.0,0.000,0.002,0.000,45.081,0.00
1786230621,bench_mixed,0.00,0.00,0.0,0.000,0.002,0.000,45.080,0.00
1786230626,bench_mixed,0.00,0.00,0.0,0.000,0.002,0.000,45.081,0.00
1786230631,bench_mixed,0.00,0.00,0.0,0.000,0.002,0.000,45.081,0.00
1786230636,bench_mixed,0.00,0.00,0.0,0.000,0.002,0.000,45.081,0.00
1786230641,bench_mixed,0.00,0.00,0.0,0.000,0.002,0.000,45.081,0.00
1786230646,bench_mixed,0.00,0.00,0.0,0.000,0.002,0.000,45.080,0.00
1786230651,bench_mixed,0.00,0.00,0.0,0.000,0.002,0.000,45.080,0.00
1786230656,bench_mixed,0.00,0.00,0.0,0.000,0.002,0.000,45.080,0.00
1786230661,bench_mixed,0.00,0.00,0.0,0.000,0.002,0.000,45.081,0.00
1786230666,bench_mixed,0.00,0.00,0.0,0.000,0.002,0.000,45.080,0.00
1786230671,bench_mixed,0.00,0.00,0.0,0.000,0.002,0.000,45.080,0.00
1786230677,bench_mixed,0.00,0.00,0.0,0.000,0.002,0.000,45.081,0.00
1786230682,bench_mixed,0.00,0.00,0.0,0.000,0.002,0.000,45.081,0.00
1786230687,bench_mixed,0.00,0.00,0.0,0.000,0.002,0.000,45.081,0.00
1786230692,bench_mixed,0.00,0.00,0.0,0.000,0.002,0.000,45.081,0.00
1786230697,bench_mixed,0.00,0.00,0.0,0.000,0.002,0.000,45.081,0.00
1786230702,bench_mixed,0.00,0.00,0.0,0.000,0.002,0.000,45.081,0.00
1786230707,bench_mixed,0.00,0.00,0.0,0.000,0.002,0.000,45.081,0.00
1786230712,bench_mixed,0.00,0.00,0.0,0.000,0.002,0.000,45.081,0.00
1786230717,bench_mixed,0.00,0.00,0.0,0.000,0.002,0.000,45.081,0.00
1786230722,bench_mixed,0.00,0.00,0.0,0.000,0.002,0.000,45.081,0.00
1786230727,bench_mixed,0.00,0.00,0.0,0.000,0.002,0.000,45.081,0.00
1786230732,bench_mixed,0.00,0.00,0.0,0.000,0.002,0.000,45.081,0.00
1786230737,bench_mixed,0.00,0.00,0.0,0.000,0.002,0.000,45.080,0.00
1786230742,bench_mixed,0.00,0.00,0.0,0.000,0.002,0.000,45.080,0.00
1786230747,bench_mixed,0.00,0.00,0.0,0.000,0.002,0.000,45.080,0.00
1786230752,bench_mixed,0.00,0.00,0.0,0.000,0.002,0.000,45.080,0.00
1786230757,bench_mixed,0.00,0.00,0.0,0.000,0.002,0.000,45.080,0.00
1786230762,bench_mixed,0.00,0.00,0.0,0.000,0.002,0.000,45.080,0.00
1786230767,bench_mixed,0.00,0.00,0.0,0.000,0.002,0.000,45.080,0.00
1786230773,bench_mixed,0.00,0.00,0.0,0.000,0.002,0.000,45.080,0.00
1786230778,bench_mixed,0.00,0.00,0.0,0.000,0.002,0.000,45.080,0.00
1786230783,bench_mixed,0.00,0.00,0.0,0.000,0.002,0.000,45.080,0.00
1786230788,bench_mixed,0.00,0.00,0.0,0.000,0.002,0.000,45.080,0.00
1786230793,bench_mixed,0.00,0.00,0.0,0.000,0.002,0.000,45.081,0.00
1786230798,bench_mixed,0.00,0.00,0.0,0.000,0.002,0.000,45.081,0.00
1786230803,bench_mixed,0.00,0.00,0.0,0.000,0.002,0.000,45.080,0.00
1786230808,bench_mixed,0.00,0.00,0.0,0.000,0.002,0.000,45.080,0.00
1786230813,bench_mixed,0.00,0.00,0.0,0.000,0.002,0.000,45.080,0.00
1786230818,bench_mixed,0.00,0.00,0.0,0.000,0.002,0.000,45.080,0.00
1786230823,bench_mixed,0.00,0.00,0.0,0.000,0.002,0.000,45.080,0.00
1786230828,bench_mixed,0.00,0.00,0.0,0.000,0.002,0.000,45.080,0.00
1786230833,bench_mixed,0.00,0.00,0.0,0.000,0.002,0.000,45.080,0.00
1786230838,bench_mixed,0.00,0.00,0.0,0.000,0.002,0.000,45.080,0.00
1786230843,bench_mixed,0.00,0.00,0.0,0.000,0.002,0.000,45.081,0.00
1786230848,bench_mixed,0.00,0.00,0.0,0.000,0.002,0.000,45.081,0.00
1786230853,bench_mixed,0.00,0.00,0.0,0.000,0.002,0.000,45.081,0.00
1786230858,bench_mixed,0.00,0.00,0.0,0.000,0.002,0.000,45.081,0.00
1786230863,bench_mixed,0.00,0.00,0.0,0.000,0.002,0.000,45.081,0.00
1786230868,bench_mixed,0.00,0.00,0.0,0.000,0.002,0.000,45.081,0.00
1786230874,bench_mixed,0.00,0.00,0.0,0.000,0.002,0.000,45.081,0.00
1786230879,bench_mixed,0.00,0.00,0.0,0.000,0.002,0.000,45.081,0.00
1786230884,bench_mixed,0.00,0.00,0.0,0.000,0.002,0.000,45.081,0.00
1786230889,bench_mixed,0.00,0.00,0.0,0.000,0.002,0.000,45.081,0.00
1786230894,bench_mixed,0.00,0.00,0.0,0.000,0.002,0.000,45.080,0.00
1786230899,bench_mixed,0.00,0.00,0.0,0.000,0.002,0.000,45.080,0.00
1786230904,bench_mixed,0.00,0.00,0.0,0.000,0.002,0.000,45.080,0.00
1786230909,bench_mixed,0.00,0.00,0.0,0.000,0.002,0.000,45.080,0.00
1786230914,bench_mixed,0.00,0.00,0.0,0.000,0.002,0.000,45.080,0.00
1786230919,bench_mixed,0.00,0.00,0.0,0.000,0.002,0.000,45.080,0.00
1786230924,bench_mixed,0.00,0.00,0.0,0.000,0.002,0.000,45.080,0.00
1786230929,bench_mixed,0.00,0.00,0.0,0.000,0.002,0.000,45.080,0.00
1786230934,bench_mixed,0.00,0.00,0.0,0.000,0.002,0.000,45.080,0.00
1786230939,bench_mixed,0.00,0.00,0.0,0.000,0.002,0.000,45.080,0.00
1786230944,bench_mixed,0.00,0.00,0.0,0.000,0.002,0.000,45.080,0.00
1786230949,bench_mixed,0.00,0.00,0.0,0.000,0.002,0.000,45.080,0.00
1786230954,bench_mixed,0.00,0.00,0.0,0.000,0.002,0.000,45.080,0.00
1786230959,bench_mixed,0.00,0.00,0.0,0.000,0.002,0.000,45.080,0.00
1786230964,bench_mixed,0.00,0.00,0.0,0.000,0.002,0.000,45.080,0.00
1786230969,bench_mixed,0.00,0.00,0.0,0.000,0.002,0.000,45.080,0.00
1786230975,bench_mixed,0.00,0.00,0.0,0.000,0.002,0.000,45.080,0.00
1786230980,bench_mixed,0.00,0.00,0.0,0.000,0.002,0.000,45.080,0.00
1786230985,bench_mixed,0.00,0.00,0.0,0.000,0.002,0.000,45.080,0.00
1786230990,bench_mixed,0.00,0.00,0.0,0.000,0.002,0.000,45.080,0.00
1786230995,bench_mixed,0.00,0.00,0.0,0.000,0.002,0.000,45.080,0.00
1786231000,bench_mixed,0.00,0.00,0.0,0.000,0.002,0.000,45.080,0.00
1786231005,bench_mixed,0.00,0.00,0.0,0.000,0.002,0.000,45.080,0.00
1786231010,bench_mixed,0.00,0.00,0.0,0.000,0.002,0.000,45.080,0.00
1786231015,bench_mixed,0.00,0.00,0.0,0.000,0.002,0.000,45.080,0.00
1786231020,bench_mixed,0.00,0.00,0.0,0.000,0.002,0.000,45.080,0.00
1786231025,bench_mixed,0.00,0.00,0.0,0.000,0.002,0.000,45.079,0.00
1786231030,bench_mixed,0.00,0.00,0.0,0.000,0.002,0.000,45.079,0.00
1786231035,bench_mixed,0.00,0.00,0.0,0.000,0.002,0.000,45.079,0.00
1786231040,bench_mixed,0.00,0.00,0.0,0.000,0.002,0.000,45.079,0.00
1786231045,bench_mixed,0.00,0.00,0.0,0.000,0.002,0.000,45.079,0.00
1786231050,bench_mixed,0.00,0.00,0.0,0.000,0.002,0.000,45.079,0.00
1786231055,bench_mixed,0.00,0.00,0.0,0.000,0.002,0.000,45.079,0.00
1786231060,bench_mixed,0.00,0.00,0.0,0.000,0.002,0.000,45.079,0.00
1786231065,bench_mixed,0.00,0.00,0.0,0.000,0.002,0.000,45.079,0.00
1786231070,bench_mixed,0.00,0.00,0.0,0.000,0.002,0.000,45.079,0.00
1786231076,bench_mixed,0.00,0.00,0.0,0.000,0.002,0.000,45.079,0.00
1786231081,bench_mixed,0.00,0.00,0.0,0.000,0.002,0.000,45.079,0.00
1786231086,bench_mixed,0.00,0.00,0.0,0.000,0.002,0.000,45.079,0.00
1786231091,bench_mixed,0.00,0.00,0.0,0.000,0.002,0.000,45.079,0.00
1786231096,bench_mixed,0.00,0.00,0.0,0.000,0.002,0.000,45.079,0.00
1786231101,bench_mixed,0.00,0.00,0.0,0.000,0.002,0.000,45.079,0.00
1786231106,bench_mixed,0.00,0.00,0.0,0.000,0.002,0.000,45.079,0.00
1786231111,bench_mixed,0.00,0.00,0.0,0.000,0.002,0.000,45.079,0.00
1786231116,bench_mixed,0.00,0.00,0.0,0.000,0.002,0.000,45.079,0.00
1786231121,bench_mixed,0.00,0.00,0.0,0.000,0.002,0.000,45.079,0.00
1786231126,bench_mixed,0.00,0.00,0.0,0.000,0.002,0.000,45.079,0.00
1786231131,bench_mixed,0.00,0.00,0.0,0.000,0.002,0.000,45.079,0.00
1786231136,bench_mixed,0.00,0.00,0.0,0.000,0.002,0.000,45.079,0.00
1786231141,bench_mixed,0.00,0.00,0.0,0.000,0.002,0.000,45.079,0.00
1786231146,bench_mixed,0.00,0.00,0.0,0.000,0.002,0.000,45.079,0.00
1786231151,bench_mixed,0.00,0.00,0.0,0.000,0.002,0.000,45.079,0.00
1786231156,bench_mixed,0.00,0.00,0.0,0.000,0.002,0.000,45.079,0.00
1786231161,bench_mixed,0.00,0.00,0.0,0.000,0.002,0.000,45.079,0.00
1786231166,bench_mixed,0.00,0.00,0.0,0.000,0.002,0.000,45.079,0.00
1786231172,bench_mixed,0.00,0.00,0.0,0.000,0.002,0.000,45.079,0.00
1786231177,bench_mixed,0.00,0.00,0.0,0.000,0.002,0.000,45.079,0.00
1786231182,bench_mixed,0.00,0.00,0.0,0.000,0.002,0.000,45.079,0.00
1786231187,bench_mixed,0.00,0.00,0.0,0.000,0.002,0.000,45.079,0.00
1786231192,bench_mixed,0.00,0.00,0.0,0.000,0.002,0.000,45.079,0.00
1786231197,bench_mixed,0.00,0.00,0.0,0.000,0.002,0.000,45.079,0.00
1786231202,bench_mixed,0.00,0.00,0.0,0.000,0.002,0.000,45.079,0.00
1786231207,bench_mixed,0.00,0.00,0.0,0.000,0.002,0.000,45.079,0.00
1786231212,bench_mixed,0.00,0.00,0.0,0.000,0.002,0.000,45.079,0.00
1786231217,bench_mixed,0.00,0.00,0.0,0.000,0.002,0.000,45.079,0.00
1786231222,bench_mixed,0.00,0.00,0.0,0.000,0.002,0.000,45.079,0.00
1786231227,bench_mixed,0.00,0.00,0.0,0.000,0.002,0.000,45.079,0.00
1786231232,bench_mixed,0.00,0.00,0.0,0.000,0.002,0.000,45.079,0.00
1786231237,bench_mixed,0.00,0.00,0.0,0.000,0.002,0.000,45.079,0.00
1786231242,bench_mixed,0.00,0.00,0.0,0.000,0.002,0.000,45.079,0.00
1786231247,bench_mixed,0.00,0.00,0.0,0.000,0.002,0.000,45.080,0.00
1786231252,bench_mixed,0.00,0.00,0.0,0.000,0.002,0.000,45.080,0.00
1786231257,bench_mixed,0.00,0.00,0.0,0.000,0.002,0.000,45.080,0.00
1786231262,bench_mixed,0.00,0.00,0.0,0.000,0.002,0.000,45.080,0.00
1786231267,bench_mixed,0.00,0.00,0.0,0.000,0.002,0.000,45.080,0.00
1786231273,bench_mixed,0.00,0.00,0.0,0.000,0.002,0.000,45.080,0.00
1786231278,bench_mixed,0.00,0.00,0.0,0.000,0.002,0.000,45.080,0.00
1786231283,bench_mixed,0.00,0.00,0.0,0.000,0.002,0.000,45.079,0.00
1786231288,bench_mixed,0.00,0.00,0.0,0.000,0.002,0.000,45.079,0.00
1786231293,bench_mixed,0.00,0.00,0.0,0.000,0.002,0.000,45.079,0.00
1786231298,bench_mixed,0.00,0.00,0.0,0.000,0.002,0.000,45.079,0.00
1786231303,bench_mixed,0.00,0.00,0.0,0.000,0.002,0.000,45.079,0.00
1786231308,bench_mixed,0.00,0.00,0.0,0.000,0.002,0.000,45.080,0.00
1786231313,bench_mixed,0.00,0.00,0.0,0.000,0.002,0.000,45.079,0.00
1786231318,bench_mixed,0.00,0.00,0.0,0.000,0.002,0.000,45.079,0.00
1786231323,bench_mixed,0.00,0.00,0.0,0.000,0.002,0.000,45.079,0.00
1786231328,bench_mixed,0.00,0.00,0.0,0.000,0.002,0.000,45.080,0.00
1786231333,bench_mixed,0.00,0.00,0.0,0.000,0.002,0.000,45.079,0.00
1786231338,bench_mixed,0.00,0.00,0.0,0.000,0.002,0.000,45.079,0.00
1786231343,bench_mixed,0.00,0.00,0.0,0.000,0.002,0.000,45.079,0.00
1786231348,bench_mixed,0.00,0.00,0.0,0.000,0.002,0.000,45.080,0.00
1786231353,bench_mixed,0.00,0.00,0.0,0.000,0.002,0.000,45.080,0.00
1786231358,bench_mixed,0.00,0.00,0.0,0.000,0.002,0.000,45.079,0.00
1786231363,bench_mixed,0.00,0.00,0.0,0.000,0.002,0.000,45.079,0.00
1786231368,bench_mixed,0.00,0.00,0.0,0.000,0.002,0.000,45.079,0.00
1786231374,bench_mixed,0.00,0.00,0.0,0.000,0.002,0.000,45.079,0.00
1786231379,bench_mixed,0.00,0.00,0.0,0.000,0.002,0.000,45.079,0.00
1786231384,bench_mixed,0.00,0.00,0.0,0.000,0.002,0.000,45.079,0.00
1786231389,bench_mixed,0.00,0.00,0.0,0.000,0.002,0.000,45.079,0.00
1786231394,bench_mixed,0.00,0.00,0.0,0.000,0.002,0.000,45.079,0.00
1786231399,bench_mixed,0.00,0.00,0.0,0.000,0.002,0.000,45.079,0.00
1786231404,bench_mixed,0.00,0.00,0.0,0.000,0.002,0.000,45.079,0.00
1786231409,bench_mixed,0.00,0.00,0.0,0.000,0.002,0.000,45.079,0.00
1786231414,bench_mixed,0.00,0.00,0.0,0.000,0.002,0.000,45.079,0.00
1786231419,bench_mixed,0.00,0.00,0.0,0.000,0.002,0.000,45.079,0.00
1786231424,bench_mixed,0.00,0.00,0.0,0.000,0.002,0.000,45.079,0.00
1786231429,bench_mixed,0.00,0.00,0.0,0.000,0.002,0.000,45.079,0.00
1786231434,bench_mixed,0.00,0.00,0.0,0.000,0.002,0.000,45.079,0.00
1786231439,bench_mixed,0.00,0.00,0.0,0.000,0.002,0.000,45.079,0.00
1786231444,bench_mixed,0.00,0.00,0.0,0.000,0.002,0.000,45.079,0.00
1786231449,bench_mixed,0.00,0.00,0.0,0.000,0.002,0.000,45.079,0.00
1786231454,bench_mixed,0.00,0.00,0.0,0.000,0.002,0.000,45.079,0.00
1786231459,bench_mixed,0.00,0.00,0.0,0.000,0.002,0.000,45.079,0.00
1786231464,bench_mixed,0.00,0.00,0.0,0.000,0.002,0.000,45.079,0.00
1786231470,bench_mixed,0.00,0.00,0.0,0.000,0.002,0.000,45.079,0.00
1786231475,bench_mixed,0.00,0.00,0.0,0.000,0.002,0.000,45.079,0.00
1786231480,bench_mixed,0.00,0.00,0.0,0.000,0.002,0.000,45.079,0.00
1786231485,bench_mixed,0.00,0.00,0.0,0.000,0.002,0.000,45.079,0.00
1786231490,bench_mixed,0.00,0.00,0.0,0.000,0.002,0.000,45.079,0.00
1786231495,bench_mixed,0.00,0.00,0.0,0.000,0.002,0.000,45.079,0.00
1786231500,bench_mixed,0.00,0.00,0.0,0.000,0.002,0.000,45.079,0.00
1786231505,bench_mixed,0.00,0.00,0.0,0.000,0.002,0.000,45.079,0.00
1786231510,bench_mixed,0.00,0.00,0.0,0.000,0.002,0.000,45.079,0.00
1786231515,bench_mixed,0.00,0.00,0.0,0.000,0.002,0.000,45.079,0.00
1786231520,bench_mixed,0.00,0.00,0.0,0.000,0.002,0.000,45.079,0.00
1786231525,bench_mixed,0.00,0.00,0.0,0.000,0.002,0.000,45.079,0.00
1786231530,bench_mixed,0.00,0.00,0.0,0.000,0.002,0.000,45.079,0.00
1786231535,bench_mixed,0.00,0.00,0.0,0.000,0.002,0.000,45.079,0.00
1786231540,bench_mixed,0.00,0.00,0.0,0.000,0.002,0.000,45.079,0.00
1786231545,bench_mixed,0.00,0.00,0.0,0.000,0.002,0.000,45.079,0.00
1786231550,bench_mixed,0.00,0.00,0.0,0.000,0.002,0.000,45.079,0.00
1786231555,bench_mixed,0.00,0.00,0.0,0.000,0.002,0.000,45.079,0.00
1786231560,bench_mixed,0.00,0.00,0.0,0.000,0.002,0.000,45.079,0.00
1786231565,bench_mixed,0.00,0.00,0.0,0.000,0.002,0.000,45.079,0.00
1786231571,bench_mixed,0.00,0.00,0.0,0.000,0.002,0.000,45.078,0.00
1786231576,bench_mixed,0.00,0.00,0.0,0.000,0.002,0.000,45.078,0.00
1786231581,bench_mixed,0.00,0.00,0.0,0.000,0.002,0.000,45.078,0.00
1786231586,bench_mixed,0.00,0.00,0.0,0.000,0.002,0.000,45.078,0.00
1786231591,bench_mixed,0.00,0.00,0.0,0.000,0.002,0.000,45.078,0.00
1786231596,bench_mixed,0.00,0.00,0.0,0.000,0.002,0.000,45.078,0.00
1786231601,bench_mixed,0.00,0.00,0.0,0.000,0.002,0.000,45.078,0.00
1786231606,bench_mixed,0.00,0.00,0.0,0.000,0.002,0.000,45.078,0.00
1786231611,bench_mixed,0.00,0.00,0.0,0.000,0.002,0.000,45.078,0.00
1786231616,bench_mixed,0.00,0.00,0.0,0.000,0.002,0.000,45.079,0.00
1786231621,bench_mixed,0.00,0.00,0.0,0.000,0.002,0.000,45.079,0.00
1786231626,bench_mixed,0.00,0.00,0.0,0.000,0.002,0.000,45.079,0.00
1786231631,bench_mixed,0.00,0.00,0.0,0.000,0.002,0.000,45.079,0.00
1786231636,bench_mixed,0.00,0.00,0.0,0.000,0.002,0.000,45.079,0.00
1786231641,bench_mixed,0.00,0.00,0.0,0.000,0.002,0.000,45.079,0.00
1786231646,bench_mixed,0.00,0.00,0.0,0.000,0.002,0.000,45.078,0.00
1786231651,bench_mixed,0.00,0.00,0.0,0.000,0.002,0.000,45.078,0.00
1786231656,bench_mixed,0.00,0.00,0.0,0.000,0.002,0.000,45.078,0.00
1786231661,bench_mixed,0.00,0.00,0.0,0.000,0.002,0.000,45.078,0.00
1786231666,bench_mixed,0.00,0.00,0.0,0.000,0.002,0.000,45.078,0.00
1786231672,bench_mixed,0.00,0.00,0.0,0.000,0.002,0.000,45.078,0.00
1786231677,bench_mixed,0.00,0.00,0.0,0.000,0.002,0.000,45.078,0.00
1786231682,bench_mixed,0.00,0.00,0.0,0.000,0.002,0.000,45.078,0.00
1786231687,bench_mixed,0.00,0.00,0.0,0.000,0.002,0.000,45.078,0.00
1786231692,bench_mixed,0.00,0.00,0.0,0.000,0.002,0.000,45.078,0.00
1786231697,bench_mixed,0.00,0.00,0.0,0.000,0.002,0.000,45.078,0.00
1786231702,bench_mixed,0.00,0.00,0.0,0.000,0.002,0.000,45.078,0.00
1786231707,bench_mixed,0.00,0.00,0.0,0.000,0.002,0.000,45.078,0.00
1786231712,bench_mixed,0.00,0.00,0.0,0.000,0.002,0.000,45.078,0.00
1786231717,bench_mixed,0.00,0.00,0.0,0.000,0.002,0.000,45.078,0.00
1786231722,bench_mixed,0.00,0.00,0.0,0.000,0.002,0.000,45.078,0.00
1786231727,bench_mixed,0.00,0.00,0.0,0.000,0.002,0.000,45.078,0.00
1786231732,bench_mixed,0.00,0.00,0.0,0.000,0.002,0.000,45.078,0.00
1786231737,bench_mixed,0.00,0.00,0.0,0.000,0.002,0.000,45.078,0.00
1786231742,bench_mixed,0.00,0.00,0.0,0.000,0.002,0.000,45.078,0.00
1786231747,bench_mixed,0.00,0.00,0.0,0.000,0.002,0.000,45.078,0.00
1786231752,bench_mixed,0.00,0.00,0.0,0.000,0.002,0.000,45.078,0.00
1786231757,bench_mixed,0.00,0.00,0.0,0.000,0.002,0.000,45.078,0.00
1786231762,bench_mixed,0.00,0.00,0.0,0.000,0.002,0.000,45.078,0.00
1786231768,bench_mixed,0.00,0.00,0.0,0.000,0.002,0.000,45.078,0.00
1786231773,bench_mixed,0.00,0.00,0.0,0.000,0.002,0.000,45.078,0.00
1786231778,bench_mixed,0.00,0.00,0.0,0.000,0.002,0.000,45.078,0.00
1786231783,bench_mixed,0.00,0.00,0.0,0.000,0.002,0.000,45.078,0.00
1786231788,bench_mixed,0.00,0.00,0.0,0.000,0.002,0.000,45.078,0.00
1786231793,bench_mixed,0.00,0.00,0.0,0.000,0.002,0.000,45.078,0.00
1786231798,bench_mixed,0.00,0.00,0.0,0.000,0.002,0.000,45.078,0.00
1786231803,bench_mixed,0.00,0.00,0.0,0.000,0.002,0.000,45.078,0.00
1786231808,bench_mixed,0.00,0.00,0.0,0.000,0.002,0.000,45.079,0.00
1786231813,bench_mixed,0.00,0.00,0.0,0.000,0.002,0.000,45.079,0.00
1786231818,bench_mixed,0.00,0.00,0.0,0.000,0.002,0.000,45.079,0.00
1786231823,bench_mixed,0.00,0.00,0.0,0.000,0.002,0.000,45.079,0.00
1786231828,bench_mixed,0.00,0.00,0.0,0.000,0.002,0.000,45.079,0.00
1786231833,bench_mixed,0.00,0.00,0.0,0.000,0.002,0.000,45.079,0.00
1786231838,bench_mixed,0.00,0.00,0.0,0.000,0.002,0.000,45.079,0.00
1786231843,bench_mixed,0.00,0.00,0.0,0.000,0.002,0.000,45.079,0.00
1786231848,bench_mixed,0.00,0.00,0.0,0.000,0.002,0.000,45.079,0.00
1786231853,bench_mixed,0.00,0.00,0.0,0.000,0.002,0.000,45.079,0.00
1786231858,bench_mixed,0.00,0.00,0.0,0.000,0.002,0.000,45.079,0.00
1786231863,bench_mixed,0.00,0.00,0.0,0.000,0.002,0.000,45.080,0.00
1786231869,bench_mixed,0.00,0.00,0.0,0.000,0.002,0.000,45.080,0.00
1786231874,bench_mixed,0.00,0.00,0.0,0.000,0.002,0.000,45.080,0.00
1786231879,bench_mixed,0.00,0.00,0.0,0.000,0.002,0.000,45.080,0.00
1786231884,bench_mixed,0.00,0.00,0.0,0.000,0.002,0.000,45.080,0.00
1786231889,bench_mixed,0.00,0.00,0.0,0.000,0.002,0.000,45.080,0.00
1786231894,bench_mixed,0.00,0.00,0.0,0.000,0.002,0.000,45.080,0.00
1786231899,bench_mixed,0.00,0.00,0.0,0.000,0.002,0.000,45.080,0.00
1786231904,bench_mixed,0.00,0.00,0.0,0.000,0.002,0.000,45.080,0.00
1786231909,bench_mixed,0.00,0.00,0.0,0.000,0.002,0.000,45.080,0.00
1786231914,bench_mixed,0.00,0.00,0.0,0.000,0.002,0.000,45.080,0.00
1786231919,bench_mixed,0.00,0.00,0.0,0.000,0.002,0.000,45.080,0.00
1786231924,bench_mixed,0.00,0.00,0.0,0.000,0.002,0.000,45.080,0.00
1786231929,bench_mixed,0.00,0.00,0.0,0.000,0.002,0.000,45.080,0.00
1786231934,bench_mixed,0.00,0.00,0.0,0.000,0.002,0.000,45.080,0.00
1786231939,bench_mixed,0.00,0.00,0.0,0.000,0.002,0.000,45.080,0.00
1786231944,bench_mixed,0.00,0.00,0.0,0.000,0.002,0.000,45.080,0.00
1786231949,bench_mixed,0.00,0.00,0.0,0.000,0.002,0.000,45.080,0.00
1786231954,bench_mixed,0.00,0.00,0.0,0.000,0.002,0.000,45.080,0.00
1786231959,bench_mixed,0.00,0.00,0.0,0.000,0.002,0.000,45.080,0.00
1786231964,bench_mixed,0.00,0.00,0.0,0.000,0.002,0.000,45.079,0.00
1786231970,bench_mixed,0.00,0.00,0.0,0.000,0.002,0.000,45.079,0.00
1786231975,bench_mixed,0.00,0.00,0.0,0.000,0.002,0.000,45.079,0.00
1786231980,bench_mixed,0.00,0.00,0.0,0.000,0.002,0.000,45.079,0.00
1786231985,bench_mixed,0.00,0.00,0.0,0.000,0.002,0.000,45.079,0.00
1786231990,bench_mixed,0.00,0.00,0.0,0.000,0.002,0.000,45.079,0.00
1786231995,bench_mixed,0.00,0.00,0.0,0.000,0.002,0.000,45.079,0.00
1786232000,bench_mixed,0.00,0.00,0.0,0.000,0.002,0.000,45.079,0.00
1786232005,bench_mixed,0.00,0.00,0.0,0.000,0.002,0.000,45.079,0.00
1786232010,bench_mixed,0.00,0.00,0.0,0.000,0.002,0.000,45.079,0.00
1786232015,bench_mixed,0.00,0.00,0.0,0.000,0.002,0.000,45.079,0.00
1786232020,bench_mixed,0.00,0.00,0.0,0.000,0.002,0.000,45.079,0.00
1786232025,bench_mixed,0.00,0.00,0.0,0.000,0.002,0.000,45.079,0.00
1786232030,bench_mixed,0.00,0.00,0.0,0.000,0.002,0.000,45.079,0.00
1786232035,bench_mixed,0.00,0.00,0.0,0.000,0.002,0.000,45.079,0.00
1786232040,bench_mixed,0.00,0.00,0.0,0.000,0.002,0.000,45.079,0.00
1786232045,bench_mixed,0.00,0.00,0.0,0.000,0.002,0.000,45.079,0.00
1786232050,bench_mixed,0.00,0.00,0.0,0.000,0.002,0.000,45.079,0.00
1786232055,bench_mixed,0.00,0.00,0.0,0.000,0.002,0.000,45.079,0.00
1786232060,bench_mixed,0.00,0.00,0.0,0.000,0.002,0.000,45.079,0.00
1786232065,bench_mixed,0.00,0.00,0.0,0.000,0.002,0.000,45.079,0.00
1786232071,bench_mixed,0.00,0.00,0.0,0.000,0.002,0.000,45.079,0.00
1786232076,bench_mixed,0.00,0.00,0.0,0.000,0.002,0.000,45.079,0.00
1786232081,bench_mixed,0.00,0.00,0.0,0.000,0.002,0.000,45.079,0.00
1786232086,bench_mixed,0.00,0.00,0.0,0.000,0.002,0.000,45.079,0.00
1786232091,bench_mixed,0.00,0.00,0.0,0.000,0.002,0.000,45.079,0.00
1786232096,bench_mixed,0.00,0.00,0.0,0.000,0.002,0.000,45.079,0.00
1786232101,bench_mixed,0.00,0.00,0.0,0.000,0.002,0.000,45.079,0.00
1786232106,bench_mixed,0.00,0.00,0.0,0.000,0.002,0.000,45.079,0.00
1786232111,bench_mixed,0.00,0.00,0.0,0.000,0.002,0.000,45.079,0.00
1786232116,bench_mixed,0.00,0.00,0.0,0.000,0.002,0.000,45.079,0.00
1786232121,bench_mixed,0.00,0.00,0.0,0.000,0.002,0.000,45.079,0.00
1786232126,bench_mixed,0.00,0.00,0.0,0.000,0.002,0.000,45.079,0.00
1786232131,bench_mixed,0.00,0.00,0.0,0.000,0.002,0.000,45.079,0.00
1786232136,bench_mixed,0.00,0.00,0.0,0.000,0.002,0.000,45.079,0.00
1786232141,bench_mixed,0.00,0.00,0.0,0.000,0.002,0.000,45.079,0.00
1786232146,bench_mixed,0.00,0.00,0.0,0.000,0.002,0.000,45.079,0.00
1786232151,bench_mixed,0.00,0.00,0.0,0.000,0.002,0.000,45.079,0.00
1786232156,bench_mixed,0.00,0.00,0.0,0.000,0.002,0.000,45.079,0.00
1786232161,bench_mixed,0.00,0.00,0.0,0.000,0.002,0.000,45.079,0.00
1786232167,bench_mixed,0.00,0.00,0.0,0.000,0.002,0.000,45.079,0.00
1786232172,bench_mixed,0.00,0.00,0.0,0.000,0.002,0.000,45.079,0.00
1786232177,bench_mixed,0.00,0.00,0.0,0.000,0.002,0.000,45.079,0.00
1786232182,bench_mixed,0.00,0.00,0.0,0.000,0.002,0.000,45.079,0.00
1786232187,bench_mixed,0.00,0.00,0.0,0.000,0.002,0.000,45.079,0.00
1786232192,bench_mixed,0.00,0.00,0.0,0.000,0.002,0.000,45.079,0.00
1786232197,bench_mixed,0.00,0.00,0.0,0.000,0.002,0.000,45.079,0.00
1786232202,bench_mixed,0.00,0.00,0.0,0.000,0.002,0.000,45.079,0.00
1786232207,bench_mixed,0.00,0.00,0.0,0.000,0.002,0.000,45.079,0.00
1786232212,bench_mixed,0.00,0.00,0.0,0.000,0.002,0.000,45.079,0.00
1786232217,bench_mixed,0.00,0.00,0.0,0.000,0.002,0.000,45.079,0.00
1786232222,bench_mixed,0.00,0.00,0.0,0.000,0.002,0.000,45.079,0.00
1786232227,bench_mixed,0.00,0.00,0.0,0.000,0.002,0.000,45.079,0.00
1786232232,bench_mixed,0.00,0.00,0.0,0.000,0.002,0.000,45.079,0.00
1786232237,bench_mixed,0.00,0.00,0.0,0.000,0.002,0.000,45.078,0.00
1786232242,bench_mixed,0.00,0.00,0.0,0.000,0.002,0.000,45.078,0.00
1786232247,bench_mixed,0.00,0.00,0.0,0.000,0.002,0.000,45.078,0.00
1786232252,bench_mixed,0.00,0.00,0.0,0.000,0.002,0.000,45.078,0.00
1786232257,bench_mixed,0.00,0.00,0.0,0.000,0.002,0.000,45.078,0.00
1786232262,bench_mixed,0.00,0.00,0.0,0.000,0.002,0.000,45.078,0.00
1786232268,bench_mixed,0.00,0.00,0.0,0.000,0.002,0.000,45.078,0.00
1786232273,bench_mixed,0.00,0.00,0.0,0.000,0.002,0.000,45.078,0.00
1786232278,bench_mixed,0.00,0.00,0.0,0.000,0.002,0.000,45.078,0.00
1786232283,bench_mixed,0.00,0.00,0.0,0.000,0.002,0.000,45.078,0.00
1786232288,bench_mixed,0.00,0.00,0.0,0.000,0.002,0.000,45.078,0.00
1786232293,bench_mixed,0.00,0.00,0.0,0.000,0.002,0.000,45.078,0.00
1786232298,bench_mixed,0.00,0.00,0.0,0.000,0.002,0.000,45.078,0.00
1786232303,bench_mixed,0.00,0.00,0.0,0.000,0.002,0.000,45.078,0.00
1786232308,bench_mixed,0.00,0.00,0.0,0.000,0.002,0.000,45.078,0.00
1786232313,bench_mixed,0.00,0.00,0.0,0.000,0.002,0.000,45.078,0.00
1786232318,bench_mixed,0.00,0.00,0.0,0.000,0.002,0.000,45.078,0.00
1786232323,bench_mixed,0.00,0.00,0.0,0.000,0.002,0.000,45.078,0.00
1786232328,bench_mixed,0.00,0.00,0.0,0.000,0.002,0.000,45.078,0.00
1786232333,bench_mixed,0.00,0.00,0.0,0.000,0.002,0.000,45.079,0.00
1786232338,bench_mixed,0.00,0.00,0.0,0.000,0.002,0.000,45.080,0.00
1786232343,bench_mixed,0.00,0.00,0.0,0.000,0.002,0.000,45.079,0.00
1786232348,bench_mixed,0.00,0.00,0.0,0.000,0.002,0.000,45.079,0.00
1786232353,bench_mixed,0.00,0.00,0.0,0.000,0.002,0.000,45.079,0.00
1786232358,bench_mixed,0.00,0.00,0.0,0.000,0.002,0.000,45.079,0.00
1786232363,bench_mixed,0.00,0.00,0.0,0.000,0.002,0.000,45.080,0.00
1786232369,bench_mixed,0.00,0.00,0.0,0.000,0.002,0.000,45.079,0.00
1786232374,bench_mixed,0.00,0.00,0.0,0.000,0.002,0.000,45.081,0.00
1786232379,bench_mixed,0.00,0.00,0.0,0.000,0.002,0.000,45.080,0.00
1786232384,bench_mixed,0.00,0.00,0.0,0.000,0.002,0.000,45.079,0.00
1786232389,bench_mixed,0.00,0.00,0.0,0.000,0.002,0.000,45.079,0.00
1786232394,bench_mixed,0.00,0.00,0.0,0.000,0.002,0.000,45.079,0.00
1786232399,bench_mixed,0.00,0.00,0.0,0.000,0.002,0.000,45.080,0.00
1786232404,bench_mixed,0.00,0.00,0.0,0.000,0.002,0.000,45.080,0.00
1786232409,bench_mixed,0.00,0.00,0.0,0.000,0.002,0.000,45.080,0.00
1786232414,bench_mixed,0.00,0.00,0.0,0.000,0.002,0.000,45.079,0.00
1786232419,bench_mixed,0.00,0.00,0.0,0.000,0.002,0.000,45.081,0.00
1786232424,bench_mixed,0.00,0.00,0.0,0.000,0.002,0.000,45.081,0.00
1786232429,bench_mixed,0.00,0.00,0.0,0.000,0.002,0.000,45.080,0.00
1786232434,bench_mixed,0.00,0.00,0.0,0.000,0.002,0.000,45.080,0.00
1786232439,bench_mixed,0.00,0.00,0.0,0.000,0.002,0.000,45.080,0.00
1786232444,bench_mixed,0.00,0.00,0.0,0.000,0.002,0.000,45.080,0.00
1786232449,bench_mixed,0.00,0.00,0.0,0.000,0.002,0.000,45.080,0.00
1786232454,bench_mixed,0.00,0.00,0.0,0.000,0.002,0.000,45.080,0.00
1786232459,bench_mixed,0.00,0.00,0.0,0.000,0.002,0.000,45.080,0.00
1786232465,bench_mixed,0.00,0.00,0.0,0.000,0.002,0.000,45.080,0.00
1786232470,bench_mixed,0.00,0.00,0.0,0.000,0.002,0.000,45.080,0.00
1786232475,bench_mixed,0.00,0.00,0.0,0.000,0.002,0.000,45.080,0.00
1786232480,bench_mixed,0.00,0.00,0.0,0.000,0.002,0.000,45.080,0.00
1786232485,bench_mixed,0.00,0.00,0.0,0.000,0.002,0.000,45.081,0.00
1786232490,bench_mixed,0.00,0.00,0.0,0.000,0.002,0.000,45.080,0.00
1786232495,bench_mixed,0.00,0.00,0.0,0.000,0.002,0.000,45.080,0.00
1786232500,bench_mixed,0.00,0.00,0.0,0.000,0.002,0.000,45.080,0.00
1786232505,bench_mixed,0.00,0.00,0.0,0.000,0.002,0.000,45.081,0.00
1786232510,bench_mixed,0.00,0.00,0.0,0.000,0.002,0.000,45.081,0.00
1786232515,bench_mixed,0.00,0.00,0.0,0.000,0.002,0.000,45.080,0.00
1786232520,bench_mixed,0.00,0.00,0.0,0.000,0.002,0.000,45.080,0.00
1786232525,bench_mixed,0.00,0.00,0.0,0.000,0.002,0.000,45.080,0.00
1786232530,bench_mixed,0.00,0.00,0.0,0.000,0.002,0.000,45.080,0.00
1786232535,bench_mixed,0.00,0.00,0.0,0.000,0.002,0.000,45.080,0.00
1786232540,bench_mixed,0.00,0.00,0.0,0.000,0.002,0.000,45.080,0.00
1786232545,bench_mixed,0.00,0.00,0.0,0.000,0.002,0.000,45.080,0.00
1786232550,bench_mixed,0.00,0.00,0.0,0.000,0.002,0.000,45.080,0.00
1786232555,bench_mixed,0.00,0.00,0.0,0.000,0.002,0.000,45.080,0.00
1786232560,bench_mixed,0.00,0.00,0.0,0.000,0.002,0.000,45.080,0.00
1786232566,bench_mixed,0.00,0.00,0.0,0.000,0.002,0.000,45.080,0.00
1786232571,bench_mixed,0.00,0.00,0.0,0.000,0.002,0.000,45.080,0.00
1786232576,bench_mixed,0.00,0.00,0.0,0.000,0.002,0.000,45.080,0.00
1786232581,bench_mixed,0.00,0.00,0.0,0.000,0.002,0.000,45.080,0.00
1786232586,bench_mixed,0.00,0.00,0.0,0.000,0.002,0.000,45.080,0.00
1786232591,bench_mixed,0.00,0.00,0.0,0.000,0.002,0.000,45.080,0.00
1786232596,bench_mixed,0.00,0.00,0.0,0.000,0.002,0.000,45.080,0.00
1786232601,bench_mixed,0.00,0.00,0.0,0.000,0.002,0.000,45.080,0.00
1786232606,bench_mixed,0.00,0.00,0.0,0.000,0.002,0.000,45.080,0.00
1786232611,bench_mixed,0.00,0.00,0.0,0.000,0.002,0.000,45.080,0.00
1786232616,bench_mixed,0.00,0.00,0.0,0.000,0.002,0.000,45.080,0.00
1786232621,bench_mixed,0.00,0.00,0.0,0.000,0.002,0.000,45.080,0.00
1786232626,bench_mixed,0.00,0.00,0.0,0.000,0.002,0.000,45.080,0.00
1786232631,bench_mixed,0.00,0.00,0.0,0.000,0.002,0.000,45.080,0.00
1786232636,bench_mixed,0.00,0.00,0.0,0.000,0.002,0.000,45.079,0.00
1786232641,bench_mixed,0.00,0.00,0.0,0.000,0.002,0.000,45.079,0.00
1786232646,bench_mixed,0.00,0.00,0.0,0.000,0.002,0.000,45.079,0.00
1786232651,bench_mixed,0.00,0.00,0.0,0.000,0.002,0.000,45.079,0.00
1786232656,bench_mixed,0.00,0.00,0.0,0.000,0.002,0.000,45.079,0.00
1786232661,bench_mixed,0.00,0.00,0.0,0.000,0.002,0.000,45.079,0.00
1786232667,bench_mixed,0.00,0.00,0.0,0.000,0.002,0.000,45.079,0.00
1786232672,bench_mixed,0.00,0.00,0.0,0.000,0.002,0.000,45.079,0.00
1786232677,bench_mixed,0.00,0.00,0.0,0.000,0.002,0.000,45.079,0.00
1786232682,bench_mixed,0.00,0.00,0.0,0.000,0.002,0.000,45.079,0.00
1786232687,bench_mixed,0.00,0.00,0.0,0.000,0.002,0.000,45.079,0.00
1786232692,bench_mixed,0.00,0.00,0.0,0.000,0.002,0.000,45.079,0.00
1786232697,bench_mixed,0.00,0.00,0.0,0.000,0.002,0.000,45.079,0.00
1786232702,bench_mixed,0.00,0.00,0.0,0.000,0.002,0.000,45.079,0.00
1786232707,bench_mixed,0.00,0.00,0.0,0.000,0.002,0.000,45.079,0.00
1786232712,bench_mixed,0.00,0.00,0.0,0.000,0.002,0.000,45.078,0.00
1786232717,bench_mixed,0.00,0.00,0.0,0.000,0.002,0.000,45.078,0.00
1786232722,bench_mixed,0.00,0.00,0.0,0.000,0.002,0.000,45.078,0.00
1786232727,bench_mixed,0.00,0.00,0.0,0.000,0.002,0.000,45.078,0.00
1786232732,bench_mixed,0.00,0.00,0.0,0.000,0.002,0.000,45.078,0.00
1786232737,bench_mixed,0.00,0.00,0.0,0.000,0.002,0.000,45.078,0.00
1786232742,bench_mixed,0.00,0.00,0.0,0.000,0.002,0.000,45.078,0.00
1786232747,bench_mixed,0.00,0.00,0.0,0.000,0.002,0.000,45.078,0.00
1786232752,bench_mixed,0.00,0.00,0.0,0.000,0.002,0.000,45.078,0.00
1786232757,bench_mixed,0.00,0.00,0.0,0.000,0.002,0.000,45.078,0.00
1786232762,bench_mixed,0.00,0.00,0.0,0.000,0.002,0.000,45.078,0.00
1786232768,bench_mixed,0.00,0.00,0.0,0.000,0.002,0.000,45.078,0.00
1786232773,bench_mixed,0.00,0.00,0.0,0.000,0.002,0.000,45.078,0.00
1786232778,bench_mixed,0.00,0.00,0.0,0.000,0.002,0.000,45.078,0.00
1786232783,bench_mixed,0.00,0.00,0.0,0.000,0.002,0.000,45.078,0.00
1786232788,bench_mixed,0.00,0.00,0.0,0.000,0.002,0.000,45.078,0.00
1786232793,bench_mixed,0.00,0.00,0.0,0.000,0.002,0.000,45.078,0.00
1786232798,bench_mixed,0.00,0.00,0.0,0.000,0.002,0.000,45.079,0.00
1786232803,bench_mixed,0.00,0.00,0.0,0.000,0.002,0.000,45.079,0.00
1786232808,bench_mixed,0.00,0.00,0.0,0.000,0.002,0.000,45.079,0.00
1786232813,bench_mixed,0.00,0.00,0.0,0.000,0.002,0.000,45.079,0.00
1786232818,bench_mixed,0.00,0.00,0.0,0.000,0.002,0.000,45.079,0.00
1786232823,bench_mixed,0.00,0.00,0.0,0.000,0.002,0.000,45.079,0.00
1786232828,bench_mixed,0.00,0.00,0.0,0.000,0.002,0.000,45.079,0.00
1786232833,bench_mixed,0.00,0.00,0.0,0.000,0.002,0.000,45.080,0.00
1786232838,bench_mixed,0.00,0.00,0.0,0.000,0.002,0.000,45.081,0.00
1786232843,bench_mixed,0.00,0.00,0.0,0.000,0.002,0.000,45.080,0.00
1786232848,bench_mixed,0.00,0.00,0.0,0.000,0.002,0.000,45.080,0.00
1786232853,bench_mixed,0.00,0.00,0.0,0.000,0.002,0.000,45.080,0.00
1786232858,bench_mixed,0.00,0.00,0.0,0.000,0.002,0.000,45.080,0.00
1786232863,bench_mixed,0.00,0.00,0.0,0.000,0.002,0.000,45.080,0.00
1786232869,bench_mixed,0.00,0.00,0.0,0.000,0.002,0.000,45.080,0.00
1786232874,bench_mixed,0.00,0.00,0.0,0.000,0.002,0.000,45.080,0.00
1786232879,bench_mixed,0.00,0.00,0.0,0.000,0.002,0.000,45.080,0.00
1786232884,bench_mixed,0.00,0.00,0.0,0.000,0.002,0.000,45.080,0.00
1786232889,bench_mixed,0.00,0.00,0.0,0.000,0.002,0.000,45.080,0.00
1786232894,bench_mixed,0.00,0.00,0.0,0.000,0.002,0.000,45.080,0.00
1786232899,bench_mixed,0.00,0.00,0.0,0.000,0.002,0.000,45.080,0.00
1786232904,bench_mixed,0.00,0.00,0.0,0.000,0.002,0.000,45.080,0.00
1786232909,bench_mixed,0.00,0.00,0.0,0.000,0.002,0.000,45.080,0.00
1786232914,bench_mixed,0.00,0.00,0.0,0.000,0.002,0.000,45.080,0.00
1786232919,bench_mixed,0.00,0.00,0.0,0.000,0.002,0.000,45.080,0.00
1786232924,bench_mixed,0.00,0.00,0.0,0.000,0.002,0.000,45.080,0.00
1786232929,bench_mixed,0.00,0.00,0.0,0.000,0.002,0.000,45.080,0.00
1786232934,bench_mixed,0.00,0.00,0.0,0.000,0.002,0.000,45.080,0.00
1786232939,bench_mixed,0.00,0.00,0.0,0.000,0.002,0.000,45.080,0.00
1786232944,bench_mixed,0.00,0.00,0.0,0.000,0.002,0.000,45.079,0.00
1786232949,bench_mixed,0.00,0.00,0.0,0.000,0.002,0.000,45.079,0.00
1786232954,bench_mixed,0.00,0.00,0.0,0.000,0.002,0.000,45.086,0.00
1786232959,bench_mixed,0.00,0.00,0.0,0.000,0.002,0.000,45.086,0.00
1786232964,bench_mixed,0.00,0.00,0.0,0.000,0.002,0.000,45.086,0.00
1786232970,bench_mixed,0.00,0.00,0.0,0.000,0.002,0.000,45.086,0.00
1786232975,bench_mixed,0.00,0.00,0.0,0.000,0.002,0.000,45.085,0.00
1786232980,bench_mixed,0.00,0.00,0.0,0.000,0.002,0.000,45.086,0.00
1786232985,bench_mixed,0.00,0.00,0.0,0.000,0.002,0.000,45.085,0.00
1786232990,bench_mixed,0.00,0.00,0.0,0.000,0.002,0.000,45.086,0.00
1786232995,bench_mixed,0.00,0.00,0.0,0.000,0.002,0.000,45.085,0.00
1786233000,bench_mixed,0.00,0.00,0.0,0.000,0.002,0.000,45.086,0.00
1786233005,bench_mixed,0.00,0.00,0.0,0.000,0.002,0.000,45.086,0.00
1786233010,bench_mixed,0.00,0.00,0.0,0.000,0.002,0.000,45.086,0.00
1786233015,bench_mixed,0.00,0.00,0.0,0.000,0.002,0.000,45.086,0.00
1786233020,bench_mixed,0.00,0.00,0.0,0.000,0.002,0.000,45.086,0.00
1786233025,bench_mixed,0.00,0.00,0.0,0.000,0.002,0.000,45.087,0.00
1786233030,bench_mixed,0.00,0.00,0.0,0.000,0.002,0.000,45.087,0.00
1786233035,bench_mixed,0.00,0.00,0.0,0.000,0.002,0.000,45.086,0.00
1786233040,bench_mixed,0.00,0.00,0.0,0.000,0.002,0.000,45.086,0.00
1786233045,bench_mixed,0.00,0.00,0.0,0.000,0.002,0.000,45.086,0.00
1786233050,bench_mixed,0.00,0.00,0.0,0.000,0.002,0.000,45.086,0.00
1786233055,bench_mixed,0.00,0.00,0.0,0.000,0.002,0.000,45.086,0.00
1786233060,bench_mixed,0.00,0.00,0.0,0.000,0.002,0.000,45.086,0.00
1786233065,bench_mixed,0.00,0.00,0.0,0.000,0.002,0.000,45.086,0.00
1786233071,bench_mixed,0.00,0.00,0.0,0.000,0.002,0.000,45.086,0.00
1786233076,bench_mixed,0.00,0.00,0.0,0.000,0.002,0.000,45.086,0.00
1786233081,bench_mixed,0.00,0.00,0.0,0.000,0.002,0.000,45.086,0.00
1786233086,bench_mixed,0.00,0.00,0.0,0.000,0.002,0.000,45.086,0.00
1786233091,bench_mixed,0.00,0.00,0.0,0.000,0.002,0.000,45.086,0.00
1786233096,bench_mixed,0.00,0.00,0.0,0.000,0.002,0.000,45.086,0.00
1786233101,bench_mixed,0.00,0.00,0.0,0.000,0.002,0.000,45.086,0.00
1786233106,bench_mixed,0.00,0.00,0.0,0.000,0.002,0.000,45.086,0.00
1786233111,bench_mixed,0.00,0.00,0.0,0.000,0.002,0.000,45.086,0.00
1786233116,bench_mixed,0.00,0.00,0.0,0.000,0.002,0.000,45.086,0.00
1786233121,bench_mixed,0.00,0.00,0.0,0.000,0.002,0.000,45.086,0.00
1786233126,bench_mixed,0.00,0.00,0.0,0.000,0.002,0.000,45.086,0.00
1786233131,bench_mixed,0.00,0.00,0.0,0.000,0.002,0.000,45.086,0.00
1786233136,bench_mixed,0.00,0.00,0.0,0.000,0.002,0.000,45.086,0.00
1786233141,bench_mixed,0.00,0.00,0.0,0.000,0.002,0.000,45.086,0.00
1786233146,bench_mixed,0.00,0.00,0.0,0.000,0.002,0.000,45.086,0.00
1786233151,bench_mixed,0.00,0.00,0.0,0.000,0.002,0.000,45.086,0.00
1786233156,bench_mixed,0.00,0.00,0.0,0.000,0.002,0.000,45.086,0.00
1786233161,bench_mixed,0.00,0.00,0.0,0.000,0.002,0.000,45.086,0.00
1786233166,bench_mixed,0.00,0.00,0.0,0.000,0.002,0.000,45.086,0.00
1786233172,bench_mixed,0.00,0.00,0.0,0.000,0.002,0.000,45.086,0.00
1786233177,bench_mixed,0.00,0.00,0.0,0.000,0.002,0.000,45.086,0.00
1786233182,bench_mixed,0.00,0.00,0.0,0.000,0.002,0.000,45.086,0.00
1786233187,bench_mixed,0.00,0.00,0.0,0.000,0.002,0.000,45.086,0.00
1786233192,bench_mixed,0.00,0.00,0.0,0.000,0.002,0.000,45.086,0.00
1786233197,bench_mixed,0.00,0.00,0.0,0.000,0.002,0.000,45.086,0.00
1786233202,bench_mixed,0.00,0.00,0.0,0.000,0.002,0.000,45.086,0.00
1786233207,bench_mixed,0.00,0.00,0.0,0.000,0.002,0.000,45.086,0.00
1786233212,bench_mixed,0.00,0.00,0.0,0.000,0.002,0.000,45.086,0.00
1786233217,bench_mixed,0.00,0.00,0.0,0.000,0.002,0.000,45.086,0.00
1786233222,bench_mixed,0.00,0.00,0.0,0.000,0.002,0.000,45.086,0.00
1786233227,bench_mixed,0.00,0.00,0.0,0.000,0.002,0.000,45.086,0.00
1786233232,bench_mixed,0.00,0.00,0.0,0.000,0.002,0.000,45.086,0.00
1786233237,bench_mixed,0.00,0.00,0.0,0.000,0.002,0.000,45.086,0.00
1786233242,bench_mixed,0.00,0.00,0.0,0.000,0.002,0.000,45.086,0.00
1786233247,bench_mixed,0.00,0.00,0.0,0.000,0.002,0.000,45.086,0.00
1786233252,bench_mixed,0.00,0.00,0.0,0.000,0.002,0.000,45.086,0.00
1786233257,bench_mixed,0.00,0.00,0.0,0.000,0.002,0.000,45.086,0.00
1786233262,bench_mixed,0.00,0.00,0.0,0.000,0.002,0.000,45.086,0.00
1786233268,bench_mixed,0.00,0.00,0.0,0.000,0.002,0.000,45.085,0.00
1786233273,bench_mixed,0.00,0.00,0.0,0.000,0.002,0.000,45.085,0.00
1786233278,bench_mixed,0.00,0.00,0.0,0.000,0.002,0.000,45.085,0.00
1786233283,bench_mixed,0.00,0.00,0.0,0.000,0.002,0.000,45.085,0.00
1786233288,bench_mixed,0.00,0.00,0.0,0.000,0.002,0.000,45.085,0.00
1786233293,bench_mixed,0.00,0.00,0.0,0.000,0.002,0.000,45.085,0.00
1786233298,bench_mixed,0.00,0.00,0.0,0.000,0.002,0.000,45.086,0.00
1786233303,bench_mixed,0.00,0.00,0.0,0.000,0.002,0.000,45.085,0.00
1786233308,bench_mixed,0.00,0.00,0.0,0.000,0.002,0.000,45.085,0.00
1786233313,bench_mixed,0.00,0.00,0.0,0.000,0.002,0.000,45.085,0.00
1786233318,bench_mixed,0.00,0.00,0.0,0.000,0.002,0.000,45.085,0.00
1786233323,bench_mixed,0.00,0.00,0.0,0.000,0.002,0.000,45.085,0.00
1786233328,bench_mixed,0.00,0.00,0.0,0.000,0.002,0.000,45.085,0.00
1786233333,bench_mixed,0.00,0.00,0.0,0.000,0.002,0.000,45.085,0.00
1786233338,bench_mixed,0.00,0.00,0.0,0.000,0.002,0.000,45.085,0.00
1786233343,bench_mixed,0.00,0.00,0.0,0.000,0.002,0.000,45.085,0.00
1786233348,bench_mixed,0.00,0.00,0.0,0.000,0.002,0.000,45.085,0.00
1786233353,bench_mixed,0.00,0.00,0.0,0.000,0.002,0.000,45.085,0.00
1786233358,bench_mixed,0.00,0.00,0.0,0.000,0.002,0.000,45.085,0.00
1786233363,bench_mixed,0.00,0.00,0.0,0.000,0.002,0.000,45.085,0.00
1786233369,bench_mixed,0.00,0.00,0.0,0.000,0.002,0.000,45.085,0.00
1786233374,bench_mixed,0.00,0.00,0.0,0.000,0.002,0.000,45.085,0.00
1786233379,bench_mixed,0.00,0.00,0.0,0.000,0.002,0.000,45.085,0.00
1786233384,bench_mixed,0.00,0.00,0.0,0.000,0.002,0.000,45.085,0.00
1786233389,bench_mixed,0.00,0.00,0.0,0.000,0.002,0.000,45.085,0.00
1786233394,bench_mixed,0.00,0.00,0.0,0.000,0.002,0.000,45.085,0.00
1786233399,bench_mixed,0.00,0.00,0.0,0.000,0.002,0.000,45.085,0.00
1786233404,bench_mixed,0.00,0.00,0.0,0.000,0.002,0.000,45.085,0.00
1786233409,bench_mixed,0.00,0.00,0.0,0.000,0.002,0.000,45.085,0.00
1786233414,bench_mixed,0.00,0.00,0.0,0.000,0.002,0.000,45.085,0.00
1786233419,bench_mixed,0.00,0.00,0.0,0.000,0.002,0.000,45.085,0.00
1786233424,bench_mixed,0.00,0.00,0.0,0.000,0.002,0.000,45.085,0.00
1786233429,bench_mixed,0.00,0.00,0.0,0.000,0.002,0.000,45.085,0.00
1786233434,bench_mixed,0.00,0.00,0.0,0.000,0.002,0.000,45.085,0.00
1786233439,bench_mixed,0.00,0.00,0.0,0.000,0.002,0.000,45.086,0.00
1786233444,bench_mixed,0.00,0.00,0.0,0.000,0.002,0.000,45.086,0.00
1786233449,bench_mixed,0.00,0.00,0.0,0.000,0.002,0.000,45.086,0.00
1786233454,bench_mixed,0.00,0.00,0.0,0.000,0.002,0.000,45.086,0.00
1786233459,bench_mixed,0.00,0.00,0.0,0.000,0.002,0.000,45.086,0.00
1786233464,bench_mixed,0.00,0.00,0.0,0.000,0.002,0.000,45.086,0.00
1786233470,bench_mixed,0.00,0.00,0.0,0.000,0.002,0.000,45.086,0.00
1786233475,bench_mixed,0.00,0.00,0.0,0.000,0.002,0.000,45.086,0.00
1786233480,bench_mixed,0.00,0.00,0.0,0.000,0.002,0.000,45.086,0.00
1786233485,bench_mixed,0.00,0.00,0.0,0.000,0.002,0.000,45.086,0.00
1786233490,bench_mixed,0.00,0.00,0.0,0.000,0.002,0.000,45.086,0.00
1786233495,bench_mixed,0.00,0.00,0.0,0.000,0.002,0.000,45.086,0.00
1786233500,bench_mixed,0.00,0.00,0.0,0.000,0.002,0.000,45.085,0.00
1786233505,bench_mixed,0.00,0.00,0.0,0.000,0.002,0.000,45.085,0.00
1786233510,bench_mixed,0.00,0.00,0.0,0.000,0.002,0.000,45.085,0.00
1786233515,bench_mixed,0.00,0.00,0.0,0.000,0.002,0.000,45.085,0.00
1786233520,bench_mixed,0.00,0.00,0.0,0.000,0.002,0.000,45.085,0.00
1786233525,bench_mixed,0.00,0.00,0.0,0.000,0.002,0.000,45.085,0.00
1786233530,bench_mixed,0.00,0.00,0.0,0.000,0.002,0.000,45.085,0.00
1786233535,bench_mixed,0.00,0.00,0.0,0.000,0.002,0.000,45.085,0.00
1786233540,bench_mixed,0.00,0.00,0.0,0.000,0.002,0.000,45.084,0.00
1786233545,bench_mixed,0.00,0.00,0.0,0.000,0.002,0.000,45.085,0.00
1786233550,bench_mixed,0.00,0.00,0.0,0.000,0.002,0.000,45.085,0.00
1786233555,bench_mixed,0.00,0.00,0.0,0.000,0.002,0.000,45.085,0.00
1786233560,bench_mixed,0.00,0.00,0.0,0.000,0.002,0.000,45.085,0.00
1786233565,bench_mixed,0.00,0.00,0.0,0.000,0.002,0.000,45.085,0.00
1786233571,bench_mixed,0.00,0.00,0.0,0.000,0.002,0.000,45.085,0.00
1786233576,bench_mixed,0.00,0.00,0.0,0.000,0.002,0.000,45.085,0.00
1786233581,bench_mixed,0.00,0.00,0.0,0.000,0.002,0.000,45.085,0.00
1786233586,bench_mixed,0.00,0.00,0.0,0.000,0.002,0.000,45.085,0.00
1786233591,bench_mixed,0.00,0.00,0.0,0.000,0.002,0.000,45.085,0.00
1786233596,bench_mixed,0.00,0.00,0.0,0.000,0.002,0.000,45.085,0.00
1786233601,bench_mixed,0.00,0.00,0.0,0.000,0.002,0.000,45.085,0.00
1786233606,bench_mixed,0.00,0.00,0.0,0.000,0.002,0.000,45.085,0.00
1786233611,bench_mixed,0.00,0.00,0.0,0.000,0.002,0.000,45.085,0.00
1786233616,bench_mixed,0.00,0.00,0.0,0.000,0.002,0.000,45.085,0.00
1786233621,bench_mixed,0.00,0.00,0.0,0.000,0.002,0.000,45.085,0.00
1786233626,bench_mixed,0.00,0.00,0.0,0.000,0.002,0.000,45.085,0.00
1786233631,bench_mixed,0.00,0.00,0.0,0.000,0.002,0.000,45.084,0.00
1786233636,bench_mixed,0.00,0.00,0.0,0.000,0.002,0.000,45.084,0.00
1786233641,bench_mixed,0.00,0.00,0.0,0.000,0.002,0.000,45.084,0.00
1786233646,bench_mixed,0.00,0.00,0.0,0.000,0.002,0.000,45.084,0.00
1786233651,bench_mixed,0.00,0.00,0.0,0.000,0.002,0.000,45.084,0.00
1786233656,bench_mixed,0.00,0.00,0.0,0.000,0.002,0.000,45.084,0.00
1786233661,bench_mixed,0.00,0.00,0.0,0.000,0.002,0.000,45.084,0.00
1786233666,bench_mixed,0.00,0.00,0.0,0.000,0.002,0.000,45.084,0.00
1786233672,bench_mixed,0.00,0.00,0.0,0.000,0.002,0.000,45.084,0.00
1786233677,bench_mixed,0.00,0.00,0.0,0.000,0.002,0.000,45.084,0.00
1786233682,bench_mixed,0.00,0.00,0.0,0.000,0.002,0.000,45.084,0.00
1786233687,bench_mixed,0.00,0.00,0.0,0.000,0.002,0.000,45.084,0.00
1786233692,bench_mixed,0.00,0.00,0.0,0.000,0.002,0.000,45.084,0.00
1786233697,bench_mixed,0.00,0.00,0.0,0.000,0.002,0.000,45.084,0.00
1786233702,bench_mixed,0.00,0.00,0.0,0.000,0.002,0.000,45.084,0.00
1786233707,bench_mixed,0.00,0.00,0.0,0.000,0.002,0.000,45.084,0.00
1786233712,bench_mixed,0.00,0.00,0.0,0.000,0.002,0.000,45.084,0.00
1786233717,bench_mixed,0.00,0.00,0.0,0.000,0.002,0.000,45.084,0.00
1786233722,bench_mixed,0.00,0.00,0.0,0.000,0.002,0.000,45.084,0.00
1786233727,bench_mixed,0.00,0.00,0.0,0.000,0.002,0.000,45.084,0.00
1786233732,bench_mixed,0.00,0.00,0.0,0.000,0.002,0.000,45.084,0.00
1786233737,bench_mixed,0.00,0.00,0.0,0.000,0.002,0.000,45.084,0.00
1786233742,bench_mixed,0.00,0.00,0.0,0.000,0.002,0.000,45.084,0.00
1786233747,bench_mixed,0.00,0.00,0.0,0.000,0.002,0.000,45.084,0.00
1786233752,bench_mixed,0.00,0.00,0.0,0.000,0.002,0.000,45.084,0.00
1786233757,bench_mixed,0.00,0.00,0.0,0.000,0.002,0.000,45.084,0.00
1786233762,bench_mixed,0.00,0.00,0.0,0.000,0.002,0.000,45.084,0.00
1786233768,bench_mixed,0.00,0.00,0.0,0.000,0.002,0.000,45.084,0.00
1786233773,bench_mixed,0.00,0.00,0.0,0.000,0.002,0.000,45.085,0.00
1786233778,bench_mixed,0.00,0.00,0.0,0.000,0.002,0.000,45.085,0.00
1786233783,bench_mixed,0.00,0.00,0.0,0.000,0.002,0.000,45.085,0.00
1786233788,bench_mixed,0.00,0.00,0.0,0.000,0.002,0.000,45.085,0.00
1786233793,bench_mixed,0.00,0.00,0.0,0.000,0.002,0.000,45.085,0.00
1786233798,bench_mixed,0.00,0.00,0.0,0.000,0.002,0.000,45.085,0.00
1786233803,bench_mixed,0.00,0.00,0.0,0.000,0.002,0.000,45.084,0.00
1786233808,bench_mixed,0.00,0.00,0.0,0.000,0.002,0.000,45.084,0.00
1786233813,bench_mixed,0.00,0.00,0.0,0.000,0.002,0.000,45.084,0.00
1786233818,bench_mixed,0.00,0.00,0.0,0.000,0.002,0.000,45.084,0.00
1786233823,bench_mixed,0.00,0.00,0.0,0.000,0.002,0.000,45.084,0.00
1786233828,bench_mixed,0.00,0.00,0.0,0.000,0.002,0.000,45.084,0.00
1786233833,bench_mixed,0.00,0.00,0.0,0.000,0.002,0.000,45.084,0.00
1786233838,bench_mixed,0.00,0.00,0.0,0.000,0.002,0.000,45.084,0.00
