ts,phase,nvme_rd_mb_s,nvme_wr_mb_s,nvme_active_pct,cte_file_tier_gb,devshm_used_gb,clio_rss_gb,mem_avail_gb,nfs_rd_mb_s
1786289624,setup,0.00,0.00,0.0,0.000,0.002,0.000,45.033,0.00
1786289629,ingest,0.01,0.00,0.2,0.000,0.002,0.315,44.657,6.69
1786289634,ingest,0.00,0.00,0.0,0.000,0.002,0.547,44.380,0.00
1786289639,ingest,0.00,0.00,0.0,0.000,0.002,0.800,44.125,0.00
1786289644,ingest,0.00,0.00,0.1,0.000,0.002,1.058,43.868,0.00
1786289650,ingest,0.00,0.00,0.0,0.000,0.002,1.310,43.614,0.00
1786289655,ingest,0.00,0.00,0.0,0.000,0.002,1.562,43.354,0.00
1786289660,ingest,0.00,0.00,0.0,0.000,0.002,1.816,43.098,0.00
1786289665,ingest,0.00,0.00,0.0,0.000,0.002,2.014,42.896,0.00
1786289670,ingest,0.00,0.00,0.0,0.000,0.002,2.324,42.579,0.00
1786289675,ingest,0.00,0.01,0.1,0.000,0.002,2.512,42.390,0.00
1786289680,ingest,0.00,0.00,0.0,0.000,0.002,2.702,42.195,0.00
1786289685,ingest,0.00,0.00,0.0,0.000,0.002,2.959,41.938,0.00
1786289690,bench_chimod,0.00,0.00,0.0,0.000,0.002,3.840,41.624,1.58
1786289695,idle,0.00,0.00,0.0,0.000,0.002,0.000,44.943,0.00
1786289700,idle,0.00,0.00,0.0,0.000,0.002,0.000,44.938,0.01
1786289705,ingest,0.00,0.00,0.1,0.000,0.002,0.316,44.590,6.69
1786289710,ingest,0.00,0.00,0.0,0.000,0.002,3.082,41.853,0.01
1786289715,ingest,0.00,0.00,0.0,0.000,0.002,3.083,41.853,0.00
1786289720,ingest,0.00,0.00,0.0,0.000,0.002,3.083,41.856,0.00
1786289725,ingest,0.00,0.00,0.0,0.000,0.002,3.083,41.857,0.00
1786289730,ingest,0.00,0.00,0.0,0.000,0.002,3.083,41.861,0.00
1786289735,ingest,0.00,0.00,0.1,0.000,0.002,3.083,41.862,0.00
1786289740,ingest,0.00,0.00,0.0,0.000,0.002,3.084,41.862,0.00
1786289746,ingest,0.00,0.00,0.0,0.000,0.002,3.084,41.864,0.00
1786289751,ingest,0.00,0.00,0.0,0.000,0.002,3.084,41.864,0.00
1786289756,ingest,0.00,0.00,0.0,0.000,0.002,3.084,41.865,0.00
1786289761,ingest,0.00,0.00,0.0,0.000,0.002,3.084,41.862,0.00
1786289766,ingest,0.00,0.01,0.1,0.000,0.002,3.084,41.865,0.00
1786289771,bench_mixed,0.00,0.00,0.0,0.000,0.002,3.084,41.865,0.00
1786289776,bench_mixed,0.00,0.00,0.0,0.000,0.002,6.183,41.410,1.58
1786289781,bench_mixed,0.00,0.00,0.0,0.000,0.002,6.246,41.348,0.00
1786289786,bench_mixed,0.00,0.00,0.0,0.000,0.002,6.272,41.320,0.00
1786289791,bench_mixed,0.00,0.00,0.0,0.000,0.002,6.292,41.299,0.00
1786289796,bench_mixed,0.00,0.00,0.1,0.000,0.002,6.301,41.289,0.00
1786289801,bench_mixed,0.00,0.00,0.0,0.000,0.002,6.311,41.280,0.00
1786289806,bench_mixed,0.00,0.00,0.0,0.000,0.002,6.315,41.274,0.00
1786289811,bench_mixed,0.00,0.00,0.0,0.000,0.002,6.319,41.270,0.00
1786289816,bench_mixed,0.00,0.00,0.0,0.000,0.002,6.319,41.272,0.00
1786289821,bench_mixed,0.00,0.00,0.0,0.000,0.002,6.319,41.272,0.00
1786289826,bench_mixed,0.00,0.00,0.1,0.000,0.002,6.319,41.276,0.00
1786289831,bench_mixed,0.00,0.00,0.0,0.000,0.002,6.319,41.276,0.00
1786289837,bench_mixed,0.00,0.00,0.0,0.000,0.002,6.319,41.277,0.00
1786289842,bench_mixed,0.00,0.00,0.0,0.000,0.002,6.319,41.277,0.00
1786289847,bench_mixed,0.00,0.00,0.0,0.000,0.002,6.319,41.276,0.00
1786289852,bench_mixed,0.00,0.00,0.0,0.000,0.002,6.319,41.275,0.00
1786289857,bench_mixed,0.00,0.00,0.0,0.000,0.002,6.319,41.273,0.00
1786289862,bench_mixed,0.00,0.00,0.0,0.000,0.002,6.319,41.273,0.00
1786289867,bench_mixed,0.00,0.00,0.0,0.000,0.002,6.320,41.273,0.00
1786289872,bench_mixed,0.00,0.00,0.0,0.000,0.002,6.320,41.272,0.00
1786289877,bench_mixed,0.00,0.00,0.0,0.000,0.002,6.320,41.268,0.00
1786289882,bench_mixed,0.00,0.00,0.0,0.000,0.002,6.320,41.268,0.00
1786289887,bench_mixed,0.00,0.00,0.0,0.000,0.002,6.320,41.269,0.00
1786289892,bench_mixed,0.00,0.00,0.0,0.000,0.002,6.320,41.269,0.00
1786289897,bench_mixed,0.00,0.00,0.0,0.000,0.002,6.320,41.270,0.00
1786289902,bench_mixed,0.00,0.00,0.0,0.000,0.002,6.320,41.269,0.00
1786289907,bench_mixed,0.00,0.00,0.0,0.000,0.002,6.320,41.268,0.00
1786289912,bench_mixed,0.00,0.00,0.0,0.000,0.002,6.320,41.268,0.00
1786289917,bench_mixed,0.00,0.00,0.0,0.000,0.002,6.320,41.269,0.00
1786289923,bench_mixed,0.00,0.00,0.0,0.000,0.002,6.320,41.269,0.00
1786289928,bench_mixed,0.00,0.00,0.0,0.000,0.002,6.388,41.205,0.00
1786289933,bench_mixed,0.00,0.00,0.0,0.000,0.002,6.520,41.071,0.00
1786289938,bench_mixed,0.00,0.00,0.0,0.000,0.002,6.742,40.991,0.00
1786289943,bench_mixed,0.00,0.00,0.0,0.000,0.002,6.753,40.989,0.00
1786289948,bench_mixed,0.00,0.00,0.0,0.000,0.002,6.760,40.988,0.00
1786289953,bench_mixed,0.00,0.00,0.0,0.000,0.002,6.762,40.988,0.00
1786289958,bench_mixed,0.00,0.00,0.0,0.000,0.002,6.764,40.987,0.00
1786289963,bench_mixed,0.00,0.00,0.0,0.000,0.002,6.765,40.987,0.00
1786289968,bench_mixed,0.00,0.00,0.0,0.000,0.002,6.766,40.986,0.00
1786289973,bench_mixed,0.00,0.00,0.0,0.000,0.002,6.767,40.984,0.00
1786289978,bench_mixed,0.00,0.00,0.0,0.000,0.002,6.767,40.984,0.00
1786289983,bench_mixed,0.00,0.00,0.0,0.000,0.002,6.767,40.984,0.00
1786289988,bench_mixed,0.00,0.00,0.0,0.000,0.002,6.767,40.985,0.00
1786289993,bench_mixed,0.00,0.00,0.0,0.000,0.002,6.767,40.985,0.00
1786289998,bench_mixed,0.00,0.00,0.0,0.000,0.002,6.768,40.986,0.00
1786290003,bench_mixed,0.00,0.00,0.0,0.000,0.002,6.768,40.987,0.00
1786290008,bench_mixed,0.00,0.00,0.0,0.000,0.002,6.768,40.978,0.06
1786290014,bench_mixed,0.00,0.00,0.0,0.000,0.002,6.768,40.978,0.00
1786290019,bench_mixed,0.00,0.00,0.0,0.000,0.002,6.768,40.978,0.00
1786290024,bench_mixed,0.00,0.00,0.0,0.000,0.002,6.768,40.978,0.00
1786290029,bench_mixed,0.00,0.00,0.0,0.000,0.002,6.768,40.981,0.00
1786290034,bench_mixed,0.00,0.00,0.0,0.000,0.002,6.768,40.980,0.00
1786290039,bench_mixed,0.00,0.00,0.0,0.000,0.002,6.768,40.982,0.00
1786290044,bench_mixed,0.00,0.00,0.0,0.000,0.002,6.768,40.982,0.00
1786290049,bench_mixed,0.00,0.00,0.0,0.000,0.002,6.768,40.982,0.00
1786290054,bench_mixed,0.00,0.00,0.0,0.000,0.002,6.768,40.982,0.00
1786290059,bench_mixed,0.00,0.00,0.0,0.000,0.002,6.768,40.980,0.00
1786290064,bench_mixed,0.00,0.00,0.0,0.000,0.002,6.768,40.980,0.00
1786290069,bench_mixed,0.00,0.00,0.0,0.000,0.002,6.792,40.954,0.00
1786290074,bench_mixed,0.00,0.00,0.0,0.000,0.002,6.843,40.904,0.00
1786290079,bench_mixed,0.00,0.00,0.0,0.000,0.002,7.204,40.642,0.00
1786290084,bench_mixed,0.00,0.00,0.0,0.000,0.002,7.253,40.639,0.00
1786290089,bench_mixed,0.00,0.00,0.0,0.000,0.002,7.260,40.635,0.00
1786290094,bench_mixed,0.00,0.00,0.0,0.000,0.002,7.268,40.631,0.00
1786290099,bench_mixed,0.00,0.00,0.0,0.000,0.002,7.270,40.633,0.00
1786290104,bench_mixed,0.00,0.00,0.0,0.000,0.002,7.271,40.632,0.00
1786290110,bench_mixed,0.00,0.00,0.0,0.000,0.002,7.273,40.630,0.00
1786290115,bench_mixed,0.00,0.00,0.0,0.000,0.002,7.274,40.629,0.00
1786290120,bench_mixed,0.00,0.00,0.0,0.000,0.002,7.275,40.628,0.00
1786290125,bench_mixed,0.00,0.00,0.0,0.000,0.002,7.275,40.629,0.00
1786290130,bench_mixed,0.00,0.00,0.0,0.000,0.002,7.275,40.630,0.00
1786290135,bench_mixed,0.00,0.00,0.0,0.000,0.002,7.275,40.630,0.00
1786290140,bench_mixed,0.00,0.00,0.0,0.000,0.002,7.275,40.630,0.00
1786290145,bench_mixed,0.00,0.00,0.0,0.000,0.002,7.275,40.630,0.00
1786290150,bench_mixed,0.00,0.00,0.0,0.000,0.002,7.275,40.629,0.00
1786290155,bench_mixed,0.00,0.00,0.0,0.000,0.002,7.275,40.629,0.00
1786290160,bench_mixed,0.00,0.00,0.0,0.000,0.002,7.275,40.628,0.00
1786290165,bench_mixed,0.00,0.00,0.0,0.000,0.002,7.275,40.628,0.00
1786290170,bench_mixed,0.00,0.00,0.0,0.000,0.002,7.275,40.627,0.00
1786290175,bench_mixed,0.00,0.00,0.0,0.000,0.002,7.275,40.627,0.00
1786290180,bench_mixed,0.00,0.00,0.0,0.000,0.002,7.275,40.626,0.00
1786290185,bench_mixed,0.00,0.00,0.0,0.000,0.002,7.275,40.625,0.00
1786290190,bench_mixed,0.00,0.00,0.0,0.000,0.002,7.275,40.625,0.00
1786290195,bench_mixed,0.00,0.00,0.0,0.000,0.002,7.275,40.627,0.00
1786290200,bench_mixed,0.00,0.00,0.0,0.000,0.002,7.275,40.627,0.00
1786290206,bench_mixed,0.00,0.00,0.0,0.000,0.002,7.275,40.626,0.00
1786290211,bench_mixed,0.00,0.00,0.0,0.000,0.002,7.275,40.626,0.00
1786290216,bench_mixed,0.00,0.00,0.0,0.000,0.002,7.308,40.595,0.00
1786290221,bench_mixed,0.00,0.00,0.0,0.000,0.002,7.365,40.540,0.00
1786290226,bench_mixed,0.00,0.00,0.0,0.000,0.002,7.522,40.501,0.00
1786290231,bench_mixed,0.00,0.00,0.0,0.000,0.002,7.552,40.496,0.00
1786290236,bench_mixed,0.00,0.00,0.0,0.000,0.002,7.556,40.493,0.00
1786290241,bench_mixed,0.00,0.00,0.0,0.000,0.002,7.561,40.491,0.00
1786290246,bench_mixed,0.00,0.00,0.0,0.000,0.002,7.563,40.488,0.00
1786290251,bench_mixed,0.00,0.00,0.0,0.000,0.002,7.564,40.487,0.00
1786290256,bench_mixed,0.00,0.00,0.0,0.000,0.002,7.568,40.485,0.00
1786290261,bench_mixed,0.00,0.00,0.0,0.000,0.002,7.569,40.483,0.00
1786290266,bench_mixed,0.00,0.00,0.0,0.000,0.002,7.570,40.484,0.00
1786290271,bench_mixed,0.00,0.00,0.0,0.000,0.002,7.570,40.483,0.00
1786290276,bench_mixed,0.00,0.00,0.0,0.000,0.002,7.570,40.481,0.00
1786290281,bench_mixed,0.00,0.00,0.0,0.000,0.002,7.570,40.482,0.00
1786290286,bench_mixed,0.00,0.00,0.0,0.000,0.002,7.570,40.481,0.00
1786290291,bench_mixed,0.00,0.00,0.0,0.000,0.002,7.570,40.481,0.00
1786290297,bench_mixed,0.00,0.00,0.0,0.000,0.002,7.570,40.481,0.00
1786290302,bench_mixed,0.00,0.00,0.0,0.000,0.002,7.570,40.482,0.00
1786290307,bench_mixed,0.00,0.00,0.0,0.000,0.002,7.570,40.472,0.06
1786290312,bench_mixed,0.00,0.00,0.0,0.000,0.002,7.570,40.472,0.00
1786290317,bench_mixed,0.00,0.00,0.0,0.000,0.002,7.570,40.473,0.00
1786290322,bench_mixed,0.00,0.00,0.0,0.000,0.002,7.570,40.474,0.00
1786290327,bench_mixed,0.00,0.00,0.0,0.000,0.002,7.570,40.474,0.00
1786290332,bench_mixed,0.00,0.00,0.0,0.000,0.002,7.570,40.475,0.00
1786290337,bench_mixed,0.00,0.00,0.0,0.000,0.002,7.570,40.475,0.00
1786290342,bench_mixed,0.00,0.00,0.0,0.000,0.002,7.570,40.475,0.00
1786290347,bench_mixed,0.00,0.00,0.0,0.000,0.002,7.570,40.475,0.00
1786290352,bench_mixed,0.00,0.00,0.0,0.000,0.002,7.570,40.475,0.00
1786290357,bench_mixed,0.00,0.00,0.0,0.000,0.002,7.570,40.473,0.00
1786290362,bench_mixed,0.00,0.00,0.0,0.000,0.002,7.611,40.433,0.00
1786290367,bench_mixed,0.00,0.00,0.0,0.000,0.002,7.668,40.379,0.00
1786290372,bench_mixed,0.00,0.00,0.0,0.000,0.002,7.873,40.288,0.00
1786290377,bench_mixed,0.00,0.00,0.0,0.000,0.002,7.910,40.285,0.00
1786290382,bench_mixed,0.00,0.00,0.0,0.000,0.002,7.915,40.283,0.00
1786290388,bench_mixed,0.00,0.00,0.0,0.000,0.002,7.920,40.280,0.00
1786290393,bench_mixed,0.00,0.00,0.0,0.000,0.002,7.922,40.279,0.00
1786290398,bench_mixed,0.00,0.00,0.0,0.000,0.002,7.925,40.277,0.00
1786290403,bench_mixed,0.00,0.00,0.0,0.000,0.002,7.926,40.277,0.00
1786290408,bench_mixed,0.00,0.00,0.0,0.000,0.002,7.927,40.275,0.00
1786290413,bench_mixed,0.00,0.00,0.0,0.000,0.002,7.928,40.274,0.00
1786290418,bench_mixed,0.00,0.00,0.0,0.000,0.002,7.929,40.273,0.00
1786290423,bench_mixed,0.00,0.00,0.0,0.000,0.002,7.929,40.273,0.00
1786290428,bench_mixed,0.00,0.00,0.0,0.000,0.002,7.929,40.273,0.00
1786290433,bench_mixed,0.00,0.00,0.0,0.000,0.002,7.929,40.273,0.00
1786290438,bench_mixed,0.00,0.00,0.0,0.000,0.002,7.929,40.274,0.00
1786290443,bench_mixed,0.00,0.00,0.0,0.000,0.002,7.929,40.274,0.00
1786290448,bench_mixed,0.00,0.00,0.0,0.000,0.002,7.929,40.276,0.00
1786290453,bench_mixed,0.00,0.00,0.0,0.000,0.002,7.929,40.276,0.00
1786290458,bench_mixed,0.00,0.00,0.0,0.000,0.002,7.929,40.275,0.00
1786290463,bench_mixed,0.00,0.00,0.0,0.000,0.002,7.929,40.275,0.00
1786290468,bench_mixed,0.00,0.00,0.0,0.000,0.002,7.929,40.277,0.00
1786290473,bench_mixed,0.00,0.00,0.0,0.000,0.002,7.929,40.276,0.00
1786290478,bench_mixed,0.00,0.00,0.0,0.000,0.002,7.929,40.279,0.00
1786290484,bench_mixed,0.00,0.00,0.0,0.000,0.002,7.929,40.278,0.00
1786290489,bench_mixed,0.00,0.00,0.0,0.000,0.002,7.929,40.276,0.00
1786290494,bench_mixed,0.00,0.00,0.0,0.000,0.002,7.929,40.276,0.00
1786290499,bench_mixed,0.00,0.00,0.0,0.000,0.002,7.929,40.272,0.00
1786290504,bench_mixed,0.00,0.00,0.0,0.000,0.002,7.929,40.279,0.00
1786290509,bench_mixed,0.00,0.00,0.0,0.000,0.002,7.993,40.215,0.00
1786290514,bench_mixed,0.00,0.00,0.0,0.000,0.002,8.057,40.153,0.00
1786290519,bench_mixed,0.00,0.00,0.0,0.000,0.002,8.324,40.004,0.00
1786290524,bench_mixed,0.00,0.00,0.0,0.000,0.002,8.357,39.998,0.00
1786290529,bench_mixed,0.00,0.00,0.0,0.000,0.002,8.359,39.996,0.00
1786290534,bench_mixed,0.00,0.00,0.0,0.000,0.002,8.366,39.989,0.00
1786290539,bench_mixed,0.00,0.00,0.0,0.000,0.002,8.368,39.987,0.00
1786290544,bench_mixed,0.00,0.00,0.0,0.000,0.002,8.371,39.982,0.00
1786290549,bench_mixed,0.00,0.00,0.0,0.000,0.002,8.373,39.981,0.00
1786290554,bench_mixed,0.00,0.00,0.0,0.000,0.002,8.374,39.982,0.00
1786290559,bench_mixed,0.00,0.00,0.0,0.000,0.002,8.375,39.979,0.00
1786290564,bench_mixed,0.00,0.00,0.0,0.000,0.002,8.376,39.978,0.00
1786290569,bench_mixed,0.00,0.00,0.0,0.000,0.002,8.376,39.978,0.00
1786290575,bench_mixed,0.00,0.00,0.0,0.000,0.002,8.376,39.977,0.00
1786290580,bench_mixed,0.00,0.00,0.0,0.000,0.002,8.376,39.977,0.00
1786290585,bench_mixed,0.00,0.00,0.0,0.000,0.002,8.376,39.975,0.00
1786290590,bench_mixed,0.00,0.00,0.0,0.000,0.002,8.376,39.975,0.00
1786290595,bench_mixed,0.00,0.00,0.0,0.000,0.002,8.376,39.975,0.00
1786290600,bench_mixed,0.00,0.00,0.0,0.000,0.002,8.376,39.975,0.00
1786290605,bench_mixed,0.00,0.00,0.0,0.000,0.002,8.376,39.965,0.04
1786290610,bench_mixed,0.00,0.00,0.0,0.000,0.002,8.376,39.966,0.02
1786290615,bench_mixed,0.00,0.00,0.0,0.000,0.002,8.376,39.966,0.00
1786290620,bench_mixed,0.00,0.00,0.0,0.000,0.002,8.376,39.966,0.00
1786290625,bench_mixed,0.00,0.00,0.0,0.000,0.002,8.376,39.967,0.00
1786290630,bench_mixed,0.00,0.00,0.0,0.000,0.002,8.376,39.967,0.00
1786290635,bench_mixed,0.00,0.00,0.0,0.000,0.002,8.376,39.968,0.00
1786290640,bench_mixed,0.00,0.00,0.0,0.000,0.002,8.376,39.968,0.00
1786290645,bench_mixed,0.00,0.00,0.0,0.000,0.002,8.376,39.968,0.00
1786290650,bench_mixed,0.00,0.00,0.0,0.000,0.002,8.376,39.969,0.00
1786290655,bench_mixed,0.00,0.00,0.0,0.000,0.002,8.411,39.937,0.00
1786290660,bench_mixed,0.00,0.00,0.0,0.000,0.002,8.460,39.889,0.00
1786290665,bench_mixed,0.00,0.00,0.0,0.000,0.002,8.619,39.840,0.00
1786290671,bench_mixed,0.00,0.00,0.0,0.000,0.002,8.649,39.839,0.00
1786290676,bench_mixed,0.00,0.00,0.0,0.000,0.002,8.660,39.839,0.00
1786290681,bench_mixed,0.00,0.00,0.0,0.000,0.002,8.663,39.838,0.00
1786290686,bench_mixed,0.00,0.00,0.0,0.000,0.002,8.667,39.832,0.00
1786290691,bench_mixed,0.00,0.00,0.0,0.000,0.002,8.667,39.833,0.00
1786290696,bench_mixed,0.00,0.00,0.0,0.000,0.002,8.670,39.830,0.00
1786290701,bench_mixed,0.00,0.00,0.0,0.000,0.002,8.670,39.830,0.00
1786290706,bench_mixed,0.00,0.00,0.0,0.000,0.002,8.672,39.830,0.00
1786290711,bench_mixed,0.00,0.00,0.0,0.000,0.002,8.672,39.830,0.00
1786290716,bench_mixed,0.00,0.00,0.0,0.000,0.002,8.672,39.832,0.00
1786290721,bench_mixed,0.00,0.00,0.0,0.000,0.002,8.672,39.832,0.00
1786290726,bench_mixed,0.00,0.00,0.0,0.000,0.002,8.672,39.830,0.00
1786290731,bench_mixed,0.00,0.00,0.0,0.000,0.002,8.672,39.830,0.00
1786290736,bench_mixed,0.00,0.00,0.0,0.000,0.002,8.672,39.829,0.00
1786290741,bench_mixed,0.00,0.00,0.0,0.000,0.002,8.672,39.829,0.00
1786290746,bench_mixed,0.00,0.00,0.0,0.000,0.002,8.672,39.827,0.00
1786290751,bench_mixed,0.00,0.00,0.0,0.000,0.002,8.672,39.827,0.00
1786290756,bench_mixed,0.00,0.00,0.0,0.000,0.002,8.672,39.827,0.00
1786290762,bench_mixed,0.00,0.00,0.0,0.000,0.002,8.672,39.827,0.00
1786290767,bench_mixed,0.00,0.00,0.0,0.000,0.002,8.672,39.829,0.00
1786290772,bench_mixed,0.00,0.00,0.0,0.000,0.002,8.672,39.828,0.00
1786290777,bench_mixed,0.00,0.00,0.0,0.000,0.002,8.672,39.827,0.00
1786290782,bench_mixed,0.00,0.00,0.0,0.000,0.002,8.672,39.827,0.00
1786290787,bench_mixed,0.00,0.00,0.0,0.000,0.002,8.672,39.826,0.00
1786290792,bench_mixed,0.00,0.00,0.0,0.000,0.002,8.672,39.826,0.00
1786290797,bench_mixed,0.00,0.00,0.0,0.000,0.002,8.672,39.828,0.00
1786290802,bench_mixed,0.00,0.00,0.0,0.000,0.002,8.766,39.736,0.00
1786290807,bench_mixed,0.00,0.00,0.0,0.000,0.002,8.860,39.644,0.00
1786290812,bench_mixed,0.00,0.00,0.0,0.000,0.002,9.005,39.639,0.00
1786290817,bench_mixed,0.00,0.00,0.0,0.000,0.002,9.009,39.638,0.00
1786290822,bench_mixed,0.00,0.00,0.0,0.000,0.002,9.016,39.635,0.00
1786290827,bench_mixed,0.00,0.00,0.0,0.000,0.002,9.018,39.632,0.00
1786290832,bench_mixed,0.00,0.00,0.0,0.000,0.002,9.022,39.630,0.00
1786290837,bench_mixed,0.00,0.00,0.0,0.000,0.002,9.026,39.632,0.00
1786290842,bench_mixed,0.00,0.00,0.0,0.000,0.002,9.026,39.631,0.00
1786290847,bench_mixed,0.00,0.00,0.0,0.000,0.002,9.028,39.630,0.00
1786290852,bench_mixed,0.00,0.00,0.0,0.000,0.002,9.028,39.628,0.00
1786290858,bench_mixed,0.00,0.00,0.0,0.000,0.002,9.029,39.629,0.00
1786290863,bench_mixed,0.00,0.00,0.0,0.000,0.002,9.029,39.630,0.00
1786290868,bench_mixed,0.00,0.00,0.0,0.000,0.002,9.029,39.630,0.00
1786290873,bench_mixed,0.00,0.00,0.0,0.000,0.002,9.029,39.626,0.00
1786290878,bench_mixed,0.00,0.00,0.0,0.000,0.002,9.029,39.627,0.00
1786290883,bench_mixed,0.00,0.00,0.0,0.000,0.002,9.029,39.627,0.00
1786290888,bench_mixed,0.00,0.00,0.0,0.000,0.002,9.029,39.627,0.00
1786290893,bench_mixed,0.00,0.00,0.0,0.000,0.002,9.029,39.627,0.00
1786290898,bench_mixed,0.00,0.00,0.0,0.000,0.002,9.029,39.626,0.00
1786290903,bench_mixed,0.00,0.00,0.0,0.000,0.002,9.029,39.625,0.00
1786290908,bench_mixed,0.00,0.00,0.0,0.000,0.002,9.029,39.611,0.06
1786290913,bench_mixed,0.00,0.00,0.0,0.000,0.002,9.029,39.615,0.00
1786290918,bench_mixed,0.00,0.00,0.0,0.000,0.002,9.029,39.614,0.00
1786290923,bench_mixed,0.00,0.00,0.0,0.000,0.002,9.029,39.616,0.00
1786290928,bench_mixed,0.00,0.00,0.0,0.000,0.002,9.029,39.616,0.00
1786290933,bench_mixed,0.00,0.00,0.0,0.000,0.002,9.029,39.616,0.00
1786290938,bench_mixed,0.00,0.00,0.0,0.000,0.002,9.029,39.616,0.00
1786290943,bench_mixed,0.00,0.00,0.0,0.000,0.002,9.084,39.562,0.00
1786290949,bench_mixed,0.00,0.00,0.0,0.000,0.002,9.140,39.507,0.00
1786290954,bench_mixed,0.00,0.00,0.0,0.000,0.002,9.431,39.337,0.00
1786290959,bench_mixed,0.00,0.00,0.0,0.000,0.002,9.451,39.334,0.00
1786290964,bench_mixed,0.00,0.00,0.0,0.000,0.002,9.462,39.334,0.00
1786290969,bench_mixed,0.00,0.00,0.0,0.000,0.002,9.468,39.331,0.00
1786290974,bench_mixed,0.00,0.00,0.0,0.000,0.002,9.471,39.327,0.00
1786290979,bench_mixed,0.00,0.00,0.0,0.000,0.002,9.472,39.326,0.00
1786290984,bench_mixed,0.00,0.00,0.0,0.000,0.002,9.473,39.327,0.00
1786290989,bench_mixed,0.00,0.00,0.0,0.000,0.002,9.475,39.326,0.00
1786290994,bench_mixed,0.00,0.00,0.0,0.000,0.002,9.476,39.324,0.00
1786290999,bench_mixed,0.00,0.00,0.0,0.000,0.002,9.477,39.323,0.00
1786291004,bench_mixed,0.00,0.00,0.0,0.000,0.002,9.477,39.322,0.00
1786291009,bench_mixed,0.00,0.00,0.0,0.000,0.002,9.477,39.322,0.00
1786291014,bench_mixed,0.00,0.00,0.0,0.000,0.002,9.477,39.321,0.00
1786291019,bench_mixed,0.00,0.00,0.0,0.000,0.002,9.477,39.322,0.00
1786291024,bench_mixed,0.00,0.00,0.0,0.000,0.002,9.477,39.326,0.00
1786291029,bench_mixed,0.00,0.00,0.0,0.000,0.002,9.477,39.325,0.00
1786291034,bench_mixed,0.00,0.00,0.0,0.000,0.002,9.477,39.324,0.00
1786291039,bench_mixed,0.00,0.00,0.0,0.000,0.002,9.477,39.324,0.00
1786291045,bench_mixed,0.00,0.00,0.0,0.000,0.002,9.477,39.325,0.00
1786291050,bench_mixed,0.00,0.00,0.0,0.000,0.002,9.477,39.325,0.00
1786291055,bench_mixed,0.00,0.00,0.0,0.000,0.002,9.477,39.328,0.00
1786291060,bench_mixed,0.00,0.00,0.0,0.000,0.002,9.477,39.327,0.00
1786291065,bench_mixed,0.00,0.00,0.0,0.000,0.002,9.477,39.325,0.00
1786291070,bench_mixed,0.00,0.00,0.0,0.000,0.002,9.477,39.326,0.00
1786291075,bench_mixed,0.00,0.00,0.0,0.000,0.002,9.477,39.322,0.00
1786291080,bench_mixed,0.00,0.00,0.0,0.000,0.002,9.477,39.322,0.00
1786291085,bench_mixed,0.00,0.00,0.0,0.000,0.002,9.477,39.325,0.00
1786291090,bench_mixed,0.00,0.00,0.0,0.000,0.002,9.525,39.278,0.00
1786291095,bench_mixed,0.00,0.00,0.0,0.000,0.002,9.640,39.162,0.00
1786291100,bench_mixed,0.00,0.00,0.0,0.000,0.002,9.952,38.981,0.00
1786291105,bench_mixed,0.00,0.00,0.0,0.000,0.002,9.970,38.979,0.00
1786291110,bench_mixed,0.00,0.00,0.0,0.000,0.002,9.973,38.978,0.00
1786291115,bench_mixed,0.00,0.00,0.0,0.000,0.002,9.978,38.976,0.00
1786291120,bench_mixed,0.00,0.00,0.0,0.000,0.002,9.980,38.975,0.00
1786291125,bench_mixed,0.00,0.00,0.0,0.000,0.002,9.982,38.972,0.00
1786291130,bench_mixed,0.00,0.00,0.0,0.000,0.002,9.983,38.971,0.00
1786291136,bench_mixed,0.00,0.00,0.0,0.000,0.002,9.984,38.968,0.00
1786291141,bench_mixed,0.00,0.00,0.0,0.000,0.002,9.985,38.967,0.00
1786291146,bench_mixed,0.00,0.00,0.0,0.000,0.002,9.986,38.969,0.00
1786291151,bench_mixed,0.00,0.00,0.0,0.000,0.002,9.986,38.969,0.00
1786291156,bench_mixed,0.00,0.00,0.0,0.000,0.002,9.986,38.966,0.00
1786291161,bench_mixed,0.00,0.00,0.0,0.000,0.002,9.986,38.965,0.00
1786291166,bench_mixed,0.00,0.00,0.0,0.000,0.002,9.986,38.965,0.00
1786291171,bench_mixed,0.00,0.00,0.0,0.000,0.002,9.987,38.965,0.00
1786291176,bench_mixed,0.00,0.00,0.0,0.000,0.002,9.987,38.962,0.00
1786291181,bench_mixed,0.00,0.00,0.0,0.000,0.002,9.987,38.962,0.00
1786291186,bench_mixed,0.00,0.00,0.0,0.000,0.002,9.987,38.961,0.00
1786291191,bench_mixed,0.00,0.00,0.0,0.000,0.002,9.987,38.962,0.00
1786291196,bench_mixed,0.00,0.00,0.0,0.000,0.002,9.987,38.960,0.00
1786291201,bench_mixed,0.00,0.00,0.0,0.000,0.002,9.987,38.962,0.00
1786291206,bench_mixed,0.00,0.00,0.0,0.000,0.002,9.987,38.950,0.05
1786291211,bench_mixed,0.00,0.00,0.0,0.000,0.002,9.987,38.951,0.00
1786291216,bench_mixed,0.00,0.00,0.0,0.000,0.002,9.987,38.952,0.00
1786291221,bench_mixed,0.00,0.00,0.0,0.000,0.002,9.987,38.953,0.00
1786291226,bench_mixed,0.00,0.00,0.0,0.000,0.002,9.987,38.943,0.00
1786291232,bench_mixed,0.00,0.00,0.0,0.000,0.002,10.013,38.932,0.00
1786291237,bench_mixed,0.00,0.00,0.0,0.000,0.002,10.119,38.826,0.00
1786291242,bench_mixed,0.00,0.00,0.0,0.000,0.002,10.186,38.835,0.00
1786291247,bench_mixed,0.00,0.00,0.0,0.000,0.002,10.258,38.831,0.00
1786291252,bench_mixed,0.00,0.00,0.0,0.000,0.002,10.267,38.833,0.00
1786291257,bench_mixed,0.00,0.00,0.0,0.000,0.002,10.270,38.831,0.00
1786291262,bench_mixed,0.00,0.00,0.0,0.000,0.002,10.274,38.827,0.00
1786291267,bench_mixed,0.00,0.00,0.0,0.000,0.002,10.276,38.826,0.00
1786291272,bench_mixed,0.00,0.00,0.0,0.000,0.002,10.278,38.824,0.00
1786291277,bench_mixed,0.00,0.00,0.0,0.000,0.002,10.280,38.823,0.00
1786291282,bench_mixed,0.00,0.00,0.0,0.000,0.002,10.281,38.822,0.00
1786291287,bench_mixed,0.00,0.00,0.0,0.000,0.002,10.282,38.821,0.00
1786291292,bench_mixed,0.00,0.00,0.0,0.000,0.002,10.282,38.820,0.00
1786291297,bench_mixed,0.00,0.00,0.0,0.000,0.002,10.283,38.820,0.00
1786291302,bench_mixed,0.00,0.00,0.0,0.000,0.002,10.283,38.818,0.00
1786291307,bench_mixed,0.00,0.00,0.0,0.000,0.002,10.283,38.818,0.00
1786291312,bench_mixed,0.00,0.00,0.0,0.000,0.002,10.283,38.822,0.00
1786291317,bench_mixed,0.00,0.00,0.0,0.000,0.002,10.283,38.822,0.00
1786291322,bench_mixed,0.00,0.00,0.0,0.000,0.002,10.283,38.821,0.00
1786291328,bench_mixed,0.00,0.00,0.0,0.000,0.002,10.283,38.820,0.00
1786291333,bench_mixed,0.00,0.00,0.0,0.000,0.002,10.283,38.822,0.00
1786291338,bench_mixed,0.00,0.00,0.0,0.000,0.002,10.283,38.821,0.00
1786291343,bench_mixed,0.00,0.00,0.0,0.000,0.002,10.283,38.819,0.00
1786291348,bench_mixed,0.00,0.00,0.0,0.000,0.002,10.283,38.818,0.00
1786291353,bench_mixed,0.00,0.00,0.0,0.000,0.002,10.283,38.820,0.00
1786291358,bench_mixed,0.00,0.00,0.0,0.000,0.002,10.283,38.820,0.00
1786291363,bench_mixed,0.00,0.00,0.0,0.000,0.002,10.283,38.820,0.00
1786291368,bench_mixed,0.00,0.00,0.0,0.000,0.002,10.283,38.819,0.00
1786291373,bench_mixed,0.00,0.00,0.0,0.000,0.002,10.283,38.817,0.00
1786291378,bench_mixed,0.00,0.00,0.0,0.000,0.002,10.335,38.766,0.00
1786291383,bench_mixed,0.00,0.00,0.0,0.000,0.002,10.393,38.710,0.00
1786291388,bench_mixed,0.00,0.00,0.0,0.000,0.002,10.681,38.545,0.00
1786291393,bench_mixed,0.00,0.00,0.0,0.000,0.002,10.709,38.538,0.00
1786291398,bench_mixed,0.00,0.00,0.0,0.000,0.002,10.712,38.536,0.00
1786291403,bench_mixed,0.00,0.00,0.0,0.000,0.002,10.717,38.535,0.00
1786291408,bench_mixed,0.00,0.00,0.0,0.000,0.002,10.719,38.533,0.00
1786291413,bench_mixed,0.00,0.00,0.0,0.000,0.002,10.721,38.529,0.00
1786291419,bench_mixed,0.00,0.00,0.0,0.000,0.002,10.723,38.527,0.00
1786291424,bench_mixed,0.00,0.00,0.0,0.000,0.002,10.724,38.527,0.00
1786291429,bench_mixed,0.00,0.00,0.0,0.000,0.002,10.724,38.528,0.00
1786291434,bench_mixed,0.00,0.00,0.0,0.000,0.002,10.726,38.529,0.00
1786291439,bench_mixed,0.00,0.00,0.0,0.000,0.002,10.726,38.530,0.00
1786291444,bench_mixed,0.00,0.00,0.0,0.000,0.002,10.727,38.530,0.00
1786291449,bench_mixed,0.00,0.00,0.0,0.000,0.002,10.727,38.530,0.00
1786291454,bench_mixed,0.00,0.00,0.0,0.000,0.002,10.727,38.529,0.00
1786291459,bench_mixed,0.00,0.00,0.0,0.000,0.002,10.727,38.529,0.00
1786291464,bench_mixed,0.00,0.00,0.0,0.000,0.002,10.727,38.526,0.00
1786291469,bench_mixed,0.00,0.00,0.0,0.000,0.002,10.727,38.527,0.00
1786291474,bench_mixed,0.00,0.00,0.0,0.000,0.002,10.727,38.527,0.00
1786291479,bench_mixed,0.00,0.00,0.0,0.000,0.002,10.727,38.526,0.00
1786291484,bench_mixed,0.00,0.00,0.0,0.000,0.002,10.727,38.529,0.00
1786291489,bench_mixed,0.00,0.00,0.0,0.000,0.002,10.727,38.528,0.00
1786291494,bench_mixed,0.00,0.00,0.0,0.000,0.002,10.727,38.526,0.00
1786291499,bench_mixed,0.00,0.00,0.0,0.000,0.002,10.727,38.525,0.00
1786291504,bench_mixed,0.00,0.00,0.0,0.000,0.002,10.727,38.514,0.03
1786291510,bench_mixed,0.00,0.00,0.0,0.000,0.002,10.727,38.512,0.02
1786291515,bench_mixed,0.00,0.00,0.0,0.000,0.002,10.727,38.514,0.00
1786291520,bench_mixed,0.00,0.00,0.0,0.000,0.002,10.758,38.485,0.00
1786291525,bench_mixed,0.00,0.00,0.0,0.000,0.002,10.809,38.433,0.00
1786291530,bench_mixed,0.00,0.00,0.0,0.000,0.002,11.020,38.325,0.00
1786291535,bench_mixed,0.00,0.00,0.0,0.000,0.002,11.059,38.323,0.00
1786291540,bench_mixed,0.00,0.00,0.0,0.000,0.002,11.064,38.323,0.00
1786291545,bench_mixed,0.00,0.00,0.0,0.000,0.002,11.070,38.321,0.00
1786291550,bench_mixed,0.00,0.00,0.0,0.000,0.002,11.071,38.320,0.00
1786291555,bench_mixed,0.00,0.00,0.0,0.000,0.002,11.073,38.316,0.00
1786291560,bench_mixed,0.00,0.00,0.0,0.000,0.002,11.074,38.315,0.00
1786291565,bench_mixed,0.00,0.00,0.0,0.000,0.002,11.077,38.313,0.00
1786291570,bench_mixed,0.00,0.00,0.0,0.000,0.002,11.081,38.312,0.00
1786291575,bench_mixed,0.00,0.00,0.0,0.000,0.002,11.082,38.312,0.00
1786291580,bench_mixed,0.00,0.00,0.0,0.000,0.002,11.082,38.313,0.00
1786291585,bench_mixed,0.00,0.00,0.0,0.000,0.002,11.083,38.310,0.00
1786291590,bench_mixed,0.00,0.00,0.0,0.000,0.002,11.083,38.310,0.00
1786291595,bench_mixed,0.00,0.00,0.0,0.000,0.002,11.083,38.304,0.00
1786291600,bench_mixed,0.00,0.00,0.0,0.000,0.002,11.083,38.307,0.00
1786291606,bench_mixed,0.00,0.00,0.0,0.000,0.002,11.083,38.307,0.00
1786291611,bench_mixed,0.00,0.00,0.0,0.000,0.002,11.083,38.311,0.00
1786291616,bench_mixed,0.00,0.00,0.0,0.000,0.002,11.083,38.312,0.00
1786291621,bench_mixed,0.00,0.00,0.0,0.000,0.002,11.083,38.312,0.00
1786291626,bench_mixed,0.00,0.00,0.0,0.000,0.002,11.083,38.312,0.00
1786291631,bench_mixed,0.00,0.00,0.0,0.000,0.002,11.084,38.314,0.00
1786291636,bench_mixed,0.00,0.00,0.0,0.000,0.002,11.084,38.314,0.00
1786291641,bench_mixed,0.00,0.00,0.0,0.000,0.002,11.084,38.315,0.00
1786291646,bench_mixed,0.00,0.00,0.0,0.000,0.002,11.084,38.314,0.00
1786291651,bench_mixed,0.00,0.00,0.0,0.000,0.002,11.084,38.315,0.00
1786291656,bench_mixed,0.00,0.00,0.0,0.000,0.002,11.084,38.314,0.00
1786291661,bench_mixed,0.00,0.00,0.0,0.000,0.002,11.115,38.279,0.00
1786291666,bench_mixed,0.00,0.00,0.0,0.000,0.002,11.176,38.218,0.00
1786291671,bench_mixed,0.00,0.00,0.0,0.000,0.002,11.464,38.030,0.00
1786291676,bench_mixed,0.00,0.00,0.0,0.000,0.002,11.507,38.027,0.00
1786291681,bench_mixed,0.00,0.00,0.0,0.000,0.002,11.514,38.025,0.00
1786291686,bench_mixed,0.00,0.00,0.0,0.000,0.002,11.520,38.023,0.00
1786291691,bench_mixed,0.00,0.00,0.0,0.000,0.002,11.522,38.021,0.00
1786291697,bench_mixed,0.00,0.00,0.0,0.000,0.002,11.524,38.019,0.00
1786291702,bench_mixed,0.00,0.00,0.0,0.000,0.002,11.525,38.023,0.00
1786291707,bench_mixed,0.00,0.00,0.0,0.000,0.002,11.526,38.021,0.00
1786291712,bench_mixed,0.00,0.00,0.0,0.000,0.002,11.527,38.020,0.00
1786291717,bench_mixed,0.00,0.00,0.0,0.000,0.002,11.528,38.020,0.00
1786291722,bench_mixed,0.00,0.00,0.0,0.000,0.002,11.529,38.018,0.00
1786291727,bench_mixed,0.00,0.00,0.0,0.000,0.002,11.529,38.019,0.00
1786291732,bench_mixed,0.00,0.00,0.0,0.000,0.002,11.529,38.021,0.00
1786291737,bench_mixed,0.00,0.00,0.0,0.000,0.002,11.529,38.019,0.00
1786291742,bench_mixed,0.00,0.00,0.0,0.000,0.002,11.529,38.017,0.00
1786291747,bench_mixed,0.00,0.00,0.0,0.000,0.002,11.529,38.018,0.00
1786291752,bench_mixed,0.00,0.00,0.0,0.000,0.002,11.529,38.020,0.00
1786291757,bench_mixed,0.00,0.00,0.0,0.000,0.002,11.529,38.020,0.00
1786291762,bench_mixed,0.00,0.00,0.0,0.000,0.002,11.529,38.020,0.00
1786291767,bench_mixed,0.00,0.00,0.0,0.000,0.002,11.529,38.020,0.00
1786291772,bench_mixed,0.00,0.00,0.0,0.000,0.002,11.529,38.020,0.00
1786291777,bench_mixed,0.00,0.00,0.0,0.000,0.002,11.529,38.019,0.00
1786291782,bench_mixed,0.00,0.00,0.0,0.000,0.002,11.529,38.017,0.00
1786291788,bench_mixed,0.00,0.00,0.0,0.000,0.002,11.529,38.017,0.00
1786291793,bench_mixed,0.00,0.00,0.0,0.000,0.002,11.529,38.019,0.00
1786291798,bench_mixed,0.00,0.00,0.0,0.000,0.002,11.529,38.018,0.00
1786291803,bench_mixed,0.00,0.00,0.0,0.000,0.002,11.529,38.017,0.00
1786291808,bench_mixed,0.00,0.00,0.0,0.000,0.002,11.575,37.957,0.06
1786291813,bench_mixed,0.00,0.00,0.0,0.000,0.002,11.623,37.910,0.00
1786291818,bench_mixed,0.00,0.00,0.0,0.000,0.002,11.985,37.664,0.00
1786291823,bench_mixed,0.00,0.00,0.0,0.000,0.002,12.016,37.661,0.00
1786291828,bench_mixed,0.00,0.00,0.0,0.000,0.002,12.018,37.659,0.00
1786291833,bench_mixed,0.00,0.00,0.0,0.000,0.002,12.026,37.657,0.00
1786291838,bench_mixed,0.00,0.00,0.0,0.000,0.002,12.028,37.657,0.00
1786291843,bench_mixed,0.00,0.00,0.0,0.000,0.002,12.030,37.657,0.00
1786291848,bench_mixed,0.00,0.00,0.0,0.000,0.002,12.031,37.656,0.00
1786291853,bench_mixed,0.00,0.00,0.0,0.000,0.002,12.033,37.654,0.00
1786291858,bench_mixed,0.00,0.00,0.0,0.000,0.002,12.033,37.654,0.00
1786291863,bench_mixed,0.00,0.00,0.0,0.000,0.002,12.034,37.651,0.00
1786291868,bench_mixed,0.00,0.00,0.0,0.000,0.002,12.035,37.650,0.00
1786291873,bench_mixed,0.00,0.00,0.0,0.000,0.002,12.035,37.653,0.00
1786291878,bench_mixed,0.00,0.00,0.0,0.000,0.002,12.036,37.654,0.00
1786291884,bench_mixed,0.00,0.00,0.0,0.000,0.002,12.036,37.652,0.00
1786291889,bench_mixed,0.00,0.00,0.0,0.000,0.002,12.036,37.652,0.00
1786291894,bench_mixed,0.00,0.00,0.0,0.000,0.002,12.036,37.654,0.00
1786291899,bench_mixed,0.00,0.00,0.0,0.000,0.002,12.036,37.654,0.00
1786291904,bench_mixed,0.00,0.00,0.0,0.000,0.002,12.036,37.655,0.00
1786291909,bench_mixed,0.00,0.00,0.0,0.000,0.002,12.036,37.655,0.00
1786291914,bench_mixed,0.00,0.00,0.0,0.000,0.002,12.036,37.656,0.00
1786291919,bench_mixed,0.00,0.00,0.0,0.000,0.002,12.036,37.656,0.00
1786291924,bench_mixed,0.00,0.00,0.0,0.000,0.002,12.036,37.654,0.00
1786291929,bench_mixed,0.00,0.00,0.0,0.000,0.002,12.036,37.654,0.00
1786291934,bench_mixed,0.00,0.00,0.0,0.000,0.002,12.036,37.656,0.00
1786291939,bench_mixed,0.00,0.00,0.0,0.000,0.002,12.036,37.656,0.00
1786291944,bench_mixed,0.00,0.00,0.0,0.000,0.002,12.036,37.656,0.00
1786291949,bench_mixed,0.00,0.00,0.0,0.000,0.002,12.036,37.655,0.00
1786291954,bench_mixed,0.00,0.00,0.0,0.000,0.002,12.083,37.607,0.00
1786291959,bench_mixed,0.00,0.00,0.0,0.000,0.002,12.173,37.518,0.00
1786291964,bench_mixed,0.00,0.00,0.0,0.000,0.002,12.437,37.373,0.00
1786291969,bench_mixed,0.00,0.00,0.0,0.000,0.002,12.453,37.379,0.00
1786291975,bench_mixed,0.00,0.00,0.0,0.000,0.002,12.466,37.375,0.00
1786291980,bench_mixed,0.00,0.00,0.0,0.000,0.002,12.471,37.372,0.00
1786291985,bench_mixed,0.00,0.00,0.0,0.000,0.002,12.473,37.370,0.00
1786291990,bench_mixed,0.00,0.00,0.0,0.000,0.002,12.475,37.368,0.00
1786291995,bench_mixed,0.00,0.00,0.0,0.000,0.002,12.476,37.367,0.00
1786292000,bench_mixed,0.00,0.00,0.0,0.000,0.002,12.478,37.367,0.00
1786292005,bench_mixed,0.00,0.00,0.0,0.000,0.002,12.479,37.365,0.00
1786292010,bench_mixed,0.00,0.00,0.0,0.000,0.002,12.480,37.365,0.00
1786292015,bench_mixed,0.00,0.00,0.0,0.000,0.002,12.481,37.363,0.00
1786292020,bench_mixed,0.00,0.00,0.0,0.000,0.002,12.482,37.362,0.00
1786292025,bench_mixed,0.00,0.00,0.0,0.000,0.002,12.482,37.363,0.00
1786292030,bench_mixed,0.00,0.00,0.0,0.000,0.002,12.482,37.363,0.00
1786292035,bench_mixed,0.00,0.00,0.0,0.000,0.002,12.482,37.361,0.00
1786292040,bench_mixed,0.00,0.00,0.0,0.000,0.002,12.482,37.361,0.00
1786292045,bench_mixed,0.00,0.00,0.0,0.000,0.002,12.482,37.360,0.00
1786292050,bench_mixed,0.00,0.00,0.0,0.000,0.002,12.482,37.362,0.00
1786292055,bench_mixed,0.00,0.00,0.0,0.000,0.002,12.482,37.362,0.00
1786292060,bench_mixed,0.00,0.00,0.0,0.000,0.002,12.482,37.361,0.00
1786292066,bench_mixed,0.00,0.00,0.0,0.000,0.002,12.482,37.360,0.00
1786292071,bench_mixed,0.00,0.00,0.0,0.000,0.002,12.482,37.359,0.00
1786292076,bench_mixed,0.00,0.00,0.0,0.000,0.002,12.482,37.360,0.00
1786292081,bench_mixed,0.00,0.00,0.0,0.000,0.002,12.482,37.359,0.00
1786292086,bench_mixed,0.00,0.00,0.0,0.000,0.002,12.482,37.360,0.00
1786292091,bench_mixed,0.00,0.00,0.0,0.000,0.002,12.482,37.364,0.00
1786292096,bench_mixed,0.00,0.00,0.0,0.000,0.002,12.489,37.357,0.00
1786292101,bench_mixed,0.00,0.00,0.0,0.000,0.002,12.536,37.310,0.00
1786292106,bench_mixed,0.00,0.00,0.0,0.000,0.002,12.629,37.206,0.05
1786292111,bench_mixed,0.00,0.00,0.0,0.000,0.002,12.879,36.960,0.01
1786292116,bench_mixed,0.00,0.00,0.0,0.000,0.002,12.992,36.849,0.00
1786292121,bench_mixed,0.00,0.00,0.0,0.000,0.002,13.059,36.782,0.00
1786292126,bench_mixed,0.00,0.00,0.0,0.000,0.002,13.088,36.752,0.00
1786292131,bench_mixed,0.00,0.00,0.0,0.000,0.002,13.118,36.722,0.00
1786292136,bench_mixed,0.00,0.00,0.0,0.000,0.002,13.128,36.710,0.00
1786292141,bench_mixed,0.00,0.00,0.0,0.000,0.002,13.162,36.677,0.00
1786292146,bench_mixed,0.00,0.00,0.0,0.000,0.002,13.166,36.675,0.00
1786292151,bench_mixed,0.00,0.00,0.0,0.000,0.002,13.182,36.657,0.00
1786292156,bench_mixed,0.00,0.00,0.0,0.000,0.002,13.207,36.632,0.00
1786292162,bench_mixed,0.00,0.00,0.0,0.000,0.002,13.216,36.626,0.00
1786292167,bench_mixed,0.00,0.00,0.0,0.000,0.002,13.222,36.620,0.00
1786292172,bench_mixed,0.00,0.00,0.0,0.000,0.002,13.222,36.621,0.00
1786292177,bench_mixed,0.00,0.00,0.0,0.000,0.002,13.224,36.618,0.00
1786292182,bench_mixed,0.00,0.00,0.0,0.000,0.002,13.224,36.619,0.00
1786292187,bench_mixed,0.00,0.00,0.0,0.000,0.002,13.225,36.615,0.00
1786292192,bench_mixed,0.00,0.00,0.0,0.000,0.002,13.225,36.614,0.00
1786292197,bench_mixed,0.00,0.00,0.0,0.000,0.002,13.226,36.615,0.00
1786292202,bench_mixed,0.00,0.00,0.0,0.000,0.002,13.227,36.612,0.00
1786292207,bench_mixed,0.00,0.00,0.0,0.000,0.002,13.227,36.611,0.00
1786292212,bench_mixed,0.00,0.00,0.0,0.000,0.002,13.239,36.599,0.00
1786292217,bench_mixed,0.00,0.00,0.0,0.000,0.002,13.240,36.599,0.00
1786292222,bench_mixed,0.00,0.00,0.0,0.000,0.002,13.240,36.598,0.00
1786292227,bench_mixed,0.00,0.00,0.0,0.000,0.002,13.241,36.598,0.00
1786292232,bench_mixed,0.00,0.00,0.0,0.000,0.002,13.241,36.594,0.00
1786292237,bench_mixed,0.00,0.00,0.0,0.000,0.002,13.246,36.591,0.00
1786292242,bench_mixed,0.00,0.00,0.0,0.000,0.002,13.277,36.560,0.00
1786292247,bench_mixed,0.00,0.00,0.0,0.000,0.002,13.329,36.508,0.00
1786292252,bench_mixed,0.00,0.00,0.0,0.000,0.002,13.585,36.249,0.00
1786292258,bench_mixed,0.00,0.00,0.0,0.000,0.002,13.590,36.244,0.00
1786292263,bench_mixed,0.00,0.00,0.0,0.000,0.002,13.594,36.242,0.00
1786292268,bench_mixed,0.00,0.00,0.0,0.000,0.002,13.599,36.236,0.00
1786292273,bench_mixed,0.00,0.00,0.0,0.000,0.002,13.606,36.231,0.00
1786292278,bench_mixed,0.00,0.00,0.0,0.000,0.002,13.609,36.229,0.00
1786292283,bench_mixed,0.00,0.00,0.0,0.000,0.002,13.616,36.222,0.00
1786292288,bench_mixed,0.00,0.00,0.0,0.000,0.002,13.620,36.218,0.00
1786292293,bench_mixed,0.00,0.00,0.0,0.000,0.002,13.620,36.219,0.00
1786292298,bench_mixed,0.00,0.00,0.0,0.000,0.002,13.633,36.207,0.00
1786292303,bench_mixed,0.00,0.00,0.0,0.000,0.002,13.633,36.207,0.00
1786292308,bench_mixed,0.00,0.00,0.0,0.000,0.002,13.633,36.207,0.00
1786292313,bench_mixed,0.00,0.00,0.0,0.000,0.002,13.635,36.205,0.00
1786292318,bench_mixed,0.00,0.00,0.0,0.000,0.002,13.637,36.202,0.00
1786292323,bench_mixed,0.00,0.00,0.0,0.000,0.002,13.640,36.199,0.00
1786292328,bench_mixed,0.00,0.00,0.0,0.000,0.002,13.645,36.194,0.00
1786292333,bench_mixed,0.00,0.00,0.0,0.000,0.002,13.645,36.194,0.00
1786292338,bench_mixed,0.00,0.00,0.0,0.000,0.002,13.645,36.194,0.00
1786292343,bench_mixed,0.00,0.00,0.0,0.000,0.002,13.645,36.195,0.00
1786292349,bench_mixed,0.00,0.00,0.0,0.000,0.002,13.646,36.192,0.00
1786292354,bench_mixed,0.00,0.00,0.0,0.000,0.002,13.647,36.191,0.00
1786292359,bench_mixed,0.00,0.00,0.0,0.000,0.002,13.647,36.189,0.00
1786292364,bench_mixed,0.00,0.00,0.0,0.000,0.002,13.647,36.190,0.00
1786292369,bench_mixed,0.00,0.00,0.0,0.000,0.002,13.648,36.191,0.00
1786292374,bench_mixed,0.00,0.00,0.0,0.000,0.002,13.648,36.191,0.00
1786292379,bench_mixed,0.00,0.00,0.0,0.000,0.002,13.648,36.189,0.00
1786292384,bench_mixed,0.00,0.00,0.0,0.000,0.002,13.648,36.189,0.00
1786292389,bench_mixed,0.00,0.00,0.0,0.000,0.002,13.675,36.161,0.00
1786292394,bench_mixed,0.00,0.00,0.0,0.000,0.002,13.724,36.112,0.00
1786292399,bench_mixed,0.00,0.00,0.0,0.000,0.002,14.299,35.535,0.00
1786292404,bench_mixed,0.00,0.00,0.0,0.000,0.002,14.299,35.533,0.00
1786292409,bench_mixed,0.00,0.00,0.0,0.000,0.002,14.299,35.520,0.05
1786292414,bench_mixed,0.00,0.00,0.0,0.000,0.002,14.299,35.521,0.00
1786292419,bench_mixed,0.00,0.00,0.0,0.000,0.002,14.299,35.522,0.00
1786292424,bench_mixed,0.00,0.00,0.0,0.000,0.002,14.299,35.522,0.00
1786292429,bench_mixed,0.00,0.00,0.0,0.000,0.002,14.299,35.524,0.00
1786292434,bench_mixed,0.00,0.00,0.0,0.000,0.002,14.299,35.526,0.00
1786292439,bench_mixed,0.00,0.00,0.0,0.000,0.002,14.299,35.525,0.00
1786292445,bench_mixed,0.00,0.00,0.0,0.000,0.002,14.299,35.524,0.00
1786292450,bench_mixed,0.00,0.00,0.0,0.000,0.002,14.299,35.526,0.00
1786292455,bench_mixed,0.00,0.00,0.0,0.000,0.002,14.299,35.525,0.00
1786292460,bench_mixed,0.00,0.00,0.0,0.000,0.002,14.299,35.526,0.00
1786292465,bench_mixed,0.00,0.00,0.0,0.000,0.002,14.299,35.526,0.00
1786292470,bench_mixed,0.00,0.00,0.0,0.000,0.002,14.299,35.528,0.00
1786292475,bench_mixed,0.00,0.00,0.0,0.000,0.002,14.299,35.528,0.00
1786292480,bench_mixed,0.00,0.00,0.0,0.000,0.002,14.299,35.527,0.00
1786292485,bench_mixed,0.00,0.00,0.0,0.000,0.002,14.299,35.527,0.00
1786292490,bench_mixed,0.00,0.00,0.0,0.000,0.002,14.299,35.526,0.00
1786292495,bench_mixed,0.00,0.00,0.0,0.000,0.002,14.299,35.526,0.00
1786292500,bench_mixed,0.00,0.00,0.0,0.000,0.002,14.299,35.529,0.00
1786292505,bench_mixed,0.00,0.00,0.0,0.000,0.002,14.299,35.529,0.00
1786292510,bench_mixed,0.00,0.00,0.0,0.000,0.002,14.299,35.527,0.00
1786292515,bench_mixed,0.00,0.00,0.0,0.000,0.002,14.299,35.527,0.00
1786292520,bench_mixed,0.00,0.00,0.0,0.000,0.002,14.299,35.527,0.00
1786292525,bench_mixed,0.00,0.00,0.0,0.000,0.002,14.299,35.527,0.00
1786292530,bench_mixed,0.00,0.00,0.0,0.000,0.002,14.299,35.526,0.00
1786292535,bench_mixed,0.00,0.00,0.0,0.000,0.002,14.299,35.526,0.00
1786292541,bench_mixed,0.00,0.00,0.0,0.000,0.002,14.299,35.526,0.00
1786292546,bench_mixed,0.00,0.00,0.0,0.000,0.002,14.299,35.526,0.00
1786292551,bench_mixed,0.00,0.00,0.0,0.000,0.002,14.299,35.528,0.00
1786292556,bench_mixed,0.00,0.00,0.0,0.000,0.002,14.299,35.529,0.00
1786292561,bench_mixed,0.00,0.00,0.0,0.000,0.002,14.299,35.529,0.00
1786292566,bench_mixed,0.00,0.00,0.0,0.000,0.002,14.299,35.528,0.00
1786292571,bench_mixed,0.00,0.00,0.0,0.000,0.002,14.299,35.532,0.00
1786292576,bench_mixed,0.00,0.00,0.0,0.000,0.002,14.299,35.532,0.00
1786292581,bench_mixed,0.00,0.00,0.0,0.000,0.002,14.299,35.533,0.00
1786292586,bench_mixed,0.00,0.00,0.0,0.000,0.002,14.299,35.534,0.00
1786292591,bench_mixed,0.00,0.00,0.0,0.000,0.002,14.299,35.532,0.00
1786292596,bench_mixed,0.00,0.00,0.0,0.000,0.002,14.299,35.532,0.00
1786292601,bench_mixed,0.00,0.00,0.0,0.000,0.002,14.299,35.530,0.00
1786292606,bench_mixed,0.00,0.00,0.0,0.000,0.002,14.299,35.531,0.00
1786292611,bench_mixed,0.00,0.00,0.0,0.000,0.002,14.299,35.528,0.00
1786292616,bench_mixed,0.00,0.00,0.0,0.000,0.002,14.299,35.528,0.00
1786292621,bench_mixed,0.00,0.00,0.0,0.000,0.002,14.299,35.528,0.00
1786292626,bench_mixed,0.00,0.00,0.0,0.000,0.002,14.299,35.529,0.00
1786292631,bench_mixed,0.00,0.00,0.0,0.000,0.002,14.299,35.526,0.00
1786292637,bench_mixed,0.00,0.00,0.0,0.000,0.002,14.299,35.527,0.00
1786292642,bench_mixed,0.00,0.00,0.0,0.000,0.002,14.299,35.526,0.00
1786292647,bench_mixed,0.00,0.00,0.0,0.000,0.002,14.299,35.527,0.00
1786292652,bench_mixed,0.00,0.00,0.0,0.000,0.002,14.299,35.531,0.00
1786292657,bench_mixed,0.00,0.00,0.0,0.000,0.002,14.299,35.532,0.00
1786292662,bench_mixed,0.00,0.00,0.0,0.000,0.002,14.299,35.530,0.00
1786292667,bench_mixed,0.00,0.00,0.0,0.000,0.002,14.299,35.531,0.00
1786292672,bench_mixed,0.00,0.00,0.0,0.000,0.002,14.299,35.530,0.00
1786292677,bench_mixed,0.00,0.00,0.0,0.000,0.002,14.299,35.530,0.00
1786292682,bench_mixed,0.00,0.00,0.0,0.000,0.002,14.299,35.530,0.00
1786292687,bench_mixed,0.00,0.00,0.0,0.000,0.002,14.299,35.529,0.00
1786292692,bench_mixed,0.00,0.00,0.0,0.000,0.002,14.299,35.529,0.00
1786292697,bench_mixed,0.00,0.00,0.0,0.000,0.002,14.299,35.529,0.00
1786292702,bench_mixed,0.00,0.00,0.0,0.000,0.002,14.299,35.529,0.00
1786292707,bench_mixed,0.00,0.00,0.0,0.000,0.002,14.299,35.515,0.06
1786292712,bench_mixed,0.00,0.00,0.0,0.000,0.002,14.299,35.515,0.00
1786292717,bench_mixed,0.00,0.00,0.0,0.000,0.002,14.299,35.515,0.00
1786292722,bench_mixed,0.00,0.00,0.0,0.000,0.002,14.299,35.516,0.00
1786292727,bench_mixed,0.00,0.00,0.0,0.000,0.002,14.299,35.517,0.00
1786292733,bench_mixed,0.00,0.00,0.0,0.000,0.002,14.299,35.517,0.00
1786292738,bench_mixed,0.00,0.00,0.0,0.000,0.002,14.299,35.519,0.00
1786292743,bench_mixed,0.00,0.00,0.0,0.000,0.002,14.299,35.518,0.00
1786292748,bench_mixed,0.00,0.00,0.0,0.000,0.002,14.299,35.522,0.00
1786292753,bench_mixed,0.00,0.00,0.0,0.000,0.002,14.299,35.523,0.00
1786292758,bench_mixed,0.00,0.00,0.0,0.000,0.002,14.299,35.524,0.00
1786292763,bench_mixed,0.00,0.00,0.0,0.000,0.002,14.299,35.524,0.00
1786292768,bench_mixed,0.00,0.00,0.0,0.000,0.002,14.299,35.525,0.00
1786292773,bench_mixed,0.00,0.00,0.0,0.000,0.002,14.299,35.525,0.00
1786292778,bench_mixed,0.00,0.00,0.0,0.000,0.002,14.299,35.525,0.00
1786292783,bench_mixed,0.00,0.00,0.0,0.000,0.002,14.299,35.525,0.00
1786292788,bench_mixed,0.00,0.00,0.0,0.000,0.002,14.299,35.527,0.00
1786292793,bench_mixed,0.00,0.00,0.0,0.000,0.002,14.299,35.527,0.00
1786292798,bench_mixed,0.00,0.00,0.0,0.000,0.002,14.299,35.527,0.00
1786292803,bench_mixed,0.00,0.00,0.0,0.000,0.002,14.299,35.528,0.00
1786292808,bench_mixed,0.00,0.00,0.0,0.000,0.002,14.299,35.528,0.00
1786292813,bench_mixed,0.00,0.00,0.0,0.000,0.002,14.299,35.529,0.00
1786292818,bench_mixed,0.00,0.00,0.0,0.000,0.002,14.299,35.532,0.00
1786292824,bench_mixed,0.00,0.00,0.0,0.000,0.002,14.299,35.532,0.00
1786292829,bench_mixed,0.00,0.00,0.0,0.000,0.002,14.299,35.533,0.00
1786292834,bench_mixed,0.00,0.00,0.0,0.000,0.002,14.299,35.534,0.00
1786292839,bench_mixed,0.00,0.00,0.0,0.000,0.002,14.299,35.534,0.00
1786292844,bench_mixed,0.00,0.00,0.0,0.000,0.002,14.299,35.534,0.00
1786292849,bench_mixed,0.00,0.00,0.0,0.000,0.002,14.299,35.535,0.00
1786292854,bench_mixed,0.00,0.00,0.0,0.000,0.002,14.299,35.536,0.00
1786292859,bench_mixed,0.00,0.00,0.0,0.000,0.002,14.299,35.538,0.00
1786292864,bench_mixed,0.00,0.00,0.0,0.000,0.002,14.299,35.538,0.00
1786292869,bench_mixed,0.00,0.00,0.0,0.000,0.002,14.299,35.538,0.00
1786292874,bench_mixed,0.00,0.00,0.0,0.000,0.002,14.299,35.537,0.00
1786292879,bench_mixed,0.00,0.00,0.0,0.000,0.002,14.299,35.533,0.00
1786292884,bench_mixed,0.00,0.00,0.0,0.000,0.002,14.299,35.534,0.00
1786292889,bench_mixed,0.00,0.00,0.0,0.000,0.002,14.299,35.534,0.00
1786292894,bench_mixed,0.00,0.00,0.0,0.000,0.002,14.299,35.534,0.00
1786292899,bench_mixed,0.00,0.00,0.0,0.000,0.002,14.299,35.535,0.00
1786292904,bench_mixed,0.00,0.00,0.0,0.000,0.002,14.299,35.535,0.00
1786292909,bench_mixed,0.00,0.00,0.0,0.000,0.002,14.299,35.538,0.00
1786292914,bench_mixed,0.00,0.00,0.0,0.000,0.002,14.299,35.538,0.00
1786292920,bench_mixed,0.00,0.00,0.0,0.000,0.002,14.299,35.538,0.00
1786292925,bench_mixed,0.00,0.00,0.0,0.000,0.002,14.299,35.538,0.00
1786292930,bench_mixed,0.00,0.00,0.0,0.000,0.002,14.299,35.535,0.00
1786292935,bench_mixed,0.00,0.00,0.0,0.000,0.002,14.299,35.536,0.00
1786292940,bench_mixed,0.00,0.00,0.0,0.000,0.002,14.299,35.534,0.00
1786292945,bench_mixed,0.00,0.00,0.0,0.000,0.002,14.299,35.534,0.00
1786292950,bench_mixed,0.00,0.00,0.0,0.000,0.002,14.299,35.535,0.00
1786292955,bench_mixed,0.00,0.00,0.0,0.000,0.002,14.299,35.535,0.00
1786292960,bench_mixed,0.00,0.00,0.0,0.000,0.002,14.299,35.534,0.00
1786292965,bench_mixed,0.00,0.00,0.0,0.000,0.002,14.299,35.533,0.00
1786292970,bench_mixed,0.00,0.00,0.0,0.000,0.002,14.299,35.537,0.00
1786292975,bench_mixed,0.00,0.00,0.0,0.000,0.002,14.299,35.538,0.00
1786292980,bench_mixed,0.00,0.00,0.0,0.000,0.002,14.299,35.535,0.00
1786292985,bench_mixed,0.00,0.00,0.0,0.000,0.002,14.299,35.535,0.00
1786292990,bench_mixed,0.00,0.00,0.0,0.000,0.002,14.299,35.537,0.00
1786292995,bench_mixed,0.00,0.00,0.0,0.000,0.002,14.299,35.537,0.00
1786293000,bench_mixed,0.00,0.00,0.0,0.000,0.002,14.299,35.537,0.00
1786293005,bench_mixed,0.00,0.00,0.0,0.000,0.002,14.299,35.526,0.04
1786293010,bench_mixed,0.00,0.00,0.0,0.000,0.002,14.299,35.526,0.02
1786293016,bench_mixed,0.00,0.00,0.0,0.000,0.002,14.299,35.525,0.00
1786293021,bench_mixed,0.00,0.00,0.0,0.000,0.002,14.299,35.524,0.00
1786293026,bench_mixed,0.00,0.00,0.0,0.000,0.002,14.299,35.525,0.00
1786293031,bench_mixed,0.00,0.00,0.0,0.000,0.002,14.299,35.526,0.00
1786293036,bench_mixed,0.00,0.00,0.0,0.000,0.002,14.299,35.526,0.00
1786293041,bench_mixed,0.00,0.00,0.0,0.000,0.002,14.299,35.525,0.00
1786293046,bench_mixed,0.00,0.00,0.0,0.000,0.002,14.299,35.526,0.00
1786293051,bench_mixed,0.00,0.00,0.0,0.000,0.002,14.299,35.527,0.00
1786293056,bench_mixed,0.00,0.00,0.0,0.000,0.002,14.299,35.528,0.00
1786293061,bench_mixed,0.00,0.00,0.0,0.000,0.002,14.299,35.528,0.00
1786293066,bench_mixed,0.00,0.00,0.0,0.000,0.002,14.299,35.527,0.00
1786293071,bench_mixed,0.00,0.00,0.0,0.000,0.002,14.299,35.527,0.00
1786293076,bench_mixed,0.00,0.00,0.0,0.000,0.002,14.299,35.529,0.00
1786293081,bench_mixed,0.00,0.00,0.0,0.000,0.002,14.299,35.529,0.00
1786293086,bench_mixed,0.00,0.00,0.0,0.000,0.002,14.299,35.529,0.00
1786293091,bench_mixed,0.00,0.00,0.0,0.000,0.002,14.299,35.529,0.00
1786293096,bench_mixed,0.00,0.00,0.0,0.000,0.002,14.299,35.531,0.00
1786293101,bench_mixed,0.00,0.00,0.0,0.000,0.002,14.299,35.531,0.00
1786293106,bench_mixed,0.00,0.00,0.0,0.000,0.002,14.299,35.531,0.00
1786293112,bench_mixed,0.00,0.00,0.0,0.000,0.002,14.299,35.531,0.00
1786293117,bench_mixed,0.00,0.00,0.0,0.000,0.002,14.299,35.531,0.00
1786293122,bench_mixed,0.00,0.00,0.0,0.000,0.002,14.299,35.530,0.00
1786293127,bench_mixed,0.00,0.00,0.0,0.000,0.002,14.299,35.530,0.00
1786293132,bench_mixed,0.00,0.00,0.0,0.000,0.002,14.299,35.530,0.00
1786293137,bench_mixed,0.00,0.00,0.0,0.000,0.002,14.299,35.529,0.00
1786293142,bench_mixed,0.00,0.00,0.0,0.000,0.002,14.299,35.529,0.00
1786293147,bench_mixed,0.00,0.00,0.0,0.000,0.002,14.299,35.530,0.00
1786293152,bench_mixed,0.00,0.00,0.0,0.000,0.002,14.299,35.530,0.00
1786293157,bench_mixed,0.00,0.00,0.0,0.000,0.002,14.299,35.530,0.00
1786293162,bench_mixed,0.00,0.00,0.0,0.000,0.002,14.299,35.530,0.00
1786293167,bench_mixed,0.00,0.00,0.0,0.000,0.002,14.299,35.531,0.00
1786293172,bench_mixed,0.00,0.00,0.0,0.000,0.002,14.299,35.531,0.00
1786293177,bench_mixed,0.00,0.00,0.0,0.000,0.002,14.299,35.529,0.00
1786293182,bench_mixed,0.00,0.00,0.0,0.000,0.002,14.299,35.529,0.00
1786293187,bench_mixed,0.00,0.00,0.0,0.000,0.002,14.299,35.532,0.00
1786293192,bench_mixed,0.00,0.00,0.0,0.000,0.002,14.299,35.532,0.00
1786293197,bench_mixed,0.00,0.00,0.0,0.000,0.002,14.299,35.530,0.00
1786293203,bench_mixed,0.00,0.00,0.0,0.000,0.002,14.299,35.531,0.00
1786293208,bench_mixed,0.00,0.00,0.0,0.000,0.002,14.299,35.529,0.00
1786293213,bench_mixed,0.00,0.00,0.0,0.000,0.002,14.299,35.530,0.00
1786293218,bench_mixed,0.00,0.00,0.0,0.000,0.002,14.299,35.530,0.00
1786293223,bench_mixed,0.00,0.00,0.0,0.000,0.002,14.299,35.530,0.00
1786293228,bench_mixed,0.00,0.00,0.0,0.000,0.002,14.299,35.531,0.00
1786293233,bench_mixed,0.00,0.00,0.0,0.000,0.002,14.299,35.531,0.00
1786293238,bench_mixed,0.00,0.00,0.0,0.000,0.002,14.299,35.532,0.00
1786293243,bench_mixed,0.00,0.00,0.0,0.000,0.002,14.299,35.532,0.00
1786293248,bench_mixed,0.00,0.00,0.0,0.000,0.002,14.299,35.530,0.00
1786293253,bench_mixed,0.00,0.00,0.0,0.000,0.002,14.299,35.531,0.00
1786293258,bench_mixed,0.00,0.00,0.0,0.000,0.002,14.299,35.533,0.00
1786293263,bench_mixed,0.00,0.00,0.0,0.000,0.002,14.299,35.533,0.00
1786293268,bench_mixed,0.00,0.00,0.0,0.000,0.002,14.299,35.534,0.00
1786293273,bench_mixed,0.00,0.00,0.0,0.000,0.002,14.299,35.535,0.00
1786293278,bench_mixed,0.00,0.00,0.0,0.000,0.002,14.299,35.536,0.00
1786293283,bench_mixed,0.00,0.00,0.0,0.000,0.002,14.299,35.537,0.00
1786293288,bench_mixed,0.00,0.00,0.0,0.000,0.002,14.299,35.539,0.00
1786293293,bench_mixed,0.00,0.00,0.0,0.000,0.002,14.299,35.541,0.00
1786293299,bench_mixed,0.00,0.00,0.0,0.000,0.002,14.299,35.540,0.00
1786293304,bench_mixed,0.00,0.00,0.0,0.000,0.002,14.299,35.540,0.00
1786293309,bench_mixed,0.00,0.00,0.0,0.000,0.002,14.299,35.527,0.06
1786293314,bench_mixed,0.00,0.00,0.0,0.000,0.002,14.299,35.527,0.00
1786293319,bench_mixed,0.00,0.00,0.0,0.000,0.002,14.299,35.529,0.00
1786293324,bench_mixed,0.00,0.00,0.0,0.000,0.002,14.299,35.530,0.00
1786293329,bench_mixed,0.00,0.00,0.0,0.000,0.002,14.299,35.531,0.00
1786293334,bench_mixed,0.00,0.00,0.0,0.000,0.002,14.299,35.532,0.00
1786293339,bench_mixed,0.00,0.00,0.0,0.000,0.002,14.299,35.532,0.00
1786293344,bench_mixed,0.00,0.00,0.0,0.000,0.002,14.299,35.532,0.00
1786293349,bench_mixed,0.00,0.00,0.0,0.000,0.002,14.299,35.535,0.00
1786293354,bench_mixed,0.00,0.00,0.0,0.000,0.002,14.299,35.533,0.00
1786293359,bench_mixed,0.00,0.00,0.0,0.000,0.002,14.299,35.535,0.00
1786293364,bench_mixed,0.00,0.00,0.0,0.000,0.002,14.299,35.535,0.00
1786293369,bench_mixed,0.00,0.00,0.0,0.000,0.002,14.299,35.536,0.00
1786293374,bench_mixed,0.00,0.00,0.0,0.000,0.002,14.299,35.536,0.00
1786293379,bench_mixed,0.00,0.00,0.0,0.000,0.002,14.299,35.537,0.00
1786293384,bench_mixed,0.00,0.00,0.0,0.000,0.002,14.299,35.537,0.00
1786293389,bench_mixed,0.00,0.00,0.0,0.000,0.002,14.299,35.537,0.00
1786293395,bench_mixed,0.00,0.00,0.0,0.000,0.002,14.299,35.537,0.00
1786293400,bench_mixed,0.00,0.00,0.0,0.000,0.002,14.299,35.536,0.00
1786293405,bench_mixed,0.00,0.00,0.0,0.000,0.002,14.299,35.537,0.00
1786293410,bench_mixed,0.00,0.00,0.0,0.000,0.002,14.299,35.531,0.00
1786293415,bench_mixed,0.00,0.00,0.0,0.000,0.002,14.299,35.535,0.00
1786293420,bench_mixed,0.00,0.00,0.0,0.000,0.002,14.299,35.535,0.00
1786293425,bench_mixed,0.00,0.00,0.0,0.000,0.002,14.299,35.533,0.00
1786293430,bench_mixed,0.00,0.00,0.0,0.000,0.002,14.299,35.533,0.00
1786293435,bench_mixed,0.00,0.00,0.0,0.000,0.002,14.299,35.535,0.00
1786293440,bench_mixed,0.00,0.00,0.0,0.000,0.002,14.299,35.535,0.00
1786293445,bench_mixed,0.00,0.00,0.0,0.000,0.002,14.299,35.533,0.00
1786293450,bench_mixed,0.00,0.00,0.0,0.000,0.002,14.299,35.534,0.00
1786293455,bench_mixed,0.00,0.00,0.0,0.000,0.002,14.299,35.535,0.00
1786293460,bench_mixed,0.00,0.00,0.0,0.000,0.002,14.299,35.535,0.00
1786293465,bench_mixed,0.00,0.00,0.0,0.000,0.002,14.299,35.534,0.00
1786293470,bench_mixed,0.00,0.00,0.0,0.000,0.002,14.299,35.534,0.00
1786293475,bench_mixed,0.00,0.00,0.0,0.000,0.002,14.299,35.534,0.00
1786293480,bench_mixed,0.00,0.00,0.0,0.000,0.002,14.299,35.534,0.00
1786293485,bench_mixed,0.00,0.00,0.0,0.000,0.002,14.299,35.533,0.00
1786293491,bench_mixed,0.00,0.00,0.0,0.000,0.002,14.299,35.533,0.00
1786293496,bench_mixed,0.00,0.00,0.0,0.000,0.002,14.299,35.531,0.00
1786293501,bench_mixed,0.00,0.00,0.0,0.000,0.002,14.299,35.531,0.00
1786293506,bench_mixed,0.00,0.00,0.0,0.000,0.002,14.299,35.531,0.00
1786293511,bench_mixed,0.00,0.00,0.0,0.000,0.002,14.299,35.532,0.00
1786293516,bench_mixed,0.00,0.00,0.0,0.000,0.002,14.299,35.531,0.00
1786293521,bench_mixed,0.00,0.00,0.0,0.000,0.002,14.299,35.531,0.00
1786293526,bench_mixed,0.00,0.00,0.0,0.000,0.002,14.299,35.534,0.00
1786293531,bench_mixed,0.00,0.00,0.0,0.000,0.002,14.299,35.534,0.00
1786293536,bench_mixed,0.00,0.00,0.0,0.000,0.002,14.299,35.536,0.00
1786293541,bench_mixed,0.00,0.00,0.0,0.000,0.002,14.299,35.536,0.00
1786293546,bench_mixed,0.00,0.00,0.0,0.000,0.002,14.299,35.535,0.00
1786293551,bench_mixed,0.00,0.00,0.0,0.000,0.002,14.299,35.535,0.00
1786293556,bench_mixed,0.00,0.00,0.0,0.000,0.002,14.299,35.537,0.00
1786293561,bench_mixed,0.00,0.00,0.0,0.000,0.002,14.299,35.538,0.00
1786293566,bench_mixed,0.00,0.00,0.0,0.000,0.002,14.299,35.536,0.00
1786293571,bench_mixed,0.00,0.00,0.0,0.000,0.002,14.299,35.538,0.00
1786293576,bench_mixed,0.00,0.00,0.0,0.000,0.002,14.299,35.535,0.00
1786293582,bench_mixed,0.00,0.00,0.0,0.000,0.002,14.299,35.535,0.00
1786293587,bench_mixed,0.00,0.00,0.0,0.000,0.002,14.299,35.538,0.00
1786293592,bench_mixed,0.00,0.00,0.0,0.000,0.002,14.299,35.538,0.00
1786293597,bench_mixed,0.00,0.00,0.0,0.000,0.002,14.299,35.537,0.00
1786293602,bench_mixed,0.00,0.00,0.0,0.000,0.002,14.299,35.537,0.00
1786293607,bench_mixed,0.00,0.00,0.0,0.000,0.002,14.299,35.525,0.06
1786293612,bench_mixed,0.00,0.00,0.0,0.000,0.002,14.299,35.526,0.00
1786293617,bench_mixed,0.00,0.00,0.0,0.000,0.002,14.299,35.525,0.00
1786293622,bench_mixed,0.00,0.00,0.0,0.000,0.002,14.299,35.526,0.00
1786293627,bench_mixed,0.00,0.00,0.0,0.000,0.002,14.299,35.526,0.00
1786293632,bench_mixed,0.00,0.00,0.0,0.000,0.002,14.299,35.526,0.00
1786293637,bench_mixed,0.00,0.00,0.0,0.000,0.002,14.299,35.528,0.00
1786293642,bench_mixed,0.00,0.00,0.0,0.000,0.002,14.299,35.529,0.00
1786293647,bench_mixed,0.00,0.00,0.0,0.000,0.002,14.299,35.530,0.00
1786293652,bench_mixed,0.00,0.00,0.0,0.000,0.002,14.299,35.530,0.00
1786293657,bench_mixed,0.00,0.00,0.0,0.000,0.002,14.299,35.530,0.00
1786293662,bench_mixed,0.00,0.00,0.0,0.000,0.002,14.299,35.530,0.00
1786293667,bench_mixed,0.00,0.00,0.0,0.000,0.002,14.299,35.532,0.00
1786293672,bench_mixed,0.00,0.00,0.0,0.000,0.002,14.299,35.532,0.00
1786293678,bench_mixed,0.00,0.00,0.0,0.000,0.002,14.299,35.533,0.00
1786293683,bench_mixed,0.00,0.00,0.0,0.000,0.002,14.299,35.535,0.00
1786293688,bench_mixed,0.00,0.00,0.0,0.000,0.002,14.299,35.538,0.00
1786293693,bench_mixed,0.00,0.00,0.0,0.000,0.002,14.299,35.539,0.00
1786293698,bench_mixed,0.00,0.00,0.0,0.000,0.002,14.299,35.538,0.00
1786293703,bench_mixed,0.00,0.00,0.0,0.000,0.002,14.299,35.538,0.00
1786293708,bench_mixed,0.00,0.00,0.0,0.000,0.002,14.299,35.539,0.00
1786293713,bench_mixed,0.00,0.00,0.0,0.000,0.002,14.299,35.540,0.00
1786293718,bench_mixed,0.00,0.00,0.0,0.000,0.002,14.299,35.539,0.00
1786293723,bench_mixed,0.00,0.00,0.0,0.000,0.002,14.299,35.539,0.00
1786293728,bench_mixed,0.00,0.00,0.0,0.000,0.002,14.299,35.538,0.00
1786293733,bench_mixed,0.00,0.00,0.0,0.000,0.002,14.299,35.539,0.00
1786293738,bench_mixed,0.00,0.00,0.0,0.000,0.002,14.299,35.537,0.00
1786293743,bench_mixed,0.00,0.00,0.0,0.000,0.002,14.299,35.538,0.00
1786293748,bench_mixed,0.00,0.00,0.0,0.000,0.002,14.299,35.538,0.00
1786293753,bench_mixed,0.00,0.00,0.0,0.000,0.002,14.299,35.537,0.00
1786293758,bench_mixed,0.00,0.00,0.0,0.000,0.002,14.299,35.535,0.00
1786293763,bench_mixed,0.00,0.00,0.0,0.000,0.002,14.299,35.536,0.00
1786293768,bench_mixed,0.00,0.00,0.0,0.000,0.002,14.299,35.530,0.00
1786293774,bench_mixed,0.00,0.00,0.0,0.000,0.002,14.299,35.537,0.00
1786293779,bench_mixed,0.00,0.00,0.0,0.000,0.002,14.299,35.537,0.00
1786293784,bench_mixed,0.00,0.00,0.0,0.000,0.002,14.299,35.536,0.00
1786293789,bench_mixed,0.00,0.00,0.0,0.000,0.002,14.299,35.536,0.00
1786293794,bench_mixed,0.00,0.00,0.0,0.000,0.002,14.299,35.536,0.00
1786293799,bench_mixed,0.00,0.00,0.0,0.000,0.002,14.299,35.536,0.00
1786293804,bench_mixed,0.00,0.00,0.0,0.000,0.002,14.299,35.534,0.00
1786293809,bench_mixed,0.00,0.00,0.0,0.000,0.002,14.299,35.534,0.00
1786293814,bench_mixed,0.00,0.00,0.0,0.000,0.002,14.299,35.536,0.00
1786293819,bench_mixed,0.00,0.00,0.0,0.000,0.002,14.299,35.536,0.00
1786293824,bench_mixed,0.00,0.00,0.0,0.000,0.002,14.299,35.536,0.00
1786293829,bench_mixed,0.00,0.00,0.0,0.000,0.002,14.299,35.536,0.00
1786293834,bench_mixed,0.00,0.00,0.0,0.000,0.002,14.299,35.535,0.00
1786293839,bench_mixed,0.00,0.00,0.0,0.000,0.002,14.299,35.536,0.00
1786293844,bench_mixed,0.00,0.00,0.0,0.000,0.002,14.299,35.538,0.00
1786293849,bench_mixed,0.00,0.00,0.0,0.000,0.002,14.299,35.540,0.00
1786293854,bench_mixed,0.00,0.00,0.0,0.000,0.002,14.299,35.538,0.00
1786293859,bench_mixed,0.00,0.00,0.0,0.000,0.002,14.299,35.538,0.00
1786293865,bench_mixed,0.00,0.00,0.0,0.000,0.002,14.299,35.540,0.00
1786293870,bench_mixed,0.00,0.00,0.0,0.000,0.002,14.299,35.540,0.00
1786293875,bench_mixed,0.00,0.00,0.0,0.000,0.002,14.299,35.541,0.00
1786293880,bench_mixed,0.00,0.00,0.0,0.000,0.002,14.299,35.540,0.00
1786293885,bench_mixed,0.00,0.00,0.0,0.000,0.002,14.299,35.542,0.00
1786293890,bench_mixed,0.00,0.00,0.0,0.000,0.002,14.299,35.542,0.00
1786293895,bench_mixed,0.00,0.00,0.0,0.000,0.002,14.299,35.540,0.00
1786293900,bench_mixed,0.00,0.00,0.0,0.000,0.002,14.299,35.540,0.00
1786293905,bench_mixed,0.00,0.00,0.0,0.000,0.002,14.299,35.528,0.03
1786293910,bench_mixed,0.00,0.00,0.0,0.000,0.002,14.299,35.525,0.02
1786293915,bench_mixed,0.00,0.00,0.0,0.000,0.002,14.299,35.528,0.00
1786293920,bench_mixed,0.00,0.00,0.0,0.000,0.002,14.299,35.529,0.00
1786293925,bench_mixed,0.00,0.00,0.0,0.000,0.002,14.299,35.529,0.00
1786293930,bench_mixed,0.00,0.00,0.0,0.000,0.002,14.299,35.529,0.00
1786293935,bench_mixed,0.00,0.00,0.0,0.000,0.002,14.299,35.529,0.00
1786293940,bench_mixed,0.00,0.00,0.0,0.000,0.002,14.299,35.529,0.00
1786293945,bench_mixed,0.00,0.00,0.0,0.000,0.002,14.299,35.529,0.00
1786293950,bench_mixed,0.00,0.00,0.0,0.000,0.002,14.299,35.530,0.00
1786293955,bench_mixed,0.00,0.00,0.0,0.000,0.002,14.299,35.529,0.00
1786293961,bench_mixed,0.00,0.00,0.0,0.000,0.002,14.299,35.529,0.00
1786293966,bench_mixed,0.00,0.00,0.0,0.000,0.002,14.299,35.532,0.00
1786293971,bench_mixed,0.00,0.00,0.0,0.000,0.002,14.299,35.540,0.00
1786293976,bench_mixed,0.00,0.00,0.0,0.000,0.002,14.299,35.541,0.00
1786293981,bench_mixed,0.00,0.00,0.0,0.000,0.002,14.299,35.542,0.00
1786293986,bench_mixed,0.00,0.00,0.0,0.000,0.002,14.299,35.541,0.00
1786293991,bench_mixed,0.00,0.00,0.0,0.000,0.002,14.299,35.541,0.00
1786293996,bench_mixed,0.00,0.00,0.0,0.000,0.002,14.299,35.541,0.00
1786294001,bench_mixed,0.00,0.00,0.0,0.000,0.002,14.299,35.540,0.00
1786294006,bench_mixed,0.00,0.00,0.0,0.000,0.002,14.299,35.540,0.00
1786294011,bench_mixed,0.00,0.00,0.0,0.000,0.002,14.299,35.541,0.00
1786294016,bench_mixed,0.00,0.00,0.0,0.000,0.002,14.299,35.545,0.00
1786294021,bench_mixed,0.00,0.00,0.0,0.000,0.002,14.299,35.545,0.00
1786294026,bench_mixed,0.00,0.00,0.0,0.000,0.002,14.299,35.543,0.00
1786294031,bench_mixed,0.00,0.00,0.0,0.000,0.002,14.299,35.543,0.00
1786294036,bench_mixed,0.00,0.00,0.0,0.000,0.002,14.299,35.542,0.00
1786294041,bench_mixed,0.00,0.00,0.0,0.000,0.002,14.299,35.542,0.00
1786294046,bench_mixed,0.00,0.00,0.0,0.000,0.002,14.299,35.540,0.00
1786294051,bench_mixed,0.00,0.00,0.0,0.000,0.002,14.299,35.539,0.00
1786294057,bench_mixed,0.00,0.00,0.0,0.000,0.002,14.299,35.539,0.00
1786294062,bench_mixed,0.00,0.00,0.0,0.000,0.002,14.299,35.540,0.00
1786294067,bench_mixed,0.00,0.00,0.0,0.000,0.002,14.299,35.542,0.00
1786294072,bench_mixed,0.00,0.00,0.0,0.000,0.002,14.299,35.542,0.00
1786294077,bench_mixed,0.00,0.00,0.0,0.000,0.002,14.299,35.539,0.00
1786294082,bench_mixed,0.00,0.00,0.0,0.000,0.002,14.299,35.540,0.00
1786294087,bench_mixed,0.00,0.00,0.0,0.000,0.002,14.299,35.544,0.00
1786294092,bench_mixed,0.00,0.00,0.0,0.000,0.002,14.299,35.544,0.00
1786294097,bench_mixed,0.00,0.00,0.0,0.000,0.002,14.299,35.545,0.00
1786294102,bench_mixed,0.00,0.00,0.0,0.000,0.002,14.299,35.546,0.00
1786294107,bench_mixed,0.00,0.00,0.0,0.000,0.002,14.299,35.546,0.00
1786294112,bench_mixed,0.00,0.00,0.0,0.000,0.002,14.299,35.546,0.00
1786294117,bench_mixed,0.00,0.00,0.0,0.000,0.002,14.299,35.545,0.00
1786294122,bench_mixed,0.00,0.00,0.0,0.000,0.002,14.299,35.545,0.00
1786294127,bench_mixed,0.00,0.00,0.0,0.000,0.002,14.299,35.547,0.00
1786294132,bench_mixed,0.00,0.00,0.0,0.000,0.002,14.299,35.547,0.00
1786294137,bench_mixed,0.00,0.00,0.0,0.000,0.002,14.299,35.547,0.00
1786294142,bench_mixed,0.00,0.00,0.0,0.000,0.002,14.299,35.547,0.00
1786294147,bench_mixed,0.00,0.00,0.0,0.000,0.002,14.299,35.546,0.00
1786294153,bench_mixed,0.00,0.00,0.0,0.000,0.002,14.299,35.546,0.00
1786294158,bench_mixed,0.00,0.00,0.0,0.000,0.002,14.299,35.546,0.00
1786294163,bench_mixed,0.00,0.00,0.0,0.000,0.002,14.299,35.548,0.00
1786294168,bench_mixed,0.00,0.00,0.0,0.000,0.002,14.299,35.548,0.00
1786294173,bench_mixed,0.00,0.00,0.0,0.000,0.002,14.299,35.550,0.00
1786294178,bench_mixed,0.00,0.00,0.0,0.000,0.002,14.299,35.550,0.00
1786294183,bench_mixed,0.00,0.00,0.0,0.000,0.002,14.299,35.548,0.00
1786294188,bench_mixed,0.00,0.00,0.0,0.000,0.002,14.299,35.548,0.00
1786294193,bench_mixed,0.00,0.00,0.0,0.000,0.002,14.299,35.548,0.00
1786294198,bench_mixed,0.00,0.00,0.0,0.000,0.002,14.299,35.548,0.00
1786294203,bench_mixed,0.00,0.00,0.0,0.000,0.002,14.299,35.548,0.00
1786294208,bench_mixed,0.00,0.00,0.0,0.000,0.002,14.299,35.532,0.06
1786294213,bench_mixed,0.00,0.00,0.0,0.000,0.002,14.299,35.536,0.00
1786294218,bench_mixed,0.00,0.00,0.0,0.000,0.002,14.299,35.536,0.00
1786294223,bench_mixed,0.00,0.00,0.0,0.000,0.002,14.299,35.536,0.00
1786294228,bench_mixed,0.00,0.00,0.0,0.000,0.002,14.299,35.536,0.00
1786294233,bench_mixed,0.00,0.00,0.0,0.000,0.002,14.299,35.536,0.00
1786294238,bench_mixed,0.00,0.00,0.0,0.000,0.002,14.299,35.536,0.00
1786294243,bench_mixed,0.00,0.00,0.0,0.000,0.002,14.299,35.534,0.00
1786294249,bench_mixed,0.00,0.00,0.0,0.000,0.002,14.299,35.534,0.00
1786294254,bench_mixed,0.00,0.00,0.0,0.000,0.002,14.299,35.535,0.00
1786294259,bench_mixed,0.00,0.00,0.0,0.000,0.002,14.299,35.535,0.00
1786294264,bench_mixed,0.00,0.00,0.0,0.000,0.002,14.299,35.536,0.00
1786294269,bench_mixed,0.00,0.00,0.0,0.000,0.002,14.299,35.536,0.00
1786294274,bench_mixed,0.00,0.00,0.0,0.000,0.002,14.299,35.538,0.00
1786294279,bench_mixed,0.00,0.00,0.0,0.000,0.002,14.299,35.539,0.00
1786294284,bench_mixed,0.00,0.00,0.0,0.000,0.002,14.299,35.540,0.00
1786294289,bench_mixed,0.00,0.00,0.0,0.000,0.002,14.299,35.540,0.00
1786294294,bench_mixed,0.00,0.00,0.0,0.000,0.002,14.299,35.540,0.00
1786294299,bench_mixed,0.00,0.00,0.0,0.000,0.002,14.299,35.540,0.00
1786294304,bench_mixed,0.00,0.00,0.0,0.000,0.002,14.299,35.542,0.00
1786294309,bench_mixed,0.00,0.00,0.0,0.000,0.002,14.299,35.543,0.00
1786294314,bench_mixed,0.00,0.00,0.0,0.000,0.002,14.299,35.543,0.00
1786294319,bench_mixed,0.00,0.00,0.0,0.000,0.002,14.299,35.543,0.00
1786294324,bench_mixed,0.00,0.00,0.0,0.000,0.002,14.299,35.543,0.00
1786294329,bench_mixed,0.00,0.00,0.0,0.000,0.002,14.299,35.543,0.00
1786294334,bench_mixed,0.00,0.00,0.0,0.000,0.002,14.299,35.544,0.00
1786294339,bench_mixed,0.00,0.00,0.0,0.000,0.002,14.299,35.544,0.00
1786294345,bench_mixed,0.00,0.00,0.0,0.000,0.002,14.299,35.546,0.00
1786294350,bench_mixed,0.00,0.00,0.0,0.000,0.002,14.299,35.546,0.00
1786294355,bench_mixed,0.00,0.00,0.0,0.000,0.002,14.299,35.546,0.00
1786294360,bench_mixed,0.00,0.00,0.0,0.000,0.002,14.299,35.545,0.00
1786294365,bench_mixed,0.00,0.00,0.0,0.000,0.002,14.299,35.546,0.00
1786294370,bench_mixed,0.00,0.00,0.0,0.000,0.002,14.299,35.547,0.00
1786294375,bench_mixed,0.00,0.00,0.0,0.000,0.002,14.299,35.548,0.00
1786294380,bench_mixed,0.00,0.00,0.0,0.000,0.002,14.299,35.548,0.00
1786294385,bench_mixed,0.00,0.00,0.0,0.000,0.002,14.299,35.548,0.00
1786294390,bench_mixed,0.00,0.00,0.0,0.000,0.002,14.299,35.549,0.00
1786294395,bench_mixed,0.00,0.00,0.0,0.000,0.002,14.299,35.548,0.00
1786294400,bench_mixed,0.00,0.00,0.0,0.000,0.002,14.299,35.548,0.00
1786294405,bench_mixed,0.00,0.00,0.0,0.000,0.002,14.299,35.547,0.00
1786294410,bench_mixed,0.00,0.00,0.0,0.000,0.002,14.299,35.548,0.00
1786294415,bench_mixed,0.00,0.00,0.0,0.000,0.002,14.299,35.550,0.00
1786294420,bench_mixed,0.00,0.00,0.0,0.000,0.002,14.299,35.549,0.00
1786294425,bench_mixed,0.00,0.00,0.0,0.000,0.002,14.299,35.547,0.00
1786294430,bench_mixed,0.00,0.00,0.0,0.000,0.002,14.299,35.548,0.00
1786294436,bench_mixed,0.00,0.00,0.0,0.000,0.002,14.299,35.549,0.00
1786294441,bench_mixed,0.00,0.00,0.0,0.000,0.002,14.299,35.550,0.00
1786294446,bench_mixed,0.00,0.00,0.0,0.000,0.002,14.299,35.551,0.00
1786294451,bench_mixed,0.00,0.00,0.0,0.000,0.002,14.299,35.551,0.00
1786294456,bench_mixed,0.00,0.00,0.0,0.000,0.002,14.299,35.549,0.00
1786294461,bench_mixed,0.00,0.00,0.0,0.000,0.002,14.299,35.550,0.00
1786294466,bench_mixed,0.00,0.00,0.0,0.000,0.002,14.299,35.553,0.00
1786294471,bench_mixed,0.00,0.00,0.0,0.000,0.002,14.299,35.553,0.00
1786294476,bench_mixed,0.00,0.00,0.0,0.000,0.002,14.299,35.554,0.00
1786294481,bench_mixed,0.00,0.00,0.0,0.000,0.002,14.299,35.554,0.00
1786294486,bench_mixed,0.00,0.00,0.0,0.000,0.002,14.299,35.552,0.00
1786294491,bench_mixed,0.00,0.00,0.0,0.000,0.002,14.299,35.552,0.00
1786294496,bench_mixed,0.00,0.00,0.0,0.000,0.002,14.299,35.551,0.00
1786294501,bench_mixed,0.00,0.00,0.0,0.000,0.002,14.299,35.551,0.00
1786294506,bench_mixed,0.00,0.00,0.0,0.000,0.002,14.299,35.540,0.05
1786294511,bench_mixed,0.00,0.00,0.0,0.000,0.002,14.299,35.542,0.01
1786294516,bench_mixed,0.00,0.00,0.0,0.000,0.002,14.299,35.542,0.00
1786294521,bench_mixed,0.00,0.00,0.0,0.000,0.002,14.299,35.542,0.00
1786294526,bench_mixed,0.00,0.00,0.0,0.000,0.002,14.299,35.542,0.00
1786294532,bench_mixed,0.00,0.00,0.0,0.000,0.002,14.299,35.542,0.00
1786294537,bench_mixed,0.00,0.00,0.0,0.000,0.002,14.299,35.543,0.00
1786294542,bench_mixed,0.00,0.00,0.0,0.000,0.002,14.299,35.546,0.00
1786294547,bench_mixed,0.00,0.00,0.0,0.000,0.002,14.299,35.546,0.00
1786294552,bench_mixed,0.00,0.00,0.0,0.000,0.002,14.299,35.545,0.00
1786294557,bench_mixed,0.00,0.00,0.0,0.000,0.002,14.299,35.545,0.00
1786294562,bench_mixed,0.00,0.00,0.0,0.000,0.002,14.299,35.548,0.00
1786294567,bench_mixed,0.00,0.00,0.0,0.000,0.002,14.299,35.548,0.00
1786294572,bench_mixed,0.00,0.00,0.0,0.000,0.002,14.299,35.552,0.00
1786294577,bench_mixed,0.00,0.00,0.0,0.000,0.002,14.299,35.551,0.00
1786294582,bench_mixed,0.00,0.00,0.0,0.000,0.002,14.299,35.550,0.00
1786294587,bench_mixed,0.00,0.00,0.0,0.000,0.002,14.299,35.550,0.00
1786294592,bench_mixed,0.00,0.00,0.0,0.000,0.002,14.299,35.550,0.00
1786294597,bench_mixed,0.00,0.00,0.0,0.000,0.002,14.299,35.550,0.00
1786294602,bench_mixed,0.00,0.00,0.0,0.000,0.002,14.299,35.549,0.00
1786294607,bench_mixed,0.00,0.00,0.0,0.000,0.002,14.299,35.549,0.00
1786294612,bench_mixed,0.00,0.00,0.0,0.000,0.002,14.299,35.550,0.00
1786294617,bench_mixed,0.00,0.00,0.0,0.000,0.002,14.299,35.550,0.00
1786294622,bench_mixed,0.00,0.00,0.0,0.000,0.002,14.299,35.549,0.00
1786294628,bench_mixed,0.00,0.00,0.0,0.000,0.002,14.299,35.550,0.00
1786294633,bench_mixed,0.00,0.00,0.0,0.000,0.002,14.299,35.551,0.00
1786294638,bench_mixed,0.00,0.00,0.0,0.000,0.002,14.299,35.551,0.00
1786294643,bench_mixed,0.00,0.00,0.0,0.000,0.002,14.299,35.547,0.00
1786294648,bench_mixed,0.00,0.00,0.0,0.000,0.002,14.299,35.548,0.00
1786294653,bench_mixed,0.00,0.00,0.0,0.000,0.002,14.299,35.550,0.00
1786294658,bench_mixed,0.00,0.00,0.0,0.000,0.002,14.299,35.551,0.00
1786294663,bench_mixed,0.00,0.00,0.0,0.000,0.002,14.299,35.554,0.00
1786294668,bench_mixed,0.00,0.00,0.0,0.000,0.002,14.299,35.553,0.00
1786294673,bench_mixed,0.00,0.00,0.0,0.000,0.002,14.299,35.552,0.00
1786294678,bench_mixed,0.00,0.00,0.0,0.000,0.002,14.299,35.553,0.00
1786294683,bench_mixed,0.00,0.00,0.0,0.000,0.002,14.299,35.554,0.00
1786294688,bench_mixed,0.00,0.00,0.0,0.000,0.002,14.299,35.554,0.00
1786294693,bench_mixed,0.00,0.00,0.0,0.000,0.002,14.299,35.553,0.00
1786294698,bench_mixed,0.00,0.00,0.0,0.000,0.002,14.299,35.553,0.00
1786294703,bench_mixed,0.00,0.00,0.0,0.000,0.002,14.299,35.553,0.00
1786294708,bench_mixed,0.00,0.00,0.0,0.000,0.002,14.299,35.552,0.00
1786294713,bench_mixed,0.00,0.00,0.0,0.000,0.002,14.299,35.552,0.00
1786294718,bench_mixed,0.00,0.00,0.0,0.000,0.002,14.299,35.551,0.00
1786294724,bench_mixed,0.00,0.00,0.0,0.000,0.002,14.299,35.550,0.00
1786294729,bench_mixed,0.00,0.00,0.0,0.000,0.002,14.299,35.550,0.00
1786294734,bench_mixed,0.00,0.00,0.0,0.000,0.002,14.299,35.549,0.00
1786294739,bench_mixed,0.00,0.00,0.0,0.000,0.002,14.299,35.550,0.00
1786294744,bench_mixed,0.00,0.00,0.0,0.000,0.002,14.299,35.547,0.00
1786294749,bench_mixed,0.00,0.00,0.0,0.000,0.002,14.299,35.547,0.00
1786294754,bench_mixed,0.00,0.00,0.0,0.000,0.002,14.299,35.547,0.00
1786294759,bench_mixed,0.00,0.00,0.0,0.000,0.002,14.299,35.548,0.00
1786294764,bench_mixed,0.00,0.00,0.0,0.000,0.002,14.299,35.545,0.00
1786294769,bench_mixed,0.00,0.00,0.0,0.000,0.002,14.299,35.547,0.00
1786294774,bench_mixed,0.00,0.00,0.0,0.000,0.002,14.299,35.545,0.00
1786294779,bench_mixed,0.00,0.00,0.0,0.000,0.002,14.299,35.545,0.00
1786294784,bench_mixed,0.00,0.00,0.0,0.000,0.002,14.299,35.544,0.00
1786294789,bench_mixed,0.00,0.00,0.0,0.000,0.002,14.299,35.546,0.00
1786294794,bench_mixed,0.00,0.00,0.0,0.000,0.002,14.299,35.546,0.00
1786294799,bench_mixed,0.00,0.00,0.0,0.000,0.002,14.299,35.546,0.00
1786294804,bench_mixed,0.00,0.00,0.0,0.000,0.002,14.299,35.543,0.00
1786294809,bench_mixed,0.00,0.00,0.0,0.000,0.002,14.299,35.534,0.06
1786294815,bench_mixed,0.00,0.00,0.0,0.000,0.002,14.299,35.539,0.00
1786294820,bench_mixed,0.00,0.00,0.0,0.000,0.002,14.299,35.539,0.00
1786294825,bench_mixed,0.00,0.00,0.0,0.000,0.002,14.299,35.539,0.00
1786294830,bench_mixed,0.00,0.00,0.0,0.000,0.002,14.299,35.538,0.00
1786294835,bench_mixed,0.00,0.00,0.0,0.000,0.002,14.299,35.540,0.00
1786294840,bench_mixed,0.00,0.00,0.0,0.000,0.002,14.299,35.541,0.00
1786294845,bench_mixed,0.00,0.00,0.0,0.000,0.002,14.299,35.540,0.00
1786294850,bench_mixed,0.00,0.00,0.0,0.000,0.002,14.299,35.541,0.00
1786294855,bench_mixed,0.00,0.00,0.0,0.000,0.002,14.299,35.542,0.00
1786294860,bench_mixed,0.00,0.00,0.0,0.000,0.002,14.299,35.543,0.00
1786294865,bench_mixed,0.00,0.00,0.0,0.000,0.002,14.299,35.545,0.00
1786294870,bench_mixed,0.00,0.00,0.0,0.000,0.002,14.299,35.543,0.00
1786294875,bench_mixed,0.00,0.00,0.0,0.000,0.002,14.299,35.543,0.00
1786294880,bench_mixed,0.00,0.00,0.0,0.000,0.002,14.299,35.542,0.00
1786294885,bench_mixed,0.00,0.00,0.0,0.000,0.002,14.299,35.542,0.00
1786294890,bench_mixed,0.00,0.00,0.0,0.000,0.002,14.299,35.542,0.00
1786294895,bench_mixed,0.00,0.00,0.0,0.000,0.002,14.299,35.543,0.00
1786294900,bench_mixed,0.00,0.00,0.0,0.000,0.002,14.299,35.543,0.00
1786294905,bench_mixed,0.00,0.00,0.0,0.000,0.002,14.299,35.543,0.00
1786294911,bench_mixed,0.00,0.00,0.0,0.000,0.002,14.299,35.541,0.00
1786294916,bench_mixed,0.00,0.00,0.0,0.000,0.002,14.299,35.541,0.00
1786294921,bench_mixed,0.00,0.00,0.0,0.000,0.002,14.299,35.539,0.00
1786294926,bench_mixed,0.00,0.00,0.0,0.000,0.002,14.299,35.540,0.00
1786294931,bench_mixed,0.00,0.00,0.0,0.000,0.002,14.299,35.539,0.00
1786294936,bench_mixed,0.00,0.00,0.0,0.000,0.002,14.299,35.540,0.00
1786294941,bench_mixed,0.00,0.00,0.0,0.000,0.002,14.299,35.539,0.00
1786294946,bench_mixed,0.00,0.00,0.0,0.000,0.002,14.299,35.540,0.00
1786294951,bench_mixed,0.00,0.00,0.0,0.000,0.002,14.299,35.541,0.00
1786294956,bench_mixed,0.00,0.00,0.0,0.000,0.002,14.299,35.541,0.00
1786294961,bench_mixed,0.00,0.00,0.0,0.000,0.002,14.299,35.542,0.00
1786294966,bench_mixed,0.00,0.00,0.0,0.000,0.002,14.299,35.542,0.00
1786294971,bench_mixed,0.00,0.00,0.0,0.000,0.002,14.299,35.542,0.00
1786294976,bench_mixed,0.00,0.00,0.0,0.000,0.002,14.299,35.542,0.00
1786294981,bench_mixed,0.00,0.00,0.0,0.000,0.002,14.299,35.543,0.00
1786294986,bench_mixed,0.00,0.00,0.0,0.000,0.002,14.299,35.543,0.00
1786294991,bench_mixed,0.00,0.00,0.0,0.000,0.002,14.299,35.545,0.00
1786294996,bench_mixed,0.00,0.00,0.0,0.000,0.002,14.299,35.544,0.00
1786295001,bench_mixed,0.00,0.00,0.0,0.000,0.002,14.299,35.544,0.00
1786295007,bench_mixed,0.00,0.00,0.0,0.000,0.002,14.299,35.544,0.00
1786295012,bench_mixed,0.00,0.00,0.0,0.000,0.002,14.299,35.543,0.00
1786295017,bench_mixed,0.00,0.00,0.0,0.000,0.002,14.299,35.544,0.00
1786295022,bench_mixed,0.00,0.00,0.0,0.000,0.002,14.299,35.544,0.00
1786295027,bench_mixed,0.00,0.00,0.0,0.000,0.002,14.299,35.545,0.00
1786295032,bench_mixed,0.00,0.00,0.0,0.000,0.002,14.299,35.543,0.00
1786295037,bench_mixed,0.00,0.00,0.0,0.000,0.002,14.299,35.544,0.00
1786295042,bench_mixed,0.00,0.00,0.0,0.000,0.002,14.299,35.544,0.00
1786295047,bench_mixed,0.00,0.00,0.0,0.000,0.002,14.299,35.545,0.00
1786295052,bench_mixed,0.00,0.00,0.0,0.000,0.002,14.299,35.545,0.00
1786295057,bench_mixed,0.00,0.00,0.0,0.000,0.002,14.299,35.546,0.00
1786295062,bench_mixed,0.00,0.00,0.0,0.000,0.002,14.299,35.547,0.00
1786295067,bench_mixed,0.00,0.00,0.0,0.000,0.002,14.299,35.547,0.00
1786295072,bench_mixed,0.00,0.00,0.0,0.000,0.002,14.299,35.549,0.00
1786295077,bench_mixed,0.00,0.00,0.0,0.000,0.002,14.299,35.549,0.00
1786295082,bench_mixed,0.00,0.00,0.0,0.000,0.002,14.299,35.549,0.00
1786295087,bench_mixed,0.00,0.00,0.0,0.000,0.002,14.299,35.550,0.00
1786295092,bench_mixed,0.00,0.00,0.0,0.000,0.002,14.299,35.551,0.00
1786295097,bench_mixed,0.00,0.00,0.0,0.000,0.002,14.299,35.552,0.00
1786295103,bench_mixed,0.00,0.00,0.0,0.000,0.002,14.299,35.550,0.00
1786295108,bench_mixed,0.00,0.00,0.0,0.000,0.002,14.299,35.537,0.06
1786295113,bench_mixed,0.00,0.00,0.0,0.000,0.002,14.299,35.539,0.00
1786295118,bench_mixed,0.00,0.00,0.0,0.000,0.002,14.299,35.540,0.00
1786295123,bench_mixed,0.00,0.00,0.0,0.000,0.002,14.299,35.540,0.00
1786295128,bench_mixed,0.00,0.00,0.0,0.000,0.002,14.299,35.541,0.00
1786295133,bench_mixed,0.00,0.00,0.0,0.000,0.002,14.299,35.541,0.00
1786295138,bench_mixed,0.00,0.00,0.0,0.000,0.002,14.299,35.544,0.00
1786295143,bench_mixed,0.00,0.00,0.0,0.000,0.002,14.299,35.543,0.00
1786295148,bench_mixed,0.00,0.00,0.0,0.000,0.002,14.299,35.543,0.00
1786295153,bench_mixed,0.00,0.00,0.0,0.000,0.002,14.299,35.542,0.00
1786295158,bench_mixed,0.00,0.00,0.0,0.000,0.002,14.299,35.542,0.00
1786295163,bench_mixed,0.00,0.00,0.0,0.000,0.002,14.299,35.541,0.00
1786295168,bench_mixed,0.00,0.00,0.0,0.000,0.002,14.299,35.542,0.00
1786295173,bench_mixed,0.00,0.00,0.0,0.000,0.002,14.299,35.546,0.00
1786295178,bench_mixed,0.00,0.00,0.0,0.000,0.002,14.299,35.547,0.00
1786295183,bench_mixed,0.00,0.00,0.0,0.000,0.002,14.299,35.548,0.00
1786295188,bench_mixed,0.00,0.00,0.0,0.000,0.002,14.299,35.549,0.00
1786295194,bench_mixed,0.00,0.00,0.0,0.000,0.002,14.299,35.548,0.00
1786295199,bench_mixed,0.00,0.00,0.0,0.000,0.002,14.299,35.549,0.00
1786295204,bench_mixed,0.00,0.00,0.0,0.000,0.002,14.299,35.548,0.00
1786295209,bench_mixed,0.00,0.00,0.0,0.000,0.002,14.299,35.549,0.00
1786295214,bench_mixed,0.00,0.00,0.0,0.000,0.002,14.299,35.551,0.00
1786295219,bench_mixed,0.00,0.00,0.0,0.000,0.002,14.299,35.552,0.00
1786295224,bench_mixed,0.00,0.00,0.0,0.000,0.002,14.299,35.553,0.00
1786295229,bench_mixed,0.00,0.00,0.0,0.000,0.002,14.299,35.553,0.00
1786295234,bench_mixed,0.00,0.00,0.0,0.000,0.002,14.299,35.548,0.00
1786295239,bench_mixed,0.00,0.00,0.0,0.000,0.002,14.299,35.553,0.00
1786295244,bench_mixed,0.00,0.00,0.0,0.000,0.002,14.299,35.555,0.00
1786295249,bench_mixed,0.00,0.00,0.0,0.000,0.002,14.299,35.553,0.00
1786295254,bench_mixed,0.00,0.00,0.0,0.000,0.002,14.299,35.553,0.00
1786295259,bench_mixed,0.00,0.00,0.0,0.000,0.002,14.299,35.554,0.00
1786295264,bench_mixed,0.00,0.00,0.0,0.000,0.002,14.299,35.554,0.00
1786295269,bench_mixed,0.00,0.00,0.0,0.000,0.002,14.299,35.554,0.00
1786295274,bench_mixed,0.00,0.00,0.0,0.000,0.002,14.299,35.554,0.00
1786295279,bench_mixed,0.00,0.00,0.0,0.000,0.002,14.299,35.552,0.00
1786295284,bench_mixed,0.00,0.00,0.0,0.000,0.002,14.299,35.553,0.00
1786295290,bench_mixed,0.00,0.00,0.0,0.000,0.002,14.299,35.555,0.00
1786295295,bench_mixed,0.00,0.00,0.0,0.000,0.002,14.299,35.555,0.00
1786295300,bench_mixed,0.00,0.00,0.0,0.000,0.002,14.299,35.556,0.00
1786295305,bench_mixed,0.00,0.00,0.0,0.000,0.002,14.299,35.556,0.00
1786295310,bench_mixed,0.00,0.00,0.0,0.000,0.002,14.299,35.553,0.00
1786295315,bench_mixed,0.00,0.00,0.0,0.000,0.002,14.299,35.553,0.00
1786295320,bench_mixed,0.00,0.00,0.0,0.000,0.002,14.299,35.553,0.00
1786295325,bench_mixed,0.00,0.00,0.0,0.000,0.002,14.299,35.554,0.00
1786295330,bench_mixed,0.00,0.00,0.0,0.000,0.002,14.299,35.555,0.00
1786295335,bench_mixed,0.00,0.00,0.0,0.000,0.002,14.299,35.554,0.00
1786295340,bench_mixed,0.00,0.00,0.0,0.000,0.002,14.299,35.554,0.00
1786295345,bench_mixed,0.00,0.00,0.0,0.000,0.002,14.299,35.554,0.00
1786295350,bench_mixed,0.00,0.00,0.0,0.000,0.002,14.299,35.553,0.00
1786295355,bench_mixed,0.00,0.00,0.0,0.000,0.002,14.299,35.553,0.00
1786295360,bench_mixed,0.00,0.00,0.0,0.000,0.002,14.299,35.553,0.00
1786295365,bench_mixed,0.00,0.00,0.0,0.000,0.002,14.299,35.553,0.00
1786295370,bench_mixed,0.00,0.00,0.0,0.000,0.002,14.299,35.555,0.00
1786295375,bench_mixed,0.00,0.00,0.0,0.000,0.002,14.299,35.556,0.00
1786295380,bench_mixed,0.00,0.00,0.0,0.000,0.002,14.299,35.555,0.00
1786295386,bench_mixed,0.00,0.00,0.0,0.000,0.002,14.299,35.554,0.00
1786295391,bench_mixed,0.00,0.00,0.0,0.000,0.002,14.299,35.554,0.00
1786295396,bench_mixed,0.00,0.00,0.0,0.000,0.002,14.299,35.554,0.00
1786295401,bench_mixed,0.00,0.00,0.0,0.000,0.002,14.299,35.553,0.00
1786295406,bench_mixed,0.00,0.00,0.0,0.000,0.002,14.299,35.540,0.04
1786295411,bench_mixed,0.00,0.00,0.0,0.000,0.002,14.299,35.540,0.02
1786295416,bench_mixed,0.00,0.00,0.0,0.000,0.002,14.299,35.541,0.00
1786295421,bench_mixed,0.00,0.00,0.0,0.000,0.002,14.299,35.542,0.00
1786295426,bench_mixed,0.00,0.00,0.0,0.000,0.002,14.299,35.542,0.00
1786295431,bench_mixed,0.00,0.00,0.0,0.000,0.002,14.299,35.544,0.00
1786295436,bench_mixed,0.00,0.00,0.0,0.000,0.002,14.299,35.544,0.00
1786295441,bench_mixed,0.00,0.00,0.0,0.000,0.002,14.299,35.543,0.00
1786295446,bench_mixed,0.00,0.00,0.0,0.000,0.002,14.299,35.543,0.00
1786295451,bench_mixed,0.00,0.00,0.0,0.000,0.002,14.299,35.545,0.00
1786295456,bench_mixed,0.00,0.00,0.0,0.000,0.002,14.299,35.545,0.00
1786295461,bench_mixed,0.00,0.00,0.0,0.000,0.002,14.299,35.543,0.00
1786295466,bench_mixed,0.00,0.00,0.0,0.000,0.002,14.299,35.543,0.00
1786295471,bench_mixed,0.00,0.00,0.0,0.000,0.002,14.299,35.543,0.00
1786295477,bench_mixed,0.00,0.00,0.0,0.000,0.002,14.299,35.543,0.00
1786295482,bench_mixed,0.00,0.00,0.0,0.000,0.002,14.299,35.542,0.00
1786295487,bench_mixed,0.00,0.00,0.0,0.000,0.002,14.299,35.543,0.00
1786295492,bench_mixed,0.00,0.00,0.0,0.000,0.002,14.299,35.544,0.00
1786295497,bench_mixed,0.00,0.00,0.0,0.000,0.002,14.299,35.544,0.00
1786295502,bench_mixed,0.00,0.00,0.0,0.000,0.002,14.299,35.544,0.00
1786295507,bench_mixed,0.00,0.00,0.0,0.000,0.002,14.299,35.543,0.00
1786295512,bench_mixed,0.00,0.00,0.0,0.000,0.002,14.299,35.544,0.00
1786295517,bench_mixed,0.00,0.00,0.0,0.000,0.002,14.299,35.544,0.00
1786295522,bench_mixed,0.00,0.00,0.0,0.000,0.002,14.299,35.544,0.00
1786295527,bench_mixed,0.00,0.00,0.0,0.000,0.002,14.299,35.545,0.00
1786295532,bench_mixed,0.00,0.00,0.0,0.000,0.002,14.299,35.545,0.00
1786295537,bench_mixed,0.00,0.00,0.0,0.000,0.002,14.299,35.545,0.00
1786295542,bench_mixed,0.00,0.00,0.0,0.000,0.002,14.299,35.543,0.00
1786295547,bench_mixed,0.00,0.00,0.0,0.000,0.002,14.299,35.543,0.00
1786295552,bench_mixed,0.00,0.00,0.0,0.000,0.002,14.299,35.544,0.00
1786295557,bench_mixed,0.00,0.00,0.0,0.000,0.002,14.299,35.546,0.00
1786295562,bench_mixed,0.00,0.00,0.0,0.000,0.002,14.299,35.544,0.00
1786295567,bench_mixed,0.00,0.00,0.0,0.000,0.002,14.299,35.544,0.00
1786295573,bench_mixed,0.00,0.00,0.0,0.000,0.002,14.299,35.544,0.00
1786295578,bench_mixed,0.00,0.00,0.0,0.000,0.002,14.299,35.543,0.00
1786295583,bench_mixed,0.00,0.00,0.0,0.000,0.002,14.299,35.543,0.00
1786295588,bench_mixed,0.00,0.00,0.0,0.000,0.002,14.299,35.543,0.00
1786295593,bench_mixed,0.00,0.00,0.0,0.000,0.002,14.299,35.535,0.00
1786295598,bench_mixed,0.00,0.00,0.0,0.000,0.002,14.299,35.543,0.00
1786295603,bench_mixed,0.00,0.00,0.0,0.000,0.002,14.299,35.543,0.00
1786295608,bench_mixed,0.00,0.00,0.0,0.000,0.002,14.299,35.542,0.00
1786295613,bench_mixed,0.00,0.00,0.0,0.000,0.002,14.299,35.542,0.00
1786295618,bench_mixed,0.00,0.00,0.0,0.000,0.002,14.299,35.547,0.00
1786295623,bench_mixed,0.00,0.00,0.0,0.000,0.002,14.299,35.547,0.00
1786295628,bench_mixed,0.00,0.00,0.0,0.000,0.002,14.299,35.547,0.00
1786295633,bench_mixed,0.00,0.00,0.0,0.000,0.002,14.299,35.547,0.00
1786295638,bench_mixed,0.00,0.00,0.0,0.000,0.002,14.299,35.549,0.00
1786295643,bench_mixed,0.00,0.00,0.0,0.000,0.002,14.299,35.549,0.00
1786295648,bench_mixed,0.00,0.00,0.0,0.000,0.002,14.299,35.550,0.00
1786295653,bench_mixed,0.00,0.00,0.0,0.000,0.002,14.299,35.550,0.00
1786295658,bench_mixed,0.00,0.00,0.0,0.000,0.002,14.299,35.550,0.00
1786295663,bench_mixed,0.00,0.00,0.0,0.000,0.002,14.299,35.550,0.00
1786295669,bench_mixed,0.00,0.00,0.0,0.000,0.002,14.299,35.552,0.00
1786295674,bench_mixed,0.00,0.00,0.0,0.000,0.002,14.299,35.552,0.00
1786295679,bench_mixed,0.00,0.00,0.0,0.000,0.002,14.299,35.554,0.00
1786295684,bench_mixed,0.00,0.00,0.0,0.000,0.002,14.299,35.554,0.00
1786295689,bench_mixed,0.00,0.00,0.0,0.000,0.002,14.299,35.556,0.00
1786295694,bench_mixed,0.00,0.00,0.0,0.000,0.002,14.299,35.556,0.00
1786295699,bench_mixed,0.00,0.00,0.0,0.000,0.002,14.299,35.556,0.00
1786295704,bench_mixed,0.00,0.00,0.0,0.000,0.002,14.299,35.556,0.00
1786295709,bench_mixed,0.00,0.00,0.0,0.000,0.002,14.299,35.542,0.06
1786295714,bench_mixed,0.00,0.00,0.0,0.000,0.002,14.299,35.542,0.00
1786295719,bench_mixed,0.00,0.00,0.0,0.000,0.002,14.299,35.542,0.00
1786295724,bench_mixed,0.00,0.00,0.0,0.000,0.002,14.299,35.543,0.00
1786295729,bench_mixed,0.00,0.00,0.0,0.000,0.002,14.299,35.544,0.00
1786295734,bench_mixed,0.00,0.00,0.0,0.000,0.002,14.299,35.545,0.00
1786295739,bench_mixed,0.00,0.00,0.0,0.000,0.002,14.299,35.545,0.00
1786295744,bench_mixed,0.00,0.00,0.0,0.000,0.002,14.299,35.545,0.00
1786295749,bench_mixed,0.00,0.00,0.0,0.000,0.002,14.299,35.545,0.00
1786295754,bench_mixed,0.00,0.00,0.0,0.000,0.002,14.299,35.546,0.00
1786295759,bench_mixed,0.00,0.00,0.0,0.000,0.002,14.299,35.547,0.00
1786295765,bench_mixed,0.00,0.00,0.0,0.000,0.002,14.299,35.546,0.00
1786295770,bench_mixed,0.00,0.00,0.0,0.000,0.002,14.299,35.546,0.00
1786295775,bench_mixed,0.00,0.00,0.0,0.000,0.002,14.299,35.548,0.00
1786295780,bench_mixed,0.00,0.00,0.0,0.000,0.002,14.299,35.550,0.00
1786295785,bench_mixed,0.00,0.00,0.0,0.000,0.002,14.299,35.551,0.00
1786295790,bench_mixed,0.00,0.00,0.0,0.000,0.002,14.299,35.551,0.00
1786295795,bench_mixed,0.00,0.00,0.0,0.000,0.002,14.299,35.551,0.00
1786295800,bench_mixed,0.00,0.00,0.0,0.000,0.002,14.299,35.550,0.00
1786295805,bench_mixed,0.00,0.00,0.0,0.000,0.002,14.299,35.550,0.00
1786295810,bench_mixed,0.00,0.00,0.0,0.000,0.002,14.299,35.550,0.00
1786295815,bench_mixed,0.00,0.00,0.0,0.000,0.002,14.299,35.550,0.00
1786295820,bench_mixed,0.00,0.00,0.0,0.000,0.002,14.299,35.548,0.00
1786295825,bench_mixed,0.00,0.00,0.0,0.000,0.002,14.299,35.548,0.00
1786295830,bench_mixed,0.00,0.00,0.0,0.000,0.002,14.299,35.550,0.00
1786295835,bench_mixed,0.00,0.00,0.0,0.000,0.002,14.299,35.551,0.00
1786295840,bench_mixed,0.00,0.00,0.0,0.000,0.002,14.299,35.552,0.00
1786295845,bench_mixed,0.00,0.00,0.0,0.000,0.002,14.299,35.552,0.00
1786295850,bench_mixed,0.00,0.00,0.0,0.000,0.002,14.299,35.553,0.00
1786295855,bench_mixed,0.00,0.00,0.0,0.000,0.002,14.299,35.553,0.00
1786295861,bench_mixed,0.00,0.00,0.0,0.000,0.002,14.299,35.554,0.00
1786295866,bench_mixed,0.00,0.00,0.0,0.000,0.002,14.299,35.555,0.00
1786295871,bench_mixed,0.00,0.00,0.0,0.000,0.002,14.299,35.554,0.00
1786295876,bench_mixed,0.00,0.00,0.0,0.000,0.002,14.299,35.555,0.00
1786295881,bench_mixed,0.00,0.00,0.0,0.000,0.002,14.299,35.555,0.00
1786295886,bench_mixed,0.00,0.00,0.0,0.000,0.002,14.299,35.555,0.00
1786295891,bench_mixed,0.00,0.00,0.0,0.000,0.002,14.299,35.559,0.00
1786295896,bench_mixed,0.00,0.00,0.0,0.000,0.002,14.299,35.559,0.00
1786295901,bench_mixed,0.00,0.00,0.0,0.000,0.002,14.299,35.559,0.00
1786295906,bench_mixed,0.00,0.00,0.0,0.000,0.002,14.299,35.559,0.00
1786295911,bench_mixed,0.00,0.00,0.0,0.000,0.002,14.299,35.559,0.00
1786295916,bench_mixed,0.00,0.00,0.0,0.000,0.002,14.299,35.560,0.00
1786295921,bench_mixed,0.00,0.00,0.0,0.000,0.002,14.299,35.559,0.00
1786295926,bench_mixed,0.00,0.00,0.0,0.000,0.002,14.299,35.559,0.00
1786295931,bench_mixed,0.00,0.00,0.0,0.000,0.002,14.299,35.557,0.00
1786295936,bench_mixed,0.00,0.00,0.0,0.000,0.002,14.299,35.558,0.00
1786295941,bench_mixed,0.00,0.00,0.0,0.000,0.002,14.299,35.557,0.00
1786295946,bench_mixed,0.00,0.00,0.0,0.000,0.002,14.299,35.556,0.00
1786295951,bench_mixed,0.00,0.00,0.0,0.000,0.002,14.299,35.547,0.00
1786295957,bench_mixed,0.00,0.00,0.0,0.000,0.002,14.299,35.554,0.00
1786295962,bench_mixed,0.00,0.00,0.0,0.000,0.002,14.299,35.554,0.00
1786295967,bench_mixed,0.00,0.00,0.0,0.000,0.002,14.299,35.553,0.00
1786295972,bench_mixed,0.00,0.00,0.0,0.000,0.002,14.299,35.553,0.00
1786295977,bench_mixed,0.00,0.00,0.0,0.000,0.002,14.299,35.551,0.00
1786295982,bench_mixed,0.00,0.00,0.0,0.000,0.002,14.299,35.551,0.00
1786295987,bench_mixed,0.00,0.00,0.0,0.000,0.002,14.299,35.552,0.00
1786295992,bench_mixed,0.00,0.00,0.0,0.000,0.002,14.299,35.553,0.00
1786295997,bench_mixed,0.00,0.00,0.0,0.000,0.002,14.299,35.552,0.00
1786296002,bench_mixed,0.00,0.00,0.0,0.000,0.002,14.299,35.552,0.00
1786296007,bench_mixed,0.00,0.00,0.0,0.000,0.002,14.299,35.538,0.05
1786296012,bench_mixed,0.00,0.00,0.0,0.000,0.002,14.299,35.538,0.00
1786296017,bench_mixed,0.00,0.00,0.0,0.000,0.002,14.299,35.540,0.00
1786296022,bench_mixed,0.00,0.00,0.0,0.000,0.002,14.299,35.540,0.00
1786296027,bench_mixed,0.00,0.00,0.0,0.000,0.002,14.299,35.542,0.00
1786296032,bench_mixed,0.00,0.00,0.0,0.000,0.002,14.299,35.542,0.00
1786296037,bench_mixed,0.00,0.00,0.0,0.000,0.002,14.299,35.545,0.00
1786296042,bench_mixed,0.00,0.00,0.0,0.000,0.002,14.299,35.546,0.00
1786296048,bench_mixed,0.00,0.00,0.0,0.000,0.002,14.299,35.546,0.00
1786296053,bench_mixed,0.00,0.00,0.0,0.000,0.002,14.299,35.546,0.00
1786296058,bench_mixed,0.00,0.00,0.0,0.000,0.002,14.299,35.547,0.00
1786296063,bench_mixed,0.00,0.00,0.0,0.000,0.002,14.299,35.547,0.00
1786296068,bench_mixed,0.00,0.00,0.0,0.000,0.002,14.299,35.550,0.00
1786296073,bench_mixed,0.00,0.00,0.0,0.000,0.002,14.299,35.550,0.00
1786296078,bench_mixed,0.00,0.00,0.0,0.000,0.002,14.299,35.551,0.00
1786296083,bench_mixed,0.00,0.00,0.0,0.000,0.002,14.299,35.551,0.00
1786296088,bench_mixed,0.00,0.00,0.0,0.000,0.002,14.299,35.548,0.00
1786296093,bench_mixed,0.00,0.00,0.0,0.000,0.002,14.299,35.549,0.00
1786296098,bench_mixed,0.00,0.00,0.0,0.000,0.002,14.299,35.548,0.00
1786296103,bench_mixed,0.00,0.00,0.0,0.000,0.002,14.299,35.549,0.00
1786296108,bench_mixed,0.00,0.00,0.0,0.000,0.002,14.299,35.549,0.00
1786296113,bench_mixed,0.00,0.00,0.0,0.000,0.002,14.299,35.550,0.00
1786296118,bench_mixed,0.00,0.00,0.0,0.000,0.002,14.299,35.548,0.00
1786296123,bench_mixed,0.00,0.00,0.0,0.000,0.002,14.299,35.549,0.00
1786296128,bench_mixed,0.00,0.00,0.0,0.000,0.002,14.299,35.547,0.00
1786296133,bench_mixed,0.00,0.00,0.0,0.000,0.002,14.299,35.547,0.00
1786296138,bench_mixed,0.00,0.00,0.0,0.000,0.002,14.299,35.547,0.00
1786296144,bench_mixed,0.00,0.00,0.0,0.000,0.002,14.299,35.547,0.00
1786296149,bench_mixed,0.00,0.00,0.0,0.000,0.002,14.299,35.547,0.00
1786296154,bench_mixed,0.00,0.00,0.0,0.000,0.002,14.299,35.546,0.00
1786296159,bench_mixed,0.00,0.00,0.0,0.000,0.002,14.299,35.545,0.00
1786296164,bench_mixed,0.00,0.00,0.0,0.000,0.002,14.299,35.545,0.00
1786296169,bench_mixed,0.00,0.00,0.0,0.000,0.002,14.299,35.545,0.00
1786296174,bench_mixed,0.00,0.00,0.0,0.000,0.002,14.299,35.545,0.00
1786296179,bench_mixed,0.00,0.00,0.0,0.000,0.002,14.299,35.545,0.00
1786296184,bench_mixed,0.00,0.00,0.0,0.000,0.002,14.299,35.546,0.00
1786296189,bench_mixed,0.00,0.00,0.0,0.000,0.002,14.299,35.544,0.00
1786296194,bench_mixed,0.00,0.00,0.0,0.000,0.002,14.299,35.544,0.00
1786296199,bench_mixed,0.00,0.00,0.0,0.000,0.002,14.299,35.547,0.00
1786296204,bench_mixed,0.00,0.00,0.0,0.000,0.002,14.299,35.547,0.00
1786296209,bench_mixed,0.00,0.00,0.0,0.000,0.002,14.299,35.547,0.00
1786296214,bench_mixed,0.00,0.00,0.0,0.000,0.002,14.299,35.547,0.00
1786296219,bench_mixed,0.00,0.00,0.0,0.000,0.002,14.299,35.545,0.00
1786296224,bench_mixed,0.00,0.00,0.0,0.000,0.002,14.299,35.547,0.00
1786296229,bench_mixed,0.00,0.00,0.0,0.000,0.002,14.299,35.548,0.00
1786296234,bench_mixed,0.00,0.00,0.0,0.000,0.002,14.299,35.548,0.00
1786296240,bench_mixed,0.00,0.00,0.0,0.000,0.002,14.299,35.549,0.00
1786296245,bench_mixed,0.00,0.00,0.0,0.000,0.002,14.299,35.549,0.00
1786296250,bench_mixed,0.00,0.00,0.0,0.000,0.002,14.299,35.549,0.00
1786296255,bench_mixed,0.00,0.00,0.0,0.000,0.002,14.299,35.550,0.00
1786296260,bench_mixed,0.00,0.00,0.0,0.000,0.002,14.299,35.548,0.00
1786296265,bench_mixed,0.00,0.00,0.0,0.000,0.002,14.299,35.547,0.00
1786296270,bench_mixed,0.00,0.00,0.0,0.000,0.002,14.299,35.547,0.00
1786296275,bench_mixed,0.00,0.00,0.0,0.000,0.002,14.299,35.547,0.00
1786296280,bench_mixed,0.00,0.00,0.0,0.000,0.002,14.299,35.550,0.00
1786296285,bench_mixed,0.00,0.00,0.0,0.000,0.002,14.299,35.549,0.00
1786296290,bench_mixed,0.00,0.00,0.0,0.000,0.002,14.299,35.550,0.00
1786296295,bench_mixed,0.00,0.00,0.0,0.000,0.002,14.299,35.549,0.00
1786296300,bench_mixed,0.00,0.00,0.0,0.000,0.002,14.299,35.551,0.00
1786296305,bench_mixed,0.00,0.00,0.0,0.000,0.002,14.299,35.543,0.02
1786296310,bench_mixed,0.00,0.00,0.0,0.000,0.002,14.299,35.533,0.04
1786296315,bench_mixed,0.00,0.00,0.0,0.000,0.002,14.299,35.534,0.00
1786296320,bench_mixed,0.00,0.00,0.0,0.000,0.002,14.299,35.534,0.00
1786296325,bench_mixed,0.00,0.00,0.0,0.000,0.002,14.299,35.537,0.00
1786296330,bench_mixed,0.00,0.00,0.0,0.000,0.002,14.299,35.536,0.00
1786296336,bench_mixed,0.00,0.00,0.0,0.000,0.002,14.299,35.535,0.00
1786296341,bench_mixed,0.00,0.00,0.0,0.000,0.002,14.299,35.536,0.00
1786296346,bench_mixed,0.00,0.00,0.0,0.000,0.002,14.299,35.537,0.00
1786296351,bench_mixed,0.00,0.00,0.0,0.000,0.002,14.299,35.538,0.00
1786296356,bench_mixed,0.00,0.00,0.0,0.000,0.002,14.299,35.537,0.00
1786296361,bench_mixed,0.00,0.00,0.0,0.000,0.002,14.299,35.538,0.00
1786296366,bench_mixed,0.00,0.00,0.0,0.000,0.002,14.299,35.542,0.00
1786296371,bench_mixed,0.00,0.00,0.0,0.000,0.002,14.299,35.543,0.00
1786296376,bench_mixed,0.00,0.00,0.0,0.000,0.002,14.299,35.542,0.00
1786296381,bench_mixed,0.00,0.00,0.0,0.000,0.002,14.299,35.542,0.00
1786296386,bench_mixed,0.00,0.00,0.0,0.000,0.002,14.299,35.543,0.00
1786296391,bench_mixed,0.00,0.00,0.0,0.000,0.002,14.299,35.543,0.00
1786296396,bench_mixed,0.00,0.00,0.0,0.000,0.002,14.299,35.545,0.00
1786296401,bench_mixed,0.00,0.00,0.0,0.000,0.002,14.299,35.544,0.00
1786296406,bench_mixed,0.00,0.00,0.0,0.000,0.002,14.299,35.544,0.00
1786296411,bench_mixed,0.00,0.00,0.0,0.000,0.002,14.299,35.544,0.00
1786296416,bench_mixed,0.00,0.00,0.0,0.000,0.002,14.299,35.544,0.00
1786296421,bench_mixed,0.00,0.00,0.0,0.000,0.002,14.299,35.545,0.00
1786296426,bench_mixed,0.00,0.00,0.0,0.000,0.002,14.299,35.545,0.00
1786296432,bench_mixed,0.00,0.00,0.0,0.000,0.002,14.299,35.545,0.00
1786296437,bench_mixed,0.00,0.00,0.0,0.000,0.002,14.299,35.543,0.00
1786296442,bench_mixed,0.00,0.00,0.0,0.000,0.002,14.299,35.543,0.00
1786296447,bench_mixed,0.00,0.00,0.0,0.000,0.002,14.299,35.541,0.00
1786296452,bench_mixed,0.00,0.00,0.0,0.000,0.002,14.299,35.541,0.00
1786296457,bench_mixed,0.00,0.00,0.0,0.000,0.002,14.299,35.542,0.00
1786296462,bench_mixed,0.00,0.00,0.0,0.000,0.002,14.299,35.543,0.00
1786296467,bench_mixed,0.00,0.00,0.0,0.000,0.002,14.299,35.544,0.00
1786296472,bench_mixed,0.00,0.00,0.0,0.000,0.002,14.299,35.544,0.00
1786296477,bench_mixed,0.00,0.00,0.0,0.000,0.002,14.299,35.545,0.00
1786296482,bench_mixed,0.00,0.00,0.0,0.000,0.002,14.299,35.545,0.00
1786296487,bench_mixed,0.00,0.00,0.0,0.000,0.002,14.299,35.548,0.00
1786296492,bench_mixed,0.00,0.00,0.0,0.000,0.002,14.299,35.547,0.00
1786296497,bench_mixed,0.00,0.00,0.0,0.000,0.002,14.299,35.547,0.00
1786296502,bench_mixed,0.00,0.00,0.0,0.000,0.002,14.299,35.547,0.00
1786296507,bench_mixed,0.00,0.00,0.0,0.000,0.002,14.299,35.545,0.00
1786296512,bench_mixed,0.00,0.00,0.0,0.000,0.002,14.299,35.545,0.00
1786296517,bench_mixed,0.00,0.00,0.0,0.000,0.002,14.299,35.543,0.00
1786296522,bench_mixed,0.00,0.00,0.0,0.000,0.002,14.299,35.544,0.00
1786296528,bench_mixed,0.00,0.00,0.0,0.000,0.002,14.299,35.544,0.00
1786296533,bench_mixed,0.00,0.00,0.0,0.000,0.002,14.299,35.545,0.00
1786296538,bench_mixed,0.00,0.00,0.0,0.000,0.002,14.299,35.544,0.00
1786296543,bench_mixed,0.00,0.00,0.0,0.000,0.002,14.299,35.544,0.00
1786296548,bench_mixed,0.00,0.00,0.0,0.000,0.002,14.299,35.546,0.00
1786296553,bench_mixed,0.00,0.00,0.0,0.000,0.002,14.299,35.546,0.00
1786296558,bench_mixed,0.00,0.00,0.0,0.000,0.002,14.299,35.547,0.00
1786296563,bench_mixed,0.00,0.00,0.0,0.000,0.002,14.299,35.547,0.00
1786296568,bench_mixed,0.00,0.00,0.0,0.000,0.002,14.299,35.547,0.00
1786296573,bench_mixed,0.00,0.00,0.0,0.000,0.002,14.299,35.547,0.00
1786296578,bench_mixed,0.00,0.00,0.0,0.000,0.002,14.299,35.546,0.00
1786296583,bench_mixed,0.00,0.00,0.0,0.000,0.002,14.299,35.546,0.00
1786296588,bench_mixed,0.00,0.00,0.0,0.000,0.002,14.299,35.544,0.00
1786296593,bench_mixed,0.00,0.00,0.0,0.000,0.002,14.299,35.545,0.00
1786296598,bench_mixed,0.00,0.00,0.0,0.000,0.002,14.299,35.545,0.00
1786296603,bench_mixed,0.00,0.00,0.0,0.000,0.002,14.299,35.545,0.00
1786296608,bench_mixed,0.00,0.00,0.0,0.000,0.002,14.299,35.538,0.06
1786296613,bench_mixed,0.00,0.00,0.0,0.000,0.002,14.299,35.537,0.00
1786296619,bench_mixed,0.00,0.00,0.0,0.000,0.002,14.299,35.538,0.00
1786296624,bench_mixed,0.00,0.00,0.0,0.000,0.002,14.299,35.538,0.00
1786296629,bench_mixed,0.00,0.00,0.0,0.000,0.002,14.299,35.537,0.00
1786296634,bench_mixed,0.00,0.00,0.0,0.000,0.002,14.299,35.537,0.00
1786296639,bench_mixed,0.00,0.00,0.0,0.000,0.002,14.299,35.540,0.00
1786296644,bench_mixed,0.00,0.00,0.0,0.000,0.002,14.299,35.541,0.00
1786296649,bench_mixed,0.00,0.00,0.0,0.000,0.002,14.299,35.544,0.00
1786296654,bench_mixed,0.00,0.00,0.0,0.000,0.002,14.299,35.544,0.00
1786296659,bench_mixed,0.00,0.00,0.0,0.000,0.002,14.299,35.545,0.00
1786296664,bench_mixed,0.00,0.00,0.0,0.000,0.002,14.299,35.545,0.00
1786296669,bench_mixed,0.00,0.00,0.0,0.000,0.002,14.299,35.547,0.00
1786296674,bench_mixed,0.00,0.00,0.0,0.000,0.002,14.299,35.547,0.00
1786296679,bench_mixed,0.00,0.00,0.0,0.000,0.002,14.299,35.547,0.00
1786296684,bench_mixed,0.00,0.00,0.0,0.000,0.002,14.299,35.547,0.00
1786296689,bench_mixed,0.00,0.00,0.0,0.000,0.002,14.299,35.545,0.00
1786296694,bench_mixed,0.00,0.00,0.0,0.000,0.002,14.299,35.547,0.00
1786296699,bench_mixed,0.00,0.00,0.0,0.000,0.002,14.299,35.547,0.00
1786296704,bench_mixed,0.00,0.00,0.0,0.000,0.002,14.299,35.549,0.00
1786296709,bench_mixed,0.00,0.00,0.0,0.000,0.002,14.299,35.550,0.00
1786296715,bench_mixed,0.00,0.00,0.0,0.000,0.002,14.299,35.550,0.00
1786296720,bench_mixed,0.00,0.00,0.0,0.000,0.002,14.299,35.549,0.00
1786296725,bench_mixed,0.00,0.00,0.0,0.000,0.002,14.299,35.549,0.00
1786296730,bench_mixed,0.00,0.00,0.0,0.000,0.002,14.299,35.550,0.00
1786296735,bench_mixed,0.00,0.00,0.0,0.000,0.002,14.299,35.552,0.00
1786296740,bench_mixed,0.00,0.00,0.0,0.000,0.002,14.299,35.552,0.00
1786296745,bench_mixed,0.00,0.00,0.0,0.000,0.002,14.299,35.552,0.00
1786296750,bench_mixed,0.00,0.00,0.0,0.000,0.002,14.299,35.552,0.00
1786296755,bench_mixed,0.00,0.00,0.0,0.000,0.002,14.299,35.551,0.00
1786296760,bench_mixed,0.00,0.00,0.0,0.000,0.002,14.299,35.551,0.00
1786296765,bench_mixed,0.00,0.00,0.0,0.000,0.002,14.299,35.552,0.00
1786296770,bench_mixed,0.00,0.00,0.0,0.000,0.002,14.299,35.551,0.00
1786296775,bench_mixed,0.00,0.00,0.0,0.000,0.002,14.299,35.551,0.00
1786296780,bench_mixed,0.00,0.00,0.0,0.000,0.002,14.299,35.550,0.00
1786296785,bench_mixed,0.00,0.00,0.0,0.000,0.002,14.299,35.549,0.00
1786296790,bench_mixed,0.00,0.00,0.0,0.000,0.002,14.299,35.549,0.00
1786296795,bench_mixed,0.00,0.00,0.0,0.000,0.002,14.299,35.547,0.00
1786296800,bench_mixed,0.00,0.00,0.0,0.000,0.002,14.299,35.547,0.00
1786296805,bench_mixed,0.00,0.00,0.0,0.000,0.002,14.299,35.546,0.00
1786296811,bench_mixed,0.00,0.00,0.0,0.000,0.002,14.299,35.546,0.00
1786296816,bench_mixed,0.00,0.00,0.0,0.000,0.002,14.299,35.545,0.00
1786296821,bench_mixed,0.00,0.00,0.0,0.000,0.002,14.299,35.547,0.00
1786296826,bench_mixed,0.00,0.00,0.0,0.000,0.002,14.299,35.543,0.00
1786296831,bench_mixed,0.00,0.00,0.0,0.000,0.002,14.299,35.543,0.00
1786296836,bench_mixed,0.00,0.00,0.0,0.000,0.002,14.299,35.545,0.00
1786296841,bench_mixed,0.00,0.00,0.0,0.000,0.002,14.299,35.544,0.00
1786296846,bench_mixed,0.00,0.00,0.0,0.000,0.002,14.299,35.544,0.00
1786296851,bench_mixed,0.00,0.00,0.0,0.000,0.002,14.299,35.545,0.00
1786296856,bench_mixed,0.00,0.00,0.0,0.000,0.002,14.299,35.543,0.00
1786296861,bench_mixed,0.00,0.00,0.0,0.000,0.002,14.299,35.545,0.00
1786296866,bench_mixed,0.00,0.00,0.0,0.000,0.002,14.299,35.544,0.00
1786296871,bench_mixed,0.00,0.00,0.0,0.000,0.002,14.299,35.544,0.00
1786296876,bench_mixed,0.00,0.00,0.0,0.000,0.002,14.299,35.542,0.00
1786296881,bench_mixed,0.00,0.00,0.0,0.000,0.002,14.299,35.543,0.00
1786296886,bench_mixed,0.00,0.00,0.0,0.000,0.002,14.299,35.541,0.00
1786296891,bench_mixed,0.00,0.00,0.0,0.000,0.002,14.299,35.541,0.00
1786296896,bench_mixed,0.00,0.00,0.0,0.000,0.002,14.299,35.539,0.00
1786296901,bench_mixed,0.00,0.00,0.0,0.000,0.002,14.299,35.540,0.00
1786296907,bench_mixed,0.00,0.00,0.0,0.000,0.002,14.299,35.530,0.04
1786296912,bench_mixed,0.00,0.00,0.0,0.000,0.002,14.299,35.528,0.01
1786296917,bench_mixed,0.00,0.00,0.0,0.000,0.002,14.299,35.530,0.00
1786296922,bench_mixed,0.00,0.00,0.0,0.000,0.002,14.299,35.531,0.00
1786296927,bench_mixed,0.00,0.00,0.0,0.000,0.002,14.299,35.533,0.00
1786296932,bench_mixed,0.00,0.00,0.0,0.000,0.002,14.299,35.535,0.00
1786296937,bench_mixed,0.00,0.00,0.0,0.000,0.002,14.299,35.537,0.00
1786296942,bench_mixed,0.00,0.00,0.0,0.000,0.002,14.299,35.537,0.00
1786296947,bench_mixed,0.00,0.00,0.0,0.000,0.002,14.299,35.538,0.00
1786296952,bench_mixed,0.00,0.00,0.0,0.000,0.002,14.299,35.539,0.00
1786296957,bench_mixed,0.00,0.00,0.0,0.000,0.002,14.299,35.536,0.00
1786296962,bench_mixed,0.00,0.00,0.0,0.000,0.002,14.299,35.537,0.00
1786296967,bench_mixed,0.00,0.00,0.0,0.000,0.002,14.299,35.537,0.00
1786296972,bench_mixed,0.00,0.00,0.0,0.000,0.002,14.299,35.537,0.00
1786296977,bench_mixed,0.00,0.00,0.0,0.000,0.002,14.299,35.537,0.00
1786296982,bench_mixed,0.00,0.00,0.0,0.000,0.002,14.299,35.538,0.00
1786296987,bench_mixed,0.00,0.00,0.0,0.000,0.002,14.299,35.541,0.00
1786296992,bench_mixed,0.00,0.00,0.0,0.000,0.002,14.299,35.541,0.00
1786296997,bench_mixed,0.00,0.00,0.0,0.000,0.002,14.299,35.540,0.00
1786297003,bench_mixed,0.00,0.00,0.0,0.000,0.002,14.299,35.541,0.00
1786297008,bench_mixed,0.00,0.00,0.0,0.000,0.002,14.299,35.542,0.00
1786297013,bench_mixed,0.00,0.00,0.0,0.000,0.002,14.299,35.542,0.00
1786297018,bench_mixed,0.00,0.00,0.0,0.000,0.002,14.299,35.542,0.00
1786297023,bench_mixed,0.00,0.00,0.0,0.000,0.002,14.299,35.542,0.00
1786297028,bench_mixed,0.00,0.00,0.0,0.000,0.002,14.299,35.541,0.00
1786297033,bench_mixed,0.00,0.00,0.0,0.000,0.002,14.299,35.541,0.00
1786297038,bench_mixed,0.00,0.00,0.0,0.000,0.002,14.299,35.541,0.00
1786297043,bench_mixed,0.00,0.00,0.0,0.000,0.002,14.299,35.541,0.00
1786297048,bench_mixed,0.00,0.00,0.0,0.000,0.002,14.299,35.538,0.00
1786297053,bench_mixed,0.00,0.00,0.0,0.000,0.002,14.299,35.539,0.00
1786297058,bench_mixed,0.00,0.00,0.0,0.000,0.002,14.299,35.540,0.00
1786297063,bench_mixed,0.00,0.00,0.0,0.000,0.002,14.299,35.542,0.00
1786297068,bench_mixed,0.00,0.00,0.0,0.000,0.002,14.299,35.542,0.00
1786297073,bench_mixed,0.00,0.00,0.0,0.000,0.002,14.299,35.545,0.00
1786297078,bench_mixed,0.00,0.00,0.0,0.000,0.002,14.299,35.545,0.00
1786297083,bench_mixed,0.00,0.00,0.0,0.000,0.002,14.299,35.543,0.00
1786297088,bench_mixed,0.00,0.00,0.0,0.000,0.002,14.299,35.544,0.00
1786297093,bench_mixed,0.00,0.00,0.0,0.000,0.002,14.299,35.547,0.00
1786297099,bench_mixed,0.00,0.00,0.0,0.000,0.002,14.299,35.547,0.00
1786297104,bench_mixed,0.00,0.00,0.0,0.000,0.002,14.299,35.547,0.00
1786297109,bench_mixed,0.00,0.00,0.0,0.000,0.002,14.299,35.547,0.00
1786297114,bench_mixed,0.00,0.00,0.0,0.000,0.002,14.299,35.546,0.00
1786297119,bench_mixed,0.00,0.00,0.0,0.000,0.002,14.299,35.547,0.00
1786297124,bench_mixed,0.00,0.00,0.0,0.000,0.002,14.299,35.549,0.00
1786297129,bench_mixed,0.00,0.00,0.0,0.000,0.002,14.299,35.550,0.00
1786297134,bench_mixed,0.00,0.00,0.0,0.000,0.002,14.299,35.550,0.00
1786297139,bench_mixed,0.00,0.00,0.0,0.000,0.002,14.299,35.550,0.00
1786297144,bench_mixed,0.00,0.00,0.0,0.000,0.002,14.299,35.553,0.00
1786297149,bench_mixed,0.00,0.00,0.0,0.000,0.002,14.299,35.553,0.00
1786297154,bench_mixed,0.00,0.00,0.0,0.000,0.002,14.299,35.551,0.00
1786297159,bench_mixed,0.00,0.00,0.0,0.000,0.002,14.299,35.551,0.00
1786297164,bench_mixed,0.00,0.00,0.0,0.000,0.002,14.299,35.549,0.00
1786297169,bench_mixed,0.00,0.00,0.0,0.000,0.002,14.299,35.550,0.00
1786297174,bench_mixed,0.00,0.00,0.0,0.000,0.002,14.299,35.551,0.00
1786297179,bench_mixed,0.00,0.00,0.0,0.000,0.002,14.299,35.551,0.00
1786297184,bench_mixed,0.00,0.00,0.0,0.000,0.002,14.299,35.550,0.00
1786297189,bench_mixed,0.00,0.00,0.0,0.000,0.002,14.299,35.549,0.00
1786297195,bench_mixed,0.00,0.00,0.0,0.000,0.002,14.299,35.550,0.00
1786297200,bench_mixed,0.00,0.00,0.0,0.000,0.002,14.299,35.549,0.00
1786297205,bench_mixed,0.00,0.00,0.0,0.000,0.002,14.299,35.548,0.00
1786297210,bench_mixed,0.00,0.00,0.0,0.000,0.002,14.299,35.534,0.06
1786297215,bench_mixed,0.00,0.00,0.0,0.000,0.002,14.299,35.539,0.00
1786297220,bench_mixed,0.00,0.00,0.0,0.000,0.002,14.299,35.540,0.00
1786297225,bench_mixed,0.00,0.00,0.0,0.000,0.002,14.299,35.540,0.00
1786297230,bench_mixed,0.00,0.00,0.0,0.000,0.002,14.299,35.541,0.00
1786297235,bench_mixed,0.00,0.00,0.0,0.000,0.002,14.299,35.542,0.00
1786297240,bench_mixed,0.00,0.00,0.0,0.000,0.002,14.299,35.542,0.00
1786297245,bench_mixed,0.00,0.00,0.0,0.000,0.002,14.299,35.542,0.00
1786297250,bench_mixed,0.00,0.00,0.0,0.000,0.002,14.299,35.543,0.00
1786297255,bench_mixed,0.00,0.00,0.0,0.000,0.002,14.299,35.544,0.00
1786297260,bench_mixed,0.00,0.00,0.0,0.000,0.002,14.299,35.544,0.00
1786297265,bench_mixed,0.00,0.00,0.0,0.000,0.002,14.299,35.545,0.00
1786297270,bench_mixed,0.00,0.00,0.0,0.000,0.002,14.299,35.546,0.00
1786297275,bench_mixed,0.00,0.00,0.0,0.000,0.002,14.299,35.546,0.00
1786297280,bench_mixed,0.00,0.00,0.0,0.000,0.002,14.299,35.547,0.00
1786297286,bench_mixed,0.00,0.00,0.0,0.000,0.002,14.299,35.548,0.00
1786297291,bench_mixed,0.00,0.00,0.0,0.000,0.002,14.299,35.548,0.00
1786297296,bench_mixed,0.00,0.00,0.0,0.000,0.002,14.299,35.548,0.00
1786297301,bench_mixed,0.00,0.00,0.0,0.000,0.002,14.299,35.548,0.00
1786297306,bench_mixed,0.00,0.00,0.0,0.000,0.002,14.299,35.548,0.00
1786297311,bench_mixed,0.00,0.00,0.0,0.000,0.002,14.299,35.549,0.00
1786297316,bench_mixed,0.00,0.00,0.0,0.000,0.002,14.299,35.548,0.00
1786297321,bench_mixed,0.00,0.00,0.0,0.000,0.002,14.299,35.548,0.00
1786297326,bench_mixed,0.00,0.00,0.0,0.000,0.002,14.299,35.547,0.00
1786297331,bench_mixed,0.00,0.00,0.0,0.000,0.002,14.299,35.548,0.00
1786297336,bench_mixed,0.00,0.00,0.0,0.000,0.002,14.299,35.547,0.00
1786297341,bench_mixed,0.00,0.00,0.0,0.000,0.002,14.299,35.548,0.00
1786297346,bench_mixed,0.00,0.00,0.0,0.000,0.002,14.299,35.548,0.00
1786297351,bench_mixed,0.00,0.00,0.0,0.000,0.002,14.299,35.550,0.00
1786297356,bench_mixed,0.00,0.00,0.0,0.000,0.002,14.299,35.549,0.00
1786297361,bench_mixed,0.00,0.00,0.0,0.000,0.002,14.299,35.549,0.00
1786297366,bench_mixed,0.00,0.00,0.0,0.000,0.002,14.299,35.550,0.00
1786297371,bench_mixed,0.00,0.00,0.0,0.000,0.002,14.299,35.551,0.00
1786297376,bench_mixed,0.00,0.00,0.0,0.000,0.002,14.299,35.550,0.00
1786297382,bench_mixed,0.00,0.00,0.0,0.000,0.002,14.299,35.549,0.00
1786297387,bench_mixed,0.00,0.00,0.0,0.000,0.002,14.299,35.550,0.00
1786297392,bench_mixed,0.00,0.00,0.0,0.000,0.002,14.299,35.551,0.00
1786297397,bench_mixed,0.00,0.00,0.0,0.000,0.002,14.299,35.551,0.00
1786297402,bench_mixed,0.00,0.00,0.0,0.000,0.002,14.299,35.550,0.00
1786297407,bench_mixed,0.00,0.00,0.0,0.000,0.002,14.299,35.551,0.00
1786297412,bench_mixed,0.00,0.00,0.0,0.000,0.002,14.299,35.552,0.00
1786297417,bench_mixed,0.00,0.00,0.0,0.000,0.002,14.299,35.550,0.00
1786297422,bench_mixed,0.00,0.00,0.0,0.000,0.002,14.299,35.551,0.00
1786297427,bench_mixed,0.00,0.00,0.0,0.000,0.002,14.299,35.550,0.00
1786297432,bench_mixed,0.00,0.00,0.0,0.000,0.002,14.299,35.549,0.00
1786297437,bench_mixed,0.00,0.00,0.0,0.000,0.002,14.299,35.548,0.00
1786297442,bench_mixed,0.00,0.00,0.0,0.000,0.002,14.299,35.549,0.00
1786297447,bench_mixed,0.00,0.00,0.0,0.000,0.002,14.299,35.549,0.00
1786297452,bench_mixed,0.00,0.00,0.0,0.000,0.002,14.299,35.549,0.00
1786297457,bench_mixed,0.00,0.00,0.0,0.000,0.002,14.299,35.549,0.00
1786297462,bench_mixed,0.00,0.00,0.0,0.000,0.002,14.299,35.548,0.00
1786297467,bench_mixed,0.00,0.00,0.0,0.000,0.002,14.299,35.549,0.00
1786297472,bench_mixed,0.00,0.00,0.0,0.000,0.002,14.299,35.550,0.00
1786297478,bench_mixed,0.00,0.00,0.0,0.000,0.002,14.299,35.550,0.00
1786297483,bench_mixed,0.00,0.00,0.0,0.000,0.002,14.299,35.549,0.00
1786297488,bench_mixed,0.00,0.00,0.0,0.000,0.002,14.299,35.550,0.00
1786297493,bench_mixed,0.00,0.00,0.0,0.000,0.002,14.299,35.550,0.00
1786297498,bench_mixed,0.00,0.00,0.0,0.000,0.002,14.299,35.549,0.00
1786297503,bench_mixed,0.00,0.00,0.0,0.000,0.002,14.299,35.546,0.00
1786297508,bench_mixed,0.00,0.00,0.0,0.000,0.002,14.299,35.536,0.06
1786297513,bench_mixed,0.00,0.00,0.0,0.000,0.002,14.299,35.539,0.00
1786297518,bench_mixed,0.00,0.00,0.0,0.000,0.002,14.299,35.539,0.00
1786297523,bench_mixed,0.00,0.00,0.0,0.000,0.002,14.299,35.541,0.00
1786297528,bench_mixed,0.00,0.00,0.0,0.000,0.002,14.299,35.540,0.00
1786297533,bench_mixed,0.00,0.00,0.0,0.000,0.002,14.299,35.540,0.00
1786297538,bench_mixed,0.00,0.00,0.0,0.000,0.002,14.299,35.540,0.00
1786297543,bench_mixed,0.00,0.00,0.0,0.000,0.002,14.299,35.540,0.00
1786297548,bench_mixed,0.00,0.00,0.0,0.000,0.002,14.299,35.540,0.00
1786297553,bench_mixed,0.00,0.00,0.0,0.000,0.002,14.299,35.540,0.00
1786297558,bench_mixed,0.00,0.00,0.0,0.000,0.002,14.299,35.540,0.00
1786297563,bench_mixed,0.00,0.00,0.0,0.000,0.002,14.299,35.542,0.00
1786297568,bench_mixed,0.00,0.00,0.0,0.000,0.002,14.299,35.542,0.00
1786297574,bench_mixed,0.00,0.00,0.0,0.000,0.002,14.299,35.544,0.00
1786297579,bench_mixed,0.00,0.00,0.0,0.000,0.002,14.299,35.543,0.00
1786297584,bench_mixed,0.00,0.00,0.0,0.000,0.002,14.299,35.544,0.00
1786297589,bench_mixed,0.00,0.00,0.0,0.000,0.002,14.299,35.544,0.00
1786297594,bench_mixed,0.00,0.00,0.0,0.000,0.002,14.299,35.543,0.00
1786297599,bench_mixed,0.00,0.00,0.0,0.000,0.002,14.299,35.545,0.00
1786297604,bench_mixed,0.00,0.00,0.0,0.000,0.002,14.299,35.545,0.00
1786297609,bench_mixed,0.00,0.00,0.0,0.000,0.002,14.299,35.546,0.00
1786297614,bench_mixed,0.00,0.00,0.0,0.000,0.002,14.299,35.548,0.00
1786297619,bench_mixed,0.00,0.00,0.0,0.000,0.002,14.299,35.547,0.00
1786297624,bench_mixed,0.00,0.00,0.0,0.000,0.002,14.299,35.548,0.00
1786297629,bench_mixed,0.00,0.00,0.0,0.000,0.002,14.299,35.547,0.00
1786297634,bench_mixed,0.00,0.00,0.0,0.000,0.002,14.299,35.548,0.00
1786297639,bench_mixed,0.00,0.00,0.0,0.000,0.002,14.299,35.548,0.00
1786297644,bench_mixed,0.00,0.00,0.0,0.000,0.002,14.299,35.545,0.00
1786297649,bench_mixed,0.00,0.00,0.0,0.000,0.002,14.299,35.545,0.00
1786297654,bench_mixed,0.00,0.00,0.0,0.000,0.002,14.299,35.546,0.00
1786297659,bench_mixed,0.00,0.00,0.0,0.000,0.002,14.299,35.547,0.00
1786297664,bench_mixed,0.00,0.00,0.0,0.000,0.002,14.299,35.547,0.00
1786297670,bench_mixed,0.00,0.00,0.0,0.000,0.002,14.299,35.547,0.00
1786297675,bench_mixed,0.00,0.00,0.0,0.000,0.002,14.299,35.544,0.00
1786297680,bench_mixed,0.00,0.00,0.0,0.000,0.002,14.299,35.544,0.00
1786297685,bench_mixed,0.00,0.00,0.0,0.000,0.002,14.299,35.546,0.00
1786297690,bench_mixed,0.00,0.00,0.0,0.000,0.002,14.299,35.546,0.00
1786297695,bench_mixed,0.00,0.00,0.0,0.000,0.002,14.299,35.550,0.00
1786297700,bench_mixed,0.00,0.00,0.0,0.000,0.002,14.299,35.550,0.00
1786297705,bench_mixed,0.00,0.00,0.0,0.000,0.002,14.299,35.552,0.00
1786297710,bench_mixed,0.00,0.00,0.0,0.000,0.002,14.299,35.552,0.00
1786297715,bench_mixed,0.00,0.00,0.0,0.000,0.002,14.299,35.550,0.00
1786297720,bench_mixed,0.00,0.00,0.0,0.000,0.002,14.299,35.550,0.00
1786297725,bench_mixed,0.00,0.00,0.0,0.000,0.002,14.299,35.548,0.00
1786297730,bench_mixed,0.00,0.00,0.0,0.000,0.002,14.299,35.549,0.00
1786297735,bench_mixed,0.00,0.00,0.0,0.000,0.002,14.299,35.547,0.00
1786297740,bench_mixed,0.00,0.00,0.0,0.000,0.002,14.299,35.548,0.00
1786297745,bench_mixed,0.00,0.00,0.0,0.000,0.002,14.299,35.547,0.00
1786297750,bench_mixed,0.00,0.00,0.0,0.000,0.002,14.299,35.547,0.00
1786297755,bench_mixed,0.00,0.00,0.0,0.000,0.002,14.299,35.546,0.00
1786297761,bench_mixed,0.00,0.00,0.0,0.000,0.002,14.299,35.546,0.00
1786297766,bench_mixed,0.00,0.00,0.0,0.000,0.002,14.299,35.546,0.00
1786297771,bench_mixed,0.00,0.00,0.0,0.000,0.002,14.299,35.546,0.00
1786297776,bench_mixed,0.00,0.00,0.0,0.000,0.002,14.299,35.547,0.00
1786297781,bench_mixed,0.00,0.00,0.0,0.000,0.002,14.299,35.549,0.00
1786297786,bench_mixed,0.00,0.00,0.0,0.000,0.002,14.299,35.549,0.00
1786297791,bench_mixed,0.00,0.00,0.0,0.000,0.002,14.299,35.548,0.00
1786297796,bench_mixed,0.00,0.00,0.0,0.000,0.002,14.299,35.548,0.00
1786297801,bench_mixed,0.00,0.00,0.0,0.000,0.002,14.299,35.549,0.00
1786297806,bench_mixed,0.00,0.00,0.0,0.000,0.002,14.299,35.540,0.04
1786297811,bench_mixed,0.00,0.00,0.0,0.000,0.002,14.299,35.536,0.02
1786297816,bench_mixed,0.00,0.00,0.0,0.000,0.002,14.299,35.537,0.00
1786297821,bench_mixed,0.00,0.00,0.0,0.000,0.002,14.299,35.537,0.00
1786297826,bench_mixed,0.00,0.00,0.0,0.000,0.002,14.299,35.537,0.00
1786297831,bench_mixed,0.00,0.00,0.0,0.000,0.002,14.299,35.537,0.00
1786297836,bench_mixed,0.00,0.00,0.0,0.000,0.002,14.299,35.538,0.00
1786297841,bench_mixed,0.00,0.00,0.0,0.000,0.002,14.299,35.540,0.00
1786297846,bench_mixed,0.00,0.00,0.0,0.000,0.002,14.299,35.540,0.00
1786297851,bench_mixed,0.00,0.00,0.0,0.000,0.002,14.299,35.541,0.00
1786297857,bench_mixed,0.00,0.00,0.0,0.000,0.002,14.299,35.542,0.00
1786297862,bench_mixed,0.00,0.00,0.0,0.000,0.002,14.299,35.540,0.00
1786297867,bench_mixed,0.00,0.00,0.0,0.000,0.002,14.299,35.541,0.00
1786297872,bench_mixed,0.00,0.00,0.0,0.000,0.002,14.299,35.543,0.00
1786297877,bench_mixed,0.00,0.00,0.0,0.000,0.002,14.299,35.543,0.00
1786297882,bench_mixed,0.00,0.00,0.0,0.000,0.002,14.299,35.541,0.00
1786297887,bench_mixed,0.00,0.00,0.0,0.000,0.002,14.299,35.542,0.00
1786297892,bench_mixed,0.00,0.00,0.0,0.000,0.002,14.299,35.541,0.00
1786297897,bench_mixed,0.00,0.00,0.0,0.000,0.002,14.299,35.542,0.00
1786297902,bench_mixed,0.00,0.00,0.0,0.000,0.002,14.299,35.544,0.00
1786297907,bench_mixed,0.00,0.00,0.0,0.000,0.002,14.299,35.545,0.00
1786297912,bench_mixed,0.00,0.00,0.0,0.000,0.002,14.299,35.547,0.00
1786297917,bench_mixed,0.00,0.00,0.0,0.000,0.002,14.299,35.547,0.00
1786297922,bench_mixed,0.00,0.00,0.0,0.000,0.002,14.299,35.546,0.00
1786297927,bench_mixed,0.00,0.00,0.0,0.000,0.002,14.299,35.546,0.00
1786297932,bench_mixed,0.00,0.00,0.0,0.000,0.002,14.299,35.547,0.00
1786297937,bench_mixed,0.00,0.00,0.0,0.000,0.002,14.299,35.546,0.00
1786297942,bench_mixed,0.00,0.00,0.0,0.000,0.002,14.299,35.548,0.00
1786297947,bench_mixed,0.00,0.00,0.0,0.000,0.002,14.299,35.548,0.00
1786297953,bench_mixed,0.00,0.00,0.0,0.000,0.002,14.299,35.547,0.00
1786297958,bench_mixed,0.00,0.00,0.0,0.000,0.002,14.299,35.548,0.00
1786297963,bench_mixed,0.00,0.00,0.0,0.000,0.002,14.299,35.548,0.00
1786297968,bench_mixed,0.00,0.00,0.0,0.000,0.002,14.299,35.548,0.00
1786297973,bench_mixed,0.00,0.00,0.0,0.000,0.002,14.299,35.551,0.00
1786297978,bench_mixed,0.00,0.00,0.0,0.000,0.002,14.299,35.552,0.00
1786297983,bench_mixed,0.00,0.00,0.0,0.000,0.002,14.299,35.554,0.00
1786297988,bench_mixed,0.00,0.00,0.0,0.000,0.002,14.299,35.555,0.00
1786297993,bench_mixed,0.00,0.00,0.0,0.000,0.002,14.299,35.553,0.00
1786297998,bench_mixed,0.00,0.00,0.0,0.000,0.002,14.299,35.553,0.00
1786298003,bench_mixed,0.00,0.00,0.0,0.000,0.002,14.299,35.552,0.00
1786298008,bench_mixed,0.00,0.00,0.0,0.000,0.002,14.299,35.553,0.00
1786298013,bench_mixed,0.00,0.00,0.0,0.000,0.002,14.299,35.551,0.00
1786298018,bench_mixed,0.00,0.00,0.0,0.000,0.002,14.299,35.551,0.00
1786298023,bench_mixed,0.00,0.00,0.0,0.000,0.002,14.299,35.550,0.00
1786298028,bench_mixed,0.00,0.00,0.0,0.000,0.002,14.299,35.550,0.00
1786298033,bench_mixed,0.00,0.00,0.0,0.000,0.002,14.299,35.550,0.00
1786298038,bench_mixed,0.00,0.00,0.0,0.000,0.002,14.299,35.550,0.00
1786298043,bench_mixed,0.00,0.00,0.0,0.000,0.002,14.299,35.549,0.00
1786298049,bench_mixed,0.00,0.00,0.0,0.000,0.002,14.299,35.551,0.00
1786298054,bench_mixed,0.00,0.00,0.0,0.000,0.002,14.299,35.548,0.00
1786298059,bench_mixed,0.00,0.00,0.0,0.000,0.002,14.299,35.549,0.00
1786298064,bench_mixed,0.00,0.00,0.0,0.000,0.002,14.299,35.547,0.00
1786298069,bench_mixed,0.00,0.00,0.0,0.000,0.002,14.299,35.549,0.00
1786298074,bench_mixed,0.00,0.00,0.0,0.000,0.002,14.299,35.549,0.00
1786298079,bench_mixed,0.00,0.00,0.0,0.000,0.002,14.299,35.549,0.00
1786298084,bench_mixed,0.00,0.00,0.0,0.000,0.002,14.299,35.548,0.00
1786298089,bench_mixed,0.00,0.00,0.0,0.000,0.002,14.299,35.548,0.00
1786298094,bench_mixed,0.00,0.00,0.0,0.000,0.002,14.299,35.547,0.00
1786298099,bench_mixed,0.00,0.00,0.0,0.000,0.002,14.299,35.548,0.00
1786298104,bench_mixed,0.00,0.00,0.0,0.000,0.002,14.299,35.546,0.00
1786298109,bench_mixed,0.00,0.00,0.0,0.000,0.002,14.299,35.535,0.06
1786298114,bench_mixed,0.00,0.00,0.0,0.000,0.002,14.299,35.538,0.00
1786298119,bench_mixed,0.00,0.00,0.0,0.000,0.002,14.299,35.538,0.00
1786298124,bench_mixed,0.00,0.00,0.0,0.000,0.002,14.299,35.538,0.00
1786298129,bench_mixed,0.00,0.00,0.0,0.000,0.002,14.299,35.538,0.00
1786298134,bench_mixed,0.00,0.00,0.0,0.000,0.002,14.299,35.533,0.00
1786298140,bench_mixed,0.00,0.00,0.0,0.000,0.002,14.299,35.537,0.00
1786298145,bench_mixed,0.00,0.00,0.0,0.000,0.002,14.299,35.538,0.00
1786298150,bench_mixed,0.00,0.00,0.0,0.000,0.002,14.299,35.539,0.00
1786298155,bench_mixed,0.00,0.00,0.0,0.000,0.002,14.299,35.539,0.00
1786298160,bench_mixed,0.00,0.00,0.0,0.000,0.002,14.299,35.543,0.00
1786298165,bench_mixed,0.00,0.00,0.0,0.000,0.002,14.299,35.543,0.00
1786298170,bench_mixed,0.00,0.00,0.0,0.000,0.002,14.299,35.541,0.00
1786298175,bench_mixed,0.00,0.00,0.0,0.000,0.002,14.299,35.543,0.00
1786298180,bench_mixed,0.00,0.00,0.0,0.000,0.002,14.299,35.544,0.00
1786298185,bench_mixed,0.00,0.00,0.0,0.000,0.002,14.299,35.545,0.00
1786298190,bench_mixed,0.00,0.00,0.0,0.000,0.002,14.299,35.542,0.00
1786298195,bench_mixed,0.00,0.00,0.0,0.000,0.002,14.299,35.543,0.00
1786298200,bench_mixed,0.00,0.00,0.0,0.000,0.002,14.299,35.542,0.00
1786298205,bench_mixed,0.00,0.00,0.0,0.000,0.002,14.299,35.544,0.00
1786298210,bench_mixed,0.00,0.00,0.0,0.000,0.002,14.299,35.544,0.00
1786298215,bench_mixed,0.00,0.00,0.0,0.000,0.002,14.299,35.545,0.00
1786298220,bench_mixed,0.00,0.00,0.0,0.000,0.002,14.299,35.546,0.00
1786298225,bench_mixed,0.00,0.00,0.0,0.000,0.002,14.299,35.546,0.00
1786298230,bench_mixed,0.00,0.00,0.0,0.000,0.002,14.299,35.546,0.00
1786298236,bench_mixed,0.00,0.00,0.0,0.000,0.002,14.299,35.547,0.00
1786298241,bench_mixed,0.00,0.00,0.0,0.000,0.002,14.299,35.547,0.00
1786298246,bench_mixed,0.00,0.00,0.0,0.000,0.002,14.299,35.547,0.00
1786298251,bench_mixed,0.00,0.00,0.0,0.000,0.002,14.299,35.547,0.00
1786298256,bench_mixed,0.00,0.00,0.0,0.000,0.002,14.299,35.547,0.00
1786298261,bench_mixed,0.00,0.00,0.0,0.000,0.002,14.299,35.548,0.00
1786298266,bench_mixed,0.00,0.00,0.0,0.000,0.002,14.299,35.548,0.00
1786298271,bench_mixed,0.00,0.00,0.0,0.000,0.002,14.299,35.549,0.00
1786298276,bench_mixed,0.00,0.00,0.0,0.000,0.002,14.299,35.549,0.00
1786298281,bench_mixed,0.00,0.00,0.0,0.000,0.002,14.299,35.551,0.00
1786298286,bench_mixed,0.00,0.00,0.0,0.000,0.002,14.299,35.551,0.00
1786298291,bench_mixed,0.00,0.00,0.0,0.000,0.002,14.299,35.550,0.00
1786298296,bench_mixed,0.00,0.00,0.0,0.000,0.002,14.299,35.551,0.00
1786298301,bench_mixed,0.00,0.00,0.0,0.000,0.002,14.299,35.550,0.00
1786298306,bench_mixed,0.00,0.00,0.0,0.000,0.002,14.299,35.551,0.00
1786298311,bench_mixed,0.00,0.00,0.0,0.000,0.002,14.299,35.551,0.00
1786298316,bench_mixed,0.00,0.00,0.0,0.000,0.002,14.299,35.551,0.00
1786298321,bench_mixed,0.00,0.00,0.0,0.000,0.002,14.299,35.551,0.00
1786298326,bench_mixed,0.00,0.00,0.0,0.000,0.002,14.299,35.552,0.00
1786298332,bench_mixed,0.00,0.00,0.0,0.000,0.002,14.299,35.552,0.00
1786298337,bench_mixed,0.00,0.00,0.0,0.000,0.002,14.299,35.551,0.00
1786298342,bench_mixed,0.00,0.00,0.0,0.000,0.002,14.299,35.551,0.00
1786298347,bench_mixed,0.00,0.00,0.0,0.000,0.002,14.299,35.551,0.00
1786298352,bench_mixed,0.00,0.00,0.0,0.000,0.002,14.299,35.554,0.00
1786298357,bench_mixed,0.00,0.00,0.0,0.000,0.002,14.299,35.555,0.00
1786298362,bench_mixed,0.00,0.00,0.0,0.000,0.002,14.299,35.552,0.00
1786298367,bench_mixed,0.00,0.00,0.0,0.000,0.002,14.299,35.552,0.00
1786298372,bench_mixed,0.00,0.00,0.0,0.000,0.002,14.299,35.554,0.00
1786298377,bench_mixed,0.00,0.00,0.0,0.000,0.002,14.299,35.554,0.00
1786298382,bench_mixed,0.00,0.00,0.0,0.000,0.002,14.299,35.556,0.00
1786298387,bench_mixed,0.00,0.00,0.0,0.000,0.002,14.299,35.557,0.00
1786298392,bench_mixed,0.00,0.00,0.0,0.000,0.002,14.299,35.558,0.00
1786298397,bench_mixed,0.00,0.00,0.0,0.000,0.002,14.299,35.558,0.00
1786298402,bench_mixed,0.00,0.00,0.0,0.000,0.002,14.299,35.559,0.00
1786298407,bench_mixed,0.00,0.00,0.0,0.000,0.002,14.299,35.548,0.05
1786298412,bench_mixed,0.00,0.00,0.0,0.000,0.002,14.299,35.546,0.01
1786298417,bench_mixed,0.00,0.00,0.0,0.000,0.002,14.299,35.547,0.00
1786298422,bench_mixed,0.00,0.00,0.0,0.000,0.002,14.299,35.548,0.00
1786298428,bench_mixed,0.00,0.00,0.0,0.000,0.002,14.299,35.549,0.00
1786298433,bench_mixed,0.00,0.00,0.0,0.000,0.002,14.299,35.550,0.00
1786298438,bench_mixed,0.00,0.00,0.0,0.000,0.002,14.299,35.551,0.00
1786298443,bench_mixed,0.00,0.00,0.0,0.000,0.002,14.299,35.550,0.00
1786298448,bench_mixed,0.00,0.00,0.0,0.000,0.002,14.299,35.551,0.00
1786298453,bench_mixed,0.00,0.00,0.0,0.000,0.002,14.299,35.550,0.00
1786298458,bench_mixed,0.00,0.00,0.0,0.000,0.002,14.299,35.551,0.00
1786298463,bench_mixed,0.00,0.00,0.0,0.000,0.002,14.299,35.550,0.00
1786298468,bench_mixed,0.00,0.00,0.0,0.000,0.002,14.299,35.550,0.00
1786298473,bench_mixed,0.00,0.00,0.0,0.000,0.002,14.299,35.550,0.00
1786298478,bench_mixed,0.00,0.00,0.0,0.000,0.002,14.299,35.551,0.00
1786298483,bench_mixed,0.00,0.00,0.0,0.000,0.002,14.299,35.550,0.00
1786298488,bench_mixed,0.00,0.00,0.0,0.000,0.002,14.299,35.551,0.00
1786298493,bench_mixed,0.00,0.00,0.0,0.000,0.002,14.299,35.542,0.00
1786298498,bench_mixed,0.00,0.00,0.0,0.000,0.002,14.299,35.550,0.00
1786298503,bench_mixed,0.00,0.00,0.0,0.000,0.002,14.299,35.549,0.00
1786298508,bench_mixed,0.00,0.00,0.0,0.000,0.002,14.299,35.548,0.00
1786298513,bench_mixed,0.00,0.00,0.0,0.000,0.002,14.299,35.548,0.00
1786298518,bench_mixed,0.00,0.00,0.0,0.000,0.002,14.299,35.546,0.00
1786298524,bench_mixed,0.00,0.00,0.0,0.000,0.002,14.299,35.546,0.00
1786298529,bench_mixed,0.00,0.00,0.0,0.000,0.002,14.299,35.545,0.00
1786298534,bench_mixed,0.00,0.00,0.0,0.000,0.002,14.299,35.547,0.00
1786298539,bench_mixed,0.00,0.00,0.0,0.000,0.002,14.299,35.548,0.00
1786298544,bench_mixed,0.00,0.00,0.0,0.000,0.002,14.299,35.548,0.00
1786298549,bench_mixed,0.00,0.00,0.0,0.000,0.002,14.299,35.547,0.00
1786298554,bench_mixed,0.00,0.00,0.0,0.000,0.002,14.299,35.547,0.00
1786298559,bench_mixed,0.00,0.00,0.0,0.000,0.002,14.299,35.547,0.00
1786298564,bench_mixed,0.00,0.00,0.0,0.000,0.002,14.299,35.548,0.00
1786298569,bench_mixed,0.00,0.00,0.0,0.000,0.002,14.299,35.547,0.00
1786298574,bench_mixed,0.00,0.00,0.0,0.000,0.002,14.299,35.546,0.00
1786298579,bench_mixed,0.00,0.00,0.0,0.000,0.002,14.299,35.545,0.00
1786298584,bench_mixed,0.00,0.00,0.0,0.000,0.002,14.299,35.545,0.00
1786298589,bench_mixed,0.00,0.00,0.0,0.000,0.002,14.299,35.546,0.00
1786298594,bench_mixed,0.00,0.00,0.0,0.000,0.002,14.299,35.546,0.00
1786298599,bench_mixed,0.00,0.00,0.0,0.000,0.002,14.299,35.547,0.00
1786298604,bench_mixed,0.00,0.00,0.0,0.000,0.002,14.299,35.547,0.00
1786298609,bench_mixed,0.00,0.00,0.0,0.000,0.002,14.299,35.547,0.00
1786298615,bench_mixed,0.00,0.00,0.0,0.000,0.002,14.299,35.548,0.00
1786298620,bench_mixed,0.00,0.00,0.0,0.000,0.002,14.299,35.547,0.00
1786298625,bench_mixed,0.00,0.00,0.0,0.000,0.002,14.299,35.548,0.00
1786298630,bench_mixed,0.00,0.00,0.0,0.000,0.002,14.299,35.546,0.00
1786298635,bench_mixed,0.00,0.00,0.0,0.000,0.002,14.299,35.545,0.00
1786298640,bench_mixed,0.00,0.00,0.0,0.000,0.002,14.299,35.545,0.00
1786298645,bench_mixed,0.00,0.00,0.0,0.000,0.002,14.299,35.546,0.00
1786298650,bench_mixed,0.00,0.00,0.0,0.000,0.002,14.299,35.547,0.00
1786298655,bench_mixed,0.00,0.00,0.0,0.000,0.002,14.299,35.547,0.00
1786298660,bench_mixed,0.00,0.00,0.0,0.000,0.002,14.299,35.546,0.00
1786298665,bench_mixed,0.00,0.00,0.0,0.000,0.002,14.299,35.545,0.00
1786298670,bench_mixed,0.00,0.00,0.0,0.000,0.002,14.299,35.548,0.00
1786298675,bench_mixed,0.00,0.00,0.0,0.000,0.002,14.299,35.548,0.00
1786298680,bench_mixed,0.00,0.00,0.0,0.000,0.002,14.299,35.547,0.00
1786298685,bench_mixed,0.00,0.00,0.0,0.000,0.002,14.299,35.547,0.00
1786298690,bench_mixed,0.00,0.00,0.0,0.000,0.002,14.299,35.548,0.00
1786298695,bench_mixed,0.00,0.00,0.0,0.000,0.002,14.299,35.548,0.00
1786298700,bench_mixed,0.00,0.00,0.0,0.000,0.002,14.299,35.545,0.00
1786298705,bench_mixed,0.00,0.00,0.0,0.000,0.002,14.299,35.543,0.00
1786298711,bench_mixed,0.00,0.00,0.0,0.000,0.002,14.299,35.532,0.05
1786298716,bench_mixed,0.00,0.00,0.0,0.000,0.002,14.299,35.532,0.00
1786298721,bench_mixed,0.00,0.00,0.0,0.000,0.002,14.299,35.533,0.00
1786298726,bench_mixed,0.00,0.00,0.0,0.000,0.002,14.299,35.533,0.00
1786298731,bench_mixed,0.00,0.00,0.0,0.000,0.002,14.299,35.536,0.00
1786298736,bench_mixed,0.00,0.00,0.0,0.000,0.002,14.299,35.536,0.00
1786298741,bench_mixed,0.00,0.00,0.0,0.000,0.002,14.299,35.538,0.00
1786298746,bench_mixed,0.00,0.00,0.0,0.000,0.002,14.299,35.539,0.00
1786298751,bench_mixed,0.00,0.00,0.0,0.000,0.002,14.299,35.538,0.00
1786298756,bench_mixed,0.00,0.00,0.0,0.000,0.002,14.299,35.538,0.00
1786298761,bench_mixed,0.00,0.00,0.0,0.000,0.002,14.299,35.538,0.00
1786298766,bench_mixed,0.00,0.00,0.0,0.000,0.002,14.299,35.537,0.00
1786298771,bench_mixed,0.00,0.00,0.0,0.000,0.002,14.299,35.538,0.00
1786298776,bench_mixed,0.00,0.00,0.0,0.000,0.002,14.299,35.538,0.00
1786298781,bench_mixed,0.00,0.00,0.0,0.000,0.002,14.299,35.540,0.00
1786298786,bench_mixed,0.00,0.00,0.0,0.000,0.002,14.299,35.540,0.00
1786298791,bench_mixed,0.00,0.00,0.0,0.000,0.002,14.299,35.539,0.00
1786298796,bench_mixed,0.00,0.00,0.0,0.000,0.002,14.299,35.539,0.00
1786298801,bench_mixed,0.00,0.00,0.0,0.000,0.002,14.299,35.540,0.00
1786298807,bench_mixed,0.00,0.00,0.0,0.000,0.002,14.299,35.540,0.00
1786298812,bench_mixed,0.00,0.00,0.0,0.000,0.002,14.299,35.542,0.00
1786298817,bench_mixed,0.00,0.00,0.0,0.000,0.002,14.299,35.543,0.00
1786298822,bench_mixed,0.00,0.00,0.0,0.000,0.002,14.299,35.543,0.00
1786298827,bench_mixed,0.00,0.00,0.0,0.000,0.002,14.299,35.543,0.00
1786298832,bench_mixed,0.00,0.00,0.0,0.000,0.002,14.299,35.543,0.00
1786298837,bench_mixed,0.00,0.00,0.0,0.000,0.002,14.299,35.543,0.00
1786298842,bench_mixed,0.00,0.00,0.0,0.000,0.002,14.299,35.542,0.00
1786298847,bench_mixed,0.00,0.00,0.0,0.000,0.002,14.299,35.541,0.00
1786298852,bench_mixed,0.00,0.00,0.0,0.000,0.002,14.299,35.539,0.00
1786298857,bench_mixed,0.00,0.00,0.0,0.000,0.002,14.299,35.539,0.00
1786298862,bench_mixed,0.00,0.00,0.0,0.000,0.002,14.299,35.539,0.00
1786298867,bench_mixed,0.00,0.00,0.0,0.000,0.002,14.299,35.542,0.00
1786298872,bench_mixed,0.00,0.00,0.0,0.000,0.002,14.299,35.541,0.00
1786298877,bench_mixed,0.00,0.00,0.0,0.000,0.002,14.299,35.543,0.00
1786298882,bench_mixed,0.00,0.00,0.0,0.000,0.002,14.299,35.542,0.00
1786298887,bench_mixed,0.00,0.00,0.0,0.000,0.002,14.299,35.547,0.00
1786298892,bench_mixed,0.00,0.00,0.0,0.000,0.002,14.299,35.547,0.00
1786298897,bench_mixed,0.00,0.00,0.0,0.000,0.002,14.299,35.546,0.00
1786298903,bench_mixed,0.00,0.00,0.0,0.000,0.002,14.299,35.546,0.00
1786298908,bench_mixed,0.00,0.00,0.0,0.000,0.002,14.299,35.546,0.00
1786298913,bench_mixed,0.00,0.00,0.0,0.000,0.002,14.299,35.546,0.00
1786298918,bench_mixed,0.00,0.00,0.0,0.000,0.002,14.299,35.546,0.00
1786298923,bench_mixed,0.00,0.00,0.0,0.000,0.002,14.299,35.546,0.00
1786298928,bench_mixed,0.00,0.00,0.0,0.000,0.002,14.299,35.545,0.00
1786298933,bench_mixed,0.00,0.00,0.0,0.000,0.002,14.299,35.545,0.00
1786298938,bench_mixed,0.00,0.00,0.0,0.000,0.002,14.299,35.545,0.00
1786298943,bench_mixed,0.00,0.00,0.0,0.000,0.002,14.299,35.545,0.00
1786298948,bench_mixed,0.00,0.00,0.0,0.000,0.002,14.299,35.545,0.00
1786298953,bench_mixed,0.00,0.00,0.0,0.000,0.002,14.299,35.545,0.00
1786298958,bench_mixed,0.00,0.00,0.0,0.000,0.002,14.299,35.545,0.00
1786298963,bench_mixed,0.00,0.00,0.0,0.000,0.002,14.299,35.545,0.00
1786298968,bench_mixed,0.00,0.00,0.0,0.000,0.002,14.299,35.544,0.00
1786298973,bench_mixed,0.00,0.00,0.0,0.000,0.002,14.299,35.545,0.00
1786298978,bench_mixed,0.00,0.00,0.0,0.000,0.002,14.299,35.546,0.00
1786298983,bench_mixed,0.00,0.00,0.0,0.000,0.002,14.299,35.546,0.00
1786298988,bench_mixed,0.00,0.00,0.0,0.000,0.002,14.299,35.546,0.00
1786298994,bench_mixed,0.00,0.00,0.0,0.000,0.002,14.299,35.546,0.00
1786298999,bench_mixed,0.00,0.00,0.0,0.000,0.002,14.299,35.548,0.00
1786299004,bench_mixed,0.00,0.00,0.0,0.000,0.002,14.299,35.548,0.00
1786299009,bench_mixed,0.00,0.00,0.0,0.000,0.002,14.299,35.535,0.06
1786299014,bench_mixed,0.00,0.00,0.0,0.000,0.002,14.299,35.536,0.00
1786299019,bench_mixed,0.00,0.00,0.0,0.000,0.002,14.299,35.536,0.00
1786299024,bench_mixed,0.00,0.00,0.0,0.000,0.002,14.299,35.537,0.00
1786299029,bench_mixed,0.00,0.00,0.0,0.000,0.002,14.299,35.541,0.00
1786299034,bench_mixed,0.00,0.00,0.0,0.000,0.002,14.299,35.541,0.00
1786299039,bench_mixed,0.00,0.00,0.0,0.000,0.002,14.299,35.544,0.00
1786299044,bench_mixed,0.00,0.00,0.0,0.000,0.002,14.299,35.544,0.00
1786299049,bench_mixed,0.00,0.00,0.0,0.000,0.002,14.299,35.544,0.00
1786299054,bench_mixed,0.00,0.00,0.0,0.000,0.002,14.299,35.545,0.00
1786299059,bench_mixed,0.00,0.00,0.0,0.000,0.002,14.299,35.547,0.00
1786299064,bench_mixed,0.00,0.00,0.0,0.000,0.002,14.299,35.547,0.00
1786299069,bench_mixed,0.00,0.00,0.0,0.000,0.002,14.299,35.548,0.00
1786299074,bench_mixed,0.00,0.00,0.0,0.000,0.002,14.299,35.548,0.00
1786299079,bench_mixed,0.00,0.00,0.0,0.000,0.002,14.299,35.550,0.00
1786299084,bench_mixed,0.00,0.00,0.0,0.000,0.002,14.299,35.550,0.00
1786299090,bench_mixed,0.00,0.00,0.0,0.000,0.002,14.299,35.550,0.00
1786299095,bench_mixed,0.00,0.00,0.0,0.000,0.002,14.299,35.550,0.00
1786299100,bench_mixed,0.00,0.00,0.0,0.000,0.002,14.299,35.551,0.00
1786299105,bench_mixed,0.00,0.00,0.0,0.000,0.002,14.299,35.551,0.00
1786299110,bench_mixed,0.00,0.00,0.0,0.000,0.002,14.299,35.550,0.00
1786299115,bench_mixed,0.00,0.00,0.0,0.000,0.002,14.299,35.550,0.00
1786299120,bench_mixed,0.00,0.00,0.0,0.000,0.002,14.299,35.551,0.00
1786299125,bench_mixed,0.00,0.00,0.0,0.000,0.002,14.299,35.551,0.00
1786299130,bench_mixed,0.00,0.00,0.0,0.000,0.002,14.299,35.550,0.00
1786299135,bench_mixed,0.00,0.00,0.0,0.000,0.002,14.299,35.550,0.00
1786299140,bench_mixed,0.00,0.00,0.0,0.000,0.002,14.299,35.550,0.00
1786299145,bench_mixed,0.00,0.00,0.0,0.000,0.002,14.299,35.551,0.00
1786299150,bench_mixed,0.00,0.00,0.0,0.000,0.002,14.299,35.551,0.00
1786299155,bench_mixed,0.00,0.00,0.0,0.000,0.002,14.299,35.551,0.00
1786299160,bench_mixed,0.00,0.00,0.0,0.000,0.002,14.299,35.552,0.00
1786299165,bench_mixed,0.00,0.00,0.0,0.000,0.002,14.299,35.552,0.00
1786299170,bench_mixed,0.00,0.00,0.0,0.000,0.002,14.299,35.552,0.00
1786299175,bench_mixed,0.00,0.00,0.0,0.000,0.002,14.299,35.553,0.00
1786299180,bench_mixed,0.00,0.00,0.0,0.000,0.002,14.299,35.552,0.00
1786299186,bench_mixed,0.00,0.00,0.0,0.000,0.002,14.299,35.553,0.00
1786299191,bench_mixed,0.00,0.00,0.0,0.000,0.002,14.299,35.550,0.00
1786299196,bench_mixed,0.00,0.00,0.0,0.000,0.002,14.299,35.550,0.00
1786299201,bench_mixed,0.00,0.00,0.0,0.000,0.002,14.299,35.550,0.00
1786299206,bench_mixed,0.00,0.00,0.0,0.000,0.002,14.299,35.549,0.00
1786299211,bench_mixed,0.00,0.00,0.0,0.000,0.002,14.299,35.550,0.00
1786299216,bench_mixed,0.00,0.00,0.0,0.000,0.002,14.299,35.549,0.00
1786299221,bench_mixed,0.00,0.00,0.0,0.000,0.002,14.299,35.549,0.00
1786299226,bench_mixed,0.00,0.00,0.0,0.000,0.002,14.299,35.550,0.00
1786299231,bench_mixed,0.00,0.00,0.0,0.000,0.002,14.299,35.550,0.00
1786299236,bench_mixed,0.00,0.00,0.0,0.000,0.002,14.299,35.550,0.00
1786299241,bench_mixed,0.00,0.00,0.0,0.000,0.002,14.299,35.550,0.00
1786299246,bench_mixed,0.00,0.00,0.0,0.000,0.002,14.299,35.550,0.00
1786299251,bench_mixed,0.00,0.00,0.0,0.000,0.002,14.299,35.550,0.00
1786299256,bench_mixed,0.00,0.00,0.0,0.000,0.002,14.299,35.551,0.00
1786299261,bench_mixed,0.00,0.00,0.0,0.000,0.002,14.299,35.550,0.00
1786299266,bench_mixed,0.00,0.00,0.0,0.000,0.002,14.299,35.553,0.00
1786299271,bench_mixed,0.00,0.00,0.0,0.000,0.002,14.299,35.553,0.00
1786299277,bench_mixed,0.00,0.00,0.0,0.000,0.002,14.299,35.550,0.00
1786299282,bench_mixed,0.00,0.00,0.0,0.000,0.002,14.299,35.549,0.00
1786299287,bench_mixed,0.00,0.00,0.0,0.000,0.002,14.299,35.548,0.00
1786299292,bench_mixed,0.00,0.00,0.0,0.000,0.002,14.299,35.547,0.00
1786299297,bench_mixed,0.00,0.00,0.0,0.000,0.002,14.299,35.547,0.00
1786299302,bench_mixed,0.00,0.00,0.0,0.000,0.002,14.299,35.547,0.00
1786299307,bench_mixed,0.00,0.00,0.0,0.000,0.002,14.299,35.537,0.04
1786299312,bench_mixed,0.00,0.00,0.0,0.000,0.002,14.299,35.538,0.01
1786299317,bench_mixed,0.00,0.00,0.0,0.000,0.002,14.299,35.538,0.00
1786299322,bench_mixed,0.00,0.00,0.0,0.000,0.002,14.299,35.538,0.00
1786299327,bench_mixed,0.00,0.00,0.0,0.000,0.002,14.299,35.539,0.00
1786299332,bench_mixed,0.00,0.00,0.0,0.000,0.002,14.299,35.539,0.00
1786299337,bench_mixed,0.00,0.00,0.0,0.000,0.002,14.299,35.544,0.00
1786299342,bench_mixed,0.00,0.00,0.0,0.000,0.002,14.299,35.544,0.00
1786299347,bench_mixed,0.00,0.00,0.0,0.000,0.002,14.299,35.546,0.00
1786299352,bench_mixed,0.00,0.00,0.0,0.000,0.002,14.299,35.546,0.00
1786299357,bench_mixed,0.00,0.00,0.0,0.000,0.002,14.299,35.545,0.00
1786299362,bench_mixed,0.00,0.00,0.0,0.000,0.002,14.299,35.546,0.00
1786299367,bench_mixed,0.00,0.00,0.0,0.000,0.002,14.299,35.544,0.00
1786299373,bench_mixed,0.00,0.00,0.0,0.000,0.002,14.299,35.544,0.00
1786299378,bench_mixed,0.00,0.00,0.0,0.000,0.002,14.299,35.545,0.00
1786299383,bench_mixed,0.00,0.00,0.0,0.000,0.002,14.299,35.545,0.00
1786299388,bench_mixed,0.00,0.00,0.0,0.000,0.002,14.299,35.545,0.00
1786299393,bench_mixed,0.00,0.00,0.0,0.000,0.002,14.299,35.547,0.00
1786299398,bench_mixed,0.00,0.00,0.0,0.000,0.002,14.299,35.546,0.00
1786299403,bench_mixed,0.00,0.00,0.0,0.000,0.002,14.299,35.546,0.00
1786299408,bench_mixed,0.00,0.00,0.0,0.000,0.002,14.299,35.546,0.00
1786299413,bench_mixed,0.00,0.00,0.0,0.000,0.002,14.299,35.545,0.00
1786299418,bench_mixed,0.00,0.00,0.0,0.000,0.002,14.299,35.546,0.00
1786299423,bench_mixed,0.00,0.00,0.0,0.000,0.002,14.299,35.544,0.00
1786299428,bench_mixed,0.00,0.00,0.0,0.000,0.002,14.299,35.544,0.00
1786299433,bench_mixed,0.00,0.00,0.0,0.000,0.002,14.299,35.544,0.00
1786299438,bench_mixed,0.00,0.00,0.0,0.000,0.002,14.299,35.544,0.00
1786299443,bench_mixed,0.00,0.00,0.0,0.000,0.002,14.299,35.543,0.00
1786299448,bench_mixed,0.00,0.00,0.0,0.000,0.002,14.299,35.543,0.00
1786299453,bench_mixed,0.00,0.00,0.0,0.000,0.002,14.299,35.543,0.00
1786299458,bench_mixed,0.00,0.00,0.0,0.000,0.002,14.299,35.543,0.00
1786299463,bench_mixed,0.00,0.00,0.0,0.000,0.002,14.299,35.545,0.00
1786299469,bench_mixed,0.00,0.00,0.0,0.000,0.002,14.299,35.546,0.00
1786299474,bench_mixed,0.00,0.00,0.0,0.000,0.002,14.299,35.547,0.00
1786299479,bench_mixed,0.00,0.00,0.0,0.000,0.002,14.299,35.546,0.00
1786299484,bench_mixed,0.00,0.00,0.0,0.000,0.002,14.299,35.546,0.00
1786299489,bench_mixed,0.00,0.00,0.0,0.000,0.002,14.299,35.545,0.00
1786299494,bench_mixed,0.00,0.00,0.0,0.000,0.002,14.299,35.545,0.00
1786299499,bench_mixed,0.00,0.00,0.0,0.000,0.002,14.299,35.545,0.00
1786299504,bench_mixed,0.00,0.00,0.0,0.000,0.002,14.299,35.546,0.00
1786299509,bench_mixed,0.00,0.00,0.0,0.000,0.002,14.299,35.547,0.00
1786299514,bench_mixed,0.00,0.00,0.0,0.000,0.002,14.299,35.547,0.00
1786299519,bench_mixed,0.00,0.00,0.0,0.000,0.002,14.299,35.545,0.00
1786299524,bench_mixed,0.00,0.00,0.0,0.000,0.002,14.299,35.545,0.00
1786299529,bench_mixed,0.00,0.00,0.0,0.000,0.002,14.299,35.544,0.00
1786299534,bench_mixed,0.00,0.00,0.0,0.000,0.002,14.299,35.545,0.00
1786299539,bench_mixed,0.00,0.00,0.0,0.000,0.002,14.299,35.546,0.00
1786299544,bench_mixed,0.00,0.00,0.0,0.000,0.002,14.299,35.547,0.00
1786299549,bench_mixed,0.00,0.00,0.0,0.000,0.002,14.299,35.548,0.00
1786299554,bench_mixed,0.00,0.00,0.0,0.000,0.002,14.299,35.549,0.00
1786299559,bench_mixed,0.00,0.00,0.0,0.000,0.002,14.299,35.553,0.00
1786299565,bench_mixed,0.00,0.00,0.0,0.000,0.002,14.299,35.554,0.00
1786299570,bench_mixed,0.00,0.00,0.0,0.000,0.002,14.299,35.552,0.00
1786299575,bench_mixed,0.00,0.00,0.0,0.000,0.002,14.299,35.551,0.00
1786299580,bench_mixed,0.00,0.00,0.0,0.000,0.002,14.299,35.554,0.00
1786299585,bench_mixed,0.00,0.00,0.0,0.000,0.002,14.299,35.553,0.00
1786299590,bench_mixed,0.00,0.00,0.0,0.000,0.002,14.299,35.551,0.00
1786299595,bench_mixed,0.00,0.00,0.0,0.000,0.002,14.299,35.551,0.00
1786299600,bench_mixed,0.00,0.00,0.0,0.000,0.002,14.299,35.549,0.00
1786299605,bench_mixed,0.00,0.00,0.0,0.000,0.002,14.299,35.549,0.00
1786299610,bench_mixed,0.00,0.00,0.0,0.000,0.002,14.299,35.540,0.06
1786299615,bench_mixed,0.00,0.00,0.0,0.000,0.002,14.299,35.541,0.00
1786299620,bench_mixed,0.00,0.00,0.0,0.000,0.002,14.299,35.542,0.00
1786299625,bench_mixed,0.00,0.00,0.0,0.000,0.002,14.299,35.544,0.00
1786299630,bench_mixed,0.00,0.00,0.0,0.000,0.002,14.299,35.544,0.00
1786299635,bench_mixed,0.00,0.00,0.0,0.000,0.002,14.299,35.548,0.00
1786299640,bench_mixed,0.00,0.00,0.0,0.000,0.002,14.299,35.547,0.00
1786299645,bench_mixed,0.00,0.00,0.0,0.000,0.002,14.299,35.549,0.00
1786299650,bench_mixed,0.00,0.00,0.0,0.000,0.002,14.299,35.550,0.00
1786299656,bench_mixed,0.00,0.00,0.0,0.000,0.002,14.299,35.547,0.00
1786299661,bench_mixed,0.00,0.00,0.0,0.000,0.002,14.299,35.546,0.00
1786299666,bench_mixed,0.00,0.00,0.0,0.000,0.002,14.299,35.544,0.00
1786299671,bench_mixed,0.00,0.00,0.0,0.000,0.002,14.299,35.544,0.00
1786299676,bench_mixed,0.00,0.00,0.0,0.000,0.002,14.299,35.545,0.00
1786299681,bench_mixed,0.00,0.00,0.0,0.000,0.002,14.299,35.544,0.00
1786299686,bench_mixed,0.00,0.00,0.0,0.000,0.002,14.299,35.546,0.00
1786299691,bench_mixed,0.00,0.00,0.0,0.000,0.002,14.299,35.546,0.00
1786299696,bench_mixed,0.00,0.00,0.0,0.000,0.002,14.299,35.544,0.00
1786299701,bench_mixed,0.00,0.00,0.0,0.000,0.002,14.299,35.545,0.00
1786299706,bench_mixed,0.00,0.00,0.0,0.000,0.002,14.299,35.544,0.00
1786299711,bench_mixed,0.00,0.00,0.0,0.000,0.002,14.299,35.544,0.00
1786299716,bench_mixed,0.00,0.00,0.0,0.000,0.002,14.299,35.543,0.00
1786299721,bench_mixed,0.00,0.00,0.0,0.000,0.002,14.299,35.543,0.00
1786299726,bench_mixed,0.00,0.00,0.0,0.000,0.002,14.299,35.541,0.00
1786299731,bench_mixed,0.00,0.00,0.0,0.000,0.002,14.299,35.542,0.00
1786299736,bench_mixed,0.00,0.00,0.0,0.000,0.002,14.299,35.545,0.00
1786299741,bench_mixed,0.00,0.00,0.0,0.000,0.002,14.299,35.545,0.00
1786299746,bench_mixed,0.00,0.00,0.0,0.000,0.002,14.299,35.545,0.00
1786299752,bench_mixed,0.00,0.00,0.0,0.000,0.002,14.299,35.546,0.00
1786299757,bench_mixed,0.00,0.00,0.0,0.000,0.002,14.299,35.546,0.00
1786299762,bench_mixed,0.00,0.00,0.0,0.000,0.002,14.299,35.546,0.00
1786299767,bench_mixed,0.00,0.00,0.0,0.000,0.002,14.299,35.543,0.00
1786299772,bench_mixed,0.00,0.00,0.0,0.000,0.002,14.299,35.543,0.00
1786299777,bench_mixed,0.00,0.00,0.0,0.000,0.002,14.299,35.543,0.00
1786299782,bench_mixed,0.00,0.00,0.0,0.000,0.002,14.299,35.544,0.00
1786299787,bench_mixed,0.00,0.00,0.0,0.000,0.002,14.299,35.543,0.00
1786299792,bench_mixed,0.00,0.00,0.0,0.000,0.002,14.299,35.544,0.00
1786299797,bench_mixed,0.00,0.00,0.0,0.000,0.002,14.299,35.541,0.00
1786299802,bench_mixed,0.00,0.00,0.0,0.000,0.002,14.299,35.542,0.00
1786299807,bench_mixed,0.00,0.00,0.0,0.000,0.002,14.299,35.541,0.00
1786299812,bench_mixed,0.00,0.00,0.0,0.000,0.002,14.299,35.542,0.00
1786299817,bench_mixed,0.00,0.00,0.0,0.000,0.002,14.299,35.540,0.00
1786299822,bench_mixed,0.00,0.00,0.0,0.000,0.002,14.299,35.541,0.00
1786299827,bench_mixed,0.00,0.00,0.0,0.000,0.002,14.299,35.539,0.00
1786299832,bench_mixed,0.00,0.00,0.0,0.000,0.002,14.299,35.540,0.00
1786299837,bench_mixed,0.00,0.00,0.0,0.000,0.002,14.299,35.539,0.00
1786299842,bench_mixed,0.00,0.00,0.0,0.000,0.002,14.299,35.540,0.00
1786299848,bench_mixed,0.00,0.00,0.0,0.000,0.002,14.299,35.538,0.00
1786299853,bench_mixed,0.00,0.00,0.0,0.000,0.002,14.299,35.538,0.00
1786299858,bench_mixed,0.00,0.00,0.0,0.000,0.002,14.299,35.539,0.00
1786299863,bench_mixed,0.00,0.00,0.0,0.000,0.002,14.299,35.541,0.00
1786299868,bench_mixed,0.00,0.00,0.0,0.000,0.002,14.299,35.540,0.00
1786299873,bench_mixed,0.00,0.00,0.0,0.000,0.002,14.299,35.540,0.00
1786299878,bench_mixed,0.00,0.00,0.0,0.000,0.002,14.299,35.538,0.00
1786299883,bench_mixed,0.00,0.00,0.0,0.000,0.002,14.299,35.538,0.00
1786299888,bench_mixed,0.00,0.00,0.0,0.000,0.002,14.299,35.537,0.00
1786299893,bench_mixed,0.00,0.00,0.0,0.000,0.002,14.299,35.538,0.00
1786299898,bench_mixed,0.00,0.00,0.0,0.000,0.002,14.299,35.539,0.00
1786299903,bench_mixed,0.00,0.00,0.0,0.000,0.002,14.299,35.538,0.00
1786299908,bench_mixed,0.00,0.00,0.0,0.000,0.002,14.299,35.531,0.06
1786299913,bench_mixed,0.00,0.00,0.0,0.000,0.002,14.299,35.531,0.00
1786299918,bench_mixed,0.00,0.00,0.0,0.000,0.002,14.299,35.531,0.00
1786299923,bench_mixed,0.00,0.00,0.0,0.000,0.002,14.299,35.532,0.00
1786299928,bench_mixed,0.00,0.00,0.0,0.000,0.002,14.299,35.534,0.00
1786299933,bench_mixed,0.00,0.00,0.0,0.000,0.002,14.299,35.534,0.00
1786299939,bench_mixed,0.00,0.00,0.0,0.000,0.002,14.299,35.534,0.00
1786299944,bench_mixed,0.00,0.00,0.0,0.000,0.002,14.299,35.535,0.00
1786299949,bench_mixed,0.00,0.00,0.0,0.000,0.002,14.299,35.535,0.00
1786299954,bench_mixed,0.00,0.00,0.0,0.000,0.002,14.299,35.537,0.00
1786299959,bench_mixed,0.00,0.00,0.0,0.000,0.002,14.299,35.532,0.00
1786299964,bench_mixed,0.00,0.00,0.0,0.000,0.002,14.299,35.541,0.00
1786299969,bench_mixed,0.00,0.00,0.0,0.000,0.002,14.299,35.541,0.00
1786299974,bench_mixed,0.00,0.00,0.0,0.000,0.002,14.299,35.540,0.00
1786299979,bench_mixed,0.00,0.00,0.0,0.000,0.002,14.299,35.542,0.00
1786299984,bench_mixed,0.00,0.00,0.0,0.000,0.002,14.299,35.540,0.00
1786299989,bench_mixed,0.00,0.00,0.0,0.000,0.002,14.299,35.540,0.00
1786299994,bench_mixed,0.00,0.00,0.0,0.000,0.002,14.299,35.540,0.00
1786299999,bench_mixed,0.00,0.00,0.0,0.000,0.002,14.299,35.540,0.00
1786300004,bench_mixed,0.00,0.00,0.0,0.000,0.002,14.299,35.541,0.00
1786300009,bench_mixed,0.00,0.00,0.0,0.000,0.002,14.299,35.541,0.00
1786300014,bench_mixed,0.00,0.00,0.0,0.000,0.002,14.299,35.540,0.00
1786300019,bench_mixed,0.00,0.00,0.0,0.000,0.002,14.299,35.540,0.00
1786300024,bench_mixed,0.00,0.00,0.0,0.000,0.002,14.299,35.544,0.00
1786300029,bench_mixed,0.00,0.00,0.0,0.000,0.002,14.299,35.544,0.00
1786300034,bench_mixed,0.00,0.00,0.0,0.000,0.002,14.299,35.541,0.00
1786300040,bench_mixed,0.00,0.00,0.0,0.000,0.002,14.299,35.541,0.00
1786300045,bench_mixed,0.00,0.00,0.0,0.000,0.002,14.299,35.543,0.00
1786300050,bench_mixed,0.00,0.00,0.0,0.000,0.002,14.299,35.543,0.00
1786300055,bench_mixed,0.00,0.00,0.0,0.000,0.002,14.299,35.543,0.00
1786300060,bench_mixed,0.00,0.00,0.0,0.000,0.002,14.299,35.543,0.00
1786300065,bench_mixed,0.00,0.00,0.0,0.000,0.002,14.299,35.545,0.00
1786300070,bench_mixed,0.00,0.00,0.0,0.000,0.002,14.299,35.546,0.00
1786300075,bench_mixed,0.00,0.00,0.0,0.000,0.002,14.299,35.546,0.00
1786300080,bench_mixed,0.00,0.00,0.0,0.000,0.002,14.299,35.546,0.00
1786300085,bench_mixed,0.00,0.00,0.0,0.000,0.002,14.299,35.545,0.00
1786300090,bench_mixed,0.00,0.00,0.0,0.000,0.002,14.299,35.546,0.00
1786300095,bench_mixed,0.00,0.00,0.0,0.000,0.002,14.299,35.544,0.00
1786300100,bench_mixed,0.00,0.00,0.0,0.000,0.002,14.299,35.544,0.00
1786300105,bench_mixed,0.00,0.00,0.0,0.000,0.002,14.299,35.546,0.00
1786300110,bench_mixed,0.00,0.00,0.0,0.000,0.002,14.299,35.546,0.00
1786300115,bench_mixed,0.00,0.00,0.0,0.000,0.002,14.299,35.546,0.00
1786300120,bench_mixed,0.00,0.00,0.0,0.000,0.002,14.299,35.546,0.00
1786300125,bench_mixed,0.00,0.00,0.0,0.000,0.002,14.299,35.546,0.00
1786300130,bench_mixed,0.00,0.00,0.0,0.000,0.002,14.299,35.546,0.00
1786300136,bench_mixed,0.00,0.00,0.0,0.000,0.002,14.299,35.544,0.00
1786300141,bench_mixed,0.00,0.00,0.0,0.000,0.002,14.299,35.544,0.00
1786300146,bench_mixed,0.00,0.00,0.0,0.000,0.002,14.299,35.542,0.00
1786300151,bench_mixed,0.00,0.00,0.0,0.000,0.002,14.299,35.543,0.00
1786300156,bench_mixed,0.00,0.00,0.0,0.000,0.002,14.299,35.542,0.00
1786300161,bench_mixed,0.00,0.00,0.0,0.000,0.002,14.299,35.542,0.00
1786300166,bench_mixed,0.00,0.00,0.0,0.000,0.002,14.299,35.542,0.00
1786300171,bench_mixed,0.00,0.00,0.0,0.000,0.002,14.299,35.542,0.00
1786300176,bench_mixed,0.00,0.00,0.0,0.000,0.002,14.299,35.542,0.00
1786300181,bench_mixed,0.00,0.00,0.0,0.000,0.002,14.299,35.543,0.00
1786300186,bench_mixed,0.00,0.00,0.0,0.000,0.002,14.299,35.544,0.00
1786300191,bench_mixed,0.00,0.00,0.0,0.000,0.002,14.299,35.544,0.00
1786300196,bench_mixed,0.00,0.00,0.0,0.000,0.002,14.299,35.542,0.00
1786300201,bench_mixed,0.00,0.00,0.0,0.000,0.002,14.299,35.543,0.00
1786300206,bench_mixed,0.00,0.00,0.0,0.000,0.002,14.299,35.533,0.03
1786300211,bench_mixed,0.00,0.00,0.0,0.000,0.002,14.299,35.532,0.02
1786300216,bench_mixed,0.00,0.00,0.0,0.000,0.002,14.299,35.533,0.00
1786300221,bench_mixed,0.00,0.00,0.0,0.000,0.002,14.299,35.534,0.00
1786300227,bench_mixed,0.00,0.00,0.0,0.000,0.002,14.299,35.535,0.00
1786300232,bench_mixed,0.00,0.00,0.0,0.000,0.002,14.299,35.535,0.00
1786300237,bench_mixed,0.00,0.00,0.0,0.000,0.002,14.299,35.534,0.00
1786300242,bench_mixed,0.00,0.00,0.0,0.000,0.002,14.299,35.535,0.00
1786300247,bench_mixed,0.00,0.00,0.0,0.000,0.002,14.299,35.537,0.00
1786300252,bench_mixed,0.00,0.00,0.0,0.000,0.002,14.299,35.537,0.00
1786300257,bench_mixed,0.00,0.00,0.0,0.000,0.002,14.299,35.538,0.00
1786300262,bench_mixed,0.00,0.00,0.0,0.000,0.002,14.299,35.538,0.00
1786300267,bench_mixed,0.00,0.00,0.0,0.000,0.002,14.299,35.535,0.00
1786300272,bench_mixed,0.00,0.00,0.0,0.000,0.002,14.299,35.537,0.00
1786300277,bench_mixed,0.00,0.00,0.0,0.000,0.002,14.299,35.539,0.00
1786300282,bench_mixed,0.00,0.00,0.0,0.000,0.002,14.299,35.539,0.00
1786300287,bench_mixed,0.00,0.00,0.0,0.000,0.002,14.299,35.540,0.00
1786300292,bench_mixed,0.00,0.00,0.0,0.000,0.002,14.299,35.541,0.00
1786300297,bench_mixed,0.00,0.00,0.0,0.000,0.002,14.299,35.540,0.00
1786300302,bench_mixed,0.00,0.00,0.0,0.000,0.002,14.299,35.541,0.00
1786300307,bench_mixed,0.00,0.00,0.0,0.000,0.002,14.299,35.540,0.00
1786300312,bench_mixed,0.00,0.00,0.0,0.000,0.002,14.299,35.539,0.00
1786300317,bench_mixed,0.00,0.00,0.0,0.000,0.002,14.299,35.534,0.00
1786300323,bench_mixed,0.00,0.00,0.0,0.000,0.002,14.299,35.540,0.00
1786300328,bench_mixed,0.00,0.00,0.0,0.000,0.002,14.299,35.541,0.00
1786300333,bench_mixed,0.00,0.00,0.0,0.000,0.002,14.299,35.544,0.00
1786300338,bench_mixed,0.00,0.00,0.0,0.000,0.002,14.299,35.544,0.00
1786300343,bench_mixed,0.00,0.00,0.0,0.000,0.002,14.299,35.544,0.00
1786300348,bench_mixed,0.00,0.00,0.0,0.000,0.002,14.299,35.544,0.00
1786300353,bench_mixed,0.00,0.00,0.0,0.000,0.002,14.299,35.543,0.00
1786300358,bench_mixed,0.00,0.00,0.0,0.000,0.002,14.299,35.544,0.00
1786300363,bench_mixed,0.00,0.00,0.0,0.000,0.002,14.299,35.543,0.00
1786300368,bench_mixed,0.00,0.00,0.0,0.000,0.002,14.299,35.543,0.00
1786300373,bench_mixed,0.00,0.00,0.0,0.000,0.002,14.299,35.542,0.00
1786300378,bench_mixed,0.00,0.00,0.0,0.000,0.002,14.299,35.542,0.00
1786300383,bench_mixed,0.00,0.00,0.0,0.000,0.002,14.299,35.542,0.00
1786300388,bench_mixed,0.00,0.00,0.0,0.000,0.002,14.299,35.544,0.00
1786300393,bench_mixed,0.00,0.00,0.0,0.000,0.002,14.299,35.543,0.00
1786300398,bench_mixed,0.00,0.00,0.0,0.000,0.002,14.299,35.543,0.00
1786300403,bench_mixed,0.00,0.00,0.0,0.000,0.002,14.299,35.544,0.00
1786300408,bench_mixed,0.00,0.00,0.0,0.000,0.002,14.299,35.545,0.00
1786300413,bench_mixed,0.00,0.00,0.0,0.000,0.002,14.299,35.544,0.00
1786300419,bench_mixed,0.00,0.00,0.0,0.000,0.002,14.299,35.545,0.00
1786300424,bench_mixed,0.00,0.00,0.0,0.000,0.002,14.299,35.545,0.00
1786300429,bench_mixed,0.00,0.00,0.0,0.000,0.002,14.299,35.545,0.00
1786300434,bench_mixed,0.00,0.00,0.0,0.000,0.002,14.299,35.545,0.00
1786300439,bench_mixed,0.00,0.00,0.0,0.000,0.002,14.299,35.547,0.00
1786300444,bench_mixed,0.00,0.00,0.0,0.000,0.002,14.299,35.545,0.00
1786300449,bench_mixed,0.00,0.00,0.0,0.000,0.002,14.299,35.545,0.00
1786300454,bench_mixed,0.00,0.00,0.0,0.000,0.002,14.299,35.545,0.00
1786300459,bench_mixed,0.00,0.00,0.0,0.000,0.002,14.299,35.545,0.00
1786300464,bench_mixed,0.00,0.00,0.0,0.000,0.002,14.299,35.546,0.00
1786300469,bench_mixed,0.00,0.00,0.0,0.000,0.002,14.299,35.546,0.00
1786300474,bench_mixed,0.00,0.00,0.0,0.000,0.002,14.299,35.544,0.00
1786300479,bench_mixed,0.00,0.00,0.0,0.000,0.002,14.299,35.545,0.00
1786300484,bench_mixed,0.00,0.00,0.0,0.000,0.002,14.299,35.544,0.00
1786300489,bench_mixed,0.00,0.00,0.0,0.000,0.002,14.299,35.545,0.00
1786300494,bench_mixed,0.00,0.00,0.0,0.000,0.002,14.299,35.543,0.00
1786300499,bench_mixed,0.00,0.00,0.0,0.000,0.002,14.299,35.543,0.00
1786300504,bench_mixed,0.00,0.00,0.0,0.000,0.002,14.299,35.541,0.00
1786300509,bench_mixed,0.00,0.00,0.0,0.000,0.002,14.299,35.530,0.06
1786300515,bench_mixed,0.00,0.00,0.0,0.000,0.002,14.299,35.533,0.00
1786300520,bench_mixed,0.00,0.00,0.0,0.000,0.002,14.299,35.533,0.00
1786300525,bench_mixed,0.00,0.00,0.0,0.000,0.002,14.299,35.535,0.00
1786300530,bench_mixed,0.00,0.00,0.0,0.000,0.002,14.299,35.535,0.00
1786300535,bench_mixed,0.00,0.00,0.0,0.000,0.002,14.299,35.535,0.00
1786300540,bench_mixed,0.00,0.00,0.0,0.000,0.002,14.299,35.535,0.00
1786300545,bench_mixed,0.00,0.00,0.0,0.000,0.002,14.299,35.539,0.00
1786300550,bench_mixed,0.00,0.00,0.0,0.000,0.002,14.299,35.538,0.00
1786300555,bench_mixed,0.00,0.00,0.0,0.000,0.002,14.299,35.537,0.00
1786300560,bench_mixed,0.00,0.00,0.0,0.000,0.002,14.299,35.539,0.00
1786300565,bench_mixed,0.00,0.00,0.0,0.000,0.002,14.299,35.539,0.00
1786300570,bench_mixed,0.00,0.00,0.0,0.000,0.002,14.299,35.540,0.00
1786300575,bench_mixed,0.00,0.00,0.0,0.000,0.002,14.299,35.540,0.00
1786300580,bench_mixed,0.00,0.00,0.0,0.000,0.002,14.299,35.540,0.00
1786300585,bench_mixed,0.00,0.00,0.0,0.000,0.002,14.299,35.538,0.00
1786300590,bench_mixed,0.00,0.00,0.0,0.000,0.002,14.299,35.539,0.00
1786300595,bench_mixed,0.00,0.00,0.0,0.000,0.002,14.299,35.545,0.00
1786300600,bench_mixed,0.00,0.00,0.0,0.000,0.002,14.299,35.546,0.00
1786300605,bench_mixed,0.00,0.00,0.0,0.000,0.002,14.299,35.544,0.00
1786300611,bench_mixed,0.00,0.00,0.0,0.000,0.002,14.299,35.545,0.00
1786300616,bench_mixed,0.00,0.00,0.0,0.000,0.002,14.299,35.544,0.00
1786300621,bench_mixed,0.00,0.00,0.0,0.000,0.002,14.299,35.544,0.00
1786300626,bench_mixed,0.00,0.00,0.0,0.000,0.002,14.299,35.545,0.00
1786300631,bench_mixed,0.00,0.00,0.0,0.000,0.002,14.299,35.546,0.00
1786300636,bench_mixed,0.00,0.00,0.0,0.000,0.002,14.299,35.549,0.00
1786300641,bench_mixed,0.00,0.00,0.0,0.000,0.002,14.299,35.548,0.00
1786300646,bench_mixed,0.00,0.00,0.0,0.000,0.002,14.299,35.549,0.00
1786300651,bench_mixed,0.00,0.00,0.0,0.000,0.002,14.299,35.548,0.00
1786300656,bench_mixed,0.00,0.00,0.0,0.000,0.002,14.299,35.549,0.00
1786300661,bench_mixed,0.00,0.00,0.0,0.000,0.002,14.299,35.550,0.00
1786300666,bench_mixed,0.00,0.00,0.0,0.000,0.002,14.299,35.548,0.00
1786300671,bench_mixed,0.00,0.00,0.0,0.000,0.002,14.299,35.549,0.00
1786300676,bench_mixed,0.00,0.00,0.0,0.000,0.002,14.299,35.550,0.00
1786300681,bench_mixed,0.00,0.00,0.0,0.000,0.002,14.299,35.549,0.00
1786300686,bench_mixed,0.00,0.00,0.0,0.000,0.002,14.299,35.549,0.00
1786300691,bench_mixed,0.00,0.00,0.0,0.000,0.002,14.299,35.549,0.00
1786300696,bench_mixed,0.00,0.00,0.0,0.000,0.002,14.299,35.550,0.00
1786300702,bench_mixed,0.00,0.00,0.0,0.000,0.002,14.299,35.548,0.00
1786300707,bench_mixed,0.00,0.00,0.0,0.000,0.002,14.299,35.548,0.00
1786300712,bench_mixed,0.00,0.00,0.0,0.000,0.002,14.299,35.546,0.00
1786300717,bench_mixed,0.00,0.00,0.0,0.000,0.002,14.299,35.547,0.00
1786300722,bench_mixed,0.00,0.00,0.0,0.000,0.002,14.299,35.547,0.00
1786300727,bench_mixed,0.00,0.00,0.0,0.000,0.002,14.299,35.547,0.00
1786300732,bench_mixed,0.00,0.00,0.0,0.000,0.002,14.299,35.546,0.00
1786300737,bench_mixed,0.00,0.00,0.0,0.000,0.002,14.299,35.547,0.00
1786300742,bench_mixed,0.00,0.00,0.0,0.000,0.002,14.299,35.548,0.00
1786300747,bench_mixed,0.00,0.00,0.0,0.000,0.002,14.299,35.548,0.00
1786300752,bench_mixed,0.00,0.00,0.0,0.000,0.002,14.299,35.547,0.00
1786300757,bench_mixed,0.00,0.00,0.0,0.000,0.002,14.299,35.546,0.00
1786300762,bench_mixed,0.00,0.00,0.0,0.000,0.002,14.299,35.545,0.00
1786300767,bench_mixed,0.00,0.00,0.0,0.000,0.002,14.299,35.545,0.00
1786300772,bench_mixed,0.00,0.00,0.0,0.000,0.002,14.299,35.543,0.00
1786300777,bench_mixed,0.00,0.00,0.0,0.000,0.002,14.299,35.543,0.00
1786300782,bench_mixed,0.00,0.00,0.0,0.000,0.002,14.299,35.543,0.00
1786300787,bench_mixed,0.00,0.00,0.0,0.000,0.002,14.299,35.543,0.00
1786300792,bench_mixed,0.00,0.00,0.0,0.000,0.002,14.299,35.545,0.00
1786300798,bench_mixed,0.00,0.00,0.0,0.000,0.002,14.299,35.545,0.00
1786300803,bench_mixed,0.00,0.00,0.0,0.000,0.002,14.299,35.544,0.00
1786300808,bench_mixed,0.00,0.00,0.0,0.000,0.002,14.299,35.534,0.05
1786300813,bench_mixed,0.00,0.00,0.0,0.000,0.002,14.299,35.539,0.01
1786300818,bench_mixed,0.00,0.00,0.0,0.000,0.002,14.299,35.539,0.00
1786300823,bench_mixed,0.00,0.00,0.0,0.000,0.002,14.299,35.541,0.00
1786300828,bench_mixed,0.00,0.00,0.0,0.000,0.002,14.299,35.541,0.00
1786300833,bench_mixed,0.00,0.00,0.0,0.000,0.002,14.299,35.542,0.00
1786300838,bench_mixed,0.00,0.00,0.0,0.000,0.002,14.299,35.542,0.00
1786300843,bench_mixed,0.00,0.00,0.0,0.000,0.002,14.299,35.544,0.00
1786300848,bench_mixed,0.00,0.00,0.0,0.000,0.002,14.299,35.544,0.00
1786300853,bench_mixed,0.00,0.00,0.0,0.000,0.002,14.299,35.545,0.00
1786300858,bench_mixed,0.00,0.00,0.0,0.000,0.002,14.299,35.545,0.00
1786300863,bench_mixed,0.00,0.00,0.0,0.000,0.002,14.299,35.549,0.00
1786300868,bench_mixed,0.00,0.00,0.0,0.000,0.002,14.299,35.549,0.00
1786300873,bench_mixed,0.00,0.00,0.0,0.000,0.002,14.299,35.549,0.00
1786300878,bench_mixed,0.00,0.00,0.0,0.000,0.002,14.299,35.549,0.00
1786300883,bench_mixed,0.00,0.00,0.0,0.000,0.002,14.299,35.549,0.00
1786300888,bench_mixed,0.00,0.00,0.0,0.000,0.002,14.299,35.549,0.00
1786300894,bench_mixed,0.00,0.00,0.0,0.000,0.002,14.299,35.549,0.00
1786300899,bench_mixed,0.00,0.00,0.0,0.000,0.002,14.299,35.549,0.00
1786300904,bench_mixed,0.00,0.00,0.0,0.000,0.002,14.299,35.546,0.00
1786300909,bench_mixed,0.00,0.00,0.0,0.000,0.002,14.299,35.546,0.00
1786300914,bench_mixed,0.00,0.00,0.0,0.000,0.002,14.299,35.546,0.00
1786300919,bench_mixed,0.00,0.00,0.0,0.000,0.002,14.299,35.546,0.00
1786300924,bench_mixed,0.00,0.00,0.0,0.000,0.002,14.299,35.546,0.00
1786300929,bench_mixed,0.00,0.00,0.0,0.000,0.002,14.299,35.546,0.00
1786300934,bench_mixed,0.00,0.00,0.0,0.000,0.002,14.299,35.547,0.00
1786300939,bench_mixed,0.00,0.00,0.0,0.000,0.002,14.299,35.548,0.00
1786300944,bench_mixed,0.00,0.00,0.0,0.000,0.002,14.299,35.553,0.00
1786300949,bench_mixed,0.00,0.00,0.0,0.000,0.002,14.299,35.553,0.00
1786300954,bench_mixed,0.00,0.00,0.0,0.000,0.002,14.299,35.553,0.00
1786300959,bench_mixed,0.00,0.00,0.0,0.000,0.002,14.299,35.553,0.00
1786300964,bench_mixed,0.00,0.00,0.0,0.000,0.002,14.299,35.550,0.00
1786300969,bench_mixed,0.00,0.00,0.0,0.000,0.002,14.299,35.551,0.00
1786300974,bench_mixed,0.00,0.00,0.0,0.000,0.002,14.299,35.550,0.00
1786300979,bench_mixed,0.00,0.00,0.0,0.000,0.002,14.299,35.551,0.00
1786300985,bench_mixed,0.00,0.00,0.0,0.000,0.002,14.299,35.551,0.00
1786300990,bench_mixed,0.00,0.00,0.0,0.000,0.002,14.299,35.552,0.00
1786300995,bench_mixed,0.00,0.00,0.0,0.000,0.002,14.299,35.552,0.00
1786301000,bench_mixed,0.00,0.00,0.0,0.000,0.002,14.299,35.551,0.00
1786301005,bench_mixed,0.00,0.00,0.0,0.000,0.002,14.299,35.550,0.00
1786301010,bench_mixed,0.00,0.00,0.0,0.000,0.002,14.299,35.551,0.00
1786301015,bench_mixed,0.00,0.00,0.0,0.000,0.002,14.299,35.552,0.00
1786301020,bench_mixed,0.00,0.00,0.0,0.000,0.002,14.299,35.553,0.00
1786301025,bench_mixed,0.00,0.00,0.0,0.000,0.002,14.299,35.551,0.00
1786301030,bench_mixed,0.00,0.00,0.0,0.000,0.002,14.299,35.550,0.00
1786301035,bench_mixed,0.00,0.00,0.0,0.000,0.002,14.299,35.548,0.00
1786301040,bench_mixed,0.00,0.00,0.0,0.000,0.002,14.299,35.548,0.00
1786301045,bench_mixed,0.00,0.00,0.0,0.000,0.002,14.299,35.548,0.00
1786301050,bench_mixed,0.00,0.00,0.0,0.000,0.002,14.299,35.549,0.00
1786301055,bench_mixed,0.00,0.00,0.0,0.000,0.002,14.299,35.549,0.00
1786301060,bench_mixed,0.00,0.00,0.0,0.000,0.002,14.299,35.548,0.00
1786301065,bench_mixed,0.00,0.00,0.0,0.000,0.002,14.299,35.549,0.00
1786301070,bench_mixed,0.00,0.00,0.0,0.000,0.002,14.299,35.551,0.00
1786301075,bench_mixed,0.00,0.00,0.0,0.000,0.002,14.299,35.551,0.00
1786301081,bench_mixed,0.00,0.00,0.0,0.000,0.002,14.299,35.551,0.00
1786301086,bench_mixed,0.00,0.00,0.0,0.000,0.002,14.299,35.552,0.00
1786301091,bench_mixed,0.00,0.00,0.0,0.000,0.002,14.299,35.552,0.00
1786301096,bench_mixed,0.00,0.00,0.0,0.000,0.002,14.299,35.553,0.00
1786301101,bench_mixed,0.00,0.00,0.0,0.000,0.002,14.299,35.552,0.00
1786301106,bench_mixed,0.00,0.00,0.0,0.000,0.002,14.299,35.551,0.00
1786301111,bench_mixed,0.00,0.00,0.0,0.000,0.002,14.299,35.537,0.05
1786301116,bench_mixed,0.00,0.00,0.0,0.000,0.002,14.299,35.537,0.00
1786301121,bench_mixed,0.00,0.00,0.0,0.000,0.002,14.299,35.541,0.00
1786301126,bench_mixed,0.00,0.00,0.0,0.000,0.002,14.299,35.541,0.00
1786301131,bench_mixed,0.00,0.00,0.0,0.000,0.002,14.299,35.543,0.00
1786301136,bench_mixed,0.00,0.00,0.0,0.000,0.002,14.299,35.543,0.00
1786301141,bench_mixed,0.00,0.00,0.0,0.000,0.002,14.299,35.545,0.00
1786301146,bench_mixed,0.00,0.00,0.0,0.000,0.002,14.299,35.545,0.00
1786301151,bench_mixed,0.00,0.00,0.0,0.000,0.002,14.299,35.543,0.00
1786301156,bench_mixed,0.00,0.00,0.0,0.000,0.002,14.299,35.543,0.00
1786301161,bench_mixed,0.00,0.00,0.0,0.000,0.002,14.299,35.543,0.00
1786301166,bench_mixed,0.00,0.00,0.0,0.000,0.002,14.299,35.543,0.00
1786301171,bench_mixed,0.00,0.00,0.0,0.000,0.002,14.299,35.544,0.00
1786301177,bench_mixed,0.00,0.00,0.0,0.000,0.002,14.299,35.545,0.00
1786301182,bench_mixed,0.00,0.00,0.0,0.000,0.002,14.299,35.544,0.00
1786301187,bench_mixed,0.00,0.00,0.0,0.000,0.002,14.299,35.545,0.00
1786301192,bench_mixed,0.00,0.00,0.0,0.000,0.002,14.299,35.546,0.00
1786301197,bench_mixed,0.00,0.00,0.0,0.000,0.002,14.299,35.546,0.00
1786301202,bench_mixed,0.00,0.00,0.0,0.000,0.002,14.299,35.545,0.00
1786301207,bench_mixed,0.00,0.00,0.0,0.000,0.002,14.299,35.545,0.00
1786301212,bench_mixed,0.00,0.00,0.0,0.000,0.002,14.299,35.548,0.00
1786301217,bench_mixed,0.00,0.00,0.0,0.000,0.002,14.299,35.548,0.00
1786301222,bench_mixed,0.00,0.00,0.0,0.000,0.002,14.299,35.548,0.00
1786301227,bench_mixed,0.00,0.00,0.0,0.000,0.002,14.299,35.548,0.00
1786301232,bench_mixed,0.00,0.00,0.0,0.000,0.002,14.299,35.546,0.00
1786301237,bench_mixed,0.00,0.00,0.0,0.000,0.002,14.299,35.546,0.00
1786301242,bench_mixed,0.00,0.00,0.0,0.000,0.002,14.299,35.545,0.00
1786301247,bench_mixed,0.00,0.00,0.0,0.000,0.002,14.299,35.546,0.00
1786301252,bench_mixed,0.00,0.00,0.0,0.000,0.002,14.299,35.547,0.00
1786301257,bench_mixed,0.00,0.00,0.0,0.000,0.002,14.299,35.547,0.00
1786301262,bench_mixed,0.00,0.00,0.0,0.000,0.002,14.299,35.547,0.00
1786301267,bench_mixed,0.00,0.00,0.0,0.000,0.002,14.299,35.548,0.00
1786301273,bench_mixed,0.00,0.00,0.0,0.000,0.002,14.299,35.546,0.00
1786301278,bench_mixed,0.00,0.00,0.0,0.000,0.002,14.299,35.547,0.00
1786301283,bench_mixed,0.00,0.00,0.0,0.000,0.002,14.299,35.547,0.00
1786301288,bench_mixed,0.00,0.00,0.0,0.000,0.002,14.299,35.547,0.00
1786301293,bench_mixed,0.00,0.00,0.0,0.000,0.002,14.299,35.546,0.00
1786301298,bench_mixed,0.00,0.00,0.0,0.000,0.002,14.299,35.546,0.00
1786301303,bench_mixed,0.00,0.00,0.0,0.000,0.002,14.299,35.545,0.00
1786301308,bench_mixed,0.00,0.00,0.0,0.000,0.002,14.299,35.546,0.00
1786301313,bench_mixed,0.00,0.00,0.0,0.000,0.002,14.299,35.545,0.00
1786301318,bench_mixed,0.00,0.00,0.0,0.000,0.002,14.299,35.545,0.00
1786301323,bench_mixed,0.00,0.00,0.0,0.000,0.002,14.299,35.547,0.00
1786301328,bench_mixed,0.00,0.00,0.0,0.000,0.002,14.299,35.547,0.00
1786301333,bench_mixed,0.00,0.00,0.0,0.000,0.002,14.299,35.548,0.00
1786301338,bench_mixed,0.00,0.00,0.0,0.000,0.002,14.299,35.549,0.00
1786301343,bench_mixed,0.00,0.00,0.0,0.000,0.002,14.299,35.550,0.00
1786301348,bench_mixed,0.00,0.00,0.0,0.000,0.002,14.299,35.550,0.00
1786301353,bench_mixed,0.00,0.00,0.0,0.000,0.002,14.299,35.550,0.00
1786301358,bench_mixed,0.00,0.00,0.0,0.000,0.002,14.299,35.550,0.00
1786301363,bench_mixed,0.00,0.00,0.0,0.000,0.002,14.299,35.548,0.00
1786301369,bench_mixed,0.00,0.00,0.0,0.000,0.002,14.299,35.549,0.00
1786301374,bench_mixed,0.00,0.00,0.0,0.000,0.002,14.299,35.546,0.00
1786301379,bench_mixed,0.00,0.00,0.0,0.000,0.002,14.299,35.547,0.00
1786301384,bench_mixed,0.00,0.00,0.0,0.000,0.002,14.299,35.547,0.00
1786301389,bench_mixed,0.00,0.00,0.0,0.000,0.002,14.299,35.547,0.00
1786301394,bench_mixed,0.00,0.00,0.0,0.000,0.002,14.299,35.548,0.00
1786301399,bench_mixed,0.00,0.00,0.0,0.000,0.002,14.299,35.549,0.00
1786301404,bench_mixed,0.00,0.00,0.0,0.000,0.002,14.299,35.548,0.00
1786301409,bench_mixed,0.00,0.00,0.0,0.000,0.002,14.299,35.535,0.06
1786301414,bench_mixed,0.00,0.00,0.0,0.000,0.002,14.299,35.536,0.00
1786301419,bench_mixed,0.00,0.00,0.0,0.000,0.002,14.299,35.536,0.00
1786301424,bench_mixed,0.00,0.00,0.0,0.000,0.002,14.299,35.536,0.00
1786301429,bench_mixed,0.00,0.00,0.0,0.000,0.002,14.299,35.536,0.00
1786301434,bench_mixed,0.00,0.00,0.0,0.000,0.002,14.299,35.536,0.00
1786301439,bench_mixed,0.00,0.00,0.0,0.000,0.002,14.299,35.537,0.00
1786301444,bench_mixed,0.00,0.00,0.0,0.000,0.002,14.299,35.537,0.00
1786301449,bench_mixed,0.00,0.00,0.0,0.000,0.002,14.299,35.537,0.00
1786301454,bench_mixed,0.00,0.00,0.0,0.000,0.002,14.299,35.538,0.00
1786301459,bench_mixed,0.00,0.00,0.0,0.000,0.002,14.299,35.540,0.00
1786301465,bench_mixed,0.00,0.00,0.0,0.000,0.002,14.299,35.540,0.00
1786301470,bench_mixed,0.00,0.00,0.0,0.000,0.002,14.299,35.542,0.00
1786301475,bench_mixed,0.00,0.00,0.0,0.000,0.002,14.299,35.542,0.00
1786301480,bench_mixed,0.00,0.00,0.0,0.000,0.002,14.299,35.544,0.00
1786301485,bench_mixed,0.00,0.00,0.0,0.000,0.002,14.299,35.545,0.00
1786301490,bench_mixed,0.00,0.00,0.0,0.000,0.002,14.299,35.544,0.00
1786301495,bench_mixed,0.00,0.00,0.0,0.000,0.002,14.299,35.544,0.00
1786301500,bench_mixed,0.00,0.00,0.0,0.000,0.002,14.299,35.543,0.00
1786301505,bench_mixed,0.00,0.00,0.0,0.000,0.002,14.299,35.544,0.00
1786301510,bench_mixed,0.00,0.00,0.0,0.000,0.002,14.299,35.544,0.00
1786301515,bench_mixed,0.00,0.00,0.0,0.000,0.002,14.299,35.544,0.00
1786301520,bench_mixed,0.00,0.00,0.0,0.000,0.002,14.299,35.544,0.00
1786301525,bench_mixed,0.00,0.00,0.0,0.000,0.002,14.299,35.544,0.00
1786301530,bench_mixed,0.00,0.00,0.0,0.000,0.002,14.299,35.544,0.00
1786301535,bench_mixed,0.00,0.00,0.0,0.000,0.002,14.299,35.544,0.00
1786301540,bench_mixed,0.00,0.00,0.0,0.000,0.002,14.299,35.545,0.00
1786301545,bench_mixed,0.00,0.00,0.0,0.000,0.002,14.299,35.545,0.00
1786301550,bench_mixed,0.00,0.00,0.0,0.000,0.002,14.299,35.545,0.00
1786301556,bench_mixed,0.00,0.00,0.0,0.000,0.002,14.299,35.545,0.00
1786301561,bench_mixed,0.00,0.00,0.0,0.000,0.002,14.299,35.546,0.00
1786301566,bench_mixed,0.00,0.00,0.0,0.000,0.002,14.299,35.546,0.00
1786301571,bench_mixed,0.00,0.00,0.0,0.000,0.002,14.299,35.543,0.00
1786301576,bench_mixed,0.00,0.00,0.0,0.000,0.002,14.299,35.543,0.00
1786301581,bench_mixed,0.00,0.00,0.0,0.000,0.002,14.299,35.542,0.00
1786301586,bench_mixed,0.00,0.00,0.0,0.000,0.002,14.299,35.542,0.00
1786301591,bench_mixed,0.00,0.00,0.0,0.000,0.002,14.299,35.542,0.00
1786301596,bench_mixed,0.00,0.00,0.0,0.000,0.002,14.299,35.543,0.00
1786301601,bench_mixed,0.00,0.00,0.0,0.000,0.002,14.299,35.544,0.00
1786301606,bench_mixed,0.00,0.00,0.0,0.000,0.002,14.299,35.544,0.00
1786301611,bench_mixed,0.00,0.00,0.0,0.000,0.002,14.299,35.544,0.00
1786301616,bench_mixed,0.00,0.00,0.0,0.000,0.002,14.299,35.545,0.00
1786301621,bench_mixed,0.00,0.00,0.0,0.000,0.002,14.299,35.544,0.00
1786301626,bench_mixed,0.00,0.00,0.0,0.000,0.002,14.299,35.545,0.00
1786301631,bench_mixed,0.00,0.00,0.0,0.000,0.002,14.299,35.547,0.00
1786301636,bench_mixed,0.00,0.00,0.0,0.000,0.002,14.299,35.548,0.00
1786301641,bench_mixed,0.00,0.00,0.0,0.000,0.002,14.299,35.545,0.00
1786301646,bench_mixed,0.00,0.00,0.0,0.000,0.002,14.299,35.545,0.00
1786301652,bench_mixed,0.00,0.00,0.0,0.000,0.002,14.299,35.545,0.00
1786301657,bench_mixed,0.00,0.00,0.0,0.000,0.002,14.299,35.545,0.00
1786301662,bench_mixed,0.00,0.00,0.0,0.000,0.002,14.299,35.544,0.00
1786301667,bench_mixed,0.00,0.00,0.0,0.000,0.002,14.299,35.545,0.00
1786301672,bench_mixed,0.00,0.00,0.0,0.000,0.002,14.299,35.544,0.00
1786301677,bench_mixed,0.00,0.00,0.0,0.000,0.002,14.299,35.545,0.00
1786301682,bench_mixed,0.00,0.00,0.0,0.000,0.002,14.299,35.544,0.00
1786301687,bench_mixed,0.00,0.00,0.0,0.000,0.002,14.299,35.544,0.00
1786301692,bench_mixed,0.00,0.00,0.0,0.000,0.002,14.299,35.545,0.00
1786301697,bench_mixed,0.00,0.00,0.0,0.000,0.002,14.299,35.546,0.00
1786301702,bench_mixed,0.00,0.00,0.0,0.000,0.002,14.299,35.546,0.00
1786301707,bench_mixed,0.00,0.00,0.0,0.000,0.002,14.299,35.532,0.04
1786301712,bench_mixed,0.00,0.00,0.0,0.000,0.002,14.299,35.533,0.02
1786301717,bench_mixed,0.00,0.00,0.0,0.000,0.002,14.299,35.534,0.00
1786301722,bench_mixed,0.00,0.00,0.0,0.000,0.002,14.299,35.536,0.00
1786301727,bench_mixed,0.00,0.00,0.0,0.000,0.002,14.299,35.536,0.00
1786301732,bench_mixed,0.00,0.00,0.0,0.000,0.002,14.299,35.538,0.00
1786301737,bench_mixed,0.00,0.00,0.0,0.000,0.002,14.299,35.539,0.00
1786301742,bench_mixed,0.00,0.00,0.0,0.000,0.002,14.299,35.538,0.00
1786301748,bench_mixed,0.00,0.00,0.0,0.000,0.002,14.299,35.539,0.00
1786301753,bench_mixed,0.00,0.00,0.0,0.000,0.002,14.299,35.540,0.00
1786301758,bench_mixed,0.00,0.00,0.0,0.000,0.002,14.299,35.541,0.00
1786301763,bench_mixed,0.00,0.00,0.0,0.000,0.002,14.299,35.539,0.00
1786301768,bench_mixed,0.00,0.00,0.0,0.000,0.002,14.299,35.541,0.00
1786301773,bench_mixed,0.00,0.00,0.0,0.000,0.002,14.299,35.541,0.00
1786301778,bench_mixed,0.00,0.00,0.0,0.000,0.002,14.299,35.540,0.00
1786301783,bench_mixed,0.00,0.00,0.0,0.000,0.002,14.299,35.540,0.00
1786301788,bench_mixed,0.00,0.00,0.0,0.000,0.002,14.299,35.542,0.00
1786301793,bench_mixed,0.00,0.00,0.0,0.000,0.002,14.299,35.543,0.00
1786301798,bench_mixed,0.00,0.00,0.0,0.000,0.002,14.299,35.542,0.00
1786301803,bench_mixed,0.00,0.00,0.0,0.000,0.002,14.299,35.543,0.00
1786301808,bench_mixed,0.00,0.00,0.0,0.000,0.002,14.299,35.549,0.00
1786301813,bench_mixed,0.00,0.00,0.0,0.000,0.002,14.299,35.549,0.00
1786301818,bench_mixed,0.00,0.00,0.0,0.000,0.002,14.299,35.550,0.00
1786301823,bench_mixed,0.00,0.00,0.0,0.000,0.002,14.299,35.550,0.00
1786301828,bench_mixed,0.00,0.00,0.0,0.000,0.002,14.299,35.549,0.00
1786301833,bench_mixed,0.00,0.00,0.0,0.000,0.002,14.299,35.549,0.00
1786301838,bench_mixed,0.00,0.00,0.0,0.000,0.002,14.299,35.548,0.00
1786301844,bench_mixed,0.00,0.00,0.0,0.000,0.002,14.299,35.548,0.00
1786301849,bench_mixed,0.00,0.00,0.0,0.000,0.002,14.299,35.546,0.00
1786301854,bench_mixed,0.00,0.00,0.0,0.000,0.002,14.299,35.546,0.00
1786301859,bench_mixed,0.00,0.00,0.0,0.000,0.002,14.299,35.548,0.00
1786301864,bench_mixed,0.00,0.00,0.0,0.000,0.002,14.299,35.548,0.00
1786301869,bench_mixed,0.00,0.00,0.0,0.000,0.002,14.299,35.550,0.00
1786301874,bench_mixed,0.00,0.00,0.0,0.000,0.002,14.299,35.549,0.00
1786301879,bench_mixed,0.00,0.00,0.0,0.000,0.002,14.299,35.551,0.00
1786301884,bench_mixed,0.00,0.00,0.0,0.000,0.002,14.299,35.551,0.00
1786301889,bench_mixed,0.00,0.00,0.0,0.000,0.002,14.299,35.549,0.00
1786301894,bench_mixed,0.00,0.00,0.0,0.000,0.002,14.299,35.549,0.00
1786301899,bench_mixed,0.00,0.00,0.0,0.000,0.002,14.299,35.549,0.00
1786301904,bench_mixed,0.00,0.00,0.0,0.000,0.002,14.299,35.549,0.00
1786301909,bench_mixed,0.00,0.00,0.0,0.000,0.002,14.299,35.548,0.00
1786301914,bench_mixed,0.00,0.00,0.0,0.000,0.002,14.299,35.549,0.00
1786301919,bench_mixed,0.00,0.00,0.0,0.000,0.002,14.299,35.548,0.00
1786301924,bench_mixed,0.00,0.00,0.0,0.000,0.002,14.299,35.548,0.00
1786301929,bench_mixed,0.00,0.00,0.0,0.000,0.002,14.299,35.548,0.00
1786301934,bench_mixed,0.00,0.00,0.0,0.000,0.002,14.299,35.548,0.00
1786301940,bench_mixed,0.00,0.00,0.0,0.000,0.002,14.299,35.547,0.00
1786301945,bench_mixed,0.00,0.00,0.0,0.000,0.002,14.299,35.547,0.00
1786301950,bench_mixed,0.00,0.00,0.0,0.000,0.002,14.299,35.549,0.00
1786301955,bench_mixed,0.00,0.00,0.0,0.000,0.002,14.299,35.549,0.00
1786301960,bench_mixed,0.00,0.00,0.0,0.000,0.002,14.299,35.553,0.00
1786301965,bench_mixed,0.00,0.00,0.0,0.000,0.002,14.299,35.553,0.00
1786301970,bench_mixed,0.00,0.00,0.0,0.000,0.002,14.299,35.552,0.00
1786301975,bench_mixed,0.00,0.00,0.0,0.000,0.002,14.299,35.552,0.00
1786301980,bench_mixed,0.00,0.00,0.0,0.000,0.002,14.299,35.551,0.00
1786301985,bench_mixed,0.00,0.00,0.0,0.000,0.002,14.299,35.552,0.00
1786301990,bench_mixed,0.00,0.00,0.0,0.000,0.002,14.299,35.555,0.00
1786301995,bench_mixed,0.00,0.00,0.0,0.000,0.002,14.299,35.555,0.00
1786302000,bench_mixed,0.00,0.00,0.0,0.000,0.002,14.299,35.555,0.00
1786302005,bench_mixed,0.00,0.00,0.0,0.000,0.002,14.299,35.555,0.00
1786302010,bench_mixed,0.00,0.00,0.0,0.000,0.002,14.299,35.538,0.06
1786302015,bench_mixed,0.00,0.00,0.0,0.000,0.002,14.299,35.538,0.00
1786302020,bench_mixed,0.00,0.00,0.0,0.000,0.002,14.299,35.539,0.00
1786302025,bench_mixed,0.00,0.00,0.0,0.000,0.002,14.299,35.541,0.00
1786302030,bench_mixed,0.00,0.00,0.0,0.000,0.002,14.299,35.538,0.00
1786302036,bench_mixed,0.00,0.00,0.0,0.000,0.002,14.299,35.539,0.00
1786302041,bench_mixed,0.00,0.00,0.0,0.000,0.002,14.299,35.539,0.00
1786302046,bench_mixed,0.00,0.00,0.0,0.000,0.002,14.299,35.539,0.00
1786302051,bench_mixed,0.00,0.00,0.0,0.000,0.002,14.299,35.538,0.00
1786302056,bench_mixed,0.00,0.00,0.0,0.000,0.002,14.299,35.539,0.00
1786302061,bench_mixed,0.00,0.00,0.0,0.000,0.002,14.299,35.538,0.00
1786302066,bench_mixed,0.00,0.00,0.0,0.000,0.002,14.299,35.539,0.00
1786302071,bench_mixed,0.00,0.00,0.0,0.000,0.002,14.299,35.540,0.00
1786302076,bench_mixed,0.00,0.00,0.0,0.000,0.002,14.299,35.540,0.00
1786302081,bench_mixed,0.00,0.00,0.0,0.000,0.002,14.299,35.541,0.00
1786302086,bench_mixed,0.00,0.00,0.0,0.000,0.002,14.299,35.543,0.00
1786302091,bench_mixed,0.00,0.00,0.0,0.000,0.002,14.299,35.542,0.00
1786302096,bench_mixed,0.00,0.00,0.0,0.000,0.002,14.299,35.542,0.00
1786302101,bench_mixed,0.00,0.00,0.0,0.000,0.002,14.299,35.539,0.00
1786302106,bench_mixed,0.00,0.00,0.0,0.000,0.002,14.299,35.540,0.00
1786302111,bench_mixed,0.00,0.00,0.0,0.000,0.002,14.299,35.542,0.00
1786302116,bench_mixed,0.00,0.00,0.0,0.000,0.002,14.299,35.542,0.00
1786302121,bench_mixed,0.00,0.00,0.0,0.000,0.002,14.299,35.536,0.00
1786302127,bench_mixed,0.00,0.00,0.0,0.000,0.002,14.299,35.542,0.00
1786302132,bench_mixed,0.00,0.00,0.0,0.000,0.002,14.299,35.543,0.00
1786302137,bench_mixed,0.00,0.00,0.0,0.000,0.002,14.299,35.546,0.00
1786302142,bench_mixed,0.00,0.00,0.0,0.000,0.002,14.299,35.546,0.00
1786302147,bench_mixed,0.00,0.00,0.0,0.000,0.002,14.299,35.547,0.00
1786302152,bench_mixed,0.00,0.00,0.0,0.000,0.002,14.299,35.547,0.00
1786302157,bench_mixed,0.00,0.00,0.0,0.000,0.002,14.299,35.546,0.00
1786302162,bench_mixed,0.00,0.00,0.0,0.000,0.002,14.299,35.546,0.00
1786302167,bench_mixed,0.00,0.00,0.0,0.000,0.002,14.299,35.542,0.00
1786302172,bench_mixed,0.00,0.00,0.0,0.000,0.002,14.299,35.542,0.00
1786302177,bench_mixed,0.00,0.00,0.0,0.000,0.002,14.299,35.542,0.00
1786302182,bench_mixed,0.00,0.00,0.0,0.000,0.002,14.299,35.542,0.00
1786302187,bench_mixed,0.00,0.00,0.0,0.000,0.002,14.299,35.543,0.00
1786302192,bench_mixed,0.00,0.00,0.0,0.000,0.002,14.299,35.544,0.00
1786302197,bench_mixed,0.00,0.00,0.0,0.000,0.002,14.299,35.545,0.00
1786302202,bench_mixed,0.00,0.00,0.0,0.000,0.002,14.299,35.545,0.00
1786302207,bench_mixed,0.00,0.00,0.0,0.000,0.002,14.299,35.547,0.00
1786302212,bench_mixed,0.00,0.00,0.0,0.000,0.002,14.299,35.547,0.00
1786302217,bench_mixed,0.00,0.00,0.0,0.000,0.002,14.299,35.549,0.00
1786302223,bench_mixed,0.00,0.00,0.0,0.000,0.002,14.299,35.549,0.00
1786302228,bench_mixed,0.00,0.00,0.0,0.000,0.002,14.299,35.550,0.00
1786302233,bench_mixed,0.00,0.00,0.0,0.000,0.002,14.299,35.550,0.00
1786302238,bench_mixed,0.00,0.00,0.0,0.000,0.002,14.299,35.552,0.00
1786302243,bench_mixed,0.00,0.00,0.0,0.000,0.002,14.299,35.553,0.00
1786302248,bench_mixed,0.00,0.00,0.0,0.000,0.002,14.299,35.552,0.00
1786302253,bench_mixed,0.00,0.00,0.0,0.000,0.002,14.299,35.552,0.00
1786302258,bench_mixed,0.00,0.00,0.0,0.000,0.002,14.299,35.552,0.00
1786302263,bench_mixed,0.00,0.00,0.0,0.000,0.002,14.299,35.551,0.00
1786302268,bench_mixed,0.00,0.00,0.0,0.000,0.002,14.299,35.553,0.00
1786302273,bench_mixed,0.00,0.00,0.0,0.000,0.002,14.299,35.552,0.00
1786302278,bench_mixed,0.00,0.00,0.0,0.000,0.002,14.299,35.554,0.00
1786302283,bench_mixed,0.00,0.00,0.0,0.000,0.002,14.299,35.554,0.00
1786302288,bench_mixed,0.00,0.00,0.0,0.000,0.002,14.299,35.553,0.00
1786302293,bench_mixed,0.00,0.00,0.0,0.000,0.002,14.299,35.552,0.00
1786302298,bench_mixed,0.00,0.00,0.0,0.000,0.002,14.299,35.553,0.00
1786302303,bench_mixed,0.00,0.00,0.0,0.000,0.002,14.299,35.552,0.00
1786302308,bench_mixed,0.00,0.00,0.0,0.000,0.002,14.299,35.535,0.06
1786302313,bench_mixed,0.00,0.00,0.0,0.000,0.002,14.299,35.535,0.00
1786302319,bench_mixed,0.00,0.00,0.0,0.000,0.002,14.299,35.537,0.00
1786302324,bench_mixed,0.00,0.00,0.0,0.000,0.002,14.299,35.538,0.00
1786302329,bench_mixed,0.00,0.00,0.0,0.000,0.002,14.299,35.537,0.00
1786302334,bench_mixed,0.00,0.00,0.0,0.000,0.002,14.299,35.537,0.00
1786302339,bench_mixed,0.00,0.00,0.0,0.000,0.002,14.299,35.538,0.00
1786302344,bench_mixed,0.00,0.00,0.0,0.000,0.002,14.299,35.538,0.00
1786302349,bench_mixed,0.00,0.00,0.0,0.000,0.002,14.299,35.537,0.00
1786302354,bench_mixed,0.00,0.00,0.0,0.000,0.002,14.299,35.538,0.00
1786302359,bench_mixed,0.00,0.00,0.0,0.000,0.002,14.299,35.541,0.00
1786302364,bench_mixed,0.00,0.00,0.0,0.000,0.002,14.299,35.540,0.00
1786302369,bench_mixed,0.00,0.00,0.0,0.000,0.002,14.299,35.539,0.00
1786302374,bench_mixed,0.00,0.00,0.0,0.000,0.002,14.299,35.539,0.00
1786302379,bench_mixed,0.00,0.00,0.0,0.000,0.002,14.299,35.538,0.00
1786302384,bench_mixed,0.00,0.00,0.0,0.000,0.002,14.299,35.538,0.00
1786302389,bench_mixed,0.00,0.00,0.0,0.000,0.002,14.299,35.538,0.00
1786302394,bench_mixed,0.00,0.00,0.0,0.000,0.002,14.299,35.540,0.00
1786302399,bench_mixed,0.00,0.00,0.0,0.000,0.002,14.299,35.538,0.00
1786302404,bench_mixed,0.00,0.00,0.0,0.000,0.002,14.299,35.538,0.00
1786302409,bench_mixed,0.00,0.00,0.0,0.000,0.002,14.299,35.538,0.00
1786302415,bench_mixed,0.00,0.00,0.0,0.000,0.002,14.299,35.539,0.00
1786302420,bench_mixed,0.00,0.00,0.0,0.000,0.002,14.299,35.537,0.00
1786302425,bench_mixed,0.00,0.00,0.0,0.000,0.002,14.299,35.538,0.00
1786302430,bench_mixed,0.00,0.00,0.0,0.000,0.002,14.299,35.538,0.00
1786302435,bench_mixed,0.00,0.00,0.0,0.000,0.002,14.299,35.539,0.00
1786302440,bench_mixed,0.00,0.00,0.0,0.000,0.002,14.299,35.539,0.00
1786302445,bench_mixed,0.00,0.00,0.0,0.000,0.002,14.299,35.542,0.00
1786302450,bench_mixed,0.00,0.00,0.0,0.000,0.002,14.299,35.538,0.00
1786302455,bench_mixed,0.00,0.00,0.0,0.000,0.002,14.299,35.539,0.00
1786302460,bench_mixed,0.00,0.00,0.0,0.000,0.002,14.299,35.541,0.00
1786302465,bench_mixed,0.00,0.00,0.0,0.000,0.002,14.299,35.541,0.00
1786302470,bench_mixed,0.00,0.00,0.0,0.000,0.002,14.299,35.546,0.00
1786302475,bench_mixed,0.00,0.00,0.0,0.000,0.002,14.299,35.546,0.00
1786302480,bench_mixed,0.00,0.00,0.0,0.000,0.002,14.299,35.537,0.00
1786302485,bench_mixed,0.00,0.00,0.0,0.000,0.002,14.299,35.545,0.00
1786302490,bench_mixed,0.00,0.00,0.0,0.000,0.002,14.299,35.545,0.00
1786302495,bench_mixed,0.00,0.00,0.0,0.000,0.002,14.299,35.543,0.00
1786302500,bench_mixed,0.00,0.00,0.0,0.000,0.002,14.299,35.543,0.00
1786302506,bench_mixed,0.00,0.00,0.0,0.000,0.002,14.299,35.544,0.00
1786302511,bench_mixed,0.00,0.00,0.0,0.000,0.002,14.299,35.544,0.00
1786302516,bench_mixed,0.00,0.00,0.0,0.000,0.002,14.299,35.545,0.00
1786302521,bench_mixed,0.00,0.00,0.0,0.000,0.002,14.299,35.545,0.00
1786302526,bench_mixed,0.00,0.00,0.0,0.000,0.002,14.299,35.545,0.00
1786302531,bench_mixed,0.00,0.00,0.0,0.000,0.002,14.299,35.545,0.00
1786302536,bench_mixed,0.00,0.00,0.0,0.000,0.002,14.299,35.546,0.00
1786302541,bench_mixed,0.00,0.00,0.0,0.000,0.002,14.299,35.547,0.00
1786302546,bench_mixed,0.00,0.00,0.0,0.000,0.002,14.299,35.546,0.00
1786302551,bench_mixed,0.00,0.00,0.0,0.000,0.002,14.299,35.546,0.00
1786302556,bench_mixed,0.00,0.00,0.0,0.000,0.002,14.299,35.544,0.00
1786302561,bench_mixed,0.00,0.00,0.0,0.000,0.002,14.299,35.545,0.00
1786302566,bench_mixed,0.00,0.00,0.0,0.000,0.002,14.299,35.546,0.00
1786302571,bench_mixed,0.00,0.00,0.0,0.000,0.002,14.299,35.546,0.00
1786302576,bench_mixed,0.00,0.00,0.0,0.000,0.002,14.299,35.545,0.00
1786302581,bench_mixed,0.00,0.00,0.0,0.000,0.002,14.299,35.544,0.00
1786302586,bench_mixed,0.00,0.00,0.0,0.000,0.002,14.299,35.543,0.00
1786302591,bench_mixed,0.00,0.00,0.0,0.000,0.002,14.299,35.543,0.00
1786302596,bench_mixed,0.00,0.00,0.0,0.000,0.002,14.299,35.543,0.00
1786302602,bench_mixed,0.00,0.00,0.0,0.000,0.002,14.299,35.543,0.00
1786302607,bench_mixed,0.00,0.00,0.0,0.000,0.002,14.299,35.532,0.03
1786302612,bench_mixed,0.00,0.00,0.0,0.000,0.002,14.299,35.529,0.02
1786302617,bench_mixed,0.00,0.00,0.0,0.000,0.002,14.299,35.530,0.00
1786302622,bench_mixed,0.00,0.00,0.0,0.000,0.002,14.299,35.530,0.00
1786302627,bench_mixed,0.00,0.00,0.0,0.000,0.002,14.299,35.530,0.00
1786302632,bench_mixed,0.00,0.00,0.0,0.000,0.002,14.299,35.531,0.00
1786302637,bench_mixed,0.00,0.00,0.0,0.000,0.002,14.299,35.529,0.00
1786302642,bench_mixed,0.00,0.00,0.0,0.000,0.002,14.299,35.530,0.00
1786302647,bench_mixed,0.00,0.00,0.0,0.000,0.002,14.299,35.531,0.00
1786302652,bench_mixed,0.00,0.00,0.0,0.000,0.002,14.299,35.532,0.00
1786302657,bench_mixed,0.00,0.00,0.0,0.000,0.002,14.299,35.531,0.00
1786302662,bench_mixed,0.00,0.00,0.0,0.000,0.002,14.299,35.531,0.00
1786302667,bench_mixed,0.00,0.00,0.0,0.000,0.002,14.299,35.530,0.00
1786302672,bench_mixed,0.00,0.00,0.0,0.000,0.002,14.299,35.530,0.00
1786302677,bench_mixed,0.00,0.00,0.0,0.000,0.002,14.299,35.530,0.00
1786302682,bench_mixed,0.00,0.00,0.0,0.000,0.002,14.299,35.530,0.00
1786302687,bench_mixed,0.00,0.00,0.0,0.000,0.002,14.299,35.533,0.00
1786302692,bench_mixed,0.00,0.00,0.0,0.000,0.002,14.299,35.534,0.00
1786302698,bench_mixed,0.00,0.00,0.0,0.000,0.002,14.299,35.536,0.00
1786302703,bench_mixed,0.00,0.00,0.0,0.000,0.002,14.299,35.536,0.00
1786302708,bench_mixed,0.00,0.00,0.0,0.000,0.002,14.299,35.534,0.00
1786302713,bench_mixed,0.00,0.00,0.0,0.000,0.002,14.299,35.535,0.00
1786302718,bench_mixed,0.00,0.00,0.0,0.000,0.002,14.299,35.536,0.00
1786302723,bench_mixed,0.00,0.00,0.0,0.000,0.002,14.299,35.536,0.00
1786302728,bench_mixed,0.00,0.00,0.0,0.000,0.002,14.299,35.536,0.00
1786302733,bench_mixed,0.00,0.00,0.0,0.000,0.002,14.299,35.536,0.00
1786302738,bench_mixed,0.00,0.00,0.0,0.000,0.002,14.299,35.535,0.00
1786302743,bench_mixed,0.00,0.00,0.0,0.000,0.002,14.299,35.536,0.00
1786302748,bench_mixed,0.00,0.00,0.0,0.000,0.002,14.299,35.537,0.00
1786302753,bench_mixed,0.00,0.00,0.0,0.000,0.002,14.299,35.537,0.00
1786302758,bench_mixed,0.00,0.00,0.0,0.000,0.002,14.299,35.536,0.00
1786302763,bench_mixed,0.00,0.00,0.0,0.000,0.002,14.299,35.537,0.00
1786302768,bench_mixed,0.00,0.00,0.0,0.000,0.002,14.299,35.535,0.00
1786302773,bench_mixed,0.00,0.00,0.0,0.000,0.002,14.299,35.536,0.00
1786302778,bench_mixed,0.00,0.00,0.0,0.000,0.002,14.299,35.534,0.00
1786302783,bench_mixed,0.00,0.00,0.0,0.000,0.002,14.299,35.535,0.00
1786302788,bench_mixed,0.00,0.00,0.0,0.000,0.002,14.299,35.534,0.00
1786302794,bench_mixed,0.00,0.00,0.0,0.000,0.002,14.299,35.535,0.00
1786302799,bench_mixed,0.00,0.00,0.0,0.000,0.002,14.299,35.538,0.00
1786302804,bench_mixed,0.00,0.00,0.0,0.000,0.002,14.299,35.539,0.00
1786302809,bench_mixed,0.00,0.00,0.0,0.000,0.002,14.299,35.539,0.00
1786302814,bench_mixed,0.00,0.00,0.0,0.000,0.002,14.299,35.540,0.00
1786302819,bench_mixed,0.00,0.00,0.0,0.000,0.002,14.299,35.541,0.00
1786302824,bench_mixed,0.00,0.00,0.0,0.000,0.002,14.299,35.541,0.00
1786302829,bench_mixed,0.00,0.00,0.0,0.000,0.002,14.299,35.542,0.00
1786302834,bench_mixed,0.00,0.00,0.0,0.000,0.002,14.299,35.542,0.00
1786302839,bench_mixed,0.00,0.00,0.0,0.000,0.002,14.299,35.544,0.00
1786302844,bench_mixed,0.00,0.00,0.0,0.000,0.002,14.299,35.543,0.00
1786302849,bench_mixed,0.00,0.00,0.0,0.000,0.002,14.299,35.543,0.00
1786302854,bench_mixed,0.00,0.00,0.0,0.000,0.002,14.299,35.542,0.00
1786302859,bench_mixed,0.00,0.00,0.0,0.000,0.002,14.299,35.543,0.00
1786302864,bench_mixed,0.00,0.00,0.0,0.000,0.002,14.299,35.541,0.00
1786302869,bench_mixed,0.00,0.00,0.0,0.000,0.002,14.299,35.542,0.00
1786302874,bench_mixed,0.00,0.00,0.0,0.000,0.002,14.299,35.543,0.00
1786302879,bench_mixed,0.00,0.00,0.0,0.000,0.002,14.299,35.544,0.00
1786302885,bench_mixed,0.00,0.00,0.0,0.000,0.002,14.299,35.545,0.00
1786302890,bench_mixed,0.00,0.00,0.0,0.000,0.002,14.299,35.546,0.00
1786302895,bench_mixed,0.00,0.00,0.0,0.000,0.002,14.299,35.547,0.00
1786302900,bench_mixed,0.00,0.00,0.0,0.000,0.002,14.299,35.547,0.00
1786302905,bench_mixed,0.00,0.00,0.0,0.000,0.002,14.299,35.544,0.00
1786302910,bench_mixed,0.00,0.00,0.0,0.000,0.002,14.299,35.535,0.06
1786302915,bench_mixed,0.00,0.00,0.0,0.000,0.002,14.299,35.536,0.00
1786302920,bench_mixed,0.00,0.00,0.0,0.000,0.002,14.299,35.536,0.00
1786302925,bench_mixed,0.00,0.00,0.0,0.000,0.002,14.299,35.537,0.00
1786302930,bench_mixed,0.00,0.00,0.0,0.000,0.002,14.299,35.537,0.00
1786302935,bench_mixed,0.00,0.00,0.0,0.000,0.002,14.299,35.537,0.00
1786302940,bench_mixed,0.00,0.00,0.0,0.000,0.002,14.299,35.538,0.00
1786302945,bench_mixed,0.00,0.00,0.0,0.000,0.002,14.299,35.537,0.00
1786302950,bench_mixed,0.00,0.00,0.0,0.000,0.002,14.299,35.539,0.00
1786302955,bench_mixed,0.00,0.00,0.0,0.000,0.002,14.299,35.540,0.00
1786302960,bench_mixed,0.00,0.00,0.0,0.000,0.002,14.299,35.540,0.00
1786302965,bench_mixed,0.00,0.00,0.0,0.000,0.002,14.299,35.543,0.00
1786302970,bench_mixed,0.00,0.00,0.0,0.000,0.002,14.299,35.543,0.00
1786302975,bench_mixed,0.00,0.00,0.0,0.000,0.002,14.299,35.543,0.00
1786302981,bench_mixed,0.00,0.00,0.0,0.000,0.002,14.299,35.544,0.00
1786302986,bench_mixed,0.00,0.00,0.0,0.000,0.002,14.299,35.544,0.00
1786302991,bench_mixed,0.00,0.00,0.0,0.000,0.002,14.299,35.544,0.00
1786302996,bench_mixed,0.00,0.00,0.0,0.000,0.002,14.299,35.543,0.00
1786303001,bench_mixed,0.00,0.00,0.0,0.000,0.002,14.299,35.543,0.00
1786303006,bench_mixed,0.00,0.00,0.0,0.000,0.002,14.299,35.546,0.00
1786303011,bench_mixed,0.00,0.00,0.0,0.000,0.002,14.299,35.546,0.00
1786303016,bench_mixed,0.00,0.00,0.0,0.000,0.002,14.299,35.543,0.00
1786303021,bench_mixed,0.00,0.00,0.0,0.000,0.002,14.299,35.543,0.00
1786303026,bench_mixed,0.00,0.00,0.0,0.000,0.002,14.299,35.542,0.00
1786303031,bench_mixed,0.00,0.00,0.0,0.000,0.002,14.299,35.542,0.00
1786303036,bench_mixed,0.00,0.00,0.0,0.000,0.002,14.299,35.541,0.00
1786303041,bench_mixed,0.00,0.00,0.0,0.000,0.002,14.299,35.541,0.00
1786303046,bench_mixed,0.00,0.00,0.0,0.000,0.002,14.299,35.541,0.00
1786303051,bench_mixed,0.00,0.00,0.0,0.000,0.002,14.299,35.541,0.00
1786303056,bench_mixed,0.00,0.00,0.0,0.000,0.002,14.299,35.540,0.00
1786303061,bench_mixed,0.00,0.00,0.0,0.000,0.002,14.299,35.541,0.00
1786303066,bench_mixed,0.00,0.00,0.0,0.000,0.002,14.299,35.537,0.00
1786303071,bench_mixed,0.00,0.00,0.0,0.000,0.002,14.299,35.538,0.00
1786303077,bench_mixed,0.00,0.00,0.0,0.000,0.002,14.299,35.539,0.00
1786303082,bench_mixed,0.00,0.00,0.0,0.000,0.002,14.299,35.540,0.00
1786303087,bench_mixed,0.00,0.00,0.0,0.000,0.002,14.299,35.541,0.00
1786303092,bench_mixed,0.00,0.00,0.0,0.000,0.002,14.299,35.543,0.00
1786303097,bench_mixed,0.00,0.00,0.0,0.000,0.002,14.299,35.542,0.00
1786303102,bench_mixed,0.00,0.00,0.0,0.000,0.002,14.299,35.543,0.00
1786303107,bench_mixed,0.00,0.00,0.0,0.000,0.002,14.299,35.544,0.00
1786303112,bench_mixed,0.00,0.00,0.0,0.000,0.002,14.299,35.544,0.00
1786303117,bench_mixed,0.00,0.00,0.0,0.000,0.002,14.299,35.543,0.00
1786303122,bench_mixed,0.00,0.00,0.0,0.000,0.002,14.299,35.544,0.00
1786303127,bench_mixed,0.00,0.00,0.0,0.000,0.002,14.299,35.545,0.00
1786303132,bench_mixed,0.00,0.00,0.0,0.000,0.002,14.299,35.545,0.00
1786303137,bench_mixed,0.00,0.00,0.0,0.000,0.002,14.299,35.544,0.00
1786303142,bench_mixed,0.00,0.00,0.0,0.000,0.002,14.299,35.545,0.00
1786303147,bench_mixed,0.00,0.00,0.0,0.000,0.002,14.299,35.543,0.00
1786303152,bench_mixed,0.00,0.00,0.0,0.000,0.002,14.299,35.544,0.00
1786303157,bench_mixed,0.00,0.00,0.0,0.000,0.002,14.299,35.544,0.00
1786303162,bench_mixed,0.00,0.00,0.0,0.000,0.002,14.299,35.545,0.00
1786303168,bench_mixed,0.00,0.00,0.0,0.000,0.002,14.299,35.544,0.00
1786303173,bench_mixed,0.00,0.00,0.0,0.000,0.002,14.299,35.544,0.00
1786303178,bench_mixed,0.00,0.00,0.0,0.000,0.002,14.299,35.544,0.00
1786303183,bench_mixed,0.00,0.00,0.0,0.000,0.002,14.299,35.544,0.00
1786303188,bench_mixed,0.00,0.00,0.0,0.000,0.002,14.299,35.546,0.00
1786303193,bench_mixed,0.00,0.00,0.0,0.000,0.002,14.299,35.546,0.00
1786303198,bench_mixed,0.00,0.00,0.0,0.000,0.002,14.299,35.546,0.00
1786303203,bench_mixed,0.00,0.00,0.0,0.000,0.002,14.299,35.545,0.00
