ts,phase,nvme_rd_mb_s,nvme_wr_mb_s,nvme_active_pct,cte_file_tier_gb,devshm_used_gb,clio_rss_gb,mem_avail_gb,nfs_rd_mb_s
1786338361,setup,0.00,0.00,0.1,0.000,0.002,0.000,45.014,0.01
1786338366,ingest,0.00,0.00,0.2,0.000,0.002,0.315,44.517,26.54
1786338371,ingest,0.00,0.00,0.0,0.000,0.002,0.315,44.522,0.00
1786338376,ingest,0.00,0.00,0.0,0.000,0.002,0.315,44.520,0.00
1786338382,ingest,0.00,0.00,0.0,0.000,0.002,0.316,44.522,0.00
1786338387,ingest,0.00,0.00,0.0,0.000,0.002,0.316,44.520,0.00
1786338392,ingest,0.00,0.00,0.0,0.000,0.002,0.506,44.339,0.00
1786338397,ingest,0.00,0.01,0.1,0.000,0.002,0.672,44.179,0.00
1786338402,ingest,0.00,0.00,0.0,0.000,0.002,0.738,44.112,0.00
1786338407,ingest,0.00,0.00,0.0,0.000,0.002,0.803,44.049,0.00
1786338412,ingest,0.00,0.00,0.0,0.000,0.002,0.996,43.853,0.00
1786338417,ingest,0.00,0.00,0.0,0.000,0.002,1.062,43.789,0.00
1786338422,ingest,0.00,0.00,0.0,0.000,0.002,1.125,43.726,0.00
1786338427,ingest,0.00,0.01,0.1,0.000,0.002,1.265,43.586,0.00
1786338432,ingest,0.00,0.00,0.0,0.000,0.002,1.390,43.459,0.00
1786338437,ingest,0.00,0.00,0.0,0.000,0.002,1.517,43.328,0.00
1786338442,ingest,0.00,0.00,0.0,0.000,0.002,1.583,43.261,0.00
1786338447,ingest,0.00,0.00,0.0,0.000,0.002,1.720,43.121,0.00
1786338452,ingest,0.00,0.00,0.0,0.000,0.002,1.784,43.059,0.00
1786338457,ingest,0.00,0.00,0.1,0.000,0.002,1.847,42.997,0.00
1786338462,ingest,0.00,0.00,0.0,0.000,0.002,1.972,42.872,0.00
1786338467,ingest,0.00,0.00,0.0,0.000,0.002,2.099,42.741,0.00
1786338473,ingest,0.00,0.00,0.0,0.000,0.002,2.163,42.681,0.00
1786338478,ingest,0.00,0.00,0.0,0.000,0.002,2.225,42.618,0.00
1786338483,ingest,0.00,0.00,0.0,0.000,0.002,2.288,42.555,0.00
1786338488,ingest,0.00,0.00,0.1,0.000,0.002,2.414,42.425,0.00
1786338493,ingest,0.00,0.00,0.0,0.000,0.002,2.549,42.287,0.00
1786338498,ingest,0.00,0.00,0.0,0.000,0.002,2.682,42.154,0.00
1786338503,ingest,0.00,0.00,0.0,0.000,0.002,2.744,42.089,0.00
1786338508,ingest,0.00,0.00,0.0,0.000,0.002,2.932,41.899,0.00
1786338513,ingest,0.00,0.00,0.0,0.000,0.002,2.994,41.834,0.00
1786338518,ingest,0.00,0.00,0.0,0.000,0.002,3.057,41.769,0.00
1786338523,ingest,0.00,0.00,0.0,0.000,0.002,3.120,41.706,0.00
1786338528,ingest,0.00,0.00,0.0,0.000,0.002,3.182,41.644,0.00
1786338533,ingest,0.00,0.00,0.0,0.000,0.002,3.308,41.515,0.00
1786338538,ingest,0.00,0.00,0.0,0.000,0.002,3.370,41.453,0.00
1786338543,ingest,0.00,0.00,0.0,0.000,0.002,3.432,41.390,0.00
1786338548,ingest,0.00,0.00,0.0,0.000,0.002,3.558,41.262,0.00
1786338553,ingest,0.00,0.00,0.0,0.000,0.002,3.558,41.260,0.00
1786338558,ingest,0.00,0.00,0.0,0.000,0.002,3.620,41.197,0.00
1786338564,ingest,0.00,0.00,0.0,0.000,0.002,3.683,41.133,0.00
1786338569,ingest,0.00,0.00,0.0,0.000,0.002,3.746,41.069,0.00
1786338574,ingest,0.00,0.00,0.0,0.000,0.002,3.808,41.006,0.00
1786338579,ingest,0.00,0.00,0.0,0.000,0.002,3.871,40.944,0.00
1786338584,ingest,0.00,0.00,0.0,0.000,0.002,3.996,40.818,0.00
1786338589,ingest,0.00,0.00,0.0,0.000,0.002,4.059,40.755,0.00
1786338594,ingest,0.00,0.00,0.0,0.000,0.002,4.184,40.633,0.00
1786338599,ingest,0.00,0.00,0.0,0.000,0.002,4.246,40.571,0.00
1786338604,ingest,0.00,0.00,0.0,0.000,0.002,4.384,40.431,0.00
1786338609,ingest,0.00,0.00,0.0,0.000,0.002,4.447,40.368,0.00
1786338614,ingest,0.00,0.00,0.0,0.000,0.002,4.509,40.307,0.00
1786338619,ingest,0.00,0.00,0.0,0.000,0.002,4.635,40.182,0.00
1786338624,ingest,0.00,0.00,0.0,0.000,0.002,4.697,40.118,0.00
1786338629,ingest,0.00,0.00,0.0,0.000,0.002,4.822,39.990,0.00
1786338634,ingest,0.00,0.00,0.0,0.000,0.002,4.947,39.861,0.00
1786338639,ingest,0.00,0.00,0.0,0.000,0.002,5.010,39.800,0.00
1786338644,ingest,0.00,0.00,0.0,0.000,0.002,5.135,39.672,0.00
1786338649,ingest,0.00,0.00,0.0,0.000,0.002,5.197,39.611,0.00
1786338654,ingest,0.00,0.00,0.0,0.000,0.002,5.323,39.487,0.00
1786338660,ingest,0.00,0.00,0.0,0.000,0.002,5.385,39.423,0.00
1786338665,ingest,0.00,0.00,0.0,0.000,0.002,5.448,39.350,0.04
1786338670,ingest,0.00,0.00,0.0,0.000,0.002,5.510,39.289,0.02
1786338675,ingest,0.00,0.00,0.0,0.000,0.002,5.635,39.163,0.00
1786338680,ingest,0.00,0.00,0.0,0.000,0.002,5.636,39.163,0.00
1786338685,ingest,0.00,0.00,0.0,0.000,0.002,5.761,39.038,0.00
1786338690,ingest,0.00,0.00,0.0,0.000,0.002,5.823,38.974,0.00
1786338695,ingest,0.00,0.00,0.0,0.000,0.002,5.948,38.848,0.00
1786338700,ingest,0.00,0.00,0.0,0.000,0.002,6.011,38.786,0.00
1786338705,ingest,0.00,0.00,0.0,0.000,0.002,6.136,38.659,0.00
1786338710,ingest,0.00,0.00,0.0,0.000,0.002,6.198,38.598,0.00
1786338715,ingest,0.00,0.00,0.0,0.000,0.002,6.324,38.470,0.00
1786338720,ingest,0.00,0.00,0.0,0.000,0.002,6.448,38.345,0.00
1786338725,ingest,0.00,0.00,0.0,0.000,0.002,6.511,38.281,0.00
1786338730,ingest,0.00,0.00,0.0,0.000,0.002,6.574,38.219,0.00
1786338735,ingest,0.00,0.00,0.0,0.000,0.002,6.699,38.093,0.00
1786338740,ingest,0.00,0.00,0.0,0.000,0.002,6.824,37.966,0.00
1786338745,ingest,0.00,0.00,0.0,0.000,0.002,6.887,37.902,0.00
1786338751,ingest,0.00,0.00,0.0,0.000,0.002,7.012,37.779,0.00
1786338756,ingest,0.00,0.00,0.0,0.000,0.002,7.137,37.654,0.00
1786338761,ingest,0.00,0.00,0.0,0.000,0.002,7.199,37.589,0.00
1786338766,ingest,0.00,0.00,0.0,0.000,0.002,7.262,37.526,0.00
1786338771,ingest,0.00,0.00,0.0,0.000,0.002,7.387,37.399,0.00
1786338776,ingest,0.00,0.00,0.0,0.000,0.002,7.449,37.334,0.00
1786338781,ingest,0.00,0.00,0.0,0.000,0.002,7.580,37.202,0.00
1786338786,ingest,0.00,0.00,0.0,0.000,0.002,7.700,37.081,0.00
1786338791,ingest,0.00,0.00,0.0,0.000,0.002,7.825,36.953,0.00
1786338796,ingest,0.00,0.00,0.0,0.000,0.002,7.887,36.892,0.00
1786338801,ingest,0.00,0.00,0.0,0.000,0.002,7.950,36.826,0.00
1786338806,ingest,0.00,0.00,0.0,0.000,0.002,8.012,36.762,0.00
1786338811,ingest,0.00,0.00,0.0,0.000,0.002,8.075,36.700,0.00
1786338816,ingest,0.00,0.00,0.0,0.000,0.002,8.200,36.574,0.00
1786338821,ingest,0.00,0.00,0.0,0.000,0.002,8.325,36.443,0.00
1786338826,ingest,0.00,0.00,0.0,0.000,0.002,8.450,36.316,0.00
1786338831,ingest,0.00,0.00,0.0,0.000,0.002,8.513,36.253,0.00
1786338836,ingest,0.00,0.00,0.0,0.000,0.002,8.638,36.126,0.00
1786338841,ingest,0.00,0.00,0.0,0.000,0.002,8.701,36.062,0.00
1786338847,ingest,0.00,0.00,0.0,0.000,0.002,8.763,36.005,0.00
1786338852,ingest,0.00,0.00,0.0,0.000,0.002,8.828,35.938,0.00
1786338857,ingest,0.00,0.00,0.0,0.000,0.002,8.953,35.814,0.00
1786338862,ingest,0.00,0.00,0.0,0.000,0.002,9.078,35.686,0.00
1786338867,ingest,0.00,0.00,0.0,0.000,0.002,9.141,35.624,0.00
1786338872,ingest,0.00,0.00,0.0,0.000,0.002,9.266,35.496,0.00
1786338877,ingest,0.00,0.00,0.0,0.000,0.002,9.391,35.370,0.00
1786338882,ingest,0.00,0.00,0.0,0.000,0.002,9.456,35.304,0.00
1786338887,ingest,0.00,0.00,0.0,0.000,0.002,9.518,35.241,0.00
1786338892,ingest,0.00,0.00,0.0,0.000,0.002,9.581,35.179,0.00
1786338897,ingest,0.00,0.00,0.0,0.000,0.002,9.643,35.117,0.00
1786338902,ingest,0.00,0.00,0.0,0.000,0.002,9.706,35.052,0.00
1786338907,ingest,0.00,0.00,0.0,0.000,0.002,9.769,34.991,0.00
1786338912,ingest,0.00,0.00,0.0,0.000,0.002,9.894,34.867,0.00
1786338917,ingest,0.00,0.00,0.0,0.000,0.002,9.956,34.804,0.00
1786338922,ingest,0.00,0.00,0.0,0.000,0.002,10.081,34.675,0.00
1786338927,ingest,0.00,0.00,0.0,0.000,0.002,10.210,34.548,0.00
1786338932,ingest,0.00,0.00,0.0,0.000,0.002,10.273,34.478,0.00
1786338937,ingest,0.00,0.00,0.0,0.000,0.002,10.336,34.420,0.00
1786338943,ingest,0.00,0.00,0.0,0.000,0.002,10.399,34.355,0.00
1786338948,ingest,0.00,0.00,0.0,0.000,0.002,10.462,34.294,0.00
1786338953,ingest,0.00,0.00,0.0,0.000,0.002,10.587,34.169,0.00
1786338958,ingest,0.00,0.00,0.0,0.000,0.002,10.650,34.105,0.00
1786338963,ingest,0.00,0.00,0.0,0.000,0.002,10.780,33.973,0.00
1786338968,ingest,0.00,0.00,0.0,0.000,0.002,10.844,33.899,0.06
1786338973,ingest,0.00,0.00,0.0,0.000,0.002,10.907,33.837,0.00
1786338978,ingest,0.00,0.00,0.0,0.000,0.002,11.032,33.707,0.00
1786338983,ingest,0.00,0.00,0.0,0.000,0.002,11.094,33.645,0.00
1786338988,ingest,0.00,0.00,0.0,0.000,0.002,11.157,33.579,0.00
1786338993,ingest,0.00,0.00,0.0,0.000,0.002,11.282,33.451,0.00
1786338998,ingest,0.00,0.00,0.0,0.000,0.002,11.345,33.389,0.00
1786339003,ingest,0.00,0.00,0.0,0.000,0.002,11.407,33.327,0.00
1786339008,ingest,0.00,0.00,0.0,0.000,0.002,11.535,33.195,0.00
1786339013,ingest,0.00,0.00,0.0,0.000,0.002,11.597,33.132,0.00
1786339018,ingest,0.00,0.00,0.0,0.000,0.002,11.722,33.005,0.00
1786339023,ingest,0.00,0.00,0.0,0.000,0.002,11.785,32.941,0.00
1786339028,ingest,0.00,0.00,0.0,0.000,0.002,11.848,32.880,0.00
1786339034,ingest,0.00,0.00,0.0,0.000,0.002,11.973,32.753,0.00
1786339039,ingest,0.00,0.00,0.0,0.000,0.002,12.098,32.629,0.00
1786339044,ingest,0.00,0.00,0.0,0.000,0.002,12.160,32.567,0.00
1786339049,ingest,0.00,0.00,0.0,0.000,0.002,12.286,32.442,0.00
1786339054,ingest,0.00,0.00,0.0,0.000,0.002,12.349,32.381,0.00
1786339059,ingest,0.00,0.00,0.0,0.000,0.002,12.474,32.257,0.00
1786339064,ingest,0.00,0.00,0.0,0.000,0.002,12.599,32.131,0.00
1786339069,ingest,0.00,0.00,0.0,0.000,0.002,12.661,32.066,0.00
1786339074,ingest,0.00,0.00,0.0,0.000,0.002,12.724,32.004,0.00
1786339079,ingest,0.00,0.00,0.0,0.000,0.002,12.849,31.873,0.00
1786339084,ingest,0.00,0.00,0.0,0.000,0.002,12.912,31.811,0.00
1786339089,ingest,0.00,0.00,0.0,0.000,0.002,13.037,31.690,0.00
1786339094,ingest,0.00,0.00,0.0,0.000,0.002,13.100,31.627,0.00
1786339099,ingest,0.00,0.00,0.0,0.000,0.002,13.162,31.565,0.00
1786339104,ingest,0.00,0.00,0.0,0.000,0.002,13.287,31.439,0.00
1786339109,ingest,0.00,0.00,0.0,0.000,0.002,13.350,31.372,0.00
1786339114,ingest,0.00,0.00,0.0,0.000,0.002,13.475,31.246,0.00
1786339119,ingest,0.00,0.00,0.0,0.000,0.002,13.537,31.184,0.00
1786339124,ingest,0.00,0.00,0.0,0.000,0.002,13.662,31.053,0.00
1786339130,ingest,0.00,0.00,0.0,0.000,0.002,13.788,30.927,0.00
1786339135,ingest,0.00,0.00,0.0,0.000,0.002,13.850,30.863,0.00
1786339140,ingest,0.00,0.00,0.0,0.000,0.002,13.913,30.797,0.00
1786339145,ingest,0.00,0.00,0.0,0.000,0.002,14.038,30.670,0.00
1786339150,ingest,0.00,0.00,0.0,0.000,0.002,14.100,30.605,0.00
1786339155,ingest,0.00,0.00,0.0,0.000,0.002,14.225,30.478,0.00
1786339160,ingest,0.00,0.00,0.0,0.000,0.002,14.288,30.415,0.00
1786339165,ingest,0.00,0.00,0.0,0.000,0.002,14.413,30.288,0.00
1786339170,ingest,0.00,0.00,0.0,0.000,0.002,14.476,30.227,0.00
1786339175,ingest,0.00,0.00,0.0,0.000,0.002,14.601,30.102,0.00
1786339180,ingest,0.00,0.00,0.0,0.000,0.002,14.669,30.034,0.00
1786339185,ingest,0.00,0.00,0.0,0.000,0.002,14.776,29.924,0.00
1786339190,ingest,0.00,0.00,0.0,0.000,0.002,14.851,29.848,0.00
1786339195,ingest,0.00,0.00,0.0,0.000,0.002,14.976,29.723,0.00
1786339200,ingest,0.00,0.00,0.0,0.000,0.002,15.101,29.594,0.00
1786339205,ingest,0.00,0.00,0.0,0.000,0.002,15.164,29.532,0.00
1786339210,ingest,0.00,0.00,0.0,0.000,0.002,15.414,29.275,0.00
1786339215,ingest,0.00,0.00,0.0,0.000,0.002,15.477,29.212,0.00
1786339221,ingest,0.00,0.00,0.0,0.000,0.002,15.539,29.148,0.00
1786339226,ingest,0.00,0.00,0.0,0.000,0.002,15.664,29.023,0.00
1786339231,ingest,0.00,0.00,0.0,0.000,0.002,15.727,28.962,0.00
1786339236,ingest,0.00,0.00,0.0,0.000,0.002,15.789,28.898,0.00
1786339241,ingest,0.00,0.00,0.0,0.000,0.002,15.977,28.711,0.00
1786339246,ingest,0.00,0.00,0.0,0.000,0.002,16.102,28.582,0.00
1786339251,ingest,0.00,0.00,0.0,0.000,0.002,16.334,28.346,0.00
1786339256,ingest,0.00,0.00,0.0,0.000,0.002,16.352,28.331,0.00
1786339261,ingest,0.00,0.00,0.0,0.000,0.002,16.478,28.201,0.00
1786339266,ingest,0.00,0.00,0.0,0.000,0.002,16.602,28.060,0.05
1786339271,ingest,0.00,0.00,0.0,0.000,0.002,16.665,27.999,0.01
1786339276,ingest,0.00,0.00,0.0,0.000,0.002,16.790,27.872,0.00
1786339281,ingest,0.00,0.00,0.0,0.000,0.002,17.002,27.666,0.00
1786339286,ingest,0.00,0.00,0.0,0.000,0.002,17.190,27.478,0.00
1786339291,ingest,0.00,0.00,0.0,0.000,0.002,17.315,27.349,0.00
1786339296,ingest,0.00,0.00,0.0,0.000,0.002,17.378,27.285,0.00
1786339301,ingest,0.00,0.00,0.0,0.000,0.002,17.440,27.221,0.00
1786339306,ingest,0.00,0.00,0.0,0.000,0.002,17.503,27.160,0.00
1786339311,ingest,0.00,0.00,0.0,0.000,0.002,17.565,27.096,0.00
1786339317,ingest,0.00,0.00,0.1,0.007,0.002,17.691,26.971,0.00
1786339322,ingest,0.00,20.41,2.5,0.101,0.002,17.691,26.970,0.00
1786339327,ingest,0.00,0.00,0.0,0.190,0.002,17.691,26.969,0.00
1786339332,ingest,0.00,0.00,0.0,0.273,0.002,17.691,26.969,0.00
1786339337,ingest,0.00,0.00,0.0,0.375,0.002,17.691,26.968,0.00
1786339342,ingest,0.00,0.00,0.0,0.429,0.002,17.691,26.966,0.00
1786339347,ingest,0.00,0.00,0.1,0.429,0.002,17.753,26.904,0.00
1786339352,ingest,0.00,0.00,0.0,0.429,0.002,17.816,26.839,0.00
1786339357,ingest,0.00,66.63,7.4,0.429,0.002,17.941,26.712,0.00
1786339362,ingest,0.00,0.00,0.0,0.429,0.002,18.028,26.623,0.00
1786339367,ingest,0.00,0.00,0.0,0.429,0.002,18.129,26.521,0.00
1786339372,ingest,0.00,0.00,0.0,0.429,0.002,18.254,26.397,0.00
1786339377,ingest,0.00,0.00,0.1,0.429,0.002,18.316,26.335,0.00
1786339382,ingest,0.00,0.00,0.0,0.429,0.002,18.379,26.271,0.00
1786339387,ingest,0.00,0.00,0.0,0.429,0.002,18.442,26.211,0.00
1786339392,ingest,0.00,0.00,0.0,0.429,0.002,18.629,26.022,0.00
1786339397,ingest,0.00,0.00,0.0,0.429,0.002,18.692,25.960,0.00
1786339402,ingest,0.00,0.00,0.0,0.429,0.002,18.754,25.898,0.00
1786339407,ingest,0.00,0.00,0.1,0.429,0.002,18.879,25.769,0.00
1786339413,ingest,0.00,0.00,0.0,0.429,0.002,19.005,25.642,0.00
1786339418,ingest,0.00,0.00,0.0,0.429,0.002,19.067,25.579,0.00
1786339423,ingest,0.00,0.00,0.0,0.429,0.002,19.192,25.452,0.00
1786339428,ingest,0.00,0.00,0.0,0.429,0.002,19.255,25.388,0.00
1786339433,ingest,0.00,0.00,0.0,0.429,0.002,19.318,25.325,0.00
1786339438,ingest,0.00,0.00,0.1,0.429,0.002,19.380,25.264,0.00
1786339443,ingest,0.00,0.00,0.0,0.429,0.002,19.505,25.136,0.00
1786339448,ingest,0.00,0.00,0.0,0.429,0.002,19.630,25.009,0.00
1786339453,ingest,0.00,0.00,0.0,0.429,0.002,19.693,24.945,0.00
1786339458,ingest,0.00,0.00,0.0,0.429,0.002,19.755,24.888,0.00
1786339463,ingest,0.00,0.00,0.0,0.429,0.002,19.818,24.826,0.00
1786339468,ingest,0.00,0.00,0.1,0.429,0.002,19.943,24.702,0.00
1786339473,ingest,0.00,0.00,0.0,0.429,0.002,20.006,24.638,0.00
1786339478,ingest,0.00,0.00,0.0,0.429,0.002,20.131,24.512,0.00
1786339483,ingest,0.00,0.00,0.0,0.429,0.002,20.193,24.450,0.00
1786339488,ingest,0.00,0.00,0.0,0.429,0.002,20.323,24.324,0.00
1786339493,ingest,0.00,0.00,0.0,0.429,0.002,20.510,24.142,0.00
1786339498,ingest,0.00,0.00,0.0,0.429,0.002,20.583,24.069,0.00
1786339504,ingest,0.00,0.00,0.0,0.429,0.002,20.645,24.005,0.00
1786339509,ingest,0.00,0.00,0.0,0.429,0.002,20.770,23.879,0.00
1786339514,ingest,0.00,0.00,0.0,0.429,0.002,20.833,23.815,0.00
1786339519,ingest,0.00,0.00,0.0,0.429,0.002,20.895,23.751,0.00
1786339524,ingest,0.00,0.00,0.0,0.429,0.002,20.958,23.689,0.00
1786339529,ingest,0.00,0.00,0.0,0.429,0.002,21.083,23.566,0.00
1786339534,ingest,0.00,0.00,0.0,0.429,0.002,21.146,23.504,0.00
1786339539,ingest,0.00,0.00,0.0,0.429,0.002,21.208,23.441,0.00
1786339544,ingest,0.00,0.00,0.0,0.429,0.002,21.334,23.315,0.00
1786339549,ingest,0.00,0.00,0.0,0.429,0.002,21.334,23.312,0.00
1786339554,ingest,0.00,0.00,0.0,0.429,0.002,21.459,23.183,0.00
1786339559,ingest,0.00,0.00,0.0,0.429,0.002,21.521,23.123,0.00
1786339564,ingest,0.00,0.00,0.0,0.429,0.002,21.646,22.986,0.03
1786339569,ingest,0.00,0.00,0.0,0.429,0.002,21.770,22.862,0.03
1786339574,ingest,0.00,0.00,0.0,0.429,0.002,21.832,22.799,0.00
1786339579,ingest,0.00,0.00,0.0,0.429,0.002,21.895,22.735,0.00
1786339584,ingest,0.00,0.00,0.0,0.429,0.002,21.957,22.671,0.00
1786339589,ingest,0.00,0.00,0.0,0.429,0.002,21.957,22.672,0.00
1786339594,ingest,0.00,0.00,0.0,0.429,0.002,22.082,22.546,0.00
1786339600,ingest,0.00,0.00,0.0,0.429,0.002,22.145,22.483,0.00
1786339605,ingest,0.00,0.00,0.0,0.429,0.002,22.333,22.296,0.00
1786339610,ingest,0.00,0.00,0.0,0.429,0.002,22.395,22.235,0.00
1786339615,ingest,0.00,0.00,0.0,0.429,0.002,22.526,22.105,0.00
1786339620,ingest,0.00,0.00,0.0,0.429,0.002,22.589,22.040,0.00
1786339625,ingest,0.00,0.00,0.0,0.429,0.002,22.714,21.918,0.00
1786339630,ingest,0.00,0.00,0.0,0.429,0.002,22.776,21.849,0.00
1786339635,ingest,0.00,0.00,0.0,0.429,0.002,22.964,21.661,0.00
1786339640,ingest,0.00,0.00,0.0,0.429,0.002,23.027,21.599,0.00
1786339645,ingest,0.00,0.00,0.0,0.429,0.002,23.152,21.475,0.00
1786339650,ingest,0.00,0.00,0.0,0.429,0.002,23.214,21.411,0.00
1786339655,ingest,0.00,0.00,0.0,0.429,0.002,23.339,21.286,0.00
1786339660,ingest,0.00,0.00,0.0,0.429,0.002,23.402,21.217,0.00
1786339665,ingest,0.00,0.00,0.0,0.429,0.002,23.472,21.147,0.00
1786339670,ingest,0.00,0.00,0.0,0.429,0.002,23.596,21.021,0.00
1786339675,ingest,0.00,0.00,0.0,0.429,0.002,23.597,21.019,0.00
1786339680,ingest,0.00,0.00,0.0,0.429,0.002,23.722,20.896,0.00
1786339685,ingest,0.00,0.00,0.0,0.429,0.002,23.847,20.768,0.00
1786339691,ingest,0.00,0.00,0.0,0.429,0.002,23.909,20.706,0.00
1786339696,ingest,0.00,0.00,0.0,0.429,0.002,24.034,20.583,0.00
1786339701,ingest,0.00,0.00,0.0,0.429,0.002,24.097,20.520,0.00
1786339706,ingest,0.00,0.00,0.0,0.429,0.002,24.160,20.458,0.00
1786339711,ingest,0.00,0.00,0.0,0.429,0.002,24.353,20.263,0.00
1786339716,ingest,0.00,0.00,0.0,0.429,0.002,24.416,20.199,0.00
1786339721,ingest,0.00,0.00,0.0,0.429,0.002,24.478,20.134,0.00
1786339726,ingest,0.00,0.00,0.0,0.429,0.002,24.603,20.009,0.00
1786339731,ingest,0.00,0.00,0.0,0.429,0.002,24.728,19.884,0.00
1786339736,ingest,0.00,0.00,0.0,0.429,0.002,24.854,19.756,0.00
1786339741,ingest,0.00,0.00,0.0,0.429,0.002,24.916,19.690,0.00
1786339746,ingest,0.00,0.00,0.0,0.429,0.002,25.041,19.570,0.00
1786339751,ingest,0.00,0.00,0.0,0.429,0.002,25.104,19.507,0.00
1786339756,ingest,0.00,0.00,0.0,0.429,0.002,25.238,19.370,0.00
1786339761,ingest,0.00,0.00,0.0,0.429,0.002,25.302,19.307,0.00
1786339766,ingest,0.00,0.00,0.0,0.429,0.002,25.365,19.243,0.00
1786339771,ingest,0.00,0.00,0.0,0.429,0.002,25.490,19.117,0.00
1786339776,ingest,0.00,0.00,0.0,0.429,0.002,25.678,18.925,0.00
1786339781,ingest,0.00,0.00,0.0,0.429,0.002,25.740,18.866,0.00
1786339787,ingest,0.00,0.00,0.0,0.429,0.002,25.803,18.802,0.00
1786339792,ingest,0.00,0.00,0.0,0.429,0.002,25.865,18.739,0.00
1786339797,ingest,0.00,0.00,0.0,0.429,0.002,25.990,18.615,0.00
1786339802,ingest,0.00,0.00,0.0,0.429,0.002,26.053,18.549,0.00
1786339807,ingest,0.00,0.00,0.0,0.429,0.002,26.178,18.422,0.00
1786339812,ingest,0.00,0.00,0.0,0.429,0.002,26.303,18.293,0.00
1786339817,ingest,0.00,0.00,0.0,0.429,0.002,26.491,18.103,0.00
1786339822,ingest,0.00,0.00,0.0,0.429,0.002,26.491,18.103,0.00
1786339827,ingest,0.00,0.00,0.0,0.429,0.002,26.616,17.976,0.00
1786339832,ingest,0.00,0.00,0.0,0.429,0.002,26.678,17.911,0.00
1786339837,ingest,0.00,0.00,0.0,0.429,0.002,26.803,17.785,0.00
1786339842,ingest,0.00,0.00,0.0,0.429,0.002,26.866,17.720,0.00
1786339847,ingest,0.00,0.00,0.0,0.429,0.002,26.929,17.660,0.00
1786339852,ingest,0.00,0.00,0.0,0.429,0.002,27.116,17.473,0.00
1786339857,ingest,0.00,0.00,0.0,0.429,0.002,27.179,17.411,0.00
1786339862,ingest,0.00,0.00,0.0,0.429,0.002,27.241,17.348,0.00
1786339867,ingest,0.00,0.00,0.0,0.429,0.002,27.366,17.209,0.06
1786339872,ingest,0.00,0.00,0.0,0.429,0.002,27.492,17.084,0.00
1786339878,ingest,0.00,0.00,0.0,0.429,0.002,27.617,16.960,0.00
1786339883,ingest,0.00,0.00,0.0,0.429,0.002,27.679,16.900,0.00
1786339888,ingest,0.00,0.00,0.0,0.429,0.002,27.742,16.841,0.00
1786339893,ingest,0.00,0.00,0.0,0.429,0.002,27.867,16.715,0.00
1786339898,ingest,0.00,0.00,0.0,0.429,0.002,27.992,16.591,0.00
1786339903,ingest,0.00,0.00,0.0,0.429,0.002,28.118,16.462,0.00
1786339908,ingest,0.00,0.00,0.0,0.429,0.002,28.243,16.336,0.00
1786339913,ingest,0.00,0.00,0.0,0.429,0.002,28.306,16.273,0.00
1786339918,ingest,0.00,0.00,0.0,0.429,0.002,28.368,16.205,0.00
1786339923,ingest,0.00,0.00,0.0,0.429,0.002,28.556,16.018,0.00
1786339928,ingest,0.00,0.00,0.0,0.429,0.002,28.619,15.957,0.00
1786339933,ingest,0.00,0.00,0.0,0.429,0.002,28.744,15.831,0.00
1786339938,ingest,0.00,0.00,0.0,0.429,0.002,28.807,15.769,0.00
1786339943,ingest,0.00,0.00,0.0,0.429,0.002,28.869,15.706,0.00
1786339948,ingest,0.00,0.00,0.0,0.429,0.002,28.994,15.578,0.00
1786339953,ingest,0.00,0.00,0.0,0.429,0.002,29.057,15.514,0.00
1786339958,ingest,0.00,0.00,0.0,0.429,0.002,29.120,15.450,0.00
1786339963,ingest,0.00,0.00,0.0,0.429,0.002,29.183,15.385,0.00
1786339968,ingest,0.00,0.00,0.0,0.429,0.002,29.370,15.191,0.00
1786339974,ingest,0.00,0.00,0.0,0.429,0.002,29.495,15.064,0.00
1786339979,ingest,0.00,0.00,0.0,0.429,0.002,29.620,14.938,0.00
1786339984,ingest,0.00,0.00,0.0,0.429,0.002,29.621,14.940,0.00
1786339989,ingest,0.00,0.00,0.0,0.429,0.002,29.746,14.812,0.00
1786339994,ingest,0.00,0.00,0.0,0.429,0.002,29.746,14.811,0.00
1786339999,ingest,0.00,0.00,0.0,0.429,0.002,29.871,14.688,0.00
1786340004,ingest,0.00,0.00,0.0,0.429,0.002,29.933,14.625,0.00
1786340009,ingest,0.00,0.00,0.0,0.429,0.002,30.058,14.500,0.00
1786340014,ingest,0.00,0.00,0.0,0.429,0.002,30.121,14.439,0.00
1786340019,ingest,0.00,0.00,0.0,0.429,0.002,30.121,14.430,0.00
1786340024,ingest,0.00,0.00,0.0,0.429,0.002,30.121,14.725,0.00
1786340029,idle,0.00,0.00,0.0,0.429,0.002,30.121,14.726,0.00
1786340034,bench_chimod,0.00,0.00,0.0,0.429,0.002,36.800,13.712,6.33
1786340039,bench_chimod,86.95,0.00,8.4,0.429,0.002,49.492,13.395,0.00
1786340044,bench_chimod,0.00,0.00,0.0,0.429,0.002,60.918,13.202,0.00
1786340049,bench_chimod,0.00,0.00,0.0,0.429,0.002,60.980,13.153,0.00
1786340054,bench_chimod,0.00,0.00,0.1,0.429,0.002,61.062,13.065,0.00
1786340059,bench_chimod,0.00,0.00,0.0,0.429,0.002,61.128,13.003,0.00
1786340064,bench_chimod,0.00,0.00,0.0,0.429,0.002,61.131,12.998,0.00
1786340070,bench_chimod,0.00,0.00,0.0,0.429,0.002,61.216,12.915,0.00
1786340075,idle,0.00,0.00,0.1,0.000,0.002,0.000,17.046,0.01
1786340080,idle,0.00,0.00,0.0,0.000,0.002,0.000,44.922,0.00
1786340085,ingest,0.00,0.00,0.1,0.000,0.002,0.394,44.379,26.58
1786340090,ingest,0.00,0.00,0.0,0.000,0.002,0.520,44.259,0.00
1786340095,ingest,0.00,0.00,0.0,0.000,0.002,0.672,44.119,0.00
1786340100,ingest,0.00,0.00,0.0,0.000,0.002,0.738,44.051,0.00
1786340105,ingest,0.00,0.00,0.0,0.000,0.002,0.802,43.991,0.00
1786340110,ingest,0.00,0.00,0.0,0.000,0.002,0.993,43.795,0.00
1786340115,ingest,0.00,0.01,0.1,0.000,0.002,1.060,43.737,0.00
1786340120,ingest,0.00,0.00,0.0,0.000,0.002,1.187,43.604,0.00
1786340125,ingest,0.00,0.00,0.0,0.000,0.002,1.327,43.468,0.00
1786340130,ingest,0.00,0.00,0.0,0.000,0.002,1.390,43.405,0.00
1786340135,ingest,0.00,0.00,0.0,0.000,0.002,1.519,43.275,0.00
1786340140,ingest,0.00,0.00,0.0,0.000,0.002,1.584,43.210,0.00
1786340145,ingest,0.00,0.01,0.1,0.000,0.002,1.720,43.070,0.00
1786340150,ingest,0.08,0.00,60.0,0.000,0.002,1.784,43.008,0.00
1786340155,ingest,0.00,0.00,42.2,0.000,0.002,1.847,42.948,0.00
1786340161,ingest,0.00,0.00,0.0,0.000,0.002,1.972,42.822,0.00
1786340166,ingest,0.00,0.00,0.0,0.000,0.002,2.099,42.694,0.00
1786340171,ingest,0.00,0.00,0.0,0.000,0.002,2.162,42.631,0.00
1786340176,ingest,0.00,0.00,0.1,0.000,0.002,2.225,42.571,0.00
1786340181,ingest,0.00,0.00,0.0,0.000,0.002,2.287,42.508,0.00
1786340186,ingest,0.00,0.00,0.0,0.000,0.002,2.413,42.381,0.00
1786340191,ingest,0.00,0.00,0.0,0.000,0.002,2.549,42.244,0.00
1786340196,ingest,0.00,0.00,0.0,0.000,0.002,2.681,42.107,0.00
1786340201,ingest,0.00,0.00,0.0,0.000,0.002,2.744,42.045,0.00
1786340206,ingest,0.00,0.00,0.1,0.000,0.002,2.869,41.922,0.00
1786340211,ingest,0.00,0.00,0.0,0.000,0.002,2.994,41.794,0.00
1786340216,ingest,0.00,0.00,0.0,0.000,0.002,3.057,41.730,0.00
1786340221,ingest,0.00,0.00,0.0,0.000,0.002,3.120,41.667,0.00
1786340226,ingest,0.00,0.00,0.0,0.000,0.002,3.182,41.602,0.00
1786340231,ingest,0.00,0.00,0.0,0.000,0.002,3.307,41.478,0.00
1786340236,ingest,0.00,0.00,0.0,0.000,0.002,3.369,41.411,0.00
1786340241,ingest,0.00,0.00,0.0,0.000,0.002,3.370,41.410,0.00
1786340246,ingest,0.00,0.00,0.0,0.000,0.002,3.495,41.285,0.00
1786340252,ingest,0.00,0.00,0.0,0.000,0.002,3.557,41.222,0.00
1786340257,ingest,0.00,0.00,0.0,0.000,0.002,3.620,41.156,0.00
1786340262,ingest,0.00,0.00,0.0,0.000,0.002,3.683,41.092,0.00
1786340267,ingest,0.00,0.00,0.0,0.000,0.002,3.745,41.030,0.00
1786340272,ingest,0.00,0.00,0.0,0.000,0.002,3.808,40.969,0.00
1786340277,ingest,0.00,0.00,0.0,0.000,0.002,3.871,40.905,0.00
1786340282,ingest,0.00,0.00,0.0,0.000,0.002,3.933,40.842,0.00
1786340287,ingest,0.00,0.00,0.0,0.000,0.002,4.058,40.716,0.00
1786340292,ingest,0.00,0.00,0.0,0.000,0.002,4.183,40.589,0.00
1786340297,ingest,0.00,0.00,0.0,0.000,0.002,4.246,40.528,0.00
1786340302,ingest,0.00,0.00,0.0,0.000,0.002,4.362,40.411,0.00
1786340307,ingest,0.00,0.00,0.0,0.000,0.002,4.447,40.325,0.00
1786340312,ingest,0.00,0.00,0.0,0.000,0.002,4.509,40.261,0.00
1786340317,ingest,0.00,0.00,0.0,0.000,0.002,4.634,40.136,0.00
1786340322,ingest,0.00,0.00,0.0,0.000,0.002,4.697,40.075,0.00
1786340327,ingest,0.00,0.00,0.0,0.000,0.002,4.759,40.011,0.00
1786340332,ingest,0.00,0.00,0.0,0.000,0.002,4.884,39.886,0.00
1786340337,ingest,0.00,0.00,0.0,0.000,0.002,5.009,39.758,0.00
1786340343,ingest,0.00,0.00,0.0,0.000,0.002,5.135,39.632,0.00
1786340348,ingest,0.00,0.00,0.0,0.000,0.002,5.197,39.569,0.00
1786340353,ingest,0.00,0.00,0.0,0.000,0.002,5.260,39.505,0.00
1786340358,ingest,0.00,0.00,0.0,0.000,0.002,5.322,39.442,0.00
1786340363,ingest,0.00,0.00,0.0,0.000,0.002,5.447,39.316,0.00
1786340368,ingest,0.00,0.00,0.0,0.000,0.002,5.510,39.254,0.00
1786340373,ingest,0.00,0.00,0.0,0.000,0.002,5.635,39.128,0.00
1786340378,ingest,0.00,0.00,0.0,0.000,0.002,5.635,39.128,0.00
1786340383,ingest,0.00,0.00,0.0,0.000,0.002,5.698,39.052,0.05
1786340388,ingest,0.00,0.00,0.0,0.000,0.002,5.823,38.917,0.00
1786340393,ingest,0.00,0.00,0.0,0.000,0.002,5.885,38.863,0.00
1786340398,ingest,0.00,0.00,0.0,0.000,0.002,6.010,38.739,0.00
1786340403,ingest,0.00,0.00,0.0,0.000,0.002,6.135,38.614,0.00
1786340408,ingest,0.00,0.00,0.0,0.000,0.002,6.198,38.552,0.00
1786340413,ingest,0.00,0.00,0.0,0.000,0.002,6.261,38.487,0.00
1786340418,ingest,0.00,0.00,0.0,0.000,0.002,6.386,38.355,0.00
1786340423,ingest,0.00,0.00,0.0,0.000,0.002,6.448,38.294,0.00
1786340428,ingest,0.00,0.00,0.0,0.000,0.002,6.573,38.168,0.00
1786340433,ingest,0.00,0.00,0.0,0.000,0.002,6.636,38.108,0.00
1786340439,ingest,0.00,0.00,0.0,0.000,0.002,6.761,37.984,0.00
1786340444,ingest,0.00,0.00,0.0,0.000,0.002,6.886,37.856,0.00
1786340449,ingest,0.00,0.00,0.0,0.000,0.002,6.949,37.794,0.00
1786340454,ingest,0.00,0.00,0.0,0.000,0.002,7.074,37.667,0.00
1786340459,ingest,0.00,0.00,0.0,0.000,0.002,7.199,37.540,0.00
1786340464,ingest,0.00,0.00,0.0,0.000,0.002,7.262,37.478,0.00
1786340469,ingest,0.00,0.00,0.0,0.000,0.002,7.324,37.417,0.00
1786340474,ingest,0.00,0.00,0.0,0.000,0.002,7.387,37.354,0.00
1786340479,ingest,0.00,0.00,0.0,0.000,0.002,7.512,37.227,0.00
1786340484,ingest,0.00,0.00,0.0,0.000,0.002,7.637,37.102,0.00
1786340489,ingest,0.00,0.00,0.0,0.000,0.002,7.762,36.976,0.00
1786340494,ingest,0.00,0.00,0.0,0.000,0.002,7.825,36.911,0.00
1786340499,ingest,0.00,0.00,0.0,0.000,0.002,7.887,36.851,0.00
1786340504,ingest,0.00,0.00,0.0,0.000,0.002,8.012,36.722,0.00
1786340509,ingest,0.00,0.00,0.0,0.000,0.002,8.012,36.722,0.00
1786340514,ingest,0.00,0.00,0.0,0.000,0.002,8.075,36.660,0.00
1786340519,ingest,0.00,0.00,0.0,0.000,0.002,8.262,36.471,0.00
1786340524,ingest,0.00,0.00,0.0,0.000,0.002,8.325,36.407,0.00
1786340529,ingest,0.00,0.00,0.0,0.000,0.002,8.450,36.282,0.00
1786340535,ingest,0.00,0.00,0.0,0.000,0.002,8.575,36.156,0.00
1786340540,ingest,0.00,0.00,0.0,0.000,0.002,8.638,36.094,0.00
1786340545,ingest,0.00,0.00,0.0,0.000,0.002,8.700,36.034,0.00
1786340550,ingest,0.00,0.00,0.0,0.000,0.002,8.828,35.906,0.00
1786340555,ingest,0.00,0.00,0.0,0.000,0.002,8.890,35.844,0.00
1786340560,ingest,0.00,0.00,0.0,0.000,0.002,9.015,35.717,0.00
1786340565,ingest,0.00,0.00,0.0,0.000,0.002,9.078,35.653,0.00
1786340570,ingest,0.00,0.00,0.0,0.000,0.002,9.203,35.527,0.00
1786340575,ingest,0.00,0.00,0.0,0.000,0.002,9.265,35.463,0.00
1786340580,ingest,0.00,0.00,0.0,0.000,0.002,9.453,35.270,0.00
1786340585,ingest,0.00,0.00,0.0,0.000,0.002,9.456,35.272,0.00
1786340590,ingest,0.00,0.00,0.0,0.000,0.002,9.518,35.209,0.00
1786340595,ingest,0.00,0.00,0.0,0.000,0.002,9.619,35.106,0.00
1786340600,ingest,0.00,0.00,0.0,0.000,0.002,9.643,35.081,0.00
1786340605,ingest,0.00,0.00,0.0,0.000,0.002,9.706,35.020,0.00
1786340610,ingest,0.00,0.00,0.0,0.000,0.002,9.768,34.957,0.00
1786340615,ingest,0.00,0.00,0.0,0.000,0.002,9.893,34.832,0.00
1786340620,ingest,0.00,0.00,0.0,0.000,0.002,9.956,34.768,0.00
1786340626,ingest,0.00,0.00,0.0,0.000,0.002,10.081,34.640,0.00
1786340631,ingest,0.00,0.00,0.0,0.000,0.002,10.211,34.511,0.00
1786340636,ingest,0.00,0.00,0.0,0.000,0.002,10.273,34.445,0.00
1786340641,ingest,0.00,0.00,0.0,0.000,0.002,10.336,34.383,0.00
1786340646,ingest,0.00,0.00,0.0,0.000,0.002,10.398,34.323,0.00
1786340651,ingest,0.00,0.00,0.0,0.000,0.002,10.461,34.259,0.00
1786340656,ingest,0.00,0.00,0.0,0.000,0.002,10.586,34.131,0.00
1786340661,ingest,0.00,0.00,0.0,0.000,0.002,10.649,34.070,0.00
1786340666,ingest,0.00,0.00,0.0,0.000,0.002,10.781,33.936,0.00
1786340671,ingest,0.00,0.00,0.0,0.000,0.002,10.844,33.874,0.00
1786340676,ingest,0.00,0.00,0.0,0.000,0.002,10.906,33.807,0.00
1786340681,ingest,0.00,0.00,0.0,0.000,0.002,11.031,33.674,0.03
1786340686,ingest,0.00,0.00,0.0,0.000,0.002,11.094,33.607,0.03
1786340691,ingest,0.00,0.00,0.0,0.000,0.002,11.157,33.545,0.00
1786340696,ingest,0.00,0.00,0.0,0.000,0.002,11.282,33.418,0.00
1786340701,ingest,0.00,0.00,0.0,0.000,0.002,11.344,33.356,0.00
1786340706,ingest,0.00,0.00,0.0,0.000,0.002,11.407,33.294,0.00
1786340711,ingest,0.00,0.00,0.0,0.000,0.002,11.534,33.168,0.00
1786340716,ingest,0.00,0.00,0.0,0.000,0.002,11.597,33.104,0.00
1786340722,ingest,0.00,0.00,0.0,0.000,0.002,11.722,32.978,0.00
1786340727,ingest,0.00,0.00,0.0,0.000,0.002,11.785,32.913,0.00
1786340732,ingest,0.00,0.00,0.0,0.000,0.002,11.910,32.789,0.00
1786340737,ingest,0.00,0.00,0.0,0.000,0.002,11.972,32.729,0.00
1786340742,ingest,0.00,0.00,0.0,0.000,0.002,12.097,32.604,0.00
1786340747,ingest,0.00,0.00,0.0,0.000,0.002,12.160,32.542,0.00
1786340752,ingest,0.00,0.00,0.0,0.000,0.002,12.286,32.417,0.00
1786340757,ingest,0.00,0.00,0.0,0.000,0.002,12.349,32.355,0.00
1786340762,ingest,0.00,0.00,0.0,0.000,0.002,12.536,32.167,0.00
1786340767,ingest,0.00,0.00,0.0,0.000,0.002,12.599,32.101,0.00
1786340772,ingest,0.00,0.00,0.0,0.000,0.002,12.661,32.038,0.00
1786340777,ingest,0.00,0.00,0.0,0.000,0.002,12.724,31.977,0.00
1786340782,ingest,0.00,0.00,0.0,0.000,0.002,12.849,31.852,0.00
1786340787,ingest,0.00,0.00,0.0,0.000,0.002,12.974,31.726,0.00
1786340792,ingest,0.00,0.00,0.0,0.000,0.002,13.037,31.664,0.00
1786340797,ingest,0.00,0.00,0.0,0.000,0.002,13.161,31.536,0.00
1786340802,ingest,0.00,0.00,0.0,0.000,0.002,13.224,31.474,0.00
1786340807,ingest,0.00,0.00,0.0,0.000,0.002,13.287,31.412,0.00
1786340813,ingest,0.00,0.00,0.0,0.000,0.002,13.412,31.283,0.00
1786340818,ingest,0.00,0.00,0.0,0.000,0.002,13.475,31.217,0.00
1786340823,ingest,0.00,0.00,0.0,0.000,0.002,13.537,31.158,0.00
1786340828,ingest,0.00,0.00,0.0,0.000,0.002,13.725,30.965,0.00
1786340833,ingest,0.00,0.00,0.0,0.000,0.002,13.787,30.901,0.00
1786340838,ingest,0.00,0.00,0.0,0.000,0.002,13.850,30.838,0.00
1786340843,ingest,0.00,0.00,0.0,0.000,0.002,13.912,30.774,0.00
1786340848,ingest,0.00,0.00,0.0,0.000,0.002,13.975,30.712,0.00
1786340853,ingest,0.00,0.00,0.0,0.000,0.002,14.037,30.648,0.00
1786340858,ingest,0.00,0.00,0.0,0.000,0.002,14.100,30.587,0.00
1786340863,ingest,0.00,0.00,0.0,0.000,0.002,14.225,30.458,0.00
1786340868,ingest,0.00,0.00,0.0,0.000,0.002,14.288,30.395,0.00
1786340873,ingest,0.00,0.00,0.0,0.000,0.002,14.350,30.330,0.00
1786340878,ingest,0.00,0.00,0.0,0.000,0.002,14.475,30.204,0.00
1786340883,ingest,0.00,0.00,0.0,0.000,0.002,14.538,30.142,0.00
1786340888,ingest,0.00,0.00,0.0,0.000,0.002,14.600,30.078,0.00
1786340893,ingest,0.00,0.00,0.0,0.000,0.002,14.663,30.014,0.00
1786340898,ingest,0.00,0.00,0.0,0.000,0.002,14.726,29.951,0.00
1786340903,ingest,0.00,0.00,0.0,0.000,0.002,14.788,29.886,0.00
1786340909,ingest,0.00,0.00,0.0,0.000,0.002,14.851,29.823,0.00
1786340914,ingest,0.00,0.00,0.0,0.000,0.002,14.976,29.695,0.00
1786340919,ingest,0.00,0.00,0.0,0.000,0.002,15.101,29.570,0.00
1786340924,ingest,0.00,0.00,0.0,0.000,0.002,15.164,29.509,0.00
1786340929,ingest,0.00,0.00,0.0,0.000,0.002,15.289,29.381,0.00
1786340934,ingest,0.00,0.00,0.0,0.000,0.002,15.414,29.256,0.00
1786340939,ingest,0.00,0.00,0.0,0.000,0.002,15.539,29.135,0.00
1786340944,ingest,0.00,0.00,0.0,0.000,0.002,15.601,29.073,0.00
1786340949,ingest,0.00,0.00,0.0,0.000,0.002,15.664,29.010,0.00
1786340954,ingest,0.00,0.00,0.0,0.000,0.002,15.726,28.953,0.00
1786340959,ingest,0.00,0.00,0.0,0.000,0.002,15.789,28.888,0.00
1786340964,ingest,0.00,0.00,0.0,0.000,0.002,15.852,28.826,0.00
1786340969,ingest,0.00,0.00,0.0,0.000,0.002,15.977,28.702,0.00
1786340974,ingest,0.00,0.00,0.0,0.000,0.002,16.164,28.508,0.00
1786340979,ingest,0.00,0.00,0.0,0.000,0.002,16.352,28.322,0.00
1786340984,ingest,0.00,0.00,0.0,0.000,0.002,16.352,28.299,0.06
1786340989,ingest,0.00,0.00,0.0,0.000,0.002,16.415,28.239,0.00
1786340994,ingest,0.00,0.00,0.0,0.000,0.002,16.540,28.111,0.00
1786340999,ingest,0.00,0.00,0.0,0.000,0.002,16.602,28.049,0.00
1786341005,ingest,0.00,0.00,0.0,0.000,0.002,16.727,27.928,0.00
1786341010,ingest,0.00,0.00,0.0,0.000,0.002,16.803,27.853,0.00
1786341015,ingest,0.00,0.00,0.0,0.000,0.002,17.002,27.651,0.00
1786341020,ingest,0.00,0.00,0.0,0.000,0.002,17.127,27.528,0.00
1786341025,ingest,0.00,0.00,0.0,0.000,0.002,17.252,27.403,0.00
1786341030,ingest,0.00,0.00,0.0,0.000,0.002,17.315,27.342,0.00
1786341035,ingest,0.00,0.00,0.0,0.000,0.002,17.377,27.273,0.00
1786341040,ingest,0.00,0.00,0.0,0.000,0.002,17.440,27.207,0.00
1786341045,ingest,0.00,0.00,0.0,0.000,0.002,17.503,27.149,0.00
1786341050,ingest,0.00,0.00,0.0,0.000,0.002,17.565,27.086,0.00
1786341055,ingest,0.00,0.00,0.0,0.000,0.002,17.690,26.964,0.00
1786341060,ingest,0.00,0.00,0.0,0.000,0.002,17.753,26.902,0.00
1786341065,ingest,0.00,0.00,0.0,0.000,0.002,17.815,26.838,0.00
1786341070,ingest,0.00,0.00,0.0,0.000,0.002,17.878,26.774,0.00
1786341075,ingest,0.00,0.00,0.0,0.000,0.002,17.945,26.706,0.00
1786341080,ingest,0.00,0.00,0.0,0.000,0.002,18.066,26.585,0.00
1786341085,ingest,0.00,0.00,0.0,0.000,0.002,18.128,26.522,0.00
1786341090,ingest,0.00,0.00,0.0,0.000,0.002,18.191,26.459,0.00
1786341096,ingest,0.00,0.00,0.0,0.000,0.002,18.253,26.395,0.00
1786341101,ingest,0.00,0.00,0.0,0.000,0.002,18.316,26.332,0.00
1786341106,ingest,0.00,0.00,0.0,0.000,0.002,18.441,26.213,0.00
1786341111,ingest,0.00,0.00,0.0,0.000,0.002,18.503,26.149,0.00
1786341116,ingest,0.00,0.00,0.0,0.000,0.002,18.629,26.014,0.00
1786341121,ingest,0.00,0.00,0.0,0.000,0.002,18.691,25.958,0.00
1786341126,ingest,0.00,0.00,0.0,0.000,0.002,18.754,25.895,0.00
1786341131,ingest,0.00,0.00,0.0,0.000,0.002,18.816,25.837,0.00
1786341136,ingest,0.00,0.00,0.0,0.000,0.002,18.941,25.714,0.00
1786341141,ingest,0.00,0.00,0.0,0.000,0.002,19.066,25.588,0.00
1786341146,ingest,0.00,0.00,0.0,0.000,0.002,19.191,25.465,0.00
1786341151,ingest,0.00,0.00,0.0,0.000,0.002,19.317,25.335,0.00
1786341156,ingest,0.00,0.00,0.0,0.000,0.002,19.442,25.210,0.00
1786341161,ingest,0.00,0.00,0.0,0.000,0.002,19.504,25.148,0.00
1786341166,ingest,0.00,0.00,0.0,0.000,0.002,19.567,25.084,0.00
1786341171,ingest,0.00,0.00,0.0,0.000,0.002,19.642,25.008,0.00
1786341176,ingest,0.00,0.00,0.0,0.000,0.002,19.755,24.896,0.00
1786341181,ingest,0.00,0.00,0.0,0.000,0.002,19.817,24.830,0.00
1786341186,ingest,0.00,0.00,0.0,0.000,0.002,19.942,24.707,0.00
1786341192,ingest,0.00,0.00,0.0,0.000,0.002,20.005,24.645,0.00
1786341197,ingest,0.00,0.00,0.0,0.000,0.002,20.130,24.519,0.00
1786341202,ingest,0.00,0.00,0.0,0.000,0.002,20.192,24.450,0.00
1786341207,ingest,0.00,0.00,0.0,0.000,0.002,20.255,24.385,0.00
1786341212,ingest,0.00,0.00,0.0,0.000,0.002,20.318,24.323,0.00
1786341217,ingest,0.00,0.00,0.0,0.000,0.002,20.443,24.195,0.00
1786341222,ingest,0.00,0.00,0.0,0.000,0.002,20.568,24.072,0.00
1786341227,ingest,0.00,0.00,0.0,0.000,0.002,20.630,24.011,0.00
1786341232,ingest,0.00,0.00,0.0,0.000,0.002,20.760,23.879,0.00
1786341237,ingest,0.00,0.00,0.0,0.000,0.002,20.885,23.756,0.00
1786341242,ingest,0.00,0.00,0.0,0.000,0.002,21.020,23.621,0.00
1786341247,ingest,0.00,0.00,0.0,0.000,0.002,21.082,23.557,0.00
1786341252,ingest,0.00,0.00,0.0,0.000,0.002,21.145,23.491,0.00
1786341257,ingest,0.00,0.00,0.0,0.000,0.002,21.208,23.427,0.00
1786341262,ingest,0.00,0.00,0.0,0.000,0.002,21.333,23.302,0.00
1786341267,ingest,0.00,0.00,0.0,0.000,0.002,21.395,23.238,0.00
1786341272,ingest,0.00,0.00,0.0,0.000,0.002,21.456,23.176,0.00
1786341277,ingest,0.00,0.00,0.0,0.000,0.002,21.581,23.051,0.00
1786341282,ingest,0.00,0.00,0.0,0.000,0.002,21.643,22.965,0.04
1786341288,ingest,0.00,0.00,0.0,0.000,0.002,21.706,22.899,0.01
1786341293,ingest,0.00,0.00,0.0,0.000,0.002,21.768,22.835,0.00
1786341298,ingest,0.00,0.00,0.0,0.000,0.002,21.831,22.777,0.00
1786341303,ingest,0.00,0.00,0.0,0.000,0.002,21.956,22.650,0.00
1786341308,ingest,0.00,0.00,0.0,0.000,0.002,22.019,22.587,0.00
1786341313,ingest,0.00,0.00,0.0,0.000,0.002,22.144,22.461,0.00
1786341318,ingest,0.00,0.00,0.0,0.000,0.002,22.206,22.400,0.00
1786341323,ingest,0.00,0.00,0.0,0.000,0.002,22.269,22.337,0.00
1786341328,ingest,0.00,0.00,0.0,0.000,0.002,22.332,22.276,0.00
1786341333,ingest,0.00,0.00,0.0,0.000,0.002,22.394,22.209,0.00
1786341338,ingest,0.00,0.00,0.0,0.000,0.002,22.457,22.148,0.00
1786341343,ingest,0.00,0.00,0.0,0.000,0.002,22.581,22.026,0.00
1786341348,ingest,0.00,0.00,0.0,0.000,0.002,22.706,21.902,0.00
1786341353,ingest,0.00,0.00,0.0,0.000,0.002,22.769,21.838,0.00
1786341358,ingest,0.00,0.00,0.0,0.000,0.002,22.894,21.718,0.00
1786341363,ingest,0.00,0.00,0.0,0.000,0.002,22.962,21.649,0.00
1786341368,ingest,0.00,0.00,0.0,0.000,0.002,23.087,21.522,0.00
1786341373,ingest,0.00,0.00,0.0,0.000,0.002,23.149,21.462,0.00
1786341378,ingest,0.00,0.00,0.0,0.000,0.002,23.274,21.335,0.00
1786341384,ingest,0.00,0.00,0.0,0.000,0.002,23.461,21.146,0.00
1786341389,ingest,0.00,0.00,0.0,0.000,0.002,23.524,21.084,0.00
1786341394,ingest,0.00,0.00,0.0,0.000,0.002,23.587,21.019,0.00
1786341399,ingest,0.00,0.00,0.0,0.000,0.002,23.712,20.894,0.00
1786341404,ingest,0.00,0.00,0.0,0.000,0.002,23.774,20.834,0.00
1786341409,ingest,0.00,0.00,0.0,0.000,0.002,23.878,20.734,0.00
1786341414,ingest,0.00,0.00,0.0,0.000,0.002,23.969,20.644,0.00
1786341419,ingest,0.00,0.00,0.0,0.000,0.002,24.032,20.582,0.00
1786341424,ingest,0.00,0.00,0.0,0.000,0.002,24.094,20.520,0.00
1786341429,ingest,0.00,0.00,0.0,0.000,0.002,24.157,20.459,0.00
1786341434,ingest,0.00,0.00,0.0,0.000,0.002,24.282,20.330,0.00
1786341439,ingest,0.00,0.00,0.0,0.000,0.002,24.344,20.268,0.00
1786341444,ingest,0.00,0.00,0.0,0.000,0.002,24.469,20.136,0.00
1786341449,ingest,0.00,0.00,0.0,0.000,0.002,24.531,20.079,0.00
1786341454,ingest,0.00,0.00,0.0,0.000,0.002,24.594,20.013,0.00
1786341459,ingest,0.00,0.00,0.0,0.000,0.002,24.787,19.820,0.00
1786341464,ingest,0.00,0.00,0.0,0.000,0.002,24.850,19.757,0.00
1786341469,ingest,0.00,0.00,0.0,0.000,0.002,24.913,19.686,0.00
1786341475,ingest,0.00,0.00,0.0,0.000,0.002,25.038,19.560,0.00
1786341480,ingest,0.00,0.00,0.0,0.000,0.002,25.100,19.497,0.00
1786341485,ingest,0.00,0.00,0.0,0.000,0.002,25.225,19.369,0.00
1786341490,ingest,0.00,0.00,0.0,0.000,0.002,25.350,19.243,0.00
1786341495,ingest,0.00,0.00,0.0,0.000,0.002,25.413,19.184,0.00
1786341500,ingest,0.00,0.00,0.0,0.000,0.002,25.538,19.062,0.00
1786341505,ingest,0.00,0.00,0.0,0.000,0.002,25.672,18.923,0.00
1786341510,ingest,0.00,0.00,0.0,0.000,0.002,25.736,18.856,0.00
1786341515,ingest,0.00,0.00,0.0,0.000,0.002,25.799,18.792,0.00
1786341520,ingest,0.00,0.00,0.0,0.000,0.002,25.924,18.669,0.00
1786341525,ingest,0.00,0.00,0.0,0.000,0.002,26.111,18.474,0.00
1786341530,ingest,0.00,0.00,0.0,0.000,0.002,26.174,18.411,0.00
1786341535,ingest,0.00,0.00,0.0,0.000,0.002,26.237,18.348,0.00
1786341540,ingest,0.00,0.00,0.0,0.000,0.002,26.299,18.284,0.00
1786341545,ingest,0.00,0.00,0.0,0.000,0.002,26.424,18.160,0.00
1786341550,ingest,0.00,0.00,0.0,0.000,0.002,26.487,18.093,0.00
1786341555,ingest,0.00,0.00,0.0,0.000,0.002,26.612,17.967,0.00
1786341560,ingest,0.00,0.00,0.0,0.000,0.002,26.675,17.902,0.00
1786341566,ingest,0.00,0.00,0.0,0.000,0.002,26.862,17.713,0.00
1786341571,ingest,0.00,0.00,0.0,0.000,0.002,26.925,17.654,0.00
1786341576,ingest,0.00,0.00,0.0,0.000,0.002,27.050,17.527,0.00
1786341581,ingest,0.00,0.00,0.1,0.000,0.002,27.109,17.467,0.00
1786341586,ingest,0.00,0.00,0.0,0.000,0.002,27.172,17.399,0.05
1786341591,ingest,0.00,0.00,0.0,0.000,0.002,27.235,17.342,0.00
1786341596,ingest,0.00,0.00,0.0,0.000,0.002,27.360,17.217,0.00
1786341601,ingest,0.00,0.00,0.0,0.000,0.002,27.486,17.093,0.00
1786341606,ingest,0.00,0.00,0.0,0.000,0.002,27.611,16.966,0.00
1786341611,ingest,0.00,0.00,0.0,0.000,0.002,27.673,16.902,0.00
1786341616,ingest,0.00,0.00,0.0,0.000,0.002,27.736,16.839,0.00
1786341621,ingest,0.00,0.00,0.0,0.000,0.002,27.861,16.714,0.00
1786341626,ingest,0.00,0.00,0.0,0.000,0.002,27.986,16.585,0.00
1786341631,ingest,0.00,0.00,0.0,0.000,0.002,28.049,16.522,0.00
1786341636,ingest,0.00,0.00,0.0,0.000,0.002,28.174,16.395,0.00
1786341641,ingest,0.00,0.00,0.0,0.000,0.002,28.299,16.275,0.00
1786341647,ingest,0.00,0.00,0.0,0.000,0.002,28.424,16.149,0.00
1786341652,ingest,0.00,0.00,0.0,0.000,0.002,28.550,16.023,0.00
1786341657,ingest,0.00,0.00,0.0,0.000,0.002,28.675,15.895,0.00
1786341662,ingest,0.00,0.00,0.0,0.000,0.002,28.738,15.833,0.00
1786341667,ingest,0.00,0.00,0.0,0.000,0.002,28.801,15.772,0.00
1786341672,ingest,0.00,0.00,0.0,0.000,0.002,28.926,15.645,0.00
1786341677,ingest,0.00,0.00,0.0,0.000,0.002,29.051,15.517,0.00
1786341682,ingest,0.00,0.00,0.0,0.000,0.002,29.114,15.453,0.00
1786341687,ingest,0.00,0.00,0.0,0.000,0.002,29.239,15.330,0.00
1786341692,ingest,0.00,0.00,0.0,0.000,0.002,29.301,15.268,0.00
1786341697,ingest,0.00,0.00,0.0,0.000,0.002,29.364,15.204,0.00
1786341702,ingest,0.00,0.00,0.0,0.000,0.002,29.489,15.077,0.00
1786341707,ingest,0.00,0.00,0.0,0.000,0.002,29.552,15.013,0.00
1786341712,ingest,0.00,0.00,0.0,0.000,0.002,29.614,14.948,0.00
1786341717,ingest,0.00,0.00,0.0,0.000,0.002,29.739,14.824,0.00
1786341722,ingest,0.00,0.00,0.0,0.000,0.002,29.864,14.696,0.00
1786341727,ingest,0.00,0.00,0.0,0.000,0.002,29.990,14.568,0.00
1786341732,ingest,0.00,0.00,0.0,0.000,0.002,30.052,14.511,0.00
1786341738,ingest,0.00,0.00,0.0,0.000,0.002,30.139,14.422,0.00
1786341743,ingest,0.00,0.00,0.0,0.000,0.002,30.177,14.381,0.00
1786341748,ingest,0.00,0.00,0.0,0.000,0.002,30.302,14.255,0.00
1786341753,ingest,0.00,0.00,0.0,0.000,0.002,30.365,14.192,0.00
1786341758,ingest,0.00,0.00,0.0,0.000,0.002,30.428,14.132,0.00
1786341763,ingest,0.00,0.00,0.0,0.000,0.002,30.553,14.004,0.00
1786341768,ingest,0.00,0.00,0.0,0.000,0.002,30.553,14.002,0.00
1786341773,ingest,0.00,0.00,0.0,0.000,0.002,30.553,14.295,0.00
1786341778,bench_mixed,0.00,0.00,0.0,0.000,0.002,35.181,13.405,6.33
1786341783,bench_mixed,0.00,0.00,0.0,0.000,0.002,46.473,13.165,0.00
1786341788,bench_mixed,0.00,0.00,0.0,0.000,0.002,59.666,12.893,0.00
1786341793,bench_mixed,0.00,0.00,0.0,0.000,0.002,61.851,12.822,0.00
1786341798,bench_mixed,0.00,0.00,0.0,0.000,0.002,61.975,12.697,0.00
1786341803,bench_mixed,0.00,0.00,0.0,0.000,0.002,62.053,12.608,0.00
1786341808,bench_mixed,0.00,0.00,0.0,0.000,0.002,62.055,12.617,0.00
1786341813,bench_mixed,0.00,0.00,0.0,0.000,0.002,62.056,12.615,0.00
1786341818,bench_mixed,0.00,0.00,0.0,0.000,0.002,62.143,12.528,0.00
1786341823,bench_mixed,0.00,0.00,0.0,0.000,0.002,62.253,12.418,0.00
1786341829,bench_mixed,0.00,0.00,0.0,0.000,0.002,62.348,12.325,0.00
1786341834,bench_mixed,0.00,0.00,0.0,0.000,0.002,62.428,12.245,0.00
1786341839,bench_mixed,0.00,0.00,0.0,0.000,0.002,62.475,12.196,0.00
1786341844,bench_mixed,0.00,0.00,0.0,0.000,0.002,62.482,12.189,0.00
1786341849,bench_mixed,0.00,0.00,0.0,0.000,0.002,62.501,12.168,0.00
1786341854,bench_mixed,0.00,0.00,0.0,0.000,0.002,62.510,12.159,0.00
1786341859,bench_mixed,0.00,0.00,0.0,0.000,0.002,62.556,12.115,0.00
1786341864,bench_mixed,0.00,0.00,0.0,0.000,0.002,62.582,12.088,0.00
1786341869,bench_mixed,0.00,0.00,0.0,0.000,0.002,62.582,12.086,0.00
1786341874,bench_mixed,0.00,0.00,0.0,0.000,0.002,62.625,12.041,0.00
1786341879,bench_mixed,0.00,0.00,0.0,0.000,0.002,62.647,12.021,0.00
1786341884,bench_mixed,0.00,0.00,0.0,0.000,0.002,62.709,11.936,0.06
1786341889,bench_mixed,0.00,0.00,0.0,0.000,0.002,62.751,11.900,0.00
1786341894,bench_mixed,0.00,0.00,0.0,0.000,0.002,62.789,11.862,0.00
1786341899,bench_mixed,0.00,0.00,0.0,0.000,0.002,62.809,11.844,0.00
1786341904,bench_mixed,0.00,0.00,0.0,0.000,0.002,62.872,11.780,0.00
1786341909,bench_mixed,0.00,0.00,0.0,0.000,0.002,62.913,11.744,0.00
1786341914,bench_mixed,0.00,0.00,0.0,0.000,0.002,62.913,11.744,0.00
1786341919,bench_mixed,0.00,0.00,0.0,0.000,0.002,62.927,11.730,0.00
1786341925,bench_mixed,0.00,0.00,0.0,0.000,0.002,62.932,11.725,0.00
1786341930,bench_mixed,0.00,0.00,0.0,0.000,0.002,62.933,11.725,0.00
1786341935,bench_mixed,0.00,0.00,0.0,0.000,0.002,62.944,11.714,0.00
1786341940,bench_mixed,0.00,0.00,0.0,0.000,0.002,62.944,11.715,0.00
1786341945,bench_mixed,0.00,0.00,0.0,0.000,0.002,62.955,11.704,0.00
1786341950,bench_mixed,0.00,0.00,0.0,0.000,0.002,62.955,11.704,0.00
1786341955,bench_mixed,0.00,0.00,0.0,0.000,0.002,62.955,11.704,0.00
1786341960,bench_mixed,0.00,0.00,0.0,0.000,0.002,62.966,11.694,0.00
1786341965,bench_mixed,0.00,0.00,0.0,0.000,0.002,62.966,11.693,0.00
1786341970,bench_mixed,0.00,0.00,0.0,0.000,0.002,62.966,11.694,0.00
1786341975,bench_mixed,0.00,0.00,0.0,0.000,0.002,62.966,11.694,0.00
1786341980,bench_mixed,0.00,0.00,0.0,0.000,0.002,62.966,11.694,0.00
1786341985,bench_mixed,0.00,0.00,0.0,0.000,0.002,62.966,11.694,0.00
1786341990,bench_mixed,0.00,0.00,0.0,0.000,0.002,62.966,11.696,0.00
1786341995,bench_mixed,0.00,0.00,0.0,0.000,0.002,62.979,11.682,0.00
1786342000,bench_mixed,0.00,0.00,0.0,0.000,0.002,62.979,11.683,0.00
1786342005,bench_mixed,0.00,0.00,0.0,0.000,0.002,62.979,11.683,0.00
1786342010,bench_mixed,0.00,0.00,0.0,0.000,0.002,62.979,11.683,0.00
1786342016,bench_mixed,0.00,0.00,0.0,0.000,0.002,62.985,11.676,0.00
1786342021,bench_mixed,0.00,0.00,0.0,0.000,0.002,62.985,11.675,0.00
1786342026,bench_mixed,0.00,0.00,0.0,0.000,0.002,62.987,11.673,0.00
1786342031,bench_mixed,0.00,0.00,0.0,0.000,0.002,62.987,11.673,0.00
1786342036,bench_mixed,0.00,0.00,0.0,0.000,0.002,62.987,11.674,0.00
1786342041,bench_mixed,0.00,0.00,0.0,0.000,0.002,62.987,11.673,0.00
1786342046,bench_mixed,0.00,0.00,0.0,0.000,0.002,62.987,11.675,0.00
1786342051,bench_mixed,0.00,0.00,0.0,0.000,0.002,62.987,11.674,0.00
1786342056,bench_mixed,0.00,0.00,0.0,0.000,0.002,63.003,11.659,0.00
1786342061,bench_mixed,0.00,0.00,0.0,0.000,0.002,63.003,11.659,0.00
1786342066,bench_mixed,0.00,0.00,0.0,0.000,0.002,63.003,11.658,0.00
1786342071,bench_mixed,0.00,0.00,0.0,0.000,0.002,63.003,11.658,0.00
1786342076,bench_mixed,0.00,0.00,0.0,0.000,0.002,63.003,11.658,0.00
1786342081,bench_mixed,0.00,0.00,0.0,0.000,0.002,63.003,11.657,0.00
1786342086,bench_mixed,0.00,0.00,0.0,0.000,0.002,63.003,11.657,0.00
1786342091,bench_mixed,0.00,0.00,0.0,0.000,0.002,63.003,11.657,0.00
1786342096,bench_mixed,0.00,0.00,0.0,0.000,0.002,63.003,11.656,0.00
1786342101,bench_mixed,0.00,0.00,0.0,0.000,0.002,63.003,11.657,0.00
1786342106,bench_mixed,0.00,0.00,0.0,0.000,0.002,63.003,11.657,0.00
1786342112,bench_mixed,0.00,0.00,0.0,0.000,0.002,63.003,11.657,0.00
1786342117,bench_mixed,0.00,0.00,0.0,0.000,0.002,63.003,11.656,0.00
1786342122,bench_mixed,0.00,0.00,0.0,0.000,0.002,63.003,11.657,0.00
1786342127,bench_mixed,0.00,0.00,0.0,0.000,0.002,63.003,11.657,0.00
1786342132,bench_mixed,0.00,0.00,0.0,0.000,0.002,63.003,11.658,0.00
1786342137,bench_mixed,0.00,0.00,0.0,0.000,0.002,63.003,11.657,0.00
1786342142,bench_mixed,0.00,0.00,0.0,0.000,0.002,63.003,11.658,0.00
1786342147,bench_mixed,0.00,0.00,0.0,0.000,0.002,63.003,11.657,0.00
1786342152,bench_mixed,0.00,0.00,0.0,0.000,0.002,63.003,11.658,0.00
1786342157,bench_mixed,0.00,0.00,0.0,0.000,0.002,63.003,11.657,0.00
1786342162,bench_mixed,0.00,0.00,0.0,0.000,0.002,63.003,11.657,0.00
1786342167,bench_mixed,0.00,0.00,0.0,0.000,0.002,63.003,11.656,0.00
1786342172,bench_mixed,0.00,0.00,0.0,0.000,0.002,63.003,11.654,0.00
1786342177,bench_mixed,0.00,0.00,0.0,0.000,0.002,63.003,11.655,0.00
1786342182,bench_mixed,0.00,0.00,0.0,0.000,0.002,63.003,11.635,0.04
1786342187,bench_mixed,0.00,0.00,0.0,0.000,0.002,63.003,11.632,0.02
1786342192,bench_mixed,0.00,0.00,0.0,0.000,0.002,63.003,11.632,0.00
1786342197,bench_mixed,0.00,0.00,0.0,0.000,0.002,63.003,11.634,0.00
1786342202,bench_mixed,0.00,0.00,0.0,0.000,0.002,63.003,11.635,0.00
1786342208,bench_mixed,0.00,0.00,0.0,0.000,0.002,63.003,11.636,0.00
1786342213,bench_mixed,0.00,0.00,0.0,0.000,0.002,63.003,11.636,0.00
1786342218,bench_mixed,0.00,0.00,0.0,0.000,0.002,63.003,11.638,0.00
1786342223,bench_mixed,0.00,0.00,0.0,0.000,0.002,63.003,11.638,0.00
1786342228,bench_mixed,0.00,0.00,0.0,0.000,0.002,63.003,11.637,0.00
1786342233,bench_mixed,0.00,0.00,0.0,0.000,0.002,63.003,11.638,0.00
1786342238,bench_mixed,0.00,0.00,0.0,0.000,0.002,63.003,11.635,0.00
1786342243,bench_mixed,0.00,0.00,0.0,0.000,0.002,63.003,11.636,0.00
1786342248,bench_mixed,0.00,0.00,0.0,0.000,0.002,63.003,11.636,0.00
1786342253,bench_mixed,0.00,0.00,0.0,0.000,0.002,63.003,11.636,0.00
1786342258,bench_mixed,0.00,0.00,0.0,0.000,0.002,63.003,11.637,0.00
1786342263,bench_mixed,0.00,0.00,0.0,0.000,0.002,63.003,11.636,0.00
1786342268,bench_mixed,0.00,0.00,0.0,0.000,0.002,63.003,11.637,0.00
1786342273,bench_mixed,0.00,0.00,0.0,0.000,0.002,63.003,11.635,0.00
1786342278,bench_mixed,0.00,0.00,0.0,0.000,0.002,63.003,11.636,0.00
1786342283,bench_mixed,0.00,0.00,0.0,0.000,0.002,63.003,11.636,0.00
1786342288,bench_mixed,0.00,0.00,0.0,0.000,0.002,63.003,11.637,0.00
1786342293,bench_mixed,0.00,0.00,0.0,0.000,0.002,63.003,11.636,0.00
1786342299,bench_mixed,0.00,0.00,0.0,0.000,0.002,63.003,11.637,0.00
1786342304,bench_mixed,0.00,0.00,0.0,0.000,0.002,63.003,11.636,0.00
1786342309,bench_mixed,0.00,0.00,0.0,0.000,0.002,63.003,11.636,0.00
1786342314,bench_mixed,0.00,0.00,0.0,0.000,0.002,63.003,11.636,0.00
1786342319,bench_mixed,0.00,0.00,0.0,0.000,0.002,63.003,11.640,0.00
1786342324,bench_mixed,0.00,0.00,0.0,0.000,0.002,63.003,11.639,0.00
1786342329,bench_mixed,0.00,0.00,0.0,0.000,0.002,63.003,11.641,0.00
1786342334,bench_mixed,0.00,0.00,0.0,0.000,0.002,63.003,11.641,0.00
1786342339,bench_mixed,0.00,0.00,0.0,0.000,0.002,63.003,11.641,0.00
1786342344,bench_mixed,0.00,0.00,0.0,0.000,0.002,63.003,11.643,0.00
1786342349,bench_mixed,0.00,0.00,0.0,0.000,0.002,63.003,11.643,0.00
1786342354,bench_mixed,0.00,0.00,0.0,0.000,0.002,63.003,11.643,0.00
1786342359,bench_mixed,0.00,0.00,0.0,0.000,0.002,63.003,11.643,0.00
1786342364,bench_mixed,0.00,0.00,0.0,0.000,0.002,63.003,11.642,0.00
1786342369,bench_mixed,0.00,0.00,0.0,0.000,0.002,63.003,11.643,0.00
1786342374,bench_mixed,0.00,0.00,0.0,0.000,0.002,63.003,11.643,0.00
1786342379,bench_mixed,0.00,0.00,0.0,0.000,0.002,63.003,11.644,0.00
1786342384,bench_mixed,0.00,0.00,0.0,0.000,0.002,63.003,11.642,0.00
1786342389,bench_mixed,0.00,0.00,0.0,0.000,0.002,63.003,11.643,0.00
1786342395,bench_mixed,0.00,0.00,0.0,0.000,0.002,63.003,11.643,0.00
1786342400,bench_mixed,0.00,0.00,0.0,0.000,0.002,63.003,11.644,0.00
1786342405,bench_mixed,0.00,0.00,0.0,0.000,0.002,63.003,11.644,0.00
1786342410,bench_mixed,0.00,0.00,0.0,0.000,0.002,63.003,11.641,0.00
1786342415,bench_mixed,0.00,0.00,0.0,0.000,0.002,63.003,11.641,0.00
1786342420,bench_mixed,0.00,0.00,0.0,0.000,0.002,63.003,11.642,0.00
1786342425,bench_mixed,0.00,0.00,0.0,0.000,0.002,63.003,11.641,0.00
1786342430,bench_mixed,0.00,0.00,0.0,0.000,0.002,63.003,11.643,0.00
1786342435,bench_mixed,0.00,0.00,0.0,0.000,0.002,63.003,11.643,0.00
1786342440,bench_mixed,0.00,0.00,0.0,0.000,0.002,63.003,11.643,0.00
1786342445,bench_mixed,0.00,0.00,0.0,0.000,0.002,63.003,11.642,0.00
1786342450,bench_mixed,0.00,0.00,0.0,0.000,0.002,63.003,11.640,0.00
1786342455,bench_mixed,0.00,0.00,0.0,0.000,0.002,63.003,11.640,0.00
1786342460,bench_mixed,0.00,0.00,0.0,0.000,0.002,63.003,11.642,0.00
1786342465,bench_mixed,0.00,0.00,0.0,0.000,0.002,63.003,11.642,0.00
1786342470,bench_mixed,0.00,0.00,0.0,0.000,0.002,63.003,11.642,0.00
1786342475,bench_mixed,0.00,0.00,0.0,0.000,0.002,63.003,11.642,0.00
1786342480,bench_mixed,0.00,0.00,0.0,0.000,0.002,63.003,11.641,0.00
1786342485,bench_mixed,0.00,0.00,0.0,0.000,0.002,63.003,11.623,0.06
1786342491,bench_mixed,0.00,0.00,0.0,0.000,0.002,63.003,11.625,0.00
1786342496,bench_mixed,0.00,0.00,0.0,0.000,0.002,63.003,11.625,0.00
1786342501,bench_mixed,0.00,0.00,0.0,0.000,0.002,63.003,11.628,0.00
1786342506,bench_mixed,0.00,0.00,0.0,0.000,0.002,63.003,11.627,0.00
1786342511,bench_mixed,0.00,0.00,0.0,0.000,0.002,63.003,11.629,0.00
1786342516,bench_mixed,0.00,0.00,0.0,0.000,0.002,63.003,11.629,0.00
1786342521,bench_mixed,0.00,0.00,0.0,0.000,0.002,63.003,11.632,0.00
1786342526,bench_mixed,0.00,0.00,0.0,0.000,0.002,63.003,11.631,0.00
1786342531,bench_mixed,0.00,0.00,0.0,0.000,0.002,63.003,11.625,0.00
1786342536,bench_mixed,0.00,0.00,0.0,0.000,0.002,63.003,11.632,0.00
1786342541,bench_mixed,0.00,0.00,0.0,0.000,0.002,63.003,11.632,0.00
1786342546,bench_mixed,0.00,0.00,0.0,0.000,0.002,63.003,11.632,0.00
1786342551,bench_mixed,0.00,0.00,0.0,0.000,0.002,63.003,11.631,0.00
1786342556,bench_mixed,0.00,0.00,0.0,0.000,0.002,63.003,11.633,0.00
1786342561,bench_mixed,0.00,0.00,0.0,0.000,0.002,63.003,11.633,0.00
1786342566,bench_mixed,0.00,0.00,0.0,0.000,0.002,63.003,11.634,0.00
1786342571,bench_mixed,0.00,0.00,0.0,0.000,0.002,63.003,11.635,0.00
1786342576,bench_mixed,0.00,0.00,0.0,0.000,0.002,63.003,11.636,0.00
1786342581,bench_mixed,0.00,0.00,0.0,0.000,0.002,63.003,11.636,0.00
1786342587,bench_mixed,0.00,0.00,0.0,0.000,0.002,63.003,11.636,0.00
1786342592,bench_mixed,0.00,0.00,0.0,0.000,0.002,63.003,11.636,0.00
1786342597,bench_mixed,0.00,0.00,0.0,0.000,0.002,63.003,11.638,0.00
1786342602,bench_mixed,0.00,0.00,0.0,0.000,0.002,63.003,11.637,0.00
1786342607,bench_mixed,0.00,0.00,0.0,0.000,0.002,63.003,11.640,0.00
1786342612,bench_mixed,0.00,0.00,0.0,0.000,0.002,63.003,11.640,0.00
1786342617,bench_mixed,0.00,0.00,0.0,0.000,0.002,63.003,11.640,0.00
1786342622,bench_mixed,0.00,0.00,0.0,0.000,0.002,63.003,11.641,0.00
1786342627,bench_mixed,0.00,0.00,0.0,0.000,0.002,63.003,11.639,0.00
1786342632,bench_mixed,0.00,0.00,0.0,0.000,0.002,63.003,11.639,0.00
1786342637,bench_mixed,0.00,0.00,0.0,0.000,0.002,63.003,11.638,0.00
1786342642,bench_mixed,0.00,0.00,0.0,0.000,0.002,63.003,11.638,0.00
1786342647,bench_mixed,0.00,0.00,0.0,0.000,0.002,63.003,11.638,0.00
1786342652,bench_mixed,0.00,0.00,0.0,0.000,0.002,63.003,11.638,0.00
1786342657,bench_mixed,0.00,0.00,0.0,0.000,0.002,63.003,11.640,0.00
1786342662,bench_mixed,0.00,0.00,0.0,0.000,0.002,63.003,11.639,0.00
1786342667,bench_mixed,0.00,0.00,0.0,0.000,0.002,63.003,11.638,0.00
1786342672,bench_mixed,0.00,0.00,0.0,0.000,0.002,63.003,11.638,0.00
1786342678,bench_mixed,0.00,0.00,0.0,0.000,0.002,63.003,11.639,0.00
1786342683,bench_mixed,0.00,0.00,0.0,0.000,0.002,63.003,11.639,0.00
1786342688,bench_mixed,0.00,0.00,0.0,0.000,0.002,63.003,11.640,0.00
1786342693,bench_mixed,0.00,0.00,0.0,0.000,0.002,63.003,11.640,0.00
1786342698,bench_mixed,0.00,0.00,0.0,0.000,0.002,63.003,11.639,0.00
1786342703,bench_mixed,0.00,0.00,0.0,0.000,0.002,63.003,11.639,0.00
1786342708,bench_mixed,0.00,0.00,0.0,0.000,0.002,63.003,11.643,0.00
1786342713,bench_mixed,0.00,0.00,0.0,0.000,0.002,63.003,11.642,0.00
1786342718,bench_mixed,0.00,0.00,0.0,0.000,0.002,63.003,11.641,0.00
1786342723,bench_mixed,0.00,0.00,0.0,0.000,0.002,63.003,11.641,0.00
1786342728,bench_mixed,0.00,0.00,0.0,0.000,0.002,63.003,11.640,0.00
1786342733,bench_mixed,0.00,0.00,0.0,0.000,0.002,63.003,11.640,0.00
1786342738,bench_mixed,0.00,0.00,0.0,0.000,0.002,63.003,11.641,0.00
1786342743,bench_mixed,0.00,0.00,0.0,0.000,0.002,63.003,11.642,0.00
1786342748,bench_mixed,0.00,0.00,0.0,0.000,0.002,63.003,11.642,0.00
1786342753,bench_mixed,0.00,0.00,0.0,0.000,0.002,63.003,11.643,0.00
1786342758,bench_mixed,0.00,0.00,0.0,0.000,0.002,63.003,11.645,0.00
1786342763,bench_mixed,0.00,0.00,0.0,0.000,0.002,63.003,11.645,0.00
1786342768,bench_mixed,0.00,0.00,0.0,0.000,0.002,63.003,11.645,0.00
1786342774,bench_mixed,0.00,0.00,0.0,0.000,0.002,63.003,11.645,0.00
1786342779,bench_mixed,0.00,0.00,0.0,0.000,0.002,63.003,11.645,0.00
1786342784,bench_mixed,0.00,0.00,0.0,0.000,0.002,63.003,11.627,0.05
1786342789,bench_mixed,0.00,0.00,0.0,0.000,0.002,63.003,11.628,0.00
1786342794,bench_mixed,0.00,0.00,0.0,0.000,0.002,63.003,11.629,0.00
1786342799,bench_mixed,0.00,0.00,0.0,0.000,0.002,63.003,11.631,0.00
1786342804,bench_mixed,0.00,0.00,0.0,0.000,0.002,63.003,11.631,0.00
1786342809,bench_mixed,0.00,0.00,0.0,0.000,0.002,63.003,11.633,0.00
1786342814,bench_mixed,0.00,0.00,0.0,0.000,0.002,63.003,11.632,0.00
1786342819,bench_mixed,0.00,0.00,0.0,0.000,0.002,63.003,11.635,0.00
1786342824,bench_mixed,0.00,0.00,0.0,0.000,0.002,63.003,11.635,0.00
1786342829,bench_mixed,0.00,0.00,0.0,0.000,0.002,63.003,11.636,0.00
1786342834,bench_mixed,0.00,0.00,0.0,0.000,0.002,63.003,11.636,0.00
1786342839,bench_mixed,0.00,0.00,0.0,0.000,0.002,63.003,11.637,0.00
1786342844,bench_mixed,0.00,0.00,0.0,0.000,0.002,63.003,11.637,0.00
1786342849,bench_mixed,0.00,0.00,0.0,0.000,0.002,63.003,11.638,0.00
1786342854,bench_mixed,0.00,0.00,0.0,0.000,0.002,63.003,11.640,0.00
1786342859,bench_mixed,0.00,0.00,0.0,0.000,0.002,63.003,11.637,0.00
1786342865,bench_mixed,0.00,0.00,0.0,0.000,0.002,63.003,11.637,0.00
1786342870,bench_mixed,0.00,0.00,0.0,0.000,0.002,63.003,11.640,0.00
1786342875,bench_mixed,0.00,0.00,0.0,0.000,0.002,63.003,11.640,0.00
1786342880,bench_mixed,0.00,0.00,0.0,0.000,0.002,63.003,11.640,0.00
1786342885,bench_mixed,0.00,0.00,0.0,0.000,0.002,63.003,11.639,0.00
1786342890,bench_mixed,0.00,0.00,0.0,0.000,0.002,63.003,11.638,0.00
1786342895,bench_mixed,0.00,0.00,0.0,0.000,0.002,63.003,11.638,0.00
1786342900,bench_mixed,0.00,0.00,0.0,0.000,0.002,63.003,11.638,0.00
1786342905,bench_mixed,0.00,0.00,0.0,0.000,0.002,63.003,11.640,0.00
1786342910,bench_mixed,0.00,0.00,0.0,0.000,0.002,63.003,11.640,0.00
1786342915,bench_mixed,0.00,0.00,0.0,0.000,0.002,63.003,11.641,0.00
1786342920,bench_mixed,0.00,0.00,0.0,0.000,0.002,63.003,11.640,0.00
1786342925,bench_mixed,0.00,0.00,0.0,0.000,0.002,63.003,11.641,0.00
1786342930,bench_mixed,0.00,0.00,0.0,0.000,0.002,63.003,11.642,0.00
1786342935,bench_mixed,0.00,0.00,0.0,0.000,0.002,63.003,11.641,0.00
1786342940,bench_mixed,0.00,0.00,0.0,0.000,0.002,63.003,11.641,0.00
1786342945,bench_mixed,0.00,0.00,0.0,0.000,0.002,63.003,11.641,0.00
1786342950,bench_mixed,0.00,0.00,0.0,0.000,0.002,63.003,11.641,0.00
1786342955,bench_mixed,0.00,0.00,0.0,0.000,0.002,63.003,11.643,0.00
1786342961,bench_mixed,0.00,0.00,0.0,0.000,0.002,63.003,11.643,0.00
1786342966,bench_mixed,0.00,0.00,0.0,0.000,0.002,63.003,11.643,0.00
1786342971,bench_mixed,0.00,0.00,0.0,0.000,0.002,63.003,11.643,0.00
1786342976,bench_mixed,0.00,0.00,0.0,0.000,0.002,63.003,11.644,0.00
1786342981,bench_mixed,0.00,0.00,0.0,0.000,0.002,63.003,11.645,0.00
1786342986,bench_mixed,0.00,0.00,0.0,0.000,0.002,63.003,11.644,0.00
1786342991,bench_mixed,0.00,0.00,0.0,0.000,0.002,63.003,11.644,0.00
1786342996,bench_mixed,0.00,0.00,0.0,0.000,0.002,63.003,11.644,0.00
1786343001,bench_mixed,0.00,0.00,0.0,0.000,0.002,63.003,11.645,0.00
1786343006,bench_mixed,0.00,0.00,0.0,0.000,0.002,63.003,11.646,0.00
1786343011,bench_mixed,0.00,0.00,0.0,0.000,0.002,63.003,11.646,0.00
1786343016,bench_mixed,0.00,0.00,0.0,0.000,0.002,63.003,11.645,0.00
1786343021,bench_mixed,0.00,0.00,0.0,0.000,0.002,63.003,11.645,0.00
1786343026,bench_mixed,0.00,0.00,0.0,0.000,0.002,63.003,11.645,0.00
1786343031,bench_mixed,0.00,0.00,0.0,0.000,0.002,63.003,11.645,0.00
1786343036,bench_mixed,0.00,0.00,0.0,0.000,0.002,63.003,11.645,0.00
1786343041,bench_mixed,0.00,0.00,0.0,0.000,0.002,63.003,11.645,0.00
1786343046,bench_mixed,0.00,0.00,0.0,0.000,0.002,63.003,11.647,0.00
1786343052,bench_mixed,0.00,0.00,0.0,0.000,0.002,63.003,11.646,0.00
1786343057,bench_mixed,0.00,0.00,0.0,0.000,0.002,63.003,11.648,0.00
1786343062,bench_mixed,0.00,0.00,0.0,0.000,0.002,63.003,11.648,0.00
1786343067,bench_mixed,0.00,0.00,0.0,0.000,0.002,63.003,11.645,0.00
1786343072,bench_mixed,0.00,0.00,0.0,0.000,0.002,63.003,11.645,0.00
1786343077,bench_mixed,0.00,0.00,0.0,0.000,0.002,63.003,11.646,0.00
1786343082,bench_mixed,0.00,0.00,0.0,0.000,0.002,63.003,11.633,0.03
1786343087,bench_mixed,0.00,0.00,0.0,0.000,0.002,63.003,11.627,0.03
1786343092,bench_mixed,0.00,0.00,0.0,0.000,0.002,63.003,11.626,0.00
1786343097,bench_mixed,0.00,0.00,0.0,0.000,0.002,63.003,11.629,0.00
1786343102,bench_mixed,0.00,0.00,0.0,0.000,0.002,63.003,11.627,0.00
1786343107,bench_mixed,0.00,0.00,0.0,0.000,0.002,63.003,11.631,0.00
1786343112,bench_mixed,0.00,0.00,0.0,0.000,0.002,63.003,11.631,0.00
1786343117,bench_mixed,0.00,0.00,0.0,0.000,0.002,63.003,11.633,0.00
1786343122,bench_mixed,0.00,0.00,0.0,0.000,0.002,63.003,11.632,0.00
1786343127,bench_mixed,0.00,0.00,0.0,0.000,0.002,63.003,11.634,0.00
1786343132,bench_mixed,0.00,0.00,0.0,0.000,0.002,63.003,11.632,0.00
1786343137,bench_mixed,0.00,0.00,0.0,0.000,0.002,63.003,11.635,0.00
1786343142,bench_mixed,0.00,0.00,0.0,0.000,0.002,63.003,11.635,0.00
1786343148,bench_mixed,0.00,0.00,0.0,0.000,0.002,63.003,11.636,0.00
1786343153,bench_mixed,0.00,0.00,0.0,0.000,0.002,63.003,11.637,0.00
1786343158,bench_mixed,0.00,0.00,0.0,0.000,0.002,63.003,11.637,0.00
1786343163,bench_mixed,0.00,0.00,0.0,0.000,0.002,63.003,11.637,0.00
1786343168,bench_mixed,0.00,0.00,0.0,0.000,0.002,63.003,11.637,0.00
1786343173,bench_mixed,0.00,0.00,0.0,0.000,0.002,63.003,11.636,0.00
1786343178,bench_mixed,0.00,0.00,0.0,0.000,0.002,63.003,11.638,0.00
1786343183,bench_mixed,0.00,0.00,0.0,0.000,0.002,63.003,11.637,0.00
1786343188,bench_mixed,0.00,0.00,0.0,0.000,0.002,63.003,11.639,0.00
1786343193,bench_mixed,0.00,0.00,0.0,0.000,0.002,63.003,11.639,0.00
1786343198,bench_mixed,0.00,0.00,0.0,0.000,0.002,63.003,11.640,0.00
1786343203,bench_mixed,0.00,0.00,0.0,0.000,0.002,63.003,11.639,0.00
1786343208,bench_mixed,0.00,0.00,0.0,0.000,0.002,63.003,11.640,0.00
1786343213,bench_mixed,0.00,0.00,0.0,0.000,0.002,63.003,11.640,0.00
1786343218,bench_mixed,0.00,0.00,0.0,0.000,0.002,63.003,11.639,0.00
1786343223,bench_mixed,0.00,0.00,0.0,0.000,0.002,63.003,11.639,0.00
1786343228,bench_mixed,0.00,0.00,0.0,0.000,0.002,63.003,11.641,0.00
1786343233,bench_mixed,0.00,0.00,0.0,0.000,0.002,63.003,11.641,0.00
1786343238,bench_mixed,0.00,0.00,0.0,0.000,0.002,63.003,11.642,0.00
1786343244,bench_mixed,0.00,0.00,0.0,0.000,0.002,63.003,11.641,0.00
1786343249,bench_mixed,0.00,0.00,0.0,0.000,0.002,63.003,11.643,0.00
1786343254,bench_mixed,0.00,0.00,0.0,0.000,0.002,63.003,11.642,0.00
1786343259,bench_mixed,0.00,0.00,0.0,0.000,0.002,63.003,11.633,0.00
1786343264,bench_mixed,0.00,0.00,0.0,0.000,0.002,63.003,11.641,0.00
1786343269,bench_mixed,0.00,0.00,0.0,0.000,0.002,63.003,11.641,0.00
1786343274,bench_mixed,0.00,0.00,0.0,0.000,0.002,63.003,11.642,0.00
1786343279,bench_mixed,0.00,0.00,0.0,0.000,0.002,63.003,11.642,0.00
1786343284,bench_mixed,0.00,0.00,0.0,0.000,0.002,63.003,11.643,0.00
1786343289,bench_mixed,0.00,0.00,0.0,0.000,0.002,63.003,11.642,0.00
1786343294,bench_mixed,0.00,0.00,0.0,0.000,0.002,63.003,11.642,0.00
1786343299,bench_mixed,0.00,0.00,0.0,0.000,0.002,63.003,11.642,0.00
1786343304,bench_mixed,0.00,0.00,0.0,0.000,0.002,63.003,11.644,0.00
1786343309,bench_mixed,0.00,0.00,0.0,0.000,0.002,63.003,11.644,0.00
1786343314,bench_mixed,0.00,0.00,0.0,0.000,0.002,63.003,11.643,0.00
1786343319,bench_mixed,0.00,0.00,0.0,0.000,0.002,63.003,11.643,0.00
1786343324,bench_mixed,0.00,0.00,0.0,0.000,0.002,63.003,11.639,0.00
1786343329,bench_mixed,0.00,0.00,0.0,0.000,0.002,63.003,11.639,0.00
1786343335,bench_mixed,0.00,0.00,0.0,0.000,0.002,63.003,11.640,0.00
1786343340,bench_mixed,0.00,0.00,0.0,0.000,0.002,63.003,11.639,0.00
1786343345,bench_mixed,0.00,0.00,0.0,0.000,0.002,63.003,11.639,0.00
1786343350,bench_mixed,0.00,0.00,0.0,0.000,0.002,63.003,11.639,0.00
1786343355,bench_mixed,0.00,0.00,0.0,0.000,0.002,63.003,11.641,0.00
1786343360,bench_mixed,0.00,0.00,0.0,0.000,0.002,63.003,11.642,0.00
1786343365,bench_mixed,0.00,0.00,0.0,0.000,0.002,63.003,11.641,0.00
1786343370,bench_mixed,0.00,0.00,0.0,0.000,0.002,63.003,11.641,0.00
1786343375,bench_mixed,0.00,0.00,0.0,0.000,0.002,63.003,11.641,0.00
1786343380,bench_mixed,0.00,0.00,0.0,0.000,0.002,63.003,11.641,0.00
1786343385,bench_mixed,0.00,0.00,0.0,0.000,0.002,63.003,11.620,0.06
1786343390,bench_mixed,0.00,0.00,0.0,0.000,0.002,63.003,11.620,0.00
1786343395,bench_mixed,0.00,0.00,0.0,0.000,0.002,63.003,11.623,0.00
1786343400,bench_mixed,0.00,0.00,0.0,0.000,0.002,63.003,11.624,0.00
1786343405,bench_mixed,0.00,0.00,0.0,0.000,0.002,63.003,11.626,0.00
1786343410,bench_mixed,0.00,0.00,0.0,0.000,0.002,63.003,11.626,0.00
1786343415,bench_mixed,0.00,0.00,0.0,0.000,0.002,63.003,11.628,0.00
1786343420,bench_mixed,0.00,0.00,0.0,0.000,0.002,63.003,11.629,0.00
1786343425,bench_mixed,0.00,0.00,0.0,0.000,0.002,63.003,11.630,0.00
1786343431,bench_mixed,0.00,0.00,0.0,0.000,0.002,63.003,11.630,0.00
1786343436,bench_mixed,0.00,0.00,0.0,0.000,0.002,63.003,11.632,0.00
1786343441,bench_mixed,0.00,0.00,0.0,0.000,0.002,63.003,11.631,0.00
1786343446,bench_mixed,0.00,0.00,0.0,0.000,0.002,63.003,11.633,0.00
1786343451,bench_mixed,0.00,0.00,0.0,0.000,0.002,63.003,11.633,0.00
1786343456,bench_mixed,0.00,0.00,0.0,0.000,0.002,63.003,11.635,0.00
1786343461,bench_mixed,0.00,0.00,0.0,0.000,0.002,63.003,11.634,0.00
1786343466,bench_mixed,0.00,0.00,0.0,0.000,0.002,63.003,11.636,0.00
1786343471,bench_mixed,0.00,0.00,0.0,0.000,0.002,63.003,11.636,0.00
1786343476,bench_mixed,0.00,0.00,0.0,0.000,0.002,63.003,11.635,0.00
1786343481,bench_mixed,0.00,0.00,0.0,0.000,0.002,63.003,11.636,0.00
1786343486,bench_mixed,0.00,0.00,0.0,0.000,0.002,63.003,11.637,0.00
1786343491,bench_mixed,0.00,0.00,0.0,0.000,0.002,63.003,11.637,0.00
1786343496,bench_mixed,0.00,0.00,0.0,0.000,0.002,63.003,11.636,0.00
1786343501,bench_mixed,0.00,0.00,0.0,0.000,0.002,63.003,11.636,0.00
1786343506,bench_mixed,0.00,0.00,0.0,0.000,0.002,63.003,11.636,0.00
1786343511,bench_mixed,0.00,0.00,0.0,0.000,0.002,63.003,11.636,0.00
1786343516,bench_mixed,0.00,0.00,0.0,0.000,0.002,63.003,11.638,0.00
1786343522,bench_mixed,0.00,0.00,0.0,0.000,0.002,63.003,11.638,0.00
1786343527,bench_mixed,0.00,0.00,0.0,0.000,0.002,63.003,11.638,0.00
1786343532,bench_mixed,0.00,0.00,0.0,0.000,0.002,63.003,11.639,0.00
1786343537,bench_mixed,0.00,0.00,0.0,0.000,0.002,63.003,11.638,0.00
1786343542,bench_mixed,0.00,0.00,0.0,0.000,0.002,63.003,11.638,0.00
1786343547,bench_mixed,0.00,0.00,0.0,0.000,0.002,63.003,11.638,0.00
1786343552,bench_mixed,0.00,0.00,0.0,0.000,0.002,63.003,11.638,0.00
1786343557,bench_mixed,0.00,0.00,0.0,0.000,0.002,63.003,11.638,0.00
1786343562,bench_mixed,0.00,0.00,0.0,0.000,0.002,63.003,11.638,0.00
1786343567,bench_mixed,0.00,0.00,0.0,0.000,0.002,63.003,11.640,0.00
1786343572,bench_mixed,0.00,0.00,0.0,0.000,0.002,63.003,11.641,0.00
1786343577,bench_mixed,0.00,0.00,0.0,0.000,0.002,63.003,11.640,0.00
1786343582,bench_mixed,0.00,0.00,0.0,0.000,0.002,63.003,11.640,0.00
1786343587,bench_mixed,0.00,0.00,0.0,0.000,0.002,63.003,11.639,0.00
1786343592,bench_mixed,0.00,0.00,0.0,0.000,0.002,63.003,11.639,0.00
1786343597,bench_mixed,0.00,0.00,0.0,0.000,0.002,63.003,11.640,0.00
1786343602,bench_mixed,0.00,0.00,0.0,0.000,0.002,63.003,11.640,0.00
1786343607,bench_mixed,0.00,0.00,0.0,0.000,0.002,63.003,11.641,0.00
1786343612,bench_mixed,0.00,0.00,0.0,0.000,0.002,63.003,11.640,0.00
1786343618,bench_mixed,0.00,0.00,0.0,0.000,0.002,63.003,11.642,0.00
1786343623,bench_mixed,0.00,0.00,0.0,0.000,0.002,63.003,11.640,0.00
1786343628,bench_mixed,0.00,0.00,0.0,0.000,0.002,63.003,11.641,0.00
1786343633,bench_mixed,0.00,0.00,0.0,0.000,0.002,63.003,11.640,0.00
1786343638,bench_mixed,0.00,0.00,0.0,0.000,0.002,63.003,11.640,0.00
1786343643,bench_mixed,0.00,0.00,0.0,0.000,0.002,63.003,11.640,0.00
1786343648,bench_mixed,0.00,0.00,0.0,0.000,0.002,63.003,11.640,0.00
1786343653,bench_mixed,0.00,0.00,0.0,0.000,0.002,63.003,11.640,0.00
1786343658,bench_mixed,0.00,0.00,0.0,0.000,0.002,63.003,11.641,0.00
1786343663,bench_mixed,0.00,0.00,0.0,0.000,0.002,63.003,11.640,0.00
1786343668,bench_mixed,0.00,0.00,0.0,0.000,0.002,63.003,11.640,0.00
1786343673,bench_mixed,0.00,0.00,0.0,0.000,0.002,63.003,11.641,0.00
1786343678,bench_mixed,0.00,0.00,0.0,0.000,0.002,63.003,11.640,0.00
1786343683,bench_mixed,0.00,0.00,0.0,0.000,0.002,63.003,11.622,0.05
1786343688,bench_mixed,0.00,0.00,0.0,0.000,0.002,63.003,11.622,0.01
1786343693,bench_mixed,0.00,0.00,0.0,0.000,0.002,63.003,11.626,0.00
1786343698,bench_mixed,0.00,0.00,0.0,0.000,0.002,63.003,11.625,0.00
1786343703,bench_mixed,0.00,0.00,0.0,0.000,0.002,63.003,11.626,0.00
1786343709,bench_mixed,0.00,0.00,0.0,0.000,0.002,63.003,11.626,0.00
1786343714,bench_mixed,0.00,0.00,0.0,0.000,0.002,63.003,11.628,0.00
1786343719,bench_mixed,0.00,0.00,0.0,0.000,0.002,63.003,11.629,0.00
1786343724,bench_mixed,0.00,0.00,0.0,0.000,0.002,63.003,11.630,0.00
1786343729,bench_mixed,0.00,0.00,0.0,0.000,0.002,63.003,11.630,0.00
1786343734,bench_mixed,0.00,0.00,0.0,0.000,0.002,63.003,11.632,0.00
1786343739,bench_mixed,0.00,0.00,0.0,0.000,0.002,63.003,11.632,0.00
1786343744,bench_mixed,0.00,0.00,0.0,0.000,0.002,63.003,11.632,0.00
1786343749,bench_mixed,0.00,0.00,0.0,0.000,0.002,63.003,11.632,0.00
1786343754,bench_mixed,0.00,0.00,0.0,0.000,0.002,63.003,11.632,0.00
1786343759,bench_mixed,0.00,0.00,0.0,0.000,0.002,63.003,11.633,0.00
1786343764,bench_mixed,0.00,0.00,0.0,0.000,0.002,63.003,11.634,0.00
1786343769,bench_mixed,0.00,0.00,0.0,0.000,0.002,63.003,11.634,0.00
1786343774,bench_mixed,0.00,0.00,0.0,0.000,0.002,63.003,11.636,0.00
1786343779,bench_mixed,0.00,0.00,0.0,0.000,0.002,63.003,11.636,0.00
1786343784,bench_mixed,0.00,0.00,0.0,0.000,0.002,63.003,11.636,0.00
1786343789,bench_mixed,0.00,0.00,0.0,0.000,0.002,63.003,11.636,0.00
1786343794,bench_mixed,0.00,0.00,0.0,0.000,0.002,63.003,11.636,0.00
1786343799,bench_mixed,0.00,0.00,0.0,0.000,0.002,63.003,11.637,0.00
1786343805,bench_mixed,0.00,0.00,0.0,0.000,0.002,63.003,11.634,0.00
1786343810,bench_mixed,0.00,0.00,0.0,0.000,0.002,63.003,11.634,0.00
1786343815,bench_mixed,0.00,0.00,0.0,0.000,0.002,63.003,11.638,0.00
1786343820,bench_mixed,0.00,0.00,0.0,0.000,0.002,63.003,11.638,0.00
1786343825,bench_mixed,0.00,0.00,0.0,0.000,0.002,63.003,11.640,0.00
1786343830,bench_mixed,0.00,0.00,0.0,0.000,0.002,63.003,11.639,0.00
1786343835,bench_mixed,0.00,0.00,0.0,0.000,0.002,63.003,11.636,0.00
1786343840,bench_mixed,0.00,0.00,0.0,0.000,0.002,63.003,11.636,0.00
1786343845,bench_mixed,0.00,0.00,0.0,0.000,0.002,63.003,11.637,0.00
1786343850,bench_mixed,0.00,0.00,0.0,0.000,0.002,63.003,11.637,0.00
1786343855,bench_mixed,0.00,0.00,0.0,0.000,0.002,63.003,11.638,0.00
1786343860,bench_mixed,0.00,0.00,0.0,0.000,0.002,63.003,11.638,0.00
1786343865,bench_mixed,0.00,0.00,0.0,0.000,0.002,63.003,11.638,0.00
1786343870,bench_mixed,0.00,0.00,0.0,0.000,0.002,63.003,11.638,0.00
1786343875,bench_mixed,0.00,0.00,0.0,0.000,0.002,63.003,11.639,0.00
1786343880,bench_mixed,0.00,0.00,0.0,0.000,0.002,63.003,11.639,0.00
1786343885,bench_mixed,0.00,0.00,0.0,0.000,0.002,63.003,11.640,0.00
1786343890,bench_mixed,0.00,0.00,0.0,0.000,0.002,63.003,11.640,0.00
1786343895,bench_mixed,0.00,0.00,0.0,0.000,0.002,63.003,11.638,0.00
1786343901,bench_mixed,0.00,0.00,0.0,0.000,0.002,63.003,11.638,0.00
1786343906,bench_mixed,0.00,0.00,0.0,0.000,0.002,63.003,11.638,0.00
1786343911,bench_mixed,0.00,0.00,0.0,0.000,0.002,63.003,11.637,0.00
1786343916,bench_mixed,0.00,0.00,0.0,0.000,0.002,63.003,11.638,0.00
1786343921,bench_mixed,0.00,0.00,0.0,0.000,0.002,63.003,11.638,0.00
1786343926,bench_mixed,0.00,0.00,0.0,0.000,0.002,63.003,11.640,0.00
1786343931,bench_mixed,0.00,0.00,0.0,0.000,0.002,63.003,11.639,0.00
1786343936,bench_mixed,0.00,0.00,0.0,0.000,0.002,63.003,11.640,0.00
1786343941,bench_mixed,0.00,0.00,0.0,0.000,0.002,63.003,11.640,0.00
1786343946,bench_mixed,0.00,0.00,0.0,0.000,0.002,63.003,11.642,0.00
1786343951,bench_mixed,0.00,0.00,0.0,0.000,0.002,63.003,11.641,0.00
1786343956,bench_mixed,0.00,0.00,0.0,0.000,0.002,63.003,11.639,0.00
1786343961,bench_mixed,0.00,0.00,0.0,0.000,0.002,63.003,11.639,0.00
1786343966,bench_mixed,0.00,0.00,0.0,0.000,0.002,63.003,11.642,0.00
1786343971,bench_mixed,0.00,0.00,0.0,0.000,0.002,63.003,11.642,0.00
1786343976,bench_mixed,0.00,0.00,0.0,0.000,0.002,63.003,11.640,0.00
1786343981,bench_mixed,0.00,0.00,0.0,0.000,0.002,63.003,11.640,0.00
1786343986,bench_mixed,0.00,0.00,0.0,0.000,0.002,63.003,11.612,0.06
1786343992,bench_mixed,0.00,0.00,0.0,0.000,0.002,63.003,11.621,0.00
1786343997,bench_mixed,0.00,0.00,0.0,0.000,0.002,63.003,11.621,0.00
1786344002,bench_mixed,0.00,0.00,0.0,0.000,0.002,63.003,11.624,0.00
1786344007,bench_mixed,0.00,0.00,0.0,0.000,0.002,63.003,11.624,0.00
1786344012,bench_mixed,0.00,0.00,0.0,0.000,0.002,63.003,11.625,0.00
1786344017,bench_mixed,0.00,0.00,0.0,0.000,0.002,63.003,11.625,0.00
1786344022,bench_mixed,0.00,0.00,0.0,0.000,0.002,63.003,11.626,0.00
1786344027,bench_mixed,0.00,0.00,0.0,0.000,0.002,63.003,11.626,0.00
1786344032,bench_mixed,0.00,0.00,0.0,0.000,0.002,63.003,11.628,0.00
1786344037,bench_mixed,0.00,0.00,0.0,0.000,0.002,63.003,11.629,0.00
1786344042,bench_mixed,0.00,0.00,0.0,0.000,0.002,63.003,11.629,0.00
1786344047,bench_mixed,0.00,0.00,0.0,0.000,0.002,63.003,11.629,0.00
1786344052,bench_mixed,0.00,0.00,0.0,0.000,0.002,63.003,11.630,0.00
1786344057,bench_mixed,0.00,0.00,0.0,0.000,0.002,63.003,11.631,0.00
1786344062,bench_mixed,0.00,0.00,0.0,0.000,0.002,63.003,11.631,0.00
1786344067,bench_mixed,0.00,0.00,0.0,0.000,0.002,63.003,11.631,0.00
1786344072,bench_mixed,0.00,0.00,0.0,0.000,0.002,63.003,11.633,0.00
1786344077,bench_mixed,0.00,0.00,0.0,0.000,0.002,63.003,11.633,0.00
1786344082,bench_mixed,0.00,0.00,0.0,0.000,0.002,63.003,11.634,0.00
1786344088,bench_mixed,0.00,0.00,0.0,0.000,0.002,63.003,11.635,0.00
1786344093,bench_mixed,0.00,0.00,0.0,0.000,0.002,63.003,11.636,0.00
1786344098,bench_mixed,0.00,0.00,0.0,0.000,0.002,63.003,11.636,0.00
1786344103,bench_mixed,0.00,0.00,0.0,0.000,0.002,63.003,11.637,0.00
1786344108,bench_mixed,0.00,0.00,0.0,0.000,0.002,63.003,11.637,0.00
1786344113,bench_mixed,0.00,0.00,0.0,0.000,0.002,63.003,11.637,0.00
1786344118,bench_mixed,0.00,0.00,0.0,0.000,0.002,63.003,11.637,0.00
1786344123,bench_mixed,0.00,0.00,0.0,0.000,0.002,63.003,11.637,0.00
1786344128,bench_mixed,0.00,0.00,0.0,0.000,0.002,63.003,11.637,0.00
1786344133,bench_mixed,0.00,0.00,0.0,0.000,0.002,63.003,11.638,0.00
1786344138,bench_mixed,0.00,0.00,0.0,0.000,0.002,63.003,11.638,0.00
1786344143,bench_mixed,0.00,0.00,0.0,0.000,0.002,63.003,11.637,0.00
1786344148,bench_mixed,0.00,0.00,0.0,0.000,0.002,63.003,11.637,0.00
1786344153,bench_mixed,0.00,0.00,0.0,0.000,0.002,63.003,11.637,0.00
1786344158,bench_mixed,0.00,0.00,0.0,0.000,0.002,63.003,11.637,0.00
1786344163,bench_mixed,0.00,0.00,0.0,0.000,0.002,63.003,11.638,0.00
1786344168,bench_mixed,0.00,0.00,0.0,0.000,0.002,63.003,11.638,0.00
1786344173,bench_mixed,0.00,0.00,0.0,0.000,0.002,63.003,11.637,0.00
1786344178,bench_mixed,0.00,0.00,0.0,0.000,0.002,63.003,11.637,0.00
1786344184,bench_mixed,0.00,0.00,0.0,0.000,0.002,63.003,11.637,0.00
1786344189,bench_mixed,0.00,0.00,0.0,0.000,0.002,63.003,11.637,0.00
1786344194,bench_mixed,0.00,0.00,0.0,0.000,0.002,63.003,11.638,0.00
1786344199,bench_mixed,0.00,0.00,0.0,0.000,0.002,63.003,11.638,0.00
1786344204,bench_mixed,0.00,0.00,0.0,0.000,0.002,63.003,11.640,0.00
1786344209,bench_mixed,0.00,0.00,0.0,0.000,0.002,63.003,11.640,0.00
1786344214,bench_mixed,0.00,0.00,0.0,0.000,0.002,63.003,11.638,0.00
1786344219,bench_mixed,0.00,0.00,0.0,0.000,0.002,63.003,11.638,0.00
1786344224,bench_mixed,0.00,0.00,0.0,0.000,0.002,63.003,11.634,0.00
1786344229,bench_mixed,0.00,0.00,0.0,0.000,0.002,63.003,11.634,0.00
1786344234,bench_mixed,0.00,0.00,0.0,0.000,0.002,63.003,11.630,0.00
1786344239,bench_mixed,0.00,0.00,0.0,0.000,0.002,63.003,11.630,0.00
1786344244,bench_mixed,0.00,0.00,0.0,0.000,0.002,63.003,11.631,0.00
1786344249,bench_mixed,0.00,0.00,0.0,0.000,0.002,63.003,11.632,0.00
1786344254,bench_mixed,0.00,0.00,0.0,0.000,0.002,63.003,11.633,0.00
1786344259,bench_mixed,0.00,0.00,0.0,0.000,0.002,63.003,11.633,0.00
1786344264,bench_mixed,0.00,0.00,0.0,0.000,0.002,63.003,11.632,0.00
1786344269,bench_mixed,0.00,0.00,0.0,0.000,0.002,63.003,11.633,0.00
1786344275,bench_mixed,0.00,0.00,0.0,0.000,0.002,63.003,11.634,0.00
1786344280,bench_mixed,0.00,0.00,0.0,0.000,0.002,63.003,11.634,0.00
1786344285,bench_mixed,0.00,0.00,0.0,0.000,0.002,63.003,11.617,0.06
1786344290,bench_mixed,0.00,0.00,0.0,0.000,0.002,63.003,11.617,0.00
1786344295,bench_mixed,0.00,0.00,0.0,0.000,0.002,63.003,11.617,0.00
1786344300,bench_mixed,0.00,0.00,0.0,0.000,0.002,63.003,11.617,0.00
1786344305,bench_mixed,0.00,0.00,0.0,0.000,0.002,63.003,11.618,0.00
1786344310,bench_mixed,0.00,0.00,0.0,0.000,0.002,63.003,11.618,0.00
1786344315,bench_mixed,0.00,0.00,0.0,0.000,0.002,63.003,11.621,0.00
1786344320,bench_mixed,0.00,0.00,0.0,0.000,0.002,63.003,11.620,0.00
1786344325,bench_mixed,0.00,0.00,0.0,0.000,0.002,63.003,11.623,0.00
1786344330,bench_mixed,0.00,0.00,0.0,0.000,0.002,63.003,11.622,0.00
1786344335,bench_mixed,0.00,0.00,0.0,0.000,0.002,63.003,11.623,0.00
1786344340,bench_mixed,0.00,0.00,0.0,0.000,0.002,63.003,11.623,0.00
1786344345,bench_mixed,0.00,0.00,0.0,0.000,0.002,63.003,11.624,0.00
1786344350,bench_mixed,0.00,0.00,0.0,0.000,0.002,63.003,11.624,0.00
1786344355,bench_mixed,0.00,0.00,0.0,0.000,0.002,63.003,11.624,0.00
1786344360,bench_mixed,0.00,0.00,0.0,0.000,0.002,63.003,11.626,0.00
1786344365,bench_mixed,0.00,0.00,0.0,0.000,0.002,63.003,11.626,0.00
1786344371,bench_mixed,0.00,0.00,0.0,0.000,0.002,63.003,11.627,0.00
1786344376,bench_mixed,0.00,0.00,0.0,0.000,0.002,63.003,11.628,0.00
1786344381,bench_mixed,0.00,0.00,0.0,0.000,0.002,63.003,11.628,0.00
1786344386,bench_mixed,0.00,0.00,0.0,0.000,0.002,63.003,11.628,0.00
1786344391,bench_mixed,0.00,0.00,0.0,0.000,0.002,63.003,11.629,0.00
1786344396,bench_mixed,0.00,0.00,0.0,0.000,0.002,63.003,11.629,0.00
1786344401,bench_mixed,0.00,0.00,0.0,0.000,0.002,63.003,11.631,0.00
1786344406,bench_mixed,0.00,0.00,0.0,0.000,0.002,63.003,11.630,0.00
1786344411,bench_mixed,0.00,0.00,0.0,0.000,0.002,63.003,11.631,0.00
1786344416,bench_mixed,0.00,0.00,0.0,0.000,0.002,63.003,11.630,0.00
1786344421,bench_mixed,0.00,0.00,0.0,0.000,0.002,63.003,11.631,0.00
1786344426,bench_mixed,0.00,0.00,0.0,0.000,0.002,63.003,11.630,0.00
1786344431,bench_mixed,0.00,0.00,0.0,0.000,0.002,63.003,11.631,0.00
1786344436,bench_mixed,0.00,0.00,0.0,0.000,0.002,63.003,11.631,0.00
1786344441,bench_mixed,0.00,0.00,0.0,0.000,0.002,63.003,11.631,0.00
1786344446,bench_mixed,0.00,0.00,0.0,0.000,0.002,63.003,11.631,0.00
1786344451,bench_mixed,0.00,0.00,0.0,0.000,0.002,63.003,11.630,0.00
1786344456,bench_mixed,0.00,0.00,0.0,0.000,0.002,63.003,11.630,0.00
1786344462,bench_mixed,0.00,0.00,0.0,0.000,0.002,63.003,11.631,0.00
1786344467,bench_mixed,0.00,0.00,0.0,0.000,0.002,63.003,11.630,0.00
1786344472,bench_mixed,0.00,0.00,0.0,0.000,0.002,63.003,11.629,0.00
1786344477,bench_mixed,0.00,0.00,0.0,0.000,0.002,63.003,11.629,0.00
1786344482,bench_mixed,0.00,0.00,0.0,0.000,0.002,63.003,11.626,0.00
1786344487,bench_mixed,0.00,0.00,0.0,0.000,0.002,63.003,11.626,0.00
1786344492,bench_mixed,0.00,0.00,0.0,0.000,0.002,63.003,11.628,0.00
1786344497,bench_mixed,0.00,0.00,0.0,0.000,0.002,63.003,11.628,0.00
1786344502,bench_mixed,0.00,0.00,0.0,0.000,0.002,63.003,11.628,0.00
1786344507,bench_mixed,0.00,0.00,0.0,0.000,0.002,63.003,11.629,0.00
1786344512,bench_mixed,0.00,0.00,0.0,0.000,0.002,63.003,11.626,0.00
1786344517,bench_mixed,0.00,0.00,0.0,0.000,0.002,63.003,11.627,0.00
1786344522,bench_mixed,0.00,0.00,0.0,0.000,0.002,63.003,11.627,0.00
1786344527,bench_mixed,0.00,0.00,0.0,0.000,0.002,63.003,11.627,0.00
1786344532,bench_mixed,0.00,0.00,0.0,0.000,0.002,63.003,11.628,0.00
1786344537,bench_mixed,0.00,0.00,0.0,0.000,0.002,63.003,11.629,0.00
1786344542,bench_mixed,0.00,0.00,0.0,0.000,0.002,63.003,11.631,0.00
1786344547,bench_mixed,0.00,0.00,0.0,0.000,0.002,63.003,11.631,0.00
1786344552,bench_mixed,0.00,0.00,0.0,0.000,0.002,63.003,11.631,0.00
1786344558,bench_mixed,0.00,0.00,0.0,0.000,0.002,63.003,11.631,0.00
1786344563,bench_mixed,0.00,0.00,0.0,0.000,0.002,63.003,11.632,0.00
1786344568,bench_mixed,0.00,0.00,0.0,0.000,0.002,63.003,11.633,0.00
1786344573,bench_mixed,0.00,0.00,0.0,0.000,0.002,63.003,11.633,0.00
1786344578,bench_mixed,0.00,0.00,0.0,0.000,0.002,63.003,11.633,0.00
1786344583,bench_mixed,0.00,0.00,0.0,0.000,0.002,63.003,11.613,0.04
1786344588,bench_mixed,0.00,0.00,0.0,0.000,0.002,63.003,11.610,0.02
1786344593,bench_mixed,0.00,0.00,0.0,0.000,0.002,63.003,11.613,0.00
1786344598,bench_mixed,0.00,0.00,0.0,0.000,0.002,63.003,11.613,0.00
1786344603,bench_mixed,0.00,0.00,0.0,0.000,0.002,63.003,11.615,0.00
1786344608,bench_mixed,0.00,0.00,0.0,0.000,0.002,63.003,11.615,0.00
1786344613,bench_mixed,0.00,0.00,0.0,0.000,0.002,63.003,11.619,0.00
1786344618,bench_mixed,0.00,0.00,0.0,0.000,0.002,63.003,11.618,0.00
1786344623,bench_mixed,0.00,0.00,0.0,0.000,0.002,63.003,11.620,0.00
1786344628,bench_mixed,0.00,0.00,0.0,0.000,0.002,63.003,11.620,0.00
1786344633,bench_mixed,0.00,0.00,0.0,0.000,0.002,63.003,11.621,0.00
1786344638,bench_mixed,0.00,0.00,0.0,0.000,0.002,63.003,11.621,0.00
1786344643,bench_mixed,0.00,0.00,0.0,0.000,0.002,63.003,11.622,0.00
1786344648,bench_mixed,0.00,0.00,0.0,0.000,0.002,63.003,11.622,0.00
1786344653,bench_mixed,0.00,0.00,0.0,0.000,0.002,63.003,11.622,0.00
1786344659,bench_mixed,0.00,0.00,0.0,0.000,0.002,63.003,11.622,0.00
1786344664,bench_mixed,0.00,0.00,0.0,0.000,0.002,63.003,11.622,0.00
1786344669,bench_mixed,0.00,0.00,0.0,0.000,0.002,63.003,11.622,0.00
1786344674,bench_mixed,0.00,0.00,0.0,0.000,0.002,63.003,11.624,0.00
1786344679,bench_mixed,0.00,0.00,0.0,0.000,0.002,63.003,11.623,0.00
1786344684,bench_mixed,0.00,0.00,0.0,0.000,0.002,63.003,11.625,0.00
1786344689,bench_mixed,0.00,0.00,0.0,0.000,0.002,63.003,11.624,0.00
1786344694,bench_mixed,0.00,0.00,0.0,0.000,0.002,63.003,11.622,0.00
1786344699,bench_mixed,0.00,0.00,0.0,0.000,0.002,63.003,11.621,0.00
1786344704,bench_mixed,0.00,0.00,0.0,0.000,0.002,63.003,11.623,0.00
1786344709,bench_mixed,0.00,0.00,0.0,0.000,0.002,63.003,11.622,0.00
1786344714,bench_mixed,0.00,0.00,0.0,0.000,0.002,63.003,11.621,0.00
1786344719,bench_mixed,0.00,0.00,0.0,0.000,0.002,63.003,11.625,0.00
1786344724,bench_mixed,0.00,0.00,0.0,0.000,0.002,63.003,11.625,0.00
1786344729,bench_mixed,0.00,0.00,0.0,0.000,0.002,63.003,11.625,0.00
1786344734,bench_mixed,0.00,0.00,0.0,0.000,0.002,63.003,11.625,0.00
1786344739,bench_mixed,0.00,0.00,0.0,0.000,0.002,63.003,11.627,0.00
1786344744,bench_mixed,0.00,0.00,0.0,0.000,0.002,63.003,11.627,0.00
1786344749,bench_mixed,0.00,0.00,0.0,0.000,0.002,63.003,11.628,0.00
1786344755,bench_mixed,0.00,0.00,0.0,0.000,0.002,63.003,11.628,0.00
1786344760,bench_mixed,0.00,0.00,0.0,0.000,0.002,63.003,11.629,0.00
1786344765,bench_mixed,0.00,0.00,0.0,0.000,0.002,63.003,11.629,0.00
1786344770,bench_mixed,0.00,0.00,0.0,0.000,0.002,63.003,11.629,0.00
1786344775,bench_mixed,0.00,0.00,0.0,0.000,0.002,63.003,11.628,0.00
1786344780,bench_mixed,0.00,0.00,0.0,0.000,0.002,63.003,11.628,0.00
1786344785,bench_mixed,0.00,0.00,0.0,0.000,0.002,63.003,11.628,0.00
1786344790,bench_mixed,0.00,0.00,0.0,0.000,0.002,63.003,11.627,0.00
1786344795,bench_mixed,0.00,0.00,0.0,0.000,0.002,63.003,11.627,0.00
1786344800,bench_mixed,0.00,0.00,0.0,0.000,0.002,63.003,11.626,0.00
1786344805,bench_mixed,0.00,0.00,0.0,0.000,0.002,63.003,11.626,0.00
1786344810,bench_mixed,0.00,0.00,0.0,0.000,0.002,63.003,11.627,0.00
1786344815,bench_mixed,0.00,0.00,0.0,0.000,0.002,63.003,11.627,0.00
1786344820,bench_mixed,0.00,0.00,0.0,0.000,0.002,63.003,11.630,0.00
1786344825,bench_mixed,0.00,0.00,0.0,0.000,0.002,63.003,11.631,0.00
1786344830,bench_mixed,0.00,0.00,0.0,0.000,0.002,63.003,11.632,0.00
1786344835,bench_mixed,0.00,0.00,0.0,0.000,0.002,63.003,11.632,0.00
1786344840,bench_mixed,0.00,0.00,0.0,0.000,0.002,63.003,11.631,0.00
1786344845,bench_mixed,0.00,0.00,0.0,0.000,0.002,63.003,11.631,0.00
1786344851,bench_mixed,0.00,0.00,0.0,0.000,0.002,63.003,11.633,0.00
1786344856,bench_mixed,0.00,0.00,0.0,0.000,0.002,63.003,11.633,0.00
1786344861,bench_mixed,0.00,0.00,0.0,0.000,0.002,63.003,11.633,0.00
1786344866,bench_mixed,0.00,0.00,0.0,0.000,0.002,63.003,11.633,0.00
1786344871,bench_mixed,0.00,0.00,0.0,0.000,0.002,63.003,11.633,0.00
1786344876,bench_mixed,0.00,0.00,0.0,0.000,0.002,63.003,11.634,0.00
1786344881,bench_mixed,0.00,0.00,0.0,0.000,0.002,63.003,11.631,0.00
1786344886,bench_mixed,0.00,0.00,0.0,0.000,0.002,63.003,11.611,0.06
1786344891,bench_mixed,0.00,0.00,0.0,0.000,0.002,63.003,11.614,0.00
1786344896,bench_mixed,0.00,0.00,0.0,0.000,0.002,63.003,11.613,0.00
1786344901,bench_mixed,0.00,0.00,0.0,0.000,0.002,63.003,11.616,0.00
1786344906,bench_mixed,0.00,0.00,0.0,0.000,0.002,63.003,11.615,0.00
1786344911,bench_mixed,0.00,0.00,0.0,0.000,0.002,63.003,11.620,0.00
1786344916,bench_mixed,0.00,0.00,0.0,0.000,0.002,63.003,11.620,0.00
1786344921,bench_mixed,0.00,0.00,0.0,0.000,0.002,63.003,11.622,0.00
1786344926,bench_mixed,0.00,0.00,0.0,0.000,0.002,63.003,11.622,0.00
1786344931,bench_mixed,0.00,0.00,0.0,0.000,0.002,63.003,11.625,0.00
1786344936,bench_mixed,0.00,0.00,0.0,0.000,0.002,63.003,11.624,0.00
1786344941,bench_mixed,0.00,0.00,0.0,0.000,0.002,63.003,11.623,0.00
1786344947,bench_mixed,0.00,0.00,0.0,0.000,0.002,63.003,11.623,0.00
1786344952,bench_mixed,0.00,0.00,0.0,0.000,0.002,63.003,11.624,0.00
1786344957,bench_mixed,0.00,0.00,0.0,0.000,0.002,63.003,11.624,0.00
1786344962,bench_mixed,0.00,0.00,0.0,0.000,0.002,63.003,11.627,0.00
1786344967,bench_mixed,0.00,0.00,0.0,0.000,0.002,63.003,11.627,0.00
1786344972,bench_mixed,0.00,0.00,0.0,0.000,0.002,63.003,11.625,0.00
1786344977,bench_mixed,0.00,0.00,0.0,0.000,0.002,63.003,11.625,0.00
1786344982,bench_mixed,0.00,0.00,0.0,0.000,0.002,63.003,11.625,0.00
1786344987,bench_mixed,0.00,0.00,0.0,0.000,0.002,63.003,11.624,0.00
1786344992,bench_mixed,0.00,0.00,0.0,0.000,0.002,63.003,11.623,0.00
1786344997,bench_mixed,0.00,0.00,0.0,0.000,0.002,63.003,11.623,0.00
1786345002,bench_mixed,0.00,0.00,0.0,0.000,0.002,63.003,11.624,0.00
1786345007,bench_mixed,0.00,0.00,0.0,0.000,0.002,63.003,11.623,0.00
1786345012,bench_mixed,0.00,0.00,0.0,0.000,0.002,63.003,11.625,0.00
1786345017,bench_mixed,0.00,0.00,0.0,0.000,0.002,63.003,11.625,0.00
1786345022,bench_mixed,0.00,0.00,0.0,0.000,0.002,63.003,11.626,0.00
1786345027,bench_mixed,0.00,0.00,0.0,0.000,0.002,63.003,11.625,0.00
1786345032,bench_mixed,0.00,0.00,0.0,0.000,0.002,63.003,11.625,0.00
1786345037,bench_mixed,0.00,0.00,0.0,0.000,0.002,63.003,11.625,0.00
1786345043,bench_mixed,0.00,0.00,0.0,0.000,0.002,63.003,11.628,0.00
1786345048,bench_mixed,0.00,0.00,0.0,0.000,0.002,63.003,11.627,0.00
1786345053,bench_mixed,0.00,0.00,0.0,0.000,0.002,63.003,11.627,0.00
1786345058,bench_mixed,0.00,0.00,0.0,0.000,0.002,63.003,11.627,0.00
1786345063,bench_mixed,0.00,0.00,0.0,0.000,0.002,63.003,11.629,0.00
1786345068,bench_mixed,0.00,0.00,0.0,0.000,0.002,63.003,11.627,0.00
1786345073,bench_mixed,0.00,0.00,0.0,0.000,0.002,63.003,11.627,0.00
1786345078,bench_mixed,0.00,0.00,0.0,0.000,0.002,63.003,11.626,0.00
1786345083,bench_mixed,0.00,0.00,0.0,0.000,0.002,63.003,11.626,0.00
1786345088,bench_mixed,0.00,0.00,0.0,0.000,0.002,63.003,11.628,0.00
1786345093,bench_mixed,0.00,0.00,0.0,0.000,0.002,63.003,11.629,0.00
1786345098,bench_mixed,0.00,0.00,0.0,0.000,0.002,63.003,11.630,0.00
1786345103,bench_mixed,0.00,0.00,0.0,0.000,0.002,63.003,11.630,0.00
1786345108,bench_mixed,0.00,0.00,0.0,0.000,0.002,63.003,11.631,0.00
1786345113,bench_mixed,0.00,0.00,0.0,0.000,0.002,63.003,11.631,0.00
1786345118,bench_mixed,0.00,0.00,0.0,0.000,0.002,63.003,11.631,0.00
1786345123,bench_mixed,0.00,0.00,0.0,0.000,0.002,63.003,11.631,0.00
1786345128,bench_mixed,0.00,0.00,0.0,0.000,0.002,63.003,11.632,0.00
1786345134,bench_mixed,0.00,0.00,0.0,0.000,0.002,63.003,11.633,0.00
1786345139,bench_mixed,0.00,0.00,0.0,0.000,0.002,63.003,11.634,0.00
1786345144,bench_mixed,0.00,0.00,0.0,0.000,0.002,63.003,11.633,0.00
1786345149,bench_mixed,0.00,0.00,0.0,0.000,0.002,63.003,11.634,0.00
1786345154,bench_mixed,0.00,0.00,0.0,0.000,0.002,63.003,11.634,0.00
1786345159,bench_mixed,0.00,0.00,0.0,0.000,0.002,63.003,11.633,0.00
1786345164,bench_mixed,0.00,0.00,0.0,0.000,0.002,63.003,11.633,0.00
1786345169,bench_mixed,0.00,0.00,0.0,0.000,0.002,63.003,11.634,0.00
1786345174,bench_mixed,0.00,0.00,0.0,0.000,0.002,63.003,11.634,0.00
1786345179,bench_mixed,0.00,0.00,0.0,0.000,0.002,63.003,11.633,0.00
1786345184,bench_mixed,0.00,0.00,0.0,0.000,0.002,63.003,11.615,0.05
1786345189,bench_mixed,0.00,0.00,0.0,0.000,0.002,63.003,11.618,0.00
1786345194,bench_mixed,0.00,0.00,0.0,0.000,0.002,63.003,11.618,0.00
1786345199,bench_mixed,0.00,0.00,0.0,0.000,0.002,63.003,11.621,0.00
1786345204,bench_mixed,0.00,0.00,0.0,0.000,0.002,63.003,11.621,0.00
1786345209,bench_mixed,0.00,0.00,0.0,0.000,0.002,63.003,11.622,0.00
1786345214,bench_mixed,0.00,0.00,0.0,0.000,0.002,63.003,11.621,0.00
1786345219,bench_mixed,0.00,0.00,0.0,0.000,0.002,63.003,11.623,0.00
1786345224,bench_mixed,0.00,0.00,0.0,0.000,0.002,63.003,11.623,0.00
1786345230,bench_mixed,0.00,0.00,0.0,0.000,0.002,63.003,11.624,0.00
1786345235,bench_mixed,0.00,0.00,0.0,0.000,0.002,63.003,11.624,0.00
1786345240,bench_mixed,0.00,0.00,0.0,0.000,0.002,63.003,11.626,0.00
1786345245,bench_mixed,0.00,0.00,0.0,0.000,0.002,63.003,11.626,0.00
1786345250,bench_mixed,0.00,0.00,0.0,0.000,0.002,63.003,11.627,0.00
1786345255,bench_mixed,0.00,0.00,0.0,0.000,0.002,63.003,11.627,0.00
1786345260,bench_mixed,0.00,0.00,0.0,0.000,0.002,63.003,11.629,0.00
1786345265,bench_mixed,0.00,0.00,0.0,0.000,0.002,63.003,11.629,0.00
1786345270,bench_mixed,0.00,0.00,0.0,0.000,0.002,63.003,11.631,0.00
1786345275,bench_mixed,0.00,0.00,0.0,0.000,0.002,63.003,11.631,0.00
1786345280,bench_mixed,0.00,0.00,0.0,0.000,0.002,63.003,11.629,0.00
1786345285,bench_mixed,0.00,0.00,0.0,0.000,0.002,63.003,11.629,0.00
1786345290,bench_mixed,0.00,0.00,0.0,0.000,0.002,63.003,11.630,0.00
1786345295,bench_mixed,0.00,0.00,0.0,0.000,0.002,63.003,11.629,0.00
1786345300,bench_mixed,0.00,0.00,0.0,0.000,0.002,63.003,11.630,0.00
1786345305,bench_mixed,0.00,0.00,0.0,0.000,0.002,63.003,11.631,0.00
1786345310,bench_mixed,0.00,0.00,0.0,0.000,0.002,63.003,11.632,0.00
1786345315,bench_mixed,0.00,0.00,0.0,0.000,0.002,63.003,11.631,0.00
1786345321,bench_mixed,0.00,0.00,0.0,0.000,0.002,63.003,11.631,0.00
1786345326,bench_mixed,0.00,0.00,0.0,0.000,0.002,63.003,11.631,0.00
1786345331,bench_mixed,0.00,0.00,0.0,0.000,0.002,63.003,11.631,0.00
1786345336,bench_mixed,0.00,0.00,0.0,0.000,0.002,63.003,11.629,0.00
1786345341,bench_mixed,0.00,0.00,0.0,0.000,0.002,63.003,11.630,0.00
1786345346,bench_mixed,0.00,0.00,0.0,0.000,0.002,63.003,11.630,0.00
1786345351,bench_mixed,0.00,0.00,0.0,0.000,0.002,63.003,11.627,0.00
1786345356,bench_mixed,0.00,0.00,0.0,0.000,0.002,63.003,11.627,0.00
1786345361,bench_mixed,0.00,0.00,0.0,0.000,0.002,63.003,11.629,0.00
1786345366,bench_mixed,0.00,0.00,0.0,0.000,0.002,63.003,11.629,0.00
1786345371,bench_mixed,0.00,0.00,0.0,0.000,0.002,63.003,11.629,0.00
1786345376,bench_mixed,0.00,0.00,0.0,0.000,0.002,63.003,11.629,0.00
1786345381,bench_mixed,0.00,0.00,0.0,0.000,0.002,63.003,11.628,0.00
1786345386,bench_mixed,0.00,0.00,0.0,0.000,0.002,63.003,11.629,0.00
1786345391,bench_mixed,0.00,0.00,0.0,0.000,0.002,63.003,11.631,0.00
1786345396,bench_mixed,0.00,0.00,0.0,0.000,0.002,63.003,11.631,0.00
1786345401,bench_mixed,0.00,0.00,0.0,0.000,0.002,63.003,11.630,0.00
1786345406,bench_mixed,0.00,0.00,0.0,0.000,0.002,63.003,11.630,0.00
1786345411,bench_mixed,0.00,0.00,0.0,0.000,0.002,63.003,11.630,0.00
1786345417,bench_mixed,0.00,0.00,0.0,0.000,0.002,63.003,11.630,0.00
1786345422,bench_mixed,0.00,0.00,0.0,0.000,0.002,63.003,11.631,0.00
1786345427,bench_mixed,0.00,0.00,0.0,0.000,0.002,63.003,11.630,0.00
1786345432,bench_mixed,0.00,0.00,0.0,0.000,0.002,63.003,11.629,0.00
1786345437,bench_mixed,0.00,0.00,0.0,0.000,0.002,63.003,11.630,0.00
1786345442,bench_mixed,0.00,0.00,0.0,0.000,0.002,63.003,11.630,0.00
1786345447,bench_mixed,0.00,0.00,0.0,0.000,0.002,63.003,11.630,0.00
1786345452,bench_mixed,0.00,0.00,0.0,0.000,0.002,63.003,11.631,0.00
1786345457,bench_mixed,0.00,0.00,0.0,0.000,0.002,63.003,11.632,0.00
1786345462,bench_mixed,0.00,0.00,0.0,0.000,0.002,63.003,11.631,0.00
1786345467,bench_mixed,0.00,0.00,0.0,0.000,0.002,63.003,11.628,0.00
1786345472,bench_mixed,0.00,0.00,0.0,0.000,0.002,63.003,11.629,0.00
1786345477,bench_mixed,0.00,0.00,0.0,0.000,0.002,63.003,11.627,0.00
1786345482,bench_mixed,0.00,0.00,0.0,0.000,0.002,63.003,11.612,0.03
1786345487,bench_mixed,0.00,0.00,0.0,0.000,0.002,63.003,11.610,0.03
1786345492,bench_mixed,0.00,0.00,0.0,0.000,0.002,63.003,11.610,0.00
1786345497,bench_mixed,0.00,0.00,0.0,0.000,0.002,63.003,11.613,0.00
1786345502,bench_mixed,0.00,0.00,0.0,0.000,0.002,63.003,11.612,0.00
1786345507,bench_mixed,0.00,0.00,0.0,0.000,0.002,63.003,11.615,0.00
1786345513,bench_mixed,0.00,0.00,0.0,0.000,0.002,63.003,11.615,0.00
1786345518,bench_mixed,0.00,0.00,0.0,0.000,0.002,63.003,11.617,0.00
1786345523,bench_mixed,0.00,0.00,0.0,0.000,0.002,63.003,11.617,0.00
1786345528,bench_mixed,0.00,0.00,0.0,0.000,0.002,63.003,11.619,0.00
1786345533,bench_mixed,0.00,0.00,0.0,0.000,0.002,63.003,11.619,0.00
1786345538,bench_mixed,0.00,0.00,0.0,0.000,0.002,63.003,11.620,0.00
1786345543,bench_mixed,0.00,0.00,0.0,0.000,0.002,63.003,11.620,0.00
1786345548,bench_mixed,0.00,0.00,0.0,0.000,0.002,63.003,11.622,0.00
1786345553,bench_mixed,0.00,0.00,0.0,0.000,0.002,63.003,11.622,0.00
1786345558,bench_mixed,0.00,0.00,0.0,0.000,0.002,63.003,11.627,0.00
1786345563,bench_mixed,0.00,0.00,0.0,0.000,0.002,63.003,11.627,0.00
1786345568,bench_mixed,0.00,0.00,0.0,0.000,0.002,63.003,11.629,0.00
1786345573,bench_mixed,0.00,0.00,0.0,0.000,0.002,63.003,11.628,0.00
1786345578,bench_mixed,0.00,0.00,0.0,0.000,0.002,63.003,11.630,0.00
1786345583,bench_mixed,0.00,0.00,0.0,0.000,0.002,63.003,11.630,0.00
1786345588,bench_mixed,0.00,0.00,0.0,0.000,0.002,63.003,11.631,0.00
1786345593,bench_mixed,0.00,0.00,0.0,0.000,0.002,63.003,11.630,0.00
1786345598,bench_mixed,0.00,0.00,0.0,0.000,0.002,63.003,11.633,0.00
1786345603,bench_mixed,0.00,0.00,0.0,0.000,0.002,63.003,11.632,0.00
1786345609,bench_mixed,0.00,0.00,0.0,0.000,0.002,63.003,11.633,0.00
1786345614,bench_mixed,0.00,0.00,0.0,0.000,0.002,63.003,11.632,0.00
1786345619,bench_mixed,0.00,0.00,0.0,0.000,0.002,63.003,11.631,0.00
1786345624,bench_mixed,0.00,0.00,0.0,0.000,0.002,63.003,11.630,0.00
1786345629,bench_mixed,0.00,0.00,0.0,0.000,0.002,63.003,11.631,0.00
1786345634,bench_mixed,0.00,0.00,0.0,0.000,0.002,63.003,11.631,0.00
1786345639,bench_mixed,0.00,0.00,0.0,0.000,0.002,63.003,11.631,0.00
1786345644,bench_mixed,0.00,0.00,0.0,0.000,0.002,63.003,11.631,0.00
1786345649,bench_mixed,0.00,0.00,0.0,0.000,0.002,63.003,11.629,0.00
1786345654,bench_mixed,0.00,0.00,0.0,0.000,0.002,63.003,11.629,0.00
1786345659,bench_mixed,0.00,0.00,0.0,0.000,0.002,63.003,11.629,0.00
1786345664,bench_mixed,0.00,0.00,0.0,0.000,0.002,63.003,11.629,0.00
1786345669,bench_mixed,0.00,0.00,0.0,0.000,0.002,63.003,11.630,0.00
1786345674,bench_mixed,0.00,0.00,0.0,0.000,0.002,63.003,11.631,0.00
1786345679,bench_mixed,0.00,0.00,0.0,0.000,0.002,63.003,11.629,0.00
1786345684,bench_mixed,0.00,0.00,0.0,0.000,0.002,63.003,11.629,0.00
1786345689,bench_mixed,0.00,0.00,0.0,0.000,0.002,63.003,11.629,0.00
1786345694,bench_mixed,0.00,0.00,0.0,0.000,0.002,63.003,11.629,0.00
1786345699,bench_mixed,0.00,0.00,0.0,0.000,0.002,63.003,11.630,0.00
1786345705,bench_mixed,0.00,0.00,0.0,0.000,0.002,63.003,11.630,0.00
1786345710,bench_mixed,0.00,0.00,0.0,0.000,0.002,63.003,11.631,0.00
1786345715,bench_mixed,0.00,0.00,0.0,0.000,0.002,63.003,11.631,0.00
1786345720,bench_mixed,0.00,0.00,0.0,0.000,0.002,63.003,11.631,0.00
1786345725,bench_mixed,0.00,0.00,0.0,0.000,0.002,63.003,11.630,0.00
1786345730,bench_mixed,0.00,0.00,0.0,0.000,0.002,63.003,11.631,0.00
1786345735,bench_mixed,0.00,0.00,0.0,0.000,0.002,63.003,11.631,0.00
1786345740,bench_mixed,0.00,0.00,0.0,0.000,0.002,63.003,11.632,0.00
1786345745,bench_mixed,0.00,0.00,0.0,0.000,0.002,63.003,11.631,0.00
1786345750,bench_mixed,0.00,0.00,0.0,0.000,0.002,63.003,11.633,0.00
1786345755,bench_mixed,0.00,0.00,0.0,0.000,0.002,63.003,11.632,0.00
1786345760,bench_mixed,0.00,0.00,0.0,0.000,0.002,63.003,11.630,0.00
1786345765,bench_mixed,0.00,0.00,0.0,0.000,0.002,63.003,11.631,0.00
1786345770,bench_mixed,0.00,0.00,0.0,0.000,0.002,63.003,11.631,0.00
1786345775,bench_mixed,0.00,0.00,0.0,0.000,0.002,63.003,11.631,0.00
1786345780,bench_mixed,0.00,0.00,0.0,0.000,0.002,63.003,11.632,0.00
1786345785,bench_mixed,0.00,0.00,0.0,0.000,0.002,63.003,11.609,0.06
1786345790,bench_mixed,0.00,0.00,0.0,0.000,0.002,63.003,11.603,0.00
1786345796,bench_mixed,0.00,0.00,0.0,0.000,0.002,63.003,11.612,0.00
1786345801,bench_mixed,0.00,0.00,0.0,0.000,0.002,63.003,11.612,0.00
1786345806,bench_mixed,0.00,0.00,0.0,0.000,0.002,63.003,11.614,0.00
1786345811,bench_mixed,0.00,0.00,0.0,0.000,0.002,63.003,11.614,0.00
1786345816,bench_mixed,0.00,0.00,0.0,0.000,0.002,63.003,11.615,0.00
1786345821,bench_mixed,0.00,0.00,0.0,0.000,0.002,63.003,11.615,0.00
1786345826,bench_mixed,0.00,0.00,0.0,0.000,0.002,63.003,11.615,0.00
1786345831,bench_mixed,0.00,0.00,0.0,0.000,0.002,63.003,11.615,0.00
1786345836,bench_mixed,0.00,0.00,0.0,0.000,0.002,63.003,11.615,0.00
1786345841,bench_mixed,0.00,0.00,0.0,0.000,0.002,63.003,11.615,0.00
1786345846,bench_mixed,0.00,0.00,0.0,0.000,0.002,63.003,11.617,0.00
1786345851,bench_mixed,0.00,0.00,0.0,0.000,0.002,63.003,11.617,0.00
1786345856,bench_mixed,0.00,0.00,0.0,0.000,0.002,63.003,11.615,0.00
1786345861,bench_mixed,0.00,0.00,0.0,0.000,0.002,63.003,11.615,0.00
1786345866,bench_mixed,0.00,0.00,0.0,0.000,0.002,63.003,11.615,0.00
1786345871,bench_mixed,0.00,0.00,0.0,0.000,0.002,63.003,11.615,0.00
1786345876,bench_mixed,0.00,0.00,0.0,0.000,0.002,63.003,11.617,0.00
1786345881,bench_mixed,0.00,0.00,0.0,0.000,0.002,63.003,11.617,0.00
1786345886,bench_mixed,0.00,0.00,0.0,0.000,0.002,63.003,11.617,0.00
1786345892,bench_mixed,0.00,0.00,0.0,0.000,0.002,63.003,11.617,0.00
1786345897,bench_mixed,0.00,0.00,0.0,0.000,0.002,63.003,11.617,0.00
1786345902,bench_mixed,0.00,0.00,0.0,0.000,0.002,63.003,11.618,0.00
1786345907,bench_mixed,0.00,0.00,0.0,0.000,0.002,63.003,11.620,0.00
1786345912,bench_mixed,0.00,0.00,0.0,0.000,0.002,63.003,11.619,0.00
1786345917,bench_mixed,0.00,0.00,0.0,0.000,0.002,63.003,11.620,0.00
1786345922,bench_mixed,0.00,0.00,0.0,0.000,0.002,63.003,11.619,0.00
1786345927,bench_mixed,0.00,0.00,0.0,0.000,0.002,63.003,11.621,0.00
1786345932,bench_mixed,0.00,0.00,0.0,0.000,0.002,63.003,11.619,0.00
1786345937,bench_mixed,0.00,0.00,0.0,0.000,0.002,63.003,11.622,0.00
1786345942,bench_mixed,0.00,0.00,0.0,0.000,0.002,63.003,11.622,0.00
1786345947,bench_mixed,0.00,0.00,0.0,0.000,0.002,63.003,11.624,0.00
1786345952,bench_mixed,0.00,0.00,0.0,0.000,0.002,63.003,11.624,0.00
1786345957,bench_mixed,0.00,0.00,0.0,0.000,0.002,63.003,11.624,0.00
1786345962,bench_mixed,0.00,0.00,0.0,0.000,0.002,63.003,11.624,0.00
1786345967,bench_mixed,0.00,0.00,0.0,0.000,0.002,63.003,11.625,0.00
1786345972,bench_mixed,0.00,0.00,0.0,0.000,0.002,63.003,11.625,0.00
1786345977,bench_mixed,0.00,0.00,0.0,0.000,0.002,63.003,11.625,0.00
1786345982,bench_mixed,0.00,0.00,0.0,0.000,0.002,63.003,11.625,0.00
1786345988,bench_mixed,0.00,0.00,0.0,0.000,0.002,63.003,11.625,0.00
1786345993,bench_mixed,0.00,0.00,0.0,0.000,0.002,63.003,11.625,0.00
1786345998,bench_mixed,0.00,0.00,0.0,0.000,0.002,63.003,11.623,0.00
1786346003,bench_mixed,0.00,0.00,0.0,0.000,0.002,63.003,11.624,0.00
1786346008,bench_mixed,0.00,0.00,0.0,0.000,0.002,63.003,11.621,0.00
1786346013,bench_mixed,0.00,0.00,0.0,0.000,0.002,63.003,11.621,0.00
1786346018,bench_mixed,0.00,0.00,0.0,0.000,0.002,63.003,11.619,0.00
1786346023,bench_mixed,0.00,0.00,0.0,0.000,0.002,63.003,11.619,0.00
1786346028,bench_mixed,0.00,0.00,0.0,0.000,0.002,63.003,11.619,0.00
1786346033,bench_mixed,0.00,0.00,0.0,0.000,0.002,63.003,11.618,0.00
1786346038,bench_mixed,0.00,0.00,0.0,0.000,0.002,63.003,11.620,0.00
1786346043,bench_mixed,0.00,0.00,0.0,0.000,0.002,63.003,11.621,0.00
1786346048,bench_mixed,0.00,0.00,0.0,0.000,0.002,63.003,11.621,0.00
1786346053,bench_mixed,0.00,0.00,0.0,0.000,0.002,63.003,11.620,0.00
1786346058,bench_mixed,0.00,0.00,0.0,0.000,0.002,63.003,11.621,0.00
1786346063,bench_mixed,0.00,0.00,0.0,0.000,0.002,63.003,11.620,0.00
1786346068,bench_mixed,0.00,0.00,0.0,0.000,0.002,63.003,11.621,0.00
1786346073,bench_mixed,0.00,0.00,0.0,0.000,0.002,63.003,11.621,0.00
1786346078,bench_mixed,0.00,0.00,0.0,0.000,0.002,63.003,11.621,0.00
1786346084,bench_mixed,0.00,0.00,0.0,0.000,0.002,63.003,11.604,0.05
1786346089,bench_mixed,0.00,0.00,0.0,0.000,0.002,63.003,11.606,0.01
1786346094,bench_mixed,0.00,0.00,0.0,0.000,0.002,63.003,11.607,0.00
1786346099,bench_mixed,0.00,0.00,0.0,0.000,0.002,63.003,11.611,0.00
1786346104,bench_mixed,0.00,0.00,0.0,0.000,0.002,63.003,11.610,0.00
1786346109,bench_mixed,0.00,0.00,0.0,0.000,0.002,63.003,11.612,0.00
1786346114,bench_mixed,0.00,0.00,0.0,0.000,0.002,63.003,11.612,0.00
1786346119,bench_mixed,0.00,0.00,0.0,0.000,0.002,63.003,11.613,0.00
1786346124,bench_mixed,0.00,0.00,0.0,0.000,0.002,63.003,11.614,0.00
1786346129,bench_mixed,0.00,0.00,0.0,0.000,0.002,63.003,11.615,0.00
1786346134,bench_mixed,0.00,0.00,0.0,0.000,0.002,63.003,11.615,0.00
1786346139,bench_mixed,0.00,0.00,0.0,0.000,0.002,63.003,11.615,0.00
1786346144,bench_mixed,0.00,0.00,0.0,0.000,0.002,63.003,11.615,0.00
1786346149,bench_mixed,0.00,0.00,0.0,0.000,0.002,63.003,11.608,0.00
1786346154,bench_mixed,0.00,0.00,0.0,0.000,0.002,63.003,11.616,0.00
1786346159,bench_mixed,0.00,0.00,0.0,0.000,0.002,63.003,11.616,0.00
1786346164,bench_mixed,0.00,0.00,0.0,0.000,0.002,63.003,11.619,0.00
1786346169,bench_mixed,0.00,0.00,0.0,0.000,0.002,63.003,11.619,0.00
1786346174,bench_mixed,0.00,0.00,0.0,0.000,0.002,63.003,11.621,0.00
1786346180,bench_mixed,0.00,0.00,0.0,0.000,0.002,63.003,11.621,0.00
1786346185,bench_mixed,0.00,0.00,0.0,0.000,0.002,63.003,11.620,0.00
1786346190,bench_mixed,0.00,0.00,0.0,0.000,0.002,63.003,11.620,0.00
1786346195,bench_mixed,0.00,0.00,0.0,0.000,0.002,63.003,11.618,0.00
1786346200,bench_mixed,0.00,0.00,0.0,0.000,0.002,63.003,11.618,0.00
1786346205,bench_mixed,0.00,0.00,0.0,0.000,0.002,63.003,11.618,0.00
1786346210,bench_mixed,0.00,0.00,0.0,0.000,0.002,63.003,11.617,0.00
1786346215,bench_mixed,0.00,0.00,0.0,0.000,0.002,63.003,11.619,0.00
1786346220,bench_mixed,0.00,0.00,0.0,0.000,0.002,63.003,11.619,0.00
1786346225,bench_mixed,0.00,0.00,0.0,0.000,0.002,63.003,11.618,0.00
1786346230,bench_mixed,0.00,0.00,0.0,0.000,0.002,63.003,11.617,0.00
1786346235,bench_mixed,0.00,0.00,0.0,0.000,0.002,63.003,11.615,0.00
1786346240,bench_mixed,0.00,0.00,0.0,0.000,0.002,63.003,11.615,0.00
1786346245,bench_mixed,0.00,0.00,0.0,0.000,0.002,63.003,11.615,0.00
1786346250,bench_mixed,0.00,0.00,0.0,0.000,0.002,63.003,11.616,0.00
1786346255,bench_mixed,0.00,0.00,0.0,0.000,0.002,63.003,11.618,0.00
1786346260,bench_mixed,0.00,0.00,0.0,0.000,0.002,63.003,11.618,0.00
1786346265,bench_mixed,0.00,0.00,0.0,0.000,0.002,63.003,11.621,0.00
1786346271,bench_mixed,0.00,0.00,0.0,0.000,0.002,63.003,11.621,0.00
1786346276,bench_mixed,0.00,0.00,0.0,0.000,0.002,63.003,11.623,0.00
1786346281,bench_mixed,0.00,0.00,0.0,0.000,0.002,63.003,11.623,0.00
1786346286,bench_mixed,0.00,0.00,0.0,0.000,0.002,63.003,11.624,0.00
1786346291,bench_mixed,0.00,0.00,0.0,0.000,0.002,63.003,11.624,0.00
1786346296,bench_mixed,0.00,0.00,0.0,0.000,0.002,63.003,11.625,0.00
1786346301,bench_mixed,0.00,0.00,0.0,0.000,0.002,63.003,11.624,0.00
1786346306,bench_mixed,0.00,0.00,0.0,0.000,0.002,63.003,11.622,0.00
1786346311,bench_mixed,0.00,0.00,0.0,0.000,0.002,63.003,11.622,0.00
1786346316,bench_mixed,0.00,0.00,0.0,0.000,0.002,63.003,11.624,0.00
1786346321,bench_mixed,0.00,0.00,0.0,0.000,0.002,63.003,11.624,0.00
1786346326,bench_mixed,0.00,0.00,0.0,0.000,0.002,63.003,11.623,0.00
1786346331,bench_mixed,0.00,0.00,0.0,0.000,0.002,63.003,11.623,0.00
1786346336,bench_mixed,0.00,0.00,0.0,0.000,0.002,63.003,11.624,0.00
1786346341,bench_mixed,0.00,0.00,0.0,0.000,0.002,63.003,11.623,0.00
1786346346,bench_mixed,0.00,0.00,0.0,0.000,0.002,63.003,11.624,0.00
1786346351,bench_mixed,0.00,0.00,0.0,0.000,0.002,63.003,11.624,0.00
1786346356,bench_mixed,0.00,0.00,0.0,0.000,0.002,63.003,11.625,0.00
1786346361,bench_mixed,0.00,0.00,0.0,0.000,0.002,63.003,11.624,0.00
1786346367,bench_mixed,0.00,0.00,0.0,0.000,0.002,63.003,11.625,0.00
1786346372,bench_mixed,0.00,0.00,0.0,0.000,0.002,63.003,11.626,0.00
1786346377,bench_mixed,0.00,0.00,0.0,0.000,0.002,63.003,11.625,0.00
1786346382,bench_mixed,0.00,0.00,0.0,0.000,0.002,63.003,11.625,0.00
1786346387,bench_mixed,0.00,0.00,0.0,0.000,0.002,63.003,11.614,0.06
1786346392,bench_mixed,0.00,0.00,0.0,0.000,0.002,63.003,11.614,0.00
1786346397,bench_mixed,0.00,0.00,0.0,0.000,0.002,63.003,11.615,0.00
1786346402,bench_mixed,0.00,0.00,0.0,0.000,0.002,63.003,11.615,0.00
1786346407,bench_mixed,0.00,0.00,0.0,0.000,0.002,63.003,11.619,0.00
1786346412,bench_mixed,0.00,0.00,0.0,0.000,0.002,63.003,11.619,0.00
1786346417,bench_mixed,0.00,0.00,0.0,0.000,0.002,63.003,11.621,0.00
1786346422,bench_mixed,0.00,0.00,0.0,0.000,0.002,63.003,11.621,0.00
1786346427,bench_mixed,0.00,0.00,0.0,0.000,0.002,63.003,11.620,0.00
1786346432,bench_mixed,0.00,0.00,0.0,0.000,0.002,63.003,11.619,0.00
1786346437,bench_mixed,0.00,0.00,0.0,0.000,0.002,63.003,11.621,0.00
1786346442,bench_mixed,0.00,0.00,0.0,0.000,0.002,63.003,11.621,0.00
1786346447,bench_mixed,0.00,0.00,0.0,0.000,0.002,63.003,11.621,0.00
1786346452,bench_mixed,0.00,0.00,0.0,0.000,0.002,63.003,11.621,0.00
1786346457,bench_mixed,0.00,0.00,0.0,0.000,0.002,63.003,11.624,0.00
1786346463,bench_mixed,0.00,0.00,0.0,0.000,0.002,63.003,11.624,0.00
1786346468,bench_mixed,0.00,0.00,0.0,0.000,0.002,63.003,11.626,0.00
1786346473,bench_mixed,0.00,0.00,0.0,0.000,0.002,63.003,11.626,0.00
1786346478,bench_mixed,0.00,0.00,0.0,0.000,0.002,63.003,11.626,0.00
1786346483,bench_mixed,0.00,0.00,0.0,0.000,0.002,63.003,11.626,0.00
1786346488,bench_mixed,0.00,0.00,0.0,0.000,0.002,63.003,11.627,0.00
1786346493,bench_mixed,0.00,0.00,0.0,0.000,0.002,63.003,11.626,0.00
1786346498,bench_mixed,0.00,0.00,0.0,0.000,0.002,63.003,11.627,0.00
1786346503,bench_mixed,0.00,0.00,0.0,0.000,0.002,63.003,11.626,0.00
1786346508,bench_mixed,0.00,0.00,0.0,0.000,0.002,63.003,11.631,0.00
1786346513,bench_mixed,0.00,0.00,0.0,0.000,0.002,63.003,11.630,0.00
1786346518,bench_mixed,0.00,0.00,0.0,0.000,0.002,63.003,11.630,0.00
1786346523,bench_mixed,0.00,0.00,0.0,0.000,0.002,63.003,11.630,0.00
1786346528,bench_mixed,0.00,0.00,0.0,0.000,0.002,63.003,11.629,0.00
1786346533,bench_mixed,0.00,0.00,0.0,0.000,0.002,63.003,11.628,0.00
1786346538,bench_mixed,0.00,0.00,0.0,0.000,0.002,63.003,11.628,0.00
1786346543,bench_mixed,0.00,0.00,0.0,0.000,0.002,63.003,11.628,0.00
1786346548,bench_mixed,0.00,0.00,0.0,0.000,0.002,63.003,11.628,0.00
1786346553,bench_mixed,0.00,0.00,0.0,0.000,0.002,63.003,11.628,0.00
1786346559,bench_mixed,0.00,0.00,0.0,0.000,0.002,63.003,11.629,0.00
1786346564,bench_mixed,0.00,0.00,0.0,0.000,0.002,63.003,11.629,0.00
1786346569,bench_mixed,0.00,0.00,0.0,0.000,0.002,63.003,11.630,0.00
1786346574,bench_mixed,0.00,0.00,0.0,0.000,0.002,63.003,11.631,0.00
1786346579,bench_mixed,0.00,0.00,0.0,0.000,0.002,63.003,11.631,0.00
1786346584,bench_mixed,0.00,0.00,0.0,0.000,0.002,63.003,11.631,0.00
1786346589,bench_mixed,0.00,0.00,0.0,0.000,0.002,63.003,11.631,0.00
1786346594,bench_mixed,0.00,0.00,0.0,0.000,0.002,63.003,11.631,0.00
1786346599,bench_mixed,0.00,0.00,0.0,0.000,0.002,63.003,11.631,0.00
1786346604,bench_mixed,0.00,0.00,0.0,0.000,0.002,63.003,11.631,0.00
1786346609,bench_mixed,0.00,0.00,0.0,0.000,0.002,63.003,11.630,0.00
1786346614,bench_mixed,0.00,0.00,0.0,0.000,0.002,63.003,11.630,0.00
1786346619,bench_mixed,0.00,0.00,0.0,0.000,0.002,63.003,11.629,0.00
1786346624,bench_mixed,0.00,0.00,0.0,0.000,0.002,63.003,11.631,0.00
1786346629,bench_mixed,0.00,0.00,0.0,0.000,0.002,63.003,11.631,0.00
1786346634,bench_mixed,0.00,0.00,0.0,0.000,0.002,63.003,11.628,0.00
1786346639,bench_mixed,0.00,0.00,0.0,0.000,0.002,63.003,11.629,0.00
1786346644,bench_mixed,0.00,0.00,0.0,0.000,0.002,63.003,11.629,0.00
1786346650,bench_mixed,0.00,0.00,0.0,0.000,0.002,63.003,11.628,0.00
1786346655,bench_mixed,0.00,0.00,0.0,0.000,0.002,63.003,11.629,0.00
1786346660,bench_mixed,0.00,0.00,0.0,0.000,0.002,63.003,11.628,0.00
1786346665,bench_mixed,0.00,0.00,0.0,0.000,0.002,63.003,11.629,0.00
1786346670,bench_mixed,0.00,0.00,0.0,0.000,0.002,63.003,11.629,0.00
1786346675,bench_mixed,0.00,0.00,0.0,0.000,0.002,63.003,11.629,0.00
1786346680,bench_mixed,0.00,0.00,0.0,0.000,0.002,63.003,11.628,0.00
1786346685,bench_mixed,0.00,0.00,0.0,0.000,0.002,63.003,11.613,0.06
1786346690,bench_mixed,0.00,0.00,0.0,0.000,0.002,63.003,11.613,0.00
1786346695,bench_mixed,0.00,0.00,0.0,0.000,0.002,63.003,11.614,0.00
1786346700,bench_mixed,0.00,0.00,0.0,0.000,0.002,63.003,11.614,0.00
1786346705,bench_mixed,0.00,0.00,0.0,0.000,0.002,63.003,11.615,0.00
1786346710,bench_mixed,0.00,0.00,0.0,0.000,0.002,63.003,11.615,0.00
1786346715,bench_mixed,0.00,0.00,0.0,0.000,0.002,63.003,11.616,0.00
1786346720,bench_mixed,0.00,0.00,0.0,0.000,0.002,63.003,11.616,0.00
1786346725,bench_mixed,0.00,0.00,0.0,0.000,0.002,63.003,11.618,0.00
1786346730,bench_mixed,0.00,0.00,0.0,0.000,0.002,63.003,11.618,0.00
1786346735,bench_mixed,0.00,0.00,0.0,0.000,0.002,63.003,11.621,0.00
1786346740,bench_mixed,0.00,0.00,0.0,0.000,0.002,63.003,11.620,0.00
1786346746,bench_mixed,0.00,0.00,0.0,0.000,0.002,63.003,11.622,0.00
1786346751,bench_mixed,0.00,0.00,0.0,0.000,0.002,63.003,11.621,0.00
1786346756,bench_mixed,0.00,0.00,0.0,0.000,0.002,63.003,11.622,0.00
1786346761,bench_mixed,0.00,0.00,0.0,0.000,0.002,63.003,11.622,0.00
1786346766,bench_mixed,0.00,0.00,0.0,0.000,0.002,63.003,11.620,0.00
1786346771,bench_mixed,0.00,0.00,0.0,0.000,0.002,63.003,11.620,0.00
1786346776,bench_mixed,0.00,0.00,0.0,0.000,0.002,63.003,11.622,0.00
1786346781,bench_mixed,0.00,0.00,0.0,0.000,0.002,63.003,11.622,0.00
1786346786,bench_mixed,0.00,0.00,0.0,0.000,0.002,63.003,11.621,0.00
1786346791,bench_mixed,0.00,0.00,0.0,0.000,0.002,63.003,11.621,0.00
1786346796,bench_mixed,0.00,0.00,0.0,0.000,0.002,63.003,11.622,0.00
1786346801,bench_mixed,0.00,0.00,0.0,0.000,0.002,63.003,11.622,0.00
1786346806,bench_mixed,0.00,0.00,0.0,0.000,0.002,63.003,11.626,0.00
1786346811,bench_mixed,0.00,0.00,0.0,0.000,0.002,63.003,11.626,0.00
1786346816,bench_mixed,0.00,0.00,0.0,0.000,0.002,63.003,11.628,0.00
1786346821,bench_mixed,0.00,0.00,0.0,0.000,0.002,63.003,11.627,0.00
1786346826,bench_mixed,0.00,0.00,0.0,0.000,0.002,63.003,11.625,0.00
1786346831,bench_mixed,0.00,0.00,0.0,0.000,0.002,63.003,11.624,0.00
1786346836,bench_mixed,0.00,0.00,0.0,0.000,0.002,63.003,11.624,0.00
1786346842,bench_mixed,0.00,0.00,0.0,0.000,0.002,63.003,11.624,0.00
1786346847,bench_mixed,0.00,0.00,0.0,0.000,0.002,63.003,11.627,0.00
1786346852,bench_mixed,0.00,0.00,0.0,0.000,0.002,63.003,11.626,0.00
1786346857,bench_mixed,0.00,0.00,0.0,0.000,0.002,63.003,11.627,0.00
1786346862,bench_mixed,0.00,0.00,0.0,0.000,0.002,63.003,11.627,0.00
1786346867,bench_mixed,0.00,0.00,0.0,0.000,0.002,63.003,11.629,0.00
1786346872,bench_mixed,0.00,0.00,0.0,0.000,0.002,63.003,11.629,0.00
1786346877,bench_mixed,0.00,0.00,0.0,0.000,0.002,63.003,11.628,0.00
1786346882,bench_mixed,0.00,0.00,0.0,0.000,0.002,63.003,11.628,0.00
1786346887,bench_mixed,0.00,0.00,0.0,0.000,0.002,63.003,11.628,0.00
1786346892,bench_mixed,0.00,0.00,0.0,0.000,0.002,63.003,11.628,0.00
1786346897,bench_mixed,0.00,0.00,0.0,0.000,0.002,63.003,11.628,0.00
1786346902,bench_mixed,0.00,0.00,0.0,0.000,0.002,63.003,11.629,0.00
1786346907,bench_mixed,0.00,0.00,0.0,0.000,0.002,63.003,11.629,0.00
1786346912,bench_mixed,0.00,0.00,0.0,0.000,0.002,63.003,11.629,0.00
1786346917,bench_mixed,0.00,0.00,0.0,0.000,0.002,63.003,11.628,0.00
1786346922,bench_mixed,0.00,0.00,0.0,0.000,0.002,63.003,11.628,0.00
1786346927,bench_mixed,0.00,0.00,0.0,0.000,0.002,63.003,11.628,0.00
1786346932,bench_mixed,0.00,0.00,0.0,0.000,0.002,63.003,11.629,0.00
1786346938,bench_mixed,0.00,0.00,0.0,0.000,0.002,63.003,11.629,0.00
1786346943,bench_mixed,0.00,0.00,0.0,0.000,0.002,63.003,11.629,0.00
1786346948,bench_mixed,0.00,0.00,0.0,0.000,0.002,63.003,11.628,0.00
1786346953,bench_mixed,0.00,0.00,0.0,0.000,0.002,63.003,11.625,0.00
1786346958,bench_mixed,0.00,0.00,0.0,0.000,0.002,63.003,11.624,0.00
1786346963,bench_mixed,0.00,0.00,0.0,0.000,0.002,63.003,11.626,0.00
1786346968,bench_mixed,0.00,0.00,0.0,0.000,0.002,63.003,11.625,0.00
1786346973,bench_mixed,0.00,0.00,0.0,0.000,0.002,63.003,11.624,0.00
1786346978,bench_mixed,0.00,0.00,0.0,0.000,0.002,63.003,11.624,0.00
1786346983,bench_mixed,0.00,0.00,0.0,0.000,0.002,63.003,11.610,0.04
1786346988,bench_mixed,0.00,0.00,0.0,0.000,0.002,63.003,11.608,0.02
1786346993,bench_mixed,0.00,0.00,0.0,0.000,0.002,63.003,11.612,0.00
1786346998,bench_mixed,0.00,0.00,0.0,0.000,0.002,63.003,11.612,0.00
1786347003,bench_mixed,0.00,0.00,0.0,0.000,0.002,63.003,11.613,0.00
1786347008,bench_mixed,0.00,0.00,0.0,0.000,0.002,63.003,11.613,0.00
1786347013,bench_mixed,0.00,0.00,0.0,0.000,0.002,63.003,11.613,0.00
1786347018,bench_mixed,0.00,0.00,0.0,0.000,0.002,63.003,11.611,0.00
1786347023,bench_mixed,0.00,0.00,0.0,0.000,0.002,63.003,11.613,0.00
1786347028,bench_mixed,0.00,0.00,0.0,0.000,0.002,63.003,11.612,0.00
1786347034,bench_mixed,0.00,0.00,0.0,0.000,0.002,63.003,11.614,0.00
1786347039,bench_mixed,0.00,0.00,0.0,0.000,0.002,63.003,11.614,0.00
1786347044,bench_mixed,0.00,0.00,0.0,0.000,0.002,63.003,11.618,0.00
1786347049,bench_mixed,0.00,0.00,0.0,0.000,0.002,63.003,11.617,0.00
1786347054,bench_mixed,0.00,0.00,0.0,0.000,0.002,63.003,11.619,0.00
1786347059,bench_mixed,0.00,0.00,0.0,0.000,0.002,63.003,11.618,0.00
1786347064,bench_mixed,0.00,0.00,0.0,0.000,0.002,63.003,11.621,0.00
1786347069,bench_mixed,0.00,0.00,0.0,0.000,0.002,63.003,11.621,0.00
1786347074,bench_mixed,0.00,0.00,0.0,0.000,0.002,63.003,11.624,0.00
1786347079,bench_mixed,0.00,0.00,0.0,0.000,0.002,63.003,11.623,0.00
1786347084,bench_mixed,0.00,0.00,0.0,0.000,0.002,63.003,11.625,0.00
1786347089,bench_mixed,0.00,0.00,0.0,0.000,0.002,63.003,11.624,0.00
1786347094,bench_mixed,0.00,0.00,0.0,0.000,0.002,63.003,11.624,0.00
1786347099,bench_mixed,0.00,0.00,0.0,0.000,0.002,63.003,11.625,0.00
1786347104,bench_mixed,0.00,0.00,0.0,0.000,0.002,63.003,11.627,0.00
1786347109,bench_mixed,0.00,0.00,0.0,0.000,0.002,63.003,11.627,0.00
1786347114,bench_mixed,0.00,0.00,0.0,0.000,0.002,63.003,11.627,0.00
1786347119,bench_mixed,0.00,0.00,0.0,0.000,0.002,63.003,11.626,0.00
1786347124,bench_mixed,0.00,0.00,0.0,0.000,0.002,63.003,11.626,0.00
1786347130,bench_mixed,0.00,0.00,0.0,0.000,0.002,63.003,11.625,0.00
1786347135,bench_mixed,0.00,0.00,0.0,0.000,0.002,63.003,11.624,0.00
1786347140,bench_mixed,0.00,0.00,0.0,0.000,0.002,63.003,11.625,0.00
1786347145,bench_mixed,0.00,0.00,0.0,0.000,0.002,63.003,11.621,0.00
1786347150,bench_mixed,0.00,0.00,0.0,0.000,0.002,63.003,11.621,0.00
1786347155,bench_mixed,0.00,0.00,0.0,0.000,0.002,63.003,11.617,0.00
1786347160,bench_mixed,0.00,0.00,0.0,0.000,0.002,63.003,11.617,0.00
1786347165,bench_mixed,0.00,0.00,0.0,0.000,0.002,63.003,11.618,0.00
1786347170,bench_mixed,0.00,0.00,0.0,0.000,0.002,63.003,11.618,0.00
1786347175,bench_mixed,0.00,0.00,0.0,0.000,0.002,63.003,11.620,0.00
1786347180,bench_mixed,0.00,0.00,0.0,0.000,0.002,63.003,11.619,0.00
1786347185,bench_mixed,0.00,0.00,0.0,0.000,0.002,63.003,11.620,0.00
1786347190,bench_mixed,0.00,0.00,0.0,0.000,0.002,63.003,11.620,0.00
1786347195,bench_mixed,0.00,0.00,0.0,0.000,0.002,63.003,11.621,0.00
1786347200,bench_mixed,0.00,0.00,0.0,0.000,0.002,63.003,11.621,0.00
1786347205,bench_mixed,0.00,0.00,0.0,0.000,0.002,63.003,11.620,0.00
1786347210,bench_mixed,0.00,0.00,0.0,0.000,0.002,63.003,11.620,0.00
1786347215,bench_mixed,0.00,0.00,0.0,0.000,0.002,63.003,11.622,0.00
1786347220,bench_mixed,0.00,0.00,0.0,0.000,0.002,63.003,11.620,0.00
1786347226,bench_mixed,0.00,0.00,0.0,0.000,0.002,63.003,11.620,0.00
1786347231,bench_mixed,0.00,0.00,0.0,0.000,0.002,63.003,11.619,0.00
1786347236,bench_mixed,0.00,0.00,0.0,0.000,0.002,63.003,11.619,0.00
1786347241,bench_mixed,0.00,0.00,0.0,0.000,0.002,63.003,11.621,0.00
1786347246,bench_mixed,0.00,0.00,0.0,0.000,0.002,63.003,11.621,0.00
1786347251,bench_mixed,0.00,0.00,0.0,0.000,0.002,63.003,11.622,0.00
1786347256,bench_mixed,0.00,0.00,0.0,0.000,0.002,63.003,11.621,0.00
1786347261,bench_mixed,0.00,0.00,0.0,0.000,0.002,63.003,11.622,0.00
1786347266,bench_mixed,0.00,0.00,0.0,0.000,0.002,63.003,11.622,0.00
1786347271,bench_mixed,0.00,0.00,0.0,0.000,0.002,63.003,11.624,0.00
1786347276,bench_mixed,0.00,0.00,0.0,0.000,0.002,63.003,11.624,0.00
1786347281,bench_mixed,0.00,0.00,0.0,0.000,0.002,63.003,11.625,0.00
1786347286,bench_mixed,0.00,0.00,0.0,0.000,0.002,63.003,11.606,0.06
1786347291,bench_mixed,0.00,0.00,0.0,0.000,0.002,63.003,11.607,0.00
1786347296,bench_mixed,0.00,0.00,0.0,0.000,0.002,63.003,11.603,0.00
1786347301,bench_mixed,0.00,0.00,0.0,0.000,0.002,63.003,11.604,0.00
1786347306,bench_mixed,0.00,0.00,0.0,0.000,0.002,63.003,11.604,0.00
1786347311,bench_mixed,0.00,0.00,0.0,0.000,0.002,63.003,11.606,0.00
1786347317,bench_mixed,0.00,0.00,0.0,0.000,0.002,63.003,11.606,0.00
1786347322,bench_mixed,0.00,0.00,0.0,0.000,0.002,63.003,11.608,0.00
1786347327,bench_mixed,0.00,0.00,0.0,0.000,0.002,63.003,11.569,0.00
1786347332,bench_mixed,0.00,0.00,0.0,0.000,0.002,63.003,11.537,0.00
1786347337,bench_mixed,0.00,0.00,0.0,0.000,0.002,63.003,11.528,0.00
1786347342,bench_mixed,0.00,0.00,0.0,0.000,0.002,63.003,11.455,0.00
1786347347,bench_mixed,0.00,0.00,0.0,0.000,0.002,63.003,11.427,0.00
1786347352,bench_mixed,0.00,0.00,0.0,0.000,0.002,63.003,11.533,0.00
1786347357,bench_mixed,0.00,0.00,0.0,0.000,0.002,63.003,11.546,0.00
1786347362,bench_mixed,0.00,0.00,0.0,0.000,0.002,63.003,11.551,0.00
1786347367,bench_mixed,0.00,0.00,0.0,0.000,0.002,63.003,11.551,0.00
1786347372,bench_mixed,0.00,0.00,0.0,0.000,0.002,63.003,11.554,0.00
1786347377,bench_mixed,0.00,0.00,0.0,0.000,0.002,63.003,11.554,0.00
1786347382,bench_mixed,0.00,0.00,0.0,0.000,0.002,63.003,11.554,0.00
1786347387,bench_mixed,0.00,0.00,0.0,0.000,0.002,63.003,11.554,0.00
1786347392,bench_mixed,0.00,0.00,0.0,0.000,0.002,63.003,11.558,0.00
1786347397,bench_mixed,0.00,0.00,0.0,0.000,0.002,63.003,11.558,0.00
1786347402,bench_mixed,0.00,0.00,0.0,0.000,0.002,63.003,11.560,0.00
1786347407,bench_mixed,0.00,0.00,0.0,0.000,0.002,63.003,11.559,0.00
1786347413,bench_mixed,0.00,0.00,0.0,0.000,0.002,63.003,11.561,0.00
1786347418,bench_mixed,0.00,0.00,0.0,0.000,0.002,63.003,11.562,0.00
1786347423,bench_mixed,0.00,0.00,0.0,0.000,0.002,63.003,11.562,0.00
1786347428,bench_mixed,0.00,0.00,0.0,0.000,0.002,63.003,11.563,0.00
1786347433,bench_mixed,0.00,0.00,0.0,0.000,0.002,63.003,11.564,0.00
1786347438,bench_mixed,0.00,0.00,0.0,0.000,0.002,63.003,11.564,0.00
1786347443,bench_mixed,0.00,0.00,0.0,0.000,0.002,63.003,11.565,0.00
1786347448,bench_mixed,0.00,0.00,0.0,0.000,0.002,63.003,11.564,0.00
1786347453,bench_mixed,0.00,0.00,0.0,0.000,0.002,63.003,11.563,0.00
1786347458,bench_mixed,0.00,0.00,0.0,0.000,0.002,63.003,11.562,0.00
1786347463,bench_mixed,0.00,0.00,0.0,0.000,0.002,63.003,11.564,0.00
1786347468,bench_mixed,0.00,0.00,0.0,0.000,0.002,63.003,11.563,0.00
1786347473,bench_mixed,0.00,0.00,0.0,0.000,0.002,63.003,11.565,0.00
1786347478,bench_mixed,0.00,0.00,0.0,0.000,0.002,63.003,11.565,0.00
1786347483,bench_mixed,0.00,0.00,0.0,0.000,0.002,63.003,11.567,0.00
1786347488,bench_mixed,0.00,0.00,0.0,0.000,0.002,63.003,11.567,0.00
1786347493,bench_mixed,0.00,0.00,0.0,0.000,0.002,63.003,11.567,0.00
1786347498,bench_mixed,0.00,0.00,0.0,0.000,0.002,63.003,11.567,0.00
1786347503,bench_mixed,0.00,0.00,0.0,0.000,0.002,63.003,11.567,0.00
1786347509,bench_mixed,0.00,0.00,0.0,0.000,0.002,63.003,11.567,0.00
1786347514,bench_mixed,0.00,0.00,0.0,0.000,0.002,63.003,11.568,0.00
1786347519,bench_mixed,0.00,0.00,0.0,0.000,0.002,63.003,11.569,0.00
1786347524,bench_mixed,0.00,0.00,0.0,0.000,0.002,63.003,11.570,0.00
1786347529,bench_mixed,0.00,0.00,0.0,0.000,0.002,63.003,11.571,0.00
1786347534,bench_mixed,0.00,0.00,0.0,0.000,0.002,63.003,11.569,0.00
1786347539,bench_mixed,0.00,0.00,0.0,0.000,0.002,63.003,11.569,0.00
1786347544,bench_mixed,0.00,0.00,0.0,0.000,0.002,63.003,11.571,0.00
1786347549,bench_mixed,0.00,0.00,0.0,0.000,0.002,63.003,11.570,0.00
1786347554,bench_mixed,0.00,0.00,0.0,0.000,0.002,63.003,11.572,0.00
1786347559,bench_mixed,0.00,0.00,0.0,0.000,0.002,63.003,11.571,0.00
1786347564,bench_mixed,0.00,0.00,0.0,0.000,0.002,63.003,11.573,0.00
1786347569,bench_mixed,0.00,0.00,0.0,0.000,0.002,63.003,11.573,0.00
1786347574,bench_mixed,0.00,0.00,0.0,0.000,0.002,63.003,11.572,0.00
1786347579,bench_mixed,0.00,0.00,0.0,0.000,0.002,63.003,11.572,0.00
1786347584,bench_mixed,0.00,0.00,0.0,0.000,0.002,63.003,11.554,0.05
1786347589,bench_mixed,0.00,0.00,0.0,0.000,0.002,63.003,11.553,0.01
1786347594,bench_mixed,0.00,0.00,0.0,0.000,0.002,63.003,11.554,0.00
1786347599,bench_mixed,0.00,0.00,0.0,0.000,0.002,63.003,11.554,0.00
1786347605,bench_mixed,0.00,0.00,0.0,0.000,0.002,63.003,11.556,0.00
1786347610,bench_mixed,0.00,0.00,0.0,0.000,0.002,63.003,11.556,0.00
1786347615,bench_mixed,0.00,0.00,0.0,0.000,0.002,63.003,11.556,0.00
1786347620,bench_mixed,0.00,0.00,0.0,0.000,0.002,63.003,11.556,0.00
1786347625,bench_mixed,0.00,0.00,0.0,0.000,0.002,63.003,11.555,0.00
1786347630,bench_mixed,0.00,0.00,0.0,0.000,0.002,63.003,11.558,0.00
1786347635,bench_mixed,0.00,0.00,0.0,0.000,0.002,63.003,11.557,0.00
1786347640,bench_mixed,0.00,0.00,0.0,0.000,0.002,63.003,11.559,0.00
1786347645,bench_mixed,0.00,0.00,0.0,0.000,0.002,63.003,11.559,0.00
1786347650,bench_mixed,0.00,0.00,0.0,0.000,0.002,63.003,11.560,0.00
1786347655,bench_mixed,0.00,0.00,0.0,0.000,0.002,63.003,11.560,0.00
1786347660,bench_mixed,0.00,0.00,0.0,0.000,0.002,63.003,11.562,0.00
1786347665,bench_mixed,0.00,0.00,0.0,0.000,0.002,63.003,11.562,0.00
1786347670,bench_mixed,0.00,0.00,0.0,0.000,0.002,63.003,11.564,0.00
1786347675,bench_mixed,0.00,0.00,0.0,0.000,0.002,63.003,11.564,0.00
1786347680,bench_mixed,0.00,0.00,0.0,0.000,0.002,63.003,11.566,0.00
1786347685,bench_mixed,0.00,0.00,0.0,0.000,0.002,63.003,11.567,0.00
1786347690,bench_mixed,0.00,0.00,0.0,0.000,0.002,63.003,11.568,0.00
1786347695,bench_mixed,0.00,0.00,0.0,0.000,0.002,63.003,11.567,0.00
1786347701,bench_mixed,0.00,0.00,0.0,0.000,0.002,63.003,11.566,0.00
1786347706,bench_mixed,0.00,0.00,0.0,0.000,0.002,63.003,11.566,0.00
1786347711,bench_mixed,0.00,0.00,0.0,0.000,0.002,63.003,11.566,0.00
1786347716,bench_mixed,0.00,0.00,0.0,0.000,0.002,63.003,11.565,0.00
1786347721,bench_mixed,0.00,0.00,0.0,0.000,0.002,63.003,11.566,0.00
1786347726,bench_mixed,0.00,0.00,0.0,0.000,0.002,63.003,11.566,0.00
1786347731,bench_mixed,0.00,0.00,0.0,0.000,0.002,63.003,11.566,0.00
1786347736,bench_mixed,0.00,0.00,0.0,0.000,0.002,63.003,11.565,0.00
1786347741,bench_mixed,0.00,0.00,0.0,0.000,0.002,63.003,11.565,0.00
1786347746,bench_mixed,0.00,0.00,0.0,0.000,0.002,63.003,11.564,0.00
1786347751,bench_mixed,0.00,0.00,0.0,0.000,0.002,63.003,11.567,0.00
1786347756,bench_mixed,0.00,0.00,0.0,0.000,0.002,63.003,11.568,0.00
1786347761,bench_mixed,0.00,0.00,0.0,0.000,0.002,63.003,11.569,0.00
1786347766,bench_mixed,0.00,0.00,0.0,0.000,0.002,63.003,11.568,0.00
1786347771,bench_mixed,0.00,0.00,0.0,0.000,0.002,63.003,11.568,0.00
1786347776,bench_mixed,0.00,0.00,0.0,0.000,0.002,63.003,11.567,0.00
1786347781,bench_mixed,0.00,0.00,0.0,0.000,0.002,63.003,11.567,0.00
1786347786,bench_mixed,0.00,0.00,0.0,0.000,0.002,63.003,11.567,0.00
1786347792,bench_mixed,0.00,0.00,0.0,0.000,0.002,63.003,11.569,0.00
1786347797,bench_mixed,0.00,0.00,0.0,0.000,0.002,63.003,11.569,0.00
1786347802,bench_mixed,0.00,0.00,0.0,0.000,0.002,63.003,11.570,0.00
1786347807,bench_mixed,0.00,0.00,0.0,0.000,0.002,63.003,11.570,0.00
1786347812,bench_mixed,0.00,0.00,0.0,0.000,0.002,63.003,11.572,0.00
1786347817,bench_mixed,0.00,0.00,0.0,0.000,0.002,63.003,11.572,0.00
1786347822,bench_mixed,0.00,0.00,0.0,0.000,0.002,63.003,11.572,0.00
1786347827,bench_mixed,0.00,0.00,0.0,0.000,0.002,63.003,11.571,0.00
1786347832,bench_mixed,0.00,0.00,0.0,0.000,0.002,63.003,11.571,0.00
1786347837,bench_mixed,0.00,0.00,0.0,0.000,0.002,63.003,11.571,0.00
1786347842,bench_mixed,0.00,0.00,0.0,0.000,0.002,63.003,11.570,0.00
1786347847,bench_mixed,0.00,0.00,0.0,0.000,0.002,63.003,11.570,0.00
1786347852,bench_mixed,0.00,0.00,0.0,0.000,0.002,63.003,11.570,0.00
1786347857,bench_mixed,0.00,0.00,0.0,0.000,0.002,63.003,11.570,0.00
1786347862,bench_mixed,0.00,0.00,0.0,0.000,0.002,63.003,11.569,0.00
1786347867,bench_mixed,0.00,0.00,0.0,0.000,0.002,63.003,11.569,0.00
1786347872,bench_mixed,0.00,0.00,0.0,0.000,0.002,63.003,11.570,0.00
1786347877,bench_mixed,0.00,0.00,0.0,0.000,0.002,63.003,11.570,0.00
1786347882,bench_mixed,0.00,0.00,0.0,0.000,0.002,63.003,11.560,0.03
1786347888,bench_mixed,0.00,0.00,0.0,0.000,0.002,63.003,11.554,0.03
1786347893,bench_mixed,0.00,0.00,0.0,0.000,0.002,63.003,11.558,0.00
1786347898,bench_mixed,0.00,0.00,0.0,0.000,0.002,63.003,11.558,0.00
1786347903,bench_mixed,0.00,0.00,0.0,0.000,0.002,63.003,11.559,0.00
1786347908,bench_mixed,0.00,0.00,0.0,0.000,0.002,63.003,11.559,0.00
1786347913,bench_mixed,0.00,0.00,0.0,0.000,0.002,63.003,11.559,0.00
1786347918,bench_mixed,0.00,0.00,0.0,0.000,0.002,63.003,11.559,0.00
1786347923,bench_mixed,0.00,0.00,0.0,0.000,0.002,63.003,11.558,0.00
1786347928,bench_mixed,0.00,0.00,0.0,0.000,0.002,63.003,11.558,0.00
1786347933,bench_mixed,0.00,0.00,0.0,0.000,0.002,63.003,11.559,0.00
1786347938,bench_mixed,0.00,0.00,0.0,0.000,0.002,63.003,11.558,0.00
1786347943,bench_mixed,0.00,0.00,0.0,0.000,0.002,63.003,11.559,0.00
1786347948,bench_mixed,0.00,0.00,0.0,0.000,0.002,63.003,11.559,0.00
1786347953,bench_mixed,0.00,0.00,0.0,0.000,0.002,63.003,11.559,0.00
1786347958,bench_mixed,0.00,0.00,0.0,0.000,0.002,63.003,11.559,0.00
1786347963,bench_mixed,0.00,0.00,0.0,0.000,0.002,63.003,11.561,0.00
1786347968,bench_mixed,0.00,0.00,0.0,0.000,0.002,63.003,11.560,0.00
1786347973,bench_mixed,0.00,0.00,0.0,0.000,0.002,63.003,11.557,0.00
1786347978,bench_mixed,0.00,0.00,0.0,0.000,0.002,63.003,11.564,0.00
1786347984,bench_mixed,0.00,0.00,0.0,0.000,0.002,63.003,11.564,0.00
1786347989,bench_mixed,0.00,0.00,0.0,0.000,0.002,63.003,11.564,0.00
1786347994,bench_mixed,0.00,0.00,0.0,0.000,0.002,63.003,11.564,0.00
1786347999,bench_mixed,0.00,0.00,0.0,0.000,0.002,63.003,11.566,0.00
1786348004,bench_mixed,0.00,0.00,0.0,0.000,0.002,63.003,11.566,0.00
1786348009,bench_mixed,0.00,0.00,0.0,0.000,0.002,63.003,11.566,0.00
1786348014,bench_mixed,0.00,0.00,0.0,0.000,0.002,63.003,11.566,0.00
1786348019,bench_mixed,0.00,0.00,0.0,0.000,0.002,63.003,11.568,0.00
1786348024,bench_mixed,0.00,0.00,0.0,0.000,0.002,63.003,11.567,0.00
1786348029,bench_mixed,0.00,0.00,0.0,0.000,0.002,63.003,11.567,0.00
1786348034,bench_mixed,0.00,0.00,0.0,0.000,0.002,63.003,11.567,0.00
1786348039,bench_mixed,0.00,0.00,0.0,0.000,0.002,63.003,11.570,0.00
1786348044,bench_mixed,0.00,0.00,0.0,0.000,0.002,63.003,11.570,0.00
1786348049,bench_mixed,0.00,0.00,0.0,0.000,0.002,63.003,11.569,0.00
1786348054,bench_mixed,0.00,0.00,0.0,0.000,0.002,63.003,11.570,0.00
1786348059,bench_mixed,0.00,0.00,0.0,0.000,0.002,63.003,11.573,0.00
1786348064,bench_mixed,0.00,0.00,0.0,0.000,0.002,63.003,11.573,0.00
1786348069,bench_mixed,0.00,0.00,0.0,0.000,0.002,63.003,11.573,0.00
1786348075,bench_mixed,0.00,0.00,0.0,0.000,0.002,63.003,11.573,0.00
1786348080,bench_mixed,0.00,0.00,0.0,0.000,0.002,63.003,11.573,0.00
1786348085,bench_mixed,0.00,0.00,0.0,0.000,0.002,63.003,11.572,0.00
1786348090,bench_mixed,0.00,0.00,0.0,0.000,0.002,63.003,11.573,0.00
1786348095,bench_mixed,0.00,0.00,0.0,0.000,0.002,63.003,11.574,0.00
1786348100,bench_mixed,0.00,0.00,0.0,0.000,0.002,63.003,11.576,0.00
1786348105,bench_mixed,0.00,0.00,0.0,0.000,0.002,63.003,11.575,0.00
1786348110,bench_mixed,0.00,0.00,0.0,0.000,0.002,63.003,11.575,0.00
1786348115,bench_mixed,0.00,0.00,0.0,0.000,0.002,63.003,11.575,0.00
1786348120,bench_mixed,0.00,0.00,0.0,0.000,0.002,63.003,11.575,0.00
1786348125,bench_mixed,0.00,0.00,0.0,0.000,0.002,63.003,11.575,0.00
1786348130,bench_mixed,0.00,0.00,0.0,0.000,0.002,63.003,11.577,0.00
1786348135,bench_mixed,0.00,0.00,0.0,0.000,0.002,63.003,11.576,0.00
1786348140,bench_mixed,0.00,0.00,0.0,0.000,0.002,63.003,11.575,0.00
1786348145,bench_mixed,0.00,0.00,0.0,0.000,0.002,63.003,11.575,0.00
1786348150,bench_mixed,0.00,0.00,0.0,0.000,0.002,63.003,11.576,0.00
1786348155,bench_mixed,0.00,0.00,0.0,0.000,0.002,63.003,11.575,0.00
1786348160,bench_mixed,0.00,0.00,0.0,0.000,0.002,63.003,11.577,0.00
1786348165,bench_mixed,0.00,0.00,0.0,0.000,0.002,63.003,11.576,0.00
1786348171,bench_mixed,0.00,0.00,0.0,0.000,0.002,63.003,11.578,0.00
1786348176,bench_mixed,0.00,0.00,0.0,0.000,0.002,63.003,11.578,0.00
1786348181,bench_mixed,0.00,0.00,0.0,0.000,0.002,63.003,11.580,0.00
1786348186,bench_mixed,0.00,0.00,0.0,0.000,0.002,63.003,11.559,0.06
1786348191,bench_mixed,0.00,0.00,0.0,0.000,0.002,63.003,11.564,0.00
1786348196,bench_mixed,0.00,0.00,0.0,0.000,0.002,63.003,11.563,0.00
1786348201,bench_mixed,0.00,0.00,0.0,0.000,0.002,63.003,11.565,0.00
1786348206,bench_mixed,0.00,0.00,0.0,0.000,0.002,63.003,11.565,0.00
1786348211,bench_mixed,0.00,0.00,0.0,0.000,0.002,63.003,11.567,0.00
1786348216,bench_mixed,0.00,0.00,0.0,0.000,0.002,63.003,11.566,0.00
1786348221,bench_mixed,0.00,0.00,0.0,0.000,0.002,63.003,11.568,0.00
1786348226,bench_mixed,0.00,0.00,0.0,0.000,0.002,63.003,11.568,0.00
1786348231,bench_mixed,0.00,0.00,0.0,0.000,0.002,63.003,11.569,0.00
1786348236,bench_mixed,0.00,0.00,0.0,0.000,0.002,63.003,11.569,0.00
1786348241,bench_mixed,0.00,0.00,0.0,0.000,0.002,63.003,11.570,0.00
1786348246,bench_mixed,0.00,0.00,0.0,0.000,0.002,63.003,11.569,0.00
1786348251,bench_mixed,0.00,0.00,0.0,0.000,0.002,63.003,11.570,0.00
1786348256,bench_mixed,0.00,0.00,0.0,0.000,0.002,63.003,11.570,0.00
1786348261,bench_mixed,0.00,0.00,0.0,0.000,0.002,63.003,11.571,0.00
1786348267,bench_mixed,0.00,0.00,0.0,0.000,0.002,63.003,11.571,0.00
1786348272,bench_mixed,0.00,0.00,0.0,0.000,0.002,63.003,11.573,0.00
1786348277,bench_mixed,0.00,0.00,0.0,0.000,0.002,63.003,11.571,0.00
1786348282,bench_mixed,0.00,0.00,0.0,0.000,0.002,63.003,11.572,0.00
1786348287,bench_mixed,0.00,0.00,0.0,0.000,0.002,63.003,11.572,0.00
1786348292,bench_mixed,0.00,0.00,0.0,0.000,0.002,63.003,11.573,0.00
1786348297,bench_mixed,0.00,0.00,0.0,0.000,0.002,63.003,11.572,0.00
1786348302,bench_mixed,0.00,0.00,0.0,0.000,0.002,63.003,11.574,0.00
1786348307,bench_mixed,0.00,0.00,0.0,0.000,0.002,63.003,11.573,0.00
1786348312,bench_mixed,0.00,0.00,0.0,0.000,0.002,63.003,11.574,0.00
1786348317,bench_mixed,0.00,0.00,0.0,0.000,0.002,63.003,11.575,0.00
1786348322,bench_mixed,0.00,0.00,0.0,0.000,0.002,63.003,11.576,0.00
1786348327,bench_mixed,0.00,0.00,0.0,0.000,0.002,63.003,11.575,0.00
1786348332,bench_mixed,0.00,0.00,0.0,0.000,0.002,63.003,11.565,0.00
1786348337,bench_mixed,0.00,0.00,0.0,0.000,0.002,63.003,11.576,0.00
1786348342,bench_mixed,0.00,0.00,0.0,0.000,0.002,63.003,11.576,0.00
1786348347,bench_mixed,0.00,0.00,0.0,0.000,0.002,63.003,11.577,0.00
1786348352,bench_mixed,0.00,0.00,0.0,0.000,0.002,63.003,11.577,0.00
1786348358,bench_mixed,0.00,0.00,0.0,0.000,0.002,63.003,11.579,0.00
1786348363,bench_mixed,0.00,0.00,0.0,0.000,0.002,63.003,11.579,0.00
1786348368,bench_mixed,0.00,0.00,0.0,0.000,0.002,63.003,11.578,0.00
1786348373,bench_mixed,0.00,0.00,0.0,0.000,0.002,63.003,11.578,0.00
1786348378,bench_mixed,0.00,0.00,0.0,0.000,0.002,63.003,11.578,0.00
1786348383,bench_mixed,0.00,0.00,0.0,0.000,0.002,63.003,11.577,0.00
1786348388,bench_mixed,0.00,0.00,0.0,0.000,0.002,63.003,11.578,0.00
1786348393,bench_mixed,0.00,0.00,0.0,0.000,0.002,63.003,11.578,0.00
1786348398,bench_mixed,0.00,0.00,0.0,0.000,0.002,63.003,11.578,0.00
1786348403,bench_mixed,0.00,0.00,0.0,0.000,0.002,63.003,11.578,0.00
1786348408,bench_mixed,0.00,0.00,0.0,0.000,0.002,63.003,11.578,0.00
1786348413,bench_mixed,0.00,0.00,0.0,0.000,0.002,63.003,11.578,0.00
1786348418,bench_mixed,0.00,0.00,0.0,0.000,0.002,63.003,11.580,0.00
1786348423,bench_mixed,0.00,0.00,0.0,0.000,0.002,63.003,11.579,0.00
1786348428,bench_mixed,0.00,0.00,0.0,0.000,0.002,63.003,11.579,0.00
1786348433,bench_mixed,0.00,0.00,0.0,0.000,0.002,63.003,11.578,0.00
1786348438,bench_mixed,0.00,0.00,0.0,0.000,0.002,63.003,11.579,0.00
1786348443,bench_mixed,0.00,0.00,0.0,0.000,0.002,63.003,11.578,0.00
1786348448,bench_mixed,0.00,0.00,0.0,0.000,0.002,63.003,11.579,0.00
1786348454,bench_mixed,0.00,0.00,0.0,0.000,0.002,63.003,11.578,0.00
1786348459,bench_mixed,0.00,0.00,0.0,0.000,0.002,63.003,11.579,0.00
1786348464,bench_mixed,0.00,0.00,0.0,0.000,0.002,63.003,11.579,0.00
1786348469,bench_mixed,0.00,0.00,0.0,0.000,0.002,63.003,11.578,0.00
1786348474,bench_mixed,0.00,0.00,0.0,0.000,0.002,63.003,11.578,0.00
1786348479,bench_mixed,0.00,0.00,0.0,0.000,0.002,63.003,11.578,0.00
1786348484,bench_mixed,0.00,0.00,0.0,0.000,0.002,63.003,11.556,0.04
1786348489,bench_mixed,0.00,0.00,0.0,0.000,0.002,63.003,11.558,0.01
1786348494,bench_mixed,0.00,0.00,0.0,0.000,0.002,63.003,11.558,0.00
1786348499,bench_mixed,0.00,0.00,0.0,0.000,0.002,63.003,11.560,0.00
1786348504,bench_mixed,0.00,0.00,0.0,0.000,0.002,63.003,11.559,0.00
1786348509,bench_mixed,0.00,0.00,0.0,0.000,0.002,63.003,11.561,0.00
1786348514,bench_mixed,0.00,0.00,0.0,0.000,0.002,63.003,11.561,0.00
1786348519,bench_mixed,0.00,0.00,0.0,0.000,0.002,63.003,11.563,0.00
1786348524,bench_mixed,0.00,0.00,0.0,0.000,0.002,63.003,11.564,0.00
1786348529,bench_mixed,0.00,0.00,0.0,0.000,0.002,63.003,11.565,0.00
1786348534,bench_mixed,0.00,0.00,0.0,0.000,0.002,63.003,11.565,0.00
1786348539,bench_mixed,0.00,0.00,0.0,0.000,0.002,63.003,11.567,0.00
1786348544,bench_mixed,0.00,0.00,0.0,0.000,0.002,63.003,11.567,0.00
1786348550,bench_mixed,0.00,0.00,0.0,0.000,0.002,63.003,11.568,0.00
1786348555,bench_mixed,0.00,0.00,0.0,0.000,0.002,63.003,11.567,0.00
1786348560,bench_mixed,0.00,0.00,0.0,0.000,0.002,63.003,11.569,0.00
1786348565,bench_mixed,0.00,0.00,0.0,0.000,0.002,63.003,11.569,0.00
1786348570,bench_mixed,0.00,0.00,0.0,0.000,0.002,63.003,11.570,0.00
1786348575,bench_mixed,0.00,0.00,0.0,0.000,0.002,63.003,11.569,0.00
1786348580,bench_mixed,0.00,0.00,0.0,0.000,0.002,63.003,11.570,0.00
1786348585,bench_mixed,0.00,0.00,0.0,0.000,0.002,63.003,11.569,0.00
1786348590,bench_mixed,0.00,0.00,0.0,0.000,0.002,63.003,11.571,0.00
1786348595,bench_mixed,0.00,0.00,0.0,0.000,0.002,63.003,11.570,0.00
1786348600,bench_mixed,0.00,0.00,0.0,0.000,0.002,63.003,11.570,0.00
1786348605,bench_mixed,0.00,0.00,0.0,0.000,0.002,63.003,11.569,0.00
1786348610,bench_mixed,0.00,0.00,0.0,0.000,0.002,63.003,11.570,0.00
1786348615,bench_mixed,0.00,0.00,0.0,0.000,0.002,63.003,11.570,0.00
1786348620,bench_mixed,0.00,0.00,0.0,0.000,0.002,63.003,11.571,0.00
1786348625,bench_mixed,0.00,0.00,0.0,0.000,0.002,63.003,11.571,0.00
1786348630,bench_mixed,0.00,0.00,0.0,0.000,0.002,63.003,11.570,0.00
1786348635,bench_mixed,0.00,0.00,0.0,0.000,0.002,63.003,11.570,0.00
1786348640,bench_mixed,0.00,0.00,0.0,0.000,0.002,63.003,11.569,0.00
1786348646,bench_mixed,0.00,0.00,0.0,0.000,0.002,63.003,11.569,0.00
1786348651,bench_mixed,0.00,0.00,0.0,0.000,0.002,63.003,11.571,0.00
1786348656,bench_mixed,0.00,0.00,0.0,0.000,0.002,63.003,11.571,0.00
1786348661,bench_mixed,0.00,0.00,0.0,0.000,0.002,63.003,11.572,0.00
1786348666,bench_mixed,0.00,0.00,0.0,0.000,0.002,63.003,11.572,0.00
1786348671,bench_mixed,0.00,0.00,0.0,0.000,0.002,63.003,11.572,0.00
1786348676,bench_mixed,0.00,0.00,0.0,0.000,0.002,63.003,11.571,0.00
1786348681,bench_mixed,0.00,0.00,0.0,0.000,0.002,63.003,11.573,0.00
1786348686,bench_mixed,0.00,0.00,0.0,0.000,0.002,63.003,11.573,0.00
1786348691,bench_mixed,0.00,0.00,0.0,0.000,0.002,63.003,11.571,0.00
1786348696,bench_mixed,0.00,0.00,0.0,0.000,0.002,63.003,11.570,0.00
1786348701,bench_mixed,0.00,0.00,0.0,0.000,0.002,63.003,11.570,0.00
1786348706,bench_mixed,0.00,0.00,0.0,0.000,0.002,63.003,11.571,0.00
1786348711,bench_mixed,0.00,0.00,0.0,0.000,0.002,63.003,11.571,0.00
1786348716,bench_mixed,0.00,0.00,0.0,0.000,0.002,63.003,11.571,0.00
1786348721,bench_mixed,0.00,0.00,0.0,0.000,0.002,63.003,11.570,0.00
1786348726,bench_mixed,0.00,0.00,0.0,0.000,0.002,63.003,11.572,0.00
1786348731,bench_mixed,0.00,0.00,0.0,0.000,0.002,63.003,11.572,0.00
1786348736,bench_mixed,0.00,0.00,0.0,0.000,0.002,63.003,11.572,0.00
1786348742,bench_mixed,0.00,0.00,0.0,0.000,0.002,63.003,11.572,0.00
1786348747,bench_mixed,0.00,0.00,0.0,0.000,0.002,63.003,11.573,0.00
1786348752,bench_mixed,0.00,0.00,0.0,0.000,0.002,63.003,11.573,0.00
1786348757,bench_mixed,0.00,0.00,0.0,0.000,0.002,63.003,11.572,0.00
1786348762,bench_mixed,0.00,0.00,0.0,0.000,0.002,63.003,11.571,0.00
1786348767,bench_mixed,0.00,0.00,0.0,0.000,0.002,63.003,11.572,0.00
1786348772,bench_mixed,0.00,0.00,0.0,0.000,0.002,63.003,11.572,0.00
1786348777,bench_mixed,0.00,0.00,0.0,0.000,0.002,63.003,11.572,0.00
1786348782,bench_mixed,0.00,0.00,0.0,0.000,0.002,63.003,11.571,0.00
1786348787,bench_mixed,0.00,0.00,0.0,0.000,0.002,63.003,11.554,0.06
1786348792,bench_mixed,0.00,0.00,0.0,0.000,0.002,63.003,11.554,0.00
1786348797,bench_mixed,0.00,0.00,0.0,0.000,0.002,63.003,11.553,0.00
1786348802,bench_mixed,0.00,0.00,0.0,0.000,0.002,63.003,11.553,0.00
1786348807,bench_mixed,0.00,0.00,0.0,0.000,0.002,63.003,11.554,0.00
1786348812,bench_mixed,0.00,0.00,0.0,0.000,0.002,63.003,11.554,0.00
1786348817,bench_mixed,0.00,0.00,0.0,0.000,0.002,63.003,11.557,0.00
1786348822,bench_mixed,0.00,0.00,0.0,0.000,0.002,63.003,11.557,0.00
1786348827,bench_mixed,0.00,0.00,0.0,0.000,0.002,63.003,11.561,0.00
1786348832,bench_mixed,0.00,0.00,0.0,0.000,0.002,63.003,11.561,0.00
1786348838,bench_mixed,0.00,0.00,0.0,0.000,0.002,63.003,11.562,0.00
1786348843,bench_mixed,0.00,0.00,0.0,0.000,0.002,63.003,11.562,0.00
1786348848,bench_mixed,0.00,0.00,0.0,0.000,0.002,63.003,11.563,0.00
1786348853,bench_mixed,0.00,0.00,0.0,0.000,0.002,63.003,11.562,0.00
1786348858,bench_mixed,0.00,0.00,0.0,0.000,0.002,63.003,11.561,0.00
1786348863,bench_mixed,0.00,0.00,0.0,0.000,0.002,63.003,11.562,0.00
1786348868,bench_mixed,0.00,0.00,0.0,0.000,0.002,63.003,11.564,0.00
1786348873,bench_mixed,0.00,0.00,0.0,0.000,0.002,63.003,11.563,0.00
1786348878,bench_mixed,0.00,0.00,0.0,0.000,0.002,63.003,11.564,0.00
1786348883,bench_mixed,0.00,0.00,0.0,0.000,0.002,63.003,11.564,0.00
1786348888,bench_mixed,0.00,0.00,0.0,0.000,0.002,63.003,11.564,0.00
1786348893,bench_mixed,0.00,0.00,0.0,0.000,0.002,63.003,11.564,0.00
1786348898,bench_mixed,0.00,0.00,0.0,0.000,0.002,63.003,11.565,0.00
1786348903,bench_mixed,0.00,0.00,0.0,0.000,0.002,63.003,11.565,0.00
1786348908,bench_mixed,0.00,0.00,0.0,0.000,0.002,63.003,11.567,0.00
1786348913,bench_mixed,0.00,0.00,0.0,0.000,0.002,63.003,11.567,0.00
1786348918,bench_mixed,0.00,0.00,0.0,0.000,0.002,63.003,11.568,0.00
1786348923,bench_mixed,0.00,0.00,0.0,0.000,0.002,63.003,11.568,0.00
1786348929,bench_mixed,0.00,0.00,0.0,0.000,0.002,63.003,11.567,0.00
1786348934,bench_mixed,0.00,0.00,0.0,0.000,0.002,63.003,11.566,0.00
1786348939,bench_mixed,0.00,0.00,0.0,0.000,0.002,63.003,11.568,0.00
1786348944,bench_mixed,0.00,0.00,0.0,0.000,0.002,63.003,11.567,0.00
1786348949,bench_mixed,0.00,0.00,0.0,0.000,0.002,63.003,11.567,0.00
1786348954,bench_mixed,0.00,0.00,0.0,0.000,0.002,63.003,11.567,0.00
1786348959,bench_mixed,0.00,0.00,0.0,0.000,0.002,63.003,11.570,0.00
1786348964,bench_mixed,0.00,0.00,0.0,0.000,0.002,63.003,11.569,0.00
1786348969,bench_mixed,0.00,0.00,0.0,0.000,0.002,63.003,11.570,0.00
1786348974,bench_mixed,0.00,0.00,0.0,0.000,0.002,63.003,11.569,0.00
1786348979,bench_mixed,0.00,0.00,0.0,0.000,0.002,63.003,11.570,0.00
1786348984,bench_mixed,0.00,0.00,0.0,0.000,0.002,63.003,11.570,0.00
1786348989,bench_mixed,0.00,0.00,0.0,0.000,0.002,63.003,11.569,0.00
1786348994,bench_mixed,0.00,0.00,0.0,0.000,0.002,63.003,11.569,0.00
1786348999,bench_mixed,0.00,0.00,0.0,0.000,0.002,63.003,11.569,0.00
1786349004,bench_mixed,0.00,0.00,0.0,0.000,0.002,63.003,11.569,0.00
1786349009,bench_mixed,0.00,0.00,0.0,0.000,0.002,63.003,11.568,0.00
1786349014,bench_mixed,0.00,0.00,0.0,0.000,0.002,63.003,11.568,0.00
1786349019,bench_mixed,0.00,0.00,0.0,0.000,0.002,63.003,11.566,0.00
1786349025,bench_mixed,0.00,0.00,0.0,0.000,0.002,63.003,11.566,0.00
1786349030,bench_mixed,0.00,0.00,0.0,0.000,0.002,63.003,11.567,0.00
1786349035,bench_mixed,0.00,0.00,0.0,0.000,0.002,63.003,11.566,0.00
1786349040,bench_mixed,0.00,0.00,0.0,0.000,0.002,63.003,11.567,0.00
1786349045,bench_mixed,0.00,0.00,0.0,0.000,0.002,63.003,11.566,0.00
1786349050,bench_mixed,0.00,0.00,0.0,0.000,0.002,63.003,11.570,0.00
1786349055,bench_mixed,0.00,0.00,0.0,0.000,0.002,63.003,11.569,0.00
1786349060,bench_mixed,0.00,0.00,0.0,0.000,0.002,63.003,11.569,0.00
1786349065,bench_mixed,0.00,0.00,0.0,0.000,0.002,63.003,11.569,0.00
1786349070,bench_mixed,0.00,0.00,0.0,0.000,0.002,63.003,11.568,0.00
1786349075,bench_mixed,0.00,0.00,0.0,0.000,0.002,63.003,11.570,0.00
1786349080,bench_mixed,0.00,0.00,0.0,0.000,0.002,63.003,11.568,0.00
1786349085,bench_mixed,0.00,0.00,0.0,0.000,0.002,63.003,11.551,0.06
1786349090,bench_mixed,0.00,0.00,0.0,0.000,0.002,63.003,11.551,0.00
1786349095,bench_mixed,0.00,0.00,0.0,0.000,0.002,63.003,11.555,0.00
1786349100,bench_mixed,0.00,0.00,0.0,0.000,0.002,63.003,11.555,0.00
1786349105,bench_mixed,0.00,0.00,0.0,0.000,0.002,63.003,11.558,0.00
1786349110,bench_mixed,0.00,0.00,0.0,0.000,0.002,63.003,11.558,0.00
1786349115,bench_mixed,0.00,0.00,0.0,0.000,0.002,63.003,11.561,0.00
1786349121,bench_mixed,0.00,0.00,0.0,0.000,0.002,63.003,11.561,0.00
1786349126,bench_mixed,0.00,0.00,0.0,0.000,0.002,63.003,11.562,0.00
1786349131,bench_mixed,0.00,0.00,0.0,0.000,0.002,63.003,11.562,0.00
1786349136,bench_mixed,0.00,0.00,0.0,0.000,0.002,63.003,11.563,0.00
1786349141,bench_mixed,0.00,0.00,0.0,0.000,0.002,63.003,11.563,0.00
1786349146,bench_mixed,0.00,0.00,0.0,0.000,0.002,63.003,11.565,0.00
1786349151,bench_mixed,0.00,0.00,0.0,0.000,0.002,63.003,11.565,0.00
1786349156,bench_mixed,0.00,0.00,0.0,0.000,0.002,63.003,11.565,0.00
1786349161,bench_mixed,0.00,0.00,0.0,0.000,0.002,63.003,11.565,0.00
1786349166,bench_mixed,0.00,0.00,0.0,0.000,0.002,63.003,11.567,0.00
1786349171,bench_mixed,0.00,0.00,0.0,0.000,0.002,63.003,11.567,0.00
1786349176,bench_mixed,0.00,0.00,0.0,0.000,0.002,63.003,11.570,0.00
1786349181,bench_mixed,0.00,0.00,0.0,0.000,0.002,63.003,11.569,0.00
1786349186,bench_mixed,0.00,0.00,0.0,0.000,0.002,63.003,11.568,0.00
1786349191,bench_mixed,0.00,0.00,0.0,0.000,0.002,63.003,11.568,0.00
1786349196,bench_mixed,0.00,0.00,0.0,0.000,0.002,63.003,11.571,0.00
1786349201,bench_mixed,0.00,0.00,0.0,0.000,0.002,63.003,11.570,0.00
1786349206,bench_mixed,0.00,0.00,0.0,0.000,0.002,63.003,11.568,0.00
1786349211,bench_mixed,0.00,0.00,0.0,0.000,0.002,63.003,11.568,0.00
1786349217,bench_mixed,0.00,0.00,0.0,0.000,0.002,63.003,11.568,0.00
1786349222,bench_mixed,0.00,0.00,0.0,0.000,0.002,63.003,11.568,0.00
1786349227,bench_mixed,0.00,0.00,0.0,0.000,0.002,63.003,11.570,0.00
1786349232,bench_mixed,0.00,0.00,0.0,0.000,0.002,63.003,11.569,0.00
1786349237,bench_mixed,0.00,0.00,0.0,0.000,0.002,63.003,11.569,0.00
1786349242,bench_mixed,0.00,0.00,0.0,0.000,0.002,63.003,11.569,0.00
1786349247,bench_mixed,0.00,0.00,0.0,0.000,0.002,63.003,11.570,0.00
1786349252,bench_mixed,0.00,0.00,0.0,0.000,0.002,63.003,11.570,0.00
1786349257,bench_mixed,0.00,0.00,0.0,0.000,0.002,63.003,11.569,0.00
1786349262,bench_mixed,0.00,0.00,0.0,0.000,0.002,63.003,11.569,0.00
1786349267,bench_mixed,0.00,0.00,0.0,0.000,0.002,63.003,11.569,0.00
1786349272,bench_mixed,0.00,0.00,0.0,0.000,0.002,63.003,11.569,0.00
1786349277,bench_mixed,0.00,0.00,0.0,0.000,0.002,63.003,11.570,0.00
1786349282,bench_mixed,0.00,0.00,0.0,0.000,0.002,63.003,11.570,0.00
1786349287,bench_mixed,0.00,0.00,0.0,0.000,0.002,63.003,11.570,0.00
1786349292,bench_mixed,0.00,0.00,0.0,0.000,0.002,63.003,11.569,0.00
1786349297,bench_mixed,0.00,0.00,0.0,0.000,0.002,63.003,11.570,0.00
1786349302,bench_mixed,0.00,0.00,0.0,0.000,0.002,63.003,11.570,0.00
1786349307,bench_mixed,0.00,0.00,0.0,0.000,0.002,63.003,11.569,0.00
1786349313,bench_mixed,0.00,0.00,0.0,0.000,0.002,63.003,11.569,0.00
1786349318,bench_mixed,0.00,0.00,0.0,0.000,0.002,63.003,11.567,0.00
1786349323,bench_mixed,0.00,0.00,0.0,0.000,0.002,63.003,11.567,0.00
1786349328,bench_mixed,0.00,0.00,0.0,0.000,0.002,63.003,11.570,0.00
1786349333,bench_mixed,0.00,0.00,0.0,0.000,0.002,63.003,11.570,0.00
1786349338,bench_mixed,0.00,0.00,0.0,0.000,0.002,63.003,11.573,0.00
1786349343,bench_mixed,0.00,0.00,0.0,0.000,0.002,63.003,11.572,0.00
1786349348,bench_mixed,0.00,0.00,0.0,0.000,0.002,63.003,11.572,0.00
1786349353,bench_mixed,0.00,0.00,0.0,0.000,0.002,63.003,11.571,0.00
1786349358,bench_mixed,0.00,0.00,0.0,0.000,0.002,63.003,11.572,0.00
1786349363,bench_mixed,0.00,0.00,0.0,0.000,0.002,63.003,11.572,0.00
1786349368,bench_mixed,0.00,0.00,0.0,0.000,0.002,63.003,11.572,0.00
1786349373,bench_mixed,0.00,0.00,0.0,0.000,0.002,63.003,11.572,0.00
1786349378,bench_mixed,0.00,0.00,0.0,0.000,0.002,63.003,11.569,0.00
1786349383,bench_mixed,0.00,0.00,0.0,0.000,0.002,63.003,11.555,0.03
1786349388,bench_mixed,0.00,0.00,0.0,0.000,0.002,63.003,11.556,0.03
1786349393,bench_mixed,0.00,0.00,0.0,0.000,0.002,63.003,11.556,0.00
1786349398,bench_mixed,0.00,0.00,0.0,0.000,0.002,63.003,11.560,0.00
1786349403,bench_mixed,0.00,0.00,0.0,0.000,0.002,63.003,11.558,0.00
1786349409,bench_mixed,0.00,0.00,0.0,0.000,0.002,63.003,11.562,0.00
1786349414,bench_mixed,0.00,0.00,0.0,0.000,0.002,63.003,11.561,0.00
1786349419,bench_mixed,0.00,0.00,0.0,0.000,0.002,63.003,11.561,0.00
1786349424,bench_mixed,0.00,0.00,0.0,0.000,0.002,63.003,11.562,0.00
1786349429,bench_mixed,0.00,0.00,0.0,0.000,0.002,63.003,11.562,0.00
1786349434,bench_mixed,0.00,0.00,0.0,0.000,0.002,63.003,11.560,0.00
1786349439,bench_mixed,0.00,0.00,0.0,0.000,0.002,63.003,11.560,0.00
1786349444,bench_mixed,0.00,0.00,0.0,0.000,0.002,63.003,11.558,0.00
1786349449,bench_mixed,0.00,0.00,0.0,0.000,0.002,63.003,11.558,0.00
1786349454,bench_mixed,0.00,0.00,0.0,0.000,0.002,63.003,11.560,0.00
1786349459,bench_mixed,0.00,0.00,0.0,0.000,0.002,63.003,11.560,0.00
1786349464,bench_mixed,0.00,0.00,0.0,0.000,0.002,63.003,11.560,0.00
1786349469,bench_mixed,0.00,0.00,0.0,0.000,0.002,63.003,11.560,0.00
1786349474,bench_mixed,0.00,0.00,0.0,0.000,0.002,63.003,11.561,0.00
1786349479,bench_mixed,0.00,0.00,0.0,0.000,0.002,63.003,11.561,0.00
1786349484,bench_mixed,0.00,0.00,0.0,0.000,0.002,63.003,11.563,0.00
1786349489,bench_mixed,0.00,0.00,0.0,0.000,0.002,63.003,11.562,0.00
1786349494,bench_mixed,0.00,0.00,0.0,0.000,0.002,63.003,11.562,0.00
1786349499,bench_mixed,0.00,0.00,0.0,0.000,0.002,63.003,11.561,0.00
1786349505,bench_mixed,0.00,0.00,0.0,0.000,0.002,63.003,11.563,0.00
1786349510,bench_mixed,0.00,0.00,0.0,0.000,0.002,63.003,11.563,0.00
1786349515,bench_mixed,0.00,0.00,0.0,0.000,0.002,63.003,11.563,0.00
1786349520,bench_mixed,0.00,0.00,0.0,0.000,0.002,63.003,11.564,0.00
1786349525,bench_mixed,0.00,0.00,0.0,0.000,0.002,63.003,11.567,0.00
1786349530,bench_mixed,0.00,0.00,0.0,0.000,0.002,63.003,11.566,0.00
1786349535,bench_mixed,0.00,0.00,0.0,0.000,0.002,63.003,11.568,0.00
1786349540,bench_mixed,0.00,0.00,0.0,0.000,0.002,63.003,11.568,0.00
1786349545,bench_mixed,0.00,0.00,0.0,0.000,0.002,63.003,11.569,0.00
1786349550,bench_mixed,0.00,0.00,0.0,0.000,0.002,63.003,11.570,0.00
1786349555,bench_mixed,0.00,0.00,0.0,0.000,0.002,63.003,11.570,0.00
1786349560,bench_mixed,0.00,0.00,0.0,0.000,0.002,63.003,11.569,0.00
1786349565,bench_mixed,0.00,0.00,0.0,0.000,0.002,63.003,11.570,0.00
1786349570,bench_mixed,0.00,0.00,0.0,0.000,0.002,63.003,11.569,0.00
1786349575,bench_mixed,0.00,0.00,0.0,0.000,0.002,63.003,11.570,0.00
1786349580,bench_mixed,0.00,0.00,0.0,0.000,0.002,63.003,11.571,0.00
1786349585,bench_mixed,0.00,0.00,0.0,0.000,0.002,63.003,11.573,0.00
1786349590,bench_mixed,0.00,0.00,0.0,0.000,0.002,63.003,11.572,0.00
1786349595,bench_mixed,0.00,0.00,0.0,0.000,0.002,63.003,11.573,0.00
1786349601,bench_mixed,0.00,0.00,0.0,0.000,0.002,63.003,11.572,0.00
1786349606,bench_mixed,0.00,0.00,0.0,0.000,0.002,63.003,11.573,0.00
1786349611,bench_mixed,0.00,0.00,0.0,0.000,0.002,63.003,11.573,0.00
1786349616,bench_mixed,0.00,0.00,0.0,0.000,0.002,63.003,11.574,0.00
1786349621,bench_mixed,0.00,0.00,0.0,0.000,0.002,63.003,11.574,0.00
1786349626,bench_mixed,0.00,0.00,0.0,0.000,0.002,63.003,11.573,0.00
1786349631,bench_mixed,0.00,0.00,0.0,0.000,0.002,63.003,11.572,0.00
1786349636,bench_mixed,0.00,0.00,0.0,0.000,0.002,63.003,11.570,0.00
1786349641,bench_mixed,0.00,0.00,0.0,0.000,0.002,63.003,11.569,0.00
1786349646,bench_mixed,0.00,0.00,0.0,0.000,0.002,63.003,11.570,0.00
1786349651,bench_mixed,0.00,0.00,0.0,0.000,0.002,63.003,11.569,0.00
1786349656,bench_mixed,0.00,0.00,0.0,0.000,0.002,63.003,11.568,0.00
1786349661,bench_mixed,0.00,0.00,0.0,0.000,0.002,63.003,11.569,0.00
1786349666,bench_mixed,0.00,0.00,0.0,0.000,0.002,63.003,11.570,0.00
1786349671,bench_mixed,0.00,0.00,0.0,0.000,0.002,63.003,11.569,0.00
1786349676,bench_mixed,0.00,0.00,0.0,0.000,0.002,63.003,11.570,0.00
1786349681,bench_mixed,0.00,0.00,0.0,0.000,0.002,63.003,11.569,0.00
1786349686,bench_mixed,0.00,0.00,0.0,0.000,0.002,63.003,11.553,0.06
1786349691,bench_mixed,0.00,0.00,0.0,0.000,0.002,63.003,11.554,0.00
1786349697,bench_mixed,0.00,0.00,0.0,0.000,0.002,63.003,11.556,0.00
1786349702,bench_mixed,0.00,0.00,0.0,0.000,0.002,63.003,11.556,0.00
1786349707,bench_mixed,0.00,0.00,0.0,0.000,0.002,63.003,11.559,0.00
1786349712,bench_mixed,0.00,0.00,0.0,0.000,0.002,63.003,11.559,0.00
1786349717,bench_mixed,0.00,0.00,0.0,0.000,0.002,63.003,11.560,0.00
1786349722,bench_mixed,0.00,0.00,0.0,0.000,0.002,63.003,11.560,0.00
1786349727,bench_mixed,0.00,0.00,0.0,0.000,0.002,63.003,11.560,0.00
1786349732,bench_mixed,0.00,0.00,0.0,0.000,0.002,63.003,11.559,0.00
1786349737,bench_mixed,0.00,0.00,0.0,0.000,0.002,63.003,11.560,0.00
1786349742,bench_mixed,0.00,0.00,0.0,0.000,0.002,63.003,11.561,0.00
1786349747,bench_mixed,0.00,0.00,0.0,0.000,0.002,63.003,11.563,0.00
1786349752,bench_mixed,0.00,0.00,0.0,0.000,0.002,63.003,11.562,0.00
1786349757,bench_mixed,0.00,0.00,0.0,0.000,0.002,63.003,11.563,0.00
1786349762,bench_mixed,0.00,0.00,0.0,0.000,0.002,63.003,11.562,0.00
1786349767,bench_mixed,0.00,0.00,0.0,0.000,0.002,63.003,11.563,0.00
1786349772,bench_mixed,0.00,0.00,0.0,0.000,0.002,63.003,11.562,0.00
1786349777,bench_mixed,0.00,0.00,0.0,0.000,0.002,63.003,11.562,0.00
1786349782,bench_mixed,0.00,0.00,0.0,0.000,0.002,63.003,11.565,0.00
1786349787,bench_mixed,0.00,0.00,0.0,0.000,0.002,63.003,11.564,0.00
1786349793,bench_mixed,0.00,0.00,0.0,0.000,0.002,63.003,11.564,0.00
1786349798,bench_mixed,0.00,0.00,0.0,0.000,0.002,63.003,11.564,0.00
1786349803,bench_mixed,0.00,0.00,0.0,0.000,0.002,63.003,11.567,0.00
1786349808,bench_mixed,0.00,0.00,0.0,0.000,0.002,63.003,11.567,0.00
1786349813,bench_mixed,0.00,0.00,0.0,0.000,0.002,63.003,11.565,0.00
1786349818,bench_mixed,0.00,0.00,0.0,0.000,0.002,63.003,11.565,0.00
1786349823,bench_mixed,0.00,0.00,0.0,0.000,0.002,63.003,11.565,0.00
1786349828,bench_mixed,0.00,0.00,0.0,0.000,0.002,63.003,11.564,0.00
1786349833,bench_mixed,0.00,0.00,0.0,0.000,0.002,63.003,11.566,0.00
1786349838,bench_mixed,0.00,0.00,0.0,0.000,0.002,63.003,11.566,0.00
1786349843,bench_mixed,0.00,0.00,0.0,0.000,0.002,63.003,11.566,0.00
1786349848,bench_mixed,0.00,0.00,0.0,0.000,0.002,63.003,11.566,0.00
1786349853,bench_mixed,0.00,0.00,0.0,0.000,0.002,63.003,11.567,0.00
1786349858,bench_mixed,0.00,0.00,0.0,0.000,0.002,63.003,11.567,0.00
1786349863,bench_mixed,0.00,0.00,0.0,0.000,0.002,63.003,11.568,0.00
1786349868,bench_mixed,0.00,0.00,0.0,0.000,0.002,63.003,11.568,0.00
1786349873,bench_mixed,0.00,0.00,0.0,0.000,0.002,63.003,11.569,0.00
1786349878,bench_mixed,0.00,0.00,0.0,0.000,0.002,63.003,11.568,0.00
1786349883,bench_mixed,0.00,0.00,0.0,0.000,0.002,63.003,11.569,0.00
1786349889,bench_mixed,0.00,0.00,0.0,0.000,0.002,63.003,11.569,0.00
1786349894,bench_mixed,0.00,0.00,0.0,0.000,0.002,63.003,11.568,0.00
1786349899,bench_mixed,0.00,0.00,0.0,0.000,0.002,63.003,11.568,0.00
1786349904,bench_mixed,0.00,0.00,0.0,0.000,0.002,63.003,11.570,0.00
1786349909,bench_mixed,0.00,0.00,0.0,0.000,0.002,63.003,11.569,0.00
1786349914,bench_mixed,0.00,0.00,0.0,0.000,0.002,63.003,11.571,0.00
1786349919,bench_mixed,0.00,0.00,0.0,0.000,0.002,63.003,11.570,0.00
1786349924,bench_mixed,0.00,0.00,0.0,0.000,0.002,63.003,11.571,0.00
1786349929,bench_mixed,0.00,0.00,0.0,0.000,0.002,63.003,11.571,0.00
1786349934,bench_mixed,0.00,0.00,0.0,0.000,0.002,63.003,11.569,0.00
1786349939,bench_mixed,0.00,0.00,0.0,0.000,0.002,63.003,11.570,0.00
1786349944,bench_mixed,0.00,0.00,0.0,0.000,0.002,63.003,11.568,0.00
1786349949,bench_mixed,0.00,0.00,0.0,0.000,0.002,63.003,11.567,0.00
1786349954,bench_mixed,0.00,0.00,0.0,0.000,0.002,63.003,11.569,0.00
1786349959,bench_mixed,0.00,0.00,0.0,0.000,0.002,63.003,11.568,0.00
1786349964,bench_mixed,0.00,0.00,0.0,0.000,0.002,63.003,11.564,0.00
1786349969,bench_mixed,0.00,0.00,0.0,0.000,0.002,63.003,11.565,0.00
1786349974,bench_mixed,0.00,0.00,0.0,0.000,0.002,63.003,11.566,0.00
1786349979,bench_mixed,0.00,0.00,0.0,0.000,0.002,63.003,11.566,0.00
1786349985,bench_mixed,0.00,0.00,0.0,0.000,0.002,63.003,11.553,0.05
1786349990,bench_mixed,0.00,0.00,0.0,0.000,0.002,63.003,11.551,0.01
1786349995,bench_mixed,0.00,0.00,0.0,0.000,0.002,63.003,11.553,0.00
1786350000,bench_mixed,0.00,0.00,0.0,0.000,0.002,63.003,11.553,0.00
1786350005,bench_mixed,0.00,0.00,0.0,0.000,0.002,63.003,11.556,0.00
1786350010,bench_mixed,0.00,0.00,0.0,0.000,0.002,63.003,11.556,0.00
1786350015,bench_mixed,0.00,0.00,0.0,0.000,0.002,63.003,11.558,0.00
1786350020,bench_mixed,0.00,0.00,0.0,0.000,0.002,63.003,11.559,0.00
1786350025,bench_mixed,0.00,0.00,0.0,0.000,0.002,63.003,11.560,0.00
1786350030,bench_mixed,0.00,0.00,0.0,0.000,0.002,63.003,11.559,0.00
1786350035,bench_mixed,0.00,0.00,0.0,0.000,0.002,63.003,11.560,0.00
1786350040,bench_mixed,0.00,0.00,0.0,0.000,0.002,63.003,11.559,0.00
1786350045,bench_mixed,0.00,0.00,0.0,0.000,0.002,63.003,11.561,0.00
1786350050,bench_mixed,0.00,0.00,0.0,0.000,0.002,63.003,11.561,0.00
1786350055,bench_mixed,0.00,0.00,0.0,0.000,0.002,63.003,11.562,0.00
1786350060,bench_mixed,0.00,0.00,0.0,0.000,0.002,63.003,11.562,0.00
1786350065,bench_mixed,0.00,0.00,0.0,0.000,0.002,63.003,11.564,0.00
1786350070,bench_mixed,0.00,0.00,0.0,0.000,0.002,63.003,11.564,0.00
1786350076,bench_mixed,0.00,0.00,0.0,0.000,0.002,63.003,11.565,0.00
1786350081,bench_mixed,0.00,0.00,0.0,0.000,0.002,63.003,11.565,0.00
1786350086,bench_mixed,0.00,0.00,0.0,0.000,0.002,63.003,11.565,0.00
1786350091,bench_mixed,0.00,0.00,0.0,0.000,0.002,63.003,11.565,0.00
1786350096,bench_mixed,0.00,0.00,0.0,0.000,0.002,63.003,11.566,0.00
1786350101,bench_mixed,0.00,0.00,0.0,0.000,0.002,63.003,11.566,0.00
1786350106,bench_mixed,0.00,0.00,0.0,0.000,0.002,63.003,11.566,0.00
1786350111,bench_mixed,0.00,0.00,0.0,0.000,0.002,63.003,11.565,0.00
1786350116,bench_mixed,0.00,0.00,0.0,0.000,0.002,63.003,11.566,0.00
1786350121,bench_mixed,0.00,0.00,0.0,0.000,0.002,63.003,11.565,0.00
1786350126,bench_mixed,0.00,0.00,0.0,0.000,0.002,63.003,11.565,0.00
1786350131,bench_mixed,0.00,0.00,0.0,0.000,0.002,63.003,11.564,0.00
1786350136,bench_mixed,0.00,0.00,0.0,0.000,0.002,63.003,11.565,0.00
1786350141,bench_mixed,0.00,0.00,0.0,0.000,0.002,63.003,11.563,0.00
1786350146,bench_mixed,0.00,0.00,0.0,0.000,0.002,63.003,11.563,0.00
1786350151,bench_mixed,0.00,0.00,0.0,0.000,0.002,63.003,11.564,0.00
1786350156,bench_mixed,0.00,0.00,0.0,0.000,0.002,63.003,11.564,0.00
1786350161,bench_mixed,0.00,0.00,0.0,0.000,0.002,63.003,11.564,0.00
1786350166,bench_mixed,0.00,0.00,0.0,0.000,0.002,63.003,11.564,0.00
1786350172,bench_mixed,0.00,0.00,0.0,0.000,0.002,63.003,11.563,0.00
1786350177,bench_mixed,0.00,0.00,0.0,0.000,0.002,63.003,11.563,0.00
1786350182,bench_mixed,0.00,0.00,0.0,0.000,0.002,63.003,11.564,0.00
1786350187,bench_mixed,0.00,0.00,0.0,0.000,0.002,63.003,11.563,0.00
1786350192,bench_mixed,0.00,0.00,0.0,0.000,0.002,63.003,11.562,0.00
1786350197,bench_mixed,0.00,0.00,0.0,0.000,0.002,63.003,11.562,0.00
1786350202,bench_mixed,0.00,0.00,0.0,0.000,0.002,63.003,11.563,0.00
1786350207,bench_mixed,0.00,0.00,0.0,0.000,0.002,63.003,11.563,0.00
1786350212,bench_mixed,0.00,0.00,0.0,0.000,0.002,63.003,11.561,0.00
1786350217,bench_mixed,0.00,0.00,0.0,0.000,0.002,63.003,11.561,0.00
1786350222,bench_mixed,0.00,0.00,0.0,0.000,0.002,63.003,11.563,0.00
1786350227,bench_mixed,0.00,0.00,0.0,0.000,0.002,63.003,11.563,0.00
1786350232,bench_mixed,0.00,0.00,0.0,0.000,0.002,63.003,11.562,0.00
1786350237,bench_mixed,0.00,0.00,0.0,0.000,0.002,63.003,11.563,0.00
1786350242,bench_mixed,0.00,0.00,0.0,0.000,0.002,63.003,11.562,0.00
1786350247,bench_mixed,0.00,0.00,0.0,0.000,0.002,63.003,11.562,0.00
1786350252,bench_mixed,0.00,0.00,0.0,0.000,0.002,63.003,11.562,0.00
1786350257,bench_mixed,0.00,0.00,0.0,0.000,0.002,63.003,11.563,0.00
1786350262,bench_mixed,0.00,0.00,0.0,0.000,0.002,63.003,11.563,0.00
1786350268,bench_mixed,0.00,0.00,0.0,0.000,0.002,63.003,11.563,0.00
1786350273,bench_mixed,0.00,0.00,0.0,0.000,0.002,63.003,11.566,0.00
1786350278,bench_mixed,0.00,0.00,0.0,0.000,0.002,63.003,11.566,0.00
1786350283,bench_mixed,0.00,0.00,0.0,0.000,0.002,63.003,11.564,0.00
1786350288,bench_mixed,0.00,0.00,0.0,0.000,0.002,63.003,11.550,0.06
1786350293,bench_mixed,0.00,0.00,0.0,0.000,0.002,63.003,11.550,0.00
1786350298,bench_mixed,0.00,0.00,0.0,0.000,0.002,63.003,11.550,0.00
1786350303,bench_mixed,0.00,0.00,0.0,0.000,0.002,63.003,11.552,0.00
1786350308,bench_mixed,0.00,0.00,0.0,0.000,0.002,63.003,11.553,0.00
1786350313,bench_mixed,0.00,0.00,0.0,0.000,0.002,63.003,11.554,0.00
1786350318,bench_mixed,0.00,0.00,0.0,0.000,0.002,63.003,11.553,0.00
1786350323,bench_mixed,0.00,0.00,0.0,0.000,0.002,63.003,11.555,0.00
1786350328,bench_mixed,0.00,0.00,0.0,0.000,0.002,63.003,11.555,0.00
1786350333,bench_mixed,0.00,0.00,0.0,0.000,0.002,63.003,11.558,0.00
1786350338,bench_mixed,0.00,0.00,0.0,0.000,0.002,63.003,11.558,0.00
1786350343,bench_mixed,0.00,0.00,0.0,0.000,0.002,63.003,11.560,0.00
1786350348,bench_mixed,0.00,0.00,0.0,0.000,0.002,63.003,11.560,0.00
1786350353,bench_mixed,0.00,0.00,0.0,0.000,0.002,63.003,11.562,0.00
1786350358,bench_mixed,0.00,0.00,0.0,0.000,0.002,63.003,11.562,0.00
1786350364,bench_mixed,0.00,0.00,0.0,0.000,0.002,63.003,11.561,0.00
1786350369,bench_mixed,0.00,0.00,0.0,0.000,0.002,63.003,11.562,0.00
1786350374,bench_mixed,0.00,0.00,0.0,0.000,0.002,63.003,11.563,0.00
1786350379,bench_mixed,0.00,0.00,0.0,0.000,0.002,63.003,11.563,0.00
1786350384,bench_mixed,0.00,0.00,0.0,0.000,0.002,63.003,11.564,0.00
1786350389,bench_mixed,0.00,0.00,0.0,0.000,0.002,63.003,11.564,0.00
1786350394,bench_mixed,0.00,0.00,0.0,0.000,0.002,63.003,11.565,0.00
1786350399,bench_mixed,0.00,0.00,0.0,0.000,0.002,63.003,11.565,0.00
1786350404,bench_mixed,0.00,0.00,0.0,0.000,0.002,63.003,11.566,0.00
1786350409,bench_mixed,0.00,0.00,0.0,0.000,0.002,63.003,11.565,0.00
1786350414,bench_mixed,0.00,0.00,0.0,0.000,0.002,63.003,11.566,0.00
1786350419,bench_mixed,0.00,0.00,0.0,0.000,0.002,63.003,11.566,0.00
1786350424,bench_mixed,0.00,0.00,0.0,0.000,0.002,63.003,11.566,0.00
1786350429,bench_mixed,0.00,0.00,0.0,0.000,0.002,63.003,11.566,0.00
1786350434,bench_mixed,0.00,0.00,0.0,0.000,0.002,63.003,11.564,0.00
1786350439,bench_mixed,0.00,0.00,0.0,0.000,0.002,63.003,11.564,0.00
1786350444,bench_mixed,0.00,0.00,0.0,0.000,0.002,63.003,11.564,0.00
1786350449,bench_mixed,0.00,0.00,0.0,0.000,0.002,63.003,11.564,0.00
1786350454,bench_mixed,0.00,0.00,0.0,0.000,0.002,63.003,11.563,0.00
1786350460,bench_mixed,0.00,0.00,0.0,0.000,0.002,63.003,11.563,0.00
1786350465,bench_mixed,0.00,0.00,0.0,0.000,0.002,63.003,11.564,0.00
1786350470,bench_mixed,0.00,0.00,0.0,0.000,0.002,63.003,11.564,0.00
1786350475,bench_mixed,0.00,0.00,0.0,0.000,0.002,63.003,11.567,0.00
1786350480,bench_mixed,0.00,0.00,0.0,0.000,0.002,63.003,11.567,0.00
1786350485,bench_mixed,0.00,0.00,0.0,0.000,0.002,63.003,11.565,0.00
1786350490,bench_mixed,0.00,0.00,0.0,0.000,0.002,63.003,11.565,0.00
1786350495,bench_mixed,0.00,0.00,0.0,0.000,0.002,63.003,11.564,0.00
1786350500,bench_mixed,0.00,0.00,0.0,0.000,0.002,63.003,11.567,0.00
1786350505,bench_mixed,0.00,0.00,0.0,0.000,0.002,63.003,11.567,0.00
1786350510,bench_mixed,0.00,0.00,0.0,0.000,0.002,63.003,11.570,0.00
1786350515,bench_mixed,0.00,0.00,0.0,0.000,0.002,63.003,11.569,0.00
1786350520,bench_mixed,0.00,0.00,0.0,0.000,0.002,63.003,11.570,0.00
1786350525,bench_mixed,0.00,0.00,0.0,0.000,0.002,63.003,11.570,0.00
1786350530,bench_mixed,0.00,0.00,0.0,0.000,0.002,63.003,11.571,0.00
1786350535,bench_mixed,0.00,0.00,0.0,0.000,0.002,63.003,11.571,0.00
1786350540,bench_mixed,0.00,0.00,0.0,0.000,0.002,63.003,11.571,0.00
1786350545,bench_mixed,0.00,0.00,0.0,0.000,0.002,63.003,11.571,0.00
1786350551,bench_mixed,0.00,0.00,0.0,0.000,0.002,63.003,11.571,0.00
1786350556,bench_mixed,0.00,0.00,0.0,0.000,0.002,63.003,11.571,0.00
1786350561,bench_mixed,0.00,0.00,0.0,0.000,0.002,63.003,11.569,0.00
1786350566,bench_mixed,0.00,0.00,0.0,0.000,0.002,63.003,11.569,0.00
1786350571,bench_mixed,0.00,0.00,0.0,0.000,0.002,63.003,11.570,0.00
1786350576,bench_mixed,0.00,0.00,0.0,0.000,0.002,63.003,11.569,0.00
1786350581,bench_mixed,0.00,0.00,0.0,0.000,0.002,63.003,11.569,0.00
1786350586,bench_mixed,0.00,0.00,0.0,0.000,0.002,63.003,11.554,0.06
1786350591,bench_mixed,0.00,0.00,0.0,0.000,0.002,63.003,11.556,0.00
1786350596,bench_mixed,0.00,0.00,0.0,0.000,0.002,63.003,11.556,0.00
1786350601,bench_mixed,0.00,0.00,0.0,0.000,0.002,63.003,11.558,0.00
1786350606,bench_mixed,0.00,0.00,0.0,0.000,0.002,63.003,11.557,0.00
1786350611,bench_mixed,0.00,0.00,0.0,0.000,0.002,63.003,11.559,0.00
1786350616,bench_mixed,0.00,0.00,0.0,0.000,0.002,63.003,11.558,0.00
1786350621,bench_mixed,0.00,0.00,0.0,0.000,0.002,63.003,11.561,0.00
1786350626,bench_mixed,0.00,0.00,0.0,0.000,0.002,63.003,11.560,0.00
1786350631,bench_mixed,0.00,0.00,0.0,0.000,0.002,63.003,11.564,0.00
1786350636,bench_mixed,0.00,0.00,0.0,0.000,0.002,63.003,11.563,0.00
1786350641,bench_mixed,0.00,0.00,0.0,0.000,0.002,63.003,11.565,0.00
1786350647,bench_mixed,0.00,0.00,0.0,0.000,0.002,63.003,11.564,0.00
1786350652,bench_mixed,0.00,0.00,0.0,0.000,0.002,63.003,11.565,0.00
1786350657,bench_mixed,0.00,0.00,0.0,0.000,0.002,63.003,11.565,0.00
1786350662,bench_mixed,0.00,0.00,0.0,0.000,0.002,63.003,11.568,0.00
1786350667,bench_mixed,0.00,0.00,0.0,0.000,0.002,63.003,11.567,0.00
1786350672,bench_mixed,0.00,0.00,0.0,0.000,0.002,63.003,11.568,0.00
1786350677,bench_mixed,0.00,0.00,0.0,0.000,0.002,63.003,11.568,0.00
1786350682,bench_mixed,0.00,0.00,0.0,0.000,0.002,63.003,11.569,0.00
1786350687,bench_mixed,0.00,0.00,0.0,0.000,0.002,63.003,11.569,0.00
1786350692,bench_mixed,0.00,0.00,0.0,0.000,0.002,63.003,11.570,0.00
1786350697,bench_mixed,0.00,0.00,0.0,0.000,0.002,63.003,11.569,0.00
1786350702,bench_mixed,0.00,0.00,0.0,0.000,0.002,63.003,11.567,0.00
1786350707,bench_mixed,0.00,0.00,0.0,0.000,0.002,63.003,11.567,0.00
1786350712,bench_mixed,0.00,0.00,0.0,0.000,0.002,63.003,11.569,0.00
1786350717,bench_mixed,0.00,0.00,0.0,0.000,0.002,63.003,11.570,0.00
1786350722,bench_mixed,0.00,0.00,0.0,0.000,0.002,63.003,11.571,0.00
1786350727,bench_mixed,0.00,0.00,0.0,0.000,0.002,63.003,11.571,0.00
1786350732,bench_mixed,0.00,0.00,0.0,0.000,0.002,63.003,11.572,0.00
1786350737,bench_mixed,0.00,0.00,0.0,0.000,0.002,63.003,11.571,0.00
1786350743,bench_mixed,0.00,0.00,0.0,0.000,0.002,63.003,11.572,0.00
1786350748,bench_mixed,0.00,0.00,0.0,0.000,0.002,63.003,11.572,0.00
1786350753,bench_mixed,0.00,0.00,0.0,0.000,0.002,63.003,11.573,0.00
1786350758,bench_mixed,0.00,0.00,0.0,0.000,0.002,63.003,11.573,0.00
1786350763,bench_mixed,0.00,0.00,0.0,0.000,0.002,63.003,11.573,0.00
1786350768,bench_mixed,0.00,0.00,0.0,0.000,0.002,63.003,11.573,0.00
1786350773,bench_mixed,0.00,0.00,0.0,0.000,0.002,63.003,11.572,0.00
1786350778,bench_mixed,0.00,0.00,0.0,0.000,0.002,63.003,11.573,0.00
1786350783,bench_mixed,0.00,0.00,0.0,0.000,0.002,63.003,11.572,0.00
1786350788,bench_mixed,0.00,0.00,0.0,0.000,0.002,63.003,11.572,0.00
1786350793,bench_mixed,0.00,0.00,0.0,0.000,0.002,63.003,11.571,0.00
1786350798,bench_mixed,0.00,0.00,0.0,0.000,0.002,63.003,11.571,0.00
1786350803,bench_mixed,0.00,0.00,0.0,0.000,0.002,63.003,11.572,0.00
1786350808,bench_mixed,0.00,0.00,0.0,0.000,0.002,63.003,11.571,0.00
1786350813,bench_mixed,0.00,0.00,0.0,0.000,0.002,63.003,11.571,0.00
1786350818,bench_mixed,0.00,0.00,0.0,0.000,0.002,63.003,11.572,0.00
1786350823,bench_mixed,0.00,0.00,0.0,0.000,0.002,63.003,11.574,0.00
1786350828,bench_mixed,0.00,0.00,0.0,0.000,0.002,63.003,11.573,0.00
1786350833,bench_mixed,0.00,0.00,0.0,0.000,0.002,63.003,11.573,0.00
1786350839,bench_mixed,0.00,0.00,0.0,0.000,0.002,63.003,11.572,0.00
1786350844,bench_mixed,0.00,0.00,0.0,0.000,0.002,63.003,11.573,0.00
1786350849,bench_mixed,0.00,0.00,0.0,0.000,0.002,63.003,11.572,0.00
1786350854,bench_mixed,0.00,0.00,0.0,0.000,0.002,63.003,11.567,0.00
1786350859,bench_mixed,0.00,0.00,0.0,0.000,0.002,63.003,11.570,0.00
1786350864,bench_mixed,0.00,0.00,0.0,0.000,0.002,63.003,11.571,0.00
1786350869,bench_mixed,0.00,0.00,0.0,0.000,0.002,63.003,11.571,0.00
1786350874,bench_mixed,0.00,0.00,0.0,0.000,0.002,63.003,11.572,0.00
1786350879,bench_mixed,0.00,0.00,0.0,0.000,0.002,63.003,11.570,0.00
1786350884,bench_mixed,0.00,0.00,0.0,0.000,0.002,63.003,11.553,0.04
1786350889,bench_mixed,0.00,0.00,0.0,0.000,0.002,63.003,11.553,0.02
1786350894,bench_mixed,0.00,0.00,0.0,0.000,0.002,63.003,11.552,0.00
1786350899,bench_mixed,0.00,0.00,0.0,0.000,0.002,63.003,11.555,0.00
1786350904,bench_mixed,0.00,0.00,0.0,0.000,0.002,63.003,11.555,0.00
1786350909,bench_mixed,0.00,0.00,0.0,0.000,0.002,63.003,11.557,0.00
1786350914,bench_mixed,0.00,0.00,0.0,0.000,0.002,63.003,11.557,0.00
1786350919,bench_mixed,0.00,0.00,0.0,0.000,0.002,63.003,11.559,0.00
1786350924,bench_mixed,0.00,0.00,0.0,0.000,0.002,63.003,11.559,0.00
1786350929,bench_mixed,0.00,0.00,0.0,0.000,0.002,63.003,11.563,0.00
1786350935,bench_mixed,0.00,0.00,0.0,0.000,0.002,63.003,11.562,0.00
1786350940,bench_mixed,0.00,0.00,0.0,0.000,0.002,63.003,11.563,0.00
1786350945,bench_mixed,0.00,0.00,0.0,0.000,0.002,63.003,11.563,0.00
1786350950,bench_mixed,0.00,0.00,0.0,0.000,0.002,63.003,11.563,0.00
1786350955,bench_mixed,0.00,0.00,0.0,0.000,0.002,63.003,11.562,0.00
1786350960,bench_mixed,0.00,0.00,0.0,0.000,0.002,63.003,11.560,0.00
1786350965,bench_mixed,0.00,0.00,0.0,0.000,0.002,63.003,11.560,0.00
1786350970,bench_mixed,0.00,0.00,0.0,0.000,0.002,63.003,11.563,0.00
1786350975,bench_mixed,0.00,0.00,0.0,0.000,0.002,63.003,11.563,0.00
1786350980,bench_mixed,0.00,0.00,0.0,0.000,0.002,63.003,11.566,0.00
1786350985,bench_mixed,0.00,0.00,0.0,0.000,0.002,63.003,11.565,0.00
1786350990,bench_mixed,0.00,0.00,0.0,0.000,0.002,63.003,11.566,0.00
1786350995,bench_mixed,0.00,0.00,0.0,0.000,0.002,63.003,11.565,0.00
1786351000,bench_mixed,0.00,0.00,0.0,0.000,0.002,63.003,11.567,0.00
1786351005,bench_mixed,0.00,0.00,0.0,0.000,0.002,63.003,11.567,0.00
1786351010,bench_mixed,0.00,0.00,0.0,0.000,0.002,63.003,11.569,0.00
1786351015,bench_mixed,0.00,0.00,0.0,0.000,0.002,63.003,11.569,0.00
1786351020,bench_mixed,0.00,0.00,0.0,0.000,0.002,63.003,11.570,0.00
1786351025,bench_mixed,0.00,0.00,0.0,0.000,0.002,63.003,11.570,0.00
1786351031,bench_mixed,0.00,0.00,0.0,0.000,0.002,63.003,11.571,0.00
1786351036,bench_mixed,0.00,0.00,0.0,0.000,0.002,63.003,11.571,0.00
1786351041,bench_mixed,0.00,0.00,0.0,0.000,0.002,63.003,11.571,0.00
1786351046,bench_mixed,0.00,0.00,0.0,0.000,0.002,63.003,11.571,0.00
1786351051,bench_mixed,0.00,0.00,0.0,0.000,0.002,63.003,11.571,0.00
1786351056,bench_mixed,0.00,0.00,0.0,0.000,0.002,63.003,11.570,0.00
1786351061,bench_mixed,0.00,0.00,0.0,0.000,0.002,63.003,11.570,0.00
1786351066,bench_mixed,0.00,0.00,0.0,0.000,0.002,63.003,11.569,0.00
1786351071,bench_mixed,0.00,0.00,0.0,0.000,0.002,63.003,11.570,0.00
1786351076,bench_mixed,0.00,0.00,0.0,0.000,0.002,63.003,11.570,0.00
1786351081,bench_mixed,0.00,0.00,0.0,0.000,0.002,63.003,11.570,0.00
1786351086,bench_mixed,0.00,0.00,0.0,0.000,0.002,63.003,11.569,0.00
1786351091,bench_mixed,0.00,0.00,0.0,0.000,0.002,63.003,11.570,0.00
1786351096,bench_mixed,0.00,0.00,0.0,0.000,0.002,63.003,11.569,0.00
1786351101,bench_mixed,0.00,0.00,0.0,0.000,0.002,63.003,11.570,0.00
1786351106,bench_mixed,0.00,0.00,0.0,0.000,0.002,63.003,11.570,0.00
1786351111,bench_mixed,0.00,0.00,0.0,0.000,0.002,63.003,11.569,0.00
1786351116,bench_mixed,0.00,0.00,0.0,0.000,0.002,63.003,11.568,0.00
1786351122,bench_mixed,0.00,0.00,0.0,0.000,0.002,63.003,11.569,0.00
1786351127,bench_mixed,0.00,0.00,0.0,0.000,0.002,63.003,11.569,0.00
1786351132,bench_mixed,0.00,0.00,0.0,0.000,0.002,63.003,11.570,0.00
1786351137,bench_mixed,0.00,0.00,0.0,0.000,0.002,63.003,11.570,0.00
1786351142,bench_mixed,0.00,0.00,0.0,0.000,0.002,63.003,11.568,0.00
1786351147,bench_mixed,0.00,0.00,0.0,0.000,0.002,63.003,11.568,0.00
1786351152,bench_mixed,0.00,0.00,0.0,0.000,0.002,63.003,11.571,0.00
1786351157,bench_mixed,0.00,0.00,0.0,0.000,0.002,63.003,11.570,0.00
1786351162,bench_mixed,0.00,0.00,0.0,0.000,0.002,63.003,11.572,0.00
1786351167,bench_mixed,0.00,0.00,0.0,0.000,0.002,63.003,11.572,0.00
1786351172,bench_mixed,0.00,0.00,0.0,0.000,0.002,63.003,11.573,0.00
1786351177,bench_mixed,0.00,0.00,0.0,0.000,0.002,63.003,11.571,0.00
1786351182,bench_mixed,0.00,0.00,0.0,0.000,0.002,63.003,11.570,0.00
1786351187,bench_mixed,0.00,0.00,0.0,0.000,0.002,63.003,11.552,0.06
1786351192,bench_mixed,0.00,0.00,0.0,0.000,0.002,63.003,11.554,0.00
1786351197,bench_mixed,0.00,0.00,0.0,0.000,0.002,63.003,11.554,0.00
1786351202,bench_mixed,0.00,0.00,0.0,0.000,0.002,63.003,11.556,0.00
1786351207,bench_mixed,0.00,0.00,0.0,0.000,0.002,63.003,11.555,0.00
1786351212,bench_mixed,0.00,0.00,0.0,0.000,0.002,63.003,11.550,0.00
1786351218,bench_mixed,0.00,0.00,0.0,0.000,0.002,63.003,11.558,0.00
1786351223,bench_mixed,0.00,0.00,0.0,0.000,0.002,63.003,11.558,0.00
1786351228,bench_mixed,0.00,0.00,0.0,0.000,0.002,63.003,11.557,0.00
1786351233,bench_mixed,0.00,0.00,0.0,0.000,0.002,63.003,11.557,0.00
1786351238,bench_mixed,0.00,0.00,0.0,0.000,0.002,63.003,11.559,0.00
1786351243,bench_mixed,0.00,0.00,0.0,0.000,0.002,63.003,11.559,0.00
1786351248,bench_mixed,0.00,0.00,0.0,0.000,0.002,63.003,11.560,0.00
1786351253,bench_mixed,0.00,0.00,0.0,0.000,0.002,63.003,11.560,0.00
1786351258,bench_mixed,0.00,0.00,0.0,0.000,0.002,63.003,11.561,0.00
1786351263,bench_mixed,0.00,0.00,0.0,0.000,0.002,63.003,11.561,0.00
1786351268,bench_mixed,0.00,0.00,0.0,0.000,0.002,63.003,11.561,0.00
1786351273,bench_mixed,0.00,0.00,0.0,0.000,0.002,63.003,11.561,0.00
1786351278,bench_mixed,0.00,0.00,0.0,0.000,0.002,63.003,11.561,0.00
1786351283,bench_mixed,0.00,0.00,0.0,0.000,0.002,63.003,11.561,0.00
1786351288,bench_mixed,0.00,0.00,0.0,0.000,0.002,63.003,11.562,0.00
1786351293,bench_mixed,0.00,0.00,0.0,0.000,0.002,63.003,11.562,0.00
1786351298,bench_mixed,0.00,0.00,0.0,0.000,0.002,63.003,11.563,0.00
1786351303,bench_mixed,0.00,0.00,0.0,0.000,0.002,63.003,11.563,0.00
1786351308,bench_mixed,0.00,0.00,0.0,0.000,0.002,63.003,11.564,0.00
1786351313,bench_mixed,0.00,0.00,0.0,0.000,0.002,63.003,11.562,0.00
1786351319,bench_mixed,0.00,0.00,0.0,0.000,0.002,63.003,11.566,0.00
1786351324,bench_mixed,0.00,0.00,0.0,0.000,0.002,63.003,11.565,0.00
1786351329,bench_mixed,0.00,0.00,0.0,0.000,0.002,63.003,11.567,0.00
1786351334,bench_mixed,0.00,0.00,0.0,0.000,0.002,63.003,11.567,0.00
1786351339,bench_mixed,0.00,0.00,0.0,0.000,0.002,63.003,11.567,0.00
1786351344,bench_mixed,0.00,0.00,0.0,0.000,0.002,63.003,11.567,0.00
1786351349,bench_mixed,0.00,0.00,0.0,0.000,0.002,63.003,11.567,0.00
1786351354,bench_mixed,0.00,0.00,0.0,0.000,0.002,63.003,11.566,0.00
1786351359,bench_mixed,0.00,0.00,0.0,0.000,0.002,63.003,11.567,0.00
1786351364,bench_mixed,0.00,0.00,0.0,0.000,0.002,63.003,11.565,0.00
1786351369,bench_mixed,0.00,0.00,0.0,0.000,0.002,63.003,11.563,0.00
1786351374,bench_mixed,0.00,0.00,0.0,0.000,0.002,63.003,11.563,0.00
1786351379,bench_mixed,0.00,0.00,0.0,0.000,0.002,63.003,11.563,0.00
1786351384,bench_mixed,0.00,0.00,0.0,0.000,0.002,63.003,11.563,0.00
1786351389,bench_mixed,0.00,0.00,0.0,0.000,0.002,63.003,11.562,0.00
1786351394,bench_mixed,0.00,0.00,0.0,0.000,0.002,63.003,11.562,0.00
1786351399,bench_mixed,0.00,0.00,0.0,0.000,0.002,63.003,11.561,0.00
1786351404,bench_mixed,0.00,0.00,0.0,0.000,0.002,63.003,11.561,0.00
1786351409,bench_mixed,0.00,0.00,0.0,0.000,0.002,63.003,11.564,0.00
1786351415,bench_mixed,0.00,0.00,0.0,0.000,0.002,63.003,11.564,0.00
1786351420,bench_mixed,0.00,0.00,0.0,0.000,0.002,63.003,11.565,0.00
1786351425,bench_mixed,0.00,0.00,0.0,0.000,0.002,63.003,11.565,0.00
1786351430,bench_mixed,0.00,0.00,0.0,0.000,0.002,63.003,11.565,0.00
1786351435,bench_mixed,0.00,0.00,0.0,0.000,0.002,63.003,11.565,0.00
1786351440,bench_mixed,0.00,0.00,0.0,0.000,0.002,63.003,11.566,0.00
1786351445,bench_mixed,0.00,0.00,0.0,0.000,0.002,63.003,11.565,0.00
1786351450,bench_mixed,0.00,0.00,0.0,0.000,0.002,63.003,11.565,0.00
1786351455,bench_mixed,0.00,0.00,0.0,0.000,0.002,63.003,11.564,0.00
1786351460,bench_mixed,0.00,0.00,0.0,0.000,0.002,63.003,11.563,0.00
1786351465,bench_mixed,0.00,0.00,0.0,0.000,0.002,63.003,11.563,0.00
1786351470,bench_mixed,0.00,0.00,0.0,0.000,0.002,63.003,11.565,0.00
1786351475,bench_mixed,0.00,0.00,0.0,0.000,0.002,63.003,11.565,0.00
1786351480,bench_mixed,0.00,0.00,0.0,0.000,0.002,63.003,11.567,0.00
1786351485,bench_mixed,0.00,0.00,0.0,0.000,0.002,63.003,11.550,0.05
1786351490,bench_mixed,0.00,0.00,0.0,0.000,0.002,63.003,11.550,0.00
1786351495,bench_mixed,0.00,0.00,0.0,0.000,0.002,63.003,11.550,0.00
1786351500,bench_mixed,0.00,0.00,0.0,0.000,0.002,63.003,11.552,0.00
1786351505,bench_mixed,0.00,0.00,0.0,0.000,0.002,63.003,11.550,0.00
1786351511,bench_mixed,0.00,0.00,0.0,0.000,0.002,63.003,11.552,0.00
1786351516,bench_mixed,0.00,0.00,0.0,0.000,0.002,63.003,11.552,0.00
1786351521,bench_mixed,0.00,0.00,0.0,0.000,0.002,63.003,11.551,0.00
1786351526,bench_mixed,0.00,0.00,0.0,0.000,0.002,63.003,11.551,0.00
1786351531,bench_mixed,0.00,0.00,0.0,0.000,0.002,63.003,11.552,0.00
1786351536,bench_mixed,0.00,0.00,0.0,0.000,0.002,63.003,11.551,0.00
1786351541,bench_mixed,0.00,0.00,0.0,0.000,0.002,63.003,11.553,0.00
1786351546,bench_mixed,0.00,0.00,0.0,0.000,0.002,63.003,11.553,0.00
1786351551,bench_mixed,0.00,0.00,0.0,0.000,0.002,63.003,11.554,0.00
1786351556,bench_mixed,0.00,0.00,0.0,0.000,0.002,63.003,11.553,0.00
1786351561,bench_mixed,0.00,0.00,0.0,0.000,0.002,63.003,11.555,0.00
1786351566,bench_mixed,0.00,0.00,0.0,0.000,0.002,63.003,11.554,0.00
1786351571,bench_mixed,0.00,0.00,0.0,0.000,0.002,63.003,11.555,0.00
1786351576,bench_mixed,0.00,0.00,0.0,0.000,0.002,63.003,11.556,0.00
1786351581,bench_mixed,0.00,0.00,0.0,0.000,0.002,63.003,11.556,0.00
1786351586,bench_mixed,0.00,0.00,0.0,0.000,0.002,63.003,11.559,0.00
1786351591,bench_mixed,0.00,0.00,0.0,0.000,0.002,63.003,11.558,0.00
1786351596,bench_mixed,0.00,0.00,0.0,0.000,0.002,63.003,11.559,0.00
1786351601,bench_mixed,0.00,0.00,0.0,0.000,0.002,63.003,11.559,0.00
1786351607,bench_mixed,0.00,0.00,0.0,0.000,0.002,63.003,11.558,0.00
1786351612,bench_mixed,0.00,0.00,0.0,0.000,0.002,63.003,11.558,0.00
1786351617,bench_mixed,0.00,0.00,0.0,0.000,0.002,63.003,11.559,0.00
1786351622,bench_mixed,0.00,0.00,0.0,0.000,0.002,63.003,11.559,0.00
1786351627,bench_mixed,0.00,0.00,0.0,0.000,0.002,63.003,11.560,0.00
1786351632,bench_mixed,0.00,0.00,0.0,0.000,0.002,63.003,11.560,0.00
1786351637,bench_mixed,0.00,0.00,0.0,0.000,0.002,63.003,11.563,0.00
1786351642,bench_mixed,0.00,0.00,0.0,0.000,0.002,63.003,11.563,0.00
1786351647,bench_mixed,0.00,0.00,0.0,0.000,0.002,63.003,11.564,0.00
1786351652,bench_mixed,0.00,0.00,0.0,0.000,0.002,63.003,11.564,0.00
1786351657,bench_mixed,0.00,0.00,0.0,0.000,0.002,63.003,11.564,0.00
1786351662,bench_mixed,0.00,0.00,0.0,0.000,0.002,63.003,11.564,0.00
1786351667,bench_mixed,0.00,0.00,0.0,0.000,0.002,63.003,11.565,0.00
1786351672,bench_mixed,0.00,0.00,0.0,0.000,0.002,63.003,11.565,0.00
1786351677,bench_mixed,0.00,0.00,0.0,0.000,0.002,63.003,11.565,0.00
1786351682,bench_mixed,0.00,0.00,0.0,0.000,0.002,63.003,11.565,0.00
1786351687,bench_mixed,0.00,0.00,0.0,0.000,0.002,63.003,11.565,0.00
1786351692,bench_mixed,0.00,0.00,0.0,0.000,0.002,63.003,11.565,0.00
1786351697,bench_mixed,0.00,0.00,0.0,0.000,0.002,63.003,11.564,0.00
1786351703,bench_mixed,0.00,0.00,0.0,0.000,0.002,63.003,11.564,0.00
1786351708,bench_mixed,0.00,0.00,0.0,0.000,0.002,63.003,11.565,0.00
1786351713,bench_mixed,0.00,0.00,0.0,0.000,0.002,63.003,11.565,0.00
1786351718,bench_mixed,0.00,0.00,0.0,0.000,0.002,63.003,11.568,0.00
1786351723,bench_mixed,0.00,0.00,0.0,0.000,0.002,63.003,11.568,0.00
1786351728,bench_mixed,0.00,0.00,0.0,0.000,0.002,63.003,11.568,0.00
1786351733,bench_mixed,0.00,0.00,0.0,0.000,0.002,63.003,11.568,0.00
1786351738,bench_mixed,0.00,0.00,0.0,0.000,0.002,63.003,11.569,0.00
1786351743,bench_mixed,0.00,0.00,0.0,0.000,0.002,63.003,11.568,0.00
1786351748,bench_mixed,0.00,0.00,0.0,0.000,0.002,63.003,11.567,0.00
1786351753,bench_mixed,0.00,0.00,0.0,0.000,0.002,63.003,11.566,0.00
1786351758,bench_mixed,0.00,0.00,0.0,0.000,0.002,63.003,11.568,0.00
1786351763,bench_mixed,0.00,0.00,0.0,0.000,0.002,63.003,11.568,0.00
1786351768,bench_mixed,0.00,0.00,0.0,0.000,0.002,63.003,11.568,0.00
1786351773,bench_mixed,0.00,0.00,0.0,0.000,0.002,63.003,11.568,0.00
1786351778,bench_mixed,0.00,0.00,0.0,0.000,0.002,63.003,11.568,0.00
1786351783,bench_mixed,0.00,0.00,0.0,0.000,0.002,63.003,11.555,0.03
1786351788,bench_mixed,0.00,0.00,0.0,0.000,0.002,63.003,11.549,0.03
1786351794,bench_mixed,0.00,0.00,0.0,0.000,0.002,63.003,11.549,0.00
1786351799,bench_mixed,0.00,0.00,0.0,0.000,0.002,63.003,11.553,0.00
1786351804,bench_mixed,0.00,0.00,0.0,0.000,0.002,63.003,11.553,0.00
1786351809,bench_mixed,0.00,0.00,0.0,0.000,0.002,63.003,11.555,0.00
1786351814,bench_mixed,0.00,0.00,0.0,0.000,0.002,63.003,11.556,0.00
1786351819,bench_mixed,0.00,0.00,0.0,0.000,0.002,63.003,11.557,0.00
1786351824,bench_mixed,0.00,0.00,0.0,0.000,0.002,63.003,11.557,0.00
1786351829,bench_mixed,0.00,0.00,0.0,0.000,0.002,63.003,11.559,0.00
1786351834,bench_mixed,0.00,0.00,0.0,0.000,0.002,63.003,11.558,0.00
1786351839,bench_mixed,0.00,0.00,0.0,0.000,0.002,63.003,11.557,0.00
1786351844,bench_mixed,0.00,0.00,0.0,0.000,0.002,63.003,11.557,0.00
1786351849,bench_mixed,0.00,0.00,0.0,0.000,0.002,63.003,11.558,0.00
1786351854,bench_mixed,0.00,0.00,0.0,0.000,0.002,63.003,11.558,0.00
1786351859,bench_mixed,0.00,0.00,0.0,0.000,0.002,63.003,11.559,0.00
1786351864,bench_mixed,0.00,0.00,0.0,0.000,0.002,63.003,11.559,0.00
1786351869,bench_mixed,0.00,0.00,0.0,0.000,0.002,63.003,11.560,0.00
1786351874,bench_mixed,0.00,0.00,0.0,0.000,0.002,63.003,11.560,0.00
1786351879,bench_mixed,0.00,0.00,0.0,0.000,0.002,63.003,11.565,0.00
1786351884,bench_mixed,0.00,0.00,0.0,0.000,0.002,63.003,11.564,0.00
1786351890,bench_mixed,0.00,0.00,0.0,0.000,0.002,63.003,11.563,0.00
1786351895,bench_mixed,0.00,0.00,0.0,0.000,0.002,63.003,11.562,0.00
1786351900,bench_mixed,0.00,0.00,0.0,0.000,0.002,63.003,11.564,0.00
1786351905,bench_mixed,0.00,0.00,0.0,0.000,0.002,63.003,11.563,0.00
1786351910,bench_mixed,0.00,0.00,0.0,0.000,0.002,63.003,11.562,0.00
1786351915,bench_mixed,0.00,0.00,0.0,0.000,0.002,63.003,11.562,0.00
1786351920,bench_mixed,0.00,0.00,0.0,0.000,0.002,63.003,11.562,0.00
1786351925,bench_mixed,0.00,0.00,0.0,0.000,0.002,63.003,11.561,0.00
1786351930,bench_mixed,0.00,0.00,0.0,0.000,0.002,63.003,11.554,0.00
1786351935,bench_mixed,0.00,0.00,0.0,0.000,0.002,63.003,11.560,0.00
1786351940,bench_mixed,0.00,0.00,0.0,0.000,0.002,63.003,11.560,0.00
1786351945,bench_mixed,0.00,0.00,0.0,0.000,0.002,63.003,11.561,0.00
1786351950,bench_mixed,0.00,0.00,0.0,0.000,0.002,63.003,11.562,0.00
1786351955,bench_mixed,0.00,0.00,0.0,0.000,0.002,63.003,11.561,0.00
1786351960,bench_mixed,0.00,0.00,0.0,0.000,0.002,63.003,11.561,0.00
1786351965,bench_mixed,0.00,0.00,0.0,0.000,0.002,63.003,11.561,0.00
1786351970,bench_mixed,0.00,0.00,0.0,0.000,0.002,63.003,11.560,0.00
1786351975,bench_mixed,0.00,0.00,0.0,0.000,0.002,63.003,11.565,0.00
1786351980,bench_mixed,0.00,0.00,0.0,0.000,0.002,63.003,11.565,0.00
1786351986,bench_mixed,0.00,0.00,0.0,0.000,0.002,63.003,11.565,0.00
1786351991,bench_mixed,0.00,0.00,0.0,0.000,0.002,63.003,11.565,0.00
1786351996,bench_mixed,0.00,0.00,0.0,0.000,0.002,63.003,11.565,0.00
1786352001,bench_mixed,0.00,0.00,0.0,0.000,0.002,63.003,11.564,0.00
1786352006,bench_mixed,0.00,0.00,0.0,0.000,0.002,63.003,11.567,0.00
1786352011,bench_mixed,0.00,0.00,0.0,0.000,0.002,63.003,11.567,0.00
1786352016,bench_mixed,0.00,0.00,0.0,0.000,0.002,63.003,11.566,0.00
1786352021,bench_mixed,0.00,0.00,0.0,0.000,0.002,63.003,11.566,0.00
1786352026,bench_mixed,0.00,0.00,0.0,0.000,0.002,63.003,11.568,0.00
1786352031,bench_mixed,0.00,0.00,0.0,0.000,0.002,63.003,11.568,0.00
1786352036,bench_mixed,0.00,0.00,0.0,0.000,0.002,63.003,11.567,0.00
1786352041,bench_mixed,0.00,0.00,0.0,0.000,0.002,63.003,11.567,0.00
1786352046,bench_mixed,0.00,0.00,0.0,0.000,0.002,63.003,11.568,0.00
1786352051,bench_mixed,0.00,0.00,0.0,0.000,0.002,63.003,11.568,0.00
1786352056,bench_mixed,0.00,0.00,0.0,0.000,0.002,63.003,11.568,0.00
1786352061,bench_mixed,0.00,0.00,0.0,0.000,0.002,63.003,11.568,0.00
1786352066,bench_mixed,0.00,0.00,0.0,0.000,0.002,63.003,11.571,0.00
1786352071,bench_mixed,0.00,0.00,0.0,0.000,0.002,63.003,11.570,0.00
1786352077,bench_mixed,0.00,0.00,0.0,0.000,0.002,63.003,11.572,0.00
1786352082,bench_mixed,0.00,0.00,0.0,0.000,0.002,63.003,11.571,0.00
1786352087,bench_mixed,0.00,0.00,0.0,0.000,0.002,63.003,11.557,0.06
1786352092,bench_mixed,0.00,0.00,0.0,0.000,0.002,63.003,11.557,0.00
1786352097,bench_mixed,0.00,0.00,0.0,0.000,0.002,63.003,11.560,0.00
1786352102,bench_mixed,0.00,0.00,0.0,0.000,0.002,63.003,11.557,0.00
1786352107,bench_mixed,0.00,0.00,0.0,0.000,0.002,63.003,11.559,0.00
1786352112,bench_mixed,0.00,0.00,0.0,0.000,0.002,63.003,11.559,0.00
1786352117,bench_mixed,0.00,0.00,0.0,0.000,0.002,63.003,11.561,0.00
1786352122,bench_mixed,0.00,0.00,0.0,0.000,0.002,63.003,11.560,0.00
1786352127,bench_mixed,0.00,0.00,0.0,0.000,0.002,63.003,11.561,0.00
1786352132,bench_mixed,0.00,0.00,0.0,0.000,0.002,63.003,11.560,0.00
1786352137,bench_mixed,0.00,0.00,0.0,0.000,0.002,63.003,11.560,0.00
1786352142,bench_mixed,0.00,0.00,0.0,0.000,0.002,63.003,11.560,0.00
1786352147,bench_mixed,0.00,0.00,0.0,0.000,0.002,63.003,11.562,0.00
1786352152,bench_mixed,0.00,0.00,0.0,0.000,0.002,63.003,11.561,0.00
1786352157,bench_mixed,0.00,0.00,0.0,0.000,0.002,63.003,11.564,0.00
1786352162,bench_mixed,0.00,0.00,0.0,0.000,0.002,63.003,11.564,0.00
1786352167,bench_mixed,0.00,0.00,0.0,0.000,0.002,63.003,11.565,0.00
1786352173,bench_mixed,0.00,0.00,0.0,0.000,0.002,63.003,11.565,0.00
1786352178,bench_mixed,0.00,0.00,0.0,0.000,0.002,63.003,11.566,0.00
1786352183,bench_mixed,0.00,0.00,0.0,0.000,0.002,63.003,11.565,0.00
1786352188,bench_mixed,0.00,0.00,0.0,0.000,0.002,63.003,11.565,0.00
1786352193,bench_mixed,0.00,0.00,0.0,0.000,0.002,63.003,11.566,0.00
1786352198,bench_mixed,0.00,0.00,0.0,0.000,0.002,63.003,11.568,0.00
1786352203,bench_mixed,0.00,0.00,0.0,0.000,0.002,63.003,11.567,0.00
1786352208,bench_mixed,0.00,0.00,0.0,0.000,0.002,63.003,11.567,0.00
1786352213,bench_mixed,0.00,0.00,0.0,0.000,0.002,63.003,11.566,0.00
1786352218,bench_mixed,0.00,0.00,0.0,0.000,0.002,63.003,11.569,0.00
1786352223,bench_mixed,0.00,0.00,0.0,0.000,0.002,63.003,11.569,0.00
1786352228,bench_mixed,0.00,0.00,0.0,0.000,0.002,63.003,11.570,0.00
1786352233,bench_mixed,0.00,0.00,0.0,0.000,0.002,63.003,11.569,0.00
1786352238,bench_mixed,0.00,0.00,0.0,0.000,0.002,63.003,11.570,0.00
1786352243,bench_mixed,0.00,0.00,0.0,0.000,0.002,63.003,11.570,0.00
1786352248,bench_mixed,0.00,0.00,0.0,0.000,0.002,63.003,11.570,0.00
1786352253,bench_mixed,0.00,0.00,0.0,0.000,0.002,63.003,11.569,0.00
1786352258,bench_mixed,0.00,0.00,0.0,0.000,0.002,63.003,11.571,0.00
1786352263,bench_mixed,0.00,0.00,0.0,0.000,0.002,63.003,11.570,0.00
1786352269,bench_mixed,0.00,0.00,0.0,0.000,0.002,63.003,11.571,0.00
1786352274,bench_mixed,0.00,0.00,0.0,0.000,0.002,63.003,11.570,0.00
1786352279,bench_mixed,0.00,0.00,0.0,0.000,0.002,63.003,11.571,0.00
1786352284,bench_mixed,0.00,0.00,0.0,0.000,0.002,63.003,11.571,0.00
1786352289,bench_mixed,0.00,0.00,0.0,0.000,0.002,63.003,11.571,0.00
1786352294,bench_mixed,0.00,0.00,0.0,0.000,0.002,63.003,11.571,0.00
1786352299,bench_mixed,0.00,0.00,0.0,0.000,0.002,63.003,11.571,0.00
1786352304,bench_mixed,0.00,0.00,0.0,0.000,0.002,63.003,11.572,0.00
1786352309,bench_mixed,0.00,0.00,0.0,0.000,0.002,63.003,11.571,0.00
1786352314,bench_mixed,0.00,0.00,0.0,0.000,0.002,63.003,11.572,0.00
1786352319,bench_mixed,0.00,0.00,0.0,0.000,0.002,63.003,11.572,0.00
1786352324,bench_mixed,0.00,0.00,0.0,0.000,0.002,63.003,11.572,0.00
1786352329,bench_mixed,0.00,0.00,0.0,0.000,0.002,63.003,11.572,0.00
1786352334,bench_mixed,0.00,0.00,0.0,0.000,0.002,63.003,11.569,0.00
1786352339,bench_mixed,0.00,0.00,0.0,0.000,0.002,63.003,11.569,0.00
1786352344,bench_mixed,0.00,0.00,0.0,0.000,0.002,63.003,11.570,0.00
1786352349,bench_mixed,0.00,0.00,0.0,0.000,0.002,63.003,11.570,0.00
1786352354,bench_mixed,0.00,0.00,0.0,0.000,0.002,63.003,11.572,0.00
1786352359,bench_mixed,0.00,0.00,0.0,0.000,0.002,63.003,11.572,0.00
1786352365,bench_mixed,0.00,0.00,0.0,0.000,0.002,63.003,11.573,0.00
1786352370,bench_mixed,0.00,0.00,0.0,0.000,0.002,63.003,11.572,0.00
1786352375,bench_mixed,0.00,0.00,0.0,0.000,0.002,63.003,11.573,0.00
1786352380,bench_mixed,0.00,0.00,0.0,0.000,0.002,63.003,11.572,0.00
1786352385,bench_mixed,0.00,0.00,0.0,0.000,0.002,63.003,11.554,0.05
1786352390,bench_mixed,0.00,0.00,0.0,0.000,0.002,63.003,11.551,0.01
1786352395,bench_mixed,0.00,0.00,0.0,0.000,0.002,63.003,11.554,0.00
1786352400,bench_mixed,0.00,0.00,0.0,0.000,0.002,63.003,11.553,0.00
1786352405,bench_mixed,0.00,0.00,0.0,0.000,0.002,63.003,11.555,0.00
1786352410,bench_mixed,0.00,0.00,0.0,0.000,0.002,63.003,11.554,0.00
1786352415,bench_mixed,0.00,0.00,0.0,0.000,0.002,63.003,11.558,0.00
1786352420,bench_mixed,0.00,0.00,0.0,0.000,0.002,63.003,11.558,0.00
1786352425,bench_mixed,0.00,0.00,0.0,0.000,0.002,63.003,11.563,0.00
1786352430,bench_mixed,0.00,0.00,0.0,0.000,0.002,63.003,11.563,0.00
1786352435,bench_mixed,0.00,0.00,0.0,0.000,0.002,63.003,11.563,0.00
1786352440,bench_mixed,0.00,0.00,0.0,0.000,0.002,63.003,11.563,0.00
1786352445,bench_mixed,0.00,0.00,0.0,0.000,0.002,63.003,11.564,0.00
1786352450,bench_mixed,0.00,0.00,0.0,0.000,0.002,63.003,11.563,0.00
1786352455,bench_mixed,0.00,0.00,0.0,0.000,0.002,63.003,11.565,0.00
1786352461,bench_mixed,0.00,0.00,0.0,0.000,0.002,63.003,11.565,0.00
1786352466,bench_mixed,0.00,0.00,0.0,0.000,0.002,63.003,11.566,0.00
1786352471,bench_mixed,0.00,0.00,0.0,0.000,0.002,63.003,11.564,0.00
1786352476,bench_mixed,0.00,0.00,0.0,0.000,0.002,63.003,11.562,0.00
1786352481,bench_mixed,0.00,0.00,0.0,0.000,0.002,63.003,11.562,0.00
1786352486,bench_mixed,0.00,0.00,0.0,0.000,0.002,63.003,11.563,0.00
1786352491,bench_mixed,0.00,0.00,0.0,0.000,0.002,63.003,11.563,0.00
1786352496,bench_mixed,0.00,0.00,0.0,0.000,0.002,63.003,11.563,0.00
1786352501,bench_mixed,0.00,0.00,0.0,0.000,0.002,63.003,11.563,0.00
1786352506,bench_mixed,0.00,0.00,0.0,0.000,0.002,63.003,11.565,0.00
1786352511,bench_mixed,0.00,0.00,0.0,0.000,0.002,63.003,11.564,0.00
1786352516,bench_mixed,0.00,0.00,0.0,0.000,0.002,63.003,11.565,0.00
1786352521,bench_mixed,0.00,0.00,0.0,0.000,0.002,63.003,11.565,0.00
1786352526,bench_mixed,0.00,0.00,0.0,0.000,0.002,63.003,11.566,0.00
1786352531,bench_mixed,0.00,0.00,0.0,0.000,0.002,63.003,11.567,0.00
1786352536,bench_mixed,0.00,0.00,0.0,0.000,0.002,63.003,11.566,0.00
1786352541,bench_mixed,0.00,0.00,0.0,0.000,0.002,63.003,11.567,0.00
1786352546,bench_mixed,0.00,0.00,0.0,0.000,0.002,63.003,11.564,0.00
1786352552,bench_mixed,0.00,0.00,0.0,0.000,0.002,63.003,11.564,0.00
1786352557,bench_mixed,0.00,0.00,0.0,0.000,0.002,63.003,11.567,0.00
1786352562,bench_mixed,0.00,0.00,0.0,0.000,0.002,63.003,11.567,0.00
1786352567,bench_mixed,0.00,0.00,0.0,0.000,0.002,63.003,11.568,0.00
1786352572,bench_mixed,0.00,0.00,0.0,0.000,0.002,63.003,11.568,0.00
1786352577,bench_mixed,0.00,0.00,0.0,0.000,0.002,63.003,11.568,0.00
1786352582,bench_mixed,0.00,0.00,0.0,0.000,0.002,63.003,11.568,0.00
1786352587,bench_mixed,0.00,0.00,0.0,0.000,0.002,63.003,11.567,0.00
1786352592,bench_mixed,0.00,0.00,0.0,0.000,0.002,63.003,11.567,0.00
1786352597,bench_mixed,0.00,0.00,0.0,0.000,0.002,63.003,11.567,0.00
1786352602,bench_mixed,0.00,0.00,0.0,0.000,0.002,63.003,11.566,0.00
1786352607,bench_mixed,0.00,0.00,0.0,0.000,0.002,63.003,11.569,0.00
1786352612,bench_mixed,0.00,0.00,0.0,0.000,0.002,63.003,11.568,0.00
1786352617,bench_mixed,0.00,0.00,0.0,0.000,0.002,63.003,11.568,0.00
1786352622,bench_mixed,0.00,0.00,0.0,0.000,0.002,63.003,11.567,0.00
1786352627,bench_mixed,0.00,0.00,0.0,0.000,0.002,63.003,11.568,0.00
1786352632,bench_mixed,0.00,0.00,0.0,0.000,0.002,63.003,11.567,0.00
1786352637,bench_mixed,0.00,0.00,0.0,0.000,0.002,63.003,11.567,0.00
1786352642,bench_mixed,0.00,0.00,0.0,0.000,0.002,63.003,11.567,0.00
1786352648,bench_mixed,0.00,0.00,0.0,0.000,0.002,63.003,11.568,0.00
1786352653,bench_mixed,0.00,0.00,0.0,0.000,0.002,63.003,11.568,0.00
1786352658,bench_mixed,0.00,0.00,0.0,0.000,0.002,63.003,11.567,0.00
1786352663,bench_mixed,0.00,0.00,0.0,0.000,0.002,63.003,11.568,0.00
1786352668,bench_mixed,0.00,0.00,0.0,0.000,0.002,63.003,11.568,0.00
1786352673,bench_mixed,0.00,0.00,0.0,0.000,0.002,63.003,11.569,0.00
1786352678,bench_mixed,0.00,0.00,0.0,0.000,0.002,63.003,11.569,0.00
1786352683,bench_mixed,0.00,0.00,0.0,0.000,0.002,63.003,11.568,0.00
1786352688,bench_mixed,0.00,0.00,0.0,0.000,0.002,63.003,11.551,0.06
1786352693,bench_mixed,0.00,0.00,0.0,0.000,0.002,63.003,11.551,0.00
1786352698,bench_mixed,0.00,0.00,0.0,0.000,0.002,63.003,11.551,0.00
1786352703,bench_mixed,0.00,0.00,0.0,0.000,0.002,63.003,11.549,0.00
1786352708,bench_mixed,0.00,0.00,0.0,0.000,0.002,63.003,11.549,0.00
1786352713,bench_mixed,0.00,0.00,0.0,0.000,0.002,63.003,11.551,0.00
1786352718,bench_mixed,0.00,0.00,0.0,0.000,0.002,63.003,11.551,0.00
1786352723,bench_mixed,0.00,0.00,0.0,0.000,0.002,63.003,11.552,0.00
1786352728,bench_mixed,0.00,0.00,0.0,0.000,0.002,63.003,11.552,0.00
1786352733,bench_mixed,0.00,0.00,0.0,0.000,0.002,63.003,11.555,0.00
1786352738,bench_mixed,0.00,0.00,0.0,0.000,0.002,63.003,11.554,0.00
1786352744,bench_mixed,0.00,0.00,0.0,0.000,0.002,63.003,11.556,0.00
1786352749,bench_mixed,0.00,0.00,0.0,0.000,0.002,63.003,11.555,0.00
1786352754,bench_mixed,0.00,0.00,0.0,0.000,0.002,63.003,11.557,0.00
1786352759,bench_mixed,0.00,0.00,0.0,0.000,0.002,63.003,11.557,0.00
1786352764,bench_mixed,0.00,0.00,0.0,0.000,0.002,63.003,11.557,0.00
1786352769,bench_mixed,0.00,0.00,0.0,0.000,0.002,63.003,11.557,0.00
1786352774,bench_mixed,0.00,0.00,0.0,0.000,0.002,63.003,11.559,0.00
1786352779,bench_mixed,0.00,0.00,0.0,0.000,0.002,63.003,11.559,0.00
1786352784,bench_mixed,0.00,0.00,0.0,0.000,0.002,63.003,11.560,0.00
1786352789,bench_mixed,0.00,0.00,0.0,0.000,0.002,63.003,11.560,0.00
1786352794,bench_mixed,0.00,0.00,0.0,0.000,0.002,63.003,11.561,0.00
1786352799,bench_mixed,0.00,0.00,0.0,0.000,0.002,63.003,11.560,0.00
1786352804,bench_mixed,0.00,0.00,0.0,0.000,0.002,63.003,11.560,0.00
1786352809,bench_mixed,0.00,0.00,0.0,0.000,0.002,63.003,11.560,0.00
1786352814,bench_mixed,0.00,0.00,0.0,0.000,0.002,63.003,11.561,0.00
1786352819,bench_mixed,0.00,0.00,0.0,0.000,0.002,63.003,11.561,0.00
1786352824,bench_mixed,0.00,0.00,0.0,0.000,0.002,63.003,11.558,0.00
1786352829,bench_mixed,0.00,0.00,0.0,0.000,0.002,63.003,11.557,0.00
1786352834,bench_mixed,0.00,0.00,0.0,0.000,0.002,63.003,11.560,0.00
1786352840,bench_mixed,0.00,0.00,0.0,0.000,0.002,63.003,11.560,0.00
1786352845,bench_mixed,0.00,0.00,0.0,0.000,0.002,63.003,11.561,0.00
1786352850,bench_mixed,0.00,0.00,0.0,0.000,0.002,63.003,11.561,0.00
1786352855,bench_mixed,0.00,0.00,0.0,0.000,0.002,63.003,11.562,0.00
1786352860,bench_mixed,0.00,0.00,0.0,0.000,0.002,63.003,11.561,0.00
1786352865,bench_mixed,0.00,0.00,0.0,0.000,0.002,63.003,11.562,0.00
1786352870,bench_mixed,0.00,0.00,0.0,0.000,0.002,63.003,11.561,0.00
1786352875,bench_mixed,0.00,0.00,0.0,0.000,0.002,63.003,11.564,0.00
1786352880,bench_mixed,0.00,0.00,0.0,0.000,0.002,63.003,11.563,0.00
1786352885,bench_mixed,0.00,0.00,0.0,0.000,0.002,63.003,11.563,0.00
1786352890,bench_mixed,0.00,0.00,0.0,0.000,0.002,63.003,11.564,0.00
1786352895,bench_mixed,0.00,0.00,0.0,0.000,0.002,63.003,11.566,0.00
1786352900,bench_mixed,0.00,0.00,0.0,0.000,0.002,63.003,11.566,0.00
1786352905,bench_mixed,0.00,0.00,0.0,0.000,0.002,63.003,11.567,0.00
1786352910,bench_mixed,0.00,0.00,0.0,0.000,0.002,63.003,11.567,0.00
1786352915,bench_mixed,0.00,0.00,0.0,0.000,0.002,63.003,11.569,0.00
1786352920,bench_mixed,0.00,0.00,0.0,0.000,0.002,63.003,11.569,0.00
1786352925,bench_mixed,0.00,0.00,0.0,0.000,0.002,63.003,11.567,0.00
1786352930,bench_mixed,0.00,0.00,0.0,0.000,0.002,63.003,11.567,0.00
1786352936,bench_mixed,0.00,0.00,0.0,0.000,0.002,63.003,11.569,0.00
1786352941,bench_mixed,0.00,0.00,0.0,0.000,0.002,63.003,11.568,0.00
1786352946,bench_mixed,0.00,0.00,0.0,0.000,0.002,63.003,11.568,0.00
1786352951,bench_mixed,0.00,0.00,0.0,0.000,0.002,63.003,11.568,0.00
1786352956,bench_mixed,0.00,0.00,0.0,0.000,0.002,63.003,11.568,0.00
1786352961,bench_mixed,0.00,0.00,0.0,0.000,0.002,63.003,11.568,0.00
1786352966,bench_mixed,0.00,0.00,0.0,0.000,0.002,63.003,11.569,0.00
1786352971,bench_mixed,0.00,0.00,0.0,0.000,0.002,63.003,11.568,0.00
1786352976,bench_mixed,0.00,0.00,0.0,0.000,0.002,63.003,11.569,0.00
1786352981,bench_mixed,0.00,0.00,0.0,0.000,0.002,63.003,11.568,0.00
1786352986,bench_mixed,0.00,0.00,0.0,0.000,0.002,63.003,11.550,0.06
1786352991,bench_mixed,0.00,0.00,0.0,0.000,0.002,63.003,11.549,0.00
1786352996,bench_mixed,0.00,0.00,0.0,0.000,0.002,63.003,11.552,0.00
1786353001,bench_mixed,0.00,0.00,0.0,0.000,0.002,63.003,11.552,0.00
1786353006,bench_mixed,0.00,0.00,0.0,0.000,0.002,63.003,11.556,0.00
1786353011,bench_mixed,0.00,0.00,0.0,0.000,0.002,63.003,11.556,0.00
1786353016,bench_mixed,0.00,0.00,0.0,0.000,0.002,63.003,11.556,0.00
1786353021,bench_mixed,0.00,0.00,0.0,0.000,0.002,63.003,11.558,0.00
1786353027,bench_mixed,0.00,0.00,0.0,0.000,0.002,63.003,11.558,0.00
1786353032,bench_mixed,0.00,0.00,0.0,0.000,0.002,63.003,11.557,0.00
1786353037,bench_mixed,0.00,0.00,0.0,0.000,0.002,63.003,11.557,0.00
1786353042,bench_mixed,0.00,0.00,0.0,0.000,0.002,63.003,11.559,0.00
1786353047,bench_mixed,0.00,0.00,0.0,0.000,0.002,63.003,11.558,0.00
1786353052,bench_mixed,0.00,0.00,0.0,0.000,0.002,63.003,11.560,0.00
1786353057,bench_mixed,0.00,0.00,0.0,0.000,0.002,63.003,11.559,0.00
1786353062,bench_mixed,0.00,0.00,0.0,0.000,0.002,63.003,11.561,0.00
1786353067,bench_mixed,0.00,0.00,0.0,0.000,0.002,63.003,11.561,0.00
1786353072,bench_mixed,0.00,0.00,0.0,0.000,0.002,63.003,11.563,0.00
1786353077,bench_mixed,0.00,0.00,0.0,0.000,0.002,63.003,11.563,0.00
1786353082,bench_mixed,0.00,0.00,0.0,0.000,0.002,63.003,11.564,0.00
1786353087,bench_mixed,0.00,0.00,0.0,0.000,0.002,63.003,11.563,0.00
1786353092,bench_mixed,0.00,0.00,0.0,0.000,0.002,63.003,11.565,0.00
1786353097,bench_mixed,0.00,0.00,0.0,0.000,0.002,63.003,11.565,0.00
1786353102,bench_mixed,0.00,0.00,0.0,0.000,0.002,63.003,11.567,0.00
1786353107,bench_mixed,0.00,0.00,0.0,0.000,0.002,63.003,11.566,0.00
1786353112,bench_mixed,0.00,0.00,0.0,0.000,0.002,63.003,11.570,0.00
1786353117,bench_mixed,0.00,0.00,0.0,0.000,0.002,63.003,11.569,0.00
1786353123,bench_mixed,0.00,0.00,0.0,0.000,0.002,63.003,11.569,0.00
1786353128,bench_mixed,0.00,0.00,0.0,0.000,0.002,63.003,11.568,0.00
1786353133,bench_mixed,0.00,0.00,0.0,0.000,0.002,63.003,11.568,0.00
1786353138,bench_mixed,0.00,0.00,0.0,0.000,0.002,63.003,11.567,0.00
1786353143,bench_mixed,0.00,0.00,0.0,0.000,0.002,63.003,11.568,0.00
1786353148,bench_mixed,0.00,0.00,0.0,0.000,0.002,63.003,11.568,0.00
1786353153,bench_mixed,0.00,0.00,0.0,0.000,0.002,63.003,11.568,0.00
1786353158,bench_mixed,0.00,0.00,0.0,0.000,0.002,63.003,11.568,0.00
1786353163,bench_mixed,0.00,0.00,0.0,0.000,0.002,63.003,11.569,0.00
1786353168,bench_mixed,0.00,0.00,0.0,0.000,0.002,63.003,11.569,0.00
1786353173,bench_mixed,0.00,0.00,0.0,0.000,0.002,63.003,11.567,0.00
1786353178,bench_mixed,0.00,0.00,0.0,0.000,0.002,63.003,11.569,0.00
1786353183,bench_mixed,0.00,0.00,0.0,0.000,0.002,63.003,11.570,0.00
1786353188,bench_mixed,0.00,0.00,0.0,0.000,0.002,63.003,11.570,0.00
1786353193,bench_mixed,0.00,0.00,0.0,0.000,0.002,63.003,11.570,0.00
1786353198,bench_mixed,0.00,0.00,0.0,0.000,0.002,63.003,11.569,0.00
1786353203,bench_mixed,0.00,0.00,0.0,0.000,0.002,63.003,11.568,0.00
1786353208,bench_mixed,0.00,0.00,0.0,0.000,0.002,63.003,11.568,0.00
1786353213,bench_mixed,0.00,0.00,0.0,0.000,0.002,63.003,11.568,0.00
1786353219,bench_mixed,0.00,0.00,0.0,0.000,0.002,63.003,11.569,0.00
1786353224,bench_mixed,0.00,0.00,0.0,0.000,0.002,63.003,11.570,0.00
1786353229,bench_mixed,0.00,0.00,0.0,0.000,0.002,63.003,11.570,0.00
1786353234,bench_mixed,0.00,0.00,0.0,0.000,0.002,63.003,11.570,0.00
1786353239,bench_mixed,0.00,0.00,0.0,0.000,0.002,63.003,11.570,0.00
1786353244,bench_mixed,0.00,0.00,0.0,0.000,0.002,63.003,11.570,0.00
1786353249,bench_mixed,0.00,0.00,0.0,0.000,0.002,63.003,11.570,0.00
1786353254,bench_mixed,0.00,0.00,0.0,0.000,0.002,63.003,11.571,0.00
1786353259,bench_mixed,0.00,0.00,0.0,0.000,0.002,63.003,11.571,0.00
1786353264,bench_mixed,0.00,0.00,0.0,0.000,0.002,63.003,11.572,0.00
1786353269,bench_mixed,0.00,0.00,0.0,0.000,0.002,63.003,11.571,0.00
1786353274,bench_mixed,0.00,0.00,0.0,0.000,0.002,63.003,11.571,0.00
1786353279,bench_mixed,0.00,0.00,0.0,0.000,0.002,63.003,11.571,0.00
1786353284,bench_mixed,0.00,0.00,0.0,0.000,0.002,63.003,11.557,0.04
1786353289,bench_mixed,0.00,0.00,0.0,0.000,0.002,63.003,11.553,0.02
1786353294,bench_mixed,0.00,0.00,0.0,0.000,0.002,63.003,11.555,0.00
1786353299,bench_mixed,0.00,0.00,0.0,0.000,0.002,63.003,11.555,0.00
1786353304,bench_mixed,0.00,0.00,0.0,0.000,0.002,63.003,11.557,0.00
1786353309,bench_mixed,0.00,0.00,0.0,0.000,0.002,63.003,11.557,0.00
1786353315,bench_mixed,0.00,0.00,0.0,0.000,0.002,63.003,11.559,0.00
1786353320,bench_mixed,0.00,0.00,0.0,0.000,0.002,63.003,11.559,0.00
1786353325,bench_mixed,0.00,0.00,0.0,0.000,0.002,63.003,11.560,0.00
1786353330,bench_mixed,0.00,0.00,0.0,0.000,0.002,63.003,11.561,0.00
1786353335,bench_mixed,0.00,0.00,0.0,0.000,0.002,63.003,11.562,0.00
1786353340,bench_mixed,0.00,0.00,0.0,0.000,0.002,63.003,11.562,0.00
1786353345,bench_mixed,0.00,0.00,0.0,0.000,0.002,63.003,11.564,0.00
1786353350,bench_mixed,0.00,0.00,0.0,0.000,0.002,63.003,11.562,0.00
1786353355,bench_mixed,0.00,0.00,0.0,0.000,0.002,63.003,11.561,0.00
1786353360,bench_mixed,0.00,0.00,0.0,0.000,0.002,63.003,11.560,0.00
1786353365,bench_mixed,0.00,0.00,0.0,0.000,0.002,63.003,11.563,0.00
1786353370,bench_mixed,0.00,0.00,0.0,0.000,0.002,63.003,11.562,0.00
1786353375,bench_mixed,0.00,0.00,0.0,0.000,0.002,63.003,11.562,0.00
1786353380,bench_mixed,0.00,0.00,0.0,0.000,0.002,63.003,11.564,0.00
1786353385,bench_mixed,0.00,0.00,0.0,0.000,0.002,63.003,11.563,0.00
1786353390,bench_mixed,0.00,0.00,0.0,0.000,0.002,63.003,11.564,0.00
1786353395,bench_mixed,0.00,0.00,0.0,0.000,0.002,63.003,11.564,0.00
1786353400,bench_mixed,0.00,0.00,0.0,0.000,0.002,63.003,11.565,0.00
1786353405,bench_mixed,0.00,0.00,0.0,0.000,0.002,63.003,11.564,0.00
1786353410,bench_mixed,0.00,0.00,0.0,0.000,0.002,63.003,11.567,0.00
1786353416,bench_mixed,0.00,0.00,0.0,0.000,0.002,63.003,11.567,0.00
1786353421,bench_mixed,0.00,0.00,0.0,0.000,0.002,63.003,11.567,0.00
1786353426,bench_mixed,0.00,0.00,0.0,0.000,0.002,63.003,11.567,0.00
1786353431,bench_mixed,0.00,0.00,0.0,0.000,0.002,63.003,11.568,0.00
1786353436,bench_mixed,0.00,0.00,0.0,0.000,0.002,63.003,11.567,0.00
1786353441,bench_mixed,0.00,0.00,0.0,0.000,0.002,63.003,11.568,0.00
1786353446,bench_mixed,0.00,0.00,0.0,0.000,0.002,63.003,11.567,0.00
1786353451,bench_mixed,0.00,0.00,0.0,0.000,0.002,63.003,11.570,0.00
1786353456,bench_mixed,0.00,0.00,0.0,0.000,0.002,63.003,11.569,0.00
1786353461,bench_mixed,0.00,0.00,0.0,0.000,0.002,63.003,11.570,0.00
1786353466,bench_mixed,0.00,0.00,0.0,0.000,0.002,63.003,11.570,0.00
1786353471,bench_mixed,0.00,0.00,0.0,0.000,0.002,63.003,11.570,0.00
1786353476,bench_mixed,0.00,0.00,0.0,0.000,0.002,63.003,11.570,0.00
1786353481,bench_mixed,0.00,0.00,0.0,0.000,0.002,63.003,11.570,0.00
1786353486,bench_mixed,0.00,0.00,0.0,0.000,0.002,63.003,11.569,0.00
1786353491,bench_mixed,0.00,0.00,0.0,0.000,0.002,63.003,11.572,0.00
1786353496,bench_mixed,0.00,0.00,0.0,0.000,0.002,63.003,11.573,0.00
1786353501,bench_mixed,0.00,0.00,0.0,0.000,0.002,63.003,11.570,0.00
1786353506,bench_mixed,0.00,0.00,0.0,0.000,0.002,63.003,11.569,0.00
1786353512,bench_mixed,0.00,0.00,0.0,0.000,0.002,63.003,11.570,0.00
1786353517,bench_mixed,0.00,0.00,0.0,0.000,0.002,63.003,11.569,0.00
1786353522,bench_mixed,0.00,0.00,0.0,0.000,0.002,63.003,11.571,0.00
1786353527,bench_mixed,0.00,0.00,0.0,0.000,0.002,63.003,11.570,0.00
1786353532,bench_mixed,0.00,0.00,0.0,0.000,0.002,63.003,11.569,0.00
1786353537,bench_mixed,0.00,0.00,0.0,0.000,0.002,63.003,11.568,0.00
1786353542,bench_mixed,0.00,0.00,0.0,0.000,0.002,63.003,11.569,0.00
1786353547,bench_mixed,0.00,0.00,0.0,0.000,0.002,63.003,11.569,0.00
1786353552,bench_mixed,0.00,0.00,0.0,0.000,0.002,63.003,11.572,0.00
1786353557,bench_mixed,0.00,0.00,0.0,0.000,0.002,63.003,11.571,0.00
1786353562,bench_mixed,0.00,0.00,0.0,0.000,0.002,63.003,11.572,0.00
1786353567,bench_mixed,0.00,0.00,0.0,0.000,0.002,63.003,11.572,0.00
1786353572,bench_mixed,0.00,0.00,0.0,0.000,0.002,63.003,11.572,0.00
1786353577,bench_mixed,0.00,0.00,0.0,0.000,0.002,63.003,11.574,0.00
1786353582,bench_mixed,0.00,0.00,0.0,0.000,0.002,63.003,11.574,0.00
1786353587,bench_mixed,0.00,0.00,0.0,0.000,0.002,63.003,11.554,0.06
1786353592,bench_mixed,0.00,0.00,0.0,0.000,0.002,63.003,11.556,0.00
1786353597,bench_mixed,0.00,0.00,0.0,0.000,0.002,63.003,11.556,0.00
1786353602,bench_mixed,0.00,0.00,0.0,0.000,0.002,63.003,11.558,0.00
1786353608,bench_mixed,0.00,0.00,0.0,0.000,0.002,63.003,11.558,0.00
1786353613,bench_mixed,0.00,0.00,0.0,0.000,0.002,63.003,11.560,0.00
1786353618,bench_mixed,0.00,0.00,0.0,0.000,0.002,63.003,11.560,0.00
1786353623,bench_mixed,0.00,0.00,0.0,0.000,0.002,63.003,11.562,0.00
1786353628,bench_mixed,0.00,0.00,0.0,0.000,0.002,63.003,11.563,0.00
1786353633,bench_mixed,0.00,0.00,0.0,0.000,0.002,63.003,11.563,0.00
1786353638,bench_mixed,0.00,0.00,0.0,0.000,0.002,63.003,11.562,0.00
1786353643,bench_mixed,0.00,0.00,0.0,0.000,0.002,63.003,11.563,0.00
1786353648,bench_mixed,0.00,0.00,0.0,0.000,0.002,63.003,11.562,0.00
1786353653,bench_mixed,0.00,0.00,0.0,0.000,0.002,63.003,11.562,0.00
1786353658,bench_mixed,0.00,0.00,0.0,0.000,0.002,63.003,11.563,0.00
1786353663,bench_mixed,0.00,0.00,0.0,0.000,0.002,63.003,11.564,0.00
1786353668,bench_mixed,0.00,0.00,0.0,0.000,0.002,63.003,11.563,0.00
1786353673,bench_mixed,0.00,0.00,0.0,0.000,0.002,63.003,11.564,0.00
1786353678,bench_mixed,0.00,0.00,0.0,0.000,0.002,63.003,11.563,0.00
1786353683,bench_mixed,0.00,0.00,0.0,0.000,0.002,63.003,11.564,0.00
1786353688,bench_mixed,0.00,0.00,0.0,0.000,0.002,63.003,11.563,0.00
1786353693,bench_mixed,0.00,0.00,0.0,0.000,0.002,63.003,11.561,0.00
1786353698,bench_mixed,0.00,0.00,0.0,0.000,0.002,63.003,11.561,0.00
1786353704,bench_mixed,0.00,0.00,0.0,0.000,0.002,63.003,11.562,0.00
1786353709,bench_mixed,0.00,0.00,0.0,0.000,0.002,63.003,11.561,0.00
1786353714,bench_mixed,0.00,0.00,0.0,0.000,0.002,63.003,11.562,0.00
1786353719,bench_mixed,0.00,0.00,0.0,0.000,0.002,63.003,11.561,0.00
1786353724,bench_mixed,0.00,0.00,0.0,0.000,0.002,63.003,11.552,0.00
1786353729,bench_mixed,0.00,0.00,0.0,0.000,0.002,63.003,11.563,0.00
1786353734,bench_mixed,0.00,0.00,0.0,0.000,0.002,63.003,11.563,0.00
1786353739,bench_mixed,0.00,0.00,0.0,0.000,0.002,63.003,11.564,0.00
1786353744,bench_mixed,0.00,0.00,0.0,0.000,0.002,63.003,11.563,0.00
1786353749,bench_mixed,0.00,0.00,0.0,0.000,0.002,63.003,11.565,0.00
1786353754,bench_mixed,0.00,0.00,0.0,0.000,0.002,63.003,11.565,0.00
1786353759,bench_mixed,0.00,0.00,0.0,0.000,0.002,63.003,11.563,0.00
1786353764,bench_mixed,0.00,0.00,0.0,0.000,0.002,63.003,11.563,0.00
1786353769,bench_mixed,0.00,0.00,0.0,0.000,0.002,63.003,11.566,0.00
1786353774,bench_mixed,0.00,0.00,0.0,0.000,0.002,63.003,11.566,0.00
1786353779,bench_mixed,0.00,0.00,0.0,0.000,0.002,63.003,11.567,0.00
1786353784,bench_mixed,0.00,0.00,0.0,0.000,0.002,63.003,11.567,0.00
1786353789,bench_mixed,0.00,0.00,0.0,0.000,0.002,63.003,11.567,0.00
1786353794,bench_mixed,0.00,0.00,0.0,0.000,0.002,63.003,11.568,0.00
1786353800,bench_mixed,0.00,0.00,0.0,0.000,0.002,63.003,11.565,0.00
1786353805,bench_mixed,0.00,0.00,0.0,0.000,0.002,63.003,11.564,0.00
1786353810,bench_mixed,0.00,0.00,0.0,0.000,0.002,63.003,11.565,0.00
1786353815,bench_mixed,0.00,0.00,0.0,0.000,0.002,63.003,11.565,0.00
1786353820,bench_mixed,0.00,0.00,0.0,0.000,0.002,63.003,11.568,0.00
1786353825,bench_mixed,0.00,0.00,0.0,0.000,0.002,63.003,11.567,0.00
1786353830,bench_mixed,0.00,0.00,0.0,0.000,0.002,63.003,11.567,0.00
1786353835,bench_mixed,0.00,0.00,0.0,0.000,0.002,63.003,11.568,0.00
1786353840,bench_mixed,0.00,0.00,0.0,0.000,0.002,63.003,11.567,0.00
1786353845,bench_mixed,0.00,0.00,0.0,0.000,0.002,63.003,11.568,0.00
1786353850,bench_mixed,0.00,0.00,0.0,0.000,0.002,63.003,11.567,0.00
1786353855,bench_mixed,0.00,0.00,0.0,0.000,0.002,63.003,11.567,0.00
1786353860,bench_mixed,0.00,0.00,0.0,0.000,0.002,63.003,11.568,0.00
1786353865,bench_mixed,0.00,0.00,0.0,0.000,0.002,63.003,11.567,0.00
1786353870,bench_mixed,0.00,0.00,0.0,0.000,0.002,63.003,11.568,0.00
1786353875,bench_mixed,0.00,0.00,0.0,0.000,0.002,63.003,11.568,0.00
1786353880,bench_mixed,0.00,0.00,0.0,0.000,0.002,63.003,11.567,0.00
1786353885,bench_mixed,0.00,0.00,0.0,0.000,0.002,63.003,11.550,0.05
1786353890,bench_mixed,0.00,0.00,0.0,0.000,0.002,63.003,11.553,0.01
1786353896,bench_mixed,0.00,0.00,0.0,0.000,0.002,63.003,11.553,0.00
1786353901,bench_mixed,0.00,0.00,0.0,0.000,0.002,63.003,11.556,0.00
1786353906,bench_mixed,0.00,0.00,0.0,0.000,0.002,63.003,11.555,0.00
1786353911,bench_mixed,0.00,0.00,0.0,0.000,0.002,63.003,11.556,0.00
1786353916,bench_mixed,0.00,0.00,0.0,0.000,0.002,63.003,11.556,0.00
1786353921,bench_mixed,0.00,0.00,0.0,0.000,0.002,63.003,11.558,0.00
1786353926,bench_mixed,0.00,0.00,0.0,0.000,0.002,63.003,11.557,0.00
1786353931,bench_mixed,0.00,0.00,0.0,0.000,0.002,63.003,11.561,0.00
1786353936,bench_mixed,0.00,0.00,0.0,0.000,0.002,63.003,11.561,0.00
1786353941,bench_mixed,0.00,0.00,0.0,0.000,0.002,63.003,11.563,0.00
1786353946,bench_mixed,0.00,0.00,0.0,0.000,0.002,63.003,11.564,0.00
1786353951,bench_mixed,0.00,0.00,0.0,0.000,0.002,63.003,11.564,0.00
1786353956,bench_mixed,0.00,0.00,0.0,0.000,0.002,63.003,11.564,0.00
1786353961,bench_mixed,0.00,0.00,0.0,0.000,0.002,63.003,11.565,0.00
1786353966,bench_mixed,0.00,0.00,0.0,0.000,0.002,63.003,11.564,0.00
1786353971,bench_mixed,0.00,0.00,0.0,0.000,0.002,63.003,11.567,0.00
1786353976,bench_mixed,0.00,0.00,0.0,0.000,0.002,63.003,11.566,0.00
1786353981,bench_mixed,0.00,0.00,0.0,0.000,0.002,63.003,11.563,0.00
1786353987,bench_mixed,0.00,0.00,0.0,0.000,0.002,63.003,11.564,0.00
1786353992,bench_mixed,0.00,0.00,0.0,0.000,0.002,63.003,11.564,0.00
1786353997,bench_mixed,0.00,0.00,0.0,0.000,0.002,63.003,11.563,0.00
1786354002,bench_mixed,0.00,0.00,0.0,0.000,0.002,63.003,11.563,0.00
1786354007,bench_mixed,0.00,0.00,0.0,0.000,0.002,63.003,11.563,0.00
1786354012,bench_mixed,0.00,0.00,0.0,0.000,0.002,63.003,11.561,0.00
1786354017,bench_mixed,0.00,0.00,0.0,0.000,0.002,63.003,11.561,0.00
1786354022,bench_mixed,0.00,0.00,0.0,0.000,0.002,63.003,11.563,0.00
1786354027,bench_mixed,0.00,0.00,0.0,0.000,0.002,63.003,11.563,0.00
1786354032,bench_mixed,0.00,0.00,0.0,0.000,0.002,63.003,11.564,0.00
1786354037,bench_mixed,0.00,0.00,0.0,0.000,0.002,63.003,11.564,0.00
1786354042,bench_mixed,0.00,0.00,0.0,0.000,0.002,63.003,11.565,0.00
1786354047,bench_mixed,0.00,0.00,0.0,0.000,0.002,63.003,11.566,0.00
1786354052,bench_mixed,0.00,0.00,0.0,0.000,0.002,63.003,11.568,0.00
1786354057,bench_mixed,0.00,0.00,0.0,0.000,0.002,63.003,11.568,0.00
1786354062,bench_mixed,0.00,0.00,0.0,0.000,0.002,63.003,11.565,0.00
1786354067,bench_mixed,0.00,0.00,0.0,0.000,0.002,63.003,11.565,0.00
1786354072,bench_mixed,0.00,0.00,0.0,0.000,0.002,63.003,11.567,0.00
1786354078,bench_mixed,0.00,0.00,0.0,0.000,0.002,63.003,11.567,0.00
1786354083,bench_mixed,0.00,0.00,0.0,0.000,0.002,63.003,11.568,0.00
1786354088,bench_mixed,0.00,0.00,0.0,0.000,0.002,63.003,11.567,0.00
1786354093,bench_mixed,0.00,0.00,0.0,0.000,0.002,63.003,11.566,0.00
1786354098,bench_mixed,0.00,0.00,0.0,0.000,0.002,63.003,11.568,0.00
1786354103,bench_mixed,0.00,0.00,0.0,0.000,0.002,63.003,11.568,0.00
1786354108,bench_mixed,0.00,0.00,0.0,0.000,0.002,63.003,11.569,0.00
1786354113,bench_mixed,0.00,0.00,0.0,0.000,0.002,63.003,11.568,0.00
1786354118,bench_mixed,0.00,0.00,0.0,0.000,0.002,63.003,11.569,0.00
1786354123,bench_mixed,0.00,0.00,0.0,0.000,0.002,63.003,11.569,0.00
1786354128,bench_mixed,0.00,0.00,0.0,0.000,0.002,63.003,11.568,0.00
1786354133,bench_mixed,0.00,0.00,0.0,0.000,0.002,63.003,11.567,0.00
1786354138,bench_mixed,0.00,0.00,0.0,0.000,0.002,63.003,11.568,0.00
1786354143,bench_mixed,0.00,0.00,0.0,0.000,0.002,63.003,11.567,0.00
1786354148,bench_mixed,0.00,0.00,0.0,0.000,0.002,63.003,11.569,0.00
1786354153,bench_mixed,0.00,0.00,0.0,0.000,0.002,63.003,11.569,0.00
1786354158,bench_mixed,0.00,0.00,0.0,0.000,0.002,63.003,11.568,0.00
1786354163,bench_mixed,0.00,0.00,0.0,0.000,0.002,63.003,11.569,0.00
1786354168,bench_mixed,0.00,0.00,0.0,0.000,0.002,63.003,11.570,0.00
1786354174,bench_mixed,0.00,0.00,0.0,0.000,0.002,63.003,11.569,0.00
1786354179,bench_mixed,0.00,0.00,0.0,0.000,0.002,63.003,11.571,0.00
1786354184,bench_mixed,0.00,0.00,0.0,0.000,0.002,63.003,11.559,0.01
1786354189,bench_mixed,0.00,0.00,0.0,0.000,0.002,63.003,11.554,0.05
1786354194,bench_mixed,0.00,0.00,0.0,0.000,0.002,63.003,11.554,0.00
1786354199,bench_mixed,0.00,0.00,0.0,0.000,0.002,63.003,11.555,0.00
1786354204,bench_mixed,0.00,0.00,0.0,0.000,0.002,63.003,11.555,0.00
1786354209,bench_mixed,0.00,0.00,0.0,0.000,0.002,63.003,11.557,0.00
1786354214,bench_mixed,0.00,0.00,0.0,0.000,0.002,63.003,11.557,0.00
1786354219,bench_mixed,0.00,0.00,0.0,0.000,0.002,63.003,11.558,0.00
1786354224,bench_mixed,0.00,0.00,0.0,0.000,0.002,63.003,11.558,0.00
1786354229,bench_mixed,0.00,0.00,0.0,0.000,0.002,63.003,11.559,0.00
1786354234,bench_mixed,0.00,0.00,0.0,0.000,0.002,63.003,11.558,0.00
1786354239,bench_mixed,0.00,0.00,0.0,0.000,0.002,63.003,11.558,0.00
1786354244,bench_mixed,0.00,0.00,0.0,0.000,0.002,63.003,11.557,0.00
1786354249,bench_mixed,0.00,0.00,0.0,0.000,0.002,63.003,11.559,0.00
1786354254,bench_mixed,0.00,0.00,0.0,0.000,0.002,63.003,11.559,0.00
1786354259,bench_mixed,0.00,0.00,0.0,0.000,0.002,63.003,11.561,0.00
1786354264,bench_mixed,0.00,0.00,0.0,0.000,0.002,63.003,11.560,0.00
1786354270,bench_mixed,0.00,0.00,0.0,0.000,0.002,63.003,11.561,0.00
1786354275,bench_mixed,0.00,0.00,0.0,0.000,0.002,63.003,11.561,0.00
1786354280,bench_mixed,0.00,0.00,0.0,0.000,0.002,63.003,11.561,0.00
1786354285,bench_mixed,0.00,0.00,0.0,0.000,0.002,63.003,11.561,0.00
1786354290,bench_mixed,0.00,0.00,0.0,0.000,0.002,63.003,11.563,0.00
1786354295,bench_mixed,0.00,0.00,0.0,0.000,0.002,63.003,11.562,0.00
1786354300,bench_mixed,0.00,0.00,0.0,0.000,0.002,63.003,11.562,0.00
1786354305,bench_mixed,0.00,0.00,0.0,0.000,0.002,63.003,11.562,0.00
1786354310,bench_mixed,0.00,0.00,0.0,0.000,0.002,63.003,11.564,0.00
1786354315,bench_mixed,0.00,0.00,0.0,0.000,0.002,63.003,11.564,0.00
1786354320,bench_mixed,0.00,0.00,0.0,0.000,0.002,63.003,11.564,0.00
1786354325,bench_mixed,0.00,0.00,0.0,0.000,0.002,63.003,11.564,0.00
1786354330,bench_mixed,0.00,0.00,0.0,0.000,0.002,63.003,11.565,0.00
1786354335,bench_mixed,0.00,0.00,0.0,0.000,0.002,63.003,11.565,0.00
1786354340,bench_mixed,0.00,0.00,0.0,0.000,0.002,63.003,11.565,0.00
1786354345,bench_mixed,0.00,0.00,0.0,0.000,0.002,63.003,11.565,0.00
1786354350,bench_mixed,0.00,0.00,0.0,0.000,0.002,63.003,11.567,0.00
1786354355,bench_mixed,0.00,0.00,0.0,0.000,0.002,63.003,11.567,0.00
1786354360,bench_mixed,0.00,0.00,0.0,0.000,0.002,63.003,11.569,0.00
1786354366,bench_mixed,0.00,0.00,0.0,0.000,0.002,63.003,11.570,0.00
1786354371,bench_mixed,0.00,0.00,0.0,0.000,0.002,63.003,11.570,0.00
1786354376,bench_mixed,0.00,0.00,0.0,0.000,0.002,63.003,11.569,0.00
1786354381,bench_mixed,0.00,0.00,0.0,0.000,0.002,63.003,11.568,0.00
1786354386,bench_mixed,0.00,0.00,0.0,0.000,0.002,63.003,11.568,0.00
1786354391,bench_mixed,0.00,0.00,0.0,0.000,0.002,63.003,11.569,0.00
1786354396,bench_mixed,0.00,0.00,0.0,0.000,0.002,63.003,11.570,0.00
1786354401,bench_mixed,0.00,0.00,0.0,0.000,0.002,63.003,11.571,0.00
1786354406,bench_mixed,0.00,0.00,0.0,0.000,0.002,63.003,11.570,0.00
1786354411,bench_mixed,0.00,0.00,0.0,0.000,0.002,63.003,11.572,0.00
1786354416,bench_mixed,0.00,0.00,0.0,0.000,0.002,63.003,11.570,0.00
1786354421,bench_mixed,0.00,0.00,0.0,0.000,0.002,63.003,11.569,0.00
1786354426,bench_mixed,0.00,0.00,0.0,0.000,0.002,63.003,11.569,0.00
1786354431,bench_mixed,0.00,0.00,0.0,0.000,0.002,63.003,11.569,0.00
1786354436,bench_mixed,0.00,0.00,0.0,0.000,0.002,63.003,11.569,0.00
1786354441,bench_mixed,0.00,0.00,0.0,0.000,0.002,63.003,11.567,0.00
1786354446,bench_mixed,0.00,0.00,0.0,0.000,0.002,63.003,11.567,0.00
1786354451,bench_mixed,0.00,0.00,0.0,0.000,0.002,63.003,11.567,0.00
1786354456,bench_mixed,0.00,0.00,0.0,0.000,0.002,63.003,11.566,0.00
1786354462,bench_mixed,0.00,0.00,0.0,0.000,0.002,63.003,11.566,0.00
1786354467,bench_mixed,0.00,0.00,0.0,0.000,0.002,63.003,11.569,0.00
1786354472,bench_mixed,0.00,0.00,0.0,0.000,0.002,63.003,11.568,0.00
1786354477,bench_mixed,0.00,0.00,0.0,0.000,0.002,63.003,11.565,0.00
1786354482,bench_mixed,0.00,0.00,0.0,0.000,0.002,63.003,11.565,0.00
1786354487,bench_mixed,0.00,0.00,0.0,0.000,0.002,63.003,11.544,0.06
1786354492,bench_mixed,0.00,0.00,0.0,0.000,0.002,63.003,11.544,0.00
1786354497,bench_mixed,0.00,0.00,0.0,0.000,0.002,63.003,11.548,0.00
1786354502,bench_mixed,0.00,0.00,0.0,0.000,0.002,63.003,11.547,0.00
1786354507,bench_mixed,0.00,0.00,0.0,0.000,0.002,63.003,11.550,0.00
1786354512,bench_mixed,0.00,0.00,0.0,0.000,0.002,63.003,11.550,0.00
1786354517,bench_mixed,0.00,0.00,0.0,0.000,0.002,63.003,11.552,0.00
1786354522,bench_mixed,0.00,0.00,0.0,0.000,0.002,63.003,11.552,0.00
1786354527,bench_mixed,0.00,0.00,0.0,0.000,0.002,63.003,11.553,0.00
1786354532,bench_mixed,0.00,0.00,0.0,0.000,0.002,63.003,11.552,0.00
1786354537,bench_mixed,0.00,0.00,0.0,0.000,0.002,63.003,11.554,0.00
1786354542,bench_mixed,0.00,0.00,0.0,0.000,0.002,63.003,11.555,0.00
1786354547,bench_mixed,0.00,0.00,0.0,0.000,0.002,63.003,11.556,0.00
1786354552,bench_mixed,0.00,0.00,0.0,0.000,0.002,63.003,11.556,0.00
1786354558,bench_mixed,0.00,0.00,0.0,0.000,0.002,63.003,11.555,0.00
1786354563,bench_mixed,0.00,0.00,0.0,0.000,0.002,63.003,11.555,0.00
1786354568,bench_mixed,0.00,0.00,0.0,0.000,0.002,63.003,11.557,0.00
1786354573,bench_mixed,0.00,0.00,0.0,0.000,0.002,63.003,11.557,0.00
1786354578,bench_mixed,0.00,0.00,0.0,0.000,0.002,63.003,11.559,0.00
1786354583,bench_mixed,0.00,0.00,0.0,0.000,0.002,63.003,11.559,0.00
1786354588,bench_mixed,0.00,0.00,0.0,0.000,0.002,63.003,11.562,0.00
1786354593,bench_mixed,0.00,0.00,0.0,0.000,0.002,63.003,11.562,0.00
1786354598,bench_mixed,0.00,0.00,0.0,0.000,0.002,63.003,11.564,0.00
1786354603,bench_mixed,0.00,0.00,0.0,0.000,0.002,63.003,11.564,0.00
1786354608,bench_mixed,0.00,0.00,0.0,0.000,0.002,63.003,11.565,0.00
1786354613,bench_mixed,0.00,0.00,0.0,0.000,0.002,63.003,11.565,0.00
1786354618,bench_mixed,0.00,0.00,0.0,0.000,0.002,63.003,11.566,0.00
1786354623,bench_mixed,0.00,0.00,0.0,0.000,0.002,63.003,11.566,0.00
1786354628,bench_mixed,0.00,0.00,0.0,0.000,0.002,63.003,11.566,0.00
1786354633,bench_mixed,0.00,0.00,0.0,0.000,0.002,63.003,11.565,0.00
1786354638,bench_mixed,0.00,0.00,0.0,0.000,0.002,63.003,11.563,0.00
1786354643,bench_mixed,0.00,0.00,0.0,0.000,0.002,63.003,11.563,0.00
1786354648,bench_mixed,0.00,0.00,0.0,0.000,0.002,63.003,11.560,0.00
1786354654,bench_mixed,0.00,0.00,0.0,0.000,0.002,63.003,11.559,0.00
1786354659,bench_mixed,0.00,0.00,0.0,0.000,0.002,63.003,11.560,0.00
1786354664,bench_mixed,0.00,0.00,0.0,0.000,0.002,63.003,11.560,0.00
1786354669,bench_mixed,0.00,0.00,0.0,0.000,0.002,63.003,11.561,0.00
1786354674,bench_mixed,0.00,0.00,0.0,0.000,0.002,63.003,11.561,0.00
1786354679,bench_mixed,0.00,0.00,0.0,0.000,0.002,63.003,11.561,0.00
1786354684,bench_mixed,0.00,0.00,0.0,0.000,0.002,63.003,11.560,0.00
1786354689,bench_mixed,0.00,0.00,0.0,0.000,0.002,63.003,11.562,0.00
1786354694,bench_mixed,0.00,0.00,0.0,0.000,0.002,63.003,11.562,0.00
1786354699,bench_mixed,0.00,0.00,0.0,0.000,0.002,63.003,11.562,0.00
1786354704,bench_mixed,0.00,0.00,0.0,0.000,0.002,63.003,11.562,0.00
1786354709,bench_mixed,0.00,0.00,0.0,0.000,0.002,63.003,11.561,0.00
1786354714,bench_mixed,0.00,0.00,0.0,0.000,0.002,63.003,11.561,0.00
1786354719,bench_mixed,0.00,0.00,0.0,0.000,0.002,63.003,11.562,0.00
1786354724,bench_mixed,0.00,0.00,0.0,0.000,0.002,63.003,11.562,0.00
1786354729,bench_mixed,0.00,0.00,0.0,0.000,0.002,63.003,11.563,0.00
1786354734,bench_mixed,0.00,0.00,0.0,0.000,0.002,63.003,11.563,0.00
1786354739,bench_mixed,0.00,0.00,0.0,0.000,0.002,63.003,11.562,0.00
1786354744,bench_mixed,0.00,0.00,0.0,0.000,0.002,63.003,11.561,0.00
1786354750,bench_mixed,0.00,0.00,0.0,0.000,0.002,63.003,11.562,0.00
1786354755,bench_mixed,0.00,0.00,0.0,0.000,0.002,63.003,11.562,0.00
1786354760,bench_mixed,0.00,0.00,0.0,0.000,0.002,63.003,11.564,0.00
1786354765,bench_mixed,0.00,0.00,0.0,0.000,0.002,63.003,11.564,0.00
1786354770,bench_mixed,0.00,0.00,0.0,0.000,0.002,63.003,11.566,0.00
1786354775,bench_mixed,0.00,0.00,0.0,0.000,0.002,63.003,11.566,0.00
1786354780,bench_mixed,0.00,0.00,0.0,0.000,0.002,63.003,11.563,0.00
1786354785,bench_mixed,0.00,0.00,0.0,0.000,0.002,63.003,11.548,0.04
1786354790,bench_mixed,0.00,0.00,0.0,0.000,0.002,63.003,11.549,0.02
1786354795,bench_mixed,0.00,0.00,0.0,0.000,0.002,63.003,11.550,0.00
1786354800,bench_mixed,0.00,0.00,0.0,0.000,0.002,63.003,11.552,0.00
1786354805,bench_mixed,0.00,0.00,0.0,0.000,0.002,63.003,11.552,0.00
1786354810,bench_mixed,0.00,0.00,0.0,0.000,0.002,63.003,11.549,0.00
1786354815,bench_mixed,0.00,0.00,0.0,0.000,0.002,63.003,11.553,0.00
1786354820,bench_mixed,0.00,0.00,0.0,0.000,0.002,63.003,11.553,0.00
1786354825,bench_mixed,0.00,0.00,0.0,0.000,0.002,63.003,11.555,0.00
1786354830,bench_mixed,0.00,0.00,0.0,0.000,0.002,63.003,11.554,0.00
1786354835,bench_mixed,0.00,0.00,0.0,0.000,0.002,63.003,11.558,0.00
1786354840,bench_mixed,0.00,0.00,0.0,0.000,0.002,63.003,11.557,0.00
1786354846,bench_mixed,0.00,0.00,0.0,0.000,0.002,63.003,11.559,0.00
1786354851,bench_mixed,0.00,0.00,0.0,0.000,0.002,63.003,11.558,0.00
1786354856,bench_mixed,0.00,0.00,0.0,0.000,0.002,63.003,11.557,0.00
1786354861,bench_mixed,0.00,0.00,0.0,0.000,0.002,63.003,11.557,0.00
1786354866,bench_mixed,0.00,0.00,0.0,0.000,0.002,63.003,11.559,0.00
1786354871,bench_mixed,0.00,0.00,0.0,0.000,0.002,63.003,11.559,0.00
1786354876,bench_mixed,0.00,0.00,0.0,0.000,0.002,63.003,11.560,0.00
1786354881,bench_mixed,0.00,0.00,0.0,0.000,0.002,63.003,11.560,0.00
1786354886,bench_mixed,0.00,0.00,0.0,0.000,0.002,63.003,11.562,0.00
1786354891,bench_mixed,0.00,0.00,0.0,0.000,0.002,63.003,11.561,0.00
1786354896,bench_mixed,0.00,0.00,0.0,0.000,0.002,63.003,11.564,0.00
1786354901,bench_mixed,0.00,0.00,0.0,0.000,0.002,63.003,11.564,0.00
1786354906,bench_mixed,0.00,0.00,0.0,0.000,0.002,63.003,11.564,0.00
1786354911,bench_mixed,0.00,0.00,0.0,0.000,0.002,63.003,11.564,0.00
1786354916,bench_mixed,0.00,0.00,0.0,0.000,0.002,63.003,11.564,0.00
1786354921,bench_mixed,0.00,0.00,0.0,0.000,0.002,63.003,11.564,0.00
1786354926,bench_mixed,0.00,0.00,0.0,0.000,0.002,63.003,11.567,0.00
1786354931,bench_mixed,0.00,0.00,0.0,0.000,0.002,63.003,11.567,0.00
1786354936,bench_mixed,0.00,0.00,0.0,0.000,0.002,63.003,11.567,0.00
1786354942,bench_mixed,0.00,0.00,0.0,0.000,0.002,63.003,11.567,0.00
1786354947,bench_mixed,0.00,0.00,0.0,0.000,0.002,63.003,11.566,0.00
1786354952,bench_mixed,0.00,0.00,0.0,0.000,0.002,63.003,11.565,0.00
1786354957,bench_mixed,0.00,0.00,0.0,0.000,0.002,63.003,11.564,0.00
1786354962,bench_mixed,0.00,0.00,0.0,0.000,0.002,63.003,11.564,0.00
1786354967,bench_mixed,0.00,0.00,0.0,0.000,0.002,63.003,11.563,0.00
1786354972,bench_mixed,0.00,0.00,0.0,0.000,0.002,63.003,11.563,0.00
1786354977,bench_mixed,0.00,0.00,0.0,0.000,0.002,63.003,11.564,0.00
1786354982,bench_mixed,0.00,0.00,0.0,0.000,0.002,63.003,11.564,0.00
1786354987,bench_mixed,0.00,0.00,0.0,0.000,0.002,63.003,11.563,0.00
1786354992,bench_mixed,0.00,0.00,0.0,0.000,0.002,63.003,11.563,0.00
1786354997,bench_mixed,0.00,0.00,0.0,0.000,0.002,63.003,11.566,0.00
1786355002,bench_mixed,0.00,0.00,0.0,0.000,0.002,63.003,11.565,0.00
1786355007,bench_mixed,0.00,0.00,0.0,0.000,0.002,63.003,11.566,0.00
1786355012,bench_mixed,0.00,0.00,0.0,0.000,0.002,63.003,11.566,0.00
1786355017,bench_mixed,0.00,0.00,0.0,0.000,0.002,63.003,11.566,0.00
1786355022,bench_mixed,0.00,0.00,0.0,0.000,0.002,63.003,11.567,0.00
1786355027,bench_mixed,0.00,0.00,0.0,0.000,0.002,63.003,11.568,0.00
1786355032,bench_mixed,0.00,0.00,0.0,0.000,0.002,63.003,11.568,0.00
1786355038,bench_mixed,0.00,0.00,0.0,0.000,0.002,63.003,11.568,0.00
1786355043,bench_mixed,0.00,0.00,0.0,0.000,0.002,63.003,11.568,0.00
1786355048,bench_mixed,0.00,0.00,0.0,0.000,0.002,63.003,11.568,0.00
1786355053,bench_mixed,0.00,0.00,0.0,0.000,0.002,63.003,11.568,0.00
1786355058,bench_mixed,0.00,0.00,0.0,0.000,0.002,63.003,11.569,0.00
1786355063,bench_mixed,0.00,0.00,0.0,0.000,0.002,63.003,11.568,0.00
1786355068,bench_mixed,0.00,0.00,0.0,0.000,0.002,63.003,11.569,0.00
1786355073,bench_mixed,0.00,0.00,0.0,0.000,0.002,63.003,11.569,0.00
1786355078,bench_mixed,0.00,0.00,0.0,0.000,0.002,63.003,11.569,0.00
1786355083,bench_mixed,0.00,0.00,0.0,0.000,0.002,63.003,11.568,0.00
1786355088,bench_mixed,0.00,0.00,0.0,0.000,0.002,63.003,11.552,0.06
1786355093,bench_mixed,0.00,0.00,0.0,0.000,0.002,63.003,11.552,0.00
1786355098,bench_mixed,0.00,0.00,0.0,0.000,0.002,63.003,11.556,0.00
1786355103,bench_mixed,0.00,0.00,0.0,0.000,0.002,63.003,11.555,0.00
1786355108,bench_mixed,0.00,0.00,0.0,0.000,0.002,63.003,11.556,0.00
1786355113,bench_mixed,0.00,0.00,0.0,0.000,0.002,63.003,11.556,0.00
1786355118,bench_mixed,0.00,0.00,0.0,0.000,0.002,63.003,11.558,0.00
1786355123,bench_mixed,0.00,0.00,0.0,0.000,0.002,63.003,11.558,0.00
1786355128,bench_mixed,0.00,0.00,0.0,0.000,0.002,63.003,11.560,0.00
1786355133,bench_mixed,0.00,0.00,0.0,0.000,0.002,63.003,11.560,0.00
1786355139,bench_mixed,0.00,0.00,0.0,0.000,0.002,63.003,11.561,0.00
1786355144,bench_mixed,0.00,0.00,0.0,0.000,0.002,63.003,11.561,0.00
1786355149,bench_mixed,0.00,0.00,0.0,0.000,0.002,63.003,11.563,0.00
1786355154,bench_mixed,0.00,0.00,0.0,0.000,0.002,63.003,11.562,0.00
1786355159,bench_mixed,0.00,0.00,0.0,0.000,0.002,63.003,11.565,0.00
1786355164,bench_mixed,0.00,0.00,0.0,0.000,0.002,63.003,11.564,0.00
1786355169,bench_mixed,0.00,0.00,0.0,0.000,0.002,63.003,11.563,0.00
1786355174,bench_mixed,0.00,0.00,0.0,0.000,0.002,63.003,11.564,0.00
1786355179,bench_mixed,0.00,0.00,0.0,0.000,0.002,63.003,11.564,0.00
1786355184,bench_mixed,0.00,0.00,0.0,0.000,0.002,63.003,11.567,0.00
1786355189,bench_mixed,0.00,0.00,0.0,0.000,0.002,63.003,11.567,0.00
1786355194,bench_mixed,0.00,0.00,0.0,0.000,0.002,63.003,11.568,0.00
1786355199,bench_mixed,0.00,0.00,0.0,0.000,0.002,63.003,11.568,0.00
1786355204,bench_mixed,0.00,0.00,0.0,0.000,0.002,63.003,11.568,0.00
1786355209,bench_mixed,0.00,0.00,0.0,0.000,0.002,63.003,11.568,0.00
1786355214,bench_mixed,0.00,0.00,0.0,0.000,0.002,63.003,11.569,0.00
1786355219,bench_mixed,0.00,0.00,0.0,0.000,0.002,63.003,11.569,0.00
1786355224,bench_mixed,0.00,0.00,0.0,0.000,0.002,63.003,11.569,0.00
1786355229,bench_mixed,0.00,0.00,0.0,0.000,0.002,63.003,11.568,0.00
1786355235,bench_mixed,0.00,0.00,0.0,0.000,0.002,63.003,11.571,0.00
1786355240,bench_mixed,0.00,0.00,0.0,0.000,0.002,63.003,11.570,0.00
1786355245,bench_mixed,0.00,0.00,0.0,0.000,0.002,63.003,11.571,0.00
1786355250,bench_mixed,0.00,0.00,0.0,0.000,0.002,63.003,11.571,0.00
1786355255,bench_mixed,0.00,0.00,0.0,0.000,0.002,63.003,11.572,0.00
1786355260,bench_mixed,0.00,0.00,0.0,0.000,0.002,63.003,11.572,0.00
1786355265,bench_mixed,0.00,0.00,0.0,0.000,0.002,63.003,11.571,0.00
1786355270,bench_mixed,0.00,0.00,0.0,0.000,0.002,63.003,11.571,0.00
1786355275,bench_mixed,0.00,0.00,0.0,0.000,0.002,63.003,11.573,0.00
1786355280,bench_mixed,0.00,0.00,0.0,0.000,0.002,63.003,11.572,0.00
1786355285,bench_mixed,0.00,0.00,0.0,0.000,0.002,63.003,11.574,0.00
1786355290,bench_mixed,0.00,0.00,0.0,0.000,0.002,63.003,11.574,0.00
1786355295,bench_mixed,0.00,0.00,0.0,0.000,0.002,63.003,11.573,0.00
1786355300,bench_mixed,0.00,0.00,0.0,0.000,0.002,63.003,11.573,0.00
1786355305,bench_mixed,0.00,0.00,0.0,0.000,0.002,63.003,11.574,0.00
1786355310,bench_mixed,0.00,0.00,0.0,0.000,0.002,63.003,11.574,0.00
1786355315,bench_mixed,0.00,0.00,0.0,0.000,0.002,63.003,11.576,0.00
1786355320,bench_mixed,0.00,0.00,0.0,0.000,0.002,63.003,11.576,0.00
1786355325,bench_mixed,0.00,0.00,0.0,0.000,0.002,63.003,11.574,0.00
1786355331,bench_mixed,0.00,0.00,0.0,0.000,0.002,63.003,11.573,0.00
1786355336,bench_mixed,0.00,0.00,0.0,0.000,0.002,63.003,11.573,0.00
1786355341,bench_mixed,0.00,0.00,0.0,0.000,0.002,63.003,11.572,0.00
1786355346,bench_mixed,0.00,0.00,0.0,0.000,0.002,63.003,11.572,0.00
1786355351,bench_mixed,0.00,0.00,0.0,0.000,0.002,63.003,11.572,0.00
1786355356,bench_mixed,0.00,0.00,0.0,0.000,0.002,63.003,11.571,0.00
1786355361,bench_mixed,0.00,0.00,0.0,0.000,0.002,63.003,11.571,0.00
1786355366,bench_mixed,0.00,0.00,0.0,0.000,0.002,63.003,11.570,0.00
1786355371,bench_mixed,0.00,0.00,0.0,0.000,0.002,63.003,11.571,0.00
1786355376,bench_mixed,0.00,0.00,0.0,0.000,0.002,63.003,11.567,0.00
1786355381,bench_mixed,0.00,0.00,0.0,0.000,0.002,63.003,11.567,0.00
1786355386,bench_mixed,0.00,0.00,0.0,0.000,0.002,63.003,11.550,0.06
1786355391,bench_mixed,0.00,0.00,0.0,0.000,0.002,63.003,11.550,0.00
1786355396,bench_mixed,0.00,0.00,0.0,0.000,0.002,63.003,11.554,0.00
1786355401,bench_mixed,0.00,0.00,0.0,0.000,0.002,63.003,11.554,0.00
1786355406,bench_mixed,0.00,0.00,0.0,0.000,0.002,63.003,11.557,0.00
1786355411,bench_mixed,0.00,0.00,0.0,0.000,0.002,63.003,11.557,0.00
1786355416,bench_mixed,0.00,0.00,0.0,0.000,0.002,63.003,11.559,0.00
1786355421,bench_mixed,0.00,0.00,0.0,0.000,0.002,63.003,11.559,0.00
1786355427,bench_mixed,0.00,0.00,0.0,0.000,0.002,63.003,11.559,0.00
1786355432,bench_mixed,0.00,0.00,0.0,0.000,0.002,63.003,11.559,0.00
1786355437,bench_mixed,0.00,0.00,0.0,0.000,0.002,63.003,11.562,0.00
1786355442,bench_mixed,0.00,0.00,0.0,0.000,0.002,63.003,11.562,0.00
1786355447,bench_mixed,0.00,0.00,0.0,0.000,0.002,63.003,11.560,0.00
1786355452,bench_mixed,0.00,0.00,0.0,0.000,0.002,63.003,11.560,0.00
1786355457,bench_mixed,0.00,0.00,0.0,0.000,0.002,63.003,11.560,0.00
1786355462,bench_mixed,0.00,0.00,0.0,0.000,0.002,63.003,11.560,0.00
1786355467,bench_mixed,0.00,0.00,0.0,0.000,0.002,63.003,11.564,0.00
1786355472,bench_mixed,0.00,0.00,0.0,0.000,0.002,63.003,11.564,0.00
1786355477,bench_mixed,0.00,0.00,0.0,0.000,0.002,63.003,11.567,0.00
1786355482,bench_mixed,0.00,0.00,0.0,0.000,0.002,63.003,11.567,0.00
1786355487,bench_mixed,0.00,0.00,0.0,0.000,0.002,63.003,11.565,0.00
1786355492,bench_mixed,0.00,0.00,0.0,0.000,0.002,63.003,11.565,0.00
1786355497,bench_mixed,0.00,0.00,0.0,0.000,0.002,63.003,11.563,0.00
1786355502,bench_mixed,0.00,0.00,0.0,0.000,0.002,63.003,11.562,0.00
1786355507,bench_mixed,0.00,0.00,0.0,0.000,0.002,63.003,11.563,0.00
1786355512,bench_mixed,0.00,0.00,0.0,0.000,0.002,63.003,11.563,0.00
1786355517,bench_mixed,0.00,0.00,0.0,0.000,0.002,63.003,11.556,0.00
1786355523,bench_mixed,0.00,0.00,0.0,0.000,0.002,63.003,11.567,0.00
1786355528,bench_mixed,0.00,0.00,0.0,0.000,0.002,63.003,11.567,0.00
1786355533,bench_mixed,0.00,0.00,0.0,0.000,0.002,63.003,11.567,0.00
1786355538,bench_mixed,0.00,0.00,0.0,0.000,0.002,63.003,11.568,0.00
1786355543,bench_mixed,0.00,0.00,0.0,0.000,0.002,63.003,11.567,0.00
1786355548,bench_mixed,0.00,0.00,0.0,0.000,0.002,63.003,11.568,0.00
1786355553,bench_mixed,0.00,0.00,0.0,0.000,0.002,63.003,11.567,0.00
1786355558,bench_mixed,0.00,0.00,0.0,0.000,0.002,63.003,11.567,0.00
1786355563,bench_mixed,0.00,0.00,0.0,0.000,0.002,63.003,11.567,0.00
1786355568,bench_mixed,0.00,0.00,0.0,0.000,0.002,63.003,11.567,0.00
1786355573,bench_mixed,0.00,0.00,0.0,0.000,0.002,63.003,11.568,0.00
1786355578,bench_mixed,0.00,0.00,0.0,0.000,0.002,63.003,11.567,0.00
1786355583,bench_mixed,0.00,0.00,0.0,0.000,0.002,63.003,11.568,0.00
1786355588,bench_mixed,0.00,0.00,0.0,0.000,0.002,63.003,11.568,0.00
1786355593,bench_mixed,0.00,0.00,0.0,0.000,0.002,63.003,11.568,0.00
1786355598,bench_mixed,0.00,0.00,0.0,0.000,0.002,63.003,11.568,0.00
1786355603,bench_mixed,0.00,0.00,0.0,0.000,0.002,63.003,11.569,0.00
1786355608,bench_mixed,0.00,0.00,0.0,0.000,0.002,63.003,11.568,0.00
1786355613,bench_mixed,0.00,0.00,0.0,0.000,0.002,63.003,11.568,0.00
1786355619,bench_mixed,0.00,0.00,0.0,0.000,0.002,63.003,11.567,0.00
1786355624,bench_mixed,0.00,0.00,0.0,0.000,0.002,63.003,11.567,0.00
1786355629,bench_mixed,0.00,0.00,0.0,0.000,0.002,63.003,11.567,0.00
1786355634,bench_mixed,0.00,0.00,0.0,0.000,0.002,63.003,11.569,0.00
1786355639,bench_mixed,0.00,0.00,0.0,0.000,0.002,63.003,11.569,0.00
1786355644,bench_mixed,0.00,0.00,0.0,0.000,0.002,63.003,11.566,0.00
1786355649,bench_mixed,0.00,0.00,0.0,0.000,0.002,63.003,11.566,0.00
1786355654,bench_mixed,0.00,0.00,0.0,0.000,0.002,63.003,11.569,0.00
1786355659,bench_mixed,0.00,0.00,0.0,0.000,0.002,63.003,11.569,0.00
1786355664,bench_mixed,0.00,0.00,0.0,0.000,0.002,63.003,11.570,0.00
1786355669,bench_mixed,0.00,0.00,0.0,0.000,0.002,63.003,11.570,0.00
1786355674,bench_mixed,0.00,0.00,0.0,0.000,0.002,63.003,11.568,0.00
1786355679,bench_mixed,0.00,0.00,0.0,0.000,0.002,63.003,11.568,0.00
1786355684,bench_mixed,0.00,0.00,0.0,0.000,0.002,63.003,11.554,0.03
1786355689,bench_mixed,0.00,0.00,0.0,0.000,0.002,63.003,11.549,0.03
1786355694,bench_mixed,0.00,0.00,0.0,0.000,0.002,63.003,11.551,0.00
1786355699,bench_mixed,0.00,0.00,0.0,0.000,0.002,63.003,11.551,0.00
1786355704,bench_mixed,0.00,0.00,0.0,0.000,0.002,63.003,11.553,0.00
1786355710,bench_mixed,0.00,0.00,0.0,0.000,0.002,63.003,11.554,0.00
1786355715,bench_mixed,0.00,0.00,0.0,0.000,0.002,63.003,11.555,0.00
1786355720,bench_mixed,0.00,0.00,0.0,0.000,0.002,63.003,11.555,0.00
1786355725,bench_mixed,0.00,0.00,0.0,0.000,0.002,63.003,11.559,0.00
1786355730,bench_mixed,0.00,0.00,0.0,0.000,0.002,63.003,11.559,0.00
1786355735,bench_mixed,0.00,0.00,0.0,0.000,0.002,63.003,11.560,0.00
1786355740,bench_mixed,0.00,0.00,0.0,0.000,0.002,63.003,11.559,0.00
1786355745,bench_mixed,0.00,0.00,0.0,0.000,0.002,63.003,11.559,0.00
1786355750,bench_mixed,0.00,0.00,0.0,0.000,0.002,63.003,11.558,0.00
1786355755,bench_mixed,0.00,0.00,0.0,0.000,0.002,63.003,11.559,0.00
1786355760,bench_mixed,0.00,0.00,0.0,0.000,0.002,63.003,11.559,0.00
1786355765,bench_mixed,0.00,0.00,0.0,0.000,0.002,63.003,11.561,0.00
1786355770,bench_mixed,0.00,0.00,0.0,0.000,0.002,63.003,11.560,0.00
1786355775,bench_mixed,0.00,0.00,0.0,0.000,0.002,63.003,11.561,0.00
1786355780,bench_mixed,0.00,0.00,0.0,0.000,0.002,63.003,11.562,0.00
1786355785,bench_mixed,0.00,0.00,0.0,0.000,0.002,63.003,11.564,0.00
1786355790,bench_mixed,0.00,0.00,0.0,0.000,0.002,63.003,11.564,0.00
1786355795,bench_mixed,0.00,0.00,0.0,0.000,0.002,63.003,11.563,0.00
1786355800,bench_mixed,0.00,0.00,0.0,0.000,0.002,63.003,11.563,0.00
1786355806,bench_mixed,0.00,0.00,0.0,0.000,0.002,63.003,11.563,0.00
1786355811,bench_mixed,0.00,0.00,0.0,0.000,0.002,63.003,11.562,0.00
1786355816,bench_mixed,0.00,0.00,0.0,0.000,0.002,63.003,11.561,0.00
1786355821,bench_mixed,0.00,0.00,0.0,0.000,0.002,63.003,11.561,0.00
1786355826,bench_mixed,0.00,0.00,0.0,0.000,0.002,63.003,11.563,0.00
1786355831,bench_mixed,0.00,0.00,0.0,0.000,0.002,63.003,11.563,0.00
1786355836,bench_mixed,0.00,0.00,0.0,0.000,0.002,63.003,11.565,0.00
1786355841,bench_mixed,0.00,0.00,0.0,0.000,0.002,63.003,11.564,0.00
1786355846,bench_mixed,0.00,0.00,0.0,0.000,0.002,63.003,11.566,0.00
1786355851,bench_mixed,0.00,0.00,0.0,0.000,0.002,63.003,11.566,0.00
1786355856,bench_mixed,0.00,0.00,0.0,0.000,0.002,63.003,11.565,0.00
1786355861,bench_mixed,0.00,0.00,0.0,0.000,0.002,63.003,11.565,0.00
1786355866,bench_mixed,0.00,0.00,0.0,0.000,0.002,63.003,11.564,0.00
1786355871,bench_mixed,0.00,0.00,0.0,0.000,0.002,63.003,11.566,0.00
1786355876,bench_mixed,0.00,0.00,0.0,0.000,0.002,63.003,11.564,0.00
1786355881,bench_mixed,0.00,0.00,0.0,0.000,0.002,63.003,11.563,0.00
1786355886,bench_mixed,0.00,0.00,0.0,0.000,0.002,63.003,11.564,0.00
1786355891,bench_mixed,0.00,0.00,0.0,0.000,0.002,63.003,11.564,0.00
1786355896,bench_mixed,0.00,0.00,0.0,0.000,0.002,63.003,11.564,0.00
1786355902,bench_mixed,0.00,0.00,0.0,0.000,0.002,63.003,11.566,0.00
1786355907,bench_mixed,0.00,0.00,0.0,0.000,0.002,63.003,11.567,0.00
1786355912,bench_mixed,0.00,0.00,0.0,0.000,0.002,63.003,11.567,0.00
1786355917,bench_mixed,0.00,0.00,0.0,0.000,0.002,63.003,11.566,0.00
1786355922,bench_mixed,0.00,0.00,0.0,0.000,0.002,63.003,11.566,0.00
1786355927,bench_mixed,0.00,0.00,0.0,0.000,0.002,63.003,11.566,0.00
1786355932,bench_mixed,0.00,0.00,0.0,0.000,0.002,63.003,11.568,0.00
1786355937,bench_mixed,0.00,0.00,0.0,0.000,0.002,63.003,11.567,0.00
1786355942,bench_mixed,0.00,0.00,0.0,0.000,0.002,63.003,11.565,0.00
1786355947,bench_mixed,0.00,0.00,0.0,0.000,0.002,63.003,11.565,0.00
1786355952,bench_mixed,0.00,0.00,0.0,0.000,0.002,63.003,11.566,0.00
1786355957,bench_mixed,0.00,0.00,0.0,0.000,0.002,63.003,11.566,0.00
1786355962,bench_mixed,0.00,0.00,0.0,0.000,0.002,63.003,11.566,0.00
1786355967,bench_mixed,0.00,0.00,0.0,0.000,0.002,63.003,11.566,0.00
1786355972,bench_mixed,0.00,0.00,0.0,0.000,0.002,63.003,11.566,0.00
1786355977,bench_mixed,0.00,0.00,0.0,0.000,0.002,63.003,11.565,0.00
1786355982,bench_mixed,0.00,0.00,0.0,0.000,0.002,63.003,11.566,0.00
1786355987,bench_mixed,0.00,0.00,0.0,0.000,0.002,63.003,11.545,0.06
1786355993,bench_mixed,0.00,0.00,0.0,0.000,0.002,63.003,11.547,0.00
1786355998,bench_mixed,0.00,0.00,0.0,0.000,0.002,63.003,11.547,0.00
1786356003,bench_mixed,0.00,0.00,0.0,0.000,0.002,63.003,11.550,0.00
1786356008,bench_mixed,0.00,0.00,0.0,0.000,0.002,63.003,11.551,0.00
1786356013,bench_mixed,0.00,0.00,0.0,0.000,0.002,63.003,11.551,0.00
1786356018,bench_mixed,0.00,0.00,0.0,0.000,0.002,63.003,11.551,0.00
1786356023,bench_mixed,0.00,0.00,0.0,0.000,0.002,63.003,11.553,0.00
1786356028,bench_mixed,0.00,0.00,0.0,0.000,0.002,63.003,11.553,0.00
1786356033,bench_mixed,0.00,0.00,0.0,0.000,0.002,63.003,11.554,0.00
1786356038,bench_mixed,0.00,0.00,0.0,0.000,0.002,63.003,11.554,0.00
1786356043,bench_mixed,0.00,0.00,0.0,0.000,0.002,63.003,11.553,0.00
1786356048,bench_mixed,0.00,0.00,0.0,0.000,0.002,63.003,11.553,0.00
1786356053,bench_mixed,0.00,0.00,0.0,0.000,0.002,63.003,11.555,0.00
1786356058,bench_mixed,0.00,0.00,0.0,0.000,0.002,63.003,11.555,0.00
1786356063,bench_mixed,0.00,0.00,0.0,0.000,0.002,63.003,11.556,0.00
1786356068,bench_mixed,0.00,0.00,0.0,0.000,0.002,63.003,11.556,0.00
1786356073,bench_mixed,0.00,0.00,0.0,0.000,0.002,63.003,11.559,0.00
1786356078,bench_mixed,0.00,0.00,0.0,0.000,0.002,63.003,11.558,0.00
1786356083,bench_mixed,0.00,0.00,0.0,0.000,0.002,63.003,11.560,0.00
1786356089,bench_mixed,0.00,0.00,0.0,0.000,0.002,63.003,11.560,0.00
1786356094,bench_mixed,0.00,0.00,0.0,0.000,0.002,63.003,11.559,0.00
1786356099,bench_mixed,0.00,0.00,0.0,0.000,0.002,63.003,11.559,0.00
1786356104,bench_mixed,0.00,0.00,0.0,0.000,0.002,63.003,11.561,0.00
1786356109,bench_mixed,0.00,0.00,0.0,0.000,0.002,63.003,11.560,0.00
1786356114,bench_mixed,0.00,0.00,0.0,0.000,0.002,63.003,11.563,0.00
1786356119,bench_mixed,0.00,0.00,0.0,0.000,0.002,63.003,11.563,0.00
1786356124,bench_mixed,0.00,0.00,0.0,0.000,0.002,63.003,11.564,0.00
1786356129,bench_mixed,0.00,0.00,0.0,0.000,0.002,63.003,11.564,0.00
1786356134,bench_mixed,0.00,0.00,0.0,0.000,0.002,63.003,11.566,0.00
1786356139,bench_mixed,0.00,0.00,0.0,0.000,0.002,63.003,11.565,0.00
1786356144,bench_mixed,0.00,0.00,0.0,0.000,0.002,63.003,11.567,0.00
1786356149,bench_mixed,0.00,0.00,0.0,0.000,0.002,63.003,11.566,0.00
1786356154,bench_mixed,0.00,0.00,0.0,0.000,0.002,63.003,11.567,0.00
1786356159,bench_mixed,0.00,0.00,0.0,0.000,0.002,63.003,11.567,0.00
1786356164,bench_mixed,0.00,0.00,0.0,0.000,0.002,63.003,11.568,0.00
1786356169,bench_mixed,0.00,0.00,0.0,0.000,0.002,63.003,11.568,0.00
1786356174,bench_mixed,0.00,0.00,0.0,0.000,0.002,63.003,11.568,0.00
1786356179,bench_mixed,0.00,0.00,0.0,0.000,0.002,63.003,11.568,0.00
1786356185,bench_mixed,0.00,0.00,0.0,0.000,0.002,63.003,11.569,0.00
1786356190,bench_mixed,0.00,0.00,0.0,0.000,0.002,63.003,11.569,0.00
1786356195,bench_mixed,0.00,0.00,0.0,0.000,0.002,63.003,11.566,0.00
1786356200,bench_mixed,0.00,0.00,0.0,0.000,0.002,63.003,11.566,0.00
1786356205,bench_mixed,0.00,0.00,0.0,0.000,0.002,63.003,11.568,0.00
1786356210,bench_mixed,0.00,0.00,0.0,0.000,0.002,63.003,11.568,0.00
1786356215,bench_mixed,0.00,0.00,0.0,0.000,0.002,63.003,11.568,0.00
1786356220,bench_mixed,0.00,0.00,0.0,0.000,0.002,63.003,11.567,0.00
1786356225,bench_mixed,0.00,0.00,0.0,0.000,0.002,63.003,11.568,0.00
1786356230,bench_mixed,0.00,0.00,0.0,0.000,0.002,63.003,11.567,0.00
1786356235,bench_mixed,0.00,0.00,0.0,0.000,0.002,63.003,11.569,0.00
1786356240,bench_mixed,0.00,0.00,0.0,0.000,0.002,63.003,11.568,0.00
1786356245,bench_mixed,0.00,0.00,0.0,0.000,0.002,63.003,11.566,0.00
1786356250,bench_mixed,0.00,0.00,0.0,0.000,0.002,63.003,11.565,0.00
1786356255,bench_mixed,0.00,0.00,0.0,0.000,0.002,63.003,11.567,0.00
1786356260,bench_mixed,0.00,0.00,0.0,0.000,0.002,63.003,11.565,0.00
1786356265,bench_mixed,0.00,0.00,0.0,0.000,0.002,63.003,11.566,0.00
1786356270,bench_mixed,0.00,0.00,0.0,0.000,0.002,63.003,11.568,0.00
1786356275,bench_mixed,0.00,0.00,0.0,0.000,0.002,63.003,11.567,0.00
1786356281,bench_mixed,0.00,0.00,0.0,0.000,0.002,63.003,11.567,0.00
1786356286,bench_mixed,0.00,0.00,0.0,0.000,0.002,63.003,11.550,0.05
1786356291,bench_mixed,0.00,0.00,0.0,0.000,0.002,63.003,11.549,0.01
1786356296,bench_mixed,0.00,0.00,0.0,0.000,0.002,63.003,11.549,0.00
1786356301,bench_mixed,0.00,0.00,0.0,0.000,0.002,63.003,11.552,0.00
1786356306,bench_mixed,0.00,0.00,0.0,0.000,0.002,63.003,11.551,0.00
1786356311,bench_mixed,0.00,0.00,0.0,0.000,0.002,63.003,11.554,0.00
1786356316,bench_mixed,0.00,0.00,0.0,0.000,0.002,63.003,11.554,0.00
1786356321,bench_mixed,0.00,0.00,0.0,0.000,0.002,63.003,11.557,0.00
1786356326,bench_mixed,0.00,0.00,0.0,0.000,0.002,63.003,11.557,0.00
1786356331,bench_mixed,0.00,0.00,0.0,0.000,0.002,63.003,11.559,0.00
1786356336,bench_mixed,0.00,0.00,0.0,0.000,0.002,63.003,11.559,0.00
1786356341,bench_mixed,0.00,0.00,0.0,0.000,0.002,63.003,11.559,0.00
1786356346,bench_mixed,0.00,0.00,0.0,0.000,0.002,63.003,11.559,0.00
1786356351,bench_mixed,0.00,0.00,0.0,0.000,0.002,63.003,11.561,0.00
1786356356,bench_mixed,0.00,0.00,0.0,0.000,0.002,63.003,11.561,0.00
1786356361,bench_mixed,0.00,0.00,0.0,0.000,0.002,63.003,11.561,0.00
1786356366,bench_mixed,0.00,0.00,0.0,0.000,0.002,63.003,11.561,0.00
1786356371,bench_mixed,0.00,0.00,0.0,0.000,0.002,63.003,11.561,0.00
1786356377,bench_mixed,0.00,0.00,0.0,0.000,0.002,63.003,11.561,0.00
1786356382,bench_mixed,0.00,0.00,0.0,0.000,0.002,63.003,11.562,0.00
1786356387,bench_mixed,0.00,0.00,0.0,0.000,0.002,63.003,11.562,0.00
1786356392,bench_mixed,0.00,0.00,0.0,0.000,0.002,63.003,11.562,0.00
1786356397,bench_mixed,0.00,0.00,0.0,0.000,0.002,63.003,11.562,0.00
1786356402,bench_mixed,0.00,0.00,0.0,0.000,0.002,63.003,11.561,0.00
1786356407,bench_mixed,0.00,0.00,0.0,0.000,0.002,63.003,11.561,0.00
1786356412,bench_mixed,0.00,0.00,0.0,0.000,0.002,63.003,11.562,0.00
1786356417,bench_mixed,0.00,0.00,0.0,0.000,0.002,63.003,11.562,0.00
1786356422,bench_mixed,0.00,0.00,0.0,0.000,0.002,63.003,11.563,0.00
1786356427,bench_mixed,0.00,0.00,0.0,0.000,0.002,63.003,11.563,0.00
1786356432,bench_mixed,0.00,0.00,0.0,0.000,0.002,63.003,11.564,0.00
1786356437,bench_mixed,0.00,0.00,0.0,0.000,0.002,63.003,11.564,0.00
1786356442,bench_mixed,0.00,0.00,0.0,0.000,0.002,63.003,11.565,0.00
1786356447,bench_mixed,0.00,0.00,0.0,0.000,0.002,63.003,11.565,0.00
1786356452,bench_mixed,0.00,0.00,0.0,0.000,0.002,63.003,11.566,0.00
1786356457,bench_mixed,0.00,0.00,0.0,0.000,0.002,63.003,11.566,0.00
1786356462,bench_mixed,0.00,0.00,0.0,0.000,0.002,63.003,11.569,0.00
1786356467,bench_mixed,0.00,0.00,0.0,0.000,0.002,63.003,11.568,0.00
1786356473,bench_mixed,0.00,0.00,0.0,0.000,0.002,63.003,11.569,0.00
1786356478,bench_mixed,0.00,0.00,0.0,0.000,0.002,63.003,11.569,0.00
1786356483,bench_mixed,0.00,0.00,0.0,0.000,0.002,63.003,11.570,0.00
1786356488,bench_mixed,0.00,0.00,0.0,0.000,0.002,63.003,11.569,0.00
1786356493,bench_mixed,0.00,0.00,0.0,0.000,0.002,63.003,11.568,0.00
1786356498,bench_mixed,0.00,0.00,0.0,0.000,0.002,63.003,11.568,0.00
1786356503,bench_mixed,0.00,0.00,0.0,0.000,0.002,63.003,11.568,0.00
1786356508,bench_mixed,0.00,0.00,0.0,0.000,0.002,63.003,11.568,0.00
1786356513,bench_mixed,0.00,0.00,0.0,0.000,0.002,63.003,11.568,0.00
1786356518,bench_mixed,0.00,0.00,0.0,0.000,0.002,63.003,11.568,0.00
1786356523,bench_mixed,0.00,0.00,0.0,0.000,0.002,63.003,11.567,0.00
1786356528,bench_mixed,0.00,0.00,0.0,0.000,0.002,63.003,11.567,0.00
1786356533,bench_mixed,0.00,0.00,0.0,0.000,0.002,63.003,11.571,0.00
1786356538,bench_mixed,0.00,0.00,0.0,0.000,0.002,63.003,11.571,0.00
1786356543,bench_mixed,0.00,0.00,0.0,0.000,0.002,63.003,11.572,0.00
1786356548,bench_mixed,0.00,0.00,0.0,0.000,0.002,63.003,11.572,0.00
1786356553,bench_mixed,0.00,0.00,0.0,0.000,0.002,63.003,11.570,0.00
1786356558,bench_mixed,0.00,0.00,0.0,0.000,0.002,63.003,11.570,0.00
1786356563,bench_mixed,0.00,0.00,0.0,0.000,0.002,63.003,11.570,0.00
1786356569,bench_mixed,0.00,0.00,0.0,0.000,0.002,63.003,11.570,0.00
1786356574,bench_mixed,0.00,0.00,0.0,0.000,0.002,63.003,11.570,0.00
1786356579,bench_mixed,0.00,0.00,0.0,0.000,0.002,63.003,11.570,0.00
1786356584,bench_mixed,0.00,0.00,0.0,0.000,0.002,63.003,11.571,0.00
1786356589,bench_mixed,0.00,0.00,0.0,0.000,0.002,63.003,11.553,0.06
1786356594,bench_mixed,0.00,0.00,0.0,0.000,0.002,63.003,11.555,0.00
1786356599,bench_mixed,0.00,0.00,0.0,0.000,0.002,63.003,11.554,0.00
1786356604,bench_mixed,0.00,0.00,0.0,0.000,0.002,63.003,11.556,0.00
1786356609,bench_mixed,0.00,0.00,0.0,0.000,0.002,63.003,11.556,0.00
1786356614,bench_mixed,0.00,0.00,0.0,0.000,0.002,63.003,11.557,0.00
1786356619,bench_mixed,0.00,0.00,0.0,0.000,0.002,63.003,11.558,0.00
1786356624,bench_mixed,0.00,0.00,0.0,0.000,0.002,63.003,11.558,0.00
1786356629,bench_mixed,0.00,0.00,0.0,0.000,0.002,63.003,11.558,0.00
1786356634,bench_mixed,0.00,0.00,0.0,0.000,0.002,63.003,11.558,0.00
1786356639,bench_mixed,0.00,0.00,0.0,0.000,0.002,63.003,11.558,0.00
1786356644,bench_mixed,0.00,0.00,0.0,0.000,0.002,63.003,11.558,0.00
1786356649,bench_mixed,0.00,0.00,0.0,0.000,0.002,63.003,11.561,0.00
1786356654,bench_mixed,0.00,0.00,0.0,0.000,0.002,63.003,11.561,0.00
1786356659,bench_mixed,0.00,0.00,0.0,0.000,0.002,63.003,11.562,0.00
1786356665,bench_mixed,0.00,0.00,0.0,0.000,0.002,63.003,11.561,0.00
1786356670,bench_mixed,0.00,0.00,0.0,0.000,0.002,63.003,11.561,0.00
1786356675,bench_mixed,0.00,0.00,0.0,0.000,0.002,63.003,11.561,0.00
1786356680,bench_mixed,0.00,0.00,0.0,0.000,0.002,63.003,11.563,0.00
1786356685,bench_mixed,0.00,0.00,0.0,0.000,0.002,63.003,11.563,0.00
1786356690,bench_mixed,0.00,0.00,0.0,0.000,0.002,63.003,11.564,0.00
1786356695,bench_mixed,0.00,0.00,0.0,0.000,0.002,63.003,11.564,0.00
1786356700,bench_mixed,0.00,0.00,0.0,0.000,0.002,63.003,11.564,0.00
1786356705,bench_mixed,0.00,0.00,0.0,0.000,0.002,63.003,11.563,0.00
1786356710,bench_mixed,0.00,0.00,0.0,0.000,0.002,63.003,11.564,0.00
1786356715,bench_mixed,0.00,0.00,0.0,0.000,0.002,63.003,11.564,0.00
1786356720,bench_mixed,0.00,0.00,0.0,0.000,0.002,63.003,11.562,0.00
1786356725,bench_mixed,0.00,0.00,0.0,0.000,0.002,63.003,11.561,0.00
1786356730,bench_mixed,0.00,0.00,0.0,0.000,0.002,63.003,11.561,0.00
1786356735,bench_mixed,0.00,0.00,0.0,0.000,0.002,63.003,11.561,0.00
1786356740,bench_mixed,0.00,0.00,0.0,0.000,0.002,63.003,11.562,0.00
1786356745,bench_mixed,0.00,0.00,0.0,0.000,0.002,63.003,11.562,0.00
1786356750,bench_mixed,0.00,0.00,0.0,0.000,0.002,63.003,11.561,0.00
1786356756,bench_mixed,0.00,0.00,0.0,0.000,0.002,63.003,11.562,0.00
1786356761,bench_mixed,0.00,0.00,0.0,0.000,0.002,63.003,11.562,0.00
1786356766,bench_mixed,0.00,0.00,0.0,0.000,0.002,63.003,11.562,0.00
1786356771,bench_mixed,0.00,0.00,0.0,0.000,0.002,63.003,11.563,0.00
1786356776,bench_mixed,0.00,0.00,0.0,0.000,0.002,63.003,11.563,0.00
1786356781,bench_mixed,0.00,0.00,0.0,0.000,0.002,63.003,11.560,0.00
1786356786,bench_mixed,0.00,0.00,0.0,0.000,0.002,63.003,11.559,0.00
1786356791,bench_mixed,0.00,0.00,0.0,0.000,0.002,63.003,11.561,0.00
1786356796,bench_mixed,0.00,0.00,0.0,0.000,0.002,63.003,11.561,0.00
1786356801,bench_mixed,0.00,0.00,0.0,0.000,0.002,63.003,11.562,0.00
1786356806,bench_mixed,0.00,0.00,0.0,0.000,0.002,63.003,11.561,0.00
1786356811,bench_mixed,0.00,0.00,0.0,0.000,0.002,63.003,11.562,0.00
1786356816,bench_mixed,0.00,0.00,0.0,0.000,0.002,63.003,11.562,0.00
1786356821,bench_mixed,0.00,0.00,0.0,0.000,0.002,63.003,11.559,0.00
1786356826,bench_mixed,0.00,0.00,0.0,0.000,0.002,63.003,11.559,0.00
1786356831,bench_mixed,0.00,0.00,0.0,0.000,0.002,63.003,11.558,0.00
1786356836,bench_mixed,0.00,0.00,0.0,0.000,0.002,63.003,11.558,0.00
1786356841,bench_mixed,0.00,0.00,0.0,0.000,0.002,63.003,11.562,0.00
1786356846,bench_mixed,0.00,0.00,0.0,0.000,0.002,63.003,11.562,0.00
1786356852,bench_mixed,0.00,0.00,0.0,0.000,0.002,63.003,11.562,0.00
1786356857,bench_mixed,0.00,0.00,0.0,0.000,0.002,63.003,11.562,0.00
1786356862,bench_mixed,0.00,0.00,0.0,0.000,0.002,63.003,11.561,0.00
1786356867,bench_mixed,0.00,0.00,0.0,0.000,0.002,63.003,11.561,0.00
1786356872,bench_mixed,0.00,0.00,0.0,0.000,0.002,63.003,11.563,0.00
1786356877,bench_mixed,0.00,0.00,0.0,0.000,0.002,63.003,11.563,0.00
1786356882,bench_mixed,0.00,0.00,0.0,0.000,0.002,63.003,11.564,0.00
1786356887,bench_mixed,0.00,0.00,0.0,0.000,0.002,63.003,11.548,0.06
1786356892,bench_mixed,0.00,0.00,0.0,0.000,0.002,63.003,11.551,0.00
1786356897,bench_mixed,0.00,0.00,0.0,0.000,0.002,63.003,11.551,0.00
1786356902,bench_mixed,0.00,0.00,0.0,0.000,0.002,63.003,11.551,0.00
1786356907,bench_mixed,0.00,0.00,0.0,0.000,0.002,63.003,11.550,0.00
1786356912,bench_mixed,0.00,0.00,0.0,0.000,0.002,63.003,11.554,0.00
1786356917,bench_mixed,0.00,0.00,0.0,0.000,0.002,63.003,11.553,0.00
1786356922,bench_mixed,0.00,0.00,0.0,0.000,0.002,63.003,11.555,0.00
1786356927,bench_mixed,0.00,0.00,0.0,0.000,0.002,63.003,11.555,0.00
1786356932,bench_mixed,0.00,0.00,0.0,0.000,0.002,63.003,11.556,0.00
1786356937,bench_mixed,0.00,0.00,0.0,0.000,0.002,63.003,11.555,0.00
1786356942,bench_mixed,0.00,0.00,0.0,0.000,0.002,63.003,11.557,0.00
1786356948,bench_mixed,0.00,0.00,0.0,0.000,0.002,63.003,11.556,0.00
1786356953,bench_mixed,0.00,0.00,0.0,0.000,0.002,63.003,11.557,0.00
1786356958,bench_mixed,0.00,0.00,0.0,0.000,0.002,63.003,11.557,0.00
1786356963,bench_mixed,0.00,0.00,0.0,0.000,0.002,63.003,11.559,0.00
1786356968,bench_mixed,0.00,0.00,0.0,0.000,0.002,63.003,11.559,0.00
1786356973,bench_mixed,0.00,0.00,0.0,0.000,0.002,63.003,11.557,0.00
1786356978,bench_mixed,0.00,0.00,0.0,0.000,0.002,63.003,11.556,0.00
1786356983,bench_mixed,0.00,0.00,0.0,0.000,0.002,63.003,11.555,0.00
1786356988,bench_mixed,0.00,0.00,0.0,0.000,0.002,63.003,11.556,0.00
1786356993,bench_mixed,0.00,0.00,0.0,0.000,0.002,63.003,11.556,0.00
1786356998,bench_mixed,0.00,0.00,0.0,0.000,0.002,63.003,11.555,0.00
1786357003,bench_mixed,0.00,0.00,0.0,0.000,0.002,63.003,11.555,0.00
1786357008,bench_mixed,0.00,0.00,0.0,0.000,0.002,63.003,11.555,0.00
1786357013,bench_mixed,0.00,0.00,0.0,0.000,0.002,63.003,11.556,0.00
1786357018,bench_mixed,0.00,0.00,0.0,0.000,0.002,63.003,11.558,0.00
1786357023,bench_mixed,0.00,0.00,0.0,0.000,0.002,63.003,11.558,0.00
1786357028,bench_mixed,0.00,0.00,0.0,0.000,0.002,63.003,11.559,0.00
1786357033,bench_mixed,0.00,0.00,0.0,0.000,0.002,63.003,11.559,0.00
1786357039,bench_mixed,0.00,0.00,0.0,0.000,0.002,63.003,11.557,0.00
1786357044,bench_mixed,0.00,0.00,0.0,0.000,0.002,63.003,11.557,0.00
1786357049,bench_mixed,0.00,0.00,0.0,0.000,0.002,63.003,11.558,0.00
1786357054,bench_mixed,0.00,0.00,0.0,0.000,0.002,63.003,11.558,0.00
1786357059,bench_mixed,0.00,0.00,0.0,0.000,0.002,63.003,11.560,0.00
1786357064,bench_mixed,0.00,0.00,0.0,0.000,0.002,63.003,11.560,0.00
1786357069,bench_mixed,0.00,0.00,0.0,0.000,0.002,63.003,11.562,0.00
1786357074,bench_mixed,0.00,0.00,0.0,0.000,0.002,63.003,11.561,0.00
1786357079,bench_mixed,0.00,0.00,0.0,0.000,0.002,63.003,11.561,0.00
1786357084,bench_mixed,0.00,0.00,0.0,0.000,0.002,63.003,11.560,0.00
1786357089,bench_mixed,0.00,0.00,0.0,0.000,0.002,63.003,11.563,0.00
1786357094,bench_mixed,0.00,0.00,0.0,0.000,0.002,63.003,11.562,0.00
1786357099,bench_mixed,0.00,0.00,0.0,0.000,0.002,63.003,11.565,0.00
1786357104,bench_mixed,0.00,0.00,0.0,0.000,0.002,63.003,11.565,0.00
1786357109,bench_mixed,0.00,0.00,0.0,0.000,0.002,63.003,11.567,0.00
1786357114,bench_mixed,0.00,0.00,0.0,0.000,0.002,63.003,11.566,0.00
1786357119,bench_mixed,0.00,0.00,0.0,0.000,0.002,63.003,11.566,0.00
1786357124,bench_mixed,0.00,0.00,0.0,0.000,0.002,63.003,11.566,0.00
1786357129,bench_mixed,0.00,0.00,0.0,0.000,0.002,63.003,11.568,0.00
1786357135,bench_mixed,0.00,0.00,0.0,0.000,0.002,63.003,11.568,0.00
1786357140,bench_mixed,0.00,0.00,0.0,0.000,0.002,63.003,11.568,0.00
1786357145,bench_mixed,0.00,0.00,0.0,0.000,0.002,63.003,11.567,0.00
1786357150,bench_mixed,0.00,0.00,0.0,0.000,0.002,63.003,11.566,0.00
1786357155,bench_mixed,0.00,0.00,0.0,0.000,0.002,63.003,11.566,0.00
1786357160,bench_mixed,0.00,0.00,0.0,0.000,0.002,63.003,11.567,0.00
1786357165,bench_mixed,0.00,0.00,0.0,0.000,0.002,63.003,11.567,0.00
1786357170,bench_mixed,0.00,0.00,0.0,0.000,0.002,63.003,11.568,0.00
1786357175,bench_mixed,0.00,0.00,0.0,0.000,0.002,63.003,11.567,0.00
1786357180,bench_mixed,0.00,0.00,0.0,0.000,0.002,63.003,11.568,0.00
1786357185,bench_mixed,0.00,0.00,0.0,0.000,0.002,63.003,11.552,0.04
1786357190,bench_mixed,0.00,0.00,0.0,0.000,0.002,63.003,11.549,0.02
1786357195,bench_mixed,0.00,0.00,0.0,0.000,0.002,63.003,11.550,0.00
1786357200,bench_mixed,0.00,0.00,0.0,0.000,0.002,63.003,11.551,0.00
1786357205,bench_mixed,0.00,0.00,0.0,0.000,0.002,63.003,11.550,0.00
1786357210,bench_mixed,0.00,0.00,0.0,0.000,0.002,63.003,11.552,0.00
1786357215,bench_mixed,0.00,0.00,0.0,0.000,0.002,63.003,11.551,0.00
1786357220,bench_mixed,0.00,0.00,0.0,0.000,0.002,63.003,11.553,0.00
1786357225,bench_mixed,0.00,0.00,0.0,0.000,0.002,63.003,11.553,0.00
1786357231,bench_mixed,0.00,0.00,0.0,0.000,0.002,63.003,11.555,0.00
1786357236,bench_mixed,0.00,0.00,0.0,0.000,0.002,63.003,11.555,0.00
1786357241,bench_mixed,0.00,0.00,0.0,0.000,0.002,63.003,11.557,0.00
1786357246,bench_mixed,0.00,0.00,0.0,0.000,0.002,63.003,11.557,0.00
1786357251,bench_mixed,0.00,0.00,0.0,0.000,0.002,63.003,11.560,0.00
1786357256,bench_mixed,0.00,0.00,0.0,0.000,0.002,63.003,11.559,0.00
1786357261,bench_mixed,0.00,0.00,0.0,0.000,0.002,63.003,11.559,0.00
1786357266,bench_mixed,0.00,0.00,0.0,0.000,0.002,63.003,11.560,0.00
1786357271,bench_mixed,0.00,0.00,0.0,0.000,0.002,63.003,11.561,0.00
1786357276,bench_mixed,0.00,0.00,0.0,0.000,0.002,63.003,11.561,0.00
1786357281,bench_mixed,0.00,0.00,0.0,0.000,0.002,63.003,11.563,0.00
1786357286,bench_mixed,0.00,0.00,0.0,0.000,0.002,63.003,11.563,0.00
1786357291,bench_mixed,0.00,0.00,0.0,0.000,0.002,63.003,11.564,0.00
1786357296,bench_mixed,0.00,0.00,0.0,0.000,0.002,63.003,11.564,0.00
1786357301,bench_mixed,0.00,0.00,0.0,0.000,0.002,63.003,11.565,0.00
1786357306,bench_mixed,0.00,0.00,0.0,0.000,0.002,63.003,11.565,0.00
1786357311,bench_mixed,0.00,0.00,0.0,0.000,0.002,63.003,11.565,0.00
1786357316,bench_mixed,0.00,0.00,0.0,0.000,0.002,63.003,11.566,0.00
1786357321,bench_mixed,0.00,0.00,0.0,0.000,0.002,63.003,11.567,0.00
1786357327,bench_mixed,0.00,0.00,0.0,0.000,0.002,63.003,11.566,0.00
1786357332,bench_mixed,0.00,0.00,0.0,0.000,0.002,63.003,11.563,0.00
1786357337,bench_mixed,0.00,0.00,0.0,0.000,0.002,63.003,11.563,0.00
1786357342,bench_mixed,0.00,0.00,0.0,0.000,0.002,63.003,11.558,0.00
1786357347,bench_mixed,0.00,0.00,0.0,0.000,0.002,63.003,11.566,0.00
1786357352,bench_mixed,0.00,0.00,0.0,0.000,0.002,63.003,11.566,0.00
1786357357,bench_mixed,0.00,0.00,0.0,0.000,0.002,63.003,11.566,0.00
1786357362,bench_mixed,0.00,0.00,0.0,0.000,0.002,63.003,11.567,0.00
1786357367,bench_mixed,0.00,0.00,0.0,0.000,0.002,63.003,11.566,0.00
1786357372,bench_mixed,0.00,0.00,0.0,0.000,0.002,63.003,11.567,0.00
1786357377,bench_mixed,0.00,0.00,0.0,0.000,0.002,63.003,11.564,0.00
1786357382,bench_mixed,0.00,0.00,0.0,0.000,0.002,63.003,11.564,0.00
1786357387,bench_mixed,0.00,0.00,0.0,0.000,0.002,63.003,11.565,0.00
1786357392,bench_mixed,0.00,0.00,0.0,0.000,0.002,63.003,11.565,0.00
1786357397,bench_mixed,0.00,0.00,0.0,0.000,0.002,63.003,11.565,0.00
1786357402,bench_mixed,0.00,0.00,0.0,0.000,0.002,63.003,11.565,0.00
1786357407,bench_mixed,0.00,0.00,0.0,0.000,0.002,63.003,11.562,0.00
1786357412,bench_mixed,0.00,0.00,0.0,0.000,0.002,63.003,11.562,0.00
1786357417,bench_mixed,0.00,0.00,0.0,0.000,0.002,63.003,11.565,0.00
1786357423,bench_mixed,0.00,0.00,0.0,0.000,0.002,63.003,11.564,0.00
1786357428,bench_mixed,0.00,0.00,0.0,0.000,0.002,63.003,11.565,0.00
1786357433,bench_mixed,0.00,0.00,0.0,0.000,0.002,63.003,11.565,0.00
1786357438,bench_mixed,0.00,0.00,0.0,0.000,0.002,63.003,11.567,0.00
1786357443,bench_mixed,0.00,0.00,0.0,0.000,0.002,63.003,11.567,0.00
1786357448,bench_mixed,0.00,0.00,0.0,0.000,0.002,63.003,11.568,0.00
1786357453,bench_mixed,0.00,0.00,0.0,0.000,0.002,63.003,11.568,0.00
1786357458,bench_mixed,0.00,0.00,0.0,0.000,0.002,63.003,11.568,0.00
1786357463,bench_mixed,0.00,0.00,0.0,0.000,0.002,63.003,11.568,0.00
1786357468,bench_mixed,0.00,0.00,0.0,0.000,0.002,63.003,11.568,0.00
1786357473,bench_mixed,0.00,0.00,0.0,0.000,0.002,63.003,11.568,0.00
1786357478,bench_mixed,0.00,0.00,0.0,0.000,0.002,63.003,11.565,0.00
1786357483,bench_mixed,0.00,0.00,0.0,0.000,0.002,63.003,11.566,0.00
1786357488,bench_mixed,0.00,0.00,0.0,0.000,0.002,63.003,11.549,0.06
1786357493,bench_mixed,0.00,0.00,0.0,0.000,0.002,63.003,11.549,0.00
1786357498,bench_mixed,0.00,0.00,0.0,0.000,0.002,63.003,11.551,0.00
1786357503,bench_mixed,0.00,0.00,0.0,0.000,0.002,63.003,11.550,0.00
1786357508,bench_mixed,0.00,0.00,0.0,0.000,0.002,63.003,11.552,0.00
1786357514,bench_mixed,0.00,0.00,0.0,0.000,0.002,63.003,11.552,0.00
1786357519,bench_mixed,0.00,0.00,0.0,0.000,0.002,63.003,11.554,0.00
1786357524,bench_mixed,0.00,0.00,0.0,0.000,0.002,63.003,11.553,0.00
1786357529,bench_mixed,0.00,0.00,0.0,0.000,0.002,63.003,11.554,0.00
1786357534,bench_mixed,0.00,0.00,0.0,0.000,0.002,63.003,11.554,0.00
1786357539,bench_mixed,0.00,0.00,0.0,0.000,0.002,63.003,11.555,0.00
1786357544,bench_mixed,0.00,0.00,0.0,0.000,0.002,63.003,11.555,0.00
1786357549,bench_mixed,0.00,0.00,0.0,0.000,0.002,63.003,11.557,0.00
1786357554,bench_mixed,0.00,0.00,0.0,0.000,0.002,63.003,11.556,0.00
1786357559,bench_mixed,0.00,0.00,0.0,0.000,0.002,63.003,11.556,0.00
1786357564,bench_mixed,0.00,0.00,0.0,0.000,0.002,63.003,11.555,0.00
1786357569,bench_mixed,0.00,0.00,0.0,0.000,0.002,63.003,11.556,0.00
1786357574,bench_mixed,0.00,0.00,0.0,0.000,0.002,63.003,11.556,0.00
1786357579,bench_mixed,0.00,0.00,0.0,0.000,0.002,63.003,11.558,0.00
1786357584,bench_mixed,0.00,0.00,0.0,0.000,0.002,63.003,11.558,0.00
1786357589,bench_mixed,0.00,0.00,0.0,0.000,0.002,63.003,11.558,0.00
1786357594,bench_mixed,0.00,0.00,0.0,0.000,0.002,63.003,11.558,0.00
1786357599,bench_mixed,0.00,0.00,0.0,0.000,0.002,63.003,11.560,0.00
1786357604,bench_mixed,0.00,0.00,0.0,0.000,0.002,63.003,11.560,0.00
1786357610,bench_mixed,0.00,0.00,0.0,0.000,0.002,63.003,11.561,0.00
1786357615,bench_mixed,0.00,0.00,0.0,0.000,0.002,63.003,11.561,0.00
1786357620,bench_mixed,0.00,0.00,0.0,0.000,0.002,63.003,11.564,0.00
1786357625,bench_mixed,0.00,0.00,0.0,0.000,0.002,63.003,11.563,0.00
1786357630,bench_mixed,0.00,0.00,0.0,0.000,0.002,63.003,11.566,0.00
1786357635,bench_mixed,0.00,0.00,0.0,0.000,0.002,63.003,11.566,0.00
1786357640,bench_mixed,0.00,0.00,0.0,0.000,0.002,63.003,11.565,0.00
1786357645,bench_mixed,0.00,0.00,0.0,0.000,0.002,63.003,11.564,0.00
1786357650,bench_mixed,0.00,0.00,0.0,0.000,0.002,63.003,11.565,0.00
1786357655,bench_mixed,0.00,0.00,0.0,0.000,0.002,63.003,11.564,0.00
1786357660,bench_mixed,0.00,0.00,0.0,0.000,0.002,63.003,11.565,0.00
1786357665,bench_mixed,0.00,0.00,0.0,0.000,0.002,63.003,11.565,0.00
1786357670,bench_mixed,0.00,0.00,0.0,0.000,0.002,63.003,11.566,0.00
1786357675,bench_mixed,0.00,0.00,0.0,0.000,0.002,63.003,11.566,0.00
1786357680,bench_mixed,0.00,0.00,0.0,0.000,0.002,63.003,11.567,0.00
1786357685,bench_mixed,0.00,0.00,0.0,0.000,0.002,63.003,11.566,0.00
1786357690,bench_mixed,0.00,0.00,0.0,0.000,0.002,63.003,11.568,0.00
1786357695,bench_mixed,0.00,0.00,0.0,0.000,0.002,63.003,11.566,0.00
1786357700,bench_mixed,0.00,0.00,0.0,0.000,0.002,63.003,11.560,0.00
1786357706,bench_mixed,0.00,0.00,0.0,0.000,0.002,63.003,11.564,0.00
1786357711,bench_mixed,0.00,0.00,0.0,0.000,0.002,63.003,11.564,0.00
1786357716,bench_mixed,0.00,0.00,0.0,0.000,0.002,63.003,11.565,0.00
1786357721,bench_mixed,0.00,0.00,0.0,0.000,0.002,63.003,11.564,0.00
1786357726,bench_mixed,0.00,0.00,0.0,0.000,0.002,63.003,11.564,0.00
1786357731,bench_mixed,0.00,0.00,0.0,0.000,0.002,63.003,11.564,0.00
1786357736,bench_mixed,0.00,0.00,0.0,0.000,0.002,63.003,11.564,0.00
1786357741,bench_mixed,0.00,0.00,0.0,0.000,0.002,63.003,11.564,0.00
1786357746,bench_mixed,0.00,0.00,0.0,0.000,0.002,63.003,11.564,0.00
1786357751,bench_mixed,0.00,0.00,0.0,0.000,0.002,63.003,11.564,0.00
1786357756,bench_mixed,0.00,0.00,0.0,0.000,0.002,63.003,11.566,0.00
1786357761,bench_mixed,0.00,0.00,0.0,0.000,0.002,63.003,11.567,0.00
1786357766,bench_mixed,0.00,0.00,0.0,0.000,0.002,63.003,11.567,0.00
1786357771,bench_mixed,0.00,0.00,0.0,0.000,0.002,63.003,11.567,0.00
1786357776,bench_mixed,0.00,0.00,0.0,0.000,0.002,63.003,11.568,0.00
1786357781,bench_mixed,0.00,0.00,0.0,0.000,0.002,63.003,11.569,0.00
1786357786,bench_mixed,0.00,0.00,0.0,0.000,0.002,63.003,11.553,0.05
1786357791,bench_mixed,0.00,0.00,0.0,0.000,0.002,63.003,11.552,0.01
1786357796,bench_mixed,0.00,0.00,0.0,0.000,0.002,63.003,11.555,0.00
1786357802,bench_mixed,0.00,0.00,0.0,0.000,0.002,63.003,11.554,0.00
1786357807,bench_mixed,0.00,0.00,0.0,0.000,0.002,63.003,11.556,0.00
1786357812,bench_mixed,0.00,0.00,0.0,0.000,0.002,63.003,11.556,0.00
1786357817,bench_mixed,0.00,0.00,0.0,0.000,0.002,63.003,11.558,0.00
1786357822,bench_mixed,0.00,0.00,0.0,0.000,0.002,63.003,11.557,0.00
1786357827,bench_mixed,0.00,0.00,0.0,0.000,0.002,63.003,11.559,0.00
1786357832,bench_mixed,0.00,0.00,0.0,0.000,0.002,63.003,11.559,0.00
1786357837,bench_mixed,0.00,0.00,0.0,0.000,0.002,63.003,11.559,0.00
1786357842,bench_mixed,0.00,0.00,0.0,0.000,0.002,63.003,11.558,0.00
1786357847,bench_mixed,0.00,0.00,0.0,0.000,0.002,63.003,11.562,0.00
1786357852,bench_mixed,0.00,0.00,0.0,0.000,0.002,63.003,11.562,0.00
1786357857,bench_mixed,0.00,0.00,0.0,0.000,0.002,63.003,11.564,0.00
1786357862,bench_mixed,0.00,0.00,0.0,0.000,0.002,63.003,11.564,0.00
1786357867,bench_mixed,0.00,0.00,0.0,0.000,0.002,63.003,11.564,0.00
1786357872,bench_mixed,0.00,0.00,0.0,0.000,0.002,63.003,11.564,0.00
1786357877,bench_mixed,0.00,0.00,0.0,0.000,0.002,63.003,11.564,0.00
1786357882,bench_mixed,0.00,0.00,0.0,0.000,0.002,63.003,11.563,0.00
1786357887,bench_mixed,0.00,0.00,0.0,0.000,0.002,63.003,11.564,0.00
1786357892,bench_mixed,0.00,0.00,0.0,0.000,0.002,63.003,11.564,0.00
1786357898,bench_mixed,0.00,0.00,0.0,0.000,0.002,63.003,11.566,0.00
1786357903,bench_mixed,0.00,0.00,0.0,0.000,0.002,63.003,11.566,0.00
1786357908,bench_mixed,0.00,0.00,0.0,0.000,0.002,63.003,11.566,0.00
1786357913,bench_mixed,0.00,0.00,0.0,0.000,0.002,63.003,11.566,0.00
1786357918,bench_mixed,0.00,0.00,0.0,0.000,0.002,63.003,11.567,0.00
1786357923,bench_mixed,0.00,0.00,0.0,0.000,0.002,63.003,11.566,0.00
1786357928,bench_mixed,0.00,0.00,0.0,0.000,0.002,63.003,11.564,0.00
1786357933,bench_mixed,0.00,0.00,0.0,0.000,0.002,63.003,11.564,0.00
1786357938,bench_mixed,0.00,0.00,0.0,0.000,0.002,63.003,11.566,0.00
1786357943,bench_mixed,0.00,0.00,0.0,0.000,0.002,63.003,11.566,0.00
1786357948,bench_mixed,0.00,0.00,0.0,0.000,0.002,63.003,11.567,0.00
1786357953,bench_mixed,0.00,0.00,0.0,0.000,0.002,63.003,11.566,0.00
1786357958,bench_mixed,0.00,0.00,0.0,0.000,0.002,63.003,11.567,0.00
1786357963,bench_mixed,0.00,0.00,0.0,0.000,0.002,63.003,11.567,0.00
1786357968,bench_mixed,0.00,0.00,0.0,0.000,0.002,63.003,11.566,0.00
1786357973,bench_mixed,0.00,0.00,0.0,0.000,0.002,63.003,11.567,0.00
1786357978,bench_mixed,0.00,0.00,0.0,0.000,0.002,63.003,11.566,0.00
1786357983,bench_mixed,0.00,0.00,0.0,0.000,0.002,63.003,11.566,0.00
1786357988,bench_mixed,0.00,0.00,0.0,0.000,0.002,63.003,11.566,0.00
1786357994,bench_mixed,0.00,0.00,0.0,0.000,0.002,63.003,11.568,0.00
1786357999,bench_mixed,0.00,0.00,0.0,0.000,0.002,63.003,11.565,0.00
1786358004,bench_mixed,0.00,0.00,0.0,0.000,0.002,63.003,11.564,0.00
1786358009,bench_mixed,0.00,0.00,0.0,0.000,0.002,63.003,11.565,0.00
1786358014,bench_mixed,0.00,0.00,0.0,0.000,0.002,63.003,11.566,0.00
1786358019,bench_mixed,0.00,0.00,0.0,0.000,0.002,63.003,11.567,0.00
1786358024,bench_mixed,0.00,0.00,0.0,0.000,0.002,63.003,11.566,0.00
1786358029,bench_mixed,0.00,0.00,0.0,0.000,0.002,63.003,11.566,0.00
1786358034,bench_mixed,0.00,0.00,0.0,0.000,0.002,63.003,11.566,0.00
1786358039,bench_mixed,0.00,0.00,0.0,0.000,0.002,63.003,11.567,0.00
1786358044,bench_mixed,0.00,0.00,0.0,0.000,0.002,63.003,11.567,0.00
1786358049,bench_mixed,0.00,0.00,0.0,0.000,0.002,63.003,11.568,0.00
1786358054,bench_mixed,0.00,0.00,0.0,0.000,0.002,63.003,11.568,0.00
1786358059,bench_mixed,0.00,0.00,0.0,0.000,0.002,63.003,11.557,0.00
1786358064,bench_mixed,0.00,0.00,0.0,0.000,0.002,63.003,11.568,0.00
1786358069,bench_mixed,0.00,0.00,0.0,0.000,0.002,63.003,11.568,0.00
1786358074,bench_mixed,0.00,0.00,0.0,0.000,0.002,63.003,11.569,0.00
1786358079,bench_mixed,0.00,0.00,0.0,0.000,0.002,63.003,11.568,0.00
1786358084,bench_mixed,0.00,0.00,0.0,0.000,0.002,63.003,11.555,0.03
1786358090,bench_mixed,0.00,0.00,0.0,0.000,0.002,63.003,11.549,0.03
1786358095,bench_mixed,0.00,0.00,0.0,0.000,0.002,63.003,11.552,0.00
1786358100,bench_mixed,0.00,0.00,0.0,0.000,0.002,63.003,11.553,0.00
1786358105,bench_mixed,0.00,0.00,0.0,0.000,0.002,63.003,11.553,0.00
1786358110,bench_mixed,0.00,0.00,0.0,0.000,0.002,63.003,11.553,0.00
1786358115,bench_mixed,0.00,0.00,0.0,0.000,0.002,63.003,11.555,0.00
1786358120,bench_mixed,0.00,0.00,0.0,0.000,0.002,63.003,11.555,0.00
1786358125,bench_mixed,0.00,0.00,0.0,0.000,0.002,63.003,11.557,0.00
1786358130,bench_mixed,0.00,0.00,0.0,0.000,0.002,63.003,11.557,0.00
1786358135,bench_mixed,0.00,0.00,0.0,0.000,0.002,63.003,11.558,0.00
1786358140,bench_mixed,0.00,0.00,0.0,0.000,0.002,63.003,11.558,0.00
1786358145,bench_mixed,0.00,0.00,0.0,0.000,0.002,63.003,11.560,0.00
1786358150,bench_mixed,0.00,0.00,0.0,0.000,0.002,63.003,11.560,0.00
1786358155,bench_mixed,0.00,0.00,0.0,0.000,0.002,63.003,11.559,0.00
1786358160,bench_mixed,0.00,0.00,0.0,0.000,0.002,63.003,11.559,0.00
1786358165,bench_mixed,0.00,0.00,0.0,0.000,0.002,63.003,11.561,0.00
1786358170,bench_mixed,0.00,0.00,0.0,0.000,0.002,63.003,11.561,0.00
1786358175,bench_mixed,0.00,0.00,0.0,0.000,0.002,63.003,11.564,0.00
1786358180,bench_mixed,0.00,0.00,0.0,0.000,0.002,63.003,11.564,0.00
1786358186,bench_mixed,0.00,0.00,0.0,0.000,0.002,63.003,11.563,0.00
1786358191,bench_mixed,0.00,0.00,0.0,0.000,0.002,63.003,11.562,0.00
1786358196,bench_mixed,0.00,0.00,0.0,0.000,0.002,63.003,11.563,0.00
1786358201,bench_mixed,0.00,0.00,0.0,0.000,0.002,63.003,11.562,0.00
1786358206,bench_mixed,0.00,0.00,0.0,0.000,0.002,63.003,11.564,0.00
1786358211,bench_mixed,0.00,0.00,0.0,0.000,0.002,63.003,11.563,0.00
1786358216,bench_mixed,0.00,0.00,0.0,0.000,0.002,63.003,11.566,0.00
1786358221,bench_mixed,0.00,0.00,0.0,0.000,0.002,63.003,11.566,0.00
1786358226,bench_mixed,0.00,0.00,0.0,0.000,0.002,63.003,11.565,0.00
1786358231,bench_mixed,0.00,0.00,0.0,0.000,0.002,63.003,11.565,0.00
1786358236,bench_mixed,0.00,0.00,0.0,0.000,0.002,63.003,11.565,0.00
1786358241,bench_mixed,0.00,0.00,0.0,0.000,0.002,63.003,11.564,0.00
1786358246,bench_mixed,0.00,0.00,0.0,0.000,0.002,63.003,11.562,0.00
1786358251,bench_mixed,0.00,0.00,0.0,0.000,0.002,63.003,11.562,0.00
1786358256,bench_mixed,0.00,0.00,0.0,0.000,0.002,63.003,11.563,0.00
1786358261,bench_mixed,0.00,0.00,0.0,0.000,0.002,63.003,11.562,0.00
1786358266,bench_mixed,0.00,0.00,0.0,0.000,0.002,63.003,11.563,0.00
1786358271,bench_mixed,0.00,0.00,0.0,0.000,0.002,63.003,11.563,0.00
1786358276,bench_mixed,0.00,0.00,0.0,0.000,0.002,63.003,11.563,0.00
1786358282,bench_mixed,0.00,0.00,0.0,0.000,0.002,63.003,11.563,0.00
1786358287,bench_mixed,0.00,0.00,0.0,0.000,0.002,63.003,11.566,0.00
1786358292,bench_mixed,0.00,0.00,0.0,0.000,0.002,63.003,11.566,0.00
1786358297,bench_mixed,0.00,0.00,0.0,0.000,0.002,63.003,11.566,0.00
1786358302,bench_mixed,0.00,0.00,0.0,0.000,0.002,63.003,11.566,0.00
1786358307,bench_mixed,0.00,0.00,0.0,0.000,0.002,63.003,11.566,0.00
1786358312,bench_mixed,0.00,0.00,0.0,0.000,0.002,63.003,11.566,0.00
1786358317,bench_mixed,0.00,0.00,0.0,0.000,0.002,63.003,11.567,0.00
1786358322,bench_mixed,0.00,0.00,0.0,0.000,0.002,63.003,11.566,0.00
1786358327,bench_mixed,0.00,0.00,0.0,0.000,0.002,63.003,11.566,0.00
1786358332,bench_mixed,0.00,0.00,0.0,0.000,0.002,63.003,11.566,0.00
1786358337,bench_mixed,0.00,0.00,0.0,0.000,0.002,63.003,11.566,0.00
1786358342,bench_mixed,0.00,0.00,0.0,0.000,0.002,63.003,11.567,0.00
1786358347,bench_mixed,0.00,0.00,0.0,0.000,0.002,63.003,11.565,0.00
1786358352,bench_mixed,0.00,0.00,0.0,0.000,0.002,63.003,11.565,0.00
1786358357,bench_mixed,0.00,0.00,0.0,0.000,0.002,63.003,11.566,0.00
1786358362,bench_mixed,0.00,0.00,0.0,0.000,0.002,63.003,11.566,0.00
1786358367,bench_mixed,0.00,0.00,0.0,0.000,0.002,63.003,11.567,0.00
1786358372,bench_mixed,0.00,0.00,0.0,0.000,0.002,63.003,11.567,0.00
1786358378,bench_mixed,0.00,0.00,0.0,0.000,0.002,63.003,11.567,0.00
1786358383,bench_mixed,0.00,0.00,0.0,0.000,0.002,63.003,11.566,0.00
1786358388,bench_mixed,0.00,0.00,0.0,0.000,0.002,63.003,11.549,0.06
1786358393,bench_mixed,0.00,0.00,0.0,0.000,0.002,63.003,11.549,0.00
1786358398,bench_mixed,0.00,0.00,0.0,0.000,0.002,63.003,11.551,0.00
1786358403,bench_mixed,0.00,0.00,0.0,0.000,0.002,63.003,11.550,0.00
1786358408,bench_mixed,0.00,0.00,0.0,0.000,0.002,63.003,11.553,0.00
1786358413,bench_mixed,0.00,0.00,0.0,0.000,0.002,63.003,11.553,0.00
1786358418,bench_mixed,0.00,0.00,0.0,0.000,0.002,63.003,11.550,0.00
1786358423,bench_mixed,0.00,0.00,0.0,0.000,0.002,63.003,11.553,0.00
1786358428,bench_mixed,0.00,0.00,0.0,0.000,0.002,63.003,11.553,0.00
1786358433,bench_mixed,0.00,0.00,0.0,0.000,0.002,63.003,11.554,0.00
