ts,phase,nvme_rd_mb_s,nvme_wr_mb_s,nvme_active_pct,cte_file_tier_gb,devshm_used_gb,clio_rss_gb,mem_avail_gb,nfs_rd_mb_s
1786362690,setup,0.01,0.00,0.2,0.000,0.004,0.000,44.931,0.01
1786362695,ingest,0.00,0.00,0.1,0.000,0.003,0.434,44.469,3.36
1786362700,ingest,0.00,0.00,0.0,0.000,0.003,0.983,43.920,0.00
1786362705,ingest,0.00,0.00,0.0,0.000,0.003,1.306,43.602,0.00
1786362710,ingest,0.00,0.00,0.0,0.000,0.003,1.684,43.222,0.00
1786362715,ingest,0.00,0.00,0.0,0.000,0.003,2.068,42.840,0.00
1786362720,ingest,0.00,0.00,0.0,0.000,0.003,2.514,42.393,0.00
1786362725,ingest,0.00,0.00,0.1,0.000,0.003,2.890,42.016,0.00
1786362730,ingest,0.00,0.00,0.0,0.000,0.003,3.329,41.572,0.00
1786362735,ingest,0.00,0.00,0.0,0.000,0.003,3.830,41.073,0.00
1786362740,ingest,0.00,0.00,0.0,0.000,0.003,4.205,40.692,0.00
1786362746,ingest,0.00,0.00,0.0,0.000,0.003,4.585,40.309,0.00
1786362751,ingest,0.00,0.00,0.0,0.000,0.003,5.041,39.851,0.00
1786362756,ingest,0.00,0.01,0.1,0.000,0.003,5.483,39.405,0.00
1786362761,ingest,0.00,0.00,0.0,0.000,0.003,5.859,39.028,0.00
1786362766,ingest,0.00,0.00,0.0,0.000,0.003,6.300,38.580,0.00
1786362771,ingest,0.00,0.00,0.0,0.000,0.003,6.802,38.080,0.00
1786362776,ingest,0.00,0.00,0.0,0.000,0.003,7.302,37.580,0.00
1786362781,ingest,0.00,0.00,0.0,0.000,0.003,7.803,37.072,0.00
1786362786,ingest,0.00,0.00,0.1,0.000,0.003,8.309,36.564,0.00
1786362791,ingest,0.00,0.00,0.0,0.000,0.003,8.807,36.064,0.00
1786362796,ingest,0.00,0.00,0.0,0.000,0.003,9.057,35.813,0.00
1786362801,ingest,0.00,0.00,0.0,0.000,0.003,9.500,35.365,0.00
1786362806,ingest,0.00,0.00,0.0,0.000,0.003,9.938,34.927,0.00
1786362811,ingest,0.00,0.00,0.0,0.000,0.003,10.377,34.483,0.00
1786362816,ingest,0.00,0.00,0.1,0.000,0.003,10.752,34.108,0.00
1786362821,ingest,0.00,0.00,0.0,0.000,0.003,11.128,33.725,0.00
1786362826,ingest,0.00,0.00,0.0,0.000,0.003,11.503,33.356,0.00
1786362831,ingest,0.00,0.00,0.0,0.000,0.003,11.757,33.100,0.00
1786362836,ingest,0.00,0.00,0.0,0.000,0.003,12.199,32.653,0.00
1786362842,ingest,0.00,0.00,0.0,0.000,0.003,12.574,32.271,0.00
1786362847,ingest,0.00,0.00,0.0,0.000,0.003,13.074,31.761,0.00
1786362852,ingest,0.00,0.00,0.0,0.000,0.003,13.574,31.260,0.00
1786362857,ingest,0.00,0.00,0.0,0.000,0.003,14.012,30.823,0.00
1786362862,ingest,0.00,0.00,0.0,0.000,0.003,14.513,30.321,0.00
1786362867,ingest,0.00,0.00,0.0,0.000,0.003,15.013,29.817,0.00
1786362872,ingest,0.00,0.00,0.0,0.000,0.003,15.514,29.315,0.00
1786362877,ingest,0.00,0.00,0.0,0.000,0.003,16.015,28.812,0.00
1786362882,ingest,0.00,0.00,0.0,0.000,0.003,16.515,28.312,0.00
1786362887,ingest,0.00,0.00,0.0,0.000,0.003,16.953,27.872,0.00
1786362892,ingest,0.00,0.00,0.0,0.000,0.003,17.391,27.429,0.00
1786362897,ingest,0.00,0.00,0.0,0.000,0.003,17.829,26.992,0.00
1786362902,ingest,0.00,0.00,0.0,0.000,0.003,18.329,26.485,0.00
1786362907,ingest,0.00,0.00,0.0,0.000,0.003,18.871,25.936,0.00
1786362912,ingest,0.00,0.00,0.0,0.000,0.003,19.330,25.472,0.00
1786362917,ingest,0.00,0.00,0.0,0.000,0.003,19.831,24.973,0.00
1786362922,ingest,0.00,0.00,0.0,0.000,0.003,20.206,24.600,0.00
1786362927,ingest,0.00,0.00,0.0,0.000,0.003,20.721,24.080,0.00
1786362933,ingest,0.00,0.00,0.0,0.000,0.003,21.271,23.528,0.00
1786362938,ingest,0.00,0.00,0.0,0.000,0.003,21.772,23.019,0.00
1786362943,ingest,0.00,0.00,0.0,0.000,0.003,22.275,22.537,0.00
1786362948,ingest,0.00,0.00,0.0,0.000,0.003,22.711,22.099,0.00
1786362953,ingest,0.00,0.00,0.0,0.000,0.003,23.149,21.661,0.00
1786362958,ingest,0.00,0.00,0.0,0.000,0.003,23.525,21.279,0.00
1786362963,ingest,0.00,0.00,0.0,0.000,0.003,24.019,20.781,0.00
1786362968,ingest,0.00,0.00,0.0,0.000,0.003,24.213,20.587,0.00
1786362973,ingest,0.00,0.00,0.0,0.000,0.003,24.338,20.464,0.00
1786362978,ingest,0.00,0.00,0.0,0.000,0.003,24.463,20.334,0.00
1786362983,ingest,0.00,0.00,0.0,0.000,0.003,24.651,20.147,0.00
1786362988,ingest,0.00,0.00,0.0,0.000,0.003,24.839,19.961,0.00
1786362993,ingest,0.00,0.00,0.0,0.000,0.003,24.901,19.895,0.01
1786362998,ingest,0.00,0.00,0.0,0.000,0.003,25.026,19.753,0.01
1786363003,ingest,0.00,0.00,0.0,0.000,0.003,25.151,19.634,0.00
1786363008,ingest,0.00,0.00,0.0,0.000,0.003,25.276,19.508,0.00
1786363013,ingest,0.00,0.00,0.0,0.000,0.003,25.401,19.383,0.00
1786363018,ingest,0.00,0.00,0.0,0.000,0.003,25.527,19.257,0.00
1786363023,ingest,0.00,0.00,0.0,0.000,0.003,25.652,19.131,0.00
1786363029,ingest,0.00,0.00,0.0,0.000,0.003,25.839,18.946,0.00
1786363034,ingest,0.00,0.00,0.0,0.000,0.003,25.965,18.817,0.00
1786363039,ingest,0.00,0.00,0.0,0.000,0.003,26.152,18.628,0.00
1786363044,ingest,0.00,0.00,0.0,0.000,0.003,26.277,18.501,0.00
1786363049,ingest,0.00,0.00,0.0,0.000,0.003,26.403,18.378,0.00
1786363054,ingest,0.00,0.00,0.0,0.000,0.003,26.590,18.191,0.00
1786363059,ingest,0.00,0.00,0.0,0.000,0.003,26.778,18.000,0.00
1786363064,ingest,0.00,0.00,0.0,0.000,0.003,26.966,17.810,0.00
1786363069,ingest,0.00,0.00,0.0,0.000,0.003,27.091,17.686,0.00
1786363074,ingest,0.00,0.00,0.0,0.000,0.003,27.288,17.487,0.00
1786363079,ingest,0.00,0.00,0.0,0.000,0.003,27.413,17.361,0.00
1786363084,ingest,0.00,0.00,0.0,0.000,0.003,27.600,17.180,0.00
1786363089,ingest,0.00,0.00,0.0,0.000,0.003,27.726,17.054,0.00
1786363094,ingest,0.00,0.00,0.0,0.000,0.003,27.851,16.931,0.00
1786363099,ingest,0.00,0.00,0.0,0.000,0.003,27.976,16.804,0.00
1786363104,ingest,0.00,0.00,0.0,0.000,0.003,28.163,16.615,0.00
1786363109,ingest,0.00,0.00,0.0,0.000,0.003,28.289,16.490,0.00
1786363114,ingest,0.00,0.00,0.0,0.000,0.003,28.414,16.361,0.00
1786363120,ingest,0.00,0.00,0.0,0.000,0.003,28.602,16.177,0.00
1786363125,ingest,0.00,0.00,0.0,0.000,0.003,28.664,16.108,0.00
1786363130,ingest,0.00,0.00,0.0,0.000,0.003,28.852,15.920,0.00
1786363135,ingest,0.00,0.00,0.0,0.000,0.003,28.977,15.797,0.00
1786363140,ingest,0.00,0.00,0.0,0.000,0.003,29.102,15.672,0.00
1786363145,ingest,0.00,0.00,0.0,0.000,0.003,29.290,15.482,0.00
1786363150,ingest,0.00,0.00,0.0,0.000,0.003,29.415,15.355,0.00
1786363155,ingest,0.00,0.00,0.0,0.000,0.003,29.540,15.226,0.00
1786363160,ingest,0.00,0.00,0.0,0.000,0.003,29.665,15.104,0.00
1786363165,ingest,0.00,0.00,0.0,0.000,0.003,29.790,14.971,0.00
1786363170,ingest,0.00,0.00,0.0,0.000,0.003,29.980,14.784,0.00
1786363175,ingest,0.00,0.00,0.0,0.000,0.003,30.167,14.595,0.00
1786363180,ingest,0.00,0.00,0.0,0.000,0.003,30.293,14.467,0.00
1786363185,ingest,0.00,0.00,0.0,0.000,0.003,30.480,14.279,0.00
1786363190,ingest,0.00,0.00,0.0,0.032,0.003,30.543,14.219,0.00
1786363195,ingest,0.00,31.43,4.0,0.169,0.003,30.543,14.226,0.00
1786363200,ingest,0.00,0.00,0.0,0.277,0.003,30.543,14.224,0.00
1786363205,ingest,0.00,0.00,0.0,0.419,0.003,30.544,14.221,0.00
1786363210,ingest,0.00,0.00,0.0,0.556,0.003,30.544,14.221,0.00
1786363216,ingest,0.00,0.00,0.1,0.716,0.003,30.544,14.219,0.00
1786363221,ingest,0.00,0.00,0.0,0.848,0.003,30.544,14.218,0.00
1786363226,ingest,0.00,0.00,0.0,0.993,0.003,30.544,14.212,0.00
1786363231,ingest,0.00,172.95,16.8,1.115,0.003,30.544,14.216,0.00
1786363236,ingest,0.00,0.00,0.0,1.306,0.003,30.544,14.208,0.00
1786363241,ingest,0.00,0.00,0.0,1.442,0.003,30.545,14.210,0.00
1786363246,ingest,0.00,0.00,0.1,1.598,0.003,30.545,14.211,0.00
1786363251,ingest,0.00,0.00,0.0,1.739,0.003,30.545,14.210,0.00
1786363256,ingest,0.00,0.00,0.0,1.860,0.003,30.545,14.210,0.00
1786363261,ingest,0.00,192.18,18.7,2.035,0.003,30.545,14.205,0.00
1786363266,ingest,0.00,0.00,0.0,2.177,0.003,30.545,14.203,0.00
1786363271,ingest,0.00,0.00,0.0,2.332,0.003,30.546,14.204,0.00
1786363276,ingest,0.00,0.00,0.1,2.444,0.003,30.546,14.199,0.00
1786363281,ingest,0.00,0.00,0.0,2.568,0.003,30.546,14.201,0.00
1786363286,ingest,0.00,0.00,0.0,2.730,0.003,30.546,14.195,0.00
1786363291,ingest,0.00,179.22,17.1,2.891,0.003,30.546,14.195,0.00
1786363296,ingest,0.00,0.00,0.0,3.043,0.003,30.546,14.186,0.02
1786363301,ingest,0.00,0.00,0.0,3.166,0.003,30.546,14.185,0.00
1786363306,ingest,0.00,0.00,0.1,3.339,0.003,30.546,14.184,0.00
1786363312,ingest,0.00,0.00,0.0,3.489,0.003,30.547,14.189,0.00
1786363317,ingest,0.00,0.00,0.0,3.637,0.003,30.550,14.188,0.00
1786363322,ingest,0.00,192.20,17.6,3.794,0.003,30.551,14.188,0.00
1786363327,ingest,0.00,0.00,0.0,3.909,0.003,30.551,14.177,0.00
1786363332,ingest,0.00,0.00,0.0,4.066,0.003,30.551,14.183,0.00
1786363337,ingest,0.00,0.00,0.1,4.235,0.003,30.551,14.185,0.00
1786363342,ingest,0.00,0.00,0.0,4.378,0.003,30.551,14.183,0.00
1786363347,ingest,0.00,0.00,0.0,4.515,0.003,30.552,14.182,0.00
1786363352,ingest,0.00,176.51,16.2,4.679,0.003,30.552,14.181,0.00
1786363357,ingest,0.00,0.00,0.0,4.839,0.003,30.552,14.184,0.00
1786363362,ingest,0.00,0.00,0.0,4.977,0.003,30.552,14.180,0.00
1786363367,ingest,0.00,0.00,0.1,5.105,0.003,30.552,14.179,0.00
1786363372,ingest,0.00,0.00,0.0,5.257,0.003,30.552,14.183,0.00
1786363377,ingest,0.00,0.00,0.0,5.389,0.003,30.552,14.183,0.00
1786363382,ingest,0.00,18.28,2.6,5.497,0.003,30.552,14.182,0.00
1786363387,ingest,0.00,152.39,14.0,5.612,0.003,30.553,14.182,0.00
1786363392,ingest,0.00,39.32,4.6,5.713,0.003,30.553,14.179,0.00
1786363397,ingest,0.00,0.00,0.1,5.807,0.003,30.553,14.178,0.00
1786363403,ingest,0.00,0.00,0.0,5.915,0.003,30.553,14.177,0.00
1786363408,ingest,0.00,0.00,0.0,6.073,0.003,30.553,14.176,0.00
1786363413,ingest,0.00,0.00,0.0,6.251,0.003,30.553,14.177,0.00
1786363418,ingest,0.00,0.00,0.0,6.465,0.003,30.553,14.176,0.00
1786363423,ingest,0.00,0.00,0.0,6.674,0.003,30.554,14.177,0.00
1786363428,ingest,0.00,201.20,19.1,6.783,0.003,30.554,14.175,0.00
1786363433,ingest,0.00,0.00,0.0,6.890,0.003,30.554,14.174,0.00
1786363438,ingest,0.00,0.00,0.0,7.005,0.003,30.554,14.179,0.00
1786363443,ingest,0.00,0.00,0.0,7.157,0.003,30.558,14.179,0.00
1786363448,ingest,0.00,0.00,0.0,7.293,0.003,30.558,14.177,0.00
1786363453,ingest,0.00,0.00,0.0,7.454,0.003,30.558,14.174,0.00
1786363458,ingest,0.00,171.89,15.9,7.612,0.003,30.559,14.174,0.00
1786363463,ingest,0.00,0.00,0.0,7.731,0.003,30.559,14.170,0.00
1786363468,ingest,0.00,0.00,0.0,7.857,0.003,30.559,14.168,0.00
1786363473,ingest,0.00,0.00,0.0,8.000,0.003,30.559,14.170,0.00
1786363478,ingest,0.00,0.00,0.0,8.145,0.003,30.559,14.167,0.00
1786363483,ingest,0.00,0.00,0.0,8.284,0.003,30.559,14.171,0.00
1786363488,ingest,0.00,174.10,17.2,8.421,0.003,30.559,14.172,0.00
1786363494,ingest,0.00,0.00,0.9,8.515,0.003,30.559,14.170,0.00
1786363499,ingest,0.00,0.00,0.0,8.616,0.003,30.560,14.169,0.00
1786363504,ingest,0.00,0.00,0.0,8.741,0.003,30.560,14.171,0.00
1786363509,ingest,0.00,0.00,0.0,8.814,0.003,30.560,14.169,0.00
1786363514,ingest,0.00,0.00,0.0,8.950,0.003,30.560,14.167,0.00
1786363519,ingest,0.00,85.94,8.8,9.063,0.003,30.560,14.165,0.00
1786363524,ingest,0.00,49.82,4.7,9.191,0.003,30.560,14.165,0.00
1786363529,ingest,0.00,0.00,0.0,9.376,0.003,30.560,14.165,0.00
1786363534,ingest,0.00,0.00,0.0,9.565,0.003,30.560,14.165,0.00
1786363539,ingest,0.00,0.00,0.0,9.666,0.003,30.561,14.165,0.00
1786363544,ingest,0.00,0.00,0.0,9.782,0.003,30.561,14.165,0.00
1786363549,ingest,0.00,0.00,0.0,9.910,0.003,30.561,14.165,0.00
1786363554,ingest,0.00,179.00,21.7,10.029,0.003,30.561,14.161,0.00
1786363559,ingest,0.00,0.00,0.0,10.162,0.003,30.561,14.164,0.00
1786363564,ingest,0.00,0.00,0.0,10.316,0.003,30.561,14.158,0.00
1786363569,ingest,0.00,0.00,0.0,10.502,0.003,30.562,14.155,0.00
1786363574,ingest,0.00,0.00,0.0,10.610,0.003,30.562,14.153,0.00
1786363579,ingest,0.00,0.00,0.0,10.763,0.003,30.562,14.152,0.00
1786363585,ingest,0.00,179.82,17.3,10.885,0.003,30.562,14.147,0.00
1786363590,ingest,0.00,0.00,0.0,11.020,0.003,30.562,14.147,0.00
1786363595,ingest,0.00,0.00,0.0,11.179,0.003,30.562,14.139,0.02
1786363600,ingest,0.00,0.00,0.0,11.301,0.003,30.562,14.142,0.00
1786363605,ingest,0.00,0.00,0.0,11.487,0.003,30.562,14.143,0.00
1786363610,ingest,0.00,0.00,0.0,11.653,0.003,30.563,14.144,0.00
1786363615,ingest,0.00,197.32,21.7,11.822,0.003,30.563,14.144,0.00
1786363620,ingest,0.00,0.00,0.0,11.961,0.003,30.563,14.146,0.00
1786363625,ingest,0.00,0.00,0.0,12.063,0.003,30.564,14.143,0.00
1786363630,ingest,0.00,0.00,0.0,12.176,0.003,30.564,14.145,0.00
1786363635,ingest,0.00,0.00,0.0,12.279,0.003,30.564,14.146,0.00
1786363640,ingest,0.00,0.00,0.0,12.438,0.003,30.572,14.132,0.00
1786363645,ingest,0.00,0.00,0.1,12.607,0.003,30.572,14.132,0.00
1786363650,ingest,0.00,168.69,16.3,12.771,0.003,30.572,14.135,0.00
1786363655,ingest,0.00,0.00,0.0,12.923,0.003,30.573,14.132,0.00
1786363660,ingest,0.00,0.00,0.0,13.056,0.003,30.573,14.132,0.00
1786363665,ingest,0.00,0.00,0.0,13.190,0.003,30.573,14.128,0.00
1786363670,ingest,0.00,131.33,12.1,13.342,0.003,30.573,14.129,0.00
1786363675,ingest,0.00,0.00,0.2,13.440,0.003,30.573,14.130,0.00
1786363681,ingest,0.00,0.00,0.0,13.593,0.003,30.573,14.131,0.00
1786363686,ingest,0.00,0.00,0.0,13.806,0.003,30.573,14.131,0.00
1786363691,ingest,0.00,0.00,0.0,13.944,0.003,30.574,14.133,0.00
1786363696,ingest,0.00,0.00,0.0,14.048,0.003,30.574,14.123,0.00
1786363701,ingest,0.00,172.01,16.4,14.154,0.003,30.574,14.128,0.00
1786363706,ingest,0.00,0.00,0.1,14.295,0.003,30.574,14.123,0.00
1786363711,ingest,0.00,0.00,0.0,14.454,0.003,30.574,14.123,0.00
1786363716,ingest,0.00,0.00,0.0,14.561,0.003,30.574,14.124,0.00
1786363721,ingest,0.00,0.00,0.0,14.733,0.003,30.574,14.123,0.00
1786363726,ingest,1.51,0.00,0.3,14.814,0.003,30.574,14.123,0.00
1786363731,ingest,2.57,0.00,0.6,14.814,0.003,30.574,14.256,0.01
1786363736,bench_mixed,0.00,136.36,12.7,14.814,0.003,30.577,14.255,3.18
1786363741,bench_mixed,0.00,0.00,0.0,14.814,0.003,42.590,13.385,3.18
1786363746,bench_mixed,0.00,0.00,0.0,14.814,0.003,56.690,13.211,0.00
1786363751,bench_mixed,703.53,0.00,56.4,14.814,0.003,61.539,13.137,0.00
1786363756,bench_mixed,1049.43,0.00,86.2,14.814,0.003,61.596,13.070,0.00
1786363761,bench_mixed,842.65,0.00,84.0,14.814,0.003,61.648,13.018,0.00
1786363766,bench_mixed,112.14,0.00,10.8,14.814,0.003,61.717,12.966,0.00
1786363772,bench_mixed,0.00,0.00,0.0,14.814,0.003,61.749,12.938,0.00
1786363777,bench_mixed,126.52,0.00,14.8,14.814,0.003,61.798,12.891,0.00
1786363782,bench_mixed,810.84,0.00,45.9,14.814,0.003,61.809,12.889,0.00
1786363787,bench_mixed,0.00,0.00,0.0,14.814,0.003,61.810,12.888,0.00
1786363792,bench_mixed,0.00,0.00,0.0,14.814,0.003,61.811,12.887,0.00
1786363797,bench_mixed,182.17,0.00,36.4,14.814,0.003,61.833,12.882,0.00
1786363802,bench_mixed,975.76,0.00,72.3,14.814,0.003,62.669,11.743,0.00
1786363807,bench_mixed,349.81,0.00,36.3,14.814,0.003,64.233,8.962,58.34
1786363812,bench_mixed,573.62,0.00,50.4,14.814,0.003,64.633,8.481,0.00
1786363818,bench_mixed,633.60,0.00,55.1,14.814,0.003,64.818,8.286,0.00
1786363823,bench_mixed,547.82,0.00,49.9,14.814,0.003,65.122,7.978,0.00
1786363828,bench_mixed,566.39,0.00,50.2,14.814,0.003,65.353,7.748,0.00
1786363833,bench_mixed,514.94,0.00,49.4,14.814,0.003,65.455,7.646,0.00
1786363838,bench_mixed,640.94,0.00,55.2,14.814,0.003,65.531,7.569,0.00
1786363843,bench_mixed,677.75,0.00,57.8,14.814,0.003,65.546,7.557,0.00
1786363848,bench_mixed,573.91,0.00,48.7,14.814,0.003,65.572,7.529,0.00
1786363853,bench_mixed,604.01,0.00,53.3,14.814,0.003,65.627,7.475,0.00
1786363858,bench_mixed,628.07,0.00,50.8,14.814,0.003,65.699,7.409,0.00
1786363863,bench_mixed,696.85,0.00,53.6,14.814,0.003,65.711,7.396,0.00
1786363868,bench_mixed,586.04,0.00,49.0,14.814,0.003,65.746,7.361,0.00
1786363873,bench_mixed,685.73,0.00,54.5,14.814,0.003,65.784,7.328,0.00
1786363878,bench_mixed,618.55,0.00,48.8,14.814,0.003,65.802,7.311,0.00
1786363883,bench_mixed,735.90,0.00,55.6,14.814,0.003,65.827,7.286,0.00
1786363889,bench_mixed,743.01,0.00,54.3,14.814,0.003,65.890,7.226,0.00
1786363894,bench_mixed,662.04,0.00,48.2,14.814,0.003,65.925,7.180,0.01
1786363899,bench_mixed,681.22,0.00,48.5,14.814,0.003,65.989,7.124,0.01
1786363904,bench_mixed,690.64,0.00,51.6,14.814,0.003,66.025,7.086,0.00
1786363909,bench_mixed,713.54,0.00,50.6,14.814,0.003,66.043,7.069,0.00
1786363914,bench_mixed,668.52,0.00,49.9,14.814,0.003,66.090,7.018,0.00
1786363919,bench_mixed,692.33,0.00,49.4,14.814,0.003,66.123,6.995,0.00
1786363924,bench_mixed,659.47,0.00,45.2,14.814,0.003,66.182,6.940,0.00
1786363929,bench_mixed,664.74,0.00,46.4,14.814,0.003,66.198,6.917,0.00
1786363934,bench_mixed,790.74,0.00,53.1,14.814,0.003,66.206,6.906,0.00
1786363939,bench_mixed,759.92,0.00,50.7,14.814,0.003,66.216,6.893,0.00
1786363944,bench_mixed,672.83,0.00,44.2,14.814,0.003,66.229,6.879,0.00
1786363949,bench_mixed,754.73,0.00,52.0,14.814,0.003,66.233,6.870,0.00
1786363954,bench_mixed,706.59,0.00,57.2,14.814,0.003,66.276,6.834,0.00
1786363959,bench_mixed,828.78,0.00,59.0,14.814,0.003,66.292,6.823,0.00
1786363964,bench_mixed,673.89,0.00,43.4,14.814,0.003,66.294,6.822,0.00
1786363969,bench_mixed,713.12,0.00,48.2,14.814,0.003,66.307,6.799,0.00
1786363974,bench_mixed,692.56,0.00,50.2,14.814,0.003,66.316,6.838,0.00
1786363980,bench_mixed,803.14,0.00,52.4,14.814,0.003,66.321,6.831,0.00
1786363985,bench_mixed,822.16,0.00,55.1,14.814,0.003,66.350,6.802,0.00
1786363990,bench_mixed,647.26,0.00,47.9,14.814,0.003,66.370,6.778,0.00
1786363995,bench_mixed,696.96,0.00,51.2,14.814,0.003,66.405,6.643,0.00
1786364000,bench_mixed,831.52,0.00,58.0,14.814,0.003,66.422,6.682,0.00
1786364005,bench_mixed,768.60,0.00,53.4,14.814,0.003,66.431,6.723,0.00
1786364010,bench_mixed,703.53,0.00,48.0,14.814,0.003,66.464,6.603,0.00
1786364015,bench_mixed,808.07,0.00,55.7,14.814,0.003,66.465,6.689,0.00
1786364020,bench_mixed,709.61,0.00,51.9,14.814,0.003,66.482,6.558,0.00
1786364025,bench_mixed,665.97,0.00,52.7,14.814,0.003,66.507,6.624,0.00
1786364030,bench_mixed,862.66,0.00,59.1,14.814,0.003,66.509,6.646,0.00
1786364035,bench_mixed,820.86,0.00,58.3,14.814,0.003,66.509,6.582,0.00
1786364040,bench_mixed,787.61,0.00,56.1,14.814,0.003,66.509,6.570,0.00
1786364045,bench_mixed,731.30,0.00,51.8,14.814,0.003,66.516,6.625,0.00
1786364050,bench_mixed,784.74,0.00,56.1,14.814,0.003,66.542,6.618,0.00
1786364055,bench_mixed,807.45,0.00,54.6,14.814,0.003,66.542,6.616,0.00
1786364061,bench_mixed,783.88,0.00,55.1,14.814,0.003,66.545,6.587,0.00
1786364066,bench_mixed,834.10,0.00,58.1,14.814,0.003,66.550,6.605,0.00
1786364071,bench_mixed,695.37,0.00,51.2,14.814,0.003,66.550,6.609,0.00
1786364076,bench_mixed,968.08,0.00,66.2,14.814,0.003,66.550,6.579,0.00
1786364081,bench_mixed,749.53,0.00,53.3,14.814,0.003,66.591,6.572,0.00
1786364086,bench_mixed,777.82,0.00,58.4,14.814,0.003,66.598,6.560,0.00
1786364091,bench_mixed,842.97,0.00,57.7,14.814,0.003,66.613,6.541,0.00
1786364097,bench_mixed,871.09,0.00,56.2,14.814,0.003,66.629,6.527,0.00
1786364102,bench_mixed,748.78,0.00,51.7,14.814,0.003,66.638,6.521,0.00
1786364107,bench_mixed,687.69,0.00,48.8,14.814,0.003,66.639,6.399,0.00
1786364112,bench_mixed,834.03,0.00,56.6,14.814,0.003,66.661,6.275,0.00
1786364117,bench_mixed,808.62,0.00,56.0,14.814,0.003,66.672,5.225,0.00
1786364122,bench_mixed,297.89,95.34,48.1,15.399,0.003,67.191,4.715,0.00
1786364127,bench_mixed,6.49,0.00,4.9,15.435,0.003,67.294,4.576,62.27
1786364132,bench_mixed,554.34,71.56,47.5,15.435,0.003,67.198,5.859,0.00
1786364137,bench_mixed,805.88,0.00,76.2,15.435,0.003,67.206,5.889,0.00
1786364143,bench_mixed,821.49,0.00,78.6,15.435,0.003,67.210,5.889,0.00
1786364148,bench_mixed,753.28,0.00,74.6,15.435,0.003,67.213,5.880,0.00
1786364153,bench_mixed,814.01,0.00,78.3,15.435,0.003,67.213,5.886,0.00
1786364158,bench_mixed,861.33,0.00,74.4,15.435,0.003,67.228,5.788,0.00
1786364163,bench_mixed,846.27,0.00,69.7,15.435,0.003,67.242,5.857,0.00
1786364168,bench_mixed,989.12,0.00,78.2,15.435,0.003,67.242,5.855,0.00
1786364173,bench_mixed,849.11,0.00,71.4,15.435,0.003,67.254,5.848,0.00
1786364178,bench_mixed,906.01,0.00,73.3,15.435,0.003,67.257,5.847,0.00
1786364183,bench_mixed,898.91,0.00,70.3,15.435,0.003,67.257,5.801,0.00
1786364188,bench_mixed,904.05,0.00,73.2,15.435,0.003,67.259,5.793,0.00
1786364194,bench_mixed,857.00,0.00,70.2,15.435,0.003,67.280,5.810,0.01
1786364199,bench_mixed,838.91,0.00,73.1,15.435,0.003,67.284,5.823,0.00
1786364204,bench_mixed,915.29,0.00,74.3,15.435,0.003,67.300,5.802,0.00
1786364209,bench_mixed,892.56,0.00,71.7,15.435,0.003,67.309,5.793,0.00
1786364214,bench_mixed,954.22,0.00,74.4,15.435,0.003,67.317,5.781,0.00
1786364219,bench_mixed,718.94,0.00,60.6,15.435,0.003,67.321,5.785,0.00
1786364224,bench_mixed,991.26,0.00,77.8,15.435,0.003,67.339,5.762,0.00
1786364229,bench_mixed,867.74,0.00,71.8,15.435,0.003,67.362,5.743,0.00
1786364234,bench_mixed,841.83,0.00,72.8,15.435,0.003,67.383,5.717,0.00
1786364240,bench_mixed,795.17,0.00,72.6,15.435,0.003,67.383,5.658,0.00
1786364245,bench_mixed,1982.88,0.00,100.0,15.435,0.003,67.390,5.701,0.00
1786364250,bench_mixed,2005.95,0.00,100.0,15.435,0.003,67.404,5.677,0.00
1786364255,bench_mixed,821.43,0.00,64.8,15.435,0.003,67.404,5.579,0.00
1786364260,bench_mixed,882.78,0.00,71.5,15.435,0.003,67.405,5.689,0.00
1786364265,bench_mixed,865.70,0.00,71.4,15.435,0.003,67.404,5.696,0.00
1786364270,bench_mixed,978.58,0.00,76.1,15.435,0.003,67.416,5.688,0.00
1786364275,bench_mixed,1024.22,0.00,79.7,15.435,0.003,67.425,5.663,0.00
1786364280,bench_mixed,1272.34,0.00,81.9,15.435,0.003,67.426,5.557,0.00
1786364285,bench_mixed,950.81,0.00,78.5,15.435,0.003,67.429,5.551,0.00
1786364290,bench_mixed,1260.13,0.00,86.4,15.435,0.003,67.437,5.570,0.00
1786364296,bench_mixed,1401.95,0.00,87.4,15.435,0.003,67.438,5.661,0.00
1786364301,bench_mixed,869.82,0.00,72.9,15.435,0.003,67.438,5.661,0.00
1786364306,bench_mixed,1497.31,0.00,92.0,15.435,0.003,67.438,5.622,0.00
1786364311,bench_mixed,1494.71,0.00,89.4,15.435,0.003,67.439,5.661,0.00
1786364316,bench_mixed,1338.81,0.00,84.6,15.435,0.003,67.443,5.552,0.00
1786364321,bench_mixed,1477.89,0.00,92.0,15.435,0.003,67.452,5.648,0.00
1786364326,bench_mixed,1619.26,0.00,94.0,15.435,0.003,67.456,5.614,0.00
1786364331,bench_mixed,1301.91,0.00,86.9,15.435,0.003,67.458,5.632,0.00
1786364336,bench_mixed,934.43,0.00,77.5,15.435,0.003,67.465,5.638,0.00
1786364341,bench_mixed,1102.67,0.00,80.7,15.435,0.003,67.481,5.590,0.00
1786364346,bench_mixed,903.42,0.00,73.4,15.435,0.003,67.483,5.494,0.00
1786364351,bench_mixed,944.04,0.00,72.5,15.435,0.003,67.490,5.604,0.00
1786364356,bench_mixed,831.75,0.00,68.5,15.435,0.003,67.499,5.595,0.00
1786364361,bench_mixed,898.99,0.00,75.1,15.435,0.003,67.510,5.591,0.00
1786364367,bench_mixed,859.28,0.00,71.1,15.435,0.003,67.516,5.576,0.00
1786364372,bench_mixed,773.75,0.00,68.8,15.435,0.003,67.518,5.580,0.00
1786364377,bench_mixed,919.75,0.00,73.3,15.435,0.003,67.521,5.580,0.00
1786364382,bench_mixed,855.75,0.00,68.2,15.435,0.003,67.521,5.584,0.00
1786364387,bench_mixed,890.65,0.00,73.2,15.435,0.003,67.521,5.579,0.00
1786364392,bench_mixed,824.89,0.00,64.9,15.435,0.003,67.524,5.564,0.00
1786364397,bench_mixed,855.69,0.00,67.0,15.435,0.003,67.542,5.559,0.00
1786364402,bench_mixed,946.13,0.00,72.7,15.435,0.003,67.542,5.558,0.00
1786364407,bench_mixed,853.83,0.00,69.0,15.435,0.003,67.545,5.551,0.00
1786364412,bench_mixed,892.18,0.00,77.1,15.435,0.003,67.546,5.166,0.00
1786364417,bench_mixed,901.70,0.00,72.2,15.435,0.003,67.546,4.304,0.00
1786364422,bench_mixed,144.05,197.29,80.0,16.056,0.003,67.557,4.318,61.98
1786364427,bench_mixed,0.00,38.05,4.4,16.056,0.003,67.650,4.217,0.00
1786364433,bench_mixed,779.60,23.41,51.3,16.056,0.003,67.547,5.523,0.00
1786364438,bench_mixed,982.41,0.00,76.8,16.056,0.003,67.548,5.518,0.00
1786364443,bench_mixed,739.98,0.00,72.7,16.056,0.003,67.558,5.546,0.00
1786364448,bench_mixed,767.29,0.00,79.9,16.056,0.003,67.560,5.447,0.00
1786364453,bench_mixed,852.83,0.00,75.7,16.056,0.003,67.563,5.533,0.00
1786364458,bench_mixed,867.20,0.00,68.9,16.056,0.003,67.574,5.514,0.00
1786364463,bench_mixed,900.48,0.00,72.7,16.056,0.003,67.579,5.500,0.00
1786364468,bench_mixed,839.49,0.00,64.7,16.056,0.003,67.585,5.490,0.00
1786364473,bench_mixed,945.90,0.00,73.7,16.056,0.003,67.590,5.502,0.00
1786364478,bench_mixed,842.63,0.00,69.4,16.056,0.003,67.599,5.501,0.00
1786364483,bench_mixed,890.94,0.00,71.8,16.056,0.003,67.605,5.495,0.00
1786364488,bench_mixed,803.80,0.00,71.1,16.056,0.003,67.611,5.483,0.00
1786364493,bench_mixed,864.13,0.00,69.2,16.056,0.003,67.611,5.482,0.00
1786364498,bench_mixed,824.74,0.00,69.8,16.056,0.003,67.613,5.464,0.01
1786364503,bench_mixed,916.01,0.00,73.1,16.056,0.003,67.614,5.469,0.00
1786364508,bench_mixed,845.92,0.00,67.4,16.056,0.003,67.614,5.483,0.00
1786364513,bench_mixed,880.16,0.00,69.0,16.056,0.003,67.623,5.464,0.00
1786364518,bench_mixed,882.05,0.00,73.7,16.056,0.003,67.634,5.456,0.00
1786364524,bench_mixed,884.07,0.00,69.6,16.056,0.003,67.634,5.458,0.00
1786364529,bench_mixed,817.81,0.00,69.4,16.056,0.003,67.635,5.463,0.00
1786364534,bench_mixed,891.24,0.00,76.7,16.056,0.003,67.635,5.466,0.00
1786364539,bench_mixed,795.84,0.00,69.0,16.056,0.003,67.635,5.458,0.00
1786364544,bench_mixed,945.43,0.00,72.4,16.056,0.003,67.635,5.465,0.00
1786364549,bench_mixed,866.06,0.00,71.5,16.056,0.003,67.637,5.458,0.00
1786364554,bench_mixed,825.51,0.00,71.3,16.056,0.003,67.654,5.445,0.00
1786364559,bench_mixed,833.97,0.00,71.3,16.056,0.003,67.655,5.389,0.00
1786364564,bench_mixed,844.04,0.00,71.2,16.056,0.003,67.666,5.425,0.00
1786364569,bench_mixed,953.43,0.00,73.4,16.056,0.003,67.672,5.428,0.00
1786364574,bench_mixed,913.55,0.00,76.5,16.056,0.003,67.675,5.412,0.00
1786364579,bench_mixed,858.94,0.00,68.5,16.056,0.003,67.683,5.312,0.00
1786364584,bench_mixed,856.36,0.00,71.4,16.056,0.003,67.694,5.407,0.00
1786364589,bench_mixed,919.73,0.00,72.5,16.056,0.003,67.709,5.389,0.00
1786364594,bench_mixed,840.16,0.00,68.0,16.056,0.003,67.709,5.393,0.00
1786364599,bench_mixed,816.31,0.00,66.7,16.056,0.003,67.711,5.382,0.00
1786364605,bench_mixed,891.66,0.00,70.6,16.056,0.003,67.711,5.387,0.00
1786364610,bench_mixed,944.56,0.00,76.3,16.056,0.003,67.713,5.318,0.00
1786364615,bench_mixed,843.46,0.00,66.0,16.056,0.003,67.713,5.296,0.00
1786364620,bench_mixed,860.12,0.00,72.6,16.056,0.003,67.713,5.376,0.00
1786364625,bench_mixed,868.18,0.00,69.8,16.056,0.003,67.718,5.342,0.00
1786364630,bench_mixed,842.97,0.00,66.4,16.056,0.003,67.728,5.366,0.00
1786364635,bench_mixed,958.96,0.00,72.6,16.056,0.003,67.728,5.373,0.00
1786364640,bench_mixed,806.82,0.00,69.5,16.056,0.003,67.730,5.360,0.00
1786364645,bench_mixed,908.65,0.00,73.7,16.056,0.003,67.730,5.367,0.00
1786364650,bench_mixed,777.20,0.00,68.2,16.056,0.003,67.730,5.366,0.00
1786364655,bench_mixed,954.85,0.00,71.1,16.056,0.003,67.730,5.354,0.00
1786364660,bench_mixed,964.60,0.00,75.6,16.056,0.003,67.731,5.366,0.00
1786364665,bench_mixed,762.24,0.00,65.6,16.056,0.003,67.736,5.348,0.00
1786364670,bench_mixed,832.70,0.00,69.4,16.056,0.003,67.737,5.347,0.00
1786364675,bench_mixed,962.03,0.00,72.7,16.056,0.003,67.749,5.339,0.00
1786364680,bench_mixed,853.40,0.00,69.6,16.056,0.003,67.751,5.340,0.00
1786364685,bench_mixed,949.07,0.00,76.4,16.056,0.003,67.751,5.256,0.00
1786364691,bench_mixed,859.93,0.00,66.7,16.056,0.003,67.754,5.347,0.00
1786364696,bench_mixed,893.51,0.00,75.6,16.056,0.003,67.766,5.334,0.00
1786364701,bench_mixed,904.79,0.00,76.2,16.056,0.003,67.778,5.318,0.00
1786364706,bench_mixed,904.54,0.00,71.1,16.056,0.003,67.780,5.309,0.00
1786364711,bench_mixed,733.14,0.00,73.0,16.056,0.003,67.781,4.729,0.00
1786364716,bench_mixed,772.94,53.82,83.4,16.222,0.003,68.027,3.839,62.15
1786364721,bench_mixed,95.82,224.18,76.7,16.677,0.003,68.028,3.830,0.00
1786364726,bench_mixed,0.00,0.00,0.0,16.677,0.003,67.885,3.973,0.00
1786364731,bench_mixed,758.10,0.00,53.9,16.677,0.003,67.785,5.266,0.00
1786364736,bench_mixed,918.37,0.00,77.1,16.677,0.003,67.785,5.267,0.00
1786364741,bench_mixed,874.40,0.00,74.1,16.677,0.003,67.784,5.267,0.00
1786364746,bench_mixed,855.63,0.00,73.4,16.677,0.003,67.787,5.267,0.00
1786364751,bench_mixed,775.94,0.00,67.8,16.677,0.003,67.794,5.254,0.00
1786364756,bench_mixed,909.90,0.00,73.3,16.677,0.003,67.801,5.251,0.00
1786364761,bench_mixed,904.65,0.00,65.7,16.677,0.003,67.801,5.244,0.00
1786364766,bench_mixed,805.03,0.00,71.2,16.677,0.003,67.803,5.249,0.00
1786364772,bench_mixed,850.18,0.00,70.0,16.677,0.003,67.803,5.249,0.00
1786364777,bench_mixed,889.25,0.00,70.3,16.677,0.003,67.803,5.249,0.00
1786364782,bench_mixed,860.00,0.00,77.6,16.677,0.003,67.803,5.277,0.00
1786364787,bench_mixed,896.97,0.00,78.3,16.677,0.003,67.803,5.260,0.00
1786364792,bench_mixed,760.93,0.00,62.8,16.677,0.003,67.806,5.256,0.00
1786364797,bench_mixed,828.56,0.00,64.5,16.677,0.003,67.807,5.250,0.02
1786364802,bench_mixed,829.84,0.00,76.8,16.677,0.003,67.809,5.245,0.00
1786364807,bench_mixed,942.85,0.00,70.6,16.677,0.003,67.816,5.234,0.00
1786364812,bench_mixed,842.82,0.00,71.7,16.677,0.003,67.821,5.234,0.00
1786364817,bench_mixed,808.37,0.00,72.6,16.677,0.003,67.823,5.228,0.00
1786364822,bench_mixed,812.85,0.00,73.1,16.677,0.003,67.828,5.223,0.00
1786364827,bench_mixed,884.11,0.00,65.5,16.677,0.003,67.829,5.221,0.00
1786364832,bench_mixed,805.55,0.00,70.4,16.677,0.003,67.842,5.210,0.00
1786364837,bench_mixed,873.63,0.00,68.1,16.677,0.003,67.849,5.204,0.00
1786364842,bench_mixed,840.61,0.00,68.5,16.677,0.003,67.855,5.199,0.00
1786364847,bench_mixed,772.39,0.00,68.2,16.677,0.003,67.856,5.192,0.00
1786364852,bench_mixed,884.29,0.00,69.0,16.677,0.003,67.856,5.198,0.00
1786364858,bench_mixed,935.00,0.00,71.9,16.677,0.003,67.856,5.199,0.00
1786364863,bench_mixed,820.46,0.00,67.8,16.677,0.003,67.856,5.197,0.00
1786364868,bench_mixed,887.31,0.00,70.8,16.677,0.003,67.856,5.197,0.00
1786364873,bench_mixed,892.31,0.00,70.2,16.677,0.003,67.862,5.192,0.00
1786364878,bench_mixed,771.67,0.00,67.1,16.677,0.003,67.866,5.189,0.00
1786364883,bench_mixed,837.48,0.00,73.0,16.677,0.003,67.866,5.184,0.00
1786364888,bench_mixed,872.36,0.00,70.9,16.677,0.003,67.867,5.203,0.00
1786364893,bench_mixed,812.14,0.00,70.7,16.677,0.003,67.871,5.188,0.00
1786364898,bench_mixed,846.75,0.00,79.5,16.677,0.003,67.872,5.182,0.00
1786364903,bench_mixed,713.41,0.00,64.1,16.677,0.003,67.872,5.183,0.00
1786364908,bench_mixed,874.69,0.00,72.3,16.677,0.003,67.872,5.181,0.00
1786364913,bench_mixed,934.87,0.00,83.0,16.677,0.003,67.873,5.182,0.00
1786364918,bench_mixed,732.01,0.00,65.9,16.677,0.003,67.875,5.177,0.00
1786364923,bench_mixed,849.09,0.00,74.2,16.677,0.003,67.876,5.173,0.00
1786364928,bench_mixed,896.94,0.00,74.8,16.677,0.003,67.876,5.177,0.00
1786364933,bench_mixed,808.07,0.00,68.8,16.677,0.003,67.878,5.166,0.00
1786364938,bench_mixed,839.57,0.00,71.4,16.677,0.003,67.879,5.172,0.00
1786364944,bench_mixed,956.44,0.00,70.6,16.677,0.003,67.879,5.168,0.00
1786364949,bench_mixed,825.66,0.00,62.9,16.677,0.003,67.879,5.207,0.00
1786364954,bench_mixed,775.19,0.00,65.9,16.677,0.003,67.889,5.191,0.00
1786364959,bench_mixed,847.18,0.00,69.6,16.677,0.003,67.897,5.169,0.00
1786364964,bench_mixed,882.52,0.00,68.5,16.677,0.003,67.903,5.156,0.00
1786364969,bench_mixed,759.67,0.00,62.5,16.677,0.003,67.904,5.157,0.00
1786364974,bench_mixed,808.10,0.00,65.4,16.677,0.003,67.904,5.152,0.00
1786364979,bench_mixed,869.07,0.00,71.7,16.677,0.003,67.905,5.150,0.00
1786364984,bench_mixed,854.13,0.00,62.9,16.677,0.003,67.905,5.151,0.00
1786364989,bench_mixed,810.44,0.00,73.3,16.677,0.003,67.905,5.152,0.00
1786364994,bench_mixed,963.17,0.00,73.8,16.677,0.003,67.905,5.156,0.00
1786364999,bench_mixed,756.68,0.00,63.8,16.677,0.003,67.908,5.150,0.00
1786365004,bench_mixed,892.02,0.00,67.4,16.677,0.003,67.918,4.742,0.00
1786365009,bench_mixed,1003.15,0.00,75.4,16.677,0.003,67.918,3.929,62.35
1786365014,bench_mixed,129.31,213.21,90.2,17.288,0.003,67.918,3.925,0.00
1786365019,bench_mixed,2.34,21.66,4.1,17.298,0.003,67.918,3.924,0.00
1786365024,bench_mixed,559.74,0.00,44.5,17.298,0.003,67.919,5.115,0.00
1786365029,bench_mixed,901.43,44.94,79.0,17.298,0.003,67.920,5.114,0.00
1786365035,bench_mixed,930.52,0.00,76.7,17.298,0.003,67.920,5.113,0.00
1786365040,bench_mixed,806.82,0.00,72.5,17.298,0.003,67.920,5.119,0.00
1786365045,bench_mixed,996.68,0.00,72.7,17.298,0.003,67.920,5.124,0.00
1786365050,bench_mixed,936.86,0.00,80.7,17.298,0.003,67.921,5.124,0.00
1786365055,bench_mixed,852.59,0.00,76.8,17.298,0.003,67.927,5.113,0.00
1786365060,bench_mixed,819.51,0.00,77.5,17.298,0.003,67.930,5.113,0.00
1786365065,bench_mixed,1001.20,0.00,79.1,17.298,0.003,67.935,5.106,0.00
1786365070,bench_mixed,840.96,0.00,64.7,17.298,0.003,67.940,5.107,0.00
1786365075,bench_mixed,997.04,0.00,69.1,17.298,0.003,67.941,5.099,0.00
1786365080,bench_mixed,889.76,0.00,70.3,17.298,0.003,67.944,5.102,0.00
1786365085,bench_mixed,819.29,0.00,66.0,17.298,0.003,67.948,5.098,0.00
1786365090,bench_mixed,939.94,0.00,72.1,17.298,0.003,67.954,5.091,0.00
1786365095,bench_mixed,900.50,0.00,68.5,17.298,0.003,67.966,5.066,0.02
1786365100,bench_mixed,922.55,0.00,67.0,17.298,0.003,67.971,5.064,0.00
1786365105,bench_mixed,815.64,0.00,67.4,17.298,0.003,67.978,5.061,0.00
1786365110,bench_mixed,885.80,0.00,63.4,17.298,0.003,67.978,5.066,0.00
1786365116,bench_mixed,849.17,0.00,65.2,17.298,0.003,67.978,5.091,0.00
1786365121,bench_mixed,979.57,0.00,71.2,17.298,0.003,67.978,5.073,0.00
1786365126,bench_mixed,831.30,0.00,59.6,17.298,0.003,67.978,5.074,0.00
1786365131,bench_mixed,959.78,0.00,69.1,17.298,0.003,67.981,5.067,0.00
1786365136,bench_mixed,886.98,0.00,68.1,17.298,0.003,67.984,5.067,0.00
1786365141,bench_mixed,897.90,0.00,63.5,17.298,0.003,67.995,5.056,0.00
1786365146,bench_mixed,966.85,0.00,65.1,17.298,0.003,67.995,5.054,0.00
1786365151,bench_mixed,867.30,0.00,69.0,17.298,0.003,67.997,5.048,0.00
1786365156,bench_mixed,999.63,0.00,71.0,17.298,0.003,67.996,5.050,0.00
1786365161,bench_mixed,850.60,0.00,65.6,17.298,0.003,67.996,5.049,0.00
1786365167,bench_mixed,935.00,0.00,69.4,17.298,0.003,67.996,5.051,0.00
1786365172,bench_mixed,25.31,0.00,2.4,17.298,0.003,67.996,5.044,0.00
1786365177,bench_mixed,0.00,0.00,0.0,17.298,0.003,67.996,5.045,0.00
1786365182,bench_mixed,0.00,0.00,0.0,17.298,0.003,67.996,5.047,0.00
1786365187,bench_mixed,0.00,0.00,0.0,17.298,0.003,67.996,5.045,0.00
1786365192,bench_mixed,0.00,0.00,0.0,17.298,0.003,67.996,5.046,0.00
1786365197,bench_mixed,360.75,0.00,26.1,17.298,0.003,67.996,5.050,0.00
1786365202,bench_mixed,985.63,0.00,74.6,17.298,0.003,67.997,5.048,0.00
1786365207,bench_mixed,821.89,0.00,72.8,17.298,0.003,67.997,5.048,0.00
1786365212,bench_mixed,826.95,0.00,74.3,17.298,0.003,67.997,5.043,0.00
1786365217,bench_mixed,961.14,0.00,73.8,17.298,0.003,68.001,5.041,0.00
1786365222,bench_mixed,897.04,0.00,69.5,17.298,0.003,68.007,5.036,0.00
1786365227,bench_mixed,946.98,0.00,75.4,17.298,0.003,68.010,5.027,0.00
1786365232,bench_mixed,867.88,0.00,70.3,17.298,0.003,68.014,5.026,0.00
1786365237,bench_mixed,857.54,0.00,66.4,17.298,0.003,68.017,5.023,0.00
1786365242,bench_mixed,767.04,0.00,56.3,17.298,0.003,68.025,5.018,0.00
1786365247,bench_mixed,924.00,0.00,75.0,17.298,0.003,68.025,5.033,0.00
1786365252,bench_mixed,869.11,0.00,66.5,17.298,0.003,68.032,5.021,0.00
1786365258,bench_mixed,886.22,0.00,65.5,17.298,0.003,68.035,5.009,0.00
1786365263,bench_mixed,863.93,0.00,63.2,17.298,0.003,68.035,5.014,0.00
1786365268,bench_mixed,900.03,0.00,66.3,17.298,0.003,68.035,5.009,0.00
1786365273,bench_mixed,954.16,0.00,71.2,17.298,0.003,68.035,5.011,0.00
1786365278,bench_mixed,869.03,0.00,69.4,17.298,0.003,68.035,5.001,0.00
1786365283,bench_mixed,0.00,0.00,0.0,17.298,0.003,68.035,5.007,0.00
1786365288,bench_mixed,0.00,0.00,0.0,17.298,0.003,68.035,5.006,0.00
1786365293,bench_mixed,8.23,0.00,2.0,17.298,0.003,68.035,5.005,0.00
1786365298,bench_mixed,863.65,0.00,65.0,17.298,0.003,68.035,5.008,0.00
1786365303,bench_mixed,920.65,0.00,70.6,17.298,0.003,68.038,5.003,0.00
1786365308,bench_mixed,952.39,0.00,71.3,17.298,0.003,68.045,4.185,0.00
1786365313,bench_mixed,811.10,42.57,78.8,17.498,0.003,68.291,3.544,62.03
1786365318,bench_mixed,93.26,181.73,61.1,17.920,0.003,68.292,3.540,0.00
1786365323,bench_mixed,0.00,51.50,4.6,17.920,0.003,68.046,3.790,0.00
1786365328,bench_mixed,788.73,0.00,57.9,17.920,0.003,68.046,4.976,0.00
1786365333,bench_mixed,959.37,0.00,70.2,17.920,0.003,68.049,4.977,0.00
1786365338,bench_mixed,983.46,5.72,73.1,17.920,0.003,68.048,4.984,0.00
1786365344,bench_mixed,906.30,0.00,69.0,17.920,0.003,68.048,4.985,0.00
1786365349,bench_mixed,934.18,0.00,70.3,17.920,0.003,68.048,4.989,0.00
1786365354,bench_mixed,931.04,0.00,75.0,17.920,0.003,68.048,4.987,0.00
1786365359,bench_mixed,988.98,0.00,79.5,17.920,0.003,68.052,4.988,0.00
1786365364,bench_mixed,940.99,0.00,72.4,17.920,0.003,68.058,4.972,0.00
1786365369,bench_mixed,1046.80,0.00,77.1,17.920,0.003,68.058,4.968,0.00
1786365374,bench_mixed,1038.16,0.00,76.9,17.920,0.003,68.062,4.970,0.00
1786365379,bench_mixed,1014.56,0.00,74.3,17.920,0.003,68.065,4.970,0.00
1786365384,bench_mixed,1046.77,0.00,74.3,17.920,0.003,68.068,4.971,0.00
1786365389,bench_mixed,922.47,0.00,65.8,17.920,0.003,68.076,4.967,0.00
1786365394,bench_mixed,897.61,0.00,65.1,17.920,0.003,68.077,4.958,0.02
1786365399,bench_mixed,943.61,0.00,71.3,17.920,0.003,68.087,4.947,0.00
1786365404,bench_mixed,976.46,0.00,73.1,17.920,0.003,68.099,4.932,0.00
1786365410,bench_mixed,966.46,0.00,67.5,17.920,0.003,68.104,4.929,0.00
1786365415,bench_mixed,873.35,0.00,68.3,17.920,0.003,68.105,4.930,0.00
1786365420,bench_mixed,958.87,0.00,70.4,17.920,0.003,68.105,4.933,0.00
1786365425,bench_mixed,1091.37,0.00,72.0,17.920,0.003,68.105,4.927,0.00
1786365430,bench_mixed,875.76,0.00,67.8,17.920,0.003,68.105,4.935,0.00
1786365435,bench_mixed,945.53,0.00,66.8,17.920,0.003,68.105,4.932,0.00
1786365440,bench_mixed,926.82,0.00,68.5,17.920,0.003,68.106,4.925,0.00
1786365445,bench_mixed,998.39,0.00,69.0,17.920,0.003,68.116,4.915,0.00
1786365450,bench_mixed,818.39,0.00,61.2,17.920,0.003,68.116,4.915,0.00
1786365455,bench_mixed,990.67,0.00,70.2,17.920,0.003,68.116,4.922,0.00
1786365460,bench_mixed,908.19,0.00,69.0,17.920,0.003,68.118,4.913,0.00
1786365465,bench_mixed,974.56,0.00,68.8,17.920,0.003,68.118,4.916,0.00
1786365470,bench_mixed,949.92,0.00,74.0,17.920,0.003,68.118,4.916,0.00
1786365475,bench_mixed,1038.23,0.00,82.6,17.920,0.003,68.118,4.922,0.00
1786365481,bench_mixed,1106.31,0.00,82.7,17.920,0.003,68.119,4.917,0.00
1786365486,bench_mixed,978.62,0.00,77.6,17.920,0.003,68.121,4.915,0.00
1786365491,bench_mixed,1053.63,0.00,81.4,17.920,0.003,68.122,4.911,0.00
1786365496,bench_mixed,1001.28,0.00,79.0,17.920,0.003,68.123,4.912,0.00
1786365501,bench_mixed,1167.61,0.00,78.0,17.920,0.003,68.130,4.904,0.00
1786365506,bench_mixed,977.38,0.00,73.1,17.920,0.003,68.131,4.909,0.00
1786365511,bench_mixed,1072.02,0.00,76.5,17.920,0.003,68.135,4.894,0.00
1786365517,bench_mixed,1284.40,0.00,84.1,17.920,0.003,68.137,4.899,0.00
1786365522,bench_mixed,1027.61,0.00,75.2,17.920,0.003,68.147,4.887,0.00
1786365527,bench_mixed,984.98,0.00,83.6,17.920,0.003,68.159,4.878,0.00
1786365532,bench_mixed,964.17,0.00,81.9,17.920,0.003,68.166,4.872,0.00
1786365537,bench_mixed,884.13,0.00,77.3,17.920,0.003,68.170,4.865,0.00
1786365542,bench_mixed,1021.54,0.00,74.5,17.920,0.003,68.170,4.867,0.00
1786365547,bench_mixed,998.74,0.00,72.4,17.920,0.003,68.170,4.864,0.00
1786365552,bench_mixed,1046.83,0.00,73.0,17.920,0.003,68.170,4.864,0.00
1786365557,bench_mixed,938.36,0.00,71.3,17.920,0.003,68.170,4.859,0.00
1786365562,bench_mixed,1101.07,0.00,74.0,17.920,0.003,68.170,4.857,0.00
1786365567,bench_mixed,943.84,0.00,68.4,17.920,0.003,68.172,4.861,0.00
1786365572,bench_mixed,1064.30,0.00,78.4,17.920,0.003,68.172,4.862,0.00
1786365578,bench_mixed,1047.40,0.00,71.8,17.920,0.003,68.173,4.858,0.00
1786365583,bench_mixed,966.56,0.00,72.3,17.920,0.003,68.174,4.858,0.00
1786365588,bench_mixed,1052.77,0.00,72.7,17.920,0.003,68.174,4.857,0.00
1786365593,bench_mixed,1054.22,0.00,79.3,17.920,0.003,68.174,4.860,0.00
1786365598,bench_mixed,1036.10,0.00,73.4,17.920,0.003,68.174,4.887,0.00
1786365603,bench_mixed,971.90,0.00,75.8,17.920,0.003,68.174,3.621,0.00
1786365608,bench_mixed,476.71,70.94,85.4,18.225,0.003,68.174,3.665,62.01
1786365613,bench_mixed,71.76,163.12,58.9,18.540,0.003,68.421,3.414,0.00
1786365618,bench_mixed,0.00,38.81,4.5,18.540,0.003,68.174,3.657,0.00
1786365623,bench_mixed,964.40,10.29,76.4,18.540,0.003,68.175,4.854,0.00
1786365629,bench_mixed,934.68,0.00,77.1,18.540,0.003,68.177,4.857,0.00
1786365634,bench_mixed,1076.65,0.00,81.2,18.540,0.003,68.179,4.855,0.00
1786365639,bench_mixed,1043.09,0.00,76.6,18.540,0.003,68.184,4.849,0.00
1786365644,bench_mixed,1079.11,0.00,78.6,18.540,0.003,68.184,4.850,0.00
1786365649,bench_mixed,1043.69,0.00,76.1,18.540,0.003,68.190,4.842,0.00
1786365654,bench_mixed,1007.90,0.00,73.7,18.540,0.003,68.194,4.836,0.00
1786365659,bench_mixed,983.49,0.00,84.8,18.540,0.003,68.201,4.838,0.00
1786365664,bench_mixed,1051.53,0.00,80.1,18.540,0.003,68.210,4.827,0.00
1786365669,bench_mixed,1105.92,0.00,80.8,18.540,0.003,68.210,4.828,0.00
1786365674,bench_mixed,946.45,0.00,72.0,18.540,0.003,68.211,4.830,0.00
1786365679,bench_mixed,1026.57,0.00,70.6,18.540,0.003,68.211,4.833,0.00
1786365684,bench_mixed,1060.75,0.00,73.0,18.540,0.003,68.216,4.822,0.00
1786365689,bench_mixed,1036.03,0.00,75.6,18.540,0.003,68.216,4.823,0.00
1786365694,bench_mixed,997.77,0.00,68.7,18.540,0.003,68.216,4.818,0.02
1786365699,bench_mixed,1070.56,0.00,73.4,18.540,0.003,68.218,4.820,0.00
1786365704,bench_mixed,996.32,0.00,68.8,18.540,0.003,68.219,4.821,0.00
1786365710,bench_mixed,1088.14,0.00,75.8,18.540,0.003,68.226,4.812,0.00
1786365715,bench_mixed,1267.35,0.00,87.6,18.540,0.003,68.226,4.809,0.00
1786365720,bench_mixed,990.54,0.00,73.8,18.540,0.003,68.229,4.809,0.00
1786365725,bench_mixed,1039.58,0.00,72.7,18.540,0.003,68.229,4.813,0.00
1786365730,bench_mixed,1052.73,0.00,77.5,18.540,0.003,68.230,4.812,0.00
1786365735,bench_mixed,1081.98,0.00,81.7,18.540,0.003,68.230,4.817,0.00
1786365740,bench_mixed,1119.59,0.00,84.4,18.540,0.003,68.229,4.805,0.00
1786365745,bench_mixed,1020.55,0.00,74.3,18.540,0.003,68.231,4.810,0.00
1786365750,bench_mixed,944.77,0.00,72.0,18.540,0.003,68.236,4.799,0.00
1786365755,bench_mixed,916.27,0.00,77.3,18.540,0.003,68.236,4.801,0.00
1786365761,bench_mixed,1074.43,0.00,80.3,18.540,0.003,68.240,4.792,0.00
1786365766,bench_mixed,1075.31,0.00,76.8,18.540,0.003,68.245,4.791,0.00
1786365771,bench_mixed,1175.04,0.00,79.3,18.540,0.003,68.247,4.794,0.00
1786365776,bench_mixed,948.73,0.00,70.2,18.540,0.003,68.249,4.788,0.00
1786365781,bench_mixed,1031.79,0.00,74.6,18.540,0.003,68.251,4.793,0.00
1786365786,bench_mixed,1093.45,0.00,75.9,18.540,0.003,68.257,4.781,0.00
1786365791,bench_mixed,991.33,0.00,73.7,18.540,0.003,68.269,4.769,0.00
1786365796,bench_mixed,1037.49,0.00,74.5,18.540,0.003,68.273,4.761,0.00
1786365802,bench_mixed,1035.20,0.00,78.2,18.540,0.003,68.275,4.762,0.00
1786365807,bench_mixed,1131.40,0.00,79.1,18.540,0.003,68.277,4.761,0.00
1786365812,bench_mixed,1131.53,0.00,82.9,18.540,0.003,68.277,4.763,0.00
1786365817,bench_mixed,959.23,0.00,71.2,18.540,0.003,68.277,4.759,0.00
1786365822,bench_mixed,967.62,0.00,73.1,18.540,0.003,68.276,4.765,0.00
1786365827,bench_mixed,1155.93,0.00,83.8,18.540,0.003,68.281,4.758,0.00
1786365832,bench_mixed,1066.86,0.00,79.8,18.540,0.003,68.281,4.755,0.00
1786365837,bench_mixed,952.08,0.00,75.1,18.540,0.003,68.287,4.752,0.00
1786365842,bench_mixed,1051.73,0.00,78.2,18.540,0.003,68.288,4.754,0.00
1786365847,bench_mixed,936.71,0.00,72.8,18.540,0.003,68.288,4.752,0.00
1786365852,bench_mixed,1088.92,0.00,81.8,18.540,0.003,68.290,4.743,0.00
1786365857,bench_mixed,883.61,0.00,62.2,18.540,0.003,68.289,4.745,0.00
1786365862,bench_mixed,940.39,0.00,74.0,18.540,0.003,68.289,4.755,0.00
1786365867,bench_mixed,1023.00,0.00,76.8,18.540,0.003,68.289,4.748,0.00
1786365872,bench_mixed,956.66,0.00,75.4,18.540,0.003,68.289,4.749,0.00
1786365878,bench_mixed,1221.08,0.00,86.3,18.540,0.003,68.292,4.750,0.00
1786365883,bench_mixed,1146.82,0.00,77.1,18.540,0.003,68.293,4.754,0.00
1786365888,bench_mixed,1067.96,0.00,81.0,18.540,0.003,68.297,4.745,0.00
1786365893,bench_mixed,1100.33,0.00,78.1,18.540,0.003,68.304,4.737,0.00
1786365898,bench_mixed,1191.35,0.00,83.9,18.540,0.003,68.305,4.730,0.00
1786365903,bench_mixed,1083.87,0.00,78.1,18.540,0.003,68.306,3.956,0.00
1786365908,bench_mixed,794.01,61.52,83.4,18.800,0.003,68.554,3.282,62.05
1786365913,bench_mixed,84.06,165.89,56.7,19.162,0.003,68.554,3.280,0.00
1786365918,bench_mixed,1.01,48.95,6.3,19.162,0.003,68.308,3.927,0.00
1786365923,bench_mixed,1034.75,0.00,76.6,19.162,0.003,68.308,4.724,0.00
1786365928,bench_mixed,1027.41,8.97,83.5,19.162,0.003,68.315,4.721,0.00
1786365933,bench_mixed,1035.65,0.00,76.4,19.162,0.003,68.322,4.723,0.00
1786365938,bench_mixed,959.74,0.00,71.2,19.162,0.003,68.326,4.714,0.00
1786365943,bench_mixed,971.12,0.00,80.7,19.162,0.003,68.331,4.712,0.00
1786365949,bench_mixed,1026.91,0.00,75.2,19.162,0.003,68.331,4.712,0.00
1786365954,bench_mixed,930.28,0.00,71.2,19.162,0.003,68.333,4.713,0.00
1786365959,bench_mixed,1082.46,0.00,78.1,19.162,0.003,68.333,4.715,0.00
1786365964,bench_mixed,956.52,0.00,70.6,19.162,0.003,68.332,4.709,0.00
1786365969,bench_mixed,1043.03,0.00,76.8,19.162,0.003,68.332,4.714,0.00
1786365974,bench_mixed,1123.12,0.00,78.7,19.162,0.003,68.335,4.706,0.00
1786365979,bench_mixed,1088.96,0.00,75.2,19.162,0.003,68.345,4.701,0.00
1786365984,bench_mixed,1061.44,0.00,77.3,19.162,0.003,68.345,4.697,0.00
1786365989,bench_mixed,1035.85,0.00,75.5,19.162,0.003,68.345,4.698,0.00
1786365994,bench_mixed,1067.78,0.00,77.3,19.162,0.003,68.347,4.684,0.01
1786365999,bench_mixed,1037.26,0.00,76.1,19.162,0.003,68.347,4.692,0.00
1786366004,bench_mixed,995.06,0.00,76.8,19.162,0.003,68.347,4.692,0.00
1786366009,bench_mixed,999.77,0.00,69.7,19.162,0.003,68.347,4.692,0.00
1786366014,bench_mixed,1068.48,0.00,77.0,19.162,0.003,68.347,4.689,0.00
1786366019,bench_mixed,902.12,0.00,71.9,19.162,0.003,68.348,4.694,0.00
1786366025,bench_mixed,867.82,0.00,66.3,19.162,0.003,68.352,4.690,0.00
1786366030,bench_mixed,967.41,0.00,74.1,19.162,0.003,68.352,4.690,0.00
1786366035,bench_mixed,1013.22,0.00,75.0,19.162,0.003,68.353,4.688,0.00
1786366040,bench_mixed,926.23,0.00,70.5,19.162,0.003,68.358,4.684,0.00
1786366045,bench_mixed,1124.12,0.00,80.8,19.162,0.003,68.358,4.682,0.00
1786366050,bench_mixed,921.98,0.00,69.5,19.162,0.003,68.359,4.673,0.00
1786366055,bench_mixed,892.32,0.00,61.9,19.162,0.003,68.362,4.679,0.00
1786366060,bench_mixed,939.74,0.00,70.1,19.162,0.003,68.363,4.676,0.00
1786366065,bench_mixed,911.39,0.00,68.5,19.162,0.003,68.363,4.677,0.00
1786366070,bench_mixed,971.36,0.00,72.8,19.162,0.003,68.373,4.664,0.00
1786366075,bench_mixed,1020.51,0.00,71.4,19.162,0.003,68.376,4.664,0.00
1786366080,bench_mixed,892.51,0.00,68.4,19.162,0.003,68.380,4.657,0.00
1786366085,bench_mixed,871.96,0.00,64.1,19.162,0.003,68.380,4.660,0.00
1786366090,bench_mixed,957.64,0.00,65.9,19.162,0.003,68.381,4.656,0.00
1786366095,bench_mixed,1009.12,0.00,72.3,19.162,0.003,68.381,4.656,0.00
1786366101,bench_mixed,1005.88,0.00,76.3,19.162,0.003,68.381,4.652,0.00
1786366106,bench_mixed,990.05,0.00,74.9,19.162,0.003,68.381,4.655,0.00
1786366111,bench_mixed,950.72,0.00,71.0,19.162,0.003,68.386,4.647,0.00
1786366116,bench_mixed,951.87,0.00,63.5,19.162,0.003,68.397,4.636,0.00
1786366121,bench_mixed,1034.97,0.00,75.1,19.162,0.003,68.397,4.642,0.00
1786366126,bench_mixed,934.58,0.00,65.9,19.162,0.003,68.397,4.640,0.00
1786366131,bench_mixed,891.17,0.00,77.6,19.162,0.003,68.397,4.640,0.00
1786366136,bench_mixed,1008.06,0.00,82.6,19.162,0.003,68.397,4.639,0.00
1786366141,bench_mixed,900.93,0.00,80.0,19.162,0.003,68.397,4.637,0.00
1786366146,bench_mixed,1018.77,0.00,80.6,19.162,0.003,68.397,4.640,0.00
1786366151,bench_mixed,996.88,0.00,72.1,19.162,0.003,68.397,4.643,0.00
1786366156,bench_mixed,1144.30,0.00,80.4,19.162,0.003,68.398,4.643,0.00
1786366161,bench_mixed,923.99,0.00,67.2,19.162,0.003,68.400,4.640,0.00
1786366166,bench_mixed,935.96,0.00,69.9,19.162,0.003,68.401,4.640,0.00
1786366171,bench_mixed,842.01,0.00,67.3,19.162,0.003,68.401,4.638,0.00
1786366176,bench_mixed,959.34,0.00,73.0,19.162,0.003,68.408,4.631,0.00
1786366182,bench_mixed,889.80,0.00,62.9,19.162,0.003,68.413,4.626,0.00
1786366187,bench_mixed,978.31,0.00,70.5,19.162,0.003,68.414,4.622,0.00
1786366192,bench_mixed,969.11,0.00,68.7,19.162,0.003,68.417,4.633,0.00
1786366197,bench_mixed,871.31,0.00,71.0,19.162,0.003,68.418,3.088,0.00
1786366202,bench_mixed,391.37,119.54,83.7,19.562,0.003,68.423,3.416,61.88
1786366207,bench_mixed,52.61,101.88,34.9,19.783,0.003,68.428,3.409,0.00
1786366212,bench_mixed,209.84,55.73,19.7,19.783,0.003,68.432,4.587,0.00
1786366217,bench_mixed,914.76,0.00,69.0,19.783,0.003,68.433,4.608,0.00
1786366222,bench_mixed,896.64,10.37,74.7,19.783,0.003,68.444,4.580,0.00
1786366227,bench_mixed,979.28,0.00,73.0,19.783,0.003,68.444,4.590,0.00
1786366232,bench_mixed,976.54,0.00,76.2,19.783,0.003,68.449,4.584,0.00
1786366237,bench_mixed,879.46,0.00,72.7,19.783,0.003,68.450,4.580,0.00
1786366242,bench_mixed,999.01,0.00,74.1,19.783,0.003,68.450,4.579,0.00
1786366247,bench_mixed,892.06,0.00,69.9,19.783,0.003,68.450,4.580,0.00
1786366252,bench_mixed,1157.89,0.00,79.6,19.783,0.003,68.450,4.579,0.00
1786366257,bench_mixed,1117.38,0.00,76.2,19.783,0.003,68.450,4.577,0.00
1786366262,bench_mixed,1147.66,0.00,76.3,19.783,0.003,68.454,4.570,0.00
1786366268,bench_mixed,1158.95,0.00,78.5,19.783,0.003,68.455,4.576,0.00
1786366273,bench_mixed,1244.48,0.00,79.9,19.783,0.003,68.463,4.564,0.00
1786366278,bench_mixed,971.83,0.00,70.5,19.783,0.003,68.463,4.564,0.00
1786366283,bench_mixed,922.47,0.00,65.2,19.783,0.003,68.465,4.563,0.00
1786366288,bench_mixed,1162.04,0.00,79.5,19.783,0.003,68.467,4.564,0.00
1786366293,bench_mixed,1142.65,0.00,82.5,19.783,0.003,68.467,4.566,0.00
1786366298,bench_mixed,1124.89,0.00,78.2,19.783,0.003,68.467,4.565,0.02
1786366303,bench_mixed,1215.43,0.00,82.7,19.783,0.003,68.467,4.558,0.00
1786366308,bench_mixed,1196.16,0.00,79.5,19.783,0.003,68.469,4.552,0.00
1786366313,bench_mixed,1004.70,0.00,81.7,19.783,0.003,68.474,4.552,0.00
1786366318,bench_mixed,1555.09,0.00,91.1,19.783,0.003,68.474,4.548,0.00
1786366323,bench_mixed,2029.70,0.00,100.0,19.783,0.003,68.474,4.544,0.00
1786366329,bench_mixed,1953.95,0.00,98.9,19.783,0.003,68.474,4.543,0.00
1786366334,bench_mixed,1090.57,0.00,76.9,19.783,0.003,68.474,4.552,0.00
1786366339,bench_mixed,1008.06,0.00,72.8,19.783,0.003,68.480,4.545,0.00
1786366344,bench_mixed,924.17,0.00,64.0,19.783,0.003,68.481,4.554,0.00
1786366349,bench_mixed,1056.43,0.00,72.3,19.783,0.003,68.481,4.550,0.00
1786366354,bench_mixed,891.50,0.00,64.3,19.783,0.003,68.482,4.547,0.00
1786366359,bench_mixed,923.53,0.00,62.9,19.783,0.003,68.490,4.534,0.00
1786366364,bench_mixed,953.82,0.00,65.2,19.783,0.003,68.491,4.534,0.00
1786366369,bench_mixed,960.77,0.00,64.8,19.783,0.003,68.501,4.529,0.00
1786366374,bench_mixed,951.91,0.00,66.0,19.783,0.003,68.511,4.515,0.00
1786366379,bench_mixed,942.04,0.00,68.0,19.783,0.003,68.515,4.517,0.00
1786366384,bench_mixed,805.35,0.00,62.0,19.783,0.003,68.515,4.520,0.00
1786366389,bench_mixed,952.05,0.00,68.3,19.783,0.003,68.516,4.515,0.00
1786366394,bench_mixed,929.83,0.00,70.8,19.783,0.003,68.516,4.513,0.00
1786366400,bench_mixed,1018.45,0.00,68.2,19.783,0.003,68.516,4.507,0.00
1786366405,bench_mixed,898.91,0.00,63.4,19.783,0.003,68.516,4.514,0.00
1786366410,bench_mixed,869.99,0.00,60.1,19.783,0.003,68.516,4.520,0.00
1786366415,bench_mixed,1030.17,0.00,74.3,19.783,0.003,68.516,4.510,0.00
1786366420,bench_mixed,999.58,0.00,67.2,19.783,0.003,68.520,4.498,0.00
1786366425,bench_mixed,934.38,0.00,63.3,19.783,0.003,68.531,4.494,0.00
1786366430,bench_mixed,970.86,0.00,64.4,19.783,0.003,68.531,4.498,0.00
1786366435,bench_mixed,961.05,0.00,64.9,19.783,0.003,68.531,4.503,0.00
1786366440,bench_mixed,967.64,0.00,68.5,19.783,0.003,68.531,4.498,0.00
1786366445,bench_mixed,920.13,0.00,65.1,19.783,0.003,68.532,4.501,0.00
1786366450,bench_mixed,1107.85,0.00,76.4,19.783,0.003,68.532,4.492,0.00
1786366455,bench_mixed,1054.63,0.00,78.4,19.783,0.003,68.532,4.496,0.00
1786366460,bench_mixed,1082.02,0.00,75.0,19.783,0.003,68.532,4.494,0.00
1786366466,bench_mixed,1114.47,0.00,74.5,19.783,0.003,68.532,4.497,0.00
1786366471,bench_mixed,876.54,0.00,65.7,19.783,0.003,68.535,4.494,0.00
1786366476,bench_mixed,1072.15,0.00,75.3,19.783,0.003,68.538,4.488,0.00
1786366481,bench_mixed,1005.60,0.00,71.8,19.783,0.003,68.538,4.488,0.00
1786366486,bench_mixed,1006.38,0.00,72.1,19.783,0.003,68.543,4.485,0.00
1786366491,bench_mixed,1133.02,0.00,75.9,19.783,0.003,68.545,4.308,0.00
1786366496,bench_mixed,1142.72,0.00,80.2,19.783,0.003,68.547,3.297,0.00
1786366501,bench_mixed,215.75,165.13,86.1,20.243,0.003,68.547,3.285,62.04
1786366506,bench_mixed,38.54,68.48,25.3,20.404,0.003,68.548,3.282,0.00
1786366511,bench_mixed,316.84,22.00,23.2,20.404,0.003,68.548,4.471,0.00
1786366516,bench_mixed,1039.49,33.97,78.6,20.404,0.003,68.550,4.474,0.00
1786366521,bench_mixed,880.75,0.00,69.8,20.404,0.003,68.552,4.471,0.00
1786366526,bench_mixed,1041.56,0.00,79.6,20.404,0.003,68.554,4.473,0.00
1786366531,bench_mixed,1012.84,0.00,81.1,20.404,0.003,68.560,4.462,0.00
1786366536,bench_mixed,1006.91,0.00,68.1,20.404,0.003,68.563,4.460,0.00
1786366542,bench_mixed,1033.01,0.00,66.9,20.404,0.003,68.569,4.462,0.00
1786366547,bench_mixed,944.47,0.00,69.0,20.404,0.003,68.571,4.464,0.00
1786366552,bench_mixed,1053.23,0.00,71.7,20.404,0.003,68.571,4.462,0.00
1786366557,bench_mixed,1080.36,0.00,71.3,20.404,0.003,68.572,4.461,0.00
1786366562,bench_mixed,1016.51,0.00,70.4,20.404,0.003,68.572,4.468,0.00
1786366567,bench_mixed,1020.30,0.00,77.2,20.404,0.003,68.572,4.469,0.00
1786366572,bench_mixed,1099.07,0.00,83.5,20.404,0.003,68.572,4.464,0.00
1786366577,bench_mixed,1135.11,0.00,79.0,20.404,0.003,68.573,4.464,0.00
1786366582,bench_mixed,1191.62,0.00,83.9,20.404,0.003,68.581,4.460,0.00
1786366587,bench_mixed,1288.56,0.00,82.8,20.404,0.003,68.581,4.452,0.00
1786366592,bench_mixed,1089.68,0.00,73.9,20.404,0.003,68.581,4.454,0.00
1786366597,bench_mixed,1148.02,0.00,78.1,20.404,0.003,68.583,4.446,0.02
1786366602,bench_mixed,1205.11,0.00,82.0,20.404,0.003,68.583,4.448,0.00
1786366607,bench_mixed,1135.12,0.00,78.8,20.404,0.003,68.583,4.448,0.00
1786366612,bench_mixed,1174.34,0.00,76.3,20.404,0.003,68.583,4.451,0.00
1786366618,bench_mixed,1214.06,0.00,80.8,20.404,0.003,68.585,4.444,0.00
1786366623,bench_mixed,973.67,0.00,73.0,20.404,0.003,68.585,4.447,0.00
1786366628,bench_mixed,960.02,0.00,70.5,20.404,0.003,68.588,4.447,0.00
1786366633,bench_mixed,1058.79,0.00,74.0,20.404,0.003,68.588,4.450,0.00
1786366638,bench_mixed,1033.79,0.00,71.8,20.404,0.003,68.592,4.448,0.00
1786366643,bench_mixed,1087.96,0.00,74.0,20.404,0.003,68.593,4.442,0.00
1786366648,bench_mixed,1175.17,0.00,81.8,20.404,0.003,68.595,4.442,0.00
1786366653,bench_mixed,1080.76,0.00,76.2,20.404,0.003,68.596,4.439,0.00
1786366658,bench_mixed,1063.38,0.00,69.8,20.404,0.003,68.599,4.439,0.00
1786366663,bench_mixed,1289.43,0.00,80.6,20.404,0.003,68.599,4.432,0.00
1786366668,bench_mixed,1223.75,0.00,80.4,20.404,0.003,68.609,4.421,0.00
1786366673,bench_mixed,1087.52,0.00,76.1,20.404,0.003,68.618,4.402,0.00
1786366679,bench_mixed,1099.39,0.00,77.3,20.404,0.003,68.626,4.408,0.00
1786366684,bench_mixed,951.01,0.00,70.7,20.404,0.003,68.627,4.409,0.00
1786366689,bench_mixed,1167.27,0.00,80.9,20.404,0.003,68.627,4.413,0.00
1786366694,bench_mixed,1230.63,0.00,79.2,20.404,0.003,68.627,4.412,0.00
1786366699,bench_mixed,1188.44,0.00,78.3,20.404,0.003,68.627,4.415,0.00
1786366704,bench_mixed,1183.91,0.00,79.7,20.404,0.003,68.627,4.409,0.00
1786366709,bench_mixed,1180.56,0.00,78.8,20.404,0.003,68.627,4.412,0.00
1786366715,bench_mixed,1166.15,0.00,80.1,20.404,0.003,68.630,4.408,0.00
1786366720,bench_mixed,1216.46,0.00,76.9,20.404,0.003,68.637,4.402,0.00
1786366725,bench_mixed,1247.62,0.00,80.9,20.404,0.003,68.637,4.402,0.00
1786366730,bench_mixed,1023.26,0.00,73.9,20.404,0.003,68.637,4.402,0.00
1786366735,bench_mixed,1229.42,0.00,80.2,20.404,0.003,68.639,4.398,0.00
1786366740,bench_mixed,1191.62,0.00,80.7,20.404,0.003,68.639,4.398,0.00
1786366745,bench_mixed,1141.05,0.00,77.6,20.404,0.003,68.639,4.402,0.00
1786366750,bench_mixed,1206.01,0.00,82.0,20.404,0.003,68.639,4.393,0.00
1786366755,bench_mixed,1153.85,0.00,81.0,20.404,0.003,68.641,4.397,0.00
1786366760,bench_mixed,1341.26,0.00,87.6,20.404,0.003,68.641,4.394,0.00
1786366765,bench_mixed,1100.55,0.00,80.3,20.404,0.003,68.643,4.390,0.00
1786366770,bench_mixed,1039.22,0.00,72.9,20.404,0.003,68.644,4.383,0.00
1786366775,bench_mixed,1172.64,0.00,78.3,20.404,0.003,68.647,4.390,0.00
1786366780,bench_mixed,1102.71,0.00,76.3,20.404,0.003,68.648,4.385,0.00
1786366785,bench_mixed,1257.12,0.00,82.8,20.404,0.003,68.650,4.392,0.00
1786366791,bench_mixed,1229.31,0.00,80.6,20.404,0.003,68.651,3.571,0.00
1786366796,bench_mixed,861.62,34.44,76.9,20.595,0.003,68.898,2.938,61.94
1786366801,bench_mixed,106.18,214.26,73.5,21.026,0.003,68.898,2.939,0.00
1786366806,bench_mixed,0.00,0.00,0.0,21.026,0.003,68.755,3.078,0.00
1786366811,bench_mixed,712.22,42.20,51.0,21.026,0.003,68.657,4.369,0.00
1786366816,bench_mixed,1002.73,0.00,68.7,21.026,0.003,68.660,4.370,0.00
1786366821,bench_mixed,1006.49,0.00,65.6,21.026,0.003,68.666,4.360,0.00
1786366826,bench_mixed,863.59,0.00,60.6,21.026,0.003,68.669,4.354,0.00
1786366831,bench_mixed,833.27,0.00,60.1,21.026,0.003,68.669,4.359,0.00
1786366836,bench_mixed,1016.07,0.00,74.3,21.026,0.003,68.669,4.354,0.00
1786366841,bench_mixed,1099.19,0.00,71.7,21.026,0.003,68.670,4.367,0.00
1786366846,bench_mixed,946.33,0.00,62.0,21.026,0.003,68.670,4.365,0.00
1786366851,bench_mixed,1012.13,0.00,70.8,21.026,0.003,68.670,4.362,0.00
1786366856,bench_mixed,874.57,0.00,60.6,21.026,0.003,68.670,4.361,0.00
1786366862,bench_mixed,963.31,0.00,67.0,21.026,0.003,68.670,4.365,0.00
1786366867,bench_mixed,1014.51,0.00,68.7,21.026,0.003,68.674,4.360,0.00
1786366872,bench_mixed,1078.67,0.00,71.4,21.026,0.003,68.676,4.358,0.00
1786366877,bench_mixed,1128.39,0.00,78.5,21.026,0.003,68.684,4.350,0.00
1786366882,bench_mixed,1241.40,0.00,82.7,21.026,0.003,68.684,4.346,0.00
1786366887,bench_mixed,1155.23,0.00,79.4,21.026,0.003,68.684,4.349,0.00
1786366892,bench_mixed,1143.81,0.00,75.5,21.026,0.003,68.686,4.347,0.00
1786366897,bench_mixed,1226.47,0.00,82.4,21.026,0.003,68.686,4.345,0.02
1786366902,bench_mixed,1110.18,0.00,77.3,21.026,0.003,68.686,4.340,0.00
1786366907,bench_mixed,1196.29,0.00,79.7,21.026,0.003,68.686,4.347,0.00
1786366912,bench_mixed,1032.04,0.00,72.9,21.026,0.003,68.687,4.338,0.00
1786366918,bench_mixed,865.75,0.00,57.6,21.026,0.003,68.689,4.341,0.00
1786366923,bench_mixed,898.08,0.00,64.1,21.026,0.003,68.691,4.341,0.00
1786366928,bench_mixed,1018.68,0.00,66.3,21.026,0.003,68.691,4.343,0.00
1786366933,bench_mixed,906.89,0.00,65.8,21.026,0.003,68.693,4.340,0.00
1786366938,bench_mixed,1049.70,0.00,70.7,21.026,0.003,68.697,4.335,0.00
1786366943,bench_mixed,911.54,0.00,61.6,21.026,0.003,68.700,4.332,0.00
1786366948,bench_mixed,1004.19,0.00,65.8,21.026,0.003,68.701,4.331,0.00
1786366953,bench_mixed,881.99,0.00,59.6,21.026,0.003,68.703,4.334,0.00
1786366958,bench_mixed,917.43,0.00,61.2,21.026,0.003,68.705,4.325,0.00
1786366963,bench_mixed,1037.92,0.00,72.7,21.026,0.003,68.705,4.330,0.00
1786366968,bench_mixed,1072.66,0.00,76.8,21.026,0.003,68.707,4.322,0.00
1786366973,bench_mixed,1006.78,0.00,69.2,21.026,0.003,68.716,4.323,0.00
1786366979,bench_mixed,1015.76,0.00,73.2,21.026,0.003,68.720,4.312,0.00
1786366984,bench_mixed,1046.31,0.00,73.0,21.026,0.003,68.722,4.316,0.00
1786366989,bench_mixed,1110.57,0.00,76.7,21.026,0.003,68.723,4.316,0.00
1786366994,bench_mixed,1111.09,0.00,73.4,21.026,0.003,68.723,4.310,0.00
1786366999,bench_mixed,1152.22,0.00,76.7,21.026,0.003,68.723,4.310,0.00
1786367004,bench_mixed,1092.70,0.00,76.8,21.026,0.003,68.724,4.310,0.00
1786367009,bench_mixed,1127.52,0.00,75.2,21.026,0.003,68.724,4.312,0.00
1786367014,bench_mixed,1181.67,0.00,80.7,21.026,0.003,68.724,4.312,0.00
1786367019,bench_mixed,1174.40,0.00,86.3,21.026,0.003,68.729,4.314,0.00
1786367024,bench_mixed,1263.65,0.00,83.7,21.026,0.003,68.739,4.288,0.00
1786367029,bench_mixed,1196.17,0.00,80.4,21.026,0.003,68.739,4.297,0.00
1786367034,bench_mixed,1055.48,0.00,69.4,21.026,0.003,68.739,4.299,0.00
1786367040,bench_mixed,965.35,0.00,65.8,21.026,0.003,68.739,4.298,0.00
1786367045,bench_mixed,903.33,0.00,64.0,21.026,0.003,68.739,4.301,0.00
1786367050,bench_mixed,1297.32,0.00,80.8,21.026,0.003,68.739,4.299,0.00
1786367055,bench_mixed,857.48,0.00,60.8,21.026,0.003,68.739,4.298,0.00
1786367060,bench_mixed,1016.85,0.00,67.7,21.026,0.003,68.739,4.298,0.00
1786367065,bench_mixed,907.63,0.00,61.3,21.026,0.003,68.739,4.298,0.00
1786367070,bench_mixed,1014.51,0.00,64.7,21.026,0.003,68.739,4.296,0.00
1786367075,bench_mixed,810.86,0.00,58.1,21.026,0.003,68.742,4.290,0.00
1786367080,bench_mixed,905.44,0.00,62.7,21.026,0.003,68.745,4.290,0.00
1786367085,bench_mixed,1028.80,0.00,74.2,21.026,0.003,68.745,4.288,0.00
1786367090,bench_mixed,965.03,0.00,70.1,21.026,0.003,68.745,3.691,0.00
1786367095,bench_mixed,1083.17,0.00,70.2,21.034,0.003,68.791,3.067,62.02
1786367100,bench_mixed,146.15,220.91,93.3,21.622,0.003,68.749,3.098,0.00
1786367105,bench_mixed,6.34,20.42,5.1,21.647,0.003,68.749,3.097,0.00
1786367110,bench_mixed,428.48,0.00,31.5,21.647,0.003,68.749,4.287,0.00
1786367116,bench_mixed,953.03,51.54,75.7,21.647,0.003,68.751,4.286,0.00
1786367121,bench_mixed,1111.55,0.00,81.5,21.647,0.003,68.752,4.271,0.00
1786367126,bench_mixed,1057.13,0.00,78.0,21.647,0.003,68.753,4.281,0.00
1786367131,bench_mixed,1099.79,0.00,75.3,21.647,0.003,68.755,4.281,0.00
1786367136,bench_mixed,1087.00,0.00,77.6,21.647,0.003,68.759,4.273,0.00
1786367141,bench_mixed,1172.24,0.00,81.3,21.647,0.003,68.760,4.278,0.00
1786367146,bench_mixed,1157.39,0.00,73.9,21.647,0.003,68.762,4.272,0.00
1786367151,bench_mixed,1144.15,0.00,79.5,21.647,0.003,68.765,4.269,0.00
1786367156,bench_mixed,989.78,0.00,74.8,21.647,0.003,68.768,4.261,0.00
1786367161,bench_mixed,1151.50,0.00,74.8,21.647,0.003,68.769,4.268,0.00
1786367166,bench_mixed,923.88,0.00,61.3,21.647,0.003,68.769,4.259,0.00
1786367171,bench_mixed,1481.15,0.00,89.1,21.647,0.003,68.770,4.254,0.00
1786367176,bench_mixed,1110.03,0.00,82.7,21.647,0.003,68.770,4.255,0.00
1786367181,bench_mixed,1043.27,0.00,76.2,21.647,0.003,68.770,4.258,0.00
1786367187,bench_mixed,1190.12,0.00,80.6,21.647,0.003,68.771,4.253,0.00
1786367192,bench_mixed,1085.01,0.00,77.2,21.647,0.003,68.773,4.258,0.00
1786367197,bench_mixed,1163.17,0.00,78.7,21.647,0.003,68.784,4.238,0.02
1786367202,bench_mixed,1131.13,0.00,77.5,21.647,0.003,68.784,4.242,0.00
1786367207,bench_mixed,1085.55,0.00,80.8,21.647,0.003,68.784,4.238,0.00
1786367212,bench_mixed,987.64,0.00,67.8,21.647,0.003,68.786,4.236,0.00
1786367217,bench_mixed,1010.60,0.00,81.9,21.647,0.003,68.786,4.239,0.00
1786367222,bench_mixed,997.10,0.00,75.5,21.647,0.003,68.786,4.242,0.00
1786367227,bench_mixed,1072.89,0.00,80.2,21.647,0.003,68.786,4.244,0.00
1786367232,bench_mixed,1030.08,0.00,77.3,21.647,0.003,68.786,4.243,0.00
1786367237,bench_mixed,1183.70,0.00,83.6,21.647,0.003,68.786,4.244,0.00
1786367242,bench_mixed,998.93,0.00,75.3,21.647,0.003,68.786,4.260,0.00
1786367247,bench_mixed,949.48,0.00,69.5,21.647,0.003,68.789,4.254,0.00
1786367253,bench_mixed,917.24,0.00,67.5,21.647,0.003,68.789,4.247,0.00
1786367258,bench_mixed,1124.80,0.00,74.4,21.647,0.003,68.789,4.253,0.00
1786367263,bench_mixed,975.12,0.00,69.9,21.647,0.003,68.792,4.246,0.00
1786367268,bench_mixed,1100.15,0.00,75.1,21.647,0.003,68.795,4.244,0.00
1786367273,bench_mixed,1005.93,0.00,69.4,21.647,0.003,68.796,4.234,0.00
1786367278,bench_mixed,1046.50,0.00,74.8,21.647,0.003,68.796,4.235,0.00
1786367283,bench_mixed,1006.33,0.00,70.1,21.647,0.003,68.797,4.236,0.00
1786367289,bench_mixed,1010.38,0.00,67.0,21.647,0.003,68.797,4.237,0.00
1786367294,bench_mixed,1025.77,0.00,73.1,21.647,0.003,68.803,4.234,0.00
1786367299,bench_mixed,1049.51,0.00,71.8,21.647,0.003,68.803,4.230,0.00
1786367304,bench_mixed,1041.48,0.00,71.7,21.647,0.003,68.808,4.230,0.00
1786367309,bench_mixed,1099.48,0.00,76.1,21.647,0.003,68.811,4.225,0.00
1786367314,bench_mixed,996.48,0.00,73.1,21.647,0.003,68.812,4.217,0.00
1786367319,bench_mixed,1110.48,0.00,77.0,21.647,0.003,68.812,4.210,0.00
1786367324,bench_mixed,1198.76,0.00,77.8,21.647,0.003,68.812,4.218,0.00
1786367329,bench_mixed,1238.40,0.00,83.6,21.647,0.003,68.812,4.214,0.00
1786367334,bench_mixed,1176.53,0.00,81.3,21.647,0.003,68.812,4.220,0.00
1786367339,bench_mixed,1024.63,0.00,73.8,21.647,0.003,68.812,4.213,0.00
1786367344,bench_mixed,997.57,0.00,70.0,21.647,0.003,68.819,4.205,0.00
1786367349,bench_mixed,1035.99,0.00,69.2,21.647,0.003,68.823,4.200,0.00
1786367354,bench_mixed,1137.18,0.00,78.6,21.647,0.003,68.823,4.206,0.00
1786367359,bench_mixed,1144.07,0.00,73.9,21.647,0.003,68.823,4.206,0.00
1786367364,bench_mixed,1022.78,0.00,74.0,21.647,0.003,68.824,4.211,0.00
1786367370,bench_mixed,1017.27,0.00,73.7,21.647,0.003,68.824,4.207,0.00
1786367375,bench_mixed,1181.16,0.00,80.9,21.647,0.003,68.823,4.209,0.00
1786367380,bench_mixed,1059.35,0.00,72.0,21.647,0.003,68.823,4.214,0.00
1786367385,bench_mixed,1074.20,0.00,83.9,21.647,0.003,68.823,4.202,0.00
1786367390,bench_mixed,1205.57,0.00,81.6,21.647,0.003,68.823,3.398,0.00
1786367395,bench_mixed,1048.04,45.43,83.0,21.772,0.003,69.072,2.764,61.98
1786367400,bench_mixed,129.25,190.23,75.1,22.268,0.003,69.072,2.770,0.00
1786367405,bench_mixed,0.00,36.63,4.4,22.268,0.003,68.930,2.911,0.00
1786367410,bench_mixed,762.03,0.11,48.5,22.268,0.003,68.830,4.219,0.00
1786367415,bench_mixed,1142.35,22.27,79.4,22.268,0.003,68.832,4.214,0.00
1786367420,bench_mixed,773.94,0.00,60.9,22.268,0.003,68.832,4.219,0.00
1786367425,bench_mixed,0.00,0.00,0.1,22.268,0.003,68.832,4.217,0.00
1786367430,bench_mixed,581.12,0.00,47.2,22.268,0.003,68.833,4.212,0.00
1786367435,bench_mixed,1089.91,0.00,73.0,22.268,0.003,68.833,4.211,0.00
1786367440,bench_mixed,1149.77,0.00,74.9,22.268,0.003,68.839,4.209,0.00
1786367446,bench_mixed,1137.08,0.00,75.3,22.268,0.003,68.839,4.211,0.00
1786367451,bench_mixed,1049.09,0.00,77.0,22.268,0.003,68.839,4.214,0.00
1786367456,bench_mixed,313.93,0.01,22.2,22.268,0.003,68.839,4.212,0.00
1786367461,bench_mixed,708.62,0.00,48.1,22.268,0.003,68.846,4.200,0.00
1786367466,bench_mixed,932.10,0.00,62.4,22.268,0.003,68.846,4.205,0.00
1786367471,bench_mixed,293.70,0.00,19.4,22.268,0.003,68.846,4.203,0.00
1786367476,bench_mixed,699.66,0.00,49.5,22.268,0.003,68.848,4.201,0.00
1786367481,bench_mixed,1005.80,0.00,69.7,22.268,0.003,68.850,4.199,0.00
1786367486,bench_mixed,1136.46,0.00,77.8,22.268,0.003,68.860,4.187,0.00
1786367491,bench_mixed,1191.87,0.00,77.6,22.268,0.003,68.862,4.183,0.00
1786367496,bench_mixed,1067.53,0.00,74.2,22.268,0.003,68.863,4.176,0.02
1786367501,bench_mixed,1116.11,0.00,73.2,22.268,0.003,68.863,4.178,0.00
1786367506,bench_mixed,1030.28,0.00,68.6,22.268,0.003,68.863,4.181,0.00
1786367511,bench_mixed,1191.64,0.00,74.8,22.268,0.003,68.862,4.178,0.00
1786367517,bench_mixed,1111.25,0.00,75.0,22.268,0.003,68.862,4.180,0.00
1786367522,bench_mixed,1082.53,0.00,72.4,22.268,0.003,68.862,4.184,0.00
1786367527,bench_mixed,1007.50,0.00,65.0,22.268,0.003,68.862,4.183,0.00
1786367532,bench_mixed,1096.92,0.00,72.4,22.268,0.003,68.869,4.175,0.00
1786367537,bench_mixed,1104.78,0.00,70.5,22.268,0.003,68.880,4.169,0.00
1786367542,bench_mixed,1139.51,0.00,79.7,22.268,0.003,68.880,4.171,0.00
1786367547,bench_mixed,1434.33,0.00,90.4,22.268,0.003,68.881,4.163,0.00
1786367552,bench_mixed,1081.73,0.00,82.4,22.268,0.003,68.881,4.166,0.00
1786367557,bench_mixed,1116.59,0.00,80.0,22.268,0.003,68.882,4.159,0.00
1786367562,bench_mixed,1218.84,0.00,80.7,22.268,0.003,68.882,4.161,0.00
1786367567,bench_mixed,1224.19,0.00,81.5,22.268,0.003,68.882,4.158,0.00
1786367573,bench_mixed,1259.39,0.00,82.5,22.268,0.003,68.882,4.166,0.00
1786367578,bench_mixed,1182.66,0.00,80.8,22.268,0.003,68.882,4.166,0.00
1786367583,bench_mixed,1305.41,0.00,87.1,22.268,0.003,68.884,4.165,0.00
1786367588,bench_mixed,1120.41,0.00,75.3,22.268,0.003,68.893,4.157,0.00
1786367593,bench_mixed,1151.94,0.00,80.8,22.268,0.003,68.893,4.149,0.00
1786367598,bench_mixed,1314.94,0.00,88.3,22.268,0.003,68.893,4.151,0.00
1786367603,bench_mixed,1244.70,0.00,78.5,22.268,0.003,68.895,4.148,0.00
1786367609,bench_mixed,1163.74,0.00,75.9,22.268,0.003,68.896,4.149,0.00
1786367614,bench_mixed,1199.50,0.00,80.7,22.268,0.003,68.896,4.155,0.00
1786367619,bench_mixed,1180.74,0.00,76.3,22.268,0.003,68.896,4.147,0.00
1786367624,bench_mixed,1220.14,0.00,78.1,22.268,0.003,68.898,4.150,0.00
1786367629,bench_mixed,1074.80,0.00,72.0,22.268,0.003,68.900,4.150,0.00
1786367634,bench_mixed,1235.36,0.00,82.7,22.268,0.003,68.900,4.142,0.00
1786367639,bench_mixed,1310.72,0.00,84.3,22.268,0.003,68.913,4.134,0.00
1786367644,bench_mixed,1056.63,0.00,71.7,22.268,0.003,68.914,4.131,0.00
1786367649,bench_mixed,1149.09,0.00,79.0,22.268,0.003,68.914,4.133,0.00
1786367654,bench_mixed,1225.07,0.00,80.3,22.268,0.003,68.914,4.133,0.00
1786367659,bench_mixed,1090.59,0.00,71.4,22.268,0.003,68.914,4.134,0.00
1786367665,bench_mixed,1126.64,0.00,73.9,22.268,0.003,68.914,4.131,0.00
1786367670,bench_mixed,1084.61,0.00,71.1,22.268,0.003,68.914,4.130,0.00
1786367675,bench_mixed,1091.17,0.00,73.1,22.268,0.003,68.914,4.126,0.00
1786367680,bench_mixed,1013.81,0.00,67.3,22.268,0.003,68.917,3.917,0.00
1786367685,bench_mixed,1148.73,0.00,75.0,22.268,0.003,68.922,2.918,0.00
1786367690,bench_mixed,454.84,180.66,88.6,22.721,0.003,68.922,2.894,61.99
1786367695,bench_mixed,43.21,77.24,29.4,22.889,0.003,68.923,2.899,0.00
1786367700,bench_mixed,78.29,37.81,14.1,22.889,0.003,68.925,4.091,0.00
1786367705,bench_mixed,1247.74,0.85,82.5,22.889,0.003,68.932,4.082,0.00
1786367710,bench_mixed,1081.61,0.00,69.1,22.889,0.003,68.931,4.093,0.00
1786367715,bench_mixed,1088.94,0.00,74.4,22.889,0.003,68.933,4.092,0.00
1786367720,bench_mixed,1039.95,0.00,69.0,22.889,0.003,68.936,4.088,0.00
1786367725,bench_mixed,1115.91,0.00,79.1,22.889,0.003,68.936,4.089,0.00
1786367730,bench_mixed,972.67,0.00,66.3,22.889,0.003,68.936,4.091,0.00
1786367736,bench_mixed,1167.16,0.00,78.0,22.889,0.003,68.936,4.092,0.00
1786367741,bench_mixed,1104.09,0.00,70.3,22.889,0.003,68.935,4.085,0.00
1786367746,bench_mixed,1148.55,0.00,72.2,22.889,0.003,68.938,4.087,0.00
1786367751,bench_mixed,1102.32,0.00,74.4,22.889,0.003,68.939,4.085,0.00
1786367756,bench_mixed,1116.03,0.00,76.8,22.889,0.003,68.944,4.075,0.00
1786367761,bench_mixed,1191.29,0.00,80.5,22.889,0.003,68.944,4.085,0.00
1786367766,bench_mixed,1703.59,0.00,93.3,22.889,0.003,68.948,4.077,0.00
1786367771,bench_mixed,1974.00,0.00,100.0,22.889,0.003,68.961,4.070,0.00
1786367776,bench_mixed,2003.17,0.00,100.0,22.889,0.003,68.963,4.070,0.00
1786367781,bench_mixed,1998.62,0.00,100.0,22.889,0.003,68.963,4.070,0.00
1786367787,bench_mixed,1994.34,0.00,100.0,22.889,0.003,68.963,4.066,0.00
1786367792,bench_mixed,1468.32,0.00,89.9,22.889,0.003,68.963,4.064,0.00
1786367797,bench_mixed,1409.15,0.00,83.5,22.889,0.003,68.969,4.050,0.02
1786367802,bench_mixed,1112.58,0.00,79.6,22.889,0.003,68.971,4.059,0.00
1786367807,bench_mixed,1272.05,0.00,81.0,22.889,0.003,68.971,4.061,0.00
1786367812,bench_mixed,1191.14,0.00,84.8,22.889,0.003,68.972,4.053,0.00
1786367817,bench_mixed,2021.33,0.00,100.0,22.889,0.003,68.978,4.043,0.00
1786367822,bench_mixed,1809.92,0.00,95.2,22.889,0.003,68.985,4.030,0.00
1786367828,bench_mixed,1103.99,0.00,76.9,22.889,0.003,68.986,4.034,0.00
1786367833,bench_mixed,1130.51,0.00,70.3,22.889,0.003,68.987,4.036,0.00
1786367838,bench_mixed,1178.83,0.00,81.2,22.889,0.003,68.997,4.032,0.00
1786367843,bench_mixed,1239.72,0.00,78.4,22.889,0.003,68.997,4.032,0.00
1786367848,bench_mixed,1216.86,0.00,78.7,22.889,0.003,69.010,4.023,0.00
1786367853,bench_mixed,1148.37,0.00,76.6,22.889,0.003,69.010,4.023,0.00
1786367858,bench_mixed,1140.54,0.00,78.8,22.889,0.003,69.011,4.021,0.00
1786367863,bench_mixed,1269.00,0.00,81.8,22.889,0.003,69.011,4.021,0.00
1786367868,bench_mixed,1236.33,0.00,80.2,22.889,0.003,69.011,4.014,0.00
1786367873,bench_mixed,1298.83,0.00,79.8,22.889,0.003,69.011,4.019,0.00
1786367878,bench_mixed,1141.01,0.00,77.0,22.889,0.003,69.011,4.017,0.00
1786367883,bench_mixed,1165.80,0.00,75.4,22.889,0.003,69.011,4.023,0.00
1786367888,bench_mixed,975.40,0.00,64.3,22.889,0.003,69.012,4.019,0.00
1786367893,bench_mixed,904.12,0.00,59.4,22.889,0.003,69.014,4.014,0.00
1786367899,bench_mixed,989.98,0.00,62.2,22.889,0.003,69.021,4.006,0.00
1786367904,bench_mixed,1053.38,0.00,71.1,22.889,0.003,69.021,4.006,0.00
1786367909,bench_mixed,907.88,0.00,62.7,22.889,0.003,69.022,4.009,0.00
1786367914,bench_mixed,1238.23,0.00,77.8,22.889,0.003,69.022,4.004,0.00
1786367919,bench_mixed,1998.78,0.00,100.0,22.889,0.003,69.023,3.997,0.00
1786367924,bench_mixed,1997.52,0.00,100.0,22.889,0.003,69.024,3.993,0.00
1786367929,bench_mixed,1996.12,0.00,100.0,22.889,0.003,69.026,3.992,0.00
1786367934,bench_mixed,1971.33,0.00,100.0,22.889,0.003,69.027,3.987,0.00
1786367939,bench_mixed,1944.27,0.00,100.0,22.889,0.003,69.029,3.984,0.00
1786367945,bench_mixed,1866.05,0.00,99.0,22.889,0.003,69.030,3.985,0.00
1786367950,bench_mixed,1164.83,0.00,74.8,22.889,0.003,69.031,3.992,0.00
1786367955,bench_mixed,1281.69,0.00,81.3,22.889,0.003,69.031,3.990,0.00
1786367960,bench_mixed,955.93,0.00,63.1,22.889,0.003,69.032,3.991,0.00
1786367965,bench_mixed,1255.67,0.00,81.7,22.889,0.003,69.031,3.992,0.00
1786367970,bench_mixed,1169.65,0.00,79.1,22.889,0.003,69.032,3.994,0.00
1786367975,bench_mixed,1253.60,0.00,80.0,22.889,0.003,69.032,3.663,0.00
1786367981,bench_mixed,1204.29,0.00,79.5,22.889,0.003,69.038,2.792,62.12
1786367986,bench_mixed,253.03,209.31,90.0,23.420,0.003,69.039,2.792,0.00
1786367991,bench_mixed,24.11,43.36,14.3,23.510,0.003,69.039,2.809,0.00
1786367996,bench_mixed,0.00,43.33,4.5,23.510,0.003,69.039,2.801,0.00
1786368001,bench_mixed,0.00,0.00,0.0,23.510,0.003,69.040,2.800,0.00
1786368006,bench_mixed,0.00,0.00,0.1,23.510,0.003,69.040,2.798,0.00
1786368011,bench_mixed,0.00,0.00,0.0,23.510,0.003,69.040,2.798,0.00
1786368016,bench_mixed,0.00,2.33,0.3,23.510,0.003,69.040,2.794,0.00
1786368021,bench_mixed,0.00,0.00,0.0,23.510,0.003,69.040,2.796,0.00
1786368026,bench_mixed,0.00,0.00,0.0,23.510,0.003,69.040,2.793,0.00
1786368031,bench_mixed,0.00,0.00,0.0,23.510,0.003,69.040,2.793,0.00
1786368036,bench_mixed,0.00,0.01,0.1,23.510,0.003,69.040,2.793,0.00
1786368041,bench_mixed,0.00,0.00,0.0,23.510,0.003,69.040,2.794,0.00
1786368046,bench_mixed,0.00,0.00,0.0,23.510,0.003,69.040,2.795,0.00
1786368051,bench_mixed,0.00,0.00,0.0,23.510,0.003,69.040,2.795,0.00
1786368056,bench_mixed,0.00,0.00,0.0,23.510,0.003,69.040,2.797,0.00
1786368061,bench_mixed,0.00,0.00,0.0,23.510,0.003,69.040,2.799,0.00
1786368067,bench_mixed,0.00,0.00,0.1,23.510,0.003,69.040,2.799,0.00
1786368072,bench_mixed,0.00,0.00,0.0,23.510,0.003,69.040,2.799,0.00
1786368077,bench_mixed,0.00,0.00,0.0,23.510,0.003,69.040,2.798,0.00
1786368082,bench_mixed,0.00,0.00,0.0,23.510,0.003,69.040,2.797,0.00
1786368087,bench_mixed,0.00,0.00,0.0,23.510,0.003,69.040,2.795,0.00
1786368092,bench_mixed,0.00,0.00,0.0,23.510,0.003,69.040,2.795,0.00
1786368097,bench_mixed,0.00,0.00,0.1,23.510,0.003,69.040,2.788,0.02
1786368102,bench_mixed,0.00,0.00,0.0,23.510,0.003,69.040,2.794,0.00
1786368107,bench_mixed,0.00,0.00,0.0,23.510,0.003,69.040,2.792,0.00
1786368112,bench_mixed,0.00,0.00,0.0,23.510,0.003,69.040,2.792,0.00
1786368117,bench_mixed,0.00,0.00,0.0,23.510,0.003,69.040,2.791,0.00
1786368122,bench_mixed,0.00,0.00,0.0,23.510,0.003,69.041,2.787,0.00
1786368127,bench_mixed,0.00,0.00,0.0,23.510,0.003,69.041,2.787,0.00
1786368132,bench_mixed,0.00,0.00,0.0,23.510,0.003,69.041,2.782,0.00
1786368137,bench_mixed,0.00,0.00,0.0,23.510,0.003,69.041,2.782,0.00
1786368142,bench_mixed,0.00,0.00,0.0,23.510,0.003,69.041,2.781,0.00
1786368147,bench_mixed,0.00,0.00,0.0,23.510,0.003,69.041,2.783,0.00
1786368152,bench_mixed,0.00,0.00,0.0,23.510,0.003,69.041,2.784,0.00
1786368157,bench_mixed,0.00,0.00,0.0,23.510,0.003,69.041,2.783,0.00
1786368163,bench_mixed,0.00,0.00,0.0,23.510,0.003,69.041,2.781,0.00
1786368168,bench_mixed,0.00,0.00,0.0,23.510,0.003,69.041,2.782,0.00
1786368173,bench_mixed,0.00,0.00,0.0,23.510,0.003,69.041,2.782,0.00
1786368178,bench_mixed,0.00,0.00,0.0,23.510,0.003,69.041,2.783,0.00
1786368183,bench_mixed,0.00,0.00,0.0,23.510,0.003,69.041,2.782,0.00
1786368188,bench_mixed,0.00,0.00,0.0,23.510,0.003,69.041,2.783,0.00
1786368193,bench_mixed,0.00,0.00,0.0,23.510,0.003,69.041,2.785,0.00
1786368198,bench_mixed,0.00,0.00,0.0,23.510,0.003,69.041,2.786,0.00
1786368203,bench_mixed,0.00,0.00,0.0,23.510,0.003,69.041,2.785,0.00
1786368208,bench_mixed,0.00,0.00,0.0,23.510,0.003,69.041,2.786,0.00
1786368213,bench_mixed,0.00,0.00,0.0,23.510,0.003,69.041,2.786,0.00
1786368218,bench_mixed,0.00,0.00,0.0,23.510,0.003,69.041,2.787,0.00
1786368223,bench_mixed,0.00,0.00,0.0,23.510,0.003,69.041,2.786,0.00
1786368228,bench_mixed,0.00,0.00,0.0,23.510,0.003,69.041,2.786,0.00
1786368233,bench_mixed,0.00,0.00,0.0,23.510,0.003,69.041,2.788,0.00
1786368238,bench_mixed,0.00,0.00,0.0,23.510,0.003,69.041,2.787,0.00
1786368243,bench_mixed,0.00,0.00,0.0,23.510,0.003,69.041,2.787,0.00
1786368248,bench_mixed,0.00,0.00,0.0,23.510,0.003,69.041,2.787,0.00
1786368254,bench_mixed,0.00,0.00,0.0,23.510,0.003,69.041,2.787,0.00
1786368259,bench_mixed,0.00,0.00,0.0,23.510,0.003,69.041,2.787,0.00
1786368264,bench_mixed,0.00,0.00,0.0,23.510,0.003,69.041,2.789,0.00
1786368269,bench_mixed,0.00,0.00,0.0,23.510,0.003,69.041,2.789,0.00
1786368274,bench_mixed,0.00,0.00,0.0,23.510,0.003,69.041,2.789,0.00
1786368279,bench_mixed,0.00,0.00,0.0,23.510,0.003,69.041,1.713,0.00
1786368284,bench_mixed,0.00,0.00,0.0,23.510,0.003,69.041,1.548,62.33
1786368289,bench_mixed,0.00,0.00,0.0,23.510,0.003,69.041,1.548,0.00
1786368294,bench_mixed,0.00,0.00,0.0,23.510,0.003,69.041,1.548,0.00
1786368299,bench_mixed,0.00,0.00,0.0,23.510,0.003,69.041,1.550,0.00
1786368304,bench_mixed,0.00,0.00,0.0,23.510,0.003,69.041,1.549,0.00
1786368309,bench_mixed,0.00,0.00,0.0,23.510,0.003,69.041,1.552,0.00
1786368314,bench_mixed,0.00,0.00,0.0,23.510,0.003,69.041,1.548,0.00
1786368319,bench_mixed,0.00,0.00,0.0,23.510,0.003,69.041,1.550,0.00
1786368324,bench_mixed,0.00,0.00,0.0,23.510,0.003,69.041,1.551,0.00
1786368329,bench_mixed,0.00,0.00,0.0,23.510,0.003,69.041,1.552,0.00
1786368334,bench_mixed,0.00,0.00,0.0,23.510,0.003,69.041,1.548,0.00
1786368339,bench_mixed,0.00,0.00,0.0,23.510,0.003,69.041,1.550,0.00
1786368344,bench_mixed,0.00,0.00,0.0,23.510,0.003,69.041,1.547,0.00
1786368350,bench_mixed,0.00,0.00,0.0,23.510,0.003,69.041,1.549,0.00
1786368355,bench_mixed,0.00,0.00,0.0,23.510,0.003,69.041,1.547,0.00
1786368360,bench_mixed,0.00,0.00,0.0,23.510,0.003,69.041,1.548,0.00
1786368365,bench_mixed,0.00,0.00,0.0,23.510,0.003,69.041,1.549,0.00
1786368370,bench_mixed,0.00,0.00,0.0,23.510,0.003,69.041,1.549,0.00
1786368375,bench_mixed,0.00,0.00,0.0,23.510,0.003,69.041,1.548,0.00
1786368380,bench_mixed,0.00,0.00,0.0,23.510,0.003,69.041,1.550,0.00
1786368385,bench_mixed,0.00,0.00,0.0,23.510,0.003,69.041,1.551,0.00
1786368390,bench_mixed,0.00,0.00,0.0,23.510,0.003,69.041,1.551,0.00
1786368395,bench_mixed,0.00,0.00,0.0,23.510,0.003,69.041,1.547,0.02
1786368400,bench_mixed,0.00,0.00,0.0,23.510,0.003,69.041,1.548,0.00
1786368405,bench_mixed,0.00,0.00,0.0,23.510,0.003,69.041,1.548,0.00
1786368410,bench_mixed,0.00,0.00,0.0,23.510,0.003,69.041,1.550,0.00
1786368415,bench_mixed,0.00,0.00,0.0,23.510,0.003,69.041,1.541,0.00
1786368420,bench_mixed,0.00,0.00,0.0,23.510,0.003,69.041,1.551,0.00
1786368425,bench_mixed,0.00,0.00,0.0,23.510,0.003,69.041,1.551,0.00
1786368430,bench_mixed,0.00,0.00,0.0,23.510,0.003,69.041,1.551,0.00
1786368435,bench_mixed,0.00,0.00,0.0,23.510,0.003,69.041,1.551,0.00
1786368441,bench_mixed,0.00,0.00,0.0,23.510,0.003,69.041,1.549,0.00
1786368446,bench_mixed,0.00,0.00,0.0,23.510,0.003,69.041,1.549,0.00
1786368451,bench_mixed,0.00,0.00,0.0,23.510,0.003,69.041,1.550,0.00
1786368456,bench_mixed,0.00,0.00,0.0,23.510,0.003,69.041,1.550,0.00
1786368461,bench_mixed,0.00,0.00,0.0,23.510,0.003,69.041,1.551,0.00
1786368466,bench_mixed,0.00,0.00,0.0,23.510,0.003,69.041,1.552,0.00
1786368471,bench_mixed,0.00,0.00,0.0,23.510,0.003,69.041,1.551,0.00
1786368476,bench_mixed,0.00,0.00,0.0,23.510,0.003,69.041,1.551,0.00
1786368481,bench_mixed,0.00,0.00,0.0,23.510,0.003,69.041,1.553,0.00
1786368486,bench_mixed,0.00,0.00,0.0,23.510,0.003,69.041,1.553,0.00
1786368491,bench_mixed,0.00,0.00,0.0,23.510,0.003,69.041,1.552,0.00
1786368496,bench_mixed,0.00,0.00,0.0,23.510,0.003,69.041,1.553,0.00
1786368501,bench_mixed,0.00,0.00,0.0,23.510,0.003,69.041,1.553,0.00
1786368506,bench_mixed,0.00,0.00,0.0,23.510,0.003,69.041,1.553,0.00
1786368511,bench_mixed,0.00,0.00,0.0,23.510,0.003,69.041,1.553,0.00
1786368516,bench_mixed,0.00,0.00,0.0,23.510,0.003,69.041,1.554,0.00
1786368521,bench_mixed,0.00,0.00,0.0,23.510,0.003,69.041,1.552,0.00
1786368526,bench_mixed,0.00,0.00,0.0,23.510,0.003,69.041,1.552,0.00
1786368531,bench_mixed,0.00,0.00,0.0,23.510,0.003,69.041,1.552,0.00
1786368537,bench_mixed,0.00,0.00,0.0,23.510,0.003,69.041,1.552,0.00
1786368542,bench_mixed,0.00,0.00,0.0,23.510,0.003,69.041,1.551,0.00
1786368547,bench_mixed,0.00,0.00,0.0,23.510,0.003,69.041,1.552,0.00
1786368552,bench_mixed,0.00,0.00,0.0,23.510,0.003,69.041,1.552,0.00
1786368557,bench_mixed,0.00,0.00,0.0,23.510,0.003,69.041,1.552,0.00
1786368562,bench_mixed,0.00,0.00,0.0,23.510,0.003,69.041,1.553,0.00
1786368567,bench_mixed,0.00,0.00,0.0,23.510,0.003,69.041,1.553,0.00
1786368572,bench_mixed,0.00,0.00,0.0,23.510,0.003,69.041,1.553,0.00
1786368577,bench_mixed,0.00,0.00,0.0,23.510,0.003,69.041,1.553,0.00
1786368582,bench_mixed,0.00,0.00,0.0,23.510,0.003,69.040,0.592,0.00
1786368587,bench_mixed,0.00,0.00,0.0,23.510,0.003,69.035,0.511,0.00
1786368592,bench_mixed,0.00,0.00,0.0,23.510,0.003,69.036,0.460,0.00
1786368597,bench_mixed,0.00,0.00,0.0,23.510,0.003,69.036,0.458,0.00
1786368602,bench_mixed,0.00,0.00,0.0,23.510,0.003,69.037,0.450,0.00
1786368607,bench_mixed,0.00,0.00,0.0,23.510,0.003,69.038,0.449,0.00
1786368612,bench_mixed,0.00,0.00,0.0,23.510,0.003,69.038,0.448,0.00
1786368618,bench_mixed,0.00,0.00,0.0,23.510,0.003,69.039,0.446,0.00
1786368623,bench_mixed,0.00,0.00,0.0,23.510,0.003,69.039,0.444,0.00
1786368628,bench_mixed,0.00,0.00,0.0,23.510,0.003,69.039,0.444,0.00
1786368633,bench_mixed,0.00,0.00,0.0,23.510,0.003,69.039,0.444,0.00
1786368638,bench_mixed,0.00,0.00,0.0,23.510,0.003,69.039,0.444,0.00
1786368643,bench_mixed,0.00,0.00,0.0,23.510,0.003,69.039,0.445,0.00
1786368648,bench_mixed,0.00,0.00,0.0,23.510,0.003,69.039,0.445,0.00
1786368653,bench_mixed,0.00,0.00,0.0,23.510,0.003,69.039,0.442,0.00
1786368658,bench_mixed,0.00,0.00,0.0,23.510,0.003,69.039,0.442,0.00
1786368663,bench_mixed,0.00,0.00,0.0,23.510,0.003,69.039,0.441,0.00
1786368668,bench_mixed,0.00,0.00,0.0,23.510,0.003,69.039,0.440,0.00
1786368673,bench_mixed,0.00,0.00,0.0,23.510,0.003,69.039,0.441,0.00
1786368678,bench_mixed,0.00,0.00,0.0,23.510,0.003,69.039,0.441,0.00
1786368683,bench_mixed,0.00,0.00,0.0,23.510,0.003,69.039,0.440,0.00
1786368688,bench_mixed,0.00,0.00,0.0,23.510,0.003,69.040,0.439,0.00
1786368693,bench_mixed,0.00,0.00,0.0,23.510,0.003,69.040,0.438,0.00
1786368698,bench_mixed,0.00,0.00,0.0,23.510,0.003,69.040,0.430,0.02
1786368703,bench_mixed,0.00,0.00,0.0,23.510,0.003,69.040,0.429,0.00
1786368708,bench_mixed,0.00,0.00,0.0,23.510,0.003,69.040,0.429,0.00
1786368714,bench_mixed,0.00,0.00,0.0,23.510,0.003,69.040,0.430,0.00
1786368719,bench_mixed,0.00,0.00,0.0,23.510,0.003,69.040,0.429,0.00
1786368724,bench_mixed,0.00,0.00,0.0,23.510,0.003,69.040,0.430,0.00
1786368729,bench_mixed,0.00,0.00,0.0,23.510,0.003,69.040,0.430,0.00
1786368734,bench_mixed,0.00,0.00,0.0,23.510,0.003,69.040,0.427,0.00
1786368739,bench_mixed,0.00,0.00,0.0,23.510,0.003,69.040,0.427,0.00
1786368744,bench_mixed,0.00,0.00,0.0,23.510,0.003,69.040,0.427,0.00
1786368749,bench_mixed,0.00,0.00,0.0,23.510,0.003,69.040,0.427,0.00
1786368754,bench_mixed,0.00,0.00,0.0,23.510,0.003,69.040,0.417,0.00
1786368759,bench_mixed,0.00,0.00,0.0,23.510,0.003,69.040,0.426,0.00
1786368764,bench_mixed,0.00,0.00,0.0,23.510,0.003,69.040,0.426,0.00
1786368769,bench_mixed,0.00,0.00,0.0,23.510,0.003,69.040,0.427,0.00
1786368774,bench_mixed,0.00,0.00,0.0,23.510,0.003,69.040,0.427,0.00
1786368779,bench_mixed,0.00,0.00,0.0,23.510,0.003,69.040,0.427,0.00
1786368784,bench_mixed,0.00,0.00,0.0,23.510,0.003,69.040,0.427,0.00
1786368789,bench_mixed,0.00,0.00,0.0,23.510,0.003,69.040,0.427,0.00
1786368794,bench_mixed,0.00,0.00,0.0,23.510,0.003,69.040,0.428,0.00
1786368799,bench_mixed,0.00,0.00,0.0,23.510,0.003,69.040,0.426,0.00
1786368805,bench_mixed,0.00,0.00,0.0,23.510,0.003,69.040,0.426,0.00
1786368810,bench_mixed,0.00,0.00,0.0,23.510,0.003,69.040,0.426,0.00
1786368815,bench_mixed,0.00,0.00,0.0,23.510,0.003,69.040,0.426,0.00
1786368820,bench_mixed,0.00,0.00,0.0,23.510,0.003,69.040,0.425,0.00
1786368825,bench_mixed,0.00,0.00,0.0,23.510,0.003,69.040,0.425,0.00
1786368830,bench_mixed,0.00,0.00,0.0,23.510,0.003,69.040,0.424,0.00
1786368835,bench_mixed,0.00,0.00,0.0,23.510,0.003,69.040,0.424,0.00
1786368840,bench_mixed,0.00,0.00,0.0,23.510,0.003,69.040,0.424,0.00
1786368845,bench_mixed,0.00,0.00,0.0,23.510,0.003,69.040,0.424,0.00
1786368850,bench_mixed,0.00,0.00,0.0,23.510,0.003,69.040,0.422,0.00
1786368855,bench_mixed,0.00,0.00,0.0,23.510,0.003,69.040,0.422,0.00
1786368860,bench_mixed,0.00,0.00,0.0,23.510,0.003,69.040,0.422,0.00
1786368865,bench_mixed,0.00,0.00,0.0,23.510,0.003,69.040,0.422,0.00
1786368870,bench_mixed,0.00,0.00,0.0,23.510,0.003,69.040,0.423,0.00
1786368875,bench_mixed,0.00,0.00,0.0,23.510,0.003,69.040,0.422,0.00
1786368880,bench_mixed,0.00,0.00,0.0,23.510,0.003,69.040,0.423,0.00
1786368885,bench_mixed,0.00,0.00,0.0,23.510,0.003,69.040,0.422,0.00
1786368890,bench_mixed,0.00,0.00,0.0,23.510,0.003,69.040,0.423,0.00
1786368895,bench_mixed,0.00,0.00,0.0,23.510,0.003,69.040,0.423,0.00
1786368901,bench_mixed,0.00,0.00,0.0,23.510,0.003,69.040,0.423,0.00
1786368906,bench_mixed,0.00,0.00,0.0,23.510,0.003,69.040,0.419,0.00
1786368911,bench_mixed,0.00,0.00,0.0,23.510,0.003,69.040,0.419,0.00
1786368916,bench_mixed,0.00,0.00,0.0,23.510,0.003,69.040,0.420,0.00
1786368921,bench_mixed,0.00,0.00,0.0,23.510,0.003,69.040,0.421,0.00
1786368926,bench_mixed,0.00,0.00,0.0,23.510,0.003,69.040,0.420,0.00
1786368931,bench_mixed,0.00,0.00,0.0,23.510,0.003,69.040,0.420,0.00
1786368936,bench_mixed,0.00,0.00,0.0,23.510,0.003,69.040,0.421,0.00
1786368941,bench_mixed,0.00,0.00,0.0,23.510,0.003,69.040,0.421,0.00
1786368946,bench_mixed,0.00,0.00,0.0,23.510,0.003,69.040,0.421,0.00
1786368951,bench_mixed,0.00,0.00,0.0,23.510,0.003,69.040,0.420,0.00
1786368956,bench_mixed,0.00,0.00,0.0,23.510,0.003,69.040,0.420,0.00
1786368961,bench_mixed,0.00,0.00,0.0,23.510,0.003,69.040,0.419,0.00
1786368966,bench_mixed,0.00,0.00,0.0,23.510,0.003,69.040,0.419,0.00
1786368971,bench_mixed,0.00,0.00,0.0,23.510,0.003,69.040,0.419,0.00
1786368976,bench_mixed,0.00,0.00,0.0,23.510,0.003,69.040,0.420,0.00
1786368981,bench_mixed,0.00,0.00,0.0,23.510,0.003,69.040,0.421,0.00
1786368986,bench_mixed,0.00,0.00,0.0,23.510,0.003,69.040,0.421,0.00
1786368992,bench_mixed,0.00,0.00,0.0,23.510,0.003,69.040,0.421,0.00
1786368997,bench_mixed,0.00,0.00,0.0,23.510,0.003,69.040,0.413,0.02
1786369002,bench_mixed,0.00,0.00,0.0,23.510,0.003,69.040,0.411,0.00
1786369007,bench_mixed,0.00,0.00,0.0,23.510,0.003,69.040,0.410,0.00
1786369012,bench_mixed,0.00,0.00,0.0,23.510,0.003,69.040,0.408,0.00
1786369017,bench_mixed,0.00,0.00,0.0,23.510,0.003,69.040,0.408,0.00
1786369022,bench_mixed,0.00,0.00,0.0,23.510,0.003,69.040,0.409,0.00
1786369027,bench_mixed,0.00,0.00,0.0,23.510,0.003,69.040,0.409,0.00
1786369032,bench_mixed,0.00,0.00,0.0,23.510,0.003,69.040,0.411,0.00
1786369037,bench_mixed,0.00,0.00,0.0,23.510,0.003,69.040,0.412,0.00
1786369042,bench_mixed,0.00,0.00,0.0,23.510,0.003,69.040,0.412,0.00
1786369047,bench_mixed,0.00,0.00,0.0,23.510,0.003,69.040,0.412,0.00
1786369052,bench_mixed,0.00,0.00,0.0,23.510,0.003,69.040,0.409,0.00
1786369057,bench_mixed,0.00,0.00,0.0,23.510,0.003,69.040,0.410,0.00
1786369062,bench_mixed,0.00,0.00,0.0,23.510,0.003,69.040,0.413,0.00
1786369067,bench_mixed,0.00,0.00,0.0,23.510,0.003,69.040,0.412,0.00
1786369072,bench_mixed,0.00,0.00,0.0,23.510,0.003,69.040,0.412,0.00
1786369077,bench_mixed,0.00,0.00,0.0,23.510,0.003,69.040,0.411,0.00
1786369082,bench_mixed,0.00,0.00,0.0,23.510,0.003,69.040,0.411,0.00
1786369088,bench_mixed,0.00,0.00,0.0,23.510,0.003,69.040,0.411,0.00
1786369093,bench_mixed,0.00,0.00,0.0,23.510,0.003,69.040,0.409,0.00
1786369098,bench_mixed,0.00,0.00,0.0,23.510,0.003,69.040,0.408,0.00
1786369103,bench_mixed,0.00,0.00,0.0,23.510,0.003,69.040,0.407,0.00
1786369108,bench_mixed,0.00,0.00,0.0,23.510,0.003,69.040,0.407,0.00
1786369113,bench_mixed,0.00,0.00,0.0,23.510,0.003,69.040,0.403,0.00
1786369118,bench_mixed,0.00,0.00,0.0,23.510,0.003,69.040,0.403,0.00
1786369123,bench_mixed,0.00,0.00,0.0,23.510,0.003,69.040,0.401,0.00
1786369128,bench_mixed,0.00,0.00,0.0,23.510,0.003,69.040,0.404,0.00
1786369133,bench_mixed,0.00,0.00,0.0,23.510,0.003,69.040,0.404,0.00
1786369138,bench_mixed,0.00,0.00,0.0,23.510,0.003,69.040,0.405,0.00
1786369143,bench_mixed,0.00,0.00,0.0,23.510,0.003,69.040,0.405,0.00
1786369148,bench_mixed,0.00,0.00,0.0,23.510,0.003,69.040,0.405,0.00
1786369153,bench_mixed,0.00,0.00,0.0,23.510,0.003,69.040,0.405,0.00
1786369158,bench_mixed,0.00,0.00,0.0,23.510,0.003,69.040,0.407,0.00
1786369163,bench_mixed,0.00,0.00,0.0,23.510,0.003,69.040,0.407,0.00
1786369168,bench_mixed,0.00,0.00,0.0,23.510,0.003,69.040,0.408,0.00
1786369173,bench_mixed,0.00,0.00,0.0,23.510,0.003,69.040,0.408,0.00
1786369178,bench_mixed,0.00,0.00,0.0,23.510,0.003,69.040,0.408,0.00
1786369184,bench_mixed,0.00,0.00,0.0,23.510,0.003,69.040,0.408,0.00
1786369189,bench_mixed,0.00,0.00,0.0,23.510,0.003,69.040,0.407,0.00
1786369194,bench_mixed,0.00,0.00,0.0,23.510,0.003,69.040,0.407,0.00
1786369199,bench_mixed,0.00,0.00,0.0,23.510,0.003,69.040,0.405,0.00
1786369204,bench_mixed,0.00,0.00,0.0,23.510,0.003,69.040,0.406,0.00
1786369209,bench_mixed,0.00,0.00,0.0,23.510,0.003,69.040,0.407,0.00
1786369214,bench_mixed,0.00,0.00,0.0,23.510,0.003,69.040,0.406,0.00
1786369219,bench_mixed,0.00,0.00,0.0,23.510,0.003,69.040,0.407,0.00
1786369224,bench_mixed,0.00,0.00,0.0,23.510,0.003,69.040,0.407,0.00
1786369229,bench_mixed,0.00,0.00,0.0,23.510,0.003,69.040,0.408,0.00
1786369234,bench_mixed,0.00,0.00,0.0,23.510,0.003,69.040,0.409,0.00
1786369239,bench_mixed,0.00,0.00,0.0,23.510,0.003,69.040,0.409,0.00
1786369244,bench_mixed,0.00,0.00,0.0,23.510,0.003,69.040,0.409,0.00
1786369249,bench_mixed,0.00,0.00,0.0,23.510,0.003,69.040,0.408,0.00
1786369254,bench_mixed,0.00,0.00,0.0,23.510,0.003,69.040,0.408,0.00
1786369259,bench_mixed,0.00,0.00,0.0,23.510,0.003,69.040,0.410,0.00
1786369264,bench_mixed,0.00,0.00,0.0,23.510,0.003,69.040,0.410,0.00
1786369269,bench_mixed,0.00,0.00,0.0,23.510,0.003,69.040,0.409,0.00
1786369275,bench_mixed,0.00,0.00,0.0,23.510,0.003,69.040,0.409,0.00
1786369280,bench_mixed,0.00,0.00,0.0,23.510,0.003,69.040,0.410,0.00
1786369285,bench_mixed,0.00,0.00,0.0,23.510,0.003,69.040,0.410,0.00
1786369290,bench_mixed,0.00,0.00,0.0,23.510,0.003,69.040,0.409,0.00
1786369295,bench_mixed,0.00,0.00,0.0,23.510,0.003,69.040,0.401,0.01
1786369300,bench_mixed,0.00,0.00,0.0,23.510,0.003,69.040,0.404,0.00
1786369305,bench_mixed,0.00,0.00,0.0,23.510,0.003,69.040,0.403,0.00
1786369310,bench_mixed,0.00,0.00,0.0,23.510,0.003,69.040,0.405,0.00
1786369315,bench_mixed,0.00,0.00,0.0,23.510,0.003,69.040,0.405,0.00
1786369320,bench_mixed,0.00,0.00,0.0,23.510,0.003,69.040,0.404,0.00
1786369325,bench_mixed,0.00,0.00,0.0,23.510,0.003,69.040,0.403,0.00
1786369330,bench_mixed,0.00,0.00,0.0,23.510,0.003,69.040,0.404,0.00
1786369335,bench_mixed,0.00,0.00,0.0,23.510,0.003,69.040,0.403,0.00
1786369340,bench_mixed,0.00,0.00,0.0,23.510,0.003,69.040,0.403,0.00
1786369345,bench_mixed,0.00,0.00,0.0,23.510,0.003,69.040,0.403,0.00
1786369350,bench_mixed,0.00,0.00,0.0,23.510,0.003,69.040,0.403,0.00
1786369355,bench_mixed,0.00,0.00,0.0,23.510,0.003,69.040,0.402,0.00
1786369360,bench_mixed,0.00,0.00,0.0,23.510,0.003,69.040,0.403,0.00
1786369365,bench_mixed,0.00,0.00,0.0,23.510,0.003,69.040,0.402,0.00
1786369371,bench_mixed,0.00,0.00,0.0,23.510,0.003,69.040,0.403,0.00
1786369376,bench_mixed,0.00,0.00,0.0,23.510,0.003,69.040,0.403,0.00
1786369381,bench_mixed,0.00,0.00,0.0,23.510,0.003,69.040,0.405,0.00
1786369386,bench_mixed,0.00,0.00,0.0,23.510,0.003,69.040,0.406,0.00
1786369391,bench_mixed,0.00,0.00,0.0,23.510,0.003,69.040,0.406,0.00
1786369396,bench_mixed,0.00,0.00,0.0,23.510,0.003,69.040,0.405,0.00
1786369401,bench_mixed,0.00,0.00,0.0,23.510,0.003,69.040,0.405,0.00
1786369406,bench_mixed,0.00,0.00,0.0,23.510,0.003,69.040,0.405,0.00
1786369411,bench_mixed,0.00,0.00,0.0,23.510,0.003,69.040,0.404,0.00
1786369416,bench_mixed,0.00,0.00,0.0,23.510,0.003,69.040,0.404,0.00
1786369421,bench_mixed,0.00,0.00,0.0,23.510,0.003,69.040,0.404,0.00
1786369426,bench_mixed,0.00,0.00,0.0,23.510,0.003,69.040,0.404,0.00
1786369431,bench_mixed,0.00,0.00,0.0,23.510,0.003,69.040,0.405,0.00
1786369436,bench_mixed,0.00,0.00,0.0,23.510,0.003,69.040,0.406,0.00
1786369441,bench_mixed,0.00,0.00,0.0,23.510,0.003,69.040,0.406,0.00
1786369446,bench_mixed,0.00,0.00,0.0,23.510,0.003,69.040,0.406,0.00
1786369451,bench_mixed,0.00,0.00,0.0,23.510,0.003,69.040,0.407,0.00
1786369456,bench_mixed,0.00,0.00,0.0,23.510,0.003,69.040,0.407,0.00
1786369462,bench_mixed,0.00,0.00,0.0,23.510,0.003,69.040,0.409,0.00
1786369467,bench_mixed,0.00,0.00,0.0,23.510,0.003,69.040,0.407,0.00
1786369472,bench_mixed,0.00,0.00,0.0,23.510,0.003,69.040,0.405,0.00
1786369477,bench_mixed,0.00,0.00,0.0,23.510,0.003,69.040,0.405,0.00
1786369482,bench_mixed,0.00,0.00,0.0,23.510,0.003,69.040,0.395,0.00
1786369487,bench_mixed,0.00,0.00,0.0,23.510,0.003,69.040,0.404,0.00
1786369492,bench_mixed,0.00,0.00,0.0,23.510,0.003,69.040,0.404,0.00
1786369497,bench_mixed,0.00,0.00,0.0,23.510,0.003,69.040,0.404,0.00
1786369502,bench_mixed,0.00,0.00,0.0,23.510,0.003,69.040,0.404,0.00
1786369507,bench_mixed,0.00,0.00,0.0,23.510,0.003,69.040,0.402,0.00
1786369512,bench_mixed,0.00,0.00,0.0,23.510,0.003,69.040,0.402,0.00
1786369517,bench_mixed,0.00,0.00,0.0,23.510,0.003,69.040,0.402,0.00
1786369522,bench_mixed,0.00,0.00,0.0,23.510,0.003,69.040,0.403,0.00
1786369527,bench_mixed,0.00,0.00,0.0,23.510,0.003,69.040,0.403,0.00
1786369532,bench_mixed,0.00,0.00,0.0,23.510,0.003,69.040,0.403,0.00
1786369537,bench_mixed,0.00,0.00,0.0,23.510,0.003,69.040,0.403,0.00
1786369542,bench_mixed,0.00,0.00,0.0,23.510,0.003,69.040,0.402,0.00
1786369547,bench_mixed,0.00,0.00,0.0,23.510,0.003,69.040,0.399,0.00
1786369552,bench_mixed,0.00,0.00,0.0,23.510,0.003,69.040,0.399,0.00
1786369558,bench_mixed,0.00,0.00,0.0,23.510,0.003,69.040,0.400,0.00
1786369563,bench_mixed,0.00,0.00,0.0,23.510,0.003,69.040,0.400,0.00
1786369568,bench_mixed,0.00,0.00,0.0,23.510,0.003,69.040,0.400,0.00
1786369573,bench_mixed,0.00,0.00,0.0,23.510,0.003,69.040,0.400,0.00
1786369578,bench_mixed,0.00,0.00,0.0,23.510,0.003,69.040,0.401,0.00
1786369583,bench_mixed,0.00,0.00,0.0,23.510,0.003,69.040,0.401,0.00
1786369588,bench_mixed,0.00,0.00,0.0,23.510,0.003,69.040,0.400,0.00
1786369593,bench_mixed,0.00,0.00,0.0,23.510,0.003,69.040,0.400,0.00
1786369598,bench_mixed,0.00,0.00,0.0,23.510,0.003,69.040,0.394,0.02
1786369603,bench_mixed,0.00,0.00,0.0,23.510,0.003,69.040,0.394,0.00
1786369608,bench_mixed,0.00,0.00,0.0,23.510,0.003,69.040,0.395,0.00
1786369613,bench_mixed,0.00,0.00,0.0,23.510,0.003,69.040,0.395,0.00
1786369618,bench_mixed,0.00,0.00,0.0,23.510,0.003,69.040,0.396,0.00
1786369623,bench_mixed,0.00,0.00,0.0,23.510,0.003,69.040,0.395,0.00
1786369628,bench_mixed,0.00,0.00,0.0,23.510,0.003,69.040,0.398,0.00
1786369633,bench_mixed,0.00,0.00,0.0,23.510,0.003,69.040,0.398,0.00
1786369638,bench_mixed,0.00,0.00,0.0,23.510,0.003,69.040,0.398,0.00
1786369643,bench_mixed,0.00,0.00,0.0,23.510,0.003,69.040,0.398,0.00
1786369648,bench_mixed,0.00,0.00,0.0,23.510,0.003,69.040,0.400,0.00
1786369654,bench_mixed,0.00,0.00,0.0,23.510,0.003,69.040,0.399,0.00
1786369659,bench_mixed,0.00,0.00,0.0,23.510,0.003,69.040,0.400,0.00
1786369664,bench_mixed,0.00,0.00,0.0,23.510,0.003,69.040,0.400,0.00
1786369669,bench_mixed,0.00,0.00,0.0,23.510,0.003,69.040,0.401,0.00
1786369674,bench_mixed,0.00,0.00,0.0,23.510,0.003,69.040,0.401,0.00
1786369679,bench_mixed,0.00,0.00,0.0,23.510,0.003,69.040,0.398,0.00
1786369684,bench_mixed,0.00,0.00,0.0,23.510,0.003,69.040,0.398,0.00
1786369689,bench_mixed,0.00,0.00,0.0,23.510,0.003,69.040,0.398,0.00
1786369694,bench_mixed,0.00,0.00,0.0,23.510,0.003,69.040,0.398,0.00
1786369699,bench_mixed,0.00,0.00,0.0,23.510,0.003,69.040,0.398,0.00
1786369704,bench_mixed,0.00,0.00,0.0,23.510,0.003,69.040,0.398,0.00
1786369709,bench_mixed,0.00,0.00,0.0,23.510,0.003,69.040,0.402,0.00
1786369714,bench_mixed,0.00,0.00,0.0,23.510,0.003,69.040,0.403,0.00
1786369719,bench_mixed,0.00,0.00,0.0,23.510,0.003,69.040,0.399,0.00
1786369724,bench_mixed,0.00,0.00,0.0,23.510,0.003,69.040,0.398,0.00
1786369729,bench_mixed,0.00,0.00,0.0,23.510,0.003,69.040,0.399,0.00
1786369734,bench_mixed,0.00,0.00,0.0,23.510,0.003,69.040,0.399,0.00
1786369739,bench_mixed,0.00,0.00,0.0,23.510,0.003,69.040,0.399,0.00
1786369745,bench_mixed,0.00,0.00,0.0,23.510,0.003,69.040,0.399,0.00
1786369750,bench_mixed,0.00,0.00,0.0,23.510,0.003,69.040,0.400,0.00
1786369755,bench_mixed,0.00,0.00,0.0,23.510,0.003,69.040,0.400,0.00
1786369760,bench_mixed,0.00,0.00,0.0,23.510,0.003,69.040,0.401,0.00
1786369765,bench_mixed,0.00,0.00,0.0,23.510,0.003,69.040,0.401,0.00
1786369770,bench_mixed,0.00,0.00,0.0,23.510,0.003,69.040,0.402,0.00
1786369775,bench_mixed,0.00,0.00,0.0,23.510,0.003,69.040,0.402,0.00
1786369780,bench_mixed,0.00,0.00,0.0,23.510,0.003,69.040,0.401,0.00
1786369785,bench_mixed,0.00,0.00,0.0,23.510,0.003,69.040,0.401,0.00
1786369790,bench_mixed,0.00,0.00,0.0,23.510,0.003,69.040,0.400,0.00
1786369795,bench_mixed,0.00,0.00,0.0,23.510,0.003,69.040,0.401,0.00
1786369800,bench_mixed,0.00,0.00,0.0,23.510,0.003,69.040,0.401,0.00
1786369805,bench_mixed,0.00,0.00,0.0,23.510,0.003,69.040,0.401,0.00
1786369810,bench_mixed,0.00,0.00,0.0,23.510,0.003,69.040,0.401,0.00
1786369815,bench_mixed,0.00,0.00,0.0,23.510,0.003,69.040,0.399,0.00
1786369820,bench_mixed,0.00,0.00,0.0,23.510,0.003,69.040,0.400,0.00
1786369825,bench_mixed,0.00,0.00,0.0,23.510,0.003,69.040,0.400,0.00
1786369830,bench_mixed,0.00,0.00,0.0,23.510,0.003,69.040,0.402,0.00
1786369835,bench_mixed,0.00,0.00,0.0,23.510,0.003,69.040,0.401,0.00
1786369841,bench_mixed,0.00,0.00,0.0,23.510,0.003,69.040,0.401,0.00
1786369846,bench_mixed,0.00,0.00,0.0,23.510,0.003,69.040,0.400,0.00
1786369851,bench_mixed,0.00,0.00,0.0,23.510,0.003,69.040,0.400,0.00
1786369856,bench_mixed,0.00,0.00,0.0,23.510,0.003,69.040,0.401,0.00
1786369861,bench_mixed,0.00,0.00,0.0,23.510,0.003,69.040,0.400,0.00
1786369866,bench_mixed,0.00,0.00,0.0,23.510,0.003,69.040,0.399,0.00
1786369871,bench_mixed,0.00,0.00,0.0,23.510,0.003,69.040,0.399,0.00
1786369876,bench_mixed,0.00,0.00,0.0,23.510,0.003,69.040,0.400,0.00
1786369881,bench_mixed,0.00,0.00,0.0,23.510,0.003,69.040,0.400,0.00
1786369886,bench_mixed,0.00,0.00,0.0,23.510,0.003,69.040,0.400,0.00
1786369891,bench_mixed,0.00,0.00,0.0,23.510,0.003,69.040,0.401,0.00
1786369896,bench_mixed,0.00,0.00,0.0,23.510,0.003,69.040,0.393,0.02
1786369901,bench_mixed,0.00,0.00,0.0,23.510,0.003,69.040,0.393,0.00
1786369906,bench_mixed,0.00,0.00,0.0,23.510,0.003,69.040,0.396,0.00
1786369911,bench_mixed,0.00,0.00,0.0,23.510,0.003,69.040,0.397,0.00
1786369916,bench_mixed,0.00,0.00,0.0,23.510,0.003,69.040,0.397,0.00
1786369921,bench_mixed,0.00,0.00,0.0,23.510,0.003,69.040,0.397,0.00
1786369926,bench_mixed,0.00,0.00,0.0,23.510,0.003,69.040,0.395,0.00
1786369931,bench_mixed,0.00,0.00,0.0,23.510,0.003,69.040,0.395,0.00
1786369937,bench_mixed,0.00,0.00,0.0,23.510,0.003,69.040,0.397,0.00
1786369942,bench_mixed,0.00,0.00,0.0,23.510,0.003,69.040,0.397,0.00
1786369947,bench_mixed,0.00,0.00,0.0,23.510,0.003,69.040,0.395,0.00
1786369952,bench_mixed,0.00,0.00,0.0,23.510,0.003,69.040,0.395,0.00
1786369957,bench_mixed,0.00,0.00,0.0,23.510,0.003,69.040,0.395,0.00
1786369962,bench_mixed,0.00,0.00,0.0,23.510,0.003,69.040,0.395,0.00
1786369967,bench_mixed,0.00,0.00,0.0,23.510,0.003,69.040,0.393,0.00
1786369972,bench_mixed,0.00,0.00,0.0,23.510,0.003,69.040,0.393,0.00
1786369977,bench_mixed,0.00,0.00,0.0,23.510,0.003,69.040,0.394,0.00
1786369982,bench_mixed,0.00,0.00,0.0,23.510,0.003,69.040,0.394,0.00
1786369987,bench_mixed,0.00,0.00,0.0,23.510,0.003,69.040,0.395,0.00
1786369992,bench_mixed,0.00,0.00,0.0,23.510,0.003,69.040,0.395,0.00
1786369997,bench_mixed,0.00,0.00,0.0,23.510,0.003,69.040,0.397,0.00
1786370002,bench_mixed,0.00,0.00,0.0,23.510,0.003,69.040,0.397,0.00
1786370007,bench_mixed,0.00,0.00,0.0,23.510,0.003,69.040,0.398,0.00
1786370012,bench_mixed,0.00,0.00,0.0,23.510,0.003,69.040,0.398,0.00
1786370017,bench_mixed,0.00,0.00,0.0,23.510,0.003,69.040,0.397,0.00
1786370022,bench_mixed,0.00,0.00,0.0,23.510,0.003,69.040,0.398,0.00
1786370028,bench_mixed,0.00,0.00,0.0,23.510,0.003,69.040,0.399,0.00
1786370033,bench_mixed,0.00,0.00,0.0,23.510,0.003,69.040,0.399,0.00
1786370038,bench_mixed,0.00,0.00,0.0,23.510,0.003,69.040,0.399,0.00
1786370043,bench_mixed,0.00,0.00,0.0,23.510,0.003,69.040,0.398,0.00
1786370048,bench_mixed,0.00,0.00,0.0,23.510,0.003,69.040,0.398,0.00
1786370053,bench_mixed,0.00,0.00,0.0,23.510,0.003,69.040,0.398,0.00
1786370058,bench_mixed,0.00,0.00,0.0,23.510,0.003,69.040,0.399,0.00
1786370063,bench_mixed,0.00,0.00,0.0,23.510,0.003,69.040,0.399,0.00
1786370068,bench_mixed,0.00,0.00,0.0,23.510,0.003,69.040,0.399,0.00
1786370073,bench_mixed,0.00,0.00,0.0,23.510,0.003,69.040,0.399,0.00
1786370078,bench_mixed,0.00,0.00,0.0,23.510,0.003,69.040,0.397,0.00
1786370083,bench_mixed,0.00,0.00,0.0,23.510,0.003,69.040,0.396,0.00
1786370088,bench_mixed,0.00,0.00,0.0,23.510,0.003,69.040,0.398,0.00
1786370093,bench_mixed,0.00,0.00,0.0,23.510,0.003,69.040,0.398,0.00
1786370098,bench_mixed,0.00,0.00,0.0,23.510,0.003,69.040,0.397,0.00
1786370103,bench_mixed,0.00,0.00,0.0,23.510,0.003,69.040,0.396,0.00
1786370108,bench_mixed,0.00,0.00,0.0,23.510,0.003,69.040,0.394,0.00
1786370113,bench_mixed,0.00,0.00,0.0,23.510,0.003,69.040,0.394,0.00
1786370118,bench_mixed,0.00,0.00,0.0,23.510,0.003,69.040,0.395,0.00
1786370124,bench_mixed,0.00,0.00,0.0,23.510,0.003,69.040,0.395,0.00
1786370129,bench_mixed,0.00,0.00,0.0,23.510,0.003,69.040,0.396,0.00
1786370134,bench_mixed,0.00,0.00,0.0,23.510,0.003,69.040,0.395,0.00
1786370139,bench_mixed,0.00,0.00,0.0,23.510,0.003,69.040,0.397,0.00
1786370144,bench_mixed,0.00,0.00,0.0,23.510,0.003,69.040,0.398,0.00
1786370149,bench_mixed,0.00,0.00,0.0,23.510,0.003,69.040,0.398,0.00
1786370154,bench_mixed,0.00,0.00,0.0,23.510,0.003,69.040,0.398,0.00
1786370159,bench_mixed,0.00,0.00,0.0,23.510,0.003,69.040,0.400,0.00
1786370164,bench_mixed,0.00,0.00,0.0,23.510,0.003,69.040,0.400,0.00
1786370169,bench_mixed,0.00,0.00,0.0,23.510,0.003,69.040,0.400,0.00
1786370174,bench_mixed,0.00,0.00,0.0,23.510,0.003,69.040,0.399,0.00
1786370179,bench_mixed,0.00,0.00,0.0,23.510,0.003,69.040,0.401,0.00
1786370184,bench_mixed,0.00,0.00,0.0,23.510,0.003,69.040,0.398,0.00
1786370189,bench_mixed,0.00,0.00,0.0,23.510,0.003,69.040,0.399,0.00
1786370194,bench_mixed,0.00,0.00,0.0,23.510,0.003,69.040,0.398,0.00
1786370199,bench_mixed,0.00,0.00,0.0,23.510,0.003,69.040,0.393,0.02
1786370204,bench_mixed,0.00,0.00,0.0,23.510,0.003,69.040,0.393,0.00
1786370209,bench_mixed,0.00,0.00,0.0,23.510,0.003,69.040,0.387,0.00
1786370214,bench_mixed,0.00,0.00,0.0,23.510,0.003,69.040,0.395,0.00
1786370220,bench_mixed,0.00,0.00,0.0,23.510,0.003,69.040,0.395,0.00
1786370225,bench_mixed,0.00,0.00,0.0,23.510,0.003,69.040,0.397,0.00
1786370230,bench_mixed,0.00,0.00,0.0,23.510,0.003,69.040,0.397,0.00
1786370235,bench_mixed,0.00,0.00,0.0,23.510,0.003,69.040,0.398,0.00
1786370240,bench_mixed,0.00,0.00,0.0,23.510,0.003,69.040,0.398,0.00
1786370245,bench_mixed,0.00,0.00,0.0,23.510,0.003,69.040,0.395,0.00
1786370250,bench_mixed,0.00,0.00,0.0,23.510,0.003,69.040,0.396,0.00
1786370255,bench_mixed,0.00,0.00,0.0,23.510,0.003,69.040,0.396,0.00
1786370260,bench_mixed,0.00,0.00,0.0,23.510,0.003,69.040,0.397,0.00
1786370265,bench_mixed,0.00,0.00,0.0,23.510,0.003,69.040,0.398,0.00
1786370270,bench_mixed,0.00,0.00,0.0,23.510,0.003,69.040,0.398,0.00
1786370275,bench_mixed,0.00,0.00,0.0,23.510,0.003,69.040,0.399,0.00
1786370280,bench_mixed,0.00,0.00,0.0,23.510,0.003,69.040,0.399,0.00
1786370285,bench_mixed,0.00,0.00,0.0,23.510,0.003,69.040,0.399,0.00
1786370290,bench_mixed,0.00,0.00,0.0,23.510,0.003,69.040,0.398,0.00
1786370295,bench_mixed,0.00,0.00,0.0,23.510,0.003,69.040,0.399,0.00
1786370300,bench_mixed,0.00,0.00,0.0,23.510,0.003,69.040,0.398,0.00
1786370305,bench_mixed,0.00,0.00,0.0,23.510,0.003,69.040,0.398,0.00
1786370311,bench_mixed,0.00,0.00,0.0,23.510,0.003,69.040,0.398,0.00
1786370316,bench_mixed,0.00,0.00,0.0,23.510,0.003,69.040,0.399,0.00
1786370321,bench_mixed,0.00,0.00,0.0,23.510,0.003,69.040,0.399,0.00
1786370326,bench_mixed,0.00,0.00,0.0,23.510,0.003,69.040,0.397,0.00
1786370331,bench_mixed,0.00,0.00,0.0,23.510,0.003,69.040,0.396,0.00
1786370336,bench_mixed,0.00,0.00,0.0,23.510,0.003,69.040,0.397,0.00
1786370341,bench_mixed,0.00,0.00,0.0,23.510,0.003,69.040,0.396,0.00
1786370346,bench_mixed,0.00,0.00,0.0,23.510,0.003,69.040,0.398,0.00
1786370351,bench_mixed,0.00,0.00,0.0,23.510,0.003,69.040,0.398,0.00
1786370356,bench_mixed,0.00,0.00,0.0,23.510,0.003,69.040,0.399,0.00
1786370361,bench_mixed,0.00,0.00,0.0,23.510,0.003,69.040,0.400,0.00
1786370366,bench_mixed,0.00,0.00,0.0,23.510,0.003,69.040,0.397,0.00
1786370371,bench_mixed,0.00,0.00,0.0,23.510,0.003,69.040,0.397,0.00
1786370376,bench_mixed,0.00,0.00,0.0,23.510,0.003,69.040,0.396,0.00
1786370381,bench_mixed,0.00,0.00,0.0,23.510,0.003,69.040,0.397,0.00
1786370386,bench_mixed,0.00,0.00,0.0,23.510,0.003,69.040,0.396,0.00
1786370391,bench_mixed,0.00,0.00,0.0,23.510,0.003,69.040,0.396,0.00
1786370396,bench_mixed,0.00,0.00,0.0,23.510,0.003,69.040,0.396,0.00
1786370401,bench_mixed,0.00,0.00,0.0,23.510,0.003,69.040,0.396,0.00
1786370407,bench_mixed,0.00,0.00,0.0,23.510,0.003,69.040,0.396,0.00
1786370412,bench_mixed,0.00,0.00,0.0,23.510,0.003,69.040,0.396,0.00
1786370417,bench_mixed,0.00,0.00,0.0,23.510,0.003,69.040,0.396,0.00
1786370422,bench_mixed,0.00,0.00,0.0,23.510,0.003,69.040,0.396,0.00
1786370427,bench_mixed,0.00,0.00,0.0,23.510,0.003,69.040,0.397,0.00
1786370432,bench_mixed,0.00,0.00,0.0,23.510,0.003,69.040,0.397,0.00
1786370437,bench_mixed,0.00,0.00,0.0,23.510,0.003,69.040,0.397,0.00
1786370442,bench_mixed,0.00,0.00,0.0,23.510,0.003,69.040,0.397,0.00
1786370447,bench_mixed,0.00,0.00,0.0,23.510,0.003,69.040,0.394,0.00
1786370452,bench_mixed,0.00,0.00,0.0,23.510,0.003,69.040,0.392,0.00
1786370457,bench_mixed,0.00,0.00,0.0,23.510,0.003,69.040,0.394,0.00
1786370462,bench_mixed,0.00,0.00,0.0,23.510,0.003,69.040,0.394,0.00
1786370467,bench_mixed,0.00,0.00,0.0,23.510,0.003,69.040,0.395,0.00
1786370472,bench_mixed,0.00,0.00,0.0,23.510,0.003,69.040,0.393,0.00
1786370477,bench_mixed,0.00,0.00,0.0,23.510,0.003,69.040,0.394,0.00
1786370482,bench_mixed,0.00,0.00,0.0,23.510,0.003,69.040,0.393,0.00
1786370487,bench_mixed,0.00,0.00,0.0,23.510,0.003,69.040,0.393,0.00
1786370492,bench_mixed,0.00,0.00,0.0,23.510,0.003,69.040,0.392,0.00
1786370497,bench_mixed,0.00,0.00,0.0,23.510,0.003,69.040,0.383,0.02
1786370503,bench_mixed,0.00,0.00,0.0,23.510,0.003,69.040,0.383,0.00
1786370508,bench_mixed,0.00,0.00,0.0,23.510,0.003,69.040,0.381,0.00
1786370513,bench_mixed,0.00,0.00,0.0,23.510,0.003,69.040,0.382,0.00
1786370518,bench_mixed,0.00,0.00,0.0,23.510,0.003,69.040,0.381,0.00
1786370523,bench_mixed,0.00,0.00,0.0,23.510,0.003,69.040,0.382,0.00
1786370528,bench_mixed,0.00,0.00,0.0,23.510,0.003,69.040,0.382,0.00
1786370533,bench_mixed,0.00,0.00,0.0,23.510,0.003,69.040,0.383,0.00
1786370538,bench_mixed,0.00,0.00,0.0,23.510,0.003,69.040,0.384,0.00
1786370543,bench_mixed,0.00,0.00,0.0,23.510,0.003,69.040,0.384,0.00
1786370548,bench_mixed,0.00,0.00,0.0,23.510,0.003,69.040,0.386,0.00
1786370553,bench_mixed,0.00,0.00,0.0,23.510,0.003,69.040,0.385,0.00
1786370558,bench_mixed,0.00,0.00,0.0,23.510,0.003,69.040,0.385,0.00
1786370563,bench_mixed,0.00,0.00,0.0,23.510,0.003,69.040,0.384,0.00
1786370568,bench_mixed,0.00,0.00,0.0,23.510,0.003,69.040,0.385,0.00
1786370573,bench_mixed,0.00,0.00,0.0,23.510,0.003,69.040,0.384,0.00
1786370578,bench_mixed,0.00,0.00,0.0,23.510,0.003,69.040,0.384,0.00
1786370583,bench_mixed,0.00,0.00,0.0,23.510,0.003,69.040,0.384,0.00
1786370588,bench_mixed,0.00,0.00,0.0,23.510,0.003,69.040,0.384,0.00
1786370594,bench_mixed,0.00,0.00,0.0,23.510,0.003,69.040,0.383,0.00
1786370599,bench_mixed,0.00,0.00,0.0,23.510,0.003,69.040,0.383,0.00
1786370604,bench_mixed,0.00,0.00,0.0,23.510,0.003,69.040,0.381,0.00
1786370609,bench_mixed,0.00,0.00,0.0,23.510,0.003,69.040,0.381,0.00
1786370614,bench_mixed,0.00,0.00,0.0,23.510,0.003,69.040,0.377,0.00
1786370619,bench_mixed,0.00,0.00,0.0,23.510,0.003,69.040,0.377,0.00
1786370624,bench_mixed,0.00,0.00,0.0,23.510,0.003,69.040,0.380,0.00
1786370629,bench_mixed,0.00,0.00,0.0,23.510,0.003,69.040,0.382,0.00
1786370634,bench_mixed,0.00,0.00,0.0,23.510,0.003,69.040,0.380,0.00
1786370639,bench_mixed,0.00,0.00,0.0,23.510,0.003,69.040,0.380,0.00
1786370644,bench_mixed,0.00,0.00,0.0,23.510,0.003,69.040,0.382,0.00
1786370649,bench_mixed,0.00,0.00,0.0,23.510,0.003,69.040,0.383,0.00
1786370654,bench_mixed,0.00,0.00,0.0,23.510,0.003,69.040,0.385,0.00
1786370659,bench_mixed,0.00,0.00,0.0,23.510,0.003,69.040,0.385,0.00
1786370664,bench_mixed,0.00,0.00,0.0,23.510,0.003,69.040,0.383,0.00
1786370669,bench_mixed,0.00,0.00,0.0,23.510,0.003,69.040,0.384,0.00
1786370674,bench_mixed,0.00,0.00,0.0,23.510,0.003,69.040,0.385,0.00
1786370679,bench_mixed,0.00,0.00,0.0,23.510,0.003,69.040,0.385,0.00
1786370684,bench_mixed,0.00,0.00,0.0,23.510,0.003,69.040,0.385,0.00
1786370690,bench_mixed,0.00,0.00,0.0,23.510,0.003,69.040,0.385,0.00
1786370695,bench_mixed,0.00,0.00,0.0,23.510,0.003,69.040,0.385,0.00
1786370700,bench_mixed,0.00,0.00,0.0,23.510,0.003,69.040,0.385,0.00
1786370705,bench_mixed,0.00,0.00,0.0,23.510,0.003,69.040,0.385,0.00
1786370710,bench_mixed,0.00,0.00,0.0,23.510,0.003,69.040,0.386,0.00
1786370715,bench_mixed,0.00,0.00,0.0,23.510,0.003,69.040,0.386,0.00
1786370720,bench_mixed,0.00,0.00,0.0,23.510,0.003,69.040,0.386,0.00
1786370725,bench_mixed,0.00,0.00,0.0,23.510,0.003,69.040,0.384,0.00
1786370730,bench_mixed,0.00,0.00,0.0,23.510,0.003,69.040,0.384,0.00
1786370735,bench_mixed,0.00,0.00,0.0,23.510,0.003,69.040,0.385,0.00
1786370740,bench_mixed,0.00,0.00,0.0,23.510,0.003,69.040,0.385,0.00
1786370745,bench_mixed,0.00,0.00,0.0,23.510,0.003,69.040,0.385,0.00
1786370750,bench_mixed,0.00,0.00,0.0,23.510,0.003,69.040,0.385,0.00
1786370755,bench_mixed,0.00,0.00,0.0,23.510,0.003,69.040,0.386,0.00
1786370760,bench_mixed,0.00,0.00,0.0,23.510,0.003,69.040,0.386,0.00
1786370765,bench_mixed,0.00,0.00,0.0,23.510,0.003,69.040,0.386,0.00
1786370770,bench_mixed,0.00,0.00,0.0,23.510,0.003,69.040,0.386,0.00
1786370775,bench_mixed,0.00,0.00,0.0,23.510,0.003,69.040,0.387,0.00
1786370781,bench_mixed,0.00,0.00,0.0,23.510,0.003,69.040,0.387,0.00
1786370786,bench_mixed,0.00,0.00,0.0,23.510,0.003,69.040,0.388,0.00
1786370791,bench_mixed,0.00,0.00,0.0,23.510,0.003,69.040,0.388,0.00
1786370796,bench_mixed,0.00,0.00,0.0,23.510,0.003,69.040,0.382,0.02
1786370801,bench_mixed,0.00,0.00,0.0,23.510,0.003,69.040,0.382,0.00
1786370806,bench_mixed,0.00,0.00,0.0,23.510,0.003,69.040,0.385,0.00
1786370811,bench_mixed,0.00,0.00,0.0,23.510,0.003,69.040,0.385,0.00
1786370816,bench_mixed,0.00,0.00,0.0,23.510,0.003,69.040,0.386,0.00
1786370821,bench_mixed,0.00,0.00,0.0,23.510,0.003,69.040,0.387,0.00
1786370826,bench_mixed,0.00,0.00,0.0,23.510,0.003,69.040,0.387,0.00
1786370831,bench_mixed,0.00,0.00,0.0,23.510,0.003,69.040,0.387,0.00
1786370836,bench_mixed,0.00,0.00,0.0,23.510,0.003,69.040,0.387,0.00
1786370841,bench_mixed,0.00,0.00,0.0,23.510,0.003,69.040,0.387,0.00
1786370846,bench_mixed,0.00,0.00,0.0,23.510,0.003,69.040,0.389,0.00
1786370851,bench_mixed,0.00,0.00,0.0,23.510,0.003,69.040,0.389,0.00
1786370856,bench_mixed,0.00,0.00,0.0,23.510,0.003,69.040,0.388,0.00
1786370861,bench_mixed,0.00,0.00,0.0,23.510,0.003,69.040,0.387,0.00
1786370866,bench_mixed,0.00,0.00,0.0,23.510,0.003,69.040,0.387,0.00
1786370871,bench_mixed,0.00,0.00,0.0,23.510,0.003,69.040,0.387,0.00
1786370877,bench_mixed,0.00,0.00,0.0,23.510,0.003,69.040,0.389,0.00
1786370882,bench_mixed,0.00,0.00,0.0,23.510,0.003,69.040,0.390,0.00
1786370887,bench_mixed,0.00,0.00,0.0,23.510,0.003,69.040,0.390,0.00
1786370892,bench_mixed,0.00,0.00,0.0,23.510,0.003,69.040,0.390,0.00
1786370897,bench_mixed,0.00,0.00,0.0,23.510,0.003,69.040,0.390,0.00
1786370902,bench_mixed,0.00,0.00,0.0,23.510,0.003,69.040,0.390,0.00
1786370907,bench_mixed,0.00,0.00,0.0,23.510,0.003,69.040,0.388,0.00
1786370912,bench_mixed,0.00,0.00,0.0,23.510,0.003,69.040,0.389,0.00
1786370917,bench_mixed,0.00,0.00,0.0,23.510,0.003,69.040,0.387,0.00
1786370922,bench_mixed,0.00,0.00,0.0,23.510,0.003,69.040,0.386,0.00
1786370927,bench_mixed,0.00,0.00,0.0,23.510,0.003,69.040,0.389,0.00
1786370932,bench_mixed,0.00,0.00,0.0,23.510,0.003,69.040,0.388,0.00
1786370937,bench_mixed,0.00,0.00,0.0,23.510,0.003,69.040,0.382,0.00
1786370942,bench_mixed,0.00,0.00,0.0,23.510,0.003,69.040,0.388,0.00
1786370947,bench_mixed,0.00,0.00,0.0,23.510,0.003,69.040,0.388,0.00
1786370952,bench_mixed,0.00,0.00,0.0,23.510,0.003,69.040,0.386,0.00
1786370957,bench_mixed,0.00,0.00,0.0,23.510,0.003,69.040,0.386,0.00
1786370962,bench_mixed,0.00,0.00,0.0,23.510,0.003,69.040,0.387,0.00
1786370967,bench_mixed,0.00,0.00,0.0,23.510,0.003,69.040,0.387,0.00
1786370973,bench_mixed,0.00,0.00,0.0,23.510,0.003,69.040,0.389,0.00
1786370978,bench_mixed,0.00,0.00,0.0,23.510,0.003,69.040,0.389,0.00
1786370983,bench_mixed,0.00,0.00,0.0,23.510,0.003,69.040,0.388,0.00
1786370988,bench_mixed,0.00,0.00,0.0,23.510,0.003,69.040,0.388,0.00
1786370993,bench_mixed,0.00,0.00,0.0,23.510,0.003,69.040,0.385,0.00
1786370998,bench_mixed,0.00,0.00,0.0,23.510,0.003,69.040,0.385,0.00
1786371003,bench_mixed,0.00,0.00,0.0,23.510,0.003,69.040,0.386,0.00
1786371008,bench_mixed,0.00,0.00,0.0,23.510,0.003,69.040,0.387,0.00
1786371013,bench_mixed,0.00,0.00,0.0,23.510,0.003,69.040,0.389,0.00
1786371018,bench_mixed,0.00,0.00,0.0,23.510,0.003,69.040,0.388,0.00
1786371023,bench_mixed,0.00,0.00,0.0,23.510,0.003,69.040,0.388,0.00
1786371028,bench_mixed,0.00,0.00,0.0,23.510,0.003,69.040,0.389,0.00
1786371033,bench_mixed,0.00,0.00,0.0,23.510,0.003,69.040,0.389,0.00
1786371038,bench_mixed,0.00,0.00,0.0,23.510,0.003,69.040,0.389,0.00
1786371043,bench_mixed,0.00,0.00,0.0,23.510,0.003,69.040,0.390,0.00
1786371048,bench_mixed,0.00,0.00,0.0,23.510,0.003,69.040,0.390,0.00
1786371053,bench_mixed,0.00,0.00,0.0,23.510,0.003,69.040,0.390,0.00
1786371058,bench_mixed,0.00,0.00,0.0,23.510,0.003,69.040,0.390,0.00
1786371064,bench_mixed,0.00,0.00,0.0,23.510,0.003,69.040,0.391,0.00
1786371069,bench_mixed,0.00,0.00,0.0,23.510,0.003,69.040,0.391,0.00
1786371074,bench_mixed,0.00,0.00,0.0,23.510,0.003,69.040,0.391,0.00
1786371079,bench_mixed,0.00,0.00,0.0,23.510,0.003,69.040,0.391,0.00
1786371084,bench_mixed,0.00,0.00,0.0,23.510,0.003,69.040,0.390,0.00
1786371089,bench_mixed,0.00,0.00,0.0,23.510,0.003,69.040,0.391,0.00
1786371094,bench_mixed,0.00,0.00,0.0,23.510,0.003,69.040,0.389,0.00
1786371099,bench_mixed,0.00,0.00,0.0,23.510,0.003,69.040,0.382,0.02
1786371104,bench_mixed,0.00,0.00,0.0,23.510,0.003,69.040,0.382,0.00
1786371109,bench_mixed,0.00,0.00,0.0,23.510,0.003,69.040,0.383,0.00
1786371114,bench_mixed,0.00,0.00,0.0,23.510,0.003,69.040,0.381,0.00
1786371119,bench_mixed,0.00,0.00,0.0,23.510,0.003,69.040,0.381,0.00
1786371124,bench_mixed,0.00,0.00,0.0,23.510,0.003,69.040,0.382,0.00
1786371129,bench_mixed,0.00,0.00,0.0,23.510,0.003,69.040,0.382,0.00
1786371134,bench_mixed,0.00,0.00,0.0,23.510,0.003,69.040,0.383,0.00
1786371139,bench_mixed,0.00,0.00,0.0,23.510,0.003,69.040,0.384,0.00
1786371144,bench_mixed,0.00,0.00,0.0,23.510,0.003,69.040,0.384,0.00
1786371149,bench_mixed,0.00,0.00,0.0,23.510,0.003,69.040,0.385,0.00
1786371154,bench_mixed,0.00,0.00,0.0,23.510,0.003,69.040,0.382,0.00
1786371160,bench_mixed,0.00,0.00,0.0,23.510,0.003,69.040,0.382,0.00
1786371165,bench_mixed,0.00,0.00,0.0,23.510,0.003,69.040,0.383,0.00
1786371170,bench_mixed,0.00,0.00,0.0,23.510,0.003,69.040,0.384,0.00
1786371175,bench_mixed,0.00,0.00,0.0,23.510,0.003,69.040,0.383,0.00
1786371180,bench_mixed,0.00,0.00,0.0,23.510,0.003,69.040,0.383,0.00
1786371185,bench_mixed,0.00,0.00,0.0,23.510,0.003,69.040,0.382,0.00
1786371190,bench_mixed,0.00,0.00,0.0,23.510,0.003,69.040,0.382,0.00
1786371195,bench_mixed,0.00,0.00,0.0,23.510,0.003,69.040,0.381,0.00
1786371200,bench_mixed,0.00,0.00,0.0,23.510,0.003,69.040,0.382,0.00
1786371205,bench_mixed,0.00,0.00,0.0,23.510,0.003,69.040,0.378,0.00
1786371210,bench_mixed,0.00,0.00,0.0,23.510,0.003,69.040,0.377,0.00
1786371215,bench_mixed,0.00,0.00,0.0,23.510,0.003,69.040,0.376,0.00
1786371220,bench_mixed,0.00,0.00,0.0,23.510,0.003,69.040,0.377,0.00
1786371225,bench_mixed,0.00,0.00,0.0,23.510,0.003,69.040,0.378,0.00
1786371230,bench_mixed,0.00,0.00,0.0,23.510,0.003,69.040,0.380,0.00
1786371235,bench_mixed,0.00,0.00,0.0,23.510,0.003,69.040,0.378,0.00
1786371240,bench_mixed,0.00,0.00,0.0,23.510,0.003,69.040,0.380,0.00
1786371245,bench_mixed,0.00,0.00,0.0,23.510,0.003,69.040,0.378,0.00
1786371250,bench_mixed,0.00,0.00,0.0,23.510,0.003,69.040,0.379,0.00
1786371256,bench_mixed,0.00,0.00,0.0,23.510,0.003,69.040,0.378,0.00
1786371261,bench_mixed,0.00,0.00,0.0,23.510,0.003,69.040,0.378,0.00
1786371266,bench_mixed,0.00,0.00,0.0,23.510,0.003,69.040,0.383,0.00
1786371271,bench_mixed,0.00,0.00,0.0,23.510,0.003,69.040,0.384,0.00
1786371276,bench_mixed,0.00,0.00,0.0,23.510,0.003,69.040,0.386,0.00
1786371281,bench_mixed,0.00,0.00,0.0,23.510,0.003,69.040,0.386,0.00
1786371286,bench_mixed,0.00,0.00,0.0,23.510,0.003,69.040,0.388,0.00
1786371291,bench_mixed,0.00,0.00,0.0,23.510,0.003,69.040,0.388,0.00
1786371296,bench_mixed,0.00,0.00,0.0,23.510,0.003,69.040,0.379,0.00
1786371301,bench_mixed,0.00,0.00,0.0,23.510,0.003,69.040,0.389,0.00
1786371306,bench_mixed,0.00,0.00,0.0,23.510,0.003,69.040,0.388,0.00
1786371311,bench_mixed,0.00,0.00,0.0,23.510,0.003,69.040,0.387,0.00
1786371316,bench_mixed,0.00,0.00,0.0,23.510,0.003,69.040,0.387,0.00
1786371321,bench_mixed,0.00,0.00,0.0,23.510,0.003,69.040,0.387,0.00
1786371326,bench_mixed,0.00,0.00,0.0,23.510,0.003,69.040,0.387,0.00
1786371331,bench_mixed,0.00,0.00,0.0,23.510,0.003,69.040,0.388,0.00
1786371336,bench_mixed,0.00,0.00,0.0,23.510,0.003,69.040,0.388,0.00
1786371341,bench_mixed,0.00,0.00,0.0,23.510,0.003,69.040,0.389,0.00
1786371347,bench_mixed,0.00,0.00,0.0,23.510,0.003,69.040,0.389,0.00
1786371352,bench_mixed,0.00,0.00,0.0,23.510,0.003,69.040,0.387,0.00
1786371357,bench_mixed,0.00,0.00,0.0,23.510,0.003,69.040,0.388,0.00
1786371362,bench_mixed,0.00,0.00,0.0,23.510,0.003,69.040,0.389,0.00
1786371367,bench_mixed,0.00,0.00,0.0,23.510,0.003,69.040,0.391,0.00
1786371372,bench_mixed,0.00,0.00,0.0,23.510,0.003,69.040,0.391,0.00
1786371377,bench_mixed,0.00,0.00,0.0,23.510,0.003,69.040,0.391,0.00
1786371382,bench_mixed,0.00,0.00,0.0,23.510,0.003,69.040,0.390,0.00
1786371387,bench_mixed,0.00,0.00,0.0,23.510,0.003,69.040,0.391,0.00
1786371392,bench_mixed,0.00,0.00,0.0,23.510,0.003,69.040,0.390,0.00
1786371397,bench_mixed,0.00,0.00,0.0,23.510,0.003,69.040,0.382,0.02
1786371402,bench_mixed,0.00,0.00,0.0,23.510,0.003,69.040,0.379,0.00
1786371407,bench_mixed,0.00,0.00,0.0,23.510,0.003,69.040,0.379,0.00
1786371412,bench_mixed,0.00,0.00,0.0,23.510,0.003,69.040,0.377,0.00
1786371417,bench_mixed,0.00,0.00,0.0,23.510,0.003,69.040,0.378,0.00
1786371422,bench_mixed,0.00,0.00,0.0,23.510,0.003,69.040,0.376,0.00
1786371427,bench_mixed,0.00,0.00,0.0,23.510,0.003,69.040,0.376,0.00
1786371432,bench_mixed,0.00,0.00,0.0,23.510,0.003,69.040,0.379,0.00
1786371437,bench_mixed,0.00,0.00,0.0,23.510,0.003,69.040,0.379,0.00
1786371443,bench_mixed,0.00,0.00,0.0,23.510,0.003,69.040,0.376,0.00
1786371448,bench_mixed,0.00,0.00,0.0,23.510,0.003,69.040,0.377,0.00
1786371453,bench_mixed,0.00,0.00,0.0,23.510,0.003,69.040,0.377,0.00
1786371458,bench_mixed,0.00,0.00,0.0,23.510,0.003,69.040,0.378,0.00
1786371463,bench_mixed,0.00,0.00,0.0,23.510,0.003,69.040,0.380,0.00
1786371468,bench_mixed,0.00,0.00,0.0,23.510,0.003,69.040,0.381,0.00
1786371473,bench_mixed,0.00,0.00,0.0,23.510,0.003,69.040,0.385,0.00
1786371478,bench_mixed,0.00,0.00,0.0,23.510,0.003,69.040,0.385,0.00
1786371483,bench_mixed,0.00,0.00,0.0,23.510,0.003,69.040,0.385,0.00
1786371488,bench_mixed,0.00,0.00,0.0,23.510,0.003,69.040,0.386,0.00
1786371493,bench_mixed,0.00,0.00,0.0,23.510,0.003,69.040,0.385,0.00
1786371498,bench_mixed,0.00,0.00,0.0,23.510,0.003,69.040,0.386,0.00
1786371503,bench_mixed,0.00,0.00,0.0,23.510,0.003,69.040,0.387,0.00
1786371508,bench_mixed,0.00,0.00,0.0,23.510,0.003,69.040,0.387,0.00
1786371513,bench_mixed,0.00,0.00,0.0,23.510,0.003,69.040,0.386,0.00
1786371518,bench_mixed,0.00,0.00,0.0,23.510,0.003,69.040,0.387,0.00
1786371523,bench_mixed,0.00,0.00,0.0,23.510,0.003,69.040,0.387,0.00
1786371528,bench_mixed,0.00,0.00,0.0,23.510,0.003,69.040,0.387,0.00
1786371533,bench_mixed,0.00,0.00,0.0,23.510,0.003,69.040,0.385,0.00
1786371539,bench_mixed,0.00,0.00,0.0,23.510,0.003,69.040,0.385,0.00
1786371544,bench_mixed,0.00,0.00,0.0,23.510,0.003,69.040,0.386,0.00
1786371549,bench_mixed,0.00,0.00,0.0,23.510,0.003,69.040,0.386,0.00
1786371554,bench_mixed,0.00,0.00,0.0,23.510,0.003,69.040,0.386,0.00
1786371559,bench_mixed,0.00,0.00,0.0,23.510,0.003,69.040,0.385,0.00
1786371564,bench_mixed,0.00,0.00,0.0,23.510,0.003,69.040,0.385,0.00
1786371569,bench_mixed,0.00,0.00,0.0,23.510,0.003,69.040,0.385,0.00
1786371574,bench_mixed,0.00,0.00,0.0,23.510,0.003,69.040,0.385,0.00
1786371579,bench_mixed,0.00,0.00,0.0,23.510,0.003,69.040,0.385,0.00
1786371584,bench_mixed,0.00,0.00,0.0,23.510,0.003,69.040,0.384,0.00
1786371589,bench_mixed,0.00,0.00,0.0,23.510,0.003,69.040,0.384,0.00
1786371594,bench_mixed,0.00,0.00,0.0,23.510,0.003,69.040,0.383,0.00
1786371599,bench_mixed,0.00,0.00,0.0,23.510,0.003,69.040,0.383,0.00
1786371604,bench_mixed,0.00,0.00,0.0,23.510,0.003,69.040,0.382,0.00
1786371609,bench_mixed,0.00,0.00,0.0,23.510,0.003,69.040,0.383,0.00
1786371614,bench_mixed,0.00,0.00,0.0,23.510,0.003,69.040,0.378,0.00
1786371619,bench_mixed,0.00,0.00,0.0,23.510,0.003,69.040,0.379,0.00
1786371624,bench_mixed,0.00,0.00,0.0,23.510,0.003,69.040,0.379,0.00
1786371630,bench_mixed,0.00,0.00,0.0,23.510,0.003,69.040,0.377,0.00
1786371635,bench_mixed,0.00,0.00,0.0,23.510,0.003,69.040,0.378,0.00
1786371640,bench_mixed,0.00,0.00,0.0,23.510,0.003,69.040,0.379,0.00
1786371645,bench_mixed,0.00,0.00,0.0,23.510,0.003,69.040,0.377,0.00
1786371650,bench_mixed,0.00,0.00,0.0,23.510,0.003,69.040,0.379,0.00
1786371655,bench_mixed,0.00,0.00,0.0,23.510,0.003,69.040,0.381,0.00
1786371660,bench_mixed,0.00,0.00,0.0,23.510,0.003,69.040,0.380,0.00
1786371665,bench_mixed,0.00,0.00,0.0,23.510,0.003,69.040,0.381,0.00
1786371670,bench_mixed,0.00,0.00,0.0,23.510,0.003,69.040,0.381,0.00
1786371675,bench_mixed,0.00,0.00,0.0,23.510,0.003,69.040,0.381,0.00
1786371680,bench_mixed,0.00,0.00,0.0,23.510,0.003,69.040,0.381,0.00
1786371685,bench_mixed,0.00,0.00,0.0,23.510,0.003,69.040,0.381,0.00
1786371690,bench_mixed,0.00,0.00,0.0,23.510,0.003,69.040,0.378,0.00
1786371695,bench_mixed,0.00,0.00,0.0,23.510,0.003,69.040,0.375,0.01
1786371700,bench_mixed,0.00,0.00,0.0,23.510,0.003,69.040,0.373,0.00
1786371705,bench_mixed,0.00,0.00,0.0,23.510,0.003,69.040,0.374,0.00
1786371710,bench_mixed,0.00,0.00,0.0,23.510,0.003,69.040,0.377,0.00
1786371715,bench_mixed,0.00,0.00,0.0,23.510,0.003,69.040,0.377,0.00
1786371720,bench_mixed,0.00,0.00,0.0,23.510,0.003,69.040,0.375,0.00
1786371726,bench_mixed,0.00,0.00,0.0,23.510,0.003,69.040,0.376,0.00
1786371731,bench_mixed,0.00,0.00,0.0,23.510,0.003,69.040,0.377,0.00
1786371736,bench_mixed,0.00,0.00,0.0,23.510,0.003,69.040,0.379,0.00
1786371741,bench_mixed,0.00,0.00,0.0,23.510,0.003,69.040,0.378,0.00
1786371746,bench_mixed,0.00,0.00,0.0,23.510,0.003,69.040,0.379,0.00
1786371751,bench_mixed,0.00,0.00,0.0,23.510,0.003,69.040,0.374,0.00
1786371756,bench_mixed,0.00,0.00,0.0,23.510,0.003,69.040,0.375,0.00
1786371761,bench_mixed,0.00,0.00,0.0,23.510,0.003,69.040,0.377,0.00
1786371766,bench_mixed,0.00,0.00,0.0,23.510,0.003,69.040,0.378,0.00
1786371771,bench_mixed,0.00,0.00,0.0,23.510,0.003,69.040,0.375,0.00
1786371776,bench_mixed,0.00,0.00,0.0,23.510,0.003,69.040,0.377,0.00
1786371781,bench_mixed,0.00,0.00,0.0,23.510,0.003,69.040,0.377,0.00
1786371786,bench_mixed,0.00,0.00,0.0,23.510,0.003,69.040,0.378,0.00
1786371791,bench_mixed,0.00,0.00,0.0,23.510,0.003,69.040,0.377,0.00
1786371796,bench_mixed,0.00,0.00,0.0,23.510,0.003,69.040,0.380,0.00
1786371801,bench_mixed,0.00,0.00,0.0,23.510,0.003,69.040,0.380,0.00
1786371806,bench_mixed,0.00,0.00,0.0,23.510,0.003,69.040,0.381,0.00
1786371811,bench_mixed,0.00,0.00,0.0,23.510,0.003,69.040,0.382,0.00
1786371816,bench_mixed,0.00,0.00,0.0,23.510,0.003,69.040,0.382,0.00
1786371822,bench_mixed,0.00,0.00,0.0,23.510,0.003,69.040,0.382,0.00
1786371827,bench_mixed,0.00,0.00,0.0,23.510,0.003,69.040,0.384,0.00
1786371832,bench_mixed,0.00,0.00,0.0,23.510,0.003,69.040,0.384,0.00
1786371837,bench_mixed,0.00,0.00,0.0,23.510,0.003,69.040,0.384,0.00
1786371842,bench_mixed,0.00,0.00,0.0,23.510,0.003,69.040,0.384,0.00
1786371847,bench_mixed,0.00,0.00,0.0,23.510,0.003,69.040,0.384,0.00
1786371852,bench_mixed,0.00,0.00,0.0,23.510,0.003,69.040,0.384,0.00
1786371857,bench_mixed,0.00,0.00,0.0,23.510,0.003,69.040,0.386,0.00
1786371862,bench_mixed,0.00,0.00,0.0,23.510,0.003,69.040,0.384,0.00
1786371867,bench_mixed,0.00,0.00,0.0,23.510,0.003,69.040,0.384,0.00
1786371872,bench_mixed,0.00,0.00,0.0,23.510,0.003,69.040,0.385,0.00
1786371877,bench_mixed,0.00,0.00,0.0,23.510,0.003,69.040,0.385,0.00
1786371882,bench_mixed,0.00,0.00,0.0,23.510,0.003,69.040,0.386,0.00
1786371887,bench_mixed,0.00,0.00,0.0,23.510,0.003,69.040,0.387,0.00
1786371892,bench_mixed,0.00,0.00,0.0,23.510,0.003,69.040,0.386,0.00
1786371897,bench_mixed,0.00,0.00,0.0,23.510,0.003,69.040,0.386,0.00
1786371902,bench_mixed,0.00,0.00,0.0,23.510,0.003,69.040,0.386,0.00
1786371907,bench_mixed,0.00,0.00,0.0,23.510,0.003,69.040,0.386,0.00
1786371912,bench_mixed,0.00,0.00,0.0,23.510,0.003,69.040,0.385,0.00
1786371918,bench_mixed,0.00,0.00,0.0,23.510,0.003,69.040,0.386,0.00
1786371923,bench_mixed,0.00,0.00,0.0,23.510,0.003,69.040,0.388,0.00
1786371928,bench_mixed,0.00,0.00,0.0,23.510,0.003,69.040,0.388,0.00
1786371933,bench_mixed,0.00,0.00,0.0,23.510,0.003,69.040,0.387,0.00
1786371938,bench_mixed,0.00,0.00,0.0,23.510,0.003,69.040,0.388,0.00
1786371943,bench_mixed,0.00,0.00,0.0,23.510,0.003,69.040,0.386,0.00
1786371948,bench_mixed,0.00,0.00,0.0,23.510,0.003,69.040,0.386,0.00
1786371953,bench_mixed,0.00,0.00,0.0,23.510,0.003,69.040,0.387,0.00
1786371958,bench_mixed,0.00,0.00,0.0,23.510,0.003,69.040,0.387,0.00
1786371963,bench_mixed,0.00,0.00,0.0,23.510,0.003,69.040,0.388,0.00
1786371968,bench_mixed,0.00,0.00,0.0,23.510,0.003,69.040,0.388,0.00
1786371973,bench_mixed,0.00,0.00,0.0,23.510,0.003,69.040,0.389,0.00
1786371978,bench_mixed,0.00,0.00,0.0,23.510,0.003,69.040,0.389,0.00
1786371983,bench_mixed,0.00,0.00,0.0,23.510,0.003,69.040,0.390,0.00
1786371988,bench_mixed,0.00,0.00,0.0,23.510,0.003,69.040,0.390,0.00
1786371993,bench_mixed,0.00,0.00,0.0,23.510,0.003,69.040,0.390,0.00
1786371998,bench_mixed,0.00,0.00,0.0,23.510,0.003,69.040,0.383,0.02
1786372003,bench_mixed,0.00,0.00,0.0,23.510,0.003,69.040,0.381,0.00
1786372009,bench_mixed,0.00,0.00,0.0,23.510,0.003,69.040,0.380,0.00
1786372014,bench_mixed,0.00,0.00,0.0,23.510,0.003,69.040,0.380,0.00
1786372019,bench_mixed,0.00,0.00,0.0,23.510,0.003,69.040,0.380,0.00
1786372024,bench_mixed,0.00,0.00,0.0,23.510,0.003,69.040,0.374,0.00
1786372029,bench_mixed,0.00,0.00,0.0,23.510,0.003,69.040,0.381,0.00
1786372034,bench_mixed,0.00,0.00,0.0,23.510,0.003,69.040,0.381,0.00
1786372039,bench_mixed,0.00,0.00,0.0,23.510,0.003,69.040,0.378,0.00
1786372044,bench_mixed,0.00,0.00,0.0,23.510,0.003,69.040,0.380,0.00
1786372049,bench_mixed,0.00,0.00,0.0,23.510,0.003,69.040,0.380,0.00
1786372054,bench_mixed,0.00,0.00,0.0,23.510,0.003,69.040,0.381,0.00
1786372059,bench_mixed,0.00,0.00,0.0,23.510,0.003,69.040,0.379,0.00
1786372064,bench_mixed,0.00,0.00,0.0,23.510,0.003,69.040,0.379,0.00
1786372069,bench_mixed,0.00,0.00,0.0,23.510,0.003,69.040,0.383,0.00
1786372074,bench_mixed,0.00,0.00,0.0,23.510,0.003,69.040,0.384,0.00
1786372079,bench_mixed,0.00,0.00,0.0,23.510,0.003,69.040,0.382,0.00
1786372084,bench_mixed,0.00,0.00,0.0,23.510,0.003,69.040,0.382,0.00
1786372089,bench_mixed,0.00,0.00,0.0,23.510,0.003,69.040,0.379,0.00
1786372094,bench_mixed,0.00,0.00,0.0,23.510,0.003,69.040,0.380,0.00
1786372099,bench_mixed,0.00,0.00,0.0,23.510,0.003,69.040,0.378,0.00
1786372105,bench_mixed,0.00,0.00,0.0,23.510,0.003,69.040,0.379,0.00
1786372110,bench_mixed,0.00,0.00,0.0,23.510,0.003,69.040,0.378,0.00
1786372115,bench_mixed,0.00,0.00,0.0,23.510,0.003,69.040,0.379,0.00
1786372120,bench_mixed,0.00,0.00,0.0,23.510,0.003,69.040,0.379,0.00
1786372125,bench_mixed,0.00,0.00,0.0,23.510,0.003,69.040,0.379,0.00
1786372130,bench_mixed,0.00,0.00,0.0,23.510,0.003,69.040,0.378,0.00
1786372135,bench_mixed,0.00,0.00,0.0,23.510,0.003,69.040,0.379,0.00
1786372140,bench_mixed,0.00,0.00,0.0,23.510,0.003,69.040,0.380,0.00
1786372145,bench_mixed,0.00,0.00,0.0,23.510,0.003,69.040,0.380,0.00
1786372150,bench_mixed,0.00,0.00,0.0,23.510,0.003,69.040,0.377,0.00
1786372155,bench_mixed,0.00,0.00,0.0,23.510,0.003,69.040,0.379,0.00
1786372160,bench_mixed,0.00,0.00,0.0,23.510,0.003,69.040,0.379,0.00
1786372165,bench_mixed,0.00,0.00,0.0,23.510,0.003,69.040,0.381,0.00
1786372170,bench_mixed,0.00,0.00,0.0,23.510,0.003,69.040,0.385,0.00
1786372175,bench_mixed,0.00,0.00,0.0,23.510,0.003,69.040,0.387,0.00
1786372180,bench_mixed,0.00,0.00,0.0,23.510,0.003,69.040,0.385,0.00
1786372185,bench_mixed,0.00,0.00,0.0,23.510,0.003,69.040,0.385,0.00
1786372190,bench_mixed,0.00,0.00,0.0,23.510,0.003,69.040,0.387,0.00
1786372196,bench_mixed,0.00,0.00,0.0,23.510,0.003,69.040,0.388,0.00
1786372201,bench_mixed,0.00,0.00,0.0,23.510,0.003,69.040,0.390,0.00
1786372206,bench_mixed,0.00,0.00,0.0,23.510,0.003,69.040,0.389,0.00
1786372211,bench_mixed,0.00,0.00,0.0,23.510,0.003,69.040,0.387,0.00
1786372216,bench_mixed,0.00,0.00,0.0,23.510,0.003,69.040,0.387,0.00
1786372221,bench_mixed,0.00,0.00,0.0,23.510,0.003,69.040,0.386,0.00
1786372226,bench_mixed,0.00,0.00,0.0,23.510,0.003,69.040,0.386,0.00
1786372231,bench_mixed,0.00,0.00,0.0,23.510,0.003,69.040,0.386,0.00
1786372236,bench_mixed,0.00,0.00,0.0,23.510,0.003,69.040,0.385,0.00
1786372241,bench_mixed,0.00,0.00,0.0,23.510,0.003,69.040,0.386,0.00
1786372246,bench_mixed,0.00,0.00,0.0,23.510,0.003,69.040,0.386,0.00
1786372251,bench_mixed,0.00,0.00,0.0,23.510,0.003,69.040,0.386,0.00
1786372256,bench_mixed,0.00,0.00,0.0,23.510,0.003,69.040,0.387,0.00
1786372261,bench_mixed,0.00,0.00,0.0,23.510,0.003,69.040,0.387,0.00
1786372266,bench_mixed,0.00,0.00,0.0,23.510,0.003,69.040,0.386,0.00
1786372271,bench_mixed,0.00,0.00,0.0,23.510,0.003,69.040,0.387,0.00
1786372276,bench_mixed,0.00,0.00,0.0,23.510,0.003,69.040,0.387,0.00
1786372281,bench_mixed,0.00,0.00,0.0,23.510,0.003,69.040,0.385,0.00
1786372286,bench_mixed,0.00,0.00,0.0,23.510,0.003,69.040,0.386,0.00
1786372292,bench_mixed,0.00,0.00,0.0,23.510,0.003,69.040,0.386,0.00
1786372297,bench_mixed,0.00,0.00,0.0,23.510,0.003,69.040,0.378,0.02
1786372302,bench_mixed,0.00,0.00,0.0,23.510,0.003,69.040,0.376,0.00
1786372307,bench_mixed,0.00,0.00,0.0,23.510,0.003,69.040,0.378,0.00
1786372312,bench_mixed,0.00,0.00,0.0,23.510,0.003,69.040,0.378,0.00
1786372317,bench_mixed,0.00,0.00,0.0,23.510,0.003,69.040,0.379,0.00
1786372322,bench_mixed,0.00,0.00,0.0,23.510,0.003,69.040,0.378,0.00
1786372327,bench_mixed,0.00,0.00,0.0,23.510,0.003,69.040,0.380,0.00
1786372332,bench_mixed,0.00,0.00,0.0,23.510,0.003,69.040,0.382,0.00
1786372337,bench_mixed,0.00,0.00,0.0,23.510,0.003,69.040,0.383,0.00
1786372342,bench_mixed,0.00,0.00,0.0,23.510,0.003,69.040,0.383,0.00
1786372347,bench_mixed,0.00,0.00,0.0,23.510,0.003,69.040,0.385,0.00
1786372352,bench_mixed,0.00,0.00,0.0,23.510,0.003,69.040,0.386,0.00
1786372357,bench_mixed,0.00,0.00,0.0,23.510,0.003,69.040,0.386,0.00
1786372362,bench_mixed,0.00,0.00,0.0,23.510,0.003,69.040,0.387,0.00
1786372367,bench_mixed,0.00,0.00,0.0,23.510,0.003,69.040,0.386,0.00
1786372372,bench_mixed,0.00,0.00,0.0,23.510,0.003,69.040,0.387,0.00
1786372377,bench_mixed,0.00,0.00,0.0,23.510,0.003,69.040,0.386,0.00
1786372382,bench_mixed,0.00,0.00,0.0,23.510,0.003,69.040,0.375,0.00
1786372388,bench_mixed,0.00,0.00,0.0,23.510,0.003,69.040,0.387,0.00
1786372393,bench_mixed,0.00,0.00,0.0,23.510,0.003,69.040,0.386,0.00
1786372398,bench_mixed,0.00,0.00,0.0,23.510,0.003,69.040,0.385,0.00
1786372403,bench_mixed,0.00,0.00,0.0,23.510,0.003,69.040,0.385,0.00
1786372408,bench_mixed,0.00,0.00,0.0,23.510,0.003,69.040,0.386,0.00
1786372413,bench_mixed,0.00,0.00,0.0,23.510,0.003,69.040,0.386,0.00
1786372418,bench_mixed,0.00,0.00,0.0,23.510,0.003,69.040,0.386,0.00
1786372423,bench_mixed,0.00,0.00,0.0,23.510,0.003,69.040,0.386,0.00
1786372428,bench_mixed,0.00,0.00,0.0,23.510,0.003,69.040,0.386,0.00
1786372433,bench_mixed,0.00,0.00,0.0,23.510,0.003,69.040,0.387,0.00
1786372438,bench_mixed,0.00,0.00,0.0,23.510,0.003,69.040,0.387,0.00
1786372443,bench_mixed,0.00,0.00,0.0,23.510,0.003,69.040,0.387,0.00
1786372448,bench_mixed,0.00,0.00,0.0,23.510,0.003,69.040,0.386,0.00
1786372453,bench_mixed,0.00,0.00,0.0,23.510,0.003,69.040,0.387,0.00
1786372458,bench_mixed,0.00,0.00,0.0,23.510,0.003,69.040,0.383,0.00
1786372463,bench_mixed,0.00,0.00,0.0,23.510,0.003,69.040,0.384,0.00
1786372468,bench_mixed,0.00,0.00,0.0,23.510,0.003,69.040,0.382,0.00
1786372473,bench_mixed,0.00,0.00,0.0,23.510,0.003,69.040,0.382,0.00
1786372478,bench_mixed,0.00,0.00,0.0,23.510,0.003,69.040,0.376,0.00
1786372484,bench_mixed,0.00,0.00,0.0,23.510,0.003,69.040,0.377,0.00
1786372489,bench_mixed,0.00,0.00,0.0,23.510,0.003,69.040,0.377,0.00
1786372494,bench_mixed,0.00,0.00,0.0,23.510,0.003,69.040,0.378,0.00
1786372499,bench_mixed,0.00,0.00,0.0,23.510,0.003,69.040,0.377,0.00
1786372504,bench_mixed,0.00,0.00,0.0,23.510,0.003,69.040,0.376,0.00
1786372509,bench_mixed,0.00,0.00,0.0,23.510,0.003,69.040,0.374,0.00
1786372514,bench_mixed,0.00,0.00,0.0,23.510,0.003,69.040,0.374,0.00
1786372519,bench_mixed,0.00,0.00,0.0,23.510,0.003,69.040,0.373,0.00
1786372524,bench_mixed,0.00,0.00,0.0,23.510,0.003,69.040,0.374,0.00
1786372529,bench_mixed,0.00,0.00,0.0,23.510,0.003,69.040,0.374,0.00
1786372534,bench_mixed,0.00,0.00,0.0,23.510,0.003,69.040,0.376,0.00
1786372539,bench_mixed,0.00,0.00,0.0,23.510,0.003,69.040,0.373,0.00
1786372544,bench_mixed,0.00,0.00,0.0,23.510,0.003,69.040,0.376,0.00
1786372549,bench_mixed,0.00,0.00,0.0,23.510,0.003,69.040,0.373,0.00
1786372554,bench_mixed,0.00,0.00,0.0,23.510,0.003,69.040,0.374,0.00
1786372559,bench_mixed,0.00,0.00,0.0,23.510,0.003,69.040,0.372,0.00
1786372564,bench_mixed,0.00,0.00,0.0,23.510,0.003,69.040,0.373,0.00
1786372569,bench_mixed,0.00,0.00,0.0,23.510,0.003,69.040,0.370,0.00
1786372575,bench_mixed,0.00,0.00,0.0,23.510,0.003,69.040,0.371,0.00
1786372580,bench_mixed,0.00,0.00,0.0,23.510,0.003,69.040,0.372,0.00
1786372585,bench_mixed,0.00,0.00,0.0,23.510,0.003,69.040,0.373,0.00
1786372590,bench_mixed,0.00,0.00,0.0,23.510,0.003,69.040,0.368,0.00
1786372595,bench_mixed,0.00,0.00,0.0,23.510,0.003,69.040,0.369,0.00
1786372600,bench_mixed,0.00,0.00,0.0,23.510,0.003,69.040,0.363,0.02
1786372605,bench_mixed,0.00,0.00,0.0,23.510,0.003,69.040,0.364,0.00
1786372610,bench_mixed,0.00,0.00,0.0,23.510,0.003,69.040,0.366,0.00
1786372615,bench_mixed,0.00,0.00,0.0,23.510,0.003,69.040,0.368,0.00
1786372620,bench_mixed,0.00,0.00,0.0,23.510,0.003,69.040,0.368,0.00
1786372625,bench_mixed,0.00,0.00,0.0,23.510,0.003,69.040,0.370,0.00
1786372630,bench_mixed,0.00,0.00,0.0,23.510,0.003,69.040,0.367,0.00
1786372635,bench_mixed,0.00,0.00,0.0,23.510,0.003,69.040,0.368,0.00
1786372640,bench_mixed,0.00,0.00,0.0,23.510,0.003,69.040,0.367,0.00
1786372645,bench_mixed,0.00,0.00,0.0,23.510,0.003,69.040,0.367,0.00
1786372650,bench_mixed,0.00,0.00,0.0,23.510,0.003,69.040,0.367,0.00
1786372655,bench_mixed,0.00,0.00,0.0,23.510,0.003,69.040,0.368,0.00
1786372660,bench_mixed,0.00,0.00,0.0,23.510,0.003,69.040,0.367,0.00
1786372665,bench_mixed,0.00,0.00,0.0,23.510,0.003,69.040,0.368,0.00
1786372671,bench_mixed,0.00,0.00,0.0,23.510,0.003,69.040,0.369,0.00
1786372676,bench_mixed,0.00,0.00,0.0,23.510,0.003,69.040,0.370,0.00
1786372681,bench_mixed,0.00,0.00,0.0,23.510,0.003,69.040,0.369,0.00
1786372686,bench_mixed,0.00,0.00,0.0,23.510,0.003,69.040,0.369,0.00
1786372691,bench_mixed,0.00,0.00,0.0,23.510,0.003,69.040,0.367,0.00
1786372696,bench_mixed,0.00,0.00,0.0,23.510,0.003,69.040,0.367,0.00
1786372701,bench_mixed,0.00,0.00,0.0,23.510,0.003,69.040,0.366,0.00
1786372706,bench_mixed,0.00,0.00,0.0,23.510,0.003,69.040,0.367,0.00
1786372711,bench_mixed,0.00,0.00,0.0,23.510,0.003,69.040,0.369,0.00
1786372716,bench_mixed,0.00,0.00,0.0,23.510,0.003,69.040,0.369,0.00
1786372721,bench_mixed,0.00,0.00,0.0,23.510,0.003,69.040,0.369,0.00
1786372726,bench_mixed,0.00,0.00,0.0,23.510,0.003,69.040,0.368,0.00
1786372731,bench_mixed,0.00,0.00,0.0,23.510,0.003,69.040,0.369,0.00
1786372736,bench_mixed,0.00,0.00,0.0,23.510,0.003,69.040,0.369,0.00
1786372741,bench_mixed,0.00,0.00,0.0,23.510,0.003,69.040,0.367,0.00
1786372746,bench_mixed,0.00,0.00,0.0,23.510,0.003,69.040,0.365,0.00
1786372751,bench_mixed,0.00,0.00,0.0,23.510,0.003,69.040,0.367,0.00
1786372756,bench_mixed,0.00,0.00,0.0,23.510,0.003,69.040,0.366,0.00
1786372761,bench_mixed,0.00,0.00,0.0,23.510,0.003,69.040,0.368,0.00
1786372767,bench_mixed,0.00,0.00,0.0,23.510,0.003,69.040,0.366,0.00
1786372772,bench_mixed,0.00,0.00,0.0,23.510,0.003,69.040,0.367,0.00
1786372777,bench_mixed,0.00,0.00,0.0,23.510,0.003,69.040,0.364,0.00
1786372782,bench_mixed,0.00,0.00,0.0,23.510,0.003,69.040,0.365,0.00
1786372787,bench_mixed,0.00,0.00,0.0,23.510,0.003,69.040,0.364,0.00
1786372792,bench_mixed,0.00,0.00,0.0,23.510,0.003,69.040,0.364,0.00
1786372797,bench_mixed,0.00,0.00,0.0,23.510,0.003,69.040,0.364,0.00
1786372802,bench_mixed,0.00,0.00,0.0,23.510,0.003,69.040,0.364,0.00
1786372807,bench_mixed,0.00,0.00,0.0,23.510,0.003,69.040,0.363,0.00
1786372812,bench_mixed,0.00,0.00,0.0,23.510,0.003,69.040,0.365,0.00
1786372817,bench_mixed,0.00,0.00,0.0,23.510,0.003,69.040,0.363,0.00
1786372822,bench_mixed,0.00,0.00,0.0,23.510,0.003,69.040,0.364,0.00
1786372827,bench_mixed,0.00,0.00,0.0,23.510,0.003,69.040,0.367,0.00
1786372832,bench_mixed,0.00,0.00,0.0,23.510,0.003,69.040,0.366,0.00
1786372837,bench_mixed,0.00,0.00,0.0,23.510,0.003,69.040,0.365,0.00
1786372842,bench_mixed,0.00,0.00,0.0,23.510,0.003,69.040,0.367,0.00
1786372847,bench_mixed,0.00,0.00,0.0,23.510,0.003,69.040,0.364,0.00
1786372852,bench_mixed,0.00,0.00,0.0,23.510,0.003,69.040,0.365,0.00
1786372858,bench_mixed,0.00,0.00,0.0,23.510,0.003,69.040,0.364,0.00
1786372863,bench_mixed,0.00,0.00,0.0,23.510,0.003,69.040,0.365,0.00
1786372868,bench_mixed,0.00,0.00,0.0,23.510,0.003,69.040,0.364,0.00
1786372873,bench_mixed,0.00,0.00,0.0,23.510,0.003,69.040,0.365,0.00
1786372878,bench_mixed,0.00,0.00,0.0,23.510,0.003,69.040,0.365,0.00
1786372883,bench_mixed,0.00,0.00,0.0,23.510,0.003,69.040,0.365,0.00
1786372888,bench_mixed,0.00,0.00,0.0,23.510,0.003,69.040,0.363,0.00
1786372893,bench_mixed,0.00,0.00,0.0,23.510,0.003,69.040,0.363,0.00
1786372898,bench_mixed,0.00,0.00,0.0,23.510,0.003,69.040,0.359,0.02
1786372903,bench_mixed,0.00,0.00,0.0,23.510,0.003,69.040,0.361,0.00
1786372908,bench_mixed,0.00,0.00,0.0,23.510,0.003,69.040,0.361,0.00
1786372913,bench_mixed,0.00,0.00,0.0,23.510,0.003,69.040,0.363,0.00
1786372918,bench_mixed,0.00,0.00,0.0,23.510,0.003,69.040,0.362,0.00
1786372923,bench_mixed,0.00,0.00,0.0,23.510,0.003,69.040,0.363,0.00
1786372928,bench_mixed,0.00,0.00,0.0,23.510,0.003,69.040,0.362,0.00
1786372933,bench_mixed,0.00,0.00,0.0,23.510,0.003,69.040,0.364,0.00
1786372938,bench_mixed,0.00,0.00,0.0,23.510,0.003,69.040,0.360,0.00
1786372943,bench_mixed,0.00,0.00,0.0,23.510,0.003,69.040,0.362,0.00
1786372948,bench_mixed,0.00,0.00,0.0,23.510,0.003,69.040,0.362,0.00
1786372954,bench_mixed,0.00,0.00,0.0,23.510,0.003,69.040,0.363,0.00
1786372959,bench_mixed,0.00,0.00,0.0,23.510,0.003,69.040,0.361,0.00
1786372964,bench_mixed,0.00,0.00,0.0,23.510,0.003,69.040,0.361,0.00
1786372969,bench_mixed,0.00,0.00,0.0,23.510,0.003,69.040,0.362,0.00
1786372974,bench_mixed,0.00,0.00,0.0,23.510,0.003,69.040,0.363,0.00
1786372979,bench_mixed,0.00,0.00,0.0,23.510,0.003,69.040,0.364,0.00
1786372984,bench_mixed,0.00,0.00,0.0,23.510,0.003,69.040,0.365,0.00
1786372989,bench_mixed,0.00,0.00,0.0,23.510,0.003,69.040,0.366,0.00
1786372994,bench_mixed,0.00,0.00,0.0,23.510,0.003,69.040,0.367,0.00
1786372999,bench_mixed,0.00,0.00,0.0,23.510,0.003,69.040,0.368,0.00
1786373004,bench_mixed,0.00,0.00,0.0,23.510,0.003,69.040,0.369,0.00
1786373009,bench_mixed,0.00,0.00,0.0,23.510,0.003,69.040,0.363,0.00
1786373014,bench_mixed,0.00,0.00,0.0,23.510,0.003,69.040,0.364,0.00
1786373019,bench_mixed,0.00,0.00,0.0,23.510,0.003,69.040,0.364,0.00
1786373024,bench_mixed,0.00,0.00,0.0,23.510,0.003,69.040,0.365,0.00
1786373029,bench_mixed,0.00,0.00,0.0,23.510,0.003,69.040,0.365,0.00
1786373034,bench_mixed,0.00,0.00,0.0,23.510,0.003,69.040,0.367,0.00
1786373039,bench_mixed,0.00,0.00,0.0,23.510,0.003,69.040,0.364,0.00
1786373044,bench_mixed,0.00,0.00,0.0,23.510,0.003,69.040,0.366,0.00
1786373050,bench_mixed,0.00,0.00,0.0,23.510,0.003,69.040,0.369,0.00
1786373055,bench_mixed,0.00,0.00,0.0,23.510,0.003,69.040,0.368,0.00
1786373060,bench_mixed,0.00,0.00,0.0,23.510,0.003,69.040,0.364,0.00
1786373065,bench_mixed,0.00,0.00,0.0,23.510,0.003,69.040,0.366,0.00
1786373070,bench_mixed,0.00,0.00,0.0,23.510,0.003,69.040,0.363,0.00
1786373075,bench_mixed,0.00,0.00,0.0,23.510,0.003,69.040,0.364,0.00
1786373080,bench_mixed,0.00,0.00,0.0,23.510,0.003,69.040,0.364,0.00
1786373085,bench_mixed,0.00,0.00,0.0,23.510,0.003,69.040,0.365,0.00
1786373090,bench_mixed,0.00,0.00,0.0,23.510,0.003,69.040,0.364,0.00
1786373095,bench_mixed,0.00,0.00,0.0,23.510,0.003,69.040,0.363,0.00
1786373100,bench_mixed,0.00,0.00,0.0,23.510,0.003,69.040,0.364,0.00
1786373105,bench_mixed,0.00,0.00,0.0,23.510,0.003,69.040,0.362,0.00
1786373110,bench_mixed,0.00,0.00,0.0,23.510,0.003,69.040,0.355,0.00
1786373115,bench_mixed,0.00,0.00,0.0,23.510,0.003,69.040,0.360,0.00
1786373120,bench_mixed,0.00,0.00,0.0,23.510,0.003,69.040,0.361,0.00
1786373125,bench_mixed,0.00,0.00,0.0,23.510,0.003,69.040,0.362,0.00
1786373130,bench_mixed,0.00,0.00,0.0,23.510,0.003,69.040,0.363,0.00
1786373135,bench_mixed,0.00,0.00,0.0,23.510,0.003,69.040,0.364,0.00
1786373141,bench_mixed,0.00,0.00,0.0,23.510,0.003,69.040,0.364,0.00
1786373146,bench_mixed,0.00,0.00,0.0,23.510,0.003,69.040,0.362,0.00
1786373151,bench_mixed,0.00,0.00,0.0,23.510,0.003,69.040,0.361,0.00
1786373156,bench_mixed,0.00,0.00,0.0,23.510,0.003,69.040,0.363,0.00
1786373161,bench_mixed,0.00,0.00,0.0,23.510,0.003,69.040,0.364,0.00
1786373166,bench_mixed,0.00,0.00,0.0,23.510,0.003,69.040,0.367,0.00
1786373171,bench_mixed,0.00,0.00,0.0,23.510,0.003,69.040,0.368,0.00
1786373176,bench_mixed,0.00,0.00,0.0,23.510,0.003,69.040,0.363,0.00
1786373181,bench_mixed,0.00,0.00,0.0,23.510,0.003,69.040,0.364,0.00
1786373186,bench_mixed,0.00,0.00,0.0,23.510,0.003,69.040,0.364,0.00
1786373191,bench_mixed,0.00,0.00,0.0,23.510,0.003,69.040,0.365,0.00
1786373196,bench_mixed,0.00,0.00,0.0,23.510,0.003,69.040,0.360,0.02
1786373201,bench_mixed,0.00,0.00,0.0,23.510,0.003,69.040,0.361,0.00
1786373206,bench_mixed,0.00,0.00,0.0,23.510,0.003,69.040,0.362,0.00
1786373211,bench_mixed,0.00,0.00,0.0,23.510,0.003,69.040,0.363,0.00
1786373216,bench_mixed,0.00,0.00,0.0,23.510,0.003,69.040,0.362,0.00
1786373221,bench_mixed,0.00,0.00,0.0,23.510,0.003,69.040,0.364,0.00
1786373226,bench_mixed,0.00,0.00,0.0,23.510,0.003,69.040,0.362,0.00
1786373231,bench_mixed,0.00,0.00,0.0,23.510,0.003,69.040,0.362,0.00
1786373237,bench_mixed,0.00,0.00,0.0,23.510,0.003,69.040,0.362,0.00
1786373242,bench_mixed,0.00,0.00,0.0,23.510,0.003,69.040,0.362,0.00
1786373247,bench_mixed,0.00,0.00,0.0,23.510,0.003,69.040,0.363,0.00
1786373252,bench_mixed,0.00,0.00,0.0,23.510,0.003,69.040,0.364,0.00
1786373257,bench_mixed,0.00,0.00,0.0,23.510,0.003,69.040,0.361,0.00
1786373262,bench_mixed,0.00,0.00,0.0,23.510,0.003,69.040,0.362,0.00
1786373267,bench_mixed,0.00,0.00,0.0,23.510,0.003,69.040,0.361,0.00
1786373272,bench_mixed,0.00,0.00,0.0,23.510,0.003,69.040,0.362,0.00
1786373277,bench_mixed,0.00,0.00,0.0,23.510,0.003,69.040,0.359,0.00
1786373282,bench_mixed,0.00,0.00,0.0,23.510,0.003,69.040,0.360,0.00
1786373287,bench_mixed,0.00,0.00,0.0,23.510,0.003,69.040,0.362,0.00
1786373292,bench_mixed,0.00,0.00,0.0,23.510,0.003,69.040,0.363,0.00
1786373297,bench_mixed,0.00,0.00,0.0,23.510,0.003,69.040,0.361,0.00
1786373302,bench_mixed,0.00,0.00,0.0,23.510,0.003,69.040,0.362,0.00
1786373307,bench_mixed,0.00,0.00,0.0,23.510,0.003,69.040,0.361,0.00
1786373312,bench_mixed,0.00,0.00,0.0,23.510,0.003,69.040,0.362,0.00
1786373317,bench_mixed,0.00,0.00,0.0,23.510,0.003,69.040,0.362,0.00
1786373322,bench_mixed,0.00,0.00,0.0,23.510,0.003,69.040,0.364,0.00
1786373328,bench_mixed,0.00,0.00,0.0,23.510,0.003,69.040,0.365,0.00
1786373333,bench_mixed,0.00,0.00,0.0,23.510,0.003,69.040,0.365,0.00
1786373338,bench_mixed,0.00,0.00,0.0,23.510,0.003,69.040,0.364,0.00
1786373343,bench_mixed,0.00,0.00,0.0,23.510,0.003,69.040,0.365,0.00
1786373348,bench_mixed,0.00,0.00,0.0,23.510,0.003,69.040,0.366,0.00
1786373353,bench_mixed,0.00,0.00,0.0,23.510,0.003,69.040,0.366,0.00
1786373358,bench_mixed,0.00,0.00,0.0,23.510,0.003,69.040,0.362,0.00
1786373363,bench_mixed,0.00,0.00,0.0,23.510,0.003,69.040,0.364,0.00
1786373368,bench_mixed,0.00,0.00,0.0,23.510,0.003,69.040,0.365,0.00
1786373373,bench_mixed,0.00,0.00,0.0,23.510,0.003,69.040,0.366,0.00
1786373378,bench_mixed,0.00,0.00,0.0,23.510,0.003,69.040,0.369,0.00
1786373383,bench_mixed,0.00,0.00,0.0,23.510,0.003,69.040,0.369,0.00
1786373388,bench_mixed,0.00,0.00,0.0,23.510,0.003,69.040,0.366,0.00
1786373393,bench_mixed,0.00,0.00,0.0,23.510,0.003,69.040,0.367,0.00
1786373398,bench_mixed,0.00,0.00,0.0,23.510,0.003,69.040,0.364,0.00
1786373403,bench_mixed,0.00,0.00,0.0,23.510,0.003,69.040,0.365,0.00
1786373408,bench_mixed,0.00,0.00,0.0,23.510,0.003,69.040,0.363,0.00
1786373413,bench_mixed,0.00,0.00,0.0,23.510,0.003,69.040,0.363,0.00
1786373418,bench_mixed,0.00,0.00,0.0,23.510,0.003,69.040,0.362,0.00
1786373424,bench_mixed,0.00,0.00,0.0,23.510,0.003,69.040,0.362,0.00
1786373429,bench_mixed,0.00,0.00,0.0,23.510,0.003,69.040,0.362,0.00
1786373434,bench_mixed,0.00,0.00,0.0,23.510,0.003,69.040,0.363,0.00
1786373439,bench_mixed,0.00,0.00,0.0,23.510,0.003,69.040,0.363,0.00
1786373444,bench_mixed,0.00,0.00,0.0,23.510,0.003,69.040,0.364,0.00
1786373449,bench_mixed,0.00,0.00,0.0,23.510,0.003,69.040,0.363,0.00
1786373454,bench_mixed,0.00,0.00,0.0,23.510,0.003,69.040,0.364,0.00
1786373459,bench_mixed,0.00,0.00,0.0,23.510,0.003,69.040,0.365,0.00
1786373464,bench_mixed,0.00,0.00,0.0,23.510,0.003,69.040,0.365,0.00
1786373469,bench_mixed,0.00,0.00,0.0,23.510,0.003,69.040,0.363,0.00
1786373474,bench_mixed,0.00,0.00,0.0,23.510,0.003,69.040,0.362,0.00
1786373479,bench_mixed,0.00,0.00,0.0,23.510,0.003,69.040,0.361,0.00
1786373484,bench_mixed,0.00,0.00,0.0,23.510,0.003,69.040,0.362,0.00
1786373489,bench_mixed,0.00,0.00,0.0,23.510,0.003,69.040,0.362,0.00
1786373494,bench_mixed,0.00,0.00,0.0,23.510,0.003,69.040,0.363,0.00
1786373499,bench_mixed,0.00,0.00,0.0,23.510,0.003,69.040,0.360,0.02
1786373504,bench_mixed,0.00,0.00,0.0,23.510,0.003,69.040,0.362,0.00
1786373509,bench_mixed,0.00,0.00,0.0,23.510,0.003,69.040,0.362,0.00
1786373515,bench_mixed,0.00,0.00,0.0,23.510,0.003,69.040,0.364,0.00
1786373520,bench_mixed,0.00,0.00,0.0,23.510,0.003,69.040,0.365,0.00
1786373525,bench_mixed,0.00,0.00,0.0,23.510,0.003,69.040,0.365,0.00
1786373530,bench_mixed,0.00,0.00,0.0,23.510,0.003,69.040,0.366,0.00
1786373535,bench_mixed,0.00,0.00,0.0,23.510,0.003,69.040,0.368,0.00
1786373540,bench_mixed,0.00,0.00,0.0,23.510,0.003,69.040,0.369,0.00
1786373545,bench_mixed,0.00,0.00,0.0,23.510,0.003,69.040,0.367,0.00
1786373550,bench_mixed,0.00,0.00,0.0,23.510,0.003,69.040,0.368,0.00
1786373555,bench_mixed,0.00,0.00,0.0,23.510,0.003,69.040,0.368,0.00
1786373560,bench_mixed,0.00,0.00,0.0,23.510,0.003,69.040,0.370,0.00
1786373565,bench_mixed,0.00,0.00,0.0,23.510,0.003,69.040,0.368,0.00
1786373570,bench_mixed,0.00,0.00,0.0,23.510,0.003,69.040,0.370,0.00
1786373575,bench_mixed,0.00,0.00,0.0,23.510,0.003,69.040,0.370,0.00
1786373580,bench_mixed,0.00,0.00,0.0,23.510,0.003,69.040,0.371,0.00
1786373585,bench_mixed,0.00,0.00,0.0,23.510,0.003,69.040,0.370,0.00
1786373590,bench_mixed,0.00,0.00,0.0,23.510,0.003,69.040,0.370,0.00
1786373595,bench_mixed,0.00,0.00,0.0,23.510,0.003,69.040,0.371,0.00
1786373600,bench_mixed,0.00,0.00,0.0,23.510,0.003,69.040,0.371,0.00
1786373605,bench_mixed,0.00,0.00,0.0,23.510,0.003,69.040,0.371,0.00
1786373611,bench_mixed,0.00,0.00,0.0,23.510,0.003,69.040,0.372,0.00
1786373616,bench_mixed,0.00,0.00,0.0,23.510,0.003,69.040,0.373,0.00
1786373621,bench_mixed,0.00,0.00,0.0,23.510,0.003,69.040,0.374,0.00
1786373626,bench_mixed,0.00,0.00,0.0,23.510,0.003,69.040,0.371,0.00
1786373631,bench_mixed,0.00,0.00,0.0,23.510,0.003,69.040,0.371,0.00
1786373636,bench_mixed,0.00,0.00,0.0,23.510,0.003,69.040,0.371,0.00
1786373641,bench_mixed,0.00,0.00,0.0,23.510,0.003,69.040,0.371,0.00
1786373646,bench_mixed,0.00,0.00,0.0,23.510,0.003,69.040,0.369,0.00
1786373651,bench_mixed,0.00,0.00,0.0,23.510,0.003,69.040,0.370,0.00
1786373656,bench_mixed,0.00,0.00,0.0,23.510,0.003,69.040,0.371,0.00
1786373661,bench_mixed,0.00,0.00,0.0,23.510,0.003,69.040,0.373,0.00
1786373666,bench_mixed,0.00,0.00,0.0,23.510,0.003,69.040,0.372,0.00
1786373671,bench_mixed,0.00,0.00,0.0,23.510,0.003,69.040,0.374,0.00
1786373676,bench_mixed,0.00,0.00,0.0,23.510,0.003,69.040,0.375,0.00
1786373681,bench_mixed,0.00,0.00,0.0,23.510,0.003,69.040,0.376,0.00
1786373686,bench_mixed,0.00,0.00,0.0,23.510,0.003,69.040,0.374,0.00
1786373691,bench_mixed,0.00,0.00,0.0,23.510,0.003,69.040,0.376,0.00
1786373696,bench_mixed,0.00,0.00,0.0,23.510,0.003,69.040,0.373,0.00
1786373702,bench_mixed,0.00,0.00,0.0,23.510,0.003,69.040,0.374,0.00
1786373707,bench_mixed,0.00,0.00,0.0,23.510,0.003,69.040,0.373,0.00
1786373712,bench_mixed,0.00,0.00,0.0,23.510,0.003,69.040,0.374,0.00
1786373717,bench_mixed,0.00,0.00,0.0,23.510,0.003,69.040,0.375,0.00
1786373722,bench_mixed,0.00,0.00,0.0,23.510,0.003,69.040,0.375,0.00
1786373727,bench_mixed,0.00,0.00,0.0,23.510,0.003,69.040,0.374,0.00
1786373732,bench_mixed,0.00,0.00,0.0,23.510,0.003,69.040,0.374,0.00
1786373737,bench_mixed,0.00,0.00,0.0,23.510,0.003,69.040,0.376,0.00
1786373742,bench_mixed,0.00,0.00,0.0,23.510,0.003,69.040,0.377,0.00
1786373747,bench_mixed,0.00,0.00,0.0,23.510,0.003,69.040,0.375,0.00
1786373752,bench_mixed,0.00,0.00,0.0,23.510,0.003,69.040,0.376,0.00
1786373757,bench_mixed,0.00,0.00,0.0,23.510,0.003,69.040,0.375,0.00
1786373762,bench_mixed,0.00,0.00,0.0,23.510,0.003,69.040,0.376,0.00
1786373767,bench_mixed,0.00,0.00,0.0,23.510,0.003,69.040,0.373,0.00
1786373772,bench_mixed,0.00,0.00,0.0,23.510,0.003,69.040,0.375,0.00
1786373777,bench_mixed,0.00,0.00,0.0,23.510,0.003,69.040,0.376,0.00
1786373782,bench_mixed,0.00,0.00,0.0,23.510,0.003,69.040,0.376,0.00
1786373787,bench_mixed,0.00,0.00,0.0,23.510,0.003,69.040,0.377,0.00
1786373792,bench_mixed,0.00,0.00,0.0,23.510,0.003,69.040,0.378,0.00
1786373798,bench_mixed,0.00,0.00,0.0,23.510,0.003,69.040,0.369,0.02
1786373803,bench_mixed,0.00,0.00,0.0,23.510,0.003,69.040,0.370,0.00
1786373808,bench_mixed,0.00,0.00,0.0,23.510,0.003,69.040,0.371,0.00
1786373813,bench_mixed,0.00,0.00,0.0,23.510,0.003,69.040,0.373,0.00
1786373818,bench_mixed,0.00,0.00,0.0,23.510,0.003,69.040,0.370,0.00
1786373823,bench_mixed,0.00,0.00,0.0,23.510,0.003,69.040,0.371,0.00
1786373828,bench_mixed,0.00,0.00,0.0,23.510,0.003,69.040,0.367,0.00
1786373833,bench_mixed,0.00,0.00,0.0,23.510,0.003,69.040,0.365,0.00
1786373838,bench_mixed,0.00,0.00,0.0,23.510,0.003,69.040,0.358,0.00
1786373843,bench_mixed,0.00,0.00,0.0,23.510,0.003,69.040,0.366,0.00
1786373848,bench_mixed,0.00,0.00,0.0,23.510,0.003,69.040,0.367,0.00
1786373853,bench_mixed,0.00,0.00,0.0,23.510,0.003,69.040,0.365,0.00
1786373858,bench_mixed,0.00,0.00,0.0,23.510,0.003,69.040,0.366,0.00
1786373863,bench_mixed,0.00,0.00,0.0,23.510,0.003,69.040,0.363,0.00
1786373868,bench_mixed,0.00,0.00,0.0,23.510,0.003,69.040,0.364,0.00
1786373873,bench_mixed,0.00,0.00,0.0,23.510,0.003,69.040,0.364,0.00
1786373878,bench_mixed,0.00,0.00,0.0,23.510,0.003,69.040,0.365,0.00
1786373883,bench_mixed,0.00,0.00,0.0,23.510,0.003,69.040,0.366,0.00
1786373888,bench_mixed,0.00,0.00,0.0,23.510,0.003,69.040,0.368,0.00
1786373894,bench_mixed,0.00,0.00,0.0,23.510,0.003,69.040,0.364,0.00
1786373899,bench_mixed,0.00,0.00,0.0,23.510,0.003,69.040,0.365,0.00
1786373904,bench_mixed,0.00,0.00,0.0,23.510,0.003,69.040,0.364,0.00
1786373909,bench_mixed,0.00,0.00,0.0,23.510,0.003,69.040,0.365,0.00
1786373914,bench_mixed,0.00,0.00,0.0,23.510,0.003,69.040,0.365,0.00
1786373919,bench_mixed,0.00,0.00,0.0,23.510,0.003,69.040,0.366,0.00
1786373924,bench_mixed,0.00,0.00,0.0,23.510,0.003,69.040,0.366,0.00
1786373929,bench_mixed,0.00,0.00,0.0,23.510,0.003,69.040,0.367,0.00
1786373934,bench_mixed,0.00,0.00,0.0,23.510,0.003,69.040,0.368,0.00
1786373939,bench_mixed,0.00,0.00,0.0,23.510,0.003,69.040,0.368,0.00
1786373944,bench_mixed,0.00,0.00,0.0,23.510,0.003,69.040,0.367,0.00
1786373949,bench_mixed,0.00,0.00,0.0,23.510,0.003,69.040,0.368,0.00
1786373954,bench_mixed,0.00,0.00,0.0,23.510,0.003,69.040,0.364,0.00
1786373959,bench_mixed,0.00,0.00,0.0,23.510,0.003,69.040,0.365,0.00
1786373964,bench_mixed,0.00,0.00,0.0,23.510,0.003,69.040,0.364,0.00
1786373969,bench_mixed,0.00,0.00,0.0,23.510,0.003,69.040,0.363,0.00
1786373974,bench_mixed,0.00,0.00,0.0,23.510,0.003,69.040,0.362,0.00
1786373979,bench_mixed,0.00,0.00,0.0,23.510,0.003,69.040,0.363,0.00
1786373985,bench_mixed,0.00,0.00,0.0,23.510,0.003,69.040,0.365,0.00
1786373990,bench_mixed,0.00,0.00,0.0,23.510,0.003,69.040,0.365,0.00
1786373995,bench_mixed,0.00,0.00,0.0,23.510,0.003,69.040,0.365,0.00
1786374000,bench_mixed,0.00,0.00,0.0,23.510,0.003,69.040,0.366,0.00
1786374005,bench_mixed,0.00,0.00,0.0,23.510,0.003,69.040,0.366,0.00
1786374010,bench_mixed,0.00,0.00,0.0,23.510,0.003,69.040,0.367,0.00
1786374015,bench_mixed,0.00,0.00,0.0,23.510,0.003,69.040,0.366,0.00
1786374020,bench_mixed,0.00,0.00,0.0,23.510,0.003,69.040,0.367,0.00
1786374025,bench_mixed,0.00,0.00,0.0,23.510,0.003,69.040,0.366,0.00
1786374030,bench_mixed,0.00,0.00,0.0,23.510,0.003,69.040,0.367,0.00
1786374035,bench_mixed,0.00,0.00,0.0,23.510,0.003,69.040,0.366,0.00
1786374040,bench_mixed,0.00,0.00,0.0,23.510,0.003,69.040,0.368,0.00
1786374045,bench_mixed,0.00,0.00,0.0,23.510,0.003,69.040,0.366,0.00
1786374050,bench_mixed,0.00,0.00,0.0,23.510,0.003,69.040,0.366,0.00
1786374055,bench_mixed,0.00,0.00,0.0,23.510,0.003,69.040,0.365,0.00
1786374060,bench_mixed,0.00,0.00,0.0,23.510,0.003,69.040,0.364,0.00
1786374065,bench_mixed,0.00,0.00,0.0,23.510,0.003,69.040,0.363,0.00
1786374070,bench_mixed,0.00,0.00,0.0,23.510,0.003,69.040,0.365,0.00
1786374075,bench_mixed,0.00,0.00,0.0,23.510,0.003,69.040,0.363,0.00
1786374081,bench_mixed,0.00,0.00,0.0,23.510,0.003,69.040,0.365,0.00
1786374086,bench_mixed,0.00,0.00,0.0,23.510,0.003,69.040,0.363,0.00
1786374091,bench_mixed,0.00,0.00,0.0,23.510,0.003,69.040,0.364,0.00
1786374096,bench_mixed,0.00,0.00,0.0,23.510,0.003,69.040,0.359,0.01
1786374101,bench_mixed,0.00,0.00,0.0,23.510,0.003,69.040,0.360,0.00
1786374106,bench_mixed,0.00,0.00,0.0,23.510,0.003,69.040,0.360,0.00
1786374111,bench_mixed,0.00,0.00,0.0,23.510,0.003,69.040,0.363,0.00
1786374116,bench_mixed,0.00,0.00,0.0,23.510,0.003,69.040,0.361,0.00
1786374121,bench_mixed,0.00,0.00,0.0,23.510,0.003,69.040,0.361,0.00
1786374126,bench_mixed,0.00,0.00,0.0,23.510,0.003,69.040,0.363,0.00
1786374131,bench_mixed,0.00,0.00,0.0,23.510,0.003,69.040,0.364,0.00
1786374136,bench_mixed,0.00,0.00,0.0,23.510,0.003,69.040,0.362,0.00
1786374141,bench_mixed,0.00,0.00,0.0,23.510,0.003,69.040,0.362,0.00
1786374146,bench_mixed,0.00,0.00,0.0,23.510,0.003,69.040,0.362,0.00
1786374151,bench_mixed,0.00,0.00,0.0,23.510,0.003,69.040,0.363,0.00
1786374156,bench_mixed,0.00,0.00,0.0,23.510,0.003,69.040,0.362,0.00
1786374161,bench_mixed,0.00,0.00,0.0,23.510,0.003,69.040,0.363,0.00
1786374166,bench_mixed,0.00,0.00,0.0,23.510,0.003,69.040,0.362,0.00
1786374171,bench_mixed,0.00,0.00,0.0,23.510,0.003,69.040,0.363,0.00
1786374177,bench_mixed,0.00,0.00,0.0,23.510,0.003,69.040,0.367,0.00
1786374182,bench_mixed,0.00,0.00,0.0,23.510,0.003,69.040,0.367,0.00
1786374187,bench_mixed,0.00,0.00,0.0,23.510,0.003,69.040,0.366,0.00
1786374192,bench_mixed,0.00,0.00,0.0,23.510,0.003,69.040,0.367,0.00
1786374197,bench_mixed,0.00,0.00,0.0,23.510,0.003,69.040,0.365,0.00
1786374202,bench_mixed,0.00,0.00,0.0,23.510,0.003,69.040,0.366,0.00
1786374207,bench_mixed,0.00,0.00,0.0,23.510,0.003,69.040,0.366,0.00
1786374212,bench_mixed,0.00,0.00,0.0,23.510,0.003,69.040,0.365,0.00
1786374217,bench_mixed,0.00,0.00,0.0,23.510,0.003,69.040,0.365,0.00
1786374222,bench_mixed,0.00,0.00,0.0,23.510,0.003,69.040,0.364,0.00
1786374227,bench_mixed,0.00,0.00,0.0,23.510,0.003,69.040,0.365,0.00
1786374232,bench_mixed,0.00,0.00,0.0,23.510,0.003,69.040,0.365,0.00
1786374237,bench_mixed,0.00,0.00,0.0,23.510,0.003,69.040,0.366,0.00
1786374242,bench_mixed,0.00,0.00,0.0,23.510,0.003,69.040,0.366,0.00
1786374247,bench_mixed,0.00,0.00,0.0,23.510,0.003,69.040,0.366,0.00
1786374252,bench_mixed,0.00,0.00,0.0,23.510,0.003,69.040,0.363,0.00
1786374257,bench_mixed,0.00,0.00,0.0,23.510,0.003,69.040,0.363,0.00
1786374262,bench_mixed,0.00,0.00,0.0,23.510,0.003,69.040,0.363,0.00
1786374268,bench_mixed,0.00,0.00,0.0,23.510,0.003,69.040,0.363,0.00
1786374273,bench_mixed,0.00,0.00,0.0,23.510,0.003,69.040,0.363,0.00
1786374278,bench_mixed,0.00,0.00,0.0,23.510,0.003,69.040,0.364,0.00
1786374283,bench_mixed,0.00,0.00,0.0,23.510,0.003,69.040,0.363,0.00
1786374288,bench_mixed,0.00,0.00,0.0,23.510,0.003,69.040,0.364,0.00
1786374293,bench_mixed,0.00,0.00,0.0,23.510,0.003,69.040,0.363,0.00
1786374298,bench_mixed,0.00,0.00,0.0,23.510,0.003,69.040,0.364,0.00
1786374303,bench_mixed,0.00,0.00,0.0,23.510,0.003,69.040,0.361,0.00
1786374308,bench_mixed,0.00,0.00,0.0,23.510,0.003,69.040,0.363,0.00
1786374313,bench_mixed,0.00,0.00,0.0,23.510,0.003,69.040,0.363,0.00
1786374318,bench_mixed,0.00,0.00,0.0,23.510,0.003,69.040,0.363,0.00
1786374323,bench_mixed,0.00,0.00,0.0,23.510,0.003,69.040,0.363,0.00
1786374328,bench_mixed,0.00,0.00,0.0,23.510,0.003,69.040,0.364,0.00
1786374333,bench_mixed,0.00,0.00,0.0,23.510,0.003,69.040,0.364,0.00
1786374338,bench_mixed,0.00,0.00,0.0,23.510,0.003,69.040,0.364,0.00
1786374343,bench_mixed,0.00,0.00,0.0,23.510,0.003,69.040,0.364,0.00
1786374348,bench_mixed,0.00,0.00,0.0,23.510,0.003,69.040,0.365,0.00
1786374353,bench_mixed,0.00,0.00,0.0,23.510,0.003,69.040,0.361,0.00
1786374358,bench_mixed,0.00,0.00,0.0,23.510,0.003,69.040,0.362,0.00
1786374364,bench_mixed,0.00,0.00,0.0,23.510,0.003,69.040,0.363,0.00
1786374369,bench_mixed,0.00,0.00,0.0,23.510,0.003,69.040,0.365,0.00
1786374374,bench_mixed,0.00,0.00,0.0,23.510,0.003,69.040,0.363,0.00
1786374379,bench_mixed,0.00,0.00,0.0,23.510,0.003,69.040,0.365,0.00
1786374384,bench_mixed,0.00,0.00,0.0,23.510,0.003,69.040,0.364,0.00
1786374389,bench_mixed,0.00,0.00,0.0,23.510,0.003,69.040,0.364,0.00
1786374394,bench_mixed,0.00,0.00,0.0,23.510,0.003,69.040,0.365,0.00
1786374399,bench_mixed,0.00,0.00,0.0,23.510,0.003,69.040,0.359,0.02
1786374404,bench_mixed,0.00,0.00,0.0,23.510,0.003,69.040,0.360,0.00
1786374409,bench_mixed,0.00,0.00,0.0,23.510,0.003,69.040,0.362,0.00
1786374414,bench_mixed,0.00,0.00,0.0,23.510,0.003,69.040,0.361,0.00
1786374419,bench_mixed,0.00,0.00,0.0,23.510,0.003,69.040,0.363,0.00
1786374424,bench_mixed,0.00,0.00,0.0,23.510,0.003,69.040,0.362,0.00
1786374429,bench_mixed,0.00,0.00,0.0,23.510,0.003,69.040,0.363,0.00
1786374434,bench_mixed,0.00,0.00,0.0,23.510,0.003,69.040,0.363,0.00
1786374439,bench_mixed,0.00,0.00,0.0,23.510,0.003,69.040,0.363,0.00
1786374444,bench_mixed,0.00,0.00,0.0,23.510,0.003,69.040,0.363,0.00
1786374449,bench_mixed,0.00,0.00,0.0,23.510,0.003,69.040,0.363,0.00
1786374455,bench_mixed,0.00,0.00,0.0,23.510,0.003,69.040,0.362,0.00
1786374460,bench_mixed,0.00,0.00,0.0,23.510,0.003,69.040,0.362,0.00
1786374465,bench_mixed,0.00,0.00,0.0,23.510,0.003,69.040,0.362,0.00
1786374470,bench_mixed,0.00,0.00,0.0,23.510,0.003,69.040,0.362,0.00
1786374475,bench_mixed,0.00,0.00,0.0,23.510,0.003,69.040,0.360,0.00
1786374480,bench_mixed,0.00,0.00,0.0,23.510,0.003,69.040,0.361,0.00
1786374485,bench_mixed,0.00,0.00,0.0,23.510,0.003,69.040,0.360,0.00
1786374490,bench_mixed,0.00,0.00,0.0,23.510,0.003,69.040,0.359,0.00
1786374495,bench_mixed,0.00,0.00,0.0,23.510,0.003,69.040,0.359,0.00
1786374500,bench_mixed,0.00,0.00,0.0,23.510,0.003,69.040,0.360,0.00
1786374505,bench_mixed,0.00,0.00,0.0,23.510,0.003,69.040,0.359,0.00
1786374510,bench_mixed,0.00,0.00,0.0,23.510,0.003,69.040,0.359,0.00
1786374515,bench_mixed,0.00,0.00,0.0,23.510,0.003,69.040,0.360,0.00
1786374520,bench_mixed,0.00,0.00,0.0,23.510,0.003,69.040,0.360,0.00
1786374525,bench_mixed,0.00,0.00,0.0,23.510,0.003,69.040,0.359,0.00
1786374530,bench_mixed,0.00,0.00,0.0,23.510,0.003,69.040,0.359,0.00
1786374535,bench_mixed,0.00,0.00,0.0,23.510,0.003,69.040,0.359,0.00
1786374540,bench_mixed,0.00,0.00,0.0,23.510,0.003,69.040,0.360,0.00
1786374545,bench_mixed,0.00,0.00,0.0,23.510,0.003,69.040,0.362,0.00
1786374551,bench_mixed,0.00,0.00,0.0,23.510,0.003,69.040,0.363,0.00
1786374556,bench_mixed,0.00,0.00,0.0,23.510,0.003,69.040,0.361,0.00
1786374561,bench_mixed,0.00,0.00,0.0,23.510,0.003,69.040,0.359,0.00
1786374566,bench_mixed,0.00,0.00,0.0,23.510,0.003,69.040,0.352,0.00
1786374571,bench_mixed,0.00,0.00,0.0,23.510,0.003,69.040,0.360,0.00
1786374576,bench_mixed,0.00,0.00,0.0,23.510,0.003,69.040,0.359,0.00
1786374581,bench_mixed,0.00,0.00,0.0,23.510,0.003,69.040,0.361,0.00
1786374586,bench_mixed,0.00,0.00,0.0,23.510,0.003,69.040,0.362,0.00
1786374591,bench_mixed,0.00,0.00,0.0,23.510,0.003,69.040,0.362,0.00
1786374596,bench_mixed,0.00,0.00,0.0,23.510,0.003,69.040,0.362,0.00
1786374601,bench_mixed,0.00,0.00,0.0,23.510,0.003,69.040,0.362,0.00
1786374606,bench_mixed,0.00,0.00,0.0,23.510,0.003,69.040,0.361,0.00
1786374611,bench_mixed,0.00,0.00,0.0,23.510,0.003,69.040,0.362,0.00
1786374616,bench_mixed,0.00,0.00,0.0,23.510,0.003,69.040,0.363,0.00
1786374621,bench_mixed,0.00,0.00,0.0,23.510,0.003,69.040,0.361,0.00
1786374626,bench_mixed,0.00,0.00,0.0,23.510,0.003,69.040,0.361,0.00
1786374631,bench_mixed,0.00,0.00,0.0,23.510,0.003,69.040,0.360,0.00
1786374636,bench_mixed,0.00,0.00,0.0,23.510,0.003,69.040,0.360,0.00
1786374642,bench_mixed,0.00,0.00,0.0,23.510,0.003,69.040,0.363,0.00
1786374647,bench_mixed,0.00,0.00,0.0,23.510,0.003,69.040,0.362,0.00
1786374652,bench_mixed,0.00,0.00,0.0,23.510,0.003,69.040,0.364,0.00
1786374657,bench_mixed,0.00,0.00,0.0,23.510,0.003,69.040,0.364,0.00
1786374662,bench_mixed,0.00,0.00,0.0,23.510,0.003,69.040,0.362,0.00
1786374667,bench_mixed,0.00,0.00,0.0,23.510,0.003,69.040,0.360,0.00
1786374672,bench_mixed,0.00,0.00,0.0,23.510,0.003,69.040,0.361,0.00
1786374677,bench_mixed,0.00,0.00,0.0,23.510,0.003,69.040,0.361,0.00
1786374682,bench_mixed,0.00,0.00,0.0,23.510,0.003,69.040,0.361,0.00
1786374687,bench_mixed,0.00,0.00,0.0,23.510,0.003,69.040,0.361,0.00
1786374692,bench_mixed,0.00,0.00,0.0,23.510,0.003,69.040,0.363,0.00
1786374697,bench_mixed,0.00,0.00,0.0,23.510,0.003,69.040,0.357,0.02
1786374702,bench_mixed,0.00,0.00,0.0,23.510,0.003,69.040,0.358,0.00
1786374707,bench_mixed,0.00,0.00,0.0,23.510,0.003,69.040,0.359,0.00
1786374712,bench_mixed,0.00,0.00,0.0,23.510,0.003,69.040,0.359,0.00
1786374717,bench_mixed,0.00,0.00,0.0,23.510,0.003,69.040,0.360,0.00
1786374722,bench_mixed,0.00,0.00,0.0,23.510,0.003,69.040,0.358,0.00
1786374727,bench_mixed,0.00,0.00,0.0,23.510,0.003,69.040,0.358,0.00
1786374732,bench_mixed,0.00,0.00,0.0,23.510,0.003,69.040,0.359,0.00
1786374738,bench_mixed,0.00,0.00,0.0,23.510,0.003,69.040,0.358,0.00
1786374743,bench_mixed,0.00,0.00,0.0,23.510,0.003,69.040,0.359,0.00
1786374748,bench_mixed,0.00,0.00,0.0,23.510,0.003,69.040,0.360,0.00
1786374753,bench_mixed,0.00,0.00,0.0,23.510,0.003,69.040,0.359,0.00
1786374758,bench_mixed,0.00,0.00,0.0,23.510,0.003,69.040,0.359,0.00
1786374763,bench_mixed,0.00,0.00,0.0,23.510,0.003,69.040,0.358,0.00
1786374768,bench_mixed,0.00,0.00,0.0,23.510,0.003,69.040,0.358,0.00
1786374773,bench_mixed,0.00,0.00,0.0,23.510,0.003,69.040,0.360,0.00
1786374778,bench_mixed,0.00,0.00,0.0,23.510,0.003,69.040,0.359,0.00
1786374783,bench_mixed,0.00,0.00,0.0,23.510,0.003,69.040,0.360,0.00
1786374788,bench_mixed,0.00,0.00,0.0,23.510,0.003,69.040,0.361,0.00
1786374793,bench_mixed,0.00,0.00,0.0,23.510,0.003,69.040,0.360,0.00
1786374798,bench_mixed,0.00,0.00,0.0,23.510,0.003,69.040,0.362,0.00
1786374803,bench_mixed,0.00,0.00,0.0,23.510,0.003,69.040,0.360,0.00
1786374808,bench_mixed,0.00,0.00,0.0,23.510,0.003,69.040,0.359,0.00
1786374813,bench_mixed,0.00,0.00,0.0,23.510,0.003,69.040,0.359,0.00
1786374818,bench_mixed,0.00,0.00,0.0,23.510,0.003,69.040,0.360,0.00
1786374823,bench_mixed,0.00,0.00,0.0,23.510,0.003,69.040,0.361,0.00
1786374828,bench_mixed,0.00,0.00,0.0,23.510,0.003,69.040,0.362,0.00
1786374834,bench_mixed,0.00,0.00,0.0,23.510,0.003,69.040,0.361,0.00
1786374839,bench_mixed,0.00,0.00,0.0,23.510,0.003,69.040,0.363,0.00
1786374844,bench_mixed,0.00,0.00,0.0,23.510,0.003,69.040,0.361,0.00
1786374849,bench_mixed,0.00,0.00,0.0,23.510,0.003,69.040,0.362,0.00
1786374854,bench_mixed,0.00,0.00,0.0,23.510,0.003,69.040,0.360,0.00
1786374859,bench_mixed,0.00,0.00,0.0,23.510,0.003,69.040,0.360,0.00
1786374864,bench_mixed,0.00,0.00,0.0,23.510,0.003,69.040,0.358,0.00
1786374869,bench_mixed,0.00,0.00,0.0,23.510,0.003,69.040,0.358,0.00
1786374874,bench_mixed,0.00,0.00,0.0,23.510,0.003,69.040,0.359,0.00
1786374879,bench_mixed,0.00,0.00,0.0,23.510,0.003,69.040,0.358,0.00
1786374884,bench_mixed,0.00,0.00,0.0,23.510,0.003,69.040,0.359,0.00
1786374889,bench_mixed,0.00,0.00,0.0,23.510,0.003,69.040,0.360,0.00
1786374894,bench_mixed,0.00,0.00,0.0,23.510,0.003,69.040,0.364,0.00
1786374899,bench_mixed,0.00,0.00,0.0,23.510,0.003,69.040,0.363,0.00
1786374904,bench_mixed,0.00,0.00,0.0,23.510,0.003,69.040,0.360,0.00
1786374909,bench_mixed,0.00,0.00,0.0,23.510,0.003,69.040,0.363,0.00
1786374914,bench_mixed,0.00,0.00,0.0,23.510,0.003,69.040,0.361,0.00
1786374919,bench_mixed,0.00,0.00,0.0,23.510,0.003,69.040,0.360,0.00
1786374925,bench_mixed,0.00,0.00,0.0,23.510,0.003,69.040,0.359,0.00
1786374930,bench_mixed,0.00,0.00,0.0,23.510,0.003,69.040,0.359,0.00
1786374935,bench_mixed,0.00,0.00,0.0,23.510,0.003,69.040,0.359,0.00
1786374940,bench_mixed,0.00,0.00,0.0,23.510,0.003,69.040,0.359,0.00
1786374945,bench_mixed,0.00,0.00,0.0,23.510,0.003,69.040,0.359,0.00
1786374950,bench_mixed,0.00,0.00,0.0,23.510,0.003,69.040,0.359,0.00
1786374955,bench_mixed,0.00,0.00,0.0,23.510,0.003,69.040,0.359,0.00
1786374960,bench_mixed,0.00,0.00,0.0,23.510,0.003,69.040,0.360,0.00
1786374965,bench_mixed,0.00,0.00,0.0,23.510,0.003,69.040,0.361,0.00
1786374970,bench_mixed,0.00,0.00,0.0,23.510,0.003,69.040,0.360,0.00
1786374975,bench_mixed,0.00,0.00,0.0,23.510,0.003,69.040,0.361,0.00
1786374980,bench_mixed,0.00,0.00,0.0,23.510,0.003,69.040,0.364,0.00
1786374985,bench_mixed,0.00,0.00,0.0,23.510,0.003,69.040,0.364,0.00
1786374990,bench_mixed,0.00,0.00,0.0,23.510,0.003,69.040,0.364,0.00
1786374995,bench_mixed,0.00,0.00,0.0,23.510,0.003,69.040,0.364,0.00
1786375000,bench_mixed,0.00,0.00,0.0,23.510,0.003,69.040,0.356,0.02
1786375005,bench_mixed,0.00,0.00,0.0,23.510,0.003,69.040,0.356,0.00
1786375010,bench_mixed,0.00,0.00,0.0,23.510,0.003,69.040,0.358,0.00
1786375015,bench_mixed,0.00,0.00,0.0,23.510,0.003,69.040,0.357,0.00
1786375021,bench_mixed,0.00,0.00,0.0,23.510,0.003,69.040,0.359,0.00
1786375026,bench_mixed,0.00,0.00,0.0,23.510,0.003,69.040,0.358,0.00
1786375031,bench_mixed,0.00,0.00,0.0,23.510,0.003,69.040,0.360,0.00
1786375036,bench_mixed,0.00,0.00,0.0,23.510,0.003,69.040,0.360,0.00
1786375041,bench_mixed,0.00,0.00,0.0,23.510,0.003,69.040,0.360,0.00
1786375046,bench_mixed,0.00,0.00,0.0,23.510,0.003,69.040,0.360,0.00
1786375051,bench_mixed,0.00,0.00,0.0,23.510,0.003,69.040,0.361,0.00
1786375056,bench_mixed,0.00,0.00,0.0,23.510,0.003,69.040,0.361,0.00
1786375061,bench_mixed,0.00,0.00,0.0,23.510,0.003,69.040,0.361,0.00
1786375066,bench_mixed,0.00,0.00,0.0,23.510,0.003,69.040,0.363,0.00
1786375071,bench_mixed,0.00,0.00,0.0,23.510,0.003,69.040,0.364,0.00
1786375076,bench_mixed,0.00,0.00,0.0,23.510,0.003,69.040,0.364,0.00
1786375081,bench_mixed,0.00,0.00,0.0,23.510,0.003,69.040,0.363,0.00
1786375086,bench_mixed,0.00,0.00,0.0,23.510,0.003,69.040,0.364,0.00
1786375091,bench_mixed,0.00,0.00,0.0,23.510,0.003,69.040,0.363,0.00
1786375096,bench_mixed,0.00,0.00,0.0,23.510,0.003,69.040,0.363,0.00
1786375101,bench_mixed,0.00,0.00,0.0,23.510,0.003,69.040,0.361,0.00
1786375106,bench_mixed,0.00,0.00,0.0,23.510,0.003,69.040,0.361,0.00
1786375112,bench_mixed,0.00,0.00,0.0,23.510,0.003,69.040,0.359,0.00
1786375117,bench_mixed,0.00,0.00,0.0,23.510,0.003,69.040,0.360,0.00
1786375122,bench_mixed,0.00,0.00,0.0,23.510,0.003,69.040,0.360,0.00
1786375127,bench_mixed,0.00,0.00,0.0,23.510,0.003,69.040,0.360,0.00
1786375132,bench_mixed,0.00,0.00,0.0,23.510,0.003,69.040,0.360,0.00
1786375137,bench_mixed,0.00,0.00,0.0,23.510,0.003,69.040,0.359,0.00
1786375142,bench_mixed,0.00,0.00,0.0,23.510,0.003,69.040,0.361,0.00
1786375147,bench_mixed,0.00,0.00,0.0,23.510,0.003,69.040,0.361,0.00
1786375152,bench_mixed,0.00,0.00,0.0,23.510,0.003,69.040,0.359,0.00
1786375157,bench_mixed,0.00,0.00,0.0,23.510,0.003,69.040,0.360,0.00
1786375162,bench_mixed,0.00,0.00,0.0,23.510,0.003,69.040,0.361,0.00
1786375167,bench_mixed,0.00,0.00,0.0,23.510,0.003,69.040,0.362,0.00
1786375172,bench_mixed,0.00,0.00,0.0,23.510,0.003,69.040,0.360,0.00
1786375177,bench_mixed,0.00,0.00,0.0,23.510,0.003,69.040,0.362,0.00
1786375182,bench_mixed,0.00,0.00,0.0,23.510,0.003,69.040,0.363,0.00
1786375187,bench_mixed,0.00,0.00,0.0,23.510,0.003,69.040,0.364,0.00
1786375192,bench_mixed,0.00,0.00,0.0,23.510,0.003,69.040,0.363,0.00
1786375197,bench_mixed,0.00,0.00,0.0,23.510,0.003,69.040,0.363,0.00
1786375202,bench_mixed,0.00,0.00,0.0,23.510,0.003,69.040,0.361,0.00
1786375208,bench_mixed,0.00,0.00,0.0,23.510,0.003,69.040,0.363,0.00
1786375213,bench_mixed,0.00,0.00,0.0,23.510,0.003,69.040,0.362,0.00
1786375218,bench_mixed,0.00,0.00,0.0,23.510,0.003,69.040,0.363,0.00
1786375223,bench_mixed,0.00,0.00,0.0,23.510,0.003,69.040,0.362,0.00
1786375228,bench_mixed,0.00,0.00,0.0,23.510,0.003,69.040,0.362,0.00
1786375233,bench_mixed,0.00,0.00,0.0,23.510,0.003,69.040,0.361,0.00
1786375238,bench_mixed,0.00,0.00,0.0,23.510,0.003,69.040,0.362,0.00
1786375243,bench_mixed,0.00,0.00,0.0,23.510,0.003,69.040,0.360,0.00
1786375248,bench_mixed,0.00,0.00,0.0,23.510,0.003,69.040,0.361,0.00
1786375253,bench_mixed,0.00,0.00,0.0,23.510,0.003,69.040,0.360,0.00
1786375258,bench_mixed,0.00,0.00,0.0,23.510,0.003,69.040,0.360,0.00
1786375263,bench_mixed,0.00,0.00,0.0,23.510,0.003,69.040,0.361,0.00
1786375268,bench_mixed,0.00,0.00,0.0,23.510,0.003,69.040,0.361,0.00
1786375273,bench_mixed,0.00,0.00,0.0,23.510,0.003,69.040,0.363,0.00
1786375278,bench_mixed,0.00,0.00,0.0,23.510,0.003,69.040,0.364,0.00
1786375283,bench_mixed,0.00,0.00,0.0,23.510,0.003,69.040,0.366,0.00
1786375288,bench_mixed,0.00,0.00,0.0,23.510,0.003,69.040,0.364,0.00
1786375293,bench_mixed,0.00,0.00,0.0,23.510,0.003,69.040,0.355,0.00
1786375299,bench_mixed,0.00,0.00,0.0,23.510,0.003,69.040,0.357,0.02
1786375304,bench_mixed,0.00,0.00,0.0,23.510,0.003,69.040,0.358,0.00
1786375309,bench_mixed,0.00,0.00,0.0,23.510,0.003,69.040,0.358,0.00
1786375314,bench_mixed,0.00,0.00,0.0,23.510,0.003,69.040,0.360,0.00
1786375319,bench_mixed,0.00,0.00,0.0,23.510,0.003,69.040,0.361,0.00
1786375324,bench_mixed,0.00,0.00,0.0,23.510,0.003,69.040,0.361,0.00
1786375329,bench_mixed,0.00,0.00,0.0,23.510,0.003,69.040,0.361,0.00
1786375334,bench_mixed,0.00,0.00,0.0,23.510,0.003,69.040,0.362,0.00
1786375339,bench_mixed,0.00,0.00,0.0,23.510,0.003,69.040,0.363,0.00
1786375344,bench_mixed,0.00,0.00,0.0,23.510,0.003,69.040,0.363,0.00
1786375349,bench_mixed,0.00,0.00,0.0,23.510,0.003,69.040,0.363,0.00
1786375354,bench_mixed,0.00,0.00,0.0,23.510,0.003,69.040,0.362,0.00
1786375359,bench_mixed,0.00,0.00,0.0,23.510,0.003,69.040,0.362,0.00
1786375364,bench_mixed,0.00,0.00,0.0,23.510,0.003,69.040,0.362,0.00
1786375369,bench_mixed,0.00,0.00,0.0,23.510,0.003,69.040,0.362,0.00
1786375374,bench_mixed,0.00,0.00,0.0,23.510,0.003,69.040,0.362,0.00
1786375379,bench_mixed,0.00,0.00,0.0,23.510,0.003,69.040,0.362,0.00
1786375384,bench_mixed,0.00,0.00,0.0,23.510,0.003,69.040,0.362,0.00
1786375389,bench_mixed,0.00,0.00,0.0,23.510,0.003,69.040,0.362,0.00
1786375395,bench_mixed,0.00,0.00,0.0,23.510,0.003,69.040,0.363,0.00
1786375400,bench_mixed,0.00,0.00,0.0,23.510,0.003,69.040,0.361,0.00
1786375405,bench_mixed,0.00,0.00,0.0,23.510,0.003,69.040,0.361,0.00
1786375410,bench_mixed,0.00,0.00,0.0,23.510,0.003,69.040,0.362,0.00
1786375415,bench_mixed,0.00,0.00,0.0,23.510,0.003,69.040,0.362,0.00
1786375420,bench_mixed,0.00,0.00,0.0,23.510,0.003,69.040,0.363,0.00
1786375425,bench_mixed,0.00,0.00,0.0,23.510,0.003,69.040,0.364,0.00
1786375430,bench_mixed,0.00,0.00,0.0,23.510,0.003,69.040,0.361,0.00
1786375435,bench_mixed,0.00,0.00,0.0,23.510,0.003,69.040,0.361,0.00
1786375440,bench_mixed,0.00,0.00,0.0,23.510,0.003,69.040,0.362,0.00
1786375445,bench_mixed,0.00,0.00,0.0,23.510,0.003,69.040,0.362,0.00
1786375450,bench_mixed,0.00,0.00,0.0,23.510,0.003,69.040,0.362,0.00
1786375455,bench_mixed,0.00,0.00,0.0,23.510,0.003,69.040,0.363,0.00
1786375460,bench_mixed,0.00,0.00,0.0,23.510,0.003,69.040,0.363,0.00
1786375465,bench_mixed,0.00,0.00,0.0,23.510,0.003,69.040,0.365,0.00
1786375470,bench_mixed,0.00,0.00,0.0,23.510,0.003,69.040,0.364,0.00
1786375475,bench_mixed,0.00,0.00,0.0,23.510,0.003,69.040,0.366,0.00
1786375480,bench_mixed,0.00,0.00,0.0,23.510,0.003,69.040,0.362,0.00
1786375485,bench_mixed,0.00,0.00,0.0,23.510,0.003,69.040,0.364,0.00
1786375491,bench_mixed,0.00,0.00,0.0,23.510,0.003,69.040,0.362,0.00
1786375496,bench_mixed,0.00,0.00,0.0,23.510,0.003,69.040,0.363,0.00
1786375501,bench_mixed,0.00,0.00,0.0,23.510,0.003,69.040,0.362,0.00
1786375506,bench_mixed,0.00,0.00,0.0,23.510,0.003,69.040,0.361,0.00
1786375511,bench_mixed,0.00,0.00,0.0,23.510,0.003,69.040,0.360,0.00
1786375516,bench_mixed,0.00,0.00,0.0,23.510,0.003,69.040,0.361,0.00
1786375521,bench_mixed,0.00,0.00,0.0,23.510,0.003,69.040,0.360,0.00
1786375526,bench_mixed,0.00,0.00,0.0,23.510,0.003,69.040,0.360,0.00
1786375531,bench_mixed,0.00,0.00,0.0,23.510,0.003,69.040,0.358,0.00
1786375536,bench_mixed,0.00,0.00,0.0,23.510,0.003,69.040,0.359,0.00
1786375541,bench_mixed,0.00,0.00,0.0,23.510,0.003,69.040,0.361,0.00
1786375546,bench_mixed,0.00,0.00,0.0,23.510,0.003,69.040,0.361,0.00
1786375551,bench_mixed,0.00,0.00,0.0,23.510,0.003,69.040,0.359,0.00
1786375556,bench_mixed,0.00,0.00,0.0,23.510,0.003,69.040,0.360,0.00
1786375561,bench_mixed,0.00,0.00,0.0,23.510,0.003,69.040,0.360,0.00
1786375566,bench_mixed,0.00,0.00,0.0,23.510,0.003,69.040,0.360,0.00
1786375571,bench_mixed,0.00,0.00,0.0,23.510,0.003,69.040,0.358,0.00
1786375576,bench_mixed,0.00,0.00,0.0,23.510,0.003,69.040,0.358,0.00
1786375582,bench_mixed,0.00,0.00,0.0,23.510,0.003,69.040,0.360,0.00
1786375587,bench_mixed,0.00,0.00,0.0,23.510,0.003,69.040,0.360,0.00
1786375592,bench_mixed,0.00,0.00,0.0,23.510,0.003,69.040,0.360,0.00
1786375597,bench_mixed,0.00,0.00,0.0,23.510,0.003,69.040,0.358,0.02
1786375602,bench_mixed,0.00,0.00,0.0,23.510,0.003,69.040,0.358,0.00
1786375607,bench_mixed,0.00,0.00,0.0,23.510,0.003,69.040,0.358,0.00
1786375612,bench_mixed,0.00,0.00,0.0,23.510,0.003,69.040,0.357,0.00
1786375617,bench_mixed,0.00,0.00,0.0,23.510,0.003,69.040,0.357,0.00
1786375622,bench_mixed,0.00,0.00,0.0,23.510,0.003,69.040,0.357,0.00
1786375627,bench_mixed,0.00,0.00,0.0,23.510,0.003,69.040,0.359,0.00
1786375632,bench_mixed,0.00,0.00,0.0,23.510,0.003,69.040,0.358,0.00
1786375637,bench_mixed,0.00,0.00,0.0,23.510,0.003,69.040,0.360,0.00
1786375642,bench_mixed,0.00,0.00,0.0,23.510,0.003,69.040,0.360,0.00
1786375647,bench_mixed,0.00,0.00,0.0,23.510,0.003,69.040,0.359,0.00
1786375652,bench_mixed,0.00,0.00,0.0,23.510,0.003,69.040,0.358,0.00
1786375657,bench_mixed,0.00,0.00,0.0,23.510,0.003,69.040,0.359,0.00
1786375662,bench_mixed,0.00,0.00,0.0,23.510,0.003,69.040,0.359,0.00
1786375667,bench_mixed,0.00,0.00,0.0,23.510,0.003,69.040,0.360,0.00
1786375672,bench_mixed,0.00,0.00,0.0,23.510,0.003,69.040,0.361,0.00
1786375678,bench_mixed,0.00,0.00,0.0,23.510,0.003,69.040,0.361,0.00
1786375683,bench_mixed,0.00,0.00,0.0,23.510,0.003,69.040,0.362,0.00
1786375688,bench_mixed,0.00,0.00,0.0,23.510,0.003,69.040,0.358,0.00
1786375693,bench_mixed,0.00,0.00,0.0,23.510,0.003,69.040,0.360,0.00
1786375698,bench_mixed,0.00,0.00,0.0,23.510,0.003,69.040,0.359,0.00
1786375703,bench_mixed,0.00,0.00,0.0,23.510,0.003,69.040,0.359,0.00
1786375708,bench_mixed,0.00,0.00,0.0,23.510,0.003,69.040,0.358,0.00
1786375713,bench_mixed,0.00,0.00,0.0,23.510,0.003,69.040,0.357,0.00
1786375718,bench_mixed,0.00,0.00,0.0,23.510,0.003,69.040,0.359,0.00
1786375723,bench_mixed,0.00,0.00,0.0,23.510,0.003,69.040,0.359,0.00
1786375728,bench_mixed,0.00,0.00,0.0,23.510,0.003,69.040,0.358,0.00
1786375733,bench_mixed,0.00,0.00,0.0,23.510,0.003,69.040,0.358,0.00
1786375738,bench_mixed,0.00,0.00,0.0,23.510,0.003,69.040,0.359,0.00
1786375743,bench_mixed,0.00,0.00,0.0,23.510,0.003,69.040,0.359,0.00
1786375748,bench_mixed,0.00,0.00,0.0,23.510,0.003,69.040,0.359,0.00
1786375753,bench_mixed,0.00,0.00,0.0,23.510,0.003,69.040,0.359,0.00
1786375758,bench_mixed,0.00,0.00,0.0,23.510,0.003,69.040,0.358,0.00
1786375763,bench_mixed,0.00,0.00,0.0,23.510,0.003,69.040,0.359,0.00
1786375769,bench_mixed,0.00,0.00,0.0,23.510,0.003,69.040,0.359,0.00
1786375774,bench_mixed,0.00,0.00,0.0,23.510,0.003,69.040,0.360,0.00
1786375779,bench_mixed,0.00,0.00,0.0,23.510,0.003,69.040,0.361,0.00
1786375784,bench_mixed,0.00,0.00,0.0,23.510,0.003,69.040,0.361,0.00
1786375789,bench_mixed,0.00,0.00,0.0,23.510,0.003,69.040,0.361,0.00
1786375794,bench_mixed,0.00,0.00,0.0,23.510,0.003,69.040,0.362,0.00
1786375799,bench_mixed,0.00,0.00,0.0,23.510,0.003,69.040,0.360,0.00
1786375804,bench_mixed,0.00,0.00,0.0,23.510,0.003,69.040,0.361,0.00
1786375809,bench_mixed,0.00,0.00,0.0,23.510,0.003,69.040,0.360,0.00
1786375814,bench_mixed,0.00,0.00,0.0,23.510,0.003,69.040,0.360,0.00
1786375819,bench_mixed,0.00,0.00,0.0,23.510,0.003,69.040,0.362,0.00
1786375824,bench_mixed,0.00,0.00,0.0,23.510,0.003,69.040,0.363,0.00
1786375829,bench_mixed,0.00,0.00,0.0,23.510,0.003,69.040,0.360,0.00
1786375834,bench_mixed,0.00,0.00,0.0,23.510,0.003,69.040,0.362,0.00
1786375839,bench_mixed,0.00,0.00,0.0,23.510,0.003,69.040,0.360,0.00
1786375844,bench_mixed,0.00,0.00,0.0,23.510,0.003,69.040,0.361,0.00
1786375849,bench_mixed,0.00,0.00,0.0,23.510,0.003,69.040,0.361,0.00
1786375854,bench_mixed,0.00,0.00,0.0,23.510,0.003,69.040,0.363,0.00
1786375859,bench_mixed,0.00,0.00,0.0,23.510,0.003,69.040,0.362,0.00
1786375865,bench_mixed,0.00,0.00,0.0,23.510,0.003,69.040,0.362,0.00
1786375870,bench_mixed,0.00,0.00,0.0,23.510,0.003,69.040,0.359,0.00
1786375875,bench_mixed,0.00,0.00,0.0,23.510,0.003,69.040,0.360,0.00
1786375880,bench_mixed,0.00,0.00,0.0,23.510,0.003,69.040,0.361,0.00
1786375885,bench_mixed,0.00,0.00,0.0,23.510,0.003,69.040,0.360,0.00
1786375890,bench_mixed,0.00,0.00,0.0,23.510,0.003,69.040,0.361,0.00
1786375895,bench_mixed,0.00,0.00,0.0,23.510,0.003,69.040,0.361,0.00
1786375900,bench_mixed,0.00,0.00,0.0,23.510,0.003,69.040,0.357,0.02
1786375905,bench_mixed,0.00,0.00,0.0,23.510,0.003,69.040,0.357,0.00
1786375910,bench_mixed,0.00,0.00,0.0,23.510,0.003,69.040,0.358,0.00
1786375915,bench_mixed,0.00,0.00,0.0,23.510,0.003,69.040,0.358,0.00
1786375920,bench_mixed,0.00,0.00,0.0,23.510,0.003,69.040,0.358,0.00
1786375925,bench_mixed,0.00,0.00,0.0,23.510,0.003,69.040,0.359,0.00
1786375930,bench_mixed,0.00,0.00,0.0,23.510,0.003,69.040,0.358,0.00
1786375935,bench_mixed,0.00,0.00,0.0,23.510,0.003,69.040,0.358,0.00
1786375940,bench_mixed,0.00,0.00,0.0,23.510,0.003,69.040,0.357,0.00
1786375945,bench_mixed,0.00,0.00,0.0,23.510,0.003,69.040,0.357,0.00
1786375950,bench_mixed,0.00,0.00,0.0,23.510,0.003,69.040,0.358,0.00
1786375955,bench_mixed,0.00,0.00,0.0,23.510,0.003,69.040,0.358,0.00
1786375961,bench_mixed,0.00,0.00,0.0,23.510,0.003,69.040,0.359,0.00
1786375966,bench_mixed,0.00,0.00,0.0,23.510,0.003,69.040,0.359,0.00
1786375971,bench_mixed,0.00,0.00,0.0,23.510,0.003,69.040,0.359,0.00
1786375976,bench_mixed,0.00,0.00,0.0,23.510,0.003,69.040,0.360,0.00
1786375981,bench_mixed,0.00,0.00,0.0,23.510,0.003,69.040,0.359,0.00
1786375986,bench_mixed,0.00,0.00,0.0,23.510,0.003,69.040,0.359,0.00
1786375991,bench_mixed,0.00,0.00,0.0,23.510,0.003,69.040,0.359,0.00
1786375996,bench_mixed,0.00,0.00,0.0,23.510,0.003,69.040,0.360,0.00
1786376001,bench_mixed,0.00,0.00,0.0,23.510,0.003,69.040,0.359,0.00
1786376006,bench_mixed,0.00,0.00,0.0,23.510,0.003,69.040,0.360,0.00
1786376011,bench_mixed,0.00,0.00,0.0,23.510,0.003,69.040,0.358,0.00
1786376016,bench_mixed,0.00,0.00,0.0,23.510,0.003,69.040,0.359,0.00
1786376021,bench_mixed,0.00,0.00,0.0,23.510,0.003,69.040,0.352,0.00
1786376026,bench_mixed,0.00,0.00,0.0,23.510,0.003,69.040,0.358,0.00
1786376031,bench_mixed,0.00,0.00,0.0,23.510,0.003,69.040,0.359,0.00
1786376036,bench_mixed,0.00,0.00,0.0,23.510,0.003,69.040,0.358,0.00
1786376041,bench_mixed,0.00,0.00,0.0,23.510,0.003,69.040,0.359,0.00
1786376046,bench_mixed,0.00,0.00,0.0,23.510,0.003,69.040,0.360,0.00
1786376052,bench_mixed,0.00,0.00,0.0,23.510,0.003,69.040,0.361,0.00
1786376057,bench_mixed,0.00,0.00,0.0,23.510,0.003,69.040,0.358,0.00
1786376062,bench_mixed,0.00,0.00,0.0,23.510,0.003,69.040,0.359,0.00
1786376067,bench_mixed,0.00,0.00,0.0,23.510,0.003,69.040,0.360,0.00
1786376072,bench_mixed,0.00,0.00,0.0,23.510,0.003,69.040,0.359,0.00
1786376077,bench_mixed,0.00,0.00,0.0,23.510,0.003,69.040,0.359,0.00
1786376082,bench_mixed,0.00,0.00,0.0,23.510,0.003,69.040,0.359,0.00
1786376087,bench_mixed,0.00,0.00,0.0,23.510,0.003,69.040,0.358,0.00
1786376092,bench_mixed,0.00,0.00,0.0,23.510,0.003,69.040,0.358,0.00
1786376097,bench_mixed,0.00,0.00,0.0,23.510,0.003,69.040,0.357,0.00
1786376102,bench_mixed,0.00,0.00,0.0,23.510,0.003,69.040,0.356,0.00
1786376107,bench_mixed,0.00,0.00,0.0,23.510,0.003,69.040,0.357,0.00
1786376112,bench_mixed,0.00,0.00,0.0,23.510,0.003,69.040,0.358,0.00
1786376117,bench_mixed,0.00,0.00,0.0,23.510,0.003,69.040,0.358,0.00
1786376122,bench_mixed,0.00,0.00,0.0,23.510,0.003,69.040,0.357,0.00
1786376127,bench_mixed,0.00,0.00,0.0,23.510,0.003,69.040,0.356,0.00
1786376132,bench_mixed,0.00,0.00,0.0,23.510,0.003,69.040,0.356,0.00
1786376137,bench_mixed,0.00,0.00,0.0,23.510,0.003,69.040,0.356,0.00
1786376142,bench_mixed,0.00,0.00,0.0,23.510,0.003,69.040,0.356,0.00
1786376148,bench_mixed,0.00,0.00,0.0,23.510,0.003,69.040,0.357,0.00
1786376153,bench_mixed,0.00,0.00,0.0,23.510,0.003,69.040,0.357,0.00
1786376158,bench_mixed,0.00,0.00,0.0,23.510,0.003,69.040,0.357,0.00
1786376163,bench_mixed,0.00,0.00,0.0,23.510,0.003,69.040,0.357,0.00
1786376168,bench_mixed,0.00,0.00,0.0,23.510,0.003,69.040,0.358,0.00
1786376173,bench_mixed,0.00,0.00,0.0,23.510,0.003,69.040,0.358,0.00
1786376178,bench_mixed,0.00,0.00,0.0,23.510,0.003,69.040,0.358,0.00
1786376183,bench_mixed,0.00,0.00,0.0,23.510,0.003,69.040,0.358,0.00
1786376188,bench_mixed,0.00,0.00,0.0,23.510,0.003,69.040,0.358,0.00
1786376193,bench_mixed,0.00,0.00,0.0,23.510,0.003,69.040,0.358,0.00
1786376198,bench_mixed,0.00,0.00,0.0,23.510,0.003,69.040,0.355,0.02
1786376203,bench_mixed,0.00,0.00,0.0,23.510,0.003,69.040,0.355,0.00
1786376208,bench_mixed,0.00,0.00,0.0,23.510,0.003,69.040,0.358,0.00
1786376213,bench_mixed,0.00,0.00,0.0,23.510,0.003,69.040,0.357,0.00
1786376218,bench_mixed,0.00,0.00,0.0,23.510,0.003,69.040,0.359,0.00
1786376223,bench_mixed,0.00,0.00,0.0,23.510,0.003,69.040,0.359,0.00
1786376228,bench_mixed,0.00,0.00,0.0,23.510,0.003,69.040,0.359,0.00
1786376233,bench_mixed,0.00,0.00,0.0,23.510,0.003,69.040,0.359,0.00
1786376239,bench_mixed,0.00,0.00,0.0,23.510,0.003,69.040,0.358,0.00
1786376244,bench_mixed,0.00,0.00,0.0,23.510,0.003,69.040,0.358,0.00
1786376249,bench_mixed,0.00,0.00,0.0,23.510,0.003,69.040,0.359,0.00
1786376254,bench_mixed,0.00,0.00,0.0,23.510,0.003,69.040,0.358,0.00
1786376259,bench_mixed,0.00,0.00,0.0,23.510,0.003,69.040,0.357,0.00
1786376264,bench_mixed,0.00,0.00,0.0,23.510,0.003,69.040,0.359,0.00
1786376269,bench_mixed,0.00,0.00,0.0,23.510,0.003,69.040,0.359,0.00
1786376274,bench_mixed,0.00,0.00,0.0,23.510,0.003,69.040,0.358,0.00
1786376279,bench_mixed,0.00,0.00,0.0,23.510,0.003,69.040,0.358,0.00
1786376284,bench_mixed,0.00,0.00,0.0,23.510,0.003,69.040,0.358,0.00
1786376289,bench_mixed,0.00,0.00,0.0,23.510,0.003,69.040,0.358,0.00
1786376294,bench_mixed,0.00,0.00,0.0,23.510,0.003,69.040,0.359,0.00
1786376299,bench_mixed,0.00,0.00,0.0,23.510,0.003,69.040,0.358,0.00
1786376304,bench_mixed,0.00,0.00,0.0,23.510,0.003,69.040,0.358,0.00
1786376309,bench_mixed,0.00,0.00,0.0,23.510,0.003,69.040,0.358,0.00
1786376314,bench_mixed,0.00,0.00,0.0,23.510,0.003,69.040,0.358,0.00
1786376319,bench_mixed,0.00,0.00,0.0,23.510,0.003,69.040,0.358,0.00
1786376324,bench_mixed,0.00,0.00,0.0,23.510,0.003,69.040,0.359,0.00
1786376329,bench_mixed,0.00,0.00,0.0,23.510,0.003,69.040,0.359,0.00
1786376335,bench_mixed,0.00,0.00,0.0,23.510,0.003,69.040,0.358,0.00
1786376340,bench_mixed,0.00,0.00,0.0,23.510,0.003,69.040,0.359,0.00
1786376345,bench_mixed,0.00,0.00,0.0,23.510,0.003,69.040,0.357,0.00
1786376350,bench_mixed,0.00,0.00,0.0,23.510,0.003,69.040,0.358,0.00
1786376355,bench_mixed,0.00,0.00,0.0,23.510,0.003,69.040,0.358,0.00
1786376360,bench_mixed,0.00,0.00,0.0,23.510,0.003,69.040,0.358,0.00
1786376365,bench_mixed,0.00,0.00,0.0,23.510,0.003,69.040,0.359,0.00
1786376370,bench_mixed,0.00,0.00,0.0,23.510,0.003,69.040,0.357,0.00
1786376375,bench_mixed,0.00,0.00,0.0,23.510,0.003,69.040,0.357,0.00
1786376380,bench_mixed,0.00,0.00,0.0,23.510,0.003,69.040,0.357,0.00
1786376385,bench_mixed,0.00,0.00,0.0,23.510,0.003,69.040,0.356,0.00
1786376390,bench_mixed,0.00,0.00,0.0,23.510,0.003,69.040,0.356,0.00
1786376395,bench_mixed,0.00,0.00,0.0,23.510,0.003,69.040,0.357,0.00
1786376400,bench_mixed,0.00,0.00,0.0,23.510,0.003,69.040,0.357,0.00
1786376405,bench_mixed,0.00,0.00,0.0,23.510,0.003,69.040,0.356,0.00
1786376410,bench_mixed,0.00,0.00,0.0,23.510,0.003,69.040,0.356,0.00
1786376415,bench_mixed,0.00,0.00,0.0,23.510,0.003,69.040,0.356,0.00
1786376420,bench_mixed,0.00,0.00,0.0,23.510,0.003,69.040,0.356,0.00
1786376425,bench_mixed,0.00,0.00,0.0,23.510,0.003,69.040,0.356,0.00
1786376431,bench_mixed,0.00,0.00,0.0,23.510,0.003,69.040,0.356,0.00
1786376436,bench_mixed,0.00,0.00,0.0,23.510,0.003,69.040,0.356,0.00
1786376441,bench_mixed,0.00,0.00,0.0,23.510,0.003,69.040,0.357,0.00
1786376446,bench_mixed,0.00,0.00,0.0,23.510,0.003,69.040,0.357,0.00
1786376451,bench_mixed,0.00,0.00,0.0,23.510,0.003,69.040,0.357,0.00
1786376456,bench_mixed,0.00,0.00,0.0,23.510,0.003,69.040,0.357,0.00
1786376461,bench_mixed,0.00,0.00,0.0,23.510,0.003,69.040,0.357,0.00
1786376466,bench_mixed,0.00,0.00,0.0,23.510,0.003,69.040,0.357,0.00
1786376471,bench_mixed,0.00,0.00,0.0,23.510,0.003,69.040,0.357,0.00
1786376476,bench_mixed,0.00,0.00,0.0,23.510,0.003,69.040,0.357,0.00
1786376481,bench_mixed,0.00,0.00,0.0,23.510,0.003,69.040,0.357,0.00
1786376486,bench_mixed,0.00,0.00,0.0,23.510,0.003,69.040,0.356,0.00
1786376491,bench_mixed,0.00,0.00,0.0,23.510,0.003,69.040,0.356,0.00
1786376496,bench_mixed,0.00,0.00,0.0,23.510,0.003,69.040,0.351,0.01
1786376501,bench_mixed,0.00,0.00,0.0,23.510,0.003,69.040,0.353,0.00
1786376506,bench_mixed,0.00,0.00,0.0,23.510,0.003,69.040,0.353,0.00
1786376511,bench_mixed,0.00,0.00,0.0,23.510,0.003,69.040,0.353,0.00
1786376516,bench_mixed,0.00,0.00,0.0,23.510,0.003,69.040,0.353,0.00
1786376522,bench_mixed,0.00,0.00,0.0,23.510,0.003,69.040,0.354,0.00
1786376527,bench_mixed,0.00,0.00,0.0,23.510,0.003,69.040,0.354,0.00
1786376532,bench_mixed,0.00,0.00,0.0,23.510,0.003,69.040,0.355,0.00
1786376537,bench_mixed,0.00,0.00,0.0,23.510,0.003,69.040,0.356,0.00
1786376542,bench_mixed,0.00,0.00,0.0,23.510,0.003,69.040,0.356,0.00
1786376547,bench_mixed,0.00,0.00,0.0,23.510,0.003,69.040,0.357,0.00
1786376552,bench_mixed,0.00,0.00,0.0,23.510,0.003,69.040,0.356,0.00
1786376557,bench_mixed,0.00,0.00,0.0,23.510,0.003,69.040,0.355,0.00
1786376562,bench_mixed,0.00,0.00,0.0,23.510,0.003,69.040,0.356,0.00
1786376567,bench_mixed,0.00,0.00,0.0,23.510,0.003,69.040,0.357,0.00
1786376572,bench_mixed,0.00,0.00,0.0,23.510,0.003,69.040,0.357,0.00
1786376577,bench_mixed,0.00,0.00,0.0,23.510,0.003,69.040,0.356,0.00
1786376582,bench_mixed,0.00,0.00,0.0,23.510,0.003,69.040,0.357,0.00
1786376587,bench_mixed,0.00,0.00,0.0,23.510,0.003,69.040,0.358,0.00
1786376592,bench_mixed,0.00,0.00,0.0,23.510,0.003,69.040,0.358,0.00
1786376597,bench_mixed,0.00,0.00,0.0,23.510,0.003,69.040,0.356,0.00
1786376602,bench_mixed,0.00,0.00,0.0,23.510,0.003,69.040,0.356,0.00
1786376607,bench_mixed,0.00,0.00,0.0,23.510,0.003,69.040,0.356,0.00
1786376612,bench_mixed,0.00,0.00,0.0,23.510,0.003,69.040,0.356,0.00
1786376618,bench_mixed,0.00,0.00,0.0,23.510,0.003,69.040,0.356,0.00
1786376623,bench_mixed,0.00,0.00,0.0,23.510,0.003,69.040,0.357,0.00
1786376628,bench_mixed,0.00,0.00,0.0,23.510,0.003,69.040,0.355,0.00
1786376633,bench_mixed,0.00,0.00,0.0,23.510,0.003,69.040,0.356,0.00
1786376638,bench_mixed,0.00,0.00,0.0,23.510,0.003,69.040,0.356,0.00
1786376643,bench_mixed,0.00,0.00,0.0,23.510,0.003,69.040,0.356,0.00
1786376648,bench_mixed,0.00,0.00,0.0,23.510,0.003,69.040,0.355,0.00
1786376653,bench_mixed,0.00,0.00,0.0,23.510,0.003,69.040,0.356,0.00
1786376658,bench_mixed,0.00,0.00,0.0,23.510,0.003,69.040,0.355,0.00
1786376663,bench_mixed,0.00,0.00,0.0,23.510,0.003,69.040,0.355,0.00
1786376668,bench_mixed,0.00,0.00,0.0,23.510,0.003,69.040,0.356,0.00
1786376673,bench_mixed,0.00,0.00,0.0,23.510,0.003,69.040,0.355,0.00
1786376678,bench_mixed,0.00,0.00,0.0,23.510,0.003,69.040,0.357,0.00
1786376683,bench_mixed,0.00,0.00,0.0,23.510,0.003,69.040,0.356,0.00
1786376688,bench_mixed,0.00,0.00,0.0,23.510,0.003,69.040,0.356,0.00
1786376693,bench_mixed,0.00,0.00,0.0,23.510,0.003,69.040,0.356,0.00
1786376698,bench_mixed,0.00,0.00,0.0,23.510,0.003,69.040,0.356,0.00
1786376703,bench_mixed,0.00,0.00,0.0,23.510,0.003,69.040,0.355,0.00
1786376709,bench_mixed,0.00,0.00,0.0,23.510,0.003,69.040,0.355,0.00
1786376714,bench_mixed,0.00,0.00,0.0,23.510,0.003,69.040,0.355,0.00
1786376719,bench_mixed,0.00,0.00,0.0,23.510,0.003,69.040,0.355,0.00
1786376724,bench_mixed,0.00,0.00,0.0,23.510,0.003,69.040,0.355,0.00
1786376729,bench_mixed,0.00,0.00,0.0,23.510,0.003,69.040,0.355,0.00
1786376734,bench_mixed,0.00,0.00,0.0,23.510,0.003,69.040,0.354,0.00
1786376739,bench_mixed,0.00,0.00,0.0,23.510,0.003,69.040,0.355,0.00
1786376744,bench_mixed,0.00,0.00,0.0,23.510,0.003,69.040,0.355,0.00
1786376749,bench_mixed,0.00,0.00,0.0,23.510,0.003,69.040,0.348,0.00
1786376754,bench_mixed,0.00,0.00,0.0,23.510,0.003,69.040,0.356,0.00
1786376759,bench_mixed,0.00,0.00,0.0,23.510,0.003,69.040,0.356,0.00
1786376764,bench_mixed,0.00,0.00,0.0,23.510,0.003,69.040,0.355,0.00
1786376769,bench_mixed,0.00,0.00,0.0,23.510,0.003,69.040,0.355,0.00
1786376774,bench_mixed,0.00,0.00,0.0,23.510,0.003,69.040,0.355,0.00
1786376779,bench_mixed,0.00,0.00,0.0,23.510,0.003,69.040,0.355,0.00
1786376784,bench_mixed,0.00,0.00,0.0,23.510,0.003,69.040,0.354,0.00
1786376789,bench_mixed,0.00,0.00,0.0,23.510,0.003,69.040,0.354,0.00
1786376794,bench_mixed,0.00,0.00,0.0,23.510,0.003,69.040,0.355,0.00
1786376799,bench_mixed,0.00,0.00,0.0,23.510,0.003,69.040,0.351,0.02
1786376805,bench_mixed,0.00,0.00,0.0,23.510,0.003,69.040,0.353,0.00
1786376810,bench_mixed,0.00,0.00,0.0,23.510,0.003,69.040,0.353,0.00
1786376815,bench_mixed,0.00,0.00,0.0,23.510,0.003,69.040,0.352,0.00
1786376820,bench_mixed,0.00,0.00,0.0,23.510,0.003,69.040,0.352,0.00
1786376825,bench_mixed,0.00,0.00,0.0,23.510,0.003,69.040,0.354,0.00
1786376830,bench_mixed,0.00,0.00,0.0,23.510,0.003,69.040,0.354,0.00
1786376835,bench_mixed,0.00,0.00,0.0,23.510,0.003,69.040,0.354,0.00
1786376840,bench_mixed,0.00,0.00,0.0,23.510,0.003,69.040,0.355,0.00
1786376845,bench_mixed,0.00,0.00,0.0,23.510,0.003,69.040,0.355,0.00
1786376850,bench_mixed,0.00,0.00,0.0,23.510,0.003,69.040,0.355,0.00
1786376855,bench_mixed,0.00,0.00,0.0,23.510,0.003,69.040,0.354,0.00
1786376860,bench_mixed,0.00,0.00,0.0,23.510,0.003,69.040,0.355,0.00
1786376865,bench_mixed,0.00,0.00,0.0,23.510,0.003,69.040,0.354,0.00
1786376870,bench_mixed,0.00,0.00,0.0,23.510,0.003,69.040,0.354,0.00
1786376875,bench_mixed,0.00,0.00,0.0,23.510,0.003,69.040,0.354,0.00
1786376880,bench_mixed,0.00,0.00,0.0,23.510,0.003,69.040,0.354,0.00
1786376885,bench_mixed,0.00,0.00,0.0,23.510,0.003,69.040,0.353,0.00
1786376890,bench_mixed,0.00,0.00,0.0,23.510,0.003,69.040,0.354,0.00
1786376896,bench_mixed,0.00,0.00,0.0,23.510,0.003,69.040,0.355,0.00
1786376901,bench_mixed,0.00,0.00,0.0,23.510,0.003,69.040,0.355,0.00
1786376906,bench_mixed,0.00,0.00,0.0,23.510,0.003,69.040,0.355,0.00
1786376911,bench_mixed,0.00,0.00,0.0,23.510,0.003,69.040,0.356,0.00
1786376916,bench_mixed,0.00,0.00,0.0,23.510,0.003,69.040,0.356,0.00
1786376921,bench_mixed,0.00,0.00,0.0,23.510,0.003,69.040,0.357,0.00
1786376926,bench_mixed,0.00,0.00,0.0,23.510,0.003,69.040,0.355,0.00
1786376931,bench_mixed,0.00,0.00,0.0,23.510,0.003,69.040,0.356,0.00
1786376936,bench_mixed,0.00,0.00,0.0,23.510,0.003,69.040,0.355,0.00
1786376941,bench_mixed,0.00,0.00,0.0,23.510,0.003,69.040,0.356,0.00
1786376946,bench_mixed,0.00,0.00,0.0,23.510,0.003,69.040,0.355,0.00
1786376951,bench_mixed,0.00,0.00,0.0,23.510,0.003,69.040,0.356,0.00
1786376956,bench_mixed,0.00,0.00,0.0,23.510,0.003,69.040,0.356,0.00
1786376961,bench_mixed,0.00,0.00,0.0,23.510,0.003,69.040,0.356,0.00
1786376966,bench_mixed,0.00,0.00,0.0,23.510,0.003,69.040,0.356,0.00
1786376971,bench_mixed,0.00,0.00,0.0,23.510,0.003,69.040,0.357,0.00
1786376976,bench_mixed,0.00,0.00,0.0,23.510,0.003,69.040,0.356,0.00
1786376981,bench_mixed,0.00,0.00,0.0,23.510,0.003,69.040,0.357,0.00
