ts,phase,nvme_rd_mb_s,nvme_wr_mb_s,nvme_active_pct,cte_file_tier_gb,devshm_used_gb,clio_rss_gb,mem_avail_gb,nfs_rd_mb_s
1786338361,setup,0.00,0.00,0.2,0.000,0.004,0.000,44.936,0.02
1786338366,ingest,0.00,0.00,0.0,0.000,0.003,0.326,44.472,26.56
1786338371,ingest,0.00,0.00,0.0,0.000,0.003,0.326,44.473,0.00
1786338376,ingest,0.00,0.00,0.0,0.000,0.003,0.327,44.476,0.00
1786338382,ingest,0.00,0.00,0.0,0.000,0.003,0.327,44.477,0.00
1786338387,ingest,0.00,0.00,0.0,0.000,0.003,0.327,44.477,0.00
1786338392,ingest,0.00,0.00,0.1,0.000,0.003,0.420,44.390,0.00
1786338397,ingest,0.00,0.00,0.0,0.000,0.003,0.533,44.279,0.00
1786338402,ingest,0.00,0.00,0.0,0.000,0.003,0.669,44.149,0.00
1786338407,ingest,0.00,0.00,0.0,0.000,0.003,0.741,44.056,0.00
1786338412,ingest,0.00,0.00,0.0,0.000,0.003,0.888,43.909,0.00
1786338417,ingest,0.00,0.00,0.0,0.000,0.003,0.953,43.771,0.00
1786338422,ingest,0.00,0.01,0.1,0.000,0.003,1.092,43.603,0.00
1786338427,ingest,0.00,0.00,0.0,0.000,0.003,1.221,43.530,0.00
1786338432,ingest,0.00,0.00,0.0,0.000,0.003,1.284,43.483,0.00
1786338437,ingest,0.00,0.00,0.0,0.000,0.003,1.346,43.473,0.00
1786338442,ingest,0.00,0.00,0.0,0.000,0.003,1.409,43.410,0.00
1786338447,ingest,0.00,0.00,0.0,0.000,0.003,1.534,43.285,0.00
1786338452,ingest,0.00,0.00,0.1,0.000,0.003,1.659,43.158,0.00
1786338457,ingest,0.00,0.00,0.0,0.000,0.003,1.791,43.027,0.00
1786338462,ingest,0.00,0.00,0.0,0.000,0.003,1.980,42.839,0.00
1786338467,ingest,0.00,0.00,0.0,0.000,0.003,2.105,42.717,0.00
1786338473,ingest,0.00,0.00,0.0,0.000,0.003,2.167,42.652,0.00
1786338478,ingest,0.00,0.00,0.0,0.000,0.003,2.230,42.590,0.00
1786338483,ingest,0.00,0.00,0.1,0.000,0.003,2.355,42.464,0.00
1786338488,ingest,0.00,0.00,0.0,0.000,0.003,2.419,42.402,0.00
1786338493,ingest,0.00,0.00,0.0,0.000,0.003,2.482,42.338,0.00
1786338498,ingest,0.00,0.00,0.0,0.000,0.003,2.669,42.153,0.00
1786338503,ingest,0.00,0.00,0.0,0.000,0.003,2.794,42.025,0.00
1786338508,ingest,0.00,0.00,0.0,0.000,0.003,2.857,41.957,0.00
1786338513,ingest,0.00,0.00,0.0,0.000,0.003,2.920,41.899,0.00
1786338518,ingest,0.00,0.00,0.0,0.000,0.003,3.045,41.772,0.00
1786338523,ingest,0.00,0.00,0.0,0.000,0.003,3.107,41.709,0.00
1786338528,ingest,0.00,0.00,0.0,0.000,0.003,3.170,41.646,0.00
1786338533,ingest,0.00,0.00,0.0,0.000,0.003,3.295,41.516,0.00
1786338538,ingest,0.00,0.00,0.0,0.000,0.003,3.358,41.456,0.00
1786338543,ingest,0.00,0.00,0.0,0.000,0.003,3.483,41.328,0.00
1786338548,ingest,0.00,0.00,0.0,0.000,0.003,3.546,41.265,0.00
1786338553,ingest,0.00,0.00,0.0,0.000,0.003,3.671,41.138,0.00
1786338559,ingest,0.00,0.00,0.0,0.000,0.003,3.734,41.075,0.00
1786338564,ingest,0.00,0.00,0.0,0.000,0.003,3.865,40.943,0.00
1786338569,ingest,0.00,0.00,0.0,0.000,0.003,3.991,40.817,0.00
1786338574,ingest,0.00,0.00,0.0,0.000,0.003,4.056,40.752,0.00
1786338579,ingest,0.00,0.00,0.0,0.000,0.003,4.183,40.623,0.00
1786338584,ingest,0.00,0.00,0.0,0.000,0.003,4.246,40.564,0.00
1786338589,ingest,0.00,0.00,0.0,0.000,0.003,4.308,40.501,0.00
1786338594,ingest,0.00,0.00,0.0,0.000,0.003,4.371,40.433,0.00
1786338599,ingest,0.00,0.00,0.0,0.000,0.003,4.433,40.371,0.00
1786338604,ingest,0.00,0.00,0.0,0.000,0.003,4.496,40.308,0.00
1786338609,ingest,0.00,0.00,0.0,0.000,0.003,4.559,40.245,0.00
1786338614,ingest,0.00,0.00,0.0,0.000,0.003,4.621,40.177,0.00
1786338619,ingest,0.00,0.00,0.0,0.000,0.003,4.749,40.051,0.00
1786338624,ingest,0.00,0.00,0.0,0.000,0.003,4.811,39.989,0.00
1786338629,ingest,0.00,0.00,0.0,0.000,0.003,4.936,39.861,0.00
1786338634,ingest,0.00,0.00,0.0,0.000,0.003,5.072,39.727,0.00
1786338639,ingest,0.00,0.00,0.0,0.000,0.003,5.197,39.600,0.00
1786338644,ingest,0.00,0.00,0.0,0.000,0.003,5.261,39.541,0.00
1786338650,ingest,0.00,0.00,0.0,0.000,0.003,5.385,39.413,0.00
1786338655,ingest,0.00,0.00,0.0,0.000,0.003,5.511,39.287,0.00
1786338660,ingest,0.00,0.00,0.0,0.000,0.003,5.573,39.222,0.00
1786338665,ingest,0.00,0.00,0.0,0.000,0.003,5.698,39.085,0.04
1786338670,ingest,0.00,0.00,0.0,0.000,0.003,5.824,38.958,0.02
1786338675,ingest,0.00,0.00,0.0,0.000,0.003,5.949,38.833,0.00
1786338680,ingest,0.00,0.00,0.0,0.000,0.003,5.949,38.832,0.00
1786338685,ingest,0.00,0.00,0.0,0.000,0.003,6.074,38.708,0.00
1786338690,ingest,0.00,0.00,0.0,0.000,0.003,6.136,38.645,0.00
1786338695,ingest,0.00,0.00,0.0,0.000,0.003,6.199,38.581,0.00
1786338700,ingest,0.00,0.00,0.0,0.000,0.003,6.262,38.519,0.00
1786338705,ingest,0.00,0.00,0.0,0.000,0.003,6.387,38.393,0.00
1786338710,ingest,0.00,0.00,0.0,0.000,0.003,6.449,38.330,0.00
1786338715,ingest,0.00,0.00,0.0,0.000,0.003,6.512,38.268,0.00
1786338720,ingest,0.00,0.00,0.0,0.000,0.003,6.574,38.206,0.00
1786338725,ingest,0.00,0.00,0.0,0.000,0.003,6.637,38.144,0.00
1786338730,ingest,0.00,0.00,0.0,0.000,0.003,6.700,38.082,0.00
1786338735,ingest,0.00,0.00,0.0,0.000,0.003,6.762,38.018,0.00
1786338741,ingest,0.00,0.00,0.0,0.000,0.003,6.825,37.954,0.00
1786338746,ingest,0.00,0.00,0.0,0.000,0.003,6.887,37.891,0.00
1786338751,ingest,0.00,0.00,0.0,0.000,0.003,7.017,37.760,0.00
1786338756,ingest,0.00,0.00,0.0,0.000,0.003,7.142,37.635,0.00
1786338761,ingest,0.00,0.00,0.0,0.000,0.003,7.205,37.571,0.00
1786338766,ingest,0.00,0.00,0.0,0.000,0.003,7.330,37.449,0.00
1786338771,ingest,0.00,0.00,0.0,0.000,0.003,7.392,37.386,0.00
1786338776,ingest,0.00,0.00,0.0,0.000,0.003,7.517,37.258,0.00
1786338781,ingest,0.00,0.00,0.0,0.000,0.003,7.580,37.198,0.00
1786338786,ingest,0.00,0.00,0.0,0.000,0.003,7.705,37.071,0.00
1786338791,ingest,0.00,0.00,0.0,0.000,0.003,7.768,37.008,0.00
1786338796,ingest,0.00,0.00,0.0,0.000,0.003,7.893,36.880,0.00
1786338801,ingest,0.00,0.00,0.0,0.000,0.003,8.018,36.756,0.00
1786338806,ingest,0.00,0.00,0.0,0.000,0.003,8.143,36.630,0.00
1786338811,ingest,0.00,0.00,0.0,0.000,0.003,8.205,36.567,0.00
1786338816,ingest,0.00,0.00,0.0,0.000,0.003,8.205,36.568,0.00
1786338821,ingest,0.00,0.00,0.0,0.000,0.003,8.268,36.505,0.00
1786338826,ingest,0.00,0.00,0.0,0.000,0.003,8.331,36.442,0.00
1786338832,ingest,0.00,0.00,0.0,0.000,0.003,8.456,36.314,0.00
1786338837,ingest,0.00,0.00,0.0,0.000,0.003,8.518,36.249,0.00
1786338842,ingest,0.00,0.00,0.0,0.000,0.003,8.643,36.121,0.00
1786338847,ingest,0.00,0.00,0.0,0.000,0.003,8.643,36.116,0.00
1786338852,ingest,0.00,0.00,0.0,0.000,0.003,8.706,36.053,0.00
1786338857,ingest,0.00,0.00,0.0,0.000,0.003,8.831,35.925,0.00
1786338862,ingest,0.00,0.00,0.0,0.000,0.003,8.956,35.801,0.00
1786338867,ingest,0.00,0.00,0.0,0.000,0.003,9.081,35.676,0.00
1786338872,ingest,0.00,0.00,0.0,0.000,0.003,9.209,35.546,0.00
1786338877,ingest,0.00,0.00,0.0,0.000,0.003,9.271,35.483,0.00
1786338882,ingest,0.00,0.00,0.0,0.000,0.003,9.334,35.420,0.00
1786338887,ingest,0.00,0.00,0.0,0.000,0.003,9.396,35.356,0.00
1786338892,ingest,0.00,0.00,0.0,0.000,0.003,9.459,35.296,0.00
1786338897,ingest,0.00,0.00,0.0,0.000,0.003,9.585,35.170,0.00
1786338902,ingest,0.00,0.00,0.0,0.000,0.003,9.647,35.102,0.00
1786338907,ingest,0.00,0.00,0.0,0.000,0.003,9.774,34.977,0.00
1786338912,ingest,0.00,0.00,0.0,0.000,0.003,9.899,34.849,0.00
1786338917,ingest,0.00,0.00,0.0,0.000,0.003,9.961,34.786,0.00
1786338922,ingest,0.00,0.00,0.0,0.000,0.003,10.149,34.597,0.00
1786338928,ingest,0.00,0.00,0.0,0.000,0.003,10.212,34.534,0.00
1786338933,ingest,0.00,0.00,0.0,0.000,0.003,10.274,34.469,0.00
1786338938,ingest,0.00,0.00,0.0,0.000,0.003,10.400,34.343,0.00
1786338943,ingest,0.00,0.00,0.0,0.000,0.003,10.463,34.282,0.00
1786338948,ingest,0.00,0.00,0.0,0.000,0.003,10.588,34.156,0.00
1786338953,ingest,0.00,0.00,0.0,0.000,0.003,10.650,34.093,0.00
1786338958,ingest,0.00,0.00,0.0,0.000,0.003,10.775,33.965,0.00
1786338963,ingest,0.00,0.00,0.0,0.000,0.003,10.908,33.830,0.00
1786338968,ingest,0.00,0.00,0.0,0.000,0.003,11.033,33.692,0.06
1786338973,ingest,0.00,0.00,0.0,0.000,0.003,11.095,33.633,0.00
1786338978,ingest,0.00,0.00,0.0,0.000,0.003,11.158,33.571,0.00
1786338983,ingest,0.00,0.00,0.0,0.000,0.003,11.283,33.448,0.00
1786338988,ingest,0.00,0.00,0.0,0.000,0.003,11.352,33.378,0.00
1786338993,ingest,0.00,0.00,0.0,0.000,0.003,11.477,33.252,0.00
1786338998,ingest,0.00,0.00,0.0,0.000,0.003,11.540,33.189,0.00
1786339003,ingest,0.00,0.00,0.0,0.000,0.003,11.665,33.061,0.00
1786339008,ingest,0.00,0.00,0.0,0.000,0.003,11.727,32.998,0.00
1786339013,ingest,0.00,0.00,0.0,0.000,0.003,11.790,32.933,0.00
1786339019,ingest,0.00,0.00,0.0,0.000,0.003,11.852,32.869,0.00
1786339024,ingest,0.00,0.00,0.0,0.000,0.003,11.915,32.801,0.00
1786339029,ingest,0.00,0.00,0.0,0.000,0.003,12.040,32.676,0.00
1786339034,ingest,0.00,0.00,0.0,0.000,0.003,12.165,32.552,0.00
1786339039,ingest,0.00,0.00,0.0,0.000,0.003,12.165,32.551,0.00
1786339044,ingest,0.00,0.00,0.0,0.000,0.003,12.228,32.489,0.00
1786339049,ingest,0.00,0.00,0.0,0.000,0.003,12.353,32.363,0.00
1786339054,ingest,0.00,0.00,0.0,0.000,0.003,12.416,32.299,0.00
1786339059,ingest,0.00,0.00,0.0,0.000,0.003,12.605,32.109,0.00
1786339064,ingest,0.00,0.00,0.0,0.000,0.003,12.667,32.045,0.00
1786339069,ingest,0.00,0.00,0.0,0.000,0.003,12.792,31.918,0.00
1786339074,ingest,0.00,0.00,0.0,0.000,0.003,12.917,31.790,0.00
1786339079,ingest,0.00,0.00,0.0,0.000,0.003,13.042,31.669,0.00
1786339084,ingest,0.00,0.00,0.0,0.000,0.003,13.168,31.542,0.00
1786339089,ingest,0.00,0.00,0.0,0.000,0.003,13.293,31.415,0.00
1786339094,ingest,0.00,0.00,0.0,0.000,0.003,13.355,31.353,0.00
1786339099,ingest,0.00,0.00,0.0,0.000,0.003,13.418,31.290,0.00
1786339104,ingest,0.00,0.00,0.0,0.000,0.003,13.543,31.166,0.00
1786339109,ingest,0.00,0.00,0.0,0.000,0.003,13.605,31.101,0.00
1786339115,ingest,0.00,0.00,0.0,0.000,0.003,13.732,30.972,0.00
1786339120,ingest,0.00,0.00,0.0,0.000,0.003,13.857,30.845,0.00
1786339125,ingest,0.00,0.00,0.0,0.000,0.003,13.982,30.719,0.00
1786339130,ingest,0.00,0.00,0.0,0.000,0.003,14.110,30.589,0.00
1786339135,ingest,0.00,0.00,0.0,0.000,0.003,14.173,30.524,0.00
1786339140,ingest,0.00,0.00,0.0,0.000,0.003,14.235,30.461,0.00
1786339145,ingest,0.00,0.00,0.0,0.000,0.003,14.299,30.397,0.00
1786339150,ingest,0.00,0.00,0.0,0.000,0.003,14.361,30.334,0.00
1786339155,ingest,0.00,0.00,0.0,0.000,0.003,14.549,30.146,0.00
1786339160,ingest,0.00,0.00,0.0,0.000,0.003,14.611,30.083,0.00
1786339165,ingest,0.00,0.00,0.0,0.000,0.003,14.674,30.018,0.00
1786339170,ingest,0.00,0.00,0.0,0.000,0.003,14.834,29.854,0.00
1786339175,ingest,0.00,0.00,0.0,0.000,0.003,14.940,29.753,0.00
1786339180,ingest,0.00,0.00,0.0,0.000,0.003,15.003,29.691,0.00
1786339185,ingest,0.00,0.00,0.0,0.000,0.003,15.065,29.631,0.00
1786339190,ingest,0.00,0.00,0.0,0.000,0.003,15.190,29.506,0.00
1786339195,ingest,0.00,0.00,0.0,0.000,0.003,15.253,29.444,0.00
1786339200,ingest,0.00,0.00,0.0,0.000,0.003,15.378,29.317,0.00
1786339205,ingest,0.00,0.00,0.0,0.000,0.003,15.503,29.190,0.00
1786339211,ingest,0.00,0.00,0.0,0.000,0.003,15.628,29.066,0.00
1786339216,ingest,0.00,0.00,0.0,0.000,0.003,15.691,29.002,0.00
1786339221,ingest,0.00,0.00,0.0,0.000,0.003,15.816,28.878,0.00
1786339226,ingest,0.00,0.00,0.0,0.000,0.003,15.878,28.813,0.00
1786339231,ingest,0.00,0.00,0.0,0.000,0.003,16.003,28.687,0.00
1786339236,ingest,0.00,0.00,0.0,0.000,0.003,16.066,28.623,0.00
1786339241,ingest,0.00,0.00,0.0,0.000,0.003,16.129,28.560,0.00
1786339246,ingest,0.00,0.00,0.0,0.000,0.003,16.254,28.428,0.00
1786339251,ingest,0.00,0.00,0.0,0.000,0.003,16.379,28.307,0.00
1786339256,ingest,0.00,0.00,0.0,0.000,0.003,16.504,28.182,0.00
1786339261,ingest,0.00,0.00,0.0,0.000,0.003,16.629,28.054,0.00
1786339266,ingest,0.00,0.00,0.0,0.000,0.003,16.754,27.916,0.05
1786339271,ingest,0.00,0.00,0.0,0.000,0.003,16.879,27.793,0.01
1786339276,ingest,0.00,0.00,0.0,0.000,0.003,16.942,27.729,0.00
1786339281,ingest,0.00,0.00,0.0,0.000,0.003,17.004,27.666,0.00
1786339286,ingest,0.00,0.00,0.0,0.000,0.003,17.067,27.597,0.00
1786339291,ingest,0.00,0.00,0.0,0.000,0.003,17.254,27.403,0.00
1786339296,ingest,0.00,0.00,0.0,0.000,0.003,17.317,27.340,0.00
1786339302,ingest,0.00,0.00,0.0,0.000,0.003,17.379,27.279,0.00
1786339307,ingest,0.00,0.00,0.0,0.000,0.003,17.442,27.215,0.00
1786339312,ingest,0.00,0.00,0.0,0.000,0.003,17.505,27.152,0.00
1786339317,ingest,0.00,0.00,0.0,0.000,0.003,17.567,27.089,0.00
1786339322,ingest,0.00,0.00,0.0,0.000,0.003,17.630,27.023,0.00
1786339327,ingest,0.00,0.00,0.0,0.000,0.003,17.755,26.894,0.00
1786339332,ingest,0.00,0.00,0.0,0.000,0.003,17.942,26.703,0.00
1786339337,ingest,0.00,0.00,0.0,0.000,0.003,18.005,26.639,0.00
1786339342,ingest,0.00,0.00,0.0,0.000,0.003,18.068,26.577,0.00
1786339347,ingest,0.00,0.00,0.0,0.000,0.003,18.193,26.449,0.00
1786339352,ingest,0.00,0.00,0.0,0.000,0.003,18.380,26.261,0.00
1786339357,ingest,0.00,0.00,0.0,0.000,0.003,18.505,26.134,0.00
1786339362,ingest,0.00,0.00,0.0,0.000,0.003,18.630,26.007,0.00
1786339367,ingest,0.00,0.00,0.0,0.000,0.003,18.756,25.880,0.00
1786339372,ingest,0.00,0.00,0.0,0.000,0.003,18.818,25.812,0.00
1786339377,ingest,0.00,0.00,0.0,0.000,0.003,18.881,25.749,0.00
1786339382,ingest,0.00,0.00,0.0,0.000,0.003,19.006,25.624,0.00
1786339387,ingest,0.00,0.00,0.0,0.000,0.003,19.068,25.560,0.00
1786339393,ingest,0.00,0.00,0.0,0.000,0.003,19.131,25.497,0.00
1786339398,ingest,0.00,0.00,0.0,0.000,0.003,19.319,25.310,0.00
1786339403,ingest,0.00,0.00,0.0,0.000,0.003,19.381,25.246,0.00
1786339408,ingest,0.00,0.00,0.0,0.000,0.003,19.444,25.183,0.00
1786339413,ingest,0.00,0.00,0.0,0.000,0.003,19.631,24.992,0.00
1786339418,ingest,0.00,0.00,0.0,0.000,0.003,19.632,24.992,0.00
1786339423,ingest,0.00,0.00,0.0,0.000,0.003,19.757,24.876,0.00
1786339428,ingest,0.00,0.00,0.0,0.000,0.003,19.819,24.810,0.00
1786339433,ingest,0.00,0.00,0.0,0.000,0.003,19.882,24.750,0.00
1786339438,ingest,0.00,0.00,0.0,0.000,0.003,20.069,24.569,0.00
1786339443,ingest,0.00,0.00,0.0,0.000,0.003,20.132,24.503,0.00
1786339448,ingest,0.00,0.00,0.0,0.000,0.003,20.319,24.321,0.00
1786339453,ingest,0.00,0.00,0.0,0.000,0.003,20.382,24.257,0.00
1786339458,ingest,0.00,0.00,0.0,0.000,0.003,20.445,24.194,0.00
1786339463,ingest,0.00,0.00,0.0,0.000,0.003,20.570,24.065,0.00
1786339468,ingest,0.00,0.00,0.0,0.000,0.003,20.697,23.936,0.00
1786339473,ingest,0.00,0.00,0.0,0.000,0.003,20.885,23.752,0.00
1786339478,ingest,0.00,0.00,0.0,0.000,0.003,20.885,23.752,0.00
1786339483,ingest,0.00,0.00,0.0,0.000,0.003,20.988,23.646,0.00
1786339489,ingest,0.00,0.00,0.0,0.000,0.003,21.135,23.500,0.00
1786339494,ingest,0.00,0.00,0.0,0.000,0.003,21.198,23.439,0.00
1786339499,ingest,0.00,0.00,0.0,0.000,0.003,21.260,23.379,0.00
1786339504,ingest,0.00,0.00,0.0,0.000,0.003,21.323,23.309,0.00
1786339509,ingest,0.00,0.00,0.0,0.000,0.003,21.448,23.181,0.00
1786339514,ingest,0.00,0.00,0.0,0.000,0.003,21.510,23.118,0.00
1786339519,ingest,0.00,0.00,0.0,0.000,0.003,21.573,23.062,0.00
1786339524,ingest,0.00,0.00,0.0,0.000,0.003,21.698,22.936,0.00
1786339529,ingest,0.00,0.00,0.0,0.000,0.003,21.823,22.815,0.00
1786339534,ingest,0.00,0.00,0.0,0.000,0.003,21.948,22.687,0.00
1786339539,ingest,0.00,0.00,0.0,0.000,0.003,22.011,22.622,0.00
1786339544,ingest,0.00,0.00,0.0,0.000,0.003,22.073,22.561,0.00
1786339549,ingest,0.00,0.00,0.0,0.000,0.003,22.198,22.434,0.00
1786339554,ingest,0.00,0.00,0.0,0.000,0.003,22.261,22.373,0.00
1786339559,ingest,0.00,0.00,0.0,0.000,0.003,22.324,22.307,0.00
1786339564,ingest,0.00,0.00,0.0,0.000,0.003,22.449,22.166,0.03
1786339569,ingest,0.00,0.00,0.0,0.000,0.003,22.574,22.042,0.03
1786339574,ingest,0.00,0.00,0.0,0.000,0.003,22.636,21.978,0.00
1786339580,ingest,0.00,0.00,0.0,0.000,0.003,22.699,21.915,0.00
1786339585,ingest,0.00,0.00,0.0,0.000,0.003,22.824,21.786,0.00
1786339590,ingest,0.00,0.00,0.0,0.000,0.003,22.886,21.727,0.00
1786339595,ingest,0.00,0.00,0.0,0.000,0.003,22.949,21.662,0.00
1786339600,ingest,0.00,0.00,0.0,0.000,0.003,23.074,21.537,0.00
1786339605,ingest,0.00,0.00,0.0,0.000,0.003,23.199,21.416,0.00
1786339610,ingest,0.00,0.00,0.0,0.000,0.003,23.387,21.226,0.00
1786339615,ingest,0.00,0.00,0.0,0.000,0.003,23.512,21.102,0.00
1786339620,ingest,0.00,0.00,0.0,0.000,0.003,23.574,21.038,0.00
1786339625,ingest,0.00,0.00,0.0,0.000,0.003,23.637,20.975,0.00
1786339630,ingest,0.00,0.00,0.0,0.000,0.003,23.823,20.793,0.00
1786339635,ingest,0.00,0.00,0.0,0.000,0.003,23.887,20.730,0.00
1786339640,ingest,0.00,0.00,0.0,0.000,0.003,23.950,20.667,0.00
1786339645,ingest,0.00,0.00,0.0,0.000,0.003,24.075,20.540,0.00
1786339650,ingest,0.00,0.00,0.0,0.000,0.003,24.200,20.411,0.00
1786339655,ingest,0.00,0.00,0.0,0.000,0.003,24.325,20.287,0.00
1786339660,ingest,0.00,0.00,0.0,0.000,0.003,24.342,20.270,0.00
1786339665,ingest,0.00,0.00,0.0,0.000,0.003,24.450,20.164,0.00
1786339670,ingest,0.00,0.00,0.0,0.000,0.003,24.513,20.096,0.00
1786339676,ingest,0.00,0.00,0.0,0.000,0.003,24.638,19.970,0.00
1786339681,ingest,0.00,0.00,0.0,0.000,0.003,24.700,19.907,0.00
1786339686,ingest,0.00,0.00,0.0,0.000,0.003,24.825,19.781,0.00
1786339691,ingest,0.00,0.00,0.0,0.000,0.003,24.950,19.653,0.00
1786339696,ingest,0.00,0.00,0.0,0.000,0.003,25.137,19.465,0.00
1786339701,ingest,0.00,0.00,0.0,0.000,0.003,25.200,19.402,0.00
1786339706,ingest,0.00,0.00,0.0,0.000,0.003,25.256,19.338,0.00
1786339711,ingest,0.00,0.00,0.0,0.000,0.003,25.379,19.221,0.00
1786339716,ingest,0.00,0.00,0.0,0.000,0.003,25.501,19.092,0.00
1786339722,ingest,0.00,0.00,0.0,0.000,0.003,25.564,19.025,0.00
1786339727,ingest,0.00,0.00,0.0,0.000,0.003,25.690,18.900,0.00
1786339732,ingest,0.00,0.00,0.0,0.000,0.003,25.877,18.713,0.00
1786339737,ingest,0.00,0.00,0.0,0.000,0.003,25.940,18.648,0.00
1786339742,ingest,0.00,0.00,0.0,0.000,0.003,26.003,18.586,0.00
1786339747,ingest,0.00,0.00,0.0,0.000,0.003,26.066,18.523,0.00
1786339752,ingest,0.00,0.00,0.0,0.000,0.003,26.128,18.459,0.00
1786339757,ingest,0.00,0.00,0.0,0.000,0.003,26.191,18.396,0.00
1786339762,ingest,0.00,0.00,0.0,0.000,0.003,26.316,18.275,0.00
1786339767,ingest,0.00,0.00,0.0,0.000,0.003,26.441,18.144,0.00
1786339772,ingest,0.00,0.00,0.0,0.000,0.003,26.629,17.957,0.00
1786339778,ingest,0.00,0.00,0.0,0.000,0.003,26.692,17.895,0.00
1786339783,ingest,0.00,0.00,0.0,0.000,0.003,26.817,17.769,0.00
1786339788,ingest,0.00,0.00,0.0,0.000,0.003,26.817,17.768,0.00
1786339793,ingest,0.00,0.00,0.0,0.000,0.003,26.942,17.647,0.00
1786339798,ingest,0.00,0.00,0.0,0.000,0.003,27.067,17.517,0.00
1786339803,ingest,0.00,0.00,0.0,0.000,0.003,27.130,17.453,0.00
1786339808,ingest,0.00,0.00,0.0,0.000,0.003,27.255,17.327,0.00
1786339813,ingest,0.00,0.00,0.0,0.000,0.003,27.380,17.196,0.00
1786339818,ingest,0.00,0.00,0.0,0.000,0.003,27.442,17.132,0.00
1786339823,ingest,0.00,0.00,0.0,0.000,0.003,27.443,17.131,0.00
1786339828,ingest,0.00,0.00,0.0,0.000,0.003,27.568,17.004,0.00
1786339833,ingest,0.00,0.00,0.0,0.000,0.003,27.630,16.939,0.00
1786339838,ingest,0.00,0.00,0.0,0.000,0.003,27.755,16.814,0.00
1786339843,ingest,0.00,0.00,0.0,0.000,0.003,27.818,16.748,0.00
1786339848,ingest,0.00,0.00,0.0,0.000,0.003,27.943,16.621,0.00
1786339853,ingest,0.00,0.00,0.0,0.000,0.003,28.130,16.433,0.00
1786339858,ingest,0.00,0.00,0.0,0.000,0.003,28.193,16.371,0.00
1786339863,ingest,0.00,0.00,0.0,0.000,0.003,28.256,16.312,0.00
1786339868,ingest,0.00,0.00,0.0,0.000,0.003,28.318,16.233,0.06
1786339874,ingest,0.00,0.00,0.0,0.000,0.003,28.381,16.177,0.00
1786339879,ingest,0.00,0.00,0.0,0.000,0.003,28.506,16.050,0.00
1786339884,ingest,0.00,0.00,0.0,0.000,0.003,28.631,15.924,0.00
1786339889,ingest,0.00,0.00,0.0,0.000,0.003,28.771,15.781,0.00
1786339894,ingest,0.00,0.00,0.0,0.000,0.003,28.898,15.654,0.00
1786339899,ingest,0.00,0.00,0.0,0.000,0.003,29.023,15.526,0.00
1786339904,ingest,0.00,0.00,0.0,0.000,0.003,29.086,15.466,0.00
1786339909,ingest,0.00,0.00,0.0,0.000,0.003,29.148,15.402,0.00
1786339914,ingest,0.00,0.00,0.0,0.000,0.003,29.274,15.277,0.00
1786339919,ingest,0.00,0.00,0.0,0.000,0.003,29.336,15.215,0.00
1786339924,ingest,0.00,0.00,0.0,0.000,0.003,29.461,15.087,0.00
1786339929,ingest,0.00,0.00,0.0,0.000,0.003,29.586,14.961,0.00
1786339934,ingest,0.00,0.00,0.0,0.000,0.003,29.711,14.837,0.00
1786339939,ingest,0.00,0.00,0.0,0.000,0.003,29.774,14.772,0.00
1786339944,ingest,0.00,0.00,0.0,0.000,0.003,29.899,14.650,0.00
1786339949,ingest,0.00,0.00,0.0,0.000,0.003,30.024,14.525,0.00
1786339954,ingest,0.00,0.00,0.0,0.000,0.003,30.087,14.460,0.00
1786339959,ingest,0.00,0.00,0.0,0.000,0.003,30.212,14.335,0.00
1786339965,ingest,0.00,0.00,0.0,0.000,0.003,30.337,14.207,0.00
1786339970,ingest,0.00,0.00,0.0,0.000,0.003,30.462,14.080,0.00
1786339975,ingest,0.00,0.00,0.0,0.000,0.003,30.592,13.952,0.00
1786339980,ingest,0.00,0.00,0.1,0.066,0.003,30.592,13.951,0.00
1786339985,ingest,0.00,28.26,6.8,0.170,0.003,30.593,13.951,0.00
1786339990,ingest,0.00,0.00,0.1,0.285,0.003,30.593,13.952,0.00
1786339995,ingest,0.00,0.00,0.0,0.381,0.003,30.593,13.952,0.00
1786340000,ingest,0.00,58.89,7.4,0.436,0.003,30.593,13.953,0.00
1786340005,ingest,0.00,0.00,0.0,0.542,0.003,30.593,13.951,0.00
1786340010,ingest,0.00,36.93,4.6,0.736,0.003,30.593,13.947,0.00
1786340015,ingest,0.00,0.00,0.0,0.822,0.003,30.593,13.948,0.00
1786340020,ingest,0.00,0.00,0.1,0.822,0.003,30.593,13.948,0.00
1786340025,ingest,0.00,0.00,0.0,0.822,0.003,30.593,14.234,0.00
1786340030,bench_chimod,0.00,0.00,0.0,0.822,0.003,30.593,14.233,6.36
1786340035,bench_chimod,0.00,0.00,0.0,0.822,0.003,40.078,13.170,6.35
1786340040,bench_chimod,0.00,42.38,5.5,0.822,0.003,53.339,12.884,0.00
1786340045,bench_chimod,0.00,0.00,0.0,0.822,0.003,61.893,12.760,0.00
1786340050,bench_chimod,0.00,0.00,0.1,0.822,0.003,61.973,12.695,0.00
1786340055,bench_chimod,0.00,0.00,0.0,0.822,0.003,62.048,12.624,0.00
1786340061,bench_chimod,0.00,0.00,0.0,0.822,0.003,62.079,12.595,0.00
1786340066,bench_chimod,0.00,0.00,0.0,0.822,0.003,62.081,12.594,0.00
1786340071,idle,0.00,0.00,0.0,0.822,0.003,0.008,12.610,0.00
1786340076,idle,0.00,0.00,0.2,0.000,0.003,0.008,24.120,0.03
1786340081,idle,0.00,0.00,0.1,0.000,0.003,0.327,44.648,0.03
1786340086,ingest,0.00,0.00,0.0,0.000,0.003,0.397,44.390,26.59
1786340091,ingest,0.00,0.00,0.0,0.000,0.003,0.515,44.272,0.00
1786340096,ingest,0.00,0.00,0.0,0.000,0.003,0.596,44.197,0.00
1786340101,ingest,0.00,0.00,0.0,0.000,0.003,0.668,44.126,0.00
1786340106,ingest,0.00,0.00,0.0,0.000,0.003,0.739,44.052,0.00
1786340111,ingest,0.00,0.00,0.1,0.000,0.003,0.886,43.919,0.00
1786340116,ingest,0.00,0.00,0.0,0.000,0.003,1.026,43.780,0.00
1786340121,ingest,0.00,0.00,0.0,0.000,0.003,1.157,43.651,0.00
1786340126,ingest,0.00,0.00,0.0,0.000,0.003,1.219,43.589,0.00
1786340131,ingest,0.00,0.00,0.0,0.000,0.003,1.346,43.466,0.00
1786340136,ingest,0.00,0.00,0.0,0.000,0.003,1.408,43.405,0.00
1786340141,ingest,0.00,0.01,0.1,0.000,0.003,1.471,43.340,0.00
1786340147,ingest,0.00,0.00,0.0,0.000,0.003,1.597,43.213,0.00
1786340152,ingest,0.00,0.00,0.0,0.000,0.003,1.728,43.081,0.00
1786340157,ingest,0.00,0.00,0.0,0.000,0.003,1.791,43.017,0.00
1786340162,ingest,0.00,0.00,0.0,0.000,0.003,1.980,42.830,0.00
1786340167,ingest,0.00,0.00,0.0,0.000,0.003,2.105,42.704,0.00
1786340172,ingest,0.00,0.00,0.0,0.000,0.003,2.168,42.644,0.00
1786340177,ingest,0.00,0.00,0.1,0.000,0.003,2.230,42.580,0.00
1786340182,ingest,0.00,0.00,0.0,0.000,0.003,2.418,42.388,0.00
1786340187,ingest,0.00,0.00,0.0,0.000,0.003,2.482,42.325,0.00
1786340192,ingest,0.00,0.00,0.0,0.000,0.003,2.544,42.261,0.00
1786340197,ingest,0.00,0.00,0.0,0.000,0.003,2.670,42.134,0.00
1786340202,ingest,0.00,0.00,0.0,0.000,0.003,2.795,42.009,0.00
1786340207,ingest,0.00,0.00,0.1,0.000,0.003,2.857,41.945,0.00
1786340212,ingest,0.00,0.00,0.0,0.000,0.003,2.920,41.884,0.00
1786340217,ingest,0.00,0.00,0.0,0.000,0.003,3.045,41.760,0.00
1786340222,ingest,0.00,0.00,0.0,0.000,0.003,3.108,41.699,0.00
1786340227,ingest,0.00,0.00,0.0,0.000,0.003,3.170,41.634,0.00
1786340232,ingest,0.00,0.00,0.0,0.000,0.003,3.295,41.506,0.00
1786340238,ingest,0.00,0.00,0.0,0.000,0.003,3.358,41.443,0.00
1786340243,ingest,0.00,0.00,0.0,0.000,0.003,3.463,41.338,0.00
1786340248,ingest,0.00,0.00,0.0,0.000,0.003,3.546,41.255,0.00
1786340253,ingest,0.00,0.00,0.0,0.000,0.003,3.609,41.194,0.00
1786340258,ingest,0.00,0.00,0.0,0.000,0.003,3.734,41.068,0.00
1786340263,ingest,0.00,0.00,0.0,0.000,0.003,3.800,40.999,0.00
1786340268,ingest,0.00,0.00,0.0,0.000,0.003,3.991,40.807,0.00
1786340273,ingest,0.00,0.00,0.0,0.000,0.003,4.057,40.740,0.00
1786340278,ingest,0.00,0.00,0.0,0.000,0.003,4.182,40.612,0.00
1786340283,ingest,0.00,0.00,0.0,0.000,0.003,4.245,40.551,0.00
1786340288,ingest,0.00,0.00,0.0,0.000,0.003,4.307,40.488,0.00
1786340293,ingest,0.00,0.00,0.0,0.000,0.003,4.371,40.424,0.00
1786340298,ingest,0.00,0.00,0.0,0.000,0.003,4.434,40.362,0.00
1786340303,ingest,0.00,0.00,0.0,0.000,0.003,4.496,40.297,0.00
1786340308,ingest,0.00,0.00,0.0,0.000,0.003,4.559,40.236,0.00
1786340313,ingest,0.00,0.00,0.0,0.000,0.003,4.624,40.168,0.00
1786340318,ingest,0.00,0.00,0.0,0.000,0.003,4.749,40.042,0.00
1786340323,ingest,0.00,0.00,0.0,0.000,0.003,4.811,39.978,0.00
1786340328,ingest,0.00,0.00,0.0,0.000,0.003,4.936,39.851,0.00
1786340334,ingest,0.00,0.00,0.0,0.000,0.003,4.999,39.776,0.00
1786340339,ingest,0.00,0.00,0.0,0.000,0.003,5.134,39.651,0.00
1786340344,ingest,0.00,0.00,0.0,0.000,0.003,5.261,39.525,0.00
1786340349,ingest,0.00,0.00,0.0,0.000,0.003,5.386,39.397,0.00
1786340354,ingest,0.00,0.00,0.0,0.000,0.003,5.511,39.271,0.00
1786340359,ingest,0.00,0.00,0.0,0.000,0.003,5.574,39.208,0.00
1786340364,ingest,0.00,0.00,0.0,0.000,0.003,5.636,39.145,0.00
1786340369,ingest,0.00,0.00,0.0,0.000,0.003,5.761,39.020,0.00
1786340374,ingest,0.00,0.00,0.0,0.000,0.003,5.886,38.891,0.00
1786340379,ingest,0.00,0.00,0.0,0.000,0.003,5.949,38.828,0.00
1786340384,ingest,0.00,0.00,0.0,0.000,0.003,6.074,38.692,0.06
1786340389,ingest,0.00,0.00,0.0,0.000,0.003,6.137,38.629,0.00
1786340394,ingest,0.00,0.00,0.0,0.000,0.003,6.199,38.568,0.00
1786340399,ingest,0.00,0.00,0.0,0.000,0.003,6.262,38.507,0.00
1786340404,ingest,0.00,0.00,0.0,0.000,0.003,6.324,38.444,0.00
1786340409,ingest,0.00,0.00,0.0,0.000,0.003,6.450,38.318,0.00
1786340414,ingest,0.00,0.00,0.0,0.000,0.003,6.512,38.249,0.00
1786340419,ingest,0.00,0.00,0.0,0.000,0.003,6.574,38.193,0.00
1786340425,ingest,0.00,0.00,0.0,0.000,0.003,6.637,38.129,0.00
1786340430,ingest,0.00,0.00,0.0,0.000,0.003,6.700,38.066,0.00
1786340435,ingest,0.00,0.00,0.0,0.000,0.003,6.763,38.001,0.00
1786340440,ingest,0.00,0.00,0.0,0.000,0.003,6.825,37.939,0.00
1786340445,ingest,0.00,0.00,0.0,0.000,0.003,6.888,37.877,0.00
1786340450,ingest,0.00,0.00,0.0,0.000,0.003,7.017,37.750,0.00
1786340455,ingest,0.00,0.00,0.0,0.000,0.003,7.142,37.624,0.00
1786340460,ingest,0.00,0.00,0.0,0.000,0.003,7.205,37.560,0.00
1786340465,ingest,0.00,0.00,0.0,0.000,0.003,7.268,37.497,0.00
1786340470,ingest,0.00,0.00,0.0,0.000,0.003,7.393,37.372,0.00
1786340475,ingest,0.00,0.00,0.0,0.000,0.003,7.455,37.309,0.00
1786340480,ingest,0.00,0.00,0.0,0.000,0.003,7.518,37.250,0.00
1786340485,ingest,0.00,0.00,0.0,0.000,0.003,7.643,37.122,0.00
1786340490,ingest,0.00,0.00,0.0,0.000,0.003,7.768,36.995,0.00
1786340495,ingest,0.00,0.00,0.0,0.000,0.003,7.893,36.868,0.00
1786340500,ingest,0.00,0.00,0.0,0.000,0.003,7.956,36.804,0.00
1786340505,ingest,0.00,0.00,0.0,0.000,0.003,8.081,36.680,0.00
1786340510,ingest,0.00,0.00,0.0,0.000,0.003,8.143,36.615,0.00
1786340516,ingest,0.00,0.00,0.0,0.000,0.003,8.206,36.553,0.00
1786340521,ingest,0.00,0.00,0.0,0.000,0.003,8.269,36.491,0.00
1786340526,ingest,0.00,0.00,0.0,0.000,0.003,8.331,36.429,0.00
1786340531,ingest,0.00,0.00,0.0,0.000,0.003,8.394,36.364,0.00
1786340536,ingest,0.00,0.00,0.0,0.000,0.003,8.519,36.237,0.00
1786340541,ingest,0.00,0.00,0.0,0.000,0.003,8.581,36.174,0.00
1786340546,ingest,0.00,0.00,0.0,0.000,0.003,8.644,36.111,0.00
1786340551,ingest,0.00,0.00,0.0,0.000,0.003,8.706,36.046,0.00
1786340556,ingest,0.00,0.00,0.0,0.000,0.003,8.769,35.982,0.00
1786340561,ingest,0.00,0.00,0.0,0.000,0.003,8.894,35.858,0.00
1786340566,ingest,0.00,0.00,0.0,0.000,0.003,9.019,35.731,0.00
1786340571,ingest,0.00,0.00,0.0,0.000,0.003,9.144,35.604,0.00
1786340576,ingest,0.00,0.00,0.0,0.000,0.003,9.209,35.540,0.00
1786340581,ingest,0.00,0.00,0.0,0.000,0.003,9.334,35.412,0.00
1786340586,ingest,0.00,0.00,0.0,0.000,0.003,9.397,35.350,0.00
1786340591,ingest,0.00,0.00,0.0,0.000,0.003,9.397,35.348,0.00
1786340596,ingest,0.00,0.00,0.0,0.000,0.003,9.522,35.221,0.00
1786340601,ingest,0.00,0.00,0.0,0.000,0.003,9.585,35.155,0.00
1786340606,ingest,0.00,0.00,0.0,0.000,0.003,9.712,35.028,0.00
1786340612,ingest,0.00,0.00,0.0,0.000,0.003,9.774,34.966,0.00
1786340617,ingest,0.00,0.00,0.0,0.000,0.003,9.899,34.840,0.00
1786340622,ingest,0.00,0.00,0.0,0.000,0.003,10.024,34.712,0.00
1786340627,ingest,0.00,0.00,0.0,0.000,0.003,10.149,34.587,0.00
1786340632,ingest,0.00,0.00,0.0,0.000,0.003,10.212,34.524,0.00
1786340637,ingest,0.00,0.00,0.0,0.000,0.003,10.337,34.397,0.00
1786340642,ingest,0.00,0.00,0.0,0.000,0.003,10.401,34.334,0.00
1786340647,ingest,0.00,0.00,0.0,0.000,0.003,10.463,34.270,0.00
1786340652,ingest,0.00,0.00,0.0,0.000,0.003,10.588,34.145,0.00
1786340657,ingest,0.00,0.00,0.0,0.000,0.003,10.651,34.081,0.00
1786340662,ingest,0.00,0.00,0.0,0.000,0.003,10.776,33.958,0.00
1786340667,ingest,0.00,0.00,0.0,0.000,0.003,10.969,33.766,0.00
1786340672,ingest,0.00,0.00,0.0,0.000,0.003,11.032,33.704,0.00
1786340677,ingest,0.00,0.00,0.0,0.000,0.003,11.094,33.642,0.00
1786340682,ingest,0.00,0.00,0.0,0.000,0.003,11.173,33.553,0.04
1786340687,ingest,0.00,0.00,0.0,0.000,0.003,11.288,33.435,0.02
1786340692,ingest,0.00,0.00,0.0,0.000,0.003,11.413,33.312,0.00
1786340697,ingest,0.00,0.00,0.0,0.000,0.003,11.476,33.250,0.00
1786340702,ingest,0.00,0.00,0.0,0.000,0.003,11.601,33.124,0.00
1786340708,ingest,0.00,0.00,0.0,0.000,0.003,11.664,33.060,0.00
1786340713,ingest,0.00,0.00,0.0,0.000,0.003,11.726,32.998,0.00
1786340718,ingest,0.00,0.00,0.0,0.000,0.003,11.851,32.874,0.00
1786340723,ingest,0.00,0.00,0.0,0.000,0.003,11.915,32.810,0.00
1786340728,ingest,0.00,0.00,0.0,0.000,0.003,11.994,32.745,0.00
1786340733,ingest,0.00,0.00,0.0,0.000,0.003,12.103,32.631,0.00
1786340738,ingest,0.00,0.00,0.0,0.000,0.003,12.166,32.573,0.00
1786340743,ingest,0.00,0.00,0.0,0.000,0.003,12.228,32.502,0.00
1786340748,ingest,0.00,0.00,0.0,0.000,0.003,12.291,32.442,0.00
1786340753,ingest,0.00,0.00,0.0,0.000,0.003,12.416,32.313,0.00
1786340758,ingest,0.00,0.00,0.0,0.000,0.003,12.480,32.242,0.00
1786340763,ingest,0.00,0.00,0.0,0.000,0.003,12.667,32.048,0.00
1786340768,ingest,0.00,0.00,0.0,0.000,0.003,12.730,31.984,0.00
1786340773,ingest,0.00,0.00,0.0,0.000,0.003,12.855,31.854,0.00
1786340778,ingest,0.00,0.00,0.0,0.000,0.003,12.980,31.726,0.00
1786340783,ingest,0.00,0.00,0.0,0.000,0.003,13.105,31.603,0.00
1786340788,ingest,0.00,0.00,0.0,0.000,0.003,13.230,31.472,0.00
1786340793,ingest,0.00,0.00,0.0,0.000,0.003,13.293,31.409,0.00
1786340799,ingest,0.00,0.00,0.0,0.000,0.003,13.356,31.344,0.00
1786340804,ingest,0.00,0.00,0.0,0.000,0.003,13.481,31.217,0.00
1786340809,ingest,0.00,0.00,0.0,0.000,0.003,13.543,31.154,0.00
1786340814,ingest,0.00,0.00,0.0,0.000,0.003,13.668,31.027,0.00
1786340819,ingest,0.00,0.00,0.0,0.000,0.003,13.795,30.897,0.00
1786340824,ingest,0.00,0.00,0.0,0.000,0.003,13.920,30.772,0.00
1786340829,ingest,0.00,0.00,0.0,0.000,0.003,13.982,30.710,0.00
1786340834,ingest,0.00,0.00,0.0,0.000,0.003,14.111,30.577,0.00
1786340839,ingest,0.00,0.00,0.0,0.000,0.003,14.173,30.517,0.00
1786340844,ingest,0.00,0.00,0.0,0.000,0.003,14.236,30.451,0.00
1786340849,ingest,0.00,0.00,0.0,0.000,0.003,14.236,30.455,0.00
1786340854,ingest,0.00,0.00,0.0,0.000,0.003,14.361,30.330,0.00
1786340859,ingest,0.00,0.00,0.0,0.000,0.003,14.424,30.264,0.00
1786340864,ingest,0.00,0.00,0.0,0.000,0.003,14.549,30.136,0.00
1786340869,ingest,0.00,0.00,0.0,0.000,0.003,14.612,30.075,0.00
1786340874,ingest,0.00,0.00,0.0,0.000,0.003,14.674,30.012,0.00
1786340879,ingest,0.00,0.00,0.0,0.000,0.003,14.675,30.009,0.00
1786340884,ingest,0.00,0.00,0.0,0.000,0.003,14.878,29.806,0.00
1786340889,ingest,0.00,0.00,0.0,0.000,0.003,14.941,29.746,0.00
1786340895,ingest,0.00,0.00,0.0,0.000,0.003,15.003,29.682,0.00
1786340900,ingest,0.00,0.00,0.0,0.000,0.003,15.066,29.624,0.00
1786340905,ingest,0.00,0.00,0.0,0.000,0.003,15.128,29.562,0.00
1786340910,ingest,0.00,0.00,0.0,0.000,0.003,15.191,29.496,0.00
1786340915,ingest,0.00,0.00,0.0,0.000,0.003,15.253,29.432,0.00
1786340920,ingest,0.00,0.00,0.0,0.000,0.003,15.378,29.308,0.00
1786340925,ingest,0.00,0.00,0.0,0.000,0.003,15.450,29.236,0.00
1786340930,ingest,0.00,0.00,0.0,0.000,0.003,15.629,29.055,0.00
1786340935,ingest,0.00,0.00,0.0,0.000,0.003,15.691,28.990,0.00
1786340940,ingest,0.00,0.00,0.0,0.000,0.003,15.816,28.863,0.00
1786340945,ingest,0.00,0.00,0.0,0.000,0.003,15.816,28.862,0.00
1786340950,ingest,0.00,0.00,0.0,0.000,0.003,15.941,28.736,0.00
1786340955,ingest,0.00,0.00,0.0,0.000,0.003,16.004,28.672,0.00
1786340960,ingest,0.00,0.00,0.0,0.000,0.003,16.066,28.607,0.00
1786340965,ingest,0.00,0.00,0.0,0.000,0.003,16.129,28.544,0.00
1786340970,ingest,0.00,0.00,0.0,0.000,0.003,16.192,28.480,0.00
1786340975,ingest,0.00,0.00,0.0,0.000,0.003,16.317,28.356,0.00
1786340980,ingest,0.00,0.00,0.0,0.000,0.003,16.442,28.230,0.00
1786340986,ingest,0.00,0.00,0.0,0.000,0.003,16.504,28.147,0.06
1786340991,ingest,0.00,0.00,0.0,0.000,0.003,16.567,28.090,0.00
1786340996,ingest,0.00,0.00,0.0,0.000,0.003,16.692,27.965,0.00
1786341001,ingest,0.00,0.00,0.0,0.000,0.003,16.817,27.839,0.00
1786341006,ingest,0.00,0.00,0.0,0.000,0.003,16.880,27.777,0.00
1786341011,ingest,0.00,0.00,0.0,0.000,0.003,16.942,27.715,0.00
1786341016,ingest,0.00,0.00,0.0,0.000,0.003,17.005,27.651,0.00
1786341021,ingest,0.00,0.00,0.0,0.000,0.003,17.059,27.598,0.00
1786341026,ingest,0.00,0.00,0.0,0.000,0.003,17.192,27.465,0.00
1786341031,ingest,0.00,0.00,0.0,0.000,0.003,17.255,27.402,0.00
1786341036,ingest,0.00,0.00,0.0,0.000,0.003,17.318,27.341,0.00
1786341041,ingest,0.00,0.00,0.0,0.000,0.003,17.380,27.275,0.00
1786341046,ingest,0.00,0.00,0.0,0.000,0.003,17.505,27.147,0.00
1786341051,ingest,0.00,0.00,0.0,0.000,0.003,17.505,27.146,0.00
1786341056,ingest,0.00,0.00,0.0,0.000,0.003,17.568,27.083,0.00
1786341061,ingest,0.00,0.00,0.0,0.000,0.003,17.630,27.023,0.00
1786341066,ingest,0.00,0.00,0.0,0.000,0.003,17.755,26.897,0.00
1786341071,ingest,0.00,0.00,0.0,0.000,0.003,17.881,26.774,0.00
1786341076,ingest,0.00,0.00,0.0,0.000,0.003,17.943,26.709,0.00
1786341082,ingest,0.00,0.00,0.0,0.000,0.003,18.006,26.646,0.00
1786341087,ingest,0.00,0.00,0.0,0.000,0.003,18.131,26.518,0.00
1786341092,ingest,0.00,0.00,0.0,0.000,0.003,18.256,26.390,0.00
1786341097,ingest,0.00,0.00,0.0,0.000,0.003,18.381,26.262,0.00
1786341102,ingest,0.00,0.00,0.0,0.000,0.003,18.506,26.134,0.00
1786341107,ingest,0.00,0.00,0.0,0.000,0.003,18.569,26.070,0.00
1786341112,ingest,0.00,0.00,0.0,0.000,0.003,18.694,25.944,0.00
1786341117,ingest,0.00,0.00,0.0,0.000,0.003,18.819,25.816,0.00
1786341122,ingest,0.00,0.00,0.0,0.000,0.003,18.882,25.753,0.00
1786341127,ingest,0.00,0.00,0.0,0.000,0.003,18.944,25.691,0.00
1786341132,ingest,0.00,0.00,0.0,0.000,0.003,19.069,25.563,0.00
1786341137,ingest,0.00,0.00,0.0,0.000,0.003,19.132,25.504,0.00
1786341142,ingest,0.00,0.00,0.0,0.000,0.003,19.257,25.371,0.00
1786341147,ingest,0.00,0.00,0.0,0.000,0.003,19.382,25.254,0.00
1786341152,ingest,0.00,0.00,0.0,0.000,0.003,19.445,25.191,0.00
1786341157,ingest,0.00,0.00,0.0,0.000,0.003,19.570,25.063,0.00
1786341162,ingest,0.00,0.00,0.0,0.000,0.003,19.632,25.002,0.00
1786341167,ingest,0.00,0.00,0.0,0.000,0.003,19.757,24.872,0.00
1786341173,ingest,0.00,0.00,0.0,0.000,0.003,19.820,24.808,0.00
1786341178,ingest,0.00,0.00,0.0,0.000,0.003,19.883,24.747,0.00
1786341183,ingest,0.00,0.00,0.0,0.000,0.003,20.070,24.558,0.00
1786341188,ingest,0.00,0.00,0.0,0.000,0.003,20.133,24.490,0.00
1786341193,ingest,0.00,0.00,0.0,0.000,0.003,20.320,24.300,0.00
1786341198,ingest,0.00,0.00,0.0,0.000,0.003,20.383,24.236,0.00
1786341203,ingest,0.00,0.00,0.0,0.000,0.003,20.445,24.178,0.00
1786341208,ingest,0.00,0.00,0.0,0.000,0.003,20.570,24.053,0.00
1786341213,ingest,0.00,0.00,0.0,0.000,0.003,20.700,23.927,0.00
1786341218,ingest,0.00,0.00,0.0,0.000,0.003,20.887,23.750,0.00
1786341223,ingest,0.00,0.00,0.0,0.000,0.003,20.887,23.750,0.00
1786341228,ingest,0.00,0.00,0.0,0.000,0.003,20.950,23.684,0.00
1786341233,ingest,0.00,0.00,0.0,0.000,0.003,21.137,23.494,0.00
1786341238,ingest,0.00,0.00,0.0,0.000,0.003,21.200,23.433,0.00
1786341243,ingest,0.00,0.00,0.0,0.000,0.003,21.263,23.371,0.00
1786341248,ingest,0.00,0.00,0.0,0.000,0.003,21.325,23.311,0.00
1786341253,ingest,0.00,0.00,0.0,0.000,0.003,21.450,23.184,0.00
1786341258,ingest,0.00,0.00,0.0,0.000,0.003,21.513,23.125,0.00
1786341263,ingest,0.00,0.00,0.0,0.000,0.003,21.575,23.061,0.00
1786341269,ingest,0.00,0.00,0.0,0.000,0.003,21.700,22.938,0.00
1786341274,ingest,0.00,0.00,0.0,0.000,0.003,21.825,22.816,0.00
1786341279,ingest,0.00,0.00,0.0,0.000,0.003,21.951,22.688,0.00
1786341284,ingest,0.00,0.00,0.0,0.000,0.003,22.013,22.607,0.06
1786341289,ingest,0.00,0.00,0.0,0.000,0.003,22.075,22.548,0.00
1786341294,ingest,0.00,0.00,0.0,0.000,0.003,22.138,22.484,0.00
1786341299,ingest,0.00,0.00,0.0,0.000,0.003,22.263,22.360,0.00
1786341304,ingest,0.00,0.00,0.0,0.000,0.003,22.325,22.300,0.00
1786341309,ingest,0.00,0.00,0.0,0.000,0.003,22.450,22.176,0.00
1786341314,ingest,0.00,0.00,0.0,0.000,0.003,22.560,22.066,0.00
1786341319,ingest,0.00,0.00,0.0,0.000,0.003,22.638,21.988,0.00
1786341324,ingest,0.00,0.00,0.0,0.000,0.003,22.700,21.925,0.00
1786341329,ingest,0.00,0.00,0.0,0.000,0.003,22.825,21.798,0.00
1786341334,ingest,0.00,0.00,0.0,0.000,0.003,22.888,21.735,0.00
1786341339,ingest,0.00,0.00,0.0,0.000,0.003,22.951,21.675,0.00
1786341344,ingest,0.00,0.00,0.0,0.000,0.003,23.013,21.613,0.00
1786341349,ingest,0.00,0.00,0.0,0.000,0.003,23.138,21.486,0.00
1786341354,ingest,0.00,0.00,0.0,0.000,0.003,23.326,21.302,0.00
1786341360,ingest,0.00,0.00,0.0,0.000,0.003,23.451,21.173,0.00
1786341365,ingest,0.00,0.00,0.0,0.000,0.003,23.513,21.109,0.00
1786341370,ingest,0.00,0.00,0.0,0.000,0.003,23.638,20.986,0.00
1786341375,ingest,0.00,0.00,0.0,0.000,0.003,23.701,20.919,0.00
1786341380,ingest,0.00,0.00,0.0,0.000,0.003,23.826,20.788,0.00
1786341385,ingest,0.00,0.00,0.0,0.000,0.003,23.889,20.725,0.00
1786341390,ingest,0.00,0.00,0.0,0.000,0.003,24.014,20.604,0.00
1786341395,ingest,0.00,0.00,0.0,0.000,0.003,24.139,20.479,0.00
1786341400,ingest,0.00,0.00,0.0,0.000,0.003,24.264,20.352,0.00
1786341405,ingest,0.00,0.00,0.0,0.000,0.003,24.327,20.293,0.00
1786341410,ingest,0.00,0.00,0.0,0.000,0.003,24.389,20.226,0.00
1786341415,ingest,0.00,0.00,0.0,0.000,0.003,24.514,20.099,0.00
1786341420,ingest,0.00,0.00,0.0,0.000,0.003,24.577,20.033,0.00
1786341425,ingest,0.00,0.00,0.0,0.000,0.003,24.639,19.970,0.00
1786341430,ingest,0.00,0.00,0.0,0.000,0.003,24.765,19.847,0.00
1786341435,ingest,0.00,0.00,0.0,0.000,0.003,24.890,19.723,0.00
1786341440,ingest,0.00,0.00,0.0,0.000,0.003,25.015,19.595,0.00
1786341445,ingest,0.00,0.00,0.0,0.000,0.003,25.140,19.469,0.00
1786341450,ingest,0.00,0.00,0.0,0.000,0.003,25.265,19.341,0.00
1786341456,ingest,0.00,0.00,0.0,0.000,0.003,25.305,19.302,0.00
1786341461,ingest,0.00,0.00,0.0,0.000,0.003,25.390,19.215,0.00
1786341466,ingest,0.00,0.00,0.0,0.000,0.003,25.515,19.086,0.00
1786341471,ingest,0.00,0.00,0.0,0.000,0.003,25.578,19.018,0.00
1786341476,ingest,0.00,0.00,0.0,0.000,0.003,25.703,18.893,0.00
1786341481,ingest,0.00,0.00,0.0,0.000,0.003,25.828,18.762,0.00
1786341486,ingest,0.00,0.00,0.0,0.000,0.003,25.953,18.636,0.00
1786341491,ingest,0.00,0.00,0.0,0.000,0.003,25.953,18.635,0.00
1786341496,ingest,0.00,0.00,0.0,0.000,0.003,26.078,18.511,0.00
1786341501,ingest,0.00,0.00,0.0,0.000,0.003,26.078,18.508,0.00
1786341506,ingest,0.00,0.00,0.0,0.000,0.003,26.203,18.383,0.00
1786341511,ingest,0.00,0.00,0.0,0.000,0.003,26.266,18.323,0.00
1786341516,ingest,0.00,0.00,0.0,0.000,0.003,26.453,18.134,0.00
1786341521,ingest,0.00,0.00,0.0,0.000,0.003,26.578,18.005,0.00
1786341526,ingest,0.00,0.00,0.0,0.000,0.003,26.704,17.878,0.00
1786341531,ingest,0.00,0.00,0.0,0.000,0.003,26.829,17.754,0.00
1786341536,ingest,0.00,0.00,0.0,0.000,0.003,26.829,17.751,0.00
1786341541,ingest,0.00,0.00,0.0,0.000,0.003,26.892,17.687,0.00
1786341546,ingest,0.00,0.00,0.0,0.000,0.003,27.080,17.497,0.00
1786341552,ingest,0.00,0.00,0.0,0.000,0.003,27.142,17.433,0.00
1786341557,ingest,0.00,0.00,0.0,0.000,0.003,27.267,17.310,0.00
1786341562,ingest,0.00,0.00,0.0,0.000,0.003,27.393,17.186,0.00
1786341567,ingest,0.00,0.00,0.0,0.000,0.003,27.455,17.128,0.00
1786341572,ingest,0.00,0.00,0.0,0.000,0.003,27.455,17.127,0.00
1786341577,ingest,0.00,0.00,0.0,0.000,0.003,27.518,17.061,0.00
1786341582,ingest,0.00,0.00,0.0,0.000,0.003,27.643,16.916,0.04
1786341587,ingest,0.00,0.00,0.0,0.000,0.003,27.768,16.797,0.02
1786341592,ingest,0.00,0.00,0.0,0.000,0.003,27.830,16.733,0.00
1786341597,ingest,0.00,0.00,0.0,0.000,0.003,27.956,16.607,0.00
1786341602,ingest,0.00,0.00,0.0,0.000,0.003,28.143,16.420,0.00
1786341607,ingest,0.00,0.00,0.0,0.000,0.003,28.143,16.416,0.00
1786341612,ingest,0.00,0.00,15.4,0.000,0.003,28.206,16.362,0.00
1786341617,ingest,0.00,0.00,0.0,0.000,0.003,28.268,16.296,0.00
1786341622,ingest,0.00,0.00,0.0,0.000,0.003,28.393,16.170,0.00
1786341627,ingest,0.00,0.00,0.0,0.000,0.003,28.518,16.045,0.00
1786341632,ingest,0.00,0.00,0.0,0.000,0.003,28.581,15.985,0.00
1786341637,ingest,0.00,0.00,0.0,0.000,0.003,28.706,15.843,0.00
1786341643,ingest,0.00,0.00,0.0,0.000,0.003,28.911,15.648,0.00
1786341648,ingest,0.00,0.00,0.0,0.000,0.003,29.036,15.522,0.00
1786341653,ingest,0.00,0.00,0.0,0.000,0.003,29.098,15.460,0.00
1786341658,ingest,0.00,0.00,0.0,0.000,0.003,29.161,15.396,0.00
1786341663,ingest,0.00,0.00,0.0,0.000,0.003,29.286,15.267,0.00
1786341668,ingest,0.00,0.00,0.0,0.000,0.003,29.349,15.206,0.00
1786341673,ingest,0.00,0.00,0.0,0.000,0.003,29.474,15.083,0.00
1786341678,ingest,0.00,0.00,0.0,0.000,0.003,29.599,14.958,0.00
1786341683,ingest,0.00,0.00,0.0,0.000,0.003,29.724,14.834,0.00
1786341688,ingest,0.00,0.00,0.0,0.000,0.003,29.786,14.769,0.00
1786341693,ingest,0.00,0.00,0.0,0.000,0.003,29.911,14.644,0.00
1786341698,ingest,0.00,0.00,0.0,0.000,0.003,29.974,14.579,0.00
1786341703,ingest,0.00,0.00,0.0,0.000,0.003,30.099,14.453,0.00
1786341708,ingest,0.00,0.00,0.0,0.000,0.003,30.162,14.395,0.00
1786341713,ingest,0.00,0.00,0.0,0.000,0.003,30.287,14.267,0.00
1786341718,ingest,0.00,0.00,0.0,0.000,0.003,30.412,14.139,0.00
1786341723,ingest,0.00,0.00,0.0,0.000,0.003,30.605,13.944,0.00
1786341728,ingest,0.00,0.00,0.0,0.030,0.003,30.605,13.946,0.00
1786341733,ingest,0.00,28.27,4.2,0.164,0.003,30.605,13.949,0.00
1786341739,ingest,0.00,0.00,0.0,0.283,0.003,30.605,13.945,0.00
1786341744,ingest,0.00,31.33,4.4,0.377,0.003,30.605,13.948,0.00
1786341749,ingest,0.00,0.00,0.0,0.437,0.003,30.605,13.941,0.00
1786341754,ingest,0.00,0.00,0.0,0.542,0.003,30.605,13.940,0.00
1786341759,ingest,0.00,0.00,0.0,0.700,0.003,30.606,13.939,0.00
1786341764,ingest,0.00,0.00,0.0,0.822,0.003,30.606,13.940,0.00
1786341769,ingest,0.00,0.00,0.0,0.822,0.003,30.606,13.941,0.00
1786341774,bench_mixed,0.00,106.91,11.6,0.822,0.003,30.606,14.232,0.01
1786341779,bench_mixed,0.00,0.00,0.0,0.822,0.003,39.001,13.186,12.68
1786341784,bench_mixed,0.00,0.00,0.0,0.822,0.003,52.433,12.906,0.00
1786341789,bench_mixed,39.56,0.00,2.3,0.822,0.003,61.909,12.758,0.00
1786341794,bench_mixed,0.00,0.00,0.0,0.822,0.003,61.987,12.699,0.00
1786341799,bench_mixed,0.00,0.00,0.0,0.822,0.003,62.064,12.622,0.00
1786341804,bench_mixed,8.22,0.00,1.4,0.822,0.003,62.095,12.591,0.00
1786341809,bench_mixed,0.00,0.00,0.0,0.822,0.003,62.097,12.589,0.00
1786341814,bench_mixed,0.00,0.00,0.0,0.822,0.003,63.013,11.654,0.00
1786341819,bench_mixed,0.74,0.00,1.0,0.822,0.003,64.759,9.911,0.00
1786341824,bench_mixed,2.09,0.00,2.9,0.822,0.003,65.307,9.372,0.00
1786341830,bench_mixed,1.17,0.00,2.1,0.822,0.003,65.625,9.054,0.00
1786341835,bench_mixed,0.65,0.00,1.1,0.822,0.003,65.891,8.787,0.00
1786341840,bench_mixed,1.12,0.00,1.7,0.822,0.003,66.171,8.500,0.00
1786341845,bench_mixed,2.16,0.00,3.5,0.822,0.003,66.227,8.445,0.00
1786341850,bench_mixed,3.33,0.00,3.8,0.822,0.003,66.315,8.353,0.00
1786341855,bench_mixed,11.64,0.00,4.0,0.822,0.003,66.415,8.253,0.00
1786341860,bench_mixed,18.22,0.00,5.1,0.822,0.003,66.564,8.101,0.00
1786341865,bench_mixed,18.98,0.00,4.7,0.822,0.003,66.642,8.024,0.00
1786341870,bench_mixed,24.36,0.00,5.0,0.822,0.003,66.699,7.965,0.00
1786341875,bench_mixed,22.13,0.00,5.2,0.822,0.003,66.741,7.928,0.00
1786341880,bench_mixed,17.12,0.00,5.1,0.822,0.003,66.811,7.857,0.00
1786341885,bench_mixed,21.28,0.00,5.6,0.822,0.003,66.908,7.746,0.06
1786341890,bench_mixed,13.49,0.00,4.0,0.822,0.003,66.972,7.682,0.00
1786341895,bench_mixed,26.90,0.00,6.9,0.822,0.003,67.056,7.601,0.00
1786341900,bench_mixed,19.53,0.00,5.1,0.822,0.003,67.106,7.553,0.00
1786341905,bench_mixed,15.70,0.00,3.8,0.822,0.003,67.154,7.506,0.00
1786341910,bench_mixed,21.22,0.00,4.9,0.822,0.003,67.199,7.463,0.00
1786341915,bench_mixed,15.25,0.00,3.6,0.822,0.003,67.298,7.361,0.00
1786341921,bench_mixed,35.66,0.00,7.8,0.822,0.003,67.346,7.313,0.00
1786341926,bench_mixed,18.11,0.00,4.2,0.822,0.003,67.357,7.307,0.00
1786341931,bench_mixed,17.94,0.00,5.0,0.822,0.003,67.399,7.266,0.00
1786341936,bench_mixed,13.51,0.00,4.0,0.822,0.003,67.487,7.175,0.00
1786341941,bench_mixed,18.28,0.00,3.8,0.822,0.003,67.525,7.141,0.00
1786341946,bench_mixed,15.30,0.00,3.7,0.822,0.003,67.558,7.103,0.00
1786341951,bench_mixed,1.47,0.00,0.5,0.822,0.003,67.563,7.098,0.00
1786341956,bench_mixed,8.70,0.00,1.8,0.822,0.003,67.571,7.091,0.00
1786341961,bench_mixed,6.19,0.00,1.9,0.822,0.003,67.576,7.085,0.00
1786341966,bench_mixed,14.83,0.00,4.5,0.822,0.003,67.617,7.041,0.00
1786341971,bench_mixed,8.17,0.00,2.3,0.822,0.003,67.642,7.039,0.00
1786341976,bench_mixed,0.00,0.00,0.0,0.822,0.003,67.642,7.040,0.00
1786341981,bench_mixed,1.25,0.00,0.5,0.822,0.003,67.643,7.040,0.00
1786341986,bench_mixed,0.00,0.00,0.0,0.822,0.003,67.643,7.043,0.00
1786341991,bench_mixed,0.00,0.00,0.0,0.822,0.003,67.643,7.042,0.00
1786341996,bench_mixed,1.10,0.00,0.5,0.822,0.003,67.643,7.044,0.00
1786342001,bench_mixed,0.11,0.00,0.2,0.822,0.003,67.643,7.045,0.00
1786342006,bench_mixed,0.00,0.00,0.0,0.822,0.003,67.643,7.049,0.00
1786342011,bench_mixed,0.00,0.00,0.0,0.822,0.003,67.659,7.033,0.00
1786342017,bench_mixed,0.00,0.00,0.0,0.822,0.003,67.659,7.032,0.00
1786342022,bench_mixed,0.00,0.00,0.0,0.822,0.003,67.659,7.033,0.00
1786342027,bench_mixed,1.58,0.00,0.3,0.822,0.003,67.668,7.024,0.00
1786342032,bench_mixed,0.00,0.00,0.0,0.822,0.003,67.668,7.025,0.00
1786342037,bench_mixed,0.00,0.00,0.0,0.822,0.003,67.668,7.022,0.00
1786342042,bench_mixed,0.00,0.00,0.0,0.822,0.003,67.668,7.023,0.00
1786342047,bench_mixed,2.20,0.00,0.6,0.822,0.003,67.668,7.024,0.00
1786342052,bench_mixed,0.00,0.00,0.0,0.822,0.003,67.668,7.025,0.00
1786342057,bench_mixed,0.00,0.00,0.0,0.822,0.003,67.679,7.012,0.00
1786342062,bench_mixed,0.00,0.00,0.0,0.822,0.003,67.679,7.013,0.00
1786342067,bench_mixed,0.00,0.00,0.0,0.822,0.003,67.679,7.015,0.00
1786342072,bench_mixed,0.00,0.00,0.0,0.822,0.003,67.679,7.016,0.00
1786342077,bench_mixed,0.00,0.00,0.0,0.822,0.003,67.679,7.016,0.00
1786342082,bench_mixed,0.00,0.00,0.0,0.822,0.003,67.679,7.016,0.00
1786342087,bench_mixed,0.00,0.00,0.0,0.822,0.003,67.679,7.015,0.00
1786342092,bench_mixed,0.00,0.00,0.0,0.822,0.003,67.694,7.001,0.00
1786342097,bench_mixed,0.00,0.00,0.0,0.822,0.003,67.694,7.000,0.00
1786342102,bench_mixed,0.00,0.00,0.0,0.822,0.003,67.694,7.000,0.00
1786342108,bench_mixed,0.00,0.00,0.0,0.822,0.003,67.694,7.000,0.00
1786342113,bench_mixed,0.00,0.00,0.0,0.822,0.003,67.694,7.000,0.00
1786342118,bench_mixed,0.00,0.00,0.0,0.822,0.003,67.694,6.999,0.00
1786342123,bench_mixed,0.00,0.00,0.0,0.822,0.003,67.694,6.999,0.00
1786342128,bench_mixed,1.41,0.00,0.3,0.822,0.003,67.699,6.994,0.00
1786342133,bench_mixed,0.00,0.00,0.0,0.822,0.003,67.699,6.994,0.00
1786342138,bench_mixed,0.00,0.00,0.0,0.822,0.003,67.699,6.994,0.00
1786342143,bench_mixed,0.00,0.00,0.0,0.822,0.003,67.699,6.994,0.00
1786342148,bench_mixed,0.00,0.00,0.0,0.822,0.003,67.699,6.994,0.00
1786342153,bench_mixed,0.00,0.00,0.0,0.822,0.003,67.699,6.994,0.00
1786342158,bench_mixed,0.00,0.00,0.0,0.822,0.003,67.699,6.993,0.00
1786342163,bench_mixed,0.00,0.00,0.0,0.822,0.003,67.699,6.994,0.00
1786342168,bench_mixed,0.00,0.00,0.0,0.822,0.003,67.699,6.992,0.00
1786342173,bench_mixed,0.00,0.00,0.0,0.822,0.003,67.699,6.992,0.00
1786342178,bench_mixed,0.00,0.00,0.0,0.822,0.003,67.699,6.990,0.00
1786342183,bench_mixed,0.00,0.00,0.0,0.822,0.003,67.699,6.972,0.05
1786342188,bench_mixed,0.00,0.00,0.0,0.822,0.003,67.699,6.972,0.01
1786342193,bench_mixed,0.00,0.00,0.0,0.822,0.003,67.699,6.972,0.00
1786342198,bench_mixed,0.00,0.00,0.0,0.822,0.003,67.699,6.977,0.00
1786342204,bench_mixed,0.00,0.00,0.0,0.822,0.003,67.699,6.979,0.00
1786342209,bench_mixed,0.00,0.00,0.0,0.822,0.003,67.699,6.979,0.00
1786342214,bench_mixed,0.00,0.00,0.0,0.822,0.003,67.699,6.979,0.00
1786342219,bench_mixed,0.00,0.00,0.0,0.822,0.003,67.699,6.980,0.00
1786342224,bench_mixed,0.00,0.00,0.0,0.822,0.003,67.699,6.980,0.00
1786342229,bench_mixed,0.00,0.00,0.0,0.822,0.003,67.699,6.980,0.00
1786342234,bench_mixed,0.00,0.00,0.0,0.822,0.003,67.699,6.981,0.00
1786342239,bench_mixed,0.00,0.00,0.0,0.822,0.003,67.699,6.981,0.00
1786342244,bench_mixed,0.00,0.00,0.0,0.822,0.003,67.699,6.984,0.00
1786342249,bench_mixed,0.00,0.00,0.0,0.822,0.003,67.699,6.984,0.00
1786342254,bench_mixed,0.00,0.00,0.0,0.822,0.003,67.699,6.986,0.00
1786342259,bench_mixed,0.00,0.00,0.0,0.822,0.003,67.699,6.986,0.00
1786342264,bench_mixed,0.00,0.00,0.0,0.822,0.003,67.699,6.986,0.00
1786342269,bench_mixed,0.00,0.00,0.0,0.822,0.003,67.699,6.986,0.00
1786342274,bench_mixed,0.00,0.00,0.0,0.822,0.003,67.699,6.987,0.00
1786342279,bench_mixed,0.00,0.00,0.0,0.822,0.003,67.699,6.987,0.00
1786342284,bench_mixed,0.00,0.00,0.0,0.822,0.003,67.699,6.988,0.00
1786342289,bench_mixed,0.00,0.00,0.0,0.822,0.003,67.699,6.988,0.00
1786342295,bench_mixed,0.00,0.00,0.0,0.822,0.003,67.699,6.986,0.00
1786342300,bench_mixed,0.00,0.00,0.0,0.822,0.003,67.699,6.987,0.00
1786342305,bench_mixed,0.00,0.00,0.0,0.822,0.003,67.699,6.988,0.00
1786342310,bench_mixed,0.00,0.00,0.0,0.822,0.003,67.699,6.988,0.00
1786342315,bench_mixed,0.00,0.00,0.0,0.822,0.003,67.699,6.988,0.00
1786342320,bench_mixed,0.00,0.00,0.0,0.822,0.003,67.699,6.988,0.00
1786342325,bench_mixed,0.00,0.00,0.0,0.822,0.003,67.699,6.989,0.00
1786342330,bench_mixed,0.00,0.00,0.0,0.822,0.003,67.699,6.989,0.00
1786342335,bench_mixed,0.00,0.00,0.0,0.822,0.003,67.699,6.988,0.00
1786342340,bench_mixed,0.00,0.00,0.0,0.822,0.003,67.699,6.988,0.00
1786342345,bench_mixed,0.00,0.00,0.0,0.822,0.003,67.699,6.986,0.00
1786342350,bench_mixed,0.00,0.00,0.0,0.822,0.003,67.699,6.986,0.00
1786342355,bench_mixed,0.00,0.00,0.0,0.822,0.003,67.699,6.987,0.00
1786342360,bench_mixed,0.00,0.00,0.0,0.822,0.003,67.699,6.987,0.00
1786342365,bench_mixed,0.00,0.00,0.0,0.822,0.003,67.699,6.989,0.00
1786342370,bench_mixed,0.00,0.00,0.0,0.822,0.003,67.699,6.989,0.00
1786342375,bench_mixed,0.00,0.00,0.0,0.822,0.003,67.699,6.990,0.00
1786342380,bench_mixed,0.00,0.00,0.0,0.822,0.003,67.699,6.990,0.00
1786342385,bench_mixed,0.00,0.00,0.0,0.822,0.003,67.699,6.989,0.00
1786342391,bench_mixed,0.00,0.00,0.0,0.822,0.003,67.699,6.988,0.00
1786342396,bench_mixed,0.00,0.00,0.0,0.822,0.003,67.699,6.986,0.00
1786342401,bench_mixed,0.00,0.00,0.0,0.822,0.003,67.699,6.986,0.00
1786342406,bench_mixed,0.00,0.00,0.0,0.822,0.003,67.699,6.985,0.00
1786342411,bench_mixed,0.00,0.00,0.0,0.822,0.003,67.699,6.985,0.00
1786342416,bench_mixed,0.00,0.00,0.0,0.822,0.003,67.699,6.985,0.00
1786342421,bench_mixed,0.00,0.00,0.0,0.822,0.003,67.699,6.986,0.00
1786342426,bench_mixed,0.00,0.00,0.0,0.822,0.003,67.699,6.985,0.00
1786342431,bench_mixed,0.00,0.00,0.0,0.822,0.003,67.699,6.987,0.00
1786342436,bench_mixed,0.00,0.00,0.0,0.822,0.003,67.699,6.987,0.00
1786342441,bench_mixed,0.00,0.00,0.0,0.822,0.003,67.699,6.987,0.00
1786342446,bench_mixed,0.00,0.00,0.0,0.822,0.003,67.699,6.989,0.00
1786342451,bench_mixed,0.00,0.00,0.0,0.822,0.003,67.699,6.990,0.00
1786342456,bench_mixed,0.00,0.00,0.0,0.822,0.003,67.699,6.987,0.00
1786342461,bench_mixed,0.00,0.00,0.0,0.822,0.003,67.699,6.986,0.00
1786342466,bench_mixed,0.00,0.00,0.0,0.822,0.003,67.699,6.985,0.00
1786342471,bench_mixed,0.00,0.00,0.0,0.822,0.003,67.699,6.986,0.00
1786342476,bench_mixed,0.00,0.00,0.0,0.822,0.003,67.699,6.988,0.00
1786342482,bench_mixed,0.00,0.00,0.0,0.822,0.003,67.699,6.979,0.03
1786342487,bench_mixed,0.00,0.00,0.0,0.822,0.003,67.699,6.976,0.03
1786342492,bench_mixed,0.00,0.00,0.0,0.822,0.003,67.699,6.977,0.00
1786342497,bench_mixed,0.00,0.00,0.0,0.822,0.003,67.699,6.977,0.00
1786342502,bench_mixed,0.00,0.00,0.0,0.822,0.003,67.699,6.977,0.00
1786342507,bench_mixed,0.00,0.00,0.0,0.822,0.003,67.699,6.979,0.00
1786342512,bench_mixed,0.00,0.00,0.0,0.822,0.003,67.699,6.980,0.00
1786342517,bench_mixed,0.00,0.00,0.0,0.822,0.003,67.699,6.982,0.00
1786342522,bench_mixed,0.00,0.00,0.0,0.822,0.003,67.699,6.983,0.00
1786342527,bench_mixed,0.00,0.00,0.0,0.822,0.003,67.699,6.983,0.00
1786342532,bench_mixed,0.00,0.00,0.0,0.822,0.003,67.699,6.984,0.00
1786342537,bench_mixed,0.00,0.00,0.0,0.822,0.003,67.699,6.983,0.00
1786342542,bench_mixed,0.00,0.00,0.0,0.822,0.003,67.699,6.985,0.00
1786342547,bench_mixed,0.00,0.00,0.0,0.822,0.003,67.699,6.985,0.00
1786342552,bench_mixed,0.00,0.00,0.0,0.822,0.003,67.699,6.985,0.00
1786342557,bench_mixed,0.00,0.00,0.0,0.822,0.003,67.699,6.984,0.00
1786342562,bench_mixed,0.00,0.00,0.0,0.822,0.003,67.699,6.985,0.00
1786342567,bench_mixed,0.00,0.00,0.0,0.822,0.003,67.699,6.978,0.00
1786342572,bench_mixed,0.00,0.00,0.0,0.822,0.003,67.699,6.984,0.00
1786342578,bench_mixed,0.00,0.00,0.0,0.822,0.003,67.699,6.984,0.00
1786342583,bench_mixed,0.00,0.00,0.0,0.822,0.003,67.699,6.983,0.00
1786342588,bench_mixed,0.00,0.00,0.0,0.822,0.003,67.699,6.982,0.00
1786342593,bench_mixed,0.00,0.00,0.0,0.822,0.003,67.699,6.981,0.00
1786342598,bench_mixed,0.00,0.00,0.0,0.822,0.003,67.699,6.981,0.00
1786342603,bench_mixed,0.00,0.00,0.0,0.822,0.003,67.699,6.982,0.00
1786342608,bench_mixed,0.00,0.00,0.0,0.822,0.003,67.699,6.982,0.00
1786342613,bench_mixed,0.00,0.00,0.0,0.822,0.003,67.699,6.983,0.00
1786342618,bench_mixed,0.00,0.00,0.0,0.822,0.003,67.699,6.983,0.00
1786342623,bench_mixed,0.00,0.00,0.0,0.822,0.003,67.699,6.982,0.00
1786342628,bench_mixed,0.00,0.00,0.0,0.822,0.003,67.699,6.983,0.00
1786342633,bench_mixed,0.00,0.00,0.0,0.822,0.003,67.699,6.978,0.00
1786342638,bench_mixed,0.00,0.00,0.0,0.822,0.003,67.699,6.979,0.00
1786342643,bench_mixed,0.00,0.00,0.0,0.822,0.003,67.699,6.980,0.00
1786342648,bench_mixed,0.00,0.00,0.0,0.822,0.003,67.699,6.980,0.00
1786342653,bench_mixed,0.00,0.00,0.0,0.822,0.003,67.699,6.980,0.00
1786342658,bench_mixed,0.00,0.00,0.0,0.822,0.003,67.699,6.979,0.00
1786342663,bench_mixed,0.00,0.00,0.0,0.822,0.003,67.699,6.978,0.00
1786342669,bench_mixed,0.00,0.00,0.0,0.822,0.003,67.699,6.978,0.00
1786342674,bench_mixed,0.00,0.00,0.0,0.822,0.003,67.699,6.977,0.00
1786342679,bench_mixed,0.00,0.00,0.0,0.822,0.003,67.699,6.977,0.00
1786342684,bench_mixed,0.00,0.00,0.0,0.822,0.003,67.699,6.977,0.00
1786342689,bench_mixed,0.00,0.00,0.0,0.822,0.003,67.699,6.976,0.00
1786342694,bench_mixed,0.00,0.00,0.0,0.822,0.003,67.699,6.978,0.00
1786342699,bench_mixed,0.00,0.00,0.0,0.822,0.003,67.699,6.977,0.00
1786342704,bench_mixed,0.00,0.00,0.0,0.822,0.003,67.699,6.980,0.00
1786342709,bench_mixed,0.00,0.00,0.0,0.822,0.003,67.699,6.979,0.00
1786342714,bench_mixed,0.00,0.00,0.0,0.822,0.003,67.699,6.981,0.00
1786342719,bench_mixed,0.00,0.00,0.0,0.822,0.003,67.699,6.981,0.00
1786342724,bench_mixed,0.00,0.00,0.0,0.822,0.003,67.699,6.979,0.00
1786342729,bench_mixed,0.00,0.00,0.0,0.822,0.003,67.699,6.980,0.00
1786342734,bench_mixed,0.00,0.00,0.0,0.822,0.003,67.699,6.980,0.00
1786342739,bench_mixed,0.00,0.00,0.0,0.822,0.003,67.699,6.982,0.00
1786342744,bench_mixed,0.00,0.00,0.0,0.822,0.003,67.699,6.981,0.00
1786342749,bench_mixed,0.00,0.00,0.0,0.822,0.003,67.699,6.982,0.00
1786342754,bench_mixed,0.00,0.00,0.0,0.822,0.003,67.699,6.983,0.00
1786342759,bench_mixed,0.00,0.00,0.0,0.822,0.003,67.699,6.984,0.00
1786342765,bench_mixed,0.00,0.00,0.0,0.822,0.003,67.699,6.986,0.00
1786342770,bench_mixed,0.00,0.00,0.0,0.822,0.003,67.699,6.987,0.00
1786342775,bench_mixed,0.00,0.00,0.0,0.822,0.003,67.699,6.988,0.00
1786342780,bench_mixed,0.00,0.00,0.0,0.822,0.003,67.699,6.988,0.00
1786342785,bench_mixed,0.00,0.00,0.0,0.822,0.003,67.699,6.975,0.06
1786342790,bench_mixed,0.00,0.00,0.0,0.822,0.003,67.699,6.976,0.00
1786342795,bench_mixed,0.00,0.00,0.0,0.822,0.003,67.699,6.976,0.00
1786342800,bench_mixed,0.00,0.00,0.0,0.822,0.003,67.699,6.977,0.00
1786342805,bench_mixed,0.00,0.00,0.0,0.822,0.003,67.699,6.977,0.00
1786342810,bench_mixed,0.00,0.00,0.0,0.822,0.003,67.699,6.978,0.00
1786342815,bench_mixed,0.00,0.00,0.0,0.822,0.003,67.699,6.981,0.00
1786342820,bench_mixed,0.00,0.00,0.0,0.822,0.003,67.699,6.981,0.00
1786342825,bench_mixed,0.00,0.00,0.0,0.822,0.003,67.699,6.984,0.00
1786342830,bench_mixed,0.00,0.00,0.0,0.822,0.003,67.699,6.984,0.00
1786342835,bench_mixed,0.00,0.00,0.0,0.822,0.003,67.699,6.984,0.00
1786342840,bench_mixed,0.00,0.00,0.0,0.822,0.003,67.699,6.984,0.00
1786342845,bench_mixed,0.00,0.00,0.0,0.822,0.003,67.699,6.982,0.00
1786342850,bench_mixed,0.00,0.00,0.0,0.822,0.003,67.699,6.983,0.00
1786342856,bench_mixed,0.00,0.00,0.0,0.822,0.003,67.699,6.982,0.00
1786342861,bench_mixed,0.00,0.00,0.0,0.822,0.003,67.699,6.982,0.00
1786342866,bench_mixed,0.00,0.00,0.0,0.822,0.003,67.699,6.981,0.00
1786342871,bench_mixed,0.00,0.00,0.0,0.822,0.003,67.699,6.982,0.00
1786342876,bench_mixed,0.00,0.00,0.0,0.822,0.003,67.699,6.981,0.00
1786342881,bench_mixed,0.00,0.00,0.0,0.822,0.003,67.699,6.983,0.00
1786342886,bench_mixed,0.00,0.00,0.0,0.822,0.003,67.699,6.986,0.00
1786342891,bench_mixed,0.00,0.00,0.0,0.822,0.003,67.699,6.986,0.00
1786342896,bench_mixed,0.00,0.00,0.0,0.822,0.003,67.699,6.985,0.00
1786342901,bench_mixed,0.00,0.00,0.0,0.822,0.003,67.699,6.986,0.00
1786342906,bench_mixed,0.00,0.00,0.0,0.822,0.003,67.699,6.986,0.00
1786342911,bench_mixed,0.00,0.00,0.0,0.822,0.003,67.699,6.987,0.00
1786342916,bench_mixed,0.00,0.00,0.0,0.822,0.003,67.699,6.984,0.00
1786342921,bench_mixed,0.00,0.00,0.0,0.822,0.003,67.699,6.984,0.00
1786342926,bench_mixed,0.00,0.00,0.0,0.822,0.003,67.699,6.985,0.00
1786342931,bench_mixed,0.00,0.00,0.0,0.822,0.003,67.699,6.985,0.00
1786342936,bench_mixed,0.00,0.00,0.0,0.822,0.003,67.699,6.986,0.00
1786342941,bench_mixed,0.00,0.00,0.0,0.822,0.003,67.699,6.983,0.00
1786342946,bench_mixed,0.00,0.00,0.0,0.822,0.003,67.699,6.983,0.00
1786342952,bench_mixed,0.00,0.00,0.0,0.822,0.003,67.699,6.984,0.00
1786342957,bench_mixed,0.00,0.00,0.0,0.822,0.003,67.699,6.983,0.00
1786342962,bench_mixed,0.00,0.00,0.0,0.822,0.003,67.699,6.986,0.00
1786342967,bench_mixed,0.00,0.00,0.0,0.822,0.003,67.699,6.986,0.00
1786342972,bench_mixed,0.00,0.00,0.0,0.822,0.003,67.699,6.987,0.00
1786342977,bench_mixed,0.00,0.00,0.0,0.822,0.003,67.699,6.987,0.00
1786342982,bench_mixed,0.00,0.00,0.0,0.822,0.003,67.699,6.987,0.00
1786342987,bench_mixed,0.00,0.00,0.0,0.822,0.003,67.699,6.987,0.00
1786342992,bench_mixed,0.00,0.00,0.0,0.822,0.003,67.699,6.990,0.00
1786342997,bench_mixed,0.00,0.00,0.0,0.822,0.003,67.699,6.990,0.00
1786343002,bench_mixed,0.00,0.00,0.0,0.822,0.003,67.699,6.990,0.00
1786343007,bench_mixed,0.00,0.00,0.0,0.822,0.003,67.699,6.989,0.00
1786343012,bench_mixed,0.00,0.00,0.0,0.822,0.003,67.699,6.990,0.00
1786343017,bench_mixed,0.00,0.00,0.0,0.822,0.003,67.699,6.990,0.00
1786343022,bench_mixed,0.00,0.00,0.0,0.822,0.003,67.699,6.988,0.00
1786343027,bench_mixed,0.00,0.00,0.0,0.822,0.003,67.699,6.988,0.00
1786343032,bench_mixed,0.00,0.00,0.0,0.822,0.003,67.699,6.990,0.00
1786343037,bench_mixed,0.00,0.00,0.0,0.822,0.003,67.699,6.989,0.00
1786343042,bench_mixed,0.00,0.00,0.0,0.822,0.003,67.699,6.990,0.00
1786343048,bench_mixed,0.00,0.00,0.0,0.822,0.003,67.699,6.991,0.00
1786343053,bench_mixed,0.00,0.00,0.0,0.822,0.003,67.699,6.993,0.00
1786343058,bench_mixed,0.00,0.00,0.0,0.822,0.003,67.699,6.993,0.00
1786343063,bench_mixed,0.00,0.00,0.0,0.822,0.003,67.699,6.991,0.00
1786343068,bench_mixed,0.00,0.00,0.0,0.822,0.003,67.699,6.991,0.00
1786343073,bench_mixed,0.00,0.00,0.0,0.822,0.003,67.699,6.991,0.00
1786343078,bench_mixed,0.00,0.00,0.0,0.822,0.003,67.699,6.992,0.00
1786343083,bench_mixed,0.00,0.00,0.0,0.822,0.003,67.699,6.978,0.04
1786343088,bench_mixed,0.00,0.00,0.0,0.822,0.003,67.699,6.977,0.01
1786343093,bench_mixed,0.00,0.00,0.0,0.822,0.003,67.699,6.978,0.00
1786343098,bench_mixed,0.00,0.00,0.0,0.822,0.003,67.699,6.978,0.00
1786343103,bench_mixed,0.00,0.00,0.0,0.822,0.003,67.699,6.979,0.00
1786343108,bench_mixed,0.00,0.00,0.0,0.822,0.003,67.699,6.980,0.00
1786343113,bench_mixed,0.00,0.00,0.0,0.822,0.003,67.699,6.980,0.00
1786343118,bench_mixed,0.00,0.00,0.0,0.822,0.003,67.699,6.980,0.00
1786343123,bench_mixed,0.00,0.00,0.0,0.822,0.003,67.699,6.981,0.00
1786343128,bench_mixed,0.00,0.00,0.0,0.822,0.003,67.699,6.982,0.00
1786343133,bench_mixed,0.00,0.00,0.0,0.822,0.003,67.699,6.980,0.00
1786343139,bench_mixed,0.00,0.00,0.0,0.822,0.003,67.699,6.981,0.00
1786343144,bench_mixed,0.00,0.00,0.0,0.822,0.003,67.699,6.982,0.00
1786343149,bench_mixed,0.00,0.00,0.0,0.822,0.003,67.699,6.982,0.00
1786343154,bench_mixed,0.00,0.00,0.0,0.822,0.003,67.699,6.982,0.00
1786343159,bench_mixed,0.00,0.00,0.0,0.822,0.003,67.699,6.983,0.00
1786343164,bench_mixed,0.00,0.00,0.0,0.822,0.003,67.699,6.982,0.00
1786343169,bench_mixed,0.00,0.00,0.0,0.822,0.003,67.699,6.983,0.00
1786343174,bench_mixed,0.00,0.00,0.0,0.822,0.003,67.699,6.983,0.00
1786343179,bench_mixed,0.00,0.00,0.0,0.822,0.003,67.699,6.984,0.00
1786343184,bench_mixed,0.00,0.00,0.0,0.822,0.003,67.699,6.985,0.00
1786343189,bench_mixed,0.00,0.00,0.0,0.822,0.003,67.699,6.985,0.00
1786343194,bench_mixed,0.00,0.00,0.0,0.822,0.003,67.699,6.985,0.00
1786343199,bench_mixed,0.00,0.00,0.0,0.822,0.003,67.699,6.985,0.00
1786343204,bench_mixed,0.00,0.00,0.0,0.822,0.003,67.699,6.987,0.00
1786343209,bench_mixed,0.00,0.00,0.0,0.822,0.003,67.699,6.988,0.00
1786343214,bench_mixed,0.00,0.00,0.0,0.822,0.003,67.699,6.987,0.00
1786343219,bench_mixed,0.00,0.00,0.0,0.822,0.003,67.699,6.988,0.00
1786343224,bench_mixed,0.00,0.00,0.0,0.822,0.003,67.699,6.986,0.00
1786343229,bench_mixed,0.00,0.00,0.0,0.822,0.003,67.699,6.987,0.00
1786343235,bench_mixed,0.00,0.00,0.0,0.822,0.003,67.699,6.990,0.00
1786343240,bench_mixed,0.00,0.00,0.0,0.822,0.003,67.699,6.992,0.00
1786343245,bench_mixed,0.00,0.00,0.0,0.822,0.003,67.699,6.991,0.00
1786343250,bench_mixed,0.00,0.00,0.0,0.822,0.003,67.699,6.991,0.00
1786343255,bench_mixed,0.00,0.00,0.0,0.822,0.003,67.699,6.990,0.00
1786343260,bench_mixed,0.00,0.00,0.0,0.822,0.003,67.699,6.991,0.00
1786343265,bench_mixed,0.00,0.00,0.0,0.822,0.003,67.699,6.990,0.00
1786343270,bench_mixed,0.00,0.00,0.0,0.822,0.003,67.699,6.990,0.00
1786343275,bench_mixed,0.00,0.00,0.0,0.822,0.003,67.699,6.990,0.00
1786343280,bench_mixed,0.00,0.00,0.0,0.822,0.003,67.699,6.990,0.00
1786343285,bench_mixed,0.00,0.00,0.0,0.822,0.003,67.699,6.992,0.00
1786343290,bench_mixed,0.00,0.00,0.0,0.822,0.003,67.699,6.992,0.00
1786343295,bench_mixed,0.00,0.00,0.0,0.822,0.003,67.699,6.989,0.00
1786343300,bench_mixed,0.00,0.00,0.0,0.822,0.003,67.699,6.993,0.00
1786343305,bench_mixed,0.00,0.00,0.0,0.822,0.003,67.699,6.992,0.00
1786343310,bench_mixed,0.00,0.00,0.0,0.822,0.003,67.699,6.994,0.00
1786343315,bench_mixed,0.00,0.00,0.0,0.822,0.003,67.699,6.994,0.00
1786343320,bench_mixed,0.00,0.00,0.0,0.822,0.003,67.699,7.000,0.00
1786343325,bench_mixed,0.00,0.00,0.0,0.822,0.003,67.699,6.999,0.00
1786343331,bench_mixed,0.00,0.00,0.0,0.822,0.003,67.699,6.997,0.00
1786343336,bench_mixed,0.00,0.00,0.0,0.822,0.003,67.699,6.997,0.00
1786343341,bench_mixed,0.00,0.00,0.0,0.822,0.003,67.699,6.997,0.00
1786343346,bench_mixed,0.00,0.00,0.0,0.822,0.003,67.699,6.997,0.00
1786343351,bench_mixed,0.00,0.00,0.0,0.822,0.003,67.699,6.997,0.00
1786343356,bench_mixed,0.00,0.00,0.0,0.822,0.003,67.699,6.998,0.00
1786343361,bench_mixed,0.00,0.00,0.0,0.822,0.003,67.699,6.996,0.00
1786343366,bench_mixed,0.00,0.00,0.0,0.822,0.003,67.699,6.997,0.00
1786343371,bench_mixed,0.00,0.00,0.0,0.822,0.003,67.699,6.994,0.00
1786343376,bench_mixed,0.00,0.00,0.0,0.822,0.003,67.699,6.995,0.00
1786343381,bench_mixed,0.00,0.00,0.0,0.822,0.003,67.699,6.994,0.00
1786343386,bench_mixed,0.00,0.00,0.0,0.822,0.003,67.699,6.977,0.06
1786343391,bench_mixed,0.00,0.00,0.0,0.822,0.003,67.699,6.982,0.00
1786343396,bench_mixed,0.00,0.00,0.0,0.822,0.003,67.699,6.983,0.00
1786343401,bench_mixed,0.00,0.00,0.0,0.822,0.003,67.699,6.985,0.00
1786343406,bench_mixed,0.00,0.00,0.0,0.822,0.003,67.699,6.985,0.00
1786343411,bench_mixed,0.00,0.00,0.0,0.822,0.003,67.699,6.990,0.00
1786343416,bench_mixed,0.00,0.00,0.0,0.822,0.003,67.699,6.990,0.00
1786343422,bench_mixed,0.00,0.00,0.0,0.822,0.003,67.699,6.988,0.00
1786343427,bench_mixed,0.00,0.00,0.0,0.822,0.003,67.699,6.988,0.00
1786343432,bench_mixed,0.00,0.00,0.0,0.822,0.003,67.699,6.987,0.00
1786343437,bench_mixed,0.00,0.00,0.0,0.822,0.003,67.699,6.987,0.00
1786343442,bench_mixed,0.00,0.00,0.0,0.822,0.003,67.699,6.987,0.00
1786343447,bench_mixed,0.00,0.00,0.0,0.822,0.003,67.699,6.987,0.00
1786343452,bench_mixed,0.00,0.00,0.0,0.822,0.003,67.699,6.990,0.00
1786343457,bench_mixed,0.00,0.00,0.0,0.822,0.003,67.699,6.990,0.00
1786343462,bench_mixed,0.00,0.00,0.0,0.822,0.003,67.699,6.991,0.00
1786343467,bench_mixed,0.00,0.00,0.0,0.822,0.003,67.699,6.991,0.00
1786343472,bench_mixed,0.00,0.00,0.0,0.822,0.003,67.699,6.992,0.00
1786343477,bench_mixed,0.00,0.00,0.0,0.822,0.003,67.699,6.992,0.00
1786343482,bench_mixed,0.00,0.00,0.0,0.822,0.003,67.699,6.990,0.00
1786343487,bench_mixed,0.00,0.00,0.0,0.822,0.003,67.699,6.990,0.00
1786343492,bench_mixed,0.00,0.00,0.0,0.822,0.003,67.699,6.990,0.00
1786343497,bench_mixed,0.00,0.00,0.0,0.822,0.003,67.699,6.990,0.00
1786343502,bench_mixed,0.00,0.00,0.0,0.822,0.003,67.699,6.987,0.00
1786343507,bench_mixed,0.00,0.00,0.0,0.822,0.003,67.699,6.987,0.00
1786343512,bench_mixed,0.00,0.00,0.0,0.822,0.003,67.699,6.987,0.00
1786343518,bench_mixed,0.00,0.00,0.0,0.822,0.003,67.699,6.987,0.00
1786343523,bench_mixed,0.00,0.00,0.0,0.822,0.003,67.699,6.984,0.00
1786343528,bench_mixed,0.00,0.00,0.0,0.822,0.003,67.699,6.984,0.00
1786343533,bench_mixed,0.00,0.00,0.0,0.822,0.003,67.699,6.983,0.00
1786343538,bench_mixed,0.00,0.00,0.0,0.822,0.003,67.699,6.983,0.00
1786343543,bench_mixed,0.00,0.00,0.0,0.822,0.003,67.699,6.985,0.00
1786343548,bench_mixed,0.00,0.00,0.0,0.822,0.003,67.699,6.985,0.00
1786343553,bench_mixed,0.00,0.00,0.0,0.822,0.003,67.699,6.985,0.00
1786343558,bench_mixed,0.00,0.00,0.0,0.822,0.003,67.699,6.985,0.00
1786343563,bench_mixed,0.00,0.00,0.0,0.822,0.003,67.699,6.988,0.00
1786343568,bench_mixed,0.00,0.00,0.0,0.822,0.003,67.699,6.989,0.00
1786343573,bench_mixed,0.00,0.00,0.0,0.822,0.003,67.699,6.987,0.00
1786343578,bench_mixed,0.00,0.00,0.0,0.822,0.003,67.699,6.988,0.00
1786343583,bench_mixed,0.00,0.00,0.0,0.822,0.003,67.699,6.985,0.00
1786343588,bench_mixed,0.00,0.00,0.0,0.822,0.003,67.699,6.986,0.00
1786343593,bench_mixed,0.00,0.00,0.0,0.822,0.003,67.699,6.988,0.00
1786343598,bench_mixed,0.00,0.00,0.0,0.822,0.003,67.699,6.989,0.00
1786343603,bench_mixed,0.00,0.00,0.0,0.822,0.003,67.699,6.988,0.00
1786343609,bench_mixed,0.00,0.00,0.0,0.822,0.003,67.699,6.989,0.00
1786343614,bench_mixed,0.00,0.00,0.0,0.822,0.003,67.699,6.988,0.00
1786343619,bench_mixed,0.00,0.00,0.0,0.822,0.003,67.699,6.990,0.00
1786343624,bench_mixed,0.00,0.00,0.0,0.822,0.003,67.699,6.988,0.00
1786343629,bench_mixed,0.00,0.00,0.0,0.822,0.003,67.699,6.988,0.00
1786343634,bench_mixed,0.00,0.00,0.0,0.822,0.003,67.699,6.990,0.00
1786343639,bench_mixed,0.00,0.00,0.0,0.822,0.003,67.699,6.989,0.00
1786343644,bench_mixed,0.00,0.00,0.0,0.822,0.003,67.699,6.988,0.00
1786343649,bench_mixed,0.00,0.00,0.0,0.822,0.003,67.699,6.988,0.00
1786343654,bench_mixed,0.00,0.00,0.0,0.822,0.003,67.699,6.978,0.00
1786343659,bench_mixed,0.00,0.00,0.0,0.822,0.003,67.699,6.988,0.00
1786343664,bench_mixed,0.00,0.00,0.0,0.822,0.003,67.699,6.988,0.00
1786343669,bench_mixed,0.00,0.00,0.0,0.822,0.003,67.699,6.988,0.00
1786343674,bench_mixed,0.00,0.00,0.0,0.822,0.003,67.699,6.988,0.00
1786343679,bench_mixed,0.00,0.00,0.0,0.822,0.003,67.699,6.986,0.00
1786343684,bench_mixed,0.00,0.00,0.0,0.822,0.003,67.699,6.972,0.06
1786343689,bench_mixed,0.00,0.00,0.0,0.822,0.003,67.699,6.974,0.00
1786343694,bench_mixed,0.00,0.00,0.0,0.822,0.003,67.699,6.974,0.00
1786343699,bench_mixed,0.00,0.00,0.0,0.822,0.003,67.699,6.974,0.00
1786343705,bench_mixed,0.00,0.00,0.0,0.822,0.003,67.699,6.975,0.00
1786343710,bench_mixed,0.00,0.00,0.0,0.822,0.003,67.699,6.976,0.00
1786343715,bench_mixed,0.00,0.00,0.0,0.822,0.003,67.699,6.977,0.00
1786343720,bench_mixed,0.00,0.00,0.0,0.822,0.003,67.699,6.981,0.00
1786343725,bench_mixed,0.00,0.00,0.0,0.822,0.003,67.699,6.983,0.00
1786343730,bench_mixed,0.00,0.00,0.0,0.822,0.003,67.699,6.985,0.00
1786343735,bench_mixed,0.00,0.00,0.0,0.822,0.003,67.699,6.985,0.00
1786343740,bench_mixed,0.00,0.00,0.0,0.822,0.003,67.699,6.987,0.00
1786343745,bench_mixed,0.00,0.00,0.0,0.822,0.003,67.699,6.987,0.00
1786343750,bench_mixed,0.00,0.00,0.0,0.822,0.003,67.699,6.987,0.00
1786343755,bench_mixed,0.00,0.00,0.0,0.822,0.003,67.699,6.987,0.00
1786343760,bench_mixed,0.00,0.00,0.0,0.822,0.003,67.699,6.989,0.00
1786343765,bench_mixed,0.00,0.00,0.0,0.822,0.003,67.699,6.991,0.00
1786343770,bench_mixed,0.00,0.00,0.0,0.822,0.003,67.699,6.990,0.00
1786343775,bench_mixed,0.00,0.00,0.0,0.822,0.003,67.699,6.991,0.00
1786343780,bench_mixed,0.00,0.00,0.0,0.822,0.003,67.699,6.988,0.00
1786343785,bench_mixed,0.00,0.00,0.0,0.822,0.003,67.699,6.988,0.00
1786343790,bench_mixed,0.00,0.00,0.0,0.822,0.003,67.699,6.988,0.00
1786343795,bench_mixed,0.00,0.00,0.0,0.822,0.003,67.699,6.989,0.00
1786343801,bench_mixed,0.00,0.00,0.0,0.822,0.003,67.699,6.990,0.00
1786343806,bench_mixed,0.00,0.00,0.0,0.822,0.003,67.699,6.990,0.00
1786343811,bench_mixed,0.00,0.00,0.0,0.822,0.003,67.699,6.990,0.00
1786343816,bench_mixed,0.00,0.00,0.0,0.822,0.003,67.699,6.990,0.00
1786343821,bench_mixed,0.00,0.00,0.0,0.822,0.003,67.699,6.989,0.00
1786343826,bench_mixed,0.00,0.00,0.0,0.822,0.003,67.699,6.989,0.00
1786343831,bench_mixed,0.00,0.00,0.0,0.822,0.003,67.699,6.988,0.00
1786343836,bench_mixed,0.00,0.00,0.0,0.822,0.003,67.699,6.989,0.00
1786343841,bench_mixed,0.00,0.00,0.0,0.822,0.003,67.699,6.988,0.00
1786343846,bench_mixed,0.00,0.00,0.0,0.822,0.003,67.699,6.988,0.00
1786343851,bench_mixed,0.00,0.00,0.0,0.822,0.003,67.699,6.987,0.00
1786343856,bench_mixed,0.00,0.00,0.0,0.822,0.003,67.699,6.987,0.00
1786343861,bench_mixed,0.00,0.00,0.0,0.822,0.003,67.699,6.987,0.00
1786343866,bench_mixed,0.00,0.00,0.0,0.822,0.003,67.699,6.988,0.00
1786343871,bench_mixed,0.00,0.00,0.0,0.822,0.003,67.699,6.987,0.00
1786343876,bench_mixed,0.00,0.00,0.0,0.822,0.003,67.699,6.987,0.00
1786343881,bench_mixed,0.00,0.00,0.0,0.822,0.003,67.699,6.989,0.00
1786343886,bench_mixed,0.00,0.00,0.0,0.822,0.003,67.699,6.990,0.00
1786343892,bench_mixed,0.00,0.00,0.0,0.822,0.003,67.699,6.990,0.00
1786343897,bench_mixed,0.00,0.00,0.0,0.822,0.003,67.699,6.991,0.00
1786343902,bench_mixed,0.00,0.00,0.0,0.822,0.003,67.699,6.993,0.00
1786343907,bench_mixed,0.00,0.00,0.0,0.822,0.003,67.699,6.994,0.00
1786343912,bench_mixed,0.00,0.00,0.0,0.822,0.003,67.699,6.991,0.00
1786343917,bench_mixed,0.00,0.00,0.0,0.822,0.003,67.699,6.992,0.00
1786343922,bench_mixed,0.00,0.00,0.0,0.822,0.003,67.699,6.989,0.00
1786343927,bench_mixed,0.00,0.00,0.0,0.822,0.003,67.699,6.989,0.00
1786343932,bench_mixed,0.00,0.00,0.0,0.822,0.003,67.699,6.992,0.00
1786343937,bench_mixed,0.00,0.00,0.0,0.822,0.003,67.699,6.991,0.00
1786343942,bench_mixed,0.00,0.00,0.0,0.822,0.003,67.699,6.990,0.00
1786343947,bench_mixed,0.00,0.00,0.0,0.822,0.003,67.699,6.991,0.00
1786343952,bench_mixed,0.00,0.00,0.0,0.822,0.003,67.699,6.990,0.00
1786343957,bench_mixed,0.00,0.00,0.0,0.822,0.003,67.699,6.990,0.00
1786343962,bench_mixed,0.00,0.00,0.0,0.822,0.003,67.699,6.988,0.00
1786343967,bench_mixed,0.00,0.00,0.0,0.822,0.003,67.699,6.988,0.00
1786343972,bench_mixed,0.00,0.00,0.0,0.822,0.003,67.699,6.986,0.00
1786343977,bench_mixed,0.00,0.00,0.0,0.822,0.003,67.699,6.987,0.00
1786343982,bench_mixed,0.00,0.00,0.0,0.822,0.003,67.699,6.977,0.04
1786343988,bench_mixed,0.00,0.00,0.0,0.822,0.003,67.699,6.975,0.02
1786343993,bench_mixed,0.00,0.00,0.0,0.822,0.003,67.699,6.977,0.00
1786343998,bench_mixed,0.00,0.00,0.0,0.822,0.003,67.699,6.977,0.00
1786344003,bench_mixed,0.00,0.00,0.0,0.822,0.003,67.699,6.979,0.00
1786344008,bench_mixed,0.00,0.00,0.0,0.822,0.003,67.699,6.980,0.00
1786344013,bench_mixed,0.00,0.00,0.0,0.822,0.003,67.699,6.979,0.00
1786344018,bench_mixed,0.00,0.00,0.0,0.822,0.003,67.699,6.979,0.00
1786344023,bench_mixed,0.00,0.00,0.0,0.822,0.003,67.699,6.978,0.00
1786344028,bench_mixed,0.00,0.00,0.0,0.822,0.003,67.699,6.980,0.00
1786344033,bench_mixed,0.00,0.00,0.0,0.822,0.003,67.699,6.980,0.00
1786344038,bench_mixed,0.00,0.00,0.0,0.822,0.003,67.699,6.980,0.00
1786344043,bench_mixed,0.00,0.00,0.0,0.822,0.003,67.699,6.980,0.00
1786344048,bench_mixed,0.00,0.00,0.0,0.822,0.003,67.699,6.980,0.00
1786344053,bench_mixed,0.00,0.00,0.0,0.822,0.003,67.699,6.980,0.00
1786344058,bench_mixed,0.00,0.00,0.0,0.822,0.003,67.699,6.981,0.00
1786344063,bench_mixed,0.00,0.00,0.0,0.822,0.003,67.699,6.981,0.00
1786344068,bench_mixed,0.00,0.00,0.0,0.822,0.003,67.699,6.983,0.00
1786344073,bench_mixed,0.00,0.00,0.0,0.822,0.003,67.699,6.983,0.00
1786344078,bench_mixed,0.00,0.00,0.0,0.822,0.003,67.699,6.981,0.00
1786344084,bench_mixed,0.00,0.00,0.0,0.822,0.003,67.699,6.982,0.00
1786344089,bench_mixed,0.00,0.00,0.0,0.822,0.003,67.699,6.983,0.00
1786344094,bench_mixed,0.00,0.00,0.0,0.822,0.003,67.699,6.984,0.00
1786344099,bench_mixed,0.00,0.00,0.0,0.822,0.003,67.699,6.984,0.00
1786344104,bench_mixed,0.00,0.00,0.0,0.822,0.003,67.699,6.985,0.00
1786344109,bench_mixed,0.00,0.00,0.0,0.822,0.003,67.699,6.986,0.00
1786344114,bench_mixed,0.00,0.00,0.0,0.822,0.003,67.699,6.986,0.00
1786344119,bench_mixed,0.00,0.00,0.0,0.822,0.003,67.699,6.986,0.00
1786344124,bench_mixed,0.00,0.00,0.0,0.822,0.003,67.699,6.987,0.00
1786344129,bench_mixed,0.00,0.00,0.0,0.822,0.003,67.699,6.987,0.00
1786344134,bench_mixed,0.00,0.00,0.0,0.822,0.003,67.699,6.988,0.00
1786344139,bench_mixed,0.00,0.00,0.0,0.822,0.003,67.699,6.989,0.00
1786344144,bench_mixed,0.00,0.00,0.0,0.822,0.003,67.699,6.989,0.00
1786344149,bench_mixed,0.00,0.00,0.0,0.822,0.003,67.699,6.988,0.00
1786344154,bench_mixed,0.00,0.00,0.0,0.822,0.003,67.699,6.989,0.00
1786344159,bench_mixed,0.00,0.00,0.0,0.822,0.003,67.699,6.989,0.00
1786344164,bench_mixed,0.00,0.00,0.0,0.822,0.003,67.699,6.989,0.00
1786344169,bench_mixed,0.00,0.00,0.0,0.822,0.003,67.699,6.989,0.00
1786344175,bench_mixed,0.00,0.00,0.0,0.822,0.003,67.699,6.989,0.00
1786344180,bench_mixed,0.00,0.00,0.0,0.822,0.003,67.699,6.989,0.00
1786344185,bench_mixed,0.00,0.00,0.0,0.822,0.003,67.699,6.988,0.00
1786344190,bench_mixed,0.00,0.00,0.0,0.822,0.003,67.699,6.988,0.00
1786344195,bench_mixed,0.00,0.00,0.0,0.822,0.003,67.699,6.988,0.00
1786344200,bench_mixed,0.00,0.00,0.0,0.822,0.003,67.699,6.988,0.00
1786344205,bench_mixed,0.00,0.00,0.0,0.822,0.003,67.699,6.989,0.00
1786344210,bench_mixed,0.00,0.00,0.0,0.822,0.003,67.699,6.988,0.00
1786344215,bench_mixed,0.00,0.00,0.0,0.822,0.003,67.699,6.988,0.00
1786344220,bench_mixed,0.00,0.00,0.0,0.822,0.003,67.699,6.992,0.00
1786344225,bench_mixed,0.00,0.00,0.0,0.822,0.003,67.699,6.992,0.00
1786344230,bench_mixed,0.00,0.00,0.0,0.822,0.003,67.699,6.996,0.00
1786344235,bench_mixed,0.00,0.00,0.0,0.822,0.003,67.699,6.995,0.00
1786344240,bench_mixed,0.00,0.00,0.0,0.822,0.003,67.699,6.995,0.00
1786344245,bench_mixed,0.00,0.00,0.0,0.822,0.003,67.699,6.995,0.00
1786344250,bench_mixed,0.00,0.00,0.0,0.822,0.003,67.699,6.993,0.00
1786344255,bench_mixed,0.00,0.00,0.0,0.822,0.003,67.699,6.993,0.00
1786344260,bench_mixed,0.00,0.00,0.0,0.822,0.003,67.699,6.992,0.00
1786344265,bench_mixed,0.00,0.00,0.0,0.822,0.003,67.699,6.992,0.00
1786344271,bench_mixed,0.00,0.00,0.0,0.822,0.003,67.699,6.989,0.00
1786344276,bench_mixed,0.00,0.00,0.0,0.822,0.003,67.699,6.990,0.00
1786344281,bench_mixed,0.00,0.00,0.0,0.822,0.003,67.699,6.990,0.00
1786344286,bench_mixed,0.00,0.00,0.0,0.822,0.003,67.699,6.975,0.06
1786344291,bench_mixed,0.00,0.00,0.0,0.822,0.003,67.699,6.979,0.00
1786344296,bench_mixed,0.00,0.00,0.0,0.822,0.003,67.699,6.980,0.00
1786344301,bench_mixed,0.00,0.00,0.0,0.822,0.003,67.699,6.980,0.00
1786344306,bench_mixed,0.00,0.00,0.0,0.822,0.003,67.699,6.981,0.00
1786344311,bench_mixed,0.00,0.00,0.0,0.822,0.003,67.699,6.982,0.00
1786344316,bench_mixed,0.00,0.00,0.0,0.822,0.003,67.699,6.983,0.00
1786344321,bench_mixed,0.00,0.00,0.0,0.822,0.003,67.699,6.984,0.00
1786344326,bench_mixed,0.00,0.00,0.0,0.822,0.003,67.699,6.985,0.00
1786344331,bench_mixed,0.00,0.00,0.0,0.822,0.003,67.699,6.985,0.00
1786344336,bench_mixed,0.00,0.00,0.0,0.822,0.003,67.699,6.985,0.00
1786344341,bench_mixed,0.00,0.00,0.0,0.822,0.003,67.699,6.987,0.00
1786344346,bench_mixed,0.00,0.00,0.0,0.822,0.003,67.699,6.987,0.00
1786344351,bench_mixed,0.00,0.00,0.0,0.822,0.003,67.699,6.987,0.00
1786344356,bench_mixed,0.00,0.00,0.0,0.822,0.003,67.699,6.987,0.00
1786344362,bench_mixed,0.00,0.00,0.0,0.822,0.003,67.699,6.986,0.00
1786344367,bench_mixed,0.00,0.00,0.0,0.822,0.003,67.699,6.987,0.00
1786344372,bench_mixed,0.00,0.00,0.0,0.822,0.003,67.699,6.985,0.00
1786344377,bench_mixed,0.00,0.00,0.0,0.822,0.003,67.699,6.986,0.00
1786344382,bench_mixed,0.00,0.00,0.0,0.822,0.003,67.699,6.978,0.00
1786344387,bench_mixed,0.00,0.00,0.0,0.822,0.003,67.699,6.986,0.00
1786344392,bench_mixed,0.00,0.00,0.0,0.822,0.003,67.699,6.986,0.00
1786344397,bench_mixed,0.00,0.00,0.0,0.822,0.003,67.699,6.989,0.00
1786344402,bench_mixed,0.00,0.00,0.0,0.822,0.003,67.699,6.989,0.00
1786344407,bench_mixed,0.00,0.00,0.0,0.822,0.003,67.699,6.988,0.00
1786344412,bench_mixed,0.00,0.00,0.0,0.822,0.003,67.699,6.989,0.00
1786344417,bench_mixed,0.00,0.00,0.0,0.822,0.003,67.699,6.991,0.00
1786344422,bench_mixed,0.00,0.00,0.0,0.822,0.003,67.699,6.991,0.00
1786344427,bench_mixed,0.00,0.00,0.0,0.822,0.003,67.699,6.990,0.00
1786344432,bench_mixed,0.00,0.00,0.0,0.822,0.003,67.699,6.990,0.00
1786344437,bench_mixed,0.00,0.00,0.0,0.822,0.003,67.699,6.991,0.00
1786344442,bench_mixed,0.00,0.00,0.0,0.822,0.003,67.699,6.991,0.00
1786344447,bench_mixed,0.00,0.00,0.0,0.822,0.003,67.699,6.992,0.00
1786344452,bench_mixed,0.00,0.00,0.0,0.822,0.003,67.699,6.992,0.00
1786344458,bench_mixed,0.00,0.00,0.0,0.822,0.003,67.699,6.991,0.00
1786344463,bench_mixed,0.00,0.00,0.0,0.822,0.003,67.699,6.992,0.00
1786344468,bench_mixed,0.00,0.00,0.0,0.822,0.003,67.699,6.993,0.00
1786344473,bench_mixed,0.00,0.00,0.0,0.822,0.003,67.699,6.993,0.00
1786344478,bench_mixed,0.00,0.00,0.0,0.822,0.003,67.699,6.993,0.00
1786344483,bench_mixed,0.00,0.00,0.0,0.822,0.003,67.699,6.992,0.00
1786344488,bench_mixed,0.00,0.00,0.0,0.822,0.003,67.699,6.992,0.00
1786344493,bench_mixed,0.00,0.00,0.0,0.822,0.003,67.699,6.993,0.00
1786344498,bench_mixed,0.00,0.00,0.0,0.822,0.003,67.699,6.991,0.00
1786344503,bench_mixed,0.00,0.00,0.0,0.822,0.003,67.699,6.990,0.00
1786344508,bench_mixed,0.00,0.00,0.0,0.822,0.003,67.699,6.990,0.00
1786344513,bench_mixed,0.00,0.00,0.0,0.822,0.003,67.699,6.990,0.00
1786344518,bench_mixed,0.00,0.00,0.0,0.822,0.003,67.699,6.991,0.00
1786344523,bench_mixed,0.00,0.00,0.0,0.822,0.003,67.699,6.991,0.00
1786344528,bench_mixed,0.00,0.00,0.0,0.822,0.003,67.699,6.990,0.00
1786344533,bench_mixed,0.00,0.00,0.0,0.822,0.003,67.699,6.991,0.00
1786344538,bench_mixed,0.00,0.00,0.0,0.822,0.003,67.699,6.991,0.00
1786344543,bench_mixed,0.00,0.00,0.0,0.822,0.003,67.699,6.991,0.00
1786344548,bench_mixed,0.00,0.00,0.0,0.822,0.003,67.699,6.992,0.00
1786344554,bench_mixed,0.00,0.00,0.0,0.822,0.003,67.699,6.992,0.00
1786344559,bench_mixed,0.00,0.00,0.0,0.822,0.003,67.699,6.991,0.00
1786344564,bench_mixed,0.00,0.00,0.0,0.822,0.003,67.699,6.992,0.00
1786344569,bench_mixed,0.00,0.00,0.0,0.822,0.003,67.699,6.992,0.00
1786344574,bench_mixed,0.00,0.00,0.0,0.822,0.003,67.699,6.992,0.00
1786344579,bench_mixed,0.00,0.00,0.0,0.822,0.003,67.699,6.994,0.00
1786344584,bench_mixed,0.00,0.00,0.0,0.822,0.003,67.699,6.979,0.05
1786344589,bench_mixed,0.00,0.00,0.0,0.822,0.003,67.699,6.981,0.01
1786344594,bench_mixed,0.00,0.00,0.0,0.822,0.003,67.699,6.981,0.00
1786344599,bench_mixed,0.00,0.00,0.0,0.822,0.003,67.699,6.981,0.00
1786344604,bench_mixed,0.00,0.00,0.0,0.822,0.003,67.699,6.981,0.00
1786344609,bench_mixed,0.00,0.00,0.0,0.822,0.003,67.699,6.980,0.00
1786344614,bench_mixed,0.00,0.00,0.0,0.822,0.003,67.699,6.981,0.00
1786344619,bench_mixed,0.00,0.00,0.0,0.822,0.003,67.699,6.983,0.00
1786344624,bench_mixed,0.00,0.00,0.0,0.822,0.003,67.699,6.983,0.00
1786344629,bench_mixed,0.00,0.00,0.0,0.822,0.003,67.699,6.981,0.00
1786344634,bench_mixed,0.00,0.00,0.0,0.822,0.003,67.699,6.983,0.00
1786344639,bench_mixed,0.00,0.00,0.0,0.822,0.003,67.699,6.984,0.00
1786344645,bench_mixed,0.00,0.00,0.0,0.822,0.003,67.699,6.985,0.00
1786344650,bench_mixed,0.00,0.00,0.0,0.822,0.003,67.699,6.983,0.00
1786344655,bench_mixed,0.00,0.00,0.0,0.822,0.003,67.699,6.984,0.00
1786344660,bench_mixed,0.00,0.00,0.0,0.822,0.003,67.699,6.984,0.00
1786344665,bench_mixed,0.00,0.00,0.0,0.822,0.003,67.699,6.985,0.00
1786344670,bench_mixed,0.00,0.00,0.0,0.822,0.003,67.699,6.983,0.00
1786344675,bench_mixed,0.00,0.00,0.0,0.822,0.003,67.699,6.983,0.00
1786344680,bench_mixed,0.00,0.00,0.0,0.822,0.003,67.699,6.981,0.00
1786344685,bench_mixed,0.00,0.00,0.0,0.822,0.003,67.699,6.981,0.00
1786344690,bench_mixed,0.00,0.00,0.0,0.822,0.003,67.699,6.981,0.00
1786344695,bench_mixed,0.00,0.00,0.0,0.822,0.003,67.699,6.981,0.00
1786344700,bench_mixed,0.00,0.00,0.0,0.822,0.003,67.699,6.981,0.00
1786344705,bench_mixed,0.00,0.00,0.0,0.822,0.003,67.699,6.982,0.00
1786344710,bench_mixed,0.00,0.00,0.0,0.822,0.003,67.699,6.981,0.00
1786344715,bench_mixed,0.00,0.00,0.0,0.822,0.003,67.699,6.981,0.00
1786344720,bench_mixed,0.00,0.00,0.0,0.822,0.003,67.699,6.982,0.00
1786344725,bench_mixed,0.00,0.00,0.0,0.822,0.003,67.699,6.982,0.00
1786344730,bench_mixed,0.00,0.00,0.0,0.822,0.003,67.699,6.980,0.00
1786344735,bench_mixed,0.00,0.00,0.0,0.822,0.003,67.699,6.980,0.00
1786344741,bench_mixed,0.00,0.00,0.0,0.822,0.003,67.699,6.978,0.00
1786344746,bench_mixed,0.00,0.00,0.0,0.822,0.003,67.699,6.977,0.00
1786344751,bench_mixed,0.00,0.00,0.0,0.822,0.003,67.699,6.974,0.00
1786344756,bench_mixed,0.00,0.00,0.0,0.822,0.003,67.699,6.978,0.00
1786344761,bench_mixed,0.00,0.00,0.0,0.822,0.003,67.699,6.978,0.00
1786344766,bench_mixed,0.00,0.00,0.0,0.822,0.003,67.699,6.979,0.00
1786344771,bench_mixed,0.00,0.00,0.0,0.822,0.003,67.699,6.979,0.00
1786344776,bench_mixed,0.00,0.00,0.0,0.822,0.003,67.699,6.979,0.00
1786344781,bench_mixed,0.00,0.00,0.0,0.822,0.003,67.699,6.979,0.00
1786344786,bench_mixed,0.00,0.00,0.0,0.822,0.003,67.699,6.979,0.00
1786344791,bench_mixed,0.00,0.00,0.0,0.822,0.003,67.699,6.980,0.00
1786344796,bench_mixed,0.00,0.00,0.0,0.822,0.003,67.699,6.981,0.00
1786344801,bench_mixed,0.00,0.00,0.0,0.822,0.003,67.699,6.981,0.00
1786344806,bench_mixed,0.00,0.00,0.0,0.822,0.003,67.699,6.984,0.00
1786344811,bench_mixed,0.00,0.00,0.0,0.822,0.003,67.699,6.984,0.00
1786344816,bench_mixed,0.00,0.00,0.0,0.822,0.003,67.699,6.986,0.00
1786344821,bench_mixed,0.00,0.00,0.0,0.822,0.003,67.699,6.986,0.00
1786344826,bench_mixed,0.00,0.00,0.0,0.822,0.003,67.699,6.984,0.00
1786344832,bench_mixed,0.00,0.00,0.0,0.822,0.003,67.699,6.985,0.00
1786344837,bench_mixed,0.00,0.00,0.0,0.822,0.003,67.699,6.983,0.00
1786344842,bench_mixed,0.00,0.00,0.0,0.822,0.003,67.699,6.984,0.00
1786344847,bench_mixed,0.00,0.00,0.0,0.822,0.003,67.699,6.982,0.00
1786344852,bench_mixed,0.00,0.00,0.0,0.822,0.003,67.699,6.982,0.00
1786344857,bench_mixed,0.00,0.00,0.0,0.822,0.003,67.699,6.983,0.00
1786344862,bench_mixed,0.00,0.00,0.0,0.822,0.003,67.699,6.983,0.00
1786344867,bench_mixed,0.00,0.00,0.0,0.822,0.003,67.699,6.984,0.00
1786344872,bench_mixed,0.00,0.00,0.0,0.822,0.003,67.699,6.984,0.00
1786344877,bench_mixed,0.00,0.00,0.0,0.822,0.003,67.699,6.983,0.00
1786344882,bench_mixed,0.00,0.00,0.0,0.822,0.003,67.699,6.972,0.03
1786344887,bench_mixed,0.00,0.00,0.0,0.822,0.003,67.699,6.971,0.03
1786344892,bench_mixed,0.00,0.00,0.0,0.822,0.003,67.699,6.971,0.00
1786344897,bench_mixed,0.00,0.00,0.0,0.822,0.003,67.699,6.974,0.00
1786344902,bench_mixed,0.00,0.00,0.0,0.822,0.003,67.699,6.974,0.00
1786344907,bench_mixed,0.00,0.00,0.0,0.822,0.003,67.699,6.978,0.00
1786344912,bench_mixed,0.00,0.00,0.0,0.822,0.003,67.699,6.977,0.00
1786344917,bench_mixed,0.00,0.00,0.0,0.822,0.003,67.699,6.977,0.00
1786344922,bench_mixed,0.00,0.00,0.0,0.822,0.003,67.699,6.978,0.00
1786344928,bench_mixed,0.00,0.00,0.0,0.822,0.003,67.699,6.977,0.00
1786344933,bench_mixed,0.00,0.00,0.0,0.822,0.003,67.699,6.977,0.00
1786344938,bench_mixed,0.00,0.00,0.0,0.822,0.003,67.699,6.977,0.00
1786344943,bench_mixed,0.00,0.00,0.0,0.822,0.003,67.699,6.977,0.00
1786344948,bench_mixed,0.00,0.00,0.0,0.822,0.003,67.699,6.978,0.00
1786344953,bench_mixed,0.00,0.00,0.0,0.822,0.003,67.699,6.978,0.00
1786344958,bench_mixed,0.00,0.00,0.0,0.822,0.003,67.699,6.978,0.00
1786344963,bench_mixed,0.00,0.00,0.0,0.822,0.003,67.699,6.978,0.00
1786344968,bench_mixed,0.00,0.00,0.0,0.822,0.003,67.699,6.980,0.00
1786344973,bench_mixed,0.00,0.00,0.0,0.822,0.003,67.699,6.981,0.00
1786344978,bench_mixed,0.00,0.00,0.0,0.822,0.003,67.699,6.981,0.00
1786344983,bench_mixed,0.00,0.00,0.0,0.822,0.003,67.699,6.981,0.00
1786344988,bench_mixed,0.00,0.00,0.0,0.822,0.003,67.699,6.982,0.00
1786344993,bench_mixed,0.00,0.00,0.0,0.822,0.003,67.699,6.983,0.00
1786344998,bench_mixed,0.00,0.00,0.0,0.822,0.003,67.699,6.983,0.00
1786345003,bench_mixed,0.00,0.00,0.0,0.822,0.003,67.699,6.983,0.00
1786345008,bench_mixed,0.00,0.00,0.0,0.822,0.003,67.699,6.981,0.00
1786345013,bench_mixed,0.00,0.00,0.0,0.822,0.003,67.699,6.981,0.00
1786345019,bench_mixed,0.00,0.00,0.0,0.822,0.003,67.699,6.981,0.00
1786345024,bench_mixed,0.00,0.00,0.0,0.822,0.003,67.699,6.983,0.00
1786345029,bench_mixed,0.00,0.00,0.0,0.822,0.003,67.699,6.982,0.00
1786345034,bench_mixed,0.00,0.00,0.0,0.822,0.003,67.699,6.983,0.00
1786345039,bench_mixed,0.00,0.00,0.0,0.822,0.003,67.699,6.982,0.00
1786345044,bench_mixed,0.00,0.00,0.0,0.822,0.003,67.699,6.982,0.00
1786345049,bench_mixed,0.00,0.00,0.0,0.822,0.003,67.699,6.981,0.00
1786345054,bench_mixed,0.00,0.00,0.0,0.822,0.003,67.699,6.981,0.00
1786345059,bench_mixed,0.00,0.00,0.0,0.822,0.003,67.699,6.978,0.00
1786345064,bench_mixed,0.00,0.00,0.0,0.822,0.003,67.699,6.979,0.00
1786345069,bench_mixed,0.00,0.00,0.0,0.822,0.003,67.699,6.977,0.00
1786345074,bench_mixed,0.00,0.00,0.0,0.822,0.003,67.699,6.977,0.00
1786345079,bench_mixed,0.00,0.00,0.0,0.822,0.003,67.699,6.981,0.00
1786345084,bench_mixed,0.00,0.00,0.0,0.822,0.003,67.699,6.980,0.00
1786345089,bench_mixed,0.00,0.00,0.0,0.822,0.003,67.699,6.981,0.00
1786345094,bench_mixed,0.00,0.00,0.0,0.822,0.003,67.699,6.981,0.00
1786345099,bench_mixed,0.00,0.00,0.0,0.822,0.003,67.699,6.979,0.00
1786345104,bench_mixed,0.00,0.00,0.0,0.822,0.003,67.699,6.980,0.00
1786345109,bench_mixed,0.00,0.00,0.0,0.822,0.003,67.699,6.970,0.00
1786345115,bench_mixed,0.00,0.00,0.0,0.822,0.003,67.699,6.978,0.00
1786345120,bench_mixed,0.00,0.00,0.0,0.822,0.003,67.699,6.978,0.00
1786345125,bench_mixed,0.00,0.00,0.0,0.822,0.003,67.699,6.979,0.00
1786345130,bench_mixed,0.00,0.00,0.0,0.822,0.003,67.699,6.978,0.00
1786345135,bench_mixed,0.00,0.00,0.0,0.822,0.003,67.699,6.977,0.00
1786345140,bench_mixed,0.00,0.00,0.0,0.822,0.003,67.699,6.976,0.00
1786345145,bench_mixed,0.00,0.00,0.0,0.822,0.003,67.699,6.976,0.00
1786345150,bench_mixed,0.00,0.00,0.0,0.822,0.003,67.699,6.976,0.00
1786345155,bench_mixed,0.00,0.00,0.0,0.822,0.003,67.699,6.978,0.00
1786345160,bench_mixed,0.00,0.00,0.0,0.822,0.003,67.699,6.978,0.00
1786345165,bench_mixed,0.00,0.00,0.0,0.822,0.003,67.699,6.977,0.00
1786345170,bench_mixed,0.00,0.00,0.0,0.822,0.003,67.699,6.977,0.00
1786345175,bench_mixed,0.00,0.00,0.0,0.822,0.003,67.699,6.981,0.00
1786345180,bench_mixed,0.00,0.00,0.0,0.822,0.003,67.699,6.981,0.00
1786345185,bench_mixed,0.00,0.00,0.0,0.822,0.003,67.699,6.969,0.06
1786345190,bench_mixed,0.00,0.00,0.0,0.822,0.003,67.699,6.970,0.00
1786345195,bench_mixed,0.00,0.00,0.0,0.822,0.003,67.699,6.972,0.00
1786345200,bench_mixed,0.00,0.00,0.0,0.822,0.003,67.699,6.972,0.00
1786345205,bench_mixed,0.00,0.00,0.0,0.822,0.003,67.699,6.972,0.00
1786345211,bench_mixed,0.00,0.00,0.0,0.822,0.003,67.699,6.972,0.00
1786345216,bench_mixed,0.00,0.00,0.0,0.822,0.003,67.699,6.973,0.00
1786345221,bench_mixed,0.00,0.00,0.0,0.822,0.003,67.699,6.973,0.00
1786345226,bench_mixed,0.00,0.00,0.0,0.822,0.003,67.699,6.975,0.00
1786345231,bench_mixed,0.00,0.00,0.0,0.822,0.003,67.699,6.975,0.00
1786345236,bench_mixed,0.00,0.00,0.0,0.822,0.003,67.699,6.977,0.00
1786345241,bench_mixed,0.00,0.00,0.0,0.822,0.003,67.699,6.977,0.00
1786345246,bench_mixed,0.00,0.00,0.0,0.822,0.003,67.699,6.977,0.00
1786345251,bench_mixed,0.00,0.00,0.0,0.822,0.003,67.699,6.977,0.00
1786345256,bench_mixed,0.00,0.00,0.0,0.822,0.003,67.699,6.977,0.00
1786345261,bench_mixed,0.00,0.00,0.0,0.822,0.003,67.699,6.977,0.00
1786345266,bench_mixed,0.00,0.00,0.0,0.822,0.003,67.699,6.978,0.00
1786345271,bench_mixed,0.00,0.00,0.0,0.822,0.003,67.699,6.978,0.00
1786345276,bench_mixed,0.00,0.00,0.0,0.822,0.003,67.699,6.977,0.00
1786345281,bench_mixed,0.00,0.00,0.0,0.822,0.003,67.699,6.976,0.00
1786345286,bench_mixed,0.00,0.00,0.0,0.822,0.003,67.699,6.976,0.00
1786345291,bench_mixed,0.00,0.00,0.0,0.822,0.003,67.699,6.977,0.00
1786345296,bench_mixed,0.00,0.00,0.0,0.822,0.003,67.699,6.977,0.00
1786345302,bench_mixed,0.00,0.00,0.0,0.822,0.003,67.699,6.979,0.00
1786345307,bench_mixed,0.00,0.00,0.0,0.822,0.003,67.699,6.980,0.00
1786345312,bench_mixed,0.00,0.00,0.0,0.822,0.003,67.699,6.980,0.00
1786345317,bench_mixed,0.00,0.00,0.0,0.822,0.003,67.699,6.980,0.00
1786345322,bench_mixed,0.00,0.00,0.0,0.822,0.003,67.699,6.980,0.00
1786345327,bench_mixed,0.00,0.00,0.0,0.822,0.003,67.699,6.982,0.00
1786345332,bench_mixed,0.00,0.00,0.0,0.822,0.003,67.699,6.983,0.00
1786345337,bench_mixed,0.00,0.00,0.0,0.822,0.003,67.699,6.983,0.00
1786345342,bench_mixed,0.00,0.00,0.0,0.822,0.003,67.699,6.984,0.00
1786345347,bench_mixed,0.00,0.00,0.0,0.822,0.003,67.699,6.980,0.00
1786345352,bench_mixed,0.00,0.00,0.0,0.822,0.003,67.699,6.980,0.00
1786345357,bench_mixed,0.00,0.00,0.0,0.822,0.003,67.699,6.979,0.00
1786345362,bench_mixed,0.00,0.00,0.0,0.822,0.003,67.699,6.979,0.00
1786345367,bench_mixed,0.00,0.00,0.0,0.822,0.003,67.699,6.980,0.00
1786345372,bench_mixed,0.00,0.00,0.0,0.822,0.003,67.699,6.979,0.00
1786345377,bench_mixed,0.00,0.00,0.0,0.822,0.003,67.699,6.981,0.00
1786345382,bench_mixed,0.00,0.00,0.0,0.822,0.003,67.699,6.982,0.00
1786345387,bench_mixed,0.00,0.00,0.0,0.822,0.003,67.699,6.980,0.00
1786345392,bench_mixed,0.00,0.00,0.0,0.822,0.003,67.699,6.981,0.00
1786345398,bench_mixed,0.00,0.00,0.0,0.822,0.003,67.699,6.980,0.00
1786345403,bench_mixed,0.00,0.00,0.0,0.822,0.003,67.699,6.979,0.00
1786345408,bench_mixed,0.00,0.00,0.0,0.822,0.003,67.699,6.979,0.00
1786345413,bench_mixed,0.00,0.00,0.0,0.822,0.003,67.699,6.980,0.00
1786345418,bench_mixed,0.00,0.00,0.0,0.822,0.003,67.699,6.980,0.00
1786345423,bench_mixed,0.00,0.00,0.0,0.822,0.003,67.699,6.981,0.00
1786345428,bench_mixed,0.00,0.00,0.0,0.822,0.003,67.699,6.986,0.00
1786345433,bench_mixed,0.00,0.00,0.0,0.822,0.003,67.699,6.987,0.00
1786345438,bench_mixed,0.00,0.00,0.0,0.822,0.003,67.699,6.988,0.00
1786345443,bench_mixed,0.00,0.00,0.0,0.822,0.003,67.699,6.989,0.00
1786345448,bench_mixed,0.00,0.00,0.0,0.822,0.003,67.699,6.988,0.00
1786345453,bench_mixed,0.00,0.00,0.0,0.822,0.003,67.699,6.989,0.00
1786345458,bench_mixed,0.00,0.00,0.0,0.822,0.003,67.699,6.989,0.00
1786345463,bench_mixed,0.00,0.00,0.0,0.822,0.003,67.699,6.989,0.00
1786345468,bench_mixed,0.00,0.00,0.0,0.822,0.003,67.699,6.987,0.00
1786345473,bench_mixed,0.00,0.00,0.0,0.822,0.003,67.699,6.987,0.00
1786345478,bench_mixed,0.00,0.00,0.0,0.822,0.003,67.699,6.987,0.00
1786345483,bench_mixed,0.00,0.00,0.0,0.822,0.003,67.699,6.976,0.04
1786345489,bench_mixed,0.00,0.00,0.0,0.822,0.003,67.699,6.976,0.01
1786345494,bench_mixed,0.00,0.00,0.0,0.822,0.003,67.699,6.981,0.00
1786345499,bench_mixed,0.00,0.00,0.0,0.822,0.003,67.699,6.982,0.00
1786345504,bench_mixed,0.00,0.00,0.0,0.822,0.003,67.699,6.985,0.00
1786345509,bench_mixed,0.00,0.00,0.0,0.822,0.003,67.699,6.985,0.00
1786345514,bench_mixed,0.00,0.00,0.0,0.822,0.003,67.699,6.985,0.00
1786345519,bench_mixed,0.00,0.00,0.0,0.822,0.003,67.699,6.985,0.00
1786345524,bench_mixed,0.00,0.00,0.0,0.822,0.003,67.699,6.987,0.00
1786345529,bench_mixed,0.00,0.00,0.0,0.822,0.003,67.699,6.987,0.00
1786345534,bench_mixed,0.00,0.00,0.0,0.822,0.003,67.699,6.987,0.00
1786345539,bench_mixed,0.00,0.00,0.0,0.822,0.003,67.699,6.987,0.00
1786345544,bench_mixed,0.00,0.00,0.0,0.822,0.003,67.699,6.988,0.00
1786345549,bench_mixed,0.00,0.00,0.0,0.822,0.003,67.699,6.988,0.00
1786345554,bench_mixed,0.00,0.00,0.0,0.822,0.003,67.699,6.990,0.00
1786345559,bench_mixed,0.00,0.00,0.0,0.822,0.003,67.699,6.990,0.00
1786345564,bench_mixed,0.00,0.00,0.0,0.822,0.003,67.699,6.989,0.00
1786345569,bench_mixed,0.00,0.00,0.0,0.822,0.003,67.699,6.989,0.00
1786345574,bench_mixed,0.00,0.00,0.0,0.822,0.003,67.699,6.987,0.00
1786345579,bench_mixed,0.00,0.00,0.0,0.822,0.003,67.699,6.986,0.00
1786345585,bench_mixed,0.00,0.00,0.0,0.822,0.003,67.699,6.987,0.00
1786345590,bench_mixed,0.00,0.00,0.0,0.822,0.003,67.699,6.987,0.00
1786345595,bench_mixed,0.00,0.00,0.0,0.822,0.003,67.699,6.986,0.00
1786345600,bench_mixed,0.00,0.00,0.0,0.822,0.003,67.699,6.987,0.00
1786345605,bench_mixed,0.00,0.00,0.0,0.822,0.003,67.699,6.987,0.00
1786345610,bench_mixed,0.00,0.00,0.0,0.822,0.003,67.699,6.987,0.00
1786345615,bench_mixed,0.00,0.00,0.0,0.822,0.003,67.699,6.986,0.00
1786345620,bench_mixed,0.00,0.00,0.0,0.822,0.003,67.699,6.986,0.00
1786345625,bench_mixed,0.00,0.00,0.0,0.822,0.003,67.699,6.984,0.00
1786345630,bench_mixed,0.00,0.00,0.0,0.822,0.003,67.699,6.984,0.00
1786345635,bench_mixed,0.00,0.00,0.0,0.822,0.003,67.699,6.985,0.00
1786345640,bench_mixed,0.00,0.00,0.0,0.822,0.003,67.699,6.984,0.00
1786345645,bench_mixed,0.00,0.00,0.0,0.822,0.003,67.699,6.981,0.00
1786345650,bench_mixed,0.00,0.00,0.0,0.822,0.003,67.699,6.980,0.00
1786345655,bench_mixed,0.00,0.00,0.0,0.822,0.003,67.699,6.980,0.00
1786345660,bench_mixed,0.00,0.00,0.0,0.822,0.003,67.699,6.980,0.00
1786345665,bench_mixed,0.00,0.00,0.0,0.822,0.003,67.699,6.983,0.00
1786345670,bench_mixed,0.00,0.00,0.0,0.822,0.003,67.699,6.983,0.00
1786345675,bench_mixed,0.00,0.00,0.0,0.822,0.003,67.699,6.990,0.00
1786345681,bench_mixed,0.00,0.00,0.0,0.822,0.003,67.699,6.990,0.00
1786345686,bench_mixed,0.00,0.00,0.0,0.822,0.003,67.699,6.991,0.00
1786345691,bench_mixed,0.00,0.00,0.0,0.822,0.003,67.699,6.991,0.00
1786345696,bench_mixed,0.00,0.00,0.0,0.822,0.003,67.699,6.989,0.00
1786345701,bench_mixed,0.00,0.00,0.0,0.822,0.003,67.699,6.990,0.00
1786345706,bench_mixed,0.00,0.00,0.0,0.822,0.003,67.699,6.989,0.00
1786345711,bench_mixed,0.00,0.00,0.0,0.822,0.003,67.699,6.989,0.00
1786345716,bench_mixed,0.00,0.00,0.0,0.822,0.003,67.699,6.988,0.00
1786345721,bench_mixed,0.00,0.00,0.0,0.822,0.003,67.699,6.989,0.00
1786345726,bench_mixed,0.00,0.00,0.0,0.822,0.003,67.699,6.988,0.00
1786345731,bench_mixed,0.00,0.00,0.0,0.822,0.003,67.699,6.988,0.00
1786345736,bench_mixed,0.00,0.00,0.0,0.822,0.003,67.699,6.992,0.00
1786345741,bench_mixed,0.00,0.00,0.0,0.822,0.003,67.699,6.992,0.00
1786345746,bench_mixed,0.00,0.00,0.0,0.822,0.003,67.699,6.991,0.00
1786345751,bench_mixed,0.00,0.00,0.0,0.822,0.003,67.699,6.991,0.00
1786345756,bench_mixed,0.00,0.00,0.0,0.822,0.003,67.699,6.989,0.00
1786345761,bench_mixed,0.00,0.00,0.0,0.822,0.003,67.699,6.990,0.00
1786345766,bench_mixed,0.00,0.00,0.0,0.822,0.003,67.699,6.988,0.00
1786345771,bench_mixed,0.00,0.00,0.0,0.822,0.003,67.699,6.988,0.00
1786345777,bench_mixed,0.00,0.00,0.0,0.822,0.003,67.699,6.987,0.00
1786345782,bench_mixed,0.00,0.00,0.0,0.822,0.003,67.699,6.987,0.00
1786345787,bench_mixed,0.00,0.00,0.0,0.822,0.003,67.699,6.975,0.05
1786345792,bench_mixed,0.00,0.00,0.0,0.822,0.003,67.699,6.976,0.00
1786345797,bench_mixed,0.00,0.00,0.0,0.822,0.003,67.699,6.978,0.00
1786345802,bench_mixed,0.00,0.00,0.0,0.822,0.003,67.699,6.978,0.00
1786345807,bench_mixed,0.00,0.00,0.0,0.822,0.003,67.699,6.977,0.00
1786345812,bench_mixed,0.00,0.00,0.0,0.822,0.003,67.699,6.977,0.00
1786345817,bench_mixed,0.00,0.00,0.0,0.822,0.003,67.699,6.976,0.00
1786345822,bench_mixed,0.00,0.00,0.0,0.822,0.003,67.699,6.977,0.00
1786345827,bench_mixed,0.00,0.00,0.0,0.822,0.003,67.699,6.976,0.00
1786345832,bench_mixed,0.00,0.00,0.0,0.822,0.003,67.699,6.976,0.00
1786345837,bench_mixed,0.00,0.00,0.0,0.822,0.003,67.699,6.975,0.00
1786345842,bench_mixed,0.00,0.00,0.0,0.822,0.003,67.699,6.983,0.00
1786345847,bench_mixed,0.00,0.00,0.0,0.822,0.003,67.699,6.982,0.00
1786345852,bench_mixed,0.00,0.00,0.0,0.822,0.003,67.699,6.983,0.00
1786345857,bench_mixed,0.00,0.00,0.0,0.822,0.003,67.699,6.983,0.00
1786345862,bench_mixed,0.00,0.00,0.0,0.822,0.003,67.699,6.983,0.00
1786345868,bench_mixed,0.00,0.00,0.0,0.822,0.003,67.699,6.983,0.00
1786345873,bench_mixed,0.00,0.00,0.0,0.822,0.003,67.699,6.982,0.00
1786345878,bench_mixed,0.00,0.00,0.0,0.822,0.003,67.699,6.982,0.00
1786345883,bench_mixed,0.00,0.00,0.0,0.822,0.003,67.699,6.979,0.00
1786345888,bench_mixed,0.00,0.00,0.0,0.822,0.003,67.699,6.979,0.00
1786345893,bench_mixed,0.00,0.00,0.0,0.822,0.003,67.699,6.981,0.00
1786345898,bench_mixed,0.00,0.00,0.0,0.822,0.003,67.699,6.981,0.00
1786345903,bench_mixed,0.00,0.00,0.0,0.822,0.003,67.699,6.982,0.00
1786345908,bench_mixed,0.00,0.00,0.0,0.822,0.003,67.699,6.982,0.00
1786345913,bench_mixed,0.00,0.00,0.0,0.822,0.003,67.699,6.983,0.00
1786345918,bench_mixed,0.00,0.00,0.0,0.822,0.003,67.699,6.982,0.00
1786345923,bench_mixed,0.00,0.00,0.0,0.822,0.003,67.699,6.982,0.00
1786345928,bench_mixed,0.00,0.00,0.0,0.822,0.003,67.699,6.982,0.00
1786345933,bench_mixed,0.00,0.00,0.0,0.822,0.003,67.699,6.983,0.00
1786345938,bench_mixed,0.00,0.00,0.0,0.822,0.003,67.699,6.984,0.00
1786345943,bench_mixed,0.00,0.00,0.0,0.822,0.003,67.699,6.983,0.00
1786345948,bench_mixed,0.00,0.00,0.0,0.822,0.003,67.699,6.984,0.00
1786345953,bench_mixed,0.00,0.00,0.0,0.822,0.003,67.699,6.984,0.00
1786345958,bench_mixed,0.00,0.00,0.0,0.822,0.003,67.699,6.984,0.00
1786345964,bench_mixed,0.00,0.00,0.0,0.822,0.003,67.699,6.987,0.00
1786345969,bench_mixed,0.00,0.00,0.0,0.822,0.003,67.699,6.986,0.00
1786345974,bench_mixed,0.00,0.00,0.0,0.822,0.003,67.699,6.984,0.00
1786345979,bench_mixed,0.00,0.00,0.0,0.822,0.003,67.699,6.984,0.00
1786345984,bench_mixed,0.00,0.00,0.0,0.822,0.003,67.699,6.982,0.00
1786345989,bench_mixed,0.00,0.00,0.0,0.822,0.003,67.699,6.983,0.00
1786345994,bench_mixed,0.00,0.00,0.0,0.822,0.003,67.699,6.985,0.00
1786345999,bench_mixed,0.00,0.00,0.0,0.822,0.003,67.699,6.984,0.00
1786346004,bench_mixed,0.00,0.00,0.0,0.822,0.003,67.699,6.981,0.00
1786346009,bench_mixed,0.00,0.00,0.0,0.822,0.003,67.699,6.981,0.00
1786346014,bench_mixed,0.00,0.00,0.0,0.822,0.003,67.699,6.982,0.00
1786346019,bench_mixed,0.00,0.00,0.0,0.822,0.003,67.699,6.983,0.00
1786346024,bench_mixed,0.00,0.00,0.0,0.822,0.003,67.699,6.982,0.00
1786346029,bench_mixed,0.00,0.00,0.0,0.822,0.003,67.699,6.983,0.00
1786346034,bench_mixed,0.00,0.00,0.0,0.822,0.003,67.699,6.983,0.00
1786346039,bench_mixed,0.00,0.00,0.0,0.822,0.003,67.699,6.983,0.00
1786346044,bench_mixed,0.00,0.00,0.0,0.822,0.003,67.699,6.984,0.00
1786346049,bench_mixed,0.00,0.00,0.0,0.822,0.003,67.699,6.984,0.00
1786346055,bench_mixed,0.00,0.00,0.0,0.822,0.003,67.699,6.987,0.00
1786346060,bench_mixed,0.00,0.00,0.0,0.822,0.003,67.699,6.988,0.00
1786346065,bench_mixed,0.00,0.00,0.0,0.822,0.003,67.699,6.986,0.00
1786346070,bench_mixed,0.00,0.00,0.0,0.822,0.003,67.699,6.987,0.00
1786346075,bench_mixed,0.00,0.00,0.0,0.822,0.003,67.699,6.987,0.00
1786346080,bench_mixed,0.00,0.00,0.0,0.822,0.003,67.699,6.987,0.00
1786346085,bench_mixed,0.00,0.00,0.0,0.822,0.003,67.699,6.972,0.06
1786346090,bench_mixed,0.00,0.00,0.0,0.822,0.003,67.699,6.974,0.00
1786346095,bench_mixed,0.00,0.00,0.0,0.822,0.003,67.699,6.977,0.00
1786346100,bench_mixed,0.00,0.00,0.0,0.822,0.003,67.699,6.978,0.00
1786346105,bench_mixed,0.00,0.00,0.0,0.822,0.003,67.699,6.977,0.00
1786346110,bench_mixed,0.00,0.00,0.0,0.822,0.003,67.699,6.977,0.00
1786346115,bench_mixed,0.00,0.00,0.0,0.822,0.003,67.699,6.978,0.00
1786346120,bench_mixed,0.00,0.00,0.0,0.822,0.003,67.699,6.979,0.00
1786346125,bench_mixed,0.00,0.00,0.0,0.822,0.003,67.699,6.980,0.00
1786346130,bench_mixed,0.00,0.00,0.0,0.822,0.003,67.699,6.981,0.00
1786346135,bench_mixed,0.00,0.00,0.0,0.822,0.003,67.699,6.980,0.00
1786346140,bench_mixed,0.00,0.00,0.0,0.822,0.003,67.699,6.981,0.00
1786346145,bench_mixed,0.00,0.00,0.0,0.822,0.003,67.699,6.980,0.00
1786346151,bench_mixed,0.00,0.00,0.0,0.822,0.003,67.699,6.981,0.00
1786346156,bench_mixed,0.00,0.00,0.0,0.822,0.003,67.699,6.983,0.00
1786346161,bench_mixed,0.00,0.00,0.0,0.822,0.003,67.699,6.985,0.00
1786346166,bench_mixed,0.00,0.00,0.0,0.822,0.003,67.699,6.986,0.00
1786346171,bench_mixed,0.00,0.00,0.0,0.822,0.003,67.699,6.986,0.00
1786346176,bench_mixed,0.00,0.00,0.0,0.822,0.003,67.699,6.987,0.00
1786346181,bench_mixed,0.00,0.00,0.0,0.822,0.003,67.699,6.987,0.00
1786346186,bench_mixed,0.00,0.00,0.0,0.822,0.003,67.699,6.988,0.00
1786346191,bench_mixed,0.00,0.00,0.0,0.822,0.003,67.699,6.988,0.00
1786346196,bench_mixed,0.00,0.00,0.0,0.822,0.003,67.699,6.987,0.00
1786346201,bench_mixed,0.00,0.00,0.0,0.822,0.003,67.699,6.988,0.00
1786346206,bench_mixed,0.00,0.00,0.0,0.822,0.003,67.699,6.987,0.00
1786346211,bench_mixed,0.00,0.00,0.0,0.822,0.003,67.699,6.989,0.00
1786346216,bench_mixed,0.00,0.00,0.0,0.822,0.003,67.699,6.988,0.00
1786346221,bench_mixed,0.00,0.00,0.0,0.822,0.003,67.699,6.987,0.00
1786346226,bench_mixed,0.00,0.00,0.0,0.822,0.003,67.699,6.987,0.00
1786346231,bench_mixed,0.00,0.00,0.0,0.822,0.003,67.699,6.988,0.00
1786346236,bench_mixed,0.00,0.00,0.0,0.822,0.003,67.699,6.987,0.00
1786346242,bench_mixed,0.00,0.00,0.0,0.822,0.003,67.699,6.988,0.00
1786346247,bench_mixed,0.00,0.00,0.0,0.822,0.003,67.699,6.988,0.00
1786346252,bench_mixed,0.00,0.00,0.0,0.822,0.003,67.699,6.985,0.00
1786346257,bench_mixed,0.00,0.00,0.0,0.822,0.003,67.699,6.985,0.00
1786346262,bench_mixed,0.00,0.00,0.0,0.822,0.003,67.699,6.986,0.00
1786346267,bench_mixed,0.00,0.00,0.0,0.822,0.003,67.699,6.986,0.00
1786346272,bench_mixed,0.00,0.00,0.0,0.822,0.003,67.699,6.986,0.00
1786346277,bench_mixed,0.00,0.00,0.0,0.822,0.003,67.699,6.986,0.00
1786346282,bench_mixed,0.00,0.00,0.0,0.822,0.003,67.699,6.984,0.00
1786346287,bench_mixed,0.00,0.00,0.0,0.822,0.003,67.699,6.984,0.00
1786346292,bench_mixed,0.00,0.00,0.0,0.822,0.003,67.699,6.984,0.00
1786346297,bench_mixed,0.00,0.00,0.0,0.822,0.003,67.699,6.984,0.00
1786346302,bench_mixed,0.00,0.00,0.0,0.822,0.003,67.699,6.985,0.00
1786346307,bench_mixed,0.00,0.00,0.0,0.822,0.003,67.699,6.985,0.00
1786346312,bench_mixed,0.00,0.00,0.0,0.822,0.003,67.699,6.987,0.00
1786346317,bench_mixed,0.00,0.00,0.0,0.822,0.003,67.699,6.987,0.00
1786346322,bench_mixed,0.00,0.00,0.0,0.822,0.003,67.699,6.989,0.00
1786346327,bench_mixed,0.00,0.00,0.0,0.822,0.003,67.699,6.989,0.00
1786346332,bench_mixed,0.00,0.00,0.0,0.822,0.003,67.699,6.988,0.00
1786346338,bench_mixed,0.00,0.00,0.0,0.822,0.003,67.699,6.989,0.00
1786346343,bench_mixed,0.00,0.00,0.0,0.822,0.003,67.699,6.990,0.00
1786346348,bench_mixed,0.00,0.00,0.0,0.822,0.003,67.699,6.990,0.00
1786346353,bench_mixed,0.00,0.00,0.0,0.822,0.003,67.699,6.991,0.00
1786346358,bench_mixed,0.00,0.00,0.0,0.822,0.003,67.699,6.992,0.00
1786346363,bench_mixed,0.00,0.00,0.0,0.822,0.003,67.699,6.991,0.00
1786346368,bench_mixed,0.00,0.00,0.0,0.822,0.003,67.699,6.991,0.00
1786346373,bench_mixed,0.00,0.00,0.0,0.822,0.003,67.699,6.991,0.00
1786346378,bench_mixed,0.00,0.00,0.0,0.822,0.003,67.699,6.991,0.00
1786346383,bench_mixed,0.00,0.00,0.0,0.822,0.003,67.699,6.978,0.04
1786346388,bench_mixed,0.00,0.00,0.0,0.822,0.003,67.699,6.977,0.02
1786346393,bench_mixed,0.00,0.00,0.0,0.822,0.003,67.699,6.980,0.00
1786346398,bench_mixed,0.00,0.00,0.0,0.822,0.003,67.699,6.980,0.00
1786346403,bench_mixed,0.00,0.00,0.0,0.822,0.003,67.699,6.983,0.00
1786346408,bench_mixed,0.00,0.00,0.0,0.822,0.003,67.699,6.983,0.00
1786346413,bench_mixed,0.00,0.00,0.0,0.822,0.003,67.699,6.983,0.00
1786346418,bench_mixed,0.00,0.00,0.0,0.822,0.003,67.699,6.983,0.00
1786346423,bench_mixed,0.00,0.00,0.0,0.822,0.003,67.699,6.982,0.00
1786346429,bench_mixed,0.00,0.00,0.0,0.822,0.003,67.699,6.982,0.00
1786346434,bench_mixed,0.00,0.00,0.0,0.822,0.003,67.699,6.989,0.00
1786346439,bench_mixed,0.00,0.00,0.0,0.822,0.003,67.699,6.989,0.00
1786346444,bench_mixed,0.00,0.00,0.0,0.822,0.003,67.699,6.991,0.00
1786346449,bench_mixed,0.00,0.00,0.0,0.822,0.003,67.699,6.992,0.00
1786346454,bench_mixed,0.00,0.00,0.0,0.822,0.003,67.699,6.992,0.00
1786346459,bench_mixed,0.00,0.00,0.0,0.822,0.003,67.699,6.992,0.00
1786346464,bench_mixed,0.00,0.00,0.0,0.822,0.003,67.699,6.993,0.00
1786346469,bench_mixed,0.00,0.00,0.0,0.822,0.003,67.699,6.993,0.00
1786346474,bench_mixed,0.00,0.00,0.0,0.822,0.003,67.699,6.993,0.00
1786346479,bench_mixed,0.00,0.00,0.0,0.822,0.003,67.699,6.992,0.00
1786346484,bench_mixed,0.00,0.00,0.0,0.822,0.003,67.699,6.992,0.00
1786346489,bench_mixed,0.00,0.00,0.0,0.822,0.003,67.699,6.990,0.00
1786346494,bench_mixed,0.00,0.00,0.0,0.822,0.003,67.699,6.991,0.00
1786346499,bench_mixed,0.00,0.00,0.0,0.822,0.003,67.699,6.991,0.00
1786346504,bench_mixed,0.00,0.00,0.0,0.822,0.003,67.699,6.993,0.00
1786346509,bench_mixed,0.00,0.00,0.0,0.822,0.003,67.699,6.992,0.00
1786346514,bench_mixed,0.00,0.00,0.0,0.822,0.003,67.699,6.991,0.00
1786346519,bench_mixed,0.00,0.00,0.0,0.822,0.003,67.699,6.991,0.00
1786346525,bench_mixed,0.00,0.00,0.0,0.822,0.003,67.699,6.991,0.00
1786346530,bench_mixed,0.00,0.00,0.0,0.822,0.003,67.699,6.991,0.00
1786346535,bench_mixed,0.00,0.00,0.0,0.822,0.003,67.699,6.988,0.00
1786346540,bench_mixed,0.00,0.00,0.0,0.822,0.003,67.699,6.988,0.00
1786346545,bench_mixed,0.00,0.00,0.0,0.822,0.003,67.699,6.987,0.00
1786346550,bench_mixed,0.00,0.00,0.0,0.822,0.003,67.699,6.987,0.00
1786346555,bench_mixed,0.00,0.00,0.0,0.822,0.003,67.699,6.988,0.00
1786346560,bench_mixed,0.00,0.00,0.0,0.822,0.003,67.699,6.989,0.00
1786346565,bench_mixed,0.00,0.00,0.0,0.822,0.003,67.699,6.981,0.00
1786346570,bench_mixed,0.00,0.00,0.0,0.822,0.003,67.699,6.989,0.00
1786346575,bench_mixed,0.00,0.00,0.0,0.822,0.003,67.699,6.988,0.00
1786346580,bench_mixed,0.00,0.00,0.0,0.822,0.003,67.699,6.987,0.00
1786346585,bench_mixed,0.00,0.00,0.0,0.822,0.003,67.699,6.987,0.00
1786346590,bench_mixed,0.00,0.00,0.0,0.822,0.003,67.699,6.987,0.00
1786346595,bench_mixed,0.00,0.00,0.0,0.822,0.003,67.699,6.987,0.00
1786346600,bench_mixed,0.00,0.00,0.0,0.822,0.003,67.699,6.990,0.00
1786346605,bench_mixed,0.00,0.00,0.0,0.822,0.003,67.699,6.990,0.00
1786346610,bench_mixed,0.00,0.00,0.0,0.822,0.003,67.699,6.990,0.00
1786346616,bench_mixed,0.00,0.00,0.0,0.822,0.003,67.699,6.990,0.00
1786346621,bench_mixed,0.00,0.00,0.0,0.822,0.003,67.699,6.991,0.00
1786346626,bench_mixed,0.00,0.00,0.0,0.822,0.003,67.699,6.991,0.00
1786346631,bench_mixed,0.00,0.00,0.0,0.822,0.003,67.699,6.990,0.00
1786346636,bench_mixed,0.00,0.00,0.0,0.822,0.003,67.699,6.991,0.00
1786346641,bench_mixed,0.00,0.00,0.0,0.822,0.003,67.699,6.992,0.00
1786346646,bench_mixed,0.00,0.00,0.0,0.822,0.003,67.699,6.992,0.00
1786346651,bench_mixed,0.00,0.00,0.0,0.822,0.003,67.699,6.994,0.00
1786346656,bench_mixed,0.00,0.00,0.0,0.822,0.003,67.699,6.995,0.00
1786346661,bench_mixed,0.00,0.00,0.0,0.822,0.003,67.699,6.993,0.00
1786346666,bench_mixed,0.00,0.00,0.0,0.822,0.003,67.699,6.993,0.00
1786346671,bench_mixed,0.00,0.00,0.0,0.822,0.003,67.699,6.994,0.00
1786346676,bench_mixed,0.00,0.00,0.0,0.822,0.003,67.699,6.995,0.00
1786346681,bench_mixed,0.00,0.00,0.0,0.822,0.003,67.699,6.992,0.00
1786346686,bench_mixed,0.00,0.00,0.0,0.822,0.003,67.699,6.978,0.06
1786346691,bench_mixed,0.00,0.00,0.0,0.822,0.003,67.699,6.980,0.00
1786346696,bench_mixed,0.00,0.00,0.0,0.822,0.003,67.699,6.980,0.00
1786346701,bench_mixed,0.00,0.00,0.0,0.822,0.003,67.699,6.979,0.00
1786346706,bench_mixed,0.00,0.00,0.0,0.822,0.003,67.699,6.979,0.00
1786346712,bench_mixed,0.00,0.00,0.0,0.822,0.003,67.699,6.979,0.00
1786346717,bench_mixed,0.00,0.00,0.0,0.822,0.003,67.699,6.979,0.00
1786346722,bench_mixed,0.00,0.00,0.0,0.822,0.003,67.699,6.979,0.00
1786346727,bench_mixed,0.00,0.00,0.0,0.822,0.003,67.699,6.979,0.00
1786346732,bench_mixed,0.00,0.00,0.0,0.822,0.003,67.699,6.982,0.00
1786346737,bench_mixed,0.00,0.00,0.0,0.822,0.003,67.699,6.983,0.00
1786346742,bench_mixed,0.00,0.00,0.0,0.822,0.003,67.699,6.982,0.00
1786346747,bench_mixed,0.00,0.00,0.0,0.822,0.003,67.699,6.982,0.00
1786346752,bench_mixed,0.00,0.00,0.0,0.822,0.003,67.699,6.983,0.00
1786346757,bench_mixed,0.00,0.00,0.0,0.822,0.003,67.699,6.984,0.00
1786346762,bench_mixed,0.00,0.00,0.0,0.822,0.003,67.699,6.981,0.00
1786346767,bench_mixed,0.00,0.00,0.0,0.822,0.003,67.699,6.981,0.00
1786346772,bench_mixed,0.00,0.00,0.0,0.822,0.003,67.699,6.981,0.00
1786346777,bench_mixed,0.00,0.00,0.0,0.822,0.003,67.699,6.982,0.00
1786346782,bench_mixed,0.00,0.00,0.0,0.822,0.003,67.699,6.981,0.00
1786346787,bench_mixed,0.00,0.00,0.0,0.822,0.003,67.699,6.981,0.00
1786346792,bench_mixed,0.00,0.00,0.0,0.822,0.003,67.699,6.984,0.00
1786346797,bench_mixed,0.00,0.00,0.0,0.822,0.003,67.699,6.985,0.00
1786346803,bench_mixed,0.00,0.00,0.0,0.822,0.003,67.699,6.983,0.00
1786346808,bench_mixed,0.00,0.00,0.0,0.822,0.003,67.699,6.982,0.00
1786346813,bench_mixed,0.00,0.00,0.0,0.822,0.003,67.699,6.983,0.00
1786346818,bench_mixed,0.00,0.00,0.0,0.822,0.003,67.699,6.983,0.00
1786346823,bench_mixed,0.00,0.00,0.0,0.822,0.003,67.699,6.986,0.00
1786346828,bench_mixed,0.00,0.00,0.0,0.822,0.003,67.699,6.986,0.00
1786346833,bench_mixed,0.00,0.00,0.0,0.822,0.003,67.699,6.988,0.00
1786346838,bench_mixed,0.00,0.00,0.0,0.822,0.003,67.699,6.989,0.00
1786346843,bench_mixed,0.00,0.00,0.0,0.822,0.003,67.699,6.990,0.00
1786346848,bench_mixed,0.00,0.00,0.0,0.822,0.003,67.699,6.991,0.00
1786346853,bench_mixed,0.00,0.00,0.0,0.822,0.003,67.699,6.989,0.00
1786346858,bench_mixed,0.00,0.00,0.0,0.822,0.003,67.699,6.990,0.00
1786346863,bench_mixed,0.00,0.00,0.0,0.822,0.003,67.699,6.989,0.00
1786346868,bench_mixed,0.00,0.00,0.0,0.822,0.003,67.699,6.989,0.00
1786346873,bench_mixed,0.00,0.00,0.0,0.822,0.003,67.699,6.991,0.00
1786346878,bench_mixed,0.00,0.00,0.0,0.822,0.003,67.699,6.991,0.00
1786346883,bench_mixed,0.00,0.00,0.0,0.822,0.003,67.699,6.991,0.00
1786346888,bench_mixed,0.00,0.00,0.0,0.822,0.003,67.699,6.990,0.00
1786346893,bench_mixed,0.00,0.00,0.0,0.822,0.003,67.699,6.992,0.00
1786346899,bench_mixed,0.00,0.00,0.0,0.822,0.003,67.699,6.993,0.00
1786346904,bench_mixed,0.00,0.00,0.0,0.822,0.003,67.699,6.990,0.00
1786346909,bench_mixed,0.00,0.00,0.0,0.822,0.003,67.699,6.991,0.00
1786346914,bench_mixed,0.00,0.00,0.0,0.822,0.003,67.699,6.990,0.00
1786346919,bench_mixed,0.00,0.00,0.0,0.822,0.003,67.699,6.991,0.00
1786346924,bench_mixed,0.00,0.00,0.0,0.822,0.003,67.699,6.989,0.00
1786346929,bench_mixed,0.00,0.00,0.0,0.822,0.003,67.699,6.989,0.00
1786346934,bench_mixed,0.00,0.00,0.0,0.822,0.003,67.699,6.984,0.00
1786346939,bench_mixed,0.00,0.00,0.0,0.822,0.003,67.699,6.986,0.00
1786346944,bench_mixed,0.00,0.00,0.0,0.822,0.003,67.699,6.987,0.00
1786346949,bench_mixed,0.00,0.00,0.0,0.822,0.003,67.699,6.987,0.00
1786346954,bench_mixed,0.00,0.00,0.0,0.822,0.003,67.699,6.987,0.00
1786346959,bench_mixed,0.00,0.00,0.0,0.822,0.003,67.699,6.986,0.00
1786346964,bench_mixed,0.00,0.00,0.0,0.822,0.003,67.699,6.986,0.00
1786346969,bench_mixed,0.00,0.00,0.0,0.822,0.003,67.699,6.985,0.00
1786346974,bench_mixed,0.00,0.00,0.0,0.822,0.003,67.699,6.986,0.00
1786346979,bench_mixed,0.00,0.00,0.0,0.822,0.003,67.699,6.988,0.00
1786346984,bench_mixed,0.00,0.00,0.0,0.822,0.003,67.699,6.975,0.05
1786346990,bench_mixed,0.00,0.00,0.0,0.822,0.003,67.699,6.976,0.01
1786346995,bench_mixed,0.00,0.00,0.0,0.822,0.003,67.699,6.977,0.00
1786347000,bench_mixed,0.00,0.00,0.0,0.822,0.003,67.699,6.977,0.00
1786347005,bench_mixed,0.00,0.00,0.0,0.822,0.003,67.699,6.978,0.00
1786347010,bench_mixed,0.00,0.00,0.0,0.822,0.003,67.699,6.979,0.00
1786347015,bench_mixed,0.00,0.00,0.0,0.822,0.003,67.699,6.980,0.00
1786347020,bench_mixed,0.00,0.00,0.0,0.822,0.003,67.699,6.980,0.00
1786347025,bench_mixed,0.00,0.00,0.0,0.822,0.003,67.699,6.980,0.00
1786347030,bench_mixed,0.00,0.00,0.0,0.822,0.003,67.699,6.979,0.00
1786347035,bench_mixed,0.00,0.00,0.0,0.822,0.003,67.699,6.980,0.00
1786347040,bench_mixed,0.00,0.00,0.0,0.822,0.003,67.699,6.980,0.00
1786347045,bench_mixed,0.00,0.00,0.0,0.822,0.003,67.699,6.981,0.00
1786347050,bench_mixed,0.00,0.00,0.0,0.822,0.003,67.699,6.981,0.00
1786347055,bench_mixed,0.00,0.00,0.0,0.822,0.003,67.699,6.981,0.00
1786347060,bench_mixed,0.00,0.00,0.0,0.822,0.003,67.699,6.980,0.00
1786347065,bench_mixed,0.00,0.00,0.0,0.822,0.003,67.699,6.980,0.00
1786347070,bench_mixed,0.00,0.00,0.0,0.822,0.003,67.699,6.981,0.00
1786347075,bench_mixed,0.00,0.00,0.0,0.822,0.003,67.699,6.981,0.00
1786347080,bench_mixed,0.00,0.00,0.0,0.822,0.003,67.699,6.982,0.00
1786347086,bench_mixed,0.00,0.00,0.0,0.822,0.003,67.699,6.982,0.00
1786347091,bench_mixed,0.00,0.00,0.0,0.822,0.003,67.699,6.983,0.00
1786347096,bench_mixed,0.00,0.00,0.0,0.822,0.003,67.699,6.983,0.00
1786347101,bench_mixed,0.00,0.00,0.0,0.822,0.003,67.699,6.982,0.00
1786347106,bench_mixed,0.00,0.00,0.0,0.822,0.003,67.699,6.983,0.00
1786347111,bench_mixed,0.00,0.00,0.0,0.822,0.003,67.699,6.985,0.00
1786347116,bench_mixed,0.00,0.00,0.0,0.822,0.003,67.699,6.985,0.00
1786347121,bench_mixed,0.00,0.00,0.0,0.822,0.003,67.699,6.984,0.00
1786347126,bench_mixed,0.00,0.00,0.0,0.822,0.003,67.699,6.984,0.00
1786347131,bench_mixed,0.00,0.00,0.0,0.822,0.003,67.699,6.986,0.00
1786347136,bench_mixed,0.00,0.00,0.0,0.822,0.003,67.699,6.987,0.00
1786347141,bench_mixed,0.00,0.00,0.0,0.822,0.003,67.699,6.989,0.00
1786347146,bench_mixed,0.00,0.00,0.0,0.822,0.003,67.699,6.989,0.00
1786347151,bench_mixed,0.00,0.00,0.0,0.822,0.003,67.699,6.990,0.00
1786347156,bench_mixed,0.00,0.00,0.0,0.822,0.003,67.699,6.991,0.00
1786347161,bench_mixed,0.00,0.00,0.0,0.822,0.003,67.699,6.991,0.00
1786347166,bench_mixed,0.00,0.00,0.0,0.822,0.003,67.699,6.991,0.00
1786347171,bench_mixed,0.00,0.00,0.0,0.822,0.003,67.699,6.992,0.00
1786347177,bench_mixed,0.00,0.00,0.0,0.822,0.003,67.699,6.993,0.00
1786347182,bench_mixed,0.00,0.00,0.0,0.822,0.003,67.699,6.992,0.00
1786347187,bench_mixed,0.00,0.00,0.0,0.822,0.003,67.699,6.992,0.00
1786347192,bench_mixed,0.00,0.00,0.0,0.822,0.003,67.699,6.989,0.00
1786347197,bench_mixed,0.00,0.00,0.0,0.822,0.003,67.699,6.990,0.00
1786347202,bench_mixed,0.00,0.00,0.0,0.822,0.003,67.699,6.988,0.00
1786347207,bench_mixed,0.00,0.00,0.0,0.822,0.003,67.699,6.988,0.00
1786347212,bench_mixed,0.00,0.00,0.0,0.822,0.003,67.699,6.989,0.00
1786347217,bench_mixed,0.00,0.00,0.0,0.822,0.003,67.699,6.990,0.00
1786347222,bench_mixed,0.00,0.00,0.0,0.822,0.003,67.699,6.989,0.00
1786347227,bench_mixed,0.00,0.00,0.0,0.822,0.003,67.699,6.989,0.00
1786347232,bench_mixed,0.00,0.00,0.0,0.822,0.003,67.699,6.988,0.00
1786347237,bench_mixed,0.00,0.00,0.0,0.822,0.003,67.699,6.989,0.00
1786347242,bench_mixed,0.00,0.00,0.0,0.822,0.003,67.699,6.989,0.00
1786347247,bench_mixed,0.00,0.00,0.0,0.822,0.003,67.699,6.989,0.00
1786347252,bench_mixed,0.00,0.00,0.0,0.822,0.003,67.699,6.989,0.00
1786347257,bench_mixed,0.00,0.00,0.0,0.822,0.003,67.699,6.989,0.00
1786347262,bench_mixed,0.00,0.00,0.0,0.822,0.003,67.699,6.988,0.00
1786347268,bench_mixed,0.00,0.00,0.0,0.822,0.003,67.699,6.989,0.00
1786347273,bench_mixed,0.00,0.00,0.0,0.822,0.003,67.699,6.988,0.00
1786347278,bench_mixed,0.00,0.00,0.0,0.822,0.003,67.699,6.989,0.00
1786347283,bench_mixed,0.00,0.00,0.0,0.822,0.003,67.699,6.976,0.03
1786347288,bench_mixed,0.00,0.00,0.0,0.822,0.003,67.699,6.976,0.02
1786347293,bench_mixed,0.00,0.00,0.0,0.822,0.003,67.699,6.977,0.00
1786347298,bench_mixed,0.00,0.00,0.0,0.822,0.003,67.699,6.978,0.00
1786347303,bench_mixed,0.00,0.00,0.0,0.822,0.003,67.699,6.978,0.00
1786347308,bench_mixed,0.00,0.00,0.0,0.822,0.003,67.699,6.979,0.00
1786347313,bench_mixed,0.00,0.00,0.0,0.822,0.003,67.699,6.979,0.00
1786347318,bench_mixed,0.00,0.00,0.0,0.822,0.003,67.699,6.978,0.00
1786347323,bench_mixed,0.00,0.00,0.0,0.822,0.003,67.699,6.978,0.00
1786347328,bench_mixed,0.00,0.00,0.0,0.822,0.003,67.699,6.979,0.00
1786347333,bench_mixed,0.00,0.00,0.0,0.822,0.003,67.699,6.980,0.00
1786347338,bench_mixed,0.00,0.00,0.0,0.822,0.003,67.699,6.981,0.00
1786347343,bench_mixed,0.00,0.00,0.0,0.822,0.003,67.699,6.981,0.00
1786347348,bench_mixed,0.00,0.00,0.0,0.822,0.003,67.699,6.983,0.00
1786347353,bench_mixed,0.00,0.00,0.0,0.822,0.003,67.699,6.982,0.00
1786347358,bench_mixed,0.00,0.00,0.0,0.822,0.003,67.699,6.982,0.00
1786347364,bench_mixed,0.00,0.00,0.0,0.822,0.003,67.699,6.982,0.00
1786347369,bench_mixed,0.00,0.00,0.0,0.822,0.003,67.699,6.981,0.00
1786347374,bench_mixed,0.00,0.00,0.0,0.822,0.003,67.699,6.980,0.00
1786347379,bench_mixed,0.00,0.00,0.0,0.822,0.003,67.699,6.980,0.00
1786347384,bench_mixed,0.00,0.00,0.0,0.822,0.003,67.699,6.980,0.00
1786347389,bench_mixed,0.00,0.00,0.0,0.822,0.003,67.699,6.980,0.00
1786347394,bench_mixed,0.00,0.00,0.0,0.822,0.003,67.699,6.981,0.00
1786347399,bench_mixed,0.00,0.00,0.0,0.822,0.003,67.699,6.981,0.00
1786347404,bench_mixed,0.00,0.00,0.0,0.822,0.003,67.699,6.981,0.00
1786347409,bench_mixed,0.00,0.00,0.0,0.822,0.003,67.699,6.983,0.00
1786347414,bench_mixed,0.00,0.00,0.0,0.822,0.003,67.699,6.983,0.00
1786347419,bench_mixed,0.00,0.00,0.0,0.822,0.003,67.699,6.985,0.00
1786347424,bench_mixed,0.00,0.00,0.0,0.822,0.003,67.699,6.985,0.00
1786347429,bench_mixed,0.00,0.00,0.0,0.822,0.003,67.699,6.982,0.00
1786347434,bench_mixed,0.00,0.00,0.0,0.822,0.003,67.699,6.984,0.00
1786347439,bench_mixed,0.00,0.00,0.0,0.822,0.003,67.699,6.987,0.00
1786347444,bench_mixed,0.00,0.00,0.0,0.822,0.003,67.699,6.987,0.00
1786347449,bench_mixed,0.00,0.00,0.0,0.822,0.003,67.699,6.987,0.00
1786347454,bench_mixed,0.00,0.00,0.0,0.822,0.003,67.699,6.987,0.00
1786347460,bench_mixed,0.00,0.00,0.0,0.822,0.003,67.699,6.985,0.00
1786347465,bench_mixed,0.00,0.00,0.0,0.822,0.003,67.699,6.986,0.00
1786347470,bench_mixed,0.00,0.00,0.0,0.822,0.003,67.699,6.985,0.00
1786347475,bench_mixed,0.00,0.00,0.0,0.822,0.003,67.699,6.985,0.00
1786347480,bench_mixed,0.00,0.00,0.0,0.822,0.003,67.699,6.985,0.00
1786347485,bench_mixed,0.00,0.00,0.0,0.822,0.003,67.699,6.985,0.00
1786347490,bench_mixed,0.00,0.00,0.0,0.822,0.003,67.699,6.985,0.00
1786347495,bench_mixed,0.00,0.00,0.0,0.822,0.003,67.699,6.985,0.00
1786347500,bench_mixed,0.00,0.00,0.0,0.822,0.003,67.699,6.984,0.00
1786347505,bench_mixed,0.00,0.00,0.0,0.822,0.003,67.699,6.984,0.00
1786347510,bench_mixed,0.00,0.00,0.0,0.822,0.003,67.699,6.982,0.00
1786347515,bench_mixed,0.00,0.00,0.0,0.822,0.003,67.699,6.982,0.00
1786347520,bench_mixed,0.00,0.00,0.0,0.822,0.003,67.699,6.983,0.00
1786347525,bench_mixed,0.00,0.00,0.0,0.822,0.003,67.699,6.984,0.00
1786347530,bench_mixed,0.00,0.00,0.0,0.822,0.003,67.699,6.983,0.00
1786347535,bench_mixed,0.00,0.00,0.0,0.822,0.003,67.699,6.983,0.00
1786347540,bench_mixed,0.00,0.00,0.0,0.822,0.003,67.699,6.985,0.00
1786347545,bench_mixed,0.00,0.00,0.0,0.822,0.003,67.699,6.985,0.00
1786347551,bench_mixed,0.00,0.00,0.0,0.822,0.003,67.699,6.983,0.00
1786347556,bench_mixed,0.00,0.00,0.0,0.822,0.003,67.699,6.984,0.00
1786347561,bench_mixed,0.00,0.00,0.0,0.822,0.003,67.699,6.983,0.00
1786347566,bench_mixed,0.00,0.00,0.0,0.822,0.003,67.699,6.985,0.00
1786347571,bench_mixed,0.00,0.00,0.0,0.822,0.003,67.699,6.985,0.00
1786347576,bench_mixed,0.00,0.00,0.0,0.822,0.003,67.699,6.985,0.00
1786347581,bench_mixed,0.00,0.00,0.0,0.822,0.003,67.699,6.984,0.00
1786347586,bench_mixed,0.00,0.00,0.0,0.822,0.003,67.699,6.973,0.06
1786347591,bench_mixed,0.00,0.00,0.0,0.822,0.003,67.699,6.973,0.00
1786347596,bench_mixed,0.00,0.00,0.0,0.822,0.003,67.699,6.973,0.00
1786347601,bench_mixed,0.00,0.00,0.0,0.822,0.003,67.699,6.974,0.00
1786347606,bench_mixed,0.00,0.00,0.0,0.822,0.003,67.699,6.975,0.00
1786347611,bench_mixed,0.00,0.00,0.0,0.822,0.003,67.699,6.977,0.00
1786347616,bench_mixed,0.00,0.00,0.0,0.822,0.003,67.699,6.977,0.00
1786347621,bench_mixed,0.00,0.00,0.0,0.822,0.003,67.699,6.978,0.00
1786347626,bench_mixed,0.00,0.00,0.0,0.822,0.003,67.699,6.978,0.00
1786347631,bench_mixed,0.00,0.00,0.0,0.822,0.003,67.699,6.977,0.00
1786347636,bench_mixed,0.00,0.00,0.0,0.822,0.003,67.699,6.978,0.00
1786347641,bench_mixed,0.00,0.00,0.0,0.822,0.003,67.699,6.983,0.00
1786347647,bench_mixed,0.00,0.00,0.0,0.822,0.003,67.699,6.983,0.00
1786347652,bench_mixed,0.00,0.00,0.0,0.822,0.003,67.699,6.980,0.00
1786347657,bench_mixed,0.00,0.00,0.0,0.822,0.003,67.699,6.981,0.00
1786347662,bench_mixed,0.00,0.00,0.0,0.822,0.003,67.699,6.971,0.00
1786347667,bench_mixed,0.00,0.00,0.0,0.822,0.003,67.699,6.983,0.00
1786347672,bench_mixed,0.00,0.00,0.0,0.822,0.003,67.699,6.983,0.00
1786347677,bench_mixed,0.00,0.00,0.0,0.822,0.003,67.699,6.983,0.00
1786347682,bench_mixed,0.00,0.00,0.0,0.822,0.003,67.699,6.983,0.00
1786347687,bench_mixed,0.00,0.00,0.0,0.822,0.003,67.699,6.986,0.00
1786347692,bench_mixed,0.00,0.00,0.0,0.822,0.003,67.699,6.986,0.00
1786347697,bench_mixed,0.00,0.00,0.0,0.822,0.003,67.699,6.987,0.00
1786347702,bench_mixed,0.00,0.00,0.0,0.822,0.003,67.699,6.987,0.00
1786347707,bench_mixed,0.00,0.00,0.0,0.822,0.003,67.699,6.988,0.00
1786347712,bench_mixed,0.00,0.00,0.0,0.822,0.003,67.699,6.988,0.00
1786347717,bench_mixed,0.00,0.00,0.0,0.822,0.003,67.699,6.991,0.00
1786347722,bench_mixed,0.00,0.00,0.0,0.822,0.003,67.699,6.991,0.00
1786347727,bench_mixed,0.00,0.00,0.0,0.822,0.003,67.699,6.990,0.00
1786347732,bench_mixed,0.00,0.00,0.0,0.822,0.003,67.699,6.990,0.00
1786347738,bench_mixed,0.00,0.00,0.0,0.822,0.003,67.699,6.990,0.00
1786347743,bench_mixed,0.00,0.00,0.0,0.822,0.003,67.699,6.990,0.00
1786347748,bench_mixed,0.00,0.00,0.0,0.822,0.003,67.699,6.990,0.00
1786347753,bench_mixed,0.00,0.00,0.0,0.822,0.003,67.699,6.990,0.00
1786347758,bench_mixed,0.00,0.00,0.0,0.822,0.003,67.699,6.991,0.00
1786347763,bench_mixed,0.00,0.00,0.0,0.822,0.003,67.699,6.991,0.00
1786347768,bench_mixed,0.00,0.00,0.0,0.822,0.003,67.699,6.991,0.00
1786347773,bench_mixed,0.00,0.00,0.0,0.822,0.003,67.699,6.992,0.00
1786347778,bench_mixed,0.00,0.00,0.0,0.822,0.003,67.699,6.990,0.00
1786347783,bench_mixed,0.00,0.00,0.0,0.822,0.003,67.699,6.991,0.00
1786347788,bench_mixed,0.00,0.00,0.0,0.822,0.003,67.699,6.989,0.00
1786347793,bench_mixed,0.00,0.00,0.0,0.822,0.003,67.699,6.988,0.00
1786347798,bench_mixed,0.00,0.00,0.0,0.822,0.003,67.699,6.985,0.00
1786347803,bench_mixed,0.00,0.00,0.0,0.822,0.003,67.699,6.985,0.00
1786347808,bench_mixed,0.00,0.00,0.0,0.822,0.003,67.699,6.985,0.00
1786347813,bench_mixed,0.00,0.00,0.0,0.822,0.003,67.699,6.984,0.00
1786347818,bench_mixed,0.00,0.00,0.0,0.822,0.003,67.699,6.985,0.00
1786347823,bench_mixed,0.00,0.00,0.0,0.822,0.003,67.699,6.985,0.00
1786347829,bench_mixed,0.00,0.00,0.0,0.822,0.003,67.699,6.985,0.00
1786347834,bench_mixed,0.00,0.00,0.0,0.822,0.003,67.699,6.986,0.00
1786347839,bench_mixed,0.00,0.00,0.0,0.822,0.003,67.699,6.978,0.00
1786347844,bench_mixed,0.00,0.00,0.0,0.822,0.003,67.699,6.979,0.00
1786347849,bench_mixed,0.00,0.00,0.0,0.822,0.003,67.699,6.977,0.00
1786347854,bench_mixed,0.00,0.00,0.0,0.822,0.003,67.699,6.977,0.00
1786347859,bench_mixed,0.00,0.00,0.0,0.822,0.003,67.699,6.979,0.00
1786347864,bench_mixed,0.00,0.00,0.0,0.822,0.003,67.699,6.979,0.00
1786347869,bench_mixed,0.00,0.00,0.0,0.822,0.003,67.699,6.981,0.00
1786347874,bench_mixed,0.00,0.00,0.0,0.822,0.003,67.699,6.982,0.00
1786347879,bench_mixed,0.00,0.00,0.0,0.822,0.003,67.699,6.983,0.00
1786347884,bench_mixed,0.00,0.00,0.0,0.822,0.003,67.699,6.972,0.05
1786347889,bench_mixed,0.00,0.00,0.0,0.822,0.003,67.699,6.974,0.01
1786347894,bench_mixed,0.00,0.00,0.0,0.822,0.003,67.699,6.974,0.00
1786347899,bench_mixed,0.00,0.00,0.0,0.822,0.003,67.699,6.976,0.00
1786347904,bench_mixed,0.00,0.00,0.0,0.822,0.003,67.699,6.976,0.00
1786347909,bench_mixed,0.00,0.00,0.0,0.822,0.003,67.699,6.976,0.00
1786347914,bench_mixed,0.00,0.00,0.0,0.822,0.003,67.699,6.977,0.00
1786347919,bench_mixed,0.00,0.00,0.0,0.822,0.003,67.699,6.979,0.00
1786347925,bench_mixed,0.00,0.00,0.0,0.822,0.003,67.699,6.978,0.00
1786347930,bench_mixed,0.00,0.00,0.0,0.822,0.003,67.699,6.976,0.00
1786347935,bench_mixed,0.00,0.00,0.0,0.822,0.003,67.699,6.977,0.00
1786347940,bench_mixed,0.00,0.00,0.0,0.822,0.003,67.699,6.979,0.00
1786347945,bench_mixed,0.00,0.00,0.0,0.822,0.003,67.699,6.980,0.00
1786347950,bench_mixed,0.00,0.00,0.0,0.822,0.003,67.699,6.980,0.00
1786347955,bench_mixed,0.00,0.00,0.0,0.822,0.003,67.699,6.980,0.00
1786347960,bench_mixed,0.00,0.00,0.0,0.822,0.003,67.699,6.981,0.00
1786347965,bench_mixed,0.00,0.00,0.0,0.822,0.003,67.699,6.980,0.00
1786347970,bench_mixed,0.00,0.00,0.0,0.822,0.003,67.699,6.980,0.00
1786347975,bench_mixed,0.00,0.00,0.0,0.822,0.003,67.699,6.980,0.00
1786347980,bench_mixed,0.00,0.00,0.0,0.822,0.003,67.699,6.980,0.00
1786347985,bench_mixed,0.00,0.00,0.0,0.822,0.003,67.699,6.980,0.00
1786347990,bench_mixed,0.00,0.00,0.0,0.822,0.003,67.699,6.980,0.00
1786347995,bench_mixed,0.00,0.00,0.0,0.822,0.003,67.699,6.979,0.00
1786348000,bench_mixed,0.00,0.00,0.0,0.822,0.003,67.699,6.979,0.00
1786348005,bench_mixed,0.00,0.00,0.0,0.822,0.003,67.699,6.979,0.00
1786348010,bench_mixed,0.00,0.00,0.0,0.822,0.003,67.699,6.979,0.00
1786348016,bench_mixed,0.00,0.00,0.0,0.822,0.003,67.699,6.980,0.00
1786348021,bench_mixed,0.00,0.00,0.0,0.822,0.003,67.699,6.977,0.00
1786348026,bench_mixed,0.00,0.00,0.0,0.822,0.003,67.699,6.979,0.00
1786348031,bench_mixed,0.00,0.00,0.0,0.822,0.003,67.699,6.974,0.00
1786348036,bench_mixed,0.00,0.00,0.0,0.822,0.003,67.699,6.976,0.00
1786348041,bench_mixed,0.00,0.00,0.0,0.822,0.003,67.699,6.977,0.00
1786348046,bench_mixed,0.00,0.00,0.0,0.822,0.003,67.699,6.977,0.00
1786348051,bench_mixed,0.00,0.00,0.0,0.822,0.003,67.699,6.976,0.00
1786348056,bench_mixed,0.00,0.00,0.0,0.822,0.003,67.699,6.977,0.00
1786348061,bench_mixed,0.00,0.00,0.0,0.822,0.003,67.699,6.976,0.00
1786348066,bench_mixed,0.00,0.00,0.0,0.822,0.003,67.699,6.977,0.00
1786348071,bench_mixed,0.00,0.00,0.0,0.822,0.003,67.699,6.977,0.00
1786348076,bench_mixed,0.00,0.00,0.0,0.822,0.003,67.699,6.978,0.00
1786348081,bench_mixed,0.00,0.00,0.0,0.822,0.003,67.699,6.978,0.00
1786348086,bench_mixed,0.00,0.00,0.0,0.822,0.003,67.699,6.977,0.00
1786348091,bench_mixed,0.00,0.00,0.0,0.822,0.003,67.699,6.977,0.00
1786348096,bench_mixed,0.00,0.00,0.0,0.822,0.003,67.699,6.977,0.00
1786348101,bench_mixed,0.00,0.00,0.0,0.822,0.003,67.699,6.977,0.00
1786348106,bench_mixed,0.00,0.00,0.0,0.822,0.003,67.699,6.977,0.00
1786348112,bench_mixed,0.00,0.00,0.0,0.822,0.003,67.699,6.977,0.00
1786348117,bench_mixed,0.00,0.00,0.0,0.822,0.003,67.699,6.978,0.00
1786348122,bench_mixed,0.00,0.00,0.0,0.822,0.003,67.699,6.978,0.00
1786348127,bench_mixed,0.00,0.00,0.0,0.822,0.003,67.699,6.978,0.00
1786348132,bench_mixed,0.00,0.00,0.0,0.822,0.003,67.699,6.978,0.00
1786348137,bench_mixed,0.00,0.00,0.0,0.822,0.003,67.699,6.978,0.00
1786348142,bench_mixed,0.00,0.00,0.0,0.822,0.003,67.699,6.979,0.00
1786348147,bench_mixed,0.00,0.00,0.0,0.822,0.003,67.699,6.980,0.00
1786348152,bench_mixed,0.00,0.00,0.0,0.822,0.003,67.699,6.980,0.00
1786348157,bench_mixed,0.00,0.00,0.0,0.822,0.003,67.699,6.979,0.00
1786348162,bench_mixed,0.00,0.00,0.0,0.822,0.003,67.699,6.980,0.00
1786348167,bench_mixed,0.00,0.00,0.0,0.822,0.003,67.699,6.984,0.00
1786348172,bench_mixed,0.00,0.00,0.0,0.822,0.003,67.699,6.984,0.00
1786348177,bench_mixed,0.00,0.00,0.0,0.822,0.003,67.699,6.985,0.00
1786348182,bench_mixed,0.00,0.00,0.0,0.822,0.003,67.699,6.984,0.00
1786348187,bench_mixed,0.00,0.00,0.0,0.822,0.003,67.699,6.968,0.05
1786348192,bench_mixed,0.00,0.00,0.0,0.822,0.003,67.699,6.968,0.00
1786348197,bench_mixed,0.00,0.00,0.0,0.822,0.003,67.699,6.969,0.00
1786348203,bench_mixed,0.00,0.00,0.0,0.822,0.003,67.699,6.970,0.00
1786348208,bench_mixed,0.00,0.00,0.0,0.822,0.003,67.699,6.973,0.00
1786348213,bench_mixed,0.00,0.00,0.0,0.822,0.003,67.699,6.973,0.00
1786348218,bench_mixed,0.00,0.00,0.0,0.822,0.003,67.699,6.977,0.00
1786348223,bench_mixed,0.00,0.00,0.0,0.822,0.003,67.699,6.976,0.00
1786348228,bench_mixed,0.00,0.00,0.0,0.822,0.003,67.699,6.979,0.00
1786348233,bench_mixed,0.00,0.00,0.0,0.822,0.003,67.699,6.980,0.00
1786348238,bench_mixed,0.00,0.00,0.0,0.822,0.003,67.699,6.981,0.00
1786348243,bench_mixed,0.00,0.00,0.0,0.822,0.003,67.699,6.981,0.00
1786348248,bench_mixed,0.00,0.00,0.0,0.822,0.003,67.699,6.983,0.00
1786348253,bench_mixed,0.00,0.00,0.0,0.822,0.003,67.699,6.984,0.00
1786348258,bench_mixed,0.00,0.00,0.0,0.822,0.003,67.699,6.982,0.00
1786348263,bench_mixed,0.00,0.00,0.0,0.822,0.003,67.699,6.983,0.00
1786348268,bench_mixed,0.00,0.00,0.0,0.822,0.003,67.699,6.981,0.00
1786348273,bench_mixed,0.00,0.00,0.0,0.822,0.003,67.699,6.982,0.00
1786348278,bench_mixed,0.00,0.00,0.0,0.822,0.003,67.699,6.981,0.00
1786348283,bench_mixed,0.00,0.00,0.0,0.822,0.003,67.699,6.982,0.00
1786348288,bench_mixed,0.00,0.00,0.0,0.822,0.003,67.699,6.981,0.00
1786348293,bench_mixed,0.00,0.00,0.0,0.822,0.003,67.699,6.982,0.00
1786348299,bench_mixed,0.00,0.00,0.0,0.822,0.003,67.699,6.981,0.00
1786348304,bench_mixed,0.00,0.00,0.0,0.822,0.003,67.699,6.982,0.00
1786348309,bench_mixed,0.00,0.00,0.0,0.822,0.003,67.699,6.982,0.00
1786348314,bench_mixed,0.00,0.00,0.0,0.822,0.003,67.699,6.983,0.00
1786348319,bench_mixed,0.00,0.00,0.0,0.822,0.003,67.699,6.985,0.00
1786348324,bench_mixed,0.00,0.00,0.0,0.822,0.003,67.699,6.986,0.00
1786348329,bench_mixed,0.00,0.00,0.0,0.822,0.003,67.699,6.983,0.00
1786348334,bench_mixed,0.00,0.00,0.0,0.822,0.003,67.699,6.984,0.00
1786348339,bench_mixed,0.00,0.00,0.0,0.822,0.003,67.699,6.985,0.00
1786348344,bench_mixed,0.00,0.00,0.0,0.822,0.003,67.699,6.986,0.00
1786348349,bench_mixed,0.00,0.00,0.0,0.822,0.003,67.699,6.983,0.00
1786348354,bench_mixed,0.00,0.00,0.0,0.822,0.003,67.699,6.984,0.00
1786348359,bench_mixed,0.00,0.00,0.0,0.822,0.003,67.699,6.982,0.00
1786348364,bench_mixed,0.00,0.00,0.0,0.822,0.003,67.699,6.983,0.00
1786348369,bench_mixed,0.00,0.00,0.0,0.822,0.003,67.699,6.983,0.00
1786348374,bench_mixed,0.00,0.00,0.0,0.822,0.003,67.699,6.984,0.00
1786348379,bench_mixed,0.00,0.00,0.0,0.822,0.003,67.699,6.981,0.00
1786348384,bench_mixed,0.00,0.00,0.0,0.822,0.003,67.699,6.982,0.00
1786348389,bench_mixed,0.00,0.00,0.0,0.822,0.003,67.699,6.980,0.00
1786348395,bench_mixed,0.00,0.00,0.0,0.822,0.003,67.699,6.980,0.00
1786348400,bench_mixed,0.00,0.00,0.0,0.822,0.003,67.699,6.981,0.00
1786348405,bench_mixed,0.00,0.00,0.0,0.822,0.003,67.699,6.981,0.00
1786348410,bench_mixed,0.00,0.00,0.0,0.822,0.003,67.699,6.981,0.00
1786348415,bench_mixed,0.00,0.00,0.0,0.822,0.003,67.699,6.979,0.00
1786348420,bench_mixed,0.00,0.00,0.0,0.822,0.003,67.699,6.979,0.00
1786348425,bench_mixed,0.00,0.00,0.0,0.822,0.003,67.699,6.978,0.00
1786348430,bench_mixed,0.00,0.00,0.0,0.822,0.003,67.699,6.978,0.00
1786348435,bench_mixed,0.00,0.00,0.0,0.822,0.003,67.699,6.976,0.00
1786348440,bench_mixed,0.00,0.00,0.0,0.822,0.003,67.699,6.976,0.00
1786348445,bench_mixed,0.00,0.00,0.0,0.822,0.003,67.699,6.977,0.00
1786348450,bench_mixed,0.00,0.00,0.0,0.822,0.003,67.699,6.977,0.00
1786348455,bench_mixed,0.00,0.00,0.0,0.822,0.003,67.699,6.979,0.00
1786348460,bench_mixed,0.00,0.00,0.0,0.822,0.003,67.699,6.979,0.00
1786348465,bench_mixed,0.00,0.00,0.0,0.822,0.003,67.699,6.980,0.00
1786348470,bench_mixed,0.00,0.00,0.0,0.822,0.003,67.699,6.980,0.00
1786348475,bench_mixed,0.00,0.00,0.0,0.822,0.003,67.699,6.982,0.00
1786348480,bench_mixed,0.00,0.00,0.0,0.822,0.003,67.699,6.981,0.00
1786348486,bench_mixed,0.00,0.00,0.0,0.822,0.003,67.699,6.968,0.06
1786348491,bench_mixed,0.00,0.00,0.0,0.822,0.003,67.699,6.969,0.00
1786348496,bench_mixed,0.00,0.00,0.0,0.822,0.003,67.699,6.970,0.00
1786348501,bench_mixed,0.00,0.00,0.0,0.822,0.003,67.699,6.971,0.00
1786348506,bench_mixed,0.00,0.00,0.0,0.822,0.003,67.699,6.972,0.00
1786348511,bench_mixed,0.00,0.00,0.0,0.822,0.003,67.699,6.972,0.00
1786348516,bench_mixed,0.00,0.00,0.0,0.822,0.003,67.699,6.975,0.00
1786348521,bench_mixed,0.00,0.00,0.0,0.822,0.003,67.699,6.974,0.00
1786348526,bench_mixed,0.00,0.00,0.0,0.822,0.003,67.699,6.977,0.00
1786348531,bench_mixed,0.00,0.00,0.0,0.822,0.003,67.699,6.978,0.00
1786348536,bench_mixed,0.00,0.00,0.0,0.822,0.003,67.699,6.977,0.00
1786348541,bench_mixed,0.00,0.00,0.0,0.822,0.003,67.699,6.976,0.00
1786348546,bench_mixed,0.00,0.00,0.0,0.822,0.003,67.699,6.979,0.00
1786348551,bench_mixed,0.00,0.00,0.0,0.822,0.003,67.699,6.979,0.00
1786348556,bench_mixed,0.00,0.00,0.0,0.822,0.003,67.699,6.982,0.00
1786348561,bench_mixed,0.00,0.00,0.0,0.822,0.003,67.699,6.982,0.00
1786348566,bench_mixed,0.00,0.00,0.0,0.822,0.003,67.699,6.979,0.00
1786348571,bench_mixed,0.00,0.00,0.0,0.822,0.003,67.699,6.979,0.00
1786348576,bench_mixed,0.00,0.00,0.0,0.822,0.003,67.699,6.979,0.00
1786348582,bench_mixed,0.00,0.00,0.0,0.822,0.003,67.699,6.979,0.00
1786348587,bench_mixed,0.00,0.00,0.0,0.822,0.003,67.699,6.981,0.00
1786348592,bench_mixed,0.00,0.00,0.0,0.822,0.003,67.699,6.981,0.00
1786348597,bench_mixed,0.00,0.00,0.0,0.822,0.003,67.699,6.980,0.00
1786348602,bench_mixed,0.00,0.00,0.0,0.822,0.003,67.699,6.980,0.00
1786348607,bench_mixed,0.00,0.00,0.0,0.822,0.003,67.699,6.980,0.00
1786348612,bench_mixed,0.00,0.00,0.0,0.822,0.003,67.699,6.981,0.00
1786348617,bench_mixed,0.00,0.00,0.0,0.822,0.003,67.699,6.980,0.00
1786348622,bench_mixed,0.00,0.00,0.0,0.822,0.003,67.699,6.982,0.00
1786348627,bench_mixed,0.00,0.00,0.0,0.822,0.003,67.699,6.986,0.00
1786348632,bench_mixed,0.00,0.00,0.0,0.822,0.003,67.699,6.984,0.00
1786348637,bench_mixed,0.00,0.00,0.0,0.822,0.003,67.699,6.983,0.00
1786348642,bench_mixed,0.00,0.00,0.0,0.822,0.003,67.699,6.983,0.00
1786348647,bench_mixed,0.00,0.00,0.0,0.822,0.003,67.699,6.985,0.00
1786348652,bench_mixed,0.00,0.00,0.0,0.822,0.003,67.699,6.984,0.00
1786348657,bench_mixed,0.00,0.00,0.0,0.822,0.003,67.699,6.983,0.00
1786348662,bench_mixed,0.00,0.00,0.0,0.822,0.003,67.699,6.983,0.00
1786348667,bench_mixed,0.00,0.00,0.0,0.822,0.003,67.699,6.981,0.00
1786348673,bench_mixed,0.00,0.00,0.0,0.822,0.003,67.699,6.982,0.00
1786348678,bench_mixed,0.00,0.00,0.0,0.822,0.003,67.699,6.980,0.00
1786348683,bench_mixed,0.00,0.00,0.0,0.822,0.003,67.699,6.981,0.00
1786348688,bench_mixed,0.00,0.00,0.0,0.822,0.003,67.699,6.978,0.00
1786348693,bench_mixed,0.00,0.00,0.0,0.822,0.003,67.699,6.979,0.00
1786348698,bench_mixed,0.00,0.00,0.0,0.822,0.003,67.699,6.979,0.00
1786348703,bench_mixed,0.00,0.00,0.0,0.822,0.003,67.699,6.980,0.00
1786348708,bench_mixed,0.00,0.00,0.0,0.822,0.003,67.699,6.981,0.00
1786348713,bench_mixed,0.00,0.00,0.0,0.822,0.003,67.699,6.982,0.00
1786348718,bench_mixed,0.00,0.00,0.0,0.822,0.003,67.699,6.982,0.00
1786348723,bench_mixed,0.00,0.00,0.0,0.822,0.003,67.699,6.982,0.00
1786348728,bench_mixed,0.00,0.00,0.0,0.822,0.003,67.699,6.983,0.00
1786348733,bench_mixed,0.00,0.00,0.0,0.822,0.003,67.699,6.984,0.00
1786348738,bench_mixed,0.00,0.00,0.0,0.822,0.003,67.699,6.982,0.00
1786348743,bench_mixed,0.00,0.00,0.0,0.822,0.003,67.699,6.983,0.00
1786348748,bench_mixed,0.00,0.00,0.0,0.822,0.003,67.699,6.984,0.00
1786348753,bench_mixed,0.00,0.00,0.0,0.822,0.003,67.699,6.985,0.00
1786348758,bench_mixed,0.00,0.00,0.0,0.822,0.003,67.699,6.979,0.00
1786348763,bench_mixed,0.00,0.00,0.0,0.822,0.003,67.699,6.984,0.00
1786348769,bench_mixed,0.00,0.00,0.0,0.822,0.003,67.699,6.984,0.00
1786348774,bench_mixed,0.00,0.00,0.0,0.822,0.003,67.699,6.983,0.00
1786348779,bench_mixed,0.00,0.00,0.0,0.822,0.003,67.699,6.984,0.00
1786348784,bench_mixed,0.00,0.00,0.0,0.822,0.003,67.699,6.970,0.04
1786348789,bench_mixed,0.00,0.00,0.0,0.822,0.003,67.699,6.971,0.02
1786348794,bench_mixed,0.00,0.00,0.0,0.822,0.003,67.699,6.973,0.00
1786348799,bench_mixed,0.00,0.00,0.0,0.822,0.003,67.699,6.972,0.00
1786348804,bench_mixed,0.00,0.00,0.0,0.822,0.003,67.699,6.971,0.00
1786348809,bench_mixed,0.00,0.00,0.0,0.822,0.003,67.699,6.971,0.00
1786348814,bench_mixed,0.00,0.00,0.0,0.822,0.003,67.699,6.973,0.00
1786348819,bench_mixed,0.00,0.00,0.0,0.822,0.003,67.699,6.973,0.00
1786348824,bench_mixed,0.00,0.00,0.0,0.822,0.003,67.699,6.975,0.00
1786348829,bench_mixed,0.00,0.00,0.0,0.822,0.003,67.699,6.975,0.00
1786348834,bench_mixed,0.00,0.00,0.0,0.822,0.003,67.699,6.977,0.00
1786348839,bench_mixed,0.00,0.00,0.0,0.822,0.003,67.699,6.977,0.00
1786348844,bench_mixed,0.00,0.00,0.0,0.822,0.003,67.699,6.977,0.00
1786348849,bench_mixed,0.00,0.00,0.0,0.822,0.003,67.699,6.977,0.00
1786348854,bench_mixed,0.00,0.00,0.0,0.822,0.003,67.699,6.976,0.00
1786348859,bench_mixed,0.00,0.00,0.0,0.822,0.003,67.699,6.976,0.00
1786348865,bench_mixed,0.00,0.00,0.0,0.822,0.003,67.699,6.978,0.00
1786348870,bench_mixed,0.00,0.00,0.0,0.822,0.003,67.699,6.978,0.00
1786348875,bench_mixed,0.00,0.00,0.0,0.822,0.003,67.699,6.977,0.00
1786348880,bench_mixed,0.00,0.00,0.0,0.822,0.003,67.699,6.977,0.00
1786348885,bench_mixed,0.00,0.00,0.0,0.822,0.003,67.699,6.977,0.00
1786348890,bench_mixed,0.00,0.00,0.0,0.822,0.003,67.699,6.977,0.00
1786348895,bench_mixed,0.00,0.00,0.0,0.822,0.003,67.699,6.978,0.00
1786348900,bench_mixed,0.00,0.00,0.0,0.822,0.003,67.699,6.978,0.00
1786348905,bench_mixed,0.00,0.00,0.0,0.822,0.003,67.699,6.977,0.00
1786348910,bench_mixed,0.00,0.00,0.0,0.822,0.003,67.699,6.977,0.00
1786348915,bench_mixed,0.00,0.00,0.0,0.822,0.003,67.699,6.977,0.00
1786348920,bench_mixed,0.00,0.00,0.0,0.822,0.003,67.699,6.977,0.00
1786348925,bench_mixed,0.00,0.00,0.0,0.822,0.003,67.699,6.979,0.00
1786348930,bench_mixed,0.00,0.00,0.0,0.822,0.003,67.699,6.979,0.00
1786348935,bench_mixed,0.00,0.00,0.0,0.822,0.003,67.699,6.981,0.00
1786348940,bench_mixed,0.00,0.00,0.0,0.822,0.003,67.699,6.981,0.00
1786348945,bench_mixed,0.00,0.00,0.0,0.822,0.003,67.699,6.979,0.00
1786348950,bench_mixed,0.00,0.00,0.0,0.822,0.003,67.699,6.979,0.00
1786348956,bench_mixed,0.00,0.00,0.0,0.822,0.003,67.699,6.978,0.00
1786348961,bench_mixed,0.00,0.00,0.0,0.822,0.003,67.699,6.978,0.00
1786348966,bench_mixed,0.00,0.00,0.0,0.822,0.003,67.699,6.979,0.00
1786348971,bench_mixed,0.00,0.00,0.0,0.822,0.003,67.699,6.979,0.00
1786348976,bench_mixed,0.00,0.00,0.0,0.822,0.003,67.699,6.979,0.00
1786348981,bench_mixed,0.00,0.00,0.0,0.822,0.003,67.699,6.979,0.00
1786348986,bench_mixed,0.00,0.00,0.0,0.822,0.003,67.699,6.979,0.00
1786348991,bench_mixed,0.00,0.00,0.0,0.822,0.003,67.699,6.979,0.00
1786348996,bench_mixed,0.00,0.00,0.0,0.822,0.003,67.699,6.979,0.00
1786349001,bench_mixed,0.00,0.00,0.0,0.822,0.003,67.699,6.979,0.00
1786349006,bench_mixed,0.00,0.00,0.0,0.822,0.003,67.699,6.977,0.00
1786349011,bench_mixed,0.00,0.00,0.0,0.822,0.003,67.699,6.978,0.00
1786349016,bench_mixed,0.00,0.00,0.0,0.822,0.003,67.699,6.980,0.00
1786349021,bench_mixed,0.00,0.00,0.0,0.822,0.003,67.699,6.981,0.00
1786349026,bench_mixed,0.00,0.00,0.0,0.822,0.003,67.699,6.982,0.00
1786349031,bench_mixed,0.00,0.00,0.0,0.822,0.003,67.699,6.983,0.00
1786349036,bench_mixed,0.00,0.00,0.0,0.822,0.003,67.699,6.980,0.00
1786349041,bench_mixed,0.00,0.00,0.0,0.822,0.003,67.699,6.980,0.00
1786349046,bench_mixed,0.00,0.00,0.0,0.822,0.003,67.699,6.982,0.00
1786349052,bench_mixed,0.00,0.00,0.0,0.822,0.003,67.699,6.983,0.00
1786349057,bench_mixed,0.00,0.00,0.0,0.822,0.003,67.699,6.982,0.00
1786349062,bench_mixed,0.00,0.00,0.0,0.822,0.003,67.699,6.983,0.00
1786349067,bench_mixed,0.00,0.00,0.0,0.822,0.003,67.699,6.984,0.00
1786349072,bench_mixed,0.00,0.00,0.0,0.822,0.003,67.699,6.985,0.00
1786349077,bench_mixed,0.00,0.00,0.0,0.822,0.003,67.699,6.986,0.00
1786349082,bench_mixed,0.00,0.00,0.0,0.822,0.003,67.699,6.987,0.00
1786349087,bench_mixed,0.00,0.00,0.0,0.822,0.003,67.699,6.971,0.06
1786349092,bench_mixed,0.00,0.00,0.0,0.822,0.003,67.699,6.971,0.00
1786349097,bench_mixed,0.00,0.00,0.0,0.822,0.003,67.699,6.972,0.00
1786349102,bench_mixed,0.00,0.00,0.0,0.822,0.003,67.699,6.972,0.00
1786349107,bench_mixed,0.00,0.00,0.0,0.822,0.003,67.699,6.970,0.00
1786349112,bench_mixed,0.00,0.00,0.0,0.822,0.003,67.699,6.972,0.00
1786349117,bench_mixed,0.00,0.00,0.0,0.822,0.003,67.699,6.971,0.00
1786349122,bench_mixed,0.00,0.00,0.0,0.822,0.003,67.699,6.971,0.00
1786349127,bench_mixed,0.00,0.00,0.0,0.822,0.003,67.699,6.971,0.00
1786349132,bench_mixed,0.00,0.00,0.0,0.822,0.003,67.699,6.973,0.00
1786349137,bench_mixed,0.00,0.00,0.0,0.822,0.003,67.699,6.973,0.00
1786349143,bench_mixed,0.00,0.00,0.0,0.822,0.003,67.699,6.973,0.00
1786349148,bench_mixed,0.00,0.00,0.0,0.822,0.003,67.699,6.973,0.00
1786349153,bench_mixed,0.00,0.00,0.0,0.822,0.003,67.699,6.972,0.00
1786349158,bench_mixed,0.00,0.00,0.0,0.822,0.003,67.699,6.972,0.00
1786349163,bench_mixed,0.00,0.00,0.0,0.822,0.003,67.699,6.975,0.00
1786349168,bench_mixed,0.00,0.00,0.0,0.822,0.003,67.699,6.975,0.00
1786349173,bench_mixed,0.00,0.00,0.0,0.822,0.003,67.699,6.976,0.00
1786349178,bench_mixed,0.00,0.00,0.0,0.822,0.003,67.699,6.975,0.00
1786349183,bench_mixed,0.00,0.00,0.0,0.822,0.003,67.699,6.973,0.00
1786349188,bench_mixed,0.00,0.00,0.0,0.822,0.003,67.699,6.974,0.00
1786349193,bench_mixed,0.00,0.00,0.0,0.822,0.003,67.699,6.974,0.00
1786349198,bench_mixed,0.00,0.00,0.0,0.822,0.003,67.699,6.974,0.00
1786349203,bench_mixed,0.00,0.00,0.0,0.822,0.003,67.699,6.973,0.00
1786349208,bench_mixed,0.00,0.00,0.0,0.822,0.003,67.699,6.973,0.00
1786349213,bench_mixed,0.00,0.00,0.0,0.822,0.003,67.699,6.973,0.00
1786349218,bench_mixed,0.00,0.00,0.0,0.822,0.003,67.699,6.974,0.00
1786349223,bench_mixed,0.00,0.00,0.0,0.822,0.003,67.699,6.976,0.00
1786349228,bench_mixed,0.00,0.00,0.0,0.822,0.003,67.699,6.976,0.00
1786349233,bench_mixed,0.00,0.00,0.0,0.822,0.003,67.699,6.978,0.00
1786349239,bench_mixed,0.00,0.00,0.0,0.822,0.003,67.699,6.977,0.00
1786349244,bench_mixed,0.00,0.00,0.0,0.822,0.003,67.699,6.977,0.00
1786349249,bench_mixed,0.00,0.00,0.0,0.822,0.003,67.699,6.977,0.00
1786349254,bench_mixed,0.00,0.00,0.0,0.822,0.003,67.699,6.979,0.00
1786349259,bench_mixed,0.00,0.00,0.0,0.822,0.003,67.699,6.979,0.00
1786349264,bench_mixed,0.00,0.00,0.0,0.822,0.003,67.699,6.979,0.00
1786349269,bench_mixed,0.00,0.00,0.0,0.822,0.003,67.699,6.980,0.00
1786349274,bench_mixed,0.00,0.00,0.0,0.822,0.003,67.699,6.979,0.00
1786349279,bench_mixed,0.00,0.00,0.0,0.822,0.003,67.699,6.980,0.00
1786349284,bench_mixed,0.00,0.00,0.0,0.822,0.003,67.699,6.980,0.00
1786349289,bench_mixed,0.00,0.00,0.0,0.822,0.003,67.699,6.980,0.00
1786349294,bench_mixed,0.00,0.00,0.0,0.822,0.003,67.699,6.979,0.00
1786349299,bench_mixed,0.00,0.00,0.0,0.822,0.003,67.699,6.979,0.00
1786349304,bench_mixed,0.00,0.00,0.0,0.822,0.003,67.699,6.978,0.00
1786349309,bench_mixed,0.00,0.00,0.0,0.822,0.003,67.699,6.979,0.00
1786349314,bench_mixed,0.00,0.00,0.0,0.822,0.003,67.699,6.979,0.00
1786349319,bench_mixed,0.00,0.00,0.0,0.822,0.003,67.699,6.979,0.00
1786349324,bench_mixed,0.00,0.00,0.0,0.822,0.003,67.699,6.979,0.00
1786349330,bench_mixed,0.00,0.00,0.0,0.822,0.003,67.699,6.979,0.00
1786349335,bench_mixed,0.00,0.00,0.0,0.822,0.003,67.699,6.981,0.00
1786349340,bench_mixed,0.00,0.00,0.0,0.822,0.003,67.699,6.981,0.00
1786349345,bench_mixed,0.00,0.00,0.0,0.822,0.003,67.699,6.980,0.00
1786349350,bench_mixed,0.00,0.00,0.0,0.822,0.003,67.699,6.981,0.00
1786349355,bench_mixed,0.00,0.00,0.0,0.822,0.003,67.699,6.982,0.00
1786349360,bench_mixed,0.00,0.00,0.0,0.822,0.003,67.699,6.983,0.00
1786349365,bench_mixed,0.00,0.00,0.0,0.822,0.003,67.699,6.980,0.00
1786349370,bench_mixed,0.00,0.00,0.0,0.822,0.003,67.699,6.981,0.00
1786349375,bench_mixed,0.00,0.00,0.0,0.822,0.003,67.699,6.980,0.00
1786349380,bench_mixed,0.00,0.00,0.0,0.822,0.003,67.699,6.981,0.00
1786349385,bench_mixed,0.00,0.00,0.0,0.822,0.003,67.699,6.972,0.05
1786349390,bench_mixed,0.00,0.00,0.0,0.822,0.003,67.699,6.973,0.00
1786349395,bench_mixed,0.00,0.00,0.0,0.822,0.003,67.699,6.976,0.00
1786349400,bench_mixed,0.00,0.00,0.0,0.822,0.003,67.699,6.977,0.00
1786349405,bench_mixed,0.00,0.00,0.0,0.822,0.003,67.699,6.976,0.00
1786349410,bench_mixed,0.00,0.00,0.0,0.822,0.003,67.699,6.976,0.00
1786349415,bench_mixed,0.00,0.00,0.0,0.822,0.003,67.699,6.977,0.00
1786349420,bench_mixed,0.00,0.00,0.0,0.822,0.003,67.699,6.977,0.00
1786349426,bench_mixed,0.00,0.00,0.0,0.822,0.003,67.699,6.976,0.00
1786349431,bench_mixed,0.00,0.00,0.0,0.822,0.003,67.699,6.976,0.00
1786349436,bench_mixed,0.00,0.00,0.0,0.822,0.003,67.699,6.976,0.00
1786349441,bench_mixed,0.00,0.00,0.0,0.822,0.003,67.699,6.977,0.00
1786349446,bench_mixed,0.00,0.00,0.0,0.822,0.003,67.699,6.979,0.00
1786349451,bench_mixed,0.00,0.00,0.0,0.822,0.003,67.699,6.979,0.00
1786349456,bench_mixed,0.00,0.00,0.0,0.822,0.003,67.699,6.979,0.00
1786349461,bench_mixed,0.00,0.00,0.0,0.822,0.003,67.699,6.980,0.00
1786349466,bench_mixed,0.00,0.00,0.0,0.822,0.003,67.699,6.978,0.00
1786349471,bench_mixed,0.00,0.00,0.0,0.822,0.003,67.699,6.979,0.00
1786349476,bench_mixed,0.00,0.00,0.0,0.822,0.003,67.699,6.981,0.00
1786349481,bench_mixed,0.00,0.00,0.0,0.822,0.003,67.699,6.981,0.00
1786349486,bench_mixed,0.00,0.00,0.0,0.822,0.003,67.699,6.974,0.00
1786349491,bench_mixed,0.00,0.00,0.0,0.822,0.003,67.699,6.981,0.00
1786349496,bench_mixed,0.00,0.00,0.0,0.822,0.003,67.699,6.981,0.00
1786349501,bench_mixed,0.00,0.00,0.0,0.822,0.003,67.699,6.979,0.00
1786349506,bench_mixed,0.00,0.00,0.0,0.822,0.003,67.699,6.979,0.00
1786349511,bench_mixed,0.00,0.00,0.0,0.822,0.003,67.699,6.980,0.00
1786349517,bench_mixed,0.00,0.00,0.0,0.822,0.003,67.699,6.980,0.00
1786349522,bench_mixed,0.00,0.00,0.0,0.822,0.003,67.699,6.981,0.00
1786349527,bench_mixed,0.00,0.00,0.0,0.822,0.003,67.699,6.981,0.00
1786349532,bench_mixed,0.00,0.00,0.0,0.822,0.003,67.699,6.981,0.00
1786349537,bench_mixed,0.00,0.00,0.0,0.822,0.003,67.699,6.981,0.00
1786349542,bench_mixed,0.00,0.00,0.0,0.822,0.003,67.699,6.982,0.00
1786349547,bench_mixed,0.00,0.00,0.0,0.822,0.003,67.699,6.982,0.00
1786349552,bench_mixed,0.00,0.00,0.0,0.822,0.003,67.699,6.982,0.00
1786349557,bench_mixed,0.00,0.00,0.0,0.822,0.003,67.699,6.982,0.00
1786349562,bench_mixed,0.00,0.00,0.0,0.822,0.003,67.699,6.983,0.00
1786349567,bench_mixed,0.00,0.00,0.0,0.822,0.003,67.699,6.985,0.00
1786349572,bench_mixed,0.00,0.00,0.0,0.822,0.003,67.699,6.984,0.00
1786349577,bench_mixed,0.00,0.00,0.0,0.822,0.003,67.699,6.984,0.00
1786349582,bench_mixed,0.00,0.00,0.0,0.822,0.003,67.699,6.983,0.00
1786349587,bench_mixed,0.00,0.00,0.0,0.822,0.003,67.699,6.984,0.00
1786349592,bench_mixed,0.00,0.00,0.0,0.822,0.003,67.699,6.985,0.00
1786349597,bench_mixed,0.00,0.00,0.0,0.822,0.003,67.699,6.985,0.00
1786349602,bench_mixed,0.00,0.00,0.0,0.822,0.003,67.699,6.983,0.00
1786349608,bench_mixed,0.00,0.00,0.0,0.822,0.003,67.699,6.985,0.00
1786349613,bench_mixed,0.00,0.00,0.0,0.822,0.003,67.699,6.982,0.00
1786349618,bench_mixed,0.00,0.00,0.0,0.822,0.003,67.699,6.981,0.00
1786349623,bench_mixed,0.00,0.00,0.0,0.822,0.003,67.699,6.983,0.00
1786349628,bench_mixed,0.00,0.00,0.0,0.822,0.003,67.699,6.983,0.00
1786349633,bench_mixed,0.00,0.00,0.0,0.822,0.003,67.699,6.984,0.00
1786349638,bench_mixed,0.00,0.00,0.0,0.822,0.003,67.699,6.984,0.00
1786349643,bench_mixed,0.00,0.00,0.0,0.822,0.003,67.699,6.983,0.00
1786349648,bench_mixed,0.00,0.00,0.0,0.822,0.003,67.699,6.983,0.00
1786349653,bench_mixed,0.00,0.00,0.0,0.822,0.003,67.699,6.984,0.00
1786349658,bench_mixed,0.00,0.00,0.0,0.822,0.003,67.699,6.983,0.00
1786349663,bench_mixed,0.00,0.00,0.0,0.822,0.003,67.699,6.984,0.00
1786349668,bench_mixed,0.00,0.00,0.0,0.822,0.003,67.699,6.984,0.00
1786349673,bench_mixed,0.00,0.00,0.0,0.822,0.003,67.699,6.982,0.00
1786349678,bench_mixed,0.00,0.00,0.0,0.822,0.003,67.699,6.983,0.00
1786349683,bench_mixed,0.00,0.00,0.0,0.822,0.003,67.699,6.971,0.03
1786349688,bench_mixed,0.00,0.00,0.0,0.822,0.003,67.699,6.966,0.02
1786349693,bench_mixed,0.00,0.00,0.0,0.822,0.003,67.699,6.967,0.00
1786349698,bench_mixed,0.00,0.00,0.0,0.822,0.003,67.699,6.966,0.00
1786349704,bench_mixed,0.00,0.00,0.0,0.822,0.003,67.699,6.966,0.00
1786349709,bench_mixed,0.00,0.00,0.0,0.822,0.003,67.699,6.965,0.00
1786349714,bench_mixed,0.00,0.00,0.0,0.822,0.003,67.699,6.969,0.00
1786349719,bench_mixed,0.00,0.00,0.0,0.822,0.003,67.699,6.969,0.00
1786349724,bench_mixed,0.00,0.00,0.0,0.822,0.003,67.699,6.970,0.00
1786349729,bench_mixed,0.00,0.00,0.0,0.822,0.003,67.699,6.971,0.00
1786349734,bench_mixed,0.00,0.00,0.0,0.822,0.003,67.699,6.969,0.00
1786349739,bench_mixed,0.00,0.00,0.0,0.822,0.003,67.699,6.970,0.00
1786349744,bench_mixed,0.00,0.00,0.0,0.822,0.003,67.699,6.974,0.00
1786349749,bench_mixed,0.00,0.00,0.0,0.822,0.003,67.699,6.973,0.00
1786349754,bench_mixed,0.00,0.00,0.0,0.822,0.003,67.699,6.974,0.00
1786349759,bench_mixed,0.00,0.00,0.0,0.822,0.003,67.699,6.975,0.00
1786349764,bench_mixed,0.00,0.00,0.0,0.822,0.003,67.699,6.975,0.00
1786349769,bench_mixed,0.00,0.00,0.0,0.822,0.003,67.699,6.975,0.00
1786349774,bench_mixed,0.00,0.00,0.0,0.822,0.003,67.699,6.977,0.00
1786349779,bench_mixed,0.00,0.00,0.0,0.822,0.003,67.699,6.976,0.00
1786349784,bench_mixed,0.00,0.00,0.0,0.822,0.003,67.699,6.977,0.00
1786349789,bench_mixed,0.00,0.00,0.0,0.822,0.003,67.699,6.978,0.00
1786349795,bench_mixed,0.00,0.00,0.0,0.822,0.003,67.699,6.976,0.00
1786349800,bench_mixed,0.00,0.00,0.0,0.822,0.003,67.699,6.977,0.00
1786349805,bench_mixed,0.00,0.00,0.0,0.822,0.003,67.699,6.979,0.00
1786349810,bench_mixed,0.00,0.00,0.0,0.822,0.003,67.699,6.979,0.00
1786349815,bench_mixed,0.00,0.00,0.0,0.822,0.003,67.699,6.978,0.00
1786349820,bench_mixed,0.00,0.00,0.0,0.822,0.003,67.699,6.979,0.00
1786349825,bench_mixed,0.00,0.00,0.0,0.822,0.003,67.699,6.978,0.00
1786349830,bench_mixed,0.00,0.00,0.0,0.822,0.003,67.699,6.978,0.00
1786349835,bench_mixed,0.00,0.00,0.0,0.822,0.003,67.699,6.978,0.00
1786349840,bench_mixed,0.00,0.00,0.0,0.822,0.003,67.699,6.979,0.00
1786349845,bench_mixed,0.00,0.00,0.0,0.822,0.003,67.699,6.979,0.00
1786349850,bench_mixed,0.00,0.00,0.0,0.822,0.003,67.699,6.979,0.00
1786349855,bench_mixed,0.00,0.00,0.0,0.822,0.003,67.699,6.983,0.00
1786349860,bench_mixed,0.00,0.00,0.0,0.822,0.003,67.699,6.983,0.00
1786349865,bench_mixed,0.00,0.00,0.0,0.822,0.003,67.699,6.982,0.00
1786349870,bench_mixed,0.00,0.00,0.0,0.822,0.003,67.699,6.982,0.00
1786349875,bench_mixed,0.00,0.00,0.0,0.822,0.003,67.699,6.980,0.00
1786349880,bench_mixed,0.00,0.00,0.0,0.822,0.003,67.699,6.981,0.00
1786349886,bench_mixed,0.00,0.00,0.0,0.822,0.003,67.699,6.981,0.00
1786349891,bench_mixed,0.00,0.00,0.0,0.822,0.003,67.699,6.983,0.00
1786349896,bench_mixed,0.00,0.00,0.0,0.822,0.003,67.699,6.984,0.00
1786349901,bench_mixed,0.00,0.00,0.0,0.822,0.003,67.699,6.981,0.00
1786349906,bench_mixed,0.00,0.00,0.0,0.822,0.003,67.699,6.982,0.00
1786349911,bench_mixed,0.00,0.00,0.0,0.822,0.003,67.699,6.984,0.00
1786349916,bench_mixed,0.00,0.00,0.0,0.822,0.003,67.699,6.984,0.00
1786349921,bench_mixed,0.00,0.00,0.0,0.822,0.003,67.699,6.983,0.00
1786349926,bench_mixed,0.00,0.00,0.0,0.822,0.003,67.699,6.983,0.00
1786349931,bench_mixed,0.00,0.00,0.0,0.822,0.003,67.699,6.981,0.00
1786349936,bench_mixed,0.00,0.00,0.0,0.822,0.003,67.699,6.981,0.00
1786349941,bench_mixed,0.00,0.00,0.0,0.822,0.003,67.699,6.982,0.00
1786349946,bench_mixed,0.00,0.00,0.0,0.822,0.003,67.699,6.983,0.00
1786349951,bench_mixed,0.00,0.00,0.0,0.822,0.003,67.699,6.981,0.00
1786349956,bench_mixed,0.00,0.00,0.0,0.822,0.003,67.699,6.981,0.00
1786349961,bench_mixed,0.00,0.00,0.0,0.822,0.003,67.699,6.981,0.00
1786349966,bench_mixed,0.00,0.00,0.0,0.822,0.003,67.699,6.981,0.00
1786349971,bench_mixed,0.00,0.00,0.0,0.822,0.003,67.699,6.981,0.00
1786349977,bench_mixed,0.00,0.00,0.0,0.822,0.003,67.699,6.981,0.00
1786349982,bench_mixed,0.00,0.00,0.0,0.822,0.003,67.699,6.983,0.00
1786349987,bench_mixed,0.00,0.00,0.0,0.822,0.003,67.699,6.969,0.06
1786349992,bench_mixed,0.00,0.00,0.0,0.822,0.003,67.699,6.972,0.00
1786349997,bench_mixed,0.00,0.00,0.0,0.822,0.003,67.699,6.972,0.00
1786350002,bench_mixed,0.00,0.00,0.0,0.822,0.003,67.699,6.975,0.00
1786350007,bench_mixed,0.00,0.00,0.0,0.822,0.003,67.699,6.975,0.00
1786350012,bench_mixed,0.00,0.00,0.0,0.822,0.003,67.699,6.976,0.00
1786350017,bench_mixed,0.00,0.00,0.0,0.822,0.003,67.699,6.976,0.00
1786350022,bench_mixed,0.00,0.00,0.0,0.822,0.003,67.699,6.977,0.00
1786350027,bench_mixed,0.00,0.00,0.0,0.822,0.003,67.699,6.977,0.00
1786350032,bench_mixed,0.00,0.00,0.0,0.822,0.003,67.699,6.978,0.00
1786350037,bench_mixed,0.00,0.00,0.0,0.822,0.003,67.699,6.978,0.00
1786350042,bench_mixed,0.00,0.00,0.0,0.822,0.003,67.699,6.978,0.00
1786350047,bench_mixed,0.00,0.00,0.0,0.822,0.003,67.699,6.979,0.00
1786350052,bench_mixed,0.00,0.00,0.0,0.822,0.003,67.699,6.976,0.00
1786350057,bench_mixed,0.00,0.00,0.0,0.822,0.003,67.699,6.976,0.00
1786350062,bench_mixed,0.00,0.00,0.0,0.822,0.003,67.699,6.974,0.00
1786350067,bench_mixed,0.00,0.00,0.0,0.822,0.003,67.699,6.974,0.00
1786350073,bench_mixed,0.00,0.00,0.0,0.822,0.003,67.699,6.973,0.00
1786350078,bench_mixed,0.00,0.00,0.0,0.822,0.003,67.699,6.973,0.00
1786350083,bench_mixed,0.00,0.00,0.0,0.822,0.003,67.699,6.972,0.00
1786350088,bench_mixed,0.00,0.00,0.0,0.822,0.003,67.699,6.972,0.00
1786350093,bench_mixed,0.00,0.00,0.0,0.822,0.003,67.699,6.973,0.00
1786350098,bench_mixed,0.00,0.00,0.0,0.822,0.003,67.699,6.974,0.00
1786350103,bench_mixed,0.00,0.00,0.0,0.822,0.003,67.699,6.972,0.00
1786350108,bench_mixed,0.00,0.00,0.0,0.822,0.003,67.699,6.974,0.00
1786350113,bench_mixed,0.00,0.00,0.0,0.822,0.003,67.699,6.978,0.00
1786350118,bench_mixed,0.00,0.00,0.0,0.822,0.003,67.699,6.979,0.00
1786350123,bench_mixed,0.00,0.00,0.0,0.822,0.003,67.699,6.979,0.00
1786350128,bench_mixed,0.00,0.00,0.0,0.822,0.003,67.699,6.980,0.00
1786350133,bench_mixed,0.00,0.00,0.0,0.822,0.003,67.699,6.979,0.00
1786350138,bench_mixed,0.00,0.00,0.0,0.822,0.003,67.699,6.981,0.00
1786350143,bench_mixed,0.00,0.00,0.0,0.822,0.003,67.699,6.979,0.00
1786350148,bench_mixed,0.00,0.00,0.0,0.822,0.003,67.699,6.979,0.00
1786350153,bench_mixed,0.00,0.00,0.0,0.822,0.003,67.699,6.982,0.00
1786350158,bench_mixed,0.00,0.00,0.0,0.822,0.003,67.699,6.983,0.00
1786350164,bench_mixed,0.00,0.00,0.0,0.822,0.003,67.699,6.984,0.00
1786350169,bench_mixed,0.00,0.00,0.0,0.822,0.003,67.699,6.985,0.00
1786350174,bench_mixed,0.00,0.00,0.0,0.822,0.003,67.699,6.983,0.00
1786350179,bench_mixed,0.00,0.00,0.0,0.822,0.003,67.699,6.983,0.00
1786350184,bench_mixed,0.00,0.00,0.0,0.822,0.003,67.699,6.984,0.00
1786350189,bench_mixed,0.00,0.00,0.0,0.822,0.003,67.699,6.985,0.00
1786350194,bench_mixed,0.00,0.00,0.0,0.822,0.003,67.699,6.982,0.00
1786350199,bench_mixed,0.00,0.00,0.0,0.822,0.003,67.699,6.982,0.00
1786350204,bench_mixed,0.00,0.00,0.0,0.822,0.003,67.699,6.981,0.00
1786350209,bench_mixed,0.00,0.00,0.0,0.822,0.003,67.699,6.982,0.00
1786350214,bench_mixed,0.00,0.00,0.0,0.822,0.003,67.699,6.982,0.00
1786350219,bench_mixed,0.00,0.00,0.0,0.822,0.003,67.699,6.982,0.00
1786350224,bench_mixed,0.00,0.00,0.0,0.822,0.003,67.699,6.980,0.00
1786350229,bench_mixed,0.00,0.00,0.0,0.822,0.003,67.699,6.981,0.00
1786350234,bench_mixed,0.00,0.00,0.0,0.822,0.003,67.699,6.980,0.00
1786350239,bench_mixed,0.00,0.00,0.0,0.822,0.003,67.699,6.981,0.00
1786350244,bench_mixed,0.00,0.00,0.0,0.822,0.003,67.699,6.981,0.00
1786350249,bench_mixed,0.00,0.00,0.0,0.822,0.003,67.699,6.981,0.00
1786350254,bench_mixed,0.00,0.00,0.0,0.822,0.003,67.699,6.981,0.00
1786350260,bench_mixed,0.00,0.00,0.0,0.822,0.003,67.699,6.980,0.00
1786350265,bench_mixed,0.00,0.00,0.0,0.822,0.003,67.699,6.980,0.00
1786350270,bench_mixed,0.00,0.00,0.0,0.822,0.003,67.699,6.982,0.00
1786350275,bench_mixed,0.00,0.00,0.0,0.822,0.003,67.699,6.982,0.00
1786350280,bench_mixed,0.00,0.00,0.0,0.822,0.003,67.699,6.981,0.00
1786350285,bench_mixed,0.00,0.00,0.0,0.822,0.003,67.699,6.966,0.05
1786350290,bench_mixed,0.00,0.00,0.0,0.822,0.003,67.699,6.970,0.01
1786350295,bench_mixed,0.00,0.00,0.0,0.822,0.003,67.699,6.970,0.00
1786350300,bench_mixed,0.00,0.00,0.0,0.822,0.003,67.699,6.975,0.00
1786350305,bench_mixed,0.00,0.00,0.0,0.822,0.003,67.699,6.976,0.00
1786350310,bench_mixed,0.00,0.00,0.0,0.822,0.003,67.699,6.975,0.00
1786350315,bench_mixed,0.00,0.00,0.0,0.822,0.003,67.699,6.975,0.00
1786350320,bench_mixed,0.00,0.00,0.0,0.822,0.003,67.699,6.976,0.00
1786350325,bench_mixed,0.00,0.00,0.0,0.822,0.003,67.699,6.977,0.00
1786350330,bench_mixed,0.00,0.00,0.0,0.822,0.003,67.699,6.976,0.00
1786350335,bench_mixed,0.00,0.00,0.0,0.822,0.003,67.699,6.976,0.00
1786350340,bench_mixed,0.00,0.00,0.0,0.822,0.003,67.699,6.977,0.00
1786350345,bench_mixed,0.00,0.00,0.0,0.822,0.003,67.699,6.977,0.00
1786350351,bench_mixed,0.00,0.00,0.0,0.822,0.003,67.699,6.976,0.00
1786350356,bench_mixed,0.00,0.00,0.0,0.822,0.003,67.699,6.976,0.00
1786350361,bench_mixed,0.00,0.00,0.0,0.822,0.003,67.699,6.976,0.00
1786350366,bench_mixed,0.00,0.00,0.0,0.822,0.003,67.699,6.976,0.00
1786350371,bench_mixed,0.00,0.00,0.0,0.822,0.003,67.699,6.976,0.00
1786350376,bench_mixed,0.00,0.00,0.0,0.822,0.003,67.699,6.977,0.00
1786350381,bench_mixed,0.00,0.00,0.0,0.822,0.003,67.699,6.976,0.00
1786350386,bench_mixed,0.00,0.00,0.0,0.822,0.003,67.699,6.976,0.00
1786350391,bench_mixed,0.00,0.00,0.0,0.822,0.003,67.699,6.978,0.00
1786350396,bench_mixed,0.00,0.00,0.0,0.822,0.003,67.699,6.978,0.00
1786350401,bench_mixed,0.00,0.00,0.0,0.822,0.003,67.699,6.979,0.00
1786350406,bench_mixed,0.00,0.00,0.0,0.822,0.003,67.699,6.979,0.00
1786350411,bench_mixed,0.00,0.00,0.0,0.822,0.003,67.699,6.979,0.00
1786350416,bench_mixed,0.00,0.00,0.0,0.822,0.003,67.699,6.979,0.00
1786350421,bench_mixed,0.00,0.00,0.0,0.822,0.003,67.699,6.979,0.00
1786350426,bench_mixed,0.00,0.00,0.0,0.822,0.003,67.699,6.979,0.00
1786350431,bench_mixed,0.00,0.00,0.0,0.822,0.003,67.699,6.981,0.00
1786350436,bench_mixed,0.00,0.00,0.0,0.822,0.003,67.699,6.981,0.00
1786350441,bench_mixed,0.00,0.00,0.0,0.822,0.003,67.699,6.979,0.00
1786350447,bench_mixed,0.00,0.00,0.0,0.822,0.003,67.699,6.980,0.00
1786350452,bench_mixed,0.00,0.00,0.0,0.822,0.003,67.699,6.978,0.00
1786350457,bench_mixed,0.00,0.00,0.0,0.822,0.003,67.699,6.979,0.00
1786350462,bench_mixed,0.00,0.00,0.0,0.822,0.003,67.699,6.977,0.00
1786350467,bench_mixed,0.00,0.00,0.0,0.822,0.003,67.699,6.977,0.00
1786350472,bench_mixed,0.00,0.00,0.0,0.822,0.003,67.699,6.979,0.00
1786350477,bench_mixed,0.00,0.00,0.0,0.822,0.003,67.699,6.979,0.00
1786350482,bench_mixed,0.00,0.00,0.0,0.822,0.003,67.699,6.980,0.00
1786350487,bench_mixed,0.00,0.00,0.0,0.822,0.003,67.699,6.980,0.00
1786350492,bench_mixed,0.00,0.00,0.0,0.822,0.003,67.699,6.982,0.00
1786350497,bench_mixed,0.00,0.00,0.0,0.822,0.003,67.699,6.982,0.00
1786350502,bench_mixed,0.00,0.00,0.0,0.822,0.003,67.699,6.984,0.00
1786350507,bench_mixed,0.00,0.00,0.0,0.822,0.003,67.699,6.984,0.00
1786350512,bench_mixed,0.00,0.00,0.0,0.822,0.003,67.699,6.984,0.00
1786350517,bench_mixed,0.00,0.00,0.0,0.822,0.003,67.699,6.984,0.00
1786350522,bench_mixed,0.00,0.00,0.0,0.822,0.003,67.699,6.986,0.00
1786350527,bench_mixed,0.00,0.00,0.0,0.822,0.003,67.699,6.987,0.00
1786350532,bench_mixed,0.00,0.00,0.0,0.822,0.003,67.699,6.984,0.00
1786350538,bench_mixed,0.00,0.00,0.0,0.822,0.003,67.699,6.985,0.00
1786350543,bench_mixed,0.00,0.00,0.0,0.822,0.003,67.699,6.983,0.00
1786350548,bench_mixed,0.00,0.00,0.0,0.822,0.003,67.699,6.983,0.00
1786350553,bench_mixed,0.00,0.00,0.0,0.822,0.003,67.699,6.983,0.00
1786350558,bench_mixed,0.00,0.00,0.0,0.822,0.003,67.699,6.983,0.00
1786350563,bench_mixed,0.00,0.00,0.0,0.822,0.003,67.699,6.982,0.00
1786350568,bench_mixed,0.00,0.00,0.0,0.822,0.003,67.699,6.983,0.00
1786350573,bench_mixed,0.00,0.00,0.0,0.822,0.003,67.699,6.983,0.00
1786350578,bench_mixed,0.00,0.00,0.0,0.822,0.003,67.699,6.983,0.00
1786350583,bench_mixed,0.00,0.00,0.0,0.822,0.003,67.699,6.972,0.03
1786350588,bench_mixed,0.00,0.00,0.0,0.822,0.003,67.699,6.968,0.03
1786350593,bench_mixed,0.00,0.00,0.0,0.822,0.003,67.699,6.967,0.00
1786350598,bench_mixed,0.00,0.00,0.0,0.822,0.003,67.699,6.968,0.00
1786350603,bench_mixed,0.00,0.00,0.0,0.822,0.003,67.699,6.960,0.00
1786350608,bench_mixed,0.00,0.00,0.0,0.822,0.003,67.699,6.968,0.00
1786350613,bench_mixed,0.00,0.00,0.0,0.822,0.003,67.699,6.968,0.00
1786350618,bench_mixed,0.00,0.00,0.0,0.822,0.003,67.699,6.968,0.00
1786350623,bench_mixed,0.00,0.00,0.0,0.822,0.003,67.699,6.968,0.00
1786350628,bench_mixed,0.00,0.00,0.0,0.822,0.003,67.699,6.969,0.00
1786350634,bench_mixed,0.00,0.00,0.0,0.822,0.003,67.699,6.969,0.00
1786350639,bench_mixed,0.00,0.00,0.0,0.822,0.003,67.699,6.971,0.00
1786350644,bench_mixed,0.00,0.00,0.0,0.822,0.003,67.699,6.971,0.00
1786350649,bench_mixed,0.00,0.00,0.0,0.822,0.003,67.699,6.975,0.00
1786350654,bench_mixed,0.00,0.00,0.0,0.822,0.003,67.699,6.976,0.00
1786350659,bench_mixed,0.00,0.00,0.0,0.822,0.003,67.699,6.978,0.00
1786350664,bench_mixed,0.00,0.00,0.0,0.822,0.003,67.699,6.978,0.00
1786350669,bench_mixed,0.00,0.00,0.0,0.822,0.003,67.699,6.978,0.00
1786350674,bench_mixed,0.00,0.00,0.0,0.822,0.003,67.699,6.978,0.00
1786350679,bench_mixed,0.00,0.00,0.0,0.822,0.003,67.699,6.977,0.00
1786350684,bench_mixed,0.00,0.00,0.0,0.822,0.003,67.699,6.978,0.00
1786350689,bench_mixed,0.00,0.00,0.0,0.822,0.003,67.699,6.979,0.00
1786350694,bench_mixed,0.00,0.00,0.0,0.822,0.003,67.699,6.979,0.00
1786350699,bench_mixed,0.00,0.00,0.0,0.822,0.003,67.699,6.978,0.00
1786350704,bench_mixed,0.00,0.00,0.0,0.822,0.003,67.699,6.977,0.00
1786350709,bench_mixed,0.00,0.00,0.0,0.822,0.003,67.699,6.978,0.00
1786350714,bench_mixed,0.00,0.00,0.0,0.822,0.003,67.699,6.977,0.00
1786350719,bench_mixed,0.00,0.00,0.0,0.822,0.003,67.699,6.977,0.00
1786350725,bench_mixed,0.00,0.00,0.0,0.822,0.003,67.699,6.977,0.00
1786350730,bench_mixed,0.00,0.00,0.0,0.822,0.003,67.699,6.976,0.00
1786350735,bench_mixed,0.00,0.00,0.0,0.822,0.003,67.699,6.976,0.00
1786350740,bench_mixed,0.00,0.00,0.0,0.822,0.003,67.699,6.977,0.00
1786350745,bench_mixed,0.00,0.00,0.0,0.822,0.003,67.699,6.978,0.00
1786350750,bench_mixed,0.00,0.00,0.0,0.822,0.003,67.699,6.977,0.00
1786350755,bench_mixed,0.00,0.00,0.0,0.822,0.003,67.699,6.978,0.00
1786350760,bench_mixed,0.00,0.00,0.0,0.822,0.003,67.699,6.980,0.00
1786350765,bench_mixed,0.00,0.00,0.0,0.822,0.003,67.699,6.981,0.00
1786350770,bench_mixed,0.00,0.00,0.0,0.822,0.003,67.699,6.979,0.00
1786350775,bench_mixed,0.00,0.00,0.0,0.822,0.003,67.699,6.979,0.00
1786350780,bench_mixed,0.00,0.00,0.0,0.822,0.003,67.699,6.978,0.00
1786350785,bench_mixed,0.00,0.00,0.0,0.822,0.003,67.699,6.978,0.00
1786350790,bench_mixed,0.00,0.00,0.0,0.822,0.003,67.699,6.980,0.00
1786350795,bench_mixed,0.00,0.00,0.0,0.822,0.003,67.699,6.980,0.00
1786350800,bench_mixed,0.00,0.00,0.0,0.822,0.003,67.699,6.979,0.00
1786350805,bench_mixed,0.00,0.00,0.0,0.822,0.003,67.699,6.977,0.00
1786350810,bench_mixed,0.00,0.00,0.0,0.822,0.003,67.699,6.977,0.00
1786350815,bench_mixed,0.00,0.00,0.0,0.822,0.003,67.699,6.978,0.00
1786350821,bench_mixed,0.00,0.00,0.0,0.822,0.003,67.699,6.980,0.00
1786350826,bench_mixed,0.00,0.00,0.0,0.822,0.003,67.699,6.980,0.00
1786350831,bench_mixed,0.00,0.00,0.0,0.822,0.003,67.699,6.983,0.00
1786350836,bench_mixed,0.00,0.00,0.0,0.822,0.003,67.699,6.983,0.00
1786350841,bench_mixed,0.00,0.00,0.0,0.822,0.003,67.699,6.982,0.00
1786350846,bench_mixed,0.00,0.00,0.0,0.822,0.003,67.699,6.981,0.00
1786350851,bench_mixed,0.00,0.00,0.0,0.822,0.003,67.699,6.982,0.00
1786350856,bench_mixed,0.00,0.00,0.0,0.822,0.003,67.699,6.982,0.00
1786350861,bench_mixed,0.00,0.00,0.0,0.822,0.003,67.699,6.982,0.00
1786350866,bench_mixed,0.00,0.00,0.0,0.822,0.003,67.699,6.982,0.00
1786350871,bench_mixed,0.00,0.00,0.0,0.822,0.003,67.699,6.981,0.00
1786350876,bench_mixed,0.00,0.00,0.0,0.822,0.003,67.699,6.981,0.00
1786350881,bench_mixed,0.00,0.00,0.0,0.822,0.003,67.699,6.981,0.00
1786350886,bench_mixed,0.00,0.00,0.0,0.822,0.003,67.699,6.967,0.06
1786350891,bench_mixed,0.00,0.00,0.0,0.822,0.003,67.699,6.968,0.00
1786350896,bench_mixed,0.00,0.00,0.0,0.822,0.003,67.699,6.969,0.00
1786350901,bench_mixed,0.00,0.00,0.0,0.822,0.003,67.699,6.970,0.00
1786350906,bench_mixed,0.00,0.00,0.0,0.822,0.003,67.699,6.970,0.00
1786350912,bench_mixed,0.00,0.00,0.0,0.822,0.003,67.699,6.972,0.00
1786350917,bench_mixed,0.00,0.00,0.0,0.822,0.003,67.699,6.972,0.00
1786350922,bench_mixed,0.00,0.00,0.0,0.822,0.003,67.699,6.970,0.00
1786350927,bench_mixed,0.00,0.00,0.0,0.822,0.003,67.699,6.970,0.00
1786350932,bench_mixed,0.00,0.00,0.0,0.822,0.003,67.699,6.973,0.00
1786350937,bench_mixed,0.00,0.00,0.0,0.822,0.003,67.699,6.974,0.00
1786350942,bench_mixed,0.00,0.00,0.0,0.822,0.003,67.699,6.975,0.00
1786350947,bench_mixed,0.00,0.00,0.0,0.822,0.003,67.699,6.976,0.00
1786350952,bench_mixed,0.00,0.00,0.0,0.822,0.003,67.699,6.975,0.00
1786350957,bench_mixed,0.00,0.00,0.0,0.822,0.003,67.699,6.975,0.00
1786350962,bench_mixed,0.00,0.00,0.0,0.822,0.003,67.699,6.974,0.00
1786350967,bench_mixed,0.00,0.00,0.0,0.822,0.003,67.699,6.975,0.00
1786350972,bench_mixed,0.00,0.00,0.0,0.822,0.003,67.699,6.973,0.00
1786350977,bench_mixed,0.00,0.00,0.0,0.822,0.003,67.699,6.975,0.00
1786350982,bench_mixed,0.00,0.00,0.0,0.822,0.003,67.699,6.975,0.00
1786350987,bench_mixed,0.00,0.00,0.0,0.822,0.003,67.699,6.973,0.00
1786350992,bench_mixed,0.00,0.00,0.0,0.822,0.003,67.699,6.972,0.00
1786350997,bench_mixed,0.00,0.00,0.0,0.822,0.003,67.699,6.971,0.00
1786351002,bench_mixed,0.00,0.00,0.0,0.822,0.003,67.699,6.970,0.00
1786351008,bench_mixed,0.00,0.00,0.0,0.822,0.003,67.699,6.970,0.00
1786351013,bench_mixed,0.00,0.00,0.0,0.822,0.003,67.699,6.972,0.00
1786351018,bench_mixed,0.00,0.00,0.0,0.822,0.003,67.699,6.976,0.00
1786351023,bench_mixed,0.00,0.00,0.0,0.822,0.003,67.699,6.976,0.00
1786351028,bench_mixed,0.00,0.00,0.0,0.822,0.003,67.699,6.978,0.00
1786351033,bench_mixed,0.00,0.00,0.0,0.822,0.003,67.699,6.977,0.00
1786351038,bench_mixed,0.00,0.00,0.0,0.822,0.003,67.699,6.978,0.00
1786351043,bench_mixed,0.00,0.00,0.0,0.822,0.003,67.699,6.978,0.00
1786351048,bench_mixed,0.00,0.00,0.0,0.822,0.003,67.699,6.978,0.00
1786351053,bench_mixed,0.00,0.00,0.0,0.822,0.003,67.699,6.978,0.00
1786351058,bench_mixed,0.00,0.00,0.0,0.822,0.003,67.699,6.978,0.00
1786351063,bench_mixed,0.00,0.00,0.0,0.822,0.003,67.699,6.978,0.00
1786351068,bench_mixed,0.00,0.00,0.0,0.822,0.003,67.699,6.976,0.00
1786351073,bench_mixed,0.00,0.00,0.0,0.822,0.003,67.699,6.976,0.00
1786351078,bench_mixed,0.00,0.00,0.0,0.822,0.003,67.699,6.977,0.00
1786351083,bench_mixed,0.00,0.00,0.0,0.822,0.003,67.699,6.977,0.00
1786351088,bench_mixed,0.00,0.00,0.0,0.822,0.003,67.699,6.978,0.00
1786351093,bench_mixed,0.00,0.00,0.0,0.822,0.003,67.699,6.978,0.00
1786351099,bench_mixed,0.00,0.00,0.0,0.822,0.003,67.699,6.976,0.00
1786351104,bench_mixed,0.00,0.00,0.0,0.822,0.003,67.699,6.977,0.00
1786351109,bench_mixed,0.00,0.00,0.0,0.822,0.003,67.699,6.978,0.00
1786351114,bench_mixed,0.00,0.00,0.0,0.822,0.003,67.699,6.977,0.00
1786351119,bench_mixed,0.00,0.00,0.0,0.822,0.003,67.699,6.981,0.00
1786351124,bench_mixed,0.00,0.00,0.0,0.822,0.003,67.699,6.981,0.00
1786351129,bench_mixed,0.00,0.00,0.0,0.822,0.003,67.699,6.981,0.00
1786351134,bench_mixed,0.00,0.00,0.0,0.822,0.003,67.699,6.981,0.00
1786351139,bench_mixed,0.00,0.00,0.0,0.822,0.003,67.699,6.980,0.00
1786351144,bench_mixed,0.00,0.00,0.0,0.822,0.003,67.699,6.981,0.00
1786351149,bench_mixed,0.00,0.00,0.0,0.822,0.003,67.699,6.980,0.00
1786351154,bench_mixed,0.00,0.00,0.0,0.822,0.003,67.699,6.980,0.00
1786351159,bench_mixed,0.00,0.00,0.0,0.822,0.003,67.699,6.979,0.00
1786351164,bench_mixed,0.00,0.00,0.0,0.822,0.003,67.699,6.979,0.00
1786351169,bench_mixed,0.00,0.00,0.0,0.822,0.003,67.699,6.979,0.00
1786351174,bench_mixed,0.00,0.00,0.0,0.822,0.003,67.699,6.979,0.00
1786351179,bench_mixed,0.00,0.00,0.0,0.822,0.003,67.699,6.980,0.00
1786351184,bench_mixed,0.00,0.00,0.0,0.822,0.003,67.699,6.968,0.04
1786351189,bench_mixed,0.00,0.00,0.0,0.822,0.003,67.699,6.973,0.01
1786351195,bench_mixed,0.00,0.00,0.0,0.822,0.003,67.699,6.973,0.00
1786351200,bench_mixed,0.00,0.00,0.0,0.822,0.003,67.699,6.973,0.00
1786351205,bench_mixed,0.00,0.00,0.0,0.822,0.003,67.699,6.973,0.00
1786351210,bench_mixed,0.00,0.00,0.0,0.822,0.003,67.699,6.975,0.00
1786351215,bench_mixed,0.00,0.00,0.0,0.822,0.003,67.699,6.976,0.00
1786351220,bench_mixed,0.00,0.00,0.0,0.822,0.003,67.699,6.977,0.00
1786351225,bench_mixed,0.00,0.00,0.0,0.822,0.003,67.699,6.979,0.00
1786351230,bench_mixed,0.00,0.00,0.0,0.822,0.003,67.699,6.978,0.00
1786351235,bench_mixed,0.00,0.00,0.0,0.822,0.003,67.699,6.978,0.00
1786351240,bench_mixed,0.00,0.00,0.0,0.822,0.003,67.699,6.980,0.00
1786351245,bench_mixed,0.00,0.00,0.0,0.822,0.003,67.699,6.981,0.00
1786351250,bench_mixed,0.00,0.00,0.0,0.822,0.003,67.699,6.980,0.00
1786351255,bench_mixed,0.00,0.00,0.0,0.822,0.003,67.699,6.980,0.00
1786351260,bench_mixed,0.00,0.00,0.0,0.822,0.003,67.699,6.977,0.00
1786351265,bench_mixed,0.00,0.00,0.0,0.822,0.003,67.699,6.976,0.00
1786351270,bench_mixed,0.00,0.00,0.0,0.822,0.003,67.699,6.977,0.00
1786351275,bench_mixed,0.00,0.00,0.0,0.822,0.003,67.699,6.978,0.00
1786351280,bench_mixed,0.00,0.00,0.0,0.822,0.003,67.699,6.978,0.00
1786351286,bench_mixed,0.00,0.00,0.0,0.822,0.003,67.699,6.979,0.00
1786351291,bench_mixed,0.00,0.00,0.0,0.822,0.003,67.699,6.978,0.00
1786351296,bench_mixed,0.00,0.00,0.0,0.822,0.003,67.699,6.979,0.00
1786351301,bench_mixed,0.00,0.00,0.0,0.822,0.003,67.699,6.979,0.00
1786351306,bench_mixed,0.00,0.00,0.0,0.822,0.003,67.699,6.979,0.00
1786351311,bench_mixed,0.00,0.00,0.0,0.822,0.003,67.699,6.978,0.00
1786351316,bench_mixed,0.00,0.00,0.0,0.822,0.003,67.699,6.978,0.00
1786351321,bench_mixed,0.00,0.00,0.0,0.822,0.003,67.699,6.976,0.00
1786351326,bench_mixed,0.00,0.00,0.0,0.822,0.003,67.699,6.977,0.00
1786351331,bench_mixed,0.00,0.00,0.0,0.822,0.003,67.699,6.976,0.00
1786351336,bench_mixed,0.00,0.00,0.0,0.822,0.003,67.699,6.976,0.00
1786351341,bench_mixed,0.00,0.00,0.0,0.822,0.003,67.699,6.976,0.00
1786351346,bench_mixed,0.00,0.00,0.0,0.822,0.003,67.699,6.979,0.00
1786351351,bench_mixed,0.00,0.00,0.0,0.822,0.003,67.699,6.979,0.00
1786351356,bench_mixed,0.00,0.00,0.0,0.822,0.003,67.699,6.980,0.00
1786351361,bench_mixed,0.00,0.00,0.0,0.822,0.003,67.699,6.980,0.00
1786351366,bench_mixed,0.00,0.00,0.0,0.822,0.003,67.699,6.980,0.00
1786351371,bench_mixed,0.00,0.00,0.0,0.822,0.003,67.699,6.980,0.00
1786351376,bench_mixed,0.00,0.00,0.0,0.822,0.003,67.699,6.979,0.00
1786351382,bench_mixed,0.00,0.00,0.0,0.822,0.003,67.699,6.980,0.00
1786351387,bench_mixed,0.00,0.00,0.0,0.822,0.003,67.699,6.980,0.00
1786351392,bench_mixed,0.00,0.00,0.0,0.822,0.003,67.699,6.980,0.00
1786351397,bench_mixed,0.00,0.00,0.0,0.822,0.003,67.699,6.981,0.00
1786351402,bench_mixed,0.00,0.00,0.0,0.822,0.003,67.699,6.981,0.00
1786351407,bench_mixed,0.00,0.00,0.0,0.822,0.003,67.699,6.983,0.00
1786351412,bench_mixed,0.00,0.00,0.0,0.822,0.003,67.699,6.983,0.00
1786351417,bench_mixed,0.00,0.00,0.0,0.822,0.003,67.699,6.981,0.00
1786351422,bench_mixed,0.00,0.00,0.0,0.822,0.003,67.699,6.981,0.00
1786351427,bench_mixed,0.00,0.00,0.0,0.822,0.003,67.699,6.986,0.00
1786351432,bench_mixed,0.00,0.00,0.0,0.822,0.003,67.699,6.986,0.00
1786351437,bench_mixed,0.00,0.00,0.0,0.822,0.003,67.699,6.989,0.00
1786351442,bench_mixed,0.00,0.00,0.0,0.822,0.003,67.699,6.988,0.00
1786351447,bench_mixed,0.00,0.00,0.0,0.822,0.003,67.699,6.988,0.00
1786351452,bench_mixed,0.00,0.00,0.0,0.822,0.003,67.699,6.988,0.00
1786351457,bench_mixed,0.00,0.00,0.0,0.822,0.003,67.699,6.984,0.00
1786351462,bench_mixed,0.00,0.00,0.0,0.822,0.003,67.699,6.984,0.00
1786351467,bench_mixed,0.00,0.00,0.0,0.822,0.003,67.699,6.986,0.00
1786351473,bench_mixed,0.00,0.00,0.0,0.822,0.003,67.699,6.986,0.00
1786351478,bench_mixed,0.00,0.00,0.0,0.822,0.003,67.699,6.985,0.00
1786351483,bench_mixed,0.00,0.00,0.0,0.822,0.003,67.699,6.984,0.00
1786351488,bench_mixed,0.00,0.00,0.0,0.822,0.003,67.699,6.972,0.06
1786351493,bench_mixed,0.00,0.00,0.0,0.822,0.003,67.699,6.972,0.00
1786351498,bench_mixed,0.00,0.00,0.0,0.822,0.003,67.699,6.972,0.00
1786351503,bench_mixed,0.00,0.00,0.0,0.822,0.003,67.699,6.972,0.00
1786351508,bench_mixed,0.00,0.00,0.0,0.822,0.003,67.699,6.974,0.00
1786351513,bench_mixed,0.00,0.00,0.0,0.822,0.003,67.699,6.974,0.00
1786351518,bench_mixed,0.00,0.00,0.0,0.822,0.003,67.699,6.973,0.00
1786351523,bench_mixed,0.00,0.00,0.0,0.822,0.003,67.699,6.973,0.00
1786351528,bench_mixed,0.00,0.00,0.0,0.822,0.003,67.699,6.975,0.00
1786351533,bench_mixed,0.00,0.00,0.0,0.822,0.003,67.699,6.975,0.00
1786351538,bench_mixed,0.00,0.00,0.0,0.822,0.003,67.699,6.974,0.00
1786351543,bench_mixed,0.00,0.00,0.0,0.822,0.003,67.699,6.974,0.00
1786351548,bench_mixed,0.00,0.00,0.0,0.822,0.003,67.699,6.976,0.00
1786351553,bench_mixed,0.00,0.00,0.0,0.822,0.003,67.699,6.976,0.00
1786351558,bench_mixed,0.00,0.00,0.0,0.822,0.003,67.699,6.976,0.00
1786351563,bench_mixed,0.00,0.00,0.0,0.822,0.003,67.699,6.977,0.00
1786351569,bench_mixed,0.00,0.00,0.0,0.822,0.003,67.699,6.976,0.00
1786351574,bench_mixed,0.00,0.00,0.0,0.822,0.003,67.699,6.976,0.00
1786351579,bench_mixed,0.00,0.00,0.0,0.822,0.003,67.699,6.975,0.00
1786351584,bench_mixed,0.00,0.00,0.0,0.822,0.003,67.699,6.976,0.00
1786351589,bench_mixed,0.00,0.00,0.0,0.822,0.003,67.699,6.977,0.00
1786351594,bench_mixed,0.00,0.00,0.0,0.822,0.003,67.699,6.979,0.00
1786351599,bench_mixed,0.00,0.00,0.0,0.822,0.003,67.699,6.978,0.00
1786351604,bench_mixed,0.00,0.00,0.0,0.822,0.003,67.699,6.978,0.00
1786351609,bench_mixed,0.00,0.00,0.0,0.822,0.003,67.699,6.977,0.00
1786351614,bench_mixed,0.00,0.00,0.0,0.822,0.003,67.699,6.977,0.00
1786351619,bench_mixed,0.00,0.00,0.0,0.822,0.003,67.699,6.978,0.00
1786351624,bench_mixed,0.00,0.00,0.0,0.822,0.003,67.699,6.978,0.00
1786351629,bench_mixed,0.00,0.00,0.0,0.822,0.003,67.699,6.978,0.00
1786351634,bench_mixed,0.00,0.00,0.0,0.822,0.003,67.699,6.978,0.00
1786351639,bench_mixed,0.00,0.00,0.0,0.822,0.003,67.699,6.981,0.00
1786351644,bench_mixed,0.00,0.00,0.0,0.822,0.003,67.699,6.982,0.00
1786351649,bench_mixed,0.00,0.00,0.0,0.822,0.003,67.699,6.980,0.00
1786351654,bench_mixed,0.00,0.00,0.0,0.822,0.003,67.699,6.981,0.00
1786351659,bench_mixed,0.00,0.00,0.0,0.822,0.003,67.699,6.979,0.00
1786351665,bench_mixed,0.00,0.00,0.0,0.822,0.003,67.699,6.980,0.00
1786351670,bench_mixed,0.00,0.00,0.0,0.822,0.003,67.699,6.979,0.00
1786351675,bench_mixed,0.00,0.00,0.0,0.822,0.003,67.699,6.981,0.00
1786351680,bench_mixed,0.00,0.00,0.0,0.822,0.003,67.699,6.979,0.00
1786351685,bench_mixed,0.00,0.00,0.0,0.822,0.003,67.699,6.979,0.00
1786351690,bench_mixed,0.00,0.00,0.0,0.822,0.003,67.699,6.977,0.00
1786351695,bench_mixed,0.00,0.00,0.0,0.822,0.003,67.699,6.978,0.00
1786351700,bench_mixed,0.00,0.00,0.0,0.822,0.003,67.699,6.973,0.00
1786351705,bench_mixed,0.00,0.00,0.0,0.822,0.003,67.699,6.979,0.00
1786351710,bench_mixed,0.00,0.00,0.0,0.822,0.003,67.699,6.979,0.00
1786351715,bench_mixed,0.00,0.00,0.0,0.822,0.003,67.699,6.978,0.00
1786351720,bench_mixed,0.00,0.00,0.0,0.822,0.003,67.699,6.978,0.00
1786351725,bench_mixed,0.00,0.00,0.0,0.822,0.003,67.699,6.977,0.00
1786351730,bench_mixed,0.00,0.00,0.0,0.822,0.003,67.699,6.977,0.00
1786351735,bench_mixed,0.00,0.00,0.0,0.822,0.003,67.699,6.976,0.00
1786351740,bench_mixed,0.00,0.00,0.0,0.822,0.003,67.699,6.976,0.00
1786351745,bench_mixed,0.00,0.00,0.0,0.822,0.003,67.699,6.975,0.00
1786351750,bench_mixed,0.00,0.00,0.0,0.822,0.003,67.699,6.975,0.00
1786351756,bench_mixed,0.00,0.00,0.0,0.822,0.003,67.699,6.974,0.00
1786351761,bench_mixed,0.00,0.00,0.0,0.822,0.003,67.699,6.974,0.00
1786351766,bench_mixed,0.00,0.00,0.0,0.822,0.003,67.699,6.973,0.00
1786351771,bench_mixed,0.00,0.00,0.0,0.822,0.003,67.699,6.973,0.00
1786351776,bench_mixed,0.00,0.00,0.0,0.822,0.003,67.699,6.976,0.00
1786351781,bench_mixed,0.00,0.00,0.0,0.822,0.003,67.699,6.976,0.00
1786351786,bench_mixed,0.00,0.00,0.0,0.822,0.003,67.699,6.961,0.06
1786351791,bench_mixed,0.00,0.00,0.0,0.822,0.003,67.699,6.962,0.00
1786351796,bench_mixed,0.00,0.00,0.0,0.822,0.003,67.699,6.965,0.00
1786351801,bench_mixed,0.00,0.00,0.0,0.822,0.003,67.699,6.965,0.00
1786351806,bench_mixed,0.00,0.00,0.0,0.822,0.003,67.699,6.967,0.00
1786351811,bench_mixed,0.00,0.00,0.0,0.822,0.003,67.699,6.968,0.00
1786351816,bench_mixed,0.00,0.00,0.0,0.822,0.003,67.699,6.973,0.00
1786351821,bench_mixed,0.00,0.00,0.0,0.822,0.003,67.699,6.973,0.00
1786351826,bench_mixed,0.00,0.00,0.0,0.822,0.003,67.699,6.974,0.00
1786351831,bench_mixed,0.00,0.00,0.0,0.822,0.003,67.699,6.974,0.00
1786351836,bench_mixed,0.00,0.00,0.0,0.822,0.003,67.699,6.974,0.00
1786351841,bench_mixed,0.00,0.00,0.0,0.822,0.003,67.699,6.974,0.00
1786351846,bench_mixed,0.00,0.00,0.0,0.822,0.003,67.699,6.976,0.00
1786351852,bench_mixed,0.00,0.00,0.0,0.822,0.003,67.699,6.976,0.00
1786351857,bench_mixed,0.00,0.00,0.0,0.822,0.003,67.699,6.978,0.00
1786351862,bench_mixed,0.00,0.00,0.0,0.822,0.003,67.699,6.977,0.00
1786351867,bench_mixed,0.00,0.00,0.0,0.822,0.003,67.699,6.976,0.00
1786351872,bench_mixed,0.00,0.00,0.0,0.822,0.003,67.699,6.976,0.00
1786351877,bench_mixed,0.00,0.00,0.0,0.822,0.003,67.699,6.975,0.00
1786351882,bench_mixed,0.00,0.00,0.0,0.822,0.003,67.699,6.975,0.00
1786351887,bench_mixed,0.00,0.00,0.0,0.822,0.003,67.699,6.977,0.00
1786351892,bench_mixed,0.00,0.00,0.0,0.822,0.003,67.699,6.977,0.00
1786351897,bench_mixed,0.00,0.00,0.0,0.822,0.003,67.699,6.977,0.00
1786351902,bench_mixed,0.00,0.00,0.0,0.822,0.003,67.699,6.977,0.00
1786351907,bench_mixed,0.00,0.00,0.0,0.822,0.003,67.699,6.977,0.00
1786351912,bench_mixed,0.00,0.00,0.0,0.822,0.003,67.699,6.977,0.00
1786351917,bench_mixed,0.00,0.00,0.0,0.822,0.003,67.699,6.974,0.00
1786351922,bench_mixed,0.00,0.00,0.0,0.822,0.003,67.699,6.975,0.00
1786351927,bench_mixed,0.00,0.00,0.0,0.822,0.003,67.699,6.976,0.00
1786351932,bench_mixed,0.00,0.00,0.0,0.822,0.003,67.699,6.976,0.00
1786351937,bench_mixed,0.00,0.00,0.0,0.822,0.003,67.699,6.976,0.00
1786351943,bench_mixed,0.00,0.00,0.0,0.822,0.003,67.699,6.976,0.00
1786351948,bench_mixed,0.00,0.00,0.0,0.822,0.003,67.699,6.975,0.00
1786351953,bench_mixed,0.00,0.00,0.0,0.822,0.003,67.699,6.977,0.00
1786351958,bench_mixed,0.00,0.00,0.0,0.822,0.003,67.699,6.976,0.00
1786351963,bench_mixed,0.00,0.00,0.0,0.822,0.003,67.699,6.976,0.00
1786351968,bench_mixed,0.00,0.00,0.0,0.822,0.003,67.699,6.979,0.00
1786351973,bench_mixed,0.00,0.00,0.0,0.822,0.003,67.699,6.979,0.00
1786351978,bench_mixed,0.00,0.00,0.0,0.822,0.003,67.699,6.978,0.00
1786351983,bench_mixed,0.00,0.00,0.0,0.822,0.003,67.699,6.979,0.00
1786351988,bench_mixed,0.00,0.00,0.0,0.822,0.003,67.699,6.976,0.00
1786351993,bench_mixed,0.00,0.00,0.0,0.822,0.003,67.699,6.976,0.00
1786351998,bench_mixed,0.00,0.00,0.0,0.822,0.003,67.699,6.975,0.00
1786352003,bench_mixed,0.00,0.00,0.0,0.822,0.003,67.699,6.975,0.00
1786352008,bench_mixed,0.00,0.00,0.0,0.822,0.003,67.699,6.977,0.00
1786352013,bench_mixed,0.00,0.00,0.0,0.822,0.003,67.699,6.977,0.00
1786352018,bench_mixed,0.00,0.00,0.0,0.822,0.003,67.699,6.977,0.00
1786352023,bench_mixed,0.00,0.00,0.0,0.822,0.003,67.699,6.977,0.00
1786352028,bench_mixed,0.00,0.00,0.0,0.822,0.003,67.699,6.976,0.00
1786352034,bench_mixed,0.00,0.00,0.0,0.822,0.003,67.699,6.978,0.00
1786352039,bench_mixed,0.00,0.00,0.0,0.822,0.003,67.699,6.977,0.00
1786352044,bench_mixed,0.00,0.00,0.0,0.822,0.003,67.699,6.977,0.00
1786352049,bench_mixed,0.00,0.00,0.0,0.822,0.003,67.699,6.978,0.00
1786352054,bench_mixed,0.00,0.00,0.0,0.822,0.003,67.699,6.979,0.00
1786352059,bench_mixed,0.00,0.00,0.0,0.822,0.003,67.699,6.980,0.00
1786352064,bench_mixed,0.00,0.00,0.0,0.822,0.003,67.699,6.979,0.00
1786352069,bench_mixed,0.00,0.00,0.0,0.822,0.003,67.699,6.979,0.00
1786352074,bench_mixed,0.00,0.00,0.0,0.822,0.003,67.699,6.981,0.00
1786352079,bench_mixed,0.00,0.00,0.0,0.822,0.003,67.699,6.981,0.00
1786352084,bench_mixed,0.00,0.00,0.0,0.822,0.003,67.699,6.965,0.04
1786352089,bench_mixed,0.00,0.00,0.0,0.822,0.003,67.699,6.964,0.02
1786352094,bench_mixed,0.00,0.00,0.0,0.822,0.003,67.699,6.967,0.00
1786352099,bench_mixed,0.00,0.00,0.0,0.822,0.003,67.699,6.967,0.00
1786352104,bench_mixed,0.00,0.00,0.0,0.822,0.003,67.699,6.969,0.00
1786352109,bench_mixed,0.00,0.00,0.0,0.822,0.003,67.699,6.969,0.00
1786352114,bench_mixed,0.00,0.00,0.0,0.822,0.003,67.699,6.972,0.00
1786352119,bench_mixed,0.00,0.00,0.0,0.822,0.003,67.699,6.972,0.00
1786352124,bench_mixed,0.00,0.00,0.0,0.822,0.003,67.699,6.972,0.00
1786352130,bench_mixed,0.00,0.00,0.0,0.822,0.003,67.699,6.972,0.00
1786352135,bench_mixed,0.00,0.00,0.0,0.822,0.003,67.699,6.969,0.00
1786352140,bench_mixed,0.00,0.00,0.0,0.822,0.003,67.699,6.969,0.00
1786352145,bench_mixed,0.00,0.00,0.0,0.822,0.003,67.699,6.969,0.00
1786352150,bench_mixed,0.00,0.00,0.0,0.822,0.003,67.699,6.970,0.00
1786352155,bench_mixed,0.00,0.00,0.0,0.822,0.003,67.699,6.971,0.00
1786352160,bench_mixed,0.00,0.00,0.0,0.822,0.003,67.699,6.971,0.00
1786352165,bench_mixed,0.00,0.00,0.0,0.822,0.003,67.699,6.971,0.00
1786352170,bench_mixed,0.00,0.00,0.0,0.822,0.003,67.699,6.971,0.00
1786352175,bench_mixed,0.00,0.00,0.0,0.822,0.003,67.699,6.972,0.00
1786352180,bench_mixed,0.00,0.00,0.0,0.822,0.003,67.699,6.972,0.00
1786352185,bench_mixed,0.00,0.00,0.0,0.822,0.003,67.699,6.975,0.00
1786352190,bench_mixed,0.00,0.00,0.0,0.822,0.003,67.699,6.975,0.00
1786352195,bench_mixed,0.00,0.00,0.0,0.822,0.003,67.699,6.976,0.00
1786352200,bench_mixed,0.00,0.00,0.0,0.822,0.003,67.699,6.976,0.00
1786352205,bench_mixed,0.00,0.00,0.0,0.822,0.003,67.699,6.976,0.00
1786352210,bench_mixed,0.00,0.00,0.0,0.822,0.003,67.699,6.976,0.00
1786352215,bench_mixed,0.00,0.00,0.0,0.822,0.003,67.699,6.976,0.00
1786352221,bench_mixed,0.00,0.00,0.0,0.822,0.003,67.699,6.976,0.00
1786352226,bench_mixed,0.00,0.00,0.0,0.822,0.003,67.699,6.975,0.00
1786352231,bench_mixed,0.00,0.00,0.0,0.822,0.003,67.699,6.975,0.00
1786352236,bench_mixed,0.00,0.00,0.0,0.822,0.003,67.699,6.975,0.00
1786352241,bench_mixed,0.00,0.00,0.0,0.822,0.003,67.699,6.975,0.00
1786352246,bench_mixed,0.00,0.00,0.0,0.822,0.003,67.699,6.973,0.00
1786352251,bench_mixed,0.00,0.00,0.0,0.822,0.003,67.699,6.974,0.00
1786352256,bench_mixed,0.00,0.00,0.0,0.822,0.003,67.699,6.974,0.00
1786352261,bench_mixed,0.00,0.00,0.0,0.822,0.003,67.699,6.974,0.00
1786352266,bench_mixed,0.00,0.00,0.0,0.822,0.003,67.699,6.973,0.00
1786352271,bench_mixed,0.00,0.00,0.0,0.822,0.003,67.699,6.974,0.00
1786352276,bench_mixed,0.00,0.00,0.0,0.822,0.003,67.699,6.974,0.00
1786352281,bench_mixed,0.00,0.00,0.0,0.822,0.003,67.699,6.974,0.00
1786352286,bench_mixed,0.00,0.00,0.0,0.822,0.003,67.699,6.978,0.00
1786352291,bench_mixed,0.00,0.00,0.0,0.822,0.003,67.699,6.979,0.00
1786352296,bench_mixed,0.00,0.00,0.0,0.822,0.003,67.699,6.982,0.00
1786352301,bench_mixed,0.00,0.00,0.0,0.822,0.003,67.699,6.982,0.00
1786352306,bench_mixed,0.00,0.00,0.0,0.822,0.003,67.699,6.981,0.00
1786352311,bench_mixed,0.00,0.00,0.0,0.822,0.003,67.699,6.981,0.00
1786352317,bench_mixed,0.00,0.00,0.0,0.822,0.003,67.699,6.983,0.00
1786352322,bench_mixed,0.00,0.00,0.0,0.822,0.003,67.699,6.984,0.00
1786352327,bench_mixed,0.00,0.00,0.0,0.822,0.003,67.699,6.985,0.00
1786352332,bench_mixed,0.00,0.00,0.0,0.822,0.003,67.699,6.986,0.00
1786352337,bench_mixed,0.00,0.00,0.0,0.822,0.003,67.699,6.987,0.00
1786352342,bench_mixed,0.00,0.00,0.0,0.822,0.003,67.699,6.988,0.00
1786352347,bench_mixed,0.00,0.00,0.0,0.822,0.003,67.699,6.988,0.00
1786352352,bench_mixed,0.00,0.00,0.0,0.822,0.003,67.699,6.988,0.00
1786352357,bench_mixed,0.00,0.00,0.0,0.822,0.003,67.699,6.987,0.00
1786352362,bench_mixed,0.00,0.00,0.0,0.822,0.003,67.699,6.988,0.00
1786352367,bench_mixed,0.00,0.00,0.0,0.822,0.003,67.699,6.986,0.00
1786352372,bench_mixed,0.00,0.00,0.0,0.822,0.003,67.699,6.985,0.00
1786352377,bench_mixed,0.00,0.00,0.0,0.822,0.003,67.699,6.985,0.00
1786352382,bench_mixed,0.00,0.00,0.0,0.822,0.003,67.699,6.986,0.00
1786352387,bench_mixed,0.00,0.00,0.0,0.822,0.003,67.699,6.969,0.06
1786352392,bench_mixed,0.00,0.00,0.0,0.822,0.003,67.699,6.971,0.00
1786352397,bench_mixed,0.00,0.00,0.0,0.822,0.003,67.699,6.972,0.00
1786352402,bench_mixed,0.00,0.00,0.0,0.822,0.003,67.699,6.973,0.00
1786352408,bench_mixed,0.00,0.00,0.0,0.822,0.003,67.699,6.971,0.00
1786352413,bench_mixed,0.00,0.00,0.0,0.822,0.003,67.699,6.972,0.00
1786352418,bench_mixed,0.00,0.00,0.0,0.822,0.003,67.699,6.974,0.00
1786352423,bench_mixed,0.00,0.00,0.0,0.822,0.003,67.699,6.975,0.00
1786352428,bench_mixed,0.00,0.00,0.0,0.822,0.003,67.699,6.977,0.00
1786352433,bench_mixed,0.00,0.00,0.0,0.822,0.003,67.699,6.978,0.00
1786352438,bench_mixed,0.00,0.00,0.0,0.822,0.003,67.699,6.978,0.00
1786352443,bench_mixed,0.00,0.00,0.0,0.822,0.003,67.699,6.978,0.00
1786352448,bench_mixed,0.00,0.00,0.0,0.822,0.003,67.699,6.978,0.00
1786352453,bench_mixed,0.00,0.00,0.0,0.822,0.003,67.699,6.980,0.00
1786352458,bench_mixed,0.00,0.00,0.0,0.822,0.003,67.699,6.980,0.00
1786352463,bench_mixed,0.00,0.00,0.0,0.822,0.003,67.699,6.982,0.00
1786352468,bench_mixed,0.00,0.00,0.0,0.822,0.003,67.699,6.982,0.00
1786352473,bench_mixed,0.00,0.00,0.0,0.822,0.003,67.699,6.983,0.00
1786352478,bench_mixed,0.00,0.00,0.0,0.822,0.003,67.699,6.984,0.00
1786352483,bench_mixed,0.00,0.00,0.0,0.822,0.003,67.699,6.984,0.00
1786352488,bench_mixed,0.00,0.00,0.0,0.822,0.003,67.699,6.984,0.00
1786352493,bench_mixed,0.00,0.00,0.0,0.822,0.003,67.699,6.986,0.00
1786352498,bench_mixed,0.00,0.00,0.0,0.822,0.003,67.699,6.986,0.00
1786352504,bench_mixed,0.00,0.00,0.0,0.822,0.003,67.699,6.988,0.00
1786352509,bench_mixed,0.00,0.00,0.0,0.822,0.003,67.699,6.988,0.00
1786352514,bench_mixed,0.00,0.00,0.0,0.822,0.003,67.699,6.987,0.00
1786352519,bench_mixed,0.00,0.00,0.0,0.822,0.003,67.699,6.987,0.00
1786352524,bench_mixed,0.00,0.00,0.0,0.822,0.003,67.699,6.985,0.00
1786352529,bench_mixed,0.00,0.00,0.0,0.822,0.003,67.699,6.985,0.00
1786352534,bench_mixed,0.00,0.00,0.0,0.822,0.003,67.699,6.986,0.00
1786352539,bench_mixed,0.00,0.00,0.0,0.822,0.003,67.699,6.986,0.00
1786352544,bench_mixed,0.00,0.00,0.0,0.822,0.003,67.699,6.988,0.00
1786352549,bench_mixed,0.00,0.00,0.0,0.822,0.003,67.699,6.987,0.00
1786352554,bench_mixed,0.00,0.00,0.0,0.822,0.003,67.699,6.986,0.00
1786352559,bench_mixed,0.00,0.00,0.0,0.822,0.003,67.699,6.986,0.00
1786352564,bench_mixed,0.00,0.00,0.0,0.822,0.003,67.699,6.985,0.00
1786352569,bench_mixed,0.00,0.00,0.0,0.822,0.003,67.699,6.984,0.00
1786352574,bench_mixed,0.00,0.00,0.0,0.822,0.003,67.699,6.985,0.00
1786352579,bench_mixed,0.00,0.00,0.0,0.822,0.003,67.699,6.985,0.00
1786352584,bench_mixed,0.00,0.00,0.0,0.822,0.003,67.699,6.983,0.00
1786352589,bench_mixed,0.00,0.00,0.0,0.822,0.003,67.699,6.985,0.00
1786352595,bench_mixed,0.00,0.00,0.0,0.822,0.003,67.699,6.988,0.00
1786352600,bench_mixed,0.00,0.00,0.0,0.822,0.003,67.699,6.986,0.00
1786352605,bench_mixed,0.00,0.00,0.0,0.822,0.003,67.699,6.986,0.00
1786352610,bench_mixed,0.00,0.00,0.0,0.822,0.003,67.699,6.986,0.00
1786352615,bench_mixed,0.00,0.00,0.0,0.822,0.003,67.699,6.986,0.00
1786352620,bench_mixed,0.00,0.00,0.0,0.822,0.003,67.699,6.987,0.00
1786352625,bench_mixed,0.00,0.00,0.0,0.822,0.003,67.699,6.985,0.00
1786352630,bench_mixed,0.00,0.00,0.0,0.822,0.003,67.699,6.985,0.00
1786352635,bench_mixed,0.00,0.00,0.0,0.822,0.003,67.699,6.983,0.00
1786352640,bench_mixed,0.00,0.00,0.0,0.822,0.003,67.699,6.984,0.00
1786352645,bench_mixed,0.00,0.00,0.0,0.822,0.003,67.699,6.985,0.00
1786352650,bench_mixed,0.00,0.00,0.0,0.822,0.003,67.699,6.985,0.00
1786352655,bench_mixed,0.00,0.00,0.0,0.822,0.003,67.699,6.983,0.00
1786352660,bench_mixed,0.00,0.00,0.0,0.822,0.003,67.699,6.983,0.00
1786352665,bench_mixed,0.00,0.00,0.0,0.822,0.003,67.699,6.982,0.00
1786352670,bench_mixed,0.00,0.00,0.0,0.822,0.003,67.699,6.982,0.00
1786352675,bench_mixed,0.00,0.00,0.0,0.822,0.003,67.699,6.981,0.00
1786352680,bench_mixed,0.00,0.00,0.0,0.822,0.003,67.699,6.982,0.00
1786352685,bench_mixed,0.00,0.00,0.0,0.822,0.003,67.699,6.967,0.05
1786352691,bench_mixed,0.00,0.00,0.0,0.822,0.003,67.699,6.967,0.01
1786352696,bench_mixed,0.00,0.00,0.0,0.822,0.003,67.699,6.968,0.00
1786352701,bench_mixed,0.00,0.00,0.0,0.822,0.003,67.699,6.968,0.00
1786352706,bench_mixed,0.00,0.00,0.0,0.822,0.003,67.699,6.969,0.00
1786352711,bench_mixed,0.00,0.00,0.0,0.822,0.003,67.699,6.969,0.00
1786352716,bench_mixed,0.00,0.00,0.0,0.822,0.003,67.699,6.970,0.00
1786352721,bench_mixed,0.00,0.00,0.0,0.822,0.003,67.699,6.971,0.00
1786352726,bench_mixed,0.00,0.00,0.0,0.822,0.003,67.699,6.972,0.00
1786352731,bench_mixed,0.00,0.00,0.0,0.822,0.003,67.699,6.972,0.00
1786352736,bench_mixed,0.00,0.00,0.0,0.822,0.003,67.699,6.972,0.00
1786352741,bench_mixed,0.00,0.00,0.0,0.822,0.003,67.699,6.973,0.00
1786352746,bench_mixed,0.00,0.00,0.0,0.822,0.003,67.699,6.975,0.00
1786352751,bench_mixed,0.00,0.00,0.0,0.822,0.003,67.699,6.976,0.00
1786352756,bench_mixed,0.00,0.00,0.0,0.822,0.003,67.699,6.980,0.00
1786352761,bench_mixed,0.00,0.00,0.0,0.822,0.003,67.699,6.980,0.00
1786352766,bench_mixed,0.00,0.00,0.0,0.822,0.003,67.699,6.982,0.00
1786352771,bench_mixed,0.00,0.00,0.0,0.822,0.003,67.699,6.982,0.00
1786352776,bench_mixed,0.00,0.00,0.0,0.822,0.003,67.699,6.983,0.00
1786352782,bench_mixed,0.00,0.00,0.0,0.822,0.003,67.699,6.983,0.00
1786352787,bench_mixed,0.00,0.00,0.0,0.822,0.003,67.699,6.981,0.00
1786352792,bench_mixed,0.00,0.00,0.0,0.822,0.003,67.699,6.982,0.00
1786352797,bench_mixed,0.00,0.00,0.0,0.822,0.003,67.699,6.975,0.00
1786352802,bench_mixed,0.00,0.00,0.0,0.822,0.003,67.699,6.981,0.00
1786352807,bench_mixed,0.00,0.00,0.0,0.822,0.003,67.699,6.982,0.00
1786352812,bench_mixed,0.00,0.00,0.0,0.822,0.003,67.699,6.981,0.00
1786352817,bench_mixed,0.00,0.00,0.0,0.822,0.003,67.699,6.981,0.00
1786352822,bench_mixed,0.00,0.00,0.0,0.822,0.003,67.699,6.979,0.00
1786352827,bench_mixed,0.00,0.00,0.0,0.822,0.003,67.699,6.980,0.00
1786352832,bench_mixed,0.00,0.00,0.0,0.822,0.003,67.699,6.979,0.00
1786352837,bench_mixed,0.00,0.00,0.0,0.822,0.003,67.699,6.980,0.00
1786352842,bench_mixed,0.00,0.00,0.0,0.822,0.003,67.699,6.980,0.00
1786352847,bench_mixed,0.00,0.00,0.0,0.822,0.003,67.699,6.979,0.00
1786352852,bench_mixed,0.00,0.00,0.0,0.822,0.003,67.699,6.977,0.00
1786352857,bench_mixed,0.00,0.00,0.0,0.822,0.003,67.699,6.976,0.00
1786352862,bench_mixed,0.00,0.00,0.0,0.822,0.003,67.699,6.975,0.00
1786352867,bench_mixed,0.00,0.00,0.0,0.822,0.003,67.699,6.975,0.00
1786352872,bench_mixed,0.00,0.00,0.0,0.822,0.003,67.699,6.975,0.00
1786352878,bench_mixed,0.00,0.00,0.0,0.822,0.003,67.699,6.976,0.00
1786352883,bench_mixed,0.00,0.00,0.0,0.822,0.003,67.699,6.977,0.00
1786352888,bench_mixed,0.00,0.00,0.0,0.822,0.003,67.699,6.978,0.00
1786352893,bench_mixed,0.00,0.00,0.0,0.822,0.003,67.699,6.976,0.00
1786352898,bench_mixed,0.00,0.00,0.0,0.822,0.003,67.699,6.977,0.00
1786352903,bench_mixed,0.00,0.00,0.0,0.822,0.003,67.699,6.976,0.00
1786352908,bench_mixed,0.00,0.00,0.0,0.822,0.003,67.699,6.976,0.00
1786352913,bench_mixed,0.00,0.00,0.0,0.822,0.003,67.699,6.976,0.00
1786352918,bench_mixed,0.00,0.00,0.0,0.822,0.003,67.699,6.976,0.00
1786352923,bench_mixed,0.00,0.00,0.0,0.822,0.003,67.699,6.976,0.00
1786352928,bench_mixed,0.00,0.00,0.0,0.822,0.003,67.699,6.977,0.00
1786352933,bench_mixed,0.00,0.00,0.0,0.822,0.003,67.699,6.977,0.00
1786352938,bench_mixed,0.00,0.00,0.0,0.822,0.003,67.699,6.977,0.00
1786352943,bench_mixed,0.00,0.00,0.0,0.822,0.003,67.699,6.976,0.00
1786352948,bench_mixed,0.00,0.00,0.0,0.822,0.003,67.699,6.976,0.00
1786352953,bench_mixed,0.00,0.00,0.0,0.822,0.003,67.699,6.976,0.00
1786352958,bench_mixed,0.00,0.00,0.0,0.822,0.003,67.699,6.975,0.00
1786352963,bench_mixed,0.00,0.00,0.0,0.822,0.003,67.699,6.974,0.00
1786352969,bench_mixed,0.00,0.00,0.0,0.822,0.003,67.699,6.973,0.00
1786352974,bench_mixed,0.00,0.00,0.0,0.822,0.003,67.699,6.977,0.00
1786352979,bench_mixed,0.00,0.00,0.0,0.822,0.003,67.699,6.977,0.00
1786352984,bench_mixed,0.00,0.00,0.0,0.822,0.003,67.699,6.963,0.03
1786352989,bench_mixed,0.00,0.00,0.0,0.822,0.003,67.699,6.960,0.03
1786352994,bench_mixed,0.00,0.00,0.0,0.822,0.003,67.699,6.965,0.00
1786352999,bench_mixed,0.00,0.00,0.0,0.822,0.003,67.699,6.965,0.00
1786353004,bench_mixed,0.00,0.00,0.0,0.822,0.003,67.699,6.968,0.00
1786353009,bench_mixed,0.00,0.00,0.0,0.822,0.003,67.699,6.968,0.00
1786353014,bench_mixed,0.00,0.00,0.0,0.822,0.003,67.699,6.967,0.00
1786353019,bench_mixed,0.00,0.00,0.0,0.822,0.003,67.699,6.967,0.00
1786353024,bench_mixed,0.00,0.00,0.0,0.822,0.003,67.699,6.966,0.00
1786353029,bench_mixed,0.00,0.00,0.0,0.822,0.003,67.699,6.966,0.00
1786353034,bench_mixed,0.00,0.00,0.0,0.822,0.003,67.699,6.967,0.00
1786353039,bench_mixed,0.00,0.00,0.0,0.822,0.003,67.699,6.968,0.00
1786353044,bench_mixed,0.00,0.00,0.0,0.822,0.003,67.699,6.970,0.00
1786353049,bench_mixed,0.00,0.00,0.0,0.822,0.003,67.699,6.971,0.00
1786353054,bench_mixed,0.00,0.00,0.0,0.822,0.003,67.699,6.970,0.00
1786353059,bench_mixed,0.00,0.00,0.0,0.822,0.003,67.699,6.971,0.00
1786353065,bench_mixed,0.00,0.00,0.0,0.822,0.003,67.699,6.971,0.00
1786353070,bench_mixed,0.00,0.00,0.0,0.822,0.003,67.699,6.973,0.00
1786353075,bench_mixed,0.00,0.00,0.0,0.822,0.003,67.699,6.973,0.00
1786353080,bench_mixed,0.00,0.00,0.0,0.822,0.003,67.699,6.973,0.00
1786353085,bench_mixed,0.00,0.00,0.0,0.822,0.003,67.699,6.973,0.00
1786353090,bench_mixed,0.00,0.00,0.0,0.822,0.003,67.699,6.976,0.00
1786353095,bench_mixed,0.00,0.00,0.0,0.822,0.003,67.699,6.970,0.00
1786353100,bench_mixed,0.00,0.00,0.0,0.822,0.003,67.699,6.971,0.00
1786353105,bench_mixed,0.00,0.00,0.0,0.822,0.003,67.699,6.972,0.00
1786353110,bench_mixed,0.00,0.00,0.0,0.822,0.003,67.699,6.974,0.00
1786353115,bench_mixed,0.00,0.00,0.0,0.822,0.003,67.699,6.972,0.00
1786353120,bench_mixed,0.00,0.00,0.0,0.822,0.003,67.699,6.972,0.00
1786353125,bench_mixed,0.00,0.00,0.0,0.822,0.003,67.699,6.973,0.00
1786353130,bench_mixed,0.00,0.00,0.0,0.822,0.003,67.699,6.972,0.00
1786353135,bench_mixed,0.00,0.00,0.0,0.822,0.003,67.699,6.972,0.00
1786353140,bench_mixed,0.00,0.00,0.0,0.822,0.003,67.699,6.973,0.00
1786353145,bench_mixed,0.00,0.00,0.0,0.822,0.003,67.699,6.972,0.00
1786353150,bench_mixed,0.00,0.00,0.0,0.822,0.003,67.699,6.972,0.00
1786353156,bench_mixed,0.00,0.00,0.0,0.822,0.003,67.699,6.971,0.00
1786353161,bench_mixed,0.00,0.00,0.0,0.822,0.003,67.699,6.972,0.00
1786353166,bench_mixed,0.00,0.00,0.0,0.822,0.003,67.699,6.973,0.00
1786353171,bench_mixed,0.00,0.00,0.0,0.822,0.003,67.699,6.972,0.00
1786353176,bench_mixed,0.00,0.00,0.0,0.822,0.003,67.699,6.973,0.00
1786353181,bench_mixed,0.00,0.00,0.0,0.822,0.003,67.699,6.974,0.00
1786353186,bench_mixed,0.00,0.00,0.0,0.822,0.003,67.699,6.973,0.00
1786353191,bench_mixed,0.00,0.00,0.0,0.822,0.003,67.699,6.973,0.00
1786353196,bench_mixed,0.00,0.00,0.0,0.822,0.003,67.699,6.974,0.00
1786353201,bench_mixed,0.00,0.00,0.0,0.822,0.003,67.699,6.975,0.00
1786353206,bench_mixed,0.00,0.00,0.0,0.822,0.003,67.699,6.976,0.00
1786353211,bench_mixed,0.00,0.00,0.0,0.822,0.003,67.699,6.976,0.00
1786353216,bench_mixed,0.00,0.00,0.0,0.822,0.003,67.699,6.977,0.00
1786353221,bench_mixed,0.00,0.00,0.0,0.822,0.003,67.699,6.977,0.00
1786353226,bench_mixed,0.00,0.00,0.0,0.822,0.003,67.699,6.976,0.00
1786353231,bench_mixed,0.00,0.00,0.0,0.822,0.003,67.699,6.978,0.00
1786353236,bench_mixed,0.00,0.00,0.0,0.822,0.003,67.699,6.978,0.00
1786353241,bench_mixed,0.00,0.00,0.0,0.822,0.003,67.699,6.980,0.00
1786353246,bench_mixed,0.00,0.00,0.0,0.822,0.003,67.699,6.980,0.00
1786353252,bench_mixed,0.00,0.00,0.0,0.822,0.003,67.699,6.982,0.00
1786353257,bench_mixed,0.00,0.00,0.0,0.822,0.003,67.699,6.982,0.00
1786353262,bench_mixed,0.00,0.00,0.0,0.822,0.003,67.699,6.981,0.00
1786353267,bench_mixed,0.00,0.00,0.0,0.822,0.003,67.699,6.982,0.00
1786353272,bench_mixed,0.00,0.00,0.0,0.822,0.003,67.699,6.983,0.00
1786353277,bench_mixed,0.00,0.00,0.0,0.822,0.003,67.699,6.985,0.00
1786353282,bench_mixed,0.00,0.00,0.0,0.822,0.003,67.699,6.983,0.00
1786353287,bench_mixed,0.00,0.00,0.0,0.822,0.003,67.699,6.966,0.06
1786353292,bench_mixed,0.00,0.00,0.0,0.822,0.003,67.699,6.967,0.00
1786353297,bench_mixed,0.00,0.00,0.0,0.822,0.003,67.699,6.968,0.00
1786353302,bench_mixed,0.00,0.00,0.0,0.822,0.003,67.699,6.969,0.00
1786353307,bench_mixed,0.00,0.00,0.0,0.822,0.003,67.699,6.969,0.00
1786353312,bench_mixed,0.00,0.00,0.0,0.822,0.003,67.699,6.969,0.00
1786353317,bench_mixed,0.00,0.00,0.0,0.822,0.003,67.699,6.969,0.00
1786353322,bench_mixed,0.00,0.00,0.0,0.822,0.003,67.699,6.971,0.00
1786353327,bench_mixed,0.00,0.00,0.0,0.822,0.003,67.699,6.971,0.00
1786353332,bench_mixed,0.00,0.00,0.0,0.822,0.003,67.699,6.974,0.00
1786353337,bench_mixed,0.00,0.00,0.0,0.822,0.003,67.699,6.975,0.00
1786353343,bench_mixed,0.00,0.00,0.0,0.822,0.003,67.699,6.977,0.00
1786353348,bench_mixed,0.00,0.00,0.0,0.822,0.003,67.699,6.977,0.00
1786353353,bench_mixed,0.00,0.00,0.0,0.822,0.003,67.699,6.980,0.00
1786353358,bench_mixed,0.00,0.00,0.0,0.822,0.003,67.699,6.981,0.00
1786353363,bench_mixed,0.00,0.00,0.0,0.822,0.003,67.699,6.982,0.00
1786353368,bench_mixed,0.00,0.00,0.0,0.822,0.003,67.699,6.983,0.00
1786353373,bench_mixed,0.00,0.00,0.0,0.822,0.003,67.699,6.982,0.00
1786353378,bench_mixed,0.00,0.00,0.0,0.822,0.003,67.699,6.983,0.00
1786353383,bench_mixed,0.00,0.00,0.0,0.822,0.003,67.699,6.984,0.00
1786353388,bench_mixed,0.00,0.00,0.0,0.822,0.003,67.699,6.984,0.00
1786353393,bench_mixed,0.00,0.00,0.0,0.822,0.003,67.699,6.983,0.00
1786353398,bench_mixed,0.00,0.00,0.0,0.822,0.003,67.699,6.982,0.00
1786353403,bench_mixed,0.00,0.00,0.0,0.822,0.003,67.699,6.980,0.00
1786353408,bench_mixed,0.00,0.00,0.0,0.822,0.003,67.699,6.980,0.00
1786353413,bench_mixed,0.00,0.00,0.0,0.822,0.003,67.699,6.978,0.00
1786353418,bench_mixed,0.00,0.00,0.0,0.822,0.003,67.699,6.978,0.00
1786353423,bench_mixed,0.00,0.00,0.0,0.822,0.003,67.699,6.977,0.00
1786353428,bench_mixed,0.00,0.00,0.0,0.822,0.003,67.699,6.977,0.00
1786353433,bench_mixed,0.00,0.00,0.0,0.822,0.003,67.699,6.979,0.00
1786353439,bench_mixed,0.00,0.00,0.0,0.822,0.003,67.699,6.980,0.00
1786353444,bench_mixed,0.00,0.00,0.0,0.822,0.003,67.699,6.978,0.00
1786353449,bench_mixed,0.00,0.00,0.0,0.822,0.003,67.699,6.979,0.00
1786353454,bench_mixed,0.00,0.00,0.0,0.822,0.003,67.699,6.977,0.00
1786353459,bench_mixed,0.00,0.00,0.0,0.822,0.003,67.699,6.977,0.00
1786353464,bench_mixed,0.00,0.00,0.0,0.822,0.003,67.699,6.975,0.00
1786353469,bench_mixed,0.00,0.00,0.0,0.822,0.003,67.699,6.976,0.00
1786353474,bench_mixed,0.00,0.00,0.0,0.822,0.003,67.699,6.976,0.00
1786353479,bench_mixed,0.00,0.00,0.0,0.822,0.003,67.699,6.977,0.00
1786353484,bench_mixed,0.00,0.00,0.0,0.822,0.003,67.699,6.976,0.00
1786353489,bench_mixed,0.00,0.00,0.0,0.822,0.003,67.699,6.977,0.00
1786353494,bench_mixed,0.00,0.00,0.0,0.822,0.003,67.699,6.977,0.00
1786353499,bench_mixed,0.00,0.00,0.0,0.822,0.003,67.699,6.978,0.00
1786353504,bench_mixed,0.00,0.00,0.0,0.822,0.003,67.699,6.977,0.00
1786353509,bench_mixed,0.00,0.00,0.0,0.822,0.003,67.699,6.977,0.00
1786353514,bench_mixed,0.00,0.00,0.0,0.822,0.003,67.699,6.979,0.00
1786353519,bench_mixed,0.00,0.00,0.0,0.822,0.003,67.699,6.978,0.00
1786353524,bench_mixed,0.00,0.00,0.0,0.822,0.003,67.699,6.970,0.00
1786353530,bench_mixed,0.00,0.00,0.0,0.822,0.003,67.699,6.979,0.00
1786353535,bench_mixed,0.00,0.00,0.0,0.822,0.003,67.699,6.978,0.00
1786353540,bench_mixed,0.00,0.00,0.0,0.822,0.003,67.699,6.978,0.00
1786353545,bench_mixed,0.00,0.00,0.0,0.822,0.003,67.699,6.978,0.00
1786353550,bench_mixed,0.00,0.00,0.0,0.822,0.003,67.699,6.978,0.00
1786353555,bench_mixed,0.00,0.00,0.0,0.822,0.003,67.699,6.976,0.00
1786353560,bench_mixed,0.00,0.00,0.0,0.822,0.003,67.699,6.976,0.00
1786353565,bench_mixed,0.00,0.00,0.0,0.822,0.003,67.699,6.976,0.00
1786353570,bench_mixed,0.00,0.00,0.0,0.822,0.003,67.699,6.974,0.00
1786353575,bench_mixed,0.00,0.00,0.0,0.822,0.003,67.699,6.974,0.00
1786353580,bench_mixed,0.00,0.00,0.0,0.822,0.003,67.699,6.973,0.00
1786353585,bench_mixed,0.00,0.00,0.0,0.822,0.003,67.699,6.958,0.04
1786353590,bench_mixed,0.00,0.00,0.0,0.822,0.003,67.699,6.961,0.01
1786353595,bench_mixed,0.00,0.00,0.0,0.822,0.003,67.699,6.962,0.00
1786353600,bench_mixed,0.00,0.00,0.0,0.822,0.003,67.699,6.963,0.00
1786353605,bench_mixed,0.00,0.00,0.0,0.822,0.003,67.699,6.963,0.00
1786353610,bench_mixed,0.00,0.00,0.0,0.822,0.003,67.699,6.966,0.00
1786353615,bench_mixed,0.00,0.00,0.0,0.822,0.003,67.699,6.965,0.00
1786353620,bench_mixed,0.00,0.00,0.0,0.822,0.003,67.699,6.967,0.00
1786353626,bench_mixed,0.00,0.00,0.0,0.822,0.003,67.699,6.968,0.00
1786353631,bench_mixed,0.00,0.00,0.0,0.822,0.003,67.699,6.966,0.00
1786353636,bench_mixed,0.00,0.00,0.0,0.822,0.003,67.699,6.967,0.00
1786353641,bench_mixed,0.00,0.00,0.0,0.822,0.003,67.699,6.969,0.00
1786353646,bench_mixed,0.00,0.00,0.0,0.822,0.003,67.699,6.970,0.00
1786353651,bench_mixed,0.00,0.00,0.0,0.822,0.003,67.699,6.969,0.00
1786353656,bench_mixed,0.00,0.00,0.0,0.822,0.003,67.699,6.970,0.00
1786353661,bench_mixed,0.00,0.00,0.0,0.822,0.003,67.699,6.971,0.00
1786353666,bench_mixed,0.00,0.00,0.0,0.822,0.003,67.699,6.971,0.00
1786353671,bench_mixed,0.00,0.00,0.0,0.822,0.003,67.699,6.975,0.00
1786353676,bench_mixed,0.00,0.00,0.0,0.822,0.003,67.699,6.974,0.00
1786353681,bench_mixed,0.00,0.00,0.0,0.822,0.003,67.699,6.975,0.00
1786353686,bench_mixed,0.00,0.00,0.0,0.822,0.003,67.699,6.975,0.00
1786353691,bench_mixed,0.00,0.00,0.0,0.822,0.003,67.699,6.976,0.00
1786353696,bench_mixed,0.00,0.00,0.0,0.822,0.003,67.699,6.977,0.00
1786353701,bench_mixed,0.00,0.00,0.0,0.822,0.003,67.699,6.977,0.00
1786353706,bench_mixed,0.00,0.00,0.0,0.822,0.003,67.699,6.978,0.00
1786353711,bench_mixed,0.00,0.00,0.0,0.822,0.003,67.699,6.978,0.00
1786353717,bench_mixed,0.00,0.00,0.0,0.822,0.003,67.699,6.977,0.00
1786353722,bench_mixed,0.00,0.00,0.0,0.822,0.003,67.699,6.977,0.00
1786353727,bench_mixed,0.00,0.00,0.0,0.822,0.003,67.699,6.978,0.00
1786353732,bench_mixed,0.00,0.00,0.0,0.822,0.003,67.699,6.979,0.00
1786353737,bench_mixed,0.00,0.00,0.0,0.822,0.003,67.699,6.979,0.00
1786353742,bench_mixed,0.00,0.00,0.0,0.822,0.003,67.699,6.978,0.00
1786353747,bench_mixed,0.00,0.00,0.0,0.822,0.003,67.699,6.979,0.00
1786353752,bench_mixed,0.00,0.00,0.0,0.822,0.003,67.699,6.978,0.00
1786353757,bench_mixed,0.00,0.00,0.0,0.822,0.003,67.699,6.979,0.00
1786353762,bench_mixed,0.00,0.00,0.0,0.822,0.003,67.699,6.980,0.00
1786353767,bench_mixed,0.00,0.00,0.0,0.822,0.003,67.699,6.981,0.00
1786353772,bench_mixed,0.00,0.00,0.0,0.822,0.003,67.699,6.979,0.00
1786353777,bench_mixed,0.00,0.00,0.0,0.822,0.003,67.699,6.979,0.00
1786353782,bench_mixed,0.00,0.00,0.0,0.822,0.003,67.699,6.977,0.00
1786353787,bench_mixed,0.00,0.00,0.0,0.822,0.003,67.699,6.977,0.00
1786353792,bench_mixed,0.00,0.00,0.0,0.822,0.003,67.699,6.977,0.00
1786353797,bench_mixed,0.00,0.00,0.0,0.822,0.003,67.699,6.978,0.00
1786353802,bench_mixed,0.00,0.00,0.0,0.822,0.003,67.699,6.976,0.00
1786353807,bench_mixed,0.00,0.00,0.0,0.822,0.003,67.699,6.977,0.00
1786353813,bench_mixed,0.00,0.00,0.0,0.822,0.003,67.699,6.977,0.00
1786353818,bench_mixed,0.00,0.00,0.0,0.822,0.003,67.699,6.978,0.00
1786353823,bench_mixed,0.00,0.00,0.0,0.822,0.003,67.699,6.975,0.00
1786353828,bench_mixed,0.00,0.00,0.0,0.822,0.003,67.699,6.976,0.00
1786353833,bench_mixed,0.00,0.00,0.0,0.822,0.003,67.699,6.978,0.00
1786353838,bench_mixed,0.00,0.00,0.0,0.822,0.003,67.699,6.979,0.00
1786353843,bench_mixed,0.00,0.00,0.0,0.822,0.003,67.699,6.977,0.00
1786353848,bench_mixed,0.00,0.00,0.0,0.822,0.003,67.699,6.978,0.00
1786353853,bench_mixed,0.00,0.00,0.0,0.822,0.003,67.699,6.977,0.00
1786353858,bench_mixed,0.00,0.00,0.0,0.822,0.003,67.699,6.977,0.00
1786353863,bench_mixed,0.00,0.00,0.0,0.822,0.003,67.699,6.975,0.00
1786353868,bench_mixed,0.00,0.00,0.0,0.822,0.003,67.699,6.975,0.00
1786353873,bench_mixed,0.00,0.00,0.0,0.822,0.003,67.699,6.974,0.00
1786353878,bench_mixed,0.00,0.00,0.0,0.822,0.003,67.699,6.974,0.00
1786353883,bench_mixed,0.00,0.00,0.0,0.822,0.003,67.699,6.972,0.00
1786353888,bench_mixed,0.00,0.00,0.0,0.822,0.003,67.699,6.960,0.05
1786353893,bench_mixed,0.00,0.00,0.0,0.822,0.003,67.699,6.958,0.00
1786353898,bench_mixed,0.00,0.00,0.0,0.822,0.003,67.699,6.963,0.00
1786353904,bench_mixed,0.00,0.00,0.0,0.822,0.003,67.699,6.963,0.00
1786353909,bench_mixed,0.00,0.00,0.0,0.822,0.003,67.699,6.967,0.00
1786353914,bench_mixed,0.00,0.00,0.0,0.822,0.003,67.699,6.967,0.00
1786353919,bench_mixed,0.00,0.00,0.0,0.822,0.003,67.699,6.967,0.00
1786353924,bench_mixed,0.00,0.00,0.0,0.822,0.003,67.699,6.966,0.00
1786353929,bench_mixed,0.00,0.00,0.0,0.822,0.003,67.699,6.967,0.00
1786353934,bench_mixed,0.00,0.00,0.0,0.822,0.003,67.699,6.966,0.00
1786353939,bench_mixed,0.00,0.00,0.0,0.822,0.003,67.699,6.968,0.00
1786353944,bench_mixed,0.00,0.00,0.0,0.822,0.003,67.699,6.968,0.00
1786353949,bench_mixed,0.00,0.00,0.0,0.822,0.003,67.699,6.970,0.00
1786353954,bench_mixed,0.00,0.00,0.0,0.822,0.003,67.699,6.971,0.00
1786353959,bench_mixed,0.00,0.00,0.0,0.822,0.003,67.699,6.970,0.00
1786353964,bench_mixed,0.00,0.00,0.0,0.822,0.003,67.699,6.970,0.00
1786353969,bench_mixed,0.00,0.00,0.0,0.822,0.003,67.699,6.974,0.00
1786353974,bench_mixed,0.00,0.00,0.0,0.822,0.003,67.699,6.974,0.00
1786353979,bench_mixed,0.00,0.00,0.0,0.822,0.003,67.699,6.975,0.00
1786353984,bench_mixed,0.00,0.00,0.0,0.822,0.003,67.699,6.975,0.00
1786353989,bench_mixed,0.00,0.00,0.0,0.822,0.003,67.699,6.977,0.00
1786353995,bench_mixed,0.00,0.00,0.0,0.822,0.003,67.699,6.978,0.00
1786354000,bench_mixed,0.00,0.00,0.0,0.822,0.003,67.699,6.980,0.00
1786354005,bench_mixed,0.00,0.00,0.0,0.822,0.003,67.699,6.980,0.00
1786354010,bench_mixed,0.00,0.00,0.0,0.822,0.003,67.699,6.979,0.00
1786354015,bench_mixed,0.00,0.00,0.0,0.822,0.003,67.699,6.979,0.00
1786354020,bench_mixed,0.00,0.00,0.0,0.822,0.003,67.699,6.979,0.00
1786354025,bench_mixed,0.00,0.00,0.0,0.822,0.003,67.699,6.979,0.00
1786354030,bench_mixed,0.00,0.00,0.0,0.822,0.003,67.699,6.979,0.00
1786354035,bench_mixed,0.00,0.00,0.0,0.822,0.003,67.699,6.979,0.00
1786354040,bench_mixed,0.00,0.00,0.0,0.822,0.003,67.699,6.981,0.00
1786354045,bench_mixed,0.00,0.00,0.0,0.822,0.003,67.699,6.980,0.00
1786354050,bench_mixed,0.00,0.00,0.0,0.822,0.003,67.699,6.980,0.00
1786354055,bench_mixed,0.00,0.00,0.0,0.822,0.003,67.699,6.980,0.00
1786354060,bench_mixed,0.00,0.00,0.0,0.822,0.003,67.699,6.979,0.00
1786354065,bench_mixed,0.00,0.00,0.0,0.822,0.003,67.699,6.979,0.00
1786354070,bench_mixed,0.00,0.00,0.0,0.822,0.003,67.699,6.980,0.00
1786354075,bench_mixed,0.00,0.00,0.0,0.822,0.003,67.699,6.980,0.00
1786354080,bench_mixed,0.00,0.00,0.0,0.822,0.003,67.699,6.978,0.00
1786354085,bench_mixed,0.00,0.00,0.0,0.822,0.003,67.699,6.978,0.00
1786354091,bench_mixed,0.00,0.00,0.0,0.822,0.003,67.699,6.979,0.00
1786354096,bench_mixed,0.00,0.00,0.0,0.822,0.003,67.699,6.979,0.00
1786354101,bench_mixed,0.00,0.00,0.0,0.822,0.003,67.699,6.978,0.00
1786354106,bench_mixed,0.00,0.00,0.0,0.822,0.003,67.699,6.977,0.00
1786354111,bench_mixed,0.00,0.00,0.0,0.822,0.003,67.699,6.975,0.00
1786354116,bench_mixed,0.00,0.00,0.0,0.822,0.003,67.699,6.976,0.00
1786354121,bench_mixed,0.00,0.00,0.0,0.822,0.003,67.699,6.978,0.00
1786354126,bench_mixed,0.00,0.00,0.0,0.822,0.003,67.699,6.979,0.00
1786354131,bench_mixed,0.00,0.00,0.0,0.822,0.003,67.699,6.978,0.00
1786354136,bench_mixed,0.00,0.00,0.0,0.822,0.003,67.699,6.980,0.00
1786354141,bench_mixed,0.00,0.00,0.0,0.822,0.003,67.699,6.980,0.00
1786354146,bench_mixed,0.00,0.00,0.0,0.822,0.003,67.699,6.980,0.00
1786354151,bench_mixed,0.00,0.00,0.0,0.822,0.003,67.699,6.978,0.00
1786354156,bench_mixed,0.00,0.00,0.0,0.822,0.003,67.699,6.977,0.00
1786354161,bench_mixed,0.00,0.00,0.0,0.822,0.003,67.699,6.978,0.00
1786354166,bench_mixed,0.00,0.00,0.0,0.822,0.003,67.699,6.978,0.00
1786354171,bench_mixed,0.00,0.00,0.0,0.822,0.003,67.699,6.979,0.00
1786354176,bench_mixed,0.00,0.00,0.0,0.822,0.003,67.699,6.980,0.00
1786354182,bench_mixed,0.00,0.00,0.0,0.822,0.003,67.699,6.979,0.00
1786354187,bench_mixed,0.00,0.00,0.0,0.822,0.003,67.699,6.964,0.06
1786354192,bench_mixed,0.00,0.00,0.0,0.822,0.003,67.699,6.968,0.00
1786354197,bench_mixed,0.00,0.00,0.0,0.822,0.003,67.699,6.969,0.00
1786354202,bench_mixed,0.00,0.00,0.0,0.822,0.003,67.699,6.969,0.00
1786354207,bench_mixed,0.00,0.00,0.0,0.822,0.003,67.699,6.970,0.00
1786354212,bench_mixed,0.00,0.00,0.0,0.822,0.003,67.699,6.970,0.00
1786354217,bench_mixed,0.00,0.00,0.0,0.822,0.003,67.699,6.971,0.00
1786354222,bench_mixed,0.00,0.00,0.0,0.822,0.003,67.699,6.972,0.00
1786354227,bench_mixed,0.00,0.00,0.0,0.822,0.003,67.699,6.973,0.00
1786354232,bench_mixed,0.00,0.00,0.0,0.822,0.003,67.699,6.971,0.00
1786354237,bench_mixed,0.00,0.00,0.0,0.822,0.003,67.699,6.971,0.00
1786354242,bench_mixed,0.00,0.00,0.0,0.822,0.003,67.699,6.972,0.00
1786354247,bench_mixed,0.00,0.00,0.0,0.822,0.003,67.699,6.974,0.00
1786354252,bench_mixed,0.00,0.00,0.0,0.822,0.003,67.699,6.973,0.00
1786354257,bench_mixed,0.00,0.00,0.0,0.822,0.003,67.699,6.972,0.00
1786354262,bench_mixed,0.00,0.00,0.0,0.822,0.003,67.699,6.971,0.00
1786354267,bench_mixed,0.00,0.00,0.0,0.822,0.003,67.699,6.970,0.00
1786354273,bench_mixed,0.00,0.00,0.0,0.822,0.003,67.699,6.970,0.00
1786354278,bench_mixed,0.00,0.00,0.0,0.822,0.003,67.699,6.969,0.00
1786354283,bench_mixed,0.00,0.00,0.0,0.822,0.003,67.699,6.969,0.00
1786354288,bench_mixed,0.00,0.00,0.0,0.822,0.003,67.699,6.974,0.00
1786354293,bench_mixed,0.00,0.00,0.0,0.822,0.003,67.699,6.973,0.00
1786354298,bench_mixed,0.00,0.00,0.0,0.822,0.003,67.699,6.971,0.00
1786354303,bench_mixed,0.00,0.00,0.0,0.822,0.003,67.699,6.972,0.00
1786354308,bench_mixed,0.00,0.00,0.0,0.822,0.003,67.699,6.971,0.00
1786354313,bench_mixed,0.00,0.00,0.0,0.822,0.003,67.699,6.972,0.00
1786354318,bench_mixed,0.00,0.00,0.0,0.822,0.003,67.699,6.971,0.00
1786354323,bench_mixed,0.00,0.00,0.0,0.822,0.003,67.699,6.971,0.00
1786354328,bench_mixed,0.00,0.00,0.0,0.822,0.003,67.699,6.972,0.00
1786354333,bench_mixed,0.00,0.00,0.0,0.822,0.003,67.699,6.973,0.00
1786354338,bench_mixed,0.00,0.00,0.0,0.822,0.003,67.699,6.975,0.00
1786354343,bench_mixed,0.00,0.00,0.0,0.822,0.003,67.699,6.975,0.00
1786354348,bench_mixed,0.00,0.00,0.0,0.822,0.003,67.699,6.976,0.00
1786354353,bench_mixed,0.00,0.00,0.0,0.822,0.003,67.699,6.977,0.00
1786354358,bench_mixed,0.00,0.00,0.0,0.822,0.003,67.699,6.977,0.00
1786354363,bench_mixed,0.00,0.00,0.0,0.822,0.003,67.699,6.977,0.00
1786354369,bench_mixed,0.00,0.00,0.0,0.822,0.003,67.699,6.979,0.00
1786354374,bench_mixed,0.00,0.00,0.0,0.822,0.003,67.699,6.979,0.00
1786354379,bench_mixed,0.00,0.00,0.0,0.822,0.003,67.699,6.979,0.00
1786354384,bench_mixed,0.00,0.00,0.0,0.822,0.003,67.699,6.979,0.00
1786354389,bench_mixed,0.00,0.00,0.0,0.822,0.003,67.699,6.982,0.00
1786354394,bench_mixed,0.00,0.00,0.0,0.822,0.003,67.699,6.983,0.00
1786354399,bench_mixed,0.00,0.00,0.0,0.822,0.003,67.699,6.982,0.00
1786354404,bench_mixed,0.00,0.00,0.0,0.822,0.003,67.699,6.981,0.00
1786354409,bench_mixed,0.00,0.00,0.0,0.822,0.003,67.699,6.980,0.00
1786354414,bench_mixed,0.00,0.00,0.0,0.822,0.003,67.699,6.980,0.00
1786354419,bench_mixed,0.00,0.00,0.0,0.822,0.003,67.699,6.980,0.00
1786354424,bench_mixed,0.00,0.00,0.0,0.822,0.003,67.699,6.980,0.00
1786354429,bench_mixed,0.00,0.00,0.0,0.822,0.003,67.699,6.980,0.00
1786354434,bench_mixed,0.00,0.00,0.0,0.822,0.003,67.699,6.980,0.00
1786354439,bench_mixed,0.00,0.00,0.0,0.822,0.003,67.699,6.979,0.00
1786354444,bench_mixed,0.00,0.00,0.0,0.822,0.003,67.699,6.979,0.00
1786354449,bench_mixed,0.00,0.00,0.0,0.822,0.003,67.699,6.979,0.00
1786354454,bench_mixed,0.00,0.00,0.0,0.822,0.003,67.699,6.979,0.00
1786354459,bench_mixed,0.00,0.00,0.0,0.822,0.003,67.699,6.977,0.00
1786354465,bench_mixed,0.00,0.00,0.0,0.822,0.003,67.699,6.977,0.00
1786354470,bench_mixed,0.00,0.00,0.0,0.822,0.003,67.699,6.977,0.00
1786354475,bench_mixed,0.00,0.00,0.0,0.822,0.003,67.699,6.977,0.00
1786354480,bench_mixed,0.00,0.00,0.0,0.822,0.003,67.699,6.977,0.00
1786354485,bench_mixed,0.00,0.00,0.0,0.822,0.003,67.699,6.965,0.04
1786354490,bench_mixed,0.00,0.00,0.0,0.822,0.003,67.699,6.966,0.02
1786354495,bench_mixed,0.00,0.00,0.0,0.822,0.003,67.699,6.966,0.00
1786354500,bench_mixed,0.00,0.00,0.0,0.822,0.003,67.699,6.966,0.00
1786354505,bench_mixed,0.00,0.00,0.0,0.822,0.003,67.699,6.967,0.00
1786354510,bench_mixed,0.00,0.00,0.0,0.822,0.003,67.699,6.966,0.00
1786354515,bench_mixed,0.00,0.00,0.0,0.822,0.003,67.699,6.967,0.00
1786354520,bench_mixed,0.00,0.00,0.0,0.822,0.003,67.699,6.968,0.00
1786354525,bench_mixed,0.00,0.00,0.0,0.822,0.003,67.699,6.969,0.00
1786354530,bench_mixed,0.00,0.00,0.0,0.822,0.003,67.699,6.970,0.00
1786354535,bench_mixed,0.00,0.00,0.0,0.822,0.003,67.699,6.971,0.00
1786354540,bench_mixed,0.00,0.00,0.0,0.822,0.003,67.699,6.974,0.00
1786354545,bench_mixed,0.00,0.00,0.0,0.822,0.003,67.699,6.974,0.00
1786354550,bench_mixed,0.00,0.00,0.0,0.822,0.003,67.699,6.976,0.00
1786354556,bench_mixed,0.00,0.00,0.0,0.822,0.003,67.699,6.977,0.00
1786354561,bench_mixed,0.00,0.00,0.0,0.822,0.003,67.699,6.974,0.00
1786354566,bench_mixed,0.00,0.00,0.0,0.822,0.003,67.699,6.975,0.00
1786354571,bench_mixed,0.00,0.00,0.0,0.822,0.003,67.699,6.975,0.00
1786354576,bench_mixed,0.00,0.00,0.0,0.822,0.003,67.699,6.975,0.00
1786354581,bench_mixed,0.00,0.00,0.0,0.822,0.003,67.699,6.976,0.00
1786354586,bench_mixed,0.00,0.00,0.0,0.822,0.003,67.699,6.977,0.00
1786354591,bench_mixed,0.00,0.00,0.0,0.822,0.003,67.699,6.977,0.00
1786354596,bench_mixed,0.00,0.00,0.0,0.822,0.003,67.699,6.977,0.00
1786354601,bench_mixed,0.00,0.00,0.0,0.822,0.003,67.699,6.976,0.00
1786354606,bench_mixed,0.00,0.00,0.0,0.822,0.003,67.699,6.976,0.00
1786354611,bench_mixed,0.00,0.00,0.0,0.822,0.003,67.699,6.975,0.00
1786354616,bench_mixed,0.00,0.00,0.0,0.822,0.003,67.699,6.977,0.00
1786354621,bench_mixed,0.00,0.00,0.0,0.822,0.003,67.699,6.978,0.00
1786354626,bench_mixed,0.00,0.00,0.0,0.822,0.003,67.699,6.977,0.00
1786354631,bench_mixed,0.00,0.00,0.0,0.822,0.003,67.699,6.978,0.00
1786354636,bench_mixed,0.00,0.00,0.0,0.822,0.003,67.699,6.977,0.00
1786354641,bench_mixed,0.00,0.00,0.0,0.822,0.003,67.699,6.977,0.00
1786354647,bench_mixed,0.00,0.00,0.0,0.822,0.003,67.699,6.980,0.00
1786354652,bench_mixed,0.00,0.00,0.0,0.822,0.003,67.699,6.979,0.00
1786354657,bench_mixed,0.00,0.00,0.0,0.822,0.003,67.699,6.977,0.00
1786354662,bench_mixed,0.00,0.00,0.0,0.822,0.003,67.699,6.978,0.00
1786354667,bench_mixed,0.00,0.00,0.0,0.822,0.003,67.699,6.976,0.00
1786354672,bench_mixed,0.00,0.00,0.0,0.822,0.003,67.699,6.976,0.00
1786354677,bench_mixed,0.00,0.00,0.0,0.822,0.003,67.699,6.976,0.00
1786354682,bench_mixed,0.00,0.00,0.0,0.822,0.003,67.699,6.975,0.00
1786354687,bench_mixed,0.00,0.00,0.0,0.822,0.003,67.699,6.974,0.00
1786354692,bench_mixed,0.00,0.00,0.0,0.822,0.003,67.699,6.974,0.00
1786354697,bench_mixed,0.00,0.00,0.0,0.822,0.003,67.699,6.975,0.00
1786354702,bench_mixed,0.00,0.00,0.0,0.822,0.003,67.699,6.975,0.00
1786354707,bench_mixed,0.00,0.00,0.0,0.822,0.003,67.699,6.974,0.00
1786354712,bench_mixed,0.00,0.00,0.0,0.822,0.003,67.699,6.974,0.00
1786354717,bench_mixed,0.00,0.00,0.0,0.822,0.003,67.699,6.976,0.00
1786354722,bench_mixed,0.00,0.00,0.0,0.822,0.003,67.699,6.976,0.00
1786354727,bench_mixed,0.00,0.00,0.0,0.822,0.003,67.699,6.977,0.00
1786354732,bench_mixed,0.00,0.00,0.0,0.822,0.003,67.699,6.977,0.00
1786354737,bench_mixed,0.00,0.00,0.0,0.822,0.003,67.699,6.976,0.00
1786354743,bench_mixed,0.00,0.00,0.0,0.822,0.003,67.699,6.976,0.00
1786354748,bench_mixed,0.00,0.00,0.0,0.822,0.003,67.699,6.978,0.00
1786354753,bench_mixed,0.00,0.00,0.0,0.822,0.003,67.699,6.977,0.00
1786354758,bench_mixed,0.00,0.00,0.0,0.822,0.003,67.699,6.975,0.00
1786354763,bench_mixed,0.00,0.00,0.0,0.822,0.003,67.699,6.975,0.00
1786354768,bench_mixed,0.00,0.00,0.0,0.822,0.003,67.699,6.977,0.00
1786354773,bench_mixed,0.00,0.00,0.0,0.822,0.003,67.699,6.976,0.00
1786354778,bench_mixed,0.00,0.00,0.0,0.822,0.003,67.699,6.974,0.00
1786354783,bench_mixed,0.00,0.00,0.0,0.822,0.003,67.699,6.975,0.00
1786354788,bench_mixed,0.00,0.00,0.0,0.822,0.003,67.699,6.957,0.06
1786354793,bench_mixed,0.00,0.00,0.0,0.822,0.003,67.699,6.958,0.00
1786354798,bench_mixed,0.00,0.00,0.0,0.822,0.003,67.699,6.959,0.00
1786354803,bench_mixed,0.00,0.00,0.0,0.822,0.003,67.699,6.960,0.00
1786354808,bench_mixed,0.00,0.00,0.0,0.822,0.003,67.699,6.962,0.00
1786354813,bench_mixed,0.00,0.00,0.0,0.822,0.003,67.699,6.962,0.00
1786354818,bench_mixed,0.00,0.00,0.0,0.822,0.003,67.699,6.963,0.00
1786354823,bench_mixed,0.00,0.00,0.0,0.822,0.003,67.699,6.963,0.00
1786354828,bench_mixed,0.00,0.00,0.0,0.822,0.003,67.699,6.967,0.00
1786354834,bench_mixed,0.00,0.00,0.0,0.822,0.003,67.699,6.968,0.00
1786354839,bench_mixed,0.00,0.00,0.0,0.822,0.003,67.699,6.971,0.00
1786354844,bench_mixed,0.00,0.00,0.0,0.822,0.003,67.699,6.971,0.00
1786354849,bench_mixed,0.00,0.00,0.0,0.822,0.003,67.699,6.972,0.00
1786354854,bench_mixed,0.00,0.00,0.0,0.822,0.003,67.699,6.972,0.00
1786354859,bench_mixed,0.00,0.00,0.0,0.822,0.003,67.699,6.971,0.00
1786354864,bench_mixed,0.00,0.00,0.0,0.822,0.003,67.699,6.971,0.00
1786354869,bench_mixed,0.00,0.00,0.0,0.822,0.003,67.699,6.973,0.00
1786354874,bench_mixed,0.00,0.00,0.0,0.822,0.003,67.699,6.973,0.00
1786354879,bench_mixed,0.00,0.00,0.0,0.822,0.003,67.699,6.972,0.00
1786354884,bench_mixed,0.00,0.00,0.0,0.822,0.003,67.699,6.972,0.00
1786354889,bench_mixed,0.00,0.00,0.0,0.822,0.003,67.699,6.976,0.00
1786354894,bench_mixed,0.00,0.00,0.0,0.822,0.003,67.699,6.977,0.00
1786354899,bench_mixed,0.00,0.00,0.0,0.822,0.003,67.699,6.976,0.00
1786354904,bench_mixed,0.00,0.00,0.0,0.822,0.003,67.699,6.976,0.00
1786354909,bench_mixed,0.00,0.00,0.0,0.822,0.003,67.699,6.975,0.00
1786354914,bench_mixed,0.00,0.00,0.0,0.822,0.003,67.699,6.976,0.00
1786354919,bench_mixed,0.00,0.00,0.0,0.822,0.003,67.699,6.974,0.00
1786354924,bench_mixed,0.00,0.00,0.0,0.822,0.003,67.699,6.976,0.00
1786354930,bench_mixed,0.00,0.00,0.0,0.822,0.003,67.699,6.975,0.00
1786354935,bench_mixed,0.00,0.00,0.0,0.822,0.003,67.699,6.976,0.00
1786354940,bench_mixed,0.00,0.00,0.0,0.822,0.003,67.699,6.977,0.00
1786354945,bench_mixed,0.00,0.00,0.0,0.822,0.003,67.699,6.978,0.00
1786354950,bench_mixed,0.00,0.00,0.0,0.822,0.003,67.699,6.978,0.00
1786354955,bench_mixed,0.00,0.00,0.0,0.822,0.003,67.699,6.979,0.00
1786354960,bench_mixed,0.00,0.00,0.0,0.822,0.003,67.699,6.979,0.00
1786354965,bench_mixed,0.00,0.00,0.0,0.822,0.003,67.699,6.980,0.00
1786354970,bench_mixed,0.00,0.00,0.0,0.822,0.003,67.699,6.980,0.00
1786354975,bench_mixed,0.00,0.00,0.0,0.822,0.003,67.699,6.981,0.00
1786354980,bench_mixed,0.00,0.00,0.0,0.822,0.003,67.699,6.982,0.00
1786354985,bench_mixed,0.00,0.00,0.0,0.822,0.003,67.699,6.982,0.00
1786354990,bench_mixed,0.00,0.00,0.0,0.822,0.003,67.699,6.981,0.00
1786354995,bench_mixed,0.00,0.00,0.0,0.822,0.003,67.699,6.986,0.00
1786355000,bench_mixed,0.00,0.00,0.0,0.822,0.003,67.699,6.985,0.00
1786355005,bench_mixed,0.00,0.00,0.0,0.822,0.003,67.699,6.983,0.00
1786355010,bench_mixed,0.00,0.00,0.0,0.822,0.003,67.699,6.983,0.00
1786355015,bench_mixed,0.00,0.00,0.0,0.822,0.003,67.699,6.982,0.00
1786355020,bench_mixed,0.00,0.00,0.0,0.822,0.003,67.699,6.982,0.00
1786355026,bench_mixed,0.00,0.00,0.0,0.822,0.003,67.699,6.981,0.00
1786355031,bench_mixed,0.00,0.00,0.0,0.822,0.003,67.699,6.982,0.00
1786355036,bench_mixed,0.00,0.00,0.0,0.822,0.003,67.699,6.981,0.00
1786355041,bench_mixed,0.00,0.00,0.0,0.822,0.003,67.699,6.981,0.00
1786355046,bench_mixed,0.00,0.00,0.0,0.822,0.003,67.699,6.978,0.00
1786355051,bench_mixed,0.00,0.00,0.0,0.822,0.003,67.699,6.978,0.00
1786355056,bench_mixed,0.00,0.00,0.0,0.822,0.003,67.699,6.978,0.00
1786355061,bench_mixed,0.00,0.00,0.0,0.822,0.003,67.699,6.979,0.00
1786355066,bench_mixed,0.00,0.00,0.0,0.822,0.003,67.699,6.981,0.00
1786355071,bench_mixed,0.00,0.00,0.0,0.822,0.003,67.699,6.981,0.00
1786355076,bench_mixed,0.00,0.00,0.0,0.822,0.003,67.699,6.981,0.00
1786355081,bench_mixed,0.00,0.00,0.0,0.822,0.003,67.699,6.981,0.00
1786355086,bench_mixed,0.00,0.00,0.0,0.822,0.003,67.699,6.970,0.05
1786355091,bench_mixed,0.00,0.00,0.0,0.822,0.003,67.699,6.971,0.00
1786355096,bench_mixed,0.00,0.00,0.0,0.822,0.003,67.699,6.972,0.00
1786355101,bench_mixed,0.00,0.00,0.0,0.822,0.003,67.699,6.972,0.00
1786355106,bench_mixed,0.00,0.00,0.0,0.822,0.003,67.699,6.974,0.00
1786355111,bench_mixed,0.00,0.00,0.0,0.822,0.003,67.699,6.974,0.00
1786355116,bench_mixed,0.00,0.00,0.0,0.822,0.003,67.699,6.977,0.00
1786355122,bench_mixed,0.00,0.00,0.0,0.822,0.003,67.699,6.977,0.00
1786355127,bench_mixed,0.00,0.00,0.0,0.822,0.003,67.699,6.979,0.00
1786355132,bench_mixed,0.00,0.00,0.0,0.822,0.003,67.699,6.979,0.00
1786355137,bench_mixed,0.00,0.00,0.0,0.822,0.003,67.699,6.981,0.00
1786355142,bench_mixed,0.00,0.00,0.0,0.822,0.003,67.699,6.981,0.00
1786355147,bench_mixed,0.00,0.00,0.0,0.822,0.003,67.699,6.981,0.00
1786355152,bench_mixed,0.00,0.00,0.0,0.822,0.003,67.699,6.982,0.00
1786355157,bench_mixed,0.00,0.00,0.0,0.822,0.003,67.699,6.978,0.00
1786355162,bench_mixed,0.00,0.00,0.0,0.822,0.003,67.699,6.979,0.00
1786355167,bench_mixed,0.00,0.00,0.0,0.822,0.003,67.699,6.979,0.00
1786355172,bench_mixed,0.00,0.00,0.0,0.822,0.003,67.699,6.979,0.00
1786355177,bench_mixed,0.00,0.00,0.0,0.822,0.003,67.699,6.978,0.00
1786355182,bench_mixed,0.00,0.00,0.0,0.822,0.003,67.699,6.978,0.00
1786355187,bench_mixed,0.00,0.00,0.0,0.822,0.003,67.699,6.977,0.00
1786355192,bench_mixed,0.00,0.00,0.0,0.822,0.003,67.699,6.977,0.00
1786355197,bench_mixed,0.00,0.00,0.0,0.822,0.003,67.699,6.976,0.00
1786355202,bench_mixed,0.00,0.00,0.0,0.822,0.003,67.699,6.976,0.00
1786355207,bench_mixed,0.00,0.00,0.0,0.822,0.003,67.699,6.973,0.00
1786355213,bench_mixed,0.00,0.00,0.0,0.822,0.003,67.699,6.972,0.00
1786355218,bench_mixed,0.00,0.00,0.0,0.822,0.003,67.699,6.972,0.00
1786355223,bench_mixed,0.00,0.00,0.0,0.822,0.003,67.699,6.972,0.00
1786355228,bench_mixed,0.00,0.00,0.0,0.822,0.003,67.699,6.971,0.00
1786355233,bench_mixed,0.00,0.00,0.0,0.822,0.003,67.699,6.971,0.00
1786355238,bench_mixed,0.00,0.00,0.0,0.822,0.003,67.699,6.971,0.00
1786355243,bench_mixed,0.00,0.00,0.0,0.822,0.003,67.699,6.972,0.00
1786355248,bench_mixed,0.00,0.00,0.0,0.822,0.003,67.699,6.971,0.00
1786355253,bench_mixed,0.00,0.00,0.0,0.822,0.003,67.699,6.971,0.00
1786355258,bench_mixed,0.00,0.00,0.0,0.822,0.003,67.699,6.973,0.00
1786355263,bench_mixed,0.00,0.00,0.0,0.822,0.003,67.699,6.974,0.00
1786355268,bench_mixed,0.00,0.00,0.0,0.822,0.003,67.699,6.974,0.00
1786355273,bench_mixed,0.00,0.00,0.0,0.822,0.003,67.699,6.975,0.00
1786355278,bench_mixed,0.00,0.00,0.0,0.822,0.003,67.699,6.974,0.00
1786355283,bench_mixed,0.00,0.00,0.0,0.822,0.003,67.699,6.976,0.00
1786355288,bench_mixed,0.00,0.00,0.0,0.822,0.003,67.699,6.976,0.00
1786355293,bench_mixed,0.00,0.00,0.0,0.822,0.003,67.699,6.977,0.00
1786355298,bench_mixed,0.00,0.00,0.0,0.822,0.003,67.699,6.976,0.00
1786355303,bench_mixed,0.00,0.00,0.0,0.822,0.003,67.699,6.977,0.00
1786355309,bench_mixed,0.00,0.00,0.0,0.822,0.003,67.699,6.978,0.00
1786355314,bench_mixed,0.00,0.00,0.0,0.822,0.003,67.699,6.979,0.00
1786355319,bench_mixed,0.00,0.00,0.0,0.822,0.003,67.699,6.978,0.00
1786355324,bench_mixed,0.00,0.00,0.0,0.822,0.003,67.699,6.978,0.00
1786355329,bench_mixed,0.00,0.00,0.0,0.822,0.003,67.699,6.980,0.00
1786355334,bench_mixed,0.00,0.00,0.0,0.822,0.003,67.699,6.980,0.00
1786355339,bench_mixed,0.00,0.00,0.0,0.822,0.003,67.699,6.979,0.00
1786355344,bench_mixed,0.00,0.00,0.0,0.822,0.003,67.699,6.980,0.00
1786355349,bench_mixed,0.00,0.00,0.0,0.822,0.003,67.699,6.979,0.00
1786355354,bench_mixed,0.00,0.00,0.0,0.822,0.003,67.699,6.981,0.00
1786355359,bench_mixed,0.00,0.00,0.0,0.822,0.003,67.699,6.981,0.00
1786355364,bench_mixed,0.00,0.00,0.0,0.822,0.003,67.699,6.984,0.00
1786355369,bench_mixed,0.00,0.00,0.0,0.822,0.003,67.699,6.984,0.00
1786355374,bench_mixed,0.00,0.00,0.0,0.822,0.003,67.699,6.985,0.00
1786355379,bench_mixed,0.00,0.00,0.0,0.822,0.003,67.699,6.986,0.00
1786355384,bench_mixed,0.00,0.00,0.0,0.822,0.003,67.699,6.972,0.03
1786355389,bench_mixed,0.00,0.00,0.0,0.822,0.003,67.699,6.969,0.02
1786355394,bench_mixed,0.00,0.00,0.0,0.822,0.003,67.699,6.971,0.00
1786355400,bench_mixed,0.00,0.00,0.0,0.822,0.003,67.699,6.971,0.00
1786355405,bench_mixed,0.00,0.00,0.0,0.822,0.003,67.699,6.971,0.00
1786355410,bench_mixed,0.00,0.00,0.0,0.822,0.003,67.699,6.972,0.00
1786355415,bench_mixed,0.00,0.00,0.0,0.822,0.003,67.699,6.971,0.00
1786355420,bench_mixed,0.00,0.00,0.0,0.822,0.003,67.699,6.971,0.00
1786355425,bench_mixed,0.00,0.00,0.0,0.822,0.003,67.699,6.971,0.00
1786355430,bench_mixed,0.00,0.00,0.0,0.822,0.003,67.699,6.971,0.00
1786355435,bench_mixed,0.00,0.00,0.0,0.822,0.003,67.699,6.972,0.00
1786355440,bench_mixed,0.00,0.00,0.0,0.822,0.003,67.699,6.972,0.00
1786355445,bench_mixed,0.00,0.00,0.0,0.822,0.003,67.699,6.974,0.00
1786355450,bench_mixed,0.00,0.00,0.0,0.822,0.003,67.699,6.974,0.00
1786355455,bench_mixed,0.00,0.00,0.0,0.822,0.003,67.699,6.974,0.00
1786355460,bench_mixed,0.00,0.00,0.0,0.822,0.003,67.699,6.974,0.00
1786355465,bench_mixed,0.00,0.00,0.0,0.822,0.003,67.699,6.977,0.00
1786355470,bench_mixed,0.00,0.00,0.0,0.822,0.003,67.699,6.977,0.00
1786355475,bench_mixed,0.00,0.00,0.0,0.822,0.003,67.699,6.975,0.00
1786355480,bench_mixed,0.00,0.00,0.0,0.822,0.003,67.699,6.975,0.00
1786355485,bench_mixed,0.00,0.00,0.0,0.822,0.003,67.699,6.976,0.00
1786355490,bench_mixed,0.00,0.00,0.0,0.822,0.003,67.699,6.975,0.00
1786355496,bench_mixed,0.00,0.00,0.0,0.822,0.003,67.699,6.974,0.00
1786355501,bench_mixed,0.00,0.00,0.0,0.822,0.003,67.699,6.974,0.00
1786355506,bench_mixed,0.00,0.00,0.0,0.822,0.003,67.699,6.976,0.00
1786355511,bench_mixed,0.00,0.00,0.0,0.822,0.003,67.699,6.976,0.00
1786355516,bench_mixed,0.00,0.00,0.0,0.822,0.003,67.699,6.977,0.00
1786355521,bench_mixed,0.00,0.00,0.0,0.822,0.003,67.699,6.977,0.00
1786355526,bench_mixed,0.00,0.00,0.0,0.822,0.003,67.699,6.981,0.00
1786355531,bench_mixed,0.00,0.00,0.0,0.822,0.003,67.699,6.982,0.00
1786355536,bench_mixed,0.00,0.00,0.0,0.822,0.003,67.699,6.980,0.00
1786355541,bench_mixed,0.00,0.00,0.0,0.822,0.003,67.699,6.980,0.00
1786355546,bench_mixed,0.00,0.00,0.0,0.822,0.003,67.699,6.978,0.00
1786355551,bench_mixed,0.00,0.00,0.0,0.822,0.003,67.699,6.978,0.00
1786355556,bench_mixed,0.00,0.00,0.0,0.822,0.003,67.699,6.977,0.00
1786355561,bench_mixed,0.00,0.00,0.0,0.822,0.003,67.699,6.977,0.00
1786355566,bench_mixed,0.00,0.00,0.0,0.822,0.003,67.699,6.979,0.00
1786355571,bench_mixed,0.00,0.00,0.0,0.822,0.003,67.699,6.979,0.00
1786355576,bench_mixed,0.00,0.00,0.0,0.822,0.003,67.699,6.979,0.00
1786355581,bench_mixed,0.00,0.00,0.0,0.822,0.003,67.699,6.979,0.00
1786355587,bench_mixed,0.00,0.00,0.0,0.822,0.003,67.699,6.982,0.00
1786355592,bench_mixed,0.00,0.00,0.0,0.822,0.003,67.699,6.982,0.00
1786355597,bench_mixed,0.00,0.00,0.0,0.822,0.003,67.699,6.980,0.00
1786355602,bench_mixed,0.00,0.00,0.0,0.822,0.003,67.699,6.979,0.00
1786355607,bench_mixed,0.00,0.00,0.0,0.822,0.003,67.699,6.978,0.00
1786355612,bench_mixed,0.00,0.00,0.0,0.822,0.003,67.699,6.978,0.00
1786355617,bench_mixed,0.00,0.00,0.0,0.822,0.003,67.699,6.978,0.00
1786355622,bench_mixed,0.00,0.00,0.0,0.822,0.003,67.699,6.979,0.00
1786355627,bench_mixed,0.00,0.00,0.0,0.822,0.003,67.699,6.977,0.00
1786355632,bench_mixed,0.00,0.00,0.0,0.822,0.003,67.699,6.977,0.00
1786355637,bench_mixed,0.00,0.00,0.0,0.822,0.003,67.699,6.976,0.00
1786355642,bench_mixed,0.00,0.00,0.0,0.822,0.003,67.699,6.976,0.00
1786355647,bench_mixed,0.00,0.00,0.0,0.822,0.003,67.699,6.974,0.00
1786355652,bench_mixed,0.00,0.00,0.0,0.822,0.003,67.699,6.974,0.00
1786355657,bench_mixed,0.00,0.00,0.0,0.822,0.003,67.699,6.974,0.00
1786355662,bench_mixed,0.00,0.00,0.0,0.822,0.003,67.699,6.975,0.00
1786355667,bench_mixed,0.00,0.00,0.0,0.822,0.003,67.699,6.976,0.00
1786355672,bench_mixed,0.00,0.00,0.0,0.822,0.003,67.699,6.976,0.00
1786355677,bench_mixed,0.00,0.00,0.0,0.822,0.003,67.699,6.976,0.00
1786355683,bench_mixed,0.00,0.00,0.0,0.822,0.003,67.699,6.977,0.00
1786355688,bench_mixed,0.00,0.00,0.0,0.822,0.003,67.699,6.960,0.06
1786355693,bench_mixed,0.00,0.00,0.0,0.822,0.003,67.699,6.961,0.00
1786355698,bench_mixed,0.00,0.00,0.0,0.822,0.003,67.699,6.962,0.00
1786355703,bench_mixed,0.00,0.00,0.0,0.822,0.003,67.699,6.961,0.00
1786355708,bench_mixed,0.00,0.00,0.0,0.822,0.003,67.699,6.960,0.00
1786355713,bench_mixed,0.00,0.00,0.0,0.822,0.003,67.699,6.961,0.00
1786355718,bench_mixed,0.00,0.00,0.0,0.822,0.003,67.699,6.959,0.00
1786355723,bench_mixed,0.00,0.00,0.0,0.822,0.003,67.699,6.963,0.00
1786355728,bench_mixed,0.00,0.00,0.0,0.822,0.003,67.699,6.964,0.00
1786355733,bench_mixed,0.00,0.00,0.0,0.822,0.003,67.699,6.964,0.00
1786355738,bench_mixed,0.00,0.00,0.0,0.822,0.003,67.699,6.963,0.00
1786355743,bench_mixed,0.00,0.00,0.0,0.822,0.003,67.699,6.965,0.00
1786355748,bench_mixed,0.00,0.00,0.0,0.822,0.003,67.699,6.965,0.00
1786355753,bench_mixed,0.00,0.00,0.0,0.822,0.003,67.699,6.967,0.00
1786355758,bench_mixed,0.00,0.00,0.0,0.822,0.003,67.699,6.967,0.00
1786355763,bench_mixed,0.00,0.00,0.0,0.822,0.003,67.699,6.968,0.00
1786355768,bench_mixed,0.00,0.00,0.0,0.822,0.003,67.699,6.968,0.00
1786355774,bench_mixed,0.00,0.00,0.0,0.822,0.003,67.699,6.967,0.00
1786355779,bench_mixed,0.00,0.00,0.0,0.822,0.003,67.699,6.968,0.00
1786355784,bench_mixed,0.00,0.00,0.0,0.822,0.003,67.699,6.967,0.00
1786355789,bench_mixed,0.00,0.00,0.0,0.822,0.003,67.699,6.968,0.00
1786355794,bench_mixed,0.00,0.00,0.0,0.822,0.003,67.699,6.973,0.00
1786355799,bench_mixed,0.00,0.00,0.0,0.822,0.003,67.699,6.973,0.00
1786355804,bench_mixed,0.00,0.00,0.0,0.822,0.003,67.699,6.972,0.00
1786355809,bench_mixed,0.00,0.00,0.0,0.822,0.003,67.699,6.972,0.00
1786355814,bench_mixed,0.00,0.00,0.0,0.822,0.003,67.699,6.971,0.00
1786355819,bench_mixed,0.00,0.00,0.0,0.822,0.003,67.699,6.971,0.00
1786355824,bench_mixed,0.00,0.00,0.0,0.822,0.003,67.699,6.972,0.00
1786355829,bench_mixed,0.00,0.00,0.0,0.822,0.003,67.699,6.973,0.00
1786355834,bench_mixed,0.00,0.00,0.0,0.822,0.003,67.699,6.973,0.00
1786355839,bench_mixed,0.00,0.00,0.0,0.822,0.003,67.699,6.973,0.00
1786355844,bench_mixed,0.00,0.00,0.0,0.822,0.003,67.699,6.977,0.00
1786355849,bench_mixed,0.00,0.00,0.0,0.822,0.003,67.699,6.977,0.00
1786355854,bench_mixed,0.00,0.00,0.0,0.822,0.003,67.699,6.977,0.00
1786355859,bench_mixed,0.00,0.00,0.0,0.822,0.003,67.699,6.977,0.00
1786355864,bench_mixed,0.00,0.00,0.0,0.822,0.003,67.699,6.978,0.00
1786355870,bench_mixed,0.00,0.00,0.0,0.822,0.003,67.699,6.978,0.00
1786355875,bench_mixed,0.00,0.00,0.0,0.822,0.003,67.699,6.978,0.00
1786355880,bench_mixed,0.00,0.00,0.0,0.822,0.003,67.699,6.979,0.00
1786355885,bench_mixed,0.00,0.00,0.0,0.822,0.003,67.699,6.978,0.00
1786355890,bench_mixed,0.00,0.00,0.0,0.822,0.003,67.699,6.979,0.00
1786355895,bench_mixed,0.00,0.00,0.0,0.822,0.003,67.699,6.980,0.00
1786355900,bench_mixed,0.00,0.00,0.0,0.822,0.003,67.699,6.980,0.00
1786355905,bench_mixed,0.00,0.00,0.0,0.822,0.003,67.699,6.981,0.00
1786355910,bench_mixed,0.00,0.00,0.0,0.822,0.003,67.699,6.981,0.00
1786355915,bench_mixed,0.00,0.00,0.0,0.822,0.003,67.699,6.978,0.00
1786355920,bench_mixed,0.00,0.00,0.0,0.822,0.003,67.699,6.979,0.00
1786355925,bench_mixed,0.00,0.00,0.0,0.822,0.003,67.699,6.977,0.00
1786355930,bench_mixed,0.00,0.00,0.0,0.822,0.003,67.699,6.978,0.00
1786355935,bench_mixed,0.00,0.00,0.0,0.822,0.003,67.699,6.976,0.00
1786355940,bench_mixed,0.00,0.00,0.0,0.822,0.003,67.699,6.976,0.00
1786355945,bench_mixed,0.00,0.00,0.0,0.822,0.003,67.699,6.975,0.00
1786355950,bench_mixed,0.00,0.00,0.0,0.822,0.003,67.699,6.975,0.00
1786355955,bench_mixed,0.00,0.00,0.0,0.822,0.003,67.699,6.978,0.00
1786355961,bench_mixed,0.00,0.00,0.0,0.822,0.003,67.699,6.978,0.00
1786355966,bench_mixed,0.00,0.00,0.0,0.822,0.003,67.699,6.977,0.00
1786355971,bench_mixed,0.00,0.00,0.0,0.822,0.003,67.699,6.977,0.00
1786355976,bench_mixed,0.00,0.00,0.0,0.822,0.003,67.699,6.979,0.00
1786355981,bench_mixed,0.00,0.00,0.0,0.822,0.003,67.699,6.979,0.00
1786355986,bench_mixed,0.00,0.00,0.0,0.822,0.003,67.699,6.965,0.05
1786355991,bench_mixed,0.00,0.00,0.0,0.822,0.003,67.699,6.966,0.01
1786355996,bench_mixed,0.00,0.00,0.0,0.822,0.003,67.699,6.966,0.00
1786356001,bench_mixed,0.00,0.00,0.0,0.822,0.003,67.699,6.967,0.00
1786356006,bench_mixed,0.00,0.00,0.0,0.822,0.003,67.699,6.968,0.00
1786356011,bench_mixed,0.00,0.00,0.0,0.822,0.003,67.699,6.969,0.00
1786356016,bench_mixed,0.00,0.00,0.0,0.822,0.003,67.699,6.969,0.00
1786356021,bench_mixed,0.00,0.00,0.0,0.822,0.003,67.699,6.970,0.00
1786356026,bench_mixed,0.00,0.00,0.0,0.822,0.003,67.699,6.971,0.00
1786356031,bench_mixed,0.00,0.00,0.0,0.822,0.003,67.699,6.972,0.00
1786356036,bench_mixed,0.00,0.00,0.0,0.822,0.003,67.699,6.971,0.00
1786356041,bench_mixed,0.00,0.00,0.0,0.822,0.003,67.699,6.972,0.00
1786356046,bench_mixed,0.00,0.00,0.0,0.822,0.003,67.699,6.972,0.00
1786356051,bench_mixed,0.00,0.00,0.0,0.822,0.003,67.699,6.973,0.00
1786356057,bench_mixed,0.00,0.00,0.0,0.822,0.003,67.699,6.971,0.00
1786356062,bench_mixed,0.00,0.00,0.0,0.822,0.003,67.699,6.971,0.00
1786356067,bench_mixed,0.00,0.00,0.0,0.822,0.003,67.699,6.971,0.00
1786356072,bench_mixed,0.00,0.00,0.0,0.822,0.003,67.699,6.972,0.00
1786356077,bench_mixed,0.00,0.00,0.0,0.822,0.003,67.699,6.975,0.00
1786356082,bench_mixed,0.00,0.00,0.0,0.822,0.003,67.699,6.976,0.00
1786356087,bench_mixed,0.00,0.00,0.0,0.822,0.003,67.699,6.966,0.00
1786356092,bench_mixed,0.00,0.00,0.0,0.822,0.003,67.699,6.974,0.00
1786356097,bench_mixed,0.00,0.00,0.0,0.822,0.003,67.699,6.974,0.00
1786356102,bench_mixed,0.00,0.00,0.0,0.822,0.003,67.699,6.975,0.00
1786356107,bench_mixed,0.00,0.00,0.0,0.822,0.003,67.699,6.975,0.00
1786356112,bench_mixed,0.00,0.00,0.0,0.822,0.003,67.699,6.977,0.00
1786356117,bench_mixed,0.00,0.00,0.0,0.822,0.003,67.699,6.976,0.00
1786356122,bench_mixed,0.00,0.00,0.0,0.822,0.003,67.699,6.974,0.00
1786356127,bench_mixed,0.00,0.00,0.0,0.822,0.003,67.699,6.974,0.00
1786356132,bench_mixed,0.00,0.00,0.0,0.822,0.003,67.699,6.973,0.00
1786356137,bench_mixed,0.00,0.00,0.0,0.822,0.003,67.699,6.974,0.00
1786356142,bench_mixed,0.00,0.00,0.0,0.822,0.003,67.699,6.973,0.00
1786356148,bench_mixed,0.00,0.00,0.0,0.822,0.003,67.699,6.973,0.00
1786356153,bench_mixed,0.00,0.00,0.0,0.822,0.003,67.699,6.977,0.00
1786356158,bench_mixed,0.00,0.00,0.0,0.822,0.003,67.699,6.977,0.00
1786356163,bench_mixed,0.00,0.00,0.0,0.822,0.003,67.699,6.976,0.00
1786356168,bench_mixed,0.00,0.00,0.0,0.822,0.003,67.699,6.975,0.00
1786356173,bench_mixed,0.00,0.00,0.0,0.822,0.003,67.699,6.978,0.00
1786356178,bench_mixed,0.00,0.00,0.0,0.822,0.003,67.699,6.977,0.00
1786356183,bench_mixed,0.00,0.00,0.0,0.822,0.003,67.699,6.976,0.00
1786356188,bench_mixed,0.00,0.00,0.0,0.822,0.003,67.699,6.976,0.00
1786356193,bench_mixed,0.00,0.00,0.0,0.822,0.003,67.699,6.975,0.00
1786356198,bench_mixed,0.00,0.00,0.0,0.822,0.003,67.699,6.975,0.00
1786356203,bench_mixed,0.00,0.00,0.0,0.822,0.003,67.699,6.977,0.00
1786356208,bench_mixed,0.00,0.00,0.0,0.822,0.003,67.699,6.977,0.00
1786356213,bench_mixed,0.00,0.00,0.0,0.822,0.003,67.699,6.976,0.00
1786356218,bench_mixed,0.00,0.00,0.0,0.822,0.003,67.699,6.976,0.00
1786356223,bench_mixed,0.00,0.00,0.0,0.822,0.003,67.699,6.977,0.00
1786356228,bench_mixed,0.00,0.00,0.0,0.822,0.003,67.699,6.977,0.00
1786356233,bench_mixed,0.00,0.00,0.0,0.822,0.003,67.699,6.978,0.00
1786356239,bench_mixed,0.00,0.00,0.0,0.822,0.003,67.699,6.979,0.00
1786356244,bench_mixed,0.00,0.00,0.0,0.822,0.003,67.699,6.980,0.00
1786356249,bench_mixed,0.00,0.00,0.0,0.822,0.003,67.699,6.979,0.00
1786356254,bench_mixed,0.00,0.00,0.0,0.822,0.003,67.699,6.978,0.00
1786356259,bench_mixed,0.00,0.00,0.0,0.822,0.003,67.699,6.980,0.00
1786356264,bench_mixed,0.00,0.00,0.0,0.822,0.003,67.699,6.981,0.00
1786356269,bench_mixed,0.00,0.00,0.0,0.822,0.003,67.699,6.980,0.00
1786356274,bench_mixed,0.00,0.00,0.0,0.822,0.003,67.699,6.985,0.00
1786356279,bench_mixed,0.00,0.00,0.0,0.822,0.003,67.699,6.985,0.00
1786356284,bench_mixed,0.00,0.00,0.0,0.822,0.003,67.699,6.975,0.03
1786356289,bench_mixed,0.00,0.00,0.0,0.822,0.003,67.699,6.970,0.03
1786356294,bench_mixed,0.00,0.00,0.0,0.822,0.003,67.699,6.970,0.00
1786356299,bench_mixed,0.00,0.00,0.0,0.822,0.003,67.699,6.971,0.00
1786356304,bench_mixed,0.00,0.00,0.0,0.822,0.003,67.699,6.973,0.00
1786356309,bench_mixed,0.00,0.00,0.0,0.822,0.003,67.699,6.974,0.00
1786356314,bench_mixed,0.00,0.00,0.0,0.822,0.003,67.699,6.976,0.00
1786356319,bench_mixed,0.00,0.00,0.0,0.822,0.003,67.699,6.976,0.00
1786356324,bench_mixed,0.00,0.00,0.0,0.822,0.003,67.699,6.980,0.00
1786356329,bench_mixed,0.00,0.00,0.0,0.822,0.003,67.699,6.981,0.00
1786356335,bench_mixed,0.00,0.00,0.0,0.822,0.003,67.699,6.979,0.00
1786356340,bench_mixed,0.00,0.00,0.0,0.822,0.003,67.699,6.980,0.00
1786356345,bench_mixed,0.00,0.00,0.0,0.822,0.003,67.699,6.983,0.00
1786356350,bench_mixed,0.00,0.00,0.0,0.822,0.003,67.699,6.984,0.00
1786356355,bench_mixed,0.00,0.00,0.0,0.822,0.003,67.699,6.985,0.00
1786356360,bench_mixed,0.00,0.00,0.0,0.822,0.003,67.699,6.985,0.00
1786356365,bench_mixed,0.00,0.00,0.0,0.822,0.003,67.699,6.986,0.00
1786356370,bench_mixed,0.00,0.00,0.0,0.822,0.003,67.699,6.986,0.00
1786356375,bench_mixed,0.00,0.00,0.0,0.822,0.003,67.699,6.983,0.00
1786356380,bench_mixed,0.00,0.00,0.0,0.822,0.003,67.699,6.983,0.00
1786356385,bench_mixed,0.00,0.00,0.0,0.822,0.003,67.699,6.983,0.00
1786356390,bench_mixed,0.00,0.00,0.0,0.822,0.003,67.699,6.984,0.00
1786356395,bench_mixed,0.00,0.00,0.0,0.822,0.003,67.699,6.987,0.00
1786356400,bench_mixed,0.00,0.00,0.0,0.822,0.003,67.699,6.986,0.00
1786356405,bench_mixed,0.00,0.00,0.0,0.822,0.003,67.699,6.985,0.00
1786356410,bench_mixed,0.00,0.00,0.0,0.822,0.003,67.699,6.985,0.00
1786356415,bench_mixed,0.00,0.00,0.0,0.822,0.003,67.699,6.984,0.00
1786356420,bench_mixed,0.00,0.00,0.0,0.822,0.003,67.699,6.984,0.00
1786356426,bench_mixed,0.00,0.00,0.0,0.822,0.003,67.699,6.984,0.00
1786356431,bench_mixed,0.00,0.00,0.0,0.822,0.003,67.699,6.984,0.00
1786356436,bench_mixed,0.00,0.00,0.0,0.822,0.003,67.699,6.984,0.00
1786356441,bench_mixed,0.00,0.00,0.0,0.822,0.003,67.699,6.984,0.00
1786356446,bench_mixed,0.00,0.00,0.0,0.822,0.003,67.699,6.984,0.00
1786356451,bench_mixed,0.00,0.00,0.0,0.822,0.003,67.699,6.984,0.00
1786356456,bench_mixed,0.00,0.00,0.0,0.822,0.003,67.699,6.985,0.00
1786356461,bench_mixed,0.00,0.00,0.0,0.822,0.003,67.699,6.984,0.00
1786356466,bench_mixed,0.00,0.00,0.0,0.822,0.003,67.699,6.983,0.00
1786356471,bench_mixed,0.00,0.00,0.0,0.822,0.003,67.699,6.984,0.00
1786356476,bench_mixed,0.00,0.00,0.0,0.822,0.003,67.699,6.984,0.00
1786356481,bench_mixed,0.00,0.00,0.0,0.822,0.003,67.699,6.985,0.00
1786356486,bench_mixed,0.00,0.00,0.0,0.822,0.003,67.699,6.985,0.00
1786356491,bench_mixed,0.00,0.00,0.0,0.822,0.003,67.699,6.988,0.00
1786356496,bench_mixed,0.00,0.00,0.0,0.822,0.003,67.699,6.987,0.00
1786356501,bench_mixed,0.00,0.00,0.0,0.822,0.003,67.699,6.990,0.00
1786356506,bench_mixed,0.00,0.00,0.0,0.822,0.003,67.699,6.989,0.00
1786356511,bench_mixed,0.00,0.00,0.0,0.822,0.003,67.699,6.987,0.00
1786356516,bench_mixed,0.00,0.00,0.0,0.822,0.003,67.699,6.987,0.00
1786356522,bench_mixed,0.00,0.00,0.0,0.822,0.003,67.699,6.989,0.00
1786356527,bench_mixed,0.00,0.00,0.0,0.822,0.003,67.699,6.988,0.00
1786356532,bench_mixed,0.00,0.00,0.0,0.822,0.003,67.699,6.988,0.00
1786356537,bench_mixed,0.00,0.00,0.0,0.822,0.003,67.699,6.989,0.00
1786356542,bench_mixed,0.00,0.00,0.0,0.822,0.003,67.699,6.987,0.00
1786356547,bench_mixed,0.00,0.00,0.0,0.822,0.003,67.699,6.987,0.00
1786356552,bench_mixed,0.00,0.00,0.0,0.822,0.003,67.699,6.986,0.00
1786356557,bench_mixed,0.00,0.00,0.0,0.822,0.003,67.699,6.986,0.00
1786356562,bench_mixed,0.00,0.00,0.0,0.822,0.003,67.699,6.985,0.00
1786356567,bench_mixed,0.00,0.00,0.0,0.822,0.003,67.699,6.985,0.00
1786356572,bench_mixed,0.00,0.00,0.0,0.822,0.003,67.699,6.984,0.00
1786356577,bench_mixed,0.00,0.00,0.0,0.822,0.003,67.699,6.985,0.00
1786356582,bench_mixed,0.00,0.00,0.0,0.822,0.003,67.699,6.983,0.00
1786356587,bench_mixed,0.00,0.00,0.0,0.822,0.003,67.699,6.967,0.06
1786356592,bench_mixed,0.00,0.00,0.0,0.822,0.003,67.699,6.971,0.00
1786356597,bench_mixed,0.00,0.00,0.0,0.822,0.003,67.699,6.971,0.00
1786356602,bench_mixed,0.00,0.00,0.0,0.822,0.003,67.699,6.974,0.00
1786356607,bench_mixed,0.00,0.00,0.0,0.822,0.003,67.699,6.973,0.00
1786356613,bench_mixed,0.00,0.00,0.0,0.822,0.003,67.699,6.971,0.00
1786356618,bench_mixed,0.00,0.00,0.0,0.822,0.003,67.699,6.971,0.00
1786356623,bench_mixed,0.00,0.00,0.0,0.822,0.003,67.699,6.974,0.00
1786356628,bench_mixed,0.00,0.00,0.0,0.822,0.003,67.699,6.974,0.00
1786356633,bench_mixed,0.00,0.00,0.0,0.822,0.003,67.699,6.974,0.00
1786356638,bench_mixed,0.00,0.00,0.0,0.822,0.003,67.699,6.975,0.00
1786356643,bench_mixed,0.00,0.00,0.0,0.822,0.003,67.699,6.977,0.00
1786356648,bench_mixed,0.00,0.00,0.0,0.822,0.003,67.699,6.977,0.00
1786356653,bench_mixed,0.00,0.00,0.0,0.822,0.003,67.699,6.973,0.00
1786356658,bench_mixed,0.00,0.00,0.0,0.822,0.003,67.699,6.973,0.00
1786356663,bench_mixed,0.00,0.00,0.0,0.822,0.003,67.699,6.972,0.00
1786356668,bench_mixed,0.00,0.00,0.0,0.822,0.003,67.699,6.973,0.00
1786356673,bench_mixed,0.00,0.00,0.0,0.822,0.003,67.699,6.972,0.00
1786356678,bench_mixed,0.00,0.00,0.0,0.822,0.003,67.699,6.973,0.00
1786356683,bench_mixed,0.00,0.00,0.0,0.822,0.003,67.699,6.974,0.00
1786356688,bench_mixed,0.00,0.00,0.0,0.822,0.003,67.699,6.974,0.00
1786356693,bench_mixed,0.00,0.00,0.0,0.822,0.003,67.699,6.977,0.00
1786356698,bench_mixed,0.00,0.00,0.0,0.822,0.003,67.699,6.977,0.00
1786356703,bench_mixed,0.00,0.00,0.0,0.822,0.003,67.699,6.975,0.00
1786356709,bench_mixed,0.00,0.00,0.0,0.822,0.003,67.699,6.975,0.00
1786356714,bench_mixed,0.00,0.00,0.0,0.822,0.003,67.699,6.972,0.00
1786356719,bench_mixed,0.00,0.00,0.0,0.822,0.003,67.699,6.973,0.00
1786356724,bench_mixed,0.00,0.00,0.0,0.822,0.003,67.699,6.971,0.00
1786356729,bench_mixed,0.00,0.00,0.0,0.822,0.003,67.699,6.970,0.00
1786356734,bench_mixed,0.00,0.00,0.0,0.822,0.003,67.699,6.970,0.00
1786356739,bench_mixed,0.00,0.00,0.0,0.822,0.003,67.699,6.970,0.00
1786356744,bench_mixed,0.00,0.00,0.0,0.822,0.003,67.699,6.970,0.00
1786356749,bench_mixed,0.00,0.00,0.0,0.822,0.003,67.699,6.971,0.00
1786356754,bench_mixed,0.00,0.00,0.0,0.822,0.003,67.699,6.968,0.00
1786356759,bench_mixed,0.00,0.00,0.0,0.822,0.003,67.699,6.969,0.00
1786356764,bench_mixed,0.00,0.00,0.0,0.822,0.003,67.699,6.969,0.00
1786356769,bench_mixed,0.00,0.00,0.0,0.822,0.003,67.699,6.970,0.00
1786356774,bench_mixed,0.00,0.00,0.0,0.822,0.003,67.699,6.971,0.00
1786356779,bench_mixed,0.00,0.00,0.0,0.822,0.003,67.699,6.972,0.00
1786356784,bench_mixed,0.00,0.00,0.0,0.822,0.003,67.699,6.974,0.00
1786356789,bench_mixed,0.00,0.00,0.0,0.822,0.003,67.699,6.974,0.00
1786356794,bench_mixed,0.00,0.00,0.0,0.822,0.003,67.699,6.974,0.00
1786356800,bench_mixed,0.00,0.00,0.0,0.822,0.003,67.699,6.975,0.00
1786356805,bench_mixed,0.00,0.00,0.0,0.822,0.003,67.699,6.975,0.00
1786356810,bench_mixed,0.00,0.00,0.0,0.822,0.003,67.699,6.975,0.00
1786356815,bench_mixed,0.00,0.00,0.0,0.822,0.003,67.699,6.970,0.00
1786356820,bench_mixed,0.00,0.00,0.0,0.822,0.003,67.699,6.976,0.00
1786356825,bench_mixed,0.00,0.00,0.0,0.822,0.003,67.699,6.976,0.00
1786356830,bench_mixed,0.00,0.00,0.0,0.822,0.003,67.699,6.976,0.00
1786356835,bench_mixed,0.00,0.00,0.0,0.822,0.003,67.699,6.976,0.00
1786356840,bench_mixed,0.00,0.00,0.0,0.822,0.003,67.699,6.980,0.00
1786356845,bench_mixed,0.00,0.00,0.0,0.822,0.003,67.699,6.979,0.00
1786356850,bench_mixed,0.00,0.00,0.0,0.822,0.003,67.699,6.979,0.00
1786356855,bench_mixed,0.00,0.00,0.0,0.822,0.003,67.699,6.979,0.00
1786356860,bench_mixed,0.00,0.00,0.0,0.822,0.003,67.699,6.981,0.00
1786356865,bench_mixed,0.00,0.00,0.0,0.822,0.003,67.699,6.981,0.00
1786356870,bench_mixed,0.00,0.00,0.0,0.822,0.003,67.699,6.979,0.00
1786356875,bench_mixed,0.00,0.00,0.0,0.822,0.003,67.699,6.979,0.00
1786356880,bench_mixed,0.00,0.00,0.0,0.822,0.003,67.699,6.977,0.00
1786356885,bench_mixed,0.00,0.00,0.0,0.822,0.003,67.699,6.964,0.04
1786356890,bench_mixed,0.00,0.00,0.0,0.822,0.003,67.699,6.964,0.02
1786356896,bench_mixed,0.00,0.00,0.0,0.822,0.003,67.699,6.965,0.00
1786356901,bench_mixed,0.00,0.00,0.0,0.822,0.003,67.699,6.965,0.00
1786356906,bench_mixed,0.00,0.00,0.0,0.822,0.003,67.699,6.965,0.00
1786356911,bench_mixed,0.00,0.00,0.0,0.822,0.003,67.699,6.966,0.00
1786356916,bench_mixed,0.00,0.00,0.0,0.822,0.003,67.699,6.965,0.00
1786356921,bench_mixed,0.00,0.00,0.0,0.822,0.003,67.699,6.965,0.00
1786356926,bench_mixed,0.00,0.00,0.0,0.822,0.003,67.699,6.965,0.00
1786356931,bench_mixed,0.00,0.00,0.0,0.822,0.003,67.699,6.964,0.00
1786356936,bench_mixed,0.00,0.00,0.0,0.822,0.003,67.699,6.964,0.00
1786356941,bench_mixed,0.00,0.00,0.0,0.822,0.003,67.699,6.963,0.00
1786356946,bench_mixed,0.00,0.00,0.0,0.822,0.003,67.699,6.963,0.00
1786356951,bench_mixed,0.00,0.00,0.0,0.822,0.003,67.699,6.964,0.00
1786356956,bench_mixed,0.00,0.00,0.0,0.822,0.003,67.699,6.965,0.00
1786356961,bench_mixed,0.00,0.00,0.0,0.822,0.003,67.699,6.965,0.00
1786356966,bench_mixed,0.00,0.00,0.0,0.822,0.003,67.699,6.966,0.00
1786356971,bench_mixed,0.00,0.00,0.0,0.822,0.003,67.699,6.965,0.00
1786356976,bench_mixed,0.00,0.00,0.0,0.822,0.003,67.699,6.966,0.00
1786356981,bench_mixed,0.00,0.00,0.0,0.822,0.003,67.699,6.970,0.00
1786356987,bench_mixed,0.00,0.00,0.0,0.822,0.003,67.699,6.972,0.00
1786356992,bench_mixed,0.00,0.00,0.0,0.822,0.003,67.699,6.971,0.00
1786356997,bench_mixed,0.00,0.00,0.0,0.822,0.003,67.699,6.971,0.00
1786357002,bench_mixed,0.00,0.00,0.0,0.822,0.003,67.699,6.972,0.00
1786357007,bench_mixed,0.00,0.00,0.0,0.822,0.003,67.699,6.972,0.00
1786357012,bench_mixed,0.00,0.00,0.0,0.822,0.003,67.699,6.973,0.00
1786357017,bench_mixed,0.00,0.00,0.0,0.822,0.003,67.699,6.973,0.00
1786357022,bench_mixed,0.00,0.00,0.0,0.822,0.003,67.699,6.971,0.00
1786357027,bench_mixed,0.00,0.00,0.0,0.822,0.003,67.699,6.973,0.00
1786357032,bench_mixed,0.00,0.00,0.0,0.822,0.003,67.699,6.973,0.00
1786357037,bench_mixed,0.00,0.00,0.0,0.822,0.003,67.699,6.974,0.00
1786357042,bench_mixed,0.00,0.00,0.0,0.822,0.003,67.699,6.975,0.00
1786357047,bench_mixed,0.00,0.00,0.0,0.822,0.003,67.699,6.976,0.00
1786357052,bench_mixed,0.00,0.00,0.0,0.822,0.003,67.699,6.974,0.00
1786357057,bench_mixed,0.00,0.00,0.0,0.822,0.003,67.699,6.975,0.00
1786357062,bench_mixed,0.00,0.00,0.0,0.822,0.003,67.699,6.972,0.00
1786357067,bench_mixed,0.00,0.00,0.0,0.822,0.003,67.699,6.972,0.00
1786357072,bench_mixed,0.00,0.00,0.0,0.822,0.003,67.699,6.972,0.00
1786357077,bench_mixed,0.00,0.00,0.0,0.822,0.003,67.699,6.974,0.00
1786357083,bench_mixed,0.00,0.00,0.0,0.822,0.003,67.699,6.976,0.00
1786357088,bench_mixed,0.00,0.00,0.0,0.822,0.003,67.699,6.976,0.00
1786357093,bench_mixed,0.00,0.00,0.0,0.822,0.003,67.699,6.976,0.00
1786357098,bench_mixed,0.00,0.00,0.0,0.822,0.003,67.699,6.976,0.00
1786357103,bench_mixed,0.00,0.00,0.0,0.822,0.003,67.699,6.975,0.00
1786357108,bench_mixed,0.00,0.00,0.0,0.822,0.003,67.699,6.976,0.00
1786357113,bench_mixed,0.00,0.00,0.0,0.822,0.003,67.699,6.978,0.00
1786357118,bench_mixed,0.00,0.00,0.0,0.822,0.003,67.699,6.978,0.00
1786357123,bench_mixed,0.00,0.00,0.0,0.822,0.003,67.699,6.976,0.00
1786357128,bench_mixed,0.00,0.00,0.0,0.822,0.003,67.699,6.977,0.00
1786357133,bench_mixed,0.00,0.00,0.0,0.822,0.003,67.699,6.975,0.00
1786357138,bench_mixed,0.00,0.00,0.0,0.822,0.003,67.699,6.975,0.00
1786357143,bench_mixed,0.00,0.00,0.0,0.822,0.003,67.699,6.973,0.00
1786357148,bench_mixed,0.00,0.00,0.0,0.822,0.003,67.699,6.974,0.00
1786357153,bench_mixed,0.00,0.00,0.0,0.822,0.003,67.699,6.975,0.00
1786357158,bench_mixed,0.00,0.00,0.0,0.822,0.003,67.699,6.976,0.00
1786357163,bench_mixed,0.00,0.00,0.0,0.822,0.003,67.699,6.978,0.00
1786357168,bench_mixed,0.00,0.00,0.0,0.822,0.003,67.699,6.978,0.00
1786357173,bench_mixed,0.00,0.00,0.0,0.822,0.003,67.699,6.980,0.00
1786357179,bench_mixed,0.00,0.00,0.0,0.822,0.003,67.699,6.979,0.00
1786357184,bench_mixed,0.00,0.00,0.0,0.822,0.003,67.699,6.978,0.00
1786357189,bench_mixed,0.00,0.00,0.0,0.822,0.003,67.699,6.964,0.06
1786357194,bench_mixed,0.00,0.00,0.0,0.822,0.003,67.699,6.964,0.00
1786357199,bench_mixed,0.00,0.00,0.0,0.822,0.003,67.699,6.968,0.00
1786357204,bench_mixed,0.00,0.00,0.0,0.822,0.003,67.699,6.968,0.00
1786357209,bench_mixed,0.00,0.00,0.0,0.822,0.003,67.699,6.968,0.00
1786357214,bench_mixed,0.00,0.00,0.0,0.822,0.003,67.699,6.968,0.00
1786357219,bench_mixed,0.00,0.00,0.0,0.822,0.003,67.699,6.968,0.00
1786357224,bench_mixed,0.00,0.00,0.0,0.822,0.003,67.699,6.969,0.00
1786357229,bench_mixed,0.00,0.00,0.0,0.822,0.003,67.699,6.971,0.00
1786357234,bench_mixed,0.00,0.00,0.0,0.822,0.003,67.699,6.971,0.00
1786357239,bench_mixed,0.00,0.00,0.0,0.822,0.003,67.699,6.968,0.00
1786357244,bench_mixed,0.00,0.00,0.0,0.822,0.003,67.699,6.968,0.00
1786357249,bench_mixed,0.00,0.00,0.0,0.822,0.003,67.699,6.970,0.00
1786357254,bench_mixed,0.00,0.00,0.0,0.822,0.003,67.699,6.970,0.00
1786357259,bench_mixed,0.00,0.00,0.0,0.822,0.003,67.699,6.969,0.00
1786357264,bench_mixed,0.00,0.00,0.0,0.822,0.003,67.699,6.970,0.00
1786357270,bench_mixed,0.00,0.00,0.0,0.822,0.003,67.699,6.972,0.00
1786357275,bench_mixed,0.00,0.00,0.0,0.822,0.003,67.699,6.972,0.00
1786357280,bench_mixed,0.00,0.00,0.0,0.822,0.003,67.699,6.975,0.00
1786357285,bench_mixed,0.00,0.00,0.0,0.822,0.003,67.699,6.975,0.00
1786357290,bench_mixed,0.00,0.00,0.0,0.822,0.003,67.699,6.977,0.00
1786357295,bench_mixed,0.00,0.00,0.0,0.822,0.003,67.699,6.977,0.00
1786357300,bench_mixed,0.00,0.00,0.0,0.822,0.003,67.699,6.974,0.00
1786357305,bench_mixed,0.00,0.00,0.0,0.822,0.003,67.699,6.974,0.00
1786357310,bench_mixed,0.00,0.00,0.0,0.822,0.003,67.699,6.976,0.00
1786357315,bench_mixed,0.00,0.00,0.0,0.822,0.003,67.699,6.975,0.00
1786357320,bench_mixed,0.00,0.00,0.0,0.822,0.003,67.699,6.976,0.00
1786357325,bench_mixed,0.00,0.00,0.0,0.822,0.003,67.699,6.977,0.00
1786357330,bench_mixed,0.00,0.00,0.0,0.822,0.003,67.699,6.975,0.00
1786357335,bench_mixed,0.00,0.00,0.0,0.822,0.003,67.699,6.975,0.00
1786357340,bench_mixed,0.00,0.00,0.0,0.822,0.003,67.699,6.975,0.00
1786357345,bench_mixed,0.00,0.00,0.0,0.822,0.003,67.699,6.974,0.00
1786357350,bench_mixed,0.00,0.00,0.0,0.822,0.003,67.699,6.975,0.00
1786357355,bench_mixed,0.00,0.00,0.0,0.822,0.003,67.699,6.975,0.00
1786357360,bench_mixed,0.00,0.00,0.0,0.822,0.003,67.699,6.974,0.00
1786357366,bench_mixed,0.00,0.00,0.0,0.822,0.003,67.699,6.974,0.00
1786357371,bench_mixed,0.00,0.00,0.0,0.822,0.003,67.699,6.975,0.00
1786357376,bench_mixed,0.00,0.00,0.0,0.822,0.003,67.699,6.976,0.00
1786357381,bench_mixed,0.00,0.00,0.0,0.822,0.003,67.699,6.975,0.00
1786357386,bench_mixed,0.00,0.00,0.0,0.822,0.003,67.699,6.976,0.00
1786357391,bench_mixed,0.00,0.00,0.0,0.822,0.003,67.699,6.975,0.00
1786357396,bench_mixed,0.00,0.00,0.0,0.822,0.003,67.699,6.976,0.00
1786357401,bench_mixed,0.00,0.00,0.0,0.822,0.003,67.699,6.975,0.00
1786357406,bench_mixed,0.00,0.00,0.0,0.822,0.003,67.699,6.973,0.00
1786357411,bench_mixed,0.00,0.00,0.0,0.822,0.003,67.699,6.974,0.00
1786357416,bench_mixed,0.00,0.00,0.0,0.822,0.003,67.699,6.974,0.00
1786357421,bench_mixed,0.00,0.00,0.0,0.822,0.003,67.699,6.974,0.00
1786357426,bench_mixed,0.00,0.00,0.0,0.822,0.003,67.699,6.974,0.00
1786357431,bench_mixed,0.00,0.00,0.0,0.822,0.003,67.699,6.973,0.00
1786357436,bench_mixed,0.00,0.00,0.0,0.822,0.003,67.699,6.974,0.00
1786357441,bench_mixed,0.00,0.00,0.0,0.822,0.003,67.699,6.973,0.00
1786357446,bench_mixed,0.00,0.00,0.0,0.822,0.003,67.699,6.975,0.00
1786357451,bench_mixed,0.00,0.00,0.0,0.822,0.003,67.699,6.975,0.00
1786357457,bench_mixed,0.00,0.00,0.0,0.822,0.003,67.699,6.975,0.00
1786357462,bench_mixed,0.00,0.00,0.0,0.822,0.003,67.699,6.976,0.00
1786357467,bench_mixed,0.00,0.00,0.0,0.822,0.003,67.699,6.976,0.00
1786357472,bench_mixed,0.00,0.00,0.0,0.822,0.003,67.699,6.977,0.00
1786357477,bench_mixed,0.00,0.00,0.0,0.822,0.003,67.699,6.978,0.00
1786357482,bench_mixed,0.00,0.00,0.0,0.822,0.003,67.699,6.978,0.00
1786357487,bench_mixed,0.00,0.00,0.0,0.822,0.003,67.699,6.967,0.05
1786357492,bench_mixed,0.00,0.00,0.0,0.822,0.003,67.699,6.968,0.00
1786357497,bench_mixed,0.00,0.00,0.0,0.822,0.003,67.699,6.969,0.00
1786357502,bench_mixed,0.00,0.00,0.0,0.822,0.003,67.699,6.972,0.00
1786357507,bench_mixed,0.00,0.00,0.0,0.822,0.003,67.699,6.973,0.00
1786357512,bench_mixed,0.00,0.00,0.0,0.822,0.003,67.699,6.972,0.00
1786357517,bench_mixed,0.00,0.00,0.0,0.822,0.003,67.699,6.972,0.00
1786357522,bench_mixed,0.00,0.00,0.0,0.822,0.003,67.699,6.973,0.00
1786357527,bench_mixed,0.00,0.00,0.0,0.822,0.003,67.699,6.973,0.00
1786357532,bench_mixed,0.00,0.00,0.0,0.822,0.003,67.699,6.973,0.00
1786357537,bench_mixed,0.00,0.00,0.0,0.822,0.003,67.699,6.974,0.00
1786357542,bench_mixed,0.00,0.00,0.0,0.822,0.003,67.699,6.967,0.00
1786357548,bench_mixed,0.00,0.00,0.0,0.822,0.003,67.699,6.974,0.00
1786357553,bench_mixed,0.00,0.00,0.0,0.822,0.003,67.699,6.974,0.00
1786357558,bench_mixed,0.00,0.00,0.0,0.822,0.003,67.699,6.973,0.00
1786357563,bench_mixed,0.00,0.00,0.0,0.822,0.003,67.699,6.973,0.00
1786357568,bench_mixed,0.00,0.00,0.0,0.822,0.003,67.699,6.973,0.00
1786357573,bench_mixed,0.00,0.00,0.0,0.822,0.003,67.699,6.973,0.00
1786357578,bench_mixed,0.00,0.00,0.0,0.822,0.003,67.699,6.974,0.00
1786357583,bench_mixed,0.00,0.00,0.0,0.822,0.003,67.699,6.974,0.00
1786357588,bench_mixed,0.00,0.00,0.0,0.822,0.003,67.699,6.975,0.00
1786357593,bench_mixed,0.00,0.00,0.0,0.822,0.003,67.699,6.974,0.00
1786357598,bench_mixed,0.00,0.00,0.0,0.822,0.003,67.699,6.976,0.00
1786357603,bench_mixed,0.00,0.00,0.0,0.822,0.003,67.699,6.977,0.00
1786357608,bench_mixed,0.00,0.00,0.0,0.822,0.003,67.699,6.979,0.00
1786357613,bench_mixed,0.00,0.00,0.0,0.822,0.003,67.699,6.979,0.00
1786357618,bench_mixed,0.00,0.00,0.0,0.822,0.003,67.699,6.981,0.00
1786357623,bench_mixed,0.00,0.00,0.0,0.822,0.003,67.699,6.981,0.00
1786357628,bench_mixed,0.00,0.00,0.0,0.822,0.003,67.699,6.980,0.00
1786357633,bench_mixed,0.00,0.00,0.0,0.822,0.003,67.699,6.980,0.00
1786357638,bench_mixed,0.00,0.00,0.0,0.822,0.003,67.699,6.981,0.00
1786357644,bench_mixed,0.00,0.00,0.0,0.822,0.003,67.699,6.981,0.00
1786357649,bench_mixed,0.00,0.00,0.0,0.822,0.003,67.699,6.981,0.00
1786357654,bench_mixed,0.00,0.00,0.0,0.822,0.003,67.699,6.981,0.00
1786357659,bench_mixed,0.00,0.00,0.0,0.822,0.003,67.699,6.979,0.00
1786357664,bench_mixed,0.00,0.00,0.0,0.822,0.003,67.699,6.980,0.00
1786357669,bench_mixed,0.00,0.00,0.0,0.822,0.003,67.699,6.981,0.00
1786357674,bench_mixed,0.00,0.00,0.0,0.822,0.003,67.699,6.981,0.00
1786357679,bench_mixed,0.00,0.00,0.0,0.822,0.003,67.699,6.983,0.00
1786357684,bench_mixed,0.00,0.00,0.0,0.822,0.003,67.699,6.983,0.00
1786357689,bench_mixed,0.00,0.00,0.0,0.822,0.003,67.699,6.981,0.00
1786357694,bench_mixed,0.00,0.00,0.0,0.822,0.003,67.699,6.982,0.00
1786357699,bench_mixed,0.00,0.00,0.0,0.822,0.003,67.699,6.981,0.00
1786357704,bench_mixed,0.00,0.00,0.0,0.822,0.003,67.699,6.980,0.00
1786357709,bench_mixed,0.00,0.00,0.0,0.822,0.003,67.699,6.980,0.00
1786357714,bench_mixed,0.00,0.00,0.0,0.822,0.003,67.699,6.979,0.00
1786357719,bench_mixed,0.00,0.00,0.0,0.822,0.003,67.699,6.978,0.00
1786357724,bench_mixed,0.00,0.00,0.0,0.822,0.003,67.699,6.978,0.00
1786357729,bench_mixed,0.00,0.00,0.0,0.822,0.003,67.699,6.980,0.00
1786357735,bench_mixed,0.00,0.00,0.0,0.822,0.003,67.699,6.980,0.00
1786357740,bench_mixed,0.00,0.00,0.0,0.822,0.003,67.699,6.981,0.00
1786357745,bench_mixed,0.00,0.00,0.0,0.822,0.003,67.699,6.981,0.00
1786357750,bench_mixed,0.00,0.00,0.0,0.822,0.003,67.699,6.981,0.00
1786357755,bench_mixed,0.00,0.00,0.0,0.822,0.003,67.699,6.981,0.00
1786357760,bench_mixed,0.00,0.00,0.0,0.822,0.003,67.699,6.977,0.00
1786357765,bench_mixed,0.00,0.00,0.0,0.822,0.003,67.699,6.977,0.00
1786357770,bench_mixed,0.00,0.00,0.0,0.822,0.003,67.699,6.977,0.00
1786357775,bench_mixed,0.00,0.00,0.0,0.822,0.003,67.699,6.978,0.00
1786357780,bench_mixed,0.00,0.00,0.0,0.822,0.003,67.699,6.977,0.00
1786357785,bench_mixed,0.00,0.00,0.0,0.822,0.003,67.699,6.964,0.03
1786357790,bench_mixed,0.00,0.00,0.0,0.822,0.003,67.699,6.968,0.02
1786357795,bench_mixed,0.00,0.00,0.0,0.822,0.003,67.699,6.969,0.00
1786357800,bench_mixed,0.00,0.00,0.0,0.822,0.003,67.699,6.972,0.00
1786357805,bench_mixed,0.00,0.00,0.0,0.822,0.003,67.699,6.973,0.00
1786357810,bench_mixed,0.00,0.00,0.0,0.822,0.003,67.699,6.975,0.00
1786357815,bench_mixed,0.00,0.00,0.0,0.822,0.003,67.699,6.977,0.00
1786357820,bench_mixed,0.00,0.00,0.0,0.822,0.003,67.699,6.975,0.00
1786357825,bench_mixed,0.00,0.00,0.0,0.822,0.003,67.699,6.976,0.00
1786357831,bench_mixed,0.00,0.00,0.0,0.822,0.003,67.699,6.974,0.00
1786357836,bench_mixed,0.00,0.00,0.0,0.822,0.003,67.699,6.975,0.00
1786357841,bench_mixed,0.00,0.00,0.0,0.822,0.003,67.699,6.973,0.00
1786357846,bench_mixed,0.00,0.00,0.0,0.822,0.003,67.699,6.974,0.00
1786357851,bench_mixed,0.00,0.00,0.0,0.822,0.003,67.699,6.972,0.00
1786357856,bench_mixed,0.00,0.00,0.0,0.822,0.003,67.699,6.972,0.00
1786357861,bench_mixed,0.00,0.00,0.0,0.822,0.003,67.699,6.971,0.00
1786357866,bench_mixed,0.00,0.00,0.0,0.822,0.003,67.699,6.971,0.00
1786357871,bench_mixed,0.00,0.00,0.0,0.822,0.003,67.699,6.970,0.00
1786357876,bench_mixed,0.00,0.00,0.0,0.822,0.003,67.699,6.971,0.00
1786357881,bench_mixed,0.00,0.00,0.0,0.822,0.003,67.699,6.973,0.00
1786357886,bench_mixed,0.00,0.00,0.0,0.822,0.003,67.699,6.973,0.00
1786357891,bench_mixed,0.00,0.00,0.0,0.822,0.003,67.699,6.973,0.00
1786357896,bench_mixed,0.00,0.00,0.0,0.822,0.003,67.699,6.973,0.00
1786357901,bench_mixed,0.00,0.00,0.0,0.822,0.003,67.699,6.973,0.00
1786357906,bench_mixed,0.00,0.00,0.0,0.822,0.003,67.699,6.973,0.00
1786357911,bench_mixed,0.00,0.00,0.0,0.822,0.003,67.699,6.973,0.00
1786357916,bench_mixed,0.00,0.00,0.0,0.822,0.003,67.699,6.975,0.00
1786357922,bench_mixed,0.00,0.00,0.0,0.822,0.003,67.699,6.975,0.00
1786357927,bench_mixed,0.00,0.00,0.0,0.822,0.003,67.699,6.975,0.00
1786357932,bench_mixed,0.00,0.00,0.0,0.822,0.003,67.699,6.976,0.00
1786357937,bench_mixed,0.00,0.00,0.0,0.822,0.003,67.699,6.977,0.00
1786357942,bench_mixed,0.00,0.00,0.0,0.822,0.003,67.699,6.978,0.00
1786357947,bench_mixed,0.00,0.00,0.0,0.822,0.003,67.699,6.980,0.00
1786357952,bench_mixed,0.00,0.00,0.0,0.822,0.003,67.699,6.980,0.00
1786357957,bench_mixed,0.00,0.00,0.0,0.822,0.003,67.699,6.981,0.00
1786357962,bench_mixed,0.00,0.00,0.0,0.822,0.003,67.699,6.981,0.00
1786357967,bench_mixed,0.00,0.00,0.0,0.822,0.003,67.699,6.983,0.00
1786357972,bench_mixed,0.00,0.00,0.0,0.822,0.003,67.699,6.982,0.00
1786357977,bench_mixed,0.00,0.00,0.0,0.822,0.003,67.699,6.981,0.00
1786357982,bench_mixed,0.00,0.00,0.0,0.822,0.003,67.699,6.981,0.00
1786357987,bench_mixed,0.00,0.00,0.0,0.822,0.003,67.699,6.982,0.00
1786357992,bench_mixed,0.00,0.00,0.0,0.822,0.003,67.699,6.982,0.00
1786357997,bench_mixed,0.00,0.00,0.0,0.822,0.003,67.699,6.982,0.00
1786358002,bench_mixed,0.00,0.00,0.0,0.822,0.003,67.699,6.982,0.00
1786358007,bench_mixed,0.00,0.00,0.0,0.822,0.003,67.699,6.981,0.00
1786358012,bench_mixed,0.00,0.00,0.0,0.822,0.003,67.699,6.981,0.00
1786358018,bench_mixed,0.00,0.00,0.0,0.822,0.003,67.699,6.981,0.00
1786358023,bench_mixed,0.00,0.00,0.0,0.822,0.003,67.699,6.981,0.00
1786358028,bench_mixed,0.00,0.00,0.0,0.822,0.003,67.699,6.981,0.00
1786358033,bench_mixed,0.00,0.00,0.0,0.822,0.003,67.699,6.982,0.00
1786358038,bench_mixed,0.00,0.00,0.0,0.822,0.003,67.699,6.981,0.00
1786358043,bench_mixed,0.00,0.00,0.0,0.822,0.003,67.699,6.980,0.00
1786358048,bench_mixed,0.00,0.00,0.0,0.822,0.003,67.699,6.979,0.00
1786358053,bench_mixed,0.00,0.00,0.0,0.822,0.003,67.699,6.979,0.00
1786358058,bench_mixed,0.00,0.00,0.0,0.822,0.003,67.699,6.978,0.00
1786358063,bench_mixed,0.00,0.00,0.0,0.822,0.003,67.699,6.978,0.00
1786358068,bench_mixed,0.00,0.00,0.0,0.822,0.003,67.699,6.977,0.00
1786358073,bench_mixed,0.00,0.00,0.0,0.822,0.003,67.699,6.977,0.00
1786358078,bench_mixed,0.00,0.00,0.0,0.822,0.003,67.699,6.979,0.00
1786358083,bench_mixed,0.00,0.00,0.0,0.822,0.003,67.699,6.977,0.00
1786358088,bench_mixed,0.00,0.00,0.0,0.822,0.003,67.699,6.963,0.06
1786358093,bench_mixed,0.00,0.00,0.0,0.822,0.003,67.699,6.963,0.00
1786358098,bench_mixed,0.00,0.00,0.0,0.822,0.003,67.699,6.965,0.00
1786358103,bench_mixed,0.00,0.00,0.0,0.822,0.003,67.699,6.966,0.00
1786358109,bench_mixed,0.00,0.00,0.0,0.822,0.003,67.699,6.969,0.00
1786358114,bench_mixed,0.00,0.00,0.0,0.822,0.003,67.699,6.969,0.00
1786358119,bench_mixed,0.00,0.00,0.0,0.822,0.003,67.699,6.971,0.00
1786358124,bench_mixed,0.00,0.00,0.0,0.822,0.003,67.699,6.971,0.00
1786358129,bench_mixed,0.00,0.00,0.0,0.822,0.003,67.699,6.971,0.00
1786358134,bench_mixed,0.00,0.00,0.0,0.822,0.003,67.699,6.972,0.00
1786358139,bench_mixed,0.00,0.00,0.0,0.822,0.003,67.699,6.973,0.00
1786358144,bench_mixed,0.00,0.00,0.0,0.822,0.003,67.699,6.974,0.00
1786358149,bench_mixed,0.00,0.00,0.0,0.822,0.003,67.699,6.974,0.00
1786358154,bench_mixed,0.00,0.00,0.0,0.822,0.003,67.699,6.974,0.00
1786358159,bench_mixed,0.00,0.00,0.0,0.822,0.003,67.699,6.976,0.00
1786358164,bench_mixed,0.00,0.00,0.0,0.822,0.003,67.699,6.976,0.00
1786358169,bench_mixed,0.00,0.00,0.0,0.822,0.003,67.699,6.976,0.00
1786358174,bench_mixed,0.00,0.00,0.0,0.822,0.003,67.699,6.976,0.00
1786358179,bench_mixed,0.00,0.00,0.0,0.822,0.003,67.699,6.977,0.00
1786358184,bench_mixed,0.00,0.00,0.0,0.822,0.003,67.699,6.977,0.00
1786358189,bench_mixed,0.00,0.00,0.0,0.822,0.003,67.699,6.977,0.00
1786358194,bench_mixed,0.00,0.00,0.0,0.822,0.003,67.699,6.977,0.00
1786358199,bench_mixed,0.00,0.00,0.0,0.822,0.003,67.699,6.975,0.00
1786358205,bench_mixed,0.00,0.00,0.0,0.822,0.003,67.699,6.976,0.00
1786358210,bench_mixed,0.00,0.00,0.0,0.822,0.003,67.699,6.975,0.00
1786358215,bench_mixed,0.00,0.00,0.0,0.822,0.003,67.699,6.976,0.00
1786358220,bench_mixed,0.00,0.00,0.0,0.822,0.003,67.699,6.979,0.00
1786358225,bench_mixed,0.00,0.00,0.0,0.822,0.003,67.699,6.979,0.00
1786358230,bench_mixed,0.00,0.00,0.0,0.822,0.003,67.699,6.979,0.00
1786358235,bench_mixed,0.00,0.00,0.0,0.822,0.003,67.699,6.980,0.00
1786358240,bench_mixed,0.00,0.00,0.0,0.822,0.003,67.699,6.980,0.00
1786358245,bench_mixed,0.00,0.00,0.0,0.822,0.003,67.699,6.981,0.00
1786358250,bench_mixed,0.00,0.00,0.0,0.822,0.003,67.699,6.979,0.00
1786358255,bench_mixed,0.00,0.00,0.0,0.822,0.003,67.699,6.978,0.00
1786358260,bench_mixed,0.00,0.00,0.0,0.822,0.003,67.699,6.978,0.00
1786358265,bench_mixed,0.00,0.00,0.0,0.822,0.003,67.699,6.978,0.00
1786358270,bench_mixed,0.00,0.00,0.0,0.822,0.003,67.699,6.976,0.00
1786358275,bench_mixed,0.00,0.00,0.0,0.822,0.003,67.699,6.977,0.00
1786358280,bench_mixed,0.00,0.00,0.0,0.822,0.003,67.699,6.977,0.00
1786358285,bench_mixed,0.00,0.00,0.0,0.822,0.003,67.699,6.978,0.00
1786358290,bench_mixed,0.00,0.00,0.0,0.822,0.003,67.699,6.977,0.00
1786358296,bench_mixed,0.00,0.00,0.0,0.822,0.003,67.699,6.977,0.00
1786358301,bench_mixed,0.00,0.00,0.0,0.822,0.003,67.699,6.977,0.00
1786358306,bench_mixed,0.00,0.00,0.0,0.822,0.003,67.699,6.977,0.00
1786358311,bench_mixed,0.00,0.00,0.0,0.822,0.003,67.699,6.976,0.00
1786358316,bench_mixed,0.00,0.00,0.0,0.822,0.003,67.699,6.978,0.00
1786358321,bench_mixed,0.00,0.00,0.0,0.822,0.003,67.699,6.978,0.00
1786358326,bench_mixed,0.00,0.00,0.0,0.822,0.003,67.699,6.979,0.00
1786358331,bench_mixed,0.00,0.00,0.0,0.822,0.003,67.699,6.979,0.00
1786358336,bench_mixed,0.00,0.00,0.0,0.822,0.003,67.699,6.979,0.00
1786358341,bench_mixed,0.00,0.00,0.0,0.822,0.003,67.699,6.979,0.00
1786358346,bench_mixed,0.00,0.00,0.0,0.822,0.003,67.699,6.980,0.00
1786358351,bench_mixed,0.00,0.00,0.0,0.822,0.003,67.699,6.980,0.00
1786358356,bench_mixed,0.00,0.00,0.0,0.822,0.003,67.699,6.980,0.00
1786358361,bench_mixed,0.00,0.00,0.0,0.822,0.003,67.699,6.980,0.00
1786358366,bench_mixed,0.00,0.00,0.0,0.822,0.003,67.699,6.978,0.00
1786358371,bench_mixed,0.00,0.00,0.0,0.822,0.003,67.699,6.978,0.00
1786358376,bench_mixed,0.00,0.00,0.0,0.822,0.003,67.699,6.979,0.00
1786358381,bench_mixed,0.00,0.00,0.0,0.822,0.003,67.699,6.979,0.00
1786358386,bench_mixed,0.00,0.00,0.0,0.822,0.003,67.699,6.965,0.05
1786358392,bench_mixed,0.00,0.00,0.0,0.822,0.003,67.699,6.966,0.01
1786358397,bench_mixed,0.00,0.00,0.0,0.822,0.003,67.699,6.967,0.00
1786358402,bench_mixed,0.00,0.00,0.0,0.822,0.003,67.699,6.967,0.00
1786358407,bench_mixed,0.00,0.00,0.0,0.822,0.003,67.699,6.968,0.00
1786358412,bench_mixed,0.00,0.00,0.0,0.822,0.003,67.699,6.968,0.00
1786358417,bench_mixed,0.00,0.00,0.0,0.822,0.003,67.699,6.970,0.00
1786358422,bench_mixed,0.00,0.00,0.0,0.822,0.003,67.699,6.970,0.00
1786358427,bench_mixed,0.00,0.00,0.0,0.822,0.003,67.699,6.971,0.00
1786358432,bench_mixed,0.00,0.00,0.0,0.822,0.003,67.699,6.971,0.00
