ts,phase,nvme_rd_mb_s,nvme_wr_mb_s,nvme_active_pct,cte_file_tier_gb,devshm_used_gb,clio_rss_gb,mem_avail_gb,nfs_rd_mb_s
1786362962,setup,0.01,0.00,0.1,0.000,0.000,0.000,45.009,0.01
1786362967,ingest,0.01,0.00,0.2,0.000,0.000,0.405,44.526,6.66
1786362972,ingest,0.00,0.00,0.1,0.000,0.000,0.654,44.233,0.00
1786362977,ingest,0.00,0.00,0.0,0.000,0.000,0.862,44.026,0.00
1786362982,ingest,0.00,0.00,0.0,0.000,0.000,1.126,43.762,0.00
1786362987,ingest,0.00,0.00,0.0,0.000,0.000,1.320,43.574,0.00
1786362992,ingest,0.00,0.00,0.0,0.000,0.000,1.508,43.384,0.00
1786362997,ingest,0.00,0.00,0.0,0.000,0.000,1.793,43.097,0.00
1786363002,ingest,0.00,0.01,0.1,0.000,0.000,1.987,42.902,0.00
1786363007,ingest,0.00,0.00,0.0,0.000,0.000,2.237,42.651,0.00
1786363012,ingest,0.00,0.00,0.0,0.000,0.000,2.425,42.462,0.00
1786363017,ingest,0.00,0.00,0.0,0.000,0.000,2.612,42.273,0.00
1786363023,ingest,0.00,0.00,0.0,0.000,0.000,2.742,42.142,0.00
1786363028,ingest,0.00,0.00,0.0,0.000,0.000,2.939,41.943,0.00
1786363033,ingest,0.00,0.00,0.0,0.000,0.000,3.127,41.756,0.00
1786363038,ingest,0.00,0.00,0.1,0.000,0.000,3.377,41.503,0.00
1786363043,ingest,0.00,0.00,0.0,0.000,0.000,3.565,41.317,0.00
1786363048,ingest,0.00,0.00,0.0,0.000,0.000,3.753,41.128,0.00
1786363053,ingest,0.00,0.00,0.0,0.000,0.000,3.878,41.001,0.00
1786363058,ingest,0.00,0.00,0.0,0.000,0.000,4.065,40.811,0.00
1786363063,ingest,0.00,0.00,0.0,0.000,0.000,4.191,40.684,0.00
1786363068,ingest,0.00,0.00,0.1,0.000,0.000,4.380,40.491,0.00
1786363073,ingest,0.00,0.00,0.0,0.000,0.000,4.568,40.301,0.00
1786363078,ingest,0.00,0.00,0.0,0.000,0.000,4.711,40.157,0.00
1786363083,ingest,0.00,0.00,0.0,0.000,0.000,5.012,39.855,0.00
1786363088,ingest,0.00,0.00,0.0,0.000,0.000,5.200,39.665,0.00
1786363093,ingest,0.00,0.00,0.0,0.000,0.000,5.488,39.374,0.00
1786363098,ingest,0.00,0.00,0.0,0.000,0.000,5.678,39.186,0.00
1786363103,ingest,0.00,0.00,0.0,0.000,0.000,5.740,39.125,0.00
1786363108,ingest,0.00,0.00,0.0,0.000,0.000,5.865,39.000,0.00
1786363114,ingest,0.00,0.00,0.0,0.000,0.000,5.990,38.879,0.00
1786363119,ingest,0.00,0.00,0.0,0.000,0.000,6.240,38.625,0.00
1786363124,ingest,0.00,0.00,0.0,0.000,0.000,6.366,38.497,0.00
1786363129,ingest,0.00,0.00,0.0,0.000,0.000,6.678,38.181,0.00
1786363134,ingest,0.00,0.00,0.0,0.000,0.000,6.866,37.991,0.00
1786363139,ingest,0.00,0.00,0.0,0.000,0.000,6.991,37.866,0.00
1786363144,ingest,0.00,0.00,0.0,0.000,0.000,7.116,37.742,0.00
1786363149,ingest,0.00,0.00,0.0,0.000,0.000,7.242,37.619,0.00
1786363154,ingest,0.00,0.00,0.0,0.000,0.000,7.429,37.430,0.00
1786363159,ingest,0.00,0.00,0.0,0.000,0.000,7.554,37.305,0.00
1786363164,ingest,0.00,0.00,0.0,0.000,0.000,7.742,37.114,0.00
1786363169,ingest,0.00,0.00,0.0,0.000,0.000,7.930,36.925,0.00
1786363174,ingest,0.00,0.00,0.0,0.000,0.000,8.199,36.650,0.00
1786363179,ingest,0.00,0.00,0.0,0.000,0.000,8.465,36.381,0.00
1786363184,ingest,0.00,0.00,0.0,0.000,0.000,8.653,36.191,0.00
1786363189,ingest,0.00,0.00,0.0,0.000,0.000,8.841,36.002,0.00
1786363194,ingest,0.00,0.00,0.0,0.000,0.000,8.966,35.876,0.00
1786363199,ingest,0.00,0.00,0.0,0.000,0.000,9.154,35.686,0.00
1786363204,ingest,0.00,0.00,0.0,0.000,0.000,9.404,35.433,0.00
1786363210,ingest,0.00,0.00,0.0,0.000,0.000,9.591,35.245,0.00
1786363215,ingest,0.00,0.00,0.0,0.000,0.000,9.779,35.056,0.00
1786363220,ingest,0.00,0.00,0.0,0.000,0.000,10.029,34.806,0.00
1786363225,ingest,0.00,0.00,0.0,0.000,0.000,10.217,34.615,0.00
1786363230,ingest,0.00,0.00,0.0,0.000,0.000,10.342,34.489,0.00
1786363235,ingest,0.00,0.00,0.0,0.000,0.000,10.467,34.363,0.00
1786363240,ingest,0.00,0.00,0.0,0.000,0.000,10.655,34.174,0.00
1786363245,ingest,0.00,0.00,0.0,0.000,0.000,10.780,34.048,0.00
1786363250,ingest,0.00,0.00,0.0,0.000,0.000,10.905,33.922,0.00
1786363255,ingest,0.00,0.00,0.0,0.000,0.000,11.093,33.733,0.00
1786363260,ingest,0.00,0.00,0.0,0.000,0.000,11.343,33.480,0.00
1786363265,ingest,0.00,0.00,0.0,0.000,0.000,11.405,33.413,0.03
1786363270,ingest,0.00,0.00,0.0,0.000,0.000,11.596,33.223,0.00
1786363275,ingest,0.00,0.00,0.0,0.000,0.000,11.721,33.098,0.00
1786363280,ingest,0.00,0.00,0.0,0.000,0.000,11.909,32.908,0.00
1786363285,ingest,0.00,0.00,0.0,0.000,0.000,12.096,32.719,0.00
1786363290,ingest,0.00,0.00,0.0,0.000,0.000,12.221,32.592,0.00
1786363295,ingest,0.00,0.00,0.0,0.000,0.000,12.472,32.338,0.00
1786363301,ingest,0.00,0.00,0.0,0.000,0.000,12.659,32.148,0.00
1786363306,ingest,0.00,0.00,0.0,0.000,0.000,12.784,32.022,0.00
1786363311,ingest,0.00,0.00,0.0,0.000,0.000,12.972,31.832,0.00
1786363316,ingest,0.00,0.00,0.0,0.000,0.000,13.160,31.643,0.00
1786363321,ingest,0.00,0.00,0.0,0.000,0.000,13.347,31.454,0.00
1786363326,ingest,0.00,0.00,0.0,0.000,0.000,13.472,31.329,0.00
1786363331,ingest,0.00,0.00,0.0,0.000,0.000,13.598,31.207,0.00
1786363336,ingest,0.00,0.00,0.0,0.000,0.000,13.785,31.017,0.00
1786363341,ingest,0.00,0.00,0.0,0.000,0.000,13.968,30.833,0.00
1786363346,ingest,0.00,0.00,0.0,0.000,0.000,14.161,30.639,0.00
1786363351,ingest,0.00,0.00,0.0,0.000,0.000,14.348,30.452,0.00
1786363356,ingest,0.00,0.00,0.0,0.000,0.000,14.473,30.325,0.00
1786363361,ingest,0.00,0.00,0.0,0.000,0.000,14.598,30.198,0.00
1786363366,ingest,0.00,0.00,0.0,0.000,0.000,14.780,30.015,0.00
1786363371,ingest,0.00,0.00,0.0,0.000,0.000,14.849,29.946,0.00
1786363376,ingest,0.00,0.00,0.0,0.000,0.000,14.974,29.821,0.00
1786363381,ingest,0.00,0.00,0.0,0.000,0.000,15.161,29.632,0.00
1786363386,ingest,0.00,0.00,0.0,0.000,0.000,15.349,29.445,0.00
1786363391,ingest,0.00,0.00,0.0,0.000,0.000,15.537,29.256,0.00
1786363397,ingest,0.00,0.00,0.0,0.000,0.000,15.725,29.067,0.00
1786363402,ingest,0.00,0.00,0.0,0.000,0.000,15.975,28.814,0.00
1786363407,ingest,0.00,0.00,0.0,0.000,0.000,16.174,28.613,0.00
1786363412,ingest,0.00,0.00,0.0,0.000,0.000,16.412,28.370,0.00
1786363417,ingest,0.00,0.00,0.0,0.000,0.000,16.602,28.178,0.00
1786363422,ingest,0.00,0.00,0.0,0.000,0.000,16.788,27.991,0.00
1786363427,ingest,0.00,0.00,0.0,0.000,0.000,17.038,27.739,0.00
1786363432,ingest,0.00,0.00,0.0,0.000,0.000,17.226,27.549,0.00
1786363437,ingest,0.00,0.00,0.0,0.000,0.000,17.413,27.361,0.00
1786363442,ingest,0.00,0.00,0.0,0.000,0.000,17.601,27.171,0.00
1786363447,ingest,0.00,0.00,0.0,0.000,0.000,17.788,26.980,0.00
1786363452,ingest,0.00,0.00,0.0,0.000,0.000,17.976,26.793,0.00
1786363457,ingest,0.00,0.00,0.0,0.000,0.000,18.164,26.602,0.00
1786363462,ingest,0.00,0.00,0.0,0.000,0.000,18.414,26.350,0.00
1786363467,ingest,0.00,0.00,0.0,0.000,0.000,18.539,26.224,0.00
1786363472,ingest,0.00,0.00,0.0,0.000,0.000,18.727,26.036,0.00
1786363477,ingest,0.00,0.00,0.0,0.000,0.000,18.852,25.909,0.00
1786363482,ingest,0.00,0.00,0.0,0.000,0.000,19.039,25.719,0.00
1786363488,ingest,0.00,0.00,0.0,0.000,0.000,19.227,25.531,0.00
1786363493,ingest,0.00,0.00,0.0,0.000,0.000,19.415,25.343,0.00
1786363498,ingest,0.00,0.00,0.0,0.000,0.000,19.665,25.090,0.00
1786363503,ingest,0.00,0.00,0.0,0.000,0.000,19.790,24.963,0.00
1786363508,ingest,0.00,0.00,0.0,0.000,0.000,19.978,24.773,0.00
1786363513,ingest,0.00,0.00,0.0,0.000,0.000,20.103,24.648,0.00
1786363518,ingest,0.00,0.00,0.0,0.000,0.000,20.228,24.522,0.00
1786363523,ingest,0.00,0.00,0.0,0.000,0.000,20.415,24.335,0.00
1786363528,ingest,0.00,0.00,0.0,0.000,0.000,20.666,24.080,0.00
1786363533,ingest,0.00,0.00,0.0,0.000,0.000,20.853,23.891,0.00
1786363538,ingest,0.00,0.00,0.0,0.000,0.000,20.978,23.765,0.00
1786363543,ingest,0.00,0.00,0.0,0.000,0.000,21.176,23.567,0.00
1786363548,ingest,0.00,0.00,0.0,0.000,0.000,21.353,23.390,0.00
1786363553,ingest,0.00,0.00,0.0,0.000,0.000,21.479,23.264,0.00
1786363558,ingest,0.00,0.00,0.0,0.000,0.000,21.604,23.138,0.00
1786363563,ingest,0.00,0.00,0.0,0.000,0.000,21.729,23.010,0.00
1786363568,ingest,0.00,0.00,0.0,0.000,0.000,21.979,22.755,0.03
1786363573,ingest,0.00,0.00,0.0,0.000,0.000,22.167,22.569,0.00
1786363579,ingest,0.00,0.00,0.0,0.000,0.000,22.418,22.319,0.00
1786363584,ingest,0.00,0.00,0.0,0.000,0.000,22.606,22.132,0.00
1786363589,ingest,0.00,0.00,0.0,0.000,0.000,22.731,22.009,0.00
1786363594,ingest,0.00,0.00,0.0,0.000,0.000,22.917,21.820,0.00
1786363599,ingest,0.00,0.00,0.0,0.000,0.000,23.042,21.692,0.00
1786363604,ingest,0.00,0.00,0.0,0.000,0.000,23.229,21.505,0.00
1786363609,ingest,0.00,0.00,0.0,0.000,0.000,23.417,21.314,0.00
1786363614,ingest,0.00,0.00,0.0,0.000,0.000,23.605,21.123,0.00
1786363619,ingest,0.00,0.00,0.0,0.000,0.000,23.792,20.934,0.00
1786363624,ingest,0.00,0.00,0.0,0.000,0.000,23.918,20.811,0.00
1786363629,ingest,0.00,0.00,0.0,0.000,0.000,24.043,20.683,0.00
1786363634,ingest,0.00,0.00,0.0,0.000,0.000,24.230,20.494,0.00
1786363639,ingest,0.00,0.00,0.0,0.000,0.000,24.355,20.369,0.00
1786363644,ingest,0.00,0.00,0.0,0.000,0.000,24.543,20.176,0.00
1786363649,ingest,0.00,0.00,0.0,0.000,0.000,24.689,20.031,0.00
1786363654,ingest,0.00,0.00,0.0,0.000,0.000,24.853,19.868,0.00
1786363659,ingest,0.00,0.00,0.0,0.000,0.000,24.978,19.734,0.00
1786363664,ingest,0.00,0.00,0.0,0.000,0.000,25.167,19.535,0.00
1786363669,ingest,0.00,0.00,0.0,0.000,0.000,25.354,19.349,0.00
1786363675,ingest,0.00,0.00,0.0,0.000,0.000,25.542,19.159,0.00
1786363680,ingest,0.00,0.00,0.0,0.000,0.000,25.730,18.968,0.00
1786363685,ingest,0.00,0.00,0.0,0.000,0.000,25.917,18.780,0.00
1786363690,ingest,0.00,0.00,0.0,0.000,0.000,26.105,18.587,0.00
1786363695,ingest,0.00,0.00,0.0,0.000,0.000,26.230,18.464,0.00
1786363700,ingest,0.00,0.00,0.0,0.000,0.000,26.418,18.272,0.00
1786363705,ingest,0.00,0.00,0.0,0.000,0.000,26.605,18.083,0.00
1786363710,ingest,0.00,0.00,0.0,0.000,0.000,26.793,17.894,0.00
1786363715,ingest,0.00,0.00,0.0,0.000,0.000,26.918,17.767,0.00
1786363720,ingest,0.00,0.00,0.0,0.000,0.000,27.106,17.580,0.00
1786363725,ingest,0.00,0.00,0.0,0.000,0.000,27.293,17.392,0.00
1786363730,ingest,0.00,0.00,0.0,0.000,0.000,27.575,17.106,0.00
1786363735,ingest,0.00,0.00,0.0,0.000,0.000,27.951,16.731,0.00
1786363740,ingest,0.00,0.00,0.0,0.000,0.000,28.264,16.414,0.00
1786363745,ingest,0.00,0.00,0.0,0.000,0.000,28.514,16.162,0.00
1786363750,ingest,0.00,0.00,0.0,0.000,0.000,28.827,15.848,0.00
1786363755,ingest,0.00,0.00,0.0,0.000,0.000,29.077,15.596,0.00
1786363760,ingest,0.00,0.00,0.0,0.000,0.000,29.396,15.275,0.00
1786363765,ingest,0.00,0.00,0.0,0.000,0.000,29.866,14.803,0.00
1786363771,ingest,0.00,0.00,0.0,0.000,0.000,30.241,14.427,0.00
1786363776,ingest,0.00,0.00,0.0,0.000,0.000,30.617,14.045,0.00
1786363781,ingest,0.00,0.00,0.1,0.217,0.000,30.680,13.980,0.00
1786363786,ingest,0.00,85.03,9.2,0.690,0.000,30.680,13.978,0.00
1786363791,ingest,0.00,0.00,0.0,1.007,0.000,30.680,13.974,0.00
1786363796,ingest,0.00,0.00,0.0,1.409,0.000,30.681,13.969,0.00
1786363801,ingest,0.00,0.00,0.0,1.663,0.000,30.681,13.968,0.00
1786363806,ingest,0.00,0.00,0.1,1.669,0.000,30.681,14.104,0.00
1786363811,bench_chimod,0.00,0.00,0.0,1.669,0.000,30.693,14.095,1.58
1786363816,bench_chimod,0.00,253.31,23.7,1.669,0.000,42.833,12.954,1.58
1786363821,bench_chimod,0.00,0.00,0.0,1.669,0.000,56.837,12.725,0.00
1786363826,bench_chimod,0.00,0.00,0.0,1.669,0.000,62.107,12.546,0.00
1786363831,bench_chimod,0.00,0.00,0.0,1.669,0.000,62.196,12.455,0.00
1786363836,bench_chimod,0.00,0.00,0.1,1.669,0.000,62.265,12.384,0.00
1786363841,bench_chimod,0.00,0.00,0.0,1.669,0.000,62.266,12.381,0.00
1786363846,bench_chimod,0.00,0.00,0.0,1.669,0.000,62.268,12.380,0.00
1786363851,idle,0.00,0.00,0.0,1.669,0.000,0.000,12.376,0.00
1786363857,idle,0.00,0.00,0.2,0.000,0.000,0.000,39.569,0.01
1786363862,ingest,0.00,0.00,0.0,0.000,0.000,0.488,44.357,6.67
1786363867,ingest,0.00,0.00,0.1,0.000,0.000,0.863,43.984,0.00
1786363872,ingest,0.00,0.00,0.0,0.000,0.000,1.253,43.589,0.00
1786363877,ingest,0.00,0.00,0.0,0.000,0.000,1.655,43.173,0.00
1786363882,ingest,0.00,0.00,0.0,0.000,0.000,2.171,42.660,0.00
1786363887,ingest,0.00,0.00,0.0,0.000,0.000,2.487,42.350,0.00
1786363892,ingest,0.00,0.00,0.0,0.000,0.000,2.811,42.021,0.00
1786363897,ingest,0.00,0.01,0.1,0.000,0.000,3.126,41.704,0.00
1786363902,ingest,0.00,0.00,0.0,0.000,0.000,3.564,41.265,0.00
1786363907,ingest,0.00,0.00,0.0,0.000,0.000,3.814,41.017,0.00
1786363912,ingest,0.00,0.00,0.0,0.000,0.000,4.127,40.701,0.00
1786363917,ingest,0.00,0.00,0.0,0.000,0.000,4.447,40.383,0.00
1786363922,ingest,0.00,0.00,0.0,0.000,0.000,4.817,40.008,0.00
1786363927,ingest,0.00,0.00,0.1,0.000,0.000,5.261,39.564,0.00
1786363932,ingest,0.00,0.00,0.0,0.000,0.000,5.614,39.206,0.00
1786363937,ingest,0.00,0.00,0.0,0.000,0.000,5.802,39.020,0.00
1786363942,ingest,0.00,0.00,0.0,0.000,0.000,6.115,38.707,0.00
1786363947,ingest,0.00,0.00,0.0,0.000,0.000,6.490,38.329,0.00
1786363953,ingest,0.00,0.00,0.0,0.000,0.000,6.928,37.890,0.00
1786363958,ingest,0.00,0.00,0.1,0.000,0.000,7.057,37.757,0.00
1786363963,ingest,0.00,0.00,0.0,0.000,0.000,7.365,37.448,0.00
1786363968,ingest,0.00,0.00,0.0,0.000,0.000,7.616,37.194,0.00
1786363973,ingest,0.00,0.00,0.0,0.000,0.000,8.054,36.743,0.00
1786363978,ingest,0.00,0.00,0.0,0.000,0.000,8.548,36.264,0.00
1786363983,ingest,0.00,0.00,0.0,0.000,0.000,8.840,35.971,0.00
1786363988,ingest,0.00,0.00,0.0,0.000,0.000,9.152,35.659,0.00
1786363993,ingest,0.00,0.00,0.0,0.000,0.000,9.528,35.279,0.00
1786363998,ingest,0.00,0.00,0.0,0.000,0.000,9.903,34.901,0.00
1786364003,ingest,0.00,0.00,0.0,0.000,0.000,10.278,34.522,0.00
1786364008,ingest,0.00,0.00,0.0,0.000,0.000,10.528,34.269,0.00
1786364013,ingest,0.00,0.00,0.0,0.000,0.000,10.778,34.016,0.00
1786364018,ingest,0.00,0.00,0.0,0.000,0.000,11.029,33.764,0.00
1786364023,ingest,0.00,0.00,0.0,0.000,0.000,11.341,33.447,0.00
1786364028,ingest,0.00,0.00,0.0,0.000,0.000,11.594,33.193,0.00
1786364033,ingest,0.00,0.00,0.0,0.000,0.000,11.845,32.942,0.00
1786364038,ingest,0.00,0.00,0.0,0.000,0.000,12.158,32.628,0.00
1786364044,ingest,0.00,0.00,0.0,0.000,0.000,12.475,32.305,0.00
1786364049,ingest,0.00,0.00,0.0,0.000,0.000,12.783,31.997,0.00
1786364054,ingest,0.00,0.00,0.0,0.000,0.000,13.158,31.624,0.00
1786364059,ingest,0.00,0.00,0.0,0.000,0.000,13.471,31.312,0.00
1786364064,ingest,0.00,0.00,0.0,0.000,0.000,13.721,31.057,0.00
1786364069,ingest,0.00,0.00,0.0,0.000,0.000,13.988,30.786,0.00
1786364074,ingest,0.00,0.00,0.0,0.000,0.000,14.347,30.425,0.00
1786364079,ingest,0.00,0.00,0.0,0.000,0.000,14.597,30.176,0.00
1786364084,ingest,0.00,0.00,0.0,0.000,0.000,14.848,29.922,0.00
1786364089,ingest,0.00,0.00,0.0,0.000,0.000,15.160,29.607,0.00
1786364094,ingest,0.00,0.00,0.0,0.000,0.000,15.473,29.291,0.00
1786364099,ingest,0.00,0.00,0.0,0.000,0.000,15.911,28.847,0.00
1786364104,ingest,0.00,0.00,0.0,0.000,0.000,16.349,28.402,0.00
1786364109,ingest,0.00,0.00,0.0,0.000,0.000,16.714,28.036,0.00
1786364114,ingest,0.00,0.00,0.0,0.000,0.000,17.037,27.708,0.00
1786364119,ingest,0.00,0.00,0.0,0.000,0.000,17.350,27.389,0.00
1786364124,ingest,0.00,0.00,0.0,0.000,0.000,17.600,27.134,0.00
1786364129,ingest,0.00,0.00,0.0,0.000,0.000,17.912,26.817,0.00
1786364134,ingest,0.00,0.00,0.0,0.000,0.000,18.288,26.437,0.00
1786364140,ingest,0.00,0.00,0.0,0.000,0.000,18.663,26.064,0.00
1786364145,ingest,0.00,0.00,0.0,0.000,0.000,18.976,25.750,0.00
1786364150,ingest,0.00,0.00,0.0,0.000,0.000,19.226,25.497,0.00
1786364155,ingest,0.00,0.00,0.0,0.000,0.000,19.664,25.057,0.00
1786364160,ingest,0.00,0.00,0.0,0.000,0.000,19.914,24.799,0.03
1786364165,ingest,0.00,0.00,0.0,0.000,0.000,20.227,24.492,0.00
1786364170,ingest,0.00,0.00,0.0,0.000,0.000,20.602,24.118,0.00
1786364175,ingest,0.00,0.00,0.0,0.000,0.000,20.915,23.802,0.00
1786364180,ingest,0.00,0.00,0.0,0.000,0.000,21.290,23.425,0.00
1786364185,ingest,0.00,0.00,0.0,0.000,0.000,21.477,23.236,0.00
1786364190,ingest,0.00,0.00,0.0,0.000,0.000,21.728,23.010,0.00
1786364195,ingest,0.00,0.00,0.0,0.000,0.000,22.103,22.642,0.00
1786364200,ingest,0.00,0.00,0.0,0.000,0.000,22.479,22.268,0.00
1786364205,ingest,0.00,0.00,0.0,0.000,0.000,22.750,21.992,0.00
1786364210,ingest,0.00,0.00,0.0,0.000,0.000,23.041,21.699,0.00
1786364215,ingest,0.00,0.00,0.0,0.000,0.000,23.354,21.384,0.00
1786364220,ingest,0.00,0.00,0.0,0.000,0.000,23.666,21.069,0.00
1786364225,ingest,0.00,0.00,0.0,0.000,0.000,23.916,20.813,0.00
1786364231,ingest,0.00,0.00,0.0,0.000,0.000,24.229,20.501,0.00
1786364236,ingest,0.00,0.00,0.0,0.000,0.000,24.542,20.184,0.00
1786364241,ingest,0.00,0.00,0.0,0.000,0.000,24.855,19.872,0.00
1786364246,ingest,0.00,0.00,0.0,0.000,0.000,25.105,19.622,0.00
1786364251,ingest,0.00,0.00,0.0,0.000,0.000,25.480,19.240,0.00
1786364256,ingest,0.00,0.00,0.0,0.000,0.000,25.793,18.932,0.00
1786364261,ingest,0.00,0.00,0.0,0.000,0.000,26.106,18.617,0.00
1786364266,ingest,0.00,0.00,0.0,0.000,0.000,26.418,18.304,0.00
1786364271,ingest,0.00,0.00,0.0,0.000,0.000,26.731,17.988,0.00
1786364276,ingest,0.00,0.00,0.0,0.000,0.000,27.044,17.672,0.00
1786364281,ingest,0.00,0.00,0.0,0.000,0.000,27.419,17.292,0.00
1786364286,ingest,0.00,0.00,0.0,0.000,0.000,27.889,16.819,0.00
1786364291,ingest,0.00,0.00,0.0,0.000,0.000,28.202,16.506,0.00
1786364296,ingest,0.00,0.00,0.0,0.000,0.000,28.452,16.251,0.00
1786364301,ingest,0.00,0.00,0.0,0.000,0.000,28.761,15.934,0.00
1786364306,ingest,0.00,0.00,0.0,0.000,0.000,29.011,15.683,0.00
1786364311,ingest,0.00,0.00,0.0,0.000,0.000,29.330,15.360,0.00
1786364316,ingest,0.00,0.00,0.0,0.000,0.000,29.580,15.080,0.00
1786364322,ingest,0.00,0.00,0.0,0.000,0.000,30.051,14.634,0.00
1786364327,ingest,0.00,0.00,0.0,0.000,0.000,30.417,14.258,0.00
1786364332,ingest,0.00,0.00,0.1,0.062,0.000,30.669,14.005,0.00
1786364337,ingest,0.00,78.57,8.6,0.423,0.000,30.670,14.008,0.00
1786364342,ingest,0.00,0.00,0.0,0.891,0.000,30.670,14.007,0.00
1786364347,ingest,0.00,0.00,0.0,1.173,0.000,30.671,14.003,0.00
1786364352,ingest,0.00,0.00,0.0,1.543,0.000,30.671,14.006,0.00
1786364357,ingest,0.00,0.00,0.1,1.669,0.000,30.671,14.005,0.00
1786364362,bench_mixed,0.00,259.68,23.3,1.669,0.000,36.192,13.159,3.17
1786364367,bench_mixed,0.00,0.00,0.0,1.669,0.000,49.443,12.794,0.00
1786364372,bench_mixed,1.64,0.00,1.0,1.669,0.000,62.011,12.590,0.00
1786364377,bench_mixed,2.68,0.00,2.0,1.669,0.000,62.018,12.582,0.00
1786364382,bench_mixed,0.00,0.00,0.0,1.669,0.000,62.019,12.583,0.00
1786364387,bench_mixed,0.00,0.00,0.1,1.669,0.000,62.105,12.504,0.00
1786364392,bench_mixed,0.00,0.00,0.0,1.669,0.000,62.202,12.407,0.00
1786364397,bench_mixed,0.00,0.00,0.0,1.669,0.000,62.263,12.344,0.00
1786364403,bench_mixed,0.00,0.00,0.0,1.669,0.000,62.264,12.340,0.00
1786364408,bench_mixed,0.00,0.00,0.0,1.669,0.000,62.266,12.337,0.00
1786364413,bench_mixed,0.00,0.00,0.0,1.669,0.000,65.093,9.507,0.00
1786364418,bench_mixed,0.00,0.00,0.1,1.669,0.000,65.607,8.994,0.00
1786364423,bench_mixed,0.00,0.00,0.0,1.669,0.000,66.035,8.564,0.00
1786364428,bench_mixed,0.00,0.00,0.0,1.669,0.000,66.393,8.206,0.00
1786364433,bench_mixed,0.00,0.00,0.0,1.669,0.000,66.712,7.888,0.00
1786364438,bench_mixed,0.00,0.00,0.0,1.669,0.000,66.901,7.698,0.00
1786364443,bench_mixed,0.00,0.00,0.0,1.669,0.000,66.989,7.610,0.00
1786364448,bench_mixed,0.00,0.00,0.1,1.669,0.000,67.089,7.511,0.00
1786364453,bench_mixed,0.00,0.00,0.0,1.669,0.000,67.280,7.320,0.00
1786364458,bench_mixed,0.00,0.00,0.0,1.669,0.000,67.402,7.199,0.00
1786364463,bench_mixed,0.00,0.00,0.0,1.669,0.000,67.458,7.128,0.03
1786364468,bench_mixed,0.00,0.00,0.0,1.669,0.000,67.590,6.999,0.00
1786364473,bench_mixed,0.00,0.00,0.0,1.669,0.000,67.648,6.942,0.00
1786364478,bench_mixed,0.00,0.00,0.1,1.669,0.000,67.854,6.735,0.00
1786364483,bench_mixed,0.00,0.00,0.0,1.669,0.000,67.971,6.619,0.00
1786364488,bench_mixed,0.00,0.00,0.0,1.669,0.000,68.098,6.491,0.00
1786364493,bench_mixed,0.00,0.00,0.0,1.669,0.000,68.141,6.448,0.00
1786364499,bench_mixed,0.00,0.00,0.0,1.669,0.000,68.288,6.304,0.00
1786364504,bench_mixed,0.00,0.00,0.0,1.669,0.000,68.441,6.151,0.00
1786364509,bench_mixed,0.00,0.00,0.0,1.669,0.000,68.559,6.035,0.00
1786364514,bench_mixed,0.00,0.00,0.0,1.669,0.000,68.662,5.933,0.00
1786364519,bench_mixed,0.00,0.00,0.0,1.669,0.000,68.686,5.910,0.00
1786364524,bench_mixed,0.00,0.00,0.0,1.669,0.000,68.701,5.894,0.00
1786364529,bench_mixed,0.00,0.00,0.0,1.669,0.000,68.801,5.794,0.00
1786364534,bench_mixed,0.00,0.00,0.0,1.669,0.000,68.837,5.758,0.00
1786364539,bench_mixed,0.00,0.00,0.0,1.669,0.000,68.874,5.720,0.00
1786364544,bench_mixed,0.00,0.00,0.0,1.669,0.000,68.964,5.629,0.00
1786364549,bench_mixed,0.00,0.00,0.0,1.669,0.000,69.054,5.540,0.00
1786364554,bench_mixed,0.00,0.00,0.0,1.669,0.000,69.161,5.433,0.00
1786364559,bench_mixed,0.00,0.00,0.0,1.669,0.000,69.254,5.340,0.00
1786364564,bench_mixed,0.00,0.00,0.0,1.669,0.000,69.308,5.286,0.00
1786364569,bench_mixed,0.00,0.00,0.0,1.669,0.000,69.371,5.224,0.00
1786364574,bench_mixed,0.00,0.00,0.0,1.669,0.000,69.444,5.150,0.00
1786364579,bench_mixed,0.00,0.00,0.0,1.669,0.000,69.492,5.101,0.00
1786364584,bench_mixed,0.00,0.00,0.0,1.669,0.000,69.558,5.036,0.00
1786364590,bench_mixed,0.00,0.00,0.0,1.669,0.000,69.562,5.031,0.00
1786364595,bench_mixed,0.00,0.00,0.0,1.669,0.000,69.566,5.026,0.00
1786364600,bench_mixed,0.00,0.00,0.0,1.669,0.000,69.616,4.976,0.00
1786364605,bench_mixed,0.00,0.00,0.0,1.669,0.000,69.656,4.937,0.00
1786364610,bench_mixed,0.00,0.00,0.0,1.669,0.000,69.671,4.922,0.00
1786364615,bench_mixed,0.00,0.00,0.0,1.669,0.000,69.750,4.844,0.00
1786364620,bench_mixed,0.00,0.00,0.0,1.669,0.000,69.750,4.844,0.00
1786364625,bench_mixed,0.00,0.00,0.0,1.669,0.000,69.851,4.742,0.00
1786364630,bench_mixed,0.00,0.00,0.0,1.669,0.000,69.862,4.731,0.00
1786364635,bench_mixed,0.00,0.00,0.0,1.669,0.000,69.925,4.669,0.00
1786364640,bench_mixed,0.00,0.00,0.0,1.669,0.000,69.966,4.627,0.00
1786364645,bench_mixed,0.00,0.00,0.0,1.669,0.000,70.041,4.551,0.00
1786364650,bench_mixed,0.00,0.00,0.0,1.669,0.000,70.121,4.473,0.00
1786364655,bench_mixed,0.00,0.00,0.0,1.669,0.000,70.208,4.388,0.00
1786364660,bench_mixed,0.00,0.00,0.0,1.669,0.000,70.214,4.382,0.00
1786364665,bench_mixed,0.00,0.00,0.0,1.669,0.000,70.220,4.375,0.00
1786364670,bench_mixed,0.00,0.00,0.0,1.669,0.000,70.229,4.365,0.00
1786364675,bench_mixed,0.00,0.00,0.0,1.669,0.000,70.256,4.337,0.00
1786364680,bench_mixed,0.00,0.00,0.0,1.669,0.000,70.284,4.309,0.00
1786364686,bench_mixed,0.00,0.00,0.0,1.669,0.000,70.310,4.282,0.00
1786364691,bench_mixed,0.00,0.00,0.0,1.669,0.000,70.310,4.283,0.00
1786364696,bench_mixed,0.00,0.00,0.0,1.669,0.000,70.384,4.208,0.00
1786364701,bench_mixed,0.00,0.00,0.0,1.669,0.000,70.419,4.173,0.00
1786364706,bench_mixed,0.00,0.00,0.0,1.669,0.000,70.569,4.022,0.00
1786364711,bench_mixed,0.00,0.00,0.0,1.925,0.000,70.718,3.873,0.00
1786364716,bench_mixed,0.02,68.08,7.8,1.978,0.000,70.743,3.852,0.00
1786364721,bench_mixed,0.22,0.00,0.4,1.978,0.000,70.748,3.841,0.00
1786364726,bench_mixed,1.01,0.00,1.6,1.978,0.000,70.831,3.755,0.00
1786364731,bench_mixed,0.86,0.00,0.8,1.978,0.000,70.899,3.684,0.00
1786364736,bench_mixed,0.50,0.00,0.8,1.978,0.000,70.924,3.658,0.00
1786364741,bench_mixed,0.40,0.00,0.7,1.978,0.000,70.934,3.651,0.00
1786364746,bench_mixed,0.16,0.00,0.3,1.978,0.000,70.937,3.648,0.00
1786364751,bench_mixed,1.10,0.00,1.6,1.978,0.000,70.940,3.645,0.00
1786364756,bench_mixed,0.37,0.00,0.6,1.978,0.000,71.009,3.578,0.00
1786364761,bench_mixed,0.77,0.00,0.9,1.978,0.000,71.041,3.536,0.03
1786364766,bench_mixed,0.22,0.00,0.3,1.978,0.000,71.041,3.536,0.00
1786364771,bench_mixed,1.14,0.00,1.4,1.978,0.000,71.114,3.463,0.00
1786364776,bench_mixed,0.36,0.00,0.5,1.978,0.000,71.185,3.393,0.00
1786364782,bench_mixed,0.23,0.00,0.5,1.978,0.000,71.213,3.364,0.00
1786364787,bench_mixed,0.35,0.00,0.6,1.978,0.000,71.256,3.323,0.00
1786364792,bench_mixed,0.34,0.00,0.6,1.978,0.000,71.256,3.324,0.00
1786364797,bench_mixed,0.96,0.00,1.4,1.978,0.000,71.317,3.264,0.00
1786364802,bench_mixed,1.20,0.00,1.5,1.978,0.000,71.389,3.191,0.00
1786364807,bench_mixed,0.49,0.00,1.0,1.978,0.000,71.468,3.112,0.00
1786364812,bench_mixed,0.76,0.00,1.2,1.978,0.000,71.468,3.111,0.00
1786364817,bench_mixed,0.67,0.00,1.0,1.978,0.000,71.473,3.107,0.00
1786364822,bench_mixed,0.31,0.00,0.5,1.978,0.000,71.473,3.106,0.00
1786364827,bench_mixed,0.10,0.00,0.2,1.978,0.000,71.512,3.067,0.00
1786364832,bench_mixed,0.32,0.00,0.6,1.978,0.000,71.516,3.063,0.00
1786364837,bench_mixed,0.08,0.00,0.2,1.978,0.000,71.546,3.033,0.00
1786364842,bench_mixed,0.71,0.00,0.9,1.978,0.000,71.573,3.006,0.00
1786364847,bench_mixed,0.42,0.00,0.8,1.978,0.000,71.634,2.947,0.00
1786364852,bench_mixed,0.32,0.00,0.6,1.978,0.000,71.634,2.947,0.00
1786364857,bench_mixed,0.28,0.00,0.4,1.978,0.000,71.690,2.891,0.00
1786364862,bench_mixed,0.28,0.00,0.4,1.978,0.000,71.722,2.859,0.00
1786364867,bench_mixed,0.40,0.00,0.6,1.978,0.000,71.724,2.857,0.00
1786364872,bench_mixed,0.58,0.00,1.0,1.978,0.000,71.750,2.832,0.00
1786364878,bench_mixed,0.26,0.00,0.4,1.978,0.000,71.802,2.780,0.00
1786364883,bench_mixed,0.17,0.00,0.2,1.978,0.000,71.802,2.780,0.00
1786364888,bench_mixed,0.44,0.00,0.6,1.978,0.000,71.803,2.779,0.00
1786364893,bench_mixed,0.07,0.00,0.2,1.978,0.000,71.827,2.755,0.00
1786364898,bench_mixed,0.09,0.00,0.2,1.978,0.000,71.851,2.731,0.00
1786364903,bench_mixed,0.40,0.00,0.6,1.978,0.000,71.851,2.732,0.00
1786364908,bench_mixed,0.09,0.00,0.1,1.978,0.000,71.869,2.715,0.00
1786364913,bench_mixed,0.09,0.00,0.2,1.978,0.000,71.869,2.715,0.00
1786364918,bench_mixed,0.70,0.00,0.7,1.978,0.000,71.939,2.645,0.00
1786364923,bench_mixed,0.42,0.00,0.6,1.978,0.000,71.959,2.625,0.00
1786364928,bench_mixed,0.47,0.00,0.6,1.978,0.000,71.982,2.601,0.00
1786364933,bench_mixed,0.53,0.00,0.5,1.978,0.000,71.994,2.590,0.00
1786364938,bench_mixed,0.23,0.00,0.3,1.978,0.000,72.040,2.543,0.00
1786364943,bench_mixed,0.09,0.00,0.3,1.978,0.000,72.042,2.542,0.00
1786364948,bench_mixed,0.58,0.00,0.9,1.978,0.000,72.067,2.516,0.00
1786364953,bench_mixed,0.58,0.00,0.7,1.978,0.000,72.067,2.516,0.00
1786364958,bench_mixed,0.00,0.00,0.0,1.978,0.000,72.067,2.517,0.00
1786364963,bench_mixed,0.19,0.00,0.2,1.978,0.000,72.101,2.483,0.00
1786364968,bench_mixed,0.33,0.00,0.3,1.978,0.000,72.129,2.456,0.00
1786364974,bench_mixed,0.08,0.00,0.2,1.978,0.000,72.129,2.455,0.00
1786364979,bench_mixed,0.10,0.00,0.2,1.978,0.000,72.130,2.453,0.00
1786364984,bench_mixed,0.07,0.00,0.1,1.978,0.000,72.138,2.445,0.00
1786364989,bench_mixed,0.00,0.00,0.0,1.978,0.000,72.280,2.303,0.00
1786364994,bench_mixed,2.62,93.35,31.8,2.214,0.000,72.409,2.167,0.00
1786364999,bench_mixed,31.75,0.00,16.9,2.287,0.000,72.435,2.141,0.00
1786365004,bench_mixed,39.49,0.00,16.3,2.287,0.000,72.445,2.134,0.00
1786365009,bench_mixed,33.56,34.07,36.8,2.287,0.000,72.448,2.133,0.00
1786365014,bench_mixed,38.19,0.00,32.4,2.287,0.000,72.501,2.079,0.00
1786365019,bench_mixed,45.39,0.00,30.1,2.287,0.000,72.547,2.031,0.00
1786365024,bench_mixed,34.74,0.00,35.8,2.287,0.000,72.560,2.018,0.00
1786365029,bench_mixed,48.75,0.00,37.5,2.287,0.000,72.621,1.957,0.00
1786365034,bench_mixed,52.19,0.00,39.6,2.287,0.000,72.621,1.957,0.00
1786365039,bench_mixed,51.74,0.00,37.4,2.287,0.000,72.621,1.956,0.00
1786365044,bench_mixed,66.66,0.00,35.6,2.287,0.000,72.661,1.919,0.00
1786365049,bench_mixed,67.47,0.00,40.3,2.287,0.000,72.688,1.893,0.00
1786365054,bench_mixed,55.70,0.00,40.9,2.287,0.000,72.688,1.896,0.00
1786365059,bench_mixed,58.36,0.00,38.6,2.287,0.000,72.732,1.845,0.02
1786365064,bench_mixed,85.49,0.00,41.4,2.287,0.000,72.732,1.842,0.01
1786365069,bench_mixed,67.11,0.00,41.0,2.287,0.000,72.749,1.826,0.00
1786365075,bench_mixed,68.97,0.00,38.8,2.287,0.000,72.752,1.823,0.00
1786365080,bench_mixed,60.49,0.00,39.5,2.287,0.000,72.771,1.804,0.00
1786365085,bench_mixed,61.76,0.00,38.9,2.287,0.000,72.857,1.720,0.00
1786365090,bench_mixed,98.84,0.00,44.3,2.287,0.000,72.870,1.709,0.00
1786365095,bench_mixed,85.56,0.00,42.6,2.287,0.000,72.878,1.700,0.00
1786365100,bench_mixed,93.21,0.00,43.2,2.287,0.000,72.905,1.679,0.00
1786365105,bench_mixed,85.57,0.00,43.0,2.287,0.000,72.906,1.676,0.00
1786365110,bench_mixed,90.88,0.00,40.5,2.287,0.000,72.906,1.677,0.00
1786365115,bench_mixed,97.28,0.00,40.9,2.287,0.000,72.912,1.670,0.00
1786365120,bench_mixed,122.13,0.00,44.2,2.287,0.000,72.914,1.669,0.00
1786365125,bench_mixed,81.53,0.00,41.7,2.287,0.000,72.914,1.670,0.00
1786365130,bench_mixed,90.22,0.00,42.1,2.287,0.000,72.935,1.650,0.00
1786365135,bench_mixed,113.89,0.00,44.0,2.287,0.000,72.961,1.623,0.00
1786365140,bench_mixed,102.78,0.00,43.9,2.287,0.000,72.988,1.593,0.00
1786365145,bench_mixed,98.67,0.00,45.1,2.287,0.000,72.994,1.587,0.00
1786365150,bench_mixed,80.39,0.00,38.2,2.287,0.000,72.998,1.585,0.00
1786365155,bench_mixed,100.31,0.00,44.3,2.287,0.000,73.041,1.541,0.00
1786365160,bench_mixed,111.58,0.00,42.9,2.287,0.000,73.045,1.536,0.00
1786365165,bench_mixed,102.95,0.00,39.6,2.287,0.000,73.067,1.514,0.00
1786365171,bench_mixed,120.90,0.00,45.9,2.287,0.000,73.094,1.487,0.00
1786365176,bench_mixed,111.04,0.00,43.6,2.287,0.000,73.094,1.487,0.00
1786365181,bench_mixed,109.07,0.00,41.3,2.287,0.000,73.094,1.489,0.00
1786365186,bench_mixed,120.10,0.00,40.9,2.287,0.000,73.128,1.453,0.00
1786365191,bench_mixed,141.03,0.00,43.7,2.287,0.000,73.128,1.454,0.00
1786365196,bench_mixed,118.82,0.00,45.3,2.287,0.000,73.128,1.456,0.00
1786365201,bench_mixed,129.71,0.00,43.4,2.287,0.000,73.173,1.412,0.00
1786365206,bench_mixed,141.18,0.00,45.4,2.287,0.000,73.229,1.356,0.00
1786365211,bench_mixed,128.71,0.00,43.8,2.287,0.000,73.267,1.319,0.00
1786365216,bench_mixed,127.49,0.00,40.6,2.287,0.000,73.296,1.288,0.00
1786365221,bench_mixed,124.79,0.00,43.2,2.287,0.000,73.307,1.282,0.00
1786365226,bench_mixed,134.43,0.00,45.5,2.287,0.000,73.354,1.232,0.00
1786365231,bench_mixed,154.86,0.00,43.8,2.287,0.000,73.358,1.229,0.00
1786365236,bench_mixed,149.54,0.00,46.0,2.287,0.000,73.399,1.186,0.00
1786365241,bench_mixed,152.24,0.00,44.9,2.287,0.000,73.404,1.181,0.00
1786365246,bench_mixed,155.62,0.00,45.1,2.287,0.000,73.404,1.182,0.00
1786365251,bench_mixed,174.52,0.00,43.9,2.287,0.000,73.405,1.182,0.00
1786365257,bench_mixed,149.47,0.00,45.7,2.287,0.000,73.436,1.151,0.00
1786365262,bench_mixed,184.37,0.00,45.7,2.287,0.000,73.458,1.128,0.00
1786365267,bench_mixed,165.81,0.00,48.1,2.287,0.000,73.459,1.130,0.00
1786365272,bench_mixed,129.86,0.00,37.0,2.287,0.000,73.492,1.097,0.00
1786365277,bench_mixed,0.00,0.00,0.0,2.287,0.000,73.622,0.966,0.00
1786365282,bench_mixed,72.73,122.64,47.4,2.525,0.000,73.739,0.852,0.00
1786365287,bench_mixed,167.68,45.08,45.3,2.596,0.000,73.739,0.849,0.00
1786365292,bench_mixed,166.17,0.00,37.3,2.596,0.000,73.741,0.843,0.00
1786365297,bench_mixed,216.62,0.00,40.0,2.596,0.000,73.744,0.841,0.00
1786365302,bench_mixed,184.60,0.00,36.2,2.596,0.000,73.748,0.837,0.00
1786365307,bench_mixed,175.71,0.00,40.6,2.596,0.000,73.777,0.810,0.00
1786365312,bench_mixed,193.94,0.00,38.3,2.596,0.000,73.812,0.773,0.00
1786365317,bench_mixed,241.54,0.00,41.8,2.596,0.000,73.820,0.767,0.00
1786365322,bench_mixed,222.58,0.00,45.4,2.596,0.000,73.823,0.766,0.00
1786365327,bench_mixed,199.12,0.00,40.9,2.596,0.000,73.833,0.754,0.00
1786365332,bench_mixed,190.85,0.00,39.7,2.596,0.000,73.868,0.718,0.00
1786365338,bench_mixed,198.44,0.00,41.3,2.596,0.000,73.868,0.720,0.00
1786365343,bench_mixed,216.93,0.00,41.4,2.596,0.000,73.868,0.722,0.00
1786365348,bench_mixed,242.79,0.00,46.2,2.596,0.000,73.868,0.722,0.00
1786365353,bench_mixed,220.38,0.00,38.6,2.596,0.000,73.898,0.691,0.00
1786365358,bench_mixed,247.69,0.00,48.6,2.596,0.000,73.899,0.692,0.00
1786365363,bench_mixed,223.95,0.00,46.5,2.596,0.000,73.899,0.684,0.03
1786365368,bench_mixed,219.18,0.00,45.6,2.596,0.000,73.941,0.640,0.00
1786365373,bench_mixed,223.36,0.00,46.4,2.596,0.000,73.941,0.643,0.00
1786365378,bench_mixed,224.79,0.00,40.2,2.596,0.000,73.968,0.613,0.00
1786365383,bench_mixed,250.87,0.00,42.8,2.596,0.000,73.979,0.602,0.00
1786365388,bench_mixed,221.49,0.00,38.0,2.596,0.000,73.994,0.588,0.00
1786365393,bench_mixed,198.02,0.00,38.3,2.596,0.000,73.994,0.587,0.00
1786365399,bench_mixed,227.17,0.00,43.6,2.596,0.000,74.032,0.550,0.00
1786365404,bench_mixed,252.10,0.00,42.9,2.596,0.000,74.075,0.506,0.00
1786365409,bench_mixed,281.65,0.00,43.6,2.596,0.000,74.075,0.506,0.00
1786365414,bench_mixed,199.81,0.00,37.6,2.596,0.000,74.082,0.501,0.00
1786365419,bench_mixed,248.52,0.00,46.4,2.596,0.000,74.083,0.501,0.00
1786365424,bench_mixed,214.29,0.00,40.5,2.596,0.000,74.083,0.500,0.00
1786365429,bench_mixed,227.11,0.00,40.5,2.596,0.000,74.083,0.504,0.00
1786365434,bench_mixed,239.24,0.00,42.4,2.596,0.000,74.083,0.504,0.00
1786365439,bench_mixed,247.26,0.00,41.5,2.596,0.000,74.082,0.504,0.00
1786365444,bench_mixed,240.05,0.00,43.0,2.596,0.000,74.084,0.503,0.00
1786365449,bench_mixed,268.97,0.00,47.4,2.596,0.000,74.103,0.483,0.00
1786365454,bench_mixed,234.59,0.00,37.6,2.596,0.000,74.121,0.467,0.00
1786365460,bench_mixed,243.89,0.00,43.2,2.596,0.000,74.121,0.468,0.00
1786365465,bench_mixed,265.03,0.00,47.5,2.596,0.000,74.129,0.462,0.00
1786365470,bench_mixed,263.42,0.00,47.0,2.596,0.000,74.128,0.460,0.00
1786365475,bench_mixed,212.42,0.00,39.4,2.596,0.000,74.156,0.432,0.00
1786365480,bench_mixed,200.88,0.00,41.6,2.596,0.000,74.157,0.433,0.00
1786365485,bench_mixed,267.75,0.00,48.8,2.596,0.000,74.161,0.430,0.00
1786365490,bench_mixed,273.20,0.00,41.5,2.596,0.000,74.185,0.406,0.00
1786365495,bench_mixed,287.24,0.00,44.7,2.596,0.000,74.185,0.406,0.00
1786365500,bench_mixed,215.43,0.00,41.8,2.596,0.000,74.217,0.386,0.00
1786365505,bench_mixed,265.46,0.00,43.7,2.596,0.000,74.216,0.386,0.00
1786365510,bench_mixed,223.05,0.00,51.3,2.596,0.000,74.216,0.389,0.00
1786365515,bench_mixed,258.74,0.00,40.4,2.596,0.000,74.216,0.388,0.00
1786365521,bench_mixed,256.89,0.00,45.8,2.596,0.000,74.222,0.385,0.00
1786365526,bench_mixed,287.36,0.00,46.0,2.596,0.000,74.223,0.380,0.00
1786365531,bench_mixed,224.12,0.00,42.7,2.596,0.000,74.223,0.388,0.00
1786365536,bench_mixed,264.25,0.00,49.4,2.596,0.000,74.270,0.352,0.00
1786365541,bench_mixed,259.63,0.00,45.6,2.596,0.000,74.270,0.360,0.00
1786365546,bench_mixed,251.59,0.00,46.8,2.596,0.000,74.300,0.337,0.00
1786365551,bench_mixed,262.33,0.00,42.3,2.596,0.000,74.321,0.325,0.00
1786365556,bench_mixed,38.92,0.00,7.5,2.596,0.000,74.430,0.269,0.00
1786365561,bench_mixed,0.00,0.00,0.0,2.596,0.000,0.000,0.322,0.00
1786365570,bench_mixed,0.00,0.00,0.0,2.596,0.000,0.000,5.600,0.00
1786365575,bench_mixed,0.00,0.00,0.0,2.596,0.000,0.000,40.573,0.00
1786365580,bench_mixed,0.00,0.00,0.0,2.596,0.000,0.000,45.080,0.00
1786365585,bench_mixed,0.00,0.00,0.0,2.596,0.000,0.000,45.079,0.00
1786365590,bench_mixed,0.00,0.00,0.0,2.596,0.000,0.000,45.078,0.00
1786365595,bench_mixed,0.00,0.00,0.0,2.596,0.000,0.000,45.078,0.00
1786365600,bench_mixed,0.00,0.00,0.0,2.596,0.000,0.000,45.078,0.00
1786365605,bench_mixed,0.00,0.00,0.0,2.596,0.000,0.000,45.077,0.00
1786365610,bench_mixed,0.00,0.00,0.0,2.596,0.000,0.000,45.077,0.00
1786365615,bench_mixed,0.00,0.00,0.0,2.596,0.000,0.000,45.077,0.00
1786365620,bench_mixed,0.00,0.00,0.0,2.596,0.000,0.000,45.077,0.00
1786365625,bench_mixed,0.00,0.00,0.0,2.596,0.000,0.000,45.077,0.00
1786365630,bench_mixed,0.00,0.00,0.0,2.596,0.000,0.000,45.077,0.00
1786365635,bench_mixed,0.00,0.00,0.0,2.596,0.000,0.000,45.077,0.00
1786365640,bench_mixed,0.00,0.00,0.0,2.596,0.000,0.000,45.077,0.00
1786365645,bench_mixed,0.00,0.00,0.0,2.596,0.000,0.000,45.077,0.00
1786365650,bench_mixed,0.00,0.00,0.0,2.596,0.000,0.000,45.077,0.00
1786365656,bench_mixed,0.00,0.00,0.0,2.596,0.000,0.000,45.077,0.00
1786365661,bench_mixed,0.00,0.00,0.0,2.596,0.000,0.000,45.077,0.00
1786365666,bench_mixed,0.00,0.00,0.0,2.596,0.000,0.000,45.077,0.00
1786365671,bench_mixed,0.00,0.00,0.0,2.596,0.000,0.000,45.077,0.00
1786365676,bench_mixed,0.00,0.00,0.0,2.596,0.000,0.000,45.077,0.00
1786365681,bench_mixed,0.00,0.00,0.0,2.596,0.000,0.000,45.076,0.00
1786365686,bench_mixed,0.00,0.00,0.0,2.596,0.000,0.000,45.076,0.00
1786365691,bench_mixed,0.00,0.00,0.0,2.596,0.000,0.000,45.076,0.00
1786365696,bench_mixed,0.00,0.00,0.0,2.596,0.000,0.000,45.076,0.00
1786365701,bench_mixed,0.00,0.00,0.0,2.596,0.000,0.000,45.076,0.00
1786365706,bench_mixed,0.00,0.00,0.0,2.596,0.000,0.000,45.076,0.00
1786365711,bench_mixed,0.00,0.00,0.0,2.596,0.000,0.000,45.076,0.00
1786365716,bench_mixed,0.00,0.00,0.0,2.596,0.000,0.000,45.076,0.00
1786365721,bench_mixed,0.00,0.00,0.0,2.596,0.000,0.000,45.076,0.00
1786365726,bench_mixed,0.00,0.00,0.0,2.596,0.000,0.000,45.076,0.00
1786365731,bench_mixed,0.00,0.00,0.0,2.596,0.000,0.000,45.076,0.00
1786365736,bench_mixed,0.00,0.00,0.0,2.596,0.000,0.000,45.076,0.00
1786365741,bench_mixed,0.00,0.00,0.0,2.596,0.000,0.000,45.076,0.00
1786365746,bench_mixed,0.00,0.00,0.0,2.596,0.000,0.000,45.076,0.00
1786365751,bench_mixed,0.00,0.00,0.0,2.596,0.000,0.000,45.076,0.00
1786365757,bench_mixed,0.00,0.00,0.0,2.596,0.000,0.000,45.076,0.00
1786365762,bench_mixed,0.00,0.00,0.0,2.596,0.000,0.000,45.076,0.00
1786365767,bench_mixed,0.00,0.00,0.0,2.596,0.000,0.000,45.076,0.00
1786365772,bench_mixed,0.00,0.00,0.0,2.596,0.000,0.000,45.076,0.00
1786365777,bench_mixed,0.00,0.00,0.0,2.596,0.000,0.000,45.076,0.00
1786365782,bench_mixed,0.00,0.00,0.0,2.596,0.000,0.000,45.076,0.00
1786365787,bench_mixed,0.00,0.00,0.0,2.596,0.000,0.000,45.076,0.00
1786365792,bench_mixed,0.00,0.00,0.0,2.596,0.000,0.000,45.076,0.00
1786365797,bench_mixed,0.00,0.00,0.0,2.596,0.000,0.000,45.076,0.00
1786365802,bench_mixed,0.00,0.00,0.0,2.596,0.000,0.000,45.076,0.00
1786365807,bench_mixed,0.00,0.00,0.0,2.596,0.000,0.000,45.076,0.00
1786365812,bench_mixed,0.00,0.00,0.0,2.596,0.000,0.000,45.076,0.00
1786365817,bench_mixed,0.00,0.00,0.0,2.596,0.000,0.000,45.075,0.00
1786365822,bench_mixed,0.00,0.00,0.0,2.596,0.000,0.000,45.075,0.00
1786365827,bench_mixed,0.00,0.00,0.0,2.596,0.000,0.000,45.075,0.00
1786365832,bench_mixed,0.00,0.00,0.0,2.596,0.000,0.000,45.075,0.00
1786365837,bench_mixed,0.00,0.00,0.0,2.596,0.000,0.000,45.075,0.00
1786365842,bench_mixed,0.00,0.00,0.0,2.596,0.000,0.000,45.075,0.00
1786365847,bench_mixed,0.00,0.00,0.0,2.596,0.000,0.000,45.075,0.00
1786365853,bench_mixed,0.00,0.00,0.0,2.596,0.000,0.000,45.073,0.00
1786365858,bench_mixed,0.00,0.00,0.0,2.596,0.000,0.000,45.073,0.00
1786365863,bench_mixed,0.00,0.00,0.0,2.596,0.000,0.000,45.073,0.00
1786365868,bench_mixed,0.00,0.00,0.0,2.596,0.000,0.000,45.073,0.00
1786365873,bench_mixed,0.00,0.00,0.0,2.596,0.000,0.000,45.073,0.00
1786365878,bench_mixed,0.00,0.00,0.0,2.596,0.000,0.000,45.074,0.00
1786365883,bench_mixed,0.00,0.00,0.0,2.596,0.000,0.000,45.074,0.00
1786365888,bench_mixed,0.00,0.00,0.0,2.596,0.000,0.000,45.074,0.00
1786365893,bench_mixed,0.00,0.00,0.0,2.596,0.000,0.000,45.074,0.00
1786365898,bench_mixed,0.00,0.00,0.0,2.596,0.000,0.000,45.074,0.00
1786365903,bench_mixed,0.00,0.00,0.0,2.596,0.000,0.000,45.071,0.00
1786365908,bench_mixed,0.00,0.00,0.0,2.596,0.000,0.000,45.071,0.00
1786365913,bench_mixed,0.00,0.00,0.0,2.596,0.000,0.000,45.071,0.00
1786365918,bench_mixed,0.00,0.00,0.0,2.596,0.000,0.000,45.071,0.00
1786365923,bench_mixed,0.00,0.00,0.0,2.596,0.000,0.000,45.071,0.00
1786365928,bench_mixed,0.00,0.00,0.0,2.596,0.000,0.000,45.071,0.00
1786365933,bench_mixed,0.00,0.00,0.0,2.596,0.000,0.000,45.071,0.00
1786365938,bench_mixed,0.00,0.00,0.0,2.596,0.000,0.000,45.071,0.00
1786365943,bench_mixed,0.00,0.00,0.0,2.596,0.000,0.000,45.071,0.00
1786365949,bench_mixed,0.00,0.00,0.0,2.596,0.000,0.000,45.071,0.00
1786365954,bench_mixed,0.00,0.00,0.0,2.596,0.000,0.000,45.071,0.00
1786365959,bench_mixed,0.00,0.00,0.0,2.596,0.000,0.000,45.071,0.00
1786365964,bench_mixed,0.00,0.00,0.0,2.596,0.000,0.000,45.071,0.00
1786365969,bench_mixed,0.00,0.00,0.0,2.596,0.000,0.000,45.071,0.00
1786365974,bench_mixed,0.00,0.00,0.0,2.596,0.000,0.000,45.071,0.00
1786365979,bench_mixed,0.00,0.00,0.0,2.596,0.000,0.000,45.070,0.00
1786365984,bench_mixed,0.00,0.00,0.0,2.596,0.000,0.000,45.070,0.00
1786365989,bench_mixed,0.00,0.00,0.0,2.596,0.000,0.000,45.070,0.00
1786365994,bench_mixed,0.00,0.00,0.0,2.596,0.000,0.000,45.070,0.00
1786365999,bench_mixed,0.00,0.00,0.0,2.596,0.000,0.000,45.070,0.00
1786366004,bench_mixed,0.00,0.00,0.0,2.596,0.000,0.000,45.070,0.00
1786366009,bench_mixed,0.00,0.00,0.0,2.596,0.000,0.000,45.070,0.00
1786366014,bench_mixed,0.00,0.00,0.0,2.596,0.000,0.000,45.069,0.00
1786366019,bench_mixed,0.00,0.00,0.0,2.596,0.000,0.000,45.069,0.00
1786366024,bench_mixed,0.00,0.00,0.0,2.596,0.000,0.000,45.069,0.00
1786366029,bench_mixed,0.00,0.00,0.0,2.596,0.000,0.000,45.069,0.00
1786366034,bench_mixed,0.00,0.00,0.0,2.596,0.000,0.000,45.069,0.00
1786366039,bench_mixed,0.00,0.00,0.0,2.596,0.000,0.000,45.069,0.00
1786366044,bench_mixed,0.00,0.00,0.0,2.596,0.000,0.000,45.069,0.00
1786366050,bench_mixed,0.00,0.00,0.0,2.596,0.000,0.000,45.069,0.00
1786366055,bench_mixed,0.00,0.00,0.0,2.596,0.000,0.000,45.069,0.00
1786366060,bench_mixed,0.00,0.00,0.0,2.596,0.000,0.000,45.069,0.00
1786366065,bench_mixed,0.00,0.00,0.0,2.596,0.000,0.000,45.069,0.00
1786366070,bench_mixed,0.00,0.00,0.0,2.596,0.000,0.000,45.069,0.00
1786366075,bench_mixed,0.00,0.00,0.0,2.596,0.000,0.000,45.069,0.00
1786366080,bench_mixed,0.00,0.00,0.0,2.596,0.000,0.000,45.069,0.00
1786366085,bench_mixed,0.00,0.00,0.0,2.596,0.000,0.000,45.069,0.00
1786366090,bench_mixed,0.00,0.00,0.0,2.596,0.000,0.000,45.069,0.00
1786366095,bench_mixed,0.00,0.00,0.0,2.596,0.000,0.000,45.069,0.00
1786366100,bench_mixed,0.00,0.00,0.0,2.596,0.000,0.000,45.069,0.00
1786366105,bench_mixed,0.00,0.00,0.0,2.596,0.000,0.000,45.069,0.00
1786366110,bench_mixed,0.00,0.00,0.0,2.596,0.000,0.000,45.068,0.00
1786366115,bench_mixed,0.00,0.00,0.0,2.596,0.000,0.000,45.068,0.00
1786366120,bench_mixed,0.00,0.00,0.0,2.596,0.000,0.000,45.068,0.00
1786366125,bench_mixed,0.00,0.00,0.0,2.596,0.000,0.000,45.068,0.00
1786366130,bench_mixed,0.00,0.00,0.0,2.596,0.000,0.000,45.068,0.00
1786366135,bench_mixed,0.00,0.00,0.0,2.596,0.000,0.000,45.068,0.00
1786366140,bench_mixed,0.00,0.00,0.0,2.596,0.000,0.000,45.069,0.00
1786366146,bench_mixed,0.00,0.00,0.0,2.596,0.000,0.000,45.068,0.00
1786366151,bench_mixed,0.00,0.00,0.0,2.596,0.000,0.000,45.068,0.00
1786366156,bench_mixed,0.00,0.00,0.0,2.596,0.000,0.000,45.068,0.00
1786366161,bench_mixed,0.00,0.00,0.0,2.596,0.000,0.000,45.068,0.00
1786366166,bench_mixed,0.00,0.00,0.0,2.596,0.000,0.000,45.068,0.00
1786366171,bench_mixed,0.00,0.00,0.0,2.596,0.000,0.000,45.068,0.00
1786366176,bench_mixed,0.00,0.00,0.0,2.596,0.000,0.000,45.068,0.00
1786366181,bench_mixed,0.00,0.00,0.0,2.596,0.000,0.000,45.068,0.00
1786366186,bench_mixed,0.00,0.00,0.0,2.596,0.000,0.000,45.068,0.00
1786366191,bench_mixed,0.00,0.00,0.0,2.596,0.000,0.000,45.067,0.00
1786366196,bench_mixed,0.00,0.00,0.0,2.596,0.000,0.000,45.066,0.00
1786366201,bench_mixed,0.00,0.00,0.0,2.596,0.000,0.000,45.066,0.00
1786366206,bench_mixed,0.00,0.00,0.0,2.596,0.000,0.000,45.066,0.00
1786366211,bench_mixed,0.00,0.00,0.0,2.596,0.000,0.000,45.066,0.00
1786366216,bench_mixed,0.00,0.00,0.0,2.596,0.000,0.000,45.067,0.00
1786366221,bench_mixed,0.00,0.00,0.0,2.596,0.000,0.000,45.066,0.00
1786366226,bench_mixed,0.00,0.00,0.0,2.596,0.000,0.000,45.066,0.00
1786366231,bench_mixed,0.00,0.00,0.0,2.596,0.000,0.000,45.066,0.00
1786366236,bench_mixed,0.00,0.00,0.0,2.596,0.000,0.000,45.066,0.00
1786366242,bench_mixed,0.00,0.00,0.0,2.596,0.000,0.000,45.066,0.00
1786366247,bench_mixed,0.00,0.00,0.0,2.596,0.000,0.000,45.066,0.00
1786366252,bench_mixed,0.00,0.00,0.0,2.596,0.000,0.000,45.066,0.00
1786366257,bench_mixed,0.00,0.00,0.0,2.596,0.000,0.000,45.066,0.00
1786366262,bench_mixed,0.00,0.00,0.0,2.596,0.000,0.000,45.066,0.00
1786366267,bench_mixed,0.00,0.00,0.0,2.596,0.000,0.000,45.066,0.00
1786366272,bench_mixed,0.00,0.00,0.0,2.596,0.000,0.000,45.066,0.00
1786366277,bench_mixed,0.00,0.00,0.0,2.596,0.000,0.000,45.066,0.00
1786366282,bench_mixed,0.00,0.00,0.0,2.596,0.000,0.000,45.066,0.00
1786366287,bench_mixed,0.00,0.00,0.0,2.596,0.000,0.000,45.066,0.00
1786366292,bench_mixed,0.00,0.00,0.0,2.596,0.000,0.000,45.066,0.00
1786366297,bench_mixed,0.00,0.00,0.0,2.596,0.000,0.000,45.066,0.00
1786366302,bench_mixed,0.00,0.00,0.0,2.596,0.000,0.000,45.066,0.00
1786366307,bench_mixed,0.00,0.00,0.0,2.596,0.000,0.000,45.066,0.00
1786366312,bench_mixed,0.00,0.00,0.0,2.596,0.000,0.000,45.066,0.00
1786366317,bench_mixed,0.00,0.00,0.0,2.596,0.000,0.000,45.066,0.00
1786366322,bench_mixed,0.00,0.00,0.0,2.596,0.000,0.000,45.066,0.00
1786366327,bench_mixed,0.00,0.00,0.0,2.596,0.000,0.000,45.066,0.00
1786366332,bench_mixed,0.00,0.00,0.0,2.596,0.000,0.000,45.066,0.00
1786366337,bench_mixed,0.00,0.00,0.0,2.596,0.000,0.000,45.066,0.00
1786366343,bench_mixed,0.00,0.00,0.0,2.596,0.000,0.000,45.066,0.00
1786366348,bench_mixed,0.00,0.00,0.0,2.596,0.000,0.000,45.066,0.00
1786366353,bench_mixed,0.00,0.00,0.0,2.596,0.000,0.000,45.066,0.00
1786366358,bench_mixed,0.00,0.00,0.0,2.596,0.000,0.000,45.066,0.00
1786366363,bench_mixed,0.00,0.00,0.0,2.596,0.000,0.000,45.066,0.00
1786366368,bench_mixed,0.00,0.00,0.0,2.596,0.000,0.000,45.066,0.00
1786366373,bench_mixed,0.00,0.00,0.0,2.596,0.000,0.000,45.066,0.00
1786366378,bench_mixed,0.00,0.00,0.0,2.596,0.000,0.000,45.066,0.00
1786366383,bench_mixed,0.00,0.00,0.0,2.596,0.000,0.000,45.066,0.00
1786366388,bench_mixed,0.00,0.00,0.0,2.596,0.000,0.000,45.066,0.00
1786366393,bench_mixed,0.00,0.00,0.0,2.596,0.000,0.000,45.067,0.00
1786366398,bench_mixed,0.00,0.00,0.0,2.596,0.000,0.000,45.066,0.00
1786366403,bench_mixed,0.00,0.00,0.0,2.596,0.000,0.000,45.066,0.00
1786366408,bench_mixed,0.00,0.00,0.0,2.596,0.000,0.000,45.066,0.00
1786366413,bench_mixed,0.00,0.00,0.0,2.596,0.000,0.000,45.066,0.00
1786366418,bench_mixed,0.00,0.00,0.0,2.596,0.000,0.000,45.066,0.00
1786366423,bench_mixed,0.00,0.00,0.0,2.596,0.000,0.000,45.066,0.00
1786366428,bench_mixed,0.00,0.00,0.0,2.596,0.000,0.000,45.066,0.00
1786366433,bench_mixed,0.00,0.00,0.0,2.596,0.000,0.000,45.066,0.00
1786366439,bench_mixed,0.00,0.00,0.0,2.596,0.000,0.000,45.066,0.00
1786366444,bench_mixed,0.00,0.00,0.0,2.596,0.000,0.000,45.066,0.00
1786366449,bench_mixed,0.00,0.00,0.0,2.596,0.000,0.000,45.066,0.00
1786366454,bench_mixed,0.00,0.00,0.0,2.596,0.000,0.000,45.066,0.00
1786366459,bench_mixed,0.00,0.00,0.0,2.596,0.000,0.000,45.066,0.00
1786366464,bench_mixed,0.00,0.00,0.0,2.596,0.000,0.000,45.066,0.00
1786366469,bench_mixed,0.00,0.00,0.0,2.596,0.000,0.000,45.066,0.00
1786366474,bench_mixed,0.00,0.00,0.0,2.596,0.000,0.000,45.066,0.00
1786366479,bench_mixed,0.00,0.00,0.0,2.596,0.000,0.000,45.066,0.00
1786366484,bench_mixed,0.00,0.00,0.0,2.596,0.000,0.000,45.066,0.00
1786366489,bench_mixed,0.00,0.00,0.0,2.596,0.000,0.000,45.066,0.00
1786366494,bench_mixed,0.00,0.00,0.0,2.596,0.000,0.000,45.066,0.00
1786366499,bench_mixed,0.00,0.00,0.0,2.596,0.000,0.000,45.066,0.00
1786366504,bench_mixed,0.00,0.00,0.0,2.596,0.000,0.000,45.065,0.00
1786366509,bench_mixed,0.00,0.00,0.0,2.596,0.000,0.000,45.065,0.00
1786366514,bench_mixed,0.00,0.00,0.0,2.596,0.000,0.000,45.065,0.00
1786366519,bench_mixed,0.00,0.00,0.0,2.596,0.000,0.000,45.065,0.00
1786366524,bench_mixed,0.00,0.00,0.0,2.596,0.000,0.000,45.066,0.00
1786366529,bench_mixed,0.00,0.00,0.0,2.596,0.000,0.000,45.066,0.00
1786366534,bench_mixed,0.00,0.00,0.0,2.596,0.000,0.000,45.066,0.00
1786366540,bench_mixed,0.00,0.00,0.0,2.596,0.000,0.000,45.066,0.00
1786366545,bench_mixed,0.00,0.00,0.0,2.596,0.000,0.000,45.066,0.00
1786366550,bench_mixed,0.00,0.00,0.0,2.596,0.000,0.000,45.066,0.00
1786366555,bench_mixed,0.00,0.00,0.0,2.596,0.000,0.000,45.066,0.00
1786366560,bench_mixed,0.00,0.00,0.0,2.596,0.000,0.000,45.066,0.00
1786366565,bench_mixed,0.00,0.00,0.0,2.596,0.000,0.000,45.066,0.00
1786366570,bench_mixed,0.00,0.00,0.0,2.596,0.000,0.000,45.065,0.00
1786366575,bench_mixed,0.00,0.00,0.0,2.596,0.000,0.000,45.065,0.00
1786366580,bench_mixed,0.00,0.00,0.0,2.596,0.000,0.000,45.065,0.00
1786366585,bench_mixed,0.00,0.00,0.0,2.596,0.000,0.000,45.065,0.00
1786366590,bench_mixed,0.00,0.00,0.0,2.596,0.000,0.000,45.065,0.00
1786366595,bench_mixed,0.00,0.00,0.0,2.596,0.000,0.000,45.065,0.00
1786366600,bench_mixed,0.00,0.00,0.0,2.596,0.000,0.000,45.065,0.00
1786366605,bench_mixed,0.00,0.00,0.0,2.596,0.000,0.000,45.067,0.00
1786366610,bench_mixed,0.00,0.00,0.0,2.596,0.000,0.000,45.066,0.00
1786366615,bench_mixed,0.00,0.00,0.0,2.596,0.000,0.000,45.066,0.00
1786366620,bench_mixed,0.00,0.00,0.0,2.596,0.000,0.000,45.066,0.00
1786366625,bench_mixed,0.00,0.00,0.0,2.596,0.000,0.000,45.066,0.00
1786366630,bench_mixed,0.00,0.00,0.0,2.596,0.000,0.000,45.066,0.00
1786366636,bench_mixed,0.00,0.00,0.0,2.596,0.000,0.000,45.066,0.00
1786366641,bench_mixed,0.00,0.00,0.0,2.596,0.000,0.000,45.066,0.00
1786366646,bench_mixed,0.00,0.00,0.0,2.596,0.000,0.000,45.066,0.00
1786366651,bench_mixed,0.00,0.00,0.0,2.596,0.000,0.000,45.065,0.00
1786366656,bench_mixed,0.00,0.00,0.0,2.596,0.000,0.000,45.066,0.00
1786366661,bench_mixed,0.00,0.00,0.0,2.596,0.000,0.000,45.065,0.00
1786366666,bench_mixed,0.00,0.00,0.0,2.596,0.000,0.000,45.065,0.00
1786366671,bench_mixed,0.00,0.00,0.0,2.596,0.000,0.000,45.065,0.00
1786366676,bench_mixed,0.00,0.00,0.0,2.596,0.000,0.000,45.065,0.00
1786366681,bench_mixed,0.00,0.00,0.0,2.596,0.000,0.000,45.065,0.00
1786366686,bench_mixed,0.00,0.00,0.0,2.596,0.000,0.000,45.065,0.00
1786366691,bench_mixed,0.00,0.00,0.0,2.596,0.000,0.000,45.065,0.00
1786366696,bench_mixed,0.00,0.00,0.0,2.596,0.000,0.000,45.065,0.00
1786366701,bench_mixed,0.00,0.00,0.0,2.596,0.000,0.000,45.065,0.00
1786366706,bench_mixed,0.00,0.00,0.0,2.596,0.000,0.000,45.065,0.00
1786366711,bench_mixed,0.00,0.00,0.0,2.596,0.000,0.000,45.065,0.00
1786366716,bench_mixed,0.00,0.00,0.0,2.596,0.000,0.000,45.065,0.00
1786366721,bench_mixed,0.00,0.00,0.0,2.596,0.000,0.000,45.065,0.00
1786366726,bench_mixed,0.00,0.00,0.0,2.596,0.000,0.000,45.065,0.00
1786366731,bench_mixed,0.00,0.00,0.0,2.596,0.000,0.000,45.065,0.00
1786366737,bench_mixed,0.00,0.00,0.0,2.596,0.000,0.000,45.065,0.00
1786366742,bench_mixed,0.00,0.00,0.0,2.596,0.000,0.000,45.065,0.00
1786366747,bench_mixed,0.00,0.00,0.0,2.596,0.000,0.000,45.065,0.00
1786366752,bench_mixed,0.00,0.00,0.0,2.596,0.000,0.000,45.065,0.00
1786366757,bench_mixed,0.00,0.00,0.0,2.596,0.000,0.000,45.065,0.00
1786366762,bench_mixed,0.00,0.00,0.0,2.596,0.000,0.000,45.065,0.00
1786366767,bench_mixed,0.00,0.00,0.0,2.596,0.000,0.000,45.065,0.00
1786366772,bench_mixed,0.00,0.00,0.0,2.596,0.000,0.000,45.065,0.00
1786366777,bench_mixed,0.00,0.00,0.0,2.596,0.000,0.000,45.065,0.00
1786366782,bench_mixed,0.00,0.00,0.0,2.596,0.000,0.000,45.065,0.00
1786366787,bench_mixed,0.00,0.00,0.0,2.596,0.000,0.000,45.065,0.00
1786366792,bench_mixed,0.00,0.00,0.0,2.596,0.000,0.000,45.065,0.00
1786366797,bench_mixed,0.00,0.00,0.0,2.596,0.000,0.000,45.065,0.00
1786366802,bench_mixed,0.00,0.00,0.0,2.596,0.000,0.000,45.064,0.00
1786366807,bench_mixed,0.00,0.00,0.0,2.596,0.000,0.000,45.063,0.00
1786366812,bench_mixed,0.00,0.00,0.0,2.596,0.000,0.000,45.064,0.00
1786366817,bench_mixed,0.00,0.00,0.0,2.596,0.000,0.000,45.064,0.00
1786366822,bench_mixed,0.00,0.00,0.0,2.596,0.000,0.000,45.064,0.00
1786366827,bench_mixed,0.00,0.00,0.0,2.596,0.000,0.000,45.064,0.00
1786366833,bench_mixed,0.00,0.00,0.0,2.596,0.000,0.000,45.064,0.00
1786366838,bench_mixed,0.00,0.00,0.0,2.596,0.000,0.000,45.064,0.00
1786366843,bench_mixed,0.00,0.00,0.0,2.596,0.000,0.000,45.064,0.00
1786366848,bench_mixed,0.00,0.00,0.0,2.596,0.000,0.000,45.064,0.00
1786366853,bench_mixed,0.00,0.00,0.0,2.596,0.000,0.000,45.064,0.00
1786366858,bench_mixed,0.00,0.00,0.0,2.596,0.000,0.000,45.064,0.00
1786366863,bench_mixed,0.00,0.00,0.0,2.596,0.000,0.000,45.064,0.00
1786366868,bench_mixed,0.00,0.00,0.0,2.596,0.000,0.000,45.063,0.00
1786366873,bench_mixed,0.00,0.00,0.0,2.596,0.000,0.000,45.063,0.00
1786366878,bench_mixed,0.00,0.00,0.0,2.596,0.000,0.000,45.063,0.00
1786366883,bench_mixed,0.00,0.00,0.0,2.596,0.000,0.000,45.063,0.00
1786366888,bench_mixed,0.00,0.00,0.0,2.596,0.000,0.000,45.063,0.00
1786366893,bench_mixed,0.00,0.00,0.0,2.596,0.000,0.000,45.063,0.00
1786366898,bench_mixed,0.00,0.00,0.0,2.596,0.000,0.000,45.063,0.00
1786366903,bench_mixed,0.00,0.00,0.0,2.596,0.000,0.000,45.063,0.00
1786366908,bench_mixed,0.00,0.00,0.0,2.596,0.000,0.000,45.063,0.00
1786366913,bench_mixed,0.00,0.00,0.0,2.596,0.000,0.000,45.063,0.00
1786366918,bench_mixed,0.00,0.00,0.0,2.596,0.000,0.000,45.063,0.00
1786366923,bench_mixed,0.00,0.00,0.0,2.596,0.000,0.000,45.063,0.00
1786366928,bench_mixed,0.00,0.00,0.0,2.596,0.000,0.000,45.063,0.00
1786366934,bench_mixed,0.00,0.00,0.0,2.596,0.000,0.000,45.062,0.00
1786366939,bench_mixed,0.00,0.00,0.0,2.596,0.000,0.000,45.062,0.00
1786366944,bench_mixed,0.00,0.00,0.0,2.596,0.000,0.000,45.062,0.00
1786366949,bench_mixed,0.00,0.00,0.0,2.596,0.000,0.000,45.062,0.00
1786366954,bench_mixed,0.00,0.00,0.0,2.596,0.000,0.000,45.062,0.00
1786366959,bench_mixed,0.00,0.00,0.0,2.596,0.000,0.000,45.062,0.00
1786366964,bench_mixed,0.00,0.00,0.0,2.596,0.000,0.000,45.062,0.00
1786366969,bench_mixed,0.00,0.00,0.0,2.596,0.000,0.000,45.062,0.00
1786366974,bench_mixed,0.00,0.00,0.0,2.596,0.000,0.000,45.062,0.00
1786366979,bench_mixed,0.00,0.00,0.0,2.596,0.000,0.000,45.062,0.00
1786366984,bench_mixed,0.00,0.00,0.0,2.596,0.000,0.000,45.062,0.00
1786366989,bench_mixed,0.00,0.00,0.0,2.596,0.000,0.000,45.062,0.00
1786366994,bench_mixed,0.00,0.00,0.0,2.596,0.000,0.000,45.062,0.00
1786366999,bench_mixed,0.00,0.00,0.0,2.596,0.000,0.000,45.062,0.00
1786367004,bench_mixed,0.00,0.00,0.0,2.596,0.000,0.000,45.062,0.00
1786367009,bench_mixed,0.00,0.00,0.0,2.596,0.000,0.000,45.062,0.00
1786367014,bench_mixed,0.00,0.00,0.0,2.596,0.000,0.000,45.062,0.00
1786367019,bench_mixed,0.00,0.00,0.0,2.596,0.000,0.000,45.062,0.00
1786367024,bench_mixed,0.00,0.00,0.0,2.596,0.000,0.000,45.062,0.00
1786367030,bench_mixed,0.00,0.00,0.0,2.596,0.000,0.000,45.062,0.00
1786367035,bench_mixed,0.00,0.00,0.0,2.596,0.000,0.000,45.062,0.00
1786367040,bench_mixed,0.00,0.00,0.0,2.596,0.000,0.000,45.062,0.00
1786367045,bench_mixed,0.00,0.00,0.0,2.596,0.000,0.000,45.062,0.00
1786367050,bench_mixed,0.00,0.00,0.0,2.596,0.000,0.000,45.062,0.00
1786367055,bench_mixed,0.00,0.00,0.0,2.596,0.000,0.000,45.062,0.00
1786367060,bench_mixed,0.00,0.00,0.0,2.596,0.000,0.000,45.062,0.00
1786367065,bench_mixed,0.00,0.00,0.0,2.596,0.000,0.000,45.062,0.00
1786367070,bench_mixed,0.00,0.00,0.0,2.596,0.000,0.000,45.062,0.00
1786367075,bench_mixed,0.00,0.00,0.0,2.596,0.000,0.000,45.062,0.00
1786367080,bench_mixed,0.00,0.00,0.0,2.596,0.000,0.000,45.062,0.00
1786367085,bench_mixed,0.00,0.00,0.0,2.596,0.000,0.000,45.062,0.00
1786367090,bench_mixed,0.00,0.00,0.0,2.596,0.000,0.000,45.062,0.00
1786367095,bench_mixed,0.00,0.00,0.0,2.596,0.000,0.000,45.062,0.00
1786367100,bench_mixed,0.00,0.00,0.0,2.596,0.000,0.000,45.063,0.00
1786367105,bench_mixed,0.00,0.00,0.0,2.596,0.000,0.000,45.063,0.00
1786367110,bench_mixed,0.00,0.00,0.0,2.596,0.000,0.000,45.063,0.00
1786367115,bench_mixed,0.00,0.00,0.0,2.596,0.000,0.000,45.063,0.00
1786367120,bench_mixed,0.00,0.00,0.0,2.596,0.000,0.000,45.063,0.00
1786367125,bench_mixed,0.00,0.00,0.0,2.596,0.000,0.000,45.063,0.00
1786367131,bench_mixed,0.00,0.00,0.0,2.596,0.000,0.000,45.063,0.00
1786367136,bench_mixed,0.00,0.00,0.0,2.596,0.000,0.000,45.063,0.00
1786367141,bench_mixed,0.00,0.00,0.0,2.596,0.000,0.000,45.063,0.00
1786367146,bench_mixed,0.00,0.00,0.0,2.596,0.000,0.000,45.063,0.00
1786367151,bench_mixed,0.00,0.00,0.0,2.596,0.000,0.000,45.063,0.00
1786367156,bench_mixed,0.00,0.00,0.0,2.596,0.000,0.000,45.062,0.00
1786367161,bench_mixed,0.00,0.00,0.0,2.596,0.000,0.000,45.062,0.00
1786367166,bench_mixed,0.00,0.00,0.0,2.596,0.000,0.000,45.062,0.00
1786367171,bench_mixed,0.00,0.00,0.0,2.596,0.000,0.000,45.062,0.00
1786367176,bench_mixed,0.00,0.00,0.0,2.596,0.000,0.000,45.062,0.00
1786367181,bench_mixed,0.00,0.00,0.0,2.596,0.000,0.000,45.062,0.00
1786367186,bench_mixed,0.00,0.00,0.0,2.596,0.000,0.000,45.062,0.00
1786367191,bench_mixed,0.00,0.00,0.0,2.596,0.000,0.000,45.062,0.00
1786367196,bench_mixed,0.00,0.00,0.0,2.596,0.000,0.000,45.062,0.00
1786367201,bench_mixed,0.00,0.00,0.0,2.596,0.000,0.000,45.062,0.00
1786367206,bench_mixed,0.00,0.00,0.0,2.596,0.000,0.000,45.062,0.00
1786367211,bench_mixed,0.00,0.00,0.0,2.596,0.000,0.000,45.062,0.00
1786367216,bench_mixed,0.00,0.00,0.0,2.596,0.000,0.000,45.062,0.00
1786367221,bench_mixed,0.00,0.00,0.0,2.596,0.000,0.000,45.062,0.00
1786367227,bench_mixed,0.00,0.00,0.0,2.596,0.000,0.000,45.063,0.00
1786367232,bench_mixed,0.00,0.00,0.0,2.596,0.000,0.000,45.063,0.00
1786367237,bench_mixed,0.00,0.00,0.0,2.596,0.000,0.000,45.063,0.00
1786367242,bench_mixed,0.00,0.00,0.0,2.596,0.000,0.000,45.063,0.00
1786367247,bench_mixed,0.00,0.00,0.0,2.596,0.000,0.000,45.063,0.00
1786367252,bench_mixed,0.00,0.00,0.0,2.596,0.000,0.000,45.063,0.00
1786367257,bench_mixed,0.00,0.00,0.0,2.596,0.000,0.000,45.063,0.00
1786367262,bench_mixed,0.00,0.00,0.0,2.596,0.000,0.000,45.063,0.00
1786367267,bench_mixed,0.00,0.00,0.0,2.596,0.000,0.000,45.063,0.00
1786367272,bench_mixed,0.00,0.00,0.0,2.596,0.000,0.000,45.063,0.00
1786367277,bench_mixed,0.00,0.00,0.0,2.596,0.000,0.000,45.063,0.00
1786367282,bench_mixed,0.00,0.00,0.0,2.596,0.000,0.000,45.063,0.00
1786367287,bench_mixed,0.00,0.00,0.0,2.596,0.000,0.000,45.063,0.00
1786367292,bench_mixed,0.00,0.00,0.0,2.596,0.000,0.000,45.063,0.00
1786367297,bench_mixed,0.00,0.00,0.0,2.596,0.000,0.000,45.063,0.00
1786367302,bench_mixed,0.00,0.00,0.0,2.596,0.000,0.000,45.063,0.00
1786367307,bench_mixed,0.00,0.00,0.0,2.596,0.000,0.000,45.063,0.00
1786367312,bench_mixed,0.00,0.00,0.0,2.596,0.000,0.000,45.063,0.00
1786367317,bench_mixed,0.00,0.00,0.0,2.596,0.000,0.000,45.063,0.00
1786367322,bench_mixed,0.00,0.00,0.0,2.596,0.000,0.000,45.063,0.00
1786367328,bench_mixed,0.00,0.00,0.0,2.596,0.000,0.000,45.063,0.00
1786367333,bench_mixed,0.00,0.00,0.0,2.596,0.000,0.000,45.063,0.00
1786367338,bench_mixed,0.00,0.00,0.0,2.596,0.000,0.000,45.063,0.00
1786367343,bench_mixed,0.00,0.00,0.0,2.596,0.000,0.000,45.063,0.00
1786367348,bench_mixed,0.00,0.00,0.0,2.596,0.000,0.000,45.063,0.00
1786367353,bench_mixed,0.00,0.00,0.0,2.596,0.000,0.000,45.063,0.00
1786367358,bench_mixed,0.00,0.00,0.0,2.596,0.000,0.000,45.063,0.00
1786367363,bench_mixed,0.00,0.00,0.0,2.596,0.000,0.000,45.063,0.00
1786367368,bench_mixed,0.00,0.00,0.0,2.596,0.000,0.000,45.063,0.00
1786367373,bench_mixed,0.00,0.00,0.0,2.596,0.000,0.000,45.063,0.00
1786367378,bench_mixed,0.00,0.00,0.0,2.596,0.000,0.000,45.063,0.00
1786367383,bench_mixed,0.00,0.00,0.0,2.596,0.000,0.000,45.063,0.00
1786367388,bench_mixed,0.00,0.00,0.0,2.596,0.000,0.000,45.063,0.00
1786367393,bench_mixed,0.00,0.00,0.0,2.596,0.000,0.000,45.063,0.00
1786367398,bench_mixed,0.00,0.00,0.0,2.596,0.000,0.000,45.063,0.00
1786367403,bench_mixed,0.00,0.00,0.0,2.596,0.000,0.000,45.063,0.00
1786367408,bench_mixed,0.00,0.00,0.0,2.596,0.000,0.000,45.063,0.00
1786367413,bench_mixed,0.00,0.00,0.0,2.596,0.000,0.000,45.063,0.00
1786367418,bench_mixed,0.00,0.00,0.0,2.596,0.000,0.000,45.063,0.00
1786367424,bench_mixed,0.00,0.00,0.0,2.596,0.000,0.000,45.063,0.00
1786367429,bench_mixed,0.00,0.00,0.0,2.596,0.000,0.000,45.063,0.00
1786367434,bench_mixed,0.00,0.00,0.0,2.596,0.000,0.000,45.063,0.00
1786367439,bench_mixed,0.00,0.00,0.0,2.596,0.000,0.000,45.063,0.00
1786367444,bench_mixed,0.00,0.00,0.0,2.596,0.000,0.000,45.063,0.00
1786367449,bench_mixed,0.00,0.00,0.0,2.596,0.000,0.000,45.063,0.00
1786367454,bench_mixed,0.00,0.00,0.0,2.596,0.000,0.000,45.063,0.00
1786367459,bench_mixed,0.00,0.00,0.0,2.596,0.000,0.000,45.063,0.00
1786367464,bench_mixed,0.00,0.00,0.0,2.596,0.000,0.000,45.063,0.00
1786367469,bench_mixed,0.00,0.00,0.0,2.596,0.000,0.000,45.063,0.00
1786367474,bench_mixed,0.00,0.00,0.0,2.596,0.000,0.000,45.063,0.00
1786367479,bench_mixed,0.00,0.00,0.0,2.596,0.000,0.000,45.063,0.00
1786367484,bench_mixed,0.00,0.00,0.0,2.596,0.000,0.000,45.063,0.00
1786367489,bench_mixed,0.00,0.00,0.0,2.596,0.000,0.000,45.063,0.00
1786367494,bench_mixed,0.00,0.00,0.0,2.596,0.000,0.000,45.063,0.00
1786367499,bench_mixed,0.00,0.00,0.0,2.596,0.000,0.000,45.063,0.00
1786367504,bench_mixed,0.00,0.00,0.0,2.596,0.000,0.000,45.061,0.00
1786367509,bench_mixed,0.00,0.00,0.0,2.596,0.000,0.000,45.061,0.00
1786367514,bench_mixed,0.00,0.00,0.0,2.596,0.000,0.000,45.061,0.00
1786367519,bench_mixed,0.00,0.00,0.0,2.596,0.000,0.000,45.061,0.00
1786367525,bench_mixed,0.00,0.00,0.0,2.596,0.000,0.000,45.061,0.00
1786367530,bench_mixed,0.00,0.00,0.0,2.596,0.000,0.000,45.060,0.00
1786367535,bench_mixed,0.00,0.00,0.0,2.596,0.000,0.000,45.060,0.00
1786367540,bench_mixed,0.00,0.00,0.0,2.596,0.000,0.000,45.060,0.00
1786367545,bench_mixed,0.00,0.00,0.0,2.596,0.000,0.000,45.060,0.00
1786367550,bench_mixed,0.00,0.00,0.0,2.596,0.000,0.000,45.059,0.00
1786367555,bench_mixed,0.00,0.00,0.0,2.596,0.000,0.000,45.058,0.00
1786367560,bench_mixed,0.00,0.00,0.0,2.596,0.000,0.000,45.058,0.00
1786367565,bench_mixed,0.00,0.00,0.0,2.596,0.000,0.000,45.058,0.00
1786367570,bench_mixed,0.00,0.00,0.0,2.596,0.000,0.000,45.058,0.00
1786367575,bench_mixed,0.00,0.00,0.0,2.596,0.000,0.000,45.058,0.00
1786367580,bench_mixed,0.00,0.00,0.0,2.596,0.000,0.000,45.058,0.00
1786367585,bench_mixed,0.00,0.00,0.0,2.596,0.000,0.000,45.057,0.00
1786367590,bench_mixed,0.00,0.00,0.0,2.596,0.000,0.000,45.057,0.00
1786367595,bench_mixed,0.00,0.00,0.0,2.596,0.000,0.000,45.057,0.00
1786367600,bench_mixed,0.00,0.00,0.0,2.596,0.000,0.000,45.057,0.00
1786367605,bench_mixed,0.00,0.00,0.0,2.596,0.000,0.000,45.057,0.00
1786367610,bench_mixed,0.00,0.00,0.0,2.596,0.000,0.000,45.057,0.00
1786367615,bench_mixed,0.00,0.00,0.0,2.596,0.000,0.000,45.057,0.00
1786367620,bench_mixed,0.00,0.00,0.0,2.596,0.000,0.000,45.057,0.00
1786367626,bench_mixed,0.00,0.00,0.0,2.596,0.000,0.000,45.057,0.00
1786367631,bench_mixed,0.00,0.00,0.0,2.596,0.000,0.000,45.057,0.00
1786367636,bench_mixed,0.00,0.00,0.0,2.596,0.000,0.000,45.057,0.00
1786367641,bench_mixed,0.00,0.00,0.0,2.596,0.000,0.000,45.057,0.00
1786367646,bench_mixed,0.00,0.00,0.0,2.596,0.000,0.000,45.057,0.00
1786367651,bench_mixed,0.00,0.00,0.0,2.596,0.000,0.000,45.057,0.00
1786367656,bench_mixed,0.00,0.00,0.0,2.596,0.000,0.000,45.057,0.00
1786367661,bench_mixed,0.00,0.00,0.0,2.596,0.000,0.000,45.057,0.00
1786367666,bench_mixed,0.00,0.00,0.0,2.596,0.000,0.000,45.057,0.00
1786367671,bench_mixed,0.00,0.00,0.0,2.596,0.000,0.000,45.057,0.00
1786367676,bench_mixed,0.00,0.00,0.0,2.596,0.000,0.000,45.057,0.00
1786367681,bench_mixed,0.00,0.00,0.0,2.596,0.000,0.000,45.057,0.00
1786367686,bench_mixed,0.00,0.00,0.0,2.596,0.000,0.000,45.057,0.00
1786367691,bench_mixed,0.00,0.00,0.0,2.596,0.000,0.000,45.057,0.00
1786367696,bench_mixed,0.00,0.00,0.0,2.596,0.000,0.000,45.057,0.00
1786367701,bench_mixed,0.00,0.00,0.0,2.596,0.000,0.000,45.056,0.00
1786367706,bench_mixed,0.00,0.00,0.0,2.596,0.000,0.000,45.057,0.00
1786367711,bench_mixed,0.00,0.00,0.0,2.596,0.000,0.000,45.057,0.00
1786367716,bench_mixed,0.00,0.00,0.0,2.596,0.000,0.000,45.057,0.00
1786367721,bench_mixed,0.00,0.00,0.0,2.596,0.000,0.000,45.057,0.00
1786367727,bench_mixed,0.00,0.00,0.0,2.596,0.000,0.000,45.057,0.00
1786367732,bench_mixed,0.00,0.00,0.0,2.596,0.000,0.000,45.057,0.00
1786367737,bench_mixed,0.00,0.00,0.0,2.596,0.000,0.000,45.057,0.00
1786367742,bench_mixed,0.00,0.00,0.0,2.596,0.000,0.000,45.057,0.00
1786367747,bench_mixed,0.00,0.00,0.0,2.596,0.000,0.000,45.056,0.00
1786367752,bench_mixed,0.00,0.00,0.0,2.596,0.000,0.000,45.056,0.00
1786367757,bench_mixed,0.00,0.00,0.0,2.596,0.000,0.000,45.056,0.00
1786367762,bench_mixed,0.00,0.00,0.0,2.596,0.000,0.000,45.056,0.00
1786367767,bench_mixed,0.00,0.00,0.0,2.596,0.000,0.000,45.056,0.00
1786367772,bench_mixed,0.00,0.00,0.0,2.596,0.000,0.000,45.056,0.00
1786367777,bench_mixed,0.00,0.00,0.0,2.596,0.000,0.000,45.056,0.00
1786367782,bench_mixed,0.00,0.00,0.0,2.596,0.000,0.000,45.056,0.00
1786367787,bench_mixed,0.00,0.00,0.0,2.596,0.000,0.000,45.056,0.00
1786367792,bench_mixed,0.00,0.00,0.0,2.596,0.000,0.000,45.056,0.00
1786367797,bench_mixed,0.00,0.00,0.0,2.596,0.000,0.000,45.056,0.00
1786367802,bench_mixed,0.00,0.00,0.0,2.596,0.000,0.000,45.056,0.00
1786367807,bench_mixed,0.00,0.00,0.0,2.596,0.000,0.000,45.056,0.00
1786367812,bench_mixed,0.00,0.00,0.0,2.596,0.000,0.000,45.056,0.00
1786367817,bench_mixed,0.00,0.00,0.0,2.596,0.000,0.000,45.056,0.00
1786367823,bench_mixed,0.00,0.00,0.0,2.596,0.000,0.000,45.055,0.00
1786367828,bench_mixed,0.00,0.00,0.0,2.596,0.000,0.000,45.055,0.00
1786367833,bench_mixed,0.00,0.00,0.0,2.596,0.000,0.000,45.055,0.00
1786367838,bench_mixed,0.00,0.00,0.0,2.596,0.000,0.000,45.056,0.00
1786367843,bench_mixed,0.00,0.00,0.0,2.596,0.000,0.000,45.056,0.00
1786367848,bench_mixed,0.00,0.00,0.0,2.596,0.000,0.000,45.056,0.00
1786367853,bench_mixed,0.00,0.00,0.0,2.596,0.000,0.000,45.057,0.00
1786367858,bench_mixed,0.00,0.00,0.0,2.596,0.000,0.000,45.057,0.00
1786367863,bench_mixed,0.00,0.00,0.0,2.596,0.000,0.000,45.057,0.00
1786367868,bench_mixed,0.00,0.00,0.0,2.596,0.000,0.000,45.056,0.00
1786367873,bench_mixed,0.00,0.00,0.0,2.596,0.000,0.000,45.056,0.00
1786367878,bench_mixed,0.00,0.00,0.0,2.596,0.000,0.000,45.056,0.00
1786367883,bench_mixed,0.00,0.00,0.0,2.596,0.000,0.000,45.056,0.00
1786367888,bench_mixed,0.00,0.00,0.0,2.596,0.000,0.000,45.056,0.00
1786367893,bench_mixed,0.00,0.00,0.0,2.596,0.000,0.000,45.056,0.00
1786367898,bench_mixed,0.00,0.00,0.0,2.596,0.000,0.000,45.056,0.00
1786367903,bench_mixed,0.00,0.00,0.0,2.596,0.000,0.000,45.057,0.00
1786367908,bench_mixed,0.00,0.00,0.0,2.596,0.000,0.000,45.056,0.00
1786367913,bench_mixed,0.00,0.00,0.0,2.596,0.000,0.000,45.056,0.00
1786367918,bench_mixed,0.00,0.00,0.0,2.596,0.000,0.000,45.058,0.00
1786367924,bench_mixed,0.00,0.00,0.0,2.596,0.000,0.000,45.057,0.00
1786367929,bench_mixed,0.00,0.00,0.0,2.596,0.000,0.000,45.056,0.00
1786367934,bench_mixed,0.00,0.00,0.0,2.596,0.000,0.000,45.058,0.00
1786367939,bench_mixed,0.00,0.00,0.0,2.596,0.000,0.000,45.057,0.00
1786367944,bench_mixed,0.00,0.00,0.0,2.596,0.000,0.000,45.057,0.00
1786367949,bench_mixed,0.00,0.00,0.0,2.596,0.000,0.000,45.057,0.00
1786367954,bench_mixed,0.00,0.00,0.0,2.596,0.000,0.000,45.057,0.00
1786367959,bench_mixed,0.00,0.00,0.0,2.596,0.000,0.000,45.057,0.00
1786367964,bench_mixed,0.00,0.00,0.0,2.596,0.000,0.000,45.057,0.00
1786367969,bench_mixed,0.00,0.00,0.0,2.596,0.000,0.000,45.057,0.00
1786367974,bench_mixed,0.00,0.00,0.0,2.596,0.000,0.000,45.057,0.00
1786367979,bench_mixed,0.00,0.00,0.0,2.596,0.000,0.000,45.057,0.00
1786367984,bench_mixed,0.00,0.00,0.0,2.596,0.000,0.000,45.057,0.00
1786367989,bench_mixed,0.00,0.00,0.0,2.596,0.000,0.000,45.057,0.00
1786367994,bench_mixed,0.00,0.00,0.0,2.596,0.000,0.000,45.057,0.00
1786367999,bench_mixed,0.00,0.00,0.0,2.596,0.000,0.000,45.057,0.00
1786368004,bench_mixed,0.00,0.00,0.0,2.596,0.000,0.000,45.057,0.00
1786368009,bench_mixed,0.00,0.00,0.0,2.596,0.000,0.000,45.056,0.00
1786368014,bench_mixed,0.00,0.00,0.0,2.596,0.000,0.000,45.056,0.00
1786368019,bench_mixed,0.00,0.00,0.0,2.596,0.000,0.000,45.056,0.00
1786368025,bench_mixed,0.00,0.00,0.0,2.596,0.000,0.000,45.056,0.00
1786368030,bench_mixed,0.00,0.00,0.0,2.596,0.000,0.000,45.056,0.00
1786368035,bench_mixed,0.00,0.00,0.0,2.596,0.000,0.000,45.056,0.00
1786368040,bench_mixed,0.00,0.00,0.0,2.596,0.000,0.000,45.056,0.00
1786368045,bench_mixed,0.00,0.00,0.0,2.596,0.000,0.000,45.056,0.00
1786368050,bench_mixed,0.00,0.00,0.0,2.596,0.000,0.000,45.057,0.00
1786368055,bench_mixed,0.00,0.00,0.0,2.596,0.000,0.000,45.057,0.00
1786368060,bench_mixed,0.00,0.00,0.0,2.596,0.000,0.000,45.057,0.00
1786368065,bench_mixed,0.00,0.00,0.0,2.596,0.000,0.000,45.057,0.00
1786368070,bench_mixed,0.00,0.00,0.0,2.596,0.000,0.000,45.057,0.00
1786368075,bench_mixed,0.00,0.00,0.0,2.596,0.000,0.000,45.057,0.00
1786368080,bench_mixed,0.00,0.00,0.0,2.596,0.000,0.000,45.057,0.00
1786368085,bench_mixed,0.00,0.00,0.0,2.596,0.000,0.000,45.057,0.00
1786368090,bench_mixed,0.00,0.00,0.0,2.596,0.000,0.000,45.057,0.00
1786368095,bench_mixed,0.00,0.00,0.0,2.596,0.000,0.000,45.057,0.00
1786368100,bench_mixed,0.00,0.00,0.0,2.596,0.000,0.000,45.057,0.00
1786368105,bench_mixed,0.00,0.00,0.0,2.596,0.000,0.000,45.057,0.00
1786368110,bench_mixed,0.00,0.00,0.0,2.596,0.000,0.000,45.056,0.00
1786368115,bench_mixed,0.00,0.00,0.0,2.596,0.000,0.000,45.056,0.00
1786368120,bench_mixed,0.00,0.00,0.0,2.596,0.000,0.000,45.056,0.00
1786368126,bench_mixed,0.00,0.00,0.0,2.596,0.000,0.000,45.056,0.00
1786368131,bench_mixed,0.00,0.00,0.0,2.596,0.000,0.000,45.056,0.00
1786368136,bench_mixed,0.00,0.00,0.0,2.596,0.000,0.000,45.056,0.00
1786368141,bench_mixed,0.00,0.00,0.0,2.596,0.000,0.000,45.056,0.00
1786368146,bench_mixed,0.00,0.00,0.0,2.596,0.000,0.000,45.056,0.00
1786368151,bench_mixed,0.00,0.00,0.0,2.596,0.000,0.000,45.056,0.00
1786368156,bench_mixed,0.00,0.00,0.0,2.596,0.000,0.000,45.056,0.00
1786368161,bench_mixed,0.00,0.00,0.0,2.596,0.000,0.000,45.056,0.00
1786368166,bench_mixed,0.00,0.00,0.0,2.596,0.000,0.000,45.056,0.00
1786368171,bench_mixed,0.00,0.00,0.0,2.596,0.000,0.000,45.056,0.00
1786368176,bench_mixed,0.00,0.00,0.0,2.596,0.000,0.000,45.055,0.00
1786368181,bench_mixed,0.00,0.00,0.0,2.596,0.000,0.000,45.055,0.00
1786368186,bench_mixed,0.00,0.00,0.0,2.596,0.000,0.000,45.055,0.00
1786368191,bench_mixed,0.00,0.00,0.0,2.596,0.000,0.000,45.055,0.00
1786368196,bench_mixed,0.00,0.00,0.0,2.596,0.000,0.000,45.055,0.00
1786368201,bench_mixed,0.00,0.00,0.0,2.596,0.000,0.000,45.055,0.00
1786368206,bench_mixed,0.00,0.00,0.0,2.596,0.000,0.000,45.055,0.00
1786368211,bench_mixed,0.00,0.00,0.0,2.596,0.000,0.000,45.055,0.00
1786368216,bench_mixed,0.00,0.00,0.0,2.596,0.000,0.000,45.055,0.00
1786368221,bench_mixed,0.00,0.00,0.0,2.596,0.000,0.000,45.056,0.00
1786368227,bench_mixed,0.00,0.00,0.0,2.596,0.000,0.000,45.056,0.00
1786368232,bench_mixed,0.00,0.00,0.0,2.596,0.000,0.000,45.056,0.00
1786368237,bench_mixed,0.00,0.00,0.0,2.596,0.000,0.000,45.056,0.00
1786368242,bench_mixed,0.00,0.00,0.0,2.596,0.000,0.000,45.056,0.00
1786368247,bench_mixed,0.00,0.00,0.0,2.596,0.000,0.000,45.056,0.00
1786368252,bench_mixed,0.00,0.00,0.0,2.596,0.000,0.000,45.056,0.00
1786368257,bench_mixed,0.00,0.00,0.0,2.596,0.000,0.000,45.055,0.00
1786368262,bench_mixed,0.00,0.00,0.0,2.596,0.000,0.000,45.055,0.00
1786368267,bench_mixed,0.00,0.00,0.0,2.596,0.000,0.000,45.056,0.00
1786368272,bench_mixed,0.00,0.00,0.0,2.596,0.000,0.000,45.056,0.00
1786368277,bench_mixed,0.00,0.00,0.0,2.596,0.000,0.000,45.056,0.00
1786368282,bench_mixed,0.00,0.00,0.0,2.596,0.000,0.000,45.056,0.00
1786368287,bench_mixed,0.00,0.00,0.0,2.596,0.000,0.000,45.056,0.00
1786368292,bench_mixed,0.00,0.00,0.0,2.596,0.000,0.000,45.055,0.00
1786368297,bench_mixed,0.00,0.00,0.0,2.596,0.000,0.000,45.056,0.00
1786368302,bench_mixed,0.00,0.00,0.0,2.596,0.000,0.000,45.055,0.00
1786368307,bench_mixed,0.00,0.00,0.0,2.596,0.000,0.000,45.055,0.00
1786368312,bench_mixed,0.00,0.00,0.0,2.596,0.000,0.000,45.055,0.00
1786368317,bench_mixed,0.00,0.00,0.0,2.596,0.000,0.000,45.055,0.00
1786368322,bench_mixed,0.00,0.00,0.0,2.596,0.000,0.000,45.055,0.00
1786368328,bench_mixed,0.00,0.00,0.0,2.596,0.000,0.000,45.055,0.00
1786368333,bench_mixed,0.00,0.00,0.0,2.596,0.000,0.000,45.055,0.00
1786368338,bench_mixed,0.00,0.00,0.0,2.596,0.000,0.000,45.055,0.00
1786368343,bench_mixed,0.00,0.00,0.0,2.596,0.000,0.000,45.055,0.00
1786368348,bench_mixed,0.00,0.00,0.0,2.596,0.000,0.000,45.055,0.00
1786368353,bench_mixed,0.00,0.00,0.0,2.596,0.000,0.000,45.054,0.00
1786368358,bench_mixed,0.00,0.00,0.0,2.596,0.000,0.000,45.054,0.00
1786368363,bench_mixed,0.00,0.00,0.0,2.596,0.000,0.000,45.054,0.00
1786368368,bench_mixed,0.00,0.00,0.0,2.596,0.000,0.000,45.055,0.00
1786368373,bench_mixed,0.00,0.00,0.0,2.596,0.000,0.000,45.055,0.00
1786368378,bench_mixed,0.00,0.00,0.0,2.596,0.000,0.000,45.054,0.00
1786368383,bench_mixed,0.00,0.00,0.0,2.596,0.000,0.000,45.054,0.00
1786368388,bench_mixed,0.00,0.00,0.0,2.596,0.000,0.000,45.055,0.00
1786368393,bench_mixed,0.00,0.00,0.0,2.596,0.000,0.000,45.055,0.00
1786368398,bench_mixed,0.00,0.00,0.0,2.596,0.000,0.000,45.055,0.00
1786368403,bench_mixed,0.00,0.00,0.0,2.596,0.000,0.000,45.055,0.00
1786368408,bench_mixed,0.00,0.00,0.0,2.596,0.000,0.000,45.056,0.00
1786368413,bench_mixed,0.00,0.00,0.0,2.596,0.000,0.000,45.055,0.00
1786368418,bench_mixed,0.00,0.00,0.0,2.596,0.000,0.000,45.055,0.00
1786368423,bench_mixed,0.00,0.00,0.0,2.596,0.000,0.000,45.055,0.00
1786368429,bench_mixed,0.00,0.00,0.0,2.596,0.000,0.000,45.055,0.00
1786368434,bench_mixed,0.00,0.00,0.0,2.596,0.000,0.000,45.055,0.00
1786368439,bench_mixed,0.00,0.00,0.0,2.596,0.000,0.000,45.055,0.00
1786368444,bench_mixed,0.00,0.00,0.0,2.596,0.000,0.000,45.054,0.00
1786368449,bench_mixed,0.00,0.00,0.0,2.596,0.000,0.000,45.054,0.00
1786368454,bench_mixed,0.00,0.00,0.0,2.596,0.000,0.000,45.054,0.00
1786368459,bench_mixed,0.00,0.00,0.0,2.596,0.000,0.000,45.054,0.00
1786368464,bench_mixed,0.00,0.00,0.0,2.596,0.000,0.000,45.054,0.00
1786368469,bench_mixed,0.00,0.00,0.0,2.596,0.000,0.000,45.054,0.00
1786368474,bench_mixed,0.00,0.00,0.0,2.596,0.000,0.000,45.055,0.00
1786368479,bench_mixed,0.00,0.00,0.0,2.596,0.000,0.000,45.055,0.00
1786368484,bench_mixed,0.00,0.00,0.0,2.596,0.000,0.000,45.055,0.00
1786368489,bench_mixed,0.00,0.00,0.0,2.596,0.000,0.000,45.054,0.00
1786368494,bench_mixed,0.00,0.00,0.0,2.596,0.000,0.000,45.054,0.00
1786368499,bench_mixed,0.00,0.00,0.0,2.596,0.000,0.000,45.054,0.00
1786368504,bench_mixed,0.00,0.00,0.0,2.596,0.000,0.000,45.054,0.00
1786368509,bench_mixed,0.00,0.00,0.0,2.596,0.000,0.000,45.054,0.00
1786368514,bench_mixed,0.00,0.00,0.0,2.596,0.000,0.000,45.055,0.00
1786368519,bench_mixed,0.00,0.00,0.0,2.596,0.000,0.000,45.054,0.00
1786368524,bench_mixed,0.00,0.00,0.0,2.596,0.000,0.000,45.054,0.00
1786368530,bench_mixed,0.00,0.00,0.0,2.596,0.000,0.000,45.055,0.00
1786368535,bench_mixed,0.00,0.00,0.0,2.596,0.000,0.000,45.054,0.00
1786368540,bench_mixed,0.00,0.00,0.0,2.596,0.000,0.000,45.054,0.00
1786368545,bench_mixed,0.00,0.00,0.0,2.596,0.000,0.000,45.055,0.00
1786368550,bench_mixed,0.00,0.00,0.0,2.596,0.000,0.000,45.054,0.00
1786368555,bench_mixed,0.00,0.00,0.0,2.596,0.000,0.000,45.054,0.00
1786368560,bench_mixed,0.00,0.00,0.0,2.596,0.000,0.000,45.055,0.00
1786368565,bench_mixed,0.00,0.00,0.0,2.596,0.000,0.000,45.056,0.00
1786368570,bench_mixed,0.00,0.00,0.0,2.596,0.000,0.000,45.055,0.00
1786368575,bench_mixed,0.00,0.00,0.0,2.596,0.000,0.000,45.055,0.00
1786368580,bench_mixed,0.00,0.00,0.0,2.596,0.000,0.000,45.055,0.00
1786368585,bench_mixed,0.00,0.00,0.0,2.596,0.000,0.000,45.055,0.00
1786368590,bench_mixed,0.00,0.00,0.0,2.596,0.000,0.000,45.055,0.00
1786368595,bench_mixed,0.00,0.00,0.0,2.596,0.000,0.000,45.055,0.00
1786368600,bench_mixed,0.00,0.00,0.0,2.596,0.000,0.000,45.055,0.00
1786368605,bench_mixed,0.00,0.00,0.0,2.596,0.000,0.000,45.055,0.00
1786368610,bench_mixed,0.00,0.00,0.0,2.596,0.000,0.000,45.055,0.00
1786368615,bench_mixed,0.00,0.00,0.0,2.596,0.000,0.000,45.055,0.00
1786368620,bench_mixed,0.00,0.00,0.0,2.596,0.000,0.000,45.055,0.00
1786368625,bench_mixed,0.00,0.00,0.0,2.596,0.000,0.000,45.055,0.00
1786368631,bench_mixed,0.00,0.00,0.0,2.596,0.000,0.000,45.056,0.00
1786368636,bench_mixed,0.00,0.00,0.0,2.596,0.000,0.000,45.056,0.00
1786368641,bench_mixed,0.00,0.00,0.0,2.596,0.000,0.000,45.056,0.00
1786368646,bench_mixed,0.00,0.00,0.0,2.596,0.000,0.000,45.056,0.00
1786368651,bench_mixed,0.00,0.00,0.0,2.596,0.000,0.000,45.056,0.00
1786368656,bench_mixed,0.00,0.00,0.0,2.596,0.000,0.000,45.056,0.00
1786368661,bench_mixed,0.00,0.00,0.0,2.596,0.000,0.000,45.056,0.00
1786368666,bench_mixed,0.00,0.00,0.0,2.596,0.000,0.000,45.056,0.00
1786368671,bench_mixed,0.00,0.00,0.0,2.596,0.000,0.000,45.055,0.00
1786368676,bench_mixed,0.00,0.00,0.0,2.596,0.000,0.000,45.056,0.00
1786368681,bench_mixed,0.00,0.00,0.0,2.596,0.000,0.000,45.055,0.00
1786368686,bench_mixed,0.00,0.00,0.0,2.596,0.000,0.000,45.055,0.00
1786368691,bench_mixed,0.00,0.00,0.0,2.596,0.000,0.000,45.055,0.00
1786368696,bench_mixed,0.00,0.00,0.0,2.596,0.000,0.000,45.055,0.00
1786368701,bench_mixed,0.00,0.00,0.0,2.596,0.000,0.000,45.055,0.00
1786368706,bench_mixed,0.00,0.00,0.0,2.596,0.000,0.000,45.055,0.00
1786368711,bench_mixed,0.00,0.00,0.0,2.596,0.000,0.000,45.055,0.00
1786368716,bench_mixed,0.00,0.00,0.0,2.596,0.000,0.000,45.054,0.00
1786368721,bench_mixed,0.00,0.00,0.0,2.596,0.000,0.000,45.054,0.00
1786368726,bench_mixed,0.00,0.00,0.0,2.596,0.000,0.000,45.054,0.00
1786368732,bench_mixed,0.00,0.00,0.0,2.596,0.000,0.000,45.054,0.00
1786368737,bench_mixed,0.00,0.00,0.0,2.596,0.000,0.000,45.054,0.00
1786368742,bench_mixed,0.00,0.00,0.0,2.596,0.000,0.000,45.054,0.00
1786368747,bench_mixed,0.00,0.00,0.0,2.596,0.000,0.000,45.054,0.00
1786368752,bench_mixed,0.00,0.00,0.0,2.596,0.000,0.000,45.054,0.00
1786368757,bench_mixed,0.00,0.00,0.0,2.596,0.000,0.000,45.054,0.00
1786368762,bench_mixed,0.00,0.00,0.0,2.596,0.000,0.000,45.054,0.00
1786368767,bench_mixed,0.00,0.00,0.0,2.596,0.000,0.000,45.054,0.00
1786368772,bench_mixed,0.00,0.00,0.0,2.596,0.000,0.000,45.054,0.00
1786368777,bench_mixed,0.00,0.00,0.0,2.596,0.000,0.000,45.054,0.00
1786368782,bench_mixed,0.00,0.00,0.0,2.596,0.000,0.000,45.054,0.00
1786368787,bench_mixed,0.00,0.00,0.0,2.596,0.000,0.000,45.054,0.00
1786368792,bench_mixed,0.00,0.00,0.0,2.596,0.000,0.000,45.054,0.00
1786368797,bench_mixed,0.00,0.00,0.0,2.596,0.000,0.000,45.054,0.00
1786368802,bench_mixed,0.00,0.00,0.0,2.596,0.000,0.000,45.054,0.00
1786368807,bench_mixed,0.00,0.00,0.0,2.596,0.000,0.000,45.054,0.00
1786368812,bench_mixed,0.00,0.00,0.0,2.596,0.000,0.000,45.054,0.00
1786368817,bench_mixed,0.00,0.00,0.0,2.596,0.000,0.000,45.054,0.00
1786368822,bench_mixed,0.00,0.00,0.0,2.596,0.000,0.000,45.054,0.00
1786368827,bench_mixed,0.00,0.00,0.0,2.596,0.000,0.000,45.054,0.00
1786368833,bench_mixed,0.00,0.00,0.0,2.596,0.000,0.000,45.054,0.00
1786368838,bench_mixed,0.00,0.00,0.0,2.596,0.000,0.000,45.054,0.00
1786368843,bench_mixed,0.00,0.00,0.0,2.596,0.000,0.000,45.054,0.00
1786368848,bench_mixed,0.00,0.00,0.0,2.596,0.000,0.000,45.054,0.00
1786368853,bench_mixed,0.00,0.00,0.0,2.596,0.000,0.000,45.054,0.00
1786368858,bench_mixed,0.00,0.00,0.0,2.596,0.000,0.000,45.054,0.00
1786368863,bench_mixed,0.00,0.00,0.0,2.596,0.000,0.000,45.054,0.00
1786368868,bench_mixed,0.00,0.00,0.0,2.596,0.000,0.000,45.054,0.00
1786368873,bench_mixed,0.00,0.00,0.0,2.596,0.000,0.000,45.054,0.00
1786368878,bench_mixed,0.00,0.00,0.0,2.596,0.000,0.000,45.054,0.00
1786368883,bench_mixed,0.00,0.00,0.0,2.596,0.000,0.000,45.054,0.00
1786368888,bench_mixed,0.00,0.00,0.0,2.596,0.000,0.000,45.054,0.00
1786368893,bench_mixed,0.00,0.00,0.0,2.596,0.000,0.000,45.054,0.00
1786368898,bench_mixed,0.00,0.00,0.0,2.596,0.000,0.000,45.054,0.00
1786368903,bench_mixed,0.00,0.00,0.0,2.596,0.000,0.000,45.054,0.00
1786368908,bench_mixed,0.00,0.00,0.0,2.596,0.000,0.000,45.054,0.00
1786368913,bench_mixed,0.00,0.00,0.0,2.596,0.000,0.000,45.054,0.00
1786368918,bench_mixed,0.00,0.00,0.0,2.596,0.000,0.000,45.054,0.00
1786368923,bench_mixed,0.00,0.00,0.0,2.596,0.000,0.000,45.054,0.00
1786368928,bench_mixed,0.00,0.00,0.0,2.596,0.000,0.000,45.054,0.00
1786368934,bench_mixed,0.00,0.00,0.0,2.596,0.000,0.000,45.054,0.00
1786368939,bench_mixed,0.00,0.00,0.0,2.596,0.000,0.000,45.054,0.00
1786368944,bench_mixed,0.00,0.00,0.0,2.596,0.000,0.000,45.054,0.00
1786368949,bench_mixed,0.00,0.00,0.0,2.596,0.000,0.000,45.054,0.00
1786368954,bench_mixed,0.00,0.00,0.0,2.596,0.000,0.000,45.054,0.00
1786368959,bench_mixed,0.00,0.00,0.0,2.596,0.000,0.000,45.054,0.00
1786368964,bench_mixed,0.00,0.00,0.0,2.596,0.000,0.000,45.054,0.00
1786368969,bench_mixed,0.00,0.00,0.0,2.596,0.000,0.000,45.054,0.00
1786368974,bench_mixed,0.00,0.00,0.0,2.596,0.000,0.000,45.054,0.00
1786368979,bench_mixed,0.00,0.00,0.0,2.596,0.000,0.000,45.054,0.00
1786368984,bench_mixed,0.00,0.00,0.0,2.596,0.000,0.000,45.054,0.00
1786368989,bench_mixed,0.00,0.00,0.0,2.596,0.000,0.000,45.054,0.00
1786368994,bench_mixed,0.00,0.00,0.0,2.596,0.000,0.000,45.054,0.00
1786368999,bench_mixed,0.00,0.00,0.0,2.596,0.000,0.000,45.054,0.00
1786369004,bench_mixed,0.00,0.00,0.0,2.596,0.000,0.000,45.054,0.00
1786369009,bench_mixed,0.00,0.00,0.0,2.596,0.000,0.000,45.054,0.00
1786369014,bench_mixed,0.00,0.00,0.0,2.596,0.000,0.000,45.054,0.00
1786369019,bench_mixed,0.00,0.00,0.0,2.596,0.000,0.000,45.054,0.00
1786369024,bench_mixed,0.00,0.00,0.0,2.596,0.000,0.000,45.054,0.00
1786369029,bench_mixed,0.00,0.00,0.0,2.596,0.000,0.000,45.054,0.00
1786369034,bench_mixed,0.00,0.00,0.0,2.596,0.000,0.000,45.054,0.00
1786369040,bench_mixed,0.00,0.00,0.0,2.596,0.000,0.000,45.054,0.00
1786369045,bench_mixed,0.00,0.00,0.0,2.596,0.000,0.000,45.054,0.00
1786369050,bench_mixed,0.00,0.00,0.0,2.596,0.000,0.000,45.054,0.00
1786369055,bench_mixed,0.00,0.00,0.0,2.596,0.000,0.000,45.054,0.00
1786369060,bench_mixed,0.00,0.00,0.0,2.596,0.000,0.000,45.054,0.00
1786369065,bench_mixed,0.00,0.00,0.0,2.596,0.000,0.000,45.053,0.00
1786369070,bench_mixed,0.00,0.00,0.0,2.596,0.000,0.000,45.053,0.00
1786369075,bench_mixed,0.00,0.00,0.0,2.596,0.000,0.000,45.053,0.00
1786369080,bench_mixed,0.00,0.00,0.0,2.596,0.000,0.000,45.053,0.00
1786369085,bench_mixed,0.00,0.00,0.0,2.596,0.000,0.000,45.053,0.00
1786369090,bench_mixed,0.00,0.00,0.0,2.596,0.000,0.000,45.053,0.00
1786369095,bench_mixed,0.00,0.00,0.0,2.596,0.000,0.000,45.053,0.00
1786369100,bench_mixed,0.00,0.00,0.0,2.596,0.000,0.000,45.053,0.00
1786369105,bench_mixed,0.00,0.00,0.0,2.596,0.000,0.000,45.053,0.00
1786369110,bench_mixed,0.00,0.00,0.0,2.596,0.000,0.000,45.053,0.00
1786369115,bench_mixed,0.00,0.00,0.0,2.596,0.000,0.000,45.053,0.00
1786369120,bench_mixed,0.00,0.00,0.0,2.596,0.000,0.000,45.053,0.00
1786369125,bench_mixed,0.00,0.00,0.0,2.596,0.000,0.000,45.053,0.00
1786369130,bench_mixed,0.00,0.00,0.0,2.596,0.000,0.000,45.053,0.00
1786369135,bench_mixed,0.00,0.00,0.0,2.596,0.000,0.000,45.053,0.00
1786369141,bench_mixed,0.00,0.00,0.0,2.596,0.000,0.000,45.053,0.00
1786369146,bench_mixed,0.00,0.00,0.0,2.596,0.000,0.000,45.053,0.00
1786369151,bench_mixed,0.00,0.00,0.0,2.596,0.000,0.000,45.051,0.00
1786369156,bench_mixed,0.00,0.00,0.0,2.596,0.000,0.000,45.051,0.00
1786369161,bench_mixed,0.00,0.00,0.0,2.596,0.000,0.000,45.051,0.00
1786369166,bench_mixed,0.00,0.00,0.0,2.596,0.000,0.000,45.051,0.00
1786369171,bench_mixed,0.00,0.00,0.0,2.596,0.000,0.000,45.051,0.00
1786369176,bench_mixed,0.00,0.00,0.0,2.596,0.000,0.000,45.051,0.00
1786369181,bench_mixed,0.00,0.00,0.0,2.596,0.000,0.000,45.051,0.00
1786369186,bench_mixed,0.00,0.00,0.0,2.596,0.000,0.000,45.051,0.00
1786369191,bench_mixed,0.00,0.00,0.0,2.596,0.000,0.000,45.051,0.00
1786369196,bench_mixed,0.00,0.00,0.0,2.596,0.000,0.000,45.051,0.00
1786369201,bench_mixed,0.00,0.00,0.0,2.596,0.000,0.000,45.051,0.00
1786369206,bench_mixed,0.00,0.00,0.0,2.596,0.000,0.000,45.051,0.00
1786369211,bench_mixed,0.00,0.00,0.0,2.596,0.000,0.000,45.051,0.00
1786369216,bench_mixed,0.00,0.00,0.0,2.596,0.000,0.000,45.051,0.00
1786369221,bench_mixed,0.00,0.00,0.0,2.596,0.000,0.000,45.051,0.00
1786369226,bench_mixed,0.00,0.00,0.0,2.596,0.000,0.000,45.051,0.00
1786369231,bench_mixed,0.00,0.00,0.0,2.596,0.000,0.000,45.051,0.00
1786369236,bench_mixed,0.00,0.00,0.0,2.596,0.000,0.000,45.050,0.00
1786369242,bench_mixed,0.00,0.00,0.0,2.596,0.000,0.000,45.050,0.00
1786369247,bench_mixed,0.00,0.00,0.0,2.596,0.000,0.000,45.050,0.00
1786369252,bench_mixed,0.00,0.00,0.0,2.596,0.000,0.000,45.050,0.00
1786369257,bench_mixed,0.00,0.00,0.0,2.596,0.000,0.000,45.050,0.00
1786369262,bench_mixed,0.00,0.00,0.0,2.596,0.000,0.000,45.050,0.00
1786369267,bench_mixed,0.00,0.00,0.0,2.596,0.000,0.000,45.050,0.00
1786369272,bench_mixed,0.00,0.00,0.0,2.596,0.000,0.000,45.049,0.00
1786369277,bench_mixed,0.00,0.00,0.0,2.596,0.000,0.000,45.049,0.00
1786369282,bench_mixed,0.00,0.00,0.0,2.596,0.000,0.000,45.049,0.00
1786369287,bench_mixed,0.00,0.00,0.0,2.596,0.000,0.000,45.049,0.00
1786369292,bench_mixed,0.00,0.00,0.0,2.596,0.000,0.000,45.049,0.00
1786369297,bench_mixed,0.00,0.00,0.0,2.596,0.000,0.000,45.049,0.00
1786369302,bench_mixed,0.00,0.00,0.0,2.596,0.000,0.000,45.049,0.00
1786369307,bench_mixed,0.00,0.00,0.0,2.596,0.000,0.000,45.048,0.00
1786369312,bench_mixed,0.00,0.00,0.0,2.596,0.000,0.000,45.049,0.00
1786369317,bench_mixed,0.00,0.00,0.0,2.596,0.000,0.000,45.049,0.00
1786369322,bench_mixed,0.00,0.00,0.0,2.596,0.000,0.000,45.048,0.00
1786369327,bench_mixed,0.00,0.00,0.0,2.596,0.000,0.000,45.048,0.00
1786369332,bench_mixed,0.00,0.00,0.0,2.596,0.000,0.000,45.048,0.00
1786369337,bench_mixed,0.00,0.00,0.0,2.596,0.000,0.000,45.049,0.00
1786369343,bench_mixed,0.00,0.00,0.0,2.596,0.000,0.000,45.049,0.00
1786369348,bench_mixed,0.00,0.00,0.0,2.596,0.000,0.000,45.049,0.00
1786369353,bench_mixed,0.00,0.00,0.0,2.596,0.000,0.000,45.050,0.00
1786369358,bench_mixed,0.00,0.00,0.0,2.596,0.000,0.000,45.049,0.00
1786369363,bench_mixed,0.00,0.00,0.0,2.596,0.000,0.000,45.050,0.00
1786369368,bench_mixed,0.00,0.00,0.0,2.596,0.000,0.000,45.049,0.00
1786369373,bench_mixed,0.00,0.00,0.0,2.596,0.000,0.000,45.049,0.00
1786369378,bench_mixed,0.00,0.00,0.0,2.596,0.000,0.000,45.049,0.00
1786369383,bench_mixed,0.00,0.00,0.0,2.596,0.000,0.000,45.049,0.00
1786369388,bench_mixed,0.00,0.00,0.0,2.596,0.000,0.000,45.048,0.00
1786369393,bench_mixed,0.00,0.00,0.0,2.596,0.000,0.000,45.049,0.00
1786369398,bench_mixed,0.00,0.00,0.0,2.596,0.000,0.000,45.049,0.00
1786369403,bench_mixed,0.00,0.00,0.0,2.596,0.000,0.000,45.049,0.00
1786369408,bench_mixed,0.00,0.00,0.0,2.596,0.000,0.000,45.048,0.00
1786369413,bench_mixed,0.00,0.00,0.0,2.596,0.000,0.000,45.048,0.00
1786369418,bench_mixed,0.00,0.00,0.0,2.596,0.000,0.000,45.048,0.00
1786369423,bench_mixed,0.00,0.00,0.0,2.596,0.000,0.000,45.048,0.00
1786369428,bench_mixed,0.00,0.00,0.0,2.596,0.000,0.000,45.048,0.00
1786369433,bench_mixed,0.00,0.00,0.0,2.596,0.000,0.000,45.048,0.00
1786369438,bench_mixed,0.00,0.00,0.0,2.596,0.000,0.000,45.048,0.00
1786369444,bench_mixed,0.00,0.00,0.0,2.596,0.000,0.000,45.048,0.00
1786369449,bench_mixed,0.00,0.00,0.0,2.596,0.000,0.000,45.048,0.00
1786369454,bench_mixed,0.00,0.00,0.0,2.596,0.000,0.000,45.049,0.00
1786369459,bench_mixed,0.00,0.00,0.0,2.596,0.000,0.000,45.049,0.00
1786369464,bench_mixed,0.00,0.00,0.0,2.596,0.000,0.000,45.049,0.00
1786369469,bench_mixed,0.00,0.00,0.0,2.596,0.000,0.000,45.049,0.00
1786369474,bench_mixed,0.00,0.00,0.0,2.596,0.000,0.000,45.049,0.00
1786369479,bench_mixed,0.00,0.00,0.0,2.596,0.000,0.000,45.049,0.00
1786369484,bench_mixed,0.00,0.00,0.0,2.596,0.000,0.000,45.049,0.00
1786369489,bench_mixed,0.00,0.00,0.0,2.596,0.000,0.000,45.049,0.00
1786369494,bench_mixed,0.00,0.00,0.0,2.596,0.000,0.000,45.049,0.00
1786369499,bench_mixed,0.00,0.00,0.0,2.596,0.000,0.000,45.049,0.00
1786369504,bench_mixed,0.00,0.00,0.0,2.596,0.000,0.000,45.048,0.00
1786369509,bench_mixed,0.00,0.00,0.0,2.596,0.000,0.000,45.048,0.00
1786369514,bench_mixed,0.00,0.00,0.0,2.596,0.000,0.000,45.048,0.00
1786369519,bench_mixed,0.00,0.00,0.0,2.596,0.000,0.000,45.048,0.00
1786369524,bench_mixed,0.00,0.00,0.0,2.596,0.000,0.000,45.048,0.00
1786369529,bench_mixed,0.00,0.00,0.0,2.596,0.000,0.000,45.048,0.00
1786369534,bench_mixed,0.00,0.00,0.0,2.596,0.000,0.000,45.048,0.00
1786369539,bench_mixed,0.00,0.00,0.0,2.596,0.000,0.000,45.048,0.00
1786369545,bench_mixed,0.00,0.00,0.0,2.596,0.000,0.000,45.048,0.00
1786369550,bench_mixed,0.00,0.00,0.0,2.596,0.000,0.000,45.048,0.00
1786369555,bench_mixed,0.00,0.00,0.0,2.596,0.000,0.000,45.048,0.00
1786369560,bench_mixed,0.00,0.00,0.0,2.596,0.000,0.000,45.048,0.00
1786369565,bench_mixed,0.00,0.00,0.0,2.596,0.000,0.000,45.048,0.00
1786369570,bench_mixed,0.00,0.00,0.0,2.596,0.000,0.000,45.048,0.00
1786369575,bench_mixed,0.00,0.00,0.0,2.596,0.000,0.000,45.048,0.00
1786369580,bench_mixed,0.00,0.00,0.0,2.596,0.000,0.000,45.048,0.00
1786369585,bench_mixed,0.00,0.00,0.0,2.596,0.000,0.000,45.048,0.00
1786369590,bench_mixed,0.00,0.00,0.0,2.596,0.000,0.000,45.048,0.00
1786369595,bench_mixed,0.00,0.00,0.0,2.596,0.000,0.000,45.048,0.00
1786369600,bench_mixed,0.00,0.00,0.0,2.596,0.000,0.000,45.048,0.00
1786369605,bench_mixed,0.00,0.00,0.0,2.596,0.000,0.000,45.048,0.00
1786369610,bench_mixed,0.00,0.00,0.0,2.596,0.000,0.000,45.048,0.00
1786369615,bench_mixed,0.00,0.00,0.0,2.596,0.000,0.000,45.048,0.00
1786369620,bench_mixed,0.00,0.00,0.0,2.596,0.000,0.000,45.048,0.00
1786369625,bench_mixed,0.00,0.00,0.0,2.596,0.000,0.000,45.048,0.00
1786369630,bench_mixed,0.00,0.00,0.0,2.596,0.000,0.000,45.048,0.00
1786369635,bench_mixed,0.00,0.00,0.0,2.596,0.000,0.000,45.048,0.00
1786369640,bench_mixed,0.00,0.00,0.0,2.596,0.000,0.000,45.048,0.00
1786369646,bench_mixed,0.00,0.00,0.0,2.596,0.000,0.000,45.048,0.00
1786369651,bench_mixed,0.00,0.00,0.0,2.596,0.000,0.000,45.048,0.00
1786369656,bench_mixed,0.00,0.00,0.0,2.596,0.000,0.000,45.048,0.00
1786369661,bench_mixed,0.00,0.00,0.0,2.596,0.000,0.000,45.048,0.00
1786369666,bench_mixed,0.00,0.00,0.0,2.596,0.000,0.000,45.048,0.00
1786369671,bench_mixed,0.00,0.00,0.0,2.596,0.000,0.000,45.048,0.00
1786369676,bench_mixed,0.00,0.00,0.0,2.596,0.000,0.000,45.048,0.00
1786369681,bench_mixed,0.00,0.00,0.0,2.596,0.000,0.000,45.048,0.00
1786369686,bench_mixed,0.00,0.00,0.0,2.596,0.000,0.000,45.048,0.00
1786369691,bench_mixed,0.00,0.00,0.0,2.596,0.000,0.000,45.048,0.00
1786369696,bench_mixed,0.00,0.00,0.0,2.596,0.000,0.000,45.048,0.00
1786369701,bench_mixed,0.00,0.00,0.0,2.596,0.000,0.000,45.048,0.00
1786369706,bench_mixed,0.00,0.00,0.0,2.596,0.000,0.000,45.048,0.00
1786369711,bench_mixed,0.00,0.00,0.0,2.596,0.000,0.000,45.048,0.00
1786369716,bench_mixed,0.00,0.00,0.0,2.596,0.000,0.000,45.048,0.00
1786369721,bench_mixed,0.00,0.00,0.0,2.596,0.000,0.000,45.048,0.00
1786369726,bench_mixed,0.00,0.00,0.0,2.596,0.000,0.000,45.048,0.00
1786369731,bench_mixed,0.00,0.00,0.0,2.596,0.000,0.000,45.048,0.00
1786369736,bench_mixed,0.00,0.00,0.0,2.596,0.000,0.000,45.048,0.00
1786369741,bench_mixed,0.00,0.00,0.0,2.596,0.000,0.000,45.048,0.00
1786369747,bench_mixed,0.00,0.00,0.0,2.596,0.000,0.000,45.048,0.00
1786369752,bench_mixed,0.00,0.00,0.0,2.596,0.000,0.000,45.048,0.00
1786369757,bench_mixed,0.00,0.00,0.0,2.596,0.000,0.000,45.048,0.00
1786369762,bench_mixed,0.00,0.00,0.0,2.596,0.000,0.000,45.048,0.00
1786369767,bench_mixed,0.00,0.00,0.0,2.596,0.000,0.000,45.048,0.00
1786369772,bench_mixed,0.00,0.00,0.0,2.596,0.000,0.000,45.048,0.00
1786369777,bench_mixed,0.00,0.00,0.0,2.596,0.000,0.000,45.048,0.00
1786369782,bench_mixed,0.00,0.00,0.0,2.596,0.000,0.000,45.048,0.00
1786369787,bench_mixed,0.00,0.00,0.0,2.596,0.000,0.000,45.048,0.00
1786369792,bench_mixed,0.00,0.00,0.0,2.596,0.000,0.000,45.048,0.00
1786369797,bench_mixed,0.00,0.00,0.0,2.596,0.000,0.000,45.048,0.00
1786369802,bench_mixed,0.00,0.00,0.0,2.596,0.000,0.000,45.048,0.00
1786369807,bench_mixed,0.00,0.00,0.0,2.596,0.000,0.000,45.048,0.00
1786369812,bench_mixed,0.00,0.00,0.0,2.596,0.000,0.000,45.048,0.00
1786369817,bench_mixed,0.00,0.00,0.0,2.596,0.000,0.000,45.048,0.00
1786369822,bench_mixed,0.00,0.00,0.0,2.596,0.000,0.000,45.048,0.00
1786369827,bench_mixed,0.00,0.00,0.0,2.596,0.000,0.000,45.048,0.00
1786369832,bench_mixed,0.00,0.00,0.0,2.596,0.000,0.000,45.047,0.00
1786369837,bench_mixed,0.00,0.00,0.0,2.596,0.000,0.000,45.047,0.00
1786369842,bench_mixed,0.00,0.00,0.0,2.596,0.000,0.000,45.047,0.00
1786369847,bench_mixed,0.00,0.00,0.0,2.596,0.000,0.000,45.047,0.00
1786369853,bench_mixed,0.00,0.00,0.0,2.596,0.000,0.000,45.047,0.00
1786369858,bench_mixed,0.00,0.00,0.0,2.596,0.000,0.000,45.047,0.00
1786369863,bench_mixed,0.00,0.00,0.0,2.596,0.000,0.000,45.047,0.00
1786369868,bench_mixed,0.00,0.00,0.0,2.596,0.000,0.000,45.047,0.00
1786369873,bench_mixed,0.00,0.00,0.0,2.596,0.000,0.000,45.047,0.00
1786369878,bench_mixed,0.00,0.00,0.0,2.596,0.000,0.000,45.047,0.00
1786369883,bench_mixed,0.00,0.00,0.0,2.596,0.000,0.000,45.047,0.00
1786369888,bench_mixed,0.00,0.00,0.0,2.596,0.000,0.000,45.047,0.00
1786369893,bench_mixed,0.00,0.00,0.0,2.596,0.000,0.000,45.047,0.00
1786369898,bench_mixed,0.00,0.00,0.0,2.596,0.000,0.000,45.047,0.00
1786369903,bench_mixed,0.00,0.00,0.0,2.596,0.000,0.000,45.049,0.00
1786369908,bench_mixed,0.00,0.00,0.0,2.596,0.000,0.000,45.048,0.00
1786369913,bench_mixed,0.00,0.00,0.0,2.596,0.000,0.000,45.048,0.00
1786369918,bench_mixed,0.00,0.00,0.0,2.596,0.000,0.000,45.048,0.00
1786369923,bench_mixed,0.00,0.00,0.0,2.596,0.000,0.000,45.048,0.00
1786369928,bench_mixed,0.00,0.00,0.0,2.596,0.000,0.000,45.048,0.00
1786369933,bench_mixed,0.00,0.00,0.0,2.596,0.000,0.000,45.048,0.00
1786369938,bench_mixed,0.00,0.00,0.0,2.596,0.000,0.000,45.048,0.00
1786369943,bench_mixed,0.00,0.00,0.0,2.596,0.000,0.000,45.047,0.00
1786369948,bench_mixed,0.00,0.00,0.0,2.596,0.000,0.000,45.047,0.00
1786369954,bench_mixed,0.00,0.00,0.0,2.596,0.000,0.000,45.048,0.00
1786369959,bench_mixed,0.00,0.00,0.0,2.596,0.000,0.000,45.048,0.00
1786369964,bench_mixed,0.00,0.00,0.0,2.596,0.000,0.000,45.048,0.00
1786369969,bench_mixed,0.00,0.00,0.0,2.596,0.000,0.000,45.048,0.00
1786369974,bench_mixed,0.00,0.00,0.0,2.596,0.000,0.000,45.049,0.00
1786369979,bench_mixed,0.00,0.00,0.0,2.596,0.000,0.000,45.048,0.00
1786369984,bench_mixed,0.00,0.00,0.0,2.596,0.000,0.000,45.048,0.00
1786369989,bench_mixed,0.00,0.00,0.0,2.596,0.000,0.000,45.048,0.00
1786369994,bench_mixed,0.00,0.00,0.0,2.596,0.000,0.000,45.048,0.00
1786369999,bench_mixed,0.00,0.00,0.0,2.596,0.000,0.000,45.048,0.00
1786370004,bench_mixed,0.00,0.00,0.0,2.596,0.000,0.000,45.048,0.00
1786370009,bench_mixed,0.00,0.00,0.0,2.596,0.000,0.000,45.048,0.00
1786370014,bench_mixed,0.00,0.00,0.0,2.596,0.000,0.000,45.048,0.00
1786370019,bench_mixed,0.00,0.00,0.0,2.596,0.000,0.000,45.048,0.00
1786370024,bench_mixed,0.00,0.00,0.0,2.596,0.000,0.000,45.048,0.00
1786370029,bench_mixed,0.00,0.00,0.0,2.596,0.000,0.000,45.048,0.00
1786370034,bench_mixed,0.00,0.00,0.0,2.596,0.000,0.000,45.048,0.00
1786370039,bench_mixed,0.00,0.00,0.0,2.596,0.000,0.000,45.048,0.00
1786370044,bench_mixed,0.00,0.00,0.0,2.596,0.000,0.000,45.048,0.00
1786370049,bench_mixed,0.00,0.00,0.0,2.596,0.000,0.000,45.048,0.00
1786370055,bench_mixed,0.00,0.00,0.0,2.596,0.000,0.000,45.048,0.00
1786370060,bench_mixed,0.00,0.00,0.0,2.596,0.000,0.000,45.048,0.00
1786370065,bench_mixed,0.00,0.00,0.0,2.596,0.000,0.000,45.047,0.00
1786370070,bench_mixed,0.00,0.00,0.0,2.596,0.000,0.000,45.047,0.00
1786370075,bench_mixed,0.00,0.00,0.0,2.596,0.000,0.000,45.047,0.00
1786370080,bench_mixed,0.00,0.00,0.0,2.596,0.000,0.000,45.047,0.00
1786370085,bench_mixed,0.00,0.00,0.0,2.596,0.000,0.000,45.047,0.00
1786370090,bench_mixed,0.00,0.00,0.0,2.596,0.000,0.000,45.047,0.00
1786370095,bench_mixed,0.00,0.00,0.0,2.596,0.000,0.000,45.047,0.00
1786370100,bench_mixed,0.00,0.00,0.0,2.596,0.000,0.000,45.047,0.00
1786370105,bench_mixed,0.00,0.00,0.0,2.596,0.000,0.000,45.047,0.00
1786370110,bench_mixed,0.00,0.00,0.0,2.596,0.000,0.000,45.047,0.00
1786370115,bench_mixed,0.00,0.00,0.0,2.596,0.000,0.000,45.047,0.00
1786370120,bench_mixed,0.00,0.00,0.0,2.596,0.000,0.000,45.047,0.00
1786370125,bench_mixed,0.00,0.00,0.0,2.596,0.000,0.000,45.047,0.00
1786370130,bench_mixed,0.00,0.00,0.0,2.596,0.000,0.000,45.047,0.00
1786370135,bench_mixed,0.00,0.00,0.0,2.596,0.000,0.000,45.047,0.00
1786370140,bench_mixed,0.00,0.00,0.0,2.596,0.000,0.000,45.047,0.00
1786370145,bench_mixed,0.00,0.00,0.0,2.596,0.000,0.000,45.047,0.00
1786370150,bench_mixed,0.00,0.00,0.0,2.596,0.000,0.000,45.047,0.00
1786370156,bench_mixed,0.00,0.00,0.0,2.596,0.000,0.000,45.046,0.00
1786370161,bench_mixed,0.00,0.00,0.0,2.596,0.000,0.000,45.046,0.00
1786370166,bench_mixed,0.00,0.00,0.0,2.596,0.000,0.000,45.047,0.00
1786370171,bench_mixed,0.00,0.00,0.0,2.596,0.000,0.000,45.047,0.00
1786370176,bench_mixed,0.00,0.00,0.0,2.596,0.000,0.000,45.047,0.00
1786370181,bench_mixed,0.00,0.00,0.0,2.596,0.000,0.000,45.047,0.00
1786370186,bench_mixed,0.00,0.00,0.0,2.596,0.000,0.000,45.047,0.00
1786370191,bench_mixed,0.00,0.00,0.0,2.596,0.000,0.000,45.047,0.00
1786370196,bench_mixed,0.00,0.00,0.0,2.596,0.000,0.000,45.047,0.00
1786370201,bench_mixed,0.00,0.00,0.0,2.596,0.000,0.000,45.047,0.00
1786370206,bench_mixed,0.00,0.00,0.0,2.596,0.000,0.000,45.047,0.00
1786370211,bench_mixed,0.00,0.00,0.0,2.596,0.000,0.000,45.047,0.00
1786370216,bench_mixed,0.00,0.00,0.0,2.596,0.000,0.000,45.047,0.00
1786370221,bench_mixed,0.00,0.00,0.0,2.596,0.000,0.000,45.047,0.00
1786370226,bench_mixed,0.00,0.00,0.0,2.596,0.000,0.000,45.047,0.00
1786370231,bench_mixed,0.00,0.00,0.0,2.596,0.000,0.000,45.047,0.00
1786370236,bench_mixed,0.00,0.00,0.0,2.596,0.000,0.000,45.047,0.00
1786370241,bench_mixed,0.00,0.00,0.0,2.596,0.000,0.000,45.047,0.00
1786370246,bench_mixed,0.00,0.00,0.0,2.596,0.000,0.000,45.047,0.00
1786370251,bench_mixed,0.00,0.00,0.0,2.596,0.000,0.000,45.047,0.00
1786370257,bench_mixed,0.00,0.00,0.0,2.596,0.000,0.000,45.047,0.00
1786370262,bench_mixed,0.00,0.00,0.0,2.596,0.000,0.000,45.047,0.00
1786370267,bench_mixed,0.00,0.00,0.0,2.596,0.000,0.000,45.047,0.00
1786370272,bench_mixed,0.00,0.00,0.0,2.596,0.000,0.000,45.047,0.00
1786370277,bench_mixed,0.00,0.00,0.0,2.596,0.000,0.000,45.047,0.00
1786370282,bench_mixed,0.00,0.00,0.0,2.596,0.000,0.000,45.048,0.00
1786370287,bench_mixed,0.00,0.00,0.0,2.596,0.000,0.000,45.048,0.00
1786370292,bench_mixed,0.00,0.00,0.0,2.596,0.000,0.000,45.047,0.00
1786370297,bench_mixed,0.00,0.00,0.0,2.596,0.000,0.000,45.047,0.00
1786370302,bench_mixed,0.00,0.00,0.0,2.596,0.000,0.000,45.047,0.00
1786370307,bench_mixed,0.00,0.00,0.0,2.596,0.000,0.000,45.047,0.00
1786370312,bench_mixed,0.00,0.00,0.0,2.596,0.000,0.000,45.048,0.00
1786370317,bench_mixed,0.00,0.00,0.0,2.596,0.000,0.000,45.048,0.00
1786370322,bench_mixed,0.00,0.00,0.0,2.596,0.000,0.000,45.048,0.00
1786370327,bench_mixed,0.00,0.00,0.0,2.596,0.000,0.000,45.047,0.00
1786370332,bench_mixed,0.00,0.00,0.0,2.596,0.000,0.000,45.047,0.00
1786370337,bench_mixed,0.00,0.00,0.0,2.596,0.000,0.000,45.047,0.00
1786370342,bench_mixed,0.00,0.00,0.0,2.596,0.000,0.000,45.047,0.00
1786370347,bench_mixed,0.00,0.00,0.0,2.596,0.000,0.000,45.047,0.00
1786370352,bench_mixed,0.00,0.00,0.0,2.596,0.000,0.000,45.047,0.00
1786370358,bench_mixed,0.00,0.00,0.0,2.596,0.000,0.000,45.047,0.00
1786370363,bench_mixed,0.00,0.00,0.0,2.596,0.000,0.000,45.047,0.00
1786370368,bench_mixed,0.00,0.00,0.0,2.596,0.000,0.000,45.047,0.00
1786370373,bench_mixed,0.00,0.00,0.0,2.596,0.000,0.000,45.047,0.00
1786370378,bench_mixed,0.00,0.00,0.0,2.596,0.000,0.000,45.047,0.00
1786370383,bench_mixed,0.00,0.00,0.0,2.596,0.000,0.000,45.048,0.00
1786370388,bench_mixed,0.00,0.00,0.0,2.596,0.000,0.000,45.048,0.00
1786370393,bench_mixed,0.00,0.00,0.0,2.596,0.000,0.000,45.048,0.00
1786370398,bench_mixed,0.00,0.00,0.0,2.596,0.000,0.000,45.047,0.00
1786370403,bench_mixed,0.00,0.00,0.0,2.596,0.000,0.000,45.047,0.00
1786370408,bench_mixed,0.00,0.00,0.0,2.596,0.000,0.000,45.047,0.00
1786370413,bench_mixed,0.00,0.00,0.0,2.596,0.000,0.000,45.047,0.00
1786370418,bench_mixed,0.00,0.00,0.0,2.596,0.000,0.000,45.046,0.00
1786370423,bench_mixed,0.00,0.00,0.0,2.596,0.000,0.000,45.046,0.00
1786370428,bench_mixed,0.00,0.00,0.0,2.596,0.000,0.000,45.046,0.00
1786370433,bench_mixed,0.00,0.00,0.0,2.596,0.000,0.000,45.048,0.00
1786370438,bench_mixed,0.00,0.00,0.0,2.596,0.000,0.000,45.047,0.00
1786370443,bench_mixed,0.00,0.00,0.0,2.596,0.000,0.000,45.047,0.00
1786370448,bench_mixed,0.00,0.00,0.0,2.596,0.000,0.000,45.047,0.00
1786370453,bench_mixed,0.00,0.00,0.0,2.596,0.000,0.000,45.047,0.00
1786370459,bench_mixed,0.00,0.00,0.0,2.596,0.000,0.000,45.048,0.00
1786370464,bench_mixed,0.00,0.00,0.0,2.596,0.000,0.000,45.047,0.00
1786370469,bench_mixed,0.00,0.00,0.0,2.596,0.000,0.000,45.047,0.00
1786370474,bench_mixed,0.00,0.00,0.0,2.596,0.000,0.000,45.049,0.00
1786370479,bench_mixed,0.00,0.00,0.0,2.596,0.000,0.000,45.048,0.00
1786370484,bench_mixed,0.00,0.00,0.0,2.596,0.000,0.000,45.047,0.00
1786370489,bench_mixed,0.00,0.00,0.0,2.596,0.000,0.000,45.048,0.00
1786370494,bench_mixed,0.00,0.00,0.0,2.596,0.000,0.000,45.049,0.00
1786370499,bench_mixed,0.00,0.00,0.0,2.596,0.000,0.000,45.048,0.00
1786370504,bench_mixed,0.00,0.00,0.0,2.596,0.000,0.000,45.048,0.00
1786370509,bench_mixed,0.00,0.00,0.0,2.596,0.000,0.000,45.048,0.00
1786370514,bench_mixed,0.00,0.00,0.0,2.596,0.000,0.000,45.048,0.00
1786370519,bench_mixed,0.00,0.00,0.0,2.596,0.000,0.000,45.048,0.00
1786370524,bench_mixed,0.00,0.00,0.0,2.596,0.000,0.000,45.048,0.00
1786370529,bench_mixed,0.00,0.00,0.0,2.596,0.000,0.000,45.048,0.00
1786370534,bench_mixed,0.00,0.00,0.0,2.596,0.000,0.000,45.048,0.00
1786370539,bench_mixed,0.00,0.00,0.0,2.596,0.000,0.000,45.048,0.00
1786370544,bench_mixed,0.00,0.00,0.0,2.596,0.000,0.000,45.048,0.00
1786370549,bench_mixed,0.00,0.00,0.0,2.596,0.000,0.000,45.048,0.00
1786370554,bench_mixed,0.00,0.00,0.0,2.596,0.000,0.000,45.048,0.00
1786370560,bench_mixed,0.00,0.00,0.0,2.596,0.000,0.000,45.048,0.00
1786370565,bench_mixed,0.00,0.00,0.0,2.596,0.000,0.000,45.048,0.00
1786370570,bench_mixed,0.00,0.00,0.0,2.596,0.000,0.000,45.048,0.00
1786370575,bench_mixed,0.00,0.00,0.0,2.596,0.000,0.000,45.048,0.00
1786370580,bench_mixed,0.00,0.00,0.0,2.596,0.000,0.000,45.048,0.00
1786370585,bench_mixed,0.00,0.00,0.0,2.596,0.000,0.000,45.048,0.00
1786370590,bench_mixed,0.00,0.00,0.0,2.596,0.000,0.000,45.048,0.00
1786370595,bench_mixed,0.00,0.00,0.0,2.596,0.000,0.000,45.048,0.00
1786370600,bench_mixed,0.00,0.00,0.0,2.596,0.000,0.000,45.048,0.00
1786370605,bench_mixed,0.00,0.00,0.0,2.596,0.000,0.000,45.048,0.00
1786370610,bench_mixed,0.00,0.00,0.0,2.596,0.000,0.000,45.048,0.00
1786370615,bench_mixed,0.00,0.00,0.0,2.596,0.000,0.000,45.048,0.00
1786370620,bench_mixed,0.00,0.00,0.0,2.596,0.000,0.000,45.048,0.00
1786370625,bench_mixed,0.00,0.00,0.0,2.596,0.000,0.000,45.048,0.00
1786370630,bench_mixed,0.00,0.00,0.0,2.596,0.000,0.000,45.048,0.00
1786370635,bench_mixed,0.00,0.00,0.0,2.596,0.000,0.000,45.048,0.00
1786370640,bench_mixed,0.00,0.00,0.0,2.596,0.000,0.000,45.048,0.00
1786370645,bench_mixed,0.00,0.00,0.0,2.596,0.000,0.000,45.048,0.00
1786370650,bench_mixed,0.00,0.00,0.0,2.596,0.000,0.000,45.048,0.00
1786370655,bench_mixed,0.00,0.00,0.0,2.596,0.000,0.000,45.048,0.00
1786370661,bench_mixed,0.00,0.00,0.0,2.596,0.000,0.000,45.048,0.00
1786370666,bench_mixed,0.00,0.00,0.0,2.596,0.000,0.000,45.047,0.00
1786370671,bench_mixed,0.00,0.00,0.0,2.596,0.000,0.000,45.047,0.00
1786370676,bench_mixed,0.00,0.00,0.0,2.596,0.000,0.000,45.047,0.00
1786370681,bench_mixed,0.00,0.00,0.0,2.596,0.000,0.000,45.047,0.00
1786370686,bench_mixed,0.00,0.00,0.0,2.596,0.000,0.000,45.047,0.00
1786370691,bench_mixed,0.00,0.00,0.0,2.596,0.000,0.000,45.047,0.00
1786370696,bench_mixed,0.00,0.00,0.0,2.596,0.000,0.000,45.047,0.00
1786370701,bench_mixed,0.00,0.00,0.0,2.596,0.000,0.000,45.047,0.00
1786370706,bench_mixed,0.00,0.00,0.0,2.596,0.000,0.000,45.047,0.00
1786370711,bench_mixed,0.00,0.00,0.0,2.596,0.000,0.000,45.047,0.00
1786370716,bench_mixed,0.00,0.00,0.0,2.596,0.000,0.000,45.047,0.00
1786370721,bench_mixed,0.00,0.00,0.0,2.596,0.000,0.000,45.047,0.00
1786370726,bench_mixed,0.00,0.00,0.0,2.596,0.000,0.000,45.047,0.00
1786370731,bench_mixed,0.00,0.00,0.0,2.596,0.000,0.000,45.047,0.00
1786370736,bench_mixed,0.00,0.00,0.0,2.596,0.000,0.000,45.047,0.00
1786370741,bench_mixed,0.00,0.00,0.0,2.596,0.000,0.000,45.047,0.00
1786370746,bench_mixed,0.00,0.00,0.0,2.596,0.000,0.000,45.047,0.00
1786370751,bench_mixed,0.00,0.00,0.0,2.596,0.000,0.000,45.047,0.00
1786370756,bench_mixed,0.00,0.00,0.0,2.596,0.000,0.000,45.047,0.00
1786370761,bench_mixed,0.00,0.00,0.0,2.596,0.000,0.000,45.047,0.00
1786370767,bench_mixed,0.00,0.00,0.0,2.596,0.000,0.000,45.047,0.00
1786370772,bench_mixed,0.00,0.00,0.0,2.596,0.000,0.000,45.047,0.00
1786370777,bench_mixed,0.00,0.00,0.0,2.596,0.000,0.000,45.047,0.00
1786370782,bench_mixed,0.00,0.00,0.0,2.596,0.000,0.000,45.047,0.00
1786370787,bench_mixed,0.00,0.00,0.0,2.596,0.000,0.000,45.047,0.00
1786370792,bench_mixed,0.00,0.00,0.0,2.596,0.000,0.000,45.047,0.00
1786370797,bench_mixed,0.00,0.00,0.0,2.596,0.000,0.000,45.047,0.00
1786370802,bench_mixed,0.00,0.00,0.0,2.596,0.000,0.000,45.047,0.00
1786370807,bench_mixed,0.00,0.00,0.0,2.596,0.000,0.000,45.047,0.00
1786370812,bench_mixed,0.00,0.00,0.0,2.596,0.000,0.000,45.047,0.00
1786370817,bench_mixed,0.00,0.00,0.0,2.596,0.000,0.000,45.047,0.00
1786370822,bench_mixed,0.00,0.00,0.0,2.596,0.000,0.000,45.047,0.00
1786370827,bench_mixed,0.00,0.00,0.0,2.596,0.000,0.000,45.047,0.00
1786370832,bench_mixed,0.00,0.00,0.0,2.596,0.000,0.000,45.047,0.00
1786370837,bench_mixed,0.00,0.00,0.0,2.596,0.000,0.000,45.047,0.00
1786370842,bench_mixed,0.00,0.00,0.0,2.596,0.000,0.000,45.047,0.00
1786370847,bench_mixed,0.00,0.00,0.0,2.596,0.000,0.000,45.047,0.00
1786370852,bench_mixed,0.00,0.00,0.0,2.596,0.000,0.000,45.047,0.00
1786370857,bench_mixed,0.00,0.00,0.0,2.596,0.000,0.000,45.047,0.00
1786370862,bench_mixed,0.00,0.00,0.0,2.596,0.000,0.000,45.047,0.00
1786370868,bench_mixed,0.00,0.00,0.0,2.596,0.000,0.000,45.047,0.00
1786370873,bench_mixed,0.00,0.00,0.0,2.596,0.000,0.000,45.047,0.00
1786370878,bench_mixed,0.00,0.00,0.0,2.596,0.000,0.000,45.047,0.00
1786370883,bench_mixed,0.00,0.00,0.0,2.596,0.000,0.000,45.048,0.00
1786370888,bench_mixed,0.00,0.00,0.0,2.596,0.000,0.000,45.048,0.00
1786370893,bench_mixed,0.00,0.00,0.0,2.596,0.000,0.000,45.048,0.00
1786370898,bench_mixed,0.00,0.00,0.0,2.596,0.000,0.000,45.048,0.00
1786370903,bench_mixed,0.00,0.00,0.0,2.596,0.000,0.000,45.047,0.00
1786370908,bench_mixed,0.00,0.00,0.0,2.596,0.000,0.000,45.047,0.00
1786370913,bench_mixed,0.00,0.00,0.0,2.596,0.000,0.000,45.047,0.00
1786370918,bench_mixed,0.00,0.00,0.0,2.596,0.000,0.000,45.047,0.00
1786370923,bench_mixed,0.00,0.00,0.0,2.596,0.000,0.000,45.047,0.00
1786370928,bench_mixed,0.00,0.00,0.0,2.596,0.000,0.000,45.047,0.00
1786370933,bench_mixed,0.00,0.00,0.0,2.596,0.000,0.000,45.047,0.00
1786370938,bench_mixed,0.00,0.00,0.0,2.596,0.000,0.000,45.048,0.00
1786370943,bench_mixed,0.00,0.00,0.0,2.596,0.000,0.000,45.048,0.00
1786370948,bench_mixed,0.00,0.00,0.0,2.596,0.000,0.000,45.048,0.00
1786370953,bench_mixed,0.00,0.00,0.0,2.596,0.000,0.000,45.048,0.00
1786370958,bench_mixed,0.00,0.00,0.0,2.596,0.000,0.000,45.048,0.00
1786370963,bench_mixed,0.00,0.00,0.0,2.596,0.000,0.000,45.047,0.00
1786370969,bench_mixed,0.00,0.00,0.0,2.596,0.000,0.000,45.047,0.00
1786370974,bench_mixed,0.00,0.00,0.0,2.596,0.000,0.000,45.047,0.00
1786370979,bench_mixed,0.00,0.00,0.0,2.596,0.000,0.000,45.048,0.00
1786370984,bench_mixed,0.00,0.00,0.0,2.596,0.000,0.000,45.047,0.00
1786370989,bench_mixed,0.00,0.00,0.0,2.596,0.000,0.000,45.047,0.00
1786370994,bench_mixed,0.00,0.00,0.0,2.596,0.000,0.000,45.046,0.00
1786370999,bench_mixed,0.00,0.00,0.0,2.596,0.000,0.000,45.046,0.00
1786371004,bench_mixed,0.00,0.00,0.0,2.596,0.000,0.000,45.046,0.00
1786371009,bench_mixed,0.00,0.00,0.0,2.596,0.000,0.000,45.046,0.00
1786371014,bench_mixed,0.00,0.00,0.0,2.596,0.000,0.000,45.046,0.00
1786371019,bench_mixed,0.00,0.00,0.0,2.596,0.000,0.000,45.046,0.00
1786371024,bench_mixed,0.00,0.00,0.0,2.596,0.000,0.000,45.046,0.00
1786371029,bench_mixed,0.00,0.00,0.0,2.596,0.000,0.000,45.046,0.00
1786371034,bench_mixed,0.00,0.00,0.0,2.596,0.000,0.000,45.046,0.00
1786371039,bench_mixed,0.00,0.00,0.0,2.596,0.000,0.000,45.046,0.00
1786371044,bench_mixed,0.00,0.00,0.0,2.596,0.000,0.000,45.046,0.00
1786371049,bench_mixed,0.00,0.00,0.0,2.596,0.000,0.000,45.047,0.00
1786371054,bench_mixed,0.00,0.00,0.0,2.596,0.000,0.000,45.047,0.00
1786371059,bench_mixed,0.00,0.00,0.0,2.596,0.000,0.000,45.047,0.00
1786371064,bench_mixed,0.00,0.00,0.0,2.596,0.000,0.000,45.047,0.00
1786371070,bench_mixed,0.00,0.00,0.0,2.596,0.000,0.000,45.047,0.00
1786371075,bench_mixed,0.00,0.00,0.0,2.596,0.000,0.000,45.047,0.00
1786371080,bench_mixed,0.00,0.00,0.0,2.596,0.000,0.000,45.047,0.00
1786371085,bench_mixed,0.00,0.00,0.0,2.596,0.000,0.000,45.047,0.00
1786371090,bench_mixed,0.00,0.00,0.0,2.596,0.000,0.000,45.047,0.00
1786371095,bench_mixed,0.00,0.00,0.0,2.596,0.000,0.000,45.047,0.00
1786371100,bench_mixed,0.00,0.00,0.0,2.596,0.000,0.000,45.047,0.00
1786371105,bench_mixed,0.00,0.00,0.0,2.596,0.000,0.000,45.047,0.00
1786371110,bench_mixed,0.00,0.00,0.0,2.596,0.000,0.000,45.047,0.00
1786371115,bench_mixed,0.00,0.00,0.0,2.596,0.000,0.000,45.047,0.00
1786371120,bench_mixed,0.00,0.00,0.0,2.596,0.000,0.000,45.047,0.00
1786371125,bench_mixed,0.00,0.00,0.0,2.596,0.000,0.000,45.047,0.00
1786371130,bench_mixed,0.00,0.00,0.0,2.596,0.000,0.000,45.047,0.00
1786371135,bench_mixed,0.00,0.00,0.0,2.596,0.000,0.000,45.047,0.00
1786371140,bench_mixed,0.00,0.00,0.0,2.596,0.000,0.000,45.047,0.00
1786371145,bench_mixed,0.00,0.00,0.0,2.596,0.000,0.000,45.047,0.00
1786371150,bench_mixed,0.00,0.00,0.0,2.596,0.000,0.000,45.047,0.00
1786371155,bench_mixed,0.00,0.00,0.0,2.596,0.000,0.000,45.047,0.00
1786371160,bench_mixed,0.00,0.00,0.0,2.596,0.000,0.000,45.047,0.00
1786371165,bench_mixed,0.00,0.00,0.0,2.596,0.000,0.000,45.047,0.00
1786371171,bench_mixed,0.00,0.00,0.0,2.596,0.000,0.000,45.047,0.00
1786371176,bench_mixed,0.00,0.00,0.0,2.596,0.000,0.000,45.047,0.00
1786371181,bench_mixed,0.00,0.00,0.0,2.596,0.000,0.000,45.047,0.00
1786371186,bench_mixed,0.00,0.00,0.0,2.596,0.000,0.000,45.048,0.00
1786371191,bench_mixed,0.00,0.00,0.0,2.596,0.000,0.000,45.048,0.00
1786371196,bench_mixed,0.00,0.00,0.0,2.596,0.000,0.000,45.048,0.00
1786371201,bench_mixed,0.00,0.00,0.0,2.596,0.000,0.000,45.047,0.00
1786371206,bench_mixed,0.00,0.00,0.0,2.596,0.000,0.000,45.048,0.00
1786371211,bench_mixed,0.00,0.00,0.0,2.596,0.000,0.000,45.048,0.00
1786371216,bench_mixed,0.00,0.00,0.0,2.596,0.000,0.000,45.048,0.00
1786371221,bench_mixed,0.00,0.00,0.0,2.596,0.000,0.000,45.048,0.00
1786371226,bench_mixed,0.00,0.00,0.0,2.596,0.000,0.000,45.048,0.00
1786371231,bench_mixed,0.00,0.00,0.0,2.596,0.000,0.000,45.048,0.00
1786371236,bench_mixed,0.00,0.00,0.0,2.596,0.000,0.000,45.048,0.00
1786371241,bench_mixed,0.00,0.00,0.0,2.596,0.000,0.000,45.048,0.00
1786371246,bench_mixed,0.00,0.00,0.0,2.596,0.000,0.000,45.048,0.00
1786371251,bench_mixed,0.00,0.00,0.0,2.596,0.000,0.000,45.048,0.00
1786371256,bench_mixed,0.00,0.00,0.0,2.596,0.000,0.000,45.048,0.00
1786371261,bench_mixed,0.00,0.00,0.0,2.596,0.000,0.000,45.048,0.00
1786371266,bench_mixed,0.00,0.00,0.0,2.596,0.000,0.000,45.048,0.00
1786371272,bench_mixed,0.00,0.00,0.0,2.596,0.000,0.000,45.048,0.00
1786371277,bench_mixed,0.00,0.00,0.0,2.596,0.000,0.000,45.048,0.00
1786371282,bench_mixed,0.00,0.00,0.0,2.596,0.000,0.000,45.048,0.00
1786371287,bench_mixed,0.00,0.00,0.0,2.596,0.000,0.000,45.047,0.00
1786371292,bench_mixed,0.00,0.00,0.0,2.596,0.000,0.000,45.047,0.00
1786371297,bench_mixed,0.00,0.00,0.0,2.596,0.000,0.000,45.047,0.00
1786371302,bench_mixed,0.00,0.00,0.0,2.596,0.000,0.000,45.047,0.00
1786371307,bench_mixed,0.00,0.00,0.0,2.596,0.000,0.000,45.047,0.00
1786371312,bench_mixed,0.00,0.00,0.0,2.596,0.000,0.000,45.047,0.00
1786371317,bench_mixed,0.00,0.00,0.0,2.596,0.000,0.000,45.047,0.00
1786371322,bench_mixed,0.00,0.00,0.0,2.596,0.000,0.000,45.047,0.00
1786371327,bench_mixed,0.00,0.00,0.0,2.596,0.000,0.000,45.047,0.00
1786371332,bench_mixed,0.00,0.00,0.0,2.596,0.000,0.000,45.048,0.00
1786371337,bench_mixed,0.00,0.00,0.0,2.596,0.000,0.000,45.048,0.00
1786371342,bench_mixed,0.00,0.00,0.0,2.596,0.000,0.000,45.047,0.00
1786371347,bench_mixed,0.00,0.00,0.0,2.596,0.000,0.000,45.048,0.00
1786371352,bench_mixed,0.00,0.00,0.0,2.596,0.000,0.000,45.048,0.00
1786371357,bench_mixed,0.00,0.00,0.0,2.596,0.000,0.000,45.048,0.00
1786371362,bench_mixed,0.00,0.00,0.0,2.596,0.000,0.000,45.048,0.00
1786371367,bench_mixed,0.00,0.00,0.0,2.596,0.000,0.000,45.048,0.00
1786371373,bench_mixed,0.00,0.00,0.0,2.596,0.000,0.000,45.048,0.00
1786371378,bench_mixed,0.00,0.00,0.0,2.596,0.000,0.000,45.048,0.00
1786371383,bench_mixed,0.00,0.00,0.0,2.596,0.000,0.000,45.048,0.00
1786371388,bench_mixed,0.00,0.00,0.0,2.596,0.000,0.000,45.048,0.00
1786371393,bench_mixed,0.00,0.00,0.0,2.596,0.000,0.000,45.048,0.00
1786371398,bench_mixed,0.00,0.00,0.0,2.596,0.000,0.000,45.048,0.00
1786371403,bench_mixed,0.00,0.00,0.0,2.596,0.000,0.000,45.048,0.00
1786371408,bench_mixed,0.00,0.00,0.0,2.596,0.000,0.000,45.048,0.00
1786371413,bench_mixed,0.00,0.00,0.0,2.596,0.000,0.000,45.048,0.00
1786371418,bench_mixed,0.00,0.00,0.0,2.596,0.000,0.000,45.048,0.00
1786371423,bench_mixed,0.00,0.00,0.0,2.596,0.000,0.000,45.048,0.00
1786371428,bench_mixed,0.00,0.00,0.0,2.596,0.000,0.000,45.048,0.00
1786371433,bench_mixed,0.00,0.00,0.0,2.596,0.000,0.000,45.048,0.00
1786371438,bench_mixed,0.00,0.00,0.0,2.596,0.000,0.000,45.048,0.00
1786371443,bench_mixed,0.00,0.00,0.0,2.596,0.000,0.000,45.048,0.00
1786371448,bench_mixed,0.00,0.00,0.0,2.596,0.000,0.000,45.048,0.00
1786371453,bench_mixed,0.00,0.00,0.0,2.596,0.000,0.000,45.048,0.00
1786371458,bench_mixed,0.00,0.00,0.0,2.596,0.000,0.000,45.048,0.00
1786371463,bench_mixed,0.00,0.00,0.0,2.596,0.000,0.000,45.048,0.00
1786371468,bench_mixed,0.00,0.00,0.0,2.596,0.000,0.000,45.048,0.00
1786371474,bench_mixed,0.00,0.00,0.0,2.596,0.000,0.000,45.048,0.00
1786371479,bench_mixed,0.00,0.00,0.0,2.596,0.000,0.000,45.048,0.00
1786371484,bench_mixed,0.00,0.00,0.0,2.596,0.000,0.000,45.048,0.00
1786371489,bench_mixed,0.00,0.00,0.0,2.596,0.000,0.000,45.048,0.00
1786371494,bench_mixed,0.00,0.00,0.0,2.596,0.000,0.000,45.048,0.00
1786371499,bench_mixed,0.00,0.00,0.0,2.596,0.000,0.000,45.048,0.00
1786371504,bench_mixed,0.00,0.00,0.0,2.596,0.000,0.000,45.048,0.00
1786371509,bench_mixed,0.00,0.00,0.0,2.596,0.000,0.000,45.048,0.00
1786371514,bench_mixed,0.00,0.00,0.0,2.596,0.000,0.000,45.048,0.00
1786371519,bench_mixed,0.00,0.00,0.0,2.596,0.000,0.000,45.048,0.00
1786371524,bench_mixed,0.00,0.00,0.0,2.596,0.000,0.000,45.048,0.00
1786371529,bench_mixed,0.00,0.00,0.0,2.596,0.000,0.000,45.048,0.00
1786371534,bench_mixed,0.00,0.00,0.0,2.596,0.000,0.000,45.048,0.00
1786371539,bench_mixed,0.00,0.00,0.0,2.596,0.000,0.000,45.048,0.00
1786371544,bench_mixed,0.00,0.00,0.0,2.596,0.000,0.000,45.048,0.00
1786371549,bench_mixed,0.00,0.00,0.0,2.596,0.000,0.000,45.048,0.00
1786371554,bench_mixed,0.00,0.00,0.0,2.596,0.000,0.000,45.048,0.00
1786371559,bench_mixed,0.00,0.00,0.0,2.596,0.000,0.000,45.048,0.00
1786371564,bench_mixed,0.00,0.00,0.0,2.596,0.000,0.000,45.048,0.00
1786371569,bench_mixed,0.00,0.00,0.0,2.596,0.000,0.000,45.048,0.00
1786371574,bench_mixed,0.00,0.00,0.0,2.596,0.000,0.000,45.048,0.00
1786371580,bench_mixed,0.00,0.00,0.0,2.596,0.000,0.000,45.048,0.00
1786371585,bench_mixed,0.00,0.00,0.0,2.596,0.000,0.000,45.048,0.00
1786371590,bench_mixed,0.00,0.00,0.0,2.596,0.000,0.000,45.048,0.00
1786371595,bench_mixed,0.00,0.00,0.0,2.596,0.000,0.000,45.047,0.00
1786371600,bench_mixed,0.00,0.00,0.0,2.596,0.000,0.000,45.047,0.00
1786371605,bench_mixed,0.00,0.00,0.0,2.596,0.000,0.000,45.047,0.00
1786371610,bench_mixed,0.00,0.00,0.0,2.596,0.000,0.000,45.047,0.00
1786371615,bench_mixed,0.00,0.00,0.0,2.596,0.000,0.000,45.047,0.00
1786371620,bench_mixed,0.00,0.00,0.0,2.596,0.000,0.000,45.047,0.00
1786371625,bench_mixed,0.00,0.00,0.0,2.596,0.000,0.000,45.047,0.00
1786371630,bench_mixed,0.00,0.00,0.0,2.596,0.000,0.000,45.047,0.00
1786371635,bench_mixed,0.00,0.00,0.0,2.596,0.000,0.000,45.047,0.00
1786371640,bench_mixed,0.00,0.00,0.0,2.596,0.000,0.000,45.047,0.00
1786371645,bench_mixed,0.00,0.00,0.0,2.596,0.000,0.000,45.047,0.00
1786371650,bench_mixed,0.00,0.00,0.0,2.596,0.000,0.000,45.047,0.00
1786371655,bench_mixed,0.00,0.00,0.0,2.596,0.000,0.000,45.047,0.00
1786371660,bench_mixed,0.00,0.00,0.0,2.596,0.000,0.000,45.047,0.00
1786371665,bench_mixed,0.00,0.00,0.0,2.596,0.000,0.000,45.047,0.00
1786371670,bench_mixed,0.00,0.00,0.0,2.596,0.000,0.000,45.047,0.00
1786371675,bench_mixed,0.00,0.00,0.0,2.596,0.000,0.000,45.047,0.00
1786371681,bench_mixed,0.00,0.00,0.0,2.596,0.000,0.000,45.047,0.00
1786371686,bench_mixed,0.00,0.00,0.0,2.596,0.000,0.000,45.047,0.00
1786371691,bench_mixed,0.00,0.00,0.0,2.596,0.000,0.000,45.047,0.00
1786371696,bench_mixed,0.00,0.00,0.0,2.596,0.000,0.000,45.047,0.00
1786371701,bench_mixed,0.00,0.00,0.0,2.596,0.000,0.000,45.047,0.00
1786371706,bench_mixed,0.00,0.00,0.0,2.596,0.000,0.000,45.047,0.00
1786371711,bench_mixed,0.00,0.00,0.0,2.596,0.000,0.000,45.047,0.00
1786371716,bench_mixed,0.00,0.00,0.0,2.596,0.000,0.000,45.047,0.00
1786371721,bench_mixed,0.00,0.00,0.0,2.596,0.000,0.000,45.047,0.00
1786371726,bench_mixed,0.00,0.00,0.0,2.596,0.000,0.000,45.047,0.00
1786371731,bench_mixed,0.00,0.00,0.0,2.596,0.000,0.000,45.047,0.00
1786371736,bench_mixed,0.00,0.00,0.0,2.596,0.000,0.000,45.047,0.00
1786371741,bench_mixed,0.00,0.00,0.0,2.596,0.000,0.000,45.047,0.00
1786371746,bench_mixed,0.00,0.00,0.0,2.596,0.000,0.000,45.047,0.00
1786371751,bench_mixed,0.00,0.00,0.0,2.596,0.000,0.000,45.047,0.00
1786371756,bench_mixed,0.00,0.00,0.0,2.596,0.000,0.000,45.047,0.00
1786371761,bench_mixed,0.00,0.00,0.0,2.596,0.000,0.000,45.047,0.00
1786371766,bench_mixed,0.00,0.00,0.0,2.596,0.000,0.000,45.047,0.00
1786371771,bench_mixed,0.00,0.00,0.0,2.596,0.000,0.000,45.047,0.00
1786371776,bench_mixed,0.00,0.00,0.0,2.596,0.000,0.000,45.047,0.00
1786371782,bench_mixed,0.00,0.00,0.0,2.596,0.000,0.000,45.047,0.00
1786371787,bench_mixed,0.00,0.00,0.0,2.596,0.000,0.000,45.047,0.00
1786371792,bench_mixed,0.00,0.00,0.0,2.596,0.000,0.000,45.047,0.00
1786371797,bench_mixed,0.00,0.00,0.0,2.596,0.000,0.000,45.047,0.00
1786371802,bench_mixed,0.00,0.00,0.0,2.596,0.000,0.000,45.048,0.00
1786371807,bench_mixed,0.00,0.00,0.0,2.596,0.000,0.000,45.048,0.00
1786371812,bench_mixed,0.00,0.00,0.0,2.596,0.000,0.000,45.048,0.00
1786371817,bench_mixed,0.00,0.00,0.0,2.596,0.000,0.000,45.048,0.00
1786371822,bench_mixed,0.00,0.00,0.0,2.596,0.000,0.000,45.048,0.00
1786371827,bench_mixed,0.00,0.00,0.0,2.596,0.000,0.000,45.048,0.00
1786371832,bench_mixed,0.00,0.00,0.0,2.596,0.000,0.000,45.048,0.00
1786371837,bench_mixed,0.00,0.00,0.0,2.596,0.000,0.000,45.048,0.00
1786371842,bench_mixed,0.00,0.00,0.0,2.596,0.000,0.000,45.048,0.00
1786371847,bench_mixed,0.00,0.00,0.0,2.596,0.000,0.000,45.048,0.00
1786371852,bench_mixed,0.00,0.00,0.0,2.596,0.000,0.000,45.048,0.00
1786371857,bench_mixed,0.00,0.00,0.0,2.596,0.000,0.000,45.048,0.00
1786371862,bench_mixed,0.00,0.00,0.0,2.596,0.000,0.000,45.048,0.00
1786371867,bench_mixed,0.00,0.00,0.0,2.596,0.000,0.000,45.048,0.00
1786371872,bench_mixed,0.00,0.00,0.0,2.596,0.000,0.000,45.048,0.00
1786371877,bench_mixed,0.00,0.00,0.0,2.596,0.000,0.000,45.048,0.00
1786371883,bench_mixed,0.00,0.00,0.0,2.596,0.000,0.000,45.048,0.00
1786371888,bench_mixed,0.00,0.00,0.0,2.596,0.000,0.000,45.047,0.00
1786371893,bench_mixed,0.00,0.00,0.0,2.596,0.000,0.000,45.047,0.00
1786371898,bench_mixed,0.00,0.00,0.0,2.596,0.000,0.000,45.047,0.00
1786371903,bench_mixed,0.00,0.00,0.0,2.596,0.000,0.000,45.046,0.00
1786371908,bench_mixed,0.00,0.00,0.0,2.596,0.000,0.000,45.046,0.00
1786371913,bench_mixed,0.00,0.00,0.0,2.596,0.000,0.000,45.046,0.00
1786371918,bench_mixed,0.00,0.00,0.0,2.596,0.000,0.000,45.046,0.00
1786371923,bench_mixed,0.00,0.00,0.0,2.596,0.000,0.000,45.046,0.00
1786371928,bench_mixed,0.00,0.00,0.0,2.596,0.000,0.000,45.046,0.00
1786371933,bench_mixed,0.00,0.00,0.0,2.596,0.000,0.000,45.046,0.00
1786371938,bench_mixed,0.00,0.00,0.0,2.596,0.000,0.000,45.047,0.00
1786371943,bench_mixed,0.00,0.00,0.0,2.596,0.000,0.000,45.047,0.00
1786371948,bench_mixed,0.00,0.00,0.0,2.596,0.000,0.000,45.047,0.00
1786371953,bench_mixed,0.00,0.00,0.0,2.596,0.000,0.000,45.046,0.00
1786371958,bench_mixed,0.00,0.00,0.0,2.596,0.000,0.000,45.046,0.00
1786371963,bench_mixed,0.00,0.00,0.0,2.596,0.000,0.000,45.046,0.00
1786371968,bench_mixed,0.00,0.00,0.0,2.596,0.000,0.000,45.046,0.00
1786371973,bench_mixed,0.00,0.00,0.0,2.596,0.000,0.000,45.047,0.00
1786371978,bench_mixed,0.00,0.00,0.0,2.596,0.000,0.000,45.047,0.00
1786371984,bench_mixed,0.00,0.00,0.0,2.596,0.000,0.000,45.047,0.00
1786371989,bench_mixed,0.00,0.00,0.0,2.596,0.000,0.000,45.047,0.00
1786371994,bench_mixed,0.00,0.00,0.0,2.596,0.000,0.000,45.046,0.00
1786371999,bench_mixed,0.00,0.00,0.0,2.596,0.000,0.000,45.046,0.00
1786372004,bench_mixed,0.00,0.00,0.0,2.596,0.000,0.000,45.047,0.00
1786372009,bench_mixed,0.00,0.00,0.0,2.596,0.000,0.000,45.047,0.00
1786372014,bench_mixed,0.00,0.00,0.0,2.596,0.000,0.000,45.047,0.00
1786372019,bench_mixed,0.00,0.00,0.0,2.596,0.000,0.000,45.047,0.00
1786372024,bench_mixed,0.00,0.00,0.0,2.596,0.000,0.000,45.047,0.00
1786372029,bench_mixed,0.00,0.00,0.0,2.596,0.000,0.000,45.047,0.00
1786372034,bench_mixed,0.00,0.00,0.0,2.596,0.000,0.000,45.047,0.00
1786372039,bench_mixed,0.00,0.00,0.0,2.596,0.000,0.000,45.047,0.00
1786372044,bench_mixed,0.00,0.00,0.0,2.596,0.000,0.000,45.047,0.00
1786372049,bench_mixed,0.00,0.00,0.0,2.596,0.000,0.000,45.047,0.00
1786372054,bench_mixed,0.00,0.00,0.0,2.596,0.000,0.000,45.047,0.00
1786372059,bench_mixed,0.00,0.00,0.0,2.596,0.000,0.000,45.047,0.00
1786372064,bench_mixed,0.00,0.00,0.0,2.596,0.000,0.000,45.047,0.00
1786372069,bench_mixed,0.00,0.00,0.0,2.596,0.000,0.000,45.048,0.00
1786372074,bench_mixed,0.00,0.00,0.0,2.596,0.000,0.000,45.047,0.00
1786372079,bench_mixed,0.00,0.00,0.0,2.596,0.000,0.000,45.047,0.00
1786372085,bench_mixed,0.00,0.00,0.0,2.596,0.000,0.000,45.047,0.00
1786372090,bench_mixed,0.00,0.00,0.0,2.596,0.000,0.000,45.047,0.00
1786372095,bench_mixed,0.00,0.00,0.0,2.596,0.000,0.000,45.047,0.00
1786372100,bench_mixed,0.00,0.00,0.0,2.596,0.000,0.000,45.047,0.00
1786372105,bench_mixed,0.00,0.00,0.0,2.596,0.000,0.000,45.047,0.00
1786372110,bench_mixed,0.00,0.00,0.0,2.596,0.000,0.000,45.047,0.00
1786372115,bench_mixed,0.00,0.00,0.0,2.596,0.000,0.000,45.046,0.00
1786372120,bench_mixed,0.00,0.00,0.0,2.596,0.000,0.000,45.022,0.00
1786372125,bench_mixed,0.00,0.00,0.0,2.596,0.000,0.000,45.008,0.00
1786372130,bench_mixed,0.00,0.00,0.0,2.596,0.000,0.000,45.008,0.00
1786372135,bench_mixed,0.00,0.00,0.0,2.596,0.000,0.000,45.008,0.00
1786372140,bench_mixed,0.00,0.00,0.0,2.596,0.000,0.000,45.008,0.00
1786372145,bench_mixed,0.00,0.00,0.0,2.596,0.000,0.000,45.008,0.00
1786372150,bench_mixed,0.00,0.00,0.0,2.596,0.000,0.000,45.008,0.00
1786372155,bench_mixed,0.00,0.00,0.0,2.596,0.000,0.000,45.008,0.00
1786372160,bench_mixed,0.00,0.00,0.0,2.596,0.000,0.000,45.008,0.00
1786372165,bench_mixed,0.00,0.00,0.0,2.596,0.000,0.000,45.009,0.00
1786372170,bench_mixed,0.00,0.00,0.0,2.596,0.000,0.000,45.009,0.00
1786372175,bench_mixed,0.00,0.00,0.0,2.596,0.000,0.000,45.009,0.00
1786372180,bench_mixed,0.00,0.00,0.0,2.596,0.000,0.000,45.009,0.00
1786372186,bench_mixed,0.00,0.00,0.0,2.596,0.000,0.000,45.008,0.00
1786372191,bench_mixed,0.00,0.00,0.0,2.596,0.000,0.000,45.008,0.00
1786372196,bench_mixed,0.00,0.00,0.0,2.596,0.000,0.000,45.008,0.00
1786372201,bench_mixed,0.00,0.00,0.0,2.596,0.000,0.000,45.008,0.00
1786372206,bench_mixed,0.00,0.00,0.0,2.596,0.000,0.000,45.009,0.00
1786372211,bench_mixed,0.00,0.00,0.0,2.596,0.000,0.000,45.009,0.00
1786372216,bench_mixed,0.00,0.00,0.0,2.596,0.000,0.000,45.009,0.00
1786372221,bench_mixed,0.00,0.00,0.0,2.596,0.000,0.000,45.009,0.00
1786372226,bench_mixed,0.00,0.00,0.0,2.596,0.000,0.000,45.009,0.00
1786372231,bench_mixed,0.00,0.00,0.0,2.596,0.000,0.000,45.009,0.00
1786372236,bench_mixed,0.00,0.00,0.0,2.596,0.000,0.000,45.009,0.00
1786372241,bench_mixed,0.00,0.00,0.0,2.596,0.000,0.000,45.009,0.00
1786372246,bench_mixed,0.00,0.00,0.0,2.596,0.000,0.000,45.009,0.00
1786372251,bench_mixed,0.00,0.00,0.0,2.596,0.000,0.000,45.008,0.00
1786372256,bench_mixed,0.00,0.00,0.0,2.596,0.000,0.000,45.008,0.00
1786372261,bench_mixed,0.00,0.00,0.0,2.596,0.000,0.000,45.008,0.00
1786372266,bench_mixed,0.00,0.00,0.0,2.596,0.000,0.000,45.008,0.00
1786372271,bench_mixed,0.00,0.00,0.0,2.596,0.000,0.000,45.008,0.00
1786372276,bench_mixed,0.00,0.00,0.0,2.596,0.000,0.000,45.008,0.00
1786372281,bench_mixed,0.00,0.00,0.0,2.596,0.000,0.000,45.008,0.00
1786372287,bench_mixed,0.00,0.00,0.0,2.596,0.000,0.000,45.008,0.00
1786372292,bench_mixed,0.00,0.00,0.0,2.596,0.000,0.000,45.008,0.00
1786372297,bench_mixed,0.00,0.00,0.0,2.596,0.000,0.000,45.008,0.00
1786372302,bench_mixed,0.00,0.00,0.0,2.596,0.000,0.000,45.009,0.00
1786372307,bench_mixed,0.00,0.00,0.0,2.596,0.000,0.000,45.009,0.00
1786372312,bench_mixed,0.00,0.00,0.0,2.596,0.000,0.000,45.009,0.00
1786372317,bench_mixed,0.00,0.00,0.0,2.596,0.000,0.000,45.009,0.00
1786372322,bench_mixed,0.00,0.00,0.0,2.596,0.000,0.000,45.009,0.00
1786372327,bench_mixed,0.00,0.00,0.0,2.596,0.000,0.000,45.009,0.00
1786372332,bench_mixed,0.00,0.00,0.0,2.596,0.000,0.000,45.009,0.00
1786372337,bench_mixed,0.00,0.00,0.0,2.596,0.000,0.000,45.009,0.00
1786372342,bench_mixed,0.00,0.00,0.0,2.596,0.000,0.000,45.009,0.00
1786372347,bench_mixed,0.00,0.00,0.0,2.596,0.000,0.000,45.009,0.00
1786372352,bench_mixed,0.00,0.00,0.0,2.596,0.000,0.000,45.009,0.00
1786372357,bench_mixed,0.00,0.00,0.0,2.596,0.000,0.000,45.009,0.00
1786372362,bench_mixed,0.00,0.00,0.0,2.596,0.000,0.000,45.009,0.00
1786372367,bench_mixed,0.00,0.00,0.0,2.596,0.000,0.000,45.009,0.00
1786372372,bench_mixed,0.00,0.00,0.0,2.596,0.000,0.000,45.009,0.00
1786372377,bench_mixed,0.00,0.00,0.0,2.596,0.000,0.000,45.009,0.00
1786372382,bench_mixed,0.00,0.00,0.0,2.596,0.000,0.000,45.009,0.00
1786372388,bench_mixed,0.00,0.00,0.0,2.596,0.000,0.000,45.009,0.00
1786372393,bench_mixed,0.00,0.00,0.0,2.596,0.000,0.000,45.009,0.00
1786372398,bench_mixed,0.00,0.00,0.0,2.596,0.000,0.000,45.009,0.00
1786372403,bench_mixed,0.00,0.00,0.0,2.596,0.000,0.000,45.009,0.00
1786372408,bench_mixed,0.00,0.00,0.0,2.596,0.000,0.000,45.009,0.00
1786372413,bench_mixed,0.00,0.00,0.0,2.596,0.000,0.000,45.009,0.00
1786372418,bench_mixed,0.00,0.00,0.0,2.596,0.000,0.000,45.009,0.00
1786372423,bench_mixed,0.00,0.00,0.0,2.596,0.000,0.000,45.009,0.00
1786372428,bench_mixed,0.00,0.00,0.0,2.596,0.000,0.000,45.009,0.00
1786372433,bench_mixed,0.00,0.00,0.0,2.596,0.000,0.000,45.009,0.00
1786372438,bench_mixed,0.00,0.00,0.0,2.596,0.000,0.000,45.009,0.00
1786372443,bench_mixed,0.00,0.00,0.0,2.596,0.000,0.000,45.009,0.00
1786372448,bench_mixed,0.00,0.00,0.0,2.596,0.000,0.000,45.009,0.00
1786372453,bench_mixed,0.00,0.00,0.0,2.596,0.000,0.000,45.009,0.00
1786372458,bench_mixed,0.00,0.00,0.0,2.596,0.000,0.000,45.009,0.00
1786372463,bench_mixed,0.00,0.00,0.0,2.596,0.000,0.000,45.009,0.00
1786372468,bench_mixed,0.00,0.00,0.0,2.596,0.000,0.000,45.009,0.00
1786372473,bench_mixed,0.00,0.00,0.0,2.596,0.000,0.000,45.009,0.00
1786372478,bench_mixed,0.00,0.00,0.0,2.596,0.000,0.000,45.009,0.00
1786372483,bench_mixed,0.00,0.00,0.0,2.596,0.000,0.000,45.009,0.00
1786372489,bench_mixed,0.00,0.00,0.0,2.596,0.000,0.000,45.009,0.00
1786372494,bench_mixed,0.00,0.00,0.0,2.596,0.000,0.000,45.009,0.00
1786372499,bench_mixed,0.00,0.00,0.0,2.596,0.000,0.000,45.009,0.00
1786372504,bench_mixed,0.00,0.00,0.0,2.596,0.000,0.000,45.009,0.00
1786372509,bench_mixed,0.00,0.00,0.0,2.596,0.000,0.000,45.009,0.00
1786372514,bench_mixed,0.00,0.00,0.0,2.596,0.000,0.000,45.009,0.00
1786372519,bench_mixed,0.00,0.00,0.0,2.596,0.000,0.000,45.009,0.00
1786372524,bench_mixed,0.00,0.00,0.0,2.596,0.000,0.000,45.009,0.00
1786372529,bench_mixed,0.00,0.00,0.0,2.596,0.000,0.000,45.009,0.00
1786372534,bench_mixed,0.00,0.00,0.0,2.596,0.000,0.000,45.009,0.00
1786372539,bench_mixed,0.00,0.00,0.0,2.596,0.000,0.000,45.009,0.00
1786372544,bench_mixed,0.00,0.00,0.0,2.596,0.000,0.000,45.009,0.00
1786372549,bench_mixed,0.00,0.00,0.0,2.596,0.000,0.000,45.009,0.00
1786372554,bench_mixed,0.00,0.00,0.0,2.596,0.000,0.000,45.009,0.00
1786372559,bench_mixed,0.00,0.00,0.0,2.596,0.000,0.000,45.009,0.00
1786372564,bench_mixed,0.00,0.00,0.0,2.596,0.000,0.000,45.009,0.00
1786372569,bench_mixed,0.00,0.00,0.0,2.596,0.000,0.000,45.009,0.00
1786372574,bench_mixed,0.00,0.00,0.0,2.596,0.000,0.000,45.009,0.00
1786372579,bench_mixed,0.00,0.00,0.0,2.596,0.000,0.000,45.009,0.00
1786372584,bench_mixed,0.00,0.00,0.0,2.596,0.000,0.000,45.009,0.00
1786372590,bench_mixed,0.00,0.00,0.0,2.596,0.000,0.000,45.009,0.00
1786372595,bench_mixed,0.00,0.00,0.0,2.596,0.000,0.000,45.009,0.00
1786372600,bench_mixed,0.00,0.00,0.0,2.596,0.000,0.000,45.009,0.00
1786372605,bench_mixed,0.00,0.00,0.0,2.596,0.000,0.000,45.009,0.00
1786372610,bench_mixed,0.00,0.00,0.0,2.596,0.000,0.000,45.009,0.00
1786372615,bench_mixed,0.00,0.00,0.0,2.596,0.000,0.000,45.009,0.00
1786372620,bench_mixed,0.00,0.00,0.0,2.596,0.000,0.000,45.009,0.00
1786372625,bench_mixed,0.00,0.00,0.0,2.596,0.000,0.000,45.009,0.00
1786372630,bench_mixed,0.00,0.00,0.0,2.596,0.000,0.000,45.009,0.00
1786372635,bench_mixed,0.00,0.00,0.0,2.596,0.000,0.000,45.009,0.00
1786372640,bench_mixed,0.00,0.00,0.0,2.596,0.000,0.000,45.009,0.00
1786372645,bench_mixed,0.00,0.00,0.0,2.596,0.000,0.000,45.009,0.00
1786372650,bench_mixed,0.00,0.00,0.0,2.596,0.000,0.000,45.009,0.00
1786372655,bench_mixed,0.00,0.00,0.0,2.596,0.000,0.000,45.009,0.00
1786372660,bench_mixed,0.00,0.00,0.0,2.596,0.000,0.000,45.009,0.00
1786372665,bench_mixed,0.00,0.00,0.0,2.596,0.000,0.000,45.009,0.00
1786372670,bench_mixed,0.00,0.00,0.0,2.596,0.000,0.000,45.009,0.00
1786372675,bench_mixed,0.00,0.00,0.0,2.596,0.000,0.000,45.009,0.00
1786372680,bench_mixed,0.00,0.00,0.0,2.596,0.000,0.000,45.009,0.00
1786372685,bench_mixed,0.00,0.00,0.0,2.596,0.000,0.000,45.009,0.00
1786372691,bench_mixed,0.00,0.00,0.0,2.596,0.000,0.000,45.009,0.00
1786372696,bench_mixed,0.00,0.00,0.0,2.596,0.000,0.000,45.009,0.00
1786372701,bench_mixed,0.00,0.00,0.0,2.596,0.000,0.000,45.009,0.00
1786372706,bench_mixed,0.00,0.00,0.0,2.596,0.000,0.000,45.009,0.00
1786372711,bench_mixed,0.00,0.00,0.0,2.596,0.000,0.000,45.009,0.00
1786372716,bench_mixed,0.00,0.00,0.0,2.596,0.000,0.000,45.009,0.00
1786372721,bench_mixed,0.00,0.00,0.0,2.596,0.000,0.000,45.009,0.00
1786372726,bench_mixed,0.00,0.00,0.0,2.596,0.000,0.000,45.009,0.00
1786372731,bench_mixed,0.00,0.00,0.0,2.596,0.000,0.000,45.009,0.00
1786372736,bench_mixed,0.00,0.00,0.0,2.596,0.000,0.000,45.009,0.00
1786372741,bench_mixed,0.00,0.00,0.0,2.596,0.000,0.000,45.009,0.00
1786372746,bench_mixed,0.00,0.00,0.0,2.596,0.000,0.000,45.009,0.00
1786372751,bench_mixed,0.00,0.00,0.0,2.596,0.000,0.000,45.009,0.00
1786372756,bench_mixed,0.00,0.00,0.0,2.596,0.000,0.000,45.009,0.00
1786372761,bench_mixed,0.00,0.00,0.0,2.596,0.000,0.000,45.009,0.00
1786372766,bench_mixed,0.00,0.00,0.0,2.596,0.000,0.000,45.009,0.00
1786372771,bench_mixed,0.00,0.00,0.0,2.596,0.000,0.000,45.009,0.00
1786372776,bench_mixed,0.00,0.00,0.0,2.596,0.000,0.000,45.009,0.00
1786372781,bench_mixed,0.00,0.00,0.0,2.596,0.000,0.000,45.009,0.00
1786372786,bench_mixed,0.00,0.00,0.0,2.596,0.000,0.000,45.009,0.00
1786372792,bench_mixed,0.00,0.00,0.0,2.596,0.000,0.000,45.009,0.00
1786372797,bench_mixed,0.00,0.00,0.0,2.596,0.000,0.000,45.009,0.00
1786372802,bench_mixed,0.00,0.00,0.0,2.596,0.000,0.000,45.009,0.00
1786372807,bench_mixed,0.00,0.00,0.0,2.596,0.000,0.000,45.009,0.00
1786372812,bench_mixed,0.00,0.00,0.0,2.596,0.000,0.000,45.009,0.00
1786372817,bench_mixed,0.00,0.00,0.0,2.596,0.000,0.000,45.009,0.00
1786372822,bench_mixed,0.00,0.00,0.0,2.596,0.000,0.000,45.009,0.00
1786372827,bench_mixed,0.00,0.00,0.0,2.596,0.000,0.000,45.009,0.00
1786372832,bench_mixed,0.00,0.00,0.0,2.596,0.000,0.000,45.008,0.00
1786372837,bench_mixed,0.00,0.00,0.0,2.596,0.000,0.000,45.008,0.00
1786372842,bench_mixed,0.00,0.00,0.0,2.596,0.000,0.000,45.008,0.00
1786372847,bench_mixed,0.00,0.00,0.0,2.596,0.000,0.000,45.008,0.00
1786372852,bench_mixed,0.00,0.00,0.0,2.596,0.000,0.000,45.008,0.00
1786372857,bench_mixed,0.00,0.00,0.0,2.596,0.000,0.000,45.008,0.00
1786372862,bench_mixed,0.00,0.00,0.0,2.596,0.000,0.000,45.008,0.00
1786372867,bench_mixed,0.00,0.00,0.0,2.596,0.000,0.000,45.008,0.00
1786372872,bench_mixed,0.00,0.00,0.0,2.596,0.000,0.000,45.008,0.00
1786372877,bench_mixed,0.00,0.00,0.0,2.596,0.000,0.000,45.008,0.00
1786372882,bench_mixed,0.00,0.00,0.0,2.596,0.000,0.000,45.008,0.00
1786372887,bench_mixed,0.00,0.00,0.0,2.596,0.000,0.000,45.008,0.00
1786372892,bench_mixed,0.00,0.00,0.0,2.596,0.000,0.000,45.008,0.00
1786372898,bench_mixed,0.00,0.00,0.0,2.596,0.000,0.000,45.008,0.00
1786372903,bench_mixed,0.00,0.00,0.0,2.596,0.000,0.000,45.008,0.00
1786372908,bench_mixed,0.00,0.00,0.0,2.596,0.000,0.000,45.008,0.00
1786372913,bench_mixed,0.00,0.00,0.0,2.596,0.000,0.000,45.008,0.00
1786372918,bench_mixed,0.00,0.00,0.0,2.596,0.000,0.000,45.008,0.00
1786372923,bench_mixed,0.00,0.00,0.0,2.596,0.000,0.000,45.008,0.00
1786372928,bench_mixed,0.00,0.00,0.0,2.596,0.000,0.000,45.008,0.00
1786372933,bench_mixed,0.00,0.00,0.0,2.596,0.000,0.000,45.008,0.00
1786372938,bench_mixed,0.00,0.00,0.0,2.596,0.000,0.000,45.008,0.00
1786372943,bench_mixed,0.00,0.00,0.0,2.596,0.000,0.000,45.008,0.00
1786372948,bench_mixed,0.00,0.00,0.0,2.596,0.000,0.000,45.008,0.00
1786372953,bench_mixed,0.00,0.00,0.0,2.596,0.000,0.000,45.008,0.00
1786372958,bench_mixed,0.00,0.00,0.0,2.596,0.000,0.000,45.008,0.00
1786372963,bench_mixed,0.00,0.00,0.0,2.596,0.000,0.000,45.008,0.00
1786372968,bench_mixed,0.00,0.00,0.0,2.596,0.000,0.000,45.008,0.00
1786372973,bench_mixed,0.00,0.00,0.0,2.596,0.000,0.000,45.008,0.00
1786372978,bench_mixed,0.00,0.00,0.0,2.596,0.000,0.000,45.008,0.00
1786372983,bench_mixed,0.00,0.00,0.0,2.596,0.000,0.000,45.008,0.00
1786372988,bench_mixed,0.00,0.00,0.0,2.596,0.000,0.000,45.008,0.00
1786372993,bench_mixed,0.00,0.00,0.0,2.596,0.000,0.000,45.008,0.00
1786372999,bench_mixed,0.00,0.00,0.0,2.596,0.000,0.000,45.008,0.00
1786373004,bench_mixed,0.00,0.00,0.0,2.596,0.000,0.000,45.008,0.00
1786373009,bench_mixed,0.00,0.00,0.0,2.596,0.000,0.000,45.008,0.00
1786373014,bench_mixed,0.00,0.00,0.0,2.596,0.000,0.000,45.009,0.00
1786373019,bench_mixed,0.00,0.00,0.0,2.596,0.000,0.000,45.009,0.00
1786373024,bench_mixed,0.00,0.00,0.0,2.596,0.000,0.000,45.009,0.00
1786373029,bench_mixed,0.00,0.00,0.0,2.596,0.000,0.000,45.009,0.00
1786373034,bench_mixed,0.00,0.00,0.0,2.596,0.000,0.000,45.008,0.00
1786373039,bench_mixed,0.00,0.00,0.0,2.596,0.000,0.000,45.008,0.00
1786373044,bench_mixed,0.00,0.00,0.0,2.596,0.000,0.000,45.008,0.00
1786373049,bench_mixed,0.00,0.00,0.0,2.596,0.000,0.000,45.008,0.00
1786373054,bench_mixed,0.00,0.00,0.0,2.596,0.000,0.000,45.008,0.00
1786373059,bench_mixed,0.00,0.00,0.0,2.596,0.000,0.000,45.008,0.00
1786373064,bench_mixed,0.00,0.00,0.0,2.596,0.000,0.000,45.008,0.00
1786373069,bench_mixed,0.00,0.00,0.0,2.596,0.000,0.000,45.008,0.00
1786373074,bench_mixed,0.00,0.00,0.0,2.596,0.000,0.000,45.008,0.00
1786373079,bench_mixed,0.00,0.00,0.0,2.596,0.000,0.000,45.008,0.00
1786373084,bench_mixed,0.00,0.00,0.0,2.596,0.000,0.000,45.008,0.00
1786373089,bench_mixed,0.00,0.00,0.0,2.596,0.000,0.000,45.008,0.00
1786373094,bench_mixed,0.00,0.00,0.0,2.596,0.000,0.000,45.008,0.00
1786373100,bench_mixed,0.00,0.00,0.0,2.596,0.000,0.000,45.008,0.00
1786373105,bench_mixed,0.00,0.00,0.0,2.596,0.000,0.000,45.007,0.00
1786373110,bench_mixed,0.00,0.00,0.0,2.596,0.000,0.000,45.008,0.00
1786373115,bench_mixed,0.00,0.00,0.0,2.596,0.000,0.000,45.008,0.00
1786373120,bench_mixed,0.00,0.00,0.0,2.596,0.000,0.000,45.008,0.00
1786373125,bench_mixed,0.00,0.00,0.0,2.596,0.000,0.000,45.008,0.00
1786373130,bench_mixed,0.00,0.00,0.0,2.596,0.000,0.000,45.008,0.00
1786373135,bench_mixed,0.00,0.00,0.0,2.596,0.000,0.000,45.008,0.00
1786373140,bench_mixed,0.00,0.00,0.0,2.596,0.000,0.000,45.008,0.00
1786373145,bench_mixed,0.00,0.00,0.0,2.596,0.000,0.000,45.008,0.00
1786373150,bench_mixed,0.00,0.00,0.0,2.596,0.000,0.000,45.008,0.00
1786373155,bench_mixed,0.00,0.00,0.0,2.596,0.000,0.000,45.008,0.00
1786373160,bench_mixed,0.00,0.00,0.0,2.596,0.000,0.000,45.008,0.00
1786373165,bench_mixed,0.00,0.00,0.0,2.596,0.000,0.000,45.008,0.00
1786373170,bench_mixed,0.00,0.00,0.0,2.596,0.000,0.000,45.008,0.00
1786373175,bench_mixed,0.00,0.00,0.0,2.596,0.000,0.000,45.008,0.00
1786373180,bench_mixed,0.00,0.00,0.0,2.596,0.000,0.000,45.008,0.00
1786373185,bench_mixed,0.00,0.00,0.0,2.596,0.000,0.000,45.008,0.00
1786373190,bench_mixed,0.00,0.00,0.0,2.596,0.000,0.000,45.008,0.00
1786373195,bench_mixed,0.00,0.00,0.0,2.596,0.000,0.000,45.008,0.00
1786373201,bench_mixed,0.00,0.00,0.0,2.596,0.000,0.000,45.008,0.00
1786373206,bench_mixed,0.00,0.00,0.0,2.596,0.000,0.000,45.008,0.00
1786373211,bench_mixed,0.00,0.00,0.0,2.596,0.000,0.000,45.008,0.00
1786373216,bench_mixed,0.00,0.00,0.0,2.596,0.000,0.000,45.008,0.00
1786373221,bench_mixed,0.00,0.00,0.0,2.596,0.000,0.000,45.008,0.00
1786373226,bench_mixed,0.00,0.00,0.0,2.596,0.000,0.000,45.008,0.00
1786373231,bench_mixed,0.00,0.00,0.0,2.596,0.000,0.000,45.008,0.00
1786373236,bench_mixed,0.00,0.00,0.0,2.596,0.000,0.000,45.008,0.00
1786373241,bench_mixed,0.00,0.00,0.0,2.596,0.000,0.000,45.007,0.00
1786373246,bench_mixed,0.00,0.00,0.0,2.596,0.000,0.000,45.007,0.00
1786373251,bench_mixed,0.00,0.00,0.0,2.596,0.000,0.000,45.007,0.00
1786373256,bench_mixed,0.00,0.00,0.0,2.596,0.000,0.000,45.007,0.00
1786373261,bench_mixed,0.00,0.00,0.0,2.596,0.000,0.000,45.007,0.00
1786373266,bench_mixed,0.00,0.00,0.0,2.596,0.000,0.000,45.007,0.00
1786373271,bench_mixed,0.00,0.00,0.0,2.596,0.000,0.000,45.007,0.00
1786373276,bench_mixed,0.00,0.00,0.0,2.596,0.000,0.000,45.007,0.00
1786373281,bench_mixed,0.00,0.00,0.0,2.596,0.000,0.000,45.007,0.00
1786373286,bench_mixed,0.00,0.00,0.0,2.596,0.000,0.000,45.007,0.00
1786373291,bench_mixed,0.00,0.00,0.0,2.596,0.000,0.000,45.007,0.00
1786373296,bench_mixed,0.00,0.00,0.0,2.596,0.000,0.000,45.007,0.00
1786373302,bench_mixed,0.00,0.00,0.0,2.596,0.000,0.000,45.007,0.00
1786373307,bench_mixed,0.00,0.00,0.0,2.596,0.000,0.000,45.007,0.00
1786373312,bench_mixed,0.00,0.00,0.0,2.596,0.000,0.000,45.007,0.00
1786373317,bench_mixed,0.00,0.00,0.0,2.596,0.000,0.000,45.007,0.00
1786373322,bench_mixed,0.00,0.00,0.0,2.596,0.000,0.000,45.007,0.00
1786373327,bench_mixed,0.00,0.00,0.0,2.596,0.000,0.000,45.007,0.00
1786373332,bench_mixed,0.00,0.00,0.0,2.596,0.000,0.000,45.007,0.00
1786373337,bench_mixed,0.00,0.00,0.0,2.596,0.000,0.000,45.007,0.00
1786373342,bench_mixed,0.00,0.00,0.0,2.596,0.000,0.000,45.007,0.00
1786373347,bench_mixed,0.00,0.00,0.0,2.596,0.000,0.000,45.007,0.00
1786373352,bench_mixed,0.00,0.00,0.0,2.596,0.000,0.000,45.007,0.00
1786373357,bench_mixed,0.00,0.00,0.0,2.596,0.000,0.000,45.007,0.00
1786373362,bench_mixed,0.00,0.00,0.0,2.596,0.000,0.000,45.007,0.00
1786373367,bench_mixed,0.00,0.00,0.0,2.596,0.000,0.000,45.007,0.00
1786373372,bench_mixed,0.00,0.00,0.0,2.596,0.000,0.000,45.007,0.00
1786373377,bench_mixed,0.00,0.00,0.0,2.596,0.000,0.000,45.007,0.00
1786373382,bench_mixed,0.00,0.00,0.0,2.596,0.000,0.000,45.007,0.00
1786373387,bench_mixed,0.00,0.00,0.0,2.596,0.000,0.000,45.007,0.00
1786373392,bench_mixed,0.00,0.00,0.0,2.596,0.000,0.000,45.007,0.00
1786373397,bench_mixed,0.00,0.00,0.0,2.596,0.000,0.000,45.007,0.00
1786373403,bench_mixed,0.00,0.00,0.0,2.596,0.000,0.000,45.007,0.00
1786373408,bench_mixed,0.00,0.00,0.0,2.596,0.000,0.000,45.007,0.00
1786373413,bench_mixed,0.00,0.00,0.0,2.596,0.000,0.000,45.007,0.00
1786373418,bench_mixed,0.00,0.00,0.0,2.596,0.000,0.000,45.008,0.00
1786373423,bench_mixed,0.00,0.00,0.0,2.596,0.000,0.000,45.008,0.00
1786373428,bench_mixed,0.00,0.00,0.0,2.596,0.000,0.000,45.008,0.00
1786373433,bench_mixed,0.00,0.00,0.0,2.596,0.000,0.000,45.008,0.00
1786373438,bench_mixed,0.00,0.00,0.0,2.596,0.000,0.000,45.008,0.00
1786373443,bench_mixed,0.00,0.00,0.0,2.596,0.000,0.000,45.008,0.00
1786373448,bench_mixed,0.00,0.00,0.0,2.596,0.000,0.000,45.008,0.00
1786373453,bench_mixed,0.00,0.00,0.0,2.596,0.000,0.000,45.008,0.00
1786373458,bench_mixed,0.00,0.00,0.0,2.596,0.000,0.000,45.008,0.00
1786373463,bench_mixed,0.00,0.00,0.0,2.596,0.000,0.000,45.008,0.00
1786373468,bench_mixed,0.00,0.00,0.0,2.596,0.000,0.000,45.008,0.00
1786373473,bench_mixed,0.00,0.00,0.0,2.596,0.000,0.000,45.008,0.00
1786373478,bench_mixed,0.00,0.00,0.0,2.596,0.000,0.000,45.008,0.00
1786373483,bench_mixed,0.00,0.00,0.0,2.596,0.000,0.000,45.008,0.00
1786373488,bench_mixed,0.00,0.00,0.0,2.596,0.000,0.000,45.008,0.00
1786373493,bench_mixed,0.00,0.00,0.0,2.596,0.000,0.000,45.008,0.00
1786373498,bench_mixed,0.00,0.00,0.0,2.596,0.000,0.000,45.008,0.00
1786373504,bench_mixed,0.00,0.00,0.0,2.596,0.000,0.000,45.008,0.00
1786373509,bench_mixed,0.00,0.00,0.0,2.596,0.000,0.000,45.008,0.00
1786373514,bench_mixed,0.00,0.00,0.0,2.596,0.000,0.000,45.007,0.00
1786373519,bench_mixed,0.00,0.00,0.0,2.596,0.000,0.000,45.007,0.00
1786373524,bench_mixed,0.00,0.00,0.0,2.596,0.000,0.000,45.007,0.00
1786373529,bench_mixed,0.00,0.00,0.0,2.596,0.000,0.000,45.007,0.00
1786373534,bench_mixed,0.00,0.00,0.0,2.596,0.000,0.000,45.007,0.00
1786373539,bench_mixed,0.00,0.00,0.0,2.596,0.000,0.000,45.007,0.00
1786373544,bench_mixed,0.00,0.00,0.0,2.596,0.000,0.000,45.007,0.00
1786373549,bench_mixed,0.00,0.00,0.0,2.596,0.000,0.000,45.007,0.00
1786373554,bench_mixed,0.00,0.00,0.0,2.596,0.000,0.000,45.007,0.00
1786373559,bench_mixed,0.00,0.00,0.0,2.596,0.000,0.000,45.007,0.00
1786373564,bench_mixed,0.00,0.00,0.0,2.596,0.000,0.000,45.007,0.00
1786373569,bench_mixed,0.00,0.00,0.0,2.596,0.000,0.000,45.007,0.00
1786373574,bench_mixed,0.00,0.00,0.0,2.596,0.000,0.000,45.007,0.00
1786373579,bench_mixed,0.00,0.00,0.0,2.596,0.000,0.000,45.007,0.00
1786373584,bench_mixed,0.00,0.00,0.0,2.596,0.000,0.000,45.007,0.00
1786373589,bench_mixed,0.00,0.00,0.0,2.596,0.000,0.000,45.007,0.00
1786373594,bench_mixed,0.00,0.00,0.0,2.596,0.000,0.000,45.007,0.00
1786373599,bench_mixed,0.00,0.00,0.0,2.596,0.000,0.000,45.007,0.00
1786373605,bench_mixed,0.00,0.00,0.0,2.596,0.000,0.000,45.007,0.00
1786373610,bench_mixed,0.00,0.00,0.0,2.596,0.000,0.000,45.007,0.00
1786373615,bench_mixed,0.00,0.00,0.0,2.596,0.000,0.000,45.007,0.00
1786373620,bench_mixed,0.00,0.00,0.0,2.596,0.000,0.000,45.007,0.00
1786373625,bench_mixed,0.00,0.00,0.0,2.596,0.000,0.000,45.007,0.00
1786373630,bench_mixed,0.00,0.00,0.0,2.596,0.000,0.000,45.007,0.00
1786373635,bench_mixed,0.00,0.00,0.0,2.596,0.000,0.000,45.007,0.00
1786373640,bench_mixed,0.00,0.00,0.0,2.596,0.000,0.000,45.007,0.00
1786373645,bench_mixed,0.00,0.00,0.0,2.596,0.000,0.000,45.007,0.00
1786373650,bench_mixed,0.00,0.00,0.0,2.596,0.000,0.000,45.007,0.00
1786373655,bench_mixed,0.00,0.00,0.0,2.596,0.000,0.000,45.007,0.00
1786373660,bench_mixed,0.00,0.00,0.0,2.596,0.000,0.000,45.007,0.00
1786373665,bench_mixed,0.00,0.00,0.0,2.596,0.000,0.000,45.007,0.00
1786373670,bench_mixed,0.00,0.00,0.0,2.596,0.000,0.000,45.007,0.00
1786373675,bench_mixed,0.00,0.00,0.0,2.596,0.000,0.000,45.007,0.00
1786373680,bench_mixed,0.00,0.00,0.0,2.596,0.000,0.000,45.007,0.00
1786373685,bench_mixed,0.00,0.00,0.0,2.596,0.000,0.000,45.007,0.00
1786373690,bench_mixed,0.00,0.00,0.0,2.596,0.000,0.000,45.007,0.00
1786373695,bench_mixed,0.00,0.00,0.0,2.596,0.000,0.000,45.007,0.00
1786373700,bench_mixed,0.00,0.00,0.0,2.596,0.000,0.000,45.007,0.00
1786373706,bench_mixed,0.00,0.00,0.0,2.596,0.000,0.000,45.007,0.00
1786373711,bench_mixed,0.00,0.00,0.0,2.596,0.000,0.000,45.007,0.00
1786373716,bench_mixed,0.00,0.00,0.0,2.596,0.000,0.000,45.007,0.00
1786373721,bench_mixed,0.00,0.00,0.0,2.596,0.000,0.000,45.007,0.00
1786373726,bench_mixed,0.00,0.00,0.0,2.596,0.000,0.000,45.007,0.00
1786373731,bench_mixed,0.00,0.00,0.0,2.596,0.000,0.000,45.007,0.00
1786373736,bench_mixed,0.00,0.00,0.0,2.596,0.000,0.000,45.007,0.00
1786373741,bench_mixed,0.00,0.00,0.0,2.596,0.000,0.000,45.007,0.00
1786373746,bench_mixed,0.00,0.00,0.0,2.596,0.000,0.000,45.007,0.00
1786373751,bench_mixed,0.00,0.00,0.0,2.596,0.000,0.000,45.007,0.00
1786373756,bench_mixed,0.00,0.00,0.0,2.596,0.000,0.000,45.008,0.00
1786373761,bench_mixed,0.00,0.00,0.0,2.596,0.000,0.000,45.007,0.00
1786373766,bench_mixed,0.00,0.00,0.0,2.596,0.000,0.000,45.007,0.00
1786373771,bench_mixed,0.00,0.00,0.0,2.596,0.000,0.000,45.007,0.00
1786373776,bench_mixed,0.00,0.00,0.0,2.596,0.000,0.000,45.007,0.00
1786373781,bench_mixed,0.00,0.00,0.0,2.596,0.000,0.000,45.008,0.00
1786373786,bench_mixed,0.00,0.00,0.0,2.596,0.000,0.000,45.008,0.00
1786373791,bench_mixed,0.00,0.00,0.0,2.596,0.000,0.000,45.008,0.00
1786373796,bench_mixed,0.00,0.00,0.0,2.596,0.000,0.000,45.008,0.00
1786373801,bench_mixed,0.00,0.00,0.0,2.596,0.000,0.000,45.008,0.00
1786373807,bench_mixed,0.00,0.00,0.0,2.596,0.000,0.000,45.008,0.00
1786373812,bench_mixed,0.00,0.00,0.0,2.596,0.000,0.000,45.008,0.00
1786373817,bench_mixed,0.00,0.00,0.0,2.596,0.000,0.000,45.008,0.00
1786373822,bench_mixed,0.00,0.00,0.0,2.596,0.000,0.000,45.008,0.00
1786373827,bench_mixed,0.00,0.00,0.0,2.596,0.000,0.000,45.007,0.00
1786373832,bench_mixed,0.00,0.00,0.0,2.596,0.000,0.000,45.008,0.00
1786373837,bench_mixed,0.00,0.00,0.0,2.596,0.000,0.000,45.008,0.00
1786373842,bench_mixed,0.00,0.00,0.0,2.596,0.000,0.000,45.008,0.00
1786373847,bench_mixed,0.00,0.00,0.0,2.596,0.000,0.000,45.008,0.00
1786373852,bench_mixed,0.00,0.00,0.0,2.596,0.000,0.000,45.008,0.00
1786373857,bench_mixed,0.00,0.00,0.0,2.596,0.000,0.000,45.008,0.00
1786373862,bench_mixed,0.00,0.00,0.0,2.596,0.000,0.000,45.008,0.00
1786373867,bench_mixed,0.00,0.00,0.0,2.596,0.000,0.000,45.008,0.00
1786373872,bench_mixed,0.00,0.00,0.0,2.596,0.000,0.000,45.008,0.00
1786373877,bench_mixed,0.00,0.00,0.0,2.596,0.000,0.000,45.008,0.00
1786373882,bench_mixed,0.00,0.00,0.0,2.596,0.000,0.000,45.008,0.00
1786373887,bench_mixed,0.00,0.00,0.0,2.596,0.000,0.000,45.008,0.00
1786373892,bench_mixed,0.00,0.00,0.0,2.596,0.000,0.000,45.008,0.00
1786373897,bench_mixed,0.00,0.00,0.0,2.596,0.000,0.000,45.008,0.00
1786373902,bench_mixed,0.00,0.00,0.0,2.596,0.000,0.000,45.008,0.00
1786373907,bench_mixed,0.00,0.00,0.0,2.596,0.000,0.000,45.008,0.00
1786373913,bench_mixed,0.00,0.00,0.0,2.596,0.000,0.000,45.008,0.00
1786373918,bench_mixed,0.00,0.00,0.0,2.596,0.000,0.000,45.007,0.00
1786373923,bench_mixed,0.00,0.00,0.0,2.596,0.000,0.000,45.007,0.00
1786373928,bench_mixed,0.00,0.00,0.0,2.596,0.000,0.000,45.007,0.00
1786373933,bench_mixed,0.00,0.00,0.0,2.596,0.000,0.000,45.007,0.00
1786373938,bench_mixed,0.00,0.00,0.0,2.596,0.000,0.000,45.007,0.00
1786373943,bench_mixed,0.00,0.00,0.0,2.596,0.000,0.000,45.007,0.00
1786373948,bench_mixed,0.00,0.00,0.0,2.596,0.000,0.000,45.007,0.00
1786373953,bench_mixed,0.00,0.00,0.0,2.596,0.000,0.000,45.007,0.00
1786373958,bench_mixed,0.00,0.00,0.0,2.596,0.000,0.000,45.007,0.00
1786373963,bench_mixed,0.00,0.00,0.0,2.596,0.000,0.000,45.007,0.00
1786373968,bench_mixed,0.00,0.00,0.0,2.596,0.000,0.000,45.007,0.00
1786373973,bench_mixed,0.00,0.00,0.0,2.596,0.000,0.000,45.007,0.00
1786373978,bench_mixed,0.00,0.00,0.0,2.596,0.000,0.000,45.007,0.00
1786373983,bench_mixed,0.00,0.00,0.0,2.596,0.000,0.000,45.007,0.00
1786373988,bench_mixed,0.00,0.00,0.0,2.596,0.000,0.000,45.007,0.00
1786373993,bench_mixed,0.00,0.00,0.0,2.596,0.000,0.000,45.007,0.00
1786373998,bench_mixed,0.00,0.00,0.0,2.596,0.000,0.000,45.007,0.00
1786374003,bench_mixed,0.00,0.00,0.0,2.596,0.000,0.000,45.007,0.00
1786374008,bench_mixed,0.00,0.00,0.0,2.596,0.000,0.000,45.007,0.00
1786374014,bench_mixed,0.00,0.00,0.0,2.596,0.000,0.000,45.007,0.00
1786374019,bench_mixed,0.00,0.00,0.0,2.596,0.000,0.000,45.007,0.00
1786374024,bench_mixed,0.00,0.00,0.0,2.596,0.000,0.000,45.007,0.00
1786374029,bench_mixed,0.00,0.00,0.0,2.596,0.000,0.000,45.007,0.00
1786374034,bench_mixed,0.00,0.00,0.0,2.596,0.000,0.000,45.007,0.00
1786374039,bench_mixed,0.00,0.00,0.0,2.596,0.000,0.000,45.007,0.00
1786374044,bench_mixed,0.00,0.00,0.0,2.596,0.000,0.000,45.007,0.00
1786374049,bench_mixed,0.00,0.00,0.0,2.596,0.000,0.000,45.007,0.00
1786374054,bench_mixed,0.00,0.00,0.0,2.596,0.000,0.000,45.007,0.00
1786374059,bench_mixed,0.00,0.00,0.0,2.596,0.000,0.000,45.007,0.00
1786374064,bench_mixed,0.00,0.00,0.0,2.596,0.000,0.000,45.007,0.00
1786374069,bench_mixed,0.00,0.00,0.0,2.596,0.000,0.000,45.007,0.00
1786374074,bench_mixed,0.00,0.00,0.0,2.596,0.000,0.000,45.007,0.00
1786374079,bench_mixed,0.00,0.00,0.0,2.596,0.000,0.000,45.007,0.00
1786374084,bench_mixed,0.00,0.00,0.0,2.596,0.000,0.000,45.007,0.00
1786374089,bench_mixed,0.00,0.00,0.0,2.596,0.000,0.000,45.007,0.00
1786374094,bench_mixed,0.00,0.00,0.0,2.596,0.000,0.000,45.007,0.00
1786374099,bench_mixed,0.00,0.00,0.0,2.596,0.000,0.000,45.007,0.00
1786374104,bench_mixed,0.00,0.00,0.0,2.596,0.000,0.000,45.007,0.00
1786374109,bench_mixed,0.00,0.00,0.0,2.596,0.000,0.000,45.007,0.00
1786374115,bench_mixed,0.00,0.00,0.0,2.596,0.000,0.000,45.007,0.00
1786374120,bench_mixed,0.00,0.00,0.0,2.596,0.000,0.000,45.007,0.00
1786374125,bench_mixed,0.00,0.00,0.0,2.596,0.000,0.000,45.007,0.00
1786374130,bench_mixed,0.00,0.00,0.0,2.596,0.000,0.000,45.008,0.00
1786374135,bench_mixed,0.00,0.00,0.0,2.596,0.000,0.000,45.008,0.00
1786374140,bench_mixed,0.00,0.00,0.0,2.596,0.000,0.000,45.008,0.00
1786374145,bench_mixed,0.00,0.00,0.0,2.596,0.000,0.000,45.008,0.00
1786374150,bench_mixed,0.00,0.00,0.0,2.596,0.000,0.000,45.008,0.00
1786374155,bench_mixed,0.00,0.00,0.0,2.596,0.000,0.000,45.008,0.00
1786374160,bench_mixed,0.00,0.00,0.0,2.596,0.000,0.000,45.008,0.00
1786374165,bench_mixed,0.00,0.00,0.0,2.596,0.000,0.000,45.008,0.00
1786374170,bench_mixed,0.00,0.00,0.0,2.596,0.000,0.000,45.008,0.00
1786374175,bench_mixed,0.00,0.00,0.0,2.596,0.000,0.000,45.008,0.00
1786374180,bench_mixed,0.00,0.00,0.0,2.596,0.000,0.000,45.008,0.00
1786374185,bench_mixed,0.00,0.00,0.0,2.596,0.000,0.000,45.008,0.00
1786374190,bench_mixed,0.00,0.00,0.0,2.596,0.000,0.000,45.008,0.00
1786374195,bench_mixed,0.00,0.00,0.0,2.596,0.000,0.000,45.008,0.00
1786374200,bench_mixed,0.00,0.00,0.0,2.596,0.000,0.000,45.008,0.00
1786374205,bench_mixed,0.00,0.00,0.0,2.596,0.000,0.000,45.008,0.00
1786374210,bench_mixed,0.00,0.00,0.0,2.596,0.000,0.000,45.008,0.00
1786374216,bench_mixed,0.00,0.00,0.0,2.596,0.000,0.000,45.008,0.00
1786374221,bench_mixed,0.00,0.00,0.0,2.596,0.000,0.000,45.008,0.00
1786374226,bench_mixed,0.00,0.00,0.0,2.596,0.000,0.000,45.007,0.00
1786374231,bench_mixed,0.00,0.00,0.0,2.596,0.000,0.000,45.007,0.00
1786374236,bench_mixed,0.00,0.00,0.0,2.596,0.000,0.000,45.006,0.00
1786374241,bench_mixed,0.00,0.00,0.0,2.596,0.000,0.000,45.006,0.00
1786374246,bench_mixed,0.00,0.00,0.0,2.596,0.000,0.000,45.006,0.00
1786374251,bench_mixed,0.00,0.00,0.0,2.596,0.000,0.000,45.006,0.00
1786374256,bench_mixed,0.00,0.00,0.0,2.596,0.000,0.000,45.007,0.00
1786374261,bench_mixed,0.00,0.00,0.0,2.596,0.000,0.000,45.007,0.00
1786374266,bench_mixed,0.00,0.00,0.0,2.596,0.000,0.000,45.006,0.00
1786374271,bench_mixed,0.00,0.00,0.0,2.596,0.000,0.000,45.006,0.00
1786374276,bench_mixed,0.00,0.00,0.0,2.596,0.000,0.000,45.006,0.00
1786374281,bench_mixed,0.00,0.00,0.0,2.596,0.000,0.000,45.006,0.00
1786374286,bench_mixed,0.00,0.00,0.0,2.596,0.000,0.000,45.006,0.00
1786374291,bench_mixed,0.00,0.00,0.0,2.596,0.000,0.000,45.006,0.00
1786374296,bench_mixed,0.00,0.00,0.0,2.596,0.000,0.000,45.006,0.00
1786374301,bench_mixed,0.00,0.00,0.0,2.596,0.000,0.000,45.006,0.00
1786374306,bench_mixed,0.00,0.00,0.0,2.596,0.000,0.000,45.006,0.00
1786374311,bench_mixed,0.00,0.00,0.0,2.596,0.000,0.000,45.006,0.00
1786374317,bench_mixed,0.00,0.00,0.0,2.596,0.000,0.000,45.006,0.00
1786374322,bench_mixed,0.00,0.00,0.0,2.596,0.000,0.000,45.006,0.00
1786374327,bench_mixed,0.00,0.00,0.0,2.596,0.000,0.000,45.006,0.00
1786374332,bench_mixed,0.00,0.00,0.0,2.596,0.000,0.000,45.006,0.00
1786374337,bench_mixed,0.00,0.00,0.0,2.596,0.000,0.000,45.006,0.00
1786374342,bench_mixed,0.00,0.00,0.0,2.596,0.000,0.000,45.006,0.00
1786374347,bench_mixed,0.00,0.00,0.0,2.596,0.000,0.000,45.006,0.00
1786374352,bench_mixed,0.00,0.00,0.0,2.596,0.000,0.000,45.006,0.00
1786374357,bench_mixed,0.00,0.00,0.0,2.596,0.000,0.000,45.006,0.00
1786374362,bench_mixed,0.00,0.00,0.0,2.596,0.000,0.000,45.006,0.00
1786374367,bench_mixed,0.00,0.00,0.0,2.596,0.000,0.000,45.006,0.00
1786374372,bench_mixed,0.00,0.00,0.0,2.596,0.000,0.000,45.006,0.00
1786374377,bench_mixed,0.00,0.00,0.0,2.596,0.000,0.000,45.006,0.00
1786374382,bench_mixed,0.00,0.00,0.0,2.596,0.000,0.000,45.005,0.00
1786374387,bench_mixed,0.00,0.00,0.0,2.596,0.000,0.000,45.005,0.00
1786374392,bench_mixed,0.00,0.00,0.0,2.596,0.000,0.000,45.005,0.00
1786374397,bench_mixed,0.00,0.00,0.0,2.596,0.000,0.000,45.005,0.00
1786374402,bench_mixed,0.00,0.00,0.0,2.596,0.000,0.000,45.005,0.00
1786374407,bench_mixed,0.00,0.00,0.0,2.596,0.000,0.000,45.005,0.00
1786374412,bench_mixed,0.00,0.00,0.0,2.596,0.000,0.000,45.006,0.00
1786374418,bench_mixed,0.00,0.00,0.0,2.596,0.000,0.000,45.006,0.00
1786374423,bench_mixed,0.00,0.00,0.0,2.596,0.000,0.000,45.006,0.00
1786374428,bench_mixed,0.00,0.00,0.0,2.596,0.000,0.000,45.006,0.00
1786374433,bench_mixed,0.00,0.00,0.0,2.596,0.000,0.000,45.006,0.00
1786374438,bench_mixed,0.00,0.00,0.0,2.596,0.000,0.000,45.006,0.00
1786374443,bench_mixed,0.00,0.00,0.0,2.596,0.000,0.000,45.006,0.00
1786374448,bench_mixed,0.00,0.00,0.0,2.596,0.000,0.000,45.006,0.00
1786374453,bench_mixed,0.00,0.00,0.0,2.596,0.000,0.000,45.006,0.00
1786374458,bench_mixed,0.00,0.00,0.0,2.596,0.000,0.000,45.005,0.00
1786374463,bench_mixed,0.00,0.00,0.0,2.596,0.000,0.000,45.005,0.00
1786374468,bench_mixed,0.00,0.00,0.0,2.596,0.000,0.000,45.005,0.00
1786374473,bench_mixed,0.00,0.00,0.0,2.596,0.000,0.000,45.005,0.00
1786374478,bench_mixed,0.00,0.00,0.0,2.596,0.000,0.000,45.005,0.00
1786374483,bench_mixed,0.00,0.00,0.0,2.596,0.000,0.000,45.005,0.00
1786374488,bench_mixed,0.00,0.00,0.0,2.596,0.000,0.000,45.005,0.00
1786374493,bench_mixed,0.00,0.00,0.0,2.596,0.000,0.000,45.005,0.00
1786374498,bench_mixed,0.00,0.00,0.0,2.596,0.000,0.000,45.006,0.00
1786374503,bench_mixed,0.00,0.00,0.0,2.596,0.000,0.000,45.005,0.00
1786374508,bench_mixed,0.00,0.00,0.0,2.596,0.000,0.000,45.006,0.00
1786374513,bench_mixed,0.00,0.00,0.0,2.596,0.000,0.000,45.006,0.00
1786374519,bench_mixed,0.00,0.00,0.0,2.596,0.000,0.000,45.006,0.00
1786374524,bench_mixed,0.00,0.00,0.0,2.596,0.000,0.000,45.006,0.00
1786374529,bench_mixed,0.00,0.00,0.0,2.596,0.000,0.000,45.006,0.00
1786374534,bench_mixed,0.00,0.00,0.0,2.596,0.000,0.000,45.006,0.00
1786374539,bench_mixed,0.00,0.00,0.0,2.596,0.000,0.000,45.005,0.00
1786374544,bench_mixed,0.00,0.00,0.0,2.596,0.000,0.000,45.005,0.00
1786374549,bench_mixed,0.00,0.00,0.0,2.596,0.000,0.000,45.005,0.00
1786374554,bench_mixed,0.00,0.00,0.0,2.596,0.000,0.000,45.005,0.00
1786374559,bench_mixed,0.00,0.00,0.0,2.596,0.000,0.000,45.005,0.00
1786374564,bench_mixed,0.00,0.00,0.0,2.596,0.000,0.000,45.005,0.00
1786374569,bench_mixed,0.00,0.00,0.0,2.596,0.000,0.000,45.005,0.00
1786374574,bench_mixed,0.00,0.00,0.0,2.596,0.000,0.000,45.005,0.00
1786374579,bench_mixed,0.00,0.00,0.0,2.596,0.000,0.000,45.005,0.00
1786374584,bench_mixed,0.00,0.00,0.0,2.596,0.000,0.000,45.005,0.00
1786374589,bench_mixed,0.00,0.00,0.0,2.596,0.000,0.000,45.005,0.00
1786374594,bench_mixed,0.00,0.00,0.0,2.596,0.000,0.000,45.005,0.00
1786374599,bench_mixed,0.00,0.00,0.0,2.596,0.000,0.000,45.005,0.00
1786374604,bench_mixed,0.00,0.00,0.0,2.596,0.000,0.000,45.006,0.00
1786374609,bench_mixed,0.00,0.00,0.0,2.596,0.000,0.000,45.006,0.00
1786374614,bench_mixed,0.00,0.00,0.0,2.596,0.000,0.000,45.006,0.00
1786374620,bench_mixed,0.00,0.00,0.0,2.596,0.000,0.000,45.005,0.00
1786374625,bench_mixed,0.00,0.00,0.0,2.596,0.000,0.000,45.005,0.00
1786374630,bench_mixed,0.00,0.00,0.0,2.596,0.000,0.000,45.006,0.00
1786374635,bench_mixed,0.00,0.00,0.0,2.596,0.000,0.000,45.006,0.00
1786374640,bench_mixed,0.00,0.00,0.0,2.596,0.000,0.000,45.006,0.00
1786374645,bench_mixed,0.00,0.00,0.0,2.596,0.000,0.000,45.006,0.00
1786374650,bench_mixed,0.00,0.00,0.0,2.596,0.000,0.000,45.006,0.00
1786374655,bench_mixed,0.00,0.00,0.0,2.596,0.000,0.000,45.006,0.00
1786374660,bench_mixed,0.00,0.00,0.0,2.596,0.000,0.000,45.006,0.00
1786374665,bench_mixed,0.00,0.00,0.0,2.596,0.000,0.000,45.006,0.00
1786374670,bench_mixed,0.00,0.00,0.0,2.596,0.000,0.000,45.006,0.00
1786374675,bench_mixed,0.00,0.00,0.0,2.596,0.000,0.000,45.006,0.00
1786374680,bench_mixed,0.00,0.00,0.0,2.596,0.000,0.000,45.006,0.00
1786374685,bench_mixed,0.00,0.00,0.0,2.596,0.000,0.000,45.006,0.00
1786374690,bench_mixed,0.00,0.00,0.0,2.596,0.000,0.000,45.006,0.00
1786374695,bench_mixed,0.00,0.00,0.0,2.596,0.000,0.000,45.006,0.00
1786374700,bench_mixed,0.00,0.00,0.0,2.596,0.000,0.000,45.006,0.00
1786374705,bench_mixed,0.00,0.00,0.0,2.596,0.000,0.000,45.006,0.00
1786374710,bench_mixed,0.00,0.00,0.0,2.596,0.000,0.000,45.006,0.00
1786374715,bench_mixed,0.00,0.00,0.0,2.596,0.000,0.000,45.006,0.00
1786374721,bench_mixed,0.00,0.00,0.0,2.596,0.000,0.000,45.006,0.00
1786374726,bench_mixed,0.00,0.00,0.0,2.596,0.000,0.000,45.006,0.00
1786374731,bench_mixed,0.00,0.00,0.0,2.596,0.000,0.000,45.006,0.00
1786374736,bench_mixed,0.00,0.00,0.0,2.596,0.000,0.000,45.006,0.00
1786374741,bench_mixed,0.00,0.00,0.0,2.596,0.000,0.000,45.006,0.00
1786374746,bench_mixed,0.00,0.00,0.0,2.596,0.000,0.000,45.006,0.00
1786374751,bench_mixed,0.00,0.00,0.0,2.596,0.000,0.000,45.006,0.00
1786374756,bench_mixed,0.00,0.00,0.0,2.596,0.000,0.000,45.006,0.00
1786374761,bench_mixed,0.00,0.00,0.0,2.596,0.000,0.000,45.006,0.00
1786374766,bench_mixed,0.00,0.00,0.0,2.596,0.000,0.000,45.006,0.00
1786374771,bench_mixed,0.00,0.00,0.0,2.596,0.000,0.000,45.006,0.00
1786374776,bench_mixed,0.00,0.00,0.0,2.596,0.000,0.000,45.005,0.00
1786374781,bench_mixed,0.00,0.00,0.0,2.596,0.000,0.000,45.006,0.00
1786374786,bench_mixed,0.00,0.00,0.0,2.596,0.000,0.000,45.006,0.00
1786374791,bench_mixed,0.00,0.00,0.0,2.596,0.000,0.000,45.006,0.00
1786374796,bench_mixed,0.00,0.00,0.0,2.596,0.000,0.000,45.006,0.00
1786374801,bench_mixed,0.00,0.00,0.0,2.596,0.000,0.000,45.005,0.00
1786374806,bench_mixed,0.00,0.00,0.0,2.596,0.000,0.000,45.005,0.00
1786374811,bench_mixed,0.00,0.00,0.0,2.596,0.000,0.000,45.005,0.00
1786374816,bench_mixed,0.00,0.00,0.0,2.596,0.000,0.000,45.006,0.00
1786374822,bench_mixed,0.00,0.00,0.0,2.596,0.000,0.000,45.005,0.00
1786374827,bench_mixed,0.00,0.00,0.0,2.596,0.000,0.000,45.005,0.00
1786374832,bench_mixed,0.00,0.00,0.0,2.596,0.000,0.000,45.005,0.00
1786374837,bench_mixed,0.00,0.00,0.0,2.596,0.000,0.000,45.005,0.00
1786374842,bench_mixed,0.00,0.00,0.0,2.596,0.000,0.000,45.006,0.00
1786374847,bench_mixed,0.00,0.00,0.0,2.596,0.000,0.000,45.006,0.00
1786374852,bench_mixed,0.00,0.00,0.0,2.596,0.000,0.000,45.006,0.00
1786374857,bench_mixed,0.00,0.00,0.0,2.596,0.000,0.000,45.006,0.00
1786374862,bench_mixed,0.00,0.00,0.0,2.596,0.000,0.000,45.006,0.00
1786374867,bench_mixed,0.00,0.00,0.0,2.596,0.000,0.000,45.006,0.00
1786374872,bench_mixed,0.00,0.00,0.0,2.596,0.000,0.000,45.006,0.00
1786374877,bench_mixed,0.00,0.00,0.0,2.596,0.000,0.000,45.006,0.00
1786374882,bench_mixed,0.00,0.00,0.0,2.596,0.000,0.000,45.006,0.00
1786374887,bench_mixed,0.00,0.00,0.0,2.596,0.000,0.000,45.006,0.00
1786374892,bench_mixed,0.00,0.00,0.0,2.596,0.000,0.000,45.006,0.00
1786374897,bench_mixed,0.00,0.00,0.0,2.596,0.000,0.000,45.006,0.00
1786374902,bench_mixed,0.00,0.00,0.0,2.596,0.000,0.000,45.005,0.00
1786374907,bench_mixed,0.00,0.00,0.0,2.596,0.000,0.000,45.005,0.00
1786374912,bench_mixed,0.00,0.00,0.0,2.596,0.000,0.000,45.005,0.00
1786374917,bench_mixed,0.00,0.00,0.0,2.596,0.000,0.000,45.005,0.00
1786374923,bench_mixed,0.00,0.00,0.0,2.596,0.000,0.000,45.005,0.00
1786374928,bench_mixed,0.00,0.00,0.0,2.596,0.000,0.000,45.006,0.00
1786374933,bench_mixed,0.00,0.00,0.0,2.596,0.000,0.000,45.006,0.00
1786374938,bench_mixed,0.00,0.00,0.0,2.596,0.000,0.000,45.005,0.00
1786374943,bench_mixed,0.00,0.00,0.0,2.596,0.000,0.000,45.005,0.00
1786374948,bench_mixed,0.00,0.00,0.0,2.596,0.000,0.000,45.005,0.00
1786374953,bench_mixed,0.00,0.00,0.0,2.596,0.000,0.000,45.004,0.00
1786374958,bench_mixed,0.00,0.00,0.0,2.596,0.000,0.000,45.004,0.00
1786374963,bench_mixed,0.00,0.00,0.0,2.596,0.000,0.000,45.005,0.00
1786374968,bench_mixed,0.00,0.00,0.0,2.596,0.000,0.000,45.005,0.00
1786374973,bench_mixed,0.00,0.00,0.0,2.596,0.000,0.000,45.005,0.00
1786374978,bench_mixed,0.00,0.00,0.0,2.596,0.000,0.000,45.005,0.00
1786374983,bench_mixed,0.00,0.00,0.0,2.596,0.000,0.000,45.005,0.00
1786374988,bench_mixed,0.00,0.00,0.0,2.596,0.000,0.000,45.005,0.00
1786374993,bench_mixed,0.00,0.00,0.0,2.596,0.000,0.000,45.005,0.00
1786374998,bench_mixed,0.00,0.00,0.0,2.596,0.000,0.000,45.005,0.00
1786375003,bench_mixed,0.00,0.00,0.0,2.596,0.000,0.000,45.005,0.00
1786375008,bench_mixed,0.00,0.00,0.0,2.596,0.000,0.000,45.005,0.00
1786375013,bench_mixed,0.00,0.00,0.0,2.596,0.000,0.000,45.005,0.00
1786375018,bench_mixed,0.00,0.00,0.0,2.596,0.000,0.000,45.005,0.00
1786375024,bench_mixed,0.00,0.00,0.0,2.596,0.000,0.000,45.004,0.00
1786375029,bench_mixed,0.00,0.00,0.0,2.596,0.000,0.000,45.004,0.00
1786375034,bench_mixed,0.00,0.00,0.0,2.596,0.000,0.000,45.004,0.00
1786375039,bench_mixed,0.00,0.00,0.0,2.596,0.000,0.000,45.004,0.00
1786375044,bench_mixed,0.00,0.00,0.0,2.596,0.000,0.000,45.004,0.00
1786375049,bench_mixed,0.00,0.00,0.0,2.596,0.000,0.000,45.004,0.00
1786375054,bench_mixed,0.00,0.00,0.0,2.596,0.000,0.000,45.004,0.00
1786375059,bench_mixed,0.00,0.00,0.0,2.596,0.000,0.000,45.004,0.00
1786375064,bench_mixed,0.00,0.00,0.0,2.596,0.000,0.000,45.004,0.00
1786375069,bench_mixed,0.00,0.00,0.0,2.596,0.000,0.000,45.004,0.00
1786375074,bench_mixed,0.00,0.00,0.0,2.596,0.000,0.000,45.004,0.00
1786375079,bench_mixed,0.00,0.00,0.0,2.596,0.000,0.000,45.004,0.00
1786375084,bench_mixed,0.00,0.00,0.0,2.596,0.000,0.000,45.004,0.00
1786375089,bench_mixed,0.00,0.00,0.0,2.596,0.000,0.000,45.004,0.00
1786375094,bench_mixed,0.00,0.00,0.0,2.596,0.000,0.000,45.004,0.00
1786375099,bench_mixed,0.00,0.00,0.0,2.596,0.000,0.000,45.004,0.00
1786375104,bench_mixed,0.00,0.00,0.0,2.596,0.000,0.000,45.004,0.00
1786375109,bench_mixed,0.00,0.00,0.0,2.596,0.000,0.000,45.004,0.00
1786375114,bench_mixed,0.00,0.00,0.0,2.596,0.000,0.000,45.004,0.00
1786375119,bench_mixed,0.00,0.00,0.0,2.596,0.000,0.000,45.004,0.00
1786375124,bench_mixed,0.00,0.00,0.0,2.596,0.000,0.000,45.004,0.00
1786375130,bench_mixed,0.00,0.00,0.0,2.596,0.000,0.000,45.004,0.00
1786375135,bench_mixed,0.00,0.00,0.0,2.596,0.000,0.000,45.004,0.00
1786375140,bench_mixed,0.00,0.00,0.0,2.596,0.000,0.000,45.004,0.00
1786375145,bench_mixed,0.00,0.00,0.0,2.596,0.000,0.000,45.004,0.00
1786375150,bench_mixed,0.00,0.00,0.0,2.596,0.000,0.000,45.004,0.00
1786375155,bench_mixed,0.00,0.00,0.0,2.596,0.000,0.000,45.004,0.00
1786375160,bench_mixed,0.00,0.00,0.0,2.596,0.000,0.000,45.004,0.00
1786375165,bench_mixed,0.00,0.00,0.0,2.596,0.000,0.000,45.004,0.00
1786375170,bench_mixed,0.00,0.00,0.0,2.596,0.000,0.000,45.004,0.00
1786375175,bench_mixed,0.00,0.00,0.0,2.596,0.000,0.000,45.004,0.00
1786375180,bench_mixed,0.00,0.00,0.0,2.596,0.000,0.000,45.004,0.00
1786375185,bench_mixed,0.00,0.00,0.0,2.596,0.000,0.000,45.004,0.00
1786375190,bench_mixed,0.00,0.00,0.0,2.596,0.000,0.000,45.003,0.00
1786375195,bench_mixed,0.00,0.00,0.0,2.596,0.000,0.000,45.003,0.00
1786375200,bench_mixed,0.00,0.00,0.0,2.596,0.000,0.000,45.003,0.00
1786375205,bench_mixed,0.00,0.00,0.0,2.596,0.000,0.000,45.003,0.00
1786375210,bench_mixed,0.00,0.00,0.0,2.596,0.000,0.000,45.003,0.00
1786375215,bench_mixed,0.00,0.00,0.0,2.596,0.000,0.000,45.003,0.00
1786375220,bench_mixed,0.00,0.00,0.0,2.596,0.000,0.000,45.003,0.00
1786375225,bench_mixed,0.00,0.00,0.0,2.596,0.000,0.000,45.003,0.00
1786375231,bench_mixed,0.00,0.00,0.0,2.596,0.000,0.000,45.003,0.00
1786375236,bench_mixed,0.00,0.00,0.0,2.596,0.000,0.000,45.003,0.00
1786375241,bench_mixed,0.00,0.00,0.0,2.596,0.000,0.000,45.003,0.00
1786375246,bench_mixed,0.00,0.00,0.0,2.596,0.000,0.000,45.003,0.00
1786375251,bench_mixed,0.00,0.00,0.0,2.596,0.000,0.000,45.003,0.00
1786375256,bench_mixed,0.00,0.00,0.0,2.596,0.000,0.000,45.003,0.00
1786375261,bench_mixed,0.00,0.00,0.0,2.596,0.000,0.000,45.003,0.00
1786375266,bench_mixed,0.00,0.00,0.0,2.596,0.000,0.000,45.003,0.00
1786375271,bench_mixed,0.00,0.00,0.0,2.596,0.000,0.000,45.003,0.00
1786375276,bench_mixed,0.00,0.00,0.0,2.596,0.000,0.000,45.003,0.00
1786375281,bench_mixed,0.00,0.00,0.0,2.596,0.000,0.000,45.003,0.00
1786375286,bench_mixed,0.00,0.00,0.0,2.596,0.000,0.000,45.003,0.00
1786375291,bench_mixed,0.00,0.00,0.0,2.596,0.000,0.000,45.003,0.00
1786375296,bench_mixed,0.00,0.00,0.0,2.596,0.000,0.000,45.003,0.00
1786375301,bench_mixed,0.00,0.00,0.0,2.596,0.000,0.000,45.003,0.00
1786375306,bench_mixed,0.00,0.00,0.0,2.596,0.000,0.000,45.003,0.00
1786375311,bench_mixed,0.00,0.00,0.0,2.596,0.000,0.000,45.003,0.00
1786375316,bench_mixed,0.00,0.00,0.0,2.596,0.000,0.000,45.003,0.00
1786375321,bench_mixed,0.00,0.00,0.0,2.596,0.000,0.000,45.003,0.00
1786375326,bench_mixed,0.00,0.00,0.0,2.596,0.000,0.000,45.003,0.00
1786375332,bench_mixed,0.00,0.00,0.0,2.596,0.000,0.000,45.003,0.00
1786375337,bench_mixed,0.00,0.00,0.0,2.596,0.000,0.000,45.003,0.00
1786375342,bench_mixed,0.00,0.00,0.0,2.596,0.000,0.000,45.003,0.00
1786375347,bench_mixed,0.00,0.00,0.0,2.596,0.000,0.000,45.003,0.00
1786375352,bench_mixed,0.00,0.00,0.0,2.596,0.000,0.000,45.003,0.00
1786375357,bench_mixed,0.00,0.00,0.0,2.596,0.000,0.000,45.003,0.00
1786375362,bench_mixed,0.00,0.00,0.0,2.596,0.000,0.000,45.003,0.00
1786375367,bench_mixed,0.00,0.00,0.0,2.596,0.000,0.000,45.003,0.00
1786375372,bench_mixed,0.00,0.00,0.0,2.596,0.000,0.000,45.003,0.00
1786375377,bench_mixed,0.00,0.00,0.0,2.596,0.000,0.000,45.003,0.00
1786375382,bench_mixed,0.00,0.00,0.0,2.596,0.000,0.000,45.003,0.00
1786375387,bench_mixed,0.00,0.00,0.0,2.596,0.000,0.000,45.003,0.00
1786375392,bench_mixed,0.00,0.00,0.0,2.596,0.000,0.000,45.003,0.00
1786375397,bench_mixed,0.00,0.00,0.0,2.596,0.000,0.000,45.003,0.00
1786375402,bench_mixed,0.00,0.00,0.0,2.596,0.000,0.000,45.003,0.00
1786375407,bench_mixed,0.00,0.00,0.0,2.596,0.000,0.000,45.003,0.00
1786375412,bench_mixed,0.00,0.00,0.0,2.596,0.000,0.000,45.003,0.00
1786375417,bench_mixed,0.00,0.00,0.0,2.596,0.000,0.000,45.003,0.00
1786375422,bench_mixed,0.00,0.00,0.0,2.596,0.000,0.000,45.003,0.00
1786375427,bench_mixed,0.00,0.00,0.0,2.596,0.000,0.000,45.003,0.00
1786375433,bench_mixed,0.00,0.00,0.0,2.596,0.000,0.000,45.003,0.00
1786375438,bench_mixed,0.00,0.00,0.0,2.596,0.000,0.000,45.003,0.00
1786375443,bench_mixed,0.00,0.00,0.0,2.596,0.000,0.000,45.003,0.00
1786375448,bench_mixed,0.00,0.00,0.0,2.596,0.000,0.000,45.003,0.00
1786375453,bench_mixed,0.00,0.00,0.0,2.596,0.000,0.000,45.003,0.00
1786375458,bench_mixed,0.00,0.00,0.0,2.596,0.000,0.000,45.003,0.00
1786375463,bench_mixed,0.00,0.00,0.0,2.596,0.000,0.000,45.003,0.00
1786375468,bench_mixed,0.00,0.00,0.0,2.596,0.000,0.000,45.003,0.00
1786375473,bench_mixed,0.00,0.00,0.0,2.596,0.000,0.000,45.003,0.00
1786375478,bench_mixed,0.00,0.00,0.0,2.596,0.000,0.000,45.003,0.00
1786375483,bench_mixed,0.00,0.00,0.0,2.596,0.000,0.000,45.003,0.00
1786375488,bench_mixed,0.00,0.00,0.0,2.596,0.000,0.000,45.003,0.00
1786375493,bench_mixed,0.00,0.00,0.0,2.596,0.000,0.000,45.003,0.00
1786375498,bench_mixed,0.00,0.00,0.0,2.596,0.000,0.000,45.003,0.00
1786375503,bench_mixed,0.00,0.00,0.0,2.596,0.000,0.000,45.003,0.00
1786375508,bench_mixed,0.00,0.00,0.0,2.596,0.000,0.000,45.003,0.00
1786375513,bench_mixed,0.00,0.00,0.0,2.596,0.000,0.000,45.003,0.00
1786375518,bench_mixed,0.00,0.00,0.0,2.596,0.000,0.000,45.003,0.00
1786375523,bench_mixed,0.00,0.00,0.0,2.596,0.000,0.000,45.003,0.00
1786375528,bench_mixed,0.00,0.00,0.0,2.596,0.000,0.000,45.003,0.00
1786375534,bench_mixed,0.00,0.00,0.0,2.596,0.000,0.000,45.003,0.00
1786375539,bench_mixed,0.00,0.00,0.0,2.596,0.000,0.000,45.003,0.00
1786375544,bench_mixed,0.00,0.00,0.0,2.596,0.000,0.000,45.003,0.00
1786375549,bench_mixed,0.00,0.00,0.0,2.596,0.000,0.000,45.003,0.00
1786375554,bench_mixed,0.00,0.00,0.0,2.596,0.000,0.000,45.003,0.00
1786375559,bench_mixed,0.00,0.00,0.0,2.596,0.000,0.000,45.003,0.00
1786375564,bench_mixed,0.00,0.00,0.0,2.596,0.000,0.000,45.003,0.00
1786375569,bench_mixed,0.00,0.00,0.0,2.596,0.000,0.000,45.002,0.00
1786375574,bench_mixed,0.00,0.00,0.0,2.596,0.000,0.000,45.002,0.00
1786375579,bench_mixed,0.00,0.00,0.0,2.596,0.000,0.000,45.002,0.00
1786375584,bench_mixed,0.00,0.00,0.0,2.596,0.000,0.000,45.002,0.00
1786375589,bench_mixed,0.00,0.00,0.0,2.596,0.000,0.000,45.002,0.00
1786375594,bench_mixed,0.00,0.00,0.0,2.596,0.000,0.000,45.002,0.00
1786375599,bench_mixed,0.00,0.00,0.0,2.596,0.000,0.000,45.002,0.00
1786375604,bench_mixed,0.00,0.00,0.0,2.596,0.000,0.000,45.002,0.00
1786375609,bench_mixed,0.00,0.00,0.0,2.596,0.000,0.000,45.002,0.00
1786375614,bench_mixed,0.00,0.00,0.0,2.596,0.000,0.000,45.002,0.00
1786375619,bench_mixed,0.00,0.00,0.0,2.596,0.000,0.000,45.002,0.00
1786375624,bench_mixed,0.00,0.00,0.0,2.596,0.000,0.000,45.002,0.00
1786375629,bench_mixed,0.00,0.00,0.0,2.596,0.000,0.000,45.002,0.00
1786375635,bench_mixed,0.00,0.00,0.0,2.596,0.000,0.000,45.002,0.00
1786375640,bench_mixed,0.00,0.00,0.0,2.596,0.000,0.000,45.002,0.00
1786375645,bench_mixed,0.00,0.00,0.0,2.596,0.000,0.000,45.002,0.00
1786375650,bench_mixed,0.00,0.00,0.0,2.596,0.000,0.000,45.002,0.00
1786375655,bench_mixed,0.00,0.00,0.0,2.596,0.000,0.000,45.002,0.00
1786375660,bench_mixed,0.00,0.00,0.0,2.596,0.000,0.000,45.002,0.00
1786375665,bench_mixed,0.00,0.00,0.0,2.596,0.000,0.000,45.002,0.00
1786375670,bench_mixed,0.00,0.00,0.0,2.596,0.000,0.000,45.002,0.00
1786375675,bench_mixed,0.00,0.00,0.0,2.596,0.000,0.000,45.002,0.00
1786375680,bench_mixed,0.00,0.00,0.0,2.596,0.000,0.000,45.002,0.00
1786375685,bench_mixed,0.00,0.00,0.0,2.596,0.000,0.000,45.002,0.00
1786375690,bench_mixed,0.00,0.00,0.0,2.596,0.000,0.000,45.002,0.00
1786375695,bench_mixed,0.00,0.00,0.0,2.596,0.000,0.000,45.002,0.00
1786375700,bench_mixed,0.00,0.00,0.0,2.596,0.000,0.000,45.002,0.00
1786375705,bench_mixed,0.00,0.00,0.0,2.596,0.000,0.000,45.003,0.00
1786375710,bench_mixed,0.00,0.00,0.0,2.596,0.000,0.000,45.003,0.00
1786375715,bench_mixed,0.00,0.00,0.0,2.596,0.000,0.000,45.003,0.00
1786375720,bench_mixed,0.00,0.00,0.0,2.596,0.000,0.000,45.003,0.00
1786375725,bench_mixed,0.00,0.00,0.0,2.596,0.000,0.000,45.003,0.00
1786375730,bench_mixed,0.00,0.00,0.0,2.596,0.000,0.000,45.003,0.00
1786375736,bench_mixed,0.00,0.00,0.0,2.596,0.000,0.000,45.003,0.00
1786375741,bench_mixed,0.00,0.00,0.0,2.596,0.000,0.000,45.003,0.00
1786375746,bench_mixed,0.00,0.00,0.0,2.596,0.000,0.000,45.003,0.00
1786375751,bench_mixed,0.00,0.00,0.0,2.596,0.000,0.000,45.003,0.00
1786375756,bench_mixed,0.00,0.00,0.0,2.596,0.000,0.000,45.003,0.00
1786375761,bench_mixed,0.00,0.00,0.0,2.596,0.000,0.000,45.003,0.00
1786375766,bench_mixed,0.00,0.00,0.0,2.596,0.000,0.000,45.003,0.00
1786375771,bench_mixed,0.00,0.00,0.0,2.596,0.000,0.000,45.003,0.00
1786375776,bench_mixed,0.00,0.00,0.0,2.596,0.000,0.000,45.003,0.00
1786375781,bench_mixed,0.00,0.00,0.0,2.596,0.000,0.000,45.003,0.00
1786375786,bench_mixed,0.00,0.00,0.0,2.596,0.000,0.000,45.003,0.00
1786375791,bench_mixed,0.00,0.00,0.0,2.596,0.000,0.000,45.003,0.00
1786375796,bench_mixed,0.00,0.00,0.0,2.596,0.000,0.000,45.003,0.00
1786375801,bench_mixed,0.00,0.00,0.0,2.596,0.000,0.000,45.003,0.00
1786375806,bench_mixed,0.00,0.00,0.0,2.596,0.000,0.000,45.003,0.00
1786375811,bench_mixed,0.00,0.00,0.0,2.596,0.000,0.000,45.003,0.00
1786375816,bench_mixed,0.00,0.00,0.0,2.596,0.000,0.000,45.003,0.00
1786375821,bench_mixed,0.00,0.00,0.0,2.596,0.000,0.000,45.003,0.00
1786375826,bench_mixed,0.00,0.00,0.0,2.596,0.000,0.000,45.002,0.00
1786375831,bench_mixed,0.00,0.00,0.0,2.596,0.000,0.000,45.002,0.00
1786375837,bench_mixed,0.00,0.00,0.0,2.596,0.000,0.000,45.002,0.00
1786375842,bench_mixed,0.00,0.00,0.0,2.596,0.000,0.000,45.002,0.00
1786375847,bench_mixed,0.00,0.00,0.0,2.596,0.000,0.000,45.002,0.00
1786375852,bench_mixed,0.00,0.00,0.0,2.596,0.000,0.000,45.002,0.00
1786375857,bench_mixed,0.00,0.00,0.0,2.596,0.000,0.000,45.002,0.00
1786375862,bench_mixed,0.00,0.00,0.0,2.596,0.000,0.000,45.003,0.00
1786375867,bench_mixed,0.00,0.00,0.0,2.596,0.000,0.000,45.003,0.00
1786375872,bench_mixed,0.00,0.00,0.0,2.596,0.000,0.000,45.003,0.00
1786375877,bench_mixed,0.00,0.00,0.0,2.596,0.000,0.000,45.003,0.00
1786375882,bench_mixed,0.00,0.00,0.0,2.596,0.000,0.000,45.003,0.00
1786375887,bench_mixed,0.00,0.00,0.0,2.596,0.000,0.000,45.003,0.00
1786375892,bench_mixed,0.00,0.00,0.0,2.596,0.000,0.000,45.003,0.00
1786375897,bench_mixed,0.00,0.00,0.0,2.596,0.000,0.000,45.003,0.00
1786375902,bench_mixed,0.00,0.00,0.0,2.596,0.000,0.000,45.003,0.00
1786375907,bench_mixed,0.00,0.00,0.0,2.596,0.000,0.000,45.003,0.00
1786375912,bench_mixed,0.00,0.00,0.0,2.596,0.000,0.000,45.003,0.00
1786375917,bench_mixed,0.00,0.00,0.0,2.596,0.000,0.000,45.003,0.00
1786375922,bench_mixed,0.00,0.00,0.0,2.596,0.000,0.000,45.003,0.00
1786375927,bench_mixed,0.00,0.00,0.0,2.596,0.000,0.000,45.003,0.00
1786375932,bench_mixed,0.00,0.00,0.0,2.596,0.000,0.000,45.003,0.00
1786375937,bench_mixed,0.00,0.00,0.0,2.596,0.000,0.000,45.003,0.00
1786375943,bench_mixed,0.00,0.00,0.0,2.596,0.000,0.000,45.003,0.00
1786375948,bench_mixed,0.00,0.00,0.0,2.596,0.000,0.000,45.003,0.00
1786375953,bench_mixed,0.00,0.00,0.0,2.596,0.000,0.000,45.003,0.00
1786375958,bench_mixed,0.00,0.00,0.0,2.596,0.000,0.000,45.004,0.00
1786375963,bench_mixed,0.00,0.00,0.0,2.596,0.000,0.000,45.004,0.00
1786375968,bench_mixed,0.00,0.00,0.0,2.596,0.000,0.000,45.004,0.00
1786375973,bench_mixed,0.00,0.00,0.0,2.596,0.000,0.000,45.004,0.00
1786375978,bench_mixed,0.00,0.00,0.0,2.596,0.000,0.000,45.004,0.00
1786375983,bench_mixed,0.00,0.00,0.0,2.596,0.000,0.000,45.004,0.00
1786375988,bench_mixed,0.00,0.00,0.0,2.596,0.000,0.000,45.004,0.00
1786375993,bench_mixed,0.00,0.00,0.0,2.596,0.000,0.000,45.003,0.00
1786375998,bench_mixed,0.00,0.00,0.0,2.596,0.000,0.000,45.003,0.00
1786376003,bench_mixed,0.00,0.00,0.0,2.596,0.000,0.000,45.003,0.00
1786376008,bench_mixed,0.00,0.00,0.0,2.596,0.000,0.000,45.003,0.00
1786376013,bench_mixed,0.00,0.00,0.0,2.596,0.000,0.000,45.003,0.00
1786376018,bench_mixed,0.00,0.00,0.0,2.596,0.000,0.000,45.004,0.00
1786376023,bench_mixed,0.00,0.00,0.0,2.596,0.000,0.000,45.003,0.00
1786376028,bench_mixed,0.00,0.00,0.0,2.596,0.000,0.000,45.003,0.00
1786376033,bench_mixed,0.00,0.00,0.0,2.596,0.000,0.000,45.003,0.00
1786376038,bench_mixed,0.00,0.00,0.0,2.596,0.000,0.000,45.003,0.00
1786376044,bench_mixed,0.00,0.00,0.0,2.596,0.000,0.000,45.003,0.00
1786376049,bench_mixed,0.00,0.00,0.0,2.596,0.000,0.000,45.003,0.00
1786376054,bench_mixed,0.00,0.00,0.0,2.596,0.000,0.000,45.004,0.00
1786376059,bench_mixed,0.00,0.00,0.0,2.596,0.000,0.000,45.004,0.00
1786376064,bench_mixed,0.00,0.00,0.0,2.596,0.000,0.000,45.004,0.00
1786376069,bench_mixed,0.00,0.00,0.0,2.596,0.000,0.000,45.004,0.00
1786376074,bench_mixed,0.00,0.00,0.0,2.596,0.000,0.000,45.004,0.00
1786376079,bench_mixed,0.00,0.00,0.0,2.596,0.000,0.000,45.004,0.00
1786376084,bench_mixed,0.00,0.00,0.0,2.596,0.000,0.000,45.004,0.00
1786376089,bench_mixed,0.00,0.00,0.0,2.596,0.000,0.000,45.004,0.00
1786376094,bench_mixed,0.00,0.00,0.0,2.596,0.000,0.000,45.004,0.00
1786376099,bench_mixed,0.00,0.00,0.0,2.596,0.000,0.000,45.004,0.00
1786376104,bench_mixed,0.00,0.00,0.0,2.596,0.000,0.000,45.003,0.00
1786376109,bench_mixed,0.00,0.00,0.0,2.596,0.000,0.000,45.003,0.00
1786376114,bench_mixed,0.00,0.00,0.0,2.596,0.000,0.000,45.003,0.00
1786376119,bench_mixed,0.00,0.00,0.0,2.596,0.000,0.000,45.003,0.00
1786376124,bench_mixed,0.00,0.00,0.0,2.596,0.000,0.000,45.003,0.00
1786376129,bench_mixed,0.00,0.00,0.0,2.596,0.000,0.000,45.003,0.00
1786376134,bench_mixed,0.00,0.00,0.0,2.596,0.000,0.000,45.003,0.00
1786376139,bench_mixed,0.00,0.00,0.0,2.596,0.000,0.000,45.003,0.00
1786376145,bench_mixed,0.00,0.00,0.0,2.596,0.000,0.000,45.003,0.00
1786376150,bench_mixed,0.00,0.00,0.0,2.596,0.000,0.000,45.003,0.00
1786376155,bench_mixed,0.00,0.00,0.0,2.596,0.000,0.000,45.003,0.00
1786376160,bench_mixed,0.00,0.00,0.0,2.596,0.000,0.000,45.003,0.00
1786376165,bench_mixed,0.00,0.00,0.0,2.596,0.000,0.000,45.003,0.00
1786376170,bench_mixed,0.00,0.00,0.0,2.596,0.000,0.000,45.003,0.00
1786376175,bench_mixed,0.00,0.00,0.0,2.596,0.000,0.000,45.003,0.00
1786376180,bench_mixed,0.00,0.00,0.0,2.596,0.000,0.000,45.003,0.00
1786376185,bench_mixed,0.00,0.00,0.0,2.596,0.000,0.000,45.003,0.00
1786376190,bench_mixed,0.00,0.00,0.0,2.596,0.000,0.000,45.004,0.00
1786376195,bench_mixed,0.00,0.00,0.0,2.596,0.000,0.000,45.004,0.00
1786376200,bench_mixed,0.00,0.00,0.0,2.596,0.000,0.000,45.004,0.00
1786376205,bench_mixed,0.00,0.00,0.0,2.596,0.000,0.000,45.004,0.00
1786376210,bench_mixed,0.00,0.00,0.0,2.596,0.000,0.000,45.004,0.00
1786376215,bench_mixed,0.00,0.00,0.0,2.596,0.000,0.000,45.004,0.00
1786376220,bench_mixed,0.00,0.00,0.0,2.596,0.000,0.000,45.004,0.00
1786376225,bench_mixed,0.00,0.00,0.0,2.596,0.000,0.000,45.004,0.00
1786376230,bench_mixed,0.00,0.00,0.0,2.596,0.000,0.000,45.004,0.00
1786376235,bench_mixed,0.00,0.00,0.0,2.596,0.000,0.000,45.004,0.00
1786376240,bench_mixed,0.00,0.00,0.0,2.596,0.000,0.000,45.004,0.00
1786376246,bench_mixed,0.00,0.00,0.0,2.596,0.000,0.000,45.004,0.00
1786376251,bench_mixed,0.00,0.00,0.0,2.596,0.000,0.000,45.004,0.00
1786376256,bench_mixed,0.00,0.00,0.0,2.596,0.000,0.000,45.003,0.00
1786376261,bench_mixed,0.00,0.00,0.0,2.596,0.000,0.000,45.003,0.00
1786376266,bench_mixed,0.00,0.00,0.0,2.596,0.000,0.000,45.003,0.00
1786376271,bench_mixed,0.00,0.00,0.0,2.596,0.000,0.000,45.003,0.00
1786376276,bench_mixed,0.00,0.00,0.0,2.596,0.000,0.000,45.003,0.00
1786376281,bench_mixed,0.00,0.00,0.0,2.596,0.000,0.000,45.003,0.00
1786376286,bench_mixed,0.00,0.00,0.0,2.596,0.000,0.000,45.003,0.00
1786376291,bench_mixed,0.00,0.00,0.0,2.596,0.000,0.000,45.003,0.00
1786376296,bench_mixed,0.00,0.00,0.0,2.596,0.000,0.000,45.003,0.00
1786376301,bench_mixed,0.00,0.00,0.0,2.596,0.000,0.000,45.003,0.00
1786376306,bench_mixed,0.00,0.00,0.0,2.596,0.000,0.000,45.004,0.00
1786376311,bench_mixed,0.00,0.00,0.0,2.596,0.000,0.000,45.003,0.00
1786376316,bench_mixed,0.00,0.00,0.0,2.596,0.000,0.000,45.003,0.00
1786376321,bench_mixed,0.00,0.00,0.0,2.596,0.000,0.000,45.003,0.00
1786376326,bench_mixed,0.00,0.00,0.0,2.596,0.000,0.000,45.004,0.00
1786376331,bench_mixed,0.00,0.00,0.0,2.596,0.000,0.000,45.004,0.00
1786376336,bench_mixed,0.00,0.00,0.0,2.596,0.000,0.000,45.004,0.00
1786376341,bench_mixed,0.00,0.00,0.0,2.596,0.000,0.000,45.004,0.00
1786376347,bench_mixed,0.00,0.00,0.0,2.596,0.000,0.000,45.004,0.00
1786376352,bench_mixed,0.00,0.00,0.0,2.596,0.000,0.000,45.004,0.00
1786376357,bench_mixed,0.00,0.00,0.0,2.596,0.000,0.000,45.004,0.00
1786376362,bench_mixed,0.00,0.00,0.0,2.596,0.000,0.000,45.004,0.00
1786376367,bench_mixed,0.00,0.00,0.0,2.596,0.000,0.000,45.004,0.00
1786376372,bench_mixed,0.00,0.00,0.0,2.596,0.000,0.000,45.004,0.00
1786376377,bench_mixed,0.00,0.00,0.0,2.596,0.000,0.000,45.004,0.00
1786376382,bench_mixed,0.00,0.00,0.0,2.596,0.000,0.000,45.004,0.00
1786376387,bench_mixed,0.00,0.00,0.0,2.596,0.000,0.000,45.004,0.00
1786376392,bench_mixed,0.00,0.00,0.0,2.596,0.000,0.000,45.003,0.00
1786376397,bench_mixed,0.00,0.00,0.0,2.596,0.000,0.000,45.004,0.00
1786376402,bench_mixed,0.00,0.00,0.0,2.596,0.000,0.000,45.004,0.00
1786376407,bench_mixed,0.00,0.00,0.0,2.596,0.000,0.000,45.004,0.00
1786376412,bench_mixed,0.00,0.00,0.0,2.596,0.000,0.000,45.004,0.00
1786376417,bench_mixed,0.00,0.00,0.0,2.596,0.000,0.000,45.004,0.00
1786376422,bench_mixed,0.00,0.00,0.0,2.596,0.000,0.000,45.004,0.00
1786376427,bench_mixed,0.00,0.00,0.0,2.596,0.000,0.000,45.004,0.00
1786376432,bench_mixed,0.00,0.00,0.0,2.596,0.000,0.000,45.004,0.00
1786376437,bench_mixed,0.00,0.00,0.0,2.596,0.000,0.000,45.004,0.00
1786376442,bench_mixed,0.00,0.00,0.0,2.596,0.000,0.000,45.004,0.00
1786376448,bench_mixed,0.00,0.00,0.0,2.596,0.000,0.000,45.003,0.00
1786376453,bench_mixed,0.00,0.00,0.0,2.596,0.000,0.000,45.003,0.00
1786376458,bench_mixed,0.00,0.00,0.0,2.596,0.000,0.000,45.004,0.00
1786376463,bench_mixed,0.00,0.00,0.0,2.596,0.000,0.000,45.004,0.00
1786376468,bench_mixed,0.00,0.00,0.0,2.596,0.000,0.000,45.003,0.00
1786376473,bench_mixed,0.00,0.00,0.0,2.596,0.000,0.000,45.004,0.00
1786376478,bench_mixed,0.00,0.00,0.0,2.596,0.000,0.000,45.004,0.00
1786376483,bench_mixed,0.00,0.00,0.0,2.596,0.000,0.000,45.004,0.00
1786376488,bench_mixed,0.00,0.00,0.0,2.596,0.000,0.000,45.004,0.00
1786376493,bench_mixed,0.00,0.00,0.0,2.596,0.000,0.000,45.004,0.00
1786376498,bench_mixed,0.00,0.00,0.0,2.596,0.000,0.000,45.004,0.00
1786376503,bench_mixed,0.00,0.00,0.0,2.596,0.000,0.000,45.004,0.00
1786376508,bench_mixed,0.00,0.00,0.0,2.596,0.000,0.000,45.004,0.00
1786376513,bench_mixed,0.00,0.00,0.0,2.596,0.000,0.000,45.004,0.00
1786376518,bench_mixed,0.00,0.00,0.0,2.596,0.000,0.000,45.004,0.00
1786376523,bench_mixed,0.00,0.00,0.0,2.596,0.000,0.000,45.004,0.00
1786376528,bench_mixed,0.00,0.00,0.0,2.596,0.000,0.000,45.004,0.00
1786376533,bench_mixed,0.00,0.00,0.0,2.596,0.000,0.000,45.004,0.00
1786376538,bench_mixed,0.00,0.00,0.0,2.596,0.000,0.000,45.004,0.00
1786376543,bench_mixed,0.00,0.00,0.0,2.596,0.000,0.000,45.004,0.00
1786376549,bench_mixed,0.00,0.00,0.0,2.596,0.000,0.000,45.004,0.00
1786376554,bench_mixed,0.00,0.00,0.0,2.596,0.000,0.000,45.004,0.00
1786376559,bench_mixed,0.00,0.00,0.0,2.596,0.000,0.000,45.003,0.00
1786376564,bench_mixed,0.00,0.00,0.0,2.596,0.000,0.000,45.003,0.00
1786376569,bench_mixed,0.00,0.00,0.0,2.596,0.000,0.000,45.003,0.00
1786376574,bench_mixed,0.00,0.00,0.0,2.596,0.000,0.000,45.002,0.00
1786376579,bench_mixed,0.00,0.00,0.0,2.596,0.000,0.000,45.002,0.00
1786376584,bench_mixed,0.00,0.00,0.0,2.596,0.000,0.000,45.002,0.00
1786376589,bench_mixed,0.00,0.00,0.0,2.596,0.000,0.000,45.002,0.00
1786376594,bench_mixed,0.00,0.00,0.0,2.596,0.000,0.000,45.002,0.00
1786376599,bench_mixed,0.00,0.00,0.0,2.596,0.000,0.000,45.002,0.00
1786376604,bench_mixed,0.00,0.00,0.0,2.596,0.000,0.000,45.002,0.00
1786376609,bench_mixed,0.00,0.00,0.0,2.596,0.000,0.000,45.002,0.00
1786376614,bench_mixed,0.00,0.00,0.0,2.596,0.000,0.000,45.002,0.00
1786376619,bench_mixed,0.00,0.00,0.0,2.596,0.000,0.000,45.002,0.00
1786376624,bench_mixed,0.00,0.00,0.0,2.596,0.000,0.000,45.002,0.00
1786376629,bench_mixed,0.00,0.00,0.0,2.596,0.000,0.000,45.002,0.00
1786376634,bench_mixed,0.00,0.00,0.0,2.596,0.000,0.000,45.002,0.00
1786376639,bench_mixed,0.00,0.00,0.0,2.596,0.000,0.000,45.001,0.00
1786376644,bench_mixed,0.00,0.00,0.0,2.596,0.000,0.000,45.002,0.00
1786376650,bench_mixed,0.00,0.00,0.0,2.596,0.000,0.000,45.002,0.00
1786376655,bench_mixed,0.00,0.00,0.0,2.596,0.000,0.000,45.002,0.00
1786376660,bench_mixed,0.00,0.00,0.0,2.596,0.000,0.000,45.002,0.00
1786376665,bench_mixed,0.00,0.00,0.0,2.596,0.000,0.000,45.002,0.00
1786376670,bench_mixed,0.00,0.00,0.0,2.596,0.000,0.000,45.002,0.00
1786376675,bench_mixed,0.00,0.00,0.0,2.596,0.000,0.000,45.002,0.00
1786376680,bench_mixed,0.00,0.00,0.0,2.596,0.000,0.000,45.002,0.00
1786376685,bench_mixed,0.00,0.00,0.0,2.596,0.000,0.000,45.002,0.00
1786376690,bench_mixed,0.00,0.00,0.0,2.596,0.000,0.000,45.002,0.00
1786376695,bench_mixed,0.00,0.00,0.0,2.596,0.000,0.000,45.002,0.00
1786376700,bench_mixed,0.00,0.00,0.0,2.596,0.000,0.000,45.002,0.00
1786376705,bench_mixed,0.00,0.00,0.0,2.596,0.000,0.000,45.001,0.00
1786376710,bench_mixed,0.00,0.00,0.0,2.596,0.000,0.000,45.001,0.00
1786376715,bench_mixed,0.00,0.00,0.0,2.596,0.000,0.000,45.001,0.00
1786376720,bench_mixed,0.00,0.00,0.0,2.596,0.000,0.000,45.001,0.00
1786376725,bench_mixed,0.00,0.00,0.0,2.596,0.000,0.000,45.001,0.00
1786376730,bench_mixed,0.00,0.00,0.0,2.596,0.000,0.000,45.001,0.00
1786376735,bench_mixed,0.00,0.00,0.0,2.596,0.000,0.000,45.002,0.00
1786376740,bench_mixed,0.00,0.00,0.0,2.596,0.000,0.000,45.002,0.00
1786376745,bench_mixed,0.00,0.00,0.0,2.596,0.000,0.000,45.002,0.00
1786376751,bench_mixed,0.00,0.00,0.0,2.596,0.000,0.000,45.002,0.00
1786376756,bench_mixed,0.00,0.00,0.0,2.596,0.000,0.000,45.002,0.00
1786376761,bench_mixed,0.00,0.00,0.0,2.596,0.000,0.000,45.002,0.00
1786376766,bench_mixed,0.00,0.00,0.0,2.596,0.000,0.000,45.002,0.00
1786376771,bench_mixed,0.00,0.00,0.0,2.596,0.000,0.000,45.002,0.00
1786376776,bench_mixed,0.00,0.00,0.0,2.596,0.000,0.000,45.002,0.00
1786376781,bench_mixed,0.00,0.00,0.0,2.596,0.000,0.000,45.002,0.00
1786376786,bench_mixed,0.00,0.00,0.0,2.596,0.000,0.000,45.001,0.00
1786376791,bench_mixed,0.00,0.00,0.0,2.596,0.000,0.000,45.002,0.00
1786376796,bench_mixed,0.00,0.00,0.0,2.596,0.000,0.000,45.002,0.00
1786376801,bench_mixed,0.00,0.00,0.0,2.596,0.000,0.000,45.002,0.00
1786376806,bench_mixed,0.00,0.00,0.0,2.596,0.000,0.000,45.002,0.00
1786376811,bench_mixed,0.00,0.00,0.0,2.596,0.000,0.000,45.002,0.00
1786376816,bench_mixed,0.00,0.00,0.0,2.596,0.000,0.000,45.002,0.00
1786376821,bench_mixed,0.00,0.00,0.0,2.596,0.000,0.000,45.002,0.00
1786376826,bench_mixed,0.00,0.00,0.0,2.596,0.000,0.000,45.002,0.00
1786376831,bench_mixed,0.00,0.00,0.0,2.596,0.000,0.000,45.002,0.00
1786376836,bench_mixed,0.00,0.00,0.0,2.596,0.000,0.000,45.002,0.00
1786376841,bench_mixed,0.00,0.00,0.0,2.596,0.000,0.000,45.002,0.00
1786376846,bench_mixed,0.00,0.00,0.0,2.596,0.000,0.000,45.002,0.00
1786376852,bench_mixed,0.00,0.00,0.0,2.596,0.000,0.000,45.002,0.00
1786376857,bench_mixed,0.00,0.00,0.0,2.596,0.000,0.000,45.002,0.00
1786376862,bench_mixed,0.00,0.00,0.0,2.596,0.000,0.000,45.002,0.00
1786376867,bench_mixed,0.00,0.00,0.0,2.596,0.000,0.000,45.002,0.00
1786376872,bench_mixed,0.00,0.00,0.0,2.596,0.000,0.000,45.002,0.00
1786376877,bench_mixed,0.00,0.00,0.0,2.596,0.000,0.000,45.002,0.00
1786376882,bench_mixed,0.00,0.00,0.0,2.596,0.000,0.000,45.002,0.00
1786376887,bench_mixed,0.00,0.00,0.0,2.596,0.000,0.000,45.002,0.00
1786376892,bench_mixed,0.00,0.00,0.0,2.596,0.000,0.000,45.002,0.00
1786376897,bench_mixed,0.00,0.00,0.0,2.596,0.000,0.000,45.002,0.00
1786376902,bench_mixed,0.00,0.00,0.0,2.596,0.000,0.000,45.002,0.00
1786376907,bench_mixed,0.00,0.00,0.0,2.596,0.000,0.000,45.002,0.00
1786376912,bench_mixed,0.00,0.00,0.0,2.596,0.000,0.000,45.002,0.00
1786376917,bench_mixed,0.00,0.00,0.0,2.596,0.000,0.000,45.002,0.00
1786376922,bench_mixed,0.00,0.00,0.0,2.596,0.000,0.000,45.002,0.00
1786376927,bench_mixed,0.00,0.00,0.0,2.596,0.000,0.000,45.002,0.00
1786376932,bench_mixed,0.00,0.00,0.0,2.596,0.000,0.000,45.002,0.00
1786376937,bench_mixed,0.00,0.00,0.0,2.596,0.000,0.000,45.002,0.00
1786376942,bench_mixed,0.00,0.00,0.0,2.596,0.000,0.000,45.003,0.00
1786376947,bench_mixed,0.00,0.00,0.0,2.596,0.000,0.000,45.003,0.00
1786376953,bench_mixed,0.00,0.00,0.0,2.596,0.000,0.000,45.003,0.00
1786376958,bench_mixed,0.00,0.00,0.0,2.596,0.000,0.000,45.003,0.00
1786376963,bench_mixed,0.00,0.00,0.0,2.596,0.000,0.000,45.002,0.00
1786376968,bench_mixed,0.00,0.00,0.0,2.596,0.000,0.000,45.003,0.00
1786376973,bench_mixed,0.00,0.00,0.0,2.596,0.000,0.000,45.003,0.00
1786376978,bench_mixed,0.00,0.00,0.0,2.596,0.000,0.000,45.002,0.00
1786376983,bench_mixed,0.00,0.00,0.0,2.596,0.000,0.000,45.002,0.00
