[97m/home/cvazquezperezdelacru/clio-core/context-runtime/src/manager.cc:137 INFO 2478046 ClientInit RuntimeManager::ClientInit[0m
[97m/home/cvazquezperezdelacru/clio-core/context-runtime/src/config_manager.cc:144 INFO 2478046 ClientInit Config at: /home/cvazquezperezdelacru/.clio/clio.yaml[0m
[97m/home/cvazquezperezdelacru/clio-core/context-runtime/src/ipc_manager.cc:219 INFO 2478046 ClientInit IpcManager::ClientInit: IPC mode = SHM (auto-selected)[0m
[97m/home/cvazquezperezdelacru/clio-core/context-runtime/src/ipc_manager.cc:231 INFO 2478046 ClientInit IpcManager::ClientInit: retry_timeout = 60s[0m
[97m/home/cvazquezperezdelacru/clio-core/context-runtime/src/ipc_manager.cc:239 INFO 2478046 ClientInit IpcManager::ClientInit: try_new_servers = 0[0m
[97m/home/cvazquezperezdelacru/clio-core/context-runtime/src/../../context-transport-primitives/include/clio_ctp/lightbeam/zmq_transport.h:152 INFO 2478046 GetSharedContext [ZeroMqTransport] Created shared context with 8 I/O threads[0m
[97m/home/cvazquezperezdelacru/clio-core/context-runtime/src/ipc_manager.cc:292 INFO 2478046 ClientInit IpcManager: DEALER transport connected to port 9416[0m
[97m/home/cvazquezperezdelacru/clio-core/context-runtime/src/ipc_manager.cc:322 INFO 2478046 ClientInit IpcManager: client response listener bound to port 33061[0m
[97m/home/cvazquezperezdelacru/clio-core/context-runtime/src/ipc_manager.cc:1388 INFO 2478046 WaitForLocalServer Waiting for runtime via lightbeam (timeout=30s)[0m
[97m/home/cvazquezperezdelacru/clio-core/context-runtime/src/ipc_manager.cc:1496 INFO 2478046 WaitForLocalServer Successfully connected to runtime (generation=750510055032181, server_pid=2477869, shm_in_shards=1)[0m
[97m/home/cvazquezperezdelacru/clio-core/context-runtime/src/ipc_manager.cc:1202 INFO 2478046 ClientInitShm ClientInitShm: attached metadata segment 'chi_metadata_segment_cvazquezperezdelacru_9413'[0m
[97m/home/cvazquezperezdelacru/clio-core/context-runtime/src/ipc_manager.cc:1228 INFO 2478046 ClientInitShm ClientInitShm: response SHM ring 'clio-2478046-shm-out' (1MB)[0m
[97m/home/cvazquezperezdelacru/clio-core/context-runtime/src/ipc_manager.cc:2440 INFO 2478046 IncreaseClientShm IpcManager::IncreaseClientShm: Creating clio_2478046_0 with size 570425344 (536870912 + 33554432 overhead)[0m
[97m/home/cvazquezperezdelacru/clio-core/context-runtime/src/ipc_manager.cc:2485 INFO 2478046 IncreaseClientShm IpcManager::IncreaseClientShm: Created allocator clio_2478046_0 with ID (2478046.0)[0m
[97m/home/cvazquezperezdelacru/clio-core/context-runtime/src/manager.cc:175 INFO 2478046 ClientInit ClientInit: Creating admin client with kAdminPoolId=PoolId(major:1, minor:0)[0m
[97m/home/cvazquezperezdelacru/clio-core/context-runtime/src/manager.cc:178 INFO 2478046 ClientInit ClientInit: Admin client created, pool_id_=PoolId(major:1, minor:0)[0m
[bench] volume=ondisk_nb10M nlist=4096 nprobe=64 nq=500 k=10 threads=8 ntotal=10000000
[33m/home/cvazquezperezdelacru/clio-core-dev-install/include/clio_runtime/ipc/ipc_cpu2cpu_impl.h:171 WARNING 2478046 RecvOut Recv(SHM): server died mid-wait; handing off to reconnect path[0m
[33m/home/cvazquezperezdelacru/clio-core-dev-install/include/clio_runtime/ipc/ipc_cpu2cpu_zmq_impl.h:91 WARNING 2478046 RecvOut Recv(SHM): Server dead, attempting reconnect...[0m
[97m/home/cvazquezperezdelacru/clio-core/context-runtime/src/ipc_manager.cc:2911 INFO 2478046 ReconnectToOriginalHost ReconnectToOriginalHost: Attempting to reconnect to restarted server[0m
[31m/home/cvazquezperezdelacru/clio-core/context-runtime/src/../../context-transport-primitives/include/clio_ctp/memory/backend/posix_shm_mmap.h:142 ERROR 2478046 shm_attach shm_open failed: No such file or directory[0m
[31m/home/cvazquezperezdelacru/clio-core/context-runtime/src/ipc_manager.cc:1154 ERROR 2478046 ClientInitShm ClientInitShm: shm_attach(main='chi_main_segment_cvazquezperezdelacru_9413') failed[0m
[97m/home/cvazquezperezdelacru/clio-core/context-runtime/src/ipc_manager.cc:2911 INFO 2478046 ReconnectToOriginalHost ReconnectToOriginalHost: Attempting to reconnect to restarted server[0m
[31m/home/cvazquezperezdelacru/clio-core/context-runtime/src/../../context-transport-primitives/include/clio_ctp/memory/backend/posix_shm_mmap.h:142 ERROR 2478046 shm_attach shm_open failed: No such file or directory[0m
[31m/home/cvazquezperezdelacru/clio-core/context-runtime/src/ipc_manager.cc:1154 ERROR 2478046 ClientInitShm ClientInitShm: shm_attach(main='chi_main_segment_cvazquezperezdelacru_9413') failed[0m
[97m/home/cvazquezperezdelacru/clio-core/context-runtime/src/ipc_manager.cc:2911 INFO 2478046 ReconnectToOriginalHost ReconnectToOriginalHost: Attempting to reconnect to restarted server[0m
[31m/home/cvazquezperezdelacru/clio-core/context-runtime/src/../../context-transport-primitives/include/clio_ctp/memory/backend/posix_shm_mmap.h:142 ERROR 2478046 shm_attach shm_open failed: No such file or directory[0m
[31m/home/cvazquezperezdelacru/clio-core/context-runtime/src/ipc_manager.cc:1154 ERROR 2478046 ClientInitShm ClientInitShm: shm_attach(main='chi_main_segment_cvazquezperezdelacru_9413') failed[0m
[97m/home/cvazquezperezdelacru/clio-core/context-runtime/src/ipc_manager.cc:2911 INFO 2478046 ReconnectToOriginalHost ReconnectToOriginalHost: Attempting to reconnect to restarted server[0m
[31m/home/cvazquezperezdelacru/clio-core/context-runtime/src/../../context-transport-primitives/include/clio_ctp/memory/backend/posix_shm_mmap.h:142 ERROR 2478046 shm_attach shm_open failed: No such file or directory[0m
[31m/home/cvazquezperezdelacru/clio-core/context-runtime/src/ipc_manager.cc:1154 ERROR 2478046 ClientInitShm ClientInitShm: shm_attach(main='chi_main_segment_cvazquezperezdelacru_9413') failed[0m
[97m/home/cvazquezperezdelacru/clio-core/context-runtime/src/ipc_manager.cc:2911 INFO 2478046 ReconnectToOriginalHost ReconnectToOriginalHost: Attempting to reconnect to restarted server[0m
[31m/home/cvazquezperezdelacru/clio-core/context-runtime/src/../../context-transport-primitives/include/clio_ctp/memory/backend/posix_shm_mmap.h:142 ERROR 2478046 shm_attach shm_open failed: No such file or directory[0m
[31m/home/cvazquezperezdelacru/clio-core/context-runtime/src/ipc_manager.cc:1154 ERROR 2478046 ClientInitShm ClientInitShm: shm_attach(main='chi_main_segment_cvazquezperezdelacru_9413') failed[0m
[97m/home/cvazquezperezdelacru/clio-core/context-runtime/src/ipc_manager.cc:2911 INFO 2478046 ReconnectToOriginalHost ReconnectToOriginalHost: Attempting to reconnect to restarted server[0m
[31m/home/cvazquezperezdelacru/clio-core/context-runtime/src/../../context-transport-primitives/include/clio_ctp/memory/backend/posix_shm_mmap.h:142 ERROR 2478046 shm_attach shm_open failed: No such file or directory[0m
[31m/home/cvazquezperezdelacru/clio-core/context-runtime/src/ipc_manager.cc:1154 ERROR 2478046 ClientInitShm ClientInitShm: shm_attach(main='chi_main_segment_cvazquezperezdelacru_9413') failed[0m
[97m/home/cvazquezperezdelacru/clio-core/context-runtime/src/ipc_manager.cc:2911 INFO 2478046 ReconnectToOriginalHost ReconnectToOriginalHost: Attempting to reconnect to restarted server[0m
[31m/home/cvazquezperezdelacru/clio-core/context-runtime/src/../../context-transport-primitives/include/clio_ctp/memory/backend/posix_shm_mmap.h:142 ERROR 2478046 shm_attach shm_open failed: No such file or directory[0m
[31m/home/cvazquezperezdelacru/clio-core/context-runtime/src/ipc_manager.cc:1154 ERROR 2478046 ClientInitShm ClientInitShm: shm_attach(main='chi_main_segment_cvazquezperezdelacru_9413') failed[0m
[97m/home/cvazquezperezdelacru/clio-core/context-runtime/src/ipc_manager.cc:2911 INFO 2478046 ReconnectToOriginalHost ReconnectToOriginalHost: Attempting to reconnect to restarted server[0m
[31m/home/cvazquezperezdelacru/clio-core/context-runtime/src/../../context-transport-primitives/include/clio_ctp/memory/backend/posix_shm_mmap.h:142 ERROR 2478046 shm_attach shm_open failed: No such file or directory[0m
[31m/home/cvazquezperezdelacru/clio-core/context-runtime/src/ipc_manager.cc:1154 ERROR 2478046 ClientInitShm ClientInitShm: shm_attach(main='chi_main_segment_cvazquezperezdelacru_9413') failed[0m
[97m/home/cvazquezperezdelacru/clio-core/context-runtime/src/ipc_manager.cc:2911 INFO 2478046 ReconnectToOriginalHost ReconnectToOriginalHost: Attempting to reconnect to restarted server[0m
[31m/home/cvazquezperezdelacru/clio-core/context-runtime/src/../../context-transport-primitives/include/clio_ctp/memory/backend/posix_shm_mmap.h:142 ERROR 2478046 shm_attach shm_open failed: No such file or directory[0m
[31m/home/cvazquezperezdelacru/clio-core/context-runtime/src/ipc_manager.cc:1154 ERROR 2478046 ClientInitShm ClientInitShm: shm_attach(main='chi_main_segment_cvazquezperezdelacru_9413') failed[0m
[97m/home/cvazquezperezdelacru/clio-core/context-runtime/src/ipc_manager.cc:2911 INFO 2478046 ReconnectToOriginalHost ReconnectToOriginalHost: Attempting to reconnect to restarted server[0m
[31m/home/cvazquezperezdelacru/clio-core/context-runtime/src/../../context-transport-primitives/include/clio_ctp/memory/backend/posix_shm_mmap.h:142 ERROR 2478046 shm_attach shm_open failed: No such file or directory[0m
[31m/home/cvazquezperezdelacru/clio-core/context-runtime/src/ipc_manager.cc:1154 ERROR 2478046 ClientInitShm ClientInitShm: shm_attach(main='chi_main_segment_cvazquezperezdelacru_9413') failed[0m
[97m/home/cvazquezperezdelacru/clio-core/context-runtime/src/ipc_manager.cc:2911 INFO 2478046 ReconnectToOriginalHost ReconnectToOriginalHost: Attempting to reconnect to restarted server[0m
[31m/home/cvazquezperezdelacru/clio-core/context-runtime/src/../../context-transport-primitives/include/clio_ctp/memory/backend/posix_shm_mmap.h:142 ERROR 2478046 shm_attach shm_open failed: No such file or directory[0m
[31m/home/cvazquezperezdelacru/clio-core/context-runtime/src/ipc_manager.cc:1154 ERROR 2478046 ClientInitShm ClientInitShm: shm_attach(main='chi_main_segment_cvazquezperezdelacru_9413') failed[0m
[97m/home/cvazquezperezdelacru/clio-core/context-runtime/src/ipc_manager.cc:2911 INFO 2478046 ReconnectToOriginalHost ReconnectToOriginalHost: Attempting to reconnect to restarted server[0m
[31m/home/cvazquezperezdelacru/clio-core/context-runtime/src/../../context-transport-primitives/include/clio_ctp/memory/backend/posix_shm_mmap.h:142 ERROR 2478046 shm_attach shm_open failed: No such file or directory[0m
[31m/home/cvazquezperezdelacru/clio-core/context-runtime/src/ipc_manager.cc:1154 ERROR 2478046 ClientInitShm ClientInitShm: shm_attach(main='chi_main_segment_cvazquezperezdelacru_9413') failed[0m
[97m/home/cvazquezperezdelacru/clio-core/context-runtime/src/ipc_manager.cc:2911 INFO 2478046 ReconnectToOriginalHost ReconnectToOriginalHost: Attempting to reconnect to restarted server[0m
[31m/home/cvazquezperezdelacru/clio-core/context-runtime/src/../../context-transport-primitives/include/clio_ctp/memory/backend/posix_shm_mmap.h:142 ERROR 2478046 shm_attach shm_open failed: No such file or directory[0m
[31m/home/cvazquezperezdelacru/clio-core/context-runtime/src/ipc_manager.cc:1154 ERROR 2478046 ClientInitShm ClientInitShm: shm_attach(main='chi_main_segment_cvazquezperezdelacru_9413') failed[0m
[97m/home/cvazquezperezdelacru/clio-core/context-runtime/src/ipc_manager.cc:2911 INFO 2478046 ReconnectToOriginalHost ReconnectToOriginalHost: Attempting to reconnect to restarted server[0m
[31m/home/cvazquezperezdelacru/clio-core/context-runtime/src/../../context-transport-primitives/include/clio_ctp/memory/backend/posix_shm_mmap.h:142 ERROR 2478046 shm_attach shm_open failed: No such file or directory[0m
[31m/home/cvazquezperezdelacru/clio-core/context-runtime/src/ipc_manager.cc:1154 ERROR 2478046 ClientInitShm ClientInitShm: shm_attach(main='chi_main_segment_cvazquezperezdelacru_9413') failed[0m
[97m/home/cvazquezperezdelacru/clio-core/context-runtime/src/ipc_manager.cc:2911 INFO 2478046 ReconnectToOriginalHost ReconnectToOriginalHost: Attempting to reconnect to restarted server[0m
[31m/home/cvazquezperezdelacru/clio-core/context-runtime/src/../../context-transport-primitives/include/clio_ctp/memory/backend/posix_shm_mmap.h:142 ERROR 2478046 shm_attach shm_open failed: No such file or directory[0m
[31m/home/cvazquezperezdelacru/clio-core/context-runtime/src/ipc_manager.cc:1154 ERROR 2478046 ClientInitShm ClientInitShm: shm_attach(main='chi_main_segment_cvazquezperezdelacru_9413') failed[0m
[97m/home/cvazquezperezdelacru/clio-core/context-runtime/src/ipc_manager.cc:2911 INFO 2478046 ReconnectToOriginalHost ReconnectToOriginalHost: Attempting to reconnect to restarted server[0m
[31m/home/cvazquezperezdelacru/clio-core/context-runtime/src/../../context-transport-primitives/include/clio_ctp/memory/backend/posix_shm_mmap.h:142 ERROR 2478046 shm_attach shm_open failed: No such file or directory[0m
[31m/home/cvazquezperezdelacru/clio-core/context-runtime/src/ipc_manager.cc:1154 ERROR 2478046 ClientInitShm ClientInitShm: shm_attach(main='chi_main_segment_cvazquezperezdelacru_9413') failed[0m
[97m/home/cvazquezperezdelacru/clio-core/context-runtime/src/ipc_manager.cc:2911 INFO 2478046 ReconnectToOriginalHost ReconnectToOriginalHost: Attempting to reconnect to restarted server[0m
[31m/home/cvazquezperezdelacru/clio-core/context-runtime/src/../../context-transport-primitives/include/clio_ctp/memory/backend/posix_shm_mmap.h:142 ERROR 2478046 shm_attach shm_open failed: No such file or directory[0m
[31m/home/cvazquezperezdelacru/clio-core/context-runtime/src/ipc_manager.cc:1154 ERROR 2478046 ClientInitShm ClientInitShm: shm_attach(main='chi_main_segment_cvazquezperezdelacru_9413') failed[0m
[97m/home/cvazquezperezdelacru/clio-core/context-runtime/src/ipc_manager.cc:2911 INFO 2478046 ReconnectToOriginalHost ReconnectToOriginalHost: Attempting to reconnect to restarted server[0m
[31m/home/cvazquezperezdelacru/clio-core/context-runtime/src/../../context-transport-primitives/include/clio_ctp/memory/backend/posix_shm_mmap.h:142 ERROR 2478046 shm_attach shm_open failed: No such file or directory[0m
[31m/home/cvazquezperezdelacru/clio-core/context-runtime/src/ipc_manager.cc:1154 ERROR 2478046 ClientInitShm ClientInitShm: shm_attach(main='chi_main_segment_cvazquezperezdelacru_9413') failed[0m
[97m/home/cvazquezperezdelacru/clio-core/context-runtime/src/ipc_manager.cc:2911 INFO 2478046 ReconnectToOriginalHost ReconnectToOriginalHost: Attempting to reconnect to restarted server[0m
[31m/home/cvazquezperezdelacru/clio-core/context-runtime/src/../../context-transport-primitives/include/clio_ctp/memory/backend/posix_shm_mmap.h:142 ERROR 2478046 shm_attach shm_open failed: No such file or directory[0m
[31m/home/cvazquezperezdelacru/clio-core/context-runtime/src/ipc_manager.cc:1154 ERROR 2478046 ClientInitShm ClientInitShm: shm_attach(main='chi_main_segment_cvazquezperezdelacru_9413') failed[0m
[97m/home/cvazquezperezdelacru/clio-core/context-runtime/src/ipc_manager.cc:2911 INFO 2478046 ReconnectToOriginalHost ReconnectToOriginalHost: Attempting to reconnect to restarted server[0m
[31m/home/cvazquezperezdelacru/clio-core/context-runtime/src/../../context-transport-primitives/include/clio_ctp/memory/backend/posix_shm_mmap.h:142 ERROR 2478046 shm_attach shm_open failed: No such file or directory[0m
[31m/home/cvazquezperezdelacru/clio-core/context-runtime/src/ipc_manager.cc:1154 ERROR 2478046 ClientInitShm ClientInitShm: shm_attach(main='chi_main_segment_cvazquezperezdelacru_9413') failed[0m
[97m/home/cvazquezperezdelacru/clio-core/context-runtime/src/ipc_manager.cc:2911 INFO 2478046 ReconnectToOriginalHost ReconnectToOriginalHost: Attempting to reconnect to restarted server[0m
[31m/home/cvazquezperezdelacru/clio-core/context-runtime/src/../../context-transport-primitives/include/clio_ctp/memory/backend/posix_shm_mmap.h:142 ERROR 2478046 shm_attach shm_open failed: No such file or directory[0m
[31m/home/cvazquezperezdelacru/clio-core/context-runtime/src/ipc_manager.cc:1154 ERROR 2478046 ClientInitShm ClientInitShm: shm_attach(main='chi_main_segment_cvazquezperezdelacru_9413') failed[0m
[97m/home/cvazquezperezdelacru/clio-core/context-runtime/src/ipc_manager.cc:2911 INFO 2478046 ReconnectToOriginalHost ReconnectToOriginalHost: Attempting to reconnect to restarted server[0m
[31m/home/cvazquezperezdelacru/clio-core/context-runtime/src/../../context-transport-primitives/include/clio_ctp/memory/backend/posix_shm_mmap.h:142 ERROR 2478046 shm_attach shm_open failed: No such file or directory[0m
[31m/home/cvazquezperezdelacru/clio-core/context-runtime/src/ipc_manager.cc:1154 ERROR 2478046 ClientInitShm ClientInitShm: shm_attach(main='chi_main_segment_cvazquezperezdelacru_9413') failed[0m
[97m/home/cvazquezperezdelacru/clio-core/context-runtime/src/ipc_manager.cc:2911 INFO 2478046 ReconnectToOriginalHost ReconnectToOriginalHost: Attempting to reconnect to restarted server[0m
[31m/home/cvazquezperezdelacru/clio-core/context-runtime/src/../../context-transport-primitives/include/clio_ctp/memory/backend/posix_shm_mmap.h:142 ERROR 2478046 shm_attach shm_open failed: No such file or directory[0m
[31m/home/cvazquezperezdelacru/clio-core/context-runtime/src/ipc_manager.cc:1154 ERROR 2478046 ClientInitShm ClientInitShm: shm_attach(main='chi_main_segment_cvazquezperezdelacru_9413') failed[0m
[97m/home/cvazquezperezdelacru/clio-core/context-runtime/src/ipc_manager.cc:2911 INFO 2478046 ReconnectToOriginalHost ReconnectToOriginalHost: Attempting to reconnect to restarted server[0m
[31m/home/cvazquezperezdelacru/clio-core/context-runtime/src/../../context-transport-primitives/include/clio_ctp/memory/backend/posix_shm_mmap.h:142 ERROR 2478046 shm_attach shm_open failed: No such file or directory[0m
[31m/home/cvazquezperezdelacru/clio-core/context-runtime/src/ipc_manager.cc:1154 ERROR 2478046 ClientInitShm ClientInitShm: shm_attach(main='chi_main_segment_cvazquezperezdelacru_9413') failed[0m
[97m/home/cvazquezperezdelacru/clio-core/context-runtime/src/ipc_manager.cc:2911 INFO 2478046 ReconnectToOriginalHost ReconnectToOriginalHost: Attempting to reconnect to restarted server[0m
[31m/home/cvazquezperezdelacru/clio-core/context-runtime/src/../../context-transport-primitives/include/clio_ctp/memory/backend/posix_shm_mmap.h:142 ERROR 2478046 shm_attach shm_open failed: No such file or directory[0m
[31m/home/cvazquezperezdelacru/clio-core/context-runtime/src/ipc_manager.cc:1154 ERROR 2478046 ClientInitShm ClientInitShm: shm_attach(main='chi_main_segment_cvazquezperezdelacru_9413') failed[0m
[97m/home/cvazquezperezdelacru/clio-core/context-runtime/src/ipc_manager.cc:2911 INFO 2478046 ReconnectToOriginalHost ReconnectToOriginalHost: Attempting to reconnect to restarted server[0m
[31m/home/cvazquezperezdelacru/clio-core/context-runtime/src/../../context-transport-primitives/include/clio_ctp/memory/backend/posix_shm_mmap.h:142 ERROR 2478046 shm_attach shm_open failed: No such file or directory[0m
[31m/home/cvazquezperezdelacru/clio-core/context-runtime/src/ipc_manager.cc:1154 ERROR 2478046 ClientInitShm ClientInitShm: shm_attach(main='chi_main_segment_cvazquezperezdelacru_9413') failed[0m
[97m/home/cvazquezperezdelacru/clio-core/context-runtime/src/ipc_manager.cc:2911 INFO 2478046 ReconnectToOriginalHost ReconnectToOriginalHost: Attempting to reconnect to restarted server[0m
[31m/home/cvazquezperezdelacru/clio-core/context-runtime/src/../../context-transport-primitives/include/clio_ctp/memory/backend/posix_shm_mmap.h:142 ERROR 2478046 shm_attach shm_open failed: No such file or directory[0m
[31m/home/cvazquezperezdelacru/clio-core/context-runtime/src/ipc_manager.cc:1154 ERROR 2478046 ClientInitShm ClientInitShm: shm_attach(main='chi_main_segment_cvazquezperezdelacru_9413') failed[0m
[97m/home/cvazquezperezdelacru/clio-core/context-runtime/src/ipc_manager.cc:2911 INFO 2478046 ReconnectToOriginalHost ReconnectToOriginalHost: Attempting to reconnect to restarted server[0m
[31m/home/cvazquezperezdelacru/clio-core/context-runtime/src/../../context-transport-primitives/include/clio_ctp/memory/backend/posix_shm_mmap.h:142 ERROR 2478046 shm_attach shm_open failed: No such file or directory[0m
[31m/home/cvazquezperezdelacru/clio-core/context-runtime/src/ipc_manager.cc:1154 ERROR 2478046 ClientInitShm ClientInitShm: shm_attach(main='chi_main_segment_cvazquezperezdelacru_9413') failed[0m
[97m/home/cvazquezperezdelacru/clio-core/context-runtime/src/ipc_manager.cc:2911 INFO 2478046 ReconnectToOriginalHost ReconnectToOriginalHost: Attempting to reconnect to restarted server[0m
[31m/home/cvazquezperezdelacru/clio-core/context-runtime/src/../../context-transport-primitives/include/clio_ctp/memory/backend/posix_shm_mmap.h:142 ERROR 2478046 shm_attach shm_open failed: No such file or directory[0m
[31m/home/cvazquezperezdelacru/clio-core/context-runtime/src/ipc_manager.cc:1154 ERROR 2478046 ClientInitShm ClientInitShm: shm_attach(main='chi_main_segment_cvazquezperezdelacru_9413') failed[0m
[97m/home/cvazquezperezdelacru/clio-core/context-runtime/src/ipc_manager.cc:2911 INFO 2478046 ReconnectToOriginalHost ReconnectToOriginalHost: Attempting to reconnect to restarted server[0m
[31m/home/cvazquezperezdelacru/clio-core/context-runtime/src/../../context-transport-primitives/include/clio_ctp/memory/backend/posix_shm_mmap.h:142 ERROR 2478046 shm_attach shm_open failed: No such file or directory[0m
[31m/home/cvazquezperezdelacru/clio-core/context-runtime/src/ipc_manager.cc:1154 ERROR 2478046 ClientInitShm ClientInitShm: shm_attach(main='chi_main_segment_cvazquezperezdelacru_9413') failed[0m
[97m/home/cvazquezperezdelacru/clio-core/context-runtime/src/ipc_manager.cc:2911 INFO 2478046 ReconnectToOriginalHost ReconnectToOriginalHost: Attempting to reconnect to restarted server[0m
[31m/home/cvazquezperezdelacru/clio-core/context-runtime/src/../../context-transport-primitives/include/clio_ctp/memory/backend/posix_shm_mmap.h:142 ERROR 2478046 shm_attach shm_open failed: No such file or directory[0m
[31m/home/cvazquezperezdelacru/clio-core/context-runtime/src/ipc_manager.cc:1154 ERROR 2478046 ClientInitShm ClientInitShm: shm_attach(main='chi_main_segment_cvazquezperezdelacru_9413') failed[0m
[97m/home/cvazquezperezdelacru/clio-core/context-runtime/src/ipc_manager.cc:2911 INFO 2478046 ReconnectToOriginalHost ReconnectToOriginalHost: Attempting to reconnect to restarted server[0m
[31m/home/cvazquezperezdelacru/clio-core/context-runtime/src/../../context-transport-primitives/include/clio_ctp/memory/backend/posix_shm_mmap.h:142 ERROR 2478046 shm_attach shm_open failed: No such file or directory[0m
[31m/home/cvazquezperezdelacru/clio-core/context-runtime/src/ipc_manager.cc:1154 ERROR 2478046 ClientInitShm ClientInitShm: shm_attach(main='chi_main_segment_cvazquezperezdelacru_9413') failed[0m
[97m/home/cvazquezperezdelacru/clio-core/context-runtime/src/ipc_manager.cc:2911 INFO 2478046 ReconnectToOriginalHost ReconnectToOriginalHost: Attempting to reconnect to restarted server[0m
[31m/home/cvazquezperezdelacru/clio-core/context-runtime/src/../../context-transport-primitives/include/clio_ctp/memory/backend/posix_shm_mmap.h:142 ERROR 2478046 shm_attach shm_open failed: No such file or directory[0m
[31m/home/cvazquezperezdelacru/clio-core/context-runtime/src/ipc_manager.cc:1154 ERROR 2478046 ClientInitShm ClientInitShm: shm_attach(main='chi_main_segment_cvazquezperezdelacru_9413') failed[0m
[97m/home/cvazquezperezdelacru/clio-core/context-runtime/src/ipc_manager.cc:2911 INFO 2478046 ReconnectToOriginalHost ReconnectToOriginalHost: Attempting to reconnect to restarted server[0m
[31m/home/cvazquezperezdelacru/clio-core/context-runtime/src/../../context-transport-primitives/include/clio_ctp/memory/backend/posix_shm_mmap.h:142 ERROR 2478046 shm_attach shm_open failed: No such file or directory[0m
[31m/home/cvazquezperezdelacru/clio-core/context-runtime/src/ipc_manager.cc:1154 ERROR 2478046 ClientInitShm ClientInitShm: shm_attach(main='chi_main_segment_cvazquezperezdelacru_9413') failed[0m
[97m/home/cvazquezperezdelacru/clio-core/context-runtime/src/ipc_manager.cc:2911 INFO 2478046 ReconnectToOriginalHost ReconnectToOriginalHost: Attempting to reconnect to restarted server[0m
[31m/home/cvazquezperezdelacru/clio-core/context-runtime/src/../../context-transport-primitives/include/clio_ctp/memory/backend/posix_shm_mmap.h:142 ERROR 2478046 shm_attach shm_open failed: No such file or directory[0m
[31m/home/cvazquezperezdelacru/clio-core/context-runtime/src/ipc_manager.cc:1154 ERROR 2478046 ClientInitShm ClientInitShm: shm_attach(main='chi_main_segment_cvazquezperezdelacru_9413') failed[0m
[97m/home/cvazquezperezdelacru/clio-core/context-runtime/src/ipc_manager.cc:2911 INFO 2478046 ReconnectToOriginalHost ReconnectToOriginalHost: Attempting to reconnect to restarted server[0m
[31m/home/cvazquezperezdelacru/clio-core/context-runtime/src/../../context-transport-primitives/include/clio_ctp/memory/backend/posix_shm_mmap.h:142 ERROR 2478046 shm_attach shm_open failed: No such file or directory[0m
[31m/home/cvazquezperezdelacru/clio-core/context-runtime/src/ipc_manager.cc:1154 ERROR 2478046 ClientInitShm ClientInitShm: shm_attach(main='chi_main_segment_cvazquezperezdelacru_9413') failed[0m
[97m/home/cvazquezperezdelacru/clio-core/context-runtime/src/ipc_manager.cc:2911 INFO 2478046 ReconnectToOriginalHost ReconnectToOriginalHost: Attempting to reconnect to restarted server[0m
[31m/home/cvazquezperezdelacru/clio-core/context-runtime/src/../../context-transport-primitives/include/clio_ctp/memory/backend/posix_shm_mmap.h:142 ERROR 2478046 shm_attach shm_open failed: No such file or directory[0m
[31m/home/cvazquezperezdelacru/clio-core/context-runtime/src/ipc_manager.cc:1154 ERROR 2478046 ClientInitShm ClientInitShm: shm_attach(main='chi_main_segment_cvazquezperezdelacru_9413') failed[0m
[97m/home/cvazquezperezdelacru/clio-core/context-runtime/src/ipc_manager.cc:2911 INFO 2478046 ReconnectToOriginalHost ReconnectToOriginalHost: Attempting to reconnect to restarted server[0m
[31m/home/cvazquezperezdelacru/clio-core/context-runtime/src/../../context-transport-primitives/include/clio_ctp/memory/backend/posix_shm_mmap.h:142 ERROR 2478046 shm_attach shm_open failed: No such file or directory[0m
[31m/home/cvazquezperezdelacru/clio-core/context-runtime/src/ipc_manager.cc:1154 ERROR 2478046 ClientInitShm ClientInitShm: shm_attach(main='chi_main_segment_cvazquezperezdelacru_9413') failed[0m
[97m/home/cvazquezperezdelacru/clio-core/context-runtime/src/ipc_manager.cc:2911 INFO 2478046 ReconnectToOriginalHost ReconnectToOriginalHost: Attempting to reconnect to restarted server[0m
[31m/home/cvazquezperezdelacru/clio-core/context-runtime/src/../../context-transport-primitives/include/clio_ctp/memory/backend/posix_shm_mmap.h:142 ERROR 2478046 shm_attach shm_open failed: No such file or directory[0m
[31m/home/cvazquezperezdelacru/clio-core/context-runtime/src/ipc_manager.cc:1154 ERROR 2478046 ClientInitShm ClientInitShm: shm_attach(main='chi_main_segment_cvazquezperezdelacru_9413') failed[0m
[97m/home/cvazquezperezdelacru/clio-core/context-runtime/src/ipc_manager.cc:2911 INFO 2478046 ReconnectToOriginalHost ReconnectToOriginalHost: Attempting to reconnect to restarted server[0m
[31m/home/cvazquezperezdelacru/clio-core/context-runtime/src/../../context-transport-primitives/include/clio_ctp/memory/backend/posix_shm_mmap.h:142 ERROR 2478046 shm_attach shm_open failed: No such file or directory[0m
[31m/home/cvazquezperezdelacru/clio-core/context-runtime/src/ipc_manager.cc:1154 ERROR 2478046 ClientInitShm ClientInitShm: shm_attach(main='chi_main_segment_cvazquezperezdelacru_9413') failed[0m
[97m/home/cvazquezperezdelacru/clio-core/context-runtime/src/ipc_manager.cc:2911 INFO 2478046 ReconnectToOriginalHost ReconnectToOriginalHost: Attempting to reconnect to restarted server[0m
[31m/home/cvazquezperezdelacru/clio-core/context-runtime/src/../../context-transport-primitives/include/clio_ctp/memory/backend/posix_shm_mmap.h:142 ERROR 2478046 shm_attach shm_open failed: No such file or directory[0m
[31m/home/cvazquezperezdelacru/clio-core/context-runtime/src/ipc_manager.cc:1154 ERROR 2478046 ClientInitShm ClientInitShm: shm_attach(main='chi_main_segment_cvazquezperezdelacru_9413') failed[0m
[97m/home/cvazquezperezdelacru/clio-core/context-runtime/src/ipc_manager.cc:2911 INFO 2478046 ReconnectToOriginalHost ReconnectToOriginalHost: Attempting to reconnect to restarted server[0m
[31m/home/cvazquezperezdelacru/clio-core/context-runtime/src/../../context-transport-primitives/include/clio_ctp/memory/backend/posix_shm_mmap.h:142 ERROR 2478046 shm_attach shm_open failed: No such file or directory[0m
[31m/home/cvazquezperezdelacru/clio-core/context-runtime/src/ipc_manager.cc:1154 ERROR 2478046 ClientInitShm ClientInitShm: shm_attach(main='chi_main_segment_cvazquezperezdelacru_9413') failed[0m
[97m/home/cvazquezperezdelacru/clio-core/context-runtime/src/ipc_manager.cc:2911 INFO 2478046 ReconnectToOriginalHost ReconnectToOriginalHost: Attempting to reconnect to restarted server[0m
[31m/home/cvazquezperezdelacru/clio-core/context-runtime/src/../../context-transport-primitives/include/clio_ctp/memory/backend/posix_shm_mmap.h:142 ERROR 2478046 shm_attach shm_open failed: No such file or directory[0m
[31m/home/cvazquezperezdelacru/clio-core/context-runtime/src/ipc_manager.cc:1154 ERROR 2478046 ClientInitShm ClientInitShm: shm_attach(main='chi_main_segment_cvazquezperezdelacru_9413') failed[0m
[97m/home/cvazquezperezdelacru/clio-core/context-runtime/src/ipc_manager.cc:2911 INFO 2478046 ReconnectToOriginalHost ReconnectToOriginalHost: Attempting to reconnect to restarted server[0m
[31m/home/cvazquezperezdelacru/clio-core/context-runtime/src/../../context-transport-primitives/include/clio_ctp/memory/backend/posix_shm_mmap.h:142 ERROR 2478046 shm_attach shm_open failed: No such file or directory[0m
[31m/home/cvazquezperezdelacru/clio-core/context-runtime/src/ipc_manager.cc:1154 ERROR 2478046 ClientInitShm ClientInitShm: shm_attach(main='chi_main_segment_cvazquezperezdelacru_9413') failed[0m
[97m/home/cvazquezperezdelacru/clio-core/context-runtime/src/ipc_manager.cc:2911 INFO 2478046 ReconnectToOriginalHost ReconnectToOriginalHost: Attempting to reconnect to restarted server[0m
[31m/home/cvazquezperezdelacru/clio-core/context-runtime/src/../../context-transport-primitives/include/clio_ctp/memory/backend/posix_shm_mmap.h:142 ERROR 2478046 shm_attach shm_open failed: No such file or directory[0m
[31m/home/cvazquezperezdelacru/clio-core/context-runtime/src/ipc_manager.cc:1154 ERROR 2478046 ClientInitShm ClientInitShm: shm_attach(main='chi_main_segment_cvazquezperezdelacru_9413') failed[0m
[97m/home/cvazquezperezdelacru/clio-core/context-runtime/src/ipc_manager.cc:2911 INFO 2478046 ReconnectToOriginalHost ReconnectToOriginalHost: Attempting to reconnect to restarted server[0m
[31m/home/cvazquezperezdelacru/clio-core/context-runtime/src/../../context-transport-primitives/include/clio_ctp/memory/backend/posix_shm_mmap.h:142 ERROR 2478046 shm_attach shm_open failed: No such file or directory[0m
[31m/home/cvazquezperezdelacru/clio-core/context-runtime/src/ipc_manager.cc:1154 ERROR 2478046 ClientInitShm ClientInitShm: shm_attach(main='chi_main_segment_cvazquezperezdelacru_9413') failed[0m
[97m/home/cvazquezperezdelacru/clio-core/context-runtime/src/ipc_manager.cc:2911 INFO 2478046 ReconnectToOriginalHost ReconnectToOriginalHost: Attempting to reconnect to restarted server[0m
[31m/home/cvazquezperezdelacru/clio-core/context-runtime/src/../../context-transport-primitives/include/clio_ctp/memory/backend/posix_shm_mmap.h:142 ERROR 2478046 shm_attach shm_open failed: No such file or directory[0m
[31m/home/cvazquezperezdelacru/clio-core/context-runtime/src/ipc_manager.cc:1154 ERROR 2478046 ClientInitShm ClientInitShm: shm_attach(main='chi_main_segment_cvazquezperezdelacru_9413') failed[0m
[97m/home/cvazquezperezdelacru/clio-core/context-runtime/src/ipc_manager.cc:2911 INFO 2478046 ReconnectToOriginalHost ReconnectToOriginalHost: Attempting to reconnect to restarted server[0m
[31m/home/cvazquezperezdelacru/clio-core/context-runtime/src/../../context-transport-primitives/include/clio_ctp/memory/backend/posix_shm_mmap.h:142 ERROR 2478046 shm_attach shm_open failed: No such file or directory[0m
[31m/home/cvazquezperezdelacru/clio-core/context-runtime/src/ipc_manager.cc:1154 ERROR 2478046 ClientInitShm ClientInitShm: shm_attach(main='chi_main_segment_cvazquezperezdelacru_9413') failed[0m
[97m/home/cvazquezperezdelacru/clio-core/context-runtime/src/ipc_manager.cc:2911 INFO 2478046 ReconnectToOriginalHost ReconnectToOriginalHost: Attempting to reconnect to restarted server[0m
[31m/home/cvazquezperezdelacru/clio-core/context-runtime/src/../../context-transport-primitives/include/clio_ctp/memory/backend/posix_shm_mmap.h:142 ERROR 2478046 shm_attach shm_open failed: No such file or directory[0m
[31m/home/cvazquezperezdelacru/clio-core/context-runtime/src/ipc_manager.cc:1154 ERROR 2478046 ClientInitShm ClientInitShm: shm_attach(main='chi_main_segment_cvazquezperezdelacru_9413') failed[0m
[97m/home/cvazquezperezdelacru/clio-core/context-runtime/src/ipc_manager.cc:2911 INFO 2478046 ReconnectToOriginalHost ReconnectToOriginalHost: Attempting to reconnect to restarted server[0m
[31m/home/cvazquezperezdelacru/clio-core/context-runtime/src/../../context-transport-primitives/include/clio_ctp/memory/backend/posix_shm_mmap.h:142 ERROR 2478046 shm_attach shm_open failed: No such file or directory[0m
[31m/home/cvazquezperezdelacru/clio-core/context-runtime/src/ipc_manager.cc:1154 ERROR 2478046 ClientInitShm ClientInitShm: shm_attach(main='chi_main_segment_cvazquezperezdelacru_9413') failed[0m
[97m/home/cvazquezperezdelacru/clio-core/context-runtime/src/ipc_manager.cc:2911 INFO 2478046 ReconnectToOriginalHost ReconnectToOriginalHost: Attempting to reconnect to restarted server[0m
[31m/home/cvazquezperezdelacru/clio-core/context-runtime/src/../../context-transport-primitives/include/clio_ctp/memory/backend/posix_shm_mmap.h:142 ERROR 2478046 shm_attach shm_open failed: No such file or directory[0m
[31m/home/cvazquezperezdelacru/clio-core/context-runtime/src/ipc_manager.cc:1154 ERROR 2478046 ClientInitShm ClientInitShm: shm_attach(main='chi_main_segment_cvazquezperezdelacru_9413') failed[0m
[97m/home/cvazquezperezdelacru/clio-core/context-runtime/src/ipc_manager.cc:2911 INFO 2478046 ReconnectToOriginalHost ReconnectToOriginalHost: Attempting to reconnect to restarted server[0m
[31m/home/cvazquezperezdelacru/clio-core/context-runtime/src/../../context-transport-primitives/include/clio_ctp/memory/backend/posix_shm_mmap.h:142 ERROR 2478046 shm_attach shm_open failed: No such file or directory[0m
[31m/home/cvazquezperezdelacru/clio-core/context-runtime/src/ipc_manager.cc:1154 ERROR 2478046 ClientInitShm ClientInitShm: shm_attach(main='chi_main_segment_cvazquezperezdelacru_9413') failed[0m
[97m/home/cvazquezperezdelacru/clio-core/context-runtime/src/ipc_manager.cc:2911 INFO 2478046 ReconnectToOriginalHost ReconnectToOriginalHost: Attempting to reconnect to restarted server[0m
[31m/home/cvazquezperezdelacru/clio-core/context-runtime/src/../../context-transport-primitives/include/clio_ctp/memory/backend/posix_shm_mmap.h:142 ERROR 2478046 shm_attach shm_open failed: No such file or directory[0m
[31m/home/cvazquezperezdelacru/clio-core/context-runtime/src/ipc_manager.cc:1154 ERROR 2478046 ClientInitShm ClientInitShm: shm_attach(main='chi_main_segment_cvazquezperezdelacru_9413') failed[0m
[97m/home/cvazquezperezdelacru/clio-core/context-runtime/src/ipc_manager.cc:2911 INFO 2478046 ReconnectToOriginalHost ReconnectToOriginalHost: Attempting to reconnect to restarted server[0m
[31m/home/cvazquezperezdelacru/clio-core/context-runtime/src/../../context-transport-primitives/include/clio_ctp/memory/backend/posix_shm_mmap.h:142 ERROR 2478046 shm_attach shm_open failed: No such file or directory[0m
[31m/home/cvazquezperezdelacru/clio-core/context-runtime/src/ipc_manager.cc:1154 ERROR 2478046 ClientInitShm ClientInitShm: shm_attach(main='chi_main_segment_cvazquezperezdelacru_9413') failed[0m
[97m/home/cvazquezperezdelacru/clio-core/context-runtime/src/ipc_manager.cc:2911 INFO 2478046 ReconnectToOriginalHost ReconnectToOriginalHost: Attempting to reconnect to restarted server[0m
[31m/home/cvazquezperezdelacru/clio-core/context-runtime/src/../../context-transport-primitives/include/clio_ctp/memory/backend/posix_shm_mmap.h:142 ERROR 2478046 shm_attach shm_open failed: No such file or directory[0m
[31m/home/cvazquezperezdelacru/clio-core/context-runtime/src/ipc_manager.cc:1154 ERROR 2478046 ClientInitShm ClientInitShm: shm_attach(main='chi_main_segment_cvazquezperezdelacru_9413') failed[0m
[97m/home/cvazquezperezdelacru/clio-core/context-runtime/src/ipc_manager.cc:2911 INFO 2478046 ReconnectToOriginalHost ReconnectToOriginalHost: Attempting to reconnect to restarted server[0m
[31m/home/cvazquezperezdelacru/clio-core/context-runtime/src/../../context-transport-primitives/include/clio_ctp/memory/backend/posix_shm_mmap.h:142 ERROR 2478046 shm_attach shm_open failed: No such file or directory[0m
[31m/home/cvazquezperezdelacru/clio-core/context-runtime/src/ipc_manager.cc:1154 ERROR 2478046 ClientInitShm ClientInitShm: shm_attach(main='chi_main_segment_cvazquezperezdelacru_9413') failed[0m
[97m/home/cvazquezperezdelacru/clio-core/context-runtime/src/ipc_manager.cc:2911 INFO 2478046 ReconnectToOriginalHost ReconnectToOriginalHost: Attempting to reconnect to restarted server[0m
[31m/home/cvazquezperezdelacru/clio-core/context-runtime/src/../../context-transport-primitives/include/clio_ctp/memory/backend/posix_shm_mmap.h:142 ERROR 2478046 shm_attach shm_open failed: No such file or directory[0m
[31m/home/cvazquezperezdelacru/clio-core/context-runtime/src/ipc_manager.cc:1154 ERROR 2478046 ClientInitShm ClientInitShm: shm_attach(main='chi_main_segment_cvazquezperezdelacru_9413') failed[0m
[97m/home/cvazquezperezdelacru/clio-core/context-runtime/src/ipc_manager.cc:2911 INFO 2478046 ReconnectToOriginalHost ReconnectToOriginalHost: Attempting to reconnect to restarted server[0m
[31m/home/cvazquezperezdelacru/clio-core/context-runtime/src/../../context-transport-primitives/include/clio_ctp/memory/backend/posix_shm_mmap.h:142 ERROR 2478046 shm_attach shm_open failed: No such file or directory[0m
[31m/home/cvazquezperezdelacru/clio-core/context-runtime/src/ipc_manager.cc:1154 ERROR 2478046 ClientInitShm ClientInitShm: shm_attach(main='chi_main_segment_cvazquezperezdelacru_9413') failed[0m
[97m/home/cvazquezperezdelacru/clio-core/context-runtime/src/ipc_manager.cc:2911 INFO 2478046 ReconnectToOriginalHost ReconnectToOriginalHost: Attempting to reconnect to restarted server[0m
[31m/home/cvazquezperezdelacru/clio-core/context-runtime/src/../../context-transport-primitives/include/clio_ctp/memory/backend/posix_shm_mmap.h:142 ERROR 2478046 shm_attach shm_open failed: No such file or directory[0m
[31m/home/cvazquezperezdelacru/clio-core/context-runtime/src/ipc_manager.cc:1154 ERROR 2478046 ClientInitShm ClientInitShm: shm_attach(main='chi_main_segment_cvazquezperezdelacru_9413') failed[0m
[97m/home/cvazquezperezdelacru/clio-core/context-runtime/src/ipc_manager.cc:2911 INFO 2478046 ReconnectToOriginalHost ReconnectToOriginalHost: Attempting to reconnect to restarted server[0m
[31m/home/cvazquezperezdelacru/clio-core/context-runtime/src/../../context-transport-primitives/include/clio_ctp/memory/backend/posix_shm_mmap.h:142 ERROR 2478046 shm_attach shm_open failed: No such file or directory[0m
[31m/home/cvazquezperezdelacru/clio-core/context-runtime/src/ipc_manager.cc:1154 ERROR 2478046 ClientInitShm ClientInitShm: shm_attach(main='chi_main_segment_cvazquezperezdelacru_9413') failed[0m
[33m/home/cvazquezperezdelacru/clio-core/context-runtime/src/ipc_manager.cc:3085 WARNING 2478046 WaitForServerAndReconnect WaitForServerAndReconnect: Original server timed out after 60.0122s[0m
chimod subtask rc=4294967295
[33m/home/cvazquezperezdelacru/clio-core-dev-install/include/clio_runtime/ipc/ipc_cpu2cpu_zmq_impl.h:91 WARNING 2478046 RecvOut Recv(SHM): Server dead, attempting reconnect...[0m
[97m/home/cvazquezperezdelacru/clio-core/context-runtime/src/ipc_manager.cc:2911 INFO 2478046 ReconnectToOriginalHost ReconnectToOriginalHost: Attempting to reconnect to restarted server[0m
[31m/home/cvazquezperezdelacru/clio-core/context-runtime/src/../../context-transport-primitives/include/clio_ctp/memory/backend/posix_shm_mmap.h:142 ERROR 2478046 shm_attach shm_open failed: No such file or directory[0m
[31m/home/cvazquezperezdelacru/clio-core/context-runtime/src/ipc_manager.cc:1154 ERROR 2478046 ClientInitShm ClientInitShm: shm_attach(main='chi_main_segment_cvazquezperezdelacru_9413') failed[0m
[97m/home/cvazquezperezdelacru/clio-core/context-runtime/src/ipc_manager.cc:2911 INFO 2478046 ReconnectToOriginalHost ReconnectToOriginalHost: Attempting to reconnect to restarted server[0m
[31m/home/cvazquezperezdelacru/clio-core/context-runtime/src/../../context-transport-primitives/include/clio_ctp/memory/backend/posix_shm_mmap.h:142 ERROR 2478046 shm_attach shm_open failed: No such file or directory[0m
[31m/home/cvazquezperezdelacru/clio-core/context-runtime/src/ipc_manager.cc:1154 ERROR 2478046 ClientInitShm ClientInitShm: shm_attach(main='chi_main_segment_cvazquezperezdelacru_9413') failed[0m
[97m/home/cvazquezperezdelacru/clio-core/context-runtime/src/ipc_manager.cc:2911 INFO 2478046 ReconnectToOriginalHost ReconnectToOriginalHost: Attempting to reconnect to restarted server[0m
[31m/home/cvazquezperezdelacru/clio-core/context-runtime/src/../../context-transport-primitives/include/clio_ctp/memory/backend/posix_shm_mmap.h:142 ERROR 2478046 shm_attach shm_open failed: No such file or directory[0m
[31m/home/cvazquezperezdelacru/clio-core/context-runtime/src/ipc_manager.cc:1154 ERROR 2478046 ClientInitShm ClientInitShm: shm_attach(main='chi_main_segment_cvazquezperezdelacru_9413') failed[0m
[97m/home/cvazquezperezdelacru/clio-core/context-runtime/src/ipc_manager.cc:2911 INFO 2478046 ReconnectToOriginalHost ReconnectToOriginalHost: Attempting to reconnect to restarted server[0m
[31m/home/cvazquezperezdelacru/clio-core/context-runtime/src/../../context-transport-primitives/include/clio_ctp/memory/backend/posix_shm_mmap.h:142 ERROR 2478046 shm_attach shm_open failed: No such file or directory[0m
[31m/home/cvazquezperezdelacru/clio-core/context-runtime/src/ipc_manager.cc:1154 ERROR 2478046 ClientInitShm ClientInitShm: shm_attach(main='chi_main_segment_cvazquezperezdelacru_9413') failed[0m
[97m/home/cvazquezperezdelacru/clio-core/context-runtime/src/ipc_manager.cc:2911 INFO 2478046 ReconnectToOriginalHost ReconnectToOriginalHost: Attempting to reconnect to restarted server[0m
[31m/home/cvazquezperezdelacru/clio-core/context-runtime/src/../../context-transport-primitives/include/clio_ctp/memory/backend/posix_shm_mmap.h:142 ERROR 2478046 shm_attach shm_open failed: No such file or directory[0m
[31m/home/cvazquezperezdelacru/clio-core/context-runtime/src/ipc_manager.cc:1154 ERROR 2478046 ClientInitShm ClientInitShm: shm_attach(main='chi_main_segment_cvazquezperezdelacru_9413') failed[0m
[97m/home/cvazquezperezdelacru/clio-core/context-runtime/src/ipc_manager.cc:2911 INFO 2478046 ReconnectToOriginalHost ReconnectToOriginalHost: Attempting to reconnect to restarted server[0m
[31m/home/cvazquezperezdelacru/clio-core/context-runtime/src/../../context-transport-primitives/include/clio_ctp/memory/backend/posix_shm_mmap.h:142 ERROR 2478046 shm_attach shm_open failed: No such file or directory[0m
[31m/home/cvazquezperezdelacru/clio-core/context-runtime/src/ipc_manager.cc:1154 ERROR 2478046 ClientInitShm ClientInitShm: shm_attach(main='chi_main_segment_cvazquezperezdelacru_9413') failed[0m
[97m/home/cvazquezperezdelacru/clio-core/context-runtime/src/ipc_manager.cc:2911 INFO 2478046 ReconnectToOriginalHost ReconnectToOriginalHost: Attempting to reconnect to restarted server[0m
[31m/home/cvazquezperezdelacru/clio-core/context-runtime/src/../../context-transport-primitives/include/clio_ctp/memory/backend/posix_shm_mmap.h:142 ERROR 2478046 shm_attach shm_open failed: No such file or directory[0m
[31m/home/cvazquezperezdelacru/clio-core/context-runtime/src/ipc_manager.cc:1154 ERROR 2478046 ClientInitShm ClientInitShm: shm_attach(main='chi_main_segment_cvazquezperezdelacru_9413') failed[0m
[97m/home/cvazquezperezdelacru/clio-core/context-runtime/src/ipc_manager.cc:2911 INFO 2478046 ReconnectToOriginalHost ReconnectToOriginalHost: Attempting to reconnect to restarted server[0m
[31m/home/cvazquezperezdelacru/clio-core/context-runtime/src/../../context-transport-primitives/include/clio_ctp/memory/backend/posix_shm_mmap.h:142 ERROR 2478046 shm_attach shm_open failed: No such file or directory[0m
[31m/home/cvazquezperezdelacru/clio-core/context-runtime/src/ipc_manager.cc:1154 ERROR 2478046 ClientInitShm ClientInitShm: shm_attach(main='chi_main_segment_cvazquezperezdelacru_9413') failed[0m
[97m/home/cvazquezperezdelacru/clio-core/context-runtime/src/ipc_manager.cc:2911 INFO 2478046 ReconnectToOriginalHost ReconnectToOriginalHost: Attempting to reconnect to restarted server[0m
[31m/home/cvazquezperezdelacru/clio-core/context-runtime/src/../../context-transport-primitives/include/clio_ctp/memory/backend/posix_shm_mmap.h:142 ERROR 2478046 shm_attach shm_open failed: No such file or directory[0m
[31m/home/cvazquezperezdelacru/clio-core/context-runtime/src/ipc_manager.cc:1154 ERROR 2478046 ClientInitShm ClientInitShm: shm_attach(main='chi_main_segment_cvazquezperezdelacru_9413') failed[0m
[97m/home/cvazquezperezdelacru/clio-core/context-runtime/src/ipc_manager.cc:2911 INFO 2478046 ReconnectToOriginalHost ReconnectToOriginalHost: Attempting to reconnect to restarted server[0m
[31m/home/cvazquezperezdelacru/clio-core/context-runtime/src/../../context-transport-primitives/include/clio_ctp/memory/backend/posix_shm_mmap.h:142 ERROR 2478046 shm_attach shm_open failed: No such file or directory[0m
[31m/home/cvazquezperezdelacru/clio-core/context-runtime/src/ipc_manager.cc:1154 ERROR 2478046 ClientInitShm ClientInitShm: shm_attach(main='chi_main_segment_cvazquezperezdelacru_9413') failed[0m
[97m/home/cvazquezperezdelacru/clio-core/context-runtime/src/ipc_manager.cc:2911 INFO 2478046 ReconnectToOriginalHost ReconnectToOriginalHost: Attempting to reconnect to restarted server[0m
[31m/home/cvazquezperezdelacru/clio-core/context-runtime/src/../../context-transport-primitives/include/clio_ctp/memory/backend/posix_shm_mmap.h:142 ERROR 2478046 shm_attach shm_open failed: No such file or directory[0m
[31m/home/cvazquezperezdelacru/clio-core/context-runtime/src/ipc_manager.cc:1154 ERROR 2478046 ClientInitShm ClientInitShm: shm_attach(main='chi_main_segment_cvazquezperezdelacru_9413') failed[0m
[97m/home/cvazquezperezdelacru/clio-core/context-runtime/src/ipc_manager.cc:2911 INFO 2478046 ReconnectToOriginalHost ReconnectToOriginalHost: Attempting to reconnect to restarted server[0m
[31m/home/cvazquezperezdelacru/clio-core/context-runtime/src/../../context-transport-primitives/include/clio_ctp/memory/backend/posix_shm_mmap.h:142 ERROR 2478046 shm_attach shm_open failed: No such file or directory[0m
[31m/home/cvazquezperezdelacru/clio-core/context-runtime/src/ipc_manager.cc:1154 ERROR 2478046 ClientInitShm ClientInitShm: shm_attach(main='chi_main_segment_cvazquezperezdelacru_9413') failed[0m
[97m/home/cvazquezperezdelacru/clio-core/context-runtime/src/ipc_manager.cc:2911 INFO 2478046 ReconnectToOriginalHost ReconnectToOriginalHost: Attempting to reconnect to restarted server[0m
[31m/home/cvazquezperezdelacru/clio-core/context-runtime/src/../../context-transport-primitives/include/clio_ctp/memory/backend/posix_shm_mmap.h:142 ERROR 2478046 shm_attach shm_open failed: No such file or directory[0m
[31m/home/cvazquezperezdelacru/clio-core/context-runtime/src/ipc_manager.cc:1154 ERROR 2478046 ClientInitShm ClientInitShm: shm_attach(main='chi_main_segment_cvazquezperezdelacru_9413') failed[0m
[97m/home/cvazquezperezdelacru/clio-core/context-runtime/src/ipc_manager.cc:2911 INFO 2478046 ReconnectToOriginalHost ReconnectToOriginalHost: Attempting to reconnect to restarted server[0m
[31m/home/cvazquezperezdelacru/clio-core/context-runtime/src/../../context-transport-primitives/include/clio_ctp/memory/backend/posix_shm_mmap.h:142 ERROR 2478046 shm_attach shm_open failed: No such file or directory[0m
[31m/home/cvazquezperezdelacru/clio-core/context-runtime/src/ipc_manager.cc:1154 ERROR 2478046 ClientInitShm ClientInitShm: shm_attach(main='chi_main_segment_cvazquezperezdelacru_9413') failed[0m
[97m/home/cvazquezperezdelacru/clio-core/context-runtime/src/ipc_manager.cc:2911 INFO 2478046 ReconnectToOriginalHost ReconnectToOriginalHost: Attempting to reconnect to restarted server[0m
[31m/home/cvazquezperezdelacru/clio-core/context-runtime/src/../../context-transport-primitives/include/clio_ctp/memory/backend/posix_shm_mmap.h:142 ERROR 2478046 shm_attach shm_open failed: No such file or directory[0m
[31m/home/cvazquezperezdelacru/clio-core/context-runtime/src/ipc_manager.cc:1154 ERROR 2478046 ClientInitShm ClientInitShm: shm_attach(main='chi_main_segment_cvazquezperezdelacru_9413') failed[0m
[97m/home/cvazquezperezdelacru/clio-core/context-runtime/src/ipc_manager.cc:2911 INFO 2478046 ReconnectToOriginalHost ReconnectToOriginalHost: Attempting to reconnect to restarted server[0m
[31m/home/cvazquezperezdelacru/clio-core/context-runtime/src/../../context-transport-primitives/include/clio_ctp/memory/backend/posix_shm_mmap.h:142 ERROR 2478046 shm_attach shm_open failed: No such file or directory[0m
[31m/home/cvazquezperezdelacru/clio-core/context-runtime/src/ipc_manager.cc:1154 ERROR 2478046 ClientInitShm ClientInitShm: shm_attach(main='chi_main_segment_cvazquezperezdelacru_9413') failed[0m
[97m/home/cvazquezperezdelacru/clio-core/context-runtime/src/ipc_manager.cc:2911 INFO 2478046 ReconnectToOriginalHost ReconnectToOriginalHost: Attempting to reconnect to restarted server[0m
[31m/home/cvazquezperezdelacru/clio-core/context-runtime/src/../../context-transport-primitives/include/clio_ctp/memory/backend/posix_shm_mmap.h:142 ERROR 2478046 shm_attach shm_open failed: No such file or directory[0m
[31m/home/cvazquezperezdelacru/clio-core/context-runtime/src/ipc_manager.cc:1154 ERROR 2478046 ClientInitShm ClientInitShm: shm_attach(main='chi_main_segment_cvazquezperezdelacru_9413') failed[0m
[97m/home/cvazquezperezdelacru/clio-core/context-runtime/src/ipc_manager.cc:2911 INFO 2478046 ReconnectToOriginalHost ReconnectToOriginalHost: Attempting to reconnect to restarted server[0m
[31m/home/cvazquezperezdelacru/clio-core/context-runtime/src/../../context-transport-primitives/include/clio_ctp/memory/backend/posix_shm_mmap.h:142 ERROR 2478046 shm_attach shm_open failed: No such file or directory[0m
[31m/home/cvazquezperezdelacru/clio-core/context-runtime/src/ipc_manager.cc:1154 ERROR 2478046 ClientInitShm ClientInitShm: shm_attach(main='chi_main_segment_cvazquezperezdelacru_9413') failed[0m
[97m/home/cvazquezperezdelacru/clio-core/context-runtime/src/ipc_manager.cc:2911 INFO 2478046 ReconnectToOriginalHost ReconnectToOriginalHost: Attempting to reconnect to restarted server[0m
[31m/home/cvazquezperezdelacru/clio-core/context-runtime/src/../../context-transport-primitives/include/clio_ctp/memory/backend/posix_shm_mmap.h:142 ERROR 2478046 shm_attach shm_open failed: No such file or directory[0m
[31m/home/cvazquezperezdelacru/clio-core/context-runtime/src/ipc_manager.cc:1154 ERROR 2478046 ClientInitShm ClientInitShm: shm_attach(main='chi_main_segment_cvazquezperezdelacru_9413') failed[0m
[97m/home/cvazquezperezdelacru/clio-core/context-runtime/src/ipc_manager.cc:2911 INFO 2478046 ReconnectToOriginalHost ReconnectToOriginalHost: Attempting to reconnect to restarted server[0m
[31m/home/cvazquezperezdelacru/clio-core/context-runtime/src/../../context-transport-primitives/include/clio_ctp/memory/backend/posix_shm_mmap.h:142 ERROR 2478046 shm_attach shm_open failed: No such file or directory[0m
[31m/home/cvazquezperezdelacru/clio-core/context-runtime/src/ipc_manager.cc:1154 ERROR 2478046 ClientInitShm ClientInitShm: shm_attach(main='chi_main_segment_cvazquezperezdelacru_9413') failed[0m
[97m/home/cvazquezperezdelacru/clio-core/context-runtime/src/ipc_manager.cc:2911 INFO 2478046 ReconnectToOriginalHost ReconnectToOriginalHost: Attempting to reconnect to restarted server[0m
[31m/home/cvazquezperezdelacru/clio-core/context-runtime/src/../../context-transport-primitives/include/clio_ctp/memory/backend/posix_shm_mmap.h:142 ERROR 2478046 shm_attach shm_open failed: No such file or directory[0m
[31m/home/cvazquezperezdelacru/clio-core/context-runtime/src/ipc_manager.cc:1154 ERROR 2478046 ClientInitShm ClientInitShm: shm_attach(main='chi_main_segment_cvazquezperezdelacru_9413') failed[0m
[97m/home/cvazquezperezdelacru/clio-core/context-runtime/src/ipc_manager.cc:2911 INFO 2478046 ReconnectToOriginalHost ReconnectToOriginalHost: Attempting to reconnect to restarted server[0m
[31m/home/cvazquezperezdelacru/clio-core/context-runtime/src/../../context-transport-primitives/include/clio_ctp/memory/backend/posix_shm_mmap.h:142 ERROR 2478046 shm_attach shm_open failed: No such file or directory[0m
[31m/home/cvazquezperezdelacru/clio-core/context-runtime/src/ipc_manager.cc:1154 ERROR 2478046 ClientInitShm ClientInitShm: shm_attach(main='chi_main_segment_cvazquezperezdelacru_9413') failed[0m
[97m/home/cvazquezperezdelacru/clio-core/context-runtime/src/ipc_manager.cc:2911 INFO 2478046 ReconnectToOriginalHost ReconnectToOriginalHost: Attempting to reconnect to restarted server[0m
[31m/home/cvazquezperezdelacru/clio-core/context-runtime/src/../../context-transport-primitives/include/clio_ctp/memory/backend/posix_shm_mmap.h:142 ERROR 2478046 shm_attach shm_open failed: No such file or directory[0m
[31m/home/cvazquezperezdelacru/clio-core/context-runtime/src/ipc_manager.cc:1154 ERROR 2478046 ClientInitShm ClientInitShm: shm_attach(main='chi_main_segment_cvazquezperezdelacru_9413') failed[0m
[97m/home/cvazquezperezdelacru/clio-core/context-runtime/src/ipc_manager.cc:2911 INFO 2478046 ReconnectToOriginalHost ReconnectToOriginalHost: Attempting to reconnect to restarted server[0m
[31m/home/cvazquezperezdelacru/clio-core/context-runtime/src/../../context-transport-primitives/include/clio_ctp/memory/backend/posix_shm_mmap.h:142 ERROR 2478046 shm_attach shm_open failed: No such file or directory[0m
[31m/home/cvazquezperezdelacru/clio-core/context-runtime/src/ipc_manager.cc:1154 ERROR 2478046 ClientInitShm ClientInitShm: shm_attach(main='chi_main_segment_cvazquezperezdelacru_9413') failed[0m
[97m/home/cvazquezperezdelacru/clio-core/context-runtime/src/ipc_manager.cc:2911 INFO 2478046 ReconnectToOriginalHost ReconnectToOriginalHost: Attempting to reconnect to restarted server[0m
[31m/home/cvazquezperezdelacru/clio-core/context-runtime/src/../../context-transport-primitives/include/clio_ctp/memory/backend/posix_shm_mmap.h:142 ERROR 2478046 shm_attach shm_open failed: No such file or directory[0m
[31m/home/cvazquezperezdelacru/clio-core/context-runtime/src/ipc_manager.cc:1154 ERROR 2478046 ClientInitShm ClientInitShm: shm_attach(main='chi_main_segment_cvazquezperezdelacru_9413') failed[0m
[97m/home/cvazquezperezdelacru/clio-core/context-runtime/src/ipc_manager.cc:2911 INFO 2478046 ReconnectToOriginalHost ReconnectToOriginalHost: Attempting to reconnect to restarted server[0m
[31m/home/cvazquezperezdelacru/clio-core/context-runtime/src/../../context-transport-primitives/include/clio_ctp/memory/backend/posix_shm_mmap.h:142 ERROR 2478046 shm_attach shm_open failed: No such file or directory[0m
[31m/home/cvazquezperezdelacru/clio-core/context-runtime/src/ipc_manager.cc:1154 ERROR 2478046 ClientInitShm ClientInitShm: shm_attach(main='chi_main_segment_cvazquezperezdelacru_9413') failed[0m
[97m/home/cvazquezperezdelacru/clio-core/context-runtime/src/ipc_manager.cc:2911 INFO 2478046 ReconnectToOriginalHost ReconnectToOriginalHost: Attempting to reconnect to restarted server[0m
[31m/home/cvazquezperezdelacru/clio-core/context-runtime/src/../../context-transport-primitives/include/clio_ctp/memory/backend/posix_shm_mmap.h:142 ERROR 2478046 shm_attach shm_open failed: No such file or directory[0m
[31m/home/cvazquezperezdelacru/clio-core/context-runtime/src/ipc_manager.cc:1154 ERROR 2478046 ClientInitShm ClientInitShm: shm_attach(main='chi_main_segment_cvazquezperezdelacru_9413') failed[0m
[97m/home/cvazquezperezdelacru/clio-core/context-runtime/src/ipc_manager.cc:2911 INFO 2478046 ReconnectToOriginalHost ReconnectToOriginalHost: Attempting to reconnect to restarted server[0m
[31m/home/cvazquezperezdelacru/clio-core/context-runtime/src/../../context-transport-primitives/include/clio_ctp/memory/backend/posix_shm_mmap.h:142 ERROR 2478046 shm_attach shm_open failed: No such file or directory[0m
[31m/home/cvazquezperezdelacru/clio-core/context-runtime/src/ipc_manager.cc:1154 ERROR 2478046 ClientInitShm ClientInitShm: shm_attach(main='chi_main_segment_cvazquezperezdelacru_9413') failed[0m
[97m/home/cvazquezperezdelacru/clio-core/context-runtime/src/ipc_manager.cc:2911 INFO 2478046 ReconnectToOriginalHost ReconnectToOriginalHost: Attempting to reconnect to restarted server[0m
[31m/home/cvazquezperezdelacru/clio-core/context-runtime/src/../../context-transport-primitives/include/clio_ctp/memory/backend/posix_shm_mmap.h:142 ERROR 2478046 shm_attach shm_open failed: No such file or directory[0m
[31m/home/cvazquezperezdelacru/clio-core/context-runtime/src/ipc_manager.cc:1154 ERROR 2478046 ClientInitShm ClientInitShm: shm_attach(main='chi_main_segment_cvazquezperezdelacru_9413') failed[0m
[97m/home/cvazquezperezdelacru/clio-core/context-runtime/src/ipc_manager.cc:2911 INFO 2478046 ReconnectToOriginalHost ReconnectToOriginalHost: Attempting to reconnect to restarted server[0m
[31m/home/cvazquezperezdelacru/clio-core/context-runtime/src/../../context-transport-primitives/include/clio_ctp/memory/backend/posix_shm_mmap.h:142 ERROR 2478046 shm_attach shm_open failed: No such file or directory[0m
[31m/home/cvazquezperezdelacru/clio-core/context-runtime/src/ipc_manager.cc:1154 ERROR 2478046 ClientInitShm ClientInitShm: shm_attach(main='chi_main_segment_cvazquezperezdelacru_9413') failed[0m
[97m/home/cvazquezperezdelacru/clio-core/context-runtime/src/ipc_manager.cc:2911 INFO 2478046 ReconnectToOriginalHost ReconnectToOriginalHost: Attempting to reconnect to restarted server[0m
[31m/home/cvazquezperezdelacru/clio-core/context-runtime/src/../../context-transport-primitives/include/clio_ctp/memory/backend/posix_shm_mmap.h:142 ERROR 2478046 shm_attach shm_open failed: No such file or directory[0m
[31m/home/cvazquezperezdelacru/clio-core/context-runtime/src/ipc_manager.cc:1154 ERROR 2478046 ClientInitShm ClientInitShm: shm_attach(main='chi_main_segment_cvazquezperezdelacru_9413') failed[0m
[97m/home/cvazquezperezdelacru/clio-core/context-runtime/src/ipc_manager.cc:2911 INFO 2478046 ReconnectToOriginalHost ReconnectToOriginalHost: Attempting to reconnect to restarted server[0m
[31m/home/cvazquezperezdelacru/clio-core/context-runtime/src/../../context-transport-primitives/include/clio_ctp/memory/backend/posix_shm_mmap.h:142 ERROR 2478046 shm_attach shm_open failed: No such file or directory[0m
[31m/home/cvazquezperezdelacru/clio-core/context-runtime/src/ipc_manager.cc:1154 ERROR 2478046 ClientInitShm ClientInitShm: shm_attach(main='chi_main_segment_cvazquezperezdelacru_9413') failed[0m
[97m/home/cvazquezperezdelacru/clio-core/context-runtime/src/ipc_manager.cc:2911 INFO 2478046 ReconnectToOriginalHost ReconnectToOriginalHost: Attempting to reconnect to restarted server[0m
[31m/home/cvazquezperezdelacru/clio-core/context-runtime/src/../../context-transport-primitives/include/clio_ctp/memory/backend/posix_shm_mmap.h:142 ERROR 2478046 shm_attach shm_open failed: No such file or directory[0m
[31m/home/cvazquezperezdelacru/clio-core/context-runtime/src/ipc_manager.cc:1154 ERROR 2478046 ClientInitShm ClientInitShm: shm_attach(main='chi_main_segment_cvazquezperezdelacru_9413') failed[0m
[97m/home/cvazquezperezdelacru/clio-core/context-runtime/src/ipc_manager.cc:2911 INFO 2478046 ReconnectToOriginalHost ReconnectToOriginalHost: Attempting to reconnect to restarted server[0m
[31m/home/cvazquezperezdelacru/clio-core/context-runtime/src/../../context-transport-primitives/include/clio_ctp/memory/backend/posix_shm_mmap.h:142 ERROR 2478046 shm_attach shm_open failed: No such file or directory[0m
[31m/home/cvazquezperezdelacru/clio-core/context-runtime/src/ipc_manager.cc:1154 ERROR 2478046 ClientInitShm ClientInitShm: shm_attach(main='chi_main_segment_cvazquezperezdelacru_9413') failed[0m
[97m/home/cvazquezperezdelacru/clio-core/context-runtime/src/ipc_manager.cc:2911 INFO 2478046 ReconnectToOriginalHost ReconnectToOriginalHost: Attempting to reconnect to restarted server[0m
[31m/home/cvazquezperezdelacru/clio-core/context-runtime/src/../../context-transport-primitives/include/clio_ctp/memory/backend/posix_shm_mmap.h:142 ERROR 2478046 shm_attach shm_open failed: No such file or directory[0m
[31m/home/cvazquezperezdelacru/clio-core/context-runtime/src/ipc_manager.cc:1154 ERROR 2478046 ClientInitShm ClientInitShm: shm_attach(main='chi_main_segment_cvazquezperezdelacru_9413') failed[0m
[97m/home/cvazquezperezdelacru/clio-core/context-runtime/src/ipc_manager.cc:2911 INFO 2478046 ReconnectToOriginalHost ReconnectToOriginalHost: Attempting to reconnect to restarted server[0m
[31m/home/cvazquezperezdelacru/clio-core/context-runtime/src/../../context-transport-primitives/include/clio_ctp/memory/backend/posix_shm_mmap.h:142 ERROR 2478046 shm_attach shm_open failed: No such file or directory[0m
[31m/home/cvazquezperezdelacru/clio-core/context-runtime/src/ipc_manager.cc:1154 ERROR 2478046 ClientInitShm ClientInitShm: shm_attach(main='chi_main_segment_cvazquezperezdelacru_9413') failed[0m
[97m/home/cvazquezperezdelacru/clio-core/context-runtime/src/ipc_manager.cc:2911 INFO 2478046 ReconnectToOriginalHost ReconnectToOriginalHost: Attempting to reconnect to restarted server[0m
[31m/home/cvazquezperezdelacru/clio-core/context-runtime/src/../../context-transport-primitives/include/clio_ctp/memory/backend/posix_shm_mmap.h:142 ERROR 2478046 shm_attach shm_open failed: No such file or directory[0m
[31m/home/cvazquezperezdelacru/clio-core/context-runtime/src/ipc_manager.cc:1154 ERROR 2478046 ClientInitShm ClientInitShm: shm_attach(main='chi_main_segment_cvazquezperezdelacru_9413') failed[0m
[97m/home/cvazquezperezdelacru/clio-core/context-runtime/src/ipc_manager.cc:2911 INFO 2478046 ReconnectToOriginalHost ReconnectToOriginalHost: Attempting to reconnect to restarted server[0m
[31m/home/cvazquezperezdelacru/clio-core/context-runtime/src/../../context-transport-primitives/include/clio_ctp/memory/backend/posix_shm_mmap.h:142 ERROR 2478046 shm_attach shm_open failed: No such file or directory[0m
[31m/home/cvazquezperezdelacru/clio-core/context-runtime/src/ipc_manager.cc:1154 ERROR 2478046 ClientInitShm ClientInitShm: shm_attach(main='chi_main_segment_cvazquezperezdelacru_9413') failed[0m
[97m/home/cvazquezperezdelacru/clio-core/context-runtime/src/ipc_manager.cc:2911 INFO 2478046 ReconnectToOriginalHost ReconnectToOriginalHost: Attempting to reconnect to restarted server[0m
[31m/home/cvazquezperezdelacru/clio-core/context-runtime/src/../../context-transport-primitives/include/clio_ctp/memory/backend/posix_shm_mmap.h:142 ERROR 2478046 shm_attach shm_open failed: No such file or directory[0m
[31m/home/cvazquezperezdelacru/clio-core/context-runtime/src/ipc_manager.cc:1154 ERROR 2478046 ClientInitShm ClientInitShm: shm_attach(main='chi_main_segment_cvazquezperezdelacru_9413') failed[0m
[97m/home/cvazquezperezdelacru/clio-core/context-runtime/src/ipc_manager.cc:2911 INFO 2478046 ReconnectToOriginalHost ReconnectToOriginalHost: Attempting to reconnect to restarted server[0m
[31m/home/cvazquezperezdelacru/clio-core/context-runtime/src/../../context-transport-primitives/include/clio_ctp/memory/backend/posix_shm_mmap.h:142 ERROR 2478046 shm_attach shm_open failed: No such file or directory[0m
[31m/home/cvazquezperezdelacru/clio-core/context-runtime/src/ipc_manager.cc:1154 ERROR 2478046 ClientInitShm ClientInitShm: shm_attach(main='chi_main_segment_cvazquezperezdelacru_9413') failed[0m
[97m/home/cvazquezperezdelacru/clio-core/context-runtime/src/ipc_manager.cc:2911 INFO 2478046 ReconnectToOriginalHost ReconnectToOriginalHost: Attempting to reconnect to restarted server[0m
[31m/home/cvazquezperezdelacru/clio-core/context-runtime/src/../../context-transport-primitives/include/clio_ctp/memory/backend/posix_shm_mmap.h:142 ERROR 2478046 shm_attach shm_open failed: No such file or directory[0m
[31m/home/cvazquezperezdelacru/clio-core/context-runtime/src/ipc_manager.cc:1154 ERROR 2478046 ClientInitShm ClientInitShm: shm_attach(main='chi_main_segment_cvazquezperezdelacru_9413') failed[0m
[97m/home/cvazquezperezdelacru/clio-core/context-runtime/src/ipc_manager.cc:2911 INFO 2478046 ReconnectToOriginalHost ReconnectToOriginalHost: Attempting to reconnect to restarted server[0m
[31m/home/cvazquezperezdelacru/clio-core/context-runtime/src/../../context-transport-primitives/include/clio_ctp/memory/backend/posix_shm_mmap.h:142 ERROR 2478046 shm_attach shm_open failed: No such file or directory[0m
[31m/home/cvazquezperezdelacru/clio-core/context-runtime/src/ipc_manager.cc:1154 ERROR 2478046 ClientInitShm ClientInitShm: shm_attach(main='chi_main_segment_cvazquezperezdelacru_9413') failed[0m
[97m/home/cvazquezperezdelacru/clio-core/context-runtime/src/ipc_manager.cc:2911 INFO 2478046 ReconnectToOriginalHost ReconnectToOriginalHost: Attempting to reconnect to restarted server[0m
[31m/home/cvazquezperezdelacru/clio-core/context-runtime/src/../../context-transport-primitives/include/clio_ctp/memory/backend/posix_shm_mmap.h:142 ERROR 2478046 shm_attach shm_open failed: No such file or directory[0m
[31m/home/cvazquezperezdelacru/clio-core/context-runtime/src/ipc_manager.cc:1154 ERROR 2478046 ClientInitShm ClientInitShm: shm_attach(main='chi_main_segment_cvazquezperezdelacru_9413') failed[0m
[97m/home/cvazquezperezdelacru/clio-core/context-runtime/src/ipc_manager.cc:2911 INFO 2478046 ReconnectToOriginalHost ReconnectToOriginalHost: Attempting to reconnect to restarted server[0m
[31m/home/cvazquezperezdelacru/clio-core/context-runtime/src/../../context-transport-primitives/include/clio_ctp/memory/backend/posix_shm_mmap.h:142 ERROR 2478046 shm_attach shm_open failed: No such file or directory[0m
[31m/home/cvazquezperezdelacru/clio-core/context-runtime/src/ipc_manager.cc:1154 ERROR 2478046 ClientInitShm ClientInitShm: shm_attach(main='chi_main_segment_cvazquezperezdelacru_9413') failed[0m
[97m/home/cvazquezperezdelacru/clio-core/context-runtime/src/ipc_manager.cc:2911 INFO 2478046 ReconnectToOriginalHost ReconnectToOriginalHost: Attempting to reconnect to restarted server[0m
[31m/home/cvazquezperezdelacru/clio-core/context-runtime/src/../../context-transport-primitives/include/clio_ctp/memory/backend/posix_shm_mmap.h:142 ERROR 2478046 shm_attach shm_open failed: No such file or directory[0m
[31m/home/cvazquezperezdelacru/clio-core/context-runtime/src/ipc_manager.cc:1154 ERROR 2478046 ClientInitShm ClientInitShm: shm_attach(main='chi_main_segment_cvazquezperezdelacru_9413') failed[0m
[97m/home/cvazquezperezdelacru/clio-core/context-runtime/src/ipc_manager.cc:2911 INFO 2478046 ReconnectToOriginalHost ReconnectToOriginalHost: Attempting to reconnect to restarted server[0m
[31m/home/cvazquezperezdelacru/clio-core/context-runtime/src/../../context-transport-primitives/include/clio_ctp/memory/backend/posix_shm_mmap.h:142 ERROR 2478046 shm_attach shm_open failed: No such file or directory[0m
[31m/home/cvazquezperezdelacru/clio-core/context-runtime/src/ipc_manager.cc:1154 ERROR 2478046 ClientInitShm ClientInitShm: shm_attach(main='chi_main_segment_cvazquezperezdelacru_9413') failed[0m
[97m/home/cvazquezperezdelacru/clio-core/context-runtime/src/ipc_manager.cc:2911 INFO 2478046 ReconnectToOriginalHost ReconnectToOriginalHost: Attempting to reconnect to restarted server[0m
[31m/home/cvazquezperezdelacru/clio-core/context-runtime/src/../../context-transport-primitives/include/clio_ctp/memory/backend/posix_shm_mmap.h:142 ERROR 2478046 shm_attach shm_open failed: No such file or directory[0m
[31m/home/cvazquezperezdelacru/clio-core/context-runtime/src/ipc_manager.cc:1154 ERROR 2478046 ClientInitShm ClientInitShm: shm_attach(main='chi_main_segment_cvazquezperezdelacru_9413') failed[0m
[97m/home/cvazquezperezdelacru/clio-core/context-runtime/src/ipc_manager.cc:2911 INFO 2478046 ReconnectToOriginalHost ReconnectToOriginalHost: Attempting to reconnect to restarted server[0m
[31m/home/cvazquezperezdelacru/clio-core/context-runtime/src/../../context-transport-primitives/include/clio_ctp/memory/backend/posix_shm_mmap.h:142 ERROR 2478046 shm_attach shm_open failed: No such file or directory[0m
[31m/home/cvazquezperezdelacru/clio-core/context-runtime/src/ipc_manager.cc:1154 ERROR 2478046 ClientInitShm ClientInitShm: shm_attach(main='chi_main_segment_cvazquezperezdelacru_9413') failed[0m
[97m/home/cvazquezperezdelacru/clio-core/context-runtime/src/ipc_manager.cc:2911 INFO 2478046 ReconnectToOriginalHost ReconnectToOriginalHost: Attempting to reconnect to restarted server[0m
[31m/home/cvazquezperezdelacru/clio-core/context-runtime/src/../../context-transport-primitives/include/clio_ctp/memory/backend/posix_shm_mmap.h:142 ERROR 2478046 shm_attach shm_open failed: No such file or directory[0m
[31m/home/cvazquezperezdelacru/clio-core/context-runtime/src/ipc_manager.cc:1154 ERROR 2478046 ClientInitShm ClientInitShm: shm_attach(main='chi_main_segment_cvazquezperezdelacru_9413') failed[0m
[97m/home/cvazquezperezdelacru/clio-core/context-runtime/src/ipc_manager.cc:2911 INFO 2478046 ReconnectToOriginalHost ReconnectToOriginalHost: Attempting to reconnect to restarted server[0m
[31m/home/cvazquezperezdelacru/clio-core/context-runtime/src/../../context-transport-primitives/include/clio_ctp/memory/backend/posix_shm_mmap.h:142 ERROR 2478046 shm_attach shm_open failed: No such file or directory[0m
[31m/home/cvazquezperezdelacru/clio-core/context-runtime/src/ipc_manager.cc:1154 ERROR 2478046 ClientInitShm ClientInitShm: shm_attach(main='chi_main_segment_cvazquezperezdelacru_9413') failed[0m
[97m/home/cvazquezperezdelacru/clio-core/context-runtime/src/ipc_manager.cc:2911 INFO 2478046 ReconnectToOriginalHost ReconnectToOriginalHost: Attempting to reconnect to restarted server[0m
[31m/home/cvazquezperezdelacru/clio-core/context-runtime/src/../../context-transport-primitives/include/clio_ctp/memory/backend/posix_shm_mmap.h:142 ERROR 2478046 shm_attach shm_open failed: No such file or directory[0m
[31m/home/cvazquezperezdelacru/clio-core/context-runtime/src/ipc_manager.cc:1154 ERROR 2478046 ClientInitShm ClientInitShm: shm_attach(main='chi_main_segment_cvazquezperezdelacru_9413') failed[0m
[97m/home/cvazquezperezdelacru/clio-core/context-runtime/src/ipc_manager.cc:2911 INFO 2478046 ReconnectToOriginalHost ReconnectToOriginalHost: Attempting to reconnect to restarted server[0m
[31m/home/cvazquezperezdelacru/clio-core/context-runtime/src/../../context-transport-primitives/include/clio_ctp/memory/backend/posix_shm_mmap.h:142 ERROR 2478046 shm_attach shm_open failed: No such file or directory[0m
[31m/home/cvazquezperezdelacru/clio-core/context-runtime/src/ipc_manager.cc:1154 ERROR 2478046 ClientInitShm ClientInitShm: shm_attach(main='chi_main_segment_cvazquezperezdelacru_9413') failed[0m
[97m/home/cvazquezperezdelacru/clio-core/context-runtime/src/ipc_manager.cc:2911 INFO 2478046 ReconnectToOriginalHost ReconnectToOriginalHost: Attempting to reconnect to restarted server[0m
[31m/home/cvazquezperezdelacru/clio-core/context-runtime/src/../../context-transport-primitives/include/clio_ctp/memory/backend/posix_shm_mmap.h:142 ERROR 2478046 shm_attach shm_open failed: No such file or directory[0m
[31m/home/cvazquezperezdelacru/clio-core/context-runtime/src/ipc_manager.cc:1154 ERROR 2478046 ClientInitShm ClientInitShm: shm_attach(main='chi_main_segment_cvazquezperezdelacru_9413') failed[0m
[97m/home/cvazquezperezdelacru/clio-core/context-runtime/src/ipc_manager.cc:2911 INFO 2478046 ReconnectToOriginalHost ReconnectToOriginalHost: Attempting to reconnect to restarted server[0m
[31m/home/cvazquezperezdelacru/clio-core/context-runtime/src/../../context-transport-primitives/include/clio_ctp/memory/backend/posix_shm_mmap.h:142 ERROR 2478046 shm_attach shm_open failed: No such file or directory[0m
[31m/home/cvazquezperezdelacru/clio-core/context-runtime/src/ipc_manager.cc:1154 ERROR 2478046 ClientInitShm ClientInitShm: shm_attach(main='chi_main_segment_cvazquezperezdelacru_9413') failed[0m
[97m/home/cvazquezperezdelacru/clio-core/context-runtime/src/ipc_manager.cc:2911 INFO 2478046 ReconnectToOriginalHost ReconnectToOriginalHost: Attempting to reconnect to restarted server[0m
[31m/home/cvazquezperezdelacru/clio-core/context-runtime/src/../../context-transport-primitives/include/clio_ctp/memory/backend/posix_shm_mmap.h:142 ERROR 2478046 shm_attach shm_open failed: No such file or directory[0m
[31m/home/cvazquezperezdelacru/clio-core/context-runtime/src/ipc_manager.cc:1154 ERROR 2478046 ClientInitShm ClientInitShm: shm_attach(main='chi_main_segment_cvazquezperezdelacru_9413') failed[0m
[97m/home/cvazquezperezdelacru/clio-core/context-runtime/src/ipc_manager.cc:2911 INFO 2478046 ReconnectToOriginalHost ReconnectToOriginalHost: Attempting to reconnect to restarted server[0m
[31m/home/cvazquezperezdelacru/clio-core/context-runtime/src/../../context-transport-primitives/include/clio_ctp/memory/backend/posix_shm_mmap.h:142 ERROR 2478046 shm_attach shm_open failed: No such file or directory[0m
[31m/home/cvazquezperezdelacru/clio-core/context-runtime/src/ipc_manager.cc:1154 ERROR 2478046 ClientInitShm ClientInitShm: shm_attach(main='chi_main_segment_cvazquezperezdelacru_9413') failed[0m
[97m/home/cvazquezperezdelacru/clio-core/context-runtime/src/ipc_manager.cc:2911 INFO 2478046 ReconnectToOriginalHost ReconnectToOriginalHost: Attempting to reconnect to restarted server[0m
[31m/home/cvazquezperezdelacru/clio-core/context-runtime/src/../../context-transport-primitives/include/clio_ctp/memory/backend/posix_shm_mmap.h:142 ERROR 2478046 shm_attach shm_open failed: No such file or directory[0m
[31m/home/cvazquezperezdelacru/clio-core/context-runtime/src/ipc_manager.cc:1154 ERROR 2478046 ClientInitShm ClientInitShm: shm_attach(main='chi_main_segment_cvazquezperezdelacru_9413') failed[0m
[97m/home/cvazquezperezdelacru/clio-core/context-runtime/src/ipc_manager.cc:2911 INFO 2478046 ReconnectToOriginalHost ReconnectToOriginalHost: Attempting to reconnect to restarted server[0m
[31m/home/cvazquezperezdelacru/clio-core/context-runtime/src/../../context-transport-primitives/include/clio_ctp/memory/backend/posix_shm_mmap.h:142 ERROR 2478046 shm_attach shm_open failed: No such file or directory[0m
[31m/home/cvazquezperezdelacru/clio-core/context-runtime/src/ipc_manager.cc:1154 ERROR 2478046 ClientInitShm ClientInitShm: shm_attach(main='chi_main_segment_cvazquezperezdelacru_9413') failed[0m
[97m/home/cvazquezperezdelacru/clio-core/context-runtime/src/ipc_manager.cc:2911 INFO 2478046 ReconnectToOriginalHost ReconnectToOriginalHost: Attempting to reconnect to restarted server[0m
[31m/home/cvazquezperezdelacru/clio-core/context-runtime/src/../../context-transport-primitives/include/clio_ctp/memory/backend/posix_shm_mmap.h:142 ERROR 2478046 shm_attach shm_open failed: No such file or directory[0m
[31m/home/cvazquezperezdelacru/clio-core/context-runtime/src/ipc_manager.cc:1154 ERROR 2478046 ClientInitShm ClientInitShm: shm_attach(main='chi_main_segment_cvazquezperezdelacru_9413') failed[0m
[97m/home/cvazquezperezdelacru/clio-core/context-runtime/src/ipc_manager.cc:2911 INFO 2478046 ReconnectToOriginalHost ReconnectToOriginalHost: Attempting to reconnect to restarted server[0m
[31m/home/cvazquezperezdelacru/clio-core/context-runtime/src/../../context-transport-primitives/include/clio_ctp/memory/backend/posix_shm_mmap.h:142 ERROR 2478046 shm_attach shm_open failed: No such file or directory[0m
[31m/home/cvazquezperezdelacru/clio-core/context-runtime/src/ipc_manager.cc:1154 ERROR 2478046 ClientInitShm ClientInitShm: shm_attach(main='chi_main_segment_cvazquezperezdelacru_9413') failed[0m
[33m/home/cvazquezperezdelacru/clio-core/context-runtime/src/ipc_manager.cc:3085 WARNING 2478046 WaitForServerAndReconnect WaitForServerAndReconnect: Original server timed out after 60.0128s[0m
chimod subtask rc=4294967295
[33m/home/cvazquezperezdelacru/clio-core-dev-install/include/clio_runtime/ipc/ipc_cpu2cpu_zmq_impl.h:91 WARNING 2478046 RecvOut Recv(SHM): Server dead, attempting reconnect...[0m
[97m/home/cvazquezperezdelacru/clio-core/context-runtime/src/ipc_manager.cc:2911 INFO 2478046 ReconnectToOriginalHost ReconnectToOriginalHost: Attempting to reconnect to restarted server[0m
[31m/home/cvazquezperezdelacru/clio-core/context-runtime/src/../../context-transport-primitives/include/clio_ctp/memory/backend/posix_shm_mmap.h:142 ERROR 2478046 shm_attach shm_open failed: No such file or directory[0m
[31m/home/cvazquezperezdelacru/clio-core/context-runtime/src/ipc_manager.cc:1154 ERROR 2478046 ClientInitShm ClientInitShm: shm_attach(main='chi_main_segment_cvazquezperezdelacru_9413') failed[0m
[97m/home/cvazquezperezdelacru/clio-core/context-runtime/src/ipc_manager.cc:2911 INFO 2478046 ReconnectToOriginalHost ReconnectToOriginalHost: Attempting to reconnect to restarted server[0m
[31m/home/cvazquezperezdelacru/clio-core/context-runtime/src/../../context-transport-primitives/include/clio_ctp/memory/backend/posix_shm_mmap.h:142 ERROR 2478046 shm_attach shm_open failed: No such file or directory[0m
[31m/home/cvazquezperezdelacru/clio-core/context-runtime/src/ipc_manager.cc:1154 ERROR 2478046 ClientInitShm ClientInitShm: shm_attach(main='chi_main_segment_cvazquezperezdelacru_9413') failed[0m
[97m/home/cvazquezperezdelacru/clio-core/context-runtime/src/ipc_manager.cc:2911 INFO 2478046 ReconnectToOriginalHost ReconnectToOriginalHost: Attempting to reconnect to restarted server[0m
[31m/home/cvazquezperezdelacru/clio-core/context-runtime/src/../../context-transport-primitives/include/clio_ctp/memory/backend/posix_shm_mmap.h:142 ERROR 2478046 shm_attach shm_open failed: No such file or directory[0m
[31m/home/cvazquezperezdelacru/clio-core/context-runtime/src/ipc_manager.cc:1154 ERROR 2478046 ClientInitShm ClientInitShm: shm_attach(main='chi_main_segment_cvazquezperezdelacru_9413') failed[0m
[97m/home/cvazquezperezdelacru/clio-core/context-runtime/src/ipc_manager.cc:2911 INFO 2478046 ReconnectToOriginalHost ReconnectToOriginalHost: Attempting to reconnect to restarted server[0m
[31m/home/cvazquezperezdelacru/clio-core/context-runtime/src/../../context-transport-primitives/include/clio_ctp/memory/backend/posix_shm_mmap.h:142 ERROR 2478046 shm_attach shm_open failed: No such file or directory[0m
[31m/home/cvazquezperezdelacru/clio-core/context-runtime/src/ipc_manager.cc:1154 ERROR 2478046 ClientInitShm ClientInitShm: shm_attach(main='chi_main_segment_cvazquezperezdelacru_9413') failed[0m
[97m/home/cvazquezperezdelacru/clio-core/context-runtime/src/ipc_manager.cc:2911 INFO 2478046 ReconnectToOriginalHost ReconnectToOriginalHost: Attempting to reconnect to restarted server[0m
[31m/home/cvazquezperezdelacru/clio-core/context-runtime/src/../../context-transport-primitives/include/clio_ctp/memory/backend/posix_shm_mmap.h:142 ERROR 2478046 shm_attach shm_open failed: No such file or directory[0m
[31m/home/cvazquezperezdelacru/clio-core/context-runtime/src/ipc_manager.cc:1154 ERROR 2478046 ClientInitShm ClientInitShm: shm_attach(main='chi_main_segment_cvazquezperezdelacru_9413') failed[0m
[97m/home/cvazquezperezdelacru/clio-core/context-runtime/src/ipc_manager.cc:2911 INFO 2478046 ReconnectToOriginalHost ReconnectToOriginalHost: Attempting to reconnect to restarted server[0m
[31m/home/cvazquezperezdelacru/clio-core/context-runtime/src/../../context-transport-primitives/include/clio_ctp/memory/backend/posix_shm_mmap.h:142 ERROR 2478046 shm_attach shm_open failed: No such file or directory[0m
[31m/home/cvazquezperezdelacru/clio-core/context-runtime/src/ipc_manager.cc:1154 ERROR 2478046 ClientInitShm ClientInitShm: shm_attach(main='chi_main_segment_cvazquezperezdelacru_9413') failed[0m
[97m/home/cvazquezperezdelacru/clio-core/context-runtime/src/ipc_manager.cc:2911 INFO 2478046 ReconnectToOriginalHost ReconnectToOriginalHost: Attempting to reconnect to restarted server[0m
[31m/home/cvazquezperezdelacru/clio-core/context-runtime/src/../../context-transport-primitives/include/clio_ctp/memory/backend/posix_shm_mmap.h:142 ERROR 2478046 shm_attach shm_open failed: No such file or directory[0m
[31m/home/cvazquezperezdelacru/clio-core/context-runtime/src/ipc_manager.cc:1154 ERROR 2478046 ClientInitShm ClientInitShm: shm_attach(main='chi_main_segment_cvazquezperezdelacru_9413') failed[0m
[97m/home/cvazquezperezdelacru/clio-core/context-runtime/src/ipc_manager.cc:2911 INFO 2478046 ReconnectToOriginalHost ReconnectToOriginalHost: Attempting to reconnect to restarted server[0m
[31m/home/cvazquezperezdelacru/clio-core/context-runtime/src/../../context-transport-primitives/include/clio_ctp/memory/backend/posix_shm_mmap.h:142 ERROR 2478046 shm_attach shm_open failed: No such file or directory[0m
[31m/home/cvazquezperezdelacru/clio-core/context-runtime/src/ipc_manager.cc:1154 ERROR 2478046 ClientInitShm ClientInitShm: shm_attach(main='chi_main_segment_cvazquezperezdelacru_9413') failed[0m
[97m/home/cvazquezperezdelacru/clio-core/context-runtime/src/ipc_manager.cc:2911 INFO 2478046 ReconnectToOriginalHost ReconnectToOriginalHost: Attempting to reconnect to restarted server[0m
[31m/home/cvazquezperezdelacru/clio-core/context-runtime/src/../../context-transport-primitives/include/clio_ctp/memory/backend/posix_shm_mmap.h:142 ERROR 2478046 shm_attach shm_open failed: No such file or directory[0m
[31m/home/cvazquezperezdelacru/clio-core/context-runtime/src/ipc_manager.cc:1154 ERROR 2478046 ClientInitShm ClientInitShm: shm_attach(main='chi_main_segment_cvazquezperezdelacru_9413') failed[0m
[97m/home/cvazquezperezdelacru/clio-core/context-runtime/src/ipc_manager.cc:2911 INFO 2478046 ReconnectToOriginalHost ReconnectToOriginalHost: Attempting to reconnect to restarted server[0m
[31m/home/cvazquezperezdelacru/clio-core/context-runtime/src/../../context-transport-primitives/include/clio_ctp/memory/backend/posix_shm_mmap.h:142 ERROR 2478046 shm_attach shm_open failed: No such file or directory[0m
[31m/home/cvazquezperezdelacru/clio-core/context-runtime/src/ipc_manager.cc:1154 ERROR 2478046 ClientInitShm ClientInitShm: shm_attach(main='chi_main_segment_cvazquezperezdelacru_9413') failed[0m
[97m/home/cvazquezperezdelacru/clio-core/context-runtime/src/ipc_manager.cc:2911 INFO 2478046 ReconnectToOriginalHost ReconnectToOriginalHost: Attempting to reconnect to restarted server[0m
[31m/home/cvazquezperezdelacru/clio-core/context-runtime/src/../../context-transport-primitives/include/clio_ctp/memory/backend/posix_shm_mmap.h:142 ERROR 2478046 shm_attach shm_open failed: No such file or directory[0m
[31m/home/cvazquezperezdelacru/clio-core/context-runtime/src/ipc_manager.cc:1154 ERROR 2478046 ClientInitShm ClientInitShm: shm_attach(main='chi_main_segment_cvazquezperezdelacru_9413') failed[0m
[97m/home/cvazquezperezdelacru/clio-core/context-runtime/src/ipc_manager.cc:2911 INFO 2478046 ReconnectToOriginalHost ReconnectToOriginalHost: Attempting to reconnect to restarted server[0m
[31m/home/cvazquezperezdelacru/clio-core/context-runtime/src/../../context-transport-primitives/include/clio_ctp/memory/backend/posix_shm_mmap.h:142 ERROR 2478046 shm_attach shm_open failed: No such file or directory[0m
[31m/home/cvazquezperezdelacru/clio-core/context-runtime/src/ipc_manager.cc:1154 ERROR 2478046 ClientInitShm ClientInitShm: shm_attach(main='chi_main_segment_cvazquezperezdelacru_9413') failed[0m
[97m/home/cvazquezperezdelacru/clio-core/context-runtime/src/ipc_manager.cc:2911 INFO 2478046 ReconnectToOriginalHost ReconnectToOriginalHost: Attempting to reconnect to restarted server[0m
[31m/home/cvazquezperezdelacru/clio-core/context-runtime/src/../../context-transport-primitives/include/clio_ctp/memory/backend/posix_shm_mmap.h:142 ERROR 2478046 shm_attach shm_open failed: No such file or directory[0m
[31m/home/cvazquezperezdelacru/clio-core/context-runtime/src/ipc_manager.cc:1154 ERROR 2478046 ClientInitShm ClientInitShm: shm_attach(main='chi_main_segment_cvazquezperezdelacru_9413') failed[0m
[97m/home/cvazquezperezdelacru/clio-core/context-runtime/src/ipc_manager.cc:2911 INFO 2478046 ReconnectToOriginalHost ReconnectToOriginalHost: Attempting to reconnect to restarted server[0m
[31m/home/cvazquezperezdelacru/clio-core/context-runtime/src/../../context-transport-primitives/include/clio_ctp/memory/backend/posix_shm_mmap.h:142 ERROR 2478046 shm_attach shm_open failed: No such file or directory[0m
[31m/home/cvazquezperezdelacru/clio-core/context-runtime/src/ipc_manager.cc:1154 ERROR 2478046 ClientInitShm ClientInitShm: shm_attach(main='chi_main_segment_cvazquezperezdelacru_9413') failed[0m
[97m/home/cvazquezperezdelacru/clio-core/context-runtime/src/ipc_manager.cc:2911 INFO 2478046 ReconnectToOriginalHost ReconnectToOriginalHost: Attempting to reconnect to restarted server[0m
[31m/home/cvazquezperezdelacru/clio-core/context-runtime/src/../../context-transport-primitives/include/clio_ctp/memory/backend/posix_shm_mmap.h:142 ERROR 2478046 shm_attach shm_open failed: No such file or directory[0m
[31m/home/cvazquezperezdelacru/clio-core/context-runtime/src/ipc_manager.cc:1154 ERROR 2478046 ClientInitShm ClientInitShm: shm_attach(main='chi_main_segment_cvazquezperezdelacru_9413') failed[0m
[97m/home/cvazquezperezdelacru/clio-core/context-runtime/src/ipc_manager.cc:2911 INFO 2478046 ReconnectToOriginalHost ReconnectToOriginalHost: Attempting to reconnect to restarted server[0m
[31m/home/cvazquezperezdelacru/clio-core/context-runtime/src/../../context-transport-primitives/include/clio_ctp/memory/backend/posix_shm_mmap.h:142 ERROR 2478046 shm_attach shm_open failed: No such file or directory[0m
[31m/home/cvazquezperezdelacru/clio-core/context-runtime/src/ipc_manager.cc:1154 ERROR 2478046 ClientInitShm ClientInitShm: shm_attach(main='chi_main_segment_cvazquezperezdelacru_9413') failed[0m
[97m/home/cvazquezperezdelacru/clio-core/context-runtime/src/ipc_manager.cc:2911 INFO 2478046 ReconnectToOriginalHost ReconnectToOriginalHost: Attempting to reconnect to restarted server[0m
[31m/home/cvazquezperezdelacru/clio-core/context-runtime/src/../../context-transport-primitives/include/clio_ctp/memory/backend/posix_shm_mmap.h:142 ERROR 2478046 shm_attach shm_open failed: No such file or directory[0m
[31m/home/cvazquezperezdelacru/clio-core/context-runtime/src/ipc_manager.cc:1154 ERROR 2478046 ClientInitShm ClientInitShm: shm_attach(main='chi_main_segment_cvazquezperezdelacru_9413') failed[0m
[97m/home/cvazquezperezdelacru/clio-core/context-runtime/src/ipc_manager.cc:2911 INFO 2478046 ReconnectToOriginalHost ReconnectToOriginalHost: Attempting to reconnect to restarted server[0m
[31m/home/cvazquezperezdelacru/clio-core/context-runtime/src/../../context-transport-primitives/include/clio_ctp/memory/backend/posix_shm_mmap.h:142 ERROR 2478046 shm_attach shm_open failed: No such file or directory[0m
[31m/home/cvazquezperezdelacru/clio-core/context-runtime/src/ipc_manager.cc:1154 ERROR 2478046 ClientInitShm ClientInitShm: shm_attach(main='chi_main_segment_cvazquezperezdelacru_9413') failed[0m
[97m/home/cvazquezperezdelacru/clio-core/context-runtime/src/ipc_manager.cc:2911 INFO 2478046 ReconnectToOriginalHost ReconnectToOriginalHost: Attempting to reconnect to restarted server[0m
[31m/home/cvazquezperezdelacru/clio-core/context-runtime/src/../../context-transport-primitives/include/clio_ctp/memory/backend/posix_shm_mmap.h:142 ERROR 2478046 shm_attach shm_open failed: No such file or directory[0m
[31m/home/cvazquezperezdelacru/clio-core/context-runtime/src/ipc_manager.cc:1154 ERROR 2478046 ClientInitShm ClientInitShm: shm_attach(main='chi_main_segment_cvazquezperezdelacru_9413') failed[0m
[97m/home/cvazquezperezdelacru/clio-core/context-runtime/src/ipc_manager.cc:2911 INFO 2478046 ReconnectToOriginalHost ReconnectToOriginalHost: Attempting to reconnect to restarted server[0m
[31m/home/cvazquezperezdelacru/clio-core/context-runtime/src/../../context-transport-primitives/include/clio_ctp/memory/backend/posix_shm_mmap.h:142 ERROR 2478046 shm_attach shm_open failed: No such file or directory[0m
[31m/home/cvazquezperezdelacru/clio-core/context-runtime/src/ipc_manager.cc:1154 ERROR 2478046 ClientInitShm ClientInitShm: shm_attach(main='chi_main_segment_cvazquezperezdelacru_9413') failed[0m
[97m/home/cvazquezperezdelacru/clio-core/context-runtime/src/ipc_manager.cc:2911 INFO 2478046 ReconnectToOriginalHost ReconnectToOriginalHost: Attempting to reconnect to restarted server[0m
[31m/home/cvazquezperezdelacru/clio-core/context-runtime/src/../../context-transport-primitives/include/clio_ctp/memory/backend/posix_shm_mmap.h:142 ERROR 2478046 shm_attach shm_open failed: No such file or directory[0m
[31m/home/cvazquezperezdelacru/clio-core/context-runtime/src/ipc_manager.cc:1154 ERROR 2478046 ClientInitShm ClientInitShm: shm_attach(main='chi_main_segment_cvazquezperezdelacru_9413') failed[0m
[97m/home/cvazquezperezdelacru/clio-core/context-runtime/src/ipc_manager.cc:2911 INFO 2478046 ReconnectToOriginalHost ReconnectToOriginalHost: Attempting to reconnect to restarted server[0m
[31m/home/cvazquezperezdelacru/clio-core/context-runtime/src/../../context-transport-primitives/include/clio_ctp/memory/backend/posix_shm_mmap.h:142 ERROR 2478046 shm_attach shm_open failed: No such file or directory[0m
[31m/home/cvazquezperezdelacru/clio-core/context-runtime/src/ipc_manager.cc:1154 ERROR 2478046 ClientInitShm ClientInitShm: shm_attach(main='chi_main_segment_cvazquezperezdelacru_9413') failed[0m
[97m/home/cvazquezperezdelacru/clio-core/context-runtime/src/ipc_manager.cc:2911 INFO 2478046 ReconnectToOriginalHost ReconnectToOriginalHost: Attempting to reconnect to restarted server[0m
[31m/home/cvazquezperezdelacru/clio-core/context-runtime/src/../../context-transport-primitives/include/clio_ctp/memory/backend/posix_shm_mmap.h:142 ERROR 2478046 shm_attach shm_open failed: No such file or directory[0m
[31m/home/cvazquezperezdelacru/clio-core/context-runtime/src/ipc_manager.cc:1154 ERROR 2478046 ClientInitShm ClientInitShm: shm_attach(main='chi_main_segment_cvazquezperezdelacru_9413') failed[0m
[97m/home/cvazquezperezdelacru/clio-core/context-runtime/src/ipc_manager.cc:2911 INFO 2478046 ReconnectToOriginalHost ReconnectToOriginalHost: Attempting to reconnect to restarted server[0m
[31m/home/cvazquezperezdelacru/clio-core/context-runtime/src/../../context-transport-primitives/include/clio_ctp/memory/backend/posix_shm_mmap.h:142 ERROR 2478046 shm_attach shm_open failed: No such file or directory[0m
[31m/home/cvazquezperezdelacru/clio-core/context-runtime/src/ipc_manager.cc:1154 ERROR 2478046 ClientInitShm ClientInitShm: shm_attach(main='chi_main_segment_cvazquezperezdelacru_9413') failed[0m
[97m/home/cvazquezperezdelacru/clio-core/context-runtime/src/ipc_manager.cc:2911 INFO 2478046 ReconnectToOriginalHost ReconnectToOriginalHost: Attempting to reconnect to restarted server[0m
[31m/home/cvazquezperezdelacru/clio-core/context-runtime/src/../../context-transport-primitives/include/clio_ctp/memory/backend/posix_shm_mmap.h:142 ERROR 2478046 shm_attach shm_open failed: No such file or directory[0m
[31m/home/cvazquezperezdelacru/clio-core/context-runtime/src/ipc_manager.cc:1154 ERROR 2478046 ClientInitShm ClientInitShm: shm_attach(main='chi_main_segment_cvazquezperezdelacru_9413') failed[0m
[97m/home/cvazquezperezdelacru/clio-core/context-runtime/src/ipc_manager.cc:2911 INFO 2478046 ReconnectToOriginalHost ReconnectToOriginalHost: Attempting to reconnect to restarted server[0m
[31m/home/cvazquezperezdelacru/clio-core/context-runtime/src/../../context-transport-primitives/include/clio_ctp/memory/backend/posix_shm_mmap.h:142 ERROR 2478046 shm_attach shm_open failed: No such file or directory[0m
[31m/home/cvazquezperezdelacru/clio-core/context-runtime/src/ipc_manager.cc:1154 ERROR 2478046 ClientInitShm ClientInitShm: shm_attach(main='chi_main_segment_cvazquezperezdelacru_9413') failed[0m
[97m/home/cvazquezperezdelacru/clio-core/context-runtime/src/ipc_manager.cc:2911 INFO 2478046 ReconnectToOriginalHost ReconnectToOriginalHost: Attempting to reconnect to restarted server[0m
[31m/home/cvazquezperezdelacru/clio-core/context-runtime/src/../../context-transport-primitives/include/clio_ctp/memory/backend/posix_shm_mmap.h:142 ERROR 2478046 shm_attach shm_open failed: No such file or directory[0m
[31m/home/cvazquezperezdelacru/clio-core/context-runtime/src/ipc_manager.cc:1154 ERROR 2478046 ClientInitShm ClientInitShm: shm_attach(main='chi_main_segment_cvazquezperezdelacru_9413') failed[0m
[97m/home/cvazquezperezdelacru/clio-core/context-runtime/src/ipc_manager.cc:2911 INFO 2478046 ReconnectToOriginalHost ReconnectToOriginalHost: Attempting to reconnect to restarted server[0m
[31m/home/cvazquezperezdelacru/clio-core/context-runtime/src/../../context-transport-primitives/include/clio_ctp/memory/backend/posix_shm_mmap.h:142 ERROR 2478046 shm_attach shm_open failed: No such file or directory[0m
[31m/home/cvazquezperezdelacru/clio-core/context-runtime/src/ipc_manager.cc:1154 ERROR 2478046 ClientInitShm ClientInitShm: shm_attach(main='chi_main_segment_cvazquezperezdelacru_9413') failed[0m
[97m/home/cvazquezperezdelacru/clio-core/context-runtime/src/ipc_manager.cc:2911 INFO 2478046 ReconnectToOriginalHost ReconnectToOriginalHost: Attempting to reconnect to restarted server[0m
[31m/home/cvazquezperezdelacru/clio-core/context-runtime/src/../../context-transport-primitives/include/clio_ctp/memory/backend/posix_shm_mmap.h:142 ERROR 2478046 shm_attach shm_open failed: No such file or directory[0m
[31m/home/cvazquezperezdelacru/clio-core/context-runtime/src/ipc_manager.cc:1154 ERROR 2478046 ClientInitShm ClientInitShm: shm_attach(main='chi_main_segment_cvazquezperezdelacru_9413') failed[0m
[97m/home/cvazquezperezdelacru/clio-core/context-runtime/src/ipc_manager.cc:2911 INFO 2478046 ReconnectToOriginalHost ReconnectToOriginalHost: Attempting to reconnect to restarted server[0m
[31m/home/cvazquezperezdelacru/clio-core/context-runtime/src/../../context-transport-primitives/include/clio_ctp/memory/backend/posix_shm_mmap.h:142 ERROR 2478046 shm_attach shm_open failed: No such file or directory[0m
[31m/home/cvazquezperezdelacru/clio-core/context-runtime/src/ipc_manager.cc:1154 ERROR 2478046 ClientInitShm ClientInitShm: shm_attach(main='chi_main_segment_cvazquezperezdelacru_9413') failed[0m
[97m/home/cvazquezperezdelacru/clio-core/context-runtime/src/ipc_manager.cc:2911 INFO 2478046 ReconnectToOriginalHost ReconnectToOriginalHost: Attempting to reconnect to restarted server[0m
[31m/home/cvazquezperezdelacru/clio-core/context-runtime/src/../../context-transport-primitives/include/clio_ctp/memory/backend/posix_shm_mmap.h:142 ERROR 2478046 shm_attach shm_open failed: No such file or directory[0m
[31m/home/cvazquezperezdelacru/clio-core/context-runtime/src/ipc_manager.cc:1154 ERROR 2478046 ClientInitShm ClientInitShm: shm_attach(main='chi_main_segment_cvazquezperezdelacru_9413') failed[0m
[97m/home/cvazquezperezdelacru/clio-core/context-runtime/src/ipc_manager.cc:2911 INFO 2478046 ReconnectToOriginalHost ReconnectToOriginalHost: Attempting to reconnect to restarted server[0m
[31m/home/cvazquezperezdelacru/clio-core/context-runtime/src/../../context-transport-primitives/include/clio_ctp/memory/backend/posix_shm_mmap.h:142 ERROR 2478046 shm_attach shm_open failed: No such file or directory[0m
[31m/home/cvazquezperezdelacru/clio-core/context-runtime/src/ipc_manager.cc:1154 ERROR 2478046 ClientInitShm ClientInitShm: shm_attach(main='chi_main_segment_cvazquezperezdelacru_9413') failed[0m
[97m/home/cvazquezperezdelacru/clio-core/context-runtime/src/ipc_manager.cc:2911 INFO 2478046 ReconnectToOriginalHost ReconnectToOriginalHost: Attempting to reconnect to restarted server[0m
[31m/home/cvazquezperezdelacru/clio-core/context-runtime/src/../../context-transport-primitives/include/clio_ctp/memory/backend/posix_shm_mmap.h:142 ERROR 2478046 shm_attach shm_open failed: No such file or directory[0m
[31m/home/cvazquezperezdelacru/clio-core/context-runtime/src/ipc_manager.cc:1154 ERROR 2478046 ClientInitShm ClientInitShm: shm_attach(main='chi_main_segment_cvazquezperezdelacru_9413') failed[0m
[97m/home/cvazquezperezdelacru/clio-core/context-runtime/src/ipc_manager.cc:2911 INFO 2478046 ReconnectToOriginalHost ReconnectToOriginalHost: Attempting to reconnect to restarted server[0m
[31m/home/cvazquezperezdelacru/clio-core/context-runtime/src/../../context-transport-primitives/include/clio_ctp/memory/backend/posix_shm_mmap.h:142 ERROR 2478046 shm_attach shm_open failed: No such file or directory[0m
[31m/home/cvazquezperezdelacru/clio-core/context-runtime/src/ipc_manager.cc:1154 ERROR 2478046 ClientInitShm ClientInitShm: shm_attach(main='chi_main_segment_cvazquezperezdelacru_9413') failed[0m
[97m/home/cvazquezperezdelacru/clio-core/context-runtime/src/ipc_manager.cc:2911 INFO 2478046 ReconnectToOriginalHost ReconnectToOriginalHost: Attempting to reconnect to restarted server[0m
[31m/home/cvazquezperezdelacru/clio-core/context-runtime/src/../../context-transport-primitives/include/clio_ctp/memory/backend/posix_shm_mmap.h:142 ERROR 2478046 shm_attach shm_open failed: No such file or directory[0m
[31m/home/cvazquezperezdelacru/clio-core/context-runtime/src/ipc_manager.cc:1154 ERROR 2478046 ClientInitShm ClientInitShm: shm_attach(main='chi_main_segment_cvazquezperezdelacru_9413') failed[0m
[97m/home/cvazquezperezdelacru/clio-core/context-runtime/src/ipc_manager.cc:2911 INFO 2478046 ReconnectToOriginalHost ReconnectToOriginalHost: Attempting to reconnect to restarted server[0m
[31m/home/cvazquezperezdelacru/clio-core/context-runtime/src/../../context-transport-primitives/include/clio_ctp/memory/backend/posix_shm_mmap.h:142 ERROR 2478046 shm_attach shm_open failed: No such file or directory[0m
[31m/home/cvazquezperezdelacru/clio-core/context-runtime/src/ipc_manager.cc:1154 ERROR 2478046 ClientInitShm ClientInitShm: shm_attach(main='chi_main_segment_cvazquezperezdelacru_9413') failed[0m
[97m/home/cvazquezperezdelacru/clio-core/context-runtime/src/ipc_manager.cc:2911 INFO 2478046 ReconnectToOriginalHost ReconnectToOriginalHost: Attempting to reconnect to restarted server[0m
[31m/home/cvazquezperezdelacru/clio-core/context-runtime/src/../../context-transport-primitives/include/clio_ctp/memory/backend/posix_shm_mmap.h:142 ERROR 2478046 shm_attach shm_open failed: No such file or directory[0m
[31m/home/cvazquezperezdelacru/clio-core/context-runtime/src/ipc_manager.cc:1154 ERROR 2478046 ClientInitShm ClientInitShm: shm_attach(main='chi_main_segment_cvazquezperezdelacru_9413') failed[0m
[97m/home/cvazquezperezdelacru/clio-core/context-runtime/src/ipc_manager.cc:2911 INFO 2478046 ReconnectToOriginalHost ReconnectToOriginalHost: Attempting to reconnect to restarted server[0m
[31m/home/cvazquezperezdelacru/clio-core/context-runtime/src/../../context-transport-primitives/include/clio_ctp/memory/backend/posix_shm_mmap.h:142 ERROR 2478046 shm_attach shm_open failed: No such file or directory[0m
[31m/home/cvazquezperezdelacru/clio-core/context-runtime/src/ipc_manager.cc:1154 ERROR 2478046 ClientInitShm ClientInitShm: shm_attach(main='chi_main_segment_cvazquezperezdelacru_9413') failed[0m
[97m/home/cvazquezperezdelacru/clio-core/context-runtime/src/ipc_manager.cc:2911 INFO 2478046 ReconnectToOriginalHost ReconnectToOriginalHost: Attempting to reconnect to restarted server[0m
[31m/home/cvazquezperezdelacru/clio-core/context-runtime/src/../../context-transport-primitives/include/clio_ctp/memory/backend/posix_shm_mmap.h:142 ERROR 2478046 shm_attach shm_open failed: No such file or directory[0m
[31m/home/cvazquezperezdelacru/clio-core/context-runtime/src/ipc_manager.cc:1154 ERROR 2478046 ClientInitShm ClientInitShm: shm_attach(main='chi_main_segment_cvazquezperezdelacru_9413') failed[0m
[97m/home/cvazquezperezdelacru/clio-core/context-runtime/src/ipc_manager.cc:2911 INFO 2478046 ReconnectToOriginalHost ReconnectToOriginalHost: Attempting to reconnect to restarted server[0m
[31m/home/cvazquezperezdelacru/clio-core/context-runtime/src/../../context-transport-primitives/include/clio_ctp/memory/backend/posix_shm_mmap.h:142 ERROR 2478046 shm_attach shm_open failed: No such file or directory[0m
[31m/home/cvazquezperezdelacru/clio-core/context-runtime/src/ipc_manager.cc:1154 ERROR 2478046 ClientInitShm ClientInitShm: shm_attach(main='chi_main_segment_cvazquezperezdelacru_9413') failed[0m
[97m/home/cvazquezperezdelacru/clio-core/context-runtime/src/ipc_manager.cc:2911 INFO 2478046 ReconnectToOriginalHost ReconnectToOriginalHost: Attempting to reconnect to restarted server[0m
[31m/home/cvazquezperezdelacru/clio-core/context-runtime/src/../../context-transport-primitives/include/clio_ctp/memory/backend/posix_shm_mmap.h:142 ERROR 2478046 shm_attach shm_open failed: No such file or directory[0m
[31m/home/cvazquezperezdelacru/clio-core/context-runtime/src/ipc_manager.cc:1154 ERROR 2478046 ClientInitShm ClientInitShm: shm_attach(main='chi_main_segment_cvazquezperezdelacru_9413') failed[0m
[97m/home/cvazquezperezdelacru/clio-core/context-runtime/src/ipc_manager.cc:2911 INFO 2478046 ReconnectToOriginalHost ReconnectToOriginalHost: Attempting to reconnect to restarted server[0m
[31m/home/cvazquezperezdelacru/clio-core/context-runtime/src/../../context-transport-primitives/include/clio_ctp/memory/backend/posix_shm_mmap.h:142 ERROR 2478046 shm_attach shm_open failed: No such file or directory[0m
[31m/home/cvazquezperezdelacru/clio-core/context-runtime/src/ipc_manager.cc:1154 ERROR 2478046 ClientInitShm ClientInitShm: shm_attach(main='chi_main_segment_cvazquezperezdelacru_9413') failed[0m
[97m/home/cvazquezperezdelacru/clio-core/context-runtime/src/ipc_manager.cc:2911 INFO 2478046 ReconnectToOriginalHost ReconnectToOriginalHost: Attempting to reconnect to restarted server[0m
[31m/home/cvazquezperezdelacru/clio-core/context-runtime/src/../../context-transport-primitives/include/clio_ctp/memory/backend/posix_shm_mmap.h:142 ERROR 2478046 shm_attach shm_open failed: No such file or directory[0m
[31m/home/cvazquezperezdelacru/clio-core/context-runtime/src/ipc_manager.cc:1154 ERROR 2478046 ClientInitShm ClientInitShm: shm_attach(main='chi_main_segment_cvazquezperezdelacru_9413') failed[0m
[97m/home/cvazquezperezdelacru/clio-core/context-runtime/src/ipc_manager.cc:2911 INFO 2478046 ReconnectToOriginalHost ReconnectToOriginalHost: Attempting to reconnect to restarted server[0m
[31m/home/cvazquezperezdelacru/clio-core/context-runtime/src/../../context-transport-primitives/include/clio_ctp/memory/backend/posix_shm_mmap.h:142 ERROR 2478046 shm_attach shm_open failed: No such file or directory[0m
[31m/home/cvazquezperezdelacru/clio-core/context-runtime/src/ipc_manager.cc:1154 ERROR 2478046 ClientInitShm ClientInitShm: shm_attach(main='chi_main_segment_cvazquezperezdelacru_9413') failed[0m
[97m/home/cvazquezperezdelacru/clio-core/context-runtime/src/ipc_manager.cc:2911 INFO 2478046 ReconnectToOriginalHost ReconnectToOriginalHost: Attempting to reconnect to restarted server[0m
[31m/home/cvazquezperezdelacru/clio-core/context-runtime/src/../../context-transport-primitives/include/clio_ctp/memory/backend/posix_shm_mmap.h:142 ERROR 2478046 shm_attach shm_open failed: No such file or directory[0m
[31m/home/cvazquezperezdelacru/clio-core/context-runtime/src/ipc_manager.cc:1154 ERROR 2478046 ClientInitShm ClientInitShm: shm_attach(main='chi_main_segment_cvazquezperezdelacru_9413') failed[0m
[97m/home/cvazquezperezdelacru/clio-core/context-runtime/src/ipc_manager.cc:2911 INFO 2478046 ReconnectToOriginalHost ReconnectToOriginalHost: Attempting to reconnect to restarted server[0m
[31m/home/cvazquezperezdelacru/clio-core/context-runtime/src/../../context-transport-primitives/include/clio_ctp/memory/backend/posix_shm_mmap.h:142 ERROR 2478046 shm_attach shm_open failed: No such file or directory[0m
[31m/home/cvazquezperezdelacru/clio-core/context-runtime/src/ipc_manager.cc:1154 ERROR 2478046 ClientInitShm ClientInitShm: shm_attach(main='chi_main_segment_cvazquezperezdelacru_9413') failed[0m
[97m/home/cvazquezperezdelacru/clio-core/context-runtime/src/ipc_manager.cc:2911 INFO 2478046 ReconnectToOriginalHost ReconnectToOriginalHost: Attempting to reconnect to restarted server[0m
[31m/home/cvazquezperezdelacru/clio-core/context-runtime/src/../../context-transport-primitives/include/clio_ctp/memory/backend/posix_shm_mmap.h:142 ERROR 2478046 shm_attach shm_open failed: No such file or directory[0m
[31m/home/cvazquezperezdelacru/clio-core/context-runtime/src/ipc_manager.cc:1154 ERROR 2478046 ClientInitShm ClientInitShm: shm_attach(main='chi_main_segment_cvazquezperezdelacru_9413') failed[0m
[97m/home/cvazquezperezdelacru/clio-core/context-runtime/src/ipc_manager.cc:2911 INFO 2478046 ReconnectToOriginalHost ReconnectToOriginalHost: Attempting to reconnect to restarted server[0m
[31m/home/cvazquezperezdelacru/clio-core/context-runtime/src/../../context-transport-primitives/include/clio_ctp/memory/backend/posix_shm_mmap.h:142 ERROR 2478046 shm_attach shm_open failed: No such file or directory[0m
[31m/home/cvazquezperezdelacru/clio-core/context-runtime/src/ipc_manager.cc:1154 ERROR 2478046 ClientInitShm ClientInitShm: shm_attach(main='chi_main_segment_cvazquezperezdelacru_9413') failed[0m
[97m/home/cvazquezperezdelacru/clio-core/context-runtime/src/ipc_manager.cc:2911 INFO 2478046 ReconnectToOriginalHost ReconnectToOriginalHost: Attempting to reconnect to restarted server[0m
[31m/home/cvazquezperezdelacru/clio-core/context-runtime/src/../../context-transport-primitives/include/clio_ctp/memory/backend/posix_shm_mmap.h:142 ERROR 2478046 shm_attach shm_open failed: No such file or directory[0m
[31m/home/cvazquezperezdelacru/clio-core/context-runtime/src/ipc_manager.cc:1154 ERROR 2478046 ClientInitShm ClientInitShm: shm_attach(main='chi_main_segment_cvazquezperezdelacru_9413') failed[0m
[97m/home/cvazquezperezdelacru/clio-core/context-runtime/src/ipc_manager.cc:2911 INFO 2478046 ReconnectToOriginalHost ReconnectToOriginalHost: Attempting to reconnect to restarted server[0m
[31m/home/cvazquezperezdelacru/clio-core/context-runtime/src/../../context-transport-primitives/include/clio_ctp/memory/backend/posix_shm_mmap.h:142 ERROR 2478046 shm_attach shm_open failed: No such file or directory[0m
[31m/home/cvazquezperezdelacru/clio-core/context-runtime/src/ipc_manager.cc:1154 ERROR 2478046 ClientInitShm ClientInitShm: shm_attach(main='chi_main_segment_cvazquezperezdelacru_9413') failed[0m
[97m/home/cvazquezperezdelacru/clio-core/context-runtime/src/ipc_manager.cc:2911 INFO 2478046 ReconnectToOriginalHost ReconnectToOriginalHost: Attempting to reconnect to restarted server[0m
[31m/home/cvazquezperezdelacru/clio-core/context-runtime/src/../../context-transport-primitives/include/clio_ctp/memory/backend/posix_shm_mmap.h:142 ERROR 2478046 shm_attach shm_open failed: No such file or directory[0m
[31m/home/cvazquezperezdelacru/clio-core/context-runtime/src/ipc_manager.cc:1154 ERROR 2478046 ClientInitShm ClientInitShm: shm_attach(main='chi_main_segment_cvazquezperezdelacru_9413') failed[0m
[97m/home/cvazquezperezdelacru/clio-core/context-runtime/src/ipc_manager.cc:2911 INFO 2478046 ReconnectToOriginalHost ReconnectToOriginalHost: Attempting to reconnect to restarted server[0m
[31m/home/cvazquezperezdelacru/clio-core/context-runtime/src/../../context-transport-primitives/include/clio_ctp/memory/backend/posix_shm_mmap.h:142 ERROR 2478046 shm_attach shm_open failed: No such file or directory[0m
[31m/home/cvazquezperezdelacru/clio-core/context-runtime/src/ipc_manager.cc:1154 ERROR 2478046 ClientInitShm ClientInitShm: shm_attach(main='chi_main_segment_cvazquezperezdelacru_9413') failed[0m
[97m/home/cvazquezperezdelacru/clio-core/context-runtime/src/ipc_manager.cc:2911 INFO 2478046 ReconnectToOriginalHost ReconnectToOriginalHost: Attempting to reconnect to restarted server[0m
[31m/home/cvazquezperezdelacru/clio-core/context-runtime/src/../../context-transport-primitives/include/clio_ctp/memory/backend/posix_shm_mmap.h:142 ERROR 2478046 shm_attach shm_open failed: No such file or directory[0m
[31m/home/cvazquezperezdelacru/clio-core/context-runtime/src/ipc_manager.cc:1154 ERROR 2478046 ClientInitShm ClientInitShm: shm_attach(main='chi_main_segment_cvazquezperezdelacru_9413') failed[0m
[97m/home/cvazquezperezdelacru/clio-core/context-runtime/src/ipc_manager.cc:2911 INFO 2478046 ReconnectToOriginalHost ReconnectToOriginalHost: Attempting to reconnect to restarted server[0m
[31m/home/cvazquezperezdelacru/clio-core/context-runtime/src/../../context-transport-primitives/include/clio_ctp/memory/backend/posix_shm_mmap.h:142 ERROR 2478046 shm_attach shm_open failed: No such file or directory[0m
[31m/home/cvazquezperezdelacru/clio-core/context-runtime/src/ipc_manager.cc:1154 ERROR 2478046 ClientInitShm ClientInitShm: shm_attach(main='chi_main_segment_cvazquezperezdelacru_9413') failed[0m
[97m/home/cvazquezperezdelacru/clio-core/context-runtime/src/ipc_manager.cc:2911 INFO 2478046 ReconnectToOriginalHost ReconnectToOriginalHost: Attempting to reconnect to restarted server[0m
[31m/home/cvazquezperezdelacru/clio-core/context-runtime/src/../../context-transport-primitives/include/clio_ctp/memory/backend/posix_shm_mmap.h:142 ERROR 2478046 shm_attach shm_open failed: No such file or directory[0m
[31m/home/cvazquezperezdelacru/clio-core/context-runtime/src/ipc_manager.cc:1154 ERROR 2478046 ClientInitShm ClientInitShm: shm_attach(main='chi_main_segment_cvazquezperezdelacru_9413') failed[0m
[97m/home/cvazquezperezdelacru/clio-core/context-runtime/src/ipc_manager.cc:2911 INFO 2478046 ReconnectToOriginalHost ReconnectToOriginalHost: Attempting to reconnect to restarted server[0m
[31m/home/cvazquezperezdelacru/clio-core/context-runtime/src/../../context-transport-primitives/include/clio_ctp/memory/backend/posix_shm_mmap.h:142 ERROR 2478046 shm_attach shm_open failed: No such file or directory[0m
[31m/home/cvazquezperezdelacru/clio-core/context-runtime/src/ipc_manager.cc:1154 ERROR 2478046 ClientInitShm ClientInitShm: shm_attach(main='chi_main_segment_cvazquezperezdelacru_9413') failed[0m
[97m/home/cvazquezperezdelacru/clio-core/context-runtime/src/ipc_manager.cc:2911 INFO 2478046 ReconnectToOriginalHost ReconnectToOriginalHost: Attempting to reconnect to restarted server[0m
[31m/home/cvazquezperezdelacru/clio-core/context-runtime/src/../../context-transport-primitives/include/clio_ctp/memory/backend/posix_shm_mmap.h:142 ERROR 2478046 shm_attach shm_open failed: No such file or directory[0m
[31m/home/cvazquezperezdelacru/clio-core/context-runtime/src/ipc_manager.cc:1154 ERROR 2478046 ClientInitShm ClientInitShm: shm_attach(main='chi_main_segment_cvazquezperezdelacru_9413') failed[0m
[97m/home/cvazquezperezdelacru/clio-core/context-runtime/src/ipc_manager.cc:2911 INFO 2478046 ReconnectToOriginalHost ReconnectToOriginalHost: Attempting to reconnect to restarted server[0m
[31m/home/cvazquezperezdelacru/clio-core/context-runtime/src/../../context-transport-primitives/include/clio_ctp/memory/backend/posix_shm_mmap.h:142 ERROR 2478046 shm_attach shm_open failed: No such file or directory[0m
[31m/home/cvazquezperezdelacru/clio-core/context-runtime/src/ipc_manager.cc:1154 ERROR 2478046 ClientInitShm ClientInitShm: shm_attach(main='chi_main_segment_cvazquezperezdelacru_9413') failed[0m
[97m/home/cvazquezperezdelacru/clio-core/context-runtime/src/ipc_manager.cc:2911 INFO 2478046 ReconnectToOriginalHost ReconnectToOriginalHost: Attempting to reconnect to restarted server[0m
[31m/home/cvazquezperezdelacru/clio-core/context-runtime/src/../../context-transport-primitives/include/clio_ctp/memory/backend/posix_shm_mmap.h:142 ERROR 2478046 shm_attach shm_open failed: No such file or directory[0m
[31m/home/cvazquezperezdelacru/clio-core/context-runtime/src/ipc_manager.cc:1154 ERROR 2478046 ClientInitShm ClientInitShm: shm_attach(main='chi_main_segment_cvazquezperezdelacru_9413') failed[0m
[97m/home/cvazquezperezdelacru/clio-core/context-runtime/src/ipc_manager.cc:2911 INFO 2478046 ReconnectToOriginalHost ReconnectToOriginalHost: Attempting to reconnect to restarted server[0m
[31m/home/cvazquezperezdelacru/clio-core/context-runtime/src/../../context-transport-primitives/include/clio_ctp/memory/backend/posix_shm_mmap.h:142 ERROR 2478046 shm_attach shm_open failed: No such file or directory[0m
[31m/home/cvazquezperezdelacru/clio-core/context-runtime/src/ipc_manager.cc:1154 ERROR 2478046 ClientInitShm ClientInitShm: shm_attach(main='chi_main_segment_cvazquezperezdelacru_9413') failed[0m
[33m/home/cvazquezperezdelacru/clio-core/context-runtime/src/ipc_manager.cc:3085 WARNING 2478046 WaitForServerAndReconnect WaitForServerAndReconnect: Original server timed out after 60.0134s[0m
chimod subtask rc=4294967295
[33m/home/cvazquezperezdelacru/clio-core-dev-install/include/clio_runtime/ipc/ipc_cpu2cpu_zmq_impl.h:91 WARNING 2478046 RecvOut Recv(SHM): Server dead, attempting reconnect...[0m
[97m/home/cvazquezperezdelacru/clio-core/context-runtime/src/ipc_manager.cc:2911 INFO 2478046 ReconnectToOriginalHost ReconnectToOriginalHost: Attempting to reconnect to restarted server[0m
[31m/home/cvazquezperezdelacru/clio-core/context-runtime/src/../../context-transport-primitives/include/clio_ctp/memory/backend/posix_shm_mmap.h:142 ERROR 2478046 shm_attach shm_open failed: No such file or directory[0m
[31m/home/cvazquezperezdelacru/clio-core/context-runtime/src/ipc_manager.cc:1154 ERROR 2478046 ClientInitShm ClientInitShm: shm_attach(main='chi_main_segment_cvazquezperezdelacru_9413') failed[0m
[97m/home/cvazquezperezdelacru/clio-core/context-runtime/src/ipc_manager.cc:2911 INFO 2478046 ReconnectToOriginalHost ReconnectToOriginalHost: Attempting to reconnect to restarted server[0m
[31m/home/cvazquezperezdelacru/clio-core/context-runtime/src/../../context-transport-primitives/include/clio_ctp/memory/backend/posix_shm_mmap.h:142 ERROR 2478046 shm_attach shm_open failed: No such file or directory[0m
[31m/home/cvazquezperezdelacru/clio-core/context-runtime/src/ipc_manager.cc:1154 ERROR 2478046 ClientInitShm ClientInitShm: shm_attach(main='chi_main_segment_cvazquezperezdelacru_9413') failed[0m
[97m/home/cvazquezperezdelacru/clio-core/context-runtime/src/ipc_manager.cc:2911 INFO 2478046 ReconnectToOriginalHost ReconnectToOriginalHost: Attempting to reconnect to restarted server[0m
[31m/home/cvazquezperezdelacru/clio-core/context-runtime/src/../../context-transport-primitives/include/clio_ctp/memory/backend/posix_shm_mmap.h:142 ERROR 2478046 shm_attach shm_open failed: No such file or directory[0m
[31m/home/cvazquezperezdelacru/clio-core/context-runtime/src/ipc_manager.cc:1154 ERROR 2478046 ClientInitShm ClientInitShm: shm_attach(main='chi_main_segment_cvazquezperezdelacru_9413') failed[0m
[97m/home/cvazquezperezdelacru/clio-core/context-runtime/src/ipc_manager.cc:2911 INFO 2478046 ReconnectToOriginalHost ReconnectToOriginalHost: Attempting to reconnect to restarted server[0m
[31m/home/cvazquezperezdelacru/clio-core/context-runtime/src/../../context-transport-primitives/include/clio_ctp/memory/backend/posix_shm_mmap.h:142 ERROR 2478046 shm_attach shm_open failed: No such file or directory[0m
[31m/home/cvazquezperezdelacru/clio-core/context-runtime/src/ipc_manager.cc:1154 ERROR 2478046 ClientInitShm ClientInitShm: shm_attach(main='chi_main_segment_cvazquezperezdelacru_9413') failed[0m
[97m/home/cvazquezperezdelacru/clio-core/context-runtime/src/ipc_manager.cc:2911 INFO 2478046 ReconnectToOriginalHost ReconnectToOriginalHost: Attempting to reconnect to restarted server[0m
[31m/home/cvazquezperezdelacru/clio-core/context-runtime/src/../../context-transport-primitives/include/clio_ctp/memory/backend/posix_shm_mmap.h:142 ERROR 2478046 shm_attach shm_open failed: No such file or directory[0m
[31m/home/cvazquezperezdelacru/clio-core/context-runtime/src/ipc_manager.cc:1154 ERROR 2478046 ClientInitShm ClientInitShm: shm_attach(main='chi_main_segment_cvazquezperezdelacru_9413') failed[0m
[97m/home/cvazquezperezdelacru/clio-core/context-runtime/src/ipc_manager.cc:2911 INFO 2478046 ReconnectToOriginalHost ReconnectToOriginalHost: Attempting to reconnect to restarted server[0m
[31m/home/cvazquezperezdelacru/clio-core/context-runtime/src/../../context-transport-primitives/include/clio_ctp/memory/backend/posix_shm_mmap.h:142 ERROR 2478046 shm_attach shm_open failed: No such file or directory[0m
[31m/home/cvazquezperezdelacru/clio-core/context-runtime/src/ipc_manager.cc:1154 ERROR 2478046 ClientInitShm ClientInitShm: shm_attach(main='chi_main_segment_cvazquezperezdelacru_9413') failed[0m
[97m/home/cvazquezperezdelacru/clio-core/context-runtime/src/ipc_manager.cc:2911 INFO 2478046 ReconnectToOriginalHost ReconnectToOriginalHost: Attempting to reconnect to restarted server[0m
[31m/home/cvazquezperezdelacru/clio-core/context-runtime/src/../../context-transport-primitives/include/clio_ctp/memory/backend/posix_shm_mmap.h:142 ERROR 2478046 shm_attach shm_open failed: No such file or directory[0m
[31m/home/cvazquezperezdelacru/clio-core/context-runtime/src/ipc_manager.cc:1154 ERROR 2478046 ClientInitShm ClientInitShm: shm_attach(main='chi_main_segment_cvazquezperezdelacru_9413') failed[0m
[97m/home/cvazquezperezdelacru/clio-core/context-runtime/src/ipc_manager.cc:2911 INFO 2478046 ReconnectToOriginalHost ReconnectToOriginalHost: Attempting to reconnect to restarted server[0m
[31m/home/cvazquezperezdelacru/clio-core/context-runtime/src/../../context-transport-primitives/include/clio_ctp/memory/backend/posix_shm_mmap.h:142 ERROR 2478046 shm_attach shm_open failed: No such file or directory[0m
[31m/home/cvazquezperezdelacru/clio-core/context-runtime/src/ipc_manager.cc:1154 ERROR 2478046 ClientInitShm ClientInitShm: shm_attach(main='chi_main_segment_cvazquezperezdelacru_9413') failed[0m
[97m/home/cvazquezperezdelacru/clio-core/context-runtime/src/ipc_manager.cc:2911 INFO 2478046 ReconnectToOriginalHost ReconnectToOriginalHost: Attempting to reconnect to restarted server[0m
[31m/home/cvazquezperezdelacru/clio-core/context-runtime/src/../../context-transport-primitives/include/clio_ctp/memory/backend/posix_shm_mmap.h:142 ERROR 2478046 shm_attach shm_open failed: No such file or directory[0m
[31m/home/cvazquezperezdelacru/clio-core/context-runtime/src/ipc_manager.cc:1154 ERROR 2478046 ClientInitShm ClientInitShm: shm_attach(main='chi_main_segment_cvazquezperezdelacru_9413') failed[0m
[97m/home/cvazquezperezdelacru/clio-core/context-runtime/src/ipc_manager.cc:2911 INFO 2478046 ReconnectToOriginalHost ReconnectToOriginalHost: Attempting to reconnect to restarted server[0m
[31m/home/cvazquezperezdelacru/clio-core/context-runtime/src/../../context-transport-primitives/include/clio_ctp/memory/backend/posix_shm_mmap.h:142 ERROR 2478046 shm_attach shm_open failed: No such file or directory[0m
[31m/home/cvazquezperezdelacru/clio-core/context-runtime/src/ipc_manager.cc:1154 ERROR 2478046 ClientInitShm ClientInitShm: shm_attach(main='chi_main_segment_cvazquezperezdelacru_9413') failed[0m
[97m/home/cvazquezperezdelacru/clio-core/context-runtime/src/ipc_manager.cc:2911 INFO 2478046 ReconnectToOriginalHost ReconnectToOriginalHost: Attempting to reconnect to restarted server[0m
[31m/home/cvazquezperezdelacru/clio-core/context-runtime/src/../../context-transport-primitives/include/clio_ctp/memory/backend/posix_shm_mmap.h:142 ERROR 2478046 shm_attach shm_open failed: No such file or directory[0m
[31m/home/cvazquezperezdelacru/clio-core/context-runtime/src/ipc_manager.cc:1154 ERROR 2478046 ClientInitShm ClientInitShm: shm_attach(main='chi_main_segment_cvazquezperezdelacru_9413') failed[0m
[97m/home/cvazquezperezdelacru/clio-core/context-runtime/src/ipc_manager.cc:2911 INFO 2478046 ReconnectToOriginalHost ReconnectToOriginalHost: Attempting to reconnect to restarted server[0m
[31m/home/cvazquezperezdelacru/clio-core/context-runtime/src/../../context-transport-primitives/include/clio_ctp/memory/backend/posix_shm_mmap.h:142 ERROR 2478046 shm_attach shm_open failed: No such file or directory[0m
[31m/home/cvazquezperezdelacru/clio-core/context-runtime/src/ipc_manager.cc:1154 ERROR 2478046 ClientInitShm ClientInitShm: shm_attach(main='chi_main_segment_cvazquezperezdelacru_9413') failed[0m
[97m/home/cvazquezperezdelacru/clio-core/context-runtime/src/ipc_manager.cc:2911 INFO 2478046 ReconnectToOriginalHost ReconnectToOriginalHost: Attempting to reconnect to restarted server[0m
[31m/home/cvazquezperezdelacru/clio-core/context-runtime/src/../../context-transport-primitives/include/clio_ctp/memory/backend/posix_shm_mmap.h:142 ERROR 2478046 shm_attach shm_open failed: No such file or directory[0m
[31m/home/cvazquezperezdelacru/clio-core/context-runtime/src/ipc_manager.cc:1154 ERROR 2478046 ClientInitShm ClientInitShm: shm_attach(main='chi_main_segment_cvazquezperezdelacru_9413') failed[0m
[97m/home/cvazquezperezdelacru/clio-core/context-runtime/src/ipc_manager.cc:2911 INFO 2478046 ReconnectToOriginalHost ReconnectToOriginalHost: Attempting to reconnect to restarted server[0m
[31m/home/cvazquezperezdelacru/clio-core/context-runtime/src/../../context-transport-primitives/include/clio_ctp/memory/backend/posix_shm_mmap.h:142 ERROR 2478046 shm_attach shm_open failed: No such file or directory[0m
[31m/home/cvazquezperezdelacru/clio-core/context-runtime/src/ipc_manager.cc:1154 ERROR 2478046 ClientInitShm ClientInitShm: shm_attach(main='chi_main_segment_cvazquezperezdelacru_9413') failed[0m
[97m/home/cvazquezperezdelacru/clio-core/context-runtime/src/ipc_manager.cc:2911 INFO 2478046 ReconnectToOriginalHost ReconnectToOriginalHost: Attempting to reconnect to restarted server[0m
[31m/home/cvazquezperezdelacru/clio-core/context-runtime/src/../../context-transport-primitives/include/clio_ctp/memory/backend/posix_shm_mmap.h:142 ERROR 2478046 shm_attach shm_open failed: No such file or directory[0m
[31m/home/cvazquezperezdelacru/clio-core/context-runtime/src/ipc_manager.cc:1154 ERROR 2478046 ClientInitShm ClientInitShm: shm_attach(main='chi_main_segment_cvazquezperezdelacru_9413') failed[0m
[97m/home/cvazquezperezdelacru/clio-core/context-runtime/src/ipc_manager.cc:2911 INFO 2478046 ReconnectToOriginalHost ReconnectToOriginalHost: Attempting to reconnect to restarted server[0m
[31m/home/cvazquezperezdelacru/clio-core/context-runtime/src/../../context-transport-primitives/include/clio_ctp/memory/backend/posix_shm_mmap.h:142 ERROR 2478046 shm_attach shm_open failed: No such file or directory[0m
[31m/home/cvazquezperezdelacru/clio-core/context-runtime/src/ipc_manager.cc:1154 ERROR 2478046 ClientInitShm ClientInitShm: shm_attach(main='chi_main_segment_cvazquezperezdelacru_9413') failed[0m
[97m/home/cvazquezperezdelacru/clio-core/context-runtime/src/ipc_manager.cc:2911 INFO 2478046 ReconnectToOriginalHost ReconnectToOriginalHost: Attempting to reconnect to restarted server[0m
[31m/home/cvazquezperezdelacru/clio-core/context-runtime/src/../../context-transport-primitives/include/clio_ctp/memory/backend/posix_shm_mmap.h:142 ERROR 2478046 shm_attach shm_open failed: No such file or directory[0m
[31m/home/cvazquezperezdelacru/clio-core/context-runtime/src/ipc_manager.cc:1154 ERROR 2478046 ClientInitShm ClientInitShm: shm_attach(main='chi_main_segment_cvazquezperezdelacru_9413') failed[0m
[97m/home/cvazquezperezdelacru/clio-core/context-runtime/src/ipc_manager.cc:2911 INFO 2478046 ReconnectToOriginalHost ReconnectToOriginalHost: Attempting to reconnect to restarted server[0m
[31m/home/cvazquezperezdelacru/clio-core/context-runtime/src/../../context-transport-primitives/include/clio_ctp/memory/backend/posix_shm_mmap.h:142 ERROR 2478046 shm_attach shm_open failed: No such file or directory[0m
[31m/home/cvazquezperezdelacru/clio-core/context-runtime/src/ipc_manager.cc:1154 ERROR 2478046 ClientInitShm ClientInitShm: shm_attach(main='chi_main_segment_cvazquezperezdelacru_9413') failed[0m
[97m/home/cvazquezperezdelacru/clio-core/context-runtime/src/ipc_manager.cc:2911 INFO 2478046 ReconnectToOriginalHost ReconnectToOriginalHost: Attempting to reconnect to restarted server[0m
[31m/home/cvazquezperezdelacru/clio-core/context-runtime/src/../../context-transport-primitives/include/clio_ctp/memory/backend/posix_shm_mmap.h:142 ERROR 2478046 shm_attach shm_open failed: No such file or directory[0m
[31m/home/cvazquezperezdelacru/clio-core/context-runtime/src/ipc_manager.cc:1154 ERROR 2478046 ClientInitShm ClientInitShm: shm_attach(main='chi_main_segment_cvazquezperezdelacru_9413') failed[0m
[97m/home/cvazquezperezdelacru/clio-core/context-runtime/src/ipc_manager.cc:2911 INFO 2478046 ReconnectToOriginalHost ReconnectToOriginalHost: Attempting to reconnect to restarted server[0m
[31m/home/cvazquezperezdelacru/clio-core/context-runtime/src/../../context-transport-primitives/include/clio_ctp/memory/backend/posix_shm_mmap.h:142 ERROR 2478046 shm_attach shm_open failed: No such file or directory[0m
[31m/home/cvazquezperezdelacru/clio-core/context-runtime/src/ipc_manager.cc:1154 ERROR 2478046 ClientInitShm ClientInitShm: shm_attach(main='chi_main_segment_cvazquezperezdelacru_9413') failed[0m
[97m/home/cvazquezperezdelacru/clio-core/context-runtime/src/ipc_manager.cc:2911 INFO 2478046 ReconnectToOriginalHost ReconnectToOriginalHost: Attempting to reconnect to restarted server[0m
[31m/home/cvazquezperezdelacru/clio-core/context-runtime/src/../../context-transport-primitives/include/clio_ctp/memory/backend/posix_shm_mmap.h:142 ERROR 2478046 shm_attach shm_open failed: No such file or directory[0m
[31m/home/cvazquezperezdelacru/clio-core/context-runtime/src/ipc_manager.cc:1154 ERROR 2478046 ClientInitShm ClientInitShm: shm_attach(main='chi_main_segment_cvazquezperezdelacru_9413') failed[0m
[97m/home/cvazquezperezdelacru/clio-core/context-runtime/src/ipc_manager.cc:2911 INFO 2478046 ReconnectToOriginalHost ReconnectToOriginalHost: Attempting to reconnect to restarted server[0m
[31m/home/cvazquezperezdelacru/clio-core/context-runtime/src/../../context-transport-primitives/include/clio_ctp/memory/backend/posix_shm_mmap.h:142 ERROR 2478046 shm_attach shm_open failed: No such file or directory[0m
[31m/home/cvazquezperezdelacru/clio-core/context-runtime/src/ipc_manager.cc:1154 ERROR 2478046 ClientInitShm ClientInitShm: shm_attach(main='chi_main_segment_cvazquezperezdelacru_9413') failed[0m
[97m/home/cvazquezperezdelacru/clio-core/context-runtime/src/ipc_manager.cc:2911 INFO 2478046 ReconnectToOriginalHost ReconnectToOriginalHost: Attempting to reconnect to restarted server[0m
[31m/home/cvazquezperezdelacru/clio-core/context-runtime/src/../../context-transport-primitives/include/clio_ctp/memory/backend/posix_shm_mmap.h:142 ERROR 2478046 shm_attach shm_open failed: No such file or directory[0m
[31m/home/cvazquezperezdelacru/clio-core/context-runtime/src/ipc_manager.cc:1154 ERROR 2478046 ClientInitShm ClientInitShm: shm_attach(main='chi_main_segment_cvazquezperezdelacru_9413') failed[0m
[97m/home/cvazquezperezdelacru/clio-core/context-runtime/src/ipc_manager.cc:2911 INFO 2478046 ReconnectToOriginalHost ReconnectToOriginalHost: Attempting to reconnect to restarted server[0m
[31m/home/cvazquezperezdelacru/clio-core/context-runtime/src/../../context-transport-primitives/include/clio_ctp/memory/backend/posix_shm_mmap.h:142 ERROR 2478046 shm_attach shm_open failed: No such file or directory[0m
[31m/home/cvazquezperezdelacru/clio-core/context-runtime/src/ipc_manager.cc:1154 ERROR 2478046 ClientInitShm ClientInitShm: shm_attach(main='chi_main_segment_cvazquezperezdelacru_9413') failed[0m
[97m/home/cvazquezperezdelacru/clio-core/context-runtime/src/ipc_manager.cc:2911 INFO 2478046 ReconnectToOriginalHost ReconnectToOriginalHost: Attempting to reconnect to restarted server[0m
[31m/home/cvazquezperezdelacru/clio-core/context-runtime/src/../../context-transport-primitives/include/clio_ctp/memory/backend/posix_shm_mmap.h:142 ERROR 2478046 shm_attach shm_open failed: No such file or directory[0m
[31m/home/cvazquezperezdelacru/clio-core/context-runtime/src/ipc_manager.cc:1154 ERROR 2478046 ClientInitShm ClientInitShm: shm_attach(main='chi_main_segment_cvazquezperezdelacru_9413') failed[0m
[97m/home/cvazquezperezdelacru/clio-core/context-runtime/src/ipc_manager.cc:2911 INFO 2478046 ReconnectToOriginalHost ReconnectToOriginalHost: Attempting to reconnect to restarted server[0m
[31m/home/cvazquezperezdelacru/clio-core/context-runtime/src/../../context-transport-primitives/include/clio_ctp/memory/backend/posix_shm_mmap.h:142 ERROR 2478046 shm_attach shm_open failed: No such file or directory[0m
[31m/home/cvazquezperezdelacru/clio-core/context-runtime/src/ipc_manager.cc:1154 ERROR 2478046 ClientInitShm ClientInitShm: shm_attach(main='chi_main_segment_cvazquezperezdelacru_9413') failed[0m
[97m/home/cvazquezperezdelacru/clio-core/context-runtime/src/ipc_manager.cc:2911 INFO 2478046 ReconnectToOriginalHost ReconnectToOriginalHost: Attempting to reconnect to restarted server[0m
[31m/home/cvazquezperezdelacru/clio-core/context-runtime/src/../../context-transport-primitives/include/clio_ctp/memory/backend/posix_shm_mmap.h:142 ERROR 2478046 shm_attach shm_open failed: No such file or directory[0m
[31m/home/cvazquezperezdelacru/clio-core/context-runtime/src/ipc_manager.cc:1154 ERROR 2478046 ClientInitShm ClientInitShm: shm_attach(main='chi_main_segment_cvazquezperezdelacru_9413') failed[0m
[97m/home/cvazquezperezdelacru/clio-core/context-runtime/src/ipc_manager.cc:2911 INFO 2478046 ReconnectToOriginalHost ReconnectToOriginalHost: Attempting to reconnect to restarted server[0m
[31m/home/cvazquezperezdelacru/clio-core/context-runtime/src/../../context-transport-primitives/include/clio_ctp/memory/backend/posix_shm_mmap.h:142 ERROR 2478046 shm_attach shm_open failed: No such file or directory[0m
[31m/home/cvazquezperezdelacru/clio-core/context-runtime/src/ipc_manager.cc:1154 ERROR 2478046 ClientInitShm ClientInitShm: shm_attach(main='chi_main_segment_cvazquezperezdelacru_9413') failed[0m
[97m/home/cvazquezperezdelacru/clio-core/context-runtime/src/ipc_manager.cc:2911 INFO 2478046 ReconnectToOriginalHost ReconnectToOriginalHost: Attempting to reconnect to restarted server[0m
[31m/home/cvazquezperezdelacru/clio-core/context-runtime/src/../../context-transport-primitives/include/clio_ctp/memory/backend/posix_shm_mmap.h:142 ERROR 2478046 shm_attach shm_open failed: No such file or directory[0m
[31m/home/cvazquezperezdelacru/clio-core/context-runtime/src/ipc_manager.cc:1154 ERROR 2478046 ClientInitShm ClientInitShm: shm_attach(main='chi_main_segment_cvazquezperezdelacru_9413') failed[0m
[97m/home/cvazquezperezdelacru/clio-core/context-runtime/src/ipc_manager.cc:2911 INFO 2478046 ReconnectToOriginalHost ReconnectToOriginalHost: Attempting to reconnect to restarted server[0m
[31m/home/cvazquezperezdelacru/clio-core/context-runtime/src/../../context-transport-primitives/include/clio_ctp/memory/backend/posix_shm_mmap.h:142 ERROR 2478046 shm_attach shm_open failed: No such file or directory[0m
[31m/home/cvazquezperezdelacru/clio-core/context-runtime/src/ipc_manager.cc:1154 ERROR 2478046 ClientInitShm ClientInitShm: shm_attach(main='chi_main_segment_cvazquezperezdelacru_9413') failed[0m
[97m/home/cvazquezperezdelacru/clio-core/context-runtime/src/ipc_manager.cc:2911 INFO 2478046 ReconnectToOriginalHost ReconnectToOriginalHost: Attempting to reconnect to restarted server[0m
[31m/home/cvazquezperezdelacru/clio-core/context-runtime/src/../../context-transport-primitives/include/clio_ctp/memory/backend/posix_shm_mmap.h:142 ERROR 2478046 shm_attach shm_open failed: No such file or directory[0m
[31m/home/cvazquezperezdelacru/clio-core/context-runtime/src/ipc_manager.cc:1154 ERROR 2478046 ClientInitShm ClientInitShm: shm_attach(main='chi_main_segment_cvazquezperezdelacru_9413') failed[0m
[97m/home/cvazquezperezdelacru/clio-core/context-runtime/src/ipc_manager.cc:2911 INFO 2478046 ReconnectToOriginalHost ReconnectToOriginalHost: Attempting to reconnect to restarted server[0m
[31m/home/cvazquezperezdelacru/clio-core/context-runtime/src/../../context-transport-primitives/include/clio_ctp/memory/backend/posix_shm_mmap.h:142 ERROR 2478046 shm_attach shm_open failed: No such file or directory[0m
[31m/home/cvazquezperezdelacru/clio-core/context-runtime/src/ipc_manager.cc:1154 ERROR 2478046 ClientInitShm ClientInitShm: shm_attach(main='chi_main_segment_cvazquezperezdelacru_9413') failed[0m
[97m/home/cvazquezperezdelacru/clio-core/context-runtime/src/ipc_manager.cc:2911 INFO 2478046 ReconnectToOriginalHost ReconnectToOriginalHost: Attempting to reconnect to restarted server[0m
[31m/home/cvazquezperezdelacru/clio-core/context-runtime/src/../../context-transport-primitives/include/clio_ctp/memory/backend/posix_shm_mmap.h:142 ERROR 2478046 shm_attach shm_open failed: No such file or directory[0m
[31m/home/cvazquezperezdelacru/clio-core/context-runtime/src/ipc_manager.cc:1154 ERROR 2478046 ClientInitShm ClientInitShm: shm_attach(main='chi_main_segment_cvazquezperezdelacru_9413') failed[0m
[97m/home/cvazquezperezdelacru/clio-core/context-runtime/src/ipc_manager.cc:2911 INFO 2478046 ReconnectToOriginalHost ReconnectToOriginalHost: Attempting to reconnect to restarted server[0m
[31m/home/cvazquezperezdelacru/clio-core/context-runtime/src/../../context-transport-primitives/include/clio_ctp/memory/backend/posix_shm_mmap.h:142 ERROR 2478046 shm_attach shm_open failed: No such file or directory[0m
[31m/home/cvazquezperezdelacru/clio-core/context-runtime/src/ipc_manager.cc:1154 ERROR 2478046 ClientInitShm ClientInitShm: shm_attach(main='chi_main_segment_cvazquezperezdelacru_9413') failed[0m
[97m/home/cvazquezperezdelacru/clio-core/context-runtime/src/ipc_manager.cc:2911 INFO 2478046 ReconnectToOriginalHost ReconnectToOriginalHost: Attempting to reconnect to restarted server[0m
[31m/home/cvazquezperezdelacru/clio-core/context-runtime/src/../../context-transport-primitives/include/clio_ctp/memory/backend/posix_shm_mmap.h:142 ERROR 2478046 shm_attach shm_open failed: No such file or directory[0m
[31m/home/cvazquezperezdelacru/clio-core/context-runtime/src/ipc_manager.cc:1154 ERROR 2478046 ClientInitShm ClientInitShm: shm_attach(main='chi_main_segment_cvazquezperezdelacru_9413') failed[0m
[97m/home/cvazquezperezdelacru/clio-core/context-runtime/src/ipc_manager.cc:2911 INFO 2478046 ReconnectToOriginalHost ReconnectToOriginalHost: Attempting to reconnect to restarted server[0m
[31m/home/cvazquezperezdelacru/clio-core/context-runtime/src/../../context-transport-primitives/include/clio_ctp/memory/backend/posix_shm_mmap.h:142 ERROR 2478046 shm_attach shm_open failed: No such file or directory[0m
[31m/home/cvazquezperezdelacru/clio-core/context-runtime/src/ipc_manager.cc:1154 ERROR 2478046 ClientInitShm ClientInitShm: shm_attach(main='chi_main_segment_cvazquezperezdelacru_9413') failed[0m
[97m/home/cvazquezperezdelacru/clio-core/context-runtime/src/ipc_manager.cc:2911 INFO 2478046 ReconnectToOriginalHost ReconnectToOriginalHost: Attempting to reconnect to restarted server[0m
[31m/home/cvazquezperezdelacru/clio-core/context-runtime/src/../../context-transport-primitives/include/clio_ctp/memory/backend/posix_shm_mmap.h:142 ERROR 2478046 shm_attach shm_open failed: No such file or directory[0m
[31m/home/cvazquezperezdelacru/clio-core/context-runtime/src/ipc_manager.cc:1154 ERROR 2478046 ClientInitShm ClientInitShm: shm_attach(main='chi_main_segment_cvazquezperezdelacru_9413') failed[0m
[97m/home/cvazquezperezdelacru/clio-core/context-runtime/src/ipc_manager.cc:2911 INFO 2478046 ReconnectToOriginalHost ReconnectToOriginalHost: Attempting to reconnect to restarted server[0m
[31m/home/cvazquezperezdelacru/clio-core/context-runtime/src/../../context-transport-primitives/include/clio_ctp/memory/backend/posix_shm_mmap.h:142 ERROR 2478046 shm_attach shm_open failed: No such file or directory[0m
[31m/home/cvazquezperezdelacru/clio-core/context-runtime/src/ipc_manager.cc:1154 ERROR 2478046 ClientInitShm ClientInitShm: shm_attach(main='chi_main_segment_cvazquezperezdelacru_9413') failed[0m
[97m/home/cvazquezperezdelacru/clio-core/context-runtime/src/ipc_manager.cc:2911 INFO 2478046 ReconnectToOriginalHost ReconnectToOriginalHost: Attempting to reconnect to restarted server[0m
[31m/home/cvazquezperezdelacru/clio-core/context-runtime/src/../../context-transport-primitives/include/clio_ctp/memory/backend/posix_shm_mmap.h:142 ERROR 2478046 shm_attach shm_open failed: No such file or directory[0m
[31m/home/cvazquezperezdelacru/clio-core/context-runtime/src/ipc_manager.cc:1154 ERROR 2478046 ClientInitShm ClientInitShm: shm_attach(main='chi_main_segment_cvazquezperezdelacru_9413') failed[0m
[97m/home/cvazquezperezdelacru/clio-core/context-runtime/src/ipc_manager.cc:2911 INFO 2478046 ReconnectToOriginalHost ReconnectToOriginalHost: Attempting to reconnect to restarted server[0m
[31m/home/cvazquezperezdelacru/clio-core/context-runtime/src/../../context-transport-primitives/include/clio_ctp/memory/backend/posix_shm_mmap.h:142 ERROR 2478046 shm_attach shm_open failed: No such file or directory[0m
[31m/home/cvazquezperezdelacru/clio-core/context-runtime/src/ipc_manager.cc:1154 ERROR 2478046 ClientInitShm ClientInitShm: shm_attach(main='chi_main_segment_cvazquezperezdelacru_9413') failed[0m
[97m/home/cvazquezperezdelacru/clio-core/context-runtime/src/ipc_manager.cc:2911 INFO 2478046 ReconnectToOriginalHost ReconnectToOriginalHost: Attempting to reconnect to restarted server[0m
[31m/home/cvazquezperezdelacru/clio-core/context-runtime/src/../../context-transport-primitives/include/clio_ctp/memory/backend/posix_shm_mmap.h:142 ERROR 2478046 shm_attach shm_open failed: No such file or directory[0m
[31m/home/cvazquezperezdelacru/clio-core/context-runtime/src/ipc_manager.cc:1154 ERROR 2478046 ClientInitShm ClientInitShm: shm_attach(main='chi_main_segment_cvazquezperezdelacru_9413') failed[0m
[97m/home/cvazquezperezdelacru/clio-core/context-runtime/src/ipc_manager.cc:2911 INFO 2478046 ReconnectToOriginalHost ReconnectToOriginalHost: Attempting to reconnect to restarted server[0m
[31m/home/cvazquezperezdelacru/clio-core/context-runtime/src/../../context-transport-primitives/include/clio_ctp/memory/backend/posix_shm_mmap.h:142 ERROR 2478046 shm_attach shm_open failed: No such file or directory[0m
[31m/home/cvazquezperezdelacru/clio-core/context-runtime/src/ipc_manager.cc:1154 ERROR 2478046 ClientInitShm ClientInitShm: shm_attach(main='chi_main_segment_cvazquezperezdelacru_9413') failed[0m
[97m/home/cvazquezperezdelacru/clio-core/context-runtime/src/ipc_manager.cc:2911 INFO 2478046 ReconnectToOriginalHost ReconnectToOriginalHost: Attempting to reconnect to restarted server[0m
[31m/home/cvazquezperezdelacru/clio-core/context-runtime/src/../../context-transport-primitives/include/clio_ctp/memory/backend/posix_shm_mmap.h:142 ERROR 2478046 shm_attach shm_open failed: No such file or directory[0m
[31m/home/cvazquezperezdelacru/clio-core/context-runtime/src/ipc_manager.cc:1154 ERROR 2478046 ClientInitShm ClientInitShm: shm_attach(main='chi_main_segment_cvazquezperezdelacru_9413') failed[0m
[97m/home/cvazquezperezdelacru/clio-core/context-runtime/src/ipc_manager.cc:2911 INFO 2478046 ReconnectToOriginalHost ReconnectToOriginalHost: Attempting to reconnect to restarted server[0m
[31m/home/cvazquezperezdelacru/clio-core/context-runtime/src/../../context-transport-primitives/include/clio_ctp/memory/backend/posix_shm_mmap.h:142 ERROR 2478046 shm_attach shm_open failed: No such file or directory[0m
[31m/home/cvazquezperezdelacru/clio-core/context-runtime/src/ipc_manager.cc:1154 ERROR 2478046 ClientInitShm ClientInitShm: shm_attach(main='chi_main_segment_cvazquezperezdelacru_9413') failed[0m
[97m/home/cvazquezperezdelacru/clio-core/context-runtime/src/ipc_manager.cc:2911 INFO 2478046 ReconnectToOriginalHost ReconnectToOriginalHost: Attempting to reconnect to restarted server[0m
[31m/home/cvazquezperezdelacru/clio-core/context-runtime/src/../../context-transport-primitives/include/clio_ctp/memory/backend/posix_shm_mmap.h:142 ERROR 2478046 shm_attach shm_open failed: No such file or directory[0m
[31m/home/cvazquezperezdelacru/clio-core/context-runtime/src/ipc_manager.cc:1154 ERROR 2478046 ClientInitShm ClientInitShm: shm_attach(main='chi_main_segment_cvazquezperezdelacru_9413') failed[0m
[97m/home/cvazquezperezdelacru/clio-core/context-runtime/src/ipc_manager.cc:2911 INFO 2478046 ReconnectToOriginalHost ReconnectToOriginalHost: Attempting to reconnect to restarted server[0m
[31m/home/cvazquezperezdelacru/clio-core/context-runtime/src/../../context-transport-primitives/include/clio_ctp/memory/backend/posix_shm_mmap.h:142 ERROR 2478046 shm_attach shm_open failed: No such file or directory[0m
[31m/home/cvazquezperezdelacru/clio-core/context-runtime/src/ipc_manager.cc:1154 ERROR 2478046 ClientInitShm ClientInitShm: shm_attach(main='chi_main_segment_cvazquezperezdelacru_9413') failed[0m
[97m/home/cvazquezperezdelacru/clio-core/context-runtime/src/ipc_manager.cc:2911 INFO 2478046 ReconnectToOriginalHost ReconnectToOriginalHost: Attempting to reconnect to restarted server[0m
[31m/home/cvazquezperezdelacru/clio-core/context-runtime/src/../../context-transport-primitives/include/clio_ctp/memory/backend/posix_shm_mmap.h:142 ERROR 2478046 shm_attach shm_open failed: No such file or directory[0m
[31m/home/cvazquezperezdelacru/clio-core/context-runtime/src/ipc_manager.cc:1154 ERROR 2478046 ClientInitShm ClientInitShm: shm_attach(main='chi_main_segment_cvazquezperezdelacru_9413') failed[0m
[97m/home/cvazquezperezdelacru/clio-core/context-runtime/src/ipc_manager.cc:2911 INFO 2478046 ReconnectToOriginalHost ReconnectToOriginalHost: Attempting to reconnect to restarted server[0m
[31m/home/cvazquezperezdelacru/clio-core/context-runtime/src/../../context-transport-primitives/include/clio_ctp/memory/backend/posix_shm_mmap.h:142 ERROR 2478046 shm_attach shm_open failed: No such file or directory[0m
[31m/home/cvazquezperezdelacru/clio-core/context-runtime/src/ipc_manager.cc:1154 ERROR 2478046 ClientInitShm ClientInitShm: shm_attach(main='chi_main_segment_cvazquezperezdelacru_9413') failed[0m
[97m/home/cvazquezperezdelacru/clio-core/context-runtime/src/ipc_manager.cc:2911 INFO 2478046 ReconnectToOriginalHost ReconnectToOriginalHost: Attempting to reconnect to restarted server[0m
[31m/home/cvazquezperezdelacru/clio-core/context-runtime/src/../../context-transport-primitives/include/clio_ctp/memory/backend/posix_shm_mmap.h:142 ERROR 2478046 shm_attach shm_open failed: No such file or directory[0m
[31m/home/cvazquezperezdelacru/clio-core/context-runtime/src/ipc_manager.cc:1154 ERROR 2478046 ClientInitShm ClientInitShm: shm_attach(main='chi_main_segment_cvazquezperezdelacru_9413') failed[0m
[97m/home/cvazquezperezdelacru/clio-core/context-runtime/src/ipc_manager.cc:2911 INFO 2478046 ReconnectToOriginalHost ReconnectToOriginalHost: Attempting to reconnect to restarted server[0m
[31m/home/cvazquezperezdelacru/clio-core/context-runtime/src/../../context-transport-primitives/include/clio_ctp/memory/backend/posix_shm_mmap.h:142 ERROR 2478046 shm_attach shm_open failed: No such file or directory[0m
[31m/home/cvazquezperezdelacru/clio-core/context-runtime/src/ipc_manager.cc:1154 ERROR 2478046 ClientInitShm ClientInitShm: shm_attach(main='chi_main_segment_cvazquezperezdelacru_9413') failed[0m
[97m/home/cvazquezperezdelacru/clio-core/context-runtime/src/ipc_manager.cc:2911 INFO 2478046 ReconnectToOriginalHost ReconnectToOriginalHost: Attempting to reconnect to restarted server[0m
[31m/home/cvazquezperezdelacru/clio-core/context-runtime/src/../../context-transport-primitives/include/clio_ctp/memory/backend/posix_shm_mmap.h:142 ERROR 2478046 shm_attach shm_open failed: No such file or directory[0m
[31m/home/cvazquezperezdelacru/clio-core/context-runtime/src/ipc_manager.cc:1154 ERROR 2478046 ClientInitShm ClientInitShm: shm_attach(main='chi_main_segment_cvazquezperezdelacru_9413') failed[0m
[97m/home/cvazquezperezdelacru/clio-core/context-runtime/src/ipc_manager.cc:2911 INFO 2478046 ReconnectToOriginalHost ReconnectToOriginalHost: Attempting to reconnect to restarted server[0m
[31m/home/cvazquezperezdelacru/clio-core/context-runtime/src/../../context-transport-primitives/include/clio_ctp/memory/backend/posix_shm_mmap.h:142 ERROR 2478046 shm_attach shm_open failed: No such file or directory[0m
[31m/home/cvazquezperezdelacru/clio-core/context-runtime/src/ipc_manager.cc:1154 ERROR 2478046 ClientInitShm ClientInitShm: shm_attach(main='chi_main_segment_cvazquezperezdelacru_9413') failed[0m
[97m/home/cvazquezperezdelacru/clio-core/context-runtime/src/ipc_manager.cc:2911 INFO 2478046 ReconnectToOriginalHost ReconnectToOriginalHost: Attempting to reconnect to restarted server[0m
[31m/home/cvazquezperezdelacru/clio-core/context-runtime/src/../../context-transport-primitives/include/clio_ctp/memory/backend/posix_shm_mmap.h:142 ERROR 2478046 shm_attach shm_open failed: No such file or directory[0m
[31m/home/cvazquezperezdelacru/clio-core/context-runtime/src/ipc_manager.cc:1154 ERROR 2478046 ClientInitShm ClientInitShm: shm_attach(main='chi_main_segment_cvazquezperezdelacru_9413') failed[0m
[97m/home/cvazquezperezdelacru/clio-core/context-runtime/src/ipc_manager.cc:2911 INFO 2478046 ReconnectToOriginalHost ReconnectToOriginalHost: Attempting to reconnect to restarted server[0m
[31m/home/cvazquezperezdelacru/clio-core/context-runtime/src/../../context-transport-primitives/include/clio_ctp/memory/backend/posix_shm_mmap.h:142 ERROR 2478046 shm_attach shm_open failed: No such file or directory[0m
[31m/home/cvazquezperezdelacru/clio-core/context-runtime/src/ipc_manager.cc:1154 ERROR 2478046 ClientInitShm ClientInitShm: shm_attach(main='chi_main_segment_cvazquezperezdelacru_9413') failed[0m
[97m/home/cvazquezperezdelacru/clio-core/context-runtime/src/ipc_manager.cc:2911 INFO 2478046 ReconnectToOriginalHost ReconnectToOriginalHost: Attempting to reconnect to restarted server[0m
[31m/home/cvazquezperezdelacru/clio-core/context-runtime/src/../../context-transport-primitives/include/clio_ctp/memory/backend/posix_shm_mmap.h:142 ERROR 2478046 shm_attach shm_open failed: No such file or directory[0m
[31m/home/cvazquezperezdelacru/clio-core/context-runtime/src/ipc_manager.cc:1154 ERROR 2478046 ClientInitShm ClientInitShm: shm_attach(main='chi_main_segment_cvazquezperezdelacru_9413') failed[0m
[97m/home/cvazquezperezdelacru/clio-core/context-runtime/src/ipc_manager.cc:2911 INFO 2478046 ReconnectToOriginalHost ReconnectToOriginalHost: Attempting to reconnect to restarted server[0m
[31m/home/cvazquezperezdelacru/clio-core/context-runtime/src/../../context-transport-primitives/include/clio_ctp/memory/backend/posix_shm_mmap.h:142 ERROR 2478046 shm_attach shm_open failed: No such file or directory[0m
[31m/home/cvazquezperezdelacru/clio-core/context-runtime/src/ipc_manager.cc:1154 ERROR 2478046 ClientInitShm ClientInitShm: shm_attach(main='chi_main_segment_cvazquezperezdelacru_9413') failed[0m
[97m/home/cvazquezperezdelacru/clio-core/context-runtime/src/ipc_manager.cc:2911 INFO 2478046 ReconnectToOriginalHost ReconnectToOriginalHost: Attempting to reconnect to restarted server[0m
[31m/home/cvazquezperezdelacru/clio-core/context-runtime/src/../../context-transport-primitives/include/clio_ctp/memory/backend/posix_shm_mmap.h:142 ERROR 2478046 shm_attach shm_open failed: No such file or directory[0m
[31m/home/cvazquezperezdelacru/clio-core/context-runtime/src/ipc_manager.cc:1154 ERROR 2478046 ClientInitShm ClientInitShm: shm_attach(main='chi_main_segment_cvazquezperezdelacru_9413') failed[0m
[97m/home/cvazquezperezdelacru/clio-core/context-runtime/src/ipc_manager.cc:2911 INFO 2478046 ReconnectToOriginalHost ReconnectToOriginalHost: Attempting to reconnect to restarted server[0m
[31m/home/cvazquezperezdelacru/clio-core/context-runtime/src/../../context-transport-primitives/include/clio_ctp/memory/backend/posix_shm_mmap.h:142 ERROR 2478046 shm_attach shm_open failed: No such file or directory[0m
[31m/home/cvazquezperezdelacru/clio-core/context-runtime/src/ipc_manager.cc:1154 ERROR 2478046 ClientInitShm ClientInitShm: shm_attach(main='chi_main_segment_cvazquezperezdelacru_9413') failed[0m
[97m/home/cvazquezperezdelacru/clio-core/context-runtime/src/ipc_manager.cc:2911 INFO 2478046 ReconnectToOriginalHost ReconnectToOriginalHost: Attempting to reconnect to restarted server[0m
[31m/home/cvazquezperezdelacru/clio-core/context-runtime/src/../../context-transport-primitives/include/clio_ctp/memory/backend/posix_shm_mmap.h:142 ERROR 2478046 shm_attach shm_open failed: No such file or directory[0m
[31m/home/cvazquezperezdelacru/clio-core/context-runtime/src/ipc_manager.cc:1154 ERROR 2478046 ClientInitShm ClientInitShm: shm_attach(main='chi_main_segment_cvazquezperezdelacru_9413') failed[0m
[97m/home/cvazquezperezdelacru/clio-core/context-runtime/src/ipc_manager.cc:2911 INFO 2478046 ReconnectToOriginalHost ReconnectToOriginalHost: Attempting to reconnect to restarted server[0m
[31m/home/cvazquezperezdelacru/clio-core/context-runtime/src/../../context-transport-primitives/include/clio_ctp/memory/backend/posix_shm_mmap.h:142 ERROR 2478046 shm_attach shm_open failed: No such file or directory[0m
[31m/home/cvazquezperezdelacru/clio-core/context-runtime/src/ipc_manager.cc:1154 ERROR 2478046 ClientInitShm ClientInitShm: shm_attach(main='chi_main_segment_cvazquezperezdelacru_9413') failed[0m
[33m/home/cvazquezperezdelacru/clio-core/context-runtime/src/ipc_manager.cc:3085 WARNING 2478046 WaitForServerAndReconnect WaitForServerAndReconnect: Original server timed out after 60.0123s[0m
chimod subtask rc=4294967295
[33m/home/cvazquezperezdelacru/clio-core-dev-install/include/clio_runtime/ipc/ipc_cpu2cpu_zmq_impl.h:91 WARNING 2478046 RecvOut Recv(SHM): Server dead, attempting reconnect...[0m
[97m/home/cvazquezperezdelacru/clio-core/context-runtime/src/ipc_manager.cc:2911 INFO 2478046 ReconnectToOriginalHost ReconnectToOriginalHost: Attempting to reconnect to restarted server[0m
[31m/home/cvazquezperezdelacru/clio-core/context-runtime/src/../../context-transport-primitives/include/clio_ctp/memory/backend/posix_shm_mmap.h:142 ERROR 2478046 shm_attach shm_open failed: No such file or directory[0m
[31m/home/cvazquezperezdelacru/clio-core/context-runtime/src/ipc_manager.cc:1154 ERROR 2478046 ClientInitShm ClientInitShm: shm_attach(main='chi_main_segment_cvazquezperezdelacru_9413') failed[0m
[97m/home/cvazquezperezdelacru/clio-core/context-runtime/src/ipc_manager.cc:2911 INFO 2478046 ReconnectToOriginalHost ReconnectToOriginalHost: Attempting to reconnect to restarted server[0m
[31m/home/cvazquezperezdelacru/clio-core/context-runtime/src/../../context-transport-primitives/include/clio_ctp/memory/backend/posix_shm_mmap.h:142 ERROR 2478046 shm_attach shm_open failed: No such file or directory[0m
[31m/home/cvazquezperezdelacru/clio-core/context-runtime/src/ipc_manager.cc:1154 ERROR 2478046 ClientInitShm ClientInitShm: shm_attach(main='chi_main_segment_cvazquezperezdelacru_9413') failed[0m
[97m/home/cvazquezperezdelacru/clio-core/context-runtime/src/ipc_manager.cc:2911 INFO 2478046 ReconnectToOriginalHost ReconnectToOriginalHost: Attempting to reconnect to restarted server[0m
[31m/home/cvazquezperezdelacru/clio-core/context-runtime/src/../../context-transport-primitives/include/clio_ctp/memory/backend/posix_shm_mmap.h:142 ERROR 2478046 shm_attach shm_open failed: No such file or directory[0m
[31m/home/cvazquezperezdelacru/clio-core/context-runtime/src/ipc_manager.cc:1154 ERROR 2478046 ClientInitShm ClientInitShm: shm_attach(main='chi_main_segment_cvazquezperezdelacru_9413') failed[0m
[97m/home/cvazquezperezdelacru/clio-core/context-runtime/src/ipc_manager.cc:2911 INFO 2478046 ReconnectToOriginalHost ReconnectToOriginalHost: Attempting to reconnect to restarted server[0m
[31m/home/cvazquezperezdelacru/clio-core/context-runtime/src/../../context-transport-primitives/include/clio_ctp/memory/backend/posix_shm_mmap.h:142 ERROR 2478046 shm_attach shm_open failed: No such file or directory[0m
[31m/home/cvazquezperezdelacru/clio-core/context-runtime/src/ipc_manager.cc:1154 ERROR 2478046 ClientInitShm ClientInitShm: shm_attach(main='chi_main_segment_cvazquezperezdelacru_9413') failed[0m
[97m/home/cvazquezperezdelacru/clio-core/context-runtime/src/ipc_manager.cc:2911 INFO 2478046 ReconnectToOriginalHost ReconnectToOriginalHost: Attempting to reconnect to restarted server[0m
[31m/home/cvazquezperezdelacru/clio-core/context-runtime/src/../../context-transport-primitives/include/clio_ctp/memory/backend/posix_shm_mmap.h:142 ERROR 2478046 shm_attach shm_open failed: No such file or directory[0m
[31m/home/cvazquezperezdelacru/clio-core/context-runtime/src/ipc_manager.cc:1154 ERROR 2478046 ClientInitShm ClientInitShm: shm_attach(main='chi_main_segment_cvazquezperezdelacru_9413') failed[0m
[97m/home/cvazquezperezdelacru/clio-core/context-runtime/src/ipc_manager.cc:2911 INFO 2478046 ReconnectToOriginalHost ReconnectToOriginalHost: Attempting to reconnect to restarted server[0m
[31m/home/cvazquezperezdelacru/clio-core/context-runtime/src/../../context-transport-primitives/include/clio_ctp/memory/backend/posix_shm_mmap.h:142 ERROR 2478046 shm_attach shm_open failed: No such file or directory[0m
[31m/home/cvazquezperezdelacru/clio-core/context-runtime/src/ipc_manager.cc:1154 ERROR 2478046 ClientInitShm ClientInitShm: shm_attach(main='chi_main_segment_cvazquezperezdelacru_9413') failed[0m
[97m/home/cvazquezperezdelacru/clio-core/context-runtime/src/ipc_manager.cc:2911 INFO 2478046 ReconnectToOriginalHost ReconnectToOriginalHost: Attempting to reconnect to restarted server[0m
[31m/home/cvazquezperezdelacru/clio-core/context-runtime/src/../../context-transport-primitives/include/clio_ctp/memory/backend/posix_shm_mmap.h:142 ERROR 2478046 shm_attach shm_open failed: No such file or directory[0m
[31m/home/cvazquezperezdelacru/clio-core/context-runtime/src/ipc_manager.cc:1154 ERROR 2478046 ClientInitShm ClientInitShm: shm_attach(main='chi_main_segment_cvazquezperezdelacru_9413') failed[0m
[97m/home/cvazquezperezdelacru/clio-core/context-runtime/src/ipc_manager.cc:2911 INFO 2478046 ReconnectToOriginalHost ReconnectToOriginalHost: Attempting to reconnect to restarted server[0m
[31m/home/cvazquezperezdelacru/clio-core/context-runtime/src/../../context-transport-primitives/include/clio_ctp/memory/backend/posix_shm_mmap.h:142 ERROR 2478046 shm_attach shm_open failed: No such file or directory[0m
[31m/home/cvazquezperezdelacru/clio-core/context-runtime/src/ipc_manager.cc:1154 ERROR 2478046 ClientInitShm ClientInitShm: shm_attach(main='chi_main_segment_cvazquezperezdelacru_9413') failed[0m
[97m/home/cvazquezperezdelacru/clio-core/context-runtime/src/ipc_manager.cc:2911 INFO 2478046 ReconnectToOriginalHost ReconnectToOriginalHost: Attempting to reconnect to restarted server[0m
[31m/home/cvazquezperezdelacru/clio-core/context-runtime/src/../../context-transport-primitives/include/clio_ctp/memory/backend/posix_shm_mmap.h:142 ERROR 2478046 shm_attach shm_open failed: No such file or directory[0m
[31m/home/cvazquezperezdelacru/clio-core/context-runtime/src/ipc_manager.cc:1154 ERROR 2478046 ClientInitShm ClientInitShm: shm_attach(main='chi_main_segment_cvazquezperezdelacru_9413') failed[0m
[97m/home/cvazquezperezdelacru/clio-core/context-runtime/src/ipc_manager.cc:2911 INFO 2478046 ReconnectToOriginalHost ReconnectToOriginalHost: Attempting to reconnect to restarted server[0m
[31m/home/cvazquezperezdelacru/clio-core/context-runtime/src/../../context-transport-primitives/include/clio_ctp/memory/backend/posix_shm_mmap.h:142 ERROR 2478046 shm_attach shm_open failed: No such file or directory[0m
[31m/home/cvazquezperezdelacru/clio-core/context-runtime/src/ipc_manager.cc:1154 ERROR 2478046 ClientInitShm ClientInitShm: shm_attach(main='chi_main_segment_cvazquezperezdelacru_9413') failed[0m
[97m/home/cvazquezperezdelacru/clio-core/context-runtime/src/ipc_manager.cc:2911 INFO 2478046 ReconnectToOriginalHost ReconnectToOriginalHost: Attempting to reconnect to restarted server[0m
[31m/home/cvazquezperezdelacru/clio-core/context-runtime/src/../../context-transport-primitives/include/clio_ctp/memory/backend/posix_shm_mmap.h:142 ERROR 2478046 shm_attach shm_open failed: No such file or directory[0m
[31m/home/cvazquezperezdelacru/clio-core/context-runtime/src/ipc_manager.cc:1154 ERROR 2478046 ClientInitShm ClientInitShm: shm_attach(main='chi_main_segment_cvazquezperezdelacru_9413') failed[0m
[97m/home/cvazquezperezdelacru/clio-core/context-runtime/src/ipc_manager.cc:2911 INFO 2478046 ReconnectToOriginalHost ReconnectToOriginalHost: Attempting to reconnect to restarted server[0m
[31m/home/cvazquezperezdelacru/clio-core/context-runtime/src/../../context-transport-primitives/include/clio_ctp/memory/backend/posix_shm_mmap.h:142 ERROR 2478046 shm_attach shm_open failed: No such file or directory[0m
[31m/home/cvazquezperezdelacru/clio-core/context-runtime/src/ipc_manager.cc:1154 ERROR 2478046 ClientInitShm ClientInitShm: shm_attach(main='chi_main_segment_cvazquezperezdelacru_9413') failed[0m
[97m/home/cvazquezperezdelacru/clio-core/context-runtime/src/ipc_manager.cc:2911 INFO 2478046 ReconnectToOriginalHost ReconnectToOriginalHost: Attempting to reconnect to restarted server[0m
[31m/home/cvazquezperezdelacru/clio-core/context-runtime/src/../../context-transport-primitives/include/clio_ctp/memory/backend/posix_shm_mmap.h:142 ERROR 2478046 shm_attach shm_open failed: No such file or directory[0m
[31m/home/cvazquezperezdelacru/clio-core/context-runtime/src/ipc_manager.cc:1154 ERROR 2478046 ClientInitShm ClientInitShm: shm_attach(main='chi_main_segment_cvazquezperezdelacru_9413') failed[0m
[97m/home/cvazquezperezdelacru/clio-core/context-runtime/src/ipc_manager.cc:2911 INFO 2478046 ReconnectToOriginalHost ReconnectToOriginalHost: Attempting to reconnect to restarted server[0m
[31m/home/cvazquezperezdelacru/clio-core/context-runtime/src/../../context-transport-primitives/include/clio_ctp/memory/backend/posix_shm_mmap.h:142 ERROR 2478046 shm_attach shm_open failed: No such file or directory[0m
[31m/home/cvazquezperezdelacru/clio-core/context-runtime/src/ipc_manager.cc:1154 ERROR 2478046 ClientInitShm ClientInitShm: shm_attach(main='chi_main_segment_cvazquezperezdelacru_9413') failed[0m
[97m/home/cvazquezperezdelacru/clio-core/context-runtime/src/ipc_manager.cc:2911 INFO 2478046 ReconnectToOriginalHost ReconnectToOriginalHost: Attempting to reconnect to restarted server[0m
[31m/home/cvazquezperezdelacru/clio-core/context-runtime/src/../../context-transport-primitives/include/clio_ctp/memory/backend/posix_shm_mmap.h:142 ERROR 2478046 shm_attach shm_open failed: No such file or directory[0m
[31m/home/cvazquezperezdelacru/clio-core/context-runtime/src/ipc_manager.cc:1154 ERROR 2478046 ClientInitShm ClientInitShm: shm_attach(main='chi_main_segment_cvazquezperezdelacru_9413') failed[0m
[97m/home/cvazquezperezdelacru/clio-core/context-runtime/src/ipc_manager.cc:2911 INFO 2478046 ReconnectToOriginalHost ReconnectToOriginalHost: Attempting to reconnect to restarted server[0m
[31m/home/cvazquezperezdelacru/clio-core/context-runtime/src/../../context-transport-primitives/include/clio_ctp/memory/backend/posix_shm_mmap.h:142 ERROR 2478046 shm_attach shm_open failed: No such file or directory[0m
[31m/home/cvazquezperezdelacru/clio-core/context-runtime/src/ipc_manager.cc:1154 ERROR 2478046 ClientInitShm ClientInitShm: shm_attach(main='chi_main_segment_cvazquezperezdelacru_9413') failed[0m
[97m/home/cvazquezperezdelacru/clio-core/context-runtime/src/ipc_manager.cc:2911 INFO 2478046 ReconnectToOriginalHost ReconnectToOriginalHost: Attempting to reconnect to restarted server[0m
[31m/home/cvazquezperezdelacru/clio-core/context-runtime/src/../../context-transport-primitives/include/clio_ctp/memory/backend/posix_shm_mmap.h:142 ERROR 2478046 shm_attach shm_open failed: No such file or directory[0m
[31m/home/cvazquezperezdelacru/clio-core/context-runtime/src/ipc_manager.cc:1154 ERROR 2478046 ClientInitShm ClientInitShm: shm_attach(main='chi_main_segment_cvazquezperezdelacru_9413') failed[0m
