[97m/home/cvazquezperezdelacru/clio-core/context-runtime/src/config_manager.cc:144 INFO 2483092 ClientInit Config at: /mnt/common/cvazquezperezdelacru/IOWARP/faiss/contrib/iowarp/benchmarks/results/ares_cte_rendered_20260729_130019.yaml[0m
[97m/home/cvazquezperezdelacru/clio-core/context-runtime/src/ipc_manager.cc:2865 INFO 2483092 ClearUserIpcs ClearUserIpcs: Removed 284 memfd symlinks from previous runs[0m
[33m/home/cvazquezperezdelacru/clio-core/context-runtime/src/ipc_manager.cc:906 WARNING 2483092 ServerInitShm Main segment: requested 50079715328 bytes exceeds half the memory budget (50079715328 bytes); clamping to 25039857664 bytes[0m
[97m/home/cvazquezperezdelacru/clio-core/context-runtime/src/ipc_manager.cc:931 INFO 2483092 ServerInitShm Initializing main shared memory segment: 25039857664 bytes (23879 MB)[0m
[97m/home/cvazquezperezdelacru/clio-core/context-runtime/src/ipc_manager.cc:952 INFO 2483092 ServerInitShm Initializing queue shared memory segment: 646224224 bytes (631078 KB)[0m
[33m/home/cvazquezperezdelacru/clio-core/context-runtime/src/ipc_manager.cc:1005 WARNING 2483092 ServerInitShm Metadata segment: requested 50079715328 bytes exceeds half the memory budget (50079715328 bytes); clamping to 25039857664 bytes[0m
[97m/home/cvazquezperezdelacru/clio-core/context-runtime/src/ipc_manager.cc:1039 INFO 2483092 ServerInitShm Initializing metadata shared memory segment: 25039857664 bytes (23879 MB), sparse/not pre-faulted[0m
[97m/home/cvazquezperezdelacru/clio-core/context-runtime/src/ipc_manager.cc:865 INFO 2483092 ExcludeFromCoreDump metadata segment: excluded 25039857664 bytes from core dumps[0m
[97m/home/cvazquezperezdelacru/clio-core/context-runtime/src/ipc_manager.cc:1072 INFO 2483092 ServerInitShm ServerInitShm: metadata directory at offset 68072[0m
[97m/home/cvazquezperezdelacru/clio-core/context-runtime/src/ipc_manager.cc:1127 INFO 2483092 ServerInitShm ServerInitShm: 8 inbound SHM ring(s) 'clio-2483092-shm-in-0..7' (16MB each)[0m
[97m/home/cvazquezperezdelacru/clio-core/context-runtime/src/ipc_manager.cc:1269 INFO 2483092 ServerInitQueues Initializing 16 worker queues with depth 1024 (last worker serves dual role)[0m
[97m/home/cvazquezperezdelacru/clio-core/context-runtime/src/ipc_manager.cc:1933 INFO 2483092 IdentifyThisHost SUCCESS: Main server started on 0.0.0.0:9413 (advertised as 0.0.0.0, node=0)[0m
[97m/home/cvazquezperezdelacru/clio-core/context-runtime/src/ipc_manager.cc:561 INFO 2483092 ServerInit IpcManager: TCP ROUTER transport bound on 0.0.0.0:9416[0m
[97m/home/cvazquezperezdelacru/clio-core/context-runtime/src/ipc_manager.cc:579 INFO 2483092 ServerInit IpcManager: IPC lightbeam server bound on /tmp/clio_cvazquezperezdelacru/clio_9413.ipc[0m
[97m/home/cvazquezperezdelacru/clio-core/context-runtime/src/module_manager.cc:137 INFO 2483092 LoadChiMod Loaded ChiMod: clio_MOD_NAME from /mnt/common/cvazquezperezdelacru/clio-core-dev-install/lib/libclio_MOD_NAME_runtime.so[0m
[97m/home/cvazquezperezdelacru/clio-core/context-runtime/src/module_manager.cc:137 INFO 2483092 LoadChiMod Loaded ChiMod: clio_admin from /mnt/common/cvazquezperezdelacru/clio-core-dev-install/lib/libclio_admin_runtime.so[0m
[97m/home/cvazquezperezdelacru/clio-core/context-runtime/src/module_manager.cc:137 INFO 2483092 LoadChiMod Loaded ChiMod: clio_bdev from /mnt/common/cvazquezperezdelacru/clio-core-dev-install/lib/libclio_bdev_runtime.so[0m
[97m/home/cvazquezperezdelacru/clio-core/context-runtime/src/module_manager.cc:137 INFO 2483092 LoadChiMod Loaded ChiMod: clio_safe_bdev from /mnt/common/cvazquezperezdelacru/clio-core-dev-install/lib/libclio_safe_bdev_runtime.so[0m
[97m/home/cvazquezperezdelacru/clio-core/context-runtime/src/module_manager.cc:137 INFO 2483092 LoadChiMod Loaded ChiMod: clio_cte_core from /mnt/common/cvazquezperezdelacru/clio-core-dev-install/lib/libclio_cte_core_runtime.so[0m
[97m/home/cvazquezperezdelacru/clio-core/context-runtime/src/module_manager.cc:137 INFO 2483092 LoadChiMod Loaded ChiMod: clio_cte_filesystem from /mnt/common/cvazquezperezdelacru/clio-core-dev-install/lib/libclio_cte_filesystem_runtime.so[0m
[97m/home/cvazquezperezdelacru/clio-core/context-runtime/src/module_manager.cc:137 INFO 2483092 LoadChiMod Loaded ChiMod: clio_faiss_ivf from /mnt/common/cvazquezperezdelacru/IOWARP/faiss/contrib/iowarp/build-dev/chimod/libclio_faiss_ivf_runtime.so[0m
[97m/home/cvazquezperezdelacru/clio-core/context-runtime/src/work_orchestrator.cc:94 INFO 2483092 Init Creating 8 workers (7 task + 1 dedicated network)[0m
[97m/home/cvazquezperezdelacru/clio-core/context-runtime/src/ipc_manager.cc:756 INFO 2483092 SetNumSchedQueues IpcManager: Updated num_sched_queues to 1[0m
[97m/home/cvazquezperezdelacru/clio-core/context-runtime/src/scheduler/default_sched.cc:139 INFO 2483092 DivideWorkers DefaultScheduler: 1 scheduler worker (0), 4 I/O workers, net_send_worker=6, net_recv_worker=7, gpu_worker=5[0m
[97m/home/cvazquezperezdelacru/clio-core/context-runtime/src/work_orchestrator.cc:271 INFO 2483092 SpawnWorkerThreads WorkOrchestrator: num_workers=8, num_lanes=16[0m
[97m/home/cvazquezperezdelacru/clio-core/context-runtime/src/work_orchestrator.cc:294 INFO 2483092 SpawnWorkerThreads WorkOrchestrator: Mapped worker 0 (ID 0) to lane 0[0m
[97m/home/cvazquezperezdelacru/clio-core/context-runtime/src/work_orchestrator.cc:294 INFO 2483092 SpawnWorkerThreads WorkOrchestrator: Mapped worker 1 (ID 1) to lane 1[0m
[97m/home/cvazquezperezdelacru/clio-core/context-runtime/src/work_orchestrator.cc:294 INFO 2483092 SpawnWorkerThreads WorkOrchestrator: Mapped worker 2 (ID 2) to lane 2[0m
[97m/home/cvazquezperezdelacru/clio-core/context-runtime/src/work_orchestrator.cc:294 INFO 2483092 SpawnWorkerThreads WorkOrchestrator: Mapped worker 3 (ID 3) to lane 3[0m
[97m/home/cvazquezperezdelacru/clio-core/context-runtime/src/work_orchestrator.cc:294 INFO 2483092 SpawnWorkerThreads WorkOrchestrator: Mapped worker 4 (ID 4) to lane 4[0m
[97m/home/cvazquezperezdelacru/clio-core/context-runtime/src/work_orchestrator.cc:294 INFO 2483092 SpawnWorkerThreads WorkOrchestrator: Mapped worker 5 (ID 5) to lane 5[0m
[97m/home/cvazquezperezdelacru/clio-core/context-runtime/src/work_orchestrator.cc:294 INFO 2483092 SpawnWorkerThreads WorkOrchestrator: Mapped worker 6 (ID 6) to lane 6[0m
[97m/home/cvazquezperezdelacru/clio-core/context-runtime/src/work_orchestrator.cc:294 INFO 2483092 SpawnWorkerThreads WorkOrchestrator: Mapped worker 7 (ID 7) to lane 7[0m
[97m/home/cvazquezperezdelacru/clio-core/context-runtime/src/pool_manager.cc:534 INFO 2483092 CreatePool PoolManager: Creating pool 'admin' with 1 containers (one per node)[0m
[33m/home/cvazquezperezdelacru/clio-core/context-runtime/modules/admin/include/clio_runtime/admin/admin_client.h:59 WARNING 2483092 Client AdminClient: Default constructor called - pool_id_ will be PoolId(0,0)[0m
[97m/home/cvazquezperezdelacru/clio-core/context-runtime/src/pool_manager.cc:615 INFO 2483092 CreatePool Creating container for pool PoolId(major:1, minor:0) on node 0 with container_id=0[0m
[97m/home/cvazquezperezdelacru/clio-core/context-runtime/src/pool_manager.cc:644 INFO 2483092 CreatePool Container initialized with pool ID PoolId(major:1, minor:0), name admin, and container ID 0[0m
[97m/home/cvazquezperezdelacru/clio-core/context-runtime/src/pool_manager.cc:663 INFO 2483092 CreatePool CreatePool: Running Create method for pool PoolId(major:1, minor:0)[0m
[97m/home/cvazquezperezdelacru/clio-core/context-runtime/src/ipc/ipc_run2run.cc:1105 INFO 2483122 operator() [PeerRecvThread] started[0m
[97m/home/cvazquezperezdelacru/clio-core/context-runtime/src/ipc/ipc_run2run.cc:1166 INFO 2483123 operator() [ClientRecvThread] started[0m
[97m/home/cvazquezperezdelacru/clio-core/context-runtime/src/pool_manager.cc:666 INFO 2483092 CreatePool CreatePool: Create method completed for pool PoolId(major:1, minor:0)[0m
[97m/home/cvazquezperezdelacru/clio-core/context-runtime/src/pool_manager.cc:700 INFO 2483092 CreatePool PoolManager: Created complete pool PoolId(major:1, minor:0) with ChiMod clio_admin (1 containers)[0m
[97m/home/cvazquezperezdelacru/clio-core/context-runtime/src/pool_manager.cc:125 INFO 2483092 ServerInit PoolManager: Admin chimod pool created successfully with PoolId PoolId(major:1, minor:0)[0m
[97m/home/cvazquezperezdelacru/clio-core/context-runtime/src/manager.cc:264 INFO 2483092 ServerInit Processing compose configuration with 3 pools[0m
[33m/home/cvazquezperezdelacru/clio-core/context-runtime/src/../modules/admin/include/clio_runtime/admin/admin_client.h:59 WARNING 2483092 Client AdminClient: Default constructor called - pool_id_ will be PoolId(0,0)[0m
[97m/home/cvazquezperezdelacru/clio-core/context-runtime/src/manager.cc:282 INFO 2483092 ServerInit Compose: Creating pool ram::chi_default_bdev (module: clio_bdev, restart: 0)[0m
[97m/home/cvazquezperezdelacru/clio-core/context-runtime/src/pool_manager.cc:534 INFO 2483117 CreatePool PoolManager: Creating pool 'ram::chi_default_bdev' with 1 containers (one per node)[0m
[97m/home/cvazquezperezdelacru/clio-core/context-runtime/src/pool_manager.cc:615 INFO 2483117 CreatePool Creating container for pool PoolId(major:301, minor:0) on node 0 with container_id=0[0m
[97m/home/cvazquezperezdelacru/clio-core/context-runtime/src/pool_manager.cc:644 INFO 2483117 CreatePool Container initialized with pool ID PoolId(major:301, minor:0), name ram::chi_default_bdev, and container ID 0[0m
[97m/home/cvazquezperezdelacru/clio-core/context-runtime/src/pool_manager.cc:663 INFO 2483117 CreatePool CreatePool: Running Create method for pool PoolId(major:301, minor:0)[0m
[97m/home/cvazquezperezdelacru/clio-core/context-runtime/modules/bdev/src/transports/mem_bdev_transport.cc:102 INFO 2483117 InitShmBacking [#783] RAM bdev 'clio_rambdev_2483092_301_0' is shared-memory backed (38655688704 of 38654705664 bytes mapped)[0m
[97m/home/cvazquezperezdelacru/clio-core/context-runtime/src/pool_manager.cc:666 INFO 2483117 CreatePool CreatePool: Create method completed for pool PoolId(major:301, minor:0)[0m
[97m/home/cvazquezperezdelacru/clio-core/context-runtime/src/pool_manager.cc:700 INFO 2483117 CreatePool PoolManager: Created complete pool PoolId(major:301, minor:0) with ChiMod clio_bdev (1 containers)[0m
[97m/home/cvazquezperezdelacru/clio-core/context-runtime/src/manager.cc:298 INFO 2483092 ServerInit Compose: Successfully created pool ram::chi_default_bdev (module: clio_bdev)[0m
[97m/home/cvazquezperezdelacru/clio-core/context-runtime/src/manager.cc:282 INFO 2483092 ServerInit Compose: Creating pool cte_main (module: clio_cte_core, restart: 0)[0m
[97m/home/cvazquezperezdelacru/clio-core/context-runtime/src/pool_manager.cc:534 INFO 2483114 CreatePool PoolManager: Creating pool 'cte_main' with 1 containers (one per node)[0m
[97m/home/cvazquezperezdelacru/clio-core/context-runtime/src/pool_manager.cc:615 INFO 2483114 CreatePool Creating container for pool PoolId(major:512, minor:0) on node 0 with container_id=0[0m
[97m/home/cvazquezperezdelacru/clio-core/context-runtime/src/pool_manager.cc:644 INFO 2483114 CreatePool Container initialized with pool ID PoolId(major:512, minor:0), name cte_main, and container ID 0[0m
[97m/home/cvazquezperezdelacru/clio-core/context-runtime/src/pool_manager.cc:663 INFO 2483114 CreatePool CreatePool: Running Create method for pool PoolId(major:512, minor:0)[0m
[97m/home/cvazquezperezdelacru/clio-core/context-transfer-engine/core/src/core_config.cc:618 INFO 2483114 ParseStorageConfig Parsed 2 storage devices[0m
[97m/home/cvazquezperezdelacru/clio-core/context-transfer-engine/core/src/core_config.cc:636 INFO 2483114 ParseDpeConfig Parsed DPE configuration: type=max_bw[0m
[97m/home/cvazquezperezdelacru/clio-core/context-transfer-engine/core/src/core_config.cc:111 INFO 2483114 LoadFromString Configuration loaded successfully from YAML string[0m
[97m/home/cvazquezperezdelacru/clio-core/context-transfer-engine/core/src/core_runtime.cc:545 INFO 2483114 Create CTE: shared-memory metadata cache enabled (tags=65536, blobs=262144, root_off=488)[0m
[97m/home/cvazquezperezdelacru/clio-core/context-runtime/src/pool_manager.cc:534 INFO 2483116 CreatePool PoolManager: Creating pool 'ram::cte_ram_tier_node0' with 1 containers (one per node)[0m
[97m/home/cvazquezperezdelacru/clio-core/context-runtime/src/pool_manager.cc:615 INFO 2483116 CreatePool Creating container for pool PoolId(major:512, minor:1) on node 0 with container_id=0[0m
[97m/home/cvazquezperezdelacru/clio-core/context-runtime/src/pool_manager.cc:644 INFO 2483116 CreatePool Container initialized with pool ID PoolId(major:512, minor:1), name ram::cte_ram_tier_node0, and container ID 0[0m
[97m/home/cvazquezperezdelacru/clio-core/context-runtime/src/pool_manager.cc:663 INFO 2483116 CreatePool CreatePool: Running Create method for pool PoolId(major:512, minor:1)[0m
[97m/home/cvazquezperezdelacru/clio-core/context-runtime/modules/bdev/src/transports/mem_bdev_transport.cc:102 INFO 2483116 InitShmBacking [#783] RAM bdev 'clio_rambdev_2483092_512_1' is shared-memory backed (32213237760 of 32212254720 bytes mapped)[0m
[97m/home/cvazquezperezdelacru/clio-core/context-runtime/modules/bdev/src/bdev_runtime.cc:145 INFO 2483116 LoadPerfStats bdev 'ram::cte_ram_tier_node0': restored perf stats from /home/cvazquezperezdelacru/.clio/bdev_perf/ram__cte_ram_tier_node0.perf (read 476.61 MB/s, write 474.154 MB/s)[0m
[97m/home/cvazquezperezdelacru/clio-core/context-runtime/src/pool_manager.cc:666 INFO 2483116 CreatePool CreatePool: Create method completed for pool PoolId(major:512, minor:1)[0m
[97m/home/cvazquezperezdelacru/clio-core/context-runtime/src/pool_manager.cc:700 INFO 2483116 CreatePool PoolManager: Created complete pool PoolId(major:512, minor:1) with ChiMod clio_bdev (1 containers)[0m
[97m/home/cvazquezperezdelacru/clio-core/context-runtime/src/pool_manager.cc:534 INFO 2483116 CreatePool PoolManager: Creating pool '/mnt/nvme/cvazquezperezdelacru/cte_tier_node0' with 1 containers (one per node)[0m
[97m/home/cvazquezperezdelacru/clio-core/context-runtime/src/pool_manager.cc:615 INFO 2483116 CreatePool Creating container for pool PoolId(major:513, minor:1) on node 0 with container_id=0[0m
[97m/home/cvazquezperezdelacru/clio-core/context-runtime/src/pool_manager.cc:644 INFO 2483116 CreatePool Container initialized with pool ID PoolId(major:513, minor:1), name /mnt/nvme/cvazquezperezdelacru/cte_tier_node0, and container ID 0[0m
[97m/home/cvazquezperezdelacru/clio-core/context-runtime/src/pool_manager.cc:663 INFO 2483116 CreatePool CreatePool: Running Create method for pool PoolId(major:513, minor:1)[0m
[97m/home/cvazquezperezdelacru/clio-core/context-runtime/modules/bdev/src/bdev_runtime.cc:145 INFO 2483116 LoadPerfStats bdev '/mnt/nvme/cvazquezperezdelacru/cte_tier_node0': restored perf stats from /home/cvazquezperezdelacru/.clio/bdev_perf/_mnt_nvme_cvazquezperezdelacru_cte_tier_node0.perf (read 2318.97 MB/s, write 1316.62 MB/s)[0m
[97m/home/cvazquezperezdelacru/clio-core/context-runtime/src/pool_manager.cc:666 INFO 2483116 CreatePool CreatePool: Create method completed for pool PoolId(major:513, minor:1)[0m
[97m/home/cvazquezperezdelacru/clio-core/context-runtime/src/pool_manager.cc:700 INFO 2483116 CreatePool PoolManager: Created complete pool PoolId(major:513, minor:1) with ChiMod clio_bdev (1 containers)[0m
[97m/home/cvazquezperezdelacru/clio-core/context-transfer-engine/core/src/core_runtime.cc:663 INFO 2483114 Create CTE Core container created and initialized for pool: cte_main (ID: PoolId(major:512, minor:0))[0m
[97m/home/cvazquezperezdelacru/clio-core/context-transfer-engine/core/src/core_runtime.cc:667 INFO 2483114 Create Configuration: neighborhood=1, poll_period_ms=5000, stat_targets_period_ms=5000[0m
[97m/home/cvazquezperezdelacru/clio-core/context-transfer-engine/core/src/core_runtime.cc:709 INFO 2483114 Create Starting periodic StatTargets task with period 5000 ms[0m
[97m/home/cvazquezperezdelacru/clio-core/context-runtime/src/pool_manager.cc:666 INFO 2483114 CreatePool CreatePool: Create method completed for pool PoolId(major:512, minor:0)[0m
[97m/home/cvazquezperezdelacru/clio-core/context-runtime/src/pool_manager.cc:700 INFO 2483114 CreatePool PoolManager: Created complete pool PoolId(major:512, minor:0) with ChiMod clio_cte_core (1 containers)[0m
[97m/home/cvazquezperezdelacru/clio-core/context-runtime/src/manager.cc:298 INFO 2483092 ServerInit Compose: Successfully created pool cte_main (module: clio_cte_core)[0m
[97m/home/cvazquezperezdelacru/clio-core/context-runtime/src/manager.cc:282 INFO 2483092 ServerInit Compose: Creating pool faiss_ivf_main (module: clio_faiss_ivf, restart: 0)[0m
[97m/home/cvazquezperezdelacru/clio-core/context-runtime/src/pool_manager.cc:534 INFO 2483116 CreatePool PoolManager: Creating pool 'faiss_ivf_main' with 1 containers (one per node)[0m
[97m/home/cvazquezperezdelacru/clio-core/context-runtime/src/pool_manager.cc:615 INFO 2483116 CreatePool Creating container for pool PoolId(major:600, minor:0) on node 0 with container_id=0[0m
[97m/home/cvazquezperezdelacru/clio-core/context-runtime/src/pool_manager.cc:644 INFO 2483116 CreatePool Container initialized with pool ID PoolId(major:600, minor:0), name faiss_ivf_main, and container ID 0[0m
[97m/home/cvazquezperezdelacru/clio-core/context-runtime/src/pool_manager.cc:663 INFO 2483116 CreatePool CreatePool: Running Create method for pool PoolId(major:600, minor:0)[0m
[97m/home/cvazquezperezdelacru/clio-core/context-runtime/src/pool_manager.cc:666 INFO 2483116 CreatePool CreatePool: Create method completed for pool PoolId(major:600, minor:0)[0m
[97m/home/cvazquezperezdelacru/clio-core/context-runtime/src/pool_manager.cc:700 INFO 2483116 CreatePool PoolManager: Created complete pool PoolId(major:600, minor:0) with ChiMod clio_faiss_ivf (1 containers)[0m
[97m/home/cvazquezperezdelacru/clio-core/context-runtime/src/manager.cc:298 INFO 2483092 ServerInit Compose: Successfully created pool faiss_ivf_main (module: clio_faiss_ivf)[0m
[97m/home/cvazquezperezdelacru/clio-core/context-runtime/src/manager.cc:304 INFO 2483092 ServerInit Compose: All 3 pools created successfully[0m
[32m/home/cvazquezperezdelacru/clio-core/context-runtime/src/ipc_manager.cc:1368 SUCCESS 2483092 StartLocalServer Successfully started local server at 127.0.0.1:9414[0m
[97m/home/cvazquezperezdelacru/clio-core/context-runtime/src/manager.cc:137 INFO 2483092 ClientInit RuntimeManager::ClientInit[0m
[97m/home/cvazquezperezdelacru/clio-core/context-runtime/src/manager.cc:181 INFO 2483092 ClientInit ClientInit: g_admin already exists, pool_id_=PoolId(major:0, minor:0)[0m
[33m/home/cvazquezperezdelacru/clio-core/context-runtime/src/scheduler/default_sched.cc:430 WARNING 2483121 LoadBalance [#781 PDF] observed exec-time bins (cumulative): <10us=60253 <50us=296 <500us=11 <10ms=8 <50ms=0 <500ms=2 <1s=0 >=1s=0 | stalls_detected=0[0m
[33m/home/cvazquezperezdelacru/clio-core/context-runtime/src/scheduler/default_sched.cc:439 WARNING 2483121 LoadBalance [#785] lane rescues performed: 0[0m
[33m/home/cvazquezperezdelacru/clio-core/context-runtime/src/scheduler/default_sched.cc:430 WARNING 2483121 LoadBalance [#781 PDF] observed exec-time bins (cumulative): <10us=127266 <50us=573 <500us=18 <10ms=8 <50ms=0 <500ms=2 <1s=0 >=1s=0 | stalls_detected=0[0m
[33m/home/cvazquezperezdelacru/clio-core/context-runtime/src/scheduler/default_sched.cc:439 WARNING 2483121 LoadBalance [#785] lane rescues performed: 0[0m
[33m/home/cvazquezperezdelacru/clio-core/context-runtime/src/scheduler/default_sched.cc:430 WARNING 2483121 LoadBalance [#781 PDF] observed exec-time bins (cumulative): <10us=193259 <50us=1729 <500us=24 <10ms=11 <50ms=0 <500ms=2 <1s=0 >=1s=0 | stalls_detected=0[0m
[33m/home/cvazquezperezdelacru/clio-core/context-runtime/src/scheduler/default_sched.cc:439 WARNING 2483121 LoadBalance [#785] lane rescues performed: 0[0m
[97m/home/cvazquezperezdelacru/clio-core/context-runtime/src/ipc_manager.cc:2288 INFO 2483123 GetOrCreateClient [ClientPool] Creating new persistent connection to 127.0.0.1:36973[0m
[97m/home/cvazquezperezdelacru/clio-core/context-runtime/src/../../context-transport-primitives/include/clio_ctp/lightbeam/zmq_transport.h:152 INFO 2483123 GetSharedContext [ZeroMqTransport] Created shared context with 8 I/O threads[0m
[97m/home/cvazquezperezdelacru/clio-core/context-runtime/src/ipc_manager.cc:2308 INFO 2483123 GetOrCreateClient [ClientPool] Connection established to 127.0.0.1:36973[0m
[97m/home/cvazquezperezdelacru/clio-core/context-runtime/modules/admin/src/admin_runtime.cc:1191 INFO 2483113 RegisterMemory Admin::RegisterMemory: Registering CPU alloc_id (2483195.0)[0m
[97m/home/cvazquezperezdelacru/clio-core/context-runtime/src/ipc_manager.cc:2532 INFO 2483113 RegisterMemory IpcManager::RegisterMemory: Registering clio_2483195_0 from pid 2483195[0m
[97m/home/cvazquezperezdelacru/clio-core/context-runtime/src/ipc_manager.cc:2575 INFO 2483113 RegisterMemory IpcManager::RegisterMemory: Successfully registered clio_2483195_0[0m
[97m/home/cvazquezperezdelacru/clio-core/context-runtime/src/pool_manager.cc:534 INFO 2483117 CreatePool PoolManager: Creating pool 'clio_cte_core' with 1 containers (one per node)[0m
[97m/home/cvazquezperezdelacru/clio-core/context-runtime/src/pool_manager.cc:575 INFO 2483117 CreatePool PoolManager: Pool PoolId(major:512, minor:0) already exists by ID, returning existing pool[0m
[33m/home/cvazquezperezdelacru/clio-core/context-runtime/src/scheduler/default_sched.cc:430 WARNING 2483121 LoadBalance [#781 PDF] observed exec-time bins (cumulative): <10us=258478 <50us=4064 <500us=167 <10ms=241 <50ms=8 <500ms=2 <1s=0 >=1s=0 | stalls_detected=0[0m
[33m/home/cvazquezperezdelacru/clio-core/context-runtime/src/scheduler/default_sched.cc:439 WARNING 2483121 LoadBalance [#785] lane rescues performed: 0[0m
[97m/home/cvazquezperezdelacru/clio-core/context-runtime/modules/admin/src/admin_runtime.cc:1191 INFO 2483113 RegisterMemory Admin::RegisterMemory: Registering CPU alloc_id (2483195.1)[0m
[97m/home/cvazquezperezdelacru/clio-core/context-runtime/src/ipc_manager.cc:2532 INFO 2483113 RegisterMemory IpcManager::RegisterMemory: Registering clio_2483195_1 from pid 2483195[0m
[97m/home/cvazquezperezdelacru/clio-core/context-runtime/src/ipc_manager.cc:2575 INFO 2483113 RegisterMemory IpcManager::RegisterMemory: Successfully registered clio_2483195_1[0m
[97m/home/cvazquezperezdelacru/clio-core/context-runtime/modules/admin/src/admin_runtime.cc:1191 INFO 2483115 RegisterMemory Admin::RegisterMemory: Registering CPU alloc_id (2483195.2)[0m
[97m/home/cvazquezperezdelacru/clio-core/context-runtime/src/ipc_manager.cc:2532 INFO 2483115 RegisterMemory IpcManager::RegisterMemory: Registering clio_2483195_2 from pid 2483195[0m
[97m/home/cvazquezperezdelacru/clio-core/context-runtime/src/ipc_manager.cc:2575 INFO 2483115 RegisterMemory IpcManager::RegisterMemory: Successfully registered clio_2483195_2[0m
[97m/home/cvazquezperezdelacru/clio-core/context-runtime/modules/admin/src/admin_runtime.cc:1191 INFO 2483115 RegisterMemory Admin::RegisterMemory: Registering CPU alloc_id (2483195.3)[0m
[97m/home/cvazquezperezdelacru/clio-core/context-runtime/src/ipc_manager.cc:2532 INFO 2483115 RegisterMemory IpcManager::RegisterMemory: Registering clio_2483195_3 from pid 2483195[0m
[97m/home/cvazquezperezdelacru/clio-core/context-runtime/src/ipc_manager.cc:2575 INFO 2483115 RegisterMemory IpcManager::RegisterMemory: Successfully registered clio_2483195_3[0m
[33m/home/cvazquezperezdelacru/clio-core/context-runtime/src/scheduler/default_sched.cc:430 WARNING 2483121 LoadBalance [#781 PDF] observed exec-time bins (cumulative): <10us=323070 <50us=6424 <500us=373 <10ms=537 <50ms=17 <500ms=5 <1s=0 >=1s=0 | stalls_detected=0[0m
[33m/home/cvazquezperezdelacru/clio-core/context-runtime/src/scheduler/default_sched.cc:439 WARNING 2483121 LoadBalance [#785] lane rescues performed: 0[0m
[97m/home/cvazquezperezdelacru/clio-core/context-runtime/modules/admin/src/admin_runtime.cc:1191 INFO 2483115 RegisterMemory Admin::RegisterMemory: Registering CPU alloc_id (2483195.4)[0m
[97m/home/cvazquezperezdelacru/clio-core/context-runtime/src/ipc_manager.cc:2532 INFO 2483115 RegisterMemory IpcManager::RegisterMemory: Registering clio_2483195_4 from pid 2483195[0m
[97m/home/cvazquezperezdelacru/clio-core/context-runtime/src/ipc_manager.cc:2575 INFO 2483115 RegisterMemory IpcManager::RegisterMemory: Successfully registered clio_2483195_4[0m
[97m/home/cvazquezperezdelacru/clio-core/context-runtime/modules/admin/src/admin_runtime.cc:1191 INFO 2483115 RegisterMemory Admin::RegisterMemory: Registering CPU alloc_id (2483195.5)[0m
[97m/home/cvazquezperezdelacru/clio-core/context-runtime/src/ipc_manager.cc:2532 INFO 2483115 RegisterMemory IpcManager::RegisterMemory: Registering clio_2483195_5 from pid 2483195[0m
[97m/home/cvazquezperezdelacru/clio-core/context-runtime/src/ipc_manager.cc:2575 INFO 2483115 RegisterMemory IpcManager::RegisterMemory: Successfully registered clio_2483195_5[0m
[97m/home/cvazquezperezdelacru/clio-core/context-runtime/modules/admin/src/admin_runtime.cc:1191 INFO 2483117 RegisterMemory Admin::RegisterMemory: Registering CPU alloc_id (2483195.6)[0m
[97m/home/cvazquezperezdelacru/clio-core/context-runtime/src/ipc_manager.cc:2532 INFO 2483117 RegisterMemory IpcManager::RegisterMemory: Registering clio_2483195_6 from pid 2483195[0m
[97m/home/cvazquezperezdelacru/clio-core/context-runtime/src/ipc_manager.cc:2575 INFO 2483117 RegisterMemory IpcManager::RegisterMemory: Successfully registered clio_2483195_6[0m
[97m/home/cvazquezperezdelacru/clio-core/context-runtime/modules/admin/src/admin_runtime.cc:1191 INFO 2483117 RegisterMemory Admin::RegisterMemory: Registering CPU alloc_id (2483195.7)[0m
[97m/home/cvazquezperezdelacru/clio-core/context-runtime/src/ipc_manager.cc:2532 INFO 2483117 RegisterMemory IpcManager::RegisterMemory: Registering clio_2483195_7 from pid 2483195[0m
[97m/home/cvazquezperezdelacru/clio-core/context-runtime/src/ipc_manager.cc:2575 INFO 2483117 RegisterMemory IpcManager::RegisterMemory: Successfully registered clio_2483195_7[0m
[33m/home/cvazquezperezdelacru/clio-core/context-runtime/src/scheduler/default_sched.cc:430 WARNING 2483121 LoadBalance [#781 PDF] observed exec-time bins (cumulative): <10us=388048 <50us=9110 <500us=542 <10ms=837 <50ms=25 <500ms=6 <1s=0 >=1s=0 | stalls_detected=0[0m
[33m/home/cvazquezperezdelacru/clio-core/context-runtime/src/scheduler/default_sched.cc:439 WARNING 2483121 LoadBalance [#785] lane rescues performed: 0[0m
[97m/home/cvazquezperezdelacru/clio-core/context-runtime/modules/admin/src/admin_runtime.cc:1191 INFO 2483117 RegisterMemory Admin::RegisterMemory: Registering CPU alloc_id (2483195.8)[0m
[97m/home/cvazquezperezdelacru/clio-core/context-runtime/src/ipc_manager.cc:2532 INFO 2483117 RegisterMemory IpcManager::RegisterMemory: Registering clio_2483195_8 from pid 2483195[0m
[97m/home/cvazquezperezdelacru/clio-core/context-runtime/src/ipc_manager.cc:2575 INFO 2483117 RegisterMemory IpcManager::RegisterMemory: Successfully registered clio_2483195_8[0m
[97m/home/cvazquezperezdelacru/clio-core/context-runtime/modules/admin/src/admin_runtime.cc:1191 INFO 2483114 RegisterMemory Admin::RegisterMemory: Registering CPU alloc_id (2483195.9)[0m
[97m/home/cvazquezperezdelacru/clio-core/context-runtime/src/ipc_manager.cc:2532 INFO 2483114 RegisterMemory IpcManager::RegisterMemory: Registering clio_2483195_9 from pid 2483195[0m
[97m/home/cvazquezperezdelacru/clio-core/context-runtime/src/ipc_manager.cc:2575 INFO 2483114 RegisterMemory IpcManager::RegisterMemory: Successfully registered clio_2483195_9[0m
[97m/home/cvazquezperezdelacru/clio-core/context-runtime/modules/admin/src/admin_runtime.cc:1191 INFO 2483114 RegisterMemory Admin::RegisterMemory: Registering CPU alloc_id (2483195.10)[0m
[97m/home/cvazquezperezdelacru/clio-core/context-runtime/src/ipc_manager.cc:2532 INFO 2483114 RegisterMemory IpcManager::RegisterMemory: Registering clio_2483195_10 from pid 2483195[0m
[97m/home/cvazquezperezdelacru/clio-core/context-runtime/src/ipc_manager.cc:2575 INFO 2483114 RegisterMemory IpcManager::RegisterMemory: Successfully registered clio_2483195_10[0m
[33m/home/cvazquezperezdelacru/clio-core/context-runtime/src/scheduler/default_sched.cc:430 WARNING 2483121 LoadBalance [#781 PDF] observed exec-time bins (cumulative): <10us=453594 <50us=10953 <500us=698 <10ms=1233 <50ms=30 <500ms=7 <1s=0 >=1s=0 | stalls_detected=0[0m
[33m/home/cvazquezperezdelacru/clio-core/context-runtime/src/scheduler/default_sched.cc:439 WARNING 2483121 LoadBalance [#785] lane rescues performed: 0[0m
[97m/home/cvazquezperezdelacru/clio-core/context-runtime/modules/admin/src/admin_runtime.cc:1191 INFO 2483115 RegisterMemory Admin::RegisterMemory: Registering CPU alloc_id (2483195.11)[0m
[97m/home/cvazquezperezdelacru/clio-core/context-runtime/src/ipc_manager.cc:2532 INFO 2483115 RegisterMemory IpcManager::RegisterMemory: Registering clio_2483195_11 from pid 2483195[0m
[97m/home/cvazquezperezdelacru/clio-core/context-runtime/src/ipc_manager.cc:2575 INFO 2483115 RegisterMemory IpcManager::RegisterMemory: Successfully registered clio_2483195_11[0m
[97m/home/cvazquezperezdelacru/clio-core/context-runtime/modules/admin/src/admin_runtime.cc:1191 INFO 2483115 RegisterMemory Admin::RegisterMemory: Registering CPU alloc_id (2483195.12)[0m
[97m/home/cvazquezperezdelacru/clio-core/context-runtime/src/ipc_manager.cc:2532 INFO 2483115 RegisterMemory IpcManager::RegisterMemory: Registering clio_2483195_12 from pid 2483195[0m
[97m/home/cvazquezperezdelacru/clio-core/context-runtime/src/ipc_manager.cc:2575 INFO 2483115 RegisterMemory IpcManager::RegisterMemory: Successfully registered clio_2483195_12[0m
[97m/home/cvazquezperezdelacru/clio-core/context-runtime/modules/admin/src/admin_runtime.cc:1191 INFO 2483115 RegisterMemory Admin::RegisterMemory: Registering CPU alloc_id (2483195.13)[0m
[97m/home/cvazquezperezdelacru/clio-core/context-runtime/src/ipc_manager.cc:2532 INFO 2483115 RegisterMemory IpcManager::RegisterMemory: Registering clio_2483195_13 from pid 2483195[0m
[97m/home/cvazquezperezdelacru/clio-core/context-runtime/src/ipc_manager.cc:2575 INFO 2483115 RegisterMemory IpcManager::RegisterMemory: Successfully registered clio_2483195_13[0m
[97m/home/cvazquezperezdelacru/clio-core/context-runtime/modules/admin/src/admin_runtime.cc:1191 INFO 2483115 RegisterMemory Admin::RegisterMemory: Registering CPU alloc_id (2483195.14)[0m
[97m/home/cvazquezperezdelacru/clio-core/context-runtime/src/ipc_manager.cc:2532 INFO 2483115 RegisterMemory IpcManager::RegisterMemory: Registering clio_2483195_14 from pid 2483195[0m
[97m/home/cvazquezperezdelacru/clio-core/context-runtime/src/ipc_manager.cc:2575 INFO 2483115 RegisterMemory IpcManager::RegisterMemory: Successfully registered clio_2483195_14[0m
[97m/home/cvazquezperezdelacru/clio-core/context-runtime/modules/admin/src/admin_runtime.cc:1191 INFO 2483115 RegisterMemory Admin::RegisterMemory: Registering CPU alloc_id (2483195.15)[0m
[97m/home/cvazquezperezdelacru/clio-core/context-runtime/src/ipc_manager.cc:2532 INFO 2483115 RegisterMemory IpcManager::RegisterMemory: Registering clio_2483195_15 from pid 2483195[0m
[97m/home/cvazquezperezdelacru/clio-core/context-runtime/src/ipc_manager.cc:2575 INFO 2483115 RegisterMemory IpcManager::RegisterMemory: Successfully registered clio_2483195_15[0m
[97m/home/cvazquezperezdelacru/clio-core/context-runtime/modules/admin/src/admin_runtime.cc:1191 INFO 2483115 RegisterMemory Admin::RegisterMemory: Registering CPU alloc_id (2483195.16)[0m
[97m/home/cvazquezperezdelacru/clio-core/context-runtime/src/ipc_manager.cc:2532 INFO 2483115 RegisterMemory IpcManager::RegisterMemory: Registering clio_2483195_16 from pid 2483195[0m
[97m/home/cvazquezperezdelacru/clio-core/context-runtime/src/ipc_manager.cc:2575 INFO 2483115 RegisterMemory IpcManager::RegisterMemory: Successfully registered clio_2483195_16[0m
[33m/home/cvazquezperezdelacru/clio-core/context-runtime/src/scheduler/default_sched.cc:430 WARNING 2483121 LoadBalance [#781 PDF] observed exec-time bins (cumulative): <10us=519934 <50us=12312 <500us=878 <10ms=1594 <50ms=39 <500ms=8 <1s=0 >=1s=0 | stalls_detected=0[0m
[33m/home/cvazquezperezdelacru/clio-core/context-runtime/src/scheduler/default_sched.cc:439 WARNING 2483121 LoadBalance [#785] lane rescues performed: 0[0m
[97m/home/cvazquezperezdelacru/clio-core/context-runtime/modules/admin/src/admin_runtime.cc:1191 INFO 2483115 RegisterMemory Admin::RegisterMemory: Registering CPU alloc_id (2483195.17)[0m
[97m/home/cvazquezperezdelacru/clio-core/context-runtime/src/ipc_manager.cc:2532 INFO 2483115 RegisterMemory IpcManager::RegisterMemory: Registering clio_2483195_17 from pid 2483195[0m
[97m/home/cvazquezperezdelacru/clio-core/context-runtime/src/ipc_manager.cc:2575 INFO 2483115 RegisterMemory IpcManager::RegisterMemory: Successfully registered clio_2483195_17[0m
[97m/home/cvazquezperezdelacru/clio-core/context-runtime/modules/admin/src/admin_runtime.cc:1191 INFO 2483114 RegisterMemory Admin::RegisterMemory: Registering CPU alloc_id (2483195.18)[0m
[97m/home/cvazquezperezdelacru/clio-core/context-runtime/src/ipc_manager.cc:2532 INFO 2483114 RegisterMemory IpcManager::RegisterMemory: Registering clio_2483195_18 from pid 2483195[0m
[97m/home/cvazquezperezdelacru/clio-core/context-runtime/src/ipc_manager.cc:2575 INFO 2483114 RegisterMemory IpcManager::RegisterMemory: Successfully registered clio_2483195_18[0m
[33m/home/cvazquezperezdelacru/clio-core/context-runtime/src/scheduler/default_sched.cc:430 WARNING 2483121 LoadBalance [#781 PDF] observed exec-time bins (cumulative): <10us=584616 <50us=14782 <500us=1035 <10ms=1980 <50ms=46 <500ms=9 <1s=0 >=1s=0 | stalls_detected=0[0m
[33m/home/cvazquezperezdelacru/clio-core/context-runtime/src/scheduler/default_sched.cc:439 WARNING 2483121 LoadBalance [#785] lane rescues performed: 0[0m
[97m/home/cvazquezperezdelacru/clio-core/context-runtime/modules/admin/src/admin_runtime.cc:1191 INFO 2483114 RegisterMemory Admin::RegisterMemory: Registering CPU alloc_id (2483195.19)[0m
[97m/home/cvazquezperezdelacru/clio-core/context-runtime/src/ipc_manager.cc:2532 INFO 2483114 RegisterMemory IpcManager::RegisterMemory: Registering clio_2483195_19 from pid 2483195[0m
[97m/home/cvazquezperezdelacru/clio-core/context-runtime/src/ipc_manager.cc:2575 INFO 2483114 RegisterMemory IpcManager::RegisterMemory: Successfully registered clio_2483195_19[0m
[97m/home/cvazquezperezdelacru/clio-core/context-runtime/modules/admin/src/admin_runtime.cc:1191 INFO 2483115 RegisterMemory Admin::RegisterMemory: Registering CPU alloc_id (2483195.20)[0m
[97m/home/cvazquezperezdelacru/clio-core/context-runtime/src/ipc_manager.cc:2532 INFO 2483115 RegisterMemory IpcManager::RegisterMemory: Registering clio_2483195_20 from pid 2483195[0m
[97m/home/cvazquezperezdelacru/clio-core/context-runtime/src/ipc_manager.cc:2575 INFO 2483115 RegisterMemory IpcManager::RegisterMemory: Successfully registered clio_2483195_20[0m
[33m/home/cvazquezperezdelacru/clio-core/context-runtime/src/scheduler/default_sched.cc:430 WARNING 2483121 LoadBalance [#781 PDF] observed exec-time bins (cumulative): <10us=649639 <50us=17055 <500us=1186 <10ms=2393 <50ms=53 <500ms=11 <1s=0 >=1s=0 | stalls_detected=0[0m
[33m/home/cvazquezperezdelacru/clio-core/context-runtime/src/scheduler/default_sched.cc:439 WARNING 2483121 LoadBalance [#785] lane rescues performed: 0[0m
[97m/home/cvazquezperezdelacru/clio-core/context-runtime/modules/admin/src/admin_runtime.cc:1191 INFO 2483114 RegisterMemory Admin::RegisterMemory: Registering CPU alloc_id (2483195.21)[0m
[97m/home/cvazquezperezdelacru/clio-core/context-runtime/src/ipc_manager.cc:2532 INFO 2483114 RegisterMemory IpcManager::RegisterMemory: Registering clio_2483195_21 from pid 2483195[0m
[97m/home/cvazquezperezdelacru/clio-core/context-runtime/src/ipc_manager.cc:2575 INFO 2483114 RegisterMemory IpcManager::RegisterMemory: Successfully registered clio_2483195_21[0m
[97m/home/cvazquezperezdelacru/clio-core/context-runtime/modules/admin/src/admin_runtime.cc:1191 INFO 2483114 RegisterMemory Admin::RegisterMemory: Registering CPU alloc_id (2483195.22)[0m
[97m/home/cvazquezperezdelacru/clio-core/context-runtime/src/ipc_manager.cc:2532 INFO 2483114 RegisterMemory IpcManager::RegisterMemory: Registering clio_2483195_22 from pid 2483195[0m
[97m/home/cvazquezperezdelacru/clio-core/context-runtime/src/ipc_manager.cc:2575 INFO 2483114 RegisterMemory IpcManager::RegisterMemory: Successfully registered clio_2483195_22[0m
[97m/home/cvazquezperezdelacru/clio-core/context-runtime/modules/admin/src/admin_runtime.cc:1191 INFO 2483114 RegisterMemory Admin::RegisterMemory: Registering CPU alloc_id (2483195.23)[0m
[97m/home/cvazquezperezdelacru/clio-core/context-runtime/src/ipc_manager.cc:2532 INFO 2483114 RegisterMemory IpcManager::RegisterMemory: Registering clio_2483195_23 from pid 2483195[0m
[97m/home/cvazquezperezdelacru/clio-core/context-runtime/src/ipc_manager.cc:2575 INFO 2483114 RegisterMemory IpcManager::RegisterMemory: Successfully registered clio_2483195_23[0m
[97m/home/cvazquezperezdelacru/clio-core/context-runtime/modules/admin/src/admin_runtime.cc:1191 INFO 2483114 RegisterMemory Admin::RegisterMemory: Registering CPU alloc_id (2483195.24)[0m
[97m/home/cvazquezperezdelacru/clio-core/context-runtime/src/ipc_manager.cc:2532 INFO 2483114 RegisterMemory IpcManager::RegisterMemory: Registering clio_2483195_24 from pid 2483195[0m
[97m/home/cvazquezperezdelacru/clio-core/context-runtime/src/ipc_manager.cc:2575 INFO 2483114 RegisterMemory IpcManager::RegisterMemory: Successfully registered clio_2483195_24[0m
[33m/home/cvazquezperezdelacru/clio-core/context-runtime/src/scheduler/default_sched.cc:430 WARNING 2483121 LoadBalance [#781 PDF] observed exec-time bins (cumulative): <10us=714129 <50us=19725 <500us=1375 <10ms=2759 <50ms=60 <500ms=12 <1s=0 >=1s=0 | stalls_detected=0[0m
[33m/home/cvazquezperezdelacru/clio-core/context-runtime/src/scheduler/default_sched.cc:439 WARNING 2483121 LoadBalance [#785] lane rescues performed: 0[0m
[97m/home/cvazquezperezdelacru/clio-core/context-runtime/modules/admin/src/admin_runtime.cc:1191 INFO 2483115 RegisterMemory Admin::RegisterMemory: Registering CPU alloc_id (2483195.25)[0m
[97m/home/cvazquezperezdelacru/clio-core/context-runtime/src/ipc_manager.cc:2532 INFO 2483115 RegisterMemory IpcManager::RegisterMemory: Registering clio_2483195_25 from pid 2483195[0m
[97m/home/cvazquezperezdelacru/clio-core/context-runtime/src/ipc_manager.cc:2575 INFO 2483115 RegisterMemory IpcManager::RegisterMemory: Successfully registered clio_2483195_25[0m
[97m/home/cvazquezperezdelacru/clio-core/context-runtime/modules/admin/src/admin_runtime.cc:1191 INFO 2483115 RegisterMemory Admin::RegisterMemory: Registering CPU alloc_id (2483195.26)[0m
[97m/home/cvazquezperezdelacru/clio-core/context-runtime/src/ipc_manager.cc:2532 INFO 2483115 RegisterMemory IpcManager::RegisterMemory: Registering clio_2483195_26 from pid 2483195[0m
[97m/home/cvazquezperezdelacru/clio-core/context-runtime/src/ipc_manager.cc:2575 INFO 2483115 RegisterMemory IpcManager::RegisterMemory: Successfully registered clio_2483195_26[0m
[97m/home/cvazquezperezdelacru/clio-core/context-runtime/modules/admin/src/admin_runtime.cc:1191 INFO 2483114 RegisterMemory Admin::RegisterMemory: Registering CPU alloc_id (2483195.27)[0m
[97m/home/cvazquezperezdelacru/clio-core/context-runtime/src/ipc_manager.cc:2532 INFO 2483114 RegisterMemory IpcManager::RegisterMemory: Registering clio_2483195_27 from pid 2483195[0m
[97m/home/cvazquezperezdelacru/clio-core/context-runtime/src/ipc_manager.cc:2575 INFO 2483114 RegisterMemory IpcManager::RegisterMemory: Successfully registered clio_2483195_27[0m
[97m/home/cvazquezperezdelacru/clio-core/context-runtime/modules/admin/src/admin_runtime.cc:1191 INFO 2483114 RegisterMemory Admin::RegisterMemory: Registering CPU alloc_id (2483195.28)[0m
[97m/home/cvazquezperezdelacru/clio-core/context-runtime/src/ipc_manager.cc:2532 INFO 2483114 RegisterMemory IpcManager::RegisterMemory: Registering clio_2483195_28 from pid 2483195[0m
[97m/home/cvazquezperezdelacru/clio-core/context-runtime/src/ipc_manager.cc:2575 INFO 2483114 RegisterMemory IpcManager::RegisterMemory: Successfully registered clio_2483195_28[0m
[97m/home/cvazquezperezdelacru/clio-core/context-runtime/modules/admin/src/admin_runtime.cc:1191 INFO 2483114 RegisterMemory Admin::RegisterMemory: Registering CPU alloc_id (2483195.29)[0m
[97m/home/cvazquezperezdelacru/clio-core/context-runtime/src/ipc_manager.cc:2532 INFO 2483114 RegisterMemory IpcManager::RegisterMemory: Registering clio_2483195_29 from pid 2483195[0m
[97m/home/cvazquezperezdelacru/clio-core/context-runtime/src/ipc_manager.cc:2575 INFO 2483114 RegisterMemory IpcManager::RegisterMemory: Successfully registered clio_2483195_29[0m
[33m/home/cvazquezperezdelacru/clio-core/context-runtime/src/scheduler/default_sched.cc:430 WARNING 2483121 LoadBalance [#781 PDF] observed exec-time bins (cumulative): <10us=778214 <50us=22282 <500us=1598 <10ms=3146 <50ms=68 <500ms=13 <1s=0 >=1s=0 | stalls_detected=0[0m
[33m/home/cvazquezperezdelacru/clio-core/context-runtime/src/scheduler/default_sched.cc:439 WARNING 2483121 LoadBalance [#785] lane rescues performed: 0[0m
[97m/home/cvazquezperezdelacru/clio-core/context-runtime/modules/admin/src/admin_runtime.cc:1191 INFO 2483114 RegisterMemory Admin::RegisterMemory: Registering CPU alloc_id (2483195.30)[0m
[97m/home/cvazquezperezdelacru/clio-core/context-runtime/src/ipc_manager.cc:2532 INFO 2483114 RegisterMemory IpcManager::RegisterMemory: Registering clio_2483195_30 from pid 2483195[0m
[97m/home/cvazquezperezdelacru/clio-core/context-runtime/src/ipc_manager.cc:2575 INFO 2483114 RegisterMemory IpcManager::RegisterMemory: Successfully registered clio_2483195_30[0m
[97m/home/cvazquezperezdelacru/clio-core/context-runtime/modules/admin/src/admin_runtime.cc:1191 INFO 2483114 RegisterMemory Admin::RegisterMemory: Registering CPU alloc_id (2483195.31)[0m
[97m/home/cvazquezperezdelacru/clio-core/context-runtime/src/ipc_manager.cc:2532 INFO 2483114 RegisterMemory IpcManager::RegisterMemory: Registering clio_2483195_31 from pid 2483195[0m
[97m/home/cvazquezperezdelacru/clio-core/context-runtime/src/ipc_manager.cc:2575 INFO 2483114 RegisterMemory IpcManager::RegisterMemory: Successfully registered clio_2483195_31[0m
[97m/home/cvazquezperezdelacru/clio-core/context-runtime/modules/admin/src/admin_runtime.cc:1191 INFO 2483115 RegisterMemory Admin::RegisterMemory: Registering CPU alloc_id (2483195.32)[0m
[97m/home/cvazquezperezdelacru/clio-core/context-runtime/src/ipc_manager.cc:2532 INFO 2483115 RegisterMemory IpcManager::RegisterMemory: Registering clio_2483195_32 from pid 2483195[0m
[97m/home/cvazquezperezdelacru/clio-core/context-runtime/src/ipc_manager.cc:2575 INFO 2483115 RegisterMemory IpcManager::RegisterMemory: Successfully registered clio_2483195_32[0m
[97m/home/cvazquezperezdelacru/clio-core/context-runtime/modules/admin/src/admin_runtime.cc:1191 INFO 2483114 RegisterMemory Admin::RegisterMemory: Registering CPU alloc_id (2483195.33)[0m
[97m/home/cvazquezperezdelacru/clio-core/context-runtime/src/ipc_manager.cc:2532 INFO 2483114 RegisterMemory IpcManager::RegisterMemory: Registering clio_2483195_33 from pid 2483195[0m
[97m/home/cvazquezperezdelacru/clio-core/context-runtime/src/ipc_manager.cc:2575 INFO 2483114 RegisterMemory IpcManager::RegisterMemory: Successfully registered clio_2483195_33[0m
[33m/home/cvazquezperezdelacru/clio-core/context-runtime/src/scheduler/default_sched.cc:430 WARNING 2483121 LoadBalance [#781 PDF] observed exec-time bins (cumulative): <10us=843865 <50us=24276 <500us=1763 <10ms=3511 <50ms=82 <500ms=14 <1s=0 >=1s=0 | stalls_detected=0[0m
[33m/home/cvazquezperezdelacru/clio-core/context-runtime/src/scheduler/default_sched.cc:439 WARNING 2483121 LoadBalance [#785] lane rescues performed: 0[0m
[97m/home/cvazquezperezdelacru/clio-core/context-runtime/modules/admin/src/admin_runtime.cc:1191 INFO 2483114 RegisterMemory Admin::RegisterMemory: Registering CPU alloc_id (2483195.34)[0m
[97m/home/cvazquezperezdelacru/clio-core/context-runtime/src/ipc_manager.cc:2532 INFO 2483114 RegisterMemory IpcManager::RegisterMemory: Registering clio_2483195_34 from pid 2483195[0m
[97m/home/cvazquezperezdelacru/clio-core/context-runtime/src/ipc_manager.cc:2575 INFO 2483114 RegisterMemory IpcManager::RegisterMemory: Successfully registered clio_2483195_34[0m
[97m/home/cvazquezperezdelacru/clio-core/context-runtime/modules/admin/src/admin_runtime.cc:1191 INFO 2483114 RegisterMemory Admin::RegisterMemory: Registering CPU alloc_id (2483195.35)[0m
[97m/home/cvazquezperezdelacru/clio-core/context-runtime/src/ipc_manager.cc:2532 INFO 2483114 RegisterMemory IpcManager::RegisterMemory: Registering clio_2483195_35 from pid 2483195[0m
[97m/home/cvazquezperezdelacru/clio-core/context-runtime/src/ipc_manager.cc:2575 INFO 2483114 RegisterMemory IpcManager::RegisterMemory: Successfully registered clio_2483195_35[0m
[97m/home/cvazquezperezdelacru/clio-core/context-runtime/modules/admin/src/admin_runtime.cc:1191 INFO 2483114 RegisterMemory Admin::RegisterMemory: Registering CPU alloc_id (2483195.36)[0m
[97m/home/cvazquezperezdelacru/clio-core/context-runtime/src/ipc_manager.cc:2532 INFO 2483114 RegisterMemory IpcManager::RegisterMemory: Registering clio_2483195_36 from pid 2483195[0m
[97m/home/cvazquezperezdelacru/clio-core/context-runtime/src/ipc_manager.cc:2575 INFO 2483114 RegisterMemory IpcManager::RegisterMemory: Successfully registered clio_2483195_36[0m
[33m/home/cvazquezperezdelacru/clio-core/context-runtime/src/scheduler/default_sched.cc:430 WARNING 2483121 LoadBalance [#781 PDF] observed exec-time bins (cumulative): <10us=908006 <50us=27283 <500us=1936 <10ms=3917 <50ms=92 <500ms=15 <1s=0 >=1s=0 | stalls_detected=0[0m
[33m/home/cvazquezperezdelacru/clio-core/context-runtime/src/scheduler/default_sched.cc:439 WARNING 2483121 LoadBalance [#785] lane rescues performed: 0[0m
[97m/home/cvazquezperezdelacru/clio-core/context-runtime/modules/admin/src/admin_runtime.cc:1191 INFO 2483115 RegisterMemory Admin::RegisterMemory: Registering CPU alloc_id (2483195.37)[0m
[97m/home/cvazquezperezdelacru/clio-core/context-runtime/src/ipc_manager.cc:2532 INFO 2483115 RegisterMemory IpcManager::RegisterMemory: Registering clio_2483195_37 from pid 2483195[0m
[97m/home/cvazquezperezdelacru/clio-core/context-runtime/src/ipc_manager.cc:2575 INFO 2483115 RegisterMemory IpcManager::RegisterMemory: Successfully registered clio_2483195_37[0m
[97m/home/cvazquezperezdelacru/clio-core/context-runtime/modules/admin/src/admin_runtime.cc:1191 INFO 2483114 RegisterMemory Admin::RegisterMemory: Registering CPU alloc_id (2483195.38)[0m
[97m/home/cvazquezperezdelacru/clio-core/context-runtime/src/ipc_manager.cc:2532 INFO 2483114 RegisterMemory IpcManager::RegisterMemory: Registering clio_2483195_38 from pid 2483195[0m
[97m/home/cvazquezperezdelacru/clio-core/context-runtime/src/ipc_manager.cc:2575 INFO 2483114 RegisterMemory IpcManager::RegisterMemory: Successfully registered clio_2483195_38[0m
[97m/home/cvazquezperezdelacru/clio-core/context-runtime/modules/admin/src/admin_runtime.cc:1191 INFO 2483114 RegisterMemory Admin::RegisterMemory: Registering CPU alloc_id (2483195.39)[0m
[97m/home/cvazquezperezdelacru/clio-core/context-runtime/src/ipc_manager.cc:2532 INFO 2483114 RegisterMemory IpcManager::RegisterMemory: Registering clio_2483195_39 from pid 2483195[0m
[97m/home/cvazquezperezdelacru/clio-core/context-runtime/src/ipc_manager.cc:2575 INFO 2483114 RegisterMemory IpcManager::RegisterMemory: Successfully registered clio_2483195_39[0m
[33m/home/cvazquezperezdelacru/clio-core/context-runtime/src/scheduler/default_sched.cc:430 WARNING 2483121 LoadBalance [#781 PDF] observed exec-time bins (cumulative): <10us=972622 <50us=29704 <500us=2134 <10ms=4340 <50ms=104 <500ms=17 <1s=0 >=1s=0 | stalls_detected=0[0m
[33m/home/cvazquezperezdelacru/clio-core/context-runtime/src/scheduler/default_sched.cc:439 WARNING 2483121 LoadBalance [#785] lane rescues performed: 0[0m
[97m/home/cvazquezperezdelacru/clio-core/context-runtime/modules/admin/src/admin_runtime.cc:1191 INFO 2483114 RegisterMemory Admin::RegisterMemory: Registering CPU alloc_id (2483195.40)[0m
[97m/home/cvazquezperezdelacru/clio-core/context-runtime/src/ipc_manager.cc:2532 INFO 2483114 RegisterMemory IpcManager::RegisterMemory: Registering clio_2483195_40 from pid 2483195[0m
[97m/home/cvazquezperezdelacru/clio-core/context-runtime/src/ipc_manager.cc:2575 INFO 2483114 RegisterMemory IpcManager::RegisterMemory: Successfully registered clio_2483195_40[0m
[97m/home/cvazquezperezdelacru/clio-core/context-runtime/modules/admin/src/admin_runtime.cc:1191 INFO 2483114 RegisterMemory Admin::RegisterMemory: Registering CPU alloc_id (2483195.41)[0m
[97m/home/cvazquezperezdelacru/clio-core/context-runtime/src/ipc_manager.cc:2532 INFO 2483114 RegisterMemory IpcManager::RegisterMemory: Registering clio_2483195_41 from pid 2483195[0m
[97m/home/cvazquezperezdelacru/clio-core/context-runtime/src/ipc_manager.cc:2575 INFO 2483114 RegisterMemory IpcManager::RegisterMemory: Successfully registered clio_2483195_41[0m
[97m/home/cvazquezperezdelacru/clio-core/context-runtime/modules/admin/src/admin_runtime.cc:1191 INFO 2483114 RegisterMemory Admin::RegisterMemory: Registering CPU alloc_id (2483195.42)[0m
[97m/home/cvazquezperezdelacru/clio-core/context-runtime/src/ipc_manager.cc:2532 INFO 2483114 RegisterMemory IpcManager::RegisterMemory: Registering clio_2483195_42 from pid 2483195[0m
[97m/home/cvazquezperezdelacru/clio-core/context-runtime/src/ipc_manager.cc:2575 INFO 2483114 RegisterMemory IpcManager::RegisterMemory: Successfully registered clio_2483195_42[0m
[97m/home/cvazquezperezdelacru/clio-core/context-runtime/modules/admin/src/admin_runtime.cc:1191 INFO 2483114 RegisterMemory Admin::RegisterMemory: Registering CPU alloc_id (2483195.43)[0m
[97m/home/cvazquezperezdelacru/clio-core/context-runtime/src/ipc_manager.cc:2532 INFO 2483114 RegisterMemory IpcManager::RegisterMemory: Registering clio_2483195_43 from pid 2483195[0m
[97m/home/cvazquezperezdelacru/clio-core/context-runtime/src/ipc_manager.cc:2575 INFO 2483114 RegisterMemory IpcManager::RegisterMemory: Successfully registered clio_2483195_43[0m
[33m/home/cvazquezperezdelacru/clio-core/context-runtime/src/scheduler/default_sched.cc:430 WARNING 2483121 LoadBalance [#781 PDF] observed exec-time bins (cumulative): <10us=1036723 <50us=32861 <500us=2304 <10ms=4748 <50ms=115 <500ms=18 <1s=0 >=1s=0 | stalls_detected=0[0m
[33m/home/cvazquezperezdelacru/clio-core/context-runtime/src/scheduler/default_sched.cc:439 WARNING 2483121 LoadBalance [#785] lane rescues performed: 0[0m
[97m/home/cvazquezperezdelacru/clio-core/context-runtime/modules/admin/src/admin_runtime.cc:1191 INFO 2483115 RegisterMemory Admin::RegisterMemory: Registering CPU alloc_id (2483195.44)[0m
[97m/home/cvazquezperezdelacru/clio-core/context-runtime/src/ipc_manager.cc:2532 INFO 2483115 RegisterMemory IpcManager::RegisterMemory: Registering clio_2483195_44 from pid 2483195[0m
[97m/home/cvazquezperezdelacru/clio-core/context-runtime/src/ipc_manager.cc:2575 INFO 2483115 RegisterMemory IpcManager::RegisterMemory: Successfully registered clio_2483195_44[0m
[97m/home/cvazquezperezdelacru/clio-core/context-runtime/modules/admin/src/admin_runtime.cc:1191 INFO 2483115 RegisterMemory Admin::RegisterMemory: Registering CPU alloc_id (2483195.45)[0m
[97m/home/cvazquezperezdelacru/clio-core/context-runtime/src/ipc_manager.cc:2532 INFO 2483115 RegisterMemory IpcManager::RegisterMemory: Registering clio_2483195_45 from pid 2483195[0m
[97m/home/cvazquezperezdelacru/clio-core/context-runtime/src/ipc_manager.cc:2575 INFO 2483115 RegisterMemory IpcManager::RegisterMemory: Successfully registered clio_2483195_45[0m
[33m/home/cvazquezperezdelacru/clio-core/context-runtime/src/scheduler/default_sched.cc:430 WARNING 2483121 LoadBalance [#781 PDF] observed exec-time bins (cumulative): <10us=1102946 <50us=35235 <500us=2461 <10ms=5178 <50ms=120 <500ms=19 <1s=0 >=1s=0 | stalls_detected=0[0m
[33m/home/cvazquezperezdelacru/clio-core/context-runtime/src/scheduler/default_sched.cc:439 WARNING 2483121 LoadBalance [#785] lane rescues performed: 0[0m
[97m/home/cvazquezperezdelacru/clio-core/context-runtime/modules/admin/src/admin_runtime.cc:1191 INFO 2483114 RegisterMemory Admin::RegisterMemory: Registering CPU alloc_id (2483195.46)[0m
[97m/home/cvazquezperezdelacru/clio-core/context-runtime/src/ipc_manager.cc:2532 INFO 2483114 RegisterMemory IpcManager::RegisterMemory: Registering clio_2483195_46 from pid 2483195[0m
[97m/home/cvazquezperezdelacru/clio-core/context-runtime/src/ipc_manager.cc:2575 INFO 2483114 RegisterMemory IpcManager::RegisterMemory: Successfully registered clio_2483195_46[0m
[97m/home/cvazquezperezdelacru/clio-core/context-runtime/modules/admin/src/admin_runtime.cc:1191 INFO 2483115 RegisterMemory Admin::RegisterMemory: Registering CPU alloc_id (2483195.47)[0m
[97m/home/cvazquezperezdelacru/clio-core/context-runtime/src/ipc_manager.cc:2532 INFO 2483115 RegisterMemory IpcManager::RegisterMemory: Registering clio_2483195_47 from pid 2483195[0m
[97m/home/cvazquezperezdelacru/clio-core/context-runtime/src/ipc_manager.cc:2575 INFO 2483115 RegisterMemory IpcManager::RegisterMemory: Successfully registered clio_2483195_47[0m
[97m/home/cvazquezperezdelacru/clio-core/context-runtime/modules/admin/src/admin_runtime.cc:1191 INFO 2483114 RegisterMemory Admin::RegisterMemory: Registering CPU alloc_id (2483195.48)[0m
[97m/home/cvazquezperezdelacru/clio-core/context-runtime/src/ipc_manager.cc:2532 INFO 2483114 RegisterMemory IpcManager::RegisterMemory: Registering clio_2483195_48 from pid 2483195[0m
[97m/home/cvazquezperezdelacru/clio-core/context-runtime/src/ipc_manager.cc:2575 INFO 2483114 RegisterMemory IpcManager::RegisterMemory: Successfully registered clio_2483195_48[0m
[97m/home/cvazquezperezdelacru/clio-core/context-runtime/modules/admin/src/admin_runtime.cc:1191 INFO 2483114 RegisterMemory Admin::RegisterMemory: Registering CPU alloc_id (2483195.49)[0m
[97m/home/cvazquezperezdelacru/clio-core/context-runtime/src/ipc_manager.cc:2532 INFO 2483114 RegisterMemory IpcManager::RegisterMemory: Registering clio_2483195_49 from pid 2483195[0m
[97m/home/cvazquezperezdelacru/clio-core/context-runtime/src/ipc_manager.cc:2575 INFO 2483114 RegisterMemory IpcManager::RegisterMemory: Successfully registered clio_2483195_49[0m
[33m/home/cvazquezperezdelacru/clio-core/context-runtime/src/scheduler/default_sched.cc:430 WARNING 2483121 LoadBalance [#781 PDF] observed exec-time bins (cumulative): <10us=1170952 <50us=37515 <500us=2672 <10ms=5585 <50ms=131 <500ms=20 <1s=0 >=1s=0 | stalls_detected=0[0m
[33m/home/cvazquezperezdelacru/clio-core/context-runtime/src/scheduler/default_sched.cc:439 WARNING 2483121 LoadBalance [#785] lane rescues performed: 0[0m
[97m/home/cvazquezperezdelacru/clio-core/context-runtime/modules/admin/src/admin_runtime.cc:1191 INFO 2483114 RegisterMemory Admin::RegisterMemory: Registering CPU alloc_id (2483195.50)[0m
[97m/home/cvazquezperezdelacru/clio-core/context-runtime/src/ipc_manager.cc:2532 INFO 2483114 RegisterMemory IpcManager::RegisterMemory: Registering clio_2483195_50 from pid 2483195[0m
[97m/home/cvazquezperezdelacru/clio-core/context-runtime/src/ipc_manager.cc:2575 INFO 2483114 RegisterMemory IpcManager::RegisterMemory: Successfully registered clio_2483195_50[0m
[97m/home/cvazquezperezdelacru/clio-core/context-runtime/modules/admin/src/admin_runtime.cc:1191 INFO 2483114 RegisterMemory Admin::RegisterMemory: Registering CPU alloc_id (2483195.51)[0m
[97m/home/cvazquezperezdelacru/clio-core/context-runtime/src/ipc_manager.cc:2532 INFO 2483114 RegisterMemory IpcManager::RegisterMemory: Registering clio_2483195_51 from pid 2483195[0m
[97m/home/cvazquezperezdelacru/clio-core/context-runtime/src/ipc_manager.cc:2575 INFO 2483114 RegisterMemory IpcManager::RegisterMemory: Successfully registered clio_2483195_51[0m
[33m/home/cvazquezperezdelacru/clio-core/context-runtime/src/scheduler/default_sched.cc:430 WARNING 2483121 LoadBalance [#781 PDF] observed exec-time bins (cumulative): <10us=1235692 <50us=40407 <500us=2861 <10ms=6022 <50ms=135 <500ms=22 <1s=0 >=1s=0 | stalls_detected=0[0m
[33m/home/cvazquezperezdelacru/clio-core/context-runtime/src/scheduler/default_sched.cc:439 WARNING 2483121 LoadBalance [#785] lane rescues performed: 0[0m
[97m/home/cvazquezperezdelacru/clio-core/context-runtime/modules/admin/src/admin_runtime.cc:1191 INFO 2483114 RegisterMemory Admin::RegisterMemory: Registering CPU alloc_id (2483195.52)[0m
[97m/home/cvazquezperezdelacru/clio-core/context-runtime/src/ipc_manager.cc:2532 INFO 2483114 RegisterMemory IpcManager::RegisterMemory: Registering clio_2483195_52 from pid 2483195[0m
[97m/home/cvazquezperezdelacru/clio-core/context-runtime/src/ipc_manager.cc:2575 INFO 2483114 RegisterMemory IpcManager::RegisterMemory: Successfully registered clio_2483195_52[0m
[97m/home/cvazquezperezdelacru/clio-core/context-runtime/modules/admin/src/admin_runtime.cc:1191 INFO 2483114 RegisterMemory Admin::RegisterMemory: Registering CPU alloc_id (2483195.53)[0m
[97m/home/cvazquezperezdelacru/clio-core/context-runtime/src/ipc_manager.cc:2532 INFO 2483114 RegisterMemory IpcManager::RegisterMemory: Registering clio_2483195_53 from pid 2483195[0m
[97m/home/cvazquezperezdelacru/clio-core/context-runtime/src/ipc_manager.cc:2575 INFO 2483114 RegisterMemory IpcManager::RegisterMemory: Successfully registered clio_2483195_53[0m
[97m/home/cvazquezperezdelacru/clio-core/context-runtime/modules/admin/src/admin_runtime.cc:1191 INFO 2483114 RegisterMemory Admin::RegisterMemory: Registering CPU alloc_id (2483195.54)[0m
[97m/home/cvazquezperezdelacru/clio-core/context-runtime/src/ipc_manager.cc:2532 INFO 2483114 RegisterMemory IpcManager::RegisterMemory: Registering clio_2483195_54 from pid 2483195[0m
[97m/home/cvazquezperezdelacru/clio-core/context-runtime/src/ipc_manager.cc:2575 INFO 2483114 RegisterMemory IpcManager::RegisterMemory: Successfully registered clio_2483195_54[0m
[33m/home/cvazquezperezdelacru/clio-core/context-runtime/src/scheduler/default_sched.cc:430 WARNING 2483121 LoadBalance [#781 PDF] observed exec-time bins (cumulative): <10us=1301297 <50us=42846 <500us=3013 <10ms=6451 <50ms=142 <500ms=23 <1s=0 >=1s=0 | stalls_detected=0[0m
[33m/home/cvazquezperezdelacru/clio-core/context-runtime/src/scheduler/default_sched.cc:439 WARNING 2483121 LoadBalance [#785] lane rescues performed: 0[0m
[97m/home/cvazquezperezdelacru/clio-core/context-runtime/modules/admin/src/admin_runtime.cc:1191 INFO 2483115 RegisterMemory Admin::RegisterMemory: Registering CPU alloc_id (2483195.55)[0m
[97m/home/cvazquezperezdelacru/clio-core/context-runtime/src/ipc_manager.cc:2532 INFO 2483115 RegisterMemory IpcManager::RegisterMemory: Registering clio_2483195_55 from pid 2483195[0m
[97m/home/cvazquezperezdelacru/clio-core/context-runtime/src/ipc_manager.cc:2575 INFO 2483115 RegisterMemory IpcManager::RegisterMemory: Successfully registered clio_2483195_55[0m
[97m/home/cvazquezperezdelacru/clio-core/context-runtime/modules/admin/src/admin_runtime.cc:1191 INFO 2483115 RegisterMemory Admin::RegisterMemory: Registering CPU alloc_id (2483195.56)[0m
[97m/home/cvazquezperezdelacru/clio-core/context-runtime/src/ipc_manager.cc:2532 INFO 2483115 RegisterMemory IpcManager::RegisterMemory: Registering clio_2483195_56 from pid 2483195[0m
[97m/home/cvazquezperezdelacru/clio-core/context-runtime/src/ipc_manager.cc:2575 INFO 2483115 RegisterMemory IpcManager::RegisterMemory: Successfully registered clio_2483195_56[0m
[97m/home/cvazquezperezdelacru/clio-core/context-runtime/modules/admin/src/admin_runtime.cc:1191 INFO 2483115 RegisterMemory Admin::RegisterMemory: Registering CPU alloc_id (2483195.57)[0m
[97m/home/cvazquezperezdelacru/clio-core/context-runtime/src/ipc_manager.cc:2532 INFO 2483115 RegisterMemory IpcManager::RegisterMemory: Registering clio_2483195_57 from pid 2483195[0m
[97m/home/cvazquezperezdelacru/clio-core/context-runtime/src/ipc_manager.cc:2575 INFO 2483115 RegisterMemory IpcManager::RegisterMemory: Successfully registered clio_2483195_57[0m
[97m/home/cvazquezperezdelacru/clio-core/context-runtime/modules/admin/src/admin_runtime.cc:1191 INFO 2483114 RegisterMemory Admin::RegisterMemory: Registering CPU alloc_id (2483195.58)[0m
[97m/home/cvazquezperezdelacru/clio-core/context-runtime/src/ipc_manager.cc:2532 INFO 2483114 RegisterMemory IpcManager::RegisterMemory: Registering clio_2483195_58 from pid 2483195[0m
[97m/home/cvazquezperezdelacru/clio-core/context-runtime/src/ipc_manager.cc:2575 INFO 2483114 RegisterMemory IpcManager::RegisterMemory: Successfully registered clio_2483195_58[0m
[33m/home/cvazquezperezdelacru/clio-core/context-runtime/src/scheduler/default_sched.cc:430 WARNING 2483121 LoadBalance [#781 PDF] observed exec-time bins (cumulative): <10us=1366345 <50us=45914 <500us=3174 <10ms=6862 <50ms=151 <500ms=24 <1s=0 >=1s=0 | stalls_detected=0[0m
[33m/home/cvazquezperezdelacru/clio-core/context-runtime/src/scheduler/default_sched.cc:439 WARNING 2483121 LoadBalance [#785] lane rescues performed: 0[0m
[97m/home/cvazquezperezdelacru/clio-core/context-runtime/modules/admin/src/admin_runtime.cc:1191 INFO 2483115 RegisterMemory Admin::RegisterMemory: Registering CPU alloc_id (2483195.59)[0m
[97m/home/cvazquezperezdelacru/clio-core/context-runtime/src/ipc_manager.cc:2532 INFO 2483115 RegisterMemory IpcManager::RegisterMemory: Registering clio_2483195_59 from pid 2483195[0m
[97m/home/cvazquezperezdelacru/clio-core/context-runtime/src/ipc_manager.cc:2575 INFO 2483115 RegisterMemory IpcManager::RegisterMemory: Successfully registered clio_2483195_59[0m
[97m/home/cvazquezperezdelacru/clio-core/context-runtime/modules/admin/src/admin_runtime.cc:1191 INFO 2483114 RegisterMemory Admin::RegisterMemory: Registering CPU alloc_id (2483195.60)[0m
[97m/home/cvazquezperezdelacru/clio-core/context-runtime/src/ipc_manager.cc:2532 INFO 2483114 RegisterMemory IpcManager::RegisterMemory: Registering clio_2483195_60 from pid 2483195[0m
[97m/home/cvazquezperezdelacru/clio-core/context-runtime/src/ipc_manager.cc:2575 INFO 2483114 RegisterMemory IpcManager::RegisterMemory: Successfully registered clio_2483195_60[0m
[97m/home/cvazquezperezdelacru/clio-core/context-runtime/modules/admin/src/admin_runtime.cc:1191 INFO 2483114 RegisterMemory Admin::RegisterMemory: Registering CPU alloc_id (2483195.61)[0m
[97m/home/cvazquezperezdelacru/clio-core/context-runtime/src/ipc_manager.cc:2532 INFO 2483114 RegisterMemory IpcManager::RegisterMemory: Registering clio_2483195_61 from pid 2483195[0m
[97m/home/cvazquezperezdelacru/clio-core/context-runtime/src/ipc_manager.cc:2575 INFO 2483114 RegisterMemory IpcManager::RegisterMemory: Successfully registered clio_2483195_61[0m
[97m/home/cvazquezperezdelacru/clio-core/context-runtime/modules/admin/src/admin_runtime.cc:1191 INFO 2483115 RegisterMemory Admin::RegisterMemory: Registering CPU alloc_id (2483195.62)[0m
[97m/home/cvazquezperezdelacru/clio-core/context-runtime/src/ipc_manager.cc:2532 INFO 2483115 RegisterMemory IpcManager::RegisterMemory: Registering clio_2483195_62 from pid 2483195[0m
[97m/home/cvazquezperezdelacru/clio-core/context-runtime/src/ipc_manager.cc:2575 INFO 2483115 RegisterMemory IpcManager::RegisterMemory: Successfully registered clio_2483195_62[0m
[33m/home/cvazquezperezdelacru/clio-core/context-runtime/src/scheduler/default_sched.cc:430 WARNING 2483121 LoadBalance [#781 PDF] observed exec-time bins (cumulative): <10us=1431282 <50us=48270 <500us=3456 <10ms=7296 <50ms=157 <500ms=25 <1s=0 >=1s=0 | stalls_detected=0[0m
[33m/home/cvazquezperezdelacru/clio-core/context-runtime/src/scheduler/default_sched.cc:439 WARNING 2483121 LoadBalance [#785] lane rescues performed: 0[0m
[97m/home/cvazquezperezdelacru/clio-core/context-runtime/modules/admin/src/admin_runtime.cc:1191 INFO 2483114 RegisterMemory Admin::RegisterMemory: Registering CPU alloc_id (2483195.63)[0m
[97m/home/cvazquezperezdelacru/clio-core/context-runtime/src/ipc_manager.cc:2532 INFO 2483114 RegisterMemory IpcManager::RegisterMemory: Registering clio_2483195_63 from pid 2483195[0m
[97m/home/cvazquezperezdelacru/clio-core/context-runtime/src/ipc_manager.cc:2575 INFO 2483114 RegisterMemory IpcManager::RegisterMemory: Successfully registered clio_2483195_63[0m
[97m/home/cvazquezperezdelacru/clio-core/context-runtime/modules/admin/src/admin_runtime.cc:1191 INFO 2483114 RegisterMemory Admin::RegisterMemory: Registering CPU alloc_id (2483195.64)[0m
[97m/home/cvazquezperezdelacru/clio-core/context-runtime/src/ipc_manager.cc:2532 INFO 2483114 RegisterMemory IpcManager::RegisterMemory: Registering clio_2483195_64 from pid 2483195[0m
[97m/home/cvazquezperezdelacru/clio-core/context-runtime/src/ipc_manager.cc:2575 INFO 2483114 RegisterMemory IpcManager::RegisterMemory: Successfully registered clio_2483195_64[0m
[33m/home/cvazquezperezdelacru/clio-core/context-runtime/src/scheduler/default_sched.cc:430 WARNING 2483121 LoadBalance [#781 PDF] observed exec-time bins (cumulative): <10us=1495223 <50us=51593 <500us=3687 <10ms=7709 <50ms=162 <500ms=27 <1s=0 >=1s=0 | stalls_detected=0[0m
[33m/home/cvazquezperezdelacru/clio-core/context-runtime/src/scheduler/default_sched.cc:439 WARNING 2483121 LoadBalance [#785] lane rescues performed: 0[0m
[97m/home/cvazquezperezdelacru/clio-core/context-runtime/modules/admin/src/admin_runtime.cc:1191 INFO 2483114 RegisterMemory Admin::RegisterMemory: Registering CPU alloc_id (2483195.65)[0m
[97m/home/cvazquezperezdelacru/clio-core/context-runtime/src/ipc_manager.cc:2532 INFO 2483114 RegisterMemory IpcManager::RegisterMemory: Registering clio_2483195_65 from pid 2483195[0m
[97m/home/cvazquezperezdelacru/clio-core/context-runtime/src/ipc_manager.cc:2575 INFO 2483114 RegisterMemory IpcManager::RegisterMemory: Successfully registered clio_2483195_65[0m
[97m/home/cvazquezperezdelacru/clio-core/context-runtime/modules/admin/src/admin_runtime.cc:1191 INFO 2483115 RegisterMemory Admin::RegisterMemory: Registering CPU alloc_id (2483195.66)[0m
[97m/home/cvazquezperezdelacru/clio-core/context-runtime/src/ipc_manager.cc:2532 INFO 2483115 RegisterMemory IpcManager::RegisterMemory: Registering clio_2483195_66 from pid 2483195[0m
[97m/home/cvazquezperezdelacru/clio-core/context-runtime/src/ipc_manager.cc:2575 INFO 2483115 RegisterMemory IpcManager::RegisterMemory: Successfully registered clio_2483195_66[0m
[97m/home/cvazquezperezdelacru/clio-core/context-runtime/modules/admin/src/admin_runtime.cc:1191 INFO 2483114 RegisterMemory Admin::RegisterMemory: Registering CPU alloc_id (2483195.67)[0m
[97m/home/cvazquezperezdelacru/clio-core/context-runtime/src/ipc_manager.cc:2532 INFO 2483114 RegisterMemory IpcManager::RegisterMemory: Registering clio_2483195_67 from pid 2483195[0m
[97m/home/cvazquezperezdelacru/clio-core/context-runtime/src/ipc_manager.cc:2575 INFO 2483114 RegisterMemory IpcManager::RegisterMemory: Successfully registered clio_2483195_67[0m
[33m/home/cvazquezperezdelacru/clio-core/context-runtime/src/scheduler/default_sched.cc:430 WARNING 2483121 LoadBalance [#781 PDF] observed exec-time bins (cumulative): <10us=1561266 <50us=54297 <500us=3828 <10ms=8079 <50ms=170 <500ms=28 <1s=0 >=1s=0 | stalls_detected=0[0m
[33m/home/cvazquezperezdelacru/clio-core/context-runtime/src/scheduler/default_sched.cc:439 WARNING 2483121 LoadBalance [#785] lane rescues performed: 0[0m
[97m/home/cvazquezperezdelacru/clio-core/context-runtime/src/ipc_manager.cc:2288 INFO 2483123 GetOrCreateClient [ClientPool] Creating new persistent connection to 127.0.0.1:34379[0m
[97m/home/cvazquezperezdelacru/clio-core/context-runtime/src/ipc_manager.cc:2308 INFO 2483123 GetOrCreateClient [ClientPool] Connection established to 127.0.0.1:34379[0m
[97m/home/cvazquezperezdelacru/clio-core/context-runtime/modules/admin/src/admin_runtime.cc:1191 INFO 2483115 RegisterMemory Admin::RegisterMemory: Registering CPU alloc_id (2483515.0)[0m
[97m/home/cvazquezperezdelacru/clio-core/context-runtime/src/ipc_manager.cc:2532 INFO 2483115 RegisterMemory IpcManager::RegisterMemory: Registering clio_2483515_0 from pid 2483515[0m
[97m/home/cvazquezperezdelacru/clio-core/context-runtime/src/ipc_manager.cc:2575 INFO 2483115 RegisterMemory IpcManager::RegisterMemory: Successfully registered clio_2483515_0[0m
[97m/home/cvazquezperezdelacru/clio-core/context-runtime/src/pool_manager.cc:534 INFO 2483115 CreatePool PoolManager: Creating pool 'clio_cte_core' with 1 containers (one per node)[0m
[97m/home/cvazquezperezdelacru/clio-core/context-runtime/src/pool_manager.cc:575 INFO 2483115 CreatePool PoolManager: Pool PoolId(major:512, minor:0) already exists by ID, returning existing pool[0m
[97m/home/cvazquezperezdelacru/clio-core/context-runtime/src/pool_manager.cc:534 INFO 2483115 CreatePool PoolManager: Creating pool 'faiss_ivf_bench' with 1 containers (one per node)[0m
[97m/home/cvazquezperezdelacru/clio-core/context-runtime/src/pool_manager.cc:575 INFO 2483115 CreatePool PoolManager: Pool PoolId(major:600, minor:0) already exists by ID, returning existing pool[0m
[97m/home/cvazquezperezdelacru/clio-core/context-runtime/src/ipc_manager.cc:2440 INFO 2483113 IncreaseClientShm IpcManager::IncreaseClientShm: Creating clio_2483092_4 with size 117604352 (84049920 + 33554432 overhead)[0m
[97m/home/cvazquezperezdelacru/clio-core/context-runtime/src/ipc_manager.cc:2485 INFO 2483113 IncreaseClientShm IpcManager::IncreaseClientShm: Created allocator clio_2483092_4 with ID (2483092.4)[0m
[97m/mnt/common/cvazquezperezdelacru/IOWARP/faiss/contrib/iowarp/chimod/src/faiss_ivf_runtime.cc:229 INFO 2483113 OpenIndex faiss_ivf: opened '/mnt/common/cvazquezperezdelacru/faiss/slurm_bench/work/ondisk_nb50M.index' (d=128, nlist=8192, ntotal=50000000, tag='faiss_ivf::ondisk_nb50M')[0m
[97m/mnt/common/cvazquezperezdelacru/IOWARP/faiss/contrib/iowarp/chimod/src/faiss_ivf_runtime.cc:300 INFO 2483113 Search faiss_ivf: Search nq=500 k=10 nprobe=128 unique_lists=8154[0m
[97m/home/cvazquezperezdelacru/clio-core/context-runtime/src/ipc_manager.cc:2440 INFO 2483113 IncreaseClientShm IpcManager::IncreaseClientShm: Creating clio_2483092_5 with size 124221312 (90666880 + 33554432 overhead)[0m
[97m/home/cvazquezperezdelacru/clio-core/context-runtime/src/ipc_manager.cc:2485 INFO 2483113 IncreaseClientShm IpcManager::IncreaseClientShm: Created allocator clio_2483092_5 with ID (2483092.5)[0m
[97m/home/cvazquezperezdelacru/clio-core/context-runtime/src/ipc_manager.cc:2440 INFO 2483113 IncreaseClientShm IpcManager::IncreaseClientShm: Creating clio_2483092_6 with size 127277616 (93723184 + 33554432 overhead)[0m
[97m/home/cvazquezperezdelacru/clio-core/context-runtime/src/ipc_manager.cc:2485 INFO 2483113 IncreaseClientShm IpcManager::IncreaseClientShm: Created allocator clio_2483092_6 with ID (2483092.6)[0m
[33m/home/cvazquezperezdelacru/clio-core/context-runtime/src/scheduler/default_sched.cc:430 WARNING 2483121 LoadBalance [#781 PDF] observed exec-time bins (cumulative): <10us=1626424 <50us=56296 <500us=3883 <10ms=8156 <50ms=181 <500ms=28 <1s=0 >=1s=0 | stalls_detected=0[0m
[33m/home/cvazquezperezdelacru/clio-core/context-runtime/src/scheduler/default_sched.cc:439 WARNING 2483121 LoadBalance [#785] lane rescues performed: 0[0m
[31m/home/cvazquezperezdelacru/clio-core/context-runtime/src/scheduler/default_sched.cc:726 ERROR 2483121 LoadBalance [HANGWATCH-HB] processed=24911 outstanding=38 (queued=38 blocked=0 retry=0 periodic=7) live=3 live_stalled=0[0m
[97m/home/cvazquezperezdelacru/clio-core/context-runtime/src/ipc_manager.cc:2440 INFO 2483113 IncreaseClientShm IpcManager::IncreaseClientShm: Creating clio_2483092_7 with size 155888016 (122333584 + 33554432 overhead)[0m
[97m/home/cvazquezperezdelacru/clio-core/context-runtime/src/ipc_manager.cc:2485 INFO 2483113 IncreaseClientShm IpcManager::IncreaseClientShm: Created allocator clio_2483092_7 with ID (2483092.7)[0m
[97m/home/cvazquezperezdelacru/clio-core/context-runtime/src/ipc_manager.cc:2440 INFO 2483113 IncreaseClientShm IpcManager::IncreaseClientShm: Creating clio_2483092_8 with size 149185216 (115630784 + 33554432 overhead)[0m
[97m/home/cvazquezperezdelacru/clio-core/context-runtime/src/ipc_manager.cc:2485 INFO 2483113 IncreaseClientShm IpcManager::IncreaseClientShm: Created allocator clio_2483092_8 with ID (2483092.8)[0m
[97m/home/cvazquezperezdelacru/clio-core/context-runtime/src/ipc_manager.cc:2440 INFO 2483113 IncreaseClientShm IpcManager::IncreaseClientShm: Creating clio_2483092_9 with size 128285112 (94730680 + 33554432 overhead)[0m
[97m/home/cvazquezperezdelacru/clio-core/context-runtime/src/ipc_manager.cc:2485 INFO 2483113 IncreaseClientShm IpcManager::IncreaseClientShm: Created allocator clio_2483092_9 with ID (2483092.9)[0m
[97m/home/cvazquezperezdelacru/clio-core/context-runtime/src/ipc_manager.cc:2440 INFO 2483113 IncreaseClientShm IpcManager::IncreaseClientShm: Creating clio_2483092_10 with size 128602312 (95047880 + 33554432 overhead)[0m
[97m/home/cvazquezperezdelacru/clio-core/context-runtime/src/ipc_manager.cc:2485 INFO 2483113 IncreaseClientShm IpcManager::IncreaseClientShm: Created allocator clio_2483092_10 with ID (2483092.10)[0m
[97m/home/cvazquezperezdelacru/clio-core/context-runtime/src/ipc_manager.cc:2440 INFO 2483113 IncreaseClientShm IpcManager::IncreaseClientShm: Creating clio_2483092_11 with size 138131312 (104576880 + 33554432 overhead)[0m
[97m/home/cvazquezperezdelacru/clio-core/context-runtime/src/ipc_manager.cc:2485 INFO 2483113 IncreaseClientShm IpcManager::IncreaseClientShm: Created allocator clio_2483092_11 with ID (2483092.11)[0m
[97m/home/cvazquezperezdelacru/clio-core/context-runtime/src/ipc_manager.cc:2440 INFO 2483113 IncreaseClientShm IpcManager::IncreaseClientShm: Creating clio_2483092_12 with size 132237112 (98682680 + 33554432 overhead)[0m
[97m/home/cvazquezperezdelacru/clio-core/context-runtime/src/ipc_manager.cc:2485 INFO 2483113 IncreaseClientShm IpcManager::IncreaseClientShm: Created allocator clio_2483092_12 with ID (2483092.12)[0m
[97m/home/cvazquezperezdelacru/clio-core/context-runtime/src/ipc_manager.cc:2440 INFO 2483113 IncreaseClientShm IpcManager::IncreaseClientShm: Creating clio_2483092_13 with size 130911112 (97356680 + 33554432 overhead)[0m
[97m/home/cvazquezperezdelacru/clio-core/context-runtime/src/ipc_manager.cc:2485 INFO 2483113 IncreaseClientShm IpcManager::IncreaseClientShm: Created allocator clio_2483092_13 with ID (2483092.13)[0m
[97m/home/cvazquezperezdelacru/clio-core/context-runtime/src/ipc_manager.cc:2440 INFO 2483113 IncreaseClientShm IpcManager::IncreaseClientShm: Creating clio_2483092_14 with size 133169216 (99614784 + 33554432 overhead)[0m
[97m/home/cvazquezperezdelacru/clio-core/context-runtime/src/ipc_manager.cc:2485 INFO 2483113 IncreaseClientShm IpcManager::IncreaseClientShm: Created allocator clio_2483092_14 with ID (2483092.14)[0m
[97m/home/cvazquezperezdelacru/clio-core/context-runtime/src/ipc_manager.cc:2440 INFO 2483113 IncreaseClientShm IpcManager::IncreaseClientShm: Creating clio_2483092_15 with size 143497712 (109943280 + 33554432 overhead)[0m
[97m/home/cvazquezperezdelacru/clio-core/context-runtime/src/ipc_manager.cc:2485 INFO 2483113 IncreaseClientShm IpcManager::IncreaseClientShm: Created allocator clio_2483092_15 with ID (2483092.15)[0m
[31m/home/cvazquezperezdelacru/clio-core/context-runtime/src/scheduler/default_sched.cc:726 ERROR 2483121 LoadBalance [HANGWATCH-HB] processed=26492 outstanding=62 (queued=62 blocked=0 retry=0 periodic=7) live=2 live_stalled=0[0m
[97m/home/cvazquezperezdelacru/clio-core/context-runtime/src/ipc_manager.cc:2440 INFO 2483113 IncreaseClientShm IpcManager::IncreaseClientShm: Creating clio_2483092_16 with size 129673512 (96119080 + 33554432 overhead)[0m
[97m/home/cvazquezperezdelacru/clio-core/context-runtime/src/ipc_manager.cc:2485 INFO 2483113 IncreaseClientShm IpcManager::IncreaseClientShm: Created allocator clio_2483092_16 with ID (2483092.16)[0m
[97m/home/cvazquezperezdelacru/clio-core/context-runtime/src/ipc_manager.cc:2440 INFO 2483113 IncreaseClientShm IpcManager::IncreaseClientShm: Creating clio_2483092_17 with size 140376416 (106821984 + 33554432 overhead)[0m
[97m/home/cvazquezperezdelacru/clio-core/context-runtime/src/ipc_manager.cc:2485 INFO 2483113 IncreaseClientShm IpcManager::IncreaseClientShm: Created allocator clio_2483092_17 with ID (2483092.17)[0m
[97m/home/cvazquezperezdelacru/clio-core/context-runtime/src/ipc_manager.cc:2440 INFO 2483113 IncreaseClientShm IpcManager::IncreaseClientShm: Creating clio_2483092_18 with size 132727216 (99172784 + 33554432 overhead)[0m
[97m/home/cvazquezperezdelacru/clio-core/context-runtime/src/ipc_manager.cc:2485 INFO 2483113 IncreaseClientShm IpcManager::IncreaseClientShm: Created allocator clio_2483092_18 with ID (2483092.18)[0m
[97m/home/cvazquezperezdelacru/clio-core/context-runtime/src/ipc_manager.cc:2440 INFO 2483113 IncreaseClientShm IpcManager::IncreaseClientShm: Creating clio_2483092_19 with size 132112312 (98557880 + 33554432 overhead)[0m
[97m/home/cvazquezperezdelacru/clio-core/context-runtime/src/ipc_manager.cc:2485 INFO 2483113 IncreaseClientShm IpcManager::IncreaseClientShm: Created allocator clio_2483092_19 with ID (2483092.19)[0m
[97m/home/cvazquezperezdelacru/clio-core/context-runtime/src/ipc_manager.cc:2440 INFO 2483113 IncreaseClientShm IpcManager::IncreaseClientShm: Creating clio_2483092_20 with size 133643712 (100089280 + 33554432 overhead)[0m
[97m/home/cvazquezperezdelacru/clio-core/context-runtime/src/ipc_manager.cc:2485 INFO 2483113 IncreaseClientShm IpcManager::IncreaseClientShm: Created allocator clio_2483092_20 with ID (2483092.20)[0m
[97m/home/cvazquezperezdelacru/clio-core/context-runtime/src/ipc_manager.cc:2440 INFO 2483113 IncreaseClientShm IpcManager::IncreaseClientShm: Creating clio_2483092_21 with size 136298312 (102743880 + 33554432 overhead)[0m
[97m/home/cvazquezperezdelacru/clio-core/context-runtime/src/ipc_manager.cc:2485 INFO 2483113 IncreaseClientShm IpcManager::IncreaseClientShm: Created allocator clio_2483092_21 with ID (2483092.21)[0m
[97m/home/cvazquezperezdelacru/clio-core/context-runtime/src/ipc_manager.cc:2440 INFO 2483113 IncreaseClientShm IpcManager::IncreaseClientShm: Creating clio_2483092_22 with size 140516816 (106962384 + 33554432 overhead)[0m
[97m/home/cvazquezperezdelacru/clio-core/context-runtime/src/ipc_manager.cc:2485 INFO 2483113 IncreaseClientShm IpcManager::IncreaseClientShm: Created allocator clio_2483092_22 with ID (2483092.22)[0m
[97m/home/cvazquezperezdelacru/clio-core/context-runtime/src/ipc_manager.cc:2440 INFO 2483113 IncreaseClientShm IpcManager::IncreaseClientShm: Creating clio_2483092_23 with size 142191216 (108636784 + 33554432 overhead)[0m
[97m/home/cvazquezperezdelacru/clio-core/context-runtime/src/ipc_manager.cc:2485 INFO 2483113 IncreaseClientShm IpcManager::IncreaseClientShm: Created allocator clio_2483092_23 with ID (2483092.23)[0m
[97m/home/cvazquezperezdelacru/clio-core/context-runtime/src/ipc_manager.cc:2440 INFO 2483113 IncreaseClientShm IpcManager::IncreaseClientShm: Creating clio_2483092_24 with size 139527512 (105973080 + 33554432 overhead)[0m
[97m/home/cvazquezperezdelacru/clio-core/context-runtime/src/ipc_manager.cc:2485 INFO 2483113 IncreaseClientShm IpcManager::IncreaseClientShm: Created allocator clio_2483092_24 with ID (2483092.24)[0m
[31m/home/cvazquezperezdelacru/clio-core/context-runtime/src/scheduler/default_sched.cc:726 ERROR 2483121 LoadBalance [HANGWATCH-HB] processed=27924 outstanding=62 (queued=62 blocked=0 retry=0 periodic=6) live=2 live_stalled=0[0m
[97m/home/cvazquezperezdelacru/clio-core/context-runtime/src/ipc_manager.cc:2440 INFO 2483113 IncreaseClientShm IpcManager::IncreaseClientShm: Creating clio_2483092_25 with size 141147312 (107592880 + 33554432 overhead)[0m
[97m/home/cvazquezperezdelacru/clio-core/context-runtime/src/ipc_manager.cc:2485 INFO 2483113 IncreaseClientShm IpcManager::IncreaseClientShm: Created allocator clio_2483092_25 with ID (2483092.25)[0m
[97m/home/cvazquezperezdelacru/clio-core/context-runtime/src/ipc_manager.cc:2440 INFO 2483113 IncreaseClientShm IpcManager::IncreaseClientShm: Creating clio_2483092_26 with size 139660112 (106105680 + 33554432 overhead)[0m
[97m/home/cvazquezperezdelacru/clio-core/context-runtime/src/ipc_manager.cc:2485 INFO 2483113 IncreaseClientShm IpcManager::IncreaseClientShm: Created allocator clio_2483092_26 with ID (2483092.26)[0m
[97m/home/cvazquezperezdelacru/clio-core/context-runtime/src/ipc_manager.cc:2440 INFO 2483113 IncreaseClientShm IpcManager::IncreaseClientShm: Creating clio_2483092_27 with size 146496816 (112942384 + 33554432 overhead)[0m
[97m/home/cvazquezperezdelacru/clio-core/context-runtime/src/ipc_manager.cc:2485 INFO 2483113 IncreaseClientShm IpcManager::IncreaseClientShm: Created allocator clio_2483092_27 with ID (2483092.27)[0m
[33m/home/cvazquezperezdelacru/clio-core/context-runtime/src/scheduler/default_sched.cc:430 WARNING 2483121 LoadBalance [#781 PDF] observed exec-time bins (cumulative): <10us=1694598 <50us=59424 <500us=3946 <10ms=9980 <50ms=235 <500ms=28 <1s=0 >=1s=0 | stalls_detected=0[0m
[33m/home/cvazquezperezdelacru/clio-core/context-runtime/src/scheduler/default_sched.cc:439 WARNING 2483121 LoadBalance [#785] lane rescues performed: 0[0m
[97m/home/cvazquezperezdelacru/clio-core/context-runtime/src/ipc_manager.cc:2440 INFO 2483113 IncreaseClientShm IpcManager::IncreaseClientShm: Creating clio_2483092_28 with size 137006816 (103452384 + 33554432 overhead)[0m
[97m/home/cvazquezperezdelacru/clio-core/context-runtime/src/ipc_manager.cc:2485 INFO 2483113 IncreaseClientShm IpcManager::IncreaseClientShm: Created allocator clio_2483092_28 with ID (2483092.28)[0m
[97m/home/cvazquezperezdelacru/clio-core/context-runtime/src/ipc_manager.cc:2440 INFO 2483113 IncreaseClientShm IpcManager::IncreaseClientShm: Creating clio_2483092_29 with size 137589216 (104034784 + 33554432 overhead)[0m
[97m/home/cvazquezperezdelacru/clio-core/context-runtime/src/ipc_manager.cc:2485 INFO 2483113 IncreaseClientShm IpcManager::IncreaseClientShm: Created allocator clio_2483092_29 with ID (2483092.29)[0m
[97m/home/cvazquezperezdelacru/clio-core/context-runtime/src/ipc_manager.cc:2440 INFO 2483113 IncreaseClientShm IpcManager::IncreaseClientShm: Creating clio_2483092_30 with size 157809408 (124254976 + 33554432 overhead)[0m
[97m/home/cvazquezperezdelacru/clio-core/context-runtime/src/ipc_manager.cc:2485 INFO 2483113 IncreaseClientShm IpcManager::IncreaseClientShm: Created allocator clio_2483092_30 with ID (2483092.30)[0m
[31m/home/cvazquezperezdelacru/clio-core/context-runtime/src/scheduler/default_sched.cc:726 ERROR 2483121 LoadBalance [HANGWATCH-HB] processed=29490 outstanding=62 (queued=62 blocked=0 retry=0 periodic=7) live=2 live_stalled=0[0m
[97m/home/cvazquezperezdelacru/clio-core/context-runtime/src/ipc_manager.cc:2440 INFO 2483113 IncreaseClientShm IpcManager::IncreaseClientShm: Creating clio_2483092_31 with size 136878112 (103323680 + 33554432 overhead)[0m
[97m/home/cvazquezperezdelacru/clio-core/context-runtime/src/ipc_manager.cc:2485 INFO 2483113 IncreaseClientShm IpcManager::IncreaseClientShm: Created allocator clio_2483092_31 with ID (2483092.31)[0m
[97m/home/cvazquezperezdelacru/clio-core/context-runtime/src/ipc_manager.cc:2440 INFO 2483113 IncreaseClientShm IpcManager::IncreaseClientShm: Creating clio_2483092_32 with size 144801616 (111247184 + 33554432 overhead)[0m
[97m/home/cvazquezperezdelacru/clio-core/context-runtime/src/ipc_manager.cc:2485 INFO 2483113 IncreaseClientShm IpcManager::IncreaseClientShm: Created allocator clio_2483092_32 with ID (2483092.32)[0m
[97m/home/cvazquezperezdelacru/clio-core/context-runtime/src/ipc_manager.cc:2440 INFO 2483113 IncreaseClientShm IpcManager::IncreaseClientShm: Creating clio_2483092_33 with size 137831008 (104276576 + 33554432 overhead)[0m
[97m/home/cvazquezperezdelacru/clio-core/context-runtime/src/ipc_manager.cc:2485 INFO 2483113 IncreaseClientShm IpcManager::IncreaseClientShm: Created allocator clio_2483092_33 with ID (2483092.33)[0m
[97m/home/cvazquezperezdelacru/clio-core/context-runtime/src/ipc_manager.cc:2440 INFO 2483113 IncreaseClientShm IpcManager::IncreaseClientShm: Creating clio_2483092_34 with size 141312416 (107757984 + 33554432 overhead)[0m
[97m/home/cvazquezperezdelacru/clio-core/context-runtime/src/ipc_manager.cc:2485 INFO 2483113 IncreaseClientShm IpcManager::IncreaseClientShm: Created allocator clio_2483092_34 with ID (2483092.34)[0m
[97m/home/cvazquezperezdelacru/clio-core/context-runtime/src/ipc_manager.cc:2440 INFO 2483113 IncreaseClientShm IpcManager::IncreaseClientShm: Creating clio_2483092_35 with size 139680912 (106126480 + 33554432 overhead)[0m
[97m/home/cvazquezperezdelacru/clio-core/context-runtime/src/ipc_manager.cc:2485 INFO 2483113 IncreaseClientShm IpcManager::IncreaseClientShm: Created allocator clio_2483092_35 with ID (2483092.35)[0m
[97m/home/cvazquezperezdelacru/clio-core/context-runtime/src/ipc_manager.cc:2440 INFO 2483113 IncreaseClientShm IpcManager::IncreaseClientShm: Creating clio_2483092_36 with size 131110016 (97555584 + 33554432 overhead)[0m
[97m/home/cvazquezperezdelacru/clio-core/context-runtime/src/ipc_manager.cc:2485 INFO 2483113 IncreaseClientShm IpcManager::IncreaseClientShm: Created allocator clio_2483092_36 with ID (2483092.36)[0m
[97m/home/cvazquezperezdelacru/clio-core/context-runtime/src/ipc_manager.cc:2440 INFO 2483113 IncreaseClientShm IpcManager::IncreaseClientShm: Creating clio_2483092_37 with size 135987616 (102433184 + 33554432 overhead)[0m
[97m/home/cvazquezperezdelacru/clio-core/context-runtime/src/ipc_manager.cc:2485 INFO 2483113 IncreaseClientShm IpcManager::IncreaseClientShm: Created allocator clio_2483092_37 with ID (2483092.37)[0m
[31m/home/cvazquezperezdelacru/clio-core/context-runtime/src/scheduler/default_sched.cc:726 ERROR 2483121 LoadBalance [HANGWATCH-HB] processed=30850 outstanding=62 (queued=62 blocked=0 retry=0 periodic=7) live=2 live_stalled=0[0m
[97m/home/cvazquezperezdelacru/clio-core/context-runtime/src/ipc_manager.cc:2440 INFO 2483113 IncreaseClientShm IpcManager::IncreaseClientShm: Creating clio_2483092_38 with size 139418312 (105863880 + 33554432 overhead)[0m
[97m/home/cvazquezperezdelacru/clio-core/context-runtime/src/ipc_manager.cc:2485 INFO 2483113 IncreaseClientShm IpcManager::IncreaseClientShm: Created allocator clio_2483092_38 with ID (2483092.38)[0m
[97m/home/cvazquezperezdelacru/clio-core/context-runtime/src/ipc_manager.cc:2440 INFO 2483113 IncreaseClientShm IpcManager::IncreaseClientShm: Creating clio_2483092_39 with size 138098816 (104544384 + 33554432 overhead)[0m
[97m/home/cvazquezperezdelacru/clio-core/context-runtime/src/ipc_manager.cc:2485 INFO 2483113 IncreaseClientShm IpcManager::IncreaseClientShm: Created allocator clio_2483092_39 with ID (2483092.39)[0m
[97m/home/cvazquezperezdelacru/clio-core/context-runtime/src/ipc_manager.cc:2440 INFO 2483113 IncreaseClientShm IpcManager::IncreaseClientShm: Creating clio_2483092_40 with size 134711008 (101156576 + 33554432 overhead)[0m
[97m/home/cvazquezperezdelacru/clio-core/context-runtime/src/ipc_manager.cc:2485 INFO 2483113 IncreaseClientShm IpcManager::IncreaseClientShm: Created allocator clio_2483092_40 with ID (2483092.40)[0m
[97m/home/cvazquezperezdelacru/clio-core/context-runtime/src/ipc_manager.cc:2440 INFO 2483113 IncreaseClientShm IpcManager::IncreaseClientShm: Creating clio_2483092_41 with size 146078208 (112523776 + 33554432 overhead)[0m
[97m/home/cvazquezperezdelacru/clio-core/context-runtime/src/ipc_manager.cc:2485 INFO 2483113 IncreaseClientShm IpcManager::IncreaseClientShm: Created allocator clio_2483092_41 with ID (2483092.41)[0m
[97m/home/cvazquezperezdelacru/clio-core/context-runtime/src/ipc_manager.cc:2440 INFO 2483113 IncreaseClientShm IpcManager::IncreaseClientShm: Creating clio_2483092_42 with size 143496416 (109941984 + 33554432 overhead)[0m
[97m/home/cvazquezperezdelacru/clio-core/context-runtime/src/ipc_manager.cc:2485 INFO 2483113 IncreaseClientShm IpcManager::IncreaseClientShm: Created allocator clio_2483092_42 with ID (2483092.42)[0m
[33m/home/cvazquezperezdelacru/clio-core/context-runtime/src/scheduler/default_sched.cc:430 WARNING 2483121 LoadBalance [#781 PDF] observed exec-time bins (cumulative): <10us=1764180 <50us=61293 <500us=3994 <10ms=11415 <50ms=296 <500ms=34 <1s=0 >=1s=0 | stalls_detected=0[0m
[33m/home/cvazquezperezdelacru/clio-core/context-runtime/src/scheduler/default_sched.cc:439 WARNING 2483121 LoadBalance [#785] lane rescues performed: 0[0m
[31m/home/cvazquezperezdelacru/clio-core/context-runtime/src/scheduler/default_sched.cc:726 ERROR 2483121 LoadBalance [HANGWATCH-HB] processed=31683 outstanding=53 (queued=53 blocked=0 retry=0 periodic=7) live=2 live_stalled=0[0m
[97m/home/cvazquezperezdelacru/clio-core/context-runtime/src/ipc_manager.cc:2440 INFO 2483113 IncreaseClientShm IpcManager::IncreaseClientShm: Creating clio_2483092_43 with size 131604016 (98049584 + 33554432 overhead)[0m
[97m/home/cvazquezperezdelacru/clio-core/context-runtime/src/ipc_manager.cc:2485 INFO 2483113 IncreaseClientShm IpcManager::IncreaseClientShm: Created allocator clio_2483092_43 with ID (2483092.43)[0m
[97m/home/cvazquezperezdelacru/clio-core/context-runtime/src/ipc_manager.cc:2440 INFO 2483113 IncreaseClientShm IpcManager::IncreaseClientShm: Creating clio_2483092_44 with size 142647512 (109093080 + 33554432 overhead)[0m
[97m/home/cvazquezperezdelacru/clio-core/context-runtime/src/ipc_manager.cc:2485 INFO 2483113 IncreaseClientShm IpcManager::IncreaseClientShm: Created allocator clio_2483092_44 with ID (2483092.44)[0m
[97m/home/cvazquezperezdelacru/clio-core/context-runtime/src/ipc_manager.cc:2440 INFO 2483113 IncreaseClientShm IpcManager::IncreaseClientShm: Creating clio_2483092_45 with size 145055112 (111500680 + 33554432 overhead)[0m
[97m/home/cvazquezperezdelacru/clio-core/context-runtime/src/ipc_manager.cc:2485 INFO 2483113 IncreaseClientShm IpcManager::IncreaseClientShm: Created allocator clio_2483092_45 with ID (2483092.45)[0m
[31m/home/cvazquezperezdelacru/clio-core/context-runtime/src/scheduler/default_sched.cc:726 ERROR 2483121 LoadBalance [HANGWATCH-HB] processed=32502 outstanding=61 (queued=61 blocked=0 retry=0 periodic=6) live=2 live_stalled=0[0m
[97m/home/cvazquezperezdelacru/clio-core/context-runtime/src/ipc_manager.cc:2440 INFO 2483113 IncreaseClientShm IpcManager::IncreaseClientShm: Creating clio_2483092_46 with size 136832608 (103278176 + 33554432 overhead)[0m
[97m/home/cvazquezperezdelacru/clio-core/context-runtime/src/ipc_manager.cc:2485 INFO 2483113 IncreaseClientShm IpcManager::IncreaseClientShm: Created allocator clio_2483092_46 with ID (2483092.46)[0m
[97m/home/cvazquezperezdelacru/clio-core/context-runtime/src/ipc_manager.cc:2440 INFO 2483113 IncreaseClientShm IpcManager::IncreaseClientShm: Creating clio_2483092_47 with size 143630312 (110075880 + 33554432 overhead)[0m
[97m/home/cvazquezperezdelacru/clio-core/context-runtime/src/ipc_manager.cc:2485 INFO 2483113 IncreaseClientShm IpcManager::IncreaseClientShm: Created allocator clio_2483092_47 with ID (2483092.47)[0m
[97m/home/cvazquezperezdelacru/clio-core/context-runtime/src/ipc_manager.cc:2440 INFO 2483113 IncreaseClientShm IpcManager::IncreaseClientShm: Creating clio_2483092_48 with size 156167512 (122613080 + 33554432 overhead)[0m
[97m/home/cvazquezperezdelacru/clio-core/context-runtime/src/ipc_manager.cc:2485 INFO 2483113 IncreaseClientShm IpcManager::IncreaseClientShm: Created allocator clio_2483092_48 with ID (2483092.48)[0m
[97m/home/cvazquezperezdelacru/clio-core/context-runtime/src/ipc_manager.cc:2440 INFO 2483113 IncreaseClientShm IpcManager::IncreaseClientShm: Creating clio_2483092_49 with size 135366208 (101811776 + 33554432 overhead)[0m
[97m/home/cvazquezperezdelacru/clio-core/context-runtime/src/ipc_manager.cc:2485 INFO 2483113 IncreaseClientShm IpcManager::IncreaseClientShm: Created allocator clio_2483092_49 with ID (2483092.49)[0m
[97m/home/cvazquezperezdelacru/clio-core/context-runtime/src/ipc_manager.cc:2440 INFO 2483113 IncreaseClientShm IpcManager::IncreaseClientShm: Creating clio_2483092_50 with size 136661008 (103106576 + 33554432 overhead)[0m
[97m/home/cvazquezperezdelacru/clio-core/context-runtime/src/ipc_manager.cc:2485 INFO 2483113 IncreaseClientShm IpcManager::IncreaseClientShm: Created allocator clio_2483092_50 with ID (2483092.50)[0m
[97m/home/cvazquezperezdelacru/clio-core/context-runtime/src/ipc_manager.cc:2440 INFO 2483113 IncreaseClientShm IpcManager::IncreaseClientShm: Creating clio_2483092_51 with size 135882312 (102327880 + 33554432 overhead)[0m
[97m/home/cvazquezperezdelacru/clio-core/context-runtime/src/ipc_manager.cc:2485 INFO 2483113 IncreaseClientShm IpcManager::IncreaseClientShm: Created allocator clio_2483092_51 with ID (2483092.51)[0m
[97m/home/cvazquezperezdelacru/clio-core/context-runtime/src/ipc_manager.cc:2440 INFO 2483113 IncreaseClientShm IpcManager::IncreaseClientShm: Creating clio_2483092_52 with size 140212608 (106658176 + 33554432 overhead)[0m
[97m/home/cvazquezperezdelacru/clio-core/context-runtime/src/ipc_manager.cc:2485 INFO 2483113 IncreaseClientShm IpcManager::IncreaseClientShm: Created allocator clio_2483092_52 with ID (2483092.52)[0m
[31m/home/cvazquezperezdelacru/clio-core/context-runtime/src/scheduler/default_sched.cc:726 ERROR 2483121 LoadBalance [HANGWATCH-HB] processed=34068 outstanding=61 (queued=61 blocked=0 retry=0 periodic=7) live=1 live_stalled=0[0m
[97m/home/cvazquezperezdelacru/clio-core/context-runtime/src/ipc_manager.cc:2440 INFO 2483113 IncreaseClientShm IpcManager::IncreaseClientShm: Creating clio_2483092_53 with size 142362816 (108808384 + 33554432 overhead)[0m
[97m/home/cvazquezperezdelacru/clio-core/context-runtime/src/ipc_manager.cc:2485 INFO 2483113 IncreaseClientShm IpcManager::IncreaseClientShm: Created allocator clio_2483092_53 with ID (2483092.53)[0m
[97m/home/cvazquezperezdelacru/clio-core/context-runtime/src/ipc_manager.cc:2440 INFO 2483113 IncreaseClientShm IpcManager::IncreaseClientShm: Creating clio_2483092_54 with size 146507216 (112952784 + 33554432 overhead)[0m
[97m/home/cvazquezperezdelacru/clio-core/context-runtime/src/ipc_manager.cc:2485 INFO 2483113 IncreaseClientShm IpcManager::IncreaseClientShm: Created allocator clio_2483092_54 with ID (2483092.54)[0m
[33m/home/cvazquezperezdelacru/clio-core/context-runtime/src/scheduler/default_sched.cc:430 WARNING 2483121 LoadBalance [#781 PDF] observed exec-time bins (cumulative): <10us=1830931 <50us=63297 <500us=4027 <10ms=12819 <50ms=387 <500ms=35 <1s=0 >=1s=0 | stalls_detected=0[0m
[33m/home/cvazquezperezdelacru/clio-core/context-runtime/src/scheduler/default_sched.cc:439 WARNING 2483121 LoadBalance [#785] lane rescues performed: 0[0m
[97m/home/cvazquezperezdelacru/clio-core/context-runtime/src/ipc_manager.cc:2440 INFO 2483113 IncreaseClientShm IpcManager::IncreaseClientShm: Creating clio_2483092_55 with size 135533912 (101979480 + 33554432 overhead)[0m
[97m/home/cvazquezperezdelacru/clio-core/context-runtime/src/ipc_manager.cc:2485 INFO 2483113 IncreaseClientShm IpcManager::IncreaseClientShm: Created allocator clio_2483092_55 with ID (2483092.55)[0m
[97m/home/cvazquezperezdelacru/clio-core/context-runtime/src/ipc_manager.cc:2440 INFO 2483113 IncreaseClientShm IpcManager::IncreaseClientShm: Creating clio_2483092_56 with size 135363616 (101809184 + 33554432 overhead)[0m
[97m/home/cvazquezperezdelacru/clio-core/context-runtime/src/ipc_manager.cc:2485 INFO 2483113 IncreaseClientShm IpcManager::IncreaseClientShm: Created allocator clio_2483092_56 with ID (2483092.56)[0m
[97m/home/cvazquezperezdelacru/clio-core/context-runtime/src/ipc_manager.cc:2440 INFO 2483113 IncreaseClientShm IpcManager::IncreaseClientShm: Creating clio_2483092_57 with size 134653808 (101099376 + 33554432 overhead)[0m
[97m/home/cvazquezperezdelacru/clio-core/context-runtime/src/ipc_manager.cc:2485 INFO 2483113 IncreaseClientShm IpcManager::IncreaseClientShm: Created allocator clio_2483092_57 with ID (2483092.57)[0m
[31m/home/cvazquezperezdelacru/clio-core/context-runtime/src/scheduler/default_sched.cc:726 ERROR 2483121 LoadBalance [HANGWATCH-HB] processed=35673 outstanding=52 (queued=52 blocked=0 retry=0 periodic=7) live=3 live_stalled=0[0m
[97m/home/cvazquezperezdelacru/clio-core/context-runtime/src/ipc_manager.cc:2440 INFO 2483113 IncreaseClientShm IpcManager::IncreaseClientShm: Creating clio_2483092_58 with size 141125216 (107570784 + 33554432 overhead)[0m
[97m/home/cvazquezperezdelacru/clio-core/context-runtime/src/ipc_manager.cc:2485 INFO 2483113 IncreaseClientShm IpcManager::IncreaseClientShm: Created allocator clio_2483092_58 with ID (2483092.58)[0m
[97m/home/cvazquezperezdelacru/clio-core/context-runtime/src/ipc_manager.cc:2440 INFO 2483113 IncreaseClientShm IpcManager::IncreaseClientShm: Creating clio_2483092_59 with size 133340816 (99786384 + 33554432 overhead)[0m
[97m/home/cvazquezperezdelacru/clio-core/context-runtime/src/ipc_manager.cc:2485 INFO 2483113 IncreaseClientShm IpcManager::IncreaseClientShm: Created allocator clio_2483092_59 with ID (2483092.59)[0m
[97m/home/cvazquezperezdelacru/clio-core/context-runtime/src/ipc_manager.cc:2440 INFO 2483113 IncreaseClientShm IpcManager::IncreaseClientShm: Creating clio_2483092_60 with size 148345408 (114790976 + 33554432 overhead)[0m
[97m/home/cvazquezperezdelacru/clio-core/context-runtime/src/ipc_manager.cc:2485 INFO 2483113 IncreaseClientShm IpcManager::IncreaseClientShm: Created allocator clio_2483092_60 with ID (2483092.60)[0m
[97m/home/cvazquezperezdelacru/clio-core/context-runtime/src/ipc_manager.cc:2440 INFO 2483113 IncreaseClientShm IpcManager::IncreaseClientShm: Creating clio_2483092_61 with size 136355512 (102801080 + 33554432 overhead)[0m
[97m/home/cvazquezperezdelacru/clio-core/context-runtime/src/ipc_manager.cc:2485 INFO 2483113 IncreaseClientShm IpcManager::IncreaseClientShm: Created allocator clio_2483092_61 with ID (2483092.61)[0m
[97m/home/cvazquezperezdelacru/clio-core/context-runtime/src/ipc_manager.cc:2440 INFO 2483113 IncreaseClientShm IpcManager::IncreaseClientShm: Creating clio_2483092_62 with size 142085912 (108531480 + 33554432 overhead)[0m
[97m/home/cvazquezperezdelacru/clio-core/context-runtime/src/ipc_manager.cc:2485 INFO 2483113 IncreaseClientShm IpcManager::IncreaseClientShm: Created allocator clio_2483092_62 with ID (2483092.62)[0m
[97m/home/cvazquezperezdelacru/clio-core/context-runtime/src/ipc_manager.cc:2440 INFO 2483113 IncreaseClientShm IpcManager::IncreaseClientShm: Creating clio_2483092_63 with size 147495216 (113940784 + 33554432 overhead)[0m
[97m/home/cvazquezperezdelacru/clio-core/context-runtime/src/ipc_manager.cc:2485 INFO 2483113 IncreaseClientShm IpcManager::IncreaseClientShm: Created allocator clio_2483092_63 with ID (2483092.63)[0m
[31m/home/cvazquezperezdelacru/clio-core/context-runtime/src/scheduler/default_sched.cc:726 ERROR 2483121 LoadBalance [HANGWATCH-HB] processed=37770 outstanding=62 (queued=62 blocked=0 retry=0 periodic=7) live=2 live_stalled=0[0m
[97m/home/cvazquezperezdelacru/clio-core/context-runtime/src/ipc_manager.cc:2440 INFO 2483113 IncreaseClientShm IpcManager::IncreaseClientShm: Creating clio_2483092_64 with size 153951008 (120396576 + 33554432 overhead)[0m
[97m/home/cvazquezperezdelacru/clio-core/context-runtime/src/ipc_manager.cc:2485 INFO 2483113 IncreaseClientShm IpcManager::IncreaseClientShm: Created allocator clio_2483092_64 with ID (2483092.64)[0m
[97m/home/cvazquezperezdelacru/clio-core/context-runtime/src/ipc_manager.cc:2440 INFO 2483113 IncreaseClientShm IpcManager::IncreaseClientShm: Creating clio_2483092_65 with size 133543616 (99989184 + 33554432 overhead)[0m
[97m/home/cvazquezperezdelacru/clio-core/context-runtime/src/ipc_manager.cc:2485 INFO 2483113 IncreaseClientShm IpcManager::IncreaseClientShm: Created allocator clio_2483092_65 with ID (2483092.65)[0m
[97m/home/cvazquezperezdelacru/clio-core/context-runtime/src/ipc_manager.cc:2440 INFO 2483113 IncreaseClientShm IpcManager::IncreaseClientShm: Creating clio_2483092_66 with size 141135616 (107581184 + 33554432 overhead)[0m
[97m/home/cvazquezperezdelacru/clio-core/context-runtime/src/ipc_manager.cc:2485 INFO 2483113 IncreaseClientShm IpcManager::IncreaseClientShm: Created allocator clio_2483092_66 with ID (2483092.66)[0m
[97m/home/cvazquezperezdelacru/clio-core/context-runtime/src/ipc_manager.cc:2440 INFO 2483113 IncreaseClientShm IpcManager::IncreaseClientShm: Creating clio_2483092_67 with size 144684608 (111130176 + 33554432 overhead)[0m
[97m/home/cvazquezperezdelacru/clio-core/context-runtime/src/ipc_manager.cc:2485 INFO 2483113 IncreaseClientShm IpcManager::IncreaseClientShm: Created allocator clio_2483092_67 with ID (2483092.67)[0m
[97m/home/cvazquezperezdelacru/clio-core/context-runtime/src/ipc_manager.cc:2440 INFO 2483113 IncreaseClientShm IpcManager::IncreaseClientShm: Creating clio_2483092_68 with size 147808512 (114254080 + 33554432 overhead)[0m
[97m/home/cvazquezperezdelacru/clio-core/context-runtime/src/ipc_manager.cc:2485 INFO 2483113 IncreaseClientShm IpcManager::IncreaseClientShm: Created allocator clio_2483092_68 with ID (2483092.68)[0m
[97m/home/cvazquezperezdelacru/clio-core/context-runtime/src/ipc_manager.cc:2440 INFO 2483113 IncreaseClientShm IpcManager::IncreaseClientShm: Creating clio_2483092_69 with size 147874816 (114320384 + 33554432 overhead)[0m
[97m/home/cvazquezperezdelacru/clio-core/context-runtime/src/ipc_manager.cc:2485 INFO 2483113 IncreaseClientShm IpcManager::IncreaseClientShm: Created allocator clio_2483092_69 with ID (2483092.69)[0m
[97m/home/cvazquezperezdelacru/clio-core/context-runtime/src/ipc_manager.cc:2440 INFO 2483113 IncreaseClientShm IpcManager::IncreaseClientShm: Creating clio_2483092_70 with size 135757512 (102203080 + 33554432 overhead)[0m
[97m/home/cvazquezperezdelacru/clio-core/context-runtime/src/ipc_manager.cc:2485 INFO 2483113 IncreaseClientShm IpcManager::IncreaseClientShm: Created allocator clio_2483092_70 with ID (2483092.70)[0m
[97m/home/cvazquezperezdelacru/clio-core/context-runtime/src/ipc_manager.cc:2440 INFO 2483113 IncreaseClientShm IpcManager::IncreaseClientShm: Creating clio_2483092_71 with size 139972112 (106417680 + 33554432 overhead)[0m
[97m/home/cvazquezperezdelacru/clio-core/context-runtime/src/ipc_manager.cc:2485 INFO 2483113 IncreaseClientShm IpcManager::IncreaseClientShm: Created allocator clio_2483092_71 with ID (2483092.71)[0m
[33m/home/cvazquezperezdelacru/clio-core/context-runtime/src/scheduler/default_sched.cc:430 WARNING 2483121 LoadBalance [#781 PDF] observed exec-time bins (cumulative): <10us=1901838 <50us=66393 <500us=4041 <10ms=15117 <50ms=470 <500ms=35 <1s=0 >=1s=0 | stalls_detected=0[0m
[33m/home/cvazquezperezdelacru/clio-core/context-runtime/src/scheduler/default_sched.cc:439 WARNING 2483121 LoadBalance [#785] lane rescues performed: 0[0m
[31m/home/cvazquezperezdelacru/clio-core/context-runtime/src/scheduler/default_sched.cc:726 ERROR 2483121 LoadBalance [HANGWATCH-HB] processed=39450 outstanding=60 (queued=60 blocked=0 retry=0 periodic=7) live=2 live_stalled=0[0m
[97m/home/cvazquezperezdelacru/clio-core/context-runtime/src/ipc_manager.cc:2440 INFO 2483113 IncreaseClientShm IpcManager::IncreaseClientShm: Creating clio_2483092_72 with size 143276712 (109722280 + 33554432 overhead)[0m
[97m/home/cvazquezperezdelacru/clio-core/context-runtime/src/ipc_manager.cc:2485 INFO 2483113 IncreaseClientShm IpcManager::IncreaseClientShm: Created allocator clio_2483092_72 with ID (2483092.72)[0m
[97m/home/cvazquezperezdelacru/clio-core/context-runtime/src/ipc_manager.cc:2440 INFO 2483113 IncreaseClientShm IpcManager::IncreaseClientShm: Creating clio_2483092_73 with size 145867616 (112313184 + 33554432 overhead)[0m
[97m/home/cvazquezperezdelacru/clio-core/context-runtime/src/ipc_manager.cc:2485 INFO 2483113 IncreaseClientShm IpcManager::IncreaseClientShm: Created allocator clio_2483092_73 with ID (2483092.73)[0m
[97m/home/cvazquezperezdelacru/clio-core/context-runtime/src/ipc_manager.cc:2440 INFO 2483113 IncreaseClientShm IpcManager::IncreaseClientShm: Creating clio_2483092_74 with size 149614208 (116059776 + 33554432 overhead)[0m
[97m/home/cvazquezperezdelacru/clio-core/context-runtime/src/ipc_manager.cc:2485 INFO 2483113 IncreaseClientShm IpcManager::IncreaseClientShm: Created allocator clio_2483092_74 with ID (2483092.74)[0m
[97m/home/cvazquezperezdelacru/clio-core/context-runtime/src/ipc_manager.cc:2440 INFO 2483113 IncreaseClientShm IpcManager::IncreaseClientShm: Creating clio_2483092_75 with size 146177008 (112622576 + 33554432 overhead)[0m
[97m/home/cvazquezperezdelacru/clio-core/context-runtime/src/ipc_manager.cc:2485 INFO 2483113 IncreaseClientShm IpcManager::IncreaseClientShm: Created allocator clio_2483092_75 with ID (2483092.75)[0m
[31m/home/cvazquezperezdelacru/clio-core/context-runtime/src/scheduler/default_sched.cc:726 ERROR 2483121 LoadBalance [HANGWATCH-HB] processed=41013 outstanding=22 (queued=22 blocked=0 retry=0 periodic=6) live=3 live_stalled=0[0m
[97m/mnt/common/cvazquezperezdelacru/IOWARP/faiss/contrib/iowarp/chimod/src/faiss_ivf_runtime.cc:300 INFO 2483115 Search faiss_ivf: Search nq=500 k=10 nprobe=128 unique_lists=8154[0m
[97m/home/cvazquezperezdelacru/clio-core/context-runtime/src/ipc_manager.cc:2440 INFO 2483115 IncreaseClientShm IpcManager::IncreaseClientShm: Creating clio_2483092_76 with size 142109312 (108554880 + 33554432 overhead)[0m
[97m/home/cvazquezperezdelacru/clio-core/context-runtime/src/ipc_manager.cc:2485 INFO 2483115 IncreaseClientShm IpcManager::IncreaseClientShm: Created allocator clio_2483092_76 with ID (2483092.76)[0m
[97m/home/cvazquezperezdelacru/clio-core/context-runtime/src/ipc_manager.cc:2440 INFO 2483115 IncreaseClientShm IpcManager::IncreaseClientShm: Creating clio_2483092_77 with size 155888016 (122333584 + 33554432 overhead)[0m
[97m/home/cvazquezperezdelacru/clio-core/context-runtime/src/ipc_manager.cc:2485 INFO 2483115 IncreaseClientShm IpcManager::IncreaseClientShm: Created allocator clio_2483092_77 with ID (2483092.77)[0m
[97m/home/cvazquezperezdelacru/clio-core/context-runtime/src/ipc_manager.cc:2440 INFO 2483115 IncreaseClientShm IpcManager::IncreaseClientShm: Creating clio_2483092_78 with size 149185216 (115630784 + 33554432 overhead)[0m
[97m/home/cvazquezperezdelacru/clio-core/context-runtime/src/ipc_manager.cc:2485 INFO 2483115 IncreaseClientShm IpcManager::IncreaseClientShm: Created allocator clio_2483092_78 with ID (2483092.78)[0m
[97m/home/cvazquezperezdelacru/clio-core/context-runtime/src/ipc_manager.cc:2440 INFO 2483115 IncreaseClientShm IpcManager::IncreaseClientShm: Creating clio_2483092_79 with size 142223712 (108669280 + 33554432 overhead)[0m
[97m/home/cvazquezperezdelacru/clio-core/context-runtime/src/ipc_manager.cc:2485 INFO 2483115 IncreaseClientShm IpcManager::IncreaseClientShm: Created allocator clio_2483092_79 with ID (2483092.79)[0m
[97m/home/cvazquezperezdelacru/clio-core/context-runtime/src/ipc_manager.cc:2440 INFO 2483115 IncreaseClientShm IpcManager::IncreaseClientShm: Creating clio_2483092_80 with size 135852416 (102297984 + 33554432 overhead)[0m
[97m/home/cvazquezperezdelacru/clio-core/context-runtime/src/ipc_manager.cc:2485 INFO 2483115 IncreaseClientShm IpcManager::IncreaseClientShm: Created allocator clio_2483092_80 with ID (2483092.80)[0m
[31m/home/cvazquezperezdelacru/clio-core/context-runtime/src/scheduler/default_sched.cc:726 ERROR 2483121 LoadBalance [HANGWATCH-HB] processed=42459 outstanding=56 (queued=56 blocked=0 retry=0 periodic=7) live=2 live_stalled=0[0m
[97m/home/cvazquezperezdelacru/clio-core/context-runtime/src/ipc_manager.cc:2440 INFO 2483115 IncreaseClientShm IpcManager::IncreaseClientShm: Creating clio_2483092_81 with size 143497712 (109943280 + 33554432 overhead)[0m
[97m/home/cvazquezperezdelacru/clio-core/context-runtime/src/ipc_manager.cc:2485 INFO 2483115 IncreaseClientShm IpcManager::IncreaseClientShm: Created allocator clio_2483092_81 with ID (2483092.81)[0m
[97m/home/cvazquezperezdelacru/clio-core/context-runtime/src/ipc_manager.cc:2440 INFO 2483115 IncreaseClientShm IpcManager::IncreaseClientShm: Creating clio_2483092_82 with size 140376416 (106821984 + 33554432 overhead)[0m
[97m/home/cvazquezperezdelacru/clio-core/context-runtime/src/ipc_manager.cc:2485 INFO 2483115 IncreaseClientShm IpcManager::IncreaseClientShm: Created allocator clio_2483092_82 with ID (2483092.82)[0m
[33m/home/cvazquezperezdelacru/clio-core/context-runtime/src/scheduler/default_sched.cc:430 WARNING 2483121 LoadBalance [#781 PDF] observed exec-time bins (cumulative): <10us=1969369 <50us=68513 <500us=4057 <10ms=16930 <50ms=533 <500ms=37 <1s=0 >=1s=1 | stalls_detected=0[0m
[33m/home/cvazquezperezdelacru/clio-core/context-runtime/src/scheduler/default_sched.cc:439 WARNING 2483121 LoadBalance [#785] lane rescues performed: 0[0m
[97m/home/cvazquezperezdelacru/clio-core/context-runtime/src/ipc_manager.cc:2440 INFO 2483115 IncreaseClientShm IpcManager::IncreaseClientShm: Creating clio_2483092_83 with size 133643712 (100089280 + 33554432 overhead)[0m
[97m/home/cvazquezperezdelacru/clio-core/context-runtime/src/ipc_manager.cc:2485 INFO 2483115 IncreaseClientShm IpcManager::IncreaseClientShm: Created allocator clio_2483092_83 with ID (2483092.83)[0m
[97m/home/cvazquezperezdelacru/clio-core/context-runtime/src/ipc_manager.cc:2440 INFO 2483115 IncreaseClientShm IpcManager::IncreaseClientShm: Creating clio_2483092_84 with size 136371112 (102816680 + 33554432 overhead)[0m
[97m/home/cvazquezperezdelacru/clio-core/context-runtime/src/ipc_manager.cc:2485 INFO 2483115 IncreaseClientShm IpcManager::IncreaseClientShm: Created allocator clio_2483092_84 with ID (2483092.84)[0m
[97m/home/cvazquezperezdelacru/clio-core/context-runtime/src/ipc_manager.cc:2440 INFO 2483115 IncreaseClientShm IpcManager::IncreaseClientShm: Creating clio_2483092_85 with size 142191216 (108636784 + 33554432 overhead)[0m
[97m/home/cvazquezperezdelacru/clio-core/context-runtime/src/ipc_manager.cc:2485 INFO 2483115 IncreaseClientShm IpcManager::IncreaseClientShm: Created allocator clio_2483092_85 with ID (2483092.85)[0m
[31m/home/cvazquezperezdelacru/clio-core/context-runtime/src/scheduler/default_sched.cc:726 ERROR 2483121 LoadBalance [HANGWATCH-HB] processed=43941 outstanding=60 (queued=60 blocked=0 retry=0 periodic=7) live=2 live_stalled=0[0m
[97m/home/cvazquezperezdelacru/clio-core/context-runtime/src/ipc_manager.cc:2440 INFO 2483115 IncreaseClientShm IpcManager::IncreaseClientShm: Creating clio_2483092_86 with size 134427616 (100873184 + 33554432 overhead)[0m
[97m/home/cvazquezperezdelacru/clio-core/context-runtime/src/ipc_manager.cc:2485 INFO 2483115 IncreaseClientShm IpcManager::IncreaseClientShm: Created allocator clio_2483092_86 with ID (2483092.86)[0m
[97m/home/cvazquezperezdelacru/clio-core/context-runtime/src/ipc_manager.cc:2440 INFO 2483115 IncreaseClientShm IpcManager::IncreaseClientShm: Creating clio_2483092_87 with size 141147312 (107592880 + 33554432 overhead)[0m
[97m/home/cvazquezperezdelacru/clio-core/context-runtime/src/ipc_manager.cc:2485 INFO 2483115 IncreaseClientShm IpcManager::IncreaseClientShm: Created allocator clio_2483092_87 with ID (2483092.87)[0m
[97m/home/cvazquezperezdelacru/clio-core/context-runtime/src/ipc_manager.cc:2440 INFO 2483115 IncreaseClientShm IpcManager::IncreaseClientShm: Creating clio_2483092_88 with size 135357112 (101802680 + 33554432 overhead)[0m
[97m/home/cvazquezperezdelacru/clio-core/context-runtime/src/ipc_manager.cc:2485 INFO 2483115 IncreaseClientShm IpcManager::IncreaseClientShm: Created allocator clio_2483092_88 with ID (2483092.88)[0m
[97m/home/cvazquezperezdelacru/clio-core/context-runtime/src/ipc_manager.cc:2440 INFO 2483115 IncreaseClientShm IpcManager::IncreaseClientShm: Creating clio_2483092_89 with size 138263912 (104709480 + 33554432 overhead)[0m
[97m/home/cvazquezperezdelacru/clio-core/context-runtime/src/ipc_manager.cc:2485 INFO 2483115 IncreaseClientShm IpcManager::IncreaseClientShm: Created allocator clio_2483092_89 with ID (2483092.89)[0m
[31m/home/cvazquezperezdelacru/clio-core/context-runtime/src/scheduler/default_sched.cc:726 ERROR 2483121 LoadBalance [HANGWATCH-HB] processed=45438 outstanding=49 (queued=49 blocked=0 retry=0 periodic=7) live=4 live_stalled=0[0m
[97m/home/cvazquezperezdelacru/clio-core/context-runtime/src/ipc_manager.cc:2440 INFO 2483115 IncreaseClientShm IpcManager::IncreaseClientShm: Creating clio_2483092_90 with size 157809408 (124254976 + 33554432 overhead)[0m
[97m/home/cvazquezperezdelacru/clio-core/context-runtime/src/ipc_manager.cc:2485 INFO 2483115 IncreaseClientShm IpcManager::IncreaseClientShm: Created allocator clio_2483092_90 with ID (2483092.90)[0m
[97m/home/cvazquezperezdelacru/clio-core/context-runtime/src/ipc_manager.cc:2440 INFO 2483115 IncreaseClientShm IpcManager::IncreaseClientShm: Creating clio_2483092_91 with size 144801616 (111247184 + 33554432 overhead)[0m
[97m/home/cvazquezperezdelacru/clio-core/context-runtime/src/ipc_manager.cc:2485 INFO 2483115 IncreaseClientShm IpcManager::IncreaseClientShm: Created allocator clio_2483092_91 with ID (2483092.91)[0m
[97m/home/cvazquezperezdelacru/clio-core/context-runtime/src/ipc_manager.cc:2440 INFO 2483115 IncreaseClientShm IpcManager::IncreaseClientShm: Creating clio_2483092_92 with size 137831008 (104276576 + 33554432 overhead)[0m
[97m/home/cvazquezperezdelacru/clio-core/context-runtime/src/ipc_manager.cc:2485 INFO 2483115 IncreaseClientShm IpcManager::IncreaseClientShm: Created allocator clio_2483092_92 with ID (2483092.92)[0m
[97m/home/cvazquezperezdelacru/clio-core/context-runtime/src/ipc_manager.cc:2440 INFO 2483115 IncreaseClientShm IpcManager::IncreaseClientShm: Creating clio_2483092_93 with size 141312416 (107757984 + 33554432 overhead)[0m
[97m/home/cvazquezperezdelacru/clio-core/context-runtime/src/ipc_manager.cc:2485 INFO 2483115 IncreaseClientShm IpcManager::IncreaseClientShm: Created allocator clio_2483092_93 with ID (2483092.93)[0m
[97m/home/cvazquezperezdelacru/clio-core/context-runtime/src/ipc_manager.cc:2440 INFO 2483115 IncreaseClientShm IpcManager::IncreaseClientShm: Creating clio_2483092_94 with size 139680912 (106126480 + 33554432 overhead)[0m
[97m/home/cvazquezperezdelacru/clio-core/context-runtime/src/ipc_manager.cc:2485 INFO 2483115 IncreaseClientShm IpcManager::IncreaseClientShm: Created allocator clio_2483092_94 with ID (2483092.94)[0m
[97m/home/cvazquezperezdelacru/clio-core/context-runtime/src/ipc_manager.cc:2440 INFO 2483115 IncreaseClientShm IpcManager::IncreaseClientShm: Creating clio_2483092_95 with size 139389712 (105835280 + 33554432 overhead)[0m
[97m/home/cvazquezperezdelacru/clio-core/context-runtime/src/ipc_manager.cc:2485 INFO 2483115 IncreaseClientShm IpcManager::IncreaseClientShm: Created allocator clio_2483092_95 with ID (2483092.95)[0m
[33m/home/cvazquezperezdelacru/clio-core/context-runtime/src/scheduler/default_sched.cc:430 WARNING 2483121 LoadBalance [#781 PDF] observed exec-time bins (cumulative): <10us=2037701 <50us=70796 <500us=4080 <10ms=18790 <50ms=591 <500ms=37 <1s=0 >=1s=1 | stalls_detected=0[0m
[33m/home/cvazquezperezdelacru/clio-core/context-runtime/src/scheduler/default_sched.cc:439 WARNING 2483121 LoadBalance [#785] lane rescues performed: 0[0m
[31m/home/cvazquezperezdelacru/clio-core/context-runtime/src/scheduler/default_sched.cc:726 ERROR 2483121 LoadBalance [HANGWATCH-HB] processed=47056 outstanding=53 (queued=53 blocked=0 retry=0 periodic=7) live=4 live_stalled=0[0m
[97m/home/cvazquezperezdelacru/clio-core/context-runtime/src/ipc_manager.cc:2440 INFO 2483115 IncreaseClientShm IpcManager::IncreaseClientShm: Creating clio_2483092_96 with size 138627912 (105073480 + 33554432 overhead)[0m
[97m/home/cvazquezperezdelacru/clio-core/context-runtime/src/ipc_manager.cc:2485 INFO 2483115 IncreaseClientShm IpcManager::IncreaseClientShm: Created allocator clio_2483092_96 with ID (2483092.96)[0m
[97m/home/cvazquezperezdelacru/clio-core/context-runtime/src/ipc_manager.cc:2440 INFO 2483115 IncreaseClientShm IpcManager::IncreaseClientShm: Creating clio_2483092_97 with size 134711008 (101156576 + 33554432 overhead)[0m
[97m/home/cvazquezperezdelacru/clio-core/context-runtime/src/ipc_manager.cc:2485 INFO 2483115 IncreaseClientShm IpcManager::IncreaseClientShm: Created allocator clio_2483092_97 with ID (2483092.97)[0m
[97m/home/cvazquezperezdelacru/clio-core/context-runtime/src/ipc_manager.cc:2440 INFO 2483115 IncreaseClientShm IpcManager::IncreaseClientShm: Creating clio_2483092_98 with size 146078208 (112523776 + 33554432 overhead)[0m
[97m/home/cvazquezperezdelacru/clio-core/context-runtime/src/ipc_manager.cc:2485 INFO 2483115 IncreaseClientShm IpcManager::IncreaseClientShm: Created allocator clio_2483092_98 with ID (2483092.98)[0m
[97m/home/cvazquezperezdelacru/clio-core/context-runtime/src/ipc_manager.cc:2440 INFO 2483115 IncreaseClientShm IpcManager::IncreaseClientShm: Creating clio_2483092_99 with size 143027112 (109472680 + 33554432 overhead)[0m
[97m/home/cvazquezperezdelacru/clio-core/context-runtime/src/ipc_manager.cc:2485 INFO 2483115 IncreaseClientShm IpcManager::IncreaseClientShm: Created allocator clio_2483092_99 with ID (2483092.99)[0m
[97m/home/cvazquezperezdelacru/clio-core/context-runtime/src/ipc_manager.cc:2440 INFO 2483115 IncreaseClientShm IpcManager::IncreaseClientShm: Creating clio_2483092_100 with size 140343912 (106789480 + 33554432 overhead)[0m
[97m/home/cvazquezperezdelacru/clio-core/context-runtime/src/ipc_manager.cc:2485 INFO 2483115 IncreaseClientShm IpcManager::IncreaseClientShm: Created allocator clio_2483092_100 with ID (2483092.100)[0m
[31m/home/cvazquezperezdelacru/clio-core/context-runtime/src/scheduler/default_sched.cc:726 ERROR 2483121 LoadBalance [HANGWATCH-HB] processed=48456 outstanding=56 (queued=56 blocked=0 retry=0 periodic=7) live=3 live_stalled=0[0m
[97m/home/cvazquezperezdelacru/clio-core/context-runtime/src/ipc_manager.cc:2440 INFO 2483115 IncreaseClientShm IpcManager::IncreaseClientShm: Creating clio_2483092_101 with size 142647512 (109093080 + 33554432 overhead)[0m
[97m/home/cvazquezperezdelacru/clio-core/context-runtime/src/ipc_manager.cc:2485 INFO 2483115 IncreaseClientShm IpcManager::IncreaseClientShm: Created allocator clio_2483092_101 with ID (2483092.101)[0m
[97m/home/cvazquezperezdelacru/clio-core/context-runtime/src/ipc_manager.cc:2440 INFO 2483115 IncreaseClientShm IpcManager::IncreaseClientShm: Creating clio_2483092_102 with size 145055112 (111500680 + 33554432 overhead)[0m
[97m/home/cvazquezperezdelacru/clio-core/context-runtime/src/ipc_manager.cc:2485 INFO 2483115 IncreaseClientShm IpcManager::IncreaseClientShm: Created allocator clio_2483092_102 with ID (2483092.102)[0m
[97m/home/cvazquezperezdelacru/clio-core/context-runtime/src/ipc_manager.cc:2440 INFO 2483115 IncreaseClientShm IpcManager::IncreaseClientShm: Creating clio_2483092_103 with size 143630312 (110075880 + 33554432 overhead)[0m
[97m/home/cvazquezperezdelacru/clio-core/context-runtime/src/ipc_manager.cc:2485 INFO 2483115 IncreaseClientShm IpcManager::IncreaseClientShm: Created allocator clio_2483092_103 with ID (2483092.103)[0m
[97m/home/cvazquezperezdelacru/clio-core/context-runtime/src/ipc_manager.cc:2440 INFO 2483115 IncreaseClientShm IpcManager::IncreaseClientShm: Creating clio_2483092_104 with size 156167512 (122613080 + 33554432 overhead)[0m
[97m/home/cvazquezperezdelacru/clio-core/context-runtime/src/ipc_manager.cc:2485 INFO 2483115 IncreaseClientShm IpcManager::IncreaseClientShm: Created allocator clio_2483092_104 with ID (2483092.104)[0m
[97m/home/cvazquezperezdelacru/clio-core/context-runtime/src/ipc_manager.cc:2440 INFO 2483115 IncreaseClientShm IpcManager::IncreaseClientShm: Creating clio_2483092_105 with size 139515808 (105961376 + 33554432 overhead)[0m
[97m/home/cvazquezperezdelacru/clio-core/context-runtime/src/ipc_manager.cc:2485 INFO 2483115 IncreaseClientShm IpcManager::IncreaseClientShm: Created allocator clio_2483092_105 with ID (2483092.105)[0m
[97m/home/cvazquezperezdelacru/clio-core/context-runtime/src/ipc_manager.cc:2440 INFO 2483115 IncreaseClientShm IpcManager::IncreaseClientShm: Creating clio_2483092_106 with size 137720512 (104166080 + 33554432 overhead)[0m
[97m/home/cvazquezperezdelacru/clio-core/context-runtime/src/ipc_manager.cc:2485 INFO 2483115 IncreaseClientShm IpcManager::IncreaseClientShm: Created allocator clio_2483092_106 with ID (2483092.106)[0m
[97m/home/cvazquezperezdelacru/clio-core/context-runtime/src/ipc_manager.cc:2440 INFO 2483115 IncreaseClientShm IpcManager::IncreaseClientShm: Creating clio_2483092_107 with size 139485912 (105931480 + 33554432 overhead)[0m
[97m/home/cvazquezperezdelacru/clio-core/context-runtime/src/ipc_manager.cc:2485 INFO 2483115 IncreaseClientShm IpcManager::IncreaseClientShm: Created allocator clio_2483092_107 with ID (2483092.107)[0m
[31m/home/cvazquezperezdelacru/clio-core/context-runtime/src/scheduler/default_sched.cc:726 ERROR 2483121 LoadBalance [HANGWATCH-HB] processed=50170 outstanding=60 (queued=60 blocked=0 retry=0 periodic=6) live=3 live_stalled=0[0m
[97m/home/cvazquezperezdelacru/clio-core/context-runtime/src/ipc_manager.cc:2440 INFO 2483115 IncreaseClientShm IpcManager::IncreaseClientShm: Creating clio_2483092_108 with size 140212608 (106658176 + 33554432 overhead)[0m
[97m/home/cvazquezperezdelacru/clio-core/context-runtime/src/ipc_manager.cc:2485 INFO 2483115 IncreaseClientShm IpcManager::IncreaseClientShm: Created allocator clio_2483092_108 with ID (2483092.108)[0m
[97m/home/cvazquezperezdelacru/clio-core/context-runtime/src/ipc_manager.cc:2440 INFO 2483115 IncreaseClientShm IpcManager::IncreaseClientShm: Creating clio_2483092_109 with size 138146912 (104592480 + 33554432 overhead)[0m
[97m/home/cvazquezperezdelacru/clio-core/context-runtime/src/ipc_manager.cc:2485 INFO 2483115 IncreaseClientShm IpcManager::IncreaseClientShm: Created allocator clio_2483092_109 with ID (2483092.109)[0m
[97m/home/cvazquezperezdelacru/clio-core/context-runtime/src/ipc_manager.cc:2440 INFO 2483115 IncreaseClientShm IpcManager::IncreaseClientShm: Creating clio_2483092_110 with size 146507216 (112952784 + 33554432 overhead)[0m
[97m/home/cvazquezperezdelacru/clio-core/context-runtime/src/ipc_manager.cc:2485 INFO 2483115 IncreaseClientShm IpcManager::IncreaseClientShm: Created allocator clio_2483092_110 with ID (2483092.110)[0m
[33m/home/cvazquezperezdelacru/clio-core/context-runtime/src/scheduler/default_sched.cc:430 WARNING 2483121 LoadBalance [#781 PDF] observed exec-time bins (cumulative): <10us=2106669 <50us=72961 <500us=4105 <10ms=20644 <50ms=685 <500ms=37 <1s=0 >=1s=1 | stalls_detected=0[0m
[33m/home/cvazquezperezdelacru/clio-core/context-runtime/src/scheduler/default_sched.cc:439 WARNING 2483121 LoadBalance [#785] lane rescues performed: 0[0m
[31m/home/cvazquezperezdelacru/clio-core/context-runtime/src/scheduler/default_sched.cc:726 ERROR 2483121 LoadBalance [HANGWATCH-HB] processed=51808 outstanding=43 (queued=43 blocked=0 retry=0 periodic=7) live=2 live_stalled=0[0m
[97m/home/cvazquezperezdelacru/clio-core/context-runtime/src/ipc_manager.cc:2440 INFO 2483115 IncreaseClientShm IpcManager::IncreaseClientShm: Creating clio_2483092_111 with size 135847216 (102292784 + 33554432 overhead)[0m
[97m/home/cvazquezperezdelacru/clio-core/context-runtime/src/ipc_manager.cc:2485 INFO 2483115 IncreaseClientShm IpcManager::IncreaseClientShm: Created allocator clio_2483092_111 with ID (2483092.111)[0m
[97m/home/cvazquezperezdelacru/clio-core/context-runtime/src/ipc_manager.cc:2440 INFO 2483115 IncreaseClientShm IpcManager::IncreaseClientShm: Creating clio_2483092_112 with size 141125216 (107570784 + 33554432 overhead)[0m
[97m/home/cvazquezperezdelacru/clio-core/context-runtime/src/ipc_manager.cc:2485 INFO 2483115 IncreaseClientShm IpcManager::IncreaseClientShm: Created allocator clio_2483092_112 with ID (2483092.112)[0m
[97m/home/cvazquezperezdelacru/clio-core/context-runtime/src/ipc_manager.cc:2440 INFO 2483115 IncreaseClientShm IpcManager::IncreaseClientShm: Creating clio_2483092_113 with size 148345408 (114790976 + 33554432 overhead)[0m
[97m/home/cvazquezperezdelacru/clio-core/context-runtime/src/ipc_manager.cc:2485 INFO 2483115 IncreaseClientShm IpcManager::IncreaseClientShm: Created allocator clio_2483092_113 with ID (2483092.113)[0m
[97m/home/cvazquezperezdelacru/clio-core/context-runtime/src/ipc_manager.cc:2440 INFO 2483115 IncreaseClientShm IpcManager::IncreaseClientShm: Creating clio_2483092_114 with size 136355512 (102801080 + 33554432 overhead)[0m
[97m/home/cvazquezperezdelacru/clio-core/context-runtime/src/ipc_manager.cc:2485 INFO 2483115 IncreaseClientShm IpcManager::IncreaseClientShm: Created allocator clio_2483092_114 with ID (2483092.114)[0m
[97m/home/cvazquezperezdelacru/clio-core/context-runtime/src/ipc_manager.cc:2440 INFO 2483115 IncreaseClientShm IpcManager::IncreaseClientShm: Creating clio_2483092_115 with size 141081008 (107526576 + 33554432 overhead)[0m
[97m/home/cvazquezperezdelacru/clio-core/context-runtime/src/ipc_manager.cc:2485 INFO 2483115 IncreaseClientShm IpcManager::IncreaseClientShm: Created allocator clio_2483092_115 with ID (2483092.115)[0m
[31m/home/cvazquezperezdelacru/clio-core/context-runtime/src/scheduler/default_sched.cc:726 ERROR 2483121 LoadBalance [HANGWATCH-HB] processed=53279 outstanding=46 (queued=46 blocked=0 retry=0 periodic=7) live=2 live_stalled=0[0m
[97m/home/cvazquezperezdelacru/clio-core/context-runtime/src/ipc_manager.cc:2440 INFO 2483115 IncreaseClientShm IpcManager::IncreaseClientShm: Creating clio_2483092_116 with size 138153408 (104598976 + 33554432 overhead)[0m
[97m/home/cvazquezperezdelacru/clio-core/context-runtime/src/ipc_manager.cc:2485 INFO 2483115 IncreaseClientShm IpcManager::IncreaseClientShm: Created allocator clio_2483092_116 with ID (2483092.116)[0m
[97m/home/cvazquezperezdelacru/clio-core/context-runtime/src/ipc_manager.cc:2440 INFO 2483115 IncreaseClientShm IpcManager::IncreaseClientShm: Creating clio_2483092_117 with size 147495216 (113940784 + 33554432 overhead)[0m
[97m/home/cvazquezperezdelacru/clio-core/context-runtime/src/ipc_manager.cc:2485 INFO 2483115 IncreaseClientShm IpcManager::IncreaseClientShm: Created allocator clio_2483092_117 with ID (2483092.117)[0m
[97m/home/cvazquezperezdelacru/clio-core/context-runtime/src/ipc_manager.cc:2440 INFO 2483115 IncreaseClientShm IpcManager::IncreaseClientShm: Creating clio_2483092_118 with size 153951008 (120396576 + 33554432 overhead)[0m
[97m/home/cvazquezperezdelacru/clio-core/context-runtime/src/ipc_manager.cc:2485 INFO 2483115 IncreaseClientShm IpcManager::IncreaseClientShm: Created allocator clio_2483092_118 with ID (2483092.118)[0m
[33m/home/cvazquezperezdelacru/clio-core/context-runtime/src/scheduler/default_sched.cc:430 WARNING 2483121 LoadBalance [#781 PDF] observed exec-time bins (cumulative): <10us=2179712 <50us=75100 <500us=4126 <10ms=22454 <50ms=738 <500ms=37 <1s=0 >=1s=1 | stalls_detected=0[0m
[33m/home/cvazquezperezdelacru/clio-core/context-runtime/src/scheduler/default_sched.cc:439 WARNING 2483121 LoadBalance [#785] lane rescues performed: 0[0m
[31m/home/cvazquezperezdelacru/clio-core/context-runtime/src/scheduler/default_sched.cc:726 ERROR 2483121 LoadBalance [HANGWATCH-HB] processed=54703 outstanding=53 (queued=53 blocked=0 retry=0 periodic=7) live=2 live_stalled=0[0m
[97m/home/cvazquezperezdelacru/clio-core/context-runtime/src/ipc_manager.cc:2440 INFO 2483115 IncreaseClientShm IpcManager::IncreaseClientShm: Creating clio_2483092_119 with size 138908712 (105354280 + 33554432 overhead)[0m
[97m/home/cvazquezperezdelacru/clio-core/context-runtime/src/ipc_manager.cc:2485 INFO 2483115 IncreaseClientShm IpcManager::IncreaseClientShm: Created allocator clio_2483092_119 with ID (2483092.119)[0m
[97m/home/cvazquezperezdelacru/clio-core/context-runtime/src/ipc_manager.cc:2440 INFO 2483115 IncreaseClientShm IpcManager::IncreaseClientShm: Creating clio_2483092_120 with size 147808512 (114254080 + 33554432 overhead)[0m
[97m/home/cvazquezperezdelacru/clio-core/context-runtime/src/ipc_manager.cc:2485 INFO 2483115 IncreaseClientShm IpcManager::IncreaseClientShm: Created allocator clio_2483092_120 with ID (2483092.120)[0m
[97m/home/cvazquezperezdelacru/clio-core/context-runtime/src/ipc_manager.cc:2440 INFO 2483115 IncreaseClientShm IpcManager::IncreaseClientShm: Creating clio_2483092_121 with size 144537712 (110983280 + 33554432 overhead)[0m
[97m/home/cvazquezperezdelacru/clio-core/context-runtime/src/ipc_manager.cc:2485 INFO 2483115 IncreaseClientShm IpcManager::IncreaseClientShm: Created allocator clio_2483092_121 with ID (2483092.121)[0m
[31m/home/cvazquezperezdelacru/clio-core/context-runtime/src/scheduler/default_sched.cc:726 ERROR 2483121 LoadBalance [HANGWATCH-HB] processed=56187 outstanding=34 (queued=34 blocked=0 retry=0 periodic=6) live=3 live_stalled=0[0m
[97m/home/cvazquezperezdelacru/clio-core/context-runtime/src/ipc_manager.cc:2440 INFO 2483115 IncreaseClientShm IpcManager::IncreaseClientShm: Creating clio_2483092_122 with size 145867616 (112313184 + 33554432 overhead)[0m
[97m/home/cvazquezperezdelacru/clio-core/context-runtime/src/ipc_manager.cc:2485 INFO 2483115 IncreaseClientShm IpcManager::IncreaseClientShm: Created allocator clio_2483092_122 with ID (2483092.122)[0m
[97m/home/cvazquezperezdelacru/clio-core/context-runtime/src/ipc_manager.cc:2440 INFO 2483115 IncreaseClientShm IpcManager::IncreaseClientShm: Creating clio_2483092_123 with size 142837312 (109282880 + 33554432 overhead)[0m
[97m/home/cvazquezperezdelacru/clio-core/context-runtime/src/ipc_manager.cc:2485 INFO 2483115 IncreaseClientShm IpcManager::IncreaseClientShm: Created allocator clio_2483092_123 with ID (2483092.123)[0m
[97m/home/cvazquezperezdelacru/clio-core/context-runtime/src/ipc_manager.cc:2440 INFO 2483115 IncreaseClientShm IpcManager::IncreaseClientShm: Creating clio_2483092_124 with size 149614208 (116059776 + 33554432 overhead)[0m
[97m/home/cvazquezperezdelacru/clio-core/context-runtime/src/ipc_manager.cc:2485 INFO 2483115 IncreaseClientShm IpcManager::IncreaseClientShm: Created allocator clio_2483092_124 with ID (2483092.124)[0m
[97m/mnt/common/cvazquezperezdelacru/IOWARP/faiss/contrib/iowarp/chimod/src/faiss_ivf_runtime.cc:300 INFO 2483117 Search faiss_ivf: Search nq=500 k=10 nprobe=128 unique_lists=8154[0m
[97m/home/cvazquezperezdelacru/clio-core/context-runtime/src/ipc_manager.cc:2440 INFO 2483117 IncreaseClientShm IpcManager::IncreaseClientShm: Creating clio_2483092_125 with size 141738816 (108184384 + 33554432 overhead)[0m
[97m/home/cvazquezperezdelacru/clio-core/context-runtime/src/ipc_manager.cc:2485 INFO 2483117 IncreaseClientShm IpcManager::IncreaseClientShm: Created allocator clio_2483092_125 with ID (2483092.125)[0m
[97m/home/cvazquezperezdelacru/clio-core/context-runtime/src/ipc_manager.cc:2440 INFO 2483117 IncreaseClientShm IpcManager::IncreaseClientShm: Creating clio_2483092_126 with size 142109312 (108554880 + 33554432 overhead)[0m
[97m/home/cvazquezperezdelacru/clio-core/context-runtime/src/ipc_manager.cc:2485 INFO 2483117 IncreaseClientShm IpcManager::IncreaseClientShm: Created allocator clio_2483092_126 with ID (2483092.126)[0m
[31m/home/cvazquezperezdelacru/clio-core/context-runtime/src/scheduler/default_sched.cc:726 ERROR 2483121 LoadBalance [HANGWATCH-HB] processed=57568 outstanding=61 (queued=61 blocked=0 retry=0 periodic=7) live=2 live_stalled=0[0m
[97m/home/cvazquezperezdelacru/clio-core/context-runtime/src/ipc_manager.cc:2440 INFO 2483117 IncreaseClientShm IpcManager::IncreaseClientShm: Creating clio_2483092_127 with size 155888016 (122333584 + 33554432 overhead)[0m
[97m/home/cvazquezperezdelacru/clio-core/context-runtime/src/ipc_manager.cc:2485 INFO 2483117 IncreaseClientShm IpcManager::IncreaseClientShm: Created allocator clio_2483092_127 with ID (2483092.127)[0m
[97m/home/cvazquezperezdelacru/clio-core/context-runtime/src/ipc_manager.cc:2440 INFO 2483117 IncreaseClientShm IpcManager::IncreaseClientShm: Creating clio_2483092_128 with size 149185216 (115630784 + 33554432 overhead)[0m
[97m/home/cvazquezperezdelacru/clio-core/context-runtime/src/ipc_manager.cc:2485 INFO 2483117 IncreaseClientShm IpcManager::IncreaseClientShm: Created allocator clio_2483092_128 with ID (2483092.128)[0m
[33m/home/cvazquezperezdelacru/clio-core/context-runtime/src/scheduler/default_sched.cc:430 WARNING 2483121 LoadBalance [#781 PDF] observed exec-time bins (cumulative): <10us=2246912 <50us=77200 <500us=4152 <10ms=24152 <50ms=809 <500ms=37 <1s=0 >=1s=2 | stalls_detected=0[0m
[33m/home/cvazquezperezdelacru/clio-core/context-runtime/src/scheduler/default_sched.cc:439 WARNING 2483121 LoadBalance [#785] lane rescues performed: 0[0m
[97m/home/cvazquezperezdelacru/clio-core/context-runtime/src/ipc_manager.cc:2440 INFO 2483117 IncreaseClientShm IpcManager::IncreaseClientShm: Creating clio_2483092_129 with size 143497712 (109943280 + 33554432 overhead)[0m
[97m/home/cvazquezperezdelacru/clio-core/context-runtime/src/ipc_manager.cc:2485 INFO 2483117 IncreaseClientShm IpcManager::IncreaseClientShm: Created allocator clio_2483092_129 with ID (2483092.129)[0m
[31m/home/cvazquezperezdelacru/clio-core/context-runtime/src/scheduler/default_sched.cc:726 ERROR 2483121 LoadBalance [HANGWATCH-HB] processed=59123 outstanding=35 (queued=35 blocked=0 retry=0 periodic=7) live=2 live_stalled=0[0m
[97m/home/cvazquezperezdelacru/clio-core/context-runtime/src/ipc_manager.cc:2440 INFO 2483117 IncreaseClientShm IpcManager::IncreaseClientShm: Creating clio_2483092_130 with size 142191216 (108636784 + 33554432 overhead)[0m
[97m/home/cvazquezperezdelacru/clio-core/context-runtime/src/ipc_manager.cc:2485 INFO 2483117 IncreaseClientShm IpcManager::IncreaseClientShm: Created allocator clio_2483092_130 with ID (2483092.130)[0m
[97m/home/cvazquezperezdelacru/clio-core/context-runtime/src/ipc_manager.cc:2440 INFO 2483117 IncreaseClientShm IpcManager::IncreaseClientShm: Creating clio_2483092_131 with size 141147312 (107592880 + 33554432 overhead)[0m
[97m/home/cvazquezperezdelacru/clio-core/context-runtime/src/ipc_manager.cc:2485 INFO 2483117 IncreaseClientShm IpcManager::IncreaseClientShm: Created allocator clio_2483092_131 with ID (2483092.131)[0m
[31m/home/cvazquezperezdelacru/clio-core/context-runtime/src/scheduler/default_sched.cc:726 ERROR 2483121 LoadBalance [HANGWATCH-HB] processed=60696 outstanding=47 (queued=47 blocked=0 retry=0 periodic=6) live=3 live_stalled=0[0m
[97m/home/cvazquezperezdelacru/clio-core/context-runtime/src/ipc_manager.cc:2440 INFO 2483117 IncreaseClientShm IpcManager::IncreaseClientShm: Creating clio_2483092_132 with size 151252208 (117697776 + 33554432 overhead)[0m
[97m/home/cvazquezperezdelacru/clio-core/context-runtime/src/ipc_manager.cc:2485 INFO 2483117 IncreaseClientShm IpcManager::IncreaseClientShm: Created allocator clio_2483092_132 with ID (2483092.132)[0m
[97m/home/cvazquezperezdelacru/clio-core/context-runtime/src/ipc_manager.cc:2440 INFO 2483117 IncreaseClientShm IpcManager::IncreaseClientShm: Creating clio_2483092_133 with size 147010312 (113455880 + 33554432 overhead)[0m
[97m/home/cvazquezperezdelacru/clio-core/context-runtime/src/ipc_manager.cc:2485 INFO 2483117 IncreaseClientShm IpcManager::IncreaseClientShm: Created allocator clio_2483092_133 with ID (2483092.133)[0m
[97m/home/cvazquezperezdelacru/clio-core/context-runtime/src/ipc_manager.cc:2440 INFO 2483117 IncreaseClientShm IpcManager::IncreaseClientShm: Creating clio_2483092_134 with size 147930712 (114376280 + 33554432 overhead)[0m
[97m/home/cvazquezperezdelacru/clio-core/context-runtime/src/ipc_manager.cc:2485 INFO 2483117 IncreaseClientShm IpcManager::IncreaseClientShm: Created allocator clio_2483092_134 with ID (2483092.134)[0m
[97m/home/cvazquezperezdelacru/clio-core/context-runtime/src/ipc_manager.cc:2440 INFO 2483117 IncreaseClientShm IpcManager::IncreaseClientShm: Creating clio_2483092_135 with size 157809408 (124254976 + 33554432 overhead)[0m
[97m/home/cvazquezperezdelacru/clio-core/context-runtime/src/ipc_manager.cc:2485 INFO 2483117 IncreaseClientShm IpcManager::IncreaseClientShm: Created allocator clio_2483092_135 with ID (2483092.135)[0m
[33m/home/cvazquezperezdelacru/clio-core/context-runtime/src/scheduler/default_sched.cc:430 WARNING 2483121 LoadBalance [#781 PDF] observed exec-time bins (cumulative): <10us=2315822 <50us=79438 <500us=4170 <10ms=26051 <50ms=855 <500ms=37 <1s=0 >=1s=2 | stalls_detected=0[0m
[33m/home/cvazquezperezdelacru/clio-core/context-runtime/src/scheduler/default_sched.cc:439 WARNING 2483121 LoadBalance [#785] lane rescues performed: 0[0m
[31m/home/cvazquezperezdelacru/clio-core/context-runtime/src/scheduler/default_sched.cc:726 ERROR 2483121 LoadBalance [HANGWATCH-HB] processed=62144 outstanding=46 (queued=46 blocked=0 retry=0 periodic=7) live=2 live_stalled=0[0m
[97m/home/cvazquezperezdelacru/clio-core/context-runtime/src/ipc_manager.cc:2440 INFO 2483117 IncreaseClientShm IpcManager::IncreaseClientShm: Creating clio_2483092_136 with size 141312416 (107757984 + 33554432 overhead)[0m
[97m/home/cvazquezperezdelacru/clio-core/context-runtime/src/ipc_manager.cc:2485 INFO 2483117 IncreaseClientShm IpcManager::IncreaseClientShm: Created allocator clio_2483092_136 with ID (2483092.136)[0m
[31m/home/cvazquezperezdelacru/clio-core/context-runtime/src/scheduler/default_sched.cc:726 ERROR 2483121 LoadBalance [HANGWATCH-HB] processed=63676 outstanding=61 (queued=61 blocked=0 retry=0 periodic=6) live=2 live_stalled=0[0m
[97m/home/cvazquezperezdelacru/clio-core/context-runtime/src/ipc_manager.cc:2440 INFO 2483117 IncreaseClientShm IpcManager::IncreaseClientShm: Creating clio_2483092_137 with size 142534416 (108979984 + 33554432 overhead)[0m
[97m/home/cvazquezperezdelacru/clio-core/context-runtime/src/ipc_manager.cc:2485 INFO 2483117 IncreaseClientShm IpcManager::IncreaseClientShm: Created allocator clio_2483092_137 with ID (2483092.137)[0m
[97m/home/cvazquezperezdelacru/clio-core/context-runtime/src/ipc_manager.cc:2440 INFO 2483117 IncreaseClientShm IpcManager::IncreaseClientShm: Creating clio_2483092_138 with size 143176608 (109622176 + 33554432 overhead)[0m
[97m/home/cvazquezperezdelacru/clio-core/context-runtime/src/ipc_manager.cc:2485 INFO 2483117 IncreaseClientShm IpcManager::IncreaseClientShm: Created allocator clio_2483092_138 with ID (2483092.138)[0m
[97m/home/cvazquezperezdelacru/clio-core/context-runtime/src/ipc_manager.cc:2440 INFO 2483117 IncreaseClientShm IpcManager::IncreaseClientShm: Creating clio_2483092_139 with size 143496416 (109941984 + 33554432 overhead)[0m
[97m/home/cvazquezperezdelacru/clio-core/context-runtime/src/ipc_manager.cc:2485 INFO 2483117 IncreaseClientShm IpcManager::IncreaseClientShm: Created allocator clio_2483092_139 with ID (2483092.139)[0m
[97m/home/cvazquezperezdelacru/clio-core/context-runtime/src/ipc_manager.cc:2440 INFO 2483117 IncreaseClientShm IpcManager::IncreaseClientShm: Creating clio_2483092_140 with size 145055112 (111500680 + 33554432 overhead)[0m
[97m/home/cvazquezperezdelacru/clio-core/context-runtime/src/ipc_manager.cc:2485 INFO 2483117 IncreaseClientShm IpcManager::IncreaseClientShm: Created allocator clio_2483092_140 with ID (2483092.140)[0m
[31m/home/cvazquezperezdelacru/clio-core/context-runtime/src/scheduler/default_sched.cc:726 ERROR 2483121 LoadBalance [HANGWATCH-HB] processed=65096 outstanding=47 (queued=47 blocked=0 retry=0 periodic=7) live=3 live_stalled=0[0m
[97m/home/cvazquezperezdelacru/clio-core/context-runtime/src/ipc_manager.cc:2440 INFO 2483117 IncreaseClientShm IpcManager::IncreaseClientShm: Creating clio_2483092_141 with size 143630312 (110075880 + 33554432 overhead)[0m
[97m/home/cvazquezperezdelacru/clio-core/context-runtime/src/ipc_manager.cc:2485 INFO 2483117 IncreaseClientShm IpcManager::IncreaseClientShm: Created allocator clio_2483092_141 with ID (2483092.141)[0m
[97m/home/cvazquezperezdelacru/clio-core/context-runtime/src/ipc_manager.cc:2440 INFO 2483117 IncreaseClientShm IpcManager::IncreaseClientShm: Creating clio_2483092_142 with size 156167512 (122613080 + 33554432 overhead)[0m
[97m/home/cvazquezperezdelacru/clio-core/context-runtime/src/ipc_manager.cc:2485 INFO 2483117 IncreaseClientShm IpcManager::IncreaseClientShm: Created allocator clio_2483092_142 with ID (2483092.142)[0m
[33m/home/cvazquezperezdelacru/clio-core/context-runtime/src/scheduler/default_sched.cc:430 WARNING 2483121 LoadBalance [#781 PDF] observed exec-time bins (cumulative): <10us=2382056 <50us=81851 <500us=4186 <10ms=27865 <50ms=891 <500ms=37 <1s=0 >=1s=2 | stalls_detected=0[0m
[33m/home/cvazquezperezdelacru/clio-core/context-runtime/src/scheduler/default_sched.cc:439 WARNING 2483121 LoadBalance [#785] lane rescues performed: 0[0m
[31m/home/cvazquezperezdelacru/clio-core/context-runtime/src/scheduler/default_sched.cc:726 ERROR 2483121 LoadBalance [HANGWATCH-HB] processed=66486 outstanding=50 (queued=50 blocked=0 retry=0 periodic=7) live=4 live_stalled=0[0m
[97m/home/cvazquezperezdelacru/clio-core/context-runtime/src/ipc_manager.cc:2440 INFO 2483117 IncreaseClientShm IpcManager::IncreaseClientShm: Creating clio_2483092_143 with size 140187912 (106633480 + 33554432 overhead)[0m
[97m/home/cvazquezperezdelacru/clio-core/context-runtime/src/ipc_manager.cc:2485 INFO 2483117 IncreaseClientShm IpcManager::IncreaseClientShm: Created allocator clio_2483092_143 with ID (2483092.143)[0m
[97m/home/cvazquezperezdelacru/clio-core/context-runtime/src/ipc_manager.cc:2440 INFO 2483117 IncreaseClientShm IpcManager::IncreaseClientShm: Creating clio_2483092_144 with size 140212608 (106658176 + 33554432 overhead)[0m
[97m/home/cvazquezperezdelacru/clio-core/context-runtime/src/ipc_manager.cc:2485 INFO 2483117 IncreaseClientShm IpcManager::IncreaseClientShm: Created allocator clio_2483092_144 with ID (2483092.144)[0m
[97m/home/cvazquezperezdelacru/clio-core/context-runtime/src/ipc_manager.cc:2440 INFO 2483117 IncreaseClientShm IpcManager::IncreaseClientShm: Creating clio_2483092_145 with size 142362816 (108808384 + 33554432 overhead)[0m
[97m/home/cvazquezperezdelacru/clio-core/context-runtime/src/ipc_manager.cc:2485 INFO 2483117 IncreaseClientShm IpcManager::IncreaseClientShm: Created allocator clio_2483092_145 with ID (2483092.145)[0m
[97m/home/cvazquezperezdelacru/clio-core/context-runtime/src/ipc_manager.cc:2440 INFO 2483117 IncreaseClientShm IpcManager::IncreaseClientShm: Creating clio_2483092_146 with size 146507216 (112952784 + 33554432 overhead)[0m
[97m/home/cvazquezperezdelacru/clio-core/context-runtime/src/ipc_manager.cc:2485 INFO 2483117 IncreaseClientShm IpcManager::IncreaseClientShm: Created allocator clio_2483092_146 with ID (2483092.146)[0m
[31m/home/cvazquezperezdelacru/clio-core/context-runtime/src/scheduler/default_sched.cc:726 ERROR 2483121 LoadBalance [HANGWATCH-HB] processed=68002 outstanding=37 (queued=37 blocked=0 retry=0 periodic=6) live=2 live_stalled=0[0m
[97m/home/cvazquezperezdelacru/clio-core/context-runtime/src/ipc_manager.cc:2440 INFO 2483117 IncreaseClientShm IpcManager::IncreaseClientShm: Creating clio_2483092_147 with size 141125216 (107570784 + 33554432 overhead)[0m
[97m/home/cvazquezperezdelacru/clio-core/context-runtime/src/ipc_manager.cc:2485 INFO 2483117 IncreaseClientShm IpcManager::IncreaseClientShm: Created allocator clio_2483092_147 with ID (2483092.147)[0m
[97m/home/cvazquezperezdelacru/clio-core/context-runtime/src/ipc_manager.cc:2440 INFO 2483117 IncreaseClientShm IpcManager::IncreaseClientShm: Creating clio_2483092_148 with size 148345408 (114790976 + 33554432 overhead)[0m
[97m/home/cvazquezperezdelacru/clio-core/context-runtime/src/ipc_manager.cc:2485 INFO 2483117 IncreaseClientShm IpcManager::IncreaseClientShm: Created allocator clio_2483092_148 with ID (2483092.148)[0m
[33m/home/cvazquezperezdelacru/clio-core/context-runtime/src/scheduler/default_sched.cc:430 WARNING 2483121 LoadBalance [#781 PDF] observed exec-time bins (cumulative): <10us=2450157 <50us=84410 <500us=4219 <10ms=29675 <50ms=935 <500ms=37 <1s=0 >=1s=2 | stalls_detected=0[0m
[33m/home/cvazquezperezdelacru/clio-core/context-runtime/src/scheduler/default_sched.cc:439 WARNING 2483121 LoadBalance [#785] lane rescues performed: 0[0m
[31m/home/cvazquezperezdelacru/clio-core/context-runtime/src/scheduler/default_sched.cc:726 ERROR 2483121 LoadBalance [HANGWATCH-HB] processed=69562 outstanding=54 (queued=54 blocked=0 retry=0 periodic=7) live=2 live_stalled=0[0m
[97m/home/cvazquezperezdelacru/clio-core/context-runtime/src/ipc_manager.cc:2440 INFO 2483117 IncreaseClientShm IpcManager::IncreaseClientShm: Creating clio_2483092_149 with size 142085912 (108531480 + 33554432 overhead)[0m
[97m/home/cvazquezperezdelacru/clio-core/context-runtime/src/ipc_manager.cc:2485 INFO 2483117 IncreaseClientShm IpcManager::IncreaseClientShm: Created allocator clio_2483092_149 with ID (2483092.149)[0m
[97m/home/cvazquezperezdelacru/clio-core/context-runtime/src/ipc_manager.cc:2440 INFO 2483117 IncreaseClientShm IpcManager::IncreaseClientShm: Creating clio_2483092_150 with size 147495216 (113940784 + 33554432 overhead)[0m
[97m/home/cvazquezperezdelacru/clio-core/context-runtime/src/ipc_manager.cc:2485 INFO 2483117 IncreaseClientShm IpcManager::IncreaseClientShm: Created allocator clio_2483092_150 with ID (2483092.150)[0m
[97m/home/cvazquezperezdelacru/clio-core/context-runtime/src/ipc_manager.cc:2440 INFO 2483117 IncreaseClientShm IpcManager::IncreaseClientShm: Creating clio_2483092_151 with size 153951008 (120396576 + 33554432 overhead)[0m
[97m/home/cvazquezperezdelacru/clio-core/context-runtime/src/ipc_manager.cc:2485 INFO 2483117 IncreaseClientShm IpcManager::IncreaseClientShm: Created allocator clio_2483092_151 with ID (2483092.151)[0m
[31m/home/cvazquezperezdelacru/clio-core/context-runtime/src/scheduler/default_sched.cc:726 ERROR 2483121 LoadBalance [HANGWATCH-HB] processed=70954 outstanding=47 (queued=47 blocked=0 retry=0 periodic=7) live=1 live_stalled=0[0m
[97m/home/cvazquezperezdelacru/clio-core/context-runtime/src/ipc_manager.cc:2440 INFO 2483117 IncreaseClientShm IpcManager::IncreaseClientShm: Creating clio_2483092_152 with size 144684608 (111130176 + 33554432 overhead)[0m
[97m/home/cvazquezperezdelacru/clio-core/context-runtime/src/ipc_manager.cc:2485 INFO 2483117 IncreaseClientShm IpcManager::IncreaseClientShm: Created allocator clio_2483092_152 with ID (2483092.152)[0m
[97m/home/cvazquezperezdelacru/clio-core/context-runtime/src/ipc_manager.cc:2440 INFO 2483117 IncreaseClientShm IpcManager::IncreaseClientShm: Creating clio_2483092_153 with size 147808512 (114254080 + 33554432 overhead)[0m
[97m/home/cvazquezperezdelacru/clio-core/context-runtime/src/ipc_manager.cc:2485 INFO 2483117 IncreaseClientShm IpcManager::IncreaseClientShm: Created allocator clio_2483092_153 with ID (2483092.153)[0m
[97m/home/cvazquezperezdelacru/clio-core/context-runtime/src/ipc_manager.cc:2440 INFO 2483117 IncreaseClientShm IpcManager::IncreaseClientShm: Creating clio_2483092_154 with size 135757512 (102203080 + 33554432 overhead)[0m
[97m/home/cvazquezperezdelacru/clio-core/context-runtime/src/ipc_manager.cc:2485 INFO 2483117 IncreaseClientShm IpcManager::IncreaseClientShm: Created allocator clio_2483092_154 with ID (2483092.154)[0m
[97m/home/cvazquezperezdelacru/clio-core/context-runtime/src/ipc_manager.cc:2440 INFO 2483117 IncreaseClientShm IpcManager::IncreaseClientShm: Creating clio_2483092_155 with size 136277512 (102723080 + 33554432 overhead)[0m
[97m/home/cvazquezperezdelacru/clio-core/context-runtime/src/ipc_manager.cc:2485 INFO 2483117 IncreaseClientShm IpcManager::IncreaseClientShm: Created allocator clio_2483092_155 with ID (2483092.155)[0m
[31m/home/cvazquezperezdelacru/clio-core/context-runtime/src/scheduler/default_sched.cc:726 ERROR 2483121 LoadBalance [HANGWATCH-HB] processed=72372 outstanding=57 (queued=57 blocked=0 retry=0 periodic=7) live=2 live_stalled=0[0m
[97m/home/cvazquezperezdelacru/clio-core/context-runtime/src/ipc_manager.cc:2440 INFO 2483117 IncreaseClientShm IpcManager::IncreaseClientShm: Creating clio_2483092_156 with size 143276712 (109722280 + 33554432 overhead)[0m
[97m/home/cvazquezperezdelacru/clio-core/context-runtime/src/ipc_manager.cc:2485 INFO 2483117 IncreaseClientShm IpcManager::IncreaseClientShm: Created allocator clio_2483092_156 with ID (2483092.156)[0m
[97m/home/cvazquezperezdelacru/clio-core/context-runtime/src/ipc_manager.cc:2440 INFO 2483117 IncreaseClientShm IpcManager::IncreaseClientShm: Creating clio_2483092_157 with size 145867616 (112313184 + 33554432 overhead)[0m
[97m/home/cvazquezperezdelacru/clio-core/context-runtime/src/ipc_manager.cc:2485 INFO 2483117 IncreaseClientShm IpcManager::IncreaseClientShm: Created allocator clio_2483092_157 with ID (2483092.157)[0m
[33m/home/cvazquezperezdelacru/clio-core/context-runtime/src/scheduler/default_sched.cc:430 WARNING 2483121 LoadBalance [#781 PDF] observed exec-time bins (cumulative): <10us=2516319 <50us=87124 <500us=4238 <10ms=31359 <50ms=976 <500ms=37 <1s=0 >=1s=2 | stalls_detected=0[0m
[33m/home/cvazquezperezdelacru/clio-core/context-runtime/src/scheduler/default_sched.cc:439 WARNING 2483121 LoadBalance [#785] lane rescues performed: 0[0m
[97m/home/cvazquezperezdelacru/clio-core/context-runtime/src/ipc_manager.cc:2440 INFO 2483117 IncreaseClientShm IpcManager::IncreaseClientShm: Creating clio_2483092_158 with size 139402712 (105848280 + 33554432 overhead)[0m
[97m/home/cvazquezperezdelacru/clio-core/context-runtime/src/ipc_manager.cc:2485 INFO 2483117 IncreaseClientShm IpcManager::IncreaseClientShm: Created allocator clio_2483092_158 with ID (2483092.158)[0m
[97m/home/cvazquezperezdelacru/clio-core/context-runtime/src/ipc_manager.cc:2440 INFO 2483117 IncreaseClientShm IpcManager::IncreaseClientShm: Creating clio_2483092_159 with size 149614208 (116059776 + 33554432 overhead)[0m
[97m/home/cvazquezperezdelacru/clio-core/context-runtime/src/ipc_manager.cc:2485 INFO 2483117 IncreaseClientShm IpcManager::IncreaseClientShm: Created allocator clio_2483092_159 with ID (2483092.159)[0m
[97m/home/cvazquezperezdelacru/clio-core/context-runtime/src/pool_manager.cc:431 INFO 2483092 DestroyLocalPool PoolManager: Destroyed local pool PoolId(major:1, minor:0)[0m
[31m/home/cvazquezperezdelacru/clio-core/context-runtime/src/ipc_manager.cc:3849 ERROR 2483120 RouteTask RouteTask: RouteLocal returned 4 for pool=PoolId(major:1, minor:0) method=21, worker=7[0m
[31m/home/cvazquezperezdelacru/clio-core/context-runtime/src/ipc_manager.cc:3849 ERROR 2483119 RouteTask RouteTask: RouteLocal returned 4 for pool=PoolId(major:1, minor:0) method=14, worker=6[0m
[31m/home/cvazquezperezdelacru/clio-core/context-runtime/src/ipc_manager.cc:3849 ERROR 2483120 RouteTask RouteTask: RouteLocal returned 4 for pool=PoolId(major:1, minor:0) method=21, worker=7[0m
[31m/home/cvazquezperezdelacru/clio-core/context-runtime/src/ipc_manager.cc:3849 ERROR 2483119 RouteTask RouteTask: RouteLocal returned 4 for pool=PoolId(major:1, minor:0) method=14, worker=6[0m
