[97m/home/cvazquezperezdelacru/clio-core/context-runtime/src/config_manager.cc:144 INFO 641703 ClientInit Config at: /mnt/common/cvazquezperezdelacru/IOWARP/faiss/contrib/iowarp/benchmarks/results/ares_cte_rendered_20260805_122400.yaml[0m
[97m/home/cvazquezperezdelacru/clio-core/context-runtime/src/ipc_manager.cc:2872 INFO 641703 ClearUserIpcs ClearUserIpcs: Removed 27 memfd symlinks from previous runs[0m
[33m/home/cvazquezperezdelacru/clio-core/context-runtime/src/ipc_manager.cc:906 WARNING 641703 ServerInitShm Main segment: requested 50079703040 bytes exceeds half the memory budget (50079703040 bytes); clamping to 25039851520 bytes[0m
[97m/home/cvazquezperezdelacru/clio-core/context-runtime/src/ipc_manager.cc:931 INFO 641703 ServerInitShm Initializing main shared memory segment: 25039851520 bytes (23879 MB)[0m
[97m/home/cvazquezperezdelacru/clio-core/context-runtime/src/ipc_manager.cc:952 INFO 641703 ServerInitShm Initializing queue shared memory segment: 646224224 bytes (631078 KB)[0m
[33m/home/cvazquezperezdelacru/clio-core/context-runtime/src/ipc_manager.cc:1005 WARNING 641703 ServerInitShm Metadata segment: requested 50079703040 bytes exceeds half the memory budget (50079703040 bytes); clamping to 25039851520 bytes[0m
[97m/home/cvazquezperezdelacru/clio-core/context-runtime/src/ipc_manager.cc:1039 INFO 641703 ServerInitShm Initializing metadata shared memory segment: 25039851520 bytes (23879 MB), sparse/not pre-faulted[0m
[97m/home/cvazquezperezdelacru/clio-core/context-runtime/src/ipc_manager.cc:865 INFO 641703 ExcludeFromCoreDump metadata segment: excluded 25039851520 bytes from core dumps[0m
[97m/home/cvazquezperezdelacru/clio-core/context-runtime/src/ipc_manager.cc:1072 INFO 641703 ServerInitShm ServerInitShm: metadata directory at offset 68072[0m
[97m/home/cvazquezperezdelacru/clio-core/context-runtime/src/ipc_manager.cc:1127 INFO 641703 ServerInitShm ServerInitShm: 8 inbound SHM ring(s) 'clio-641703-shm-in-0..7' (16MB each)[0m
[97m/home/cvazquezperezdelacru/clio-core/context-runtime/src/ipc_manager.cc:1269 INFO 641703 ServerInitQueues Initializing 16 worker queues with depth 1024 (last worker serves dual role)[0m
[97m/home/cvazquezperezdelacru/clio-core/context-runtime/src/ipc_manager.cc:1933 INFO 641703 IdentifyThisHost SUCCESS: Main server started on 0.0.0.0:9413 (advertised as 0.0.0.0, node=0)[0m
[97m/home/cvazquezperezdelacru/clio-core/context-runtime/src/ipc_manager.cc:561 INFO 641703 ServerInit IpcManager: TCP ROUTER transport bound on 0.0.0.0:9416[0m
[97m/home/cvazquezperezdelacru/clio-core/context-runtime/src/ipc_manager.cc:579 INFO 641703 ServerInit IpcManager: IPC lightbeam server bound on /tmp/clio_cvazquezperezdelacru/clio_9413.ipc[0m
[97m/home/cvazquezperezdelacru/clio-core/context-runtime/src/module_manager.cc:137 INFO 641703 LoadChiMod Loaded ChiMod: clio_MOD_NAME from /mnt/common/cvazquezperezdelacru/clio-core-dev-install/lib/libclio_MOD_NAME_runtime.so[0m
[97m/home/cvazquezperezdelacru/clio-core/context-runtime/src/module_manager.cc:137 INFO 641703 LoadChiMod Loaded ChiMod: clio_admin from /mnt/common/cvazquezperezdelacru/clio-core-dev-install/lib/libclio_admin_runtime.so[0m
[97m/home/cvazquezperezdelacru/clio-core/context-runtime/src/module_manager.cc:137 INFO 641703 LoadChiMod Loaded ChiMod: clio_bdev from /mnt/common/cvazquezperezdelacru/clio-core-dev-install/lib/libclio_bdev_runtime.so[0m
[97m/home/cvazquezperezdelacru/clio-core/context-runtime/src/module_manager.cc:137 INFO 641703 LoadChiMod Loaded ChiMod: clio_safe_bdev from /mnt/common/cvazquezperezdelacru/clio-core-dev-install/lib/libclio_safe_bdev_runtime.so[0m
[97m/home/cvazquezperezdelacru/clio-core/context-runtime/src/module_manager.cc:137 INFO 641703 LoadChiMod Loaded ChiMod: clio_cte_replication from /mnt/common/cvazquezperezdelacru/clio-core-dev-install/lib/libclio_cte_replication_runtime.so[0m
[97m/home/cvazquezperezdelacru/clio-core/context-runtime/src/module_manager.cc:137 INFO 641703 LoadChiMod Loaded ChiMod: clio_cte_cache from /mnt/common/cvazquezperezdelacru/clio-core-dev-install/lib/libclio_cte_cache_runtime.so[0m
[97m/home/cvazquezperezdelacru/clio-core/context-runtime/src/module_manager.cc:137 INFO 641703 LoadChiMod Loaded ChiMod: clio_cte_indexer from /mnt/common/cvazquezperezdelacru/clio-core-dev-install/lib/libclio_cte_indexer_runtime.so[0m
[97m/home/cvazquezperezdelacru/clio-core/context-runtime/src/module_manager.cc:137 INFO 641703 LoadChiMod Loaded ChiMod: clio_cte_core from /mnt/common/cvazquezperezdelacru/clio-core-dev-install/lib/libclio_cte_core_runtime.so[0m
[97m/home/cvazquezperezdelacru/clio-core/context-runtime/src/module_manager.cc:137 INFO 641703 LoadChiMod Loaded ChiMod: clio_cte_filesystem from /mnt/common/cvazquezperezdelacru/clio-core-dev-install/lib/libclio_cte_filesystem_runtime.so[0m
[97m/home/cvazquezperezdelacru/clio-core/context-runtime/src/module_manager.cc:137 INFO 641703 LoadChiMod Loaded ChiMod: clio_faiss_ivf from /mnt/common/cvazquezperezdelacru/IOWARP/faiss/contrib/iowarp/build-dev/chimod/libclio_faiss_ivf_runtime.so[0m
[97m/home/cvazquezperezdelacru/clio-core/context-runtime/src/work_orchestrator.cc:94 INFO 641703 Init Creating 8 workers (7 task + 1 dedicated network)[0m
[97m/home/cvazquezperezdelacru/clio-core/context-runtime/src/ipc_manager.cc:756 INFO 641703 SetNumSchedQueues IpcManager: Updated num_sched_queues to 1[0m
[97m/home/cvazquezperezdelacru/clio-core/context-runtime/src/scheduler/default_sched.cc:139 INFO 641703 DivideWorkers DefaultScheduler: 1 scheduler worker (0), 4 I/O workers, net_send_worker=6, net_recv_worker=7, gpu_worker=5[0m
[97m/home/cvazquezperezdelacru/clio-core/context-runtime/src/work_orchestrator.cc:271 INFO 641703 SpawnWorkerThreads WorkOrchestrator: num_workers=8, num_lanes=16[0m
[97m/home/cvazquezperezdelacru/clio-core/context-runtime/src/work_orchestrator.cc:294 INFO 641703 SpawnWorkerThreads WorkOrchestrator: Mapped worker 0 (ID 0) to lane 0[0m
[97m/home/cvazquezperezdelacru/clio-core/context-runtime/src/work_orchestrator.cc:294 INFO 641703 SpawnWorkerThreads WorkOrchestrator: Mapped worker 1 (ID 1) to lane 1[0m
[97m/home/cvazquezperezdelacru/clio-core/context-runtime/src/work_orchestrator.cc:294 INFO 641703 SpawnWorkerThreads WorkOrchestrator: Mapped worker 2 (ID 2) to lane 2[0m
[97m/home/cvazquezperezdelacru/clio-core/context-runtime/src/work_orchestrator.cc:294 INFO 641703 SpawnWorkerThreads WorkOrchestrator: Mapped worker 3 (ID 3) to lane 3[0m
[97m/home/cvazquezperezdelacru/clio-core/context-runtime/src/work_orchestrator.cc:294 INFO 641703 SpawnWorkerThreads WorkOrchestrator: Mapped worker 4 (ID 4) to lane 4[0m
[97m/home/cvazquezperezdelacru/clio-core/context-runtime/src/work_orchestrator.cc:294 INFO 641703 SpawnWorkerThreads WorkOrchestrator: Mapped worker 5 (ID 5) to lane 5[0m
[97m/home/cvazquezperezdelacru/clio-core/context-runtime/src/work_orchestrator.cc:294 INFO 641703 SpawnWorkerThreads WorkOrchestrator: Mapped worker 6 (ID 6) to lane 6[0m
[97m/home/cvazquezperezdelacru/clio-core/context-runtime/src/work_orchestrator.cc:294 INFO 641703 SpawnWorkerThreads WorkOrchestrator: Mapped worker 7 (ID 7) to lane 7[0m
[97m/home/cvazquezperezdelacru/clio-core/context-runtime/src/pool_manager.cc:534 INFO 641703 CreatePool PoolManager: Creating pool 'admin' with 1 containers (one per node)[0m
[33m/home/cvazquezperezdelacru/clio-core/context-runtime/modules/admin/include/clio_runtime/admin/admin_client.h:59 WARNING 641703 Client AdminClient: Default constructor called - pool_id_ will be PoolId(0,0)[0m
[97m/home/cvazquezperezdelacru/clio-core/context-runtime/src/pool_manager.cc:615 INFO 641703 CreatePool Creating container for pool PoolId(major:1, minor:0) on node 0 with container_id=0[0m
[97m/home/cvazquezperezdelacru/clio-core/context-runtime/src/pool_manager.cc:644 INFO 641703 CreatePool Container initialized with pool ID PoolId(major:1, minor:0), name admin, and container ID 0[0m
[97m/home/cvazquezperezdelacru/clio-core/context-runtime/src/pool_manager.cc:663 INFO 641703 CreatePool CreatePool: Running Create method for pool PoolId(major:1, minor:0)[0m
[97m/home/cvazquezperezdelacru/clio-core/context-runtime/src/ipc/ipc_run2run.cc:1182 INFO 641733 operator() [PeerRecvThread] started[0m
[97m/home/cvazquezperezdelacru/clio-core/context-runtime/src/ipc/ipc_run2run.cc:1254 INFO 641734 operator() [ClientRecvThread] started[0m
[97m/home/cvazquezperezdelacru/clio-core/context-runtime/src/pool_manager.cc:666 INFO 641703 CreatePool CreatePool: Create method completed for pool PoolId(major:1, minor:0)[0m
[97m/home/cvazquezperezdelacru/clio-core/context-runtime/src/pool_manager.cc:700 INFO 641703 CreatePool PoolManager: Created complete pool PoolId(major:1, minor:0) with ChiMod clio_admin (1 containers)[0m
[97m/home/cvazquezperezdelacru/clio-core/context-runtime/src/pool_manager.cc:125 INFO 641703 ServerInit PoolManager: Admin chimod pool created successfully with PoolId PoolId(major:1, minor:0)[0m
[97m/home/cvazquezperezdelacru/clio-core/context-runtime/src/manager.cc:264 INFO 641703 ServerInit Processing compose configuration with 3 pools[0m
[33m/home/cvazquezperezdelacru/clio-core/context-runtime/src/../modules/admin/include/clio_runtime/admin/admin_client.h:59 WARNING 641703 Client AdminClient: Default constructor called - pool_id_ will be PoolId(0,0)[0m
[97m/home/cvazquezperezdelacru/clio-core/context-runtime/src/manager.cc:282 INFO 641703 ServerInit Compose: Creating pool ram::chi_default_bdev (module: clio_bdev, restart: 0)[0m
[97m/home/cvazquezperezdelacru/clio-core/context-runtime/src/pool_manager.cc:534 INFO 641728 CreatePool PoolManager: Creating pool 'ram::chi_default_bdev' with 1 containers (one per node)[0m
[97m/home/cvazquezperezdelacru/clio-core/context-runtime/src/pool_manager.cc:615 INFO 641728 CreatePool Creating container for pool PoolId(major:301, minor:0) on node 0 with container_id=0[0m
[97m/home/cvazquezperezdelacru/clio-core/context-runtime/src/pool_manager.cc:644 INFO 641728 CreatePool Container initialized with pool ID PoolId(major:301, minor:0), name ram::chi_default_bdev, and container ID 0[0m
[97m/home/cvazquezperezdelacru/clio-core/context-runtime/src/pool_manager.cc:663 INFO 641728 CreatePool CreatePool: Running Create method for pool PoolId(major:301, minor:0)[0m
[97m/home/cvazquezperezdelacru/clio-core/context-runtime/modules/bdev/src/transports/mem_bdev_transport.cc:152 INFO 641728 InitShmBacking [#783] RAM bdev 'clio_rambdev_641703_301_0' is shared-memory backed (38655688704 of 38654705664 bytes mapped)[0m
[97m/home/cvazquezperezdelacru/clio-core/context-runtime/src/pool_manager.cc:666 INFO 641728 CreatePool CreatePool: Create method completed for pool PoolId(major:301, minor:0)[0m
[97m/home/cvazquezperezdelacru/clio-core/context-runtime/src/pool_manager.cc:700 INFO 641728 CreatePool PoolManager: Created complete pool PoolId(major:301, minor:0) with ChiMod clio_bdev (1 containers)[0m
[97m/home/cvazquezperezdelacru/clio-core/context-runtime/src/manager.cc:298 INFO 641703 ServerInit Compose: Successfully created pool ram::chi_default_bdev (module: clio_bdev)[0m
[97m/home/cvazquezperezdelacru/clio-core/context-runtime/src/manager.cc:282 INFO 641703 ServerInit Compose: Creating pool cte_main (module: clio_cte_core, restart: 0)[0m
[97m/home/cvazquezperezdelacru/clio-core/context-runtime/src/pool_manager.cc:534 INFO 641725 CreatePool PoolManager: Creating pool 'cte_main' with 1 containers (one per node)[0m
[97m/home/cvazquezperezdelacru/clio-core/context-runtime/src/pool_manager.cc:615 INFO 641725 CreatePool Creating container for pool PoolId(major:512, minor:0) on node 0 with container_id=0[0m
[97m/home/cvazquezperezdelacru/clio-core/context-runtime/src/pool_manager.cc:644 INFO 641725 CreatePool Container initialized with pool ID PoolId(major:512, minor:0), name cte_main, and container ID 0[0m
[97m/home/cvazquezperezdelacru/clio-core/context-runtime/src/pool_manager.cc:663 INFO 641725 CreatePool CreatePool: Running Create method for pool PoolId(major:512, minor:0)[0m
[97m/home/cvazquezperezdelacru/clio-core/context-transfer-engine/core/src/core_config.cc:642 INFO 641725 ParseStorageConfig Parsed 2 storage devices[0m
[97m/home/cvazquezperezdelacru/clio-core/context-transfer-engine/core/src/core_config.cc:660 INFO 641725 ParseDpeConfig Parsed DPE configuration: type=max_bw[0m
[97m/home/cvazquezperezdelacru/clio-core/context-transfer-engine/core/src/core_config.cc:111 INFO 641725 LoadFromString Configuration loaded successfully from YAML string[0m
[97m/home/cvazquezperezdelacru/clio-core/context-transfer-engine/core/src/core_runtime.cc:590 INFO 641725 Create CTE: shared-memory metadata cache enabled (tags=65536, blobs=262144, root_off=488)[0m
[97m/home/cvazquezperezdelacru/clio-core/context-runtime/src/pool_manager.cc:534 INFO 641727 CreatePool PoolManager: Creating pool 'ram::cte_ram_tier_node0' with 1 containers (one per node)[0m
[97m/home/cvazquezperezdelacru/clio-core/context-runtime/src/pool_manager.cc:615 INFO 641727 CreatePool Creating container for pool PoolId(major:512, minor:1) on node 0 with container_id=0[0m
[97m/home/cvazquezperezdelacru/clio-core/context-runtime/src/pool_manager.cc:644 INFO 641727 CreatePool Container initialized with pool ID PoolId(major:512, minor:1), name ram::cte_ram_tier_node0, and container ID 0[0m
[97m/home/cvazquezperezdelacru/clio-core/context-runtime/src/pool_manager.cc:663 INFO 641727 CreatePool CreatePool: Running Create method for pool PoolId(major:512, minor:1)[0m
[97m/home/cvazquezperezdelacru/clio-core/context-runtime/modules/bdev/src/transports/mem_bdev_transport.cc:152 INFO 641727 InitShmBacking [#783] RAM bdev 'clio_rambdev_641703_512_1' is shared-memory backed (32213237760 of 32212254720 bytes mapped)[0m
[97m/home/cvazquezperezdelacru/clio-core/context-runtime/src/pool_manager.cc:666 INFO 641727 CreatePool CreatePool: Create method completed for pool PoolId(major:512, minor:1)[0m
[97m/home/cvazquezperezdelacru/clio-core/context-runtime/src/pool_manager.cc:700 INFO 641727 CreatePool PoolManager: Created complete pool PoolId(major:512, minor:1) with ChiMod clio_bdev (1 containers)[0m
[97m/home/cvazquezperezdelacru/clio-core/context-runtime/src/pool_manager.cc:534 INFO 641727 CreatePool PoolManager: Creating pool '/mnt/nvme/cvazquezperezdelacru/cte_tier_node0' with 1 containers (one per node)[0m
[97m/home/cvazquezperezdelacru/clio-core/context-runtime/src/pool_manager.cc:615 INFO 641727 CreatePool Creating container for pool PoolId(major:513, minor:1) on node 0 with container_id=0[0m
[97m/home/cvazquezperezdelacru/clio-core/context-runtime/src/pool_manager.cc:644 INFO 641727 CreatePool Container initialized with pool ID PoolId(major:513, minor:1), name /mnt/nvme/cvazquezperezdelacru/cte_tier_node0, and container ID 0[0m
[97m/home/cvazquezperezdelacru/clio-core/context-runtime/src/pool_manager.cc:663 INFO 641727 CreatePool CreatePool: Running Create method for pool PoolId(major:513, minor:1)[0m
[97m/home/cvazquezperezdelacru/clio-core/context-runtime/src/pool_manager.cc:666 INFO 641727 CreatePool CreatePool: Create method completed for pool PoolId(major:513, minor:1)[0m
[97m/home/cvazquezperezdelacru/clio-core/context-runtime/src/pool_manager.cc:700 INFO 641727 CreatePool PoolManager: Created complete pool PoolId(major:513, minor:1) with ChiMod clio_bdev (1 containers)[0m
[97m/home/cvazquezperezdelacru/clio-core/context-transfer-engine/core/src/core_runtime.cc:708 INFO 641725 Create CTE Core container created and initialized for pool: cte_main (ID: PoolId(major:512, minor:0))[0m
[97m/home/cvazquezperezdelacru/clio-core/context-transfer-engine/core/src/core_runtime.cc:712 INFO 641725 Create Configuration: neighborhood=1, poll_period_ms=5000, stat_targets_period_ms=5000[0m
[97m/home/cvazquezperezdelacru/clio-core/context-transfer-engine/core/src/core_runtime.cc:754 INFO 641725 Create Starting periodic StatTargets task with period 5000 ms[0m
[97m/home/cvazquezperezdelacru/clio-core/context-runtime/src/pool_manager.cc:666 INFO 641725 CreatePool CreatePool: Create method completed for pool PoolId(major:512, minor:0)[0m
[97m/home/cvazquezperezdelacru/clio-core/context-runtime/src/pool_manager.cc:700 INFO 641725 CreatePool PoolManager: Created complete pool PoolId(major:512, minor:0) with ChiMod clio_cte_core (1 containers)[0m
[97m/home/cvazquezperezdelacru/clio-core/context-runtime/src/manager.cc:298 INFO 641703 ServerInit Compose: Successfully created pool cte_main (module: clio_cte_core)[0m
[97m/home/cvazquezperezdelacru/clio-core/context-runtime/src/manager.cc:282 INFO 641703 ServerInit Compose: Creating pool faiss_ivf_main (module: clio_faiss_ivf, restart: 0)[0m
[97m/home/cvazquezperezdelacru/clio-core/context-runtime/src/pool_manager.cc:534 INFO 641727 CreatePool PoolManager: Creating pool 'faiss_ivf_main' with 1 containers (one per node)[0m
[97m/home/cvazquezperezdelacru/clio-core/context-runtime/src/pool_manager.cc:615 INFO 641727 CreatePool Creating container for pool PoolId(major:600, minor:0) on node 0 with container_id=0[0m
[97m/home/cvazquezperezdelacru/clio-core/context-runtime/src/pool_manager.cc:644 INFO 641727 CreatePool Container initialized with pool ID PoolId(major:600, minor:0), name faiss_ivf_main, and container ID 0[0m
[97m/home/cvazquezperezdelacru/clio-core/context-runtime/src/pool_manager.cc:663 INFO 641727 CreatePool CreatePool: Running Create method for pool PoolId(major:600, minor:0)[0m
[97m/home/cvazquezperezdelacru/clio-core/context-runtime/src/pool_manager.cc:666 INFO 641727 CreatePool CreatePool: Create method completed for pool PoolId(major:600, minor:0)[0m
[97m/home/cvazquezperezdelacru/clio-core/context-runtime/src/pool_manager.cc:700 INFO 641727 CreatePool PoolManager: Created complete pool PoolId(major:600, minor:0) with ChiMod clio_faiss_ivf (1 containers)[0m
[97m/home/cvazquezperezdelacru/clio-core/context-runtime/src/manager.cc:298 INFO 641703 ServerInit Compose: Successfully created pool faiss_ivf_main (module: clio_faiss_ivf)[0m
[97m/home/cvazquezperezdelacru/clio-core/context-runtime/src/manager.cc:304 INFO 641703 ServerInit Compose: All 3 pools created successfully[0m
[32m/home/cvazquezperezdelacru/clio-core/context-runtime/src/ipc_manager.cc:1368 SUCCESS 641703 StartLocalServer Successfully started local server at 127.0.0.1:9414[0m
[97m/home/cvazquezperezdelacru/clio-core/context-runtime/src/manager.cc:137 INFO 641703 ClientInit RuntimeManager::ClientInit[0m
[97m/home/cvazquezperezdelacru/clio-core/context-runtime/src/manager.cc:181 INFO 641703 ClientInit ClientInit: g_admin already exists, pool_id_=PoolId(major:0, minor:0)[0m
[33m/home/cvazquezperezdelacru/clio-core/context-runtime/src/scheduler/default_sched.cc:430 WARNING 641732 LoadBalance [#781 PDF] observed exec-time bins (cumulative): <10us=60524 <50us=175 <500us=8 <10ms=7 <50ms=0 <500ms=2 <1s=0 >=1s=0 | stalls_detected=0[0m
[33m/home/cvazquezperezdelacru/clio-core/context-runtime/src/scheduler/default_sched.cc:439 WARNING 641732 LoadBalance [#785] lane rescues performed: 0[0m
[33m/home/cvazquezperezdelacru/clio-core/context-runtime/src/scheduler/default_sched.cc:430 WARNING 641732 LoadBalance [#781 PDF] observed exec-time bins (cumulative): <10us=127675 <50us=430 <500us=14 <10ms=7 <50ms=0 <500ms=2 <1s=0 >=1s=0 | stalls_detected=0[0m
[33m/home/cvazquezperezdelacru/clio-core/context-runtime/src/scheduler/default_sched.cc:439 WARNING 641732 LoadBalance [#785] lane rescues performed: 0[0m
[33m/home/cvazquezperezdelacru/clio-core/context-runtime/src/scheduler/default_sched.cc:430 WARNING 641732 LoadBalance [#781 PDF] observed exec-time bins (cumulative): <10us=194710 <50us=790 <500us=20 <10ms=9 <50ms=0 <500ms=2 <1s=0 >=1s=0 | stalls_detected=0[0m
[33m/home/cvazquezperezdelacru/clio-core/context-runtime/src/scheduler/default_sched.cc:439 WARNING 641732 LoadBalance [#785] lane rescues performed: 0[0m
[97m/home/cvazquezperezdelacru/clio-core/context-runtime/src/ipc_manager.cc:2295 INFO 641734 GetOrCreateClient [ClientPool] Creating new persistent connection to 127.0.0.1:40579[0m
[97m/home/cvazquezperezdelacru/clio-core/context-runtime/src/../../context-transport-primitives/include/clio_ctp/lightbeam/zmq_transport.h:152 INFO 641734 GetSharedContext [ZeroMqTransport] Created shared context with 8 I/O threads[0m
[97m/home/cvazquezperezdelacru/clio-core/context-runtime/src/ipc_manager.cc:2315 INFO 641734 GetOrCreateClient [ClientPool] Connection established to 127.0.0.1:40579[0m
[97m/home/cvazquezperezdelacru/clio-core/context-runtime/modules/admin/src/admin_runtime.cc:1213 INFO 641724 RegisterMemory Admin::RegisterMemory: Registering CPU alloc_id (641780.0)[0m
[97m/home/cvazquezperezdelacru/clio-core/context-runtime/src/ipc_manager.cc:2539 INFO 641724 RegisterMemory IpcManager::RegisterMemory: Registering clio_641780_0 from pid 641780[0m
[97m/home/cvazquezperezdelacru/clio-core/context-runtime/src/ipc_manager.cc:2582 INFO 641724 RegisterMemory IpcManager::RegisterMemory: Successfully registered clio_641780_0[0m
[97m/home/cvazquezperezdelacru/clio-core/context-runtime/src/pool_manager.cc:534 INFO 641725 CreatePool PoolManager: Creating pool 'clio_cte_core' with 1 containers (one per node)[0m
[97m/home/cvazquezperezdelacru/clio-core/context-runtime/src/pool_manager.cc:575 INFO 641725 CreatePool PoolManager: Pool PoolId(major:512, minor:0) already exists by ID, returning existing pool[0m
[33m/home/cvazquezperezdelacru/clio-core/context-runtime/src/scheduler/default_sched.cc:430 WARNING 641732 LoadBalance [#781 PDF] observed exec-time bins (cumulative): <10us=262718 <50us=2328 <500us=305 <10ms=252 <50ms=8 <500ms=10 <1s=0 >=1s=0 | stalls_detected=0[0m
[33m/home/cvazquezperezdelacru/clio-core/context-runtime/src/scheduler/default_sched.cc:439 WARNING 641732 LoadBalance [#785] lane rescues performed: 0[0m
[33m/home/cvazquezperezdelacru/clio-core/context-runtime/src/scheduler/default_sched.cc:430 WARNING 641732 LoadBalance [#781 PDF] observed exec-time bins (cumulative): <10us=327993 <50us=4396 <500us=610 <10ms=651 <50ms=24 <500ms=16 <1s=0 >=1s=0 | stalls_detected=0[0m
[33m/home/cvazquezperezdelacru/clio-core/context-runtime/src/scheduler/default_sched.cc:439 WARNING 641732 LoadBalance [#785] lane rescues performed: 0[0m
[33m/home/cvazquezperezdelacru/clio-core/context-runtime/src/scheduler/default_sched.cc:430 WARNING 641732 LoadBalance [#781 PDF] observed exec-time bins (cumulative): <10us=392320 <50us=7140 <500us=896 <10ms=1093 <50ms=44 <500ms=19 <1s=0 >=1s=0 | stalls_detected=0[0m
[33m/home/cvazquezperezdelacru/clio-core/context-runtime/src/scheduler/default_sched.cc:439 WARNING 641732 LoadBalance [#785] lane rescues performed: 0[0m
[31m/home/cvazquezperezdelacru/clio-core/context-runtime/src/scheduler/default_sched.cc:726 ERROR 641732 LoadBalance [HANGWATCH-HB] processed=4371 outstanding=1 (queued=1 blocked=0 retry=0 periodic=7) live=1 live_stalled=0[0m
[33m/home/cvazquezperezdelacru/clio-core/context-runtime/src/scheduler/default_sched.cc:430 WARNING 641732 LoadBalance [#781 PDF] observed exec-time bins (cumulative): <10us=457683 <50us=8734 <500us=1115 <10ms=1298 <50ms=46 <500ms=27 <1s=0 >=1s=0 | stalls_detected=0[0m
[33m/home/cvazquezperezdelacru/clio-core/context-runtime/src/scheduler/default_sched.cc:439 WARNING 641732 LoadBalance [#785] lane rescues performed: 0[0m
[33m/home/cvazquezperezdelacru/clio-core/context-runtime/src/scheduler/default_sched.cc:430 WARNING 641732 LoadBalance [#781 PDF] observed exec-time bins (cumulative): <10us=522138 <50us=11127 <500us=1341 <10ms=1509 <50ms=46 <500ms=37 <1s=0 >=1s=0 | stalls_detected=0[0m
[33m/home/cvazquezperezdelacru/clio-core/context-runtime/src/scheduler/default_sched.cc:439 WARNING 641732 LoadBalance [#785] lane rescues performed: 0[0m
[33m/home/cvazquezperezdelacru/clio-core/context-runtime/src/scheduler/default_sched.cc:430 WARNING 641732 LoadBalance [#781 PDF] observed exec-time bins (cumulative): <10us=586676 <50us=13640 <500us=1545 <10ms=1724 <50ms=48 <500ms=46 <1s=0 >=1s=0 | stalls_detected=0[0m
[33m/home/cvazquezperezdelacru/clio-core/context-runtime/src/scheduler/default_sched.cc:439 WARNING 641732 LoadBalance [#785] lane rescues performed: 0[0m
[33m/home/cvazquezperezdelacru/clio-core/context-runtime/src/scheduler/default_sched.cc:430 WARNING 641732 LoadBalance [#781 PDF] observed exec-time bins (cumulative): <10us=650801 <50us=16344 <500us=1887 <10ms=2128 <50ms=56 <500ms=59 <1s=0 >=1s=0 | stalls_detected=0[0m
[33m/home/cvazquezperezdelacru/clio-core/context-runtime/src/scheduler/default_sched.cc:439 WARNING 641732 LoadBalance [#785] lane rescues performed: 0[0m
[33m/home/cvazquezperezdelacru/clio-core/context-runtime/src/scheduler/default_sched.cc:430 WARNING 641732 LoadBalance [#781 PDF] observed exec-time bins (cumulative): <10us=714069 <50us=19969 <500us=2240 <10ms=2571 <50ms=73 <500ms=65 <1s=0 >=1s=0 | stalls_detected=0[0m
[33m/home/cvazquezperezdelacru/clio-core/context-runtime/src/scheduler/default_sched.cc:439 WARNING 641732 LoadBalance [#785] lane rescues performed: 0[0m
[31m/home/cvazquezperezdelacru/clio-core/context-runtime/src/scheduler/default_sched.cc:726 ERROR 641732 LoadBalance [HANGWATCH-HB] processed=8675 outstanding=1 (queued=1 blocked=0 retry=0 periodic=6) live=2 live_stalled=0[0m
[33m/home/cvazquezperezdelacru/clio-core/context-runtime/src/scheduler/default_sched.cc:430 WARNING 641732 LoadBalance [#781 PDF] observed exec-time bins (cumulative): <10us=778208 <50us=22506 <500us=2611 <10ms=2932 <50ms=85 <500ms=73 <1s=0 >=1s=0 | stalls_detected=0[0m
[33m/home/cvazquezperezdelacru/clio-core/context-runtime/src/scheduler/default_sched.cc:439 WARNING 641732 LoadBalance [#785] lane rescues performed: 0[0m
[33m/home/cvazquezperezdelacru/clio-core/context-runtime/src/scheduler/default_sched.cc:430 WARNING 641732 LoadBalance [#781 PDF] observed exec-time bins (cumulative): <10us=843251 <50us=25387 <500us=2912 <10ms=3391 <50ms=110 <500ms=74 <1s=0 >=1s=0 | stalls_detected=0[0m
[33m/home/cvazquezperezdelacru/clio-core/context-runtime/src/scheduler/default_sched.cc:439 WARNING 641732 LoadBalance [#785] lane rescues performed: 0[0m
[33m/home/cvazquezperezdelacru/clio-core/context-runtime/src/scheduler/default_sched.cc:430 WARNING 641732 LoadBalance [#781 PDF] observed exec-time bins (cumulative): <10us=908776 <50us=27481 <500us=3244 <10ms=3598 <50ms=112 <500ms=88 <1s=0 >=1s=0 | stalls_detected=0[0m
[33m/home/cvazquezperezdelacru/clio-core/context-runtime/src/scheduler/default_sched.cc:439 WARNING 641732 LoadBalance [#785] lane rescues performed: 0[0m
[33m/home/cvazquezperezdelacru/clio-core/context-runtime/src/scheduler/default_sched.cc:430 WARNING 641732 LoadBalance [#781 PDF] observed exec-time bins (cumulative): <10us=977121 <50us=29013 <500us=3472 <10ms=3839 <50ms=116 <500ms=96 <1s=0 >=1s=0 | stalls_detected=0[0m
[33m/home/cvazquezperezdelacru/clio-core/context-runtime/src/scheduler/default_sched.cc:439 WARNING 641732 LoadBalance [#785] lane rescues performed: 0[0m
[33m/home/cvazquezperezdelacru/clio-core/context-runtime/src/scheduler/default_sched.cc:430 WARNING 641732 LoadBalance [#781 PDF] observed exec-time bins (cumulative): <10us=1049702 <50us=29838 <500us=3735 <10ms=3992 <50ms=116 <500ms=106 <1s=0 >=1s=0 | stalls_detected=0[0m
[33m/home/cvazquezperezdelacru/clio-core/context-runtime/src/scheduler/default_sched.cc:439 WARNING 641732 LoadBalance [#785] lane rescues performed: 0[0m
[33m/home/cvazquezperezdelacru/clio-core/context-runtime/src/scheduler/default_sched.cc:430 WARNING 641732 LoadBalance [#781 PDF] observed exec-time bins (cumulative): <10us=1122729 <50us=30839 <500us=4014 <10ms=4199 <50ms=117 <500ms=117 <1s=0 >=1s=0 | stalls_detected=0[0m
[33m/home/cvazquezperezdelacru/clio-core/context-runtime/src/scheduler/default_sched.cc:439 WARNING 641732 LoadBalance [#785] lane rescues performed: 0[0m
[33m/home/cvazquezperezdelacru/clio-core/context-runtime/src/scheduler/default_sched.cc:430 WARNING 641732 LoadBalance [#781 PDF] observed exec-time bins (cumulative): <10us=1193229 <50us=31581 <500us=4387 <10ms=4349 <50ms=118 <500ms=129 <1s=0 >=1s=0 | stalls_detected=0[0m
[33m/home/cvazquezperezdelacru/clio-core/context-runtime/src/scheduler/default_sched.cc:439 WARNING 641732 LoadBalance [#785] lane rescues performed: 0[0m
[33m/home/cvazquezperezdelacru/clio-core/context-runtime/src/scheduler/default_sched.cc:430 WARNING 641732 LoadBalance [#781 PDF] observed exec-time bins (cumulative): <10us=1260345 <50us=32386 <500us=4698 <10ms=4567 <50ms=118 <500ms=143 <1s=0 >=1s=0 | stalls_detected=0[0m
[33m/home/cvazquezperezdelacru/clio-core/context-runtime/src/scheduler/default_sched.cc:439 WARNING 641732 LoadBalance [#785] lane rescues performed: 0[0m
[33m/home/cvazquezperezdelacru/clio-core/context-runtime/src/scheduler/default_sched.cc:430 WARNING 641732 LoadBalance [#781 PDF] observed exec-time bins (cumulative): <10us=1327821 <50us=33083 <500us=5050 <10ms=4735 <50ms=120 <500ms=154 <1s=0 >=1s=0 | stalls_detected=0[0m
[33m/home/cvazquezperezdelacru/clio-core/context-runtime/src/scheduler/default_sched.cc:439 WARNING 641732 LoadBalance [#785] lane rescues performed: 0[0m
[31m/home/cvazquezperezdelacru/clio-core/context-runtime/src/scheduler/default_sched.cc:726 ERROR 641732 LoadBalance [HANGWATCH-HB] processed=17587 outstanding=1 (queued=1 blocked=0 retry=0 periodic=7) live=1 live_stalled=0[0m
[33m/home/cvazquezperezdelacru/clio-core/context-runtime/src/scheduler/default_sched.cc:430 WARNING 641732 LoadBalance [#781 PDF] observed exec-time bins (cumulative): <10us=1395178 <50us=33669 <500us=5621 <10ms=4891 <50ms=120 <500ms=174 <1s=0 >=1s=0 | stalls_detected=0[0m
[33m/home/cvazquezperezdelacru/clio-core/context-runtime/src/scheduler/default_sched.cc:439 WARNING 641732 LoadBalance [#785] lane rescues performed: 0[0m
[33m/home/cvazquezperezdelacru/clio-core/context-runtime/src/scheduler/default_sched.cc:430 WARNING 641732 LoadBalance [#781 PDF] observed exec-time bins (cumulative): <10us=1462267 <50us=34605 <500us=6236 <10ms=5078 <50ms=122 <500ms=198 <1s=0 >=1s=0 | stalls_detected=0[0m
[33m/home/cvazquezperezdelacru/clio-core/context-runtime/src/scheduler/default_sched.cc:439 WARNING 641732 LoadBalance [#785] lane rescues performed: 0[0m
[33m/home/cvazquezperezdelacru/clio-core/context-runtime/src/scheduler/default_sched.cc:430 WARNING 641732 LoadBalance [#781 PDF] observed exec-time bins (cumulative): <10us=1529523 <50us=35077 <500us=6633 <10ms=5216 <50ms=122 <500ms=212 <1s=0 >=1s=0 | stalls_detected=0[0m
[33m/home/cvazquezperezdelacru/clio-core/context-runtime/src/scheduler/default_sched.cc:439 WARNING 641732 LoadBalance [#785] lane rescues performed: 0[0m
[33m/home/cvazquezperezdelacru/clio-core/context-runtime/src/scheduler/default_sched.cc:430 WARNING 641732 LoadBalance [#781 PDF] observed exec-time bins (cumulative): <10us=1596582 <50us=35471 <500us=6865 <10ms=5348 <50ms=122 <500ms=221 <1s=0 >=1s=0 | stalls_detected=0[0m
[33m/home/cvazquezperezdelacru/clio-core/context-runtime/src/scheduler/default_sched.cc:439 WARNING 641732 LoadBalance [#785] lane rescues performed: 0[0m
[33m/home/cvazquezperezdelacru/clio-core/context-runtime/src/scheduler/default_sched.cc:430 WARNING 641732 LoadBalance [#781 PDF] observed exec-time bins (cumulative): <10us=1664102 <50us=35891 <500us=7083 <10ms=5469 <50ms=122 <500ms=229 <1s=0 >=1s=0 | stalls_detected=0[0m
[33m/home/cvazquezperezdelacru/clio-core/context-runtime/src/scheduler/default_sched.cc:439 WARNING 641732 LoadBalance [#785] lane rescues performed: 0[0m
[33m/home/cvazquezperezdelacru/clio-core/context-runtime/src/scheduler/default_sched.cc:430 WARNING 641732 LoadBalance [#781 PDF] observed exec-time bins (cumulative): <10us=1732420 <50us=36412 <500us=7335 <10ms=5612 <50ms=122 <500ms=238 <1s=0 >=1s=0 | stalls_detected=0[0m
[33m/home/cvazquezperezdelacru/clio-core/context-runtime/src/scheduler/default_sched.cc:439 WARNING 641732 LoadBalance [#785] lane rescues performed: 0[0m
[31m/home/cvazquezperezdelacru/clio-core/context-runtime/src/scheduler/default_sched.cc:726 ERROR 641732 LoadBalance [HANGWATCH-HB] processed=23000 outstanding=1 (queued=1 blocked=0 retry=0 periodic=7) live=1 live_stalled=0[0m
[33m/home/cvazquezperezdelacru/clio-core/context-runtime/src/scheduler/default_sched.cc:430 WARNING 641732 LoadBalance [#781 PDF] observed exec-time bins (cumulative): <10us=1799445 <50us=36862 <500us=7632 <10ms=5763 <50ms=123 <500ms=249 <1s=0 >=1s=0 | stalls_detected=0[0m
[33m/home/cvazquezperezdelacru/clio-core/context-runtime/src/scheduler/default_sched.cc:439 WARNING 641732 LoadBalance [#785] lane rescues performed: 0[0m
[33m/home/cvazquezperezdelacru/clio-core/context-runtime/src/scheduler/default_sched.cc:430 WARNING 641732 LoadBalance [#781 PDF] observed exec-time bins (cumulative): <10us=1866791 <50us=37382 <500us=8065 <10ms=5922 <50ms=123 <500ms=266 <1s=0 >=1s=0 | stalls_detected=0[0m
[33m/home/cvazquezperezdelacru/clio-core/context-runtime/src/scheduler/default_sched.cc:439 WARNING 641732 LoadBalance [#785] lane rescues performed: 0[0m
[33m/home/cvazquezperezdelacru/clio-core/context-runtime/src/scheduler/default_sched.cc:430 WARNING 641732 LoadBalance [#781 PDF] observed exec-time bins (cumulative): <10us=1934321 <50us=38010 <500us=8632 <10ms=6158 <50ms=131 <500ms=284 <1s=0 >=1s=0 | stalls_detected=0[0m
[33m/home/cvazquezperezdelacru/clio-core/context-runtime/src/scheduler/default_sched.cc:439 WARNING 641732 LoadBalance [#785] lane rescues performed: 0[0m
[33m/home/cvazquezperezdelacru/clio-core/context-runtime/src/scheduler/default_sched.cc:430 WARNING 641732 LoadBalance [#781 PDF] observed exec-time bins (cumulative): <10us=2001188 <50us=38912 <500us=9036 <10ms=6508 <50ms=148 <500ms=291 <1s=0 >=1s=0 | stalls_detected=0[0m
[33m/home/cvazquezperezdelacru/clio-core/context-runtime/src/scheduler/default_sched.cc:439 WARNING 641732 LoadBalance [#785] lane rescues performed: 0[0m
[31m/home/cvazquezperezdelacru/clio-core/context-runtime/src/scheduler/default_sched.cc:726 ERROR 641732 LoadBalance [HANGWATCH-HB] processed=29148 outstanding=1 (queued=1 blocked=0 retry=0 periodic=7) live=1 live_stalled=0[0m
[33m/home/cvazquezperezdelacru/clio-core/context-runtime/src/scheduler/default_sched.cc:430 WARNING 641732 LoadBalance [#781 PDF] observed exec-time bins (cumulative): <10us=2068209 <50us=39693 <500us=9428 <10ms=6790 <50ms=161 <500ms=300 <1s=0 >=1s=0 | stalls_detected=0[0m
[33m/home/cvazquezperezdelacru/clio-core/context-runtime/src/scheduler/default_sched.cc:439 WARNING 641732 LoadBalance [#785] lane rescues performed: 0[0m
[33m/home/cvazquezperezdelacru/clio-core/context-runtime/src/scheduler/default_sched.cc:430 WARNING 641732 LoadBalance [#781 PDF] observed exec-time bins (cumulative): <10us=2135082 <50us=40723 <500us=9714 <10ms=6982 <50ms=164 <500ms=309 <1s=0 >=1s=0 | stalls_detected=0[0m
[33m/home/cvazquezperezdelacru/clio-core/context-runtime/src/scheduler/default_sched.cc:439 WARNING 641732 LoadBalance [#785] lane rescues performed: 0[0m
[33m/home/cvazquezperezdelacru/clio-core/context-runtime/src/scheduler/default_sched.cc:430 WARNING 641732 LoadBalance [#781 PDF] observed exec-time bins (cumulative): <10us=2201642 <50us=41374 <500us=9930 <10ms=7193 <50ms=166 <500ms=317 <1s=0 >=1s=0 | stalls_detected=0[0m
[33m/home/cvazquezperezdelacru/clio-core/context-runtime/src/scheduler/default_sched.cc:439 WARNING 641732 LoadBalance [#785] lane rescues performed: 0[0m
[33m/home/cvazquezperezdelacru/clio-core/context-runtime/src/scheduler/default_sched.cc:430 WARNING 641732 LoadBalance [#781 PDF] observed exec-time bins (cumulative): <10us=2266922 <50us=43515 <500us=10147 <10ms=7566 <50ms=169 <500ms=317 <1s=0 >=1s=0 | stalls_detected=0[0m
[33m/home/cvazquezperezdelacru/clio-core/context-runtime/src/scheduler/default_sched.cc:439 WARNING 641732 LoadBalance [#785] lane rescues performed: 0[0m
[33m/home/cvazquezperezdelacru/clio-core/context-runtime/src/scheduler/default_sched.cc:430 WARNING 641732 LoadBalance [#781 PDF] observed exec-time bins (cumulative): <10us=2337222 <50us=45208 <500us=10354 <10ms=7928 <50ms=171 <500ms=317 <1s=0 >=1s=0 | stalls_detected=0[0m
[33m/home/cvazquezperezdelacru/clio-core/context-runtime/src/scheduler/default_sched.cc:439 WARNING 641732 LoadBalance [#785] lane rescues performed: 0[0m
[33m/home/cvazquezperezdelacru/clio-core/context-runtime/src/scheduler/default_sched.cc:430 WARNING 641732 LoadBalance [#781 PDF] observed exec-time bins (cumulative): <10us=2403950 <50us=47314 <500us=10616 <10ms=8305 <50ms=171 <500ms=320 <1s=0 >=1s=0 | stalls_detected=0[0m
[33m/home/cvazquezperezdelacru/clio-core/context-runtime/src/scheduler/default_sched.cc:439 WARNING 641732 LoadBalance [#785] lane rescues performed: 0[0m
[33m/home/cvazquezperezdelacru/clio-core/context-runtime/src/scheduler/default_sched.cc:430 WARNING 641732 LoadBalance [#781 PDF] observed exec-time bins (cumulative): <10us=2469125 <50us=48922 <500us=10828 <10ms=8501 <50ms=173 <500ms=320 <1s=0 >=1s=0 | stalls_detected=0[0m
[33m/home/cvazquezperezdelacru/clio-core/context-runtime/src/scheduler/default_sched.cc:439 WARNING 641732 LoadBalance [#785] lane rescues performed: 0[0m
[33m/home/cvazquezperezdelacru/clio-core/context-runtime/src/scheduler/default_sched.cc:430 WARNING 641732 LoadBalance [#781 PDF] observed exec-time bins (cumulative): <10us=2534232 <50us=50144 <500us=11021 <10ms=8703 <50ms=174 <500ms=321 <1s=0 >=1s=0 | stalls_detected=0[0m
[33m/home/cvazquezperezdelacru/clio-core/context-runtime/src/scheduler/default_sched.cc:439 WARNING 641732 LoadBalance [#785] lane rescues performed: 0[0m
[31m/home/cvazquezperezdelacru/clio-core/context-runtime/src/scheduler/default_sched.cc:726 ERROR 641732 LoadBalance [HANGWATCH-HB] processed=36876 outstanding=4 (queued=4 blocked=0 retry=0 periodic=7) live=3 live_stalled=0[0m
[33m/home/cvazquezperezdelacru/clio-core/context-runtime/src/scheduler/default_sched.cc:430 WARNING 641732 LoadBalance [#781 PDF] observed exec-time bins (cumulative): <10us=2598550 <50us=52817 <500us=11275 <10ms=9089 <50ms=176 <500ms=321 <1s=0 >=1s=0 | stalls_detected=0[0m
[33m/home/cvazquezperezdelacru/clio-core/context-runtime/src/scheduler/default_sched.cc:439 WARNING 641732 LoadBalance [#785] lane rescues performed: 0[0m
[33m/home/cvazquezperezdelacru/clio-core/context-runtime/src/scheduler/default_sched.cc:430 WARNING 641732 LoadBalance [#781 PDF] observed exec-time bins (cumulative): <10us=2662392 <50us=55215 <500us=11525 <10ms=9426 <50ms=178 <500ms=321 <1s=0 >=1s=0 | stalls_detected=0[0m
[33m/home/cvazquezperezdelacru/clio-core/context-runtime/src/scheduler/default_sched.cc:439 WARNING 641732 LoadBalance [#785] lane rescues performed: 0[0m
[33m/home/cvazquezperezdelacru/clio-core/context-runtime/src/scheduler/default_sched.cc:430 WARNING 641732 LoadBalance [#781 PDF] observed exec-time bins (cumulative): <10us=2728739 <50us=56327 <500us=11757 <10ms=9675 <50ms=180 <500ms=321 <1s=0 >=1s=0 | stalls_detected=0[0m
[33m/home/cvazquezperezdelacru/clio-core/context-runtime/src/scheduler/default_sched.cc:439 WARNING 641732 LoadBalance [#785] lane rescues performed: 0[0m
[33m/home/cvazquezperezdelacru/clio-core/context-runtime/src/scheduler/default_sched.cc:430 WARNING 641732 LoadBalance [#781 PDF] observed exec-time bins (cumulative): <10us=2794017 <50us=57809 <500us=11977 <10ms=9886 <50ms=180 <500ms=321 <1s=0 >=1s=0 | stalls_detected=0[0m
[33m/home/cvazquezperezdelacru/clio-core/context-runtime/src/scheduler/default_sched.cc:439 WARNING 641732 LoadBalance [#785] lane rescues performed: 0[0m
[33m/home/cvazquezperezdelacru/clio-core/context-runtime/src/scheduler/default_sched.cc:430 WARNING 641732 LoadBalance [#781 PDF] observed exec-time bins (cumulative): <10us=2859755 <50us=58915 <500us=12206 <10ms=10069 <50ms=181 <500ms=321 <1s=0 >=1s=0 | stalls_detected=0[0m
[33m/home/cvazquezperezdelacru/clio-core/context-runtime/src/scheduler/default_sched.cc:439 WARNING 641732 LoadBalance [#785] lane rescues performed: 0[0m
[33m/home/cvazquezperezdelacru/clio-core/context-runtime/src/scheduler/default_sched.cc:430 WARNING 641732 LoadBalance [#781 PDF] observed exec-time bins (cumulative): <10us=2924321 <50us=61168 <500us=12406 <10ms=10249 <50ms=182 <500ms=321 <1s=0 >=1s=0 | stalls_detected=0[0m
[33m/home/cvazquezperezdelacru/clio-core/context-runtime/src/scheduler/default_sched.cc:439 WARNING 641732 LoadBalance [#785] lane rescues performed: 0[0m
[33m/home/cvazquezperezdelacru/clio-core/context-runtime/src/scheduler/default_sched.cc:430 WARNING 641732 LoadBalance [#781 PDF] observed exec-time bins (cumulative): <10us=2987246 <50us=64423 <500us=12699 <10ms=10532 <50ms=183 <500ms=322 <1s=0 >=1s=0 | stalls_detected=0[0m
[33m/home/cvazquezperezdelacru/clio-core/context-runtime/src/scheduler/default_sched.cc:439 WARNING 641732 LoadBalance [#785] lane rescues performed: 0[0m
[33m/home/cvazquezperezdelacru/clio-core/context-runtime/src/scheduler/default_sched.cc:430 WARNING 641732 LoadBalance [#781 PDF] observed exec-time bins (cumulative): <10us=3049347 <50us=67612 <500us=13067 <10ms=10793 <50ms=184 <500ms=322 <1s=0 >=1s=0 | stalls_detected=0[0m
[33m/home/cvazquezperezdelacru/clio-core/context-runtime/src/scheduler/default_sched.cc:439 WARNING 641732 LoadBalance [#785] lane rescues performed: 0[0m
[33m/home/cvazquezperezdelacru/clio-core/context-runtime/src/scheduler/default_sched.cc:430 WARNING 641732 LoadBalance [#781 PDF] observed exec-time bins (cumulative): <10us=3111546 <50us=70632 <500us=13458 <10ms=11141 <50ms=185 <500ms=322 <1s=0 >=1s=0 | stalls_detected=0[0m
[33m/home/cvazquezperezdelacru/clio-core/context-runtime/src/scheduler/default_sched.cc:439 WARNING 641732 LoadBalance [#785] lane rescues performed: 0[0m
[33m/home/cvazquezperezdelacru/clio-core/context-runtime/src/scheduler/default_sched.cc:430 WARNING 641732 LoadBalance [#781 PDF] observed exec-time bins (cumulative): <10us=3172549 <50us=74955 <500us=13796 <10ms=11561 <50ms=190 <500ms=322 <1s=0 >=1s=0 | stalls_detected=0[0m
[33m/home/cvazquezperezdelacru/clio-core/context-runtime/src/scheduler/default_sched.cc:439 WARNING 641732 LoadBalance [#785] lane rescues performed: 0[0m
[33m/home/cvazquezperezdelacru/clio-core/context-runtime/src/scheduler/default_sched.cc:430 WARNING 641732 LoadBalance [#781 PDF] observed exec-time bins (cumulative): <10us=3234150 <50us=79469 <500us=13991 <10ms=12023 <50ms=191 <500ms=323 <1s=0 >=1s=0 | stalls_detected=0[0m
[33m/home/cvazquezperezdelacru/clio-core/context-runtime/src/scheduler/default_sched.cc:439 WARNING 641732 LoadBalance [#785] lane rescues performed: 0[0m
[33m/home/cvazquezperezdelacru/clio-core/context-runtime/src/scheduler/default_sched.cc:430 WARNING 641732 LoadBalance [#781 PDF] observed exec-time bins (cumulative): <10us=3296295 <50us=83351 <500us=14297 <10ms=12439 <50ms=194 <500ms=323 <1s=0 >=1s=0 | stalls_detected=0[0m
[33m/home/cvazquezperezdelacru/clio-core/context-runtime/src/scheduler/default_sched.cc:439 WARNING 641732 LoadBalance [#785] lane rescues performed: 0[0m
[33m/home/cvazquezperezdelacru/clio-core/context-runtime/src/scheduler/default_sched.cc:430 WARNING 641732 LoadBalance [#781 PDF] observed exec-time bins (cumulative): <10us=3359975 <50us=86174 <500us=14363 <10ms=12513 <50ms=194 <500ms=323 <1s=0 >=1s=0 | stalls_detected=0[0m
[33m/home/cvazquezperezdelacru/clio-core/context-runtime/src/scheduler/default_sched.cc:439 WARNING 641732 LoadBalance [#785] lane rescues performed: 0[0m
[33m/home/cvazquezperezdelacru/clio-core/context-runtime/src/scheduler/default_sched.cc:430 WARNING 641732 LoadBalance [#781 PDF] observed exec-time bins (cumulative): <10us=3430829 <50us=87627 <500us=14374 <10ms=12515 <50ms=194 <500ms=323 <1s=0 >=1s=0 | stalls_detected=0[0m
[33m/home/cvazquezperezdelacru/clio-core/context-runtime/src/scheduler/default_sched.cc:439 WARNING 641732 LoadBalance [#785] lane rescues performed: 0[0m
[33m/home/cvazquezperezdelacru/clio-core/context-runtime/src/scheduler/default_sched.cc:430 WARNING 641732 LoadBalance [#781 PDF] observed exec-time bins (cumulative): <10us=3499418 <50us=88783 <500us=14388 <10ms=12516 <50ms=194 <500ms=323 <1s=0 >=1s=0 | stalls_detected=0[0m
[33m/home/cvazquezperezdelacru/clio-core/context-runtime/src/scheduler/default_sched.cc:439 WARNING 641732 LoadBalance [#785] lane rescues performed: 0[0m
[33m/home/cvazquezperezdelacru/clio-core/context-runtime/src/scheduler/default_sched.cc:430 WARNING 641732 LoadBalance [#781 PDF] observed exec-time bins (cumulative): <10us=3565392 <50us=90063 <500us=14398 <10ms=12519 <50ms=194 <500ms=323 <1s=0 >=1s=0 | stalls_detected=0[0m
[33m/home/cvazquezperezdelacru/clio-core/context-runtime/src/scheduler/default_sched.cc:439 WARNING 641732 LoadBalance [#785] lane rescues performed: 0[0m
[33m/home/cvazquezperezdelacru/clio-core/context-runtime/src/scheduler/default_sched.cc:430 WARNING 641732 LoadBalance [#781 PDF] observed exec-time bins (cumulative): <10us=3634444 <50us=90676 <500us=14406 <10ms=12519 <50ms=194 <500ms=323 <1s=0 >=1s=0 | stalls_detected=0[0m
[33m/home/cvazquezperezdelacru/clio-core/context-runtime/src/scheduler/default_sched.cc:439 WARNING 641732 LoadBalance [#785] lane rescues performed: 0[0m
[33m/home/cvazquezperezdelacru/clio-core/context-runtime/src/scheduler/default_sched.cc:430 WARNING 641732 LoadBalance [#781 PDF] observed exec-time bins (cumulative): <10us=3706525 <50us=91299 <500us=14412 <10ms=12522 <50ms=194 <500ms=323 <1s=0 >=1s=0 | stalls_detected=0[0m
[33m/home/cvazquezperezdelacru/clio-core/context-runtime/src/scheduler/default_sched.cc:439 WARNING 641732 LoadBalance [#785] lane rescues performed: 0[0m
[33m/home/cvazquezperezdelacru/clio-core/context-runtime/src/scheduler/default_sched.cc:430 WARNING 641732 LoadBalance [#781 PDF] observed exec-time bins (cumulative): <10us=3778963 <50us=91919 <500us=14418 <10ms=12523 <50ms=194 <500ms=323 <1s=0 >=1s=0 | stalls_detected=0[0m
[33m/home/cvazquezperezdelacru/clio-core/context-runtime/src/scheduler/default_sched.cc:439 WARNING 641732 LoadBalance [#785] lane rescues performed: 0[0m
[33m/home/cvazquezperezdelacru/clio-core/context-runtime/src/scheduler/default_sched.cc:430 WARNING 641732 LoadBalance [#781 PDF] observed exec-time bins (cumulative): <10us=3846789 <50us=92156 <500us=14426 <10ms=12527 <50ms=194 <500ms=323 <1s=0 >=1s=0 | stalls_detected=0[0m
[33m/home/cvazquezperezdelacru/clio-core/context-runtime/src/scheduler/default_sched.cc:439 WARNING 641732 LoadBalance [#785] lane rescues performed: 0[0m
[33m/home/cvazquezperezdelacru/clio-core/context-runtime/src/scheduler/default_sched.cc:430 WARNING 641732 LoadBalance [#781 PDF] observed exec-time bins (cumulative): <10us=3913616 <50us=92624 <500us=14433 <10ms=12528 <50ms=194 <500ms=323 <1s=0 >=1s=0 | stalls_detected=0[0m
[33m/home/cvazquezperezdelacru/clio-core/context-runtime/src/scheduler/default_sched.cc:439 WARNING 641732 LoadBalance [#785] lane rescues performed: 0[0m
[33m/home/cvazquezperezdelacru/clio-core/context-runtime/src/scheduler/default_sched.cc:430 WARNING 641732 LoadBalance [#781 PDF] observed exec-time bins (cumulative): <10us=3980727 <50us=93391 <500us=14439 <10ms=12530 <50ms=194 <500ms=323 <1s=0 >=1s=0 | stalls_detected=0[0m
[33m/home/cvazquezperezdelacru/clio-core/context-runtime/src/scheduler/default_sched.cc:439 WARNING 641732 LoadBalance [#785] lane rescues performed: 0[0m
[33m/home/cvazquezperezdelacru/clio-core/context-runtime/src/scheduler/default_sched.cc:430 WARNING 641732 LoadBalance [#781 PDF] observed exec-time bins (cumulative): <10us=4047719 <50us=93793 <500us=14447 <10ms=12530 <50ms=194 <500ms=323 <1s=0 >=1s=0 | stalls_detected=0[0m
[33m/home/cvazquezperezdelacru/clio-core/context-runtime/src/scheduler/default_sched.cc:439 WARNING 641732 LoadBalance [#785] lane rescues performed: 0[0m
[33m/home/cvazquezperezdelacru/clio-core/context-runtime/src/scheduler/default_sched.cc:430 WARNING 641732 LoadBalance [#781 PDF] observed exec-time bins (cumulative): <10us=4114903 <50us=94595 <500us=14454 <10ms=12532 <50ms=194 <500ms=323 <1s=0 >=1s=0 | stalls_detected=0[0m
[33m/home/cvazquezperezdelacru/clio-core/context-runtime/src/scheduler/default_sched.cc:439 WARNING 641732 LoadBalance [#785] lane rescues performed: 0[0m
[33m/home/cvazquezperezdelacru/clio-core/context-runtime/src/scheduler/default_sched.cc:430 WARNING 641732 LoadBalance [#781 PDF] observed exec-time bins (cumulative): <10us=4181915 <50us=95518 <500us=14460 <10ms=12532 <50ms=194 <500ms=323 <1s=0 >=1s=0 | stalls_detected=0[0m
[33m/home/cvazquezperezdelacru/clio-core/context-runtime/src/scheduler/default_sched.cc:439 WARNING 641732 LoadBalance [#785] lane rescues performed: 0[0m
[33m/home/cvazquezperezdelacru/clio-core/context-runtime/src/scheduler/default_sched.cc:430 WARNING 641732 LoadBalance [#781 PDF] observed exec-time bins (cumulative): <10us=4249095 <50us=95806 <500us=14465 <10ms=12535 <50ms=194 <500ms=323 <1s=0 >=1s=0 | stalls_detected=0[0m
[33m/home/cvazquezperezdelacru/clio-core/context-runtime/src/scheduler/default_sched.cc:439 WARNING 641732 LoadBalance [#785] lane rescues performed: 0[0m
[33m/home/cvazquezperezdelacru/clio-core/context-runtime/src/scheduler/default_sched.cc:430 WARNING 641732 LoadBalance [#781 PDF] observed exec-time bins (cumulative): <10us=4315769 <50us=96608 <500us=14479 <10ms=12536 <50ms=194 <500ms=323 <1s=0 >=1s=0 | stalls_detected=0[0m
[33m/home/cvazquezperezdelacru/clio-core/context-runtime/src/scheduler/default_sched.cc:439 WARNING 641732 LoadBalance [#785] lane rescues performed: 0[0m
[33m/home/cvazquezperezdelacru/clio-core/context-runtime/src/scheduler/default_sched.cc:430 WARNING 641732 LoadBalance [#781 PDF] observed exec-time bins (cumulative): <10us=4382920 <50us=96811 <500us=14484 <10ms=12540 <50ms=194 <500ms=323 <1s=0 >=1s=0 | stalls_detected=0[0m
[33m/home/cvazquezperezdelacru/clio-core/context-runtime/src/scheduler/default_sched.cc:439 WARNING 641732 LoadBalance [#785] lane rescues performed: 0[0m
[33m/home/cvazquezperezdelacru/clio-core/context-runtime/src/scheduler/default_sched.cc:430 WARNING 641732 LoadBalance [#781 PDF] observed exec-time bins (cumulative): <10us=4449919 <50us=97481 <500us=14490 <10ms=12542 <50ms=194 <500ms=323 <1s=0 >=1s=0 | stalls_detected=0[0m
[33m/home/cvazquezperezdelacru/clio-core/context-runtime/src/scheduler/default_sched.cc:439 WARNING 641732 LoadBalance [#785] lane rescues performed: 0[0m
[33m/home/cvazquezperezdelacru/clio-core/context-runtime/src/scheduler/default_sched.cc:430 WARNING 641732 LoadBalance [#781 PDF] observed exec-time bins (cumulative): <10us=4516771 <50us=98697 <500us=14496 <10ms=12544 <50ms=194 <500ms=323 <1s=0 >=1s=0 | stalls_detected=0[0m
[33m/home/cvazquezperezdelacru/clio-core/context-runtime/src/scheduler/default_sched.cc:439 WARNING 641732 LoadBalance [#785] lane rescues performed: 0[0m
[33m/home/cvazquezperezdelacru/clio-core/context-runtime/src/scheduler/default_sched.cc:430 WARNING 641732 LoadBalance [#781 PDF] observed exec-time bins (cumulative): <10us=4583989 <50us=99538 <500us=14503 <10ms=12544 <50ms=194 <500ms=323 <1s=0 >=1s=0 | stalls_detected=0[0m
[33m/home/cvazquezperezdelacru/clio-core/context-runtime/src/scheduler/default_sched.cc:439 WARNING 641732 LoadBalance [#785] lane rescues performed: 0[0m
[33m/home/cvazquezperezdelacru/clio-core/context-runtime/src/scheduler/default_sched.cc:430 WARNING 641732 LoadBalance [#781 PDF] observed exec-time bins (cumulative): <10us=4651196 <50us=99946 <500us=14509 <10ms=12546 <50ms=194 <500ms=323 <1s=0 >=1s=0 | stalls_detected=0[0m
[33m/home/cvazquezperezdelacru/clio-core/context-runtime/src/scheduler/default_sched.cc:439 WARNING 641732 LoadBalance [#785] lane rescues performed: 0[0m
[33m/home/cvazquezperezdelacru/clio-core/context-runtime/src/scheduler/default_sched.cc:430 WARNING 641732 LoadBalance [#781 PDF] observed exec-time bins (cumulative): <10us=4718483 <50us=100115 <500us=14516 <10ms=12546 <50ms=194 <500ms=323 <1s=0 >=1s=0 | stalls_detected=0[0m
[33m/home/cvazquezperezdelacru/clio-core/context-runtime/src/scheduler/default_sched.cc:439 WARNING 641732 LoadBalance [#785] lane rescues performed: 0[0m
[33m/home/cvazquezperezdelacru/clio-core/context-runtime/src/scheduler/default_sched.cc:430 WARNING 641732 LoadBalance [#781 PDF] observed exec-time bins (cumulative): <10us=4784521 <50us=101346 <500us=14522 <10ms=12548 <50ms=194 <500ms=323 <1s=0 >=1s=0 | stalls_detected=0[0m
[33m/home/cvazquezperezdelacru/clio-core/context-runtime/src/scheduler/default_sched.cc:439 WARNING 641732 LoadBalance [#785] lane rescues performed: 0[0m
[33m/home/cvazquezperezdelacru/clio-core/context-runtime/src/scheduler/default_sched.cc:430 WARNING 641732 LoadBalance [#781 PDF] observed exec-time bins (cumulative): <10us=4851071 <50us=102485 <500us=14528 <10ms=12548 <50ms=194 <500ms=323 <1s=0 >=1s=0 | stalls_detected=0[0m
[33m/home/cvazquezperezdelacru/clio-core/context-runtime/src/scheduler/default_sched.cc:439 WARNING 641732 LoadBalance [#785] lane rescues performed: 0[0m
[33m/home/cvazquezperezdelacru/clio-core/context-runtime/src/scheduler/default_sched.cc:430 WARNING 641732 LoadBalance [#781 PDF] observed exec-time bins (cumulative): <10us=4918272 <50us=102704 <500us=14533 <10ms=12551 <50ms=194 <500ms=323 <1s=0 >=1s=0 | stalls_detected=0[0m
[33m/home/cvazquezperezdelacru/clio-core/context-runtime/src/scheduler/default_sched.cc:439 WARNING 641732 LoadBalance [#785] lane rescues performed: 0[0m
[33m/home/cvazquezperezdelacru/clio-core/context-runtime/src/scheduler/default_sched.cc:430 WARNING 641732 LoadBalance [#781 PDF] observed exec-time bins (cumulative): <10us=4985477 <50us=102922 <500us=14539 <10ms=12552 <50ms=194 <500ms=323 <1s=0 >=1s=0 | stalls_detected=0[0m
[33m/home/cvazquezperezdelacru/clio-core/context-runtime/src/scheduler/default_sched.cc:439 WARNING 641732 LoadBalance [#785] lane rescues performed: 0[0m
[33m/home/cvazquezperezdelacru/clio-core/context-runtime/src/scheduler/default_sched.cc:430 WARNING 641732 LoadBalance [#781 PDF] observed exec-time bins (cumulative): <10us=5052709 <50us=103114 <500us=14547 <10ms=12555 <50ms=194 <500ms=323 <1s=0 >=1s=0 | stalls_detected=0[0m
[33m/home/cvazquezperezdelacru/clio-core/context-runtime/src/scheduler/default_sched.cc:439 WARNING 641732 LoadBalance [#785] lane rescues performed: 0[0m
[33m/home/cvazquezperezdelacru/clio-core/context-runtime/src/scheduler/default_sched.cc:430 WARNING 641732 LoadBalance [#781 PDF] observed exec-time bins (cumulative): <10us=5119879 <50us=103329 <500us=14553 <10ms=12555 <50ms=194 <500ms=323 <1s=0 >=1s=0 | stalls_detected=0[0m
[33m/home/cvazquezperezdelacru/clio-core/context-runtime/src/scheduler/default_sched.cc:439 WARNING 641732 LoadBalance [#785] lane rescues performed: 0[0m
[33m/home/cvazquezperezdelacru/clio-core/context-runtime/src/scheduler/default_sched.cc:430 WARNING 641732 LoadBalance [#781 PDF] observed exec-time bins (cumulative): <10us=5190052 <50us=103537 <500us=14558 <10ms=12558 <50ms=194 <500ms=323 <1s=0 >=1s=0 | stalls_detected=0[0m
[33m/home/cvazquezperezdelacru/clio-core/context-runtime/src/scheduler/default_sched.cc:439 WARNING 641732 LoadBalance [#785] lane rescues performed: 0[0m
[33m/home/cvazquezperezdelacru/clio-core/context-runtime/src/scheduler/default_sched.cc:430 WARNING 641732 LoadBalance [#781 PDF] observed exec-time bins (cumulative): <10us=5259217 <50us=103782 <500us=14564 <10ms=12558 <50ms=194 <500ms=323 <1s=0 >=1s=0 | stalls_detected=0[0m
[33m/home/cvazquezperezdelacru/clio-core/context-runtime/src/scheduler/default_sched.cc:439 WARNING 641732 LoadBalance [#785] lane rescues performed: 0[0m
[33m/home/cvazquezperezdelacru/clio-core/context-runtime/src/scheduler/default_sched.cc:430 WARNING 641732 LoadBalance [#781 PDF] observed exec-time bins (cumulative): <10us=5327160 <50us=104027 <500us=14570 <10ms=12560 <50ms=194 <500ms=323 <1s=0 >=1s=0 | stalls_detected=0[0m
[33m/home/cvazquezperezdelacru/clio-core/context-runtime/src/scheduler/default_sched.cc:439 WARNING 641732 LoadBalance [#785] lane rescues performed: 0[0m
[33m/home/cvazquezperezdelacru/clio-core/context-runtime/src/scheduler/default_sched.cc:430 WARNING 641732 LoadBalance [#781 PDF] observed exec-time bins (cumulative): <10us=5395171 <50us=104264 <500us=14576 <10ms=12560 <50ms=194 <500ms=323 <1s=0 >=1s=0 | stalls_detected=0[0m
[33m/home/cvazquezperezdelacru/clio-core/context-runtime/src/scheduler/default_sched.cc:439 WARNING 641732 LoadBalance [#785] lane rescues performed: 0[0m
[33m/home/cvazquezperezdelacru/clio-core/context-runtime/src/scheduler/default_sched.cc:430 WARNING 641732 LoadBalance [#781 PDF] observed exec-time bins (cumulative): <10us=5463192 <50us=104487 <500us=14582 <10ms=12562 <50ms=194 <500ms=323 <1s=0 >=1s=0 | stalls_detected=0[0m
[33m/home/cvazquezperezdelacru/clio-core/context-runtime/src/scheduler/default_sched.cc:439 WARNING 641732 LoadBalance [#785] lane rescues performed: 0[0m
[33m/home/cvazquezperezdelacru/clio-core/context-runtime/src/scheduler/default_sched.cc:430 WARNING 641732 LoadBalance [#781 PDF] observed exec-time bins (cumulative): <10us=5531202 <50us=104693 <500us=14588 <10ms=12562 <50ms=194 <500ms=323 <1s=0 >=1s=0 | stalls_detected=0[0m
[33m/home/cvazquezperezdelacru/clio-core/context-runtime/src/scheduler/default_sched.cc:439 WARNING 641732 LoadBalance [#785] lane rescues performed: 0[0m
[33m/home/cvazquezperezdelacru/clio-core/context-runtime/src/scheduler/default_sched.cc:430 WARNING 641732 LoadBalance [#781 PDF] observed exec-time bins (cumulative): <10us=5599192 <50us=104928 <500us=14594 <10ms=12564 <50ms=194 <500ms=323 <1s=0 >=1s=0 | stalls_detected=0[0m
[33m/home/cvazquezperezdelacru/clio-core/context-runtime/src/scheduler/default_sched.cc:439 WARNING 641732 LoadBalance [#785] lane rescues performed: 0[0m
[33m/home/cvazquezperezdelacru/clio-core/context-runtime/src/scheduler/default_sched.cc:430 WARNING 641732 LoadBalance [#781 PDF] observed exec-time bins (cumulative): <10us=5667384 <50us=105162 <500us=14605 <10ms=12577 <50ms=196 <500ms=323 <1s=0 >=1s=0 | stalls_detected=0[0m
[33m/home/cvazquezperezdelacru/clio-core/context-runtime/src/scheduler/default_sched.cc:439 WARNING 641732 LoadBalance [#785] lane rescues performed: 0[0m
[33m/home/cvazquezperezdelacru/clio-core/context-runtime/src/scheduler/default_sched.cc:430 WARNING 641732 LoadBalance [#781 PDF] observed exec-time bins (cumulative): <10us=5741264 <50us=106352 <500us=14654 <10ms=12986 <50ms=197 <500ms=323 <1s=0 >=1s=0 | stalls_detected=0[0m
[33m/home/cvazquezperezdelacru/clio-core/context-runtime/src/scheduler/default_sched.cc:439 WARNING 641732 LoadBalance [#785] lane rescues performed: 0[0m
[33m/home/cvazquezperezdelacru/clio-core/context-runtime/src/scheduler/default_sched.cc:430 WARNING 641732 LoadBalance [#781 PDF] observed exec-time bins (cumulative): <10us=5817131 <50us=108031 <500us=14720 <10ms=13353 <50ms=198 <500ms=323 <1s=0 >=1s=0 | stalls_detected=0[0m
[33m/home/cvazquezperezdelacru/clio-core/context-runtime/src/scheduler/default_sched.cc:439 WARNING 641732 LoadBalance [#785] lane rescues performed: 0[0m
[33m/home/cvazquezperezdelacru/clio-core/context-runtime/src/scheduler/default_sched.cc:430 WARNING 641732 LoadBalance [#781 PDF] observed exec-time bins (cumulative): <10us=5884723 <50us=109191 <500us=14799 <10ms=13688 <50ms=199 <500ms=323 <1s=0 >=1s=0 | stalls_detected=0[0m
[33m/home/cvazquezperezdelacru/clio-core/context-runtime/src/scheduler/default_sched.cc:439 WARNING 641732 LoadBalance [#785] lane rescues performed: 0[0m
[33m/home/cvazquezperezdelacru/clio-core/context-runtime/src/scheduler/default_sched.cc:430 WARNING 641732 LoadBalance [#781 PDF] observed exec-time bins (cumulative): <10us=5952680 <50us=109993 <500us=14891 <10ms=13991 <50ms=203 <500ms=323 <1s=0 >=1s=0 | stalls_detected=0[0m
[33m/home/cvazquezperezdelacru/clio-core/context-runtime/src/scheduler/default_sched.cc:439 WARNING 641732 LoadBalance [#785] lane rescues performed: 0[0m
[33m/home/cvazquezperezdelacru/clio-core/context-runtime/src/scheduler/default_sched.cc:430 WARNING 641732 LoadBalance [#781 PDF] observed exec-time bins (cumulative): <10us=6028298 <50us=111066 <500us=14966 <10ms=14396 <50ms=204 <500ms=323 <1s=0 >=1s=0 | stalls_detected=0[0m
[33m/home/cvazquezperezdelacru/clio-core/context-runtime/src/scheduler/default_sched.cc:439 WARNING 641732 LoadBalance [#785] lane rescues performed: 0[0m
[33m/home/cvazquezperezdelacru/clio-core/context-runtime/src/scheduler/default_sched.cc:430 WARNING 641732 LoadBalance [#781 PDF] observed exec-time bins (cumulative): <10us=6104992 <50us=111881 <500us=15032 <10ms=14814 <50ms=206 <500ms=323 <1s=0 >=1s=0 | stalls_detected=0[0m
[33m/home/cvazquezperezdelacru/clio-core/context-runtime/src/scheduler/default_sched.cc:439 WARNING 641732 LoadBalance [#785] lane rescues performed: 0[0m
[33m/home/cvazquezperezdelacru/clio-core/context-runtime/src/scheduler/default_sched.cc:430 WARNING 641732 LoadBalance [#781 PDF] observed exec-time bins (cumulative): <10us=6182159 <50us=112534 <500us=15092 <10ms=15234 <50ms=207 <500ms=323 <1s=0 >=1s=0 | stalls_detected=0[0m
[33m/home/cvazquezperezdelacru/clio-core/context-runtime/src/scheduler/default_sched.cc:439 WARNING 641732 LoadBalance [#785] lane rescues performed: 0[0m
[33m/home/cvazquezperezdelacru/clio-core/context-runtime/src/scheduler/default_sched.cc:430 WARNING 641732 LoadBalance [#781 PDF] observed exec-time bins (cumulative): <10us=6250785 <50us=113071 <500us=15212 <10ms=15429 <50ms=208 <500ms=323 <1s=0 >=1s=0 | stalls_detected=0[0m
[33m/home/cvazquezperezdelacru/clio-core/context-runtime/src/scheduler/default_sched.cc:439 WARNING 641732 LoadBalance [#785] lane rescues performed: 0[0m
[33m/home/cvazquezperezdelacru/clio-core/context-runtime/src/scheduler/default_sched.cc:430 WARNING 641732 LoadBalance [#781 PDF] observed exec-time bins (cumulative): <10us=6323816 <50us=114173 <500us=15278 <10ms=15767 <50ms=209 <500ms=323 <1s=0 >=1s=0 | stalls_detected=0[0m
[33m/home/cvazquezperezdelacru/clio-core/context-runtime/src/scheduler/default_sched.cc:439 WARNING 641732 LoadBalance [#785] lane rescues performed: 0[0m
[33m/home/cvazquezperezdelacru/clio-core/context-runtime/src/scheduler/default_sched.cc:430 WARNING 641732 LoadBalance [#781 PDF] observed exec-time bins (cumulative): <10us=6397472 <50us=114725 <500us=15404 <10ms=15950 <50ms=214 <500ms=323 <1s=0 >=1s=0 | stalls_detected=0[0m
[33m/home/cvazquezperezdelacru/clio-core/context-runtime/src/scheduler/default_sched.cc:439 WARNING 641732 LoadBalance [#785] lane rescues performed: 0[0m
[33m/home/cvazquezperezdelacru/clio-core/context-runtime/src/scheduler/default_sched.cc:430 WARNING 641732 LoadBalance [#781 PDF] observed exec-time bins (cumulative): <10us=6472979 <50us=115279 <500us=15514 <10ms=16172 <50ms=216 <500ms=323 <1s=0 >=1s=0 | stalls_detected=0[0m
[33m/home/cvazquezperezdelacru/clio-core/context-runtime/src/scheduler/default_sched.cc:439 WARNING 641732 LoadBalance [#785] lane rescues performed: 0[0m
[33m/home/cvazquezperezdelacru/clio-core/context-runtime/src/scheduler/default_sched.cc:430 WARNING 641732 LoadBalance [#781 PDF] observed exec-time bins (cumulative): <10us=6547567 <50us=115864 <500us=15637 <10ms=16331 <50ms=220 <500ms=323 <1s=0 >=1s=0 | stalls_detected=0[0m
[33m/home/cvazquezperezdelacru/clio-core/context-runtime/src/scheduler/default_sched.cc:439 WARNING 641732 LoadBalance [#785] lane rescues performed: 0[0m
[33m/home/cvazquezperezdelacru/clio-core/context-runtime/src/scheduler/default_sched.cc:430 WARNING 641732 LoadBalance [#781 PDF] observed exec-time bins (cumulative): <10us=6614790 <50us=116252 <500us=15775 <10ms=16505 <50ms=223 <500ms=323 <1s=0 >=1s=0 | stalls_detected=0[0m
[33m/home/cvazquezperezdelacru/clio-core/context-runtime/src/scheduler/default_sched.cc:439 WARNING 641732 LoadBalance [#785] lane rescues performed: 0[0m
[33m/home/cvazquezperezdelacru/clio-core/context-runtime/src/scheduler/default_sched.cc:430 WARNING 641732 LoadBalance [#781 PDF] observed exec-time bins (cumulative): <10us=6681853 <50us=117423 <500us=15915 <10ms=16675 <50ms=225 <500ms=323 <1s=0 >=1s=0 | stalls_detected=0[0m
[33m/home/cvazquezperezdelacru/clio-core/context-runtime/src/scheduler/default_sched.cc:439 WARNING 641732 LoadBalance [#785] lane rescues performed: 0[0m
[33m/home/cvazquezperezdelacru/clio-core/context-runtime/src/scheduler/default_sched.cc:430 WARNING 641732 LoadBalance [#781 PDF] observed exec-time bins (cumulative): <10us=6748982 <50us=118096 <500us=16029 <10ms=16914 <50ms=225 <500ms=323 <1s=0 >=1s=0 | stalls_detected=0[0m
[33m/home/cvazquezperezdelacru/clio-core/context-runtime/src/scheduler/default_sched.cc:439 WARNING 641732 LoadBalance [#785] lane rescues performed: 0[0m
[33m/home/cvazquezperezdelacru/clio-core/context-runtime/src/scheduler/default_sched.cc:430 WARNING 641732 LoadBalance [#781 PDF] observed exec-time bins (cumulative): <10us=6820574 <50us=119560 <500us=16101 <10ms=17263 <50ms=232 <500ms=323 <1s=0 >=1s=0 | stalls_detected=0[0m
[33m/home/cvazquezperezdelacru/clio-core/context-runtime/src/scheduler/default_sched.cc:439 WARNING 641732 LoadBalance [#785] lane rescues performed: 0[0m
[33m/home/cvazquezperezdelacru/clio-core/context-runtime/src/scheduler/default_sched.cc:430 WARNING 641732 LoadBalance [#781 PDF] observed exec-time bins (cumulative): <10us=6894563 <50us=120384 <500us=16161 <10ms=17613 <50ms=235 <500ms=323 <1s=0 >=1s=0 | stalls_detected=0[0m
[33m/home/cvazquezperezdelacru/clio-core/context-runtime/src/scheduler/default_sched.cc:439 WARNING 641732 LoadBalance [#785] lane rescues performed: 0[0m
[33m/home/cvazquezperezdelacru/clio-core/context-runtime/src/scheduler/default_sched.cc:430 WARNING 641732 LoadBalance [#781 PDF] observed exec-time bins (cumulative): <10us=6959979 <50us=122627 <500us=16216 <10ms=17977 <50ms=238 <500ms=323 <1s=0 >=1s=0 | stalls_detected=0[0m
[33m/home/cvazquezperezdelacru/clio-core/context-runtime/src/scheduler/default_sched.cc:439 WARNING 641732 LoadBalance [#785] lane rescues performed: 0[0m
[33m/home/cvazquezperezdelacru/clio-core/context-runtime/src/scheduler/default_sched.cc:430 WARNING 641732 LoadBalance [#781 PDF] observed exec-time bins (cumulative): <10us=7022530 <50us=126859 <500us=16303 <10ms=18299 <50ms=238 <500ms=323 <1s=0 >=1s=0 | stalls_detected=0[0m
[33m/home/cvazquezperezdelacru/clio-core/context-runtime/src/scheduler/default_sched.cc:439 WARNING 641732 LoadBalance [#785] lane rescues performed: 0[0m
[33m/home/cvazquezperezdelacru/clio-core/context-runtime/src/scheduler/default_sched.cc:430 WARNING 641732 LoadBalance [#781 PDF] observed exec-time bins (cumulative): <10us=7087013 <50us=129537 <500us=16384 <10ms=18606 <50ms=244 <500ms=323 <1s=0 >=1s=0 | stalls_detected=0[0m
[33m/home/cvazquezperezdelacru/clio-core/context-runtime/src/scheduler/default_sched.cc:439 WARNING 641732 LoadBalance [#785] lane rescues performed: 0[0m
[33m/home/cvazquezperezdelacru/clio-core/context-runtime/src/scheduler/default_sched.cc:430 WARNING 641732 LoadBalance [#781 PDF] observed exec-time bins (cumulative): <10us=7153482 <50us=130512 <500us=16404 <10ms=18640 <50ms=244 <500ms=323 <1s=0 >=1s=0 | stalls_detected=0[0m
[33m/home/cvazquezperezdelacru/clio-core/context-runtime/src/scheduler/default_sched.cc:439 WARNING 641732 LoadBalance [#785] lane rescues performed: 0[0m
[97m/home/cvazquezperezdelacru/clio-core/context-runtime/src/ipc_manager.cc:2295 INFO 641734 GetOrCreateClient [ClientPool] Creating new persistent connection to 127.0.0.1:43943[0m
[97m/home/cvazquezperezdelacru/clio-core/context-runtime/src/ipc_manager.cc:2315 INFO 641734 GetOrCreateClient [ClientPool] Connection established to 127.0.0.1:43943[0m
[97m/home/cvazquezperezdelacru/clio-core/context-runtime/modules/admin/src/admin_runtime.cc:1213 INFO 641724 RegisterMemory Admin::RegisterMemory: Registering CPU alloc_id (641970.0)[0m
[97m/home/cvazquezperezdelacru/clio-core/context-runtime/src/ipc_manager.cc:2539 INFO 641724 RegisterMemory IpcManager::RegisterMemory: Registering clio_641970_0 from pid 641970[0m
[97m/home/cvazquezperezdelacru/clio-core/context-runtime/src/ipc_manager.cc:2582 INFO 641724 RegisterMemory IpcManager::RegisterMemory: Successfully registered clio_641970_0[0m
[97m/home/cvazquezperezdelacru/clio-core/context-runtime/src/pool_manager.cc:534 INFO 641728 CreatePool PoolManager: Creating pool 'clio_cte_core' with 1 containers (one per node)[0m
[97m/home/cvazquezperezdelacru/clio-core/context-runtime/src/pool_manager.cc:575 INFO 641728 CreatePool PoolManager: Pool PoolId(major:512, minor:0) already exists by ID, returning existing pool[0m
[97m/home/cvazquezperezdelacru/clio-core/context-runtime/src/pool_manager.cc:534 INFO 641728 CreatePool PoolManager: Creating pool 'faiss_ivf_bench' with 1 containers (one per node)[0m
[97m/home/cvazquezperezdelacru/clio-core/context-runtime/src/pool_manager.cc:575 INFO 641728 CreatePool PoolManager: Pool PoolId(major:600, minor:0) already exists by ID, returning existing pool[0m
[97m/home/cvazquezperezdelacru/clio-core/context-runtime/src/ipc_manager.cc:2447 INFO 641724 IncreaseClientShm IpcManager::IncreaseClientShm: Creating clio_641703_4 with size 117768192 (84213760 + 33554432 overhead)[0m
[97m/home/cvazquezperezdelacru/clio-core/context-runtime/src/ipc_manager.cc:2492 INFO 641724 IncreaseClientShm IpcManager::IncreaseClientShm: Created allocator clio_641703_4 with ID (641703.4)[0m
[97m/mnt/common/cvazquezperezdelacru/IOWARP/faiss/contrib/iowarp/chimod/src/faiss_ivf_runtime.cc:258 INFO 641724 OpenIndex faiss_ivf: opened '/mnt/common/cvazquezperezdelacru/faiss/slurm_bench/work/ondisk_nb100M.index' (d=128, nlist=16384, ntotal=100000000, tag='faiss_ivf::ondisk_nb100M')[0m
[97m/mnt/common/cvazquezperezdelacru/IOWARP/faiss/contrib/iowarp/chimod/src/faiss_ivf_runtime.cc:329 INFO 641724 Search faiss_ivf: Search nq=500 k=10 nprobe=256 unique_lists=16289[0m
[97m/home/cvazquezperezdelacru/clio-core/context-runtime/src/ipc_manager.cc:2447 INFO 641724 IncreaseClientShm IpcManager::IncreaseClientShm: Creating clio_641703_5 with size 177952912 (144398480 + 33554432 overhead)[0m
[97m/home/cvazquezperezdelacru/clio-core/context-runtime/src/ipc_manager.cc:2492 INFO 641724 IncreaseClientShm IpcManager::IncreaseClientShm: Created allocator clio_641703_5 with ID (641703.5)[0m
[97m/home/cvazquezperezdelacru/clio-core/context-runtime/src/ipc_manager.cc:2447 INFO 641724 IncreaseClientShm IpcManager::IncreaseClientShm: Creating clio_641703_6 with size 177952912 (144398480 + 33554432 overhead)[0m
[97m/home/cvazquezperezdelacru/clio-core/context-runtime/src/ipc_manager.cc:2492 INFO 641724 IncreaseClientShm IpcManager::IncreaseClientShm: Created allocator clio_641703_6 with ID (641703.6)[0m
[97m/home/cvazquezperezdelacru/clio-core/context-runtime/src/ipc_manager.cc:2447 INFO 641724 IncreaseClientShm IpcManager::IncreaseClientShm: Creating clio_641703_7 with size 177952912 (144398480 + 33554432 overhead)[0m
[97m/home/cvazquezperezdelacru/clio-core/context-runtime/src/ipc_manager.cc:2492 INFO 641724 IncreaseClientShm IpcManager::IncreaseClientShm: Created allocator clio_641703_7 with ID (641703.7)[0m
[97m/home/cvazquezperezdelacru/clio-core/context-runtime/src/ipc_manager.cc:2447 INFO 641724 IncreaseClientShm IpcManager::IncreaseClientShm: Creating clio_641703_8 with size 177952912 (144398480 + 33554432 overhead)[0m
[97m/home/cvazquezperezdelacru/clio-core/context-runtime/src/ipc_manager.cc:2492 INFO 641724 IncreaseClientShm IpcManager::IncreaseClientShm: Created allocator clio_641703_8 with ID (641703.8)[0m
[97m/home/cvazquezperezdelacru/clio-core/context-runtime/src/ipc_manager.cc:2447 INFO 641724 IncreaseClientShm IpcManager::IncreaseClientShm: Creating clio_641703_9 with size 177952912 (144398480 + 33554432 overhead)[0m
[97m/home/cvazquezperezdelacru/clio-core/context-runtime/src/ipc_manager.cc:2492 INFO 641724 IncreaseClientShm IpcManager::IncreaseClientShm: Created allocator clio_641703_9 with ID (641703.9)[0m
[97m/home/cvazquezperezdelacru/clio-core/context-runtime/src/ipc_manager.cc:2447 INFO 641724 IncreaseClientShm IpcManager::IncreaseClientShm: Creating clio_641703_10 with size 177952912 (144398480 + 33554432 overhead)[0m
[97m/home/cvazquezperezdelacru/clio-core/context-runtime/src/ipc_manager.cc:2492 INFO 641724 IncreaseClientShm IpcManager::IncreaseClientShm: Created allocator clio_641703_10 with ID (641703.10)[0m
[97m/home/cvazquezperezdelacru/clio-core/context-runtime/src/ipc_manager.cc:2447 INFO 641724 IncreaseClientShm IpcManager::IncreaseClientShm: Creating clio_641703_11 with size 177952912 (144398480 + 33554432 overhead)[0m
[97m/home/cvazquezperezdelacru/clio-core/context-runtime/src/ipc_manager.cc:2492 INFO 641724 IncreaseClientShm IpcManager::IncreaseClientShm: Created allocator clio_641703_11 with ID (641703.11)[0m
[97m/home/cvazquezperezdelacru/clio-core/context-runtime/src/ipc_manager.cc:2447 INFO 641724 IncreaseClientShm IpcManager::IncreaseClientShm: Creating clio_641703_12 with size 177952912 (144398480 + 33554432 overhead)[0m
[97m/home/cvazquezperezdelacru/clio-core/context-runtime/src/ipc_manager.cc:2492 INFO 641724 IncreaseClientShm IpcManager::IncreaseClientShm: Created allocator clio_641703_12 with ID (641703.12)[0m
[97m/home/cvazquezperezdelacru/clio-core/context-runtime/src/ipc_manager.cc:2447 INFO 641724 IncreaseClientShm IpcManager::IncreaseClientShm: Creating clio_641703_13 with size 177952912 (144398480 + 33554432 overhead)[0m
[97m/home/cvazquezperezdelacru/clio-core/context-runtime/src/ipc_manager.cc:2492 INFO 641724 IncreaseClientShm IpcManager::IncreaseClientShm: Created allocator clio_641703_13 with ID (641703.13)[0m
[33m/home/cvazquezperezdelacru/clio-core/context-runtime/src/scheduler/default_sched.cc:430 WARNING 641732 LoadBalance [#781 PDF] observed exec-time bins (cumulative): <10us=7221805 <50us=130825 <500us=16416 <10ms=18643 <50ms=244 <500ms=324 <1s=0 >=1s=0 | stalls_detected=0[0m
[33m/home/cvazquezperezdelacru/clio-core/context-runtime/src/scheduler/default_sched.cc:439 WARNING 641732 LoadBalance [#785] lane rescues performed: 0[0m
[33m/home/cvazquezperezdelacru/clio-core/context-runtime/src/scheduler/default_sched.cc:455 WARNING 641732 operator() [#781] worker 0 STALLED on one task (load_us=-3.05176e-05 realtime_load_us=1.0177e+06 threshold_s=1)[0m
[33m/home/cvazquezperezdelacru/clio-core/context-runtime/src/worker.cc:370 WARNING 641732 AdoptLane [#785] worker 0 adopted lane 0x7f8e8ed2b1e8[0m
[33m/home/cvazquezperezdelacru/clio-core/context-runtime/src/work_orchestrator.cc:545 WARNING 641732 SpawnAdditionalWorker [#785] spawned elastic worker 8 (pool now 9 workers)[0m
[33m/home/cvazquezperezdelacru/clio-core/context-runtime/src/scheduler/default_sched.cc:598 WARNING 641732 operator() [#785] RESCUE: stalled worker 0 -> worker 8 (0 parked task(s) moved, 0 queued task(s) redistributed, rescues=1)[0m
[33m/home/cvazquezperezdelacru/clio-core/context-runtime/src/scheduler/default_sched.cc:455 WARNING 641732 operator() [#781] worker 0 STALLED on one task (load_us=-3.05176e-05 realtime_load_us=1.51887e+06 threshold_s=1)[0m
[33m/home/cvazquezperezdelacru/clio-core/context-runtime/src/worker.cc:370 WARNING 641732 AdoptLane [#785] worker 0 adopted lane 0x7f8e8ed2b1e8[0m
[33m/home/cvazquezperezdelacru/clio-core/context-runtime/src/scheduler/default_sched.cc:598 WARNING 641732 operator() [#785] RESCUE: stalled worker 0 -> worker 8 (0 parked task(s) moved, 0 queued task(s) redistributed, rescues=2)[0m
[33m/home/cvazquezperezdelacru/clio-core/context-runtime/src/scheduler/default_sched.cc:455 WARNING 641732 operator() [#781] worker 0 STALLED on one task (load_us=-3.05176e-05 realtime_load_us=2.01934e+06 threshold_s=1)[0m
[33m/home/cvazquezperezdelacru/clio-core/context-runtime/src/worker.cc:370 WARNING 641732 AdoptLane [#785] worker 0 adopted lane 0x7f8e8ed2b1e8[0m
[33m/home/cvazquezperezdelacru/clio-core/context-runtime/src/scheduler/default_sched.cc:598 WARNING 641732 operator() [#785] RESCUE: stalled worker 0 -> worker 8 (0 parked task(s) moved, 0 queued task(s) redistributed, rescues=3)[0m
[33m/home/cvazquezperezdelacru/clio-core/context-runtime/src/scheduler/default_sched.cc:455 WARNING 641732 operator() [#781] worker 0 STALLED on one task (load_us=-3.05176e-05 realtime_load_us=2.51969e+06 threshold_s=1)[0m
[33m/home/cvazquezperezdelacru/clio-core/context-runtime/src/worker.cc:370 WARNING 641732 AdoptLane [#785] worker 0 adopted lane 0x7f8e8ed2b1e8[0m
[33m/home/cvazquezperezdelacru/clio-core/context-runtime/src/scheduler/default_sched.cc:598 WARNING 641732 operator() [#785] RESCUE: stalled worker 0 -> worker 8 (0 parked task(s) moved, 0 queued task(s) redistributed, rescues=4)[0m
[33m/home/cvazquezperezdelacru/clio-core/context-runtime/src/scheduler/default_sched.cc:455 WARNING 641732 operator() [#781] worker 0 STALLED on one task (load_us=-3.05176e-05 realtime_load_us=3.02024e+06 threshold_s=1)[0m
[33m/home/cvazquezperezdelacru/clio-core/context-runtime/src/worker.cc:370 WARNING 641732 AdoptLane [#785] worker 0 adopted lane 0x7f8e8ed2b1e8[0m
[33m/home/cvazquezperezdelacru/clio-core/context-runtime/src/scheduler/default_sched.cc:598 WARNING 641732 operator() [#785] RESCUE: stalled worker 0 -> worker 8 (0 parked task(s) moved, 0 queued task(s) redistributed, rescues=5)[0m
[33m/home/cvazquezperezdelacru/clio-core/context-runtime/src/scheduler/default_sched.cc:455 WARNING 641732 operator() [#781] worker 0 STALLED on one task (load_us=-3.05176e-05 realtime_load_us=3.52085e+06 threshold_s=1)[0m
[33m/home/cvazquezperezdelacru/clio-core/context-runtime/src/worker.cc:370 WARNING 641732 AdoptLane [#785] worker 0 adopted lane 0x7f8e8ed2b1e8[0m
[33m/home/cvazquezperezdelacru/clio-core/context-runtime/src/scheduler/default_sched.cc:598 WARNING 641732 operator() [#785] RESCUE: stalled worker 0 -> worker 8 (0 parked task(s) moved, 0 queued task(s) redistributed, rescues=6)[0m
[33m/home/cvazquezperezdelacru/clio-core/context-runtime/src/scheduler/default_sched.cc:455 WARNING 641732 operator() [#781] worker 0 STALLED on one task (load_us=-3.05176e-05 realtime_load_us=4.02164e+06 threshold_s=1)[0m
[33m/home/cvazquezperezdelacru/clio-core/context-runtime/src/worker.cc:370 WARNING 641732 AdoptLane [#785] worker 0 adopted lane 0x7f8e8ed2b1e8[0m
[33m/home/cvazquezperezdelacru/clio-core/context-runtime/src/scheduler/default_sched.cc:598 WARNING 641732 operator() [#785] RESCUE: stalled worker 0 -> worker 8 (0 parked task(s) moved, 0 queued task(s) redistributed, rescues=7)[0m
[33m/home/cvazquezperezdelacru/clio-core/context-runtime/src/scheduler/default_sched.cc:455 WARNING 641732 operator() [#781] worker 0 STALLED on one task (load_us=-3.05176e-05 realtime_load_us=4.52229e+06 threshold_s=1)[0m
[33m/home/cvazquezperezdelacru/clio-core/context-runtime/src/worker.cc:370 WARNING 641732 AdoptLane [#785] worker 0 adopted lane 0x7f8e8ed2b1e8[0m
[33m/home/cvazquezperezdelacru/clio-core/context-runtime/src/scheduler/default_sched.cc:598 WARNING 641732 operator() [#785] RESCUE: stalled worker 0 -> worker 8 (0 parked task(s) moved, 0 queued task(s) redistributed, rescues=8)[0m
[33m/home/cvazquezperezdelacru/clio-core/context-runtime/src/scheduler/default_sched.cc:455 WARNING 641732 operator() [#781] worker 0 STALLED on one task (load_us=-3.05176e-05 realtime_load_us=5.02338e+06 threshold_s=1)[0m
[33m/home/cvazquezperezdelacru/clio-core/context-runtime/src/worker.cc:370 WARNING 641732 AdoptLane [#785] worker 0 adopted lane 0x7f8e8ed2b1e8[0m
[33m/home/cvazquezperezdelacru/clio-core/context-runtime/src/scheduler/default_sched.cc:598 WARNING 641732 operator() [#785] RESCUE: stalled worker 0 -> worker 8 (0 parked task(s) moved, 0 queued task(s) redistributed, rescues=9)[0m
[33m/home/cvazquezperezdelacru/clio-core/context-runtime/src/scheduler/default_sched.cc:455 WARNING 641732 operator() [#781] worker 0 STALLED on one task (load_us=-3.05176e-05 realtime_load_us=5.5243e+06 threshold_s=1)[0m
[33m/home/cvazquezperezdelacru/clio-core/context-runtime/src/worker.cc:370 WARNING 641732 AdoptLane [#785] worker 0 adopted lane 0x7f8e8ed2b1e8[0m
[33m/home/cvazquezperezdelacru/clio-core/context-runtime/src/scheduler/default_sched.cc:598 WARNING 641732 operator() [#785] RESCUE: stalled worker 0 -> worker 8 (0 parked task(s) moved, 0 queued task(s) redistributed, rescues=10)[0m
[33m/home/cvazquezperezdelacru/clio-core/context-runtime/src/scheduler/default_sched.cc:430 WARNING 641732 LoadBalance [#781 PDF] observed exec-time bins (cumulative): <10us=7267897 <50us=147317 <500us=16429 <10ms=18649 <50ms=244 <500ms=324 <1s=0 >=1s=0 | stalls_detected=10[0m
[33m/home/cvazquezperezdelacru/clio-core/context-runtime/src/scheduler/default_sched.cc:439 WARNING 641732 LoadBalance [#785] lane rescues performed: 10[0m
[33m/home/cvazquezperezdelacru/clio-core/context-runtime/src/scheduler/default_sched.cc:455 WARNING 641732 operator() [#781] worker 0 STALLED on one task (load_us=-3.05176e-05 realtime_load_us=6.0255e+06 threshold_s=1)[0m
[33m/home/cvazquezperezdelacru/clio-core/context-runtime/src/worker.cc:370 WARNING 641732 AdoptLane [#785] worker 0 adopted lane 0x7f8e8ed2b1e8[0m
[33m/home/cvazquezperezdelacru/clio-core/context-runtime/src/scheduler/default_sched.cc:598 WARNING 641732 operator() [#785] RESCUE: stalled worker 0 -> worker 8 (0 parked task(s) moved, 0 queued task(s) redistributed, rescues=11)[0m
[33m/home/cvazquezperezdelacru/clio-core/context-runtime/src/scheduler/default_sched.cc:455 WARNING 641732 operator() [#781] worker 0 STALLED on one task (load_us=-3.05176e-05 realtime_load_us=6.52623e+06 threshold_s=1)[0m
[33m/home/cvazquezperezdelacru/clio-core/context-runtime/src/worker.cc:370 WARNING 641732 AdoptLane [#785] worker 0 adopted lane 0x7f8e8ed2b1e8[0m
[33m/home/cvazquezperezdelacru/clio-core/context-runtime/src/scheduler/default_sched.cc:598 WARNING 641732 operator() [#785] RESCUE: stalled worker 0 -> worker 8 (0 parked task(s) moved, 0 queued task(s) redistributed, rescues=12)[0m
[33m/home/cvazquezperezdelacru/clio-core/context-runtime/src/scheduler/default_sched.cc:455 WARNING 641732 operator() [#781] worker 0 STALLED on one task (load_us=-3.05176e-05 realtime_load_us=7.02683e+06 threshold_s=1)[0m
[33m/home/cvazquezperezdelacru/clio-core/context-runtime/src/worker.cc:370 WARNING 641732 AdoptLane [#785] worker 0 adopted lane 0x7f8e8ed2b1e8[0m
[33m/home/cvazquezperezdelacru/clio-core/context-runtime/src/scheduler/default_sched.cc:598 WARNING 641732 operator() [#785] RESCUE: stalled worker 0 -> worker 8 (0 parked task(s) moved, 0 queued task(s) redistributed, rescues=13)[0m
[33m/home/cvazquezperezdelacru/clio-core/context-runtime/src/scheduler/default_sched.cc:455 WARNING 641732 operator() [#781] worker 0 STALLED on one task (load_us=-3.05176e-05 realtime_load_us=7.52749e+06 threshold_s=1)[0m
[33m/home/cvazquezperezdelacru/clio-core/context-runtime/src/worker.cc:370 WARNING 641732 AdoptLane [#785] worker 0 adopted lane 0x7f8e8ed2b1e8[0m
[33m/home/cvazquezperezdelacru/clio-core/context-runtime/src/scheduler/default_sched.cc:598 WARNING 641732 operator() [#785] RESCUE: stalled worker 0 -> worker 8 (0 parked task(s) moved, 0 queued task(s) redistributed, rescues=14)[0m
[33m/home/cvazquezperezdelacru/clio-core/context-runtime/src/scheduler/default_sched.cc:455 WARNING 641732 operator() [#781] worker 0 STALLED on one task (load_us=-3.05176e-05 realtime_load_us=8.02817e+06 threshold_s=1)[0m
[33m/home/cvazquezperezdelacru/clio-core/context-runtime/src/worker.cc:370 WARNING 641732 AdoptLane [#785] worker 0 adopted lane 0x7f8e8ed2b1e8[0m
[33m/home/cvazquezperezdelacru/clio-core/context-runtime/src/scheduler/default_sched.cc:598 WARNING 641732 operator() [#785] RESCUE: stalled worker 0 -> worker 8 (0 parked task(s) moved, 0 queued task(s) redistributed, rescues=15)[0m
[33m/home/cvazquezperezdelacru/clio-core/context-runtime/src/scheduler/default_sched.cc:455 WARNING 641732 operator() [#781] worker 0 STALLED on one task (load_us=-3.05176e-05 realtime_load_us=8.52881e+06 threshold_s=1)[0m
[33m/home/cvazquezperezdelacru/clio-core/context-runtime/src/worker.cc:370 WARNING 641732 AdoptLane [#785] worker 0 adopted lane 0x7f8e8ed2b1e8[0m
[33m/home/cvazquezperezdelacru/clio-core/context-runtime/src/scheduler/default_sched.cc:598 WARNING 641732 operator() [#785] RESCUE: stalled worker 0 -> worker 8 (0 parked task(s) moved, 0 queued task(s) redistributed, rescues=16)[0m
[33m/home/cvazquezperezdelacru/clio-core/context-runtime/src/scheduler/default_sched.cc:455 WARNING 641732 operator() [#781] worker 0 STALLED on one task (load_us=-3.05176e-05 realtime_load_us=9.02954e+06 threshold_s=1)[0m
[33m/home/cvazquezperezdelacru/clio-core/context-runtime/src/worker.cc:370 WARNING 641732 AdoptLane [#785] worker 0 adopted lane 0x7f8e8ed2b1e8[0m
[33m/home/cvazquezperezdelacru/clio-core/context-runtime/src/scheduler/default_sched.cc:598 WARNING 641732 operator() [#785] RESCUE: stalled worker 0 -> worker 8 (0 parked task(s) moved, 0 queued task(s) redistributed, rescues=17)[0m
[33m/home/cvazquezperezdelacru/clio-core/context-runtime/src/scheduler/default_sched.cc:455 WARNING 641732 operator() [#781] worker 0 STALLED on one task (load_us=-3.05176e-05 realtime_load_us=9.53012e+06 threshold_s=1)[0m
[33m/home/cvazquezperezdelacru/clio-core/context-runtime/src/worker.cc:370 WARNING 641732 AdoptLane [#785] worker 0 adopted lane 0x7f8e8ed2b1e8[0m
[33m/home/cvazquezperezdelacru/clio-core/context-runtime/src/scheduler/default_sched.cc:598 WARNING 641732 operator() [#785] RESCUE: stalled worker 0 -> worker 8 (0 parked task(s) moved, 0 queued task(s) redistributed, rescues=18)[0m
[33m/home/cvazquezperezdelacru/clio-core/context-runtime/src/scheduler/default_sched.cc:455 WARNING 641732 operator() [#781] worker 0 STALLED on one task (load_us=-3.05176e-05 realtime_load_us=1.00307e+07 threshold_s=1)[0m
[33m/home/cvazquezperezdelacru/clio-core/context-runtime/src/worker.cc:370 WARNING 641732 AdoptLane [#785] worker 0 adopted lane 0x7f8e8ed2b1e8[0m
[33m/home/cvazquezperezdelacru/clio-core/context-runtime/src/scheduler/default_sched.cc:598 WARNING 641732 operator() [#785] RESCUE: stalled worker 0 -> worker 8 (0 parked task(s) moved, 0 queued task(s) redistributed, rescues=19)[0m
[33m/home/cvazquezperezdelacru/clio-core/context-runtime/src/scheduler/default_sched.cc:455 WARNING 641732 operator() [#781] worker 0 STALLED on one task (load_us=-3.05176e-05 realtime_load_us=1.05314e+07 threshold_s=1)[0m
[33m/home/cvazquezperezdelacru/clio-core/context-runtime/src/worker.cc:370 WARNING 641732 AdoptLane [#785] worker 0 adopted lane 0x7f8e8ed2b1e8[0m
[33m/home/cvazquezperezdelacru/clio-core/context-runtime/src/scheduler/default_sched.cc:598 WARNING 641732 operator() [#785] RESCUE: stalled worker 0 -> worker 8 (0 parked task(s) moved, 0 queued task(s) redistributed, rescues=20)[0m
[33m/home/cvazquezperezdelacru/clio-core/context-runtime/src/scheduler/default_sched.cc:430 WARNING 641732 LoadBalance [#781 PDF] observed exec-time bins (cumulative): <10us=7324840 <50us=155621 <500us=16438 <10ms=18650 <50ms=244 <500ms=324 <1s=0 >=1s=0 | stalls_detected=20[0m
[33m/home/cvazquezperezdelacru/clio-core/context-runtime/src/scheduler/default_sched.cc:439 WARNING 641732 LoadBalance [#785] lane rescues performed: 20[0m
[33m/home/cvazquezperezdelacru/clio-core/context-runtime/src/scheduler/default_sched.cc:455 WARNING 641732 operator() [#781] worker 0 STALLED on one task (load_us=-3.05176e-05 realtime_load_us=1.10319e+07 threshold_s=1)[0m
[33m/home/cvazquezperezdelacru/clio-core/context-runtime/src/worker.cc:370 WARNING 641732 AdoptLane [#785] worker 0 adopted lane 0x7f8e8ed2b1e8[0m
[33m/home/cvazquezperezdelacru/clio-core/context-runtime/src/scheduler/default_sched.cc:598 WARNING 641732 operator() [#785] RESCUE: stalled worker 0 -> worker 8 (0 parked task(s) moved, 0 queued task(s) redistributed, rescues=21)[0m
[33m/home/cvazquezperezdelacru/clio-core/context-runtime/src/scheduler/default_sched.cc:455 WARNING 641732 operator() [#781] worker 0 STALLED on one task (load_us=-3.05176e-05 realtime_load_us=1.15327e+07 threshold_s=1)[0m
[33m/home/cvazquezperezdelacru/clio-core/context-runtime/src/worker.cc:370 WARNING 641732 AdoptLane [#785] worker 0 adopted lane 0x7f8e8ed2b1e8[0m
[33m/home/cvazquezperezdelacru/clio-core/context-runtime/src/scheduler/default_sched.cc:598 WARNING 641732 operator() [#785] RESCUE: stalled worker 0 -> worker 8 (0 parked task(s) moved, 0 queued task(s) redistributed, rescues=22)[0m
[33m/home/cvazquezperezdelacru/clio-core/context-runtime/src/scheduler/default_sched.cc:455 WARNING 641732 operator() [#781] worker 0 STALLED on one task (load_us=-3.05176e-05 realtime_load_us=1.20334e+07 threshold_s=1)[0m
[33m/home/cvazquezperezdelacru/clio-core/context-runtime/src/worker.cc:370 WARNING 641732 AdoptLane [#785] worker 0 adopted lane 0x7f8e8ed2b1e8[0m
[33m/home/cvazquezperezdelacru/clio-core/context-runtime/src/scheduler/default_sched.cc:598 WARNING 641732 operator() [#785] RESCUE: stalled worker 0 -> worker 8 (0 parked task(s) moved, 0 queued task(s) redistributed, rescues=23)[0m
[31m/home/cvazquezperezdelacru/clio-core/context-runtime/src/scheduler/default_sched.cc:726 ERROR 641732 LoadBalance [HANGWATCH-HB] processed=62043 outstanding=33 (queued=33 blocked=0 retry=0 periodic=25) live=3 live_stalled=0[0m
[31m/home/cvazquezperezdelacru/clio-core/context-runtime/src/scheduler/default_sched.cc:726 ERROR 641732 LoadBalance [HANGWATCH-HB] processed=64665 outstanding=10 (queued=10 blocked=0 retry=0 periodic=7) live=2 live_stalled=0[0m
[33m/home/cvazquezperezdelacru/clio-core/context-runtime/src/scheduler/default_sched.cc:430 WARNING 641732 LoadBalance [#781 PDF] observed exec-time bins (cumulative): <10us=7392103 <50us=160376 <500us=16601 <10ms=19916 <50ms=301 <500ms=324 <1s=0 >=1s=0 | stalls_detected=23[0m
[33m/home/cvazquezperezdelacru/clio-core/context-runtime/src/scheduler/default_sched.cc:439 WARNING 641732 LoadBalance [#785] lane rescues performed: 23[0m
[31m/home/cvazquezperezdelacru/clio-core/context-runtime/src/scheduler/default_sched.cc:726 ERROR 641732 LoadBalance [HANGWATCH-HB] processed=66307 outstanding=17 (queued=17 blocked=0 retry=0 periodic=37) live=1 live_stalled=0[0m
[33m/home/cvazquezperezdelacru/clio-core/context-runtime/src/scheduler/default_sched.cc:430 WARNING 641732 LoadBalance [#781 PDF] observed exec-time bins (cumulative): <10us=7463227 <50us=163448 <500us=16718 <10ms=21305 <50ms=333 <500ms=324 <1s=0 >=1s=0 | stalls_detected=23[0m
[33m/home/cvazquezperezdelacru/clio-core/context-runtime/src/scheduler/default_sched.cc:439 WARNING 641732 LoadBalance [#785] lane rescues performed: 23[0m
[31m/home/cvazquezperezdelacru/clio-core/context-runtime/src/scheduler/default_sched.cc:726 ERROR 641732 LoadBalance [HANGWATCH-HB] processed=68441 outstanding=37 (queued=37 blocked=0 retry=0 periodic=9) live=2 live_stalled=0[0m
[31m/home/cvazquezperezdelacru/clio-core/context-runtime/src/scheduler/default_sched.cc:726 ERROR 641732 LoadBalance [HANGWATCH-HB] processed=70174 outstanding=24 (queued=24 blocked=0 retry=0 periodic=7) live=0 live_stalled=0[0m
[33m/home/cvazquezperezdelacru/clio-core/context-runtime/src/scheduler/default_sched.cc:430 WARNING 641732 LoadBalance [#781 PDF] observed exec-time bins (cumulative): <10us=7533792 <50us=166988 <500us=17026 <10ms=23134 <50ms=539 <500ms=325 <1s=0 >=1s=0 | stalls_detected=23[0m
[33m/home/cvazquezperezdelacru/clio-core/context-runtime/src/scheduler/default_sched.cc:439 WARNING 641732 LoadBalance [#785] lane rescues performed: 23[0m
[31m/home/cvazquezperezdelacru/clio-core/context-runtime/src/scheduler/default_sched.cc:726 ERROR 641732 LoadBalance [HANGWATCH-HB] processed=73181 outstanding=16 (queued=16 blocked=0 retry=0 periodic=27) live=1 live_stalled=0[0m
[97m/mnt/common/cvazquezperezdelacru/IOWARP/faiss/contrib/iowarp/chimod/src/faiss_ivf_runtime.cc:329 INFO 641726 Search faiss_ivf: Search nq=500 k=10 nprobe=256 unique_lists=16289[0m
[33m/home/cvazquezperezdelacru/clio-core/context-runtime/src/scheduler/default_sched.cc:455 WARNING 641732 operator() [#781] worker 2 STALLED on one task (load_us=-nan realtime_load_us=-nan threshold_s=1)[0m
[33m/home/cvazquezperezdelacru/clio-core/context-runtime/src/worker.cc:370 WARNING 641732 AdoptLane [#785] worker 2 adopted lane 0x7f8e8ed2b368[0m
[33m/home/cvazquezperezdelacru/clio-core/context-runtime/src/work_orchestrator.cc:545 WARNING 641732 SpawnAdditionalWorker [#785] spawned elastic worker 9 (pool now 10 workers)[0m
[33m/home/cvazquezperezdelacru/clio-core/context-runtime/src/scheduler/default_sched.cc:598 WARNING 641732 operator() [#785] RESCUE: stalled worker 2 -> worker 9 (3 parked task(s) moved, 1 queued task(s) redistributed, rescues=24)[0m
[33m/home/cvazquezperezdelacru/clio-core/context-runtime/src/scheduler/default_sched.cc:455 WARNING 641732 operator() [#781] worker 2 STALLED on one task (load_us=-nan realtime_load_us=-nan threshold_s=1)[0m
[33m/home/cvazquezperezdelacru/clio-core/context-runtime/src/worker.cc:370 WARNING 641732 AdoptLane [#785] worker 2 adopted lane 0x7f8e8ed2b368[0m
[33m/home/cvazquezperezdelacru/clio-core/context-runtime/src/scheduler/default_sched.cc:598 WARNING 641732 operator() [#785] RESCUE: stalled worker 2 -> worker 8 (0 parked task(s) moved, 0 queued task(s) redistributed, rescues=25)[0m
[33m/home/cvazquezperezdelacru/clio-core/context-runtime/src/scheduler/default_sched.cc:455 WARNING 641732 operator() [#781] worker 2 STALLED on one task (load_us=-nan realtime_load_us=-nan threshold_s=1)[0m
[33m/home/cvazquezperezdelacru/clio-core/context-runtime/src/worker.cc:370 WARNING 641732 AdoptLane [#785] worker 2 adopted lane 0x7f8e8ed2b368[0m
[33m/home/cvazquezperezdelacru/clio-core/context-runtime/src/scheduler/default_sched.cc:598 WARNING 641732 operator() [#785] RESCUE: stalled worker 2 -> worker 8 (0 parked task(s) moved, 0 queued task(s) redistributed, rescues=26)[0m
[33m/home/cvazquezperezdelacru/clio-core/context-runtime/src/scheduler/default_sched.cc:455 WARNING 641732 operator() [#781] worker 2 STALLED on one task (load_us=-nan realtime_load_us=-nan threshold_s=1)[0m
[33m/home/cvazquezperezdelacru/clio-core/context-runtime/src/worker.cc:370 WARNING 641732 AdoptLane [#785] worker 2 adopted lane 0x7f8e8ed2b368[0m
[33m/home/cvazquezperezdelacru/clio-core/context-runtime/src/scheduler/default_sched.cc:598 WARNING 641732 operator() [#785] RESCUE: stalled worker 2 -> worker 8 (0 parked task(s) moved, 0 queued task(s) redistributed, rescues=27)[0m
[33m/home/cvazquezperezdelacru/clio-core/context-runtime/src/scheduler/default_sched.cc:430 WARNING 641732 LoadBalance [#781 PDF] observed exec-time bins (cumulative): <10us=7599730 <50us=170949 <500us=17105 <10ms=23708 <50ms=629 <500ms=325 <1s=0 >=1s=1 | stalls_detected=27[0m
[33m/home/cvazquezperezdelacru/clio-core/context-runtime/src/scheduler/default_sched.cc:439 WARNING 641732 LoadBalance [#785] lane rescues performed: 27[0m
[33m/home/cvazquezperezdelacru/clio-core/context-runtime/src/scheduler/default_sched.cc:455 WARNING 641732 operator() [#781] worker 2 STALLED on one task (load_us=-nan realtime_load_us=-nan threshold_s=1)[0m
[33m/home/cvazquezperezdelacru/clio-core/context-runtime/src/worker.cc:370 WARNING 641732 AdoptLane [#785] worker 2 adopted lane 0x7f8e8ed2b368[0m
[33m/home/cvazquezperezdelacru/clio-core/context-runtime/src/scheduler/default_sched.cc:598 WARNING 641732 operator() [#785] RESCUE: stalled worker 2 -> worker 8 (0 parked task(s) moved, 0 queued task(s) redistributed, rescues=28)[0m
[33m/home/cvazquezperezdelacru/clio-core/context-runtime/src/scheduler/default_sched.cc:455 WARNING 641732 operator() [#781] worker 2 STALLED on one task (load_us=-nan realtime_load_us=-nan threshold_s=1)[0m
[33m/home/cvazquezperezdelacru/clio-core/context-runtime/src/worker.cc:370 WARNING 641732 AdoptLane [#785] worker 2 adopted lane 0x7f8e8ed2b368[0m
[33m/home/cvazquezperezdelacru/clio-core/context-runtime/src/scheduler/default_sched.cc:598 WARNING 641732 operator() [#785] RESCUE: stalled worker 2 -> worker 8 (0 parked task(s) moved, 0 queued task(s) redistributed, rescues=29)[0m
[33m/home/cvazquezperezdelacru/clio-core/context-runtime/src/scheduler/default_sched.cc:455 WARNING 641732 operator() [#781] worker 2 STALLED on one task (load_us=-nan realtime_load_us=-nan threshold_s=1)[0m
[33m/home/cvazquezperezdelacru/clio-core/context-runtime/src/worker.cc:370 WARNING 641732 AdoptLane [#785] worker 2 adopted lane 0x7f8e8ed2b368[0m
[33m/home/cvazquezperezdelacru/clio-core/context-runtime/src/scheduler/default_sched.cc:598 WARNING 641732 operator() [#785] RESCUE: stalled worker 2 -> worker 8 (0 parked task(s) moved, 0 queued task(s) redistributed, rescues=30)[0m
[33m/home/cvazquezperezdelacru/clio-core/context-runtime/src/scheduler/default_sched.cc:455 WARNING 641732 operator() [#781] worker 2 STALLED on one task (load_us=-nan realtime_load_us=-nan threshold_s=1)[0m
[33m/home/cvazquezperezdelacru/clio-core/context-runtime/src/worker.cc:370 WARNING 641732 AdoptLane [#785] worker 2 adopted lane 0x7f8e8ed2b368[0m
[33m/home/cvazquezperezdelacru/clio-core/context-runtime/src/scheduler/default_sched.cc:598 WARNING 641732 operator() [#785] RESCUE: stalled worker 2 -> worker 8 (0 parked task(s) moved, 0 queued task(s) redistributed, rescues=31)[0m
[33m/home/cvazquezperezdelacru/clio-core/context-runtime/src/scheduler/default_sched.cc:455 WARNING 641732 operator() [#781] worker 2 STALLED on one task (load_us=-nan realtime_load_us=-nan threshold_s=1)[0m
[33m/home/cvazquezperezdelacru/clio-core/context-runtime/src/worker.cc:370 WARNING 641732 AdoptLane [#785] worker 2 adopted lane 0x7f8e8ed2b368[0m
[33m/home/cvazquezperezdelacru/clio-core/context-runtime/src/scheduler/default_sched.cc:598 WARNING 641732 operator() [#785] RESCUE: stalled worker 2 -> worker 8 (0 parked task(s) moved, 0 queued task(s) redistributed, rescues=32)[0m
[31m/home/cvazquezperezdelacru/clio-core/context-runtime/src/scheduler/default_sched.cc:726 ERROR 641732 LoadBalance [HANGWATCH-HB] processed=74176 outstanding=1 (queued=1 blocked=0 retry=0 periodic=6) live=1 live_stalled=1[0m
[33m/home/cvazquezperezdelacru/clio-core/context-runtime/src/scheduler/default_sched.cc:455 WARNING 641732 operator() [#781] worker 2 STALLED on one task (load_us=-nan realtime_load_us=-nan threshold_s=1)[0m
[33m/home/cvazquezperezdelacru/clio-core/context-runtime/src/worker.cc:370 WARNING 641732 AdoptLane [#785] worker 2 adopted lane 0x7f8e8ed2b368[0m
[33m/home/cvazquezperezdelacru/clio-core/context-runtime/src/scheduler/default_sched.cc:598 WARNING 641732 operator() [#785] RESCUE: stalled worker 2 -> worker 9 (0 parked task(s) moved, 1 queued task(s) redistributed, rescues=33)[0m
[33m/home/cvazquezperezdelacru/clio-core/context-runtime/src/scheduler/default_sched.cc:455 WARNING 641732 operator() [#781] worker 2 STALLED on one task (load_us=-nan realtime_load_us=-nan threshold_s=1)[0m
[33m/home/cvazquezperezdelacru/clio-core/context-runtime/src/worker.cc:370 WARNING 641732 AdoptLane [#785] worker 2 adopted lane 0x7f8e8ed2b368[0m
[33m/home/cvazquezperezdelacru/clio-core/context-runtime/src/scheduler/default_sched.cc:598 WARNING 641732 operator() [#785] RESCUE: stalled worker 2 -> worker 8 (0 parked task(s) moved, 0 queued task(s) redistributed, rescues=34)[0m
[33m/home/cvazquezperezdelacru/clio-core/context-runtime/src/scheduler/default_sched.cc:455 WARNING 641732 operator() [#781] worker 2 STALLED on one task (load_us=-nan realtime_load_us=-nan threshold_s=1)[0m
[33m/home/cvazquezperezdelacru/clio-core/context-runtime/src/worker.cc:370 WARNING 641732 AdoptLane [#785] worker 2 adopted lane 0x7f8e8ed2b368[0m
[33m/home/cvazquezperezdelacru/clio-core/context-runtime/src/scheduler/default_sched.cc:598 WARNING 641732 operator() [#785] RESCUE: stalled worker 2 -> worker 8 (0 parked task(s) moved, 0 queued task(s) redistributed, rescues=35)[0m
[33m/home/cvazquezperezdelacru/clio-core/context-runtime/src/scheduler/default_sched.cc:455 WARNING 641732 operator() [#781] worker 2 STALLED on one task (load_us=-nan realtime_load_us=-nan threshold_s=1)[0m
[33m/home/cvazquezperezdelacru/clio-core/context-runtime/src/worker.cc:370 WARNING 641732 AdoptLane [#785] worker 2 adopted lane 0x7f8e8ed2b368[0m
[33m/home/cvazquezperezdelacru/clio-core/context-runtime/src/scheduler/default_sched.cc:598 WARNING 641732 operator() [#785] RESCUE: stalled worker 2 -> worker 9 (0 parked task(s) moved, 1 queued task(s) redistributed, rescues=36)[0m
[33m/home/cvazquezperezdelacru/clio-core/context-runtime/src/scheduler/default_sched.cc:455 WARNING 641732 operator() [#781] worker 2 STALLED on one task (load_us=-nan realtime_load_us=-nan threshold_s=1)[0m
[33m/home/cvazquezperezdelacru/clio-core/context-runtime/src/worker.cc:370 WARNING 641732 AdoptLane [#785] worker 2 adopted lane 0x7f8e8ed2b368[0m
[33m/home/cvazquezperezdelacru/clio-core/context-runtime/src/scheduler/default_sched.cc:598 WARNING 641732 operator() [#785] RESCUE: stalled worker 2 -> worker 8 (0 parked task(s) moved, 0 queued task(s) redistributed, rescues=37)[0m
[33m/home/cvazquezperezdelacru/clio-core/context-runtime/src/scheduler/default_sched.cc:430 WARNING 641732 LoadBalance [#781 PDF] observed exec-time bins (cumulative): <10us=7665917 <50us=172397 <500us=17108 <10ms=23712 <50ms=629 <500ms=325 <1s=0 >=1s=1 | stalls_detected=37[0m
[33m/home/cvazquezperezdelacru/clio-core/context-runtime/src/scheduler/default_sched.cc:439 WARNING 641732 LoadBalance [#785] lane rescues performed: 37[0m
[33m/home/cvazquezperezdelacru/clio-core/context-runtime/src/scheduler/default_sched.cc:455 WARNING 641732 operator() [#781] worker 2 STALLED on one task (load_us=-nan realtime_load_us=-nan threshold_s=1)[0m
[33m/home/cvazquezperezdelacru/clio-core/context-runtime/src/worker.cc:370 WARNING 641732 AdoptLane [#785] worker 2 adopted lane 0x7f8e8ed2b368[0m
[33m/home/cvazquezperezdelacru/clio-core/context-runtime/src/scheduler/default_sched.cc:598 WARNING 641732 operator() [#785] RESCUE: stalled worker 2 -> worker 8 (0 parked task(s) moved, 0 queued task(s) redistributed, rescues=38)[0m
[33m/home/cvazquezperezdelacru/clio-core/context-runtime/src/scheduler/default_sched.cc:455 WARNING 641732 operator() [#781] worker 2 STALLED on one task (load_us=-nan realtime_load_us=-nan threshold_s=1)[0m
[33m/home/cvazquezperezdelacru/clio-core/context-runtime/src/worker.cc:370 WARNING 641732 AdoptLane [#785] worker 2 adopted lane 0x7f8e8ed2b368[0m
[33m/home/cvazquezperezdelacru/clio-core/context-runtime/src/scheduler/default_sched.cc:598 WARNING 641732 operator() [#785] RESCUE: stalled worker 2 -> worker 8 (0 parked task(s) moved, 0 queued task(s) redistributed, rescues=39)[0m
[33m/home/cvazquezperezdelacru/clio-core/context-runtime/src/scheduler/default_sched.cc:455 WARNING 641732 operator() [#781] worker 2 STALLED on one task (load_us=-nan realtime_load_us=-nan threshold_s=1)[0m
[33m/home/cvazquezperezdelacru/clio-core/context-runtime/src/worker.cc:370 WARNING 641732 AdoptLane [#785] worker 2 adopted lane 0x7f8e8ed2b368[0m
[33m/home/cvazquezperezdelacru/clio-core/context-runtime/src/scheduler/default_sched.cc:598 WARNING 641732 operator() [#785] RESCUE: stalled worker 2 -> worker 8 (0 parked task(s) moved, 0 queued task(s) redistributed, rescues=40)[0m
[33m/home/cvazquezperezdelacru/clio-core/context-runtime/src/scheduler/default_sched.cc:455 WARNING 641732 operator() [#781] worker 2 STALLED on one task (load_us=-nan realtime_load_us=-nan threshold_s=1)[0m
[33m/home/cvazquezperezdelacru/clio-core/context-runtime/src/worker.cc:370 WARNING 641732 AdoptLane [#785] worker 2 adopted lane 0x7f8e8ed2b368[0m
[33m/home/cvazquezperezdelacru/clio-core/context-runtime/src/scheduler/default_sched.cc:598 WARNING 641732 operator() [#785] RESCUE: stalled worker 2 -> worker 8 (0 parked task(s) moved, 0 queued task(s) redistributed, rescues=41)[0m
[33m/home/cvazquezperezdelacru/clio-core/context-runtime/src/scheduler/default_sched.cc:455 WARNING 641732 operator() [#781] worker 2 STALLED on one task (load_us=-nan realtime_load_us=-nan threshold_s=1)[0m
[33m/home/cvazquezperezdelacru/clio-core/context-runtime/src/worker.cc:370 WARNING 641732 AdoptLane [#785] worker 2 adopted lane 0x7f8e8ed2b368[0m
[33m/home/cvazquezperezdelacru/clio-core/context-runtime/src/scheduler/default_sched.cc:598 WARNING 641732 operator() [#785] RESCUE: stalled worker 2 -> worker 8 (0 parked task(s) moved, 0 queued task(s) redistributed, rescues=42)[0m
[33m/home/cvazquezperezdelacru/clio-core/context-runtime/src/scheduler/default_sched.cc:455 WARNING 641732 operator() [#781] worker 2 STALLED on one task (load_us=-nan realtime_load_us=-nan threshold_s=1)[0m
[33m/home/cvazquezperezdelacru/clio-core/context-runtime/src/worker.cc:370 WARNING 641732 AdoptLane [#785] worker 2 adopted lane 0x7f8e8ed2b368[0m
[33m/home/cvazquezperezdelacru/clio-core/context-runtime/src/scheduler/default_sched.cc:598 WARNING 641732 operator() [#785] RESCUE: stalled worker 2 -> worker 9 (0 parked task(s) moved, 1 queued task(s) redistributed, rescues=43)[0m
[33m/home/cvazquezperezdelacru/clio-core/context-runtime/src/scheduler/default_sched.cc:430 WARNING 641732 LoadBalance [#781 PDF] observed exec-time bins (cumulative): <10us=7732032 <50us=175485 <500us=17283 <10ms=24458 <50ms=760 <500ms=325 <1s=0 >=1s=1 | stalls_detected=43[0m
[33m/home/cvazquezperezdelacru/clio-core/context-runtime/src/scheduler/default_sched.cc:439 WARNING 641732 LoadBalance [#785] lane rescues performed: 43[0m
[31m/home/cvazquezperezdelacru/clio-core/context-runtime/src/scheduler/default_sched.cc:726 ERROR 641732 LoadBalance [HANGWATCH-HB] processed=76436 outstanding=42 (queued=42 blocked=0 retry=0 periodic=24) live=4 live_stalled=0[0m
[31m/home/cvazquezperezdelacru/clio-core/context-runtime/src/scheduler/default_sched.cc:726 ERROR 641732 LoadBalance [HANGWATCH-HB] processed=79200 outstanding=33 (queued=33 blocked=0 retry=0 periodic=28) live=3 live_stalled=0[0m
[33m/home/cvazquezperezdelacru/clio-core/context-runtime/src/scheduler/default_sched.cc:430 WARNING 641732 LoadBalance [#781 PDF] observed exec-time bins (cumulative): <10us=7800720 <50us=180026 <500us=17563 <10ms=26336 <50ms=1023 <500ms=325 <1s=0 >=1s=1 | stalls_detected=43[0m
[33m/home/cvazquezperezdelacru/clio-core/context-runtime/src/scheduler/default_sched.cc:439 WARNING 641732 LoadBalance [#785] lane rescues performed: 43[0m
[31m/home/cvazquezperezdelacru/clio-core/context-runtime/src/scheduler/default_sched.cc:726 ERROR 641732 LoadBalance [HANGWATCH-HB] processed=81034 outstanding=17 (queued=17 blocked=0 retry=0 periodic=19) live=3 live_stalled=0[0m
[33m/home/cvazquezperezdelacru/clio-core/context-runtime/src/scheduler/default_sched.cc:430 WARNING 641732 LoadBalance [#781 PDF] observed exec-time bins (cumulative): <10us=7866847 <50us=184941 <500us=17950 <10ms=28759 <50ms=1218 <500ms=326 <1s=0 >=1s=1 | stalls_detected=43[0m
[33m/home/cvazquezperezdelacru/clio-core/context-runtime/src/scheduler/default_sched.cc:439 WARNING 641732 LoadBalance [#785] lane rescues performed: 43[0m
[31m/home/cvazquezperezdelacru/clio-core/context-runtime/src/scheduler/default_sched.cc:726 ERROR 641732 LoadBalance [HANGWATCH-HB] processed=86172 outstanding=34 (queued=34 blocked=0 retry=0 periodic=13) live=4 live_stalled=0[0m
[97m/mnt/common/cvazquezperezdelacru/IOWARP/faiss/contrib/iowarp/chimod/src/faiss_ivf_runtime.cc:329 INFO 641728 Search faiss_ivf: Search nq=500 k=10 nprobe=256 unique_lists=16289[0m
[33m/home/cvazquezperezdelacru/clio-core/context-runtime/src/scheduler/default_sched.cc:455 WARNING 641732 operator() [#781] worker 4 STALLED on one task (load_us=-nan realtime_load_us=-nan threshold_s=1)[0m
[33m/home/cvazquezperezdelacru/clio-core/context-runtime/src/worker.cc:370 WARNING 641732 AdoptLane [#785] worker 4 adopted lane 0x7f8e8ed2b4e8[0m
[33m/home/cvazquezperezdelacru/clio-core/context-runtime/src/scheduler/default_sched.cc:598 WARNING 641732 operator() [#785] RESCUE: stalled worker 4 -> worker 8 (1 parked task(s) moved, 0 queued task(s) redistributed, rescues=44)[0m
[33m/home/cvazquezperezdelacru/clio-core/context-runtime/src/scheduler/default_sched.cc:455 WARNING 641732 operator() [#781] worker 4 STALLED on one task (load_us=-nan realtime_load_us=-nan threshold_s=1)[0m
[33m/home/cvazquezperezdelacru/clio-core/context-runtime/src/worker.cc:370 WARNING 641732 AdoptLane [#785] worker 4 adopted lane 0x7f8e8ed2b4e8[0m
[33m/home/cvazquezperezdelacru/clio-core/context-runtime/src/scheduler/default_sched.cc:598 WARNING 641732 operator() [#785] RESCUE: stalled worker 4 -> worker 8 (0 parked task(s) moved, 0 queued task(s) redistributed, rescues=45)[0m
[33m/home/cvazquezperezdelacru/clio-core/context-runtime/src/scheduler/default_sched.cc:455 WARNING 641732 operator() [#781] worker 4 STALLED on one task (load_us=-nan realtime_load_us=-nan threshold_s=1)[0m
[33m/home/cvazquezperezdelacru/clio-core/context-runtime/src/worker.cc:370 WARNING 641732 AdoptLane [#785] worker 4 adopted lane 0x7f8e8ed2b4e8[0m
[33m/home/cvazquezperezdelacru/clio-core/context-runtime/src/scheduler/default_sched.cc:598 WARNING 641732 operator() [#785] RESCUE: stalled worker 4 -> worker 8 (0 parked task(s) moved, 0 queued task(s) redistributed, rescues=46)[0m
[33m/home/cvazquezperezdelacru/clio-core/context-runtime/src/scheduler/default_sched.cc:455 WARNING 641732 operator() [#781] worker 4 STALLED on one task (load_us=-nan realtime_load_us=-nan threshold_s=1)[0m
[33m/home/cvazquezperezdelacru/clio-core/context-runtime/src/worker.cc:370 WARNING 641732 AdoptLane [#785] worker 4 adopted lane 0x7f8e8ed2b4e8[0m
[33m/home/cvazquezperezdelacru/clio-core/context-runtime/src/scheduler/default_sched.cc:598 WARNING 641732 operator() [#785] RESCUE: stalled worker 4 -> worker 8 (0 parked task(s) moved, 0 queued task(s) redistributed, rescues=47)[0m
[33m/home/cvazquezperezdelacru/clio-core/context-runtime/src/scheduler/default_sched.cc:455 WARNING 641732 operator() [#781] worker 4 STALLED on one task (load_us=-nan realtime_load_us=-nan threshold_s=1)[0m
[33m/home/cvazquezperezdelacru/clio-core/context-runtime/src/worker.cc:370 WARNING 641732 AdoptLane [#785] worker 4 adopted lane 0x7f8e8ed2b4e8[0m
[33m/home/cvazquezperezdelacru/clio-core/context-runtime/src/scheduler/default_sched.cc:598 WARNING 641732 operator() [#785] RESCUE: stalled worker 4 -> worker 8 (0 parked task(s) moved, 1 queued task(s) redistributed, rescues=48)[0m
[33m/home/cvazquezperezdelacru/clio-core/context-runtime/src/scheduler/default_sched.cc:455 WARNING 641732 operator() [#781] worker 4 STALLED on one task (load_us=-nan realtime_load_us=-nan threshold_s=1)[0m
[33m/home/cvazquezperezdelacru/clio-core/context-runtime/src/worker.cc:370 WARNING 641732 AdoptLane [#785] worker 4 adopted lane 0x7f8e8ed2b4e8[0m
[33m/home/cvazquezperezdelacru/clio-core/context-runtime/src/scheduler/default_sched.cc:598 WARNING 641732 operator() [#785] RESCUE: stalled worker 4 -> worker 8 (0 parked task(s) moved, 0 queued task(s) redistributed, rescues=49)[0m
[33m/home/cvazquezperezdelacru/clio-core/context-runtime/src/scheduler/default_sched.cc:455 WARNING 641732 operator() [#781] worker 4 STALLED on one task (load_us=-nan realtime_load_us=-nan threshold_s=1)[0m
[33m/home/cvazquezperezdelacru/clio-core/context-runtime/src/worker.cc:370 WARNING 641732 AdoptLane [#785] worker 4 adopted lane 0x7f8e8ed2b4e8[0m
[33m/home/cvazquezperezdelacru/clio-core/context-runtime/src/scheduler/default_sched.cc:598 WARNING 641732 operator() [#785] RESCUE: stalled worker 4 -> worker 8 (0 parked task(s) moved, 0 queued task(s) redistributed, rescues=50)[0m
[33m/home/cvazquezperezdelacru/clio-core/context-runtime/src/scheduler/default_sched.cc:430 WARNING 641732 LoadBalance [#781 PDF] observed exec-time bins (cumulative): <10us=7926249 <50us=191832 <500us=17974 <10ms=28888 <50ms=1240 <500ms=326 <1s=0 >=1s=2 | stalls_detected=50[0m
[33m/home/cvazquezperezdelacru/clio-core/context-runtime/src/scheduler/default_sched.cc:439 WARNING 641732 LoadBalance [#785] lane rescues performed: 50[0m
[33m/home/cvazquezperezdelacru/clio-core/context-runtime/src/scheduler/default_sched.cc:455 WARNING 641732 operator() [#781] worker 4 STALLED on one task (load_us=-nan realtime_load_us=-nan threshold_s=1)[0m
[33m/home/cvazquezperezdelacru/clio-core/context-runtime/src/worker.cc:370 WARNING 641732 AdoptLane [#785] worker 4 adopted lane 0x7f8e8ed2b4e8[0m
[33m/home/cvazquezperezdelacru/clio-core/context-runtime/src/scheduler/default_sched.cc:598 WARNING 641732 operator() [#785] RESCUE: stalled worker 4 -> worker 8 (0 parked task(s) moved, 0 queued task(s) redistributed, rescues=51)[0m
[33m/home/cvazquezperezdelacru/clio-core/context-runtime/src/scheduler/default_sched.cc:455 WARNING 641732 operator() [#781] worker 4 STALLED on one task (load_us=-nan realtime_load_us=-nan threshold_s=1)[0m
[33m/home/cvazquezperezdelacru/clio-core/context-runtime/src/worker.cc:370 WARNING 641732 AdoptLane [#785] worker 4 adopted lane 0x7f8e8ed2b4e8[0m
[33m/home/cvazquezperezdelacru/clio-core/context-runtime/src/scheduler/default_sched.cc:598 WARNING 641732 operator() [#785] RESCUE: stalled worker 4 -> worker 8 (0 parked task(s) moved, 0 queued task(s) redistributed, rescues=52)[0m
[33m/home/cvazquezperezdelacru/clio-core/context-runtime/src/scheduler/default_sched.cc:455 WARNING 641732 operator() [#781] worker 4 STALLED on one task (load_us=-nan realtime_load_us=-nan threshold_s=1)[0m
[33m/home/cvazquezperezdelacru/clio-core/context-runtime/src/worker.cc:370 WARNING 641732 AdoptLane [#785] worker 4 adopted lane 0x7f8e8ed2b4e8[0m
[33m/home/cvazquezperezdelacru/clio-core/context-runtime/src/scheduler/default_sched.cc:598 WARNING 641732 operator() [#785] RESCUE: stalled worker 4 -> worker 8 (0 parked task(s) moved, 0 queued task(s) redistributed, rescues=53)[0m
[33m/home/cvazquezperezdelacru/clio-core/context-runtime/src/scheduler/default_sched.cc:455 WARNING 641732 operator() [#781] worker 4 STALLED on one task (load_us=-nan realtime_load_us=-nan threshold_s=1)[0m
[33m/home/cvazquezperezdelacru/clio-core/context-runtime/src/worker.cc:370 WARNING 641732 AdoptLane [#785] worker 4 adopted lane 0x7f8e8ed2b4e8[0m
[33m/home/cvazquezperezdelacru/clio-core/context-runtime/src/scheduler/default_sched.cc:598 WARNING 641732 operator() [#785] RESCUE: stalled worker 4 -> worker 8 (0 parked task(s) moved, 0 queued task(s) redistributed, rescues=54)[0m
[33m/home/cvazquezperezdelacru/clio-core/context-runtime/src/scheduler/default_sched.cc:455 WARNING 641732 operator() [#781] worker 4 STALLED on one task (load_us=-nan realtime_load_us=-nan threshold_s=1)[0m
[33m/home/cvazquezperezdelacru/clio-core/context-runtime/src/worker.cc:370 WARNING 641732 AdoptLane [#785] worker 4 adopted lane 0x7f8e8ed2b4e8[0m
[33m/home/cvazquezperezdelacru/clio-core/context-runtime/src/scheduler/default_sched.cc:598 WARNING 641732 operator() [#785] RESCUE: stalled worker 4 -> worker 8 (0 parked task(s) moved, 1 queued task(s) redistributed, rescues=55)[0m
[33m/home/cvazquezperezdelacru/clio-core/context-runtime/src/scheduler/default_sched.cc:455 WARNING 641732 operator() [#781] worker 4 STALLED on one task (load_us=-nan realtime_load_us=-nan threshold_s=1)[0m
[33m/home/cvazquezperezdelacru/clio-core/context-runtime/src/worker.cc:370 WARNING 641732 AdoptLane [#785] worker 4 adopted lane 0x7f8e8ed2b4e8[0m
[33m/home/cvazquezperezdelacru/clio-core/context-runtime/src/scheduler/default_sched.cc:598 WARNING 641732 operator() [#785] RESCUE: stalled worker 4 -> worker 8 (0 parked task(s) moved, 0 queued task(s) redistributed, rescues=56)[0m
[33m/home/cvazquezperezdelacru/clio-core/context-runtime/src/scheduler/default_sched.cc:455 WARNING 641732 operator() [#781] worker 4 STALLED on one task (load_us=-nan realtime_load_us=-nan threshold_s=1)[0m
[33m/home/cvazquezperezdelacru/clio-core/context-runtime/src/worker.cc:370 WARNING 641732 AdoptLane [#785] worker 4 adopted lane 0x7f8e8ed2b4e8[0m
[33m/home/cvazquezperezdelacru/clio-core/context-runtime/src/scheduler/default_sched.cc:598 WARNING 641732 operator() [#785] RESCUE: stalled worker 4 -> worker 8 (0 parked task(s) moved, 0 queued task(s) redistributed, rescues=57)[0m
[33m/home/cvazquezperezdelacru/clio-core/context-runtime/src/scheduler/default_sched.cc:455 WARNING 641732 operator() [#781] worker 4 STALLED on one task (load_us=-nan realtime_load_us=-nan threshold_s=1)[0m
[33m/home/cvazquezperezdelacru/clio-core/context-runtime/src/worker.cc:370 WARNING 641732 AdoptLane [#785] worker 4 adopted lane 0x7f8e8ed2b4e8[0m
[33m/home/cvazquezperezdelacru/clio-core/context-runtime/src/scheduler/default_sched.cc:598 WARNING 641732 operator() [#785] RESCUE: stalled worker 4 -> worker 8 (0 parked task(s) moved, 0 queued task(s) redistributed, rescues=58)[0m
[33m/home/cvazquezperezdelacru/clio-core/context-runtime/src/scheduler/default_sched.cc:455 WARNING 641732 operator() [#781] worker 4 STALLED on one task (load_us=-nan realtime_load_us=-nan threshold_s=1)[0m
[33m/home/cvazquezperezdelacru/clio-core/context-runtime/src/worker.cc:370 WARNING 641732 AdoptLane [#785] worker 4 adopted lane 0x7f8e8ed2b4e8[0m
[33m/home/cvazquezperezdelacru/clio-core/context-runtime/src/scheduler/default_sched.cc:598 WARNING 641732 operator() [#785] RESCUE: stalled worker 4 -> worker 8 (0 parked task(s) moved, 1 queued task(s) redistributed, rescues=59)[0m
[33m/home/cvazquezperezdelacru/clio-core/context-runtime/src/scheduler/default_sched.cc:455 WARNING 641732 operator() [#781] worker 4 STALLED on one task (load_us=-nan realtime_load_us=-nan threshold_s=1)[0m
[33m/home/cvazquezperezdelacru/clio-core/context-runtime/src/worker.cc:370 WARNING 641732 AdoptLane [#785] worker 4 adopted lane 0x7f8e8ed2b4e8[0m
[33m/home/cvazquezperezdelacru/clio-core/context-runtime/src/scheduler/default_sched.cc:598 WARNING 641732 operator() [#785] RESCUE: stalled worker 4 -> worker 8 (0 parked task(s) moved, 0 queued task(s) redistributed, rescues=60)[0m
[33m/home/cvazquezperezdelacru/clio-core/context-runtime/src/scheduler/default_sched.cc:430 WARNING 641732 LoadBalance [#781 PDF] observed exec-time bins (cumulative): <10us=7983648 <50us=200063 <500us=17980 <10ms=28888 <50ms=1240 <500ms=326 <1s=0 >=1s=2 | stalls_detected=60[0m
[33m/home/cvazquezperezdelacru/clio-core/context-runtime/src/scheduler/default_sched.cc:439 WARNING 641732 LoadBalance [#785] lane rescues performed: 60[0m
[33m/home/cvazquezperezdelacru/clio-core/context-runtime/src/scheduler/default_sched.cc:455 WARNING 641732 operator() [#781] worker 4 STALLED on one task (load_us=-nan realtime_load_us=-nan threshold_s=1)[0m
[33m/home/cvazquezperezdelacru/clio-core/context-runtime/src/worker.cc:370 WARNING 641732 AdoptLane [#785] worker 4 adopted lane 0x7f8e8ed2b4e8[0m
[33m/home/cvazquezperezdelacru/clio-core/context-runtime/src/scheduler/default_sched.cc:598 WARNING 641732 operator() [#785] RESCUE: stalled worker 4 -> worker 8 (0 parked task(s) moved, 0 queued task(s) redistributed, rescues=61)[0m
[33m/home/cvazquezperezdelacru/clio-core/context-runtime/src/scheduler/default_sched.cc:455 WARNING 641732 operator() [#781] worker 4 STALLED on one task (load_us=-nan realtime_load_us=-nan threshold_s=1)[0m
[33m/home/cvazquezperezdelacru/clio-core/context-runtime/src/worker.cc:370 WARNING 641732 AdoptLane [#785] worker 4 adopted lane 0x7f8e8ed2b4e8[0m
[33m/home/cvazquezperezdelacru/clio-core/context-runtime/src/scheduler/default_sched.cc:598 WARNING 641732 operator() [#785] RESCUE: stalled worker 4 -> worker 8 (0 parked task(s) moved, 0 queued task(s) redistributed, rescues=62)[0m
[33m/home/cvazquezperezdelacru/clio-core/context-runtime/src/scheduler/default_sched.cc:455 WARNING 641732 operator() [#781] worker 4 STALLED on one task (load_us=-nan realtime_load_us=-nan threshold_s=1)[0m
[33m/home/cvazquezperezdelacru/clio-core/context-runtime/src/worker.cc:370 WARNING 641732 AdoptLane [#785] worker 4 adopted lane 0x7f8e8ed2b4e8[0m
[33m/home/cvazquezperezdelacru/clio-core/context-runtime/src/scheduler/default_sched.cc:598 WARNING 641732 operator() [#785] RESCUE: stalled worker 4 -> worker 8 (0 parked task(s) moved, 0 queued task(s) redistributed, rescues=63)[0m
[31m/home/cvazquezperezdelacru/clio-core/context-runtime/src/scheduler/default_sched.cc:726 ERROR 641732 LoadBalance [HANGWATCH-HB] processed=86621 outstanding=48 (queued=48 blocked=0 retry=0 periodic=12) live=5 live_stalled=0[0m
[31m/home/cvazquezperezdelacru/clio-core/context-runtime/src/scheduler/default_sched.cc:726 ERROR 641732 LoadBalance [HANGWATCH-HB] processed=88473 outstanding=9 (queued=9 blocked=0 retry=0 periodic=32) live=3 live_stalled=0[0m
[33m/home/cvazquezperezdelacru/clio-core/context-runtime/src/scheduler/default_sched.cc:430 WARNING 641732 LoadBalance [#781 PDF] observed exec-time bins (cumulative): <10us=8050671 <50us=204927 <500us=18262 <10ms=30324 <50ms=1461 <500ms=326 <1s=0 >=1s=2 | stalls_detected=63[0m
[33m/home/cvazquezperezdelacru/clio-core/context-runtime/src/scheduler/default_sched.cc:439 WARNING 641732 LoadBalance [#785] lane rescues performed: 63[0m
[31m/home/cvazquezperezdelacru/clio-core/context-runtime/src/scheduler/default_sched.cc:726 ERROR 641732 LoadBalance [HANGWATCH-HB] processed=90682 outstanding=22 (queued=22 blocked=0 retry=0 periodic=19) live=2 live_stalled=0[0m
[31m/home/cvazquezperezdelacru/clio-core/context-runtime/src/scheduler/default_sched.cc:726 ERROR 641732 LoadBalance [HANGWATCH-HB] processed=93437 outstanding=43 (queued=43 blocked=0 retry=0 periodic=16) live=3 live_stalled=0[0m
[33m/home/cvazquezperezdelacru/clio-core/context-runtime/src/scheduler/default_sched.cc:430 WARNING 641732 LoadBalance [#781 PDF] observed exec-time bins (cumulative): <10us=8122490 <50us=208111 <500us=18675 <10ms=32279 <50ms=1653 <500ms=327 <1s=0 >=1s=2 | stalls_detected=63[0m
[33m/home/cvazquezperezdelacru/clio-core/context-runtime/src/scheduler/default_sched.cc:439 WARNING 641732 LoadBalance [#785] lane rescues performed: 63[0m
[31m/home/cvazquezperezdelacru/clio-core/context-runtime/src/scheduler/default_sched.cc:726 ERROR 641732 LoadBalance [HANGWATCH-HB] processed=97471 outstanding=23 (queued=23 blocked=0 retry=0 periodic=25) live=3 live_stalled=0[0m
[97m/home/cvazquezperezdelacru/clio-core/context-runtime/src/pool_manager.cc:431 INFO 641703 DestroyLocalPool PoolManager: Destroyed local pool PoolId(major:1, minor:0)[0m
[31m/home/cvazquezperezdelacru/clio-core/context-runtime/src/ipc_manager.cc:3856 ERROR 641731 RouteTask RouteTask: RouteLocal returned 4 for pool=PoolId(major:1, minor:0) method=21, worker=7[0m
[31m/home/cvazquezperezdelacru/clio-core/context-runtime/src/ipc_manager.cc:3856 ERROR 641730 RouteTask RouteTask: RouteLocal returned 4 for pool=PoolId(major:1, minor:0) method=14, worker=6[0m
[31m/home/cvazquezperezdelacru/clio-core/context-runtime/src/ipc_manager.cc:3856 ERROR 641730 RouteTask RouteTask: RouteLocal returned 4 for pool=PoolId(major:1, minor:0) method=14, worker=6[0m
[31m/home/cvazquezperezdelacru/clio-core/context-runtime/src/ipc_manager.cc:3856 ERROR 641730 RouteTask RouteTask: RouteLocal returned 4 for pool=PoolId(major:1, minor:0) method=14, worker=6[0m
[31m/home/cvazquezperezdelacru/clio-core/context-runtime/src/ipc_manager.cc:3856 ERROR 641731 RouteTask RouteTask: RouteLocal returned 4 for pool=PoolId(major:1, minor:0) method=21, worker=7[0m
