[97m/home/cvazquezperezdelacru/clio-core/context-runtime/src/config_manager.cc:144 INFO 2492792 ClientInit Config at: /mnt/common/cvazquezperezdelacru/IOWARP/faiss/contrib/iowarp/benchmarks/results/ares_cte_rendered_20260729_134242.yaml[0m
[97m/home/cvazquezperezdelacru/clio-core/context-runtime/src/ipc_manager.cc:2865 INFO 2492792 ClearUserIpcs ClearUserIpcs: Removed 68 memfd symlinks from previous runs[0m
[33m/home/cvazquezperezdelacru/clio-core/context-runtime/src/ipc_manager.cc:906 WARNING 2492792 ServerInitShm Main segment: requested 50079715328 bytes exceeds half the memory budget (50079715328 bytes); clamping to 25039857664 bytes[0m
[97m/home/cvazquezperezdelacru/clio-core/context-runtime/src/ipc_manager.cc:931 INFO 2492792 ServerInitShm Initializing main shared memory segment: 25039857664 bytes (23879 MB)[0m
[97m/home/cvazquezperezdelacru/clio-core/context-runtime/src/ipc_manager.cc:952 INFO 2492792 ServerInitShm Initializing queue shared memory segment: 646224224 bytes (631078 KB)[0m
[33m/home/cvazquezperezdelacru/clio-core/context-runtime/src/ipc_manager.cc:1005 WARNING 2492792 ServerInitShm Metadata segment: requested 50079715328 bytes exceeds half the memory budget (50079715328 bytes); clamping to 25039857664 bytes[0m
[97m/home/cvazquezperezdelacru/clio-core/context-runtime/src/ipc_manager.cc:1039 INFO 2492792 ServerInitShm Initializing metadata shared memory segment: 25039857664 bytes (23879 MB), sparse/not pre-faulted[0m
[97m/home/cvazquezperezdelacru/clio-core/context-runtime/src/ipc_manager.cc:865 INFO 2492792 ExcludeFromCoreDump metadata segment: excluded 25039857664 bytes from core dumps[0m
[97m/home/cvazquezperezdelacru/clio-core/context-runtime/src/ipc_manager.cc:1072 INFO 2492792 ServerInitShm ServerInitShm: metadata directory at offset 68072[0m
[97m/home/cvazquezperezdelacru/clio-core/context-runtime/src/ipc_manager.cc:1127 INFO 2492792 ServerInitShm ServerInitShm: 8 inbound SHM ring(s) 'clio-2492792-shm-in-0..7' (16MB each)[0m
[97m/home/cvazquezperezdelacru/clio-core/context-runtime/src/ipc_manager.cc:1269 INFO 2492792 ServerInitQueues Initializing 16 worker queues with depth 1024 (last worker serves dual role)[0m
[97m/home/cvazquezperezdelacru/clio-core/context-runtime/src/ipc_manager.cc:1933 INFO 2492792 IdentifyThisHost SUCCESS: Main server started on 0.0.0.0:9413 (advertised as 0.0.0.0, node=0)[0m
[97m/home/cvazquezperezdelacru/clio-core/context-runtime/src/ipc_manager.cc:561 INFO 2492792 ServerInit IpcManager: TCP ROUTER transport bound on 0.0.0.0:9416[0m
[97m/home/cvazquezperezdelacru/clio-core/context-runtime/src/ipc_manager.cc:579 INFO 2492792 ServerInit IpcManager: IPC lightbeam server bound on /tmp/clio_cvazquezperezdelacru/clio_9413.ipc[0m
[97m/home/cvazquezperezdelacru/clio-core/context-runtime/src/module_manager.cc:137 INFO 2492792 LoadChiMod Loaded ChiMod: clio_MOD_NAME from /mnt/common/cvazquezperezdelacru/clio-core-dev-install/lib/libclio_MOD_NAME_runtime.so[0m
[97m/home/cvazquezperezdelacru/clio-core/context-runtime/src/module_manager.cc:137 INFO 2492792 LoadChiMod Loaded ChiMod: clio_admin from /mnt/common/cvazquezperezdelacru/clio-core-dev-install/lib/libclio_admin_runtime.so[0m
[97m/home/cvazquezperezdelacru/clio-core/context-runtime/src/module_manager.cc:137 INFO 2492792 LoadChiMod Loaded ChiMod: clio_bdev from /mnt/common/cvazquezperezdelacru/clio-core-dev-install/lib/libclio_bdev_runtime.so[0m
[97m/home/cvazquezperezdelacru/clio-core/context-runtime/src/module_manager.cc:137 INFO 2492792 LoadChiMod Loaded ChiMod: clio_safe_bdev from /mnt/common/cvazquezperezdelacru/clio-core-dev-install/lib/libclio_safe_bdev_runtime.so[0m
[97m/home/cvazquezperezdelacru/clio-core/context-runtime/src/module_manager.cc:137 INFO 2492792 LoadChiMod Loaded ChiMod: clio_cte_core from /mnt/common/cvazquezperezdelacru/clio-core-dev-install/lib/libclio_cte_core_runtime.so[0m
[97m/home/cvazquezperezdelacru/clio-core/context-runtime/src/module_manager.cc:137 INFO 2492792 LoadChiMod Loaded ChiMod: clio_cte_filesystem from /mnt/common/cvazquezperezdelacru/clio-core-dev-install/lib/libclio_cte_filesystem_runtime.so[0m
[97m/home/cvazquezperezdelacru/clio-core/context-runtime/src/module_manager.cc:137 INFO 2492792 LoadChiMod Loaded ChiMod: clio_faiss_ivf from /mnt/common/cvazquezperezdelacru/IOWARP/faiss/contrib/iowarp/build-dev/chimod/libclio_faiss_ivf_runtime.so[0m
[97m/home/cvazquezperezdelacru/clio-core/context-runtime/src/work_orchestrator.cc:94 INFO 2492792 Init Creating 8 workers (7 task + 1 dedicated network)[0m
[97m/home/cvazquezperezdelacru/clio-core/context-runtime/src/ipc_manager.cc:756 INFO 2492792 SetNumSchedQueues IpcManager: Updated num_sched_queues to 1[0m
[97m/home/cvazquezperezdelacru/clio-core/context-runtime/src/scheduler/default_sched.cc:139 INFO 2492792 DivideWorkers DefaultScheduler: 1 scheduler worker (0), 4 I/O workers, net_send_worker=6, net_recv_worker=7, gpu_worker=5[0m
[97m/home/cvazquezperezdelacru/clio-core/context-runtime/src/work_orchestrator.cc:271 INFO 2492792 SpawnWorkerThreads WorkOrchestrator: num_workers=8, num_lanes=16[0m
[97m/home/cvazquezperezdelacru/clio-core/context-runtime/src/work_orchestrator.cc:294 INFO 2492792 SpawnWorkerThreads WorkOrchestrator: Mapped worker 0 (ID 0) to lane 0[0m
[97m/home/cvazquezperezdelacru/clio-core/context-runtime/src/work_orchestrator.cc:294 INFO 2492792 SpawnWorkerThreads WorkOrchestrator: Mapped worker 1 (ID 1) to lane 1[0m
[97m/home/cvazquezperezdelacru/clio-core/context-runtime/src/work_orchestrator.cc:294 INFO 2492792 SpawnWorkerThreads WorkOrchestrator: Mapped worker 2 (ID 2) to lane 2[0m
[97m/home/cvazquezperezdelacru/clio-core/context-runtime/src/work_orchestrator.cc:294 INFO 2492792 SpawnWorkerThreads WorkOrchestrator: Mapped worker 3 (ID 3) to lane 3[0m
[97m/home/cvazquezperezdelacru/clio-core/context-runtime/src/work_orchestrator.cc:294 INFO 2492792 SpawnWorkerThreads WorkOrchestrator: Mapped worker 4 (ID 4) to lane 4[0m
[97m/home/cvazquezperezdelacru/clio-core/context-runtime/src/work_orchestrator.cc:294 INFO 2492792 SpawnWorkerThreads WorkOrchestrator: Mapped worker 5 (ID 5) to lane 5[0m
[97m/home/cvazquezperezdelacru/clio-core/context-runtime/src/work_orchestrator.cc:294 INFO 2492792 SpawnWorkerThreads WorkOrchestrator: Mapped worker 6 (ID 6) to lane 6[0m
[97m/home/cvazquezperezdelacru/clio-core/context-runtime/src/work_orchestrator.cc:294 INFO 2492792 SpawnWorkerThreads WorkOrchestrator: Mapped worker 7 (ID 7) to lane 7[0m
[97m/home/cvazquezperezdelacru/clio-core/context-runtime/src/pool_manager.cc:534 INFO 2492792 CreatePool PoolManager: Creating pool 'admin' with 1 containers (one per node)[0m
[33m/home/cvazquezperezdelacru/clio-core/context-runtime/modules/admin/include/clio_runtime/admin/admin_client.h:59 WARNING 2492792 Client AdminClient: Default constructor called - pool_id_ will be PoolId(0,0)[0m
[97m/home/cvazquezperezdelacru/clio-core/context-runtime/src/pool_manager.cc:615 INFO 2492792 CreatePool Creating container for pool PoolId(major:1, minor:0) on node 0 with container_id=0[0m
[97m/home/cvazquezperezdelacru/clio-core/context-runtime/src/pool_manager.cc:644 INFO 2492792 CreatePool Container initialized with pool ID PoolId(major:1, minor:0), name admin, and container ID 0[0m
[97m/home/cvazquezperezdelacru/clio-core/context-runtime/src/pool_manager.cc:663 INFO 2492792 CreatePool CreatePool: Running Create method for pool PoolId(major:1, minor:0)[0m
[97m/home/cvazquezperezdelacru/clio-core/context-runtime/src/ipc/ipc_run2run.cc:1105 INFO 2492822 operator() [PeerRecvThread] started[0m
[97m/home/cvazquezperezdelacru/clio-core/context-runtime/src/ipc/ipc_run2run.cc:1166 INFO 2492823 operator() [ClientRecvThread] started[0m
[97m/home/cvazquezperezdelacru/clio-core/context-runtime/src/pool_manager.cc:666 INFO 2492792 CreatePool CreatePool: Create method completed for pool PoolId(major:1, minor:0)[0m
[97m/home/cvazquezperezdelacru/clio-core/context-runtime/src/pool_manager.cc:700 INFO 2492792 CreatePool PoolManager: Created complete pool PoolId(major:1, minor:0) with ChiMod clio_admin (1 containers)[0m
[97m/home/cvazquezperezdelacru/clio-core/context-runtime/src/pool_manager.cc:125 INFO 2492792 ServerInit PoolManager: Admin chimod pool created successfully with PoolId PoolId(major:1, minor:0)[0m
[97m/home/cvazquezperezdelacru/clio-core/context-runtime/src/manager.cc:264 INFO 2492792 ServerInit Processing compose configuration with 3 pools[0m
[33m/home/cvazquezperezdelacru/clio-core/context-runtime/src/../modules/admin/include/clio_runtime/admin/admin_client.h:59 WARNING 2492792 Client AdminClient: Default constructor called - pool_id_ will be PoolId(0,0)[0m
[97m/home/cvazquezperezdelacru/clio-core/context-runtime/src/manager.cc:282 INFO 2492792 ServerInit Compose: Creating pool ram::chi_default_bdev (module: clio_bdev, restart: 0)[0m
[97m/home/cvazquezperezdelacru/clio-core/context-runtime/src/pool_manager.cc:534 INFO 2492817 CreatePool PoolManager: Creating pool 'ram::chi_default_bdev' with 1 containers (one per node)[0m
[97m/home/cvazquezperezdelacru/clio-core/context-runtime/src/pool_manager.cc:615 INFO 2492817 CreatePool Creating container for pool PoolId(major:301, minor:0) on node 0 with container_id=0[0m
[97m/home/cvazquezperezdelacru/clio-core/context-runtime/src/pool_manager.cc:644 INFO 2492817 CreatePool Container initialized with pool ID PoolId(major:301, minor:0), name ram::chi_default_bdev, and container ID 0[0m
[97m/home/cvazquezperezdelacru/clio-core/context-runtime/src/pool_manager.cc:663 INFO 2492817 CreatePool CreatePool: Running Create method for pool PoolId(major:301, minor:0)[0m
[97m/home/cvazquezperezdelacru/clio-core/context-runtime/modules/bdev/src/transports/mem_bdev_transport.cc:102 INFO 2492817 InitShmBacking [#783] RAM bdev 'clio_rambdev_2492792_301_0' is shared-memory backed (38655688704 of 38654705664 bytes mapped)[0m
[97m/home/cvazquezperezdelacru/clio-core/context-runtime/src/pool_manager.cc:666 INFO 2492817 CreatePool CreatePool: Create method completed for pool PoolId(major:301, minor:0)[0m
[97m/home/cvazquezperezdelacru/clio-core/context-runtime/src/pool_manager.cc:700 INFO 2492817 CreatePool PoolManager: Created complete pool PoolId(major:301, minor:0) with ChiMod clio_bdev (1 containers)[0m
[97m/home/cvazquezperezdelacru/clio-core/context-runtime/src/manager.cc:298 INFO 2492792 ServerInit Compose: Successfully created pool ram::chi_default_bdev (module: clio_bdev)[0m
[97m/home/cvazquezperezdelacru/clio-core/context-runtime/src/manager.cc:282 INFO 2492792 ServerInit Compose: Creating pool cte_main (module: clio_cte_core, restart: 0)[0m
[97m/home/cvazquezperezdelacru/clio-core/context-runtime/src/pool_manager.cc:534 INFO 2492814 CreatePool PoolManager: Creating pool 'cte_main' with 1 containers (one per node)[0m
[97m/home/cvazquezperezdelacru/clio-core/context-runtime/src/pool_manager.cc:615 INFO 2492814 CreatePool Creating container for pool PoolId(major:512, minor:0) on node 0 with container_id=0[0m
[97m/home/cvazquezperezdelacru/clio-core/context-runtime/src/pool_manager.cc:644 INFO 2492814 CreatePool Container initialized with pool ID PoolId(major:512, minor:0), name cte_main, and container ID 0[0m
[97m/home/cvazquezperezdelacru/clio-core/context-runtime/src/pool_manager.cc:663 INFO 2492814 CreatePool CreatePool: Running Create method for pool PoolId(major:512, minor:0)[0m
[97m/home/cvazquezperezdelacru/clio-core/context-transfer-engine/core/src/core_config.cc:618 INFO 2492814 ParseStorageConfig Parsed 2 storage devices[0m
[97m/home/cvazquezperezdelacru/clio-core/context-transfer-engine/core/src/core_config.cc:636 INFO 2492814 ParseDpeConfig Parsed DPE configuration: type=max_bw[0m
[97m/home/cvazquezperezdelacru/clio-core/context-transfer-engine/core/src/core_config.cc:111 INFO 2492814 LoadFromString Configuration loaded successfully from YAML string[0m
[97m/home/cvazquezperezdelacru/clio-core/context-transfer-engine/core/src/core_runtime.cc:545 INFO 2492814 Create CTE: shared-memory metadata cache enabled (tags=65536, blobs=262144, root_off=488)[0m
[97m/home/cvazquezperezdelacru/clio-core/context-runtime/src/pool_manager.cc:534 INFO 2492816 CreatePool PoolManager: Creating pool 'ram::cte_ram_tier_node0' with 1 containers (one per node)[0m
[97m/home/cvazquezperezdelacru/clio-core/context-runtime/src/pool_manager.cc:615 INFO 2492816 CreatePool Creating container for pool PoolId(major:512, minor:1) on node 0 with container_id=0[0m
[97m/home/cvazquezperezdelacru/clio-core/context-runtime/src/pool_manager.cc:644 INFO 2492816 CreatePool Container initialized with pool ID PoolId(major:512, minor:1), name ram::cte_ram_tier_node0, and container ID 0[0m
[97m/home/cvazquezperezdelacru/clio-core/context-runtime/src/pool_manager.cc:663 INFO 2492816 CreatePool CreatePool: Running Create method for pool PoolId(major:512, minor:1)[0m
[97m/home/cvazquezperezdelacru/clio-core/context-runtime/modules/bdev/src/transports/mem_bdev_transport.cc:102 INFO 2492816 InitShmBacking [#783] RAM bdev 'clio_rambdev_2492792_512_1' is shared-memory backed (32213237760 of 32212254720 bytes mapped)[0m
[97m/home/cvazquezperezdelacru/clio-core/context-runtime/src/pool_manager.cc:666 INFO 2492816 CreatePool CreatePool: Create method completed for pool PoolId(major:512, minor:1)[0m
[97m/home/cvazquezperezdelacru/clio-core/context-runtime/src/pool_manager.cc:700 INFO 2492816 CreatePool PoolManager: Created complete pool PoolId(major:512, minor:1) with ChiMod clio_bdev (1 containers)[0m
[97m/home/cvazquezperezdelacru/clio-core/context-runtime/src/pool_manager.cc:534 INFO 2492816 CreatePool PoolManager: Creating pool '/mnt/nvme/cvazquezperezdelacru/cte_tier_node0' with 1 containers (one per node)[0m
[97m/home/cvazquezperezdelacru/clio-core/context-runtime/src/pool_manager.cc:615 INFO 2492816 CreatePool Creating container for pool PoolId(major:513, minor:1) on node 0 with container_id=0[0m
[97m/home/cvazquezperezdelacru/clio-core/context-runtime/src/pool_manager.cc:644 INFO 2492816 CreatePool Container initialized with pool ID PoolId(major:513, minor:1), name /mnt/nvme/cvazquezperezdelacru/cte_tier_node0, and container ID 0[0m
[97m/home/cvazquezperezdelacru/clio-core/context-runtime/src/pool_manager.cc:663 INFO 2492816 CreatePool CreatePool: Running Create method for pool PoolId(major:513, minor:1)[0m
[97m/home/cvazquezperezdelacru/clio-core/context-runtime/src/pool_manager.cc:666 INFO 2492816 CreatePool CreatePool: Create method completed for pool PoolId(major:513, minor:1)[0m
[97m/home/cvazquezperezdelacru/clio-core/context-runtime/src/pool_manager.cc:700 INFO 2492816 CreatePool PoolManager: Created complete pool PoolId(major:513, minor:1) with ChiMod clio_bdev (1 containers)[0m
[97m/home/cvazquezperezdelacru/clio-core/context-transfer-engine/core/src/core_runtime.cc:663 INFO 2492814 Create CTE Core container created and initialized for pool: cte_main (ID: PoolId(major:512, minor:0))[0m
[97m/home/cvazquezperezdelacru/clio-core/context-transfer-engine/core/src/core_runtime.cc:667 INFO 2492814 Create Configuration: neighborhood=1, poll_period_ms=5000, stat_targets_period_ms=5000[0m
[97m/home/cvazquezperezdelacru/clio-core/context-transfer-engine/core/src/core_runtime.cc:709 INFO 2492814 Create Starting periodic StatTargets task with period 5000 ms[0m
[97m/home/cvazquezperezdelacru/clio-core/context-runtime/src/pool_manager.cc:666 INFO 2492814 CreatePool CreatePool: Create method completed for pool PoolId(major:512, minor:0)[0m
[97m/home/cvazquezperezdelacru/clio-core/context-runtime/src/pool_manager.cc:700 INFO 2492814 CreatePool PoolManager: Created complete pool PoolId(major:512, minor:0) with ChiMod clio_cte_core (1 containers)[0m
[97m/home/cvazquezperezdelacru/clio-core/context-runtime/src/manager.cc:298 INFO 2492792 ServerInit Compose: Successfully created pool cte_main (module: clio_cte_core)[0m
[97m/home/cvazquezperezdelacru/clio-core/context-runtime/src/manager.cc:282 INFO 2492792 ServerInit Compose: Creating pool faiss_ivf_main (module: clio_faiss_ivf, restart: 0)[0m
[97m/home/cvazquezperezdelacru/clio-core/context-runtime/src/pool_manager.cc:534 INFO 2492816 CreatePool PoolManager: Creating pool 'faiss_ivf_main' with 1 containers (one per node)[0m
[97m/home/cvazquezperezdelacru/clio-core/context-runtime/src/pool_manager.cc:615 INFO 2492816 CreatePool Creating container for pool PoolId(major:600, minor:0) on node 0 with container_id=0[0m
[97m/home/cvazquezperezdelacru/clio-core/context-runtime/src/pool_manager.cc:644 INFO 2492816 CreatePool Container initialized with pool ID PoolId(major:600, minor:0), name faiss_ivf_main, and container ID 0[0m
[97m/home/cvazquezperezdelacru/clio-core/context-runtime/src/pool_manager.cc:663 INFO 2492816 CreatePool CreatePool: Running Create method for pool PoolId(major:600, minor:0)[0m
[97m/home/cvazquezperezdelacru/clio-core/context-runtime/src/pool_manager.cc:666 INFO 2492816 CreatePool CreatePool: Create method completed for pool PoolId(major:600, minor:0)[0m
[97m/home/cvazquezperezdelacru/clio-core/context-runtime/src/pool_manager.cc:700 INFO 2492816 CreatePool PoolManager: Created complete pool PoolId(major:600, minor:0) with ChiMod clio_faiss_ivf (1 containers)[0m
[97m/home/cvazquezperezdelacru/clio-core/context-runtime/src/manager.cc:298 INFO 2492792 ServerInit Compose: Successfully created pool faiss_ivf_main (module: clio_faiss_ivf)[0m
[97m/home/cvazquezperezdelacru/clio-core/context-runtime/src/manager.cc:304 INFO 2492792 ServerInit Compose: All 3 pools created successfully[0m
[32m/home/cvazquezperezdelacru/clio-core/context-runtime/src/ipc_manager.cc:1368 SUCCESS 2492792 StartLocalServer Successfully started local server at 127.0.0.1:9414[0m
[97m/home/cvazquezperezdelacru/clio-core/context-runtime/src/manager.cc:137 INFO 2492792 ClientInit RuntimeManager::ClientInit[0m
[97m/home/cvazquezperezdelacru/clio-core/context-runtime/src/manager.cc:181 INFO 2492792 ClientInit ClientInit: g_admin already exists, pool_id_=PoolId(major:0, minor:0)[0m
[33m/home/cvazquezperezdelacru/clio-core/context-runtime/src/scheduler/default_sched.cc:430 WARNING 2492821 LoadBalance [#781 PDF] observed exec-time bins (cumulative): <10us=60363 <50us=237 <500us=10 <10ms=7 <50ms=0 <500ms=2 <1s=0 >=1s=0 | stalls_detected=0[0m
[33m/home/cvazquezperezdelacru/clio-core/context-runtime/src/scheduler/default_sched.cc:439 WARNING 2492821 LoadBalance [#785] lane rescues performed: 0[0m
[33m/home/cvazquezperezdelacru/clio-core/context-runtime/src/scheduler/default_sched.cc:430 WARNING 2492821 LoadBalance [#781 PDF] observed exec-time bins (cumulative): <10us=127355 <50us=696 <500us=17 <10ms=7 <50ms=0 <500ms=2 <1s=0 >=1s=0 | stalls_detected=0[0m
[33m/home/cvazquezperezdelacru/clio-core/context-runtime/src/scheduler/default_sched.cc:439 WARNING 2492821 LoadBalance [#785] lane rescues performed: 0[0m
[33m/home/cvazquezperezdelacru/clio-core/context-runtime/src/scheduler/default_sched.cc:430 WARNING 2492821 LoadBalance [#781 PDF] observed exec-time bins (cumulative): <10us=194400 <50us=1096 <500us=23 <10ms=9 <50ms=0 <500ms=2 <1s=0 >=1s=0 | stalls_detected=0[0m
[33m/home/cvazquezperezdelacru/clio-core/context-runtime/src/scheduler/default_sched.cc:439 WARNING 2492821 LoadBalance [#785] lane rescues performed: 0[0m
[97m/home/cvazquezperezdelacru/clio-core/context-runtime/src/ipc_manager.cc:2288 INFO 2492823 GetOrCreateClient [ClientPool] Creating new persistent connection to 127.0.0.1:41491[0m
[97m/home/cvazquezperezdelacru/clio-core/context-runtime/src/../../context-transport-primitives/include/clio_ctp/lightbeam/zmq_transport.h:152 INFO 2492823 GetSharedContext [ZeroMqTransport] Created shared context with 8 I/O threads[0m
[97m/home/cvazquezperezdelacru/clio-core/context-runtime/src/ipc_manager.cc:2308 INFO 2492823 GetOrCreateClient [ClientPool] Connection established to 127.0.0.1:41491[0m
[97m/home/cvazquezperezdelacru/clio-core/context-runtime/modules/admin/src/admin_runtime.cc:1191 INFO 2492813 RegisterMemory Admin::RegisterMemory: Registering CPU alloc_id (2492921.0)[0m
[97m/home/cvazquezperezdelacru/clio-core/context-runtime/src/ipc_manager.cc:2532 INFO 2492813 RegisterMemory IpcManager::RegisterMemory: Registering clio_2492921_0 from pid 2492921[0m
[97m/home/cvazquezperezdelacru/clio-core/context-runtime/src/ipc_manager.cc:2575 INFO 2492813 RegisterMemory IpcManager::RegisterMemory: Successfully registered clio_2492921_0[0m
[97m/home/cvazquezperezdelacru/clio-core/context-runtime/src/pool_manager.cc:534 INFO 2492817 CreatePool PoolManager: Creating pool 'clio_cte_core' with 1 containers (one per node)[0m
[97m/home/cvazquezperezdelacru/clio-core/context-runtime/src/pool_manager.cc:575 INFO 2492817 CreatePool PoolManager: Pool PoolId(major:512, minor:0) already exists by ID, returning existing pool[0m
[97m/home/cvazquezperezdelacru/clio-core/context-runtime/modules/admin/src/admin_runtime.cc:1191 INFO 2492813 RegisterMemory Admin::RegisterMemory: Registering CPU alloc_id (2492921.1)[0m
[97m/home/cvazquezperezdelacru/clio-core/context-runtime/src/ipc_manager.cc:2532 INFO 2492813 RegisterMemory IpcManager::RegisterMemory: Registering clio_2492921_1 from pid 2492921[0m
[97m/home/cvazquezperezdelacru/clio-core/context-runtime/src/ipc_manager.cc:2575 INFO 2492813 RegisterMemory IpcManager::RegisterMemory: Successfully registered clio_2492921_1[0m
[97m/home/cvazquezperezdelacru/clio-core/context-runtime/modules/admin/src/admin_runtime.cc:1191 INFO 2492813 RegisterMemory Admin::RegisterMemory: Registering CPU alloc_id (2492921.2)[0m
[97m/home/cvazquezperezdelacru/clio-core/context-runtime/src/ipc_manager.cc:2532 INFO 2492813 RegisterMemory IpcManager::RegisterMemory: Registering clio_2492921_2 from pid 2492921[0m
[97m/home/cvazquezperezdelacru/clio-core/context-runtime/src/ipc_manager.cc:2575 INFO 2492813 RegisterMemory IpcManager::RegisterMemory: Successfully registered clio_2492921_2[0m
[33m/home/cvazquezperezdelacru/clio-core/context-runtime/src/scheduler/default_sched.cc:430 WARNING 2492821 LoadBalance [#781 PDF] observed exec-time bins (cumulative): <10us=257723 <50us=7455 <500us=114 <10ms=1609 <50ms=0 <500ms=2 <1s=0 >=1s=0 | stalls_detected=0[0m
[33m/home/cvazquezperezdelacru/clio-core/context-runtime/src/scheduler/default_sched.cc:439 WARNING 2492821 LoadBalance [#785] lane rescues performed: 0[0m
[97m/home/cvazquezperezdelacru/clio-core/context-runtime/modules/admin/src/admin_runtime.cc:1191 INFO 2492813 RegisterMemory Admin::RegisterMemory: Registering CPU alloc_id (2492921.3)[0m
[97m/home/cvazquezperezdelacru/clio-core/context-runtime/src/ipc_manager.cc:2532 INFO 2492813 RegisterMemory IpcManager::RegisterMemory: Registering clio_2492921_3 from pid 2492921[0m
[97m/home/cvazquezperezdelacru/clio-core/context-runtime/src/ipc_manager.cc:2575 INFO 2492813 RegisterMemory IpcManager::RegisterMemory: Successfully registered clio_2492921_3[0m
[97m/home/cvazquezperezdelacru/clio-core/context-runtime/modules/admin/src/admin_runtime.cc:1191 INFO 2492813 RegisterMemory Admin::RegisterMemory: Registering CPU alloc_id (2492921.4)[0m
[97m/home/cvazquezperezdelacru/clio-core/context-runtime/src/ipc_manager.cc:2532 INFO 2492813 RegisterMemory IpcManager::RegisterMemory: Registering clio_2492921_4 from pid 2492921[0m
[97m/home/cvazquezperezdelacru/clio-core/context-runtime/src/ipc_manager.cc:2575 INFO 2492813 RegisterMemory IpcManager::RegisterMemory: Successfully registered clio_2492921_4[0m
[97m/home/cvazquezperezdelacru/clio-core/context-runtime/modules/admin/src/admin_runtime.cc:1191 INFO 2492813 RegisterMemory Admin::RegisterMemory: Registering CPU alloc_id (2492921.5)[0m
[97m/home/cvazquezperezdelacru/clio-core/context-runtime/src/ipc_manager.cc:2532 INFO 2492813 RegisterMemory IpcManager::RegisterMemory: Registering clio_2492921_5 from pid 2492921[0m
[97m/home/cvazquezperezdelacru/clio-core/context-runtime/src/ipc_manager.cc:2575 INFO 2492813 RegisterMemory IpcManager::RegisterMemory: Successfully registered clio_2492921_5[0m
[97m/home/cvazquezperezdelacru/clio-core/context-runtime/modules/admin/src/admin_runtime.cc:1191 INFO 2492815 RegisterMemory Admin::RegisterMemory: Registering CPU alloc_id (2492921.6)[0m
[97m/home/cvazquezperezdelacru/clio-core/context-runtime/src/ipc_manager.cc:2532 INFO 2492815 RegisterMemory IpcManager::RegisterMemory: Registering clio_2492921_6 from pid 2492921[0m
[97m/home/cvazquezperezdelacru/clio-core/context-runtime/src/ipc_manager.cc:2575 INFO 2492815 RegisterMemory IpcManager::RegisterMemory: Successfully registered clio_2492921_6[0m
[97m/home/cvazquezperezdelacru/clio-core/context-runtime/modules/admin/src/admin_runtime.cc:1191 INFO 2492814 RegisterMemory Admin::RegisterMemory: Registering CPU alloc_id (2492921.7)[0m
[97m/home/cvazquezperezdelacru/clio-core/context-runtime/src/ipc_manager.cc:2532 INFO 2492814 RegisterMemory IpcManager::RegisterMemory: Registering clio_2492921_7 from pid 2492921[0m
[97m/home/cvazquezperezdelacru/clio-core/context-runtime/src/ipc_manager.cc:2575 INFO 2492814 RegisterMemory IpcManager::RegisterMemory: Successfully registered clio_2492921_7[0m
[97m/home/cvazquezperezdelacru/clio-core/context-runtime/modules/admin/src/admin_runtime.cc:1191 INFO 2492815 RegisterMemory Admin::RegisterMemory: Registering CPU alloc_id (2492921.8)[0m
[97m/home/cvazquezperezdelacru/clio-core/context-runtime/src/ipc_manager.cc:2532 INFO 2492815 RegisterMemory IpcManager::RegisterMemory: Registering clio_2492921_8 from pid 2492921[0m
[97m/home/cvazquezperezdelacru/clio-core/context-runtime/src/ipc_manager.cc:2575 INFO 2492815 RegisterMemory IpcManager::RegisterMemory: Successfully registered clio_2492921_8[0m
[97m/home/cvazquezperezdelacru/clio-core/context-runtime/modules/admin/src/admin_runtime.cc:1191 INFO 2492814 RegisterMemory Admin::RegisterMemory: Registering CPU alloc_id (2492921.9)[0m
[97m/home/cvazquezperezdelacru/clio-core/context-runtime/src/ipc_manager.cc:2532 INFO 2492814 RegisterMemory IpcManager::RegisterMemory: Registering clio_2492921_9 from pid 2492921[0m
[97m/home/cvazquezperezdelacru/clio-core/context-runtime/src/ipc_manager.cc:2575 INFO 2492814 RegisterMemory IpcManager::RegisterMemory: Successfully registered clio_2492921_9[0m
[97m/home/cvazquezperezdelacru/clio-core/context-runtime/modules/admin/src/admin_runtime.cc:1191 INFO 2492814 RegisterMemory Admin::RegisterMemory: Registering CPU alloc_id (2492921.10)[0m
[97m/home/cvazquezperezdelacru/clio-core/context-runtime/src/ipc_manager.cc:2532 INFO 2492814 RegisterMemory IpcManager::RegisterMemory: Registering clio_2492921_10 from pid 2492921[0m
[97m/home/cvazquezperezdelacru/clio-core/context-runtime/src/ipc_manager.cc:2575 INFO 2492814 RegisterMemory IpcManager::RegisterMemory: Successfully registered clio_2492921_10[0m
[33m/home/cvazquezperezdelacru/clio-core/context-runtime/src/scheduler/default_sched.cc:430 WARNING 2492821 LoadBalance [#781 PDF] observed exec-time bins (cumulative): <10us=320708 <50us=14733 <500us=279 <10ms=3576 <50ms=0 <500ms=2 <1s=0 >=1s=0 | stalls_detected=0[0m
[33m/home/cvazquezperezdelacru/clio-core/context-runtime/src/scheduler/default_sched.cc:439 WARNING 2492821 LoadBalance [#785] lane rescues performed: 0[0m
[97m/home/cvazquezperezdelacru/clio-core/context-runtime/modules/admin/src/admin_runtime.cc:1191 INFO 2492814 RegisterMemory Admin::RegisterMemory: Registering CPU alloc_id (2492921.11)[0m
[97m/home/cvazquezperezdelacru/clio-core/context-runtime/src/ipc_manager.cc:2532 INFO 2492814 RegisterMemory IpcManager::RegisterMemory: Registering clio_2492921_11 from pid 2492921[0m
[97m/home/cvazquezperezdelacru/clio-core/context-runtime/src/ipc_manager.cc:2575 INFO 2492814 RegisterMemory IpcManager::RegisterMemory: Successfully registered clio_2492921_11[0m
[97m/home/cvazquezperezdelacru/clio-core/context-runtime/modules/admin/src/admin_runtime.cc:1191 INFO 2492814 RegisterMemory Admin::RegisterMemory: Registering CPU alloc_id (2492921.12)[0m
[97m/home/cvazquezperezdelacru/clio-core/context-runtime/src/ipc_manager.cc:2532 INFO 2492814 RegisterMemory IpcManager::RegisterMemory: Registering clio_2492921_12 from pid 2492921[0m
[97m/home/cvazquezperezdelacru/clio-core/context-runtime/src/ipc_manager.cc:2575 INFO 2492814 RegisterMemory IpcManager::RegisterMemory: Successfully registered clio_2492921_12[0m
[97m/home/cvazquezperezdelacru/clio-core/context-runtime/src/ipc_manager.cc:2288 INFO 2492823 GetOrCreateClient [ClientPool] Creating new persistent connection to 127.0.0.1:45489[0m
[97m/home/cvazquezperezdelacru/clio-core/context-runtime/src/ipc_manager.cc:2308 INFO 2492823 GetOrCreateClient [ClientPool] Connection established to 127.0.0.1:45489[0m
[97m/home/cvazquezperezdelacru/clio-core/context-runtime/modules/admin/src/admin_runtime.cc:1191 INFO 2492815 RegisterMemory Admin::RegisterMemory: Registering CPU alloc_id (2492973.0)[0m
[97m/home/cvazquezperezdelacru/clio-core/context-runtime/src/ipc_manager.cc:2532 INFO 2492815 RegisterMemory IpcManager::RegisterMemory: Registering clio_2492973_0 from pid 2492973[0m
[97m/home/cvazquezperezdelacru/clio-core/context-runtime/src/ipc_manager.cc:2575 INFO 2492815 RegisterMemory IpcManager::RegisterMemory: Successfully registered clio_2492973_0[0m
[97m/home/cvazquezperezdelacru/clio-core/context-runtime/src/pool_manager.cc:534 INFO 2492815 CreatePool PoolManager: Creating pool 'clio_cte_core' with 1 containers (one per node)[0m
[97m/home/cvazquezperezdelacru/clio-core/context-runtime/src/pool_manager.cc:575 INFO 2492815 CreatePool PoolManager: Pool PoolId(major:512, minor:0) already exists by ID, returning existing pool[0m
[97m/home/cvazquezperezdelacru/clio-core/context-runtime/src/pool_manager.cc:534 INFO 2492815 CreatePool PoolManager: Creating pool 'faiss_ivf_bench' with 1 containers (one per node)[0m
[97m/home/cvazquezperezdelacru/clio-core/context-runtime/src/pool_manager.cc:575 INFO 2492815 CreatePool PoolManager: Pool PoolId(major:600, minor:0) already exists by ID, returning existing pool[0m
[97m/home/cvazquezperezdelacru/clio-core/context-runtime/src/ipc_manager.cc:2440 INFO 2492813 IncreaseClientShm IpcManager::IncreaseClientShm: Creating clio_2492792_4 with size 117522432 (83968000 + 33554432 overhead)[0m
[97m/home/cvazquezperezdelacru/clio-core/context-runtime/src/ipc_manager.cc:2485 INFO 2492813 IncreaseClientShm IpcManager::IncreaseClientShm: Created allocator clio_2492792_4 with ID (2492792.4)[0m
[97m/mnt/common/cvazquezperezdelacru/IOWARP/faiss/contrib/iowarp/chimod/src/faiss_ivf_runtime.cc:229 INFO 2492813 OpenIndex faiss_ivf: opened '/mnt/common/cvazquezperezdelacru/faiss/slurm_bench/work/ondisk_nb10M.index' (d=128, nlist=4096, ntotal=10000000, tag='faiss_ivf::ondisk_nb10M')[0m
[97m/mnt/common/cvazquezperezdelacru/IOWARP/faiss/contrib/iowarp/chimod/src/faiss_ivf_runtime.cc:300 INFO 2492813 Search faiss_ivf: Search nq=500 k=10 nprobe=64 unique_lists=4084[0m
[97m/home/cvazquezperezdelacru/clio-core/context-runtime/src/ipc_manager.cc:2440 INFO 2492813 IncreaseClientShm IpcManager::IncreaseClientShm: Creating clio_2492792_5 with size 122060712 (88506280 + 33554432 overhead)[0m
[97m/home/cvazquezperezdelacru/clio-core/context-runtime/src/ipc_manager.cc:2485 INFO 2492813 IncreaseClientShm IpcManager::IncreaseClientShm: Created allocator clio_2492792_5 with ID (2492792.5)[0m
[97m/home/cvazquezperezdelacru/clio-core/context-runtime/src/ipc_manager.cc:2440 INFO 2492813 IncreaseClientShm IpcManager::IncreaseClientShm: Creating clio_2492792_6 with size 124005512 (90451080 + 33554432 overhead)[0m
[97m/home/cvazquezperezdelacru/clio-core/context-runtime/src/ipc_manager.cc:2485 INFO 2492813 IncreaseClientShm IpcManager::IncreaseClientShm: Created allocator clio_2492792_6 with ID (2492792.6)[0m
[97m/home/cvazquezperezdelacru/clio-core/context-runtime/src/ipc_manager.cc:2440 INFO 2492813 IncreaseClientShm IpcManager::IncreaseClientShm: Creating clio_2492792_7 with size 124845312 (91290880 + 33554432 overhead)[0m
[97m/home/cvazquezperezdelacru/clio-core/context-runtime/src/ipc_manager.cc:2485 INFO 2492813 IncreaseClientShm IpcManager::IncreaseClientShm: Created allocator clio_2492792_7 with ID (2492792.7)[0m
[33m/home/cvazquezperezdelacru/clio-core/context-runtime/src/scheduler/default_sched.cc:430 WARNING 2492821 LoadBalance [#781 PDF] observed exec-time bins (cumulative): <10us=386834 <50us=16983 <500us=317 <10ms=4104 <50ms=0 <500ms=2 <1s=0 >=1s=0 | stalls_detected=0[0m
[33m/home/cvazquezperezdelacru/clio-core/context-runtime/src/scheduler/default_sched.cc:439 WARNING 2492821 LoadBalance [#785] lane rescues performed: 0[0m
[33m/home/cvazquezperezdelacru/clio-core/context-runtime/src/scheduler/default_sched.cc:455 WARNING 2492821 operator() [#781] worker 0 STALLED on one task (load_us=0 realtime_load_us=1.01701e+06 threshold_s=1)[0m
[33m/home/cvazquezperezdelacru/clio-core/context-runtime/src/worker.cc:370 WARNING 2492821 AdoptLane [#785] worker 0 adopted lane 0x7f0ac9f451e8[0m
[33m/home/cvazquezperezdelacru/clio-core/context-runtime/src/work_orchestrator.cc:545 WARNING 2492821 SpawnAdditionalWorker [#785] spawned elastic worker 8 (pool now 9 workers)[0m
[33m/home/cvazquezperezdelacru/clio-core/context-runtime/src/scheduler/default_sched.cc:598 WARNING 2492821 operator() [#785] RESCUE: stalled worker 0 -> worker 8 (0 parked task(s) moved, 0 queued task(s) redistributed, rescues=1)[0m
[97m/home/cvazquezperezdelacru/clio-core/context-runtime/src/ipc_manager.cc:2440 INFO 2492813 IncreaseClientShm IpcManager::IncreaseClientShm: Creating clio_2492792_8 with size 124542416 (90987984 + 33554432 overhead)[0m
[97m/home/cvazquezperezdelacru/clio-core/context-runtime/src/ipc_manager.cc:2485 INFO 2492813 IncreaseClientShm IpcManager::IncreaseClientShm: Created allocator clio_2492792_8 with ID (2492792.8)[0m
[33m/home/cvazquezperezdelacru/clio-core/context-runtime/src/scheduler/default_sched.cc:455 WARNING 2492821 operator() [#781] worker 0 STALLED on one task (load_us=0 realtime_load_us=1.51867e+06 threshold_s=1)[0m
[33m/home/cvazquezperezdelacru/clio-core/context-runtime/src/worker.cc:370 WARNING 2492821 AdoptLane [#785] worker 0 adopted lane 0x7f0ac9f451e8[0m
[33m/home/cvazquezperezdelacru/clio-core/context-runtime/src/scheduler/default_sched.cc:598 WARNING 2492821 operator() [#785] RESCUE: stalled worker 0 -> worker 8 (0 parked task(s) moved, 0 queued task(s) redistributed, rescues=2)[0m
[97m/home/cvazquezperezdelacru/clio-core/context-runtime/src/ipc_manager.cc:2440 INFO 2492813 IncreaseClientShm IpcManager::IncreaseClientShm: Creating clio_2492792_9 with size 124181008 (90626576 + 33554432 overhead)[0m
[97m/home/cvazquezperezdelacru/clio-core/context-runtime/src/ipc_manager.cc:2485 INFO 2492813 IncreaseClientShm IpcManager::IncreaseClientShm: Created allocator clio_2492792_9 with ID (2492792.9)[0m
[97m/home/cvazquezperezdelacru/clio-core/context-runtime/src/ipc_manager.cc:2440 INFO 2492813 IncreaseClientShm IpcManager::IncreaseClientShm: Creating clio_2492792_10 with size 123718208 (90163776 + 33554432 overhead)[0m
[97m/home/cvazquezperezdelacru/clio-core/context-runtime/src/ipc_manager.cc:2485 INFO 2492813 IncreaseClientShm IpcManager::IncreaseClientShm: Created allocator clio_2492792_10 with ID (2492792.10)[0m
[33m/home/cvazquezperezdelacru/clio-core/context-runtime/src/scheduler/default_sched.cc:455 WARNING 2492821 operator() [#781] worker 0 STALLED on one task (load_us=0 realtime_load_us=2.0192e+06 threshold_s=1)[0m
[33m/home/cvazquezperezdelacru/clio-core/context-runtime/src/worker.cc:370 WARNING 2492821 AdoptLane [#785] worker 0 adopted lane 0x7f0ac9f451e8[0m
[33m/home/cvazquezperezdelacru/clio-core/context-runtime/src/scheduler/default_sched.cc:598 WARNING 2492821 operator() [#785] RESCUE: stalled worker 0 -> worker 8 (0 parked task(s) moved, 0 queued task(s) redistributed, rescues=3)[0m
[97m/home/cvazquezperezdelacru/clio-core/context-runtime/src/ipc_manager.cc:2440 INFO 2492813 IncreaseClientShm IpcManager::IncreaseClientShm: Creating clio_2492792_11 with size 126020512 (92466080 + 33554432 overhead)[0m
[97m/home/cvazquezperezdelacru/clio-core/context-runtime/src/ipc_manager.cc:2485 INFO 2492813 IncreaseClientShm IpcManager::IncreaseClientShm: Created allocator clio_2492792_11 with ID (2492792.11)[0m
[97m/home/cvazquezperezdelacru/clio-core/context-runtime/src/ipc_manager.cc:2440 INFO 2492813 IncreaseClientShm IpcManager::IncreaseClientShm: Creating clio_2492792_12 with size 127731312 (94176880 + 33554432 overhead)[0m
[97m/home/cvazquezperezdelacru/clio-core/context-runtime/src/ipc_manager.cc:2485 INFO 2492813 IncreaseClientShm IpcManager::IncreaseClientShm: Created allocator clio_2492792_12 with ID (2492792.12)[0m
[33m/home/cvazquezperezdelacru/clio-core/context-runtime/src/scheduler/default_sched.cc:455 WARNING 2492821 operator() [#781] worker 0 STALLED on one task (load_us=0 realtime_load_us=2.51976e+06 threshold_s=1)[0m
[33m/home/cvazquezperezdelacru/clio-core/context-runtime/src/worker.cc:370 WARNING 2492821 AdoptLane [#785] worker 0 adopted lane 0x7f0ac9f451e8[0m
[33m/home/cvazquezperezdelacru/clio-core/context-runtime/src/scheduler/default_sched.cc:598 WARNING 2492821 operator() [#785] RESCUE: stalled worker 0 -> worker 8 (0 parked task(s) moved, 0 queued task(s) redistributed, rescues=4)[0m
[97m/home/cvazquezperezdelacru/clio-core/context-runtime/src/ipc_manager.cc:2440 INFO 2492813 IncreaseClientShm IpcManager::IncreaseClientShm: Creating clio_2492792_13 with size 124577512 (91023080 + 33554432 overhead)[0m
[97m/home/cvazquezperezdelacru/clio-core/context-runtime/src/ipc_manager.cc:2485 INFO 2492813 IncreaseClientShm IpcManager::IncreaseClientShm: Created allocator clio_2492792_13 with ID (2492792.13)[0m
[33m/home/cvazquezperezdelacru/clio-core/context-runtime/src/scheduler/default_sched.cc:455 WARNING 2492821 operator() [#781] worker 0 STALLED on one task (load_us=0 realtime_load_us=3.02036e+06 threshold_s=1)[0m
[33m/home/cvazquezperezdelacru/clio-core/context-runtime/src/worker.cc:370 WARNING 2492821 AdoptLane [#785] worker 0 adopted lane 0x7f0ac9f451e8[0m
[33m/home/cvazquezperezdelacru/clio-core/context-runtime/src/scheduler/default_sched.cc:598 WARNING 2492821 operator() [#785] RESCUE: stalled worker 0 -> worker 8 (0 parked task(s) moved, 0 queued task(s) redistributed, rescues=5)[0m
[97m/home/cvazquezperezdelacru/clio-core/context-runtime/src/ipc_manager.cc:2440 INFO 2492813 IncreaseClientShm IpcManager::IncreaseClientShm: Creating clio_2492792_14 with size 127593512 (94039080 + 33554432 overhead)[0m
[97m/home/cvazquezperezdelacru/clio-core/context-runtime/src/ipc_manager.cc:2485 INFO 2492813 IncreaseClientShm IpcManager::IncreaseClientShm: Created allocator clio_2492792_14 with ID (2492792.14)[0m
[33m/home/cvazquezperezdelacru/clio-core/context-runtime/src/scheduler/default_sched.cc:455 WARNING 2492821 operator() [#781] worker 0 STALLED on one task (load_us=0 realtime_load_us=3.52106e+06 threshold_s=1)[0m
[33m/home/cvazquezperezdelacru/clio-core/context-runtime/src/worker.cc:370 WARNING 2492821 AdoptLane [#785] worker 0 adopted lane 0x7f0ac9f451e8[0m
[33m/home/cvazquezperezdelacru/clio-core/context-runtime/src/scheduler/default_sched.cc:598 WARNING 2492821 operator() [#785] RESCUE: stalled worker 0 -> worker 8 (0 parked task(s) moved, 0 queued task(s) redistributed, rescues=6)[0m
[97m/home/cvazquezperezdelacru/clio-core/context-runtime/src/ipc_manager.cc:2440 INFO 2492813 IncreaseClientShm IpcManager::IncreaseClientShm: Creating clio_2492792_15 with size 124257712 (90703280 + 33554432 overhead)[0m
[97m/home/cvazquezperezdelacru/clio-core/context-runtime/src/ipc_manager.cc:2485 INFO 2492813 IncreaseClientShm IpcManager::IncreaseClientShm: Created allocator clio_2492792_15 with ID (2492792.15)[0m
[97m/home/cvazquezperezdelacru/clio-core/context-runtime/src/ipc_manager.cc:2440 INFO 2492813 IncreaseClientShm IpcManager::IncreaseClientShm: Creating clio_2492792_16 with size 124459216 (90904784 + 33554432 overhead)[0m
[97m/home/cvazquezperezdelacru/clio-core/context-runtime/src/ipc_manager.cc:2485 INFO 2492813 IncreaseClientShm IpcManager::IncreaseClientShm: Created allocator clio_2492792_16 with ID (2492792.16)[0m
[33m/home/cvazquezperezdelacru/clio-core/context-runtime/src/scheduler/default_sched.cc:455 WARNING 2492821 operator() [#781] worker 0 STALLED on one task (load_us=0 realtime_load_us=4.02164e+06 threshold_s=1)[0m
[33m/home/cvazquezperezdelacru/clio-core/context-runtime/src/worker.cc:370 WARNING 2492821 AdoptLane [#785] worker 0 adopted lane 0x7f0ac9f451e8[0m
[33m/home/cvazquezperezdelacru/clio-core/context-runtime/src/scheduler/default_sched.cc:598 WARNING 2492821 operator() [#785] RESCUE: stalled worker 0 -> worker 8 (0 parked task(s) moved, 0 queued task(s) redistributed, rescues=7)[0m
[97m/home/cvazquezperezdelacru/clio-core/context-runtime/src/ipc_manager.cc:2440 INFO 2492813 IncreaseClientShm IpcManager::IncreaseClientShm: Creating clio_2492792_17 with size 125401712 (91847280 + 33554432 overhead)[0m
[97m/home/cvazquezperezdelacru/clio-core/context-runtime/src/ipc_manager.cc:2485 INFO 2492813 IncreaseClientShm IpcManager::IncreaseClientShm: Created allocator clio_2492792_17 with ID (2492792.17)[0m
[33m/home/cvazquezperezdelacru/clio-core/context-runtime/src/scheduler/default_sched.cc:455 WARNING 2492821 operator() [#781] worker 0 STALLED on one task (load_us=0 realtime_load_us=4.52227e+06 threshold_s=1)[0m
[33m/home/cvazquezperezdelacru/clio-core/context-runtime/src/worker.cc:370 WARNING 2492821 AdoptLane [#785] worker 0 adopted lane 0x7f0ac9f451e8[0m
[33m/home/cvazquezperezdelacru/clio-core/context-runtime/src/scheduler/default_sched.cc:598 WARNING 2492821 operator() [#785] RESCUE: stalled worker 0 -> worker 8 (0 parked task(s) moved, 0 queued task(s) redistributed, rescues=8)[0m
[97m/home/cvazquezperezdelacru/clio-core/context-runtime/src/ipc_manager.cc:2440 INFO 2492813 IncreaseClientShm IpcManager::IncreaseClientShm: Creating clio_2492792_18 with size 127291912 (93737480 + 33554432 overhead)[0m
[97m/home/cvazquezperezdelacru/clio-core/context-runtime/src/ipc_manager.cc:2485 INFO 2492813 IncreaseClientShm IpcManager::IncreaseClientShm: Created allocator clio_2492792_18 with ID (2492792.18)[0m
[97m/mnt/common/cvazquezperezdelacru/IOWARP/faiss/contrib/iowarp/chimod/src/faiss_ivf_runtime.cc:300 INFO 2492815 Search faiss_ivf: Search nq=500 k=10 nprobe=64 unique_lists=4084[0m
[97m/home/cvazquezperezdelacru/clio-core/context-runtime/src/ipc_manager.cc:2440 INFO 2492815 IncreaseClientShm IpcManager::IncreaseClientShm: Creating clio_2492792_19 with size 131004712 (97450280 + 33554432 overhead)[0m
[97m/home/cvazquezperezdelacru/clio-core/context-runtime/src/ipc_manager.cc:2485 INFO 2492815 IncreaseClientShm IpcManager::IncreaseClientShm: Created allocator clio_2492792_19 with ID (2492792.19)[0m
[97m/home/cvazquezperezdelacru/clio-core/context-runtime/src/ipc_manager.cc:2440 INFO 2492815 IncreaseClientShm IpcManager::IncreaseClientShm: Creating clio_2492792_20 with size 124021112 (90466680 + 33554432 overhead)[0m
[97m/home/cvazquezperezdelacru/clio-core/context-runtime/src/ipc_manager.cc:2485 INFO 2492815 IncreaseClientShm IpcManager::IncreaseClientShm: Created allocator clio_2492792_20 with ID (2492792.20)[0m
[97m/home/cvazquezperezdelacru/clio-core/context-runtime/src/ipc_manager.cc:2440 INFO 2492815 IncreaseClientShm IpcManager::IncreaseClientShm: Creating clio_2492792_21 with size 125548608 (91994176 + 33554432 overhead)[0m
[97m/home/cvazquezperezdelacru/clio-core/context-runtime/src/ipc_manager.cc:2485 INFO 2492815 IncreaseClientShm IpcManager::IncreaseClientShm: Created allocator clio_2492792_21 with ID (2492792.21)[0m
[97m/home/cvazquezperezdelacru/clio-core/context-runtime/src/ipc_manager.cc:2440 INFO 2492815 IncreaseClientShm IpcManager::IncreaseClientShm: Creating clio_2492792_22 with size 126062112 (92507680 + 33554432 overhead)[0m
[97m/home/cvazquezperezdelacru/clio-core/context-runtime/src/ipc_manager.cc:2485 INFO 2492815 IncreaseClientShm IpcManager::IncreaseClientShm: Created allocator clio_2492792_22 with ID (2492792.22)[0m
[33m/home/cvazquezperezdelacru/clio-core/context-runtime/src/scheduler/default_sched.cc:430 WARNING 2492821 LoadBalance [#781 PDF] observed exec-time bins (cumulative): <10us=452788 <50us=18225 <500us=321 <10ms=4107 <50ms=0 <500ms=2 <1s=0 >=1s=1 | stalls_detected=8[0m
[33m/home/cvazquezperezdelacru/clio-core/context-runtime/src/scheduler/default_sched.cc:439 WARNING 2492821 LoadBalance [#785] lane rescues performed: 8[0m
[33m/home/cvazquezperezdelacru/clio-core/context-runtime/src/scheduler/default_sched.cc:455 WARNING 2492821 operator() [#781] worker 2 STALLED on one task (load_us=0 realtime_load_us=2.18617e+06 threshold_s=1)[0m
[33m/home/cvazquezperezdelacru/clio-core/context-runtime/src/worker.cc:370 WARNING 2492821 AdoptLane [#785] worker 2 adopted lane 0x7f0ac9f45368[0m
[33m/home/cvazquezperezdelacru/clio-core/context-runtime/src/scheduler/default_sched.cc:598 WARNING 2492821 operator() [#785] RESCUE: stalled worker 2 -> worker 8 (5 parked task(s) moved, 0 queued task(s) redistributed, rescues=9)[0m
[97m/home/cvazquezperezdelacru/clio-core/context-runtime/src/ipc_manager.cc:2440 INFO 2492815 IncreaseClientShm IpcManager::IncreaseClientShm: Creating clio_2492792_23 with size 126489808 (92935376 + 33554432 overhead)[0m
[97m/home/cvazquezperezdelacru/clio-core/context-runtime/src/ipc_manager.cc:2485 INFO 2492815 IncreaseClientShm IpcManager::IncreaseClientShm: Created allocator clio_2492792_23 with ID (2492792.23)[0m
[33m/home/cvazquezperezdelacru/clio-core/context-runtime/src/scheduler/default_sched.cc:455 WARNING 2492821 operator() [#781] worker 2 STALLED on one task (load_us=0 realtime_load_us=2.68697e+06 threshold_s=1)[0m
[33m/home/cvazquezperezdelacru/clio-core/context-runtime/src/worker.cc:370 WARNING 2492821 AdoptLane [#785] worker 2 adopted lane 0x7f0ac9f45368[0m
[33m/home/cvazquezperezdelacru/clio-core/context-runtime/src/scheduler/default_sched.cc:598 WARNING 2492821 operator() [#785] RESCUE: stalled worker 2 -> worker 8 (0 parked task(s) moved, 0 queued task(s) redistributed, rescues=10)[0m
[97m/home/cvazquezperezdelacru/clio-core/context-runtime/src/ipc_manager.cc:2440 INFO 2492815 IncreaseClientShm IpcManager::IncreaseClientShm: Creating clio_2492792_24 with size 129088512 (95534080 + 33554432 overhead)[0m
[97m/home/cvazquezperezdelacru/clio-core/context-runtime/src/ipc_manager.cc:2485 INFO 2492815 IncreaseClientShm IpcManager::IncreaseClientShm: Created allocator clio_2492792_24 with ID (2492792.24)[0m
[97m/home/cvazquezperezdelacru/clio-core/context-runtime/src/ipc_manager.cc:2440 INFO 2492815 IncreaseClientShm IpcManager::IncreaseClientShm: Creating clio_2492792_25 with size 130842208 (97287776 + 33554432 overhead)[0m
[97m/home/cvazquezperezdelacru/clio-core/context-runtime/src/ipc_manager.cc:2485 INFO 2492815 IncreaseClientShm IpcManager::IncreaseClientShm: Created allocator clio_2492792_25 with ID (2492792.25)[0m
[33m/home/cvazquezperezdelacru/clio-core/context-runtime/src/scheduler/default_sched.cc:455 WARNING 2492821 operator() [#781] worker 2 STALLED on one task (load_us=0 realtime_load_us=3.18741e+06 threshold_s=1)[0m
[33m/home/cvazquezperezdelacru/clio-core/context-runtime/src/worker.cc:370 WARNING 2492821 AdoptLane [#785] worker 2 adopted lane 0x7f0ac9f45368[0m
[33m/home/cvazquezperezdelacru/clio-core/context-runtime/src/scheduler/default_sched.cc:598 WARNING 2492821 operator() [#785] RESCUE: stalled worker 2 -> worker 8 (0 parked task(s) moved, 0 queued task(s) redistributed, rescues=11)[0m
[97m/home/cvazquezperezdelacru/clio-core/context-runtime/src/ipc_manager.cc:2440 INFO 2492815 IncreaseClientShm IpcManager::IncreaseClientShm: Creating clio_2492792_26 with size 129370608 (95816176 + 33554432 overhead)[0m
[97m/home/cvazquezperezdelacru/clio-core/context-runtime/src/ipc_manager.cc:2485 INFO 2492815 IncreaseClientShm IpcManager::IncreaseClientShm: Created allocator clio_2492792_26 with ID (2492792.26)[0m
[33m/home/cvazquezperezdelacru/clio-core/context-runtime/src/scheduler/default_sched.cc:455 WARNING 2492821 operator() [#781] worker 2 STALLED on one task (load_us=0 realtime_load_us=3.68774e+06 threshold_s=1)[0m
[33m/home/cvazquezperezdelacru/clio-core/context-runtime/src/worker.cc:370 WARNING 2492821 AdoptLane [#785] worker 2 adopted lane 0x7f0ac9f45368[0m
[33m/home/cvazquezperezdelacru/clio-core/context-runtime/src/scheduler/default_sched.cc:598 WARNING 2492821 operator() [#785] RESCUE: stalled worker 2 -> worker 8 (0 parked task(s) moved, 0 queued task(s) redistributed, rescues=12)[0m
[97m/home/cvazquezperezdelacru/clio-core/context-runtime/src/ipc_manager.cc:2440 INFO 2492815 IncreaseClientShm IpcManager::IncreaseClientShm: Creating clio_2492792_27 with size 128298112 (94743680 + 33554432 overhead)[0m
[97m/home/cvazquezperezdelacru/clio-core/context-runtime/src/ipc_manager.cc:2485 INFO 2492815 IncreaseClientShm IpcManager::IncreaseClientShm: Created allocator clio_2492792_27 with ID (2492792.27)[0m
[97m/home/cvazquezperezdelacru/clio-core/context-runtime/src/ipc_manager.cc:2440 INFO 2492815 IncreaseClientShm IpcManager::IncreaseClientShm: Creating clio_2492792_28 with size 127186608 (93632176 + 33554432 overhead)[0m
[97m/home/cvazquezperezdelacru/clio-core/context-runtime/src/ipc_manager.cc:2485 INFO 2492815 IncreaseClientShm IpcManager::IncreaseClientShm: Created allocator clio_2492792_28 with ID (2492792.28)[0m
[33m/home/cvazquezperezdelacru/clio-core/context-runtime/src/scheduler/default_sched.cc:455 WARNING 2492821 operator() [#781] worker 2 STALLED on one task (load_us=0 realtime_load_us=4.18827e+06 threshold_s=1)[0m
[33m/home/cvazquezperezdelacru/clio-core/context-runtime/src/worker.cc:370 WARNING 2492821 AdoptLane [#785] worker 2 adopted lane 0x7f0ac9f45368[0m
[33m/home/cvazquezperezdelacru/clio-core/context-runtime/src/scheduler/default_sched.cc:598 WARNING 2492821 operator() [#785] RESCUE: stalled worker 2 -> worker 8 (0 parked task(s) moved, 0 queued task(s) redistributed, rescues=13)[0m
[97m/home/cvazquezperezdelacru/clio-core/context-runtime/src/ipc_manager.cc:2440 INFO 2492815 IncreaseClientShm IpcManager::IncreaseClientShm: Creating clio_2492792_29 with size 124569712 (91015280 + 33554432 overhead)[0m
[97m/home/cvazquezperezdelacru/clio-core/context-runtime/src/ipc_manager.cc:2485 INFO 2492815 IncreaseClientShm IpcManager::IncreaseClientShm: Created allocator clio_2492792_29 with ID (2492792.29)[0m
[33m/home/cvazquezperezdelacru/clio-core/context-runtime/src/scheduler/default_sched.cc:455 WARNING 2492821 operator() [#781] worker 2 STALLED on one task (load_us=0 realtime_load_us=4.6886e+06 threshold_s=1)[0m
[33m/home/cvazquezperezdelacru/clio-core/context-runtime/src/worker.cc:370 WARNING 2492821 AdoptLane [#785] worker 2 adopted lane 0x7f0ac9f45368[0m
[33m/home/cvazquezperezdelacru/clio-core/context-runtime/src/scheduler/default_sched.cc:598 WARNING 2492821 operator() [#785] RESCUE: stalled worker 2 -> worker 8 (0 parked task(s) moved, 0 queued task(s) redistributed, rescues=14)[0m
[97m/home/cvazquezperezdelacru/clio-core/context-runtime/src/ipc_manager.cc:2440 INFO 2492815 IncreaseClientShm IpcManager::IncreaseClientShm: Creating clio_2492792_30 with size 126621112 (93066680 + 33554432 overhead)[0m
[97m/home/cvazquezperezdelacru/clio-core/context-runtime/src/ipc_manager.cc:2485 INFO 2492815 IncreaseClientShm IpcManager::IncreaseClientShm: Created allocator clio_2492792_30 with ID (2492792.30)[0m
[97m/mnt/common/cvazquezperezdelacru/IOWARP/faiss/contrib/iowarp/chimod/src/faiss_ivf_runtime.cc:300 INFO 2492815 Search faiss_ivf: Search nq=500 k=10 nprobe=64 unique_lists=4084[0m
[97m/home/cvazquezperezdelacru/clio-core/context-runtime/src/ipc_manager.cc:2440 INFO 2492815 IncreaseClientShm IpcManager::IncreaseClientShm: Creating clio_2492792_31 with size 129013112 (95458680 + 33554432 overhead)[0m
[97m/home/cvazquezperezdelacru/clio-core/context-runtime/src/ipc_manager.cc:2485 INFO 2492815 IncreaseClientShm IpcManager::IncreaseClientShm: Created allocator clio_2492792_31 with ID (2492792.31)[0m
[97m/home/cvazquezperezdelacru/clio-core/context-runtime/src/ipc_manager.cc:2440 INFO 2492815 IncreaseClientShm IpcManager::IncreaseClientShm: Creating clio_2492792_32 with size 125695512 (92141080 + 33554432 overhead)[0m
[97m/home/cvazquezperezdelacru/clio-core/context-runtime/src/ipc_manager.cc:2485 INFO 2492815 IncreaseClientShm IpcManager::IncreaseClientShm: Created allocator clio_2492792_32 with ID (2492792.32)[0m
[97m/home/cvazquezperezdelacru/clio-core/context-runtime/src/ipc_manager.cc:2440 INFO 2492815 IncreaseClientShm IpcManager::IncreaseClientShm: Creating clio_2492792_33 with size 124845312 (91290880 + 33554432 overhead)[0m
[97m/home/cvazquezperezdelacru/clio-core/context-runtime/src/ipc_manager.cc:2485 INFO 2492815 IncreaseClientShm IpcManager::IncreaseClientShm: Created allocator clio_2492792_33 with ID (2492792.33)[0m
[97m/home/cvazquezperezdelacru/clio-core/context-runtime/src/ipc_manager.cc:2440 INFO 2492815 IncreaseClientShm IpcManager::IncreaseClientShm: Creating clio_2492792_34 with size 124542416 (90987984 + 33554432 overhead)[0m
[97m/home/cvazquezperezdelacru/clio-core/context-runtime/src/ipc_manager.cc:2485 INFO 2492815 IncreaseClientShm IpcManager::IncreaseClientShm: Created allocator clio_2492792_34 with ID (2492792.34)[0m
[33m/home/cvazquezperezdelacru/clio-core/context-runtime/src/scheduler/default_sched.cc:455 WARNING 2492821 operator() [#781] worker 2 STALLED on one task (load_us=0 realtime_load_us=2.65744e+06 threshold_s=1)[0m
[33m/home/cvazquezperezdelacru/clio-core/context-runtime/src/worker.cc:370 WARNING 2492821 AdoptLane [#785] worker 2 adopted lane 0x7f0ac9f45368[0m
[33m/home/cvazquezperezdelacru/clio-core/context-runtime/src/scheduler/default_sched.cc:598 WARNING 2492821 operator() [#785] RESCUE: stalled worker 2 -> worker 8 (0 parked task(s) moved, 0 queued task(s) redistributed, rescues=15)[0m
[97m/home/cvazquezperezdelacru/clio-core/context-runtime/src/ipc_manager.cc:2440 INFO 2492815 IncreaseClientShm IpcManager::IncreaseClientShm: Creating clio_2492792_35 with size 124251216 (90696784 + 33554432 overhead)[0m
[97m/home/cvazquezperezdelacru/clio-core/context-runtime/src/ipc_manager.cc:2485 INFO 2492815 IncreaseClientShm IpcManager::IncreaseClientShm: Created allocator clio_2492792_35 with ID (2492792.35)[0m
[33m/home/cvazquezperezdelacru/clio-core/context-runtime/src/scheduler/default_sched.cc:455 WARNING 2492821 operator() [#781] worker 2 STALLED on one task (load_us=0 realtime_load_us=3.15778e+06 threshold_s=1)[0m
[33m/home/cvazquezperezdelacru/clio-core/context-runtime/src/worker.cc:370 WARNING 2492821 AdoptLane [#785] worker 2 adopted lane 0x7f0ac9f45368[0m
[33m/home/cvazquezperezdelacru/clio-core/context-runtime/src/scheduler/default_sched.cc:598 WARNING 2492821 operator() [#785] RESCUE: stalled worker 2 -> worker 8 (0 parked task(s) moved, 0 queued task(s) redistributed, rescues=16)[0m
[97m/home/cvazquezperezdelacru/clio-core/context-runtime/src/ipc_manager.cc:2440 INFO 2492815 IncreaseClientShm IpcManager::IncreaseClientShm: Creating clio_2492792_36 with size 123568712 (90014280 + 33554432 overhead)[0m
[97m/home/cvazquezperezdelacru/clio-core/context-runtime/src/ipc_manager.cc:2485 INFO 2492815 IncreaseClientShm IpcManager::IncreaseClientShm: Created allocator clio_2492792_36 with ID (2492792.36)[0m
[97m/home/cvazquezperezdelacru/clio-core/context-runtime/src/ipc_manager.cc:2440 INFO 2492815 IncreaseClientShm IpcManager::IncreaseClientShm: Creating clio_2492792_37 with size 125306816 (91752384 + 33554432 overhead)[0m
[97m/home/cvazquezperezdelacru/clio-core/context-runtime/src/ipc_manager.cc:2485 INFO 2492815 IncreaseClientShm IpcManager::IncreaseClientShm: Created allocator clio_2492792_37 with ID (2492792.37)[0m
[33m/home/cvazquezperezdelacru/clio-core/context-runtime/src/scheduler/default_sched.cc:430 WARNING 2492821 LoadBalance [#781 PDF] observed exec-time bins (cumulative): <10us=519638 <50us=19035 <500us=326 <10ms=4108 <50ms=0 <500ms=2 <1s=0 >=1s=2 | stalls_detected=16[0m
[33m/home/cvazquezperezdelacru/clio-core/context-runtime/src/scheduler/default_sched.cc:439 WARNING 2492821 LoadBalance [#785] lane rescues performed: 16[0m
[33m/home/cvazquezperezdelacru/clio-core/context-runtime/src/scheduler/default_sched.cc:455 WARNING 2492821 operator() [#781] worker 2 STALLED on one task (load_us=0 realtime_load_us=3.6583e+06 threshold_s=1)[0m
[33m/home/cvazquezperezdelacru/clio-core/context-runtime/src/worker.cc:370 WARNING 2492821 AdoptLane [#785] worker 2 adopted lane 0x7f0ac9f45368[0m
[33m/home/cvazquezperezdelacru/clio-core/context-runtime/src/scheduler/default_sched.cc:598 WARNING 2492821 operator() [#785] RESCUE: stalled worker 2 -> worker 8 (0 parked task(s) moved, 0 queued task(s) redistributed, rescues=17)[0m
[97m/home/cvazquezperezdelacru/clio-core/context-runtime/src/ipc_manager.cc:2440 INFO 2492815 IncreaseClientShm IpcManager::IncreaseClientShm: Creating clio_2492792_38 with size 124377312 (90822880 + 33554432 overhead)[0m
[97m/home/cvazquezperezdelacru/clio-core/context-runtime/src/ipc_manager.cc:2485 INFO 2492815 IncreaseClientShm IpcManager::IncreaseClientShm: Created allocator clio_2492792_38 with ID (2492792.38)[0m
[33m/home/cvazquezperezdelacru/clio-core/context-runtime/src/scheduler/default_sched.cc:455 WARNING 2492821 operator() [#781] worker 2 STALLED on one task (load_us=0 realtime_load_us=4.15868e+06 threshold_s=1)[0m
[33m/home/cvazquezperezdelacru/clio-core/context-runtime/src/worker.cc:370 WARNING 2492821 AdoptLane [#785] worker 2 adopted lane 0x7f0ac9f45368[0m
[33m/home/cvazquezperezdelacru/clio-core/context-runtime/src/scheduler/default_sched.cc:598 WARNING 2492821 operator() [#785] RESCUE: stalled worker 2 -> worker 8 (0 parked task(s) moved, 0 queued task(s) redistributed, rescues=18)[0m
[97m/home/cvazquezperezdelacru/clio-core/context-runtime/src/ipc_manager.cc:2440 INFO 2492815 IncreaseClientShm IpcManager::IncreaseClientShm: Creating clio_2492792_39 with size 125001312 (91446880 + 33554432 overhead)[0m
[97m/home/cvazquezperezdelacru/clio-core/context-runtime/src/ipc_manager.cc:2485 INFO 2492815 IncreaseClientShm IpcManager::IncreaseClientShm: Created allocator clio_2492792_39 with ID (2492792.39)[0m
[97m/home/cvazquezperezdelacru/clio-core/context-runtime/src/ipc_manager.cc:2440 INFO 2492815 IncreaseClientShm IpcManager::IncreaseClientShm: Creating clio_2492792_40 with size 128298112 (94743680 + 33554432 overhead)[0m
[97m/home/cvazquezperezdelacru/clio-core/context-runtime/src/ipc_manager.cc:2485 INFO 2492815 IncreaseClientShm IpcManager::IncreaseClientShm: Created allocator clio_2492792_40 with ID (2492792.40)[0m
[33m/home/cvazquezperezdelacru/clio-core/context-runtime/src/scheduler/default_sched.cc:455 WARNING 2492821 operator() [#781] worker 2 STALLED on one task (load_us=0 realtime_load_us=4.65903e+06 threshold_s=1)[0m
[33m/home/cvazquezperezdelacru/clio-core/context-runtime/src/worker.cc:370 WARNING 2492821 AdoptLane [#785] worker 2 adopted lane 0x7f0ac9f45368[0m
[33m/home/cvazquezperezdelacru/clio-core/context-runtime/src/scheduler/default_sched.cc:598 WARNING 2492821 operator() [#785] RESCUE: stalled worker 2 -> worker 8 (0 parked task(s) moved, 0 queued task(s) redistributed, rescues=19)[0m
[97m/home/cvazquezperezdelacru/clio-core/context-runtime/src/ipc_manager.cc:2440 INFO 2492815 IncreaseClientShm IpcManager::IncreaseClientShm: Creating clio_2492792_41 with size 127186608 (93632176 + 33554432 overhead)[0m
[97m/home/cvazquezperezdelacru/clio-core/context-runtime/src/ipc_manager.cc:2485 INFO 2492815 IncreaseClientShm IpcManager::IncreaseClientShm: Created allocator clio_2492792_41 with ID (2492792.41)[0m
[33m/home/cvazquezperezdelacru/clio-core/context-runtime/src/scheduler/default_sched.cc:455 WARNING 2492821 operator() [#781] worker 2 STALLED on one task (load_us=0 realtime_load_us=5.15967e+06 threshold_s=1)[0m
[33m/home/cvazquezperezdelacru/clio-core/context-runtime/src/worker.cc:370 WARNING 2492821 AdoptLane [#785] worker 2 adopted lane 0x7f0ac9f45368[0m
[33m/home/cvazquezperezdelacru/clio-core/context-runtime/src/scheduler/default_sched.cc:598 WARNING 2492821 operator() [#785] RESCUE: stalled worker 2 -> worker 8 (0 parked task(s) moved, 0 queued task(s) redistributed, rescues=20)[0m
[97m/home/cvazquezperezdelacru/clio-core/context-runtime/src/ipc_manager.cc:2440 INFO 2492815 IncreaseClientShm IpcManager::IncreaseClientShm: Creating clio_2492792_42 with size 124569712 (91015280 + 33554432 overhead)[0m
[97m/home/cvazquezperezdelacru/clio-core/context-runtime/src/ipc_manager.cc:2485 INFO 2492815 IncreaseClientShm IpcManager::IncreaseClientShm: Created allocator clio_2492792_42 with ID (2492792.42)[0m
[97m/home/cvazquezperezdelacru/clio-core/context-runtime/src/ipc_manager.cc:2440 INFO 2492815 IncreaseClientShm IpcManager::IncreaseClientShm: Creating clio_2492792_43 with size 126121912 (92567480 + 33554432 overhead)[0m
[97m/home/cvazquezperezdelacru/clio-core/context-runtime/src/ipc_manager.cc:2485 INFO 2492815 IncreaseClientShm IpcManager::IncreaseClientShm: Created allocator clio_2492792_43 with ID (2492792.43)[0m
[33m/home/cvazquezperezdelacru/clio-core/context-runtime/src/scheduler/default_sched.cc:455 WARNING 2492821 operator() [#781] worker 2 STALLED on one task (load_us=0 realtime_load_us=5.66004e+06 threshold_s=1)[0m
[33m/home/cvazquezperezdelacru/clio-core/context-runtime/src/worker.cc:370 WARNING 2492821 AdoptLane [#785] worker 2 adopted lane 0x7f0ac9f45368[0m
[33m/home/cvazquezperezdelacru/clio-core/context-runtime/src/scheduler/default_sched.cc:598 WARNING 2492821 operator() [#785] RESCUE: stalled worker 2 -> worker 8 (0 parked task(s) moved, 0 queued task(s) redistributed, rescues=21)[0m
[97m/home/cvazquezperezdelacru/clio-core/context-runtime/src/ipc_manager.cc:2288 INFO 2492823 GetOrCreateClient [ClientPool] Creating new persistent connection to 127.0.0.1:38003[0m
[97m/home/cvazquezperezdelacru/clio-core/context-runtime/src/ipc_manager.cc:2308 INFO 2492823 GetOrCreateClient [ClientPool] Connection established to 127.0.0.1:38003[0m
[97m/home/cvazquezperezdelacru/clio-core/context-runtime/modules/admin/src/admin_runtime.cc:1191 INFO 2492815 RegisterMemory Admin::RegisterMemory: Registering CPU alloc_id (2493030.0)[0m
[97m/home/cvazquezperezdelacru/clio-core/context-runtime/src/ipc_manager.cc:2532 INFO 2492815 RegisterMemory IpcManager::RegisterMemory: Registering clio_2493030_0 from pid 2493030[0m
[97m/home/cvazquezperezdelacru/clio-core/context-runtime/src/ipc_manager.cc:2575 INFO 2492815 RegisterMemory IpcManager::RegisterMemory: Successfully registered clio_2493030_0[0m
[97m/home/cvazquezperezdelacru/clio-core/context-runtime/src/pool_manager.cc:534 INFO 2492815 CreatePool PoolManager: Creating pool 'clio_cte_core' with 1 containers (one per node)[0m
[97m/home/cvazquezperezdelacru/clio-core/context-runtime/src/pool_manager.cc:575 INFO 2492815 CreatePool PoolManager: Pool PoolId(major:512, minor:0) already exists by ID, returning existing pool[0m
[97m/home/cvazquezperezdelacru/clio-core/context-runtime/src/pool_manager.cc:534 INFO 2492815 CreatePool PoolManager: Creating pool 'faiss_ivf_bench' with 1 containers (one per node)[0m
[97m/home/cvazquezperezdelacru/clio-core/context-runtime/src/pool_manager.cc:575 INFO 2492815 CreatePool PoolManager: Pool PoolId(major:600, minor:0) already exists by ID, returning existing pool[0m
[97m/mnt/common/cvazquezperezdelacru/IOWARP/faiss/contrib/iowarp/chimod/src/faiss_ivf_runtime.cc:300 INFO 2492817 Search faiss_ivf: Search nq=62 k=10 nprobe=64 unique_lists=2453[0m
[97m/mnt/common/cvazquezperezdelacru/IOWARP/faiss/contrib/iowarp/chimod/src/faiss_ivf_runtime.cc:300 INFO 2492816 Search faiss_ivf: Search nq=63 k=10 nprobe=64 unique_lists=2541[0m
[97m/mnt/common/cvazquezperezdelacru/IOWARP/faiss/contrib/iowarp/chimod/src/faiss_ivf_runtime.cc:300 INFO 2492814 Search faiss_ivf: Search nq=63 k=10 nprobe=64 unique_lists=2413[0m
[97m/mnt/common/cvazquezperezdelacru/IOWARP/faiss/contrib/iowarp/chimod/src/faiss_ivf_runtime.cc:300 INFO 2492815 Search faiss_ivf: Search nq=62 k=10 nprobe=64 unique_lists=2388[0m
[97m/home/cvazquezperezdelacru/clio-core/context-runtime/src/ipc_manager.cc:2440 INFO 2492814 IncreaseClientShm IpcManager::IncreaseClientShm: Creating clio_2492792_44 with size 129013112 (95458680 + 33554432 overhead)[0m
[97m/home/cvazquezperezdelacru/clio-core/context-runtime/src/ipc_manager.cc:2485 INFO 2492814 IncreaseClientShm IpcManager::IncreaseClientShm: Created allocator clio_2492792_44 with ID (2492792.44)[0m
[97m/home/cvazquezperezdelacru/clio-core/context-runtime/src/ipc_manager.cc:2440 INFO 2492817 IncreaseClientShm IpcManager::IncreaseClientShm: Creating clio_2492792_45 with size 129013112 (95458680 + 33554432 overhead)[0m
[97m/home/cvazquezperezdelacru/clio-core/context-runtime/src/ipc_manager.cc:2485 INFO 2492817 IncreaseClientShm IpcManager::IncreaseClientShm: Created allocator clio_2492792_45 with ID (2492792.45)[0m
[97m/home/cvazquezperezdelacru/clio-core/context-runtime/src/ipc_manager.cc:2440 INFO 2492814 IncreaseClientShm IpcManager::IncreaseClientShm: Creating clio_2492792_46 with size 131215312 (97660880 + 33554432 overhead)[0m
[97m/home/cvazquezperezdelacru/clio-core/context-runtime/src/ipc_manager.cc:2485 INFO 2492814 IncreaseClientShm IpcManager::IncreaseClientShm: Created allocator clio_2492792_46 with ID (2492792.46)[0m
[97m/home/cvazquezperezdelacru/clio-core/context-runtime/src/ipc_manager.cc:2440 INFO 2492815 IncreaseClientShm IpcManager::IncreaseClientShm: Creating clio_2492792_47 with size 129862016 (96307584 + 33554432 overhead)[0m
[97m/home/cvazquezperezdelacru/clio-core/context-runtime/src/ipc_manager.cc:2485 INFO 2492815 IncreaseClientShm IpcManager::IncreaseClientShm: Created allocator clio_2492792_47 with ID (2492792.47)[0m
[97m/home/cvazquezperezdelacru/clio-core/context-runtime/src/ipc_manager.cc:2440 INFO 2492817 IncreaseClientShm IpcManager::IncreaseClientShm: Creating clio_2492792_48 with size 126596416 (93041984 + 33554432 overhead)[0m
[97m/home/cvazquezperezdelacru/clio-core/context-runtime/src/ipc_manager.cc:2485 INFO 2492817 IncreaseClientShm IpcManager::IncreaseClientShm: Created allocator clio_2492792_48 with ID (2492792.48)[0m
[97m/home/cvazquezperezdelacru/clio-core/context-runtime/src/ipc_manager.cc:2440 INFO 2492816 IncreaseClientShm IpcManager::IncreaseClientShm: Creating clio_2492792_49 with size 124465712 (90911280 + 33554432 overhead)[0m
[97m/home/cvazquezperezdelacru/clio-core/context-runtime/src/ipc_manager.cc:2485 INFO 2492816 IncreaseClientShm IpcManager::IncreaseClientShm: Created allocator clio_2492792_49 with ID (2492792.49)[0m
[97m/home/cvazquezperezdelacru/clio-core/context-runtime/src/ipc_manager.cc:2440 INFO 2492817 IncreaseClientShm IpcManager::IncreaseClientShm: Creating clio_2492792_50 with size 125548608 (91994176 + 33554432 overhead)[0m
[97m/home/cvazquezperezdelacru/clio-core/context-runtime/src/ipc_manager.cc:2485 INFO 2492817 IncreaseClientShm IpcManager::IncreaseClientShm: Created allocator clio_2492792_50 with ID (2492792.50)[0m
[97m/home/cvazquezperezdelacru/clio-core/context-runtime/src/ipc_manager.cc:2440 INFO 2492815 IncreaseClientShm IpcManager::IncreaseClientShm: Creating clio_2492792_51 with size 124845312 (91290880 + 33554432 overhead)[0m
[97m/home/cvazquezperezdelacru/clio-core/context-runtime/src/ipc_manager.cc:2485 INFO 2492815 IncreaseClientShm IpcManager::IncreaseClientShm: Created allocator clio_2492792_51 with ID (2492792.51)[0m
[97m/home/cvazquezperezdelacru/clio-core/context-runtime/src/ipc_manager.cc:2440 INFO 2492814 IncreaseClientShm IpcManager::IncreaseClientShm: Creating clio_2492792_52 with size 126254512 (92700080 + 33554432 overhead)[0m
[97m/home/cvazquezperezdelacru/clio-core/context-runtime/src/ipc_manager.cc:2485 INFO 2492814 IncreaseClientShm IpcManager::IncreaseClientShm: Created allocator clio_2492792_52 with ID (2492792.52)[0m
[97m/home/cvazquezperezdelacru/clio-core/context-runtime/src/ipc_manager.cc:2440 INFO 2492815 IncreaseClientShm IpcManager::IncreaseClientShm: Creating clio_2492792_53 with size 126062112 (92507680 + 33554432 overhead)[0m
[97m/home/cvazquezperezdelacru/clio-core/context-runtime/src/ipc_manager.cc:2485 INFO 2492815 IncreaseClientShm IpcManager::IncreaseClientShm: Created allocator clio_2492792_53 with ID (2492792.53)[0m
[97m/home/cvazquezperezdelacru/clio-core/context-runtime/src/ipc_manager.cc:2440 INFO 2492817 IncreaseClientShm IpcManager::IncreaseClientShm: Creating clio_2492792_54 with size 124181008 (90626576 + 33554432 overhead)[0m
[97m/home/cvazquezperezdelacru/clio-core/context-runtime/src/ipc_manager.cc:2485 INFO 2492817 IncreaseClientShm IpcManager::IncreaseClientShm: Created allocator clio_2492792_54 with ID (2492792.54)[0m
[97m/home/cvazquezperezdelacru/clio-core/context-runtime/src/ipc_manager.cc:2440 INFO 2492814 IncreaseClientShm IpcManager::IncreaseClientShm: Creating clio_2492792_55 with size 124251216 (90696784 + 33554432 overhead)[0m
[97m/home/cvazquezperezdelacru/clio-core/context-runtime/src/ipc_manager.cc:2485 INFO 2492814 IncreaseClientShm IpcManager::IncreaseClientShm: Created allocator clio_2492792_55 with ID (2492792.55)[0m
[97m/home/cvazquezperezdelacru/clio-core/context-runtime/src/ipc_manager.cc:2440 INFO 2492816 IncreaseClientShm IpcManager::IncreaseClientShm: Creating clio_2492792_56 with size 124490416 (90935984 + 33554432 overhead)[0m
[97m/home/cvazquezperezdelacru/clio-core/context-runtime/src/ipc_manager.cc:2485 INFO 2492816 IncreaseClientShm IpcManager::IncreaseClientShm: Created allocator clio_2492792_56 with ID (2492792.56)[0m
[97m/home/cvazquezperezdelacru/clio-core/context-runtime/src/ipc_manager.cc:2440 INFO 2492814 IncreaseClientShm IpcManager::IncreaseClientShm: Creating clio_2492792_57 with size 127490816 (93936384 + 33554432 overhead)[0m
[97m/home/cvazquezperezdelacru/clio-core/context-runtime/src/ipc_manager.cc:2485 INFO 2492814 IncreaseClientShm IpcManager::IncreaseClientShm: Created allocator clio_2492792_57 with ID (2492792.57)[0m
[97m/home/cvazquezperezdelacru/clio-core/context-runtime/src/ipc_manager.cc:2440 INFO 2492815 IncreaseClientShm IpcManager::IncreaseClientShm: Creating clio_2492792_58 with size 127490816 (93936384 + 33554432 overhead)[0m
[97m/home/cvazquezperezdelacru/clio-core/context-runtime/src/ipc_manager.cc:2485 INFO 2492815 IncreaseClientShm IpcManager::IncreaseClientShm: Created allocator clio_2492792_58 with ID (2492792.58)[0m
[97m/home/cvazquezperezdelacru/clio-core/context-runtime/src/ipc_manager.cc:2440 INFO 2492814 IncreaseClientShm IpcManager::IncreaseClientShm: Creating clio_2492792_59 with size 129088512 (95534080 + 33554432 overhead)[0m
[97m/home/cvazquezperezdelacru/clio-core/context-runtime/src/ipc_manager.cc:2485 INFO 2492814 IncreaseClientShm IpcManager::IncreaseClientShm: Created allocator clio_2492792_59 with ID (2492792.59)[0m
[97m/home/cvazquezperezdelacru/clio-core/context-runtime/src/ipc_manager.cc:2440 INFO 2492815 IncreaseClientShm IpcManager::IncreaseClientShm: Creating clio_2492792_60 with size 129088512 (95534080 + 33554432 overhead)[0m
[97m/home/cvazquezperezdelacru/clio-core/context-runtime/src/ipc_manager.cc:2485 INFO 2492815 IncreaseClientShm IpcManager::IncreaseClientShm: Created allocator clio_2492792_60 with ID (2492792.60)[0m
[97m/home/cvazquezperezdelacru/clio-core/context-runtime/src/ipc_manager.cc:2440 INFO 2492816 IncreaseClientShm IpcManager::IncreaseClientShm: Creating clio_2492792_61 with size 126020512 (92466080 + 33554432 overhead)[0m
[97m/home/cvazquezperezdelacru/clio-core/context-runtime/src/ipc_manager.cc:2485 INFO 2492816 IncreaseClientShm IpcManager::IncreaseClientShm: Created allocator clio_2492792_61 with ID (2492792.61)[0m
[31m/home/cvazquezperezdelacru/clio-core/context-runtime/src/scheduler/default_sched.cc:726 ERROR 2492821 LoadBalance [HANGWATCH-HB] processed=12348 outstanding=4 (queued=4 blocked=0 retry=0 periodic=7) live=4 live_stalled=4[0m
[33m/home/cvazquezperezdelacru/clio-core/context-runtime/src/scheduler/default_sched.cc:455 WARNING 2492821 operator() [#781] worker 1 STALLED on one task (load_us=-0.000244141 realtime_load_us=5.76046e+06 threshold_s=1)[0m
[33m/home/cvazquezperezdelacru/clio-core/context-runtime/src/worker.cc:370 WARNING 2492821 AdoptLane [#785] worker 1 adopted lane 0x7f0ac9f452a8[0m
[33m/home/cvazquezperezdelacru/clio-core/context-runtime/src/scheduler/default_sched.cc:598 WARNING 2492821 operator() [#785] RESCUE: stalled worker 1 -> worker 8 (1 parked task(s) moved, 1 queued task(s) redistributed, rescues=22)[0m
[33m/home/cvazquezperezdelacru/clio-core/context-runtime/src/scheduler/default_sched.cc:455 WARNING 2492821 operator() [#781] worker 2 STALLED on one task (load_us=0 realtime_load_us=5.75925e+06 threshold_s=1)[0m
[33m/home/cvazquezperezdelacru/clio-core/context-runtime/src/worker.cc:370 WARNING 2492821 AdoptLane [#785] worker 2 adopted lane 0x7f0ac9f45368[0m
[33m/home/cvazquezperezdelacru/clio-core/context-runtime/src/work_orchestrator.cc:545 WARNING 2492821 SpawnAdditionalWorker [#785] spawned elastic worker 9 (pool now 10 workers)[0m
[33m/home/cvazquezperezdelacru/clio-core/context-runtime/src/scheduler/default_sched.cc:598 WARNING 2492821 operator() [#785] RESCUE: stalled worker 2 -> worker 9 (0 parked task(s) moved, 1 queued task(s) redistributed, rescues=23)[0m
[33m/home/cvazquezperezdelacru/clio-core/context-runtime/src/scheduler/default_sched.cc:455 WARNING 2492821 operator() [#781] worker 3 STALLED on one task (load_us=-3.8147e-06 realtime_load_us=5.76415e+06 threshold_s=1)[0m
[33m/home/cvazquezperezdelacru/clio-core/context-runtime/src/worker.cc:370 WARNING 2492821 AdoptLane [#785] worker 3 adopted lane 0x7f0ac9f45428[0m
[33m/home/cvazquezperezdelacru/clio-core/context-runtime/src/work_orchestrator.cc:545 WARNING 2492821 SpawnAdditionalWorker [#785] spawned elastic worker 10 (pool now 11 workers)[0m
[33m/home/cvazquezperezdelacru/clio-core/context-runtime/src/scheduler/default_sched.cc:598 WARNING 2492821 operator() [#785] RESCUE: stalled worker 3 -> worker 10 (0 parked task(s) moved, 1 queued task(s) redistributed, rescues=24)[0m
[33m/home/cvazquezperezdelacru/clio-core/context-runtime/src/scheduler/default_sched.cc:455 WARNING 2492821 operator() [#781] worker 4 STALLED on one task (load_us=0 realtime_load_us=5.7628e+06 threshold_s=1)[0m
[33m/home/cvazquezperezdelacru/clio-core/context-runtime/src/worker.cc:370 WARNING 2492821 AdoptLane [#785] worker 4 adopted lane 0x7f0ac9f454e8[0m
[33m/home/cvazquezperezdelacru/clio-core/context-runtime/src/work_orchestrator.cc:545 WARNING 2492821 SpawnAdditionalWorker [#785] spawned elastic worker 11 (pool now 12 workers)[0m
[33m/home/cvazquezperezdelacru/clio-core/context-runtime/src/scheduler/default_sched.cc:598 WARNING 2492821 operator() [#785] RESCUE: stalled worker 4 -> worker 11 (0 parked task(s) moved, 1 queued task(s) redistributed, rescues=25)[0m
[97m/home/cvazquezperezdelacru/clio-core/context-runtime/src/ipc_manager.cc:2440 INFO 2492814 IncreaseClientShm IpcManager::IncreaseClientShm: Creating clio_2492792_62 with size 130842208 (97287776 + 33554432 overhead)[0m
[97m/mnt/common/cvazquezperezdelacru/IOWARP/faiss/contrib/iowarp/chimod/src/faiss_ivf_runtime.cc:300 INFO 2493078 Search faiss_ivf: Search nq=62 k=10 nprobe=64 unique_lists=2553[0m
[97m/mnt/common/cvazquezperezdelacru/IOWARP/faiss/contrib/iowarp/chimod/src/faiss_ivf_runtime.cc:300 INFO 2493068 Search faiss_ivf: Search nq=63 k=10 nprobe=64 unique_lists=2483[0m
[97m/mnt/common/cvazquezperezdelacru/IOWARP/faiss/contrib/iowarp/chimod/src/faiss_ivf_runtime.cc:300 INFO 2492995 Search faiss_ivf: Search nq=63 k=10 nprobe=64 unique_lists=2503[0m
[97m/mnt/common/cvazquezperezdelacru/IOWARP/faiss/contrib/iowarp/chimod/src/faiss_ivf_runtime.cc:300 INFO 2492813 Search faiss_ivf: Search nq=62 k=10 nprobe=64 unique_lists=2577[0m
[97m/home/cvazquezperezdelacru/clio-core/context-runtime/src/ipc_manager.cc:2485 INFO 2492814 IncreaseClientShm IpcManager::IncreaseClientShm: Created allocator clio_2492792_62 with ID (2492792.62)[0m
[97m/home/cvazquezperezdelacru/clio-core/context-runtime/src/ipc_manager.cc:2440 INFO 2492817 IncreaseClientShm IpcManager::IncreaseClientShm: Creating clio_2492792_63 with size 130842208 (97287776 + 33554432 overhead)[0m
[97m/home/cvazquezperezdelacru/clio-core/context-runtime/src/ipc_manager.cc:2485 INFO 2492817 IncreaseClientShm IpcManager::IncreaseClientShm: Created allocator clio_2492792_63 with ID (2492792.63)[0m
[97m/home/cvazquezperezdelacru/clio-core/context-runtime/src/ipc_manager.cc:2440 INFO 2492813 IncreaseClientShm IpcManager::IncreaseClientShm: Creating clio_2492792_64 with size 131004712 (97450280 + 33554432 overhead)[0m
[97m/home/cvazquezperezdelacru/clio-core/context-runtime/src/ipc_manager.cc:2485 INFO 2492813 IncreaseClientShm IpcManager::IncreaseClientShm: Created allocator clio_2492792_64 with ID (2492792.64)[0m
[97m/home/cvazquezperezdelacru/clio-core/context-runtime/src/ipc_manager.cc:2440 INFO 2492816 IncreaseClientShm IpcManager::IncreaseClientShm: Creating clio_2492792_65 with size 126133616 (92579184 + 33554432 overhead)[0m
[97m/home/cvazquezperezdelacru/clio-core/context-runtime/src/ipc_manager.cc:2485 INFO 2492816 IncreaseClientShm IpcManager::IncreaseClientShm: Created allocator clio_2492792_65 with ID (2492792.65)[0m
[97m/home/cvazquezperezdelacru/clio-core/context-runtime/src/ipc_manager.cc:2440 INFO 2492816 IncreaseClientShm IpcManager::IncreaseClientShm: Creating clio_2492792_66 with size 124708816 (91154384 + 33554432 overhead)[0m
[97m/home/cvazquezperezdelacru/clio-core/context-runtime/src/ipc_manager.cc:2485 INFO 2492816 IncreaseClientShm IpcManager::IncreaseClientShm: Created allocator clio_2492792_66 with ID (2492792.66)[0m
[97m/home/cvazquezperezdelacru/clio-core/context-runtime/src/ipc_manager.cc:2440 INFO 2492815 IncreaseClientShm IpcManager::IncreaseClientShm: Creating clio_2492792_67 with size 127555808 (94001376 + 33554432 overhead)[0m
[97m/home/cvazquezperezdelacru/clio-core/context-runtime/src/ipc_manager.cc:2485 INFO 2492815 IncreaseClientShm IpcManager::IncreaseClientShm: Created allocator clio_2492792_67 with ID (2492792.67)[0m
[97m/home/cvazquezperezdelacru/clio-core/context-runtime/src/ipc_manager.cc:2440 INFO 2492815 IncreaseClientShm IpcManager::IncreaseClientShm: Creating clio_2492792_68 with size 125175512 (91621080 + 33554432 overhead)[0m
[97m/home/cvazquezperezdelacru/clio-core/context-runtime/src/ipc_manager.cc:2485 INFO 2492815 IncreaseClientShm IpcManager::IncreaseClientShm: Created allocator clio_2492792_68 with ID (2492792.68)[0m
[97m/home/cvazquezperezdelacru/clio-core/context-runtime/src/ipc_manager.cc:2440 INFO 2492814 IncreaseClientShm IpcManager::IncreaseClientShm: Creating clio_2492792_69 with size 127518112 (93963680 + 33554432 overhead)[0m
[97m/home/cvazquezperezdelacru/clio-core/context-runtime/src/ipc_manager.cc:2485 INFO 2492814 IncreaseClientShm IpcManager::IncreaseClientShm: Created allocator clio_2492792_69 with ID (2492792.69)[0m
[33m/home/cvazquezperezdelacru/clio-core/context-runtime/src/scheduler/default_sched.cc:430 WARNING 2492821 LoadBalance [#781 PDF] observed exec-time bins (cumulative): <10us=588762 <50us=20183 <500us=336 <10ms=4109 <50ms=0 <500ms=2 <1s=0 >=1s=3 | stalls_detected=25[0m
[33m/home/cvazquezperezdelacru/clio-core/context-runtime/src/scheduler/default_sched.cc:439 WARNING 2492821 LoadBalance [#785] lane rescues performed: 25[0m
[33m/home/cvazquezperezdelacru/clio-core/context-runtime/src/scheduler/default_sched.cc:455 WARNING 2492821 operator() [#781] worker 1 STALLED on one task (load_us=-0.000244141 realtime_load_us=4.12987e+06 threshold_s=1)[0m
[33m/home/cvazquezperezdelacru/clio-core/context-runtime/src/worker.cc:370 WARNING 2492821 AdoptLane [#785] worker 1 adopted lane 0x7f0ac9f452a8[0m
[33m/home/cvazquezperezdelacru/clio-core/context-runtime/src/scheduler/default_sched.cc:598 WARNING 2492821 operator() [#785] RESCUE: stalled worker 1 -> worker 11 (0 parked task(s) moved, 0 queued task(s) redistributed, rescues=26)[0m
[33m/home/cvazquezperezdelacru/clio-core/context-runtime/src/scheduler/default_sched.cc:455 WARNING 2492821 operator() [#781] worker 2 STALLED on one task (load_us=0 realtime_load_us=4.12867e+06 threshold_s=1)[0m
[33m/home/cvazquezperezdelacru/clio-core/context-runtime/src/worker.cc:370 WARNING 2492821 AdoptLane [#785] worker 2 adopted lane 0x7f0ac9f45368[0m
[33m/home/cvazquezperezdelacru/clio-core/context-runtime/src/scheduler/default_sched.cc:598 WARNING 2492821 operator() [#785] RESCUE: stalled worker 2 -> worker 11 (0 parked task(s) moved, 0 queued task(s) redistributed, rescues=27)[0m
[33m/home/cvazquezperezdelacru/clio-core/context-runtime/src/scheduler/default_sched.cc:455 WARNING 2492821 operator() [#781] worker 3 STALLED on one task (load_us=-3.8147e-06 realtime_load_us=4.13356e+06 threshold_s=1)[0m
[33m/home/cvazquezperezdelacru/clio-core/context-runtime/src/worker.cc:370 WARNING 2492821 AdoptLane [#785] worker 3 adopted lane 0x7f0ac9f45428[0m
[33m/home/cvazquezperezdelacru/clio-core/context-runtime/src/scheduler/default_sched.cc:598 WARNING 2492821 operator() [#785] RESCUE: stalled worker 3 -> worker 11 (0 parked task(s) moved, 0 queued task(s) redistributed, rescues=28)[0m
[33m/home/cvazquezperezdelacru/clio-core/context-runtime/src/scheduler/default_sched.cc:455 WARNING 2492821 operator() [#781] worker 4 STALLED on one task (load_us=0 realtime_load_us=4.13222e+06 threshold_s=1)[0m
[33m/home/cvazquezperezdelacru/clio-core/context-runtime/src/worker.cc:370 WARNING 2492821 AdoptLane [#785] worker 4 adopted lane 0x7f0ac9f454e8[0m
[33m/home/cvazquezperezdelacru/clio-core/context-runtime/src/scheduler/default_sched.cc:598 WARNING 2492821 operator() [#785] RESCUE: stalled worker 4 -> worker 11 (0 parked task(s) moved, 0 queued task(s) redistributed, rescues=29)[0m
[97m/home/cvazquezperezdelacru/clio-core/context-runtime/src/ipc_manager.cc:2440 INFO 2492815 IncreaseClientShm IpcManager::IncreaseClientShm: Creating clio_2492792_70 with size 127518112 (93963680 + 33554432 overhead)[0m
[97m/home/cvazquezperezdelacru/clio-core/context-runtime/src/ipc_manager.cc:2485 INFO 2492815 IncreaseClientShm IpcManager::IncreaseClientShm: Created allocator clio_2492792_70 with ID (2492792.70)[0m
[97m/home/cvazquezperezdelacru/clio-core/context-runtime/src/ipc_manager.cc:2440 INFO 2493078 IncreaseClientShm IpcManager::IncreaseClientShm: Creating clio_2492792_71 with size 130895512 (97341080 + 33554432 overhead)[0m
[97m/home/cvazquezperezdelacru/clio-core/context-runtime/src/ipc_manager.cc:2485 INFO 2493078 IncreaseClientShm IpcManager::IncreaseClientShm: Created allocator clio_2492792_71 with ID (2492792.71)[0m
[97m/home/cvazquezperezdelacru/clio-core/context-runtime/src/ipc_manager.cc:2440 INFO 2493068 IncreaseClientShm IpcManager::IncreaseClientShm: Creating clio_2492792_72 with size 130895512 (97341080 + 33554432 overhead)[0m
[97m/home/cvazquezperezdelacru/clio-core/context-runtime/src/ipc_manager.cc:2485 INFO 2493068 IncreaseClientShm IpcManager::IncreaseClientShm: Created allocator clio_2492792_72 with ID (2492792.72)[0m
[97m/home/cvazquezperezdelacru/clio-core/context-runtime/src/ipc_manager.cc:2440 INFO 2492813 IncreaseClientShm IpcManager::IncreaseClientShm: Creating clio_2492792_73 with size 124303216 (90748784 + 33554432 overhead)[0m
[97m/home/cvazquezperezdelacru/clio-core/context-runtime/src/ipc_manager.cc:2485 INFO 2492813 IncreaseClientShm IpcManager::IncreaseClientShm: Created allocator clio_2492792_73 with ID (2492792.73)[0m
[97m/home/cvazquezperezdelacru/clio-core/context-runtime/src/ipc_manager.cc:2440 INFO 2492814 IncreaseClientShm IpcManager::IncreaseClientShm: Creating clio_2492792_74 with size 126227216 (92672784 + 33554432 overhead)[0m
[97m/home/cvazquezperezdelacru/clio-core/context-runtime/src/ipc_manager.cc:2485 INFO 2492814 IncreaseClientShm IpcManager::IncreaseClientShm: Created allocator clio_2492792_74 with ID (2492792.74)[0m
[97m/home/cvazquezperezdelacru/clio-core/context-runtime/src/ipc_manager.cc:2440 INFO 2492814 IncreaseClientShm IpcManager::IncreaseClientShm: Creating clio_2492792_75 with size 125013008 (91458576 + 33554432 overhead)[0m
[97m/home/cvazquezperezdelacru/clio-core/context-runtime/src/ipc_manager.cc:2485 INFO 2492814 IncreaseClientShm IpcManager::IncreaseClientShm: Created allocator clio_2492792_75 with ID (2492792.75)[0m
[97m/home/cvazquezperezdelacru/clio-core/context-runtime/src/ipc_manager.cc:2440 INFO 2492813 IncreaseClientShm IpcManager::IncreaseClientShm: Creating clio_2492792_76 with size 125789112 (92234680 + 33554432 overhead)[0m
[97m/home/cvazquezperezdelacru/clio-core/context-runtime/src/ipc_manager.cc:2485 INFO 2492813 IncreaseClientShm IpcManager::IncreaseClientShm: Created allocator clio_2492792_76 with ID (2492792.76)[0m
[97m/home/cvazquezperezdelacru/clio-core/context-runtime/src/ipc_manager.cc:2440 INFO 2492817 IncreaseClientShm IpcManager::IncreaseClientShm: Creating clio_2492792_77 with size 123662312 (90107880 + 33554432 overhead)[0m
[97m/home/cvazquezperezdelacru/clio-core/context-runtime/src/ipc_manager.cc:2485 INFO 2492817 IncreaseClientShm IpcManager::IncreaseClientShm: Created allocator clio_2492792_77 with ID (2492792.77)[0m
[33m/home/cvazquezperezdelacru/clio-core/context-runtime/src/scheduler/default_sched.cc:455 WARNING 2492821 operator() [#781] worker 0 STALLED on one task (load_us=0 realtime_load_us=3.14206e+06 threshold_s=1)[0m
[33m/home/cvazquezperezdelacru/clio-core/context-runtime/src/worker.cc:370 WARNING 2492821 AdoptLane [#785] worker 0 adopted lane 0x7f0ac9f451e8[0m
[33m/home/cvazquezperezdelacru/clio-core/context-runtime/src/scheduler/default_sched.cc:598 WARNING 2492821 operator() [#785] RESCUE: stalled worker 0 -> worker 11 (0 parked task(s) moved, 0 queued task(s) redistributed, rescues=30)[0m
[33m/home/cvazquezperezdelacru/clio-core/context-runtime/src/scheduler/default_sched.cc:455 WARNING 2492821 operator() [#781] worker 1 STALLED on one task (load_us=-0.000244141 realtime_load_us=4.63214e+06 threshold_s=1)[0m
[33m/home/cvazquezperezdelacru/clio-core/context-runtime/src/worker.cc:370 WARNING 2492821 AdoptLane [#785] worker 1 adopted lane 0x7f0ac9f452a8[0m
[33m/home/cvazquezperezdelacru/clio-core/context-runtime/src/scheduler/default_sched.cc:598 WARNING 2492821 operator() [#785] RESCUE: stalled worker 1 -> worker 11 (0 parked task(s) moved, 0 queued task(s) redistributed, rescues=31)[0m
[33m/home/cvazquezperezdelacru/clio-core/context-runtime/src/scheduler/default_sched.cc:455 WARNING 2492821 operator() [#781] worker 2 STALLED on one task (load_us=0 realtime_load_us=4.63094e+06 threshold_s=1)[0m
[33m/home/cvazquezperezdelacru/clio-core/context-runtime/src/worker.cc:370 WARNING 2492821 AdoptLane [#785] worker 2 adopted lane 0x7f0ac9f45368[0m
[33m/home/cvazquezperezdelacru/clio-core/context-runtime/src/scheduler/default_sched.cc:598 WARNING 2492821 operator() [#785] RESCUE: stalled worker 2 -> worker 11 (0 parked task(s) moved, 0 queued task(s) redistributed, rescues=32)[0m
[33m/home/cvazquezperezdelacru/clio-core/context-runtime/src/scheduler/default_sched.cc:455 WARNING 2492821 operator() [#781] worker 3 STALLED on one task (load_us=-3.8147e-06 realtime_load_us=4.63583e+06 threshold_s=1)[0m
[33m/home/cvazquezperezdelacru/clio-core/context-runtime/src/worker.cc:370 WARNING 2492821 AdoptLane [#785] worker 3 adopted lane 0x7f0ac9f45428[0m
[33m/home/cvazquezperezdelacru/clio-core/context-runtime/src/scheduler/default_sched.cc:598 WARNING 2492821 operator() [#785] RESCUE: stalled worker 3 -> worker 11 (0 parked task(s) moved, 0 queued task(s) redistributed, rescues=33)[0m
[33m/home/cvazquezperezdelacru/clio-core/context-runtime/src/scheduler/default_sched.cc:455 WARNING 2492821 operator() [#781] worker 4 STALLED on one task (load_us=0 realtime_load_us=4.63448e+06 threshold_s=1)[0m
[33m/home/cvazquezperezdelacru/clio-core/context-runtime/src/worker.cc:370 WARNING 2492821 AdoptLane [#785] worker 4 adopted lane 0x7f0ac9f454e8[0m
[33m/home/cvazquezperezdelacru/clio-core/context-runtime/src/scheduler/default_sched.cc:598 WARNING 2492821 operator() [#785] RESCUE: stalled worker 4 -> worker 11 (0 parked task(s) moved, 0 queued task(s) redistributed, rescues=34)[0m
[33m/home/cvazquezperezdelacru/clio-core/context-runtime/src/scheduler/default_sched.cc:455 WARNING 2492821 operator() [#781] worker 8 STALLED on one task (load_us=0 realtime_load_us=3.14214e+06 threshold_s=1)[0m
[33m/home/cvazquezperezdelacru/clio-core/context-runtime/src/worker.cc:370 WARNING 2492821 AdoptLane [#785] worker 8 adopted lane 0x7f0ac9f457e8[0m
[33m/home/cvazquezperezdelacru/clio-core/context-runtime/src/scheduler/default_sched.cc:598 WARNING 2492821 operator() [#785] RESCUE: stalled worker 8 -> worker 11 (5 parked task(s) moved, 0 queued task(s) redistributed, rescues=35)[0m
[33m/home/cvazquezperezdelacru/clio-core/context-runtime/src/scheduler/default_sched.cc:455 WARNING 2492821 operator() [#781] worker 9 STALLED on one task (load_us=0 realtime_load_us=3.14079e+06 threshold_s=1)[0m
[33m/home/cvazquezperezdelacru/clio-core/context-runtime/src/worker.cc:370 WARNING 2492821 AdoptLane [#785] worker 9 adopted lane 0x7f0ac9f458a8[0m
[33m/home/cvazquezperezdelacru/clio-core/context-runtime/src/scheduler/default_sched.cc:598 WARNING 2492821 operator() [#785] RESCUE: stalled worker 9 -> worker 11 (0 parked task(s) moved, 0 queued task(s) redistributed, rescues=36)[0m
[33m/home/cvazquezperezdelacru/clio-core/context-runtime/src/scheduler/default_sched.cc:455 WARNING 2492821 operator() [#781] worker 10 STALLED on one task (load_us=0 realtime_load_us=3.13963e+06 threshold_s=1)[0m
[33m/home/cvazquezperezdelacru/clio-core/context-runtime/src/worker.cc:370 WARNING 2492821 AdoptLane [#785] worker 10 adopted lane 0x7f0ac9f45968[0m
[33m/home/cvazquezperezdelacru/clio-core/context-runtime/src/scheduler/default_sched.cc:598 WARNING 2492821 operator() [#785] RESCUE: stalled worker 10 -> worker 11 (0 parked task(s) moved, 0 queued task(s) redistributed, rescues=37)[0m
[33m/home/cvazquezperezdelacru/clio-core/context-runtime/src/scheduler/default_sched.cc:785 WARNING 2492821 LoadBalance [#781] ALL 5 compute workers stalled — runtime cannot place new tasks; elastic SpawnAdditionalWorker() needed (follow-up)[0m
[97m/home/cvazquezperezdelacru/clio-core/context-runtime/src/ipc_manager.cc:2440 INFO 2492995 IncreaseClientShm IpcManager::IncreaseClientShm: Creating clio_2492792_78 with size 125018208 (91463776 + 33554432 overhead)[0m
[97m/home/cvazquezperezdelacru/clio-core/context-runtime/src/ipc_manager.cc:2485 INFO 2492995 IncreaseClientShm IpcManager::IncreaseClientShm: Created allocator clio_2492792_78 with ID (2492792.78)[0m
[97m/home/cvazquezperezdelacru/clio-core/context-runtime/src/ipc_manager.cc:2440 INFO 2492817 IncreaseClientShm IpcManager::IncreaseClientShm: Creating clio_2492792_79 with size 126896712 (93342280 + 33554432 overhead)[0m
[97m/home/cvazquezperezdelacru/clio-core/context-runtime/src/ipc_manager.cc:2485 INFO 2492817 IncreaseClientShm IpcManager::IncreaseClientShm: Created allocator clio_2492792_79 with ID (2492792.79)[0m
[97m/home/cvazquezperezdelacru/clio-core/context-runtime/src/ipc_manager.cc:2440 INFO 2492815 IncreaseClientShm IpcManager::IncreaseClientShm: Creating clio_2492792_80 with size 127186608 (93632176 + 33554432 overhead)[0m
[97m/home/cvazquezperezdelacru/clio-core/context-runtime/src/ipc_manager.cc:2485 INFO 2492815 IncreaseClientShm IpcManager::IncreaseClientShm: Created allocator clio_2492792_80 with ID (2492792.80)[0m
[97m/home/cvazquezperezdelacru/clio-core/context-runtime/src/ipc_manager.cc:2440 INFO 2492817 IncreaseClientShm IpcManager::IncreaseClientShm: Creating clio_2492792_81 with size 127186608 (93632176 + 33554432 overhead)[0m
[97m/home/cvazquezperezdelacru/clio-core/context-runtime/src/ipc_manager.cc:2485 INFO 2492817 IncreaseClientShm IpcManager::IncreaseClientShm: Created allocator clio_2492792_81 with ID (2492792.81)[0m
[97m/home/cvazquezperezdelacru/clio-core/context-runtime/src/ipc_manager.cc:2440 INFO 2492814 IncreaseClientShm IpcManager::IncreaseClientShm: Creating clio_2492792_82 with size 132545216 (98990784 + 33554432 overhead)[0m
[97m/home/cvazquezperezdelacru/clio-core/context-runtime/src/ipc_manager.cc:2485 INFO 2492814 IncreaseClientShm IpcManager::IncreaseClientShm: Created allocator clio_2492792_82 with ID (2492792.82)[0m
[97m/home/cvazquezperezdelacru/clio-core/context-runtime/src/ipc_manager.cc:2440 INFO 2493068 IncreaseClientShm IpcManager::IncreaseClientShm: Creating clio_2492792_83 with size 126489808 (92935376 + 33554432 overhead)[0m
[97m/home/cvazquezperezdelacru/clio-core/context-runtime/src/ipc_manager.cc:2485 INFO 2493068 IncreaseClientShm IpcManager::IncreaseClientShm: Created allocator clio_2492792_83 with ID (2492792.83)[0m
[97m/home/cvazquezperezdelacru/clio-core/context-runtime/src/ipc_manager.cc:2440 INFO 2492815 IncreaseClientShm IpcManager::IncreaseClientShm: Creating clio_2492792_84 with size 129096312 (95541880 + 33554432 overhead)[0m
[97m/home/cvazquezperezdelacru/clio-core/context-runtime/src/ipc_manager.cc:2485 INFO 2492815 IncreaseClientShm IpcManager::IncreaseClientShm: Created allocator clio_2492792_84 with ID (2492792.84)[0m
[97m/home/cvazquezperezdelacru/clio-core/context-runtime/src/ipc_manager.cc:2440 INFO 2493068 IncreaseClientShm IpcManager::IncreaseClientShm: Creating clio_2492792_85 with size 127142416 (93587984 + 33554432 overhead)[0m
[97m/home/cvazquezperezdelacru/clio-core/context-runtime/src/ipc_manager.cc:2485 INFO 2493068 IncreaseClientShm IpcManager::IncreaseClientShm: Created allocator clio_2492792_85 with ID (2492792.85)[0m
[33m/home/cvazquezperezdelacru/clio-core/context-runtime/src/scheduler/default_sched.cc:455 WARNING 2492821 operator() [#781] worker 0 STALLED on one task (load_us=0 realtime_load_us=3.64584e+06 threshold_s=1)[0m
[33m/home/cvazquezperezdelacru/clio-core/context-runtime/src/worker.cc:370 WARNING 2492821 AdoptLane [#785] worker 0 adopted lane 0x7f0ac9f451e8[0m
[33m/home/cvazquezperezdelacru/clio-core/context-runtime/src/scheduler/default_sched.cc:598 WARNING 2492821 operator() [#785] RESCUE: stalled worker 0 -> worker 11 (0 parked task(s) moved, 0 queued task(s) redistributed, rescues=38)[0m
[33m/home/cvazquezperezdelacru/clio-core/context-runtime/src/scheduler/default_sched.cc:455 WARNING 2492821 operator() [#781] worker 1 STALLED on one task (load_us=-0.000244141 realtime_load_us=5.13592e+06 threshold_s=1)[0m
[33m/home/cvazquezperezdelacru/clio-core/context-runtime/src/worker.cc:370 WARNING 2492821 AdoptLane [#785] worker 1 adopted lane 0x7f0ac9f452a8[0m
[33m/home/cvazquezperezdelacru/clio-core/context-runtime/src/scheduler/default_sched.cc:598 WARNING 2492821 operator() [#785] RESCUE: stalled worker 1 -> worker 11 (0 parked task(s) moved, 0 queued task(s) redistributed, rescues=39)[0m
[33m/home/cvazquezperezdelacru/clio-core/context-runtime/src/scheduler/default_sched.cc:455 WARNING 2492821 operator() [#781] worker 2 STALLED on one task (load_us=0 realtime_load_us=5.13472e+06 threshold_s=1)[0m
[33m/home/cvazquezperezdelacru/clio-core/context-runtime/src/worker.cc:370 WARNING 2492821 AdoptLane [#785] worker 2 adopted lane 0x7f0ac9f45368[0m
[33m/home/cvazquezperezdelacru/clio-core/context-runtime/src/scheduler/default_sched.cc:598 WARNING 2492821 operator() [#785] RESCUE: stalled worker 2 -> worker 11 (0 parked task(s) moved, 0 queued task(s) redistributed, rescues=40)[0m
[33m/home/cvazquezperezdelacru/clio-core/context-runtime/src/scheduler/default_sched.cc:455 WARNING 2492821 operator() [#781] worker 3 STALLED on one task (load_us=-3.8147e-06 realtime_load_us=5.13961e+06 threshold_s=1)[0m
[33m/home/cvazquezperezdelacru/clio-core/context-runtime/src/worker.cc:370 WARNING 2492821 AdoptLane [#785] worker 3 adopted lane 0x7f0ac9f45428[0m
[33m/home/cvazquezperezdelacru/clio-core/context-runtime/src/scheduler/default_sched.cc:598 WARNING 2492821 operator() [#785] RESCUE: stalled worker 3 -> worker 11 (0 parked task(s) moved, 0 queued task(s) redistributed, rescues=41)[0m
[33m/home/cvazquezperezdelacru/clio-core/context-runtime/src/scheduler/default_sched.cc:455 WARNING 2492821 operator() [#781] worker 4 STALLED on one task (load_us=0 realtime_load_us=5.13826e+06 threshold_s=1)[0m
[33m/home/cvazquezperezdelacru/clio-core/context-runtime/src/worker.cc:370 WARNING 2492821 AdoptLane [#785] worker 4 adopted lane 0x7f0ac9f454e8[0m
[33m/home/cvazquezperezdelacru/clio-core/context-runtime/src/scheduler/default_sched.cc:598 WARNING 2492821 operator() [#785] RESCUE: stalled worker 4 -> worker 11 (0 parked task(s) moved, 0 queued task(s) redistributed, rescues=42)[0m
[33m/home/cvazquezperezdelacru/clio-core/context-runtime/src/scheduler/default_sched.cc:455 WARNING 2492821 operator() [#781] worker 8 STALLED on one task (load_us=0 realtime_load_us=3.64592e+06 threshold_s=1)[0m
[33m/home/cvazquezperezdelacru/clio-core/context-runtime/src/worker.cc:370 WARNING 2492821 AdoptLane [#785] worker 8 adopted lane 0x7f0ac9f457e8[0m
[33m/home/cvazquezperezdelacru/clio-core/context-runtime/src/scheduler/default_sched.cc:598 WARNING 2492821 operator() [#785] RESCUE: stalled worker 8 -> worker 11 (0 parked task(s) moved, 0 queued task(s) redistributed, rescues=43)[0m
[33m/home/cvazquezperezdelacru/clio-core/context-runtime/src/scheduler/default_sched.cc:455 WARNING 2492821 operator() [#781] worker 9 STALLED on one task (load_us=0 realtime_load_us=3.64458e+06 threshold_s=1)[0m
[33m/home/cvazquezperezdelacru/clio-core/context-runtime/src/worker.cc:370 WARNING 2492821 AdoptLane [#785] worker 9 adopted lane 0x7f0ac9f458a8[0m
[33m/home/cvazquezperezdelacru/clio-core/context-runtime/src/scheduler/default_sched.cc:598 WARNING 2492821 operator() [#785] RESCUE: stalled worker 9 -> worker 11 (0 parked task(s) moved, 0 queued task(s) redistributed, rescues=44)[0m
[33m/home/cvazquezperezdelacru/clio-core/context-runtime/src/scheduler/default_sched.cc:455 WARNING 2492821 operator() [#781] worker 10 STALLED on one task (load_us=0 realtime_load_us=3.64341e+06 threshold_s=1)[0m
[33m/home/cvazquezperezdelacru/clio-core/context-runtime/src/worker.cc:370 WARNING 2492821 AdoptLane [#785] worker 10 adopted lane 0x7f0ac9f45968[0m
[33m/home/cvazquezperezdelacru/clio-core/context-runtime/src/scheduler/default_sched.cc:598 WARNING 2492821 operator() [#785] RESCUE: stalled worker 10 -> worker 11 (0 parked task(s) moved, 0 queued task(s) redistributed, rescues=45)[0m
[33m/home/cvazquezperezdelacru/clio-core/context-runtime/src/scheduler/default_sched.cc:785 WARNING 2492821 LoadBalance [#781] ALL 5 compute workers stalled — runtime cannot place new tasks; elastic SpawnAdditionalWorker() needed (follow-up)[0m
[97m/home/cvazquezperezdelacru/clio-core/context-runtime/src/ipc_manager.cc:2440 INFO 2492817 IncreaseClientShm IpcManager::IncreaseClientShm: Creating clio_2492792_86 with size 132545216 (98990784 + 33554432 overhead)[0m
[97m/home/cvazquezperezdelacru/clio-core/context-runtime/src/ipc_manager.cc:2485 INFO 2492817 IncreaseClientShm IpcManager::IncreaseClientShm: Created allocator clio_2492792_86 with ID (2492792.86)[0m
[97m/home/cvazquezperezdelacru/clio-core/context-runtime/src/ipc_manager.cc:2440 INFO 2492815 IncreaseClientShm IpcManager::IncreaseClientShm: Creating clio_2492792_87 with size 124088712 (90534280 + 33554432 overhead)[0m
[97m/home/cvazquezperezdelacru/clio-core/context-runtime/src/ipc_manager.cc:2485 INFO 2492815 IncreaseClientShm IpcManager::IncreaseClientShm: Created allocator clio_2492792_87 with ID (2492792.87)[0m
[97m/home/cvazquezperezdelacru/clio-core/context-runtime/src/ipc_manager.cc:2440 INFO 2492814 IncreaseClientShm IpcManager::IncreaseClientShm: Creating clio_2492792_88 with size 125089712 (91535280 + 33554432 overhead)[0m
[97m/home/cvazquezperezdelacru/clio-core/context-runtime/src/ipc_manager.cc:2485 INFO 2492814 IncreaseClientShm IpcManager::IncreaseClientShm: Created allocator clio_2492792_88 with ID (2492792.88)[0m
[97m/home/cvazquezperezdelacru/clio-core/context-runtime/src/ipc_manager.cc:2440 INFO 2492995 IncreaseClientShm IpcManager::IncreaseClientShm: Creating clio_2492792_89 with size 129651408 (96096976 + 33554432 overhead)[0m
[97m/home/cvazquezperezdelacru/clio-core/context-runtime/src/ipc_manager.cc:2485 INFO 2492995 IncreaseClientShm IpcManager::IncreaseClientShm: Created allocator clio_2492792_89 with ID (2492792.89)[0m
[97m/home/cvazquezperezdelacru/clio-core/context-runtime/src/ipc_manager.cc:2440 INFO 2492813 IncreaseClientShm IpcManager::IncreaseClientShm: Creating clio_2492792_90 with size 129651408 (96096976 + 33554432 overhead)[0m
[97m/home/cvazquezperezdelacru/clio-core/context-runtime/src/ipc_manager.cc:2485 INFO 2492813 IncreaseClientShm IpcManager::IncreaseClientShm: Created allocator clio_2492792_90 with ID (2492792.90)[0m
[97m/home/cvazquezperezdelacru/clio-core/context-runtime/src/ipc_manager.cc:2440 INFO 2493068 IncreaseClientShm IpcManager::IncreaseClientShm: Creating clio_2492792_91 with size 128027712 (94473280 + 33554432 overhead)[0m
[97m/home/cvazquezperezdelacru/clio-core/context-runtime/src/ipc_manager.cc:2485 INFO 2493068 IncreaseClientShm IpcManager::IncreaseClientShm: Created allocator clio_2492792_91 with ID (2492792.91)[0m
[97m/home/cvazquezperezdelacru/clio-core/context-runtime/src/ipc_manager.cc:2440 INFO 2493068 IncreaseClientShm IpcManager::IncreaseClientShm: Creating clio_2492792_92 with size 125306816 (91752384 + 33554432 overhead)[0m
[97m/home/cvazquezperezdelacru/clio-core/context-runtime/src/ipc_manager.cc:2485 INFO 2493068 IncreaseClientShm IpcManager::IncreaseClientShm: Created allocator clio_2492792_92 with ID (2492792.92)[0m
[97m/home/cvazquezperezdelacru/clio-core/context-runtime/src/ipc_manager.cc:2440 INFO 2492813 IncreaseClientShm IpcManager::IncreaseClientShm: Creating clio_2492792_93 with size 130842208 (97287776 + 33554432 overhead)[0m
[97m/home/cvazquezperezdelacru/clio-core/context-runtime/src/ipc_manager.cc:2485 INFO 2492813 IncreaseClientShm IpcManager::IncreaseClientShm: Created allocator clio_2492792_93 with ID (2492792.93)[0m
[97m/home/cvazquezperezdelacru/clio-core/context-runtime/src/ipc_manager.cc:2440 INFO 2492814 IncreaseClientShm IpcManager::IncreaseClientShm: Creating clio_2492792_94 with size 127291912 (93737480 + 33554432 overhead)[0m
[97m/home/cvazquezperezdelacru/clio-core/context-runtime/src/ipc_manager.cc:2485 INFO 2492814 IncreaseClientShm IpcManager::IncreaseClientShm: Created allocator clio_2492792_94 with ID (2492792.94)[0m
[33m/home/cvazquezperezdelacru/clio-core/context-runtime/src/scheduler/default_sched.cc:455 WARNING 2492821 operator() [#781] worker 0 STALLED on one task (load_us=0 realtime_load_us=4.15046e+06 threshold_s=1)[0m
[33m/home/cvazquezperezdelacru/clio-core/context-runtime/src/worker.cc:370 WARNING 2492821 AdoptLane [#785] worker 0 adopted lane 0x7f0ac9f451e8[0m
[33m/home/cvazquezperezdelacru/clio-core/context-runtime/src/scheduler/default_sched.cc:598 WARNING 2492821 operator() [#785] RESCUE: stalled worker 0 -> worker 11 (0 parked task(s) moved, 0 queued task(s) redistributed, rescues=46)[0m
[33m/home/cvazquezperezdelacru/clio-core/context-runtime/src/scheduler/default_sched.cc:455 WARNING 2492821 operator() [#781] worker 1 STALLED on one task (load_us=-0.000244141 realtime_load_us=5.64054e+06 threshold_s=1)[0m
[33m/home/cvazquezperezdelacru/clio-core/context-runtime/src/worker.cc:370 WARNING 2492821 AdoptLane [#785] worker 1 adopted lane 0x7f0ac9f452a8[0m
[33m/home/cvazquezperezdelacru/clio-core/context-runtime/src/scheduler/default_sched.cc:598 WARNING 2492821 operator() [#785] RESCUE: stalled worker 1 -> worker 11 (0 parked task(s) moved, 0 queued task(s) redistributed, rescues=47)[0m
[33m/home/cvazquezperezdelacru/clio-core/context-runtime/src/scheduler/default_sched.cc:455 WARNING 2492821 operator() [#781] worker 2 STALLED on one task (load_us=0 realtime_load_us=5.63934e+06 threshold_s=1)[0m
[33m/home/cvazquezperezdelacru/clio-core/context-runtime/src/worker.cc:370 WARNING 2492821 AdoptLane [#785] worker 2 adopted lane 0x7f0ac9f45368[0m
[33m/home/cvazquezperezdelacru/clio-core/context-runtime/src/scheduler/default_sched.cc:598 WARNING 2492821 operator() [#785] RESCUE: stalled worker 2 -> worker 11 (0 parked task(s) moved, 0 queued task(s) redistributed, rescues=48)[0m
[33m/home/cvazquezperezdelacru/clio-core/context-runtime/src/scheduler/default_sched.cc:455 WARNING 2492821 operator() [#781] worker 3 STALLED on one task (load_us=-3.8147e-06 realtime_load_us=5.64423e+06 threshold_s=1)[0m
[33m/home/cvazquezperezdelacru/clio-core/context-runtime/src/worker.cc:370 WARNING 2492821 AdoptLane [#785] worker 3 adopted lane 0x7f0ac9f45428[0m
[33m/home/cvazquezperezdelacru/clio-core/context-runtime/src/scheduler/default_sched.cc:598 WARNING 2492821 operator() [#785] RESCUE: stalled worker 3 -> worker 11 (0 parked task(s) moved, 0 queued task(s) redistributed, rescues=49)[0m
[33m/home/cvazquezperezdelacru/clio-core/context-runtime/src/scheduler/default_sched.cc:455 WARNING 2492821 operator() [#781] worker 4 STALLED on one task (load_us=0 realtime_load_us=5.64289e+06 threshold_s=1)[0m
[33m/home/cvazquezperezdelacru/clio-core/context-runtime/src/worker.cc:370 WARNING 2492821 AdoptLane [#785] worker 4 adopted lane 0x7f0ac9f454e8[0m
[33m/home/cvazquezperezdelacru/clio-core/context-runtime/src/scheduler/default_sched.cc:598 WARNING 2492821 operator() [#785] RESCUE: stalled worker 4 -> worker 11 (0 parked task(s) moved, 0 queued task(s) redistributed, rescues=50)[0m
[33m/home/cvazquezperezdelacru/clio-core/context-runtime/src/scheduler/default_sched.cc:455 WARNING 2492821 operator() [#781] worker 8 STALLED on one task (load_us=0 realtime_load_us=4.15054e+06 threshold_s=1)[0m
[33m/home/cvazquezperezdelacru/clio-core/context-runtime/src/worker.cc:370 WARNING 2492821 AdoptLane [#785] worker 8 adopted lane 0x7f0ac9f457e8[0m
[33m/home/cvazquezperezdelacru/clio-core/context-runtime/src/scheduler/default_sched.cc:598 WARNING 2492821 operator() [#785] RESCUE: stalled worker 8 -> worker 11 (0 parked task(s) moved, 0 queued task(s) redistributed, rescues=51)[0m
[33m/home/cvazquezperezdelacru/clio-core/context-runtime/src/scheduler/default_sched.cc:455 WARNING 2492821 operator() [#781] worker 9 STALLED on one task (load_us=0 realtime_load_us=4.1492e+06 threshold_s=1)[0m
[33m/home/cvazquezperezdelacru/clio-core/context-runtime/src/worker.cc:370 WARNING 2492821 AdoptLane [#785] worker 9 adopted lane 0x7f0ac9f458a8[0m
[33m/home/cvazquezperezdelacru/clio-core/context-runtime/src/scheduler/default_sched.cc:598 WARNING 2492821 operator() [#785] RESCUE: stalled worker 9 -> worker 11 (0 parked task(s) moved, 0 queued task(s) redistributed, rescues=52)[0m
[33m/home/cvazquezperezdelacru/clio-core/context-runtime/src/scheduler/default_sched.cc:455 WARNING 2492821 operator() [#781] worker 10 STALLED on one task (load_us=0 realtime_load_us=4.14803e+06 threshold_s=1)[0m
[33m/home/cvazquezperezdelacru/clio-core/context-runtime/src/worker.cc:370 WARNING 2492821 AdoptLane [#785] worker 10 adopted lane 0x7f0ac9f45968[0m
[33m/home/cvazquezperezdelacru/clio-core/context-runtime/src/scheduler/default_sched.cc:598 WARNING 2492821 operator() [#785] RESCUE: stalled worker 10 -> worker 11 (0 parked task(s) moved, 0 queued task(s) redistributed, rescues=53)[0m
[33m/home/cvazquezperezdelacru/clio-core/context-runtime/src/scheduler/default_sched.cc:785 WARNING 2492821 LoadBalance [#781] ALL 5 compute workers stalled — runtime cannot place new tasks; elastic SpawnAdditionalWorker() needed (follow-up)[0m
[97m/home/cvazquezperezdelacru/clio-core/context-runtime/src/ipc_manager.cc:2440 INFO 2492995 IncreaseClientShm IpcManager::IncreaseClientShm: Creating clio_2492792_95 with size 124377312 (90822880 + 33554432 overhead)[0m
[97m/home/cvazquezperezdelacru/clio-core/context-runtime/src/ipc_manager.cc:2485 INFO 2492995 IncreaseClientShm IpcManager::IncreaseClientShm: Created allocator clio_2492792_95 with ID (2492792.95)[0m
[97m/home/cvazquezperezdelacru/clio-core/context-runtime/src/ipc_manager.cc:2440 INFO 2492813 IncreaseClientShm IpcManager::IncreaseClientShm: Creating clio_2492792_96 with size 127731312 (94176880 + 33554432 overhead)[0m
[97m/home/cvazquezperezdelacru/clio-core/context-runtime/src/ipc_manager.cc:2485 INFO 2492813 IncreaseClientShm IpcManager::IncreaseClientShm: Created allocator clio_2492792_96 with ID (2492792.96)[0m
[97m/home/cvazquezperezdelacru/clio-core/context-runtime/src/ipc_manager.cc:2440 INFO 2493068 IncreaseClientShm IpcManager::IncreaseClientShm: Creating clio_2492792_97 with size 132242312 (98687880 + 33554432 overhead)[0m
[97m/home/cvazquezperezdelacru/clio-core/context-runtime/src/ipc_manager.cc:2485 INFO 2493068 IncreaseClientShm IpcManager::IncreaseClientShm: Created allocator clio_2492792_97 with ID (2492792.97)[0m
[97m/home/cvazquezperezdelacru/clio-core/context-runtime/src/ipc_manager.cc:2440 INFO 2493078 IncreaseClientShm IpcManager::IncreaseClientShm: Creating clio_2492792_98 with size 125001312 (91446880 + 33554432 overhead)[0m
[97m/home/cvazquezperezdelacru/clio-core/context-runtime/src/ipc_manager.cc:2485 INFO 2493078 IncreaseClientShm IpcManager::IncreaseClientShm: Created allocator clio_2492792_98 with ID (2492792.98)[0m
[97m/home/cvazquezperezdelacru/clio-core/context-runtime/src/ipc_manager.cc:2440 INFO 2493068 IncreaseClientShm IpcManager::IncreaseClientShm: Creating clio_2492792_99 with size 126227216 (92672784 + 33554432 overhead)[0m
[97m/home/cvazquezperezdelacru/clio-core/context-runtime/src/ipc_manager.cc:2485 INFO 2493068 IncreaseClientShm IpcManager::IncreaseClientShm: Created allocator clio_2492792_99 with ID (2492792.99)[0m
[33m/home/cvazquezperezdelacru/clio-core/context-runtime/src/scheduler/default_sched.cc:455 WARNING 2492821 operator() [#781] worker 0 STALLED on one task (load_us=0 realtime_load_us=4.65447e+06 threshold_s=1)[0m
[33m/home/cvazquezperezdelacru/clio-core/context-runtime/src/worker.cc:370 WARNING 2492821 AdoptLane [#785] worker 0 adopted lane 0x7f0ac9f451e8[0m
[33m/home/cvazquezperezdelacru/clio-core/context-runtime/src/scheduler/default_sched.cc:598 WARNING 2492821 operator() [#785] RESCUE: stalled worker 0 -> worker 11 (0 parked task(s) moved, 0 queued task(s) redistributed, rescues=54)[0m
[33m/home/cvazquezperezdelacru/clio-core/context-runtime/src/scheduler/default_sched.cc:455 WARNING 2492821 operator() [#781] worker 8 STALLED on one task (load_us=0 realtime_load_us=4.65455e+06 threshold_s=1)[0m
[33m/home/cvazquezperezdelacru/clio-core/context-runtime/src/worker.cc:370 WARNING 2492821 AdoptLane [#785] worker 8 adopted lane 0x7f0ac9f457e8[0m
[33m/home/cvazquezperezdelacru/clio-core/context-runtime/src/scheduler/default_sched.cc:598 WARNING 2492821 operator() [#785] RESCUE: stalled worker 8 -> worker 11 (0 parked task(s) moved, 0 queued task(s) redistributed, rescues=55)[0m
[33m/home/cvazquezperezdelacru/clio-core/context-runtime/src/scheduler/default_sched.cc:455 WARNING 2492821 operator() [#781] worker 9 STALLED on one task (load_us=0 realtime_load_us=4.65321e+06 threshold_s=1)[0m
[33m/home/cvazquezperezdelacru/clio-core/context-runtime/src/worker.cc:370 WARNING 2492821 AdoptLane [#785] worker 9 adopted lane 0x7f0ac9f458a8[0m
[33m/home/cvazquezperezdelacru/clio-core/context-runtime/src/scheduler/default_sched.cc:598 WARNING 2492821 operator() [#785] RESCUE: stalled worker 9 -> worker 11 (0 parked task(s) moved, 0 queued task(s) redistributed, rescues=56)[0m
[33m/home/cvazquezperezdelacru/clio-core/context-runtime/src/scheduler/default_sched.cc:455 WARNING 2492821 operator() [#781] worker 10 STALLED on one task (load_us=0 realtime_load_us=4.65204e+06 threshold_s=1)[0m
[33m/home/cvazquezperezdelacru/clio-core/context-runtime/src/worker.cc:370 WARNING 2492821 AdoptLane [#785] worker 10 adopted lane 0x7f0ac9f45968[0m
[33m/home/cvazquezperezdelacru/clio-core/context-runtime/src/scheduler/default_sched.cc:598 WARNING 2492821 operator() [#785] RESCUE: stalled worker 10 -> worker 11 (0 parked task(s) moved, 0 queued task(s) redistributed, rescues=57)[0m
[97m/home/cvazquezperezdelacru/clio-core/context-runtime/src/ipc_manager.cc:2440 INFO 2493078 IncreaseClientShm IpcManager::IncreaseClientShm: Creating clio_2492792_100 with size 128298112 (94743680 + 33554432 overhead)[0m
[97m/home/cvazquezperezdelacru/clio-core/context-runtime/src/ipc_manager.cc:2485 INFO 2493078 IncreaseClientShm IpcManager::IncreaseClientShm: Created allocator clio_2492792_100 with ID (2492792.100)[0m
[97m/home/cvazquezperezdelacru/clio-core/context-runtime/src/ipc_manager.cc:2440 INFO 2493068 IncreaseClientShm IpcManager::IncreaseClientShm: Creating clio_2492792_101 with size 126495008 (92940576 + 33554432 overhead)[0m
[97m/home/cvazquezperezdelacru/clio-core/context-runtime/src/ipc_manager.cc:2485 INFO 2493068 IncreaseClientShm IpcManager::IncreaseClientShm: Created allocator clio_2492792_101 with ID (2492792.101)[0m
[97m/home/cvazquezperezdelacru/clio-core/context-runtime/src/ipc_manager.cc:2440 INFO 2492813 IncreaseClientShm IpcManager::IncreaseClientShm: Creating clio_2492792_102 with size 126896712 (93342280 + 33554432 overhead)[0m
[97m/home/cvazquezperezdelacru/clio-core/context-runtime/src/ipc_manager.cc:2485 INFO 2492813 IncreaseClientShm IpcManager::IncreaseClientShm: Created allocator clio_2492792_102 with ID (2492792.102)[0m
[97m/home/cvazquezperezdelacru/clio-core/context-runtime/src/ipc_manager.cc:2440 INFO 2493078 IncreaseClientShm IpcManager::IncreaseClientShm: Creating clio_2492792_103 with size 132545216 (98990784 + 33554432 overhead)[0m
[97m/home/cvazquezperezdelacru/clio-core/context-runtime/src/ipc_manager.cc:2485 INFO 2493078 IncreaseClientShm IpcManager::IncreaseClientShm: Created allocator clio_2492792_103 with ID (2492792.103)[0m
[33m/home/cvazquezperezdelacru/clio-core/context-runtime/src/scheduler/default_sched.cc:455 WARNING 2492821 operator() [#781] worker 0 STALLED on one task (load_us=0 realtime_load_us=5.15637e+06 threshold_s=1)[0m
[33m/home/cvazquezperezdelacru/clio-core/context-runtime/src/worker.cc:370 WARNING 2492821 AdoptLane [#785] worker 0 adopted lane 0x7f0ac9f451e8[0m
[33m/home/cvazquezperezdelacru/clio-core/context-runtime/src/scheduler/default_sched.cc:598 WARNING 2492821 operator() [#785] RESCUE: stalled worker 0 -> worker 11 (0 parked task(s) moved, 0 queued task(s) redistributed, rescues=58)[0m
[33m/home/cvazquezperezdelacru/clio-core/context-runtime/src/scheduler/default_sched.cc:455 WARNING 2492821 operator() [#781] worker 8 STALLED on one task (load_us=0 realtime_load_us=5.15645e+06 threshold_s=1)[0m
[33m/home/cvazquezperezdelacru/clio-core/context-runtime/src/worker.cc:370 WARNING 2492821 AdoptLane [#785] worker 8 adopted lane 0x7f0ac9f457e8[0m
[33m/home/cvazquezperezdelacru/clio-core/context-runtime/src/scheduler/default_sched.cc:598 WARNING 2492821 operator() [#785] RESCUE: stalled worker 8 -> worker 11 (0 parked task(s) moved, 0 queued task(s) redistributed, rescues=59)[0m
[33m/home/cvazquezperezdelacru/clio-core/context-runtime/src/scheduler/default_sched.cc:455 WARNING 2492821 operator() [#781] worker 9 STALLED on one task (load_us=0 realtime_load_us=5.1551e+06 threshold_s=1)[0m
[33m/home/cvazquezperezdelacru/clio-core/context-runtime/src/worker.cc:370 WARNING 2492821 AdoptLane [#785] worker 9 adopted lane 0x7f0ac9f458a8[0m
[33m/home/cvazquezperezdelacru/clio-core/context-runtime/src/scheduler/default_sched.cc:598 WARNING 2492821 operator() [#785] RESCUE: stalled worker 9 -> worker 11 (0 parked task(s) moved, 0 queued task(s) redistributed, rescues=60)[0m
[33m/home/cvazquezperezdelacru/clio-core/context-runtime/src/scheduler/default_sched.cc:455 WARNING 2492821 operator() [#781] worker 10 STALLED on one task (load_us=0 realtime_load_us=5.15394e+06 threshold_s=1)[0m
[33m/home/cvazquezperezdelacru/clio-core/context-runtime/src/worker.cc:370 WARNING 2492821 AdoptLane [#785] worker 10 adopted lane 0x7f0ac9f45968[0m
[33m/home/cvazquezperezdelacru/clio-core/context-runtime/src/scheduler/default_sched.cc:598 WARNING 2492821 operator() [#785] RESCUE: stalled worker 10 -> worker 11 (0 parked task(s) moved, 0 queued task(s) redistributed, rescues=61)[0m
[97m/home/cvazquezperezdelacru/clio-core/context-runtime/src/ipc_manager.cc:2440 INFO 2493078 IncreaseClientShm IpcManager::IncreaseClientShm: Creating clio_2492792_104 with size 124459216 (90904784 + 33554432 overhead)[0m
[97m/home/cvazquezperezdelacru/clio-core/context-runtime/src/ipc_manager.cc:2485 INFO 2493078 IncreaseClientShm IpcManager::IncreaseClientShm: Created allocator clio_2492792_104 with ID (2492792.104)[0m
[97m/home/cvazquezperezdelacru/clio-core/context-runtime/src/ipc_manager.cc:2440 INFO 2492813 IncreaseClientShm IpcManager::IncreaseClientShm: Creating clio_2492792_105 with size 124377312 (90822880 + 33554432 overhead)[0m
[97m/home/cvazquezperezdelacru/clio-core/context-runtime/src/ipc_manager.cc:2485 INFO 2492813 IncreaseClientShm IpcManager::IncreaseClientShm: Created allocator clio_2492792_105 with ID (2492792.105)[0m
[97m/home/cvazquezperezdelacru/clio-core/context-runtime/src/ipc_manager.cc:2440 INFO 2493078 IncreaseClientShm IpcManager::IncreaseClientShm: Creating clio_2492792_106 with size 126784912 (93230480 + 33554432 overhead)[0m
[97m/home/cvazquezperezdelacru/clio-core/context-runtime/src/ipc_manager.cc:2485 INFO 2493078 IncreaseClientShm IpcManager::IncreaseClientShm: Created allocator clio_2492792_106 with ID (2492792.106)[0m
[97m/home/cvazquezperezdelacru/clio-core/context-runtime/src/ipc_manager.cc:2440 INFO 2493078 IncreaseClientShm IpcManager::IncreaseClientShm: Creating clio_2492792_107 with size 126621112 (93066680 + 33554432 overhead)[0m
[97m/home/cvazquezperezdelacru/clio-core/context-runtime/src/ipc_manager.cc:2485 INFO 2493078 IncreaseClientShm IpcManager::IncreaseClientShm: Created allocator clio_2492792_107 with ID (2492792.107)[0m
[97m/home/cvazquezperezdelacru/clio-core/context-runtime/src/ipc_manager.cc:2440 INFO 2492813 IncreaseClientShm IpcManager::IncreaseClientShm: Creating clio_2492792_108 with size 125401712 (91847280 + 33554432 overhead)[0m
[97m/home/cvazquezperezdelacru/clio-core/context-runtime/src/ipc_manager.cc:2485 INFO 2492813 IncreaseClientShm IpcManager::IncreaseClientShm: Created allocator clio_2492792_108 with ID (2492792.108)[0m
[97m/home/cvazquezperezdelacru/clio-core/context-runtime/src/ipc_manager.cc:2440 INFO 2492813 IncreaseClientShm IpcManager::IncreaseClientShm: Creating clio_2492792_109 with size 126121912 (92567480 + 33554432 overhead)[0m
[97m/home/cvazquezperezdelacru/clio-core/context-runtime/src/ipc_manager.cc:2485 INFO 2492813 IncreaseClientShm IpcManager::IncreaseClientShm: Created allocator clio_2492792_109 with ID (2492792.109)[0m
[33m/home/cvazquezperezdelacru/clio-core/context-runtime/src/scheduler/default_sched.cc:455 WARNING 2492821 operator() [#781] worker 0 STALLED on one task (load_us=0 realtime_load_us=5.6582e+06 threshold_s=1)[0m
[33m/home/cvazquezperezdelacru/clio-core/context-runtime/src/worker.cc:370 WARNING 2492821 AdoptLane [#785] worker 0 adopted lane 0x7f0ac9f451e8[0m
[33m/home/cvazquezperezdelacru/clio-core/context-runtime/src/scheduler/default_sched.cc:598 WARNING 2492821 operator() [#785] RESCUE: stalled worker 0 -> worker 9 (0 parked task(s) moved, 0 queued task(s) redistributed, rescues=62)[0m
[33m/home/cvazquezperezdelacru/clio-core/context-runtime/src/scheduler/default_sched.cc:455 WARNING 2492821 operator() [#781] worker 8 STALLED on one task (load_us=0 realtime_load_us=5.65828e+06 threshold_s=1)[0m
[33m/home/cvazquezperezdelacru/clio-core/context-runtime/src/worker.cc:370 WARNING 2492821 AdoptLane [#785] worker 8 adopted lane 0x7f0ac9f457e8[0m
[33m/home/cvazquezperezdelacru/clio-core/context-runtime/src/scheduler/default_sched.cc:598 WARNING 2492821 operator() [#785] RESCUE: stalled worker 8 -> worker 9 (0 parked task(s) moved, 0 queued task(s) redistributed, rescues=63)[0m
[97m/home/cvazquezperezdelacru/clio-core/context-runtime/src/ipc_manager.cc:2440 INFO 2492813 IncreaseClientShm IpcManager::IncreaseClientShm: Creating clio_2492792_110 with size 127291912 (93737480 + 33554432 overhead)[0m
[97m/home/cvazquezperezdelacru/clio-core/context-runtime/src/ipc_manager.cc:2485 INFO 2492813 IncreaseClientShm IpcManager::IncreaseClientShm: Created allocator clio_2492792_110 with ID (2492792.110)[0m
[97m/mnt/common/cvazquezperezdelacru/IOWARP/faiss/contrib/iowarp/chimod/src/faiss_ivf_runtime.cc:300 INFO 2492815 Search faiss_ivf: Search nq=62 k=10 nprobe=64 unique_lists=2388[0m
[97m/mnt/common/cvazquezperezdelacru/IOWARP/faiss/contrib/iowarp/chimod/src/faiss_ivf_runtime.cc:300 INFO 2492814 Search faiss_ivf: Search nq=63 k=10 nprobe=64 unique_lists=2413[0m
[97m/mnt/common/cvazquezperezdelacru/IOWARP/faiss/contrib/iowarp/chimod/src/faiss_ivf_runtime.cc:300 INFO 2492816 Search faiss_ivf: Search nq=63 k=10 nprobe=64 unique_lists=2541[0m
[97m/mnt/common/cvazquezperezdelacru/IOWARP/faiss/contrib/iowarp/chimod/src/faiss_ivf_runtime.cc:300 INFO 2492817 Search faiss_ivf: Search nq=62 k=10 nprobe=64 unique_lists=2453[0m
[97m/home/cvazquezperezdelacru/clio-core/context-runtime/src/ipc_manager.cc:2440 INFO 2492817 IncreaseClientShm IpcManager::IncreaseClientShm: Creating clio_2492792_111 with size 129013112 (95458680 + 33554432 overhead)[0m
[97m/home/cvazquezperezdelacru/clio-core/context-runtime/src/ipc_manager.cc:2485 INFO 2492817 IncreaseClientShm IpcManager::IncreaseClientShm: Created allocator clio_2492792_111 with ID (2492792.111)[0m
[97m/home/cvazquezperezdelacru/clio-core/context-runtime/src/ipc_manager.cc:2440 INFO 2492814 IncreaseClientShm IpcManager::IncreaseClientShm: Creating clio_2492792_112 with size 131004712 (97450280 + 33554432 overhead)[0m
[97m/home/cvazquezperezdelacru/clio-core/context-runtime/src/ipc_manager.cc:2485 INFO 2492814 IncreaseClientShm IpcManager::IncreaseClientShm: Created allocator clio_2492792_112 with ID (2492792.112)[0m
[97m/home/cvazquezperezdelacru/clio-core/context-runtime/src/ipc_manager.cc:2440 INFO 2492817 IncreaseClientShm IpcManager::IncreaseClientShm: Creating clio_2492792_113 with size 131215312 (97660880 + 33554432 overhead)[0m
[97m/home/cvazquezperezdelacru/clio-core/context-runtime/src/ipc_manager.cc:2485 INFO 2492817 IncreaseClientShm IpcManager::IncreaseClientShm: Created allocator clio_2492792_113 with ID (2492792.113)[0m
[97m/home/cvazquezperezdelacru/clio-core/context-runtime/src/ipc_manager.cc:2440 INFO 2492814 IncreaseClientShm IpcManager::IncreaseClientShm: Creating clio_2492792_114 with size 131215312 (97660880 + 33554432 overhead)[0m
[97m/home/cvazquezperezdelacru/clio-core/context-runtime/src/ipc_manager.cc:2485 INFO 2492814 IncreaseClientShm IpcManager::IncreaseClientShm: Created allocator clio_2492792_114 with ID (2492792.114)[0m
[97m/home/cvazquezperezdelacru/clio-core/context-runtime/src/ipc_manager.cc:2440 INFO 2492816 IncreaseClientShm IpcManager::IncreaseClientShm: Creating clio_2492792_115 with size 130895512 (97341080 + 33554432 overhead)[0m
[97m/home/cvazquezperezdelacru/clio-core/context-runtime/src/ipc_manager.cc:2485 INFO 2492816 IncreaseClientShm IpcManager::IncreaseClientShm: Created allocator clio_2492792_115 with ID (2492792.115)[0m
[97m/home/cvazquezperezdelacru/clio-core/context-runtime/src/ipc_manager.cc:2440 INFO 2492814 IncreaseClientShm IpcManager::IncreaseClientShm: Creating clio_2492792_116 with size 130895512 (97341080 + 33554432 overhead)[0m
[97m/home/cvazquezperezdelacru/clio-core/context-runtime/src/ipc_manager.cc:2485 INFO 2492814 IncreaseClientShm IpcManager::IncreaseClientShm: Created allocator clio_2492792_116 with ID (2492792.116)[0m
[97m/home/cvazquezperezdelacru/clio-core/context-runtime/src/ipc_manager.cc:2440 INFO 2492815 IncreaseClientShm IpcManager::IncreaseClientShm: Creating clio_2492792_117 with size 125548608 (91994176 + 33554432 overhead)[0m
[97m/home/cvazquezperezdelacru/clio-core/context-runtime/src/ipc_manager.cc:2485 INFO 2492815 IncreaseClientShm IpcManager::IncreaseClientShm: Created allocator clio_2492792_117 with ID (2492792.117)[0m
[97m/home/cvazquezperezdelacru/clio-core/context-runtime/src/ipc_manager.cc:2440 INFO 2492817 IncreaseClientShm IpcManager::IncreaseClientShm: Creating clio_2492792_118 with size 126254512 (92700080 + 33554432 overhead)[0m
[97m/home/cvazquezperezdelacru/clio-core/context-runtime/src/ipc_manager.cc:2485 INFO 2492817 IncreaseClientShm IpcManager::IncreaseClientShm: Created allocator clio_2492792_118 with ID (2492792.118)[0m
[97m/home/cvazquezperezdelacru/clio-core/context-runtime/src/ipc_manager.cc:2440 INFO 2492815 IncreaseClientShm IpcManager::IncreaseClientShm: Creating clio_2492792_119 with size 126062112 (92507680 + 33554432 overhead)[0m
[97m/home/cvazquezperezdelacru/clio-core/context-runtime/src/ipc_manager.cc:2485 INFO 2492815 IncreaseClientShm IpcManager::IncreaseClientShm: Created allocator clio_2492792_119 with ID (2492792.119)[0m
[97m/home/cvazquezperezdelacru/clio-core/context-runtime/src/ipc_manager.cc:2440 INFO 2492817 IncreaseClientShm IpcManager::IncreaseClientShm: Creating clio_2492792_120 with size 127490816 (93936384 + 33554432 overhead)[0m
[97m/home/cvazquezperezdelacru/clio-core/context-runtime/src/ipc_manager.cc:2485 INFO 2492817 IncreaseClientShm IpcManager::IncreaseClientShm: Created allocator clio_2492792_120 with ID (2492792.120)[0m
[97m/home/cvazquezperezdelacru/clio-core/context-runtime/src/ipc_manager.cc:2440 INFO 2492814 IncreaseClientShm IpcManager::IncreaseClientShm: Creating clio_2492792_121 with size 126489808 (92935376 + 33554432 overhead)[0m
[97m/home/cvazquezperezdelacru/clio-core/context-runtime/src/ipc_manager.cc:2485 INFO 2492814 IncreaseClientShm IpcManager::IncreaseClientShm: Created allocator clio_2492792_121 with ID (2492792.121)[0m
[97m/home/cvazquezperezdelacru/clio-core/context-runtime/src/ipc_manager.cc:2440 INFO 2492815 IncreaseClientShm IpcManager::IncreaseClientShm: Creating clio_2492792_122 with size 127490816 (93936384 + 33554432 overhead)[0m
[97m/home/cvazquezperezdelacru/clio-core/context-runtime/src/ipc_manager.cc:2485 INFO 2492815 IncreaseClientShm IpcManager::IncreaseClientShm: Created allocator clio_2492792_122 with ID (2492792.122)[0m
[97m/home/cvazquezperezdelacru/clio-core/context-runtime/src/ipc_manager.cc:2440 INFO 2492814 IncreaseClientShm IpcManager::IncreaseClientShm: Creating clio_2492792_123 with size 129088512 (95534080 + 33554432 overhead)[0m
[97m/home/cvazquezperezdelacru/clio-core/context-runtime/src/ipc_manager.cc:2485 INFO 2492814 IncreaseClientShm IpcManager::IncreaseClientShm: Created allocator clio_2492792_123 with ID (2492792.123)[0m
[97m/home/cvazquezperezdelacru/clio-core/context-runtime/src/ipc_manager.cc:2440 INFO 2492817 IncreaseClientShm IpcManager::IncreaseClientShm: Creating clio_2492792_124 with size 128027712 (94473280 + 33554432 overhead)[0m
[97m/home/cvazquezperezdelacru/clio-core/context-runtime/src/ipc_manager.cc:2485 INFO 2492817 IncreaseClientShm IpcManager::IncreaseClientShm: Created allocator clio_2492792_124 with ID (2492792.124)[0m
[33m/home/cvazquezperezdelacru/clio-core/context-runtime/src/scheduler/default_sched.cc:455 WARNING 2492821 operator() [#781] worker 1 STALLED on one task (load_us=0 realtime_load_us=9.71028e+06 threshold_s=1)[0m
[33m/home/cvazquezperezdelacru/clio-core/context-runtime/src/worker.cc:370 WARNING 2492821 AdoptLane [#785] worker 1 adopted lane 0x7f0ac9f452a8[0m
[33m/home/cvazquezperezdelacru/clio-core/context-runtime/src/scheduler/default_sched.cc:598 WARNING 2492821 operator() [#785] RESCUE: stalled worker 1 -> worker 9 (0 parked task(s) moved, 1 queued task(s) redistributed, rescues=64)[0m
[33m/home/cvazquezperezdelacru/clio-core/context-runtime/src/scheduler/default_sched.cc:455 WARNING 2492821 operator() [#781] worker 2 STALLED on one task (load_us=0 realtime_load_us=9.70892e+06 threshold_s=1)[0m
[33m/home/cvazquezperezdelacru/clio-core/context-runtime/src/worker.cc:370 WARNING 2492821 AdoptLane [#785] worker 2 adopted lane 0x7f0ac9f45368[0m
[33m/home/cvazquezperezdelacru/clio-core/context-runtime/src/scheduler/default_sched.cc:598 WARNING 2492821 operator() [#785] RESCUE: stalled worker 2 -> worker 9 (1 parked task(s) moved, 1 queued task(s) redistributed, rescues=65)[0m
[33m/home/cvazquezperezdelacru/clio-core/context-runtime/src/scheduler/default_sched.cc:455 WARNING 2492821 operator() [#781] worker 3 STALLED on one task (load_us=0 realtime_load_us=9.71419e+06 threshold_s=1)[0m
[33m/home/cvazquezperezdelacru/clio-core/context-runtime/src/worker.cc:370 WARNING 2492821 AdoptLane [#785] worker 3 adopted lane 0x7f0ac9f45428[0m
[33m/home/cvazquezperezdelacru/clio-core/context-runtime/src/scheduler/default_sched.cc:598 WARNING 2492821 operator() [#785] RESCUE: stalled worker 3 -> worker 11 (0 parked task(s) moved, 1 queued task(s) redistributed, rescues=66)[0m
[33m/home/cvazquezperezdelacru/clio-core/context-runtime/src/scheduler/default_sched.cc:455 WARNING 2492821 operator() [#781] worker 4 STALLED on one task (load_us=0 realtime_load_us=9.71277e+06 threshold_s=1)[0m
[33m/home/cvazquezperezdelacru/clio-core/context-runtime/src/worker.cc:370 WARNING 2492821 AdoptLane [#785] worker 4 adopted lane 0x7f0ac9f454e8[0m
[33m/home/cvazquezperezdelacru/clio-core/context-runtime/src/scheduler/default_sched.cc:598 WARNING 2492821 operator() [#785] RESCUE: stalled worker 4 -> worker 11 (0 parked task(s) moved, 1 queued task(s) redistributed, rescues=67)[0m
[97m/mnt/common/cvazquezperezdelacru/IOWARP/faiss/contrib/iowarp/chimod/src/faiss_ivf_runtime.cc:300 INFO 2492995 Search faiss_ivf: Search nq=63 k=10 nprobe=64 unique_lists=2503[0m
[97m/mnt/common/cvazquezperezdelacru/IOWARP/faiss/contrib/iowarp/chimod/src/faiss_ivf_runtime.cc:300 INFO 2493068 Search faiss_ivf: Search nq=62 k=10 nprobe=64 unique_lists=2577[0m
[97m/mnt/common/cvazquezperezdelacru/IOWARP/faiss/contrib/iowarp/chimod/src/faiss_ivf_runtime.cc:300 INFO 2493078 Search faiss_ivf: Search nq=63 k=10 nprobe=64 unique_lists=2483[0m
[97m/mnt/common/cvazquezperezdelacru/IOWARP/faiss/contrib/iowarp/chimod/src/faiss_ivf_runtime.cc:300 INFO 2493087 Search faiss_ivf: Search nq=62 k=10 nprobe=64 unique_lists=2553[0m
[97m/home/cvazquezperezdelacru/clio-core/context-runtime/src/ipc_manager.cc:2440 INFO 2492995 IncreaseClientShm IpcManager::IncreaseClientShm: Creating clio_2492792_125 with size 129013112 (95458680 + 33554432 overhead)[0m
[97m/home/cvazquezperezdelacru/clio-core/context-runtime/src/ipc_manager.cc:2485 INFO 2492995 IncreaseClientShm IpcManager::IncreaseClientShm: Created allocator clio_2492792_125 with ID (2492792.125)[0m
[97m/home/cvazquezperezdelacru/clio-core/context-runtime/src/ipc_manager.cc:2440 INFO 2493078 IncreaseClientShm IpcManager::IncreaseClientShm: Creating clio_2492792_126 with size 131215312 (97660880 + 33554432 overhead)[0m
[97m/home/cvazquezperezdelacru/clio-core/context-runtime/src/ipc_manager.cc:2485 INFO 2493078 IncreaseClientShm IpcManager::IncreaseClientShm: Created allocator clio_2492792_126 with ID (2492792.126)[0m
[97m/home/cvazquezperezdelacru/clio-core/context-runtime/src/ipc_manager.cc:2440 INFO 2492995 IncreaseClientShm IpcManager::IncreaseClientShm: Creating clio_2492792_127 with size 131004712 (97450280 + 33554432 overhead)[0m
[97m/home/cvazquezperezdelacru/clio-core/context-runtime/src/ipc_manager.cc:2485 INFO 2492995 IncreaseClientShm IpcManager::IncreaseClientShm: Created allocator clio_2492792_127 with ID (2492792.127)[0m
[97m/home/cvazquezperezdelacru/clio-core/context-runtime/src/ipc_manager.cc:2440 INFO 2493087 IncreaseClientShm IpcManager::IncreaseClientShm: Creating clio_2492792_128 with size 131103512 (97549080 + 33554432 overhead)[0m
[97m/home/cvazquezperezdelacru/clio-core/context-runtime/src/ipc_manager.cc:2485 INFO 2493087 IncreaseClientShm IpcManager::IncreaseClientShm: Created allocator clio_2492792_128 with ID (2492792.128)[0m
[97m/home/cvazquezperezdelacru/clio-core/context-runtime/src/ipc_manager.cc:2440 INFO 2492995 IncreaseClientShm IpcManager::IncreaseClientShm: Creating clio_2492792_129 with size 126589912 (93035480 + 33554432 overhead)[0m
[97m/home/cvazquezperezdelacru/clio-core/context-runtime/src/ipc_manager.cc:2485 INFO 2492995 IncreaseClientShm IpcManager::IncreaseClientShm: Created allocator clio_2492792_129 with ID (2492792.129)[0m
[97m/home/cvazquezperezdelacru/clio-core/context-runtime/src/ipc_manager.cc:2440 INFO 2493078 IncreaseClientShm IpcManager::IncreaseClientShm: Creating clio_2492792_130 with size 128261712 (94707280 + 33554432 overhead)[0m
[97m/home/cvazquezperezdelacru/clio-core/context-runtime/src/ipc_manager.cc:2485 INFO 2493078 IncreaseClientShm IpcManager::IncreaseClientShm: Created allocator clio_2492792_130 with ID (2492792.130)[0m
[97m/home/cvazquezperezdelacru/clio-core/context-runtime/src/ipc_manager.cc:2440 INFO 2492995 IncreaseClientShm IpcManager::IncreaseClientShm: Creating clio_2492792_131 with size 128261712 (94707280 + 33554432 overhead)[0m
[97m/home/cvazquezperezdelacru/clio-core/context-runtime/src/ipc_manager.cc:2485 INFO 2492995 IncreaseClientShm IpcManager::IncreaseClientShm: Created allocator clio_2492792_131 with ID (2492792.131)[0m
[33m/home/cvazquezperezdelacru/clio-core/context-runtime/src/scheduler/default_sched.cc:430 WARNING 2492821 LoadBalance [#781 PDF] observed exec-time bins (cumulative): <10us=654619 <50us=22158 <500us=342 <10ms=4109 <50ms=0 <500ms=2 <1s=0 >=1s=11 | stalls_detected=67[0m
[33m/home/cvazquezperezdelacru/clio-core/context-runtime/src/scheduler/default_sched.cc:439 WARNING 2492821 LoadBalance [#785] lane rescues performed: 67[0m
[33m/home/cvazquezperezdelacru/clio-core/context-runtime/src/scheduler/default_sched.cc:455 WARNING 2492821 operator() [#781] worker 1 STALLED on one task (load_us=0 realtime_load_us=6.02077e+06 threshold_s=1)[0m
[33m/home/cvazquezperezdelacru/clio-core/context-runtime/src/worker.cc:370 WARNING 2492821 AdoptLane [#785] worker 1 adopted lane 0x7f0ac9f452a8[0m
[33m/home/cvazquezperezdelacru/clio-core/context-runtime/src/work_orchestrator.cc:545 WARNING 2492821 SpawnAdditionalWorker [#785] spawned elastic worker 12 (pool now 13 workers)[0m
[33m/home/cvazquezperezdelacru/clio-core/context-runtime/src/scheduler/default_sched.cc:598 WARNING 2492821 operator() [#785] RESCUE: stalled worker 1 -> worker 12 (0 parked task(s) moved, 0 queued task(s) redistributed, rescues=68)[0m
[33m/home/cvazquezperezdelacru/clio-core/context-runtime/src/scheduler/default_sched.cc:455 WARNING 2492821 operator() [#781] worker 2 STALLED on one task (load_us=0 realtime_load_us=6.01941e+06 threshold_s=1)[0m
[33m/home/cvazquezperezdelacru/clio-core/context-runtime/src/worker.cc:370 WARNING 2492821 AdoptLane [#785] worker 2 adopted lane 0x7f0ac9f45368[0m
[33m/home/cvazquezperezdelacru/clio-core/context-runtime/src/scheduler/default_sched.cc:598 WARNING 2492821 operator() [#785] RESCUE: stalled worker 2 -> worker 12 (0 parked task(s) moved, 0 queued task(s) redistributed, rescues=69)[0m
[33m/home/cvazquezperezdelacru/clio-core/context-runtime/src/scheduler/default_sched.cc:455 WARNING 2492821 operator() [#781] worker 3 STALLED on one task (load_us=0 realtime_load_us=6.02468e+06 threshold_s=1)[0m
[33m/home/cvazquezperezdelacru/clio-core/context-runtime/src/worker.cc:370 WARNING 2492821 AdoptLane [#785] worker 3 adopted lane 0x7f0ac9f45428[0m
[33m/home/cvazquezperezdelacru/clio-core/context-runtime/src/scheduler/default_sched.cc:598 WARNING 2492821 operator() [#785] RESCUE: stalled worker 3 -> worker 12 (0 parked task(s) moved, 0 queued task(s) redistributed, rescues=70)[0m
[33m/home/cvazquezperezdelacru/clio-core/context-runtime/src/scheduler/default_sched.cc:455 WARNING 2492821 operator() [#781] worker 4 STALLED on one task (load_us=0 realtime_load_us=6.02326e+06 threshold_s=1)[0m
[33m/home/cvazquezperezdelacru/clio-core/context-runtime/src/worker.cc:370 WARNING 2492821 AdoptLane [#785] worker 4 adopted lane 0x7f0ac9f454e8[0m
[33m/home/cvazquezperezdelacru/clio-core/context-runtime/src/scheduler/default_sched.cc:598 WARNING 2492821 operator() [#785] RESCUE: stalled worker 4 -> worker 12 (0 parked task(s) moved, 0 queued task(s) redistributed, rescues=71)[0m
[97m/home/cvazquezperezdelacru/clio-core/context-runtime/src/ipc_manager.cc:2440 INFO 2492995 IncreaseClientShm IpcManager::IncreaseClientShm: Creating clio_2492792_132 with size 124845312 (91290880 + 33554432 overhead)[0m
[97m/home/cvazquezperezdelacru/clio-core/context-runtime/src/ipc_manager.cc:2485 INFO 2492995 IncreaseClientShm IpcManager::IncreaseClientShm: Created allocator clio_2492792_132 with ID (2492792.132)[0m
[97m/home/cvazquezperezdelacru/clio-core/context-runtime/src/ipc_manager.cc:2440 INFO 2492814 IncreaseClientShm IpcManager::IncreaseClientShm: Creating clio_2492792_133 with size 132242312 (98687880 + 33554432 overhead)[0m
[97m/home/cvazquezperezdelacru/clio-core/context-runtime/src/ipc_manager.cc:2485 INFO 2492814 IncreaseClientShm IpcManager::IncreaseClientShm: Created allocator clio_2492792_133 with ID (2492792.133)[0m
[97m/home/cvazquezperezdelacru/clio-core/context-runtime/src/ipc_manager.cc:2440 INFO 2492814 IncreaseClientShm IpcManager::IncreaseClientShm: Creating clio_2492792_134 with size 128298112 (94743680 + 33554432 overhead)[0m
[97m/home/cvazquezperezdelacru/clio-core/context-runtime/src/ipc_manager.cc:2485 INFO 2492814 IncreaseClientShm IpcManager::IncreaseClientShm: Created allocator clio_2492792_134 with ID (2492792.134)[0m
[97m/home/cvazquezperezdelacru/clio-core/context-runtime/src/ipc_manager.cc:2440 INFO 2493087 IncreaseClientShm IpcManager::IncreaseClientShm: Creating clio_2492792_135 with size 123826112 (90271680 + 33554432 overhead)[0m
[97m/home/cvazquezperezdelacru/clio-core/context-runtime/src/ipc_manager.cc:2485 INFO 2493087 IncreaseClientShm IpcManager::IncreaseClientShm: Created allocator clio_2492792_135 with ID (2492792.135)[0m
[33m/home/cvazquezperezdelacru/clio-core/context-runtime/src/scheduler/default_sched.cc:455 WARNING 2492821 operator() [#781] worker 1 STALLED on one task (load_us=0 realtime_load_us=6.52389e+06 threshold_s=1)[0m
[33m/home/cvazquezperezdelacru/clio-core/context-runtime/src/worker.cc:370 WARNING 2492821 AdoptLane [#785] worker 1 adopted lane 0x7f0ac9f452a8[0m
[33m/home/cvazquezperezdelacru/clio-core/context-runtime/src/scheduler/default_sched.cc:598 WARNING 2492821 operator() [#785] RESCUE: stalled worker 1 -> worker 12 (0 parked task(s) moved, 0 queued task(s) redistributed, rescues=72)[0m
[33m/home/cvazquezperezdelacru/clio-core/context-runtime/src/scheduler/default_sched.cc:455 WARNING 2492821 operator() [#781] worker 2 STALLED on one task (load_us=0 realtime_load_us=6.52253e+06 threshold_s=1)[0m
[33m/home/cvazquezperezdelacru/clio-core/context-runtime/src/worker.cc:370 WARNING 2492821 AdoptLane [#785] worker 2 adopted lane 0x7f0ac9f45368[0m
[33m/home/cvazquezperezdelacru/clio-core/context-runtime/src/scheduler/default_sched.cc:598 WARNING 2492821 operator() [#785] RESCUE: stalled worker 2 -> worker 12 (0 parked task(s) moved, 0 queued task(s) redistributed, rescues=73)[0m
[33m/home/cvazquezperezdelacru/clio-core/context-runtime/src/scheduler/default_sched.cc:455 WARNING 2492821 operator() [#781] worker 3 STALLED on one task (load_us=0 realtime_load_us=6.5278e+06 threshold_s=1)[0m
[33m/home/cvazquezperezdelacru/clio-core/context-runtime/src/worker.cc:370 WARNING 2492821 AdoptLane [#785] worker 3 adopted lane 0x7f0ac9f45428[0m
[33m/home/cvazquezperezdelacru/clio-core/context-runtime/src/scheduler/default_sched.cc:598 WARNING 2492821 operator() [#785] RESCUE: stalled worker 3 -> worker 12 (0 parked task(s) moved, 0 queued task(s) redistributed, rescues=74)[0m
[33m/home/cvazquezperezdelacru/clio-core/context-runtime/src/scheduler/default_sched.cc:455 WARNING 2492821 operator() [#781] worker 4 STALLED on one task (load_us=0 realtime_load_us=6.52638e+06 threshold_s=1)[0m
[33m/home/cvazquezperezdelacru/clio-core/context-runtime/src/worker.cc:370 WARNING 2492821 AdoptLane [#785] worker 4 adopted lane 0x7f0ac9f454e8[0m
[33m/home/cvazquezperezdelacru/clio-core/context-runtime/src/scheduler/default_sched.cc:598 WARNING 2492821 operator() [#785] RESCUE: stalled worker 4 -> worker 12 (0 parked task(s) moved, 0 queued task(s) redistributed, rescues=75)[0m
[33m/home/cvazquezperezdelacru/clio-core/context-runtime/src/scheduler/default_sched.cc:455 WARNING 2492821 operator() [#781] worker 8 STALLED on one task (load_us=0 realtime_load_us=5.19914e+06 threshold_s=1)[0m
[33m/home/cvazquezperezdelacru/clio-core/context-runtime/src/worker.cc:370 WARNING 2492821 AdoptLane [#785] worker 8 adopted lane 0x7f0ac9f457e8[0m
[33m/home/cvazquezperezdelacru/clio-core/context-runtime/src/scheduler/default_sched.cc:598 WARNING 2492821 operator() [#785] RESCUE: stalled worker 8 -> worker 12 (0 parked task(s) moved, 0 queued task(s) redistributed, rescues=76)[0m
[33m/home/cvazquezperezdelacru/clio-core/context-runtime/src/scheduler/default_sched.cc:455 WARNING 2492821 operator() [#781] worker 9 STALLED on one task (load_us=0 realtime_load_us=5.19859e+06 threshold_s=1)[0m
[33m/home/cvazquezperezdelacru/clio-core/context-runtime/src/worker.cc:370 WARNING 2492821 AdoptLane [#785] worker 9 adopted lane 0x7f0ac9f458a8[0m
[33m/home/cvazquezperezdelacru/clio-core/context-runtime/src/scheduler/default_sched.cc:598 WARNING 2492821 operator() [#785] RESCUE: stalled worker 9 -> worker 12 (1 parked task(s) moved, 0 queued task(s) redistributed, rescues=77)[0m
[33m/home/cvazquezperezdelacru/clio-core/context-runtime/src/scheduler/default_sched.cc:455 WARNING 2492821 operator() [#781] worker 10 STALLED on one task (load_us=0 realtime_load_us=5.19793e+06 threshold_s=1)[0m
[33m/home/cvazquezperezdelacru/clio-core/context-runtime/src/worker.cc:370 WARNING 2492821 AdoptLane [#785] worker 10 adopted lane 0x7f0ac9f45968[0m
[33m/home/cvazquezperezdelacru/clio-core/context-runtime/src/scheduler/default_sched.cc:598 WARNING 2492821 operator() [#785] RESCUE: stalled worker 10 -> worker 12 (0 parked task(s) moved, 0 queued task(s) redistributed, rescues=78)[0m
[33m/home/cvazquezperezdelacru/clio-core/context-runtime/src/scheduler/default_sched.cc:455 WARNING 2492821 operator() [#781] worker 11 STALLED on one task (load_us=0 realtime_load_us=5.19703e+06 threshold_s=1)[0m
[33m/home/cvazquezperezdelacru/clio-core/context-runtime/src/worker.cc:370 WARNING 2492821 AdoptLane [#785] worker 11 adopted lane 0x7f0ac9f45a28[0m
[33m/home/cvazquezperezdelacru/clio-core/context-runtime/src/scheduler/default_sched.cc:598 WARNING 2492821 operator() [#785] RESCUE: stalled worker 11 -> worker 12 (4 parked task(s) moved, 0 queued task(s) redistributed, rescues=79)[0m
[33m/home/cvazquezperezdelacru/clio-core/context-runtime/src/scheduler/default_sched.cc:785 WARNING 2492821 LoadBalance [#781] ALL 5 compute workers stalled — runtime cannot place new tasks; elastic SpawnAdditionalWorker() needed (follow-up)[0m
[97m/home/cvazquezperezdelacru/clio-core/context-runtime/src/ipc_manager.cc:2440 INFO 2492817 IncreaseClientShm IpcManager::IncreaseClientShm: Creating clio_2492792_136 with size 127186608 (93632176 + 33554432 overhead)[0m
[97m/home/cvazquezperezdelacru/clio-core/context-runtime/src/ipc_manager.cc:2485 INFO 2492817 IncreaseClientShm IpcManager::IncreaseClientShm: Created allocator clio_2492792_136 with ID (2492792.136)[0m
[97m/home/cvazquezperezdelacru/clio-core/context-runtime/src/ipc_manager.cc:2440 INFO 2492814 IncreaseClientShm IpcManager::IncreaseClientShm: Creating clio_2492792_137 with size 127186608 (93632176 + 33554432 overhead)[0m
[97m/home/cvazquezperezdelacru/clio-core/context-runtime/src/ipc_manager.cc:2485 INFO 2492814 IncreaseClientShm IpcManager::IncreaseClientShm: Created allocator clio_2492792_137 with ID (2492792.137)[0m
[97m/home/cvazquezperezdelacru/clio-core/context-runtime/src/ipc_manager.cc:2440 INFO 2492815 IncreaseClientShm IpcManager::IncreaseClientShm: Creating clio_2492792_138 with size 127186608 (93632176 + 33554432 overhead)[0m
[97m/home/cvazquezperezdelacru/clio-core/context-runtime/src/ipc_manager.cc:2485 INFO 2492815 IncreaseClientShm IpcManager::IncreaseClientShm: Created allocator clio_2492792_138 with ID (2492792.138)[0m
[97m/home/cvazquezperezdelacru/clio-core/context-runtime/src/ipc_manager.cc:2440 INFO 2493078 IncreaseClientShm IpcManager::IncreaseClientShm: Creating clio_2492792_139 with size 127490816 (93936384 + 33554432 overhead)[0m
[97m/home/cvazquezperezdelacru/clio-core/context-runtime/src/ipc_manager.cc:2485 INFO 2493078 IncreaseClientShm IpcManager::IncreaseClientShm: Created allocator clio_2492792_139 with ID (2492792.139)[0m
[97m/home/cvazquezperezdelacru/clio-core/context-runtime/src/ipc_manager.cc:2440 INFO 2493068 IncreaseClientShm IpcManager::IncreaseClientShm: Creating clio_2492792_140 with size 127490816 (93936384 + 33554432 overhead)[0m
[97m/home/cvazquezperezdelacru/clio-core/context-runtime/src/ipc_manager.cc:2485 INFO 2493068 IncreaseClientShm IpcManager::IncreaseClientShm: Created allocator clio_2492792_140 with ID (2492792.140)[0m
[97m/home/cvazquezperezdelacru/clio-core/context-runtime/src/ipc_manager.cc:2440 INFO 2492814 IncreaseClientShm IpcManager::IncreaseClientShm: Creating clio_2492792_141 with size 132545216 (98990784 + 33554432 overhead)[0m
[97m/home/cvazquezperezdelacru/clio-core/context-runtime/src/ipc_manager.cc:2485 INFO 2492814 IncreaseClientShm IpcManager::IncreaseClientShm: Created allocator clio_2492792_141 with ID (2492792.141)[0m
[97m/home/cvazquezperezdelacru/clio-core/context-runtime/src/ipc_manager.cc:2440 INFO 2493068 IncreaseClientShm IpcManager::IncreaseClientShm: Creating clio_2492792_142 with size 123632416 (90077984 + 33554432 overhead)[0m
[97m/home/cvazquezperezdelacru/clio-core/context-runtime/src/ipc_manager.cc:2485 INFO 2493068 IncreaseClientShm IpcManager::IncreaseClientShm: Created allocator clio_2492792_142 with ID (2492792.142)[0m
[97m/home/cvazquezperezdelacru/clio-core/context-runtime/src/ipc_manager.cc:2440 INFO 2492815 IncreaseClientShm IpcManager::IncreaseClientShm: Creating clio_2492792_143 with size 132545216 (98990784 + 33554432 overhead)[0m
[97m/home/cvazquezperezdelacru/clio-core/context-runtime/src/ipc_manager.cc:2485 INFO 2492815 IncreaseClientShm IpcManager::IncreaseClientShm: Created allocator clio_2492792_143 with ID (2492792.143)[0m
[33m/home/cvazquezperezdelacru/clio-core/context-runtime/src/scheduler/default_sched.cc:455 WARNING 2492821 operator() [#781] worker 1 STALLED on one task (load_us=0 realtime_load_us=7.02818e+06 threshold_s=1)[0m
[33m/home/cvazquezperezdelacru/clio-core/context-runtime/src/worker.cc:370 WARNING 2492821 AdoptLane [#785] worker 1 adopted lane 0x7f0ac9f452a8[0m
[33m/home/cvazquezperezdelacru/clio-core/context-runtime/src/scheduler/default_sched.cc:598 WARNING 2492821 operator() [#785] RESCUE: stalled worker 1 -> worker 12 (0 parked task(s) moved, 0 queued task(s) redistributed, rescues=80)[0m
[33m/home/cvazquezperezdelacru/clio-core/context-runtime/src/scheduler/default_sched.cc:455 WARNING 2492821 operator() [#781] worker 2 STALLED on one task (load_us=0 realtime_load_us=7.02682e+06 threshold_s=1)[0m
[33m/home/cvazquezperezdelacru/clio-core/context-runtime/src/worker.cc:370 WARNING 2492821 AdoptLane [#785] worker 2 adopted lane 0x7f0ac9f45368[0m
[33m/home/cvazquezperezdelacru/clio-core/context-runtime/src/scheduler/default_sched.cc:598 WARNING 2492821 operator() [#785] RESCUE: stalled worker 2 -> worker 12 (0 parked task(s) moved, 0 queued task(s) redistributed, rescues=81)[0m
[33m/home/cvazquezperezdelacru/clio-core/context-runtime/src/scheduler/default_sched.cc:455 WARNING 2492821 operator() [#781] worker 3 STALLED on one task (load_us=0 realtime_load_us=7.03209e+06 threshold_s=1)[0m
[33m/home/cvazquezperezdelacru/clio-core/context-runtime/src/worker.cc:370 WARNING 2492821 AdoptLane [#785] worker 3 adopted lane 0x7f0ac9f45428[0m
[33m/home/cvazquezperezdelacru/clio-core/context-runtime/src/scheduler/default_sched.cc:598 WARNING 2492821 operator() [#785] RESCUE: stalled worker 3 -> worker 12 (0 parked task(s) moved, 0 queued task(s) redistributed, rescues=82)[0m
[33m/home/cvazquezperezdelacru/clio-core/context-runtime/src/scheduler/default_sched.cc:455 WARNING 2492821 operator() [#781] worker 4 STALLED on one task (load_us=0 realtime_load_us=7.03067e+06 threshold_s=1)[0m
[33m/home/cvazquezperezdelacru/clio-core/context-runtime/src/worker.cc:370 WARNING 2492821 AdoptLane [#785] worker 4 adopted lane 0x7f0ac9f454e8[0m
[33m/home/cvazquezperezdelacru/clio-core/context-runtime/src/scheduler/default_sched.cc:598 WARNING 2492821 operator() [#785] RESCUE: stalled worker 4 -> worker 12 (0 parked task(s) moved, 0 queued task(s) redistributed, rescues=83)[0m
[33m/home/cvazquezperezdelacru/clio-core/context-runtime/src/scheduler/default_sched.cc:455 WARNING 2492821 operator() [#781] worker 8 STALLED on one task (load_us=0 realtime_load_us=5.70343e+06 threshold_s=1)[0m
[33m/home/cvazquezperezdelacru/clio-core/context-runtime/src/worker.cc:370 WARNING 2492821 AdoptLane [#785] worker 8 adopted lane 0x7f0ac9f457e8[0m
[33m/home/cvazquezperezdelacru/clio-core/context-runtime/src/scheduler/default_sched.cc:598 WARNING 2492821 operator() [#785] RESCUE: stalled worker 8 -> worker 12 (0 parked task(s) moved, 0 queued task(s) redistributed, rescues=84)[0m
[33m/home/cvazquezperezdelacru/clio-core/context-runtime/src/scheduler/default_sched.cc:455 WARNING 2492821 operator() [#781] worker 9 STALLED on one task (load_us=0 realtime_load_us=5.70288e+06 threshold_s=1)[0m
[33m/home/cvazquezperezdelacru/clio-core/context-runtime/src/worker.cc:370 WARNING 2492821 AdoptLane [#785] worker 9 adopted lane 0x7f0ac9f458a8[0m
[33m/home/cvazquezperezdelacru/clio-core/context-runtime/src/scheduler/default_sched.cc:598 WARNING 2492821 operator() [#785] RESCUE: stalled worker 9 -> worker 12 (0 parked task(s) moved, 0 queued task(s) redistributed, rescues=85)[0m
[33m/home/cvazquezperezdelacru/clio-core/context-runtime/src/scheduler/default_sched.cc:455 WARNING 2492821 operator() [#781] worker 10 STALLED on one task (load_us=0 realtime_load_us=5.70222e+06 threshold_s=1)[0m
[33m/home/cvazquezperezdelacru/clio-core/context-runtime/src/worker.cc:370 WARNING 2492821 AdoptLane [#785] worker 10 adopted lane 0x7f0ac9f45968[0m
[33m/home/cvazquezperezdelacru/clio-core/context-runtime/src/scheduler/default_sched.cc:598 WARNING 2492821 operator() [#785] RESCUE: stalled worker 10 -> worker 12 (0 parked task(s) moved, 0 queued task(s) redistributed, rescues=86)[0m
[33m/home/cvazquezperezdelacru/clio-core/context-runtime/src/scheduler/default_sched.cc:455 WARNING 2492821 operator() [#781] worker 11 STALLED on one task (load_us=0 realtime_load_us=5.70132e+06 threshold_s=1)[0m
[33m/home/cvazquezperezdelacru/clio-core/context-runtime/src/worker.cc:370 WARNING 2492821 AdoptLane [#785] worker 11 adopted lane 0x7f0ac9f45a28[0m
[33m/home/cvazquezperezdelacru/clio-core/context-runtime/src/scheduler/default_sched.cc:598 WARNING 2492821 operator() [#785] RESCUE: stalled worker 11 -> worker 12 (0 parked task(s) moved, 0 queued task(s) redistributed, rescues=87)[0m
[33m/home/cvazquezperezdelacru/clio-core/context-runtime/src/scheduler/default_sched.cc:785 WARNING 2492821 LoadBalance [#781] ALL 5 compute workers stalled — runtime cannot place new tasks; elastic SpawnAdditionalWorker() needed (follow-up)[0m
[97m/home/cvazquezperezdelacru/clio-core/context-runtime/src/ipc_manager.cc:2440 INFO 2492817 IncreaseClientShm IpcManager::IncreaseClientShm: Creating clio_2492792_144 with size 125089712 (91535280 + 33554432 overhead)[0m
[97m/home/cvazquezperezdelacru/clio-core/context-runtime/src/ipc_manager.cc:2485 INFO 2492817 IncreaseClientShm IpcManager::IncreaseClientShm: Created allocator clio_2492792_144 with ID (2492792.144)[0m
[97m/home/cvazquezperezdelacru/clio-core/context-runtime/src/ipc_manager.cc:2440 INFO 2492816 IncreaseClientShm IpcManager::IncreaseClientShm: Creating clio_2492792_145 with size 125089712 (91535280 + 33554432 overhead)[0m
[97m/home/cvazquezperezdelacru/clio-core/context-runtime/src/ipc_manager.cc:2485 INFO 2492816 IncreaseClientShm IpcManager::IncreaseClientShm: Created allocator clio_2492792_145 with ID (2492792.145)[0m
[97m/home/cvazquezperezdelacru/clio-core/context-runtime/src/ipc_manager.cc:2440 INFO 2492995 IncreaseClientShm IpcManager::IncreaseClientShm: Creating clio_2492792_146 with size 129651408 (96096976 + 33554432 overhead)[0m
[97m/home/cvazquezperezdelacru/clio-core/context-runtime/src/ipc_manager.cc:2485 INFO 2492995 IncreaseClientShm IpcManager::IncreaseClientShm: Created allocator clio_2492792_146 with ID (2492792.146)[0m
[97m/home/cvazquezperezdelacru/clio-core/context-runtime/src/ipc_manager.cc:2440 INFO 2493068 IncreaseClientShm IpcManager::IncreaseClientShm: Creating clio_2492792_147 with size 130842208 (97287776 + 33554432 overhead)[0m
[97m/home/cvazquezperezdelacru/clio-core/context-runtime/src/ipc_manager.cc:2485 INFO 2493068 IncreaseClientShm IpcManager::IncreaseClientShm: Created allocator clio_2492792_147 with ID (2492792.147)[0m
[97m/home/cvazquezperezdelacru/clio-core/context-runtime/src/ipc_manager.cc:2440 INFO 2492814 IncreaseClientShm IpcManager::IncreaseClientShm: Creating clio_2492792_148 with size 127291912 (93737480 + 33554432 overhead)[0m
[97m/home/cvazquezperezdelacru/clio-core/context-runtime/src/ipc_manager.cc:2485 INFO 2492814 IncreaseClientShm IpcManager::IncreaseClientShm: Created allocator clio_2492792_148 with ID (2492792.148)[0m
[97m/home/cvazquezperezdelacru/clio-core/context-runtime/src/ipc_manager.cc:2440 INFO 2492815 IncreaseClientShm IpcManager::IncreaseClientShm: Creating clio_2492792_149 with size 124719216 (91164784 + 33554432 overhead)[0m
[97m/home/cvazquezperezdelacru/clio-core/context-runtime/src/ipc_manager.cc:2485 INFO 2492815 IncreaseClientShm IpcManager::IncreaseClientShm: Created allocator clio_2492792_149 with ID (2492792.149)[0m
[33m/home/cvazquezperezdelacru/clio-core/context-runtime/src/scheduler/default_sched.cc:455 WARNING 2492821 operator() [#781] worker 1 STALLED on one task (load_us=0 realtime_load_us=7.53193e+06 threshold_s=1)[0m
[33m/home/cvazquezperezdelacru/clio-core/context-runtime/src/worker.cc:370 WARNING 2492821 AdoptLane [#785] worker 1 adopted lane 0x7f0ac9f452a8[0m
[33m/home/cvazquezperezdelacru/clio-core/context-runtime/src/scheduler/default_sched.cc:598 WARNING 2492821 operator() [#785] RESCUE: stalled worker 1 -> worker 12 (0 parked task(s) moved, 0 queued task(s) redistributed, rescues=88)[0m
[33m/home/cvazquezperezdelacru/clio-core/context-runtime/src/scheduler/default_sched.cc:455 WARNING 2492821 operator() [#781] worker 2 STALLED on one task (load_us=0 realtime_load_us=7.53057e+06 threshold_s=1)[0m
[33m/home/cvazquezperezdelacru/clio-core/context-runtime/src/worker.cc:370 WARNING 2492821 AdoptLane [#785] worker 2 adopted lane 0x7f0ac9f45368[0m
[33m/home/cvazquezperezdelacru/clio-core/context-runtime/src/scheduler/default_sched.cc:598 WARNING 2492821 operator() [#785] RESCUE: stalled worker 2 -> worker 12 (0 parked task(s) moved, 0 queued task(s) redistributed, rescues=89)[0m
[33m/home/cvazquezperezdelacru/clio-core/context-runtime/src/scheduler/default_sched.cc:455 WARNING 2492821 operator() [#781] worker 3 STALLED on one task (load_us=0 realtime_load_us=7.53584e+06 threshold_s=1)[0m
[33m/home/cvazquezperezdelacru/clio-core/context-runtime/src/worker.cc:370 WARNING 2492821 AdoptLane [#785] worker 3 adopted lane 0x7f0ac9f45428[0m
[33m/home/cvazquezperezdelacru/clio-core/context-runtime/src/scheduler/default_sched.cc:598 WARNING 2492821 operator() [#785] RESCUE: stalled worker 3 -> worker 12 (0 parked task(s) moved, 0 queued task(s) redistributed, rescues=90)[0m
[33m/home/cvazquezperezdelacru/clio-core/context-runtime/src/scheduler/default_sched.cc:455 WARNING 2492821 operator() [#781] worker 8 STALLED on one task (load_us=0 realtime_load_us=6.20718e+06 threshold_s=1)[0m
[33m/home/cvazquezperezdelacru/clio-core/context-runtime/src/worker.cc:370 WARNING 2492821 AdoptLane [#785] worker 8 adopted lane 0x7f0ac9f457e8[0m
[33m/home/cvazquezperezdelacru/clio-core/context-runtime/src/scheduler/default_sched.cc:598 WARNING 2492821 operator() [#785] RESCUE: stalled worker 8 -> worker 12 (0 parked task(s) moved, 0 queued task(s) redistributed, rescues=91)[0m
[33m/home/cvazquezperezdelacru/clio-core/context-runtime/src/scheduler/default_sched.cc:455 WARNING 2492821 operator() [#781] worker 9 STALLED on one task (load_us=0 realtime_load_us=6.20663e+06 threshold_s=1)[0m
[33m/home/cvazquezperezdelacru/clio-core/context-runtime/src/worker.cc:370 WARNING 2492821 AdoptLane [#785] worker 9 adopted lane 0x7f0ac9f458a8[0m
[33m/home/cvazquezperezdelacru/clio-core/context-runtime/src/scheduler/default_sched.cc:598 WARNING 2492821 operator() [#785] RESCUE: stalled worker 9 -> worker 12 (0 parked task(s) moved, 0 queued task(s) redistributed, rescues=92)[0m
[33m/home/cvazquezperezdelacru/clio-core/context-runtime/src/scheduler/default_sched.cc:455 WARNING 2492821 operator() [#781] worker 10 STALLED on one task (load_us=0 realtime_load_us=6.20597e+06 threshold_s=1)[0m
[33m/home/cvazquezperezdelacru/clio-core/context-runtime/src/worker.cc:370 WARNING 2492821 AdoptLane [#785] worker 10 adopted lane 0x7f0ac9f45968[0m
[33m/home/cvazquezperezdelacru/clio-core/context-runtime/src/scheduler/default_sched.cc:598 WARNING 2492821 operator() [#785] RESCUE: stalled worker 10 -> worker 12 (0 parked task(s) moved, 0 queued task(s) redistributed, rescues=93)[0m
[33m/home/cvazquezperezdelacru/clio-core/context-runtime/src/scheduler/default_sched.cc:455 WARNING 2492821 operator() [#781] worker 11 STALLED on one task (load_us=0 realtime_load_us=6.20507e+06 threshold_s=1)[0m
[33m/home/cvazquezperezdelacru/clio-core/context-runtime/src/worker.cc:370 WARNING 2492821 AdoptLane [#785] worker 11 adopted lane 0x7f0ac9f45a28[0m
[33m/home/cvazquezperezdelacru/clio-core/context-runtime/src/scheduler/default_sched.cc:598 WARNING 2492821 operator() [#785] RESCUE: stalled worker 11 -> worker 12 (0 parked task(s) moved, 0 queued task(s) redistributed, rescues=94)[0m
[33m/home/cvazquezperezdelacru/clio-core/context-runtime/src/scheduler/default_sched.cc:785 WARNING 2492821 LoadBalance [#781] ALL 5 compute workers stalled — runtime cannot place new tasks; elastic SpawnAdditionalWorker() needed (follow-up)[0m
[97m/home/cvazquezperezdelacru/clio-core/context-runtime/src/ipc_manager.cc:2440 INFO 2493078 IncreaseClientShm IpcManager::IncreaseClientShm: Creating clio_2492792_150 with size 132242312 (98687880 + 33554432 overhead)[0m
[97m/home/cvazquezperezdelacru/clio-core/context-runtime/src/ipc_manager.cc:2485 INFO 2493078 IncreaseClientShm IpcManager::IncreaseClientShm: Created allocator clio_2492792_150 with ID (2492792.150)[0m
[97m/home/cvazquezperezdelacru/clio-core/context-runtime/src/ipc_manager.cc:2440 INFO 2493068 IncreaseClientShm IpcManager::IncreaseClientShm: Creating clio_2492792_151 with size 128298112 (94743680 + 33554432 overhead)[0m
[97m/home/cvazquezperezdelacru/clio-core/context-runtime/src/ipc_manager.cc:2485 INFO 2493068 IncreaseClientShm IpcManager::IncreaseClientShm: Created allocator clio_2492792_151 with ID (2492792.151)[0m
[97m/home/cvazquezperezdelacru/clio-core/context-runtime/src/ipc_manager.cc:2440 INFO 2493078 IncreaseClientShm IpcManager::IncreaseClientShm: Creating clio_2492792_152 with size 126495008 (92940576 + 33554432 overhead)[0m
[97m/home/cvazquezperezdelacru/clio-core/context-runtime/src/ipc_manager.cc:2485 INFO 2493078 IncreaseClientShm IpcManager::IncreaseClientShm: Created allocator clio_2492792_152 with ID (2492792.152)[0m
[97m/home/cvazquezperezdelacru/clio-core/context-runtime/src/ipc_manager.cc:2440 INFO 2493087 IncreaseClientShm IpcManager::IncreaseClientShm: Creating clio_2492792_153 with size 126896712 (93342280 + 33554432 overhead)[0m
[97m/home/cvazquezperezdelacru/clio-core/context-runtime/src/ipc_manager.cc:2485 INFO 2493087 IncreaseClientShm IpcManager::IncreaseClientShm: Created allocator clio_2492792_153 with ID (2492792.153)[0m
[33m/home/cvazquezperezdelacru/clio-core/context-runtime/src/scheduler/default_sched.cc:455 WARNING 2492821 operator() [#781] worker 8 STALLED on one task (load_us=0 realtime_load_us=6.7104e+06 threshold_s=1)[0m
[33m/home/cvazquezperezdelacru/clio-core/context-runtime/src/worker.cc:370 WARNING 2492821 AdoptLane [#785] worker 8 adopted lane 0x7f0ac9f457e8[0m
[33m/home/cvazquezperezdelacru/clio-core/context-runtime/src/scheduler/default_sched.cc:598 WARNING 2492821 operator() [#785] RESCUE: stalled worker 8 -> worker 12 (0 parked task(s) moved, 0 queued task(s) redistributed, rescues=95)[0m
[33m/home/cvazquezperezdelacru/clio-core/context-runtime/src/scheduler/default_sched.cc:455 WARNING 2492821 operator() [#781] worker 9 STALLED on one task (load_us=0 realtime_load_us=6.70985e+06 threshold_s=1)[0m
[33m/home/cvazquezperezdelacru/clio-core/context-runtime/src/worker.cc:370 WARNING 2492821 AdoptLane [#785] worker 9 adopted lane 0x7f0ac9f458a8[0m
[33m/home/cvazquezperezdelacru/clio-core/context-runtime/src/scheduler/default_sched.cc:598 WARNING 2492821 operator() [#785] RESCUE: stalled worker 9 -> worker 12 (0 parked task(s) moved, 0 queued task(s) redistributed, rescues=96)[0m
[33m/home/cvazquezperezdelacru/clio-core/context-runtime/src/scheduler/default_sched.cc:455 WARNING 2492821 operator() [#781] worker 10 STALLED on one task (load_us=0 realtime_load_us=6.70919e+06 threshold_s=1)[0m
[33m/home/cvazquezperezdelacru/clio-core/context-runtime/src/worker.cc:370 WARNING 2492821 AdoptLane [#785] worker 10 adopted lane 0x7f0ac9f45968[0m
[33m/home/cvazquezperezdelacru/clio-core/context-runtime/src/scheduler/default_sched.cc:598 WARNING 2492821 operator() [#785] RESCUE: stalled worker 10 -> worker 12 (0 parked task(s) moved, 0 queued task(s) redistributed, rescues=97)[0m
[33m/home/cvazquezperezdelacru/clio-core/context-runtime/src/scheduler/default_sched.cc:455 WARNING 2492821 operator() [#781] worker 11 STALLED on one task (load_us=0 realtime_load_us=6.70829e+06 threshold_s=1)[0m
[33m/home/cvazquezperezdelacru/clio-core/context-runtime/src/worker.cc:370 WARNING 2492821 AdoptLane [#785] worker 11 adopted lane 0x7f0ac9f45a28[0m
[33m/home/cvazquezperezdelacru/clio-core/context-runtime/src/scheduler/default_sched.cc:598 WARNING 2492821 operator() [#785] RESCUE: stalled worker 11 -> worker 12 (0 parked task(s) moved, 0 queued task(s) redistributed, rescues=98)[0m
[97m/home/cvazquezperezdelacru/clio-core/context-runtime/src/ipc_manager.cc:2440 INFO 2493078 IncreaseClientShm IpcManager::IncreaseClientShm: Creating clio_2492792_154 with size 132545216 (98990784 + 33554432 overhead)[0m
[97m/home/cvazquezperezdelacru/clio-core/context-runtime/src/ipc_manager.cc:2485 INFO 2493078 IncreaseClientShm IpcManager::IncreaseClientShm: Created allocator clio_2492792_154 with ID (2492792.154)[0m
[97m/home/cvazquezperezdelacru/clio-core/context-runtime/src/ipc_manager.cc:2440 INFO 2493087 IncreaseClientShm IpcManager::IncreaseClientShm: Creating clio_2492792_155 with size 132545216 (98990784 + 33554432 overhead)[0m
[97m/home/cvazquezperezdelacru/clio-core/context-runtime/src/ipc_manager.cc:2485 INFO 2493087 IncreaseClientShm IpcManager::IncreaseClientShm: Created allocator clio_2492792_155 with ID (2492792.155)[0m
[97m/home/cvazquezperezdelacru/clio-core/context-runtime/src/ipc_manager.cc:2440 INFO 2492995 IncreaseClientShm IpcManager::IncreaseClientShm: Creating clio_2492792_156 with size 126385808 (92831376 + 33554432 overhead)[0m
[97m/home/cvazquezperezdelacru/clio-core/context-runtime/src/ipc_manager.cc:2485 INFO 2492995 IncreaseClientShm IpcManager::IncreaseClientShm: Created allocator clio_2492792_156 with ID (2492792.156)[0m
[97m/home/cvazquezperezdelacru/clio-core/context-runtime/src/ipc_manager.cc:2440 INFO 2493068 IncreaseClientShm IpcManager::IncreaseClientShm: Creating clio_2492792_157 with size 126784912 (93230480 + 33554432 overhead)[0m
[97m/home/cvazquezperezdelacru/clio-core/context-runtime/src/ipc_manager.cc:2485 INFO 2493068 IncreaseClientShm IpcManager::IncreaseClientShm: Created allocator clio_2492792_157 with ID (2492792.157)[0m
[33m/home/cvazquezperezdelacru/clio-core/context-runtime/src/scheduler/default_sched.cc:455 WARNING 2492821 operator() [#781] worker 8 STALLED on one task (load_us=0 realtime_load_us=7.21246e+06 threshold_s=1)[0m
[33m/home/cvazquezperezdelacru/clio-core/context-runtime/src/worker.cc:370 WARNING 2492821 AdoptLane [#785] worker 8 adopted lane 0x7f0ac9f457e8[0m
[33m/home/cvazquezperezdelacru/clio-core/context-runtime/src/scheduler/default_sched.cc:598 WARNING 2492821 operator() [#785] RESCUE: stalled worker 8 -> worker 12 (0 parked task(s) moved, 0 queued task(s) redistributed, rescues=99)[0m
[33m/home/cvazquezperezdelacru/clio-core/context-runtime/src/scheduler/default_sched.cc:455 WARNING 2492821 operator() [#781] worker 9 STALLED on one task (load_us=0 realtime_load_us=7.21191e+06 threshold_s=1)[0m
[33m/home/cvazquezperezdelacru/clio-core/context-runtime/src/worker.cc:370 WARNING 2492821 AdoptLane [#785] worker 9 adopted lane 0x7f0ac9f458a8[0m
[33m/home/cvazquezperezdelacru/clio-core/context-runtime/src/scheduler/default_sched.cc:598 WARNING 2492821 operator() [#785] RESCUE: stalled worker 9 -> worker 12 (0 parked task(s) moved, 0 queued task(s) redistributed, rescues=100)[0m
[33m/home/cvazquezperezdelacru/clio-core/context-runtime/src/scheduler/default_sched.cc:455 WARNING 2492821 operator() [#781] worker 10 STALLED on one task (load_us=0 realtime_load_us=7.21125e+06 threshold_s=1)[0m
[33m/home/cvazquezperezdelacru/clio-core/context-runtime/src/worker.cc:370 WARNING 2492821 AdoptLane [#785] worker 10 adopted lane 0x7f0ac9f45968[0m
[33m/home/cvazquezperezdelacru/clio-core/context-runtime/src/scheduler/default_sched.cc:598 WARNING 2492821 operator() [#785] RESCUE: stalled worker 10 -> worker 12 (0 parked task(s) moved, 0 queued task(s) redistributed, rescues=101)[0m
[33m/home/cvazquezperezdelacru/clio-core/context-runtime/src/scheduler/default_sched.cc:455 WARNING 2492821 operator() [#781] worker 11 STALLED on one task (load_us=0 realtime_load_us=7.21036e+06 threshold_s=1)[0m
[33m/home/cvazquezperezdelacru/clio-core/context-runtime/src/worker.cc:370 WARNING 2492821 AdoptLane [#785] worker 11 adopted lane 0x7f0ac9f45a28[0m
[33m/home/cvazquezperezdelacru/clio-core/context-runtime/src/scheduler/default_sched.cc:598 WARNING 2492821 operator() [#785] RESCUE: stalled worker 11 -> worker 12 (0 parked task(s) moved, 0 queued task(s) redistributed, rescues=102)[0m
[97m/home/cvazquezperezdelacru/clio-core/context-runtime/src/ipc_manager.cc:2440 INFO 2493068 IncreaseClientShm IpcManager::IncreaseClientShm: Creating clio_2492792_158 with size 126121912 (92567480 + 33554432 overhead)[0m
[97m/home/cvazquezperezdelacru/clio-core/context-runtime/src/ipc_manager.cc:2485 INFO 2493068 IncreaseClientShm IpcManager::IncreaseClientShm: Created allocator clio_2492792_158 with ID (2492792.158)[0m
[97m/home/cvazquezperezdelacru/clio-core/context-runtime/src/ipc_manager.cc:2440 INFO 2493068 IncreaseClientShm IpcManager::IncreaseClientShm: Creating clio_2492792_159 with size 127291912 (93737480 + 33554432 overhead)[0m
[97m/home/cvazquezperezdelacru/clio-core/context-runtime/src/ipc_manager.cc:2485 INFO 2493068 IncreaseClientShm IpcManager::IncreaseClientShm: Created allocator clio_2492792_159 with ID (2492792.159)[0m
[97m/mnt/common/cvazquezperezdelacru/IOWARP/faiss/contrib/iowarp/chimod/src/faiss_ivf_runtime.cc:300 INFO 2492816 Search faiss_ivf: Search nq=63 k=10 nprobe=64 unique_lists=2541[0m
[97m/mnt/common/cvazquezperezdelacru/IOWARP/faiss/contrib/iowarp/chimod/src/faiss_ivf_runtime.cc:300 INFO 2492814 Search faiss_ivf: Search nq=63 k=10 nprobe=64 unique_lists=2413[0m
[97m/mnt/common/cvazquezperezdelacru/IOWARP/faiss/contrib/iowarp/chimod/src/faiss_ivf_runtime.cc:300 INFO 2492815 Search faiss_ivf: Search nq=62 k=10 nprobe=64 unique_lists=2388[0m
[97m/mnt/common/cvazquezperezdelacru/IOWARP/faiss/contrib/iowarp/chimod/src/faiss_ivf_runtime.cc:300 INFO 2492817 Search faiss_ivf: Search nq=62 k=10 nprobe=64 unique_lists=2453[0m
[97m/home/cvazquezperezdelacru/clio-core/context-runtime/src/ipc_manager.cc:2440 INFO 2492814 IncreaseClientShm IpcManager::IncreaseClientShm: Creating clio_2492792_160 with size 131004712 (97450280 + 33554432 overhead)[0m
[97m/home/cvazquezperezdelacru/clio-core/context-runtime/src/ipc_manager.cc:2485 INFO 2492814 IncreaseClientShm IpcManager::IncreaseClientShm: Created allocator clio_2492792_160 with ID (2492792.160)[0m
[97m/home/cvazquezperezdelacru/clio-core/context-runtime/src/ipc_manager.cc:2440 INFO 2492814 IncreaseClientShm IpcManager::IncreaseClientShm: Creating clio_2492792_161 with size 131215312 (97660880 + 33554432 overhead)[0m
[97m/home/cvazquezperezdelacru/clio-core/context-runtime/src/ipc_manager.cc:2485 INFO 2492814 IncreaseClientShm IpcManager::IncreaseClientShm: Created allocator clio_2492792_161 with ID (2492792.161)[0m
[97m/home/cvazquezperezdelacru/clio-core/context-runtime/src/ipc_manager.cc:2440 INFO 2492815 IncreaseClientShm IpcManager::IncreaseClientShm: Creating clio_2492792_162 with size 131215312 (97660880 + 33554432 overhead)[0m
[97m/home/cvazquezperezdelacru/clio-core/context-runtime/src/ipc_manager.cc:2485 INFO 2492815 IncreaseClientShm IpcManager::IncreaseClientShm: Created allocator clio_2492792_162 with ID (2492792.162)[0m
[31m/home/cvazquezperezdelacru/clio-core/context-runtime/src/scheduler/default_sched.cc:726 ERROR 2492821 LoadBalance [HANGWATCH-HB] processed=12364 outstanding=4 (queued=4 blocked=0 retry=0 periodic=7) live=4 live_stalled=0[0m
[97m/home/cvazquezperezdelacru/clio-core/context-runtime/src/ipc_manager.cc:2440 INFO 2492817 IncreaseClientShm IpcManager::IncreaseClientShm: Creating clio_2492792_163 with size 130895512 (97341080 + 33554432 overhead)[0m
[97m/home/cvazquezperezdelacru/clio-core/context-runtime/src/ipc_manager.cc:2485 INFO 2492817 IncreaseClientShm IpcManager::IncreaseClientShm: Created allocator clio_2492792_163 with ID (2492792.163)[0m
[97m/home/cvazquezperezdelacru/clio-core/context-runtime/src/ipc_manager.cc:2440 INFO 2492817 IncreaseClientShm IpcManager::IncreaseClientShm: Creating clio_2492792_164 with size 125548608 (91994176 + 33554432 overhead)[0m
[97m/home/cvazquezperezdelacru/clio-core/context-runtime/src/ipc_manager.cc:2485 INFO 2492817 IncreaseClientShm IpcManager::IncreaseClientShm: Created allocator clio_2492792_164 with ID (2492792.164)[0m
[97m/home/cvazquezperezdelacru/clio-core/context-runtime/src/ipc_manager.cc:2440 INFO 2492814 IncreaseClientShm IpcManager::IncreaseClientShm: Creating clio_2492792_165 with size 125789112 (92234680 + 33554432 overhead)[0m
[97m/home/cvazquezperezdelacru/clio-core/context-runtime/src/ipc_manager.cc:2485 INFO 2492814 IncreaseClientShm IpcManager::IncreaseClientShm: Created allocator clio_2492792_165 with ID (2492792.165)[0m
[97m/home/cvazquezperezdelacru/clio-core/context-runtime/src/ipc_manager.cc:2440 INFO 2492814 IncreaseClientShm IpcManager::IncreaseClientShm: Creating clio_2492792_166 with size 126062112 (92507680 + 33554432 overhead)[0m
[97m/home/cvazquezperezdelacru/clio-core/context-runtime/src/ipc_manager.cc:2485 INFO 2492814 IncreaseClientShm IpcManager::IncreaseClientShm: Created allocator clio_2492792_166 with ID (2492792.166)[0m
[97m/home/cvazquezperezdelacru/clio-core/context-runtime/src/ipc_manager.cc:2440 INFO 2492816 IncreaseClientShm IpcManager::IncreaseClientShm: Creating clio_2492792_167 with size 126489808 (92935376 + 33554432 overhead)[0m
[97m/home/cvazquezperezdelacru/clio-core/context-runtime/src/ipc_manager.cc:2485 INFO 2492816 IncreaseClientShm IpcManager::IncreaseClientShm: Created allocator clio_2492792_167 with ID (2492792.167)[0m
[97m/home/cvazquezperezdelacru/clio-core/context-runtime/src/ipc_manager.cc:2440 INFO 2492817 IncreaseClientShm IpcManager::IncreaseClientShm: Creating clio_2492792_168 with size 124490416 (90935984 + 33554432 overhead)[0m
[97m/home/cvazquezperezdelacru/clio-core/context-runtime/src/ipc_manager.cc:2485 INFO 2492817 IncreaseClientShm IpcManager::IncreaseClientShm: Created allocator clio_2492792_168 with ID (2492792.168)[0m
[97m/home/cvazquezperezdelacru/clio-core/context-runtime/src/ipc_manager.cc:2440 INFO 2492815 IncreaseClientShm IpcManager::IncreaseClientShm: Creating clio_2492792_169 with size 127490816 (93936384 + 33554432 overhead)[0m
[97m/home/cvazquezperezdelacru/clio-core/context-runtime/src/ipc_manager.cc:2485 INFO 2492815 IncreaseClientShm IpcManager::IncreaseClientShm: Created allocator clio_2492792_169 with ID (2492792.169)[0m
[33m/home/cvazquezperezdelacru/clio-core/context-runtime/src/scheduler/default_sched.cc:455 WARNING 2492821 operator() [#781] worker 1 STALLED on one task (load_us=0 realtime_load_us=5.49856e+06 threshold_s=1)[0m
[33m/home/cvazquezperezdelacru/clio-core/context-runtime/src/worker.cc:370 WARNING 2492821 AdoptLane [#785] worker 1 adopted lane 0x7f0ac9f452a8[0m
[33m/home/cvazquezperezdelacru/clio-core/context-runtime/src/scheduler/default_sched.cc:598 WARNING 2492821 operator() [#785] RESCUE: stalled worker 1 -> worker 8 (0 parked task(s) moved, 1 queued task(s) redistributed, rescues=103)[0m
[33m/home/cvazquezperezdelacru/clio-core/context-runtime/src/scheduler/default_sched.cc:455 WARNING 2492821 operator() [#781] worker 2 STALLED on one task (load_us=0 realtime_load_us=5.49716e+06 threshold_s=1)[0m
[33m/home/cvazquezperezdelacru/clio-core/context-runtime/src/worker.cc:370 WARNING 2492821 AdoptLane [#785] worker 2 adopted lane 0x7f0ac9f45368[0m
[33m/home/cvazquezperezdelacru/clio-core/context-runtime/src/scheduler/default_sched.cc:598 WARNING 2492821 operator() [#785] RESCUE: stalled worker 2 -> worker 9 (1 parked task(s) moved, 1 queued task(s) redistributed, rescues=104)[0m
[33m/home/cvazquezperezdelacru/clio-core/context-runtime/src/scheduler/default_sched.cc:455 WARNING 2492821 operator() [#781] worker 3 STALLED on one task (load_us=0 realtime_load_us=5.5025e+06 threshold_s=1)[0m
[33m/home/cvazquezperezdelacru/clio-core/context-runtime/src/worker.cc:370 WARNING 2492821 AdoptLane [#785] worker 3 adopted lane 0x7f0ac9f45428[0m
[33m/home/cvazquezperezdelacru/clio-core/context-runtime/src/scheduler/default_sched.cc:598 WARNING 2492821 operator() [#785] RESCUE: stalled worker 3 -> worker 10 (0 parked task(s) moved, 1 queued task(s) redistributed, rescues=105)[0m
[33m/home/cvazquezperezdelacru/clio-core/context-runtime/src/scheduler/default_sched.cc:455 WARNING 2492821 operator() [#781] worker 4 STALLED on one task (load_us=0 realtime_load_us=5.501e+06 threshold_s=1)[0m
[33m/home/cvazquezperezdelacru/clio-core/context-runtime/src/worker.cc:370 WARNING 2492821 AdoptLane [#785] worker 4 adopted lane 0x7f0ac9f454e8[0m
[33m/home/cvazquezperezdelacru/clio-core/context-runtime/src/scheduler/default_sched.cc:598 WARNING 2492821 operator() [#785] RESCUE: stalled worker 4 -> worker 11 (0 parked task(s) moved, 1 queued task(s) redistributed, rescues=106)[0m
[97m/mnt/common/cvazquezperezdelacru/IOWARP/faiss/contrib/iowarp/chimod/src/faiss_ivf_runtime.cc:300 INFO 2492995 Search faiss_ivf: Search nq=63 k=10 nprobe=64 unique_lists=2503[0m
[97m/mnt/common/cvazquezperezdelacru/IOWARP/faiss/contrib/iowarp/chimod/src/faiss_ivf_runtime.cc:300 INFO 2493068 Search faiss_ivf: Search nq=62 k=10 nprobe=64 unique_lists=2577[0m
[97m/mnt/common/cvazquezperezdelacru/IOWARP/faiss/contrib/iowarp/chimod/src/faiss_ivf_runtime.cc:300 INFO 2493078 Search faiss_ivf: Search nq=63 k=10 nprobe=64 unique_lists=2483[0m
[97m/mnt/common/cvazquezperezdelacru/IOWARP/faiss/contrib/iowarp/chimod/src/faiss_ivf_runtime.cc:300 INFO 2493087 Search faiss_ivf: Search nq=62 k=10 nprobe=64 unique_lists=2553[0m
[97m/home/cvazquezperezdelacru/clio-core/context-runtime/src/ipc_manager.cc:2440 INFO 2492816 IncreaseClientShm IpcManager::IncreaseClientShm: Creating clio_2492792_170 with size 129651408 (96096976 + 33554432 overhead)[0m
[97m/home/cvazquezperezdelacru/clio-core/context-runtime/src/ipc_manager.cc:2485 INFO 2492816 IncreaseClientShm IpcManager::IncreaseClientShm: Created allocator clio_2492792_170 with ID (2492792.170)[0m
[97m/home/cvazquezperezdelacru/clio-core/context-runtime/src/ipc_manager.cc:2440 INFO 2493068 IncreaseClientShm IpcManager::IncreaseClientShm: Creating clio_2492792_171 with size 129013112 (95458680 + 33554432 overhead)[0m
[97m/home/cvazquezperezdelacru/clio-core/context-runtime/src/ipc_manager.cc:2485 INFO 2493068 IncreaseClientShm IpcManager::IncreaseClientShm: Created allocator clio_2492792_171 with ID (2492792.171)[0m
[97m/home/cvazquezperezdelacru/clio-core/context-runtime/src/ipc_manager.cc:2440 INFO 2492995 IncreaseClientShm IpcManager::IncreaseClientShm: Creating clio_2492792_172 with size 131215312 (97660880 + 33554432 overhead)[0m
[97m/home/cvazquezperezdelacru/clio-core/context-runtime/src/ipc_manager.cc:2485 INFO 2492995 IncreaseClientShm IpcManager::IncreaseClientShm: Created allocator clio_2492792_172 with ID (2492792.172)[0m
[97m/home/cvazquezperezdelacru/clio-core/context-runtime/src/ipc_manager.cc:2440 INFO 2492817 IncreaseClientShm IpcManager::IncreaseClientShm: Creating clio_2492792_173 with size 123508912 (89954480 + 33554432 overhead)[0m
[97m/home/cvazquezperezdelacru/clio-core/context-runtime/src/ipc_manager.cc:2485 INFO 2492817 IncreaseClientShm IpcManager::IncreaseClientShm: Created allocator clio_2492792_173 with ID (2492792.173)[0m
[97m/home/cvazquezperezdelacru/clio-core/context-runtime/src/ipc_manager.cc:2440 INFO 2492816 IncreaseClientShm IpcManager::IncreaseClientShm: Creating clio_2492792_174 with size 126972112 (93417680 + 33554432 overhead)[0m
[97m/home/cvazquezperezdelacru/clio-core/context-runtime/src/ipc_manager.cc:2485 INFO 2492816 IncreaseClientShm IpcManager::IncreaseClientShm: Created allocator clio_2492792_174 with ID (2492792.174)[0m
[33m/home/cvazquezperezdelacru/clio-core/context-runtime/src/scheduler/default_sched.cc:455 WARNING 2492821 operator() [#781] worker 1 STALLED on one task (load_us=0 realtime_load_us=3.85085e+06 threshold_s=1)[0m
[33m/home/cvazquezperezdelacru/clio-core/context-runtime/src/worker.cc:370 WARNING 2492821 AdoptLane [#785] worker 1 adopted lane 0x7f0ac9f452a8[0m
[33m/home/cvazquezperezdelacru/clio-core/context-runtime/src/scheduler/default_sched.cc:598 WARNING 2492821 operator() [#785] RESCUE: stalled worker 1 -> worker 12 (0 parked task(s) moved, 0 queued task(s) redistributed, rescues=107)[0m
[33m/home/cvazquezperezdelacru/clio-core/context-runtime/src/scheduler/default_sched.cc:455 WARNING 2492821 operator() [#781] worker 2 STALLED on one task (load_us=0 realtime_load_us=3.84945e+06 threshold_s=1)[0m
[33m/home/cvazquezperezdelacru/clio-core/context-runtime/src/worker.cc:370 WARNING 2492821 AdoptLane [#785] worker 2 adopted lane 0x7f0ac9f45368[0m
[33m/home/cvazquezperezdelacru/clio-core/context-runtime/src/scheduler/default_sched.cc:598 WARNING 2492821 operator() [#785] RESCUE: stalled worker 2 -> worker 12 (0 parked task(s) moved, 0 queued task(s) redistributed, rescues=108)[0m
[33m/home/cvazquezperezdelacru/clio-core/context-runtime/src/scheduler/default_sched.cc:455 WARNING 2492821 operator() [#781] worker 3 STALLED on one task (load_us=0 realtime_load_us=3.85479e+06 threshold_s=1)[0m
[33m/home/cvazquezperezdelacru/clio-core/context-runtime/src/worker.cc:370 WARNING 2492821 AdoptLane [#785] worker 3 adopted lane 0x7f0ac9f45428[0m
[33m/home/cvazquezperezdelacru/clio-core/context-runtime/src/scheduler/default_sched.cc:598 WARNING 2492821 operator() [#785] RESCUE: stalled worker 3 -> worker 12 (0 parked task(s) moved, 0 queued task(s) redistributed, rescues=109)[0m
[33m/home/cvazquezperezdelacru/clio-core/context-runtime/src/scheduler/default_sched.cc:455 WARNING 2492821 operator() [#781] worker 4 STALLED on one task (load_us=0 realtime_load_us=3.85329e+06 threshold_s=1)[0m
[33m/home/cvazquezperezdelacru/clio-core/context-runtime/src/worker.cc:370 WARNING 2492821 AdoptLane [#785] worker 4 adopted lane 0x7f0ac9f454e8[0m
[33m/home/cvazquezperezdelacru/clio-core/context-runtime/src/scheduler/default_sched.cc:598 WARNING 2492821 operator() [#785] RESCUE: stalled worker 4 -> worker 12 (0 parked task(s) moved, 0 queued task(s) redistributed, rescues=110)[0m
[97m/home/cvazquezperezdelacru/clio-core/context-runtime/src/ipc_manager.cc:2440 INFO 2492814 IncreaseClientShm IpcManager::IncreaseClientShm: Creating clio_2492792_175 with size 127555808 (94001376 + 33554432 overhead)[0m
[97m/home/cvazquezperezdelacru/clio-core/context-runtime/src/ipc_manager.cc:2485 INFO 2492814 IncreaseClientShm IpcManager::IncreaseClientShm: Created allocator clio_2492792_175 with ID (2492792.175)[0m
[97m/home/cvazquezperezdelacru/clio-core/context-runtime/src/ipc_manager.cc:2440 INFO 2492995 IncreaseClientShm IpcManager::IncreaseClientShm: Creating clio_2492792_176 with size 124845312 (91290880 + 33554432 overhead)[0m
[97m/home/cvazquezperezdelacru/clio-core/context-runtime/src/ipc_manager.cc:2485 INFO 2492995 IncreaseClientShm IpcManager::IncreaseClientShm: Created allocator clio_2492792_176 with ID (2492792.176)[0m
[97m/home/cvazquezperezdelacru/clio-core/context-runtime/src/ipc_manager.cc:2440 INFO 2492815 IncreaseClientShm IpcManager::IncreaseClientShm: Creating clio_2492792_177 with size 127518112 (93963680 + 33554432 overhead)[0m
[97m/home/cvazquezperezdelacru/clio-core/context-runtime/src/ipc_manager.cc:2485 INFO 2492815 IncreaseClientShm IpcManager::IncreaseClientShm: Created allocator clio_2492792_177 with ID (2492792.177)[0m
[97m/home/cvazquezperezdelacru/clio-core/context-runtime/src/ipc_manager.cc:2440 INFO 2493087 IncreaseClientShm IpcManager::IncreaseClientShm: Creating clio_2492792_178 with size 125789112 (92234680 + 33554432 overhead)[0m
[97m/home/cvazquezperezdelacru/clio-core/context-runtime/src/ipc_manager.cc:2485 INFO 2493087 IncreaseClientShm IpcManager::IncreaseClientShm: Created allocator clio_2492792_178 with ID (2492792.178)[0m
[33m/home/cvazquezperezdelacru/clio-core/context-runtime/src/scheduler/default_sched.cc:430 WARNING 2492821 LoadBalance [#781 PDF] observed exec-time bins (cumulative): <10us=722514 <50us=23972 <500us=346 <10ms=4110 <50ms=0 <500ms=2 <1s=0 >=1s=19 | stalls_detected=110[0m
[33m/home/cvazquezperezdelacru/clio-core/context-runtime/src/scheduler/default_sched.cc:439 WARNING 2492821 LoadBalance [#785] lane rescues performed: 110[0m
[33m/home/cvazquezperezdelacru/clio-core/context-runtime/src/scheduler/default_sched.cc:455 WARNING 2492821 operator() [#781] worker 1 STALLED on one task (load_us=0 realtime_load_us=4.35313e+06 threshold_s=1)[0m
[33m/home/cvazquezperezdelacru/clio-core/context-runtime/src/worker.cc:370 WARNING 2492821 AdoptLane [#785] worker 1 adopted lane 0x7f0ac9f452a8[0m
[33m/home/cvazquezperezdelacru/clio-core/context-runtime/src/scheduler/default_sched.cc:598 WARNING 2492821 operator() [#785] RESCUE: stalled worker 1 -> worker 12 (0 parked task(s) moved, 0 queued task(s) redistributed, rescues=111)[0m
[33m/home/cvazquezperezdelacru/clio-core/context-runtime/src/scheduler/default_sched.cc:455 WARNING 2492821 operator() [#781] worker 2 STALLED on one task (load_us=0 realtime_load_us=4.35173e+06 threshold_s=1)[0m
[33m/home/cvazquezperezdelacru/clio-core/context-runtime/src/worker.cc:370 WARNING 2492821 AdoptLane [#785] worker 2 adopted lane 0x7f0ac9f45368[0m
[33m/home/cvazquezperezdelacru/clio-core/context-runtime/src/scheduler/default_sched.cc:598 WARNING 2492821 operator() [#785] RESCUE: stalled worker 2 -> worker 12 (0 parked task(s) moved, 0 queued task(s) redistributed, rescues=112)[0m
[33m/home/cvazquezperezdelacru/clio-core/context-runtime/src/scheduler/default_sched.cc:455 WARNING 2492821 operator() [#781] worker 3 STALLED on one task (load_us=0 realtime_load_us=4.35707e+06 threshold_s=1)[0m
[33m/home/cvazquezperezdelacru/clio-core/context-runtime/src/worker.cc:370 WARNING 2492821 AdoptLane [#785] worker 3 adopted lane 0x7f0ac9f45428[0m
[33m/home/cvazquezperezdelacru/clio-core/context-runtime/src/scheduler/default_sched.cc:598 WARNING 2492821 operator() [#785] RESCUE: stalled worker 3 -> worker 12 (0 parked task(s) moved, 0 queued task(s) redistributed, rescues=113)[0m
[33m/home/cvazquezperezdelacru/clio-core/context-runtime/src/scheduler/default_sched.cc:455 WARNING 2492821 operator() [#781] worker 4 STALLED on one task (load_us=0 realtime_load_us=4.35556e+06 threshold_s=1)[0m
[33m/home/cvazquezperezdelacru/clio-core/context-runtime/src/worker.cc:370 WARNING 2492821 AdoptLane [#785] worker 4 adopted lane 0x7f0ac9f454e8[0m
[33m/home/cvazquezperezdelacru/clio-core/context-runtime/src/scheduler/default_sched.cc:598 WARNING 2492821 operator() [#785] RESCUE: stalled worker 4 -> worker 12 (0 parked task(s) moved, 0 queued task(s) redistributed, rescues=114)[0m
[33m/home/cvazquezperezdelacru/clio-core/context-runtime/src/scheduler/default_sched.cc:455 WARNING 2492821 operator() [#781] worker 8 STALLED on one task (load_us=0 realtime_load_us=3.15479e+06 threshold_s=1)[0m
[33m/home/cvazquezperezdelacru/clio-core/context-runtime/src/worker.cc:370 WARNING 2492821 AdoptLane [#785] worker 8 adopted lane 0x7f0ac9f457e8[0m
[33m/home/cvazquezperezdelacru/clio-core/context-runtime/src/scheduler/default_sched.cc:598 WARNING 2492821 operator() [#785] RESCUE: stalled worker 8 -> worker 12 (0 parked task(s) moved, 0 queued task(s) redistributed, rescues=115)[0m
[33m/home/cvazquezperezdelacru/clio-core/context-runtime/src/scheduler/default_sched.cc:455 WARNING 2492821 operator() [#781] worker 9 STALLED on one task (load_us=0 realtime_load_us=3.15423e+06 threshold_s=1)[0m
[33m/home/cvazquezperezdelacru/clio-core/context-runtime/src/worker.cc:370 WARNING 2492821 AdoptLane [#785] worker 9 adopted lane 0x7f0ac9f458a8[0m
[33m/home/cvazquezperezdelacru/clio-core/context-runtime/src/scheduler/default_sched.cc:598 WARNING 2492821 operator() [#785] RESCUE: stalled worker 9 -> worker 12 (1 parked task(s) moved, 0 queued task(s) redistributed, rescues=116)[0m
[33m/home/cvazquezperezdelacru/clio-core/context-runtime/src/scheduler/default_sched.cc:455 WARNING 2492821 operator() [#781] worker 10 STALLED on one task (load_us=0 realtime_load_us=3.15371e+06 threshold_s=1)[0m
[33m/home/cvazquezperezdelacru/clio-core/context-runtime/src/worker.cc:370 WARNING 2492821 AdoptLane [#785] worker 10 adopted lane 0x7f0ac9f45968[0m
[33m/home/cvazquezperezdelacru/clio-core/context-runtime/src/scheduler/default_sched.cc:598 WARNING 2492821 operator() [#785] RESCUE: stalled worker 10 -> worker 12 (0 parked task(s) moved, 0 queued task(s) redistributed, rescues=117)[0m
[33m/home/cvazquezperezdelacru/clio-core/context-runtime/src/scheduler/default_sched.cc:455 WARNING 2492821 operator() [#781] worker 11 STALLED on one task (load_us=0 realtime_load_us=3.15309e+06 threshold_s=1)[0m
[33m/home/cvazquezperezdelacru/clio-core/context-runtime/src/worker.cc:370 WARNING 2492821 AdoptLane [#785] worker 11 adopted lane 0x7f0ac9f45a28[0m
[33m/home/cvazquezperezdelacru/clio-core/context-runtime/src/scheduler/default_sched.cc:598 WARNING 2492821 operator() [#785] RESCUE: stalled worker 11 -> worker 12 (0 parked task(s) moved, 0 queued task(s) redistributed, rescues=118)[0m
[33m/home/cvazquezperezdelacru/clio-core/context-runtime/src/scheduler/default_sched.cc:785 WARNING 2492821 LoadBalance [#781] ALL 5 compute workers stalled — runtime cannot place new tasks; elastic SpawnAdditionalWorker() needed (follow-up)[0m
[97m/home/cvazquezperezdelacru/clio-core/context-runtime/src/ipc_manager.cc:2440 INFO 2493087 IncreaseClientShm IpcManager::IncreaseClientShm: Creating clio_2492792_179 with size 126062112 (92507680 + 33554432 overhead)[0m
[97m/home/cvazquezperezdelacru/clio-core/context-runtime/src/ipc_manager.cc:2485 INFO 2493087 IncreaseClientShm IpcManager::IncreaseClientShm: Created allocator clio_2492792_179 with ID (2492792.179)[0m
[97m/home/cvazquezperezdelacru/clio-core/context-runtime/src/ipc_manager.cc:2440 INFO 2492817 IncreaseClientShm IpcManager::IncreaseClientShm: Creating clio_2492792_180 with size 128298112 (94743680 + 33554432 overhead)[0m
[97m/home/cvazquezperezdelacru/clio-core/context-runtime/src/ipc_manager.cc:2485 INFO 2492817 IncreaseClientShm IpcManager::IncreaseClientShm: Created allocator clio_2492792_180 with ID (2492792.180)[0m
[97m/home/cvazquezperezdelacru/clio-core/context-runtime/src/ipc_manager.cc:2440 INFO 2493068 IncreaseClientShm IpcManager::IncreaseClientShm: Creating clio_2492792_181 with size 126489808 (92935376 + 33554432 overhead)[0m
[97m/home/cvazquezperezdelacru/clio-core/context-runtime/src/ipc_manager.cc:2485 INFO 2493068 IncreaseClientShm IpcManager::IncreaseClientShm: Created allocator clio_2492792_181 with ID (2492792.181)[0m
[97m/home/cvazquezperezdelacru/clio-core/context-runtime/src/ipc_manager.cc:2440 INFO 2493078 IncreaseClientShm IpcManager::IncreaseClientShm: Creating clio_2492792_182 with size 126489808 (92935376 + 33554432 overhead)[0m
[97m/home/cvazquezperezdelacru/clio-core/context-runtime/src/ipc_manager.cc:2485 INFO 2493078 IncreaseClientShm IpcManager::IncreaseClientShm: Created allocator clio_2492792_182 with ID (2492792.182)[0m
[97m/home/cvazquezperezdelacru/clio-core/context-runtime/src/ipc_manager.cc:2440 INFO 2492816 IncreaseClientShm IpcManager::IncreaseClientShm: Creating clio_2492792_183 with size 126495008 (92940576 + 33554432 overhead)[0m
[97m/home/cvazquezperezdelacru/clio-core/context-runtime/src/ipc_manager.cc:2485 INFO 2492816 IncreaseClientShm IpcManager::IncreaseClientShm: Created allocator clio_2492792_183 with ID (2492792.183)[0m
[97m/home/cvazquezperezdelacru/clio-core/context-runtime/src/ipc_manager.cc:2440 INFO 2493087 IncreaseClientShm IpcManager::IncreaseClientShm: Creating clio_2492792_184 with size 127490816 (93936384 + 33554432 overhead)[0m
[97m/home/cvazquezperezdelacru/clio-core/context-runtime/src/ipc_manager.cc:2485 INFO 2493087 IncreaseClientShm IpcManager::IncreaseClientShm: Created allocator clio_2492792_184 with ID (2492792.184)[0m
[33m/home/cvazquezperezdelacru/clio-core/context-runtime/src/scheduler/default_sched.cc:455 WARNING 2492821 operator() [#781] worker 1 STALLED on one task (load_us=0 realtime_load_us=4.85749e+06 threshold_s=1)[0m
[33m/home/cvazquezperezdelacru/clio-core/context-runtime/src/worker.cc:370 WARNING 2492821 AdoptLane [#785] worker 1 adopted lane 0x7f0ac9f452a8[0m
[33m/home/cvazquezperezdelacru/clio-core/context-runtime/src/scheduler/default_sched.cc:598 WARNING 2492821 operator() [#785] RESCUE: stalled worker 1 -> worker 12 (0 parked task(s) moved, 0 queued task(s) redistributed, rescues=119)[0m
[33m/home/cvazquezperezdelacru/clio-core/context-runtime/src/scheduler/default_sched.cc:455 WARNING 2492821 operator() [#781] worker 2 STALLED on one task (load_us=0 realtime_load_us=4.85623e+06 threshold_s=1)[0m
[33m/home/cvazquezperezdelacru/clio-core/context-runtime/src/worker.cc:370 WARNING 2492821 AdoptLane [#785] worker 2 adopted lane 0x7f0ac9f45368[0m
[33m/home/cvazquezperezdelacru/clio-core/context-runtime/src/work_orchestrator.cc:545 WARNING 2492821 SpawnAdditionalWorker [#785] spawned elastic worker 13 (pool now 14 workers)[0m
[33m/home/cvazquezperezdelacru/clio-core/context-runtime/src/scheduler/default_sched.cc:598 WARNING 2492821 operator() [#785] RESCUE: stalled worker 2 -> worker 13 (0 parked task(s) moved, 1 queued task(s) redistributed, rescues=120)[0m
[33m/home/cvazquezperezdelacru/clio-core/context-runtime/src/scheduler/default_sched.cc:455 WARNING 2492821 operator() [#781] worker 3 STALLED on one task (load_us=0 realtime_load_us=4.86144e+06 threshold_s=1)[0m
[33m/home/cvazquezperezdelacru/clio-core/context-runtime/src/worker.cc:370 WARNING 2492821 AdoptLane [#785] worker 3 adopted lane 0x7f0ac9f45428[0m
[33m/home/cvazquezperezdelacru/clio-core/context-runtime/src/scheduler/default_sched.cc:598 WARNING 2492821 operator() [#785] RESCUE: stalled worker 3 -> worker 12 (0 parked task(s) moved, 0 queued task(s) redistributed, rescues=121)[0m
[33m/home/cvazquezperezdelacru/clio-core/context-runtime/src/scheduler/default_sched.cc:455 WARNING 2492821 operator() [#781] worker 4 STALLED on one task (load_us=0 realtime_load_us=4.85993e+06 threshold_s=1)[0m
[33m/home/cvazquezperezdelacru/clio-core/context-runtime/src/worker.cc:370 WARNING 2492821 AdoptLane [#785] worker 4 adopted lane 0x7f0ac9f454e8[0m
[33m/home/cvazquezperezdelacru/clio-core/context-runtime/src/scheduler/default_sched.cc:598 WARNING 2492821 operator() [#785] RESCUE: stalled worker 4 -> worker 12 (0 parked task(s) moved, 0 queued task(s) redistributed, rescues=122)[0m
[33m/home/cvazquezperezdelacru/clio-core/context-runtime/src/scheduler/default_sched.cc:455 WARNING 2492821 operator() [#781] worker 8 STALLED on one task (load_us=0 realtime_load_us=3.65916e+06 threshold_s=1)[0m
[33m/home/cvazquezperezdelacru/clio-core/context-runtime/src/worker.cc:370 WARNING 2492821 AdoptLane [#785] worker 8 adopted lane 0x7f0ac9f457e8[0m
[33m/home/cvazquezperezdelacru/clio-core/context-runtime/src/scheduler/default_sched.cc:598 WARNING 2492821 operator() [#785] RESCUE: stalled worker 8 -> worker 12 (0 parked task(s) moved, 0 queued task(s) redistributed, rescues=123)[0m
[33m/home/cvazquezperezdelacru/clio-core/context-runtime/src/scheduler/default_sched.cc:455 WARNING 2492821 operator() [#781] worker 9 STALLED on one task (load_us=0 realtime_load_us=3.6586e+06 threshold_s=1)[0m
[33m/home/cvazquezperezdelacru/clio-core/context-runtime/src/worker.cc:370 WARNING 2492821 AdoptLane [#785] worker 9 adopted lane 0x7f0ac9f458a8[0m
[33m/home/cvazquezperezdelacru/clio-core/context-runtime/src/scheduler/default_sched.cc:598 WARNING 2492821 operator() [#785] RESCUE: stalled worker 9 -> worker 12 (0 parked task(s) moved, 0 queued task(s) redistributed, rescues=124)[0m
[33m/home/cvazquezperezdelacru/clio-core/context-runtime/src/scheduler/default_sched.cc:455 WARNING 2492821 operator() [#781] worker 10 STALLED on one task (load_us=0 realtime_load_us=3.65808e+06 threshold_s=1)[0m
[33m/home/cvazquezperezdelacru/clio-core/context-runtime/src/worker.cc:370 WARNING 2492821 AdoptLane [#785] worker 10 adopted lane 0x7f0ac9f45968[0m
[33m/home/cvazquezperezdelacru/clio-core/context-runtime/src/scheduler/default_sched.cc:598 WARNING 2492821 operator() [#785] RESCUE: stalled worker 10 -> worker 12 (0 parked task(s) moved, 0 queued task(s) redistributed, rescues=125)[0m
[33m/home/cvazquezperezdelacru/clio-core/context-runtime/src/scheduler/default_sched.cc:455 WARNING 2492821 operator() [#781] worker 11 STALLED on one task (load_us=0 realtime_load_us=3.65745e+06 threshold_s=1)[0m
[33m/home/cvazquezperezdelacru/clio-core/context-runtime/src/worker.cc:370 WARNING 2492821 AdoptLane [#785] worker 11 adopted lane 0x7f0ac9f45a28[0m
[33m/home/cvazquezperezdelacru/clio-core/context-runtime/src/scheduler/default_sched.cc:598 WARNING 2492821 operator() [#785] RESCUE: stalled worker 11 -> worker 12 (0 parked task(s) moved, 0 queued task(s) redistributed, rescues=126)[0m
[33m/home/cvazquezperezdelacru/clio-core/context-runtime/src/scheduler/default_sched.cc:785 WARNING 2492821 LoadBalance [#781] ALL 5 compute workers stalled — runtime cannot place new tasks; elastic SpawnAdditionalWorker() needed (follow-up)[0m
[97m/home/cvazquezperezdelacru/clio-core/context-runtime/src/ipc_manager.cc:2440 INFO 2493068 IncreaseClientShm IpcManager::IncreaseClientShm: Creating clio_2492792_185 with size 124886912 (91332480 + 33554432 overhead)[0m
[97m/home/cvazquezperezdelacru/clio-core/context-runtime/src/ipc_manager.cc:2485 INFO 2493068 IncreaseClientShm IpcManager::IncreaseClientShm: Created allocator clio_2492792_185 with ID (2492792.185)[0m
[97m/home/cvazquezperezdelacru/clio-core/context-runtime/src/ipc_manager.cc:2440 INFO 2492815 IncreaseClientShm IpcManager::IncreaseClientShm: Creating clio_2492792_186 with size 123999008 (90444576 + 33554432 overhead)[0m
[97m/home/cvazquezperezdelacru/clio-core/context-runtime/src/ipc_manager.cc:2485 INFO 2492815 IncreaseClientShm IpcManager::IncreaseClientShm: Created allocator clio_2492792_186 with ID (2492792.186)[0m
[97m/home/cvazquezperezdelacru/clio-core/context-runtime/src/ipc_manager.cc:2440 INFO 2492815 IncreaseClientShm IpcManager::IncreaseClientShm: Creating clio_2492792_187 with size 126385808 (92831376 + 33554432 overhead)[0m
[97m/home/cvazquezperezdelacru/clio-core/context-runtime/src/ipc_manager.cc:2485 INFO 2492815 IncreaseClientShm IpcManager::IncreaseClientShm: Created allocator clio_2492792_187 with ID (2492792.187)[0m
[97m/home/cvazquezperezdelacru/clio-core/context-runtime/src/ipc_manager.cc:2440 INFO 2493078 IncreaseClientShm IpcManager::IncreaseClientShm: Creating clio_2492792_188 with size 128027712 (94473280 + 33554432 overhead)[0m
[97m/home/cvazquezperezdelacru/clio-core/context-runtime/src/ipc_manager.cc:2485 INFO 2493078 IncreaseClientShm IpcManager::IncreaseClientShm: Created allocator clio_2492792_188 with ID (2492792.188)[0m
[97m/home/cvazquezperezdelacru/clio-core/context-runtime/src/ipc_manager.cc:2440 INFO 2492816 IncreaseClientShm IpcManager::IncreaseClientShm: Creating clio_2492792_189 with size 124569712 (91015280 + 33554432 overhead)[0m
[97m/home/cvazquezperezdelacru/clio-core/context-runtime/src/ipc_manager.cc:2485 INFO 2492816 IncreaseClientShm IpcManager::IncreaseClientShm: Created allocator clio_2492792_189 with ID (2492792.189)[0m
[97m/home/cvazquezperezdelacru/clio-core/context-runtime/src/ipc_manager.cc:2440 INFO 2492815 IncreaseClientShm IpcManager::IncreaseClientShm: Creating clio_2492792_190 with size 125401712 (91847280 + 33554432 overhead)[0m
[97m/home/cvazquezperezdelacru/clio-core/context-runtime/src/ipc_manager.cc:2485 INFO 2492815 IncreaseClientShm IpcManager::IncreaseClientShm: Created allocator clio_2492792_190 with ID (2492792.190)[0m
[31m/home/cvazquezperezdelacru/clio-core/context-runtime/src/scheduler/default_sched.cc:726 ERROR 2492821 LoadBalance [HANGWATCH-HB] processed=12364 outstanding=1 (queued=1 blocked=0 retry=0 periodic=6) live=8 live_stalled=8[0m
[33m/home/cvazquezperezdelacru/clio-core/context-runtime/src/scheduler/default_sched.cc:455 WARNING 2492821 operator() [#781] worker 1 STALLED on one task (load_us=0 realtime_load_us=5.36231e+06 threshold_s=1)[0m
[33m/home/cvazquezperezdelacru/clio-core/context-runtime/src/worker.cc:370 WARNING 2492821 AdoptLane [#785] worker 1 adopted lane 0x7f0ac9f452a8[0m
[33m/home/cvazquezperezdelacru/clio-core/context-runtime/src/scheduler/default_sched.cc:598 WARNING 2492821 operator() [#785] RESCUE: stalled worker 1 -> worker 12 (0 parked task(s) moved, 0 queued task(s) redistributed, rescues=127)[0m
[33m/home/cvazquezperezdelacru/clio-core/context-runtime/src/scheduler/default_sched.cc:455 WARNING 2492821 operator() [#781] worker 2 STALLED on one task (load_us=0 realtime_load_us=5.36112e+06 threshold_s=1)[0m
[33m/home/cvazquezperezdelacru/clio-core/context-runtime/src/worker.cc:370 WARNING 2492821 AdoptLane [#785] worker 2 adopted lane 0x7f0ac9f45368[0m
[33m/home/cvazquezperezdelacru/clio-core/context-runtime/src/scheduler/default_sched.cc:598 WARNING 2492821 operator() [#785] RESCUE: stalled worker 2 -> worker 12 (0 parked task(s) moved, 1 queued task(s) redistributed, rescues=128)[0m
[33m/home/cvazquezperezdelacru/clio-core/context-runtime/src/scheduler/default_sched.cc:455 WARNING 2492821 operator() [#781] worker 3 STALLED on one task (load_us=0 realtime_load_us=5.36625e+06 threshold_s=1)[0m
[33m/home/cvazquezperezdelacru/clio-core/context-runtime/src/worker.cc:370 WARNING 2492821 AdoptLane [#785] worker 3 adopted lane 0x7f0ac9f45428[0m
[33m/home/cvazquezperezdelacru/clio-core/context-runtime/src/scheduler/default_sched.cc:598 WARNING 2492821 operator() [#785] RESCUE: stalled worker 3 -> worker 12 (0 parked task(s) moved, 0 queued task(s) redistributed, rescues=129)[0m
[33m/home/cvazquezperezdelacru/clio-core/context-runtime/src/scheduler/default_sched.cc:455 WARNING 2492821 operator() [#781] worker 4 STALLED on one task (load_us=0 realtime_load_us=5.36475e+06 threshold_s=1)[0m
[33m/home/cvazquezperezdelacru/clio-core/context-runtime/src/worker.cc:370 WARNING 2492821 AdoptLane [#785] worker 4 adopted lane 0x7f0ac9f454e8[0m
[33m/home/cvazquezperezdelacru/clio-core/context-runtime/src/scheduler/default_sched.cc:598 WARNING 2492821 operator() [#785] RESCUE: stalled worker 4 -> worker 12 (0 parked task(s) moved, 0 queued task(s) redistributed, rescues=130)[0m
[33m/home/cvazquezperezdelacru/clio-core/context-runtime/src/scheduler/default_sched.cc:455 WARNING 2492821 operator() [#781] worker 8 STALLED on one task (load_us=0 realtime_load_us=4.16397e+06 threshold_s=1)[0m
[33m/home/cvazquezperezdelacru/clio-core/context-runtime/src/worker.cc:370 WARNING 2492821 AdoptLane [#785] worker 8 adopted lane 0x7f0ac9f457e8[0m
[33m/home/cvazquezperezdelacru/clio-core/context-runtime/src/scheduler/default_sched.cc:598 WARNING 2492821 operator() [#785] RESCUE: stalled worker 8 -> worker 12 (0 parked task(s) moved, 0 queued task(s) redistributed, rescues=131)[0m
[33m/home/cvazquezperezdelacru/clio-core/context-runtime/src/scheduler/default_sched.cc:455 WARNING 2492821 operator() [#781] worker 9 STALLED on one task (load_us=0 realtime_load_us=4.16341e+06 threshold_s=1)[0m
[33m/home/cvazquezperezdelacru/clio-core/context-runtime/src/worker.cc:370 WARNING 2492821 AdoptLane [#785] worker 9 adopted lane 0x7f0ac9f458a8[0m
[33m/home/cvazquezperezdelacru/clio-core/context-runtime/src/scheduler/default_sched.cc:598 WARNING 2492821 operator() [#785] RESCUE: stalled worker 9 -> worker 12 (0 parked task(s) moved, 0 queued task(s) redistributed, rescues=132)[0m
[33m/home/cvazquezperezdelacru/clio-core/context-runtime/src/scheduler/default_sched.cc:455 WARNING 2492821 operator() [#781] worker 10 STALLED on one task (load_us=0 realtime_load_us=4.16289e+06 threshold_s=1)[0m
[33m/home/cvazquezperezdelacru/clio-core/context-runtime/src/worker.cc:370 WARNING 2492821 AdoptLane [#785] worker 10 adopted lane 0x7f0ac9f45968[0m
[33m/home/cvazquezperezdelacru/clio-core/context-runtime/src/scheduler/default_sched.cc:598 WARNING 2492821 operator() [#785] RESCUE: stalled worker 10 -> worker 12 (0 parked task(s) moved, 0 queued task(s) redistributed, rescues=133)[0m
[33m/home/cvazquezperezdelacru/clio-core/context-runtime/src/scheduler/default_sched.cc:455 WARNING 2492821 operator() [#781] worker 11 STALLED on one task (load_us=0 realtime_load_us=4.16227e+06 threshold_s=1)[0m
[33m/home/cvazquezperezdelacru/clio-core/context-runtime/src/worker.cc:370 WARNING 2492821 AdoptLane [#785] worker 11 adopted lane 0x7f0ac9f45a28[0m
[33m/home/cvazquezperezdelacru/clio-core/context-runtime/src/scheduler/default_sched.cc:598 WARNING 2492821 operator() [#785] RESCUE: stalled worker 11 -> worker 12 (0 parked task(s) moved, 0 queued task(s) redistributed, rescues=134)[0m
[33m/home/cvazquezperezdelacru/clio-core/context-runtime/src/scheduler/default_sched.cc:785 WARNING 2492821 LoadBalance [#781] ALL 5 compute workers stalled — runtime cannot place new tasks; elastic SpawnAdditionalWorker() needed (follow-up)[0m
[97m/home/cvazquezperezdelacru/clio-core/context-runtime/src/ipc_manager.cc:2440 INFO 2492814 IncreaseClientShm IpcManager::IncreaseClientShm: Creating clio_2492792_191 with size 126121912 (92567480 + 33554432 overhead)[0m
[97m/home/cvazquezperezdelacru/clio-core/context-runtime/src/ipc_manager.cc:2485 INFO 2492814 IncreaseClientShm IpcManager::IncreaseClientShm: Created allocator clio_2492792_191 with ID (2492792.191)[0m
[97m/home/cvazquezperezdelacru/clio-core/context-runtime/src/ipc_manager.cc:2440 INFO 2493078 IncreaseClientShm IpcManager::IncreaseClientShm: Creating clio_2492792_192 with size 124377312 (90822880 + 33554432 overhead)[0m
[97m/home/cvazquezperezdelacru/clio-core/context-runtime/src/ipc_manager.cc:2485 INFO 2493078 IncreaseClientShm IpcManager::IncreaseClientShm: Created allocator clio_2492792_192 with ID (2492792.192)[0m
[97m/home/cvazquezperezdelacru/clio-core/context-runtime/src/ipc_manager.cc:2440 INFO 2492816 IncreaseClientShm IpcManager::IncreaseClientShm: Creating clio_2492792_193 with size 124719216 (91164784 + 33554432 overhead)[0m
[97m/home/cvazquezperezdelacru/clio-core/context-runtime/src/ipc_manager.cc:2485 INFO 2492816 IncreaseClientShm IpcManager::IncreaseClientShm: Created allocator clio_2492792_193 with ID (2492792.193)[0m
[33m/home/cvazquezperezdelacru/clio-core/context-runtime/src/scheduler/default_sched.cc:455 WARNING 2492821 operator() [#781] worker 8 STALLED on one task (load_us=0 realtime_load_us=4.66842e+06 threshold_s=1)[0m
[33m/home/cvazquezperezdelacru/clio-core/context-runtime/src/worker.cc:370 WARNING 2492821 AdoptLane [#785] worker 8 adopted lane 0x7f0ac9f457e8[0m
[33m/home/cvazquezperezdelacru/clio-core/context-runtime/src/scheduler/default_sched.cc:598 WARNING 2492821 operator() [#785] RESCUE: stalled worker 8 -> worker 12 (0 parked task(s) moved, 0 queued task(s) redistributed, rescues=135)[0m
[33m/home/cvazquezperezdelacru/clio-core/context-runtime/src/scheduler/default_sched.cc:455 WARNING 2492821 operator() [#781] worker 9 STALLED on one task (load_us=0 realtime_load_us=4.66786e+06 threshold_s=1)[0m
[33m/home/cvazquezperezdelacru/clio-core/context-runtime/src/worker.cc:370 WARNING 2492821 AdoptLane [#785] worker 9 adopted lane 0x7f0ac9f458a8[0m
[33m/home/cvazquezperezdelacru/clio-core/context-runtime/src/scheduler/default_sched.cc:598 WARNING 2492821 operator() [#785] RESCUE: stalled worker 9 -> worker 12 (0 parked task(s) moved, 0 queued task(s) redistributed, rescues=136)[0m
[33m/home/cvazquezperezdelacru/clio-core/context-runtime/src/scheduler/default_sched.cc:455 WARNING 2492821 operator() [#781] worker 10 STALLED on one task (load_us=0 realtime_load_us=4.66735e+06 threshold_s=1)[0m
[33m/home/cvazquezperezdelacru/clio-core/context-runtime/src/worker.cc:370 WARNING 2492821 AdoptLane [#785] worker 10 adopted lane 0x7f0ac9f45968[0m
[33m/home/cvazquezperezdelacru/clio-core/context-runtime/src/scheduler/default_sched.cc:598 WARNING 2492821 operator() [#785] RESCUE: stalled worker 10 -> worker 12 (0 parked task(s) moved, 0 queued task(s) redistributed, rescues=137)[0m
[33m/home/cvazquezperezdelacru/clio-core/context-runtime/src/scheduler/default_sched.cc:455 WARNING 2492821 operator() [#781] worker 11 STALLED on one task (load_us=0 realtime_load_us=4.66672e+06 threshold_s=1)[0m
[33m/home/cvazquezperezdelacru/clio-core/context-runtime/src/worker.cc:370 WARNING 2492821 AdoptLane [#785] worker 11 adopted lane 0x7f0ac9f45a28[0m
[33m/home/cvazquezperezdelacru/clio-core/context-runtime/src/scheduler/default_sched.cc:598 WARNING 2492821 operator() [#785] RESCUE: stalled worker 11 -> worker 12 (0 parked task(s) moved, 0 queued task(s) redistributed, rescues=138)[0m
[97m/home/cvazquezperezdelacru/clio-core/context-runtime/src/ipc_manager.cc:2440 INFO 2492995 IncreaseClientShm IpcManager::IncreaseClientShm: Creating clio_2492792_194 with size 126227216 (92672784 + 33554432 overhead)[0m
[97m/home/cvazquezperezdelacru/clio-core/context-runtime/src/ipc_manager.cc:2485 INFO 2492995 IncreaseClientShm IpcManager::IncreaseClientShm: Created allocator clio_2492792_194 with ID (2492792.194)[0m
[97m/home/cvazquezperezdelacru/clio-core/context-runtime/src/ipc_manager.cc:2440 INFO 2492995 IncreaseClientShm IpcManager::IncreaseClientShm: Creating clio_2492792_195 with size 124563216 (91008784 + 33554432 overhead)[0m
[97m/home/cvazquezperezdelacru/clio-core/context-runtime/src/ipc_manager.cc:2485 INFO 2492995 IncreaseClientShm IpcManager::IncreaseClientShm: Created allocator clio_2492792_195 with ID (2492792.195)[0m
[97m/home/cvazquezperezdelacru/clio-core/context-runtime/src/ipc_manager.cc:2440 INFO 2493087 IncreaseClientShm IpcManager::IncreaseClientShm: Creating clio_2492792_196 with size 128298112 (94743680 + 33554432 overhead)[0m
[97m/home/cvazquezperezdelacru/clio-core/context-runtime/src/ipc_manager.cc:2485 INFO 2493087 IncreaseClientShm IpcManager::IncreaseClientShm: Created allocator clio_2492792_196 with ID (2492792.196)[0m
[97m/home/cvazquezperezdelacru/clio-core/context-runtime/src/ipc_manager.cc:2440 INFO 2492995 IncreaseClientShm IpcManager::IncreaseClientShm: Creating clio_2492792_197 with size 126495008 (92940576 + 33554432 overhead)[0m
[97m/home/cvazquezperezdelacru/clio-core/context-runtime/src/ipc_manager.cc:2485 INFO 2492995 IncreaseClientShm IpcManager::IncreaseClientShm: Created allocator clio_2492792_197 with ID (2492792.197)[0m
[33m/home/cvazquezperezdelacru/clio-core/context-runtime/src/scheduler/default_sched.cc:455 WARNING 2492821 operator() [#781] worker 8 STALLED on one task (load_us=0 realtime_load_us=5.1704e+06 threshold_s=1)[0m
[33m/home/cvazquezperezdelacru/clio-core/context-runtime/src/worker.cc:370 WARNING 2492821 AdoptLane [#785] worker 8 adopted lane 0x7f0ac9f457e8[0m
[33m/home/cvazquezperezdelacru/clio-core/context-runtime/src/scheduler/default_sched.cc:598 WARNING 2492821 operator() [#785] RESCUE: stalled worker 8 -> worker 12 (0 parked task(s) moved, 0 queued task(s) redistributed, rescues=139)[0m
[33m/home/cvazquezperezdelacru/clio-core/context-runtime/src/scheduler/default_sched.cc:455 WARNING 2492821 operator() [#781] worker 9 STALLED on one task (load_us=0 realtime_load_us=5.16984e+06 threshold_s=1)[0m
[33m/home/cvazquezperezdelacru/clio-core/context-runtime/src/worker.cc:370 WARNING 2492821 AdoptLane [#785] worker 9 adopted lane 0x7f0ac9f458a8[0m
[33m/home/cvazquezperezdelacru/clio-core/context-runtime/src/scheduler/default_sched.cc:598 WARNING 2492821 operator() [#785] RESCUE: stalled worker 9 -> worker 12 (0 parked task(s) moved, 0 queued task(s) redistributed, rescues=140)[0m
[33m/home/cvazquezperezdelacru/clio-core/context-runtime/src/scheduler/default_sched.cc:455 WARNING 2492821 operator() [#781] worker 10 STALLED on one task (load_us=0 realtime_load_us=5.16933e+06 threshold_s=1)[0m
[33m/home/cvazquezperezdelacru/clio-core/context-runtime/src/worker.cc:370 WARNING 2492821 AdoptLane [#785] worker 10 adopted lane 0x7f0ac9f45968[0m
[33m/home/cvazquezperezdelacru/clio-core/context-runtime/src/scheduler/default_sched.cc:598 WARNING 2492821 operator() [#785] RESCUE: stalled worker 10 -> worker 12 (0 parked task(s) moved, 0 queued task(s) redistributed, rescues=141)[0m
[33m/home/cvazquezperezdelacru/clio-core/context-runtime/src/scheduler/default_sched.cc:455 WARNING 2492821 operator() [#781] worker 11 STALLED on one task (load_us=0 realtime_load_us=5.1687e+06 threshold_s=1)[0m
[33m/home/cvazquezperezdelacru/clio-core/context-runtime/src/worker.cc:370 WARNING 2492821 AdoptLane [#785] worker 11 adopted lane 0x7f0ac9f45a28[0m
[33m/home/cvazquezperezdelacru/clio-core/context-runtime/src/scheduler/default_sched.cc:598 WARNING 2492821 operator() [#785] RESCUE: stalled worker 11 -> worker 12 (0 parked task(s) moved, 0 queued task(s) redistributed, rescues=142)[0m
[97m/home/cvazquezperezdelacru/clio-core/context-runtime/src/ipc_manager.cc:2440 INFO 2493078 IncreaseClientShm IpcManager::IncreaseClientShm: Creating clio_2492792_198 with size 127186608 (93632176 + 33554432 overhead)[0m
[97m/home/cvazquezperezdelacru/clio-core/context-runtime/src/ipc_manager.cc:2485 INFO 2493078 IncreaseClientShm IpcManager::IncreaseClientShm: Created allocator clio_2492792_198 with ID (2492792.198)[0m
[97m/home/cvazquezperezdelacru/clio-core/context-runtime/src/ipc_manager.cc:2440 INFO 2493078 IncreaseClientShm IpcManager::IncreaseClientShm: Creating clio_2492792_199 with size 129096312 (95541880 + 33554432 overhead)[0m
[97m/home/cvazquezperezdelacru/clio-core/context-runtime/src/ipc_manager.cc:2485 INFO 2493078 IncreaseClientShm IpcManager::IncreaseClientShm: Created allocator clio_2492792_199 with ID (2492792.199)[0m
[97m/home/cvazquezperezdelacru/clio-core/context-runtime/src/ipc_manager.cc:2440 INFO 2493087 IncreaseClientShm IpcManager::IncreaseClientShm: Creating clio_2492792_200 with size 132545216 (98990784 + 33554432 overhead)[0m
[97m/home/cvazquezperezdelacru/clio-core/context-runtime/src/ipc_manager.cc:2485 INFO 2493087 IncreaseClientShm IpcManager::IncreaseClientShm: Created allocator clio_2492792_200 with ID (2492792.200)[0m
[97m/home/cvazquezperezdelacru/clio-core/context-runtime/src/ipc_manager.cc:2440 INFO 2493068 IncreaseClientShm IpcManager::IncreaseClientShm: Creating clio_2492792_201 with size 132545216 (98990784 + 33554432 overhead)[0m
[97m/home/cvazquezperezdelacru/clio-core/context-runtime/src/ipc_manager.cc:2485 INFO 2493068 IncreaseClientShm IpcManager::IncreaseClientShm: Created allocator clio_2492792_201 with ID (2492792.201)[0m
[97m/home/cvazquezperezdelacru/clio-core/context-runtime/src/ipc_manager.cc:2440 INFO 2492995 IncreaseClientShm IpcManager::IncreaseClientShm: Creating clio_2492792_202 with size 126784912 (93230480 + 33554432 overhead)[0m
[97m/home/cvazquezperezdelacru/clio-core/context-runtime/src/ipc_manager.cc:2485 INFO 2492995 IncreaseClientShm IpcManager::IncreaseClientShm: Created allocator clio_2492792_202 with ID (2492792.202)[0m
[33m/home/cvazquezperezdelacru/clio-core/context-runtime/src/scheduler/default_sched.cc:455 WARNING 2492821 operator() [#781] worker 8 STALLED on one task (load_us=0 realtime_load_us=5.67239e+06 threshold_s=1)[0m
[33m/home/cvazquezperezdelacru/clio-core/context-runtime/src/worker.cc:370 WARNING 2492821 AdoptLane [#785] worker 8 adopted lane 0x7f0ac9f457e8[0m
[33m/home/cvazquezperezdelacru/clio-core/context-runtime/src/scheduler/default_sched.cc:598 WARNING 2492821 operator() [#785] RESCUE: stalled worker 8 -> worker 12 (0 parked task(s) moved, 0 queued task(s) redistributed, rescues=143)[0m
[33m/home/cvazquezperezdelacru/clio-core/context-runtime/src/scheduler/default_sched.cc:455 WARNING 2492821 operator() [#781] worker 9 STALLED on one task (load_us=0 realtime_load_us=5.67183e+06 threshold_s=1)[0m
[33m/home/cvazquezperezdelacru/clio-core/context-runtime/src/worker.cc:370 WARNING 2492821 AdoptLane [#785] worker 9 adopted lane 0x7f0ac9f458a8[0m
[33m/home/cvazquezperezdelacru/clio-core/context-runtime/src/scheduler/default_sched.cc:598 WARNING 2492821 operator() [#785] RESCUE: stalled worker 9 -> worker 12 (0 parked task(s) moved, 0 queued task(s) redistributed, rescues=144)[0m
[33m/home/cvazquezperezdelacru/clio-core/context-runtime/src/scheduler/default_sched.cc:455 WARNING 2492821 operator() [#781] worker 10 STALLED on one task (load_us=0 realtime_load_us=5.67131e+06 threshold_s=1)[0m
[33m/home/cvazquezperezdelacru/clio-core/context-runtime/src/worker.cc:370 WARNING 2492821 AdoptLane [#785] worker 10 adopted lane 0x7f0ac9f45968[0m
[33m/home/cvazquezperezdelacru/clio-core/context-runtime/src/scheduler/default_sched.cc:598 WARNING 2492821 operator() [#785] RESCUE: stalled worker 10 -> worker 12 (0 parked task(s) moved, 0 queued task(s) redistributed, rescues=145)[0m
[33m/home/cvazquezperezdelacru/clio-core/context-runtime/src/scheduler/default_sched.cc:455 WARNING 2492821 operator() [#781] worker 11 STALLED on one task (load_us=0 realtime_load_us=5.67069e+06 threshold_s=1)[0m
[33m/home/cvazquezperezdelacru/clio-core/context-runtime/src/worker.cc:370 WARNING 2492821 AdoptLane [#785] worker 11 adopted lane 0x7f0ac9f45a28[0m
[33m/home/cvazquezperezdelacru/clio-core/context-runtime/src/scheduler/default_sched.cc:598 WARNING 2492821 operator() [#785] RESCUE: stalled worker 11 -> worker 12 (0 parked task(s) moved, 0 queued task(s) redistributed, rescues=146)[0m
[97m/home/cvazquezperezdelacru/clio-core/context-runtime/src/ipc_manager.cc:2440 INFO 2493068 IncreaseClientShm IpcManager::IncreaseClientShm: Creating clio_2492792_203 with size 125089712 (91535280 + 33554432 overhead)[0m
[97m/home/cvazquezperezdelacru/clio-core/context-runtime/src/ipc_manager.cc:2485 INFO 2493068 IncreaseClientShm IpcManager::IncreaseClientShm: Created allocator clio_2492792_203 with ID (2492792.203)[0m
[97m/home/cvazquezperezdelacru/clio-core/context-runtime/src/ipc_manager.cc:2440 INFO 2493068 IncreaseClientShm IpcManager::IncreaseClientShm: Creating clio_2492792_204 with size 125401712 (91847280 + 33554432 overhead)[0m
[97m/home/cvazquezperezdelacru/clio-core/context-runtime/src/ipc_manager.cc:2485 INFO 2493068 IncreaseClientShm IpcManager::IncreaseClientShm: Created allocator clio_2492792_204 with ID (2492792.204)[0m
[97m/home/cvazquezperezdelacru/clio-core/context-runtime/src/ipc_manager.cc:2440 INFO 2493078 IncreaseClientShm IpcManager::IncreaseClientShm: Creating clio_2492792_205 with size 124416312 (90861880 + 33554432 overhead)[0m
[97m/home/cvazquezperezdelacru/clio-core/context-runtime/src/ipc_manager.cc:2485 INFO 2493078 IncreaseClientShm IpcManager::IncreaseClientShm: Created allocator clio_2492792_205 with ID (2492792.205)[0m
[97m/home/cvazquezperezdelacru/clio-core/context-runtime/src/ipc_manager.cc:2440 INFO 2492995 IncreaseClientShm IpcManager::IncreaseClientShm: Creating clio_2492792_206 with size 124719216 (91164784 + 33554432 overhead)[0m
[97m/home/cvazquezperezdelacru/clio-core/context-runtime/src/ipc_manager.cc:2485 INFO 2492995 IncreaseClientShm IpcManager::IncreaseClientShm: Created allocator clio_2492792_206 with ID (2492792.206)[0m
[97m/home/cvazquezperezdelacru/clio-core/context-runtime/src/pool_manager.cc:431 INFO 2492792 DestroyLocalPool PoolManager: Destroyed local pool PoolId(major:1, minor:0)[0m
[31m/home/cvazquezperezdelacru/clio-core/context-runtime/src/ipc_manager.cc:3849 ERROR 2492820 RouteTask RouteTask: RouteLocal returned 4 for pool=PoolId(major:1, minor:0) method=21, worker=7[0m
[31m/home/cvazquezperezdelacru/clio-core/context-runtime/src/ipc_manager.cc:3849 ERROR 2492820 RouteTask RouteTask: RouteLocal returned 4 for pool=PoolId(major:1, minor:0) method=21, worker=7[0m
[31m/home/cvazquezperezdelacru/clio-core/context-runtime/src/ipc_manager.cc:3849 ERROR 2492819 RouteTask RouteTask: RouteLocal returned 4 for pool=PoolId(major:1, minor:0) method=14, worker=6[0m
[31m/home/cvazquezperezdelacru/clio-core/context-runtime/src/ipc_manager.cc:3849 ERROR 2492819 RouteTask RouteTask: RouteLocal returned 4 for pool=PoolId(major:1, minor:0) method=14, worker=6[0m
