[97m/home/cvazquezperezdelacru/clio-core/context-runtime/src/config_manager.cc:144 INFO 2495140 ClientInit Config at: /mnt/common/cvazquezperezdelacru/IOWARP/faiss/contrib/iowarp/benchmarks/results/ares_cte_rendered_20260729_135058.yaml[0m
[97m/home/cvazquezperezdelacru/clio-core/context-runtime/src/ipc_manager.cc:2865 INFO 2495140 ClearUserIpcs ClearUserIpcs: Removed 200 memfd symlinks from previous runs[0m
[33m/home/cvazquezperezdelacru/clio-core/context-runtime/src/ipc_manager.cc:906 WARNING 2495140 ServerInitShm Main segment: requested 50079715328 bytes exceeds half the memory budget (50079715328 bytes); clamping to 25039857664 bytes[0m
[97m/home/cvazquezperezdelacru/clio-core/context-runtime/src/ipc_manager.cc:931 INFO 2495140 ServerInitShm Initializing main shared memory segment: 25039857664 bytes (23879 MB)[0m
[97m/home/cvazquezperezdelacru/clio-core/context-runtime/src/ipc_manager.cc:952 INFO 2495140 ServerInitShm Initializing queue shared memory segment: 646224224 bytes (631078 KB)[0m
[33m/home/cvazquezperezdelacru/clio-core/context-runtime/src/ipc_manager.cc:1005 WARNING 2495140 ServerInitShm Metadata segment: requested 50079715328 bytes exceeds half the memory budget (50079715328 bytes); clamping to 25039857664 bytes[0m
[97m/home/cvazquezperezdelacru/clio-core/context-runtime/src/ipc_manager.cc:1039 INFO 2495140 ServerInitShm Initializing metadata shared memory segment: 25039857664 bytes (23879 MB), sparse/not pre-faulted[0m
[97m/home/cvazquezperezdelacru/clio-core/context-runtime/src/ipc_manager.cc:865 INFO 2495140 ExcludeFromCoreDump metadata segment: excluded 25039857664 bytes from core dumps[0m
[97m/home/cvazquezperezdelacru/clio-core/context-runtime/src/ipc_manager.cc:1072 INFO 2495140 ServerInitShm ServerInitShm: metadata directory at offset 68072[0m
[97m/home/cvazquezperezdelacru/clio-core/context-runtime/src/ipc_manager.cc:1127 INFO 2495140 ServerInitShm ServerInitShm: 8 inbound SHM ring(s) 'clio-2495140-shm-in-0..7' (16MB each)[0m
[97m/home/cvazquezperezdelacru/clio-core/context-runtime/src/ipc_manager.cc:1269 INFO 2495140 ServerInitQueues Initializing 16 worker queues with depth 1024 (last worker serves dual role)[0m
[97m/home/cvazquezperezdelacru/clio-core/context-runtime/src/ipc_manager.cc:1933 INFO 2495140 IdentifyThisHost SUCCESS: Main server started on 0.0.0.0:9413 (advertised as 0.0.0.0, node=0)[0m
[97m/home/cvazquezperezdelacru/clio-core/context-runtime/src/ipc_manager.cc:561 INFO 2495140 ServerInit IpcManager: TCP ROUTER transport bound on 0.0.0.0:9416[0m
[97m/home/cvazquezperezdelacru/clio-core/context-runtime/src/ipc_manager.cc:579 INFO 2495140 ServerInit IpcManager: IPC lightbeam server bound on /tmp/clio_cvazquezperezdelacru/clio_9413.ipc[0m
[97m/home/cvazquezperezdelacru/clio-core/context-runtime/src/module_manager.cc:137 INFO 2495140 LoadChiMod Loaded ChiMod: clio_MOD_NAME from /mnt/common/cvazquezperezdelacru/clio-core-dev-install/lib/libclio_MOD_NAME_runtime.so[0m
[97m/home/cvazquezperezdelacru/clio-core/context-runtime/src/module_manager.cc:137 INFO 2495140 LoadChiMod Loaded ChiMod: clio_admin from /mnt/common/cvazquezperezdelacru/clio-core-dev-install/lib/libclio_admin_runtime.so[0m
[97m/home/cvazquezperezdelacru/clio-core/context-runtime/src/module_manager.cc:137 INFO 2495140 LoadChiMod Loaded ChiMod: clio_bdev from /mnt/common/cvazquezperezdelacru/clio-core-dev-install/lib/libclio_bdev_runtime.so[0m
[97m/home/cvazquezperezdelacru/clio-core/context-runtime/src/module_manager.cc:137 INFO 2495140 LoadChiMod Loaded ChiMod: clio_safe_bdev from /mnt/common/cvazquezperezdelacru/clio-core-dev-install/lib/libclio_safe_bdev_runtime.so[0m
[97m/home/cvazquezperezdelacru/clio-core/context-runtime/src/module_manager.cc:137 INFO 2495140 LoadChiMod Loaded ChiMod: clio_cte_core from /mnt/common/cvazquezperezdelacru/clio-core-dev-install/lib/libclio_cte_core_runtime.so[0m
[97m/home/cvazquezperezdelacru/clio-core/context-runtime/src/module_manager.cc:137 INFO 2495140 LoadChiMod Loaded ChiMod: clio_cte_filesystem from /mnt/common/cvazquezperezdelacru/clio-core-dev-install/lib/libclio_cte_filesystem_runtime.so[0m
[97m/home/cvazquezperezdelacru/clio-core/context-runtime/src/module_manager.cc:137 INFO 2495140 LoadChiMod Loaded ChiMod: clio_faiss_ivf from /mnt/common/cvazquezperezdelacru/IOWARP/faiss/contrib/iowarp/build-dev/chimod/libclio_faiss_ivf_runtime.so[0m
[97m/home/cvazquezperezdelacru/clio-core/context-runtime/src/work_orchestrator.cc:94 INFO 2495140 Init Creating 8 workers (7 task + 1 dedicated network)[0m
[97m/home/cvazquezperezdelacru/clio-core/context-runtime/src/ipc_manager.cc:756 INFO 2495140 SetNumSchedQueues IpcManager: Updated num_sched_queues to 1[0m
[97m/home/cvazquezperezdelacru/clio-core/context-runtime/src/scheduler/default_sched.cc:139 INFO 2495140 DivideWorkers DefaultScheduler: 1 scheduler worker (0), 4 I/O workers, net_send_worker=6, net_recv_worker=7, gpu_worker=5[0m
[97m/home/cvazquezperezdelacru/clio-core/context-runtime/src/work_orchestrator.cc:271 INFO 2495140 SpawnWorkerThreads WorkOrchestrator: num_workers=8, num_lanes=16[0m
[97m/home/cvazquezperezdelacru/clio-core/context-runtime/src/work_orchestrator.cc:294 INFO 2495140 SpawnWorkerThreads WorkOrchestrator: Mapped worker 0 (ID 0) to lane 0[0m
[97m/home/cvazquezperezdelacru/clio-core/context-runtime/src/work_orchestrator.cc:294 INFO 2495140 SpawnWorkerThreads WorkOrchestrator: Mapped worker 1 (ID 1) to lane 1[0m
[97m/home/cvazquezperezdelacru/clio-core/context-runtime/src/work_orchestrator.cc:294 INFO 2495140 SpawnWorkerThreads WorkOrchestrator: Mapped worker 2 (ID 2) to lane 2[0m
[97m/home/cvazquezperezdelacru/clio-core/context-runtime/src/work_orchestrator.cc:294 INFO 2495140 SpawnWorkerThreads WorkOrchestrator: Mapped worker 3 (ID 3) to lane 3[0m
[97m/home/cvazquezperezdelacru/clio-core/context-runtime/src/work_orchestrator.cc:294 INFO 2495140 SpawnWorkerThreads WorkOrchestrator: Mapped worker 4 (ID 4) to lane 4[0m
[97m/home/cvazquezperezdelacru/clio-core/context-runtime/src/work_orchestrator.cc:294 INFO 2495140 SpawnWorkerThreads WorkOrchestrator: Mapped worker 5 (ID 5) to lane 5[0m
[97m/home/cvazquezperezdelacru/clio-core/context-runtime/src/work_orchestrator.cc:294 INFO 2495140 SpawnWorkerThreads WorkOrchestrator: Mapped worker 6 (ID 6) to lane 6[0m
[97m/home/cvazquezperezdelacru/clio-core/context-runtime/src/work_orchestrator.cc:294 INFO 2495140 SpawnWorkerThreads WorkOrchestrator: Mapped worker 7 (ID 7) to lane 7[0m
[97m/home/cvazquezperezdelacru/clio-core/context-runtime/src/pool_manager.cc:534 INFO 2495140 CreatePool PoolManager: Creating pool 'admin' with 1 containers (one per node)[0m
[33m/home/cvazquezperezdelacru/clio-core/context-runtime/modules/admin/include/clio_runtime/admin/admin_client.h:59 WARNING 2495140 Client AdminClient: Default constructor called - pool_id_ will be PoolId(0,0)[0m
[97m/home/cvazquezperezdelacru/clio-core/context-runtime/src/pool_manager.cc:615 INFO 2495140 CreatePool Creating container for pool PoolId(major:1, minor:0) on node 0 with container_id=0[0m
[97m/home/cvazquezperezdelacru/clio-core/context-runtime/src/pool_manager.cc:644 INFO 2495140 CreatePool Container initialized with pool ID PoolId(major:1, minor:0), name admin, and container ID 0[0m
[97m/home/cvazquezperezdelacru/clio-core/context-runtime/src/pool_manager.cc:663 INFO 2495140 CreatePool CreatePool: Running Create method for pool PoolId(major:1, minor:0)[0m
[97m/home/cvazquezperezdelacru/clio-core/context-runtime/src/ipc/ipc_run2run.cc:1105 INFO 2495170 operator() [PeerRecvThread] started[0m
[97m/home/cvazquezperezdelacru/clio-core/context-runtime/src/ipc/ipc_run2run.cc:1166 INFO 2495171 operator() [ClientRecvThread] started[0m
[97m/home/cvazquezperezdelacru/clio-core/context-runtime/src/pool_manager.cc:666 INFO 2495140 CreatePool CreatePool: Create method completed for pool PoolId(major:1, minor:0)[0m
[97m/home/cvazquezperezdelacru/clio-core/context-runtime/src/pool_manager.cc:700 INFO 2495140 CreatePool PoolManager: Created complete pool PoolId(major:1, minor:0) with ChiMod clio_admin (1 containers)[0m
[97m/home/cvazquezperezdelacru/clio-core/context-runtime/src/pool_manager.cc:125 INFO 2495140 ServerInit PoolManager: Admin chimod pool created successfully with PoolId PoolId(major:1, minor:0)[0m
[97m/home/cvazquezperezdelacru/clio-core/context-runtime/src/manager.cc:264 INFO 2495140 ServerInit Processing compose configuration with 3 pools[0m
[33m/home/cvazquezperezdelacru/clio-core/context-runtime/src/../modules/admin/include/clio_runtime/admin/admin_client.h:59 WARNING 2495140 Client AdminClient: Default constructor called - pool_id_ will be PoolId(0,0)[0m
[97m/home/cvazquezperezdelacru/clio-core/context-runtime/src/manager.cc:282 INFO 2495140 ServerInit Compose: Creating pool ram::chi_default_bdev (module: clio_bdev, restart: 0)[0m
[97m/home/cvazquezperezdelacru/clio-core/context-runtime/src/pool_manager.cc:534 INFO 2495165 CreatePool PoolManager: Creating pool 'ram::chi_default_bdev' with 1 containers (one per node)[0m
[97m/home/cvazquezperezdelacru/clio-core/context-runtime/src/pool_manager.cc:615 INFO 2495165 CreatePool Creating container for pool PoolId(major:301, minor:0) on node 0 with container_id=0[0m
[97m/home/cvazquezperezdelacru/clio-core/context-runtime/src/pool_manager.cc:644 INFO 2495165 CreatePool Container initialized with pool ID PoolId(major:301, minor:0), name ram::chi_default_bdev, and container ID 0[0m
[97m/home/cvazquezperezdelacru/clio-core/context-runtime/src/pool_manager.cc:663 INFO 2495165 CreatePool CreatePool: Running Create method for pool PoolId(major:301, minor:0)[0m
[97m/home/cvazquezperezdelacru/clio-core/context-runtime/modules/bdev/src/transports/mem_bdev_transport.cc:102 INFO 2495165 InitShmBacking [#783] RAM bdev 'clio_rambdev_2495140_301_0' is shared-memory backed (38655688704 of 38654705664 bytes mapped)[0m
[97m/home/cvazquezperezdelacru/clio-core/context-runtime/src/pool_manager.cc:666 INFO 2495165 CreatePool CreatePool: Create method completed for pool PoolId(major:301, minor:0)[0m
[97m/home/cvazquezperezdelacru/clio-core/context-runtime/src/pool_manager.cc:700 INFO 2495165 CreatePool PoolManager: Created complete pool PoolId(major:301, minor:0) with ChiMod clio_bdev (1 containers)[0m
[97m/home/cvazquezperezdelacru/clio-core/context-runtime/src/manager.cc:298 INFO 2495140 ServerInit Compose: Successfully created pool ram::chi_default_bdev (module: clio_bdev)[0m
[97m/home/cvazquezperezdelacru/clio-core/context-runtime/src/manager.cc:282 INFO 2495140 ServerInit Compose: Creating pool cte_main (module: clio_cte_core, restart: 0)[0m
[97m/home/cvazquezperezdelacru/clio-core/context-runtime/src/pool_manager.cc:534 INFO 2495162 CreatePool PoolManager: Creating pool 'cte_main' with 1 containers (one per node)[0m
[97m/home/cvazquezperezdelacru/clio-core/context-runtime/src/pool_manager.cc:615 INFO 2495162 CreatePool Creating container for pool PoolId(major:512, minor:0) on node 0 with container_id=0[0m
[97m/home/cvazquezperezdelacru/clio-core/context-runtime/src/pool_manager.cc:644 INFO 2495162 CreatePool Container initialized with pool ID PoolId(major:512, minor:0), name cte_main, and container ID 0[0m
[97m/home/cvazquezperezdelacru/clio-core/context-runtime/src/pool_manager.cc:663 INFO 2495162 CreatePool CreatePool: Running Create method for pool PoolId(major:512, minor:0)[0m
[97m/home/cvazquezperezdelacru/clio-core/context-transfer-engine/core/src/core_config.cc:618 INFO 2495162 ParseStorageConfig Parsed 2 storage devices[0m
[97m/home/cvazquezperezdelacru/clio-core/context-transfer-engine/core/src/core_config.cc:636 INFO 2495162 ParseDpeConfig Parsed DPE configuration: type=max_bw[0m
[97m/home/cvazquezperezdelacru/clio-core/context-transfer-engine/core/src/core_config.cc:111 INFO 2495162 LoadFromString Configuration loaded successfully from YAML string[0m
[97m/home/cvazquezperezdelacru/clio-core/context-transfer-engine/core/src/core_runtime.cc:545 INFO 2495162 Create CTE: shared-memory metadata cache enabled (tags=65536, blobs=262144, root_off=488)[0m
[97m/home/cvazquezperezdelacru/clio-core/context-runtime/src/pool_manager.cc:534 INFO 2495164 CreatePool PoolManager: Creating pool 'ram::cte_ram_tier_node0' with 1 containers (one per node)[0m
[97m/home/cvazquezperezdelacru/clio-core/context-runtime/src/pool_manager.cc:615 INFO 2495164 CreatePool Creating container for pool PoolId(major:512, minor:1) on node 0 with container_id=0[0m
[97m/home/cvazquezperezdelacru/clio-core/context-runtime/src/pool_manager.cc:644 INFO 2495164 CreatePool Container initialized with pool ID PoolId(major:512, minor:1), name ram::cte_ram_tier_node0, and container ID 0[0m
[97m/home/cvazquezperezdelacru/clio-core/context-runtime/src/pool_manager.cc:663 INFO 2495164 CreatePool CreatePool: Running Create method for pool PoolId(major:512, minor:1)[0m
[97m/home/cvazquezperezdelacru/clio-core/context-runtime/modules/bdev/src/transports/mem_bdev_transport.cc:102 INFO 2495164 InitShmBacking [#783] RAM bdev 'clio_rambdev_2495140_512_1' is shared-memory backed (32213237760 of 32212254720 bytes mapped)[0m
[97m/home/cvazquezperezdelacru/clio-core/context-runtime/src/pool_manager.cc:666 INFO 2495164 CreatePool CreatePool: Create method completed for pool PoolId(major:512, minor:1)[0m
[97m/home/cvazquezperezdelacru/clio-core/context-runtime/src/pool_manager.cc:700 INFO 2495164 CreatePool PoolManager: Created complete pool PoolId(major:512, minor:1) with ChiMod clio_bdev (1 containers)[0m
[97m/home/cvazquezperezdelacru/clio-core/context-runtime/src/pool_manager.cc:534 INFO 2495164 CreatePool PoolManager: Creating pool '/mnt/nvme/cvazquezperezdelacru/cte_tier_node0' with 1 containers (one per node)[0m
[97m/home/cvazquezperezdelacru/clio-core/context-runtime/src/pool_manager.cc:615 INFO 2495164 CreatePool Creating container for pool PoolId(major:513, minor:1) on node 0 with container_id=0[0m
[97m/home/cvazquezperezdelacru/clio-core/context-runtime/src/pool_manager.cc:644 INFO 2495164 CreatePool Container initialized with pool ID PoolId(major:513, minor:1), name /mnt/nvme/cvazquezperezdelacru/cte_tier_node0, and container ID 0[0m
[97m/home/cvazquezperezdelacru/clio-core/context-runtime/src/pool_manager.cc:663 INFO 2495164 CreatePool CreatePool: Running Create method for pool PoolId(major:513, minor:1)[0m
[97m/home/cvazquezperezdelacru/clio-core/context-runtime/src/pool_manager.cc:666 INFO 2495164 CreatePool CreatePool: Create method completed for pool PoolId(major:513, minor:1)[0m
[97m/home/cvazquezperezdelacru/clio-core/context-runtime/src/pool_manager.cc:700 INFO 2495164 CreatePool PoolManager: Created complete pool PoolId(major:513, minor:1) with ChiMod clio_bdev (1 containers)[0m
[97m/home/cvazquezperezdelacru/clio-core/context-transfer-engine/core/src/core_runtime.cc:663 INFO 2495162 Create CTE Core container created and initialized for pool: cte_main (ID: PoolId(major:512, minor:0))[0m
[97m/home/cvazquezperezdelacru/clio-core/context-transfer-engine/core/src/core_runtime.cc:667 INFO 2495162 Create Configuration: neighborhood=1, poll_period_ms=5000, stat_targets_period_ms=5000[0m
[97m/home/cvazquezperezdelacru/clio-core/context-transfer-engine/core/src/core_runtime.cc:709 INFO 2495162 Create Starting periodic StatTargets task with period 5000 ms[0m
[97m/home/cvazquezperezdelacru/clio-core/context-runtime/src/pool_manager.cc:666 INFO 2495162 CreatePool CreatePool: Create method completed for pool PoolId(major:512, minor:0)[0m
[97m/home/cvazquezperezdelacru/clio-core/context-runtime/src/pool_manager.cc:700 INFO 2495162 CreatePool PoolManager: Created complete pool PoolId(major:512, minor:0) with ChiMod clio_cte_core (1 containers)[0m
[97m/home/cvazquezperezdelacru/clio-core/context-runtime/src/manager.cc:298 INFO 2495140 ServerInit Compose: Successfully created pool cte_main (module: clio_cte_core)[0m
[97m/home/cvazquezperezdelacru/clio-core/context-runtime/src/manager.cc:282 INFO 2495140 ServerInit Compose: Creating pool faiss_ivf_main (module: clio_faiss_ivf, restart: 0)[0m
[97m/home/cvazquezperezdelacru/clio-core/context-runtime/src/pool_manager.cc:534 INFO 2495165 CreatePool PoolManager: Creating pool 'faiss_ivf_main' with 1 containers (one per node)[0m
[97m/home/cvazquezperezdelacru/clio-core/context-runtime/src/pool_manager.cc:615 INFO 2495165 CreatePool Creating container for pool PoolId(major:600, minor:0) on node 0 with container_id=0[0m
[97m/home/cvazquezperezdelacru/clio-core/context-runtime/src/pool_manager.cc:644 INFO 2495165 CreatePool Container initialized with pool ID PoolId(major:600, minor:0), name faiss_ivf_main, and container ID 0[0m
[97m/home/cvazquezperezdelacru/clio-core/context-runtime/src/pool_manager.cc:663 INFO 2495165 CreatePool CreatePool: Running Create method for pool PoolId(major:600, minor:0)[0m
[97m/home/cvazquezperezdelacru/clio-core/context-runtime/src/pool_manager.cc:666 INFO 2495165 CreatePool CreatePool: Create method completed for pool PoolId(major:600, minor:0)[0m
[97m/home/cvazquezperezdelacru/clio-core/context-runtime/src/pool_manager.cc:700 INFO 2495165 CreatePool PoolManager: Created complete pool PoolId(major:600, minor:0) with ChiMod clio_faiss_ivf (1 containers)[0m
[97m/home/cvazquezperezdelacru/clio-core/context-runtime/src/manager.cc:298 INFO 2495140 ServerInit Compose: Successfully created pool faiss_ivf_main (module: clio_faiss_ivf)[0m
[97m/home/cvazquezperezdelacru/clio-core/context-runtime/src/manager.cc:304 INFO 2495140 ServerInit Compose: All 3 pools created successfully[0m
[32m/home/cvazquezperezdelacru/clio-core/context-runtime/src/ipc_manager.cc:1368 SUCCESS 2495140 StartLocalServer Successfully started local server at 127.0.0.1:9414[0m
[97m/home/cvazquezperezdelacru/clio-core/context-runtime/src/manager.cc:137 INFO 2495140 ClientInit RuntimeManager::ClientInit[0m
[97m/home/cvazquezperezdelacru/clio-core/context-runtime/src/manager.cc:181 INFO 2495140 ClientInit ClientInit: g_admin already exists, pool_id_=PoolId(major:0, minor:0)[0m
[33m/home/cvazquezperezdelacru/clio-core/context-runtime/src/scheduler/default_sched.cc:430 WARNING 2495169 LoadBalance [#781 PDF] observed exec-time bins (cumulative): <10us=60498 <50us=230 <500us=10 <10ms=7 <50ms=0 <500ms=2 <1s=0 >=1s=0 | stalls_detected=0[0m
[33m/home/cvazquezperezdelacru/clio-core/context-runtime/src/scheduler/default_sched.cc:439 WARNING 2495169 LoadBalance [#785] lane rescues performed: 0[0m
[33m/home/cvazquezperezdelacru/clio-core/context-runtime/src/scheduler/default_sched.cc:430 WARNING 2495169 LoadBalance [#781 PDF] observed exec-time bins (cumulative): <10us=127711 <50us=427 <500us=17 <10ms=8 <50ms=0 <500ms=2 <1s=0 >=1s=0 | stalls_detected=0[0m
[33m/home/cvazquezperezdelacru/clio-core/context-runtime/src/scheduler/default_sched.cc:439 WARNING 2495169 LoadBalance [#785] lane rescues performed: 0[0m
[33m/home/cvazquezperezdelacru/clio-core/context-runtime/src/scheduler/default_sched.cc:430 WARNING 2495169 LoadBalance [#781 PDF] observed exec-time bins (cumulative): <10us=194832 <50us=634 <500us=26 <10ms=10 <50ms=0 <500ms=2 <1s=0 >=1s=0 | stalls_detected=0[0m
[33m/home/cvazquezperezdelacru/clio-core/context-runtime/src/scheduler/default_sched.cc:439 WARNING 2495169 LoadBalance [#785] lane rescues performed: 0[0m
[97m/home/cvazquezperezdelacru/clio-core/context-runtime/src/ipc_manager.cc:2288 INFO 2495171 GetOrCreateClient [ClientPool] Creating new persistent connection to 127.0.0.1:43889[0m
[97m/home/cvazquezperezdelacru/clio-core/context-runtime/src/../../context-transport-primitives/include/clio_ctp/lightbeam/zmq_transport.h:152 INFO 2495171 GetSharedContext [ZeroMqTransport] Created shared context with 8 I/O threads[0m
[97m/home/cvazquezperezdelacru/clio-core/context-runtime/src/ipc_manager.cc:2308 INFO 2495171 GetOrCreateClient [ClientPool] Connection established to 127.0.0.1:43889[0m
[97m/home/cvazquezperezdelacru/clio-core/context-runtime/modules/admin/src/admin_runtime.cc:1191 INFO 2495161 RegisterMemory Admin::RegisterMemory: Registering CPU alloc_id (2495265.0)[0m
[97m/home/cvazquezperezdelacru/clio-core/context-runtime/src/ipc_manager.cc:2532 INFO 2495161 RegisterMemory IpcManager::RegisterMemory: Registering clio_2495265_0 from pid 2495265[0m
[97m/home/cvazquezperezdelacru/clio-core/context-runtime/src/ipc_manager.cc:2575 INFO 2495161 RegisterMemory IpcManager::RegisterMemory: Successfully registered clio_2495265_0[0m
[97m/home/cvazquezperezdelacru/clio-core/context-runtime/src/pool_manager.cc:534 INFO 2495165 CreatePool PoolManager: Creating pool 'clio_cte_core' with 1 containers (one per node)[0m
[97m/home/cvazquezperezdelacru/clio-core/context-runtime/src/pool_manager.cc:575 INFO 2495165 CreatePool PoolManager: Pool PoolId(major:512, minor:0) already exists by ID, returning existing pool[0m
[33m/home/cvazquezperezdelacru/clio-core/context-runtime/src/scheduler/default_sched.cc:430 WARNING 2495169 LoadBalance [#781 PDF] observed exec-time bins (cumulative): <10us=260046 <50us=2550 <500us=176 <10ms=250 <50ms=31 <500ms=2 <1s=0 >=1s=0 | stalls_detected=0[0m
[33m/home/cvazquezperezdelacru/clio-core/context-runtime/src/scheduler/default_sched.cc:439 WARNING 2495169 LoadBalance [#785] lane rescues performed: 0[0m
[97m/home/cvazquezperezdelacru/clio-core/context-runtime/modules/admin/src/admin_runtime.cc:1191 INFO 2495162 RegisterMemory Admin::RegisterMemory: Registering CPU alloc_id (2495265.1)[0m
[97m/home/cvazquezperezdelacru/clio-core/context-runtime/src/ipc_manager.cc:2532 INFO 2495162 RegisterMemory IpcManager::RegisterMemory: Registering clio_2495265_1 from pid 2495265[0m
[97m/home/cvazquezperezdelacru/clio-core/context-runtime/src/ipc_manager.cc:2575 INFO 2495162 RegisterMemory IpcManager::RegisterMemory: Successfully registered clio_2495265_1[0m
[97m/home/cvazquezperezdelacru/clio-core/context-runtime/modules/admin/src/admin_runtime.cc:1191 INFO 2495161 RegisterMemory Admin::RegisterMemory: Registering CPU alloc_id (2495265.2)[0m
[97m/home/cvazquezperezdelacru/clio-core/context-runtime/src/ipc_manager.cc:2532 INFO 2495161 RegisterMemory IpcManager::RegisterMemory: Registering clio_2495265_2 from pid 2495265[0m
[97m/home/cvazquezperezdelacru/clio-core/context-runtime/src/ipc_manager.cc:2575 INFO 2495161 RegisterMemory IpcManager::RegisterMemory: Successfully registered clio_2495265_2[0m
[97m/home/cvazquezperezdelacru/clio-core/context-runtime/modules/admin/src/admin_runtime.cc:1191 INFO 2495162 RegisterMemory Admin::RegisterMemory: Registering CPU alloc_id (2495265.3)[0m
[97m/home/cvazquezperezdelacru/clio-core/context-runtime/src/ipc_manager.cc:2532 INFO 2495162 RegisterMemory IpcManager::RegisterMemory: Registering clio_2495265_3 from pid 2495265[0m
[97m/home/cvazquezperezdelacru/clio-core/context-runtime/src/ipc_manager.cc:2575 INFO 2495162 RegisterMemory IpcManager::RegisterMemory: Successfully registered clio_2495265_3[0m
[97m/home/cvazquezperezdelacru/clio-core/context-runtime/modules/admin/src/admin_runtime.cc:1191 INFO 2495163 RegisterMemory Admin::RegisterMemory: Registering CPU alloc_id (2495265.4)[0m
[97m/home/cvazquezperezdelacru/clio-core/context-runtime/src/ipc_manager.cc:2532 INFO 2495163 RegisterMemory IpcManager::RegisterMemory: Registering clio_2495265_4 from pid 2495265[0m
[97m/home/cvazquezperezdelacru/clio-core/context-runtime/src/ipc_manager.cc:2575 INFO 2495163 RegisterMemory IpcManager::RegisterMemory: Successfully registered clio_2495265_4[0m
[97m/home/cvazquezperezdelacru/clio-core/context-runtime/modules/admin/src/admin_runtime.cc:1191 INFO 2495163 RegisterMemory Admin::RegisterMemory: Registering CPU alloc_id (2495265.5)[0m
[97m/home/cvazquezperezdelacru/clio-core/context-runtime/src/ipc_manager.cc:2532 INFO 2495163 RegisterMemory IpcManager::RegisterMemory: Registering clio_2495265_5 from pid 2495265[0m
[97m/home/cvazquezperezdelacru/clio-core/context-runtime/src/ipc_manager.cc:2575 INFO 2495163 RegisterMemory IpcManager::RegisterMemory: Successfully registered clio_2495265_5[0m
[33m/home/cvazquezperezdelacru/clio-core/context-runtime/src/scheduler/default_sched.cc:430 WARNING 2495169 LoadBalance [#781 PDF] observed exec-time bins (cumulative): <10us=325154 <50us=4924 <500us=342 <10ms=634 <50ms=55 <500ms=2 <1s=0 >=1s=0 | stalls_detected=0[0m
[33m/home/cvazquezperezdelacru/clio-core/context-runtime/src/scheduler/default_sched.cc:439 WARNING 2495169 LoadBalance [#785] lane rescues performed: 0[0m
[97m/home/cvazquezperezdelacru/clio-core/context-runtime/modules/admin/src/admin_runtime.cc:1191 INFO 2495164 RegisterMemory Admin::RegisterMemory: Registering CPU alloc_id (2495265.6)[0m
[97m/home/cvazquezperezdelacru/clio-core/context-runtime/src/ipc_manager.cc:2532 INFO 2495164 RegisterMemory IpcManager::RegisterMemory: Registering clio_2495265_6 from pid 2495265[0m
[97m/home/cvazquezperezdelacru/clio-core/context-runtime/src/ipc_manager.cc:2575 INFO 2495164 RegisterMemory IpcManager::RegisterMemory: Successfully registered clio_2495265_6[0m
[97m/home/cvazquezperezdelacru/clio-core/context-runtime/modules/admin/src/admin_runtime.cc:1191 INFO 2495163 RegisterMemory Admin::RegisterMemory: Registering CPU alloc_id (2495265.7)[0m
[97m/home/cvazquezperezdelacru/clio-core/context-runtime/src/ipc_manager.cc:2532 INFO 2495163 RegisterMemory IpcManager::RegisterMemory: Registering clio_2495265_7 from pid 2495265[0m
[97m/home/cvazquezperezdelacru/clio-core/context-runtime/src/ipc_manager.cc:2575 INFO 2495163 RegisterMemory IpcManager::RegisterMemory: Successfully registered clio_2495265_7[0m
[97m/home/cvazquezperezdelacru/clio-core/context-runtime/modules/admin/src/admin_runtime.cc:1191 INFO 2495163 RegisterMemory Admin::RegisterMemory: Registering CPU alloc_id (2495265.8)[0m
[97m/home/cvazquezperezdelacru/clio-core/context-runtime/src/ipc_manager.cc:2532 INFO 2495163 RegisterMemory IpcManager::RegisterMemory: Registering clio_2495265_8 from pid 2495265[0m
[97m/home/cvazquezperezdelacru/clio-core/context-runtime/src/ipc_manager.cc:2575 INFO 2495163 RegisterMemory IpcManager::RegisterMemory: Successfully registered clio_2495265_8[0m
[33m/home/cvazquezperezdelacru/clio-core/context-runtime/src/scheduler/default_sched.cc:430 WARNING 2495169 LoadBalance [#781 PDF] observed exec-time bins (cumulative): <10us=388388 <50us=7979 <500us=576 <10ms=979 <50ms=79 <500ms=2 <1s=0 >=1s=0 | stalls_detected=0[0m
[33m/home/cvazquezperezdelacru/clio-core/context-runtime/src/scheduler/default_sched.cc:439 WARNING 2495169 LoadBalance [#785] lane rescues performed: 0[0m
[97m/home/cvazquezperezdelacru/clio-core/context-runtime/modules/admin/src/admin_runtime.cc:1191 INFO 2495163 RegisterMemory Admin::RegisterMemory: Registering CPU alloc_id (2495265.9)[0m
[97m/home/cvazquezperezdelacru/clio-core/context-runtime/src/ipc_manager.cc:2532 INFO 2495163 RegisterMemory IpcManager::RegisterMemory: Registering clio_2495265_9 from pid 2495265[0m
[97m/home/cvazquezperezdelacru/clio-core/context-runtime/src/ipc_manager.cc:2575 INFO 2495163 RegisterMemory IpcManager::RegisterMemory: Successfully registered clio_2495265_9[0m
[97m/home/cvazquezperezdelacru/clio-core/context-runtime/modules/admin/src/admin_runtime.cc:1191 INFO 2495163 RegisterMemory Admin::RegisterMemory: Registering CPU alloc_id (2495265.10)[0m
[97m/home/cvazquezperezdelacru/clio-core/context-runtime/src/ipc_manager.cc:2532 INFO 2495163 RegisterMemory IpcManager::RegisterMemory: Registering clio_2495265_10 from pid 2495265[0m
[97m/home/cvazquezperezdelacru/clio-core/context-runtime/src/ipc_manager.cc:2575 INFO 2495163 RegisterMemory IpcManager::RegisterMemory: Successfully registered clio_2495265_10[0m
[97m/home/cvazquezperezdelacru/clio-core/context-runtime/modules/admin/src/admin_runtime.cc:1191 INFO 2495163 RegisterMemory Admin::RegisterMemory: Registering CPU alloc_id (2495265.11)[0m
[97m/home/cvazquezperezdelacru/clio-core/context-runtime/src/ipc_manager.cc:2532 INFO 2495163 RegisterMemory IpcManager::RegisterMemory: Registering clio_2495265_11 from pid 2495265[0m
[97m/home/cvazquezperezdelacru/clio-core/context-runtime/src/ipc_manager.cc:2575 INFO 2495163 RegisterMemory IpcManager::RegisterMemory: Successfully registered clio_2495265_11[0m
[97m/home/cvazquezperezdelacru/clio-core/context-runtime/modules/admin/src/admin_runtime.cc:1191 INFO 2495163 RegisterMemory Admin::RegisterMemory: Registering CPU alloc_id (2495265.12)[0m
[97m/home/cvazquezperezdelacru/clio-core/context-runtime/src/ipc_manager.cc:2532 INFO 2495163 RegisterMemory IpcManager::RegisterMemory: Registering clio_2495265_12 from pid 2495265[0m
[97m/home/cvazquezperezdelacru/clio-core/context-runtime/src/ipc_manager.cc:2575 INFO 2495163 RegisterMemory IpcManager::RegisterMemory: Successfully registered clio_2495265_12[0m
[33m/home/cvazquezperezdelacru/clio-core/context-runtime/src/scheduler/default_sched.cc:430 WARNING 2495169 LoadBalance [#781 PDF] observed exec-time bins (cumulative): <10us=454013 <50us=10453 <500us=720 <10ms=1299 <50ms=105 <500ms=2 <1s=0 >=1s=0 | stalls_detected=0[0m
[33m/home/cvazquezperezdelacru/clio-core/context-runtime/src/scheduler/default_sched.cc:439 WARNING 2495169 LoadBalance [#785] lane rescues performed: 0[0m
[97m/home/cvazquezperezdelacru/clio-core/context-runtime/modules/admin/src/admin_runtime.cc:1191 INFO 2495163 RegisterMemory Admin::RegisterMemory: Registering CPU alloc_id (2495265.13)[0m
[97m/home/cvazquezperezdelacru/clio-core/context-runtime/src/ipc_manager.cc:2532 INFO 2495163 RegisterMemory IpcManager::RegisterMemory: Registering clio_2495265_13 from pid 2495265[0m
[97m/home/cvazquezperezdelacru/clio-core/context-runtime/src/ipc_manager.cc:2575 INFO 2495163 RegisterMemory IpcManager::RegisterMemory: Successfully registered clio_2495265_13[0m
[97m/home/cvazquezperezdelacru/clio-core/context-runtime/modules/admin/src/admin_runtime.cc:1191 INFO 2495163 RegisterMemory Admin::RegisterMemory: Registering CPU alloc_id (2495265.14)[0m
[97m/home/cvazquezperezdelacru/clio-core/context-runtime/src/ipc_manager.cc:2532 INFO 2495163 RegisterMemory IpcManager::RegisterMemory: Registering clio_2495265_14 from pid 2495265[0m
[97m/home/cvazquezperezdelacru/clio-core/context-runtime/src/ipc_manager.cc:2575 INFO 2495163 RegisterMemory IpcManager::RegisterMemory: Successfully registered clio_2495265_14[0m
[33m/home/cvazquezperezdelacru/clio-core/context-runtime/src/scheduler/default_sched.cc:430 WARNING 2495169 LoadBalance [#781 PDF] observed exec-time bins (cumulative): <10us=520034 <50us=11859 <500us=807 <10ms=1391 <50ms=113 <500ms=2 <1s=0 >=1s=0 | stalls_detected=0[0m
[33m/home/cvazquezperezdelacru/clio-core/context-runtime/src/scheduler/default_sched.cc:439 WARNING 2495169 LoadBalance [#785] lane rescues performed: 0[0m
[97m/home/cvazquezperezdelacru/clio-core/context-runtime/modules/admin/src/admin_runtime.cc:1191 INFO 2495163 RegisterMemory Admin::RegisterMemory: Registering CPU alloc_id (2495265.15)[0m
[97m/home/cvazquezperezdelacru/clio-core/context-runtime/src/ipc_manager.cc:2532 INFO 2495163 RegisterMemory IpcManager::RegisterMemory: Registering clio_2495265_15 from pid 2495265[0m
[97m/home/cvazquezperezdelacru/clio-core/context-runtime/src/ipc_manager.cc:2575 INFO 2495163 RegisterMemory IpcManager::RegisterMemory: Successfully registered clio_2495265_15[0m
[97m/home/cvazquezperezdelacru/clio-core/context-runtime/modules/admin/src/admin_runtime.cc:1191 INFO 2495163 RegisterMemory Admin::RegisterMemory: Registering CPU alloc_id (2495265.16)[0m
[97m/home/cvazquezperezdelacru/clio-core/context-runtime/src/ipc_manager.cc:2532 INFO 2495163 RegisterMemory IpcManager::RegisterMemory: Registering clio_2495265_16 from pid 2495265[0m
[97m/home/cvazquezperezdelacru/clio-core/context-runtime/src/ipc_manager.cc:2575 INFO 2495163 RegisterMemory IpcManager::RegisterMemory: Successfully registered clio_2495265_16[0m
[97m/home/cvazquezperezdelacru/clio-core/context-runtime/modules/admin/src/admin_runtime.cc:1191 INFO 2495163 RegisterMemory Admin::RegisterMemory: Registering CPU alloc_id (2495265.17)[0m
[97m/home/cvazquezperezdelacru/clio-core/context-runtime/src/ipc_manager.cc:2532 INFO 2495163 RegisterMemory IpcManager::RegisterMemory: Registering clio_2495265_17 from pid 2495265[0m
[97m/home/cvazquezperezdelacru/clio-core/context-runtime/src/ipc_manager.cc:2575 INFO 2495163 RegisterMemory IpcManager::RegisterMemory: Successfully registered clio_2495265_17[0m
[33m/home/cvazquezperezdelacru/clio-core/context-runtime/src/scheduler/default_sched.cc:430 WARNING 2495169 LoadBalance [#781 PDF] observed exec-time bins (cumulative): <10us=586088 <50us=13449 <500us=949 <10ms=1620 <50ms=116 <500ms=2 <1s=0 >=1s=0 | stalls_detected=0[0m
[33m/home/cvazquezperezdelacru/clio-core/context-runtime/src/scheduler/default_sched.cc:439 WARNING 2495169 LoadBalance [#785] lane rescues performed: 0[0m
[97m/home/cvazquezperezdelacru/clio-core/context-runtime/modules/admin/src/admin_runtime.cc:1191 INFO 2495163 RegisterMemory Admin::RegisterMemory: Registering CPU alloc_id (2495265.18)[0m
[97m/home/cvazquezperezdelacru/clio-core/context-runtime/src/ipc_manager.cc:2532 INFO 2495163 RegisterMemory IpcManager::RegisterMemory: Registering clio_2495265_18 from pid 2495265[0m
[97m/home/cvazquezperezdelacru/clio-core/context-runtime/src/ipc_manager.cc:2575 INFO 2495163 RegisterMemory IpcManager::RegisterMemory: Successfully registered clio_2495265_18[0m
[33m/home/cvazquezperezdelacru/clio-core/context-runtime/src/scheduler/default_sched.cc:430 WARNING 2495169 LoadBalance [#781 PDF] observed exec-time bins (cumulative): <10us=651576 <50us=15769 <500us=1092 <10ms=1975 <50ms=123 <500ms=3 <1s=0 >=1s=0 | stalls_detected=0[0m
[33m/home/cvazquezperezdelacru/clio-core/context-runtime/src/scheduler/default_sched.cc:439 WARNING 2495169 LoadBalance [#785] lane rescues performed: 0[0m
[97m/home/cvazquezperezdelacru/clio-core/context-runtime/modules/admin/src/admin_runtime.cc:1191 INFO 2495162 RegisterMemory Admin::RegisterMemory: Registering CPU alloc_id (2495265.19)[0m
[97m/home/cvazquezperezdelacru/clio-core/context-runtime/src/ipc_manager.cc:2532 INFO 2495162 RegisterMemory IpcManager::RegisterMemory: Registering clio_2495265_19 from pid 2495265[0m
[97m/home/cvazquezperezdelacru/clio-core/context-runtime/src/ipc_manager.cc:2575 INFO 2495162 RegisterMemory IpcManager::RegisterMemory: Successfully registered clio_2495265_19[0m
[97m/home/cvazquezperezdelacru/clio-core/context-runtime/modules/admin/src/admin_runtime.cc:1191 INFO 2495163 RegisterMemory Admin::RegisterMemory: Registering CPU alloc_id (2495265.20)[0m
[97m/home/cvazquezperezdelacru/clio-core/context-runtime/src/ipc_manager.cc:2532 INFO 2495163 RegisterMemory IpcManager::RegisterMemory: Registering clio_2495265_20 from pid 2495265[0m
[97m/home/cvazquezperezdelacru/clio-core/context-runtime/src/ipc_manager.cc:2575 INFO 2495163 RegisterMemory IpcManager::RegisterMemory: Successfully registered clio_2495265_20[0m
[33m/home/cvazquezperezdelacru/clio-core/context-runtime/src/scheduler/default_sched.cc:430 WARNING 2495169 LoadBalance [#781 PDF] observed exec-time bins (cumulative): <10us=717599 <50us=17576 <500us=1226 <10ms=2280 <50ms=130 <500ms=4 <1s=0 >=1s=0 | stalls_detected=0[0m
[33m/home/cvazquezperezdelacru/clio-core/context-runtime/src/scheduler/default_sched.cc:439 WARNING 2495169 LoadBalance [#785] lane rescues performed: 0[0m
[97m/home/cvazquezperezdelacru/clio-core/context-runtime/modules/admin/src/admin_runtime.cc:1191 INFO 2495162 RegisterMemory Admin::RegisterMemory: Registering CPU alloc_id (2495265.21)[0m
[97m/home/cvazquezperezdelacru/clio-core/context-runtime/src/ipc_manager.cc:2532 INFO 2495162 RegisterMemory IpcManager::RegisterMemory: Registering clio_2495265_21 from pid 2495265[0m
[97m/home/cvazquezperezdelacru/clio-core/context-runtime/src/ipc_manager.cc:2575 INFO 2495162 RegisterMemory IpcManager::RegisterMemory: Successfully registered clio_2495265_21[0m
[97m/home/cvazquezperezdelacru/clio-core/context-runtime/modules/admin/src/admin_runtime.cc:1191 INFO 2495162 RegisterMemory Admin::RegisterMemory: Registering CPU alloc_id (2495265.22)[0m
[97m/home/cvazquezperezdelacru/clio-core/context-runtime/src/ipc_manager.cc:2532 INFO 2495162 RegisterMemory IpcManager::RegisterMemory: Registering clio_2495265_22 from pid 2495265[0m
[97m/home/cvazquezperezdelacru/clio-core/context-runtime/src/ipc_manager.cc:2575 INFO 2495162 RegisterMemory IpcManager::RegisterMemory: Successfully registered clio_2495265_22[0m
[97m/home/cvazquezperezdelacru/clio-core/context-runtime/modules/admin/src/admin_runtime.cc:1191 INFO 2495162 RegisterMemory Admin::RegisterMemory: Registering CPU alloc_id (2495265.23)[0m
[97m/home/cvazquezperezdelacru/clio-core/context-runtime/src/ipc_manager.cc:2532 INFO 2495162 RegisterMemory IpcManager::RegisterMemory: Registering clio_2495265_23 from pid 2495265[0m
[97m/home/cvazquezperezdelacru/clio-core/context-runtime/src/ipc_manager.cc:2575 INFO 2495162 RegisterMemory IpcManager::RegisterMemory: Successfully registered clio_2495265_23[0m
[97m/home/cvazquezperezdelacru/clio-core/context-runtime/modules/admin/src/admin_runtime.cc:1191 INFO 2495162 RegisterMemory Admin::RegisterMemory: Registering CPU alloc_id (2495265.24)[0m
[97m/home/cvazquezperezdelacru/clio-core/context-runtime/src/ipc_manager.cc:2532 INFO 2495162 RegisterMemory IpcManager::RegisterMemory: Registering clio_2495265_24 from pid 2495265[0m
[97m/home/cvazquezperezdelacru/clio-core/context-runtime/src/ipc_manager.cc:2575 INFO 2495162 RegisterMemory IpcManager::RegisterMemory: Successfully registered clio_2495265_24[0m
[97m/home/cvazquezperezdelacru/clio-core/context-runtime/modules/admin/src/admin_runtime.cc:1191 INFO 2495163 RegisterMemory Admin::RegisterMemory: Registering CPU alloc_id (2495265.25)[0m
[97m/home/cvazquezperezdelacru/clio-core/context-runtime/src/ipc_manager.cc:2532 INFO 2495163 RegisterMemory IpcManager::RegisterMemory: Registering clio_2495265_25 from pid 2495265[0m
[97m/home/cvazquezperezdelacru/clio-core/context-runtime/src/ipc_manager.cc:2575 INFO 2495163 RegisterMemory IpcManager::RegisterMemory: Successfully registered clio_2495265_25[0m
[33m/home/cvazquezperezdelacru/clio-core/context-runtime/src/scheduler/default_sched.cc:430 WARNING 2495169 LoadBalance [#781 PDF] observed exec-time bins (cumulative): <10us=785001 <50us=19737 <500us=1308 <10ms=2814 <50ms=137 <500ms=6 <1s=0 >=1s=0 | stalls_detected=0[0m
[33m/home/cvazquezperezdelacru/clio-core/context-runtime/src/scheduler/default_sched.cc:439 WARNING 2495169 LoadBalance [#785] lane rescues performed: 0[0m
[97m/home/cvazquezperezdelacru/clio-core/context-runtime/modules/admin/src/admin_runtime.cc:1191 INFO 2495163 RegisterMemory Admin::RegisterMemory: Registering CPU alloc_id (2495265.26)[0m
[97m/home/cvazquezperezdelacru/clio-core/context-runtime/src/ipc_manager.cc:2532 INFO 2495163 RegisterMemory IpcManager::RegisterMemory: Registering clio_2495265_26 from pid 2495265[0m
[97m/home/cvazquezperezdelacru/clio-core/context-runtime/src/ipc_manager.cc:2575 INFO 2495163 RegisterMemory IpcManager::RegisterMemory: Successfully registered clio_2495265_26[0m
[97m/home/cvazquezperezdelacru/clio-core/context-runtime/modules/admin/src/admin_runtime.cc:1191 INFO 2495163 RegisterMemory Admin::RegisterMemory: Registering CPU alloc_id (2495265.27)[0m
[97m/home/cvazquezperezdelacru/clio-core/context-runtime/src/ipc_manager.cc:2532 INFO 2495163 RegisterMemory IpcManager::RegisterMemory: Registering clio_2495265_27 from pid 2495265[0m
[97m/home/cvazquezperezdelacru/clio-core/context-runtime/src/ipc_manager.cc:2575 INFO 2495163 RegisterMemory IpcManager::RegisterMemory: Successfully registered clio_2495265_27[0m
[97m/home/cvazquezperezdelacru/clio-core/context-runtime/modules/admin/src/admin_runtime.cc:1191 INFO 2495163 RegisterMemory Admin::RegisterMemory: Registering CPU alloc_id (2495265.28)[0m
[97m/home/cvazquezperezdelacru/clio-core/context-runtime/src/ipc_manager.cc:2532 INFO 2495163 RegisterMemory IpcManager::RegisterMemory: Registering clio_2495265_28 from pid 2495265[0m
[97m/home/cvazquezperezdelacru/clio-core/context-runtime/src/ipc_manager.cc:2575 INFO 2495163 RegisterMemory IpcManager::RegisterMemory: Successfully registered clio_2495265_28[0m
[97m/home/cvazquezperezdelacru/clio-core/context-runtime/modules/admin/src/admin_runtime.cc:1191 INFO 2495163 RegisterMemory Admin::RegisterMemory: Registering CPU alloc_id (2495265.29)[0m
[97m/home/cvazquezperezdelacru/clio-core/context-runtime/src/ipc_manager.cc:2532 INFO 2495163 RegisterMemory IpcManager::RegisterMemory: Registering clio_2495265_29 from pid 2495265[0m
[97m/home/cvazquezperezdelacru/clio-core/context-runtime/src/ipc_manager.cc:2575 INFO 2495163 RegisterMemory IpcManager::RegisterMemory: Successfully registered clio_2495265_29[0m
[33m/home/cvazquezperezdelacru/clio-core/context-runtime/src/scheduler/default_sched.cc:430 WARNING 2495169 LoadBalance [#781 PDF] observed exec-time bins (cumulative): <10us=851832 <50us=20716 <500us=1423 <10ms=3056 <50ms=144 <500ms=7 <1s=0 >=1s=0 | stalls_detected=0[0m
[33m/home/cvazquezperezdelacru/clio-core/context-runtime/src/scheduler/default_sched.cc:439 WARNING 2495169 LoadBalance [#785] lane rescues performed: 0[0m
[97m/home/cvazquezperezdelacru/clio-core/context-runtime/modules/admin/src/admin_runtime.cc:1191 INFO 2495163 RegisterMemory Admin::RegisterMemory: Registering CPU alloc_id (2495265.30)[0m
[97m/home/cvazquezperezdelacru/clio-core/context-runtime/src/ipc_manager.cc:2532 INFO 2495163 RegisterMemory IpcManager::RegisterMemory: Registering clio_2495265_30 from pid 2495265[0m
[97m/home/cvazquezperezdelacru/clio-core/context-runtime/src/ipc_manager.cc:2575 INFO 2495163 RegisterMemory IpcManager::RegisterMemory: Successfully registered clio_2495265_30[0m
[97m/home/cvazquezperezdelacru/clio-core/context-runtime/modules/admin/src/admin_runtime.cc:1191 INFO 2495162 RegisterMemory Admin::RegisterMemory: Registering CPU alloc_id (2495265.31)[0m
[97m/home/cvazquezperezdelacru/clio-core/context-runtime/src/ipc_manager.cc:2532 INFO 2495162 RegisterMemory IpcManager::RegisterMemory: Registering clio_2495265_31 from pid 2495265[0m
[97m/home/cvazquezperezdelacru/clio-core/context-runtime/src/ipc_manager.cc:2575 INFO 2495162 RegisterMemory IpcManager::RegisterMemory: Successfully registered clio_2495265_31[0m
[97m/home/cvazquezperezdelacru/clio-core/context-runtime/modules/admin/src/admin_runtime.cc:1191 INFO 2495162 RegisterMemory Admin::RegisterMemory: Registering CPU alloc_id (2495265.32)[0m
[97m/home/cvazquezperezdelacru/clio-core/context-runtime/src/ipc_manager.cc:2532 INFO 2495162 RegisterMemory IpcManager::RegisterMemory: Registering clio_2495265_32 from pid 2495265[0m
[97m/home/cvazquezperezdelacru/clio-core/context-runtime/src/ipc_manager.cc:2575 INFO 2495162 RegisterMemory IpcManager::RegisterMemory: Successfully registered clio_2495265_32[0m
[33m/home/cvazquezperezdelacru/clio-core/context-runtime/src/scheduler/default_sched.cc:430 WARNING 2495169 LoadBalance [#781 PDF] observed exec-time bins (cumulative): <10us=917048 <50us=23784 <500us=1534 <10ms=3299 <50ms=152 <500ms=7 <1s=0 >=1s=0 | stalls_detected=0[0m
[33m/home/cvazquezperezdelacru/clio-core/context-runtime/src/scheduler/default_sched.cc:439 WARNING 2495169 LoadBalance [#785] lane rescues performed: 0[0m
[97m/home/cvazquezperezdelacru/clio-core/context-runtime/modules/admin/src/admin_runtime.cc:1191 INFO 2495162 RegisterMemory Admin::RegisterMemory: Registering CPU alloc_id (2495265.33)[0m
[97m/home/cvazquezperezdelacru/clio-core/context-runtime/src/ipc_manager.cc:2532 INFO 2495162 RegisterMemory IpcManager::RegisterMemory: Registering clio_2495265_33 from pid 2495265[0m
[97m/home/cvazquezperezdelacru/clio-core/context-runtime/src/ipc_manager.cc:2575 INFO 2495162 RegisterMemory IpcManager::RegisterMemory: Successfully registered clio_2495265_33[0m
[97m/home/cvazquezperezdelacru/clio-core/context-runtime/modules/admin/src/admin_runtime.cc:1191 INFO 2495163 RegisterMemory Admin::RegisterMemory: Registering CPU alloc_id (2495265.34)[0m
[97m/home/cvazquezperezdelacru/clio-core/context-runtime/src/ipc_manager.cc:2532 INFO 2495163 RegisterMemory IpcManager::RegisterMemory: Registering clio_2495265_34 from pid 2495265[0m
[97m/home/cvazquezperezdelacru/clio-core/context-runtime/src/ipc_manager.cc:2575 INFO 2495163 RegisterMemory IpcManager::RegisterMemory: Successfully registered clio_2495265_34[0m
[97m/home/cvazquezperezdelacru/clio-core/context-runtime/modules/admin/src/admin_runtime.cc:1191 INFO 2495163 RegisterMemory Admin::RegisterMemory: Registering CPU alloc_id (2495265.35)[0m
[97m/home/cvazquezperezdelacru/clio-core/context-runtime/src/ipc_manager.cc:2532 INFO 2495163 RegisterMemory IpcManager::RegisterMemory: Registering clio_2495265_35 from pid 2495265[0m
[97m/home/cvazquezperezdelacru/clio-core/context-runtime/src/ipc_manager.cc:2575 INFO 2495163 RegisterMemory IpcManager::RegisterMemory: Successfully registered clio_2495265_35[0m
[97m/home/cvazquezperezdelacru/clio-core/context-runtime/modules/admin/src/admin_runtime.cc:1191 INFO 2495162 RegisterMemory Admin::RegisterMemory: Registering CPU alloc_id (2495265.36)[0m
[97m/home/cvazquezperezdelacru/clio-core/context-runtime/src/ipc_manager.cc:2532 INFO 2495162 RegisterMemory IpcManager::RegisterMemory: Registering clio_2495265_36 from pid 2495265[0m
[97m/home/cvazquezperezdelacru/clio-core/context-runtime/src/ipc_manager.cc:2575 INFO 2495162 RegisterMemory IpcManager::RegisterMemory: Successfully registered clio_2495265_36[0m
[33m/home/cvazquezperezdelacru/clio-core/context-runtime/src/scheduler/default_sched.cc:430 WARNING 2495169 LoadBalance [#781 PDF] observed exec-time bins (cumulative): <10us=984960 <50us=25237 <500us=1657 <10ms=3943 <50ms=168 <500ms=10 <1s=0 >=1s=0 | stalls_detected=0[0m
[33m/home/cvazquezperezdelacru/clio-core/context-runtime/src/scheduler/default_sched.cc:439 WARNING 2495169 LoadBalance [#785] lane rescues performed: 0[0m
[97m/home/cvazquezperezdelacru/clio-core/context-runtime/modules/admin/src/admin_runtime.cc:1191 INFO 2495163 RegisterMemory Admin::RegisterMemory: Registering CPU alloc_id (2495265.37)[0m
[97m/home/cvazquezperezdelacru/clio-core/context-runtime/src/ipc_manager.cc:2532 INFO 2495163 RegisterMemory IpcManager::RegisterMemory: Registering clio_2495265_37 from pid 2495265[0m
[97m/home/cvazquezperezdelacru/clio-core/context-runtime/src/ipc_manager.cc:2575 INFO 2495163 RegisterMemory IpcManager::RegisterMemory: Successfully registered clio_2495265_37[0m
[97m/home/cvazquezperezdelacru/clio-core/context-runtime/modules/admin/src/admin_runtime.cc:1191 INFO 2495163 RegisterMemory Admin::RegisterMemory: Registering CPU alloc_id (2495265.38)[0m
[97m/home/cvazquezperezdelacru/clio-core/context-runtime/src/ipc_manager.cc:2532 INFO 2495163 RegisterMemory IpcManager::RegisterMemory: Registering clio_2495265_38 from pid 2495265[0m
[97m/home/cvazquezperezdelacru/clio-core/context-runtime/src/ipc_manager.cc:2575 INFO 2495163 RegisterMemory IpcManager::RegisterMemory: Successfully registered clio_2495265_38[0m
[97m/home/cvazquezperezdelacru/clio-core/context-runtime/modules/admin/src/admin_runtime.cc:1191 INFO 2495163 RegisterMemory Admin::RegisterMemory: Registering CPU alloc_id (2495265.39)[0m
[97m/home/cvazquezperezdelacru/clio-core/context-runtime/src/ipc_manager.cc:2532 INFO 2495163 RegisterMemory IpcManager::RegisterMemory: Registering clio_2495265_39 from pid 2495265[0m
[97m/home/cvazquezperezdelacru/clio-core/context-runtime/src/ipc_manager.cc:2575 INFO 2495163 RegisterMemory IpcManager::RegisterMemory: Successfully registered clio_2495265_39[0m
[97m/home/cvazquezperezdelacru/clio-core/context-runtime/modules/admin/src/admin_runtime.cc:1191 INFO 2495162 RegisterMemory Admin::RegisterMemory: Registering CPU alloc_id (2495265.40)[0m
[97m/home/cvazquezperezdelacru/clio-core/context-runtime/src/ipc_manager.cc:2532 INFO 2495162 RegisterMemory IpcManager::RegisterMemory: Registering clio_2495265_40 from pid 2495265[0m
[97m/home/cvazquezperezdelacru/clio-core/context-runtime/src/ipc_manager.cc:2575 INFO 2495162 RegisterMemory IpcManager::RegisterMemory: Successfully registered clio_2495265_40[0m
[97m/home/cvazquezperezdelacru/clio-core/context-runtime/modules/admin/src/admin_runtime.cc:1191 INFO 2495163 RegisterMemory Admin::RegisterMemory: Registering CPU alloc_id (2495265.41)[0m
[97m/home/cvazquezperezdelacru/clio-core/context-runtime/src/ipc_manager.cc:2532 INFO 2495163 RegisterMemory IpcManager::RegisterMemory: Registering clio_2495265_41 from pid 2495265[0m
[97m/home/cvazquezperezdelacru/clio-core/context-runtime/src/ipc_manager.cc:2575 INFO 2495163 RegisterMemory IpcManager::RegisterMemory: Successfully registered clio_2495265_41[0m
[33m/home/cvazquezperezdelacru/clio-core/context-runtime/src/scheduler/default_sched.cc:430 WARNING 2495169 LoadBalance [#781 PDF] observed exec-time bins (cumulative): <10us=1050541 <50us=27853 <500us=1756 <10ms=4423 <50ms=177 <500ms=12 <1s=0 >=1s=0 | stalls_detected=0[0m
[33m/home/cvazquezperezdelacru/clio-core/context-runtime/src/scheduler/default_sched.cc:439 WARNING 2495169 LoadBalance [#785] lane rescues performed: 0[0m
[97m/home/cvazquezperezdelacru/clio-core/context-runtime/modules/admin/src/admin_runtime.cc:1191 INFO 2495163 RegisterMemory Admin::RegisterMemory: Registering CPU alloc_id (2495265.42)[0m
[97m/home/cvazquezperezdelacru/clio-core/context-runtime/src/ipc_manager.cc:2532 INFO 2495163 RegisterMemory IpcManager::RegisterMemory: Registering clio_2495265_42 from pid 2495265[0m
[97m/home/cvazquezperezdelacru/clio-core/context-runtime/src/ipc_manager.cc:2575 INFO 2495163 RegisterMemory IpcManager::RegisterMemory: Successfully registered clio_2495265_42[0m
[97m/home/cvazquezperezdelacru/clio-core/context-runtime/modules/admin/src/admin_runtime.cc:1191 INFO 2495162 RegisterMemory Admin::RegisterMemory: Registering CPU alloc_id (2495265.43)[0m
[97m/home/cvazquezperezdelacru/clio-core/context-runtime/src/ipc_manager.cc:2532 INFO 2495162 RegisterMemory IpcManager::RegisterMemory: Registering clio_2495265_43 from pid 2495265[0m
[97m/home/cvazquezperezdelacru/clio-core/context-runtime/src/ipc_manager.cc:2575 INFO 2495162 RegisterMemory IpcManager::RegisterMemory: Successfully registered clio_2495265_43[0m
[97m/home/cvazquezperezdelacru/clio-core/context-runtime/modules/admin/src/admin_runtime.cc:1191 INFO 2495162 RegisterMemory Admin::RegisterMemory: Registering CPU alloc_id (2495265.44)[0m
[97m/home/cvazquezperezdelacru/clio-core/context-runtime/src/ipc_manager.cc:2532 INFO 2495162 RegisterMemory IpcManager::RegisterMemory: Registering clio_2495265_44 from pid 2495265[0m
[97m/home/cvazquezperezdelacru/clio-core/context-runtime/src/ipc_manager.cc:2575 INFO 2495162 RegisterMemory IpcManager::RegisterMemory: Successfully registered clio_2495265_44[0m
[97m/home/cvazquezperezdelacru/clio-core/context-runtime/modules/admin/src/admin_runtime.cc:1191 INFO 2495162 RegisterMemory Admin::RegisterMemory: Registering CPU alloc_id (2495265.45)[0m
[97m/home/cvazquezperezdelacru/clio-core/context-runtime/src/ipc_manager.cc:2532 INFO 2495162 RegisterMemory IpcManager::RegisterMemory: Registering clio_2495265_45 from pid 2495265[0m
[97m/home/cvazquezperezdelacru/clio-core/context-runtime/src/ipc_manager.cc:2575 INFO 2495162 RegisterMemory IpcManager::RegisterMemory: Successfully registered clio_2495265_45[0m
[33m/home/cvazquezperezdelacru/clio-core/context-runtime/src/scheduler/default_sched.cc:430 WARNING 2495169 LoadBalance [#781 PDF] observed exec-time bins (cumulative): <10us=1117901 <50us=29659 <500us=1866 <10ms=4843 <50ms=185 <500ms=14 <1s=0 >=1s=0 | stalls_detected=0[0m
[33m/home/cvazquezperezdelacru/clio-core/context-runtime/src/scheduler/default_sched.cc:439 WARNING 2495169 LoadBalance [#785] lane rescues performed: 0[0m
[97m/home/cvazquezperezdelacru/clio-core/context-runtime/modules/admin/src/admin_runtime.cc:1191 INFO 2495162 RegisterMemory Admin::RegisterMemory: Registering CPU alloc_id (2495265.46)[0m
[97m/home/cvazquezperezdelacru/clio-core/context-runtime/src/ipc_manager.cc:2532 INFO 2495162 RegisterMemory IpcManager::RegisterMemory: Registering clio_2495265_46 from pid 2495265[0m
[97m/home/cvazquezperezdelacru/clio-core/context-runtime/src/ipc_manager.cc:2575 INFO 2495162 RegisterMemory IpcManager::RegisterMemory: Successfully registered clio_2495265_46[0m
[97m/home/cvazquezperezdelacru/clio-core/context-runtime/modules/admin/src/admin_runtime.cc:1191 INFO 2495162 RegisterMemory Admin::RegisterMemory: Registering CPU alloc_id (2495265.47)[0m
[97m/home/cvazquezperezdelacru/clio-core/context-runtime/src/ipc_manager.cc:2532 INFO 2495162 RegisterMemory IpcManager::RegisterMemory: Registering clio_2495265_47 from pid 2495265[0m
[97m/home/cvazquezperezdelacru/clio-core/context-runtime/src/ipc_manager.cc:2575 INFO 2495162 RegisterMemory IpcManager::RegisterMemory: Successfully registered clio_2495265_47[0m
[33m/home/cvazquezperezdelacru/clio-core/context-runtime/src/scheduler/default_sched.cc:430 WARNING 2495169 LoadBalance [#781 PDF] observed exec-time bins (cumulative): <10us=1187549 <50us=32079 <500us=2002 <10ms=5311 <50ms=189 <500ms=16 <1s=0 >=1s=0 | stalls_detected=0[0m
[33m/home/cvazquezperezdelacru/clio-core/context-runtime/src/scheduler/default_sched.cc:439 WARNING 2495169 LoadBalance [#785] lane rescues performed: 0[0m
[97m/home/cvazquezperezdelacru/clio-core/context-runtime/modules/admin/src/admin_runtime.cc:1191 INFO 2495162 RegisterMemory Admin::RegisterMemory: Registering CPU alloc_id (2495265.48)[0m
[97m/home/cvazquezperezdelacru/clio-core/context-runtime/src/ipc_manager.cc:2532 INFO 2495162 RegisterMemory IpcManager::RegisterMemory: Registering clio_2495265_48 from pid 2495265[0m
[97m/home/cvazquezperezdelacru/clio-core/context-runtime/src/ipc_manager.cc:2575 INFO 2495162 RegisterMemory IpcManager::RegisterMemory: Successfully registered clio_2495265_48[0m
[97m/home/cvazquezperezdelacru/clio-core/context-runtime/modules/admin/src/admin_runtime.cc:1191 INFO 2495162 RegisterMemory Admin::RegisterMemory: Registering CPU alloc_id (2495265.49)[0m
[97m/home/cvazquezperezdelacru/clio-core/context-runtime/src/ipc_manager.cc:2532 INFO 2495162 RegisterMemory IpcManager::RegisterMemory: Registering clio_2495265_49 from pid 2495265[0m
[97m/home/cvazquezperezdelacru/clio-core/context-runtime/src/ipc_manager.cc:2575 INFO 2495162 RegisterMemory IpcManager::RegisterMemory: Successfully registered clio_2495265_49[0m
[97m/home/cvazquezperezdelacru/clio-core/context-runtime/modules/admin/src/admin_runtime.cc:1191 INFO 2495163 RegisterMemory Admin::RegisterMemory: Registering CPU alloc_id (2495265.50)[0m
[97m/home/cvazquezperezdelacru/clio-core/context-runtime/src/ipc_manager.cc:2532 INFO 2495163 RegisterMemory IpcManager::RegisterMemory: Registering clio_2495265_50 from pid 2495265[0m
[97m/home/cvazquezperezdelacru/clio-core/context-runtime/src/ipc_manager.cc:2575 INFO 2495163 RegisterMemory IpcManager::RegisterMemory: Successfully registered clio_2495265_50[0m
[33m/home/cvazquezperezdelacru/clio-core/context-runtime/src/scheduler/default_sched.cc:430 WARNING 2495169 LoadBalance [#781 PDF] observed exec-time bins (cumulative): <10us=1254512 <50us=33264 <500us=2131 <10ms=5786 <50ms=192 <500ms=17 <1s=0 >=1s=0 | stalls_detected=0[0m
[33m/home/cvazquezperezdelacru/clio-core/context-runtime/src/scheduler/default_sched.cc:439 WARNING 2495169 LoadBalance [#785] lane rescues performed: 0[0m
[97m/home/cvazquezperezdelacru/clio-core/context-runtime/modules/admin/src/admin_runtime.cc:1191 INFO 2495162 RegisterMemory Admin::RegisterMemory: Registering CPU alloc_id (2495265.51)[0m
[97m/home/cvazquezperezdelacru/clio-core/context-runtime/src/ipc_manager.cc:2532 INFO 2495162 RegisterMemory IpcManager::RegisterMemory: Registering clio_2495265_51 from pid 2495265[0m
[97m/home/cvazquezperezdelacru/clio-core/context-runtime/src/ipc_manager.cc:2575 INFO 2495162 RegisterMemory IpcManager::RegisterMemory: Successfully registered clio_2495265_51[0m
[31m/home/cvazquezperezdelacru/clio-core/context-runtime/src/scheduler/default_sched.cc:726 ERROR 2495169 LoadBalance [HANGWATCH-HB] processed=18572 outstanding=8 (queued=8 blocked=0 retry=0 periodic=6) live=2 live_stalled=0[0m
[97m/home/cvazquezperezdelacru/clio-core/context-runtime/modules/admin/src/admin_runtime.cc:1191 INFO 2495163 RegisterMemory Admin::RegisterMemory: Registering CPU alloc_id (2495265.52)[0m
[97m/home/cvazquezperezdelacru/clio-core/context-runtime/src/ipc_manager.cc:2532 INFO 2495163 RegisterMemory IpcManager::RegisterMemory: Registering clio_2495265_52 from pid 2495265[0m
[97m/home/cvazquezperezdelacru/clio-core/context-runtime/src/ipc_manager.cc:2575 INFO 2495163 RegisterMemory IpcManager::RegisterMemory: Successfully registered clio_2495265_52[0m
[97m/home/cvazquezperezdelacru/clio-core/context-runtime/modules/admin/src/admin_runtime.cc:1191 INFO 2495163 RegisterMemory Admin::RegisterMemory: Registering CPU alloc_id (2495265.53)[0m
[97m/home/cvazquezperezdelacru/clio-core/context-runtime/src/ipc_manager.cc:2532 INFO 2495163 RegisterMemory IpcManager::RegisterMemory: Registering clio_2495265_53 from pid 2495265[0m
[97m/home/cvazquezperezdelacru/clio-core/context-runtime/src/ipc_manager.cc:2575 INFO 2495163 RegisterMemory IpcManager::RegisterMemory: Successfully registered clio_2495265_53[0m
[97m/home/cvazquezperezdelacru/clio-core/context-runtime/modules/admin/src/admin_runtime.cc:1191 INFO 2495163 RegisterMemory Admin::RegisterMemory: Registering CPU alloc_id (2495265.54)[0m
[97m/home/cvazquezperezdelacru/clio-core/context-runtime/src/ipc_manager.cc:2532 INFO 2495163 RegisterMemory IpcManager::RegisterMemory: Registering clio_2495265_54 from pid 2495265[0m
[97m/home/cvazquezperezdelacru/clio-core/context-runtime/src/ipc_manager.cc:2575 INFO 2495163 RegisterMemory IpcManager::RegisterMemory: Successfully registered clio_2495265_54[0m
[33m/home/cvazquezperezdelacru/clio-core/context-runtime/src/scheduler/default_sched.cc:430 WARNING 2495169 LoadBalance [#781 PDF] observed exec-time bins (cumulative): <10us=1324034 <50us=34202 <500us=2257 <10ms=6241 <50ms=196 <500ms=18 <1s=0 >=1s=0 | stalls_detected=0[0m
[33m/home/cvazquezperezdelacru/clio-core/context-runtime/src/scheduler/default_sched.cc:439 WARNING 2495169 LoadBalance [#785] lane rescues performed: 0[0m
[97m/home/cvazquezperezdelacru/clio-core/context-runtime/modules/admin/src/admin_runtime.cc:1191 INFO 2495163 RegisterMemory Admin::RegisterMemory: Registering CPU alloc_id (2495265.55)[0m
[97m/home/cvazquezperezdelacru/clio-core/context-runtime/src/ipc_manager.cc:2532 INFO 2495163 RegisterMemory IpcManager::RegisterMemory: Registering clio_2495265_55 from pid 2495265[0m
[97m/home/cvazquezperezdelacru/clio-core/context-runtime/src/ipc_manager.cc:2575 INFO 2495163 RegisterMemory IpcManager::RegisterMemory: Successfully registered clio_2495265_55[0m
[97m/home/cvazquezperezdelacru/clio-core/context-runtime/modules/admin/src/admin_runtime.cc:1191 INFO 2495163 RegisterMemory Admin::RegisterMemory: Registering CPU alloc_id (2495265.56)[0m
[97m/home/cvazquezperezdelacru/clio-core/context-runtime/src/ipc_manager.cc:2532 INFO 2495163 RegisterMemory IpcManager::RegisterMemory: Registering clio_2495265_56 from pid 2495265[0m
[97m/home/cvazquezperezdelacru/clio-core/context-runtime/src/ipc_manager.cc:2575 INFO 2495163 RegisterMemory IpcManager::RegisterMemory: Successfully registered clio_2495265_56[0m
[33m/home/cvazquezperezdelacru/clio-core/context-runtime/src/scheduler/default_sched.cc:430 WARNING 2495169 LoadBalance [#781 PDF] observed exec-time bins (cumulative): <10us=1395011 <50us=35102 <500us=2379 <10ms=6685 <50ms=200 <500ms=20 <1s=0 >=1s=0 | stalls_detected=0[0m
[33m/home/cvazquezperezdelacru/clio-core/context-runtime/src/scheduler/default_sched.cc:439 WARNING 2495169 LoadBalance [#785] lane rescues performed: 0[0m
[97m/home/cvazquezperezdelacru/clio-core/context-runtime/modules/admin/src/admin_runtime.cc:1191 INFO 2495162 RegisterMemory Admin::RegisterMemory: Registering CPU alloc_id (2495265.57)[0m
[97m/home/cvazquezperezdelacru/clio-core/context-runtime/src/ipc_manager.cc:2532 INFO 2495162 RegisterMemory IpcManager::RegisterMemory: Registering clio_2495265_57 from pid 2495265[0m
[97m/home/cvazquezperezdelacru/clio-core/context-runtime/src/ipc_manager.cc:2575 INFO 2495162 RegisterMemory IpcManager::RegisterMemory: Successfully registered clio_2495265_57[0m
[97m/home/cvazquezperezdelacru/clio-core/context-runtime/modules/admin/src/admin_runtime.cc:1191 INFO 2495162 RegisterMemory Admin::RegisterMemory: Registering CPU alloc_id (2495265.58)[0m
[97m/home/cvazquezperezdelacru/clio-core/context-runtime/src/ipc_manager.cc:2532 INFO 2495162 RegisterMemory IpcManager::RegisterMemory: Registering clio_2495265_58 from pid 2495265[0m
[97m/home/cvazquezperezdelacru/clio-core/context-runtime/src/ipc_manager.cc:2575 INFO 2495162 RegisterMemory IpcManager::RegisterMemory: Successfully registered clio_2495265_58[0m
[97m/home/cvazquezperezdelacru/clio-core/context-runtime/modules/admin/src/admin_runtime.cc:1191 INFO 2495163 RegisterMemory Admin::RegisterMemory: Registering CPU alloc_id (2495265.59)[0m
[97m/home/cvazquezperezdelacru/clio-core/context-runtime/src/ipc_manager.cc:2532 INFO 2495163 RegisterMemory IpcManager::RegisterMemory: Registering clio_2495265_59 from pid 2495265[0m
[97m/home/cvazquezperezdelacru/clio-core/context-runtime/src/ipc_manager.cc:2575 INFO 2495163 RegisterMemory IpcManager::RegisterMemory: Successfully registered clio_2495265_59[0m
[33m/home/cvazquezperezdelacru/clio-core/context-runtime/src/scheduler/default_sched.cc:430 WARNING 2495169 LoadBalance [#781 PDF] observed exec-time bins (cumulative): <10us=1464357 <50us=36494 <500us=2518 <10ms=7113 <50ms=205 <500ms=22 <1s=0 >=1s=0 | stalls_detected=0[0m
[33m/home/cvazquezperezdelacru/clio-core/context-runtime/src/scheduler/default_sched.cc:439 WARNING 2495169 LoadBalance [#785] lane rescues performed: 0[0m
[97m/home/cvazquezperezdelacru/clio-core/context-runtime/modules/admin/src/admin_runtime.cc:1191 INFO 2495162 RegisterMemory Admin::RegisterMemory: Registering CPU alloc_id (2495265.60)[0m
[97m/home/cvazquezperezdelacru/clio-core/context-runtime/src/ipc_manager.cc:2532 INFO 2495162 RegisterMemory IpcManager::RegisterMemory: Registering clio_2495265_60 from pid 2495265[0m
[97m/home/cvazquezperezdelacru/clio-core/context-runtime/src/ipc_manager.cc:2575 INFO 2495162 RegisterMemory IpcManager::RegisterMemory: Successfully registered clio_2495265_60[0m
[97m/home/cvazquezperezdelacru/clio-core/context-runtime/modules/admin/src/admin_runtime.cc:1191 INFO 2495162 RegisterMemory Admin::RegisterMemory: Registering CPU alloc_id (2495265.61)[0m
[97m/home/cvazquezperezdelacru/clio-core/context-runtime/src/ipc_manager.cc:2532 INFO 2495162 RegisterMemory IpcManager::RegisterMemory: Registering clio_2495265_61 from pid 2495265[0m
[97m/home/cvazquezperezdelacru/clio-core/context-runtime/src/ipc_manager.cc:2575 INFO 2495162 RegisterMemory IpcManager::RegisterMemory: Successfully registered clio_2495265_61[0m
[97m/home/cvazquezperezdelacru/clio-core/context-runtime/modules/admin/src/admin_runtime.cc:1191 INFO 2495162 RegisterMemory Admin::RegisterMemory: Registering CPU alloc_id (2495265.62)[0m
[97m/home/cvazquezperezdelacru/clio-core/context-runtime/src/ipc_manager.cc:2532 INFO 2495162 RegisterMemory IpcManager::RegisterMemory: Registering clio_2495265_62 from pid 2495265[0m
[97m/home/cvazquezperezdelacru/clio-core/context-runtime/src/ipc_manager.cc:2575 INFO 2495162 RegisterMemory IpcManager::RegisterMemory: Successfully registered clio_2495265_62[0m
[97m/home/cvazquezperezdelacru/clio-core/context-runtime/modules/admin/src/admin_runtime.cc:1191 INFO 2495163 RegisterMemory Admin::RegisterMemory: Registering CPU alloc_id (2495265.63)[0m
[97m/home/cvazquezperezdelacru/clio-core/context-runtime/src/ipc_manager.cc:2532 INFO 2495163 RegisterMemory IpcManager::RegisterMemory: Registering clio_2495265_63 from pid 2495265[0m
[97m/home/cvazquezperezdelacru/clio-core/context-runtime/src/ipc_manager.cc:2575 INFO 2495163 RegisterMemory IpcManager::RegisterMemory: Successfully registered clio_2495265_63[0m
[97m/home/cvazquezperezdelacru/clio-core/context-runtime/modules/admin/src/admin_runtime.cc:1191 INFO 2495163 RegisterMemory Admin::RegisterMemory: Registering CPU alloc_id (2495265.64)[0m
[97m/home/cvazquezperezdelacru/clio-core/context-runtime/src/ipc_manager.cc:2532 INFO 2495163 RegisterMemory IpcManager::RegisterMemory: Registering clio_2495265_64 from pid 2495265[0m
[97m/home/cvazquezperezdelacru/clio-core/context-runtime/src/ipc_manager.cc:2575 INFO 2495163 RegisterMemory IpcManager::RegisterMemory: Successfully registered clio_2495265_64[0m
[33m/home/cvazquezperezdelacru/clio-core/context-runtime/src/scheduler/default_sched.cc:430 WARNING 2495169 LoadBalance [#781 PDF] observed exec-time bins (cumulative): <10us=1533933 <50us=38768 <500us=2634 <10ms=7610 <50ms=212 <500ms=23 <1s=0 >=1s=0 | stalls_detected=0[0m
[33m/home/cvazquezperezdelacru/clio-core/context-runtime/src/scheduler/default_sched.cc:439 WARNING 2495169 LoadBalance [#785] lane rescues performed: 0[0m
[97m/home/cvazquezperezdelacru/clio-core/context-runtime/modules/admin/src/admin_runtime.cc:1191 INFO 2495163 RegisterMemory Admin::RegisterMemory: Registering CPU alloc_id (2495265.65)[0m
[97m/home/cvazquezperezdelacru/clio-core/context-runtime/src/ipc_manager.cc:2532 INFO 2495163 RegisterMemory IpcManager::RegisterMemory: Registering clio_2495265_65 from pid 2495265[0m
[97m/home/cvazquezperezdelacru/clio-core/context-runtime/src/ipc_manager.cc:2575 INFO 2495163 RegisterMemory IpcManager::RegisterMemory: Successfully registered clio_2495265_65[0m
[97m/home/cvazquezperezdelacru/clio-core/context-runtime/modules/admin/src/admin_runtime.cc:1191 INFO 2495162 RegisterMemory Admin::RegisterMemory: Registering CPU alloc_id (2495265.66)[0m
[97m/home/cvazquezperezdelacru/clio-core/context-runtime/src/ipc_manager.cc:2532 INFO 2495162 RegisterMemory IpcManager::RegisterMemory: Registering clio_2495265_66 from pid 2495265[0m
[97m/home/cvazquezperezdelacru/clio-core/context-runtime/src/ipc_manager.cc:2575 INFO 2495162 RegisterMemory IpcManager::RegisterMemory: Successfully registered clio_2495265_66[0m
[97m/home/cvazquezperezdelacru/clio-core/context-runtime/modules/admin/src/admin_runtime.cc:1191 INFO 2495163 RegisterMemory Admin::RegisterMemory: Registering CPU alloc_id (2495265.67)[0m
[97m/home/cvazquezperezdelacru/clio-core/context-runtime/src/ipc_manager.cc:2532 INFO 2495163 RegisterMemory IpcManager::RegisterMemory: Registering clio_2495265_67 from pid 2495265[0m
[97m/home/cvazquezperezdelacru/clio-core/context-runtime/src/ipc_manager.cc:2575 INFO 2495163 RegisterMemory IpcManager::RegisterMemory: Successfully registered clio_2495265_67[0m
[33m/home/cvazquezperezdelacru/clio-core/context-runtime/src/scheduler/default_sched.cc:430 WARNING 2495169 LoadBalance [#781 PDF] observed exec-time bins (cumulative): <10us=1601557 <50us=40237 <500us=2728 <10ms=8025 <50ms=220 <500ms=26 <1s=0 >=1s=0 | stalls_detected=0[0m
[33m/home/cvazquezperezdelacru/clio-core/context-runtime/src/scheduler/default_sched.cc:439 WARNING 2495169 LoadBalance [#785] lane rescues performed: 0[0m
[97m/home/cvazquezperezdelacru/clio-core/context-runtime/src/ipc_manager.cc:2288 INFO 2495171 GetOrCreateClient [ClientPool] Creating new persistent connection to 127.0.0.1:44791[0m
[97m/home/cvazquezperezdelacru/clio-core/context-runtime/src/ipc_manager.cc:2308 INFO 2495171 GetOrCreateClient [ClientPool] Connection established to 127.0.0.1:44791[0m
[97m/home/cvazquezperezdelacru/clio-core/context-runtime/modules/admin/src/admin_runtime.cc:1191 INFO 2495163 RegisterMemory Admin::RegisterMemory: Registering CPU alloc_id (2495558.0)[0m
[97m/home/cvazquezperezdelacru/clio-core/context-runtime/src/ipc_manager.cc:2532 INFO 2495163 RegisterMemory IpcManager::RegisterMemory: Registering clio_2495558_0 from pid 2495558[0m
[97m/home/cvazquezperezdelacru/clio-core/context-runtime/src/ipc_manager.cc:2575 INFO 2495163 RegisterMemory IpcManager::RegisterMemory: Successfully registered clio_2495558_0[0m
[97m/home/cvazquezperezdelacru/clio-core/context-runtime/src/pool_manager.cc:534 INFO 2495163 CreatePool PoolManager: Creating pool 'clio_cte_core' with 1 containers (one per node)[0m
[97m/home/cvazquezperezdelacru/clio-core/context-runtime/src/pool_manager.cc:575 INFO 2495163 CreatePool PoolManager: Pool PoolId(major:512, minor:0) already exists by ID, returning existing pool[0m
[97m/home/cvazquezperezdelacru/clio-core/context-runtime/src/pool_manager.cc:534 INFO 2495163 CreatePool PoolManager: Creating pool 'faiss_ivf_bench' with 1 containers (one per node)[0m
[97m/home/cvazquezperezdelacru/clio-core/context-runtime/src/pool_manager.cc:575 INFO 2495163 CreatePool PoolManager: Pool PoolId(major:600, minor:0) already exists by ID, returning existing pool[0m
[97m/home/cvazquezperezdelacru/clio-core/context-runtime/src/ipc_manager.cc:2440 INFO 2495161 IncreaseClientShm IpcManager::IncreaseClientShm: Creating clio_2495140_4 with size 117604352 (84049920 + 33554432 overhead)[0m
[97m/home/cvazquezperezdelacru/clio-core/context-runtime/src/ipc_manager.cc:2485 INFO 2495161 IncreaseClientShm IpcManager::IncreaseClientShm: Created allocator clio_2495140_4 with ID (2495140.4)[0m
[97m/mnt/common/cvazquezperezdelacru/IOWARP/faiss/contrib/iowarp/chimod/src/faiss_ivf_runtime.cc:229 INFO 2495161 OpenIndex faiss_ivf: opened '/mnt/common/cvazquezperezdelacru/faiss/slurm_bench/work/ondisk_nb50M.index' (d=128, nlist=8192, ntotal=50000000, tag='faiss_ivf::ondisk_nb50M')[0m
[97m/mnt/common/cvazquezperezdelacru/IOWARP/faiss/contrib/iowarp/chimod/src/faiss_ivf_runtime.cc:300 INFO 2495161 Search faiss_ivf: Search nq=500 k=10 nprobe=128 unique_lists=8154[0m
[33m/home/cvazquezperezdelacru/clio-core/context-runtime/src/scheduler/default_sched.cc:430 WARNING 2495169 LoadBalance [#781 PDF] observed exec-time bins (cumulative): <10us=1658708 <50us=46069 <500us=3420 <10ms=8027 <50ms=221 <500ms=26 <1s=0 >=1s=0 | stalls_detected=0[0m
[33m/home/cvazquezperezdelacru/clio-core/context-runtime/src/scheduler/default_sched.cc:439 WARNING 2495169 LoadBalance [#785] lane rescues performed: 0[0m
[97m/home/cvazquezperezdelacru/clio-core/context-runtime/src/ipc_manager.cc:2440 INFO 2495161 IncreaseClientShm IpcManager::IncreaseClientShm: Creating clio_2495140_5 with size 124221312 (90666880 + 33554432 overhead)[0m
[97m/home/cvazquezperezdelacru/clio-core/context-runtime/src/ipc_manager.cc:2485 INFO 2495161 IncreaseClientShm IpcManager::IncreaseClientShm: Created allocator clio_2495140_5 with ID (2495140.5)[0m
[97m/home/cvazquezperezdelacru/clio-core/context-runtime/src/ipc_manager.cc:2440 INFO 2495161 IncreaseClientShm IpcManager::IncreaseClientShm: Creating clio_2495140_6 with size 141473616 (107919184 + 33554432 overhead)[0m
[97m/home/cvazquezperezdelacru/clio-core/context-runtime/src/ipc_manager.cc:2485 INFO 2495161 IncreaseClientShm IpcManager::IncreaseClientShm: Created allocator clio_2495140_6 with ID (2495140.6)[0m
[97m/home/cvazquezperezdelacru/clio-core/context-runtime/src/ipc_manager.cc:2440 INFO 2495161 IncreaseClientShm IpcManager::IncreaseClientShm: Creating clio_2495140_7 with size 155888016 (122333584 + 33554432 overhead)[0m
[97m/home/cvazquezperezdelacru/clio-core/context-runtime/src/ipc_manager.cc:2485 INFO 2495161 IncreaseClientShm IpcManager::IncreaseClientShm: Created allocator clio_2495140_7 with ID (2495140.7)[0m
[97m/home/cvazquezperezdelacru/clio-core/context-runtime/src/ipc_manager.cc:2440 INFO 2495161 IncreaseClientShm IpcManager::IncreaseClientShm: Creating clio_2495140_8 with size 135708112 (102153680 + 33554432 overhead)[0m
[97m/home/cvazquezperezdelacru/clio-core/context-runtime/src/ipc_manager.cc:2485 INFO 2495161 IncreaseClientShm IpcManager::IncreaseClientShm: Created allocator clio_2495140_8 with ID (2495140.8)[0m
[33m/home/cvazquezperezdelacru/clio-core/context-runtime/src/scheduler/default_sched.cc:455 WARNING 2495169 operator() [#781] worker 0 STALLED on one task (load_us=2.28882e-05 realtime_load_us=1.42392e+06 threshold_s=1)[0m
[33m/home/cvazquezperezdelacru/clio-core/context-runtime/src/worker.cc:370 WARNING 2495169 AdoptLane [#785] worker 0 adopted lane 0x7f048c13b1e8[0m
[33m/home/cvazquezperezdelacru/clio-core/context-runtime/src/work_orchestrator.cc:545 WARNING 2495169 SpawnAdditionalWorker [#785] spawned elastic worker 8 (pool now 9 workers)[0m
[33m/home/cvazquezperezdelacru/clio-core/context-runtime/src/scheduler/default_sched.cc:598 WARNING 2495169 operator() [#785] RESCUE: stalled worker 0 -> worker 8 (0 parked task(s) moved, 0 queued task(s) redistributed, rescues=1)[0m
[97m/home/cvazquezperezdelacru/clio-core/context-runtime/src/ipc_manager.cc:2440 INFO 2495161 IncreaseClientShm IpcManager::IncreaseClientShm: Creating clio_2495140_9 with size 135241408 (101686976 + 33554432 overhead)[0m
[97m/home/cvazquezperezdelacru/clio-core/context-runtime/src/ipc_manager.cc:2485 INFO 2495161 IncreaseClientShm IpcManager::IncreaseClientShm: Created allocator clio_2495140_9 with ID (2495140.9)[0m
[97m/home/cvazquezperezdelacru/clio-core/context-runtime/src/ipc_manager.cc:2440 INFO 2495161 IncreaseClientShm IpcManager::IncreaseClientShm: Creating clio_2495140_10 with size 134744816 (101190384 + 33554432 overhead)[0m
[97m/home/cvazquezperezdelacru/clio-core/context-runtime/src/ipc_manager.cc:2485 INFO 2495161 IncreaseClientShm IpcManager::IncreaseClientShm: Created allocator clio_2495140_10 with ID (2495140.10)[0m
[33m/home/cvazquezperezdelacru/clio-core/context-runtime/src/scheduler/default_sched.cc:455 WARNING 2495169 operator() [#781] worker 0 STALLED on one task (load_us=2.28882e-05 realtime_load_us=1.92551e+06 threshold_s=1)[0m
[33m/home/cvazquezperezdelacru/clio-core/context-runtime/src/worker.cc:370 WARNING 2495169 AdoptLane [#785] worker 0 adopted lane 0x7f048c13b1e8[0m
[33m/home/cvazquezperezdelacru/clio-core/context-runtime/src/scheduler/default_sched.cc:598 WARNING 2495169 operator() [#785] RESCUE: stalled worker 0 -> worker 8 (0 parked task(s) moved, 0 queued task(s) redistributed, rescues=2)[0m
[97m/home/cvazquezperezdelacru/clio-core/context-runtime/src/ipc_manager.cc:2440 INFO 2495161 IncreaseClientShm IpcManager::IncreaseClientShm: Creating clio_2495140_11 with size 129930912 (96376480 + 33554432 overhead)[0m
[97m/home/cvazquezperezdelacru/clio-core/context-runtime/src/ipc_manager.cc:2485 INFO 2495161 IncreaseClientShm IpcManager::IncreaseClientShm: Created allocator clio_2495140_11 with ID (2495140.11)[0m
[33m/home/cvazquezperezdelacru/clio-core/context-runtime/src/scheduler/default_sched.cc:455 WARNING 2495169 operator() [#781] worker 0 STALLED on one task (load_us=2.28882e-05 realtime_load_us=2.42606e+06 threshold_s=1)[0m
[33m/home/cvazquezperezdelacru/clio-core/context-runtime/src/worker.cc:370 WARNING 2495169 AdoptLane [#785] worker 0 adopted lane 0x7f048c13b1e8[0m
[33m/home/cvazquezperezdelacru/clio-core/context-runtime/src/scheduler/default_sched.cc:598 WARNING 2495169 operator() [#785] RESCUE: stalled worker 0 -> worker 8 (0 parked task(s) moved, 0 queued task(s) redistributed, rescues=3)[0m
[97m/home/cvazquezperezdelacru/clio-core/context-runtime/src/ipc_manager.cc:2440 INFO 2495161 IncreaseClientShm IpcManager::IncreaseClientShm: Creating clio_2495140_12 with size 132458112 (98903680 + 33554432 overhead)[0m
[97m/home/cvazquezperezdelacru/clio-core/context-runtime/src/ipc_manager.cc:2485 INFO 2495161 IncreaseClientShm IpcManager::IncreaseClientShm: Created allocator clio_2495140_12 with ID (2495140.12)[0m
[97m/home/cvazquezperezdelacru/clio-core/context-runtime/src/ipc_manager.cc:2440 INFO 2495161 IncreaseClientShm IpcManager::IncreaseClientShm: Creating clio_2495140_13 with size 131929008 (98374576 + 33554432 overhead)[0m
[97m/home/cvazquezperezdelacru/clio-core/context-runtime/src/ipc_manager.cc:2485 INFO 2495161 IncreaseClientShm IpcManager::IncreaseClientShm: Created allocator clio_2495140_13 with ID (2495140.13)[0m
[33m/home/cvazquezperezdelacru/clio-core/context-runtime/src/scheduler/default_sched.cc:455 WARNING 2495169 operator() [#781] worker 0 STALLED on one task (load_us=2.28882e-05 realtime_load_us=2.92665e+06 threshold_s=1)[0m
[33m/home/cvazquezperezdelacru/clio-core/context-runtime/src/worker.cc:370 WARNING 2495169 AdoptLane [#785] worker 0 adopted lane 0x7f048c13b1e8[0m
[33m/home/cvazquezperezdelacru/clio-core/context-runtime/src/scheduler/default_sched.cc:598 WARNING 2495169 operator() [#785] RESCUE: stalled worker 0 -> worker 8 (0 parked task(s) moved, 0 queued task(s) redistributed, rescues=4)[0m
[97m/home/cvazquezperezdelacru/clio-core/context-runtime/src/ipc_manager.cc:2440 INFO 2495161 IncreaseClientShm IpcManager::IncreaseClientShm: Creating clio_2495140_14 with size 128406016 (94851584 + 33554432 overhead)[0m
[97m/home/cvazquezperezdelacru/clio-core/context-runtime/src/ipc_manager.cc:2485 INFO 2495161 IncreaseClientShm IpcManager::IncreaseClientShm: Created allocator clio_2495140_14 with ID (2495140.14)[0m
[97m/home/cvazquezperezdelacru/clio-core/context-runtime/src/ipc_manager.cc:2440 INFO 2495161 IncreaseClientShm IpcManager::IncreaseClientShm: Creating clio_2495140_15 with size 138245712 (104691280 + 33554432 overhead)[0m
[97m/home/cvazquezperezdelacru/clio-core/context-runtime/src/ipc_manager.cc:2485 INFO 2495161 IncreaseClientShm IpcManager::IncreaseClientShm: Created allocator clio_2495140_15 with ID (2495140.15)[0m
[33m/home/cvazquezperezdelacru/clio-core/context-runtime/src/scheduler/default_sched.cc:455 WARNING 2495169 operator() [#781] worker 0 STALLED on one task (load_us=2.28882e-05 realtime_load_us=3.42728e+06 threshold_s=1)[0m
[33m/home/cvazquezperezdelacru/clio-core/context-runtime/src/worker.cc:370 WARNING 2495169 AdoptLane [#785] worker 0 adopted lane 0x7f048c13b1e8[0m
[33m/home/cvazquezperezdelacru/clio-core/context-runtime/src/scheduler/default_sched.cc:598 WARNING 2495169 operator() [#785] RESCUE: stalled worker 0 -> worker 8 (0 parked task(s) moved, 0 queued task(s) redistributed, rescues=5)[0m
[97m/home/cvazquezperezdelacru/clio-core/context-runtime/src/ipc_manager.cc:2440 INFO 2495161 IncreaseClientShm IpcManager::IncreaseClientShm: Creating clio_2495140_16 with size 129945216 (96390784 + 33554432 overhead)[0m
[97m/home/cvazquezperezdelacru/clio-core/context-runtime/src/ipc_manager.cc:2485 INFO 2495161 IncreaseClientShm IpcManager::IncreaseClientShm: Created allocator clio_2495140_16 with ID (2495140.16)[0m
[97m/home/cvazquezperezdelacru/clio-core/context-runtime/src/ipc_manager.cc:2440 INFO 2495161 IncreaseClientShm IpcManager::IncreaseClientShm: Creating clio_2495140_17 with size 131606608 (98052176 + 33554432 overhead)[0m
[97m/home/cvazquezperezdelacru/clio-core/context-runtime/src/ipc_manager.cc:2485 INFO 2495161 IncreaseClientShm IpcManager::IncreaseClientShm: Created allocator clio_2495140_17 with ID (2495140.17)[0m
[33m/home/cvazquezperezdelacru/clio-core/context-runtime/src/scheduler/default_sched.cc:455 WARNING 2495169 operator() [#781] worker 0 STALLED on one task (load_us=2.28882e-05 realtime_load_us=3.92787e+06 threshold_s=1)[0m
[33m/home/cvazquezperezdelacru/clio-core/context-runtime/src/worker.cc:370 WARNING 2495169 AdoptLane [#785] worker 0 adopted lane 0x7f048c13b1e8[0m
[33m/home/cvazquezperezdelacru/clio-core/context-runtime/src/scheduler/default_sched.cc:598 WARNING 2495169 operator() [#785] RESCUE: stalled worker 0 -> worker 8 (0 parked task(s) moved, 0 queued task(s) redistributed, rescues=6)[0m
[97m/home/cvazquezperezdelacru/clio-core/context-runtime/src/ipc_manager.cc:2440 INFO 2495161 IncreaseClientShm IpcManager::IncreaseClientShm: Creating clio_2495140_18 with size 132112312 (98557880 + 33554432 overhead)[0m
[97m/home/cvazquezperezdelacru/clio-core/context-runtime/src/ipc_manager.cc:2485 INFO 2495161 IncreaseClientShm IpcManager::IncreaseClientShm: Created allocator clio_2495140_18 with ID (2495140.18)[0m
[97m/home/cvazquezperezdelacru/clio-core/context-runtime/src/ipc_manager.cc:2440 INFO 2495161 IncreaseClientShm IpcManager::IncreaseClientShm: Creating clio_2495140_19 with size 133643712 (100089280 + 33554432 overhead)[0m
[97m/home/cvazquezperezdelacru/clio-core/context-runtime/src/ipc_manager.cc:2485 INFO 2495161 IncreaseClientShm IpcManager::IncreaseClientShm: Created allocator clio_2495140_19 with ID (2495140.19)[0m
[33m/home/cvazquezperezdelacru/clio-core/context-runtime/src/scheduler/default_sched.cc:455 WARNING 2495169 operator() [#781] worker 0 STALLED on one task (load_us=2.28882e-05 realtime_load_us=4.42843e+06 threshold_s=1)[0m
[33m/home/cvazquezperezdelacru/clio-core/context-runtime/src/worker.cc:370 WARNING 2495169 AdoptLane [#785] worker 0 adopted lane 0x7f048c13b1e8[0m
[33m/home/cvazquezperezdelacru/clio-core/context-runtime/src/scheduler/default_sched.cc:598 WARNING 2495169 operator() [#785] RESCUE: stalled worker 0 -> worker 8 (0 parked task(s) moved, 0 queued task(s) redistributed, rescues=7)[0m
[97m/home/cvazquezperezdelacru/clio-core/context-runtime/src/ipc_manager.cc:2440 INFO 2495161 IncreaseClientShm IpcManager::IncreaseClientShm: Creating clio_2495140_20 with size 136298312 (102743880 + 33554432 overhead)[0m
[97m/home/cvazquezperezdelacru/clio-core/context-runtime/src/ipc_manager.cc:2485 INFO 2495161 IncreaseClientShm IpcManager::IncreaseClientShm: Created allocator clio_2495140_20 with ID (2495140.20)[0m
[97m/home/cvazquezperezdelacru/clio-core/context-runtime/src/ipc_manager.cc:2440 INFO 2495161 IncreaseClientShm IpcManager::IncreaseClientShm: Creating clio_2495140_21 with size 142124912 (108570480 + 33554432 overhead)[0m
[97m/home/cvazquezperezdelacru/clio-core/context-runtime/src/ipc_manager.cc:2485 INFO 2495161 IncreaseClientShm IpcManager::IncreaseClientShm: Created allocator clio_2495140_21 with ID (2495140.21)[0m
[97m/home/cvazquezperezdelacru/clio-core/context-runtime/src/ipc_manager.cc:2440 INFO 2495580 IncreaseClientShm IpcManager::IncreaseClientShm: Creating clio_2495140_22 with size 140723512 (107169080 + 33554432 overhead)[0m
[97m/home/cvazquezperezdelacru/clio-core/context-runtime/src/ipc_manager.cc:2485 INFO 2495580 IncreaseClientShm IpcManager::IncreaseClientShm: Created allocator clio_2495140_22 with ID (2495140.22)[0m
[97m/home/cvazquezperezdelacru/clio-core/context-runtime/src/ipc_manager.cc:2440 INFO 2495580 IncreaseClientShm IpcManager::IncreaseClientShm: Creating clio_2495140_23 with size 139527512 (105973080 + 33554432 overhead)[0m
[97m/home/cvazquezperezdelacru/clio-core/context-runtime/src/ipc_manager.cc:2485 INFO 2495580 IncreaseClientShm IpcManager::IncreaseClientShm: Created allocator clio_2495140_23 with ID (2495140.23)[0m
[97m/home/cvazquezperezdelacru/clio-core/context-runtime/src/ipc_manager.cc:2440 INFO 2495580 IncreaseClientShm IpcManager::IncreaseClientShm: Creating clio_2495140_24 with size 141147312 (107592880 + 33554432 overhead)[0m
[97m/home/cvazquezperezdelacru/clio-core/context-runtime/src/ipc_manager.cc:2485 INFO 2495580 IncreaseClientShm IpcManager::IncreaseClientShm: Created allocator clio_2495140_24 with ID (2495140.24)[0m
[33m/home/cvazquezperezdelacru/clio-core/context-runtime/src/scheduler/default_sched.cc:430 WARNING 2495169 LoadBalance [#781 PDF] observed exec-time bins (cumulative): <10us=1725766 <50us=48475 <500us=3437 <10ms=8276 <50ms=237 <500ms=26 <1s=0 >=1s=0 | stalls_detected=7[0m
[33m/home/cvazquezperezdelacru/clio-core/context-runtime/src/scheduler/default_sched.cc:439 WARNING 2495169 LoadBalance [#785] lane rescues performed: 7[0m
[97m/home/cvazquezperezdelacru/clio-core/context-runtime/src/ipc_manager.cc:2440 INFO 2495580 IncreaseClientShm IpcManager::IncreaseClientShm: Creating clio_2495140_25 with size 134109112 (100554680 + 33554432 overhead)[0m
[97m/home/cvazquezperezdelacru/clio-core/context-runtime/src/ipc_manager.cc:2485 INFO 2495580 IncreaseClientShm IpcManager::IncreaseClientShm: Created allocator clio_2495140_25 with ID (2495140.25)[0m
[97m/home/cvazquezperezdelacru/clio-core/context-runtime/src/ipc_manager.cc:2440 INFO 2495580 IncreaseClientShm IpcManager::IncreaseClientShm: Creating clio_2495140_26 with size 146496816 (112942384 + 33554432 overhead)[0m
[97m/home/cvazquezperezdelacru/clio-core/context-runtime/src/ipc_manager.cc:2485 INFO 2495580 IncreaseClientShm IpcManager::IncreaseClientShm: Created allocator clio_2495140_26 with ID (2495140.26)[0m
[31m/home/cvazquezperezdelacru/clio-core/context-runtime/src/scheduler/default_sched.cc:726 ERROR 2495169 LoadBalance [HANGWATCH-HB] processed=25720 outstanding=63 (queued=63 blocked=0 retry=0 periodic=7) live=1 live_stalled=0[0m
[97m/home/cvazquezperezdelacru/clio-core/context-runtime/src/ipc_manager.cc:2440 INFO 2495580 IncreaseClientShm IpcManager::IncreaseClientShm: Creating clio_2495140_27 with size 137006816 (103452384 + 33554432 overhead)[0m
[97m/home/cvazquezperezdelacru/clio-core/context-runtime/src/ipc_manager.cc:2485 INFO 2495580 IncreaseClientShm IpcManager::IncreaseClientShm: Created allocator clio_2495140_27 with ID (2495140.27)[0m
[97m/home/cvazquezperezdelacru/clio-core/context-runtime/src/ipc_manager.cc:2440 INFO 2495580 IncreaseClientShm IpcManager::IncreaseClientShm: Creating clio_2495140_28 with size 157809408 (124254976 + 33554432 overhead)[0m
[97m/home/cvazquezperezdelacru/clio-core/context-runtime/src/ipc_manager.cc:2485 INFO 2495580 IncreaseClientShm IpcManager::IncreaseClientShm: Created allocator clio_2495140_28 with ID (2495140.28)[0m
[97m/home/cvazquezperezdelacru/clio-core/context-runtime/src/ipc_manager.cc:2440 INFO 2495580 IncreaseClientShm IpcManager::IncreaseClientShm: Creating clio_2495140_29 with size 131063216 (97508784 + 33554432 overhead)[0m
[97m/home/cvazquezperezdelacru/clio-core/context-runtime/src/ipc_manager.cc:2485 INFO 2495580 IncreaseClientShm IpcManager::IncreaseClientShm: Created allocator clio_2495140_29 with ID (2495140.29)[0m
[97m/home/cvazquezperezdelacru/clio-core/context-runtime/src/ipc_manager.cc:2440 INFO 2495580 IncreaseClientShm IpcManager::IncreaseClientShm: Creating clio_2495140_30 with size 129179512 (95625080 + 33554432 overhead)[0m
[97m/home/cvazquezperezdelacru/clio-core/context-runtime/src/ipc_manager.cc:2485 INFO 2495580 IncreaseClientShm IpcManager::IncreaseClientShm: Created allocator clio_2495140_30 with ID (2495140.30)[0m
[97m/home/cvazquezperezdelacru/clio-core/context-runtime/src/ipc_manager.cc:2440 INFO 2495580 IncreaseClientShm IpcManager::IncreaseClientShm: Creating clio_2495140_31 with size 144801616 (111247184 + 33554432 overhead)[0m
[97m/home/cvazquezperezdelacru/clio-core/context-runtime/src/ipc_manager.cc:2485 INFO 2495580 IncreaseClientShm IpcManager::IncreaseClientShm: Created allocator clio_2495140_31 with ID (2495140.31)[0m
[31m/home/cvazquezperezdelacru/clio-core/context-runtime/src/scheduler/default_sched.cc:726 ERROR 2495169 LoadBalance [HANGWATCH-HB] processed=27234 outstanding=57 (queued=57 blocked=0 retry=0 periodic=7) live=1 live_stalled=0[0m
[97m/home/cvazquezperezdelacru/clio-core/context-runtime/src/ipc_manager.cc:2440 INFO 2495580 IncreaseClientShm IpcManager::IncreaseClientShm: Creating clio_2495140_32 with size 135972016 (102417584 + 33554432 overhead)[0m
[97m/home/cvazquezperezdelacru/clio-core/context-runtime/src/ipc_manager.cc:2485 INFO 2495580 IncreaseClientShm IpcManager::IncreaseClientShm: Created allocator clio_2495140_32 with ID (2495140.32)[0m
[97m/home/cvazquezperezdelacru/clio-core/context-runtime/src/ipc_manager.cc:2440 INFO 2495580 IncreaseClientShm IpcManager::IncreaseClientShm: Creating clio_2495140_33 with size 135769216 (102214784 + 33554432 overhead)[0m
[97m/home/cvazquezperezdelacru/clio-core/context-runtime/src/ipc_manager.cc:2485 INFO 2495580 IncreaseClientShm IpcManager::IncreaseClientShm: Created allocator clio_2495140_33 with ID (2495140.33)[0m
[97m/home/cvazquezperezdelacru/clio-core/context-runtime/src/ipc_manager.cc:2440 INFO 2495580 IncreaseClientShm IpcManager::IncreaseClientShm: Creating clio_2495140_34 with size 133078208 (99523776 + 33554432 overhead)[0m
[97m/home/cvazquezperezdelacru/clio-core/context-runtime/src/ipc_manager.cc:2485 INFO 2495580 IncreaseClientShm IpcManager::IncreaseClientShm: Created allocator clio_2495140_34 with ID (2495140.34)[0m
[97m/home/cvazquezperezdelacru/clio-core/context-runtime/src/ipc_manager.cc:2440 INFO 2495580 IncreaseClientShm IpcManager::IncreaseClientShm: Creating clio_2495140_35 with size 135987616 (102433184 + 33554432 overhead)[0m
[97m/home/cvazquezperezdelacru/clio-core/context-runtime/src/ipc_manager.cc:2485 INFO 2495580 IncreaseClientShm IpcManager::IncreaseClientShm: Created allocator clio_2495140_35 with ID (2495140.35)[0m
[97m/home/cvazquezperezdelacru/clio-core/context-runtime/src/ipc_manager.cc:2440 INFO 2495580 IncreaseClientShm IpcManager::IncreaseClientShm: Creating clio_2495140_36 with size 139418312 (105863880 + 33554432 overhead)[0m
[97m/home/cvazquezperezdelacru/clio-core/context-runtime/src/ipc_manager.cc:2485 INFO 2495580 IncreaseClientShm IpcManager::IncreaseClientShm: Created allocator clio_2495140_36 with ID (2495140.36)[0m
[97m/home/cvazquezperezdelacru/clio-core/context-runtime/src/ipc_manager.cc:2440 INFO 2495580 IncreaseClientShm IpcManager::IncreaseClientShm: Creating clio_2495140_37 with size 138098816 (104544384 + 33554432 overhead)[0m
[97m/home/cvazquezperezdelacru/clio-core/context-runtime/src/ipc_manager.cc:2485 INFO 2495580 IncreaseClientShm IpcManager::IncreaseClientShm: Created allocator clio_2495140_37 with ID (2495140.37)[0m
[97m/home/cvazquezperezdelacru/clio-core/context-runtime/src/ipc_manager.cc:2440 INFO 2495580 IncreaseClientShm IpcManager::IncreaseClientShm: Creating clio_2495140_38 with size 135948608 (102394176 + 33554432 overhead)[0m
[97m/home/cvazquezperezdelacru/clio-core/context-runtime/src/ipc_manager.cc:2485 INFO 2495580 IncreaseClientShm IpcManager::IncreaseClientShm: Created allocator clio_2495140_38 with ID (2495140.38)[0m
[31m/home/cvazquezperezdelacru/clio-core/context-runtime/src/scheduler/default_sched.cc:726 ERROR 2495169 LoadBalance [HANGWATCH-HB] processed=28522 outstanding=52 (queued=52 blocked=0 retry=0 periodic=7) live=2 live_stalled=0[0m
[97m/home/cvazquezperezdelacru/clio-core/context-runtime/src/ipc_manager.cc:2440 INFO 2495580 IncreaseClientShm IpcManager::IncreaseClientShm: Creating clio_2495140_39 with size 146078208 (112523776 + 33554432 overhead)[0m
[97m/home/cvazquezperezdelacru/clio-core/context-runtime/src/ipc_manager.cc:2485 INFO 2495580 IncreaseClientShm IpcManager::IncreaseClientShm: Created allocator clio_2495140_39 with ID (2495140.39)[0m
[33m/home/cvazquezperezdelacru/clio-core/context-runtime/src/scheduler/default_sched.cc:430 WARNING 2495169 LoadBalance [#781 PDF] observed exec-time bins (cumulative): <10us=1798330 <50us=51077 <500us=3482 <10ms=9974 <50ms=280 <500ms=26 <1s=0 >=1s=0 | stalls_detected=7[0m
[33m/home/cvazquezperezdelacru/clio-core/context-runtime/src/scheduler/default_sched.cc:439 WARNING 2495169 LoadBalance [#785] lane rescues performed: 7[0m
[97m/home/cvazquezperezdelacru/clio-core/context-runtime/src/ipc_manager.cc:2440 INFO 2495580 IncreaseClientShm IpcManager::IncreaseClientShm: Creating clio_2495140_40 with size 143496416 (109941984 + 33554432 overhead)[0m
[97m/home/cvazquezperezdelacru/clio-core/context-runtime/src/ipc_manager.cc:2485 INFO 2495580 IncreaseClientShm IpcManager::IncreaseClientShm: Created allocator clio_2495140_40 with ID (2495140.40)[0m
[97m/home/cvazquezperezdelacru/clio-core/context-runtime/src/ipc_manager.cc:2440 INFO 2495580 IncreaseClientShm IpcManager::IncreaseClientShm: Creating clio_2495140_41 with size 131897808 (98343376 + 33554432 overhead)[0m
[97m/home/cvazquezperezdelacru/clio-core/context-runtime/src/ipc_manager.cc:2485 INFO 2495580 IncreaseClientShm IpcManager::IncreaseClientShm: Created allocator clio_2495140_41 with ID (2495140.41)[0m
[97m/home/cvazquezperezdelacru/clio-core/context-runtime/src/ipc_manager.cc:2440 INFO 2495580 IncreaseClientShm IpcManager::IncreaseClientShm: Creating clio_2495140_42 with size 131463616 (97909184 + 33554432 overhead)[0m
[97m/home/cvazquezperezdelacru/clio-core/context-runtime/src/ipc_manager.cc:2485 INFO 2495580 IncreaseClientShm IpcManager::IncreaseClientShm: Created allocator clio_2495140_42 with ID (2495140.42)[0m
[97m/home/cvazquezperezdelacru/clio-core/context-runtime/src/ipc_manager.cc:2440 INFO 2495580 IncreaseClientShm IpcManager::IncreaseClientShm: Creating clio_2495140_43 with size 142647512 (109093080 + 33554432 overhead)[0m
[97m/home/cvazquezperezdelacru/clio-core/context-runtime/src/ipc_manager.cc:2485 INFO 2495580 IncreaseClientShm IpcManager::IncreaseClientShm: Created allocator clio_2495140_43 with ID (2495140.43)[0m
[97m/home/cvazquezperezdelacru/clio-core/context-runtime/src/ipc_manager.cc:2440 INFO 2495580 IncreaseClientShm IpcManager::IncreaseClientShm: Creating clio_2495140_44 with size 145055112 (111500680 + 33554432 overhead)[0m
[97m/home/cvazquezperezdelacru/clio-core/context-runtime/src/ipc_manager.cc:2485 INFO 2495580 IncreaseClientShm IpcManager::IncreaseClientShm: Created allocator clio_2495140_44 with ID (2495140.44)[0m
[31m/home/cvazquezperezdelacru/clio-core/context-runtime/src/scheduler/default_sched.cc:726 ERROR 2495169 LoadBalance [HANGWATCH-HB] processed=29756 outstanding=63 (queued=63 blocked=0 retry=0 periodic=7) live=1 live_stalled=0[0m
[97m/home/cvazquezperezdelacru/clio-core/context-runtime/src/ipc_manager.cc:2440 INFO 2495580 IncreaseClientShm IpcManager::IncreaseClientShm: Creating clio_2495140_45 with size 143630312 (110075880 + 33554432 overhead)[0m
[97m/home/cvazquezperezdelacru/clio-core/context-runtime/src/ipc_manager.cc:2485 INFO 2495580 IncreaseClientShm IpcManager::IncreaseClientShm: Created allocator clio_2495140_45 with ID (2495140.45)[0m
[97m/home/cvazquezperezdelacru/clio-core/context-runtime/src/ipc_manager.cc:2440 INFO 2495580 IncreaseClientShm IpcManager::IncreaseClientShm: Creating clio_2495140_46 with size 156167512 (122613080 + 33554432 overhead)[0m
[97m/home/cvazquezperezdelacru/clio-core/context-runtime/src/ipc_manager.cc:2485 INFO 2495580 IncreaseClientShm IpcManager::IncreaseClientShm: Created allocator clio_2495140_46 with ID (2495140.46)[0m
[97m/home/cvazquezperezdelacru/clio-core/context-runtime/src/ipc_manager.cc:2440 INFO 2495580 IncreaseClientShm IpcManager::IncreaseClientShm: Creating clio_2495140_47 with size 140593512 (107039080 + 33554432 overhead)[0m
[97m/home/cvazquezperezdelacru/clio-core/context-runtime/src/ipc_manager.cc:2485 INFO 2495580 IncreaseClientShm IpcManager::IncreaseClientShm: Created allocator clio_2495140_47 with ID (2495140.47)[0m
[97m/home/cvazquezperezdelacru/clio-core/context-runtime/src/ipc_manager.cc:2440 INFO 2495580 IncreaseClientShm IpcManager::IncreaseClientShm: Creating clio_2495140_48 with size 132733712 (99179280 + 33554432 overhead)[0m
[97m/home/cvazquezperezdelacru/clio-core/context-runtime/src/ipc_manager.cc:2485 INFO 2495580 IncreaseClientShm IpcManager::IncreaseClientShm: Created allocator clio_2495140_48 with ID (2495140.48)[0m
[97m/home/cvazquezperezdelacru/clio-core/context-runtime/src/ipc_manager.cc:2440 INFO 2495580 IncreaseClientShm IpcManager::IncreaseClientShm: Creating clio_2495140_49 with size 135686016 (102131584 + 33554432 overhead)[0m
[97m/home/cvazquezperezdelacru/clio-core/context-runtime/src/ipc_manager.cc:2485 INFO 2495580 IncreaseClientShm IpcManager::IncreaseClientShm: Created allocator clio_2495140_49 with ID (2495140.49)[0m
[97m/home/cvazquezperezdelacru/clio-core/context-runtime/src/ipc_manager.cc:2440 INFO 2495580 IncreaseClientShm IpcManager::IncreaseClientShm: Creating clio_2495140_50 with size 139485912 (105931480 + 33554432 overhead)[0m
[97m/home/cvazquezperezdelacru/clio-core/context-runtime/src/ipc_manager.cc:2485 INFO 2495580 IncreaseClientShm IpcManager::IncreaseClientShm: Created allocator clio_2495140_50 with ID (2495140.50)[0m
[97m/home/cvazquezperezdelacru/clio-core/context-runtime/src/ipc_manager.cc:2440 INFO 2495580 IncreaseClientShm IpcManager::IncreaseClientShm: Creating clio_2495140_51 with size 140212608 (106658176 + 33554432 overhead)[0m
[97m/home/cvazquezperezdelacru/clio-core/context-runtime/src/ipc_manager.cc:2485 INFO 2495580 IncreaseClientShm IpcManager::IncreaseClientShm: Created allocator clio_2495140_51 with ID (2495140.51)[0m
[97m/home/cvazquezperezdelacru/clio-core/context-runtime/src/ipc_manager.cc:2440 INFO 2495580 IncreaseClientShm IpcManager::IncreaseClientShm: Creating clio_2495140_52 with size 142362816 (108808384 + 33554432 overhead)[0m
[97m/home/cvazquezperezdelacru/clio-core/context-runtime/src/ipc_manager.cc:2485 INFO 2495580 IncreaseClientShm IpcManager::IncreaseClientShm: Created allocator clio_2495140_52 with ID (2495140.52)[0m
[31m/home/cvazquezperezdelacru/clio-core/context-runtime/src/scheduler/default_sched.cc:726 ERROR 2495169 LoadBalance [HANGWATCH-HB] processed=31724 outstanding=24 (queued=24 blocked=0 retry=0 periodic=7) live=3 live_stalled=0[0m
[97m/home/cvazquezperezdelacru/clio-core/context-runtime/src/ipc_manager.cc:2440 INFO 2495580 IncreaseClientShm IpcManager::IncreaseClientShm: Creating clio_2495140_53 with size 146507216 (112952784 + 33554432 overhead)[0m
[97m/home/cvazquezperezdelacru/clio-core/context-runtime/src/ipc_manager.cc:2485 INFO 2495580 IncreaseClientShm IpcManager::IncreaseClientShm: Created allocator clio_2495140_53 with ID (2495140.53)[0m
[97m/home/cvazquezperezdelacru/clio-core/context-runtime/src/ipc_manager.cc:2440 INFO 2495580 IncreaseClientShm IpcManager::IncreaseClientShm: Creating clio_2495140_54 with size 131169808 (97615376 + 33554432 overhead)[0m
[97m/home/cvazquezperezdelacru/clio-core/context-runtime/src/ipc_manager.cc:2485 INFO 2495580 IncreaseClientShm IpcManager::IncreaseClientShm: Created allocator clio_2495140_54 with ID (2495140.54)[0m
[97m/home/cvazquezperezdelacru/clio-core/context-runtime/src/ipc_manager.cc:2440 INFO 2495580 IncreaseClientShm IpcManager::IncreaseClientShm: Creating clio_2495140_55 with size 135123112 (101568680 + 33554432 overhead)[0m
[97m/home/cvazquezperezdelacru/clio-core/context-runtime/src/ipc_manager.cc:2485 INFO 2495580 IncreaseClientShm IpcManager::IncreaseClientShm: Created allocator clio_2495140_55 with ID (2495140.55)[0m
[97m/home/cvazquezperezdelacru/clio-core/context-runtime/src/ipc_manager.cc:2440 INFO 2495580 IncreaseClientShm IpcManager::IncreaseClientShm: Creating clio_2495140_56 with size 134608312 (101053880 + 33554432 overhead)[0m
[97m/home/cvazquezperezdelacru/clio-core/context-runtime/src/ipc_manager.cc:2485 INFO 2495580 IncreaseClientShm IpcManager::IncreaseClientShm: Created allocator clio_2495140_56 with ID (2495140.56)[0m
[97m/home/cvazquezperezdelacru/clio-core/context-runtime/src/ipc_manager.cc:2440 INFO 2495580 IncreaseClientShm IpcManager::IncreaseClientShm: Creating clio_2495140_57 with size 134746112 (101191680 + 33554432 overhead)[0m
[97m/home/cvazquezperezdelacru/clio-core/context-runtime/src/ipc_manager.cc:2485 INFO 2495580 IncreaseClientShm IpcManager::IncreaseClientShm: Created allocator clio_2495140_57 with ID (2495140.57)[0m
[97m/home/cvazquezperezdelacru/clio-core/context-runtime/src/ipc_manager.cc:2440 INFO 2495580 IncreaseClientShm IpcManager::IncreaseClientShm: Creating clio_2495140_58 with size 137277216 (103722784 + 33554432 overhead)[0m
[97m/home/cvazquezperezdelacru/clio-core/context-runtime/src/ipc_manager.cc:2485 INFO 2495580 IncreaseClientShm IpcManager::IncreaseClientShm: Created allocator clio_2495140_58 with ID (2495140.58)[0m
[33m/home/cvazquezperezdelacru/clio-core/context-runtime/src/scheduler/default_sched.cc:430 WARNING 2495169 LoadBalance [#781 PDF] observed exec-time bins (cumulative): <10us=1870322 <50us=54421 <500us=3522 <10ms=12039 <50ms=309 <500ms=26 <1s=0 >=1s=0 | stalls_detected=7[0m
[33m/home/cvazquezperezdelacru/clio-core/context-runtime/src/scheduler/default_sched.cc:439 WARNING 2495169 LoadBalance [#785] lane rescues performed: 7[0m
[31m/home/cvazquezperezdelacru/clio-core/context-runtime/src/scheduler/default_sched.cc:726 ERROR 2495169 LoadBalance [HANGWATCH-HB] processed=33222 outstanding=61 (queued=61 blocked=0 retry=0 periodic=7) live=2 live_stalled=0[0m
[97m/home/cvazquezperezdelacru/clio-core/context-runtime/src/ipc_manager.cc:2440 INFO 2495580 IncreaseClientShm IpcManager::IncreaseClientShm: Creating clio_2495140_59 with size 148345408 (114790976 + 33554432 overhead)[0m
[97m/home/cvazquezperezdelacru/clio-core/context-runtime/src/ipc_manager.cc:2485 INFO 2495580 IncreaseClientShm IpcManager::IncreaseClientShm: Created allocator clio_2495140_59 with ID (2495140.59)[0m
[97m/home/cvazquezperezdelacru/clio-core/context-runtime/src/ipc_manager.cc:2440 INFO 2495580 IncreaseClientShm IpcManager::IncreaseClientShm: Creating clio_2495140_60 with size 134685008 (101130576 + 33554432 overhead)[0m
[97m/home/cvazquezperezdelacru/clio-core/context-runtime/src/ipc_manager.cc:2485 INFO 2495580 IncreaseClientShm IpcManager::IncreaseClientShm: Created allocator clio_2495140_60 with ID (2495140.60)[0m
[97m/home/cvazquezperezdelacru/clio-core/context-runtime/src/ipc_manager.cc:2440 INFO 2495580 IncreaseClientShm IpcManager::IncreaseClientShm: Creating clio_2495140_61 with size 141081008 (107526576 + 33554432 overhead)[0m
[97m/home/cvazquezperezdelacru/clio-core/context-runtime/src/ipc_manager.cc:2485 INFO 2495580 IncreaseClientShm IpcManager::IncreaseClientShm: Created allocator clio_2495140_61 with ID (2495140.61)[0m
[97m/home/cvazquezperezdelacru/clio-core/context-runtime/src/ipc_manager.cc:2440 INFO 2495580 IncreaseClientShm IpcManager::IncreaseClientShm: Creating clio_2495140_62 with size 138153408 (104598976 + 33554432 overhead)[0m
[97m/home/cvazquezperezdelacru/clio-core/context-runtime/src/ipc_manager.cc:2485 INFO 2495580 IncreaseClientShm IpcManager::IncreaseClientShm: Created allocator clio_2495140_62 with ID (2495140.62)[0m
[97m/home/cvazquezperezdelacru/clio-core/context-runtime/src/ipc_manager.cc:2440 INFO 2495580 IncreaseClientShm IpcManager::IncreaseClientShm: Creating clio_2495140_63 with size 147495216 (113940784 + 33554432 overhead)[0m
[97m/home/cvazquezperezdelacru/clio-core/context-runtime/src/ipc_manager.cc:2485 INFO 2495580 IncreaseClientShm IpcManager::IncreaseClientShm: Created allocator clio_2495140_63 with ID (2495140.63)[0m
[97m/home/cvazquezperezdelacru/clio-core/context-runtime/src/ipc_manager.cc:2440 INFO 2495580 IncreaseClientShm IpcManager::IncreaseClientShm: Creating clio_2495140_64 with size 153951008 (120396576 + 33554432 overhead)[0m
[97m/home/cvazquezperezdelacru/clio-core/context-runtime/src/ipc_manager.cc:2485 INFO 2495580 IncreaseClientShm IpcManager::IncreaseClientShm: Created allocator clio_2495140_64 with ID (2495140.64)[0m
[97m/home/cvazquezperezdelacru/clio-core/context-runtime/src/ipc_manager.cc:2440 INFO 2495580 IncreaseClientShm IpcManager::IncreaseClientShm: Creating clio_2495140_65 with size 133413616 (99859184 + 33554432 overhead)[0m
[97m/home/cvazquezperezdelacru/clio-core/context-runtime/src/ipc_manager.cc:2485 INFO 2495580 IncreaseClientShm IpcManager::IncreaseClientShm: Created allocator clio_2495140_65 with ID (2495140.65)[0m
[31m/home/cvazquezperezdelacru/clio-core/context-runtime/src/scheduler/default_sched.cc:726 ERROR 2495169 LoadBalance [HANGWATCH-HB] processed=35411 outstanding=60 (queued=60 blocked=0 retry=0 periodic=7) live=3 live_stalled=0[0m
[97m/home/cvazquezperezdelacru/clio-core/context-runtime/src/ipc_manager.cc:2440 INFO 2495580 IncreaseClientShm IpcManager::IncreaseClientShm: Creating clio_2495140_66 with size 141135616 (107581184 + 33554432 overhead)[0m
[97m/home/cvazquezperezdelacru/clio-core/context-runtime/src/ipc_manager.cc:2485 INFO 2495580 IncreaseClientShm IpcManager::IncreaseClientShm: Created allocator clio_2495140_66 with ID (2495140.66)[0m
[97m/home/cvazquezperezdelacru/clio-core/context-runtime/src/ipc_manager.cc:2440 INFO 2495580 IncreaseClientShm IpcManager::IncreaseClientShm: Creating clio_2495140_67 with size 144684608 (111130176 + 33554432 overhead)[0m
[97m/home/cvazquezperezdelacru/clio-core/context-runtime/src/ipc_manager.cc:2485 INFO 2495580 IncreaseClientShm IpcManager::IncreaseClientShm: Created allocator clio_2495140_67 with ID (2495140.67)[0m
[97m/home/cvazquezperezdelacru/clio-core/context-runtime/src/ipc_manager.cc:2440 INFO 2495580 IncreaseClientShm IpcManager::IncreaseClientShm: Creating clio_2495140_68 with size 147808512 (114254080 + 33554432 overhead)[0m
[97m/home/cvazquezperezdelacru/clio-core/context-runtime/src/ipc_manager.cc:2485 INFO 2495580 IncreaseClientShm IpcManager::IncreaseClientShm: Created allocator clio_2495140_68 with ID (2495140.68)[0m
[97m/home/cvazquezperezdelacru/clio-core/context-runtime/src/ipc_manager.cc:2440 INFO 2495580 IncreaseClientShm IpcManager::IncreaseClientShm: Creating clio_2495140_69 with size 147874816 (114320384 + 33554432 overhead)[0m
[97m/home/cvazquezperezdelacru/clio-core/context-runtime/src/ipc_manager.cc:2485 INFO 2495580 IncreaseClientShm IpcManager::IncreaseClientShm: Created allocator clio_2495140_69 with ID (2495140.69)[0m
[97m/home/cvazquezperezdelacru/clio-core/context-runtime/src/ipc_manager.cc:2440 INFO 2495580 IncreaseClientShm IpcManager::IncreaseClientShm: Creating clio_2495140_70 with size 135757512 (102203080 + 33554432 overhead)[0m
[97m/home/cvazquezperezdelacru/clio-core/context-runtime/src/ipc_manager.cc:2485 INFO 2495580 IncreaseClientShm IpcManager::IncreaseClientShm: Created allocator clio_2495140_70 with ID (2495140.70)[0m
[97m/home/cvazquezperezdelacru/clio-core/context-runtime/src/ipc_manager.cc:2440 INFO 2495580 IncreaseClientShm IpcManager::IncreaseClientShm: Creating clio_2495140_71 with size 139972112 (106417680 + 33554432 overhead)[0m
[97m/home/cvazquezperezdelacru/clio-core/context-runtime/src/ipc_manager.cc:2485 INFO 2495580 IncreaseClientShm IpcManager::IncreaseClientShm: Created allocator clio_2495140_71 with ID (2495140.71)[0m
[97m/home/cvazquezperezdelacru/clio-core/context-runtime/src/ipc_manager.cc:2440 INFO 2495580 IncreaseClientShm IpcManager::IncreaseClientShm: Creating clio_2495140_72 with size 143276712 (109722280 + 33554432 overhead)[0m
[97m/home/cvazquezperezdelacru/clio-core/context-runtime/src/ipc_manager.cc:2485 INFO 2495580 IncreaseClientShm IpcManager::IncreaseClientShm: Created allocator clio_2495140_72 with ID (2495140.72)[0m
[97m/home/cvazquezperezdelacru/clio-core/context-runtime/src/ipc_manager.cc:2440 INFO 2495580 IncreaseClientShm IpcManager::IncreaseClientShm: Creating clio_2495140_73 with size 145867616 (112313184 + 33554432 overhead)[0m
[97m/home/cvazquezperezdelacru/clio-core/context-runtime/src/ipc_manager.cc:2485 INFO 2495580 IncreaseClientShm IpcManager::IncreaseClientShm: Created allocator clio_2495140_73 with ID (2495140.73)[0m
[31m/home/cvazquezperezdelacru/clio-core/context-runtime/src/scheduler/default_sched.cc:726 ERROR 2495169 LoadBalance [HANGWATCH-HB] processed=37554 outstanding=60 (queued=60 blocked=0 retry=0 periodic=7) live=3 live_stalled=0[0m
[97m/home/cvazquezperezdelacru/clio-core/context-runtime/src/ipc_manager.cc:2440 INFO 2495580 IncreaseClientShm IpcManager::IncreaseClientShm: Creating clio_2495140_74 with size 149614208 (116059776 + 33554432 overhead)[0m
[97m/home/cvazquezperezdelacru/clio-core/context-runtime/src/ipc_manager.cc:2485 INFO 2495580 IncreaseClientShm IpcManager::IncreaseClientShm: Created allocator clio_2495140_74 with ID (2495140.74)[0m
[97m/home/cvazquezperezdelacru/clio-core/context-runtime/src/ipc_manager.cc:2440 INFO 2495580 IncreaseClientShm IpcManager::IncreaseClientShm: Creating clio_2495140_75 with size 146177008 (112622576 + 33554432 overhead)[0m
[97m/home/cvazquezperezdelacru/clio-core/context-runtime/src/ipc_manager.cc:2485 INFO 2495580 IncreaseClientShm IpcManager::IncreaseClientShm: Created allocator clio_2495140_75 with ID (2495140.75)[0m
[33m/home/cvazquezperezdelacru/clio-core/context-runtime/src/scheduler/default_sched.cc:430 WARNING 2495169 LoadBalance [#781 PDF] observed exec-time bins (cumulative): <10us=1935772 <50us=59372 <500us=3539 <10ms=14591 <50ms=367 <500ms=26 <1s=0 >=1s=0 | stalls_detected=7[0m
[33m/home/cvazquezperezdelacru/clio-core/context-runtime/src/scheduler/default_sched.cc:439 WARNING 2495169 LoadBalance [#785] lane rescues performed: 7[0m
[97m/mnt/common/cvazquezperezdelacru/IOWARP/faiss/contrib/iowarp/chimod/src/faiss_ivf_runtime.cc:300 INFO 2495165 Search faiss_ivf: Search nq=500 k=10 nprobe=128 unique_lists=8154[0m
[97m/home/cvazquezperezdelacru/clio-core/context-runtime/src/ipc_manager.cc:2440 INFO 2495165 IncreaseClientShm IpcManager::IncreaseClientShm: Creating clio_2495140_76 with size 141473616 (107919184 + 33554432 overhead)[0m
[97m/home/cvazquezperezdelacru/clio-core/context-runtime/src/ipc_manager.cc:2485 INFO 2495165 IncreaseClientShm IpcManager::IncreaseClientShm: Created allocator clio_2495140_76 with ID (2495140.76)[0m
[97m/home/cvazquezperezdelacru/clio-core/context-runtime/src/ipc_manager.cc:2440 INFO 2495165 IncreaseClientShm IpcManager::IncreaseClientShm: Creating clio_2495140_77 with size 155888016 (122333584 + 33554432 overhead)[0m
[97m/home/cvazquezperezdelacru/clio-core/context-runtime/src/ipc_manager.cc:2485 INFO 2495165 IncreaseClientShm IpcManager::IncreaseClientShm: Created allocator clio_2495140_77 with ID (2495140.77)[0m
[97m/home/cvazquezperezdelacru/clio-core/context-runtime/src/ipc_manager.cc:2440 INFO 2495165 IncreaseClientShm IpcManager::IncreaseClientShm: Creating clio_2495140_78 with size 135708112 (102153680 + 33554432 overhead)[0m
[97m/home/cvazquezperezdelacru/clio-core/context-runtime/src/ipc_manager.cc:2485 INFO 2495165 IncreaseClientShm IpcManager::IncreaseClientShm: Created allocator clio_2495140_78 with ID (2495140.78)[0m
[97m/home/cvazquezperezdelacru/clio-core/context-runtime/src/ipc_manager.cc:2440 INFO 2495165 IncreaseClientShm IpcManager::IncreaseClientShm: Creating clio_2495140_79 with size 135241408 (101686976 + 33554432 overhead)[0m
[97m/home/cvazquezperezdelacru/clio-core/context-runtime/src/ipc_manager.cc:2485 INFO 2495165 IncreaseClientShm IpcManager::IncreaseClientShm: Created allocator clio_2495140_79 with ID (2495140.79)[0m
[97m/home/cvazquezperezdelacru/clio-core/context-runtime/src/ipc_manager.cc:2440 INFO 2495165 IncreaseClientShm IpcManager::IncreaseClientShm: Creating clio_2495140_80 with size 143220816 (109666384 + 33554432 overhead)[0m
[97m/home/cvazquezperezdelacru/clio-core/context-runtime/src/ipc_manager.cc:2485 INFO 2495165 IncreaseClientShm IpcManager::IncreaseClientShm: Created allocator clio_2495140_80 with ID (2495140.80)[0m
[33m/home/cvazquezperezdelacru/clio-core/context-runtime/src/scheduler/default_sched.cc:455 WARNING 2495169 operator() [#781] worker 4 STALLED on one task (load_us=-nan realtime_load_us=-nan threshold_s=1)[0m
[33m/home/cvazquezperezdelacru/clio-core/context-runtime/src/worker.cc:370 WARNING 2495169 AdoptLane [#785] worker 4 adopted lane 0x7f048c13b4e8[0m
[33m/home/cvazquezperezdelacru/clio-core/context-runtime/src/scheduler/default_sched.cc:598 WARNING 2495169 operator() [#785] RESCUE: stalled worker 4 -> worker 8 (1 parked task(s) moved, 0 queued task(s) redistributed, rescues=8)[0m
[33m/home/cvazquezperezdelacru/clio-core/context-runtime/src/scheduler/default_sched.cc:455 WARNING 2495169 operator() [#781] worker 4 STALLED on one task (load_us=-nan realtime_load_us=-nan threshold_s=1)[0m
[33m/home/cvazquezperezdelacru/clio-core/context-runtime/src/worker.cc:370 WARNING 2495169 AdoptLane [#785] worker 4 adopted lane 0x7f048c13b4e8[0m
[33m/home/cvazquezperezdelacru/clio-core/context-runtime/src/scheduler/default_sched.cc:598 WARNING 2495169 operator() [#785] RESCUE: stalled worker 4 -> worker 8 (0 parked task(s) moved, 0 queued task(s) redistributed, rescues=9)[0m
[97m/home/cvazquezperezdelacru/clio-core/context-runtime/src/ipc_manager.cc:2440 INFO 2495165 IncreaseClientShm IpcManager::IncreaseClientShm: Creating clio_2495140_81 with size 143497712 (109943280 + 33554432 overhead)[0m
[97m/home/cvazquezperezdelacru/clio-core/context-runtime/src/ipc_manager.cc:2485 INFO 2495165 IncreaseClientShm IpcManager::IncreaseClientShm: Created allocator clio_2495140_81 with ID (2495140.81)[0m
[33m/home/cvazquezperezdelacru/clio-core/context-runtime/src/scheduler/default_sched.cc:455 WARNING 2495169 operator() [#781] worker 4 STALLED on one task (load_us=-nan realtime_load_us=-nan threshold_s=1)[0m
[33m/home/cvazquezperezdelacru/clio-core/context-runtime/src/worker.cc:370 WARNING 2495169 AdoptLane [#785] worker 4 adopted lane 0x7f048c13b4e8[0m
[33m/home/cvazquezperezdelacru/clio-core/context-runtime/src/work_orchestrator.cc:545 WARNING 2495169 SpawnAdditionalWorker [#785] spawned elastic worker 9 (pool now 10 workers)[0m
[33m/home/cvazquezperezdelacru/clio-core/context-runtime/src/scheduler/default_sched.cc:598 WARNING 2495169 operator() [#785] RESCUE: stalled worker 4 -> worker 9 (0 parked task(s) moved, 1 queued task(s) redistributed, rescues=10)[0m
[97m/home/cvazquezperezdelacru/clio-core/context-runtime/src/ipc_manager.cc:2440 INFO 2495165 IncreaseClientShm IpcManager::IncreaseClientShm: Creating clio_2495140_82 with size 140376416 (106821984 + 33554432 overhead)[0m
[97m/home/cvazquezperezdelacru/clio-core/context-runtime/src/ipc_manager.cc:2485 INFO 2495165 IncreaseClientShm IpcManager::IncreaseClientShm: Created allocator clio_2495140_82 with ID (2495140.82)[0m
[97m/home/cvazquezperezdelacru/clio-core/context-runtime/src/ipc_manager.cc:2440 INFO 2495165 IncreaseClientShm IpcManager::IncreaseClientShm: Creating clio_2495140_83 with size 133096416 (99541984 + 33554432 overhead)[0m
[97m/home/cvazquezperezdelacru/clio-core/context-runtime/src/ipc_manager.cc:2485 INFO 2495165 IncreaseClientShm IpcManager::IncreaseClientShm: Created allocator clio_2495140_83 with ID (2495140.83)[0m
[33m/home/cvazquezperezdelacru/clio-core/context-runtime/src/scheduler/default_sched.cc:455 WARNING 2495169 operator() [#781] worker 4 STALLED on one task (load_us=-nan realtime_load_us=-nan threshold_s=1)[0m
[33m/home/cvazquezperezdelacru/clio-core/context-runtime/src/worker.cc:370 WARNING 2495169 AdoptLane [#785] worker 4 adopted lane 0x7f048c13b4e8[0m
[33m/home/cvazquezperezdelacru/clio-core/context-runtime/src/scheduler/default_sched.cc:598 WARNING 2495169 operator() [#785] RESCUE: stalled worker 4 -> worker 8 (0 parked task(s) moved, 0 queued task(s) redistributed, rescues=11)[0m
[97m/home/cvazquezperezdelacru/clio-core/context-runtime/src/ipc_manager.cc:2440 INFO 2495165 IncreaseClientShm IpcManager::IncreaseClientShm: Creating clio_2495140_84 with size 133643712 (100089280 + 33554432 overhead)[0m
[97m/home/cvazquezperezdelacru/clio-core/context-runtime/src/ipc_manager.cc:2485 INFO 2495165 IncreaseClientShm IpcManager::IncreaseClientShm: Created allocator clio_2495140_84 with ID (2495140.84)[0m
[97m/home/cvazquezperezdelacru/clio-core/context-runtime/src/ipc_manager.cc:2440 INFO 2495165 IncreaseClientShm IpcManager::IncreaseClientShm: Creating clio_2495140_85 with size 136298312 (102743880 + 33554432 overhead)[0m
[97m/home/cvazquezperezdelacru/clio-core/context-runtime/src/ipc_manager.cc:2485 INFO 2495165 IncreaseClientShm IpcManager::IncreaseClientShm: Created allocator clio_2495140_85 with ID (2495140.85)[0m
[33m/home/cvazquezperezdelacru/clio-core/context-runtime/src/scheduler/default_sched.cc:455 WARNING 2495169 operator() [#781] worker 4 STALLED on one task (load_us=-nan realtime_load_us=-nan threshold_s=1)[0m
[33m/home/cvazquezperezdelacru/clio-core/context-runtime/src/worker.cc:370 WARNING 2495169 AdoptLane [#785] worker 4 adopted lane 0x7f048c13b4e8[0m
[33m/home/cvazquezperezdelacru/clio-core/context-runtime/src/scheduler/default_sched.cc:598 WARNING 2495169 operator() [#785] RESCUE: stalled worker 4 -> worker 8 (0 parked task(s) moved, 0 queued task(s) redistributed, rescues=12)[0m
[97m/home/cvazquezperezdelacru/clio-core/context-runtime/src/ipc_manager.cc:2440 INFO 2495165 IncreaseClientShm IpcManager::IncreaseClientShm: Creating clio_2495140_86 with size 142124912 (108570480 + 33554432 overhead)[0m
[97m/home/cvazquezperezdelacru/clio-core/context-runtime/src/ipc_manager.cc:2485 INFO 2495165 IncreaseClientShm IpcManager::IncreaseClientShm: Created allocator clio_2495140_86 with ID (2495140.86)[0m
[97m/home/cvazquezperezdelacru/clio-core/context-runtime/src/ipc_manager.cc:2440 INFO 2495580 IncreaseClientShm IpcManager::IncreaseClientShm: Creating clio_2495140_87 with size 134829312 (101274880 + 33554432 overhead)[0m
[97m/home/cvazquezperezdelacru/clio-core/context-runtime/src/ipc_manager.cc:2485 INFO 2495580 IncreaseClientShm IpcManager::IncreaseClientShm: Created allocator clio_2495140_87 with ID (2495140.87)[0m
[97m/home/cvazquezperezdelacru/clio-core/context-runtime/src/ipc_manager.cc:2440 INFO 2495580 IncreaseClientShm IpcManager::IncreaseClientShm: Creating clio_2495140_88 with size 134331408 (100776976 + 33554432 overhead)[0m
[97m/home/cvazquezperezdelacru/clio-core/context-runtime/src/ipc_manager.cc:2485 INFO 2495580 IncreaseClientShm IpcManager::IncreaseClientShm: Created allocator clio_2495140_88 with ID (2495140.88)[0m
[97m/home/cvazquezperezdelacru/clio-core/context-runtime/src/ipc_manager.cc:2440 INFO 2495580 IncreaseClientShm IpcManager::IncreaseClientShm: Creating clio_2495140_89 with size 141147312 (107592880 + 33554432 overhead)[0m
[97m/home/cvazquezperezdelacru/clio-core/context-runtime/src/ipc_manager.cc:2485 INFO 2495580 IncreaseClientShm IpcManager::IncreaseClientShm: Created allocator clio_2495140_89 with ID (2495140.89)[0m
[97m/home/cvazquezperezdelacru/clio-core/context-runtime/src/ipc_manager.cc:2440 INFO 2495580 IncreaseClientShm IpcManager::IncreaseClientShm: Creating clio_2495140_90 with size 136432208 (102877776 + 33554432 overhead)[0m
[97m/home/cvazquezperezdelacru/clio-core/context-runtime/src/ipc_manager.cc:2485 INFO 2495580 IncreaseClientShm IpcManager::IncreaseClientShm: Created allocator clio_2495140_90 with ID (2495140.90)[0m
[97m/home/cvazquezperezdelacru/clio-core/context-runtime/src/ipc_manager.cc:2440 INFO 2495580 IncreaseClientShm IpcManager::IncreaseClientShm: Creating clio_2495140_91 with size 146496816 (112942384 + 33554432 overhead)[0m
[97m/home/cvazquezperezdelacru/clio-core/context-runtime/src/ipc_manager.cc:2485 INFO 2495580 IncreaseClientShm IpcManager::IncreaseClientShm: Created allocator clio_2495140_91 with ID (2495140.91)[0m
[31m/home/cvazquezperezdelacru/clio-core/context-runtime/src/scheduler/default_sched.cc:726 ERROR 2495169 LoadBalance [HANGWATCH-HB] processed=39251 outstanding=20 (queued=20 blocked=0 retry=0 periodic=7) live=5 live_stalled=0[0m
[97m/home/cvazquezperezdelacru/clio-core/context-runtime/src/ipc_manager.cc:2440 INFO 2495580 IncreaseClientShm IpcManager::IncreaseClientShm: Creating clio_2495140_92 with size 147010312 (113455880 + 33554432 overhead)[0m
[97m/home/cvazquezperezdelacru/clio-core/context-runtime/src/ipc_manager.cc:2485 INFO 2495580 IncreaseClientShm IpcManager::IncreaseClientShm: Created allocator clio_2495140_92 with ID (2495140.92)[0m
[97m/home/cvazquezperezdelacru/clio-core/context-runtime/src/ipc_manager.cc:2440 INFO 2495580 IncreaseClientShm IpcManager::IncreaseClientShm: Creating clio_2495140_93 with size 147930712 (114376280 + 33554432 overhead)[0m
[97m/home/cvazquezperezdelacru/clio-core/context-runtime/src/ipc_manager.cc:2485 INFO 2495580 IncreaseClientShm IpcManager::IncreaseClientShm: Created allocator clio_2495140_93 with ID (2495140.93)[0m
[33m/home/cvazquezperezdelacru/clio-core/context-runtime/src/scheduler/default_sched.cc:430 WARNING 2495169 LoadBalance [#781 PDF] observed exec-time bins (cumulative): <10us=2006552 <50us=61856 <500us=3558 <10ms=15275 <50ms=429 <500ms=26 <1s=0 >=1s=1 | stalls_detected=12[0m
[33m/home/cvazquezperezdelacru/clio-core/context-runtime/src/scheduler/default_sched.cc:439 WARNING 2495169 LoadBalance [#785] lane rescues performed: 12[0m
[97m/home/cvazquezperezdelacru/clio-core/context-runtime/src/ipc_manager.cc:2440 INFO 2495580 IncreaseClientShm IpcManager::IncreaseClientShm: Creating clio_2495140_94 with size 157809408 (124254976 + 33554432 overhead)[0m
[97m/home/cvazquezperezdelacru/clio-core/context-runtime/src/ipc_manager.cc:2485 INFO 2495580 IncreaseClientShm IpcManager::IncreaseClientShm: Created allocator clio_2495140_94 with ID (2495140.94)[0m
[97m/home/cvazquezperezdelacru/clio-core/context-runtime/src/ipc_manager.cc:2440 INFO 2495580 IncreaseClientShm IpcManager::IncreaseClientShm: Creating clio_2495140_95 with size 135987616 (102433184 + 33554432 overhead)[0m
[97m/home/cvazquezperezdelacru/clio-core/context-runtime/src/ipc_manager.cc:2485 INFO 2495580 IncreaseClientShm IpcManager::IncreaseClientShm: Created allocator clio_2495140_95 with ID (2495140.95)[0m
[97m/home/cvazquezperezdelacru/clio-core/context-runtime/src/ipc_manager.cc:2440 INFO 2495580 IncreaseClientShm IpcManager::IncreaseClientShm: Creating clio_2495140_96 with size 139418312 (105863880 + 33554432 overhead)[0m
[97m/home/cvazquezperezdelacru/clio-core/context-runtime/src/ipc_manager.cc:2485 INFO 2495580 IncreaseClientShm IpcManager::IncreaseClientShm: Created allocator clio_2495140_96 with ID (2495140.96)[0m
[97m/home/cvazquezperezdelacru/clio-core/context-runtime/src/ipc_manager.cc:2440 INFO 2495580 IncreaseClientShm IpcManager::IncreaseClientShm: Creating clio_2495140_97 with size 138098816 (104544384 + 33554432 overhead)[0m
[97m/home/cvazquezperezdelacru/clio-core/context-runtime/src/ipc_manager.cc:2485 INFO 2495580 IncreaseClientShm IpcManager::IncreaseClientShm: Created allocator clio_2495140_97 with ID (2495140.97)[0m
[97m/home/cvazquezperezdelacru/clio-core/context-runtime/src/ipc_manager.cc:2440 INFO 2495580 IncreaseClientShm IpcManager::IncreaseClientShm: Creating clio_2495140_98 with size 135948608 (102394176 + 33554432 overhead)[0m
[97m/home/cvazquezperezdelacru/clio-core/context-runtime/src/ipc_manager.cc:2485 INFO 2495580 IncreaseClientShm IpcManager::IncreaseClientShm: Created allocator clio_2495140_98 with ID (2495140.98)[0m
[97m/home/cvazquezperezdelacru/clio-core/context-runtime/src/ipc_manager.cc:2440 INFO 2495580 IncreaseClientShm IpcManager::IncreaseClientShm: Creating clio_2495140_99 with size 146078208 (112523776 + 33554432 overhead)[0m
[97m/home/cvazquezperezdelacru/clio-core/context-runtime/src/ipc_manager.cc:2485 INFO 2495580 IncreaseClientShm IpcManager::IncreaseClientShm: Created allocator clio_2495140_99 with ID (2495140.99)[0m
[31m/home/cvazquezperezdelacru/clio-core/context-runtime/src/scheduler/default_sched.cc:726 ERROR 2495169 LoadBalance [HANGWATCH-HB] processed=42260 outstanding=53 (queued=53 blocked=0 retry=0 periodic=7) live=3 live_stalled=0[0m
[97m/home/cvazquezperezdelacru/clio-core/context-runtime/src/ipc_manager.cc:2440 INFO 2495580 IncreaseClientShm IpcManager::IncreaseClientShm: Creating clio_2495140_100 with size 143496416 (109941984 + 33554432 overhead)[0m
[97m/home/cvazquezperezdelacru/clio-core/context-runtime/src/ipc_manager.cc:2485 INFO 2495580 IncreaseClientShm IpcManager::IncreaseClientShm: Created allocator clio_2495140_100 with ID (2495140.100)[0m
[97m/home/cvazquezperezdelacru/clio-core/context-runtime/src/ipc_manager.cc:2440 INFO 2495580 IncreaseClientShm IpcManager::IncreaseClientShm: Creating clio_2495140_101 with size 145055112 (111500680 + 33554432 overhead)[0m
[97m/home/cvazquezperezdelacru/clio-core/context-runtime/src/ipc_manager.cc:2485 INFO 2495580 IncreaseClientShm IpcManager::IncreaseClientShm: Created allocator clio_2495140_101 with ID (2495140.101)[0m
[97m/home/cvazquezperezdelacru/clio-core/context-runtime/src/ipc_manager.cc:2440 INFO 2495580 IncreaseClientShm IpcManager::IncreaseClientShm: Creating clio_2495140_102 with size 155275712 (121721280 + 33554432 overhead)[0m
[97m/home/cvazquezperezdelacru/clio-core/context-runtime/src/ipc_manager.cc:2485 INFO 2495580 IncreaseClientShm IpcManager::IncreaseClientShm: Created allocator clio_2495140_102 with ID (2495140.102)[0m
[97m/home/cvazquezperezdelacru/clio-core/context-runtime/src/ipc_manager.cc:2440 INFO 2495580 IncreaseClientShm IpcManager::IncreaseClientShm: Creating clio_2495140_103 with size 137155008 (103600576 + 33554432 overhead)[0m
[97m/home/cvazquezperezdelacru/clio-core/context-runtime/src/ipc_manager.cc:2485 INFO 2495580 IncreaseClientShm IpcManager::IncreaseClientShm: Created allocator clio_2495140_103 with ID (2495140.103)[0m
[97m/home/cvazquezperezdelacru/clio-core/context-runtime/src/ipc_manager.cc:2440 INFO 2495580 IncreaseClientShm IpcManager::IncreaseClientShm: Creating clio_2495140_104 with size 132733712 (99179280 + 33554432 overhead)[0m
[97m/home/cvazquezperezdelacru/clio-core/context-runtime/src/ipc_manager.cc:2485 INFO 2495580 IncreaseClientShm IpcManager::IncreaseClientShm: Created allocator clio_2495140_104 with ID (2495140.104)[0m
[97m/home/cvazquezperezdelacru/clio-core/context-runtime/src/ipc_manager.cc:2440 INFO 2495580 IncreaseClientShm IpcManager::IncreaseClientShm: Creating clio_2495140_105 with size 135686016 (102131584 + 33554432 overhead)[0m
[97m/home/cvazquezperezdelacru/clio-core/context-runtime/src/ipc_manager.cc:2485 INFO 2495580 IncreaseClientShm IpcManager::IncreaseClientShm: Created allocator clio_2495140_105 with ID (2495140.105)[0m
[97m/home/cvazquezperezdelacru/clio-core/context-runtime/src/ipc_manager.cc:2440 INFO 2495580 IncreaseClientShm IpcManager::IncreaseClientShm: Creating clio_2495140_106 with size 139485912 (105931480 + 33554432 overhead)[0m
[97m/home/cvazquezperezdelacru/clio-core/context-runtime/src/ipc_manager.cc:2485 INFO 2495580 IncreaseClientShm IpcManager::IncreaseClientShm: Created allocator clio_2495140_106 with ID (2495140.106)[0m
[31m/home/cvazquezperezdelacru/clio-core/context-runtime/src/scheduler/default_sched.cc:726 ERROR 2495169 LoadBalance [HANGWATCH-HB] processed=44563 outstanding=62 (queued=62 blocked=0 retry=0 periodic=7) live=2 live_stalled=0[0m
[97m/home/cvazquezperezdelacru/clio-core/context-runtime/src/ipc_manager.cc:2440 INFO 2495580 IncreaseClientShm IpcManager::IncreaseClientShm: Creating clio_2495140_107 with size 140212608 (106658176 + 33554432 overhead)[0m
[97m/home/cvazquezperezdelacru/clio-core/context-runtime/src/ipc_manager.cc:2485 INFO 2495580 IncreaseClientShm IpcManager::IncreaseClientShm: Created allocator clio_2495140_107 with ID (2495140.107)[0m
[97m/home/cvazquezperezdelacru/clio-core/context-runtime/src/ipc_manager.cc:2440 INFO 2495580 IncreaseClientShm IpcManager::IncreaseClientShm: Creating clio_2495140_108 with size 142362816 (108808384 + 33554432 overhead)[0m
[97m/home/cvazquezperezdelacru/clio-core/context-runtime/src/ipc_manager.cc:2485 INFO 2495580 IncreaseClientShm IpcManager::IncreaseClientShm: Created allocator clio_2495140_108 with ID (2495140.108)[0m
[97m/home/cvazquezperezdelacru/clio-core/context-runtime/src/ipc_manager.cc:2440 INFO 2495580 IncreaseClientShm IpcManager::IncreaseClientShm: Creating clio_2495140_109 with size 146507216 (112952784 + 33554432 overhead)[0m
[97m/home/cvazquezperezdelacru/clio-core/context-runtime/src/ipc_manager.cc:2485 INFO 2495580 IncreaseClientShm IpcManager::IncreaseClientShm: Created allocator clio_2495140_109 with ID (2495140.109)[0m
[33m/home/cvazquezperezdelacru/clio-core/context-runtime/src/scheduler/default_sched.cc:430 WARNING 2495169 LoadBalance [#781 PDF] observed exec-time bins (cumulative): <10us=2072799 <50us=68103 <500us=3602 <10ms=18300 <50ms=488 <500ms=26 <1s=0 >=1s=1 | stalls_detected=12[0m
[33m/home/cvazquezperezdelacru/clio-core/context-runtime/src/scheduler/default_sched.cc:439 WARNING 2495169 LoadBalance [#785] lane rescues performed: 12[0m
[31m/home/cvazquezperezdelacru/clio-core/context-runtime/src/scheduler/default_sched.cc:726 ERROR 2495169 LoadBalance [HANGWATCH-HB] processed=46183 outstanding=60 (queued=60 blocked=0 retry=0 periodic=7) live=3 live_stalled=0[0m
[97m/home/cvazquezperezdelacru/clio-core/context-runtime/src/ipc_manager.cc:2440 INFO 2495580 IncreaseClientShm IpcManager::IncreaseClientShm: Creating clio_2495140_110 with size 134746112 (101191680 + 33554432 overhead)[0m
[97m/home/cvazquezperezdelacru/clio-core/context-runtime/src/ipc_manager.cc:2485 INFO 2495580 IncreaseClientShm IpcManager::IncreaseClientShm: Created allocator clio_2495140_110 with ID (2495140.110)[0m
[97m/home/cvazquezperezdelacru/clio-core/context-runtime/src/ipc_manager.cc:2440 INFO 2495580 IncreaseClientShm IpcManager::IncreaseClientShm: Creating clio_2495140_111 with size 137277216 (103722784 + 33554432 overhead)[0m
[97m/home/cvazquezperezdelacru/clio-core/context-runtime/src/ipc_manager.cc:2485 INFO 2495580 IncreaseClientShm IpcManager::IncreaseClientShm: Created allocator clio_2495140_111 with ID (2495140.111)[0m
[97m/home/cvazquezperezdelacru/clio-core/context-runtime/src/ipc_manager.cc:2440 INFO 2495580 IncreaseClientShm IpcManager::IncreaseClientShm: Creating clio_2495140_112 with size 148345408 (114790976 + 33554432 overhead)[0m
[97m/home/cvazquezperezdelacru/clio-core/context-runtime/src/ipc_manager.cc:2485 INFO 2495580 IncreaseClientShm IpcManager::IncreaseClientShm: Created allocator clio_2495140_112 with ID (2495140.112)[0m
[97m/home/cvazquezperezdelacru/clio-core/context-runtime/src/ipc_manager.cc:2440 INFO 2495580 IncreaseClientShm IpcManager::IncreaseClientShm: Creating clio_2495140_113 with size 141081008 (107526576 + 33554432 overhead)[0m
[97m/home/cvazquezperezdelacru/clio-core/context-runtime/src/ipc_manager.cc:2485 INFO 2495580 IncreaseClientShm IpcManager::IncreaseClientShm: Created allocator clio_2495140_113 with ID (2495140.113)[0m
[97m/home/cvazquezperezdelacru/clio-core/context-runtime/src/ipc_manager.cc:2440 INFO 2495580 IncreaseClientShm IpcManager::IncreaseClientShm: Creating clio_2495140_114 with size 138153408 (104598976 + 33554432 overhead)[0m
[97m/home/cvazquezperezdelacru/clio-core/context-runtime/src/ipc_manager.cc:2485 INFO 2495580 IncreaseClientShm IpcManager::IncreaseClientShm: Created allocator clio_2495140_114 with ID (2495140.114)[0m
[31m/home/cvazquezperezdelacru/clio-core/context-runtime/src/scheduler/default_sched.cc:726 ERROR 2495169 LoadBalance [HANGWATCH-HB] processed=47811 outstanding=61 (queued=61 blocked=0 retry=0 periodic=7) live=3 live_stalled=0[0m
[97m/home/cvazquezperezdelacru/clio-core/context-runtime/src/ipc_manager.cc:2440 INFO 2495580 IncreaseClientShm IpcManager::IncreaseClientShm: Creating clio_2495140_115 with size 147495216 (113940784 + 33554432 overhead)[0m
[97m/home/cvazquezperezdelacru/clio-core/context-runtime/src/ipc_manager.cc:2485 INFO 2495580 IncreaseClientShm IpcManager::IncreaseClientShm: Created allocator clio_2495140_115 with ID (2495140.115)[0m
[97m/home/cvazquezperezdelacru/clio-core/context-runtime/src/ipc_manager.cc:2440 INFO 2495580 IncreaseClientShm IpcManager::IncreaseClientShm: Creating clio_2495140_116 with size 153951008 (120396576 + 33554432 overhead)[0m
[97m/home/cvazquezperezdelacru/clio-core/context-runtime/src/ipc_manager.cc:2485 INFO 2495580 IncreaseClientShm IpcManager::IncreaseClientShm: Created allocator clio_2495140_116 with ID (2495140.116)[0m
[97m/home/cvazquezperezdelacru/clio-core/context-runtime/src/ipc_manager.cc:2440 INFO 2495580 IncreaseClientShm IpcManager::IncreaseClientShm: Creating clio_2495140_117 with size 144684608 (111130176 + 33554432 overhead)[0m
[97m/home/cvazquezperezdelacru/clio-core/context-runtime/src/ipc_manager.cc:2485 INFO 2495580 IncreaseClientShm IpcManager::IncreaseClientShm: Created allocator clio_2495140_117 with ID (2495140.117)[0m
[97m/home/cvazquezperezdelacru/clio-core/context-runtime/src/ipc_manager.cc:2440 INFO 2495580 IncreaseClientShm IpcManager::IncreaseClientShm: Creating clio_2495140_118 with size 147808512 (114254080 + 33554432 overhead)[0m
[97m/home/cvazquezperezdelacru/clio-core/context-runtime/src/ipc_manager.cc:2485 INFO 2495580 IncreaseClientShm IpcManager::IncreaseClientShm: Created allocator clio_2495140_118 with ID (2495140.118)[0m
[31m/home/cvazquezperezdelacru/clio-core/context-runtime/src/scheduler/default_sched.cc:726 ERROR 2495169 LoadBalance [HANGWATCH-HB] processed=49495 outstanding=61 (queued=61 blocked=0 retry=0 periodic=7) live=3 live_stalled=0[0m
[97m/home/cvazquezperezdelacru/clio-core/context-runtime/src/ipc_manager.cc:2440 INFO 2495580 IncreaseClientShm IpcManager::IncreaseClientShm: Creating clio_2495140_119 with size 135727616 (102173184 + 33554432 overhead)[0m
[97m/home/cvazquezperezdelacru/clio-core/context-runtime/src/ipc_manager.cc:2485 INFO 2495580 IncreaseClientShm IpcManager::IncreaseClientShm: Created allocator clio_2495140_119 with ID (2495140.119)[0m
[33m/home/cvazquezperezdelacru/clio-core/context-runtime/src/scheduler/default_sched.cc:430 WARNING 2495169 LoadBalance [#781 PDF] observed exec-time bins (cumulative): <10us=2144201 <50us=72106 <500us=3614 <10ms=20326 <50ms=540 <500ms=26 <1s=0 >=1s=1 | stalls_detected=12[0m
[33m/home/cvazquezperezdelacru/clio-core/context-runtime/src/scheduler/default_sched.cc:439 WARNING 2495169 LoadBalance [#785] lane rescues performed: 12[0m
[97m/home/cvazquezperezdelacru/clio-core/context-runtime/src/ipc_manager.cc:2440 INFO 2495580 IncreaseClientShm IpcManager::IncreaseClientShm: Creating clio_2495140_120 with size 136277512 (102723080 + 33554432 overhead)[0m
[97m/home/cvazquezperezdelacru/clio-core/context-runtime/src/ipc_manager.cc:2485 INFO 2495580 IncreaseClientShm IpcManager::IncreaseClientShm: Created allocator clio_2495140_120 with ID (2495140.120)[0m
[97m/home/cvazquezperezdelacru/clio-core/context-runtime/src/ipc_manager.cc:2440 INFO 2495580 IncreaseClientShm IpcManager::IncreaseClientShm: Creating clio_2495140_121 with size 144537712 (110983280 + 33554432 overhead)[0m
[97m/home/cvazquezperezdelacru/clio-core/context-runtime/src/ipc_manager.cc:2485 INFO 2495580 IncreaseClientShm IpcManager::IncreaseClientShm: Created allocator clio_2495140_121 with ID (2495140.121)[0m
[97m/home/cvazquezperezdelacru/clio-core/context-runtime/src/ipc_manager.cc:2440 INFO 2495580 IncreaseClientShm IpcManager::IncreaseClientShm: Creating clio_2495140_122 with size 145867616 (112313184 + 33554432 overhead)[0m
[97m/home/cvazquezperezdelacru/clio-core/context-runtime/src/ipc_manager.cc:2485 INFO 2495580 IncreaseClientShm IpcManager::IncreaseClientShm: Created allocator clio_2495140_122 with ID (2495140.122)[0m
[31m/home/cvazquezperezdelacru/clio-core/context-runtime/src/scheduler/default_sched.cc:726 ERROR 2495169 LoadBalance [HANGWATCH-HB] processed=51045 outstanding=60 (queued=60 blocked=0 retry=0 periodic=7) live=3 live_stalled=0[0m
[97m/home/cvazquezperezdelacru/clio-core/context-runtime/src/ipc_manager.cc:2440 INFO 2495580 IncreaseClientShm IpcManager::IncreaseClientShm: Creating clio_2495140_123 with size 149614208 (116059776 + 33554432 overhead)[0m
[97m/home/cvazquezperezdelacru/clio-core/context-runtime/src/ipc_manager.cc:2485 INFO 2495580 IncreaseClientShm IpcManager::IncreaseClientShm: Created allocator clio_2495140_123 with ID (2495140.123)[0m
[97m/home/cvazquezperezdelacru/clio-core/context-runtime/src/ipc_manager.cc:2440 INFO 2495580 IncreaseClientShm IpcManager::IncreaseClientShm: Creating clio_2495140_124 with size 146177008 (112622576 + 33554432 overhead)[0m
[97m/home/cvazquezperezdelacru/clio-core/context-runtime/src/ipc_manager.cc:2485 INFO 2495580 IncreaseClientShm IpcManager::IncreaseClientShm: Created allocator clio_2495140_124 with ID (2495140.124)[0m
[97m/mnt/common/cvazquezperezdelacru/IOWARP/faiss/contrib/iowarp/chimod/src/faiss_ivf_runtime.cc:300 INFO 2495164 Search faiss_ivf: Search nq=500 k=10 nprobe=128 unique_lists=8154[0m
[97m/home/cvazquezperezdelacru/clio-core/context-runtime/src/ipc_manager.cc:2440 INFO 2495164 IncreaseClientShm IpcManager::IncreaseClientShm: Creating clio_2495140_125 with size 142109312 (108554880 + 33554432 overhead)[0m
[97m/home/cvazquezperezdelacru/clio-core/context-runtime/src/ipc_manager.cc:2485 INFO 2495164 IncreaseClientShm IpcManager::IncreaseClientShm: Created allocator clio_2495140_125 with ID (2495140.125)[0m
[97m/home/cvazquezperezdelacru/clio-core/context-runtime/src/ipc_manager.cc:2440 INFO 2495164 IncreaseClientShm IpcManager::IncreaseClientShm: Creating clio_2495140_126 with size 155888016 (122333584 + 33554432 overhead)[0m
[97m/home/cvazquezperezdelacru/clio-core/context-runtime/src/ipc_manager.cc:2485 INFO 2495164 IncreaseClientShm IpcManager::IncreaseClientShm: Created allocator clio_2495140_126 with ID (2495140.126)[0m
[33m/home/cvazquezperezdelacru/clio-core/context-runtime/src/scheduler/default_sched.cc:455 WARNING 2495169 operator() [#781] worker 3 STALLED on one task (load_us=-nan realtime_load_us=-nan threshold_s=1)[0m
[33m/home/cvazquezperezdelacru/clio-core/context-runtime/src/worker.cc:370 WARNING 2495169 AdoptLane [#785] worker 3 adopted lane 0x7f048c13b428[0m
[33m/home/cvazquezperezdelacru/clio-core/context-runtime/src/scheduler/default_sched.cc:598 WARNING 2495169 operator() [#785] RESCUE: stalled worker 3 -> worker 8 (2 parked task(s) moved, 0 queued task(s) redistributed, rescues=13)[0m
[97m/home/cvazquezperezdelacru/clio-core/context-runtime/src/ipc_manager.cc:2440 INFO 2495164 IncreaseClientShm IpcManager::IncreaseClientShm: Creating clio_2495140_127 with size 143220816 (109666384 + 33554432 overhead)[0m
[97m/home/cvazquezperezdelacru/clio-core/context-runtime/src/ipc_manager.cc:2485 INFO 2495164 IncreaseClientShm IpcManager::IncreaseClientShm: Created allocator clio_2495140_127 with ID (2495140.127)[0m
[33m/home/cvazquezperezdelacru/clio-core/context-runtime/src/scheduler/default_sched.cc:455 WARNING 2495169 operator() [#781] worker 3 STALLED on one task (load_us=-nan realtime_load_us=-nan threshold_s=1)[0m
[33m/home/cvazquezperezdelacru/clio-core/context-runtime/src/worker.cc:370 WARNING 2495169 AdoptLane [#785] worker 3 adopted lane 0x7f048c13b428[0m
[33m/home/cvazquezperezdelacru/clio-core/context-runtime/src/scheduler/default_sched.cc:598 WARNING 2495169 operator() [#785] RESCUE: stalled worker 3 -> worker 8 (0 parked task(s) moved, 0 queued task(s) redistributed, rescues=14)[0m
[97m/home/cvazquezperezdelacru/clio-core/context-runtime/src/ipc_manager.cc:2440 INFO 2495164 IncreaseClientShm IpcManager::IncreaseClientShm: Creating clio_2495140_128 with size 143497712 (109943280 + 33554432 overhead)[0m
[97m/home/cvazquezperezdelacru/clio-core/context-runtime/src/ipc_manager.cc:2485 INFO 2495164 IncreaseClientShm IpcManager::IncreaseClientShm: Created allocator clio_2495140_128 with ID (2495140.128)[0m
[33m/home/cvazquezperezdelacru/clio-core/context-runtime/src/scheduler/default_sched.cc:455 WARNING 2495169 operator() [#781] worker 3 STALLED on one task (load_us=-nan realtime_load_us=-nan threshold_s=1)[0m
[33m/home/cvazquezperezdelacru/clio-core/context-runtime/src/worker.cc:370 WARNING 2495169 AdoptLane [#785] worker 3 adopted lane 0x7f048c13b428[0m
[33m/home/cvazquezperezdelacru/clio-core/context-runtime/src/scheduler/default_sched.cc:598 WARNING 2495169 operator() [#785] RESCUE: stalled worker 3 -> worker 8 (0 parked task(s) moved, 0 queued task(s) redistributed, rescues=15)[0m
[97m/home/cvazquezperezdelacru/clio-core/context-runtime/src/ipc_manager.cc:2440 INFO 2495164 IncreaseClientShm IpcManager::IncreaseClientShm: Creating clio_2495140_129 with size 140376416 (106821984 + 33554432 overhead)[0m
[97m/home/cvazquezperezdelacru/clio-core/context-runtime/src/ipc_manager.cc:2485 INFO 2495164 IncreaseClientShm IpcManager::IncreaseClientShm: Created allocator clio_2495140_129 with ID (2495140.129)[0m
[33m/home/cvazquezperezdelacru/clio-core/context-runtime/src/scheduler/default_sched.cc:430 WARNING 2495169 LoadBalance [#781 PDF] observed exec-time bins (cumulative): <10us=2216556 <50us=73943 <500us=3623 <10ms=21193 <50ms=584 <500ms=26 <1s=0 >=1s=2 | stalls_detected=15[0m
[33m/home/cvazquezperezdelacru/clio-core/context-runtime/src/scheduler/default_sched.cc:439 WARNING 2495169 LoadBalance [#785] lane rescues performed: 15[0m
[33m/home/cvazquezperezdelacru/clio-core/context-runtime/src/scheduler/default_sched.cc:455 WARNING 2495169 operator() [#781] worker 3 STALLED on one task (load_us=-nan realtime_load_us=-nan threshold_s=1)[0m
[33m/home/cvazquezperezdelacru/clio-core/context-runtime/src/worker.cc:370 WARNING 2495169 AdoptLane [#785] worker 3 adopted lane 0x7f048c13b428[0m
[33m/home/cvazquezperezdelacru/clio-core/context-runtime/src/scheduler/default_sched.cc:598 WARNING 2495169 operator() [#785] RESCUE: stalled worker 3 -> worker 8 (0 parked task(s) moved, 0 queued task(s) redistributed, rescues=16)[0m
[97m/home/cvazquezperezdelacru/clio-core/context-runtime/src/ipc_manager.cc:2440 INFO 2495164 IncreaseClientShm IpcManager::IncreaseClientShm: Creating clio_2495140_130 with size 133096416 (99541984 + 33554432 overhead)[0m
[97m/home/cvazquezperezdelacru/clio-core/context-runtime/src/ipc_manager.cc:2485 INFO 2495164 IncreaseClientShm IpcManager::IncreaseClientShm: Created allocator clio_2495140_130 with ID (2495140.130)[0m
[97m/home/cvazquezperezdelacru/clio-core/context-runtime/src/ipc_manager.cc:2440 INFO 2495164 IncreaseClientShm IpcManager::IncreaseClientShm: Creating clio_2495140_131 with size 130795408 (97240976 + 33554432 overhead)[0m
[97m/home/cvazquezperezdelacru/clio-core/context-runtime/src/ipc_manager.cc:2485 INFO 2495164 IncreaseClientShm IpcManager::IncreaseClientShm: Created allocator clio_2495140_131 with ID (2495140.131)[0m
[33m/home/cvazquezperezdelacru/clio-core/context-runtime/src/scheduler/default_sched.cc:455 WARNING 2495169 operator() [#781] worker 3 STALLED on one task (load_us=-nan realtime_load_us=-nan threshold_s=1)[0m
[33m/home/cvazquezperezdelacru/clio-core/context-runtime/src/worker.cc:370 WARNING 2495169 AdoptLane [#785] worker 3 adopted lane 0x7f048c13b428[0m
[33m/home/cvazquezperezdelacru/clio-core/context-runtime/src/scheduler/default_sched.cc:598 WARNING 2495169 operator() [#785] RESCUE: stalled worker 3 -> worker 8 (0 parked task(s) moved, 0 queued task(s) redistributed, rescues=17)[0m
[97m/home/cvazquezperezdelacru/clio-core/context-runtime/src/ipc_manager.cc:2440 INFO 2495164 IncreaseClientShm IpcManager::IncreaseClientShm: Creating clio_2495140_132 with size 136298312 (102743880 + 33554432 overhead)[0m
[97m/home/cvazquezperezdelacru/clio-core/context-runtime/src/ipc_manager.cc:2485 INFO 2495164 IncreaseClientShm IpcManager::IncreaseClientShm: Created allocator clio_2495140_132 with ID (2495140.132)[0m
[97m/home/cvazquezperezdelacru/clio-core/context-runtime/src/ipc_manager.cc:2440 INFO 2495164 IncreaseClientShm IpcManager::IncreaseClientShm: Creating clio_2495140_133 with size 142124912 (108570480 + 33554432 overhead)[0m
[97m/home/cvazquezperezdelacru/clio-core/context-runtime/src/ipc_manager.cc:2485 INFO 2495164 IncreaseClientShm IpcManager::IncreaseClientShm: Created allocator clio_2495140_133 with ID (2495140.133)[0m
[97m/home/cvazquezperezdelacru/clio-core/context-runtime/src/ipc_manager.cc:2440 INFO 2495580 IncreaseClientShm IpcManager::IncreaseClientShm: Creating clio_2495140_134 with size 140723512 (107169080 + 33554432 overhead)[0m
[97m/home/cvazquezperezdelacru/clio-core/context-runtime/src/ipc_manager.cc:2485 INFO 2495580 IncreaseClientShm IpcManager::IncreaseClientShm: Created allocator clio_2495140_134 with ID (2495140.134)[0m
[97m/home/cvazquezperezdelacru/clio-core/context-runtime/src/ipc_manager.cc:2440 INFO 2495580 IncreaseClientShm IpcManager::IncreaseClientShm: Creating clio_2495140_135 with size 141147312 (107592880 + 33554432 overhead)[0m
[97m/home/cvazquezperezdelacru/clio-core/context-runtime/src/ipc_manager.cc:2485 INFO 2495580 IncreaseClientShm IpcManager::IncreaseClientShm: Created allocator clio_2495140_135 with ID (2495140.135)[0m
[97m/home/cvazquezperezdelacru/clio-core/context-runtime/src/ipc_manager.cc:2440 INFO 2495580 IncreaseClientShm IpcManager::IncreaseClientShm: Creating clio_2495140_136 with size 136570016 (103015584 + 33554432 overhead)[0m
[97m/home/cvazquezperezdelacru/clio-core/context-runtime/src/ipc_manager.cc:2485 INFO 2495580 IncreaseClientShm IpcManager::IncreaseClientShm: Created allocator clio_2495140_136 with ID (2495140.136)[0m
[97m/home/cvazquezperezdelacru/clio-core/context-runtime/src/ipc_manager.cc:2440 INFO 2495580 IncreaseClientShm IpcManager::IncreaseClientShm: Creating clio_2495140_137 with size 146496816 (112942384 + 33554432 overhead)[0m
[97m/home/cvazquezperezdelacru/clio-core/context-runtime/src/ipc_manager.cc:2485 INFO 2495580 IncreaseClientShm IpcManager::IncreaseClientShm: Created allocator clio_2495140_137 with ID (2495140.137)[0m
[97m/home/cvazquezperezdelacru/clio-core/context-runtime/src/ipc_manager.cc:2440 INFO 2495580 IncreaseClientShm IpcManager::IncreaseClientShm: Creating clio_2495140_138 with size 147010312 (113455880 + 33554432 overhead)[0m
[97m/home/cvazquezperezdelacru/clio-core/context-runtime/src/ipc_manager.cc:2485 INFO 2495580 IncreaseClientShm IpcManager::IncreaseClientShm: Created allocator clio_2495140_138 with ID (2495140.138)[0m
[97m/home/cvazquezperezdelacru/clio-core/context-runtime/src/ipc_manager.cc:2440 INFO 2495580 IncreaseClientShm IpcManager::IncreaseClientShm: Creating clio_2495140_139 with size 147930712 (114376280 + 33554432 overhead)[0m
[97m/home/cvazquezperezdelacru/clio-core/context-runtime/src/ipc_manager.cc:2485 INFO 2495580 IncreaseClientShm IpcManager::IncreaseClientShm: Created allocator clio_2495140_139 with ID (2495140.139)[0m
[31m/home/cvazquezperezdelacru/clio-core/context-runtime/src/scheduler/default_sched.cc:726 ERROR 2495169 LoadBalance [HANGWATCH-HB] processed=52967 outstanding=58 (queued=58 blocked=0 retry=0 periodic=6) live=4 live_stalled=0[0m
[97m/home/cvazquezperezdelacru/clio-core/context-runtime/src/ipc_manager.cc:2440 INFO 2495580 IncreaseClientShm IpcManager::IncreaseClientShm: Creating clio_2495140_140 with size 141221408 (107666976 + 33554432 overhead)[0m
[97m/home/cvazquezperezdelacru/clio-core/context-runtime/src/ipc_manager.cc:2485 INFO 2495580 IncreaseClientShm IpcManager::IncreaseClientShm: Created allocator clio_2495140_140 with ID (2495140.140)[0m
[97m/home/cvazquezperezdelacru/clio-core/context-runtime/src/ipc_manager.cc:2440 INFO 2495580 IncreaseClientShm IpcManager::IncreaseClientShm: Creating clio_2495140_141 with size 157809408 (124254976 + 33554432 overhead)[0m
[97m/home/cvazquezperezdelacru/clio-core/context-runtime/src/ipc_manager.cc:2485 INFO 2495580 IncreaseClientShm IpcManager::IncreaseClientShm: Created allocator clio_2495140_141 with ID (2495140.141)[0m
[97m/home/cvazquezperezdelacru/clio-core/context-runtime/src/ipc_manager.cc:2440 INFO 2495580 IncreaseClientShm IpcManager::IncreaseClientShm: Creating clio_2495140_142 with size 144801616 (111247184 + 33554432 overhead)[0m
[97m/home/cvazquezperezdelacru/clio-core/context-runtime/src/ipc_manager.cc:2485 INFO 2495580 IncreaseClientShm IpcManager::IncreaseClientShm: Created allocator clio_2495140_142 with ID (2495140.142)[0m
[97m/home/cvazquezperezdelacru/clio-core/context-runtime/src/ipc_manager.cc:2440 INFO 2495580 IncreaseClientShm IpcManager::IncreaseClientShm: Creating clio_2495140_143 with size 137831008 (104276576 + 33554432 overhead)[0m
[97m/home/cvazquezperezdelacru/clio-core/context-runtime/src/ipc_manager.cc:2485 INFO 2495580 IncreaseClientShm IpcManager::IncreaseClientShm: Created allocator clio_2495140_143 with ID (2495140.143)[0m
[97m/home/cvazquezperezdelacru/clio-core/context-runtime/src/ipc_manager.cc:2440 INFO 2495580 IncreaseClientShm IpcManager::IncreaseClientShm: Creating clio_2495140_144 with size 139418312 (105863880 + 33554432 overhead)[0m
[97m/home/cvazquezperezdelacru/clio-core/context-runtime/src/ipc_manager.cc:2485 INFO 2495580 IncreaseClientShm IpcManager::IncreaseClientShm: Created allocator clio_2495140_144 with ID (2495140.144)[0m
[97m/home/cvazquezperezdelacru/clio-core/context-runtime/src/ipc_manager.cc:2440 INFO 2495580 IncreaseClientShm IpcManager::IncreaseClientShm: Creating clio_2495140_145 with size 138098816 (104544384 + 33554432 overhead)[0m
[97m/home/cvazquezperezdelacru/clio-core/context-runtime/src/ipc_manager.cc:2485 INFO 2495580 IncreaseClientShm IpcManager::IncreaseClientShm: Created allocator clio_2495140_145 with ID (2495140.145)[0m
[31m/home/cvazquezperezdelacru/clio-core/context-runtime/src/scheduler/default_sched.cc:726 ERROR 2495169 LoadBalance [HANGWATCH-HB] processed=55357 outstanding=49 (queued=49 blocked=0 retry=0 periodic=7) live=4 live_stalled=0[0m
[97m/home/cvazquezperezdelacru/clio-core/context-runtime/src/ipc_manager.cc:2440 INFO 2495580 IncreaseClientShm IpcManager::IncreaseClientShm: Creating clio_2495140_146 with size 139453408 (105898976 + 33554432 overhead)[0m
[97m/home/cvazquezperezdelacru/clio-core/context-runtime/src/ipc_manager.cc:2485 INFO 2495580 IncreaseClientShm IpcManager::IncreaseClientShm: Created allocator clio_2495140_146 with ID (2495140.146)[0m
[97m/home/cvazquezperezdelacru/clio-core/context-runtime/src/ipc_manager.cc:2440 INFO 2495580 IncreaseClientShm IpcManager::IncreaseClientShm: Creating clio_2495140_147 with size 140562312 (107007880 + 33554432 overhead)[0m
[97m/home/cvazquezperezdelacru/clio-core/context-runtime/src/ipc_manager.cc:2485 INFO 2495580 IncreaseClientShm IpcManager::IncreaseClientShm: Created allocator clio_2495140_147 with ID (2495140.147)[0m
[97m/home/cvazquezperezdelacru/clio-core/context-runtime/src/ipc_manager.cc:2440 INFO 2495580 IncreaseClientShm IpcManager::IncreaseClientShm: Creating clio_2495140_148 with size 140343912 (106789480 + 33554432 overhead)[0m
[97m/home/cvazquezperezdelacru/clio-core/context-runtime/src/ipc_manager.cc:2485 INFO 2495580 IncreaseClientShm IpcManager::IncreaseClientShm: Created allocator clio_2495140_148 with ID (2495140.148)[0m
[97m/home/cvazquezperezdelacru/clio-core/context-runtime/src/ipc_manager.cc:2440 INFO 2495580 IncreaseClientShm IpcManager::IncreaseClientShm: Creating clio_2495140_149 with size 142647512 (109093080 + 33554432 overhead)[0m
[97m/home/cvazquezperezdelacru/clio-core/context-runtime/src/ipc_manager.cc:2485 INFO 2495580 IncreaseClientShm IpcManager::IncreaseClientShm: Created allocator clio_2495140_149 with ID (2495140.149)[0m
[33m/home/cvazquezperezdelacru/clio-core/context-runtime/src/scheduler/default_sched.cc:430 WARNING 2495169 LoadBalance [#781 PDF] observed exec-time bins (cumulative): <10us=2284298 <50us=76781 <500us=3708 <10ms=23398 <50ms=751 <500ms=26 <1s=0 >=1s=2 | stalls_detected=17[0m
[33m/home/cvazquezperezdelacru/clio-core/context-runtime/src/scheduler/default_sched.cc:439 WARNING 2495169 LoadBalance [#785] lane rescues performed: 17[0m
[97m/home/cvazquezperezdelacru/clio-core/context-runtime/src/ipc_manager.cc:2440 INFO 2495580 IncreaseClientShm IpcManager::IncreaseClientShm: Creating clio_2495140_150 with size 145055112 (111500680 + 33554432 overhead)[0m
[97m/home/cvazquezperezdelacru/clio-core/context-runtime/src/ipc_manager.cc:2485 INFO 2495580 IncreaseClientShm IpcManager::IncreaseClientShm: Created allocator clio_2495140_150 with ID (2495140.150)[0m
[97m/home/cvazquezperezdelacru/clio-core/context-runtime/src/ipc_manager.cc:2440 INFO 2495580 IncreaseClientShm IpcManager::IncreaseClientShm: Creating clio_2495140_151 with size 143630312 (110075880 + 33554432 overhead)[0m
[97m/home/cvazquezperezdelacru/clio-core/context-runtime/src/ipc_manager.cc:2485 INFO 2495580 IncreaseClientShm IpcManager::IncreaseClientShm: Created allocator clio_2495140_151 with ID (2495140.151)[0m
[97m/home/cvazquezperezdelacru/clio-core/context-runtime/src/ipc_manager.cc:2440 INFO 2495580 IncreaseClientShm IpcManager::IncreaseClientShm: Creating clio_2495140_152 with size 156167512 (122613080 + 33554432 overhead)[0m
[97m/home/cvazquezperezdelacru/clio-core/context-runtime/src/ipc_manager.cc:2485 INFO 2495580 IncreaseClientShm IpcManager::IncreaseClientShm: Created allocator clio_2495140_152 with ID (2495140.152)[0m
[31m/home/cvazquezperezdelacru/clio-core/context-runtime/src/scheduler/default_sched.cc:726 ERROR 2495169 LoadBalance [HANGWATCH-HB] processed=57558 outstanding=61 (queued=61 blocked=0 retry=0 periodic=7) live=3 live_stalled=0[0m
[97m/home/cvazquezperezdelacru/clio-core/context-runtime/src/ipc_manager.cc:2440 INFO 2495580 IncreaseClientShm IpcManager::IncreaseClientShm: Creating clio_2495140_153 with size 136661008 (103106576 + 33554432 overhead)[0m
[97m/home/cvazquezperezdelacru/clio-core/context-runtime/src/ipc_manager.cc:2485 INFO 2495580 IncreaseClientShm IpcManager::IncreaseClientShm: Created allocator clio_2495140_153 with ID (2495140.153)[0m
[97m/home/cvazquezperezdelacru/clio-core/context-runtime/src/ipc_manager.cc:2440 INFO 2495580 IncreaseClientShm IpcManager::IncreaseClientShm: Creating clio_2495140_154 with size 140187912 (106633480 + 33554432 overhead)[0m
[97m/home/cvazquezperezdelacru/clio-core/context-runtime/src/ipc_manager.cc:2485 INFO 2495580 IncreaseClientShm IpcManager::IncreaseClientShm: Created allocator clio_2495140_154 with ID (2495140.154)[0m
[97m/home/cvazquezperezdelacru/clio-core/context-runtime/src/ipc_manager.cc:2440 INFO 2495580 IncreaseClientShm IpcManager::IncreaseClientShm: Creating clio_2495140_155 with size 140212608 (106658176 + 33554432 overhead)[0m
[97m/home/cvazquezperezdelacru/clio-core/context-runtime/src/ipc_manager.cc:2485 INFO 2495580 IncreaseClientShm IpcManager::IncreaseClientShm: Created allocator clio_2495140_155 with ID (2495140.155)[0m
[97m/home/cvazquezperezdelacru/clio-core/context-runtime/src/ipc_manager.cc:2440 INFO 2495580 IncreaseClientShm IpcManager::IncreaseClientShm: Creating clio_2495140_156 with size 142362816 (108808384 + 33554432 overhead)[0m
[97m/home/cvazquezperezdelacru/clio-core/context-runtime/src/ipc_manager.cc:2485 INFO 2495580 IncreaseClientShm IpcManager::IncreaseClientShm: Created allocator clio_2495140_156 with ID (2495140.156)[0m
[97m/home/cvazquezperezdelacru/clio-core/context-runtime/src/ipc_manager.cc:2440 INFO 2495580 IncreaseClientShm IpcManager::IncreaseClientShm: Creating clio_2495140_157 with size 146507216 (112952784 + 33554432 overhead)[0m
[97m/home/cvazquezperezdelacru/clio-core/context-runtime/src/ipc_manager.cc:2485 INFO 2495580 IncreaseClientShm IpcManager::IncreaseClientShm: Created allocator clio_2495140_157 with ID (2495140.157)[0m
[31m/home/cvazquezperezdelacru/clio-core/context-runtime/src/scheduler/default_sched.cc:726 ERROR 2495169 LoadBalance [HANGWATCH-HB] processed=60486 outstanding=2 (queued=2 blocked=0 retry=0 periodic=6) live=4 live_stalled=0[0m
[97m/home/cvazquezperezdelacru/clio-core/context-runtime/src/ipc_manager.cc:2440 INFO 2495580 IncreaseClientShm IpcManager::IncreaseClientShm: Creating clio_2495140_158 with size 148345408 (114790976 + 33554432 overhead)[0m
[97m/home/cvazquezperezdelacru/clio-core/context-runtime/src/ipc_manager.cc:2485 INFO 2495580 IncreaseClientShm IpcManager::IncreaseClientShm: Created allocator clio_2495140_158 with ID (2495140.158)[0m
[97m/home/cvazquezperezdelacru/clio-core/context-runtime/src/ipc_manager.cc:2440 INFO 2495580 IncreaseClientShm IpcManager::IncreaseClientShm: Creating clio_2495140_159 with size 138153408 (104598976 + 33554432 overhead)[0m
[97m/home/cvazquezperezdelacru/clio-core/context-runtime/src/ipc_manager.cc:2485 INFO 2495580 IncreaseClientShm IpcManager::IncreaseClientShm: Created allocator clio_2495140_159 with ID (2495140.159)[0m
[97m/home/cvazquezperezdelacru/clio-core/context-runtime/src/ipc_manager.cc:2440 INFO 2495580 IncreaseClientShm IpcManager::IncreaseClientShm: Creating clio_2495140_160 with size 147495216 (113940784 + 33554432 overhead)[0m
[97m/home/cvazquezperezdelacru/clio-core/context-runtime/src/ipc_manager.cc:2485 INFO 2495580 IncreaseClientShm IpcManager::IncreaseClientShm: Created allocator clio_2495140_160 with ID (2495140.160)[0m
[33m/home/cvazquezperezdelacru/clio-core/context-runtime/src/scheduler/default_sched.cc:430 WARNING 2495169 LoadBalance [#781 PDF] observed exec-time bins (cumulative): <10us=2350449 <50us=80983 <500us=3733 <10ms=26014 <50ms=820 <500ms=26 <1s=0 >=1s=2 | stalls_detected=17[0m
[33m/home/cvazquezperezdelacru/clio-core/context-runtime/src/scheduler/default_sched.cc:439 WARNING 2495169 LoadBalance [#785] lane rescues performed: 17[0m
[97m/home/cvazquezperezdelacru/clio-core/context-runtime/src/ipc_manager.cc:2440 INFO 2495580 IncreaseClientShm IpcManager::IncreaseClientShm: Creating clio_2495140_161 with size 153951008 (120396576 + 33554432 overhead)[0m
[97m/home/cvazquezperezdelacru/clio-core/context-runtime/src/ipc_manager.cc:2485 INFO 2495580 IncreaseClientShm IpcManager::IncreaseClientShm: Created allocator clio_2495140_161 with ID (2495140.161)[0m
[31m/home/cvazquezperezdelacru/clio-core/context-runtime/src/scheduler/default_sched.cc:726 ERROR 2495169 LoadBalance [HANGWATCH-HB] processed=62224 outstanding=61 (queued=61 blocked=0 retry=0 periodic=7) live=3 live_stalled=0[0m
[97m/home/cvazquezperezdelacru/clio-core/context-runtime/src/ipc_manager.cc:2440 INFO 2495580 IncreaseClientShm IpcManager::IncreaseClientShm: Creating clio_2495140_162 with size 147808512 (114254080 + 33554432 overhead)[0m
[97m/home/cvazquezperezdelacru/clio-core/context-runtime/src/ipc_manager.cc:2485 INFO 2495580 IncreaseClientShm IpcManager::IncreaseClientShm: Created allocator clio_2495140_162 with ID (2495140.162)[0m
[97m/home/cvazquezperezdelacru/clio-core/context-runtime/src/ipc_manager.cc:2440 INFO 2495580 IncreaseClientShm IpcManager::IncreaseClientShm: Creating clio_2495140_163 with size 135862816 (102308384 + 33554432 overhead)[0m
[97m/home/cvazquezperezdelacru/clio-core/context-runtime/src/ipc_manager.cc:2485 INFO 2495580 IncreaseClientShm IpcManager::IncreaseClientShm: Created allocator clio_2495140_163 with ID (2495140.163)[0m
[31m/home/cvazquezperezdelacru/clio-core/context-runtime/src/scheduler/default_sched.cc:726 ERROR 2495169 LoadBalance [HANGWATCH-HB] processed=63852 outstanding=61 (queued=61 blocked=0 retry=0 periodic=7) live=3 live_stalled=0[0m
[97m/home/cvazquezperezdelacru/clio-core/context-runtime/src/ipc_manager.cc:2440 INFO 2495580 IncreaseClientShm IpcManager::IncreaseClientShm: Creating clio_2495140_164 with size 143276712 (109722280 + 33554432 overhead)[0m
[97m/home/cvazquezperezdelacru/clio-core/context-runtime/src/ipc_manager.cc:2485 INFO 2495580 IncreaseClientShm IpcManager::IncreaseClientShm: Created allocator clio_2495140_164 with ID (2495140.164)[0m
[97m/home/cvazquezperezdelacru/clio-core/context-runtime/src/ipc_manager.cc:2440 INFO 2495580 IncreaseClientShm IpcManager::IncreaseClientShm: Creating clio_2495140_165 with size 145867616 (112313184 + 33554432 overhead)[0m
[97m/home/cvazquezperezdelacru/clio-core/context-runtime/src/ipc_manager.cc:2485 INFO 2495580 IncreaseClientShm IpcManager::IncreaseClientShm: Created allocator clio_2495140_165 with ID (2495140.165)[0m
[97m/home/cvazquezperezdelacru/clio-core/context-runtime/src/ipc_manager.cc:2440 INFO 2495580 IncreaseClientShm IpcManager::IncreaseClientShm: Creating clio_2495140_166 with size 149614208 (116059776 + 33554432 overhead)[0m
[97m/home/cvazquezperezdelacru/clio-core/context-runtime/src/ipc_manager.cc:2485 INFO 2495580 IncreaseClientShm IpcManager::IncreaseClientShm: Created allocator clio_2495140_166 with ID (2495140.166)[0m
[97m/home/cvazquezperezdelacru/clio-core/context-runtime/src/ipc_manager.cc:2440 INFO 2495580 IncreaseClientShm IpcManager::IncreaseClientShm: Creating clio_2495140_167 with size 146177008 (112622576 + 33554432 overhead)[0m
[97m/home/cvazquezperezdelacru/clio-core/context-runtime/src/ipc_manager.cc:2485 INFO 2495580 IncreaseClientShm IpcManager::IncreaseClientShm: Created allocator clio_2495140_167 with ID (2495140.167)[0m
[33m/home/cvazquezperezdelacru/clio-core/context-runtime/src/scheduler/default_sched.cc:430 WARNING 2495169 LoadBalance [#781 PDF] observed exec-time bins (cumulative): <10us=2417459 <50us=86027 <500us=3742 <10ms=27661 <50ms=860 <500ms=26 <1s=0 >=1s=3 | stalls_detected=17[0m
[33m/home/cvazquezperezdelacru/clio-core/context-runtime/src/scheduler/default_sched.cc:439 WARNING 2495169 LoadBalance [#785] lane rescues performed: 17[0m
[97m/home/cvazquezperezdelacru/clio-core/context-runtime/src/pool_manager.cc:431 INFO 2495140 DestroyLocalPool PoolManager: Destroyed local pool PoolId(major:1, minor:0)[0m
[31m/home/cvazquezperezdelacru/clio-core/context-runtime/src/ipc_manager.cc:3849 ERROR 2495167 RouteTask RouteTask: RouteLocal returned 4 for pool=PoolId(major:1, minor:0) method=14, worker=6[0m
[31m/home/cvazquezperezdelacru/clio-core/context-runtime/src/ipc_manager.cc:3849 ERROR 2495167 RouteTask RouteTask: RouteLocal returned 4 for pool=PoolId(major:1, minor:0) method=14, worker=6[0m
[31m/home/cvazquezperezdelacru/clio-core/context-runtime/src/ipc_manager.cc:3849 ERROR 2495168 RouteTask RouteTask: RouteLocal returned 4 for pool=PoolId(major:1, minor:0) method=21, worker=7[0m
[31m/home/cvazquezperezdelacru/clio-core/context-runtime/src/ipc_manager.cc:3849 ERROR 2495168 RouteTask RouteTask: RouteLocal returned 4 for pool=PoolId(major:1, minor:0) method=21, worker=7[0m
