[97m/home/cvazquezperezdelacru/clio-core/context-runtime/src/config_manager.cc:144 INFO 2920595 ClientInit Config at: /mnt/common/cvazquezperezdelacru/IOWARP/faiss/contrib/iowarp/benchmarks/results/ares_cte_rendered_20260731_111806.yaml[0m
[97m/home/cvazquezperezdelacru/clio-core/context-runtime/src/ipc_manager.cc:2865 INFO 2920595 ClearUserIpcs ClearUserIpcs: Removed 31 memfd symlinks from previous runs[0m
[33m/home/cvazquezperezdelacru/clio-core/context-runtime/src/ipc_manager.cc:906 WARNING 2920595 ServerInitShm Main segment: requested 50079715328 bytes exceeds half the memory budget (50079715328 bytes); clamping to 25039857664 bytes[0m
[97m/home/cvazquezperezdelacru/clio-core/context-runtime/src/ipc_manager.cc:931 INFO 2920595 ServerInitShm Initializing main shared memory segment: 25039857664 bytes (23879 MB)[0m
[97m/home/cvazquezperezdelacru/clio-core/context-runtime/src/ipc_manager.cc:952 INFO 2920595 ServerInitShm Initializing queue shared memory segment: 646224224 bytes (631078 KB)[0m
[33m/home/cvazquezperezdelacru/clio-core/context-runtime/src/ipc_manager.cc:1005 WARNING 2920595 ServerInitShm Metadata segment: requested 50079715328 bytes exceeds half the memory budget (50079715328 bytes); clamping to 25039857664 bytes[0m
[97m/home/cvazquezperezdelacru/clio-core/context-runtime/src/ipc_manager.cc:1039 INFO 2920595 ServerInitShm Initializing metadata shared memory segment: 25039857664 bytes (23879 MB), sparse/not pre-faulted[0m
[97m/home/cvazquezperezdelacru/clio-core/context-runtime/src/ipc_manager.cc:865 INFO 2920595 ExcludeFromCoreDump metadata segment: excluded 25039857664 bytes from core dumps[0m
[97m/home/cvazquezperezdelacru/clio-core/context-runtime/src/ipc_manager.cc:1072 INFO 2920595 ServerInitShm ServerInitShm: metadata directory at offset 68072[0m
[97m/home/cvazquezperezdelacru/clio-core/context-runtime/src/ipc_manager.cc:1127 INFO 2920595 ServerInitShm ServerInitShm: 8 inbound SHM ring(s) 'clio-2920595-shm-in-0..7' (16MB each)[0m
[97m/home/cvazquezperezdelacru/clio-core/context-runtime/src/ipc_manager.cc:1269 INFO 2920595 ServerInitQueues Initializing 16 worker queues with depth 1024 (last worker serves dual role)[0m
[97m/home/cvazquezperezdelacru/clio-core/context-runtime/src/ipc_manager.cc:1933 INFO 2920595 IdentifyThisHost SUCCESS: Main server started on 0.0.0.0:9413 (advertised as 0.0.0.0, node=0)[0m
[97m/home/cvazquezperezdelacru/clio-core/context-runtime/src/ipc_manager.cc:561 INFO 2920595 ServerInit IpcManager: TCP ROUTER transport bound on 0.0.0.0:9416[0m
[97m/home/cvazquezperezdelacru/clio-core/context-runtime/src/ipc_manager.cc:579 INFO 2920595 ServerInit IpcManager: IPC lightbeam server bound on /tmp/clio_cvazquezperezdelacru/clio_9413.ipc[0m
[97m/home/cvazquezperezdelacru/clio-core/context-runtime/src/module_manager.cc:137 INFO 2920595 LoadChiMod Loaded ChiMod: clio_cte_filesystem from /mnt/common/cvazquezperezdelacru/clio-core-dev-install/lib/libclio_cte_filesystem_runtime.so[0m
[97m/home/cvazquezperezdelacru/clio-core/context-runtime/src/module_manager.cc:137 INFO 2920595 LoadChiMod Loaded ChiMod: clio_MOD_NAME from /mnt/common/cvazquezperezdelacru/clio-core-dev-install/lib/libclio_MOD_NAME_runtime.so[0m
[97m/home/cvazquezperezdelacru/clio-core/context-runtime/src/module_manager.cc:137 INFO 2920595 LoadChiMod Loaded ChiMod: clio_admin from /mnt/common/cvazquezperezdelacru/clio-core-dev-install/lib/libclio_admin_runtime.so[0m
[97m/home/cvazquezperezdelacru/clio-core/context-runtime/src/module_manager.cc:137 INFO 2920595 LoadChiMod Loaded ChiMod: clio_bdev from /mnt/common/cvazquezperezdelacru/clio-core-dev-install/lib/libclio_bdev_runtime.so[0m
[97m/home/cvazquezperezdelacru/clio-core/context-runtime/src/module_manager.cc:137 INFO 2920595 LoadChiMod Loaded ChiMod: clio_safe_bdev from /mnt/common/cvazquezperezdelacru/clio-core-dev-install/lib/libclio_safe_bdev_runtime.so[0m
[97m/home/cvazquezperezdelacru/clio-core/context-runtime/src/module_manager.cc:137 INFO 2920595 LoadChiMod Loaded ChiMod: clio_cte_core from /mnt/common/cvazquezperezdelacru/clio-core-dev-install/lib/libclio_cte_core_runtime.so[0m
[97m/home/cvazquezperezdelacru/clio-core/context-runtime/src/module_manager.cc:137 INFO 2920595 LoadChiMod Loaded ChiMod: clio_faiss_ivf from /mnt/common/cvazquezperezdelacru/IOWARP/faiss/contrib/iowarp/build-dev/chimod/libclio_faiss_ivf_runtime.so[0m
[97m/home/cvazquezperezdelacru/clio-core/context-runtime/src/work_orchestrator.cc:94 INFO 2920595 Init Creating 8 workers (7 task + 1 dedicated network)[0m
[97m/home/cvazquezperezdelacru/clio-core/context-runtime/src/ipc_manager.cc:756 INFO 2920595 SetNumSchedQueues IpcManager: Updated num_sched_queues to 1[0m
[97m/home/cvazquezperezdelacru/clio-core/context-runtime/src/scheduler/default_sched.cc:139 INFO 2920595 DivideWorkers DefaultScheduler: 1 scheduler worker (0), 4 I/O workers, net_send_worker=6, net_recv_worker=7, gpu_worker=5[0m
[97m/home/cvazquezperezdelacru/clio-core/context-runtime/src/work_orchestrator.cc:271 INFO 2920595 SpawnWorkerThreads WorkOrchestrator: num_workers=8, num_lanes=16[0m
[97m/home/cvazquezperezdelacru/clio-core/context-runtime/src/work_orchestrator.cc:294 INFO 2920595 SpawnWorkerThreads WorkOrchestrator: Mapped worker 0 (ID 0) to lane 0[0m
[97m/home/cvazquezperezdelacru/clio-core/context-runtime/src/work_orchestrator.cc:294 INFO 2920595 SpawnWorkerThreads WorkOrchestrator: Mapped worker 1 (ID 1) to lane 1[0m
[97m/home/cvazquezperezdelacru/clio-core/context-runtime/src/work_orchestrator.cc:294 INFO 2920595 SpawnWorkerThreads WorkOrchestrator: Mapped worker 2 (ID 2) to lane 2[0m
[97m/home/cvazquezperezdelacru/clio-core/context-runtime/src/work_orchestrator.cc:294 INFO 2920595 SpawnWorkerThreads WorkOrchestrator: Mapped worker 3 (ID 3) to lane 3[0m
[97m/home/cvazquezperezdelacru/clio-core/context-runtime/src/work_orchestrator.cc:294 INFO 2920595 SpawnWorkerThreads WorkOrchestrator: Mapped worker 4 (ID 4) to lane 4[0m
[97m/home/cvazquezperezdelacru/clio-core/context-runtime/src/work_orchestrator.cc:294 INFO 2920595 SpawnWorkerThreads WorkOrchestrator: Mapped worker 5 (ID 5) to lane 5[0m
[97m/home/cvazquezperezdelacru/clio-core/context-runtime/src/work_orchestrator.cc:294 INFO 2920595 SpawnWorkerThreads WorkOrchestrator: Mapped worker 6 (ID 6) to lane 6[0m
[97m/home/cvazquezperezdelacru/clio-core/context-runtime/src/work_orchestrator.cc:294 INFO 2920595 SpawnWorkerThreads WorkOrchestrator: Mapped worker 7 (ID 7) to lane 7[0m
[97m/home/cvazquezperezdelacru/clio-core/context-runtime/src/pool_manager.cc:534 INFO 2920595 CreatePool PoolManager: Creating pool 'admin' with 1 containers (one per node)[0m
[33m/home/cvazquezperezdelacru/clio-core/context-runtime/modules/admin/include/clio_runtime/admin/admin_client.h:59 WARNING 2920595 Client AdminClient: Default constructor called - pool_id_ will be PoolId(0,0)[0m
[97m/home/cvazquezperezdelacru/clio-core/context-runtime/src/pool_manager.cc:615 INFO 2920595 CreatePool Creating container for pool PoolId(major:1, minor:0) on node 0 with container_id=0[0m
[97m/home/cvazquezperezdelacru/clio-core/context-runtime/src/pool_manager.cc:644 INFO 2920595 CreatePool Container initialized with pool ID PoolId(major:1, minor:0), name admin, and container ID 0[0m
[97m/home/cvazquezperezdelacru/clio-core/context-runtime/src/pool_manager.cc:663 INFO 2920595 CreatePool CreatePool: Running Create method for pool PoolId(major:1, minor:0)[0m
[97m/home/cvazquezperezdelacru/clio-core/context-runtime/src/ipc/ipc_run2run.cc:1105 INFO 2920625 operator() [PeerRecvThread] started[0m
[97m/home/cvazquezperezdelacru/clio-core/context-runtime/src/ipc/ipc_run2run.cc:1166 INFO 2920626 operator() [ClientRecvThread] started[0m
[97m/home/cvazquezperezdelacru/clio-core/context-runtime/src/pool_manager.cc:666 INFO 2920595 CreatePool CreatePool: Create method completed for pool PoolId(major:1, minor:0)[0m
[97m/home/cvazquezperezdelacru/clio-core/context-runtime/src/pool_manager.cc:700 INFO 2920595 CreatePool PoolManager: Created complete pool PoolId(major:1, minor:0) with ChiMod clio_admin (1 containers)[0m
[97m/home/cvazquezperezdelacru/clio-core/context-runtime/src/pool_manager.cc:125 INFO 2920595 ServerInit PoolManager: Admin chimod pool created successfully with PoolId PoolId(major:1, minor:0)[0m
[97m/home/cvazquezperezdelacru/clio-core/context-runtime/src/manager.cc:264 INFO 2920595 ServerInit Processing compose configuration with 3 pools[0m
[33m/home/cvazquezperezdelacru/clio-core/context-runtime/src/../modules/admin/include/clio_runtime/admin/admin_client.h:59 WARNING 2920595 Client AdminClient: Default constructor called - pool_id_ will be PoolId(0,0)[0m
[97m/home/cvazquezperezdelacru/clio-core/context-runtime/src/manager.cc:282 INFO 2920595 ServerInit Compose: Creating pool ram::chi_default_bdev (module: clio_bdev, restart: 0)[0m
[97m/home/cvazquezperezdelacru/clio-core/context-runtime/src/pool_manager.cc:534 INFO 2920620 CreatePool PoolManager: Creating pool 'ram::chi_default_bdev' with 1 containers (one per node)[0m
[97m/home/cvazquezperezdelacru/clio-core/context-runtime/src/pool_manager.cc:615 INFO 2920620 CreatePool Creating container for pool PoolId(major:301, minor:0) on node 0 with container_id=0[0m
[97m/home/cvazquezperezdelacru/clio-core/context-runtime/src/pool_manager.cc:644 INFO 2920620 CreatePool Container initialized with pool ID PoolId(major:301, minor:0), name ram::chi_default_bdev, and container ID 0[0m
[97m/home/cvazquezperezdelacru/clio-core/context-runtime/src/pool_manager.cc:663 INFO 2920620 CreatePool CreatePool: Running Create method for pool PoolId(major:301, minor:0)[0m
[97m/home/cvazquezperezdelacru/clio-core/context-runtime/modules/bdev/src/transports/mem_bdev_transport.cc:142 INFO 2920620 InitShmBacking [#783] RAM bdev 'clio_rambdev_2920595_301_0' is shared-memory backed (38655688704 of 38654705664 bytes mapped)[0m
[97m/home/cvazquezperezdelacru/clio-core/context-runtime/src/pool_manager.cc:666 INFO 2920620 CreatePool CreatePool: Create method completed for pool PoolId(major:301, minor:0)[0m
[97m/home/cvazquezperezdelacru/clio-core/context-runtime/src/pool_manager.cc:700 INFO 2920620 CreatePool PoolManager: Created complete pool PoolId(major:301, minor:0) with ChiMod clio_bdev (1 containers)[0m
[97m/home/cvazquezperezdelacru/clio-core/context-runtime/src/manager.cc:298 INFO 2920595 ServerInit Compose: Successfully created pool ram::chi_default_bdev (module: clio_bdev)[0m
[97m/home/cvazquezperezdelacru/clio-core/context-runtime/src/manager.cc:282 INFO 2920595 ServerInit Compose: Creating pool cte_main (module: clio_cte_core, restart: 0)[0m
[97m/home/cvazquezperezdelacru/clio-core/context-runtime/src/pool_manager.cc:534 INFO 2920617 CreatePool PoolManager: Creating pool 'cte_main' with 1 containers (one per node)[0m
[97m/home/cvazquezperezdelacru/clio-core/context-runtime/src/pool_manager.cc:615 INFO 2920617 CreatePool Creating container for pool PoolId(major:512, minor:0) on node 0 with container_id=0[0m
[97m/home/cvazquezperezdelacru/clio-core/context-runtime/src/pool_manager.cc:644 INFO 2920617 CreatePool Container initialized with pool ID PoolId(major:512, minor:0), name cte_main, and container ID 0[0m
[97m/home/cvazquezperezdelacru/clio-core/context-runtime/src/pool_manager.cc:663 INFO 2920617 CreatePool CreatePool: Running Create method for pool PoolId(major:512, minor:0)[0m
[97m/home/cvazquezperezdelacru/clio-core/context-transfer-engine/core/src/core_config.cc:618 INFO 2920617 ParseStorageConfig Parsed 2 storage devices[0m
[97m/home/cvazquezperezdelacru/clio-core/context-transfer-engine/core/src/core_config.cc:636 INFO 2920617 ParseDpeConfig Parsed DPE configuration: type=max_bw[0m
[97m/home/cvazquezperezdelacru/clio-core/context-transfer-engine/core/src/core_config.cc:111 INFO 2920617 LoadFromString Configuration loaded successfully from YAML string[0m
[97m/home/cvazquezperezdelacru/clio-core/context-transfer-engine/core/src/core_runtime.cc:545 INFO 2920617 Create CTE: shared-memory metadata cache enabled (tags=65536, blobs=262144, root_off=488)[0m
[97m/home/cvazquezperezdelacru/clio-core/context-runtime/src/pool_manager.cc:534 INFO 2920619 CreatePool PoolManager: Creating pool 'ram::cte_ram_tier_node0' with 1 containers (one per node)[0m
[97m/home/cvazquezperezdelacru/clio-core/context-runtime/src/pool_manager.cc:615 INFO 2920619 CreatePool Creating container for pool PoolId(major:512, minor:1) on node 0 with container_id=0[0m
[97m/home/cvazquezperezdelacru/clio-core/context-runtime/src/pool_manager.cc:644 INFO 2920619 CreatePool Container initialized with pool ID PoolId(major:512, minor:1), name ram::cte_ram_tier_node0, and container ID 0[0m
[97m/home/cvazquezperezdelacru/clio-core/context-runtime/src/pool_manager.cc:663 INFO 2920619 CreatePool CreatePool: Running Create method for pool PoolId(major:512, minor:1)[0m
[97m/home/cvazquezperezdelacru/clio-core/context-runtime/modules/bdev/src/transports/mem_bdev_transport.cc:142 INFO 2920619 InitShmBacking [#783] RAM bdev 'clio_rambdev_2920595_512_1' is shared-memory backed (32213237760 of 32212254720 bytes mapped)[0m
[97m/home/cvazquezperezdelacru/clio-core/context-runtime/src/pool_manager.cc:666 INFO 2920619 CreatePool CreatePool: Create method completed for pool PoolId(major:512, minor:1)[0m
[97m/home/cvazquezperezdelacru/clio-core/context-runtime/src/pool_manager.cc:700 INFO 2920619 CreatePool PoolManager: Created complete pool PoolId(major:512, minor:1) with ChiMod clio_bdev (1 containers)[0m
[97m/home/cvazquezperezdelacru/clio-core/context-runtime/src/pool_manager.cc:534 INFO 2920619 CreatePool PoolManager: Creating pool '/mnt/nvme/cvazquezperezdelacru/cte_tier_node0' with 1 containers (one per node)[0m
[97m/home/cvazquezperezdelacru/clio-core/context-runtime/src/pool_manager.cc:615 INFO 2920619 CreatePool Creating container for pool PoolId(major:513, minor:1) on node 0 with container_id=0[0m
[97m/home/cvazquezperezdelacru/clio-core/context-runtime/src/pool_manager.cc:644 INFO 2920619 CreatePool Container initialized with pool ID PoolId(major:513, minor:1), name /mnt/nvme/cvazquezperezdelacru/cte_tier_node0, and container ID 0[0m
[97m/home/cvazquezperezdelacru/clio-core/context-runtime/src/pool_manager.cc:663 INFO 2920619 CreatePool CreatePool: Running Create method for pool PoolId(major:513, minor:1)[0m
[97m/home/cvazquezperezdelacru/clio-core/context-runtime/src/pool_manager.cc:666 INFO 2920619 CreatePool CreatePool: Create method completed for pool PoolId(major:513, minor:1)[0m
[97m/home/cvazquezperezdelacru/clio-core/context-runtime/src/pool_manager.cc:700 INFO 2920619 CreatePool PoolManager: Created complete pool PoolId(major:513, minor:1) with ChiMod clio_bdev (1 containers)[0m
[97m/home/cvazquezperezdelacru/clio-core/context-transfer-engine/core/src/core_runtime.cc:663 INFO 2920617 Create CTE Core container created and initialized for pool: cte_main (ID: PoolId(major:512, minor:0))[0m
[97m/home/cvazquezperezdelacru/clio-core/context-transfer-engine/core/src/core_runtime.cc:667 INFO 2920617 Create Configuration: neighborhood=1, poll_period_ms=5000, stat_targets_period_ms=5000[0m
[97m/home/cvazquezperezdelacru/clio-core/context-transfer-engine/core/src/core_runtime.cc:709 INFO 2920617 Create Starting periodic StatTargets task with period 5000 ms[0m
[97m/home/cvazquezperezdelacru/clio-core/context-runtime/src/pool_manager.cc:666 INFO 2920617 CreatePool CreatePool: Create method completed for pool PoolId(major:512, minor:0)[0m
[97m/home/cvazquezperezdelacru/clio-core/context-runtime/src/pool_manager.cc:700 INFO 2920617 CreatePool PoolManager: Created complete pool PoolId(major:512, minor:0) with ChiMod clio_cte_core (1 containers)[0m
[97m/home/cvazquezperezdelacru/clio-core/context-runtime/src/manager.cc:298 INFO 2920595 ServerInit Compose: Successfully created pool cte_main (module: clio_cte_core)[0m
[97m/home/cvazquezperezdelacru/clio-core/context-runtime/src/manager.cc:282 INFO 2920595 ServerInit Compose: Creating pool faiss_ivf_main (module: clio_faiss_ivf, restart: 0)[0m
[97m/home/cvazquezperezdelacru/clio-core/context-runtime/src/pool_manager.cc:534 INFO 2920619 CreatePool PoolManager: Creating pool 'faiss_ivf_main' with 1 containers (one per node)[0m
[97m/home/cvazquezperezdelacru/clio-core/context-runtime/src/pool_manager.cc:615 INFO 2920619 CreatePool Creating container for pool PoolId(major:600, minor:0) on node 0 with container_id=0[0m
[97m/home/cvazquezperezdelacru/clio-core/context-runtime/src/pool_manager.cc:644 INFO 2920619 CreatePool Container initialized with pool ID PoolId(major:600, minor:0), name faiss_ivf_main, and container ID 0[0m
[97m/home/cvazquezperezdelacru/clio-core/context-runtime/src/pool_manager.cc:663 INFO 2920619 CreatePool CreatePool: Running Create method for pool PoolId(major:600, minor:0)[0m
[97m/home/cvazquezperezdelacru/clio-core/context-runtime/src/pool_manager.cc:666 INFO 2920619 CreatePool CreatePool: Create method completed for pool PoolId(major:600, minor:0)[0m
[97m/home/cvazquezperezdelacru/clio-core/context-runtime/src/pool_manager.cc:700 INFO 2920619 CreatePool PoolManager: Created complete pool PoolId(major:600, minor:0) with ChiMod clio_faiss_ivf (1 containers)[0m
[97m/home/cvazquezperezdelacru/clio-core/context-runtime/src/manager.cc:298 INFO 2920595 ServerInit Compose: Successfully created pool faiss_ivf_main (module: clio_faiss_ivf)[0m
[97m/home/cvazquezperezdelacru/clio-core/context-runtime/src/manager.cc:304 INFO 2920595 ServerInit Compose: All 3 pools created successfully[0m
[32m/home/cvazquezperezdelacru/clio-core/context-runtime/src/ipc_manager.cc:1368 SUCCESS 2920595 StartLocalServer Successfully started local server at 127.0.0.1:9414[0m
[97m/home/cvazquezperezdelacru/clio-core/context-runtime/src/manager.cc:137 INFO 2920595 ClientInit RuntimeManager::ClientInit[0m
[97m/home/cvazquezperezdelacru/clio-core/context-runtime/src/manager.cc:181 INFO 2920595 ClientInit ClientInit: g_admin already exists, pool_id_=PoolId(major:0, minor:0)[0m
[33m/home/cvazquezperezdelacru/clio-core/context-runtime/src/scheduler/default_sched.cc:430 WARNING 2920624 LoadBalance [#781 PDF] observed exec-time bins (cumulative): <10us=60009 <50us=239 <500us=8 <10ms=7 <50ms=1 <500ms=2 <1s=0 >=1s=0 | stalls_detected=0[0m
[33m/home/cvazquezperezdelacru/clio-core/context-runtime/src/scheduler/default_sched.cc:439 WARNING 2920624 LoadBalance [#785] lane rescues performed: 0[0m
[33m/home/cvazquezperezdelacru/clio-core/context-runtime/src/scheduler/default_sched.cc:430 WARNING 2920624 LoadBalance [#781 PDF] observed exec-time bins (cumulative): <10us=126805 <50us=548 <500us=15 <10ms=8 <50ms=1 <500ms=2 <1s=0 >=1s=0 | stalls_detected=0[0m
[33m/home/cvazquezperezdelacru/clio-core/context-runtime/src/scheduler/default_sched.cc:439 WARNING 2920624 LoadBalance [#785] lane rescues performed: 0[0m
[33m/home/cvazquezperezdelacru/clio-core/context-runtime/src/scheduler/default_sched.cc:430 WARNING 2920624 LoadBalance [#781 PDF] observed exec-time bins (cumulative): <10us=193835 <50us=757 <500us=22 <10ms=11 <50ms=1 <500ms=2 <1s=0 >=1s=0 | stalls_detected=0[0m
[33m/home/cvazquezperezdelacru/clio-core/context-runtime/src/scheduler/default_sched.cc:439 WARNING 2920624 LoadBalance [#785] lane rescues performed: 0[0m
[97m/home/cvazquezperezdelacru/clio-core/context-runtime/src/ipc_manager.cc:2288 INFO 2920626 GetOrCreateClient [ClientPool] Creating new persistent connection to 127.0.0.1:39161[0m
[97m/home/cvazquezperezdelacru/clio-core/context-runtime/src/../../context-transport-primitives/include/clio_ctp/lightbeam/zmq_transport.h:152 INFO 2920626 GetSharedContext [ZeroMqTransport] Created shared context with 8 I/O threads[0m
[97m/home/cvazquezperezdelacru/clio-core/context-runtime/src/ipc_manager.cc:2308 INFO 2920626 GetOrCreateClient [ClientPool] Connection established to 127.0.0.1:39161[0m
[97m/home/cvazquezperezdelacru/clio-core/context-runtime/modules/admin/src/admin_runtime.cc:1191 INFO 2920616 RegisterMemory Admin::RegisterMemory: Registering CPU alloc_id (2920701.0)[0m
[97m/home/cvazquezperezdelacru/clio-core/context-runtime/src/ipc_manager.cc:2532 INFO 2920616 RegisterMemory IpcManager::RegisterMemory: Registering clio_2920701_0 from pid 2920701[0m
[97m/home/cvazquezperezdelacru/clio-core/context-runtime/src/ipc_manager.cc:2575 INFO 2920616 RegisterMemory IpcManager::RegisterMemory: Successfully registered clio_2920701_0[0m
[97m/home/cvazquezperezdelacru/clio-core/context-runtime/src/pool_manager.cc:534 INFO 2920617 CreatePool PoolManager: Creating pool 'clio_cte_core' with 1 containers (one per node)[0m
[97m/home/cvazquezperezdelacru/clio-core/context-runtime/src/pool_manager.cc:575 INFO 2920617 CreatePool PoolManager: Pool PoolId(major:512, minor:0) already exists by ID, returning existing pool[0m
[33m/home/cvazquezperezdelacru/clio-core/context-runtime/src/scheduler/default_sched.cc:430 WARNING 2920624 LoadBalance [#781 PDF] observed exec-time bins (cumulative): <10us=262747 <50us=2475 <500us=171 <10ms=269 <50ms=15 <500ms=11 <1s=0 >=1s=0 | stalls_detected=0[0m
[33m/home/cvazquezperezdelacru/clio-core/context-runtime/src/scheduler/default_sched.cc:439 WARNING 2920624 LoadBalance [#785] lane rescues performed: 0[0m
[33m/home/cvazquezperezdelacru/clio-core/context-runtime/src/scheduler/default_sched.cc:430 WARNING 2920624 LoadBalance [#781 PDF] observed exec-time bins (cumulative): <10us=328065 <50us=4760 <500us=317 <10ms=644 <50ms=39 <500ms=20 <1s=0 >=1s=0 | stalls_detected=0[0m
[33m/home/cvazquezperezdelacru/clio-core/context-runtime/src/scheduler/default_sched.cc:439 WARNING 2920624 LoadBalance [#785] lane rescues performed: 0[0m
[33m/home/cvazquezperezdelacru/clio-core/context-runtime/src/scheduler/default_sched.cc:430 WARNING 2920624 LoadBalance [#781 PDF] observed exec-time bins (cumulative): <10us=393555 <50us=6699 <500us=504 <10ms=940 <50ms=47 <500ms=36 <1s=0 >=1s=0 | stalls_detected=0[0m
[33m/home/cvazquezperezdelacru/clio-core/context-runtime/src/scheduler/default_sched.cc:439 WARNING 2920624 LoadBalance [#785] lane rescues performed: 0[0m
[33m/home/cvazquezperezdelacru/clio-core/context-runtime/src/scheduler/default_sched.cc:430 WARNING 2920624 LoadBalance [#781 PDF] observed exec-time bins (cumulative): <10us=457932 <50us=9667 <500us=679 <10ms=1251 <50ms=63 <500ms=45 <1s=0 >=1s=0 | stalls_detected=0[0m
[33m/home/cvazquezperezdelacru/clio-core/context-runtime/src/scheduler/default_sched.cc:439 WARNING 2920624 LoadBalance [#785] lane rescues performed: 0[0m
[33m/home/cvazquezperezdelacru/clio-core/context-runtime/src/scheduler/default_sched.cc:430 WARNING 2920624 LoadBalance [#781 PDF] observed exec-time bins (cumulative): <10us=523094 <50us=11932 <500us=868 <10ms=1554 <50ms=78 <500ms=56 <1s=0 >=1s=0 | stalls_detected=0[0m
[33m/home/cvazquezperezdelacru/clio-core/context-runtime/src/scheduler/default_sched.cc:439 WARNING 2920624 LoadBalance [#785] lane rescues performed: 0[0m
[31m/home/cvazquezperezdelacru/clio-core/context-runtime/src/scheduler/default_sched.cc:726 ERROR 2920624 LoadBalance [HANGWATCH-HB] processed=4993 outstanding=1 (queued=1 blocked=0 retry=0 periodic=7) live=1 live_stalled=0[0m
[33m/home/cvazquezperezdelacru/clio-core/context-runtime/src/scheduler/default_sched.cc:430 WARNING 2920624 LoadBalance [#781 PDF] observed exec-time bins (cumulative): <10us=587821 <50us=14400 <500us=1034 <10ms=1810 <50ms=85 <500ms=71 <1s=0 >=1s=0 | stalls_detected=0[0m
[33m/home/cvazquezperezdelacru/clio-core/context-runtime/src/scheduler/default_sched.cc:439 WARNING 2920624 LoadBalance [#785] lane rescues performed: 0[0m
[33m/home/cvazquezperezdelacru/clio-core/context-runtime/src/scheduler/default_sched.cc:430 WARNING 2920624 LoadBalance [#781 PDF] observed exec-time bins (cumulative): <10us=650058 <50us=20420 <500us=1220 <10ms=2109 <50ms=97 <500ms=85 <1s=0 >=1s=0 | stalls_detected=0[0m
[33m/home/cvazquezperezdelacru/clio-core/context-runtime/src/scheduler/default_sched.cc:439 WARNING 2920624 LoadBalance [#785] lane rescues performed: 0[0m
[33m/home/cvazquezperezdelacru/clio-core/context-runtime/src/scheduler/default_sched.cc:430 WARNING 2920624 LoadBalance [#781 PDF] observed exec-time bins (cumulative): <10us=715040 <50us=22959 <500us=1404 <10ms=2452 <50ms=117 <500ms=95 <1s=0 >=1s=0 | stalls_detected=0[0m
[33m/home/cvazquezperezdelacru/clio-core/context-runtime/src/scheduler/default_sched.cc:439 WARNING 2920624 LoadBalance [#785] lane rescues performed: 0[0m
[33m/home/cvazquezperezdelacru/clio-core/context-runtime/src/scheduler/default_sched.cc:430 WARNING 2920624 LoadBalance [#781 PDF] observed exec-time bins (cumulative): <10us=779769 <50us=25956 <500us=1576 <10ms=2785 <50ms=135 <500ms=104 <1s=0 >=1s=0 | stalls_detected=0[0m
[33m/home/cvazquezperezdelacru/clio-core/context-runtime/src/scheduler/default_sched.cc:439 WARNING 2920624 LoadBalance [#785] lane rescues performed: 0[0m
[33m/home/cvazquezperezdelacru/clio-core/context-runtime/src/scheduler/default_sched.cc:430 WARNING 2920624 LoadBalance [#781 PDF] observed exec-time bins (cumulative): <10us=846876 <50us=26493 <500us=1763 <10ms=3125 <50ms=154 <500ms=112 <1s=0 >=1s=0 | stalls_detected=0[0m
[33m/home/cvazquezperezdelacru/clio-core/context-runtime/src/scheduler/default_sched.cc:439 WARNING 2920624 LoadBalance [#785] lane rescues performed: 0[0m
[31m/home/cvazquezperezdelacru/clio-core/context-runtime/src/scheduler/default_sched.cc:726 ERROR 2920624 LoadBalance [HANGWATCH-HB] processed=9887 outstanding=2 (queued=2 blocked=0 retry=0 periodic=7) live=2 live_stalled=0[0m
[33m/home/cvazquezperezdelacru/clio-core/context-runtime/src/scheduler/default_sched.cc:430 WARNING 2920624 LoadBalance [#781 PDF] observed exec-time bins (cumulative): <10us=913953 <50us=27042 <500us=1950 <10ms=3443 <50ms=168 <500ms=125 <1s=0 >=1s=0 | stalls_detected=0[0m
[33m/home/cvazquezperezdelacru/clio-core/context-runtime/src/scheduler/default_sched.cc:439 WARNING 2920624 LoadBalance [#785] lane rescues performed: 0[0m
[33m/home/cvazquezperezdelacru/clio-core/context-runtime/src/scheduler/default_sched.cc:430 WARNING 2920624 LoadBalance [#781 PDF] observed exec-time bins (cumulative): <10us=979653 <50us=28655 <500us=2154 <10ms=3775 <50ms=181 <500ms=140 <1s=0 >=1s=0 | stalls_detected=0[0m
[33m/home/cvazquezperezdelacru/clio-core/context-runtime/src/scheduler/default_sched.cc:439 WARNING 2920624 LoadBalance [#785] lane rescues performed: 0[0m
[33m/home/cvazquezperezdelacru/clio-core/context-runtime/src/scheduler/default_sched.cc:430 WARNING 2920624 LoadBalance [#781 PDF] observed exec-time bins (cumulative): <10us=1046742 <50us=29326 <500us=2344 <10ms=4091 <50ms=199 <500ms=150 <1s=0 >=1s=0 | stalls_detected=0[0m
[33m/home/cvazquezperezdelacru/clio-core/context-runtime/src/scheduler/default_sched.cc:439 WARNING 2920624 LoadBalance [#785] lane rescues performed: 0[0m
[33m/home/cvazquezperezdelacru/clio-core/context-runtime/src/scheduler/default_sched.cc:430 WARNING 2920624 LoadBalance [#781 PDF] observed exec-time bins (cumulative): <10us=1114373 <50us=29896 <500us=2540 <10ms=4376 <50ms=214 <500ms=167 <1s=0 >=1s=0 | stalls_detected=0[0m
[33m/home/cvazquezperezdelacru/clio-core/context-runtime/src/scheduler/default_sched.cc:439 WARNING 2920624 LoadBalance [#785] lane rescues performed: 0[0m
[31m/home/cvazquezperezdelacru/clio-core/context-runtime/src/scheduler/default_sched.cc:726 ERROR 2920624 LoadBalance [HANGWATCH-HB] processed=13840 outstanding=1 (queued=1 blocked=0 retry=0 periodic=6) live=2 live_stalled=0[0m
[33m/home/cvazquezperezdelacru/clio-core/context-runtime/src/scheduler/default_sched.cc:430 WARNING 2920624 LoadBalance [#781 PDF] observed exec-time bins (cumulative): <10us=1185934 <50us=30832 <500us=2713 <10ms=4633 <50ms=214 <500ms=190 <1s=0 >=1s=0 | stalls_detected=0[0m
[33m/home/cvazquezperezdelacru/clio-core/context-runtime/src/scheduler/default_sched.cc:439 WARNING 2920624 LoadBalance [#785] lane rescues performed: 0[0m
[33m/home/cvazquezperezdelacru/clio-core/context-runtime/src/scheduler/default_sched.cc:430 WARNING 2920624 LoadBalance [#781 PDF] observed exec-time bins (cumulative): <10us=1252632 <50us=31687 <500us=2907 <10ms=4945 <50ms=215 <500ms=216 <1s=0 >=1s=0 | stalls_detected=0[0m
[33m/home/cvazquezperezdelacru/clio-core/context-runtime/src/scheduler/default_sched.cc:439 WARNING 2920624 LoadBalance [#785] lane rescues performed: 0[0m
[33m/home/cvazquezperezdelacru/clio-core/context-runtime/src/scheduler/default_sched.cc:430 WARNING 2920624 LoadBalance [#781 PDF] observed exec-time bins (cumulative): <10us=1319483 <50us=32366 <500us=3118 <10ms=5283 <50ms=215 <500ms=244 <1s=0 >=1s=0 | stalls_detected=0[0m
[33m/home/cvazquezperezdelacru/clio-core/context-runtime/src/scheduler/default_sched.cc:439 WARNING 2920624 LoadBalance [#785] lane rescues performed: 0[0m
[31m/home/cvazquezperezdelacru/clio-core/context-runtime/src/scheduler/default_sched.cc:726 ERROR 2920624 LoadBalance [HANGWATCH-HB] processed=16105 outstanding=3 (queued=3 blocked=0 retry=0 periodic=7) live=1 live_stalled=0[0m
[33m/home/cvazquezperezdelacru/clio-core/context-runtime/src/scheduler/default_sched.cc:430 WARNING 2920624 LoadBalance [#781 PDF] observed exec-time bins (cumulative): <10us=1385656 <50us=33743 <500us=3346 <10ms=5597 <50ms=215 <500ms=272 <1s=0 >=1s=0 | stalls_detected=0[0m
[33m/home/cvazquezperezdelacru/clio-core/context-runtime/src/scheduler/default_sched.cc:439 WARNING 2920624 LoadBalance [#785] lane rescues performed: 0[0m
[33m/home/cvazquezperezdelacru/clio-core/context-runtime/src/scheduler/default_sched.cc:430 WARNING 2920624 LoadBalance [#781 PDF] observed exec-time bins (cumulative): <10us=1456854 <50us=35398 <500us=3521 <10ms=5902 <50ms=215 <500ms=281 <1s=0 >=1s=0 | stalls_detected=0[0m
[33m/home/cvazquezperezdelacru/clio-core/context-runtime/src/scheduler/default_sched.cc:439 WARNING 2920624 LoadBalance [#785] lane rescues performed: 0[0m
[33m/home/cvazquezperezdelacru/clio-core/context-runtime/src/scheduler/default_sched.cc:430 WARNING 2920624 LoadBalance [#781 PDF] observed exec-time bins (cumulative): <10us=1525196 <50us=37019 <500us=3666 <10ms=6193 <50ms=217 <500ms=281 <1s=0 >=1s=0 | stalls_detected=0[0m
[33m/home/cvazquezperezdelacru/clio-core/context-runtime/src/scheduler/default_sched.cc:439 WARNING 2920624 LoadBalance [#785] lane rescues performed: 0[0m
[33m/home/cvazquezperezdelacru/clio-core/context-runtime/src/scheduler/default_sched.cc:430 WARNING 2920624 LoadBalance [#781 PDF] observed exec-time bins (cumulative): <10us=1597422 <50us=38751 <500us=3780 <10ms=6483 <50ms=226 <500ms=281 <1s=0 >=1s=0 | stalls_detected=0[0m
[33m/home/cvazquezperezdelacru/clio-core/context-runtime/src/scheduler/default_sched.cc:439 WARNING 2920624 LoadBalance [#785] lane rescues performed: 0[0m
[33m/home/cvazquezperezdelacru/clio-core/context-runtime/src/scheduler/default_sched.cc:430 WARNING 2920624 LoadBalance [#781 PDF] observed exec-time bins (cumulative): <10us=1672187 <50us=40286 <500us=3905 <10ms=6793 <50ms=229 <500ms=281 <1s=0 >=1s=0 | stalls_detected=0[0m
[33m/home/cvazquezperezdelacru/clio-core/context-runtime/src/scheduler/default_sched.cc:439 WARNING 2920624 LoadBalance [#785] lane rescues performed: 0[0m
[31m/home/cvazquezperezdelacru/clio-core/context-runtime/src/scheduler/default_sched.cc:726 ERROR 2920624 LoadBalance [HANGWATCH-HB] processed=21065 outstanding=1 (queued=1 blocked=0 retry=0 periodic=8) live=0 live_stalled=0[0m
[33m/home/cvazquezperezdelacru/clio-core/context-runtime/src/scheduler/default_sched.cc:430 WARNING 2920624 LoadBalance [#781 PDF] observed exec-time bins (cumulative): <10us=1749749 <50us=40719 <500us=4038 <10ms=7132 <50ms=232 <500ms=281 <1s=0 >=1s=0 | stalls_detected=0[0m
[33m/home/cvazquezperezdelacru/clio-core/context-runtime/src/scheduler/default_sched.cc:439 WARNING 2920624 LoadBalance [#785] lane rescues performed: 0[0m
[33m/home/cvazquezperezdelacru/clio-core/context-runtime/src/scheduler/default_sched.cc:430 WARNING 2920624 LoadBalance [#781 PDF] observed exec-time bins (cumulative): <10us=1826683 <50us=41223 <500us=4164 <10ms=7470 <50ms=234 <500ms=281 <1s=0 >=1s=0 | stalls_detected=0[0m
[33m/home/cvazquezperezdelacru/clio-core/context-runtime/src/scheduler/default_sched.cc:439 WARNING 2920624 LoadBalance [#785] lane rescues performed: 0[0m
[33m/home/cvazquezperezdelacru/clio-core/context-runtime/src/scheduler/default_sched.cc:430 WARNING 2920624 LoadBalance [#781 PDF] observed exec-time bins (cumulative): <10us=1893325 <50us=42299 <500us=4293 <10ms=7776 <50ms=237 <500ms=281 <1s=0 >=1s=0 | stalls_detected=0[0m
[33m/home/cvazquezperezdelacru/clio-core/context-runtime/src/scheduler/default_sched.cc:439 WARNING 2920624 LoadBalance [#785] lane rescues performed: 0[0m
[33m/home/cvazquezperezdelacru/clio-core/context-runtime/src/scheduler/default_sched.cc:430 WARNING 2920624 LoadBalance [#781 PDF] observed exec-time bins (cumulative): <10us=1962806 <50us=43331 <500us=4413 <10ms=8096 <50ms=241 <500ms=281 <1s=0 >=1s=0 | stalls_detected=0[0m
[33m/home/cvazquezperezdelacru/clio-core/context-runtime/src/scheduler/default_sched.cc:439 WARNING 2920624 LoadBalance [#785] lane rescues performed: 0[0m
[33m/home/cvazquezperezdelacru/clio-core/context-runtime/src/scheduler/default_sched.cc:430 WARNING 2920624 LoadBalance [#781 PDF] observed exec-time bins (cumulative): <10us=2030281 <50us=44129 <500us=4530 <10ms=8424 <50ms=243 <500ms=281 <1s=0 >=1s=0 | stalls_detected=0[0m
[33m/home/cvazquezperezdelacru/clio-core/context-runtime/src/scheduler/default_sched.cc:439 WARNING 2920624 LoadBalance [#785] lane rescues performed: 0[0m
[33m/home/cvazquezperezdelacru/clio-core/context-runtime/src/scheduler/default_sched.cc:430 WARNING 2920624 LoadBalance [#781 PDF] observed exec-time bins (cumulative): <10us=2097340 <50us=45001 <500us=4650 <10ms=8721 <50ms=245 <500ms=282 <1s=0 >=1s=0 | stalls_detected=0[0m
[33m/home/cvazquezperezdelacru/clio-core/context-runtime/src/scheduler/default_sched.cc:439 WARNING 2920624 LoadBalance [#785] lane rescues performed: 0[0m
[33m/home/cvazquezperezdelacru/clio-core/context-runtime/src/scheduler/default_sched.cc:430 WARNING 2920624 LoadBalance [#781 PDF] observed exec-time bins (cumulative): <10us=2165858 <50us=47862 <500us=4780 <10ms=9041 <50ms=249 <500ms=282 <1s=0 >=1s=0 | stalls_detected=0[0m
[33m/home/cvazquezperezdelacru/clio-core/context-runtime/src/scheduler/default_sched.cc:439 WARNING 2920624 LoadBalance [#785] lane rescues performed: 0[0m
[31m/home/cvazquezperezdelacru/clio-core/context-runtime/src/scheduler/default_sched.cc:726 ERROR 2920624 LoadBalance [HANGWATCH-HB] processed=27360 outstanding=1 (queued=1 blocked=0 retry=0 periodic=7) live=0 live_stalled=0[0m
[33m/home/cvazquezperezdelacru/clio-core/context-runtime/src/scheduler/default_sched.cc:430 WARNING 2920624 LoadBalance [#781 PDF] observed exec-time bins (cumulative): <10us=2233919 <50us=48710 <500us=4919 <10ms=9283 <50ms=251 <500ms=282 <1s=0 >=1s=0 | stalls_detected=0[0m
[33m/home/cvazquezperezdelacru/clio-core/context-runtime/src/scheduler/default_sched.cc:439 WARNING 2920624 LoadBalance [#785] lane rescues performed: 0[0m
[33m/home/cvazquezperezdelacru/clio-core/context-runtime/src/scheduler/default_sched.cc:430 WARNING 2920624 LoadBalance [#781 PDF] observed exec-time bins (cumulative): <10us=2306382 <50us=50095 <500us=5048 <10ms=9588 <50ms=252 <500ms=282 <1s=0 >=1s=0 | stalls_detected=0[0m
[33m/home/cvazquezperezdelacru/clio-core/context-runtime/src/scheduler/default_sched.cc:439 WARNING 2920624 LoadBalance [#785] lane rescues performed: 0[0m
[33m/home/cvazquezperezdelacru/clio-core/context-runtime/src/scheduler/default_sched.cc:430 WARNING 2920624 LoadBalance [#781 PDF] observed exec-time bins (cumulative): <10us=2375051 <50us=51241 <500us=5203 <10ms=9934 <50ms=254 <500ms=283 <1s=0 >=1s=0 | stalls_detected=0[0m
[33m/home/cvazquezperezdelacru/clio-core/context-runtime/src/scheduler/default_sched.cc:439 WARNING 2920624 LoadBalance [#785] lane rescues performed: 0[0m
[31m/home/cvazquezperezdelacru/clio-core/context-runtime/src/scheduler/default_sched.cc:726 ERROR 2920624 LoadBalance [HANGWATCH-HB] processed=30840 outstanding=1 (queued=1 blocked=0 retry=0 periodic=7) live=1 live_stalled=0[0m
[33m/home/cvazquezperezdelacru/clio-core/context-runtime/src/scheduler/default_sched.cc:430 WARNING 2920624 LoadBalance [#781 PDF] observed exec-time bins (cumulative): <10us=2438959 <50us=54300 <500us=5415 <10ms=10236 <50ms=256 <500ms=283 <1s=0 >=1s=0 | stalls_detected=0[0m
[33m/home/cvazquezperezdelacru/clio-core/context-runtime/src/scheduler/default_sched.cc:439 WARNING 2920624 LoadBalance [#785] lane rescues performed: 0[0m
[33m/home/cvazquezperezdelacru/clio-core/context-runtime/src/scheduler/default_sched.cc:430 WARNING 2920624 LoadBalance [#781 PDF] observed exec-time bins (cumulative): <10us=2504395 <50us=56051 <500us=5620 <10ms=10546 <50ms=260 <500ms=283 <1s=0 >=1s=0 | stalls_detected=0[0m
[33m/home/cvazquezperezdelacru/clio-core/context-runtime/src/scheduler/default_sched.cc:439 WARNING 2920624 LoadBalance [#785] lane rescues performed: 0[0m
[33m/home/cvazquezperezdelacru/clio-core/context-runtime/src/scheduler/default_sched.cc:430 WARNING 2920624 LoadBalance [#781 PDF] observed exec-time bins (cumulative): <10us=2568566 <50us=58749 <500us=5825 <10ms=10880 <50ms=261 <500ms=283 <1s=0 >=1s=0 | stalls_detected=0[0m
[33m/home/cvazquezperezdelacru/clio-core/context-runtime/src/scheduler/default_sched.cc:439 WARNING 2920624 LoadBalance [#785] lane rescues performed: 0[0m
[33m/home/cvazquezperezdelacru/clio-core/context-runtime/src/scheduler/default_sched.cc:430 WARNING 2920624 LoadBalance [#781 PDF] observed exec-time bins (cumulative): <10us=2633613 <50us=61999 <500us=6047 <10ms=11216 <50ms=262 <500ms=284 <1s=0 >=1s=0 | stalls_detected=0[0m
[33m/home/cvazquezperezdelacru/clio-core/context-runtime/src/scheduler/default_sched.cc:439 WARNING 2920624 LoadBalance [#785] lane rescues performed: 0[0m
[31m/home/cvazquezperezdelacru/clio-core/context-runtime/src/scheduler/default_sched.cc:726 ERROR 2920624 LoadBalance [HANGWATCH-HB] processed=34079 outstanding=1 (queued=1 blocked=0 retry=0 periodic=8) live=2 live_stalled=0[0m
[33m/home/cvazquezperezdelacru/clio-core/context-runtime/src/scheduler/default_sched.cc:430 WARNING 2920624 LoadBalance [#781 PDF] observed exec-time bins (cumulative): <10us=2700659 <50us=64360 <500us=6253 <10ms=11532 <50ms=265 <500ms=284 <1s=0 >=1s=0 | stalls_detected=0[0m
[33m/home/cvazquezperezdelacru/clio-core/context-runtime/src/scheduler/default_sched.cc:439 WARNING 2920624 LoadBalance [#785] lane rescues performed: 0[0m
[33m/home/cvazquezperezdelacru/clio-core/context-runtime/src/scheduler/default_sched.cc:430 WARNING 2920624 LoadBalance [#781 PDF] observed exec-time bins (cumulative): <10us=2765681 <50us=67063 <500us=6458 <10ms=11846 <50ms=266 <500ms=284 <1s=0 >=1s=0 | stalls_detected=0[0m
[33m/home/cvazquezperezdelacru/clio-core/context-runtime/src/scheduler/default_sched.cc:439 WARNING 2920624 LoadBalance [#785] lane rescues performed: 0[0m
[33m/home/cvazquezperezdelacru/clio-core/context-runtime/src/scheduler/default_sched.cc:430 WARNING 2920624 LoadBalance [#781 PDF] observed exec-time bins (cumulative): <10us=2829027 <50us=70326 <500us=6616 <10ms=12118 <50ms=269 <500ms=284 <1s=0 >=1s=0 | stalls_detected=0[0m
[33m/home/cvazquezperezdelacru/clio-core/context-runtime/src/scheduler/default_sched.cc:439 WARNING 2920624 LoadBalance [#785] lane rescues performed: 0[0m
[31m/home/cvazquezperezdelacru/clio-core/context-runtime/src/scheduler/default_sched.cc:726 ERROR 2920624 LoadBalance [HANGWATCH-HB] processed=37012 outstanding=1 (queued=1 blocked=0 retry=0 periodic=6) live=0 live_stalled=0[0m
[33m/home/cvazquezperezdelacru/clio-core/context-runtime/src/scheduler/default_sched.cc:430 WARNING 2920624 LoadBalance [#781 PDF] observed exec-time bins (cumulative): <10us=2892672 <50us=73305 <500us=6808 <10ms=12410 <50ms=271 <500ms=284 <1s=0 >=1s=0 | stalls_detected=0[0m
[33m/home/cvazquezperezdelacru/clio-core/context-runtime/src/scheduler/default_sched.cc:439 WARNING 2920624 LoadBalance [#785] lane rescues performed: 0[0m
[33m/home/cvazquezperezdelacru/clio-core/context-runtime/src/scheduler/default_sched.cc:430 WARNING 2920624 LoadBalance [#781 PDF] observed exec-time bins (cumulative): <10us=2958033 <50us=76162 <500us=6974 <10ms=12740 <50ms=275 <500ms=284 <1s=0 >=1s=0 | stalls_detected=0[0m
[33m/home/cvazquezperezdelacru/clio-core/context-runtime/src/scheduler/default_sched.cc:439 WARNING 2920624 LoadBalance [#785] lane rescues performed: 0[0m
[33m/home/cvazquezperezdelacru/clio-core/context-runtime/src/scheduler/default_sched.cc:430 WARNING 2920624 LoadBalance [#781 PDF] observed exec-time bins (cumulative): <10us=3022217 <50us=78714 <500us=7169 <10ms=13054 <50ms=279 <500ms=284 <1s=0 >=1s=0 | stalls_detected=0[0m
[33m/home/cvazquezperezdelacru/clio-core/context-runtime/src/scheduler/default_sched.cc:439 WARNING 2920624 LoadBalance [#785] lane rescues performed: 0[0m
[33m/home/cvazquezperezdelacru/clio-core/context-runtime/src/scheduler/default_sched.cc:430 WARNING 2920624 LoadBalance [#781 PDF] observed exec-time bins (cumulative): <10us=3085651 <50us=82646 <500us=7379 <10ms=13379 <50ms=280 <500ms=284 <1s=0 >=1s=0 | stalls_detected=0[0m
[33m/home/cvazquezperezdelacru/clio-core/context-runtime/src/scheduler/default_sched.cc:439 WARNING 2920624 LoadBalance [#785] lane rescues performed: 0[0m
[33m/home/cvazquezperezdelacru/clio-core/context-runtime/src/scheduler/default_sched.cc:430 WARNING 2920624 LoadBalance [#781 PDF] observed exec-time bins (cumulative): <10us=3148769 <50us=86188 <500us=7569 <10ms=13689 <50ms=282 <500ms=284 <1s=0 >=1s=0 | stalls_detected=0[0m
[33m/home/cvazquezperezdelacru/clio-core/context-runtime/src/scheduler/default_sched.cc:439 WARNING 2920624 LoadBalance [#785] lane rescues performed: 0[0m
[31m/home/cvazquezperezdelacru/clio-core/context-runtime/src/scheduler/default_sched.cc:726 ERROR 2920624 LoadBalance [HANGWATCH-HB] processed=41515 outstanding=1 (queued=1 blocked=0 retry=0 periodic=7) live=0 live_stalled=0[0m
[33m/home/cvazquezperezdelacru/clio-core/context-runtime/src/scheduler/default_sched.cc:430 WARNING 2920624 LoadBalance [#781 PDF] observed exec-time bins (cumulative): <10us=3211766 <50us=89782 <500us=7744 <10ms=13998 <50ms=285 <500ms=284 <1s=0 >=1s=0 | stalls_detected=0[0m
[33m/home/cvazquezperezdelacru/clio-core/context-runtime/src/scheduler/default_sched.cc:439 WARNING 2920624 LoadBalance [#785] lane rescues performed: 0[0m
[33m/home/cvazquezperezdelacru/clio-core/context-runtime/src/scheduler/default_sched.cc:430 WARNING 2920624 LoadBalance [#781 PDF] observed exec-time bins (cumulative): <10us=3277852 <50us=91525 <500us=7955 <10ms=14263 <50ms=286 <500ms=284 <1s=0 >=1s=0 | stalls_detected=0[0m
[33m/home/cvazquezperezdelacru/clio-core/context-runtime/src/scheduler/default_sched.cc:439 WARNING 2920624 LoadBalance [#785] lane rescues performed: 0[0m
[33m/home/cvazquezperezdelacru/clio-core/context-runtime/src/scheduler/default_sched.cc:430 WARNING 2920624 LoadBalance [#781 PDF] observed exec-time bins (cumulative): <10us=3342744 <50us=93204 <500us=8142 <10ms=14552 <50ms=288 <500ms=284 <1s=0 >=1s=0 | stalls_detected=0[0m
[33m/home/cvazquezperezdelacru/clio-core/context-runtime/src/scheduler/default_sched.cc:439 WARNING 2920624 LoadBalance [#785] lane rescues performed: 0[0m
[33m/home/cvazquezperezdelacru/clio-core/context-runtime/src/scheduler/default_sched.cc:430 WARNING 2920624 LoadBalance [#781 PDF] observed exec-time bins (cumulative): <10us=3407524 <50us=95338 <500us=8348 <10ms=14840 <50ms=290 <500ms=284 <1s=0 >=1s=0 | stalls_detected=0[0m
[33m/home/cvazquezperezdelacru/clio-core/context-runtime/src/scheduler/default_sched.cc:439 WARNING 2920624 LoadBalance [#785] lane rescues performed: 0[0m
[33m/home/cvazquezperezdelacru/clio-core/context-runtime/src/scheduler/default_sched.cc:430 WARNING 2920624 LoadBalance [#781 PDF] observed exec-time bins (cumulative): <10us=3471096 <50us=98128 <500us=8542 <10ms=15147 <50ms=292 <500ms=285 <1s=0 >=1s=0 | stalls_detected=0[0m
[33m/home/cvazquezperezdelacru/clio-core/context-runtime/src/scheduler/default_sched.cc:439 WARNING 2920624 LoadBalance [#785] lane rescues performed: 0[0m
[33m/home/cvazquezperezdelacru/clio-core/context-runtime/src/scheduler/default_sched.cc:430 WARNING 2920624 LoadBalance [#781 PDF] observed exec-time bins (cumulative): <10us=3533832 <50us=101948 <500us=8725 <10ms=15473 <50ms=295 <500ms=285 <1s=0 >=1s=0 | stalls_detected=0[0m
[33m/home/cvazquezperezdelacru/clio-core/context-runtime/src/scheduler/default_sched.cc:439 WARNING 2920624 LoadBalance [#785] lane rescues performed: 0[0m
[33m/home/cvazquezperezdelacru/clio-core/context-runtime/src/scheduler/default_sched.cc:430 WARNING 2920624 LoadBalance [#781 PDF] observed exec-time bins (cumulative): <10us=3597950 <50us=105339 <500us=8922 <10ms=15805 <50ms=299 <500ms=285 <1s=0 >=1s=0 | stalls_detected=0[0m
[33m/home/cvazquezperezdelacru/clio-core/context-runtime/src/scheduler/default_sched.cc:439 WARNING 2920624 LoadBalance [#785] lane rescues performed: 0[0m
[33m/home/cvazquezperezdelacru/clio-core/context-runtime/src/scheduler/default_sched.cc:430 WARNING 2920624 LoadBalance [#781 PDF] observed exec-time bins (cumulative): <10us=3659825 <50us=110043 <500us=9135 <10ms=16145 <50ms=299 <500ms=286 <1s=0 >=1s=0 | stalls_detected=0[0m
[33m/home/cvazquezperezdelacru/clio-core/context-runtime/src/scheduler/default_sched.cc:439 WARNING 2920624 LoadBalance [#785] lane rescues performed: 0[0m
[33m/home/cvazquezperezdelacru/clio-core/context-runtime/src/scheduler/default_sched.cc:430 WARNING 2920624 LoadBalance [#781 PDF] observed exec-time bins (cumulative): <10us=3726231 <50us=112944 <500us=9297 <10ms=16385 <50ms=303 <500ms=286 <1s=0 >=1s=0 | stalls_detected=0[0m
[33m/home/cvazquezperezdelacru/clio-core/context-runtime/src/scheduler/default_sched.cc:439 WARNING 2920624 LoadBalance [#785] lane rescues performed: 0[0m
[33m/home/cvazquezperezdelacru/clio-core/context-runtime/src/scheduler/default_sched.cc:430 WARNING 2920624 LoadBalance [#781 PDF] observed exec-time bins (cumulative): <10us=3795983 <50us=113896 <500us=9310 <10ms=16386 <50ms=303 <500ms=286 <1s=0 >=1s=0 | stalls_detected=0[0m
[33m/home/cvazquezperezdelacru/clio-core/context-runtime/src/scheduler/default_sched.cc:439 WARNING 2920624 LoadBalance [#785] lane rescues performed: 0[0m
[97m/home/cvazquezperezdelacru/clio-core/context-runtime/src/ipc_manager.cc:2288 INFO 2920626 GetOrCreateClient [ClientPool] Creating new persistent connection to 127.0.0.1:33115[0m
[97m/home/cvazquezperezdelacru/clio-core/context-runtime/src/ipc_manager.cc:2308 INFO 2920626 GetOrCreateClient [ClientPool] Connection established to 127.0.0.1:33115[0m
[97m/home/cvazquezperezdelacru/clio-core/context-runtime/modules/admin/src/admin_runtime.cc:1191 INFO 2920616 RegisterMemory Admin::RegisterMemory: Registering CPU alloc_id (2921442.0)[0m
[97m/home/cvazquezperezdelacru/clio-core/context-runtime/src/ipc_manager.cc:2532 INFO 2920616 RegisterMemory IpcManager::RegisterMemory: Registering clio_2921442_0 from pid 2921442[0m
[97m/home/cvazquezperezdelacru/clio-core/context-runtime/src/ipc_manager.cc:2575 INFO 2920616 RegisterMemory IpcManager::RegisterMemory: Successfully registered clio_2921442_0[0m
[97m/home/cvazquezperezdelacru/clio-core/context-runtime/src/pool_manager.cc:534 INFO 2920618 CreatePool PoolManager: Creating pool 'clio_cte_core' with 1 containers (one per node)[0m
[97m/home/cvazquezperezdelacru/clio-core/context-runtime/src/pool_manager.cc:575 INFO 2920618 CreatePool PoolManager: Pool PoolId(major:512, minor:0) already exists by ID, returning existing pool[0m
[97m/home/cvazquezperezdelacru/clio-core/context-runtime/src/pool_manager.cc:534 INFO 2920618 CreatePool PoolManager: Creating pool 'faiss_ivf_bench' with 1 containers (one per node)[0m
[97m/home/cvazquezperezdelacru/clio-core/context-runtime/src/pool_manager.cc:575 INFO 2920618 CreatePool PoolManager: Pool PoolId(major:600, minor:0) already exists by ID, returning existing pool[0m
[97m/home/cvazquezperezdelacru/clio-core/context-runtime/src/ipc_manager.cc:2440 INFO 2920616 IncreaseClientShm IpcManager::IncreaseClientShm: Creating clio_2920595_4 with size 117768192 (84213760 + 33554432 overhead)[0m
[97m/home/cvazquezperezdelacru/clio-core/context-runtime/src/ipc_manager.cc:2485 INFO 2920616 IncreaseClientShm IpcManager::IncreaseClientShm: Created allocator clio_2920595_4 with ID (2920595.4)[0m
[97m/mnt/common/cvazquezperezdelacru/IOWARP/faiss/contrib/iowarp/chimod/src/faiss_ivf_runtime.cc:258 INFO 2920616 OpenIndex faiss_ivf: opened '/mnt/common/cvazquezperezdelacru/faiss/slurm_bench/work/ondisk_step3_nb178M.index' (d=128, nlist=16384, ntotal=178000000, tag='faiss_ivf::ondisk_step3_nb178M')[0m
[97m/mnt/common/cvazquezperezdelacru/IOWARP/faiss/contrib/iowarp/chimod/src/faiss_ivf_runtime.cc:329 INFO 2920616 Search faiss_ivf: Search nq=500 k=10 nprobe=256 unique_lists=16289[0m
[97m/home/cvazquezperezdelacru/clio-core/context-runtime/src/ipc_manager.cc:2440 INFO 2920616 IncreaseClientShm IpcManager::IncreaseClientShm: Creating clio_2920595_5 with size 228912912 (195358480 + 33554432 overhead)[0m
[97m/home/cvazquezperezdelacru/clio-core/context-runtime/src/ipc_manager.cc:2485 INFO 2920616 IncreaseClientShm IpcManager::IncreaseClientShm: Created allocator clio_2920595_5 with ID (2920595.5)[0m
[97m/home/cvazquezperezdelacru/clio-core/context-runtime/src/ipc_manager.cc:2440 INFO 2920616 IncreaseClientShm IpcManager::IncreaseClientShm: Creating clio_2920595_6 with size 228912912 (195358480 + 33554432 overhead)[0m
[97m/home/cvazquezperezdelacru/clio-core/context-runtime/src/ipc_manager.cc:2485 INFO 2920616 IncreaseClientShm IpcManager::IncreaseClientShm: Created allocator clio_2920595_6 with ID (2920595.6)[0m
[97m/home/cvazquezperezdelacru/clio-core/context-runtime/src/ipc_manager.cc:2440 INFO 2920616 IncreaseClientShm IpcManager::IncreaseClientShm: Creating clio_2920595_7 with size 228912912 (195358480 + 33554432 overhead)[0m
[97m/home/cvazquezperezdelacru/clio-core/context-runtime/src/ipc_manager.cc:2485 INFO 2920616 IncreaseClientShm IpcManager::IncreaseClientShm: Created allocator clio_2920595_7 with ID (2920595.7)[0m
[97m/home/cvazquezperezdelacru/clio-core/context-runtime/src/ipc_manager.cc:2440 INFO 2920616 IncreaseClientShm IpcManager::IncreaseClientShm: Creating clio_2920595_8 with size 228912912 (195358480 + 33554432 overhead)[0m
[97m/home/cvazquezperezdelacru/clio-core/context-runtime/src/ipc_manager.cc:2485 INFO 2920616 IncreaseClientShm IpcManager::IncreaseClientShm: Created allocator clio_2920595_8 with ID (2920595.8)[0m
[97m/home/cvazquezperezdelacru/clio-core/context-runtime/src/ipc_manager.cc:2440 INFO 2920616 IncreaseClientShm IpcManager::IncreaseClientShm: Creating clio_2920595_9 with size 228912912 (195358480 + 33554432 overhead)[0m
[97m/home/cvazquezperezdelacru/clio-core/context-runtime/src/ipc_manager.cc:2485 INFO 2920616 IncreaseClientShm IpcManager::IncreaseClientShm: Created allocator clio_2920595_9 with ID (2920595.9)[0m
[97m/home/cvazquezperezdelacru/clio-core/context-runtime/src/ipc_manager.cc:2440 INFO 2920616 IncreaseClientShm IpcManager::IncreaseClientShm: Creating clio_2920595_10 with size 228912912 (195358480 + 33554432 overhead)[0m
[97m/home/cvazquezperezdelacru/clio-core/context-runtime/src/ipc_manager.cc:2485 INFO 2920616 IncreaseClientShm IpcManager::IncreaseClientShm: Created allocator clio_2920595_10 with ID (2920595.10)[0m
[97m/home/cvazquezperezdelacru/clio-core/context-runtime/src/ipc_manager.cc:2440 INFO 2920616 IncreaseClientShm IpcManager::IncreaseClientShm: Creating clio_2920595_11 with size 228912912 (195358480 + 33554432 overhead)[0m
[97m/home/cvazquezperezdelacru/clio-core/context-runtime/src/ipc_manager.cc:2485 INFO 2920616 IncreaseClientShm IpcManager::IncreaseClientShm: Created allocator clio_2920595_11 with ID (2920595.11)[0m
[97m/home/cvazquezperezdelacru/clio-core/context-runtime/src/ipc_manager.cc:2440 INFO 2920616 IncreaseClientShm IpcManager::IncreaseClientShm: Creating clio_2920595_12 with size 228912912 (195358480 + 33554432 overhead)[0m
[97m/home/cvazquezperezdelacru/clio-core/context-runtime/src/ipc_manager.cc:2485 INFO 2920616 IncreaseClientShm IpcManager::IncreaseClientShm: Created allocator clio_2920595_12 with ID (2920595.12)[0m
[97m/home/cvazquezperezdelacru/clio-core/context-runtime/src/ipc_manager.cc:2440 INFO 2920616 IncreaseClientShm IpcManager::IncreaseClientShm: Creating clio_2920595_13 with size 228912912 (195358480 + 33554432 overhead)[0m
[97m/home/cvazquezperezdelacru/clio-core/context-runtime/src/ipc_manager.cc:2485 INFO 2920616 IncreaseClientShm IpcManager::IncreaseClientShm: Created allocator clio_2920595_13 with ID (2920595.13)[0m
[97m/home/cvazquezperezdelacru/clio-core/context-runtime/src/ipc_manager.cc:2440 INFO 2920616 IncreaseClientShm IpcManager::IncreaseClientShm: Creating clio_2920595_14 with size 228912912 (195358480 + 33554432 overhead)[0m
[97m/home/cvazquezperezdelacru/clio-core/context-runtime/src/ipc_manager.cc:2485 INFO 2920616 IncreaseClientShm IpcManager::IncreaseClientShm: Created allocator clio_2920595_14 with ID (2920595.14)[0m
[97m/home/cvazquezperezdelacru/clio-core/context-runtime/src/ipc_manager.cc:2440 INFO 2920616 IncreaseClientShm IpcManager::IncreaseClientShm: Creating clio_2920595_15 with size 228912912 (195358480 + 33554432 overhead)[0m
[97m/home/cvazquezperezdelacru/clio-core/context-runtime/src/ipc_manager.cc:2485 INFO 2920616 IncreaseClientShm IpcManager::IncreaseClientShm: Created allocator clio_2920595_15 with ID (2920595.15)[0m
[97m/home/cvazquezperezdelacru/clio-core/context-runtime/src/ipc_manager.cc:2440 INFO 2920616 IncreaseClientShm IpcManager::IncreaseClientShm: Creating clio_2920595_16 with size 228912912 (195358480 + 33554432 overhead)[0m
[97m/home/cvazquezperezdelacru/clio-core/context-runtime/src/ipc_manager.cc:2485 INFO 2920616 IncreaseClientShm IpcManager::IncreaseClientShm: Created allocator clio_2920595_16 with ID (2920595.16)[0m
[97m/home/cvazquezperezdelacru/clio-core/context-runtime/src/ipc_manager.cc:2440 INFO 2920616 IncreaseClientShm IpcManager::IncreaseClientShm: Creating clio_2920595_17 with size 228912912 (195358480 + 33554432 overhead)[0m
[97m/home/cvazquezperezdelacru/clio-core/context-runtime/src/ipc_manager.cc:2485 INFO 2920616 IncreaseClientShm IpcManager::IncreaseClientShm: Created allocator clio_2920595_17 with ID (2920595.17)[0m
[33m/home/cvazquezperezdelacru/clio-core/context-runtime/src/scheduler/default_sched.cc:455 WARNING 2920624 operator() [#781] worker 0 STALLED on one task (load_us=-1.52588e-05 realtime_load_us=1.03142e+06 threshold_s=1)[0m
[33m/home/cvazquezperezdelacru/clio-core/context-runtime/src/worker.cc:370 WARNING 2920624 AdoptLane [#785] worker 0 adopted lane 0x7ff2450961e8[0m
[33m/home/cvazquezperezdelacru/clio-core/context-runtime/src/work_orchestrator.cc:545 WARNING 2920624 SpawnAdditionalWorker [#785] spawned elastic worker 8 (pool now 9 workers)[0m
[33m/home/cvazquezperezdelacru/clio-core/context-runtime/src/scheduler/default_sched.cc:598 WARNING 2920624 operator() [#785] RESCUE: stalled worker 0 -> worker 8 (0 parked task(s) moved, 0 queued task(s) redistributed, rescues=1)[0m
[33m/home/cvazquezperezdelacru/clio-core/context-runtime/src/scheduler/default_sched.cc:455 WARNING 2920624 operator() [#781] worker 0 STALLED on one task (load_us=-1.52588e-05 realtime_load_us=1.53313e+06 threshold_s=1)[0m
[33m/home/cvazquezperezdelacru/clio-core/context-runtime/src/worker.cc:370 WARNING 2920624 AdoptLane [#785] worker 0 adopted lane 0x7ff2450961e8[0m
[33m/home/cvazquezperezdelacru/clio-core/context-runtime/src/scheduler/default_sched.cc:598 WARNING 2920624 operator() [#785] RESCUE: stalled worker 0 -> worker 8 (0 parked task(s) moved, 0 queued task(s) redistributed, rescues=2)[0m
[33m/home/cvazquezperezdelacru/clio-core/context-runtime/src/scheduler/default_sched.cc:455 WARNING 2920624 operator() [#781] worker 0 STALLED on one task (load_us=-1.52588e-05 realtime_load_us=2.0337e+06 threshold_s=1)[0m
[33m/home/cvazquezperezdelacru/clio-core/context-runtime/src/worker.cc:370 WARNING 2920624 AdoptLane [#785] worker 0 adopted lane 0x7ff2450961e8[0m
[33m/home/cvazquezperezdelacru/clio-core/context-runtime/src/scheduler/default_sched.cc:598 WARNING 2920624 operator() [#785] RESCUE: stalled worker 0 -> worker 8 (0 parked task(s) moved, 0 queued task(s) redistributed, rescues=3)[0m
[33m/home/cvazquezperezdelacru/clio-core/context-runtime/src/scheduler/default_sched.cc:455 WARNING 2920624 operator() [#781] worker 0 STALLED on one task (load_us=-1.52588e-05 realtime_load_us=2.53432e+06 threshold_s=1)[0m
[33m/home/cvazquezperezdelacru/clio-core/context-runtime/src/worker.cc:370 WARNING 2920624 AdoptLane [#785] worker 0 adopted lane 0x7ff2450961e8[0m
[33m/home/cvazquezperezdelacru/clio-core/context-runtime/src/scheduler/default_sched.cc:598 WARNING 2920624 operator() [#785] RESCUE: stalled worker 0 -> worker 8 (0 parked task(s) moved, 0 queued task(s) redistributed, rescues=4)[0m
[33m/home/cvazquezperezdelacru/clio-core/context-runtime/src/scheduler/default_sched.cc:430 WARNING 2920624 LoadBalance [#781 PDF] observed exec-time bins (cumulative): <10us=3862367 <50us=116505 <500us=9376 <10ms=16388 <50ms=304 <500ms=286 <1s=0 >=1s=0 | stalls_detected=4[0m
[33m/home/cvazquezperezdelacru/clio-core/context-runtime/src/scheduler/default_sched.cc:439 WARNING 2920624 LoadBalance [#785] lane rescues performed: 4[0m
[33m/home/cvazquezperezdelacru/clio-core/context-runtime/src/scheduler/default_sched.cc:455 WARNING 2920624 operator() [#781] worker 0 STALLED on one task (load_us=-1.52588e-05 realtime_load_us=3.03499e+06 threshold_s=1)[0m
[33m/home/cvazquezperezdelacru/clio-core/context-runtime/src/worker.cc:370 WARNING 2920624 AdoptLane [#785] worker 0 adopted lane 0x7ff2450961e8[0m
[33m/home/cvazquezperezdelacru/clio-core/context-runtime/src/scheduler/default_sched.cc:598 WARNING 2920624 operator() [#785] RESCUE: stalled worker 0 -> worker 8 (0 parked task(s) moved, 0 queued task(s) redistributed, rescues=5)[0m
[33m/home/cvazquezperezdelacru/clio-core/context-runtime/src/scheduler/default_sched.cc:455 WARNING 2920624 operator() [#781] worker 0 STALLED on one task (load_us=-1.52588e-05 realtime_load_us=3.53571e+06 threshold_s=1)[0m
[33m/home/cvazquezperezdelacru/clio-core/context-runtime/src/worker.cc:370 WARNING 2920624 AdoptLane [#785] worker 0 adopted lane 0x7ff2450961e8[0m
[33m/home/cvazquezperezdelacru/clio-core/context-runtime/src/scheduler/default_sched.cc:598 WARNING 2920624 operator() [#785] RESCUE: stalled worker 0 -> worker 8 (0 parked task(s) moved, 0 queued task(s) redistributed, rescues=6)[0m
[33m/home/cvazquezperezdelacru/clio-core/context-runtime/src/scheduler/default_sched.cc:455 WARNING 2920624 operator() [#781] worker 0 STALLED on one task (load_us=-1.52588e-05 realtime_load_us=4.03632e+06 threshold_s=1)[0m
[33m/home/cvazquezperezdelacru/clio-core/context-runtime/src/worker.cc:370 WARNING 2920624 AdoptLane [#785] worker 0 adopted lane 0x7ff2450961e8[0m
[33m/home/cvazquezperezdelacru/clio-core/context-runtime/src/scheduler/default_sched.cc:598 WARNING 2920624 operator() [#785] RESCUE: stalled worker 0 -> worker 8 (0 parked task(s) moved, 0 queued task(s) redistributed, rescues=7)[0m
[33m/home/cvazquezperezdelacru/clio-core/context-runtime/src/scheduler/default_sched.cc:455 WARNING 2920624 operator() [#781] worker 0 STALLED on one task (load_us=-1.52588e-05 realtime_load_us=4.53703e+06 threshold_s=1)[0m
[33m/home/cvazquezperezdelacru/clio-core/context-runtime/src/worker.cc:370 WARNING 2920624 AdoptLane [#785] worker 0 adopted lane 0x7ff2450961e8[0m
[33m/home/cvazquezperezdelacru/clio-core/context-runtime/src/scheduler/default_sched.cc:598 WARNING 2920624 operator() [#785] RESCUE: stalled worker 0 -> worker 8 (0 parked task(s) moved, 0 queued task(s) redistributed, rescues=8)[0m
[33m/home/cvazquezperezdelacru/clio-core/context-runtime/src/scheduler/default_sched.cc:455 WARNING 2920624 operator() [#781] worker 0 STALLED on one task (load_us=-1.52588e-05 realtime_load_us=5.03758e+06 threshold_s=1)[0m
[33m/home/cvazquezperezdelacru/clio-core/context-runtime/src/worker.cc:370 WARNING 2920624 AdoptLane [#785] worker 0 adopted lane 0x7ff2450961e8[0m
[33m/home/cvazquezperezdelacru/clio-core/context-runtime/src/scheduler/default_sched.cc:598 WARNING 2920624 operator() [#785] RESCUE: stalled worker 0 -> worker 8 (0 parked task(s) moved, 0 queued task(s) redistributed, rescues=9)[0m
[33m/home/cvazquezperezdelacru/clio-core/context-runtime/src/scheduler/default_sched.cc:455 WARNING 2920624 operator() [#781] worker 0 STALLED on one task (load_us=-1.52588e-05 realtime_load_us=5.53809e+06 threshold_s=1)[0m
[33m/home/cvazquezperezdelacru/clio-core/context-runtime/src/worker.cc:370 WARNING 2920624 AdoptLane [#785] worker 0 adopted lane 0x7ff2450961e8[0m
[33m/home/cvazquezperezdelacru/clio-core/context-runtime/src/scheduler/default_sched.cc:598 WARNING 2920624 operator() [#785] RESCUE: stalled worker 0 -> worker 8 (0 parked task(s) moved, 0 queued task(s) redistributed, rescues=10)[0m
[33m/home/cvazquezperezdelacru/clio-core/context-runtime/src/scheduler/default_sched.cc:455 WARNING 2920624 operator() [#781] worker 0 STALLED on one task (load_us=-1.52588e-05 realtime_load_us=6.03853e+06 threshold_s=1)[0m
[33m/home/cvazquezperezdelacru/clio-core/context-runtime/src/worker.cc:370 WARNING 2920624 AdoptLane [#785] worker 0 adopted lane 0x7ff2450961e8[0m
[33m/home/cvazquezperezdelacru/clio-core/context-runtime/src/scheduler/default_sched.cc:598 WARNING 2920624 operator() [#785] RESCUE: stalled worker 0 -> worker 8 (0 parked task(s) moved, 0 queued task(s) redistributed, rescues=11)[0m
[33m/home/cvazquezperezdelacru/clio-core/context-runtime/src/scheduler/default_sched.cc:455 WARNING 2920624 operator() [#781] worker 0 STALLED on one task (load_us=-1.52588e-05 realtime_load_us=6.53913e+06 threshold_s=1)[0m
[33m/home/cvazquezperezdelacru/clio-core/context-runtime/src/worker.cc:370 WARNING 2920624 AdoptLane [#785] worker 0 adopted lane 0x7ff2450961e8[0m
[33m/home/cvazquezperezdelacru/clio-core/context-runtime/src/scheduler/default_sched.cc:598 WARNING 2920624 operator() [#785] RESCUE: stalled worker 0 -> worker 8 (0 parked task(s) moved, 0 queued task(s) redistributed, rescues=12)[0m
[33m/home/cvazquezperezdelacru/clio-core/context-runtime/src/scheduler/default_sched.cc:455 WARNING 2920624 operator() [#781] worker 0 STALLED on one task (load_us=-1.52588e-05 realtime_load_us=7.0397e+06 threshold_s=1)[0m
[33m/home/cvazquezperezdelacru/clio-core/context-runtime/src/worker.cc:370 WARNING 2920624 AdoptLane [#785] worker 0 adopted lane 0x7ff2450961e8[0m
[33m/home/cvazquezperezdelacru/clio-core/context-runtime/src/scheduler/default_sched.cc:598 WARNING 2920624 operator() [#785] RESCUE: stalled worker 0 -> worker 8 (0 parked task(s) moved, 0 queued task(s) redistributed, rescues=13)[0m
[33m/home/cvazquezperezdelacru/clio-core/context-runtime/src/scheduler/default_sched.cc:455 WARNING 2920624 operator() [#781] worker 0 STALLED on one task (load_us=-1.52588e-05 realtime_load_us=7.54032e+06 threshold_s=1)[0m
[33m/home/cvazquezperezdelacru/clio-core/context-runtime/src/worker.cc:370 WARNING 2920624 AdoptLane [#785] worker 0 adopted lane 0x7ff2450961e8[0m
[33m/home/cvazquezperezdelacru/clio-core/context-runtime/src/scheduler/default_sched.cc:598 WARNING 2920624 operator() [#785] RESCUE: stalled worker 0 -> worker 8 (0 parked task(s) moved, 0 queued task(s) redistributed, rescues=14)[0m
[33m/home/cvazquezperezdelacru/clio-core/context-runtime/src/scheduler/default_sched.cc:430 WARNING 2920624 LoadBalance [#781 PDF] observed exec-time bins (cumulative): <10us=3925943 <50us=119553 <500us=9385 <10ms=16389 <50ms=304 <500ms=286 <1s=0 >=1s=0 | stalls_detected=14[0m
[33m/home/cvazquezperezdelacru/clio-core/context-runtime/src/scheduler/default_sched.cc:439 WARNING 2920624 LoadBalance [#785] lane rescues performed: 14[0m
[33m/home/cvazquezperezdelacru/clio-core/context-runtime/src/scheduler/default_sched.cc:455 WARNING 2920624 operator() [#781] worker 0 STALLED on one task (load_us=-1.52588e-05 realtime_load_us=8.04113e+06 threshold_s=1)[0m
[33m/home/cvazquezperezdelacru/clio-core/context-runtime/src/worker.cc:370 WARNING 2920624 AdoptLane [#785] worker 0 adopted lane 0x7ff2450961e8[0m
[33m/home/cvazquezperezdelacru/clio-core/context-runtime/src/scheduler/default_sched.cc:598 WARNING 2920624 operator() [#785] RESCUE: stalled worker 0 -> worker 8 (0 parked task(s) moved, 0 queued task(s) redistributed, rescues=15)[0m
[33m/home/cvazquezperezdelacru/clio-core/context-runtime/src/scheduler/default_sched.cc:455 WARNING 2920624 operator() [#781] worker 0 STALLED on one task (load_us=-1.52588e-05 realtime_load_us=8.54177e+06 threshold_s=1)[0m
[33m/home/cvazquezperezdelacru/clio-core/context-runtime/src/worker.cc:370 WARNING 2920624 AdoptLane [#785] worker 0 adopted lane 0x7ff2450961e8[0m
[33m/home/cvazquezperezdelacru/clio-core/context-runtime/src/scheduler/default_sched.cc:598 WARNING 2920624 operator() [#785] RESCUE: stalled worker 0 -> worker 8 (0 parked task(s) moved, 0 queued task(s) redistributed, rescues=16)[0m
[33m/home/cvazquezperezdelacru/clio-core/context-runtime/src/scheduler/default_sched.cc:455 WARNING 2920624 operator() [#781] worker 0 STALLED on one task (load_us=-1.52588e-05 realtime_load_us=9.04241e+06 threshold_s=1)[0m
[33m/home/cvazquezperezdelacru/clio-core/context-runtime/src/worker.cc:370 WARNING 2920624 AdoptLane [#785] worker 0 adopted lane 0x7ff2450961e8[0m
[33m/home/cvazquezperezdelacru/clio-core/context-runtime/src/scheduler/default_sched.cc:598 WARNING 2920624 operator() [#785] RESCUE: stalled worker 0 -> worker 8 (0 parked task(s) moved, 0 queued task(s) redistributed, rescues=17)[0m
[33m/home/cvazquezperezdelacru/clio-core/context-runtime/src/scheduler/default_sched.cc:455 WARNING 2920624 operator() [#781] worker 0 STALLED on one task (load_us=-1.52588e-05 realtime_load_us=9.54301e+06 threshold_s=1)[0m
[33m/home/cvazquezperezdelacru/clio-core/context-runtime/src/worker.cc:370 WARNING 2920624 AdoptLane [#785] worker 0 adopted lane 0x7ff2450961e8[0m
[33m/home/cvazquezperezdelacru/clio-core/context-runtime/src/scheduler/default_sched.cc:598 WARNING 2920624 operator() [#785] RESCUE: stalled worker 0 -> worker 8 (0 parked task(s) moved, 0 queued task(s) redistributed, rescues=18)[0m
[33m/home/cvazquezperezdelacru/clio-core/context-runtime/src/scheduler/default_sched.cc:455 WARNING 2920624 operator() [#781] worker 0 STALLED on one task (load_us=-1.52588e-05 realtime_load_us=1.00436e+07 threshold_s=1)[0m
[33m/home/cvazquezperezdelacru/clio-core/context-runtime/src/worker.cc:370 WARNING 2920624 AdoptLane [#785] worker 0 adopted lane 0x7ff2450961e8[0m
[33m/home/cvazquezperezdelacru/clio-core/context-runtime/src/scheduler/default_sched.cc:598 WARNING 2920624 operator() [#785] RESCUE: stalled worker 0 -> worker 8 (0 parked task(s) moved, 0 queued task(s) redistributed, rescues=19)[0m
[33m/home/cvazquezperezdelacru/clio-core/context-runtime/src/scheduler/default_sched.cc:455 WARNING 2920624 operator() [#781] worker 0 STALLED on one task (load_us=-1.52588e-05 realtime_load_us=1.05441e+07 threshold_s=1)[0m
[33m/home/cvazquezperezdelacru/clio-core/context-runtime/src/worker.cc:370 WARNING 2920624 AdoptLane [#785] worker 0 adopted lane 0x7ff2450961e8[0m
[33m/home/cvazquezperezdelacru/clio-core/context-runtime/src/scheduler/default_sched.cc:598 WARNING 2920624 operator() [#785] RESCUE: stalled worker 0 -> worker 8 (0 parked task(s) moved, 0 queued task(s) redistributed, rescues=20)[0m
[33m/home/cvazquezperezdelacru/clio-core/context-runtime/src/scheduler/default_sched.cc:455 WARNING 2920624 operator() [#781] worker 0 STALLED on one task (load_us=-1.52588e-05 realtime_load_us=1.10447e+07 threshold_s=1)[0m
[33m/home/cvazquezperezdelacru/clio-core/context-runtime/src/worker.cc:370 WARNING 2920624 AdoptLane [#785] worker 0 adopted lane 0x7ff2450961e8[0m
[33m/home/cvazquezperezdelacru/clio-core/context-runtime/src/scheduler/default_sched.cc:598 WARNING 2920624 operator() [#785] RESCUE: stalled worker 0 -> worker 8 (0 parked task(s) moved, 0 queued task(s) redistributed, rescues=21)[0m
[33m/home/cvazquezperezdelacru/clio-core/context-runtime/src/scheduler/default_sched.cc:455 WARNING 2920624 operator() [#781] worker 0 STALLED on one task (load_us=-1.52588e-05 realtime_load_us=1.15453e+07 threshold_s=1)[0m
[33m/home/cvazquezperezdelacru/clio-core/context-runtime/src/worker.cc:370 WARNING 2920624 AdoptLane [#785] worker 0 adopted lane 0x7ff2450961e8[0m
[33m/home/cvazquezperezdelacru/clio-core/context-runtime/src/scheduler/default_sched.cc:598 WARNING 2920624 operator() [#785] RESCUE: stalled worker 0 -> worker 8 (0 parked task(s) moved, 0 queued task(s) redistributed, rescues=22)[0m
[33m/home/cvazquezperezdelacru/clio-core/context-runtime/src/scheduler/default_sched.cc:455 WARNING 2920624 operator() [#781] worker 0 STALLED on one task (load_us=-1.52588e-05 realtime_load_us=1.20459e+07 threshold_s=1)[0m
[33m/home/cvazquezperezdelacru/clio-core/context-runtime/src/worker.cc:370 WARNING 2920624 AdoptLane [#785] worker 0 adopted lane 0x7ff2450961e8[0m
[33m/home/cvazquezperezdelacru/clio-core/context-runtime/src/scheduler/default_sched.cc:598 WARNING 2920624 operator() [#785] RESCUE: stalled worker 0 -> worker 8 (0 parked task(s) moved, 0 queued task(s) redistributed, rescues=23)[0m
[33m/home/cvazquezperezdelacru/clio-core/context-runtime/src/scheduler/default_sched.cc:455 WARNING 2920624 operator() [#781] worker 0 STALLED on one task (load_us=-1.52588e-05 realtime_load_us=1.25466e+07 threshold_s=1)[0m
[33m/home/cvazquezperezdelacru/clio-core/context-runtime/src/worker.cc:370 WARNING 2920624 AdoptLane [#785] worker 0 adopted lane 0x7ff2450961e8[0m
[33m/home/cvazquezperezdelacru/clio-core/context-runtime/src/scheduler/default_sched.cc:598 WARNING 2920624 operator() [#785] RESCUE: stalled worker 0 -> worker 8 (0 parked task(s) moved, 0 queued task(s) redistributed, rescues=24)[0m
[33m/home/cvazquezperezdelacru/clio-core/context-runtime/src/scheduler/default_sched.cc:430 WARNING 2920624 LoadBalance [#781 PDF] observed exec-time bins (cumulative): <10us=3992307 <50us=120326 <500us=9393 <10ms=16391 <50ms=304 <500ms=286 <1s=0 >=1s=0 | stalls_detected=24[0m
[33m/home/cvazquezperezdelacru/clio-core/context-runtime/src/scheduler/default_sched.cc:439 WARNING 2920624 LoadBalance [#785] lane rescues performed: 24[0m
[33m/home/cvazquezperezdelacru/clio-core/context-runtime/src/scheduler/default_sched.cc:455 WARNING 2920624 operator() [#781] worker 0 STALLED on one task (load_us=-1.52588e-05 realtime_load_us=1.30471e+07 threshold_s=1)[0m
[33m/home/cvazquezperezdelacru/clio-core/context-runtime/src/worker.cc:370 WARNING 2920624 AdoptLane [#785] worker 0 adopted lane 0x7ff2450961e8[0m
[33m/home/cvazquezperezdelacru/clio-core/context-runtime/src/scheduler/default_sched.cc:598 WARNING 2920624 operator() [#785] RESCUE: stalled worker 0 -> worker 8 (0 parked task(s) moved, 0 queued task(s) redistributed, rescues=25)[0m
[33m/home/cvazquezperezdelacru/clio-core/context-runtime/src/scheduler/default_sched.cc:455 WARNING 2920624 operator() [#781] worker 0 STALLED on one task (load_us=-1.52588e-05 realtime_load_us=1.35478e+07 threshold_s=1)[0m
[33m/home/cvazquezperezdelacru/clio-core/context-runtime/src/worker.cc:370 WARNING 2920624 AdoptLane [#785] worker 0 adopted lane 0x7ff2450961e8[0m
[33m/home/cvazquezperezdelacru/clio-core/context-runtime/src/scheduler/default_sched.cc:598 WARNING 2920624 operator() [#785] RESCUE: stalled worker 0 -> worker 8 (0 parked task(s) moved, 0 queued task(s) redistributed, rescues=26)[0m
[33m/home/cvazquezperezdelacru/clio-core/context-runtime/src/scheduler/default_sched.cc:455 WARNING 2920624 operator() [#781] worker 0 STALLED on one task (load_us=-1.52588e-05 realtime_load_us=1.40484e+07 threshold_s=1)[0m
[33m/home/cvazquezperezdelacru/clio-core/context-runtime/src/worker.cc:370 WARNING 2920624 AdoptLane [#785] worker 0 adopted lane 0x7ff2450961e8[0m
[33m/home/cvazquezperezdelacru/clio-core/context-runtime/src/scheduler/default_sched.cc:598 WARNING 2920624 operator() [#785] RESCUE: stalled worker 0 -> worker 8 (0 parked task(s) moved, 0 queued task(s) redistributed, rescues=27)[0m
[33m/home/cvazquezperezdelacru/clio-core/context-runtime/src/scheduler/default_sched.cc:455 WARNING 2920624 operator() [#781] worker 0 STALLED on one task (load_us=-1.52588e-05 realtime_load_us=1.4549e+07 threshold_s=1)[0m
[33m/home/cvazquezperezdelacru/clio-core/context-runtime/src/worker.cc:370 WARNING 2920624 AdoptLane [#785] worker 0 adopted lane 0x7ff2450961e8[0m
[33m/home/cvazquezperezdelacru/clio-core/context-runtime/src/scheduler/default_sched.cc:598 WARNING 2920624 operator() [#785] RESCUE: stalled worker 0 -> worker 8 (0 parked task(s) moved, 0 queued task(s) redistributed, rescues=28)[0m
[33m/home/cvazquezperezdelacru/clio-core/context-runtime/src/scheduler/default_sched.cc:455 WARNING 2920624 operator() [#781] worker 0 STALLED on one task (load_us=-1.52588e-05 realtime_load_us=1.50496e+07 threshold_s=1)[0m
[33m/home/cvazquezperezdelacru/clio-core/context-runtime/src/worker.cc:370 WARNING 2920624 AdoptLane [#785] worker 0 adopted lane 0x7ff2450961e8[0m
[33m/home/cvazquezperezdelacru/clio-core/context-runtime/src/scheduler/default_sched.cc:598 WARNING 2920624 operator() [#785] RESCUE: stalled worker 0 -> worker 8 (0 parked task(s) moved, 0 queued task(s) redistributed, rescues=29)[0m
[33m/home/cvazquezperezdelacru/clio-core/context-runtime/src/scheduler/default_sched.cc:455 WARNING 2920624 operator() [#781] worker 0 STALLED on one task (load_us=-1.52588e-05 realtime_load_us=1.55501e+07 threshold_s=1)[0m
[33m/home/cvazquezperezdelacru/clio-core/context-runtime/src/worker.cc:370 WARNING 2920624 AdoptLane [#785] worker 0 adopted lane 0x7ff2450961e8[0m
[33m/home/cvazquezperezdelacru/clio-core/context-runtime/src/scheduler/default_sched.cc:598 WARNING 2920624 operator() [#785] RESCUE: stalled worker 0 -> worker 8 (0 parked task(s) moved, 0 queued task(s) redistributed, rescues=30)[0m
[33m/home/cvazquezperezdelacru/clio-core/context-runtime/src/scheduler/default_sched.cc:455 WARNING 2920624 operator() [#781] worker 0 STALLED on one task (load_us=-1.52588e-05 realtime_load_us=1.60507e+07 threshold_s=1)[0m
[33m/home/cvazquezperezdelacru/clio-core/context-runtime/src/worker.cc:370 WARNING 2920624 AdoptLane [#785] worker 0 adopted lane 0x7ff2450961e8[0m
[33m/home/cvazquezperezdelacru/clio-core/context-runtime/src/scheduler/default_sched.cc:598 WARNING 2920624 operator() [#785] RESCUE: stalled worker 0 -> worker 8 (0 parked task(s) moved, 0 queued task(s) redistributed, rescues=31)[0m
[33m/home/cvazquezperezdelacru/clio-core/context-runtime/src/scheduler/default_sched.cc:455 WARNING 2920624 operator() [#781] worker 0 STALLED on one task (load_us=-1.52588e-05 realtime_load_us=1.65513e+07 threshold_s=1)[0m
[33m/home/cvazquezperezdelacru/clio-core/context-runtime/src/worker.cc:370 WARNING 2920624 AdoptLane [#785] worker 0 adopted lane 0x7ff2450961e8[0m
[33m/home/cvazquezperezdelacru/clio-core/context-runtime/src/scheduler/default_sched.cc:598 WARNING 2920624 operator() [#785] RESCUE: stalled worker 0 -> worker 8 (0 parked task(s) moved, 0 queued task(s) redistributed, rescues=32)[0m
[33m/home/cvazquezperezdelacru/clio-core/context-runtime/src/scheduler/default_sched.cc:455 WARNING 2920624 operator() [#781] worker 0 STALLED on one task (load_us=-1.52588e-05 realtime_load_us=1.70518e+07 threshold_s=1)[0m
[33m/home/cvazquezperezdelacru/clio-core/context-runtime/src/worker.cc:370 WARNING 2920624 AdoptLane [#785] worker 0 adopted lane 0x7ff2450961e8[0m
[33m/home/cvazquezperezdelacru/clio-core/context-runtime/src/scheduler/default_sched.cc:598 WARNING 2920624 operator() [#785] RESCUE: stalled worker 0 -> worker 8 (0 parked task(s) moved, 0 queued task(s) redistributed, rescues=33)[0m
[33m/home/cvazquezperezdelacru/clio-core/context-runtime/src/scheduler/default_sched.cc:455 WARNING 2920624 operator() [#781] worker 0 STALLED on one task (load_us=-1.52588e-05 realtime_load_us=1.75524e+07 threshold_s=1)[0m
[33m/home/cvazquezperezdelacru/clio-core/context-runtime/src/worker.cc:370 WARNING 2920624 AdoptLane [#785] worker 0 adopted lane 0x7ff2450961e8[0m
[33m/home/cvazquezperezdelacru/clio-core/context-runtime/src/scheduler/default_sched.cc:598 WARNING 2920624 operator() [#785] RESCUE: stalled worker 0 -> worker 8 (0 parked task(s) moved, 0 queued task(s) redistributed, rescues=34)[0m
[33m/home/cvazquezperezdelacru/clio-core/context-runtime/src/scheduler/default_sched.cc:430 WARNING 2920624 LoadBalance [#781 PDF] observed exec-time bins (cumulative): <10us=4062938 <50us=120837 <500us=9400 <10ms=16392 <50ms=304 <500ms=286 <1s=0 >=1s=0 | stalls_detected=34[0m
[33m/home/cvazquezperezdelacru/clio-core/context-runtime/src/scheduler/default_sched.cc:439 WARNING 2920624 LoadBalance [#785] lane rescues performed: 34[0m
[33m/home/cvazquezperezdelacru/clio-core/context-runtime/src/scheduler/default_sched.cc:455 WARNING 2920624 operator() [#781] worker 0 STALLED on one task (load_us=-1.52588e-05 realtime_load_us=1.8053e+07 threshold_s=1)[0m
[33m/home/cvazquezperezdelacru/clio-core/context-runtime/src/worker.cc:370 WARNING 2920624 AdoptLane [#785] worker 0 adopted lane 0x7ff2450961e8[0m
[33m/home/cvazquezperezdelacru/clio-core/context-runtime/src/scheduler/default_sched.cc:598 WARNING 2920624 operator() [#785] RESCUE: stalled worker 0 -> worker 8 (0 parked task(s) moved, 0 queued task(s) redistributed, rescues=35)[0m
[31m/home/cvazquezperezdelacru/clio-core/context-runtime/src/scheduler/default_sched.cc:726 ERROR 2920624 LoadBalance [HANGWATCH-HB] processed=49602 outstanding=55 (queued=55 blocked=0 retry=0 periodic=13) live=3 live_stalled=0[0m
[31m/home/cvazquezperezdelacru/clio-core/context-runtime/src/scheduler/default_sched.cc:726 ERROR 2920624 LoadBalance [HANGWATCH-HB] processed=50731 outstanding=33 (queued=33 blocked=0 retry=0 periodic=13) live=1 live_stalled=0[0m
[31m/home/cvazquezperezdelacru/clio-core/context-runtime/src/scheduler/default_sched.cc:726 ERROR 2920624 LoadBalance [HANGWATCH-HB] processed=51962 outstanding=15 (queued=15 blocked=0 retry=0 periodic=36) live=3 live_stalled=0[0m
[33m/home/cvazquezperezdelacru/clio-core/context-runtime/src/scheduler/default_sched.cc:430 WARNING 2920624 LoadBalance [#781 PDF] observed exec-time bins (cumulative): <10us=4130112 <50us=125688 <500us=9540 <10ms=17469 <50ms=429 <500ms=286 <1s=0 >=1s=0 | stalls_detected=35[0m
[33m/home/cvazquezperezdelacru/clio-core/context-runtime/src/scheduler/default_sched.cc:439 WARNING 2920624 LoadBalance [#785] lane rescues performed: 35[0m
[31m/home/cvazquezperezdelacru/clio-core/context-runtime/src/scheduler/default_sched.cc:726 ERROR 2920624 LoadBalance [HANGWATCH-HB] processed=53116 outstanding=23 (queued=23 blocked=0 retry=0 periodic=40) live=1 live_stalled=0[0m
[31m/home/cvazquezperezdelacru/clio-core/context-runtime/src/scheduler/default_sched.cc:726 ERROR 2920624 LoadBalance [HANGWATCH-HB] processed=54064 outstanding=53 (queued=53 blocked=0 retry=0 periodic=12) live=4 live_stalled=0[0m
[33m/home/cvazquezperezdelacru/clio-core/context-runtime/src/scheduler/default_sched.cc:430 WARNING 2920624 LoadBalance [#781 PDF] observed exec-time bins (cumulative): <10us=4197195 <50us=130924 <500us=9697 <10ms=18362 <50ms=586 <500ms=286 <1s=0 >=1s=0 | stalls_detected=35[0m
[33m/home/cvazquezperezdelacru/clio-core/context-runtime/src/scheduler/default_sched.cc:439 WARNING 2920624 LoadBalance [#785] lane rescues performed: 35[0m
[31m/home/cvazquezperezdelacru/clio-core/context-runtime/src/scheduler/default_sched.cc:726 ERROR 2920624 LoadBalance [HANGWATCH-HB] processed=54848 outstanding=33 (queued=33 blocked=0 retry=0 periodic=26) live=2 live_stalled=0[0m
[31m/home/cvazquezperezdelacru/clio-core/context-runtime/src/scheduler/default_sched.cc:726 ERROR 2920624 LoadBalance [HANGWATCH-HB] processed=55568 outstanding=37 (queued=37 blocked=0 retry=0 periodic=29) live=2 live_stalled=0[0m
[31m/home/cvazquezperezdelacru/clio-core/context-runtime/src/scheduler/default_sched.cc:726 ERROR 2920624 LoadBalance [HANGWATCH-HB] processed=56288 outstanding=57 (queued=57 blocked=0 retry=0 periodic=11) live=1 live_stalled=0[0m
[33m/home/cvazquezperezdelacru/clio-core/context-runtime/src/scheduler/default_sched.cc:430 WARNING 2920624 LoadBalance [#781 PDF] observed exec-time bins (cumulative): <10us=4271480 <50us=132578 <500us=9742 <10ms=19107 <50ms=698 <500ms=289 <1s=0 >=1s=0 | stalls_detected=35[0m
[33m/home/cvazquezperezdelacru/clio-core/context-runtime/src/scheduler/default_sched.cc:439 WARNING 2920624 LoadBalance [#785] lane rescues performed: 35[0m
[31m/home/cvazquezperezdelacru/clio-core/context-runtime/src/scheduler/default_sched.cc:726 ERROR 2920624 LoadBalance [HANGWATCH-HB] processed=57018 outstanding=61 (queued=61 blocked=0 retry=0 periodic=8) live=2 live_stalled=0[0m
[31m/home/cvazquezperezdelacru/clio-core/context-runtime/src/scheduler/default_sched.cc:726 ERROR 2920624 LoadBalance [HANGWATCH-HB] processed=57741 outstanding=53 (queued=53 blocked=0 retry=0 periodic=12) live=1 live_stalled=0[0m
[33m/home/cvazquezperezdelacru/clio-core/context-runtime/src/scheduler/default_sched.cc:430 WARNING 2920624 LoadBalance [#781 PDF] observed exec-time bins (cumulative): <10us=4345168 <50us=134007 <500us=9792 <10ms=19857 <50ms=839 <500ms=290 <1s=0 >=1s=0 | stalls_detected=35[0m
[33m/home/cvazquezperezdelacru/clio-core/context-runtime/src/scheduler/default_sched.cc:439 WARNING 2920624 LoadBalance [#785] lane rescues performed: 35[0m
[31m/home/cvazquezperezdelacru/clio-core/context-runtime/src/scheduler/default_sched.cc:726 ERROR 2920624 LoadBalance [HANGWATCH-HB] processed=58500 outstanding=60 (queued=60 blocked=0 retry=0 periodic=9) live=2 live_stalled=0[0m
[31m/home/cvazquezperezdelacru/clio-core/context-runtime/src/scheduler/default_sched.cc:726 ERROR 2920624 LoadBalance [HANGWATCH-HB] processed=59127 outstanding=43 (queued=43 blocked=0 retry=0 periodic=18) live=3 live_stalled=0[0m
[31m/home/cvazquezperezdelacru/clio-core/context-runtime/src/scheduler/default_sched.cc:726 ERROR 2920624 LoadBalance [HANGWATCH-HB] processed=60007 outstanding=29 (queued=29 blocked=0 retry=0 periodic=29) live=4 live_stalled=0[0m
[33m/home/cvazquezperezdelacru/clio-core/context-runtime/src/scheduler/default_sched.cc:430 WARNING 2920624 LoadBalance [#781 PDF] observed exec-time bins (cumulative): <10us=4418357 <50us=135453 <500us=9818 <10ms=20644 <50ms=1004 <500ms=290 <1s=0 >=1s=0 | stalls_detected=35[0m
[33m/home/cvazquezperezdelacru/clio-core/context-runtime/src/scheduler/default_sched.cc:439 WARNING 2920624 LoadBalance [#785] lane rescues performed: 35[0m
[31m/home/cvazquezperezdelacru/clio-core/context-runtime/src/scheduler/default_sched.cc:726 ERROR 2920624 LoadBalance [HANGWATCH-HB] processed=61128 outstanding=5 (queued=5 blocked=0 retry=0 periodic=51) live=2 live_stalled=0[0m
[31m/home/cvazquezperezdelacru/clio-core/context-runtime/src/scheduler/default_sched.cc:726 ERROR 2920624 LoadBalance [HANGWATCH-HB] processed=61980 outstanding=18 (queued=18 blocked=0 retry=0 periodic=50) live=2 live_stalled=0[0m
[33m/home/cvazquezperezdelacru/clio-core/context-runtime/src/scheduler/default_sched.cc:430 WARNING 2920624 LoadBalance [#781 PDF] observed exec-time bins (cumulative): <10us=4488768 <50us=137071 <500us=9864 <10ms=21275 <50ms=1345 <500ms=293 <1s=0 >=1s=0 | stalls_detected=35[0m
[33m/home/cvazquezperezdelacru/clio-core/context-runtime/src/scheduler/default_sched.cc:439 WARNING 2920624 LoadBalance [#785] lane rescues performed: 35[0m
[31m/home/cvazquezperezdelacru/clio-core/context-runtime/src/scheduler/default_sched.cc:726 ERROR 2920624 LoadBalance [HANGWATCH-HB] processed=62326 outstanding=55 (queued=55 blocked=0 retry=0 periodic=13) live=3 live_stalled=2[0m
[33m/home/cvazquezperezdelacru/clio-core/context-runtime/src/scheduler/default_sched.cc:455 WARNING 2920624 operator() [#781] worker 1 STALLED on one task (load_us=-nan realtime_load_us=-nan threshold_s=1)[0m
[33m/home/cvazquezperezdelacru/clio-core/context-runtime/src/worker.cc:370 WARNING 2920624 AdoptLane [#785] worker 1 adopted lane 0x7ff2450962a8[0m
[33m/home/cvazquezperezdelacru/clio-core/context-runtime/src/work_orchestrator.cc:545 WARNING 2920624 SpawnAdditionalWorker [#785] spawned elastic worker 9 (pool now 10 workers)[0m
[33m/home/cvazquezperezdelacru/clio-core/context-runtime/src/scheduler/default_sched.cc:598 WARNING 2920624 operator() [#785] RESCUE: stalled worker 1 -> worker 9 (3 parked task(s) moved, 22 queued task(s) redistributed, rescues=36)[0m
[33m/home/cvazquezperezdelacru/clio-core/context-runtime/src/scheduler/default_sched.cc:455 WARNING 2920624 operator() [#781] worker 3 STALLED on one task (load_us=-nan realtime_load_us=-nan threshold_s=1)[0m
[33m/home/cvazquezperezdelacru/clio-core/context-runtime/src/worker.cc:370 WARNING 2920624 AdoptLane [#785] worker 3 adopted lane 0x7ff245096428[0m
[33m/home/cvazquezperezdelacru/clio-core/context-runtime/src/work_orchestrator.cc:545 WARNING 2920624 SpawnAdditionalWorker [#785] spawned elastic worker 10 (pool now 11 workers)[0m
[33m/home/cvazquezperezdelacru/clio-core/context-runtime/src/scheduler/default_sched.cc:598 WARNING 2920624 operator() [#785] RESCUE: stalled worker 3 -> worker 10 (6 parked task(s) moved, 39 queued task(s) redistributed, rescues=37)[0m
[33m/home/cvazquezperezdelacru/clio-core/context-runtime/src/scheduler/default_sched.cc:455 WARNING 2920624 operator() [#781] worker 2 STALLED on one task (load_us=-nan realtime_load_us=-nan threshold_s=1)[0m
[33m/home/cvazquezperezdelacru/clio-core/context-runtime/src/worker.cc:370 WARNING 2920624 AdoptLane [#785] worker 2 adopted lane 0x7ff245096368[0m
[33m/home/cvazquezperezdelacru/clio-core/context-runtime/src/scheduler/default_sched.cc:598 WARNING 2920624 operator() [#785] RESCUE: stalled worker 2 -> worker 8 (2 parked task(s) moved, 7 queued task(s) redistributed, rescues=38)[0m
[33m/home/cvazquezperezdelacru/clio-core/context-runtime/src/scheduler/default_sched.cc:455 WARNING 2920624 operator() [#781] worker 3 STALLED on one task (load_us=-nan realtime_load_us=-nan threshold_s=1)[0m
[33m/home/cvazquezperezdelacru/clio-core/context-runtime/src/worker.cc:370 WARNING 2920624 AdoptLane [#785] worker 3 adopted lane 0x7ff245096428[0m
[33m/home/cvazquezperezdelacru/clio-core/context-runtime/src/scheduler/default_sched.cc:598 WARNING 2920624 operator() [#785] RESCUE: stalled worker 3 -> worker 8 (46 parked task(s) moved, 7 queued task(s) redistributed, rescues=39)[0m
[31m/home/cvazquezperezdelacru/clio-core/context-runtime/src/scheduler/default_sched.cc:726 ERROR 2920624 LoadBalance [HANGWATCH-HB] processed=62623 outstanding=21 (queued=21 blocked=0 retry=0 periodic=45) live=3 live_stalled=0[0m
[33m/home/cvazquezperezdelacru/clio-core/context-runtime/src/scheduler/default_sched.cc:455 WARNING 2920624 operator() [#781] worker 2 STALLED on one task (load_us=-nan realtime_load_us=-nan threshold_s=1)[0m
[33m/home/cvazquezperezdelacru/clio-core/context-runtime/src/worker.cc:370 WARNING 2920624 AdoptLane [#785] worker 2 adopted lane 0x7ff245096368[0m
[33m/home/cvazquezperezdelacru/clio-core/context-runtime/src/scheduler/default_sched.cc:598 WARNING 2920624 operator() [#785] RESCUE: stalled worker 2 -> worker 8 (53 parked task(s) moved, 11 queued task(s) redistributed, rescues=40)[0m
[31m/home/cvazquezperezdelacru/clio-core/context-runtime/src/scheduler/default_sched.cc:726 ERROR 2920624 LoadBalance [HANGWATCH-HB] processed=62970 outstanding=1 (queued=1 blocked=0 retry=0 periodic=46) live=1 live_stalled=0[0m
[31m/home/cvazquezperezdelacru/clio-core/context-transfer-engine/core/src/core_runtime.cc:5405 ERROR 2920619 ReadData ReadData: READ FAILED - task[0] read 0 bytes, expected 6870760[0m
[31m/home/cvazquezperezdelacru/clio-core/context-transfer-engine/core/src/core_runtime.cc:5405 ERROR 2920617 ReadData ReadData: READ FAILED - task[0] read 0 bytes, expected 8369920[0m
[31m/home/cvazquezperezdelacru/clio-core/context-transfer-engine/core/src/core_runtime.cc:5405 ERROR 2920618 ReadData ReadData: READ FAILED - task[0] read 0 bytes, expected 23003760[0m
[31m/home/cvazquezperezdelacru/clio-core/context-transfer-engine/core/src/core_runtime.cc:5405 ERROR 2920617 ReadData ReadData: READ FAILED - task[0] read 0 bytes, expected 6364800[0m
[31m/home/cvazquezperezdelacru/clio-core/context-transfer-engine/core/src/core_runtime.cc:5405 ERROR 2920618 ReadData ReadData: READ FAILED - task[0] read 0 bytes, expected 3794960[0m
[31m/home/cvazquezperezdelacru/clio-core/context-transfer-engine/core/src/core_runtime.cc:5405 ERROR 2920618 ReadData ReadData: READ FAILED - task[0] read 0 bytes, expected 3672240[0m
[31m/home/cvazquezperezdelacru/clio-core/context-transfer-engine/core/src/core_runtime.cc:5405 ERROR 2920620 ReadData ReadData: READ FAILED - task[0] read 0 bytes, expected 5291520[0m
[31m/home/cvazquezperezdelacru/clio-core/context-transfer-engine/core/src/core_runtime.cc:5405 ERROR 2920619 ReadData ReadData: READ FAILED - task[0] read 0 bytes, expected 3383640[0m
[31m/home/cvazquezperezdelacru/clio-core/context-transfer-engine/core/src/core_runtime.cc:5405 ERROR 2920619 ReadData ReadData: READ FAILED - task[0] read 0 bytes, expected 4452760[0m
[31m/home/cvazquezperezdelacru/clio-core/context-transfer-engine/core/src/core_runtime.cc:5405 ERROR 2920618 ReadData ReadData: READ FAILED - task[0] read 0 bytes, expected 6761040[0m
[31m/home/cvazquezperezdelacru/clio-core/context-transfer-engine/core/src/core_runtime.cc:5405 ERROR 2920620 ReadData ReadData: READ FAILED - task[0] read 0 bytes, expected 5100680[0m
[31m/home/cvazquezperezdelacru/clio-core/context-transfer-engine/core/src/core_runtime.cc:5405 ERROR 2920619 ReadData ReadData: READ FAILED - task[0] read 0 bytes, expected 4378400[0m
[31m/home/cvazquezperezdelacru/clio-core/context-transfer-engine/core/src/core_runtime.cc:5405 ERROR 2920618 ReadData ReadData: READ FAILED - task[0] read 0 bytes, expected 3132480[0m
[31m/home/cvazquezperezdelacru/clio-core/context-transfer-engine/core/src/core_runtime.cc:5405 ERROR 2920617 ReadData ReadData: READ FAILED - task[0] read 0 bytes, expected 5036720[0m
[31m/home/cvazquezperezdelacru/clio-core/context-transfer-engine/core/src/core_runtime.cc:5405 ERROR 2920618 ReadData ReadData: READ FAILED - task[0] read 0 bytes, expected 5379400[0m
[31m/home/cvazquezperezdelacru/clio-core/context-transfer-engine/core/src/core_runtime.cc:5405 ERROR 2920617 ReadData ReadData: READ FAILED - task[0] read 0 bytes, expected 4210440[0m
[31m/home/cvazquezperezdelacru/clio-core/context-transfer-engine/core/src/core_runtime.cc:5405 ERROR 2920619 ReadData ReadData: READ FAILED - task[0] read 0 bytes, expected 7493720[0m
[31m/home/cvazquezperezdelacru/clio-core/context-transfer-engine/core/src/core_runtime.cc:5405 ERROR 2920619 ReadData ReadData: READ FAILED - task[0] read 0 bytes, expected 8079240[0m
[31m/home/cvazquezperezdelacru/clio-core/context-transfer-engine/core/src/core_runtime.cc:5405 ERROR 2920619 ReadData ReadData: READ FAILED - task[0] read 0 bytes, expected 7207200[0m
[31m/home/cvazquezperezdelacru/clio-core/context-transfer-engine/core/src/core_runtime.cc:5405 ERROR 2920619 ReadData ReadData: READ FAILED - task[0] read 0 bytes, expected 3719040[0m
[31m/home/cvazquezperezdelacru/clio-core/context-transfer-engine/core/src/core_runtime.cc:5405 ERROR 2920619 ReadData ReadData: READ FAILED - task[0] read 0 bytes, expected 2964520[0m
[31m/home/cvazquezperezdelacru/clio-core/context-transfer-engine/core/src/core_runtime.cc:5405 ERROR 2920618 ReadData ReadData: READ FAILED - task[0] read 0 bytes, expected 6599840[0m
[31m/home/cvazquezperezdelacru/clio-core/context-transfer-engine/core/src/core_runtime.cc:5405 ERROR 2920618 ReadData ReadData: READ FAILED - task[0] read 0 bytes, expected 5333120[0m
[31m/home/cvazquezperezdelacru/clio-core/context-transfer-engine/core/src/core_runtime.cc:5405 ERROR 2920618 ReadData ReadData: READ FAILED - task[0] read 0 bytes, expected 4453280[0m
[31m/home/cvazquezperezdelacru/clio-core/context-transfer-engine/core/src/core_runtime.cc:5405 ERROR 2920620 ReadData ReadData: READ FAILED - task[0] read 0 bytes, expected 6120400[0m
[31m/home/cvazquezperezdelacru/clio-core/context-transfer-engine/core/src/core_runtime.cc:5405 ERROR 2920619 ReadData ReadData: READ FAILED - task[0] read 0 bytes, expected 8063120[0m
[31m/home/cvazquezperezdelacru/clio-core/context-transfer-engine/core/src/core_runtime.cc:5405 ERROR 2920619 ReadData ReadData: READ FAILED - task[0] read 0 bytes, expected 6376240[0m
[31m/home/cvazquezperezdelacru/clio-core/context-transfer-engine/core/src/core_runtime.cc:5405 ERROR 2920619 ReadData ReadData: READ FAILED - task[0] read 0 bytes, expected 4169360[0m
[31m/home/cvazquezperezdelacru/clio-core/context-transfer-engine/core/src/core_runtime.cc:5405 ERROR 2920617 ReadData ReadData: READ FAILED - task[0] read 0 bytes, expected 5637840[0m
[31m/home/cvazquezperezdelacru/clio-core/context-transfer-engine/core/src/core_runtime.cc:5405 ERROR 2920618 ReadData ReadData: READ FAILED - task[0] read 0 bytes, expected 6080880[0m
[31m/home/cvazquezperezdelacru/clio-core/context-transfer-engine/core/src/core_runtime.cc:5405 ERROR 2920619 ReadData ReadData: READ FAILED - task[0] read 0 bytes, expected 6104800[0m
[31m/home/cvazquezperezdelacru/clio-core/context-transfer-engine/core/src/core_runtime.cc:5405 ERROR 2920617 ReadData ReadData: READ FAILED - task[0] read 0 bytes, expected 1974960[0m
[31m/home/cvazquezperezdelacru/clio-core/context-transfer-engine/core/src/core_runtime.cc:5405 ERROR 2920618 ReadData ReadData: READ FAILED - task[0] read 0 bytes, expected 3069560[0m
[31m/home/cvazquezperezdelacru/clio-core/context-transfer-engine/core/src/core_runtime.cc:5405 ERROR 2920618 ReadData ReadData: READ FAILED - task[0] read 0 bytes, expected 11345880[0m
[31m/home/cvazquezperezdelacru/clio-core/context-transfer-engine/core/src/core_runtime.cc:5405 ERROR 2920619 ReadData ReadData: READ FAILED - task[0] read 0 bytes, expected 3438760[0m
[31m/home/cvazquezperezdelacru/clio-core/context-transfer-engine/core/src/core_runtime.cc:5405 ERROR 2920619 ReadData ReadData: READ FAILED - task[0] read 0 bytes, expected 6387160[0m
[31m/home/cvazquezperezdelacru/clio-core/context-transfer-engine/core/src/core_runtime.cc:5405 ERROR 2920620 ReadData ReadData: READ FAILED - task[0] read 0 bytes, expected 3975920[0m
[31m/home/cvazquezperezdelacru/clio-core/context-transfer-engine/core/src/core_runtime.cc:5405 ERROR 2920617 ReadData ReadData: READ FAILED - task[0] read 0 bytes, expected 5504200[0m
[31m/home/cvazquezperezdelacru/clio-core/context-transfer-engine/core/src/core_runtime.cc:5405 ERROR 2920618 ReadData ReadData: READ FAILED - task[0] read 0 bytes, expected 4335760[0m
[31m/home/cvazquezperezdelacru/clio-core/context-transfer-engine/core/src/core_runtime.cc:5405 ERROR 2920618 ReadData ReadData: READ FAILED - task[0] read 0 bytes, expected 6768840[0m
[31m/home/cvazquezperezdelacru/clio-core/context-transfer-engine/core/src/core_runtime.cc:5405 ERROR 2920620 ReadData ReadData: READ FAILED - task[0] read 0 bytes, expected 3507400[0m
[31m/home/cvazquezperezdelacru/clio-core/context-transfer-engine/core/src/core_runtime.cc:5405 ERROR 2920617 ReadData ReadData: READ FAILED - task[0] read 0 bytes, expected 6415240[0m
[31m/mnt/common/cvazquezperezdelacru/IOWARP/faiss/contrib/iowarp/chimod/src/faiss_ivf_runtime.cc:464 ERROR 2921463 Search faiss_ivf: GetBlob('list/12156') failed (rc=1)[0m
[31m/mnt/common/cvazquezperezdelacru/IOWARP/faiss/contrib/iowarp/chimod/src/faiss_ivf_runtime.cc:464 ERROR 2921463 Search faiss_ivf: GetBlob('list/12128') failed (rc=1)[0m
[31m/mnt/common/cvazquezperezdelacru/IOWARP/faiss/contrib/iowarp/chimod/src/faiss_ivf_runtime.cc:464 ERROR 2921463 Search faiss_ivf: GetBlob('list/12123') failed (rc=1)[0m
[31m/mnt/common/cvazquezperezdelacru/IOWARP/faiss/contrib/iowarp/chimod/src/faiss_ivf_runtime.cc:464 ERROR 2921463 Search faiss_ivf: GetBlob('list/12122') failed (rc=1)[0m
[31m/mnt/common/cvazquezperezdelacru/IOWARP/faiss/contrib/iowarp/chimod/src/faiss_ivf_runtime.cc:464 ERROR 2921463 Search faiss_ivf: GetBlob('list/12130') failed (rc=1)[0m
[31m/mnt/common/cvazquezperezdelacru/IOWARP/faiss/contrib/iowarp/chimod/src/faiss_ivf_runtime.cc:464 ERROR 2921463 Search faiss_ivf: GetBlob('list/12144') failed (rc=1)[0m
[31m/mnt/common/cvazquezperezdelacru/IOWARP/faiss/contrib/iowarp/chimod/src/faiss_ivf_runtime.cc:464 ERROR 2921463 Search faiss_ivf: GetBlob('list/12136') failed (rc=1)[0m
[31m/mnt/common/cvazquezperezdelacru/IOWARP/faiss/contrib/iowarp/chimod/src/faiss_ivf_runtime.cc:464 ERROR 2921463 Search faiss_ivf: GetBlob('list/12148') failed (rc=1)[0m
[31m/mnt/common/cvazquezperezdelacru/IOWARP/faiss/contrib/iowarp/chimod/src/faiss_ivf_runtime.cc:464 ERROR 2921463 Search faiss_ivf: GetBlob('list/12164') failed (rc=1)[0m
[31m/mnt/common/cvazquezperezdelacru/IOWARP/faiss/contrib/iowarp/chimod/src/faiss_ivf_runtime.cc:464 ERROR 2921463 Search faiss_ivf: GetBlob('list/12142') failed (rc=1)[0m
[31m/mnt/common/cvazquezperezdelacru/IOWARP/faiss/contrib/iowarp/chimod/src/faiss_ivf_runtime.cc:464 ERROR 2921463 Search faiss_ivf: GetBlob('list/12143') failed (rc=1)[0m
[31m/mnt/common/cvazquezperezdelacru/IOWARP/faiss/contrib/iowarp/chimod/src/faiss_ivf_runtime.cc:464 ERROR 2921463 Search faiss_ivf: GetBlob('list/12159') failed (rc=1)[0m
[31m/mnt/common/cvazquezperezdelacru/IOWARP/faiss/contrib/iowarp/chimod/src/faiss_ivf_runtime.cc:464 ERROR 2921463 Search faiss_ivf: GetBlob('list/12158') failed (rc=1)[0m
[31m/mnt/common/cvazquezperezdelacru/IOWARP/faiss/contrib/iowarp/chimod/src/faiss_ivf_runtime.cc:464 ERROR 2921463 Search faiss_ivf: GetBlob('list/12134') failed (rc=1)[0m
[31m/mnt/common/cvazquezperezdelacru/IOWARP/faiss/contrib/iowarp/chimod/src/faiss_ivf_runtime.cc:464 ERROR 2921463 Search faiss_ivf: GetBlob('list/12132') failed (rc=1)[0m
[31m/mnt/common/cvazquezperezdelacru/IOWARP/faiss/contrib/iowarp/chimod/src/faiss_ivf_runtime.cc:464 ERROR 2921463 Search faiss_ivf: GetBlob('list/12154') failed (rc=1)[0m
[31m/mnt/common/cvazquezperezdelacru/IOWARP/faiss/contrib/iowarp/chimod/src/faiss_ivf_runtime.cc:464 ERROR 2921463 Search faiss_ivf: GetBlob('list/12150') failed (rc=1)[0m
[31m/mnt/common/cvazquezperezdelacru/IOWARP/faiss/contrib/iowarp/chimod/src/faiss_ivf_runtime.cc:464 ERROR 2921463 Search faiss_ivf: GetBlob('list/12112') failed (rc=1)[0m
[31m/mnt/common/cvazquezperezdelacru/IOWARP/faiss/contrib/iowarp/chimod/src/faiss_ivf_runtime.cc:464 ERROR 2921463 Search faiss_ivf: GetBlob('list/12152') failed (rc=1)[0m
[31m/mnt/common/cvazquezperezdelacru/IOWARP/faiss/contrib/iowarp/chimod/src/faiss_ivf_runtime.cc:464 ERROR 2921463 Search faiss_ivf: GetBlob('list/12140') failed (rc=1)[0m
[31m/mnt/common/cvazquezperezdelacru/IOWARP/faiss/contrib/iowarp/chimod/src/faiss_ivf_runtime.cc:464 ERROR 2921463 Search faiss_ivf: GetBlob('list/12119') failed (rc=1)[0m
[31m/mnt/common/cvazquezperezdelacru/IOWARP/faiss/contrib/iowarp/chimod/src/faiss_ivf_runtime.cc:464 ERROR 2921463 Search faiss_ivf: GetBlob('list/12127') failed (rc=1)[0m
[31m/mnt/common/cvazquezperezdelacru/IOWARP/faiss/contrib/iowarp/chimod/src/faiss_ivf_runtime.cc:464 ERROR 2921463 Search faiss_ivf: GetBlob('list/12160') failed (rc=1)[0m
[31m/mnt/common/cvazquezperezdelacru/IOWARP/faiss/contrib/iowarp/chimod/src/faiss_ivf_runtime.cc:464 ERROR 2921463 Search faiss_ivf: GetBlob('list/12126') failed (rc=1)[0m
[31m/mnt/common/cvazquezperezdelacru/IOWARP/faiss/contrib/iowarp/chimod/src/faiss_ivf_runtime.cc:464 ERROR 2921463 Search faiss_ivf: GetBlob('list/12138') failed (rc=1)[0m
[31m/mnt/common/cvazquezperezdelacru/IOWARP/faiss/contrib/iowarp/chimod/src/faiss_ivf_runtime.cc:464 ERROR 2921463 Search faiss_ivf: GetBlob('list/12124') failed (rc=1)[0m
[31m/mnt/common/cvazquezperezdelacru/IOWARP/faiss/contrib/iowarp/chimod/src/faiss_ivf_runtime.cc:464 ERROR 2921463 Search faiss_ivf: GetBlob('list/12155') failed (rc=1)[0m
[31m/mnt/common/cvazquezperezdelacru/IOWARP/faiss/contrib/iowarp/chimod/src/faiss_ivf_runtime.cc:464 ERROR 2921463 Search faiss_ivf: GetBlob('list/12146') failed (rc=1)[0m
[31m/mnt/common/cvazquezperezdelacru/IOWARP/faiss/contrib/iowarp/chimod/src/faiss_ivf_runtime.cc:464 ERROR 2921463 Search faiss_ivf: GetBlob('list/12115') failed (rc=1)[0m
[31m/mnt/common/cvazquezperezdelacru/IOWARP/faiss/contrib/iowarp/chimod/src/faiss_ivf_runtime.cc:464 ERROR 2921463 Search faiss_ivf: GetBlob('list/12139') failed (rc=1)[0m
[31m/mnt/common/cvazquezperezdelacru/IOWARP/faiss/contrib/iowarp/chimod/src/faiss_ivf_runtime.cc:464 ERROR 2921463 Search faiss_ivf: GetBlob('list/12117') failed (rc=1)[0m
[31m/mnt/common/cvazquezperezdelacru/IOWARP/faiss/contrib/iowarp/chimod/src/faiss_ivf_runtime.cc:464 ERROR 2921463 Search faiss_ivf: GetBlob('list/12166') failed (rc=1)[0m
[31m/mnt/common/cvazquezperezdelacru/IOWARP/faiss/contrib/iowarp/chimod/src/faiss_ivf_runtime.cc:464 ERROR 2921463 Search faiss_ivf: GetBlob('list/12135') failed (rc=1)[0m
[31m/mnt/common/cvazquezperezdelacru/IOWARP/faiss/contrib/iowarp/chimod/src/faiss_ivf_runtime.cc:464 ERROR 2921463 Search faiss_ivf: GetBlob('list/12147') failed (rc=1)[0m
[31m/mnt/common/cvazquezperezdelacru/IOWARP/faiss/contrib/iowarp/chimod/src/faiss_ivf_runtime.cc:464 ERROR 2921463 Search faiss_ivf: GetBlob('list/12151') failed (rc=1)[0m
[31m/mnt/common/cvazquezperezdelacru/IOWARP/faiss/contrib/iowarp/chimod/src/faiss_ivf_runtime.cc:464 ERROR 2921463 Search faiss_ivf: GetBlob('list/12131') failed (rc=1)[0m
[31m/mnt/common/cvazquezperezdelacru/IOWARP/faiss/contrib/iowarp/chimod/src/faiss_ivf_runtime.cc:464 ERROR 2921463 Search faiss_ivf: GetBlob('list/12163') failed (rc=1)[0m
[31m/mnt/common/cvazquezperezdelacru/IOWARP/faiss/contrib/iowarp/chimod/src/faiss_ivf_runtime.cc:464 ERROR 2921463 Search faiss_ivf: GetBlob('list/12329') failed (rc=1)[0m
[31m/mnt/common/cvazquezperezdelacru/IOWARP/faiss/contrib/iowarp/chimod/src/faiss_ivf_runtime.cc:464 ERROR 2921463 Search faiss_ivf: GetBlob('list/12328') failed (rc=1)[0m
[31m/mnt/common/cvazquezperezdelacru/IOWARP/faiss/contrib/iowarp/chimod/src/faiss_ivf_runtime.cc:464 ERROR 2921463 Search faiss_ivf: GetBlob('list/12326') failed (rc=1)[0m
[31m/mnt/common/cvazquezperezdelacru/IOWARP/faiss/contrib/iowarp/chimod/src/faiss_ivf_runtime.cc:464 ERROR 2921463 Search faiss_ivf: GetBlob('list/12333') failed (rc=1)[0m
[31m/mnt/common/cvazquezperezdelacru/IOWARP/faiss/contrib/iowarp/chimod/src/faiss_ivf_runtime.cc:464 ERROR 2921463 Search faiss_ivf: GetBlob('list/12331') failed (rc=1)[0m
[33m/home/cvazquezperezdelacru/clio-core/context-runtime/src/scheduler/default_sched.cc:430 WARNING 2920624 LoadBalance [#781 PDF] observed exec-time bins (cumulative): <10us=4556219 <50us=139015 <500us=9930 <10ms=21599 <50ms=1450 <500ms=298 <1s=0 >=1s=5 | stalls_detected=40[0m
[33m/home/cvazquezperezdelacru/clio-core/context-runtime/src/scheduler/default_sched.cc:439 WARNING 2920624 LoadBalance [#785] lane rescues performed: 40[0m
[31m/home/cvazquezperezdelacru/clio-core/context-runtime/src/scheduler/default_sched.cc:726 ERROR 2920624 LoadBalance [HANGWATCH-HB] processed=64448 outstanding=18 (queued=18 blocked=0 retry=0 periodic=42) live=3 live_stalled=0[0m
[31m/home/cvazquezperezdelacru/clio-core/context-runtime/src/scheduler/default_sched.cc:726 ERROR 2920624 LoadBalance [HANGWATCH-HB] processed=65678 outstanding=27 (queued=27 blocked=0 retry=0 periodic=36) live=3 live_stalled=0[0m
[33m/home/cvazquezperezdelacru/clio-core/context-runtime/src/scheduler/default_sched.cc:430 WARNING 2920624 LoadBalance [#781 PDF] observed exec-time bins (cumulative): <10us=4627782 <50us=142513 <500us=10006 <10ms=22735 <50ms=1824 <500ms=300 <1s=0 >=1s=5 | stalls_detected=40[0m
[33m/home/cvazquezperezdelacru/clio-core/context-runtime/src/scheduler/default_sched.cc:439 WARNING 2920624 LoadBalance [#785] lane rescues performed: 40[0m
[31m/home/cvazquezperezdelacru/clio-core/context-runtime/src/scheduler/default_sched.cc:726 ERROR 2920624 LoadBalance [HANGWATCH-HB] processed=66549 outstanding=37 (queued=37 blocked=0 retry=0 periodic=30) live=1 live_stalled=0[0m
[31m/home/cvazquezperezdelacru/clio-core/context-runtime/src/scheduler/default_sched.cc:726 ERROR 2920624 LoadBalance [HANGWATCH-HB] processed=67265 outstanding=51 (queued=51 blocked=0 retry=0 periodic=15) live=2 live_stalled=0[0m
[33m/home/cvazquezperezdelacru/clio-core/context-runtime/src/scheduler/default_sched.cc:430 WARNING 2920624 LoadBalance [#781 PDF] observed exec-time bins (cumulative): <10us=4694745 <50us=144802 <500us=10086 <10ms=23306 <50ms=2159 <500ms=311 <1s=0 >=1s=5 | stalls_detected=40[0m
[33m/home/cvazquezperezdelacru/clio-core/context-runtime/src/scheduler/default_sched.cc:439 WARNING 2920624 LoadBalance [#785] lane rescues performed: 40[0m
[31m/home/cvazquezperezdelacru/clio-core/context-runtime/src/scheduler/default_sched.cc:726 ERROR 2920624 LoadBalance [HANGWATCH-HB] processed=68319 outstanding=14 (queued=14 blocked=0 retry=0 periodic=38) live=3 live_stalled=0[0m
[31m/home/cvazquezperezdelacru/clio-core/context-runtime/src/scheduler/default_sched.cc:726 ERROR 2920624 LoadBalance [HANGWATCH-HB] processed=69428 outstanding=31 (queued=31 blocked=0 retry=0 periodic=34) live=2 live_stalled=0[0m
[31m/home/cvazquezperezdelacru/clio-core/context-runtime/src/scheduler/default_sched.cc:726 ERROR 2920624 LoadBalance [HANGWATCH-HB] processed=70544 outstanding=17 (queued=17 blocked=0 retry=0 periodic=45) live=2 live_stalled=0[0m
[33m/home/cvazquezperezdelacru/clio-core/context-runtime/src/scheduler/default_sched.cc:430 WARNING 2920624 LoadBalance [#781 PDF] observed exec-time bins (cumulative): <10us=4758093 <50us=149069 <500us=10145 <10ms=24230 <50ms=2563 <500ms=313 <1s=0 >=1s=6 | stalls_detected=40[0m
[33m/home/cvazquezperezdelacru/clio-core/context-runtime/src/scheduler/default_sched.cc:439 WARNING 2920624 LoadBalance [#785] lane rescues performed: 40[0m
[97m/home/cvazquezperezdelacru/clio-core/context-runtime/src/pool_manager.cc:431 INFO 2920595 DestroyLocalPool PoolManager: Destroyed local pool PoolId(major:1, minor:0)[0m
[31m/home/cvazquezperezdelacru/clio-core/context-runtime/src/ipc_manager.cc:3849 ERROR 2920623 RouteTask RouteTask: RouteLocal returned 4 for pool=PoolId(major:1, minor:0) method=21, worker=7[0m
[31m/home/cvazquezperezdelacru/clio-core/context-runtime/src/ipc_manager.cc:3849 ERROR 2920622 RouteTask RouteTask: RouteLocal returned 4 for pool=PoolId(major:1, minor:0) method=14, worker=6[0m
[31m/home/cvazquezperezdelacru/clio-core/context-runtime/src/ipc_manager.cc:3849 ERROR 2920622 RouteTask RouteTask: RouteLocal returned 4 for pool=PoolId(major:1, minor:0) method=14, worker=6[0m
