[97m/home/cvazquezperezdelacru/clio-core/context-runtime/src/config_manager.cc:144 INFO 2496275 ClientInit Config at: /mnt/common/cvazquezperezdelacru/IOWARP/faiss/contrib/iowarp/benchmarks/results/ares_cte_rendered_20260729_135523.yaml[0m
[97m/home/cvazquezperezdelacru/clio-core/context-runtime/src/ipc_manager.cc:2865 INFO 2496275 ClearUserIpcs ClearUserIpcs: Removed 247 memfd symlinks from previous runs[0m
[33m/home/cvazquezperezdelacru/clio-core/context-runtime/src/ipc_manager.cc:906 WARNING 2496275 ServerInitShm Main segment: requested 50079715328 bytes exceeds half the memory budget (50079715328 bytes); clamping to 25039857664 bytes[0m
[97m/home/cvazquezperezdelacru/clio-core/context-runtime/src/ipc_manager.cc:931 INFO 2496275 ServerInitShm Initializing main shared memory segment: 25039857664 bytes (23879 MB)[0m
[97m/home/cvazquezperezdelacru/clio-core/context-runtime/src/ipc_manager.cc:952 INFO 2496275 ServerInitShm Initializing queue shared memory segment: 646224224 bytes (631078 KB)[0m
[33m/home/cvazquezperezdelacru/clio-core/context-runtime/src/ipc_manager.cc:1005 WARNING 2496275 ServerInitShm Metadata segment: requested 50079715328 bytes exceeds half the memory budget (50079715328 bytes); clamping to 25039857664 bytes[0m
[97m/home/cvazquezperezdelacru/clio-core/context-runtime/src/ipc_manager.cc:1039 INFO 2496275 ServerInitShm Initializing metadata shared memory segment: 25039857664 bytes (23879 MB), sparse/not pre-faulted[0m
[97m/home/cvazquezperezdelacru/clio-core/context-runtime/src/ipc_manager.cc:865 INFO 2496275 ExcludeFromCoreDump metadata segment: excluded 25039857664 bytes from core dumps[0m
[97m/home/cvazquezperezdelacru/clio-core/context-runtime/src/ipc_manager.cc:1072 INFO 2496275 ServerInitShm ServerInitShm: metadata directory at offset 68072[0m
[97m/home/cvazquezperezdelacru/clio-core/context-runtime/src/ipc_manager.cc:1127 INFO 2496275 ServerInitShm ServerInitShm: 8 inbound SHM ring(s) 'clio-2496275-shm-in-0..7' (16MB each)[0m
[97m/home/cvazquezperezdelacru/clio-core/context-runtime/src/ipc_manager.cc:1269 INFO 2496275 ServerInitQueues Initializing 16 worker queues with depth 1024 (last worker serves dual role)[0m
[97m/home/cvazquezperezdelacru/clio-core/context-runtime/src/ipc_manager.cc:1933 INFO 2496275 IdentifyThisHost SUCCESS: Main server started on 0.0.0.0:9413 (advertised as 0.0.0.0, node=0)[0m
[97m/home/cvazquezperezdelacru/clio-core/context-runtime/src/ipc_manager.cc:561 INFO 2496275 ServerInit IpcManager: TCP ROUTER transport bound on 0.0.0.0:9416[0m
[97m/home/cvazquezperezdelacru/clio-core/context-runtime/src/ipc_manager.cc:579 INFO 2496275 ServerInit IpcManager: IPC lightbeam server bound on /tmp/clio_cvazquezperezdelacru/clio_9413.ipc[0m
[97m/home/cvazquezperezdelacru/clio-core/context-runtime/src/module_manager.cc:137 INFO 2496275 LoadChiMod Loaded ChiMod: clio_MOD_NAME from /mnt/common/cvazquezperezdelacru/clio-core-dev-install/lib/libclio_MOD_NAME_runtime.so[0m
[97m/home/cvazquezperezdelacru/clio-core/context-runtime/src/module_manager.cc:137 INFO 2496275 LoadChiMod Loaded ChiMod: clio_admin from /mnt/common/cvazquezperezdelacru/clio-core-dev-install/lib/libclio_admin_runtime.so[0m
[97m/home/cvazquezperezdelacru/clio-core/context-runtime/src/module_manager.cc:137 INFO 2496275 LoadChiMod Loaded ChiMod: clio_bdev from /mnt/common/cvazquezperezdelacru/clio-core-dev-install/lib/libclio_bdev_runtime.so[0m
[97m/home/cvazquezperezdelacru/clio-core/context-runtime/src/module_manager.cc:137 INFO 2496275 LoadChiMod Loaded ChiMod: clio_safe_bdev from /mnt/common/cvazquezperezdelacru/clio-core-dev-install/lib/libclio_safe_bdev_runtime.so[0m
[97m/home/cvazquezperezdelacru/clio-core/context-runtime/src/module_manager.cc:137 INFO 2496275 LoadChiMod Loaded ChiMod: clio_cte_core from /mnt/common/cvazquezperezdelacru/clio-core-dev-install/lib/libclio_cte_core_runtime.so[0m
[97m/home/cvazquezperezdelacru/clio-core/context-runtime/src/module_manager.cc:137 INFO 2496275 LoadChiMod Loaded ChiMod: clio_cte_filesystem from /mnt/common/cvazquezperezdelacru/clio-core-dev-install/lib/libclio_cte_filesystem_runtime.so[0m
[97m/home/cvazquezperezdelacru/clio-core/context-runtime/src/module_manager.cc:137 INFO 2496275 LoadChiMod Loaded ChiMod: clio_faiss_ivf from /mnt/common/cvazquezperezdelacru/IOWARP/faiss/contrib/iowarp/build-dev/chimod/libclio_faiss_ivf_runtime.so[0m
[97m/home/cvazquezperezdelacru/clio-core/context-runtime/src/work_orchestrator.cc:94 INFO 2496275 Init Creating 8 workers (7 task + 1 dedicated network)[0m
[97m/home/cvazquezperezdelacru/clio-core/context-runtime/src/ipc_manager.cc:756 INFO 2496275 SetNumSchedQueues IpcManager: Updated num_sched_queues to 1[0m
[97m/home/cvazquezperezdelacru/clio-core/context-runtime/src/scheduler/default_sched.cc:139 INFO 2496275 DivideWorkers DefaultScheduler: 1 scheduler worker (0), 4 I/O workers, net_send_worker=6, net_recv_worker=7, gpu_worker=5[0m
[97m/home/cvazquezperezdelacru/clio-core/context-runtime/src/work_orchestrator.cc:271 INFO 2496275 SpawnWorkerThreads WorkOrchestrator: num_workers=8, num_lanes=16[0m
[97m/home/cvazquezperezdelacru/clio-core/context-runtime/src/work_orchestrator.cc:294 INFO 2496275 SpawnWorkerThreads WorkOrchestrator: Mapped worker 0 (ID 0) to lane 0[0m
[97m/home/cvazquezperezdelacru/clio-core/context-runtime/src/work_orchestrator.cc:294 INFO 2496275 SpawnWorkerThreads WorkOrchestrator: Mapped worker 1 (ID 1) to lane 1[0m
[97m/home/cvazquezperezdelacru/clio-core/context-runtime/src/work_orchestrator.cc:294 INFO 2496275 SpawnWorkerThreads WorkOrchestrator: Mapped worker 2 (ID 2) to lane 2[0m
[97m/home/cvazquezperezdelacru/clio-core/context-runtime/src/work_orchestrator.cc:294 INFO 2496275 SpawnWorkerThreads WorkOrchestrator: Mapped worker 3 (ID 3) to lane 3[0m
[97m/home/cvazquezperezdelacru/clio-core/context-runtime/src/work_orchestrator.cc:294 INFO 2496275 SpawnWorkerThreads WorkOrchestrator: Mapped worker 4 (ID 4) to lane 4[0m
[97m/home/cvazquezperezdelacru/clio-core/context-runtime/src/work_orchestrator.cc:294 INFO 2496275 SpawnWorkerThreads WorkOrchestrator: Mapped worker 5 (ID 5) to lane 5[0m
[97m/home/cvazquezperezdelacru/clio-core/context-runtime/src/work_orchestrator.cc:294 INFO 2496275 SpawnWorkerThreads WorkOrchestrator: Mapped worker 6 (ID 6) to lane 6[0m
[97m/home/cvazquezperezdelacru/clio-core/context-runtime/src/work_orchestrator.cc:294 INFO 2496275 SpawnWorkerThreads WorkOrchestrator: Mapped worker 7 (ID 7) to lane 7[0m
[97m/home/cvazquezperezdelacru/clio-core/context-runtime/src/pool_manager.cc:534 INFO 2496275 CreatePool PoolManager: Creating pool 'admin' with 1 containers (one per node)[0m
[33m/home/cvazquezperezdelacru/clio-core/context-runtime/modules/admin/include/clio_runtime/admin/admin_client.h:59 WARNING 2496275 Client AdminClient: Default constructor called - pool_id_ will be PoolId(0,0)[0m
[97m/home/cvazquezperezdelacru/clio-core/context-runtime/src/pool_manager.cc:615 INFO 2496275 CreatePool Creating container for pool PoolId(major:1, minor:0) on node 0 with container_id=0[0m
[97m/home/cvazquezperezdelacru/clio-core/context-runtime/src/pool_manager.cc:644 INFO 2496275 CreatePool Container initialized with pool ID PoolId(major:1, minor:0), name admin, and container ID 0[0m
[97m/home/cvazquezperezdelacru/clio-core/context-runtime/src/pool_manager.cc:663 INFO 2496275 CreatePool CreatePool: Running Create method for pool PoolId(major:1, minor:0)[0m
[97m/home/cvazquezperezdelacru/clio-core/context-runtime/src/ipc/ipc_run2run.cc:1105 INFO 2496305 operator() [PeerRecvThread] started[0m
[97m/home/cvazquezperezdelacru/clio-core/context-runtime/src/ipc/ipc_run2run.cc:1166 INFO 2496306 operator() [ClientRecvThread] started[0m
[97m/home/cvazquezperezdelacru/clio-core/context-runtime/src/pool_manager.cc:666 INFO 2496275 CreatePool CreatePool: Create method completed for pool PoolId(major:1, minor:0)[0m
[97m/home/cvazquezperezdelacru/clio-core/context-runtime/src/pool_manager.cc:700 INFO 2496275 CreatePool PoolManager: Created complete pool PoolId(major:1, minor:0) with ChiMod clio_admin (1 containers)[0m
[97m/home/cvazquezperezdelacru/clio-core/context-runtime/src/pool_manager.cc:125 INFO 2496275 ServerInit PoolManager: Admin chimod pool created successfully with PoolId PoolId(major:1, minor:0)[0m
[97m/home/cvazquezperezdelacru/clio-core/context-runtime/src/manager.cc:264 INFO 2496275 ServerInit Processing compose configuration with 3 pools[0m
[33m/home/cvazquezperezdelacru/clio-core/context-runtime/src/../modules/admin/include/clio_runtime/admin/admin_client.h:59 WARNING 2496275 Client AdminClient: Default constructor called - pool_id_ will be PoolId(0,0)[0m
[97m/home/cvazquezperezdelacru/clio-core/context-runtime/src/manager.cc:282 INFO 2496275 ServerInit Compose: Creating pool ram::chi_default_bdev (module: clio_bdev, restart: 0)[0m
[97m/home/cvazquezperezdelacru/clio-core/context-runtime/src/pool_manager.cc:534 INFO 2496300 CreatePool PoolManager: Creating pool 'ram::chi_default_bdev' with 1 containers (one per node)[0m
[97m/home/cvazquezperezdelacru/clio-core/context-runtime/src/pool_manager.cc:615 INFO 2496300 CreatePool Creating container for pool PoolId(major:301, minor:0) on node 0 with container_id=0[0m
[97m/home/cvazquezperezdelacru/clio-core/context-runtime/src/pool_manager.cc:644 INFO 2496300 CreatePool Container initialized with pool ID PoolId(major:301, minor:0), name ram::chi_default_bdev, and container ID 0[0m
[97m/home/cvazquezperezdelacru/clio-core/context-runtime/src/pool_manager.cc:663 INFO 2496300 CreatePool CreatePool: Running Create method for pool PoolId(major:301, minor:0)[0m
[97m/home/cvazquezperezdelacru/clio-core/context-runtime/modules/bdev/src/transports/mem_bdev_transport.cc:102 INFO 2496300 InitShmBacking [#783] RAM bdev 'clio_rambdev_2496275_301_0' is shared-memory backed (38655688704 of 38654705664 bytes mapped)[0m
[97m/home/cvazquezperezdelacru/clio-core/context-runtime/src/pool_manager.cc:666 INFO 2496300 CreatePool CreatePool: Create method completed for pool PoolId(major:301, minor:0)[0m
[97m/home/cvazquezperezdelacru/clio-core/context-runtime/src/pool_manager.cc:700 INFO 2496300 CreatePool PoolManager: Created complete pool PoolId(major:301, minor:0) with ChiMod clio_bdev (1 containers)[0m
[97m/home/cvazquezperezdelacru/clio-core/context-runtime/src/manager.cc:298 INFO 2496275 ServerInit Compose: Successfully created pool ram::chi_default_bdev (module: clio_bdev)[0m
[97m/home/cvazquezperezdelacru/clio-core/context-runtime/src/manager.cc:282 INFO 2496275 ServerInit Compose: Creating pool cte_main (module: clio_cte_core, restart: 0)[0m
[97m/home/cvazquezperezdelacru/clio-core/context-runtime/src/pool_manager.cc:534 INFO 2496297 CreatePool PoolManager: Creating pool 'cte_main' with 1 containers (one per node)[0m
[97m/home/cvazquezperezdelacru/clio-core/context-runtime/src/pool_manager.cc:615 INFO 2496297 CreatePool Creating container for pool PoolId(major:512, minor:0) on node 0 with container_id=0[0m
[97m/home/cvazquezperezdelacru/clio-core/context-runtime/src/pool_manager.cc:644 INFO 2496297 CreatePool Container initialized with pool ID PoolId(major:512, minor:0), name cte_main, and container ID 0[0m
[97m/home/cvazquezperezdelacru/clio-core/context-runtime/src/pool_manager.cc:663 INFO 2496297 CreatePool CreatePool: Running Create method for pool PoolId(major:512, minor:0)[0m
[97m/home/cvazquezperezdelacru/clio-core/context-transfer-engine/core/src/core_config.cc:618 INFO 2496297 ParseStorageConfig Parsed 2 storage devices[0m
[97m/home/cvazquezperezdelacru/clio-core/context-transfer-engine/core/src/core_config.cc:636 INFO 2496297 ParseDpeConfig Parsed DPE configuration: type=max_bw[0m
[97m/home/cvazquezperezdelacru/clio-core/context-transfer-engine/core/src/core_config.cc:111 INFO 2496297 LoadFromString Configuration loaded successfully from YAML string[0m
[97m/home/cvazquezperezdelacru/clio-core/context-transfer-engine/core/src/core_runtime.cc:545 INFO 2496297 Create CTE: shared-memory metadata cache enabled (tags=65536, blobs=262144, root_off=488)[0m
[97m/home/cvazquezperezdelacru/clio-core/context-runtime/src/pool_manager.cc:534 INFO 2496299 CreatePool PoolManager: Creating pool 'ram::cte_ram_tier_node0' with 1 containers (one per node)[0m
[97m/home/cvazquezperezdelacru/clio-core/context-runtime/src/pool_manager.cc:615 INFO 2496299 CreatePool Creating container for pool PoolId(major:512, minor:1) on node 0 with container_id=0[0m
[97m/home/cvazquezperezdelacru/clio-core/context-runtime/src/pool_manager.cc:644 INFO 2496299 CreatePool Container initialized with pool ID PoolId(major:512, minor:1), name ram::cte_ram_tier_node0, and container ID 0[0m
[97m/home/cvazquezperezdelacru/clio-core/context-runtime/src/pool_manager.cc:663 INFO 2496299 CreatePool CreatePool: Running Create method for pool PoolId(major:512, minor:1)[0m
[97m/home/cvazquezperezdelacru/clio-core/context-runtime/modules/bdev/src/transports/mem_bdev_transport.cc:102 INFO 2496299 InitShmBacking [#783] RAM bdev 'clio_rambdev_2496275_512_1' is shared-memory backed (32213237760 of 32212254720 bytes mapped)[0m
[97m/home/cvazquezperezdelacru/clio-core/context-runtime/src/pool_manager.cc:666 INFO 2496299 CreatePool CreatePool: Create method completed for pool PoolId(major:512, minor:1)[0m
[97m/home/cvazquezperezdelacru/clio-core/context-runtime/src/pool_manager.cc:700 INFO 2496299 CreatePool PoolManager: Created complete pool PoolId(major:512, minor:1) with ChiMod clio_bdev (1 containers)[0m
[97m/home/cvazquezperezdelacru/clio-core/context-runtime/src/pool_manager.cc:534 INFO 2496299 CreatePool PoolManager: Creating pool '/mnt/nvme/cvazquezperezdelacru/cte_tier_node0' with 1 containers (one per node)[0m
[97m/home/cvazquezperezdelacru/clio-core/context-runtime/src/pool_manager.cc:615 INFO 2496299 CreatePool Creating container for pool PoolId(major:513, minor:1) on node 0 with container_id=0[0m
[97m/home/cvazquezperezdelacru/clio-core/context-runtime/src/pool_manager.cc:644 INFO 2496299 CreatePool Container initialized with pool ID PoolId(major:513, minor:1), name /mnt/nvme/cvazquezperezdelacru/cte_tier_node0, and container ID 0[0m
[97m/home/cvazquezperezdelacru/clio-core/context-runtime/src/pool_manager.cc:663 INFO 2496299 CreatePool CreatePool: Running Create method for pool PoolId(major:513, minor:1)[0m
[97m/home/cvazquezperezdelacru/clio-core/context-runtime/src/pool_manager.cc:666 INFO 2496299 CreatePool CreatePool: Create method completed for pool PoolId(major:513, minor:1)[0m
[97m/home/cvazquezperezdelacru/clio-core/context-runtime/src/pool_manager.cc:700 INFO 2496299 CreatePool PoolManager: Created complete pool PoolId(major:513, minor:1) with ChiMod clio_bdev (1 containers)[0m
[97m/home/cvazquezperezdelacru/clio-core/context-transfer-engine/core/src/core_runtime.cc:663 INFO 2496297 Create CTE Core container created and initialized for pool: cte_main (ID: PoolId(major:512, minor:0))[0m
[97m/home/cvazquezperezdelacru/clio-core/context-transfer-engine/core/src/core_runtime.cc:667 INFO 2496297 Create Configuration: neighborhood=1, poll_period_ms=5000, stat_targets_period_ms=5000[0m
[97m/home/cvazquezperezdelacru/clio-core/context-transfer-engine/core/src/core_runtime.cc:709 INFO 2496297 Create Starting periodic StatTargets task with period 5000 ms[0m
[97m/home/cvazquezperezdelacru/clio-core/context-runtime/src/pool_manager.cc:666 INFO 2496297 CreatePool CreatePool: Create method completed for pool PoolId(major:512, minor:0)[0m
[97m/home/cvazquezperezdelacru/clio-core/context-runtime/src/pool_manager.cc:700 INFO 2496297 CreatePool PoolManager: Created complete pool PoolId(major:512, minor:0) with ChiMod clio_cte_core (1 containers)[0m
[97m/home/cvazquezperezdelacru/clio-core/context-runtime/src/manager.cc:298 INFO 2496275 ServerInit Compose: Successfully created pool cte_main (module: clio_cte_core)[0m
[97m/home/cvazquezperezdelacru/clio-core/context-runtime/src/manager.cc:282 INFO 2496275 ServerInit Compose: Creating pool faiss_ivf_main (module: clio_faiss_ivf, restart: 0)[0m
[97m/home/cvazquezperezdelacru/clio-core/context-runtime/src/pool_manager.cc:534 INFO 2496299 CreatePool PoolManager: Creating pool 'faiss_ivf_main' with 1 containers (one per node)[0m
[97m/home/cvazquezperezdelacru/clio-core/context-runtime/src/pool_manager.cc:615 INFO 2496299 CreatePool Creating container for pool PoolId(major:600, minor:0) on node 0 with container_id=0[0m
[97m/home/cvazquezperezdelacru/clio-core/context-runtime/src/pool_manager.cc:644 INFO 2496299 CreatePool Container initialized with pool ID PoolId(major:600, minor:0), name faiss_ivf_main, and container ID 0[0m
[97m/home/cvazquezperezdelacru/clio-core/context-runtime/src/pool_manager.cc:663 INFO 2496299 CreatePool CreatePool: Running Create method for pool PoolId(major:600, minor:0)[0m
[97m/home/cvazquezperezdelacru/clio-core/context-runtime/src/pool_manager.cc:666 INFO 2496299 CreatePool CreatePool: Create method completed for pool PoolId(major:600, minor:0)[0m
[97m/home/cvazquezperezdelacru/clio-core/context-runtime/src/pool_manager.cc:700 INFO 2496299 CreatePool PoolManager: Created complete pool PoolId(major:600, minor:0) with ChiMod clio_faiss_ivf (1 containers)[0m
[97m/home/cvazquezperezdelacru/clio-core/context-runtime/src/manager.cc:298 INFO 2496275 ServerInit Compose: Successfully created pool faiss_ivf_main (module: clio_faiss_ivf)[0m
[97m/home/cvazquezperezdelacru/clio-core/context-runtime/src/manager.cc:304 INFO 2496275 ServerInit Compose: All 3 pools created successfully[0m
[32m/home/cvazquezperezdelacru/clio-core/context-runtime/src/ipc_manager.cc:1368 SUCCESS 2496275 StartLocalServer Successfully started local server at 127.0.0.1:9414[0m
[97m/home/cvazquezperezdelacru/clio-core/context-runtime/src/manager.cc:137 INFO 2496275 ClientInit RuntimeManager::ClientInit[0m
[97m/home/cvazquezperezdelacru/clio-core/context-runtime/src/manager.cc:181 INFO 2496275 ClientInit ClientInit: g_admin already exists, pool_id_=PoolId(major:0, minor:0)[0m
[33m/home/cvazquezperezdelacru/clio-core/context-runtime/src/scheduler/default_sched.cc:430 WARNING 2496304 LoadBalance [#781 PDF] observed exec-time bins (cumulative): <10us=60367 <50us=206 <500us=10 <10ms=6 <50ms=0 <500ms=2 <1s=0 >=1s=0 | stalls_detected=0[0m
[33m/home/cvazquezperezdelacru/clio-core/context-runtime/src/scheduler/default_sched.cc:439 WARNING 2496304 LoadBalance [#785] lane rescues performed: 0[0m
[33m/home/cvazquezperezdelacru/clio-core/context-runtime/src/scheduler/default_sched.cc:430 WARNING 2496304 LoadBalance [#781 PDF] observed exec-time bins (cumulative): <10us=127488 <50us=424 <500us=18 <10ms=7 <50ms=0 <500ms=2 <1s=0 >=1s=0 | stalls_detected=0[0m
[33m/home/cvazquezperezdelacru/clio-core/context-runtime/src/scheduler/default_sched.cc:439 WARNING 2496304 LoadBalance [#785] lane rescues performed: 0[0m
[33m/home/cvazquezperezdelacru/clio-core/context-runtime/src/scheduler/default_sched.cc:430 WARNING 2496304 LoadBalance [#781 PDF] observed exec-time bins (cumulative): <10us=195039 <50us=594 <500us=26 <10ms=10 <50ms=0 <500ms=2 <1s=0 >=1s=0 | stalls_detected=0[0m
[33m/home/cvazquezperezdelacru/clio-core/context-runtime/src/scheduler/default_sched.cc:439 WARNING 2496304 LoadBalance [#785] lane rescues performed: 0[0m
[97m/home/cvazquezperezdelacru/clio-core/context-runtime/src/ipc_manager.cc:2288 INFO 2496306 GetOrCreateClient [ClientPool] Creating new persistent connection to 127.0.0.1:38791[0m
[97m/home/cvazquezperezdelacru/clio-core/context-runtime/src/../../context-transport-primitives/include/clio_ctp/lightbeam/zmq_transport.h:152 INFO 2496306 GetSharedContext [ZeroMqTransport] Created shared context with 8 I/O threads[0m
[97m/home/cvazquezperezdelacru/clio-core/context-runtime/src/ipc_manager.cc:2308 INFO 2496306 GetOrCreateClient [ClientPool] Connection established to 127.0.0.1:38791[0m
[97m/home/cvazquezperezdelacru/clio-core/context-runtime/modules/admin/src/admin_runtime.cc:1191 INFO 2496296 RegisterMemory Admin::RegisterMemory: Registering CPU alloc_id (2496374.0)[0m
[97m/home/cvazquezperezdelacru/clio-core/context-runtime/src/ipc_manager.cc:2532 INFO 2496296 RegisterMemory IpcManager::RegisterMemory: Registering clio_2496374_0 from pid 2496374[0m
[97m/home/cvazquezperezdelacru/clio-core/context-runtime/src/ipc_manager.cc:2575 INFO 2496296 RegisterMemory IpcManager::RegisterMemory: Successfully registered clio_2496374_0[0m
[97m/home/cvazquezperezdelacru/clio-core/context-runtime/src/pool_manager.cc:534 INFO 2496300 CreatePool PoolManager: Creating pool 'clio_cte_core' with 1 containers (one per node)[0m
[97m/home/cvazquezperezdelacru/clio-core/context-runtime/src/pool_manager.cc:575 INFO 2496300 CreatePool PoolManager: Pool PoolId(major:512, minor:0) already exists by ID, returning existing pool[0m
[33m/home/cvazquezperezdelacru/clio-core/context-runtime/src/scheduler/default_sched.cc:430 WARNING 2496304 LoadBalance [#781 PDF] observed exec-time bins (cumulative): <10us=260397 <50us=2492 <500us=168 <10ms=298 <50ms=35 <500ms=2 <1s=0 >=1s=0 | stalls_detected=0[0m
[33m/home/cvazquezperezdelacru/clio-core/context-runtime/src/scheduler/default_sched.cc:439 WARNING 2496304 LoadBalance [#785] lane rescues performed: 0[0m
[97m/home/cvazquezperezdelacru/clio-core/context-runtime/modules/admin/src/admin_runtime.cc:1191 INFO 2496297 RegisterMemory Admin::RegisterMemory: Registering CPU alloc_id (2496374.1)[0m
[97m/home/cvazquezperezdelacru/clio-core/context-runtime/src/ipc_manager.cc:2532 INFO 2496297 RegisterMemory IpcManager::RegisterMemory: Registering clio_2496374_1 from pid 2496374[0m
[97m/home/cvazquezperezdelacru/clio-core/context-runtime/src/ipc_manager.cc:2575 INFO 2496297 RegisterMemory IpcManager::RegisterMemory: Successfully registered clio_2496374_1[0m
[97m/home/cvazquezperezdelacru/clio-core/context-runtime/modules/admin/src/admin_runtime.cc:1191 INFO 2496296 RegisterMemory Admin::RegisterMemory: Registering CPU alloc_id (2496374.2)[0m
[97m/home/cvazquezperezdelacru/clio-core/context-runtime/src/ipc_manager.cc:2532 INFO 2496296 RegisterMemory IpcManager::RegisterMemory: Registering clio_2496374_2 from pid 2496374[0m
[97m/home/cvazquezperezdelacru/clio-core/context-runtime/src/ipc_manager.cc:2575 INFO 2496296 RegisterMemory IpcManager::RegisterMemory: Successfully registered clio_2496374_2[0m
[97m/home/cvazquezperezdelacru/clio-core/context-runtime/modules/admin/src/admin_runtime.cc:1191 INFO 2496298 RegisterMemory Admin::RegisterMemory: Registering CPU alloc_id (2496374.3)[0m
[97m/home/cvazquezperezdelacru/clio-core/context-runtime/src/ipc_manager.cc:2532 INFO 2496298 RegisterMemory IpcManager::RegisterMemory: Registering clio_2496374_3 from pid 2496374[0m
[97m/home/cvazquezperezdelacru/clio-core/context-runtime/src/ipc_manager.cc:2575 INFO 2496298 RegisterMemory IpcManager::RegisterMemory: Successfully registered clio_2496374_3[0m
[97m/home/cvazquezperezdelacru/clio-core/context-runtime/modules/admin/src/admin_runtime.cc:1191 INFO 2496297 RegisterMemory Admin::RegisterMemory: Registering CPU alloc_id (2496374.4)[0m
[97m/home/cvazquezperezdelacru/clio-core/context-runtime/src/ipc_manager.cc:2532 INFO 2496297 RegisterMemory IpcManager::RegisterMemory: Registering clio_2496374_4 from pid 2496374[0m
[97m/home/cvazquezperezdelacru/clio-core/context-runtime/src/ipc_manager.cc:2575 INFO 2496297 RegisterMemory IpcManager::RegisterMemory: Successfully registered clio_2496374_4[0m
[97m/home/cvazquezperezdelacru/clio-core/context-runtime/modules/admin/src/admin_runtime.cc:1191 INFO 2496297 RegisterMemory Admin::RegisterMemory: Registering CPU alloc_id (2496374.5)[0m
[97m/home/cvazquezperezdelacru/clio-core/context-runtime/src/ipc_manager.cc:2532 INFO 2496297 RegisterMemory IpcManager::RegisterMemory: Registering clio_2496374_5 from pid 2496374[0m
[97m/home/cvazquezperezdelacru/clio-core/context-runtime/src/ipc_manager.cc:2575 INFO 2496297 RegisterMemory IpcManager::RegisterMemory: Successfully registered clio_2496374_5[0m
[33m/home/cvazquezperezdelacru/clio-core/context-runtime/src/scheduler/default_sched.cc:430 WARNING 2496304 LoadBalance [#781 PDF] observed exec-time bins (cumulative): <10us=325053 <50us=5289 <500us=289 <10ms=768 <50ms=60 <500ms=2 <1s=0 >=1s=0 | stalls_detected=0[0m
[33m/home/cvazquezperezdelacru/clio-core/context-runtime/src/scheduler/default_sched.cc:439 WARNING 2496304 LoadBalance [#785] lane rescues performed: 0[0m
[97m/home/cvazquezperezdelacru/clio-core/context-runtime/modules/admin/src/admin_runtime.cc:1191 INFO 2496297 RegisterMemory Admin::RegisterMemory: Registering CPU alloc_id (2496374.6)[0m
[97m/home/cvazquezperezdelacru/clio-core/context-runtime/src/ipc_manager.cc:2532 INFO 2496297 RegisterMemory IpcManager::RegisterMemory: Registering clio_2496374_6 from pid 2496374[0m
[97m/home/cvazquezperezdelacru/clio-core/context-runtime/src/ipc_manager.cc:2575 INFO 2496297 RegisterMemory IpcManager::RegisterMemory: Successfully registered clio_2496374_6[0m
[97m/home/cvazquezperezdelacru/clio-core/context-runtime/modules/admin/src/admin_runtime.cc:1191 INFO 2496297 RegisterMemory Admin::RegisterMemory: Registering CPU alloc_id (2496374.7)[0m
[97m/home/cvazquezperezdelacru/clio-core/context-runtime/src/ipc_manager.cc:2532 INFO 2496297 RegisterMemory IpcManager::RegisterMemory: Registering clio_2496374_7 from pid 2496374[0m
[97m/home/cvazquezperezdelacru/clio-core/context-runtime/src/ipc_manager.cc:2575 INFO 2496297 RegisterMemory IpcManager::RegisterMemory: Successfully registered clio_2496374_7[0m
[97m/home/cvazquezperezdelacru/clio-core/context-runtime/modules/admin/src/admin_runtime.cc:1191 INFO 2496298 RegisterMemory Admin::RegisterMemory: Registering CPU alloc_id (2496374.8)[0m
[97m/home/cvazquezperezdelacru/clio-core/context-runtime/src/ipc_manager.cc:2532 INFO 2496298 RegisterMemory IpcManager::RegisterMemory: Registering clio_2496374_8 from pid 2496374[0m
[97m/home/cvazquezperezdelacru/clio-core/context-runtime/src/ipc_manager.cc:2575 INFO 2496298 RegisterMemory IpcManager::RegisterMemory: Successfully registered clio_2496374_8[0m
[97m/home/cvazquezperezdelacru/clio-core/context-runtime/modules/admin/src/admin_runtime.cc:1191 INFO 2496298 RegisterMemory Admin::RegisterMemory: Registering CPU alloc_id (2496374.9)[0m
[97m/home/cvazquezperezdelacru/clio-core/context-runtime/src/ipc_manager.cc:2532 INFO 2496298 RegisterMemory IpcManager::RegisterMemory: Registering clio_2496374_9 from pid 2496374[0m
[97m/home/cvazquezperezdelacru/clio-core/context-runtime/src/ipc_manager.cc:2575 INFO 2496298 RegisterMemory IpcManager::RegisterMemory: Successfully registered clio_2496374_9[0m
[97m/home/cvazquezperezdelacru/clio-core/context-runtime/modules/admin/src/admin_runtime.cc:1191 INFO 2496297 RegisterMemory Admin::RegisterMemory: Registering CPU alloc_id (2496374.10)[0m
[97m/home/cvazquezperezdelacru/clio-core/context-runtime/src/ipc_manager.cc:2532 INFO 2496297 RegisterMemory IpcManager::RegisterMemory: Registering clio_2496374_10 from pid 2496374[0m
[97m/home/cvazquezperezdelacru/clio-core/context-runtime/src/ipc_manager.cc:2575 INFO 2496297 RegisterMemory IpcManager::RegisterMemory: Successfully registered clio_2496374_10[0m
[97m/home/cvazquezperezdelacru/clio-core/context-runtime/modules/admin/src/admin_runtime.cc:1191 INFO 2496297 RegisterMemory Admin::RegisterMemory: Registering CPU alloc_id (2496374.11)[0m
[97m/home/cvazquezperezdelacru/clio-core/context-runtime/src/ipc_manager.cc:2532 INFO 2496297 RegisterMemory IpcManager::RegisterMemory: Registering clio_2496374_11 from pid 2496374[0m
[97m/home/cvazquezperezdelacru/clio-core/context-runtime/src/ipc_manager.cc:2575 INFO 2496297 RegisterMemory IpcManager::RegisterMemory: Successfully registered clio_2496374_11[0m
[97m/home/cvazquezperezdelacru/clio-core/context-runtime/modules/admin/src/admin_runtime.cc:1191 INFO 2496298 RegisterMemory Admin::RegisterMemory: Registering CPU alloc_id (2496374.12)[0m
[97m/home/cvazquezperezdelacru/clio-core/context-runtime/src/ipc_manager.cc:2532 INFO 2496298 RegisterMemory IpcManager::RegisterMemory: Registering clio_2496374_12 from pid 2496374[0m
[97m/home/cvazquezperezdelacru/clio-core/context-runtime/src/ipc_manager.cc:2575 INFO 2496298 RegisterMemory IpcManager::RegisterMemory: Successfully registered clio_2496374_12[0m
[97m/home/cvazquezperezdelacru/clio-core/context-runtime/modules/admin/src/admin_runtime.cc:1191 INFO 2496298 RegisterMemory Admin::RegisterMemory: Registering CPU alloc_id (2496374.13)[0m
[97m/home/cvazquezperezdelacru/clio-core/context-runtime/src/ipc_manager.cc:2532 INFO 2496298 RegisterMemory IpcManager::RegisterMemory: Registering clio_2496374_13 from pid 2496374[0m
[97m/home/cvazquezperezdelacru/clio-core/context-runtime/src/ipc_manager.cc:2575 INFO 2496298 RegisterMemory IpcManager::RegisterMemory: Successfully registered clio_2496374_13[0m
[33m/home/cvazquezperezdelacru/clio-core/context-runtime/src/scheduler/default_sched.cc:430 WARNING 2496304 LoadBalance [#781 PDF] observed exec-time bins (cumulative): <10us=389227 <50us=9030 <500us=426 <10ms=1236 <50ms=82 <500ms=2 <1s=0 >=1s=0 | stalls_detected=0[0m
[33m/home/cvazquezperezdelacru/clio-core/context-runtime/src/scheduler/default_sched.cc:439 WARNING 2496304 LoadBalance [#785] lane rescues performed: 0[0m
[97m/home/cvazquezperezdelacru/clio-core/context-runtime/modules/admin/src/admin_runtime.cc:1191 INFO 2496297 RegisterMemory Admin::RegisterMemory: Registering CPU alloc_id (2496374.14)[0m
[97m/home/cvazquezperezdelacru/clio-core/context-runtime/src/ipc_manager.cc:2532 INFO 2496297 RegisterMemory IpcManager::RegisterMemory: Registering clio_2496374_14 from pid 2496374[0m
[97m/home/cvazquezperezdelacru/clio-core/context-runtime/src/ipc_manager.cc:2575 INFO 2496297 RegisterMemory IpcManager::RegisterMemory: Successfully registered clio_2496374_14[0m
[97m/home/cvazquezperezdelacru/clio-core/context-runtime/modules/admin/src/admin_runtime.cc:1191 INFO 2496297 RegisterMemory Admin::RegisterMemory: Registering CPU alloc_id (2496374.15)[0m
[97m/home/cvazquezperezdelacru/clio-core/context-runtime/src/ipc_manager.cc:2532 INFO 2496297 RegisterMemory IpcManager::RegisterMemory: Registering clio_2496374_15 from pid 2496374[0m
[97m/home/cvazquezperezdelacru/clio-core/context-runtime/src/ipc_manager.cc:2575 INFO 2496297 RegisterMemory IpcManager::RegisterMemory: Successfully registered clio_2496374_15[0m
[97m/home/cvazquezperezdelacru/clio-core/context-runtime/modules/admin/src/admin_runtime.cc:1191 INFO 2496297 RegisterMemory Admin::RegisterMemory: Registering CPU alloc_id (2496374.16)[0m
[97m/home/cvazquezperezdelacru/clio-core/context-runtime/src/ipc_manager.cc:2532 INFO 2496297 RegisterMemory IpcManager::RegisterMemory: Registering clio_2496374_16 from pid 2496374[0m
[97m/home/cvazquezperezdelacru/clio-core/context-runtime/src/ipc_manager.cc:2575 INFO 2496297 RegisterMemory IpcManager::RegisterMemory: Successfully registered clio_2496374_16[0m
[97m/home/cvazquezperezdelacru/clio-core/context-runtime/modules/admin/src/admin_runtime.cc:1191 INFO 2496297 RegisterMemory Admin::RegisterMemory: Registering CPU alloc_id (2496374.17)[0m
[97m/home/cvazquezperezdelacru/clio-core/context-runtime/src/ipc_manager.cc:2532 INFO 2496297 RegisterMemory IpcManager::RegisterMemory: Registering clio_2496374_17 from pid 2496374[0m
[97m/home/cvazquezperezdelacru/clio-core/context-runtime/src/ipc_manager.cc:2575 INFO 2496297 RegisterMemory IpcManager::RegisterMemory: Successfully registered clio_2496374_17[0m
[97m/home/cvazquezperezdelacru/clio-core/context-runtime/modules/admin/src/admin_runtime.cc:1191 INFO 2496298 RegisterMemory Admin::RegisterMemory: Registering CPU alloc_id (2496374.18)[0m
[97m/home/cvazquezperezdelacru/clio-core/context-runtime/src/ipc_manager.cc:2532 INFO 2496298 RegisterMemory IpcManager::RegisterMemory: Registering clio_2496374_18 from pid 2496374[0m
[97m/home/cvazquezperezdelacru/clio-core/context-runtime/src/ipc_manager.cc:2575 INFO 2496298 RegisterMemory IpcManager::RegisterMemory: Successfully registered clio_2496374_18[0m
[33m/home/cvazquezperezdelacru/clio-core/context-runtime/src/scheduler/default_sched.cc:430 WARNING 2496304 LoadBalance [#781 PDF] observed exec-time bins (cumulative): <10us=451944 <50us=13526 <500us=623 <10ms=1831 <50ms=107 <500ms=2 <1s=0 >=1s=0 | stalls_detected=0[0m
[33m/home/cvazquezperezdelacru/clio-core/context-runtime/src/scheduler/default_sched.cc:439 WARNING 2496304 LoadBalance [#785] lane rescues performed: 0[0m
[97m/home/cvazquezperezdelacru/clio-core/context-runtime/modules/admin/src/admin_runtime.cc:1191 INFO 2496297 RegisterMemory Admin::RegisterMemory: Registering CPU alloc_id (2496374.19)[0m
[97m/home/cvazquezperezdelacru/clio-core/context-runtime/src/ipc_manager.cc:2532 INFO 2496297 RegisterMemory IpcManager::RegisterMemory: Registering clio_2496374_19 from pid 2496374[0m
[97m/home/cvazquezperezdelacru/clio-core/context-runtime/src/ipc_manager.cc:2575 INFO 2496297 RegisterMemory IpcManager::RegisterMemory: Successfully registered clio_2496374_19[0m
[97m/home/cvazquezperezdelacru/clio-core/context-runtime/modules/admin/src/admin_runtime.cc:1191 INFO 2496298 RegisterMemory Admin::RegisterMemory: Registering CPU alloc_id (2496374.20)[0m
[97m/home/cvazquezperezdelacru/clio-core/context-runtime/src/ipc_manager.cc:2532 INFO 2496298 RegisterMemory IpcManager::RegisterMemory: Registering clio_2496374_20 from pid 2496374[0m
[97m/home/cvazquezperezdelacru/clio-core/context-runtime/src/ipc_manager.cc:2575 INFO 2496298 RegisterMemory IpcManager::RegisterMemory: Successfully registered clio_2496374_20[0m
[97m/home/cvazquezperezdelacru/clio-core/context-runtime/modules/admin/src/admin_runtime.cc:1191 INFO 2496297 RegisterMemory Admin::RegisterMemory: Registering CPU alloc_id (2496374.21)[0m
[97m/home/cvazquezperezdelacru/clio-core/context-runtime/src/ipc_manager.cc:2532 INFO 2496297 RegisterMemory IpcManager::RegisterMemory: Registering clio_2496374_21 from pid 2496374[0m
[97m/home/cvazquezperezdelacru/clio-core/context-runtime/src/ipc_manager.cc:2575 INFO 2496297 RegisterMemory IpcManager::RegisterMemory: Successfully registered clio_2496374_21[0m
[97m/home/cvazquezperezdelacru/clio-core/context-runtime/modules/admin/src/admin_runtime.cc:1191 INFO 2496298 RegisterMemory Admin::RegisterMemory: Registering CPU alloc_id (2496374.22)[0m
[97m/home/cvazquezperezdelacru/clio-core/context-runtime/src/ipc_manager.cc:2532 INFO 2496298 RegisterMemory IpcManager::RegisterMemory: Registering clio_2496374_22 from pid 2496374[0m
[97m/home/cvazquezperezdelacru/clio-core/context-runtime/src/ipc_manager.cc:2575 INFO 2496298 RegisterMemory IpcManager::RegisterMemory: Successfully registered clio_2496374_22[0m
[33m/home/cvazquezperezdelacru/clio-core/context-runtime/src/scheduler/default_sched.cc:430 WARNING 2496304 LoadBalance [#781 PDF] observed exec-time bins (cumulative): <10us=516264 <50us=16142 <500us=812 <10ms=2184 <50ms=136 <500ms=2 <1s=0 >=1s=0 | stalls_detected=0[0m
[33m/home/cvazquezperezdelacru/clio-core/context-runtime/src/scheduler/default_sched.cc:439 WARNING 2496304 LoadBalance [#785] lane rescues performed: 0[0m
[97m/home/cvazquezperezdelacru/clio-core/context-runtime/modules/admin/src/admin_runtime.cc:1191 INFO 2496298 RegisterMemory Admin::RegisterMemory: Registering CPU alloc_id (2496374.23)[0m
[97m/home/cvazquezperezdelacru/clio-core/context-runtime/src/ipc_manager.cc:2532 INFO 2496298 RegisterMemory IpcManager::RegisterMemory: Registering clio_2496374_23 from pid 2496374[0m
[97m/home/cvazquezperezdelacru/clio-core/context-runtime/src/ipc_manager.cc:2575 INFO 2496298 RegisterMemory IpcManager::RegisterMemory: Successfully registered clio_2496374_23[0m
[97m/home/cvazquezperezdelacru/clio-core/context-runtime/modules/admin/src/admin_runtime.cc:1191 INFO 2496298 RegisterMemory Admin::RegisterMemory: Registering CPU alloc_id (2496374.24)[0m
[97m/home/cvazquezperezdelacru/clio-core/context-runtime/src/ipc_manager.cc:2532 INFO 2496298 RegisterMemory IpcManager::RegisterMemory: Registering clio_2496374_24 from pid 2496374[0m
[97m/home/cvazquezperezdelacru/clio-core/context-runtime/src/ipc_manager.cc:2575 INFO 2496298 RegisterMemory IpcManager::RegisterMemory: Successfully registered clio_2496374_24[0m
[33m/home/cvazquezperezdelacru/clio-core/context-runtime/src/scheduler/default_sched.cc:430 WARNING 2496304 LoadBalance [#781 PDF] observed exec-time bins (cumulative): <10us=581316 <50us=18212 <500us=935 <10ms=2467 <50ms=165 <500ms=2 <1s=0 >=1s=0 | stalls_detected=0[0m
[33m/home/cvazquezperezdelacru/clio-core/context-runtime/src/scheduler/default_sched.cc:439 WARNING 2496304 LoadBalance [#785] lane rescues performed: 0[0m
[97m/home/cvazquezperezdelacru/clio-core/context-runtime/modules/admin/src/admin_runtime.cc:1191 INFO 2496298 RegisterMemory Admin::RegisterMemory: Registering CPU alloc_id (2496374.25)[0m
[97m/home/cvazquezperezdelacru/clio-core/context-runtime/src/ipc_manager.cc:2532 INFO 2496298 RegisterMemory IpcManager::RegisterMemory: Registering clio_2496374_25 from pid 2496374[0m
[97m/home/cvazquezperezdelacru/clio-core/context-runtime/src/ipc_manager.cc:2575 INFO 2496298 RegisterMemory IpcManager::RegisterMemory: Successfully registered clio_2496374_25[0m
[97m/home/cvazquezperezdelacru/clio-core/context-runtime/modules/admin/src/admin_runtime.cc:1191 INFO 2496298 RegisterMemory Admin::RegisterMemory: Registering CPU alloc_id (2496374.26)[0m
[97m/home/cvazquezperezdelacru/clio-core/context-runtime/src/ipc_manager.cc:2532 INFO 2496298 RegisterMemory IpcManager::RegisterMemory: Registering clio_2496374_26 from pid 2496374[0m
[97m/home/cvazquezperezdelacru/clio-core/context-runtime/src/ipc_manager.cc:2575 INFO 2496298 RegisterMemory IpcManager::RegisterMemory: Successfully registered clio_2496374_26[0m
[33m/home/cvazquezperezdelacru/clio-core/context-runtime/src/scheduler/default_sched.cc:430 WARNING 2496304 LoadBalance [#781 PDF] observed exec-time bins (cumulative): <10us=647094 <50us=19633 <500us=1092 <10ms=2717 <50ms=174 <500ms=2 <1s=0 >=1s=0 | stalls_detected=0[0m
[33m/home/cvazquezperezdelacru/clio-core/context-runtime/src/scheduler/default_sched.cc:439 WARNING 2496304 LoadBalance [#785] lane rescues performed: 0[0m
[97m/home/cvazquezperezdelacru/clio-core/context-runtime/modules/admin/src/admin_runtime.cc:1191 INFO 2496297 RegisterMemory Admin::RegisterMemory: Registering CPU alloc_id (2496374.27)[0m
[97m/home/cvazquezperezdelacru/clio-core/context-runtime/src/ipc_manager.cc:2532 INFO 2496297 RegisterMemory IpcManager::RegisterMemory: Registering clio_2496374_27 from pid 2496374[0m
[97m/home/cvazquezperezdelacru/clio-core/context-runtime/src/ipc_manager.cc:2575 INFO 2496297 RegisterMemory IpcManager::RegisterMemory: Successfully registered clio_2496374_27[0m
[97m/home/cvazquezperezdelacru/clio-core/context-runtime/modules/admin/src/admin_runtime.cc:1191 INFO 2496297 RegisterMemory Admin::RegisterMemory: Registering CPU alloc_id (2496374.28)[0m
[97m/home/cvazquezperezdelacru/clio-core/context-runtime/src/ipc_manager.cc:2532 INFO 2496297 RegisterMemory IpcManager::RegisterMemory: Registering clio_2496374_28 from pid 2496374[0m
[97m/home/cvazquezperezdelacru/clio-core/context-runtime/src/ipc_manager.cc:2575 INFO 2496297 RegisterMemory IpcManager::RegisterMemory: Successfully registered clio_2496374_28[0m
[97m/home/cvazquezperezdelacru/clio-core/context-runtime/modules/admin/src/admin_runtime.cc:1191 INFO 2496298 RegisterMemory Admin::RegisterMemory: Registering CPU alloc_id (2496374.29)[0m
[97m/home/cvazquezperezdelacru/clio-core/context-runtime/src/ipc_manager.cc:2532 INFO 2496298 RegisterMemory IpcManager::RegisterMemory: Registering clio_2496374_29 from pid 2496374[0m
[97m/home/cvazquezperezdelacru/clio-core/context-runtime/src/ipc_manager.cc:2575 INFO 2496298 RegisterMemory IpcManager::RegisterMemory: Successfully registered clio_2496374_29[0m
[33m/home/cvazquezperezdelacru/clio-core/context-runtime/src/scheduler/default_sched.cc:430 WARNING 2496304 LoadBalance [#781 PDF] observed exec-time bins (cumulative): <10us=712205 <50us=21844 <500us=1251 <10ms=3006 <50ms=179 <500ms=3 <1s=0 >=1s=0 | stalls_detected=0[0m
[33m/home/cvazquezperezdelacru/clio-core/context-runtime/src/scheduler/default_sched.cc:439 WARNING 2496304 LoadBalance [#785] lane rescues performed: 0[0m
[97m/home/cvazquezperezdelacru/clio-core/context-runtime/modules/admin/src/admin_runtime.cc:1191 INFO 2496298 RegisterMemory Admin::RegisterMemory: Registering CPU alloc_id (2496374.30)[0m
[97m/home/cvazquezperezdelacru/clio-core/context-runtime/src/ipc_manager.cc:2532 INFO 2496298 RegisterMemory IpcManager::RegisterMemory: Registering clio_2496374_30 from pid 2496374[0m
[97m/home/cvazquezperezdelacru/clio-core/context-runtime/src/ipc_manager.cc:2575 INFO 2496298 RegisterMemory IpcManager::RegisterMemory: Successfully registered clio_2496374_30[0m
[97m/home/cvazquezperezdelacru/clio-core/context-runtime/modules/admin/src/admin_runtime.cc:1191 INFO 2496298 RegisterMemory Admin::RegisterMemory: Registering CPU alloc_id (2496374.31)[0m
[97m/home/cvazquezperezdelacru/clio-core/context-runtime/src/ipc_manager.cc:2532 INFO 2496298 RegisterMemory IpcManager::RegisterMemory: Registering clio_2496374_31 from pid 2496374[0m
[97m/home/cvazquezperezdelacru/clio-core/context-runtime/src/ipc_manager.cc:2575 INFO 2496298 RegisterMemory IpcManager::RegisterMemory: Successfully registered clio_2496374_31[0m
[97m/home/cvazquezperezdelacru/clio-core/context-runtime/modules/admin/src/admin_runtime.cc:1191 INFO 2496298 RegisterMemory Admin::RegisterMemory: Registering CPU alloc_id (2496374.32)[0m
[97m/home/cvazquezperezdelacru/clio-core/context-runtime/src/ipc_manager.cc:2532 INFO 2496298 RegisterMemory IpcManager::RegisterMemory: Registering clio_2496374_32 from pid 2496374[0m
[97m/home/cvazquezperezdelacru/clio-core/context-runtime/src/ipc_manager.cc:2575 INFO 2496298 RegisterMemory IpcManager::RegisterMemory: Successfully registered clio_2496374_32[0m
[97m/home/cvazquezperezdelacru/clio-core/context-runtime/modules/admin/src/admin_runtime.cc:1191 INFO 2496297 RegisterMemory Admin::RegisterMemory: Registering CPU alloc_id (2496374.33)[0m
[97m/home/cvazquezperezdelacru/clio-core/context-runtime/src/ipc_manager.cc:2532 INFO 2496297 RegisterMemory IpcManager::RegisterMemory: Registering clio_2496374_33 from pid 2496374[0m
[97m/home/cvazquezperezdelacru/clio-core/context-runtime/src/ipc_manager.cc:2575 INFO 2496297 RegisterMemory IpcManager::RegisterMemory: Successfully registered clio_2496374_33[0m
[33m/home/cvazquezperezdelacru/clio-core/context-runtime/src/scheduler/default_sched.cc:430 WARNING 2496304 LoadBalance [#781 PDF] observed exec-time bins (cumulative): <10us=778229 <50us=22827 <500us=1448 <10ms=3335 <50ms=188 <500ms=4 <1s=0 >=1s=0 | stalls_detected=0[0m
[33m/home/cvazquezperezdelacru/clio-core/context-runtime/src/scheduler/default_sched.cc:439 WARNING 2496304 LoadBalance [#785] lane rescues performed: 0[0m
[97m/home/cvazquezperezdelacru/clio-core/context-runtime/modules/admin/src/admin_runtime.cc:1191 INFO 2496298 RegisterMemory Admin::RegisterMemory: Registering CPU alloc_id (2496374.34)[0m
[97m/home/cvazquezperezdelacru/clio-core/context-runtime/src/ipc_manager.cc:2532 INFO 2496298 RegisterMemory IpcManager::RegisterMemory: Registering clio_2496374_34 from pid 2496374[0m
[97m/home/cvazquezperezdelacru/clio-core/context-runtime/src/ipc_manager.cc:2575 INFO 2496298 RegisterMemory IpcManager::RegisterMemory: Successfully registered clio_2496374_34[0m
[97m/home/cvazquezperezdelacru/clio-core/context-runtime/modules/admin/src/admin_runtime.cc:1191 INFO 2496297 RegisterMemory Admin::RegisterMemory: Registering CPU alloc_id (2496374.35)[0m
[97m/home/cvazquezperezdelacru/clio-core/context-runtime/src/ipc_manager.cc:2532 INFO 2496297 RegisterMemory IpcManager::RegisterMemory: Registering clio_2496374_35 from pid 2496374[0m
[97m/home/cvazquezperezdelacru/clio-core/context-runtime/src/ipc_manager.cc:2575 INFO 2496297 RegisterMemory IpcManager::RegisterMemory: Successfully registered clio_2496374_35[0m
[97m/home/cvazquezperezdelacru/clio-core/context-runtime/modules/admin/src/admin_runtime.cc:1191 INFO 2496297 RegisterMemory Admin::RegisterMemory: Registering CPU alloc_id (2496374.36)[0m
[97m/home/cvazquezperezdelacru/clio-core/context-runtime/src/ipc_manager.cc:2532 INFO 2496297 RegisterMemory IpcManager::RegisterMemory: Registering clio_2496374_36 from pid 2496374[0m
[97m/home/cvazquezperezdelacru/clio-core/context-runtime/src/ipc_manager.cc:2575 INFO 2496297 RegisterMemory IpcManager::RegisterMemory: Successfully registered clio_2496374_36[0m
[33m/home/cvazquezperezdelacru/clio-core/context-runtime/src/scheduler/default_sched.cc:430 WARNING 2496304 LoadBalance [#781 PDF] observed exec-time bins (cumulative): <10us=845329 <50us=23582 <500us=1576 <10ms=3747 <50ms=195 <500ms=5 <1s=0 >=1s=0 | stalls_detected=0[0m
[33m/home/cvazquezperezdelacru/clio-core/context-runtime/src/scheduler/default_sched.cc:439 WARNING 2496304 LoadBalance [#785] lane rescues performed: 0[0m
[97m/home/cvazquezperezdelacru/clio-core/context-runtime/modules/admin/src/admin_runtime.cc:1191 INFO 2496298 RegisterMemory Admin::RegisterMemory: Registering CPU alloc_id (2496374.37)[0m
[97m/home/cvazquezperezdelacru/clio-core/context-runtime/src/ipc_manager.cc:2532 INFO 2496298 RegisterMemory IpcManager::RegisterMemory: Registering clio_2496374_37 from pid 2496374[0m
[97m/home/cvazquezperezdelacru/clio-core/context-runtime/src/ipc_manager.cc:2575 INFO 2496298 RegisterMemory IpcManager::RegisterMemory: Successfully registered clio_2496374_37[0m
[97m/home/cvazquezperezdelacru/clio-core/context-runtime/modules/admin/src/admin_runtime.cc:1191 INFO 2496298 RegisterMemory Admin::RegisterMemory: Registering CPU alloc_id (2496374.38)[0m
[97m/home/cvazquezperezdelacru/clio-core/context-runtime/src/ipc_manager.cc:2532 INFO 2496298 RegisterMemory IpcManager::RegisterMemory: Registering clio_2496374_38 from pid 2496374[0m
[97m/home/cvazquezperezdelacru/clio-core/context-runtime/src/ipc_manager.cc:2575 INFO 2496298 RegisterMemory IpcManager::RegisterMemory: Successfully registered clio_2496374_38[0m
[97m/home/cvazquezperezdelacru/clio-core/context-runtime/modules/admin/src/admin_runtime.cc:1191 INFO 2496298 RegisterMemory Admin::RegisterMemory: Registering CPU alloc_id (2496374.39)[0m
[97m/home/cvazquezperezdelacru/clio-core/context-runtime/src/ipc_manager.cc:2532 INFO 2496298 RegisterMemory IpcManager::RegisterMemory: Registering clio_2496374_39 from pid 2496374[0m
[97m/home/cvazquezperezdelacru/clio-core/context-runtime/src/ipc_manager.cc:2575 INFO 2496298 RegisterMemory IpcManager::RegisterMemory: Successfully registered clio_2496374_39[0m
[97m/home/cvazquezperezdelacru/clio-core/context-runtime/modules/admin/src/admin_runtime.cc:1191 INFO 2496298 RegisterMemory Admin::RegisterMemory: Registering CPU alloc_id (2496374.40)[0m
[97m/home/cvazquezperezdelacru/clio-core/context-runtime/src/ipc_manager.cc:2532 INFO 2496298 RegisterMemory IpcManager::RegisterMemory: Registering clio_2496374_40 from pid 2496374[0m
[97m/home/cvazquezperezdelacru/clio-core/context-runtime/src/ipc_manager.cc:2575 INFO 2496298 RegisterMemory IpcManager::RegisterMemory: Successfully registered clio_2496374_40[0m
[33m/home/cvazquezperezdelacru/clio-core/context-runtime/src/scheduler/default_sched.cc:430 WARNING 2496304 LoadBalance [#781 PDF] observed exec-time bins (cumulative): <10us=912478 <50us=24438 <500us=1704 <10ms=4287 <50ms=206 <500ms=8 <1s=0 >=1s=0 | stalls_detected=0[0m
[33m/home/cvazquezperezdelacru/clio-core/context-runtime/src/scheduler/default_sched.cc:439 WARNING 2496304 LoadBalance [#785] lane rescues performed: 0[0m
[97m/home/cvazquezperezdelacru/clio-core/context-runtime/modules/admin/src/admin_runtime.cc:1191 INFO 2496297 RegisterMemory Admin::RegisterMemory: Registering CPU alloc_id (2496374.41)[0m
[97m/home/cvazquezperezdelacru/clio-core/context-runtime/src/ipc_manager.cc:2532 INFO 2496297 RegisterMemory IpcManager::RegisterMemory: Registering clio_2496374_41 from pid 2496374[0m
[97m/home/cvazquezperezdelacru/clio-core/context-runtime/src/ipc_manager.cc:2575 INFO 2496297 RegisterMemory IpcManager::RegisterMemory: Successfully registered clio_2496374_41[0m
[97m/home/cvazquezperezdelacru/clio-core/context-runtime/modules/admin/src/admin_runtime.cc:1191 INFO 2496297 RegisterMemory Admin::RegisterMemory: Registering CPU alloc_id (2496374.42)[0m
[97m/home/cvazquezperezdelacru/clio-core/context-runtime/src/ipc_manager.cc:2532 INFO 2496297 RegisterMemory IpcManager::RegisterMemory: Registering clio_2496374_42 from pid 2496374[0m
[97m/home/cvazquezperezdelacru/clio-core/context-runtime/src/ipc_manager.cc:2575 INFO 2496297 RegisterMemory IpcManager::RegisterMemory: Successfully registered clio_2496374_42[0m
[97m/home/cvazquezperezdelacru/clio-core/context-runtime/modules/admin/src/admin_runtime.cc:1191 INFO 2496297 RegisterMemory Admin::RegisterMemory: Registering CPU alloc_id (2496374.43)[0m
[97m/home/cvazquezperezdelacru/clio-core/context-runtime/src/ipc_manager.cc:2532 INFO 2496297 RegisterMemory IpcManager::RegisterMemory: Registering clio_2496374_43 from pid 2496374[0m
[97m/home/cvazquezperezdelacru/clio-core/context-runtime/src/ipc_manager.cc:2575 INFO 2496297 RegisterMemory IpcManager::RegisterMemory: Successfully registered clio_2496374_43[0m
[97m/home/cvazquezperezdelacru/clio-core/context-runtime/modules/admin/src/admin_runtime.cc:1191 INFO 2496298 RegisterMemory Admin::RegisterMemory: Registering CPU alloc_id (2496374.44)[0m
[97m/home/cvazquezperezdelacru/clio-core/context-runtime/src/ipc_manager.cc:2532 INFO 2496298 RegisterMemory IpcManager::RegisterMemory: Registering clio_2496374_44 from pid 2496374[0m
[97m/home/cvazquezperezdelacru/clio-core/context-runtime/src/ipc_manager.cc:2575 INFO 2496298 RegisterMemory IpcManager::RegisterMemory: Successfully registered clio_2496374_44[0m
[33m/home/cvazquezperezdelacru/clio-core/context-runtime/src/scheduler/default_sched.cc:430 WARNING 2496304 LoadBalance [#781 PDF] observed exec-time bins (cumulative): <10us=978816 <50us=25858 <500us=1860 <10ms=4796 <50ms=214 <500ms=9 <1s=0 >=1s=0 | stalls_detected=0[0m
[33m/home/cvazquezperezdelacru/clio-core/context-runtime/src/scheduler/default_sched.cc:439 WARNING 2496304 LoadBalance [#785] lane rescues performed: 0[0m
[97m/home/cvazquezperezdelacru/clio-core/context-runtime/modules/admin/src/admin_runtime.cc:1191 INFO 2496298 RegisterMemory Admin::RegisterMemory: Registering CPU alloc_id (2496374.45)[0m
[97m/home/cvazquezperezdelacru/clio-core/context-runtime/src/ipc_manager.cc:2532 INFO 2496298 RegisterMemory IpcManager::RegisterMemory: Registering clio_2496374_45 from pid 2496374[0m
[97m/home/cvazquezperezdelacru/clio-core/context-runtime/src/ipc_manager.cc:2575 INFO 2496298 RegisterMemory IpcManager::RegisterMemory: Successfully registered clio_2496374_45[0m
[97m/home/cvazquezperezdelacru/clio-core/context-runtime/modules/admin/src/admin_runtime.cc:1191 INFO 2496297 RegisterMemory Admin::RegisterMemory: Registering CPU alloc_id (2496374.46)[0m
[97m/home/cvazquezperezdelacru/clio-core/context-runtime/src/ipc_manager.cc:2532 INFO 2496297 RegisterMemory IpcManager::RegisterMemory: Registering clio_2496374_46 from pid 2496374[0m
[97m/home/cvazquezperezdelacru/clio-core/context-runtime/src/ipc_manager.cc:2575 INFO 2496297 RegisterMemory IpcManager::RegisterMemory: Successfully registered clio_2496374_46[0m
[33m/home/cvazquezperezdelacru/clio-core/context-runtime/src/scheduler/default_sched.cc:430 WARNING 2496304 LoadBalance [#781 PDF] observed exec-time bins (cumulative): <10us=1043603 <50us=28410 <500us=2072 <10ms=5300 <50ms=224 <500ms=13 <1s=0 >=1s=0 | stalls_detected=0[0m
[33m/home/cvazquezperezdelacru/clio-core/context-runtime/src/scheduler/default_sched.cc:439 WARNING 2496304 LoadBalance [#785] lane rescues performed: 0[0m
[97m/home/cvazquezperezdelacru/clio-core/context-runtime/modules/admin/src/admin_runtime.cc:1191 INFO 2496297 RegisterMemory Admin::RegisterMemory: Registering CPU alloc_id (2496374.47)[0m
[97m/home/cvazquezperezdelacru/clio-core/context-runtime/src/ipc_manager.cc:2532 INFO 2496297 RegisterMemory IpcManager::RegisterMemory: Registering clio_2496374_47 from pid 2496374[0m
[97m/home/cvazquezperezdelacru/clio-core/context-runtime/src/ipc_manager.cc:2575 INFO 2496297 RegisterMemory IpcManager::RegisterMemory: Successfully registered clio_2496374_47[0m
[97m/home/cvazquezperezdelacru/clio-core/context-runtime/modules/admin/src/admin_runtime.cc:1191 INFO 2496297 RegisterMemory Admin::RegisterMemory: Registering CPU alloc_id (2496374.48)[0m
[97m/home/cvazquezperezdelacru/clio-core/context-runtime/src/ipc_manager.cc:2532 INFO 2496297 RegisterMemory IpcManager::RegisterMemory: Registering clio_2496374_48 from pid 2496374[0m
[97m/home/cvazquezperezdelacru/clio-core/context-runtime/src/ipc_manager.cc:2575 INFO 2496297 RegisterMemory IpcManager::RegisterMemory: Successfully registered clio_2496374_48[0m
[97m/home/cvazquezperezdelacru/clio-core/context-runtime/modules/admin/src/admin_runtime.cc:1191 INFO 2496298 RegisterMemory Admin::RegisterMemory: Registering CPU alloc_id (2496374.49)[0m
[97m/home/cvazquezperezdelacru/clio-core/context-runtime/src/ipc_manager.cc:2532 INFO 2496298 RegisterMemory IpcManager::RegisterMemory: Registering clio_2496374_49 from pid 2496374[0m
[97m/home/cvazquezperezdelacru/clio-core/context-runtime/src/ipc_manager.cc:2575 INFO 2496298 RegisterMemory IpcManager::RegisterMemory: Successfully registered clio_2496374_49[0m
[97m/home/cvazquezperezdelacru/clio-core/context-runtime/modules/admin/src/admin_runtime.cc:1191 INFO 2496298 RegisterMemory Admin::RegisterMemory: Registering CPU alloc_id (2496374.50)[0m
[97m/home/cvazquezperezdelacru/clio-core/context-runtime/src/ipc_manager.cc:2532 INFO 2496298 RegisterMemory IpcManager::RegisterMemory: Registering clio_2496374_50 from pid 2496374[0m
[97m/home/cvazquezperezdelacru/clio-core/context-runtime/src/ipc_manager.cc:2575 INFO 2496298 RegisterMemory IpcManager::RegisterMemory: Successfully registered clio_2496374_50[0m
[33m/home/cvazquezperezdelacru/clio-core/context-runtime/src/scheduler/default_sched.cc:430 WARNING 2496304 LoadBalance [#781 PDF] observed exec-time bins (cumulative): <10us=1107701 <50us=32991 <500us=2272 <10ms=6032 <50ms=231 <500ms=15 <1s=0 >=1s=0 | stalls_detected=0[0m
[33m/home/cvazquezperezdelacru/clio-core/context-runtime/src/scheduler/default_sched.cc:439 WARNING 2496304 LoadBalance [#785] lane rescues performed: 0[0m
[97m/home/cvazquezperezdelacru/clio-core/context-runtime/modules/admin/src/admin_runtime.cc:1191 INFO 2496298 RegisterMemory Admin::RegisterMemory: Registering CPU alloc_id (2496374.51)[0m
[97m/home/cvazquezperezdelacru/clio-core/context-runtime/src/ipc_manager.cc:2532 INFO 2496298 RegisterMemory IpcManager::RegisterMemory: Registering clio_2496374_51 from pid 2496374[0m
[97m/home/cvazquezperezdelacru/clio-core/context-runtime/src/ipc_manager.cc:2575 INFO 2496298 RegisterMemory IpcManager::RegisterMemory: Successfully registered clio_2496374_51[0m
[97m/home/cvazquezperezdelacru/clio-core/context-runtime/modules/admin/src/admin_runtime.cc:1191 INFO 2496297 RegisterMemory Admin::RegisterMemory: Registering CPU alloc_id (2496374.52)[0m
[97m/home/cvazquezperezdelacru/clio-core/context-runtime/src/ipc_manager.cc:2532 INFO 2496297 RegisterMemory IpcManager::RegisterMemory: Registering clio_2496374_52 from pid 2496374[0m
[97m/home/cvazquezperezdelacru/clio-core/context-runtime/src/ipc_manager.cc:2575 INFO 2496297 RegisterMemory IpcManager::RegisterMemory: Successfully registered clio_2496374_52[0m
[97m/home/cvazquezperezdelacru/clio-core/context-runtime/modules/admin/src/admin_runtime.cc:1191 INFO 2496297 RegisterMemory Admin::RegisterMemory: Registering CPU alloc_id (2496374.53)[0m
[97m/home/cvazquezperezdelacru/clio-core/context-runtime/src/ipc_manager.cc:2532 INFO 2496297 RegisterMemory IpcManager::RegisterMemory: Registering clio_2496374_53 from pid 2496374[0m
[97m/home/cvazquezperezdelacru/clio-core/context-runtime/src/ipc_manager.cc:2575 INFO 2496297 RegisterMemory IpcManager::RegisterMemory: Successfully registered clio_2496374_53[0m
[97m/home/cvazquezperezdelacru/clio-core/context-runtime/modules/admin/src/admin_runtime.cc:1191 INFO 2496298 RegisterMemory Admin::RegisterMemory: Registering CPU alloc_id (2496374.54)[0m
[97m/home/cvazquezperezdelacru/clio-core/context-runtime/src/ipc_manager.cc:2532 INFO 2496298 RegisterMemory IpcManager::RegisterMemory: Registering clio_2496374_54 from pid 2496374[0m
[97m/home/cvazquezperezdelacru/clio-core/context-runtime/src/ipc_manager.cc:2575 INFO 2496298 RegisterMemory IpcManager::RegisterMemory: Successfully registered clio_2496374_54[0m
[33m/home/cvazquezperezdelacru/clio-core/context-runtime/src/scheduler/default_sched.cc:430 WARNING 2496304 LoadBalance [#781 PDF] observed exec-time bins (cumulative): <10us=1173223 <50us=36025 <500us=2461 <10ms=6499 <50ms=235 <500ms=16 <1s=0 >=1s=0 | stalls_detected=0[0m
[33m/home/cvazquezperezdelacru/clio-core/context-runtime/src/scheduler/default_sched.cc:439 WARNING 2496304 LoadBalance [#785] lane rescues performed: 0[0m
[97m/home/cvazquezperezdelacru/clio-core/context-runtime/modules/admin/src/admin_runtime.cc:1191 INFO 2496297 RegisterMemory Admin::RegisterMemory: Registering CPU alloc_id (2496374.55)[0m
[97m/home/cvazquezperezdelacru/clio-core/context-runtime/src/ipc_manager.cc:2532 INFO 2496297 RegisterMemory IpcManager::RegisterMemory: Registering clio_2496374_55 from pid 2496374[0m
[97m/home/cvazquezperezdelacru/clio-core/context-runtime/src/ipc_manager.cc:2575 INFO 2496297 RegisterMemory IpcManager::RegisterMemory: Successfully registered clio_2496374_55[0m
[97m/home/cvazquezperezdelacru/clio-core/context-runtime/modules/admin/src/admin_runtime.cc:1191 INFO 2496297 RegisterMemory Admin::RegisterMemory: Registering CPU alloc_id (2496374.56)[0m
[97m/home/cvazquezperezdelacru/clio-core/context-runtime/src/ipc_manager.cc:2532 INFO 2496297 RegisterMemory IpcManager::RegisterMemory: Registering clio_2496374_56 from pid 2496374[0m
[97m/home/cvazquezperezdelacru/clio-core/context-runtime/src/ipc_manager.cc:2575 INFO 2496297 RegisterMemory IpcManager::RegisterMemory: Successfully registered clio_2496374_56[0m
[97m/home/cvazquezperezdelacru/clio-core/context-runtime/modules/admin/src/admin_runtime.cc:1191 INFO 2496297 RegisterMemory Admin::RegisterMemory: Registering CPU alloc_id (2496374.57)[0m
[97m/home/cvazquezperezdelacru/clio-core/context-runtime/src/ipc_manager.cc:2532 INFO 2496297 RegisterMemory IpcManager::RegisterMemory: Registering clio_2496374_57 from pid 2496374[0m
[97m/home/cvazquezperezdelacru/clio-core/context-runtime/src/ipc_manager.cc:2575 INFO 2496297 RegisterMemory IpcManager::RegisterMemory: Successfully registered clio_2496374_57[0m
[97m/home/cvazquezperezdelacru/clio-core/context-runtime/modules/admin/src/admin_runtime.cc:1191 INFO 2496298 RegisterMemory Admin::RegisterMemory: Registering CPU alloc_id (2496374.58)[0m
[97m/home/cvazquezperezdelacru/clio-core/context-runtime/src/ipc_manager.cc:2532 INFO 2496298 RegisterMemory IpcManager::RegisterMemory: Registering clio_2496374_58 from pid 2496374[0m
[97m/home/cvazquezperezdelacru/clio-core/context-runtime/src/ipc_manager.cc:2575 INFO 2496298 RegisterMemory IpcManager::RegisterMemory: Successfully registered clio_2496374_58[0m
[33m/home/cvazquezperezdelacru/clio-core/context-runtime/src/scheduler/default_sched.cc:430 WARNING 2496304 LoadBalance [#781 PDF] observed exec-time bins (cumulative): <10us=1237321 <50us=39414 <500us=2669 <10ms=6902 <50ms=243 <500ms=18 <1s=0 >=1s=0 | stalls_detected=0[0m
[33m/home/cvazquezperezdelacru/clio-core/context-runtime/src/scheduler/default_sched.cc:439 WARNING 2496304 LoadBalance [#785] lane rescues performed: 0[0m
[97m/home/cvazquezperezdelacru/clio-core/context-runtime/modules/admin/src/admin_runtime.cc:1191 INFO 2496298 RegisterMemory Admin::RegisterMemory: Registering CPU alloc_id (2496374.59)[0m
[97m/home/cvazquezperezdelacru/clio-core/context-runtime/src/ipc_manager.cc:2532 INFO 2496298 RegisterMemory IpcManager::RegisterMemory: Registering clio_2496374_59 from pid 2496374[0m
[97m/home/cvazquezperezdelacru/clio-core/context-runtime/src/ipc_manager.cc:2575 INFO 2496298 RegisterMemory IpcManager::RegisterMemory: Successfully registered clio_2496374_59[0m
[33m/home/cvazquezperezdelacru/clio-core/context-runtime/src/scheduler/default_sched.cc:430 WARNING 2496304 LoadBalance [#781 PDF] observed exec-time bins (cumulative): <10us=1302617 <50us=41421 <500us=2849 <10ms=7064 <50ms=246 <500ms=18 <1s=0 >=1s=0 | stalls_detected=0[0m
[33m/home/cvazquezperezdelacru/clio-core/context-runtime/src/scheduler/default_sched.cc:439 WARNING 2496304 LoadBalance [#785] lane rescues performed: 0[0m
[97m/home/cvazquezperezdelacru/clio-core/context-runtime/modules/admin/src/admin_runtime.cc:1191 INFO 2496298 RegisterMemory Admin::RegisterMemory: Registering CPU alloc_id (2496374.60)[0m
[97m/home/cvazquezperezdelacru/clio-core/context-runtime/src/ipc_manager.cc:2532 INFO 2496298 RegisterMemory IpcManager::RegisterMemory: Registering clio_2496374_60 from pid 2496374[0m
[97m/home/cvazquezperezdelacru/clio-core/context-runtime/src/ipc_manager.cc:2575 INFO 2496298 RegisterMemory IpcManager::RegisterMemory: Successfully registered clio_2496374_60[0m
[33m/home/cvazquezperezdelacru/clio-core/context-runtime/src/scheduler/default_sched.cc:430 WARNING 2496304 LoadBalance [#781 PDF] observed exec-time bins (cumulative): <10us=1367786 <50us=43104 <500us=3031 <10ms=7226 <50ms=254 <500ms=19 <1s=0 >=1s=0 | stalls_detected=0[0m
[33m/home/cvazquezperezdelacru/clio-core/context-runtime/src/scheduler/default_sched.cc:439 WARNING 2496304 LoadBalance [#785] lane rescues performed: 0[0m
[97m/home/cvazquezperezdelacru/clio-core/context-runtime/modules/admin/src/admin_runtime.cc:1191 INFO 2496297 RegisterMemory Admin::RegisterMemory: Registering CPU alloc_id (2496374.61)[0m
[97m/home/cvazquezperezdelacru/clio-core/context-runtime/src/ipc_manager.cc:2532 INFO 2496297 RegisterMemory IpcManager::RegisterMemory: Registering clio_2496374_61 from pid 2496374[0m
[97m/home/cvazquezperezdelacru/clio-core/context-runtime/src/ipc_manager.cc:2575 INFO 2496297 RegisterMemory IpcManager::RegisterMemory: Successfully registered clio_2496374_61[0m
[97m/home/cvazquezperezdelacru/clio-core/context-runtime/modules/admin/src/admin_runtime.cc:1191 INFO 2496297 RegisterMemory Admin::RegisterMemory: Registering CPU alloc_id (2496374.62)[0m
[97m/home/cvazquezperezdelacru/clio-core/context-runtime/src/ipc_manager.cc:2532 INFO 2496297 RegisterMemory IpcManager::RegisterMemory: Registering clio_2496374_62 from pid 2496374[0m
[97m/home/cvazquezperezdelacru/clio-core/context-runtime/src/ipc_manager.cc:2575 INFO 2496297 RegisterMemory IpcManager::RegisterMemory: Successfully registered clio_2496374_62[0m
[97m/home/cvazquezperezdelacru/clio-core/context-runtime/modules/admin/src/admin_runtime.cc:1191 INFO 2496298 RegisterMemory Admin::RegisterMemory: Registering CPU alloc_id (2496374.63)[0m
[97m/home/cvazquezperezdelacru/clio-core/context-runtime/src/ipc_manager.cc:2532 INFO 2496298 RegisterMemory IpcManager::RegisterMemory: Registering clio_2496374_63 from pid 2496374[0m
[97m/home/cvazquezperezdelacru/clio-core/context-runtime/src/ipc_manager.cc:2575 INFO 2496298 RegisterMemory IpcManager::RegisterMemory: Successfully registered clio_2496374_63[0m
[33m/home/cvazquezperezdelacru/clio-core/context-runtime/src/scheduler/default_sched.cc:430 WARNING 2496304 LoadBalance [#781 PDF] observed exec-time bins (cumulative): <10us=1432334 <50us=46183 <500us=3186 <10ms=7626 <50ms=261 <500ms=20 <1s=0 >=1s=0 | stalls_detected=0[0m
[33m/home/cvazquezperezdelacru/clio-core/context-runtime/src/scheduler/default_sched.cc:439 WARNING 2496304 LoadBalance [#785] lane rescues performed: 0[0m
[97m/home/cvazquezperezdelacru/clio-core/context-runtime/modules/admin/src/admin_runtime.cc:1191 INFO 2496298 RegisterMemory Admin::RegisterMemory: Registering CPU alloc_id (2496374.64)[0m
[97m/home/cvazquezperezdelacru/clio-core/context-runtime/src/ipc_manager.cc:2532 INFO 2496298 RegisterMemory IpcManager::RegisterMemory: Registering clio_2496374_64 from pid 2496374[0m
[97m/home/cvazquezperezdelacru/clio-core/context-runtime/src/ipc_manager.cc:2575 INFO 2496298 RegisterMemory IpcManager::RegisterMemory: Successfully registered clio_2496374_64[0m
[33m/home/cvazquezperezdelacru/clio-core/context-runtime/src/scheduler/default_sched.cc:430 WARNING 2496304 LoadBalance [#781 PDF] observed exec-time bins (cumulative): <10us=1498820 <50us=47929 <500us=3353 <10ms=7827 <50ms=267 <500ms=20 <1s=0 >=1s=0 | stalls_detected=0[0m
[33m/home/cvazquezperezdelacru/clio-core/context-runtime/src/scheduler/default_sched.cc:439 WARNING 2496304 LoadBalance [#785] lane rescues performed: 0[0m
[97m/home/cvazquezperezdelacru/clio-core/context-runtime/modules/admin/src/admin_runtime.cc:1191 INFO 2496297 RegisterMemory Admin::RegisterMemory: Registering CPU alloc_id (2496374.65)[0m
[97m/home/cvazquezperezdelacru/clio-core/context-runtime/src/ipc_manager.cc:2532 INFO 2496297 RegisterMemory IpcManager::RegisterMemory: Registering clio_2496374_65 from pid 2496374[0m
[97m/home/cvazquezperezdelacru/clio-core/context-runtime/src/ipc_manager.cc:2575 INFO 2496297 RegisterMemory IpcManager::RegisterMemory: Successfully registered clio_2496374_65[0m
[97m/home/cvazquezperezdelacru/clio-core/context-runtime/modules/admin/src/admin_runtime.cc:1191 INFO 2496297 RegisterMemory Admin::RegisterMemory: Registering CPU alloc_id (2496374.66)[0m
[97m/home/cvazquezperezdelacru/clio-core/context-runtime/src/ipc_manager.cc:2532 INFO 2496297 RegisterMemory IpcManager::RegisterMemory: Registering clio_2496374_66 from pid 2496374[0m
[97m/home/cvazquezperezdelacru/clio-core/context-runtime/src/ipc_manager.cc:2575 INFO 2496297 RegisterMemory IpcManager::RegisterMemory: Successfully registered clio_2496374_66[0m
[33m/home/cvazquezperezdelacru/clio-core/context-runtime/src/scheduler/default_sched.cc:430 WARNING 2496304 LoadBalance [#781 PDF] observed exec-time bins (cumulative): <10us=1563761 <50us=50223 <500us=3567 <10ms=8046 <50ms=274 <500ms=21 <1s=0 >=1s=0 | stalls_detected=0[0m
[33m/home/cvazquezperezdelacru/clio-core/context-runtime/src/scheduler/default_sched.cc:439 WARNING 2496304 LoadBalance [#785] lane rescues performed: 0[0m
[97m/home/cvazquezperezdelacru/clio-core/context-runtime/modules/admin/src/admin_runtime.cc:1191 INFO 2496298 RegisterMemory Admin::RegisterMemory: Registering CPU alloc_id (2496374.67)[0m
[97m/home/cvazquezperezdelacru/clio-core/context-runtime/src/ipc_manager.cc:2532 INFO 2496298 RegisterMemory IpcManager::RegisterMemory: Registering clio_2496374_67 from pid 2496374[0m
[97m/home/cvazquezperezdelacru/clio-core/context-runtime/src/ipc_manager.cc:2575 INFO 2496298 RegisterMemory IpcManager::RegisterMemory: Successfully registered clio_2496374_67[0m
[97m/home/cvazquezperezdelacru/clio-core/context-runtime/modules/admin/src/admin_runtime.cc:1191 INFO 2496297 RegisterMemory Admin::RegisterMemory: Registering CPU alloc_id (2496374.68)[0m
[97m/home/cvazquezperezdelacru/clio-core/context-runtime/src/ipc_manager.cc:2532 INFO 2496297 RegisterMemory IpcManager::RegisterMemory: Registering clio_2496374_68 from pid 2496374[0m
[97m/home/cvazquezperezdelacru/clio-core/context-runtime/src/ipc_manager.cc:2575 INFO 2496297 RegisterMemory IpcManager::RegisterMemory: Successfully registered clio_2496374_68[0m
[33m/home/cvazquezperezdelacru/clio-core/context-runtime/src/scheduler/default_sched.cc:430 WARNING 2496304 LoadBalance [#781 PDF] observed exec-time bins (cumulative): <10us=1629061 <50us=52831 <500us=3781 <10ms=8333 <50ms=288 <500ms=22 <1s=0 >=1s=0 | stalls_detected=0[0m
[33m/home/cvazquezperezdelacru/clio-core/context-runtime/src/scheduler/default_sched.cc:439 WARNING 2496304 LoadBalance [#785] lane rescues performed: 0[0m
[97m/home/cvazquezperezdelacru/clio-core/context-runtime/modules/admin/src/admin_runtime.cc:1191 INFO 2496298 RegisterMemory Admin::RegisterMemory: Registering CPU alloc_id (2496374.69)[0m
[97m/home/cvazquezperezdelacru/clio-core/context-runtime/src/ipc_manager.cc:2532 INFO 2496298 RegisterMemory IpcManager::RegisterMemory: Registering clio_2496374_69 from pid 2496374[0m
[97m/home/cvazquezperezdelacru/clio-core/context-runtime/src/ipc_manager.cc:2575 INFO 2496298 RegisterMemory IpcManager::RegisterMemory: Successfully registered clio_2496374_69[0m
[97m/home/cvazquezperezdelacru/clio-core/context-runtime/modules/admin/src/admin_runtime.cc:1191 INFO 2496297 RegisterMemory Admin::RegisterMemory: Registering CPU alloc_id (2496374.70)[0m
[97m/home/cvazquezperezdelacru/clio-core/context-runtime/src/ipc_manager.cc:2532 INFO 2496297 RegisterMemory IpcManager::RegisterMemory: Registering clio_2496374_70 from pid 2496374[0m
[97m/home/cvazquezperezdelacru/clio-core/context-runtime/src/ipc_manager.cc:2575 INFO 2496297 RegisterMemory IpcManager::RegisterMemory: Successfully registered clio_2496374_70[0m
[97m/home/cvazquezperezdelacru/clio-core/context-runtime/modules/admin/src/admin_runtime.cc:1191 INFO 2496298 RegisterMemory Admin::RegisterMemory: Registering CPU alloc_id (2496374.71)[0m
[97m/home/cvazquezperezdelacru/clio-core/context-runtime/src/ipc_manager.cc:2532 INFO 2496298 RegisterMemory IpcManager::RegisterMemory: Registering clio_2496374_71 from pid 2496374[0m
[97m/home/cvazquezperezdelacru/clio-core/context-runtime/src/ipc_manager.cc:2575 INFO 2496298 RegisterMemory IpcManager::RegisterMemory: Successfully registered clio_2496374_71[0m
[33m/home/cvazquezperezdelacru/clio-core/context-runtime/src/scheduler/default_sched.cc:430 WARNING 2496304 LoadBalance [#781 PDF] observed exec-time bins (cumulative): <10us=1694349 <50us=55197 <500us=3979 <10ms=8575 <50ms=298 <500ms=22 <1s=0 >=1s=0 | stalls_detected=0[0m
[33m/home/cvazquezperezdelacru/clio-core/context-runtime/src/scheduler/default_sched.cc:439 WARNING 2496304 LoadBalance [#785] lane rescues performed: 0[0m
[97m/home/cvazquezperezdelacru/clio-core/context-runtime/modules/admin/src/admin_runtime.cc:1191 INFO 2496298 RegisterMemory Admin::RegisterMemory: Registering CPU alloc_id (2496374.72)[0m
[97m/home/cvazquezperezdelacru/clio-core/context-runtime/src/ipc_manager.cc:2532 INFO 2496298 RegisterMemory IpcManager::RegisterMemory: Registering clio_2496374_72 from pid 2496374[0m
[97m/home/cvazquezperezdelacru/clio-core/context-runtime/src/ipc_manager.cc:2575 INFO 2496298 RegisterMemory IpcManager::RegisterMemory: Successfully registered clio_2496374_72[0m
[33m/home/cvazquezperezdelacru/clio-core/context-runtime/src/scheduler/default_sched.cc:430 WARNING 2496304 LoadBalance [#781 PDF] observed exec-time bins (cumulative): <10us=1759658 <50us=57765 <500us=4214 <10ms=8849 <50ms=301 <500ms=23 <1s=0 >=1s=0 | stalls_detected=0[0m
[33m/home/cvazquezperezdelacru/clio-core/context-runtime/src/scheduler/default_sched.cc:439 WARNING 2496304 LoadBalance [#785] lane rescues performed: 0[0m
[97m/home/cvazquezperezdelacru/clio-core/context-runtime/modules/admin/src/admin_runtime.cc:1191 INFO 2496298 RegisterMemory Admin::RegisterMemory: Registering CPU alloc_id (2496374.73)[0m
[97m/home/cvazquezperezdelacru/clio-core/context-runtime/src/ipc_manager.cc:2532 INFO 2496298 RegisterMemory IpcManager::RegisterMemory: Registering clio_2496374_73 from pid 2496374[0m
[97m/home/cvazquezperezdelacru/clio-core/context-runtime/src/ipc_manager.cc:2575 INFO 2496298 RegisterMemory IpcManager::RegisterMemory: Successfully registered clio_2496374_73[0m
[97m/home/cvazquezperezdelacru/clio-core/context-runtime/modules/admin/src/admin_runtime.cc:1191 INFO 2496298 RegisterMemory Admin::RegisterMemory: Registering CPU alloc_id (2496374.74)[0m
[97m/home/cvazquezperezdelacru/clio-core/context-runtime/src/ipc_manager.cc:2532 INFO 2496298 RegisterMemory IpcManager::RegisterMemory: Registering clio_2496374_74 from pid 2496374[0m
[97m/home/cvazquezperezdelacru/clio-core/context-runtime/src/ipc_manager.cc:2575 INFO 2496298 RegisterMemory IpcManager::RegisterMemory: Successfully registered clio_2496374_74[0m
[33m/home/cvazquezperezdelacru/clio-core/context-runtime/src/scheduler/default_sched.cc:430 WARNING 2496304 LoadBalance [#781 PDF] observed exec-time bins (cumulative): <10us=1824372 <50us=60525 <500us=4389 <10ms=9120 <50ms=307 <500ms=23 <1s=0 >=1s=0 | stalls_detected=0[0m
[33m/home/cvazquezperezdelacru/clio-core/context-runtime/src/scheduler/default_sched.cc:439 WARNING 2496304 LoadBalance [#785] lane rescues performed: 0[0m
[31m/home/cvazquezperezdelacru/clio-core/context-runtime/src/scheduler/default_sched.cc:726 ERROR 2496304 LoadBalance [HANGWATCH-HB] processed=28541 outstanding=6 (queued=6 blocked=0 retry=0 periodic=7) live=1 live_stalled=0[0m
[97m/home/cvazquezperezdelacru/clio-core/context-runtime/modules/admin/src/admin_runtime.cc:1191 INFO 2496298 RegisterMemory Admin::RegisterMemory: Registering CPU alloc_id (2496374.75)[0m
[97m/home/cvazquezperezdelacru/clio-core/context-runtime/src/ipc_manager.cc:2532 INFO 2496298 RegisterMemory IpcManager::RegisterMemory: Registering clio_2496374_75 from pid 2496374[0m
[97m/home/cvazquezperezdelacru/clio-core/context-runtime/src/ipc_manager.cc:2575 INFO 2496298 RegisterMemory IpcManager::RegisterMemory: Successfully registered clio_2496374_75[0m
[33m/home/cvazquezperezdelacru/clio-core/context-runtime/src/scheduler/default_sched.cc:430 WARNING 2496304 LoadBalance [#781 PDF] observed exec-time bins (cumulative): <10us=1889608 <50us=62759 <500us=4540 <10ms=9346 <50ms=309 <500ms=24 <1s=0 >=1s=0 | stalls_detected=0[0m
[33m/home/cvazquezperezdelacru/clio-core/context-runtime/src/scheduler/default_sched.cc:439 WARNING 2496304 LoadBalance [#785] lane rescues performed: 0[0m
[97m/home/cvazquezperezdelacru/clio-core/context-runtime/modules/admin/src/admin_runtime.cc:1191 INFO 2496298 RegisterMemory Admin::RegisterMemory: Registering CPU alloc_id (2496374.76)[0m
[97m/home/cvazquezperezdelacru/clio-core/context-runtime/src/ipc_manager.cc:2532 INFO 2496298 RegisterMemory IpcManager::RegisterMemory: Registering clio_2496374_76 from pid 2496374[0m
[97m/home/cvazquezperezdelacru/clio-core/context-runtime/src/ipc_manager.cc:2575 INFO 2496298 RegisterMemory IpcManager::RegisterMemory: Successfully registered clio_2496374_76[0m
[97m/home/cvazquezperezdelacru/clio-core/context-runtime/modules/admin/src/admin_runtime.cc:1191 INFO 2496297 RegisterMemory Admin::RegisterMemory: Registering CPU alloc_id (2496374.77)[0m
[97m/home/cvazquezperezdelacru/clio-core/context-runtime/src/ipc_manager.cc:2532 INFO 2496297 RegisterMemory IpcManager::RegisterMemory: Registering clio_2496374_77 from pid 2496374[0m
[97m/home/cvazquezperezdelacru/clio-core/context-runtime/src/ipc_manager.cc:2575 INFO 2496297 RegisterMemory IpcManager::RegisterMemory: Successfully registered clio_2496374_77[0m
[33m/home/cvazquezperezdelacru/clio-core/context-runtime/src/scheduler/default_sched.cc:430 WARNING 2496304 LoadBalance [#781 PDF] observed exec-time bins (cumulative): <10us=1953665 <50us=66158 <500us=4734 <10ms=9797 <50ms=314 <500ms=25 <1s=0 >=1s=0 | stalls_detected=0[0m
[33m/home/cvazquezperezdelacru/clio-core/context-runtime/src/scheduler/default_sched.cc:439 WARNING 2496304 LoadBalance [#785] lane rescues performed: 0[0m
[97m/home/cvazquezperezdelacru/clio-core/context-runtime/modules/admin/src/admin_runtime.cc:1191 INFO 2496298 RegisterMemory Admin::RegisterMemory: Registering CPU alloc_id (2496374.78)[0m
[97m/home/cvazquezperezdelacru/clio-core/context-runtime/src/ipc_manager.cc:2532 INFO 2496298 RegisterMemory IpcManager::RegisterMemory: Registering clio_2496374_78 from pid 2496374[0m
[97m/home/cvazquezperezdelacru/clio-core/context-runtime/src/ipc_manager.cc:2575 INFO 2496298 RegisterMemory IpcManager::RegisterMemory: Successfully registered clio_2496374_78[0m
[97m/home/cvazquezperezdelacru/clio-core/context-runtime/modules/admin/src/admin_runtime.cc:1191 INFO 2496298 RegisterMemory Admin::RegisterMemory: Registering CPU alloc_id (2496374.79)[0m
[97m/home/cvazquezperezdelacru/clio-core/context-runtime/src/ipc_manager.cc:2532 INFO 2496298 RegisterMemory IpcManager::RegisterMemory: Registering clio_2496374_79 from pid 2496374[0m
[97m/home/cvazquezperezdelacru/clio-core/context-runtime/src/ipc_manager.cc:2575 INFO 2496298 RegisterMemory IpcManager::RegisterMemory: Successfully registered clio_2496374_79[0m
[97m/home/cvazquezperezdelacru/clio-core/context-runtime/modules/admin/src/admin_runtime.cc:1191 INFO 2496298 RegisterMemory Admin::RegisterMemory: Registering CPU alloc_id (2496374.80)[0m
[97m/home/cvazquezperezdelacru/clio-core/context-runtime/src/ipc_manager.cc:2532 INFO 2496298 RegisterMemory IpcManager::RegisterMemory: Registering clio_2496374_80 from pid 2496374[0m
[97m/home/cvazquezperezdelacru/clio-core/context-runtime/src/ipc_manager.cc:2575 INFO 2496298 RegisterMemory IpcManager::RegisterMemory: Successfully registered clio_2496374_80[0m
[97m/home/cvazquezperezdelacru/clio-core/context-runtime/modules/admin/src/admin_runtime.cc:1191 INFO 2496297 RegisterMemory Admin::RegisterMemory: Registering CPU alloc_id (2496374.81)[0m
[97m/home/cvazquezperezdelacru/clio-core/context-runtime/src/ipc_manager.cc:2532 INFO 2496297 RegisterMemory IpcManager::RegisterMemory: Registering clio_2496374_81 from pid 2496374[0m
[97m/home/cvazquezperezdelacru/clio-core/context-runtime/src/ipc_manager.cc:2575 INFO 2496297 RegisterMemory IpcManager::RegisterMemory: Successfully registered clio_2496374_81[0m
[33m/home/cvazquezperezdelacru/clio-core/context-runtime/src/scheduler/default_sched.cc:430 WARNING 2496304 LoadBalance [#781 PDF] observed exec-time bins (cumulative): <10us=2022009 <50us=69187 <500us=4929 <10ms=10219 <50ms=323 <500ms=27 <1s=0 >=1s=0 | stalls_detected=0[0m
[33m/home/cvazquezperezdelacru/clio-core/context-runtime/src/scheduler/default_sched.cc:439 WARNING 2496304 LoadBalance [#785] lane rescues performed: 0[0m
[97m/home/cvazquezperezdelacru/clio-core/context-runtime/modules/admin/src/admin_runtime.cc:1191 INFO 2496297 RegisterMemory Admin::RegisterMemory: Registering CPU alloc_id (2496374.82)[0m
[97m/home/cvazquezperezdelacru/clio-core/context-runtime/src/ipc_manager.cc:2532 INFO 2496297 RegisterMemory IpcManager::RegisterMemory: Registering clio_2496374_82 from pid 2496374[0m
[97m/home/cvazquezperezdelacru/clio-core/context-runtime/src/ipc_manager.cc:2575 INFO 2496297 RegisterMemory IpcManager::RegisterMemory: Successfully registered clio_2496374_82[0m
[33m/home/cvazquezperezdelacru/clio-core/context-runtime/src/scheduler/default_sched.cc:430 WARNING 2496304 LoadBalance [#781 PDF] observed exec-time bins (cumulative): <10us=2086751 <50us=72510 <500us=5118 <10ms=10646 <50ms=331 <500ms=28 <1s=0 >=1s=0 | stalls_detected=0[0m
[33m/home/cvazquezperezdelacru/clio-core/context-runtime/src/scheduler/default_sched.cc:439 WARNING 2496304 LoadBalance [#785] lane rescues performed: 0[0m
[97m/home/cvazquezperezdelacru/clio-core/context-runtime/modules/admin/src/admin_runtime.cc:1191 INFO 2496297 RegisterMemory Admin::RegisterMemory: Registering CPU alloc_id (2496374.83)[0m
[97m/home/cvazquezperezdelacru/clio-core/context-runtime/src/ipc_manager.cc:2532 INFO 2496297 RegisterMemory IpcManager::RegisterMemory: Registering clio_2496374_83 from pid 2496374[0m
[97m/home/cvazquezperezdelacru/clio-core/context-runtime/src/ipc_manager.cc:2575 INFO 2496297 RegisterMemory IpcManager::RegisterMemory: Successfully registered clio_2496374_83[0m
[97m/home/cvazquezperezdelacru/clio-core/context-runtime/modules/admin/src/admin_runtime.cc:1191 INFO 2496297 RegisterMemory Admin::RegisterMemory: Registering CPU alloc_id (2496374.84)[0m
[97m/home/cvazquezperezdelacru/clio-core/context-runtime/src/ipc_manager.cc:2532 INFO 2496297 RegisterMemory IpcManager::RegisterMemory: Registering clio_2496374_84 from pid 2496374[0m
[97m/home/cvazquezperezdelacru/clio-core/context-runtime/src/ipc_manager.cc:2575 INFO 2496297 RegisterMemory IpcManager::RegisterMemory: Successfully registered clio_2496374_84[0m
[97m/home/cvazquezperezdelacru/clio-core/context-runtime/modules/admin/src/admin_runtime.cc:1191 INFO 2496297 RegisterMemory Admin::RegisterMemory: Registering CPU alloc_id (2496374.85)[0m
[97m/home/cvazquezperezdelacru/clio-core/context-runtime/src/ipc_manager.cc:2532 INFO 2496297 RegisterMemory IpcManager::RegisterMemory: Registering clio_2496374_85 from pid 2496374[0m
[97m/home/cvazquezperezdelacru/clio-core/context-runtime/src/ipc_manager.cc:2575 INFO 2496297 RegisterMemory IpcManager::RegisterMemory: Successfully registered clio_2496374_85[0m
[97m/home/cvazquezperezdelacru/clio-core/context-runtime/modules/admin/src/admin_runtime.cc:1191 INFO 2496297 RegisterMemory Admin::RegisterMemory: Registering CPU alloc_id (2496374.86)[0m
[97m/home/cvazquezperezdelacru/clio-core/context-runtime/src/ipc_manager.cc:2532 INFO 2496297 RegisterMemory IpcManager::RegisterMemory: Registering clio_2496374_86 from pid 2496374[0m
[97m/home/cvazquezperezdelacru/clio-core/context-runtime/src/ipc_manager.cc:2575 INFO 2496297 RegisterMemory IpcManager::RegisterMemory: Successfully registered clio_2496374_86[0m
[33m/home/cvazquezperezdelacru/clio-core/context-runtime/src/scheduler/default_sched.cc:430 WARNING 2496304 LoadBalance [#781 PDF] observed exec-time bins (cumulative): <10us=2149661 <50us=77260 <500us=5368 <10ms=11149 <50ms=339 <500ms=29 <1s=0 >=1s=0 | stalls_detected=0[0m
[33m/home/cvazquezperezdelacru/clio-core/context-runtime/src/scheduler/default_sched.cc:439 WARNING 2496304 LoadBalance [#785] lane rescues performed: 0[0m
[97m/home/cvazquezperezdelacru/clio-core/context-runtime/modules/admin/src/admin_runtime.cc:1191 INFO 2496297 RegisterMemory Admin::RegisterMemory: Registering CPU alloc_id (2496374.87)[0m
[97m/home/cvazquezperezdelacru/clio-core/context-runtime/src/ipc_manager.cc:2532 INFO 2496297 RegisterMemory IpcManager::RegisterMemory: Registering clio_2496374_87 from pid 2496374[0m
[97m/home/cvazquezperezdelacru/clio-core/context-runtime/src/ipc_manager.cc:2575 INFO 2496297 RegisterMemory IpcManager::RegisterMemory: Successfully registered clio_2496374_87[0m
[97m/home/cvazquezperezdelacru/clio-core/context-runtime/modules/admin/src/admin_runtime.cc:1191 INFO 2496298 RegisterMemory Admin::RegisterMemory: Registering CPU alloc_id (2496374.88)[0m
[97m/home/cvazquezperezdelacru/clio-core/context-runtime/src/ipc_manager.cc:2532 INFO 2496298 RegisterMemory IpcManager::RegisterMemory: Registering clio_2496374_88 from pid 2496374[0m
[97m/home/cvazquezperezdelacru/clio-core/context-runtime/src/ipc_manager.cc:2575 INFO 2496298 RegisterMemory IpcManager::RegisterMemory: Successfully registered clio_2496374_88[0m
[97m/home/cvazquezperezdelacru/clio-core/context-runtime/modules/admin/src/admin_runtime.cc:1191 INFO 2496298 RegisterMemory Admin::RegisterMemory: Registering CPU alloc_id (2496374.89)[0m
[97m/home/cvazquezperezdelacru/clio-core/context-runtime/src/ipc_manager.cc:2532 INFO 2496298 RegisterMemory IpcManager::RegisterMemory: Registering clio_2496374_89 from pid 2496374[0m
[97m/home/cvazquezperezdelacru/clio-core/context-runtime/src/ipc_manager.cc:2575 INFO 2496298 RegisterMemory IpcManager::RegisterMemory: Successfully registered clio_2496374_89[0m
[33m/home/cvazquezperezdelacru/clio-core/context-runtime/src/scheduler/default_sched.cc:430 WARNING 2496304 LoadBalance [#781 PDF] observed exec-time bins (cumulative): <10us=2214783 <50us=80589 <500us=5554 <10ms=11634 <50ms=347 <500ms=31 <1s=0 >=1s=0 | stalls_detected=0[0m
[33m/home/cvazquezperezdelacru/clio-core/context-runtime/src/scheduler/default_sched.cc:439 WARNING 2496304 LoadBalance [#785] lane rescues performed: 0[0m
[97m/home/cvazquezperezdelacru/clio-core/context-runtime/modules/admin/src/admin_runtime.cc:1191 INFO 2496298 RegisterMemory Admin::RegisterMemory: Registering CPU alloc_id (2496374.90)[0m
[97m/home/cvazquezperezdelacru/clio-core/context-runtime/src/ipc_manager.cc:2532 INFO 2496298 RegisterMemory IpcManager::RegisterMemory: Registering clio_2496374_90 from pid 2496374[0m
[97m/home/cvazquezperezdelacru/clio-core/context-runtime/src/ipc_manager.cc:2575 INFO 2496298 RegisterMemory IpcManager::RegisterMemory: Successfully registered clio_2496374_90[0m
[97m/home/cvazquezperezdelacru/clio-core/context-runtime/modules/admin/src/admin_runtime.cc:1191 INFO 2496298 RegisterMemory Admin::RegisterMemory: Registering CPU alloc_id (2496374.91)[0m
[97m/home/cvazquezperezdelacru/clio-core/context-runtime/src/ipc_manager.cc:2532 INFO 2496298 RegisterMemory IpcManager::RegisterMemory: Registering clio_2496374_91 from pid 2496374[0m
[97m/home/cvazquezperezdelacru/clio-core/context-runtime/src/ipc_manager.cc:2575 INFO 2496298 RegisterMemory IpcManager::RegisterMemory: Successfully registered clio_2496374_91[0m
[97m/home/cvazquezperezdelacru/clio-core/context-runtime/modules/admin/src/admin_runtime.cc:1191 INFO 2496298 RegisterMemory Admin::RegisterMemory: Registering CPU alloc_id (2496374.92)[0m
[97m/home/cvazquezperezdelacru/clio-core/context-runtime/src/ipc_manager.cc:2532 INFO 2496298 RegisterMemory IpcManager::RegisterMemory: Registering clio_2496374_92 from pid 2496374[0m
[97m/home/cvazquezperezdelacru/clio-core/context-runtime/src/ipc_manager.cc:2575 INFO 2496298 RegisterMemory IpcManager::RegisterMemory: Successfully registered clio_2496374_92[0m
[33m/home/cvazquezperezdelacru/clio-core/context-runtime/src/scheduler/default_sched.cc:430 WARNING 2496304 LoadBalance [#781 PDF] observed exec-time bins (cumulative): <10us=2279783 <50us=84218 <500us=5705 <10ms=12105 <50ms=354 <500ms=32 <1s=0 >=1s=0 | stalls_detected=0[0m
[33m/home/cvazquezperezdelacru/clio-core/context-runtime/src/scheduler/default_sched.cc:439 WARNING 2496304 LoadBalance [#785] lane rescues performed: 0[0m
[97m/home/cvazquezperezdelacru/clio-core/context-runtime/modules/admin/src/admin_runtime.cc:1191 INFO 2496298 RegisterMemory Admin::RegisterMemory: Registering CPU alloc_id (2496374.93)[0m
[97m/home/cvazquezperezdelacru/clio-core/context-runtime/src/ipc_manager.cc:2532 INFO 2496298 RegisterMemory IpcManager::RegisterMemory: Registering clio_2496374_93 from pid 2496374[0m
[97m/home/cvazquezperezdelacru/clio-core/context-runtime/src/ipc_manager.cc:2575 INFO 2496298 RegisterMemory IpcManager::RegisterMemory: Successfully registered clio_2496374_93[0m
[97m/home/cvazquezperezdelacru/clio-core/context-runtime/modules/admin/src/admin_runtime.cc:1191 INFO 2496297 RegisterMemory Admin::RegisterMemory: Registering CPU alloc_id (2496374.94)[0m
[97m/home/cvazquezperezdelacru/clio-core/context-runtime/src/ipc_manager.cc:2532 INFO 2496297 RegisterMemory IpcManager::RegisterMemory: Registering clio_2496374_94 from pid 2496374[0m
[97m/home/cvazquezperezdelacru/clio-core/context-runtime/src/ipc_manager.cc:2575 INFO 2496297 RegisterMemory IpcManager::RegisterMemory: Successfully registered clio_2496374_94[0m
[33m/home/cvazquezperezdelacru/clio-core/context-runtime/src/scheduler/default_sched.cc:430 WARNING 2496304 LoadBalance [#781 PDF] observed exec-time bins (cumulative): <10us=2342158 <50us=88319 <500us=5927 <10ms=12617 <50ms=363 <500ms=34 <1s=0 >=1s=0 | stalls_detected=0[0m
[33m/home/cvazquezperezdelacru/clio-core/context-runtime/src/scheduler/default_sched.cc:439 WARNING 2496304 LoadBalance [#785] lane rescues performed: 0[0m
[97m/home/cvazquezperezdelacru/clio-core/context-runtime/modules/admin/src/admin_runtime.cc:1191 INFO 2496297 RegisterMemory Admin::RegisterMemory: Registering CPU alloc_id (2496374.95)[0m
[97m/home/cvazquezperezdelacru/clio-core/context-runtime/src/ipc_manager.cc:2532 INFO 2496297 RegisterMemory IpcManager::RegisterMemory: Registering clio_2496374_95 from pid 2496374[0m
[97m/home/cvazquezperezdelacru/clio-core/context-runtime/src/ipc_manager.cc:2575 INFO 2496297 RegisterMemory IpcManager::RegisterMemory: Successfully registered clio_2496374_95[0m
[97m/home/cvazquezperezdelacru/clio-core/context-runtime/modules/admin/src/admin_runtime.cc:1191 INFO 2496297 RegisterMemory Admin::RegisterMemory: Registering CPU alloc_id (2496374.96)[0m
[97m/home/cvazquezperezdelacru/clio-core/context-runtime/src/ipc_manager.cc:2532 INFO 2496297 RegisterMemory IpcManager::RegisterMemory: Registering clio_2496374_96 from pid 2496374[0m
[97m/home/cvazquezperezdelacru/clio-core/context-runtime/src/ipc_manager.cc:2575 INFO 2496297 RegisterMemory IpcManager::RegisterMemory: Successfully registered clio_2496374_96[0m
[97m/home/cvazquezperezdelacru/clio-core/context-runtime/modules/admin/src/admin_runtime.cc:1191 INFO 2496297 RegisterMemory Admin::RegisterMemory: Registering CPU alloc_id (2496374.97)[0m
[97m/home/cvazquezperezdelacru/clio-core/context-runtime/src/ipc_manager.cc:2532 INFO 2496297 RegisterMemory IpcManager::RegisterMemory: Registering clio_2496374_97 from pid 2496374[0m
[97m/home/cvazquezperezdelacru/clio-core/context-runtime/src/ipc_manager.cc:2575 INFO 2496297 RegisterMemory IpcManager::RegisterMemory: Successfully registered clio_2496374_97[0m
[33m/home/cvazquezperezdelacru/clio-core/context-runtime/src/scheduler/default_sched.cc:430 WARNING 2496304 LoadBalance [#781 PDF] observed exec-time bins (cumulative): <10us=2405782 <50us=91721 <500us=6121 <10ms=12917 <50ms=377 <500ms=35 <1s=0 >=1s=0 | stalls_detected=0[0m
[33m/home/cvazquezperezdelacru/clio-core/context-runtime/src/scheduler/default_sched.cc:439 WARNING 2496304 LoadBalance [#785] lane rescues performed: 0[0m
[97m/home/cvazquezperezdelacru/clio-core/context-runtime/modules/admin/src/admin_runtime.cc:1191 INFO 2496298 RegisterMemory Admin::RegisterMemory: Registering CPU alloc_id (2496374.98)[0m
[97m/home/cvazquezperezdelacru/clio-core/context-runtime/src/ipc_manager.cc:2532 INFO 2496298 RegisterMemory IpcManager::RegisterMemory: Registering clio_2496374_98 from pid 2496374[0m
[97m/home/cvazquezperezdelacru/clio-core/context-runtime/src/ipc_manager.cc:2575 INFO 2496298 RegisterMemory IpcManager::RegisterMemory: Successfully registered clio_2496374_98[0m
[97m/home/cvazquezperezdelacru/clio-core/context-runtime/modules/admin/src/admin_runtime.cc:1191 INFO 2496298 RegisterMemory Admin::RegisterMemory: Registering CPU alloc_id (2496374.99)[0m
[97m/home/cvazquezperezdelacru/clio-core/context-runtime/src/ipc_manager.cc:2532 INFO 2496298 RegisterMemory IpcManager::RegisterMemory: Registering clio_2496374_99 from pid 2496374[0m
[97m/home/cvazquezperezdelacru/clio-core/context-runtime/src/ipc_manager.cc:2575 INFO 2496298 RegisterMemory IpcManager::RegisterMemory: Successfully registered clio_2496374_99[0m
[97m/home/cvazquezperezdelacru/clio-core/context-runtime/modules/admin/src/admin_runtime.cc:1191 INFO 2496298 RegisterMemory Admin::RegisterMemory: Registering CPU alloc_id (2496374.100)[0m
[97m/home/cvazquezperezdelacru/clio-core/context-runtime/src/ipc_manager.cc:2532 INFO 2496298 RegisterMemory IpcManager::RegisterMemory: Registering clio_2496374_100 from pid 2496374[0m
[97m/home/cvazquezperezdelacru/clio-core/context-runtime/src/ipc_manager.cc:2575 INFO 2496298 RegisterMemory IpcManager::RegisterMemory: Successfully registered clio_2496374_100[0m
[33m/home/cvazquezperezdelacru/clio-core/context-runtime/src/scheduler/default_sched.cc:430 WARNING 2496304 LoadBalance [#781 PDF] observed exec-time bins (cumulative): <10us=2470893 <50us=94522 <500us=6296 <10ms=13211 <50ms=393 <500ms=37 <1s=0 >=1s=0 | stalls_detected=0[0m
[33m/home/cvazquezperezdelacru/clio-core/context-runtime/src/scheduler/default_sched.cc:439 WARNING 2496304 LoadBalance [#785] lane rescues performed: 0[0m
[33m/home/cvazquezperezdelacru/clio-core/context-runtime/src/scheduler/default_sched.cc:430 WARNING 2496304 LoadBalance [#781 PDF] observed exec-time bins (cumulative): <10us=2534532 <50us=97430 <500us=6422 <10ms=13329 <50ms=399 <500ms=37 <1s=0 >=1s=0 | stalls_detected=0[0m
[33m/home/cvazquezperezdelacru/clio-core/context-runtime/src/scheduler/default_sched.cc:439 WARNING 2496304 LoadBalance [#785] lane rescues performed: 0[0m
[31m/home/cvazquezperezdelacru/clio-core/context-runtime/src/scheduler/default_sched.cc:726 ERROR 2496304 LoadBalance [HANGWATCH-HB] processed=41749 outstanding=1 (queued=1 blocked=0 retry=0 periodic=7) live=1 live_stalled=0[0m
[97m/home/cvazquezperezdelacru/clio-core/context-runtime/modules/admin/src/admin_runtime.cc:1191 INFO 2496298 RegisterMemory Admin::RegisterMemory: Registering CPU alloc_id (2496374.101)[0m
[97m/home/cvazquezperezdelacru/clio-core/context-runtime/src/ipc_manager.cc:2532 INFO 2496298 RegisterMemory IpcManager::RegisterMemory: Registering clio_2496374_101 from pid 2496374[0m
[97m/home/cvazquezperezdelacru/clio-core/context-runtime/src/ipc_manager.cc:2575 INFO 2496298 RegisterMemory IpcManager::RegisterMemory: Successfully registered clio_2496374_101[0m
[33m/home/cvazquezperezdelacru/clio-core/context-runtime/src/scheduler/default_sched.cc:430 WARNING 2496304 LoadBalance [#781 PDF] observed exec-time bins (cumulative): <10us=2599185 <50us=99602 <500us=6633 <10ms=13552 <50ms=403 <500ms=38 <1s=0 >=1s=0 | stalls_detected=0[0m
[33m/home/cvazquezperezdelacru/clio-core/context-runtime/src/scheduler/default_sched.cc:439 WARNING 2496304 LoadBalance [#785] lane rescues performed: 0[0m
[97m/home/cvazquezperezdelacru/clio-core/context-runtime/modules/admin/src/admin_runtime.cc:1191 INFO 2496297 RegisterMemory Admin::RegisterMemory: Registering CPU alloc_id (2496374.102)[0m
[97m/home/cvazquezperezdelacru/clio-core/context-runtime/src/ipc_manager.cc:2532 INFO 2496297 RegisterMemory IpcManager::RegisterMemory: Registering clio_2496374_102 from pid 2496374[0m
[97m/home/cvazquezperezdelacru/clio-core/context-runtime/src/ipc_manager.cc:2575 INFO 2496297 RegisterMemory IpcManager::RegisterMemory: Successfully registered clio_2496374_102[0m
[33m/home/cvazquezperezdelacru/clio-core/context-runtime/src/scheduler/default_sched.cc:430 WARNING 2496304 LoadBalance [#781 PDF] observed exec-time bins (cumulative): <10us=2665281 <50us=100694 <500us=6813 <10ms=13698 <50ms=406 <500ms=38 <1s=0 >=1s=0 | stalls_detected=0[0m
[33m/home/cvazquezperezdelacru/clio-core/context-runtime/src/scheduler/default_sched.cc:439 WARNING 2496304 LoadBalance [#785] lane rescues performed: 0[0m
[33m/home/cvazquezperezdelacru/clio-core/context-runtime/src/scheduler/default_sched.cc:430 WARNING 2496304 LoadBalance [#781 PDF] observed exec-time bins (cumulative): <10us=2730388 <50us=102839 <500us=6988 <10ms=13980 <50ms=412 <500ms=39 <1s=0 >=1s=0 | stalls_detected=0[0m
[33m/home/cvazquezperezdelacru/clio-core/context-runtime/src/scheduler/default_sched.cc:439 WARNING 2496304 LoadBalance [#785] lane rescues performed: 0[0m
[97m/home/cvazquezperezdelacru/clio-core/context-runtime/modules/admin/src/admin_runtime.cc:1191 INFO 2496297 RegisterMemory Admin::RegisterMemory: Registering CPU alloc_id (2496374.103)[0m
[97m/home/cvazquezperezdelacru/clio-core/context-runtime/src/ipc_manager.cc:2532 INFO 2496297 RegisterMemory IpcManager::RegisterMemory: Registering clio_2496374_103 from pid 2496374[0m
[97m/home/cvazquezperezdelacru/clio-core/context-runtime/src/ipc_manager.cc:2575 INFO 2496297 RegisterMemory IpcManager::RegisterMemory: Successfully registered clio_2496374_103[0m
[97m/home/cvazquezperezdelacru/clio-core/context-runtime/modules/admin/src/admin_runtime.cc:1191 INFO 2496298 RegisterMemory Admin::RegisterMemory: Registering CPU alloc_id (2496374.104)[0m
[97m/home/cvazquezperezdelacru/clio-core/context-runtime/src/ipc_manager.cc:2532 INFO 2496298 RegisterMemory IpcManager::RegisterMemory: Registering clio_2496374_104 from pid 2496374[0m
[97m/home/cvazquezperezdelacru/clio-core/context-runtime/src/ipc_manager.cc:2575 INFO 2496298 RegisterMemory IpcManager::RegisterMemory: Successfully registered clio_2496374_104[0m
[33m/home/cvazquezperezdelacru/clio-core/context-runtime/src/scheduler/default_sched.cc:430 WARNING 2496304 LoadBalance [#781 PDF] observed exec-time bins (cumulative): <10us=2795470 <50us=105224 <500us=7168 <10ms=14243 <50ms=415 <500ms=40 <1s=0 >=1s=0 | stalls_detected=0[0m
[33m/home/cvazquezperezdelacru/clio-core/context-runtime/src/scheduler/default_sched.cc:439 WARNING 2496304 LoadBalance [#785] lane rescues performed: 0[0m
[97m/home/cvazquezperezdelacru/clio-core/context-runtime/modules/admin/src/admin_runtime.cc:1191 INFO 2496298 RegisterMemory Admin::RegisterMemory: Registering CPU alloc_id (2496374.105)[0m
[97m/home/cvazquezperezdelacru/clio-core/context-runtime/src/ipc_manager.cc:2532 INFO 2496298 RegisterMemory IpcManager::RegisterMemory: Registering clio_2496374_105 from pid 2496374[0m
[97m/home/cvazquezperezdelacru/clio-core/context-runtime/src/ipc_manager.cc:2575 INFO 2496298 RegisterMemory IpcManager::RegisterMemory: Successfully registered clio_2496374_105[0m
[97m/home/cvazquezperezdelacru/clio-core/context-runtime/modules/admin/src/admin_runtime.cc:1191 INFO 2496298 RegisterMemory Admin::RegisterMemory: Registering CPU alloc_id (2496374.106)[0m
[97m/home/cvazquezperezdelacru/clio-core/context-runtime/src/ipc_manager.cc:2532 INFO 2496298 RegisterMemory IpcManager::RegisterMemory: Registering clio_2496374_106 from pid 2496374[0m
[97m/home/cvazquezperezdelacru/clio-core/context-runtime/src/ipc_manager.cc:2575 INFO 2496298 RegisterMemory IpcManager::RegisterMemory: Successfully registered clio_2496374_106[0m
[33m/home/cvazquezperezdelacru/clio-core/context-runtime/src/scheduler/default_sched.cc:430 WARNING 2496304 LoadBalance [#781 PDF] observed exec-time bins (cumulative): <10us=2858663 <50us=108800 <500us=7403 <10ms=14561 <50ms=426 <500ms=41 <1s=0 >=1s=0 | stalls_detected=0[0m
[33m/home/cvazquezperezdelacru/clio-core/context-runtime/src/scheduler/default_sched.cc:439 WARNING 2496304 LoadBalance [#785] lane rescues performed: 0[0m
[97m/home/cvazquezperezdelacru/clio-core/context-runtime/modules/admin/src/admin_runtime.cc:1191 INFO 2496297 RegisterMemory Admin::RegisterMemory: Registering CPU alloc_id (2496374.107)[0m
[97m/home/cvazquezperezdelacru/clio-core/context-runtime/src/ipc_manager.cc:2532 INFO 2496297 RegisterMemory IpcManager::RegisterMemory: Registering clio_2496374_107 from pid 2496374[0m
[97m/home/cvazquezperezdelacru/clio-core/context-runtime/src/ipc_manager.cc:2575 INFO 2496297 RegisterMemory IpcManager::RegisterMemory: Successfully registered clio_2496374_107[0m
[97m/home/cvazquezperezdelacru/clio-core/context-runtime/modules/admin/src/admin_runtime.cc:1191 INFO 2496298 RegisterMemory Admin::RegisterMemory: Registering CPU alloc_id (2496374.108)[0m
[97m/home/cvazquezperezdelacru/clio-core/context-runtime/src/ipc_manager.cc:2532 INFO 2496298 RegisterMemory IpcManager::RegisterMemory: Registering clio_2496374_108 from pid 2496374[0m
[97m/home/cvazquezperezdelacru/clio-core/context-runtime/src/ipc_manager.cc:2575 INFO 2496298 RegisterMemory IpcManager::RegisterMemory: Successfully registered clio_2496374_108[0m
[33m/home/cvazquezperezdelacru/clio-core/context-runtime/src/scheduler/default_sched.cc:430 WARNING 2496304 LoadBalance [#781 PDF] observed exec-time bins (cumulative): <10us=2921365 <50us=112911 <500us=7601 <10ms=14974 <50ms=434 <500ms=42 <1s=0 >=1s=0 | stalls_detected=0[0m
[33m/home/cvazquezperezdelacru/clio-core/context-runtime/src/scheduler/default_sched.cc:439 WARNING 2496304 LoadBalance [#785] lane rescues performed: 0[0m
[97m/home/cvazquezperezdelacru/clio-core/context-runtime/modules/admin/src/admin_runtime.cc:1191 INFO 2496298 RegisterMemory Admin::RegisterMemory: Registering CPU alloc_id (2496374.109)[0m
[97m/home/cvazquezperezdelacru/clio-core/context-runtime/src/ipc_manager.cc:2532 INFO 2496298 RegisterMemory IpcManager::RegisterMemory: Registering clio_2496374_109 from pid 2496374[0m
[97m/home/cvazquezperezdelacru/clio-core/context-runtime/src/ipc_manager.cc:2575 INFO 2496298 RegisterMemory IpcManager::RegisterMemory: Successfully registered clio_2496374_109[0m
[33m/home/cvazquezperezdelacru/clio-core/context-runtime/src/scheduler/default_sched.cc:430 WARNING 2496304 LoadBalance [#781 PDF] observed exec-time bins (cumulative): <10us=2985115 <50us=116780 <500us=7793 <10ms=15446 <50ms=439 <500ms=44 <1s=0 >=1s=0 | stalls_detected=0[0m
[33m/home/cvazquezperezdelacru/clio-core/context-runtime/src/scheduler/default_sched.cc:439 WARNING 2496304 LoadBalance [#785] lane rescues performed: 0[0m
[97m/home/cvazquezperezdelacru/clio-core/context-runtime/modules/admin/src/admin_runtime.cc:1191 INFO 2496297 RegisterMemory Admin::RegisterMemory: Registering CPU alloc_id (2496374.110)[0m
[97m/home/cvazquezperezdelacru/clio-core/context-runtime/src/ipc_manager.cc:2532 INFO 2496297 RegisterMemory IpcManager::RegisterMemory: Registering clio_2496374_110 from pid 2496374[0m
[97m/home/cvazquezperezdelacru/clio-core/context-runtime/src/ipc_manager.cc:2575 INFO 2496297 RegisterMemory IpcManager::RegisterMemory: Successfully registered clio_2496374_110[0m
[97m/home/cvazquezperezdelacru/clio-core/context-runtime/modules/admin/src/admin_runtime.cc:1191 INFO 2496298 RegisterMemory Admin::RegisterMemory: Registering CPU alloc_id (2496374.111)[0m
[97m/home/cvazquezperezdelacru/clio-core/context-runtime/src/ipc_manager.cc:2532 INFO 2496298 RegisterMemory IpcManager::RegisterMemory: Registering clio_2496374_111 from pid 2496374[0m
[97m/home/cvazquezperezdelacru/clio-core/context-runtime/src/ipc_manager.cc:2575 INFO 2496298 RegisterMemory IpcManager::RegisterMemory: Successfully registered clio_2496374_111[0m
[97m/home/cvazquezperezdelacru/clio-core/context-runtime/modules/admin/src/admin_runtime.cc:1191 INFO 2496298 RegisterMemory Admin::RegisterMemory: Registering CPU alloc_id (2496374.112)[0m
[97m/home/cvazquezperezdelacru/clio-core/context-runtime/src/ipc_manager.cc:2532 INFO 2496298 RegisterMemory IpcManager::RegisterMemory: Registering clio_2496374_112 from pid 2496374[0m
[97m/home/cvazquezperezdelacru/clio-core/context-runtime/src/ipc_manager.cc:2575 INFO 2496298 RegisterMemory IpcManager::RegisterMemory: Successfully registered clio_2496374_112[0m
[33m/home/cvazquezperezdelacru/clio-core/context-runtime/src/scheduler/default_sched.cc:430 WARNING 2496304 LoadBalance [#781 PDF] observed exec-time bins (cumulative): <10us=3048904 <50us=120327 <500us=7997 <10ms=15906 <50ms=446 <500ms=45 <1s=0 >=1s=0 | stalls_detected=0[0m
[33m/home/cvazquezperezdelacru/clio-core/context-runtime/src/scheduler/default_sched.cc:439 WARNING 2496304 LoadBalance [#785] lane rescues performed: 0[0m
[33m/home/cvazquezperezdelacru/clio-core/context-runtime/src/scheduler/default_sched.cc:430 WARNING 2496304 LoadBalance [#781 PDF] observed exec-time bins (cumulative): <10us=3115131 <50us=121618 <500us=8037 <10ms=15982 <50ms=452 <500ms=48 <1s=0 >=1s=0 | stalls_detected=0[0m
[33m/home/cvazquezperezdelacru/clio-core/context-runtime/src/scheduler/default_sched.cc:439 WARNING 2496304 LoadBalance [#785] lane rescues performed: 0[0m
[97m/home/cvazquezperezdelacru/clio-core/context-runtime/src/ipc_manager.cc:2288 INFO 2496306 GetOrCreateClient [ClientPool] Creating new persistent connection to 127.0.0.1:40255[0m
[97m/home/cvazquezperezdelacru/clio-core/context-runtime/src/ipc_manager.cc:2308 INFO 2496306 GetOrCreateClient [ClientPool] Connection established to 127.0.0.1:40255[0m
[97m/home/cvazquezperezdelacru/clio-core/context-runtime/modules/admin/src/admin_runtime.cc:1191 INFO 2496298 RegisterMemory Admin::RegisterMemory: Registering CPU alloc_id (2496963.0)[0m
[97m/home/cvazquezperezdelacru/clio-core/context-runtime/src/ipc_manager.cc:2532 INFO 2496298 RegisterMemory IpcManager::RegisterMemory: Registering clio_2496963_0 from pid 2496963[0m
[97m/home/cvazquezperezdelacru/clio-core/context-runtime/src/ipc_manager.cc:2575 INFO 2496298 RegisterMemory IpcManager::RegisterMemory: Successfully registered clio_2496963_0[0m
[97m/home/cvazquezperezdelacru/clio-core/context-runtime/src/pool_manager.cc:534 INFO 2496298 CreatePool PoolManager: Creating pool 'clio_cte_core' with 1 containers (one per node)[0m
[97m/home/cvazquezperezdelacru/clio-core/context-runtime/src/pool_manager.cc:575 INFO 2496298 CreatePool PoolManager: Pool PoolId(major:512, minor:0) already exists by ID, returning existing pool[0m
[97m/home/cvazquezperezdelacru/clio-core/context-runtime/src/pool_manager.cc:534 INFO 2496298 CreatePool PoolManager: Creating pool 'faiss_ivf_bench' with 1 containers (one per node)[0m
[97m/home/cvazquezperezdelacru/clio-core/context-runtime/src/pool_manager.cc:575 INFO 2496298 CreatePool PoolManager: Pool PoolId(major:600, minor:0) already exists by ID, returning existing pool[0m
[97m/home/cvazquezperezdelacru/clio-core/context-runtime/src/ipc_manager.cc:2440 INFO 2496296 IncreaseClientShm IpcManager::IncreaseClientShm: Creating clio_2496275_4 with size 117768192 (84213760 + 33554432 overhead)[0m
[97m/home/cvazquezperezdelacru/clio-core/context-runtime/src/ipc_manager.cc:2485 INFO 2496296 IncreaseClientShm IpcManager::IncreaseClientShm: Created allocator clio_2496275_4 with ID (2496275.4)[0m
[97m/mnt/common/cvazquezperezdelacru/IOWARP/faiss/contrib/iowarp/chimod/src/faiss_ivf_runtime.cc:229 INFO 2496296 OpenIndex faiss_ivf: opened '/mnt/common/cvazquezperezdelacru/faiss/slurm_bench/work/ondisk_nb100M.index' (d=128, nlist=16384, ntotal=100000000, tag='faiss_ivf::ondisk_nb100M')[0m
[97m/mnt/common/cvazquezperezdelacru/IOWARP/faiss/contrib/iowarp/chimod/src/faiss_ivf_runtime.cc:300 INFO 2496296 Search faiss_ivf: Search nq=500 k=10 nprobe=256 unique_lists=16289[0m
[97m/home/cvazquezperezdelacru/clio-core/context-runtime/src/ipc_manager.cc:2440 INFO 2496296 IncreaseClientShm IpcManager::IncreaseClientShm: Creating clio_2496275_5 with size 129613712 (96059280 + 33554432 overhead)[0m
[97m/home/cvazquezperezdelacru/clio-core/context-runtime/src/ipc_manager.cc:2485 INFO 2496296 IncreaseClientShm IpcManager::IncreaseClientShm: Created allocator clio_2496275_5 with ID (2496275.5)[0m
[97m/home/cvazquezperezdelacru/clio-core/context-runtime/src/ipc_manager.cc:2440 INFO 2496296 IncreaseClientShm IpcManager::IncreaseClientShm: Creating clio_2496275_6 with size 130889008 (97334576 + 33554432 overhead)[0m
[97m/home/cvazquezperezdelacru/clio-core/context-runtime/src/ipc_manager.cc:2485 INFO 2496296 IncreaseClientShm IpcManager::IncreaseClientShm: Created allocator clio_2496275_6 with ID (2496275.6)[0m
[97m/home/cvazquezperezdelacru/clio-core/context-runtime/src/ipc_manager.cc:2440 INFO 2496296 IncreaseClientShm IpcManager::IncreaseClientShm: Creating clio_2496275_7 with size 138400416 (104845984 + 33554432 overhead)[0m
[97m/home/cvazquezperezdelacru/clio-core/context-runtime/src/ipc_manager.cc:2485 INFO 2496296 IncreaseClientShm IpcManager::IncreaseClientShm: Created allocator clio_2496275_7 with ID (2496275.7)[0m
[33m/home/cvazquezperezdelacru/clio-core/context-runtime/src/scheduler/default_sched.cc:430 WARNING 2496304 LoadBalance [#781 PDF] observed exec-time bins (cumulative): <10us=3182112 <50us=122185 <500us=8050 <10ms=15985 <50ms=452 <500ms=49 <1s=0 >=1s=0 | stalls_detected=0[0m
[33m/home/cvazquezperezdelacru/clio-core/context-runtime/src/scheduler/default_sched.cc:439 WARNING 2496304 LoadBalance [#785] lane rescues performed: 0[0m
[33m/home/cvazquezperezdelacru/clio-core/context-runtime/src/scheduler/default_sched.cc:455 WARNING 2496304 operator() [#781] worker 0 STALLED on one task (load_us=-7.62939e-06 realtime_load_us=1.1909e+06 threshold_s=1)[0m
[33m/home/cvazquezperezdelacru/clio-core/context-runtime/src/worker.cc:370 WARNING 2496304 AdoptLane [#785] worker 0 adopted lane 0x7f11d68871e8[0m
[33m/home/cvazquezperezdelacru/clio-core/context-runtime/src/work_orchestrator.cc:545 WARNING 2496304 SpawnAdditionalWorker [#785] spawned elastic worker 8 (pool now 9 workers)[0m
[33m/home/cvazquezperezdelacru/clio-core/context-runtime/src/scheduler/default_sched.cc:598 WARNING 2496304 operator() [#785] RESCUE: stalled worker 0 -> worker 8 (0 parked task(s) moved, 0 queued task(s) redistributed, rescues=1)[0m
[97m/home/cvazquezperezdelacru/clio-core/context-runtime/src/ipc_manager.cc:2440 INFO 2496296 IncreaseClientShm IpcManager::IncreaseClientShm: Creating clio_2496275_8 with size 135228416 (101673984 + 33554432 overhead)[0m
[97m/home/cvazquezperezdelacru/clio-core/context-runtime/src/ipc_manager.cc:2485 INFO 2496296 IncreaseClientShm IpcManager::IncreaseClientShm: Created allocator clio_2496275_8 with ID (2496275.8)[0m
[33m/home/cvazquezperezdelacru/clio-core/context-runtime/src/scheduler/default_sched.cc:455 WARNING 2496304 operator() [#781] worker 0 STALLED on one task (load_us=-7.62939e-06 realtime_load_us=1.69176e+06 threshold_s=1)[0m
[33m/home/cvazquezperezdelacru/clio-core/context-runtime/src/worker.cc:370 WARNING 2496304 AdoptLane [#785] worker 0 adopted lane 0x7f11d68871e8[0m
[33m/home/cvazquezperezdelacru/clio-core/context-runtime/src/scheduler/default_sched.cc:598 WARNING 2496304 operator() [#785] RESCUE: stalled worker 0 -> worker 8 (0 parked task(s) moved, 0 queued task(s) redistributed, rescues=2)[0m
[97m/home/cvazquezperezdelacru/clio-core/context-runtime/src/ipc_manager.cc:2440 INFO 2496296 IncreaseClientShm IpcManager::IncreaseClientShm: Creating clio_2496275_9 with size 144020312 (110465880 + 33554432 overhead)[0m
[97m/home/cvazquezperezdelacru/clio-core/context-runtime/src/ipc_manager.cc:2485 INFO 2496296 IncreaseClientShm IpcManager::IncreaseClientShm: Created allocator clio_2496275_9 with ID (2496275.9)[0m
[97m/home/cvazquezperezdelacru/clio-core/context-runtime/src/ipc_manager.cc:2440 INFO 2496296 IncreaseClientShm IpcManager::IncreaseClientShm: Creating clio_2496275_10 with size 143270208 (109715776 + 33554432 overhead)[0m
[97m/home/cvazquezperezdelacru/clio-core/context-runtime/src/ipc_manager.cc:2485 INFO 2496296 IncreaseClientShm IpcManager::IncreaseClientShm: Created allocator clio_2496275_10 with ID (2496275.10)[0m
[33m/home/cvazquezperezdelacru/clio-core/context-runtime/src/scheduler/default_sched.cc:455 WARNING 2496304 operator() [#781] worker 0 STALLED on one task (load_us=-7.62939e-06 realtime_load_us=2.19215e+06 threshold_s=1)[0m
[33m/home/cvazquezperezdelacru/clio-core/context-runtime/src/worker.cc:370 WARNING 2496304 AdoptLane [#785] worker 0 adopted lane 0x7f11d68871e8[0m
[33m/home/cvazquezperezdelacru/clio-core/context-runtime/src/scheduler/default_sched.cc:598 WARNING 2496304 operator() [#785] RESCUE: stalled worker 0 -> worker 8 (0 parked task(s) moved, 0 queued task(s) redistributed, rescues=3)[0m
[97m/home/cvazquezperezdelacru/clio-core/context-runtime/src/ipc_manager.cc:2440 INFO 2496296 IncreaseClientShm IpcManager::IncreaseClientShm: Creating clio_2496275_11 with size 140568816 (107014384 + 33554432 overhead)[0m
[97m/home/cvazquezperezdelacru/clio-core/context-runtime/src/ipc_manager.cc:2485 INFO 2496296 IncreaseClientShm IpcManager::IncreaseClientShm: Created allocator clio_2496275_11 with ID (2496275.11)[0m
[33m/home/cvazquezperezdelacru/clio-core/context-runtime/src/scheduler/default_sched.cc:455 WARNING 2496304 operator() [#781] worker 0 STALLED on one task (load_us=-7.62939e-06 realtime_load_us=2.69257e+06 threshold_s=1)[0m
[33m/home/cvazquezperezdelacru/clio-core/context-runtime/src/worker.cc:370 WARNING 2496304 AdoptLane [#785] worker 0 adopted lane 0x7f11d68871e8[0m
[33m/home/cvazquezperezdelacru/clio-core/context-runtime/src/scheduler/default_sched.cc:598 WARNING 2496304 operator() [#785] RESCUE: stalled worker 0 -> worker 8 (0 parked task(s) moved, 0 queued task(s) redistributed, rescues=4)[0m
[97m/home/cvazquezperezdelacru/clio-core/context-runtime/src/ipc_manager.cc:2440 INFO 2496296 IncreaseClientShm IpcManager::IncreaseClientShm: Creating clio_2496275_12 with size 142179512 (108625080 + 33554432 overhead)[0m
[97m/home/cvazquezperezdelacru/clio-core/context-runtime/src/ipc_manager.cc:2485 INFO 2496296 IncreaseClientShm IpcManager::IncreaseClientShm: Created allocator clio_2496275_12 with ID (2496275.12)[0m
[97m/home/cvazquezperezdelacru/clio-core/context-runtime/src/ipc_manager.cc:2440 INFO 2496296 IncreaseClientShm IpcManager::IncreaseClientShm: Creating clio_2496275_13 with size 138871008 (105316576 + 33554432 overhead)[0m
[97m/home/cvazquezperezdelacru/clio-core/context-runtime/src/ipc_manager.cc:2485 INFO 2496296 IncreaseClientShm IpcManager::IncreaseClientShm: Created allocator clio_2496275_13 with ID (2496275.13)[0m
[33m/home/cvazquezperezdelacru/clio-core/context-runtime/src/scheduler/default_sched.cc:455 WARNING 2496304 operator() [#781] worker 0 STALLED on one task (load_us=-7.62939e-06 realtime_load_us=3.19295e+06 threshold_s=1)[0m
[33m/home/cvazquezperezdelacru/clio-core/context-runtime/src/worker.cc:370 WARNING 2496304 AdoptLane [#785] worker 0 adopted lane 0x7f11d68871e8[0m
[33m/home/cvazquezperezdelacru/clio-core/context-runtime/src/scheduler/default_sched.cc:598 WARNING 2496304 operator() [#785] RESCUE: stalled worker 0 -> worker 8 (0 parked task(s) moved, 0 queued task(s) redistributed, rescues=5)[0m
[97m/home/cvazquezperezdelacru/clio-core/context-runtime/src/ipc_manager.cc:2440 INFO 2496296 IncreaseClientShm IpcManager::IncreaseClientShm: Creating clio_2496275_14 with size 132293008 (98738576 + 33554432 overhead)[0m
[97m/home/cvazquezperezdelacru/clio-core/context-runtime/src/ipc_manager.cc:2485 INFO 2496296 IncreaseClientShm IpcManager::IncreaseClientShm: Created allocator clio_2496275_14 with ID (2496275.14)[0m
[33m/home/cvazquezperezdelacru/clio-core/context-runtime/src/scheduler/default_sched.cc:455 WARNING 2496304 operator() [#781] worker 0 STALLED on one task (load_us=-7.62939e-06 realtime_load_us=3.69333e+06 threshold_s=1)[0m
[33m/home/cvazquezperezdelacru/clio-core/context-runtime/src/worker.cc:370 WARNING 2496304 AdoptLane [#785] worker 0 adopted lane 0x7f11d68871e8[0m
[33m/home/cvazquezperezdelacru/clio-core/context-runtime/src/scheduler/default_sched.cc:598 WARNING 2496304 operator() [#785] RESCUE: stalled worker 0 -> worker 8 (0 parked task(s) moved, 0 queued task(s) redistributed, rescues=6)[0m
[97m/home/cvazquezperezdelacru/clio-core/context-runtime/src/ipc_manager.cc:2440 INFO 2496296 IncreaseClientShm IpcManager::IncreaseClientShm: Creating clio_2496275_15 with size 143978712 (110424280 + 33554432 overhead)[0m
[97m/home/cvazquezperezdelacru/clio-core/context-runtime/src/ipc_manager.cc:2485 INFO 2496296 IncreaseClientShm IpcManager::IncreaseClientShm: Created allocator clio_2496275_15 with ID (2496275.15)[0m
[97m/home/cvazquezperezdelacru/clio-core/context-runtime/src/ipc_manager.cc:2440 INFO 2496296 IncreaseClientShm IpcManager::IncreaseClientShm: Creating clio_2496275_16 with size 132694712 (99140280 + 33554432 overhead)[0m
[97m/home/cvazquezperezdelacru/clio-core/context-runtime/src/ipc_manager.cc:2485 INFO 2496296 IncreaseClientShm IpcManager::IncreaseClientShm: Created allocator clio_2496275_16 with ID (2496275.16)[0m
[33m/home/cvazquezperezdelacru/clio-core/context-runtime/src/scheduler/default_sched.cc:455 WARNING 2496304 operator() [#781] worker 0 STALLED on one task (load_us=-7.62939e-06 realtime_load_us=4.19369e+06 threshold_s=1)[0m
[33m/home/cvazquezperezdelacru/clio-core/context-runtime/src/worker.cc:370 WARNING 2496304 AdoptLane [#785] worker 0 adopted lane 0x7f11d68871e8[0m
[33m/home/cvazquezperezdelacru/clio-core/context-runtime/src/scheduler/default_sched.cc:598 WARNING 2496304 operator() [#785] RESCUE: stalled worker 0 -> worker 8 (0 parked task(s) moved, 0 queued task(s) redistributed, rescues=7)[0m
[97m/home/cvazquezperezdelacru/clio-core/context-runtime/src/ipc_manager.cc:2440 INFO 2496296 IncreaseClientShm IpcManager::IncreaseClientShm: Creating clio_2496275_17 with size 133764608 (100210176 + 33554432 overhead)[0m
[97m/home/cvazquezperezdelacru/clio-core/context-runtime/src/ipc_manager.cc:2485 INFO 2496296 IncreaseClientShm IpcManager::IncreaseClientShm: Created allocator clio_2496275_17 with ID (2496275.17)[0m
[97m/home/cvazquezperezdelacru/clio-core/context-runtime/src/ipc_manager.cc:2440 INFO 2496296 IncreaseClientShm IpcManager::IncreaseClientShm: Creating clio_2496275_18 with size 136254112 (102699680 + 33554432 overhead)[0m
[97m/home/cvazquezperezdelacru/clio-core/context-runtime/src/ipc_manager.cc:2485 INFO 2496296 IncreaseClientShm IpcManager::IncreaseClientShm: Created allocator clio_2496275_18 with ID (2496275.18)[0m
[33m/home/cvazquezperezdelacru/clio-core/context-runtime/src/scheduler/default_sched.cc:455 WARNING 2496304 operator() [#781] worker 0 STALLED on one task (load_us=-7.62939e-06 realtime_load_us=4.69405e+06 threshold_s=1)[0m
[33m/home/cvazquezperezdelacru/clio-core/context-runtime/src/worker.cc:370 WARNING 2496304 AdoptLane [#785] worker 0 adopted lane 0x7f11d68871e8[0m
[33m/home/cvazquezperezdelacru/clio-core/context-runtime/src/scheduler/default_sched.cc:598 WARNING 2496304 operator() [#785] RESCUE: stalled worker 0 -> worker 8 (0 parked task(s) moved, 0 queued task(s) redistributed, rescues=8)[0m
[97m/home/cvazquezperezdelacru/clio-core/context-runtime/src/ipc_manager.cc:2440 INFO 2496296 IncreaseClientShm IpcManager::IncreaseClientShm: Creating clio_2496275_19 with size 136742912 (103188480 + 33554432 overhead)[0m
[97m/home/cvazquezperezdelacru/clio-core/context-runtime/src/ipc_manager.cc:2485 INFO 2496296 IncreaseClientShm IpcManager::IncreaseClientShm: Created allocator clio_2496275_19 with ID (2496275.19)[0m
[97m/home/cvazquezperezdelacru/clio-core/context-runtime/src/ipc_manager.cc:2440 INFO 2496296 IncreaseClientShm IpcManager::IncreaseClientShm: Creating clio_2496275_20 with size 141186312 (107631880 + 33554432 overhead)[0m
[97m/home/cvazquezperezdelacru/clio-core/context-runtime/src/ipc_manager.cc:2485 INFO 2496296 IncreaseClientShm IpcManager::IncreaseClientShm: Created allocator clio_2496275_20 with ID (2496275.20)[0m
[33m/home/cvazquezperezdelacru/clio-core/context-runtime/src/scheduler/default_sched.cc:455 WARNING 2496304 operator() [#781] worker 0 STALLED on one task (load_us=-7.62939e-06 realtime_load_us=5.19442e+06 threshold_s=1)[0m
[33m/home/cvazquezperezdelacru/clio-core/context-runtime/src/worker.cc:370 WARNING 2496304 AdoptLane [#785] worker 0 adopted lane 0x7f11d68871e8[0m
[33m/home/cvazquezperezdelacru/clio-core/context-runtime/src/scheduler/default_sched.cc:598 WARNING 2496304 operator() [#785] RESCUE: stalled worker 0 -> worker 8 (0 parked task(s) moved, 0 queued task(s) redistributed, rescues=9)[0m
[97m/home/cvazquezperezdelacru/clio-core/context-runtime/src/ipc_manager.cc:2440 INFO 2496296 IncreaseClientShm IpcManager::IncreaseClientShm: Creating clio_2496275_21 with size 141906512 (108352080 + 33554432 overhead)[0m
[97m/home/cvazquezperezdelacru/clio-core/context-runtime/src/ipc_manager.cc:2485 INFO 2496296 IncreaseClientShm IpcManager::IncreaseClientShm: Created allocator clio_2496275_21 with ID (2496275.21)[0m
[33m/home/cvazquezperezdelacru/clio-core/context-runtime/src/scheduler/default_sched.cc:455 WARNING 2496304 operator() [#781] worker 0 STALLED on one task (load_us=-7.62939e-06 realtime_load_us=5.69479e+06 threshold_s=1)[0m
[33m/home/cvazquezperezdelacru/clio-core/context-runtime/src/worker.cc:370 WARNING 2496304 AdoptLane [#785] worker 0 adopted lane 0x7f11d68871e8[0m
[33m/home/cvazquezperezdelacru/clio-core/context-runtime/src/scheduler/default_sched.cc:598 WARNING 2496304 operator() [#785] RESCUE: stalled worker 0 -> worker 8 (0 parked task(s) moved, 0 queued task(s) redistributed, rescues=10)[0m
[97m/home/cvazquezperezdelacru/clio-core/context-runtime/src/ipc_manager.cc:2440 INFO 2496296 IncreaseClientShm IpcManager::IncreaseClientShm: Creating clio_2496275_22 with size 145826016 (112271584 + 33554432 overhead)[0m
[97m/home/cvazquezperezdelacru/clio-core/context-runtime/src/ipc_manager.cc:2485 INFO 2496296 IncreaseClientShm IpcManager::IncreaseClientShm: Created allocator clio_2496275_22 with ID (2496275.22)[0m
[97m/home/cvazquezperezdelacru/clio-core/context-runtime/src/ipc_manager.cc:2440 INFO 2496296 IncreaseClientShm IpcManager::IncreaseClientShm: Creating clio_2496275_23 with size 142540912 (108986480 + 33554432 overhead)[0m
[97m/home/cvazquezperezdelacru/clio-core/context-runtime/src/ipc_manager.cc:2485 INFO 2496296 IncreaseClientShm IpcManager::IncreaseClientShm: Created allocator clio_2496275_23 with ID (2496275.23)[0m
[33m/home/cvazquezperezdelacru/clio-core/context-runtime/src/scheduler/default_sched.cc:430 WARNING 2496304 LoadBalance [#781 PDF] observed exec-time bins (cumulative): <10us=3250563 <50us=123265 <500us=8055 <10ms=15988 <50ms=452 <500ms=49 <1s=0 >=1s=0 | stalls_detected=10[0m
[33m/home/cvazquezperezdelacru/clio-core/context-runtime/src/scheduler/default_sched.cc:439 WARNING 2496304 LoadBalance [#785] lane rescues performed: 10[0m
[33m/home/cvazquezperezdelacru/clio-core/context-runtime/src/scheduler/default_sched.cc:455 WARNING 2496304 operator() [#781] worker 0 STALLED on one task (load_us=-7.62939e-06 realtime_load_us=6.19524e+06 threshold_s=1)[0m
[33m/home/cvazquezperezdelacru/clio-core/context-runtime/src/worker.cc:370 WARNING 2496304 AdoptLane [#785] worker 0 adopted lane 0x7f11d68871e8[0m
[33m/home/cvazquezperezdelacru/clio-core/context-runtime/src/scheduler/default_sched.cc:598 WARNING 2496304 operator() [#785] RESCUE: stalled worker 0 -> worker 8 (0 parked task(s) moved, 0 queued task(s) redistributed, rescues=11)[0m
[97m/home/cvazquezperezdelacru/clio-core/context-runtime/src/ipc_manager.cc:2440 INFO 2496296 IncreaseClientShm IpcManager::IncreaseClientShm: Creating clio_2496275_24 with size 140470016 (106915584 + 33554432 overhead)[0m
[97m/home/cvazquezperezdelacru/clio-core/context-runtime/src/ipc_manager.cc:2485 INFO 2496296 IncreaseClientShm IpcManager::IncreaseClientShm: Created allocator clio_2496275_24 with ID (2496275.24)[0m
[97m/home/cvazquezperezdelacru/clio-core/context-runtime/src/ipc_manager.cc:2440 INFO 2496296 IncreaseClientShm IpcManager::IncreaseClientShm: Creating clio_2496275_25 with size 132259216 (98704784 + 33554432 overhead)[0m
[97m/home/cvazquezperezdelacru/clio-core/context-runtime/src/ipc_manager.cc:2485 INFO 2496296 IncreaseClientShm IpcManager::IncreaseClientShm: Created allocator clio_2496275_25 with ID (2496275.25)[0m
[33m/home/cvazquezperezdelacru/clio-core/context-runtime/src/scheduler/default_sched.cc:455 WARNING 2496304 operator() [#781] worker 0 STALLED on one task (load_us=-7.62939e-06 realtime_load_us=6.69566e+06 threshold_s=1)[0m
[33m/home/cvazquezperezdelacru/clio-core/context-runtime/src/worker.cc:370 WARNING 2496304 AdoptLane [#785] worker 0 adopted lane 0x7f11d68871e8[0m
[33m/home/cvazquezperezdelacru/clio-core/context-runtime/src/scheduler/default_sched.cc:598 WARNING 2496304 operator() [#785] RESCUE: stalled worker 0 -> worker 8 (0 parked task(s) moved, 0 queued task(s) redistributed, rescues=12)[0m
[97m/home/cvazquezperezdelacru/clio-core/context-runtime/src/ipc_manager.cc:2440 INFO 2496296 IncreaseClientShm IpcManager::IncreaseClientShm: Creating clio_2496275_26 with size 139725112 (106170680 + 33554432 overhead)[0m
[97m/home/cvazquezperezdelacru/clio-core/context-runtime/src/ipc_manager.cc:2485 INFO 2496296 IncreaseClientShm IpcManager::IncreaseClientShm: Created allocator clio_2496275_26 with ID (2496275.26)[0m
[97m/home/cvazquezperezdelacru/clio-core/context-runtime/src/ipc_manager.cc:2440 INFO 2496296 IncreaseClientShm IpcManager::IncreaseClientShm: Creating clio_2496275_27 with size 147097408 (113542976 + 33554432 overhead)[0m
[97m/home/cvazquezperezdelacru/clio-core/context-runtime/src/ipc_manager.cc:2485 INFO 2496296 IncreaseClientShm IpcManager::IncreaseClientShm: Created allocator clio_2496275_27 with ID (2496275.27)[0m
[33m/home/cvazquezperezdelacru/clio-core/context-runtime/src/scheduler/default_sched.cc:455 WARNING 2496304 operator() [#781] worker 0 STALLED on one task (load_us=-7.62939e-06 realtime_load_us=7.19604e+06 threshold_s=1)[0m
[33m/home/cvazquezperezdelacru/clio-core/context-runtime/src/worker.cc:370 WARNING 2496304 AdoptLane [#785] worker 0 adopted lane 0x7f11d68871e8[0m
[33m/home/cvazquezperezdelacru/clio-core/context-runtime/src/scheduler/default_sched.cc:598 WARNING 2496304 operator() [#785] RESCUE: stalled worker 0 -> worker 8 (0 parked task(s) moved, 0 queued task(s) redistributed, rescues=13)[0m
[97m/home/cvazquezperezdelacru/clio-core/context-runtime/src/ipc_manager.cc:2440 INFO 2496296 IncreaseClientShm IpcManager::IncreaseClientShm: Creating clio_2496275_28 with size 132436016 (98881584 + 33554432 overhead)[0m
[97m/home/cvazquezperezdelacru/clio-core/context-runtime/src/ipc_manager.cc:2485 INFO 2496296 IncreaseClientShm IpcManager::IncreaseClientShm: Created allocator clio_2496275_28 with ID (2496275.28)[0m
[33m/home/cvazquezperezdelacru/clio-core/context-runtime/src/scheduler/default_sched.cc:455 WARNING 2496304 operator() [#781] worker 0 STALLED on one task (load_us=-7.62939e-06 realtime_load_us=7.69641e+06 threshold_s=1)[0m
[33m/home/cvazquezperezdelacru/clio-core/context-runtime/src/worker.cc:370 WARNING 2496304 AdoptLane [#785] worker 0 adopted lane 0x7f11d68871e8[0m
[33m/home/cvazquezperezdelacru/clio-core/context-runtime/src/scheduler/default_sched.cc:598 WARNING 2496304 operator() [#785] RESCUE: stalled worker 0 -> worker 8 (0 parked task(s) moved, 0 queued task(s) redistributed, rescues=14)[0m
[97m/home/cvazquezperezdelacru/clio-core/context-runtime/src/ipc_manager.cc:2440 INFO 2496296 IncreaseClientShm IpcManager::IncreaseClientShm: Creating clio_2496275_29 with size 135078912 (101524480 + 33554432 overhead)[0m
[97m/home/cvazquezperezdelacru/clio-core/context-runtime/src/ipc_manager.cc:2485 INFO 2496296 IncreaseClientShm IpcManager::IncreaseClientShm: Created allocator clio_2496275_29 with ID (2496275.29)[0m
[97m/home/cvazquezperezdelacru/clio-core/context-runtime/src/ipc_manager.cc:2440 INFO 2496296 IncreaseClientShm IpcManager::IncreaseClientShm: Creating clio_2496275_30 with size 173869616 (140315184 + 33554432 overhead)[0m
[97m/home/cvazquezperezdelacru/clio-core/context-runtime/src/ipc_manager.cc:2485 INFO 2496296 IncreaseClientShm IpcManager::IncreaseClientShm: Created allocator clio_2496275_30 with ID (2496275.30)[0m
[33m/home/cvazquezperezdelacru/clio-core/context-runtime/src/scheduler/default_sched.cc:455 WARNING 2496304 operator() [#781] worker 0 STALLED on one task (load_us=-7.62939e-06 realtime_load_us=8.19678e+06 threshold_s=1)[0m
[33m/home/cvazquezperezdelacru/clio-core/context-runtime/src/worker.cc:370 WARNING 2496304 AdoptLane [#785] worker 0 adopted lane 0x7f11d68871e8[0m
[33m/home/cvazquezperezdelacru/clio-core/context-runtime/src/scheduler/default_sched.cc:598 WARNING 2496304 operator() [#785] RESCUE: stalled worker 0 -> worker 8 (0 parked task(s) moved, 0 queued task(s) redistributed, rescues=15)[0m
[97m/home/cvazquezperezdelacru/clio-core/context-runtime/src/ipc_manager.cc:2440 INFO 2496296 IncreaseClientShm IpcManager::IncreaseClientShm: Creating clio_2496275_31 with size 134882608 (101328176 + 33554432 overhead)[0m
[97m/home/cvazquezperezdelacru/clio-core/context-runtime/src/ipc_manager.cc:2485 INFO 2496296 IncreaseClientShm IpcManager::IncreaseClientShm: Created allocator clio_2496275_31 with ID (2496275.31)[0m
[33m/home/cvazquezperezdelacru/clio-core/context-runtime/src/scheduler/default_sched.cc:455 WARNING 2496304 operator() [#781] worker 0 STALLED on one task (load_us=-7.62939e-06 realtime_load_us=8.69717e+06 threshold_s=1)[0m
[33m/home/cvazquezperezdelacru/clio-core/context-runtime/src/worker.cc:370 WARNING 2496304 AdoptLane [#785] worker 0 adopted lane 0x7f11d68871e8[0m
[33m/home/cvazquezperezdelacru/clio-core/context-runtime/src/scheduler/default_sched.cc:598 WARNING 2496304 operator() [#785] RESCUE: stalled worker 0 -> worker 8 (0 parked task(s) moved, 0 queued task(s) redistributed, rescues=16)[0m
[97m/home/cvazquezperezdelacru/clio-core/context-runtime/src/ipc_manager.cc:2440 INFO 2496296 IncreaseClientShm IpcManager::IncreaseClientShm: Creating clio_2496275_32 with size 149146208 (115591776 + 33554432 overhead)[0m
[97m/home/cvazquezperezdelacru/clio-core/context-runtime/src/ipc_manager.cc:2485 INFO 2496296 IncreaseClientShm IpcManager::IncreaseClientShm: Created allocator clio_2496275_32 with ID (2496275.32)[0m
[97m/home/cvazquezperezdelacru/clio-core/context-runtime/src/ipc_manager.cc:2440 INFO 2496984 IncreaseClientShm IpcManager::IncreaseClientShm: Creating clio_2496275_33 with size 139441712 (105887280 + 33554432 overhead)[0m
[97m/home/cvazquezperezdelacru/clio-core/context-runtime/src/ipc_manager.cc:2485 INFO 2496984 IncreaseClientShm IpcManager::IncreaseClientShm: Created allocator clio_2496275_33 with ID (2496275.33)[0m
[31m/home/cvazquezperezdelacru/clio-core/context-runtime/src/scheduler/default_sched.cc:726 ERROR 2496304 LoadBalance [HANGWATCH-HB] processed=49713 outstanding=48 (queued=48 blocked=0 retry=0 periodic=7) live=3 live_stalled=0[0m
[97m/home/cvazquezperezdelacru/clio-core/context-runtime/src/ipc_manager.cc:2440 INFO 2496984 IncreaseClientShm IpcManager::IncreaseClientShm: Creating clio_2496275_34 with size 144301112 (110746680 + 33554432 overhead)[0m
[97m/home/cvazquezperezdelacru/clio-core/context-runtime/src/ipc_manager.cc:2485 INFO 2496984 IncreaseClientShm IpcManager::IncreaseClientShm: Created allocator clio_2496275_34 with ID (2496275.34)[0m
[97m/home/cvazquezperezdelacru/clio-core/context-runtime/src/ipc_manager.cc:2440 INFO 2496984 IncreaseClientShm IpcManager::IncreaseClientShm: Creating clio_2496275_35 with size 136547912 (102993480 + 33554432 overhead)[0m
[97m/home/cvazquezperezdelacru/clio-core/context-runtime/src/ipc_manager.cc:2485 INFO 2496984 IncreaseClientShm IpcManager::IncreaseClientShm: Created allocator clio_2496275_35 with ID (2496275.35)[0m
[97m/home/cvazquezperezdelacru/clio-core/context-runtime/src/ipc_manager.cc:2440 INFO 2496984 IncreaseClientShm IpcManager::IncreaseClientShm: Creating clio_2496275_36 with size 156653712 (123099280 + 33554432 overhead)[0m
[97m/home/cvazquezperezdelacru/clio-core/context-runtime/src/ipc_manager.cc:2485 INFO 2496984 IncreaseClientShm IpcManager::IncreaseClientShm: Created allocator clio_2496275_36 with ID (2496275.36)[0m
[97m/home/cvazquezperezdelacru/clio-core/context-runtime/src/ipc_manager.cc:2440 INFO 2496984 IncreaseClientShm IpcManager::IncreaseClientShm: Creating clio_2496275_37 with size 140510312 (106955880 + 33554432 overhead)[0m
[97m/home/cvazquezperezdelacru/clio-core/context-runtime/src/ipc_manager.cc:2485 INFO 2496984 IncreaseClientShm IpcManager::IncreaseClientShm: Created allocator clio_2496275_37 with ID (2496275.37)[0m
[97m/home/cvazquezperezdelacru/clio-core/context-runtime/src/ipc_manager.cc:2440 INFO 2496984 IncreaseClientShm IpcManager::IncreaseClientShm: Creating clio_2496275_38 with size 135635312 (102080880 + 33554432 overhead)[0m
[97m/home/cvazquezperezdelacru/clio-core/context-runtime/src/ipc_manager.cc:2485 INFO 2496984 IncreaseClientShm IpcManager::IncreaseClientShm: Created allocator clio_2496275_38 with ID (2496275.38)[0m
[97m/home/cvazquezperezdelacru/clio-core/context-runtime/src/ipc_manager.cc:2440 INFO 2496984 IncreaseClientShm IpcManager::IncreaseClientShm: Creating clio_2496275_39 with size 140237312 (106682880 + 33554432 overhead)[0m
[97m/home/cvazquezperezdelacru/clio-core/context-runtime/src/ipc_manager.cc:2485 INFO 2496984 IncreaseClientShm IpcManager::IncreaseClientShm: Created allocator clio_2496275_39 with ID (2496275.39)[0m
[97m/home/cvazquezperezdelacru/clio-core/context-runtime/src/ipc_manager.cc:2440 INFO 2496984 IncreaseClientShm IpcManager::IncreaseClientShm: Creating clio_2496275_40 with size 143437912 (109883480 + 33554432 overhead)[0m
[97m/home/cvazquezperezdelacru/clio-core/context-runtime/src/ipc_manager.cc:2485 INFO 2496984 IncreaseClientShm IpcManager::IncreaseClientShm: Created allocator clio_2496275_40 with ID (2496275.40)[0m
[33m/home/cvazquezperezdelacru/clio-core/context-runtime/src/scheduler/default_sched.cc:430 WARNING 2496304 LoadBalance [#781 PDF] observed exec-time bins (cumulative): <10us=3316583 <50us=126661 <500us=8132 <10ms=16944 <50ms=469 <500ms=49 <1s=0 >=1s=0 | stalls_detected=16[0m
[33m/home/cvazquezperezdelacru/clio-core/context-runtime/src/scheduler/default_sched.cc:439 WARNING 2496304 LoadBalance [#785] lane rescues performed: 16[0m
[31m/home/cvazquezperezdelacru/clio-core/context-runtime/src/scheduler/default_sched.cc:726 ERROR 2496304 LoadBalance [HANGWATCH-HB] processed=51363 outstanding=63 (queued=63 blocked=0 retry=0 periodic=6) live=2 live_stalled=0[0m
[97m/home/cvazquezperezdelacru/clio-core/context-runtime/src/ipc_manager.cc:2440 INFO 2496984 IncreaseClientShm IpcManager::IncreaseClientShm: Creating clio_2496275_41 with size 134642112 (101087680 + 33554432 overhead)[0m
[97m/home/cvazquezperezdelacru/clio-core/context-runtime/src/ipc_manager.cc:2485 INFO 2496984 IncreaseClientShm IpcManager::IncreaseClientShm: Created allocator clio_2496275_41 with ID (2496275.41)[0m
[97m/home/cvazquezperezdelacru/clio-core/context-runtime/src/ipc_manager.cc:2440 INFO 2496984 IncreaseClientShm IpcManager::IncreaseClientShm: Creating clio_2496275_42 with size 142085912 (108531480 + 33554432 overhead)[0m
[97m/home/cvazquezperezdelacru/clio-core/context-runtime/src/ipc_manager.cc:2485 INFO 2496984 IncreaseClientShm IpcManager::IncreaseClientShm: Created allocator clio_2496275_42 with ID (2496275.42)[0m
[97m/home/cvazquezperezdelacru/clio-core/context-runtime/src/ipc_manager.cc:2440 INFO 2496984 IncreaseClientShm IpcManager::IncreaseClientShm: Creating clio_2496275_43 with size 156164912 (122610480 + 33554432 overhead)[0m
[97m/home/cvazquezperezdelacru/clio-core/context-runtime/src/ipc_manager.cc:2485 INFO 2496984 IncreaseClientShm IpcManager::IncreaseClientShm: Created allocator clio_2496275_43 with ID (2496275.43)[0m
[97m/home/cvazquezperezdelacru/clio-core/context-runtime/src/ipc_manager.cc:2440 INFO 2496984 IncreaseClientShm IpcManager::IncreaseClientShm: Creating clio_2496275_44 with size 151072816 (117518384 + 33554432 overhead)[0m
[97m/home/cvazquezperezdelacru/clio-core/context-runtime/src/ipc_manager.cc:2485 INFO 2496984 IncreaseClientShm IpcManager::IncreaseClientShm: Created allocator clio_2496275_44 with ID (2496275.44)[0m
[97m/home/cvazquezperezdelacru/clio-core/context-runtime/src/ipc_manager.cc:2440 INFO 2496984 IncreaseClientShm IpcManager::IncreaseClientShm: Creating clio_2496275_45 with size 150472208 (116917776 + 33554432 overhead)[0m
[97m/home/cvazquezperezdelacru/clio-core/context-runtime/src/ipc_manager.cc:2485 INFO 2496984 IncreaseClientShm IpcManager::IncreaseClientShm: Created allocator clio_2496275_45 with ID (2496275.45)[0m
[97m/home/cvazquezperezdelacru/clio-core/context-runtime/src/ipc_manager.cc:2440 INFO 2496984 IncreaseClientShm IpcManager::IncreaseClientShm: Creating clio_2496275_46 with size 133364208 (99809776 + 33554432 overhead)[0m
[97m/home/cvazquezperezdelacru/clio-core/context-runtime/src/ipc_manager.cc:2485 INFO 2496984 IncreaseClientShm IpcManager::IncreaseClientShm: Created allocator clio_2496275_46 with ID (2496275.46)[0m
[97m/home/cvazquezperezdelacru/clio-core/context-runtime/src/ipc_manager.cc:2440 INFO 2496984 IncreaseClientShm IpcManager::IncreaseClientShm: Creating clio_2496275_47 with size 139727712 (106173280 + 33554432 overhead)[0m
[97m/home/cvazquezperezdelacru/clio-core/context-runtime/src/ipc_manager.cc:2485 INFO 2496984 IncreaseClientShm IpcManager::IncreaseClientShm: Created allocator clio_2496275_47 with ID (2496275.47)[0m
[31m/home/cvazquezperezdelacru/clio-core/context-runtime/src/scheduler/default_sched.cc:726 ERROR 2496304 LoadBalance [HANGWATCH-HB] processed=52859 outstanding=63 (queued=63 blocked=0 retry=0 periodic=7) live=1 live_stalled=0[0m
[97m/home/cvazquezperezdelacru/clio-core/context-runtime/src/ipc_manager.cc:2440 INFO 2496984 IncreaseClientShm IpcManager::IncreaseClientShm: Creating clio_2496275_48 with size 142964712 (109410280 + 33554432 overhead)[0m
[97m/home/cvazquezperezdelacru/clio-core/context-runtime/src/ipc_manager.cc:2485 INFO 2496984 IncreaseClientShm IpcManager::IncreaseClientShm: Created allocator clio_2496275_48 with ID (2496275.48)[0m
[97m/home/cvazquezperezdelacru/clio-core/context-runtime/src/ipc_manager.cc:2440 INFO 2496984 IncreaseClientShm IpcManager::IncreaseClientShm: Creating clio_2496275_49 with size 136663616 (103109184 + 33554432 overhead)[0m
[97m/home/cvazquezperezdelacru/clio-core/context-runtime/src/ipc_manager.cc:2485 INFO 2496984 IncreaseClientShm IpcManager::IncreaseClientShm: Created allocator clio_2496275_49 with ID (2496275.49)[0m
[97m/home/cvazquezperezdelacru/clio-core/context-runtime/src/ipc_manager.cc:2440 INFO 2496984 IncreaseClientShm IpcManager::IncreaseClientShm: Creating clio_2496275_50 with size 139864208 (106309776 + 33554432 overhead)[0m
[97m/home/cvazquezperezdelacru/clio-core/context-runtime/src/ipc_manager.cc:2485 INFO 2496984 IncreaseClientShm IpcManager::IncreaseClientShm: Created allocator clio_2496275_50 with ID (2496275.50)[0m
[97m/home/cvazquezperezdelacru/clio-core/context-runtime/src/ipc_manager.cc:2440 INFO 2496984 IncreaseClientShm IpcManager::IncreaseClientShm: Creating clio_2496275_51 with size 147330112 (113775680 + 33554432 overhead)[0m
[97m/home/cvazquezperezdelacru/clio-core/context-runtime/src/ipc_manager.cc:2485 INFO 2496984 IncreaseClientShm IpcManager::IncreaseClientShm: Created allocator clio_2496275_51 with ID (2496275.51)[0m
[97m/home/cvazquezperezdelacru/clio-core/context-runtime/src/ipc_manager.cc:2440 INFO 2496984 IncreaseClientShm IpcManager::IncreaseClientShm: Creating clio_2496275_52 with size 146612512 (113058080 + 33554432 overhead)[0m
[97m/home/cvazquezperezdelacru/clio-core/context-runtime/src/ipc_manager.cc:2485 INFO 2496984 IncreaseClientShm IpcManager::IncreaseClientShm: Created allocator clio_2496275_52 with ID (2496275.52)[0m
[31m/home/cvazquezperezdelacru/clio-core/context-runtime/src/scheduler/default_sched.cc:726 ERROR 2496304 LoadBalance [HANGWATCH-HB] processed=54369 outstanding=63 (queued=63 blocked=0 retry=0 periodic=7) live=1 live_stalled=0[0m
[97m/home/cvazquezperezdelacru/clio-core/context-runtime/src/ipc_manager.cc:2440 INFO 2496984 IncreaseClientShm IpcManager::IncreaseClientShm: Creating clio_2496275_53 with size 135188112 (101633680 + 33554432 overhead)[0m
[97m/home/cvazquezperezdelacru/clio-core/context-runtime/src/ipc_manager.cc:2485 INFO 2496984 IncreaseClientShm IpcManager::IncreaseClientShm: Created allocator clio_2496275_53 with ID (2496275.53)[0m
[97m/home/cvazquezperezdelacru/clio-core/context-runtime/src/ipc_manager.cc:2440 INFO 2496984 IncreaseClientShm IpcManager::IncreaseClientShm: Creating clio_2496275_54 with size 139699112 (106144680 + 33554432 overhead)[0m
[97m/home/cvazquezperezdelacru/clio-core/context-runtime/src/ipc_manager.cc:2485 INFO 2496984 IncreaseClientShm IpcManager::IncreaseClientShm: Created allocator clio_2496275_54 with ID (2496275.54)[0m
[97m/home/cvazquezperezdelacru/clio-core/context-runtime/src/ipc_manager.cc:2440 INFO 2496984 IncreaseClientShm IpcManager::IncreaseClientShm: Creating clio_2496275_55 with size 136999008 (103444576 + 33554432 overhead)[0m
[97m/home/cvazquezperezdelacru/clio-core/context-runtime/src/ipc_manager.cc:2485 INFO 2496984 IncreaseClientShm IpcManager::IncreaseClientShm: Created allocator clio_2496275_55 with ID (2496275.55)[0m
[33m/home/cvazquezperezdelacru/clio-core/context-runtime/src/scheduler/default_sched.cc:430 WARNING 2496304 LoadBalance [#781 PDF] observed exec-time bins (cumulative): <10us=3382465 <50us=130945 <500us=8210 <10ms=18847 <50ms=506 <500ms=49 <1s=0 >=1s=0 | stalls_detected=16[0m
[33m/home/cvazquezperezdelacru/clio-core/context-runtime/src/scheduler/default_sched.cc:439 WARNING 2496304 LoadBalance [#785] lane rescues performed: 16[0m
[97m/home/cvazquezperezdelacru/clio-core/context-runtime/src/ipc_manager.cc:2440 INFO 2496984 IncreaseClientShm IpcManager::IncreaseClientShm: Creating clio_2496275_56 with size 140910712 (107356280 + 33554432 overhead)[0m
[97m/home/cvazquezperezdelacru/clio-core/context-runtime/src/ipc_manager.cc:2485 INFO 2496984 IncreaseClientShm IpcManager::IncreaseClientShm: Created allocator clio_2496275_56 with ID (2496275.56)[0m
[31m/home/cvazquezperezdelacru/clio-core/context-runtime/src/scheduler/default_sched.cc:726 ERROR 2496304 LoadBalance [HANGWATCH-HB] processed=56177 outstanding=63 (queued=63 blocked=0 retry=0 periodic=5) live=3 live_stalled=0[0m
[97m/home/cvazquezperezdelacru/clio-core/context-runtime/src/ipc_manager.cc:2440 INFO 2496984 IncreaseClientShm IpcManager::IncreaseClientShm: Creating clio_2496275_57 with size 147097408 (113542976 + 33554432 overhead)[0m
[97m/home/cvazquezperezdelacru/clio-core/context-runtime/src/ipc_manager.cc:2485 INFO 2496984 IncreaseClientShm IpcManager::IncreaseClientShm: Created allocator clio_2496275_57 with ID (2496275.57)[0m
[97m/home/cvazquezperezdelacru/clio-core/context-runtime/src/ipc_manager.cc:2440 INFO 2496984 IncreaseClientShm IpcManager::IncreaseClientShm: Creating clio_2496275_58 with size 142100208 (108545776 + 33554432 overhead)[0m
[97m/home/cvazquezperezdelacru/clio-core/context-runtime/src/ipc_manager.cc:2485 INFO 2496984 IncreaseClientShm IpcManager::IncreaseClientShm: Created allocator clio_2496275_58 with ID (2496275.58)[0m
[97m/home/cvazquezperezdelacru/clio-core/context-runtime/src/ipc_manager.cc:2440 INFO 2496984 IncreaseClientShm IpcManager::IncreaseClientShm: Creating clio_2496275_59 with size 134672016 (101117584 + 33554432 overhead)[0m
[97m/home/cvazquezperezdelacru/clio-core/context-runtime/src/ipc_manager.cc:2485 INFO 2496984 IncreaseClientShm IpcManager::IncreaseClientShm: Created allocator clio_2496275_59 with ID (2496275.59)[0m
[97m/home/cvazquezperezdelacru/clio-core/context-runtime/src/ipc_manager.cc:2440 INFO 2496984 IncreaseClientShm IpcManager::IncreaseClientShm: Creating clio_2496275_60 with size 130544512 (96990080 + 33554432 overhead)[0m
[97m/home/cvazquezperezdelacru/clio-core/context-runtime/src/ipc_manager.cc:2485 INFO 2496984 IncreaseClientShm IpcManager::IncreaseClientShm: Created allocator clio_2496275_60 with ID (2496275.60)[0m
[97m/home/cvazquezperezdelacru/clio-core/context-runtime/src/ipc_manager.cc:2440 INFO 2496984 IncreaseClientShm IpcManager::IncreaseClientShm: Creating clio_2496275_61 with size 133764608 (100210176 + 33554432 overhead)[0m
[97m/home/cvazquezperezdelacru/clio-core/context-runtime/src/ipc_manager.cc:2485 INFO 2496984 IncreaseClientShm IpcManager::IncreaseClientShm: Created allocator clio_2496275_61 with ID (2496275.61)[0m
[97m/home/cvazquezperezdelacru/clio-core/context-runtime/src/ipc_manager.cc:2440 INFO 2496984 IncreaseClientShm IpcManager::IncreaseClientShm: Creating clio_2496275_62 with size 139609408 (106054976 + 33554432 overhead)[0m
[97m/home/cvazquezperezdelacru/clio-core/context-runtime/src/ipc_manager.cc:2485 INFO 2496984 IncreaseClientShm IpcManager::IncreaseClientShm: Created allocator clio_2496275_62 with ID (2496275.62)[0m
[97m/home/cvazquezperezdelacru/clio-core/context-runtime/src/ipc_manager.cc:2440 INFO 2496984 IncreaseClientShm IpcManager::IncreaseClientShm: Creating clio_2496275_63 with size 143071312 (109516880 + 33554432 overhead)[0m
[97m/home/cvazquezperezdelacru/clio-core/context-runtime/src/ipc_manager.cc:2485 INFO 2496984 IncreaseClientShm IpcManager::IncreaseClientShm: Created allocator clio_2496275_63 with ID (2496275.63)[0m
[31m/home/cvazquezperezdelacru/clio-core/context-runtime/src/scheduler/default_sched.cc:726 ERROR 2496304 LoadBalance [HANGWATCH-HB] processed=58043 outstanding=32 (queued=32 blocked=0 retry=0 periodic=7) live=2 live_stalled=0[0m
[97m/home/cvazquezperezdelacru/clio-core/context-runtime/src/ipc_manager.cc:2440 INFO 2496984 IncreaseClientShm IpcManager::IncreaseClientShm: Creating clio_2496275_64 with size 133446112 (99891680 + 33554432 overhead)[0m
[97m/home/cvazquezperezdelacru/clio-core/context-runtime/src/ipc_manager.cc:2485 INFO 2496984 IncreaseClientShm IpcManager::IncreaseClientShm: Created allocator clio_2496275_64 with ID (2496275.64)[0m
[97m/home/cvazquezperezdelacru/clio-core/context-runtime/src/ipc_manager.cc:2440 INFO 2496984 IncreaseClientShm IpcManager::IncreaseClientShm: Creating clio_2496275_65 with size 152701712 (119147280 + 33554432 overhead)[0m
[97m/home/cvazquezperezdelacru/clio-core/context-runtime/src/ipc_manager.cc:2485 INFO 2496984 IncreaseClientShm IpcManager::IncreaseClientShm: Created allocator clio_2496275_65 with ID (2496275.65)[0m
[97m/home/cvazquezperezdelacru/clio-core/context-runtime/src/ipc_manager.cc:2440 INFO 2496984 IncreaseClientShm IpcManager::IncreaseClientShm: Creating clio_2496275_66 with size 136341216 (102786784 + 33554432 overhead)[0m
[97m/home/cvazquezperezdelacru/clio-core/context-runtime/src/ipc_manager.cc:2485 INFO 2496984 IncreaseClientShm IpcManager::IncreaseClientShm: Created allocator clio_2496275_66 with ID (2496275.66)[0m
[97m/home/cvazquezperezdelacru/clio-core/context-runtime/src/ipc_manager.cc:2440 INFO 2496984 IncreaseClientShm IpcManager::IncreaseClientShm: Creating clio_2496275_67 with size 155683912 (122129480 + 33554432 overhead)[0m
[97m/home/cvazquezperezdelacru/clio-core/context-runtime/src/ipc_manager.cc:2485 INFO 2496984 IncreaseClientShm IpcManager::IncreaseClientShm: Created allocator clio_2496275_67 with ID (2496275.67)[0m
[97m/home/cvazquezperezdelacru/clio-core/context-runtime/src/ipc_manager.cc:2440 INFO 2496984 IncreaseClientShm IpcManager::IncreaseClientShm: Creating clio_2496275_68 with size 135592416 (102037984 + 33554432 overhead)[0m
[97m/home/cvazquezperezdelacru/clio-core/context-runtime/src/ipc_manager.cc:2485 INFO 2496984 IncreaseClientShm IpcManager::IncreaseClientShm: Created allocator clio_2496275_68 with ID (2496275.68)[0m
[97m/home/cvazquezperezdelacru/clio-core/context-runtime/src/ipc_manager.cc:2440 INFO 2496984 IncreaseClientShm IpcManager::IncreaseClientShm: Creating clio_2496275_69 with size 136528416 (102973984 + 33554432 overhead)[0m
[97m/home/cvazquezperezdelacru/clio-core/context-runtime/src/ipc_manager.cc:2485 INFO 2496984 IncreaseClientShm IpcManager::IncreaseClientShm: Created allocator clio_2496275_69 with ID (2496275.69)[0m
[97m/home/cvazquezperezdelacru/clio-core/context-runtime/src/ipc_manager.cc:2440 INFO 2496984 IncreaseClientShm IpcManager::IncreaseClientShm: Creating clio_2496275_70 with size 136027912 (102473480 + 33554432 overhead)[0m
[97m/home/cvazquezperezdelacru/clio-core/context-runtime/src/ipc_manager.cc:2485 INFO 2496984 IncreaseClientShm IpcManager::IncreaseClientShm: Created allocator clio_2496275_70 with ID (2496275.70)[0m
[97m/home/cvazquezperezdelacru/clio-core/context-runtime/src/ipc_manager.cc:2440 INFO 2496984 IncreaseClientShm IpcManager::IncreaseClientShm: Creating clio_2496275_71 with size 149531008 (115976576 + 33554432 overhead)[0m
[97m/home/cvazquezperezdelacru/clio-core/context-runtime/src/ipc_manager.cc:2485 INFO 2496984 IncreaseClientShm IpcManager::IncreaseClientShm: Created allocator clio_2496275_71 with ID (2496275.71)[0m
[97m/home/cvazquezperezdelacru/clio-core/context-runtime/src/ipc_manager.cc:2440 INFO 2496984 IncreaseClientShm IpcManager::IncreaseClientShm: Creating clio_2496275_72 with size 149493312 (115938880 + 33554432 overhead)[0m
[97m/home/cvazquezperezdelacru/clio-core/context-runtime/src/ipc_manager.cc:2485 INFO 2496984 IncreaseClientShm IpcManager::IncreaseClientShm: Created allocator clio_2496275_72 with ID (2496275.72)[0m
[97m/home/cvazquezperezdelacru/clio-core/context-runtime/src/ipc_manager.cc:2440 INFO 2496984 IncreaseClientShm IpcManager::IncreaseClientShm: Creating clio_2496275_73 with size 140398512 (106844080 + 33554432 overhead)[0m
[97m/home/cvazquezperezdelacru/clio-core/context-runtime/src/ipc_manager.cc:2485 INFO 2496984 IncreaseClientShm IpcManager::IncreaseClientShm: Created allocator clio_2496275_73 with ID (2496275.73)[0m
[33m/home/cvazquezperezdelacru/clio-core/context-runtime/src/scheduler/default_sched.cc:430 WARNING 2496304 LoadBalance [#781 PDF] observed exec-time bins (cumulative): <10us=3449977 <50us=134371 <500us=8286 <10ms=21050 <50ms=539 <500ms=49 <1s=0 >=1s=0 | stalls_detected=16[0m
[33m/home/cvazquezperezdelacru/clio-core/context-runtime/src/scheduler/default_sched.cc:439 WARNING 2496304 LoadBalance [#785] lane rescues performed: 16[0m
[31m/home/cvazquezperezdelacru/clio-core/context-runtime/src/scheduler/default_sched.cc:726 ERROR 2496304 LoadBalance [HANGWATCH-HB] processed=59817 outstanding=58 (queued=58 blocked=0 retry=0 periodic=6) live=3 live_stalled=0[0m
[97m/home/cvazquezperezdelacru/clio-core/context-runtime/src/ipc_manager.cc:2440 INFO 2496984 IncreaseClientShm IpcManager::IncreaseClientShm: Creating clio_2496275_74 with size 138205408 (104650976 + 33554432 overhead)[0m
[97m/home/cvazquezperezdelacru/clio-core/context-runtime/src/ipc_manager.cc:2485 INFO 2496984 IncreaseClientShm IpcManager::IncreaseClientShm: Created allocator clio_2496275_74 with ID (2496275.74)[0m
[97m/home/cvazquezperezdelacru/clio-core/context-runtime/src/ipc_manager.cc:2440 INFO 2496984 IncreaseClientShm IpcManager::IncreaseClientShm: Creating clio_2496275_75 with size 136358112 (102803680 + 33554432 overhead)[0m
[97m/home/cvazquezperezdelacru/clio-core/context-runtime/src/ipc_manager.cc:2485 INFO 2496984 IncreaseClientShm IpcManager::IncreaseClientShm: Created allocator clio_2496275_75 with ID (2496275.75)[0m
[97m/home/cvazquezperezdelacru/clio-core/context-runtime/src/ipc_manager.cc:2440 INFO 2496984 IncreaseClientShm IpcManager::IncreaseClientShm: Creating clio_2496275_76 with size 138555112 (105000680 + 33554432 overhead)[0m
[97m/home/cvazquezperezdelacru/clio-core/context-runtime/src/ipc_manager.cc:2485 INFO 2496984 IncreaseClientShm IpcManager::IncreaseClientShm: Created allocator clio_2496275_76 with ID (2496275.76)[0m
[97m/home/cvazquezperezdelacru/clio-core/context-runtime/src/ipc_manager.cc:2440 INFO 2496984 IncreaseClientShm IpcManager::IncreaseClientShm: Creating clio_2496275_77 with size 158027808 (124473376 + 33554432 overhead)[0m
[97m/home/cvazquezperezdelacru/clio-core/context-runtime/src/ipc_manager.cc:2485 INFO 2496984 IncreaseClientShm IpcManager::IncreaseClientShm: Created allocator clio_2496275_77 with ID (2496275.77)[0m
[97m/home/cvazquezperezdelacru/clio-core/context-runtime/src/ipc_manager.cc:2440 INFO 2496984 IncreaseClientShm IpcManager::IncreaseClientShm: Creating clio_2496275_78 with size 140650712 (107096280 + 33554432 overhead)[0m
[97m/home/cvazquezperezdelacru/clio-core/context-runtime/src/ipc_manager.cc:2485 INFO 2496984 IncreaseClientShm IpcManager::IncreaseClientShm: Created allocator clio_2496275_78 with ID (2496275.78)[0m
[97m/home/cvazquezperezdelacru/clio-core/context-runtime/src/ipc_manager.cc:2440 INFO 2496984 IncreaseClientShm IpcManager::IncreaseClientShm: Creating clio_2496275_79 with size 146798416 (113243984 + 33554432 overhead)[0m
[97m/home/cvazquezperezdelacru/clio-core/context-runtime/src/ipc_manager.cc:2485 INFO 2496984 IncreaseClientShm IpcManager::IncreaseClientShm: Created allocator clio_2496275_79 with ID (2496275.79)[0m
[97m/home/cvazquezperezdelacru/clio-core/context-runtime/src/ipc_manager.cc:2440 INFO 2496984 IncreaseClientShm IpcManager::IncreaseClientShm: Creating clio_2496275_80 with size 139922712 (106368280 + 33554432 overhead)[0m
[97m/home/cvazquezperezdelacru/clio-core/context-runtime/src/ipc_manager.cc:2485 INFO 2496984 IncreaseClientShm IpcManager::IncreaseClientShm: Created allocator clio_2496275_80 with ID (2496275.80)[0m
[31m/home/cvazquezperezdelacru/clio-core/context-runtime/src/scheduler/default_sched.cc:726 ERROR 2496304 LoadBalance [HANGWATCH-HB] processed=61582 outstanding=60 (queued=60 blocked=0 retry=0 periodic=7) live=3 live_stalled=0[0m
[97m/home/cvazquezperezdelacru/clio-core/context-runtime/src/ipc_manager.cc:2440 INFO 2496984 IncreaseClientShm IpcManager::IncreaseClientShm: Creating clio_2496275_81 with size 138486208 (104931776 + 33554432 overhead)[0m
[97m/home/cvazquezperezdelacru/clio-core/context-runtime/src/ipc_manager.cc:2485 INFO 2496984 IncreaseClientShm IpcManager::IncreaseClientShm: Created allocator clio_2496275_81 with ID (2496275.81)[0m
[97m/home/cvazquezperezdelacru/clio-core/context-runtime/src/ipc_manager.cc:2440 INFO 2496984 IncreaseClientShm IpcManager::IncreaseClientShm: Creating clio_2496275_82 with size 137161512 (103607080 + 33554432 overhead)[0m
[97m/home/cvazquezperezdelacru/clio-core/context-runtime/src/ipc_manager.cc:2485 INFO 2496984 IncreaseClientShm IpcManager::IncreaseClientShm: Created allocator clio_2496275_82 with ID (2496275.82)[0m
[97m/home/cvazquezperezdelacru/clio-core/context-runtime/src/ipc_manager.cc:2440 INFO 2496984 IncreaseClientShm IpcManager::IncreaseClientShm: Creating clio_2496275_83 with size 138960712 (105406280 + 33554432 overhead)[0m
[97m/home/cvazquezperezdelacru/clio-core/context-runtime/src/ipc_manager.cc:2485 INFO 2496984 IncreaseClientShm IpcManager::IncreaseClientShm: Created allocator clio_2496275_83 with ID (2496275.83)[0m
[97m/home/cvazquezperezdelacru/clio-core/context-runtime/src/ipc_manager.cc:2440 INFO 2496984 IncreaseClientShm IpcManager::IncreaseClientShm: Creating clio_2496275_84 with size 150850512 (117296080 + 33554432 overhead)[0m
[97m/home/cvazquezperezdelacru/clio-core/context-runtime/src/ipc_manager.cc:2485 INFO 2496984 IncreaseClientShm IpcManager::IncreaseClientShm: Created allocator clio_2496275_84 with ID (2496275.84)[0m
[31m/home/cvazquezperezdelacru/clio-core/context-runtime/src/scheduler/default_sched.cc:726 ERROR 2496304 LoadBalance [HANGWATCH-HB] processed=63706 outstanding=58 (queued=58 blocked=0 retry=0 periodic=7) live=3 live_stalled=0[0m
[97m/home/cvazquezperezdelacru/clio-core/context-runtime/src/ipc_manager.cc:2440 INFO 2496984 IncreaseClientShm IpcManager::IncreaseClientShm: Creating clio_2496275_85 with size 136259312 (102704880 + 33554432 overhead)[0m
[97m/home/cvazquezperezdelacru/clio-core/context-runtime/src/ipc_manager.cc:2485 INFO 2496984 IncreaseClientShm IpcManager::IncreaseClientShm: Created allocator clio_2496275_85 with ID (2496275.85)[0m
[97m/home/cvazquezperezdelacru/clio-core/context-runtime/src/ipc_manager.cc:2440 INFO 2496984 IncreaseClientShm IpcManager::IncreaseClientShm: Creating clio_2496275_86 with size 141591912 (108037480 + 33554432 overhead)[0m
[97m/home/cvazquezperezdelacru/clio-core/context-runtime/src/ipc_manager.cc:2485 INFO 2496984 IncreaseClientShm IpcManager::IncreaseClientShm: Created allocator clio_2496275_86 with ID (2496275.86)[0m
[97m/home/cvazquezperezdelacru/clio-core/context-runtime/src/ipc_manager.cc:2440 INFO 2496984 IncreaseClientShm IpcManager::IncreaseClientShm: Creating clio_2496275_87 with size 153880816 (120326384 + 33554432 overhead)[0m
[97m/home/cvazquezperezdelacru/clio-core/context-runtime/src/ipc_manager.cc:2485 INFO 2496984 IncreaseClientShm IpcManager::IncreaseClientShm: Created allocator clio_2496275_87 with ID (2496275.87)[0m
[33m/home/cvazquezperezdelacru/clio-core/context-runtime/src/scheduler/default_sched.cc:430 WARNING 2496304 LoadBalance [#781 PDF] observed exec-time bins (cumulative): <10us=3520191 <50us=138018 <500us=8310 <10ms=23446 <50ms=575 <500ms=49 <1s=0 >=1s=0 | stalls_detected=16[0m
[33m/home/cvazquezperezdelacru/clio-core/context-runtime/src/scheduler/default_sched.cc:439 WARNING 2496304 LoadBalance [#785] lane rescues performed: 16[0m
[97m/home/cvazquezperezdelacru/clio-core/context-runtime/src/ipc_manager.cc:2440 INFO 2496984 IncreaseClientShm IpcManager::IncreaseClientShm: Creating clio_2496275_88 with size 143584816 (110030384 + 33554432 overhead)[0m
[97m/home/cvazquezperezdelacru/clio-core/context-runtime/src/ipc_manager.cc:2485 INFO 2496984 IncreaseClientShm IpcManager::IncreaseClientShm: Created allocator clio_2496275_88 with ID (2496275.88)[0m
[97m/home/cvazquezperezdelacru/clio-core/context-runtime/src/ipc_manager.cc:2440 INFO 2496984 IncreaseClientShm IpcManager::IncreaseClientShm: Creating clio_2496275_89 with size 145982016 (112427584 + 33554432 overhead)[0m
[97m/home/cvazquezperezdelacru/clio-core/context-runtime/src/ipc_manager.cc:2485 INFO 2496984 IncreaseClientShm IpcManager::IncreaseClientShm: Created allocator clio_2496275_89 with ID (2496275.89)[0m
[97m/home/cvazquezperezdelacru/clio-core/context-runtime/src/ipc_manager.cc:2440 INFO 2496984 IncreaseClientShm IpcManager::IncreaseClientShm: Creating clio_2496275_90 with size 152527512 (118973080 + 33554432 overhead)[0m
[97m/home/cvazquezperezdelacru/clio-core/context-runtime/src/ipc_manager.cc:2485 INFO 2496984 IncreaseClientShm IpcManager::IncreaseClientShm: Created allocator clio_2496275_90 with ID (2496275.90)[0m
[31m/home/cvazquezperezdelacru/clio-core/context-runtime/src/scheduler/default_sched.cc:726 ERROR 2496304 LoadBalance [HANGWATCH-HB] processed=65688 outstanding=60 (queued=60 blocked=0 retry=0 periodic=7) live=3 live_stalled=0[0m
[97m/home/cvazquezperezdelacru/clio-core/context-runtime/src/ipc_manager.cc:2440 INFO 2496984 IncreaseClientShm IpcManager::IncreaseClientShm: Creating clio_2496275_91 with size 137767312 (104212880 + 33554432 overhead)[0m
[97m/home/cvazquezperezdelacru/clio-core/context-runtime/src/ipc_manager.cc:2485 INFO 2496984 IncreaseClientShm IpcManager::IncreaseClientShm: Created allocator clio_2496275_91 with ID (2496275.91)[0m
[97m/home/cvazquezperezdelacru/clio-core/context-runtime/src/ipc_manager.cc:2440 INFO 2496984 IncreaseClientShm IpcManager::IncreaseClientShm: Creating clio_2496275_92 with size 145286512 (111732080 + 33554432 overhead)[0m
[97m/home/cvazquezperezdelacru/clio-core/context-runtime/src/ipc_manager.cc:2485 INFO 2496984 IncreaseClientShm IpcManager::IncreaseClientShm: Created allocator clio_2496275_92 with ID (2496275.92)[0m
[97m/home/cvazquezperezdelacru/clio-core/context-runtime/src/ipc_manager.cc:2440 INFO 2496984 IncreaseClientShm IpcManager::IncreaseClientShm: Creating clio_2496275_93 with size 151867112 (118312680 + 33554432 overhead)[0m
[97m/home/cvazquezperezdelacru/clio-core/context-runtime/src/ipc_manager.cc:2485 INFO 2496984 IncreaseClientShm IpcManager::IncreaseClientShm: Created allocator clio_2496275_93 with ID (2496275.93)[0m
[97m/home/cvazquezperezdelacru/clio-core/context-runtime/src/ipc_manager.cc:2440 INFO 2496984 IncreaseClientShm IpcManager::IncreaseClientShm: Creating clio_2496275_94 with size 141022512 (107468080 + 33554432 overhead)[0m
[97m/home/cvazquezperezdelacru/clio-core/context-runtime/src/ipc_manager.cc:2485 INFO 2496984 IncreaseClientShm IpcManager::IncreaseClientShm: Created allocator clio_2496275_94 with ID (2496275.94)[0m
[97m/home/cvazquezperezdelacru/clio-core/context-runtime/src/ipc_manager.cc:2440 INFO 2496984 IncreaseClientShm IpcManager::IncreaseClientShm: Creating clio_2496275_95 with size 137677616 (104123184 + 33554432 overhead)[0m
[97m/home/cvazquezperezdelacru/clio-core/context-runtime/src/ipc_manager.cc:2485 INFO 2496984 IncreaseClientShm IpcManager::IncreaseClientShm: Created allocator clio_2496275_95 with ID (2496275.95)[0m
[97m/home/cvazquezperezdelacru/clio-core/context-runtime/src/ipc_manager.cc:2440 INFO 2496984 IncreaseClientShm IpcManager::IncreaseClientShm: Creating clio_2496275_96 with size 140589616 (107035184 + 33554432 overhead)[0m
[97m/home/cvazquezperezdelacru/clio-core/context-runtime/src/ipc_manager.cc:2485 INFO 2496984 IncreaseClientShm IpcManager::IncreaseClientShm: Created allocator clio_2496275_96 with ID (2496275.96)[0m
[97m/home/cvazquezperezdelacru/clio-core/context-runtime/src/ipc_manager.cc:2440 INFO 2496984 IncreaseClientShm IpcManager::IncreaseClientShm: Creating clio_2496275_97 with size 145281312 (111726880 + 33554432 overhead)[0m
[97m/home/cvazquezperezdelacru/clio-core/context-runtime/src/ipc_manager.cc:2485 INFO 2496984 IncreaseClientShm IpcManager::IncreaseClientShm: Created allocator clio_2496275_97 with ID (2496275.97)[0m
[31m/home/cvazquezperezdelacru/clio-core/context-runtime/src/scheduler/default_sched.cc:726 ERROR 2496304 LoadBalance [HANGWATCH-HB] processed=67646 outstanding=61 (queued=61 blocked=0 retry=0 periodic=7) live=3 live_stalled=0[0m
[97m/home/cvazquezperezdelacru/clio-core/context-runtime/src/ipc_manager.cc:2440 INFO 2496984 IncreaseClientShm IpcManager::IncreaseClientShm: Creating clio_2496275_98 with size 148842016 (115287584 + 33554432 overhead)[0m
[97m/home/cvazquezperezdelacru/clio-core/context-runtime/src/ipc_manager.cc:2485 INFO 2496984 IncreaseClientShm IpcManager::IncreaseClientShm: Created allocator clio_2496275_98 with ID (2496275.98)[0m
[97m/home/cvazquezperezdelacru/clio-core/context-runtime/src/ipc_manager.cc:2440 INFO 2496984 IncreaseClientShm IpcManager::IncreaseClientShm: Creating clio_2496275_99 with size 157307616 (123753184 + 33554432 overhead)[0m
[97m/home/cvazquezperezdelacru/clio-core/context-runtime/src/ipc_manager.cc:2485 INFO 2496984 IncreaseClientShm IpcManager::IncreaseClientShm: Created allocator clio_2496275_99 with ID (2496275.99)[0m
[97m/home/cvazquezperezdelacru/clio-core/context-runtime/src/ipc_manager.cc:2440 INFO 2496984 IncreaseClientShm IpcManager::IncreaseClientShm: Creating clio_2496275_100 with size 136303512 (102749080 + 33554432 overhead)[0m
[97m/home/cvazquezperezdelacru/clio-core/context-runtime/src/ipc_manager.cc:2485 INFO 2496984 IncreaseClientShm IpcManager::IncreaseClientShm: Created allocator clio_2496275_100 with ID (2496275.100)[0m
[97m/home/cvazquezperezdelacru/clio-core/context-runtime/src/ipc_manager.cc:2440 INFO 2496984 IncreaseClientShm IpcManager::IncreaseClientShm: Creating clio_2496275_101 with size 135329808 (101775376 + 33554432 overhead)[0m
[97m/home/cvazquezperezdelacru/clio-core/context-runtime/src/ipc_manager.cc:2485 INFO 2496984 IncreaseClientShm IpcManager::IncreaseClientShm: Created allocator clio_2496275_101 with ID (2496275.101)[0m
[97m/home/cvazquezperezdelacru/clio-core/context-runtime/src/ipc_manager.cc:2440 INFO 2496984 IncreaseClientShm IpcManager::IncreaseClientShm: Creating clio_2496275_102 with size 143995616 (110441184 + 33554432 overhead)[0m
[97m/home/cvazquezperezdelacru/clio-core/context-runtime/src/ipc_manager.cc:2485 INFO 2496984 IncreaseClientShm IpcManager::IncreaseClientShm: Created allocator clio_2496275_102 with ID (2496275.102)[0m
[33m/home/cvazquezperezdelacru/clio-core/context-runtime/src/scheduler/default_sched.cc:430 WARNING 2496304 LoadBalance [#781 PDF] observed exec-time bins (cumulative): <10us=3588002 <50us=143734 <500us=8339 <10ms=25943 <50ms=609 <500ms=49 <1s=0 >=1s=0 | stalls_detected=16[0m
[33m/home/cvazquezperezdelacru/clio-core/context-runtime/src/scheduler/default_sched.cc:439 WARNING 2496304 LoadBalance [#785] lane rescues performed: 16[0m
[31m/home/cvazquezperezdelacru/clio-core/context-runtime/src/scheduler/default_sched.cc:726 ERROR 2496304 LoadBalance [HANGWATCH-HB] processed=69788 outstanding=47 (queued=47 blocked=0 retry=0 periodic=6) live=5 live_stalled=0[0m
[97m/home/cvazquezperezdelacru/clio-core/context-runtime/src/ipc_manager.cc:2440 INFO 2496984 IncreaseClientShm IpcManager::IncreaseClientShm: Creating clio_2496275_103 with size 136414016 (102859584 + 33554432 overhead)[0m
[97m/home/cvazquezperezdelacru/clio-core/context-runtime/src/ipc_manager.cc:2485 INFO 2496984 IncreaseClientShm IpcManager::IncreaseClientShm: Created allocator clio_2496275_103 with ID (2496275.103)[0m
[97m/home/cvazquezperezdelacru/clio-core/context-runtime/src/ipc_manager.cc:2440 INFO 2496984 IncreaseClientShm IpcManager::IncreaseClientShm: Creating clio_2496275_104 with size 137223912 (103669480 + 33554432 overhead)[0m
[97m/home/cvazquezperezdelacru/clio-core/context-runtime/src/ipc_manager.cc:2485 INFO 2496984 IncreaseClientShm IpcManager::IncreaseClientShm: Created allocator clio_2496275_104 with ID (2496275.104)[0m
[97m/home/cvazquezperezdelacru/clio-core/context-runtime/src/ipc_manager.cc:2440 INFO 2496984 IncreaseClientShm IpcManager::IncreaseClientShm: Creating clio_2496275_105 with size 136109808 (102555376 + 33554432 overhead)[0m
[97m/home/cvazquezperezdelacru/clio-core/context-runtime/src/ipc_manager.cc:2485 INFO 2496984 IncreaseClientShm IpcManager::IncreaseClientShm: Created allocator clio_2496275_105 with ID (2496275.105)[0m
[97m/home/cvazquezperezdelacru/clio-core/context-runtime/src/ipc_manager.cc:2440 INFO 2496984 IncreaseClientShm IpcManager::IncreaseClientShm: Creating clio_2496275_106 with size 140433616 (106879184 + 33554432 overhead)[0m
[97m/home/cvazquezperezdelacru/clio-core/context-runtime/src/ipc_manager.cc:2485 INFO 2496984 IncreaseClientShm IpcManager::IncreaseClientShm: Created allocator clio_2496275_106 with ID (2496275.106)[0m
[97m/home/cvazquezperezdelacru/clio-core/context-runtime/src/ipc_manager.cc:2440 INFO 2496984 IncreaseClientShm IpcManager::IncreaseClientShm: Creating clio_2496275_107 with size 153119008 (119564576 + 33554432 overhead)[0m
[97m/home/cvazquezperezdelacru/clio-core/context-runtime/src/ipc_manager.cc:2485 INFO 2496984 IncreaseClientShm IpcManager::IncreaseClientShm: Created allocator clio_2496275_107 with ID (2496275.107)[0m
[97m/home/cvazquezperezdelacru/clio-core/context-runtime/src/ipc_manager.cc:2440 INFO 2496984 IncreaseClientShm IpcManager::IncreaseClientShm: Creating clio_2496275_108 with size 143978712 (110424280 + 33554432 overhead)[0m
[97m/home/cvazquezperezdelacru/clio-core/context-runtime/src/ipc_manager.cc:2485 INFO 2496984 IncreaseClientShm IpcManager::IncreaseClientShm: Created allocator clio_2496275_108 with ID (2496275.108)[0m
[31m/home/cvazquezperezdelacru/clio-core/context-runtime/src/scheduler/default_sched.cc:726 ERROR 2496304 LoadBalance [HANGWATCH-HB] processed=71821 outstanding=61 (queued=61 blocked=0 retry=0 periodic=7) live=3 live_stalled=0[0m
[97m/home/cvazquezperezdelacru/clio-core/context-runtime/src/ipc_manager.cc:2440 INFO 2496984 IncreaseClientShm IpcManager::IncreaseClientShm: Creating clio_2496275_109 with size 173730512 (140176080 + 33554432 overhead)[0m
[97m/home/cvazquezperezdelacru/clio-core/context-runtime/src/ipc_manager.cc:2485 INFO 2496984 IncreaseClientShm IpcManager::IncreaseClientShm: Created allocator clio_2496275_109 with ID (2496275.109)[0m
[97m/home/cvazquezperezdelacru/clio-core/context-runtime/src/ipc_manager.cc:2440 INFO 2496984 IncreaseClientShm IpcManager::IncreaseClientShm: Creating clio_2496275_110 with size 139183008 (105628576 + 33554432 overhead)[0m
[97m/home/cvazquezperezdelacru/clio-core/context-runtime/src/ipc_manager.cc:2485 INFO 2496984 IncreaseClientShm IpcManager::IncreaseClientShm: Created allocator clio_2496275_110 with ID (2496275.110)[0m
[97m/home/cvazquezperezdelacru/clio-core/context-runtime/src/ipc_manager.cc:2440 INFO 2496984 IncreaseClientShm IpcManager::IncreaseClientShm: Creating clio_2496275_111 with size 143794112 (110239680 + 33554432 overhead)[0m
[97m/home/cvazquezperezdelacru/clio-core/context-runtime/src/ipc_manager.cc:2485 INFO 2496984 IncreaseClientShm IpcManager::IncreaseClientShm: Created allocator clio_2496275_111 with ID (2496275.111)[0m
[97m/home/cvazquezperezdelacru/clio-core/context-runtime/src/ipc_manager.cc:2440 INFO 2496984 IncreaseClientShm IpcManager::IncreaseClientShm: Creating clio_2496275_112 with size 145098016 (111543584 + 33554432 overhead)[0m
[97m/home/cvazquezperezdelacru/clio-core/context-runtime/src/ipc_manager.cc:2485 INFO 2496984 IncreaseClientShm IpcManager::IncreaseClientShm: Created allocator clio_2496275_112 with ID (2496275.112)[0m
[97m/home/cvazquezperezdelacru/clio-core/context-runtime/src/ipc_manager.cc:2440 INFO 2496984 IncreaseClientShm IpcManager::IncreaseClientShm: Creating clio_2496275_113 with size 147674608 (114120176 + 33554432 overhead)[0m
[97m/home/cvazquezperezdelacru/clio-core/context-runtime/src/ipc_manager.cc:2485 INFO 2496984 IncreaseClientShm IpcManager::IncreaseClientShm: Created allocator clio_2496275_113 with ID (2496275.113)[0m
[31m/home/cvazquezperezdelacru/clio-core/context-runtime/src/scheduler/default_sched.cc:726 ERROR 2496304 LoadBalance [HANGWATCH-HB] processed=73760 outstanding=59 (queued=59 blocked=0 retry=0 periodic=7) live=3 live_stalled=0[0m
[97m/home/cvazquezperezdelacru/clio-core/context-runtime/src/ipc_manager.cc:2440 INFO 2496984 IncreaseClientShm IpcManager::IncreaseClientShm: Creating clio_2496275_114 with size 160183216 (126628784 + 33554432 overhead)[0m
[97m/home/cvazquezperezdelacru/clio-core/context-runtime/src/ipc_manager.cc:2485 INFO 2496984 IncreaseClientShm IpcManager::IncreaseClientShm: Created allocator clio_2496275_114 with ID (2496275.114)[0m
[97m/home/cvazquezperezdelacru/clio-core/context-runtime/src/ipc_manager.cc:2440 INFO 2496984 IncreaseClientShm IpcManager::IncreaseClientShm: Creating clio_2496275_115 with size 177952912 (144398480 + 33554432 overhead)[0m
[33m/home/cvazquezperezdelacru/clio-core/context-runtime/src/scheduler/default_sched.cc:430 WARNING 2496304 LoadBalance [#781 PDF] observed exec-time bins (cumulative): <10us=3648566 <50us=148307 <500us=8362 <10ms=28019 <50ms=665 <500ms=49 <1s=0 >=1s=0 | stalls_detected=16[0m
[33m/home/cvazquezperezdelacru/clio-core/context-runtime/src/scheduler/default_sched.cc:439 WARNING 2496304 LoadBalance [#785] lane rescues performed: 16[0m
[97m/home/cvazquezperezdelacru/clio-core/context-runtime/src/ipc_manager.cc:2485 INFO 2496984 IncreaseClientShm IpcManager::IncreaseClientShm: Created allocator clio_2496275_115 with ID (2496275.115)[0m
