[97m/home/cvazquezperezdelacru/clio-core/context-runtime/src/config_manager.cc:144 INFO 2481437 ClientInit Config at: /mnt/common/cvazquezperezdelacru/IOWARP/faiss/contrib/iowarp/benchmarks/results/ares_cte_rendered_20260729_125520.yaml[0m
[97m/home/cvazquezperezdelacru/clio-core/context-runtime/src/ipc_manager.cc:2865 INFO 2481437 ClearUserIpcs ClearUserIpcs: Removed 46 memfd symlinks from previous runs[0m
[33m/home/cvazquezperezdelacru/clio-core/context-runtime/src/ipc_manager.cc:906 WARNING 2481437 ServerInitShm Main segment: requested 50079715328 bytes exceeds half the memory budget (50079715328 bytes); clamping to 25039857664 bytes[0m
[97m/home/cvazquezperezdelacru/clio-core/context-runtime/src/ipc_manager.cc:931 INFO 2481437 ServerInitShm Initializing main shared memory segment: 25039857664 bytes (23879 MB)[0m
[97m/home/cvazquezperezdelacru/clio-core/context-runtime/src/ipc_manager.cc:952 INFO 2481437 ServerInitShm Initializing queue shared memory segment: 646224224 bytes (631078 KB)[0m
[33m/home/cvazquezperezdelacru/clio-core/context-runtime/src/ipc_manager.cc:1005 WARNING 2481437 ServerInitShm Metadata segment: requested 50079715328 bytes exceeds half the memory budget (50079715328 bytes); clamping to 25039857664 bytes[0m
[97m/home/cvazquezperezdelacru/clio-core/context-runtime/src/ipc_manager.cc:1039 INFO 2481437 ServerInitShm Initializing metadata shared memory segment: 25039857664 bytes (23879 MB), sparse/not pre-faulted[0m
[97m/home/cvazquezperezdelacru/clio-core/context-runtime/src/ipc_manager.cc:865 INFO 2481437 ExcludeFromCoreDump metadata segment: excluded 25039857664 bytes from core dumps[0m
[97m/home/cvazquezperezdelacru/clio-core/context-runtime/src/ipc_manager.cc:1072 INFO 2481437 ServerInitShm ServerInitShm: metadata directory at offset 68072[0m
[97m/home/cvazquezperezdelacru/clio-core/context-runtime/src/ipc_manager.cc:1127 INFO 2481437 ServerInitShm ServerInitShm: 8 inbound SHM ring(s) 'clio-2481437-shm-in-0..7' (16MB each)[0m
[97m/home/cvazquezperezdelacru/clio-core/context-runtime/src/ipc_manager.cc:1269 INFO 2481437 ServerInitQueues Initializing 16 worker queues with depth 1024 (last worker serves dual role)[0m
[97m/home/cvazquezperezdelacru/clio-core/context-runtime/src/ipc_manager.cc:1933 INFO 2481437 IdentifyThisHost SUCCESS: Main server started on 0.0.0.0:9413 (advertised as 0.0.0.0, node=0)[0m
[97m/home/cvazquezperezdelacru/clio-core/context-runtime/src/ipc_manager.cc:561 INFO 2481437 ServerInit IpcManager: TCP ROUTER transport bound on 0.0.0.0:9416[0m
[97m/home/cvazquezperezdelacru/clio-core/context-runtime/src/ipc_manager.cc:579 INFO 2481437 ServerInit IpcManager: IPC lightbeam server bound on /tmp/clio_cvazquezperezdelacru/clio_9413.ipc[0m
[97m/home/cvazquezperezdelacru/clio-core/context-runtime/src/module_manager.cc:137 INFO 2481437 LoadChiMod Loaded ChiMod: clio_MOD_NAME from /mnt/common/cvazquezperezdelacru/clio-core-dev-install/lib/libclio_MOD_NAME_runtime.so[0m
[97m/home/cvazquezperezdelacru/clio-core/context-runtime/src/module_manager.cc:137 INFO 2481437 LoadChiMod Loaded ChiMod: clio_admin from /mnt/common/cvazquezperezdelacru/clio-core-dev-install/lib/libclio_admin_runtime.so[0m
[97m/home/cvazquezperezdelacru/clio-core/context-runtime/src/module_manager.cc:137 INFO 2481437 LoadChiMod Loaded ChiMod: clio_bdev from /mnt/common/cvazquezperezdelacru/clio-core-dev-install/lib/libclio_bdev_runtime.so[0m
[97m/home/cvazquezperezdelacru/clio-core/context-runtime/src/module_manager.cc:137 INFO 2481437 LoadChiMod Loaded ChiMod: clio_safe_bdev from /mnt/common/cvazquezperezdelacru/clio-core-dev-install/lib/libclio_safe_bdev_runtime.so[0m
[97m/home/cvazquezperezdelacru/clio-core/context-runtime/src/module_manager.cc:137 INFO 2481437 LoadChiMod Loaded ChiMod: clio_cte_core from /mnt/common/cvazquezperezdelacru/clio-core-dev-install/lib/libclio_cte_core_runtime.so[0m
[97m/home/cvazquezperezdelacru/clio-core/context-runtime/src/module_manager.cc:137 INFO 2481437 LoadChiMod Loaded ChiMod: clio_cte_filesystem from /mnt/common/cvazquezperezdelacru/clio-core-dev-install/lib/libclio_cte_filesystem_runtime.so[0m
[97m/home/cvazquezperezdelacru/clio-core/context-runtime/src/module_manager.cc:137 INFO 2481437 LoadChiMod Loaded ChiMod: clio_faiss_ivf from /mnt/common/cvazquezperezdelacru/IOWARP/faiss/contrib/iowarp/build-dev/chimod/libclio_faiss_ivf_runtime.so[0m
[97m/home/cvazquezperezdelacru/clio-core/context-runtime/src/work_orchestrator.cc:94 INFO 2481437 Init Creating 8 workers (7 task + 1 dedicated network)[0m
[97m/home/cvazquezperezdelacru/clio-core/context-runtime/src/ipc_manager.cc:756 INFO 2481437 SetNumSchedQueues IpcManager: Updated num_sched_queues to 1[0m
[97m/home/cvazquezperezdelacru/clio-core/context-runtime/src/scheduler/default_sched.cc:139 INFO 2481437 DivideWorkers DefaultScheduler: 1 scheduler worker (0), 4 I/O workers, net_send_worker=6, net_recv_worker=7, gpu_worker=5[0m
[97m/home/cvazquezperezdelacru/clio-core/context-runtime/src/work_orchestrator.cc:271 INFO 2481437 SpawnWorkerThreads WorkOrchestrator: num_workers=8, num_lanes=16[0m
[97m/home/cvazquezperezdelacru/clio-core/context-runtime/src/work_orchestrator.cc:294 INFO 2481437 SpawnWorkerThreads WorkOrchestrator: Mapped worker 0 (ID 0) to lane 0[0m
[97m/home/cvazquezperezdelacru/clio-core/context-runtime/src/work_orchestrator.cc:294 INFO 2481437 SpawnWorkerThreads WorkOrchestrator: Mapped worker 1 (ID 1) to lane 1[0m
[97m/home/cvazquezperezdelacru/clio-core/context-runtime/src/work_orchestrator.cc:294 INFO 2481437 SpawnWorkerThreads WorkOrchestrator: Mapped worker 2 (ID 2) to lane 2[0m
[97m/home/cvazquezperezdelacru/clio-core/context-runtime/src/work_orchestrator.cc:294 INFO 2481437 SpawnWorkerThreads WorkOrchestrator: Mapped worker 3 (ID 3) to lane 3[0m
[97m/home/cvazquezperezdelacru/clio-core/context-runtime/src/work_orchestrator.cc:294 INFO 2481437 SpawnWorkerThreads WorkOrchestrator: Mapped worker 4 (ID 4) to lane 4[0m
[97m/home/cvazquezperezdelacru/clio-core/context-runtime/src/work_orchestrator.cc:294 INFO 2481437 SpawnWorkerThreads WorkOrchestrator: Mapped worker 5 (ID 5) to lane 5[0m
[97m/home/cvazquezperezdelacru/clio-core/context-runtime/src/work_orchestrator.cc:294 INFO 2481437 SpawnWorkerThreads WorkOrchestrator: Mapped worker 6 (ID 6) to lane 6[0m
[97m/home/cvazquezperezdelacru/clio-core/context-runtime/src/work_orchestrator.cc:294 INFO 2481437 SpawnWorkerThreads WorkOrchestrator: Mapped worker 7 (ID 7) to lane 7[0m
[97m/home/cvazquezperezdelacru/clio-core/context-runtime/src/pool_manager.cc:534 INFO 2481437 CreatePool PoolManager: Creating pool 'admin' with 1 containers (one per node)[0m
[33m/home/cvazquezperezdelacru/clio-core/context-runtime/modules/admin/include/clio_runtime/admin/admin_client.h:59 WARNING 2481437 Client AdminClient: Default constructor called - pool_id_ will be PoolId(0,0)[0m
[97m/home/cvazquezperezdelacru/clio-core/context-runtime/src/pool_manager.cc:615 INFO 2481437 CreatePool Creating container for pool PoolId(major:1, minor:0) on node 0 with container_id=0[0m
[97m/home/cvazquezperezdelacru/clio-core/context-runtime/src/pool_manager.cc:644 INFO 2481437 CreatePool Container initialized with pool ID PoolId(major:1, minor:0), name admin, and container ID 0[0m
[97m/home/cvazquezperezdelacru/clio-core/context-runtime/src/pool_manager.cc:663 INFO 2481437 CreatePool CreatePool: Running Create method for pool PoolId(major:1, minor:0)[0m
[97m/home/cvazquezperezdelacru/clio-core/context-runtime/src/ipc/ipc_run2run.cc:1105 INFO 2481467 operator() [PeerRecvThread] started[0m
[97m/home/cvazquezperezdelacru/clio-core/context-runtime/src/ipc/ipc_run2run.cc:1166 INFO 2481468 operator() [ClientRecvThread] started[0m
[97m/home/cvazquezperezdelacru/clio-core/context-runtime/src/pool_manager.cc:666 INFO 2481437 CreatePool CreatePool: Create method completed for pool PoolId(major:1, minor:0)[0m
[97m/home/cvazquezperezdelacru/clio-core/context-runtime/src/pool_manager.cc:700 INFO 2481437 CreatePool PoolManager: Created complete pool PoolId(major:1, minor:0) with ChiMod clio_admin (1 containers)[0m
[97m/home/cvazquezperezdelacru/clio-core/context-runtime/src/pool_manager.cc:125 INFO 2481437 ServerInit PoolManager: Admin chimod pool created successfully with PoolId PoolId(major:1, minor:0)[0m
[97m/home/cvazquezperezdelacru/clio-core/context-runtime/src/manager.cc:264 INFO 2481437 ServerInit Processing compose configuration with 3 pools[0m
[33m/home/cvazquezperezdelacru/clio-core/context-runtime/src/../modules/admin/include/clio_runtime/admin/admin_client.h:59 WARNING 2481437 Client AdminClient: Default constructor called - pool_id_ will be PoolId(0,0)[0m
[97m/home/cvazquezperezdelacru/clio-core/context-runtime/src/manager.cc:282 INFO 2481437 ServerInit Compose: Creating pool ram::chi_default_bdev (module: clio_bdev, restart: 0)[0m
[97m/home/cvazquezperezdelacru/clio-core/context-runtime/src/pool_manager.cc:534 INFO 2481462 CreatePool PoolManager: Creating pool 'ram::chi_default_bdev' with 1 containers (one per node)[0m
[97m/home/cvazquezperezdelacru/clio-core/context-runtime/src/pool_manager.cc:615 INFO 2481462 CreatePool Creating container for pool PoolId(major:301, minor:0) on node 0 with container_id=0[0m
[97m/home/cvazquezperezdelacru/clio-core/context-runtime/src/pool_manager.cc:644 INFO 2481462 CreatePool Container initialized with pool ID PoolId(major:301, minor:0), name ram::chi_default_bdev, and container ID 0[0m
[97m/home/cvazquezperezdelacru/clio-core/context-runtime/src/pool_manager.cc:663 INFO 2481462 CreatePool CreatePool: Running Create method for pool PoolId(major:301, minor:0)[0m
[97m/home/cvazquezperezdelacru/clio-core/context-runtime/modules/bdev/src/transports/mem_bdev_transport.cc:102 INFO 2481462 InitShmBacking [#783] RAM bdev 'clio_rambdev_2481437_301_0' is shared-memory backed (38655688704 of 38654705664 bytes mapped)[0m
[97m/home/cvazquezperezdelacru/clio-core/context-runtime/src/pool_manager.cc:666 INFO 2481462 CreatePool CreatePool: Create method completed for pool PoolId(major:301, minor:0)[0m
[97m/home/cvazquezperezdelacru/clio-core/context-runtime/src/pool_manager.cc:700 INFO 2481462 CreatePool PoolManager: Created complete pool PoolId(major:301, minor:0) with ChiMod clio_bdev (1 containers)[0m
[97m/home/cvazquezperezdelacru/clio-core/context-runtime/src/manager.cc:298 INFO 2481437 ServerInit Compose: Successfully created pool ram::chi_default_bdev (module: clio_bdev)[0m
[97m/home/cvazquezperezdelacru/clio-core/context-runtime/src/manager.cc:282 INFO 2481437 ServerInit Compose: Creating pool cte_main (module: clio_cte_core, restart: 0)[0m
[97m/home/cvazquezperezdelacru/clio-core/context-runtime/src/pool_manager.cc:534 INFO 2481459 CreatePool PoolManager: Creating pool 'cte_main' with 1 containers (one per node)[0m
[97m/home/cvazquezperezdelacru/clio-core/context-runtime/src/pool_manager.cc:615 INFO 2481459 CreatePool Creating container for pool PoolId(major:512, minor:0) on node 0 with container_id=0[0m
[97m/home/cvazquezperezdelacru/clio-core/context-runtime/src/pool_manager.cc:644 INFO 2481459 CreatePool Container initialized with pool ID PoolId(major:512, minor:0), name cte_main, and container ID 0[0m
[97m/home/cvazquezperezdelacru/clio-core/context-runtime/src/pool_manager.cc:663 INFO 2481459 CreatePool CreatePool: Running Create method for pool PoolId(major:512, minor:0)[0m
[97m/home/cvazquezperezdelacru/clio-core/context-transfer-engine/core/src/core_config.cc:618 INFO 2481459 ParseStorageConfig Parsed 2 storage devices[0m
[97m/home/cvazquezperezdelacru/clio-core/context-transfer-engine/core/src/core_config.cc:636 INFO 2481459 ParseDpeConfig Parsed DPE configuration: type=max_bw[0m
[97m/home/cvazquezperezdelacru/clio-core/context-transfer-engine/core/src/core_config.cc:111 INFO 2481459 LoadFromString Configuration loaded successfully from YAML string[0m
[97m/home/cvazquezperezdelacru/clio-core/context-transfer-engine/core/src/core_runtime.cc:545 INFO 2481459 Create CTE: shared-memory metadata cache enabled (tags=65536, blobs=262144, root_off=488)[0m
[97m/home/cvazquezperezdelacru/clio-core/context-runtime/src/pool_manager.cc:534 INFO 2481461 CreatePool PoolManager: Creating pool 'ram::cte_ram_tier_node0' with 1 containers (one per node)[0m
[97m/home/cvazquezperezdelacru/clio-core/context-runtime/src/pool_manager.cc:615 INFO 2481461 CreatePool Creating container for pool PoolId(major:512, minor:1) on node 0 with container_id=0[0m
[97m/home/cvazquezperezdelacru/clio-core/context-runtime/src/pool_manager.cc:644 INFO 2481461 CreatePool Container initialized with pool ID PoolId(major:512, minor:1), name ram::cte_ram_tier_node0, and container ID 0[0m
[97m/home/cvazquezperezdelacru/clio-core/context-runtime/src/pool_manager.cc:663 INFO 2481461 CreatePool CreatePool: Running Create method for pool PoolId(major:512, minor:1)[0m
[97m/home/cvazquezperezdelacru/clio-core/context-runtime/modules/bdev/src/transports/mem_bdev_transport.cc:102 INFO 2481461 InitShmBacking [#783] RAM bdev 'clio_rambdev_2481437_512_1' is shared-memory backed (32213237760 of 32212254720 bytes mapped)[0m
[97m/home/cvazquezperezdelacru/clio-core/context-runtime/modules/bdev/src/bdev_runtime.cc:145 INFO 2481461 LoadPerfStats bdev 'ram::cte_ram_tier_node0': restored perf stats from /home/cvazquezperezdelacru/.clio/bdev_perf/ram__cte_ram_tier_node0.perf (read 476.61 MB/s, write 474.153 MB/s)[0m
[97m/home/cvazquezperezdelacru/clio-core/context-runtime/src/pool_manager.cc:666 INFO 2481461 CreatePool CreatePool: Create method completed for pool PoolId(major:512, minor:1)[0m
[97m/home/cvazquezperezdelacru/clio-core/context-runtime/src/pool_manager.cc:700 INFO 2481461 CreatePool PoolManager: Created complete pool PoolId(major:512, minor:1) with ChiMod clio_bdev (1 containers)[0m
[97m/home/cvazquezperezdelacru/clio-core/context-runtime/src/pool_manager.cc:534 INFO 2481461 CreatePool PoolManager: Creating pool '/mnt/nvme/cvazquezperezdelacru/cte_tier_node0' with 1 containers (one per node)[0m
[97m/home/cvazquezperezdelacru/clio-core/context-runtime/src/pool_manager.cc:615 INFO 2481461 CreatePool Creating container for pool PoolId(major:513, minor:1) on node 0 with container_id=0[0m
[97m/home/cvazquezperezdelacru/clio-core/context-runtime/src/pool_manager.cc:644 INFO 2481461 CreatePool Container initialized with pool ID PoolId(major:513, minor:1), name /mnt/nvme/cvazquezperezdelacru/cte_tier_node0, and container ID 0[0m
[97m/home/cvazquezperezdelacru/clio-core/context-runtime/src/pool_manager.cc:663 INFO 2481461 CreatePool CreatePool: Running Create method for pool PoolId(major:513, minor:1)[0m
[97m/home/cvazquezperezdelacru/clio-core/context-runtime/modules/bdev/src/bdev_runtime.cc:145 INFO 2481461 LoadPerfStats bdev '/mnt/nvme/cvazquezperezdelacru/cte_tier_node0': restored perf stats from /home/cvazquezperezdelacru/.clio/bdev_perf/_mnt_nvme_cvazquezperezdelacru_cte_tier_node0.perf (read 476.61 MB/s, write 1537.31 MB/s)[0m
[97m/home/cvazquezperezdelacru/clio-core/context-runtime/src/pool_manager.cc:666 INFO 2481461 CreatePool CreatePool: Create method completed for pool PoolId(major:513, minor:1)[0m
[97m/home/cvazquezperezdelacru/clio-core/context-runtime/src/pool_manager.cc:700 INFO 2481461 CreatePool PoolManager: Created complete pool PoolId(major:513, minor:1) with ChiMod clio_bdev (1 containers)[0m
[97m/home/cvazquezperezdelacru/clio-core/context-transfer-engine/core/src/core_runtime.cc:663 INFO 2481459 Create CTE Core container created and initialized for pool: cte_main (ID: PoolId(major:512, minor:0))[0m
[97m/home/cvazquezperezdelacru/clio-core/context-transfer-engine/core/src/core_runtime.cc:667 INFO 2481459 Create Configuration: neighborhood=1, poll_period_ms=5000, stat_targets_period_ms=5000[0m
[97m/home/cvazquezperezdelacru/clio-core/context-transfer-engine/core/src/core_runtime.cc:709 INFO 2481459 Create Starting periodic StatTargets task with period 5000 ms[0m
[97m/home/cvazquezperezdelacru/clio-core/context-runtime/src/pool_manager.cc:666 INFO 2481459 CreatePool CreatePool: Create method completed for pool PoolId(major:512, minor:0)[0m
[97m/home/cvazquezperezdelacru/clio-core/context-runtime/src/pool_manager.cc:700 INFO 2481459 CreatePool PoolManager: Created complete pool PoolId(major:512, minor:0) with ChiMod clio_cte_core (1 containers)[0m
[97m/home/cvazquezperezdelacru/clio-core/context-runtime/src/manager.cc:298 INFO 2481437 ServerInit Compose: Successfully created pool cte_main (module: clio_cte_core)[0m
[97m/home/cvazquezperezdelacru/clio-core/context-runtime/src/manager.cc:282 INFO 2481437 ServerInit Compose: Creating pool faiss_ivf_main (module: clio_faiss_ivf, restart: 0)[0m
[97m/home/cvazquezperezdelacru/clio-core/context-runtime/src/pool_manager.cc:534 INFO 2481461 CreatePool PoolManager: Creating pool 'faiss_ivf_main' with 1 containers (one per node)[0m
[97m/home/cvazquezperezdelacru/clio-core/context-runtime/src/pool_manager.cc:615 INFO 2481461 CreatePool Creating container for pool PoolId(major:600, minor:0) on node 0 with container_id=0[0m
[97m/home/cvazquezperezdelacru/clio-core/context-runtime/src/pool_manager.cc:644 INFO 2481461 CreatePool Container initialized with pool ID PoolId(major:600, minor:0), name faiss_ivf_main, and container ID 0[0m
[97m/home/cvazquezperezdelacru/clio-core/context-runtime/src/pool_manager.cc:663 INFO 2481461 CreatePool CreatePool: Running Create method for pool PoolId(major:600, minor:0)[0m
[97m/home/cvazquezperezdelacru/clio-core/context-runtime/src/pool_manager.cc:666 INFO 2481461 CreatePool CreatePool: Create method completed for pool PoolId(major:600, minor:0)[0m
[97m/home/cvazquezperezdelacru/clio-core/context-runtime/src/pool_manager.cc:700 INFO 2481461 CreatePool PoolManager: Created complete pool PoolId(major:600, minor:0) with ChiMod clio_faiss_ivf (1 containers)[0m
[97m/home/cvazquezperezdelacru/clio-core/context-runtime/src/manager.cc:298 INFO 2481437 ServerInit Compose: Successfully created pool faiss_ivf_main (module: clio_faiss_ivf)[0m
[97m/home/cvazquezperezdelacru/clio-core/context-runtime/src/manager.cc:304 INFO 2481437 ServerInit Compose: All 3 pools created successfully[0m
[32m/home/cvazquezperezdelacru/clio-core/context-runtime/src/ipc_manager.cc:1368 SUCCESS 2481437 StartLocalServer Successfully started local server at 127.0.0.1:9414[0m
[97m/home/cvazquezperezdelacru/clio-core/context-runtime/src/manager.cc:137 INFO 2481437 ClientInit RuntimeManager::ClientInit[0m
[97m/home/cvazquezperezdelacru/clio-core/context-runtime/src/manager.cc:181 INFO 2481437 ClientInit ClientInit: g_admin already exists, pool_id_=PoolId(major:0, minor:0)[0m
[33m/home/cvazquezperezdelacru/clio-core/context-runtime/src/scheduler/default_sched.cc:430 WARNING 2481466 LoadBalance [#781 PDF] observed exec-time bins (cumulative): <10us=59392 <50us=761 <500us=9 <10ms=6 <50ms=0 <500ms=2 <1s=0 >=1s=0 | stalls_detected=0[0m
[33m/home/cvazquezperezdelacru/clio-core/context-runtime/src/scheduler/default_sched.cc:439 WARNING 2481466 LoadBalance [#785] lane rescues performed: 0[0m
[33m/home/cvazquezperezdelacru/clio-core/context-runtime/src/scheduler/default_sched.cc:430 WARNING 2481466 LoadBalance [#781 PDF] observed exec-time bins (cumulative): <10us=124988 <50us=2216 <500us=17 <10ms=7 <50ms=0 <500ms=2 <1s=0 >=1s=0 | stalls_detected=0[0m
[33m/home/cvazquezperezdelacru/clio-core/context-runtime/src/scheduler/default_sched.cc:439 WARNING 2481466 LoadBalance [#785] lane rescues performed: 0[0m
[33m/home/cvazquezperezdelacru/clio-core/context-runtime/src/scheduler/default_sched.cc:430 WARNING 2481466 LoadBalance [#781 PDF] observed exec-time bins (cumulative): <10us=191244 <50us=2840 <500us=24 <10ms=9 <50ms=0 <500ms=2 <1s=0 >=1s=0 | stalls_detected=0[0m
[33m/home/cvazquezperezdelacru/clio-core/context-runtime/src/scheduler/default_sched.cc:439 WARNING 2481466 LoadBalance [#785] lane rescues performed: 0[0m
[97m/home/cvazquezperezdelacru/clio-core/context-runtime/src/ipc_manager.cc:2288 INFO 2481468 GetOrCreateClient [ClientPool] Creating new persistent connection to 127.0.0.1:42383[0m
[97m/home/cvazquezperezdelacru/clio-core/context-runtime/src/../../context-transport-primitives/include/clio_ctp/lightbeam/zmq_transport.h:152 INFO 2481468 GetSharedContext [ZeroMqTransport] Created shared context with 8 I/O threads[0m
[97m/home/cvazquezperezdelacru/clio-core/context-runtime/src/ipc_manager.cc:2308 INFO 2481468 GetOrCreateClient [ClientPool] Connection established to 127.0.0.1:42383[0m
[97m/home/cvazquezperezdelacru/clio-core/context-runtime/modules/admin/src/admin_runtime.cc:1191 INFO 2481458 RegisterMemory Admin::RegisterMemory: Registering CPU alloc_id (2481540.0)[0m
[97m/home/cvazquezperezdelacru/clio-core/context-runtime/src/ipc_manager.cc:2532 INFO 2481458 RegisterMemory IpcManager::RegisterMemory: Registering clio_2481540_0 from pid 2481540[0m
[97m/home/cvazquezperezdelacru/clio-core/context-runtime/src/ipc_manager.cc:2575 INFO 2481458 RegisterMemory IpcManager::RegisterMemory: Successfully registered clio_2481540_0[0m
[97m/home/cvazquezperezdelacru/clio-core/context-runtime/src/pool_manager.cc:534 INFO 2481462 CreatePool PoolManager: Creating pool 'clio_cte_core' with 1 containers (one per node)[0m
[97m/home/cvazquezperezdelacru/clio-core/context-runtime/src/pool_manager.cc:575 INFO 2481462 CreatePool PoolManager: Pool PoolId(major:512, minor:0) already exists by ID, returning existing pool[0m
[97m/home/cvazquezperezdelacru/clio-core/context-runtime/modules/admin/src/admin_runtime.cc:1191 INFO 2481458 RegisterMemory Admin::RegisterMemory: Registering CPU alloc_id (2481540.1)[0m
[97m/home/cvazquezperezdelacru/clio-core/context-runtime/src/ipc_manager.cc:2532 INFO 2481458 RegisterMemory IpcManager::RegisterMemory: Registering clio_2481540_1 from pid 2481540[0m
[97m/home/cvazquezperezdelacru/clio-core/context-runtime/src/ipc_manager.cc:2575 INFO 2481458 RegisterMemory IpcManager::RegisterMemory: Successfully registered clio_2481540_1[0m
[97m/home/cvazquezperezdelacru/clio-core/context-runtime/modules/admin/src/admin_runtime.cc:1191 INFO 2481458 RegisterMemory Admin::RegisterMemory: Registering CPU alloc_id (2481540.2)[0m
[97m/home/cvazquezperezdelacru/clio-core/context-runtime/src/ipc_manager.cc:2532 INFO 2481458 RegisterMemory IpcManager::RegisterMemory: Registering clio_2481540_2 from pid 2481540[0m
[97m/home/cvazquezperezdelacru/clio-core/context-runtime/src/ipc_manager.cc:2575 INFO 2481458 RegisterMemory IpcManager::RegisterMemory: Successfully registered clio_2481540_2[0m
[97m/home/cvazquezperezdelacru/clio-core/context-runtime/modules/admin/src/admin_runtime.cc:1191 INFO 2481458 RegisterMemory Admin::RegisterMemory: Registering CPU alloc_id (2481540.3)[0m
[97m/home/cvazquezperezdelacru/clio-core/context-runtime/src/ipc_manager.cc:2532 INFO 2481458 RegisterMemory IpcManager::RegisterMemory: Registering clio_2481540_3 from pid 2481540[0m
[97m/home/cvazquezperezdelacru/clio-core/context-runtime/src/ipc_manager.cc:2575 INFO 2481458 RegisterMemory IpcManager::RegisterMemory: Successfully registered clio_2481540_3[0m
[33m/home/cvazquezperezdelacru/clio-core/context-runtime/src/scheduler/default_sched.cc:430 WARNING 2481466 LoadBalance [#781 PDF] observed exec-time bins (cumulative): <10us=258680 <50us=5514 <500us=205 <10ms=1574 <50ms=0 <500ms=5 <1s=0 >=1s=0 | stalls_detected=0[0m
[33m/home/cvazquezperezdelacru/clio-core/context-runtime/src/scheduler/default_sched.cc:439 WARNING 2481466 LoadBalance [#785] lane rescues performed: 0[0m
[97m/home/cvazquezperezdelacru/clio-core/context-runtime/modules/admin/src/admin_runtime.cc:1191 INFO 2481459 RegisterMemory Admin::RegisterMemory: Registering CPU alloc_id (2481540.4)[0m
[97m/home/cvazquezperezdelacru/clio-core/context-runtime/src/ipc_manager.cc:2532 INFO 2481459 RegisterMemory IpcManager::RegisterMemory: Registering clio_2481540_4 from pid 2481540[0m
[97m/home/cvazquezperezdelacru/clio-core/context-runtime/src/ipc_manager.cc:2575 INFO 2481459 RegisterMemory IpcManager::RegisterMemory: Successfully registered clio_2481540_4[0m
[97m/home/cvazquezperezdelacru/clio-core/context-runtime/modules/admin/src/admin_runtime.cc:1191 INFO 2481459 RegisterMemory Admin::RegisterMemory: Registering CPU alloc_id (2481540.5)[0m
[97m/home/cvazquezperezdelacru/clio-core/context-runtime/src/ipc_manager.cc:2532 INFO 2481459 RegisterMemory IpcManager::RegisterMemory: Registering clio_2481540_5 from pid 2481540[0m
[97m/home/cvazquezperezdelacru/clio-core/context-runtime/src/ipc_manager.cc:2575 INFO 2481459 RegisterMemory IpcManager::RegisterMemory: Successfully registered clio_2481540_5[0m
[97m/home/cvazquezperezdelacru/clio-core/context-runtime/modules/admin/src/admin_runtime.cc:1191 INFO 2481460 RegisterMemory Admin::RegisterMemory: Registering CPU alloc_id (2481540.6)[0m
[97m/home/cvazquezperezdelacru/clio-core/context-runtime/src/ipc_manager.cc:2532 INFO 2481460 RegisterMemory IpcManager::RegisterMemory: Registering clio_2481540_6 from pid 2481540[0m
[97m/home/cvazquezperezdelacru/clio-core/context-runtime/src/ipc_manager.cc:2575 INFO 2481460 RegisterMemory IpcManager::RegisterMemory: Successfully registered clio_2481540_6[0m
[97m/home/cvazquezperezdelacru/clio-core/context-runtime/modules/admin/src/admin_runtime.cc:1191 INFO 2481460 RegisterMemory Admin::RegisterMemory: Registering CPU alloc_id (2481540.7)[0m
[97m/home/cvazquezperezdelacru/clio-core/context-runtime/src/ipc_manager.cc:2532 INFO 2481460 RegisterMemory IpcManager::RegisterMemory: Registering clio_2481540_7 from pid 2481540[0m
[97m/home/cvazquezperezdelacru/clio-core/context-runtime/src/ipc_manager.cc:2575 INFO 2481460 RegisterMemory IpcManager::RegisterMemory: Successfully registered clio_2481540_7[0m
[97m/home/cvazquezperezdelacru/clio-core/context-runtime/modules/admin/src/admin_runtime.cc:1191 INFO 2481460 RegisterMemory Admin::RegisterMemory: Registering CPU alloc_id (2481540.8)[0m
[97m/home/cvazquezperezdelacru/clio-core/context-runtime/src/ipc_manager.cc:2532 INFO 2481460 RegisterMemory IpcManager::RegisterMemory: Registering clio_2481540_8 from pid 2481540[0m
[97m/home/cvazquezperezdelacru/clio-core/context-runtime/src/ipc_manager.cc:2575 INFO 2481460 RegisterMemory IpcManager::RegisterMemory: Successfully registered clio_2481540_8[0m
[97m/home/cvazquezperezdelacru/clio-core/context-runtime/modules/admin/src/admin_runtime.cc:1191 INFO 2481460 RegisterMemory Admin::RegisterMemory: Registering CPU alloc_id (2481540.9)[0m
[97m/home/cvazquezperezdelacru/clio-core/context-runtime/src/ipc_manager.cc:2532 INFO 2481460 RegisterMemory IpcManager::RegisterMemory: Registering clio_2481540_9 from pid 2481540[0m
[97m/home/cvazquezperezdelacru/clio-core/context-runtime/src/ipc_manager.cc:2575 INFO 2481460 RegisterMemory IpcManager::RegisterMemory: Successfully registered clio_2481540_9[0m
[97m/home/cvazquezperezdelacru/clio-core/context-runtime/modules/admin/src/admin_runtime.cc:1191 INFO 2481460 RegisterMemory Admin::RegisterMemory: Registering CPU alloc_id (2481540.10)[0m
[97m/home/cvazquezperezdelacru/clio-core/context-runtime/src/ipc_manager.cc:2532 INFO 2481460 RegisterMemory IpcManager::RegisterMemory: Registering clio_2481540_10 from pid 2481540[0m
[97m/home/cvazquezperezdelacru/clio-core/context-runtime/src/ipc_manager.cc:2575 INFO 2481460 RegisterMemory IpcManager::RegisterMemory: Successfully registered clio_2481540_10[0m
[97m/home/cvazquezperezdelacru/clio-core/context-runtime/modules/admin/src/admin_runtime.cc:1191 INFO 2481459 RegisterMemory Admin::RegisterMemory: Registering CPU alloc_id (2481540.11)[0m
[97m/home/cvazquezperezdelacru/clio-core/context-runtime/src/ipc_manager.cc:2532 INFO 2481459 RegisterMemory IpcManager::RegisterMemory: Registering clio_2481540_11 from pid 2481540[0m
[97m/home/cvazquezperezdelacru/clio-core/context-runtime/src/ipc_manager.cc:2575 INFO 2481459 RegisterMemory IpcManager::RegisterMemory: Successfully registered clio_2481540_11[0m
[33m/home/cvazquezperezdelacru/clio-core/context-runtime/src/scheduler/default_sched.cc:430 WARNING 2481466 LoadBalance [#781 PDF] observed exec-time bins (cumulative): <10us=327437 <50us=8093 <500us=437 <10ms=3495 <50ms=0 <500ms=9 <1s=0 >=1s=0 | stalls_detected=0[0m
[33m/home/cvazquezperezdelacru/clio-core/context-runtime/src/scheduler/default_sched.cc:439 WARNING 2481466 LoadBalance [#785] lane rescues performed: 0[0m
[97m/home/cvazquezperezdelacru/clio-core/context-runtime/modules/admin/src/admin_runtime.cc:1191 INFO 2481460 RegisterMemory Admin::RegisterMemory: Registering CPU alloc_id (2481540.12)[0m
[97m/home/cvazquezperezdelacru/clio-core/context-runtime/src/ipc_manager.cc:2532 INFO 2481460 RegisterMemory IpcManager::RegisterMemory: Registering clio_2481540_12 from pid 2481540[0m
[97m/home/cvazquezperezdelacru/clio-core/context-runtime/src/ipc_manager.cc:2575 INFO 2481460 RegisterMemory IpcManager::RegisterMemory: Successfully registered clio_2481540_12[0m
[97m/home/cvazquezperezdelacru/clio-core/context-runtime/src/ipc_manager.cc:2288 INFO 2481468 GetOrCreateClient [ClientPool] Creating new persistent connection to 127.0.0.1:43623[0m
[97m/home/cvazquezperezdelacru/clio-core/context-runtime/src/ipc_manager.cc:2308 INFO 2481468 GetOrCreateClient [ClientPool] Connection established to 127.0.0.1:43623[0m
[97m/home/cvazquezperezdelacru/clio-core/context-runtime/modules/admin/src/admin_runtime.cc:1191 INFO 2481460 RegisterMemory Admin::RegisterMemory: Registering CPU alloc_id (2481593.0)[0m
[97m/home/cvazquezperezdelacru/clio-core/context-runtime/src/ipc_manager.cc:2532 INFO 2481460 RegisterMemory IpcManager::RegisterMemory: Registering clio_2481593_0 from pid 2481593[0m
[97m/home/cvazquezperezdelacru/clio-core/context-runtime/src/ipc_manager.cc:2575 INFO 2481460 RegisterMemory IpcManager::RegisterMemory: Successfully registered clio_2481593_0[0m
[97m/home/cvazquezperezdelacru/clio-core/context-runtime/src/pool_manager.cc:534 INFO 2481460 CreatePool PoolManager: Creating pool 'clio_cte_core' with 1 containers (one per node)[0m
[97m/home/cvazquezperezdelacru/clio-core/context-runtime/src/pool_manager.cc:575 INFO 2481460 CreatePool PoolManager: Pool PoolId(major:512, minor:0) already exists by ID, returning existing pool[0m
[97m/home/cvazquezperezdelacru/clio-core/context-runtime/src/pool_manager.cc:534 INFO 2481460 CreatePool PoolManager: Creating pool 'faiss_ivf_bench' with 1 containers (one per node)[0m
[97m/home/cvazquezperezdelacru/clio-core/context-runtime/src/pool_manager.cc:575 INFO 2481460 CreatePool PoolManager: Pool PoolId(major:600, minor:0) already exists by ID, returning existing pool[0m
[97m/home/cvazquezperezdelacru/clio-core/context-runtime/src/ipc_manager.cc:2440 INFO 2481458 IncreaseClientShm IpcManager::IncreaseClientShm: Creating clio_2481437_4 with size 117522432 (83968000 + 33554432 overhead)[0m
[97m/home/cvazquezperezdelacru/clio-core/context-runtime/src/ipc_manager.cc:2485 INFO 2481458 IncreaseClientShm IpcManager::IncreaseClientShm: Created allocator clio_2481437_4 with ID (2481437.4)[0m
[97m/mnt/common/cvazquezperezdelacru/IOWARP/faiss/contrib/iowarp/chimod/src/faiss_ivf_runtime.cc:229 INFO 2481458 OpenIndex faiss_ivf: opened '/mnt/common/cvazquezperezdelacru/faiss/slurm_bench/work/ondisk_nb10M.index' (d=128, nlist=4096, ntotal=10000000, tag='faiss_ivf::ondisk_nb10M')[0m
[97m/mnt/common/cvazquezperezdelacru/IOWARP/faiss/contrib/iowarp/chimod/src/faiss_ivf_runtime.cc:300 INFO 2481458 Search faiss_ivf: Search nq=62 k=10 nprobe=64 unique_lists=2388[0m
[97m/mnt/common/cvazquezperezdelacru/IOWARP/faiss/contrib/iowarp/chimod/src/faiss_ivf_runtime.cc:300 INFO 2481459 Search faiss_ivf: Search nq=63 k=10 nprobe=64 unique_lists=2483[0m
[97m/home/cvazquezperezdelacru/clio-core/context-runtime/src/ipc_manager.cc:2440 INFO 2481459 IncreaseClientShm IpcManager::IncreaseClientShm: Creating clio_2481437_5 with size 119766208 (86211776 + 33554432 overhead)[0m
[97m/home/cvazquezperezdelacru/clio-core/context-runtime/src/ipc_manager.cc:2485 INFO 2481459 IncreaseClientShm IpcManager::IncreaseClientShm: Created allocator clio_2481437_5 with ID (2481437.5)[0m
[97m/mnt/common/cvazquezperezdelacru/IOWARP/faiss/contrib/iowarp/chimod/src/faiss_ivf_runtime.cc:300 INFO 2481458 Search faiss_ivf: Search nq=63 k=10 nprobe=64 unique_lists=2413[0m
[97m/home/cvazquezperezdelacru/clio-core/context-runtime/src/ipc_manager.cc:2440 INFO 2481458 IncreaseClientShm IpcManager::IncreaseClientShm: Creating clio_2481437_6 with size 120182208 (86627776 + 33554432 overhead)[0m
[97m/home/cvazquezperezdelacru/clio-core/context-runtime/src/ipc_manager.cc:2485 INFO 2481458 IncreaseClientShm IpcManager::IncreaseClientShm: Created allocator clio_2481437_6 with ID (2481437.6)[0m
[97m/mnt/common/cvazquezperezdelacru/IOWARP/faiss/contrib/iowarp/chimod/src/faiss_ivf_runtime.cc:300 INFO 2481458 Search faiss_ivf: Search nq=62 k=10 nprobe=64 unique_lists=2453[0m
[97m/mnt/common/cvazquezperezdelacru/IOWARP/faiss/contrib/iowarp/chimod/src/faiss_ivf_runtime.cc:300 INFO 2481458 Search faiss_ivf: Search nq=63 k=10 nprobe=64 unique_lists=2541[0m
[97m/home/cvazquezperezdelacru/clio-core/context-runtime/src/ipc_manager.cc:2440 INFO 2481458 IncreaseClientShm IpcManager::IncreaseClientShm: Creating clio_2481437_7 with size 122348016 (88793584 + 33554432 overhead)[0m
[97m/home/cvazquezperezdelacru/clio-core/context-runtime/src/ipc_manager.cc:2485 INFO 2481458 IncreaseClientShm IpcManager::IncreaseClientShm: Created allocator clio_2481437_7 with ID (2481437.7)[0m
[97m/mnt/common/cvazquezperezdelacru/IOWARP/faiss/contrib/iowarp/chimod/src/faiss_ivf_runtime.cc:300 INFO 2481458 Search faiss_ivf: Search nq=62 k=10 nprobe=64 unique_lists=2577[0m
[97m/home/cvazquezperezdelacru/clio-core/context-runtime/src/ipc_manager.cc:2440 INFO 2481458 IncreaseClientShm IpcManager::IncreaseClientShm: Creating clio_2481437_8 with size 122606712 (89052280 + 33554432 overhead)[0m
[97m/home/cvazquezperezdelacru/clio-core/context-runtime/src/ipc_manager.cc:2485 INFO 2481458 IncreaseClientShm IpcManager::IncreaseClientShm: Created allocator clio_2481437_8 with ID (2481437.8)[0m
[97m/mnt/common/cvazquezperezdelacru/IOWARP/faiss/contrib/iowarp/chimod/src/faiss_ivf_runtime.cc:300 INFO 2481458 Search faiss_ivf: Search nq=63 k=10 nprobe=64 unique_lists=2503[0m
[97m/home/cvazquezperezdelacru/clio-core/context-runtime/src/ipc_manager.cc:2440 INFO 2481458 IncreaseClientShm IpcManager::IncreaseClientShm: Creating clio_2481437_9 with size 127986112 (94431680 + 33554432 overhead)[0m
[97m/home/cvazquezperezdelacru/clio-core/context-runtime/src/ipc_manager.cc:2485 INFO 2481458 IncreaseClientShm IpcManager::IncreaseClientShm: Created allocator clio_2481437_9 with ID (2481437.9)[0m
[97m/mnt/common/cvazquezperezdelacru/IOWARP/faiss/contrib/iowarp/chimod/src/faiss_ivf_runtime.cc:300 INFO 2481458 Search faiss_ivf: Search nq=62 k=10 nprobe=64 unique_lists=2553[0m
[97m/home/cvazquezperezdelacru/clio-core/context-runtime/src/ipc_manager.cc:2440 INFO 2481458 IncreaseClientShm IpcManager::IncreaseClientShm: Creating clio_2481437_10 with size 123657112 (90102680 + 33554432 overhead)[0m
[97m/home/cvazquezperezdelacru/clio-core/context-runtime/src/ipc_manager.cc:2485 INFO 2481458 IncreaseClientShm IpcManager::IncreaseClientShm: Created allocator clio_2481437_10 with ID (2481437.10)[0m
[97m/home/cvazquezperezdelacru/clio-core/context-runtime/src/ipc_manager.cc:2440 INFO 2481458 IncreaseClientShm IpcManager::IncreaseClientShm: Creating clio_2481437_11 with size 131215312 (97660880 + 33554432 overhead)[0m
[97m/home/cvazquezperezdelacru/clio-core/context-runtime/src/ipc_manager.cc:2485 INFO 2481458 IncreaseClientShm IpcManager::IncreaseClientShm: Created allocator clio_2481437_11 with ID (2481437.11)[0m
[97m/home/cvazquezperezdelacru/clio-core/context-runtime/src/ipc_manager.cc:2440 INFO 2481458 IncreaseClientShm IpcManager::IncreaseClientShm: Creating clio_2481437_12 with size 131004712 (97450280 + 33554432 overhead)[0m
[97m/home/cvazquezperezdelacru/clio-core/context-runtime/src/ipc_manager.cc:2485 INFO 2481458 IncreaseClientShm IpcManager::IncreaseClientShm: Created allocator clio_2481437_12 with ID (2481437.12)[0m
[97m/home/cvazquezperezdelacru/clio-core/context-runtime/src/ipc_manager.cc:2440 INFO 2481459 IncreaseClientShm IpcManager::IncreaseClientShm: Creating clio_2481437_13 with size 131103512 (97549080 + 33554432 overhead)[0m
[97m/home/cvazquezperezdelacru/clio-core/context-runtime/src/ipc_manager.cc:2485 INFO 2481459 IncreaseClientShm IpcManager::IncreaseClientShm: Created allocator clio_2481437_13 with ID (2481437.13)[0m
[97m/home/cvazquezperezdelacru/clio-core/context-runtime/src/ipc_manager.cc:2440 INFO 2481458 IncreaseClientShm IpcManager::IncreaseClientShm: Creating clio_2481437_14 with size 131215312 (97660880 + 33554432 overhead)[0m
[97m/home/cvazquezperezdelacru/clio-core/context-runtime/src/ipc_manager.cc:2485 INFO 2481458 IncreaseClientShm IpcManager::IncreaseClientShm: Created allocator clio_2481437_14 with ID (2481437.14)[0m
[97m/home/cvazquezperezdelacru/clio-core/context-runtime/src/ipc_manager.cc:2440 INFO 2481458 IncreaseClientShm IpcManager::IncreaseClientShm: Creating clio_2481437_15 with size 125695512 (92141080 + 33554432 overhead)[0m
[97m/home/cvazquezperezdelacru/clio-core/context-runtime/src/ipc_manager.cc:2485 INFO 2481458 IncreaseClientShm IpcManager::IncreaseClientShm: Created allocator clio_2481437_15 with ID (2481437.15)[0m
[97m/home/cvazquezperezdelacru/clio-core/context-runtime/src/ipc_manager.cc:2440 INFO 2481458 IncreaseClientShm IpcManager::IncreaseClientShm: Creating clio_2481437_16 with size 123432208 (89877776 + 33554432 overhead)[0m
[97m/home/cvazquezperezdelacru/clio-core/context-runtime/src/ipc_manager.cc:2485 INFO 2481458 IncreaseClientShm IpcManager::IncreaseClientShm: Created allocator clio_2481437_16 with ID (2481437.16)[0m
[97m/home/cvazquezperezdelacru/clio-core/context-runtime/src/ipc_manager.cc:2440 INFO 2481458 IncreaseClientShm IpcManager::IncreaseClientShm: Creating clio_2481437_17 with size 126596416 (93041984 + 33554432 overhead)[0m
[97m/home/cvazquezperezdelacru/clio-core/context-runtime/src/ipc_manager.cc:2485 INFO 2481458 IncreaseClientShm IpcManager::IncreaseClientShm: Created allocator clio_2481437_17 with ID (2481437.17)[0m
[31m/home/cvazquezperezdelacru/clio-core/context-runtime/src/scheduler/default_sched.cc:726 ERROR 2481466 LoadBalance [HANGWATCH-HB] processed=15397 outstanding=509 (queued=509 blocked=0 retry=0 periodic=7) live=2 live_stalled=0[0m
[97m/home/cvazquezperezdelacru/clio-core/context-runtime/src/ipc_manager.cc:2440 INFO 2481458 IncreaseClientShm IpcManager::IncreaseClientShm: Creating clio_2481437_18 with size 126596416 (93041984 + 33554432 overhead)[0m
[97m/home/cvazquezperezdelacru/clio-core/context-runtime/src/ipc_manager.cc:2485 INFO 2481458 IncreaseClientShm IpcManager::IncreaseClientShm: Created allocator clio_2481437_18 with ID (2481437.18)[0m
[97m/home/cvazquezperezdelacru/clio-core/context-runtime/src/ipc_manager.cc:2440 INFO 2481459 IncreaseClientShm IpcManager::IncreaseClientShm: Creating clio_2481437_19 with size 125514816 (91960384 + 33554432 overhead)[0m
[97m/home/cvazquezperezdelacru/clio-core/context-runtime/src/ipc_manager.cc:2485 INFO 2481459 IncreaseClientShm IpcManager::IncreaseClientShm: Created allocator clio_2481437_19 with ID (2481437.19)[0m
[97m/home/cvazquezperezdelacru/clio-core/context-runtime/src/ipc_manager.cc:2440 INFO 2481458 IncreaseClientShm IpcManager::IncreaseClientShm: Creating clio_2481437_20 with size 130895512 (97341080 + 33554432 overhead)[0m
[97m/home/cvazquezperezdelacru/clio-core/context-runtime/src/ipc_manager.cc:2485 INFO 2481458 IncreaseClientShm IpcManager::IncreaseClientShm: Created allocator clio_2481437_20 with ID (2481437.20)[0m
[97m/home/cvazquezperezdelacru/clio-core/context-runtime/src/ipc_manager.cc:2440 INFO 2481458 IncreaseClientShm IpcManager::IncreaseClientShm: Creating clio_2481437_21 with size 125514816 (91960384 + 33554432 overhead)[0m
[97m/home/cvazquezperezdelacru/clio-core/context-runtime/src/ipc_manager.cc:2485 INFO 2481458 IncreaseClientShm IpcManager::IncreaseClientShm: Created allocator clio_2481437_21 with ID (2481437.21)[0m
[97m/home/cvazquezperezdelacru/clio-core/context-runtime/src/ipc_manager.cc:2440 INFO 2481458 IncreaseClientShm IpcManager::IncreaseClientShm: Creating clio_2481437_22 with size 125514816 (91960384 + 33554432 overhead)[0m
[97m/home/cvazquezperezdelacru/clio-core/context-runtime/src/ipc_manager.cc:2485 INFO 2481458 IncreaseClientShm IpcManager::IncreaseClientShm: Created allocator clio_2481437_22 with ID (2481437.22)[0m
[97m/home/cvazquezperezdelacru/clio-core/context-runtime/src/ipc_manager.cc:2440 INFO 2481458 IncreaseClientShm IpcManager::IncreaseClientShm: Creating clio_2481437_23 with size 125548608 (91994176 + 33554432 overhead)[0m
[97m/home/cvazquezperezdelacru/clio-core/context-runtime/src/ipc_manager.cc:2485 INFO 2481458 IncreaseClientShm IpcManager::IncreaseClientShm: Created allocator clio_2481437_23 with ID (2481437.23)[0m
[33m/home/cvazquezperezdelacru/clio-core/context-runtime/src/scheduler/default_sched.cc:430 WARNING 2481466 LoadBalance [#781 PDF] observed exec-time bins (cumulative): <10us=396849 <50us=12025 <500us=1635 <10ms=5808 <50ms=0 <500ms=9 <1s=0 >=1s=0 | stalls_detected=0[0m
[33m/home/cvazquezperezdelacru/clio-core/context-runtime/src/scheduler/default_sched.cc:439 WARNING 2481466 LoadBalance [#785] lane rescues performed: 0[0m
[97m/home/cvazquezperezdelacru/clio-core/context-runtime/src/ipc_manager.cc:2440 INFO 2481458 IncreaseClientShm IpcManager::IncreaseClientShm: Creating clio_2481437_24 with size 125789112 (92234680 + 33554432 overhead)[0m
[97m/home/cvazquezperezdelacru/clio-core/context-runtime/src/ipc_manager.cc:2485 INFO 2481458 IncreaseClientShm IpcManager::IncreaseClientShm: Created allocator clio_2481437_24 with ID (2481437.24)[0m
[97m/home/cvazquezperezdelacru/clio-core/context-runtime/src/ipc_manager.cc:2440 INFO 2481458 IncreaseClientShm IpcManager::IncreaseClientShm: Creating clio_2481437_25 with size 125789112 (92234680 + 33554432 overhead)[0m
[97m/home/cvazquezperezdelacru/clio-core/context-runtime/src/ipc_manager.cc:2485 INFO 2481458 IncreaseClientShm IpcManager::IncreaseClientShm: Created allocator clio_2481437_25 with ID (2481437.25)[0m
[97m/home/cvazquezperezdelacru/clio-core/context-runtime/src/ipc_manager.cc:2440 INFO 2481458 IncreaseClientShm IpcManager::IncreaseClientShm: Creating clio_2481437_26 with size 124542416 (90987984 + 33554432 overhead)[0m
[97m/home/cvazquezperezdelacru/clio-core/context-runtime/src/ipc_manager.cc:2485 INFO 2481458 IncreaseClientShm IpcManager::IncreaseClientShm: Created allocator clio_2481437_26 with ID (2481437.26)[0m
[97m/home/cvazquezperezdelacru/clio-core/context-runtime/src/ipc_manager.cc:2440 INFO 2481458 IncreaseClientShm IpcManager::IncreaseClientShm: Creating clio_2481437_27 with size 125789112 (92234680 + 33554432 overhead)[0m
[97m/home/cvazquezperezdelacru/clio-core/context-runtime/src/ipc_manager.cc:2485 INFO 2481458 IncreaseClientShm IpcManager::IncreaseClientShm: Created allocator clio_2481437_27 with ID (2481437.27)[0m
[97m/home/cvazquezperezdelacru/clio-core/context-runtime/src/ipc_manager.cc:2440 INFO 2481458 IncreaseClientShm IpcManager::IncreaseClientShm: Creating clio_2481437_28 with size 126062112 (92507680 + 33554432 overhead)[0m
[97m/home/cvazquezperezdelacru/clio-core/context-runtime/src/ipc_manager.cc:2485 INFO 2481458 IncreaseClientShm IpcManager::IncreaseClientShm: Created allocator clio_2481437_28 with ID (2481437.28)[0m
[97m/home/cvazquezperezdelacru/clio-core/context-runtime/src/ipc_manager.cc:2440 INFO 2481458 IncreaseClientShm IpcManager::IncreaseClientShm: Creating clio_2481437_29 with size 126062112 (92507680 + 33554432 overhead)[0m
[97m/home/cvazquezperezdelacru/clio-core/context-runtime/src/ipc_manager.cc:2485 INFO 2481458 IncreaseClientShm IpcManager::IncreaseClientShm: Created allocator clio_2481437_29 with ID (2481437.29)[0m
[97m/home/cvazquezperezdelacru/clio-core/context-runtime/src/ipc_manager.cc:2440 INFO 2481458 IncreaseClientShm IpcManager::IncreaseClientShm: Creating clio_2481437_30 with size 126062112 (92507680 + 33554432 overhead)[0m
[97m/home/cvazquezperezdelacru/clio-core/context-runtime/src/ipc_manager.cc:2485 INFO 2481458 IncreaseClientShm IpcManager::IncreaseClientShm: Created allocator clio_2481437_30 with ID (2481437.30)[0m
[97m/home/cvazquezperezdelacru/clio-core/context-runtime/src/ipc_manager.cc:2440 INFO 2481458 IncreaseClientShm IpcManager::IncreaseClientShm: Creating clio_2481437_31 with size 122567712 (89013280 + 33554432 overhead)[0m
[97m/home/cvazquezperezdelacru/clio-core/context-runtime/src/ipc_manager.cc:2485 INFO 2481458 IncreaseClientShm IpcManager::IncreaseClientShm: Created allocator clio_2481437_31 with ID (2481437.31)[0m
[31m/home/cvazquezperezdelacru/clio-core/context-runtime/src/scheduler/default_sched.cc:726 ERROR 2481466 LoadBalance [HANGWATCH-HB] processed=22871 outstanding=512 (queued=512 blocked=0 retry=0 periodic=6) live=1 live_stalled=0[0m
[97m/home/cvazquezperezdelacru/clio-core/context-runtime/src/ipc_manager.cc:2440 INFO 2481458 IncreaseClientShm IpcManager::IncreaseClientShm: Creating clio_2481437_32 with size 123563512 (90009080 + 33554432 overhead)[0m
[97m/home/cvazquezperezdelacru/clio-core/context-runtime/src/ipc_manager.cc:2485 INFO 2481458 IncreaseClientShm IpcManager::IncreaseClientShm: Created allocator clio_2481437_32 with ID (2481437.32)[0m
[97m/home/cvazquezperezdelacru/clio-core/context-runtime/src/ipc_manager.cc:2440 INFO 2481458 IncreaseClientShm IpcManager::IncreaseClientShm: Creating clio_2481437_33 with size 123563512 (90009080 + 33554432 overhead)[0m
[97m/home/cvazquezperezdelacru/clio-core/context-runtime/src/ipc_manager.cc:2485 INFO 2481458 IncreaseClientShm IpcManager::IncreaseClientShm: Created allocator clio_2481437_33 with ID (2481437.33)[0m
[97m/home/cvazquezperezdelacru/clio-core/context-runtime/src/ipc_manager.cc:2440 INFO 2481458 IncreaseClientShm IpcManager::IncreaseClientShm: Creating clio_2481437_34 with size 126489808 (92935376 + 33554432 overhead)[0m
[97m/home/cvazquezperezdelacru/clio-core/context-runtime/src/ipc_manager.cc:2485 INFO 2481458 IncreaseClientShm IpcManager::IncreaseClientShm: Created allocator clio_2481437_34 with ID (2481437.34)[0m
[97m/home/cvazquezperezdelacru/clio-core/context-runtime/src/ipc_manager.cc:2440 INFO 2481458 IncreaseClientShm IpcManager::IncreaseClientShm: Creating clio_2481437_35 with size 127490816 (93936384 + 33554432 overhead)[0m
[97m/home/cvazquezperezdelacru/clio-core/context-runtime/src/ipc_manager.cc:2485 INFO 2481458 IncreaseClientShm IpcManager::IncreaseClientShm: Created allocator clio_2481437_35 with ID (2481437.35)[0m
[97m/home/cvazquezperezdelacru/clio-core/context-runtime/src/ipc_manager.cc:2440 INFO 2481458 IncreaseClientShm IpcManager::IncreaseClientShm: Creating clio_2481437_36 with size 127490816 (93936384 + 33554432 overhead)[0m
[97m/home/cvazquezperezdelacru/clio-core/context-runtime/src/ipc_manager.cc:2485 INFO 2481458 IncreaseClientShm IpcManager::IncreaseClientShm: Created allocator clio_2481437_36 with ID (2481437.36)[0m
[97m/home/cvazquezperezdelacru/clio-core/context-runtime/src/ipc_manager.cc:2440 INFO 2481458 IncreaseClientShm IpcManager::IncreaseClientShm: Creating clio_2481437_37 with size 126489808 (92935376 + 33554432 overhead)[0m
[97m/home/cvazquezperezdelacru/clio-core/context-runtime/src/ipc_manager.cc:2485 INFO 2481458 IncreaseClientShm IpcManager::IncreaseClientShm: Created allocator clio_2481437_37 with ID (2481437.37)[0m
[97m/home/cvazquezperezdelacru/clio-core/context-runtime/src/ipc_manager.cc:2440 INFO 2481458 IncreaseClientShm IpcManager::IncreaseClientShm: Creating clio_2481437_38 with size 127490816 (93936384 + 33554432 overhead)[0m
[97m/home/cvazquezperezdelacru/clio-core/context-runtime/src/ipc_manager.cc:2485 INFO 2481458 IncreaseClientShm IpcManager::IncreaseClientShm: Created allocator clio_2481437_38 with ID (2481437.38)[0m
[97m/home/cvazquezperezdelacru/clio-core/context-runtime/src/ipc_manager.cc:2440 INFO 2481458 IncreaseClientShm IpcManager::IncreaseClientShm: Creating clio_2481437_39 with size 127142416 (93587984 + 33554432 overhead)[0m
[97m/home/cvazquezperezdelacru/clio-core/context-runtime/src/ipc_manager.cc:2485 INFO 2481458 IncreaseClientShm IpcManager::IncreaseClientShm: Created allocator clio_2481437_39 with ID (2481437.39)[0m
[97m/home/cvazquezperezdelacru/clio-core/context-runtime/src/ipc_manager.cc:2440 INFO 2481459 IncreaseClientShm IpcManager::IncreaseClientShm: Creating clio_2481437_40 with size 126489808 (92935376 + 33554432 overhead)[0m
[97m/home/cvazquezperezdelacru/clio-core/context-runtime/src/ipc_manager.cc:2485 INFO 2481459 IncreaseClientShm IpcManager::IncreaseClientShm: Created allocator clio_2481437_40 with ID (2481437.40)[0m
[97m/home/cvazquezperezdelacru/clio-core/context-runtime/src/ipc_manager.cc:2440 INFO 2481459 IncreaseClientShm IpcManager::IncreaseClientShm: Creating clio_2481437_41 with size 125756608 (92202176 + 33554432 overhead)[0m
[97m/home/cvazquezperezdelacru/clio-core/context-runtime/src/ipc_manager.cc:2485 INFO 2481459 IncreaseClientShm IpcManager::IncreaseClientShm: Created allocator clio_2481437_41 with ID (2481437.41)[0m
[97m/home/cvazquezperezdelacru/clio-core/context-runtime/src/ipc_manager.cc:2440 INFO 2481458 IncreaseClientShm IpcManager::IncreaseClientShm: Creating clio_2481437_42 with size 127142416 (93587984 + 33554432 overhead)[0m
[97m/home/cvazquezperezdelacru/clio-core/context-runtime/src/ipc_manager.cc:2485 INFO 2481458 IncreaseClientShm IpcManager::IncreaseClientShm: Created allocator clio_2481437_42 with ID (2481437.42)[0m
[97m/home/cvazquezperezdelacru/clio-core/context-runtime/src/ipc_manager.cc:2440 INFO 2481458 IncreaseClientShm IpcManager::IncreaseClientShm: Creating clio_2481437_43 with size 129088512 (95534080 + 33554432 overhead)[0m
[97m/home/cvazquezperezdelacru/clio-core/context-runtime/src/ipc_manager.cc:2485 INFO 2481458 IncreaseClientShm IpcManager::IncreaseClientShm: Created allocator clio_2481437_43 with ID (2481437.43)[0m
[97m/home/cvazquezperezdelacru/clio-core/context-runtime/src/ipc_manager.cc:2440 INFO 2481458 IncreaseClientShm IpcManager::IncreaseClientShm: Creating clio_2481437_44 with size 127490816 (93936384 + 33554432 overhead)[0m
[97m/home/cvazquezperezdelacru/clio-core/context-runtime/src/ipc_manager.cc:2485 INFO 2481458 IncreaseClientShm IpcManager::IncreaseClientShm: Created allocator clio_2481437_44 with ID (2481437.44)[0m
[97m/home/cvazquezperezdelacru/clio-core/context-runtime/src/ipc_manager.cc:2440 INFO 2481458 IncreaseClientShm IpcManager::IncreaseClientShm: Creating clio_2481437_45 with size 129088512 (95534080 + 33554432 overhead)[0m
[97m/home/cvazquezperezdelacru/clio-core/context-runtime/src/ipc_manager.cc:2485 INFO 2481458 IncreaseClientShm IpcManager::IncreaseClientShm: Created allocator clio_2481437_45 with ID (2481437.45)[0m
[97m/home/cvazquezperezdelacru/clio-core/context-runtime/src/ipc_manager.cc:2440 INFO 2481458 IncreaseClientShm IpcManager::IncreaseClientShm: Creating clio_2481437_46 with size 129651408 (96096976 + 33554432 overhead)[0m
[97m/home/cvazquezperezdelacru/clio-core/context-runtime/src/ipc_manager.cc:2485 INFO 2481458 IncreaseClientShm IpcManager::IncreaseClientShm: Created allocator clio_2481437_46 with ID (2481437.46)[0m
[97m/home/cvazquezperezdelacru/clio-core/context-runtime/src/ipc_manager.cc:2440 INFO 2481458 IncreaseClientShm IpcManager::IncreaseClientShm: Creating clio_2481437_47 with size 130842208 (97287776 + 33554432 overhead)[0m
[97m/home/cvazquezperezdelacru/clio-core/context-runtime/src/ipc_manager.cc:2485 INFO 2481458 IncreaseClientShm IpcManager::IncreaseClientShm: Created allocator clio_2481437_47 with ID (2481437.47)[0m
[97m/home/cvazquezperezdelacru/clio-core/context-runtime/src/ipc_manager.cc:2440 INFO 2481458 IncreaseClientShm IpcManager::IncreaseClientShm: Creating clio_2481437_48 with size 129651408 (96096976 + 33554432 overhead)[0m
[97m/home/cvazquezperezdelacru/clio-core/context-runtime/src/ipc_manager.cc:2485 INFO 2481458 IncreaseClientShm IpcManager::IncreaseClientShm: Created allocator clio_2481437_48 with ID (2481437.48)[0m
[97m/home/cvazquezperezdelacru/clio-core/context-runtime/src/ipc_manager.cc:2440 INFO 2481459 IncreaseClientShm IpcManager::IncreaseClientShm: Creating clio_2481437_49 with size 129651408 (96096976 + 33554432 overhead)[0m
[97m/home/cvazquezperezdelacru/clio-core/context-runtime/src/ipc_manager.cc:2485 INFO 2481459 IncreaseClientShm IpcManager::IncreaseClientShm: Created allocator clio_2481437_49 with ID (2481437.49)[0m
[31m/home/cvazquezperezdelacru/clio-core/context-runtime/src/scheduler/default_sched.cc:726 ERROR 2481466 LoadBalance [HANGWATCH-HB] processed=28835 outstanding=513 (queued=513 blocked=0 retry=0 periodic=5) live=1 live_stalled=0[0m
[97m/home/cvazquezperezdelacru/clio-core/context-runtime/src/ipc_manager.cc:2440 INFO 2481458 IncreaseClientShm IpcManager::IncreaseClientShm: Creating clio_2481437_50 with size 127550608 (93996176 + 33554432 overhead)[0m
[97m/home/cvazquezperezdelacru/clio-core/context-runtime/src/ipc_manager.cc:2485 INFO 2481458 IncreaseClientShm IpcManager::IncreaseClientShm: Created allocator clio_2481437_50 with ID (2481437.50)[0m
[97m/home/cvazquezperezdelacru/clio-core/context-runtime/src/ipc_manager.cc:2440 INFO 2481458 IncreaseClientShm IpcManager::IncreaseClientShm: Creating clio_2481437_51 with size 124773808 (91219376 + 33554432 overhead)[0m
[97m/home/cvazquezperezdelacru/clio-core/context-runtime/src/ipc_manager.cc:2485 INFO 2481458 IncreaseClientShm IpcManager::IncreaseClientShm: Created allocator clio_2481437_51 with ID (2481437.51)[0m
[97m/home/cvazquezperezdelacru/clio-core/context-runtime/src/ipc_manager.cc:2440 INFO 2481458 IncreaseClientShm IpcManager::IncreaseClientShm: Creating clio_2481437_52 with size 128027712 (94473280 + 33554432 overhead)[0m
[97m/home/cvazquezperezdelacru/clio-core/context-runtime/src/ipc_manager.cc:2485 INFO 2481458 IncreaseClientShm IpcManager::IncreaseClientShm: Created allocator clio_2481437_52 with ID (2481437.52)[0m
[97m/home/cvazquezperezdelacru/clio-core/context-runtime/src/ipc_manager.cc:2440 INFO 2481458 IncreaseClientShm IpcManager::IncreaseClientShm: Creating clio_2481437_53 with size 127550608 (93996176 + 33554432 overhead)[0m
[97m/home/cvazquezperezdelacru/clio-core/context-runtime/src/ipc_manager.cc:2485 INFO 2481458 IncreaseClientShm IpcManager::IncreaseClientShm: Created allocator clio_2481437_53 with ID (2481437.53)[0m
[97m/home/cvazquezperezdelacru/clio-core/context-runtime/src/ipc_manager.cc:2440 INFO 2481458 IncreaseClientShm IpcManager::IncreaseClientShm: Creating clio_2481437_54 with size 127555808 (94001376 + 33554432 overhead)[0m
[97m/home/cvazquezperezdelacru/clio-core/context-runtime/src/ipc_manager.cc:2485 INFO 2481458 IncreaseClientShm IpcManager::IncreaseClientShm: Created allocator clio_2481437_54 with ID (2481437.54)[0m
[97m/home/cvazquezperezdelacru/clio-core/context-runtime/src/ipc_manager.cc:2440 INFO 2481458 IncreaseClientShm IpcManager::IncreaseClientShm: Creating clio_2481437_55 with size 127731312 (94176880 + 33554432 overhead)[0m
[97m/home/cvazquezperezdelacru/clio-core/context-runtime/src/ipc_manager.cc:2485 INFO 2481458 IncreaseClientShm IpcManager::IncreaseClientShm: Created allocator clio_2481437_55 with ID (2481437.55)[0m
[97m/home/cvazquezperezdelacru/clio-core/context-runtime/src/ipc_manager.cc:2440 INFO 2481458 IncreaseClientShm IpcManager::IncreaseClientShm: Creating clio_2481437_56 with size 129370608 (95816176 + 33554432 overhead)[0m
[97m/home/cvazquezperezdelacru/clio-core/context-runtime/src/ipc_manager.cc:2485 INFO 2481458 IncreaseClientShm IpcManager::IncreaseClientShm: Created allocator clio_2481437_56 with ID (2481437.56)[0m
[97m/home/cvazquezperezdelacru/clio-core/context-runtime/src/ipc_manager.cc:2440 INFO 2481458 IncreaseClientShm IpcManager::IncreaseClientShm: Creating clio_2481437_57 with size 129370608 (95816176 + 33554432 overhead)[0m
[97m/home/cvazquezperezdelacru/clio-core/context-runtime/src/ipc_manager.cc:2485 INFO 2481458 IncreaseClientShm IpcManager::IncreaseClientShm: Created allocator clio_2481437_57 with ID (2481437.57)[0m
[97m/home/cvazquezperezdelacru/clio-core/context-runtime/src/ipc_manager.cc:2440 INFO 2481459 IncreaseClientShm IpcManager::IncreaseClientShm: Creating clio_2481437_58 with size 129370608 (95816176 + 33554432 overhead)[0m
[97m/home/cvazquezperezdelacru/clio-core/context-runtime/src/ipc_manager.cc:2485 INFO 2481459 IncreaseClientShm IpcManager::IncreaseClientShm: Created allocator clio_2481437_58 with ID (2481437.58)[0m
[97m/home/cvazquezperezdelacru/clio-core/context-runtime/src/ipc_manager.cc:2440 INFO 2481458 IncreaseClientShm IpcManager::IncreaseClientShm: Creating clio_2481437_59 with size 132242312 (98687880 + 33554432 overhead)[0m
[97m/home/cvazquezperezdelacru/clio-core/context-runtime/src/ipc_manager.cc:2485 INFO 2481458 IncreaseClientShm IpcManager::IncreaseClientShm: Created allocator clio_2481437_59 with ID (2481437.59)[0m
[97m/home/cvazquezperezdelacru/clio-core/context-runtime/src/ipc_manager.cc:2440 INFO 2481459 IncreaseClientShm IpcManager::IncreaseClientShm: Creating clio_2481437_60 with size 132242312 (98687880 + 33554432 overhead)[0m
[97m/home/cvazquezperezdelacru/clio-core/context-runtime/src/ipc_manager.cc:2485 INFO 2481459 IncreaseClientShm IpcManager::IncreaseClientShm: Created allocator clio_2481437_60 with ID (2481437.60)[0m
[33m/home/cvazquezperezdelacru/clio-core/context-runtime/src/scheduler/default_sched.cc:430 WARNING 2481466 LoadBalance [#781 PDF] observed exec-time bins (cumulative): <10us=471530 <50us=20301 <500us=6283 <10ms=10262 <50ms=0 <500ms=9 <1s=0 >=1s=0 | stalls_detected=0[0m
[33m/home/cvazquezperezdelacru/clio-core/context-runtime/src/scheduler/default_sched.cc:439 WARNING 2481466 LoadBalance [#785] lane rescues performed: 0[0m
[31m/home/cvazquezperezdelacru/clio-core/context-runtime/src/scheduler/default_sched.cc:726 ERROR 2481466 LoadBalance [HANGWATCH-HB] processed=36563 outstanding=505 (queued=505 blocked=0 retry=0 periodic=6) live=2 live_stalled=0[0m
[97m/home/cvazquezperezdelacru/clio-core/context-runtime/src/ipc_manager.cc:2440 INFO 2481459 IncreaseClientShm IpcManager::IncreaseClientShm: Creating clio_2481437_61 with size 126267512 (92713080 + 33554432 overhead)[0m
[97m/home/cvazquezperezdelacru/clio-core/context-runtime/src/ipc_manager.cc:2485 INFO 2481459 IncreaseClientShm IpcManager::IncreaseClientShm: Created allocator clio_2481437_61 with ID (2481437.61)[0m
[97m/home/cvazquezperezdelacru/clio-core/context-runtime/src/ipc_manager.cc:2440 INFO 2481459 IncreaseClientShm IpcManager::IncreaseClientShm: Creating clio_2481437_62 with size 126227216 (92672784 + 33554432 overhead)[0m
[97m/home/cvazquezperezdelacru/clio-core/context-runtime/src/ipc_manager.cc:2485 INFO 2481459 IncreaseClientShm IpcManager::IncreaseClientShm: Created allocator clio_2481437_62 with ID (2481437.62)[0m
[97m/home/cvazquezperezdelacru/clio-core/context-runtime/src/ipc_manager.cc:2440 INFO 2481459 IncreaseClientShm IpcManager::IncreaseClientShm: Creating clio_2481437_63 with size 128298112 (94743680 + 33554432 overhead)[0m
[97m/home/cvazquezperezdelacru/clio-core/context-runtime/src/ipc_manager.cc:2485 INFO 2481459 IncreaseClientShm IpcManager::IncreaseClientShm: Created allocator clio_2481437_63 with ID (2481437.63)[0m
[97m/home/cvazquezperezdelacru/clio-core/context-runtime/src/ipc_manager.cc:2440 INFO 2481458 IncreaseClientShm IpcManager::IncreaseClientShm: Creating clio_2481437_64 with size 128298112 (94743680 + 33554432 overhead)[0m
[97m/home/cvazquezperezdelacru/clio-core/context-runtime/src/ipc_manager.cc:2485 INFO 2481458 IncreaseClientShm IpcManager::IncreaseClientShm: Created allocator clio_2481437_64 with ID (2481437.64)[0m
[97m/home/cvazquezperezdelacru/clio-core/context-runtime/src/ipc_manager.cc:2440 INFO 2481458 IncreaseClientShm IpcManager::IncreaseClientShm: Creating clio_2481437_65 with size 126896712 (93342280 + 33554432 overhead)[0m
[97m/home/cvazquezperezdelacru/clio-core/context-runtime/src/ipc_manager.cc:2485 INFO 2481458 IncreaseClientShm IpcManager::IncreaseClientShm: Created allocator clio_2481437_65 with ID (2481437.65)[0m
[97m/home/cvazquezperezdelacru/clio-core/context-runtime/src/ipc_manager.cc:2440 INFO 2481458 IncreaseClientShm IpcManager::IncreaseClientShm: Creating clio_2481437_66 with size 128298112 (94743680 + 33554432 overhead)[0m
[97m/home/cvazquezperezdelacru/clio-core/context-runtime/src/ipc_manager.cc:2485 INFO 2481458 IncreaseClientShm IpcManager::IncreaseClientShm: Created allocator clio_2481437_66 with ID (2481437.66)[0m
[97m/home/cvazquezperezdelacru/clio-core/context-runtime/src/ipc_manager.cc:2440 INFO 2481459 IncreaseClientShm IpcManager::IncreaseClientShm: Creating clio_2481437_67 with size 126495008 (92940576 + 33554432 overhead)[0m
[97m/home/cvazquezperezdelacru/clio-core/context-runtime/src/ipc_manager.cc:2485 INFO 2481459 IncreaseClientShm IpcManager::IncreaseClientShm: Created allocator clio_2481437_67 with ID (2481437.67)[0m
[97m/home/cvazquezperezdelacru/clio-core/context-runtime/src/ipc_manager.cc:2440 INFO 2481458 IncreaseClientShm IpcManager::IncreaseClientShm: Creating clio_2481437_68 with size 127593512 (94039080 + 33554432 overhead)[0m
[97m/home/cvazquezperezdelacru/clio-core/context-runtime/src/ipc_manager.cc:2485 INFO 2481458 IncreaseClientShm IpcManager::IncreaseClientShm: Created allocator clio_2481437_68 with ID (2481437.68)[0m
[97m/home/cvazquezperezdelacru/clio-core/context-runtime/src/ipc_manager.cc:2440 INFO 2481458 IncreaseClientShm IpcManager::IncreaseClientShm: Creating clio_2481437_69 with size 128298112 (94743680 + 33554432 overhead)[0m
[97m/home/cvazquezperezdelacru/clio-core/context-runtime/src/ipc_manager.cc:2485 INFO 2481458 IncreaseClientShm IpcManager::IncreaseClientShm: Created allocator clio_2481437_69 with ID (2481437.69)[0m
[97m/home/cvazquezperezdelacru/clio-core/context-runtime/src/ipc_manager.cc:2440 INFO 2481458 IncreaseClientShm IpcManager::IncreaseClientShm: Creating clio_2481437_70 with size 127186608 (93632176 + 33554432 overhead)[0m
[97m/home/cvazquezperezdelacru/clio-core/context-runtime/src/ipc_manager.cc:2485 INFO 2481458 IncreaseClientShm IpcManager::IncreaseClientShm: Created allocator clio_2481437_70 with ID (2481437.70)[0m
[97m/home/cvazquezperezdelacru/clio-core/context-runtime/src/ipc_manager.cc:2440 INFO 2481458 IncreaseClientShm IpcManager::IncreaseClientShm: Creating clio_2481437_71 with size 129096312 (95541880 + 33554432 overhead)[0m
[97m/home/cvazquezperezdelacru/clio-core/context-runtime/src/ipc_manager.cc:2485 INFO 2481458 IncreaseClientShm IpcManager::IncreaseClientShm: Created allocator clio_2481437_71 with ID (2481437.71)[0m
[97m/home/cvazquezperezdelacru/clio-core/context-runtime/src/ipc_manager.cc:2440 INFO 2481458 IncreaseClientShm IpcManager::IncreaseClientShm: Creating clio_2481437_72 with size 132545216 (98990784 + 33554432 overhead)[0m
[97m/home/cvazquezperezdelacru/clio-core/context-runtime/src/ipc_manager.cc:2485 INFO 2481458 IncreaseClientShm IpcManager::IncreaseClientShm: Created allocator clio_2481437_72 with ID (2481437.72)[0m
[97m/home/cvazquezperezdelacru/clio-core/context-runtime/src/ipc_manager.cc:2440 INFO 2481458 IncreaseClientShm IpcManager::IncreaseClientShm: Creating clio_2481437_73 with size 129096312 (95541880 + 33554432 overhead)[0m
[97m/home/cvazquezperezdelacru/clio-core/context-runtime/src/ipc_manager.cc:2485 INFO 2481458 IncreaseClientShm IpcManager::IncreaseClientShm: Created allocator clio_2481437_73 with ID (2481437.73)[0m
[97m/home/cvazquezperezdelacru/clio-core/context-runtime/src/ipc_manager.cc:2440 INFO 2481458 IncreaseClientShm IpcManager::IncreaseClientShm: Creating clio_2481437_74 with size 132545216 (98990784 + 33554432 overhead)[0m
[97m/home/cvazquezperezdelacru/clio-core/context-runtime/src/ipc_manager.cc:2485 INFO 2481458 IncreaseClientShm IpcManager::IncreaseClientShm: Created allocator clio_2481437_74 with ID (2481437.74)[0m
[97m/home/cvazquezperezdelacru/clio-core/context-runtime/src/ipc_manager.cc:2440 INFO 2481458 IncreaseClientShm IpcManager::IncreaseClientShm: Creating clio_2481437_75 with size 132545216 (98990784 + 33554432 overhead)[0m
[97m/home/cvazquezperezdelacru/clio-core/context-runtime/src/ipc_manager.cc:2485 INFO 2481458 IncreaseClientShm IpcManager::IncreaseClientShm: Created allocator clio_2481437_75 with ID (2481437.75)[0m
[31m/home/cvazquezperezdelacru/clio-core/context-runtime/src/scheduler/default_sched.cc:726 ERROR 2481466 LoadBalance [HANGWATCH-HB] processed=43763 outstanding=507 (queued=507 blocked=0 retry=0 periodic=7) live=2 live_stalled=0[0m
[97m/home/cvazquezperezdelacru/clio-core/context-runtime/src/ipc_manager.cc:2440 INFO 2481459 IncreaseClientShm IpcManager::IncreaseClientShm: Creating clio_2481437_76 with size 125089712 (91535280 + 33554432 overhead)[0m
[97m/home/cvazquezperezdelacru/clio-core/context-runtime/src/ipc_manager.cc:2485 INFO 2481459 IncreaseClientShm IpcManager::IncreaseClientShm: Created allocator clio_2481437_76 with ID (2481437.76)[0m
[97m/home/cvazquezperezdelacru/clio-core/context-runtime/src/ipc_manager.cc:2440 INFO 2481458 IncreaseClientShm IpcManager::IncreaseClientShm: Creating clio_2481437_77 with size 125208016 (91653584 + 33554432 overhead)[0m
[97m/home/cvazquezperezdelacru/clio-core/context-runtime/src/ipc_manager.cc:2485 INFO 2481458 IncreaseClientShm IpcManager::IncreaseClientShm: Created allocator clio_2481437_77 with ID (2481437.77)[0m
[97m/home/cvazquezperezdelacru/clio-core/context-runtime/src/ipc_manager.cc:2440 INFO 2481458 IncreaseClientShm IpcManager::IncreaseClientShm: Creating clio_2481437_78 with size 129096312 (95541880 + 33554432 overhead)[0m
[97m/home/cvazquezperezdelacru/clio-core/context-runtime/src/ipc_manager.cc:2485 INFO 2481458 IncreaseClientShm IpcManager::IncreaseClientShm: Created allocator clio_2481437_78 with ID (2481437.78)[0m
[97m/home/cvazquezperezdelacru/clio-core/context-runtime/src/ipc_manager.cc:2440 INFO 2481458 IncreaseClientShm IpcManager::IncreaseClientShm: Creating clio_2481437_79 with size 125401712 (91847280 + 33554432 overhead)[0m
[97m/home/cvazquezperezdelacru/clio-core/context-runtime/src/ipc_manager.cc:2485 INFO 2481458 IncreaseClientShm IpcManager::IncreaseClientShm: Created allocator clio_2481437_79 with ID (2481437.79)[0m
[97m/home/cvazquezperezdelacru/clio-core/context-runtime/src/ipc_manager.cc:2440 INFO 2481458 IncreaseClientShm IpcManager::IncreaseClientShm: Creating clio_2481437_80 with size 132545216 (98990784 + 33554432 overhead)[0m
[97m/home/cvazquezperezdelacru/clio-core/context-runtime/src/ipc_manager.cc:2485 INFO 2481458 IncreaseClientShm IpcManager::IncreaseClientShm: Created allocator clio_2481437_80 with ID (2481437.80)[0m
[97m/home/cvazquezperezdelacru/clio-core/context-runtime/src/ipc_manager.cc:2440 INFO 2481458 IncreaseClientShm IpcManager::IncreaseClientShm: Creating clio_2481437_81 with size 126784912 (93230480 + 33554432 overhead)[0m
[97m/home/cvazquezperezdelacru/clio-core/context-runtime/src/ipc_manager.cc:2485 INFO 2481458 IncreaseClientShm IpcManager::IncreaseClientShm: Created allocator clio_2481437_81 with ID (2481437.81)[0m
[97m/home/cvazquezperezdelacru/clio-core/context-runtime/src/ipc_manager.cc:2440 INFO 2481458 IncreaseClientShm IpcManager::IncreaseClientShm: Creating clio_2481437_82 with size 126385808 (92831376 + 33554432 overhead)[0m
[97m/home/cvazquezperezdelacru/clio-core/context-runtime/src/ipc_manager.cc:2485 INFO 2481458 IncreaseClientShm IpcManager::IncreaseClientShm: Created allocator clio_2481437_82 with ID (2481437.82)[0m
[97m/home/cvazquezperezdelacru/clio-core/context-runtime/src/ipc_manager.cc:2440 INFO 2481458 IncreaseClientShm IpcManager::IncreaseClientShm: Creating clio_2481437_83 with size 126621112 (93066680 + 33554432 overhead)[0m
[97m/home/cvazquezperezdelacru/clio-core/context-runtime/src/ipc_manager.cc:2485 INFO 2481458 IncreaseClientShm IpcManager::IncreaseClientShm: Created allocator clio_2481437_83 with ID (2481437.83)[0m
[97m/home/cvazquezperezdelacru/clio-core/context-runtime/src/ipc_manager.cc:2440 INFO 2481459 IncreaseClientShm IpcManager::IncreaseClientShm: Creating clio_2481437_84 with size 125032512 (91478080 + 33554432 overhead)[0m
[97m/home/cvazquezperezdelacru/clio-core/context-runtime/src/ipc_manager.cc:2485 INFO 2481459 IncreaseClientShm IpcManager::IncreaseClientShm: Created allocator clio_2481437_84 with ID (2481437.84)[0m
[97m/home/cvazquezperezdelacru/clio-core/context-runtime/src/ipc_manager.cc:2440 INFO 2481458 IncreaseClientShm IpcManager::IncreaseClientShm: Creating clio_2481437_85 with size 127291912 (93737480 + 33554432 overhead)[0m
[97m/home/cvazquezperezdelacru/clio-core/context-runtime/src/ipc_manager.cc:2485 INFO 2481458 IncreaseClientShm IpcManager::IncreaseClientShm: Created allocator clio_2481437_85 with ID (2481437.85)[0m
[97m/home/cvazquezperezdelacru/clio-core/context-runtime/src/ipc_manager.cc:2440 INFO 2481458 IncreaseClientShm IpcManager::IncreaseClientShm: Creating clio_2481437_86 with size 127291912 (93737480 + 33554432 overhead)[0m
[97m/home/cvazquezperezdelacru/clio-core/context-runtime/src/ipc_manager.cc:2485 INFO 2481458 IncreaseClientShm IpcManager::IncreaseClientShm: Created allocator clio_2481437_86 with ID (2481437.86)[0m
[97m/home/cvazquezperezdelacru/clio-core/context-runtime/src/ipc_manager.cc:2440 INFO 2481458 IncreaseClientShm IpcManager::IncreaseClientShm: Creating clio_2481437_87 with size 126621112 (93066680 + 33554432 overhead)[0m
[97m/home/cvazquezperezdelacru/clio-core/context-runtime/src/ipc_manager.cc:2485 INFO 2481458 IncreaseClientShm IpcManager::IncreaseClientShm: Created allocator clio_2481437_87 with ID (2481437.87)[0m
[97m/home/cvazquezperezdelacru/clio-core/context-runtime/src/ipc_manager.cc:2440 INFO 2481458 IncreaseClientShm IpcManager::IncreaseClientShm: Creating clio_2481437_88 with size 125032512 (91478080 + 33554432 overhead)[0m
[97m/home/cvazquezperezdelacru/clio-core/context-runtime/src/ipc_manager.cc:2485 INFO 2481458 IncreaseClientShm IpcManager::IncreaseClientShm: Created allocator clio_2481437_88 with ID (2481437.88)[0m
[97m/mnt/common/cvazquezperezdelacru/IOWARP/faiss/contrib/iowarp/chimod/src/faiss_ivf_runtime.cc:300 INFO 2481462 Search faiss_ivf: Search nq=62 k=10 nprobe=64 unique_lists=2388[0m
[97m/mnt/common/cvazquezperezdelacru/IOWARP/faiss/contrib/iowarp/chimod/src/faiss_ivf_runtime.cc:300 INFO 2481461 Search faiss_ivf: Search nq=63 k=10 nprobe=64 unique_lists=2541[0m
[97m/mnt/common/cvazquezperezdelacru/IOWARP/faiss/contrib/iowarp/chimod/src/faiss_ivf_runtime.cc:300 INFO 2481460 Search faiss_ivf: Search nq=62 k=10 nprobe=64 unique_lists=2453[0m
[97m/mnt/common/cvazquezperezdelacru/IOWARP/faiss/contrib/iowarp/chimod/src/faiss_ivf_runtime.cc:300 INFO 2481459 Search faiss_ivf: Search nq=63 k=10 nprobe=64 unique_lists=2413[0m
[97m/home/cvazquezperezdelacru/clio-core/context-runtime/src/ipc_manager.cc:2440 INFO 2481462 IncreaseClientShm IpcManager::IncreaseClientShm: Creating clio_2481437_89 with size 129013112 (95458680 + 33554432 overhead)[0m
[97m/home/cvazquezperezdelacru/clio-core/context-runtime/src/ipc_manager.cc:2485 INFO 2481462 IncreaseClientShm IpcManager::IncreaseClientShm: Created allocator clio_2481437_89 with ID (2481437.89)[0m
[97m/mnt/common/cvazquezperezdelacru/IOWARP/faiss/contrib/iowarp/chimod/src/faiss_ivf_runtime.cc:300 INFO 2481462 Search faiss_ivf: Search nq=62 k=10 nprobe=64 unique_lists=2577[0m
[97m/home/cvazquezperezdelacru/clio-core/context-runtime/src/ipc_manager.cc:2440 INFO 2481462 IncreaseClientShm IpcManager::IncreaseClientShm: Creating clio_2481437_90 with size 131004712 (97450280 + 33554432 overhead)[0m
[97m/home/cvazquezperezdelacru/clio-core/context-runtime/src/ipc_manager.cc:2485 INFO 2481462 IncreaseClientShm IpcManager::IncreaseClientShm: Created allocator clio_2481437_90 with ID (2481437.90)[0m
[97m/mnt/common/cvazquezperezdelacru/IOWARP/faiss/contrib/iowarp/chimod/src/faiss_ivf_runtime.cc:300 INFO 2481459 Search faiss_ivf: Search nq=63 k=10 nprobe=64 unique_lists=2503[0m
[97m/mnt/common/cvazquezperezdelacru/IOWARP/faiss/contrib/iowarp/chimod/src/faiss_ivf_runtime.cc:300 INFO 2481461 Search faiss_ivf: Search nq=63 k=10 nprobe=64 unique_lists=2483[0m
[97m/mnt/common/cvazquezperezdelacru/IOWARP/faiss/contrib/iowarp/chimod/src/faiss_ivf_runtime.cc:300 INFO 2481460 Search faiss_ivf: Search nq=62 k=10 nprobe=64 unique_lists=2553[0m
[97m/home/cvazquezperezdelacru/clio-core/context-runtime/src/ipc_manager.cc:2440 INFO 2481461 IncreaseClientShm IpcManager::IncreaseClientShm: Creating clio_2481437_91 with size 127986112 (94431680 + 33554432 overhead)[0m
[97m/home/cvazquezperezdelacru/clio-core/context-runtime/src/ipc_manager.cc:2485 INFO 2481461 IncreaseClientShm IpcManager::IncreaseClientShm: Created allocator clio_2481437_91 with ID (2481437.91)[0m
[97m/home/cvazquezperezdelacru/clio-core/context-runtime/src/ipc_manager.cc:2440 INFO 2481459 IncreaseClientShm IpcManager::IncreaseClientShm: Creating clio_2481437_92 with size 131004712 (97450280 + 33554432 overhead)[0m
[97m/home/cvazquezperezdelacru/clio-core/context-runtime/src/ipc_manager.cc:2485 INFO 2481459 IncreaseClientShm IpcManager::IncreaseClientShm: Created allocator clio_2481437_92 with ID (2481437.92)[0m
[97m/home/cvazquezperezdelacru/clio-core/context-runtime/src/ipc_manager.cc:2440 INFO 2481462 IncreaseClientShm IpcManager::IncreaseClientShm: Creating clio_2481437_93 with size 131215312 (97660880 + 33554432 overhead)[0m
[97m/home/cvazquezperezdelacru/clio-core/context-runtime/src/ipc_manager.cc:2485 INFO 2481462 IncreaseClientShm IpcManager::IncreaseClientShm: Created allocator clio_2481437_93 with ID (2481437.93)[0m
[97m/home/cvazquezperezdelacru/clio-core/context-runtime/src/ipc_manager.cc:2440 INFO 2481459 IncreaseClientShm IpcManager::IncreaseClientShm: Creating clio_2481437_94 with size 131215312 (97660880 + 33554432 overhead)[0m
[97m/home/cvazquezperezdelacru/clio-core/context-runtime/src/ipc_manager.cc:2485 INFO 2481459 IncreaseClientShm IpcManager::IncreaseClientShm: Created allocator clio_2481437_94 with ID (2481437.94)[0m
[97m/home/cvazquezperezdelacru/clio-core/context-runtime/src/ipc_manager.cc:2440 INFO 2481460 IncreaseClientShm IpcManager::IncreaseClientShm: Creating clio_2481437_95 with size 131103512 (97549080 + 33554432 overhead)[0m
[97m/home/cvazquezperezdelacru/clio-core/context-runtime/src/ipc_manager.cc:2485 INFO 2481460 IncreaseClientShm IpcManager::IncreaseClientShm: Created allocator clio_2481437_95 with ID (2481437.95)[0m
[31m/home/cvazquezperezdelacru/clio-core/context-runtime/src/scheduler/default_sched.cc:726 ERROR 2481466 LoadBalance [HANGWATCH-HB] processed=54529 outstanding=501 (queued=501 blocked=0 retry=0 periodic=7) live=2 live_stalled=0[0m
[97m/home/cvazquezperezdelacru/clio-core/context-runtime/src/ipc_manager.cc:2440 INFO 2481460 IncreaseClientShm IpcManager::IncreaseClientShm: Creating clio_2481437_96 with size 129862016 (96307584 + 33554432 overhead)[0m
[97m/home/cvazquezperezdelacru/clio-core/context-runtime/src/ipc_manager.cc:2485 INFO 2481460 IncreaseClientShm IpcManager::IncreaseClientShm: Created allocator clio_2481437_96 with ID (2481437.96)[0m
[97m/home/cvazquezperezdelacru/clio-core/context-runtime/src/ipc_manager.cc:2440 INFO 2481462 IncreaseClientShm IpcManager::IncreaseClientShm: Creating clio_2481437_97 with size 126596416 (93041984 + 33554432 overhead)[0m
[97m/home/cvazquezperezdelacru/clio-core/context-runtime/src/ipc_manager.cc:2485 INFO 2481462 IncreaseClientShm IpcManager::IncreaseClientShm: Created allocator clio_2481437_97 with ID (2481437.97)[0m
[97m/home/cvazquezperezdelacru/clio-core/context-runtime/src/ipc_manager.cc:2440 INFO 2481460 IncreaseClientShm IpcManager::IncreaseClientShm: Creating clio_2481437_98 with size 128261712 (94707280 + 33554432 overhead)[0m
[97m/home/cvazquezperezdelacru/clio-core/context-runtime/src/ipc_manager.cc:2485 INFO 2481460 IncreaseClientShm IpcManager::IncreaseClientShm: Created allocator clio_2481437_98 with ID (2481437.98)[0m
[97m/home/cvazquezperezdelacru/clio-core/context-runtime/src/ipc_manager.cc:2440 INFO 2481459 IncreaseClientShm IpcManager::IncreaseClientShm: Creating clio_2481437_99 with size 128261712 (94707280 + 33554432 overhead)[0m
[97m/home/cvazquezperezdelacru/clio-core/context-runtime/src/ipc_manager.cc:2485 INFO 2481459 IncreaseClientShm IpcManager::IncreaseClientShm: Created allocator clio_2481437_99 with ID (2481437.99)[0m
[97m/home/cvazquezperezdelacru/clio-core/context-runtime/src/ipc_manager.cc:2440 INFO 2481460 IncreaseClientShm IpcManager::IncreaseClientShm: Creating clio_2481437_100 with size 130895512 (97341080 + 33554432 overhead)[0m
[97m/home/cvazquezperezdelacru/clio-core/context-runtime/src/ipc_manager.cc:2485 INFO 2481460 IncreaseClientShm IpcManager::IncreaseClientShm: Created allocator clio_2481437_100 with ID (2481437.100)[0m
[33m/home/cvazquezperezdelacru/clio-core/context-runtime/src/scheduler/default_sched.cc:430 WARNING 2481466 LoadBalance [#781 PDF] observed exec-time bins (cumulative): <10us=551993 <50us=28194 <500us=11637 <10ms=15456 <50ms=0 <500ms=9 <1s=8 >=1s=0 | stalls_detected=0[0m
[33m/home/cvazquezperezdelacru/clio-core/context-runtime/src/scheduler/default_sched.cc:439 WARNING 2481466 LoadBalance [#785] lane rescues performed: 0[0m
[97m/home/cvazquezperezdelacru/clio-core/context-runtime/src/ipc_manager.cc:2440 INFO 2481462 IncreaseClientShm IpcManager::IncreaseClientShm: Creating clio_2481437_101 with size 124465712 (90911280 + 33554432 overhead)[0m
[97m/home/cvazquezperezdelacru/clio-core/context-runtime/src/ipc_manager.cc:2485 INFO 2481462 IncreaseClientShm IpcManager::IncreaseClientShm: Created allocator clio_2481437_101 with ID (2481437.101)[0m
[97m/home/cvazquezperezdelacru/clio-core/context-runtime/src/ipc_manager.cc:2440 INFO 2481459 IncreaseClientShm IpcManager::IncreaseClientShm: Creating clio_2481437_102 with size 124550208 (90995776 + 33554432 overhead)[0m
[97m/home/cvazquezperezdelacru/clio-core/context-runtime/src/ipc_manager.cc:2485 INFO 2481459 IncreaseClientShm IpcManager::IncreaseClientShm: Created allocator clio_2481437_102 with ID (2481437.102)[0m
[97m/home/cvazquezperezdelacru/clio-core/context-runtime/src/ipc_manager.cc:2440 INFO 2481459 IncreaseClientShm IpcManager::IncreaseClientShm: Creating clio_2481437_103 with size 126062112 (92507680 + 33554432 overhead)[0m
[97m/home/cvazquezperezdelacru/clio-core/context-runtime/src/ipc_manager.cc:2485 INFO 2481459 IncreaseClientShm IpcManager::IncreaseClientShm: Created allocator clio_2481437_103 with ID (2481437.103)[0m
[97m/home/cvazquezperezdelacru/clio-core/context-runtime/src/ipc_manager.cc:2440 INFO 2481459 IncreaseClientShm IpcManager::IncreaseClientShm: Creating clio_2481437_104 with size 124529408 (90974976 + 33554432 overhead)[0m
[97m/home/cvazquezperezdelacru/clio-core/context-runtime/src/ipc_manager.cc:2485 INFO 2481459 IncreaseClientShm IpcManager::IncreaseClientShm: Created allocator clio_2481437_104 with ID (2481437.104)[0m
[97m/home/cvazquezperezdelacru/clio-core/context-runtime/src/ipc_manager.cc:2440 INFO 2481459 IncreaseClientShm IpcManager::IncreaseClientShm: Creating clio_2481437_105 with size 126062112 (92507680 + 33554432 overhead)[0m
[97m/home/cvazquezperezdelacru/clio-core/context-runtime/src/ipc_manager.cc:2485 INFO 2481459 IncreaseClientShm IpcManager::IncreaseClientShm: Created allocator clio_2481437_105 with ID (2481437.105)[0m
[97m/home/cvazquezperezdelacru/clio-core/context-runtime/src/ipc_manager.cc:2440 INFO 2481461 IncreaseClientShm IpcManager::IncreaseClientShm: Creating clio_2481437_106 with size 125789112 (92234680 + 33554432 overhead)[0m
[97m/home/cvazquezperezdelacru/clio-core/context-runtime/src/ipc_manager.cc:2485 INFO 2481461 IncreaseClientShm IpcManager::IncreaseClientShm: Created allocator clio_2481437_106 with ID (2481437.106)[0m
[97m/home/cvazquezperezdelacru/clio-core/context-runtime/src/ipc_manager.cc:2440 INFO 2481459 IncreaseClientShm IpcManager::IncreaseClientShm: Creating clio_2481437_107 with size 127142416 (93587984 + 33554432 overhead)[0m
[97m/home/cvazquezperezdelacru/clio-core/context-runtime/src/ipc_manager.cc:2485 INFO 2481459 IncreaseClientShm IpcManager::IncreaseClientShm: Created allocator clio_2481437_107 with ID (2481437.107)[0m
[97m/home/cvazquezperezdelacru/clio-core/context-runtime/src/ipc_manager.cc:2440 INFO 2481459 IncreaseClientShm IpcManager::IncreaseClientShm: Creating clio_2481437_108 with size 126489808 (92935376 + 33554432 overhead)[0m
[97m/home/cvazquezperezdelacru/clio-core/context-runtime/src/ipc_manager.cc:2485 INFO 2481459 IncreaseClientShm IpcManager::IncreaseClientShm: Created allocator clio_2481437_108 with ID (2481437.108)[0m
[97m/home/cvazquezperezdelacru/clio-core/context-runtime/src/ipc_manager.cc:2440 INFO 2481459 IncreaseClientShm IpcManager::IncreaseClientShm: Creating clio_2481437_109 with size 127142416 (93587984 + 33554432 overhead)[0m
[97m/home/cvazquezperezdelacru/clio-core/context-runtime/src/ipc_manager.cc:2485 INFO 2481459 IncreaseClientShm IpcManager::IncreaseClientShm: Created allocator clio_2481437_109 with ID (2481437.109)[0m
[97m/home/cvazquezperezdelacru/clio-core/context-runtime/src/ipc_manager.cc:2440 INFO 2481459 IncreaseClientShm IpcManager::IncreaseClientShm: Creating clio_2481437_110 with size 129088512 (95534080 + 33554432 overhead)[0m
[97m/home/cvazquezperezdelacru/clio-core/context-runtime/src/ipc_manager.cc:2485 INFO 2481459 IncreaseClientShm IpcManager::IncreaseClientShm: Created allocator clio_2481437_110 with ID (2481437.110)[0m
[97m/home/cvazquezperezdelacru/clio-core/context-runtime/src/ipc_manager.cc:2440 INFO 2481459 IncreaseClientShm IpcManager::IncreaseClientShm: Creating clio_2481437_111 with size 124886912 (91332480 + 33554432 overhead)[0m
[97m/home/cvazquezperezdelacru/clio-core/context-runtime/src/ipc_manager.cc:2485 INFO 2481459 IncreaseClientShm IpcManager::IncreaseClientShm: Created allocator clio_2481437_111 with ID (2481437.111)[0m
[97m/home/cvazquezperezdelacru/clio-core/context-runtime/src/ipc_manager.cc:2440 INFO 2481462 IncreaseClientShm IpcManager::IncreaseClientShm: Creating clio_2481437_112 with size 126489808 (92935376 + 33554432 overhead)[0m
[97m/home/cvazquezperezdelacru/clio-core/context-runtime/src/ipc_manager.cc:2485 INFO 2481462 IncreaseClientShm IpcManager::IncreaseClientShm: Created allocator clio_2481437_112 with ID (2481437.112)[0m
[97m/home/cvazquezperezdelacru/clio-core/context-runtime/src/ipc_manager.cc:2440 INFO 2481459 IncreaseClientShm IpcManager::IncreaseClientShm: Creating clio_2481437_113 with size 129651408 (96096976 + 33554432 overhead)[0m
[97m/home/cvazquezperezdelacru/clio-core/context-runtime/src/ipc_manager.cc:2485 INFO 2481459 IncreaseClientShm IpcManager::IncreaseClientShm: Created allocator clio_2481437_113 with ID (2481437.113)[0m
[31m/home/cvazquezperezdelacru/clio-core/context-runtime/src/scheduler/default_sched.cc:726 ERROR 2481466 LoadBalance [HANGWATCH-HB] processed=65477 outstanding=496 (queued=496 blocked=0 retry=0 periodic=6) live=4 live_stalled=0[0m
[97m/home/cvazquezperezdelacru/clio-core/context-runtime/src/ipc_manager.cc:2440 INFO 2481462 IncreaseClientShm IpcManager::IncreaseClientShm: Creating clio_2481437_114 with size 127490816 (93936384 + 33554432 overhead)[0m
[97m/home/cvazquezperezdelacru/clio-core/context-runtime/src/ipc_manager.cc:2485 INFO 2481462 IncreaseClientShm IpcManager::IncreaseClientShm: Created allocator clio_2481437_114 with ID (2481437.114)[0m
[97m/home/cvazquezperezdelacru/clio-core/context-runtime/src/ipc_manager.cc:2440 INFO 2481460 IncreaseClientShm IpcManager::IncreaseClientShm: Creating clio_2481437_115 with size 127490816 (93936384 + 33554432 overhead)[0m
[97m/home/cvazquezperezdelacru/clio-core/context-runtime/src/ipc_manager.cc:2485 INFO 2481460 IncreaseClientShm IpcManager::IncreaseClientShm: Created allocator clio_2481437_115 with ID (2481437.115)[0m
[97m/home/cvazquezperezdelacru/clio-core/context-runtime/src/ipc_manager.cc:2440 INFO 2481459 IncreaseClientShm IpcManager::IncreaseClientShm: Creating clio_2481437_116 with size 126432608 (92878176 + 33554432 overhead)[0m
[97m/home/cvazquezperezdelacru/clio-core/context-runtime/src/ipc_manager.cc:2485 INFO 2481459 IncreaseClientShm IpcManager::IncreaseClientShm: Created allocator clio_2481437_116 with ID (2481437.116)[0m
[97m/home/cvazquezperezdelacru/clio-core/context-runtime/src/ipc_manager.cc:2440 INFO 2481461 IncreaseClientShm IpcManager::IncreaseClientShm: Creating clio_2481437_117 with size 125756608 (92202176 + 33554432 overhead)[0m
[97m/home/cvazquezperezdelacru/clio-core/context-runtime/src/ipc_manager.cc:2485 INFO 2481461 IncreaseClientShm IpcManager::IncreaseClientShm: Created allocator clio_2481437_117 with ID (2481437.117)[0m
[97m/home/cvazquezperezdelacru/clio-core/context-runtime/src/ipc_manager.cc:2440 INFO 2481461 IncreaseClientShm IpcManager::IncreaseClientShm: Creating clio_2481437_118 with size 127142416 (93587984 + 33554432 overhead)[0m
[97m/home/cvazquezperezdelacru/clio-core/context-runtime/src/ipc_manager.cc:2485 INFO 2481461 IncreaseClientShm IpcManager::IncreaseClientShm: Created allocator clio_2481437_118 with ID (2481437.118)[0m
[97m/home/cvazquezperezdelacru/clio-core/context-runtime/src/ipc_manager.cc:2440 INFO 2481462 IncreaseClientShm IpcManager::IncreaseClientShm: Creating clio_2481437_119 with size 129088512 (95534080 + 33554432 overhead)[0m
[97m/home/cvazquezperezdelacru/clio-core/context-runtime/src/ipc_manager.cc:2485 INFO 2481462 IncreaseClientShm IpcManager::IncreaseClientShm: Created allocator clio_2481437_119 with ID (2481437.119)[0m
[97m/home/cvazquezperezdelacru/clio-core/context-runtime/src/ipc_manager.cc:2440 INFO 2481459 IncreaseClientShm IpcManager::IncreaseClientShm: Creating clio_2481437_120 with size 127555808 (94001376 + 33554432 overhead)[0m
[97m/home/cvazquezperezdelacru/clio-core/context-runtime/src/ipc_manager.cc:2485 INFO 2481459 IncreaseClientShm IpcManager::IncreaseClientShm: Created allocator clio_2481437_120 with ID (2481437.120)[0m
[97m/home/cvazquezperezdelacru/clio-core/context-runtime/src/ipc_manager.cc:2440 INFO 2481461 IncreaseClientShm IpcManager::IncreaseClientShm: Creating clio_2481437_121 with size 129088512 (95534080 + 33554432 overhead)[0m
[97m/home/cvazquezperezdelacru/clio-core/context-runtime/src/ipc_manager.cc:2485 INFO 2481461 IncreaseClientShm IpcManager::IncreaseClientShm: Created allocator clio_2481437_121 with ID (2481437.121)[0m
[97m/home/cvazquezperezdelacru/clio-core/context-runtime/src/ipc_manager.cc:2440 INFO 2481461 IncreaseClientShm IpcManager::IncreaseClientShm: Creating clio_2481437_122 with size 129651408 (96096976 + 33554432 overhead)[0m
[97m/home/cvazquezperezdelacru/clio-core/context-runtime/src/ipc_manager.cc:2485 INFO 2481461 IncreaseClientShm IpcManager::IncreaseClientShm: Created allocator clio_2481437_122 with ID (2481437.122)[0m
[97m/home/cvazquezperezdelacru/clio-core/context-runtime/src/ipc_manager.cc:2440 INFO 2481460 IncreaseClientShm IpcManager::IncreaseClientShm: Creating clio_2481437_123 with size 128027712 (94473280 + 33554432 overhead)[0m
[97m/home/cvazquezperezdelacru/clio-core/context-runtime/src/ipc_manager.cc:2485 INFO 2481460 IncreaseClientShm IpcManager::IncreaseClientShm: Created allocator clio_2481437_123 with ID (2481437.123)[0m
[97m/home/cvazquezperezdelacru/clio-core/context-runtime/src/ipc_manager.cc:2440 INFO 2481462 IncreaseClientShm IpcManager::IncreaseClientShm: Creating clio_2481437_124 with size 128027712 (94473280 + 33554432 overhead)[0m
[97m/home/cvazquezperezdelacru/clio-core/context-runtime/src/ipc_manager.cc:2485 INFO 2481462 IncreaseClientShm IpcManager::IncreaseClientShm: Created allocator clio_2481437_124 with ID (2481437.124)[0m
[97m/home/cvazquezperezdelacru/clio-core/context-runtime/src/ipc_manager.cc:2440 INFO 2481462 IncreaseClientShm IpcManager::IncreaseClientShm: Creating clio_2481437_125 with size 130842208 (97287776 + 33554432 overhead)[0m
[97m/home/cvazquezperezdelacru/clio-core/context-runtime/src/ipc_manager.cc:2485 INFO 2481462 IncreaseClientShm IpcManager::IncreaseClientShm: Created allocator clio_2481437_125 with ID (2481437.125)[0m
[97m/home/cvazquezperezdelacru/clio-core/context-runtime/src/ipc_manager.cc:2440 INFO 2481459 IncreaseClientShm IpcManager::IncreaseClientShm: Creating clio_2481437_126 with size 124563216 (91008784 + 33554432 overhead)[0m
[97m/home/cvazquezperezdelacru/clio-core/context-runtime/src/ipc_manager.cc:2485 INFO 2481459 IncreaseClientShm IpcManager::IncreaseClientShm: Created allocator clio_2481437_126 with ID (2481437.126)[0m
[97m/home/cvazquezperezdelacru/clio-core/context-runtime/src/ipc_manager.cc:2440 INFO 2481462 IncreaseClientShm IpcManager::IncreaseClientShm: Creating clio_2481437_127 with size 127555808 (94001376 + 33554432 overhead)[0m
[97m/home/cvazquezperezdelacru/clio-core/context-runtime/src/ipc_manager.cc:2485 INFO 2481462 IncreaseClientShm IpcManager::IncreaseClientShm: Created allocator clio_2481437_127 with ID (2481437.127)[0m
[97m/home/cvazquezperezdelacru/clio-core/context-runtime/src/ipc_manager.cc:2440 INFO 2481461 IncreaseClientShm IpcManager::IncreaseClientShm: Creating clio_2481437_128 with size 126972112 (93417680 + 33554432 overhead)[0m
[97m/home/cvazquezperezdelacru/clio-core/context-runtime/src/ipc_manager.cc:2485 INFO 2481461 IncreaseClientShm IpcManager::IncreaseClientShm: Created allocator clio_2481437_128 with ID (2481437.128)[0m
[97m/home/cvazquezperezdelacru/clio-core/context-runtime/src/ipc_manager.cc:2440 INFO 2481462 IncreaseClientShm IpcManager::IncreaseClientShm: Creating clio_2481437_129 with size 129370608 (95816176 + 33554432 overhead)[0m
[97m/home/cvazquezperezdelacru/clio-core/context-runtime/src/ipc_manager.cc:2485 INFO 2481462 IncreaseClientShm IpcManager::IncreaseClientShm: Created allocator clio_2481437_129 with ID (2481437.129)[0m
[97m/home/cvazquezperezdelacru/clio-core/context-runtime/src/ipc_manager.cc:2440 INFO 2481460 IncreaseClientShm IpcManager::IncreaseClientShm: Creating clio_2481437_130 with size 126972112 (93417680 + 33554432 overhead)[0m
[97m/home/cvazquezperezdelacru/clio-core/context-runtime/src/ipc_manager.cc:2485 INFO 2481460 IncreaseClientShm IpcManager::IncreaseClientShm: Created allocator clio_2481437_130 with ID (2481437.130)[0m
[31m/home/cvazquezperezdelacru/clio-core/context-runtime/src/scheduler/default_sched.cc:726 ERROR 2481466 LoadBalance [HANGWATCH-HB] processed=75269 outstanding=505 (queued=505 blocked=0 retry=0 periodic=7) live=3 live_stalled=0[0m
[97m/home/cvazquezperezdelacru/clio-core/context-runtime/src/ipc_manager.cc:2440 INFO 2481461 IncreaseClientShm IpcManager::IncreaseClientShm: Creating clio_2481437_131 with size 129370608 (95816176 + 33554432 overhead)[0m
[97m/home/cvazquezperezdelacru/clio-core/context-runtime/src/ipc_manager.cc:2485 INFO 2481461 IncreaseClientShm IpcManager::IncreaseClientShm: Created allocator clio_2481437_131 with ID (2481437.131)[0m
[97m/home/cvazquezperezdelacru/clio-core/context-runtime/src/ipc_manager.cc:2440 INFO 2481460 IncreaseClientShm IpcManager::IncreaseClientShm: Creating clio_2481437_132 with size 127518112 (93963680 + 33554432 overhead)[0m
[97m/home/cvazquezperezdelacru/clio-core/context-runtime/src/ipc_manager.cc:2485 INFO 2481460 IncreaseClientShm IpcManager::IncreaseClientShm: Created allocator clio_2481437_132 with ID (2481437.132)[0m
[97m/home/cvazquezperezdelacru/clio-core/context-runtime/src/ipc_manager.cc:2440 INFO 2481460 IncreaseClientShm IpcManager::IncreaseClientShm: Creating clio_2481437_133 with size 127518112 (93963680 + 33554432 overhead)[0m
[97m/home/cvazquezperezdelacru/clio-core/context-runtime/src/ipc_manager.cc:2485 INFO 2481460 IncreaseClientShm IpcManager::IncreaseClientShm: Created allocator clio_2481437_133 with ID (2481437.133)[0m
[97m/home/cvazquezperezdelacru/clio-core/context-runtime/src/ipc_manager.cc:2440 INFO 2481459 IncreaseClientShm IpcManager::IncreaseClientShm: Creating clio_2481437_134 with size 132545216 (98990784 + 33554432 overhead)[0m
[97m/home/cvazquezperezdelacru/clio-core/context-runtime/src/ipc_manager.cc:2485 INFO 2481459 IncreaseClientShm IpcManager::IncreaseClientShm: Created allocator clio_2481437_134 with ID (2481437.134)[0m
[97m/home/cvazquezperezdelacru/clio-core/context-runtime/src/ipc_manager.cc:2440 INFO 2481462 IncreaseClientShm IpcManager::IncreaseClientShm: Creating clio_2481437_135 with size 126227216 (92672784 + 33554432 overhead)[0m
[97m/home/cvazquezperezdelacru/clio-core/context-runtime/src/ipc_manager.cc:2485 INFO 2481462 IncreaseClientShm IpcManager::IncreaseClientShm: Created allocator clio_2481437_135 with ID (2481437.135)[0m
[97m/home/cvazquezperezdelacru/clio-core/context-runtime/src/ipc_manager.cc:2440 INFO 2481462 IncreaseClientShm IpcManager::IncreaseClientShm: Creating clio_2481437_136 with size 128298112 (94743680 + 33554432 overhead)[0m
[97m/home/cvazquezperezdelacru/clio-core/context-runtime/src/ipc_manager.cc:2485 INFO 2481462 IncreaseClientShm IpcManager::IncreaseClientShm: Created allocator clio_2481437_136 with ID (2481437.136)[0m
[97m/home/cvazquezperezdelacru/clio-core/context-runtime/src/ipc_manager.cc:2440 INFO 2481461 IncreaseClientShm IpcManager::IncreaseClientShm: Creating clio_2481437_137 with size 132242312 (98687880 + 33554432 overhead)[0m
[97m/home/cvazquezperezdelacru/clio-core/context-runtime/src/ipc_manager.cc:2485 INFO 2481461 IncreaseClientShm IpcManager::IncreaseClientShm: Created allocator clio_2481437_137 with ID (2481437.137)[0m
[97m/home/cvazquezperezdelacru/clio-core/context-runtime/src/ipc_manager.cc:2440 INFO 2481459 IncreaseClientShm IpcManager::IncreaseClientShm: Creating clio_2481437_138 with size 125089712 (91535280 + 33554432 overhead)[0m
[97m/home/cvazquezperezdelacru/clio-core/context-runtime/src/ipc_manager.cc:2485 INFO 2481459 IncreaseClientShm IpcManager::IncreaseClientShm: Created allocator clio_2481437_138 with ID (2481437.138)[0m
[97m/home/cvazquezperezdelacru/clio-core/context-runtime/src/ipc_manager.cc:2440 INFO 2481462 IncreaseClientShm IpcManager::IncreaseClientShm: Creating clio_2481437_139 with size 126896712 (93342280 + 33554432 overhead)[0m
[97m/home/cvazquezperezdelacru/clio-core/context-runtime/src/ipc_manager.cc:2485 INFO 2481462 IncreaseClientShm IpcManager::IncreaseClientShm: Created allocator clio_2481437_139 with ID (2481437.139)[0m
[97m/home/cvazquezperezdelacru/clio-core/context-runtime/src/ipc_manager.cc:2440 INFO 2481460 IncreaseClientShm IpcManager::IncreaseClientShm: Creating clio_2481437_140 with size 128298112 (94743680 + 33554432 overhead)[0m
[97m/home/cvazquezperezdelacru/clio-core/context-runtime/src/ipc_manager.cc:2485 INFO 2481460 IncreaseClientShm IpcManager::IncreaseClientShm: Created allocator clio_2481437_140 with ID (2481437.140)[0m
[97m/home/cvazquezperezdelacru/clio-core/context-runtime/src/ipc_manager.cc:2440 INFO 2481461 IncreaseClientShm IpcManager::IncreaseClientShm: Creating clio_2481437_141 with size 128298112 (94743680 + 33554432 overhead)[0m
[97m/home/cvazquezperezdelacru/clio-core/context-runtime/src/ipc_manager.cc:2485 INFO 2481461 IncreaseClientShm IpcManager::IncreaseClientShm: Created allocator clio_2481437_141 with ID (2481437.141)[0m
[97m/home/cvazquezperezdelacru/clio-core/context-runtime/src/ipc_manager.cc:2440 INFO 2481460 IncreaseClientShm IpcManager::IncreaseClientShm: Creating clio_2481437_142 with size 128298112 (94743680 + 33554432 overhead)[0m
[97m/home/cvazquezperezdelacru/clio-core/context-runtime/src/ipc_manager.cc:2485 INFO 2481460 IncreaseClientShm IpcManager::IncreaseClientShm: Created allocator clio_2481437_142 with ID (2481437.142)[0m
[33m/home/cvazquezperezdelacru/clio-core/context-runtime/src/scheduler/default_sched.cc:430 WARNING 2481466 LoadBalance [#781 PDF] observed exec-time bins (cumulative): <10us=631606 <50us=40162 <500us=18091 <10ms=21781 <50ms=0 <500ms=9 <1s=8 >=1s=0 | stalls_detected=0[0m
[33m/home/cvazquezperezdelacru/clio-core/context-runtime/src/scheduler/default_sched.cc:439 WARNING 2481466 LoadBalance [#785] lane rescues performed: 0[0m
[97m/home/cvazquezperezdelacru/clio-core/context-runtime/src/ipc_manager.cc:2440 INFO 2481462 IncreaseClientShm IpcManager::IncreaseClientShm: Creating clio_2481437_143 with size 125208016 (91653584 + 33554432 overhead)[0m
[97m/home/cvazquezperezdelacru/clio-core/context-runtime/src/ipc_manager.cc:2485 INFO 2481462 IncreaseClientShm IpcManager::IncreaseClientShm: Created allocator clio_2481437_143 with ID (2481437.143)[0m
[97m/home/cvazquezperezdelacru/clio-core/context-runtime/src/ipc_manager.cc:2440 INFO 2481462 IncreaseClientShm IpcManager::IncreaseClientShm: Creating clio_2481437_144 with size 129096312 (95541880 + 33554432 overhead)[0m
[97m/home/cvazquezperezdelacru/clio-core/context-runtime/src/ipc_manager.cc:2485 INFO 2481462 IncreaseClientShm IpcManager::IncreaseClientShm: Created allocator clio_2481437_144 with ID (2481437.144)[0m
[97m/home/cvazquezperezdelacru/clio-core/context-runtime/src/ipc_manager.cc:2440 INFO 2481462 IncreaseClientShm IpcManager::IncreaseClientShm: Creating clio_2481437_145 with size 132545216 (98990784 + 33554432 overhead)[0m
[97m/home/cvazquezperezdelacru/clio-core/context-runtime/src/ipc_manager.cc:2485 INFO 2481462 IncreaseClientShm IpcManager::IncreaseClientShm: Created allocator clio_2481437_145 with ID (2481437.145)[0m
[97m/home/cvazquezperezdelacru/clio-core/context-runtime/src/ipc_manager.cc:2440 INFO 2481460 IncreaseClientShm IpcManager::IncreaseClientShm: Creating clio_2481437_146 with size 127186608 (93632176 + 33554432 overhead)[0m
[97m/home/cvazquezperezdelacru/clio-core/context-runtime/src/ipc_manager.cc:2485 INFO 2481460 IncreaseClientShm IpcManager::IncreaseClientShm: Created allocator clio_2481437_146 with ID (2481437.146)[0m
[97m/home/cvazquezperezdelacru/clio-core/context-runtime/src/ipc_manager.cc:2440 INFO 2481462 IncreaseClientShm IpcManager::IncreaseClientShm: Creating clio_2481437_147 with size 132545216 (98990784 + 33554432 overhead)[0m
[97m/home/cvazquezperezdelacru/clio-core/context-runtime/src/ipc_manager.cc:2485 INFO 2481462 IncreaseClientShm IpcManager::IncreaseClientShm: Created allocator clio_2481437_147 with ID (2481437.147)[0m
[31m/home/cvazquezperezdelacru/clio-core/context-runtime/src/scheduler/default_sched.cc:726 ERROR 2481466 LoadBalance [HANGWATCH-HB] processed=85499 outstanding=352 (queued=352 blocked=0 retry=0 periodic=7) live=4 live_stalled=0[0m
[97m/home/cvazquezperezdelacru/clio-core/context-runtime/src/ipc_manager.cc:2440 INFO 2481460 IncreaseClientShm IpcManager::IncreaseClientShm: Creating clio_2481437_148 with size 129096312 (95541880 + 33554432 overhead)[0m
[97m/home/cvazquezperezdelacru/clio-core/context-runtime/src/ipc_manager.cc:2485 INFO 2481460 IncreaseClientShm IpcManager::IncreaseClientShm: Created allocator clio_2481437_148 with ID (2481437.148)[0m
[97m/home/cvazquezperezdelacru/clio-core/context-runtime/src/ipc_manager.cc:2440 INFO 2481460 IncreaseClientShm IpcManager::IncreaseClientShm: Creating clio_2481437_149 with size 132545216 (98990784 + 33554432 overhead)[0m
[97m/home/cvazquezperezdelacru/clio-core/context-runtime/src/ipc_manager.cc:2485 INFO 2481460 IncreaseClientShm IpcManager::IncreaseClientShm: Created allocator clio_2481437_149 with ID (2481437.149)[0m
[97m/home/cvazquezperezdelacru/clio-core/context-runtime/src/ipc_manager.cc:2440 INFO 2481461 IncreaseClientShm IpcManager::IncreaseClientShm: Creating clio_2481437_150 with size 132545216 (98990784 + 33554432 overhead)[0m
[97m/home/cvazquezperezdelacru/clio-core/context-runtime/src/ipc_manager.cc:2485 INFO 2481461 IncreaseClientShm IpcManager::IncreaseClientShm: Created allocator clio_2481437_150 with ID (2481437.150)[0m
[97m/home/cvazquezperezdelacru/clio-core/context-runtime/src/ipc_manager.cc:2440 INFO 2481460 IncreaseClientShm IpcManager::IncreaseClientShm: Creating clio_2481437_151 with size 125370512 (91816080 + 33554432 overhead)[0m
[97m/home/cvazquezperezdelacru/clio-core/context-runtime/src/ipc_manager.cc:2485 INFO 2481460 IncreaseClientShm IpcManager::IncreaseClientShm: Created allocator clio_2481437_151 with ID (2481437.151)[0m
[97m/home/cvazquezperezdelacru/clio-core/context-runtime/src/ipc_manager.cc:2440 INFO 2481461 IncreaseClientShm IpcManager::IncreaseClientShm: Creating clio_2481437_152 with size 126784912 (93230480 + 33554432 overhead)[0m
[97m/home/cvazquezperezdelacru/clio-core/context-runtime/src/ipc_manager.cc:2485 INFO 2481461 IncreaseClientShm IpcManager::IncreaseClientShm: Created allocator clio_2481437_152 with ID (2481437.152)[0m
[97m/home/cvazquezperezdelacru/clio-core/context-runtime/src/ipc_manager.cc:2440 INFO 2481461 IncreaseClientShm IpcManager::IncreaseClientShm: Creating clio_2481437_153 with size 126784912 (93230480 + 33554432 overhead)[0m
[97m/home/cvazquezperezdelacru/clio-core/context-runtime/src/ipc_manager.cc:2485 INFO 2481461 IncreaseClientShm IpcManager::IncreaseClientShm: Created allocator clio_2481437_153 with ID (2481437.153)[0m
[97m/home/cvazquezperezdelacru/clio-core/context-runtime/src/ipc_manager.cc:2440 INFO 2481460 IncreaseClientShm IpcManager::IncreaseClientShm: Creating clio_2481437_154 with size 126621112 (93066680 + 33554432 overhead)[0m
[97m/home/cvazquezperezdelacru/clio-core/context-runtime/src/ipc_manager.cc:2485 INFO 2481460 IncreaseClientShm IpcManager::IncreaseClientShm: Created allocator clio_2481437_154 with ID (2481437.154)[0m
[97m/home/cvazquezperezdelacru/clio-core/context-runtime/src/ipc_manager.cc:2440 INFO 2481462 IncreaseClientShm IpcManager::IncreaseClientShm: Creating clio_2481437_155 with size 125032512 (91478080 + 33554432 overhead)[0m
[97m/home/cvazquezperezdelacru/clio-core/context-runtime/src/ipc_manager.cc:2485 INFO 2481462 IncreaseClientShm IpcManager::IncreaseClientShm: Created allocator clio_2481437_155 with ID (2481437.155)[0m
[97m/mnt/common/cvazquezperezdelacru/IOWARP/faiss/contrib/iowarp/chimod/src/faiss_ivf_runtime.cc:300 INFO 2481462 Search faiss_ivf: Search nq=62 k=10 nprobe=64 unique_lists=2388[0m
[97m/mnt/common/cvazquezperezdelacru/IOWARP/faiss/contrib/iowarp/chimod/src/faiss_ivf_runtime.cc:300 INFO 2481461 Search faiss_ivf: Search nq=63 k=10 nprobe=64 unique_lists=2541[0m
[97m/mnt/common/cvazquezperezdelacru/IOWARP/faiss/contrib/iowarp/chimod/src/faiss_ivf_runtime.cc:300 INFO 2481460 Search faiss_ivf: Search nq=62 k=10 nprobe=64 unique_lists=2453[0m
[97m/mnt/common/cvazquezperezdelacru/IOWARP/faiss/contrib/iowarp/chimod/src/faiss_ivf_runtime.cc:300 INFO 2481459 Search faiss_ivf: Search nq=63 k=10 nprobe=64 unique_lists=2413[0m
[97m/mnt/common/cvazquezperezdelacru/IOWARP/faiss/contrib/iowarp/chimod/src/faiss_ivf_runtime.cc:300 INFO 2481462 Search faiss_ivf: Search nq=62 k=10 nprobe=64 unique_lists=2577[0m
[97m/home/cvazquezperezdelacru/clio-core/context-runtime/src/ipc_manager.cc:2440 INFO 2481460 IncreaseClientShm IpcManager::IncreaseClientShm: Creating clio_2481437_156 with size 129013112 (95458680 + 33554432 overhead)[0m
[97m/home/cvazquezperezdelacru/clio-core/context-runtime/src/ipc_manager.cc:2485 INFO 2481460 IncreaseClientShm IpcManager::IncreaseClientShm: Created allocator clio_2481437_156 with ID (2481437.156)[0m
[97m/mnt/common/cvazquezperezdelacru/IOWARP/faiss/contrib/iowarp/chimod/src/faiss_ivf_runtime.cc:300 INFO 2481460 Search faiss_ivf: Search nq=62 k=10 nprobe=64 unique_lists=2553[0m
[97m/mnt/common/cvazquezperezdelacru/IOWARP/faiss/contrib/iowarp/chimod/src/faiss_ivf_runtime.cc:300 INFO 2481459 Search faiss_ivf: Search nq=63 k=10 nprobe=64 unique_lists=2503[0m
[97m/mnt/common/cvazquezperezdelacru/IOWARP/faiss/contrib/iowarp/chimod/src/faiss_ivf_runtime.cc:300 INFO 2481461 Search faiss_ivf: Search nq=63 k=10 nprobe=64 unique_lists=2483[0m
[97m/home/cvazquezperezdelacru/clio-core/context-runtime/src/ipc_manager.cc:2440 INFO 2481460 IncreaseClientShm IpcManager::IncreaseClientShm: Creating clio_2481437_157 with size 127986112 (94431680 + 33554432 overhead)[0m
[97m/home/cvazquezperezdelacru/clio-core/context-runtime/src/ipc_manager.cc:2485 INFO 2481460 IncreaseClientShm IpcManager::IncreaseClientShm: Created allocator clio_2481437_157 with ID (2481437.157)[0m
[97m/home/cvazquezperezdelacru/clio-core/context-runtime/src/ipc_manager.cc:2440 INFO 2481460 IncreaseClientShm IpcManager::IncreaseClientShm: Creating clio_2481437_158 with size 131004712 (97450280 + 33554432 overhead)[0m
[97m/home/cvazquezperezdelacru/clio-core/context-runtime/src/ipc_manager.cc:2485 INFO 2481460 IncreaseClientShm IpcManager::IncreaseClientShm: Created allocator clio_2481437_158 with ID (2481437.158)[0m
[97m/home/cvazquezperezdelacru/clio-core/context-runtime/src/ipc_manager.cc:2440 INFO 2481462 IncreaseClientShm IpcManager::IncreaseClientShm: Creating clio_2481437_159 with size 131215312 (97660880 + 33554432 overhead)[0m
[97m/home/cvazquezperezdelacru/clio-core/context-runtime/src/ipc_manager.cc:2485 INFO 2481462 IncreaseClientShm IpcManager::IncreaseClientShm: Created allocator clio_2481437_159 with ID (2481437.159)[0m
[97m/home/cvazquezperezdelacru/clio-core/context-runtime/src/ipc_manager.cc:2440 INFO 2481460 IncreaseClientShm IpcManager::IncreaseClientShm: Creating clio_2481437_160 with size 131215312 (97660880 + 33554432 overhead)[0m
[97m/home/cvazquezperezdelacru/clio-core/context-runtime/src/ipc_manager.cc:2485 INFO 2481460 IncreaseClientShm IpcManager::IncreaseClientShm: Created allocator clio_2481437_160 with ID (2481437.160)[0m
[97m/home/cvazquezperezdelacru/clio-core/context-runtime/src/ipc_manager.cc:2440 INFO 2481461 IncreaseClientShm IpcManager::IncreaseClientShm: Creating clio_2481437_161 with size 131215312 (97660880 + 33554432 overhead)[0m
[97m/home/cvazquezperezdelacru/clio-core/context-runtime/src/ipc_manager.cc:2485 INFO 2481461 IncreaseClientShm IpcManager::IncreaseClientShm: Created allocator clio_2481437_161 with ID (2481437.161)[0m
[97m/home/cvazquezperezdelacru/clio-core/context-runtime/src/ipc_manager.cc:2440 INFO 2481462 IncreaseClientShm IpcManager::IncreaseClientShm: Creating clio_2481437_162 with size 129862016 (96307584 + 33554432 overhead)[0m
[97m/home/cvazquezperezdelacru/clio-core/context-runtime/src/ipc_manager.cc:2485 INFO 2481462 IncreaseClientShm IpcManager::IncreaseClientShm: Created allocator clio_2481437_162 with ID (2481437.162)[0m
[31m/home/cvazquezperezdelacru/clio-core/context-runtime/src/scheduler/default_sched.cc:726 ERROR 2481466 LoadBalance [HANGWATCH-HB] processed=94872 outstanding=507 (queued=507 blocked=0 retry=0 periodic=6) live=4 live_stalled=0[0m
[97m/home/cvazquezperezdelacru/clio-core/context-runtime/src/ipc_manager.cc:2440 INFO 2481462 IncreaseClientShm IpcManager::IncreaseClientShm: Creating clio_2481437_163 with size 130895512 (97341080 + 33554432 overhead)[0m
[97m/home/cvazquezperezdelacru/clio-core/context-runtime/src/ipc_manager.cc:2485 INFO 2481462 IncreaseClientShm IpcManager::IncreaseClientShm: Created allocator clio_2481437_163 with ID (2481437.163)[0m
[97m/home/cvazquezperezdelacru/clio-core/context-runtime/src/ipc_manager.cc:2440 INFO 2481459 IncreaseClientShm IpcManager::IncreaseClientShm: Creating clio_2481437_164 with size 125548608 (91994176 + 33554432 overhead)[0m
[97m/home/cvazquezperezdelacru/clio-core/context-runtime/src/ipc_manager.cc:2485 INFO 2481459 IncreaseClientShm IpcManager::IncreaseClientShm: Created allocator clio_2481437_164 with ID (2481437.164)[0m
[97m/home/cvazquezperezdelacru/clio-core/context-runtime/src/ipc_manager.cc:2440 INFO 2481460 IncreaseClientShm IpcManager::IncreaseClientShm: Creating clio_2481437_165 with size 124776416 (91221984 + 33554432 overhead)[0m
[97m/home/cvazquezperezdelacru/clio-core/context-runtime/src/ipc_manager.cc:2485 INFO 2481460 IncreaseClientShm IpcManager::IncreaseClientShm: Created allocator clio_2481437_165 with ID (2481437.165)[0m
[97m/home/cvazquezperezdelacru/clio-core/context-runtime/src/ipc_manager.cc:2440 INFO 2481459 IncreaseClientShm IpcManager::IncreaseClientShm: Creating clio_2481437_166 with size 124529408 (90974976 + 33554432 overhead)[0m
[97m/home/cvazquezperezdelacru/clio-core/context-runtime/src/ipc_manager.cc:2485 INFO 2481459 IncreaseClientShm IpcManager::IncreaseClientShm: Created allocator clio_2481437_166 with ID (2481437.166)[0m
[97m/home/cvazquezperezdelacru/clio-core/context-runtime/src/ipc_manager.cc:2440 INFO 2481459 IncreaseClientShm IpcManager::IncreaseClientShm: Creating clio_2481437_167 with size 126062112 (92507680 + 33554432 overhead)[0m
[97m/home/cvazquezperezdelacru/clio-core/context-runtime/src/ipc_manager.cc:2485 INFO 2481459 IncreaseClientShm IpcManager::IncreaseClientShm: Created allocator clio_2481437_167 with ID (2481437.167)[0m
[97m/home/cvazquezperezdelacru/clio-core/context-runtime/src/ipc_manager.cc:2440 INFO 2481461 IncreaseClientShm IpcManager::IncreaseClientShm: Creating clio_2481437_168 with size 124845312 (91290880 + 33554432 overhead)[0m
[97m/home/cvazquezperezdelacru/clio-core/context-runtime/src/ipc_manager.cc:2485 INFO 2481461 IncreaseClientShm IpcManager::IncreaseClientShm: Created allocator clio_2481437_168 with ID (2481437.168)[0m
[97m/home/cvazquezperezdelacru/clio-core/context-runtime/src/ipc_manager.cc:2440 INFO 2481460 IncreaseClientShm IpcManager::IncreaseClientShm: Creating clio_2481437_169 with size 126254512 (92700080 + 33554432 overhead)[0m
[97m/home/cvazquezperezdelacru/clio-core/context-runtime/src/ipc_manager.cc:2485 INFO 2481460 IncreaseClientShm IpcManager::IncreaseClientShm: Created allocator clio_2481437_169 with ID (2481437.169)[0m
[97m/home/cvazquezperezdelacru/clio-core/context-runtime/src/ipc_manager.cc:2440 INFO 2481461 IncreaseClientShm IpcManager::IncreaseClientShm: Creating clio_2481437_170 with size 125789112 (92234680 + 33554432 overhead)[0m
[97m/home/cvazquezperezdelacru/clio-core/context-runtime/src/ipc_manager.cc:2485 INFO 2481461 IncreaseClientShm IpcManager::IncreaseClientShm: Created allocator clio_2481437_170 with ID (2481437.170)[0m
[97m/home/cvazquezperezdelacru/clio-core/context-runtime/src/ipc_manager.cc:2440 INFO 2481459 IncreaseClientShm IpcManager::IncreaseClientShm: Creating clio_2481437_171 with size 126489808 (92935376 + 33554432 overhead)[0m
[97m/home/cvazquezperezdelacru/clio-core/context-runtime/src/ipc_manager.cc:2485 INFO 2481459 IncreaseClientShm IpcManager::IncreaseClientShm: Created allocator clio_2481437_171 with ID (2481437.171)[0m
[97m/home/cvazquezperezdelacru/clio-core/context-runtime/src/ipc_manager.cc:2440 INFO 2481459 IncreaseClientShm IpcManager::IncreaseClientShm: Creating clio_2481437_172 with size 127142416 (93587984 + 33554432 overhead)[0m
[97m/home/cvazquezperezdelacru/clio-core/context-runtime/src/ipc_manager.cc:2485 INFO 2481459 IncreaseClientShm IpcManager::IncreaseClientShm: Created allocator clio_2481437_172 with ID (2481437.172)[0m
[97m/home/cvazquezperezdelacru/clio-core/context-runtime/src/ipc_manager.cc:2440 INFO 2481459 IncreaseClientShm IpcManager::IncreaseClientShm: Creating clio_2481437_173 with size 126489808 (92935376 + 33554432 overhead)[0m
[97m/home/cvazquezperezdelacru/clio-core/context-runtime/src/ipc_manager.cc:2485 INFO 2481459 IncreaseClientShm IpcManager::IncreaseClientShm: Created allocator clio_2481437_173 with ID (2481437.173)[0m
[97m/home/cvazquezperezdelacru/clio-core/context-runtime/src/ipc_manager.cc:2440 INFO 2481459 IncreaseClientShm IpcManager::IncreaseClientShm: Creating clio_2481437_174 with size 127142416 (93587984 + 33554432 overhead)[0m
[97m/home/cvazquezperezdelacru/clio-core/context-runtime/src/ipc_manager.cc:2485 INFO 2481459 IncreaseClientShm IpcManager::IncreaseClientShm: Created allocator clio_2481437_174 with ID (2481437.174)[0m
[97m/home/cvazquezperezdelacru/clio-core/context-runtime/src/ipc_manager.cc:2440 INFO 2481459 IncreaseClientShm IpcManager::IncreaseClientShm: Creating clio_2481437_175 with size 129088512 (95534080 + 33554432 overhead)[0m
[97m/home/cvazquezperezdelacru/clio-core/context-runtime/src/ipc_manager.cc:2485 INFO 2481459 IncreaseClientShm IpcManager::IncreaseClientShm: Created allocator clio_2481437_175 with ID (2481437.175)[0m
[97m/home/cvazquezperezdelacru/clio-core/context-runtime/src/ipc_manager.cc:2440 INFO 2481459 IncreaseClientShm IpcManager::IncreaseClientShm: Creating clio_2481437_176 with size 126020512 (92466080 + 33554432 overhead)[0m
[97m/home/cvazquezperezdelacru/clio-core/context-runtime/src/ipc_manager.cc:2485 INFO 2481459 IncreaseClientShm IpcManager::IncreaseClientShm: Created allocator clio_2481437_176 with ID (2481437.176)[0m
[97m/home/cvazquezperezdelacru/clio-core/context-runtime/src/ipc_manager.cc:2440 INFO 2481459 IncreaseClientShm IpcManager::IncreaseClientShm: Creating clio_2481437_177 with size 129651408 (96096976 + 33554432 overhead)[0m
[97m/home/cvazquezperezdelacru/clio-core/context-runtime/src/ipc_manager.cc:2485 INFO 2481459 IncreaseClientShm IpcManager::IncreaseClientShm: Created allocator clio_2481437_177 with ID (2481437.177)[0m
[97m/home/cvazquezperezdelacru/clio-core/context-runtime/src/ipc_manager.cc:2440 INFO 2481459 IncreaseClientShm IpcManager::IncreaseClientShm: Creating clio_2481437_178 with size 127550608 (93996176 + 33554432 overhead)[0m
[97m/home/cvazquezperezdelacru/clio-core/context-runtime/src/ipc_manager.cc:2485 INFO 2481459 IncreaseClientShm IpcManager::IncreaseClientShm: Created allocator clio_2481437_178 with ID (2481437.178)[0m
[97m/home/cvazquezperezdelacru/clio-core/context-runtime/src/ipc_manager.cc:2440 INFO 2481460 IncreaseClientShm IpcManager::IncreaseClientShm: Creating clio_2481437_179 with size 124181008 (90626576 + 33554432 overhead)[0m
[97m/home/cvazquezperezdelacru/clio-core/context-runtime/src/ipc_manager.cc:2485 INFO 2481460 IncreaseClientShm IpcManager::IncreaseClientShm: Created allocator clio_2481437_179 with ID (2481437.179)[0m
[31m/home/cvazquezperezdelacru/clio-core/context-runtime/src/scheduler/default_sched.cc:726 ERROR 2481466 LoadBalance [HANGWATCH-HB] processed=105910 outstanding=503 (queued=503 blocked=0 retry=0 periodic=7) live=3 live_stalled=0[0m
[97m/home/cvazquezperezdelacru/clio-core/context-runtime/src/ipc_manager.cc:2440 INFO 2481462 IncreaseClientShm IpcManager::IncreaseClientShm: Creating clio_2481437_180 with size 127490816 (93936384 + 33554432 overhead)[0m
[97m/home/cvazquezperezdelacru/clio-core/context-runtime/src/ipc_manager.cc:2485 INFO 2481462 IncreaseClientShm IpcManager::IncreaseClientShm: Created allocator clio_2481437_180 with ID (2481437.180)[0m
[97m/home/cvazquezperezdelacru/clio-core/context-runtime/src/ipc_manager.cc:2440 INFO 2481459 IncreaseClientShm IpcManager::IncreaseClientShm: Creating clio_2481437_181 with size 123840416 (90285984 + 33554432 overhead)[0m
[97m/home/cvazquezperezdelacru/clio-core/context-runtime/src/ipc_manager.cc:2485 INFO 2481459 IncreaseClientShm IpcManager::IncreaseClientShm: Created allocator clio_2481437_181 with ID (2481437.181)[0m
[97m/home/cvazquezperezdelacru/clio-core/context-runtime/src/ipc_manager.cc:2440 INFO 2481459 IncreaseClientShm IpcManager::IncreaseClientShm: Creating clio_2481437_182 with size 126972112 (93417680 + 33554432 overhead)[0m
[97m/home/cvazquezperezdelacru/clio-core/context-runtime/src/ipc_manager.cc:2485 INFO 2481459 IncreaseClientShm IpcManager::IncreaseClientShm: Created allocator clio_2481437_182 with ID (2481437.182)[0m
[97m/home/cvazquezperezdelacru/clio-core/context-runtime/src/ipc_manager.cc:2440 INFO 2481461 IncreaseClientShm IpcManager::IncreaseClientShm: Creating clio_2481437_183 with size 127490816 (93936384 + 33554432 overhead)[0m
[97m/home/cvazquezperezdelacru/clio-core/context-runtime/src/ipc_manager.cc:2485 INFO 2481461 IncreaseClientShm IpcManager::IncreaseClientShm: Created allocator clio_2481437_183 with ID (2481437.183)[0m
[97m/home/cvazquezperezdelacru/clio-core/context-runtime/src/ipc_manager.cc:2440 INFO 2481459 IncreaseClientShm IpcManager::IncreaseClientShm: Creating clio_2481437_184 with size 129370608 (95816176 + 33554432 overhead)[0m
[97m/home/cvazquezperezdelacru/clio-core/context-runtime/src/ipc_manager.cc:2485 INFO 2481459 IncreaseClientShm IpcManager::IncreaseClientShm: Created allocator clio_2481437_184 with ID (2481437.184)[0m
[33m/home/cvazquezperezdelacru/clio-core/context-runtime/src/scheduler/default_sched.cc:430 WARNING 2481466 LoadBalance [#781 PDF] observed exec-time bins (cumulative): <10us=711419 <50us=51963 <500us=24644 <10ms=27909 <50ms=0 <500ms=9 <1s=16 >=1s=0 | stalls_detected=0[0m
[33m/home/cvazquezperezdelacru/clio-core/context-runtime/src/scheduler/default_sched.cc:439 WARNING 2481466 LoadBalance [#785] lane rescues performed: 0[0m
[97m/home/cvazquezperezdelacru/clio-core/context-runtime/src/ipc_manager.cc:2440 INFO 2481461 IncreaseClientShm IpcManager::IncreaseClientShm: Creating clio_2481437_185 with size 123963912 (90409480 + 33554432 overhead)[0m
[97m/home/cvazquezperezdelacru/clio-core/context-runtime/src/ipc_manager.cc:2485 INFO 2481461 IncreaseClientShm IpcManager::IncreaseClientShm: Created allocator clio_2481437_185 with ID (2481437.185)[0m
[97m/home/cvazquezperezdelacru/clio-core/context-runtime/src/ipc_manager.cc:2440 INFO 2481459 IncreaseClientShm IpcManager::IncreaseClientShm: Creating clio_2481437_186 with size 125175512 (91621080 + 33554432 overhead)[0m
[97m/home/cvazquezperezdelacru/clio-core/context-runtime/src/ipc_manager.cc:2485 INFO 2481459 IncreaseClientShm IpcManager::IncreaseClientShm: Created allocator clio_2481437_186 with ID (2481437.186)[0m
[97m/home/cvazquezperezdelacru/clio-core/context-runtime/src/ipc_manager.cc:2440 INFO 2481461 IncreaseClientShm IpcManager::IncreaseClientShm: Creating clio_2481437_187 with size 129088512 (95534080 + 33554432 overhead)[0m
[97m/home/cvazquezperezdelacru/clio-core/context-runtime/src/ipc_manager.cc:2485 INFO 2481461 IncreaseClientShm IpcManager::IncreaseClientShm: Created allocator clio_2481437_187 with ID (2481437.187)[0m
[97m/home/cvazquezperezdelacru/clio-core/context-runtime/src/ipc_manager.cc:2440 INFO 2481461 IncreaseClientShm IpcManager::IncreaseClientShm: Creating clio_2481437_188 with size 129651408 (96096976 + 33554432 overhead)[0m
[97m/home/cvazquezperezdelacru/clio-core/context-runtime/src/ipc_manager.cc:2485 INFO 2481461 IncreaseClientShm IpcManager::IncreaseClientShm: Created allocator clio_2481437_188 with ID (2481437.188)[0m
[97m/home/cvazquezperezdelacru/clio-core/context-runtime/src/ipc_manager.cc:2440 INFO 2481459 IncreaseClientShm IpcManager::IncreaseClientShm: Creating clio_2481437_189 with size 132242312 (98687880 + 33554432 overhead)[0m
[97m/home/cvazquezperezdelacru/clio-core/context-runtime/src/ipc_manager.cc:2485 INFO 2481459 IncreaseClientShm IpcManager::IncreaseClientShm: Created allocator clio_2481437_189 with ID (2481437.189)[0m
[97m/home/cvazquezperezdelacru/clio-core/context-runtime/src/ipc_manager.cc:2440 INFO 2481462 IncreaseClientShm IpcManager::IncreaseClientShm: Creating clio_2481437_190 with size 125306816 (91752384 + 33554432 overhead)[0m
[97m/home/cvazquezperezdelacru/clio-core/context-runtime/src/ipc_manager.cc:2485 INFO 2481462 IncreaseClientShm IpcManager::IncreaseClientShm: Created allocator clio_2481437_190 with ID (2481437.190)[0m
[97m/home/cvazquezperezdelacru/clio-core/context-runtime/src/ipc_manager.cc:2440 INFO 2481459 IncreaseClientShm IpcManager::IncreaseClientShm: Creating clio_2481437_191 with size 128298112 (94743680 + 33554432 overhead)[0m
[97m/home/cvazquezperezdelacru/clio-core/context-runtime/src/ipc_manager.cc:2485 INFO 2481459 IncreaseClientShm IpcManager::IncreaseClientShm: Created allocator clio_2481437_191 with ID (2481437.191)[0m
[97m/home/cvazquezperezdelacru/clio-core/context-runtime/src/ipc_manager.cc:2440 INFO 2481460 IncreaseClientShm IpcManager::IncreaseClientShm: Creating clio_2481437_192 with size 130842208 (97287776 + 33554432 overhead)[0m
[97m/home/cvazquezperezdelacru/clio-core/context-runtime/src/ipc_manager.cc:2485 INFO 2481460 IncreaseClientShm IpcManager::IncreaseClientShm: Created allocator clio_2481437_192 with ID (2481437.192)[0m
[97m/home/cvazquezperezdelacru/clio-core/context-runtime/src/ipc_manager.cc:2440 INFO 2481461 IncreaseClientShm IpcManager::IncreaseClientShm: Creating clio_2481437_193 with size 126432608 (92878176 + 33554432 overhead)[0m
[97m/home/cvazquezperezdelacru/clio-core/context-runtime/src/ipc_manager.cc:2485 INFO 2481461 IncreaseClientShm IpcManager::IncreaseClientShm: Created allocator clio_2481437_193 with ID (2481437.193)[0m
[97m/home/cvazquezperezdelacru/clio-core/context-runtime/src/ipc_manager.cc:2440 INFO 2481459 IncreaseClientShm IpcManager::IncreaseClientShm: Creating clio_2481437_194 with size 128298112 (94743680 + 33554432 overhead)[0m
[97m/home/cvazquezperezdelacru/clio-core/context-runtime/src/ipc_manager.cc:2485 INFO 2481459 IncreaseClientShm IpcManager::IncreaseClientShm: Created allocator clio_2481437_194 with ID (2481437.194)[0m
[97m/home/cvazquezperezdelacru/clio-core/context-runtime/src/ipc_manager.cc:2440 INFO 2481462 IncreaseClientShm IpcManager::IncreaseClientShm: Creating clio_2481437_195 with size 127555808 (94001376 + 33554432 overhead)[0m
[97m/home/cvazquezperezdelacru/clio-core/context-runtime/src/ipc_manager.cc:2485 INFO 2481462 IncreaseClientShm IpcManager::IncreaseClientShm: Created allocator clio_2481437_195 with ID (2481437.195)[0m
[97m/home/cvazquezperezdelacru/clio-core/context-runtime/src/ipc_manager.cc:2440 INFO 2481462 IncreaseClientShm IpcManager::IncreaseClientShm: Creating clio_2481437_196 with size 129370608 (95816176 + 33554432 overhead)[0m
[97m/home/cvazquezperezdelacru/clio-core/context-runtime/src/ipc_manager.cc:2485 INFO 2481462 IncreaseClientShm IpcManager::IncreaseClientShm: Created allocator clio_2481437_196 with ID (2481437.196)[0m
[97m/home/cvazquezperezdelacru/clio-core/context-runtime/src/ipc_manager.cc:2440 INFO 2481459 IncreaseClientShm IpcManager::IncreaseClientShm: Creating clio_2481437_197 with size 132545216 (98990784 + 33554432 overhead)[0m
[97m/home/cvazquezperezdelacru/clio-core/context-runtime/src/ipc_manager.cc:2485 INFO 2481459 IncreaseClientShm IpcManager::IncreaseClientShm: Created allocator clio_2481437_197 with ID (2481437.197)[0m
[31m/home/cvazquezperezdelacru/clio-core/context-runtime/src/scheduler/default_sched.cc:726 ERROR 2481466 LoadBalance [HANGWATCH-HB] processed=115356 outstanding=477 (queued=477 blocked=0 retry=0 periodic=7) live=4 live_stalled=0[0m
[97m/home/cvazquezperezdelacru/clio-core/context-runtime/src/ipc_manager.cc:2440 INFO 2481459 IncreaseClientShm IpcManager::IncreaseClientShm: Creating clio_2481437_198 with size 125208016 (91653584 + 33554432 overhead)[0m
[97m/home/cvazquezperezdelacru/clio-core/context-runtime/src/ipc_manager.cc:2485 INFO 2481459 IncreaseClientShm IpcManager::IncreaseClientShm: Created allocator clio_2481437_198 with ID (2481437.198)[0m
[97m/home/cvazquezperezdelacru/clio-core/context-runtime/src/ipc_manager.cc:2440 INFO 2481459 IncreaseClientShm IpcManager::IncreaseClientShm: Creating clio_2481437_199 with size 132545216 (98990784 + 33554432 overhead)[0m
[97m/home/cvazquezperezdelacru/clio-core/context-runtime/src/ipc_manager.cc:2485 INFO 2481459 IncreaseClientShm IpcManager::IncreaseClientShm: Created allocator clio_2481437_199 with ID (2481437.199)[0m
[97m/home/cvazquezperezdelacru/clio-core/context-runtime/src/ipc_manager.cc:2440 INFO 2481461 IncreaseClientShm IpcManager::IncreaseClientShm: Creating clio_2481437_200 with size 127518112 (93963680 + 33554432 overhead)[0m
[97m/home/cvazquezperezdelacru/clio-core/context-runtime/src/ipc_manager.cc:2485 INFO 2481461 IncreaseClientShm IpcManager::IncreaseClientShm: Created allocator clio_2481437_200 with ID (2481437.200)[0m
[97m/home/cvazquezperezdelacru/clio-core/context-runtime/src/ipc_manager.cc:2440 INFO 2481459 IncreaseClientShm IpcManager::IncreaseClientShm: Creating clio_2481437_201 with size 126784912 (93230480 + 33554432 overhead)[0m
[97m/home/cvazquezperezdelacru/clio-core/context-runtime/src/ipc_manager.cc:2485 INFO 2481459 IncreaseClientShm IpcManager::IncreaseClientShm: Created allocator clio_2481437_201 with ID (2481437.201)[0m
[97m/home/cvazquezperezdelacru/clio-core/context-runtime/src/ipc_manager.cc:2440 INFO 2481462 IncreaseClientShm IpcManager::IncreaseClientShm: Creating clio_2481437_202 with size 128298112 (94743680 + 33554432 overhead)[0m
[97m/home/cvazquezperezdelacru/clio-core/context-runtime/src/ipc_manager.cc:2485 INFO 2481462 IncreaseClientShm IpcManager::IncreaseClientShm: Created allocator clio_2481437_202 with ID (2481437.202)[0m
[97m/home/cvazquezperezdelacru/clio-core/context-runtime/src/ipc_manager.cc:2440 INFO 2481461 IncreaseClientShm IpcManager::IncreaseClientShm: Creating clio_2481437_203 with size 126267512 (92713080 + 33554432 overhead)[0m
[97m/home/cvazquezperezdelacru/clio-core/context-runtime/src/ipc_manager.cc:2485 INFO 2481461 IncreaseClientShm IpcManager::IncreaseClientShm: Created allocator clio_2481437_203 with ID (2481437.203)[0m
[97m/home/cvazquezperezdelacru/clio-core/context-runtime/src/ipc_manager.cc:2440 INFO 2481459 IncreaseClientShm IpcManager::IncreaseClientShm: Creating clio_2481437_204 with size 126621112 (93066680 + 33554432 overhead)[0m
[97m/home/cvazquezperezdelacru/clio-core/context-runtime/src/ipc_manager.cc:2485 INFO 2481459 IncreaseClientShm IpcManager::IncreaseClientShm: Created allocator clio_2481437_204 with ID (2481437.204)[0m
[97m/home/cvazquezperezdelacru/clio-core/context-runtime/src/ipc_manager.cc:2440 INFO 2481461 IncreaseClientShm IpcManager::IncreaseClientShm: Creating clio_2481437_205 with size 132242312 (98687880 + 33554432 overhead)[0m
[97m/home/cvazquezperezdelacru/clio-core/context-runtime/src/ipc_manager.cc:2485 INFO 2481461 IncreaseClientShm IpcManager::IncreaseClientShm: Created allocator clio_2481437_205 with ID (2481437.205)[0m
[97m/home/cvazquezperezdelacru/clio-core/context-runtime/src/ipc_manager.cc:2440 INFO 2481462 IncreaseClientShm IpcManager::IncreaseClientShm: Creating clio_2481437_206 with size 128298112 (94743680 + 33554432 overhead)[0m
[97m/home/cvazquezperezdelacru/clio-core/context-runtime/src/ipc_manager.cc:2485 INFO 2481462 IncreaseClientShm IpcManager::IncreaseClientShm: Created allocator clio_2481437_206 with ID (2481437.206)[0m
[97m/home/cvazquezperezdelacru/clio-core/context-runtime/src/ipc_manager.cc:2440 INFO 2481460 IncreaseClientShm IpcManager::IncreaseClientShm: Creating clio_2481437_207 with size 125013008 (91458576 + 33554432 overhead)[0m
[97m/home/cvazquezperezdelacru/clio-core/context-runtime/src/ipc_manager.cc:2485 INFO 2481460 IncreaseClientShm IpcManager::IncreaseClientShm: Created allocator clio_2481437_207 with ID (2481437.207)[0m
[97m/home/cvazquezperezdelacru/clio-core/context-runtime/src/ipc_manager.cc:2440 INFO 2481460 IncreaseClientShm IpcManager::IncreaseClientShm: Creating clio_2481437_208 with size 128298112 (94743680 + 33554432 overhead)[0m
[97m/home/cvazquezperezdelacru/clio-core/context-runtime/src/ipc_manager.cc:2485 INFO 2481460 IncreaseClientShm IpcManager::IncreaseClientShm: Created allocator clio_2481437_208 with ID (2481437.208)[0m
[97m/home/cvazquezperezdelacru/clio-core/context-runtime/src/ipc_manager.cc:2440 INFO 2481460 IncreaseClientShm IpcManager::IncreaseClientShm: Creating clio_2481437_209 with size 126896712 (93342280 + 33554432 overhead)[0m
[97m/home/cvazquezperezdelacru/clio-core/context-runtime/src/ipc_manager.cc:2485 INFO 2481460 IncreaseClientShm IpcManager::IncreaseClientShm: Created allocator clio_2481437_209 with ID (2481437.209)[0m
[97m/home/cvazquezperezdelacru/clio-core/context-runtime/src/ipc_manager.cc:2440 INFO 2481462 IncreaseClientShm IpcManager::IncreaseClientShm: Creating clio_2481437_210 with size 132545216 (98990784 + 33554432 overhead)[0m
[97m/home/cvazquezperezdelacru/clio-core/context-runtime/src/ipc_manager.cc:2485 INFO 2481462 IncreaseClientShm IpcManager::IncreaseClientShm: Created allocator clio_2481437_210 with ID (2481437.210)[0m
[31m/home/cvazquezperezdelacru/clio-core/context-runtime/src/scheduler/default_sched.cc:726 ERROR 2481466 LoadBalance [HANGWATCH-HB] processed=124788 outstanding=356 (queued=356 blocked=0 retry=0 periodic=6) live=4 live_stalled=0[0m
[97m/home/cvazquezperezdelacru/clio-core/context-runtime/src/ipc_manager.cc:2440 INFO 2481460 IncreaseClientShm IpcManager::IncreaseClientShm: Creating clio_2481437_211 with size 127186608 (93632176 + 33554432 overhead)[0m
[97m/home/cvazquezperezdelacru/clio-core/context-runtime/src/ipc_manager.cc:2485 INFO 2481460 IncreaseClientShm IpcManager::IncreaseClientShm: Created allocator clio_2481437_211 with ID (2481437.211)[0m
[97m/home/cvazquezperezdelacru/clio-core/context-runtime/src/ipc_manager.cc:2440 INFO 2481460 IncreaseClientShm IpcManager::IncreaseClientShm: Creating clio_2481437_212 with size 132545216 (98990784 + 33554432 overhead)[0m
[97m/home/cvazquezperezdelacru/clio-core/context-runtime/src/ipc_manager.cc:2485 INFO 2481460 IncreaseClientShm IpcManager::IncreaseClientShm: Created allocator clio_2481437_212 with ID (2481437.212)[0m
[97m/home/cvazquezperezdelacru/clio-core/context-runtime/src/ipc_manager.cc:2440 INFO 2481461 IncreaseClientShm IpcManager::IncreaseClientShm: Creating clio_2481437_213 with size 129096312 (95541880 + 33554432 overhead)[0m
[97m/home/cvazquezperezdelacru/clio-core/context-runtime/src/ipc_manager.cc:2485 INFO 2481461 IncreaseClientShm IpcManager::IncreaseClientShm: Created allocator clio_2481437_213 with ID (2481437.213)[0m
[97m/home/cvazquezperezdelacru/clio-core/context-runtime/src/ipc_manager.cc:2440 INFO 2481460 IncreaseClientShm IpcManager::IncreaseClientShm: Creating clio_2481437_214 with size 129096312 (95541880 + 33554432 overhead)[0m
[97m/home/cvazquezperezdelacru/clio-core/context-runtime/src/ipc_manager.cc:2485 INFO 2481460 IncreaseClientShm IpcManager::IncreaseClientShm: Created allocator clio_2481437_214 with ID (2481437.214)[0m
[97m/home/cvazquezperezdelacru/clio-core/context-runtime/src/ipc_manager.cc:2440 INFO 2481461 IncreaseClientShm IpcManager::IncreaseClientShm: Creating clio_2481437_215 with size 125370512 (91816080 + 33554432 overhead)[0m
[97m/home/cvazquezperezdelacru/clio-core/context-runtime/src/ipc_manager.cc:2485 INFO 2481461 IncreaseClientShm IpcManager::IncreaseClientShm: Created allocator clio_2481437_215 with ID (2481437.215)[0m
[97m/home/cvazquezperezdelacru/clio-core/context-runtime/src/ipc_manager.cc:2440 INFO 2481461 IncreaseClientShm IpcManager::IncreaseClientShm: Creating clio_2481437_216 with size 126621112 (93066680 + 33554432 overhead)[0m
[97m/home/cvazquezperezdelacru/clio-core/context-runtime/src/ipc_manager.cc:2485 INFO 2481461 IncreaseClientShm IpcManager::IncreaseClientShm: Created allocator clio_2481437_216 with ID (2481437.216)[0m
[97m/home/cvazquezperezdelacru/clio-core/context-runtime/src/ipc_manager.cc:2440 INFO 2481461 IncreaseClientShm IpcManager::IncreaseClientShm: Creating clio_2481437_217 with size 125089712 (91535280 + 33554432 overhead)[0m
[97m/home/cvazquezperezdelacru/clio-core/context-runtime/src/ipc_manager.cc:2485 INFO 2481461 IncreaseClientShm IpcManager::IncreaseClientShm: Created allocator clio_2481437_217 with ID (2481437.217)[0m
[97m/home/cvazquezperezdelacru/clio-core/context-runtime/src/ipc_manager.cc:2440 INFO 2481460 IncreaseClientShm IpcManager::IncreaseClientShm: Creating clio_2481437_218 with size 126121912 (92567480 + 33554432 overhead)[0m
[97m/home/cvazquezperezdelacru/clio-core/context-runtime/src/ipc_manager.cc:2485 INFO 2481460 IncreaseClientShm IpcManager::IncreaseClientShm: Created allocator clio_2481437_218 with ID (2481437.218)[0m
[97m/home/cvazquezperezdelacru/clio-core/context-runtime/src/ipc_manager.cc:2440 INFO 2481462 IncreaseClientShm IpcManager::IncreaseClientShm: Creating clio_2481437_219 with size 124719216 (91164784 + 33554432 overhead)[0m
[97m/home/cvazquezperezdelacru/clio-core/context-runtime/src/ipc_manager.cc:2485 INFO 2481462 IncreaseClientShm IpcManager::IncreaseClientShm: Created allocator clio_2481437_219 with ID (2481437.219)[0m
[33m/home/cvazquezperezdelacru/clio-core/context-runtime/src/scheduler/default_sched.cc:430 WARNING 2481466 LoadBalance [#781 PDF] observed exec-time bins (cumulative): <10us=791799 <50us=62810 <500us=29182 <10ms=34705 <50ms=1 <500ms=9 <1s=17 >=1s=1 | stalls_detected=0[0m
[33m/home/cvazquezperezdelacru/clio-core/context-runtime/src/scheduler/default_sched.cc:439 WARNING 2481466 LoadBalance [#785] lane rescues performed: 0[0m
[97m/home/cvazquezperezdelacru/clio-core/context-runtime/src/ipc_manager.cc:2440 INFO 2481461 IncreaseClientShm IpcManager::IncreaseClientShm: Creating clio_2481437_220 with size 127291912 (93737480 + 33554432 overhead)[0m
[97m/home/cvazquezperezdelacru/clio-core/context-runtime/src/ipc_manager.cc:2485 INFO 2481461 IncreaseClientShm IpcManager::IncreaseClientShm: Created allocator clio_2481437_220 with ID (2481437.220)[0m
[97m/home/cvazquezperezdelacru/clio-core/context-runtime/src/pool_manager.cc:431 INFO 2481437 DestroyLocalPool PoolManager: Destroyed local pool PoolId(major:1, minor:0)[0m
[31m/home/cvazquezperezdelacru/clio-core/context-runtime/src/ipc_manager.cc:3849 ERROR 2481465 RouteTask RouteTask: RouteLocal returned 4 for pool=PoolId(major:1, minor:0) method=21, worker=7[0m
[31m/home/cvazquezperezdelacru/clio-core/context-runtime/src/ipc_manager.cc:3849 ERROR 2481464 RouteTask RouteTask: RouteLocal returned 4 for pool=PoolId(major:1, minor:0) method=14, worker=6[0m
[31m/home/cvazquezperezdelacru/clio-core/context-runtime/src/ipc_manager.cc:3849 ERROR 2481465 RouteTask RouteTask: RouteLocal returned 4 for pool=PoolId(major:1, minor:0) method=21, worker=7[0m
[31m/home/cvazquezperezdelacru/clio-core/context-runtime/src/ipc_manager.cc:3849 ERROR 2481464 RouteTask RouteTask: RouteLocal returned 4 for pool=PoolId(major:1, minor:0) method=14, worker=6[0m
