[97m/home/cvazquezperezdelacru/clio-core/context-runtime/src/config_manager.cc:144 INFO 1812111 ClientInit Config at: /mnt/common/cvazquezperezdelacru/IOWARP/faiss/contrib/iowarp/benchmarks/results/ares_cte_rendered_20260805_211702.yaml[0m
[33m/home/cvazquezperezdelacru/clio-core/context-runtime/src/ipc_manager.cc:906 WARNING 1812111 ServerInitShm Main segment: requested 50079698944 bytes exceeds half the memory budget (50079698944 bytes); clamping to 25039849472 bytes[0m
[97m/home/cvazquezperezdelacru/clio-core/context-runtime/src/ipc_manager.cc:931 INFO 1812111 ServerInitShm Initializing main shared memory segment: 25039849472 bytes (23879 MB)[0m
[97m/home/cvazquezperezdelacru/clio-core/context-runtime/src/ipc_manager.cc:952 INFO 1812111 ServerInitShm Initializing queue shared memory segment: 646224224 bytes (631078 KB)[0m
[33m/home/cvazquezperezdelacru/clio-core/context-runtime/src/ipc_manager.cc:1005 WARNING 1812111 ServerInitShm Metadata segment: requested 50079698944 bytes exceeds half the memory budget (50079698944 bytes); clamping to 25039849472 bytes[0m
[97m/home/cvazquezperezdelacru/clio-core/context-runtime/src/ipc_manager.cc:1039 INFO 1812111 ServerInitShm Initializing metadata shared memory segment: 25039849472 bytes (23879 MB), sparse/not pre-faulted[0m
[97m/home/cvazquezperezdelacru/clio-core/context-runtime/src/ipc_manager.cc:865 INFO 1812111 ExcludeFromCoreDump metadata segment: excluded 25039849472 bytes from core dumps[0m
[97m/home/cvazquezperezdelacru/clio-core/context-runtime/src/ipc_manager.cc:1072 INFO 1812111 ServerInitShm ServerInitShm: metadata directory at offset 68072[0m
[97m/home/cvazquezperezdelacru/clio-core/context-runtime/src/ipc_manager.cc:1127 INFO 1812111 ServerInitShm ServerInitShm: 8 inbound SHM ring(s) 'clio-1812111-shm-in-0..7' (16MB each)[0m
[97m/home/cvazquezperezdelacru/clio-core/context-runtime/src/ipc_manager.cc:1269 INFO 1812111 ServerInitQueues Initializing 16 worker queues with depth 1024 (last worker serves dual role)[0m
[97m/home/cvazquezperezdelacru/clio-core/context-runtime/src/ipc_manager.cc:1933 INFO 1812111 IdentifyThisHost SUCCESS: Main server started on 0.0.0.0:9413 (advertised as ares-comp-10, node=0)[0m
[97m/home/cvazquezperezdelacru/clio-core/context-runtime/src/ipc_manager.cc:561 INFO 1812111 ServerInit IpcManager: TCP ROUTER transport bound on 0.0.0.0:9416[0m
[97m/home/cvazquezperezdelacru/clio-core/context-runtime/src/ipc_manager.cc:579 INFO 1812111 ServerInit IpcManager: IPC lightbeam server bound on /tmp/clio_cvazquezperezdelacru/clio_9413.ipc[0m
[97m/home/cvazquezperezdelacru/clio-core/context-runtime/src/module_manager.cc:137 INFO 1812111 LoadChiMod Loaded ChiMod: clio_MOD_NAME from /mnt/common/cvazquezperezdelacru/clio-core-dev-install/lib/libclio_MOD_NAME_runtime.so[0m
[97m/home/cvazquezperezdelacru/clio-core/context-runtime/src/module_manager.cc:137 INFO 1812111 LoadChiMod Loaded ChiMod: clio_admin from /mnt/common/cvazquezperezdelacru/clio-core-dev-install/lib/libclio_admin_runtime.so[0m
[97m/home/cvazquezperezdelacru/clio-core/context-runtime/src/module_manager.cc:137 INFO 1812111 LoadChiMod Loaded ChiMod: clio_bdev from /mnt/common/cvazquezperezdelacru/clio-core-dev-install/lib/libclio_bdev_runtime.so[0m
[97m/home/cvazquezperezdelacru/clio-core/context-runtime/src/module_manager.cc:137 INFO 1812111 LoadChiMod Loaded ChiMod: clio_safe_bdev from /mnt/common/cvazquezperezdelacru/clio-core-dev-install/lib/libclio_safe_bdev_runtime.so[0m
[97m/home/cvazquezperezdelacru/clio-core/context-runtime/src/module_manager.cc:137 INFO 1812111 LoadChiMod Loaded ChiMod: clio_cte_replication from /mnt/common/cvazquezperezdelacru/clio-core-dev-install/lib/libclio_cte_replication_runtime.so[0m
[97m/home/cvazquezperezdelacru/clio-core/context-runtime/src/module_manager.cc:137 INFO 1812111 LoadChiMod Loaded ChiMod: clio_cte_cache from /mnt/common/cvazquezperezdelacru/clio-core-dev-install/lib/libclio_cte_cache_runtime.so[0m
[97m/home/cvazquezperezdelacru/clio-core/context-runtime/src/module_manager.cc:137 INFO 1812111 LoadChiMod Loaded ChiMod: clio_cte_indexer from /mnt/common/cvazquezperezdelacru/clio-core-dev-install/lib/libclio_cte_indexer_runtime.so[0m
[97m/home/cvazquezperezdelacru/clio-core/context-runtime/src/module_manager.cc:137 INFO 1812111 LoadChiMod Loaded ChiMod: clio_cte_core from /mnt/common/cvazquezperezdelacru/clio-core-dev-install/lib/libclio_cte_core_runtime.so[0m
[97m/home/cvazquezperezdelacru/clio-core/context-runtime/src/module_manager.cc:137 INFO 1812111 LoadChiMod Loaded ChiMod: clio_cte_filesystem from /mnt/common/cvazquezperezdelacru/clio-core-dev-install/lib/libclio_cte_filesystem_runtime.so[0m
[97m/home/cvazquezperezdelacru/clio-core/context-runtime/src/module_manager.cc:137 INFO 1812111 LoadChiMod Loaded ChiMod: clio_faiss_ivf from /mnt/common/cvazquezperezdelacru/IOWARP/faiss/contrib/iowarp/build-dev/chimod/libclio_faiss_ivf_runtime.so[0m
[97m/home/cvazquezperezdelacru/clio-core/context-runtime/src/work_orchestrator.cc:94 INFO 1812111 Init Creating 8 workers (7 task + 1 dedicated network)[0m
[97m/home/cvazquezperezdelacru/clio-core/context-runtime/src/ipc_manager.cc:756 INFO 1812111 SetNumSchedQueues IpcManager: Updated num_sched_queues to 1[0m
[97m/home/cvazquezperezdelacru/clio-core/context-runtime/src/scheduler/default_sched.cc:139 INFO 1812111 DivideWorkers DefaultScheduler: 1 scheduler worker (0), 4 I/O workers, net_send_worker=6, net_recv_worker=7, gpu_worker=5[0m
[97m/home/cvazquezperezdelacru/clio-core/context-runtime/src/work_orchestrator.cc:271 INFO 1812111 SpawnWorkerThreads WorkOrchestrator: num_workers=8, num_lanes=16[0m
[97m/home/cvazquezperezdelacru/clio-core/context-runtime/src/work_orchestrator.cc:294 INFO 1812111 SpawnWorkerThreads WorkOrchestrator: Mapped worker 0 (ID 0) to lane 0[0m
[97m/home/cvazquezperezdelacru/clio-core/context-runtime/src/work_orchestrator.cc:294 INFO 1812111 SpawnWorkerThreads WorkOrchestrator: Mapped worker 1 (ID 1) to lane 1[0m
[97m/home/cvazquezperezdelacru/clio-core/context-runtime/src/work_orchestrator.cc:294 INFO 1812111 SpawnWorkerThreads WorkOrchestrator: Mapped worker 2 (ID 2) to lane 2[0m
[97m/home/cvazquezperezdelacru/clio-core/context-runtime/src/work_orchestrator.cc:294 INFO 1812111 SpawnWorkerThreads WorkOrchestrator: Mapped worker 3 (ID 3) to lane 3[0m
[97m/home/cvazquezperezdelacru/clio-core/context-runtime/src/work_orchestrator.cc:294 INFO 1812111 SpawnWorkerThreads WorkOrchestrator: Mapped worker 4 (ID 4) to lane 4[0m
[97m/home/cvazquezperezdelacru/clio-core/context-runtime/src/work_orchestrator.cc:294 INFO 1812111 SpawnWorkerThreads WorkOrchestrator: Mapped worker 5 (ID 5) to lane 5[0m
[97m/home/cvazquezperezdelacru/clio-core/context-runtime/src/work_orchestrator.cc:294 INFO 1812111 SpawnWorkerThreads WorkOrchestrator: Mapped worker 6 (ID 6) to lane 6[0m
[97m/home/cvazquezperezdelacru/clio-core/context-runtime/src/work_orchestrator.cc:294 INFO 1812111 SpawnWorkerThreads WorkOrchestrator: Mapped worker 7 (ID 7) to lane 7[0m
[97m/home/cvazquezperezdelacru/clio-core/context-runtime/src/pool_manager.cc:534 INFO 1812111 CreatePool PoolManager: Creating pool 'admin' with 2 containers (one per node)[0m
[33m/home/cvazquezperezdelacru/clio-core/context-runtime/modules/admin/include/clio_runtime/admin/admin_client.h:59 WARNING 1812111 Client AdminClient: Default constructor called - pool_id_ will be PoolId(0,0)[0m
[97m/home/cvazquezperezdelacru/clio-core/context-runtime/src/pool_manager.cc:615 INFO 1812111 CreatePool Creating container for pool PoolId(major:1, minor:0) on node 0 with container_id=0[0m
[97m/home/cvazquezperezdelacru/clio-core/context-runtime/src/pool_manager.cc:644 INFO 1812111 CreatePool Container initialized with pool ID PoolId(major:1, minor:0), name admin, and container ID 0[0m
[97m/home/cvazquezperezdelacru/clio-core/context-runtime/src/pool_manager.cc:663 INFO 1812111 CreatePool CreatePool: Running Create method for pool PoolId(major:1, minor:0)[0m
[97m/home/cvazquezperezdelacru/clio-core/context-runtime/src/ipc/ipc_run2run.cc:1254 INFO 1812141 operator() [ClientRecvThread] started[0m
[97m/home/cvazquezperezdelacru/clio-core/context-runtime/src/ipc/ipc_run2run.cc:1182 INFO 1812140 operator() [PeerRecvThread] started[0m
[97m/home/cvazquezperezdelacru/clio-core/context-runtime/src/pool_manager.cc:666 INFO 1812111 CreatePool CreatePool: Create method completed for pool PoolId(major:1, minor:0)[0m
[97m/home/cvazquezperezdelacru/clio-core/context-runtime/src/pool_manager.cc:700 INFO 1812111 CreatePool PoolManager: Created complete pool PoolId(major:1, minor:0) with ChiMod clio_admin (2 containers)[0m
[97m/home/cvazquezperezdelacru/clio-core/context-runtime/src/pool_manager.cc:125 INFO 1812111 ServerInit PoolManager: Admin chimod pool created successfully with PoolId PoolId(major:1, minor:0)[0m
[97m/home/cvazquezperezdelacru/clio-core/context-runtime/src/manager.cc:264 INFO 1812111 ServerInit Processing compose configuration with 3 pools[0m
[33m/home/cvazquezperezdelacru/clio-core/context-runtime/src/../modules/admin/include/clio_runtime/admin/admin_client.h:59 WARNING 1812111 Client AdminClient: Default constructor called - pool_id_ will be PoolId(0,0)[0m
[97m/home/cvazquezperezdelacru/clio-core/context-runtime/src/manager.cc:282 INFO 1812111 ServerInit Compose: Creating pool ram::chi_default_bdev (module: clio_bdev, restart: 0)[0m
[97m/home/cvazquezperezdelacru/clio-core/context-runtime/src/pool_manager.cc:534 INFO 1812135 CreatePool PoolManager: Creating pool 'ram::chi_default_bdev' with 2 containers (one per node)[0m
[97m/home/cvazquezperezdelacru/clio-core/context-runtime/src/pool_manager.cc:615 INFO 1812135 CreatePool Creating container for pool PoolId(major:301, minor:0) on node 0 with container_id=0[0m
[97m/home/cvazquezperezdelacru/clio-core/context-runtime/src/pool_manager.cc:644 INFO 1812135 CreatePool Container initialized with pool ID PoolId(major:301, minor:0), name ram::chi_default_bdev, and container ID 0[0m
[97m/home/cvazquezperezdelacru/clio-core/context-runtime/src/pool_manager.cc:663 INFO 1812135 CreatePool CreatePool: Running Create method for pool PoolId(major:301, minor:0)[0m
[97m/home/cvazquezperezdelacru/clio-core/context-runtime/modules/bdev/src/transports/mem_bdev_transport.cc:152 INFO 1812135 InitShmBacking [#783] RAM bdev 'clio_rambdev_1812111_301_0' is shared-memory backed (38655688704 of 38654705664 bytes mapped)[0m
[97m/home/cvazquezperezdelacru/clio-core/context-runtime/src/pool_manager.cc:666 INFO 1812135 CreatePool CreatePool: Create method completed for pool PoolId(major:301, minor:0)[0m
[97m/home/cvazquezperezdelacru/clio-core/context-runtime/src/pool_manager.cc:700 INFO 1812135 CreatePool PoolManager: Created complete pool PoolId(major:301, minor:0) with ChiMod clio_bdev (2 containers)[0m
[97m/home/cvazquezperezdelacru/clio-core/context-runtime/src/manager.cc:298 INFO 1812111 ServerInit Compose: Successfully created pool ram::chi_default_bdev (module: clio_bdev)[0m
[97m/home/cvazquezperezdelacru/clio-core/context-runtime/src/manager.cc:282 INFO 1812111 ServerInit Compose: Creating pool cte_main (module: clio_cte_core, restart: 0)[0m
[97m/home/cvazquezperezdelacru/clio-core/context-runtime/src/pool_manager.cc:534 INFO 1812132 CreatePool PoolManager: Creating pool 'cte_main' with 2 containers (one per node)[0m
[97m/home/cvazquezperezdelacru/clio-core/context-runtime/src/pool_manager.cc:615 INFO 1812132 CreatePool Creating container for pool PoolId(major:512, minor:0) on node 0 with container_id=0[0m
[97m/home/cvazquezperezdelacru/clio-core/context-runtime/src/pool_manager.cc:644 INFO 1812132 CreatePool Container initialized with pool ID PoolId(major:512, minor:0), name cte_main, and container ID 0[0m
[97m/home/cvazquezperezdelacru/clio-core/context-runtime/src/pool_manager.cc:663 INFO 1812132 CreatePool CreatePool: Running Create method for pool PoolId(major:512, minor:0)[0m
[97m/home/cvazquezperezdelacru/clio-core/context-transfer-engine/core/src/core_config.cc:642 INFO 1812132 ParseStorageConfig Parsed 2 storage devices[0m
[97m/home/cvazquezperezdelacru/clio-core/context-transfer-engine/core/src/core_config.cc:660 INFO 1812132 ParseDpeConfig Parsed DPE configuration: type=max_bw[0m
[97m/home/cvazquezperezdelacru/clio-core/context-transfer-engine/core/src/core_config.cc:111 INFO 1812132 LoadFromString Configuration loaded successfully from YAML string[0m
[97m/home/cvazquezperezdelacru/clio-core/context-runtime/src/pool_manager.cc:534 INFO 1812131 CreatePool PoolManager: Creating pool 'ram::cte_ram_tier_node1' with 2 containers (one per node)[0m
[97m/home/cvazquezperezdelacru/clio-core/context-runtime/src/pool_manager.cc:615 INFO 1812131 CreatePool Creating container for pool PoolId(major:512, minor:2) on node 0 with container_id=0[0m
[97m/home/cvazquezperezdelacru/clio-core/context-runtime/src/pool_manager.cc:644 INFO 1812131 CreatePool Container initialized with pool ID PoolId(major:512, minor:2), name ram::cte_ram_tier_node1, and container ID 0[0m
[97m/home/cvazquezperezdelacru/clio-core/context-runtime/src/pool_manager.cc:663 INFO 1812131 CreatePool CreatePool: Running Create method for pool PoolId(major:512, minor:2)[0m
[97m/home/cvazquezperezdelacru/clio-core/context-runtime/modules/bdev/src/transports/mem_bdev_transport.cc:152 INFO 1812131 InitShmBacking [#783] RAM bdev 'clio_rambdev_1812111_512_2' is shared-memory backed (23623303168 of 23622320128 bytes mapped)[0m
[97m/home/cvazquezperezdelacru/clio-core/context-runtime/src/pool_manager.cc:666 INFO 1812131 CreatePool CreatePool: Create method completed for pool PoolId(major:512, minor:2)[0m
[97m/home/cvazquezperezdelacru/clio-core/context-runtime/src/pool_manager.cc:700 INFO 1812131 CreatePool PoolManager: Created complete pool PoolId(major:512, minor:2) with ChiMod clio_bdev (2 containers)[0m
[97m/home/cvazquezperezdelacru/clio-core/context-runtime/src/ipc_manager.cc:2295 INFO 1812137 GetOrCreateClient [ClientPool] Creating new persistent connection to ares-comp-11:9413#resp[0m
[97m/home/cvazquezperezdelacru/clio-core/context-runtime/src/../../context-transport-primitives/include/clio_ctp/lightbeam/zmq_transport.h:152 INFO 1812137 GetSharedContext [ZeroMqTransport] Created shared context with 8 I/O threads[0m
[97m/home/cvazquezperezdelacru/clio-core/context-runtime/src/ipc_manager.cc:2315 INFO 1812137 GetOrCreateClient [ClientPool] Connection established to ares-comp-11:9413#resp[0m
[97m/home/cvazquezperezdelacru/clio-core/context-runtime/src/pool_manager.cc:534 INFO 1812131 CreatePool PoolManager: Creating pool '/mnt/nvme/cvazquezperezdelacru/cte_tier_node1' with 2 containers (one per node)[0m
[97m/home/cvazquezperezdelacru/clio-core/context-runtime/src/pool_manager.cc:615 INFO 1812131 CreatePool Creating container for pool PoolId(major:513, minor:2) on node 0 with container_id=0[0m
[97m/home/cvazquezperezdelacru/clio-core/context-runtime/src/pool_manager.cc:644 INFO 1812131 CreatePool Container initialized with pool ID PoolId(major:513, minor:2), name /mnt/nvme/cvazquezperezdelacru/cte_tier_node1, and container ID 0[0m
[97m/home/cvazquezperezdelacru/clio-core/context-runtime/src/pool_manager.cc:663 INFO 1812131 CreatePool CreatePool: Running Create method for pool PoolId(major:513, minor:2)[0m
[97m/home/cvazquezperezdelacru/clio-core/context-transfer-engine/core/src/core_runtime.cc:590 INFO 1812132 Create CTE: shared-memory metadata cache enabled (tags=65536, blobs=262144, root_off=488)[0m
[97m/home/cvazquezperezdelacru/clio-core/context-runtime/src/ipc_manager.cc:2295 INFO 1812137 GetOrCreateClient [ClientPool] Creating new persistent connection to ares-comp-10:9413[0m
[97m/home/cvazquezperezdelacru/clio-core/context-runtime/src/ipc_manager.cc:2315 INFO 1812137 GetOrCreateClient [ClientPool] Connection established to ares-comp-10:9413[0m
[97m/home/cvazquezperezdelacru/clio-core/context-runtime/src/ipc_manager.cc:2295 INFO 1812137 GetOrCreateClient [ClientPool] Creating new persistent connection to ares-comp-11:9413[0m
[97m/home/cvazquezperezdelacru/clio-core/context-runtime/src/ipc_manager.cc:2315 INFO 1812137 GetOrCreateClient [ClientPool] Connection established to ares-comp-11:9413[0m
[97m/home/cvazquezperezdelacru/clio-core/context-runtime/src/ipc_manager.cc:2295 INFO 1812141 GetOrCreateClient [ClientPool] Creating new persistent connection to 127.0.0.1:34189[0m
[97m/home/cvazquezperezdelacru/clio-core/context-runtime/src/ipc_manager.cc:2315 INFO 1812141 GetOrCreateClient [ClientPool] Connection established to 127.0.0.1:34189[0m
[97m/home/cvazquezperezdelacru/clio-core/context-runtime/src/pool_manager.cc:666 INFO 1812131 CreatePool CreatePool: Create method completed for pool PoolId(major:513, minor:2)[0m
[97m/home/cvazquezperezdelacru/clio-core/context-runtime/src/pool_manager.cc:700 INFO 1812131 CreatePool PoolManager: Created complete pool PoolId(major:513, minor:2) with ChiMod clio_bdev (2 containers)[0m
[97m/home/cvazquezperezdelacru/clio-core/context-runtime/src/pool_manager.cc:534 INFO 1812131 CreatePool PoolManager: Creating pool 'ram::cte_ram_tier_node0' with 2 containers (one per node)[0m
[97m/home/cvazquezperezdelacru/clio-core/context-runtime/src/pool_manager.cc:615 INFO 1812131 CreatePool Creating container for pool PoolId(major:512, minor:1) on node 0 with container_id=0[0m
[97m/home/cvazquezperezdelacru/clio-core/context-runtime/src/pool_manager.cc:644 INFO 1812131 CreatePool Container initialized with pool ID PoolId(major:512, minor:1), name ram::cte_ram_tier_node0, and container ID 0[0m
[97m/home/cvazquezperezdelacru/clio-core/context-runtime/src/pool_manager.cc:663 INFO 1812131 CreatePool CreatePool: Running Create method for pool PoolId(major:512, minor:1)[0m
[97m/home/cvazquezperezdelacru/clio-core/context-runtime/modules/bdev/src/transports/mem_bdev_transport.cc:152 INFO 1812131 InitShmBacking [#783] RAM bdev 'clio_rambdev_1812111_512_1' is shared-memory backed (23623303168 of 23622320128 bytes mapped)[0m
[97m/home/cvazquezperezdelacru/clio-core/context-runtime/src/pool_manager.cc:666 INFO 1812131 CreatePool CreatePool: Create method completed for pool PoolId(major:512, minor:1)[0m
[97m/home/cvazquezperezdelacru/clio-core/context-runtime/src/pool_manager.cc:700 INFO 1812131 CreatePool PoolManager: Created complete pool PoolId(major:512, minor:1) with ChiMod clio_bdev (2 containers)[0m
[97m/home/cvazquezperezdelacru/clio-core/context-runtime/src/ipc_manager.cc:2295 INFO 1812137 GetOrCreateClient [ClientPool] Creating new persistent connection to ares-comp-10:9413#resp[0m
[97m/home/cvazquezperezdelacru/clio-core/context-runtime/src/ipc_manager.cc:2315 INFO 1812137 GetOrCreateClient [ClientPool] Connection established to ares-comp-10:9413#resp[0m
[97m/home/cvazquezperezdelacru/clio-core/context-runtime/modules/admin/src/admin_runtime.cc:1213 INFO 1812131 RegisterMemory Admin::RegisterMemory: Registering CPU alloc_id (1812154.0)[0m
[97m/home/cvazquezperezdelacru/clio-core/context-runtime/src/ipc_manager.cc:2539 INFO 1812131 RegisterMemory IpcManager::RegisterMemory: Registering clio_1812154_0 from pid 1812154[0m
[97m/home/cvazquezperezdelacru/clio-core/context-runtime/src/ipc_manager.cc:2582 INFO 1812131 RegisterMemory IpcManager::RegisterMemory: Successfully registered clio_1812154_0[0m
[97m/home/cvazquezperezdelacru/clio-core/context-runtime/src/pool_manager.cc:534 INFO 1812131 CreatePool PoolManager: Creating pool '/mnt/nvme/cvazquezperezdelacru/cte_tier_node0' with 2 containers (one per node)[0m
[97m/home/cvazquezperezdelacru/clio-core/context-runtime/src/pool_manager.cc:615 INFO 1812131 CreatePool Creating container for pool PoolId(major:513, minor:1) on node 0 with container_id=0[0m
[97m/home/cvazquezperezdelacru/clio-core/context-runtime/src/pool_manager.cc:644 INFO 1812131 CreatePool Container initialized with pool ID PoolId(major:513, minor:1), name /mnt/nvme/cvazquezperezdelacru/cte_tier_node0, and container ID 0[0m
[97m/home/cvazquezperezdelacru/clio-core/context-runtime/src/pool_manager.cc:663 INFO 1812131 CreatePool CreatePool: Running Create method for pool PoolId(major:513, minor:1)[0m
[97m/home/cvazquezperezdelacru/clio-core/context-runtime/src/pool_manager.cc:666 INFO 1812131 CreatePool CreatePool: Create method completed for pool PoolId(major:513, minor:1)[0m
[97m/home/cvazquezperezdelacru/clio-core/context-runtime/src/pool_manager.cc:700 INFO 1812131 CreatePool PoolManager: Created complete pool PoolId(major:513, minor:1) with ChiMod clio_bdev (2 containers)[0m
[97m/home/cvazquezperezdelacru/clio-core/context-transfer-engine/core/src/core_runtime.cc:708 INFO 1812132 Create CTE Core container created and initialized for pool: cte_main (ID: PoolId(major:512, minor:0))[0m
[97m/home/cvazquezperezdelacru/clio-core/context-transfer-engine/core/src/core_runtime.cc:712 INFO 1812132 Create Configuration: neighborhood=1, poll_period_ms=5000, stat_targets_period_ms=5000[0m
[97m/home/cvazquezperezdelacru/clio-core/context-transfer-engine/core/src/core_runtime.cc:754 INFO 1812132 Create Starting periodic StatTargets task with period 5000 ms[0m
[97m/home/cvazquezperezdelacru/clio-core/context-runtime/src/pool_manager.cc:666 INFO 1812132 CreatePool CreatePool: Create method completed for pool PoolId(major:512, minor:0)[0m
[97m/home/cvazquezperezdelacru/clio-core/context-runtime/src/pool_manager.cc:700 INFO 1812132 CreatePool PoolManager: Created complete pool PoolId(major:512, minor:0) with ChiMod clio_cte_core (2 containers)[0m
[97m/home/cvazquezperezdelacru/clio-core/context-runtime/src/manager.cc:298 INFO 1812111 ServerInit Compose: Successfully created pool cte_main (module: clio_cte_core)[0m
[97m/home/cvazquezperezdelacru/clio-core/context-runtime/src/manager.cc:282 INFO 1812111 ServerInit Compose: Creating pool faiss_ivf_main (module: clio_faiss_ivf, restart: 0)[0m
[97m/home/cvazquezperezdelacru/clio-core/context-runtime/src/pool_manager.cc:534 INFO 1812134 CreatePool PoolManager: Creating pool 'faiss_ivf_main' with 2 containers (one per node)[0m
[97m/home/cvazquezperezdelacru/clio-core/context-runtime/src/pool_manager.cc:615 INFO 1812134 CreatePool Creating container for pool PoolId(major:600, minor:0) on node 0 with container_id=0[0m
[97m/home/cvazquezperezdelacru/clio-core/context-runtime/src/pool_manager.cc:644 INFO 1812134 CreatePool Container initialized with pool ID PoolId(major:600, minor:0), name faiss_ivf_main, and container ID 0[0m
[97m/home/cvazquezperezdelacru/clio-core/context-runtime/src/pool_manager.cc:663 INFO 1812134 CreatePool CreatePool: Running Create method for pool PoolId(major:600, minor:0)[0m
[97m/home/cvazquezperezdelacru/clio-core/context-runtime/src/pool_manager.cc:666 INFO 1812134 CreatePool CreatePool: Create method completed for pool PoolId(major:600, minor:0)[0m
[97m/home/cvazquezperezdelacru/clio-core/context-runtime/src/pool_manager.cc:700 INFO 1812134 CreatePool PoolManager: Created complete pool PoolId(major:600, minor:0) with ChiMod clio_faiss_ivf (2 containers)[0m
[97m/home/cvazquezperezdelacru/clio-core/context-runtime/src/manager.cc:298 INFO 1812111 ServerInit Compose: Successfully created pool faiss_ivf_main (module: clio_faiss_ivf)[0m
[97m/home/cvazquezperezdelacru/clio-core/context-runtime/src/manager.cc:304 INFO 1812111 ServerInit Compose: All 3 pools created successfully[0m
[32m/home/cvazquezperezdelacru/clio-core/context-runtime/src/ipc_manager.cc:1368 SUCCESS 1812111 StartLocalServer Successfully started local server at 127.0.0.1:9414[0m
[97m/home/cvazquezperezdelacru/clio-core/context-runtime/src/manager.cc:137 INFO 1812111 ClientInit RuntimeManager::ClientInit[0m
[97m/home/cvazquezperezdelacru/clio-core/context-runtime/src/manager.cc:181 INFO 1812111 ClientInit ClientInit: g_admin already exists, pool_id_=PoolId(major:0, minor:0)[0m
[97m/home/cvazquezperezdelacru/clio-core/context-runtime/src/pool_manager.cc:534 INFO 1812131 CreatePool PoolManager: Creating pool 'clio_cte_core' with 2 containers (one per node)[0m
[97m/home/cvazquezperezdelacru/clio-core/context-runtime/src/pool_manager.cc:575 INFO 1812131 CreatePool PoolManager: Pool PoolId(major:512, minor:0) already exists by ID, returning existing pool[0m
[33m/home/cvazquezperezdelacru/clio-core/context-runtime/src/scheduler/default_sched.cc:430 WARNING 1812139 LoadBalance [#781 PDF] observed exec-time bins (cumulative): <10us=63054 <50us=488 <500us=123 <10ms=170 <50ms=7 <500ms=5 <1s=0 >=1s=0 | stalls_detected=0[0m
[33m/home/cvazquezperezdelacru/clio-core/context-runtime/src/scheduler/default_sched.cc:439 WARNING 1812139 LoadBalance [#785] lane rescues performed: 0[0m
[33m/home/cvazquezperezdelacru/clio-core/context-runtime/src/scheduler/default_sched.cc:430 WARNING 1812139 LoadBalance [#781 PDF] observed exec-time bins (cumulative): <10us=132734 <50us=1805 <500us=304 <10ms=458 <50ms=14 <500ms=8 <1s=0 >=1s=0 | stalls_detected=0[0m
[33m/home/cvazquezperezdelacru/clio-core/context-runtime/src/scheduler/default_sched.cc:439 WARNING 1812139 LoadBalance [#785] lane rescues performed: 0[0m
[33m/home/cvazquezperezdelacru/clio-core/context-runtime/src/scheduler/default_sched.cc:430 WARNING 1812139 LoadBalance [#781 PDF] observed exec-time bins (cumulative): <10us=201078 <50us=2685 <500us=425 <10ms=664 <50ms=14 <500ms=14 <1s=0 >=1s=0 | stalls_detected=0[0m
[33m/home/cvazquezperezdelacru/clio-core/context-runtime/src/scheduler/default_sched.cc:439 WARNING 1812139 LoadBalance [#785] lane rescues performed: 0[0m
[33m/home/cvazquezperezdelacru/clio-core/context-runtime/src/scheduler/default_sched.cc:430 WARNING 1812139 LoadBalance [#781 PDF] observed exec-time bins (cumulative): <10us=268393 <50us=5549 <500us=581 <10ms=908 <50ms=17 <500ms=18 <1s=0 >=1s=0 | stalls_detected=0[0m
[33m/home/cvazquezperezdelacru/clio-core/context-runtime/src/scheduler/default_sched.cc:439 WARNING 1812139 LoadBalance [#785] lane rescues performed: 0[0m
[33m/home/cvazquezperezdelacru/clio-core/context-runtime/src/scheduler/default_sched.cc:430 WARNING 1812139 LoadBalance [#781 PDF] observed exec-time bins (cumulative): <10us=338944 <50us=6434 <500us=752 <10ms=1213 <50ms=17 <500ms=26 <1s=0 >=1s=0 | stalls_detected=0[0m
[33m/home/cvazquezperezdelacru/clio-core/context-runtime/src/scheduler/default_sched.cc:439 WARNING 1812139 LoadBalance [#785] lane rescues performed: 0[0m
[33m/home/cvazquezperezdelacru/clio-core/context-runtime/src/scheduler/default_sched.cc:430 WARNING 1812139 LoadBalance [#781 PDF] observed exec-time bins (cumulative): <10us=407823 <50us=7727 <500us=893 <10ms=1449 <50ms=19 <500ms=31 <1s=0 >=1s=0 | stalls_detected=0[0m
[33m/home/cvazquezperezdelacru/clio-core/context-runtime/src/scheduler/default_sched.cc:439 WARNING 1812139 LoadBalance [#785] lane rescues performed: 0[0m
[33m/home/cvazquezperezdelacru/clio-core/context-runtime/src/scheduler/default_sched.cc:430 WARNING 1812139 LoadBalance [#781 PDF] observed exec-time bins (cumulative): <10us=475305 <50us=9247 <500us=1010 <10ms=1658 <50ms=22 <500ms=36 <1s=0 >=1s=0 | stalls_detected=0[0m
[33m/home/cvazquezperezdelacru/clio-core/context-runtime/src/scheduler/default_sched.cc:439 WARNING 1812139 LoadBalance [#785] lane rescues performed: 0[0m
[33m/home/cvazquezperezdelacru/clio-core/context-runtime/src/scheduler/default_sched.cc:430 WARNING 1812139 LoadBalance [#781 PDF] observed exec-time bins (cumulative): <10us=543012 <50us=10577 <500us=1121 <10ms=1869 <50ms=22 <500ms=41 <1s=0 >=1s=0 | stalls_detected=0[0m
[33m/home/cvazquezperezdelacru/clio-core/context-runtime/src/scheduler/default_sched.cc:439 WARNING 1812139 LoadBalance [#785] lane rescues performed: 0[0m
[33m/home/cvazquezperezdelacru/clio-core/context-runtime/src/scheduler/default_sched.cc:430 WARNING 1812139 LoadBalance [#781 PDF] observed exec-time bins (cumulative): <10us=610717 <50us=11746 <500us=1271 <10ms=2080 <50ms=23 <500ms=45 <1s=0 >=1s=0 | stalls_detected=0[0m
[33m/home/cvazquezperezdelacru/clio-core/context-runtime/src/scheduler/default_sched.cc:439 WARNING 1812139 LoadBalance [#785] lane rescues performed: 0[0m
[33m/home/cvazquezperezdelacru/clio-core/context-runtime/src/scheduler/default_sched.cc:430 WARNING 1812139 LoadBalance [#781 PDF] observed exec-time bins (cumulative): <10us=678508 <50us=13377 <500us=1433 <10ms=2313 <50ms=23 <500ms=50 <1s=0 >=1s=0 | stalls_detected=0[0m
[33m/home/cvazquezperezdelacru/clio-core/context-runtime/src/scheduler/default_sched.cc:439 WARNING 1812139 LoadBalance [#785] lane rescues performed: 0[0m
[33m/home/cvazquezperezdelacru/clio-core/context-runtime/src/scheduler/default_sched.cc:430 WARNING 1812139 LoadBalance [#781 PDF] observed exec-time bins (cumulative): <10us=747686 <50us=14908 <500us=1664 <10ms=2581 <50ms=25 <500ms=54 <1s=0 >=1s=0 | stalls_detected=0[0m
[33m/home/cvazquezperezdelacru/clio-core/context-runtime/src/scheduler/default_sched.cc:439 WARNING 1812139 LoadBalance [#785] lane rescues performed: 0[0m
[33m/home/cvazquezperezdelacru/clio-core/context-runtime/src/scheduler/default_sched.cc:430 WARNING 1812139 LoadBalance [#781 PDF] observed exec-time bins (cumulative): <10us=815513 <50us=16332 <500us=1899 <10ms=2833 <50ms=27 <500ms=59 <1s=0 >=1s=0 | stalls_detected=0[0m
[33m/home/cvazquezperezdelacru/clio-core/context-runtime/src/scheduler/default_sched.cc:439 WARNING 1812139 LoadBalance [#785] lane rescues performed: 0[0m
[33m/home/cvazquezperezdelacru/clio-core/context-runtime/src/scheduler/default_sched.cc:430 WARNING 1812139 LoadBalance [#781 PDF] observed exec-time bins (cumulative): <10us=882374 <50us=18738 <500us=2037 <10ms=3076 <50ms=28 <500ms=64 <1s=0 >=1s=0 | stalls_detected=0[0m
[33m/home/cvazquezperezdelacru/clio-core/context-runtime/src/scheduler/default_sched.cc:439 WARNING 1812139 LoadBalance [#785] lane rescues performed: 0[0m
[33m/home/cvazquezperezdelacru/clio-core/context-runtime/src/scheduler/default_sched.cc:430 WARNING 1812139 LoadBalance [#781 PDF] observed exec-time bins (cumulative): <10us=951321 <50us=20827 <500us=2182 <10ms=3329 <50ms=35 <500ms=68 <1s=0 >=1s=0 | stalls_detected=0[0m
[33m/home/cvazquezperezdelacru/clio-core/context-runtime/src/scheduler/default_sched.cc:439 WARNING 1812139 LoadBalance [#785] lane rescues performed: 0[0m
[33m/home/cvazquezperezdelacru/clio-core/context-runtime/src/scheduler/default_sched.cc:430 WARNING 1812139 LoadBalance [#781 PDF] observed exec-time bins (cumulative): <10us=1019796 <50us=22040 <500us=2314 <10ms=3551 <50ms=36 <500ms=73 <1s=0 >=1s=0 | stalls_detected=0[0m
[33m/home/cvazquezperezdelacru/clio-core/context-runtime/src/scheduler/default_sched.cc:439 WARNING 1812139 LoadBalance [#785] lane rescues performed: 0[0m
[33m/home/cvazquezperezdelacru/clio-core/context-runtime/src/scheduler/default_sched.cc:430 WARNING 1812139 LoadBalance [#781 PDF] observed exec-time bins (cumulative): <10us=1088592 <50us=22886 <500us=2436 <10ms=3758 <50ms=37 <500ms=77 <1s=0 >=1s=0 | stalls_detected=0[0m
[33m/home/cvazquezperezdelacru/clio-core/context-runtime/src/scheduler/default_sched.cc:439 WARNING 1812139 LoadBalance [#785] lane rescues performed: 0[0m
[33m/home/cvazquezperezdelacru/clio-core/context-runtime/src/scheduler/default_sched.cc:430 WARNING 1812139 LoadBalance [#781 PDF] observed exec-time bins (cumulative): <10us=1157764 <50us=23862 <500us=2579 <10ms=3990 <50ms=38 <500ms=83 <1s=0 >=1s=0 | stalls_detected=0[0m
[33m/home/cvazquezperezdelacru/clio-core/context-runtime/src/scheduler/default_sched.cc:439 WARNING 1812139 LoadBalance [#785] lane rescues performed: 0[0m
[31m/home/cvazquezperezdelacru/clio-core/context-runtime/src/scheduler/default_sched.cc:726 ERROR 1812139 LoadBalance [HANGWATCH-HB] processed=8625 outstanding=1 (queued=1 blocked=0 retry=0 periodic=7) live=1 live_stalled=0[0m
[33m/home/cvazquezperezdelacru/clio-core/context-runtime/src/scheduler/default_sched.cc:430 WARNING 1812139 LoadBalance [#781 PDF] observed exec-time bins (cumulative): <10us=1226888 <50us=25284 <500us=2788 <10ms=4284 <50ms=42 <500ms=90 <1s=0 >=1s=0 | stalls_detected=0[0m
[33m/home/cvazquezperezdelacru/clio-core/context-runtime/src/scheduler/default_sched.cc:439 WARNING 1812139 LoadBalance [#785] lane rescues performed: 0[0m
[33m/home/cvazquezperezdelacru/clio-core/context-runtime/src/scheduler/default_sched.cc:430 WARNING 1812139 LoadBalance [#781 PDF] observed exec-time bins (cumulative): <10us=1298123 <50us=25867 <500us=2956 <10ms=4544 <50ms=43 <500ms=97 <1s=0 >=1s=0 | stalls_detected=0[0m
[33m/home/cvazquezperezdelacru/clio-core/context-runtime/src/scheduler/default_sched.cc:439 WARNING 1812139 LoadBalance [#785] lane rescues performed: 0[0m
[33m/home/cvazquezperezdelacru/clio-core/context-runtime/src/scheduler/default_sched.cc:430 WARNING 1812139 LoadBalance [#781 PDF] observed exec-time bins (cumulative): <10us=1368263 <50us=26766 <500us=3117 <10ms=4796 <50ms=48 <500ms=102 <1s=0 >=1s=0 | stalls_detected=0[0m
[33m/home/cvazquezperezdelacru/clio-core/context-runtime/src/scheduler/default_sched.cc:439 WARNING 1812139 LoadBalance [#785] lane rescues performed: 0[0m
[33m/home/cvazquezperezdelacru/clio-core/context-runtime/src/scheduler/default_sched.cc:430 WARNING 1812139 LoadBalance [#781 PDF] observed exec-time bins (cumulative): <10us=1437595 <50us=28262 <500us=3256 <10ms=5010 <50ms=49 <500ms=105 <1s=0 >=1s=0 | stalls_detected=0[0m
[33m/home/cvazquezperezdelacru/clio-core/context-runtime/src/scheduler/default_sched.cc:439 WARNING 1812139 LoadBalance [#785] lane rescues performed: 0[0m
[31m/home/cvazquezperezdelacru/clio-core/context-runtime/src/scheduler/default_sched.cc:726 ERROR 1812139 LoadBalance [HANGWATCH-HB] processed=10527 outstanding=1 (queued=1 blocked=0 retry=0 periodic=7) live=1 live_stalled=0[0m
[33m/home/cvazquezperezdelacru/clio-core/context-runtime/src/scheduler/default_sched.cc:430 WARNING 1812139 LoadBalance [#781 PDF] observed exec-time bins (cumulative): <10us=1504722 <50us=29733 <500us=3357 <10ms=5175 <50ms=50 <500ms=108 <1s=0 >=1s=0 | stalls_detected=0[0m
[33m/home/cvazquezperezdelacru/clio-core/context-runtime/src/scheduler/default_sched.cc:439 WARNING 1812139 LoadBalance [#785] lane rescues performed: 0[0m
[33m/home/cvazquezperezdelacru/clio-core/context-runtime/src/scheduler/default_sched.cc:430 WARNING 1812139 LoadBalance [#781 PDF] observed exec-time bins (cumulative): <10us=1573215 <50us=30517 <500us=3454 <10ms=5353 <50ms=51 <500ms=112 <1s=0 >=1s=0 | stalls_detected=0[0m
[33m/home/cvazquezperezdelacru/clio-core/context-runtime/src/scheduler/default_sched.cc:439 WARNING 1812139 LoadBalance [#785] lane rescues performed: 0[0m
[33m/home/cvazquezperezdelacru/clio-core/context-runtime/src/scheduler/default_sched.cc:430 WARNING 1812139 LoadBalance [#781 PDF] observed exec-time bins (cumulative): <10us=1642670 <50us=31649 <500us=3582 <10ms=5579 <50ms=52 <500ms=117 <1s=0 >=1s=0 | stalls_detected=0[0m
[33m/home/cvazquezperezdelacru/clio-core/context-runtime/src/scheduler/default_sched.cc:439 WARNING 1812139 LoadBalance [#785] lane rescues performed: 0[0m
[33m/home/cvazquezperezdelacru/clio-core/context-runtime/src/scheduler/default_sched.cc:430 WARNING 1812139 LoadBalance [#781 PDF] observed exec-time bins (cumulative): <10us=1711099 <50us=33406 <500us=3773 <10ms=5830 <50ms=53 <500ms=123 <1s=0 >=1s=0 | stalls_detected=0[0m
[33m/home/cvazquezperezdelacru/clio-core/context-runtime/src/scheduler/default_sched.cc:439 WARNING 1812139 LoadBalance [#785] lane rescues performed: 0[0m
[33m/home/cvazquezperezdelacru/clio-core/context-runtime/src/scheduler/default_sched.cc:430 WARNING 1812139 LoadBalance [#781 PDF] observed exec-time bins (cumulative): <10us=1778802 <50us=34828 <500us=3923 <10ms=6045 <50ms=53 <500ms=128 <1s=0 >=1s=0 | stalls_detected=0[0m
[33m/home/cvazquezperezdelacru/clio-core/context-runtime/src/scheduler/default_sched.cc:439 WARNING 1812139 LoadBalance [#785] lane rescues performed: 0[0m
[33m/home/cvazquezperezdelacru/clio-core/context-runtime/src/scheduler/default_sched.cc:430 WARNING 1812139 LoadBalance [#781 PDF] observed exec-time bins (cumulative): <10us=1850790 <50us=35980 <500us=4118 <10ms=6330 <50ms=55 <500ms=133 <1s=0 >=1s=0 | stalls_detected=0[0m
[33m/home/cvazquezperezdelacru/clio-core/context-runtime/src/scheduler/default_sched.cc:439 WARNING 1812139 LoadBalance [#785] lane rescues performed: 0[0m
[31m/home/cvazquezperezdelacru/clio-core/context-runtime/src/scheduler/default_sched.cc:726 ERROR 1812139 LoadBalance [HANGWATCH-HB] processed=13297 outstanding=3 (queued=3 blocked=0 retry=0 periodic=7) live=1 live_stalled=0[0m
[33m/home/cvazquezperezdelacru/clio-core/context-runtime/src/scheduler/default_sched.cc:430 WARNING 1812139 LoadBalance [#781 PDF] observed exec-time bins (cumulative): <10us=1920095 <50us=37656 <500us=4320 <10ms=6623 <50ms=58 <500ms=138 <1s=0 >=1s=0 | stalls_detected=0[0m
[33m/home/cvazquezperezdelacru/clio-core/context-runtime/src/scheduler/default_sched.cc:439 WARNING 1812139 LoadBalance [#785] lane rescues performed: 0[0m
[33m/home/cvazquezperezdelacru/clio-core/context-runtime/src/scheduler/default_sched.cc:430 WARNING 1812139 LoadBalance [#781 PDF] observed exec-time bins (cumulative): <10us=1989535 <50us=39398 <500us=4503 <10ms=6929 <50ms=62 <500ms=143 <1s=0 >=1s=0 | stalls_detected=0[0m
[33m/home/cvazquezperezdelacru/clio-core/context-runtime/src/scheduler/default_sched.cc:439 WARNING 1812139 LoadBalance [#785] lane rescues performed: 0[0m
[33m/home/cvazquezperezdelacru/clio-core/context-runtime/src/scheduler/default_sched.cc:430 WARNING 1812139 LoadBalance [#781 PDF] observed exec-time bins (cumulative): <10us=2058624 <50us=41928 <500us=4669 <10ms=7219 <50ms=67 <500ms=148 <1s=0 >=1s=0 | stalls_detected=0[0m
[33m/home/cvazquezperezdelacru/clio-core/context-runtime/src/scheduler/default_sched.cc:439 WARNING 1812139 LoadBalance [#785] lane rescues performed: 0[0m
[33m/home/cvazquezperezdelacru/clio-core/context-runtime/src/scheduler/default_sched.cc:430 WARNING 1812139 LoadBalance [#781 PDF] observed exec-time bins (cumulative): <10us=2128101 <50us=43315 <500us=4857 <10ms=7561 <50ms=73 <500ms=152 <1s=0 >=1s=0 | stalls_detected=0[0m
[33m/home/cvazquezperezdelacru/clio-core/context-runtime/src/scheduler/default_sched.cc:439 WARNING 1812139 LoadBalance [#785] lane rescues performed: 0[0m
[33m/home/cvazquezperezdelacru/clio-core/context-runtime/src/scheduler/default_sched.cc:430 WARNING 1812139 LoadBalance [#781 PDF] observed exec-time bins (cumulative): <10us=2198119 <50us=44694 <500us=5045 <10ms=7889 <50ms=79 <500ms=157 <1s=0 >=1s=0 | stalls_detected=0[0m
[33m/home/cvazquezperezdelacru/clio-core/context-runtime/src/scheduler/default_sched.cc:439 WARNING 1812139 LoadBalance [#785] lane rescues performed: 0[0m
[31m/home/cvazquezperezdelacru/clio-core/context-runtime/src/scheduler/default_sched.cc:726 ERROR 1812139 LoadBalance [HANGWATCH-HB] processed=16535 outstanding=1 (queued=1 blocked=0 retry=0 periodic=7) live=1 live_stalled=0[0m
[33m/home/cvazquezperezdelacru/clio-core/context-runtime/src/scheduler/default_sched.cc:430 WARNING 1812139 LoadBalance [#781 PDF] observed exec-time bins (cumulative): <10us=2267870 <50us=46882 <500us=5279 <10ms=8232 <50ms=85 <500ms=161 <1s=0 >=1s=0 | stalls_detected=0[0m
[33m/home/cvazquezperezdelacru/clio-core/context-runtime/src/scheduler/default_sched.cc:439 WARNING 1812139 LoadBalance [#785] lane rescues performed: 0[0m
[33m/home/cvazquezperezdelacru/clio-core/context-runtime/src/scheduler/default_sched.cc:430 WARNING 1812139 LoadBalance [#781 PDF] observed exec-time bins (cumulative): <10us=2337292 <50us=48216 <500us=5425 <10ms=8482 <50ms=88 <500ms=166 <1s=0 >=1s=0 | stalls_detected=0[0m
[33m/home/cvazquezperezdelacru/clio-core/context-runtime/src/scheduler/default_sched.cc:439 WARNING 1812139 LoadBalance [#785] lane rescues performed: 0[0m
[33m/home/cvazquezperezdelacru/clio-core/context-runtime/src/scheduler/default_sched.cc:430 WARNING 1812139 LoadBalance [#781 PDF] observed exec-time bins (cumulative): <10us=2407086 <50us=49627 <500us=5636 <10ms=8813 <50ms=90 <500ms=173 <1s=0 >=1s=0 | stalls_detected=0[0m
[33m/home/cvazquezperezdelacru/clio-core/context-runtime/src/scheduler/default_sched.cc:439 WARNING 1812139 LoadBalance [#785] lane rescues performed: 0[0m
[33m/home/cvazquezperezdelacru/clio-core/context-runtime/src/scheduler/default_sched.cc:430 WARNING 1812139 LoadBalance [#781 PDF] observed exec-time bins (cumulative): <10us=2475930 <50us=51160 <500us=5806 <10ms=9071 <50ms=90 <500ms=178 <1s=0 >=1s=0 | stalls_detected=0[0m
[33m/home/cvazquezperezdelacru/clio-core/context-runtime/src/scheduler/default_sched.cc:439 WARNING 1812139 LoadBalance [#785] lane rescues performed: 0[0m
[33m/home/cvazquezperezdelacru/clio-core/context-runtime/src/scheduler/default_sched.cc:430 WARNING 1812139 LoadBalance [#781 PDF] observed exec-time bins (cumulative): <10us=2544647 <50us=52602 <500us=5928 <10ms=9288 <50ms=90 <500ms=183 <1s=0 >=1s=0 | stalls_detected=0[0m
[33m/home/cvazquezperezdelacru/clio-core/context-runtime/src/scheduler/default_sched.cc:439 WARNING 1812139 LoadBalance [#785] lane rescues performed: 0[0m
[33m/home/cvazquezperezdelacru/clio-core/context-runtime/src/scheduler/default_sched.cc:430 WARNING 1812139 LoadBalance [#781 PDF] observed exec-time bins (cumulative): <10us=2614398 <50us=54376 <500us=6130 <10ms=9547 <50ms=92 <500ms=190 <1s=0 >=1s=0 | stalls_detected=0[0m
[33m/home/cvazquezperezdelacru/clio-core/context-runtime/src/scheduler/default_sched.cc:439 WARNING 1812139 LoadBalance [#785] lane rescues performed: 0[0m
[33m/home/cvazquezperezdelacru/clio-core/context-runtime/src/scheduler/default_sched.cc:430 WARNING 1812139 LoadBalance [#781 PDF] observed exec-time bins (cumulative): <10us=2685250 <50us=55913 <500us=6385 <10ms=9849 <50ms=95 <500ms=196 <1s=0 >=1s=0 | stalls_detected=0[0m
[33m/home/cvazquezperezdelacru/clio-core/context-runtime/src/scheduler/default_sched.cc:439 WARNING 1812139 LoadBalance [#785] lane rescues performed: 0[0m
[33m/home/cvazquezperezdelacru/clio-core/context-runtime/src/scheduler/default_sched.cc:430 WARNING 1812139 LoadBalance [#781 PDF] observed exec-time bins (cumulative): <10us=2754329 <50us=58079 <500us=6578 <10ms=10128 <50ms=97 <500ms=204 <1s=0 >=1s=0 | stalls_detected=0[0m
[33m/home/cvazquezperezdelacru/clio-core/context-runtime/src/scheduler/default_sched.cc:439 WARNING 1812139 LoadBalance [#785] lane rescues performed: 0[0m
[31m/home/cvazquezperezdelacru/clio-core/context-runtime/src/scheduler/default_sched.cc:726 ERROR 1812139 LoadBalance [HANGWATCH-HB] processed=21603 outstanding=3 (queued=3 blocked=0 retry=0 periodic=6) live=2 live_stalled=0[0m
[33m/home/cvazquezperezdelacru/clio-core/context-runtime/src/scheduler/default_sched.cc:430 WARNING 1812139 LoadBalance [#781 PDF] observed exec-time bins (cumulative): <10us=2822911 <50us=59323 <500us=6768 <10ms=10365 <50ms=103 <500ms=210 <1s=0 >=1s=0 | stalls_detected=0[0m
[33m/home/cvazquezperezdelacru/clio-core/context-runtime/src/scheduler/default_sched.cc:439 WARNING 1812139 LoadBalance [#785] lane rescues performed: 0[0m
[33m/home/cvazquezperezdelacru/clio-core/context-runtime/src/scheduler/default_sched.cc:430 WARNING 1812139 LoadBalance [#781 PDF] observed exec-time bins (cumulative): <10us=2896066 <50us=60618 <500us=6942 <10ms=10605 <50ms=105 <500ms=216 <1s=0 >=1s=0 | stalls_detected=0[0m
[33m/home/cvazquezperezdelacru/clio-core/context-runtime/src/scheduler/default_sched.cc:439 WARNING 1812139 LoadBalance [#785] lane rescues performed: 0[0m
[33m/home/cvazquezperezdelacru/clio-core/context-runtime/src/scheduler/default_sched.cc:430 WARNING 1812139 LoadBalance [#781 PDF] observed exec-time bins (cumulative): <10us=2968221 <50us=61045 <500us=7105 <10ms=10903 <50ms=109 <500ms=223 <1s=0 >=1s=0 | stalls_detected=0[0m
[33m/home/cvazquezperezdelacru/clio-core/context-runtime/src/scheduler/default_sched.cc:439 WARNING 1812139 LoadBalance [#785] lane rescues performed: 0[0m
[33m/home/cvazquezperezdelacru/clio-core/context-runtime/src/scheduler/default_sched.cc:430 WARNING 1812139 LoadBalance [#781 PDF] observed exec-time bins (cumulative): <10us=3040057 <50us=61568 <500us=7285 <10ms=11234 <50ms=113 <500ms=228 <1s=0 >=1s=0 | stalls_detected=0[0m
[33m/home/cvazquezperezdelacru/clio-core/context-runtime/src/scheduler/default_sched.cc:439 WARNING 1812139 LoadBalance [#785] lane rescues performed: 0[0m
[33m/home/cvazquezperezdelacru/clio-core/context-runtime/src/scheduler/default_sched.cc:430 WARNING 1812139 LoadBalance [#781 PDF] observed exec-time bins (cumulative): <10us=3114578 <50us=62136 <500us=7471 <10ms=11569 <50ms=117 <500ms=232 <1s=0 >=1s=0 | stalls_detected=0[0m
[33m/home/cvazquezperezdelacru/clio-core/context-runtime/src/scheduler/default_sched.cc:439 WARNING 1812139 LoadBalance [#785] lane rescues performed: 0[0m
[33m/home/cvazquezperezdelacru/clio-core/context-runtime/src/scheduler/default_sched.cc:430 WARNING 1812139 LoadBalance [#781 PDF] observed exec-time bins (cumulative): <10us=3186404 <50us=62550 <500us=7660 <10ms=11903 <50ms=120 <500ms=239 <1s=0 >=1s=0 | stalls_detected=0[0m
[33m/home/cvazquezperezdelacru/clio-core/context-runtime/src/scheduler/default_sched.cc:439 WARNING 1812139 LoadBalance [#785] lane rescues performed: 0[0m
[33m/home/cvazquezperezdelacru/clio-core/context-runtime/src/scheduler/default_sched.cc:430 WARNING 1812139 LoadBalance [#781 PDF] observed exec-time bins (cumulative): <10us=3256669 <50us=62917 <500us=7794 <10ms=12163 <50ms=122 <500ms=244 <1s=0 >=1s=0 | stalls_detected=0[0m
[33m/home/cvazquezperezdelacru/clio-core/context-runtime/src/scheduler/default_sched.cc:439 WARNING 1812139 LoadBalance [#785] lane rescues performed: 0[0m
[33m/home/cvazquezperezdelacru/clio-core/context-runtime/src/scheduler/default_sched.cc:430 WARNING 1812139 LoadBalance [#781 PDF] observed exec-time bins (cumulative): <10us=3326294 <50us=63252 <500us=7907 <10ms=12365 <50ms=122 <500ms=249 <1s=0 >=1s=0 | stalls_detected=0[0m
[33m/home/cvazquezperezdelacru/clio-core/context-runtime/src/scheduler/default_sched.cc:439 WARNING 1812139 LoadBalance [#785] lane rescues performed: 0[0m
[33m/home/cvazquezperezdelacru/clio-core/context-runtime/src/scheduler/default_sched.cc:430 WARNING 1812139 LoadBalance [#781 PDF] observed exec-time bins (cumulative): <10us=3397931 <50us=63748 <500us=8042 <10ms=12612 <50ms=122 <500ms=255 <1s=0 >=1s=0 | stalls_detected=0[0m
[33m/home/cvazquezperezdelacru/clio-core/context-runtime/src/scheduler/default_sched.cc:439 WARNING 1812139 LoadBalance [#785] lane rescues performed: 0[0m
[33m/home/cvazquezperezdelacru/clio-core/context-runtime/src/scheduler/default_sched.cc:430 WARNING 1812139 LoadBalance [#781 PDF] observed exec-time bins (cumulative): <10us=3474914 <50us=64081 <500us=8182 <10ms=12872 <50ms=128 <500ms=260 <1s=0 >=1s=0 | stalls_detected=0[0m
[33m/home/cvazquezperezdelacru/clio-core/context-runtime/src/scheduler/default_sched.cc:439 WARNING 1812139 LoadBalance [#785] lane rescues performed: 0[0m
[31m/home/cvazquezperezdelacru/clio-core/context-runtime/src/scheduler/default_sched.cc:726 ERROR 1812139 LoadBalance [HANGWATCH-HB] processed=27323 outstanding=1 (queued=1 blocked=0 retry=0 periodic=7) live=1 live_stalled=0[0m
[33m/home/cvazquezperezdelacru/clio-core/context-runtime/src/scheduler/default_sched.cc:430 WARNING 1812139 LoadBalance [#781 PDF] observed exec-time bins (cumulative): <10us=3546411 <50us=64617 <500us=8373 <10ms=13197 <50ms=130 <500ms=268 <1s=0 >=1s=0 | stalls_detected=0[0m
[33m/home/cvazquezperezdelacru/clio-core/context-runtime/src/scheduler/default_sched.cc:439 WARNING 1812139 LoadBalance [#785] lane rescues performed: 0[0m
[33m/home/cvazquezperezdelacru/clio-core/context-runtime/src/scheduler/default_sched.cc:430 WARNING 1812139 LoadBalance [#781 PDF] observed exec-time bins (cumulative): <10us=3616737 <50us=65644 <500us=8556 <10ms=13513 <50ms=133 <500ms=275 <1s=0 >=1s=0 | stalls_detected=0[0m
[33m/home/cvazquezperezdelacru/clio-core/context-runtime/src/scheduler/default_sched.cc:439 WARNING 1812139 LoadBalance [#785] lane rescues performed: 0[0m
[33m/home/cvazquezperezdelacru/clio-core/context-runtime/src/scheduler/default_sched.cc:430 WARNING 1812139 LoadBalance [#781 PDF] observed exec-time bins (cumulative): <10us=3690889 <50us=65983 <500us=8738 <10ms=13852 <50ms=135 <500ms=283 <1s=0 >=1s=0 | stalls_detected=0[0m
[33m/home/cvazquezperezdelacru/clio-core/context-runtime/src/scheduler/default_sched.cc:439 WARNING 1812139 LoadBalance [#785] lane rescues performed: 0[0m
[33m/home/cvazquezperezdelacru/clio-core/context-runtime/src/scheduler/default_sched.cc:430 WARNING 1812139 LoadBalance [#781 PDF] observed exec-time bins (cumulative): <10us=3762782 <50us=66460 <500us=8917 <10ms=14129 <50ms=140 <500ms=290 <1s=0 >=1s=0 | stalls_detected=0[0m
[33m/home/cvazquezperezdelacru/clio-core/context-runtime/src/scheduler/default_sched.cc:439 WARNING 1812139 LoadBalance [#785] lane rescues performed: 0[0m
[33m/home/cvazquezperezdelacru/clio-core/context-runtime/src/scheduler/default_sched.cc:430 WARNING 1812139 LoadBalance [#781 PDF] observed exec-time bins (cumulative): <10us=3834502 <50us=67140 <500us=9078 <10ms=14438 <50ms=142 <500ms=292 <1s=0 >=1s=0 | stalls_detected=0[0m
[33m/home/cvazquezperezdelacru/clio-core/context-runtime/src/scheduler/default_sched.cc:439 WARNING 1812139 LoadBalance [#785] lane rescues performed: 0[0m
[33m/home/cvazquezperezdelacru/clio-core/context-runtime/src/scheduler/default_sched.cc:430 WARNING 1812139 LoadBalance [#781 PDF] observed exec-time bins (cumulative): <10us=3908226 <50us=68098 <500us=9245 <10ms=14746 <50ms=142 <500ms=292 <1s=0 >=1s=0 | stalls_detected=0[0m
[33m/home/cvazquezperezdelacru/clio-core/context-runtime/src/scheduler/default_sched.cc:439 WARNING 1812139 LoadBalance [#785] lane rescues performed: 0[0m
[33m/home/cvazquezperezdelacru/clio-core/context-runtime/src/scheduler/default_sched.cc:430 WARNING 1812139 LoadBalance [#781 PDF] observed exec-time bins (cumulative): <10us=3977688 <50us=69695 <500us=9399 <10ms=15025 <50ms=146 <500ms=292 <1s=0 >=1s=0 | stalls_detected=0[0m
[33m/home/cvazquezperezdelacru/clio-core/context-runtime/src/scheduler/default_sched.cc:439 WARNING 1812139 LoadBalance [#785] lane rescues performed: 0[0m
[33m/home/cvazquezperezdelacru/clio-core/context-runtime/src/scheduler/default_sched.cc:430 WARNING 1812139 LoadBalance [#781 PDF] observed exec-time bins (cumulative): <10us=4048420 <50us=70682 <500us=9603 <10ms=15291 <50ms=146 <500ms=292 <1s=0 >=1s=0 | stalls_detected=0[0m
[33m/home/cvazquezperezdelacru/clio-core/context-runtime/src/scheduler/default_sched.cc:439 WARNING 1812139 LoadBalance [#785] lane rescues performed: 0[0m
[33m/home/cvazquezperezdelacru/clio-core/context-runtime/src/scheduler/default_sched.cc:430 WARNING 1812139 LoadBalance [#781 PDF] observed exec-time bins (cumulative): <10us=4117306 <50us=72108 <500us=9751 <10ms=15494 <50ms=149 <500ms=292 <1s=0 >=1s=0 | stalls_detected=0[0m
[33m/home/cvazquezperezdelacru/clio-core/context-runtime/src/scheduler/default_sched.cc:439 WARNING 1812139 LoadBalance [#785] lane rescues performed: 0[0m
[33m/home/cvazquezperezdelacru/clio-core/context-runtime/src/scheduler/default_sched.cc:430 WARNING 1812139 LoadBalance [#781 PDF] observed exec-time bins (cumulative): <10us=4185810 <50us=72270 <500us=9771 <10ms=15496 <50ms=149 <500ms=292 <1s=0 >=1s=0 | stalls_detected=0[0m
[33m/home/cvazquezperezdelacru/clio-core/context-runtime/src/scheduler/default_sched.cc:439 WARNING 1812139 LoadBalance [#785] lane rescues performed: 0[0m
[33m/home/cvazquezperezdelacru/clio-core/context-runtime/src/scheduler/default_sched.cc:430 WARNING 1812139 LoadBalance [#781 PDF] observed exec-time bins (cumulative): <10us=4254717 <50us=72604 <500us=9807 <10ms=15500 <50ms=149 <500ms=292 <1s=0 >=1s=0 | stalls_detected=0[0m
[33m/home/cvazquezperezdelacru/clio-core/context-runtime/src/scheduler/default_sched.cc:439 WARNING 1812139 LoadBalance [#785] lane rescues performed: 0[0m
[33m/home/cvazquezperezdelacru/clio-core/context-runtime/src/scheduler/default_sched.cc:430 WARNING 1812139 LoadBalance [#781 PDF] observed exec-time bins (cumulative): <10us=4323495 <50us=72840 <500us=9887 <10ms=15503 <50ms=149 <500ms=292 <1s=0 >=1s=0 | stalls_detected=0[0m
[33m/home/cvazquezperezdelacru/clio-core/context-runtime/src/scheduler/default_sched.cc:439 WARNING 1812139 LoadBalance [#785] lane rescues performed: 0[0m
[33m/home/cvazquezperezdelacru/clio-core/context-runtime/src/scheduler/default_sched.cc:430 WARNING 1812139 LoadBalance [#781 PDF] observed exec-time bins (cumulative): <10us=4391715 <50us=73592 <500us=9942 <10ms=15507 <50ms=149 <500ms=292 <1s=0 >=1s=0 | stalls_detected=0[0m
[33m/home/cvazquezperezdelacru/clio-core/context-runtime/src/scheduler/default_sched.cc:439 WARNING 1812139 LoadBalance [#785] lane rescues performed: 0[0m
[33m/home/cvazquezperezdelacru/clio-core/context-runtime/src/scheduler/default_sched.cc:430 WARNING 1812139 LoadBalance [#781 PDF] observed exec-time bins (cumulative): <10us=4460506 <50us=74011 <500us=9979 <10ms=15508 <50ms=149 <500ms=292 <1s=0 >=1s=0 | stalls_detected=0[0m
[33m/home/cvazquezperezdelacru/clio-core/context-runtime/src/scheduler/default_sched.cc:439 WARNING 1812139 LoadBalance [#785] lane rescues performed: 0[0m
[33m/home/cvazquezperezdelacru/clio-core/context-runtime/src/scheduler/default_sched.cc:430 WARNING 1812139 LoadBalance [#781 PDF] observed exec-time bins (cumulative): <10us=4528256 <50us=75262 <500us=10063 <10ms=15511 <50ms=149 <500ms=292 <1s=0 >=1s=0 | stalls_detected=0[0m
[33m/home/cvazquezperezdelacru/clio-core/context-runtime/src/scheduler/default_sched.cc:439 WARNING 1812139 LoadBalance [#785] lane rescues performed: 0[0m
[33m/home/cvazquezperezdelacru/clio-core/context-runtime/src/scheduler/default_sched.cc:430 WARNING 1812139 LoadBalance [#781 PDF] observed exec-time bins (cumulative): <10us=4595051 <50us=77374 <500us=10135 <10ms=15514 <50ms=149 <500ms=292 <1s=0 >=1s=0 | stalls_detected=0[0m
[33m/home/cvazquezperezdelacru/clio-core/context-runtime/src/scheduler/default_sched.cc:439 WARNING 1812139 LoadBalance [#785] lane rescues performed: 0[0m
[33m/home/cvazquezperezdelacru/clio-core/context-runtime/src/scheduler/default_sched.cc:430 WARNING 1812139 LoadBalance [#781 PDF] observed exec-time bins (cumulative): <10us=4662101 <50us=79366 <500us=10231 <10ms=15517 <50ms=149 <500ms=292 <1s=0 >=1s=0 | stalls_detected=0[0m
[33m/home/cvazquezperezdelacru/clio-core/context-runtime/src/scheduler/default_sched.cc:439 WARNING 1812139 LoadBalance [#785] lane rescues performed: 0[0m
[33m/home/cvazquezperezdelacru/clio-core/context-runtime/src/scheduler/default_sched.cc:430 WARNING 1812139 LoadBalance [#781 PDF] observed exec-time bins (cumulative): <10us=4728455 <50us=81930 <500us=10322 <10ms=15520 <50ms=149 <500ms=292 <1s=0 >=1s=0 | stalls_detected=0[0m
[33m/home/cvazquezperezdelacru/clio-core/context-runtime/src/scheduler/default_sched.cc:439 WARNING 1812139 LoadBalance [#785] lane rescues performed: 0[0m
[33m/home/cvazquezperezdelacru/clio-core/context-runtime/src/scheduler/default_sched.cc:430 WARNING 1812139 LoadBalance [#781 PDF] observed exec-time bins (cumulative): <10us=4795564 <50us=83227 <500us=10401 <10ms=15521 <50ms=149 <500ms=292 <1s=0 >=1s=0 | stalls_detected=0[0m
[33m/home/cvazquezperezdelacru/clio-core/context-runtime/src/scheduler/default_sched.cc:439 WARNING 1812139 LoadBalance [#785] lane rescues performed: 0[0m
[33m/home/cvazquezperezdelacru/clio-core/context-runtime/src/scheduler/default_sched.cc:430 WARNING 1812139 LoadBalance [#781 PDF] observed exec-time bins (cumulative): <10us=4863438 <50us=84294 <500us=10486 <10ms=15522 <50ms=149 <500ms=292 <1s=0 >=1s=0 | stalls_detected=0[0m
[33m/home/cvazquezperezdelacru/clio-core/context-runtime/src/scheduler/default_sched.cc:439 WARNING 1812139 LoadBalance [#785] lane rescues performed: 0[0m
[33m/home/cvazquezperezdelacru/clio-core/context-runtime/src/scheduler/default_sched.cc:430 WARNING 1812139 LoadBalance [#781 PDF] observed exec-time bins (cumulative): <10us=4930925 <50us=85468 <500us=10561 <10ms=15525 <50ms=149 <500ms=292 <1s=0 >=1s=0 | stalls_detected=0[0m
[33m/home/cvazquezperezdelacru/clio-core/context-runtime/src/scheduler/default_sched.cc:439 WARNING 1812139 LoadBalance [#785] lane rescues performed: 0[0m
[33m/home/cvazquezperezdelacru/clio-core/context-runtime/src/scheduler/default_sched.cc:430 WARNING 1812139 LoadBalance [#781 PDF] observed exec-time bins (cumulative): <10us=4999322 <50us=85839 <500us=10608 <10ms=15528 <50ms=149 <500ms=292 <1s=0 >=1s=0 | stalls_detected=0[0m
[33m/home/cvazquezperezdelacru/clio-core/context-runtime/src/scheduler/default_sched.cc:439 WARNING 1812139 LoadBalance [#785] lane rescues performed: 0[0m
[33m/home/cvazquezperezdelacru/clio-core/context-runtime/src/scheduler/default_sched.cc:430 WARNING 1812139 LoadBalance [#781 PDF] observed exec-time bins (cumulative): <10us=5068036 <50us=86121 <500us=10656 <10ms=15531 <50ms=149 <500ms=292 <1s=0 >=1s=0 | stalls_detected=0[0m
[33m/home/cvazquezperezdelacru/clio-core/context-runtime/src/scheduler/default_sched.cc:439 WARNING 1812139 LoadBalance [#785] lane rescues performed: 0[0m
[33m/home/cvazquezperezdelacru/clio-core/context-runtime/src/scheduler/default_sched.cc:430 WARNING 1812139 LoadBalance [#781 PDF] observed exec-time bins (cumulative): <10us=5136763 <50us=86838 <500us=10741 <10ms=15534 <50ms=149 <500ms=292 <1s=0 >=1s=0 | stalls_detected=0[0m
[33m/home/cvazquezperezdelacru/clio-core/context-runtime/src/scheduler/default_sched.cc:439 WARNING 1812139 LoadBalance [#785] lane rescues performed: 0[0m
[33m/home/cvazquezperezdelacru/clio-core/context-runtime/src/scheduler/default_sched.cc:430 WARNING 1812139 LoadBalance [#781 PDF] observed exec-time bins (cumulative): <10us=5205362 <50us=87434 <500us=10816 <10ms=15536 <50ms=149 <500ms=292 <1s=0 >=1s=0 | stalls_detected=0[0m
[33m/home/cvazquezperezdelacru/clio-core/context-runtime/src/scheduler/default_sched.cc:439 WARNING 1812139 LoadBalance [#785] lane rescues performed: 0[0m
[33m/home/cvazquezperezdelacru/clio-core/context-runtime/src/scheduler/default_sched.cc:430 WARNING 1812139 LoadBalance [#781 PDF] observed exec-time bins (cumulative): <10us=5273253 <50us=88513 <500us=10896 <10ms=15541 <50ms=149 <500ms=292 <1s=0 >=1s=0 | stalls_detected=0[0m
[33m/home/cvazquezperezdelacru/clio-core/context-runtime/src/scheduler/default_sched.cc:439 WARNING 1812139 LoadBalance [#785] lane rescues performed: 0[0m
[33m/home/cvazquezperezdelacru/clio-core/context-runtime/src/scheduler/default_sched.cc:430 WARNING 1812139 LoadBalance [#781 PDF] observed exec-time bins (cumulative): <10us=5339868 <50us=90077 <500us=10999 <10ms=15542 <50ms=149 <500ms=292 <1s=0 >=1s=0 | stalls_detected=0[0m
[33m/home/cvazquezperezdelacru/clio-core/context-runtime/src/scheduler/default_sched.cc:439 WARNING 1812139 LoadBalance [#785] lane rescues performed: 0[0m
[33m/home/cvazquezperezdelacru/clio-core/context-runtime/src/scheduler/default_sched.cc:430 WARNING 1812139 LoadBalance [#781 PDF] observed exec-time bins (cumulative): <10us=5407104 <50us=91377 <500us=11118 <10ms=15545 <50ms=149 <500ms=292 <1s=0 >=1s=0 | stalls_detected=0[0m
[33m/home/cvazquezperezdelacru/clio-core/context-runtime/src/scheduler/default_sched.cc:439 WARNING 1812139 LoadBalance [#785] lane rescues performed: 0[0m
[33m/home/cvazquezperezdelacru/clio-core/context-runtime/src/scheduler/default_sched.cc:430 WARNING 1812139 LoadBalance [#781 PDF] observed exec-time bins (cumulative): <10us=5475573 <50us=91978 <500us=11219 <10ms=15547 <50ms=149 <500ms=292 <1s=0 >=1s=0 | stalls_detected=0[0m
[33m/home/cvazquezperezdelacru/clio-core/context-runtime/src/scheduler/default_sched.cc:439 WARNING 1812139 LoadBalance [#785] lane rescues performed: 0[0m
[33m/home/cvazquezperezdelacru/clio-core/context-runtime/src/scheduler/default_sched.cc:430 WARNING 1812139 LoadBalance [#781 PDF] observed exec-time bins (cumulative): <10us=5544213 <50us=92696 <500us=11296 <10ms=15549 <50ms=149 <500ms=292 <1s=0 >=1s=0 | stalls_detected=0[0m
[33m/home/cvazquezperezdelacru/clio-core/context-runtime/src/scheduler/default_sched.cc:439 WARNING 1812139 LoadBalance [#785] lane rescues performed: 0[0m
[33m/home/cvazquezperezdelacru/clio-core/context-runtime/src/scheduler/default_sched.cc:430 WARNING 1812139 LoadBalance [#781 PDF] observed exec-time bins (cumulative): <10us=5612660 <50us=93462 <500us=11377 <10ms=15551 <50ms=149 <500ms=292 <1s=0 >=1s=0 | stalls_detected=0[0m
[33m/home/cvazquezperezdelacru/clio-core/context-runtime/src/scheduler/default_sched.cc:439 WARNING 1812139 LoadBalance [#785] lane rescues performed: 0[0m
[33m/home/cvazquezperezdelacru/clio-core/context-runtime/src/scheduler/default_sched.cc:430 WARNING 1812139 LoadBalance [#781 PDF] observed exec-time bins (cumulative): <10us=5679237 <50us=95766 <500us=11443 <10ms=15553 <50ms=149 <500ms=292 <1s=0 >=1s=0 | stalls_detected=0[0m
[33m/home/cvazquezperezdelacru/clio-core/context-runtime/src/scheduler/default_sched.cc:439 WARNING 1812139 LoadBalance [#785] lane rescues performed: 0[0m
[33m/home/cvazquezperezdelacru/clio-core/context-runtime/src/scheduler/default_sched.cc:430 WARNING 1812139 LoadBalance [#781 PDF] observed exec-time bins (cumulative): <10us=5747365 <50us=98148 <500us=11528 <10ms=15555 <50ms=149 <500ms=292 <1s=0 >=1s=0 | stalls_detected=0[0m
[33m/home/cvazquezperezdelacru/clio-core/context-runtime/src/scheduler/default_sched.cc:439 WARNING 1812139 LoadBalance [#785] lane rescues performed: 0[0m
[33m/home/cvazquezperezdelacru/clio-core/context-runtime/src/scheduler/default_sched.cc:430 WARNING 1812139 LoadBalance [#781 PDF] observed exec-time bins (cumulative): <10us=5813885 <50us=99808 <500us=11679 <10ms=15557 <50ms=149 <500ms=292 <1s=0 >=1s=0 | stalls_detected=0[0m
[33m/home/cvazquezperezdelacru/clio-core/context-runtime/src/scheduler/default_sched.cc:439 WARNING 1812139 LoadBalance [#785] lane rescues performed: 0[0m
[33m/home/cvazquezperezdelacru/clio-core/context-runtime/src/scheduler/default_sched.cc:430 WARNING 1812139 LoadBalance [#781 PDF] observed exec-time bins (cumulative): <10us=5881333 <50us=100953 <500us=11747 <10ms=15559 <50ms=149 <500ms=292 <1s=0 >=1s=0 | stalls_detected=0[0m
[33m/home/cvazquezperezdelacru/clio-core/context-runtime/src/scheduler/default_sched.cc:439 WARNING 1812139 LoadBalance [#785] lane rescues performed: 0[0m
[33m/home/cvazquezperezdelacru/clio-core/context-runtime/src/scheduler/default_sched.cc:430 WARNING 1812139 LoadBalance [#781 PDF] observed exec-time bins (cumulative): <10us=5947574 <50us=103176 <500us=11834 <10ms=15560 <50ms=149 <500ms=292 <1s=0 >=1s=0 | stalls_detected=0[0m
[33m/home/cvazquezperezdelacru/clio-core/context-runtime/src/scheduler/default_sched.cc:439 WARNING 1812139 LoadBalance [#785] lane rescues performed: 0[0m
[33m/home/cvazquezperezdelacru/clio-core/context-runtime/src/scheduler/default_sched.cc:430 WARNING 1812139 LoadBalance [#781 PDF] observed exec-time bins (cumulative): <10us=6014665 <50us=105067 <500us=11912 <10ms=15561 <50ms=149 <500ms=292 <1s=0 >=1s=0 | stalls_detected=0[0m
[33m/home/cvazquezperezdelacru/clio-core/context-runtime/src/scheduler/default_sched.cc:439 WARNING 1812139 LoadBalance [#785] lane rescues performed: 0[0m
[33m/home/cvazquezperezdelacru/clio-core/context-runtime/src/scheduler/default_sched.cc:430 WARNING 1812139 LoadBalance [#781 PDF] observed exec-time bins (cumulative): <10us=6081838 <50us=106416 <500us=11976 <10ms=15564 <50ms=149 <500ms=292 <1s=0 >=1s=0 | stalls_detected=0[0m
[33m/home/cvazquezperezdelacru/clio-core/context-runtime/src/scheduler/default_sched.cc:439 WARNING 1812139 LoadBalance [#785] lane rescues performed: 0[0m
[33m/home/cvazquezperezdelacru/clio-core/context-runtime/src/scheduler/default_sched.cc:430 WARNING 1812139 LoadBalance [#781 PDF] observed exec-time bins (cumulative): <10us=6149966 <50us=107517 <500us=12043 <10ms=15566 <50ms=149 <500ms=292 <1s=0 >=1s=0 | stalls_detected=0[0m
[33m/home/cvazquezperezdelacru/clio-core/context-runtime/src/scheduler/default_sched.cc:439 WARNING 1812139 LoadBalance [#785] lane rescues performed: 0[0m
[33m/home/cvazquezperezdelacru/clio-core/context-runtime/src/scheduler/default_sched.cc:430 WARNING 1812139 LoadBalance [#781 PDF] observed exec-time bins (cumulative): <10us=6216197 <50us=109497 <500us=12143 <10ms=15567 <50ms=149 <500ms=292 <1s=0 >=1s=0 | stalls_detected=0[0m
[33m/home/cvazquezperezdelacru/clio-core/context-runtime/src/scheduler/default_sched.cc:439 WARNING 1812139 LoadBalance [#785] lane rescues performed: 0[0m
[33m/home/cvazquezperezdelacru/clio-core/context-runtime/src/scheduler/default_sched.cc:430 WARNING 1812139 LoadBalance [#781 PDF] observed exec-time bins (cumulative): <10us=6283943 <50us=110916 <500us=12224 <10ms=15569 <50ms=149 <500ms=292 <1s=0 >=1s=0 | stalls_detected=0[0m
[33m/home/cvazquezperezdelacru/clio-core/context-runtime/src/scheduler/default_sched.cc:439 WARNING 1812139 LoadBalance [#785] lane rescues performed: 0[0m
[33m/home/cvazquezperezdelacru/clio-core/context-runtime/src/scheduler/default_sched.cc:430 WARNING 1812139 LoadBalance [#781 PDF] observed exec-time bins (cumulative): <10us=6352530 <50us=111405 <500us=12272 <10ms=15572 <50ms=149 <500ms=292 <1s=0 >=1s=0 | stalls_detected=0[0m
[33m/home/cvazquezperezdelacru/clio-core/context-runtime/src/scheduler/default_sched.cc:439 WARNING 1812139 LoadBalance [#785] lane rescues performed: 0[0m
[33m/home/cvazquezperezdelacru/clio-core/context-runtime/src/scheduler/default_sched.cc:430 WARNING 1812139 LoadBalance [#781 PDF] observed exec-time bins (cumulative): <10us=6420829 <50us=112183 <500us=12335 <10ms=15575 <50ms=149 <500ms=292 <1s=0 >=1s=0 | stalls_detected=0[0m
[33m/home/cvazquezperezdelacru/clio-core/context-runtime/src/scheduler/default_sched.cc:439 WARNING 1812139 LoadBalance [#785] lane rescues performed: 0[0m
[33m/home/cvazquezperezdelacru/clio-core/context-runtime/src/scheduler/default_sched.cc:430 WARNING 1812139 LoadBalance [#781 PDF] observed exec-time bins (cumulative): <10us=6488827 <50us=113357 <500us=12415 <10ms=15580 <50ms=149 <500ms=292 <1s=0 >=1s=0 | stalls_detected=0[0m
[33m/home/cvazquezperezdelacru/clio-core/context-runtime/src/scheduler/default_sched.cc:439 WARNING 1812139 LoadBalance [#785] lane rescues performed: 0[0m
[33m/home/cvazquezperezdelacru/clio-core/context-runtime/src/scheduler/default_sched.cc:430 WARNING 1812139 LoadBalance [#781 PDF] observed exec-time bins (cumulative): <10us=6555513 <50us=115034 <500us=12548 <10ms=15581 <50ms=149 <500ms=292 <1s=0 >=1s=0 | stalls_detected=0[0m
[33m/home/cvazquezperezdelacru/clio-core/context-runtime/src/scheduler/default_sched.cc:439 WARNING 1812139 LoadBalance [#785] lane rescues performed: 0[0m
[33m/home/cvazquezperezdelacru/clio-core/context-runtime/src/scheduler/default_sched.cc:430 WARNING 1812139 LoadBalance [#781 PDF] observed exec-time bins (cumulative): <10us=6621991 <50us=117150 <500us=12685 <10ms=15583 <50ms=149 <500ms=292 <1s=0 >=1s=0 | stalls_detected=0[0m
[33m/home/cvazquezperezdelacru/clio-core/context-runtime/src/scheduler/default_sched.cc:439 WARNING 1812139 LoadBalance [#785] lane rescues performed: 0[0m
[33m/home/cvazquezperezdelacru/clio-core/context-runtime/src/scheduler/default_sched.cc:430 WARNING 1812139 LoadBalance [#781 PDF] observed exec-time bins (cumulative): <10us=6688908 <50us=119364 <500us=12756 <10ms=15586 <50ms=149 <500ms=292 <1s=0 >=1s=0 | stalls_detected=0[0m
[33m/home/cvazquezperezdelacru/clio-core/context-runtime/src/scheduler/default_sched.cc:439 WARNING 1812139 LoadBalance [#785] lane rescues performed: 0[0m
[33m/home/cvazquezperezdelacru/clio-core/context-runtime/src/scheduler/default_sched.cc:430 WARNING 1812139 LoadBalance [#781 PDF] observed exec-time bins (cumulative): <10us=6756436 <50us=120848 <500us=12824 <10ms=15588 <50ms=149 <500ms=292 <1s=0 >=1s=0 | stalls_detected=0[0m
[33m/home/cvazquezperezdelacru/clio-core/context-runtime/src/scheduler/default_sched.cc:439 WARNING 1812139 LoadBalance [#785] lane rescues performed: 0[0m
[33m/home/cvazquezperezdelacru/clio-core/context-runtime/src/scheduler/default_sched.cc:430 WARNING 1812139 LoadBalance [#781 PDF] observed exec-time bins (cumulative): <10us=6822883 <50us=122497 <500us=12903 <10ms=15591 <50ms=149 <500ms=292 <1s=0 >=1s=0 | stalls_detected=0[0m
[33m/home/cvazquezperezdelacru/clio-core/context-runtime/src/scheduler/default_sched.cc:439 WARNING 1812139 LoadBalance [#785] lane rescues performed: 0[0m
[33m/home/cvazquezperezdelacru/clio-core/context-runtime/src/scheduler/default_sched.cc:430 WARNING 1812139 LoadBalance [#781 PDF] observed exec-time bins (cumulative): <10us=6888447 <50us=125589 <500us=12973 <10ms=15592 <50ms=149 <500ms=292 <1s=0 >=1s=0 | stalls_detected=0[0m
[33m/home/cvazquezperezdelacru/clio-core/context-runtime/src/scheduler/default_sched.cc:439 WARNING 1812139 LoadBalance [#785] lane rescues performed: 0[0m
[33m/home/cvazquezperezdelacru/clio-core/context-runtime/src/scheduler/default_sched.cc:430 WARNING 1812139 LoadBalance [#781 PDF] observed exec-time bins (cumulative): <10us=6957442 <50us=126525 <500us=13041 <10ms=15596 <50ms=149 <500ms=292 <1s=0 >=1s=0 | stalls_detected=0[0m
[33m/home/cvazquezperezdelacru/clio-core/context-runtime/src/scheduler/default_sched.cc:439 WARNING 1812139 LoadBalance [#785] lane rescues performed: 0[0m
[33m/home/cvazquezperezdelacru/clio-core/context-runtime/src/scheduler/default_sched.cc:430 WARNING 1812139 LoadBalance [#781 PDF] observed exec-time bins (cumulative): <10us=7025273 <50us=127410 <500us=13117 <10ms=15599 <50ms=149 <500ms=292 <1s=0 >=1s=0 | stalls_detected=0[0m
[33m/home/cvazquezperezdelacru/clio-core/context-runtime/src/scheduler/default_sched.cc:439 WARNING 1812139 LoadBalance [#785] lane rescues performed: 0[0m
[33m/home/cvazquezperezdelacru/clio-core/context-runtime/src/scheduler/default_sched.cc:430 WARNING 1812139 LoadBalance [#781 PDF] observed exec-time bins (cumulative): <10us=7092450 <50us=128851 <500us=13195 <10ms=15602 <50ms=149 <500ms=292 <1s=0 >=1s=0 | stalls_detected=0[0m
[33m/home/cvazquezperezdelacru/clio-core/context-runtime/src/scheduler/default_sched.cc:439 WARNING 1812139 LoadBalance [#785] lane rescues performed: 0[0m
[33m/home/cvazquezperezdelacru/clio-core/context-runtime/src/scheduler/default_sched.cc:430 WARNING 1812139 LoadBalance [#781 PDF] observed exec-time bins (cumulative): <10us=7160643 <50us=129513 <500us=13258 <10ms=15603 <50ms=149 <500ms=292 <1s=0 >=1s=0 | stalls_detected=0[0m
[33m/home/cvazquezperezdelacru/clio-core/context-runtime/src/scheduler/default_sched.cc:439 WARNING 1812139 LoadBalance [#785] lane rescues performed: 0[0m
[33m/home/cvazquezperezdelacru/clio-core/context-runtime/src/scheduler/default_sched.cc:430 WARNING 1812139 LoadBalance [#781 PDF] observed exec-time bins (cumulative): <10us=7227131 <50us=131349 <500us=13366 <10ms=15606 <50ms=149 <500ms=292 <1s=0 >=1s=0 | stalls_detected=0[0m
[33m/home/cvazquezperezdelacru/clio-core/context-runtime/src/scheduler/default_sched.cc:439 WARNING 1812139 LoadBalance [#785] lane rescues performed: 0[0m
[33m/home/cvazquezperezdelacru/clio-core/context-runtime/src/scheduler/default_sched.cc:430 WARNING 1812139 LoadBalance [#781 PDF] observed exec-time bins (cumulative): <10us=7295357 <50us=132395 <500us=13455 <10ms=15608 <50ms=149 <500ms=292 <1s=0 >=1s=0 | stalls_detected=0[0m
[33m/home/cvazquezperezdelacru/clio-core/context-runtime/src/scheduler/default_sched.cc:439 WARNING 1812139 LoadBalance [#785] lane rescues performed: 0[0m
[33m/home/cvazquezperezdelacru/clio-core/context-runtime/src/scheduler/default_sched.cc:430 WARNING 1812139 LoadBalance [#781 PDF] observed exec-time bins (cumulative): <10us=7362502 <50us=133831 <500us=13536 <10ms=15610 <50ms=149 <500ms=292 <1s=0 >=1s=0 | stalls_detected=0[0m
[33m/home/cvazquezperezdelacru/clio-core/context-runtime/src/scheduler/default_sched.cc:439 WARNING 1812139 LoadBalance [#785] lane rescues performed: 0[0m
[33m/home/cvazquezperezdelacru/clio-core/context-runtime/src/scheduler/default_sched.cc:430 WARNING 1812139 LoadBalance [#781 PDF] observed exec-time bins (cumulative): <10us=7430253 <50us=134769 <500us=13614 <10ms=15612 <50ms=149 <500ms=292 <1s=0 >=1s=0 | stalls_detected=0[0m
[33m/home/cvazquezperezdelacru/clio-core/context-runtime/src/scheduler/default_sched.cc:439 WARNING 1812139 LoadBalance [#785] lane rescues performed: 0[0m
[33m/home/cvazquezperezdelacru/clio-core/context-runtime/src/scheduler/default_sched.cc:430 WARNING 1812139 LoadBalance [#781 PDF] observed exec-time bins (cumulative): <10us=7498300 <50us=135646 <500us=13692 <10ms=15616 <50ms=149 <500ms=292 <1s=0 >=1s=0 | stalls_detected=0[0m
[33m/home/cvazquezperezdelacru/clio-core/context-runtime/src/scheduler/default_sched.cc:439 WARNING 1812139 LoadBalance [#785] lane rescues performed: 0[0m
[33m/home/cvazquezperezdelacru/clio-core/context-runtime/src/scheduler/default_sched.cc:430 WARNING 1812139 LoadBalance [#781 PDF] observed exec-time bins (cumulative): <10us=7565161 <50us=137508 <500us=13775 <10ms=15617 <50ms=149 <500ms=292 <1s=0 >=1s=0 | stalls_detected=0[0m
[33m/home/cvazquezperezdelacru/clio-core/context-runtime/src/scheduler/default_sched.cc:439 WARNING 1812139 LoadBalance [#785] lane rescues performed: 0[0m
[33m/home/cvazquezperezdelacru/clio-core/context-runtime/src/scheduler/default_sched.cc:430 WARNING 1812139 LoadBalance [#781 PDF] observed exec-time bins (cumulative): <10us=7633566 <50us=138152 <500us=13846 <10ms=15620 <50ms=149 <500ms=292 <1s=0 >=1s=0 | stalls_detected=0[0m
[33m/home/cvazquezperezdelacru/clio-core/context-runtime/src/scheduler/default_sched.cc:439 WARNING 1812139 LoadBalance [#785] lane rescues performed: 0[0m
[33m/home/cvazquezperezdelacru/clio-core/context-runtime/src/scheduler/default_sched.cc:430 WARNING 1812139 LoadBalance [#781 PDF] observed exec-time bins (cumulative): <10us=7701707 <50us=139051 <500us=13925 <10ms=15624 <50ms=149 <500ms=292 <1s=0 >=1s=0 | stalls_detected=0[0m
[33m/home/cvazquezperezdelacru/clio-core/context-runtime/src/scheduler/default_sched.cc:439 WARNING 1812139 LoadBalance [#785] lane rescues performed: 0[0m
[33m/home/cvazquezperezdelacru/clio-core/context-runtime/src/scheduler/default_sched.cc:430 WARNING 1812139 LoadBalance [#781 PDF] observed exec-time bins (cumulative): <10us=7769370 <50us=140070 <500us=14014 <10ms=15626 <50ms=149 <500ms=292 <1s=0 >=1s=0 | stalls_detected=0[0m
[33m/home/cvazquezperezdelacru/clio-core/context-runtime/src/scheduler/default_sched.cc:439 WARNING 1812139 LoadBalance [#785] lane rescues performed: 0[0m
[33m/home/cvazquezperezdelacru/clio-core/context-runtime/src/scheduler/default_sched.cc:430 WARNING 1812139 LoadBalance [#781 PDF] observed exec-time bins (cumulative): <10us=7837288 <50us=141081 <500us=14081 <10ms=15629 <50ms=149 <500ms=292 <1s=0 >=1s=0 | stalls_detected=0[0m
[33m/home/cvazquezperezdelacru/clio-core/context-runtime/src/scheduler/default_sched.cc:439 WARNING 1812139 LoadBalance [#785] lane rescues performed: 0[0m
[33m/home/cvazquezperezdelacru/clio-core/context-runtime/src/scheduler/default_sched.cc:430 WARNING 1812139 LoadBalance [#781 PDF] observed exec-time bins (cumulative): <10us=7903548 <50us=143381 <500us=14186 <10ms=15632 <50ms=149 <500ms=292 <1s=0 >=1s=0 | stalls_detected=0[0m
[33m/home/cvazquezperezdelacru/clio-core/context-runtime/src/scheduler/default_sched.cc:439 WARNING 1812139 LoadBalance [#785] lane rescues performed: 0[0m
[33m/home/cvazquezperezdelacru/clio-core/context-runtime/src/scheduler/default_sched.cc:430 WARNING 1812139 LoadBalance [#781 PDF] observed exec-time bins (cumulative): <10us=7970976 <50us=144750 <500us=14243 <10ms=15634 <50ms=149 <500ms=292 <1s=0 >=1s=0 | stalls_detected=0[0m
[33m/home/cvazquezperezdelacru/clio-core/context-runtime/src/scheduler/default_sched.cc:439 WARNING 1812139 LoadBalance [#785] lane rescues performed: 0[0m
[33m/home/cvazquezperezdelacru/clio-core/context-runtime/src/scheduler/default_sched.cc:430 WARNING 1812139 LoadBalance [#781 PDF] observed exec-time bins (cumulative): <10us=8038797 <50us=145734 <500us=14296 <10ms=15637 <50ms=149 <500ms=292 <1s=0 >=1s=0 | stalls_detected=0[0m
[33m/home/cvazquezperezdelacru/clio-core/context-runtime/src/scheduler/default_sched.cc:439 WARNING 1812139 LoadBalance [#785] lane rescues performed: 0[0m
[33m/home/cvazquezperezdelacru/clio-core/context-runtime/src/scheduler/default_sched.cc:430 WARNING 1812139 LoadBalance [#781 PDF] observed exec-time bins (cumulative): <10us=8104844 <50us=147780 <500us=14357 <10ms=15640 <50ms=149 <500ms=292 <1s=0 >=1s=0 | stalls_detected=0[0m
[33m/home/cvazquezperezdelacru/clio-core/context-runtime/src/scheduler/default_sched.cc:439 WARNING 1812139 LoadBalance [#785] lane rescues performed: 0[0m
[33m/home/cvazquezperezdelacru/clio-core/context-runtime/src/scheduler/default_sched.cc:430 WARNING 1812139 LoadBalance [#781 PDF] observed exec-time bins (cumulative): <10us=8171547 <50us=150094 <500us=14451 <10ms=15642 <50ms=149 <500ms=292 <1s=0 >=1s=0 | stalls_detected=0[0m
[33m/home/cvazquezperezdelacru/clio-core/context-runtime/src/scheduler/default_sched.cc:439 WARNING 1812139 LoadBalance [#785] lane rescues performed: 0[0m
[33m/home/cvazquezperezdelacru/clio-core/context-runtime/src/scheduler/default_sched.cc:430 WARNING 1812139 LoadBalance [#781 PDF] observed exec-time bins (cumulative): <10us=8238460 <50us=152102 <500us=14548 <10ms=15645 <50ms=149 <500ms=292 <1s=0 >=1s=0 | stalls_detected=0[0m
[33m/home/cvazquezperezdelacru/clio-core/context-runtime/src/scheduler/default_sched.cc:439 WARNING 1812139 LoadBalance [#785] lane rescues performed: 0[0m
[33m/home/cvazquezperezdelacru/clio-core/context-runtime/src/scheduler/default_sched.cc:430 WARNING 1812139 LoadBalance [#781 PDF] observed exec-time bins (cumulative): <10us=8305888 <50us=153624 <500us=14665 <10ms=15647 <50ms=149 <500ms=292 <1s=0 >=1s=0 | stalls_detected=0[0m
[33m/home/cvazquezperezdelacru/clio-core/context-runtime/src/scheduler/default_sched.cc:439 WARNING 1812139 LoadBalance [#785] lane rescues performed: 0[0m
[33m/home/cvazquezperezdelacru/clio-core/context-runtime/src/scheduler/default_sched.cc:430 WARNING 1812139 LoadBalance [#781 PDF] observed exec-time bins (cumulative): <10us=8373139 <50us=155688 <500us=14768 <10ms=15649 <50ms=149 <500ms=292 <1s=0 >=1s=0 | stalls_detected=0[0m
[33m/home/cvazquezperezdelacru/clio-core/context-runtime/src/scheduler/default_sched.cc:439 WARNING 1812139 LoadBalance [#785] lane rescues performed: 0[0m
[33m/home/cvazquezperezdelacru/clio-core/context-runtime/src/scheduler/default_sched.cc:430 WARNING 1812139 LoadBalance [#781 PDF] observed exec-time bins (cumulative): <10us=8439539 <50us=158090 <500us=14904 <10ms=15652 <50ms=149 <500ms=292 <1s=0 >=1s=0 | stalls_detected=0[0m
[33m/home/cvazquezperezdelacru/clio-core/context-runtime/src/scheduler/default_sched.cc:439 WARNING 1812139 LoadBalance [#785] lane rescues performed: 0[0m
[33m/home/cvazquezperezdelacru/clio-core/context-runtime/src/scheduler/default_sched.cc:430 WARNING 1812139 LoadBalance [#781 PDF] observed exec-time bins (cumulative): <10us=8506270 <50us=160526 <500us=14996 <10ms=15655 <50ms=149 <500ms=292 <1s=0 >=1s=0 | stalls_detected=0[0m
[33m/home/cvazquezperezdelacru/clio-core/context-runtime/src/scheduler/default_sched.cc:439 WARNING 1812139 LoadBalance [#785] lane rescues performed: 0[0m
[33m/home/cvazquezperezdelacru/clio-core/context-runtime/src/scheduler/default_sched.cc:430 WARNING 1812139 LoadBalance [#781 PDF] observed exec-time bins (cumulative): <10us=8573445 <50us=161967 <500us=15088 <10ms=15658 <50ms=149 <500ms=292 <1s=0 >=1s=0 | stalls_detected=0[0m
[33m/home/cvazquezperezdelacru/clio-core/context-runtime/src/scheduler/default_sched.cc:439 WARNING 1812139 LoadBalance [#785] lane rescues performed: 0[0m
[33m/home/cvazquezperezdelacru/clio-core/context-runtime/src/scheduler/default_sched.cc:430 WARNING 1812139 LoadBalance [#781 PDF] observed exec-time bins (cumulative): <10us=8641151 <50us=163216 <500us=15163 <10ms=15660 <50ms=149 <500ms=292 <1s=0 >=1s=0 | stalls_detected=0[0m
[33m/home/cvazquezperezdelacru/clio-core/context-runtime/src/scheduler/default_sched.cc:439 WARNING 1812139 LoadBalance [#785] lane rescues performed: 0[0m
[33m/home/cvazquezperezdelacru/clio-core/context-runtime/src/scheduler/default_sched.cc:430 WARNING 1812139 LoadBalance [#781 PDF] observed exec-time bins (cumulative): <10us=8708926 <50us=164491 <500us=15241 <10ms=15664 <50ms=149 <500ms=292 <1s=0 >=1s=0 | stalls_detected=0[0m
[33m/home/cvazquezperezdelacru/clio-core/context-runtime/src/scheduler/default_sched.cc:439 WARNING 1812139 LoadBalance [#785] lane rescues performed: 0[0m
[33m/home/cvazquezperezdelacru/clio-core/context-runtime/src/scheduler/default_sched.cc:430 WARNING 1812139 LoadBalance [#781 PDF] observed exec-time bins (cumulative): <10us=8774951 <50us=167214 <500us=15323 <10ms=15667 <50ms=149 <500ms=292 <1s=0 >=1s=0 | stalls_detected=0[0m
[33m/home/cvazquezperezdelacru/clio-core/context-runtime/src/scheduler/default_sched.cc:439 WARNING 1812139 LoadBalance [#785] lane rescues performed: 0[0m
[33m/home/cvazquezperezdelacru/clio-core/context-runtime/src/scheduler/default_sched.cc:430 WARNING 1812139 LoadBalance [#781 PDF] observed exec-time bins (cumulative): <10us=8842911 <50us=168491 <500us=15396 <10ms=15669 <50ms=149 <500ms=292 <1s=0 >=1s=0 | stalls_detected=0[0m
[33m/home/cvazquezperezdelacru/clio-core/context-runtime/src/scheduler/default_sched.cc:439 WARNING 1812139 LoadBalance [#785] lane rescues performed: 0[0m
[33m/home/cvazquezperezdelacru/clio-core/context-runtime/src/scheduler/default_sched.cc:430 WARNING 1812139 LoadBalance [#781 PDF] observed exec-time bins (cumulative): <10us=8909871 <50us=170750 <500us=15485 <10ms=15676 <50ms=149 <500ms=292 <1s=0 >=1s=0 | stalls_detected=0[0m
[33m/home/cvazquezperezdelacru/clio-core/context-runtime/src/scheduler/default_sched.cc:439 WARNING 1812139 LoadBalance [#785] lane rescues performed: 0[0m
[33m/home/cvazquezperezdelacru/clio-core/context-runtime/src/scheduler/default_sched.cc:430 WARNING 1812139 LoadBalance [#781 PDF] observed exec-time bins (cumulative): <10us=8976696 <50us=173405 <500us=15571 <10ms=15678 <50ms=149 <500ms=292 <1s=0 >=1s=0 | stalls_detected=0[0m
[33m/home/cvazquezperezdelacru/clio-core/context-runtime/src/scheduler/default_sched.cc:439 WARNING 1812139 LoadBalance [#785] lane rescues performed: 0[0m
[33m/home/cvazquezperezdelacru/clio-core/context-runtime/src/scheduler/default_sched.cc:430 WARNING 1812139 LoadBalance [#781 PDF] observed exec-time bins (cumulative): <10us=9043801 <50us=174883 <500us=15644 <10ms=15679 <50ms=149 <500ms=292 <1s=0 >=1s=0 | stalls_detected=0[0m
[33m/home/cvazquezperezdelacru/clio-core/context-runtime/src/scheduler/default_sched.cc:439 WARNING 1812139 LoadBalance [#785] lane rescues performed: 0[0m
[33m/home/cvazquezperezdelacru/clio-core/context-runtime/src/scheduler/default_sched.cc:430 WARNING 1812139 LoadBalance [#781 PDF] observed exec-time bins (cumulative): <10us=9112168 <50us=175965 <500us=15724 <10ms=15682 <50ms=149 <500ms=292 <1s=0 >=1s=0 | stalls_detected=0[0m
[33m/home/cvazquezperezdelacru/clio-core/context-runtime/src/scheduler/default_sched.cc:439 WARNING 1812139 LoadBalance [#785] lane rescues performed: 0[0m
[33m/home/cvazquezperezdelacru/clio-core/context-runtime/src/scheduler/default_sched.cc:430 WARNING 1812139 LoadBalance [#781 PDF] observed exec-time bins (cumulative): <10us=9178825 <50us=178113 <500us=15815 <10ms=15683 <50ms=149 <500ms=292 <1s=0 >=1s=0 | stalls_detected=0[0m
[33m/home/cvazquezperezdelacru/clio-core/context-runtime/src/scheduler/default_sched.cc:439 WARNING 1812139 LoadBalance [#785] lane rescues performed: 0[0m
[33m/home/cvazquezperezdelacru/clio-core/context-runtime/src/scheduler/default_sched.cc:430 WARNING 1812139 LoadBalance [#781 PDF] observed exec-time bins (cumulative): <10us=9246625 <50us=179297 <500us=15893 <10ms=15685 <50ms=149 <500ms=292 <1s=0 >=1s=0 | stalls_detected=0[0m
[33m/home/cvazquezperezdelacru/clio-core/context-runtime/src/scheduler/default_sched.cc:439 WARNING 1812139 LoadBalance [#785] lane rescues performed: 0[0m
[33m/home/cvazquezperezdelacru/clio-core/context-runtime/src/scheduler/default_sched.cc:430 WARNING 1812139 LoadBalance [#781 PDF] observed exec-time bins (cumulative): <10us=9313871 <50us=180822 <500us=15939 <10ms=15687 <50ms=149 <500ms=292 <1s=0 >=1s=0 | stalls_detected=0[0m
[33m/home/cvazquezperezdelacru/clio-core/context-runtime/src/scheduler/default_sched.cc:439 WARNING 1812139 LoadBalance [#785] lane rescues performed: 0[0m
[33m/home/cvazquezperezdelacru/clio-core/context-runtime/src/scheduler/default_sched.cc:430 WARNING 1812139 LoadBalance [#781 PDF] observed exec-time bins (cumulative): <10us=9380484 <50us=182500 <500us=16002 <10ms=15690 <50ms=149 <500ms=292 <1s=0 >=1s=0 | stalls_detected=0[0m
[33m/home/cvazquezperezdelacru/clio-core/context-runtime/src/scheduler/default_sched.cc:439 WARNING 1812139 LoadBalance [#785] lane rescues performed: 0[0m
[33m/home/cvazquezperezdelacru/clio-core/context-runtime/src/scheduler/default_sched.cc:430 WARNING 1812139 LoadBalance [#781 PDF] observed exec-time bins (cumulative): <10us=9447649 <50us=183599 <500us=16090 <10ms=15695 <50ms=149 <500ms=292 <1s=0 >=1s=0 | stalls_detected=0[0m
[33m/home/cvazquezperezdelacru/clio-core/context-runtime/src/scheduler/default_sched.cc:439 WARNING 1812139 LoadBalance [#785] lane rescues performed: 0[0m
[33m/home/cvazquezperezdelacru/clio-core/context-runtime/src/scheduler/default_sched.cc:430 WARNING 1812139 LoadBalance [#781 PDF] observed exec-time bins (cumulative): <10us=9515071 <50us=184679 <500us=16143 <10ms=15696 <50ms=149 <500ms=292 <1s=0 >=1s=0 | stalls_detected=0[0m
[33m/home/cvazquezperezdelacru/clio-core/context-runtime/src/scheduler/default_sched.cc:439 WARNING 1812139 LoadBalance [#785] lane rescues performed: 0[0m
[33m/home/cvazquezperezdelacru/clio-core/context-runtime/src/scheduler/default_sched.cc:430 WARNING 1812139 LoadBalance [#781 PDF] observed exec-time bins (cumulative): <10us=9582601 <50us=185633 <500us=16218 <10ms=15698 <50ms=149 <500ms=292 <1s=0 >=1s=0 | stalls_detected=0[0m
[33m/home/cvazquezperezdelacru/clio-core/context-runtime/src/scheduler/default_sched.cc:439 WARNING 1812139 LoadBalance [#785] lane rescues performed: 0[0m
[33m/home/cvazquezperezdelacru/clio-core/context-runtime/src/scheduler/default_sched.cc:430 WARNING 1812139 LoadBalance [#781 PDF] observed exec-time bins (cumulative): <10us=9650920 <50us=186427 <500us=16285 <10ms=15700 <50ms=149 <500ms=292 <1s=0 >=1s=0 | stalls_detected=0[0m
[33m/home/cvazquezperezdelacru/clio-core/context-runtime/src/scheduler/default_sched.cc:439 WARNING 1812139 LoadBalance [#785] lane rescues performed: 0[0m
[33m/home/cvazquezperezdelacru/clio-core/context-runtime/src/scheduler/default_sched.cc:430 WARNING 1812139 LoadBalance [#781 PDF] observed exec-time bins (cumulative): <10us=9717989 <50us=187824 <500us=16360 <10ms=15701 <50ms=149 <500ms=292 <1s=0 >=1s=0 | stalls_detected=0[0m
[33m/home/cvazquezperezdelacru/clio-core/context-runtime/src/scheduler/default_sched.cc:439 WARNING 1812139 LoadBalance [#785] lane rescues performed: 0[0m
[33m/home/cvazquezperezdelacru/clio-core/context-runtime/src/scheduler/default_sched.cc:430 WARNING 1812139 LoadBalance [#781 PDF] observed exec-time bins (cumulative): <10us=9784422 <50us=189867 <500us=16450 <10ms=15702 <50ms=149 <500ms=292 <1s=0 >=1s=0 | stalls_detected=0[0m
[33m/home/cvazquezperezdelacru/clio-core/context-runtime/src/scheduler/default_sched.cc:439 WARNING 1812139 LoadBalance [#785] lane rescues performed: 0[0m
[33m/home/cvazquezperezdelacru/clio-core/context-runtime/src/scheduler/default_sched.cc:430 WARNING 1812139 LoadBalance [#781 PDF] observed exec-time bins (cumulative): <10us=9851991 <50us=190659 <500us=16539 <10ms=15704 <50ms=149 <500ms=292 <1s=0 >=1s=0 | stalls_detected=0[0m
[33m/home/cvazquezperezdelacru/clio-core/context-runtime/src/scheduler/default_sched.cc:439 WARNING 1812139 LoadBalance [#785] lane rescues performed: 0[0m
[33m/home/cvazquezperezdelacru/clio-core/context-runtime/src/scheduler/default_sched.cc:430 WARNING 1812139 LoadBalance [#781 PDF] observed exec-time bins (cumulative): <10us=9918617 <50us=192575 <500us=16623 <10ms=15707 <50ms=149 <500ms=292 <1s=0 >=1s=0 | stalls_detected=0[0m
[33m/home/cvazquezperezdelacru/clio-core/context-runtime/src/scheduler/default_sched.cc:439 WARNING 1812139 LoadBalance [#785] lane rescues performed: 0[0m
[33m/home/cvazquezperezdelacru/clio-core/context-runtime/src/scheduler/default_sched.cc:430 WARNING 1812139 LoadBalance [#781 PDF] observed exec-time bins (cumulative): <10us=9984448 <50us=194656 <500us=16712 <10ms=15709 <50ms=149 <500ms=292 <1s=0 >=1s=0 | stalls_detected=0[0m
[33m/home/cvazquezperezdelacru/clio-core/context-runtime/src/scheduler/default_sched.cc:439 WARNING 1812139 LoadBalance [#785] lane rescues performed: 0[0m
[33m/home/cvazquezperezdelacru/clio-core/context-runtime/src/scheduler/default_sched.cc:430 WARNING 1812139 LoadBalance [#781 PDF] observed exec-time bins (cumulative): <10us=10051674 <50us=195895 <500us=16782 <10ms=15710 <50ms=149 <500ms=292 <1s=0 >=1s=0 | stalls_detected=0[0m
[33m/home/cvazquezperezdelacru/clio-core/context-runtime/src/scheduler/default_sched.cc:439 WARNING 1812139 LoadBalance [#785] lane rescues performed: 0[0m
[33m/home/cvazquezperezdelacru/clio-core/context-runtime/src/scheduler/default_sched.cc:430 WARNING 1812139 LoadBalance [#781 PDF] observed exec-time bins (cumulative): <10us=10118984 <50us=197291 <500us=16851 <10ms=15712 <50ms=149 <500ms=292 <1s=0 >=1s=0 | stalls_detected=0[0m
[33m/home/cvazquezperezdelacru/clio-core/context-runtime/src/scheduler/default_sched.cc:439 WARNING 1812139 LoadBalance [#785] lane rescues performed: 0[0m
[33m/home/cvazquezperezdelacru/clio-core/context-runtime/src/scheduler/default_sched.cc:430 WARNING 1812139 LoadBalance [#781 PDF] observed exec-time bins (cumulative): <10us=10186217 <50us=198743 <500us=16927 <10ms=15716 <50ms=149 <500ms=292 <1s=0 >=1s=0 | stalls_detected=0[0m
[33m/home/cvazquezperezdelacru/clio-core/context-runtime/src/scheduler/default_sched.cc:439 WARNING 1812139 LoadBalance [#785] lane rescues performed: 0[0m
[33m/home/cvazquezperezdelacru/clio-core/context-runtime/src/scheduler/default_sched.cc:430 WARNING 1812139 LoadBalance [#781 PDF] observed exec-time bins (cumulative): <10us=10254187 <50us=199748 <500us=16998 <10ms=15718 <50ms=149 <500ms=292 <1s=0 >=1s=0 | stalls_detected=0[0m
[33m/home/cvazquezperezdelacru/clio-core/context-runtime/src/scheduler/default_sched.cc:439 WARNING 1812139 LoadBalance [#785] lane rescues performed: 0[0m
[33m/home/cvazquezperezdelacru/clio-core/context-runtime/src/scheduler/default_sched.cc:430 WARNING 1812139 LoadBalance [#781 PDF] observed exec-time bins (cumulative): <10us=10321350 <50us=201157 <500us=17104 <10ms=15719 <50ms=149 <500ms=292 <1s=0 >=1s=0 | stalls_detected=0[0m
[33m/home/cvazquezperezdelacru/clio-core/context-runtime/src/scheduler/default_sched.cc:439 WARNING 1812139 LoadBalance [#785] lane rescues performed: 0[0m
[33m/home/cvazquezperezdelacru/clio-core/context-runtime/src/scheduler/default_sched.cc:430 WARNING 1812139 LoadBalance [#781 PDF] observed exec-time bins (cumulative): <10us=10389368 <50us=202110 <500us=17176 <10ms=15721 <50ms=149 <500ms=292 <1s=0 >=1s=0 | stalls_detected=0[0m
[33m/home/cvazquezperezdelacru/clio-core/context-runtime/src/scheduler/default_sched.cc:439 WARNING 1812139 LoadBalance [#785] lane rescues performed: 0[0m
[33m/home/cvazquezperezdelacru/clio-core/context-runtime/src/scheduler/default_sched.cc:430 WARNING 1812139 LoadBalance [#781 PDF] observed exec-time bins (cumulative): <10us=10457398 <50us=202745 <500us=17216 <10ms=15724 <50ms=149 <500ms=292 <1s=0 >=1s=0 | stalls_detected=0[0m
[33m/home/cvazquezperezdelacru/clio-core/context-runtime/src/scheduler/default_sched.cc:439 WARNING 1812139 LoadBalance [#785] lane rescues performed: 0[0m
[33m/home/cvazquezperezdelacru/clio-core/context-runtime/src/scheduler/default_sched.cc:430 WARNING 1812139 LoadBalance [#781 PDF] observed exec-time bins (cumulative): <10us=10523999 <50us=203906 <500us=17261 <10ms=15726 <50ms=149 <500ms=292 <1s=0 >=1s=0 | stalls_detected=0[0m
[33m/home/cvazquezperezdelacru/clio-core/context-runtime/src/scheduler/default_sched.cc:439 WARNING 1812139 LoadBalance [#785] lane rescues performed: 0[0m
[33m/home/cvazquezperezdelacru/clio-core/context-runtime/src/scheduler/default_sched.cc:430 WARNING 1812139 LoadBalance [#781 PDF] observed exec-time bins (cumulative): <10us=10590135 <50us=205602 <500us=17307 <10ms=15727 <50ms=149 <500ms=292 <1s=0 >=1s=0 | stalls_detected=0[0m
[33m/home/cvazquezperezdelacru/clio-core/context-runtime/src/scheduler/default_sched.cc:439 WARNING 1812139 LoadBalance [#785] lane rescues performed: 0[0m
[33m/home/cvazquezperezdelacru/clio-core/context-runtime/src/scheduler/default_sched.cc:430 WARNING 1812139 LoadBalance [#781 PDF] observed exec-time bins (cumulative): <10us=10657400 <50us=206708 <500us=17360 <10ms=15728 <50ms=149 <500ms=292 <1s=0 >=1s=0 | stalls_detected=0[0m
[33m/home/cvazquezperezdelacru/clio-core/context-runtime/src/scheduler/default_sched.cc:439 WARNING 1812139 LoadBalance [#785] lane rescues performed: 0[0m
[33m/home/cvazquezperezdelacru/clio-core/context-runtime/src/scheduler/default_sched.cc:430 WARNING 1812139 LoadBalance [#781 PDF] observed exec-time bins (cumulative): <10us=10724520 <50us=208210 <500us=17434 <10ms=15729 <50ms=149 <500ms=292 <1s=0 >=1s=0 | stalls_detected=0[0m
[33m/home/cvazquezperezdelacru/clio-core/context-runtime/src/scheduler/default_sched.cc:439 WARNING 1812139 LoadBalance [#785] lane rescues performed: 0[0m
[33m/home/cvazquezperezdelacru/clio-core/context-runtime/src/scheduler/default_sched.cc:430 WARNING 1812139 LoadBalance [#781 PDF] observed exec-time bins (cumulative): <10us=10792596 <50us=208972 <500us=17516 <10ms=15731 <50ms=149 <500ms=292 <1s=0 >=1s=0 | stalls_detected=0[0m
[33m/home/cvazquezperezdelacru/clio-core/context-runtime/src/scheduler/default_sched.cc:439 WARNING 1812139 LoadBalance [#785] lane rescues performed: 0[0m
[33m/home/cvazquezperezdelacru/clio-core/context-runtime/src/scheduler/default_sched.cc:430 WARNING 1812139 LoadBalance [#781 PDF] observed exec-time bins (cumulative): <10us=10860379 <50us=209968 <500us=17572 <10ms=15734 <50ms=149 <500ms=292 <1s=0 >=1s=0 | stalls_detected=0[0m
[33m/home/cvazquezperezdelacru/clio-core/context-runtime/src/scheduler/default_sched.cc:439 WARNING 1812139 LoadBalance [#785] lane rescues performed: 0[0m
[33m/home/cvazquezperezdelacru/clio-core/context-runtime/src/scheduler/default_sched.cc:430 WARNING 1812139 LoadBalance [#781 PDF] observed exec-time bins (cumulative): <10us=10927884 <50us=211019 <500us=17637 <10ms=15735 <50ms=149 <500ms=292 <1s=0 >=1s=0 | stalls_detected=0[0m
[33m/home/cvazquezperezdelacru/clio-core/context-runtime/src/scheduler/default_sched.cc:439 WARNING 1812139 LoadBalance [#785] lane rescues performed: 0[0m
[33m/home/cvazquezperezdelacru/clio-core/context-runtime/src/scheduler/default_sched.cc:430 WARNING 1812139 LoadBalance [#781 PDF] observed exec-time bins (cumulative): <10us=10996666 <50us=211502 <500us=17699 <10ms=15738 <50ms=149 <500ms=292 <1s=0 >=1s=0 | stalls_detected=0[0m
[33m/home/cvazquezperezdelacru/clio-core/context-runtime/src/scheduler/default_sched.cc:439 WARNING 1812139 LoadBalance [#785] lane rescues performed: 0[0m
[33m/home/cvazquezperezdelacru/clio-core/context-runtime/src/scheduler/default_sched.cc:430 WARNING 1812139 LoadBalance [#781 PDF] observed exec-time bins (cumulative): <10us=11063937 <50us=212841 <500us=17796 <10ms=15741 <50ms=149 <500ms=292 <1s=0 >=1s=0 | stalls_detected=0[0m
[33m/home/cvazquezperezdelacru/clio-core/context-runtime/src/scheduler/default_sched.cc:439 WARNING 1812139 LoadBalance [#785] lane rescues performed: 0[0m
[33m/home/cvazquezperezdelacru/clio-core/context-runtime/src/scheduler/default_sched.cc:430 WARNING 1812139 LoadBalance [#781 PDF] observed exec-time bins (cumulative): <10us=11131172 <50us=214466 <500us=17858 <10ms=15743 <50ms=149 <500ms=292 <1s=0 >=1s=0 | stalls_detected=0[0m
[33m/home/cvazquezperezdelacru/clio-core/context-runtime/src/scheduler/default_sched.cc:439 WARNING 1812139 LoadBalance [#785] lane rescues performed: 0[0m
[33m/home/cvazquezperezdelacru/clio-core/context-runtime/src/scheduler/default_sched.cc:430 WARNING 1812139 LoadBalance [#781 PDF] observed exec-time bins (cumulative): <10us=11198213 <50us=215695 <500us=17927 <10ms=15746 <50ms=149 <500ms=292 <1s=0 >=1s=0 | stalls_detected=0[0m
[33m/home/cvazquezperezdelacru/clio-core/context-runtime/src/scheduler/default_sched.cc:439 WARNING 1812139 LoadBalance [#785] lane rescues performed: 0[0m
[33m/home/cvazquezperezdelacru/clio-core/context-runtime/src/scheduler/default_sched.cc:430 WARNING 1812139 LoadBalance [#781 PDF] observed exec-time bins (cumulative): <10us=11265792 <50us=216929 <500us=18004 <10ms=15748 <50ms=149 <500ms=292 <1s=0 >=1s=0 | stalls_detected=0[0m
[33m/home/cvazquezperezdelacru/clio-core/context-runtime/src/scheduler/default_sched.cc:439 WARNING 1812139 LoadBalance [#785] lane rescues performed: 0[0m
[33m/home/cvazquezperezdelacru/clio-core/context-runtime/src/scheduler/default_sched.cc:430 WARNING 1812139 LoadBalance [#781 PDF] observed exec-time bins (cumulative): <10us=11333808 <50us=217725 <500us=18057 <10ms=15750 <50ms=149 <500ms=292 <1s=0 >=1s=0 | stalls_detected=0[0m
[33m/home/cvazquezperezdelacru/clio-core/context-runtime/src/scheduler/default_sched.cc:439 WARNING 1812139 LoadBalance [#785] lane rescues performed: 0[0m
[33m/home/cvazquezperezdelacru/clio-core/context-runtime/src/scheduler/default_sched.cc:430 WARNING 1812139 LoadBalance [#781 PDF] observed exec-time bins (cumulative): <10us=11400808 <50us=219689 <500us=18121 <10ms=15751 <50ms=149 <500ms=292 <1s=0 >=1s=0 | stalls_detected=0[0m
[33m/home/cvazquezperezdelacru/clio-core/context-runtime/src/scheduler/default_sched.cc:439 WARNING 1812139 LoadBalance [#785] lane rescues performed: 0[0m
[33m/home/cvazquezperezdelacru/clio-core/context-runtime/src/scheduler/default_sched.cc:430 WARNING 1812139 LoadBalance [#781 PDF] observed exec-time bins (cumulative): <10us=11468281 <50us=221025 <500us=18187 <10ms=15753 <50ms=149 <500ms=292 <1s=0 >=1s=0 | stalls_detected=0[0m
[33m/home/cvazquezperezdelacru/clio-core/context-runtime/src/scheduler/default_sched.cc:439 WARNING 1812139 LoadBalance [#785] lane rescues performed: 0[0m
[33m/home/cvazquezperezdelacru/clio-core/context-runtime/src/scheduler/default_sched.cc:430 WARNING 1812139 LoadBalance [#781 PDF] observed exec-time bins (cumulative): <10us=11535003 <50us=222759 <500us=18276 <10ms=15757 <50ms=149 <500ms=292 <1s=0 >=1s=0 | stalls_detected=0[0m
[33m/home/cvazquezperezdelacru/clio-core/context-runtime/src/scheduler/default_sched.cc:439 WARNING 1812139 LoadBalance [#785] lane rescues performed: 0[0m
[33m/home/cvazquezperezdelacru/clio-core/context-runtime/src/scheduler/default_sched.cc:430 WARNING 1812139 LoadBalance [#781 PDF] observed exec-time bins (cumulative): <10us=11602017 <50us=224180 <500us=18342 <10ms=15759 <50ms=149 <500ms=292 <1s=0 >=1s=0 | stalls_detected=0[0m
[33m/home/cvazquezperezdelacru/clio-core/context-runtime/src/scheduler/default_sched.cc:439 WARNING 1812139 LoadBalance [#785] lane rescues performed: 0[0m
[33m/home/cvazquezperezdelacru/clio-core/context-runtime/src/scheduler/default_sched.cc:430 WARNING 1812139 LoadBalance [#781 PDF] observed exec-time bins (cumulative): <10us=11669967 <50us=225143 <500us=18411 <10ms=15769 <50ms=150 <500ms=292 <1s=0 >=1s=0 | stalls_detected=0[0m
[33m/home/cvazquezperezdelacru/clio-core/context-runtime/src/scheduler/default_sched.cc:439 WARNING 1812139 LoadBalance [#785] lane rescues performed: 0[0m
[33m/home/cvazquezperezdelacru/clio-core/context-runtime/src/scheduler/default_sched.cc:430 WARNING 1812139 LoadBalance [#781 PDF] observed exec-time bins (cumulative): <10us=11737333 <50us=226293 <500us=18537 <10ms=15837 <50ms=153 <500ms=292 <1s=0 >=1s=0 | stalls_detected=0[0m
[33m/home/cvazquezperezdelacru/clio-core/context-runtime/src/scheduler/default_sched.cc:439 WARNING 1812139 LoadBalance [#785] lane rescues performed: 0[0m
[33m/home/cvazquezperezdelacru/clio-core/context-runtime/src/scheduler/default_sched.cc:430 WARNING 1812139 LoadBalance [#781 PDF] observed exec-time bins (cumulative): <10us=11803657 <50us=228806 <500us=18641 <10ms=15880 <50ms=158 <500ms=292 <1s=0 >=1s=0 | stalls_detected=0[0m
[33m/home/cvazquezperezdelacru/clio-core/context-runtime/src/scheduler/default_sched.cc:439 WARNING 1812139 LoadBalance [#785] lane rescues performed: 0[0m
[33m/home/cvazquezperezdelacru/clio-core/context-runtime/src/scheduler/default_sched.cc:430 WARNING 1812139 LoadBalance [#781 PDF] observed exec-time bins (cumulative): <10us=11870320 <50us=231417 <500us=18759 <10ms=15940 <50ms=160 <500ms=292 <1s=0 >=1s=0 | stalls_detected=0[0m
[33m/home/cvazquezperezdelacru/clio-core/context-runtime/src/scheduler/default_sched.cc:439 WARNING 1812139 LoadBalance [#785] lane rescues performed: 0[0m
[33m/home/cvazquezperezdelacru/clio-core/context-runtime/src/scheduler/default_sched.cc:430 WARNING 1812139 LoadBalance [#781 PDF] observed exec-time bins (cumulative): <10us=11936189 <50us=234245 <500us=18878 <10ms=15998 <50ms=161 <500ms=292 <1s=0 >=1s=0 | stalls_detected=0[0m
[33m/home/cvazquezperezdelacru/clio-core/context-runtime/src/scheduler/default_sched.cc:439 WARNING 1812139 LoadBalance [#785] lane rescues performed: 0[0m
[33m/home/cvazquezperezdelacru/clio-core/context-runtime/src/scheduler/default_sched.cc:430 WARNING 1812139 LoadBalance [#781 PDF] observed exec-time bins (cumulative): <10us=12003578 <50us=236086 <500us=19003 <10ms=16069 <50ms=165 <500ms=292 <1s=0 >=1s=0 | stalls_detected=0[0m
[33m/home/cvazquezperezdelacru/clio-core/context-runtime/src/scheduler/default_sched.cc:439 WARNING 1812139 LoadBalance [#785] lane rescues performed: 0[0m
[33m/home/cvazquezperezdelacru/clio-core/context-runtime/src/scheduler/default_sched.cc:430 WARNING 1812139 LoadBalance [#781 PDF] observed exec-time bins (cumulative): <10us=12071103 <50us=237350 <500us=19102 <10ms=16111 <50ms=167 <500ms=292 <1s=0 >=1s=0 | stalls_detected=0[0m
[33m/home/cvazquezperezdelacru/clio-core/context-runtime/src/scheduler/default_sched.cc:439 WARNING 1812139 LoadBalance [#785] lane rescues performed: 0[0m
[33m/home/cvazquezperezdelacru/clio-core/context-runtime/src/scheduler/default_sched.cc:430 WARNING 1812139 LoadBalance [#781 PDF] observed exec-time bins (cumulative): <10us=12137898 <50us=238817 <500us=19223 <10ms=16171 <50ms=169 <500ms=292 <1s=0 >=1s=0 | stalls_detected=0[0m
[33m/home/cvazquezperezdelacru/clio-core/context-runtime/src/scheduler/default_sched.cc:439 WARNING 1812139 LoadBalance [#785] lane rescues performed: 0[0m
[31m/home/cvazquezperezdelacru/clio-core/context-runtime/src/scheduler/default_sched.cc:726 ERROR 1812139 LoadBalance [HANGWATCH-HB] processed=41929 outstanding=1 (queued=1 blocked=0 retry=0 periodic=6) live=2 live_stalled=0[0m
[33m/home/cvazquezperezdelacru/clio-core/context-runtime/src/scheduler/default_sched.cc:430 WARNING 1812139 LoadBalance [#781 PDF] observed exec-time bins (cumulative): <10us=12205822 <50us=239999 <500us=19368 <10ms=16239 <50ms=170 <500ms=292 <1s=0 >=1s=0 | stalls_detected=0[0m
[33m/home/cvazquezperezdelacru/clio-core/context-runtime/src/scheduler/default_sched.cc:439 WARNING 1812139 LoadBalance [#785] lane rescues performed: 0[0m
[33m/home/cvazquezperezdelacru/clio-core/context-runtime/src/scheduler/default_sched.cc:430 WARNING 1812139 LoadBalance [#781 PDF] observed exec-time bins (cumulative): <10us=12272763 <50us=241985 <500us=19504 <10ms=16307 <50ms=171 <500ms=292 <1s=0 >=1s=0 | stalls_detected=0[0m
[33m/home/cvazquezperezdelacru/clio-core/context-runtime/src/scheduler/default_sched.cc:439 WARNING 1812139 LoadBalance [#785] lane rescues performed: 0[0m
[33m/home/cvazquezperezdelacru/clio-core/context-runtime/src/scheduler/default_sched.cc:430 WARNING 1812139 LoadBalance [#781 PDF] observed exec-time bins (cumulative): <10us=12340751 <50us=243104 <500us=19619 <10ms=16346 <50ms=172 <500ms=292 <1s=0 >=1s=0 | stalls_detected=0[0m
[33m/home/cvazquezperezdelacru/clio-core/context-runtime/src/scheduler/default_sched.cc:439 WARNING 1812139 LoadBalance [#785] lane rescues performed: 0[0m
[33m/home/cvazquezperezdelacru/clio-core/context-runtime/src/scheduler/default_sched.cc:430 WARNING 1812139 LoadBalance [#781 PDF] observed exec-time bins (cumulative): <10us=12407405 <50us=244798 <500us=19759 <10ms=16412 <50ms=173 <500ms=292 <1s=0 >=1s=0 | stalls_detected=0[0m
[33m/home/cvazquezperezdelacru/clio-core/context-runtime/src/scheduler/default_sched.cc:439 WARNING 1812139 LoadBalance [#785] lane rescues performed: 0[0m
[33m/home/cvazquezperezdelacru/clio-core/context-runtime/src/scheduler/default_sched.cc:430 WARNING 1812139 LoadBalance [#781 PDF] observed exec-time bins (cumulative): <10us=12473535 <50us=247106 <500us=19863 <10ms=16458 <50ms=176 <500ms=292 <1s=0 >=1s=0 | stalls_detected=0[0m
[33m/home/cvazquezperezdelacru/clio-core/context-runtime/src/scheduler/default_sched.cc:439 WARNING 1812139 LoadBalance [#785] lane rescues performed: 0[0m
[33m/home/cvazquezperezdelacru/clio-core/context-runtime/src/scheduler/default_sched.cc:430 WARNING 1812139 LoadBalance [#781 PDF] observed exec-time bins (cumulative): <10us=12541194 <50us=248400 <500us=19986 <10ms=16506 <50ms=179 <500ms=292 <1s=0 >=1s=0 | stalls_detected=0[0m
[33m/home/cvazquezperezdelacru/clio-core/context-runtime/src/scheduler/default_sched.cc:439 WARNING 1812139 LoadBalance [#785] lane rescues performed: 0[0m
[33m/home/cvazquezperezdelacru/clio-core/context-runtime/src/scheduler/default_sched.cc:430 WARNING 1812139 LoadBalance [#781 PDF] observed exec-time bins (cumulative): <10us=12609523 <50us=248696 <500us=19994 <10ms=16509 <50ms=179 <500ms=292 <1s=0 >=1s=0 | stalls_detected=0[0m
[33m/home/cvazquezperezdelacru/clio-core/context-runtime/src/scheduler/default_sched.cc:439 WARNING 1812139 LoadBalance [#785] lane rescues performed: 0[0m
[97m/home/cvazquezperezdelacru/clio-core/context-runtime/src/ipc_manager.cc:2295 INFO 1812141 GetOrCreateClient [ClientPool] Creating new persistent connection to 127.0.0.1:40899[0m
[97m/home/cvazquezperezdelacru/clio-core/context-runtime/src/ipc_manager.cc:2315 INFO 1812141 GetOrCreateClient [ClientPool] Connection established to 127.0.0.1:40899[0m
[97m/home/cvazquezperezdelacru/clio-core/context-runtime/modules/admin/src/admin_runtime.cc:1213 INFO 1812131 RegisterMemory Admin::RegisterMemory: Registering CPU alloc_id (1814607.0)[0m
[97m/home/cvazquezperezdelacru/clio-core/context-runtime/src/ipc_manager.cc:2539 INFO 1812131 RegisterMemory IpcManager::RegisterMemory: Registering clio_1814607_0 from pid 1814607[0m
[97m/home/cvazquezperezdelacru/clio-core/context-runtime/src/ipc_manager.cc:2582 INFO 1812131 RegisterMemory IpcManager::RegisterMemory: Successfully registered clio_1814607_0[0m
[97m/home/cvazquezperezdelacru/clio-core/context-runtime/src/pool_manager.cc:534 INFO 1812131 CreatePool PoolManager: Creating pool 'clio_cte_core' with 2 containers (one per node)[0m
[97m/home/cvazquezperezdelacru/clio-core/context-runtime/src/pool_manager.cc:575 INFO 1812131 CreatePool PoolManager: Pool PoolId(major:512, minor:0) already exists by ID, returning existing pool[0m
[97m/home/cvazquezperezdelacru/clio-core/context-runtime/src/pool_manager.cc:534 INFO 1812133 CreatePool PoolManager: Creating pool 'faiss_ivf_bench' with 2 containers (one per node)[0m
[97m/home/cvazquezperezdelacru/clio-core/context-runtime/src/pool_manager.cc:575 INFO 1812133 CreatePool PoolManager: Pool PoolId(major:600, minor:0) already exists by ID, returning existing pool[0m
[97m/home/cvazquezperezdelacru/clio-core/context-runtime/src/ipc_manager.cc:2447 INFO 1812131 IncreaseClientShm IpcManager::IncreaseClientShm: Creating clio_1812111_4 with size 117768192 (84213760 + 33554432 overhead)[0m
[97m/home/cvazquezperezdelacru/clio-core/context-runtime/src/ipc_manager.cc:2492 INFO 1812131 IncreaseClientShm IpcManager::IncreaseClientShm: Created allocator clio_1812111_4 with ID (1812111.4)[0m
[97m/mnt/common/cvazquezperezdelacru/IOWARP/faiss/contrib/iowarp/chimod/src/faiss_ivf_runtime.cc:258 INFO 1812131 OpenIndex faiss_ivf: opened '/mnt/common/cvazquezperezdelacru/faiss/slurm_bench/work/ondisk_nb100M.index' (d=128, nlist=16384, ntotal=100000000, tag='faiss_ivf::ondisk_nb100M')[0m
[97m/mnt/common/cvazquezperezdelacru/IOWARP/faiss/contrib/iowarp/chimod/src/faiss_ivf_runtime.cc:329 INFO 1812131 Search faiss_ivf: Search nq=250 k=10 nprobe=256 unique_lists=15576[0m
[97m/home/cvazquezperezdelacru/clio-core/context-runtime/src/ipc_manager.cc:2447 INFO 1812131 IncreaseClientShm IpcManager::IncreaseClientShm: Creating clio_1812111_5 with size 177952912 (144398480 + 33554432 overhead)[0m
[97m/home/cvazquezperezdelacru/clio-core/context-runtime/src/ipc_manager.cc:2492 INFO 1812131 IncreaseClientShm IpcManager::IncreaseClientShm: Created allocator clio_1812111_5 with ID (1812111.5)[0m
[97m/home/cvazquezperezdelacru/clio-core/context-runtime/src/ipc_manager.cc:2447 INFO 1812131 IncreaseClientShm IpcManager::IncreaseClientShm: Creating clio_1812111_6 with size 177952912 (144398480 + 33554432 overhead)[0m
[97m/home/cvazquezperezdelacru/clio-core/context-runtime/src/ipc_manager.cc:2492 INFO 1812131 IncreaseClientShm IpcManager::IncreaseClientShm: Created allocator clio_1812111_6 with ID (1812111.6)[0m
[97m/home/cvazquezperezdelacru/clio-core/context-runtime/src/ipc_manager.cc:2447 INFO 1812131 IncreaseClientShm IpcManager::IncreaseClientShm: Creating clio_1812111_7 with size 177952912 (144398480 + 33554432 overhead)[0m
[97m/home/cvazquezperezdelacru/clio-core/context-runtime/src/ipc_manager.cc:2492 INFO 1812131 IncreaseClientShm IpcManager::IncreaseClientShm: Created allocator clio_1812111_7 with ID (1812111.7)[0m
[97m/home/cvazquezperezdelacru/clio-core/context-runtime/src/ipc_manager.cc:2447 INFO 1812131 IncreaseClientShm IpcManager::IncreaseClientShm: Creating clio_1812111_8 with size 177952912 (144398480 + 33554432 overhead)[0m
[97m/home/cvazquezperezdelacru/clio-core/context-runtime/src/ipc_manager.cc:2492 INFO 1812131 IncreaseClientShm IpcManager::IncreaseClientShm: Created allocator clio_1812111_8 with ID (1812111.8)[0m
[97m/home/cvazquezperezdelacru/clio-core/context-runtime/src/ipc_manager.cc:2447 INFO 1812131 IncreaseClientShm IpcManager::IncreaseClientShm: Creating clio_1812111_9 with size 177952912 (144398480 + 33554432 overhead)[0m
[97m/home/cvazquezperezdelacru/clio-core/context-runtime/src/ipc_manager.cc:2492 INFO 1812131 IncreaseClientShm IpcManager::IncreaseClientShm: Created allocator clio_1812111_9 with ID (1812111.9)[0m
[97m/home/cvazquezperezdelacru/clio-core/context-runtime/src/ipc_manager.cc:2447 INFO 1812131 IncreaseClientShm IpcManager::IncreaseClientShm: Creating clio_1812111_10 with size 177952912 (144398480 + 33554432 overhead)[0m
[97m/home/cvazquezperezdelacru/clio-core/context-runtime/src/ipc_manager.cc:2492 INFO 1812131 IncreaseClientShm IpcManager::IncreaseClientShm: Created allocator clio_1812111_10 with ID (1812111.10)[0m
[97m/home/cvazquezperezdelacru/clio-core/context-runtime/src/ipc_manager.cc:2447 INFO 1812131 IncreaseClientShm IpcManager::IncreaseClientShm: Creating clio_1812111_11 with size 177952912 (144398480 + 33554432 overhead)[0m
[97m/home/cvazquezperezdelacru/clio-core/context-runtime/src/ipc_manager.cc:2492 INFO 1812131 IncreaseClientShm IpcManager::IncreaseClientShm: Created allocator clio_1812111_11 with ID (1812111.11)[0m
[97m/home/cvazquezperezdelacru/clio-core/context-runtime/src/ipc_manager.cc:2447 INFO 1812131 IncreaseClientShm IpcManager::IncreaseClientShm: Creating clio_1812111_12 with size 177952912 (144398480 + 33554432 overhead)[0m
[97m/home/cvazquezperezdelacru/clio-core/context-runtime/src/ipc_manager.cc:2492 INFO 1812131 IncreaseClientShm IpcManager::IncreaseClientShm: Created allocator clio_1812111_12 with ID (1812111.12)[0m
[97m/home/cvazquezperezdelacru/clio-core/context-runtime/src/ipc_manager.cc:2447 INFO 1812131 IncreaseClientShm IpcManager::IncreaseClientShm: Creating clio_1812111_13 with size 177952912 (144398480 + 33554432 overhead)[0m
[97m/home/cvazquezperezdelacru/clio-core/context-runtime/src/ipc_manager.cc:2492 INFO 1812131 IncreaseClientShm IpcManager::IncreaseClientShm: Created allocator clio_1812111_13 with ID (1812111.13)[0m
[97m/home/cvazquezperezdelacru/clio-core/context-runtime/src/ipc_manager.cc:2447 INFO 1812140 IncreaseClientShm IpcManager::IncreaseClientShm: Creating clio_1812111_14 with size 127087808 (93533376 + 33554432 overhead)[0m
[97m/home/cvazquezperezdelacru/clio-core/context-runtime/src/ipc_manager.cc:2492 INFO 1812140 IncreaseClientShm IpcManager::IncreaseClientShm: Created allocator clio_1812111_14 with ID (1812111.14)[0m
[33m/home/cvazquezperezdelacru/clio-core/context-runtime/src/scheduler/default_sched.cc:430 WARNING 1812139 LoadBalance [#781 PDF] observed exec-time bins (cumulative): <10us=12678176 <50us=249252 <500us=20047 <10ms=16597 <50ms=191 <500ms=293 <1s=0 >=1s=0 | stalls_detected=0[0m
[33m/home/cvazquezperezdelacru/clio-core/context-runtime/src/scheduler/default_sched.cc:439 WARNING 1812139 LoadBalance [#785] lane rescues performed: 0[0m
[97m/home/cvazquezperezdelacru/clio-core/context-runtime/src/ipc_manager.cc:2447 INFO 1812140 IncreaseClientShm IpcManager::IncreaseClientShm: Creating clio_1812111_15 with size 144020312 (110465880 + 33554432 overhead)[0m
[97m/home/cvazquezperezdelacru/clio-core/context-runtime/src/ipc_manager.cc:2492 INFO 1812140 IncreaseClientShm IpcManager::IncreaseClientShm: Created allocator clio_1812111_15 with ID (1812111.15)[0m
[33m/home/cvazquezperezdelacru/clio-core/context-runtime/src/scheduler/default_sched.cc:430 WARNING 1812139 LoadBalance [#781 PDF] observed exec-time bins (cumulative): <10us=12758827 <50us=250761 <500us=20287 <10ms=16903 <50ms=217 <500ms=293 <1s=0 >=1s=0 | stalls_detected=0[0m
[33m/home/cvazquezperezdelacru/clio-core/context-runtime/src/scheduler/default_sched.cc:439 WARNING 1812139 LoadBalance [#785] lane rescues performed: 0[0m
[97m/home/cvazquezperezdelacru/clio-core/context-runtime/src/ipc_manager.cc:2447 INFO 1812140 IncreaseClientShm IpcManager::IncreaseClientShm: Creating clio_1812111_16 with size 146054816 (112500384 + 33554432 overhead)[0m
[97m/home/cvazquezperezdelacru/clio-core/context-runtime/src/ipc_manager.cc:2492 INFO 1812140 IncreaseClientShm IpcManager::IncreaseClientShm: Created allocator clio_1812111_16 with ID (1812111.16)[0m
[97m/home/cvazquezperezdelacru/clio-core/context-runtime/src/ipc_manager.cc:2447 INFO 1812140 IncreaseClientShm IpcManager::IncreaseClientShm: Creating clio_1812111_17 with size 130969616 (97415184 + 33554432 overhead)[0m
[97m/home/cvazquezperezdelacru/clio-core/context-runtime/src/ipc_manager.cc:2492 INFO 1812140 IncreaseClientShm IpcManager::IncreaseClientShm: Created allocator clio_1812111_17 with ID (1812111.17)[0m
[33m/home/cvazquezperezdelacru/clio-core/context-runtime/src/scheduler/default_sched.cc:430 WARNING 1812139 LoadBalance [#781 PDF] observed exec-time bins (cumulative): <10us=12839428 <50us=252028 <500us=20464 <10ms=17203 <50ms=235 <500ms=293 <1s=0 >=1s=0 | stalls_detected=0[0m
[33m/home/cvazquezperezdelacru/clio-core/context-runtime/src/scheduler/default_sched.cc:439 WARNING 1812139 LoadBalance [#785] lane rescues performed: 0[0m
[97m/home/cvazquezperezdelacru/clio-core/context-runtime/src/ipc_manager.cc:2447 INFO 1812140 IncreaseClientShm IpcManager::IncreaseClientShm: Creating clio_1812111_18 with size 144585808 (111031376 + 33554432 overhead)[0m
[97m/home/cvazquezperezdelacru/clio-core/context-runtime/src/ipc_manager.cc:2492 INFO 1812140 IncreaseClientShm IpcManager::IncreaseClientShm: Created allocator clio_1812111_18 with ID (1812111.18)[0m
[33m/home/cvazquezperezdelacru/clio-core/context-runtime/src/scheduler/default_sched.cc:430 WARNING 1812139 LoadBalance [#781 PDF] observed exec-time bins (cumulative): <10us=12924913 <50us=252601 <500us=20677 <10ms=17521 <50ms=258 <500ms=293 <1s=0 >=1s=0 | stalls_detected=0[0m
[33m/home/cvazquezperezdelacru/clio-core/context-runtime/src/scheduler/default_sched.cc:439 WARNING 1812139 LoadBalance [#785] lane rescues performed: 0[0m
[97m/home/cvazquezperezdelacru/clio-core/context-runtime/src/ipc_manager.cc:2447 INFO 1812140 IncreaseClientShm IpcManager::IncreaseClientShm: Creating clio_1812111_19 with size 130181808 (96627376 + 33554432 overhead)[0m
[97m/home/cvazquezperezdelacru/clio-core/context-runtime/src/ipc_manager.cc:2492 INFO 1812140 IncreaseClientShm IpcManager::IncreaseClientShm: Created allocator clio_1812111_19 with ID (1812111.19)[0m
[97m/home/cvazquezperezdelacru/clio-core/context-runtime/src/ipc_manager.cc:2447 INFO 1812140 IncreaseClientShm IpcManager::IncreaseClientShm: Creating clio_1812111_20 with size 149225512 (115671080 + 33554432 overhead)[0m
[97m/home/cvazquezperezdelacru/clio-core/context-runtime/src/ipc_manager.cc:2492 INFO 1812140 IncreaseClientShm IpcManager::IncreaseClientShm: Created allocator clio_1812111_20 with ID (1812111.20)[0m
[33m/home/cvazquezperezdelacru/clio-core/context-runtime/src/scheduler/default_sched.cc:430 WARNING 1812139 LoadBalance [#781 PDF] observed exec-time bins (cumulative): <10us=13007126 <50us=253305 <500us=20874 <10ms=17842 <50ms=279 <500ms=293 <1s=0 >=1s=0 | stalls_detected=0[0m
[33m/home/cvazquezperezdelacru/clio-core/context-runtime/src/scheduler/default_sched.cc:439 WARNING 1812139 LoadBalance [#785] lane rescues performed: 0[0m
[97m/home/cvazquezperezdelacru/clio-core/context-runtime/src/ipc_manager.cc:2447 INFO 1812140 IncreaseClientShm IpcManager::IncreaseClientShm: Creating clio_1812111_21 with size 142540912 (108986480 + 33554432 overhead)[0m
[97m/home/cvazquezperezdelacru/clio-core/context-runtime/src/ipc_manager.cc:2492 INFO 1812140 IncreaseClientShm IpcManager::IncreaseClientShm: Created allocator clio_1812111_21 with ID (1812111.21)[0m
[97m/home/cvazquezperezdelacru/clio-core/context-runtime/src/ipc_manager.cc:2447 INFO 1812140 IncreaseClientShm IpcManager::IncreaseClientShm: Creating clio_1812111_22 with size 139725112 (106170680 + 33554432 overhead)[0m
[97m/home/cvazquezperezdelacru/clio-core/context-runtime/src/ipc_manager.cc:2492 INFO 1812140 IncreaseClientShm IpcManager::IncreaseClientShm: Created allocator clio_1812111_22 with ID (1812111.22)[0m
[33m/home/cvazquezperezdelacru/clio-core/context-runtime/src/scheduler/default_sched.cc:430 WARNING 1812139 LoadBalance [#781 PDF] observed exec-time bins (cumulative): <10us=13091207 <50us=254310 <500us=21048 <10ms=18134 <50ms=314 <500ms=293 <1s=0 >=1s=0 | stalls_detected=0[0m
[33m/home/cvazquezperezdelacru/clio-core/context-runtime/src/scheduler/default_sched.cc:439 WARNING 1812139 LoadBalance [#785] lane rescues performed: 0[0m
[97m/home/cvazquezperezdelacru/clio-core/context-runtime/src/ipc_manager.cc:2447 INFO 1812140 IncreaseClientShm IpcManager::IncreaseClientShm: Creating clio_1812111_23 with size 133399312 (99844880 + 33554432 overhead)[0m
[97m/home/cvazquezperezdelacru/clio-core/context-runtime/src/ipc_manager.cc:2492 INFO 1812140 IncreaseClientShm IpcManager::IncreaseClientShm: Created allocator clio_1812111_23 with ID (1812111.23)[0m
[97m/home/cvazquezperezdelacru/clio-core/context-runtime/src/ipc_manager.cc:2447 INFO 1812140 IncreaseClientShm IpcManager::IncreaseClientShm: Creating clio_1812111_24 with size 141424208 (107869776 + 33554432 overhead)[0m
[97m/home/cvazquezperezdelacru/clio-core/context-runtime/src/ipc_manager.cc:2492 INFO 1812140 IncreaseClientShm IpcManager::IncreaseClientShm: Created allocator clio_1812111_24 with ID (1812111.24)[0m
[33m/home/cvazquezperezdelacru/clio-core/context-runtime/src/scheduler/default_sched.cc:430 WARNING 1812139 LoadBalance [#781 PDF] observed exec-time bins (cumulative): <10us=13171647 <50us=255113 <500us=21216 <10ms=18432 <50ms=335 <500ms=293 <1s=0 >=1s=0 | stalls_detected=0[0m
[33m/home/cvazquezperezdelacru/clio-core/context-runtime/src/scheduler/default_sched.cc:439 WARNING 1812139 LoadBalance [#785] lane rescues performed: 0[0m
[33m/home/cvazquezperezdelacru/clio-core/context-runtime/src/scheduler/default_sched.cc:430 WARNING 1812139 LoadBalance [#781 PDF] observed exec-time bins (cumulative): <10us=13242122 <50us=255895 <500us=21330 <10ms=18447 <50ms=338 <500ms=293 <1s=0 >=1s=0 | stalls_detected=0[0m
[33m/home/cvazquezperezdelacru/clio-core/context-runtime/src/scheduler/default_sched.cc:439 WARNING 1812139 LoadBalance [#785] lane rescues performed: 0[0m
[33m/home/cvazquezperezdelacru/clio-core/context-runtime/src/scheduler/default_sched.cc:430 WARNING 1812139 LoadBalance [#781 PDF] observed exec-time bins (cumulative): <10us=13310707 <50us=257356 <500us=21374 <10ms=18454 <50ms=338 <500ms=293 <1s=0 >=1s=0 | stalls_detected=0[0m
[33m/home/cvazquezperezdelacru/clio-core/context-runtime/src/scheduler/default_sched.cc:439 WARNING 1812139 LoadBalance [#785] lane rescues performed: 0[0m
[33m/home/cvazquezperezdelacru/clio-core/context-runtime/src/scheduler/default_sched.cc:430 WARNING 1812139 LoadBalance [#781 PDF] observed exec-time bins (cumulative): <10us=13379096 <50us=257548 <500us=21383 <10ms=18457 <50ms=338 <500ms=293 <1s=0 >=1s=0 | stalls_detected=0[0m
[33m/home/cvazquezperezdelacru/clio-core/context-runtime/src/scheduler/default_sched.cc:439 WARNING 1812139 LoadBalance [#785] lane rescues performed: 0[0m
[33m/home/cvazquezperezdelacru/clio-core/context-runtime/src/scheduler/default_sched.cc:430 WARNING 1812139 LoadBalance [#781 PDF] observed exec-time bins (cumulative): <10us=13446987 <50us=257922 <500us=21390 <10ms=18459 <50ms=338 <500ms=293 <1s=0 >=1s=0 | stalls_detected=0[0m
[33m/home/cvazquezperezdelacru/clio-core/context-runtime/src/scheduler/default_sched.cc:439 WARNING 1812139 LoadBalance [#785] lane rescues performed: 0[0m
[33m/home/cvazquezperezdelacru/clio-core/context-runtime/src/scheduler/default_sched.cc:430 WARNING 1812139 LoadBalance [#781 PDF] observed exec-time bins (cumulative): <10us=13514850 <50us=258295 <500us=21397 <10ms=18460 <50ms=338 <500ms=293 <1s=0 >=1s=0 | stalls_detected=0[0m
[33m/home/cvazquezperezdelacru/clio-core/context-runtime/src/scheduler/default_sched.cc:439 WARNING 1812139 LoadBalance [#785] lane rescues performed: 0[0m
[33m/home/cvazquezperezdelacru/clio-core/context-runtime/src/scheduler/default_sched.cc:430 WARNING 1812139 LoadBalance [#781 PDF] observed exec-time bins (cumulative): <10us=13583188 <50us=258562 <500us=21404 <10ms=18461 <50ms=338 <500ms=293 <1s=0 >=1s=0 | stalls_detected=0[0m
[33m/home/cvazquezperezdelacru/clio-core/context-runtime/src/scheduler/default_sched.cc:439 WARNING 1812139 LoadBalance [#785] lane rescues performed: 0[0m
[33m/home/cvazquezperezdelacru/clio-core/context-runtime/src/scheduler/default_sched.cc:430 WARNING 1812139 LoadBalance [#781 PDF] observed exec-time bins (cumulative): <10us=13651457 <50us=258877 <500us=21413 <10ms=18463 <50ms=338 <500ms=293 <1s=0 >=1s=0 | stalls_detected=0[0m
[33m/home/cvazquezperezdelacru/clio-core/context-runtime/src/scheduler/default_sched.cc:439 WARNING 1812139 LoadBalance [#785] lane rescues performed: 0[0m
[33m/home/cvazquezperezdelacru/clio-core/context-runtime/src/scheduler/default_sched.cc:430 WARNING 1812139 LoadBalance [#781 PDF] observed exec-time bins (cumulative): <10us=13719830 <50us=259105 <500us=21420 <10ms=18465 <50ms=338 <500ms=293 <1s=0 >=1s=0 | stalls_detected=0[0m
[33m/home/cvazquezperezdelacru/clio-core/context-runtime/src/scheduler/default_sched.cc:439 WARNING 1812139 LoadBalance [#785] lane rescues performed: 0[0m
[33m/home/cvazquezperezdelacru/clio-core/context-runtime/src/scheduler/default_sched.cc:430 WARNING 1812139 LoadBalance [#781 PDF] observed exec-time bins (cumulative): <10us=13788161 <50us=259348 <500us=21429 <10ms=18466 <50ms=338 <500ms=293 <1s=0 >=1s=0 | stalls_detected=0[0m
[33m/home/cvazquezperezdelacru/clio-core/context-runtime/src/scheduler/default_sched.cc:439 WARNING 1812139 LoadBalance [#785] lane rescues performed: 0[0m
[33m/home/cvazquezperezdelacru/clio-core/context-runtime/src/scheduler/default_sched.cc:430 WARNING 1812139 LoadBalance [#781 PDF] observed exec-time bins (cumulative): <10us=13856526 <50us=259588 <500us=21438 <10ms=18468 <50ms=338 <500ms=293 <1s=0 >=1s=0 | stalls_detected=0[0m
[33m/home/cvazquezperezdelacru/clio-core/context-runtime/src/scheduler/default_sched.cc:439 WARNING 1812139 LoadBalance [#785] lane rescues performed: 0[0m
[33m/home/cvazquezperezdelacru/clio-core/context-runtime/src/scheduler/default_sched.cc:430 WARNING 1812139 LoadBalance [#781 PDF] observed exec-time bins (cumulative): <10us=13924809 <50us=260005 <500us=21448 <10ms=18469 <50ms=338 <500ms=293 <1s=0 >=1s=0 | stalls_detected=0[0m
[33m/home/cvazquezperezdelacru/clio-core/context-runtime/src/scheduler/default_sched.cc:439 WARNING 1812139 LoadBalance [#785] lane rescues performed: 0[0m
[33m/home/cvazquezperezdelacru/clio-core/context-runtime/src/scheduler/default_sched.cc:430 WARNING 1812139 LoadBalance [#781 PDF] observed exec-time bins (cumulative): <10us=13993046 <50us=260372 <500us=21455 <10ms=18470 <50ms=338 <500ms=293 <1s=0 >=1s=0 | stalls_detected=0[0m
[33m/home/cvazquezperezdelacru/clio-core/context-runtime/src/scheduler/default_sched.cc:439 WARNING 1812139 LoadBalance [#785] lane rescues performed: 0[0m
[33m/home/cvazquezperezdelacru/clio-core/context-runtime/src/scheduler/default_sched.cc:430 WARNING 1812139 LoadBalance [#781 PDF] observed exec-time bins (cumulative): <10us=14060547 <50us=260881 <500us=21462 <10ms=18471 <50ms=338 <500ms=293 <1s=0 >=1s=0 | stalls_detected=0[0m
[33m/home/cvazquezperezdelacru/clio-core/context-runtime/src/scheduler/default_sched.cc:439 WARNING 1812139 LoadBalance [#785] lane rescues performed: 0[0m
[33m/home/cvazquezperezdelacru/clio-core/context-runtime/src/scheduler/default_sched.cc:430 WARNING 1812139 LoadBalance [#781 PDF] observed exec-time bins (cumulative): <10us=14128842 <50us=261068 <500us=21470 <10ms=18472 <50ms=338 <500ms=293 <1s=0 >=1s=0 | stalls_detected=0[0m
[33m/home/cvazquezperezdelacru/clio-core/context-runtime/src/scheduler/default_sched.cc:439 WARNING 1812139 LoadBalance [#785] lane rescues performed: 0[0m
[33m/home/cvazquezperezdelacru/clio-core/context-runtime/src/scheduler/default_sched.cc:430 WARNING 1812139 LoadBalance [#781 PDF] observed exec-time bins (cumulative): <10us=14197048 <50us=261289 <500us=21480 <10ms=18474 <50ms=338 <500ms=293 <1s=0 >=1s=0 | stalls_detected=0[0m
[33m/home/cvazquezperezdelacru/clio-core/context-runtime/src/scheduler/default_sched.cc:439 WARNING 1812139 LoadBalance [#785] lane rescues performed: 0[0m
[33m/home/cvazquezperezdelacru/clio-core/context-runtime/src/scheduler/default_sched.cc:430 WARNING 1812139 LoadBalance [#781 PDF] observed exec-time bins (cumulative): <10us=14265319 <50us=261473 <500us=21487 <10ms=18475 <50ms=338 <500ms=293 <1s=0 >=1s=0 | stalls_detected=0[0m
[33m/home/cvazquezperezdelacru/clio-core/context-runtime/src/scheduler/default_sched.cc:439 WARNING 1812139 LoadBalance [#785] lane rescues performed: 0[0m
[33m/home/cvazquezperezdelacru/clio-core/context-runtime/src/scheduler/default_sched.cc:430 WARNING 1812139 LoadBalance [#781 PDF] observed exec-time bins (cumulative): <10us=14333546 <50us=261742 <500us=21494 <10ms=18476 <50ms=338 <500ms=293 <1s=0 >=1s=0 | stalls_detected=0[0m
[33m/home/cvazquezperezdelacru/clio-core/context-runtime/src/scheduler/default_sched.cc:439 WARNING 1812139 LoadBalance [#785] lane rescues performed: 0[0m
[33m/home/cvazquezperezdelacru/clio-core/context-runtime/src/scheduler/default_sched.cc:430 WARNING 1812139 LoadBalance [#781 PDF] observed exec-time bins (cumulative): <10us=14401862 <50us=261932 <500us=21502 <10ms=18477 <50ms=338 <500ms=293 <1s=0 >=1s=0 | stalls_detected=0[0m
[33m/home/cvazquezperezdelacru/clio-core/context-runtime/src/scheduler/default_sched.cc:439 WARNING 1812139 LoadBalance [#785] lane rescues performed: 0[0m
[33m/home/cvazquezperezdelacru/clio-core/context-runtime/src/scheduler/default_sched.cc:430 WARNING 1812139 LoadBalance [#781 PDF] observed exec-time bins (cumulative): <10us=14469869 <50us=262440 <500us=21509 <10ms=18478 <50ms=338 <500ms=293 <1s=0 >=1s=0 | stalls_detected=0[0m
[33m/home/cvazquezperezdelacru/clio-core/context-runtime/src/scheduler/default_sched.cc:439 WARNING 1812139 LoadBalance [#785] lane rescues performed: 0[0m
[33m/home/cvazquezperezdelacru/clio-core/context-runtime/src/scheduler/default_sched.cc:430 WARNING 1812139 LoadBalance [#781 PDF] observed exec-time bins (cumulative): <10us=14536938 <50us=263602 <500us=21518 <10ms=18479 <50ms=338 <500ms=293 <1s=0 >=1s=0 | stalls_detected=0[0m
[33m/home/cvazquezperezdelacru/clio-core/context-runtime/src/scheduler/default_sched.cc:439 WARNING 1812139 LoadBalance [#785] lane rescues performed: 0[0m
[33m/home/cvazquezperezdelacru/clio-core/context-runtime/src/scheduler/default_sched.cc:430 WARNING 1812139 LoadBalance [#781 PDF] observed exec-time bins (cumulative): <10us=14603529 <50us=265031 <500us=21524 <10ms=18481 <50ms=338 <500ms=293 <1s=0 >=1s=0 | stalls_detected=0[0m
[33m/home/cvazquezperezdelacru/clio-core/context-runtime/src/scheduler/default_sched.cc:439 WARNING 1812139 LoadBalance [#785] lane rescues performed: 0[0m
[33m/home/cvazquezperezdelacru/clio-core/context-runtime/src/scheduler/default_sched.cc:430 WARNING 1812139 LoadBalance [#781 PDF] observed exec-time bins (cumulative): <10us=14667531 <50us=268690 <500us=21531 <10ms=18482 <50ms=338 <500ms=293 <1s=0 >=1s=0 | stalls_detected=0[0m
[33m/home/cvazquezperezdelacru/clio-core/context-runtime/src/scheduler/default_sched.cc:439 WARNING 1812139 LoadBalance [#785] lane rescues performed: 0[0m
[33m/home/cvazquezperezdelacru/clio-core/context-runtime/src/scheduler/default_sched.cc:430 WARNING 1812139 LoadBalance [#781 PDF] observed exec-time bins (cumulative): <10us=14732206 <50us=271684 <500us=21540 <10ms=18483 <50ms=338 <500ms=293 <1s=0 >=1s=0 | stalls_detected=0[0m
[33m/home/cvazquezperezdelacru/clio-core/context-runtime/src/scheduler/default_sched.cc:439 WARNING 1812139 LoadBalance [#785] lane rescues performed: 0[0m
[33m/home/cvazquezperezdelacru/clio-core/context-runtime/src/scheduler/default_sched.cc:430 WARNING 1812139 LoadBalance [#781 PDF] observed exec-time bins (cumulative): <10us=14797070 <50us=274292 <500us=21547 <10ms=18484 <50ms=338 <500ms=293 <1s=0 >=1s=0 | stalls_detected=0[0m
[33m/home/cvazquezperezdelacru/clio-core/context-runtime/src/scheduler/default_sched.cc:439 WARNING 1812139 LoadBalance [#785] lane rescues performed: 0[0m
[33m/home/cvazquezperezdelacru/clio-core/context-runtime/src/scheduler/default_sched.cc:430 WARNING 1812139 LoadBalance [#781 PDF] observed exec-time bins (cumulative): <10us=14862077 <50us=277305 <500us=21553 <10ms=18485 <50ms=338 <500ms=293 <1s=0 >=1s=0 | stalls_detected=0[0m
[33m/home/cvazquezperezdelacru/clio-core/context-runtime/src/scheduler/default_sched.cc:439 WARNING 1812139 LoadBalance [#785] lane rescues performed: 0[0m
[33m/home/cvazquezperezdelacru/clio-core/context-runtime/src/scheduler/default_sched.cc:430 WARNING 1812139 LoadBalance [#781 PDF] observed exec-time bins (cumulative): <10us=14930423 <50us=277540 <500us=21561 <10ms=18487 <50ms=338 <500ms=293 <1s=0 >=1s=0 | stalls_detected=0[0m
[33m/home/cvazquezperezdelacru/clio-core/context-runtime/src/scheduler/default_sched.cc:439 WARNING 1812139 LoadBalance [#785] lane rescues performed: 0[0m
[33m/home/cvazquezperezdelacru/clio-core/context-runtime/src/scheduler/default_sched.cc:430 WARNING 1812139 LoadBalance [#781 PDF] observed exec-time bins (cumulative): <10us=14998703 <50us=277772 <500us=21571 <10ms=18489 <50ms=338 <500ms=293 <1s=0 >=1s=0 | stalls_detected=0[0m
[33m/home/cvazquezperezdelacru/clio-core/context-runtime/src/scheduler/default_sched.cc:439 WARNING 1812139 LoadBalance [#785] lane rescues performed: 0[0m
[33m/home/cvazquezperezdelacru/clio-core/context-runtime/src/scheduler/default_sched.cc:430 WARNING 1812139 LoadBalance [#781 PDF] observed exec-time bins (cumulative): <10us=15066872 <50us=278117 <500us=21580 <10ms=18490 <50ms=338 <500ms=293 <1s=0 >=1s=0 | stalls_detected=0[0m
[33m/home/cvazquezperezdelacru/clio-core/context-runtime/src/scheduler/default_sched.cc:439 WARNING 1812139 LoadBalance [#785] lane rescues performed: 0[0m
[33m/home/cvazquezperezdelacru/clio-core/context-runtime/src/scheduler/default_sched.cc:430 WARNING 1812139 LoadBalance [#781 PDF] observed exec-time bins (cumulative): <10us=15135092 <50us=278489 <500us=21588 <10ms=18491 <50ms=338 <500ms=293 <1s=0 >=1s=0 | stalls_detected=0[0m
[33m/home/cvazquezperezdelacru/clio-core/context-runtime/src/scheduler/default_sched.cc:439 WARNING 1812139 LoadBalance [#785] lane rescues performed: 0[0m
[33m/home/cvazquezperezdelacru/clio-core/context-runtime/src/scheduler/default_sched.cc:430 WARNING 1812139 LoadBalance [#781 PDF] observed exec-time bins (cumulative): <10us=15202840 <50us=279306 <500us=21598 <10ms=18492 <50ms=338 <500ms=293 <1s=0 >=1s=0 | stalls_detected=0[0m
[33m/home/cvazquezperezdelacru/clio-core/context-runtime/src/scheduler/default_sched.cc:439 WARNING 1812139 LoadBalance [#785] lane rescues performed: 0[0m
[33m/home/cvazquezperezdelacru/clio-core/context-runtime/src/scheduler/default_sched.cc:430 WARNING 1812139 LoadBalance [#781 PDF] observed exec-time bins (cumulative): <10us=15270655 <50us=280060 <500us=21606 <10ms=18493 <50ms=338 <500ms=293 <1s=0 >=1s=0 | stalls_detected=0[0m
[33m/home/cvazquezperezdelacru/clio-core/context-runtime/src/scheduler/default_sched.cc:439 WARNING 1812139 LoadBalance [#785] lane rescues performed: 0[0m
[33m/home/cvazquezperezdelacru/clio-core/context-runtime/src/scheduler/default_sched.cc:430 WARNING 1812139 LoadBalance [#781 PDF] observed exec-time bins (cumulative): <10us=15338557 <50us=280699 <500us=21614 <10ms=18494 <50ms=338 <500ms=293 <1s=0 >=1s=0 | stalls_detected=0[0m
[33m/home/cvazquezperezdelacru/clio-core/context-runtime/src/scheduler/default_sched.cc:439 WARNING 1812139 LoadBalance [#785] lane rescues performed: 0[0m
[33m/home/cvazquezperezdelacru/clio-core/context-runtime/src/scheduler/default_sched.cc:430 WARNING 1812139 LoadBalance [#781 PDF] observed exec-time bins (cumulative): <10us=15406226 <50us=281466 <500us=21623 <10ms=18495 <50ms=338 <500ms=293 <1s=0 >=1s=0 | stalls_detected=0[0m
[33m/home/cvazquezperezdelacru/clio-core/context-runtime/src/scheduler/default_sched.cc:439 WARNING 1812139 LoadBalance [#785] lane rescues performed: 0[0m
[33m/home/cvazquezperezdelacru/clio-core/context-runtime/src/scheduler/default_sched.cc:430 WARNING 1812139 LoadBalance [#781 PDF] observed exec-time bins (cumulative): <10us=15473976 <50us=282195 <500us=21629 <10ms=18497 <50ms=338 <500ms=293 <1s=0 >=1s=0 | stalls_detected=0[0m
[33m/home/cvazquezperezdelacru/clio-core/context-runtime/src/scheduler/default_sched.cc:439 WARNING 1812139 LoadBalance [#785] lane rescues performed: 0[0m
[33m/home/cvazquezperezdelacru/clio-core/context-runtime/src/scheduler/default_sched.cc:430 WARNING 1812139 LoadBalance [#781 PDF] observed exec-time bins (cumulative): <10us=15542275 <50us=282473 <500us=21639 <10ms=18498 <50ms=338 <500ms=293 <1s=0 >=1s=0 | stalls_detected=0[0m
[33m/home/cvazquezperezdelacru/clio-core/context-runtime/src/scheduler/default_sched.cc:439 WARNING 1812139 LoadBalance [#785] lane rescues performed: 0[0m
[33m/home/cvazquezperezdelacru/clio-core/context-runtime/src/scheduler/default_sched.cc:430 WARNING 1812139 LoadBalance [#781 PDF] observed exec-time bins (cumulative): <10us=15606569 <50us=286142 <500us=21648 <10ms=18500 <50ms=338 <500ms=293 <1s=0 >=1s=0 | stalls_detected=0[0m
[33m/home/cvazquezperezdelacru/clio-core/context-runtime/src/scheduler/default_sched.cc:439 WARNING 1812139 LoadBalance [#785] lane rescues performed: 0[0m
[33m/home/cvazquezperezdelacru/clio-core/context-runtime/src/scheduler/default_sched.cc:430 WARNING 1812139 LoadBalance [#781 PDF] observed exec-time bins (cumulative): <10us=15673302 <50us=287720 <500us=21657 <10ms=18501 <50ms=338 <500ms=293 <1s=0 >=1s=0 | stalls_detected=0[0m
[33m/home/cvazquezperezdelacru/clio-core/context-runtime/src/scheduler/default_sched.cc:439 WARNING 1812139 LoadBalance [#785] lane rescues performed: 0[0m
[33m/home/cvazquezperezdelacru/clio-core/context-runtime/src/scheduler/default_sched.cc:430 WARNING 1812139 LoadBalance [#781 PDF] observed exec-time bins (cumulative): <10us=15741399 <50us=288170 <500us=21664 <10ms=18503 <50ms=338 <500ms=293 <1s=0 >=1s=0 | stalls_detected=0[0m
[33m/home/cvazquezperezdelacru/clio-core/context-runtime/src/scheduler/default_sched.cc:439 WARNING 1812139 LoadBalance [#785] lane rescues performed: 0[0m
[33m/home/cvazquezperezdelacru/clio-core/context-runtime/src/scheduler/default_sched.cc:430 WARNING 1812139 LoadBalance [#781 PDF] observed exec-time bins (cumulative): <10us=15809752 <50us=288394 <500us=21674 <10ms=18505 <50ms=338 <500ms=293 <1s=0 >=1s=0 | stalls_detected=0[0m
[33m/home/cvazquezperezdelacru/clio-core/context-runtime/src/scheduler/default_sched.cc:439 WARNING 1812139 LoadBalance [#785] lane rescues performed: 0[0m
[33m/home/cvazquezperezdelacru/clio-core/context-runtime/src/scheduler/default_sched.cc:430 WARNING 1812139 LoadBalance [#781 PDF] observed exec-time bins (cumulative): <10us=15877711 <50us=288996 <500us=21683 <10ms=18507 <50ms=338 <500ms=293 <1s=0 >=1s=0 | stalls_detected=0[0m
[33m/home/cvazquezperezdelacru/clio-core/context-runtime/src/scheduler/default_sched.cc:439 WARNING 1812139 LoadBalance [#785] lane rescues performed: 0[0m
[33m/home/cvazquezperezdelacru/clio-core/context-runtime/src/scheduler/default_sched.cc:430 WARNING 1812139 LoadBalance [#781 PDF] observed exec-time bins (cumulative): <10us=15945391 <50us=289825 <500us=21691 <10ms=18508 <50ms=338 <500ms=293 <1s=0 >=1s=0 | stalls_detected=0[0m
[33m/home/cvazquezperezdelacru/clio-core/context-runtime/src/scheduler/default_sched.cc:439 WARNING 1812139 LoadBalance [#785] lane rescues performed: 0[0m
[33m/home/cvazquezperezdelacru/clio-core/context-runtime/src/scheduler/default_sched.cc:430 WARNING 1812139 LoadBalance [#781 PDF] observed exec-time bins (cumulative): <10us=16013560 <50us=290231 <500us=21699 <10ms=18509 <50ms=338 <500ms=293 <1s=0 >=1s=0 | stalls_detected=0[0m
[33m/home/cvazquezperezdelacru/clio-core/context-runtime/src/scheduler/default_sched.cc:439 WARNING 1812139 LoadBalance [#785] lane rescues performed: 0[0m
[33m/home/cvazquezperezdelacru/clio-core/context-runtime/src/scheduler/default_sched.cc:430 WARNING 1812139 LoadBalance [#781 PDF] observed exec-time bins (cumulative): <10us=16081474 <50us=290633 <500us=21707 <10ms=18511 <50ms=338 <500ms=293 <1s=0 >=1s=0 | stalls_detected=0[0m
[33m/home/cvazquezperezdelacru/clio-core/context-runtime/src/scheduler/default_sched.cc:439 WARNING 1812139 LoadBalance [#785] lane rescues performed: 0[0m
[33m/home/cvazquezperezdelacru/clio-core/context-runtime/src/scheduler/default_sched.cc:430 WARNING 1812139 LoadBalance [#781 PDF] observed exec-time bins (cumulative): <10us=16149662 <50us=290944 <500us=21717 <10ms=18512 <50ms=338 <500ms=293 <1s=0 >=1s=0 | stalls_detected=0[0m
[33m/home/cvazquezperezdelacru/clio-core/context-runtime/src/scheduler/default_sched.cc:439 WARNING 1812139 LoadBalance [#785] lane rescues performed: 0[0m
[33m/home/cvazquezperezdelacru/clio-core/context-runtime/src/scheduler/default_sched.cc:430 WARNING 1812139 LoadBalance [#781 PDF] observed exec-time bins (cumulative): <10us=16217984 <50us=291158 <500us=21724 <10ms=18513 <50ms=338 <500ms=293 <1s=0 >=1s=0 | stalls_detected=0[0m
[33m/home/cvazquezperezdelacru/clio-core/context-runtime/src/scheduler/default_sched.cc:439 WARNING 1812139 LoadBalance [#785] lane rescues performed: 0[0m
[33m/home/cvazquezperezdelacru/clio-core/context-runtime/src/scheduler/default_sched.cc:430 WARNING 1812139 LoadBalance [#781 PDF] observed exec-time bins (cumulative): <10us=16286130 <50us=291545 <500us=21730 <10ms=18514 <50ms=338 <500ms=293 <1s=0 >=1s=0 | stalls_detected=0[0m
[33m/home/cvazquezperezdelacru/clio-core/context-runtime/src/scheduler/default_sched.cc:439 WARNING 1812139 LoadBalance [#785] lane rescues performed: 0[0m
[33m/home/cvazquezperezdelacru/clio-core/context-runtime/src/scheduler/default_sched.cc:430 WARNING 1812139 LoadBalance [#781 PDF] observed exec-time bins (cumulative): <10us=16354388 <50us=291854 <500us=21740 <10ms=18515 <50ms=338 <500ms=293 <1s=0 >=1s=0 | stalls_detected=0[0m
[33m/home/cvazquezperezdelacru/clio-core/context-runtime/src/scheduler/default_sched.cc:439 WARNING 1812139 LoadBalance [#785] lane rescues performed: 0[0m
[33m/home/cvazquezperezdelacru/clio-core/context-runtime/src/scheduler/default_sched.cc:430 WARNING 1812139 LoadBalance [#781 PDF] observed exec-time bins (cumulative): <10us=16422373 <50us=292174 <500us=21747 <10ms=18517 <50ms=338 <500ms=293 <1s=0 >=1s=0 | stalls_detected=0[0m
[33m/home/cvazquezperezdelacru/clio-core/context-runtime/src/scheduler/default_sched.cc:439 WARNING 1812139 LoadBalance [#785] lane rescues performed: 0[0m
[33m/home/cvazquezperezdelacru/clio-core/context-runtime/src/scheduler/default_sched.cc:430 WARNING 1812139 LoadBalance [#781 PDF] observed exec-time bins (cumulative): <10us=16490426 <50us=292481 <500us=21754 <10ms=18518 <50ms=338 <500ms=293 <1s=0 >=1s=0 | stalls_detected=0[0m
[33m/home/cvazquezperezdelacru/clio-core/context-runtime/src/scheduler/default_sched.cc:439 WARNING 1812139 LoadBalance [#785] lane rescues performed: 0[0m
[33m/home/cvazquezperezdelacru/clio-core/context-runtime/src/scheduler/default_sched.cc:430 WARNING 1812139 LoadBalance [#781 PDF] observed exec-time bins (cumulative): <10us=16558685 <50us=292759 <500us=21762 <10ms=18519 <50ms=338 <500ms=293 <1s=0 >=1s=0 | stalls_detected=0[0m
[33m/home/cvazquezperezdelacru/clio-core/context-runtime/src/scheduler/default_sched.cc:439 WARNING 1812139 LoadBalance [#785] lane rescues performed: 0[0m
[33m/home/cvazquezperezdelacru/clio-core/context-runtime/src/scheduler/default_sched.cc:430 WARNING 1812139 LoadBalance [#781 PDF] observed exec-time bins (cumulative): <10us=16625902 <50us=293322 <500us=21771 <10ms=18523 <50ms=338 <500ms=293 <1s=0 >=1s=0 | stalls_detected=0[0m
[33m/home/cvazquezperezdelacru/clio-core/context-runtime/src/scheduler/default_sched.cc:439 WARNING 1812139 LoadBalance [#785] lane rescues performed: 0[0m
[33m/home/cvazquezperezdelacru/clio-core/context-runtime/src/scheduler/default_sched.cc:430 WARNING 1812139 LoadBalance [#781 PDF] observed exec-time bins (cumulative): <10us=16693679 <50us=293773 <500us=21781 <10ms=18525 <50ms=338 <500ms=293 <1s=0 >=1s=0 | stalls_detected=0[0m
[33m/home/cvazquezperezdelacru/clio-core/context-runtime/src/scheduler/default_sched.cc:439 WARNING 1812139 LoadBalance [#785] lane rescues performed: 0[0m
[33m/home/cvazquezperezdelacru/clio-core/context-runtime/src/scheduler/default_sched.cc:430 WARNING 1812139 LoadBalance [#781 PDF] observed exec-time bins (cumulative): <10us=16761946 <50us=294096 <500us=21788 <10ms=18527 <50ms=338 <500ms=293 <1s=0 >=1s=0 | stalls_detected=0[0m
[33m/home/cvazquezperezdelacru/clio-core/context-runtime/src/scheduler/default_sched.cc:439 WARNING 1812139 LoadBalance [#785] lane rescues performed: 0[0m
[33m/home/cvazquezperezdelacru/clio-core/context-runtime/src/scheduler/default_sched.cc:430 WARNING 1812139 LoadBalance [#781 PDF] observed exec-time bins (cumulative): <10us=16829785 <50us=294537 <500us=21796 <10ms=18528 <50ms=338 <500ms=293 <1s=0 >=1s=0 | stalls_detected=0[0m
[33m/home/cvazquezperezdelacru/clio-core/context-runtime/src/scheduler/default_sched.cc:439 WARNING 1812139 LoadBalance [#785] lane rescues performed: 0[0m
[33m/home/cvazquezperezdelacru/clio-core/context-runtime/src/scheduler/default_sched.cc:430 WARNING 1812139 LoadBalance [#781 PDF] observed exec-time bins (cumulative): <10us=16898057 <50us=294857 <500us=21803 <10ms=18530 <50ms=338 <500ms=293 <1s=0 >=1s=0 | stalls_detected=0[0m
[33m/home/cvazquezperezdelacru/clio-core/context-runtime/src/scheduler/default_sched.cc:439 WARNING 1812139 LoadBalance [#785] lane rescues performed: 0[0m
[33m/home/cvazquezperezdelacru/clio-core/context-runtime/src/scheduler/default_sched.cc:430 WARNING 1812139 LoadBalance [#781 PDF] observed exec-time bins (cumulative): <10us=16965726 <50us=295323 <500us=21811 <10ms=18531 <50ms=338 <500ms=293 <1s=0 >=1s=0 | stalls_detected=0[0m
[33m/home/cvazquezperezdelacru/clio-core/context-runtime/src/scheduler/default_sched.cc:439 WARNING 1812139 LoadBalance [#785] lane rescues performed: 0[0m
[33m/home/cvazquezperezdelacru/clio-core/context-runtime/src/scheduler/default_sched.cc:430 WARNING 1812139 LoadBalance [#781 PDF] observed exec-time bins (cumulative): <10us=17033946 <50us=295687 <500us=21821 <10ms=18532 <50ms=338 <500ms=293 <1s=0 >=1s=0 | stalls_detected=0[0m
[33m/home/cvazquezperezdelacru/clio-core/context-runtime/src/scheduler/default_sched.cc:439 WARNING 1812139 LoadBalance [#785] lane rescues performed: 0[0m
[33m/home/cvazquezperezdelacru/clio-core/context-runtime/src/scheduler/default_sched.cc:430 WARNING 1812139 LoadBalance [#781 PDF] observed exec-time bins (cumulative): <10us=17102161 <50us=296054 <500us=21828 <10ms=18533 <50ms=338 <500ms=293 <1s=0 >=1s=0 | stalls_detected=0[0m
[33m/home/cvazquezperezdelacru/clio-core/context-runtime/src/scheduler/default_sched.cc:439 WARNING 1812139 LoadBalance [#785] lane rescues performed: 0[0m
[33m/home/cvazquezperezdelacru/clio-core/context-runtime/src/scheduler/default_sched.cc:430 WARNING 1812139 LoadBalance [#781 PDF] observed exec-time bins (cumulative): <10us=17170387 <50us=296387 <500us=21837 <10ms=18534 <50ms=338 <500ms=293 <1s=0 >=1s=0 | stalls_detected=0[0m
[33m/home/cvazquezperezdelacru/clio-core/context-runtime/src/scheduler/default_sched.cc:439 WARNING 1812139 LoadBalance [#785] lane rescues performed: 0[0m
[33m/home/cvazquezperezdelacru/clio-core/context-runtime/src/scheduler/default_sched.cc:430 WARNING 1812139 LoadBalance [#781 PDF] observed exec-time bins (cumulative): <10us=17238560 <50us=296753 <500us=21843 <10ms=18536 <50ms=338 <500ms=293 <1s=0 >=1s=0 | stalls_detected=0[0m
[33m/home/cvazquezperezdelacru/clio-core/context-runtime/src/scheduler/default_sched.cc:439 WARNING 1812139 LoadBalance [#785] lane rescues performed: 0[0m
[33m/home/cvazquezperezdelacru/clio-core/context-runtime/src/scheduler/default_sched.cc:430 WARNING 1812139 LoadBalance [#781 PDF] observed exec-time bins (cumulative): <10us=17306660 <50us=297101 <500us=21851 <10ms=18538 <50ms=338 <500ms=293 <1s=0 >=1s=0 | stalls_detected=0[0m
[33m/home/cvazquezperezdelacru/clio-core/context-runtime/src/scheduler/default_sched.cc:439 WARNING 1812139 LoadBalance [#785] lane rescues performed: 0[0m
[33m/home/cvazquezperezdelacru/clio-core/context-runtime/src/scheduler/default_sched.cc:430 WARNING 1812139 LoadBalance [#781 PDF] observed exec-time bins (cumulative): <10us=17374672 <50us=297484 <500us=21860 <10ms=18539 <50ms=338 <500ms=293 <1s=0 >=1s=0 | stalls_detected=0[0m
[33m/home/cvazquezperezdelacru/clio-core/context-runtime/src/scheduler/default_sched.cc:439 WARNING 1812139 LoadBalance [#785] lane rescues performed: 0[0m
[33m/home/cvazquezperezdelacru/clio-core/context-runtime/src/scheduler/default_sched.cc:430 WARNING 1812139 LoadBalance [#781 PDF] observed exec-time bins (cumulative): <10us=17443007 <50us=297688 <500us=21868 <10ms=18540 <50ms=338 <500ms=293 <1s=0 >=1s=0 | stalls_detected=0[0m
[33m/home/cvazquezperezdelacru/clio-core/context-runtime/src/scheduler/default_sched.cc:439 WARNING 1812139 LoadBalance [#785] lane rescues performed: 0[0m
[33m/home/cvazquezperezdelacru/clio-core/context-runtime/src/scheduler/default_sched.cc:430 WARNING 1812139 LoadBalance [#781 PDF] observed exec-time bins (cumulative): <10us=17511291 <50us=297964 <500us=21876 <10ms=18542 <50ms=338 <500ms=293 <1s=0 >=1s=0 | stalls_detected=0[0m
[33m/home/cvazquezperezdelacru/clio-core/context-runtime/src/scheduler/default_sched.cc:439 WARNING 1812139 LoadBalance [#785] lane rescues performed: 0[0m
[33m/home/cvazquezperezdelacru/clio-core/context-runtime/src/scheduler/default_sched.cc:430 WARNING 1812139 LoadBalance [#781 PDF] observed exec-time bins (cumulative): <10us=17579672 <50us=298194 <500us=21883 <10ms=18544 <50ms=338 <500ms=293 <1s=0 >=1s=0 | stalls_detected=0[0m
[33m/home/cvazquezperezdelacru/clio-core/context-runtime/src/scheduler/default_sched.cc:439 WARNING 1812139 LoadBalance [#785] lane rescues performed: 0[0m
[33m/home/cvazquezperezdelacru/clio-core/context-runtime/src/scheduler/default_sched.cc:430 WARNING 1812139 LoadBalance [#781 PDF] observed exec-time bins (cumulative): <10us=17647829 <50us=298616 <500us=21892 <10ms=18545 <50ms=338 <500ms=293 <1s=0 >=1s=0 | stalls_detected=0[0m
[33m/home/cvazquezperezdelacru/clio-core/context-runtime/src/scheduler/default_sched.cc:439 WARNING 1812139 LoadBalance [#785] lane rescues performed: 0[0m
[33m/home/cvazquezperezdelacru/clio-core/context-runtime/src/scheduler/default_sched.cc:430 WARNING 1812139 LoadBalance [#781 PDF] observed exec-time bins (cumulative): <10us=17716213 <50us=298839 <500us=21897 <10ms=18545 <50ms=338 <500ms=293 <1s=0 >=1s=0 | stalls_detected=0[0m
[33m/home/cvazquezperezdelacru/clio-core/context-runtime/src/scheduler/default_sched.cc:439 WARNING 1812139 LoadBalance [#785] lane rescues performed: 0[0m
[33m/home/cvazquezperezdelacru/clio-core/context-runtime/src/scheduler/default_sched.cc:430 WARNING 1812139 LoadBalance [#781 PDF] observed exec-time bins (cumulative): <10us=17784010 <50us=299605 <500us=21904 <10ms=18546 <50ms=338 <500ms=293 <1s=0 >=1s=0 | stalls_detected=0[0m
[33m/home/cvazquezperezdelacru/clio-core/context-runtime/src/scheduler/default_sched.cc:439 WARNING 1812139 LoadBalance [#785] lane rescues performed: 0[0m
[33m/home/cvazquezperezdelacru/clio-core/context-runtime/src/scheduler/default_sched.cc:430 WARNING 1812139 LoadBalance [#781 PDF] observed exec-time bins (cumulative): <10us=17851607 <50us=300104 <500us=21911 <10ms=18548 <50ms=338 <500ms=293 <1s=0 >=1s=0 | stalls_detected=0[0m
[33m/home/cvazquezperezdelacru/clio-core/context-runtime/src/scheduler/default_sched.cc:439 WARNING 1812139 LoadBalance [#785] lane rescues performed: 0[0m
[33m/home/cvazquezperezdelacru/clio-core/context-runtime/src/scheduler/default_sched.cc:430 WARNING 1812139 LoadBalance [#781 PDF] observed exec-time bins (cumulative): <10us=17919443 <50us=300604 <500us=21918 <10ms=18549 <50ms=338 <500ms=293 <1s=0 >=1s=0 | stalls_detected=0[0m
[33m/home/cvazquezperezdelacru/clio-core/context-runtime/src/scheduler/default_sched.cc:439 WARNING 1812139 LoadBalance [#785] lane rescues performed: 0[0m
[33m/home/cvazquezperezdelacru/clio-core/context-runtime/src/scheduler/default_sched.cc:430 WARNING 1812139 LoadBalance [#781 PDF] observed exec-time bins (cumulative): <10us=17986578 <50us=301199 <500us=21926 <10ms=18550 <50ms=338 <500ms=293 <1s=0 >=1s=0 | stalls_detected=0[0m
[33m/home/cvazquezperezdelacru/clio-core/context-runtime/src/scheduler/default_sched.cc:439 WARNING 1812139 LoadBalance [#785] lane rescues performed: 0[0m
[33m/home/cvazquezperezdelacru/clio-core/context-runtime/src/scheduler/default_sched.cc:430 WARNING 1812139 LoadBalance [#781 PDF] observed exec-time bins (cumulative): <10us=18054880 <50us=301468 <500us=21933 <10ms=18551 <50ms=338 <500ms=293 <1s=0 >=1s=0 | stalls_detected=0[0m
[33m/home/cvazquezperezdelacru/clio-core/context-runtime/src/scheduler/default_sched.cc:439 WARNING 1812139 LoadBalance [#785] lane rescues performed: 0[0m
[33m/home/cvazquezperezdelacru/clio-core/context-runtime/src/scheduler/default_sched.cc:430 WARNING 1812139 LoadBalance [#781 PDF] observed exec-time bins (cumulative): <10us=18122529 <50us=301864 <500us=21940 <10ms=18553 <50ms=338 <500ms=293 <1s=0 >=1s=0 | stalls_detected=0[0m
[33m/home/cvazquezperezdelacru/clio-core/context-runtime/src/scheduler/default_sched.cc:439 WARNING 1812139 LoadBalance [#785] lane rescues performed: 0[0m
[33m/home/cvazquezperezdelacru/clio-core/context-runtime/src/scheduler/default_sched.cc:430 WARNING 1812139 LoadBalance [#781 PDF] observed exec-time bins (cumulative): <10us=18190876 <50us=302114 <500us=21947 <10ms=18554 <50ms=338 <500ms=293 <1s=0 >=1s=0 | stalls_detected=0[0m
[33m/home/cvazquezperezdelacru/clio-core/context-runtime/src/scheduler/default_sched.cc:439 WARNING 1812139 LoadBalance [#785] lane rescues performed: 0[0m
[33m/home/cvazquezperezdelacru/clio-core/context-runtime/src/scheduler/default_sched.cc:430 WARNING 1812139 LoadBalance [#781 PDF] observed exec-time bins (cumulative): <10us=18256165 <50us=304795 <500us=21955 <10ms=18555 <50ms=338 <500ms=293 <1s=0 >=1s=0 | stalls_detected=0[0m
[33m/home/cvazquezperezdelacru/clio-core/context-runtime/src/scheduler/default_sched.cc:439 WARNING 1812139 LoadBalance [#785] lane rescues performed: 0[0m
[33m/home/cvazquezperezdelacru/clio-core/context-runtime/src/scheduler/default_sched.cc:430 WARNING 1812139 LoadBalance [#781 PDF] observed exec-time bins (cumulative): <10us=18324077 <50us=305460 <500us=21961 <10ms=18556 <50ms=338 <500ms=293 <1s=0 >=1s=0 | stalls_detected=0[0m
[33m/home/cvazquezperezdelacru/clio-core/context-runtime/src/scheduler/default_sched.cc:439 WARNING 1812139 LoadBalance [#785] lane rescues performed: 0[0m
[33m/home/cvazquezperezdelacru/clio-core/context-runtime/src/scheduler/default_sched.cc:430 WARNING 1812139 LoadBalance [#781 PDF] observed exec-time bins (cumulative): <10us=18391586 <50us=306482 <500us=21968 <10ms=18557 <50ms=338 <500ms=293 <1s=0 >=1s=0 | stalls_detected=0[0m
[33m/home/cvazquezperezdelacru/clio-core/context-runtime/src/scheduler/default_sched.cc:439 WARNING 1812139 LoadBalance [#785] lane rescues performed: 0[0m
[33m/home/cvazquezperezdelacru/clio-core/context-runtime/src/scheduler/default_sched.cc:430 WARNING 1812139 LoadBalance [#781 PDF] observed exec-time bins (cumulative): <10us=18459790 <50us=306856 <500us=21975 <10ms=18559 <50ms=338 <500ms=293 <1s=0 >=1s=0 | stalls_detected=0[0m
[33m/home/cvazquezperezdelacru/clio-core/context-runtime/src/scheduler/default_sched.cc:439 WARNING 1812139 LoadBalance [#785] lane rescues performed: 0[0m
[33m/home/cvazquezperezdelacru/clio-core/context-runtime/src/scheduler/default_sched.cc:430 WARNING 1812139 LoadBalance [#781 PDF] observed exec-time bins (cumulative): <10us=18528109 <50us=307126 <500us=21983 <10ms=18560 <50ms=338 <500ms=293 <1s=0 >=1s=0 | stalls_detected=0[0m
[33m/home/cvazquezperezdelacru/clio-core/context-runtime/src/scheduler/default_sched.cc:439 WARNING 1812139 LoadBalance [#785] lane rescues performed: 0[0m
[33m/home/cvazquezperezdelacru/clio-core/context-runtime/src/scheduler/default_sched.cc:430 WARNING 1812139 LoadBalance [#781 PDF] observed exec-time bins (cumulative): <10us=18594472 <50us=309012 <500us=21991 <10ms=18561 <50ms=338 <500ms=293 <1s=0 >=1s=0 | stalls_detected=0[0m
[33m/home/cvazquezperezdelacru/clio-core/context-runtime/src/scheduler/default_sched.cc:439 WARNING 1812139 LoadBalance [#785] lane rescues performed: 0[0m
[33m/home/cvazquezperezdelacru/clio-core/context-runtime/src/scheduler/default_sched.cc:430 WARNING 1812139 LoadBalance [#781 PDF] observed exec-time bins (cumulative): <10us=18661942 <50us=309923 <500us=21998 <10ms=18562 <50ms=338 <500ms=293 <1s=0 >=1s=0 | stalls_detected=0[0m
[33m/home/cvazquezperezdelacru/clio-core/context-runtime/src/scheduler/default_sched.cc:439 WARNING 1812139 LoadBalance [#785] lane rescues performed: 0[0m
[33m/home/cvazquezperezdelacru/clio-core/context-runtime/src/scheduler/default_sched.cc:430 WARNING 1812139 LoadBalance [#781 PDF] observed exec-time bins (cumulative): <10us=18730212 <50us=310226 <500us=22007 <10ms=18563 <50ms=338 <500ms=293 <1s=0 >=1s=0 | stalls_detected=0[0m
[33m/home/cvazquezperezdelacru/clio-core/context-runtime/src/scheduler/default_sched.cc:439 WARNING 1812139 LoadBalance [#785] lane rescues performed: 0[0m
[33m/home/cvazquezperezdelacru/clio-core/context-runtime/src/scheduler/default_sched.cc:430 WARNING 1812139 LoadBalance [#781 PDF] observed exec-time bins (cumulative): <10us=18798460 <50us=310554 <500us=22015 <10ms=18565 <50ms=338 <500ms=293 <1s=0 >=1s=0 | stalls_detected=0[0m
[33m/home/cvazquezperezdelacru/clio-core/context-runtime/src/scheduler/default_sched.cc:439 WARNING 1812139 LoadBalance [#785] lane rescues performed: 0[0m
[33m/home/cvazquezperezdelacru/clio-core/context-runtime/src/scheduler/default_sched.cc:430 WARNING 1812139 LoadBalance [#781 PDF] observed exec-time bins (cumulative): <10us=18866773 <50us=310861 <500us=22022 <10ms=18566 <50ms=338 <500ms=293 <1s=0 >=1s=0 | stalls_detected=0[0m
[33m/home/cvazquezperezdelacru/clio-core/context-runtime/src/scheduler/default_sched.cc:439 WARNING 1812139 LoadBalance [#785] lane rescues performed: 0[0m
[33m/home/cvazquezperezdelacru/clio-core/context-runtime/src/scheduler/default_sched.cc:430 WARNING 1812139 LoadBalance [#781 PDF] observed exec-time bins (cumulative): <10us=18934853 <50us=311363 <500us=22031 <10ms=18568 <50ms=338 <500ms=293 <1s=0 >=1s=0 | stalls_detected=0[0m
[33m/home/cvazquezperezdelacru/clio-core/context-runtime/src/scheduler/default_sched.cc:439 WARNING 1812139 LoadBalance [#785] lane rescues performed: 0[0m
[33m/home/cvazquezperezdelacru/clio-core/context-runtime/src/scheduler/default_sched.cc:430 WARNING 1812139 LoadBalance [#781 PDF] observed exec-time bins (cumulative): <10us=19002022 <50us=312493 <500us=22038 <10ms=18571 <50ms=338 <500ms=293 <1s=0 >=1s=0 | stalls_detected=0[0m
[33m/home/cvazquezperezdelacru/clio-core/context-runtime/src/scheduler/default_sched.cc:439 WARNING 1812139 LoadBalance [#785] lane rescues performed: 0[0m
[33m/home/cvazquezperezdelacru/clio-core/context-runtime/src/scheduler/default_sched.cc:430 WARNING 1812139 LoadBalance [#781 PDF] observed exec-time bins (cumulative): <10us=19070173 <50us=312931 <500us=22044 <10ms=18572 <50ms=338 <500ms=293 <1s=0 >=1s=0 | stalls_detected=0[0m
[33m/home/cvazquezperezdelacru/clio-core/context-runtime/src/scheduler/default_sched.cc:439 WARNING 1812139 LoadBalance [#785] lane rescues performed: 0[0m
[33m/home/cvazquezperezdelacru/clio-core/context-runtime/src/scheduler/default_sched.cc:430 WARNING 1812139 LoadBalance [#781 PDF] observed exec-time bins (cumulative): <10us=19138123 <50us=313528 <500us=22053 <10ms=18573 <50ms=338 <500ms=293 <1s=0 >=1s=0 | stalls_detected=0[0m
[33m/home/cvazquezperezdelacru/clio-core/context-runtime/src/scheduler/default_sched.cc:439 WARNING 1812139 LoadBalance [#785] lane rescues performed: 0[0m
[33m/home/cvazquezperezdelacru/clio-core/context-runtime/src/scheduler/default_sched.cc:430 WARNING 1812139 LoadBalance [#781 PDF] observed exec-time bins (cumulative): <10us=19206113 <50us=314067 <500us=22062 <10ms=18574 <50ms=338 <500ms=293 <1s=0 >=1s=0 | stalls_detected=0[0m
[33m/home/cvazquezperezdelacru/clio-core/context-runtime/src/scheduler/default_sched.cc:439 WARNING 1812139 LoadBalance [#785] lane rescues performed: 0[0m
[33m/home/cvazquezperezdelacru/clio-core/context-runtime/src/scheduler/default_sched.cc:430 WARNING 1812139 LoadBalance [#781 PDF] observed exec-time bins (cumulative): <10us=19274425 <50us=314353 <500us=22070 <10ms=18575 <50ms=338 <500ms=293 <1s=0 >=1s=0 | stalls_detected=0[0m
[33m/home/cvazquezperezdelacru/clio-core/context-runtime/src/scheduler/default_sched.cc:439 WARNING 1812139 LoadBalance [#785] lane rescues performed: 0[0m
[33m/home/cvazquezperezdelacru/clio-core/context-runtime/src/scheduler/default_sched.cc:430 WARNING 1812139 LoadBalance [#781 PDF] observed exec-time bins (cumulative): <10us=19342380 <50us=314770 <500us=22076 <10ms=18576 <50ms=338 <500ms=293 <1s=0 >=1s=0 | stalls_detected=0[0m
[33m/home/cvazquezperezdelacru/clio-core/context-runtime/src/scheduler/default_sched.cc:439 WARNING 1812139 LoadBalance [#785] lane rescues performed: 0[0m
[33m/home/cvazquezperezdelacru/clio-core/context-runtime/src/scheduler/default_sched.cc:430 WARNING 1812139 LoadBalance [#781 PDF] observed exec-time bins (cumulative): <10us=19410308 <50us=315048 <500us=22084 <10ms=18577 <50ms=338 <500ms=293 <1s=0 >=1s=0 | stalls_detected=0[0m
[33m/home/cvazquezperezdelacru/clio-core/context-runtime/src/scheduler/default_sched.cc:439 WARNING 1812139 LoadBalance [#785] lane rescues performed: 0[0m
[33m/home/cvazquezperezdelacru/clio-core/context-runtime/src/scheduler/default_sched.cc:430 WARNING 1812139 LoadBalance [#781 PDF] observed exec-time bins (cumulative): <10us=19478409 <50us=315373 <500us=22091 <10ms=18578 <50ms=338 <500ms=293 <1s=0 >=1s=0 | stalls_detected=0[0m
[33m/home/cvazquezperezdelacru/clio-core/context-runtime/src/scheduler/default_sched.cc:439 WARNING 1812139 LoadBalance [#785] lane rescues performed: 0[0m
[33m/home/cvazquezperezdelacru/clio-core/context-runtime/src/scheduler/default_sched.cc:430 WARNING 1812139 LoadBalance [#781 PDF] observed exec-time bins (cumulative): <10us=19546710 <50us=315655 <500us=22100 <10ms=18579 <50ms=338 <500ms=293 <1s=0 >=1s=0 | stalls_detected=0[0m
[33m/home/cvazquezperezdelacru/clio-core/context-runtime/src/scheduler/default_sched.cc:439 WARNING 1812139 LoadBalance [#785] lane rescues performed: 0[0m
[33m/home/cvazquezperezdelacru/clio-core/context-runtime/src/scheduler/default_sched.cc:430 WARNING 1812139 LoadBalance [#781 PDF] observed exec-time bins (cumulative): <10us=19614900 <50us=315992 <500us=22108 <10ms=18580 <50ms=338 <500ms=293 <1s=0 >=1s=0 | stalls_detected=0[0m
[33m/home/cvazquezperezdelacru/clio-core/context-runtime/src/scheduler/default_sched.cc:439 WARNING 1812139 LoadBalance [#785] lane rescues performed: 0[0m
[33m/home/cvazquezperezdelacru/clio-core/context-runtime/src/scheduler/default_sched.cc:430 WARNING 1812139 LoadBalance [#781 PDF] observed exec-time bins (cumulative): <10us=19683063 <50us=316274 <500us=22116 <10ms=18581 <50ms=338 <500ms=293 <1s=0 >=1s=0 | stalls_detected=0[0m
[33m/home/cvazquezperezdelacru/clio-core/context-runtime/src/scheduler/default_sched.cc:439 WARNING 1812139 LoadBalance [#785] lane rescues performed: 0[0m
[33m/home/cvazquezperezdelacru/clio-core/context-runtime/src/scheduler/default_sched.cc:430 WARNING 1812139 LoadBalance [#781 PDF] observed exec-time bins (cumulative): <10us=19751279 <50us=316540 <500us=22123 <10ms=18583 <50ms=338 <500ms=293 <1s=0 >=1s=0 | stalls_detected=0[0m
[33m/home/cvazquezperezdelacru/clio-core/context-runtime/src/scheduler/default_sched.cc:439 WARNING 1812139 LoadBalance [#785] lane rescues performed: 0[0m
[33m/home/cvazquezperezdelacru/clio-core/context-runtime/src/scheduler/default_sched.cc:430 WARNING 1812139 LoadBalance [#781 PDF] observed exec-time bins (cumulative): <10us=19819667 <50us=316711 <500us=22131 <10ms=18584 <50ms=338 <500ms=293 <1s=0 >=1s=0 | stalls_detected=0[0m
[33m/home/cvazquezperezdelacru/clio-core/context-runtime/src/scheduler/default_sched.cc:439 WARNING 1812139 LoadBalance [#785] lane rescues performed: 0[0m
[33m/home/cvazquezperezdelacru/clio-core/context-runtime/src/scheduler/default_sched.cc:430 WARNING 1812139 LoadBalance [#781 PDF] observed exec-time bins (cumulative): <10us=19887819 <50us=316985 <500us=22138 <10ms=18585 <50ms=338 <500ms=293 <1s=0 >=1s=0 | stalls_detected=0[0m
[33m/home/cvazquezperezdelacru/clio-core/context-runtime/src/scheduler/default_sched.cc:439 WARNING 1812139 LoadBalance [#785] lane rescues performed: 0[0m
[33m/home/cvazquezperezdelacru/clio-core/context-runtime/src/scheduler/default_sched.cc:430 WARNING 1812139 LoadBalance [#781 PDF] observed exec-time bins (cumulative): <10us=19956199 <50us=317373 <500us=22145 <10ms=18586 <50ms=338 <500ms=293 <1s=0 >=1s=0 | stalls_detected=0[0m
[33m/home/cvazquezperezdelacru/clio-core/context-runtime/src/scheduler/default_sched.cc:439 WARNING 1812139 LoadBalance [#785] lane rescues performed: 0[0m
[33m/home/cvazquezperezdelacru/clio-core/context-runtime/src/scheduler/default_sched.cc:430 WARNING 1812139 LoadBalance [#781 PDF] observed exec-time bins (cumulative): <10us=20024374 <50us=317708 <500us=22153 <10ms=18588 <50ms=338 <500ms=293 <1s=0 >=1s=0 | stalls_detected=0[0m
[33m/home/cvazquezperezdelacru/clio-core/context-runtime/src/scheduler/default_sched.cc:439 WARNING 1812139 LoadBalance [#785] lane rescues performed: 0[0m
[33m/home/cvazquezperezdelacru/clio-core/context-runtime/src/scheduler/default_sched.cc:430 WARNING 1812139 LoadBalance [#781 PDF] observed exec-time bins (cumulative): <10us=20092614 <50us=317974 <500us=22163 <10ms=18589 <50ms=338 <500ms=293 <1s=0 >=1s=0 | stalls_detected=0[0m
[33m/home/cvazquezperezdelacru/clio-core/context-runtime/src/scheduler/default_sched.cc:439 WARNING 1812139 LoadBalance [#785] lane rescues performed: 0[0m
[33m/home/cvazquezperezdelacru/clio-core/context-runtime/src/scheduler/default_sched.cc:430 WARNING 1812139 LoadBalance [#781 PDF] observed exec-time bins (cumulative): <10us=20160853 <50us=318243 <500us=22174 <10ms=18590 <50ms=338 <500ms=293 <1s=0 >=1s=0 | stalls_detected=0[0m
[33m/home/cvazquezperezdelacru/clio-core/context-runtime/src/scheduler/default_sched.cc:439 WARNING 1812139 LoadBalance [#785] lane rescues performed: 0[0m
[33m/home/cvazquezperezdelacru/clio-core/context-runtime/src/scheduler/default_sched.cc:430 WARNING 1812139 LoadBalance [#781 PDF] observed exec-time bins (cumulative): <10us=20229175 <50us=318526 <500us=22182 <10ms=18591 <50ms=338 <500ms=293 <1s=0 >=1s=0 | stalls_detected=0[0m
[33m/home/cvazquezperezdelacru/clio-core/context-runtime/src/scheduler/default_sched.cc:439 WARNING 1812139 LoadBalance [#785] lane rescues performed: 0[0m
[33m/home/cvazquezperezdelacru/clio-core/context-runtime/src/scheduler/default_sched.cc:430 WARNING 1812139 LoadBalance [#781 PDF] observed exec-time bins (cumulative): <10us=20297455 <50us=318849 <500us=22190 <10ms=18594 <50ms=338 <500ms=293 <1s=0 >=1s=0 | stalls_detected=0[0m
[33m/home/cvazquezperezdelacru/clio-core/context-runtime/src/scheduler/default_sched.cc:439 WARNING 1812139 LoadBalance [#785] lane rescues performed: 0[0m
[33m/home/cvazquezperezdelacru/clio-core/context-runtime/src/scheduler/default_sched.cc:430 WARNING 1812139 LoadBalance [#781 PDF] observed exec-time bins (cumulative): <10us=20365896 <50us=319035 <500us=22198 <10ms=18595 <50ms=338 <500ms=293 <1s=0 >=1s=0 | stalls_detected=0[0m
[33m/home/cvazquezperezdelacru/clio-core/context-runtime/src/scheduler/default_sched.cc:439 WARNING 1812139 LoadBalance [#785] lane rescues performed: 0[0m
[33m/home/cvazquezperezdelacru/clio-core/context-runtime/src/scheduler/default_sched.cc:430 WARNING 1812139 LoadBalance [#781 PDF] observed exec-time bins (cumulative): <10us=20434153 <50us=319366 <500us=22206 <10ms=18596 <50ms=338 <500ms=293 <1s=0 >=1s=0 | stalls_detected=0[0m
[33m/home/cvazquezperezdelacru/clio-core/context-runtime/src/scheduler/default_sched.cc:439 WARNING 1812139 LoadBalance [#785] lane rescues performed: 0[0m
[33m/home/cvazquezperezdelacru/clio-core/context-runtime/src/scheduler/default_sched.cc:430 WARNING 1812139 LoadBalance [#781 PDF] observed exec-time bins (cumulative): <10us=20500950 <50us=320169 <500us=22215 <10ms=18597 <50ms=338 <500ms=293 <1s=0 >=1s=0 | stalls_detected=0[0m
[33m/home/cvazquezperezdelacru/clio-core/context-runtime/src/scheduler/default_sched.cc:439 WARNING 1812139 LoadBalance [#785] lane rescues performed: 0[0m
[33m/home/cvazquezperezdelacru/clio-core/context-runtime/src/scheduler/default_sched.cc:430 WARNING 1812139 LoadBalance [#781 PDF] observed exec-time bins (cumulative): <10us=20568532 <50us=320683 <500us=22224 <10ms=18599 <50ms=338 <500ms=293 <1s=0 >=1s=0 | stalls_detected=0[0m
[33m/home/cvazquezperezdelacru/clio-core/context-runtime/src/scheduler/default_sched.cc:439 WARNING 1812139 LoadBalance [#785] lane rescues performed: 0[0m
[33m/home/cvazquezperezdelacru/clio-core/context-runtime/src/scheduler/default_sched.cc:430 WARNING 1812139 LoadBalance [#781 PDF] observed exec-time bins (cumulative): <10us=20635194 <50us=322184 <500us=22231 <10ms=18600 <50ms=338 <500ms=293 <1s=0 >=1s=0 | stalls_detected=0[0m
[33m/home/cvazquezperezdelacru/clio-core/context-runtime/src/scheduler/default_sched.cc:439 WARNING 1812139 LoadBalance [#785] lane rescues performed: 0[0m
[33m/home/cvazquezperezdelacru/clio-core/context-runtime/src/scheduler/default_sched.cc:430 WARNING 1812139 LoadBalance [#781 PDF] observed exec-time bins (cumulative): <10us=20703101 <50us=322827 <500us=22240 <10ms=18602 <50ms=338 <500ms=293 <1s=0 >=1s=0 | stalls_detected=0[0m
[33m/home/cvazquezperezdelacru/clio-core/context-runtime/src/scheduler/default_sched.cc:439 WARNING 1812139 LoadBalance [#785] lane rescues performed: 0[0m
[33m/home/cvazquezperezdelacru/clio-core/context-runtime/src/scheduler/default_sched.cc:430 WARNING 1812139 LoadBalance [#781 PDF] observed exec-time bins (cumulative): <10us=20771196 <50us=323333 <500us=22248 <10ms=18603 <50ms=338 <500ms=293 <1s=0 >=1s=0 | stalls_detected=0[0m
[33m/home/cvazquezperezdelacru/clio-core/context-runtime/src/scheduler/default_sched.cc:439 WARNING 1812139 LoadBalance [#785] lane rescues performed: 0[0m
[33m/home/cvazquezperezdelacru/clio-core/context-runtime/src/scheduler/default_sched.cc:430 WARNING 1812139 LoadBalance [#781 PDF] observed exec-time bins (cumulative): <10us=20839552 <50us=323589 <500us=22255 <10ms=18604 <50ms=338 <500ms=293 <1s=0 >=1s=0 | stalls_detected=0[0m
[33m/home/cvazquezperezdelacru/clio-core/context-runtime/src/scheduler/default_sched.cc:439 WARNING 1812139 LoadBalance [#785] lane rescues performed: 0[0m
[33m/home/cvazquezperezdelacru/clio-core/context-runtime/src/scheduler/default_sched.cc:430 WARNING 1812139 LoadBalance [#781 PDF] observed exec-time bins (cumulative): <10us=20906817 <50us=324140 <500us=22265 <10ms=18606 <50ms=338 <500ms=293 <1s=0 >=1s=0 | stalls_detected=0[0m
[33m/home/cvazquezperezdelacru/clio-core/context-runtime/src/scheduler/default_sched.cc:439 WARNING 1812139 LoadBalance [#785] lane rescues performed: 0[0m
[33m/home/cvazquezperezdelacru/clio-core/context-runtime/src/scheduler/default_sched.cc:430 WARNING 1812139 LoadBalance [#781 PDF] observed exec-time bins (cumulative): <10us=20974834 <50us=324550 <500us=22273 <10ms=18607 <50ms=338 <500ms=293 <1s=0 >=1s=0 | stalls_detected=0[0m
[33m/home/cvazquezperezdelacru/clio-core/context-runtime/src/scheduler/default_sched.cc:439 WARNING 1812139 LoadBalance [#785] lane rescues performed: 0[0m
[33m/home/cvazquezperezdelacru/clio-core/context-runtime/src/scheduler/default_sched.cc:430 WARNING 1812139 LoadBalance [#781 PDF] observed exec-time bins (cumulative): <10us=21043086 <50us=324833 <500us=22282 <10ms=18608 <50ms=338 <500ms=293 <1s=0 >=1s=0 | stalls_detected=0[0m
[33m/home/cvazquezperezdelacru/clio-core/context-runtime/src/scheduler/default_sched.cc:439 WARNING 1812139 LoadBalance [#785] lane rescues performed: 0[0m
[33m/home/cvazquezperezdelacru/clio-core/context-runtime/src/scheduler/default_sched.cc:430 WARNING 1812139 LoadBalance [#781 PDF] observed exec-time bins (cumulative): <10us=21109983 <50us=326437 <500us=22290 <10ms=18609 <50ms=338 <500ms=293 <1s=0 >=1s=0 | stalls_detected=0[0m
[33m/home/cvazquezperezdelacru/clio-core/context-runtime/src/scheduler/default_sched.cc:439 WARNING 1812139 LoadBalance [#785] lane rescues performed: 0[0m
[33m/home/cvazquezperezdelacru/clio-core/context-runtime/src/scheduler/default_sched.cc:430 WARNING 1812139 LoadBalance [#781 PDF] observed exec-time bins (cumulative): <10us=21178200 <50us=326822 <500us=22299 <10ms=18611 <50ms=338 <500ms=293 <1s=0 >=1s=0 | stalls_detected=0[0m
[33m/home/cvazquezperezdelacru/clio-core/context-runtime/src/scheduler/default_sched.cc:439 WARNING 1812139 LoadBalance [#785] lane rescues performed: 0[0m
[33m/home/cvazquezperezdelacru/clio-core/context-runtime/src/scheduler/default_sched.cc:430 WARNING 1812139 LoadBalance [#781 PDF] observed exec-time bins (cumulative): <10us=21246487 <50us=327154 <500us=22310 <10ms=18612 <50ms=338 <500ms=293 <1s=0 >=1s=0 | stalls_detected=0[0m
[33m/home/cvazquezperezdelacru/clio-core/context-runtime/src/scheduler/default_sched.cc:439 WARNING 1812139 LoadBalance [#785] lane rescues performed: 0[0m
[33m/home/cvazquezperezdelacru/clio-core/context-runtime/src/scheduler/default_sched.cc:430 WARNING 1812139 LoadBalance [#781 PDF] observed exec-time bins (cumulative): <10us=21314559 <50us=327627 <500us=22317 <10ms=18613 <50ms=338 <500ms=293 <1s=0 >=1s=0 | stalls_detected=0[0m
[33m/home/cvazquezperezdelacru/clio-core/context-runtime/src/scheduler/default_sched.cc:439 WARNING 1812139 LoadBalance [#785] lane rescues performed: 0[0m
[33m/home/cvazquezperezdelacru/clio-core/context-runtime/src/scheduler/default_sched.cc:430 WARNING 1812139 LoadBalance [#781 PDF] observed exec-time bins (cumulative): <10us=21382814 <50us=327935 <500us=22326 <10ms=18615 <50ms=338 <500ms=293 <1s=0 >=1s=0 | stalls_detected=0[0m
[33m/home/cvazquezperezdelacru/clio-core/context-runtime/src/scheduler/default_sched.cc:439 WARNING 1812139 LoadBalance [#785] lane rescues performed: 0[0m
[33m/home/cvazquezperezdelacru/clio-core/context-runtime/src/scheduler/default_sched.cc:430 WARNING 1812139 LoadBalance [#781 PDF] observed exec-time bins (cumulative): <10us=21451142 <50us=328187 <500us=22333 <10ms=18617 <50ms=338 <500ms=293 <1s=0 >=1s=0 | stalls_detected=0[0m
[33m/home/cvazquezperezdelacru/clio-core/context-runtime/src/scheduler/default_sched.cc:439 WARNING 1812139 LoadBalance [#785] lane rescues performed: 0[0m
[33m/home/cvazquezperezdelacru/clio-core/context-runtime/src/scheduler/default_sched.cc:430 WARNING 1812139 LoadBalance [#781 PDF] observed exec-time bins (cumulative): <10us=21519378 <50us=328473 <500us=22340 <10ms=18619 <50ms=338 <500ms=293 <1s=0 >=1s=0 | stalls_detected=0[0m
[33m/home/cvazquezperezdelacru/clio-core/context-runtime/src/scheduler/default_sched.cc:439 WARNING 1812139 LoadBalance [#785] lane rescues performed: 0[0m
[33m/home/cvazquezperezdelacru/clio-core/context-runtime/src/scheduler/default_sched.cc:430 WARNING 1812139 LoadBalance [#781 PDF] observed exec-time bins (cumulative): <10us=21586297 <50us=329165 <500us=22347 <10ms=18620 <50ms=338 <500ms=293 <1s=0 >=1s=0 | stalls_detected=0[0m
[33m/home/cvazquezperezdelacru/clio-core/context-runtime/src/scheduler/default_sched.cc:439 WARNING 1812139 LoadBalance [#785] lane rescues performed: 0[0m
[33m/home/cvazquezperezdelacru/clio-core/context-runtime/src/scheduler/default_sched.cc:430 WARNING 1812139 LoadBalance [#781 PDF] observed exec-time bins (cumulative): <10us=21654659 <50us=329391 <500us=22355 <10ms=18621 <50ms=338 <500ms=293 <1s=0 >=1s=0 | stalls_detected=0[0m
[33m/home/cvazquezperezdelacru/clio-core/context-runtime/src/scheduler/default_sched.cc:439 WARNING 1812139 LoadBalance [#785] lane rescues performed: 0[0m
[33m/home/cvazquezperezdelacru/clio-core/context-runtime/src/scheduler/default_sched.cc:430 WARNING 1812139 LoadBalance [#781 PDF] observed exec-time bins (cumulative): <10us=21721195 <50us=331201 <500us=22363 <10ms=18622 <50ms=338 <500ms=293 <1s=0 >=1s=0 | stalls_detected=0[0m
[33m/home/cvazquezperezdelacru/clio-core/context-runtime/src/scheduler/default_sched.cc:439 WARNING 1812139 LoadBalance [#785] lane rescues performed: 0[0m
[33m/home/cvazquezperezdelacru/clio-core/context-runtime/src/scheduler/default_sched.cc:430 WARNING 1812139 LoadBalance [#781 PDF] observed exec-time bins (cumulative): <10us=21787428 <50us=333419 <500us=22371 <10ms=18623 <50ms=338 <500ms=293 <1s=0 >=1s=0 | stalls_detected=0[0m
[33m/home/cvazquezperezdelacru/clio-core/context-runtime/src/scheduler/default_sched.cc:439 WARNING 1812139 LoadBalance [#785] lane rescues performed: 0[0m
[33m/home/cvazquezperezdelacru/clio-core/context-runtime/src/scheduler/default_sched.cc:430 WARNING 1812139 LoadBalance [#781 PDF] observed exec-time bins (cumulative): <10us=21853264 <50us=336031 <500us=22378 <10ms=18624 <50ms=338 <500ms=293 <1s=0 >=1s=0 | stalls_detected=0[0m
[33m/home/cvazquezperezdelacru/clio-core/context-runtime/src/scheduler/default_sched.cc:439 WARNING 1812139 LoadBalance [#785] lane rescues performed: 0[0m
[33m/home/cvazquezperezdelacru/clio-core/context-runtime/src/scheduler/default_sched.cc:430 WARNING 1812139 LoadBalance [#781 PDF] observed exec-time bins (cumulative): <10us=21918101 <50us=339651 <500us=22386 <10ms=18625 <50ms=338 <500ms=293 <1s=0 >=1s=0 | stalls_detected=0[0m
[33m/home/cvazquezperezdelacru/clio-core/context-runtime/src/scheduler/default_sched.cc:439 WARNING 1812139 LoadBalance [#785] lane rescues performed: 0[0m
[33m/home/cvazquezperezdelacru/clio-core/context-runtime/src/scheduler/default_sched.cc:430 WARNING 1812139 LoadBalance [#781 PDF] observed exec-time bins (cumulative): <10us=21986074 <50us=340236 <500us=22393 <10ms=18627 <50ms=338 <500ms=293 <1s=0 >=1s=0 | stalls_detected=0[0m
[33m/home/cvazquezperezdelacru/clio-core/context-runtime/src/scheduler/default_sched.cc:439 WARNING 1812139 LoadBalance [#785] lane rescues performed: 0[0m
[33m/home/cvazquezperezdelacru/clio-core/context-runtime/src/scheduler/default_sched.cc:430 WARNING 1812139 LoadBalance [#781 PDF] observed exec-time bins (cumulative): <10us=22053815 <50us=340724 <500us=22400 <10ms=18629 <50ms=338 <500ms=293 <1s=0 >=1s=0 | stalls_detected=0[0m
[33m/home/cvazquezperezdelacru/clio-core/context-runtime/src/scheduler/default_sched.cc:439 WARNING 1812139 LoadBalance [#785] lane rescues performed: 0[0m
[33m/home/cvazquezperezdelacru/clio-core/context-runtime/src/scheduler/default_sched.cc:430 WARNING 1812139 LoadBalance [#781 PDF] observed exec-time bins (cumulative): <10us=22122027 <50us=341008 <500us=22407 <10ms=18631 <50ms=338 <500ms=293 <1s=0 >=1s=0 | stalls_detected=0[0m
[33m/home/cvazquezperezdelacru/clio-core/context-runtime/src/scheduler/default_sched.cc:439 WARNING 1812139 LoadBalance [#785] lane rescues performed: 0[0m
[33m/home/cvazquezperezdelacru/clio-core/context-runtime/src/scheduler/default_sched.cc:430 WARNING 1812139 LoadBalance [#781 PDF] observed exec-time bins (cumulative): <10us=22190226 <50us=341252 <500us=22415 <10ms=18632 <50ms=338 <500ms=293 <1s=0 >=1s=0 | stalls_detected=0[0m
[33m/home/cvazquezperezdelacru/clio-core/context-runtime/src/scheduler/default_sched.cc:439 WARNING 1812139 LoadBalance [#785] lane rescues performed: 0[0m
[33m/home/cvazquezperezdelacru/clio-core/context-runtime/src/scheduler/default_sched.cc:430 WARNING 1812139 LoadBalance [#781 PDF] observed exec-time bins (cumulative): <10us=22258357 <50us=341614 <500us=22422 <10ms=18633 <50ms=338 <500ms=293 <1s=0 >=1s=0 | stalls_detected=0[0m
[33m/home/cvazquezperezdelacru/clio-core/context-runtime/src/scheduler/default_sched.cc:439 WARNING 1812139 LoadBalance [#785] lane rescues performed: 0[0m
[33m/home/cvazquezperezdelacru/clio-core/context-runtime/src/scheduler/default_sched.cc:430 WARNING 1812139 LoadBalance [#781 PDF] observed exec-time bins (cumulative): <10us=22323457 <50us=344906 <500us=22428 <10ms=18634 <50ms=338 <500ms=293 <1s=0 >=1s=0 | stalls_detected=0[0m
[33m/home/cvazquezperezdelacru/clio-core/context-runtime/src/scheduler/default_sched.cc:439 WARNING 1812139 LoadBalance [#785] lane rescues performed: 0[0m
[33m/home/cvazquezperezdelacru/clio-core/context-runtime/src/scheduler/default_sched.cc:455 WARNING 1812139 operator() [#781] worker 2 STALLED on one task (load_us=9362.64 realtime_load_us=1.13218e+06 threshold_s=1)[0m
[33m/home/cvazquezperezdelacru/clio-core/context-runtime/src/worker.cc:370 WARNING 1812139 AdoptLane [#785] worker 2 adopted lane 0x7fc6495c1368[0m
[33m/home/cvazquezperezdelacru/clio-core/context-runtime/src/work_orchestrator.cc:545 WARNING 1812139 SpawnAdditionalWorker [#785] spawned elastic worker 8 (pool now 9 workers)[0m
[33m/home/cvazquezperezdelacru/clio-core/context-runtime/src/scheduler/default_sched.cc:598 WARNING 1812139 operator() [#785] RESCUE: stalled worker 2 -> worker 8 (0 parked task(s) moved, 0 queued task(s) redistributed, rescues=1)[0m
[33m/home/cvazquezperezdelacru/clio-core/context-runtime/src/scheduler/default_sched.cc:455 WARNING 1812139 operator() [#781] worker 2 STALLED on one task (load_us=9362.64 realtime_load_us=1.63365e+06 threshold_s=1)[0m
[33m/home/cvazquezperezdelacru/clio-core/context-runtime/src/worker.cc:370 WARNING 1812139 AdoptLane [#785] worker 2 adopted lane 0x7fc6495c1368[0m
[33m/home/cvazquezperezdelacru/clio-core/context-runtime/src/scheduler/default_sched.cc:598 WARNING 1812139 operator() [#785] RESCUE: stalled worker 2 -> worker 8 (0 parked task(s) moved, 0 queued task(s) redistributed, rescues=2)[0m
[33m/home/cvazquezperezdelacru/clio-core/context-runtime/src/scheduler/default_sched.cc:455 WARNING 1812139 operator() [#781] worker 2 STALLED on one task (load_us=9362.64 realtime_load_us=2.13422e+06 threshold_s=1)[0m
[33m/home/cvazquezperezdelacru/clio-core/context-runtime/src/worker.cc:370 WARNING 1812139 AdoptLane [#785] worker 2 adopted lane 0x7fc6495c1368[0m
[33m/home/cvazquezperezdelacru/clio-core/context-runtime/src/scheduler/default_sched.cc:598 WARNING 1812139 operator() [#785] RESCUE: stalled worker 2 -> worker 8 (0 parked task(s) moved, 0 queued task(s) redistributed, rescues=3)[0m
[33m/home/cvazquezperezdelacru/clio-core/context-runtime/src/scheduler/default_sched.cc:430 WARNING 1812139 LoadBalance [#781 PDF] observed exec-time bins (cumulative): <10us=22402367 <50us=346644 <500us=22437 <10ms=18635 <50ms=338 <500ms=293 <1s=0 >=1s=1 | stalls_detected=3[0m
[33m/home/cvazquezperezdelacru/clio-core/context-runtime/src/scheduler/default_sched.cc:439 WARNING 1812139 LoadBalance [#785] lane rescues performed: 3[0m
[33m/home/cvazquezperezdelacru/clio-core/context-runtime/src/scheduler/default_sched.cc:430 WARNING 1812139 LoadBalance [#781 PDF] observed exec-time bins (cumulative): <10us=22470193 <50us=347042 <500us=22445 <10ms=18636 <50ms=338 <500ms=293 <1s=0 >=1s=1 | stalls_detected=3[0m
[33m/home/cvazquezperezdelacru/clio-core/context-runtime/src/scheduler/default_sched.cc:439 WARNING 1812139 LoadBalance [#785] lane rescues performed: 3[0m
[33m/home/cvazquezperezdelacru/clio-core/context-runtime/src/scheduler/default_sched.cc:430 WARNING 1812139 LoadBalance [#781 PDF] observed exec-time bins (cumulative): <10us=22538183 <50us=347584 <500us=22454 <10ms=18637 <50ms=338 <500ms=293 <1s=0 >=1s=1 | stalls_detected=3[0m
[33m/home/cvazquezperezdelacru/clio-core/context-runtime/src/scheduler/default_sched.cc:439 WARNING 1812139 LoadBalance [#785] lane rescues performed: 3[0m
[33m/home/cvazquezperezdelacru/clio-core/context-runtime/src/scheduler/default_sched.cc:430 WARNING 1812139 LoadBalance [#781 PDF] observed exec-time bins (cumulative): <10us=22606495 <50us=347867 <500us=22463 <10ms=18638 <50ms=338 <500ms=293 <1s=0 >=1s=1 | stalls_detected=3[0m
[33m/home/cvazquezperezdelacru/clio-core/context-runtime/src/scheduler/default_sched.cc:439 WARNING 1812139 LoadBalance [#785] lane rescues performed: 3[0m
[33m/home/cvazquezperezdelacru/clio-core/context-runtime/src/scheduler/default_sched.cc:430 WARNING 1812139 LoadBalance [#781 PDF] observed exec-time bins (cumulative): <10us=22674786 <50us=348147 <500us=22472 <10ms=18639 <50ms=338 <500ms=293 <1s=0 >=1s=1 | stalls_detected=3[0m
[33m/home/cvazquezperezdelacru/clio-core/context-runtime/src/scheduler/default_sched.cc:439 WARNING 1812139 LoadBalance [#785] lane rescues performed: 3[0m
[33m/home/cvazquezperezdelacru/clio-core/context-runtime/src/scheduler/default_sched.cc:430 WARNING 1812139 LoadBalance [#781 PDF] observed exec-time bins (cumulative): <10us=22743065 <50us=348460 <500us=22478 <10ms=18640 <50ms=338 <500ms=293 <1s=0 >=1s=1 | stalls_detected=3[0m
[33m/home/cvazquezperezdelacru/clio-core/context-runtime/src/scheduler/default_sched.cc:439 WARNING 1812139 LoadBalance [#785] lane rescues performed: 3[0m
[33m/home/cvazquezperezdelacru/clio-core/context-runtime/src/scheduler/default_sched.cc:430 WARNING 1812139 LoadBalance [#781 PDF] observed exec-time bins (cumulative): <10us=22811056 <50us=349015 <500us=22486 <10ms=18641 <50ms=338 <500ms=293 <1s=0 >=1s=1 | stalls_detected=3[0m
[33m/home/cvazquezperezdelacru/clio-core/context-runtime/src/scheduler/default_sched.cc:439 WARNING 1812139 LoadBalance [#785] lane rescues performed: 3[0m
[33m/home/cvazquezperezdelacru/clio-core/context-runtime/src/scheduler/default_sched.cc:430 WARNING 1812139 LoadBalance [#781 PDF] observed exec-time bins (cumulative): <10us=22879184 <50us=349425 <500us=22495 <10ms=18644 <50ms=338 <500ms=293 <1s=0 >=1s=1 | stalls_detected=3[0m
[33m/home/cvazquezperezdelacru/clio-core/context-runtime/src/scheduler/default_sched.cc:439 WARNING 1812139 LoadBalance [#785] lane rescues performed: 3[0m
[33m/home/cvazquezperezdelacru/clio-core/context-runtime/src/scheduler/default_sched.cc:430 WARNING 1812139 LoadBalance [#781 PDF] observed exec-time bins (cumulative): <10us=22947409 <50us=349757 <500us=22503 <10ms=18645 <50ms=338 <500ms=293 <1s=0 >=1s=1 | stalls_detected=3[0m
[33m/home/cvazquezperezdelacru/clio-core/context-runtime/src/scheduler/default_sched.cc:439 WARNING 1812139 LoadBalance [#785] lane rescues performed: 3[0m
[33m/home/cvazquezperezdelacru/clio-core/context-runtime/src/scheduler/default_sched.cc:430 WARNING 1812139 LoadBalance [#781 PDF] observed exec-time bins (cumulative): <10us=23015755 <50us=349968 <500us=22509 <10ms=18646 <50ms=338 <500ms=293 <1s=0 >=1s=1 | stalls_detected=3[0m
[33m/home/cvazquezperezdelacru/clio-core/context-runtime/src/scheduler/default_sched.cc:439 WARNING 1812139 LoadBalance [#785] lane rescues performed: 3[0m
[33m/home/cvazquezperezdelacru/clio-core/context-runtime/src/scheduler/default_sched.cc:430 WARNING 1812139 LoadBalance [#781 PDF] observed exec-time bins (cumulative): <10us=23083460 <50us=350797 <500us=22516 <10ms=18647 <50ms=338 <500ms=293 <1s=0 >=1s=1 | stalls_detected=3[0m
[33m/home/cvazquezperezdelacru/clio-core/context-runtime/src/scheduler/default_sched.cc:439 WARNING 1812139 LoadBalance [#785] lane rescues performed: 3[0m
[33m/home/cvazquezperezdelacru/clio-core/context-runtime/src/scheduler/default_sched.cc:430 WARNING 1812139 LoadBalance [#781 PDF] observed exec-time bins (cumulative): <10us=23150785 <50us=351801 <500us=22526 <10ms=18648 <50ms=338 <500ms=293 <1s=0 >=1s=1 | stalls_detected=3[0m
[33m/home/cvazquezperezdelacru/clio-core/context-runtime/src/scheduler/default_sched.cc:439 WARNING 1812139 LoadBalance [#785] lane rescues performed: 3[0m
[33m/home/cvazquezperezdelacru/clio-core/context-runtime/src/scheduler/default_sched.cc:430 WARNING 1812139 LoadBalance [#781 PDF] observed exec-time bins (cumulative): <10us=23218622 <50us=352461 <500us=22532 <10ms=18649 <50ms=338 <500ms=293 <1s=0 >=1s=1 | stalls_detected=3[0m
[33m/home/cvazquezperezdelacru/clio-core/context-runtime/src/scheduler/default_sched.cc:439 WARNING 1812139 LoadBalance [#785] lane rescues performed: 3[0m
[33m/home/cvazquezperezdelacru/clio-core/context-runtime/src/scheduler/default_sched.cc:430 WARNING 1812139 LoadBalance [#781 PDF] observed exec-time bins (cumulative): <10us=23286883 <50us=352762 <500us=22542 <10ms=18651 <50ms=338 <500ms=293 <1s=0 >=1s=1 | stalls_detected=3[0m
[33m/home/cvazquezperezdelacru/clio-core/context-runtime/src/scheduler/default_sched.cc:439 WARNING 1812139 LoadBalance [#785] lane rescues performed: 3[0m
[33m/home/cvazquezperezdelacru/clio-core/context-runtime/src/scheduler/default_sched.cc:430 WARNING 1812139 LoadBalance [#781 PDF] observed exec-time bins (cumulative): <10us=23353596 <50us=354286 <500us=22552 <10ms=18652 <50ms=338 <500ms=293 <1s=0 >=1s=1 | stalls_detected=3[0m
[33m/home/cvazquezperezdelacru/clio-core/context-runtime/src/scheduler/default_sched.cc:439 WARNING 1812139 LoadBalance [#785] lane rescues performed: 3[0m
[33m/home/cvazquezperezdelacru/clio-core/context-runtime/src/scheduler/default_sched.cc:430 WARNING 1812139 LoadBalance [#781 PDF] observed exec-time bins (cumulative): <10us=23419167 <50us=355928 <500us=22558 <10ms=18654 <50ms=338 <500ms=293 <1s=0 >=1s=1 | stalls_detected=3[0m
[33m/home/cvazquezperezdelacru/clio-core/context-runtime/src/scheduler/default_sched.cc:439 WARNING 1812139 LoadBalance [#785] lane rescues performed: 3[0m
[33m/home/cvazquezperezdelacru/clio-core/context-runtime/src/scheduler/default_sched.cc:430 WARNING 1812139 LoadBalance [#781 PDF] observed exec-time bins (cumulative): <10us=23487254 <50us=356349 <500us=22564 <10ms=18655 <50ms=338 <500ms=293 <1s=0 >=1s=1 | stalls_detected=3[0m
[33m/home/cvazquezperezdelacru/clio-core/context-runtime/src/scheduler/default_sched.cc:439 WARNING 1812139 LoadBalance [#785] lane rescues performed: 3[0m
[33m/home/cvazquezperezdelacru/clio-core/context-runtime/src/scheduler/default_sched.cc:430 WARNING 1812139 LoadBalance [#781 PDF] observed exec-time bins (cumulative): <10us=23555114 <50us=356852 <500us=22573 <10ms=18656 <50ms=338 <500ms=293 <1s=0 >=1s=1 | stalls_detected=3[0m
[33m/home/cvazquezperezdelacru/clio-core/context-runtime/src/scheduler/default_sched.cc:439 WARNING 1812139 LoadBalance [#785] lane rescues performed: 3[0m
[33m/home/cvazquezperezdelacru/clio-core/context-runtime/src/scheduler/default_sched.cc:430 WARNING 1812139 LoadBalance [#781 PDF] observed exec-time bins (cumulative): <10us=23623117 <50us=357451 <500us=22581 <10ms=18658 <50ms=338 <500ms=293 <1s=0 >=1s=1 | stalls_detected=3[0m
[33m/home/cvazquezperezdelacru/clio-core/context-runtime/src/scheduler/default_sched.cc:439 WARNING 1812139 LoadBalance [#785] lane rescues performed: 3[0m
[33m/home/cvazquezperezdelacru/clio-core/context-runtime/src/scheduler/default_sched.cc:430 WARNING 1812139 LoadBalance [#781 PDF] observed exec-time bins (cumulative): <10us=23691041 <50us=358042 <500us=22587 <10ms=18659 <50ms=338 <500ms=293 <1s=0 >=1s=1 | stalls_detected=3[0m
[33m/home/cvazquezperezdelacru/clio-core/context-runtime/src/scheduler/default_sched.cc:439 WARNING 1812139 LoadBalance [#785] lane rescues performed: 3[0m
[33m/home/cvazquezperezdelacru/clio-core/context-runtime/src/scheduler/default_sched.cc:430 WARNING 1812139 LoadBalance [#781 PDF] observed exec-time bins (cumulative): <10us=23758992 <50us=358587 <500us=22595 <10ms=18661 <50ms=338 <500ms=293 <1s=0 >=1s=1 | stalls_detected=3[0m
[33m/home/cvazquezperezdelacru/clio-core/context-runtime/src/scheduler/default_sched.cc:439 WARNING 1812139 LoadBalance [#785] lane rescues performed: 3[0m
[33m/home/cvazquezperezdelacru/clio-core/context-runtime/src/scheduler/default_sched.cc:430 WARNING 1812139 LoadBalance [#781 PDF] observed exec-time bins (cumulative): <10us=23827060 <50us=359079 <500us=22605 <10ms=18662 <50ms=338 <500ms=293 <1s=0 >=1s=1 | stalls_detected=3[0m
[33m/home/cvazquezperezdelacru/clio-core/context-runtime/src/scheduler/default_sched.cc:439 WARNING 1812139 LoadBalance [#785] lane rescues performed: 3[0m
[33m/home/cvazquezperezdelacru/clio-core/context-runtime/src/scheduler/default_sched.cc:430 WARNING 1812139 LoadBalance [#781 PDF] observed exec-time bins (cumulative): <10us=23894840 <50us=359894 <500us=22612 <10ms=18663 <50ms=338 <500ms=293 <1s=0 >=1s=1 | stalls_detected=3[0m
[33m/home/cvazquezperezdelacru/clio-core/context-runtime/src/scheduler/default_sched.cc:439 WARNING 1812139 LoadBalance [#785] lane rescues performed: 3[0m
[33m/home/cvazquezperezdelacru/clio-core/context-runtime/src/scheduler/default_sched.cc:430 WARNING 1812139 LoadBalance [#781 PDF] observed exec-time bins (cumulative): <10us=23963193 <50us=360131 <500us=22618 <10ms=18664 <50ms=338 <500ms=293 <1s=0 >=1s=1 | stalls_detected=3[0m
[33m/home/cvazquezperezdelacru/clio-core/context-runtime/src/scheduler/default_sched.cc:439 WARNING 1812139 LoadBalance [#785] lane rescues performed: 3[0m
[33m/home/cvazquezperezdelacru/clio-core/context-runtime/src/scheduler/default_sched.cc:430 WARNING 1812139 LoadBalance [#781 PDF] observed exec-time bins (cumulative): <10us=24031444 <50us=360434 <500us=22626 <10ms=18665 <50ms=338 <500ms=293 <1s=0 >=1s=1 | stalls_detected=3[0m
[33m/home/cvazquezperezdelacru/clio-core/context-runtime/src/scheduler/default_sched.cc:439 WARNING 1812139 LoadBalance [#785] lane rescues performed: 3[0m
[33m/home/cvazquezperezdelacru/clio-core/context-runtime/src/scheduler/default_sched.cc:430 WARNING 1812139 LoadBalance [#781 PDF] observed exec-time bins (cumulative): <10us=24099786 <50us=360683 <500us=22632 <10ms=18666 <50ms=338 <500ms=293 <1s=0 >=1s=1 | stalls_detected=3[0m
[33m/home/cvazquezperezdelacru/clio-core/context-runtime/src/scheduler/default_sched.cc:439 WARNING 1812139 LoadBalance [#785] lane rescues performed: 3[0m
[33m/home/cvazquezperezdelacru/clio-core/context-runtime/src/scheduler/default_sched.cc:430 WARNING 1812139 LoadBalance [#781 PDF] observed exec-time bins (cumulative): <10us=24168110 <50us=360934 <500us=22640 <10ms=18667 <50ms=338 <500ms=293 <1s=0 >=1s=1 | stalls_detected=3[0m
[33m/home/cvazquezperezdelacru/clio-core/context-runtime/src/scheduler/default_sched.cc:439 WARNING 1812139 LoadBalance [#785] lane rescues performed: 3[0m
[33m/home/cvazquezperezdelacru/clio-core/context-runtime/src/scheduler/default_sched.cc:430 WARNING 1812139 LoadBalance [#781 PDF] observed exec-time bins (cumulative): <10us=24236400 <50us=361229 <500us=22647 <10ms=18668 <50ms=338 <500ms=293 <1s=0 >=1s=1 | stalls_detected=3[0m
[33m/home/cvazquezperezdelacru/clio-core/context-runtime/src/scheduler/default_sched.cc:439 WARNING 1812139 LoadBalance [#785] lane rescues performed: 3[0m
[33m/home/cvazquezperezdelacru/clio-core/context-runtime/src/scheduler/default_sched.cc:430 WARNING 1812139 LoadBalance [#781 PDF] observed exec-time bins (cumulative): <10us=24304519 <50us=361640 <500us=22655 <10ms=18669 <50ms=338 <500ms=293 <1s=0 >=1s=1 | stalls_detected=3[0m
[33m/home/cvazquezperezdelacru/clio-core/context-runtime/src/scheduler/default_sched.cc:439 WARNING 1812139 LoadBalance [#785] lane rescues performed: 3[0m
[33m/home/cvazquezperezdelacru/clio-core/context-runtime/src/scheduler/default_sched.cc:430 WARNING 1812139 LoadBalance [#781 PDF] observed exec-time bins (cumulative): <10us=24372423 <50us=362270 <500us=22661 <10ms=18670 <50ms=338 <500ms=293 <1s=0 >=1s=1 | stalls_detected=3[0m
[33m/home/cvazquezperezdelacru/clio-core/context-runtime/src/scheduler/default_sched.cc:439 WARNING 1812139 LoadBalance [#785] lane rescues performed: 3[0m
[33m/home/cvazquezperezdelacru/clio-core/context-runtime/src/scheduler/default_sched.cc:430 WARNING 1812139 LoadBalance [#781 PDF] observed exec-time bins (cumulative): <10us=24440717 <50us=362570 <500us=22669 <10ms=18671 <50ms=338 <500ms=293 <1s=0 >=1s=1 | stalls_detected=3[0m
[33m/home/cvazquezperezdelacru/clio-core/context-runtime/src/scheduler/default_sched.cc:439 WARNING 1812139 LoadBalance [#785] lane rescues performed: 3[0m
[33m/home/cvazquezperezdelacru/clio-core/context-runtime/src/scheduler/default_sched.cc:430 WARNING 1812139 LoadBalance [#781 PDF] observed exec-time bins (cumulative): <10us=24506940 <50us=363557 <500us=22677 <10ms=18673 <50ms=338 <500ms=293 <1s=0 >=1s=1 | stalls_detected=3[0m
[33m/home/cvazquezperezdelacru/clio-core/context-runtime/src/scheduler/default_sched.cc:439 WARNING 1812139 LoadBalance [#785] lane rescues performed: 3[0m
[33m/home/cvazquezperezdelacru/clio-core/context-runtime/src/scheduler/default_sched.cc:430 WARNING 1812139 LoadBalance [#781 PDF] observed exec-time bins (cumulative): <10us=24575281 <50us=363824 <500us=22683 <10ms=18674 <50ms=338 <500ms=293 <1s=0 >=1s=1 | stalls_detected=3[0m
[33m/home/cvazquezperezdelacru/clio-core/context-runtime/src/scheduler/default_sched.cc:439 WARNING 1812139 LoadBalance [#785] lane rescues performed: 3[0m
[33m/home/cvazquezperezdelacru/clio-core/context-runtime/src/scheduler/default_sched.cc:430 WARNING 1812139 LoadBalance [#781 PDF] observed exec-time bins (cumulative): <10us=24643532 <50us=364108 <500us=22693 <10ms=18675 <50ms=338 <500ms=293 <1s=0 >=1s=1 | stalls_detected=3[0m
[33m/home/cvazquezperezdelacru/clio-core/context-runtime/src/scheduler/default_sched.cc:439 WARNING 1812139 LoadBalance [#785] lane rescues performed: 3[0m
[33m/home/cvazquezperezdelacru/clio-core/context-runtime/src/scheduler/default_sched.cc:430 WARNING 1812139 LoadBalance [#781 PDF] observed exec-time bins (cumulative): <10us=24711916 <50us=364325 <500us=22700 <10ms=18676 <50ms=338 <500ms=293 <1s=0 >=1s=1 | stalls_detected=3[0m
[33m/home/cvazquezperezdelacru/clio-core/context-runtime/src/scheduler/default_sched.cc:439 WARNING 1812139 LoadBalance [#785] lane rescues performed: 3[0m
[33m/home/cvazquezperezdelacru/clio-core/context-runtime/src/scheduler/default_sched.cc:430 WARNING 1812139 LoadBalance [#781 PDF] observed exec-time bins (cumulative): <10us=24779177 <50us=365588 <500us=22709 <10ms=18677 <50ms=338 <500ms=293 <1s=0 >=1s=1 | stalls_detected=3[0m
[33m/home/cvazquezperezdelacru/clio-core/context-runtime/src/scheduler/default_sched.cc:439 WARNING 1812139 LoadBalance [#785] lane rescues performed: 3[0m
[33m/home/cvazquezperezdelacru/clio-core/context-runtime/src/scheduler/default_sched.cc:430 WARNING 1812139 LoadBalance [#781 PDF] observed exec-time bins (cumulative): <10us=24847213 <50us=365996 <500us=22715 <10ms=18679 <50ms=338 <500ms=293 <1s=0 >=1s=1 | stalls_detected=3[0m
[33m/home/cvazquezperezdelacru/clio-core/context-runtime/src/scheduler/default_sched.cc:439 WARNING 1812139 LoadBalance [#785] lane rescues performed: 3[0m
[33m/home/cvazquezperezdelacru/clio-core/context-runtime/src/scheduler/default_sched.cc:430 WARNING 1812139 LoadBalance [#781 PDF] observed exec-time bins (cumulative): <10us=24914704 <50us=366962 <500us=22724 <10ms=18680 <50ms=338 <500ms=293 <1s=0 >=1s=1 | stalls_detected=3[0m
[33m/home/cvazquezperezdelacru/clio-core/context-runtime/src/scheduler/default_sched.cc:439 WARNING 1812139 LoadBalance [#785] lane rescues performed: 3[0m
[33m/home/cvazquezperezdelacru/clio-core/context-runtime/src/scheduler/default_sched.cc:430 WARNING 1812139 LoadBalance [#781 PDF] observed exec-time bins (cumulative): <10us=24982979 <50us=367138 <500us=22730 <10ms=18682 <50ms=338 <500ms=293 <1s=0 >=1s=1 | stalls_detected=3[0m
[33m/home/cvazquezperezdelacru/clio-core/context-runtime/src/scheduler/default_sched.cc:439 WARNING 1812139 LoadBalance [#785] lane rescues performed: 3[0m
[33m/home/cvazquezperezdelacru/clio-core/context-runtime/src/scheduler/default_sched.cc:430 WARNING 1812139 LoadBalance [#781 PDF] observed exec-time bins (cumulative): <10us=25050969 <50us=367598 <500us=22740 <10ms=18683 <50ms=338 <500ms=293 <1s=0 >=1s=1 | stalls_detected=3[0m
[33m/home/cvazquezperezdelacru/clio-core/context-runtime/src/scheduler/default_sched.cc:439 WARNING 1812139 LoadBalance [#785] lane rescues performed: 3[0m
[33m/home/cvazquezperezdelacru/clio-core/context-runtime/src/scheduler/default_sched.cc:430 WARNING 1812139 LoadBalance [#781 PDF] observed exec-time bins (cumulative): <10us=25118994 <50us=367816 <500us=22748 <10ms=18686 <50ms=338 <500ms=293 <1s=0 >=1s=1 | stalls_detected=3[0m
[33m/home/cvazquezperezdelacru/clio-core/context-runtime/src/scheduler/default_sched.cc:439 WARNING 1812139 LoadBalance [#785] lane rescues performed: 3[0m
[33m/home/cvazquezperezdelacru/clio-core/context-runtime/src/scheduler/default_sched.cc:430 WARNING 1812139 LoadBalance [#781 PDF] observed exec-time bins (cumulative): <10us=25186825 <50us=368346 <500us=22755 <10ms=18687 <50ms=338 <500ms=293 <1s=0 >=1s=1 | stalls_detected=3[0m
[33m/home/cvazquezperezdelacru/clio-core/context-runtime/src/scheduler/default_sched.cc:439 WARNING 1812139 LoadBalance [#785] lane rescues performed: 3[0m
[33m/home/cvazquezperezdelacru/clio-core/context-runtime/src/scheduler/default_sched.cc:430 WARNING 1812139 LoadBalance [#781 PDF] observed exec-time bins (cumulative): <10us=25252472 <50us=370740 <500us=22762 <10ms=18688 <50ms=338 <500ms=293 <1s=0 >=1s=1 | stalls_detected=3[0m
[33m/home/cvazquezperezdelacru/clio-core/context-runtime/src/scheduler/default_sched.cc:439 WARNING 1812139 LoadBalance [#785] lane rescues performed: 3[0m
[33m/home/cvazquezperezdelacru/clio-core/context-runtime/src/scheduler/default_sched.cc:430 WARNING 1812139 LoadBalance [#781 PDF] observed exec-time bins (cumulative): <10us=25320322 <50us=371433 <500us=22770 <10ms=18689 <50ms=338 <500ms=293 <1s=0 >=1s=1 | stalls_detected=3[0m
[33m/home/cvazquezperezdelacru/clio-core/context-runtime/src/scheduler/default_sched.cc:439 WARNING 1812139 LoadBalance [#785] lane rescues performed: 3[0m
[33m/home/cvazquezperezdelacru/clio-core/context-runtime/src/scheduler/default_sched.cc:430 WARNING 1812139 LoadBalance [#781 PDF] observed exec-time bins (cumulative): <10us=25388645 <50us=371688 <500us=22778 <10ms=18690 <50ms=338 <500ms=293 <1s=0 >=1s=1 | stalls_detected=3[0m
[33m/home/cvazquezperezdelacru/clio-core/context-runtime/src/scheduler/default_sched.cc:439 WARNING 1812139 LoadBalance [#785] lane rescues performed: 3[0m
[33m/home/cvazquezperezdelacru/clio-core/context-runtime/src/scheduler/default_sched.cc:430 WARNING 1812139 LoadBalance [#781 PDF] observed exec-time bins (cumulative): <10us=25456800 <50us=372084 <500us=22785 <10ms=18691 <50ms=338 <500ms=293 <1s=0 >=1s=1 | stalls_detected=3[0m
[33m/home/cvazquezperezdelacru/clio-core/context-runtime/src/scheduler/default_sched.cc:439 WARNING 1812139 LoadBalance [#785] lane rescues performed: 3[0m
[33m/home/cvazquezperezdelacru/clio-core/context-runtime/src/scheduler/default_sched.cc:430 WARNING 1812139 LoadBalance [#781 PDF] observed exec-time bins (cumulative): <10us=25525127 <50us=372337 <500us=22796 <10ms=18692 <50ms=338 <500ms=293 <1s=0 >=1s=1 | stalls_detected=3[0m
[33m/home/cvazquezperezdelacru/clio-core/context-runtime/src/scheduler/default_sched.cc:439 WARNING 1812139 LoadBalance [#785] lane rescues performed: 3[0m
[33m/home/cvazquezperezdelacru/clio-core/context-runtime/src/scheduler/default_sched.cc:430 WARNING 1812139 LoadBalance [#781 PDF] observed exec-time bins (cumulative): <10us=25593350 <50us=372671 <500us=22804 <10ms=18693 <50ms=338 <500ms=293 <1s=0 >=1s=1 | stalls_detected=3[0m
[33m/home/cvazquezperezdelacru/clio-core/context-runtime/src/scheduler/default_sched.cc:439 WARNING 1812139 LoadBalance [#785] lane rescues performed: 3[0m
[33m/home/cvazquezperezdelacru/clio-core/context-runtime/src/scheduler/default_sched.cc:430 WARNING 1812139 LoadBalance [#781 PDF] observed exec-time bins (cumulative): <10us=25661047 <50us=373364 <500us=22813 <10ms=18694 <50ms=338 <500ms=293 <1s=0 >=1s=1 | stalls_detected=3[0m
[33m/home/cvazquezperezdelacru/clio-core/context-runtime/src/scheduler/default_sched.cc:439 WARNING 1812139 LoadBalance [#785] lane rescues performed: 3[0m
[33m/home/cvazquezperezdelacru/clio-core/context-runtime/src/scheduler/default_sched.cc:430 WARNING 1812139 LoadBalance [#781 PDF] observed exec-time bins (cumulative): <10us=25728668 <50us=374079 <500us=22820 <10ms=18695 <50ms=338 <500ms=293 <1s=0 >=1s=1 | stalls_detected=3[0m
[33m/home/cvazquezperezdelacru/clio-core/context-runtime/src/scheduler/default_sched.cc:439 WARNING 1812139 LoadBalance [#785] lane rescues performed: 3[0m
[33m/home/cvazquezperezdelacru/clio-core/context-runtime/src/scheduler/default_sched.cc:430 WARNING 1812139 LoadBalance [#781 PDF] observed exec-time bins (cumulative): <10us=25796640 <50us=374437 <500us=22828 <10ms=18696 <50ms=338 <500ms=293 <1s=0 >=1s=1 | stalls_detected=3[0m
[33m/home/cvazquezperezdelacru/clio-core/context-runtime/src/scheduler/default_sched.cc:439 WARNING 1812139 LoadBalance [#785] lane rescues performed: 3[0m
[33m/home/cvazquezperezdelacru/clio-core/context-runtime/src/scheduler/default_sched.cc:430 WARNING 1812139 LoadBalance [#781 PDF] observed exec-time bins (cumulative): <10us=25864313 <50us=375146 <500us=22835 <10ms=18698 <50ms=338 <500ms=293 <1s=0 >=1s=1 | stalls_detected=3[0m
[33m/home/cvazquezperezdelacru/clio-core/context-runtime/src/scheduler/default_sched.cc:439 WARNING 1812139 LoadBalance [#785] lane rescues performed: 3[0m
[33m/home/cvazquezperezdelacru/clio-core/context-runtime/src/scheduler/default_sched.cc:430 WARNING 1812139 LoadBalance [#781 PDF] observed exec-time bins (cumulative): <10us=25932555 <50us=375500 <500us=22845 <10ms=18699 <50ms=338 <500ms=293 <1s=0 >=1s=1 | stalls_detected=3[0m
[33m/home/cvazquezperezdelacru/clio-core/context-runtime/src/scheduler/default_sched.cc:439 WARNING 1812139 LoadBalance [#785] lane rescues performed: 3[0m
[33m/home/cvazquezperezdelacru/clio-core/context-runtime/src/scheduler/default_sched.cc:430 WARNING 1812139 LoadBalance [#781 PDF] observed exec-time bins (cumulative): <10us=26000777 <50us=375848 <500us=22851 <10ms=18700 <50ms=338 <500ms=293 <1s=0 >=1s=1 | stalls_detected=3[0m
[33m/home/cvazquezperezdelacru/clio-core/context-runtime/src/scheduler/default_sched.cc:439 WARNING 1812139 LoadBalance [#785] lane rescues performed: 3[0m
[33m/home/cvazquezperezdelacru/clio-core/context-runtime/src/scheduler/default_sched.cc:430 WARNING 1812139 LoadBalance [#781 PDF] observed exec-time bins (cumulative): <10us=26069154 <50us=376071 <500us=22857 <10ms=18701 <50ms=338 <500ms=293 <1s=0 >=1s=1 | stalls_detected=3[0m
[33m/home/cvazquezperezdelacru/clio-core/context-runtime/src/scheduler/default_sched.cc:439 WARNING 1812139 LoadBalance [#785] lane rescues performed: 3[0m
[33m/home/cvazquezperezdelacru/clio-core/context-runtime/src/scheduler/default_sched.cc:430 WARNING 1812139 LoadBalance [#781 PDF] observed exec-time bins (cumulative): <10us=26137337 <50us=376406 <500us=22865 <10ms=18702 <50ms=338 <500ms=293 <1s=0 >=1s=1 | stalls_detected=3[0m
[33m/home/cvazquezperezdelacru/clio-core/context-runtime/src/scheduler/default_sched.cc:439 WARNING 1812139 LoadBalance [#785] lane rescues performed: 3[0m
[33m/home/cvazquezperezdelacru/clio-core/context-runtime/src/scheduler/default_sched.cc:430 WARNING 1812139 LoadBalance [#781 PDF] observed exec-time bins (cumulative): <10us=26205575 <50us=376761 <500us=22873 <10ms=18704 <50ms=338 <500ms=293 <1s=0 >=1s=1 | stalls_detected=3[0m
[33m/home/cvazquezperezdelacru/clio-core/context-runtime/src/scheduler/default_sched.cc:439 WARNING 1812139 LoadBalance [#785] lane rescues performed: 3[0m
[33m/home/cvazquezperezdelacru/clio-core/context-runtime/src/scheduler/default_sched.cc:430 WARNING 1812139 LoadBalance [#781 PDF] observed exec-time bins (cumulative): <10us=26273479 <50us=377385 <500us=22879 <10ms=18705 <50ms=338 <500ms=293 <1s=0 >=1s=1 | stalls_detected=3[0m
[33m/home/cvazquezperezdelacru/clio-core/context-runtime/src/scheduler/default_sched.cc:439 WARNING 1812139 LoadBalance [#785] lane rescues performed: 3[0m
[33m/home/cvazquezperezdelacru/clio-core/context-runtime/src/scheduler/default_sched.cc:430 WARNING 1812139 LoadBalance [#781 PDF] observed exec-time bins (cumulative): <10us=26341759 <50us=377703 <500us=22887 <10ms=18706 <50ms=338 <500ms=293 <1s=0 >=1s=1 | stalls_detected=3[0m
[33m/home/cvazquezperezdelacru/clio-core/context-runtime/src/scheduler/default_sched.cc:439 WARNING 1812139 LoadBalance [#785] lane rescues performed: 3[0m
[33m/home/cvazquezperezdelacru/clio-core/context-runtime/src/scheduler/default_sched.cc:430 WARNING 1812139 LoadBalance [#781 PDF] observed exec-time bins (cumulative): <10us=26409985 <50us=378059 <500us=22895 <10ms=18708 <50ms=338 <500ms=293 <1s=0 >=1s=1 | stalls_detected=3[0m
[33m/home/cvazquezperezdelacru/clio-core/context-runtime/src/scheduler/default_sched.cc:439 WARNING 1812139 LoadBalance [#785] lane rescues performed: 3[0m
[33m/home/cvazquezperezdelacru/clio-core/context-runtime/src/scheduler/default_sched.cc:430 WARNING 1812139 LoadBalance [#781 PDF] observed exec-time bins (cumulative): <10us=26478282 <50us=378372 <500us=22901 <10ms=18710 <50ms=338 <500ms=293 <1s=0 >=1s=1 | stalls_detected=3[0m
[33m/home/cvazquezperezdelacru/clio-core/context-runtime/src/scheduler/default_sched.cc:439 WARNING 1812139 LoadBalance [#785] lane rescues performed: 3[0m
[33m/home/cvazquezperezdelacru/clio-core/context-runtime/src/scheduler/default_sched.cc:430 WARNING 1812139 LoadBalance [#781 PDF] observed exec-time bins (cumulative): <10us=26546567 <50us=378683 <500us=22909 <10ms=18712 <50ms=338 <500ms=293 <1s=0 >=1s=1 | stalls_detected=3[0m
[33m/home/cvazquezperezdelacru/clio-core/context-runtime/src/scheduler/default_sched.cc:439 WARNING 1812139 LoadBalance [#785] lane rescues performed: 3[0m
[33m/home/cvazquezperezdelacru/clio-core/context-runtime/src/scheduler/default_sched.cc:430 WARNING 1812139 LoadBalance [#781 PDF] observed exec-time bins (cumulative): <10us=26614814 <50us=379023 <500us=22917 <10ms=18714 <50ms=338 <500ms=293 <1s=0 >=1s=1 | stalls_detected=3[0m
[33m/home/cvazquezperezdelacru/clio-core/context-runtime/src/scheduler/default_sched.cc:439 WARNING 1812139 LoadBalance [#785] lane rescues performed: 3[0m
[33m/home/cvazquezperezdelacru/clio-core/context-runtime/src/scheduler/default_sched.cc:430 WARNING 1812139 LoadBalance [#781 PDF] observed exec-time bins (cumulative): <10us=26683027 <50us=379403 <500us=22926 <10ms=18715 <50ms=338 <500ms=293 <1s=0 >=1s=1 | stalls_detected=3[0m
[33m/home/cvazquezperezdelacru/clio-core/context-runtime/src/scheduler/default_sched.cc:439 WARNING 1812139 LoadBalance [#785] lane rescues performed: 3[0m
[33m/home/cvazquezperezdelacru/clio-core/context-runtime/src/scheduler/default_sched.cc:430 WARNING 1812139 LoadBalance [#781 PDF] observed exec-time bins (cumulative): <10us=26751007 <50us=379955 <500us=22934 <10ms=18716 <50ms=338 <500ms=293 <1s=0 >=1s=1 | stalls_detected=3[0m
[33m/home/cvazquezperezdelacru/clio-core/context-runtime/src/scheduler/default_sched.cc:439 WARNING 1812139 LoadBalance [#785] lane rescues performed: 3[0m
[33m/home/cvazquezperezdelacru/clio-core/context-runtime/src/scheduler/default_sched.cc:430 WARNING 1812139 LoadBalance [#781 PDF] observed exec-time bins (cumulative): <10us=26819038 <50us=380457 <500us=22943 <10ms=18718 <50ms=338 <500ms=293 <1s=0 >=1s=1 | stalls_detected=3[0m
[33m/home/cvazquezperezdelacru/clio-core/context-runtime/src/scheduler/default_sched.cc:439 WARNING 1812139 LoadBalance [#785] lane rescues performed: 3[0m
[33m/home/cvazquezperezdelacru/clio-core/context-runtime/src/scheduler/default_sched.cc:430 WARNING 1812139 LoadBalance [#781 PDF] observed exec-time bins (cumulative): <10us=26887298 <50us=380737 <500us=22949 <10ms=18719 <50ms=338 <500ms=293 <1s=0 >=1s=1 | stalls_detected=3[0m
[33m/home/cvazquezperezdelacru/clio-core/context-runtime/src/scheduler/default_sched.cc:439 WARNING 1812139 LoadBalance [#785] lane rescues performed: 3[0m
[33m/home/cvazquezperezdelacru/clio-core/context-runtime/src/scheduler/default_sched.cc:430 WARNING 1812139 LoadBalance [#781 PDF] observed exec-time bins (cumulative): <10us=26955516 <50us=381060 <500us=22958 <10ms=18721 <50ms=338 <500ms=293 <1s=0 >=1s=1 | stalls_detected=3[0m
[33m/home/cvazquezperezdelacru/clio-core/context-runtime/src/scheduler/default_sched.cc:439 WARNING 1812139 LoadBalance [#785] lane rescues performed: 3[0m
[33m/home/cvazquezperezdelacru/clio-core/context-runtime/src/scheduler/default_sched.cc:430 WARNING 1812139 LoadBalance [#781 PDF] observed exec-time bins (cumulative): <10us=27023592 <50us=381527 <500us=22964 <10ms=18722 <50ms=338 <500ms=293 <1s=0 >=1s=1 | stalls_detected=3[0m
[33m/home/cvazquezperezdelacru/clio-core/context-runtime/src/scheduler/default_sched.cc:439 WARNING 1812139 LoadBalance [#785] lane rescues performed: 3[0m
[33m/home/cvazquezperezdelacru/clio-core/context-runtime/src/scheduler/default_sched.cc:430 WARNING 1812139 LoadBalance [#781 PDF] observed exec-time bins (cumulative): <10us=27091431 <50us=382289 <500us=22970 <10ms=18723 <50ms=338 <500ms=293 <1s=0 >=1s=1 | stalls_detected=3[0m
[33m/home/cvazquezperezdelacru/clio-core/context-runtime/src/scheduler/default_sched.cc:439 WARNING 1812139 LoadBalance [#785] lane rescues performed: 3[0m
[33m/home/cvazquezperezdelacru/clio-core/context-runtime/src/scheduler/default_sched.cc:430 WARNING 1812139 LoadBalance [#781 PDF] observed exec-time bins (cumulative): <10us=27159321 <50us=382819 <500us=22979 <10ms=18724 <50ms=338 <500ms=293 <1s=0 >=1s=1 | stalls_detected=3[0m
[33m/home/cvazquezperezdelacru/clio-core/context-runtime/src/scheduler/default_sched.cc:439 WARNING 1812139 LoadBalance [#785] lane rescues performed: 3[0m
[33m/home/cvazquezperezdelacru/clio-core/context-runtime/src/scheduler/default_sched.cc:430 WARNING 1812139 LoadBalance [#781 PDF] observed exec-time bins (cumulative): <10us=27227225 <50us=383113 <500us=22985 <10ms=18725 <50ms=338 <500ms=293 <1s=0 >=1s=1 | stalls_detected=3[0m
[33m/home/cvazquezperezdelacru/clio-core/context-runtime/src/scheduler/default_sched.cc:439 WARNING 1812139 LoadBalance [#785] lane rescues performed: 3[0m
[33m/home/cvazquezperezdelacru/clio-core/context-runtime/src/scheduler/default_sched.cc:430 WARNING 1812139 LoadBalance [#781 PDF] observed exec-time bins (cumulative): <10us=27295117 <50us=383407 <500us=22993 <10ms=18726 <50ms=338 <500ms=293 <1s=0 >=1s=1 | stalls_detected=3[0m
[33m/home/cvazquezperezdelacru/clio-core/context-runtime/src/scheduler/default_sched.cc:439 WARNING 1812139 LoadBalance [#785] lane rescues performed: 3[0m
[33m/home/cvazquezperezdelacru/clio-core/context-runtime/src/scheduler/default_sched.cc:430 WARNING 1812139 LoadBalance [#781 PDF] observed exec-time bins (cumulative): <10us=27363409 <50us=383668 <500us=23001 <10ms=18727 <50ms=338 <500ms=293 <1s=0 >=1s=1 | stalls_detected=3[0m
[33m/home/cvazquezperezdelacru/clio-core/context-runtime/src/scheduler/default_sched.cc:439 WARNING 1812139 LoadBalance [#785] lane rescues performed: 3[0m
[33m/home/cvazquezperezdelacru/clio-core/context-runtime/src/scheduler/default_sched.cc:430 WARNING 1812139 LoadBalance [#781 PDF] observed exec-time bins (cumulative): <10us=27431711 <50us=383941 <500us=23008 <10ms=18728 <50ms=338 <500ms=293 <1s=0 >=1s=1 | stalls_detected=3[0m
[33m/home/cvazquezperezdelacru/clio-core/context-runtime/src/scheduler/default_sched.cc:439 WARNING 1812139 LoadBalance [#785] lane rescues performed: 3[0m
[33m/home/cvazquezperezdelacru/clio-core/context-runtime/src/scheduler/default_sched.cc:430 WARNING 1812139 LoadBalance [#781 PDF] observed exec-time bins (cumulative): <10us=27500009 <50us=384220 <500us=23015 <10ms=18729 <50ms=338 <500ms=293 <1s=0 >=1s=1 | stalls_detected=3[0m
[33m/home/cvazquezperezdelacru/clio-core/context-runtime/src/scheduler/default_sched.cc:439 WARNING 1812139 LoadBalance [#785] lane rescues performed: 3[0m
[33m/home/cvazquezperezdelacru/clio-core/context-runtime/src/scheduler/default_sched.cc:430 WARNING 1812139 LoadBalance [#781 PDF] observed exec-time bins (cumulative): <10us=27568282 <50us=384444 <500us=23023 <10ms=18730 <50ms=338 <500ms=293 <1s=0 >=1s=1 | stalls_detected=3[0m
[33m/home/cvazquezperezdelacru/clio-core/context-runtime/src/scheduler/default_sched.cc:439 WARNING 1812139 LoadBalance [#785] lane rescues performed: 3[0m
[33m/home/cvazquezperezdelacru/clio-core/context-runtime/src/scheduler/default_sched.cc:430 WARNING 1812139 LoadBalance [#781 PDF] observed exec-time bins (cumulative): <10us=27636567 <50us=384748 <500us=23031 <10ms=18731 <50ms=338 <500ms=293 <1s=0 >=1s=1 | stalls_detected=3[0m
[33m/home/cvazquezperezdelacru/clio-core/context-runtime/src/scheduler/default_sched.cc:439 WARNING 1812139 LoadBalance [#785] lane rescues performed: 3[0m
[33m/home/cvazquezperezdelacru/clio-core/context-runtime/src/scheduler/default_sched.cc:430 WARNING 1812139 LoadBalance [#781 PDF] observed exec-time bins (cumulative): <10us=27704604 <50us=385294 <500us=23039 <10ms=18733 <50ms=338 <500ms=293 <1s=0 >=1s=1 | stalls_detected=3[0m
[33m/home/cvazquezperezdelacru/clio-core/context-runtime/src/scheduler/default_sched.cc:439 WARNING 1812139 LoadBalance [#785] lane rescues performed: 3[0m
[33m/home/cvazquezperezdelacru/clio-core/context-runtime/src/scheduler/default_sched.cc:430 WARNING 1812139 LoadBalance [#781 PDF] observed exec-time bins (cumulative): <10us=27772659 <50us=385607 <500us=23047 <10ms=18734 <50ms=338 <500ms=293 <1s=0 >=1s=1 | stalls_detected=3[0m
[33m/home/cvazquezperezdelacru/clio-core/context-runtime/src/scheduler/default_sched.cc:439 WARNING 1812139 LoadBalance [#785] lane rescues performed: 3[0m
[33m/home/cvazquezperezdelacru/clio-core/context-runtime/src/scheduler/default_sched.cc:430 WARNING 1812139 LoadBalance [#781 PDF] observed exec-time bins (cumulative): <10us=27840770 <50us=385925 <500us=23054 <10ms=18735 <50ms=338 <500ms=293 <1s=0 >=1s=1 | stalls_detected=3[0m
[33m/home/cvazquezperezdelacru/clio-core/context-runtime/src/scheduler/default_sched.cc:439 WARNING 1812139 LoadBalance [#785] lane rescues performed: 3[0m
[33m/home/cvazquezperezdelacru/clio-core/context-runtime/src/scheduler/default_sched.cc:430 WARNING 1812139 LoadBalance [#781 PDF] observed exec-time bins (cumulative): <10us=27905312 <50us=389017 <500us=23064 <10ms=18736 <50ms=338 <500ms=293 <1s=0 >=1s=1 | stalls_detected=3[0m
[33m/home/cvazquezperezdelacru/clio-core/context-runtime/src/scheduler/default_sched.cc:439 WARNING 1812139 LoadBalance [#785] lane rescues performed: 3[0m
[33m/home/cvazquezperezdelacru/clio-core/context-runtime/src/scheduler/default_sched.cc:430 WARNING 1812139 LoadBalance [#781 PDF] observed exec-time bins (cumulative): <10us=27971135 <50us=391309 <500us=23070 <10ms=18737 <50ms=338 <500ms=293 <1s=0 >=1s=1 | stalls_detected=3[0m
[33m/home/cvazquezperezdelacru/clio-core/context-runtime/src/scheduler/default_sched.cc:439 WARNING 1812139 LoadBalance [#785] lane rescues performed: 3[0m
[33m/home/cvazquezperezdelacru/clio-core/context-runtime/src/scheduler/default_sched.cc:430 WARNING 1812139 LoadBalance [#781 PDF] observed exec-time bins (cumulative): <10us=28037098 <50us=393432 <500us=23078 <10ms=18738 <50ms=338 <500ms=293 <1s=0 >=1s=1 | stalls_detected=3[0m
[33m/home/cvazquezperezdelacru/clio-core/context-runtime/src/scheduler/default_sched.cc:439 WARNING 1812139 LoadBalance [#785] lane rescues performed: 3[0m
[33m/home/cvazquezperezdelacru/clio-core/context-runtime/src/scheduler/default_sched.cc:430 WARNING 1812139 LoadBalance [#781 PDF] observed exec-time bins (cumulative): <10us=28104766 <50us=394307 <500us=23088 <10ms=18740 <50ms=338 <500ms=293 <1s=0 >=1s=1 | stalls_detected=3[0m
[33m/home/cvazquezperezdelacru/clio-core/context-runtime/src/scheduler/default_sched.cc:439 WARNING 1812139 LoadBalance [#785] lane rescues performed: 3[0m
[33m/home/cvazquezperezdelacru/clio-core/context-runtime/src/scheduler/default_sched.cc:430 WARNING 1812139 LoadBalance [#781 PDF] observed exec-time bins (cumulative): <10us=28173185 <50us=394506 <500us=23095 <10ms=18741 <50ms=338 <500ms=293 <1s=0 >=1s=1 | stalls_detected=3[0m
[33m/home/cvazquezperezdelacru/clio-core/context-runtime/src/scheduler/default_sched.cc:439 WARNING 1812139 LoadBalance [#785] lane rescues performed: 3[0m
[33m/home/cvazquezperezdelacru/clio-core/context-runtime/src/scheduler/default_sched.cc:430 WARNING 1812139 LoadBalance [#781 PDF] observed exec-time bins (cumulative): <10us=28241516 <50us=394768 <500us=23105 <10ms=18742 <50ms=338 <500ms=293 <1s=0 >=1s=1 | stalls_detected=3[0m
[33m/home/cvazquezperezdelacru/clio-core/context-runtime/src/scheduler/default_sched.cc:439 WARNING 1812139 LoadBalance [#785] lane rescues performed: 3[0m
[33m/home/cvazquezperezdelacru/clio-core/context-runtime/src/scheduler/default_sched.cc:430 WARNING 1812139 LoadBalance [#781 PDF] observed exec-time bins (cumulative): <10us=28309918 <50us=394967 <500us=23111 <10ms=18743 <50ms=338 <500ms=293 <1s=0 >=1s=1 | stalls_detected=3[0m
[33m/home/cvazquezperezdelacru/clio-core/context-runtime/src/scheduler/default_sched.cc:439 WARNING 1812139 LoadBalance [#785] lane rescues performed: 3[0m
[33m/home/cvazquezperezdelacru/clio-core/context-runtime/src/scheduler/default_sched.cc:430 WARNING 1812139 LoadBalance [#781 PDF] observed exec-time bins (cumulative): <10us=28378291 <50us=395185 <500us=23119 <10ms=18744 <50ms=338 <500ms=293 <1s=0 >=1s=1 | stalls_detected=3[0m
[33m/home/cvazquezperezdelacru/clio-core/context-runtime/src/scheduler/default_sched.cc:439 WARNING 1812139 LoadBalance [#785] lane rescues performed: 3[0m
[33m/home/cvazquezperezdelacru/clio-core/context-runtime/src/scheduler/default_sched.cc:430 WARNING 1812139 LoadBalance [#781 PDF] observed exec-time bins (cumulative): <10us=28446706 <50us=395376 <500us=23125 <10ms=18745 <50ms=338 <500ms=293 <1s=0 >=1s=1 | stalls_detected=3[0m
[33m/home/cvazquezperezdelacru/clio-core/context-runtime/src/scheduler/default_sched.cc:439 WARNING 1812139 LoadBalance [#785] lane rescues performed: 3[0m
[33m/home/cvazquezperezdelacru/clio-core/context-runtime/src/scheduler/default_sched.cc:430 WARNING 1812139 LoadBalance [#781 PDF] observed exec-time bins (cumulative): <10us=28515023 <50us=395579 <500us=23135 <10ms=18746 <50ms=338 <500ms=293 <1s=0 >=1s=1 | stalls_detected=3[0m
[33m/home/cvazquezperezdelacru/clio-core/context-runtime/src/scheduler/default_sched.cc:439 WARNING 1812139 LoadBalance [#785] lane rescues performed: 3[0m
[33m/home/cvazquezperezdelacru/clio-core/context-runtime/src/scheduler/default_sched.cc:430 WARNING 1812139 LoadBalance [#781 PDF] observed exec-time bins (cumulative): <10us=28580310 <50us=398270 <500us=23143 <10ms=18747 <50ms=338 <500ms=293 <1s=0 >=1s=1 | stalls_detected=3[0m
[33m/home/cvazquezperezdelacru/clio-core/context-runtime/src/scheduler/default_sched.cc:439 WARNING 1812139 LoadBalance [#785] lane rescues performed: 3[0m
[33m/home/cvazquezperezdelacru/clio-core/context-runtime/src/scheduler/default_sched.cc:430 WARNING 1812139 LoadBalance [#781 PDF] observed exec-time bins (cumulative): <10us=28647844 <50us=399216 <500us=23151 <10ms=18748 <50ms=338 <500ms=293 <1s=0 >=1s=1 | stalls_detected=3[0m
[33m/home/cvazquezperezdelacru/clio-core/context-runtime/src/scheduler/default_sched.cc:439 WARNING 1812139 LoadBalance [#785] lane rescues performed: 3[0m
[33m/home/cvazquezperezdelacru/clio-core/context-runtime/src/scheduler/default_sched.cc:430 WARNING 1812139 LoadBalance [#781 PDF] observed exec-time bins (cumulative): <10us=28715528 <50us=400483 <500us=23158 <10ms=18749 <50ms=338 <500ms=293 <1s=0 >=1s=1 | stalls_detected=3[0m
[33m/home/cvazquezperezdelacru/clio-core/context-runtime/src/scheduler/default_sched.cc:439 WARNING 1812139 LoadBalance [#785] lane rescues performed: 3[0m
[33m/home/cvazquezperezdelacru/clio-core/context-runtime/src/scheduler/default_sched.cc:430 WARNING 1812139 LoadBalance [#781 PDF] observed exec-time bins (cumulative): <10us=28781931 <50us=402575 <500us=23166 <10ms=18750 <50ms=338 <500ms=293 <1s=0 >=1s=1 | stalls_detected=3[0m
[33m/home/cvazquezperezdelacru/clio-core/context-runtime/src/scheduler/default_sched.cc:439 WARNING 1812139 LoadBalance [#785] lane rescues performed: 3[0m
[33m/home/cvazquezperezdelacru/clio-core/context-runtime/src/scheduler/default_sched.cc:430 WARNING 1812139 LoadBalance [#781 PDF] observed exec-time bins (cumulative): <10us=28847233 <50us=405740 <500us=23174 <10ms=18752 <50ms=338 <500ms=293 <1s=0 >=1s=1 | stalls_detected=3[0m
[33m/home/cvazquezperezdelacru/clio-core/context-runtime/src/scheduler/default_sched.cc:439 WARNING 1812139 LoadBalance [#785] lane rescues performed: 3[0m
[33m/home/cvazquezperezdelacru/clio-core/context-runtime/src/scheduler/default_sched.cc:430 WARNING 1812139 LoadBalance [#781 PDF] observed exec-time bins (cumulative): <10us=28913577 <50us=407817 <500us=23181 <10ms=18753 <50ms=338 <500ms=293 <1s=0 >=1s=1 | stalls_detected=3[0m
[33m/home/cvazquezperezdelacru/clio-core/context-runtime/src/scheduler/default_sched.cc:439 WARNING 1812139 LoadBalance [#785] lane rescues performed: 3[0m
[33m/home/cvazquezperezdelacru/clio-core/context-runtime/src/scheduler/default_sched.cc:430 WARNING 1812139 LoadBalance [#781 PDF] observed exec-time bins (cumulative): <10us=28979643 <50us=409817 <500us=23187 <10ms=18754 <50ms=338 <500ms=293 <1s=0 >=1s=1 | stalls_detected=3[0m
[33m/home/cvazquezperezdelacru/clio-core/context-runtime/src/scheduler/default_sched.cc:439 WARNING 1812139 LoadBalance [#785] lane rescues performed: 3[0m
[33m/home/cvazquezperezdelacru/clio-core/context-runtime/src/scheduler/default_sched.cc:430 WARNING 1812139 LoadBalance [#781 PDF] observed exec-time bins (cumulative): <10us=29045050 <50us=412454 <500us=23196 <10ms=18755 <50ms=338 <500ms=293 <1s=0 >=1s=1 | stalls_detected=3[0m
[33m/home/cvazquezperezdelacru/clio-core/context-runtime/src/scheduler/default_sched.cc:439 WARNING 1812139 LoadBalance [#785] lane rescues performed: 3[0m
[33m/home/cvazquezperezdelacru/clio-core/context-runtime/src/scheduler/default_sched.cc:430 WARNING 1812139 LoadBalance [#781 PDF] observed exec-time bins (cumulative): <10us=29113384 <50us=412711 <500us=23203 <10ms=18756 <50ms=338 <500ms=293 <1s=0 >=1s=1 | stalls_detected=3[0m
[33m/home/cvazquezperezdelacru/clio-core/context-runtime/src/scheduler/default_sched.cc:439 WARNING 1812139 LoadBalance [#785] lane rescues performed: 3[0m
[33m/home/cvazquezperezdelacru/clio-core/context-runtime/src/scheduler/default_sched.cc:430 WARNING 1812139 LoadBalance [#781 PDF] observed exec-time bins (cumulative): <10us=29181735 <50us=412988 <500us=23210 <10ms=18757 <50ms=338 <500ms=293 <1s=0 >=1s=1 | stalls_detected=3[0m
[33m/home/cvazquezperezdelacru/clio-core/context-runtime/src/scheduler/default_sched.cc:439 WARNING 1812139 LoadBalance [#785] lane rescues performed: 3[0m
[33m/home/cvazquezperezdelacru/clio-core/context-runtime/src/scheduler/default_sched.cc:430 WARNING 1812139 LoadBalance [#781 PDF] observed exec-time bins (cumulative): <10us=29250081 <50us=413180 <500us=23217 <10ms=18758 <50ms=338 <500ms=293 <1s=0 >=1s=1 | stalls_detected=3[0m
[33m/home/cvazquezperezdelacru/clio-core/context-runtime/src/scheduler/default_sched.cc:439 WARNING 1812139 LoadBalance [#785] lane rescues performed: 3[0m
[33m/home/cvazquezperezdelacru/clio-core/context-runtime/src/scheduler/default_sched.cc:430 WARNING 1812139 LoadBalance [#781 PDF] observed exec-time bins (cumulative): <10us=29318377 <50us=413468 <500us=23224 <10ms=18759 <50ms=338 <500ms=293 <1s=0 >=1s=1 | stalls_detected=3[0m
[33m/home/cvazquezperezdelacru/clio-core/context-runtime/src/scheduler/default_sched.cc:439 WARNING 1812139 LoadBalance [#785] lane rescues performed: 3[0m
[33m/home/cvazquezperezdelacru/clio-core/context-runtime/src/scheduler/default_sched.cc:430 WARNING 1812139 LoadBalance [#781 PDF] observed exec-time bins (cumulative): <10us=29386376 <50us=414011 <500us=23232 <10ms=18760 <50ms=338 <500ms=293 <1s=0 >=1s=1 | stalls_detected=3[0m
[33m/home/cvazquezperezdelacru/clio-core/context-runtime/src/scheduler/default_sched.cc:439 WARNING 1812139 LoadBalance [#785] lane rescues performed: 3[0m
[33m/home/cvazquezperezdelacru/clio-core/context-runtime/src/scheduler/default_sched.cc:430 WARNING 1812139 LoadBalance [#781 PDF] observed exec-time bins (cumulative): <10us=29454065 <50us=414667 <500us=23238 <10ms=18761 <50ms=338 <500ms=293 <1s=0 >=1s=1 | stalls_detected=3[0m
[33m/home/cvazquezperezdelacru/clio-core/context-runtime/src/scheduler/default_sched.cc:439 WARNING 1812139 LoadBalance [#785] lane rescues performed: 3[0m
[33m/home/cvazquezperezdelacru/clio-core/context-runtime/src/scheduler/default_sched.cc:430 WARNING 1812139 LoadBalance [#781 PDF] observed exec-time bins (cumulative): <10us=29521432 <50us=415818 <500us=23245 <10ms=18762 <50ms=338 <500ms=293 <1s=0 >=1s=1 | stalls_detected=3[0m
[33m/home/cvazquezperezdelacru/clio-core/context-runtime/src/scheduler/default_sched.cc:439 WARNING 1812139 LoadBalance [#785] lane rescues performed: 3[0m
[33m/home/cvazquezperezdelacru/clio-core/context-runtime/src/scheduler/default_sched.cc:430 WARNING 1812139 LoadBalance [#781 PDF] observed exec-time bins (cumulative): <10us=29587100 <50us=418714 <500us=23253 <10ms=18763 <50ms=338 <500ms=293 <1s=0 >=1s=1 | stalls_detected=3[0m
[33m/home/cvazquezperezdelacru/clio-core/context-runtime/src/scheduler/default_sched.cc:439 WARNING 1812139 LoadBalance [#785] lane rescues performed: 3[0m
[33m/home/cvazquezperezdelacru/clio-core/context-runtime/src/scheduler/default_sched.cc:430 WARNING 1812139 LoadBalance [#781 PDF] observed exec-time bins (cumulative): <10us=29655106 <50us=419284 <500us=23261 <10ms=18765 <50ms=338 <500ms=293 <1s=0 >=1s=1 | stalls_detected=3[0m
[33m/home/cvazquezperezdelacru/clio-core/context-runtime/src/scheduler/default_sched.cc:439 WARNING 1812139 LoadBalance [#785] lane rescues performed: 3[0m
[33m/home/cvazquezperezdelacru/clio-core/context-runtime/src/scheduler/default_sched.cc:430 WARNING 1812139 LoadBalance [#781 PDF] observed exec-time bins (cumulative): <10us=29723323 <50us=419640 <500us=23267 <10ms=18766 <50ms=338 <500ms=293 <1s=0 >=1s=1 | stalls_detected=3[0m
[33m/home/cvazquezperezdelacru/clio-core/context-runtime/src/scheduler/default_sched.cc:439 WARNING 1812139 LoadBalance [#785] lane rescues performed: 3[0m
[33m/home/cvazquezperezdelacru/clio-core/context-runtime/src/scheduler/default_sched.cc:430 WARNING 1812139 LoadBalance [#781 PDF] observed exec-time bins (cumulative): <10us=29791184 <50us=419978 <500us=23273 <10ms=18767 <50ms=338 <500ms=293 <1s=0 >=1s=1 | stalls_detected=3[0m
[33m/home/cvazquezperezdelacru/clio-core/context-runtime/src/scheduler/default_sched.cc:439 WARNING 1812139 LoadBalance [#785] lane rescues performed: 3[0m
[33m/home/cvazquezperezdelacru/clio-core/context-runtime/src/scheduler/default_sched.cc:430 WARNING 1812139 LoadBalance [#781 PDF] observed exec-time bins (cumulative): <10us=29858852 <50us=420489 <500us=23282 <10ms=18768 <50ms=338 <500ms=293 <1s=0 >=1s=1 | stalls_detected=3[0m
[33m/home/cvazquezperezdelacru/clio-core/context-runtime/src/scheduler/default_sched.cc:439 WARNING 1812139 LoadBalance [#785] lane rescues performed: 3[0m
[33m/home/cvazquezperezdelacru/clio-core/context-runtime/src/scheduler/default_sched.cc:430 WARNING 1812139 LoadBalance [#781 PDF] observed exec-time bins (cumulative): <10us=29926398 <50us=421369 <500us=23291 <10ms=18770 <50ms=338 <500ms=293 <1s=0 >=1s=1 | stalls_detected=3[0m
[33m/home/cvazquezperezdelacru/clio-core/context-runtime/src/scheduler/default_sched.cc:439 WARNING 1812139 LoadBalance [#785] lane rescues performed: 3[0m
[33m/home/cvazquezperezdelacru/clio-core/context-runtime/src/scheduler/default_sched.cc:430 WARNING 1812139 LoadBalance [#781 PDF] observed exec-time bins (cumulative): <10us=29994664 <50us=421604 <500us=23297 <10ms=18771 <50ms=338 <500ms=293 <1s=0 >=1s=1 | stalls_detected=3[0m
[33m/home/cvazquezperezdelacru/clio-core/context-runtime/src/scheduler/default_sched.cc:439 WARNING 1812139 LoadBalance [#785] lane rescues performed: 3[0m
[33m/home/cvazquezperezdelacru/clio-core/context-runtime/src/scheduler/default_sched.cc:430 WARNING 1812139 LoadBalance [#781 PDF] observed exec-time bins (cumulative): <10us=30062906 <50us=421896 <500us=23304 <10ms=18772 <50ms=338 <500ms=293 <1s=0 >=1s=1 | stalls_detected=3[0m
[33m/home/cvazquezperezdelacru/clio-core/context-runtime/src/scheduler/default_sched.cc:439 WARNING 1812139 LoadBalance [#785] lane rescues performed: 3[0m
[33m/home/cvazquezperezdelacru/clio-core/context-runtime/src/scheduler/default_sched.cc:430 WARNING 1812139 LoadBalance [#781 PDF] observed exec-time bins (cumulative): <10us=30131248 <50us=422134 <500us=23314 <10ms=18773 <50ms=338 <500ms=293 <1s=0 >=1s=1 | stalls_detected=3[0m
[33m/home/cvazquezperezdelacru/clio-core/context-runtime/src/scheduler/default_sched.cc:439 WARNING 1812139 LoadBalance [#785] lane rescues performed: 3[0m
[33m/home/cvazquezperezdelacru/clio-core/context-runtime/src/scheduler/default_sched.cc:430 WARNING 1812139 LoadBalance [#781 PDF] observed exec-time bins (cumulative): <10us=30198610 <50us=423257 <500us=23323 <10ms=18774 <50ms=338 <500ms=293 <1s=0 >=1s=1 | stalls_detected=3[0m
[33m/home/cvazquezperezdelacru/clio-core/context-runtime/src/scheduler/default_sched.cc:439 WARNING 1812139 LoadBalance [#785] lane rescues performed: 3[0m
[33m/home/cvazquezperezdelacru/clio-core/context-runtime/src/scheduler/default_sched.cc:430 WARNING 1812139 LoadBalance [#781 PDF] observed exec-time bins (cumulative): <10us=30266475 <50us=423922 <500us=23330 <10ms=18775 <50ms=338 <500ms=293 <1s=0 >=1s=1 | stalls_detected=3[0m
[33m/home/cvazquezperezdelacru/clio-core/context-runtime/src/scheduler/default_sched.cc:439 WARNING 1812139 LoadBalance [#785] lane rescues performed: 3[0m
[33m/home/cvazquezperezdelacru/clio-core/context-runtime/src/scheduler/default_sched.cc:430 WARNING 1812139 LoadBalance [#781 PDF] observed exec-time bins (cumulative): <10us=30334304 <50us=424417 <500us=23337 <10ms=18777 <50ms=338 <500ms=293 <1s=0 >=1s=1 | stalls_detected=3[0m
[33m/home/cvazquezperezdelacru/clio-core/context-runtime/src/scheduler/default_sched.cc:439 WARNING 1812139 LoadBalance [#785] lane rescues performed: 3[0m
[33m/home/cvazquezperezdelacru/clio-core/context-runtime/src/scheduler/default_sched.cc:430 WARNING 1812139 LoadBalance [#781 PDF] observed exec-time bins (cumulative): <10us=30402014 <50us=424895 <500us=23347 <10ms=18778 <50ms=338 <500ms=293 <1s=0 >=1s=1 | stalls_detected=3[0m
[33m/home/cvazquezperezdelacru/clio-core/context-runtime/src/scheduler/default_sched.cc:439 WARNING 1812139 LoadBalance [#785] lane rescues performed: 3[0m
[33m/home/cvazquezperezdelacru/clio-core/context-runtime/src/scheduler/default_sched.cc:430 WARNING 1812139 LoadBalance [#781 PDF] observed exec-time bins (cumulative): <10us=30470039 <50us=425289 <500us=23353 <10ms=18779 <50ms=338 <500ms=293 <1s=0 >=1s=1 | stalls_detected=3[0m
[33m/home/cvazquezperezdelacru/clio-core/context-runtime/src/scheduler/default_sched.cc:439 WARNING 1812139 LoadBalance [#785] lane rescues performed: 3[0m
[33m/home/cvazquezperezdelacru/clio-core/context-runtime/src/scheduler/default_sched.cc:430 WARNING 1812139 LoadBalance [#781 PDF] observed exec-time bins (cumulative): <10us=30538196 <50us=425694 <500us=23361 <10ms=18781 <50ms=338 <500ms=293 <1s=0 >=1s=1 | stalls_detected=3[0m
[33m/home/cvazquezperezdelacru/clio-core/context-runtime/src/scheduler/default_sched.cc:439 WARNING 1812139 LoadBalance [#785] lane rescues performed: 3[0m
[33m/home/cvazquezperezdelacru/clio-core/context-runtime/src/scheduler/default_sched.cc:430 WARNING 1812139 LoadBalance [#781 PDF] observed exec-time bins (cumulative): <10us=30606147 <50us=426313 <500us=23367 <10ms=18782 <50ms=338 <500ms=293 <1s=0 >=1s=1 | stalls_detected=3[0m
[33m/home/cvazquezperezdelacru/clio-core/context-runtime/src/scheduler/default_sched.cc:439 WARNING 1812139 LoadBalance [#785] lane rescues performed: 3[0m
[33m/home/cvazquezperezdelacru/clio-core/context-runtime/src/scheduler/default_sched.cc:430 WARNING 1812139 LoadBalance [#781 PDF] observed exec-time bins (cumulative): <10us=30674136 <50us=426906 <500us=23376 <10ms=18783 <50ms=338 <500ms=293 <1s=0 >=1s=1 | stalls_detected=3[0m
[33m/home/cvazquezperezdelacru/clio-core/context-runtime/src/scheduler/default_sched.cc:439 WARNING 1812139 LoadBalance [#785] lane rescues performed: 3[0m
[33m/home/cvazquezperezdelacru/clio-core/context-runtime/src/scheduler/default_sched.cc:430 WARNING 1812139 LoadBalance [#781 PDF] observed exec-time bins (cumulative): <10us=30741850 <50us=427637 <500us=23381 <10ms=18785 <50ms=338 <500ms=293 <1s=0 >=1s=1 | stalls_detected=3[0m
[33m/home/cvazquezperezdelacru/clio-core/context-runtime/src/scheduler/default_sched.cc:439 WARNING 1812139 LoadBalance [#785] lane rescues performed: 3[0m
[33m/home/cvazquezperezdelacru/clio-core/context-runtime/src/scheduler/default_sched.cc:430 WARNING 1812139 LoadBalance [#781 PDF] observed exec-time bins (cumulative): <10us=30809472 <50us=428456 <500us=23388 <10ms=18787 <50ms=338 <500ms=293 <1s=0 >=1s=1 | stalls_detected=3[0m
[33m/home/cvazquezperezdelacru/clio-core/context-runtime/src/scheduler/default_sched.cc:439 WARNING 1812139 LoadBalance [#785] lane rescues performed: 3[0m
[33m/home/cvazquezperezdelacru/clio-core/context-runtime/src/scheduler/default_sched.cc:430 WARNING 1812139 LoadBalance [#781 PDF] observed exec-time bins (cumulative): <10us=30876276 <50us=429741 <500us=23397 <10ms=18789 <50ms=338 <500ms=293 <1s=0 >=1s=1 | stalls_detected=3[0m
[33m/home/cvazquezperezdelacru/clio-core/context-runtime/src/scheduler/default_sched.cc:439 WARNING 1812139 LoadBalance [#785] lane rescues performed: 3[0m
[33m/home/cvazquezperezdelacru/clio-core/context-runtime/src/scheduler/default_sched.cc:430 WARNING 1812139 LoadBalance [#781 PDF] observed exec-time bins (cumulative): <10us=30944117 <50us=430379 <500us=23405 <10ms=18790 <50ms=338 <500ms=293 <1s=0 >=1s=1 | stalls_detected=3[0m
[33m/home/cvazquezperezdelacru/clio-core/context-runtime/src/scheduler/default_sched.cc:439 WARNING 1812139 LoadBalance [#785] lane rescues performed: 3[0m
[33m/home/cvazquezperezdelacru/clio-core/context-runtime/src/scheduler/default_sched.cc:430 WARNING 1812139 LoadBalance [#781 PDF] observed exec-time bins (cumulative): <10us=31012355 <50us=430656 <500us=23414 <10ms=18792 <50ms=338 <500ms=293 <1s=0 >=1s=1 | stalls_detected=3[0m
[33m/home/cvazquezperezdelacru/clio-core/context-runtime/src/scheduler/default_sched.cc:439 WARNING 1812139 LoadBalance [#785] lane rescues performed: 3[0m
[33m/home/cvazquezperezdelacru/clio-core/context-runtime/src/scheduler/default_sched.cc:430 WARNING 1812139 LoadBalance [#781 PDF] observed exec-time bins (cumulative): <10us=31080642 <50us=430941 <500us=23420 <10ms=18793 <50ms=338 <500ms=293 <1s=0 >=1s=1 | stalls_detected=3[0m
[33m/home/cvazquezperezdelacru/clio-core/context-runtime/src/scheduler/default_sched.cc:439 WARNING 1812139 LoadBalance [#785] lane rescues performed: 3[0m
[33m/home/cvazquezperezdelacru/clio-core/context-runtime/src/scheduler/default_sched.cc:430 WARNING 1812139 LoadBalance [#781 PDF] observed exec-time bins (cumulative): <10us=31148508 <50us=431365 <500us=23426 <10ms=18794 <50ms=338 <500ms=293 <1s=0 >=1s=1 | stalls_detected=3[0m
[33m/home/cvazquezperezdelacru/clio-core/context-runtime/src/scheduler/default_sched.cc:439 WARNING 1812139 LoadBalance [#785] lane rescues performed: 3[0m
[33m/home/cvazquezperezdelacru/clio-core/context-runtime/src/scheduler/default_sched.cc:430 WARNING 1812139 LoadBalance [#781 PDF] observed exec-time bins (cumulative): <10us=31215405 <50us=432013 <500us=23435 <10ms=18795 <50ms=338 <500ms=293 <1s=0 >=1s=1 | stalls_detected=3[0m
[33m/home/cvazquezperezdelacru/clio-core/context-runtime/src/scheduler/default_sched.cc:439 WARNING 1812139 LoadBalance [#785] lane rescues performed: 3[0m
[33m/home/cvazquezperezdelacru/clio-core/context-runtime/src/scheduler/default_sched.cc:430 WARNING 1812139 LoadBalance [#781 PDF] observed exec-time bins (cumulative): <10us=31282877 <50us=432529 <500us=23444 <10ms=18796 <50ms=338 <500ms=293 <1s=0 >=1s=1 | stalls_detected=3[0m
[33m/home/cvazquezperezdelacru/clio-core/context-runtime/src/scheduler/default_sched.cc:439 WARNING 1812139 LoadBalance [#785] lane rescues performed: 3[0m
[33m/home/cvazquezperezdelacru/clio-core/context-runtime/src/scheduler/default_sched.cc:430 WARNING 1812139 LoadBalance [#781 PDF] observed exec-time bins (cumulative): <10us=31351018 <50us=432943 <500us=23451 <10ms=18797 <50ms=338 <500ms=293 <1s=0 >=1s=1 | stalls_detected=3[0m
[33m/home/cvazquezperezdelacru/clio-core/context-runtime/src/scheduler/default_sched.cc:439 WARNING 1812139 LoadBalance [#785] lane rescues performed: 3[0m
[33m/home/cvazquezperezdelacru/clio-core/context-runtime/src/scheduler/default_sched.cc:430 WARNING 1812139 LoadBalance [#781 PDF] observed exec-time bins (cumulative): <10us=31418243 <50us=434006 <500us=23459 <10ms=18798 <50ms=338 <500ms=293 <1s=0 >=1s=1 | stalls_detected=3[0m
[33m/home/cvazquezperezdelacru/clio-core/context-runtime/src/scheduler/default_sched.cc:439 WARNING 1812139 LoadBalance [#785] lane rescues performed: 3[0m
[33m/home/cvazquezperezdelacru/clio-core/context-runtime/src/scheduler/default_sched.cc:430 WARNING 1812139 LoadBalance [#781 PDF] observed exec-time bins (cumulative): <10us=31485076 <50us=434781 <500us=23468 <10ms=18799 <50ms=338 <500ms=293 <1s=0 >=1s=1 | stalls_detected=3[0m
[33m/home/cvazquezperezdelacru/clio-core/context-runtime/src/scheduler/default_sched.cc:439 WARNING 1812139 LoadBalance [#785] lane rescues performed: 3[0m
[33m/home/cvazquezperezdelacru/clio-core/context-runtime/src/scheduler/default_sched.cc:430 WARNING 1812139 LoadBalance [#781 PDF] observed exec-time bins (cumulative): <10us=31552988 <50us=435201 <500us=23475 <10ms=18800 <50ms=338 <500ms=293 <1s=0 >=1s=1 | stalls_detected=3[0m
[33m/home/cvazquezperezdelacru/clio-core/context-runtime/src/scheduler/default_sched.cc:439 WARNING 1812139 LoadBalance [#785] lane rescues performed: 3[0m
[33m/home/cvazquezperezdelacru/clio-core/context-runtime/src/scheduler/default_sched.cc:430 WARNING 1812139 LoadBalance [#781 PDF] observed exec-time bins (cumulative): <10us=31620866 <50us=435528 <500us=23482 <10ms=18801 <50ms=338 <500ms=293 <1s=0 >=1s=1 | stalls_detected=3[0m
[33m/home/cvazquezperezdelacru/clio-core/context-runtime/src/scheduler/default_sched.cc:439 WARNING 1812139 LoadBalance [#785] lane rescues performed: 3[0m
[33m/home/cvazquezperezdelacru/clio-core/context-runtime/src/scheduler/default_sched.cc:430 WARNING 1812139 LoadBalance [#781 PDF] observed exec-time bins (cumulative): <10us=31688750 <50us=435959 <500us=23490 <10ms=18802 <50ms=338 <500ms=293 <1s=0 >=1s=1 | stalls_detected=3[0m
[33m/home/cvazquezperezdelacru/clio-core/context-runtime/src/scheduler/default_sched.cc:439 WARNING 1812139 LoadBalance [#785] lane rescues performed: 3[0m
[33m/home/cvazquezperezdelacru/clio-core/context-runtime/src/scheduler/default_sched.cc:430 WARNING 1812139 LoadBalance [#781 PDF] observed exec-time bins (cumulative): <10us=31756721 <50us=436578 <500us=23497 <10ms=18803 <50ms=338 <500ms=293 <1s=0 >=1s=1 | stalls_detected=3[0m
[33m/home/cvazquezperezdelacru/clio-core/context-runtime/src/scheduler/default_sched.cc:439 WARNING 1812139 LoadBalance [#785] lane rescues performed: 3[0m
[33m/home/cvazquezperezdelacru/clio-core/context-runtime/src/scheduler/default_sched.cc:430 WARNING 1812139 LoadBalance [#781 PDF] observed exec-time bins (cumulative): <10us=31824359 <50us=437487 <500us=23505 <10ms=18804 <50ms=338 <500ms=293 <1s=0 >=1s=1 | stalls_detected=3[0m
[33m/home/cvazquezperezdelacru/clio-core/context-runtime/src/scheduler/default_sched.cc:439 WARNING 1812139 LoadBalance [#785] lane rescues performed: 3[0m
[33m/home/cvazquezperezdelacru/clio-core/context-runtime/src/scheduler/default_sched.cc:430 WARNING 1812139 LoadBalance [#781 PDF] observed exec-time bins (cumulative): <10us=31892218 <50us=438163 <500us=23512 <10ms=18805 <50ms=338 <500ms=293 <1s=0 >=1s=1 | stalls_detected=3[0m
[33m/home/cvazquezperezdelacru/clio-core/context-runtime/src/scheduler/default_sched.cc:439 WARNING 1812139 LoadBalance [#785] lane rescues performed: 3[0m
[33m/home/cvazquezperezdelacru/clio-core/context-runtime/src/scheduler/default_sched.cc:430 WARNING 1812139 LoadBalance [#781 PDF] observed exec-time bins (cumulative): <10us=31960343 <50us=438595 <500us=23519 <10ms=18806 <50ms=338 <500ms=293 <1s=0 >=1s=1 | stalls_detected=3[0m
[33m/home/cvazquezperezdelacru/clio-core/context-runtime/src/scheduler/default_sched.cc:439 WARNING 1812139 LoadBalance [#785] lane rescues performed: 3[0m
[33m/home/cvazquezperezdelacru/clio-core/context-runtime/src/scheduler/default_sched.cc:430 WARNING 1812139 LoadBalance [#781 PDF] observed exec-time bins (cumulative): <10us=32028477 <50us=439012 <500us=23527 <10ms=18807 <50ms=338 <500ms=293 <1s=0 >=1s=1 | stalls_detected=3[0m
[33m/home/cvazquezperezdelacru/clio-core/context-runtime/src/scheduler/default_sched.cc:439 WARNING 1812139 LoadBalance [#785] lane rescues performed: 3[0m
[33m/home/cvazquezperezdelacru/clio-core/context-runtime/src/scheduler/default_sched.cc:430 WARNING 1812139 LoadBalance [#781 PDF] observed exec-time bins (cumulative): <10us=32096613 <50us=439403 <500us=23537 <10ms=18808 <50ms=338 <500ms=293 <1s=0 >=1s=1 | stalls_detected=3[0m
[33m/home/cvazquezperezdelacru/clio-core/context-runtime/src/scheduler/default_sched.cc:439 WARNING 1812139 LoadBalance [#785] lane rescues performed: 3[0m
[33m/home/cvazquezperezdelacru/clio-core/context-runtime/src/scheduler/default_sched.cc:430 WARNING 1812139 LoadBalance [#781 PDF] observed exec-time bins (cumulative): <10us=32164804 <50us=439725 <500us=23544 <10ms=18809 <50ms=338 <500ms=293 <1s=0 >=1s=1 | stalls_detected=3[0m
[33m/home/cvazquezperezdelacru/clio-core/context-runtime/src/scheduler/default_sched.cc:439 WARNING 1812139 LoadBalance [#785] lane rescues performed: 3[0m
[33m/home/cvazquezperezdelacru/clio-core/context-runtime/src/scheduler/default_sched.cc:430 WARNING 1812139 LoadBalance [#781 PDF] observed exec-time bins (cumulative): <10us=32232904 <50us=440148 <500us=23555 <10ms=18810 <50ms=338 <500ms=293 <1s=0 >=1s=1 | stalls_detected=3[0m
[33m/home/cvazquezperezdelacru/clio-core/context-runtime/src/scheduler/default_sched.cc:439 WARNING 1812139 LoadBalance [#785] lane rescues performed: 3[0m
[33m/home/cvazquezperezdelacru/clio-core/context-runtime/src/scheduler/default_sched.cc:430 WARNING 1812139 LoadBalance [#781 PDF] observed exec-time bins (cumulative): <10us=32301046 <50us=440587 <500us=23562 <10ms=18811 <50ms=338 <500ms=293 <1s=0 >=1s=1 | stalls_detected=3[0m
[33m/home/cvazquezperezdelacru/clio-core/context-runtime/src/scheduler/default_sched.cc:439 WARNING 1812139 LoadBalance [#785] lane rescues performed: 3[0m
[33m/home/cvazquezperezdelacru/clio-core/context-runtime/src/scheduler/default_sched.cc:430 WARNING 1812139 LoadBalance [#781 PDF] observed exec-time bins (cumulative): <10us=32368998 <50us=441148 <500us=23571 <10ms=18813 <50ms=338 <500ms=293 <1s=0 >=1s=1 | stalls_detected=3[0m
[33m/home/cvazquezperezdelacru/clio-core/context-runtime/src/scheduler/default_sched.cc:439 WARNING 1812139 LoadBalance [#785] lane rescues performed: 3[0m
[33m/home/cvazquezperezdelacru/clio-core/context-runtime/src/scheduler/default_sched.cc:430 WARNING 1812139 LoadBalance [#781 PDF] observed exec-time bins (cumulative): <10us=32436427 <50us=442222 <500us=23579 <10ms=18815 <50ms=338 <500ms=293 <1s=0 >=1s=1 | stalls_detected=3[0m
[33m/home/cvazquezperezdelacru/clio-core/context-runtime/src/scheduler/default_sched.cc:439 WARNING 1812139 LoadBalance [#785] lane rescues performed: 3[0m
[33m/home/cvazquezperezdelacru/clio-core/context-runtime/src/scheduler/default_sched.cc:430 WARNING 1812139 LoadBalance [#781 PDF] observed exec-time bins (cumulative): <10us=32504006 <50us=442849 <500us=23586 <10ms=18816 <50ms=338 <500ms=293 <1s=0 >=1s=1 | stalls_detected=3[0m
[33m/home/cvazquezperezdelacru/clio-core/context-runtime/src/scheduler/default_sched.cc:439 WARNING 1812139 LoadBalance [#785] lane rescues performed: 3[0m
[33m/home/cvazquezperezdelacru/clio-core/context-runtime/src/scheduler/default_sched.cc:430 WARNING 1812139 LoadBalance [#781 PDF] observed exec-time bins (cumulative): <10us=32571717 <50us=443675 <500us=23594 <10ms=18817 <50ms=338 <500ms=293 <1s=0 >=1s=1 | stalls_detected=3[0m
[33m/home/cvazquezperezdelacru/clio-core/context-runtime/src/scheduler/default_sched.cc:439 WARNING 1812139 LoadBalance [#785] lane rescues performed: 3[0m
[33m/home/cvazquezperezdelacru/clio-core/context-runtime/src/scheduler/default_sched.cc:430 WARNING 1812139 LoadBalance [#781 PDF] observed exec-time bins (cumulative): <10us=32639173 <50us=444597 <500us=23602 <10ms=18819 <50ms=338 <500ms=293 <1s=0 >=1s=1 | stalls_detected=3[0m
[33m/home/cvazquezperezdelacru/clio-core/context-runtime/src/scheduler/default_sched.cc:439 WARNING 1812139 LoadBalance [#785] lane rescues performed: 3[0m
[33m/home/cvazquezperezdelacru/clio-core/context-runtime/src/scheduler/default_sched.cc:430 WARNING 1812139 LoadBalance [#781 PDF] observed exec-time bins (cumulative): <10us=32706582 <50us=445359 <500us=23608 <10ms=18820 <50ms=338 <500ms=293 <1s=0 >=1s=1 | stalls_detected=3[0m
[33m/home/cvazquezperezdelacru/clio-core/context-runtime/src/scheduler/default_sched.cc:439 WARNING 1812139 LoadBalance [#785] lane rescues performed: 3[0m
[33m/home/cvazquezperezdelacru/clio-core/context-runtime/src/scheduler/default_sched.cc:430 WARNING 1812139 LoadBalance [#781 PDF] observed exec-time bins (cumulative): <10us=32774639 <50us=445673 <500us=23615 <10ms=18821 <50ms=338 <500ms=293 <1s=0 >=1s=1 | stalls_detected=3[0m
[33m/home/cvazquezperezdelacru/clio-core/context-runtime/src/scheduler/default_sched.cc:439 WARNING 1812139 LoadBalance [#785] lane rescues performed: 3[0m
[33m/home/cvazquezperezdelacru/clio-core/context-runtime/src/scheduler/default_sched.cc:430 WARNING 1812139 LoadBalance [#781 PDF] observed exec-time bins (cumulative): <10us=32841390 <50us=446972 <500us=23624 <10ms=18823 <50ms=338 <500ms=293 <1s=0 >=1s=1 | stalls_detected=3[0m
[33m/home/cvazquezperezdelacru/clio-core/context-runtime/src/scheduler/default_sched.cc:439 WARNING 1812139 LoadBalance [#785] lane rescues performed: 3[0m
[33m/home/cvazquezperezdelacru/clio-core/context-runtime/src/scheduler/default_sched.cc:430 WARNING 1812139 LoadBalance [#781 PDF] observed exec-time bins (cumulative): <10us=32905551 <50us=450765 <500us=23632 <10ms=18824 <50ms=338 <500ms=293 <1s=0 >=1s=1 | stalls_detected=3[0m
[33m/home/cvazquezperezdelacru/clio-core/context-runtime/src/scheduler/default_sched.cc:439 WARNING 1812139 LoadBalance [#785] lane rescues performed: 3[0m
[33m/home/cvazquezperezdelacru/clio-core/context-runtime/src/scheduler/default_sched.cc:430 WARNING 1812139 LoadBalance [#781 PDF] observed exec-time bins (cumulative): <10us=32969862 <50us=454337 <500us=23638 <10ms=18825 <50ms=338 <500ms=293 <1s=0 >=1s=1 | stalls_detected=3[0m
[33m/home/cvazquezperezdelacru/clio-core/context-runtime/src/scheduler/default_sched.cc:439 WARNING 1812139 LoadBalance [#785] lane rescues performed: 3[0m
[33m/home/cvazquezperezdelacru/clio-core/context-runtime/src/scheduler/default_sched.cc:430 WARNING 1812139 LoadBalance [#781 PDF] observed exec-time bins (cumulative): <10us=33034089 <50us=458152 <500us=23647 <10ms=18826 <50ms=338 <500ms=293 <1s=0 >=1s=1 | stalls_detected=3[0m
[33m/home/cvazquezperezdelacru/clio-core/context-runtime/src/scheduler/default_sched.cc:439 WARNING 1812139 LoadBalance [#785] lane rescues performed: 3[0m
[33m/home/cvazquezperezdelacru/clio-core/context-runtime/src/scheduler/default_sched.cc:430 WARNING 1812139 LoadBalance [#781 PDF] observed exec-time bins (cumulative): <10us=33101927 <50us=458842 <500us=23653 <10ms=18828 <50ms=338 <500ms=293 <1s=0 >=1s=1 | stalls_detected=3[0m
[33m/home/cvazquezperezdelacru/clio-core/context-runtime/src/scheduler/default_sched.cc:439 WARNING 1812139 LoadBalance [#785] lane rescues performed: 3[0m
[33m/home/cvazquezperezdelacru/clio-core/context-runtime/src/scheduler/default_sched.cc:430 WARNING 1812139 LoadBalance [#781 PDF] observed exec-time bins (cumulative): <10us=33170264 <50us=459092 <500us=23663 <10ms=18829 <50ms=338 <500ms=293 <1s=0 >=1s=1 | stalls_detected=3[0m
[33m/home/cvazquezperezdelacru/clio-core/context-runtime/src/scheduler/default_sched.cc:439 WARNING 1812139 LoadBalance [#785] lane rescues performed: 3[0m
[33m/home/cvazquezperezdelacru/clio-core/context-runtime/src/scheduler/default_sched.cc:430 WARNING 1812139 LoadBalance [#781 PDF] observed exec-time bins (cumulative): <10us=33238356 <50us=459383 <500us=23670 <10ms=18830 <50ms=338 <500ms=293 <1s=0 >=1s=1 | stalls_detected=3[0m
[33m/home/cvazquezperezdelacru/clio-core/context-runtime/src/scheduler/default_sched.cc:439 WARNING 1812139 LoadBalance [#785] lane rescues performed: 3[0m
[33m/home/cvazquezperezdelacru/clio-core/context-runtime/src/scheduler/default_sched.cc:430 WARNING 1812139 LoadBalance [#781 PDF] observed exec-time bins (cumulative): <10us=33306731 <50us=459581 <500us=23679 <10ms=18831 <50ms=338 <500ms=293 <1s=0 >=1s=1 | stalls_detected=3[0m
[33m/home/cvazquezperezdelacru/clio-core/context-runtime/src/scheduler/default_sched.cc:439 WARNING 1812139 LoadBalance [#785] lane rescues performed: 3[0m
[33m/home/cvazquezperezdelacru/clio-core/context-runtime/src/scheduler/default_sched.cc:430 WARNING 1812139 LoadBalance [#781 PDF] observed exec-time bins (cumulative): <10us=33374894 <50us=459892 <500us=23686 <10ms=18832 <50ms=338 <500ms=293 <1s=0 >=1s=1 | stalls_detected=3[0m
[33m/home/cvazquezperezdelacru/clio-core/context-runtime/src/scheduler/default_sched.cc:439 WARNING 1812139 LoadBalance [#785] lane rescues performed: 3[0m
[33m/home/cvazquezperezdelacru/clio-core/context-runtime/src/scheduler/default_sched.cc:430 WARNING 1812139 LoadBalance [#781 PDF] observed exec-time bins (cumulative): <10us=33443145 <50us=460207 <500us=23694 <10ms=18833 <50ms=338 <500ms=293 <1s=0 >=1s=1 | stalls_detected=3[0m
[33m/home/cvazquezperezdelacru/clio-core/context-runtime/src/scheduler/default_sched.cc:439 WARNING 1812139 LoadBalance [#785] lane rescues performed: 3[0m
[33m/home/cvazquezperezdelacru/clio-core/context-runtime/src/scheduler/default_sched.cc:430 WARNING 1812139 LoadBalance [#781 PDF] observed exec-time bins (cumulative): <10us=33511367 <50us=460451 <500us=23700 <10ms=18834 <50ms=338 <500ms=293 <1s=0 >=1s=1 | stalls_detected=3[0m
[33m/home/cvazquezperezdelacru/clio-core/context-runtime/src/scheduler/default_sched.cc:439 WARNING 1812139 LoadBalance [#785] lane rescues performed: 3[0m
[33m/home/cvazquezperezdelacru/clio-core/context-runtime/src/scheduler/default_sched.cc:430 WARNING 1812139 LoadBalance [#781 PDF] observed exec-time bins (cumulative): <10us=33579561 <50us=460679 <500us=23711 <10ms=18835 <50ms=338 <500ms=293 <1s=0 >=1s=1 | stalls_detected=3[0m
[33m/home/cvazquezperezdelacru/clio-core/context-runtime/src/scheduler/default_sched.cc:439 WARNING 1812139 LoadBalance [#785] lane rescues performed: 3[0m
[33m/home/cvazquezperezdelacru/clio-core/context-runtime/src/scheduler/default_sched.cc:430 WARNING 1812139 LoadBalance [#781 PDF] observed exec-time bins (cumulative): <10us=33647458 <50us=461260 <500us=23717 <10ms=18836 <50ms=338 <500ms=293 <1s=0 >=1s=1 | stalls_detected=3[0m
[33m/home/cvazquezperezdelacru/clio-core/context-runtime/src/scheduler/default_sched.cc:439 WARNING 1812139 LoadBalance [#785] lane rescues performed: 3[0m
[33m/home/cvazquezperezdelacru/clio-core/context-runtime/src/scheduler/default_sched.cc:430 WARNING 1812139 LoadBalance [#781 PDF] observed exec-time bins (cumulative): <10us=33715709 <50us=461457 <500us=23726 <10ms=18837 <50ms=338 <500ms=293 <1s=0 >=1s=1 | stalls_detected=3[0m
[33m/home/cvazquezperezdelacru/clio-core/context-runtime/src/scheduler/default_sched.cc:439 WARNING 1812139 LoadBalance [#785] lane rescues performed: 3[0m
[33m/home/cvazquezperezdelacru/clio-core/context-runtime/src/scheduler/default_sched.cc:430 WARNING 1812139 LoadBalance [#781 PDF] observed exec-time bins (cumulative): <10us=33783986 <50us=461701 <500us=23732 <10ms=18838 <50ms=338 <500ms=293 <1s=0 >=1s=1 | stalls_detected=3[0m
[33m/home/cvazquezperezdelacru/clio-core/context-runtime/src/scheduler/default_sched.cc:439 WARNING 1812139 LoadBalance [#785] lane rescues performed: 3[0m
[33m/home/cvazquezperezdelacru/clio-core/context-runtime/src/scheduler/default_sched.cc:430 WARNING 1812139 LoadBalance [#781 PDF] observed exec-time bins (cumulative): <10us=33852294 <50us=461975 <500us=23739 <10ms=18839 <50ms=338 <500ms=293 <1s=0 >=1s=1 | stalls_detected=3[0m
[33m/home/cvazquezperezdelacru/clio-core/context-runtime/src/scheduler/default_sched.cc:439 WARNING 1812139 LoadBalance [#785] lane rescues performed: 3[0m
[33m/home/cvazquezperezdelacru/clio-core/context-runtime/src/scheduler/default_sched.cc:430 WARNING 1812139 LoadBalance [#781 PDF] observed exec-time bins (cumulative): <10us=33920416 <50us=462324 <500us=23749 <10ms=18840 <50ms=338 <500ms=293 <1s=0 >=1s=1 | stalls_detected=3[0m
[33m/home/cvazquezperezdelacru/clio-core/context-runtime/src/scheduler/default_sched.cc:439 WARNING 1812139 LoadBalance [#785] lane rescues performed: 3[0m
[33m/home/cvazquezperezdelacru/clio-core/context-runtime/src/scheduler/default_sched.cc:430 WARNING 1812139 LoadBalance [#781 PDF] observed exec-time bins (cumulative): <10us=33988592 <50us=462700 <500us=23755 <10ms=18841 <50ms=338 <500ms=293 <1s=0 >=1s=1 | stalls_detected=3[0m
[33m/home/cvazquezperezdelacru/clio-core/context-runtime/src/scheduler/default_sched.cc:439 WARNING 1812139 LoadBalance [#785] lane rescues performed: 3[0m
[33m/home/cvazquezperezdelacru/clio-core/context-runtime/src/scheduler/default_sched.cc:430 WARNING 1812139 LoadBalance [#781 PDF] observed exec-time bins (cumulative): <10us=34056684 <50us=463134 <500us=23763 <10ms=18842 <50ms=338 <500ms=293 <1s=0 >=1s=1 | stalls_detected=3[0m
[33m/home/cvazquezperezdelacru/clio-core/context-runtime/src/scheduler/default_sched.cc:439 WARNING 1812139 LoadBalance [#785] lane rescues performed: 3[0m
[33m/home/cvazquezperezdelacru/clio-core/context-runtime/src/scheduler/default_sched.cc:430 WARNING 1812139 LoadBalance [#781 PDF] observed exec-time bins (cumulative): <10us=34124695 <50us=463459 <500us=23769 <10ms=18843 <50ms=338 <500ms=293 <1s=0 >=1s=1 | stalls_detected=3[0m
[33m/home/cvazquezperezdelacru/clio-core/context-runtime/src/scheduler/default_sched.cc:439 WARNING 1812139 LoadBalance [#785] lane rescues performed: 3[0m
[33m/home/cvazquezperezdelacru/clio-core/context-runtime/src/scheduler/default_sched.cc:430 WARNING 1812139 LoadBalance [#781 PDF] observed exec-time bins (cumulative): <10us=34191778 <50us=464670 <500us=23778 <10ms=18845 <50ms=338 <500ms=293 <1s=0 >=1s=1 | stalls_detected=3[0m
[33m/home/cvazquezperezdelacru/clio-core/context-runtime/src/scheduler/default_sched.cc:439 WARNING 1812139 LoadBalance [#785] lane rescues performed: 3[0m
[33m/home/cvazquezperezdelacru/clio-core/context-runtime/src/scheduler/default_sched.cc:430 WARNING 1812139 LoadBalance [#781 PDF] observed exec-time bins (cumulative): <10us=34259739 <50us=465063 <500us=23784 <10ms=18846 <50ms=338 <500ms=293 <1s=0 >=1s=1 | stalls_detected=3[0m
[33m/home/cvazquezperezdelacru/clio-core/context-runtime/src/scheduler/default_sched.cc:439 WARNING 1812139 LoadBalance [#785] lane rescues performed: 3[0m
[33m/home/cvazquezperezdelacru/clio-core/context-runtime/src/scheduler/default_sched.cc:430 WARNING 1812139 LoadBalance [#781 PDF] observed exec-time bins (cumulative): <10us=34326191 <50us=466838 <500us=23791 <10ms=18848 <50ms=338 <500ms=293 <1s=0 >=1s=1 | stalls_detected=3[0m
[33m/home/cvazquezperezdelacru/clio-core/context-runtime/src/scheduler/default_sched.cc:439 WARNING 1812139 LoadBalance [#785] lane rescues performed: 3[0m
[33m/home/cvazquezperezdelacru/clio-core/context-runtime/src/scheduler/default_sched.cc:430 WARNING 1812139 LoadBalance [#781 PDF] observed exec-time bins (cumulative): <10us=34390739 <50us=470312 <500us=23800 <10ms=18849 <50ms=338 <500ms=293 <1s=0 >=1s=1 | stalls_detected=3[0m
[33m/home/cvazquezperezdelacru/clio-core/context-runtime/src/scheduler/default_sched.cc:439 WARNING 1812139 LoadBalance [#785] lane rescues performed: 3[0m
[33m/home/cvazquezperezdelacru/clio-core/context-runtime/src/scheduler/default_sched.cc:430 WARNING 1812139 LoadBalance [#781 PDF] observed exec-time bins (cumulative): <10us=34456102 <50us=473381 <500us=23806 <10ms=18850 <50ms=338 <500ms=293 <1s=0 >=1s=1 | stalls_detected=3[0m
[33m/home/cvazquezperezdelacru/clio-core/context-runtime/src/scheduler/default_sched.cc:439 WARNING 1812139 LoadBalance [#785] lane rescues performed: 3[0m
[33m/home/cvazquezperezdelacru/clio-core/context-runtime/src/scheduler/default_sched.cc:430 WARNING 1812139 LoadBalance [#781 PDF] observed exec-time bins (cumulative): <10us=34523584 <50us=474479 <500us=23817 <10ms=18851 <50ms=338 <500ms=293 <1s=0 >=1s=1 | stalls_detected=3[0m
[33m/home/cvazquezperezdelacru/clio-core/context-runtime/src/scheduler/default_sched.cc:439 WARNING 1812139 LoadBalance [#785] lane rescues performed: 3[0m
[33m/home/cvazquezperezdelacru/clio-core/context-runtime/src/scheduler/default_sched.cc:430 WARNING 1812139 LoadBalance [#781 PDF] observed exec-time bins (cumulative): <10us=34590872 <50us=475746 <500us=23824 <10ms=18852 <50ms=338 <500ms=293 <1s=0 >=1s=1 | stalls_detected=3[0m
[33m/home/cvazquezperezdelacru/clio-core/context-runtime/src/scheduler/default_sched.cc:439 WARNING 1812139 LoadBalance [#785] lane rescues performed: 3[0m
[33m/home/cvazquezperezdelacru/clio-core/context-runtime/src/scheduler/default_sched.cc:430 WARNING 1812139 LoadBalance [#781 PDF] observed exec-time bins (cumulative): <10us=34659095 <50us=476100 <500us=23831 <10ms=18853 <50ms=338 <500ms=293 <1s=0 >=1s=1 | stalls_detected=3[0m
[33m/home/cvazquezperezdelacru/clio-core/context-runtime/src/scheduler/default_sched.cc:439 WARNING 1812139 LoadBalance [#785] lane rescues performed: 3[0m
[33m/home/cvazquezperezdelacru/clio-core/context-runtime/src/scheduler/default_sched.cc:430 WARNING 1812139 LoadBalance [#781 PDF] observed exec-time bins (cumulative): <10us=34725220 <50us=478434 <500us=23839 <10ms=18854 <50ms=338 <500ms=293 <1s=0 >=1s=1 | stalls_detected=3[0m
[33m/home/cvazquezperezdelacru/clio-core/context-runtime/src/scheduler/default_sched.cc:439 WARNING 1812139 LoadBalance [#785] lane rescues performed: 3[0m
[33m/home/cvazquezperezdelacru/clio-core/context-runtime/src/scheduler/default_sched.cc:430 WARNING 1812139 LoadBalance [#781 PDF] observed exec-time bins (cumulative): <10us=34793354 <50us=478749 <500us=23845 <10ms=18855 <50ms=338 <500ms=293 <1s=0 >=1s=1 | stalls_detected=3[0m
[33m/home/cvazquezperezdelacru/clio-core/context-runtime/src/scheduler/default_sched.cc:439 WARNING 1812139 LoadBalance [#785] lane rescues performed: 3[0m
[33m/home/cvazquezperezdelacru/clio-core/context-runtime/src/scheduler/default_sched.cc:430 WARNING 1812139 LoadBalance [#781 PDF] observed exec-time bins (cumulative): <10us=34861452 <50us=479168 <500us=23852 <10ms=18856 <50ms=338 <500ms=293 <1s=0 >=1s=1 | stalls_detected=3[0m
[33m/home/cvazquezperezdelacru/clio-core/context-runtime/src/scheduler/default_sched.cc:439 WARNING 1812139 LoadBalance [#785] lane rescues performed: 3[0m
[33m/home/cvazquezperezdelacru/clio-core/context-runtime/src/scheduler/default_sched.cc:430 WARNING 1812139 LoadBalance [#781 PDF] observed exec-time bins (cumulative): <10us=34929582 <50us=479597 <500us=23861 <10ms=18857 <50ms=338 <500ms=293 <1s=0 >=1s=1 | stalls_detected=3[0m
[33m/home/cvazquezperezdelacru/clio-core/context-runtime/src/scheduler/default_sched.cc:439 WARNING 1812139 LoadBalance [#785] lane rescues performed: 3[0m
[33m/home/cvazquezperezdelacru/clio-core/context-runtime/src/scheduler/default_sched.cc:430 WARNING 1812139 LoadBalance [#781 PDF] observed exec-time bins (cumulative): <10us=34995525 <50us=482157 <500us=23867 <10ms=18858 <50ms=338 <500ms=293 <1s=0 >=1s=1 | stalls_detected=3[0m
[33m/home/cvazquezperezdelacru/clio-core/context-runtime/src/scheduler/default_sched.cc:439 WARNING 1812139 LoadBalance [#785] lane rescues performed: 3[0m
[33m/home/cvazquezperezdelacru/clio-core/context-runtime/src/scheduler/default_sched.cc:430 WARNING 1812139 LoadBalance [#781 PDF] observed exec-time bins (cumulative): <10us=35063799 <50us=482481 <500us=23876 <10ms=18859 <50ms=338 <500ms=293 <1s=0 >=1s=1 | stalls_detected=3[0m
[33m/home/cvazquezperezdelacru/clio-core/context-runtime/src/scheduler/default_sched.cc:439 WARNING 1812139 LoadBalance [#785] lane rescues performed: 3[0m
[33m/home/cvazquezperezdelacru/clio-core/context-runtime/src/scheduler/default_sched.cc:430 WARNING 1812139 LoadBalance [#781 PDF] observed exec-time bins (cumulative): <10us=35131896 <50us=482845 <500us=23882 <10ms=18860 <50ms=338 <500ms=293 <1s=0 >=1s=1 | stalls_detected=3[0m
[33m/home/cvazquezperezdelacru/clio-core/context-runtime/src/scheduler/default_sched.cc:439 WARNING 1812139 LoadBalance [#785] lane rescues performed: 3[0m
[33m/home/cvazquezperezdelacru/clio-core/context-runtime/src/scheduler/default_sched.cc:430 WARNING 1812139 LoadBalance [#781 PDF] observed exec-time bins (cumulative): <10us=35199897 <50us=483439 <500us=23888 <10ms=18861 <50ms=338 <500ms=293 <1s=0 >=1s=1 | stalls_detected=3[0m
[33m/home/cvazquezperezdelacru/clio-core/context-runtime/src/scheduler/default_sched.cc:439 WARNING 1812139 LoadBalance [#785] lane rescues performed: 3[0m
[33m/home/cvazquezperezdelacru/clio-core/context-runtime/src/scheduler/default_sched.cc:430 WARNING 1812139 LoadBalance [#781 PDF] observed exec-time bins (cumulative): <10us=35268024 <50us=483831 <500us=23898 <10ms=18863 <50ms=338 <500ms=293 <1s=0 >=1s=1 | stalls_detected=3[0m
[33m/home/cvazquezperezdelacru/clio-core/context-runtime/src/scheduler/default_sched.cc:439 WARNING 1812139 LoadBalance [#785] lane rescues performed: 3[0m
[33m/home/cvazquezperezdelacru/clio-core/context-runtime/src/scheduler/default_sched.cc:430 WARNING 1812139 LoadBalance [#781 PDF] observed exec-time bins (cumulative): <10us=35336269 <50us=484160 <500us=23905 <10ms=18864 <50ms=338 <500ms=293 <1s=0 >=1s=1 | stalls_detected=3[0m
[33m/home/cvazquezperezdelacru/clio-core/context-runtime/src/scheduler/default_sched.cc:439 WARNING 1812139 LoadBalance [#785] lane rescues performed: 3[0m
[33m/home/cvazquezperezdelacru/clio-core/context-runtime/src/scheduler/default_sched.cc:430 WARNING 1812139 LoadBalance [#781 PDF] observed exec-time bins (cumulative): <10us=35404294 <50us=484648 <500us=23914 <10ms=18865 <50ms=338 <500ms=293 <1s=0 >=1s=1 | stalls_detected=3[0m
[33m/home/cvazquezperezdelacru/clio-core/context-runtime/src/scheduler/default_sched.cc:439 WARNING 1812139 LoadBalance [#785] lane rescues performed: 3[0m
[33m/home/cvazquezperezdelacru/clio-core/context-runtime/src/scheduler/default_sched.cc:430 WARNING 1812139 LoadBalance [#781 PDF] observed exec-time bins (cumulative): <10us=35472549 <50us=484964 <500us=23922 <10ms=18866 <50ms=338 <500ms=293 <1s=0 >=1s=1 | stalls_detected=3[0m
[33m/home/cvazquezperezdelacru/clio-core/context-runtime/src/scheduler/default_sched.cc:439 WARNING 1812139 LoadBalance [#785] lane rescues performed: 3[0m
[33m/home/cvazquezperezdelacru/clio-core/context-runtime/src/scheduler/default_sched.cc:430 WARNING 1812139 LoadBalance [#781 PDF] observed exec-time bins (cumulative): <10us=35540758 <50us=485350 <500us=23930 <10ms=18867 <50ms=338 <500ms=293 <1s=0 >=1s=1 | stalls_detected=3[0m
[33m/home/cvazquezperezdelacru/clio-core/context-runtime/src/scheduler/default_sched.cc:439 WARNING 1812139 LoadBalance [#785] lane rescues performed: 3[0m
[33m/home/cvazquezperezdelacru/clio-core/context-runtime/src/scheduler/default_sched.cc:430 WARNING 1812139 LoadBalance [#781 PDF] observed exec-time bins (cumulative): <10us=35608892 <50us=485676 <500us=23940 <10ms=18870 <50ms=338 <500ms=293 <1s=0 >=1s=1 | stalls_detected=3[0m
[33m/home/cvazquezperezdelacru/clio-core/context-runtime/src/scheduler/default_sched.cc:439 WARNING 1812139 LoadBalance [#785] lane rescues performed: 3[0m
[33m/home/cvazquezperezdelacru/clio-core/context-runtime/src/scheduler/default_sched.cc:430 WARNING 1812139 LoadBalance [#781 PDF] observed exec-time bins (cumulative): <10us=35677264 <50us=485894 <500us=23946 <10ms=18871 <50ms=338 <500ms=293 <1s=0 >=1s=1 | stalls_detected=3[0m
[33m/home/cvazquezperezdelacru/clio-core/context-runtime/src/scheduler/default_sched.cc:439 WARNING 1812139 LoadBalance [#785] lane rescues performed: 3[0m
[33m/home/cvazquezperezdelacru/clio-core/context-runtime/src/scheduler/default_sched.cc:430 WARNING 1812139 LoadBalance [#781 PDF] observed exec-time bins (cumulative): <10us=35745263 <50us=486486 <500us=23956 <10ms=18873 <50ms=338 <500ms=293 <1s=0 >=1s=1 | stalls_detected=3[0m
[33m/home/cvazquezperezdelacru/clio-core/context-runtime/src/scheduler/default_sched.cc:439 WARNING 1812139 LoadBalance [#785] lane rescues performed: 3[0m
[33m/home/cvazquezperezdelacru/clio-core/context-runtime/src/scheduler/default_sched.cc:430 WARNING 1812139 LoadBalance [#781 PDF] observed exec-time bins (cumulative): <10us=35813643 <50us=486717 <500us=23964 <10ms=18874 <50ms=338 <500ms=293 <1s=0 >=1s=1 | stalls_detected=3[0m
[33m/home/cvazquezperezdelacru/clio-core/context-runtime/src/scheduler/default_sched.cc:439 WARNING 1812139 LoadBalance [#785] lane rescues performed: 3[0m
[33m/home/cvazquezperezdelacru/clio-core/context-runtime/src/scheduler/default_sched.cc:430 WARNING 1812139 LoadBalance [#781 PDF] observed exec-time bins (cumulative): <10us=35879856 <50us=488639 <500us=23971 <10ms=18875 <50ms=338 <500ms=293 <1s=0 >=1s=1 | stalls_detected=3[0m
[33m/home/cvazquezperezdelacru/clio-core/context-runtime/src/scheduler/default_sched.cc:439 WARNING 1812139 LoadBalance [#785] lane rescues performed: 3[0m
[33m/home/cvazquezperezdelacru/clio-core/context-runtime/src/scheduler/default_sched.cc:430 WARNING 1812139 LoadBalance [#781 PDF] observed exec-time bins (cumulative): <10us=35947797 <50us=488974 <500us=23985 <10ms=18877 <50ms=338 <500ms=293 <1s=0 >=1s=1 | stalls_detected=3[0m
[33m/home/cvazquezperezdelacru/clio-core/context-runtime/src/scheduler/default_sched.cc:439 WARNING 1812139 LoadBalance [#785] lane rescues performed: 3[0m
[33m/home/cvazquezperezdelacru/clio-core/context-runtime/src/scheduler/default_sched.cc:430 WARNING 1812139 LoadBalance [#781 PDF] observed exec-time bins (cumulative): <10us=36015932 <50us=489284 <500us=23992 <10ms=18878 <50ms=338 <500ms=293 <1s=0 >=1s=1 | stalls_detected=3[0m
[33m/home/cvazquezperezdelacru/clio-core/context-runtime/src/scheduler/default_sched.cc:439 WARNING 1812139 LoadBalance [#785] lane rescues performed: 3[0m
[33m/home/cvazquezperezdelacru/clio-core/context-runtime/src/scheduler/default_sched.cc:430 WARNING 1812139 LoadBalance [#781 PDF] observed exec-time bins (cumulative): <10us=36084314 <50us=489504 <500us=24002 <10ms=18880 <50ms=338 <500ms=293 <1s=0 >=1s=1 | stalls_detected=3[0m
[33m/home/cvazquezperezdelacru/clio-core/context-runtime/src/scheduler/default_sched.cc:439 WARNING 1812139 LoadBalance [#785] lane rescues performed: 3[0m
[33m/home/cvazquezperezdelacru/clio-core/context-runtime/src/scheduler/default_sched.cc:430 WARNING 1812139 LoadBalance [#781 PDF] observed exec-time bins (cumulative): <10us=36152602 <50us=489823 <500us=24008 <10ms=18881 <50ms=338 <500ms=293 <1s=0 >=1s=1 | stalls_detected=3[0m
[33m/home/cvazquezperezdelacru/clio-core/context-runtime/src/scheduler/default_sched.cc:439 WARNING 1812139 LoadBalance [#785] lane rescues performed: 3[0m
[33m/home/cvazquezperezdelacru/clio-core/context-runtime/src/scheduler/default_sched.cc:430 WARNING 1812139 LoadBalance [#781 PDF] observed exec-time bins (cumulative): <10us=36220927 <50us=490078 <500us=24015 <10ms=18883 <50ms=338 <500ms=293 <1s=0 >=1s=1 | stalls_detected=3[0m
[33m/home/cvazquezperezdelacru/clio-core/context-runtime/src/scheduler/default_sched.cc:439 WARNING 1812139 LoadBalance [#785] lane rescues performed: 3[0m
[33m/home/cvazquezperezdelacru/clio-core/context-runtime/src/scheduler/default_sched.cc:430 WARNING 1812139 LoadBalance [#781 PDF] observed exec-time bins (cumulative): <10us=36289130 <50us=490417 <500us=24025 <10ms=18885 <50ms=338 <500ms=293 <1s=0 >=1s=1 | stalls_detected=3[0m
[33m/home/cvazquezperezdelacru/clio-core/context-runtime/src/scheduler/default_sched.cc:439 WARNING 1812139 LoadBalance [#785] lane rescues performed: 3[0m
[33m/home/cvazquezperezdelacru/clio-core/context-runtime/src/scheduler/default_sched.cc:430 WARNING 1812139 LoadBalance [#781 PDF] observed exec-time bins (cumulative): <10us=36357470 <50us=490659 <500us=24031 <10ms=18887 <50ms=338 <500ms=293 <1s=0 >=1s=1 | stalls_detected=3[0m
[33m/home/cvazquezperezdelacru/clio-core/context-runtime/src/scheduler/default_sched.cc:439 WARNING 1812139 LoadBalance [#785] lane rescues performed: 3[0m
[33m/home/cvazquezperezdelacru/clio-core/context-runtime/src/scheduler/default_sched.cc:430 WARNING 1812139 LoadBalance [#781 PDF] observed exec-time bins (cumulative): <10us=36425679 <50us=490973 <500us=24042 <10ms=18888 <50ms=338 <500ms=293 <1s=0 >=1s=1 | stalls_detected=3[0m
[33m/home/cvazquezperezdelacru/clio-core/context-runtime/src/scheduler/default_sched.cc:439 WARNING 1812139 LoadBalance [#785] lane rescues performed: 3[0m
[33m/home/cvazquezperezdelacru/clio-core/context-runtime/src/scheduler/default_sched.cc:430 WARNING 1812139 LoadBalance [#781 PDF] observed exec-time bins (cumulative): <10us=36493978 <50us=491240 <500us=24049 <10ms=18889 <50ms=338 <500ms=293 <1s=0 >=1s=1 | stalls_detected=3[0m
[33m/home/cvazquezperezdelacru/clio-core/context-runtime/src/scheduler/default_sched.cc:439 WARNING 1812139 LoadBalance [#785] lane rescues performed: 3[0m
[33m/home/cvazquezperezdelacru/clio-core/context-runtime/src/scheduler/default_sched.cc:430 WARNING 1812139 LoadBalance [#781 PDF] observed exec-time bins (cumulative): <10us=36562108 <50us=491654 <500us=24057 <10ms=18891 <50ms=338 <500ms=293 <1s=0 >=1s=1 | stalls_detected=3[0m
[33m/home/cvazquezperezdelacru/clio-core/context-runtime/src/scheduler/default_sched.cc:439 WARNING 1812139 LoadBalance [#785] lane rescues performed: 3[0m
[33m/home/cvazquezperezdelacru/clio-core/context-runtime/src/scheduler/default_sched.cc:430 WARNING 1812139 LoadBalance [#781 PDF] observed exec-time bins (cumulative): <10us=36630360 <50us=491973 <500us=24063 <10ms=18892 <50ms=338 <500ms=293 <1s=0 >=1s=1 | stalls_detected=3[0m
[33m/home/cvazquezperezdelacru/clio-core/context-runtime/src/scheduler/default_sched.cc:439 WARNING 1812139 LoadBalance [#785] lane rescues performed: 3[0m
[33m/home/cvazquezperezdelacru/clio-core/context-runtime/src/scheduler/default_sched.cc:430 WARNING 1812139 LoadBalance [#781 PDF] observed exec-time bins (cumulative): <10us=36698517 <50us=492369 <500us=24072 <10ms=18894 <50ms=338 <500ms=293 <1s=0 >=1s=1 | stalls_detected=3[0m
[33m/home/cvazquezperezdelacru/clio-core/context-runtime/src/scheduler/default_sched.cc:439 WARNING 1812139 LoadBalance [#785] lane rescues performed: 3[0m
[33m/home/cvazquezperezdelacru/clio-core/context-runtime/src/scheduler/default_sched.cc:430 WARNING 1812139 LoadBalance [#781 PDF] observed exec-time bins (cumulative): <10us=36766752 <50us=492715 <500us=24077 <10ms=18895 <50ms=338 <500ms=293 <1s=0 >=1s=1 | stalls_detected=3[0m
[33m/home/cvazquezperezdelacru/clio-core/context-runtime/src/scheduler/default_sched.cc:439 WARNING 1812139 LoadBalance [#785] lane rescues performed: 3[0m
[33m/home/cvazquezperezdelacru/clio-core/context-runtime/src/scheduler/default_sched.cc:430 WARNING 1812139 LoadBalance [#781 PDF] observed exec-time bins (cumulative): <10us=36834988 <50us=493056 <500us=24085 <10ms=18895 <50ms=338 <500ms=293 <1s=0 >=1s=1 | stalls_detected=3[0m
[33m/home/cvazquezperezdelacru/clio-core/context-runtime/src/scheduler/default_sched.cc:439 WARNING 1812139 LoadBalance [#785] lane rescues performed: 3[0m
[33m/home/cvazquezperezdelacru/clio-core/context-runtime/src/scheduler/default_sched.cc:430 WARNING 1812139 LoadBalance [#781 PDF] observed exec-time bins (cumulative): <10us=36903282 <50us=493374 <500us=24091 <10ms=18896 <50ms=338 <500ms=293 <1s=0 >=1s=1 | stalls_detected=3[0m
[33m/home/cvazquezperezdelacru/clio-core/context-runtime/src/scheduler/default_sched.cc:439 WARNING 1812139 LoadBalance [#785] lane rescues performed: 3[0m
[33m/home/cvazquezperezdelacru/clio-core/context-runtime/src/scheduler/default_sched.cc:430 WARNING 1812139 LoadBalance [#781 PDF] observed exec-time bins (cumulative): <10us=36971575 <50us=493638 <500us=24097 <10ms=18897 <50ms=338 <500ms=293 <1s=0 >=1s=1 | stalls_detected=3[0m
[33m/home/cvazquezperezdelacru/clio-core/context-runtime/src/scheduler/default_sched.cc:439 WARNING 1812139 LoadBalance [#785] lane rescues performed: 3[0m
[33m/home/cvazquezperezdelacru/clio-core/context-runtime/src/scheduler/default_sched.cc:430 WARNING 1812139 LoadBalance [#781 PDF] observed exec-time bins (cumulative): <10us=37039963 <50us=493825 <500us=24105 <10ms=18899 <50ms=338 <500ms=293 <1s=0 >=1s=1 | stalls_detected=3[0m
[33m/home/cvazquezperezdelacru/clio-core/context-runtime/src/scheduler/default_sched.cc:439 WARNING 1812139 LoadBalance [#785] lane rescues performed: 3[0m
[33m/home/cvazquezperezdelacru/clio-core/context-runtime/src/scheduler/default_sched.cc:430 WARNING 1812139 LoadBalance [#781 PDF] observed exec-time bins (cumulative): <10us=37107145 <50us=495170 <500us=24111 <10ms=18900 <50ms=338 <500ms=293 <1s=0 >=1s=1 | stalls_detected=3[0m
[33m/home/cvazquezperezdelacru/clio-core/context-runtime/src/scheduler/default_sched.cc:439 WARNING 1812139 LoadBalance [#785] lane rescues performed: 3[0m
[33m/home/cvazquezperezdelacru/clio-core/context-runtime/src/scheduler/default_sched.cc:430 WARNING 1812139 LoadBalance [#781 PDF] observed exec-time bins (cumulative): <10us=37175253 <50us=495453 <500us=24119 <10ms=18901 <50ms=338 <500ms=293 <1s=0 >=1s=1 | stalls_detected=3[0m
[33m/home/cvazquezperezdelacru/clio-core/context-runtime/src/scheduler/default_sched.cc:439 WARNING 1812139 LoadBalance [#785] lane rescues performed: 3[0m
[33m/home/cvazquezperezdelacru/clio-core/context-runtime/src/scheduler/default_sched.cc:430 WARNING 1812139 LoadBalance [#781 PDF] observed exec-time bins (cumulative): <10us=37242827 <50us=495903 <500us=24125 <10ms=18903 <50ms=338 <500ms=293 <1s=0 >=1s=1 | stalls_detected=3[0m
[33m/home/cvazquezperezdelacru/clio-core/context-runtime/src/scheduler/default_sched.cc:439 WARNING 1812139 LoadBalance [#785] lane rescues performed: 3[0m
[33m/home/cvazquezperezdelacru/clio-core/context-runtime/src/scheduler/default_sched.cc:430 WARNING 1812139 LoadBalance [#781 PDF] observed exec-time bins (cumulative): <10us=37310874 <50us=496126 <500us=24132 <10ms=18906 <50ms=338 <500ms=293 <1s=0 >=1s=1 | stalls_detected=3[0m
[33m/home/cvazquezperezdelacru/clio-core/context-runtime/src/scheduler/default_sched.cc:439 WARNING 1812139 LoadBalance [#785] lane rescues performed: 3[0m
[33m/home/cvazquezperezdelacru/clio-core/context-runtime/src/scheduler/default_sched.cc:430 WARNING 1812139 LoadBalance [#781 PDF] observed exec-time bins (cumulative): <10us=37378872 <50us=496658 <500us=24138 <10ms=18907 <50ms=338 <500ms=293 <1s=0 >=1s=1 | stalls_detected=3[0m
[33m/home/cvazquezperezdelacru/clio-core/context-runtime/src/scheduler/default_sched.cc:439 WARNING 1812139 LoadBalance [#785] lane rescues performed: 3[0m
[33m/home/cvazquezperezdelacru/clio-core/context-runtime/src/scheduler/default_sched.cc:430 WARNING 1812139 LoadBalance [#781 PDF] observed exec-time bins (cumulative): <10us=37446087 <50us=497964 <500us=24146 <10ms=18908 <50ms=338 <500ms=293 <1s=0 >=1s=1 | stalls_detected=3[0m
[33m/home/cvazquezperezdelacru/clio-core/context-runtime/src/scheduler/default_sched.cc:439 WARNING 1812139 LoadBalance [#785] lane rescues performed: 3[0m
[33m/home/cvazquezperezdelacru/clio-core/context-runtime/src/scheduler/default_sched.cc:430 WARNING 1812139 LoadBalance [#781 PDF] observed exec-time bins (cumulative): <10us=37511993 <50us=500545 <500us=24152 <10ms=18909 <50ms=338 <500ms=293 <1s=0 >=1s=1 | stalls_detected=3[0m
[33m/home/cvazquezperezdelacru/clio-core/context-runtime/src/scheduler/default_sched.cc:439 WARNING 1812139 LoadBalance [#785] lane rescues performed: 3[0m
[33m/home/cvazquezperezdelacru/clio-core/context-runtime/src/scheduler/default_sched.cc:430 WARNING 1812139 LoadBalance [#781 PDF] observed exec-time bins (cumulative): <10us=37579499 <50us=501599 <500us=24160 <10ms=18910 <50ms=338 <500ms=293 <1s=0 >=1s=1 | stalls_detected=3[0m
[33m/home/cvazquezperezdelacru/clio-core/context-runtime/src/scheduler/default_sched.cc:439 WARNING 1812139 LoadBalance [#785] lane rescues performed: 3[0m
[33m/home/cvazquezperezdelacru/clio-core/context-runtime/src/scheduler/default_sched.cc:430 WARNING 1812139 LoadBalance [#781 PDF] observed exec-time bins (cumulative): <10us=37647518 <50us=502172 <500us=24167 <10ms=18911 <50ms=338 <500ms=293 <1s=0 >=1s=1 | stalls_detected=3[0m
[33m/home/cvazquezperezdelacru/clio-core/context-runtime/src/scheduler/default_sched.cc:439 WARNING 1812139 LoadBalance [#785] lane rescues performed: 3[0m
[33m/home/cvazquezperezdelacru/clio-core/context-runtime/src/scheduler/default_sched.cc:430 WARNING 1812139 LoadBalance [#781 PDF] observed exec-time bins (cumulative): <10us=37713710 <50us=504456 <500us=24175 <10ms=18912 <50ms=338 <500ms=293 <1s=0 >=1s=1 | stalls_detected=3[0m
[33m/home/cvazquezperezdelacru/clio-core/context-runtime/src/scheduler/default_sched.cc:439 WARNING 1812139 LoadBalance [#785] lane rescues performed: 3[0m
[33m/home/cvazquezperezdelacru/clio-core/context-runtime/src/scheduler/default_sched.cc:430 WARNING 1812139 LoadBalance [#781 PDF] observed exec-time bins (cumulative): <10us=37778215 <50us=507894 <500us=24184 <10ms=18913 <50ms=338 <500ms=293 <1s=0 >=1s=1 | stalls_detected=3[0m
[33m/home/cvazquezperezdelacru/clio-core/context-runtime/src/scheduler/default_sched.cc:439 WARNING 1812139 LoadBalance [#785] lane rescues performed: 3[0m
[33m/home/cvazquezperezdelacru/clio-core/context-runtime/src/scheduler/default_sched.cc:430 WARNING 1812139 LoadBalance [#781 PDF] observed exec-time bins (cumulative): <10us=37844703 <50us=509667 <500us=24190 <10ms=18914 <50ms=338 <500ms=293 <1s=0 >=1s=1 | stalls_detected=3[0m
[33m/home/cvazquezperezdelacru/clio-core/context-runtime/src/scheduler/default_sched.cc:439 WARNING 1812139 LoadBalance [#785] lane rescues performed: 3[0m
[33m/home/cvazquezperezdelacru/clio-core/context-runtime/src/scheduler/default_sched.cc:430 WARNING 1812139 LoadBalance [#781 PDF] observed exec-time bins (cumulative): <10us=37912916 <50us=510024 <500us=24200 <10ms=18915 <50ms=338 <500ms=293 <1s=0 >=1s=1 | stalls_detected=3[0m
[33m/home/cvazquezperezdelacru/clio-core/context-runtime/src/scheduler/default_sched.cc:439 WARNING 1812139 LoadBalance [#785] lane rescues performed: 3[0m
[33m/home/cvazquezperezdelacru/clio-core/context-runtime/src/scheduler/default_sched.cc:430 WARNING 1812139 LoadBalance [#781 PDF] observed exec-time bins (cumulative): <10us=37981128 <50us=510299 <500us=24207 <10ms=18916 <50ms=338 <500ms=293 <1s=0 >=1s=1 | stalls_detected=3[0m
[33m/home/cvazquezperezdelacru/clio-core/context-runtime/src/scheduler/default_sched.cc:439 WARNING 1812139 LoadBalance [#785] lane rescues performed: 3[0m
[33m/home/cvazquezperezdelacru/clio-core/context-runtime/src/scheduler/default_sched.cc:430 WARNING 1812139 LoadBalance [#781 PDF] observed exec-time bins (cumulative): <10us=38049226 <50us=510642 <500us=24215 <10ms=18917 <50ms=338 <500ms=293 <1s=0 >=1s=1 | stalls_detected=3[0m
[33m/home/cvazquezperezdelacru/clio-core/context-runtime/src/scheduler/default_sched.cc:439 WARNING 1812139 LoadBalance [#785] lane rescues performed: 3[0m
[33m/home/cvazquezperezdelacru/clio-core/context-runtime/src/scheduler/default_sched.cc:430 WARNING 1812139 LoadBalance [#781 PDF] observed exec-time bins (cumulative): <10us=38117516 <50us=510927 <500us=24222 <10ms=18918 <50ms=338 <500ms=293 <1s=0 >=1s=1 | stalls_detected=3[0m
[33m/home/cvazquezperezdelacru/clio-core/context-runtime/src/scheduler/default_sched.cc:439 WARNING 1812139 LoadBalance [#785] lane rescues performed: 3[0m
[33m/home/cvazquezperezdelacru/clio-core/context-runtime/src/scheduler/default_sched.cc:430 WARNING 1812139 LoadBalance [#781 PDF] observed exec-time bins (cumulative): <10us=38185845 <50us=511151 <500us=24230 <10ms=18920 <50ms=338 <500ms=293 <1s=0 >=1s=1 | stalls_detected=3[0m
[33m/home/cvazquezperezdelacru/clio-core/context-runtime/src/scheduler/default_sched.cc:439 WARNING 1812139 LoadBalance [#785] lane rescues performed: 3[0m
[33m/home/cvazquezperezdelacru/clio-core/context-runtime/src/scheduler/default_sched.cc:430 WARNING 1812139 LoadBalance [#781 PDF] observed exec-time bins (cumulative): <10us=38253640 <50us=511776 <500us=24237 <10ms=18921 <50ms=338 <500ms=293 <1s=0 >=1s=1 | stalls_detected=3[0m
[33m/home/cvazquezperezdelacru/clio-core/context-runtime/src/scheduler/default_sched.cc:439 WARNING 1812139 LoadBalance [#785] lane rescues performed: 3[0m
[33m/home/cvazquezperezdelacru/clio-core/context-runtime/src/scheduler/default_sched.cc:430 WARNING 1812139 LoadBalance [#781 PDF] observed exec-time bins (cumulative): <10us=38321488 <50us=512410 <500us=24247 <10ms=18922 <50ms=338 <500ms=293 <1s=0 >=1s=1 | stalls_detected=3[0m
[33m/home/cvazquezperezdelacru/clio-core/context-runtime/src/scheduler/default_sched.cc:439 WARNING 1812139 LoadBalance [#785] lane rescues performed: 3[0m
[33m/home/cvazquezperezdelacru/clio-core/context-runtime/src/scheduler/default_sched.cc:430 WARNING 1812139 LoadBalance [#781 PDF] observed exec-time bins (cumulative): <10us=38386735 <50us=515569 <500us=24254 <10ms=18923 <50ms=338 <500ms=293 <1s=0 >=1s=1 | stalls_detected=3[0m
[33m/home/cvazquezperezdelacru/clio-core/context-runtime/src/scheduler/default_sched.cc:439 WARNING 1812139 LoadBalance [#785] lane rescues performed: 3[0m
[33m/home/cvazquezperezdelacru/clio-core/context-runtime/src/scheduler/default_sched.cc:430 WARNING 1812139 LoadBalance [#781 PDF] observed exec-time bins (cumulative): <10us=38451931 <50us=518820 <500us=24263 <10ms=18924 <50ms=338 <500ms=293 <1s=0 >=1s=1 | stalls_detected=3[0m
[33m/home/cvazquezperezdelacru/clio-core/context-runtime/src/scheduler/default_sched.cc:439 WARNING 1812139 LoadBalance [#785] lane rescues performed: 3[0m
[33m/home/cvazquezperezdelacru/clio-core/context-runtime/src/scheduler/default_sched.cc:430 WARNING 1812139 LoadBalance [#781 PDF] observed exec-time bins (cumulative): <10us=38520029 <50us=519260 <500us=24271 <10ms=18925 <50ms=338 <500ms=293 <1s=0 >=1s=1 | stalls_detected=3[0m
[33m/home/cvazquezperezdelacru/clio-core/context-runtime/src/scheduler/default_sched.cc:439 WARNING 1812139 LoadBalance [#785] lane rescues performed: 3[0m
[33m/home/cvazquezperezdelacru/clio-core/context-runtime/src/scheduler/default_sched.cc:430 WARNING 1812139 LoadBalance [#781 PDF] observed exec-time bins (cumulative): <10us=38588476 <50us=519444 <500us=24278 <10ms=18926 <50ms=338 <500ms=293 <1s=0 >=1s=1 | stalls_detected=3[0m
[33m/home/cvazquezperezdelacru/clio-core/context-runtime/src/scheduler/default_sched.cc:439 WARNING 1812139 LoadBalance [#785] lane rescues performed: 3[0m
[33m/home/cvazquezperezdelacru/clio-core/context-runtime/src/scheduler/default_sched.cc:430 WARNING 1812139 LoadBalance [#781 PDF] observed exec-time bins (cumulative): <10us=38656292 <50us=519898 <500us=24284 <10ms=18927 <50ms=338 <500ms=293 <1s=0 >=1s=1 | stalls_detected=3[0m
[33m/home/cvazquezperezdelacru/clio-core/context-runtime/src/scheduler/default_sched.cc:439 WARNING 1812139 LoadBalance [#785] lane rescues performed: 3[0m
[33m/home/cvazquezperezdelacru/clio-core/context-runtime/src/scheduler/default_sched.cc:430 WARNING 1812139 LoadBalance [#781 PDF] observed exec-time bins (cumulative): <10us=38723904 <50us=520413 <500us=24294 <10ms=18928 <50ms=338 <500ms=293 <1s=0 >=1s=1 | stalls_detected=3[0m
[33m/home/cvazquezperezdelacru/clio-core/context-runtime/src/scheduler/default_sched.cc:439 WARNING 1812139 LoadBalance [#785] lane rescues performed: 3[0m
[33m/home/cvazquezperezdelacru/clio-core/context-runtime/src/scheduler/default_sched.cc:430 WARNING 1812139 LoadBalance [#781 PDF] observed exec-time bins (cumulative): <10us=38791654 <50us=520946 <500us=24300 <10ms=18929 <50ms=338 <500ms=293 <1s=0 >=1s=1 | stalls_detected=3[0m
[33m/home/cvazquezperezdelacru/clio-core/context-runtime/src/scheduler/default_sched.cc:439 WARNING 1812139 LoadBalance [#785] lane rescues performed: 3[0m
[33m/home/cvazquezperezdelacru/clio-core/context-runtime/src/scheduler/default_sched.cc:430 WARNING 1812139 LoadBalance [#781 PDF] observed exec-time bins (cumulative): <10us=38859905 <50us=521267 <500us=24307 <10ms=18931 <50ms=338 <500ms=293 <1s=0 >=1s=1 | stalls_detected=3[0m
[33m/home/cvazquezperezdelacru/clio-core/context-runtime/src/scheduler/default_sched.cc:439 WARNING 1812139 LoadBalance [#785] lane rescues performed: 3[0m
[33m/home/cvazquezperezdelacru/clio-core/context-runtime/src/scheduler/default_sched.cc:430 WARNING 1812139 LoadBalance [#781 PDF] observed exec-time bins (cumulative): <10us=38928190 <50us=521608 <500us=24314 <10ms=18934 <50ms=338 <500ms=293 <1s=0 >=1s=1 | stalls_detected=3[0m
[33m/home/cvazquezperezdelacru/clio-core/context-runtime/src/scheduler/default_sched.cc:439 WARNING 1812139 LoadBalance [#785] lane rescues performed: 3[0m
[33m/home/cvazquezperezdelacru/clio-core/context-runtime/src/scheduler/default_sched.cc:430 WARNING 1812139 LoadBalance [#781 PDF] observed exec-time bins (cumulative): <10us=38995784 <50us=522063 <500us=24324 <10ms=18936 <50ms=338 <500ms=293 <1s=0 >=1s=1 | stalls_detected=3[0m
[33m/home/cvazquezperezdelacru/clio-core/context-runtime/src/scheduler/default_sched.cc:439 WARNING 1812139 LoadBalance [#785] lane rescues performed: 3[0m
[33m/home/cvazquezperezdelacru/clio-core/context-runtime/src/scheduler/default_sched.cc:430 WARNING 1812139 LoadBalance [#781 PDF] observed exec-time bins (cumulative): <10us=39063703 <50us=522711 <500us=24332 <10ms=18938 <50ms=338 <500ms=293 <1s=0 >=1s=1 | stalls_detected=3[0m
[33m/home/cvazquezperezdelacru/clio-core/context-runtime/src/scheduler/default_sched.cc:439 WARNING 1812139 LoadBalance [#785] lane rescues performed: 3[0m
[33m/home/cvazquezperezdelacru/clio-core/context-runtime/src/scheduler/default_sched.cc:430 WARNING 1812139 LoadBalance [#781 PDF] observed exec-time bins (cumulative): <10us=39129835 <50us=523954 <500us=24338 <10ms=18939 <50ms=338 <500ms=293 <1s=0 >=1s=1 | stalls_detected=3[0m
[33m/home/cvazquezperezdelacru/clio-core/context-runtime/src/scheduler/default_sched.cc:439 WARNING 1812139 LoadBalance [#785] lane rescues performed: 3[0m
[33m/home/cvazquezperezdelacru/clio-core/context-runtime/src/scheduler/default_sched.cc:430 WARNING 1812139 LoadBalance [#781 PDF] observed exec-time bins (cumulative): <10us=39196437 <50us=525130 <500us=24346 <10ms=18940 <50ms=338 <500ms=293 <1s=0 >=1s=1 | stalls_detected=3[0m
[33m/home/cvazquezperezdelacru/clio-core/context-runtime/src/scheduler/default_sched.cc:439 WARNING 1812139 LoadBalance [#785] lane rescues performed: 3[0m
[33m/home/cvazquezperezdelacru/clio-core/context-runtime/src/scheduler/default_sched.cc:430 WARNING 1812139 LoadBalance [#781 PDF] observed exec-time bins (cumulative): <10us=39264443 <50us=525701 <500us=24352 <10ms=18941 <50ms=338 <500ms=293 <1s=0 >=1s=1 | stalls_detected=3[0m
[33m/home/cvazquezperezdelacru/clio-core/context-runtime/src/scheduler/default_sched.cc:439 WARNING 1812139 LoadBalance [#785] lane rescues performed: 3[0m
[33m/home/cvazquezperezdelacru/clio-core/context-runtime/src/scheduler/default_sched.cc:430 WARNING 1812139 LoadBalance [#781 PDF] observed exec-time bins (cumulative): <10us=39332706 <50us=526014 <500us=24359 <10ms=18942 <50ms=338 <500ms=293 <1s=0 >=1s=1 | stalls_detected=3[0m
[33m/home/cvazquezperezdelacru/clio-core/context-runtime/src/scheduler/default_sched.cc:439 WARNING 1812139 LoadBalance [#785] lane rescues performed: 3[0m
[33m/home/cvazquezperezdelacru/clio-core/context-runtime/src/scheduler/default_sched.cc:430 WARNING 1812139 LoadBalance [#781 PDF] observed exec-time bins (cumulative): <10us=39401003 <50us=526305 <500us=24369 <10ms=18943 <50ms=338 <500ms=293 <1s=0 >=1s=1 | stalls_detected=3[0m
[33m/home/cvazquezperezdelacru/clio-core/context-runtime/src/scheduler/default_sched.cc:439 WARNING 1812139 LoadBalance [#785] lane rescues performed: 3[0m
[33m/home/cvazquezperezdelacru/clio-core/context-runtime/src/scheduler/default_sched.cc:430 WARNING 1812139 LoadBalance [#781 PDF] observed exec-time bins (cumulative): <10us=39469251 <50us=526648 <500us=24377 <10ms=18944 <50ms=338 <500ms=293 <1s=0 >=1s=1 | stalls_detected=3[0m
[33m/home/cvazquezperezdelacru/clio-core/context-runtime/src/scheduler/default_sched.cc:439 WARNING 1812139 LoadBalance [#785] lane rescues performed: 3[0m
[33m/home/cvazquezperezdelacru/clio-core/context-runtime/src/scheduler/default_sched.cc:430 WARNING 1812139 LoadBalance [#781 PDF] observed exec-time bins (cumulative): <10us=39537509 <50us=526990 <500us=24383 <10ms=18945 <50ms=338 <500ms=293 <1s=0 >=1s=1 | stalls_detected=3[0m
[33m/home/cvazquezperezdelacru/clio-core/context-runtime/src/scheduler/default_sched.cc:439 WARNING 1812139 LoadBalance [#785] lane rescues performed: 3[0m
[33m/home/cvazquezperezdelacru/clio-core/context-runtime/src/scheduler/default_sched.cc:430 WARNING 1812139 LoadBalance [#781 PDF] observed exec-time bins (cumulative): <10us=39604183 <50us=528018 <500us=24391 <10ms=18946 <50ms=338 <500ms=293 <1s=0 >=1s=1 | stalls_detected=3[0m
[33m/home/cvazquezperezdelacru/clio-core/context-runtime/src/scheduler/default_sched.cc:439 WARNING 1812139 LoadBalance [#785] lane rescues performed: 3[0m
[33m/home/cvazquezperezdelacru/clio-core/context-runtime/src/scheduler/default_sched.cc:430 WARNING 1812139 LoadBalance [#781 PDF] observed exec-time bins (cumulative): <10us=39670201 <50us=529750 <500us=24397 <10ms=18947 <50ms=338 <500ms=293 <1s=0 >=1s=1 | stalls_detected=3[0m
[33m/home/cvazquezperezdelacru/clio-core/context-runtime/src/scheduler/default_sched.cc:439 WARNING 1812139 LoadBalance [#785] lane rescues performed: 3[0m
[33m/home/cvazquezperezdelacru/clio-core/context-runtime/src/scheduler/default_sched.cc:430 WARNING 1812139 LoadBalance [#781 PDF] observed exec-time bins (cumulative): <10us=39737432 <50us=530334 <500us=24407 <10ms=18948 <50ms=338 <500ms=293 <1s=0 >=1s=1 | stalls_detected=3[0m
[33m/home/cvazquezperezdelacru/clio-core/context-runtime/src/scheduler/default_sched.cc:439 WARNING 1812139 LoadBalance [#785] lane rescues performed: 3[0m
[33m/home/cvazquezperezdelacru/clio-core/context-runtime/src/scheduler/default_sched.cc:430 WARNING 1812139 LoadBalance [#781 PDF] observed exec-time bins (cumulative): <10us=39804979 <50us=531232 <500us=24414 <10ms=18949 <50ms=338 <500ms=293 <1s=0 >=1s=1 | stalls_detected=3[0m
[33m/home/cvazquezperezdelacru/clio-core/context-runtime/src/scheduler/default_sched.cc:439 WARNING 1812139 LoadBalance [#785] lane rescues performed: 3[0m
[33m/home/cvazquezperezdelacru/clio-core/context-runtime/src/scheduler/default_sched.cc:430 WARNING 1812139 LoadBalance [#781 PDF] observed exec-time bins (cumulative): <10us=39871338 <50us=533151 <500us=24426 <10ms=18950 <50ms=338 <500ms=293 <1s=0 >=1s=1 | stalls_detected=3[0m
[33m/home/cvazquezperezdelacru/clio-core/context-runtime/src/scheduler/default_sched.cc:439 WARNING 1812139 LoadBalance [#785] lane rescues performed: 3[0m
[33m/home/cvazquezperezdelacru/clio-core/context-runtime/src/scheduler/default_sched.cc:430 WARNING 1812139 LoadBalance [#781 PDF] observed exec-time bins (cumulative): <10us=39938955 <50us=533600 <500us=24433 <10ms=18951 <50ms=338 <500ms=293 <1s=0 >=1s=1 | stalls_detected=3[0m
[33m/home/cvazquezperezdelacru/clio-core/context-runtime/src/scheduler/default_sched.cc:439 WARNING 1812139 LoadBalance [#785] lane rescues performed: 3[0m
[33m/home/cvazquezperezdelacru/clio-core/context-runtime/src/scheduler/default_sched.cc:430 WARNING 1812139 LoadBalance [#781 PDF] observed exec-time bins (cumulative): <10us=40007140 <50us=533907 <500us=24442 <10ms=18953 <50ms=338 <500ms=293 <1s=0 >=1s=1 | stalls_detected=3[0m
[33m/home/cvazquezperezdelacru/clio-core/context-runtime/src/scheduler/default_sched.cc:439 WARNING 1812139 LoadBalance [#785] lane rescues performed: 3[0m
[33m/home/cvazquezperezdelacru/clio-core/context-runtime/src/scheduler/default_sched.cc:430 WARNING 1812139 LoadBalance [#781 PDF] observed exec-time bins (cumulative): <10us=40075239 <50us=534390 <500us=24450 <10ms=18954 <50ms=338 <500ms=293 <1s=0 >=1s=1 | stalls_detected=3[0m
[33m/home/cvazquezperezdelacru/clio-core/context-runtime/src/scheduler/default_sched.cc:439 WARNING 1812139 LoadBalance [#785] lane rescues performed: 3[0m
[33m/home/cvazquezperezdelacru/clio-core/context-runtime/src/scheduler/default_sched.cc:430 WARNING 1812139 LoadBalance [#781 PDF] observed exec-time bins (cumulative): <10us=40143539 <50us=534744 <500us=24459 <10ms=18956 <50ms=338 <500ms=293 <1s=0 >=1s=1 | stalls_detected=3[0m
[33m/home/cvazquezperezdelacru/clio-core/context-runtime/src/scheduler/default_sched.cc:439 WARNING 1812139 LoadBalance [#785] lane rescues performed: 3[0m
[33m/home/cvazquezperezdelacru/clio-core/context-runtime/src/scheduler/default_sched.cc:430 WARNING 1812139 LoadBalance [#781 PDF] observed exec-time bins (cumulative): <10us=40211496 <50us=535355 <500us=24467 <10ms=18957 <50ms=338 <500ms=293 <1s=0 >=1s=1 | stalls_detected=3[0m
[33m/home/cvazquezperezdelacru/clio-core/context-runtime/src/scheduler/default_sched.cc:439 WARNING 1812139 LoadBalance [#785] lane rescues performed: 3[0m
[33m/home/cvazquezperezdelacru/clio-core/context-runtime/src/scheduler/default_sched.cc:430 WARNING 1812139 LoadBalance [#781 PDF] observed exec-time bins (cumulative): <10us=40279060 <50us=536011 <500us=24476 <10ms=18959 <50ms=338 <500ms=293 <1s=0 >=1s=1 | stalls_detected=3[0m
[33m/home/cvazquezperezdelacru/clio-core/context-runtime/src/scheduler/default_sched.cc:439 WARNING 1812139 LoadBalance [#785] lane rescues performed: 3[0m
[33m/home/cvazquezperezdelacru/clio-core/context-runtime/src/scheduler/default_sched.cc:430 WARNING 1812139 LoadBalance [#781 PDF] observed exec-time bins (cumulative): <10us=40346919 <50us=536714 <500us=24484 <10ms=18961 <50ms=338 <500ms=293 <1s=0 >=1s=1 | stalls_detected=3[0m
[33m/home/cvazquezperezdelacru/clio-core/context-runtime/src/scheduler/default_sched.cc:439 WARNING 1812139 LoadBalance [#785] lane rescues performed: 3[0m
[33m/home/cvazquezperezdelacru/clio-core/context-runtime/src/scheduler/default_sched.cc:430 WARNING 1812139 LoadBalance [#781 PDF] observed exec-time bins (cumulative): <10us=40414825 <50us=537362 <500us=24491 <10ms=18962 <50ms=338 <500ms=293 <1s=0 >=1s=1 | stalls_detected=3[0m
[33m/home/cvazquezperezdelacru/clio-core/context-runtime/src/scheduler/default_sched.cc:439 WARNING 1812139 LoadBalance [#785] lane rescues performed: 3[0m
[33m/home/cvazquezperezdelacru/clio-core/context-runtime/src/scheduler/default_sched.cc:430 WARNING 1812139 LoadBalance [#781 PDF] observed exec-time bins (cumulative): <10us=40480745 <50us=539942 <500us=24497 <10ms=18964 <50ms=338 <500ms=293 <1s=0 >=1s=1 | stalls_detected=3[0m
[33m/home/cvazquezperezdelacru/clio-core/context-runtime/src/scheduler/default_sched.cc:439 WARNING 1812139 LoadBalance [#785] lane rescues performed: 3[0m
[33m/home/cvazquezperezdelacru/clio-core/context-runtime/src/scheduler/default_sched.cc:430 WARNING 1812139 LoadBalance [#781 PDF] observed exec-time bins (cumulative): <10us=40547710 <50us=541297 <500us=24504 <10ms=18965 <50ms=338 <500ms=293 <1s=0 >=1s=1 | stalls_detected=3[0m
[33m/home/cvazquezperezdelacru/clio-core/context-runtime/src/scheduler/default_sched.cc:439 WARNING 1812139 LoadBalance [#785] lane rescues performed: 3[0m
[33m/home/cvazquezperezdelacru/clio-core/context-runtime/src/scheduler/default_sched.cc:430 WARNING 1812139 LoadBalance [#781 PDF] observed exec-time bins (cumulative): <10us=40615480 <50us=541782 <500us=24513 <10ms=18967 <50ms=338 <500ms=293 <1s=0 >=1s=1 | stalls_detected=3[0m
[33m/home/cvazquezperezdelacru/clio-core/context-runtime/src/scheduler/default_sched.cc:439 WARNING 1812139 LoadBalance [#785] lane rescues performed: 3[0m
[33m/home/cvazquezperezdelacru/clio-core/context-runtime/src/scheduler/default_sched.cc:430 WARNING 1812139 LoadBalance [#781 PDF] observed exec-time bins (cumulative): <10us=40683641 <50us=542196 <500us=24520 <10ms=18968 <50ms=338 <500ms=293 <1s=0 >=1s=1 | stalls_detected=3[0m
[33m/home/cvazquezperezdelacru/clio-core/context-runtime/src/scheduler/default_sched.cc:439 WARNING 1812139 LoadBalance [#785] lane rescues performed: 3[0m
[33m/home/cvazquezperezdelacru/clio-core/context-runtime/src/scheduler/default_sched.cc:430 WARNING 1812139 LoadBalance [#781 PDF] observed exec-time bins (cumulative): <10us=40751801 <50us=542587 <500us=24528 <10ms=18969 <50ms=338 <500ms=293 <1s=0 >=1s=1 | stalls_detected=3[0m
[33m/home/cvazquezperezdelacru/clio-core/context-runtime/src/scheduler/default_sched.cc:439 WARNING 1812139 LoadBalance [#785] lane rescues performed: 3[0m
[33m/home/cvazquezperezdelacru/clio-core/context-runtime/src/scheduler/default_sched.cc:430 WARNING 1812139 LoadBalance [#781 PDF] observed exec-time bins (cumulative): <10us=40819650 <50us=543224 <500us=24536 <10ms=18970 <50ms=338 <500ms=293 <1s=0 >=1s=1 | stalls_detected=3[0m
[33m/home/cvazquezperezdelacru/clio-core/context-runtime/src/scheduler/default_sched.cc:439 WARNING 1812139 LoadBalance [#785] lane rescues performed: 3[0m
[33m/home/cvazquezperezdelacru/clio-core/context-runtime/src/scheduler/default_sched.cc:430 WARNING 1812139 LoadBalance [#781 PDF] observed exec-time bins (cumulative): <10us=40886553 <50us=544569 <500us=24543 <10ms=18971 <50ms=338 <500ms=293 <1s=0 >=1s=1 | stalls_detected=3[0m
[33m/home/cvazquezperezdelacru/clio-core/context-runtime/src/scheduler/default_sched.cc:439 WARNING 1812139 LoadBalance [#785] lane rescues performed: 3[0m
[33m/home/cvazquezperezdelacru/clio-core/context-runtime/src/scheduler/default_sched.cc:430 WARNING 1812139 LoadBalance [#781 PDF] observed exec-time bins (cumulative): <10us=40952725 <50us=546537 <500us=24551 <10ms=18972 <50ms=338 <500ms=293 <1s=0 >=1s=1 | stalls_detected=3[0m
[33m/home/cvazquezperezdelacru/clio-core/context-runtime/src/scheduler/default_sched.cc:439 WARNING 1812139 LoadBalance [#785] lane rescues performed: 3[0m
[33m/home/cvazquezperezdelacru/clio-core/context-runtime/src/scheduler/default_sched.cc:430 WARNING 1812139 LoadBalance [#781 PDF] observed exec-time bins (cumulative): <10us=41020375 <50us=547428 <500us=24558 <10ms=18973 <50ms=338 <500ms=293 <1s=0 >=1s=1 | stalls_detected=3[0m
[33m/home/cvazquezperezdelacru/clio-core/context-runtime/src/scheduler/default_sched.cc:439 WARNING 1812139 LoadBalance [#785] lane rescues performed: 3[0m
[33m/home/cvazquezperezdelacru/clio-core/context-runtime/src/scheduler/default_sched.cc:430 WARNING 1812139 LoadBalance [#781 PDF] observed exec-time bins (cumulative): <10us=41088521 <50us=547835 <500us=24568 <10ms=18974 <50ms=338 <500ms=293 <1s=0 >=1s=1 | stalls_detected=3[0m
[33m/home/cvazquezperezdelacru/clio-core/context-runtime/src/scheduler/default_sched.cc:439 WARNING 1812139 LoadBalance [#785] lane rescues performed: 3[0m
[33m/home/cvazquezperezdelacru/clio-core/context-runtime/src/scheduler/default_sched.cc:430 WARNING 1812139 LoadBalance [#781 PDF] observed exec-time bins (cumulative): <10us=41156584 <50us=548290 <500us=24575 <10ms=18975 <50ms=338 <500ms=293 <1s=0 >=1s=1 | stalls_detected=3[0m
[33m/home/cvazquezperezdelacru/clio-core/context-runtime/src/scheduler/default_sched.cc:439 WARNING 1812139 LoadBalance [#785] lane rescues performed: 3[0m
[33m/home/cvazquezperezdelacru/clio-core/context-runtime/src/scheduler/default_sched.cc:430 WARNING 1812139 LoadBalance [#781 PDF] observed exec-time bins (cumulative): <10us=41224829 <50us=548562 <500us=24584 <10ms=18978 <50ms=338 <500ms=293 <1s=0 >=1s=1 | stalls_detected=3[0m
[33m/home/cvazquezperezdelacru/clio-core/context-runtime/src/scheduler/default_sched.cc:439 WARNING 1812139 LoadBalance [#785] lane rescues performed: 3[0m
[33m/home/cvazquezperezdelacru/clio-core/context-runtime/src/scheduler/default_sched.cc:430 WARNING 1812139 LoadBalance [#781 PDF] observed exec-time bins (cumulative): <10us=41291900 <50us=549217 <500us=24590 <10ms=18979 <50ms=338 <500ms=293 <1s=0 >=1s=1 | stalls_detected=3[0m
[33m/home/cvazquezperezdelacru/clio-core/context-runtime/src/scheduler/default_sched.cc:439 WARNING 1812139 LoadBalance [#785] lane rescues performed: 3[0m
[33m/home/cvazquezperezdelacru/clio-core/context-runtime/src/scheduler/default_sched.cc:430 WARNING 1812139 LoadBalance [#781 PDF] observed exec-time bins (cumulative): <10us=41359370 <50us=549985 <500us=24599 <10ms=18980 <50ms=338 <500ms=293 <1s=0 >=1s=1 | stalls_detected=3[0m
[33m/home/cvazquezperezdelacru/clio-core/context-runtime/src/scheduler/default_sched.cc:439 WARNING 1812139 LoadBalance [#785] lane rescues performed: 3[0m
[33m/home/cvazquezperezdelacru/clio-core/context-runtime/src/scheduler/default_sched.cc:430 WARNING 1812139 LoadBalance [#781 PDF] observed exec-time bins (cumulative): <10us=41427524 <50us=550270 <500us=24604 <10ms=18981 <50ms=338 <500ms=293 <1s=0 >=1s=1 | stalls_detected=3[0m
[33m/home/cvazquezperezdelacru/clio-core/context-runtime/src/scheduler/default_sched.cc:439 WARNING 1812139 LoadBalance [#785] lane rescues performed: 3[0m
[33m/home/cvazquezperezdelacru/clio-core/context-runtime/src/scheduler/default_sched.cc:430 WARNING 1812139 LoadBalance [#781 PDF] observed exec-time bins (cumulative): <10us=41495895 <50us=550496 <500us=24613 <10ms=18982 <50ms=338 <500ms=293 <1s=0 >=1s=1 | stalls_detected=3[0m
[33m/home/cvazquezperezdelacru/clio-core/context-runtime/src/scheduler/default_sched.cc:439 WARNING 1812139 LoadBalance [#785] lane rescues performed: 3[0m
[33m/home/cvazquezperezdelacru/clio-core/context-runtime/src/scheduler/default_sched.cc:430 WARNING 1812139 LoadBalance [#781 PDF] observed exec-time bins (cumulative): <10us=41563901 <50us=550950 <500us=24620 <10ms=18984 <50ms=338 <500ms=293 <1s=0 >=1s=1 | stalls_detected=3[0m
[33m/home/cvazquezperezdelacru/clio-core/context-runtime/src/scheduler/default_sched.cc:439 WARNING 1812139 LoadBalance [#785] lane rescues performed: 3[0m
[33m/home/cvazquezperezdelacru/clio-core/context-runtime/src/scheduler/default_sched.cc:430 WARNING 1812139 LoadBalance [#781 PDF] observed exec-time bins (cumulative): <10us=41632006 <50us=551352 <500us=24629 <10ms=18986 <50ms=338 <500ms=293 <1s=0 >=1s=1 | stalls_detected=3[0m
[33m/home/cvazquezperezdelacru/clio-core/context-runtime/src/scheduler/default_sched.cc:439 WARNING 1812139 LoadBalance [#785] lane rescues performed: 3[0m
[33m/home/cvazquezperezdelacru/clio-core/context-runtime/src/scheduler/default_sched.cc:430 WARNING 1812139 LoadBalance [#781 PDF] observed exec-time bins (cumulative): <10us=41699902 <50us=552089 <500us=24635 <10ms=18987 <50ms=338 <500ms=293 <1s=0 >=1s=1 | stalls_detected=3[0m
[33m/home/cvazquezperezdelacru/clio-core/context-runtime/src/scheduler/default_sched.cc:439 WARNING 1812139 LoadBalance [#785] lane rescues performed: 3[0m
[33m/home/cvazquezperezdelacru/clio-core/context-runtime/src/scheduler/default_sched.cc:430 WARNING 1812139 LoadBalance [#781 PDF] observed exec-time bins (cumulative): <10us=41768234 <50us=552314 <500us=24641 <10ms=18988 <50ms=338 <500ms=293 <1s=0 >=1s=1 | stalls_detected=3[0m
[33m/home/cvazquezperezdelacru/clio-core/context-runtime/src/scheduler/default_sched.cc:439 WARNING 1812139 LoadBalance [#785] lane rescues performed: 3[0m
[33m/home/cvazquezperezdelacru/clio-core/context-runtime/src/scheduler/default_sched.cc:430 WARNING 1812139 LoadBalance [#781 PDF] observed exec-time bins (cumulative): <10us=41836431 <50us=552583 <500us=24650 <10ms=18989 <50ms=338 <500ms=293 <1s=0 >=1s=1 | stalls_detected=3[0m
[33m/home/cvazquezperezdelacru/clio-core/context-runtime/src/scheduler/default_sched.cc:439 WARNING 1812139 LoadBalance [#785] lane rescues performed: 3[0m
[33m/home/cvazquezperezdelacru/clio-core/context-runtime/src/scheduler/default_sched.cc:430 WARNING 1812139 LoadBalance [#781 PDF] observed exec-time bins (cumulative): <10us=41904733 <50us=552813 <500us=24659 <10ms=18990 <50ms=338 <500ms=293 <1s=0 >=1s=1 | stalls_detected=3[0m
[33m/home/cvazquezperezdelacru/clio-core/context-runtime/src/scheduler/default_sched.cc:439 WARNING 1812139 LoadBalance [#785] lane rescues performed: 3[0m
[33m/home/cvazquezperezdelacru/clio-core/context-runtime/src/scheduler/default_sched.cc:430 WARNING 1812139 LoadBalance [#781 PDF] observed exec-time bins (cumulative): <10us=41971821 <50us=554088 <500us=24665 <10ms=18992 <50ms=338 <500ms=293 <1s=0 >=1s=1 | stalls_detected=3[0m
[33m/home/cvazquezperezdelacru/clio-core/context-runtime/src/scheduler/default_sched.cc:439 WARNING 1812139 LoadBalance [#785] lane rescues performed: 3[0m
[33m/home/cvazquezperezdelacru/clio-core/context-runtime/src/scheduler/default_sched.cc:430 WARNING 1812139 LoadBalance [#781 PDF] observed exec-time bins (cumulative): <10us=42036083 <50us=557806 <500us=24671 <10ms=18993 <50ms=338 <500ms=293 <1s=0 >=1s=1 | stalls_detected=3[0m
[33m/home/cvazquezperezdelacru/clio-core/context-runtime/src/scheduler/default_sched.cc:439 WARNING 1812139 LoadBalance [#785] lane rescues performed: 3[0m
[33m/home/cvazquezperezdelacru/clio-core/context-runtime/src/scheduler/default_sched.cc:430 WARNING 1812139 LoadBalance [#781 PDF] observed exec-time bins (cumulative): <10us=42103433 <50us=558783 <500us=24681 <10ms=18994 <50ms=338 <500ms=293 <1s=0 >=1s=1 | stalls_detected=3[0m
[33m/home/cvazquezperezdelacru/clio-core/context-runtime/src/scheduler/default_sched.cc:439 WARNING 1812139 LoadBalance [#785] lane rescues performed: 3[0m
[33m/home/cvazquezperezdelacru/clio-core/context-runtime/src/scheduler/default_sched.cc:430 WARNING 1812139 LoadBalance [#781 PDF] observed exec-time bins (cumulative): <10us=42171778 <50us=559042 <500us=24688 <10ms=18995 <50ms=338 <500ms=293 <1s=0 >=1s=1 | stalls_detected=3[0m
[33m/home/cvazquezperezdelacru/clio-core/context-runtime/src/scheduler/default_sched.cc:439 WARNING 1812139 LoadBalance [#785] lane rescues performed: 3[0m
[33m/home/cvazquezperezdelacru/clio-core/context-runtime/src/scheduler/default_sched.cc:430 WARNING 1812139 LoadBalance [#781 PDF] observed exec-time bins (cumulative): <10us=42239757 <50us=559436 <500us=24697 <10ms=18996 <50ms=338 <500ms=293 <1s=0 >=1s=1 | stalls_detected=3[0m
[33m/home/cvazquezperezdelacru/clio-core/context-runtime/src/scheduler/default_sched.cc:439 WARNING 1812139 LoadBalance [#785] lane rescues performed: 3[0m
[33m/home/cvazquezperezdelacru/clio-core/context-runtime/src/scheduler/default_sched.cc:430 WARNING 1812139 LoadBalance [#781 PDF] observed exec-time bins (cumulative): <10us=42307371 <50us=559995 <500us=24704 <10ms=18997 <50ms=338 <500ms=293 <1s=0 >=1s=1 | stalls_detected=3[0m
[33m/home/cvazquezperezdelacru/clio-core/context-runtime/src/scheduler/default_sched.cc:439 WARNING 1812139 LoadBalance [#785] lane rescues performed: 3[0m
[33m/home/cvazquezperezdelacru/clio-core/context-runtime/src/scheduler/default_sched.cc:430 WARNING 1812139 LoadBalance [#781 PDF] observed exec-time bins (cumulative): <10us=42375035 <50us=560507 <500us=24711 <10ms=18998 <50ms=338 <500ms=293 <1s=0 >=1s=1 | stalls_detected=3[0m
[33m/home/cvazquezperezdelacru/clio-core/context-runtime/src/scheduler/default_sched.cc:439 WARNING 1812139 LoadBalance [#785] lane rescues performed: 3[0m
[33m/home/cvazquezperezdelacru/clio-core/context-runtime/src/scheduler/default_sched.cc:430 WARNING 1812139 LoadBalance [#781 PDF] observed exec-time bins (cumulative): <10us=42443244 <50us=560702 <500us=24720 <10ms=18999 <50ms=338 <500ms=293 <1s=0 >=1s=1 | stalls_detected=3[0m
[33m/home/cvazquezperezdelacru/clio-core/context-runtime/src/scheduler/default_sched.cc:439 WARNING 1812139 LoadBalance [#785] lane rescues performed: 3[0m
[33m/home/cvazquezperezdelacru/clio-core/context-runtime/src/scheduler/default_sched.cc:430 WARNING 1812139 LoadBalance [#781 PDF] observed exec-time bins (cumulative): <10us=42511447 <50us=560983 <500us=24725 <10ms=19001 <50ms=338 <500ms=293 <1s=0 >=1s=1 | stalls_detected=3[0m
[33m/home/cvazquezperezdelacru/clio-core/context-runtime/src/scheduler/default_sched.cc:439 WARNING 1812139 LoadBalance [#785] lane rescues performed: 3[0m
[33m/home/cvazquezperezdelacru/clio-core/context-runtime/src/scheduler/default_sched.cc:430 WARNING 1812139 LoadBalance [#781 PDF] observed exec-time bins (cumulative): <10us=42579032 <50us=561496 <500us=24733 <10ms=19002 <50ms=338 <500ms=293 <1s=0 >=1s=1 | stalls_detected=3[0m
[33m/home/cvazquezperezdelacru/clio-core/context-runtime/src/scheduler/default_sched.cc:439 WARNING 1812139 LoadBalance [#785] lane rescues performed: 3[0m
[33m/home/cvazquezperezdelacru/clio-core/context-runtime/src/scheduler/default_sched.cc:430 WARNING 1812139 LoadBalance [#781 PDF] observed exec-time bins (cumulative): <10us=42647272 <50us=561887 <500us=24739 <10ms=19004 <50ms=338 <500ms=293 <1s=0 >=1s=1 | stalls_detected=3[0m
[33m/home/cvazquezperezdelacru/clio-core/context-runtime/src/scheduler/default_sched.cc:439 WARNING 1812139 LoadBalance [#785] lane rescues performed: 3[0m
[33m/home/cvazquezperezdelacru/clio-core/context-runtime/src/scheduler/default_sched.cc:430 WARNING 1812139 LoadBalance [#781 PDF] observed exec-time bins (cumulative): <10us=42715345 <50us=562361 <500us=24747 <10ms=19005 <50ms=338 <500ms=293 <1s=0 >=1s=1 | stalls_detected=3[0m
[33m/home/cvazquezperezdelacru/clio-core/context-runtime/src/scheduler/default_sched.cc:439 WARNING 1812139 LoadBalance [#785] lane rescues performed: 3[0m
[33m/home/cvazquezperezdelacru/clio-core/context-runtime/src/scheduler/default_sched.cc:430 WARNING 1812139 LoadBalance [#781 PDF] observed exec-time bins (cumulative): <10us=42783264 <50us=562870 <500us=24757 <10ms=19007 <50ms=338 <500ms=293 <1s=0 >=1s=1 | stalls_detected=3[0m
[33m/home/cvazquezperezdelacru/clio-core/context-runtime/src/scheduler/default_sched.cc:439 WARNING 1812139 LoadBalance [#785] lane rescues performed: 3[0m
[33m/home/cvazquezperezdelacru/clio-core/context-runtime/src/scheduler/default_sched.cc:430 WARNING 1812139 LoadBalance [#781 PDF] observed exec-time bins (cumulative): <10us=42850096 <50us=563510 <500us=24764 <10ms=19008 <50ms=338 <500ms=293 <1s=0 >=1s=1 | stalls_detected=3[0m
[33m/home/cvazquezperezdelacru/clio-core/context-runtime/src/scheduler/default_sched.cc:439 WARNING 1812139 LoadBalance [#785] lane rescues performed: 3[0m
[33m/home/cvazquezperezdelacru/clio-core/context-runtime/src/scheduler/default_sched.cc:430 WARNING 1812139 LoadBalance [#781 PDF] observed exec-time bins (cumulative): <10us=42918335 <50us=563758 <500us=24773 <10ms=19010 <50ms=338 <500ms=293 <1s=0 >=1s=1 | stalls_detected=3[0m
[33m/home/cvazquezperezdelacru/clio-core/context-runtime/src/scheduler/default_sched.cc:439 WARNING 1812139 LoadBalance [#785] lane rescues performed: 3[0m
[33m/home/cvazquezperezdelacru/clio-core/context-runtime/src/scheduler/default_sched.cc:430 WARNING 1812139 LoadBalance [#781 PDF] observed exec-time bins (cumulative): <10us=42986191 <50us=564168 <500us=24779 <10ms=19011 <50ms=338 <500ms=293 <1s=0 >=1s=1 | stalls_detected=3[0m
[33m/home/cvazquezperezdelacru/clio-core/context-runtime/src/scheduler/default_sched.cc:439 WARNING 1812139 LoadBalance [#785] lane rescues performed: 3[0m
[33m/home/cvazquezperezdelacru/clio-core/context-runtime/src/scheduler/default_sched.cc:430 WARNING 1812139 LoadBalance [#781 PDF] observed exec-time bins (cumulative): <10us=43054089 <50us=564531 <500us=24790 <10ms=19012 <50ms=338 <500ms=293 <1s=0 >=1s=1 | stalls_detected=3[0m
[33m/home/cvazquezperezdelacru/clio-core/context-runtime/src/scheduler/default_sched.cc:439 WARNING 1812139 LoadBalance [#785] lane rescues performed: 3[0m
[33m/home/cvazquezperezdelacru/clio-core/context-runtime/src/scheduler/default_sched.cc:430 WARNING 1812139 LoadBalance [#781 PDF] observed exec-time bins (cumulative): <10us=43122290 <50us=564802 <500us=24796 <10ms=19013 <50ms=338 <500ms=293 <1s=0 >=1s=1 | stalls_detected=3[0m
[33m/home/cvazquezperezdelacru/clio-core/context-runtime/src/scheduler/default_sched.cc:439 WARNING 1812139 LoadBalance [#785] lane rescues performed: 3[0m
[33m/home/cvazquezperezdelacru/clio-core/context-runtime/src/scheduler/default_sched.cc:430 WARNING 1812139 LoadBalance [#781 PDF] observed exec-time bins (cumulative): <10us=43190254 <50us=565384 <500us=24805 <10ms=19015 <50ms=338 <500ms=293 <1s=0 >=1s=1 | stalls_detected=3[0m
[33m/home/cvazquezperezdelacru/clio-core/context-runtime/src/scheduler/default_sched.cc:439 WARNING 1812139 LoadBalance [#785] lane rescues performed: 3[0m
[33m/home/cvazquezperezdelacru/clio-core/context-runtime/src/scheduler/default_sched.cc:430 WARNING 1812139 LoadBalance [#781 PDF] observed exec-time bins (cumulative): <10us=43258644 <50us=565606 <500us=24813 <10ms=19017 <50ms=338 <500ms=293 <1s=0 >=1s=1 | stalls_detected=3[0m
[33m/home/cvazquezperezdelacru/clio-core/context-runtime/src/scheduler/default_sched.cc:439 WARNING 1812139 LoadBalance [#785] lane rescues performed: 3[0m
[33m/home/cvazquezperezdelacru/clio-core/context-runtime/src/scheduler/default_sched.cc:430 WARNING 1812139 LoadBalance [#781 PDF] observed exec-time bins (cumulative): <10us=43327075 <50us=565768 <500us=24822 <10ms=19018 <50ms=338 <500ms=293 <1s=0 >=1s=1 | stalls_detected=3[0m
[33m/home/cvazquezperezdelacru/clio-core/context-runtime/src/scheduler/default_sched.cc:439 WARNING 1812139 LoadBalance [#785] lane rescues performed: 3[0m
[33m/home/cvazquezperezdelacru/clio-core/context-runtime/src/scheduler/default_sched.cc:430 WARNING 1812139 LoadBalance [#781 PDF] observed exec-time bins (cumulative): <10us=43395399 <50us=566011 <500us=24830 <10ms=19020 <50ms=338 <500ms=293 <1s=0 >=1s=1 | stalls_detected=3[0m
[33m/home/cvazquezperezdelacru/clio-core/context-runtime/src/scheduler/default_sched.cc:439 WARNING 1812139 LoadBalance [#785] lane rescues performed: 3[0m
[33m/home/cvazquezperezdelacru/clio-core/context-runtime/src/scheduler/default_sched.cc:430 WARNING 1812139 LoadBalance [#781 PDF] observed exec-time bins (cumulative): <10us=43463584 <50us=566425 <500us=24838 <10ms=19022 <50ms=338 <500ms=293 <1s=0 >=1s=1 | stalls_detected=3[0m
[33m/home/cvazquezperezdelacru/clio-core/context-runtime/src/scheduler/default_sched.cc:439 WARNING 1812139 LoadBalance [#785] lane rescues performed: 3[0m
[33m/home/cvazquezperezdelacru/clio-core/context-runtime/src/scheduler/default_sched.cc:430 WARNING 1812139 LoadBalance [#781 PDF] observed exec-time bins (cumulative): <10us=43531928 <50us=566656 <500us=24844 <10ms=19023 <50ms=338 <500ms=293 <1s=0 >=1s=1 | stalls_detected=3[0m
[33m/home/cvazquezperezdelacru/clio-core/context-runtime/src/scheduler/default_sched.cc:439 WARNING 1812139 LoadBalance [#785] lane rescues performed: 3[0m
[33m/home/cvazquezperezdelacru/clio-core/context-runtime/src/scheduler/default_sched.cc:430 WARNING 1812139 LoadBalance [#781 PDF] observed exec-time bins (cumulative): <10us=43600217 <50us=566906 <500us=24853 <10ms=19024 <50ms=338 <500ms=293 <1s=0 >=1s=1 | stalls_detected=3[0m
[33m/home/cvazquezperezdelacru/clio-core/context-runtime/src/scheduler/default_sched.cc:439 WARNING 1812139 LoadBalance [#785] lane rescues performed: 3[0m
[33m/home/cvazquezperezdelacru/clio-core/context-runtime/src/scheduler/default_sched.cc:430 WARNING 1812139 LoadBalance [#781 PDF] observed exec-time bins (cumulative): <10us=43668559 <50us=567151 <500us=24859 <10ms=19025 <50ms=338 <500ms=293 <1s=0 >=1s=1 | stalls_detected=3[0m
[33m/home/cvazquezperezdelacru/clio-core/context-runtime/src/scheduler/default_sched.cc:439 WARNING 1812139 LoadBalance [#785] lane rescues performed: 3[0m
[33m/home/cvazquezperezdelacru/clio-core/context-runtime/src/scheduler/default_sched.cc:430 WARNING 1812139 LoadBalance [#781 PDF] observed exec-time bins (cumulative): <10us=43736518 <50us=567643 <500us=24867 <10ms=19026 <50ms=338 <500ms=293 <1s=0 >=1s=1 | stalls_detected=3[0m
[33m/home/cvazquezperezdelacru/clio-core/context-runtime/src/scheduler/default_sched.cc:439 WARNING 1812139 LoadBalance [#785] lane rescues performed: 3[0m
[33m/home/cvazquezperezdelacru/clio-core/context-runtime/src/scheduler/default_sched.cc:430 WARNING 1812139 LoadBalance [#781 PDF] observed exec-time bins (cumulative): <10us=43804116 <50us=568363 <500us=24875 <10ms=19027 <50ms=338 <500ms=293 <1s=0 >=1s=1 | stalls_detected=3[0m
[33m/home/cvazquezperezdelacru/clio-core/context-runtime/src/scheduler/default_sched.cc:439 WARNING 1812139 LoadBalance [#785] lane rescues performed: 3[0m
[33m/home/cvazquezperezdelacru/clio-core/context-runtime/src/scheduler/default_sched.cc:430 WARNING 1812139 LoadBalance [#781 PDF] observed exec-time bins (cumulative): <10us=43872353 <50us=568686 <500us=24885 <10ms=19028 <50ms=338 <500ms=293 <1s=0 >=1s=1 | stalls_detected=3[0m
[33m/home/cvazquezperezdelacru/clio-core/context-runtime/src/scheduler/default_sched.cc:439 WARNING 1812139 LoadBalance [#785] lane rescues performed: 3[0m
[33m/home/cvazquezperezdelacru/clio-core/context-runtime/src/scheduler/default_sched.cc:430 WARNING 1812139 LoadBalance [#781 PDF] observed exec-time bins (cumulative): <10us=43936724 <50us=571750 <500us=24891 <10ms=19029 <50ms=338 <500ms=293 <1s=0 >=1s=1 | stalls_detected=3[0m
[33m/home/cvazquezperezdelacru/clio-core/context-runtime/src/scheduler/default_sched.cc:439 WARNING 1812139 LoadBalance [#785] lane rescues performed: 3[0m
[33m/home/cvazquezperezdelacru/clio-core/context-runtime/src/scheduler/default_sched.cc:430 WARNING 1812139 LoadBalance [#781 PDF] observed exec-time bins (cumulative): <10us=44000668 <50us=575463 <500us=24897 <10ms=19031 <50ms=338 <500ms=293 <1s=0 >=1s=1 | stalls_detected=3[0m
[33m/home/cvazquezperezdelacru/clio-core/context-runtime/src/scheduler/default_sched.cc:439 WARNING 1812139 LoadBalance [#785] lane rescues performed: 3[0m
[33m/home/cvazquezperezdelacru/clio-core/context-runtime/src/scheduler/default_sched.cc:430 WARNING 1812139 LoadBalance [#781 PDF] observed exec-time bins (cumulative): <10us=44068801 <50us=575804 <500us=24905 <10ms=19033 <50ms=338 <500ms=293 <1s=0 >=1s=1 | stalls_detected=3[0m
[33m/home/cvazquezperezdelacru/clio-core/context-runtime/src/scheduler/default_sched.cc:439 WARNING 1812139 LoadBalance [#785] lane rescues performed: 3[0m
[33m/home/cvazquezperezdelacru/clio-core/context-runtime/src/scheduler/default_sched.cc:430 WARNING 1812139 LoadBalance [#781 PDF] observed exec-time bins (cumulative): <10us=44137172 <50us=575993 <500us=24910 <10ms=19035 <50ms=338 <500ms=293 <1s=0 >=1s=1 | stalls_detected=3[0m
[33m/home/cvazquezperezdelacru/clio-core/context-runtime/src/scheduler/default_sched.cc:439 WARNING 1812139 LoadBalance [#785] lane rescues performed: 3[0m
[33m/home/cvazquezperezdelacru/clio-core/context-runtime/src/scheduler/default_sched.cc:430 WARNING 1812139 LoadBalance [#781 PDF] observed exec-time bins (cumulative): <10us=44205105 <50us=576395 <500us=24917 <10ms=19036 <50ms=338 <500ms=293 <1s=0 >=1s=1 | stalls_detected=3[0m
[33m/home/cvazquezperezdelacru/clio-core/context-runtime/src/scheduler/default_sched.cc:439 WARNING 1812139 LoadBalance [#785] lane rescues performed: 3[0m
[33m/home/cvazquezperezdelacru/clio-core/context-runtime/src/scheduler/default_sched.cc:430 WARNING 1812139 LoadBalance [#781 PDF] observed exec-time bins (cumulative): <10us=44273394 <50us=576609 <500us=24927 <10ms=19038 <50ms=338 <500ms=293 <1s=0 >=1s=1 | stalls_detected=3[0m
[33m/home/cvazquezperezdelacru/clio-core/context-runtime/src/scheduler/default_sched.cc:439 WARNING 1812139 LoadBalance [#785] lane rescues performed: 3[0m
[33m/home/cvazquezperezdelacru/clio-core/context-runtime/src/scheduler/default_sched.cc:430 WARNING 1812139 LoadBalance [#781 PDF] observed exec-time bins (cumulative): <10us=44341532 <50us=576931 <500us=24937 <10ms=19039 <50ms=338 <500ms=293 <1s=0 >=1s=1 | stalls_detected=3[0m
[33m/home/cvazquezperezdelacru/clio-core/context-runtime/src/scheduler/default_sched.cc:439 WARNING 1812139 LoadBalance [#785] lane rescues performed: 3[0m
[33m/home/cvazquezperezdelacru/clio-core/context-runtime/src/scheduler/default_sched.cc:430 WARNING 1812139 LoadBalance [#781 PDF] observed exec-time bins (cumulative): <10us=44409747 <50us=577276 <500us=24946 <10ms=19040 <50ms=338 <500ms=293 <1s=0 >=1s=1 | stalls_detected=3[0m
[33m/home/cvazquezperezdelacru/clio-core/context-runtime/src/scheduler/default_sched.cc:439 WARNING 1812139 LoadBalance [#785] lane rescues performed: 3[0m
[33m/home/cvazquezperezdelacru/clio-core/context-runtime/src/scheduler/default_sched.cc:430 WARNING 1812139 LoadBalance [#781 PDF] observed exec-time bins (cumulative): <10us=44477792 <50us=577669 <500us=24953 <10ms=19041 <50ms=338 <500ms=293 <1s=0 >=1s=1 | stalls_detected=3[0m
[33m/home/cvazquezperezdelacru/clio-core/context-runtime/src/scheduler/default_sched.cc:439 WARNING 1812139 LoadBalance [#785] lane rescues performed: 3[0m
[33m/home/cvazquezperezdelacru/clio-core/context-runtime/src/scheduler/default_sched.cc:430 WARNING 1812139 LoadBalance [#781 PDF] observed exec-time bins (cumulative): <10us=44546062 <50us=577861 <500us=24962 <10ms=19043 <50ms=338 <500ms=293 <1s=0 >=1s=1 | stalls_detected=3[0m
[33m/home/cvazquezperezdelacru/clio-core/context-runtime/src/scheduler/default_sched.cc:439 WARNING 1812139 LoadBalance [#785] lane rescues performed: 3[0m
[33m/home/cvazquezperezdelacru/clio-core/context-runtime/src/scheduler/default_sched.cc:430 WARNING 1812139 LoadBalance [#781 PDF] observed exec-time bins (cumulative): <10us=44614180 <50us=578144 <500us=24977 <10ms=19044 <50ms=338 <500ms=293 <1s=0 >=1s=1 | stalls_detected=3[0m
[33m/home/cvazquezperezdelacru/clio-core/context-runtime/src/scheduler/default_sched.cc:439 WARNING 1812139 LoadBalance [#785] lane rescues performed: 3[0m
[33m/home/cvazquezperezdelacru/clio-core/context-runtime/src/scheduler/default_sched.cc:430 WARNING 1812139 LoadBalance [#781 PDF] observed exec-time bins (cumulative): <10us=44682516 <50us=578326 <500us=24983 <10ms=19045 <50ms=338 <500ms=293 <1s=0 >=1s=1 | stalls_detected=3[0m
[33m/home/cvazquezperezdelacru/clio-core/context-runtime/src/scheduler/default_sched.cc:439 WARNING 1812139 LoadBalance [#785] lane rescues performed: 3[0m
[33m/home/cvazquezperezdelacru/clio-core/context-runtime/src/scheduler/default_sched.cc:430 WARNING 1812139 LoadBalance [#781 PDF] observed exec-time bins (cumulative): <10us=44750724 <50us=578545 <500us=24990 <10ms=19046 <50ms=338 <500ms=293 <1s=0 >=1s=1 | stalls_detected=3[0m
[33m/home/cvazquezperezdelacru/clio-core/context-runtime/src/scheduler/default_sched.cc:439 WARNING 1812139 LoadBalance [#785] lane rescues performed: 3[0m
[33m/home/cvazquezperezdelacru/clio-core/context-runtime/src/scheduler/default_sched.cc:430 WARNING 1812139 LoadBalance [#781 PDF] observed exec-time bins (cumulative): <10us=44818974 <50us=578752 <500us=24999 <10ms=19048 <50ms=338 <500ms=293 <1s=0 >=1s=1 | stalls_detected=3[0m
[33m/home/cvazquezperezdelacru/clio-core/context-runtime/src/scheduler/default_sched.cc:439 WARNING 1812139 LoadBalance [#785] lane rescues performed: 3[0m
[33m/home/cvazquezperezdelacru/clio-core/context-runtime/src/scheduler/default_sched.cc:430 WARNING 1812139 LoadBalance [#781 PDF] observed exec-time bins (cumulative): <10us=44886996 <50us=579029 <500us=25006 <10ms=19050 <50ms=338 <500ms=293 <1s=0 >=1s=1 | stalls_detected=3[0m
[33m/home/cvazquezperezdelacru/clio-core/context-runtime/src/scheduler/default_sched.cc:439 WARNING 1812139 LoadBalance [#785] lane rescues performed: 3[0m
[33m/home/cvazquezperezdelacru/clio-core/context-runtime/src/scheduler/default_sched.cc:430 WARNING 1812139 LoadBalance [#781 PDF] observed exec-time bins (cumulative): <10us=44954735 <50us=579421 <500us=25016 <10ms=19051 <50ms=338 <500ms=293 <1s=0 >=1s=1 | stalls_detected=3[0m
[33m/home/cvazquezperezdelacru/clio-core/context-runtime/src/scheduler/default_sched.cc:439 WARNING 1812139 LoadBalance [#785] lane rescues performed: 3[0m
[33m/home/cvazquezperezdelacru/clio-core/context-runtime/src/scheduler/default_sched.cc:430 WARNING 1812139 LoadBalance [#781 PDF] observed exec-time bins (cumulative): <10us=45022283 <50us=580184 <500us=25025 <10ms=19052 <50ms=338 <500ms=293 <1s=0 >=1s=1 | stalls_detected=3[0m
[33m/home/cvazquezperezdelacru/clio-core/context-runtime/src/scheduler/default_sched.cc:439 WARNING 1812139 LoadBalance [#785] lane rescues performed: 3[0m
[33m/home/cvazquezperezdelacru/clio-core/context-runtime/src/scheduler/default_sched.cc:430 WARNING 1812139 LoadBalance [#781 PDF] observed exec-time bins (cumulative): <10us=45088702 <50us=581421 <500us=25032 <10ms=19054 <50ms=338 <500ms=293 <1s=0 >=1s=1 | stalls_detected=3[0m
[33m/home/cvazquezperezdelacru/clio-core/context-runtime/src/scheduler/default_sched.cc:439 WARNING 1812139 LoadBalance [#785] lane rescues performed: 3[0m
[33m/home/cvazquezperezdelacru/clio-core/context-runtime/src/scheduler/default_sched.cc:430 WARNING 1812139 LoadBalance [#781 PDF] observed exec-time bins (cumulative): <10us=45155552 <50us=582603 <500us=25038 <10ms=19055 <50ms=338 <500ms=293 <1s=0 >=1s=1 | stalls_detected=3[0m
[33m/home/cvazquezperezdelacru/clio-core/context-runtime/src/scheduler/default_sched.cc:439 WARNING 1812139 LoadBalance [#785] lane rescues performed: 3[0m
[33m/home/cvazquezperezdelacru/clio-core/context-runtime/src/scheduler/default_sched.cc:430 WARNING 1812139 LoadBalance [#781 PDF] observed exec-time bins (cumulative): <10us=45223434 <50us=583039 <500us=25049 <10ms=19057 <50ms=338 <500ms=293 <1s=0 >=1s=1 | stalls_detected=3[0m
[33m/home/cvazquezperezdelacru/clio-core/context-runtime/src/scheduler/default_sched.cc:439 WARNING 1812139 LoadBalance [#785] lane rescues performed: 3[0m
[33m/home/cvazquezperezdelacru/clio-core/context-runtime/src/scheduler/default_sched.cc:430 WARNING 1812139 LoadBalance [#781 PDF] observed exec-time bins (cumulative): <10us=45290902 <50us=584008 <500us=25059 <10ms=19058 <50ms=338 <500ms=293 <1s=0 >=1s=1 | stalls_detected=3[0m
[33m/home/cvazquezperezdelacru/clio-core/context-runtime/src/scheduler/default_sched.cc:439 WARNING 1812139 LoadBalance [#785] lane rescues performed: 3[0m
[33m/home/cvazquezperezdelacru/clio-core/context-runtime/src/scheduler/default_sched.cc:430 WARNING 1812139 LoadBalance [#781 PDF] observed exec-time bins (cumulative): <10us=45359351 <50us=584178 <500us=25067 <10ms=19060 <50ms=338 <500ms=293 <1s=0 >=1s=1 | stalls_detected=3[0m
[33m/home/cvazquezperezdelacru/clio-core/context-runtime/src/scheduler/default_sched.cc:439 WARNING 1812139 LoadBalance [#785] lane rescues performed: 3[0m
[33m/home/cvazquezperezdelacru/clio-core/context-runtime/src/scheduler/default_sched.cc:430 WARNING 1812139 LoadBalance [#781 PDF] observed exec-time bins (cumulative): <10us=45427139 <50us=584650 <500us=25074 <10ms=19061 <50ms=338 <500ms=293 <1s=0 >=1s=1 | stalls_detected=3[0m
[33m/home/cvazquezperezdelacru/clio-core/context-runtime/src/scheduler/default_sched.cc:439 WARNING 1812139 LoadBalance [#785] lane rescues performed: 3[0m
[33m/home/cvazquezperezdelacru/clio-core/context-runtime/src/scheduler/default_sched.cc:430 WARNING 1812139 LoadBalance [#781 PDF] observed exec-time bins (cumulative): <10us=45495160 <50us=585179 <500us=25083 <10ms=19063 <50ms=338 <500ms=293 <1s=0 >=1s=1 | stalls_detected=3[0m
[33m/home/cvazquezperezdelacru/clio-core/context-runtime/src/scheduler/default_sched.cc:439 WARNING 1812139 LoadBalance [#785] lane rescues performed: 3[0m
[33m/home/cvazquezperezdelacru/clio-core/context-runtime/src/scheduler/default_sched.cc:430 WARNING 1812139 LoadBalance [#781 PDF] observed exec-time bins (cumulative): <10us=45562830 <50us=586011 <500us=25090 <10ms=19064 <50ms=338 <500ms=293 <1s=0 >=1s=1 | stalls_detected=3[0m
[33m/home/cvazquezperezdelacru/clio-core/context-runtime/src/scheduler/default_sched.cc:439 WARNING 1812139 LoadBalance [#785] lane rescues performed: 3[0m
[33m/home/cvazquezperezdelacru/clio-core/context-runtime/src/scheduler/default_sched.cc:430 WARNING 1812139 LoadBalance [#781 PDF] observed exec-time bins (cumulative): <10us=45630869 <50us=586425 <500us=25098 <10ms=19065 <50ms=338 <500ms=293 <1s=0 >=1s=1 | stalls_detected=3[0m
[33m/home/cvazquezperezdelacru/clio-core/context-runtime/src/scheduler/default_sched.cc:439 WARNING 1812139 LoadBalance [#785] lane rescues performed: 3[0m
[33m/home/cvazquezperezdelacru/clio-core/context-runtime/src/scheduler/default_sched.cc:430 WARNING 1812139 LoadBalance [#781 PDF] observed exec-time bins (cumulative): <10us=45698375 <50us=587064 <500us=25106 <10ms=19066 <50ms=338 <500ms=293 <1s=0 >=1s=1 | stalls_detected=3[0m
[33m/home/cvazquezperezdelacru/clio-core/context-runtime/src/scheduler/default_sched.cc:439 WARNING 1812139 LoadBalance [#785] lane rescues performed: 3[0m
[33m/home/cvazquezperezdelacru/clio-core/context-runtime/src/scheduler/default_sched.cc:430 WARNING 1812139 LoadBalance [#781 PDF] observed exec-time bins (cumulative): <10us=45765744 <50us=587667 <500us=25113 <10ms=19067 <50ms=338 <500ms=293 <1s=0 >=1s=1 | stalls_detected=3[0m
[33m/home/cvazquezperezdelacru/clio-core/context-runtime/src/scheduler/default_sched.cc:439 WARNING 1812139 LoadBalance [#785] lane rescues performed: 3[0m
[33m/home/cvazquezperezdelacru/clio-core/context-runtime/src/scheduler/default_sched.cc:430 WARNING 1812139 LoadBalance [#781 PDF] observed exec-time bins (cumulative): <10us=45832295 <50us=589273 <500us=25125 <10ms=19068 <50ms=338 <500ms=293 <1s=0 >=1s=1 | stalls_detected=3[0m
[33m/home/cvazquezperezdelacru/clio-core/context-runtime/src/scheduler/default_sched.cc:439 WARNING 1812139 LoadBalance [#785] lane rescues performed: 3[0m
[33m/home/cvazquezperezdelacru/clio-core/context-runtime/src/scheduler/default_sched.cc:430 WARNING 1812139 LoadBalance [#781 PDF] observed exec-time bins (cumulative): <10us=45898722 <50us=590921 <500us=25132 <10ms=19069 <50ms=338 <500ms=293 <1s=0 >=1s=1 | stalls_detected=3[0m
[33m/home/cvazquezperezdelacru/clio-core/context-runtime/src/scheduler/default_sched.cc:439 WARNING 1812139 LoadBalance [#785] lane rescues performed: 3[0m
[33m/home/cvazquezperezdelacru/clio-core/context-runtime/src/scheduler/default_sched.cc:430 WARNING 1812139 LoadBalance [#781 PDF] observed exec-time bins (cumulative): <10us=45964947 <50us=592871 <500us=25142 <10ms=19070 <50ms=338 <500ms=293 <1s=0 >=1s=1 | stalls_detected=3[0m
[33m/home/cvazquezperezdelacru/clio-core/context-runtime/src/scheduler/default_sched.cc:439 WARNING 1812139 LoadBalance [#785] lane rescues performed: 3[0m
[33m/home/cvazquezperezdelacru/clio-core/context-runtime/src/scheduler/default_sched.cc:430 WARNING 1812139 LoadBalance [#781 PDF] observed exec-time bins (cumulative): <10us=46029139 <50us=596513 <500us=25149 <10ms=19071 <50ms=338 <500ms=293 <1s=0 >=1s=1 | stalls_detected=3[0m
[33m/home/cvazquezperezdelacru/clio-core/context-runtime/src/scheduler/default_sched.cc:439 WARNING 1812139 LoadBalance [#785] lane rescues performed: 3[0m
[33m/home/cvazquezperezdelacru/clio-core/context-runtime/src/scheduler/default_sched.cc:430 WARNING 1812139 LoadBalance [#781 PDF] observed exec-time bins (cumulative): <10us=46096770 <50us=597398 <500us=25157 <10ms=19072 <50ms=338 <500ms=293 <1s=0 >=1s=1 | stalls_detected=3[0m
[33m/home/cvazquezperezdelacru/clio-core/context-runtime/src/scheduler/default_sched.cc:439 WARNING 1812139 LoadBalance [#785] lane rescues performed: 3[0m
[33m/home/cvazquezperezdelacru/clio-core/context-runtime/src/scheduler/default_sched.cc:430 WARNING 1812139 LoadBalance [#781 PDF] observed exec-time bins (cumulative): <10us=46164551 <50us=597774 <500us=25165 <10ms=19075 <50ms=338 <500ms=293 <1s=0 >=1s=1 | stalls_detected=3[0m
[33m/home/cvazquezperezdelacru/clio-core/context-runtime/src/scheduler/default_sched.cc:439 WARNING 1812139 LoadBalance [#785] lane rescues performed: 3[0m
[33m/home/cvazquezperezdelacru/clio-core/context-runtime/src/scheduler/default_sched.cc:430 WARNING 1812139 LoadBalance [#781 PDF] observed exec-time bins (cumulative): <10us=46231747 <50us=598678 <500us=25173 <10ms=19076 <50ms=338 <500ms=293 <1s=0 >=1s=1 | stalls_detected=3[0m
[33m/home/cvazquezperezdelacru/clio-core/context-runtime/src/scheduler/default_sched.cc:439 WARNING 1812139 LoadBalance [#785] lane rescues performed: 3[0m
[33m/home/cvazquezperezdelacru/clio-core/context-runtime/src/scheduler/default_sched.cc:430 WARNING 1812139 LoadBalance [#781 PDF] observed exec-time bins (cumulative): <10us=46298522 <50us=600192 <500us=25179 <10ms=19077 <50ms=338 <500ms=293 <1s=0 >=1s=1 | stalls_detected=3[0m
[33m/home/cvazquezperezdelacru/clio-core/context-runtime/src/scheduler/default_sched.cc:439 WARNING 1812139 LoadBalance [#785] lane rescues performed: 3[0m
[33m/home/cvazquezperezdelacru/clio-core/context-runtime/src/scheduler/default_sched.cc:430 WARNING 1812139 LoadBalance [#781 PDF] observed exec-time bins (cumulative): <10us=46364182 <50us=602537 <500us=25186 <10ms=19079 <50ms=338 <500ms=293 <1s=0 >=1s=1 | stalls_detected=3[0m
[33m/home/cvazquezperezdelacru/clio-core/context-runtime/src/scheduler/default_sched.cc:439 WARNING 1812139 LoadBalance [#785] lane rescues performed: 3[0m
[33m/home/cvazquezperezdelacru/clio-core/context-runtime/src/scheduler/default_sched.cc:430 WARNING 1812139 LoadBalance [#781 PDF] observed exec-time bins (cumulative): <10us=46432540 <50us=602756 <500us=25193 <10ms=19080 <50ms=338 <500ms=293 <1s=0 >=1s=1 | stalls_detected=3[0m
[33m/home/cvazquezperezdelacru/clio-core/context-runtime/src/scheduler/default_sched.cc:439 WARNING 1812139 LoadBalance [#785] lane rescues performed: 3[0m
[33m/home/cvazquezperezdelacru/clio-core/context-runtime/src/scheduler/default_sched.cc:430 WARNING 1812139 LoadBalance [#781 PDF] observed exec-time bins (cumulative): <10us=46500733 <50us=603112 <500us=25200 <10ms=19081 <50ms=338 <500ms=293 <1s=0 >=1s=1 | stalls_detected=3[0m
[33m/home/cvazquezperezdelacru/clio-core/context-runtime/src/scheduler/default_sched.cc:439 WARNING 1812139 LoadBalance [#785] lane rescues performed: 3[0m
[33m/home/cvazquezperezdelacru/clio-core/context-runtime/src/scheduler/default_sched.cc:430 WARNING 1812139 LoadBalance [#781 PDF] observed exec-time bins (cumulative): <10us=46568671 <50us=603685 <500us=25208 <10ms=19083 <50ms=338 <500ms=293 <1s=0 >=1s=1 | stalls_detected=3[0m
[33m/home/cvazquezperezdelacru/clio-core/context-runtime/src/scheduler/default_sched.cc:439 WARNING 1812139 LoadBalance [#785] lane rescues performed: 3[0m
[33m/home/cvazquezperezdelacru/clio-core/context-runtime/src/scheduler/default_sched.cc:430 WARNING 1812139 LoadBalance [#781 PDF] observed exec-time bins (cumulative): <10us=46637005 <50us=603929 <500us=25216 <10ms=19085 <50ms=338 <500ms=293 <1s=0 >=1s=1 | stalls_detected=3[0m
[33m/home/cvazquezperezdelacru/clio-core/context-runtime/src/scheduler/default_sched.cc:439 WARNING 1812139 LoadBalance [#785] lane rescues performed: 3[0m
[33m/home/cvazquezperezdelacru/clio-core/context-runtime/src/scheduler/default_sched.cc:430 WARNING 1812139 LoadBalance [#781 PDF] observed exec-time bins (cumulative): <10us=46705248 <50us=604282 <500us=25222 <10ms=19086 <50ms=338 <500ms=293 <1s=0 >=1s=1 | stalls_detected=3[0m
[33m/home/cvazquezperezdelacru/clio-core/context-runtime/src/scheduler/default_sched.cc:439 WARNING 1812139 LoadBalance [#785] lane rescues performed: 3[0m
[33m/home/cvazquezperezdelacru/clio-core/context-runtime/src/scheduler/default_sched.cc:430 WARNING 1812139 LoadBalance [#781 PDF] observed exec-time bins (cumulative): <10us=46773461 <50us=604669 <500us=25228 <10ms=19088 <50ms=338 <500ms=293 <1s=0 >=1s=1 | stalls_detected=3[0m
[33m/home/cvazquezperezdelacru/clio-core/context-runtime/src/scheduler/default_sched.cc:439 WARNING 1812139 LoadBalance [#785] lane rescues performed: 3[0m
[33m/home/cvazquezperezdelacru/clio-core/context-runtime/src/scheduler/default_sched.cc:430 WARNING 1812139 LoadBalance [#781 PDF] observed exec-time bins (cumulative): <10us=46841426 <50us=605106 <500us=25235 <10ms=19089 <50ms=338 <500ms=293 <1s=0 >=1s=1 | stalls_detected=3[0m
[33m/home/cvazquezperezdelacru/clio-core/context-runtime/src/scheduler/default_sched.cc:439 WARNING 1812139 LoadBalance [#785] lane rescues performed: 3[0m
[33m/home/cvazquezperezdelacru/clio-core/context-runtime/src/scheduler/default_sched.cc:430 WARNING 1812139 LoadBalance [#781 PDF] observed exec-time bins (cumulative): <10us=46909638 <50us=605471 <500us=25243 <10ms=19090 <50ms=338 <500ms=293 <1s=0 >=1s=1 | stalls_detected=3[0m
[33m/home/cvazquezperezdelacru/clio-core/context-runtime/src/scheduler/default_sched.cc:439 WARNING 1812139 LoadBalance [#785] lane rescues performed: 3[0m
[33m/home/cvazquezperezdelacru/clio-core/context-runtime/src/scheduler/default_sched.cc:430 WARNING 1812139 LoadBalance [#781 PDF] observed exec-time bins (cumulative): <10us=46977499 <50us=606079 <500us=25250 <10ms=19091 <50ms=338 <500ms=293 <1s=0 >=1s=1 | stalls_detected=3[0m
[33m/home/cvazquezperezdelacru/clio-core/context-runtime/src/scheduler/default_sched.cc:439 WARNING 1812139 LoadBalance [#785] lane rescues performed: 3[0m
[33m/home/cvazquezperezdelacru/clio-core/context-runtime/src/scheduler/default_sched.cc:430 WARNING 1812139 LoadBalance [#781 PDF] observed exec-time bins (cumulative): <10us=47045319 <50us=606772 <500us=25256 <10ms=19092 <50ms=338 <500ms=293 <1s=0 >=1s=1 | stalls_detected=3[0m
[33m/home/cvazquezperezdelacru/clio-core/context-runtime/src/scheduler/default_sched.cc:439 WARNING 1812139 LoadBalance [#785] lane rescues performed: 3[0m
[33m/home/cvazquezperezdelacru/clio-core/context-runtime/src/scheduler/default_sched.cc:430 WARNING 1812139 LoadBalance [#781 PDF] observed exec-time bins (cumulative): <10us=47112633 <50us=607604 <500us=25266 <10ms=19093 <50ms=338 <500ms=293 <1s=0 >=1s=1 | stalls_detected=3[0m
[33m/home/cvazquezperezdelacru/clio-core/context-runtime/src/scheduler/default_sched.cc:439 WARNING 1812139 LoadBalance [#785] lane rescues performed: 3[0m
[33m/home/cvazquezperezdelacru/clio-core/context-runtime/src/scheduler/default_sched.cc:430 WARNING 1812139 LoadBalance [#781 PDF] observed exec-time bins (cumulative): <10us=47178367 <50us=608722 <500us=25274 <10ms=19094 <50ms=338 <500ms=293 <1s=0 >=1s=1 | stalls_detected=3[0m
[33m/home/cvazquezperezdelacru/clio-core/context-runtime/src/scheduler/default_sched.cc:439 WARNING 1812139 LoadBalance [#785] lane rescues performed: 3[0m
[33m/home/cvazquezperezdelacru/clio-core/context-runtime/src/scheduler/default_sched.cc:430 WARNING 1812139 LoadBalance [#781 PDF] observed exec-time bins (cumulative): <10us=47244601 <50us=610949 <500us=25280 <10ms=19096 <50ms=338 <500ms=293 <1s=0 >=1s=1 | stalls_detected=3[0m
[33m/home/cvazquezperezdelacru/clio-core/context-runtime/src/scheduler/default_sched.cc:439 WARNING 1812139 LoadBalance [#785] lane rescues performed: 3[0m
[33m/home/cvazquezperezdelacru/clio-core/context-runtime/src/scheduler/default_sched.cc:430 WARNING 1812139 LoadBalance [#781 PDF] observed exec-time bins (cumulative): <10us=47310251 <50us=613767 <500us=25287 <10ms=19097 <50ms=338 <500ms=293 <1s=0 >=1s=1 | stalls_detected=3[0m
[33m/home/cvazquezperezdelacru/clio-core/context-runtime/src/scheduler/default_sched.cc:439 WARNING 1812139 LoadBalance [#785] lane rescues performed: 3[0m
[33m/home/cvazquezperezdelacru/clio-core/context-runtime/src/scheduler/default_sched.cc:430 WARNING 1812139 LoadBalance [#781 PDF] observed exec-time bins (cumulative): <10us=47377483 <50us=615071 <500us=25297 <10ms=19098 <50ms=338 <500ms=293 <1s=0 >=1s=1 | stalls_detected=3[0m
[33m/home/cvazquezperezdelacru/clio-core/context-runtime/src/scheduler/default_sched.cc:439 WARNING 1812139 LoadBalance [#785] lane rescues performed: 3[0m
[33m/home/cvazquezperezdelacru/clio-core/context-runtime/src/scheduler/default_sched.cc:430 WARNING 1812139 LoadBalance [#781 PDF] observed exec-time bins (cumulative): <10us=47445593 <50us=615554 <500us=25304 <10ms=19099 <50ms=338 <500ms=293 <1s=0 >=1s=1 | stalls_detected=3[0m
[33m/home/cvazquezperezdelacru/clio-core/context-runtime/src/scheduler/default_sched.cc:439 WARNING 1812139 LoadBalance [#785] lane rescues performed: 3[0m
[33m/home/cvazquezperezdelacru/clio-core/context-runtime/src/scheduler/default_sched.cc:430 WARNING 1812139 LoadBalance [#781 PDF] observed exec-time bins (cumulative): <10us=47510999 <50us=618181 <500us=25312 <10ms=19101 <50ms=338 <500ms=293 <1s=0 >=1s=1 | stalls_detected=3[0m
[33m/home/cvazquezperezdelacru/clio-core/context-runtime/src/scheduler/default_sched.cc:439 WARNING 1812139 LoadBalance [#785] lane rescues performed: 3[0m
[33m/home/cvazquezperezdelacru/clio-core/context-runtime/src/scheduler/default_sched.cc:430 WARNING 1812139 LoadBalance [#781 PDF] observed exec-time bins (cumulative): <10us=47578319 <50us=619265 <500us=25318 <10ms=19102 <50ms=338 <500ms=293 <1s=0 >=1s=1 | stalls_detected=3[0m
[33m/home/cvazquezperezdelacru/clio-core/context-runtime/src/scheduler/default_sched.cc:439 WARNING 1812139 LoadBalance [#785] lane rescues performed: 3[0m
[33m/home/cvazquezperezdelacru/clio-core/context-runtime/src/scheduler/default_sched.cc:430 WARNING 1812139 LoadBalance [#781 PDF] observed exec-time bins (cumulative): <10us=47645309 <50us=620563 <500us=25324 <10ms=19103 <50ms=338 <500ms=293 <1s=0 >=1s=1 | stalls_detected=3[0m
[33m/home/cvazquezperezdelacru/clio-core/context-runtime/src/scheduler/default_sched.cc:439 WARNING 1812139 LoadBalance [#785] lane rescues performed: 3[0m
[33m/home/cvazquezperezdelacru/clio-core/context-runtime/src/scheduler/default_sched.cc:430 WARNING 1812139 LoadBalance [#781 PDF] observed exec-time bins (cumulative): <10us=47713039 <50us=621034 <500us=25334 <10ms=19104 <50ms=338 <500ms=293 <1s=0 >=1s=1 | stalls_detected=3[0m
[33m/home/cvazquezperezdelacru/clio-core/context-runtime/src/scheduler/default_sched.cc:439 WARNING 1812139 LoadBalance [#785] lane rescues performed: 3[0m
[33m/home/cvazquezperezdelacru/clio-core/context-runtime/src/scheduler/default_sched.cc:430 WARNING 1812139 LoadBalance [#781 PDF] observed exec-time bins (cumulative): <10us=47780806 <50us=621623 <500us=25343 <10ms=19105 <50ms=338 <500ms=293 <1s=0 >=1s=1 | stalls_detected=3[0m
[33m/home/cvazquezperezdelacru/clio-core/context-runtime/src/scheduler/default_sched.cc:439 WARNING 1812139 LoadBalance [#785] lane rescues performed: 3[0m
[33m/home/cvazquezperezdelacru/clio-core/context-runtime/src/scheduler/default_sched.cc:430 WARNING 1812139 LoadBalance [#781 PDF] observed exec-time bins (cumulative): <10us=47849158 <50us=621815 <500us=25349 <10ms=19106 <50ms=338 <500ms=293 <1s=0 >=1s=1 | stalls_detected=3[0m
[33m/home/cvazquezperezdelacru/clio-core/context-runtime/src/scheduler/default_sched.cc:439 WARNING 1812139 LoadBalance [#785] lane rescues performed: 3[0m
[33m/home/cvazquezperezdelacru/clio-core/context-runtime/src/scheduler/default_sched.cc:430 WARNING 1812139 LoadBalance [#781 PDF] observed exec-time bins (cumulative): <10us=47916873 <50us=622595 <500us=25355 <10ms=19107 <50ms=338 <500ms=293 <1s=0 >=1s=1 | stalls_detected=3[0m
[33m/home/cvazquezperezdelacru/clio-core/context-runtime/src/scheduler/default_sched.cc:439 WARNING 1812139 LoadBalance [#785] lane rescues performed: 3[0m
[33m/home/cvazquezperezdelacru/clio-core/context-runtime/src/scheduler/default_sched.cc:430 WARNING 1812139 LoadBalance [#781 PDF] observed exec-time bins (cumulative): <10us=47985158 <50us=622800 <500us=25363 <10ms=19108 <50ms=338 <500ms=293 <1s=0 >=1s=1 | stalls_detected=3[0m
[33m/home/cvazquezperezdelacru/clio-core/context-runtime/src/scheduler/default_sched.cc:439 WARNING 1812139 LoadBalance [#785] lane rescues performed: 3[0m
[33m/home/cvazquezperezdelacru/clio-core/context-runtime/src/scheduler/default_sched.cc:430 WARNING 1812139 LoadBalance [#781 PDF] observed exec-time bins (cumulative): <10us=48052912 <50us=623494 <500us=25371 <10ms=19109 <50ms=338 <500ms=293 <1s=0 >=1s=1 | stalls_detected=3[0m
[33m/home/cvazquezperezdelacru/clio-core/context-runtime/src/scheduler/default_sched.cc:439 WARNING 1812139 LoadBalance [#785] lane rescues performed: 3[0m
[33m/home/cvazquezperezdelacru/clio-core/context-runtime/src/scheduler/default_sched.cc:430 WARNING 1812139 LoadBalance [#781 PDF] observed exec-time bins (cumulative): <10us=48121297 <50us=623703 <500us=25380 <10ms=19110 <50ms=338 <500ms=293 <1s=0 >=1s=1 | stalls_detected=3[0m
[33m/home/cvazquezperezdelacru/clio-core/context-runtime/src/scheduler/default_sched.cc:439 WARNING 1812139 LoadBalance [#785] lane rescues performed: 3[0m
[33m/home/cvazquezperezdelacru/clio-core/context-runtime/src/scheduler/default_sched.cc:430 WARNING 1812139 LoadBalance [#781 PDF] observed exec-time bins (cumulative): <10us=48189512 <50us=624020 <500us=25388 <10ms=19111 <50ms=338 <500ms=293 <1s=0 >=1s=1 | stalls_detected=3[0m
[33m/home/cvazquezperezdelacru/clio-core/context-runtime/src/scheduler/default_sched.cc:439 WARNING 1812139 LoadBalance [#785] lane rescues performed: 3[0m
[33m/home/cvazquezperezdelacru/clio-core/context-runtime/src/scheduler/default_sched.cc:430 WARNING 1812139 LoadBalance [#781 PDF] observed exec-time bins (cumulative): <10us=48257755 <50us=624312 <500us=25398 <10ms=19113 <50ms=338 <500ms=293 <1s=0 >=1s=1 | stalls_detected=3[0m
[33m/home/cvazquezperezdelacru/clio-core/context-runtime/src/scheduler/default_sched.cc:439 WARNING 1812139 LoadBalance [#785] lane rescues performed: 3[0m
[33m/home/cvazquezperezdelacru/clio-core/context-runtime/src/scheduler/default_sched.cc:430 WARNING 1812139 LoadBalance [#781 PDF] observed exec-time bins (cumulative): <10us=48325709 <50us=624697 <500us=25407 <10ms=19115 <50ms=338 <500ms=293 <1s=0 >=1s=1 | stalls_detected=3[0m
[33m/home/cvazquezperezdelacru/clio-core/context-runtime/src/scheduler/default_sched.cc:439 WARNING 1812139 LoadBalance [#785] lane rescues performed: 3[0m
[33m/home/cvazquezperezdelacru/clio-core/context-runtime/src/scheduler/default_sched.cc:430 WARNING 1812139 LoadBalance [#781 PDF] observed exec-time bins (cumulative): <10us=48393851 <50us=624963 <500us=25416 <10ms=19117 <50ms=338 <500ms=293 <1s=0 >=1s=1 | stalls_detected=3[0m
[33m/home/cvazquezperezdelacru/clio-core/context-runtime/src/scheduler/default_sched.cc:439 WARNING 1812139 LoadBalance [#785] lane rescues performed: 3[0m
[33m/home/cvazquezperezdelacru/clio-core/context-runtime/src/scheduler/default_sched.cc:430 WARNING 1812139 LoadBalance [#781 PDF] observed exec-time bins (cumulative): <10us=48462096 <50us=625205 <500us=25423 <10ms=19118 <50ms=338 <500ms=293 <1s=0 >=1s=1 | stalls_detected=3[0m
[33m/home/cvazquezperezdelacru/clio-core/context-runtime/src/scheduler/default_sched.cc:439 WARNING 1812139 LoadBalance [#785] lane rescues performed: 3[0m
[33m/home/cvazquezperezdelacru/clio-core/context-runtime/src/scheduler/default_sched.cc:430 WARNING 1812139 LoadBalance [#781 PDF] observed exec-time bins (cumulative): <10us=48530265 <50us=625478 <500us=25431 <10ms=19119 <50ms=338 <500ms=293 <1s=0 >=1s=1 | stalls_detected=3[0m
[33m/home/cvazquezperezdelacru/clio-core/context-runtime/src/scheduler/default_sched.cc:439 WARNING 1812139 LoadBalance [#785] lane rescues performed: 3[0m
[33m/home/cvazquezperezdelacru/clio-core/context-runtime/src/scheduler/default_sched.cc:430 WARNING 1812139 LoadBalance [#781 PDF] observed exec-time bins (cumulative): <10us=48597561 <50us=626432 <500us=25438 <10ms=19121 <50ms=338 <500ms=293 <1s=0 >=1s=1 | stalls_detected=3[0m
[33m/home/cvazquezperezdelacru/clio-core/context-runtime/src/scheduler/default_sched.cc:439 WARNING 1812139 LoadBalance [#785] lane rescues performed: 3[0m
[33m/home/cvazquezperezdelacru/clio-core/context-runtime/src/scheduler/default_sched.cc:430 WARNING 1812139 LoadBalance [#781 PDF] observed exec-time bins (cumulative): <10us=48664234 <50us=627998 <500us=25447 <10ms=19123 <50ms=338 <500ms=293 <1s=0 >=1s=1 | stalls_detected=3[0m
[33m/home/cvazquezperezdelacru/clio-core/context-runtime/src/scheduler/default_sched.cc:439 WARNING 1812139 LoadBalance [#785] lane rescues performed: 3[0m
[33m/home/cvazquezperezdelacru/clio-core/context-runtime/src/scheduler/default_sched.cc:430 WARNING 1812139 LoadBalance [#781 PDF] observed exec-time bins (cumulative): <10us=48729206 <50us=630919 <500us=25453 <10ms=19125 <50ms=338 <500ms=293 <1s=0 >=1s=1 | stalls_detected=3[0m
[33m/home/cvazquezperezdelacru/clio-core/context-runtime/src/scheduler/default_sched.cc:439 WARNING 1812139 LoadBalance [#785] lane rescues performed: 3[0m
[33m/home/cvazquezperezdelacru/clio-core/context-runtime/src/scheduler/default_sched.cc:430 WARNING 1812139 LoadBalance [#781 PDF] observed exec-time bins (cumulative): <10us=48797124 <50us=631172 <500us=25463 <10ms=19126 <50ms=338 <500ms=293 <1s=0 >=1s=1 | stalls_detected=3[0m
[33m/home/cvazquezperezdelacru/clio-core/context-runtime/src/scheduler/default_sched.cc:439 WARNING 1812139 LoadBalance [#785] lane rescues performed: 3[0m
[33m/home/cvazquezperezdelacru/clio-core/context-runtime/src/scheduler/default_sched.cc:430 WARNING 1812139 LoadBalance [#781 PDF] observed exec-time bins (cumulative): <10us=48865158 <50us=631427 <500us=25469 <10ms=19127 <50ms=338 <500ms=293 <1s=0 >=1s=1 | stalls_detected=3[0m
[33m/home/cvazquezperezdelacru/clio-core/context-runtime/src/scheduler/default_sched.cc:439 WARNING 1812139 LoadBalance [#785] lane rescues performed: 3[0m
[33m/home/cvazquezperezdelacru/clio-core/context-runtime/src/scheduler/default_sched.cc:430 WARNING 1812139 LoadBalance [#781 PDF] observed exec-time bins (cumulative): <10us=48933271 <50us=631658 <500us=25478 <10ms=19128 <50ms=338 <500ms=293 <1s=0 >=1s=1 | stalls_detected=3[0m
[33m/home/cvazquezperezdelacru/clio-core/context-runtime/src/scheduler/default_sched.cc:439 WARNING 1812139 LoadBalance [#785] lane rescues performed: 3[0m
[33m/home/cvazquezperezdelacru/clio-core/context-runtime/src/scheduler/default_sched.cc:430 WARNING 1812139 LoadBalance [#781 PDF] observed exec-time bins (cumulative): <10us=49001335 <50us=631947 <500us=25484 <10ms=19129 <50ms=338 <500ms=293 <1s=0 >=1s=1 | stalls_detected=3[0m
[33m/home/cvazquezperezdelacru/clio-core/context-runtime/src/scheduler/default_sched.cc:439 WARNING 1812139 LoadBalance [#785] lane rescues performed: 3[0m
[33m/home/cvazquezperezdelacru/clio-core/context-runtime/src/scheduler/default_sched.cc:430 WARNING 1812139 LoadBalance [#781 PDF] observed exec-time bins (cumulative): <10us=49069615 <50us=632260 <500us=25495 <10ms=19130 <50ms=338 <500ms=293 <1s=0 >=1s=1 | stalls_detected=3[0m
[33m/home/cvazquezperezdelacru/clio-core/context-runtime/src/scheduler/default_sched.cc:439 WARNING 1812139 LoadBalance [#785] lane rescues performed: 3[0m
[33m/home/cvazquezperezdelacru/clio-core/context-runtime/src/scheduler/default_sched.cc:430 WARNING 1812139 LoadBalance [#781 PDF] observed exec-time bins (cumulative): <10us=49137452 <50us=632807 <500us=25501 <10ms=19131 <50ms=338 <500ms=293 <1s=0 >=1s=1 | stalls_detected=3[0m
[33m/home/cvazquezperezdelacru/clio-core/context-runtime/src/scheduler/default_sched.cc:439 WARNING 1812139 LoadBalance [#785] lane rescues performed: 3[0m
[33m/home/cvazquezperezdelacru/clio-core/context-runtime/src/scheduler/default_sched.cc:430 WARNING 1812139 LoadBalance [#781 PDF] observed exec-time bins (cumulative): <10us=49205674 <50us=633095 <500us=25509 <10ms=19132 <50ms=338 <500ms=293 <1s=0 >=1s=1 | stalls_detected=3[0m
[33m/home/cvazquezperezdelacru/clio-core/context-runtime/src/scheduler/default_sched.cc:439 WARNING 1812139 LoadBalance [#785] lane rescues performed: 3[0m
[33m/home/cvazquezperezdelacru/clio-core/context-runtime/src/scheduler/default_sched.cc:430 WARNING 1812139 LoadBalance [#781 PDF] observed exec-time bins (cumulative): <10us=49273612 <50us=633633 <500us=25517 <10ms=19134 <50ms=338 <500ms=293 <1s=0 >=1s=1 | stalls_detected=3[0m
[33m/home/cvazquezperezdelacru/clio-core/context-runtime/src/scheduler/default_sched.cc:439 WARNING 1812139 LoadBalance [#785] lane rescues performed: 3[0m
[33m/home/cvazquezperezdelacru/clio-core/context-runtime/src/scheduler/default_sched.cc:430 WARNING 1812139 LoadBalance [#781 PDF] observed exec-time bins (cumulative): <10us=49339312 <50us=636277 <500us=25527 <10ms=19135 <50ms=338 <500ms=293 <1s=0 >=1s=1 | stalls_detected=3[0m
[33m/home/cvazquezperezdelacru/clio-core/context-runtime/src/scheduler/default_sched.cc:439 WARNING 1812139 LoadBalance [#785] lane rescues performed: 3[0m
[33m/home/cvazquezperezdelacru/clio-core/context-runtime/src/scheduler/default_sched.cc:430 WARNING 1812139 LoadBalance [#781 PDF] observed exec-time bins (cumulative): <10us=49406463 <50us=637494 <500us=25534 <10ms=19136 <50ms=338 <500ms=293 <1s=0 >=1s=1 | stalls_detected=3[0m
[33m/home/cvazquezperezdelacru/clio-core/context-runtime/src/scheduler/default_sched.cc:439 WARNING 1812139 LoadBalance [#785] lane rescues performed: 3[0m
[33m/home/cvazquezperezdelacru/clio-core/context-runtime/src/scheduler/default_sched.cc:430 WARNING 1812139 LoadBalance [#781 PDF] observed exec-time bins (cumulative): <10us=49474544 <50us=637808 <500us=25541 <10ms=19137 <50ms=338 <500ms=293 <1s=0 >=1s=1 | stalls_detected=3[0m
[33m/home/cvazquezperezdelacru/clio-core/context-runtime/src/scheduler/default_sched.cc:439 WARNING 1812139 LoadBalance [#785] lane rescues performed: 3[0m
[33m/home/cvazquezperezdelacru/clio-core/context-runtime/src/scheduler/default_sched.cc:430 WARNING 1812139 LoadBalance [#781 PDF] observed exec-time bins (cumulative): <10us=49539554 <50us=640717 <500us=25551 <10ms=19138 <50ms=338 <500ms=293 <1s=0 >=1s=1 | stalls_detected=3[0m
[33m/home/cvazquezperezdelacru/clio-core/context-runtime/src/scheduler/default_sched.cc:439 WARNING 1812139 LoadBalance [#785] lane rescues performed: 3[0m
[33m/home/cvazquezperezdelacru/clio-core/context-runtime/src/scheduler/default_sched.cc:430 WARNING 1812139 LoadBalance [#781 PDF] observed exec-time bins (cumulative): <10us=49607793 <50us=641051 <500us=25557 <10ms=19140 <50ms=338 <500ms=293 <1s=0 >=1s=1 | stalls_detected=3[0m
[33m/home/cvazquezperezdelacru/clio-core/context-runtime/src/scheduler/default_sched.cc:439 WARNING 1812139 LoadBalance [#785] lane rescues performed: 3[0m
[33m/home/cvazquezperezdelacru/clio-core/context-runtime/src/scheduler/default_sched.cc:430 WARNING 1812139 LoadBalance [#781 PDF] observed exec-time bins (cumulative): <10us=49676020 <50us=641394 <500us=25566 <10ms=19141 <50ms=338 <500ms=293 <1s=0 >=1s=1 | stalls_detected=3[0m
[33m/home/cvazquezperezdelacru/clio-core/context-runtime/src/scheduler/default_sched.cc:439 WARNING 1812139 LoadBalance [#785] lane rescues performed: 3[0m
[33m/home/cvazquezperezdelacru/clio-core/context-runtime/src/scheduler/default_sched.cc:430 WARNING 1812139 LoadBalance [#781 PDF] observed exec-time bins (cumulative): <10us=49744176 <50us=641758 <500us=25574 <10ms=19142 <50ms=338 <500ms=293 <1s=0 >=1s=1 | stalls_detected=3[0m
[33m/home/cvazquezperezdelacru/clio-core/context-runtime/src/scheduler/default_sched.cc:439 WARNING 1812139 LoadBalance [#785] lane rescues performed: 3[0m
[33m/home/cvazquezperezdelacru/clio-core/context-runtime/src/scheduler/default_sched.cc:430 WARNING 1812139 LoadBalance [#781 PDF] observed exec-time bins (cumulative): <10us=49812469 <50us=642023 <500us=25580 <10ms=19143 <50ms=338 <500ms=293 <1s=0 >=1s=1 | stalls_detected=3[0m
[33m/home/cvazquezperezdelacru/clio-core/context-runtime/src/scheduler/default_sched.cc:439 WARNING 1812139 LoadBalance [#785] lane rescues performed: 3[0m
[33m/home/cvazquezperezdelacru/clio-core/context-runtime/src/scheduler/default_sched.cc:430 WARNING 1812139 LoadBalance [#781 PDF] observed exec-time bins (cumulative): <10us=49879729 <50us=643113 <500us=25591 <10ms=19144 <50ms=338 <500ms=293 <1s=0 >=1s=1 | stalls_detected=3[0m
[33m/home/cvazquezperezdelacru/clio-core/context-runtime/src/scheduler/default_sched.cc:439 WARNING 1812139 LoadBalance [#785] lane rescues performed: 3[0m
[33m/home/cvazquezperezdelacru/clio-core/context-runtime/src/scheduler/default_sched.cc:430 WARNING 1812139 LoadBalance [#781 PDF] observed exec-time bins (cumulative): <10us=49947987 <50us=643455 <500us=25599 <10ms=19145 <50ms=338 <500ms=293 <1s=0 >=1s=1 | stalls_detected=3[0m
[33m/home/cvazquezperezdelacru/clio-core/context-runtime/src/scheduler/default_sched.cc:439 WARNING 1812139 LoadBalance [#785] lane rescues performed: 3[0m
[33m/home/cvazquezperezdelacru/clio-core/context-runtime/src/scheduler/default_sched.cc:430 WARNING 1812139 LoadBalance [#781 PDF] observed exec-time bins (cumulative): <10us=50016237 <50us=643777 <500us=25605 <10ms=19146 <50ms=338 <500ms=293 <1s=0 >=1s=1 | stalls_detected=3[0m
[33m/home/cvazquezperezdelacru/clio-core/context-runtime/src/scheduler/default_sched.cc:439 WARNING 1812139 LoadBalance [#785] lane rescues performed: 3[0m
[33m/home/cvazquezperezdelacru/clio-core/context-runtime/src/scheduler/default_sched.cc:430 WARNING 1812139 LoadBalance [#781 PDF] observed exec-time bins (cumulative): <10us=50084581 <50us=644025 <500us=25611 <10ms=19147 <50ms=338 <500ms=293 <1s=0 >=1s=1 | stalls_detected=3[0m
[33m/home/cvazquezperezdelacru/clio-core/context-runtime/src/scheduler/default_sched.cc:439 WARNING 1812139 LoadBalance [#785] lane rescues performed: 3[0m
[33m/home/cvazquezperezdelacru/clio-core/context-runtime/src/scheduler/default_sched.cc:430 WARNING 1812139 LoadBalance [#781 PDF] observed exec-time bins (cumulative): <10us=50152885 <50us=644287 <500us=25620 <10ms=19149 <50ms=338 <500ms=293 <1s=0 >=1s=1 | stalls_detected=3[0m
[33m/home/cvazquezperezdelacru/clio-core/context-runtime/src/scheduler/default_sched.cc:439 WARNING 1812139 LoadBalance [#785] lane rescues performed: 3[0m
[33m/home/cvazquezperezdelacru/clio-core/context-runtime/src/scheduler/default_sched.cc:430 WARNING 1812139 LoadBalance [#781 PDF] observed exec-time bins (cumulative): <10us=50221146 <50us=644599 <500us=25628 <10ms=19151 <50ms=338 <500ms=293 <1s=0 >=1s=1 | stalls_detected=3[0m
[33m/home/cvazquezperezdelacru/clio-core/context-runtime/src/scheduler/default_sched.cc:439 WARNING 1812139 LoadBalance [#785] lane rescues performed: 3[0m
[33m/home/cvazquezperezdelacru/clio-core/context-runtime/src/scheduler/default_sched.cc:430 WARNING 1812139 LoadBalance [#781 PDF] observed exec-time bins (cumulative): <10us=50289368 <50us=644869 <500us=25637 <10ms=19153 <50ms=338 <500ms=293 <1s=0 >=1s=1 | stalls_detected=3[0m
[33m/home/cvazquezperezdelacru/clio-core/context-runtime/src/scheduler/default_sched.cc:439 WARNING 1812139 LoadBalance [#785] lane rescues performed: 3[0m
[33m/home/cvazquezperezdelacru/clio-core/context-runtime/src/scheduler/default_sched.cc:430 WARNING 1812139 LoadBalance [#781 PDF] observed exec-time bins (cumulative): <10us=50357668 <50us=645105 <500us=25645 <10ms=19154 <50ms=338 <500ms=293 <1s=0 >=1s=1 | stalls_detected=3[0m
[33m/home/cvazquezperezdelacru/clio-core/context-runtime/src/scheduler/default_sched.cc:439 WARNING 1812139 LoadBalance [#785] lane rescues performed: 3[0m
[33m/home/cvazquezperezdelacru/clio-core/context-runtime/src/scheduler/default_sched.cc:430 WARNING 1812139 LoadBalance [#781 PDF] observed exec-time bins (cumulative): <10us=50425356 <50us=645913 <500us=25652 <10ms=19155 <50ms=338 <500ms=293 <1s=0 >=1s=1 | stalls_detected=3[0m
[33m/home/cvazquezperezdelacru/clio-core/context-runtime/src/scheduler/default_sched.cc:439 WARNING 1812139 LoadBalance [#785] lane rescues performed: 3[0m
[33m/home/cvazquezperezdelacru/clio-core/context-runtime/src/scheduler/default_sched.cc:430 WARNING 1812139 LoadBalance [#781 PDF] observed exec-time bins (cumulative): <10us=50493510 <50us=646343 <500us=25664 <10ms=19157 <50ms=338 <500ms=293 <1s=0 >=1s=1 | stalls_detected=3[0m
[33m/home/cvazquezperezdelacru/clio-core/context-runtime/src/scheduler/default_sched.cc:439 WARNING 1812139 LoadBalance [#785] lane rescues performed: 3[0m
[33m/home/cvazquezperezdelacru/clio-core/context-runtime/src/scheduler/default_sched.cc:430 WARNING 1812139 LoadBalance [#781 PDF] observed exec-time bins (cumulative): <10us=50561699 <50us=646720 <500us=25672 <10ms=19158 <50ms=338 <500ms=293 <1s=0 >=1s=1 | stalls_detected=3[0m
[33m/home/cvazquezperezdelacru/clio-core/context-runtime/src/scheduler/default_sched.cc:439 WARNING 1812139 LoadBalance [#785] lane rescues performed: 3[0m
[33m/home/cvazquezperezdelacru/clio-core/context-runtime/src/scheduler/default_sched.cc:430 WARNING 1812139 LoadBalance [#781 PDF] observed exec-time bins (cumulative): <10us=50629932 <50us=647051 <500us=25682 <10ms=19159 <50ms=338 <500ms=293 <1s=0 >=1s=1 | stalls_detected=3[0m
[33m/home/cvazquezperezdelacru/clio-core/context-runtime/src/scheduler/default_sched.cc:439 WARNING 1812139 LoadBalance [#785] lane rescues performed: 3[0m
[33m/home/cvazquezperezdelacru/clio-core/context-runtime/src/scheduler/default_sched.cc:430 WARNING 1812139 LoadBalance [#781 PDF] observed exec-time bins (cumulative): <10us=50695746 <50us=649378 <500us=25688 <10ms=19160 <50ms=338 <500ms=293 <1s=0 >=1s=1 | stalls_detected=3[0m
[33m/home/cvazquezperezdelacru/clio-core/context-runtime/src/scheduler/default_sched.cc:439 WARNING 1812139 LoadBalance [#785] lane rescues performed: 3[0m
[33m/home/cvazquezperezdelacru/clio-core/context-runtime/src/scheduler/default_sched.cc:430 WARNING 1812139 LoadBalance [#781 PDF] observed exec-time bins (cumulative): <10us=50759700 <50us=653163 <500us=25694 <10ms=19161 <50ms=338 <500ms=293 <1s=0 >=1s=1 | stalls_detected=3[0m
[33m/home/cvazquezperezdelacru/clio-core/context-runtime/src/scheduler/default_sched.cc:439 WARNING 1812139 LoadBalance [#785] lane rescues performed: 3[0m
[33m/home/cvazquezperezdelacru/clio-core/context-runtime/src/scheduler/default_sched.cc:430 WARNING 1812139 LoadBalance [#781 PDF] observed exec-time bins (cumulative): <10us=50825057 <50us=655906 <500us=25703 <10ms=19163 <50ms=338 <500ms=293 <1s=0 >=1s=1 | stalls_detected=3[0m
[33m/home/cvazquezperezdelacru/clio-core/context-runtime/src/scheduler/default_sched.cc:439 WARNING 1812139 LoadBalance [#785] lane rescues performed: 3[0m
[33m/home/cvazquezperezdelacru/clio-core/context-runtime/src/scheduler/default_sched.cc:430 WARNING 1812139 LoadBalance [#781 PDF] observed exec-time bins (cumulative): <10us=50893004 <50us=656145 <500us=25713 <10ms=19164 <50ms=338 <500ms=293 <1s=0 >=1s=1 | stalls_detected=3[0m
[33m/home/cvazquezperezdelacru/clio-core/context-runtime/src/scheduler/default_sched.cc:439 WARNING 1812139 LoadBalance [#785] lane rescues performed: 3[0m
[33m/home/cvazquezperezdelacru/clio-core/context-runtime/src/scheduler/default_sched.cc:430 WARNING 1812139 LoadBalance [#781 PDF] observed exec-time bins (cumulative): <10us=50961088 <50us=656420 <500us=25720 <10ms=19165 <50ms=338 <500ms=293 <1s=0 >=1s=1 | stalls_detected=3[0m
[33m/home/cvazquezperezdelacru/clio-core/context-runtime/src/scheduler/default_sched.cc:439 WARNING 1812139 LoadBalance [#785] lane rescues performed: 3[0m
[33m/home/cvazquezperezdelacru/clio-core/context-runtime/src/scheduler/default_sched.cc:430 WARNING 1812139 LoadBalance [#781 PDF] observed exec-time bins (cumulative): <10us=51029353 <50us=656642 <500us=25726 <10ms=19166 <50ms=338 <500ms=293 <1s=0 >=1s=1 | stalls_detected=3[0m
[33m/home/cvazquezperezdelacru/clio-core/context-runtime/src/scheduler/default_sched.cc:439 WARNING 1812139 LoadBalance [#785] lane rescues performed: 3[0m
[33m/home/cvazquezperezdelacru/clio-core/context-runtime/src/scheduler/default_sched.cc:430 WARNING 1812139 LoadBalance [#781 PDF] observed exec-time bins (cumulative): <10us=51097351 <50us=656989 <500us=25734 <10ms=19168 <50ms=338 <500ms=293 <1s=0 >=1s=1 | stalls_detected=3[0m
[33m/home/cvazquezperezdelacru/clio-core/context-runtime/src/scheduler/default_sched.cc:439 WARNING 1812139 LoadBalance [#785] lane rescues performed: 3[0m
[33m/home/cvazquezperezdelacru/clio-core/context-runtime/src/scheduler/default_sched.cc:430 WARNING 1812139 LoadBalance [#781 PDF] observed exec-time bins (cumulative): <10us=51165337 <50us=657532 <500us=25744 <10ms=19169 <50ms=338 <500ms=293 <1s=0 >=1s=1 | stalls_detected=3[0m
[33m/home/cvazquezperezdelacru/clio-core/context-runtime/src/scheduler/default_sched.cc:439 WARNING 1812139 LoadBalance [#785] lane rescues performed: 3[0m
[33m/home/cvazquezperezdelacru/clio-core/context-runtime/src/scheduler/default_sched.cc:430 WARNING 1812139 LoadBalance [#781 PDF] observed exec-time bins (cumulative): <10us=51231826 <50us=659362 <500us=25750 <10ms=19170 <50ms=338 <500ms=293 <1s=0 >=1s=1 | stalls_detected=3[0m
[33m/home/cvazquezperezdelacru/clio-core/context-runtime/src/scheduler/default_sched.cc:439 WARNING 1812139 LoadBalance [#785] lane rescues performed: 3[0m
[33m/home/cvazquezperezdelacru/clio-core/context-runtime/src/scheduler/default_sched.cc:430 WARNING 1812139 LoadBalance [#781 PDF] observed exec-time bins (cumulative): <10us=51297713 <50us=661445 <500us=25758 <10ms=19171 <50ms=338 <500ms=293 <1s=0 >=1s=1 | stalls_detected=3[0m
[33m/home/cvazquezperezdelacru/clio-core/context-runtime/src/scheduler/default_sched.cc:439 WARNING 1812139 LoadBalance [#785] lane rescues performed: 3[0m
[33m/home/cvazquezperezdelacru/clio-core/context-runtime/src/scheduler/default_sched.cc:430 WARNING 1812139 LoadBalance [#781 PDF] observed exec-time bins (cumulative): <10us=51364904 <50us=662589 <500us=25764 <10ms=19172 <50ms=338 <500ms=293 <1s=0 >=1s=1 | stalls_detected=3[0m
[33m/home/cvazquezperezdelacru/clio-core/context-runtime/src/scheduler/default_sched.cc:439 WARNING 1812139 LoadBalance [#785] lane rescues performed: 3[0m
[33m/home/cvazquezperezdelacru/clio-core/context-runtime/src/scheduler/default_sched.cc:430 WARNING 1812139 LoadBalance [#781 PDF] observed exec-time bins (cumulative): <10us=51432924 <50us=662918 <500us=25770 <10ms=19173 <50ms=338 <500ms=293 <1s=0 >=1s=1 | stalls_detected=3[0m
[33m/home/cvazquezperezdelacru/clio-core/context-runtime/src/scheduler/default_sched.cc:439 WARNING 1812139 LoadBalance [#785] lane rescues performed: 3[0m
[33m/home/cvazquezperezdelacru/clio-core/context-runtime/src/scheduler/default_sched.cc:430 WARNING 1812139 LoadBalance [#781 PDF] observed exec-time bins (cumulative): <10us=51501158 <50us=663228 <500us=25780 <10ms=19174 <50ms=338 <500ms=293 <1s=0 >=1s=1 | stalls_detected=3[0m
[33m/home/cvazquezperezdelacru/clio-core/context-runtime/src/scheduler/default_sched.cc:439 WARNING 1812139 LoadBalance [#785] lane rescues performed: 3[0m
[33m/home/cvazquezperezdelacru/clio-core/context-runtime/src/scheduler/default_sched.cc:430 WARNING 1812139 LoadBalance [#781 PDF] observed exec-time bins (cumulative): <10us=51569377 <50us=663577 <500us=25789 <10ms=19175 <50ms=338 <500ms=293 <1s=0 >=1s=1 | stalls_detected=3[0m
[33m/home/cvazquezperezdelacru/clio-core/context-runtime/src/scheduler/default_sched.cc:439 WARNING 1812139 LoadBalance [#785] lane rescues performed: 3[0m
[33m/home/cvazquezperezdelacru/clio-core/context-runtime/src/scheduler/default_sched.cc:430 WARNING 1812139 LoadBalance [#781 PDF] observed exec-time bins (cumulative): <10us=51636556 <50us=664674 <500us=25796 <10ms=19176 <50ms=338 <500ms=293 <1s=0 >=1s=1 | stalls_detected=3[0m
[33m/home/cvazquezperezdelacru/clio-core/context-runtime/src/scheduler/default_sched.cc:439 WARNING 1812139 LoadBalance [#785] lane rescues performed: 3[0m
[33m/home/cvazquezperezdelacru/clio-core/context-runtime/src/scheduler/default_sched.cc:430 WARNING 1812139 LoadBalance [#781 PDF] observed exec-time bins (cumulative): <10us=51700740 <50us=668272 <500us=25803 <10ms=19177 <50ms=338 <500ms=293 <1s=0 >=1s=1 | stalls_detected=3[0m
[33m/home/cvazquezperezdelacru/clio-core/context-runtime/src/scheduler/default_sched.cc:439 WARNING 1812139 LoadBalance [#785] lane rescues performed: 3[0m
[33m/home/cvazquezperezdelacru/clio-core/context-runtime/src/scheduler/default_sched.cc:430 WARNING 1812139 LoadBalance [#781 PDF] observed exec-time bins (cumulative): <10us=51765288 <50us=671568 <500us=25809 <10ms=19178 <50ms=338 <500ms=293 <1s=0 >=1s=1 | stalls_detected=3[0m
[33m/home/cvazquezperezdelacru/clio-core/context-runtime/src/scheduler/default_sched.cc:439 WARNING 1812139 LoadBalance [#785] lane rescues performed: 3[0m
[33m/home/cvazquezperezdelacru/clio-core/context-runtime/src/scheduler/default_sched.cc:430 WARNING 1812139 LoadBalance [#781 PDF] observed exec-time bins (cumulative): <10us=51833613 <50us=671796 <500us=25817 <10ms=19179 <50ms=338 <500ms=293 <1s=0 >=1s=1 | stalls_detected=3[0m
[33m/home/cvazquezperezdelacru/clio-core/context-runtime/src/scheduler/default_sched.cc:439 WARNING 1812139 LoadBalance [#785] lane rescues performed: 3[0m
[33m/home/cvazquezperezdelacru/clio-core/context-runtime/src/scheduler/default_sched.cc:430 WARNING 1812139 LoadBalance [#781 PDF] observed exec-time bins (cumulative): <10us=51901658 <50us=672277 <500us=25825 <10ms=19180 <50ms=338 <500ms=293 <1s=0 >=1s=1 | stalls_detected=3[0m
[33m/home/cvazquezperezdelacru/clio-core/context-runtime/src/scheduler/default_sched.cc:439 WARNING 1812139 LoadBalance [#785] lane rescues performed: 3[0m
[33m/home/cvazquezperezdelacru/clio-core/context-runtime/src/scheduler/default_sched.cc:430 WARNING 1812139 LoadBalance [#781 PDF] observed exec-time bins (cumulative): <10us=51969603 <50us=672882 <500us=25831 <10ms=19182 <50ms=338 <500ms=293 <1s=0 >=1s=1 | stalls_detected=3[0m
[33m/home/cvazquezperezdelacru/clio-core/context-runtime/src/scheduler/default_sched.cc:439 WARNING 1812139 LoadBalance [#785] lane rescues performed: 3[0m
[33m/home/cvazquezperezdelacru/clio-core/context-runtime/src/scheduler/default_sched.cc:430 WARNING 1812139 LoadBalance [#781 PDF] observed exec-time bins (cumulative): <10us=52038018 <50us=673090 <500us=25839 <10ms=19183 <50ms=338 <500ms=293 <1s=0 >=1s=1 | stalls_detected=3[0m
[33m/home/cvazquezperezdelacru/clio-core/context-runtime/src/scheduler/default_sched.cc:439 WARNING 1812139 LoadBalance [#785] lane rescues performed: 3[0m
[33m/home/cvazquezperezdelacru/clio-core/context-runtime/src/scheduler/default_sched.cc:430 WARNING 1812139 LoadBalance [#781 PDF] observed exec-time bins (cumulative): <10us=52106264 <50us=673424 <500us=25845 <10ms=19184 <50ms=338 <500ms=293 <1s=0 >=1s=1 | stalls_detected=3[0m
[33m/home/cvazquezperezdelacru/clio-core/context-runtime/src/scheduler/default_sched.cc:439 WARNING 1812139 LoadBalance [#785] lane rescues performed: 3[0m
[33m/home/cvazquezperezdelacru/clio-core/context-runtime/src/scheduler/default_sched.cc:430 WARNING 1812139 LoadBalance [#781 PDF] observed exec-time bins (cumulative): <10us=52174386 <50us=673812 <500us=25853 <10ms=19186 <50ms=338 <500ms=293 <1s=0 >=1s=1 | stalls_detected=3[0m
[33m/home/cvazquezperezdelacru/clio-core/context-runtime/src/scheduler/default_sched.cc:439 WARNING 1812139 LoadBalance [#785] lane rescues performed: 3[0m
[33m/home/cvazquezperezdelacru/clio-core/context-runtime/src/scheduler/default_sched.cc:430 WARNING 1812139 LoadBalance [#781 PDF] observed exec-time bins (cumulative): <10us=52242406 <50us=674094 <500us=25861 <10ms=19187 <50ms=338 <500ms=293 <1s=0 >=1s=1 | stalls_detected=3[0m
[33m/home/cvazquezperezdelacru/clio-core/context-runtime/src/scheduler/default_sched.cc:439 WARNING 1812139 LoadBalance [#785] lane rescues performed: 3[0m
[33m/home/cvazquezperezdelacru/clio-core/context-runtime/src/scheduler/default_sched.cc:430 WARNING 1812139 LoadBalance [#781 PDF] observed exec-time bins (cumulative): <10us=52310232 <50us=674297 <500us=25868 <10ms=19188 <50ms=338 <500ms=293 <1s=0 >=1s=1 | stalls_detected=3[0m
[33m/home/cvazquezperezdelacru/clio-core/context-runtime/src/scheduler/default_sched.cc:439 WARNING 1812139 LoadBalance [#785] lane rescues performed: 3[0m
[33m/home/cvazquezperezdelacru/clio-core/context-runtime/src/scheduler/default_sched.cc:430 WARNING 1812139 LoadBalance [#781 PDF] observed exec-time bins (cumulative): <10us=52378463 <50us=674586 <500us=25875 <10ms=19189 <50ms=338 <500ms=293 <1s=0 >=1s=1 | stalls_detected=3[0m
[33m/home/cvazquezperezdelacru/clio-core/context-runtime/src/scheduler/default_sched.cc:439 WARNING 1812139 LoadBalance [#785] lane rescues performed: 3[0m
[33m/home/cvazquezperezdelacru/clio-core/context-runtime/src/scheduler/default_sched.cc:430 WARNING 1812139 LoadBalance [#781 PDF] observed exec-time bins (cumulative): <10us=52446775 <50us=674799 <500us=25884 <10ms=19191 <50ms=338 <500ms=293 <1s=0 >=1s=1 | stalls_detected=3[0m
[33m/home/cvazquezperezdelacru/clio-core/context-runtime/src/scheduler/default_sched.cc:439 WARNING 1812139 LoadBalance [#785] lane rescues performed: 3[0m
[33m/home/cvazquezperezdelacru/clio-core/context-runtime/src/scheduler/default_sched.cc:430 WARNING 1812139 LoadBalance [#781 PDF] observed exec-time bins (cumulative): <10us=52515117 <50us=675022 <500us=25890 <10ms=19193 <50ms=338 <500ms=293 <1s=0 >=1s=1 | stalls_detected=3[0m
[33m/home/cvazquezperezdelacru/clio-core/context-runtime/src/scheduler/default_sched.cc:439 WARNING 1812139 LoadBalance [#785] lane rescues performed: 3[0m
[33m/home/cvazquezperezdelacru/clio-core/context-runtime/src/scheduler/default_sched.cc:430 WARNING 1812139 LoadBalance [#781 PDF] observed exec-time bins (cumulative): <10us=52583357 <50us=675347 <500us=25899 <10ms=19194 <50ms=338 <500ms=293 <1s=0 >=1s=1 | stalls_detected=3[0m
[33m/home/cvazquezperezdelacru/clio-core/context-runtime/src/scheduler/default_sched.cc:439 WARNING 1812139 LoadBalance [#785] lane rescues performed: 3[0m
[33m/home/cvazquezperezdelacru/clio-core/context-runtime/src/scheduler/default_sched.cc:430 WARNING 1812139 LoadBalance [#781 PDF] observed exec-time bins (cumulative): <10us=52649624 <50us=677573 <500us=25908 <10ms=19195 <50ms=338 <500ms=293 <1s=0 >=1s=1 | stalls_detected=3[0m
[33m/home/cvazquezperezdelacru/clio-core/context-runtime/src/scheduler/default_sched.cc:439 WARNING 1812139 LoadBalance [#785] lane rescues performed: 3[0m
[33m/home/cvazquezperezdelacru/clio-core/context-runtime/src/scheduler/default_sched.cc:430 WARNING 1812139 LoadBalance [#781 PDF] observed exec-time bins (cumulative): <10us=52717422 <50us=678333 <500us=25915 <10ms=19197 <50ms=338 <500ms=293 <1s=0 >=1s=1 | stalls_detected=3[0m
[33m/home/cvazquezperezdelacru/clio-core/context-runtime/src/scheduler/default_sched.cc:439 WARNING 1812139 LoadBalance [#785] lane rescues performed: 3[0m
[33m/home/cvazquezperezdelacru/clio-core/context-runtime/src/scheduler/default_sched.cc:430 WARNING 1812139 LoadBalance [#781 PDF] observed exec-time bins (cumulative): <10us=52784641 <50us=679466 <500us=25923 <10ms=19198 <50ms=338 <500ms=293 <1s=0 >=1s=1 | stalls_detected=3[0m
[33m/home/cvazquezperezdelacru/clio-core/context-runtime/src/scheduler/default_sched.cc:439 WARNING 1812139 LoadBalance [#785] lane rescues performed: 3[0m
[33m/home/cvazquezperezdelacru/clio-core/context-runtime/src/scheduler/default_sched.cc:430 WARNING 1812139 LoadBalance [#781 PDF] observed exec-time bins (cumulative): <10us=52852925 <50us=679765 <500us=25929 <10ms=19200 <50ms=338 <500ms=293 <1s=0 >=1s=1 | stalls_detected=3[0m
[33m/home/cvazquezperezdelacru/clio-core/context-runtime/src/scheduler/default_sched.cc:439 WARNING 1812139 LoadBalance [#785] lane rescues performed: 3[0m
[33m/home/cvazquezperezdelacru/clio-core/context-runtime/src/scheduler/default_sched.cc:430 WARNING 1812139 LoadBalance [#781 PDF] observed exec-time bins (cumulative): <10us=52921022 <50us=680216 <500us=25936 <10ms=19202 <50ms=338 <500ms=293 <1s=0 >=1s=1 | stalls_detected=3[0m
[33m/home/cvazquezperezdelacru/clio-core/context-runtime/src/scheduler/default_sched.cc:439 WARNING 1812139 LoadBalance [#785] lane rescues performed: 3[0m
[33m/home/cvazquezperezdelacru/clio-core/context-runtime/src/scheduler/default_sched.cc:430 WARNING 1812139 LoadBalance [#781 PDF] observed exec-time bins (cumulative): <10us=52989347 <50us=680478 <500us=25943 <10ms=19203 <50ms=338 <500ms=293 <1s=0 >=1s=1 | stalls_detected=3[0m
[33m/home/cvazquezperezdelacru/clio-core/context-runtime/src/scheduler/default_sched.cc:439 WARNING 1812139 LoadBalance [#785] lane rescues performed: 3[0m
[33m/home/cvazquezperezdelacru/clio-core/context-runtime/src/scheduler/default_sched.cc:430 WARNING 1812139 LoadBalance [#781 PDF] observed exec-time bins (cumulative): <10us=53057548 <50us=680845 <500us=25953 <10ms=19204 <50ms=338 <500ms=293 <1s=0 >=1s=1 | stalls_detected=3[0m
[33m/home/cvazquezperezdelacru/clio-core/context-runtime/src/scheduler/default_sched.cc:439 WARNING 1812139 LoadBalance [#785] lane rescues performed: 3[0m
[33m/home/cvazquezperezdelacru/clio-core/context-runtime/src/scheduler/default_sched.cc:430 WARNING 1812139 LoadBalance [#781 PDF] observed exec-time bins (cumulative): <10us=53125930 <50us=681062 <500us=25959 <10ms=19205 <50ms=338 <500ms=293 <1s=0 >=1s=1 | stalls_detected=3[0m
[33m/home/cvazquezperezdelacru/clio-core/context-runtime/src/scheduler/default_sched.cc:439 WARNING 1812139 LoadBalance [#785] lane rescues performed: 3[0m
[33m/home/cvazquezperezdelacru/clio-core/context-runtime/src/scheduler/default_sched.cc:430 WARNING 1812139 LoadBalance [#781 PDF] observed exec-time bins (cumulative): <10us=53194085 <50us=681449 <500us=25968 <10ms=19206 <50ms=338 <500ms=293 <1s=0 >=1s=1 | stalls_detected=3[0m
[33m/home/cvazquezperezdelacru/clio-core/context-runtime/src/scheduler/default_sched.cc:439 WARNING 1812139 LoadBalance [#785] lane rescues performed: 3[0m
[33m/home/cvazquezperezdelacru/clio-core/context-runtime/src/scheduler/default_sched.cc:430 WARNING 1812139 LoadBalance [#781 PDF] observed exec-time bins (cumulative): <10us=53262407 <50us=681691 <500us=25974 <10ms=19207 <50ms=338 <500ms=293 <1s=0 >=1s=1 | stalls_detected=3[0m
[33m/home/cvazquezperezdelacru/clio-core/context-runtime/src/scheduler/default_sched.cc:439 WARNING 1812139 LoadBalance [#785] lane rescues performed: 3[0m
[33m/home/cvazquezperezdelacru/clio-core/context-runtime/src/scheduler/default_sched.cc:430 WARNING 1812139 LoadBalance [#781 PDF] observed exec-time bins (cumulative): <10us=53328329 <50us=684254 <500us=25982 <10ms=19208 <50ms=338 <500ms=293 <1s=0 >=1s=1 | stalls_detected=3[0m
[33m/home/cvazquezperezdelacru/clio-core/context-runtime/src/scheduler/default_sched.cc:439 WARNING 1812139 LoadBalance [#785] lane rescues performed: 3[0m
[33m/home/cvazquezperezdelacru/clio-core/context-runtime/src/scheduler/default_sched.cc:430 WARNING 1812139 LoadBalance [#781 PDF] observed exec-time bins (cumulative): <10us=53396363 <50us=684795 <500us=25989 <10ms=19209 <50ms=338 <500ms=293 <1s=0 >=1s=1 | stalls_detected=3[0m
[33m/home/cvazquezperezdelacru/clio-core/context-runtime/src/scheduler/default_sched.cc:439 WARNING 1812139 LoadBalance [#785] lane rescues performed: 3[0m
[33m/home/cvazquezperezdelacru/clio-core/context-runtime/src/scheduler/default_sched.cc:430 WARNING 1812139 LoadBalance [#781 PDF] observed exec-time bins (cumulative): <10us=53464029 <50us=685739 <500us=25998 <10ms=19210 <50ms=338 <500ms=293 <1s=0 >=1s=1 | stalls_detected=3[0m
[33m/home/cvazquezperezdelacru/clio-core/context-runtime/src/scheduler/default_sched.cc:439 WARNING 1812139 LoadBalance [#785] lane rescues performed: 3[0m
[33m/home/cvazquezperezdelacru/clio-core/context-runtime/src/scheduler/default_sched.cc:430 WARNING 1812139 LoadBalance [#781 PDF] observed exec-time bins (cumulative): <10us=53530315 <50us=687952 <500us=26004 <10ms=19211 <50ms=338 <500ms=293 <1s=0 >=1s=1 | stalls_detected=3[0m
[33m/home/cvazquezperezdelacru/clio-core/context-runtime/src/scheduler/default_sched.cc:439 WARNING 1812139 LoadBalance [#785] lane rescues performed: 3[0m
[33m/home/cvazquezperezdelacru/clio-core/context-runtime/src/scheduler/default_sched.cc:430 WARNING 1812139 LoadBalance [#781 PDF] observed exec-time bins (cumulative): <10us=53595341 <50us=690513 <500us=26015 <10ms=19212 <50ms=338 <500ms=293 <1s=0 >=1s=1 | stalls_detected=3[0m
[33m/home/cvazquezperezdelacru/clio-core/context-runtime/src/scheduler/default_sched.cc:439 WARNING 1812139 LoadBalance [#785] lane rescues performed: 3[0m
[33m/home/cvazquezperezdelacru/clio-core/context-runtime/src/scheduler/default_sched.cc:430 WARNING 1812139 LoadBalance [#781 PDF] observed exec-time bins (cumulative): <10us=53660659 <50us=693056 <500us=26022 <10ms=19213 <50ms=338 <500ms=293 <1s=0 >=1s=1 | stalls_detected=3[0m
[33m/home/cvazquezperezdelacru/clio-core/context-runtime/src/scheduler/default_sched.cc:439 WARNING 1812139 LoadBalance [#785] lane rescues performed: 3[0m
[33m/home/cvazquezperezdelacru/clio-core/context-runtime/src/scheduler/default_sched.cc:430 WARNING 1812139 LoadBalance [#781 PDF] observed exec-time bins (cumulative): <10us=53728635 <50us=693635 <500us=26033 <10ms=19214 <50ms=338 <500ms=293 <1s=0 >=1s=1 | stalls_detected=3[0m
[33m/home/cvazquezperezdelacru/clio-core/context-runtime/src/scheduler/default_sched.cc:439 WARNING 1812139 LoadBalance [#785] lane rescues performed: 3[0m
[33m/home/cvazquezperezdelacru/clio-core/context-runtime/src/scheduler/default_sched.cc:430 WARNING 1812139 LoadBalance [#781 PDF] observed exec-time bins (cumulative): <10us=53796965 <50us=693861 <500us=26042 <10ms=19215 <50ms=338 <500ms=293 <1s=0 >=1s=1 | stalls_detected=3[0m
[33m/home/cvazquezperezdelacru/clio-core/context-runtime/src/scheduler/default_sched.cc:439 WARNING 1812139 LoadBalance [#785] lane rescues performed: 3[0m
[33m/home/cvazquezperezdelacru/clio-core/context-runtime/src/scheduler/default_sched.cc:430 WARNING 1812139 LoadBalance [#781 PDF] observed exec-time bins (cumulative): <10us=53865318 <50us=694099 <500us=26050 <10ms=19217 <50ms=338 <500ms=293 <1s=0 >=1s=1 | stalls_detected=3[0m
[33m/home/cvazquezperezdelacru/clio-core/context-runtime/src/scheduler/default_sched.cc:439 WARNING 1812139 LoadBalance [#785] lane rescues performed: 3[0m
[33m/home/cvazquezperezdelacru/clio-core/context-runtime/src/scheduler/default_sched.cc:430 WARNING 1812139 LoadBalance [#781 PDF] observed exec-time bins (cumulative): <10us=53932982 <50us=694495 <500us=26056 <10ms=19218 <50ms=338 <500ms=293 <1s=0 >=1s=1 | stalls_detected=3[0m
[33m/home/cvazquezperezdelacru/clio-core/context-runtime/src/scheduler/default_sched.cc:439 WARNING 1812139 LoadBalance [#785] lane rescues performed: 3[0m
[33m/home/cvazquezperezdelacru/clio-core/context-runtime/src/scheduler/default_sched.cc:430 WARNING 1812139 LoadBalance [#781 PDF] observed exec-time bins (cumulative): <10us=54001223 <50us=694800 <500us=26064 <10ms=19219 <50ms=338 <500ms=293 <1s=0 >=1s=1 | stalls_detected=3[0m
[33m/home/cvazquezperezdelacru/clio-core/context-runtime/src/scheduler/default_sched.cc:439 WARNING 1812139 LoadBalance [#785] lane rescues performed: 3[0m
[33m/home/cvazquezperezdelacru/clio-core/context-runtime/src/scheduler/default_sched.cc:430 WARNING 1812139 LoadBalance [#781 PDF] observed exec-time bins (cumulative): <10us=54069367 <50us=695096 <500us=26071 <10ms=19221 <50ms=338 <500ms=293 <1s=0 >=1s=1 | stalls_detected=3[0m
[33m/home/cvazquezperezdelacru/clio-core/context-runtime/src/scheduler/default_sched.cc:439 WARNING 1812139 LoadBalance [#785] lane rescues performed: 3[0m
[33m/home/cvazquezperezdelacru/clio-core/context-runtime/src/scheduler/default_sched.cc:430 WARNING 1812139 LoadBalance [#781 PDF] observed exec-time bins (cumulative): <10us=54136843 <50us=696062 <500us=26081 <10ms=19222 <50ms=338 <500ms=293 <1s=0 >=1s=1 | stalls_detected=3[0m
[33m/home/cvazquezperezdelacru/clio-core/context-runtime/src/scheduler/default_sched.cc:439 WARNING 1812139 LoadBalance [#785] lane rescues performed: 3[0m
[33m/home/cvazquezperezdelacru/clio-core/context-runtime/src/scheduler/default_sched.cc:430 WARNING 1812139 LoadBalance [#781 PDF] observed exec-time bins (cumulative): <10us=54202480 <50us=698904 <500us=26087 <10ms=19223 <50ms=338 <500ms=293 <1s=0 >=1s=1 | stalls_detected=3[0m
[33m/home/cvazquezperezdelacru/clio-core/context-runtime/src/scheduler/default_sched.cc:439 WARNING 1812139 LoadBalance [#785] lane rescues performed: 3[0m
[33m/home/cvazquezperezdelacru/clio-core/context-runtime/src/scheduler/default_sched.cc:430 WARNING 1812139 LoadBalance [#781 PDF] observed exec-time bins (cumulative): <10us=54268620 <50us=701227 <500us=26096 <10ms=19224 <50ms=338 <500ms=293 <1s=0 >=1s=1 | stalls_detected=3[0m
[33m/home/cvazquezperezdelacru/clio-core/context-runtime/src/scheduler/default_sched.cc:439 WARNING 1812139 LoadBalance [#785] lane rescues performed: 3[0m
[33m/home/cvazquezperezdelacru/clio-core/context-runtime/src/scheduler/default_sched.cc:430 WARNING 1812139 LoadBalance [#781 PDF] observed exec-time bins (cumulative): <10us=54336634 <50us=701765 <500us=26102 <10ms=19226 <50ms=338 <500ms=293 <1s=0 >=1s=1 | stalls_detected=3[0m
[33m/home/cvazquezperezdelacru/clio-core/context-runtime/src/scheduler/default_sched.cc:439 WARNING 1812139 LoadBalance [#785] lane rescues performed: 3[0m
[33m/home/cvazquezperezdelacru/clio-core/context-runtime/src/scheduler/default_sched.cc:430 WARNING 1812139 LoadBalance [#781 PDF] observed exec-time bins (cumulative): <10us=54404066 <50us=702701 <500us=26111 <10ms=19228 <50ms=338 <500ms=293 <1s=0 >=1s=1 | stalls_detected=3[0m
[33m/home/cvazquezperezdelacru/clio-core/context-runtime/src/scheduler/default_sched.cc:439 WARNING 1812139 LoadBalance [#785] lane rescues performed: 3[0m
[33m/home/cvazquezperezdelacru/clio-core/context-runtime/src/scheduler/default_sched.cc:430 WARNING 1812139 LoadBalance [#781 PDF] observed exec-time bins (cumulative): <10us=54468156 <50us=706435 <500us=26118 <10ms=19229 <50ms=338 <500ms=293 <1s=0 >=1s=1 | stalls_detected=3[0m
[33m/home/cvazquezperezdelacru/clio-core/context-runtime/src/scheduler/default_sched.cc:439 WARNING 1812139 LoadBalance [#785] lane rescues performed: 3[0m
[33m/home/cvazquezperezdelacru/clio-core/context-runtime/src/scheduler/default_sched.cc:430 WARNING 1812139 LoadBalance [#781 PDF] observed exec-time bins (cumulative): <10us=54533043 <50us=709427 <500us=26125 <10ms=19231 <50ms=338 <500ms=293 <1s=0 >=1s=1 | stalls_detected=3[0m
[33m/home/cvazquezperezdelacru/clio-core/context-runtime/src/scheduler/default_sched.cc:439 WARNING 1812139 LoadBalance [#785] lane rescues performed: 3[0m
[33m/home/cvazquezperezdelacru/clio-core/context-runtime/src/scheduler/default_sched.cc:430 WARNING 1812139 LoadBalance [#781 PDF] observed exec-time bins (cumulative): <10us=54601440 <50us=709620 <500us=26134 <10ms=19232 <50ms=338 <500ms=293 <1s=0 >=1s=1 | stalls_detected=3[0m
[33m/home/cvazquezperezdelacru/clio-core/context-runtime/src/scheduler/default_sched.cc:439 WARNING 1812139 LoadBalance [#785] lane rescues performed: 3[0m
[33m/home/cvazquezperezdelacru/clio-core/context-runtime/src/scheduler/default_sched.cc:430 WARNING 1812139 LoadBalance [#781 PDF] observed exec-time bins (cumulative): <10us=54669666 <50us=709927 <500us=26141 <10ms=19233 <50ms=338 <500ms=293 <1s=0 >=1s=1 | stalls_detected=3[0m
[33m/home/cvazquezperezdelacru/clio-core/context-runtime/src/scheduler/default_sched.cc:439 WARNING 1812139 LoadBalance [#785] lane rescues performed: 3[0m
[33m/home/cvazquezperezdelacru/clio-core/context-runtime/src/scheduler/default_sched.cc:430 WARNING 1812139 LoadBalance [#781 PDF] observed exec-time bins (cumulative): <10us=54737563 <50us=710611 <500us=26149 <10ms=19234 <50ms=338 <500ms=293 <1s=0 >=1s=1 | stalls_detected=3[0m
[33m/home/cvazquezperezdelacru/clio-core/context-runtime/src/scheduler/default_sched.cc:439 WARNING 1812139 LoadBalance [#785] lane rescues performed: 3[0m
[33m/home/cvazquezperezdelacru/clio-core/context-runtime/src/scheduler/default_sched.cc:430 WARNING 1812139 LoadBalance [#781 PDF] observed exec-time bins (cumulative): <10us=54805367 <50us=711392 <500us=26156 <10ms=19235 <50ms=338 <500ms=293 <1s=0 >=1s=1 | stalls_detected=3[0m
[33m/home/cvazquezperezdelacru/clio-core/context-runtime/src/scheduler/default_sched.cc:439 WARNING 1812139 LoadBalance [#785] lane rescues performed: 3[0m
[33m/home/cvazquezperezdelacru/clio-core/context-runtime/src/scheduler/default_sched.cc:430 WARNING 1812139 LoadBalance [#781 PDF] observed exec-time bins (cumulative): <10us=54873715 <50us=711630 <500us=26161 <10ms=19238 <50ms=338 <500ms=293 <1s=0 >=1s=1 | stalls_detected=3[0m
[33m/home/cvazquezperezdelacru/clio-core/context-runtime/src/scheduler/default_sched.cc:439 WARNING 1812139 LoadBalance [#785] lane rescues performed: 3[0m
[33m/home/cvazquezperezdelacru/clio-core/context-runtime/src/scheduler/default_sched.cc:430 WARNING 1812139 LoadBalance [#781 PDF] observed exec-time bins (cumulative): <10us=54941938 <50us=711922 <500us=26171 <10ms=19239 <50ms=338 <500ms=293 <1s=0 >=1s=1 | stalls_detected=3[0m
[33m/home/cvazquezperezdelacru/clio-core/context-runtime/src/scheduler/default_sched.cc:439 WARNING 1812139 LoadBalance [#785] lane rescues performed: 3[0m
[33m/home/cvazquezperezdelacru/clio-core/context-runtime/src/scheduler/default_sched.cc:430 WARNING 1812139 LoadBalance [#781 PDF] observed exec-time bins (cumulative): <10us=55009835 <50us=712502 <500us=26178 <10ms=19240 <50ms=338 <500ms=293 <1s=0 >=1s=1 | stalls_detected=3[0m
[33m/home/cvazquezperezdelacru/clio-core/context-runtime/src/scheduler/default_sched.cc:439 WARNING 1812139 LoadBalance [#785] lane rescues performed: 3[0m
[33m/home/cvazquezperezdelacru/clio-core/context-runtime/src/scheduler/default_sched.cc:430 WARNING 1812139 LoadBalance [#781 PDF] observed exec-time bins (cumulative): <10us=55074303 <50us=716091 <500us=26185 <10ms=19241 <50ms=338 <500ms=293 <1s=0 >=1s=1 | stalls_detected=3[0m
[33m/home/cvazquezperezdelacru/clio-core/context-runtime/src/scheduler/default_sched.cc:439 WARNING 1812139 LoadBalance [#785] lane rescues performed: 3[0m
[33m/home/cvazquezperezdelacru/clio-core/context-runtime/src/scheduler/default_sched.cc:430 WARNING 1812139 LoadBalance [#781 PDF] observed exec-time bins (cumulative): <10us=55141814 <50us=716966 <500us=26195 <10ms=19242 <50ms=338 <500ms=293 <1s=0 >=1s=1 | stalls_detected=3[0m
[33m/home/cvazquezperezdelacru/clio-core/context-runtime/src/scheduler/default_sched.cc:439 WARNING 1812139 LoadBalance [#785] lane rescues performed: 3[0m
[33m/home/cvazquezperezdelacru/clio-core/context-runtime/src/scheduler/default_sched.cc:430 WARNING 1812139 LoadBalance [#781 PDF] observed exec-time bins (cumulative): <10us=55209840 <50us=717502 <500us=26204 <10ms=19244 <50ms=338 <500ms=293 <1s=0 >=1s=1 | stalls_detected=3[0m
[33m/home/cvazquezperezdelacru/clio-core/context-runtime/src/scheduler/default_sched.cc:439 WARNING 1812139 LoadBalance [#785] lane rescues performed: 3[0m
[33m/home/cvazquezperezdelacru/clio-core/context-runtime/src/scheduler/default_sched.cc:430 WARNING 1812139 LoadBalance [#781 PDF] observed exec-time bins (cumulative): <10us=55278141 <50us=717771 <500us=26211 <10ms=19245 <50ms=338 <500ms=293 <1s=0 >=1s=1 | stalls_detected=3[0m
[33m/home/cvazquezperezdelacru/clio-core/context-runtime/src/scheduler/default_sched.cc:439 WARNING 1812139 LoadBalance [#785] lane rescues performed: 3[0m
[33m/home/cvazquezperezdelacru/clio-core/context-runtime/src/scheduler/default_sched.cc:430 WARNING 1812139 LoadBalance [#781 PDF] observed exec-time bins (cumulative): <10us=55346471 <50us=718011 <500us=26222 <10ms=19246 <50ms=338 <500ms=293 <1s=0 >=1s=1 | stalls_detected=3[0m
[33m/home/cvazquezperezdelacru/clio-core/context-runtime/src/scheduler/default_sched.cc:439 WARNING 1812139 LoadBalance [#785] lane rescues performed: 3[0m
[33m/home/cvazquezperezdelacru/clio-core/context-runtime/src/scheduler/default_sched.cc:430 WARNING 1812139 LoadBalance [#781 PDF] observed exec-time bins (cumulative): <10us=55414558 <50us=718345 <500us=26230 <10ms=19247 <50ms=338 <500ms=293 <1s=0 >=1s=1 | stalls_detected=3[0m
[33m/home/cvazquezperezdelacru/clio-core/context-runtime/src/scheduler/default_sched.cc:439 WARNING 1812139 LoadBalance [#785] lane rescues performed: 3[0m
[33m/home/cvazquezperezdelacru/clio-core/context-runtime/src/scheduler/default_sched.cc:430 WARNING 1812139 LoadBalance [#781 PDF] observed exec-time bins (cumulative): <10us=55481121 <50us=719207 <500us=26239 <10ms=19248 <50ms=338 <500ms=293 <1s=0 >=1s=1 | stalls_detected=3[0m
[33m/home/cvazquezperezdelacru/clio-core/context-runtime/src/scheduler/default_sched.cc:439 WARNING 1812139 LoadBalance [#785] lane rescues performed: 3[0m
[33m/home/cvazquezperezdelacru/clio-core/context-runtime/src/scheduler/default_sched.cc:430 WARNING 1812139 LoadBalance [#781 PDF] observed exec-time bins (cumulative): <10us=55549380 <50us=719561 <500us=26244 <10ms=19250 <50ms=338 <500ms=293 <1s=0 >=1s=1 | stalls_detected=3[0m
[33m/home/cvazquezperezdelacru/clio-core/context-runtime/src/scheduler/default_sched.cc:439 WARNING 1812139 LoadBalance [#785] lane rescues performed: 3[0m
[33m/home/cvazquezperezdelacru/clio-core/context-runtime/src/scheduler/default_sched.cc:430 WARNING 1812139 LoadBalance [#781 PDF] observed exec-time bins (cumulative): <10us=55617486 <50us=719995 <500us=26255 <10ms=19251 <50ms=338 <500ms=293 <1s=0 >=1s=1 | stalls_detected=3[0m
[33m/home/cvazquezperezdelacru/clio-core/context-runtime/src/scheduler/default_sched.cc:439 WARNING 1812139 LoadBalance [#785] lane rescues performed: 3[0m
[33m/home/cvazquezperezdelacru/clio-core/context-runtime/src/scheduler/default_sched.cc:430 WARNING 1812139 LoadBalance [#781 PDF] observed exec-time bins (cumulative): <10us=55685822 <50us=720223 <500us=26261 <10ms=19252 <50ms=338 <500ms=293 <1s=0 >=1s=1 | stalls_detected=3[0m
[33m/home/cvazquezperezdelacru/clio-core/context-runtime/src/scheduler/default_sched.cc:439 WARNING 1812139 LoadBalance [#785] lane rescues performed: 3[0m
[33m/home/cvazquezperezdelacru/clio-core/context-runtime/src/scheduler/default_sched.cc:430 WARNING 1812139 LoadBalance [#781 PDF] observed exec-time bins (cumulative): <10us=55754057 <50us=720445 <500us=26272 <10ms=19253 <50ms=338 <500ms=293 <1s=0 >=1s=1 | stalls_detected=3[0m
[33m/home/cvazquezperezdelacru/clio-core/context-runtime/src/scheduler/default_sched.cc:439 WARNING 1812139 LoadBalance [#785] lane rescues performed: 3[0m
[33m/home/cvazquezperezdelacru/clio-core/context-runtime/src/scheduler/default_sched.cc:430 WARNING 1812139 LoadBalance [#781 PDF] observed exec-time bins (cumulative): <10us=55822308 <50us=720660 <500us=26279 <10ms=19254 <50ms=338 <500ms=293 <1s=0 >=1s=1 | stalls_detected=3[0m
[33m/home/cvazquezperezdelacru/clio-core/context-runtime/src/scheduler/default_sched.cc:439 WARNING 1812139 LoadBalance [#785] lane rescues performed: 3[0m
[33m/home/cvazquezperezdelacru/clio-core/context-runtime/src/scheduler/default_sched.cc:430 WARNING 1812139 LoadBalance [#781 PDF] observed exec-time bins (cumulative): <10us=55890550 <50us=720928 <500us=26289 <10ms=19255 <50ms=338 <500ms=293 <1s=0 >=1s=1 | stalls_detected=3[0m
[33m/home/cvazquezperezdelacru/clio-core/context-runtime/src/scheduler/default_sched.cc:439 WARNING 1812139 LoadBalance [#785] lane rescues performed: 3[0m
[33m/home/cvazquezperezdelacru/clio-core/context-runtime/src/scheduler/default_sched.cc:430 WARNING 1812139 LoadBalance [#781 PDF] observed exec-time bins (cumulative): <10us=55958545 <50us=721183 <500us=26297 <10ms=19256 <50ms=338 <500ms=293 <1s=0 >=1s=1 | stalls_detected=3[0m
[33m/home/cvazquezperezdelacru/clio-core/context-runtime/src/scheduler/default_sched.cc:439 WARNING 1812139 LoadBalance [#785] lane rescues performed: 3[0m
[33m/home/cvazquezperezdelacru/clio-core/context-runtime/src/scheduler/default_sched.cc:430 WARNING 1812139 LoadBalance [#781 PDF] observed exec-time bins (cumulative): <10us=56026503 <50us=721426 <500us=26304 <10ms=19257 <50ms=338 <500ms=293 <1s=0 >=1s=1 | stalls_detected=3[0m
[33m/home/cvazquezperezdelacru/clio-core/context-runtime/src/scheduler/default_sched.cc:439 WARNING 1812139 LoadBalance [#785] lane rescues performed: 3[0m
[33m/home/cvazquezperezdelacru/clio-core/context-runtime/src/scheduler/default_sched.cc:430 WARNING 1812139 LoadBalance [#781 PDF] observed exec-time bins (cumulative): <10us=56094404 <50us=721719 <500us=26311 <10ms=19258 <50ms=338 <500ms=293 <1s=0 >=1s=1 | stalls_detected=3[0m
[33m/home/cvazquezperezdelacru/clio-core/context-runtime/src/scheduler/default_sched.cc:439 WARNING 1812139 LoadBalance [#785] lane rescues performed: 3[0m
[33m/home/cvazquezperezdelacru/clio-core/context-runtime/src/scheduler/default_sched.cc:430 WARNING 1812139 LoadBalance [#781 PDF] observed exec-time bins (cumulative): <10us=56162359 <50us=721955 <500us=26320 <10ms=19259 <50ms=338 <500ms=293 <1s=0 >=1s=1 | stalls_detected=3[0m
[33m/home/cvazquezperezdelacru/clio-core/context-runtime/src/scheduler/default_sched.cc:439 WARNING 1812139 LoadBalance [#785] lane rescues performed: 3[0m
[33m/home/cvazquezperezdelacru/clio-core/context-runtime/src/scheduler/default_sched.cc:430 WARNING 1812139 LoadBalance [#781 PDF] observed exec-time bins (cumulative): <10us=56230526 <50us=722187 <500us=26326 <10ms=19260 <50ms=338 <500ms=293 <1s=0 >=1s=1 | stalls_detected=3[0m
[33m/home/cvazquezperezdelacru/clio-core/context-runtime/src/scheduler/default_sched.cc:439 WARNING 1812139 LoadBalance [#785] lane rescues performed: 3[0m
[33m/home/cvazquezperezdelacru/clio-core/context-runtime/src/scheduler/default_sched.cc:430 WARNING 1812139 LoadBalance [#781 PDF] observed exec-time bins (cumulative): <10us=56298317 <50us=722525 <500us=26337 <10ms=19261 <50ms=338 <500ms=293 <1s=0 >=1s=1 | stalls_detected=3[0m
[33m/home/cvazquezperezdelacru/clio-core/context-runtime/src/scheduler/default_sched.cc:439 WARNING 1812139 LoadBalance [#785] lane rescues performed: 3[0m
[33m/home/cvazquezperezdelacru/clio-core/context-runtime/src/scheduler/default_sched.cc:430 WARNING 1812139 LoadBalance [#781 PDF] observed exec-time bins (cumulative): <10us=56366337 <50us=722831 <500us=26346 <10ms=19262 <50ms=338 <500ms=293 <1s=0 >=1s=1 | stalls_detected=3[0m
[33m/home/cvazquezperezdelacru/clio-core/context-runtime/src/scheduler/default_sched.cc:439 WARNING 1812139 LoadBalance [#785] lane rescues performed: 3[0m
[33m/home/cvazquezperezdelacru/clio-core/context-runtime/src/scheduler/default_sched.cc:430 WARNING 1812139 LoadBalance [#781 PDF] observed exec-time bins (cumulative): <10us=56434461 <50us=723198 <500us=26356 <10ms=19263 <50ms=338 <500ms=293 <1s=0 >=1s=1 | stalls_detected=3[0m
[33m/home/cvazquezperezdelacru/clio-core/context-runtime/src/scheduler/default_sched.cc:439 WARNING 1812139 LoadBalance [#785] lane rescues performed: 3[0m
[33m/home/cvazquezperezdelacru/clio-core/context-runtime/src/scheduler/default_sched.cc:430 WARNING 1812139 LoadBalance [#781 PDF] observed exec-time bins (cumulative): <10us=56501938 <50us=724148 <500us=26363 <10ms=19264 <50ms=338 <500ms=293 <1s=0 >=1s=1 | stalls_detected=3[0m
[33m/home/cvazquezperezdelacru/clio-core/context-runtime/src/scheduler/default_sched.cc:439 WARNING 1812139 LoadBalance [#785] lane rescues performed: 3[0m
[33m/home/cvazquezperezdelacru/clio-core/context-runtime/src/scheduler/default_sched.cc:430 WARNING 1812139 LoadBalance [#781 PDF] observed exec-time bins (cumulative): <10us=56569723 <50us=724591 <500us=26371 <10ms=19265 <50ms=338 <500ms=293 <1s=0 >=1s=1 | stalls_detected=3[0m
[33m/home/cvazquezperezdelacru/clio-core/context-runtime/src/scheduler/default_sched.cc:439 WARNING 1812139 LoadBalance [#785] lane rescues performed: 3[0m
[33m/home/cvazquezperezdelacru/clio-core/context-runtime/src/scheduler/default_sched.cc:430 WARNING 1812139 LoadBalance [#781 PDF] observed exec-time bins (cumulative): <10us=56636586 <50us=725897 <500us=26378 <10ms=19266 <50ms=338 <500ms=293 <1s=0 >=1s=1 | stalls_detected=3[0m
[33m/home/cvazquezperezdelacru/clio-core/context-runtime/src/scheduler/default_sched.cc:439 WARNING 1812139 LoadBalance [#785] lane rescues performed: 3[0m
[33m/home/cvazquezperezdelacru/clio-core/context-runtime/src/scheduler/default_sched.cc:430 WARNING 1812139 LoadBalance [#781 PDF] observed exec-time bins (cumulative): <10us=56704870 <50us=726216 <500us=26388 <10ms=19267 <50ms=338 <500ms=293 <1s=0 >=1s=1 | stalls_detected=3[0m
[33m/home/cvazquezperezdelacru/clio-core/context-runtime/src/scheduler/default_sched.cc:439 WARNING 1812139 LoadBalance [#785] lane rescues performed: 3[0m
[33m/home/cvazquezperezdelacru/clio-core/context-runtime/src/scheduler/default_sched.cc:430 WARNING 1812139 LoadBalance [#781 PDF] observed exec-time bins (cumulative): <10us=56772797 <50us=726825 <500us=26396 <10ms=19268 <50ms=338 <500ms=293 <1s=0 >=1s=1 | stalls_detected=3[0m
[33m/home/cvazquezperezdelacru/clio-core/context-runtime/src/scheduler/default_sched.cc:439 WARNING 1812139 LoadBalance [#785] lane rescues performed: 3[0m
[33m/home/cvazquezperezdelacru/clio-core/context-runtime/src/scheduler/default_sched.cc:430 WARNING 1812139 LoadBalance [#781 PDF] observed exec-time bins (cumulative): <10us=56841056 <50us=727152 <500us=26406 <10ms=19270 <50ms=338 <500ms=293 <1s=0 >=1s=1 | stalls_detected=3[0m
[33m/home/cvazquezperezdelacru/clio-core/context-runtime/src/scheduler/default_sched.cc:439 WARNING 1812139 LoadBalance [#785] lane rescues performed: 3[0m
[33m/home/cvazquezperezdelacru/clio-core/context-runtime/src/scheduler/default_sched.cc:430 WARNING 1812139 LoadBalance [#781 PDF] observed exec-time bins (cumulative): <10us=56908359 <50us=728394 <500us=26412 <10ms=19271 <50ms=338 <500ms=293 <1s=0 >=1s=1 | stalls_detected=3[0m
[33m/home/cvazquezperezdelacru/clio-core/context-runtime/src/scheduler/default_sched.cc:439 WARNING 1812139 LoadBalance [#785] lane rescues performed: 3[0m
[33m/home/cvazquezperezdelacru/clio-core/context-runtime/src/scheduler/default_sched.cc:430 WARNING 1812139 LoadBalance [#781 PDF] observed exec-time bins (cumulative): <10us=56976397 <50us=728938 <500us=26418 <10ms=19272 <50ms=338 <500ms=293 <1s=0 >=1s=1 | stalls_detected=3[0m
[33m/home/cvazquezperezdelacru/clio-core/context-runtime/src/scheduler/default_sched.cc:439 WARNING 1812139 LoadBalance [#785] lane rescues performed: 3[0m
[33m/home/cvazquezperezdelacru/clio-core/context-runtime/src/scheduler/default_sched.cc:430 WARNING 1812139 LoadBalance [#781 PDF] observed exec-time bins (cumulative): <10us=57042438 <50us=731407 <500us=26429 <10ms=19273 <50ms=338 <500ms=293 <1s=0 >=1s=1 | stalls_detected=3[0m
[33m/home/cvazquezperezdelacru/clio-core/context-runtime/src/scheduler/default_sched.cc:439 WARNING 1812139 LoadBalance [#785] lane rescues performed: 3[0m
[33m/home/cvazquezperezdelacru/clio-core/context-runtime/src/scheduler/default_sched.cc:430 WARNING 1812139 LoadBalance [#781 PDF] observed exec-time bins (cumulative): <10us=57110672 <50us=731744 <500us=26436 <10ms=19274 <50ms=338 <500ms=293 <1s=0 >=1s=1 | stalls_detected=3[0m
[33m/home/cvazquezperezdelacru/clio-core/context-runtime/src/scheduler/default_sched.cc:439 WARNING 1812139 LoadBalance [#785] lane rescues performed: 3[0m
[33m/home/cvazquezperezdelacru/clio-core/context-runtime/src/scheduler/default_sched.cc:430 WARNING 1812139 LoadBalance [#781 PDF] observed exec-time bins (cumulative): <10us=57178758 <50us=732195 <500us=26444 <10ms=19275 <50ms=338 <500ms=293 <1s=0 >=1s=1 | stalls_detected=3[0m
[33m/home/cvazquezperezdelacru/clio-core/context-runtime/src/scheduler/default_sched.cc:439 WARNING 1812139 LoadBalance [#785] lane rescues performed: 3[0m
[33m/home/cvazquezperezdelacru/clio-core/context-runtime/src/scheduler/default_sched.cc:430 WARNING 1812139 LoadBalance [#781 PDF] observed exec-time bins (cumulative): <10us=57247055 <50us=732410 <500us=26452 <10ms=19277 <50ms=338 <500ms=293 <1s=0 >=1s=1 | stalls_detected=3[0m
[33m/home/cvazquezperezdelacru/clio-core/context-runtime/src/scheduler/default_sched.cc:439 WARNING 1812139 LoadBalance [#785] lane rescues performed: 3[0m
[33m/home/cvazquezperezdelacru/clio-core/context-runtime/src/scheduler/default_sched.cc:430 WARNING 1812139 LoadBalance [#781 PDF] observed exec-time bins (cumulative): <10us=57314771 <50us=733200 <500us=26458 <10ms=19278 <50ms=338 <500ms=293 <1s=0 >=1s=1 | stalls_detected=3[0m
[33m/home/cvazquezperezdelacru/clio-core/context-runtime/src/scheduler/default_sched.cc:439 WARNING 1812139 LoadBalance [#785] lane rescues performed: 3[0m
[33m/home/cvazquezperezdelacru/clio-core/context-runtime/src/scheduler/default_sched.cc:430 WARNING 1812139 LoadBalance [#781 PDF] observed exec-time bins (cumulative): <10us=57382333 <50us=734062 <500us=26468 <10ms=19279 <50ms=338 <500ms=293 <1s=0 >=1s=1 | stalls_detected=3[0m
[33m/home/cvazquezperezdelacru/clio-core/context-runtime/src/scheduler/default_sched.cc:439 WARNING 1812139 LoadBalance [#785] lane rescues performed: 3[0m
[33m/home/cvazquezperezdelacru/clio-core/context-runtime/src/scheduler/default_sched.cc:430 WARNING 1812139 LoadBalance [#781 PDF] observed exec-time bins (cumulative): <10us=57446822 <50us=737331 <500us=26476 <10ms=19280 <50ms=338 <500ms=293 <1s=0 >=1s=1 | stalls_detected=3[0m
[33m/home/cvazquezperezdelacru/clio-core/context-runtime/src/scheduler/default_sched.cc:439 WARNING 1812139 LoadBalance [#785] lane rescues performed: 3[0m
[33m/home/cvazquezperezdelacru/clio-core/context-runtime/src/scheduler/default_sched.cc:430 WARNING 1812139 LoadBalance [#781 PDF] observed exec-time bins (cumulative): <10us=57514651 <50us=737776 <500us=26484 <10ms=19281 <50ms=338 <500ms=293 <1s=0 >=1s=1 | stalls_detected=3[0m
[33m/home/cvazquezperezdelacru/clio-core/context-runtime/src/scheduler/default_sched.cc:439 WARNING 1812139 LoadBalance [#785] lane rescues performed: 3[0m
[33m/home/cvazquezperezdelacru/clio-core/context-runtime/src/scheduler/default_sched.cc:430 WARNING 1812139 LoadBalance [#781 PDF] observed exec-time bins (cumulative): <10us=57582382 <50us=738233 <500us=26490 <10ms=19282 <50ms=338 <500ms=293 <1s=0 >=1s=1 | stalls_detected=3[0m
[33m/home/cvazquezperezdelacru/clio-core/context-runtime/src/scheduler/default_sched.cc:439 WARNING 1812139 LoadBalance [#785] lane rescues performed: 3[0m
[33m/home/cvazquezperezdelacru/clio-core/context-runtime/src/scheduler/default_sched.cc:430 WARNING 1812139 LoadBalance [#781 PDF] observed exec-time bins (cumulative): <10us=57650344 <50us=738516 <500us=26500 <10ms=19283 <50ms=338 <500ms=293 <1s=0 >=1s=1 | stalls_detected=3[0m
[33m/home/cvazquezperezdelacru/clio-core/context-runtime/src/scheduler/default_sched.cc:439 WARNING 1812139 LoadBalance [#785] lane rescues performed: 3[0m
[33m/home/cvazquezperezdelacru/clio-core/context-runtime/src/scheduler/default_sched.cc:430 WARNING 1812139 LoadBalance [#781 PDF] observed exec-time bins (cumulative): <10us=57718080 <50us=739274 <500us=26510 <10ms=19284 <50ms=338 <500ms=293 <1s=0 >=1s=1 | stalls_detected=3[0m
[33m/home/cvazquezperezdelacru/clio-core/context-runtime/src/scheduler/default_sched.cc:439 WARNING 1812139 LoadBalance [#785] lane rescues performed: 3[0m
[33m/home/cvazquezperezdelacru/clio-core/context-runtime/src/scheduler/default_sched.cc:430 WARNING 1812139 LoadBalance [#781 PDF] observed exec-time bins (cumulative): <10us=57785464 <50us=740354 <500us=26517 <10ms=19285 <50ms=338 <500ms=293 <1s=0 >=1s=1 | stalls_detected=3[0m
[33m/home/cvazquezperezdelacru/clio-core/context-runtime/src/scheduler/default_sched.cc:439 WARNING 1812139 LoadBalance [#785] lane rescues performed: 3[0m
[33m/home/cvazquezperezdelacru/clio-core/context-runtime/src/scheduler/default_sched.cc:430 WARNING 1812139 LoadBalance [#781 PDF] observed exec-time bins (cumulative): <10us=57853763 <50us=740584 <500us=26527 <10ms=19288 <50ms=338 <500ms=293 <1s=0 >=1s=1 | stalls_detected=3[0m
[33m/home/cvazquezperezdelacru/clio-core/context-runtime/src/scheduler/default_sched.cc:439 WARNING 1812139 LoadBalance [#785] lane rescues performed: 3[0m
[33m/home/cvazquezperezdelacru/clio-core/context-runtime/src/scheduler/default_sched.cc:430 WARNING 1812139 LoadBalance [#781 PDF] observed exec-time bins (cumulative): <10us=57921904 <50us=740923 <500us=26533 <10ms=19290 <50ms=338 <500ms=293 <1s=0 >=1s=1 | stalls_detected=3[0m
[33m/home/cvazquezperezdelacru/clio-core/context-runtime/src/scheduler/default_sched.cc:439 WARNING 1812139 LoadBalance [#785] lane rescues performed: 3[0m
[33m/home/cvazquezperezdelacru/clio-core/context-runtime/src/scheduler/default_sched.cc:430 WARNING 1812139 LoadBalance [#781 PDF] observed exec-time bins (cumulative): <10us=57990182 <50us=741212 <500us=26542 <10ms=19291 <50ms=338 <500ms=293 <1s=0 >=1s=1 | stalls_detected=3[0m
[33m/home/cvazquezperezdelacru/clio-core/context-runtime/src/scheduler/default_sched.cc:439 WARNING 1812139 LoadBalance [#785] lane rescues performed: 3[0m
[33m/home/cvazquezperezdelacru/clio-core/context-runtime/src/scheduler/default_sched.cc:430 WARNING 1812139 LoadBalance [#781 PDF] observed exec-time bins (cumulative): <10us=58058351 <50us=741584 <500us=26549 <10ms=19292 <50ms=338 <500ms=293 <1s=0 >=1s=1 | stalls_detected=3[0m
[33m/home/cvazquezperezdelacru/clio-core/context-runtime/src/scheduler/default_sched.cc:439 WARNING 1812139 LoadBalance [#785] lane rescues performed: 3[0m
[33m/home/cvazquezperezdelacru/clio-core/context-runtime/src/scheduler/default_sched.cc:430 WARNING 1812139 LoadBalance [#781 PDF] observed exec-time bins (cumulative): <10us=58126549 <50us=741942 <500us=26557 <10ms=19293 <50ms=338 <500ms=293 <1s=0 >=1s=1 | stalls_detected=3[0m
[33m/home/cvazquezperezdelacru/clio-core/context-runtime/src/scheduler/default_sched.cc:439 WARNING 1812139 LoadBalance [#785] lane rescues performed: 3[0m
[33m/home/cvazquezperezdelacru/clio-core/context-runtime/src/scheduler/default_sched.cc:430 WARNING 1812139 LoadBalance [#781 PDF] observed exec-time bins (cumulative): <10us=58194790 <50us=742248 <500us=26566 <10ms=19294 <50ms=338 <500ms=293 <1s=0 >=1s=1 | stalls_detected=3[0m
[33m/home/cvazquezperezdelacru/clio-core/context-runtime/src/scheduler/default_sched.cc:439 WARNING 1812139 LoadBalance [#785] lane rescues performed: 3[0m
[33m/home/cvazquezperezdelacru/clio-core/context-runtime/src/scheduler/default_sched.cc:430 WARNING 1812139 LoadBalance [#781 PDF] observed exec-time bins (cumulative): <10us=58263074 <50us=742536 <500us=26572 <10ms=19295 <50ms=338 <500ms=293 <1s=0 >=1s=1 | stalls_detected=3[0m
[33m/home/cvazquezperezdelacru/clio-core/context-runtime/src/scheduler/default_sched.cc:439 WARNING 1812139 LoadBalance [#785] lane rescues performed: 3[0m
[33m/home/cvazquezperezdelacru/clio-core/context-runtime/src/scheduler/default_sched.cc:430 WARNING 1812139 LoadBalance [#781 PDF] observed exec-time bins (cumulative): <10us=58328708 <50us=744631 <500us=26582 <10ms=19297 <50ms=338 <500ms=293 <1s=0 >=1s=1 | stalls_detected=3[0m
[33m/home/cvazquezperezdelacru/clio-core/context-runtime/src/scheduler/default_sched.cc:439 WARNING 1812139 LoadBalance [#785] lane rescues performed: 3[0m
[33m/home/cvazquezperezdelacru/clio-core/context-runtime/src/scheduler/default_sched.cc:430 WARNING 1812139 LoadBalance [#781 PDF] observed exec-time bins (cumulative): <10us=58394713 <50us=746858 <500us=26588 <10ms=19299 <50ms=338 <500ms=293 <1s=0 >=1s=1 | stalls_detected=3[0m
[33m/home/cvazquezperezdelacru/clio-core/context-runtime/src/scheduler/default_sched.cc:439 WARNING 1812139 LoadBalance [#785] lane rescues performed: 3[0m
[33m/home/cvazquezperezdelacru/clio-core/context-runtime/src/scheduler/default_sched.cc:430 WARNING 1812139 LoadBalance [#781 PDF] observed exec-time bins (cumulative): <10us=58462951 <50us=747223 <500us=26598 <10ms=19300 <50ms=338 <500ms=293 <1s=0 >=1s=1 | stalls_detected=3[0m
[33m/home/cvazquezperezdelacru/clio-core/context-runtime/src/scheduler/default_sched.cc:439 WARNING 1812139 LoadBalance [#785] lane rescues performed: 3[0m
[33m/home/cvazquezperezdelacru/clio-core/context-runtime/src/scheduler/default_sched.cc:430 WARNING 1812139 LoadBalance [#781 PDF] observed exec-time bins (cumulative): <10us=58531145 <50us=747621 <500us=26604 <10ms=19301 <50ms=338 <500ms=293 <1s=0 >=1s=1 | stalls_detected=3[0m
[33m/home/cvazquezperezdelacru/clio-core/context-runtime/src/scheduler/default_sched.cc:439 WARNING 1812139 LoadBalance [#785] lane rescues performed: 3[0m
[33m/home/cvazquezperezdelacru/clio-core/context-runtime/src/scheduler/default_sched.cc:430 WARNING 1812139 LoadBalance [#781 PDF] observed exec-time bins (cumulative): <10us=58599108 <50us=748199 <500us=26610 <10ms=19303 <50ms=338 <500ms=293 <1s=0 >=1s=1 | stalls_detected=3[0m
[33m/home/cvazquezperezdelacru/clio-core/context-runtime/src/scheduler/default_sched.cc:439 WARNING 1812139 LoadBalance [#785] lane rescues performed: 3[0m
[33m/home/cvazquezperezdelacru/clio-core/context-runtime/src/scheduler/default_sched.cc:430 WARNING 1812139 LoadBalance [#781 PDF] observed exec-time bins (cumulative): <10us=58666961 <50us=748890 <500us=26619 <10ms=19305 <50ms=338 <500ms=293 <1s=0 >=1s=1 | stalls_detected=3[0m
[33m/home/cvazquezperezdelacru/clio-core/context-runtime/src/scheduler/default_sched.cc:439 WARNING 1812139 LoadBalance [#785] lane rescues performed: 3[0m
[33m/home/cvazquezperezdelacru/clio-core/context-runtime/src/scheduler/default_sched.cc:430 WARNING 1812139 LoadBalance [#781 PDF] observed exec-time bins (cumulative): <10us=58734792 <50us=749612 <500us=26626 <10ms=19307 <50ms=338 <500ms=293 <1s=0 >=1s=1 | stalls_detected=3[0m
[33m/home/cvazquezperezdelacru/clio-core/context-runtime/src/scheduler/default_sched.cc:439 WARNING 1812139 LoadBalance [#785] lane rescues performed: 3[0m
[33m/home/cvazquezperezdelacru/clio-core/context-runtime/src/scheduler/default_sched.cc:430 WARNING 1812139 LoadBalance [#781 PDF] observed exec-time bins (cumulative): <10us=58803221 <50us=749789 <500us=26633 <10ms=19308 <50ms=338 <500ms=293 <1s=0 >=1s=1 | stalls_detected=3[0m
[33m/home/cvazquezperezdelacru/clio-core/context-runtime/src/scheduler/default_sched.cc:439 WARNING 1812139 LoadBalance [#785] lane rescues performed: 3[0m
[33m/home/cvazquezperezdelacru/clio-core/context-runtime/src/scheduler/default_sched.cc:430 WARNING 1812139 LoadBalance [#781 PDF] observed exec-time bins (cumulative): <10us=58869822 <50us=750612 <500us=26640 <10ms=19309 <50ms=338 <500ms=293 <1s=0 >=1s=1 | stalls_detected=3[0m
[33m/home/cvazquezperezdelacru/clio-core/context-runtime/src/scheduler/default_sched.cc:439 WARNING 1812139 LoadBalance [#785] lane rescues performed: 3[0m
[33m/home/cvazquezperezdelacru/clio-core/context-runtime/src/scheduler/default_sched.cc:430 WARNING 1812139 LoadBalance [#781 PDF] observed exec-time bins (cumulative): <10us=58938060 <50us=750944 <500us=26650 <10ms=19311 <50ms=338 <500ms=293 <1s=0 >=1s=1 | stalls_detected=3[0m
[33m/home/cvazquezperezdelacru/clio-core/context-runtime/src/scheduler/default_sched.cc:439 WARNING 1812139 LoadBalance [#785] lane rescues performed: 3[0m
[33m/home/cvazquezperezdelacru/clio-core/context-runtime/src/scheduler/default_sched.cc:430 WARNING 1812139 LoadBalance [#781 PDF] observed exec-time bins (cumulative): <10us=59006404 <50us=751237 <500us=26656 <10ms=19312 <50ms=338 <500ms=293 <1s=0 >=1s=1 | stalls_detected=3[0m
[33m/home/cvazquezperezdelacru/clio-core/context-runtime/src/scheduler/default_sched.cc:439 WARNING 1812139 LoadBalance [#785] lane rescues performed: 3[0m
[33m/home/cvazquezperezdelacru/clio-core/context-runtime/src/scheduler/default_sched.cc:430 WARNING 1812139 LoadBalance [#781 PDF] observed exec-time bins (cumulative): <10us=59074711 <50us=751511 <500us=26664 <10ms=19314 <50ms=338 <500ms=293 <1s=0 >=1s=1 | stalls_detected=3[0m
[33m/home/cvazquezperezdelacru/clio-core/context-runtime/src/scheduler/default_sched.cc:439 WARNING 1812139 LoadBalance [#785] lane rescues performed: 3[0m
[33m/home/cvazquezperezdelacru/clio-core/context-runtime/src/scheduler/default_sched.cc:430 WARNING 1812139 LoadBalance [#781 PDF] observed exec-time bins (cumulative): <10us=59143069 <50us=751744 <500us=26671 <10ms=19315 <50ms=338 <500ms=293 <1s=0 >=1s=1 | stalls_detected=3[0m
[33m/home/cvazquezperezdelacru/clio-core/context-runtime/src/scheduler/default_sched.cc:439 WARNING 1812139 LoadBalance [#785] lane rescues performed: 3[0m
[33m/home/cvazquezperezdelacru/clio-core/context-runtime/src/scheduler/default_sched.cc:430 WARNING 1812139 LoadBalance [#781 PDF] observed exec-time bins (cumulative): <10us=59211501 <50us=751936 <500us=26679 <10ms=19317 <50ms=338 <500ms=293 <1s=0 >=1s=1 | stalls_detected=3[0m
[33m/home/cvazquezperezdelacru/clio-core/context-runtime/src/scheduler/default_sched.cc:439 WARNING 1812139 LoadBalance [#785] lane rescues performed: 3[0m
[33m/home/cvazquezperezdelacru/clio-core/context-runtime/src/scheduler/default_sched.cc:430 WARNING 1812139 LoadBalance [#781 PDF] observed exec-time bins (cumulative): <10us=59279799 <50us=752211 <500us=26687 <10ms=19318 <50ms=338 <500ms=293 <1s=0 >=1s=1 | stalls_detected=3[0m
[33m/home/cvazquezperezdelacru/clio-core/context-runtime/src/scheduler/default_sched.cc:439 WARNING 1812139 LoadBalance [#785] lane rescues performed: 3[0m
[33m/home/cvazquezperezdelacru/clio-core/context-runtime/src/scheduler/default_sched.cc:430 WARNING 1812139 LoadBalance [#781 PDF] observed exec-time bins (cumulative): <10us=59348151 <50us=752416 <500us=26696 <10ms=19319 <50ms=338 <500ms=293 <1s=0 >=1s=1 | stalls_detected=3[0m
[33m/home/cvazquezperezdelacru/clio-core/context-runtime/src/scheduler/default_sched.cc:439 WARNING 1812139 LoadBalance [#785] lane rescues performed: 3[0m
[33m/home/cvazquezperezdelacru/clio-core/context-runtime/src/scheduler/default_sched.cc:430 WARNING 1812139 LoadBalance [#781 PDF] observed exec-time bins (cumulative): <10us=59416450 <50us=752729 <500us=26700 <10ms=19322 <50ms=338 <500ms=293 <1s=0 >=1s=1 | stalls_detected=3[0m
[33m/home/cvazquezperezdelacru/clio-core/context-runtime/src/scheduler/default_sched.cc:439 WARNING 1812139 LoadBalance [#785] lane rescues performed: 3[0m
[33m/home/cvazquezperezdelacru/clio-core/context-runtime/src/scheduler/default_sched.cc:430 WARNING 1812139 LoadBalance [#781 PDF] observed exec-time bins (cumulative): <10us=59484759 <50us=752975 <500us=26708 <10ms=19323 <50ms=338 <500ms=293 <1s=0 >=1s=1 | stalls_detected=3[0m
[33m/home/cvazquezperezdelacru/clio-core/context-runtime/src/scheduler/default_sched.cc:439 WARNING 1812139 LoadBalance [#785] lane rescues performed: 3[0m
[33m/home/cvazquezperezdelacru/clio-core/context-runtime/src/scheduler/default_sched.cc:430 WARNING 1812139 LoadBalance [#781 PDF] observed exec-time bins (cumulative): <10us=59553049 <50us=753215 <500us=26715 <10ms=19325 <50ms=338 <500ms=293 <1s=0 >=1s=1 | stalls_detected=3[0m
[33m/home/cvazquezperezdelacru/clio-core/context-runtime/src/scheduler/default_sched.cc:439 WARNING 1812139 LoadBalance [#785] lane rescues performed: 3[0m
[33m/home/cvazquezperezdelacru/clio-core/context-runtime/src/scheduler/default_sched.cc:430 WARNING 1812139 LoadBalance [#781 PDF] observed exec-time bins (cumulative): <10us=59621359 <50us=753473 <500us=26721 <10ms=19327 <50ms=338 <500ms=293 <1s=0 >=1s=1 | stalls_detected=3[0m
[33m/home/cvazquezperezdelacru/clio-core/context-runtime/src/scheduler/default_sched.cc:439 WARNING 1812139 LoadBalance [#785] lane rescues performed: 3[0m
[33m/home/cvazquezperezdelacru/clio-core/context-runtime/src/scheduler/default_sched.cc:430 WARNING 1812139 LoadBalance [#781 PDF] observed exec-time bins (cumulative): <10us=59688021 <50us=755040 <500us=26729 <10ms=19328 <50ms=338 <500ms=293 <1s=0 >=1s=1 | stalls_detected=3[0m
[33m/home/cvazquezperezdelacru/clio-core/context-runtime/src/scheduler/default_sched.cc:439 WARNING 1812139 LoadBalance [#785] lane rescues performed: 3[0m
[33m/home/cvazquezperezdelacru/clio-core/context-runtime/src/scheduler/default_sched.cc:430 WARNING 1812139 LoadBalance [#781 PDF] observed exec-time bins (cumulative): <10us=59751715 <50us=758961 <500us=26735 <10ms=19330 <50ms=338 <500ms=293 <1s=0 >=1s=1 | stalls_detected=3[0m
[33m/home/cvazquezperezdelacru/clio-core/context-runtime/src/scheduler/default_sched.cc:439 WARNING 1812139 LoadBalance [#785] lane rescues performed: 3[0m
[33m/home/cvazquezperezdelacru/clio-core/context-runtime/src/scheduler/default_sched.cc:430 WARNING 1812139 LoadBalance [#781 PDF] observed exec-time bins (cumulative): <10us=59819824 <50us=759374 <500us=26745 <10ms=19331 <50ms=338 <500ms=293 <1s=0 >=1s=1 | stalls_detected=3[0m
[33m/home/cvazquezperezdelacru/clio-core/context-runtime/src/scheduler/default_sched.cc:439 WARNING 1812139 LoadBalance [#785] lane rescues performed: 3[0m
[33m/home/cvazquezperezdelacru/clio-core/context-runtime/src/scheduler/default_sched.cc:430 WARNING 1812139 LoadBalance [#781 PDF] observed exec-time bins (cumulative): <10us=59888184 <50us=759559 <500us=26752 <10ms=19332 <50ms=338 <500ms=293 <1s=0 >=1s=1 | stalls_detected=3[0m
[33m/home/cvazquezperezdelacru/clio-core/context-runtime/src/scheduler/default_sched.cc:439 WARNING 1812139 LoadBalance [#785] lane rescues performed: 3[0m
[33m/home/cvazquezperezdelacru/clio-core/context-runtime/src/scheduler/default_sched.cc:430 WARNING 1812139 LoadBalance [#781 PDF] observed exec-time bins (cumulative): <10us=59956427 <50us=759853 <500us=26761 <10ms=19333 <50ms=338 <500ms=293 <1s=0 >=1s=1 | stalls_detected=3[0m
[33m/home/cvazquezperezdelacru/clio-core/context-runtime/src/scheduler/default_sched.cc:439 WARNING 1812139 LoadBalance [#785] lane rescues performed: 3[0m
[33m/home/cvazquezperezdelacru/clio-core/context-runtime/src/scheduler/default_sched.cc:430 WARNING 1812139 LoadBalance [#781 PDF] observed exec-time bins (cumulative): <10us=60024643 <50us=760153 <500us=26769 <10ms=19335 <50ms=338 <500ms=293 <1s=0 >=1s=1 | stalls_detected=3[0m
[33m/home/cvazquezperezdelacru/clio-core/context-runtime/src/scheduler/default_sched.cc:439 WARNING 1812139 LoadBalance [#785] lane rescues performed: 3[0m
[33m/home/cvazquezperezdelacru/clio-core/context-runtime/src/scheduler/default_sched.cc:430 WARNING 1812139 LoadBalance [#781 PDF] observed exec-time bins (cumulative): <10us=60092624 <50us=760735 <500us=26776 <10ms=19336 <50ms=338 <500ms=293 <1s=0 >=1s=1 | stalls_detected=3[0m
[33m/home/cvazquezperezdelacru/clio-core/context-runtime/src/scheduler/default_sched.cc:439 WARNING 1812139 LoadBalance [#785] lane rescues performed: 3[0m
[33m/home/cvazquezperezdelacru/clio-core/context-runtime/src/scheduler/default_sched.cc:430 WARNING 1812139 LoadBalance [#781 PDF] observed exec-time bins (cumulative): <10us=60160344 <50us=761552 <500us=26784 <10ms=19338 <50ms=338 <500ms=293 <1s=0 >=1s=1 | stalls_detected=3[0m
[33m/home/cvazquezperezdelacru/clio-core/context-runtime/src/scheduler/default_sched.cc:439 WARNING 1812139 LoadBalance [#785] lane rescues performed: 3[0m
[33m/home/cvazquezperezdelacru/clio-core/context-runtime/src/scheduler/default_sched.cc:430 WARNING 1812139 LoadBalance [#781 PDF] observed exec-time bins (cumulative): <10us=60228485 <50us=761995 <500us=26792 <10ms=19339 <50ms=338 <500ms=293 <1s=0 >=1s=1 | stalls_detected=3[0m
[33m/home/cvazquezperezdelacru/clio-core/context-runtime/src/scheduler/default_sched.cc:439 WARNING 1812139 LoadBalance [#785] lane rescues performed: 3[0m
[33m/home/cvazquezperezdelacru/clio-core/context-runtime/src/scheduler/default_sched.cc:430 WARNING 1812139 LoadBalance [#781 PDF] observed exec-time bins (cumulative): <10us=60296809 <50us=762278 <500us=26799 <10ms=19340 <50ms=338 <500ms=293 <1s=0 >=1s=1 | stalls_detected=3[0m
[33m/home/cvazquezperezdelacru/clio-core/context-runtime/src/scheduler/default_sched.cc:439 WARNING 1812139 LoadBalance [#785] lane rescues performed: 3[0m
[33m/home/cvazquezperezdelacru/clio-core/context-runtime/src/scheduler/default_sched.cc:430 WARNING 1812139 LoadBalance [#781 PDF] observed exec-time bins (cumulative): <10us=60365068 <50us=762595 <500us=26807 <10ms=19342 <50ms=338 <500ms=293 <1s=0 >=1s=1 | stalls_detected=3[0m
[33m/home/cvazquezperezdelacru/clio-core/context-runtime/src/scheduler/default_sched.cc:439 WARNING 1812139 LoadBalance [#785] lane rescues performed: 3[0m
[33m/home/cvazquezperezdelacru/clio-core/context-runtime/src/scheduler/default_sched.cc:430 WARNING 1812139 LoadBalance [#781 PDF] observed exec-time bins (cumulative): <10us=60433356 <50us=762890 <500us=26816 <10ms=19343 <50ms=338 <500ms=293 <1s=0 >=1s=1 | stalls_detected=3[0m
[33m/home/cvazquezperezdelacru/clio-core/context-runtime/src/scheduler/default_sched.cc:439 WARNING 1812139 LoadBalance [#785] lane rescues performed: 3[0m
[33m/home/cvazquezperezdelacru/clio-core/context-runtime/src/scheduler/default_sched.cc:430 WARNING 1812139 LoadBalance [#781 PDF] observed exec-time bins (cumulative): <10us=60501403 <50us=763261 <500us=26822 <10ms=19344 <50ms=338 <500ms=293 <1s=0 >=1s=1 | stalls_detected=3[0m
[33m/home/cvazquezperezdelacru/clio-core/context-runtime/src/scheduler/default_sched.cc:439 WARNING 1812139 LoadBalance [#785] lane rescues performed: 3[0m
[33m/home/cvazquezperezdelacru/clio-core/context-runtime/src/scheduler/default_sched.cc:430 WARNING 1812139 LoadBalance [#781 PDF] observed exec-time bins (cumulative): <10us=60569101 <50us=764038 <500us=26831 <10ms=19345 <50ms=338 <500ms=293 <1s=0 >=1s=1 | stalls_detected=3[0m
[33m/home/cvazquezperezdelacru/clio-core/context-runtime/src/scheduler/default_sched.cc:439 WARNING 1812139 LoadBalance [#785] lane rescues performed: 3[0m
[33m/home/cvazquezperezdelacru/clio-core/context-runtime/src/scheduler/default_sched.cc:430 WARNING 1812139 LoadBalance [#781 PDF] observed exec-time bins (cumulative): <10us=60637215 <50us=764496 <500us=26837 <10ms=19347 <50ms=338 <500ms=293 <1s=0 >=1s=1 | stalls_detected=3[0m
[33m/home/cvazquezperezdelacru/clio-core/context-runtime/src/scheduler/default_sched.cc:439 WARNING 1812139 LoadBalance [#785] lane rescues performed: 3[0m
[33m/home/cvazquezperezdelacru/clio-core/context-runtime/src/scheduler/default_sched.cc:430 WARNING 1812139 LoadBalance [#781 PDF] observed exec-time bins (cumulative): <10us=60705502 <50us=764748 <500us=26845 <10ms=19348 <50ms=338 <500ms=293 <1s=0 >=1s=1 | stalls_detected=3[0m
[33m/home/cvazquezperezdelacru/clio-core/context-runtime/src/scheduler/default_sched.cc:439 WARNING 1812139 LoadBalance [#785] lane rescues performed: 3[0m
[33m/home/cvazquezperezdelacru/clio-core/context-runtime/src/scheduler/default_sched.cc:430 WARNING 1812139 LoadBalance [#781 PDF] observed exec-time bins (cumulative): <10us=60773707 <50us=765033 <500us=26854 <10ms=19350 <50ms=338 <500ms=293 <1s=0 >=1s=1 | stalls_detected=3[0m
[33m/home/cvazquezperezdelacru/clio-core/context-runtime/src/scheduler/default_sched.cc:439 WARNING 1812139 LoadBalance [#785] lane rescues performed: 3[0m
[33m/home/cvazquezperezdelacru/clio-core/context-runtime/src/scheduler/default_sched.cc:430 WARNING 1812139 LoadBalance [#781 PDF] observed exec-time bins (cumulative): <10us=60841952 <50us=765326 <500us=26864 <10ms=19351 <50ms=338 <500ms=293 <1s=0 >=1s=1 | stalls_detected=3[0m
[33m/home/cvazquezperezdelacru/clio-core/context-runtime/src/scheduler/default_sched.cc:439 WARNING 1812139 LoadBalance [#785] lane rescues performed: 3[0m
[33m/home/cvazquezperezdelacru/clio-core/context-runtime/src/scheduler/default_sched.cc:430 WARNING 1812139 LoadBalance [#781 PDF] observed exec-time bins (cumulative): <10us=60910304 <50us=765521 <500us=26871 <10ms=19352 <50ms=338 <500ms=293 <1s=0 >=1s=1 | stalls_detected=3[0m
[33m/home/cvazquezperezdelacru/clio-core/context-runtime/src/scheduler/default_sched.cc:439 WARNING 1812139 LoadBalance [#785] lane rescues performed: 3[0m
[33m/home/cvazquezperezdelacru/clio-core/context-runtime/src/scheduler/default_sched.cc:430 WARNING 1812139 LoadBalance [#781 PDF] observed exec-time bins (cumulative): <10us=60978696 <50us=765743 <500us=26879 <10ms=19353 <50ms=338 <500ms=293 <1s=0 >=1s=1 | stalls_detected=3[0m
[33m/home/cvazquezperezdelacru/clio-core/context-runtime/src/scheduler/default_sched.cc:439 WARNING 1812139 LoadBalance [#785] lane rescues performed: 3[0m
[33m/home/cvazquezperezdelacru/clio-core/context-runtime/src/scheduler/default_sched.cc:430 WARNING 1812139 LoadBalance [#781 PDF] observed exec-time bins (cumulative): <10us=61047010 <50us=766003 <500us=26886 <10ms=19355 <50ms=338 <500ms=293 <1s=0 >=1s=1 | stalls_detected=3[0m
[33m/home/cvazquezperezdelacru/clio-core/context-runtime/src/scheduler/default_sched.cc:439 WARNING 1812139 LoadBalance [#785] lane rescues performed: 3[0m
[33m/home/cvazquezperezdelacru/clio-core/context-runtime/src/scheduler/default_sched.cc:430 WARNING 1812139 LoadBalance [#781 PDF] observed exec-time bins (cumulative): <10us=61115251 <50us=766320 <500us=26895 <10ms=19357 <50ms=338 <500ms=293 <1s=0 >=1s=1 | stalls_detected=3[0m
[33m/home/cvazquezperezdelacru/clio-core/context-runtime/src/scheduler/default_sched.cc:439 WARNING 1812139 LoadBalance [#785] lane rescues performed: 3[0m
[33m/home/cvazquezperezdelacru/clio-core/context-runtime/src/scheduler/default_sched.cc:430 WARNING 1812139 LoadBalance [#781 PDF] observed exec-time bins (cumulative): <10us=61183487 <50us=766634 <500us=26905 <10ms=19359 <50ms=338 <500ms=293 <1s=0 >=1s=1 | stalls_detected=3[0m
[33m/home/cvazquezperezdelacru/clio-core/context-runtime/src/scheduler/default_sched.cc:439 WARNING 1812139 LoadBalance [#785] lane rescues performed: 3[0m
[33m/home/cvazquezperezdelacru/clio-core/context-runtime/src/scheduler/default_sched.cc:430 WARNING 1812139 LoadBalance [#781 PDF] observed exec-time bins (cumulative): <10us=61251709 <50us=767013 <500us=26911 <10ms=19360 <50ms=338 <500ms=293 <1s=0 >=1s=1 | stalls_detected=3[0m
[33m/home/cvazquezperezdelacru/clio-core/context-runtime/src/scheduler/default_sched.cc:439 WARNING 1812139 LoadBalance [#785] lane rescues performed: 3[0m
[33m/home/cvazquezperezdelacru/clio-core/context-runtime/src/scheduler/default_sched.cc:430 WARNING 1812139 LoadBalance [#781 PDF] observed exec-time bins (cumulative): <10us=61319968 <50us=767335 <500us=26919 <10ms=19361 <50ms=338 <500ms=293 <1s=0 >=1s=1 | stalls_detected=3[0m
[33m/home/cvazquezperezdelacru/clio-core/context-runtime/src/scheduler/default_sched.cc:439 WARNING 1812139 LoadBalance [#785] lane rescues performed: 3[0m
[33m/home/cvazquezperezdelacru/clio-core/context-runtime/src/scheduler/default_sched.cc:430 WARNING 1812139 LoadBalance [#781 PDF] observed exec-time bins (cumulative): <10us=61388242 <50us=767633 <500us=26925 <10ms=19362 <50ms=338 <500ms=293 <1s=0 >=1s=1 | stalls_detected=3[0m
[33m/home/cvazquezperezdelacru/clio-core/context-runtime/src/scheduler/default_sched.cc:439 WARNING 1812139 LoadBalance [#785] lane rescues performed: 3[0m
[33m/home/cvazquezperezdelacru/clio-core/context-runtime/src/scheduler/default_sched.cc:430 WARNING 1812139 LoadBalance [#781 PDF] observed exec-time bins (cumulative): <10us=61454060 <50us=769929 <500us=26934 <10ms=19364 <50ms=338 <500ms=293 <1s=0 >=1s=1 | stalls_detected=3[0m
[33m/home/cvazquezperezdelacru/clio-core/context-runtime/src/scheduler/default_sched.cc:439 WARNING 1812139 LoadBalance [#785] lane rescues performed: 3[0m
[33m/home/cvazquezperezdelacru/clio-core/context-runtime/src/scheduler/default_sched.cc:430 WARNING 1812139 LoadBalance [#781 PDF] observed exec-time bins (cumulative): <10us=61522289 <50us=770250 <500us=26940 <10ms=19365 <50ms=338 <500ms=293 <1s=0 >=1s=1 | stalls_detected=3[0m
[33m/home/cvazquezperezdelacru/clio-core/context-runtime/src/scheduler/default_sched.cc:439 WARNING 1812139 LoadBalance [#785] lane rescues performed: 3[0m
[33m/home/cvazquezperezdelacru/clio-core/context-runtime/src/scheduler/default_sched.cc:430 WARNING 1812139 LoadBalance [#781 PDF] observed exec-time bins (cumulative): <10us=61590155 <50us=770981 <500us=26947 <10ms=19367 <50ms=338 <500ms=293 <1s=0 >=1s=1 | stalls_detected=3[0m
[33m/home/cvazquezperezdelacru/clio-core/context-runtime/src/scheduler/default_sched.cc:439 WARNING 1812139 LoadBalance [#785] lane rescues performed: 3[0m
[33m/home/cvazquezperezdelacru/clio-core/context-runtime/src/scheduler/default_sched.cc:430 WARNING 1812139 LoadBalance [#781 PDF] observed exec-time bins (cumulative): <10us=61658008 <50us=771594 <500us=26955 <10ms=19368 <50ms=338 <500ms=293 <1s=0 >=1s=1 | stalls_detected=3[0m
[33m/home/cvazquezperezdelacru/clio-core/context-runtime/src/scheduler/default_sched.cc:439 WARNING 1812139 LoadBalance [#785] lane rescues performed: 3[0m
[33m/home/cvazquezperezdelacru/clio-core/context-runtime/src/scheduler/default_sched.cc:430 WARNING 1812139 LoadBalance [#781 PDF] observed exec-time bins (cumulative): <10us=61725437 <50us=772212 <500us=26961 <10ms=19369 <50ms=338 <500ms=293 <1s=0 >=1s=1 | stalls_detected=3[0m
[33m/home/cvazquezperezdelacru/clio-core/context-runtime/src/scheduler/default_sched.cc:439 WARNING 1812139 LoadBalance [#785] lane rescues performed: 3[0m
[33m/home/cvazquezperezdelacru/clio-core/context-runtime/src/scheduler/default_sched.cc:430 WARNING 1812139 LoadBalance [#781 PDF] observed exec-time bins (cumulative): <10us=61793490 <50us=772526 <500us=26970 <10ms=19370 <50ms=338 <500ms=293 <1s=0 >=1s=1 | stalls_detected=3[0m
[33m/home/cvazquezperezdelacru/clio-core/context-runtime/src/scheduler/default_sched.cc:439 WARNING 1812139 LoadBalance [#785] lane rescues performed: 3[0m
[33m/home/cvazquezperezdelacru/clio-core/context-runtime/src/scheduler/default_sched.cc:430 WARNING 1812139 LoadBalance [#781 PDF] observed exec-time bins (cumulative): <10us=61861534 <50us=772812 <500us=26978 <10ms=19371 <50ms=338 <500ms=293 <1s=0 >=1s=1 | stalls_detected=3[0m
[33m/home/cvazquezperezdelacru/clio-core/context-runtime/src/scheduler/default_sched.cc:439 WARNING 1812139 LoadBalance [#785] lane rescues performed: 3[0m
[33m/home/cvazquezperezdelacru/clio-core/context-runtime/src/scheduler/default_sched.cc:430 WARNING 1812139 LoadBalance [#781 PDF] observed exec-time bins (cumulative): <10us=61929855 <50us=773054 <500us=26989 <10ms=19372 <50ms=338 <500ms=293 <1s=0 >=1s=1 | stalls_detected=3[0m
[33m/home/cvazquezperezdelacru/clio-core/context-runtime/src/scheduler/default_sched.cc:439 WARNING 1812139 LoadBalance [#785] lane rescues performed: 3[0m
[33m/home/cvazquezperezdelacru/clio-core/context-runtime/src/scheduler/default_sched.cc:430 WARNING 1812139 LoadBalance [#781 PDF] observed exec-time bins (cumulative): <10us=61998119 <50us=773375 <500us=26995 <10ms=19373 <50ms=338 <500ms=293 <1s=0 >=1s=1 | stalls_detected=3[0m
[33m/home/cvazquezperezdelacru/clio-core/context-runtime/src/scheduler/default_sched.cc:439 WARNING 1812139 LoadBalance [#785] lane rescues performed: 3[0m
[33m/home/cvazquezperezdelacru/clio-core/context-runtime/src/scheduler/default_sched.cc:430 WARNING 1812139 LoadBalance [#781 PDF] observed exec-time bins (cumulative): <10us=62066442 <50us=773627 <500us=27004 <10ms=19374 <50ms=338 <500ms=293 <1s=0 >=1s=1 | stalls_detected=3[0m
[33m/home/cvazquezperezdelacru/clio-core/context-runtime/src/scheduler/default_sched.cc:439 WARNING 1812139 LoadBalance [#785] lane rescues performed: 3[0m
[33m/home/cvazquezperezdelacru/clio-core/context-runtime/src/scheduler/default_sched.cc:430 WARNING 1812139 LoadBalance [#781 PDF] observed exec-time bins (cumulative): <10us=62134806 <50us=773847 <500us=27010 <10ms=19376 <50ms=338 <500ms=293 <1s=0 >=1s=1 | stalls_detected=3[0m
[33m/home/cvazquezperezdelacru/clio-core/context-runtime/src/scheduler/default_sched.cc:439 WARNING 1812139 LoadBalance [#785] lane rescues performed: 3[0m
[33m/home/cvazquezperezdelacru/clio-core/context-runtime/src/scheduler/default_sched.cc:430 WARNING 1812139 LoadBalance [#781 PDF] observed exec-time bins (cumulative): <10us=62201800 <50us=775276 <500us=27018 <10ms=19378 <50ms=338 <500ms=293 <1s=0 >=1s=1 | stalls_detected=3[0m
[33m/home/cvazquezperezdelacru/clio-core/context-runtime/src/scheduler/default_sched.cc:439 WARNING 1812139 LoadBalance [#785] lane rescues performed: 3[0m
[33m/home/cvazquezperezdelacru/clio-core/context-runtime/src/scheduler/default_sched.cc:430 WARNING 1812139 LoadBalance [#781 PDF] observed exec-time bins (cumulative): <10us=62267373 <50us=778199 <500us=27027 <10ms=19379 <50ms=338 <500ms=293 <1s=0 >=1s=1 | stalls_detected=3[0m
[33m/home/cvazquezperezdelacru/clio-core/context-runtime/src/scheduler/default_sched.cc:439 WARNING 1812139 LoadBalance [#785] lane rescues performed: 3[0m
[33m/home/cvazquezperezdelacru/clio-core/context-runtime/src/scheduler/default_sched.cc:430 WARNING 1812139 LoadBalance [#781 PDF] observed exec-time bins (cumulative): <10us=62332546 <50us=781488 <500us=27035 <10ms=19380 <50ms=338 <500ms=293 <1s=0 >=1s=1 | stalls_detected=3[0m
[33m/home/cvazquezperezdelacru/clio-core/context-runtime/src/scheduler/default_sched.cc:439 WARNING 1812139 LoadBalance [#785] lane rescues performed: 3[0m
[33m/home/cvazquezperezdelacru/clio-core/context-runtime/src/scheduler/default_sched.cc:430 WARNING 1812139 LoadBalance [#781 PDF] observed exec-time bins (cumulative): <10us=62397692 <50us=784794 <500us=27041 <10ms=19381 <50ms=338 <500ms=293 <1s=0 >=1s=1 | stalls_detected=3[0m
[33m/home/cvazquezperezdelacru/clio-core/context-runtime/src/scheduler/default_sched.cc:439 WARNING 1812139 LoadBalance [#785] lane rescues performed: 3[0m
[33m/home/cvazquezperezdelacru/clio-core/context-runtime/src/scheduler/default_sched.cc:430 WARNING 1812139 LoadBalance [#781 PDF] observed exec-time bins (cumulative): <10us=62464016 <50us=786938 <500us=27051 <10ms=19382 <50ms=338 <500ms=293 <1s=0 >=1s=1 | stalls_detected=3[0m
[33m/home/cvazquezperezdelacru/clio-core/context-runtime/src/scheduler/default_sched.cc:439 WARNING 1812139 LoadBalance [#785] lane rescues performed: 3[0m
[33m/home/cvazquezperezdelacru/clio-core/context-runtime/src/scheduler/default_sched.cc:430 WARNING 1812139 LoadBalance [#781 PDF] observed exec-time bins (cumulative): <10us=62532167 <50us=787270 <500us=27059 <10ms=19384 <50ms=338 <500ms=293 <1s=0 >=1s=1 | stalls_detected=3[0m
[33m/home/cvazquezperezdelacru/clio-core/context-runtime/src/scheduler/default_sched.cc:439 WARNING 1812139 LoadBalance [#785] lane rescues performed: 3[0m
[33m/home/cvazquezperezdelacru/clio-core/context-runtime/src/scheduler/default_sched.cc:430 WARNING 1812139 LoadBalance [#781 PDF] observed exec-time bins (cumulative): <10us=62600380 <50us=787555 <500us=27065 <10ms=19385 <50ms=338 <500ms=293 <1s=0 >=1s=1 | stalls_detected=3[0m
[33m/home/cvazquezperezdelacru/clio-core/context-runtime/src/scheduler/default_sched.cc:439 WARNING 1812139 LoadBalance [#785] lane rescues performed: 3[0m
[33m/home/cvazquezperezdelacru/clio-core/context-runtime/src/scheduler/default_sched.cc:430 WARNING 1812139 LoadBalance [#781 PDF] observed exec-time bins (cumulative): <10us=62668650 <50us=787838 <500us=27074 <10ms=19386 <50ms=338 <500ms=293 <1s=0 >=1s=1 | stalls_detected=3[0m
[33m/home/cvazquezperezdelacru/clio-core/context-runtime/src/scheduler/default_sched.cc:439 WARNING 1812139 LoadBalance [#785] lane rescues performed: 3[0m
[33m/home/cvazquezperezdelacru/clio-core/context-runtime/src/scheduler/default_sched.cc:430 WARNING 1812139 LoadBalance [#781 PDF] observed exec-time bins (cumulative): <10us=62736797 <50us=788217 <500us=27083 <10ms=19389 <50ms=338 <500ms=293 <1s=0 >=1s=1 | stalls_detected=3[0m
[33m/home/cvazquezperezdelacru/clio-core/context-runtime/src/scheduler/default_sched.cc:439 WARNING 1812139 LoadBalance [#785] lane rescues performed: 3[0m
[33m/home/cvazquezperezdelacru/clio-core/context-runtime/src/scheduler/default_sched.cc:430 WARNING 1812139 LoadBalance [#781 PDF] observed exec-time bins (cumulative): <10us=62805059 <50us=788524 <500us=27090 <10ms=19390 <50ms=338 <500ms=293 <1s=0 >=1s=1 | stalls_detected=3[0m
[33m/home/cvazquezperezdelacru/clio-core/context-runtime/src/scheduler/default_sched.cc:439 WARNING 1812139 LoadBalance [#785] lane rescues performed: 3[0m
[33m/home/cvazquezperezdelacru/clio-core/context-runtime/src/scheduler/default_sched.cc:430 WARNING 1812139 LoadBalance [#781 PDF] observed exec-time bins (cumulative): <10us=62873237 <50us=788928 <500us=27097 <10ms=19391 <50ms=338 <500ms=293 <1s=0 >=1s=1 | stalls_detected=3[0m
[33m/home/cvazquezperezdelacru/clio-core/context-runtime/src/scheduler/default_sched.cc:439 WARNING 1812139 LoadBalance [#785] lane rescues performed: 3[0m
[33m/home/cvazquezperezdelacru/clio-core/context-runtime/src/scheduler/default_sched.cc:430 WARNING 1812139 LoadBalance [#781 PDF] observed exec-time bins (cumulative): <10us=62940500 <50us=790220 <500us=27105 <10ms=19393 <50ms=338 <500ms=293 <1s=0 >=1s=1 | stalls_detected=3[0m
[33m/home/cvazquezperezdelacru/clio-core/context-runtime/src/scheduler/default_sched.cc:439 WARNING 1812139 LoadBalance [#785] lane rescues performed: 3[0m
[33m/home/cvazquezperezdelacru/clio-core/context-runtime/src/scheduler/default_sched.cc:430 WARNING 1812139 LoadBalance [#781 PDF] observed exec-time bins (cumulative): <10us=63008191 <50us=791070 <500us=27114 <10ms=19394 <50ms=338 <500ms=293 <1s=0 >=1s=1 | stalls_detected=3[0m
[33m/home/cvazquezperezdelacru/clio-core/context-runtime/src/scheduler/default_sched.cc:439 WARNING 1812139 LoadBalance [#785] lane rescues performed: 3[0m
[33m/home/cvazquezperezdelacru/clio-core/context-runtime/src/scheduler/default_sched.cc:430 WARNING 1812139 LoadBalance [#781 PDF] observed exec-time bins (cumulative): <10us=63072277 <50us=794841 <500us=27122 <10ms=19395 <50ms=338 <500ms=293 <1s=0 >=1s=1 | stalls_detected=3[0m
[33m/home/cvazquezperezdelacru/clio-core/context-runtime/src/scheduler/default_sched.cc:439 WARNING 1812139 LoadBalance [#785] lane rescues performed: 3[0m
[33m/home/cvazquezperezdelacru/clio-core/context-runtime/src/scheduler/default_sched.cc:430 WARNING 1812139 LoadBalance [#781 PDF] observed exec-time bins (cumulative): <10us=63138619 <50us=796710 <500us=27130 <10ms=19396 <50ms=338 <500ms=293 <1s=0 >=1s=1 | stalls_detected=3[0m
[33m/home/cvazquezperezdelacru/clio-core/context-runtime/src/scheduler/default_sched.cc:439 WARNING 1812139 LoadBalance [#785] lane rescues performed: 3[0m
[33m/home/cvazquezperezdelacru/clio-core/context-runtime/src/scheduler/default_sched.cc:430 WARNING 1812139 LoadBalance [#781 PDF] observed exec-time bins (cumulative): <10us=63203275 <50us=798668 <500us=27138 <10ms=19398 <50ms=338 <500ms=293 <1s=0 >=1s=1 | stalls_detected=3[0m
[33m/home/cvazquezperezdelacru/clio-core/context-runtime/src/scheduler/default_sched.cc:439 WARNING 1812139 LoadBalance [#785] lane rescues performed: 3[0m
[33m/home/cvazquezperezdelacru/clio-core/context-runtime/src/scheduler/default_sched.cc:430 WARNING 1812139 LoadBalance [#781 PDF] observed exec-time bins (cumulative): <10us=63267552 <50us=801863 <500us=27145 <10ms=19399 <50ms=338 <500ms=293 <1s=0 >=1s=1 | stalls_detected=3[0m
[33m/home/cvazquezperezdelacru/clio-core/context-runtime/src/scheduler/default_sched.cc:439 WARNING 1812139 LoadBalance [#785] lane rescues performed: 3[0m
[33m/home/cvazquezperezdelacru/clio-core/context-runtime/src/scheduler/default_sched.cc:430 WARNING 1812139 LoadBalance [#781 PDF] observed exec-time bins (cumulative): <10us=63335594 <50us=802368 <500us=27153 <10ms=19400 <50ms=338 <500ms=293 <1s=0 >=1s=1 | stalls_detected=3[0m
[33m/home/cvazquezperezdelacru/clio-core/context-runtime/src/scheduler/default_sched.cc:439 WARNING 1812139 LoadBalance [#785] lane rescues performed: 3[0m
[33m/home/cvazquezperezdelacru/clio-core/context-runtime/src/scheduler/default_sched.cc:430 WARNING 1812139 LoadBalance [#781 PDF] observed exec-time bins (cumulative): <10us=63403737 <50us=802803 <500us=27161 <10ms=19401 <50ms=338 <500ms=293 <1s=0 >=1s=1 | stalls_detected=3[0m
[33m/home/cvazquezperezdelacru/clio-core/context-runtime/src/scheduler/default_sched.cc:439 WARNING 1812139 LoadBalance [#785] lane rescues performed: 3[0m
[33m/home/cvazquezperezdelacru/clio-core/context-runtime/src/scheduler/default_sched.cc:430 WARNING 1812139 LoadBalance [#781 PDF] observed exec-time bins (cumulative): <10us=63471566 <50us=803478 <500us=27168 <10ms=19402 <50ms=338 <500ms=293 <1s=0 >=1s=1 | stalls_detected=3[0m
[33m/home/cvazquezperezdelacru/clio-core/context-runtime/src/scheduler/default_sched.cc:439 WARNING 1812139 LoadBalance [#785] lane rescues performed: 3[0m
[33m/home/cvazquezperezdelacru/clio-core/context-runtime/src/scheduler/default_sched.cc:430 WARNING 1812139 LoadBalance [#781 PDF] observed exec-time bins (cumulative): <10us=63539732 <50us=803752 <500us=27177 <10ms=19403 <50ms=338 <500ms=293 <1s=0 >=1s=1 | stalls_detected=3[0m
[33m/home/cvazquezperezdelacru/clio-core/context-runtime/src/scheduler/default_sched.cc:439 WARNING 1812139 LoadBalance [#785] lane rescues performed: 3[0m
[33m/home/cvazquezperezdelacru/clio-core/context-runtime/src/scheduler/default_sched.cc:430 WARNING 1812139 LoadBalance [#781 PDF] observed exec-time bins (cumulative): <10us=63607396 <50us=804624 <500us=27184 <10ms=19405 <50ms=338 <500ms=293 <1s=0 >=1s=1 | stalls_detected=3[0m
[33m/home/cvazquezperezdelacru/clio-core/context-runtime/src/scheduler/default_sched.cc:439 WARNING 1812139 LoadBalance [#785] lane rescues performed: 3[0m
[33m/home/cvazquezperezdelacru/clio-core/context-runtime/src/scheduler/default_sched.cc:430 WARNING 1812139 LoadBalance [#781 PDF] observed exec-time bins (cumulative): <10us=63675481 <50us=805122 <500us=27193 <10ms=19406 <50ms=338 <500ms=293 <1s=0 >=1s=1 | stalls_detected=3[0m
[33m/home/cvazquezperezdelacru/clio-core/context-runtime/src/scheduler/default_sched.cc:439 WARNING 1812139 LoadBalance [#785] lane rescues performed: 3[0m
[33m/home/cvazquezperezdelacru/clio-core/context-runtime/src/scheduler/default_sched.cc:430 WARNING 1812139 LoadBalance [#781 PDF] observed exec-time bins (cumulative): <10us=63743591 <50us=805538 <500us=27199 <10ms=19408 <50ms=338 <500ms=293 <1s=0 >=1s=1 | stalls_detected=3[0m
[33m/home/cvazquezperezdelacru/clio-core/context-runtime/src/scheduler/default_sched.cc:439 WARNING 1812139 LoadBalance [#785] lane rescues performed: 3[0m
[33m/home/cvazquezperezdelacru/clio-core/context-runtime/src/scheduler/default_sched.cc:430 WARNING 1812139 LoadBalance [#781 PDF] observed exec-time bins (cumulative): <10us=63811799 <50us=805905 <500us=27208 <10ms=19409 <50ms=338 <500ms=293 <1s=0 >=1s=1 | stalls_detected=3[0m
[33m/home/cvazquezperezdelacru/clio-core/context-runtime/src/scheduler/default_sched.cc:439 WARNING 1812139 LoadBalance [#785] lane rescues performed: 3[0m
[33m/home/cvazquezperezdelacru/clio-core/context-runtime/src/scheduler/default_sched.cc:430 WARNING 1812139 LoadBalance [#781 PDF] observed exec-time bins (cumulative): <10us=63879955 <50us=806288 <500us=27214 <10ms=19410 <50ms=338 <500ms=293 <1s=0 >=1s=1 | stalls_detected=3[0m
[33m/home/cvazquezperezdelacru/clio-core/context-runtime/src/scheduler/default_sched.cc:439 WARNING 1812139 LoadBalance [#785] lane rescues performed: 3[0m
[33m/home/cvazquezperezdelacru/clio-core/context-runtime/src/scheduler/default_sched.cc:430 WARNING 1812139 LoadBalance [#781 PDF] observed exec-time bins (cumulative): <10us=63948189 <50us=806622 <500us=27223 <10ms=19411 <50ms=338 <500ms=293 <1s=0 >=1s=1 | stalls_detected=3[0m
[33m/home/cvazquezperezdelacru/clio-core/context-runtime/src/scheduler/default_sched.cc:439 WARNING 1812139 LoadBalance [#785] lane rescues performed: 3[0m
[33m/home/cvazquezperezdelacru/clio-core/context-runtime/src/scheduler/default_sched.cc:430 WARNING 1812139 LoadBalance [#781 PDF] observed exec-time bins (cumulative): <10us=64016261 <50us=807083 <500us=27235 <10ms=19412 <50ms=338 <500ms=293 <1s=0 >=1s=1 | stalls_detected=3[0m
[33m/home/cvazquezperezdelacru/clio-core/context-runtime/src/scheduler/default_sched.cc:439 WARNING 1812139 LoadBalance [#785] lane rescues performed: 3[0m
[33m/home/cvazquezperezdelacru/clio-core/context-runtime/src/scheduler/default_sched.cc:430 WARNING 1812139 LoadBalance [#781 PDF] observed exec-time bins (cumulative): <10us=64084441 <50us=807472 <500us=27243 <10ms=19413 <50ms=338 <500ms=293 <1s=0 >=1s=1 | stalls_detected=3[0m
[33m/home/cvazquezperezdelacru/clio-core/context-runtime/src/scheduler/default_sched.cc:439 WARNING 1812139 LoadBalance [#785] lane rescues performed: 3[0m
[33m/home/cvazquezperezdelacru/clio-core/context-runtime/src/scheduler/default_sched.cc:430 WARNING 1812139 LoadBalance [#781 PDF] observed exec-time bins (cumulative): <10us=64152577 <50us=807889 <500us=27251 <10ms=19415 <50ms=338 <500ms=293 <1s=0 >=1s=1 | stalls_detected=3[0m
[33m/home/cvazquezperezdelacru/clio-core/context-runtime/src/scheduler/default_sched.cc:439 WARNING 1812139 LoadBalance [#785] lane rescues performed: 3[0m
[33m/home/cvazquezperezdelacru/clio-core/context-runtime/src/scheduler/default_sched.cc:430 WARNING 1812139 LoadBalance [#781 PDF] observed exec-time bins (cumulative): <10us=64220688 <50us=808340 <500us=27259 <10ms=19416 <50ms=338 <500ms=293 <1s=0 >=1s=1 | stalls_detected=3[0m
[33m/home/cvazquezperezdelacru/clio-core/context-runtime/src/scheduler/default_sched.cc:439 WARNING 1812139 LoadBalance [#785] lane rescues performed: 3[0m
[33m/home/cvazquezperezdelacru/clio-core/context-runtime/src/scheduler/default_sched.cc:430 WARNING 1812139 LoadBalance [#781 PDF] observed exec-time bins (cumulative): <10us=64287724 <50us=809466 <500us=27263 <10ms=19416 <50ms=338 <500ms=293 <1s=0 >=1s=1 | stalls_detected=3[0m
[33m/home/cvazquezperezdelacru/clio-core/context-runtime/src/scheduler/default_sched.cc:439 WARNING 1812139 LoadBalance [#785] lane rescues performed: 3[0m
[33m/home/cvazquezperezdelacru/clio-core/context-runtime/src/scheduler/default_sched.cc:430 WARNING 1812139 LoadBalance [#781 PDF] observed exec-time bins (cumulative): <10us=64355721 <50us=809874 <500us=27271 <10ms=19418 <50ms=338 <500ms=293 <1s=0 >=1s=1 | stalls_detected=3[0m
[33m/home/cvazquezperezdelacru/clio-core/context-runtime/src/scheduler/default_sched.cc:439 WARNING 1812139 LoadBalance [#785] lane rescues performed: 3[0m
[33m/home/cvazquezperezdelacru/clio-core/context-runtime/src/scheduler/default_sched.cc:430 WARNING 1812139 LoadBalance [#781 PDF] observed exec-time bins (cumulative): <10us=64423467 <50us=810377 <500us=27277 <10ms=19419 <50ms=338 <500ms=293 <1s=0 >=1s=1 | stalls_detected=3[0m
[33m/home/cvazquezperezdelacru/clio-core/context-runtime/src/scheduler/default_sched.cc:439 WARNING 1812139 LoadBalance [#785] lane rescues performed: 3[0m
[33m/home/cvazquezperezdelacru/clio-core/context-runtime/src/scheduler/default_sched.cc:430 WARNING 1812139 LoadBalance [#781 PDF] observed exec-time bins (cumulative): <10us=64491801 <50us=810625 <500us=27285 <10ms=19420 <50ms=338 <500ms=293 <1s=0 >=1s=1 | stalls_detected=3[0m
[33m/home/cvazquezperezdelacru/clio-core/context-runtime/src/scheduler/default_sched.cc:439 WARNING 1812139 LoadBalance [#785] lane rescues performed: 3[0m
[33m/home/cvazquezperezdelacru/clio-core/context-runtime/src/scheduler/default_sched.cc:430 WARNING 1812139 LoadBalance [#781 PDF] observed exec-time bins (cumulative): <10us=64560035 <50us=810940 <500us=27291 <10ms=19422 <50ms=338 <500ms=293 <1s=0 >=1s=1 | stalls_detected=3[0m
[33m/home/cvazquezperezdelacru/clio-core/context-runtime/src/scheduler/default_sched.cc:439 WARNING 1812139 LoadBalance [#785] lane rescues performed: 3[0m
[33m/home/cvazquezperezdelacru/clio-core/context-runtime/src/scheduler/default_sched.cc:430 WARNING 1812139 LoadBalance [#781 PDF] observed exec-time bins (cumulative): <10us=64628407 <50us=811172 <500us=27299 <10ms=19423 <50ms=338 <500ms=293 <1s=0 >=1s=1 | stalls_detected=3[0m
[33m/home/cvazquezperezdelacru/clio-core/context-runtime/src/scheduler/default_sched.cc:439 WARNING 1812139 LoadBalance [#785] lane rescues performed: 3[0m
[33m/home/cvazquezperezdelacru/clio-core/context-runtime/src/scheduler/default_sched.cc:430 WARNING 1812139 LoadBalance [#781 PDF] observed exec-time bins (cumulative): <10us=64696781 <50us=811433 <500us=27307 <10ms=19424 <50ms=338 <500ms=293 <1s=0 >=1s=1 | stalls_detected=3[0m
[33m/home/cvazquezperezdelacru/clio-core/context-runtime/src/scheduler/default_sched.cc:439 WARNING 1812139 LoadBalance [#785] lane rescues performed: 3[0m
[33m/home/cvazquezperezdelacru/clio-core/context-runtime/src/scheduler/default_sched.cc:430 WARNING 1812139 LoadBalance [#781 PDF] observed exec-time bins (cumulative): <10us=64764950 <50us=811663 <500us=27317 <10ms=19425 <50ms=338 <500ms=293 <1s=0 >=1s=1 | stalls_detected=3[0m
[33m/home/cvazquezperezdelacru/clio-core/context-runtime/src/scheduler/default_sched.cc:439 WARNING 1812139 LoadBalance [#785] lane rescues performed: 3[0m
[33m/home/cvazquezperezdelacru/clio-core/context-runtime/src/scheduler/default_sched.cc:430 WARNING 1812139 LoadBalance [#781 PDF] observed exec-time bins (cumulative): <10us=64832671 <50us=812105 <500us=27325 <10ms=19426 <50ms=338 <500ms=293 <1s=0 >=1s=1 | stalls_detected=3[0m
[33m/home/cvazquezperezdelacru/clio-core/context-runtime/src/scheduler/default_sched.cc:439 WARNING 1812139 LoadBalance [#785] lane rescues performed: 3[0m
[33m/home/cvazquezperezdelacru/clio-core/context-runtime/src/scheduler/default_sched.cc:430 WARNING 1812139 LoadBalance [#781 PDF] observed exec-time bins (cumulative): <10us=64900422 <50us=812527 <500us=27333 <10ms=19427 <50ms=338 <500ms=293 <1s=0 >=1s=1 | stalls_detected=3[0m
[33m/home/cvazquezperezdelacru/clio-core/context-runtime/src/scheduler/default_sched.cc:439 WARNING 1812139 LoadBalance [#785] lane rescues performed: 3[0m
[33m/home/cvazquezperezdelacru/clio-core/context-runtime/src/scheduler/default_sched.cc:430 WARNING 1812139 LoadBalance [#781 PDF] observed exec-time bins (cumulative): <10us=64968142 <50us=813231 <500us=27339 <10ms=19428 <50ms=338 <500ms=293 <1s=0 >=1s=1 | stalls_detected=3[0m
[33m/home/cvazquezperezdelacru/clio-core/context-runtime/src/scheduler/default_sched.cc:439 WARNING 1812139 LoadBalance [#785] lane rescues performed: 3[0m
[33m/home/cvazquezperezdelacru/clio-core/context-runtime/src/scheduler/default_sched.cc:430 WARNING 1812139 LoadBalance [#781 PDF] observed exec-time bins (cumulative): <10us=65036414 <50us=813542 <500us=27350 <10ms=19429 <50ms=338 <500ms=293 <1s=0 >=1s=1 | stalls_detected=3[0m
[33m/home/cvazquezperezdelacru/clio-core/context-runtime/src/scheduler/default_sched.cc:439 WARNING 1812139 LoadBalance [#785] lane rescues performed: 3[0m
[33m/home/cvazquezperezdelacru/clio-core/context-runtime/src/scheduler/default_sched.cc:430 WARNING 1812139 LoadBalance [#781 PDF] observed exec-time bins (cumulative): <10us=65104479 <50us=813975 <500us=27356 <10ms=19432 <50ms=338 <500ms=293 <1s=0 >=1s=1 | stalls_detected=3[0m
[33m/home/cvazquezperezdelacru/clio-core/context-runtime/src/scheduler/default_sched.cc:439 WARNING 1812139 LoadBalance [#785] lane rescues performed: 3[0m
[33m/home/cvazquezperezdelacru/clio-core/context-runtime/src/scheduler/default_sched.cc:430 WARNING 1812139 LoadBalance [#781 PDF] observed exec-time bins (cumulative): <10us=65172349 <50us=814318 <500us=27364 <10ms=19433 <50ms=338 <500ms=293 <1s=0 >=1s=1 | stalls_detected=3[0m
[33m/home/cvazquezperezdelacru/clio-core/context-runtime/src/scheduler/default_sched.cc:439 WARNING 1812139 LoadBalance [#785] lane rescues performed: 3[0m
[33m/home/cvazquezperezdelacru/clio-core/context-runtime/src/scheduler/default_sched.cc:430 WARNING 1812139 LoadBalance [#781 PDF] observed exec-time bins (cumulative): <10us=65240440 <50us=814699 <500us=27372 <10ms=19435 <50ms=338 <500ms=293 <1s=0 >=1s=1 | stalls_detected=3[0m
[33m/home/cvazquezperezdelacru/clio-core/context-runtime/src/scheduler/default_sched.cc:439 WARNING 1812139 LoadBalance [#785] lane rescues performed: 3[0m
[33m/home/cvazquezperezdelacru/clio-core/context-runtime/src/scheduler/default_sched.cc:430 WARNING 1812139 LoadBalance [#781 PDF] observed exec-time bins (cumulative): <10us=65308344 <50us=814977 <500us=27382 <10ms=19436 <50ms=338 <500ms=293 <1s=0 >=1s=1 | stalls_detected=3[0m
[33m/home/cvazquezperezdelacru/clio-core/context-runtime/src/scheduler/default_sched.cc:439 WARNING 1812139 LoadBalance [#785] lane rescues performed: 3[0m
[33m/home/cvazquezperezdelacru/clio-core/context-runtime/src/scheduler/default_sched.cc:430 WARNING 1812139 LoadBalance [#781 PDF] observed exec-time bins (cumulative): <10us=65375981 <50us=815638 <500us=27387 <10ms=19437 <50ms=338 <500ms=293 <1s=0 >=1s=1 | stalls_detected=3[0m
[33m/home/cvazquezperezdelacru/clio-core/context-runtime/src/scheduler/default_sched.cc:439 WARNING 1812139 LoadBalance [#785] lane rescues performed: 3[0m
[33m/home/cvazquezperezdelacru/clio-core/context-runtime/src/scheduler/default_sched.cc:430 WARNING 1812139 LoadBalance [#781 PDF] observed exec-time bins (cumulative): <10us=65444335 <50us=815899 <500us=27396 <10ms=19438 <50ms=338 <500ms=293 <1s=0 >=1s=1 | stalls_detected=3[0m
[33m/home/cvazquezperezdelacru/clio-core/context-runtime/src/scheduler/default_sched.cc:439 WARNING 1812139 LoadBalance [#785] lane rescues performed: 3[0m
[33m/home/cvazquezperezdelacru/clio-core/context-runtime/src/scheduler/default_sched.cc:430 WARNING 1812139 LoadBalance [#781 PDF] observed exec-time bins (cumulative): <10us=65512745 <50us=816192 <500us=27402 <10ms=19439 <50ms=338 <500ms=293 <1s=0 >=1s=1 | stalls_detected=3[0m
[33m/home/cvazquezperezdelacru/clio-core/context-runtime/src/scheduler/default_sched.cc:439 WARNING 1812139 LoadBalance [#785] lane rescues performed: 3[0m
[33m/home/cvazquezperezdelacru/clio-core/context-runtime/src/scheduler/default_sched.cc:430 WARNING 1812139 LoadBalance [#781 PDF] observed exec-time bins (cumulative): <10us=65580930 <50us=816606 <500us=27411 <10ms=19440 <50ms=338 <500ms=293 <1s=0 >=1s=1 | stalls_detected=3[0m
[33m/home/cvazquezperezdelacru/clio-core/context-runtime/src/scheduler/default_sched.cc:439 WARNING 1812139 LoadBalance [#785] lane rescues performed: 3[0m
[33m/home/cvazquezperezdelacru/clio-core/context-runtime/src/scheduler/default_sched.cc:430 WARNING 1812139 LoadBalance [#781 PDF] observed exec-time bins (cumulative): <10us=65648353 <50us=817762 <500us=27417 <10ms=19441 <50ms=338 <500ms=293 <1s=0 >=1s=1 | stalls_detected=3[0m
[33m/home/cvazquezperezdelacru/clio-core/context-runtime/src/scheduler/default_sched.cc:439 WARNING 1812139 LoadBalance [#785] lane rescues performed: 3[0m
[33m/home/cvazquezperezdelacru/clio-core/context-runtime/src/scheduler/default_sched.cc:430 WARNING 1812139 LoadBalance [#781 PDF] observed exec-time bins (cumulative): <10us=65714455 <50us=820168 <500us=27425 <10ms=19442 <50ms=338 <500ms=293 <1s=0 >=1s=1 | stalls_detected=3[0m
[33m/home/cvazquezperezdelacru/clio-core/context-runtime/src/scheduler/default_sched.cc:439 WARNING 1812139 LoadBalance [#785] lane rescues performed: 3[0m
[33m/home/cvazquezperezdelacru/clio-core/context-runtime/src/scheduler/default_sched.cc:430 WARNING 1812139 LoadBalance [#781 PDF] observed exec-time bins (cumulative): <10us=65782739 <50us=820546 <500us=27434 <10ms=19444 <50ms=338 <500ms=293 <1s=0 >=1s=1 | stalls_detected=3[0m
[33m/home/cvazquezperezdelacru/clio-core/context-runtime/src/scheduler/default_sched.cc:439 WARNING 1812139 LoadBalance [#785] lane rescues performed: 3[0m
[33m/home/cvazquezperezdelacru/clio-core/context-runtime/src/scheduler/default_sched.cc:430 WARNING 1812139 LoadBalance [#781 PDF] observed exec-time bins (cumulative): <10us=65850437 <50us=821434 <500us=27441 <10ms=19446 <50ms=338 <500ms=293 <1s=0 >=1s=1 | stalls_detected=3[0m
[33m/home/cvazquezperezdelacru/clio-core/context-runtime/src/scheduler/default_sched.cc:439 WARNING 1812139 LoadBalance [#785] lane rescues performed: 3[0m
[33m/home/cvazquezperezdelacru/clio-core/context-runtime/src/scheduler/default_sched.cc:430 WARNING 1812139 LoadBalance [#781 PDF] observed exec-time bins (cumulative): <10us=65918090 <50us=822312 <500us=27449 <10ms=19447 <50ms=338 <500ms=293 <1s=0 >=1s=1 | stalls_detected=3[0m
[33m/home/cvazquezperezdelacru/clio-core/context-runtime/src/scheduler/default_sched.cc:439 WARNING 1812139 LoadBalance [#785] lane rescues performed: 3[0m
[33m/home/cvazquezperezdelacru/clio-core/context-runtime/src/scheduler/default_sched.cc:430 WARNING 1812139 LoadBalance [#781 PDF] observed exec-time bins (cumulative): <10us=65986040 <50us=822828 <500us=27457 <10ms=19448 <50ms=338 <500ms=293 <1s=0 >=1s=1 | stalls_detected=3[0m
[33m/home/cvazquezperezdelacru/clio-core/context-runtime/src/scheduler/default_sched.cc:439 WARNING 1812139 LoadBalance [#785] lane rescues performed: 3[0m
[33m/home/cvazquezperezdelacru/clio-core/context-runtime/src/scheduler/default_sched.cc:430 WARNING 1812139 LoadBalance [#781 PDF] observed exec-time bins (cumulative): <10us=66053054 <50us=824089 <500us=27464 <10ms=19449 <50ms=338 <500ms=293 <1s=0 >=1s=1 | stalls_detected=3[0m
[33m/home/cvazquezperezdelacru/clio-core/context-runtime/src/scheduler/default_sched.cc:439 WARNING 1812139 LoadBalance [#785] lane rescues performed: 3[0m
[33m/home/cvazquezperezdelacru/clio-core/context-runtime/src/scheduler/default_sched.cc:430 WARNING 1812139 LoadBalance [#781 PDF] observed exec-time bins (cumulative): <10us=66121279 <50us=824432 <500us=27473 <10ms=19450 <50ms=338 <500ms=293 <1s=0 >=1s=1 | stalls_detected=3[0m
[33m/home/cvazquezperezdelacru/clio-core/context-runtime/src/scheduler/default_sched.cc:439 WARNING 1812139 LoadBalance [#785] lane rescues performed: 3[0m
[33m/home/cvazquezperezdelacru/clio-core/context-runtime/src/scheduler/default_sched.cc:430 WARNING 1812139 LoadBalance [#781 PDF] observed exec-time bins (cumulative): <10us=66189490 <50us=824806 <500us=27479 <10ms=19451 <50ms=338 <500ms=293 <1s=0 >=1s=1 | stalls_detected=3[0m
[33m/home/cvazquezperezdelacru/clio-core/context-runtime/src/scheduler/default_sched.cc:439 WARNING 1812139 LoadBalance [#785] lane rescues performed: 3[0m
[33m/home/cvazquezperezdelacru/clio-core/context-runtime/src/scheduler/default_sched.cc:430 WARNING 1812139 LoadBalance [#781 PDF] observed exec-time bins (cumulative): <10us=66256970 <50us=825411 <500us=27487 <10ms=19452 <50ms=338 <500ms=293 <1s=0 >=1s=1 | stalls_detected=3[0m
[33m/home/cvazquezperezdelacru/clio-core/context-runtime/src/scheduler/default_sched.cc:439 WARNING 1812139 LoadBalance [#785] lane rescues performed: 3[0m
[33m/home/cvazquezperezdelacru/clio-core/context-runtime/src/scheduler/default_sched.cc:430 WARNING 1812139 LoadBalance [#781 PDF] observed exec-time bins (cumulative): <10us=66325196 <50us=825746 <500us=27497 <10ms=19453 <50ms=338 <500ms=293 <1s=0 >=1s=1 | stalls_detected=3[0m
[33m/home/cvazquezperezdelacru/clio-core/context-runtime/src/scheduler/default_sched.cc:439 WARNING 1812139 LoadBalance [#785] lane rescues performed: 3[0m
[33m/home/cvazquezperezdelacru/clio-core/context-runtime/src/scheduler/default_sched.cc:430 WARNING 1812139 LoadBalance [#781 PDF] observed exec-time bins (cumulative): <10us=66393271 <50us=826096 <500us=27504 <10ms=19454 <50ms=338 <500ms=293 <1s=0 >=1s=1 | stalls_detected=3[0m
[33m/home/cvazquezperezdelacru/clio-core/context-runtime/src/scheduler/default_sched.cc:439 WARNING 1812139 LoadBalance [#785] lane rescues performed: 3[0m
[33m/home/cvazquezperezdelacru/clio-core/context-runtime/src/scheduler/default_sched.cc:430 WARNING 1812139 LoadBalance [#781 PDF] observed exec-time bins (cumulative): <10us=66461601 <50us=826344 <500us=27510 <10ms=19455 <50ms=338 <500ms=293 <1s=0 >=1s=1 | stalls_detected=3[0m
[33m/home/cvazquezperezdelacru/clio-core/context-runtime/src/scheduler/default_sched.cc:439 WARNING 1812139 LoadBalance [#785] lane rescues performed: 3[0m
[33m/home/cvazquezperezdelacru/clio-core/context-runtime/src/scheduler/default_sched.cc:430 WARNING 1812139 LoadBalance [#781 PDF] observed exec-time bins (cumulative): <10us=66529916 <50us=826666 <500us=27518 <10ms=19456 <50ms=338 <500ms=293 <1s=0 >=1s=1 | stalls_detected=3[0m
[33m/home/cvazquezperezdelacru/clio-core/context-runtime/src/scheduler/default_sched.cc:439 WARNING 1812139 LoadBalance [#785] lane rescues performed: 3[0m
[33m/home/cvazquezperezdelacru/clio-core/context-runtime/src/scheduler/default_sched.cc:430 WARNING 1812139 LoadBalance [#781 PDF] observed exec-time bins (cumulative): <10us=66598243 <50us=826940 <500us=27524 <10ms=19457 <50ms=338 <500ms=293 <1s=0 >=1s=1 | stalls_detected=3[0m
[33m/home/cvazquezperezdelacru/clio-core/context-runtime/src/scheduler/default_sched.cc:439 WARNING 1812139 LoadBalance [#785] lane rescues performed: 3[0m
[33m/home/cvazquezperezdelacru/clio-core/context-runtime/src/scheduler/default_sched.cc:430 WARNING 1812139 LoadBalance [#781 PDF] observed exec-time bins (cumulative): <10us=66666484 <50us=827248 <500us=27535 <10ms=19459 <50ms=338 <500ms=293 <1s=0 >=1s=1 | stalls_detected=3[0m
[33m/home/cvazquezperezdelacru/clio-core/context-runtime/src/scheduler/default_sched.cc:439 WARNING 1812139 LoadBalance [#785] lane rescues performed: 3[0m
[33m/home/cvazquezperezdelacru/clio-core/context-runtime/src/scheduler/default_sched.cc:430 WARNING 1812139 LoadBalance [#781 PDF] observed exec-time bins (cumulative): <10us=66734693 <50us=827593 <500us=27544 <10ms=19460 <50ms=338 <500ms=293 <1s=0 >=1s=1 | stalls_detected=3[0m
[33m/home/cvazquezperezdelacru/clio-core/context-runtime/src/scheduler/default_sched.cc:439 WARNING 1812139 LoadBalance [#785] lane rescues performed: 3[0m
[33m/home/cvazquezperezdelacru/clio-core/context-runtime/src/scheduler/default_sched.cc:430 WARNING 1812139 LoadBalance [#781 PDF] observed exec-time bins (cumulative): <10us=66802883 <50us=827970 <500us=27552 <10ms=19461 <50ms=338 <500ms=293 <1s=0 >=1s=1 | stalls_detected=3[0m
[33m/home/cvazquezperezdelacru/clio-core/context-runtime/src/scheduler/default_sched.cc:439 WARNING 1812139 LoadBalance [#785] lane rescues performed: 3[0m
[33m/home/cvazquezperezdelacru/clio-core/context-runtime/src/scheduler/default_sched.cc:430 WARNING 1812139 LoadBalance [#781 PDF] observed exec-time bins (cumulative): <10us=66871206 <50us=828228 <500us=27558 <10ms=19462 <50ms=338 <500ms=293 <1s=0 >=1s=1 | stalls_detected=3[0m
[33m/home/cvazquezperezdelacru/clio-core/context-runtime/src/scheduler/default_sched.cc:439 WARNING 1812139 LoadBalance [#785] lane rescues performed: 3[0m
[33m/home/cvazquezperezdelacru/clio-core/context-runtime/src/scheduler/default_sched.cc:430 WARNING 1812139 LoadBalance [#781 PDF] observed exec-time bins (cumulative): <10us=66939403 <50us=828579 <500us=27566 <10ms=19463 <50ms=338 <500ms=293 <1s=0 >=1s=1 | stalls_detected=3[0m
[33m/home/cvazquezperezdelacru/clio-core/context-runtime/src/scheduler/default_sched.cc:439 WARNING 1812139 LoadBalance [#785] lane rescues performed: 3[0m
[33m/home/cvazquezperezdelacru/clio-core/context-runtime/src/scheduler/default_sched.cc:430 WARNING 1812139 LoadBalance [#781 PDF] observed exec-time bins (cumulative): <10us=67007671 <50us=828893 <500us=27574 <10ms=19464 <50ms=338 <500ms=293 <1s=0 >=1s=1 | stalls_detected=3[0m
[33m/home/cvazquezperezdelacru/clio-core/context-runtime/src/scheduler/default_sched.cc:439 WARNING 1812139 LoadBalance [#785] lane rescues performed: 3[0m
[33m/home/cvazquezperezdelacru/clio-core/context-runtime/src/scheduler/default_sched.cc:430 WARNING 1812139 LoadBalance [#781 PDF] observed exec-time bins (cumulative): <10us=67075885 <50us=829231 <500us=27583 <10ms=19465 <50ms=338 <500ms=293 <1s=0 >=1s=1 | stalls_detected=3[0m
[33m/home/cvazquezperezdelacru/clio-core/context-runtime/src/scheduler/default_sched.cc:439 WARNING 1812139 LoadBalance [#785] lane rescues performed: 3[0m
[33m/home/cvazquezperezdelacru/clio-core/context-runtime/src/scheduler/default_sched.cc:430 WARNING 1812139 LoadBalance [#781 PDF] observed exec-time bins (cumulative): <10us=67144076 <50us=829632 <500us=27591 <10ms=19466 <50ms=338 <500ms=293 <1s=0 >=1s=1 | stalls_detected=3[0m
[33m/home/cvazquezperezdelacru/clio-core/context-runtime/src/scheduler/default_sched.cc:439 WARNING 1812139 LoadBalance [#785] lane rescues performed: 3[0m
[33m/home/cvazquezperezdelacru/clio-core/context-runtime/src/scheduler/default_sched.cc:430 WARNING 1812139 LoadBalance [#781 PDF] observed exec-time bins (cumulative): <10us=67212218 <50us=830072 <500us=27598 <10ms=19467 <50ms=338 <500ms=293 <1s=0 >=1s=1 | stalls_detected=3[0m
[33m/home/cvazquezperezdelacru/clio-core/context-runtime/src/scheduler/default_sched.cc:439 WARNING 1812139 LoadBalance [#785] lane rescues performed: 3[0m
[33m/home/cvazquezperezdelacru/clio-core/context-runtime/src/scheduler/default_sched.cc:430 WARNING 1812139 LoadBalance [#781 PDF] observed exec-time bins (cumulative): <10us=67280534 <50us=830341 <500us=27607 <10ms=19469 <50ms=338 <500ms=293 <1s=0 >=1s=1 | stalls_detected=3[0m
[33m/home/cvazquezperezdelacru/clio-core/context-runtime/src/scheduler/default_sched.cc:439 WARNING 1812139 LoadBalance [#785] lane rescues performed: 3[0m
[33m/home/cvazquezperezdelacru/clio-core/context-runtime/src/scheduler/default_sched.cc:430 WARNING 1812139 LoadBalance [#781 PDF] observed exec-time bins (cumulative): <10us=67348767 <50us=830660 <500us=27614 <10ms=19470 <50ms=338 <500ms=293 <1s=0 >=1s=1 | stalls_detected=3[0m
[33m/home/cvazquezperezdelacru/clio-core/context-runtime/src/scheduler/default_sched.cc:439 WARNING 1812139 LoadBalance [#785] lane rescues performed: 3[0m
[33m/home/cvazquezperezdelacru/clio-core/context-runtime/src/scheduler/default_sched.cc:430 WARNING 1812139 LoadBalance [#781 PDF] observed exec-time bins (cumulative): <10us=67417126 <50us=830899 <500us=27620 <10ms=19471 <50ms=338 <500ms=293 <1s=0 >=1s=1 | stalls_detected=3[0m
[33m/home/cvazquezperezdelacru/clio-core/context-runtime/src/scheduler/default_sched.cc:439 WARNING 1812139 LoadBalance [#785] lane rescues performed: 3[0m
[33m/home/cvazquezperezdelacru/clio-core/context-runtime/src/scheduler/default_sched.cc:430 WARNING 1812139 LoadBalance [#781 PDF] observed exec-time bins (cumulative): <10us=67485240 <50us=831281 <500us=27629 <10ms=19472 <50ms=338 <500ms=293 <1s=0 >=1s=1 | stalls_detected=3[0m
[33m/home/cvazquezperezdelacru/clio-core/context-runtime/src/scheduler/default_sched.cc:439 WARNING 1812139 LoadBalance [#785] lane rescues performed: 3[0m
[33m/home/cvazquezperezdelacru/clio-core/context-runtime/src/scheduler/default_sched.cc:430 WARNING 1812139 LoadBalance [#781 PDF] observed exec-time bins (cumulative): <10us=67553440 <50us=831556 <500us=27634 <10ms=19473 <50ms=338 <500ms=293 <1s=0 >=1s=1 | stalls_detected=3[0m
[33m/home/cvazquezperezdelacru/clio-core/context-runtime/src/scheduler/default_sched.cc:439 WARNING 1812139 LoadBalance [#785] lane rescues performed: 3[0m
[33m/home/cvazquezperezdelacru/clio-core/context-runtime/src/scheduler/default_sched.cc:430 WARNING 1812139 LoadBalance [#781 PDF] observed exec-time bins (cumulative): <10us=67621605 <50us=831924 <500us=27644 <10ms=19475 <50ms=338 <500ms=293 <1s=0 >=1s=1 | stalls_detected=3[0m
[33m/home/cvazquezperezdelacru/clio-core/context-runtime/src/scheduler/default_sched.cc:439 WARNING 1812139 LoadBalance [#785] lane rescues performed: 3[0m
[33m/home/cvazquezperezdelacru/clio-core/context-runtime/src/scheduler/default_sched.cc:430 WARNING 1812139 LoadBalance [#781 PDF] observed exec-time bins (cumulative): <10us=67689884 <50us=832220 <500us=27653 <10ms=19477 <50ms=338 <500ms=293 <1s=0 >=1s=1 | stalls_detected=3[0m
[33m/home/cvazquezperezdelacru/clio-core/context-runtime/src/scheduler/default_sched.cc:439 WARNING 1812139 LoadBalance [#785] lane rescues performed: 3[0m
[33m/home/cvazquezperezdelacru/clio-core/context-runtime/src/scheduler/default_sched.cc:430 WARNING 1812139 LoadBalance [#781 PDF] observed exec-time bins (cumulative): <10us=67757986 <50us=832707 <500us=27662 <10ms=19478 <50ms=338 <500ms=293 <1s=0 >=1s=1 | stalls_detected=3[0m
[33m/home/cvazquezperezdelacru/clio-core/context-runtime/src/scheduler/default_sched.cc:439 WARNING 1812139 LoadBalance [#785] lane rescues performed: 3[0m
[33m/home/cvazquezperezdelacru/clio-core/context-runtime/src/scheduler/default_sched.cc:430 WARNING 1812139 LoadBalance [#781 PDF] observed exec-time bins (cumulative): <10us=67826254 <50us=833046 <500us=27668 <10ms=19479 <50ms=338 <500ms=293 <1s=0 >=1s=1 | stalls_detected=3[0m
[33m/home/cvazquezperezdelacru/clio-core/context-runtime/src/scheduler/default_sched.cc:439 WARNING 1812139 LoadBalance [#785] lane rescues performed: 3[0m
[33m/home/cvazquezperezdelacru/clio-core/context-runtime/src/scheduler/default_sched.cc:430 WARNING 1812139 LoadBalance [#781 PDF] observed exec-time bins (cumulative): <10us=67894462 <50us=833390 <500us=27676 <10ms=19481 <50ms=338 <500ms=293 <1s=0 >=1s=1 | stalls_detected=3[0m
[33m/home/cvazquezperezdelacru/clio-core/context-runtime/src/scheduler/default_sched.cc:439 WARNING 1812139 LoadBalance [#785] lane rescues performed: 3[0m
[33m/home/cvazquezperezdelacru/clio-core/context-runtime/src/scheduler/default_sched.cc:430 WARNING 1812139 LoadBalance [#781 PDF] observed exec-time bins (cumulative): <10us=67962676 <50us=833747 <500us=27687 <10ms=19482 <50ms=338 <500ms=293 <1s=0 >=1s=1 | stalls_detected=3[0m
[33m/home/cvazquezperezdelacru/clio-core/context-runtime/src/scheduler/default_sched.cc:439 WARNING 1812139 LoadBalance [#785] lane rescues performed: 3[0m
[33m/home/cvazquezperezdelacru/clio-core/context-runtime/src/scheduler/default_sched.cc:430 WARNING 1812139 LoadBalance [#781 PDF] observed exec-time bins (cumulative): <10us=68030803 <50us=834216 <500us=27696 <10ms=19483 <50ms=338 <500ms=293 <1s=0 >=1s=1 | stalls_detected=3[0m
[33m/home/cvazquezperezdelacru/clio-core/context-runtime/src/scheduler/default_sched.cc:439 WARNING 1812139 LoadBalance [#785] lane rescues performed: 3[0m
[33m/home/cvazquezperezdelacru/clio-core/context-runtime/src/scheduler/default_sched.cc:430 WARNING 1812139 LoadBalance [#781 PDF] observed exec-time bins (cumulative): <10us=68099122 <50us=834499 <500us=27702 <10ms=19484 <50ms=338 <500ms=293 <1s=0 >=1s=1 | stalls_detected=3[0m
[33m/home/cvazquezperezdelacru/clio-core/context-runtime/src/scheduler/default_sched.cc:439 WARNING 1812139 LoadBalance [#785] lane rescues performed: 3[0m
[33m/home/cvazquezperezdelacru/clio-core/context-runtime/src/scheduler/default_sched.cc:430 WARNING 1812139 LoadBalance [#781 PDF] observed exec-time bins (cumulative): <10us=68167426 <50us=834785 <500us=27711 <10ms=19486 <50ms=338 <500ms=293 <1s=0 >=1s=1 | stalls_detected=3[0m
[33m/home/cvazquezperezdelacru/clio-core/context-runtime/src/scheduler/default_sched.cc:439 WARNING 1812139 LoadBalance [#785] lane rescues performed: 3[0m
[33m/home/cvazquezperezdelacru/clio-core/context-runtime/src/scheduler/default_sched.cc:430 WARNING 1812139 LoadBalance [#781 PDF] observed exec-time bins (cumulative): <10us=68235027 <50us=835702 <500us=27719 <10ms=19489 <50ms=338 <500ms=293 <1s=0 >=1s=1 | stalls_detected=3[0m
[33m/home/cvazquezperezdelacru/clio-core/context-runtime/src/scheduler/default_sched.cc:439 WARNING 1812139 LoadBalance [#785] lane rescues performed: 3[0m
[33m/home/cvazquezperezdelacru/clio-core/context-runtime/src/scheduler/default_sched.cc:430 WARNING 1812139 LoadBalance [#781 PDF] observed exec-time bins (cumulative): <10us=68300977 <50us=838195 <500us=27726 <10ms=19490 <50ms=338 <500ms=293 <1s=0 >=1s=1 | stalls_detected=3[0m
[33m/home/cvazquezperezdelacru/clio-core/context-runtime/src/scheduler/default_sched.cc:439 WARNING 1812139 LoadBalance [#785] lane rescues performed: 3[0m
[33m/home/cvazquezperezdelacru/clio-core/context-runtime/src/scheduler/default_sched.cc:430 WARNING 1812139 LoadBalance [#781 PDF] observed exec-time bins (cumulative): <10us=68369267 <50us=838428 <500us=27735 <10ms=19491 <50ms=338 <500ms=293 <1s=0 >=1s=1 | stalls_detected=3[0m
[33m/home/cvazquezperezdelacru/clio-core/context-runtime/src/scheduler/default_sched.cc:439 WARNING 1812139 LoadBalance [#785] lane rescues performed: 3[0m
[33m/home/cvazquezperezdelacru/clio-core/context-runtime/src/scheduler/default_sched.cc:430 WARNING 1812139 LoadBalance [#781 PDF] observed exec-time bins (cumulative): <10us=68437056 <50us=839220 <500us=27741 <10ms=19492 <50ms=338 <500ms=293 <1s=0 >=1s=1 | stalls_detected=3[0m
[33m/home/cvazquezperezdelacru/clio-core/context-runtime/src/scheduler/default_sched.cc:439 WARNING 1812139 LoadBalance [#785] lane rescues performed: 3[0m
[33m/home/cvazquezperezdelacru/clio-core/context-runtime/src/scheduler/default_sched.cc:430 WARNING 1812139 LoadBalance [#781 PDF] observed exec-time bins (cumulative): <10us=68505132 <50us=839648 <500us=27749 <10ms=19493 <50ms=338 <500ms=293 <1s=0 >=1s=1 | stalls_detected=3[0m
[33m/home/cvazquezperezdelacru/clio-core/context-runtime/src/scheduler/default_sched.cc:439 WARNING 1812139 LoadBalance [#785] lane rescues performed: 3[0m
[33m/home/cvazquezperezdelacru/clio-core/context-runtime/src/scheduler/default_sched.cc:430 WARNING 1812139 LoadBalance [#781 PDF] observed exec-time bins (cumulative): <10us=68573041 <50us=840219 <500us=27755 <10ms=19494 <50ms=338 <500ms=293 <1s=0 >=1s=1 | stalls_detected=3[0m
[33m/home/cvazquezperezdelacru/clio-core/context-runtime/src/scheduler/default_sched.cc:439 WARNING 1812139 LoadBalance [#785] lane rescues performed: 3[0m
[33m/home/cvazquezperezdelacru/clio-core/context-runtime/src/scheduler/default_sched.cc:430 WARNING 1812139 LoadBalance [#781 PDF] observed exec-time bins (cumulative): <10us=68638539 <50us=843213 <500us=27767 <10ms=19495 <50ms=338 <500ms=293 <1s=0 >=1s=1 | stalls_detected=3[0m
[33m/home/cvazquezperezdelacru/clio-core/context-runtime/src/scheduler/default_sched.cc:439 WARNING 1812139 LoadBalance [#785] lane rescues performed: 3[0m
[33m/home/cvazquezperezdelacru/clio-core/context-runtime/src/scheduler/default_sched.cc:430 WARNING 1812139 LoadBalance [#781 PDF] observed exec-time bins (cumulative): <10us=68704397 <50us=845871 <500us=27773 <10ms=19496 <50ms=338 <500ms=293 <1s=0 >=1s=1 | stalls_detected=3[0m
[33m/home/cvazquezperezdelacru/clio-core/context-runtime/src/scheduler/default_sched.cc:439 WARNING 1812139 LoadBalance [#785] lane rescues performed: 3[0m
[33m/home/cvazquezperezdelacru/clio-core/context-runtime/src/scheduler/default_sched.cc:430 WARNING 1812139 LoadBalance [#781 PDF] observed exec-time bins (cumulative): <10us=68772542 <50us=846198 <500us=27781 <10ms=19497 <50ms=338 <500ms=293 <1s=0 >=1s=1 | stalls_detected=3[0m
[33m/home/cvazquezperezdelacru/clio-core/context-runtime/src/scheduler/default_sched.cc:439 WARNING 1812139 LoadBalance [#785] lane rescues performed: 3[0m
[33m/home/cvazquezperezdelacru/clio-core/context-runtime/src/scheduler/default_sched.cc:430 WARNING 1812139 LoadBalance [#781 PDF] observed exec-time bins (cumulative): <10us=68840973 <50us=846533 <500us=27788 <10ms=19499 <50ms=338 <500ms=293 <1s=0 >=1s=1 | stalls_detected=3[0m
[33m/home/cvazquezperezdelacru/clio-core/context-runtime/src/scheduler/default_sched.cc:439 WARNING 1812139 LoadBalance [#785] lane rescues performed: 3[0m
[33m/home/cvazquezperezdelacru/clio-core/context-runtime/src/scheduler/default_sched.cc:430 WARNING 1812139 LoadBalance [#781 PDF] observed exec-time bins (cumulative): <10us=68908964 <50us=847090 <500us=27797 <10ms=19500 <50ms=338 <500ms=293 <1s=0 >=1s=1 | stalls_detected=3[0m
[33m/home/cvazquezperezdelacru/clio-core/context-runtime/src/scheduler/default_sched.cc:439 WARNING 1812139 LoadBalance [#785] lane rescues performed: 3[0m
[33m/home/cvazquezperezdelacru/clio-core/context-runtime/src/scheduler/default_sched.cc:430 WARNING 1812139 LoadBalance [#781 PDF] observed exec-time bins (cumulative): <10us=68977241 <50us=847408 <500us=27804 <10ms=19501 <50ms=338 <500ms=293 <1s=0 >=1s=1 | stalls_detected=3[0m
[33m/home/cvazquezperezdelacru/clio-core/context-runtime/src/scheduler/default_sched.cc:439 WARNING 1812139 LoadBalance [#785] lane rescues performed: 3[0m
[33m/home/cvazquezperezdelacru/clio-core/context-runtime/src/scheduler/default_sched.cc:430 WARNING 1812139 LoadBalance [#781 PDF] observed exec-time bins (cumulative): <10us=69045432 <50us=847802 <500us=27813 <10ms=19502 <50ms=338 <500ms=293 <1s=0 >=1s=1 | stalls_detected=3[0m
[33m/home/cvazquezperezdelacru/clio-core/context-runtime/src/scheduler/default_sched.cc:439 WARNING 1812139 LoadBalance [#785] lane rescues performed: 3[0m
[33m/home/cvazquezperezdelacru/clio-core/context-runtime/src/scheduler/default_sched.cc:430 WARNING 1812139 LoadBalance [#781 PDF] observed exec-time bins (cumulative): <10us=69113710 <50us=848134 <500us=27819 <10ms=19504 <50ms=338 <500ms=293 <1s=0 >=1s=1 | stalls_detected=3[0m
[33m/home/cvazquezperezdelacru/clio-core/context-runtime/src/scheduler/default_sched.cc:439 WARNING 1812139 LoadBalance [#785] lane rescues performed: 3[0m
[33m/home/cvazquezperezdelacru/clio-core/context-runtime/src/scheduler/default_sched.cc:430 WARNING 1812139 LoadBalance [#781 PDF] observed exec-time bins (cumulative): <10us=69181431 <50us=849049 <500us=27831 <10ms=19505 <50ms=338 <500ms=293 <1s=0 >=1s=1 | stalls_detected=3[0m
[33m/home/cvazquezperezdelacru/clio-core/context-runtime/src/scheduler/default_sched.cc:439 WARNING 1812139 LoadBalance [#785] lane rescues performed: 3[0m
[33m/home/cvazquezperezdelacru/clio-core/context-runtime/src/scheduler/default_sched.cc:430 WARNING 1812139 LoadBalance [#781 PDF] observed exec-time bins (cumulative): <10us=69249120 <50us=849943 <500us=27837 <10ms=19506 <50ms=338 <500ms=293 <1s=0 >=1s=1 | stalls_detected=3[0m
[33m/home/cvazquezperezdelacru/clio-core/context-runtime/src/scheduler/default_sched.cc:439 WARNING 1812139 LoadBalance [#785] lane rescues performed: 3[0m
[33m/home/cvazquezperezdelacru/clio-core/context-runtime/src/scheduler/default_sched.cc:430 WARNING 1812139 LoadBalance [#781 PDF] observed exec-time bins (cumulative): <10us=69316635 <50us=850384 <500us=27845 <10ms=19507 <50ms=338 <500ms=293 <1s=0 >=1s=1 | stalls_detected=3[0m
[33m/home/cvazquezperezdelacru/clio-core/context-runtime/src/scheduler/default_sched.cc:439 WARNING 1812139 LoadBalance [#785] lane rescues performed: 3[0m
[33m/home/cvazquezperezdelacru/clio-core/context-runtime/src/scheduler/default_sched.cc:430 WARNING 1812139 LoadBalance [#781 PDF] observed exec-time bins (cumulative): <10us=69384715 <50us=850693 <500us=27851 <10ms=19508 <50ms=338 <500ms=293 <1s=0 >=1s=1 | stalls_detected=3[0m
[33m/home/cvazquezperezdelacru/clio-core/context-runtime/src/scheduler/default_sched.cc:439 WARNING 1812139 LoadBalance [#785] lane rescues performed: 3[0m
[33m/home/cvazquezperezdelacru/clio-core/context-runtime/src/scheduler/default_sched.cc:430 WARNING 1812139 LoadBalance [#781 PDF] observed exec-time bins (cumulative): <10us=69452959 <50us=851065 <500us=27859 <10ms=19510 <50ms=338 <500ms=293 <1s=0 >=1s=1 | stalls_detected=3[0m
[33m/home/cvazquezperezdelacru/clio-core/context-runtime/src/scheduler/default_sched.cc:439 WARNING 1812139 LoadBalance [#785] lane rescues performed: 3[0m
[33m/home/cvazquezperezdelacru/clio-core/context-runtime/src/scheduler/default_sched.cc:430 WARNING 1812139 LoadBalance [#781 PDF] observed exec-time bins (cumulative): <10us=69521241 <50us=851386 <500us=27864 <10ms=19513 <50ms=338 <500ms=293 <1s=0 >=1s=1 | stalls_detected=3[0m
[33m/home/cvazquezperezdelacru/clio-core/context-runtime/src/scheduler/default_sched.cc:439 WARNING 1812139 LoadBalance [#785] lane rescues performed: 3[0m
[33m/home/cvazquezperezdelacru/clio-core/context-runtime/src/scheduler/default_sched.cc:430 WARNING 1812139 LoadBalance [#781 PDF] observed exec-time bins (cumulative): <10us=69589472 <50us=851751 <500us=27874 <10ms=19514 <50ms=338 <500ms=293 <1s=0 >=1s=1 | stalls_detected=3[0m
[33m/home/cvazquezperezdelacru/clio-core/context-runtime/src/scheduler/default_sched.cc:439 WARNING 1812139 LoadBalance [#785] lane rescues performed: 3[0m
[33m/home/cvazquezperezdelacru/clio-core/context-runtime/src/scheduler/default_sched.cc:430 WARNING 1812139 LoadBalance [#781 PDF] observed exec-time bins (cumulative): <10us=69657786 <50us=852039 <500us=27880 <10ms=19515 <50ms=338 <500ms=293 <1s=0 >=1s=1 | stalls_detected=3[0m
[33m/home/cvazquezperezdelacru/clio-core/context-runtime/src/scheduler/default_sched.cc:439 WARNING 1812139 LoadBalance [#785] lane rescues performed: 3[0m
[33m/home/cvazquezperezdelacru/clio-core/context-runtime/src/scheduler/default_sched.cc:430 WARNING 1812139 LoadBalance [#781 PDF] observed exec-time bins (cumulative): <10us=69726037 <50us=852378 <500us=27890 <10ms=19517 <50ms=338 <500ms=293 <1s=0 >=1s=1 | stalls_detected=3[0m
[33m/home/cvazquezperezdelacru/clio-core/context-runtime/src/scheduler/default_sched.cc:439 WARNING 1812139 LoadBalance [#785] lane rescues performed: 3[0m
[33m/home/cvazquezperezdelacru/clio-core/context-runtime/src/scheduler/default_sched.cc:430 WARNING 1812139 LoadBalance [#781 PDF] observed exec-time bins (cumulative): <10us=69794336 <50us=852682 <500us=27896 <10ms=19518 <50ms=338 <500ms=293 <1s=0 >=1s=1 | stalls_detected=3[0m
[33m/home/cvazquezperezdelacru/clio-core/context-runtime/src/scheduler/default_sched.cc:439 WARNING 1812139 LoadBalance [#785] lane rescues performed: 3[0m
[33m/home/cvazquezperezdelacru/clio-core/context-runtime/src/scheduler/default_sched.cc:430 WARNING 1812139 LoadBalance [#781 PDF] observed exec-time bins (cumulative): <10us=69862568 <50us=852983 <500us=27904 <10ms=19519 <50ms=338 <500ms=293 <1s=0 >=1s=1 | stalls_detected=3[0m
[33m/home/cvazquezperezdelacru/clio-core/context-runtime/src/scheduler/default_sched.cc:439 WARNING 1812139 LoadBalance [#785] lane rescues performed: 3[0m
[33m/home/cvazquezperezdelacru/clio-core/context-runtime/src/scheduler/default_sched.cc:430 WARNING 1812139 LoadBalance [#781 PDF] observed exec-time bins (cumulative): <10us=69930367 <50us=853768 <500us=27910 <10ms=19520 <50ms=338 <500ms=293 <1s=0 >=1s=1 | stalls_detected=3[0m
[33m/home/cvazquezperezdelacru/clio-core/context-runtime/src/scheduler/default_sched.cc:439 WARNING 1812139 LoadBalance [#785] lane rescues performed: 3[0m
[33m/home/cvazquezperezdelacru/clio-core/context-runtime/src/scheduler/default_sched.cc:430 WARNING 1812139 LoadBalance [#781 PDF] observed exec-time bins (cumulative): <10us=69998468 <50us=854110 <500us=27920 <10ms=19522 <50ms=338 <500ms=293 <1s=0 >=1s=1 | stalls_detected=3[0m
[33m/home/cvazquezperezdelacru/clio-core/context-runtime/src/scheduler/default_sched.cc:439 WARNING 1812139 LoadBalance [#785] lane rescues performed: 3[0m
[33m/home/cvazquezperezdelacru/clio-core/context-runtime/src/scheduler/default_sched.cc:430 WARNING 1812139 LoadBalance [#781 PDF] observed exec-time bins (cumulative): <10us=70066614 <50us=854387 <500us=27927 <10ms=19523 <50ms=338 <500ms=293 <1s=0 >=1s=1 | stalls_detected=3[0m
[33m/home/cvazquezperezdelacru/clio-core/context-runtime/src/scheduler/default_sched.cc:439 WARNING 1812139 LoadBalance [#785] lane rescues performed: 3[0m
[33m/home/cvazquezperezdelacru/clio-core/context-runtime/src/scheduler/default_sched.cc:430 WARNING 1812139 LoadBalance [#781 PDF] observed exec-time bins (cumulative): <10us=70134770 <50us=854795 <500us=27936 <10ms=19524 <50ms=338 <500ms=293 <1s=0 >=1s=1 | stalls_detected=3[0m
[33m/home/cvazquezperezdelacru/clio-core/context-runtime/src/scheduler/default_sched.cc:439 WARNING 1812139 LoadBalance [#785] lane rescues performed: 3[0m
[33m/home/cvazquezperezdelacru/clio-core/context-runtime/src/scheduler/default_sched.cc:430 WARNING 1812139 LoadBalance [#781 PDF] observed exec-time bins (cumulative): <10us=70202674 <50us=855452 <500us=27942 <10ms=19525 <50ms=338 <500ms=293 <1s=0 >=1s=1 | stalls_detected=3[0m
[33m/home/cvazquezperezdelacru/clio-core/context-runtime/src/scheduler/default_sched.cc:439 WARNING 1812139 LoadBalance [#785] lane rescues performed: 3[0m
[33m/home/cvazquezperezdelacru/clio-core/context-runtime/src/scheduler/default_sched.cc:430 WARNING 1812139 LoadBalance [#781 PDF] observed exec-time bins (cumulative): <10us=70270616 <50us=856076 <500us=27948 <10ms=19526 <50ms=338 <500ms=293 <1s=0 >=1s=1 | stalls_detected=3[0m
[33m/home/cvazquezperezdelacru/clio-core/context-runtime/src/scheduler/default_sched.cc:439 WARNING 1812139 LoadBalance [#785] lane rescues performed: 3[0m
[33m/home/cvazquezperezdelacru/clio-core/context-runtime/src/scheduler/default_sched.cc:430 WARNING 1812139 LoadBalance [#781 PDF] observed exec-time bins (cumulative): <10us=70338494 <50us=856773 <500us=27956 <10ms=19527 <50ms=338 <500ms=293 <1s=0 >=1s=1 | stalls_detected=3[0m
[33m/home/cvazquezperezdelacru/clio-core/context-runtime/src/scheduler/default_sched.cc:439 WARNING 1812139 LoadBalance [#785] lane rescues performed: 3[0m
[33m/home/cvazquezperezdelacru/clio-core/context-runtime/src/scheduler/default_sched.cc:430 WARNING 1812139 LoadBalance [#781 PDF] observed exec-time bins (cumulative): <10us=70406252 <50us=857589 <500us=27966 <10ms=19528 <50ms=338 <500ms=293 <1s=0 >=1s=1 | stalls_detected=3[0m
[33m/home/cvazquezperezdelacru/clio-core/context-runtime/src/scheduler/default_sched.cc:439 WARNING 1812139 LoadBalance [#785] lane rescues performed: 3[0m
[33m/home/cvazquezperezdelacru/clio-core/context-runtime/src/scheduler/default_sched.cc:430 WARNING 1812139 LoadBalance [#781 PDF] observed exec-time bins (cumulative): <10us=70474168 <50us=858251 <500us=27973 <10ms=19529 <50ms=338 <500ms=293 <1s=0 >=1s=1 | stalls_detected=3[0m
[33m/home/cvazquezperezdelacru/clio-core/context-runtime/src/scheduler/default_sched.cc:439 WARNING 1812139 LoadBalance [#785] lane rescues performed: 3[0m
[33m/home/cvazquezperezdelacru/clio-core/context-runtime/src/scheduler/default_sched.cc:430 WARNING 1812139 LoadBalance [#781 PDF] observed exec-time bins (cumulative): <10us=70542183 <50us=858822 <500us=27980 <10ms=19530 <50ms=338 <500ms=293 <1s=0 >=1s=1 | stalls_detected=3[0m
[33m/home/cvazquezperezdelacru/clio-core/context-runtime/src/scheduler/default_sched.cc:439 WARNING 1812139 LoadBalance [#785] lane rescues performed: 3[0m
[33m/home/cvazquezperezdelacru/clio-core/context-runtime/src/scheduler/default_sched.cc:430 WARNING 1812139 LoadBalance [#781 PDF] observed exec-time bins (cumulative): <10us=70610393 <50us=859189 <500us=27986 <10ms=19531 <50ms=338 <500ms=293 <1s=0 >=1s=1 | stalls_detected=3[0m
[33m/home/cvazquezperezdelacru/clio-core/context-runtime/src/scheduler/default_sched.cc:439 WARNING 1812139 LoadBalance [#785] lane rescues performed: 3[0m
[33m/home/cvazquezperezdelacru/clio-core/context-runtime/src/scheduler/default_sched.cc:430 WARNING 1812139 LoadBalance [#781 PDF] observed exec-time bins (cumulative): <10us=70676094 <50us=861667 <500us=27995 <10ms=19532 <50ms=338 <500ms=293 <1s=0 >=1s=1 | stalls_detected=3[0m
[33m/home/cvazquezperezdelacru/clio-core/context-runtime/src/scheduler/default_sched.cc:439 WARNING 1812139 LoadBalance [#785] lane rescues performed: 3[0m
[33m/home/cvazquezperezdelacru/clio-core/context-runtime/src/scheduler/default_sched.cc:430 WARNING 1812139 LoadBalance [#781 PDF] observed exec-time bins (cumulative): <10us=70744429 <50us=862016 <500us=28001 <10ms=19533 <50ms=338 <500ms=293 <1s=0 >=1s=1 | stalls_detected=3[0m
[33m/home/cvazquezperezdelacru/clio-core/context-runtime/src/scheduler/default_sched.cc:439 WARNING 1812139 LoadBalance [#785] lane rescues performed: 3[0m
[33m/home/cvazquezperezdelacru/clio-core/context-runtime/src/scheduler/default_sched.cc:430 WARNING 1812139 LoadBalance [#781 PDF] observed exec-time bins (cumulative): <10us=70812581 <50us=862530 <500us=28009 <10ms=19534 <50ms=338 <500ms=293 <1s=0 >=1s=1 | stalls_detected=3[0m
[33m/home/cvazquezperezdelacru/clio-core/context-runtime/src/scheduler/default_sched.cc:439 WARNING 1812139 LoadBalance [#785] lane rescues performed: 3[0m
[33m/home/cvazquezperezdelacru/clio-core/context-runtime/src/scheduler/default_sched.cc:430 WARNING 1812139 LoadBalance [#781 PDF] observed exec-time bins (cumulative): <10us=70881003 <50us=862732 <500us=28015 <10ms=19535 <50ms=338 <500ms=293 <1s=0 >=1s=1 | stalls_detected=3[0m
[33m/home/cvazquezperezdelacru/clio-core/context-runtime/src/scheduler/default_sched.cc:439 WARNING 1812139 LoadBalance [#785] lane rescues performed: 3[0m
[33m/home/cvazquezperezdelacru/clio-core/context-runtime/src/scheduler/default_sched.cc:430 WARNING 1812139 LoadBalance [#781 PDF] observed exec-time bins (cumulative): <10us=70949324 <50us=862969 <500us=28023 <10ms=19537 <50ms=338 <500ms=293 <1s=0 >=1s=1 | stalls_detected=3[0m
[33m/home/cvazquezperezdelacru/clio-core/context-runtime/src/scheduler/default_sched.cc:439 WARNING 1812139 LoadBalance [#785] lane rescues performed: 3[0m
[33m/home/cvazquezperezdelacru/clio-core/context-runtime/src/scheduler/default_sched.cc:430 WARNING 1812139 LoadBalance [#781 PDF] observed exec-time bins (cumulative): <10us=71017677 <50us=863191 <500us=28028 <10ms=19539 <50ms=338 <500ms=293 <1s=0 >=1s=1 | stalls_detected=3[0m
[33m/home/cvazquezperezdelacru/clio-core/context-runtime/src/scheduler/default_sched.cc:439 WARNING 1812139 LoadBalance [#785] lane rescues performed: 3[0m
[33m/home/cvazquezperezdelacru/clio-core/context-runtime/src/scheduler/default_sched.cc:430 WARNING 1812139 LoadBalance [#781 PDF] observed exec-time bins (cumulative): <10us=71085993 <50us=863431 <500us=28040 <10ms=19541 <50ms=338 <500ms=293 <1s=0 >=1s=1 | stalls_detected=3[0m
[33m/home/cvazquezperezdelacru/clio-core/context-runtime/src/scheduler/default_sched.cc:439 WARNING 1812139 LoadBalance [#785] lane rescues performed: 3[0m
[33m/home/cvazquezperezdelacru/clio-core/context-runtime/src/scheduler/default_sched.cc:430 WARNING 1812139 LoadBalance [#781 PDF] observed exec-time bins (cumulative): <10us=71154355 <50us=863682 <500us=28046 <10ms=19542 <50ms=338 <500ms=293 <1s=0 >=1s=1 | stalls_detected=3[0m
[33m/home/cvazquezperezdelacru/clio-core/context-runtime/src/scheduler/default_sched.cc:439 WARNING 1812139 LoadBalance [#785] lane rescues performed: 3[0m
[33m/home/cvazquezperezdelacru/clio-core/context-runtime/src/scheduler/default_sched.cc:430 WARNING 1812139 LoadBalance [#781 PDF] observed exec-time bins (cumulative): <10us=71222656 <50us=863933 <500us=28055 <10ms=19544 <50ms=338 <500ms=293 <1s=0 >=1s=1 | stalls_detected=3[0m
[33m/home/cvazquezperezdelacru/clio-core/context-runtime/src/scheduler/default_sched.cc:439 WARNING 1812139 LoadBalance [#785] lane rescues performed: 3[0m
[33m/home/cvazquezperezdelacru/clio-core/context-runtime/src/scheduler/default_sched.cc:430 WARNING 1812139 LoadBalance [#781 PDF] observed exec-time bins (cumulative): <10us=71290911 <50us=864159 <500us=28061 <10ms=19546 <50ms=338 <500ms=293 <1s=0 >=1s=1 | stalls_detected=3[0m
[33m/home/cvazquezperezdelacru/clio-core/context-runtime/src/scheduler/default_sched.cc:439 WARNING 1812139 LoadBalance [#785] lane rescues performed: 3[0m
[33m/home/cvazquezperezdelacru/clio-core/context-runtime/src/scheduler/default_sched.cc:430 WARNING 1812139 LoadBalance [#781 PDF] observed exec-time bins (cumulative): <10us=71358652 <50us=864855 <500us=28071 <10ms=19547 <50ms=338 <500ms=293 <1s=0 >=1s=1 | stalls_detected=3[0m
[33m/home/cvazquezperezdelacru/clio-core/context-runtime/src/scheduler/default_sched.cc:439 WARNING 1812139 LoadBalance [#785] lane rescues performed: 3[0m
[33m/home/cvazquezperezdelacru/clio-core/context-runtime/src/scheduler/default_sched.cc:430 WARNING 1812139 LoadBalance [#781 PDF] observed exec-time bins (cumulative): <10us=71426346 <50us=865727 <500us=28077 <10ms=19548 <50ms=338 <500ms=293 <1s=0 >=1s=1 | stalls_detected=3[0m
[33m/home/cvazquezperezdelacru/clio-core/context-runtime/src/scheduler/default_sched.cc:439 WARNING 1812139 LoadBalance [#785] lane rescues performed: 3[0m
[33m/home/cvazquezperezdelacru/clio-core/context-runtime/src/scheduler/default_sched.cc:430 WARNING 1812139 LoadBalance [#781 PDF] observed exec-time bins (cumulative): <10us=71493607 <50us=866804 <500us=28085 <10ms=19550 <50ms=338 <500ms=293 <1s=0 >=1s=1 | stalls_detected=3[0m
[33m/home/cvazquezperezdelacru/clio-core/context-runtime/src/scheduler/default_sched.cc:439 WARNING 1812139 LoadBalance [#785] lane rescues performed: 3[0m
[33m/home/cvazquezperezdelacru/clio-core/context-runtime/src/scheduler/default_sched.cc:430 WARNING 1812139 LoadBalance [#781 PDF] observed exec-time bins (cumulative): <10us=71557618 <50us=870576 <500us=28095 <10ms=19551 <50ms=338 <500ms=293 <1s=0 >=1s=1 | stalls_detected=3[0m
[33m/home/cvazquezperezdelacru/clio-core/context-runtime/src/scheduler/default_sched.cc:439 WARNING 1812139 LoadBalance [#785] lane rescues performed: 3[0m
[33m/home/cvazquezperezdelacru/clio-core/context-runtime/src/scheduler/default_sched.cc:430 WARNING 1812139 LoadBalance [#781 PDF] observed exec-time bins (cumulative): <10us=71621855 <50us=874116 <500us=28103 <10ms=19552 <50ms=338 <500ms=293 <1s=0 >=1s=1 | stalls_detected=3[0m
[33m/home/cvazquezperezdelacru/clio-core/context-runtime/src/scheduler/default_sched.cc:439 WARNING 1812139 LoadBalance [#785] lane rescues performed: 3[0m
[33m/home/cvazquezperezdelacru/clio-core/context-runtime/src/scheduler/default_sched.cc:430 WARNING 1812139 LoadBalance [#781 PDF] observed exec-time bins (cumulative): <10us=71690241 <50us=874314 <500us=28110 <10ms=19553 <50ms=338 <500ms=293 <1s=0 >=1s=1 | stalls_detected=3[0m
[33m/home/cvazquezperezdelacru/clio-core/context-runtime/src/scheduler/default_sched.cc:439 WARNING 1812139 LoadBalance [#785] lane rescues performed: 3[0m
[33m/home/cvazquezperezdelacru/clio-core/context-runtime/src/scheduler/default_sched.cc:430 WARNING 1812139 LoadBalance [#781 PDF] observed exec-time bins (cumulative): <10us=71758363 <50us=874720 <500us=28116 <10ms=19555 <50ms=338 <500ms=293 <1s=0 >=1s=1 | stalls_detected=3[0m
[33m/home/cvazquezperezdelacru/clio-core/context-runtime/src/scheduler/default_sched.cc:439 WARNING 1812139 LoadBalance [#785] lane rescues performed: 3[0m
[33m/home/cvazquezperezdelacru/clio-core/context-runtime/src/scheduler/default_sched.cc:430 WARNING 1812139 LoadBalance [#781 PDF] observed exec-time bins (cumulative): <10us=71825276 <50us=875554 <500us=28124 <10ms=19556 <50ms=338 <500ms=293 <1s=0 >=1s=1 | stalls_detected=3[0m
[33m/home/cvazquezperezdelacru/clio-core/context-runtime/src/scheduler/default_sched.cc:439 WARNING 1812139 LoadBalance [#785] lane rescues performed: 3[0m
[33m/home/cvazquezperezdelacru/clio-core/context-runtime/src/scheduler/default_sched.cc:430 WARNING 1812139 LoadBalance [#781 PDF] observed exec-time bins (cumulative): <10us=71893212 <50us=875944 <500us=28133 <10ms=19558 <50ms=338 <500ms=293 <1s=0 >=1s=1 | stalls_detected=3[0m
[33m/home/cvazquezperezdelacru/clio-core/context-runtime/src/scheduler/default_sched.cc:439 WARNING 1812139 LoadBalance [#785] lane rescues performed: 3[0m
[33m/home/cvazquezperezdelacru/clio-core/context-runtime/src/scheduler/default_sched.cc:430 WARNING 1812139 LoadBalance [#781 PDF] observed exec-time bins (cumulative): <10us=71961493 <50us=876196 <500us=28139 <10ms=19559 <50ms=338 <500ms=293 <1s=0 >=1s=1 | stalls_detected=3[0m
[33m/home/cvazquezperezdelacru/clio-core/context-runtime/src/scheduler/default_sched.cc:439 WARNING 1812139 LoadBalance [#785] lane rescues performed: 3[0m
[33m/home/cvazquezperezdelacru/clio-core/context-runtime/src/scheduler/default_sched.cc:430 WARNING 1812139 LoadBalance [#781 PDF] observed exec-time bins (cumulative): <10us=72029832 <50us=876420 <500us=28145 <10ms=19560 <50ms=338 <500ms=293 <1s=0 >=1s=1 | stalls_detected=3[0m
[33m/home/cvazquezperezdelacru/clio-core/context-runtime/src/scheduler/default_sched.cc:439 WARNING 1812139 LoadBalance [#785] lane rescues performed: 3[0m
[33m/home/cvazquezperezdelacru/clio-core/context-runtime/src/scheduler/default_sched.cc:430 WARNING 1812139 LoadBalance [#781 PDF] observed exec-time bins (cumulative): <10us=72096613 <50us=878151 <500us=28153 <10ms=19561 <50ms=338 <500ms=293 <1s=0 >=1s=1 | stalls_detected=3[0m
[33m/home/cvazquezperezdelacru/clio-core/context-runtime/src/scheduler/default_sched.cc:439 WARNING 1812139 LoadBalance [#785] lane rescues performed: 3[0m
[33m/home/cvazquezperezdelacru/clio-core/context-runtime/src/scheduler/default_sched.cc:430 WARNING 1812139 LoadBalance [#781 PDF] observed exec-time bins (cumulative): <10us=72162644 <50us=880607 <500us=28161 <10ms=19562 <50ms=338 <500ms=293 <1s=0 >=1s=1 | stalls_detected=3[0m
[33m/home/cvazquezperezdelacru/clio-core/context-runtime/src/scheduler/default_sched.cc:439 WARNING 1812139 LoadBalance [#785] lane rescues performed: 3[0m
[33m/home/cvazquezperezdelacru/clio-core/context-runtime/src/scheduler/default_sched.cc:430 WARNING 1812139 LoadBalance [#781 PDF] observed exec-time bins (cumulative): <10us=72230756 <50us=881141 <500us=28170 <10ms=19563 <50ms=338 <500ms=293 <1s=0 >=1s=1 | stalls_detected=3[0m
[33m/home/cvazquezperezdelacru/clio-core/context-runtime/src/scheduler/default_sched.cc:439 WARNING 1812139 LoadBalance [#785] lane rescues performed: 3[0m
[33m/home/cvazquezperezdelacru/clio-core/context-runtime/src/scheduler/default_sched.cc:430 WARNING 1812139 LoadBalance [#781 PDF] observed exec-time bins (cumulative): <10us=72297261 <50us=882839 <500us=28176 <10ms=19564 <50ms=338 <500ms=293 <1s=0 >=1s=1 | stalls_detected=3[0m
[33m/home/cvazquezperezdelacru/clio-core/context-runtime/src/scheduler/default_sched.cc:439 WARNING 1812139 LoadBalance [#785] lane rescues performed: 3[0m
[33m/home/cvazquezperezdelacru/clio-core/context-runtime/src/scheduler/default_sched.cc:430 WARNING 1812139 LoadBalance [#781 PDF] observed exec-time bins (cumulative): <10us=72361816 <50us=885887 <500us=28186 <10ms=19565 <50ms=338 <500ms=293 <1s=0 >=1s=1 | stalls_detected=3[0m
[33m/home/cvazquezperezdelacru/clio-core/context-runtime/src/scheduler/default_sched.cc:439 WARNING 1812139 LoadBalance [#785] lane rescues performed: 3[0m
[33m/home/cvazquezperezdelacru/clio-core/context-runtime/src/scheduler/default_sched.cc:430 WARNING 1812139 LoadBalance [#781 PDF] observed exec-time bins (cumulative): <10us=72428316 <50us=887598 <500us=28192 <10ms=19566 <50ms=338 <500ms=293 <1s=0 >=1s=1 | stalls_detected=3[0m
[33m/home/cvazquezperezdelacru/clio-core/context-runtime/src/scheduler/default_sched.cc:439 WARNING 1812139 LoadBalance [#785] lane rescues performed: 3[0m
[33m/home/cvazquezperezdelacru/clio-core/context-runtime/src/scheduler/default_sched.cc:430 WARNING 1812139 LoadBalance [#781 PDF] observed exec-time bins (cumulative): <10us=72496299 <50us=887895 <500us=28198 <10ms=19567 <50ms=338 <500ms=293 <1s=0 >=1s=1 | stalls_detected=3[0m
[33m/home/cvazquezperezdelacru/clio-core/context-runtime/src/scheduler/default_sched.cc:439 WARNING 1812139 LoadBalance [#785] lane rescues performed: 3[0m
[33m/home/cvazquezperezdelacru/clio-core/context-runtime/src/scheduler/default_sched.cc:430 WARNING 1812139 LoadBalance [#781 PDF] observed exec-time bins (cumulative): <10us=72564474 <50us=888198 <500us=28206 <10ms=19569 <50ms=338 <500ms=293 <1s=0 >=1s=1 | stalls_detected=3[0m
[33m/home/cvazquezperezdelacru/clio-core/context-runtime/src/scheduler/default_sched.cc:439 WARNING 1812139 LoadBalance [#785] lane rescues performed: 3[0m
[33m/home/cvazquezperezdelacru/clio-core/context-runtime/src/scheduler/default_sched.cc:430 WARNING 1812139 LoadBalance [#781 PDF] observed exec-time bins (cumulative): <10us=72632480 <50us=888704 <500us=28212 <10ms=19570 <50ms=338 <500ms=293 <1s=0 >=1s=1 | stalls_detected=3[0m
[33m/home/cvazquezperezdelacru/clio-core/context-runtime/src/scheduler/default_sched.cc:439 WARNING 1812139 LoadBalance [#785] lane rescues performed: 3[0m
[33m/home/cvazquezperezdelacru/clio-core/context-runtime/src/scheduler/default_sched.cc:430 WARNING 1812139 LoadBalance [#781 PDF] observed exec-time bins (cumulative): <10us=72700716 <50us=889009 <500us=28220 <10ms=19571 <50ms=338 <500ms=293 <1s=0 >=1s=1 | stalls_detected=3[0m
[33m/home/cvazquezperezdelacru/clio-core/context-runtime/src/scheduler/default_sched.cc:439 WARNING 1812139 LoadBalance [#785] lane rescues performed: 3[0m
[33m/home/cvazquezperezdelacru/clio-core/context-runtime/src/scheduler/default_sched.cc:430 WARNING 1812139 LoadBalance [#781 PDF] observed exec-time bins (cumulative): <10us=72769033 <50us=889287 <500us=28226 <10ms=19573 <50ms=338 <500ms=293 <1s=0 >=1s=1 | stalls_detected=3[0m
[33m/home/cvazquezperezdelacru/clio-core/context-runtime/src/scheduler/default_sched.cc:439 WARNING 1812139 LoadBalance [#785] lane rescues performed: 3[0m
[33m/home/cvazquezperezdelacru/clio-core/context-runtime/src/scheduler/default_sched.cc:430 WARNING 1812139 LoadBalance [#781 PDF] observed exec-time bins (cumulative): <10us=72837250 <50us=889620 <500us=28233 <10ms=19574 <50ms=338 <500ms=293 <1s=0 >=1s=1 | stalls_detected=3[0m
[33m/home/cvazquezperezdelacru/clio-core/context-runtime/src/scheduler/default_sched.cc:439 WARNING 1812139 LoadBalance [#785] lane rescues performed: 3[0m
[33m/home/cvazquezperezdelacru/clio-core/context-runtime/src/scheduler/default_sched.cc:430 WARNING 1812139 LoadBalance [#781 PDF] observed exec-time bins (cumulative): <10us=72905579 <50us=889858 <500us=28242 <10ms=19576 <50ms=338 <500ms=293 <1s=0 >=1s=1 | stalls_detected=3[0m
[33m/home/cvazquezperezdelacru/clio-core/context-runtime/src/scheduler/default_sched.cc:439 WARNING 1812139 LoadBalance [#785] lane rescues performed: 3[0m
[33m/home/cvazquezperezdelacru/clio-core/context-runtime/src/scheduler/default_sched.cc:430 WARNING 1812139 LoadBalance [#781 PDF] observed exec-time bins (cumulative): <10us=72973943 <50us=890068 <500us=28248 <10ms=19578 <50ms=338 <500ms=293 <1s=0 >=1s=1 | stalls_detected=3[0m
[33m/home/cvazquezperezdelacru/clio-core/context-runtime/src/scheduler/default_sched.cc:439 WARNING 1812139 LoadBalance [#785] lane rescues performed: 3[0m
[33m/home/cvazquezperezdelacru/clio-core/context-runtime/src/scheduler/default_sched.cc:430 WARNING 1812139 LoadBalance [#781 PDF] observed exec-time bins (cumulative): <10us=73042281 <50us=890358 <500us=28255 <10ms=19579 <50ms=338 <500ms=293 <1s=0 >=1s=1 | stalls_detected=3[0m
[33m/home/cvazquezperezdelacru/clio-core/context-runtime/src/scheduler/default_sched.cc:439 WARNING 1812139 LoadBalance [#785] lane rescues performed: 3[0m
[33m/home/cvazquezperezdelacru/clio-core/context-runtime/src/scheduler/default_sched.cc:430 WARNING 1812139 LoadBalance [#781 PDF] observed exec-time bins (cumulative): <10us=73110559 <50us=890658 <500us=28263 <10ms=19580 <50ms=338 <500ms=293 <1s=0 >=1s=1 | stalls_detected=3[0m
[33m/home/cvazquezperezdelacru/clio-core/context-runtime/src/scheduler/default_sched.cc:439 WARNING 1812139 LoadBalance [#785] lane rescues performed: 3[0m
[33m/home/cvazquezperezdelacru/clio-core/context-runtime/src/scheduler/default_sched.cc:430 WARNING 1812139 LoadBalance [#781 PDF] observed exec-time bins (cumulative): <10us=73178821 <50us=890972 <500us=28271 <10ms=19581 <50ms=338 <500ms=293 <1s=0 >=1s=1 | stalls_detected=3[0m
[33m/home/cvazquezperezdelacru/clio-core/context-runtime/src/scheduler/default_sched.cc:439 WARNING 1812139 LoadBalance [#785] lane rescues performed: 3[0m
[33m/home/cvazquezperezdelacru/clio-core/context-runtime/src/scheduler/default_sched.cc:430 WARNING 1812139 LoadBalance [#781 PDF] observed exec-time bins (cumulative): <10us=73247085 <50us=891303 <500us=28278 <10ms=19582 <50ms=338 <500ms=293 <1s=0 >=1s=1 | stalls_detected=3[0m
[33m/home/cvazquezperezdelacru/clio-core/context-runtime/src/scheduler/default_sched.cc:439 WARNING 1812139 LoadBalance [#785] lane rescues performed: 3[0m
[33m/home/cvazquezperezdelacru/clio-core/context-runtime/src/scheduler/default_sched.cc:430 WARNING 1812139 LoadBalance [#781 PDF] observed exec-time bins (cumulative): <10us=73313808 <50us=892151 <500us=28284 <10ms=19583 <50ms=338 <500ms=293 <1s=0 >=1s=1 | stalls_detected=3[0m
[33m/home/cvazquezperezdelacru/clio-core/context-runtime/src/scheduler/default_sched.cc:439 WARNING 1812139 LoadBalance [#785] lane rescues performed: 3[0m
[33m/home/cvazquezperezdelacru/clio-core/context-runtime/src/scheduler/default_sched.cc:430 WARNING 1812139 LoadBalance [#781 PDF] observed exec-time bins (cumulative): <10us=73381998 <50us=892492 <500us=28290 <10ms=19584 <50ms=338 <500ms=293 <1s=0 >=1s=1 | stalls_detected=3[0m
[33m/home/cvazquezperezdelacru/clio-core/context-runtime/src/scheduler/default_sched.cc:439 WARNING 1812139 LoadBalance [#785] lane rescues performed: 3[0m
[33m/home/cvazquezperezdelacru/clio-core/context-runtime/src/scheduler/default_sched.cc:430 WARNING 1812139 LoadBalance [#781 PDF] observed exec-time bins (cumulative): <10us=73450320 <50us=892766 <500us=28301 <10ms=19586 <50ms=338 <500ms=293 <1s=0 >=1s=1 | stalls_detected=3[0m
[33m/home/cvazquezperezdelacru/clio-core/context-runtime/src/scheduler/default_sched.cc:439 WARNING 1812139 LoadBalance [#785] lane rescues performed: 3[0m
[33m/home/cvazquezperezdelacru/clio-core/context-runtime/src/scheduler/default_sched.cc:430 WARNING 1812139 LoadBalance [#781 PDF] observed exec-time bins (cumulative): <10us=73518589 <50us=893039 <500us=28309 <10ms=19587 <50ms=338 <500ms=293 <1s=0 >=1s=1 | stalls_detected=3[0m
[33m/home/cvazquezperezdelacru/clio-core/context-runtime/src/scheduler/default_sched.cc:439 WARNING 1812139 LoadBalance [#785] lane rescues performed: 3[0m
[33m/home/cvazquezperezdelacru/clio-core/context-runtime/src/scheduler/default_sched.cc:430 WARNING 1812139 LoadBalance [#781 PDF] observed exec-time bins (cumulative): <10us=73586488 <50us=893589 <500us=28316 <10ms=19588 <50ms=338 <500ms=293 <1s=0 >=1s=1 | stalls_detected=3[0m
[33m/home/cvazquezperezdelacru/clio-core/context-runtime/src/scheduler/default_sched.cc:439 WARNING 1812139 LoadBalance [#785] lane rescues performed: 3[0m
[33m/home/cvazquezperezdelacru/clio-core/context-runtime/src/scheduler/default_sched.cc:430 WARNING 1812139 LoadBalance [#781 PDF] observed exec-time bins (cumulative): <10us=73654665 <50us=893944 <500us=28325 <10ms=19589 <50ms=338 <500ms=293 <1s=0 >=1s=1 | stalls_detected=3[0m
[33m/home/cvazquezperezdelacru/clio-core/context-runtime/src/scheduler/default_sched.cc:439 WARNING 1812139 LoadBalance [#785] lane rescues performed: 3[0m
[33m/home/cvazquezperezdelacru/clio-core/context-runtime/src/scheduler/default_sched.cc:430 WARNING 1812139 LoadBalance [#781 PDF] observed exec-time bins (cumulative): <10us=73722642 <50us=894529 <500us=28332 <10ms=19590 <50ms=338 <500ms=293 <1s=0 >=1s=1 | stalls_detected=3[0m
[33m/home/cvazquezperezdelacru/clio-core/context-runtime/src/scheduler/default_sched.cc:439 WARNING 1812139 LoadBalance [#785] lane rescues performed: 3[0m
[33m/home/cvazquezperezdelacru/clio-core/context-runtime/src/scheduler/default_sched.cc:430 WARNING 1812139 LoadBalance [#781 PDF] observed exec-time bins (cumulative): <10us=73790419 <50us=895263 <500us=28340 <10ms=19591 <50ms=338 <500ms=293 <1s=0 >=1s=1 | stalls_detected=3[0m
[33m/home/cvazquezperezdelacru/clio-core/context-runtime/src/scheduler/default_sched.cc:439 WARNING 1812139 LoadBalance [#785] lane rescues performed: 3[0m
[33m/home/cvazquezperezdelacru/clio-core/context-runtime/src/scheduler/default_sched.cc:430 WARNING 1812139 LoadBalance [#781 PDF] observed exec-time bins (cumulative): <10us=73858167 <50us=896007 <500us=28345 <10ms=19594 <50ms=338 <500ms=293 <1s=0 >=1s=1 | stalls_detected=3[0m
[33m/home/cvazquezperezdelacru/clio-core/context-runtime/src/scheduler/default_sched.cc:439 WARNING 1812139 LoadBalance [#785] lane rescues performed: 3[0m
[33m/home/cvazquezperezdelacru/clio-core/context-runtime/src/scheduler/default_sched.cc:430 WARNING 1812139 LoadBalance [#781 PDF] observed exec-time bins (cumulative): <10us=73926250 <50us=896416 <500us=28355 <10ms=19595 <50ms=338 <500ms=293 <1s=0 >=1s=1 | stalls_detected=3[0m
[33m/home/cvazquezperezdelacru/clio-core/context-runtime/src/scheduler/default_sched.cc:439 WARNING 1812139 LoadBalance [#785] lane rescues performed: 3[0m
[33m/home/cvazquezperezdelacru/clio-core/context-runtime/src/scheduler/default_sched.cc:430 WARNING 1812139 LoadBalance [#781 PDF] observed exec-time bins (cumulative): <10us=73992949 <50us=897645 <500us=28362 <10ms=19596 <50ms=338 <500ms=293 <1s=0 >=1s=1 | stalls_detected=3[0m
[33m/home/cvazquezperezdelacru/clio-core/context-runtime/src/scheduler/default_sched.cc:439 WARNING 1812139 LoadBalance [#785] lane rescues performed: 3[0m
[33m/home/cvazquezperezdelacru/clio-core/context-runtime/src/scheduler/default_sched.cc:430 WARNING 1812139 LoadBalance [#781 PDF] observed exec-time bins (cumulative): <10us=74061197 <50us=897990 <500us=28370 <10ms=19597 <50ms=338 <500ms=293 <1s=0 >=1s=1 | stalls_detected=3[0m
[33m/home/cvazquezperezdelacru/clio-core/context-runtime/src/scheduler/default_sched.cc:439 WARNING 1812139 LoadBalance [#785] lane rescues performed: 3[0m
[33m/home/cvazquezperezdelacru/clio-core/context-runtime/src/scheduler/default_sched.cc:430 WARNING 1812139 LoadBalance [#781 PDF] observed exec-time bins (cumulative): <10us=74128199 <50us=899040 <500us=28376 <10ms=19599 <50ms=338 <500ms=293 <1s=0 >=1s=1 | stalls_detected=3[0m
[33m/home/cvazquezperezdelacru/clio-core/context-runtime/src/scheduler/default_sched.cc:439 WARNING 1812139 LoadBalance [#785] lane rescues performed: 3[0m
[33m/home/cvazquezperezdelacru/clio-core/context-runtime/src/scheduler/default_sched.cc:430 WARNING 1812139 LoadBalance [#781 PDF] observed exec-time bins (cumulative): <10us=74195800 <50us=899999 <500us=28384 <10ms=19600 <50ms=338 <500ms=293 <1s=0 >=1s=1 | stalls_detected=3[0m
[33m/home/cvazquezperezdelacru/clio-core/context-runtime/src/scheduler/default_sched.cc:439 WARNING 1812139 LoadBalance [#785] lane rescues performed: 3[0m
[33m/home/cvazquezperezdelacru/clio-core/context-runtime/src/scheduler/default_sched.cc:430 WARNING 1812139 LoadBalance [#781 PDF] observed exec-time bins (cumulative): <10us=74264009 <50us=900361 <500us=28390 <10ms=19601 <50ms=338 <500ms=293 <1s=0 >=1s=1 | stalls_detected=3[0m
[33m/home/cvazquezperezdelacru/clio-core/context-runtime/src/scheduler/default_sched.cc:439 WARNING 1812139 LoadBalance [#785] lane rescues performed: 3[0m
[33m/home/cvazquezperezdelacru/clio-core/context-runtime/src/scheduler/default_sched.cc:430 WARNING 1812139 LoadBalance [#781 PDF] observed exec-time bins (cumulative): <10us=74332396 <50us=900595 <500us=28397 <10ms=19602 <50ms=338 <500ms=293 <1s=0 >=1s=1 | stalls_detected=3[0m
[33m/home/cvazquezperezdelacru/clio-core/context-runtime/src/scheduler/default_sched.cc:439 WARNING 1812139 LoadBalance [#785] lane rescues performed: 3[0m
[33m/home/cvazquezperezdelacru/clio-core/context-runtime/src/scheduler/default_sched.cc:430 WARNING 1812139 LoadBalance [#781 PDF] observed exec-time bins (cumulative): <10us=74400689 <50us=900897 <500us=28405 <10ms=19603 <50ms=338 <500ms=293 <1s=0 >=1s=1 | stalls_detected=3[0m
[33m/home/cvazquezperezdelacru/clio-core/context-runtime/src/scheduler/default_sched.cc:439 WARNING 1812139 LoadBalance [#785] lane rescues performed: 3[0m
[33m/home/cvazquezperezdelacru/clio-core/context-runtime/src/scheduler/default_sched.cc:430 WARNING 1812139 LoadBalance [#781 PDF] observed exec-time bins (cumulative): <10us=74468665 <50us=901484 <500us=28416 <10ms=19605 <50ms=338 <500ms=293 <1s=0 >=1s=1 | stalls_detected=3[0m
[33m/home/cvazquezperezdelacru/clio-core/context-runtime/src/scheduler/default_sched.cc:439 WARNING 1812139 LoadBalance [#785] lane rescues performed: 3[0m
[33m/home/cvazquezperezdelacru/clio-core/context-runtime/src/scheduler/default_sched.cc:430 WARNING 1812139 LoadBalance [#781 PDF] observed exec-time bins (cumulative): <10us=74536964 <50us=901760 <500us=28422 <10ms=19606 <50ms=338 <500ms=293 <1s=0 >=1s=1 | stalls_detected=3[0m
[33m/home/cvazquezperezdelacru/clio-core/context-runtime/src/scheduler/default_sched.cc:439 WARNING 1812139 LoadBalance [#785] lane rescues performed: 3[0m
[33m/home/cvazquezperezdelacru/clio-core/context-runtime/src/scheduler/default_sched.cc:430 WARNING 1812139 LoadBalance [#781 PDF] observed exec-time bins (cumulative): <10us=74605245 <50us=902048 <500us=28428 <10ms=19607 <50ms=338 <500ms=293 <1s=0 >=1s=1 | stalls_detected=3[0m
[33m/home/cvazquezperezdelacru/clio-core/context-runtime/src/scheduler/default_sched.cc:439 WARNING 1812139 LoadBalance [#785] lane rescues performed: 3[0m
[33m/home/cvazquezperezdelacru/clio-core/context-runtime/src/scheduler/default_sched.cc:430 WARNING 1812139 LoadBalance [#781 PDF] observed exec-time bins (cumulative): <10us=74673480 <50us=902301 <500us=28438 <10ms=19609 <50ms=338 <500ms=293 <1s=0 >=1s=1 | stalls_detected=3[0m
[33m/home/cvazquezperezdelacru/clio-core/context-runtime/src/scheduler/default_sched.cc:439 WARNING 1812139 LoadBalance [#785] lane rescues performed: 3[0m
[33m/home/cvazquezperezdelacru/clio-core/context-runtime/src/scheduler/default_sched.cc:430 WARNING 1812139 LoadBalance [#781 PDF] observed exec-time bins (cumulative): <10us=74741788 <50us=902616 <500us=28447 <10ms=19611 <50ms=338 <500ms=293 <1s=0 >=1s=1 | stalls_detected=3[0m
[33m/home/cvazquezperezdelacru/clio-core/context-runtime/src/scheduler/default_sched.cc:439 WARNING 1812139 LoadBalance [#785] lane rescues performed: 3[0m
[33m/home/cvazquezperezdelacru/clio-core/context-runtime/src/scheduler/default_sched.cc:430 WARNING 1812139 LoadBalance [#781 PDF] observed exec-time bins (cumulative): <10us=74810069 <50us=902916 <500us=28453 <10ms=19612 <50ms=338 <500ms=293 <1s=0 >=1s=1 | stalls_detected=3[0m
[33m/home/cvazquezperezdelacru/clio-core/context-runtime/src/scheduler/default_sched.cc:439 WARNING 1812139 LoadBalance [#785] lane rescues performed: 3[0m
[33m/home/cvazquezperezdelacru/clio-core/context-runtime/src/scheduler/default_sched.cc:430 WARNING 1812139 LoadBalance [#781 PDF] observed exec-time bins (cumulative): <10us=74878246 <50us=903164 <500us=28464 <10ms=19613 <50ms=338 <500ms=293 <1s=0 >=1s=1 | stalls_detected=3[0m
[33m/home/cvazquezperezdelacru/clio-core/context-runtime/src/scheduler/default_sched.cc:439 WARNING 1812139 LoadBalance [#785] lane rescues performed: 3[0m
[33m/home/cvazquezperezdelacru/clio-core/context-runtime/src/scheduler/default_sched.cc:430 WARNING 1812139 LoadBalance [#781 PDF] observed exec-time bins (cumulative): <10us=74946464 <50us=903373 <500us=28471 <10ms=19614 <50ms=338 <500ms=293 <1s=0 >=1s=1 | stalls_detected=3[0m
[33m/home/cvazquezperezdelacru/clio-core/context-runtime/src/scheduler/default_sched.cc:439 WARNING 1812139 LoadBalance [#785] lane rescues performed: 3[0m
[33m/home/cvazquezperezdelacru/clio-core/context-runtime/src/scheduler/default_sched.cc:430 WARNING 1812139 LoadBalance [#781 PDF] observed exec-time bins (cumulative): <10us=75014490 <50us=903853 <500us=28479 <10ms=19615 <50ms=338 <500ms=293 <1s=0 >=1s=1 | stalls_detected=3[0m
[33m/home/cvazquezperezdelacru/clio-core/context-runtime/src/scheduler/default_sched.cc:439 WARNING 1812139 LoadBalance [#785] lane rescues performed: 3[0m
[33m/home/cvazquezperezdelacru/clio-core/context-runtime/src/scheduler/default_sched.cc:430 WARNING 1812139 LoadBalance [#781 PDF] observed exec-time bins (cumulative): <10us=75082487 <50us=904427 <500us=28485 <10ms=19616 <50ms=338 <500ms=293 <1s=0 >=1s=1 | stalls_detected=3[0m
[33m/home/cvazquezperezdelacru/clio-core/context-runtime/src/scheduler/default_sched.cc:439 WARNING 1812139 LoadBalance [#785] lane rescues performed: 3[0m
[33m/home/cvazquezperezdelacru/clio-core/context-runtime/src/scheduler/default_sched.cc:430 WARNING 1812139 LoadBalance [#781 PDF] observed exec-time bins (cumulative): <10us=75150517 <50us=904819 <500us=28493 <10ms=19617 <50ms=338 <500ms=293 <1s=0 >=1s=1 | stalls_detected=3[0m
[33m/home/cvazquezperezdelacru/clio-core/context-runtime/src/scheduler/default_sched.cc:439 WARNING 1812139 LoadBalance [#785] lane rescues performed: 3[0m
[33m/home/cvazquezperezdelacru/clio-core/context-runtime/src/scheduler/default_sched.cc:430 WARNING 1812139 LoadBalance [#781 PDF] observed exec-time bins (cumulative): <10us=75218595 <50us=905171 <500us=28499 <10ms=19618 <50ms=338 <500ms=293 <1s=0 >=1s=1 | stalls_detected=3[0m
[33m/home/cvazquezperezdelacru/clio-core/context-runtime/src/scheduler/default_sched.cc:439 WARNING 1812139 LoadBalance [#785] lane rescues performed: 3[0m
[33m/home/cvazquezperezdelacru/clio-core/context-runtime/src/scheduler/default_sched.cc:430 WARNING 1812139 LoadBalance [#781 PDF] observed exec-time bins (cumulative): <10us=75286822 <50us=905495 <500us=28507 <10ms=19619 <50ms=338 <500ms=293 <1s=0 >=1s=1 | stalls_detected=3[0m
[33m/home/cvazquezperezdelacru/clio-core/context-runtime/src/scheduler/default_sched.cc:439 WARNING 1812139 LoadBalance [#785] lane rescues performed: 3[0m
[33m/home/cvazquezperezdelacru/clio-core/context-runtime/src/scheduler/default_sched.cc:430 WARNING 1812139 LoadBalance [#781 PDF] observed exec-time bins (cumulative): <10us=75355198 <50us=905716 <500us=28513 <10ms=19621 <50ms=338 <500ms=293 <1s=0 >=1s=1 | stalls_detected=3[0m
[33m/home/cvazquezperezdelacru/clio-core/context-runtime/src/scheduler/default_sched.cc:439 WARNING 1812139 LoadBalance [#785] lane rescues performed: 3[0m
[33m/home/cvazquezperezdelacru/clio-core/context-runtime/src/scheduler/default_sched.cc:430 WARNING 1812139 LoadBalance [#781 PDF] observed exec-time bins (cumulative): <10us=75423432 <50us=906035 <500us=28521 <10ms=19622 <50ms=338 <500ms=293 <1s=0 >=1s=1 | stalls_detected=3[0m
[33m/home/cvazquezperezdelacru/clio-core/context-runtime/src/scheduler/default_sched.cc:439 WARNING 1812139 LoadBalance [#785] lane rescues performed: 3[0m
[33m/home/cvazquezperezdelacru/clio-core/context-runtime/src/scheduler/default_sched.cc:430 WARNING 1812139 LoadBalance [#781 PDF] observed exec-time bins (cumulative): <10us=75489477 <50us=907615 <500us=28527 <10ms=19623 <50ms=338 <500ms=293 <1s=0 >=1s=1 | stalls_detected=3[0m
[33m/home/cvazquezperezdelacru/clio-core/context-runtime/src/scheduler/default_sched.cc:439 WARNING 1812139 LoadBalance [#785] lane rescues performed: 3[0m
[33m/home/cvazquezperezdelacru/clio-core/context-runtime/src/scheduler/default_sched.cc:430 WARNING 1812139 LoadBalance [#781 PDF] observed exec-time bins (cumulative): <10us=75557785 <50us=907865 <500us=28535 <10ms=19624 <50ms=338 <500ms=293 <1s=0 >=1s=1 | stalls_detected=3[0m
[33m/home/cvazquezperezdelacru/clio-core/context-runtime/src/scheduler/default_sched.cc:439 WARNING 1812139 LoadBalance [#785] lane rescues performed: 3[0m
[33m/home/cvazquezperezdelacru/clio-core/context-runtime/src/scheduler/default_sched.cc:430 WARNING 1812139 LoadBalance [#781 PDF] observed exec-time bins (cumulative): <10us=75626171 <50us=908078 <500us=28541 <10ms=19625 <50ms=338 <500ms=293 <1s=0 >=1s=1 | stalls_detected=3[0m
[33m/home/cvazquezperezdelacru/clio-core/context-runtime/src/scheduler/default_sched.cc:439 WARNING 1812139 LoadBalance [#785] lane rescues performed: 3[0m
[33m/home/cvazquezperezdelacru/clio-core/context-runtime/src/scheduler/default_sched.cc:430 WARNING 1812139 LoadBalance [#781 PDF] observed exec-time bins (cumulative): <10us=75694521 <50us=908312 <500us=28553 <10ms=19626 <50ms=338 <500ms=293 <1s=0 >=1s=1 | stalls_detected=3[0m
[33m/home/cvazquezperezdelacru/clio-core/context-runtime/src/scheduler/default_sched.cc:439 WARNING 1812139 LoadBalance [#785] lane rescues performed: 3[0m
[33m/home/cvazquezperezdelacru/clio-core/context-runtime/src/scheduler/default_sched.cc:430 WARNING 1812139 LoadBalance [#781 PDF] observed exec-time bins (cumulative): <10us=75762877 <50us=908561 <500us=28559 <10ms=19627 <50ms=338 <500ms=293 <1s=0 >=1s=1 | stalls_detected=3[0m
[33m/home/cvazquezperezdelacru/clio-core/context-runtime/src/scheduler/default_sched.cc:439 WARNING 1812139 LoadBalance [#785] lane rescues performed: 3[0m
[33m/home/cvazquezperezdelacru/clio-core/context-runtime/src/scheduler/default_sched.cc:430 WARNING 1812139 LoadBalance [#781 PDF] observed exec-time bins (cumulative): <10us=75830005 <50us=909760 <500us=28568 <10ms=19629 <50ms=338 <500ms=293 <1s=0 >=1s=1 | stalls_detected=3[0m
[33m/home/cvazquezperezdelacru/clio-core/context-runtime/src/scheduler/default_sched.cc:439 WARNING 1812139 LoadBalance [#785] lane rescues performed: 3[0m
[33m/home/cvazquezperezdelacru/clio-core/context-runtime/src/scheduler/default_sched.cc:430 WARNING 1812139 LoadBalance [#781 PDF] observed exec-time bins (cumulative): <10us=75898010 <50us=910262 <500us=28575 <10ms=19630 <50ms=338 <500ms=293 <1s=0 >=1s=1 | stalls_detected=3[0m
[33m/home/cvazquezperezdelacru/clio-core/context-runtime/src/scheduler/default_sched.cc:439 WARNING 1812139 LoadBalance [#785] lane rescues performed: 3[0m
[33m/home/cvazquezperezdelacru/clio-core/context-runtime/src/scheduler/default_sched.cc:430 WARNING 1812139 LoadBalance [#781 PDF] observed exec-time bins (cumulative): <10us=75965930 <50us=910817 <500us=28582 <10ms=19631 <50ms=338 <500ms=293 <1s=0 >=1s=1 | stalls_detected=3[0m
[33m/home/cvazquezperezdelacru/clio-core/context-runtime/src/scheduler/default_sched.cc:439 WARNING 1812139 LoadBalance [#785] lane rescues performed: 3[0m
[33m/home/cvazquezperezdelacru/clio-core/context-runtime/src/scheduler/default_sched.cc:430 WARNING 1812139 LoadBalance [#781 PDF] observed exec-time bins (cumulative): <10us=76034235 <50us=911079 <500us=28590 <10ms=19632 <50ms=338 <500ms=293 <1s=0 >=1s=1 | stalls_detected=3[0m
[33m/home/cvazquezperezdelacru/clio-core/context-runtime/src/scheduler/default_sched.cc:439 WARNING 1812139 LoadBalance [#785] lane rescues performed: 3[0m
[33m/home/cvazquezperezdelacru/clio-core/context-runtime/src/scheduler/default_sched.cc:430 WARNING 1812139 LoadBalance [#781 PDF] observed exec-time bins (cumulative): <10us=76102498 <50us=911360 <500us=28598 <10ms=19634 <50ms=338 <500ms=293 <1s=0 >=1s=1 | stalls_detected=3[0m
[33m/home/cvazquezperezdelacru/clio-core/context-runtime/src/scheduler/default_sched.cc:439 WARNING 1812139 LoadBalance [#785] lane rescues performed: 3[0m
[33m/home/cvazquezperezdelacru/clio-core/context-runtime/src/scheduler/default_sched.cc:430 WARNING 1812139 LoadBalance [#781 PDF] observed exec-time bins (cumulative): <10us=76170841 <50us=911604 <500us=28606 <10ms=19635 <50ms=338 <500ms=293 <1s=0 >=1s=1 | stalls_detected=3[0m
[33m/home/cvazquezperezdelacru/clio-core/context-runtime/src/scheduler/default_sched.cc:439 WARNING 1812139 LoadBalance [#785] lane rescues performed: 3[0m
[33m/home/cvazquezperezdelacru/clio-core/context-runtime/src/scheduler/default_sched.cc:430 WARNING 1812139 LoadBalance [#781 PDF] observed exec-time bins (cumulative): <10us=76239037 <50us=911954 <500us=28615 <10ms=19636 <50ms=338 <500ms=293 <1s=0 >=1s=1 | stalls_detected=3[0m
[33m/home/cvazquezperezdelacru/clio-core/context-runtime/src/scheduler/default_sched.cc:439 WARNING 1812139 LoadBalance [#785] lane rescues performed: 3[0m
[33m/home/cvazquezperezdelacru/clio-core/context-runtime/src/scheduler/default_sched.cc:430 WARNING 1812139 LoadBalance [#781 PDF] observed exec-time bins (cumulative): <10us=76307244 <50us=912305 <500us=28624 <10ms=19637 <50ms=338 <500ms=293 <1s=0 >=1s=1 | stalls_detected=3[0m
[33m/home/cvazquezperezdelacru/clio-core/context-runtime/src/scheduler/default_sched.cc:439 WARNING 1812139 LoadBalance [#785] lane rescues performed: 3[0m
[33m/home/cvazquezperezdelacru/clio-core/context-runtime/src/scheduler/default_sched.cc:430 WARNING 1812139 LoadBalance [#781 PDF] observed exec-time bins (cumulative): <10us=76374714 <50us=912776 <500us=28631 <10ms=19638 <50ms=338 <500ms=293 <1s=0 >=1s=1 | stalls_detected=3[0m
[33m/home/cvazquezperezdelacru/clio-core/context-runtime/src/scheduler/default_sched.cc:439 WARNING 1812139 LoadBalance [#785] lane rescues performed: 3[0m
[33m/home/cvazquezperezdelacru/clio-core/context-runtime/src/scheduler/default_sched.cc:430 WARNING 1812139 LoadBalance [#781 PDF] observed exec-time bins (cumulative): <10us=76442881 <50us=913202 <500us=28639 <10ms=19639 <50ms=338 <500ms=293 <1s=0 >=1s=1 | stalls_detected=3[0m
[33m/home/cvazquezperezdelacru/clio-core/context-runtime/src/scheduler/default_sched.cc:439 WARNING 1812139 LoadBalance [#785] lane rescues performed: 3[0m
[33m/home/cvazquezperezdelacru/clio-core/context-runtime/src/scheduler/default_sched.cc:430 WARNING 1812139 LoadBalance [#781 PDF] observed exec-time bins (cumulative): <10us=76511120 <50us=913518 <500us=28646 <10ms=19640 <50ms=338 <500ms=293 <1s=0 >=1s=1 | stalls_detected=3[0m
[33m/home/cvazquezperezdelacru/clio-core/context-runtime/src/scheduler/default_sched.cc:439 WARNING 1812139 LoadBalance [#785] lane rescues performed: 3[0m
[33m/home/cvazquezperezdelacru/clio-core/context-runtime/src/scheduler/default_sched.cc:430 WARNING 1812139 LoadBalance [#781 PDF] observed exec-time bins (cumulative): <10us=76579397 <50us=913784 <500us=28653 <10ms=19642 <50ms=338 <500ms=293 <1s=0 >=1s=1 | stalls_detected=3[0m
[33m/home/cvazquezperezdelacru/clio-core/context-runtime/src/scheduler/default_sched.cc:439 WARNING 1812139 LoadBalance [#785] lane rescues performed: 3[0m
[33m/home/cvazquezperezdelacru/clio-core/context-runtime/src/scheduler/default_sched.cc:430 WARNING 1812139 LoadBalance [#781 PDF] observed exec-time bins (cumulative): <10us=76646842 <50us=914848 <500us=28660 <10ms=19644 <50ms=338 <500ms=293 <1s=0 >=1s=1 | stalls_detected=3[0m
[33m/home/cvazquezperezdelacru/clio-core/context-runtime/src/scheduler/default_sched.cc:439 WARNING 1812139 LoadBalance [#785] lane rescues performed: 3[0m
[33m/home/cvazquezperezdelacru/clio-core/context-runtime/src/scheduler/default_sched.cc:430 WARNING 1812139 LoadBalance [#781 PDF] observed exec-time bins (cumulative): <10us=76712310 <50us=917838 <500us=28670 <10ms=19645 <50ms=338 <500ms=293 <1s=0 >=1s=1 | stalls_detected=3[0m
[33m/home/cvazquezperezdelacru/clio-core/context-runtime/src/scheduler/default_sched.cc:439 WARNING 1812139 LoadBalance [#785] lane rescues performed: 3[0m
[33m/home/cvazquezperezdelacru/clio-core/context-runtime/src/scheduler/default_sched.cc:430 WARNING 1812139 LoadBalance [#781 PDF] observed exec-time bins (cumulative): <10us=76779372 <50us=919425 <500us=28679 <10ms=19646 <50ms=338 <500ms=293 <1s=0 >=1s=1 | stalls_detected=3[0m
[33m/home/cvazquezperezdelacru/clio-core/context-runtime/src/scheduler/default_sched.cc:439 WARNING 1812139 LoadBalance [#785] lane rescues performed: 3[0m
[33m/home/cvazquezperezdelacru/clio-core/context-runtime/src/scheduler/default_sched.cc:430 WARNING 1812139 LoadBalance [#781 PDF] observed exec-time bins (cumulative): <10us=76847782 <50us=919629 <500us=28685 <10ms=19647 <50ms=338 <500ms=293 <1s=0 >=1s=1 | stalls_detected=3[0m
[33m/home/cvazquezperezdelacru/clio-core/context-runtime/src/scheduler/default_sched.cc:439 WARNING 1812139 LoadBalance [#785] lane rescues performed: 3[0m
[33m/home/cvazquezperezdelacru/clio-core/context-runtime/src/scheduler/default_sched.cc:430 WARNING 1812139 LoadBalance [#781 PDF] observed exec-time bins (cumulative): <10us=76915258 <50us=920553 <500us=28697 <10ms=19649 <50ms=338 <500ms=293 <1s=0 >=1s=1 | stalls_detected=3[0m
[33m/home/cvazquezperezdelacru/clio-core/context-runtime/src/scheduler/default_sched.cc:439 WARNING 1812139 LoadBalance [#785] lane rescues performed: 3[0m
[33m/home/cvazquezperezdelacru/clio-core/context-runtime/src/scheduler/default_sched.cc:430 WARNING 1812139 LoadBalance [#781 PDF] observed exec-time bins (cumulative): <10us=76980839 <50us=923114 <500us=28704 <10ms=19650 <50ms=338 <500ms=293 <1s=0 >=1s=1 | stalls_detected=3[0m
[33m/home/cvazquezperezdelacru/clio-core/context-runtime/src/scheduler/default_sched.cc:439 WARNING 1812139 LoadBalance [#785] lane rescues performed: 3[0m
[33m/home/cvazquezperezdelacru/clio-core/context-runtime/src/scheduler/default_sched.cc:430 WARNING 1812139 LoadBalance [#781 PDF] observed exec-time bins (cumulative): <10us=77048511 <50us=923556 <500us=28714 <10ms=19652 <50ms=338 <500ms=293 <1s=0 >=1s=1 | stalls_detected=3[0m
[33m/home/cvazquezperezdelacru/clio-core/context-runtime/src/scheduler/default_sched.cc:439 WARNING 1812139 LoadBalance [#785] lane rescues performed: 3[0m
[33m/home/cvazquezperezdelacru/clio-core/context-runtime/src/scheduler/default_sched.cc:430 WARNING 1812139 LoadBalance [#781 PDF] observed exec-time bins (cumulative): <10us=77116677 <50us=923827 <500us=28724 <10ms=19653 <50ms=338 <500ms=293 <1s=0 >=1s=1 | stalls_detected=3[0m
[33m/home/cvazquezperezdelacru/clio-core/context-runtime/src/scheduler/default_sched.cc:439 WARNING 1812139 LoadBalance [#785] lane rescues performed: 3[0m
[33m/home/cvazquezperezdelacru/clio-core/context-runtime/src/scheduler/default_sched.cc:430 WARNING 1812139 LoadBalance [#781 PDF] observed exec-time bins (cumulative): <10us=77184648 <50us=924350 <500us=28730 <10ms=19654 <50ms=338 <500ms=293 <1s=0 >=1s=1 | stalls_detected=3[0m
[33m/home/cvazquezperezdelacru/clio-core/context-runtime/src/scheduler/default_sched.cc:439 WARNING 1812139 LoadBalance [#785] lane rescues performed: 3[0m
[33m/home/cvazquezperezdelacru/clio-core/context-runtime/src/scheduler/default_sched.cc:430 WARNING 1812139 LoadBalance [#781 PDF] observed exec-time bins (cumulative): <10us=77252433 <50us=924846 <500us=28738 <10ms=19655 <50ms=338 <500ms=293 <1s=0 >=1s=1 | stalls_detected=3[0m
[33m/home/cvazquezperezdelacru/clio-core/context-runtime/src/scheduler/default_sched.cc:439 WARNING 1812139 LoadBalance [#785] lane rescues performed: 3[0m
[33m/home/cvazquezperezdelacru/clio-core/context-runtime/src/scheduler/default_sched.cc:430 WARNING 1812139 LoadBalance [#781 PDF] observed exec-time bins (cumulative): <10us=77320686 <50us=925211 <500us=28747 <10ms=19656 <50ms=338 <500ms=293 <1s=0 >=1s=1 | stalls_detected=3[0m
[33m/home/cvazquezperezdelacru/clio-core/context-runtime/src/scheduler/default_sched.cc:439 WARNING 1812139 LoadBalance [#785] lane rescues performed: 3[0m
[33m/home/cvazquezperezdelacru/clio-core/context-runtime/src/scheduler/default_sched.cc:430 WARNING 1812139 LoadBalance [#781 PDF] observed exec-time bins (cumulative): <10us=77388758 <50us=925507 <500us=28755 <10ms=19658 <50ms=338 <500ms=293 <1s=0 >=1s=1 | stalls_detected=3[0m
[33m/home/cvazquezperezdelacru/clio-core/context-runtime/src/scheduler/default_sched.cc:439 WARNING 1812139 LoadBalance [#785] lane rescues performed: 3[0m
[33m/home/cvazquezperezdelacru/clio-core/context-runtime/src/scheduler/default_sched.cc:430 WARNING 1812139 LoadBalance [#781 PDF] observed exec-time bins (cumulative): <10us=77457046 <50us=925735 <500us=28764 <10ms=19659 <50ms=338 <500ms=293 <1s=0 >=1s=1 | stalls_detected=3[0m
[33m/home/cvazquezperezdelacru/clio-core/context-runtime/src/scheduler/default_sched.cc:439 WARNING 1812139 LoadBalance [#785] lane rescues performed: 3[0m
[33m/home/cvazquezperezdelacru/clio-core/context-runtime/src/scheduler/default_sched.cc:430 WARNING 1812139 LoadBalance [#781 PDF] observed exec-time bins (cumulative): <10us=77525432 <50us=925950 <500us=28770 <10ms=19660 <50ms=338 <500ms=293 <1s=0 >=1s=1 | stalls_detected=3[0m
[33m/home/cvazquezperezdelacru/clio-core/context-runtime/src/scheduler/default_sched.cc:439 WARNING 1812139 LoadBalance [#785] lane rescues performed: 3[0m
[33m/home/cvazquezperezdelacru/clio-core/context-runtime/src/scheduler/default_sched.cc:430 WARNING 1812139 LoadBalance [#781 PDF] observed exec-time bins (cumulative): <10us=77593702 <50us=926260 <500us=28777 <10ms=19661 <50ms=338 <500ms=293 <1s=0 >=1s=1 | stalls_detected=3[0m
[33m/home/cvazquezperezdelacru/clio-core/context-runtime/src/scheduler/default_sched.cc:439 WARNING 1812139 LoadBalance [#785] lane rescues performed: 3[0m
[33m/home/cvazquezperezdelacru/clio-core/context-runtime/src/scheduler/default_sched.cc:430 WARNING 1812139 LoadBalance [#781 PDF] observed exec-time bins (cumulative): <10us=77661561 <50us=926984 <500us=28785 <10ms=19662 <50ms=338 <500ms=293 <1s=0 >=1s=1 | stalls_detected=3[0m
[33m/home/cvazquezperezdelacru/clio-core/context-runtime/src/scheduler/default_sched.cc:439 WARNING 1812139 LoadBalance [#785] lane rescues performed: 3[0m
[33m/home/cvazquezperezdelacru/clio-core/context-runtime/src/scheduler/default_sched.cc:430 WARNING 1812139 LoadBalance [#781 PDF] observed exec-time bins (cumulative): <10us=77729152 <50us=927996 <500us=28792 <10ms=19663 <50ms=338 <500ms=293 <1s=0 >=1s=1 | stalls_detected=3[0m
[33m/home/cvazquezperezdelacru/clio-core/context-runtime/src/scheduler/default_sched.cc:439 WARNING 1812139 LoadBalance [#785] lane rescues performed: 3[0m
[33m/home/cvazquezperezdelacru/clio-core/context-runtime/src/scheduler/default_sched.cc:430 WARNING 1812139 LoadBalance [#781 PDF] observed exec-time bins (cumulative): <10us=77796986 <50us=928737 <500us=28800 <10ms=19664 <50ms=338 <500ms=293 <1s=0 >=1s=1 | stalls_detected=3[0m
[33m/home/cvazquezperezdelacru/clio-core/context-runtime/src/scheduler/default_sched.cc:439 WARNING 1812139 LoadBalance [#785] lane rescues performed: 3[0m
[33m/home/cvazquezperezdelacru/clio-core/context-runtime/src/scheduler/default_sched.cc:430 WARNING 1812139 LoadBalance [#781 PDF] observed exec-time bins (cumulative): <10us=77865329 <50us=928989 <500us=28806 <10ms=19665 <50ms=338 <500ms=293 <1s=0 >=1s=1 | stalls_detected=3[0m
[33m/home/cvazquezperezdelacru/clio-core/context-runtime/src/scheduler/default_sched.cc:439 WARNING 1812139 LoadBalance [#785] lane rescues performed: 3[0m
[33m/home/cvazquezperezdelacru/clio-core/context-runtime/src/scheduler/default_sched.cc:430 WARNING 1812139 LoadBalance [#781 PDF] observed exec-time bins (cumulative): <10us=77933606 <50us=929335 <500us=28816 <10ms=19666 <50ms=338 <500ms=293 <1s=0 >=1s=1 | stalls_detected=3[0m
[33m/home/cvazquezperezdelacru/clio-core/context-runtime/src/scheduler/default_sched.cc:439 WARNING 1812139 LoadBalance [#785] lane rescues performed: 3[0m
[33m/home/cvazquezperezdelacru/clio-core/context-runtime/src/scheduler/default_sched.cc:430 WARNING 1812139 LoadBalance [#781 PDF] observed exec-time bins (cumulative): <10us=78002035 <50us=929525 <500us=28822 <10ms=19667 <50ms=338 <500ms=293 <1s=0 >=1s=1 | stalls_detected=3[0m
[33m/home/cvazquezperezdelacru/clio-core/context-runtime/src/scheduler/default_sched.cc:439 WARNING 1812139 LoadBalance [#785] lane rescues performed: 3[0m
[33m/home/cvazquezperezdelacru/clio-core/context-runtime/src/scheduler/default_sched.cc:430 WARNING 1812139 LoadBalance [#781 PDF] observed exec-time bins (cumulative): <10us=78070330 <50us=929799 <500us=28830 <10ms=19668 <50ms=338 <500ms=293 <1s=0 >=1s=1 | stalls_detected=3[0m
[33m/home/cvazquezperezdelacru/clio-core/context-runtime/src/scheduler/default_sched.cc:439 WARNING 1812139 LoadBalance [#785] lane rescues performed: 3[0m
[33m/home/cvazquezperezdelacru/clio-core/context-runtime/src/scheduler/default_sched.cc:430 WARNING 1812139 LoadBalance [#781 PDF] observed exec-time bins (cumulative): <10us=78138667 <50us=930045 <500us=28836 <10ms=19669 <50ms=338 <500ms=293 <1s=0 >=1s=1 | stalls_detected=3[0m
[33m/home/cvazquezperezdelacru/clio-core/context-runtime/src/scheduler/default_sched.cc:439 WARNING 1812139 LoadBalance [#785] lane rescues performed: 3[0m
[33m/home/cvazquezperezdelacru/clio-core/context-runtime/src/scheduler/default_sched.cc:430 WARNING 1812139 LoadBalance [#781 PDF] observed exec-time bins (cumulative): <10us=78204228 <50us=932609 <500us=28842 <10ms=19670 <50ms=338 <500ms=293 <1s=0 >=1s=1 | stalls_detected=3[0m
[33m/home/cvazquezperezdelacru/clio-core/context-runtime/src/scheduler/default_sched.cc:439 WARNING 1812139 LoadBalance [#785] lane rescues performed: 3[0m
[33m/home/cvazquezperezdelacru/clio-core/context-runtime/src/scheduler/default_sched.cc:430 WARNING 1812139 LoadBalance [#781 PDF] observed exec-time bins (cumulative): <10us=78272279 <50us=932913 <500us=28850 <10ms=19672 <50ms=338 <500ms=293 <1s=0 >=1s=1 | stalls_detected=3[0m
[33m/home/cvazquezperezdelacru/clio-core/context-runtime/src/scheduler/default_sched.cc:439 WARNING 1812139 LoadBalance [#785] lane rescues performed: 3[0m
[33m/home/cvazquezperezdelacru/clio-core/context-runtime/src/scheduler/default_sched.cc:430 WARNING 1812139 LoadBalance [#781 PDF] observed exec-time bins (cumulative): <10us=78340440 <50us=933185 <500us=28856 <10ms=19674 <50ms=338 <500ms=293 <1s=0 >=1s=1 | stalls_detected=3[0m
[33m/home/cvazquezperezdelacru/clio-core/context-runtime/src/scheduler/default_sched.cc:439 WARNING 1812139 LoadBalance [#785] lane rescues performed: 3[0m
[33m/home/cvazquezperezdelacru/clio-core/context-runtime/src/scheduler/default_sched.cc:430 WARNING 1812139 LoadBalance [#781 PDF] observed exec-time bins (cumulative): <10us=78408733 <50us=933413 <500us=28864 <10ms=19675 <50ms=338 <500ms=293 <1s=0 >=1s=1 | stalls_detected=3[0m
[33m/home/cvazquezperezdelacru/clio-core/context-runtime/src/scheduler/default_sched.cc:439 WARNING 1812139 LoadBalance [#785] lane rescues performed: 3[0m
[33m/home/cvazquezperezdelacru/clio-core/context-runtime/src/scheduler/default_sched.cc:430 WARNING 1812139 LoadBalance [#781 PDF] observed exec-time bins (cumulative): <10us=78476993 <50us=933666 <500us=28869 <10ms=19676 <50ms=338 <500ms=293 <1s=0 >=1s=1 | stalls_detected=3[0m
[33m/home/cvazquezperezdelacru/clio-core/context-runtime/src/scheduler/default_sched.cc:439 WARNING 1812139 LoadBalance [#785] lane rescues performed: 3[0m
[33m/home/cvazquezperezdelacru/clio-core/context-runtime/src/scheduler/default_sched.cc:430 WARNING 1812139 LoadBalance [#781 PDF] observed exec-time bins (cumulative): <10us=78545362 <50us=933875 <500us=28876 <10ms=19677 <50ms=338 <500ms=293 <1s=0 >=1s=1 | stalls_detected=3[0m
[33m/home/cvazquezperezdelacru/clio-core/context-runtime/src/scheduler/default_sched.cc:439 WARNING 1812139 LoadBalance [#785] lane rescues performed: 3[0m
[33m/home/cvazquezperezdelacru/clio-core/context-runtime/src/scheduler/default_sched.cc:430 WARNING 1812139 LoadBalance [#781 PDF] observed exec-time bins (cumulative): <10us=78613515 <50us=934279 <500us=28884 <10ms=19679 <50ms=338 <500ms=293 <1s=0 >=1s=1 | stalls_detected=3[0m
[33m/home/cvazquezperezdelacru/clio-core/context-runtime/src/scheduler/default_sched.cc:439 WARNING 1812139 LoadBalance [#785] lane rescues performed: 3[0m
[33m/home/cvazquezperezdelacru/clio-core/context-runtime/src/scheduler/default_sched.cc:430 WARNING 1812139 LoadBalance [#781 PDF] observed exec-time bins (cumulative): <10us=78680615 <50us=935090 <500us=28894 <10ms=19680 <50ms=338 <500ms=293 <1s=0 >=1s=1 | stalls_detected=3[0m
[33m/home/cvazquezperezdelacru/clio-core/context-runtime/src/scheduler/default_sched.cc:439 WARNING 1812139 LoadBalance [#785] lane rescues performed: 3[0m
[33m/home/cvazquezperezdelacru/clio-core/context-runtime/src/scheduler/default_sched.cc:430 WARNING 1812139 LoadBalance [#781 PDF] observed exec-time bins (cumulative): <10us=78746203 <50us=937625 <500us=28900 <10ms=19681 <50ms=338 <500ms=293 <1s=0 >=1s=1 | stalls_detected=3[0m
[33m/home/cvazquezperezdelacru/clio-core/context-runtime/src/scheduler/default_sched.cc:439 WARNING 1812139 LoadBalance [#785] lane rescues performed: 3[0m
[33m/home/cvazquezperezdelacru/clio-core/context-runtime/src/scheduler/default_sched.cc:430 WARNING 1812139 LoadBalance [#781 PDF] observed exec-time bins (cumulative): <10us=78812201 <50us=940101 <500us=28910 <10ms=19682 <50ms=338 <500ms=293 <1s=0 >=1s=1 | stalls_detected=3[0m
[33m/home/cvazquezperezdelacru/clio-core/context-runtime/src/scheduler/default_sched.cc:439 WARNING 1812139 LoadBalance [#785] lane rescues performed: 3[0m
[33m/home/cvazquezperezdelacru/clio-core/context-runtime/src/scheduler/default_sched.cc:430 WARNING 1812139 LoadBalance [#781 PDF] observed exec-time bins (cumulative): <10us=78879371 <50us=941444 <500us=28916 <10ms=19683 <50ms=338 <500ms=293 <1s=0 >=1s=1 | stalls_detected=3[0m
[33m/home/cvazquezperezdelacru/clio-core/context-runtime/src/scheduler/default_sched.cc:439 WARNING 1812139 LoadBalance [#785] lane rescues performed: 3[0m
[33m/home/cvazquezperezdelacru/clio-core/context-runtime/src/scheduler/default_sched.cc:430 WARNING 1812139 LoadBalance [#781 PDF] observed exec-time bins (cumulative): <10us=78947138 <50us=941952 <500us=28927 <10ms=19684 <50ms=338 <500ms=293 <1s=0 >=1s=1 | stalls_detected=3[0m
[33m/home/cvazquezperezdelacru/clio-core/context-runtime/src/scheduler/default_sched.cc:439 WARNING 1812139 LoadBalance [#785] lane rescues performed: 3[0m
[33m/home/cvazquezperezdelacru/clio-core/context-runtime/src/scheduler/default_sched.cc:430 WARNING 1812139 LoadBalance [#781 PDF] observed exec-time bins (cumulative): <10us=79014764 <50us=942844 <500us=28935 <10ms=19685 <50ms=338 <500ms=293 <1s=0 >=1s=1 | stalls_detected=3[0m
[33m/home/cvazquezperezdelacru/clio-core/context-runtime/src/scheduler/default_sched.cc:439 WARNING 1812139 LoadBalance [#785] lane rescues performed: 3[0m
[33m/home/cvazquezperezdelacru/clio-core/context-runtime/src/scheduler/default_sched.cc:430 WARNING 1812139 LoadBalance [#781 PDF] observed exec-time bins (cumulative): <10us=79081767 <50us=944437 <500us=28945 <10ms=19686 <50ms=338 <500ms=293 <1s=0 >=1s=1 | stalls_detected=3[0m
[33m/home/cvazquezperezdelacru/clio-core/context-runtime/src/scheduler/default_sched.cc:439 WARNING 1812139 LoadBalance [#785] lane rescues performed: 3[0m
[33m/home/cvazquezperezdelacru/clio-core/context-runtime/src/scheduler/default_sched.cc:430 WARNING 1812139 LoadBalance [#781 PDF] observed exec-time bins (cumulative): <10us=79148562 <50us=945974 <500us=28951 <10ms=19687 <50ms=338 <500ms=293 <1s=0 >=1s=1 | stalls_detected=3[0m
[33m/home/cvazquezperezdelacru/clio-core/context-runtime/src/scheduler/default_sched.cc:439 WARNING 1812139 LoadBalance [#785] lane rescues performed: 3[0m
[33m/home/cvazquezperezdelacru/clio-core/context-runtime/src/scheduler/default_sched.cc:430 WARNING 1812139 LoadBalance [#781 PDF] observed exec-time bins (cumulative): <10us=79214235 <50us=948360 <500us=28959 <10ms=19689 <50ms=338 <500ms=293 <1s=0 >=1s=1 | stalls_detected=3[0m
[33m/home/cvazquezperezdelacru/clio-core/context-runtime/src/scheduler/default_sched.cc:439 WARNING 1812139 LoadBalance [#785] lane rescues performed: 3[0m
[33m/home/cvazquezperezdelacru/clio-core/context-runtime/src/scheduler/default_sched.cc:430 WARNING 1812139 LoadBalance [#781 PDF] observed exec-time bins (cumulative): <10us=79278776 <50us=951772 <500us=28965 <10ms=19690 <50ms=338 <500ms=293 <1s=0 >=1s=1 | stalls_detected=3[0m
[33m/home/cvazquezperezdelacru/clio-core/context-runtime/src/scheduler/default_sched.cc:439 WARNING 1812139 LoadBalance [#785] lane rescues performed: 3[0m
[33m/home/cvazquezperezdelacru/clio-core/context-runtime/src/scheduler/default_sched.cc:430 WARNING 1812139 LoadBalance [#781 PDF] observed exec-time bins (cumulative): <10us=79345092 <50us=953697 <500us=28973 <10ms=19691 <50ms=338 <500ms=293 <1s=0 >=1s=1 | stalls_detected=3[0m
[33m/home/cvazquezperezdelacru/clio-core/context-runtime/src/scheduler/default_sched.cc:439 WARNING 1812139 LoadBalance [#785] lane rescues performed: 3[0m
[33m/home/cvazquezperezdelacru/clio-core/context-runtime/src/scheduler/default_sched.cc:430 WARNING 1812139 LoadBalance [#781 PDF] observed exec-time bins (cumulative): <10us=79412859 <50us=954387 <500us=28979 <10ms=19692 <50ms=338 <500ms=293 <1s=0 >=1s=1 | stalls_detected=3[0m
[33m/home/cvazquezperezdelacru/clio-core/context-runtime/src/scheduler/default_sched.cc:439 WARNING 1812139 LoadBalance [#785] lane rescues performed: 3[0m
[33m/home/cvazquezperezdelacru/clio-core/context-runtime/src/scheduler/default_sched.cc:430 WARNING 1812139 LoadBalance [#781 PDF] observed exec-time bins (cumulative): <10us=79481094 <50us=954702 <500us=28987 <10ms=19693 <50ms=338 <500ms=293 <1s=0 >=1s=1 | stalls_detected=3[0m
[33m/home/cvazquezperezdelacru/clio-core/context-runtime/src/scheduler/default_sched.cc:439 WARNING 1812139 LoadBalance [#785] lane rescues performed: 3[0m
[33m/home/cvazquezperezdelacru/clio-core/context-runtime/src/scheduler/default_sched.cc:430 WARNING 1812139 LoadBalance [#781 PDF] observed exec-time bins (cumulative): <10us=79549238 <50us=955092 <500us=28993 <10ms=19694 <50ms=338 <500ms=293 <1s=0 >=1s=1 | stalls_detected=3[0m
[33m/home/cvazquezperezdelacru/clio-core/context-runtime/src/scheduler/default_sched.cc:439 WARNING 1812139 LoadBalance [#785] lane rescues performed: 3[0m
[33m/home/cvazquezperezdelacru/clio-core/context-runtime/src/scheduler/default_sched.cc:430 WARNING 1812139 LoadBalance [#781 PDF] observed exec-time bins (cumulative): <10us=79617542 <50us=955408 <500us=28999 <10ms=19695 <50ms=338 <500ms=293 <1s=0 >=1s=1 | stalls_detected=3[0m
[33m/home/cvazquezperezdelacru/clio-core/context-runtime/src/scheduler/default_sched.cc:439 WARNING 1812139 LoadBalance [#785] lane rescues performed: 3[0m
[33m/home/cvazquezperezdelacru/clio-core/context-runtime/src/scheduler/default_sched.cc:430 WARNING 1812139 LoadBalance [#781 PDF] observed exec-time bins (cumulative): <10us=79685800 <50us=955727 <500us=29007 <10ms=19696 <50ms=338 <500ms=293 <1s=0 >=1s=1 | stalls_detected=3[0m
[33m/home/cvazquezperezdelacru/clio-core/context-runtime/src/scheduler/default_sched.cc:439 WARNING 1812139 LoadBalance [#785] lane rescues performed: 3[0m
[33m/home/cvazquezperezdelacru/clio-core/context-runtime/src/scheduler/default_sched.cc:430 WARNING 1812139 LoadBalance [#781 PDF] observed exec-time bins (cumulative): <10us=79754018 <50us=956064 <500us=29013 <10ms=19698 <50ms=338 <500ms=293 <1s=0 >=1s=1 | stalls_detected=3[0m
[33m/home/cvazquezperezdelacru/clio-core/context-runtime/src/scheduler/default_sched.cc:439 WARNING 1812139 LoadBalance [#785] lane rescues performed: 3[0m
[33m/home/cvazquezperezdelacru/clio-core/context-runtime/src/scheduler/default_sched.cc:430 WARNING 1812139 LoadBalance [#781 PDF] observed exec-time bins (cumulative): <10us=79822121 <50us=956448 <500us=29021 <10ms=19700 <50ms=338 <500ms=293 <1s=0 >=1s=1 | stalls_detected=3[0m
[33m/home/cvazquezperezdelacru/clio-core/context-runtime/src/scheduler/default_sched.cc:439 WARNING 1812139 LoadBalance [#785] lane rescues performed: 3[0m
[33m/home/cvazquezperezdelacru/clio-core/context-runtime/src/scheduler/default_sched.cc:430 WARNING 1812139 LoadBalance [#781 PDF] observed exec-time bins (cumulative): <10us=79890248 <50us=956804 <500us=29028 <10ms=19701 <50ms=338 <500ms=293 <1s=0 >=1s=1 | stalls_detected=3[0m
[33m/home/cvazquezperezdelacru/clio-core/context-runtime/src/scheduler/default_sched.cc:439 WARNING 1812139 LoadBalance [#785] lane rescues performed: 3[0m
[33m/home/cvazquezperezdelacru/clio-core/context-runtime/src/scheduler/default_sched.cc:430 WARNING 1812139 LoadBalance [#781 PDF] observed exec-time bins (cumulative): <10us=79958029 <50us=957506 <500us=29037 <10ms=19703 <50ms=338 <500ms=293 <1s=0 >=1s=1 | stalls_detected=3[0m
[33m/home/cvazquezperezdelacru/clio-core/context-runtime/src/scheduler/default_sched.cc:439 WARNING 1812139 LoadBalance [#785] lane rescues performed: 3[0m
[33m/home/cvazquezperezdelacru/clio-core/context-runtime/src/scheduler/default_sched.cc:430 WARNING 1812139 LoadBalance [#781 PDF] observed exec-time bins (cumulative): <10us=80025988 <50us=957992 <500us=29046 <10ms=19705 <50ms=338 <500ms=293 <1s=0 >=1s=1 | stalls_detected=3[0m
[33m/home/cvazquezperezdelacru/clio-core/context-runtime/src/scheduler/default_sched.cc:439 WARNING 1812139 LoadBalance [#785] lane rescues performed: 3[0m
[33m/home/cvazquezperezdelacru/clio-core/context-runtime/src/scheduler/default_sched.cc:430 WARNING 1812139 LoadBalance [#781 PDF] observed exec-time bins (cumulative): <10us=80093938 <50us=958473 <500us=29052 <10ms=19706 <50ms=338 <500ms=293 <1s=0 >=1s=1 | stalls_detected=3[0m
[33m/home/cvazquezperezdelacru/clio-core/context-runtime/src/scheduler/default_sched.cc:439 WARNING 1812139 LoadBalance [#785] lane rescues performed: 3[0m
[33m/home/cvazquezperezdelacru/clio-core/context-runtime/src/scheduler/default_sched.cc:430 WARNING 1812139 LoadBalance [#781 PDF] observed exec-time bins (cumulative): <10us=80161981 <50us=958901 <500us=29061 <10ms=19708 <50ms=338 <500ms=293 <1s=0 >=1s=1 | stalls_detected=3[0m
[33m/home/cvazquezperezdelacru/clio-core/context-runtime/src/scheduler/default_sched.cc:439 WARNING 1812139 LoadBalance [#785] lane rescues performed: 3[0m
[33m/home/cvazquezperezdelacru/clio-core/context-runtime/src/scheduler/default_sched.cc:430 WARNING 1812139 LoadBalance [#781 PDF] observed exec-time bins (cumulative): <10us=80230051 <50us=959311 <500us=29069 <10ms=19709 <50ms=338 <500ms=293 <1s=0 >=1s=1 | stalls_detected=3[0m
[33m/home/cvazquezperezdelacru/clio-core/context-runtime/src/scheduler/default_sched.cc:439 WARNING 1812139 LoadBalance [#785] lane rescues performed: 3[0m
[33m/home/cvazquezperezdelacru/clio-core/context-runtime/src/scheduler/default_sched.cc:430 WARNING 1812139 LoadBalance [#781 PDF] observed exec-time bins (cumulative): <10us=80295773 <50us=961982 <500us=29075 <10ms=19711 <50ms=338 <500ms=293 <1s=0 >=1s=1 | stalls_detected=3[0m
[33m/home/cvazquezperezdelacru/clio-core/context-runtime/src/scheduler/default_sched.cc:439 WARNING 1812139 LoadBalance [#785] lane rescues performed: 3[0m
[33m/home/cvazquezperezdelacru/clio-core/context-runtime/src/scheduler/default_sched.cc:430 WARNING 1812139 LoadBalance [#781 PDF] observed exec-time bins (cumulative): <10us=80361612 <50us=964263 <500us=29084 <10ms=19712 <50ms=338 <500ms=293 <1s=0 >=1s=1 | stalls_detected=3[0m
[33m/home/cvazquezperezdelacru/clio-core/context-runtime/src/scheduler/default_sched.cc:439 WARNING 1812139 LoadBalance [#785] lane rescues performed: 3[0m
[33m/home/cvazquezperezdelacru/clio-core/context-runtime/src/scheduler/default_sched.cc:430 WARNING 1812139 LoadBalance [#781 PDF] observed exec-time bins (cumulative): <10us=80429800 <50us=964581 <500us=29091 <10ms=19713 <50ms=338 <500ms=293 <1s=0 >=1s=1 | stalls_detected=3[0m
[33m/home/cvazquezperezdelacru/clio-core/context-runtime/src/scheduler/default_sched.cc:439 WARNING 1812139 LoadBalance [#785] lane rescues performed: 3[0m
[33m/home/cvazquezperezdelacru/clio-core/context-runtime/src/scheduler/default_sched.cc:430 WARNING 1812139 LoadBalance [#781 PDF] observed exec-time bins (cumulative): <10us=80498085 <50us=964866 <500us=29099 <10ms=19714 <50ms=338 <500ms=293 <1s=0 >=1s=1 | stalls_detected=3[0m
[33m/home/cvazquezperezdelacru/clio-core/context-runtime/src/scheduler/default_sched.cc:439 WARNING 1812139 LoadBalance [#785] lane rescues performed: 3[0m
[33m/home/cvazquezperezdelacru/clio-core/context-runtime/src/scheduler/default_sched.cc:430 WARNING 1812139 LoadBalance [#781 PDF] observed exec-time bins (cumulative): <10us=80564821 <50us=966215 <500us=29106 <10ms=19715 <50ms=338 <500ms=293 <1s=0 >=1s=1 | stalls_detected=3[0m
[33m/home/cvazquezperezdelacru/clio-core/context-runtime/src/scheduler/default_sched.cc:439 WARNING 1812139 LoadBalance [#785] lane rescues performed: 3[0m
[33m/home/cvazquezperezdelacru/clio-core/context-runtime/src/scheduler/default_sched.cc:430 WARNING 1812139 LoadBalance [#781 PDF] observed exec-time bins (cumulative): <10us=80631214 <50us=967982 <500us=29113 <10ms=19716 <50ms=338 <500ms=293 <1s=0 >=1s=1 | stalls_detected=3[0m
[33m/home/cvazquezperezdelacru/clio-core/context-runtime/src/scheduler/default_sched.cc:439 WARNING 1812139 LoadBalance [#785] lane rescues performed: 3[0m
[33m/home/cvazquezperezdelacru/clio-core/context-runtime/src/scheduler/default_sched.cc:430 WARNING 1812139 LoadBalance [#781 PDF] observed exec-time bins (cumulative): <10us=80699410 <50us=968354 <500us=29119 <10ms=19717 <50ms=338 <500ms=293 <1s=0 >=1s=1 | stalls_detected=3[0m
[33m/home/cvazquezperezdelacru/clio-core/context-runtime/src/scheduler/default_sched.cc:439 WARNING 1812139 LoadBalance [#785] lane rescues performed: 3[0m
[33m/home/cvazquezperezdelacru/clio-core/context-runtime/src/scheduler/default_sched.cc:430 WARNING 1812139 LoadBalance [#781 PDF] observed exec-time bins (cumulative): <10us=80767680 <50us=968636 <500us=29127 <10ms=19718 <50ms=338 <500ms=293 <1s=0 >=1s=1 | stalls_detected=3[0m
[33m/home/cvazquezperezdelacru/clio-core/context-runtime/src/scheduler/default_sched.cc:439 WARNING 1812139 LoadBalance [#785] lane rescues performed: 3[0m
[33m/home/cvazquezperezdelacru/clio-core/context-runtime/src/scheduler/default_sched.cc:430 WARNING 1812139 LoadBalance [#781 PDF] observed exec-time bins (cumulative): <10us=80835951 <50us=968942 <500us=29135 <10ms=19719 <50ms=338 <500ms=293 <1s=0 >=1s=1 | stalls_detected=3[0m
[33m/home/cvazquezperezdelacru/clio-core/context-runtime/src/scheduler/default_sched.cc:439 WARNING 1812139 LoadBalance [#785] lane rescues performed: 3[0m
[33m/home/cvazquezperezdelacru/clio-core/context-runtime/src/scheduler/default_sched.cc:430 WARNING 1812139 LoadBalance [#781 PDF] observed exec-time bins (cumulative): <10us=80903001 <50us=970793 <500us=29143 <10ms=19720 <50ms=338 <500ms=293 <1s=0 >=1s=1 | stalls_detected=3[0m
[33m/home/cvazquezperezdelacru/clio-core/context-runtime/src/scheduler/default_sched.cc:439 WARNING 1812139 LoadBalance [#785] lane rescues performed: 3[0m
[33m/home/cvazquezperezdelacru/clio-core/context-runtime/src/scheduler/default_sched.cc:430 WARNING 1812139 LoadBalance [#781 PDF] observed exec-time bins (cumulative): <10us=80971254 <50us=971152 <500us=29150 <10ms=19722 <50ms=338 <500ms=293 <1s=0 >=1s=1 | stalls_detected=3[0m
[33m/home/cvazquezperezdelacru/clio-core/context-runtime/src/scheduler/default_sched.cc:439 WARNING 1812139 LoadBalance [#785] lane rescues performed: 3[0m
[33m/home/cvazquezperezdelacru/clio-core/context-runtime/src/scheduler/default_sched.cc:430 WARNING 1812139 LoadBalance [#781 PDF] observed exec-time bins (cumulative): <10us=81039163 <50us=971535 <500us=29161 <10ms=19723 <50ms=338 <500ms=293 <1s=0 >=1s=1 | stalls_detected=3[0m
[33m/home/cvazquezperezdelacru/clio-core/context-runtime/src/scheduler/default_sched.cc:439 WARNING 1812139 LoadBalance [#785] lane rescues performed: 3[0m
[33m/home/cvazquezperezdelacru/clio-core/context-runtime/src/scheduler/default_sched.cc:430 WARNING 1812139 LoadBalance [#781 PDF] observed exec-time bins (cumulative): <10us=81107346 <50us=971830 <500us=29168 <10ms=19725 <50ms=338 <500ms=293 <1s=0 >=1s=1 | stalls_detected=3[0m
[33m/home/cvazquezperezdelacru/clio-core/context-runtime/src/scheduler/default_sched.cc:439 WARNING 1812139 LoadBalance [#785] lane rescues performed: 3[0m
[33m/home/cvazquezperezdelacru/clio-core/context-runtime/src/scheduler/default_sched.cc:430 WARNING 1812139 LoadBalance [#781 PDF] observed exec-time bins (cumulative): <10us=81175571 <50us=972037 <500us=29174 <10ms=19726 <50ms=338 <500ms=293 <1s=0 >=1s=1 | stalls_detected=3[0m
[33m/home/cvazquezperezdelacru/clio-core/context-runtime/src/scheduler/default_sched.cc:439 WARNING 1812139 LoadBalance [#785] lane rescues performed: 3[0m
[33m/home/cvazquezperezdelacru/clio-core/context-runtime/src/scheduler/default_sched.cc:430 WARNING 1812139 LoadBalance [#781 PDF] observed exec-time bins (cumulative): <10us=81243737 <50us=972294 <500us=29184 <10ms=19727 <50ms=338 <500ms=293 <1s=0 >=1s=1 | stalls_detected=3[0m
[33m/home/cvazquezperezdelacru/clio-core/context-runtime/src/scheduler/default_sched.cc:439 WARNING 1812139 LoadBalance [#785] lane rescues performed: 3[0m
[33m/home/cvazquezperezdelacru/clio-core/context-runtime/src/scheduler/default_sched.cc:430 WARNING 1812139 LoadBalance [#781 PDF] observed exec-time bins (cumulative): <10us=81311891 <50us=972550 <500us=29192 <10ms=19728 <50ms=338 <500ms=293 <1s=0 >=1s=1 | stalls_detected=3[0m
[33m/home/cvazquezperezdelacru/clio-core/context-runtime/src/scheduler/default_sched.cc:439 WARNING 1812139 LoadBalance [#785] lane rescues performed: 3[0m
[33m/home/cvazquezperezdelacru/clio-core/context-runtime/src/scheduler/default_sched.cc:430 WARNING 1812139 LoadBalance [#781 PDF] observed exec-time bins (cumulative): <10us=81380064 <50us=973019 <500us=29198 <10ms=19729 <50ms=338 <500ms=293 <1s=0 >=1s=1 | stalls_detected=3[0m
[33m/home/cvazquezperezdelacru/clio-core/context-runtime/src/scheduler/default_sched.cc:439 WARNING 1812139 LoadBalance [#785] lane rescues performed: 3[0m
[33m/home/cvazquezperezdelacru/clio-core/context-runtime/src/scheduler/default_sched.cc:430 WARNING 1812139 LoadBalance [#781 PDF] observed exec-time bins (cumulative): <10us=81448303 <50us=973361 <500us=29206 <10ms=19731 <50ms=338 <500ms=293 <1s=0 >=1s=1 | stalls_detected=3[0m
[33m/home/cvazquezperezdelacru/clio-core/context-runtime/src/scheduler/default_sched.cc:439 WARNING 1812139 LoadBalance [#785] lane rescues performed: 3[0m
[33m/home/cvazquezperezdelacru/clio-core/context-runtime/src/scheduler/default_sched.cc:430 WARNING 1812139 LoadBalance [#781 PDF] observed exec-time bins (cumulative): <10us=81515067 <50us=975117 <500us=29212 <10ms=19733 <50ms=338 <500ms=293 <1s=0 >=1s=1 | stalls_detected=3[0m
[33m/home/cvazquezperezdelacru/clio-core/context-runtime/src/scheduler/default_sched.cc:439 WARNING 1812139 LoadBalance [#785] lane rescues performed: 3[0m
[33m/home/cvazquezperezdelacru/clio-core/context-runtime/src/scheduler/default_sched.cc:430 WARNING 1812139 LoadBalance [#781 PDF] observed exec-time bins (cumulative): <10us=81580091 <50us=978522 <500us=29219 <10ms=19734 <50ms=338 <500ms=293 <1s=0 >=1s=1 | stalls_detected=3[0m
[33m/home/cvazquezperezdelacru/clio-core/context-runtime/src/scheduler/default_sched.cc:439 WARNING 1812139 LoadBalance [#785] lane rescues performed: 3[0m
[33m/home/cvazquezperezdelacru/clio-core/context-runtime/src/scheduler/default_sched.cc:430 WARNING 1812139 LoadBalance [#781 PDF] observed exec-time bins (cumulative): <10us=81646842 <50us=980262 <500us=29226 <10ms=19735 <50ms=338 <500ms=293 <1s=0 >=1s=1 | stalls_detected=3[0m
[33m/home/cvazquezperezdelacru/clio-core/context-runtime/src/scheduler/default_sched.cc:439 WARNING 1812139 LoadBalance [#785] lane rescues performed: 3[0m
[33m/home/cvazquezperezdelacru/clio-core/context-runtime/src/scheduler/default_sched.cc:430 WARNING 1812139 LoadBalance [#781 PDF] observed exec-time bins (cumulative): <10us=81715200 <50us=980483 <500us=29235 <10ms=19737 <50ms=338 <500ms=293 <1s=0 >=1s=1 | stalls_detected=3[0m
[33m/home/cvazquezperezdelacru/clio-core/context-runtime/src/scheduler/default_sched.cc:439 WARNING 1812139 LoadBalance [#785] lane rescues performed: 3[0m
[33m/home/cvazquezperezdelacru/clio-core/context-runtime/src/scheduler/default_sched.cc:430 WARNING 1812139 LoadBalance [#781 PDF] observed exec-time bins (cumulative): <10us=81782520 <50us=981226 <500us=29243 <10ms=19739 <50ms=338 <500ms=293 <1s=0 >=1s=1 | stalls_detected=3[0m
[33m/home/cvazquezperezdelacru/clio-core/context-runtime/src/scheduler/default_sched.cc:439 WARNING 1812139 LoadBalance [#785] lane rescues performed: 3[0m
[33m/home/cvazquezperezdelacru/clio-core/context-runtime/src/scheduler/default_sched.cc:430 WARNING 1812139 LoadBalance [#781 PDF] observed exec-time bins (cumulative): <10us=81848814 <50us=983197 <500us=29249 <10ms=19740 <50ms=338 <500ms=293 <1s=0 >=1s=1 | stalls_detected=3[0m
[33m/home/cvazquezperezdelacru/clio-core/context-runtime/src/scheduler/default_sched.cc:439 WARNING 1812139 LoadBalance [#785] lane rescues performed: 3[0m
[33m/home/cvazquezperezdelacru/clio-core/context-runtime/src/scheduler/default_sched.cc:430 WARNING 1812139 LoadBalance [#781 PDF] observed exec-time bins (cumulative): <10us=81915511 <50us=984784 <500us=29255 <10ms=19741 <50ms=338 <500ms=293 <1s=0 >=1s=1 | stalls_detected=3[0m
[33m/home/cvazquezperezdelacru/clio-core/context-runtime/src/scheduler/default_sched.cc:439 WARNING 1812139 LoadBalance [#785] lane rescues performed: 3[0m
[33m/home/cvazquezperezdelacru/clio-core/context-runtime/src/scheduler/default_sched.cc:430 WARNING 1812139 LoadBalance [#781 PDF] observed exec-time bins (cumulative): <10us=81983899 <50us=984999 <500us=29264 <10ms=19742 <50ms=338 <500ms=293 <1s=0 >=1s=1 | stalls_detected=3[0m
[33m/home/cvazquezperezdelacru/clio-core/context-runtime/src/scheduler/default_sched.cc:439 WARNING 1812139 LoadBalance [#785] lane rescues performed: 3[0m
[33m/home/cvazquezperezdelacru/clio-core/context-runtime/src/scheduler/default_sched.cc:430 WARNING 1812139 LoadBalance [#781 PDF] observed exec-time bins (cumulative): <10us=82052235 <50us=985256 <500us=29272 <10ms=19744 <50ms=338 <500ms=293 <1s=0 >=1s=1 | stalls_detected=3[0m
[33m/home/cvazquezperezdelacru/clio-core/context-runtime/src/scheduler/default_sched.cc:439 WARNING 1812139 LoadBalance [#785] lane rescues performed: 3[0m
[33m/home/cvazquezperezdelacru/clio-core/context-runtime/src/scheduler/default_sched.cc:430 WARNING 1812139 LoadBalance [#781 PDF] observed exec-time bins (cumulative): <10us=82120547 <50us=985503 <500us=29279 <10ms=19746 <50ms=338 <500ms=293 <1s=0 >=1s=1 | stalls_detected=3[0m
[33m/home/cvazquezperezdelacru/clio-core/context-runtime/src/scheduler/default_sched.cc:439 WARNING 1812139 LoadBalance [#785] lane rescues performed: 3[0m
[33m/home/cvazquezperezdelacru/clio-core/context-runtime/src/scheduler/default_sched.cc:430 WARNING 1812139 LoadBalance [#781 PDF] observed exec-time bins (cumulative): <10us=82188778 <50us=985795 <500us=29287 <10ms=19747 <50ms=338 <500ms=293 <1s=0 >=1s=1 | stalls_detected=3[0m
[33m/home/cvazquezperezdelacru/clio-core/context-runtime/src/scheduler/default_sched.cc:439 WARNING 1812139 LoadBalance [#785] lane rescues performed: 3[0m
[33m/home/cvazquezperezdelacru/clio-core/context-runtime/src/scheduler/default_sched.cc:430 WARNING 1812139 LoadBalance [#781 PDF] observed exec-time bins (cumulative): <10us=82255997 <50us=986935 <500us=29296 <10ms=19748 <50ms=338 <500ms=293 <1s=0 >=1s=1 | stalls_detected=3[0m
[33m/home/cvazquezperezdelacru/clio-core/context-runtime/src/scheduler/default_sched.cc:439 WARNING 1812139 LoadBalance [#785] lane rescues performed: 3[0m
[33m/home/cvazquezperezdelacru/clio-core/context-runtime/src/scheduler/default_sched.cc:430 WARNING 1812139 LoadBalance [#781 PDF] observed exec-time bins (cumulative): <10us=82320768 <50us=990354 <500us=29304 <10ms=19749 <50ms=338 <500ms=293 <1s=0 >=1s=1 | stalls_detected=3[0m
[33m/home/cvazquezperezdelacru/clio-core/context-runtime/src/scheduler/default_sched.cc:439 WARNING 1812139 LoadBalance [#785] lane rescues performed: 3[0m
[33m/home/cvazquezperezdelacru/clio-core/context-runtime/src/scheduler/default_sched.cc:430 WARNING 1812139 LoadBalance [#781 PDF] observed exec-time bins (cumulative): <10us=82385302 <50us=993778 <500us=29310 <10ms=19750 <50ms=338 <500ms=293 <1s=0 >=1s=1 | stalls_detected=3[0m
[33m/home/cvazquezperezdelacru/clio-core/context-runtime/src/scheduler/default_sched.cc:439 WARNING 1812139 LoadBalance [#785] lane rescues performed: 3[0m
[33m/home/cvazquezperezdelacru/clio-core/context-runtime/src/scheduler/default_sched.cc:430 WARNING 1812139 LoadBalance [#781 PDF] observed exec-time bins (cumulative): <10us=82450200 <50us=997126 <500us=29316 <10ms=19751 <50ms=338 <500ms=293 <1s=0 >=1s=1 | stalls_detected=3[0m
[33m/home/cvazquezperezdelacru/clio-core/context-runtime/src/scheduler/default_sched.cc:439 WARNING 1812139 LoadBalance [#785] lane rescues performed: 3[0m
[33m/home/cvazquezperezdelacru/clio-core/context-runtime/src/scheduler/default_sched.cc:430 WARNING 1812139 LoadBalance [#781 PDF] observed exec-time bins (cumulative): <10us=82515543 <50us=999756 <500us=29324 <10ms=19752 <50ms=338 <500ms=293 <1s=0 >=1s=1 | stalls_detected=3[0m
[33m/home/cvazquezperezdelacru/clio-core/context-runtime/src/scheduler/default_sched.cc:439 WARNING 1812139 LoadBalance [#785] lane rescues performed: 3[0m
[33m/home/cvazquezperezdelacru/clio-core/context-runtime/src/scheduler/default_sched.cc:430 WARNING 1812139 LoadBalance [#781 PDF] observed exec-time bins (cumulative): <10us=82579945 <50us=1003311 <500us=29332 <10ms=19753 <50ms=338 <500ms=293 <1s=0 >=1s=1 | stalls_detected=3[0m
[33m/home/cvazquezperezdelacru/clio-core/context-runtime/src/scheduler/default_sched.cc:439 WARNING 1812139 LoadBalance [#785] lane rescues performed: 3[0m
[33m/home/cvazquezperezdelacru/clio-core/context-runtime/src/scheduler/default_sched.cc:430 WARNING 1812139 LoadBalance [#781 PDF] observed exec-time bins (cumulative): <10us=82643955 <50us=1007068 <500us=29338 <10ms=19754 <50ms=338 <500ms=293 <1s=0 >=1s=1 | stalls_detected=3[0m
[33m/home/cvazquezperezdelacru/clio-core/context-runtime/src/scheduler/default_sched.cc:439 WARNING 1812139 LoadBalance [#785] lane rescues performed: 3[0m
[33m/home/cvazquezperezdelacru/clio-core/context-runtime/src/scheduler/default_sched.cc:430 WARNING 1812139 LoadBalance [#781 PDF] observed exec-time bins (cumulative): <10us=82710735 <50us=1008571 <500us=29347 <10ms=19755 <50ms=338 <500ms=293 <1s=0 >=1s=1 | stalls_detected=3[0m
[33m/home/cvazquezperezdelacru/clio-core/context-runtime/src/scheduler/default_sched.cc:439 WARNING 1812139 LoadBalance [#785] lane rescues performed: 3[0m
[33m/home/cvazquezperezdelacru/clio-core/context-runtime/src/scheduler/default_sched.cc:430 WARNING 1812139 LoadBalance [#781 PDF] observed exec-time bins (cumulative): <10us=82778908 <50us=1008963 <500us=29352 <10ms=19757 <50ms=338 <500ms=293 <1s=0 >=1s=1 | stalls_detected=3[0m
[33m/home/cvazquezperezdelacru/clio-core/context-runtime/src/scheduler/default_sched.cc:439 WARNING 1812139 LoadBalance [#785] lane rescues performed: 3[0m
[33m/home/cvazquezperezdelacru/clio-core/context-runtime/src/scheduler/default_sched.cc:430 WARNING 1812139 LoadBalance [#781 PDF] observed exec-time bins (cumulative): <10us=82847105 <50us=1009322 <500us=29362 <10ms=19758 <50ms=338 <500ms=293 <1s=0 >=1s=1 | stalls_detected=3[0m
[33m/home/cvazquezperezdelacru/clio-core/context-runtime/src/scheduler/default_sched.cc:439 WARNING 1812139 LoadBalance [#785] lane rescues performed: 3[0m
[33m/home/cvazquezperezdelacru/clio-core/context-runtime/src/scheduler/default_sched.cc:430 WARNING 1812139 LoadBalance [#781 PDF] observed exec-time bins (cumulative): <10us=82915423 <50us=1009595 <500us=29368 <10ms=19760 <50ms=338 <500ms=293 <1s=0 >=1s=1 | stalls_detected=3[0m
[33m/home/cvazquezperezdelacru/clio-core/context-runtime/src/scheduler/default_sched.cc:439 WARNING 1812139 LoadBalance [#785] lane rescues performed: 3[0m
[33m/home/cvazquezperezdelacru/clio-core/context-runtime/src/scheduler/default_sched.cc:430 WARNING 1812139 LoadBalance [#781 PDF] observed exec-time bins (cumulative): <10us=82983783 <50us=1009831 <500us=29377 <10ms=19762 <50ms=338 <500ms=293 <1s=0 >=1s=1 | stalls_detected=3[0m
[33m/home/cvazquezperezdelacru/clio-core/context-runtime/src/scheduler/default_sched.cc:439 WARNING 1812139 LoadBalance [#785] lane rescues performed: 3[0m
[33m/home/cvazquezperezdelacru/clio-core/context-runtime/src/scheduler/default_sched.cc:430 WARNING 1812139 LoadBalance [#781 PDF] observed exec-time bins (cumulative): <10us=83052108 <50us=1010085 <500us=29385 <10ms=19763 <50ms=338 <500ms=293 <1s=0 >=1s=1 | stalls_detected=3[0m
[33m/home/cvazquezperezdelacru/clio-core/context-runtime/src/scheduler/default_sched.cc:439 WARNING 1812139 LoadBalance [#785] lane rescues performed: 3[0m
[33m/home/cvazquezperezdelacru/clio-core/context-runtime/src/scheduler/default_sched.cc:430 WARNING 1812139 LoadBalance [#781 PDF] observed exec-time bins (cumulative): <10us=83120433 <50us=1010362 <500us=29394 <10ms=19764 <50ms=338 <500ms=293 <1s=0 >=1s=1 | stalls_detected=3[0m
[33m/home/cvazquezperezdelacru/clio-core/context-runtime/src/scheduler/default_sched.cc:439 WARNING 1812139 LoadBalance [#785] lane rescues performed: 3[0m
[33m/home/cvazquezperezdelacru/clio-core/context-runtime/src/scheduler/default_sched.cc:430 WARNING 1812139 LoadBalance [#781 PDF] observed exec-time bins (cumulative): <10us=83188639 <50us=1010664 <500us=29402 <10ms=19765 <50ms=338 <500ms=293 <1s=0 >=1s=1 | stalls_detected=3[0m
[33m/home/cvazquezperezdelacru/clio-core/context-runtime/src/scheduler/default_sched.cc:439 WARNING 1812139 LoadBalance [#785] lane rescues performed: 3[0m
[33m/home/cvazquezperezdelacru/clio-core/context-runtime/src/scheduler/default_sched.cc:430 WARNING 1812139 LoadBalance [#781 PDF] observed exec-time bins (cumulative): <10us=83256798 <50us=1010931 <500us=29408 <10ms=19766 <50ms=338 <500ms=293 <1s=0 >=1s=1 | stalls_detected=3[0m
[33m/home/cvazquezperezdelacru/clio-core/context-runtime/src/scheduler/default_sched.cc:439 WARNING 1812139 LoadBalance [#785] lane rescues performed: 3[0m
[33m/home/cvazquezperezdelacru/clio-core/context-runtime/src/scheduler/default_sched.cc:430 WARNING 1812139 LoadBalance [#781 PDF] observed exec-time bins (cumulative): <10us=83324889 <50us=1011293 <500us=29414 <10ms=19767 <50ms=338 <500ms=293 <1s=0 >=1s=1 | stalls_detected=3[0m
[33m/home/cvazquezperezdelacru/clio-core/context-runtime/src/scheduler/default_sched.cc:439 WARNING 1812139 LoadBalance [#785] lane rescues performed: 3[0m
[33m/home/cvazquezperezdelacru/clio-core/context-runtime/src/scheduler/default_sched.cc:430 WARNING 1812139 LoadBalance [#781 PDF] observed exec-time bins (cumulative): <10us=83393105 <50us=1011503 <500us=29423 <10ms=19768 <50ms=338 <500ms=293 <1s=0 >=1s=1 | stalls_detected=3[0m
[33m/home/cvazquezperezdelacru/clio-core/context-runtime/src/scheduler/default_sched.cc:439 WARNING 1812139 LoadBalance [#785] lane rescues performed: 3[0m
[33m/home/cvazquezperezdelacru/clio-core/context-runtime/src/scheduler/default_sched.cc:430 WARNING 1812139 LoadBalance [#781 PDF] observed exec-time bins (cumulative): <10us=83461373 <50us=1011789 <500us=29430 <10ms=19769 <50ms=338 <500ms=293 <1s=0 >=1s=1 | stalls_detected=3[0m
[33m/home/cvazquezperezdelacru/clio-core/context-runtime/src/scheduler/default_sched.cc:439 WARNING 1812139 LoadBalance [#785] lane rescues performed: 3[0m
[33m/home/cvazquezperezdelacru/clio-core/context-runtime/src/scheduler/default_sched.cc:430 WARNING 1812139 LoadBalance [#781 PDF] observed exec-time bins (cumulative): <10us=83526880 <50us=1014304 <500us=29440 <10ms=19770 <50ms=338 <500ms=293 <1s=0 >=1s=1 | stalls_detected=3[0m
[33m/home/cvazquezperezdelacru/clio-core/context-runtime/src/scheduler/default_sched.cc:439 WARNING 1812139 LoadBalance [#785] lane rescues performed: 3[0m
[33m/home/cvazquezperezdelacru/clio-core/context-runtime/src/scheduler/default_sched.cc:430 WARNING 1812139 LoadBalance [#781 PDF] observed exec-time bins (cumulative): <10us=83594245 <50us=1015414 <500us=29449 <10ms=19771 <50ms=338 <500ms=293 <1s=0 >=1s=1 | stalls_detected=3[0m
[33m/home/cvazquezperezdelacru/clio-core/context-runtime/src/scheduler/default_sched.cc:439 WARNING 1812139 LoadBalance [#785] lane rescues performed: 3[0m
[33m/home/cvazquezperezdelacru/clio-core/context-runtime/src/scheduler/default_sched.cc:430 WARNING 1812139 LoadBalance [#781 PDF] observed exec-time bins (cumulative): <10us=83660063 <50us=1017747 <500us=29455 <10ms=19772 <50ms=338 <500ms=293 <1s=0 >=1s=1 | stalls_detected=3[0m
[33m/home/cvazquezperezdelacru/clio-core/context-runtime/src/scheduler/default_sched.cc:439 WARNING 1812139 LoadBalance [#785] lane rescues performed: 3[0m
[33m/home/cvazquezperezdelacru/clio-core/context-runtime/src/scheduler/default_sched.cc:430 WARNING 1812139 LoadBalance [#781 PDF] observed exec-time bins (cumulative): <10us=83726930 <50us=1019396 <500us=29465 <10ms=19773 <50ms=338 <500ms=293 <1s=0 >=1s=1 | stalls_detected=3[0m
[33m/home/cvazquezperezdelacru/clio-core/context-runtime/src/scheduler/default_sched.cc:439 WARNING 1812139 LoadBalance [#785] lane rescues performed: 3[0m
[33m/home/cvazquezperezdelacru/clio-core/context-runtime/src/scheduler/default_sched.cc:430 WARNING 1812139 LoadBalance [#781 PDF] observed exec-time bins (cumulative): <10us=83794948 <50us=1019925 <500us=29474 <10ms=19774 <50ms=338 <500ms=293 <1s=0 >=1s=1 | stalls_detected=3[0m
[33m/home/cvazquezperezdelacru/clio-core/context-runtime/src/scheduler/default_sched.cc:439 WARNING 1812139 LoadBalance [#785] lane rescues performed: 3[0m
[33m/home/cvazquezperezdelacru/clio-core/context-runtime/src/scheduler/default_sched.cc:430 WARNING 1812139 LoadBalance [#781 PDF] observed exec-time bins (cumulative): <10us=83861031 <50us=1022065 <500us=29481 <10ms=19775 <50ms=338 <500ms=293 <1s=0 >=1s=1 | stalls_detected=3[0m
[33m/home/cvazquezperezdelacru/clio-core/context-runtime/src/scheduler/default_sched.cc:439 WARNING 1812139 LoadBalance [#785] lane rescues performed: 3[0m
[33m/home/cvazquezperezdelacru/clio-core/context-runtime/src/scheduler/default_sched.cc:430 WARNING 1812139 LoadBalance [#781 PDF] observed exec-time bins (cumulative): <10us=83928973 <50us=1022632 <500us=29486 <10ms=19776 <50ms=338 <500ms=293 <1s=0 >=1s=1 | stalls_detected=3[0m
[33m/home/cvazquezperezdelacru/clio-core/context-runtime/src/scheduler/default_sched.cc:439 WARNING 1812139 LoadBalance [#785] lane rescues performed: 3[0m
[33m/home/cvazquezperezdelacru/clio-core/context-runtime/src/scheduler/default_sched.cc:430 WARNING 1812139 LoadBalance [#781 PDF] observed exec-time bins (cumulative): <10us=83996467 <50us=1023681 <500us=29494 <10ms=19777 <50ms=338 <500ms=293 <1s=0 >=1s=1 | stalls_detected=3[0m
[33m/home/cvazquezperezdelacru/clio-core/context-runtime/src/scheduler/default_sched.cc:439 WARNING 1812139 LoadBalance [#785] lane rescues performed: 3[0m
[33m/home/cvazquezperezdelacru/clio-core/context-runtime/src/scheduler/default_sched.cc:430 WARNING 1812139 LoadBalance [#781 PDF] observed exec-time bins (cumulative): <10us=84064618 <50us=1024091 <500us=29500 <10ms=19779 <50ms=338 <500ms=293 <1s=0 >=1s=1 | stalls_detected=3[0m
[33m/home/cvazquezperezdelacru/clio-core/context-runtime/src/scheduler/default_sched.cc:439 WARNING 1812139 LoadBalance [#785] lane rescues performed: 3[0m
[33m/home/cvazquezperezdelacru/clio-core/context-runtime/src/scheduler/default_sched.cc:430 WARNING 1812139 LoadBalance [#781 PDF] observed exec-time bins (cumulative): <10us=84132754 <50us=1024511 <500us=29508 <10ms=19780 <50ms=338 <500ms=293 <1s=0 >=1s=1 | stalls_detected=3[0m
[33m/home/cvazquezperezdelacru/clio-core/context-runtime/src/scheduler/default_sched.cc:439 WARNING 1812139 LoadBalance [#785] lane rescues performed: 3[0m
[33m/home/cvazquezperezdelacru/clio-core/context-runtime/src/scheduler/default_sched.cc:430 WARNING 1812139 LoadBalance [#781 PDF] observed exec-time bins (cumulative): <10us=84200942 <50us=1024901 <500us=29516 <10ms=19782 <50ms=338 <500ms=293 <1s=0 >=1s=1 | stalls_detected=3[0m
[33m/home/cvazquezperezdelacru/clio-core/context-runtime/src/scheduler/default_sched.cc:439 WARNING 1812139 LoadBalance [#785] lane rescues performed: 3[0m
[33m/home/cvazquezperezdelacru/clio-core/context-runtime/src/scheduler/default_sched.cc:430 WARNING 1812139 LoadBalance [#781 PDF] observed exec-time bins (cumulative): <10us=84269187 <50us=1025143 <500us=29522 <10ms=19784 <50ms=338 <500ms=293 <1s=0 >=1s=1 | stalls_detected=3[0m
[33m/home/cvazquezperezdelacru/clio-core/context-runtime/src/scheduler/default_sched.cc:439 WARNING 1812139 LoadBalance [#785] lane rescues performed: 3[0m
[33m/home/cvazquezperezdelacru/clio-core/context-runtime/src/scheduler/default_sched.cc:430 WARNING 1812139 LoadBalance [#781 PDF] observed exec-time bins (cumulative): <10us=84337367 <50us=1025388 <500us=29531 <10ms=19785 <50ms=338 <500ms=293 <1s=0 >=1s=1 | stalls_detected=3[0m
[33m/home/cvazquezperezdelacru/clio-core/context-runtime/src/scheduler/default_sched.cc:439 WARNING 1812139 LoadBalance [#785] lane rescues performed: 3[0m
[33m/home/cvazquezperezdelacru/clio-core/context-runtime/src/scheduler/default_sched.cc:430 WARNING 1812139 LoadBalance [#781 PDF] observed exec-time bins (cumulative): <10us=84405279 <50us=1025882 <500us=29540 <10ms=19786 <50ms=338 <500ms=293 <1s=0 >=1s=1 | stalls_detected=3[0m
[33m/home/cvazquezperezdelacru/clio-core/context-runtime/src/scheduler/default_sched.cc:439 WARNING 1812139 LoadBalance [#785] lane rescues performed: 3[0m
[33m/home/cvazquezperezdelacru/clio-core/context-runtime/src/scheduler/default_sched.cc:430 WARNING 1812139 LoadBalance [#781 PDF] observed exec-time bins (cumulative): <10us=84473280 <50us=1026145 <500us=29549 <10ms=19787 <50ms=338 <500ms=293 <1s=0 >=1s=1 | stalls_detected=3[0m
[33m/home/cvazquezperezdelacru/clio-core/context-runtime/src/scheduler/default_sched.cc:439 WARNING 1812139 LoadBalance [#785] lane rescues performed: 3[0m
[33m/home/cvazquezperezdelacru/clio-core/context-runtime/src/scheduler/default_sched.cc:430 WARNING 1812139 LoadBalance [#781 PDF] observed exec-time bins (cumulative): <10us=84541350 <50us=1026481 <500us=29556 <10ms=19789 <50ms=338 <500ms=293 <1s=0 >=1s=1 | stalls_detected=3[0m
[33m/home/cvazquezperezdelacru/clio-core/context-runtime/src/scheduler/default_sched.cc:439 WARNING 1812139 LoadBalance [#785] lane rescues performed: 3[0m
[33m/home/cvazquezperezdelacru/clio-core/context-runtime/src/scheduler/default_sched.cc:430 WARNING 1812139 LoadBalance [#781 PDF] observed exec-time bins (cumulative): <10us=84609431 <50us=1026929 <500us=29565 <10ms=19790 <50ms=338 <500ms=293 <1s=0 >=1s=1 | stalls_detected=3[0m
[33m/home/cvazquezperezdelacru/clio-core/context-runtime/src/scheduler/default_sched.cc:439 WARNING 1812139 LoadBalance [#785] lane rescues performed: 3[0m
[33m/home/cvazquezperezdelacru/clio-core/context-runtime/src/scheduler/default_sched.cc:430 WARNING 1812139 LoadBalance [#781 PDF] observed exec-time bins (cumulative): <10us=84677469 <50us=1027292 <500us=29572 <10ms=19791 <50ms=338 <500ms=293 <1s=0 >=1s=1 | stalls_detected=3[0m
[33m/home/cvazquezperezdelacru/clio-core/context-runtime/src/scheduler/default_sched.cc:439 WARNING 1812139 LoadBalance [#785] lane rescues performed: 3[0m
[33m/home/cvazquezperezdelacru/clio-core/context-runtime/src/scheduler/default_sched.cc:430 WARNING 1812139 LoadBalance [#781 PDF] observed exec-time bins (cumulative): <10us=84745388 <50us=1027641 <500us=29579 <10ms=19792 <50ms=338 <500ms=293 <1s=0 >=1s=1 | stalls_detected=3[0m
[33m/home/cvazquezperezdelacru/clio-core/context-runtime/src/scheduler/default_sched.cc:439 WARNING 1812139 LoadBalance [#785] lane rescues performed: 3[0m
[33m/home/cvazquezperezdelacru/clio-core/context-runtime/src/scheduler/default_sched.cc:430 WARNING 1812139 LoadBalance [#781 PDF] observed exec-time bins (cumulative): <10us=84813095 <50us=1028249 <500us=29587 <10ms=19793 <50ms=338 <500ms=293 <1s=0 >=1s=1 | stalls_detected=3[0m
[33m/home/cvazquezperezdelacru/clio-core/context-runtime/src/scheduler/default_sched.cc:439 WARNING 1812139 LoadBalance [#785] lane rescues performed: 3[0m
[33m/home/cvazquezperezdelacru/clio-core/context-runtime/src/scheduler/default_sched.cc:430 WARNING 1812139 LoadBalance [#781 PDF] observed exec-time bins (cumulative): <10us=84881141 <50us=1028636 <500us=29593 <10ms=19795 <50ms=338 <500ms=293 <1s=0 >=1s=1 | stalls_detected=3[0m
[33m/home/cvazquezperezdelacru/clio-core/context-runtime/src/scheduler/default_sched.cc:439 WARNING 1812139 LoadBalance [#785] lane rescues performed: 3[0m
[33m/home/cvazquezperezdelacru/clio-core/context-runtime/src/scheduler/default_sched.cc:430 WARNING 1812139 LoadBalance [#781 PDF] observed exec-time bins (cumulative): <10us=84948993 <50us=1029073 <500us=29601 <10ms=19798 <50ms=338 <500ms=293 <1s=0 >=1s=1 | stalls_detected=3[0m
[33m/home/cvazquezperezdelacru/clio-core/context-runtime/src/scheduler/default_sched.cc:439 WARNING 1812139 LoadBalance [#785] lane rescues performed: 3[0m
[33m/home/cvazquezperezdelacru/clio-core/context-runtime/src/scheduler/default_sched.cc:430 WARNING 1812139 LoadBalance [#781 PDF] observed exec-time bins (cumulative): <10us=85017220 <50us=1029334 <500us=29606 <10ms=19799 <50ms=338 <500ms=293 <1s=0 >=1s=1 | stalls_detected=3[0m
[33m/home/cvazquezperezdelacru/clio-core/context-runtime/src/scheduler/default_sched.cc:439 WARNING 1812139 LoadBalance [#785] lane rescues performed: 3[0m
[33m/home/cvazquezperezdelacru/clio-core/context-runtime/src/scheduler/default_sched.cc:430 WARNING 1812139 LoadBalance [#781 PDF] observed exec-time bins (cumulative): <10us=85085527 <50us=1029568 <500us=29615 <10ms=19800 <50ms=338 <500ms=293 <1s=0 >=1s=1 | stalls_detected=3[0m
[33m/home/cvazquezperezdelacru/clio-core/context-runtime/src/scheduler/default_sched.cc:439 WARNING 1812139 LoadBalance [#785] lane rescues performed: 3[0m
[33m/home/cvazquezperezdelacru/clio-core/context-runtime/src/scheduler/default_sched.cc:430 WARNING 1812139 LoadBalance [#781 PDF] observed exec-time bins (cumulative): <10us=85153859 <50us=1029813 <500us=29622 <10ms=19802 <50ms=338 <500ms=293 <1s=0 >=1s=1 | stalls_detected=3[0m
[33m/home/cvazquezperezdelacru/clio-core/context-runtime/src/scheduler/default_sched.cc:439 WARNING 1812139 LoadBalance [#785] lane rescues performed: 3[0m
[33m/home/cvazquezperezdelacru/clio-core/context-runtime/src/scheduler/default_sched.cc:430 WARNING 1812139 LoadBalance [#781 PDF] observed exec-time bins (cumulative): <10us=85222126 <50us=1030129 <500us=29630 <10ms=19804 <50ms=338 <500ms=293 <1s=0 >=1s=1 | stalls_detected=3[0m
[33m/home/cvazquezperezdelacru/clio-core/context-runtime/src/scheduler/default_sched.cc:439 WARNING 1812139 LoadBalance [#785] lane rescues performed: 3[0m
[33m/home/cvazquezperezdelacru/clio-core/context-runtime/src/scheduler/default_sched.cc:430 WARNING 1812139 LoadBalance [#781 PDF] observed exec-time bins (cumulative): <10us=85290053 <50us=1030802 <500us=29637 <10ms=19805 <50ms=338 <500ms=293 <1s=0 >=1s=1 | stalls_detected=3[0m
[33m/home/cvazquezperezdelacru/clio-core/context-runtime/src/scheduler/default_sched.cc:439 WARNING 1812139 LoadBalance [#785] lane rescues performed: 3[0m
[33m/home/cvazquezperezdelacru/clio-core/context-runtime/src/scheduler/default_sched.cc:430 WARNING 1812139 LoadBalance [#781 PDF] observed exec-time bins (cumulative): <10us=85357830 <50us=1031579 <500us=29646 <10ms=19807 <50ms=338 <500ms=293 <1s=0 >=1s=1 | stalls_detected=3[0m
[33m/home/cvazquezperezdelacru/clio-core/context-runtime/src/scheduler/default_sched.cc:439 WARNING 1812139 LoadBalance [#785] lane rescues performed: 3[0m
[33m/home/cvazquezperezdelacru/clio-core/context-runtime/src/scheduler/default_sched.cc:430 WARNING 1812139 LoadBalance [#781 PDF] observed exec-time bins (cumulative): <10us=85425454 <50us=1032490 <500us=29653 <10ms=19808 <50ms=338 <500ms=293 <1s=0 >=1s=1 | stalls_detected=3[0m
[33m/home/cvazquezperezdelacru/clio-core/context-runtime/src/scheduler/default_sched.cc:439 WARNING 1812139 LoadBalance [#785] lane rescues performed: 3[0m
[33m/home/cvazquezperezdelacru/clio-core/context-runtime/src/scheduler/default_sched.cc:430 WARNING 1812139 LoadBalance [#781 PDF] observed exec-time bins (cumulative): <10us=85493278 <50us=1033207 <500us=29660 <10ms=19809 <50ms=338 <500ms=293 <1s=0 >=1s=1 | stalls_detected=3[0m
[33m/home/cvazquezperezdelacru/clio-core/context-runtime/src/scheduler/default_sched.cc:439 WARNING 1812139 LoadBalance [#785] lane rescues performed: 3[0m
[33m/home/cvazquezperezdelacru/clio-core/context-runtime/src/scheduler/default_sched.cc:430 WARNING 1812139 LoadBalance [#781 PDF] observed exec-time bins (cumulative): <10us=85561035 <50us=1033630 <500us=29666 <10ms=19810 <50ms=338 <500ms=293 <1s=0 >=1s=1 | stalls_detected=3[0m
[33m/home/cvazquezperezdelacru/clio-core/context-runtime/src/scheduler/default_sched.cc:439 WARNING 1812139 LoadBalance [#785] lane rescues performed: 3[0m
[33m/home/cvazquezperezdelacru/clio-core/context-runtime/src/scheduler/default_sched.cc:430 WARNING 1812139 LoadBalance [#781 PDF] observed exec-time bins (cumulative): <10us=85629279 <50us=1033929 <500us=29676 <10ms=19811 <50ms=338 <500ms=293 <1s=0 >=1s=1 | stalls_detected=3[0m
[33m/home/cvazquezperezdelacru/clio-core/context-runtime/src/scheduler/default_sched.cc:439 WARNING 1812139 LoadBalance [#785] lane rescues performed: 3[0m
[33m/home/cvazquezperezdelacru/clio-core/context-runtime/src/scheduler/default_sched.cc:430 WARNING 1812139 LoadBalance [#781 PDF] observed exec-time bins (cumulative): <10us=85697535 <50us=1034229 <500us=29683 <10ms=19812 <50ms=338 <500ms=293 <1s=0 >=1s=1 | stalls_detected=3[0m
[33m/home/cvazquezperezdelacru/clio-core/context-runtime/src/scheduler/default_sched.cc:439 WARNING 1812139 LoadBalance [#785] lane rescues performed: 3[0m
[33m/home/cvazquezperezdelacru/clio-core/context-runtime/src/scheduler/default_sched.cc:430 WARNING 1812139 LoadBalance [#781 PDF] observed exec-time bins (cumulative): <10us=85765794 <50us=1034498 <500us=29690 <10ms=19814 <50ms=338 <500ms=293 <1s=0 >=1s=1 | stalls_detected=3[0m
[33m/home/cvazquezperezdelacru/clio-core/context-runtime/src/scheduler/default_sched.cc:439 WARNING 1812139 LoadBalance [#785] lane rescues performed: 3[0m
[33m/home/cvazquezperezdelacru/clio-core/context-runtime/src/scheduler/default_sched.cc:430 WARNING 1812139 LoadBalance [#781 PDF] observed exec-time bins (cumulative): <10us=85834089 <50us=1034738 <500us=29697 <10ms=19815 <50ms=338 <500ms=293 <1s=0 >=1s=1 | stalls_detected=3[0m
[33m/home/cvazquezperezdelacru/clio-core/context-runtime/src/scheduler/default_sched.cc:439 WARNING 1812139 LoadBalance [#785] lane rescues performed: 3[0m
[33m/home/cvazquezperezdelacru/clio-core/context-runtime/src/scheduler/default_sched.cc:430 WARNING 1812139 LoadBalance [#781 PDF] observed exec-time bins (cumulative): <10us=85901975 <50us=1035359 <500us=29706 <10ms=19816 <50ms=338 <500ms=293 <1s=0 >=1s=1 | stalls_detected=3[0m
[33m/home/cvazquezperezdelacru/clio-core/context-runtime/src/scheduler/default_sched.cc:439 WARNING 1812139 LoadBalance [#785] lane rescues performed: 3[0m
[33m/home/cvazquezperezdelacru/clio-core/context-runtime/src/scheduler/default_sched.cc:430 WARNING 1812139 LoadBalance [#781 PDF] observed exec-time bins (cumulative): <10us=85970142 <50us=1035855 <500us=29715 <10ms=19817 <50ms=338 <500ms=293 <1s=0 >=1s=1 | stalls_detected=3[0m
[33m/home/cvazquezperezdelacru/clio-core/context-runtime/src/scheduler/default_sched.cc:439 WARNING 1812139 LoadBalance [#785] lane rescues performed: 3[0m
[33m/home/cvazquezperezdelacru/clio-core/context-runtime/src/scheduler/default_sched.cc:430 WARNING 1812139 LoadBalance [#781 PDF] observed exec-time bins (cumulative): <10us=86038072 <50us=1036529 <500us=29722 <10ms=19819 <50ms=338 <500ms=293 <1s=0 >=1s=1 | stalls_detected=3[0m
[33m/home/cvazquezperezdelacru/clio-core/context-runtime/src/scheduler/default_sched.cc:439 WARNING 1812139 LoadBalance [#785] lane rescues performed: 3[0m
[33m/home/cvazquezperezdelacru/clio-core/context-runtime/src/scheduler/default_sched.cc:430 WARNING 1812139 LoadBalance [#781 PDF] observed exec-time bins (cumulative): <10us=86106220 <50us=1036886 <500us=29729 <10ms=19820 <50ms=338 <500ms=293 <1s=0 >=1s=1 | stalls_detected=3[0m
[33m/home/cvazquezperezdelacru/clio-core/context-runtime/src/scheduler/default_sched.cc:439 WARNING 1812139 LoadBalance [#785] lane rescues performed: 3[0m
[33m/home/cvazquezperezdelacru/clio-core/context-runtime/src/scheduler/default_sched.cc:430 WARNING 1812139 LoadBalance [#781 PDF] observed exec-time bins (cumulative): <10us=86174437 <50us=1037055 <500us=29736 <10ms=19821 <50ms=338 <500ms=293 <1s=0 >=1s=1 | stalls_detected=3[0m
[33m/home/cvazquezperezdelacru/clio-core/context-runtime/src/scheduler/default_sched.cc:439 WARNING 1812139 LoadBalance [#785] lane rescues performed: 3[0m
[33m/home/cvazquezperezdelacru/clio-core/context-runtime/src/scheduler/default_sched.cc:430 WARNING 1812139 LoadBalance [#781 PDF] observed exec-time bins (cumulative): <10us=86240314 <50us=1039539 <500us=29746 <10ms=19822 <50ms=338 <500ms=293 <1s=0 >=1s=1 | stalls_detected=3[0m
[33m/home/cvazquezperezdelacru/clio-core/context-runtime/src/scheduler/default_sched.cc:439 WARNING 1812139 LoadBalance [#785] lane rescues performed: 3[0m
[33m/home/cvazquezperezdelacru/clio-core/context-runtime/src/scheduler/default_sched.cc:430 WARNING 1812139 LoadBalance [#781 PDF] observed exec-time bins (cumulative): <10us=86306969 <50us=1040992 <500us=29753 <10ms=19824 <50ms=338 <500ms=293 <1s=0 >=1s=1 | stalls_detected=3[0m
[33m/home/cvazquezperezdelacru/clio-core/context-runtime/src/scheduler/default_sched.cc:439 WARNING 1812139 LoadBalance [#785] lane rescues performed: 3[0m
[33m/home/cvazquezperezdelacru/clio-core/context-runtime/src/scheduler/default_sched.cc:430 WARNING 1812139 LoadBalance [#781 PDF] observed exec-time bins (cumulative): <10us=86374389 <50us=1041997 <500us=29760 <10ms=19825 <50ms=338 <500ms=293 <1s=0 >=1s=1 | stalls_detected=3[0m
[33m/home/cvazquezperezdelacru/clio-core/context-runtime/src/scheduler/default_sched.cc:439 WARNING 1812139 LoadBalance [#785] lane rescues performed: 3[0m
[33m/home/cvazquezperezdelacru/clio-core/context-runtime/src/scheduler/default_sched.cc:430 WARNING 1812139 LoadBalance [#781 PDF] observed exec-time bins (cumulative): <10us=86441739 <50us=1042779 <500us=29769 <10ms=19826 <50ms=338 <500ms=293 <1s=0 >=1s=1 | stalls_detected=3[0m
[33m/home/cvazquezperezdelacru/clio-core/context-runtime/src/scheduler/default_sched.cc:439 WARNING 1812139 LoadBalance [#785] lane rescues performed: 3[0m
[33m/home/cvazquezperezdelacru/clio-core/context-runtime/src/scheduler/default_sched.cc:430 WARNING 1812139 LoadBalance [#781 PDF] observed exec-time bins (cumulative): <10us=86509780 <50us=1043194 <500us=29775 <10ms=19827 <50ms=338 <500ms=293 <1s=0 >=1s=1 | stalls_detected=3[0m
[33m/home/cvazquezperezdelacru/clio-core/context-runtime/src/scheduler/default_sched.cc:439 WARNING 1812139 LoadBalance [#785] lane rescues performed: 3[0m
[33m/home/cvazquezperezdelacru/clio-core/context-runtime/src/scheduler/default_sched.cc:430 WARNING 1812139 LoadBalance [#781 PDF] observed exec-time bins (cumulative): <10us=86577990 <50us=1043576 <500us=29783 <10ms=19828 <50ms=338 <500ms=293 <1s=0 >=1s=1 | stalls_detected=3[0m
[33m/home/cvazquezperezdelacru/clio-core/context-runtime/src/scheduler/default_sched.cc:439 WARNING 1812139 LoadBalance [#785] lane rescues performed: 3[0m
[33m/home/cvazquezperezdelacru/clio-core/context-runtime/src/scheduler/default_sched.cc:430 WARNING 1812139 LoadBalance [#781 PDF] observed exec-time bins (cumulative): <10us=86646195 <50us=1043983 <500us=29789 <10ms=19829 <50ms=338 <500ms=293 <1s=0 >=1s=1 | stalls_detected=3[0m
[33m/home/cvazquezperezdelacru/clio-core/context-runtime/src/scheduler/default_sched.cc:439 WARNING 1812139 LoadBalance [#785] lane rescues performed: 3[0m
[33m/home/cvazquezperezdelacru/clio-core/context-runtime/src/scheduler/default_sched.cc:430 WARNING 1812139 LoadBalance [#781 PDF] observed exec-time bins (cumulative): <10us=86714548 <50us=1044216 <500us=29795 <10ms=19831 <50ms=338 <500ms=293 <1s=0 >=1s=1 | stalls_detected=3[0m
[33m/home/cvazquezperezdelacru/clio-core/context-runtime/src/scheduler/default_sched.cc:439 WARNING 1812139 LoadBalance [#785] lane rescues performed: 3[0m
[33m/home/cvazquezperezdelacru/clio-core/context-runtime/src/scheduler/default_sched.cc:430 WARNING 1812139 LoadBalance [#781 PDF] observed exec-time bins (cumulative): <10us=86782861 <50us=1044420 <500us=29804 <10ms=19833 <50ms=338 <500ms=293 <1s=0 >=1s=1 | stalls_detected=3[0m
[33m/home/cvazquezperezdelacru/clio-core/context-runtime/src/scheduler/default_sched.cc:439 WARNING 1812139 LoadBalance [#785] lane rescues performed: 3[0m
[33m/home/cvazquezperezdelacru/clio-core/context-runtime/src/scheduler/default_sched.cc:430 WARNING 1812139 LoadBalance [#781 PDF] observed exec-time bins (cumulative): <10us=86851220 <50us=1044626 <500us=29811 <10ms=19834 <50ms=338 <500ms=293 <1s=0 >=1s=1 | stalls_detected=3[0m
[33m/home/cvazquezperezdelacru/clio-core/context-runtime/src/scheduler/default_sched.cc:439 WARNING 1812139 LoadBalance [#785] lane rescues performed: 3[0m
[33m/home/cvazquezperezdelacru/clio-core/context-runtime/src/scheduler/default_sched.cc:430 WARNING 1812139 LoadBalance [#781 PDF] observed exec-time bins (cumulative): <10us=86919521 <50us=1044873 <500us=29820 <10ms=19835 <50ms=338 <500ms=293 <1s=0 >=1s=1 | stalls_detected=3[0m
[33m/home/cvazquezperezdelacru/clio-core/context-runtime/src/scheduler/default_sched.cc:439 WARNING 1812139 LoadBalance [#785] lane rescues performed: 3[0m
[33m/home/cvazquezperezdelacru/clio-core/context-runtime/src/scheduler/default_sched.cc:430 WARNING 1812139 LoadBalance [#781 PDF] observed exec-time bins (cumulative): <10us=86987831 <50us=1045123 <500us=29829 <10ms=19836 <50ms=338 <500ms=293 <1s=0 >=1s=1 | stalls_detected=3[0m
[33m/home/cvazquezperezdelacru/clio-core/context-runtime/src/scheduler/default_sched.cc:439 WARNING 1812139 LoadBalance [#785] lane rescues performed: 3[0m
[33m/home/cvazquezperezdelacru/clio-core/context-runtime/src/scheduler/default_sched.cc:430 WARNING 1812139 LoadBalance [#781 PDF] observed exec-time bins (cumulative): <10us=87054075 <50us=1046070 <500us=29835 <10ms=19838 <50ms=338 <500ms=293 <1s=0 >=1s=1 | stalls_detected=3[0m
[33m/home/cvazquezperezdelacru/clio-core/context-runtime/src/scheduler/default_sched.cc:439 WARNING 1812139 LoadBalance [#785] lane rescues performed: 3[0m
[33m/home/cvazquezperezdelacru/clio-core/context-runtime/src/scheduler/default_sched.cc:430 WARNING 1812139 LoadBalance [#781 PDF] observed exec-time bins (cumulative): <10us=87122053 <50us=1046405 <500us=29844 <10ms=19839 <50ms=338 <500ms=293 <1s=0 >=1s=1 | stalls_detected=3[0m
[33m/home/cvazquezperezdelacru/clio-core/context-runtime/src/scheduler/default_sched.cc:439 WARNING 1812139 LoadBalance [#785] lane rescues performed: 3[0m
[33m/home/cvazquezperezdelacru/clio-core/context-runtime/src/scheduler/default_sched.cc:430 WARNING 1812139 LoadBalance [#781 PDF] observed exec-time bins (cumulative): <10us=87190315 <50us=1046659 <500us=29850 <10ms=19842 <50ms=338 <500ms=293 <1s=0 >=1s=1 | stalls_detected=3[0m
[33m/home/cvazquezperezdelacru/clio-core/context-runtime/src/scheduler/default_sched.cc:439 WARNING 1812139 LoadBalance [#785] lane rescues performed: 3[0m
[33m/home/cvazquezperezdelacru/clio-core/context-runtime/src/scheduler/default_sched.cc:430 WARNING 1812139 LoadBalance [#781 PDF] observed exec-time bins (cumulative): <10us=87258677 <50us=1046882 <500us=29857 <10ms=19843 <50ms=338 <500ms=293 <1s=0 >=1s=1 | stalls_detected=3[0m
[33m/home/cvazquezperezdelacru/clio-core/context-runtime/src/scheduler/default_sched.cc:439 WARNING 1812139 LoadBalance [#785] lane rescues performed: 3[0m
[33m/home/cvazquezperezdelacru/clio-core/context-runtime/src/scheduler/default_sched.cc:430 WARNING 1812139 LoadBalance [#781 PDF] observed exec-time bins (cumulative): <10us=87326960 <50us=1047120 <500us=29864 <10ms=19845 <50ms=338 <500ms=293 <1s=0 >=1s=1 | stalls_detected=3[0m
[33m/home/cvazquezperezdelacru/clio-core/context-runtime/src/scheduler/default_sched.cc:439 WARNING 1812139 LoadBalance [#785] lane rescues performed: 3[0m
[33m/home/cvazquezperezdelacru/clio-core/context-runtime/src/scheduler/default_sched.cc:430 WARNING 1812139 LoadBalance [#781 PDF] observed exec-time bins (cumulative): <10us=87395215 <50us=1047390 <500us=29872 <10ms=19846 <50ms=338 <500ms=293 <1s=0 >=1s=1 | stalls_detected=3[0m
[33m/home/cvazquezperezdelacru/clio-core/context-runtime/src/scheduler/default_sched.cc:439 WARNING 1812139 LoadBalance [#785] lane rescues performed: 3[0m
[33m/home/cvazquezperezdelacru/clio-core/context-runtime/src/scheduler/default_sched.cc:430 WARNING 1812139 LoadBalance [#781 PDF] observed exec-time bins (cumulative): <10us=87463435 <50us=1047670 <500us=29878 <10ms=19848 <50ms=338 <500ms=293 <1s=0 >=1s=1 | stalls_detected=3[0m
[33m/home/cvazquezperezdelacru/clio-core/context-runtime/src/scheduler/default_sched.cc:439 WARNING 1812139 LoadBalance [#785] lane rescues performed: 3[0m
[33m/home/cvazquezperezdelacru/clio-core/context-runtime/src/scheduler/default_sched.cc:430 WARNING 1812139 LoadBalance [#781 PDF] observed exec-time bins (cumulative): <10us=87531712 <50us=1047992 <500us=29891 <10ms=19849 <50ms=338 <500ms=293 <1s=0 >=1s=1 | stalls_detected=3[0m
[33m/home/cvazquezperezdelacru/clio-core/context-runtime/src/scheduler/default_sched.cc:439 WARNING 1812139 LoadBalance [#785] lane rescues performed: 3[0m
[33m/home/cvazquezperezdelacru/clio-core/context-runtime/src/scheduler/default_sched.cc:430 WARNING 1812139 LoadBalance [#781 PDF] observed exec-time bins (cumulative): <10us=87599914 <50us=1048359 <500us=29897 <10ms=19851 <50ms=338 <500ms=293 <1s=0 >=1s=1 | stalls_detected=3[0m
[33m/home/cvazquezperezdelacru/clio-core/context-runtime/src/scheduler/default_sched.cc:439 WARNING 1812139 LoadBalance [#785] lane rescues performed: 3[0m
[33m/home/cvazquezperezdelacru/clio-core/context-runtime/src/scheduler/default_sched.cc:430 WARNING 1812139 LoadBalance [#781 PDF] observed exec-time bins (cumulative): <10us=87668077 <50us=1048776 <500us=29907 <10ms=19852 <50ms=338 <500ms=293 <1s=0 >=1s=1 | stalls_detected=3[0m
[33m/home/cvazquezperezdelacru/clio-core/context-runtime/src/scheduler/default_sched.cc:439 WARNING 1812139 LoadBalance [#785] lane rescues performed: 3[0m
[33m/home/cvazquezperezdelacru/clio-core/context-runtime/src/scheduler/default_sched.cc:430 WARNING 1812139 LoadBalance [#781 PDF] observed exec-time bins (cumulative): <10us=87736423 <50us=1048966 <500us=29914 <10ms=19853 <50ms=338 <500ms=293 <1s=0 >=1s=1 | stalls_detected=3[0m
[33m/home/cvazquezperezdelacru/clio-core/context-runtime/src/scheduler/default_sched.cc:439 WARNING 1812139 LoadBalance [#785] lane rescues performed: 3[0m
[33m/home/cvazquezperezdelacru/clio-core/context-runtime/src/scheduler/default_sched.cc:430 WARNING 1812139 LoadBalance [#781 PDF] observed exec-time bins (cumulative): <10us=87804797 <50us=1049150 <500us=29921 <10ms=19854 <50ms=338 <500ms=293 <1s=0 >=1s=1 | stalls_detected=3[0m
[33m/home/cvazquezperezdelacru/clio-core/context-runtime/src/scheduler/default_sched.cc:439 WARNING 1812139 LoadBalance [#785] lane rescues performed: 3[0m
[33m/home/cvazquezperezdelacru/clio-core/context-runtime/src/scheduler/default_sched.cc:430 WARNING 1812139 LoadBalance [#781 PDF] observed exec-time bins (cumulative): <10us=87873007 <50us=1049436 <500us=29929 <10ms=19855 <50ms=338 <500ms=293 <1s=0 >=1s=1 | stalls_detected=3[0m
[33m/home/cvazquezperezdelacru/clio-core/context-runtime/src/scheduler/default_sched.cc:439 WARNING 1812139 LoadBalance [#785] lane rescues performed: 3[0m
[33m/home/cvazquezperezdelacru/clio-core/context-runtime/src/scheduler/default_sched.cc:430 WARNING 1812139 LoadBalance [#781 PDF] observed exec-time bins (cumulative): <10us=87941169 <50us=1049756 <500us=29936 <10ms=19856 <50ms=338 <500ms=293 <1s=0 >=1s=1 | stalls_detected=3[0m
[33m/home/cvazquezperezdelacru/clio-core/context-runtime/src/scheduler/default_sched.cc:439 WARNING 1812139 LoadBalance [#785] lane rescues performed: 3[0m
[33m/home/cvazquezperezdelacru/clio-core/context-runtime/src/scheduler/default_sched.cc:430 WARNING 1812139 LoadBalance [#781 PDF] observed exec-time bins (cumulative): <10us=88009307 <50us=1050064 <500us=29944 <10ms=19857 <50ms=338 <500ms=293 <1s=0 >=1s=1 | stalls_detected=3[0m
[33m/home/cvazquezperezdelacru/clio-core/context-runtime/src/scheduler/default_sched.cc:439 WARNING 1812139 LoadBalance [#785] lane rescues performed: 3[0m
[33m/home/cvazquezperezdelacru/clio-core/context-runtime/src/scheduler/default_sched.cc:430 WARNING 1812139 LoadBalance [#781 PDF] observed exec-time bins (cumulative): <10us=88077479 <50us=1050382 <500us=29952 <10ms=19858 <50ms=338 <500ms=293 <1s=0 >=1s=1 | stalls_detected=3[0m
[33m/home/cvazquezperezdelacru/clio-core/context-runtime/src/scheduler/default_sched.cc:439 WARNING 1812139 LoadBalance [#785] lane rescues performed: 3[0m
[33m/home/cvazquezperezdelacru/clio-core/context-runtime/src/scheduler/default_sched.cc:430 WARNING 1812139 LoadBalance [#781 PDF] observed exec-time bins (cumulative): <10us=88145479 <50us=1050780 <500us=29961 <10ms=19860 <50ms=338 <500ms=293 <1s=0 >=1s=1 | stalls_detected=3[0m
[33m/home/cvazquezperezdelacru/clio-core/context-runtime/src/scheduler/default_sched.cc:439 WARNING 1812139 LoadBalance [#785] lane rescues performed: 3[0m
[33m/home/cvazquezperezdelacru/clio-core/context-runtime/src/scheduler/default_sched.cc:430 WARNING 1812139 LoadBalance [#781 PDF] observed exec-time bins (cumulative): <10us=88213406 <50us=1051116 <500us=29970 <10ms=19861 <50ms=338 <500ms=293 <1s=0 >=1s=1 | stalls_detected=3[0m
[33m/home/cvazquezperezdelacru/clio-core/context-runtime/src/scheduler/default_sched.cc:439 WARNING 1812139 LoadBalance [#785] lane rescues performed: 3[0m
[33m/home/cvazquezperezdelacru/clio-core/context-runtime/src/scheduler/default_sched.cc:430 WARNING 1812139 LoadBalance [#781 PDF] observed exec-time bins (cumulative): <10us=88280898 <50us=1051624 <500us=29977 <10ms=19862 <50ms=338 <500ms=293 <1s=0 >=1s=1 | stalls_detected=3[0m
[33m/home/cvazquezperezdelacru/clio-core/context-runtime/src/scheduler/default_sched.cc:439 WARNING 1812139 LoadBalance [#785] lane rescues performed: 3[0m
[33m/home/cvazquezperezdelacru/clio-core/context-runtime/src/scheduler/default_sched.cc:430 WARNING 1812139 LoadBalance [#781 PDF] observed exec-time bins (cumulative): <10us=88346507 <50us=1054024 <500us=29984 <10ms=19863 <50ms=338 <500ms=293 <1s=0 >=1s=1 | stalls_detected=3[0m
[33m/home/cvazquezperezdelacru/clio-core/context-runtime/src/scheduler/default_sched.cc:439 WARNING 1812139 LoadBalance [#785] lane rescues performed: 3[0m
[33m/home/cvazquezperezdelacru/clio-core/context-runtime/src/scheduler/default_sched.cc:430 WARNING 1812139 LoadBalance [#781 PDF] observed exec-time bins (cumulative): <10us=88411634 <50us=1056808 <500us=29992 <10ms=19865 <50ms=338 <500ms=293 <1s=0 >=1s=1 | stalls_detected=3[0m
[33m/home/cvazquezperezdelacru/clio-core/context-runtime/src/scheduler/default_sched.cc:439 WARNING 1812139 LoadBalance [#785] lane rescues performed: 3[0m
[33m/home/cvazquezperezdelacru/clio-core/context-runtime/src/scheduler/default_sched.cc:430 WARNING 1812139 LoadBalance [#781 PDF] observed exec-time bins (cumulative): <10us=88479463 <50us=1057184 <500us=29998 <10ms=19866 <50ms=338 <500ms=293 <1s=0 >=1s=1 | stalls_detected=3[0m
[33m/home/cvazquezperezdelacru/clio-core/context-runtime/src/scheduler/default_sched.cc:439 WARNING 1812139 LoadBalance [#785] lane rescues performed: 3[0m
[33m/home/cvazquezperezdelacru/clio-core/context-runtime/src/scheduler/default_sched.cc:430 WARNING 1812139 LoadBalance [#781 PDF] observed exec-time bins (cumulative): <10us=88547828 <50us=1057385 <500us=30006 <10ms=19868 <50ms=338 <500ms=293 <1s=0 >=1s=1 | stalls_detected=3[0m
[33m/home/cvazquezperezdelacru/clio-core/context-runtime/src/scheduler/default_sched.cc:439 WARNING 1812139 LoadBalance [#785] lane rescues performed: 3[0m
[33m/home/cvazquezperezdelacru/clio-core/context-runtime/src/scheduler/default_sched.cc:430 WARNING 1812139 LoadBalance [#781 PDF] observed exec-time bins (cumulative): <10us=88616169 <50us=1057607 <500us=30013 <10ms=19870 <50ms=338 <500ms=293 <1s=0 >=1s=1 | stalls_detected=3[0m
[33m/home/cvazquezperezdelacru/clio-core/context-runtime/src/scheduler/default_sched.cc:439 WARNING 1812139 LoadBalance [#785] lane rescues performed: 3[0m
[33m/home/cvazquezperezdelacru/clio-core/context-runtime/src/scheduler/default_sched.cc:430 WARNING 1812139 LoadBalance [#781 PDF] observed exec-time bins (cumulative): <10us=88684526 <50us=1057818 <500us=30019 <10ms=19871 <50ms=338 <500ms=293 <1s=0 >=1s=1 | stalls_detected=3[0m
[33m/home/cvazquezperezdelacru/clio-core/context-runtime/src/scheduler/default_sched.cc:439 WARNING 1812139 LoadBalance [#785] lane rescues performed: 3[0m
[33m/home/cvazquezperezdelacru/clio-core/context-runtime/src/scheduler/default_sched.cc:430 WARNING 1812139 LoadBalance [#781 PDF] observed exec-time bins (cumulative): <10us=88750853 <50us=1059928 <500us=30028 <10ms=19872 <50ms=338 <500ms=293 <1s=0 >=1s=1 | stalls_detected=3[0m
[33m/home/cvazquezperezdelacru/clio-core/context-runtime/src/scheduler/default_sched.cc:439 WARNING 1812139 LoadBalance [#785] lane rescues performed: 3[0m
[33m/home/cvazquezperezdelacru/clio-core/context-runtime/src/scheduler/default_sched.cc:430 WARNING 1812139 LoadBalance [#781 PDF] observed exec-time bins (cumulative): <10us=88816129 <50us=1063034 <500us=30034 <10ms=19874 <50ms=338 <500ms=293 <1s=0 >=1s=1 | stalls_detected=3[0m
[33m/home/cvazquezperezdelacru/clio-core/context-runtime/src/scheduler/default_sched.cc:439 WARNING 1812139 LoadBalance [#785] lane rescues performed: 3[0m
[33m/home/cvazquezperezdelacru/clio-core/context-runtime/src/scheduler/default_sched.cc:430 WARNING 1812139 LoadBalance [#781 PDF] observed exec-time bins (cumulative): <10us=88880462 <50us=1066765 <500us=30045 <10ms=19875 <50ms=338 <500ms=293 <1s=0 >=1s=1 | stalls_detected=3[0m
[33m/home/cvazquezperezdelacru/clio-core/context-runtime/src/scheduler/default_sched.cc:439 WARNING 1812139 LoadBalance [#785] lane rescues performed: 3[0m
[33m/home/cvazquezperezdelacru/clio-core/context-runtime/src/scheduler/default_sched.cc:430 WARNING 1812139 LoadBalance [#781 PDF] observed exec-time bins (cumulative): <10us=88947749 <50us=1068019 <500us=30051 <10ms=19876 <50ms=338 <500ms=293 <1s=0 >=1s=1 | stalls_detected=3[0m
[33m/home/cvazquezperezdelacru/clio-core/context-runtime/src/scheduler/default_sched.cc:439 WARNING 1812139 LoadBalance [#785] lane rescues performed: 3[0m
[33m/home/cvazquezperezdelacru/clio-core/context-runtime/src/scheduler/default_sched.cc:430 WARNING 1812139 LoadBalance [#781 PDF] observed exec-time bins (cumulative): <10us=89014329 <50us=1069991 <500us=30062 <10ms=19877 <50ms=338 <500ms=293 <1s=0 >=1s=1 | stalls_detected=3[0m
[33m/home/cvazquezperezdelacru/clio-core/context-runtime/src/scheduler/default_sched.cc:439 WARNING 1812139 LoadBalance [#785] lane rescues performed: 3[0m
[33m/home/cvazquezperezdelacru/clio-core/context-runtime/src/scheduler/default_sched.cc:430 WARNING 1812139 LoadBalance [#781 PDF] observed exec-time bins (cumulative): <10us=89079454 <50us=1073354 <500us=30069 <10ms=19878 <50ms=338 <500ms=293 <1s=0 >=1s=1 | stalls_detected=3[0m
[33m/home/cvazquezperezdelacru/clio-core/context-runtime/src/scheduler/default_sched.cc:439 WARNING 1812139 LoadBalance [#785] lane rescues performed: 3[0m
[33m/home/cvazquezperezdelacru/clio-core/context-runtime/src/scheduler/default_sched.cc:430 WARNING 1812139 LoadBalance [#781 PDF] observed exec-time bins (cumulative): <10us=89144802 <50us=1076485 <500us=30076 <10ms=19880 <50ms=338 <500ms=293 <1s=0 >=1s=1 | stalls_detected=3[0m
[33m/home/cvazquezperezdelacru/clio-core/context-runtime/src/scheduler/default_sched.cc:439 WARNING 1812139 LoadBalance [#785] lane rescues performed: 3[0m
[33m/home/cvazquezperezdelacru/clio-core/context-runtime/src/scheduler/default_sched.cc:430 WARNING 1812139 LoadBalance [#781 PDF] observed exec-time bins (cumulative): <10us=89211306 <50us=1078526 <500us=30083 <10ms=19881 <50ms=338 <500ms=293 <1s=0 >=1s=1 | stalls_detected=3[0m
[33m/home/cvazquezperezdelacru/clio-core/context-runtime/src/scheduler/default_sched.cc:439 WARNING 1812139 LoadBalance [#785] lane rescues performed: 3[0m
[33m/home/cvazquezperezdelacru/clio-core/context-runtime/src/scheduler/default_sched.cc:430 WARNING 1812139 LoadBalance [#781 PDF] observed exec-time bins (cumulative): <10us=89276648 <50us=1080458 <500us=30091 <10ms=19882 <50ms=338 <500ms=293 <1s=0 >=1s=1 | stalls_detected=3[0m
[33m/home/cvazquezperezdelacru/clio-core/context-runtime/src/scheduler/default_sched.cc:439 WARNING 1812139 LoadBalance [#785] lane rescues performed: 3[0m
[33m/home/cvazquezperezdelacru/clio-core/context-runtime/src/scheduler/default_sched.cc:430 WARNING 1812139 LoadBalance [#781 PDF] observed exec-time bins (cumulative): <10us=89343821 <50us=1081516 <500us=30100 <10ms=19883 <50ms=338 <500ms=293 <1s=0 >=1s=1 | stalls_detected=3[0m
[33m/home/cvazquezperezdelacru/clio-core/context-runtime/src/scheduler/default_sched.cc:439 WARNING 1812139 LoadBalance [#785] lane rescues performed: 3[0m
[33m/home/cvazquezperezdelacru/clio-core/context-runtime/src/scheduler/default_sched.cc:430 WARNING 1812139 LoadBalance [#781 PDF] observed exec-time bins (cumulative): <10us=89412118 <50us=1081748 <500us=30107 <10ms=19884 <50ms=338 <500ms=293 <1s=0 >=1s=1 | stalls_detected=3[0m
[33m/home/cvazquezperezdelacru/clio-core/context-runtime/src/scheduler/default_sched.cc:439 WARNING 1812139 LoadBalance [#785] lane rescues performed: 3[0m
[33m/home/cvazquezperezdelacru/clio-core/context-runtime/src/scheduler/default_sched.cc:430 WARNING 1812139 LoadBalance [#781 PDF] observed exec-time bins (cumulative): <10us=89480283 <50us=1082004 <500us=30113 <10ms=19885 <50ms=338 <500ms=293 <1s=0 >=1s=1 | stalls_detected=3[0m
[33m/home/cvazquezperezdelacru/clio-core/context-runtime/src/scheduler/default_sched.cc:439 WARNING 1812139 LoadBalance [#785] lane rescues performed: 3[0m
[33m/home/cvazquezperezdelacru/clio-core/context-runtime/src/scheduler/default_sched.cc:430 WARNING 1812139 LoadBalance [#781 PDF] observed exec-time bins (cumulative): <10us=89548202 <50us=1082420 <500us=30123 <10ms=19886 <50ms=338 <500ms=293 <1s=0 >=1s=1 | stalls_detected=3[0m
[33m/home/cvazquezperezdelacru/clio-core/context-runtime/src/scheduler/default_sched.cc:439 WARNING 1812139 LoadBalance [#785] lane rescues performed: 3[0m
[33m/home/cvazquezperezdelacru/clio-core/context-runtime/src/scheduler/default_sched.cc:430 WARNING 1812139 LoadBalance [#781 PDF] observed exec-time bins (cumulative): <10us=89616358 <50us=1082847 <500us=30130 <10ms=19887 <50ms=338 <500ms=293 <1s=0 >=1s=1 | stalls_detected=3[0m
[33m/home/cvazquezperezdelacru/clio-core/context-runtime/src/scheduler/default_sched.cc:439 WARNING 1812139 LoadBalance [#785] lane rescues performed: 3[0m
[33m/home/cvazquezperezdelacru/clio-core/context-runtime/src/scheduler/default_sched.cc:430 WARNING 1812139 LoadBalance [#781 PDF] observed exec-time bins (cumulative): <10us=89684516 <50us=1083269 <500us=30137 <10ms=19889 <50ms=338 <500ms=293 <1s=0 >=1s=1 | stalls_detected=3[0m
[33m/home/cvazquezperezdelacru/clio-core/context-runtime/src/scheduler/default_sched.cc:439 WARNING 1812139 LoadBalance [#785] lane rescues performed: 3[0m
[33m/home/cvazquezperezdelacru/clio-core/context-runtime/src/scheduler/default_sched.cc:430 WARNING 1812139 LoadBalance [#781 PDF] observed exec-time bins (cumulative): <10us=89752784 <50us=1083617 <500us=30144 <10ms=19890 <50ms=338 <500ms=293 <1s=0 >=1s=1 | stalls_detected=3[0m
[33m/home/cvazquezperezdelacru/clio-core/context-runtime/src/scheduler/default_sched.cc:439 WARNING 1812139 LoadBalance [#785] lane rescues performed: 3[0m
[33m/home/cvazquezperezdelacru/clio-core/context-runtime/src/scheduler/default_sched.cc:430 WARNING 1812139 LoadBalance [#781 PDF] observed exec-time bins (cumulative): <10us=89820245 <50us=1084141 <500us=30150 <10ms=19891 <50ms=338 <500ms=293 <1s=0 >=1s=1 | stalls_detected=3[0m
[33m/home/cvazquezperezdelacru/clio-core/context-runtime/src/scheduler/default_sched.cc:439 WARNING 1812139 LoadBalance [#785] lane rescues performed: 3[0m
[33m/home/cvazquezperezdelacru/clio-core/context-runtime/src/scheduler/default_sched.cc:430 WARNING 1812139 LoadBalance [#781 PDF] observed exec-time bins (cumulative): <10us=89888526 <50us=1084367 <500us=30161 <10ms=19892 <50ms=338 <500ms=293 <1s=0 >=1s=1 | stalls_detected=3[0m
[33m/home/cvazquezperezdelacru/clio-core/context-runtime/src/scheduler/default_sched.cc:439 WARNING 1812139 LoadBalance [#785] lane rescues performed: 3[0m
[33m/home/cvazquezperezdelacru/clio-core/context-runtime/src/scheduler/default_sched.cc:430 WARNING 1812139 LoadBalance [#781 PDF] observed exec-time bins (cumulative): <10us=89956620 <50us=1084834 <500us=30168 <10ms=19894 <50ms=338 <500ms=293 <1s=0 >=1s=1 | stalls_detected=3[0m
[33m/home/cvazquezperezdelacru/clio-core/context-runtime/src/scheduler/default_sched.cc:439 WARNING 1812139 LoadBalance [#785] lane rescues performed: 3[0m
[33m/home/cvazquezperezdelacru/clio-core/context-runtime/src/scheduler/default_sched.cc:430 WARNING 1812139 LoadBalance [#781 PDF] observed exec-time bins (cumulative): <10us=90022838 <50us=1087136 <500us=30177 <10ms=19895 <50ms=338 <500ms=293 <1s=0 >=1s=1 | stalls_detected=3[0m
[33m/home/cvazquezperezdelacru/clio-core/context-runtime/src/scheduler/default_sched.cc:439 WARNING 1812139 LoadBalance [#785] lane rescues performed: 3[0m
[33m/home/cvazquezperezdelacru/clio-core/context-runtime/src/scheduler/default_sched.cc:430 WARNING 1812139 LoadBalance [#781 PDF] observed exec-time bins (cumulative): <10us=90090790 <50us=1087756 <500us=30184 <10ms=19896 <50ms=338 <500ms=293 <1s=0 >=1s=1 | stalls_detected=3[0m
[33m/home/cvazquezperezdelacru/clio-core/context-runtime/src/scheduler/default_sched.cc:439 WARNING 1812139 LoadBalance [#785] lane rescues performed: 3[0m
[33m/home/cvazquezperezdelacru/clio-core/context-runtime/src/scheduler/default_sched.cc:430 WARNING 1812139 LoadBalance [#781 PDF] observed exec-time bins (cumulative): <10us=90159113 <50us=1087991 <500us=30193 <10ms=19897 <50ms=338 <500ms=293 <1s=0 >=1s=1 | stalls_detected=3[0m
[33m/home/cvazquezperezdelacru/clio-core/context-runtime/src/scheduler/default_sched.cc:439 WARNING 1812139 LoadBalance [#785] lane rescues performed: 3[0m
[33m/home/cvazquezperezdelacru/clio-core/context-runtime/src/scheduler/default_sched.cc:430 WARNING 1812139 LoadBalance [#781 PDF] observed exec-time bins (cumulative): <10us=90227003 <50us=1088324 <500us=30202 <10ms=19898 <50ms=338 <500ms=293 <1s=0 >=1s=1 | stalls_detected=3[0m
[33m/home/cvazquezperezdelacru/clio-core/context-runtime/src/scheduler/default_sched.cc:439 WARNING 1812139 LoadBalance [#785] lane rescues performed: 3[0m
[33m/home/cvazquezperezdelacru/clio-core/context-runtime/src/scheduler/default_sched.cc:430 WARNING 1812139 LoadBalance [#781 PDF] observed exec-time bins (cumulative): <10us=90294866 <50us=1088827 <500us=30210 <10ms=19899 <50ms=338 <500ms=293 <1s=0 >=1s=1 | stalls_detected=3[0m
[33m/home/cvazquezperezdelacru/clio-core/context-runtime/src/scheduler/default_sched.cc:439 WARNING 1812139 LoadBalance [#785] lane rescues performed: 3[0m
[33m/home/cvazquezperezdelacru/clio-core/context-runtime/src/scheduler/default_sched.cc:430 WARNING 1812139 LoadBalance [#781 PDF] observed exec-time bins (cumulative): <10us=90362913 <50us=1089325 <500us=30217 <10ms=19900 <50ms=338 <500ms=293 <1s=0 >=1s=1 | stalls_detected=3[0m
[33m/home/cvazquezperezdelacru/clio-core/context-runtime/src/scheduler/default_sched.cc:439 WARNING 1812139 LoadBalance [#785] lane rescues performed: 3[0m
[33m/home/cvazquezperezdelacru/clio-core/context-runtime/src/scheduler/default_sched.cc:430 WARNING 1812139 LoadBalance [#781 PDF] observed exec-time bins (cumulative): <10us=90430903 <50us=1089807 <500us=30225 <10ms=19901 <50ms=338 <500ms=293 <1s=0 >=1s=1 | stalls_detected=3[0m
[33m/home/cvazquezperezdelacru/clio-core/context-runtime/src/scheduler/default_sched.cc:439 WARNING 1812139 LoadBalance [#785] lane rescues performed: 3[0m
[33m/home/cvazquezperezdelacru/clio-core/context-runtime/src/scheduler/default_sched.cc:430 WARNING 1812139 LoadBalance [#781 PDF] observed exec-time bins (cumulative): <10us=90498971 <50us=1090177 <500us=30234 <10ms=19904 <50ms=338 <500ms=293 <1s=0 >=1s=1 | stalls_detected=3[0m
[33m/home/cvazquezperezdelacru/clio-core/context-runtime/src/scheduler/default_sched.cc:439 WARNING 1812139 LoadBalance [#785] lane rescues performed: 3[0m
[33m/home/cvazquezperezdelacru/clio-core/context-runtime/src/scheduler/default_sched.cc:430 WARNING 1812139 LoadBalance [#781 PDF] observed exec-time bins (cumulative): <10us=90566758 <50us=1090646 <500us=30243 <10ms=19905 <50ms=338 <500ms=293 <1s=0 >=1s=1 | stalls_detected=3[0m
[33m/home/cvazquezperezdelacru/clio-core/context-runtime/src/scheduler/default_sched.cc:439 WARNING 1812139 LoadBalance [#785] lane rescues performed: 3[0m
[33m/home/cvazquezperezdelacru/clio-core/context-runtime/src/scheduler/default_sched.cc:430 WARNING 1812139 LoadBalance [#781 PDF] observed exec-time bins (cumulative): <10us=90634949 <50us=1090979 <500us=30249 <10ms=19906 <50ms=338 <500ms=293 <1s=0 >=1s=1 | stalls_detected=3[0m
[33m/home/cvazquezperezdelacru/clio-core/context-runtime/src/scheduler/default_sched.cc:439 WARNING 1812139 LoadBalance [#785] lane rescues performed: 3[0m
[33m/home/cvazquezperezdelacru/clio-core/context-runtime/src/scheduler/default_sched.cc:430 WARNING 1812139 LoadBalance [#781 PDF] observed exec-time bins (cumulative): <10us=90703200 <50us=1091183 <500us=30259 <10ms=19907 <50ms=338 <500ms=293 <1s=0 >=1s=1 | stalls_detected=3[0m
[33m/home/cvazquezperezdelacru/clio-core/context-runtime/src/scheduler/default_sched.cc:439 WARNING 1812139 LoadBalance [#785] lane rescues performed: 3[0m
[33m/home/cvazquezperezdelacru/clio-core/context-runtime/src/scheduler/default_sched.cc:430 WARNING 1812139 LoadBalance [#781 PDF] observed exec-time bins (cumulative): <10us=90770408 <50us=1092303 <500us=30266 <10ms=19909 <50ms=338 <500ms=293 <1s=0 >=1s=1 | stalls_detected=3[0m
[33m/home/cvazquezperezdelacru/clio-core/context-runtime/src/scheduler/default_sched.cc:439 WARNING 1812139 LoadBalance [#785] lane rescues performed: 3[0m
[33m/home/cvazquezperezdelacru/clio-core/context-runtime/src/scheduler/default_sched.cc:430 WARNING 1812139 LoadBalance [#781 PDF] observed exec-time bins (cumulative): <10us=90834458 <50us=1096116 <500us=30275 <10ms=19910 <50ms=338 <500ms=293 <1s=0 >=1s=1 | stalls_detected=3[0m
[33m/home/cvazquezperezdelacru/clio-core/context-runtime/src/scheduler/default_sched.cc:439 WARNING 1812139 LoadBalance [#785] lane rescues performed: 3[0m
[33m/home/cvazquezperezdelacru/clio-core/context-runtime/src/scheduler/default_sched.cc:430 WARNING 1812139 LoadBalance [#781 PDF] observed exec-time bins (cumulative): <10us=90899285 <50us=1099195 <500us=30282 <10ms=19911 <50ms=338 <500ms=293 <1s=0 >=1s=1 | stalls_detected=3[0m
[33m/home/cvazquezperezdelacru/clio-core/context-runtime/src/scheduler/default_sched.cc:439 WARNING 1812139 LoadBalance [#785] lane rescues performed: 3[0m
[33m/home/cvazquezperezdelacru/clio-core/context-runtime/src/scheduler/default_sched.cc:430 WARNING 1812139 LoadBalance [#781 PDF] observed exec-time bins (cumulative): <10us=90967585 <50us=1099390 <500us=30290 <10ms=19912 <50ms=338 <500ms=293 <1s=0 >=1s=1 | stalls_detected=3[0m
[33m/home/cvazquezperezdelacru/clio-core/context-runtime/src/scheduler/default_sched.cc:439 WARNING 1812139 LoadBalance [#785] lane rescues performed: 3[0m
[33m/home/cvazquezperezdelacru/clio-core/context-runtime/src/scheduler/default_sched.cc:430 WARNING 1812139 LoadBalance [#781 PDF] observed exec-time bins (cumulative): <10us=91035609 <50us=1099614 <500us=30296 <10ms=19913 <50ms=338 <500ms=293 <1s=0 >=1s=1 | stalls_detected=3[0m
[33m/home/cvazquezperezdelacru/clio-core/context-runtime/src/scheduler/default_sched.cc:439 WARNING 1812139 LoadBalance [#785] lane rescues performed: 3[0m
[33m/home/cvazquezperezdelacru/clio-core/context-runtime/src/scheduler/default_sched.cc:430 WARNING 1812139 LoadBalance [#781 PDF] observed exec-time bins (cumulative): <10us=91103803 <50us=1099966 <500us=30304 <10ms=19915 <50ms=338 <500ms=293 <1s=0 >=1s=1 | stalls_detected=3[0m
[33m/home/cvazquezperezdelacru/clio-core/context-runtime/src/scheduler/default_sched.cc:439 WARNING 1812139 LoadBalance [#785] lane rescues performed: 3[0m
[33m/home/cvazquezperezdelacru/clio-core/context-runtime/src/scheduler/default_sched.cc:430 WARNING 1812139 LoadBalance [#781 PDF] observed exec-time bins (cumulative): <10us=91171961 <50us=1100355 <500us=30310 <10ms=19916 <50ms=338 <500ms=293 <1s=0 >=1s=1 | stalls_detected=3[0m
[33m/home/cvazquezperezdelacru/clio-core/context-runtime/src/scheduler/default_sched.cc:439 WARNING 1812139 LoadBalance [#785] lane rescues performed: 3[0m
[33m/home/cvazquezperezdelacru/clio-core/context-runtime/src/scheduler/default_sched.cc:430 WARNING 1812139 LoadBalance [#781 PDF] observed exec-time bins (cumulative): <10us=91239650 <50us=1101166 <500us=30317 <10ms=19917 <50ms=338 <500ms=293 <1s=0 >=1s=1 | stalls_detected=3[0m
[33m/home/cvazquezperezdelacru/clio-core/context-runtime/src/scheduler/default_sched.cc:439 WARNING 1812139 LoadBalance [#785] lane rescues performed: 3[0m
[33m/home/cvazquezperezdelacru/clio-core/context-runtime/src/scheduler/default_sched.cc:430 WARNING 1812139 LoadBalance [#781 PDF] observed exec-time bins (cumulative): <10us=91307953 <50us=1101403 <500us=30324 <10ms=19918 <50ms=338 <500ms=293 <1s=0 >=1s=1 | stalls_detected=3[0m
[33m/home/cvazquezperezdelacru/clio-core/context-runtime/src/scheduler/default_sched.cc:439 WARNING 1812139 LoadBalance [#785] lane rescues performed: 3[0m
[33m/home/cvazquezperezdelacru/clio-core/context-runtime/src/scheduler/default_sched.cc:430 WARNING 1812139 LoadBalance [#781 PDF] observed exec-time bins (cumulative): <10us=91376229 <50us=1101642 <500us=30333 <10ms=19919 <50ms=338 <500ms=293 <1s=0 >=1s=1 | stalls_detected=3[0m
[33m/home/cvazquezperezdelacru/clio-core/context-runtime/src/scheduler/default_sched.cc:439 WARNING 1812139 LoadBalance [#785] lane rescues performed: 3[0m
[33m/home/cvazquezperezdelacru/clio-core/context-runtime/src/scheduler/default_sched.cc:430 WARNING 1812139 LoadBalance [#781 PDF] observed exec-time bins (cumulative): <10us=91444503 <50us=1101890 <500us=30340 <10ms=19920 <50ms=338 <500ms=293 <1s=0 >=1s=1 | stalls_detected=3[0m
[33m/home/cvazquezperezdelacru/clio-core/context-runtime/src/scheduler/default_sched.cc:439 WARNING 1812139 LoadBalance [#785] lane rescues performed: 3[0m
[33m/home/cvazquezperezdelacru/clio-core/context-runtime/src/scheduler/default_sched.cc:430 WARNING 1812139 LoadBalance [#781 PDF] observed exec-time bins (cumulative): <10us=91512886 <50us=1102107 <500us=30346 <10ms=19921 <50ms=338 <500ms=293 <1s=0 >=1s=1 | stalls_detected=3[0m
[33m/home/cvazquezperezdelacru/clio-core/context-runtime/src/scheduler/default_sched.cc:439 WARNING 1812139 LoadBalance [#785] lane rescues performed: 3[0m
[33m/home/cvazquezperezdelacru/clio-core/context-runtime/src/scheduler/default_sched.cc:430 WARNING 1812139 LoadBalance [#781 PDF] observed exec-time bins (cumulative): <10us=91581245 <50us=1102343 <500us=30352 <10ms=19922 <50ms=338 <500ms=293 <1s=0 >=1s=1 | stalls_detected=3[0m
[33m/home/cvazquezperezdelacru/clio-core/context-runtime/src/scheduler/default_sched.cc:439 WARNING 1812139 LoadBalance [#785] lane rescues performed: 3[0m
[33m/home/cvazquezperezdelacru/clio-core/context-runtime/src/scheduler/default_sched.cc:430 WARNING 1812139 LoadBalance [#781 PDF] observed exec-time bins (cumulative): <10us=91649135 <50us=1102999 <500us=30358 <10ms=19924 <50ms=338 <500ms=293 <1s=0 >=1s=1 | stalls_detected=3[0m
[33m/home/cvazquezperezdelacru/clio-core/context-runtime/src/scheduler/default_sched.cc:439 WARNING 1812139 LoadBalance [#785] lane rescues performed: 3[0m
[33m/home/cvazquezperezdelacru/clio-core/context-runtime/src/scheduler/default_sched.cc:430 WARNING 1812139 LoadBalance [#781 PDF] observed exec-time bins (cumulative): <10us=91717060 <50us=1103603 <500us=30366 <10ms=19925 <50ms=338 <500ms=293 <1s=0 >=1s=1 | stalls_detected=3[0m
[33m/home/cvazquezperezdelacru/clio-core/context-runtime/src/scheduler/default_sched.cc:439 WARNING 1812139 LoadBalance [#785] lane rescues performed: 3[0m
[33m/home/cvazquezperezdelacru/clio-core/context-runtime/src/scheduler/default_sched.cc:430 WARNING 1812139 LoadBalance [#781 PDF] observed exec-time bins (cumulative): <10us=91782545 <50us=1106208 <500us=30372 <10ms=19926 <50ms=338 <500ms=293 <1s=0 >=1s=1 | stalls_detected=3[0m
[33m/home/cvazquezperezdelacru/clio-core/context-runtime/src/scheduler/default_sched.cc:439 WARNING 1812139 LoadBalance [#785] lane rescues performed: 3[0m
[33m/home/cvazquezperezdelacru/clio-core/context-runtime/src/scheduler/default_sched.cc:430 WARNING 1812139 LoadBalance [#781 PDF] observed exec-time bins (cumulative): <10us=91849863 <50us=1107353 <500us=30378 <10ms=19927 <50ms=338 <500ms=293 <1s=0 >=1s=1 | stalls_detected=3[0m
[33m/home/cvazquezperezdelacru/clio-core/context-runtime/src/scheduler/default_sched.cc:439 WARNING 1812139 LoadBalance [#785] lane rescues performed: 3[0m
[33m/home/cvazquezperezdelacru/clio-core/context-runtime/src/scheduler/default_sched.cc:430 WARNING 1812139 LoadBalance [#781 PDF] observed exec-time bins (cumulative): <10us=91917223 <50us=1108400 <500us=30389 <10ms=19929 <50ms=338 <500ms=293 <1s=0 >=1s=1 | stalls_detected=3[0m
[33m/home/cvazquezperezdelacru/clio-core/context-runtime/src/scheduler/default_sched.cc:439 WARNING 1812139 LoadBalance [#785] lane rescues performed: 3[0m
[33m/home/cvazquezperezdelacru/clio-core/context-runtime/src/scheduler/default_sched.cc:430 WARNING 1812139 LoadBalance [#781 PDF] observed exec-time bins (cumulative): <10us=91985321 <50us=1108804 <500us=30395 <10ms=19929 <50ms=338 <500ms=293 <1s=0 >=1s=1 | stalls_detected=3[0m
[33m/home/cvazquezperezdelacru/clio-core/context-runtime/src/scheduler/default_sched.cc:439 WARNING 1812139 LoadBalance [#785] lane rescues performed: 3[0m
[33m/home/cvazquezperezdelacru/clio-core/context-runtime/src/scheduler/default_sched.cc:430 WARNING 1812139 LoadBalance [#781 PDF] observed exec-time bins (cumulative): <10us=92053315 <50us=1109237 <500us=30403 <10ms=19930 <50ms=338 <500ms=293 <1s=0 >=1s=1 | stalls_detected=3[0m
[33m/home/cvazquezperezdelacru/clio-core/context-runtime/src/scheduler/default_sched.cc:439 WARNING 1812139 LoadBalance [#785] lane rescues performed: 3[0m
[33m/home/cvazquezperezdelacru/clio-core/context-runtime/src/scheduler/default_sched.cc:430 WARNING 1812139 LoadBalance [#781 PDF] observed exec-time bins (cumulative): <10us=92121598 <50us=1109510 <500us=30410 <10ms=19931 <50ms=338 <500ms=293 <1s=0 >=1s=1 | stalls_detected=3[0m
[33m/home/cvazquezperezdelacru/clio-core/context-runtime/src/scheduler/default_sched.cc:439 WARNING 1812139 LoadBalance [#785] lane rescues performed: 3[0m
[33m/home/cvazquezperezdelacru/clio-core/context-runtime/src/scheduler/default_sched.cc:430 WARNING 1812139 LoadBalance [#781 PDF] observed exec-time bins (cumulative): <10us=92189700 <50us=1109865 <500us=30416 <10ms=19933 <50ms=338 <500ms=293 <1s=0 >=1s=1 | stalls_detected=3[0m
[33m/home/cvazquezperezdelacru/clio-core/context-runtime/src/scheduler/default_sched.cc:439 WARNING 1812139 LoadBalance [#785] lane rescues performed: 3[0m
[33m/home/cvazquezperezdelacru/clio-core/context-runtime/src/scheduler/default_sched.cc:430 WARNING 1812139 LoadBalance [#781 PDF] observed exec-time bins (cumulative): <10us=92253958 <50us=1113438 <500us=30424 <10ms=19934 <50ms=338 <500ms=293 <1s=0 >=1s=1 | stalls_detected=3[0m
[33m/home/cvazquezperezdelacru/clio-core/context-runtime/src/scheduler/default_sched.cc:439 WARNING 1812139 LoadBalance [#785] lane rescues performed: 3[0m
[33m/home/cvazquezperezdelacru/clio-core/context-runtime/src/scheduler/default_sched.cc:430 WARNING 1812139 LoadBalance [#781 PDF] observed exec-time bins (cumulative): <10us=92321956 <50us=1113883 <500us=30432 <10ms=19935 <50ms=338 <500ms=293 <1s=0 >=1s=1 | stalls_detected=3[0m
[33m/home/cvazquezperezdelacru/clio-core/context-runtime/src/scheduler/default_sched.cc:439 WARNING 1812139 LoadBalance [#785] lane rescues performed: 3[0m
[33m/home/cvazquezperezdelacru/clio-core/context-runtime/src/scheduler/default_sched.cc:430 WARNING 1812139 LoadBalance [#781 PDF] observed exec-time bins (cumulative): <10us=92389906 <50us=1114429 <500us=30439 <10ms=19936 <50ms=338 <500ms=293 <1s=0 >=1s=1 | stalls_detected=3[0m
[33m/home/cvazquezperezdelacru/clio-core/context-runtime/src/scheduler/default_sched.cc:439 WARNING 1812139 LoadBalance [#785] lane rescues performed: 3[0m
[33m/home/cvazquezperezdelacru/clio-core/context-runtime/src/scheduler/default_sched.cc:430 WARNING 1812139 LoadBalance [#781 PDF] observed exec-time bins (cumulative): <10us=92456588 <50us=1116218 <500us=30447 <10ms=19938 <50ms=338 <500ms=293 <1s=0 >=1s=1 | stalls_detected=3[0m
[33m/home/cvazquezperezdelacru/clio-core/context-runtime/src/scheduler/default_sched.cc:439 WARNING 1812139 LoadBalance [#785] lane rescues performed: 3[0m
[33m/home/cvazquezperezdelacru/clio-core/context-runtime/src/scheduler/default_sched.cc:430 WARNING 1812139 LoadBalance [#781 PDF] observed exec-time bins (cumulative): <10us=92522788 <50us=1118543 <500us=30453 <10ms=19940 <50ms=338 <500ms=293 <1s=0 >=1s=1 | stalls_detected=3[0m
[33m/home/cvazquezperezdelacru/clio-core/context-runtime/src/scheduler/default_sched.cc:439 WARNING 1812139 LoadBalance [#785] lane rescues performed: 3[0m
[33m/home/cvazquezperezdelacru/clio-core/context-runtime/src/scheduler/default_sched.cc:430 WARNING 1812139 LoadBalance [#781 PDF] observed exec-time bins (cumulative): <10us=92588689 <50us=1121066 <500us=30458 <10ms=19942 <50ms=338 <500ms=293 <1s=0 >=1s=1 | stalls_detected=3[0m
[33m/home/cvazquezperezdelacru/clio-core/context-runtime/src/scheduler/default_sched.cc:439 WARNING 1812139 LoadBalance [#785] lane rescues performed: 3[0m
[33m/home/cvazquezperezdelacru/clio-core/context-runtime/src/scheduler/default_sched.cc:430 WARNING 1812139 LoadBalance [#781 PDF] observed exec-time bins (cumulative): <10us=92656850 <50us=1121309 <500us=30465 <10ms=19943 <50ms=338 <500ms=293 <1s=0 >=1s=1 | stalls_detected=3[0m
[33m/home/cvazquezperezdelacru/clio-core/context-runtime/src/scheduler/default_sched.cc:439 WARNING 1812139 LoadBalance [#785] lane rescues performed: 3[0m
[33m/home/cvazquezperezdelacru/clio-core/context-runtime/src/scheduler/default_sched.cc:430 WARNING 1812139 LoadBalance [#781 PDF] observed exec-time bins (cumulative): <10us=92724738 <50us=1121580 <500us=30471 <10ms=19944 <50ms=338 <500ms=293 <1s=0 >=1s=1 | stalls_detected=3[0m
[33m/home/cvazquezperezdelacru/clio-core/context-runtime/src/scheduler/default_sched.cc:439 WARNING 1812139 LoadBalance [#785] lane rescues performed: 3[0m
[33m/home/cvazquezperezdelacru/clio-core/context-runtime/src/scheduler/default_sched.cc:430 WARNING 1812139 LoadBalance [#781 PDF] observed exec-time bins (cumulative): <10us=92792668 <50us=1121795 <500us=30480 <10ms=19946 <50ms=338 <500ms=293 <1s=0 >=1s=1 | stalls_detected=3[0m
[33m/home/cvazquezperezdelacru/clio-core/context-runtime/src/scheduler/default_sched.cc:439 WARNING 1812139 LoadBalance [#785] lane rescues performed: 3[0m
[33m/home/cvazquezperezdelacru/clio-core/context-runtime/src/scheduler/default_sched.cc:430 WARNING 1812139 LoadBalance [#781 PDF] observed exec-time bins (cumulative): <10us=92860778 <50us=1122045 <500us=30487 <10ms=19947 <50ms=338 <500ms=293 <1s=0 >=1s=1 | stalls_detected=3[0m
[33m/home/cvazquezperezdelacru/clio-core/context-runtime/src/scheduler/default_sched.cc:439 WARNING 1812139 LoadBalance [#785] lane rescues performed: 3[0m
[33m/home/cvazquezperezdelacru/clio-core/context-runtime/src/scheduler/default_sched.cc:430 WARNING 1812139 LoadBalance [#781 PDF] observed exec-time bins (cumulative): <10us=92929058 <50us=1122345 <500us=30493 <10ms=19948 <50ms=338 <500ms=293 <1s=0 >=1s=1 | stalls_detected=3[0m
[33m/home/cvazquezperezdelacru/clio-core/context-runtime/src/scheduler/default_sched.cc:439 WARNING 1812139 LoadBalance [#785] lane rescues performed: 3[0m
[33m/home/cvazquezperezdelacru/clio-core/context-runtime/src/scheduler/default_sched.cc:430 WARNING 1812139 LoadBalance [#781 PDF] observed exec-time bins (cumulative): <10us=92995924 <50us=1123966 <500us=30501 <10ms=19949 <50ms=338 <500ms=293 <1s=0 >=1s=1 | stalls_detected=3[0m
[33m/home/cvazquezperezdelacru/clio-core/context-runtime/src/scheduler/default_sched.cc:439 WARNING 1812139 LoadBalance [#785] lane rescues performed: 3[0m
[33m/home/cvazquezperezdelacru/clio-core/context-runtime/src/scheduler/default_sched.cc:430 WARNING 1812139 LoadBalance [#781 PDF] observed exec-time bins (cumulative): <10us=93062163 <50us=1125952 <500us=30509 <10ms=19951 <50ms=338 <500ms=293 <1s=0 >=1s=1 | stalls_detected=3[0m
[33m/home/cvazquezperezdelacru/clio-core/context-runtime/src/scheduler/default_sched.cc:439 WARNING 1812139 LoadBalance [#785] lane rescues performed: 3[0m
[33m/home/cvazquezperezdelacru/clio-core/context-runtime/src/scheduler/default_sched.cc:430 WARNING 1812139 LoadBalance [#781 PDF] observed exec-time bins (cumulative): <10us=93130388 <50us=1126302 <500us=30518 <10ms=19952 <50ms=338 <500ms=293 <1s=0 >=1s=1 | stalls_detected=3[0m
[33m/home/cvazquezperezdelacru/clio-core/context-runtime/src/scheduler/default_sched.cc:439 WARNING 1812139 LoadBalance [#785] lane rescues performed: 3[0m
[33m/home/cvazquezperezdelacru/clio-core/context-runtime/src/scheduler/default_sched.cc:430 WARNING 1812139 LoadBalance [#781 PDF] observed exec-time bins (cumulative): <10us=93198746 <50us=1126525 <500us=30526 <10ms=19954 <50ms=338 <500ms=293 <1s=0 >=1s=1 | stalls_detected=3[0m
[33m/home/cvazquezperezdelacru/clio-core/context-runtime/src/scheduler/default_sched.cc:439 WARNING 1812139 LoadBalance [#785] lane rescues performed: 3[0m
[33m/home/cvazquezperezdelacru/clio-core/context-runtime/src/scheduler/default_sched.cc:430 WARNING 1812139 LoadBalance [#781 PDF] observed exec-time bins (cumulative): <10us=93266917 <50us=1126908 <500us=30535 <10ms=19955 <50ms=338 <500ms=293 <1s=0 >=1s=1 | stalls_detected=3[0m
[33m/home/cvazquezperezdelacru/clio-core/context-runtime/src/scheduler/default_sched.cc:439 WARNING 1812139 LoadBalance [#785] lane rescues performed: 3[0m
[33m/home/cvazquezperezdelacru/clio-core/context-runtime/src/scheduler/default_sched.cc:430 WARNING 1812139 LoadBalance [#781 PDF] observed exec-time bins (cumulative): <10us=93332688 <50us=1129642 <500us=30540 <10ms=19958 <50ms=338 <500ms=293 <1s=0 >=1s=1 | stalls_detected=3[0m
[33m/home/cvazquezperezdelacru/clio-core/context-runtime/src/scheduler/default_sched.cc:439 WARNING 1812139 LoadBalance [#785] lane rescues performed: 3[0m
[33m/home/cvazquezperezdelacru/clio-core/context-runtime/src/scheduler/default_sched.cc:430 WARNING 1812139 LoadBalance [#781 PDF] observed exec-time bins (cumulative): <10us=93399254 <50us=1131584 <500us=30547 <10ms=19960 <50ms=338 <500ms=293 <1s=0 >=1s=1 | stalls_detected=3[0m
[33m/home/cvazquezperezdelacru/clio-core/context-runtime/src/scheduler/default_sched.cc:439 WARNING 1812139 LoadBalance [#785] lane rescues performed: 3[0m
[33m/home/cvazquezperezdelacru/clio-core/context-runtime/src/scheduler/default_sched.cc:430 WARNING 1812139 LoadBalance [#781 PDF] observed exec-time bins (cumulative): <10us=93462577 <50us=1136700 <500us=30553 <10ms=19961 <50ms=338 <500ms=293 <1s=0 >=1s=1 | stalls_detected=3[0m
[33m/home/cvazquezperezdelacru/clio-core/context-runtime/src/scheduler/default_sched.cc:439 WARNING 1812139 LoadBalance [#785] lane rescues performed: 3[0m
[33m/home/cvazquezperezdelacru/clio-core/context-runtime/src/scheduler/default_sched.cc:430 WARNING 1812139 LoadBalance [#781 PDF] observed exec-time bins (cumulative): <10us=93530723 <50us=1137097 <500us=30560 <10ms=19962 <50ms=338 <500ms=293 <1s=0 >=1s=1 | stalls_detected=3[0m
[33m/home/cvazquezperezdelacru/clio-core/context-runtime/src/scheduler/default_sched.cc:439 WARNING 1812139 LoadBalance [#785] lane rescues performed: 3[0m
[33m/home/cvazquezperezdelacru/clio-core/context-runtime/src/scheduler/default_sched.cc:430 WARNING 1812139 LoadBalance [#781 PDF] observed exec-time bins (cumulative): <10us=93598247 <50us=1137775 <500us=30568 <10ms=19964 <50ms=338 <500ms=293 <1s=0 >=1s=1 | stalls_detected=3[0m
[33m/home/cvazquezperezdelacru/clio-core/context-runtime/src/scheduler/default_sched.cc:439 WARNING 1812139 LoadBalance [#785] lane rescues performed: 3[0m
[33m/home/cvazquezperezdelacru/clio-core/context-runtime/src/scheduler/default_sched.cc:430 WARNING 1812139 LoadBalance [#781 PDF] observed exec-time bins (cumulative): <10us=93665391 <50us=1138723 <500us=30576 <10ms=19965 <50ms=338 <500ms=293 <1s=0 >=1s=1 | stalls_detected=3[0m
[33m/home/cvazquezperezdelacru/clio-core/context-runtime/src/scheduler/default_sched.cc:439 WARNING 1812139 LoadBalance [#785] lane rescues performed: 3[0m
[33m/home/cvazquezperezdelacru/clio-core/context-runtime/src/scheduler/default_sched.cc:430 WARNING 1812139 LoadBalance [#781 PDF] observed exec-time bins (cumulative): <10us=93729083 <50us=1142688 <500us=30582 <10ms=19966 <50ms=338 <500ms=293 <1s=0 >=1s=1 | stalls_detected=3[0m
[33m/home/cvazquezperezdelacru/clio-core/context-runtime/src/scheduler/default_sched.cc:439 WARNING 1812139 LoadBalance [#785] lane rescues performed: 3[0m
[33m/home/cvazquezperezdelacru/clio-core/context-runtime/src/scheduler/default_sched.cc:430 WARNING 1812139 LoadBalance [#781 PDF] observed exec-time bins (cumulative): <10us=93792885 <50us=1146495 <500us=30590 <10ms=19967 <50ms=338 <500ms=293 <1s=0 >=1s=1 | stalls_detected=3[0m
[33m/home/cvazquezperezdelacru/clio-core/context-runtime/src/scheduler/default_sched.cc:439 WARNING 1812139 LoadBalance [#785] lane rescues performed: 3[0m
[33m/home/cvazquezperezdelacru/clio-core/context-runtime/src/scheduler/default_sched.cc:430 WARNING 1812139 LoadBalance [#781 PDF] observed exec-time bins (cumulative): <10us=93860004 <50us=1147733 <500us=30598 <10ms=19968 <50ms=338 <500ms=293 <1s=0 >=1s=1 | stalls_detected=3[0m
[33m/home/cvazquezperezdelacru/clio-core/context-runtime/src/scheduler/default_sched.cc:439 WARNING 1812139 LoadBalance [#785] lane rescues performed: 3[0m
[33m/home/cvazquezperezdelacru/clio-core/context-runtime/src/scheduler/default_sched.cc:430 WARNING 1812139 LoadBalance [#781 PDF] observed exec-time bins (cumulative): <10us=93928019 <50us=1148305 <500us=30609 <10ms=19969 <50ms=338 <500ms=293 <1s=0 >=1s=1 | stalls_detected=3[0m
[33m/home/cvazquezperezdelacru/clio-core/context-runtime/src/scheduler/default_sched.cc:439 WARNING 1812139 LoadBalance [#785] lane rescues performed: 3[0m
[33m/home/cvazquezperezdelacru/clio-core/context-runtime/src/scheduler/default_sched.cc:430 WARNING 1812139 LoadBalance [#781 PDF] observed exec-time bins (cumulative): <10us=93995906 <50us=1148964 <500us=30618 <10ms=19970 <50ms=338 <500ms=293 <1s=0 >=1s=1 | stalls_detected=3[0m
[33m/home/cvazquezperezdelacru/clio-core/context-runtime/src/scheduler/default_sched.cc:439 WARNING 1812139 LoadBalance [#785] lane rescues performed: 3[0m
[33m/home/cvazquezperezdelacru/clio-core/context-runtime/src/scheduler/default_sched.cc:430 WARNING 1812139 LoadBalance [#781 PDF] observed exec-time bins (cumulative): <10us=94063347 <50us=1150077 <500us=30628 <10ms=19972 <50ms=338 <500ms=293 <1s=0 >=1s=1 | stalls_detected=3[0m
[33m/home/cvazquezperezdelacru/clio-core/context-runtime/src/scheduler/default_sched.cc:439 WARNING 1812139 LoadBalance [#785] lane rescues performed: 3[0m
[33m/home/cvazquezperezdelacru/clio-core/context-runtime/src/scheduler/default_sched.cc:430 WARNING 1812139 LoadBalance [#781 PDF] observed exec-time bins (cumulative): <10us=94130584 <50us=1151241 <500us=30635 <10ms=19973 <50ms=338 <500ms=293 <1s=0 >=1s=1 | stalls_detected=3[0m
[33m/home/cvazquezperezdelacru/clio-core/context-runtime/src/scheduler/default_sched.cc:439 WARNING 1812139 LoadBalance [#785] lane rescues performed: 3[0m
[33m/home/cvazquezperezdelacru/clio-core/context-runtime/src/scheduler/default_sched.cc:430 WARNING 1812139 LoadBalance [#781 PDF] observed exec-time bins (cumulative): <10us=94198485 <50us=1151847 <500us=30644 <10ms=19975 <50ms=338 <500ms=293 <1s=0 >=1s=1 | stalls_detected=3[0m
[33m/home/cvazquezperezdelacru/clio-core/context-runtime/src/scheduler/default_sched.cc:439 WARNING 1812139 LoadBalance [#785] lane rescues performed: 3[0m
[33m/home/cvazquezperezdelacru/clio-core/context-runtime/src/scheduler/default_sched.cc:430 WARNING 1812139 LoadBalance [#781 PDF] observed exec-time bins (cumulative): <10us=94266300 <50us=1152603 <500us=30650 <10ms=19977 <50ms=338 <500ms=293 <1s=0 >=1s=1 | stalls_detected=3[0m
[33m/home/cvazquezperezdelacru/clio-core/context-runtime/src/scheduler/default_sched.cc:439 WARNING 1812139 LoadBalance [#785] lane rescues performed: 3[0m
[33m/home/cvazquezperezdelacru/clio-core/context-runtime/src/scheduler/default_sched.cc:430 WARNING 1812139 LoadBalance [#781 PDF] observed exec-time bins (cumulative): <10us=94334162 <50us=1153329 <500us=30659 <10ms=19978 <50ms=338 <500ms=293 <1s=0 >=1s=1 | stalls_detected=3[0m
[33m/home/cvazquezperezdelacru/clio-core/context-runtime/src/scheduler/default_sched.cc:439 WARNING 1812139 LoadBalance [#785] lane rescues performed: 3[0m
[33m/home/cvazquezperezdelacru/clio-core/context-runtime/src/scheduler/default_sched.cc:430 WARNING 1812139 LoadBalance [#781 PDF] observed exec-time bins (cumulative): <10us=94400536 <50us=1155315 <500us=30668 <10ms=19980 <50ms=338 <500ms=293 <1s=0 >=1s=1 | stalls_detected=3[0m
[33m/home/cvazquezperezdelacru/clio-core/context-runtime/src/scheduler/default_sched.cc:439 WARNING 1812139 LoadBalance [#785] lane rescues performed: 3[0m
[33m/home/cvazquezperezdelacru/clio-core/context-runtime/src/scheduler/default_sched.cc:430 WARNING 1812139 LoadBalance [#781 PDF] observed exec-time bins (cumulative): <10us=94465846 <50us=1158345 <500us=30678 <10ms=19981 <50ms=338 <500ms=293 <1s=0 >=1s=1 | stalls_detected=3[0m
[33m/home/cvazquezperezdelacru/clio-core/context-runtime/src/scheduler/default_sched.cc:439 WARNING 1812139 LoadBalance [#785] lane rescues performed: 3[0m
[33m/home/cvazquezperezdelacru/clio-core/context-runtime/src/scheduler/default_sched.cc:430 WARNING 1812139 LoadBalance [#781 PDF] observed exec-time bins (cumulative): <10us=94533122 <50us=1159575 <500us=30684 <10ms=19983 <50ms=338 <500ms=293 <1s=0 >=1s=1 | stalls_detected=3[0m
[33m/home/cvazquezperezdelacru/clio-core/context-runtime/src/scheduler/default_sched.cc:439 WARNING 1812139 LoadBalance [#785] lane rescues performed: 3[0m
[33m/home/cvazquezperezdelacru/clio-core/context-runtime/src/scheduler/default_sched.cc:430 WARNING 1812139 LoadBalance [#781 PDF] observed exec-time bins (cumulative): <10us=94598308 <50us=1162814 <500us=30694 <10ms=19984 <50ms=338 <500ms=293 <1s=0 >=1s=1 | stalls_detected=3[0m
[33m/home/cvazquezperezdelacru/clio-core/context-runtime/src/scheduler/default_sched.cc:439 WARNING 1812139 LoadBalance [#785] lane rescues performed: 3[0m
[33m/home/cvazquezperezdelacru/clio-core/context-runtime/src/scheduler/default_sched.cc:430 WARNING 1812139 LoadBalance [#781 PDF] observed exec-time bins (cumulative): <10us=94666106 <50us=1163577 <500us=30700 <10ms=19985 <50ms=338 <500ms=293 <1s=0 >=1s=1 | stalls_detected=3[0m
[33m/home/cvazquezperezdelacru/clio-core/context-runtime/src/scheduler/default_sched.cc:439 WARNING 1812139 LoadBalance [#785] lane rescues performed: 3[0m
[33m/home/cvazquezperezdelacru/clio-core/context-runtime/src/scheduler/default_sched.cc:430 WARNING 1812139 LoadBalance [#781 PDF] observed exec-time bins (cumulative): <10us=94734340 <50us=1163931 <500us=30708 <10ms=19987 <50ms=338 <500ms=293 <1s=0 >=1s=1 | stalls_detected=3[0m
[33m/home/cvazquezperezdelacru/clio-core/context-runtime/src/scheduler/default_sched.cc:439 WARNING 1812139 LoadBalance [#785] lane rescues performed: 3[0m
[33m/home/cvazquezperezdelacru/clio-core/context-runtime/src/scheduler/default_sched.cc:430 WARNING 1812139 LoadBalance [#781 PDF] observed exec-time bins (cumulative): <10us=94802506 <50us=1164329 <500us=30716 <10ms=19988 <50ms=338 <500ms=293 <1s=0 >=1s=1 | stalls_detected=3[0m
[33m/home/cvazquezperezdelacru/clio-core/context-runtime/src/scheduler/default_sched.cc:439 WARNING 1812139 LoadBalance [#785] lane rescues performed: 3[0m
[33m/home/cvazquezperezdelacru/clio-core/context-runtime/src/scheduler/default_sched.cc:430 WARNING 1812139 LoadBalance [#781 PDF] observed exec-time bins (cumulative): <10us=94870762 <50us=1164682 <500us=30723 <10ms=19989 <50ms=338 <500ms=293 <1s=0 >=1s=1 | stalls_detected=3[0m
[33m/home/cvazquezperezdelacru/clio-core/context-runtime/src/scheduler/default_sched.cc:439 WARNING 1812139 LoadBalance [#785] lane rescues performed: 3[0m
[33m/home/cvazquezperezdelacru/clio-core/context-runtime/src/scheduler/default_sched.cc:430 WARNING 1812139 LoadBalance [#781 PDF] observed exec-time bins (cumulative): <10us=94938864 <50us=1165057 <500us=30731 <10ms=19990 <50ms=338 <500ms=293 <1s=0 >=1s=1 | stalls_detected=3[0m
[33m/home/cvazquezperezdelacru/clio-core/context-runtime/src/scheduler/default_sched.cc:439 WARNING 1812139 LoadBalance [#785] lane rescues performed: 3[0m
[33m/home/cvazquezperezdelacru/clio-core/context-runtime/src/scheduler/default_sched.cc:430 WARNING 1812139 LoadBalance [#781 PDF] observed exec-time bins (cumulative): <10us=95006999 <50us=1165372 <500us=30739 <10ms=19991 <50ms=338 <500ms=293 <1s=0 >=1s=1 | stalls_detected=3[0m
[33m/home/cvazquezperezdelacru/clio-core/context-runtime/src/scheduler/default_sched.cc:439 WARNING 1812139 LoadBalance [#785] lane rescues performed: 3[0m
[33m/home/cvazquezperezdelacru/clio-core/context-runtime/src/scheduler/default_sched.cc:430 WARNING 1812139 LoadBalance [#781 PDF] observed exec-time bins (cumulative): <10us=95073088 <50us=1167361 <500us=30747 <10ms=19993 <50ms=338 <500ms=293 <1s=0 >=1s=1 | stalls_detected=3[0m
[33m/home/cvazquezperezdelacru/clio-core/context-runtime/src/scheduler/default_sched.cc:439 WARNING 1812139 LoadBalance [#785] lane rescues performed: 3[0m
[33m/home/cvazquezperezdelacru/clio-core/context-runtime/src/scheduler/default_sched.cc:430 WARNING 1812139 LoadBalance [#781 PDF] observed exec-time bins (cumulative): <10us=95137818 <50us=1170525 <500us=30754 <10ms=19994 <50ms=338 <500ms=293 <1s=0 >=1s=1 | stalls_detected=3[0m
[33m/home/cvazquezperezdelacru/clio-core/context-runtime/src/scheduler/default_sched.cc:439 WARNING 1812139 LoadBalance [#785] lane rescues performed: 3[0m
[33m/home/cvazquezperezdelacru/clio-core/context-runtime/src/scheduler/default_sched.cc:430 WARNING 1812139 LoadBalance [#781 PDF] observed exec-time bins (cumulative): <10us=95205987 <50us=1170878 <500us=30760 <10ms=19995 <50ms=338 <500ms=293 <1s=0 >=1s=1 | stalls_detected=3[0m
[33m/home/cvazquezperezdelacru/clio-core/context-runtime/src/scheduler/default_sched.cc:439 WARNING 1812139 LoadBalance [#785] lane rescues performed: 3[0m
[33m/home/cvazquezperezdelacru/clio-core/context-runtime/src/scheduler/default_sched.cc:430 WARNING 1812139 LoadBalance [#781 PDF] observed exec-time bins (cumulative): <10us=95274212 <50us=1171195 <500us=30768 <10ms=19997 <50ms=338 <500ms=293 <1s=0 >=1s=1 | stalls_detected=3[0m
[33m/home/cvazquezperezdelacru/clio-core/context-runtime/src/scheduler/default_sched.cc:439 WARNING 1812139 LoadBalance [#785] lane rescues performed: 3[0m
[33m/home/cvazquezperezdelacru/clio-core/context-runtime/src/scheduler/default_sched.cc:430 WARNING 1812139 LoadBalance [#781 PDF] observed exec-time bins (cumulative): <10us=95342309 <50us=1171620 <500us=30775 <10ms=19998 <50ms=338 <500ms=293 <1s=0 >=1s=1 | stalls_detected=3[0m
[33m/home/cvazquezperezdelacru/clio-core/context-runtime/src/scheduler/default_sched.cc:439 WARNING 1812139 LoadBalance [#785] lane rescues performed: 3[0m
[33m/home/cvazquezperezdelacru/clio-core/context-runtime/src/scheduler/default_sched.cc:430 WARNING 1812139 LoadBalance [#781 PDF] observed exec-time bins (cumulative): <10us=95410301 <50us=1172224 <500us=30781 <10ms=19999 <50ms=338 <500ms=293 <1s=0 >=1s=1 | stalls_detected=3[0m
[33m/home/cvazquezperezdelacru/clio-core/context-runtime/src/scheduler/default_sched.cc:439 WARNING 1812139 LoadBalance [#785] lane rescues performed: 3[0m
[33m/home/cvazquezperezdelacru/clio-core/context-runtime/src/scheduler/default_sched.cc:430 WARNING 1812139 LoadBalance [#781 PDF] observed exec-time bins (cumulative): <10us=95477243 <50us=1173176 <500us=30789 <10ms=20001 <50ms=338 <500ms=293 <1s=0 >=1s=1 | stalls_detected=3[0m
[33m/home/cvazquezperezdelacru/clio-core/context-runtime/src/scheduler/default_sched.cc:439 WARNING 1812139 LoadBalance [#785] lane rescues performed: 3[0m
[33m/home/cvazquezperezdelacru/clio-core/context-runtime/src/scheduler/default_sched.cc:430 WARNING 1812139 LoadBalance [#781 PDF] observed exec-time bins (cumulative): <10us=95542912 <50us=1174517 <500us=30796 <10ms=20002 <50ms=338 <500ms=293 <1s=0 >=1s=1 | stalls_detected=3[0m
[33m/home/cvazquezperezdelacru/clio-core/context-runtime/src/scheduler/default_sched.cc:439 WARNING 1812139 LoadBalance [#785] lane rescues performed: 3[0m
[33m/home/cvazquezperezdelacru/clio-core/context-runtime/src/scheduler/default_sched.cc:430 WARNING 1812139 LoadBalance [#781 PDF] observed exec-time bins (cumulative): <10us=95609198 <50us=1175662 <500us=30805 <10ms=20003 <50ms=338 <500ms=293 <1s=0 >=1s=1 | stalls_detected=3[0m
[33m/home/cvazquezperezdelacru/clio-core/context-runtime/src/scheduler/default_sched.cc:439 WARNING 1812139 LoadBalance [#785] lane rescues performed: 3[0m
[33m/home/cvazquezperezdelacru/clio-core/context-runtime/src/scheduler/default_sched.cc:430 WARNING 1812139 LoadBalance [#781 PDF] observed exec-time bins (cumulative): <10us=95677249 <50us=1176008 <500us=30813 <10ms=20005 <50ms=338 <500ms=293 <1s=0 >=1s=1 | stalls_detected=3[0m
[33m/home/cvazquezperezdelacru/clio-core/context-runtime/src/scheduler/default_sched.cc:439 WARNING 1812139 LoadBalance [#785] lane rescues performed: 3[0m
[33m/home/cvazquezperezdelacru/clio-core/context-runtime/src/scheduler/default_sched.cc:430 WARNING 1812139 LoadBalance [#781 PDF] observed exec-time bins (cumulative): <10us=95745333 <50us=1176301 <500us=30824 <10ms=20006 <50ms=338 <500ms=293 <1s=0 >=1s=1 | stalls_detected=3[0m
[33m/home/cvazquezperezdelacru/clio-core/context-runtime/src/scheduler/default_sched.cc:439 WARNING 1812139 LoadBalance [#785] lane rescues performed: 3[0m
[33m/home/cvazquezperezdelacru/clio-core/context-runtime/src/scheduler/default_sched.cc:430 WARNING 1812139 LoadBalance [#781 PDF] observed exec-time bins (cumulative): <10us=95813144 <50us=1176748 <500us=30830 <10ms=20007 <50ms=338 <500ms=293 <1s=0 >=1s=1 | stalls_detected=3[0m
[33m/home/cvazquezperezdelacru/clio-core/context-runtime/src/scheduler/default_sched.cc:439 WARNING 1812139 LoadBalance [#785] lane rescues performed: 3[0m
[33m/home/cvazquezperezdelacru/clio-core/context-runtime/src/scheduler/default_sched.cc:430 WARNING 1812139 LoadBalance [#781 PDF] observed exec-time bins (cumulative): <10us=95881328 <50us=1177015 <500us=30837 <10ms=20008 <50ms=338 <500ms=293 <1s=0 >=1s=1 | stalls_detected=3[0m
[33m/home/cvazquezperezdelacru/clio-core/context-runtime/src/scheduler/default_sched.cc:439 WARNING 1812139 LoadBalance [#785] lane rescues performed: 3[0m
[33m/home/cvazquezperezdelacru/clio-core/context-runtime/src/scheduler/default_sched.cc:430 WARNING 1812139 LoadBalance [#781 PDF] observed exec-time bins (cumulative): <10us=95949356 <50us=1177303 <500us=30846 <10ms=20009 <50ms=338 <500ms=293 <1s=0 >=1s=1 | stalls_detected=3[0m
[33m/home/cvazquezperezdelacru/clio-core/context-runtime/src/scheduler/default_sched.cc:439 WARNING 1812139 LoadBalance [#785] lane rescues performed: 3[0m
[33m/home/cvazquezperezdelacru/clio-core/context-runtime/src/scheduler/default_sched.cc:430 WARNING 1812139 LoadBalance [#781 PDF] observed exec-time bins (cumulative): <10us=96017406 <50us=1177707 <500us=30855 <10ms=20010 <50ms=338 <500ms=293 <1s=0 >=1s=1 | stalls_detected=3[0m
[33m/home/cvazquezperezdelacru/clio-core/context-runtime/src/scheduler/default_sched.cc:439 WARNING 1812139 LoadBalance [#785] lane rescues performed: 3[0m
[33m/home/cvazquezperezdelacru/clio-core/context-runtime/src/scheduler/default_sched.cc:430 WARNING 1812139 LoadBalance [#781 PDF] observed exec-time bins (cumulative): <10us=96085048 <50us=1178215 <500us=30863 <10ms=20012 <50ms=338 <500ms=293 <1s=0 >=1s=1 | stalls_detected=3[0m
[33m/home/cvazquezperezdelacru/clio-core/context-runtime/src/scheduler/default_sched.cc:439 WARNING 1812139 LoadBalance [#785] lane rescues performed: 3[0m
[33m/home/cvazquezperezdelacru/clio-core/context-runtime/src/scheduler/default_sched.cc:430 WARNING 1812139 LoadBalance [#781 PDF] observed exec-time bins (cumulative): <10us=96151560 <50us=1180183 <500us=30872 <10ms=20013 <50ms=338 <500ms=293 <1s=0 >=1s=1 | stalls_detected=3[0m
[33m/home/cvazquezperezdelacru/clio-core/context-runtime/src/scheduler/default_sched.cc:439 WARNING 1812139 LoadBalance [#785] lane rescues performed: 3[0m
[33m/home/cvazquezperezdelacru/clio-core/context-runtime/src/scheduler/default_sched.cc:430 WARNING 1812139 LoadBalance [#781 PDF] observed exec-time bins (cumulative): <10us=96218511 <50us=1181667 <500us=30879 <10ms=20014 <50ms=338 <500ms=293 <1s=0 >=1s=1 | stalls_detected=3[0m
[33m/home/cvazquezperezdelacru/clio-core/context-runtime/src/scheduler/default_sched.cc:439 WARNING 1812139 LoadBalance [#785] lane rescues performed: 3[0m
[33m/home/cvazquezperezdelacru/clio-core/context-runtime/src/scheduler/default_sched.cc:430 WARNING 1812139 LoadBalance [#781 PDF] observed exec-time bins (cumulative): <10us=96286775 <50us=1181961 <500us=30888 <10ms=20015 <50ms=338 <500ms=293 <1s=0 >=1s=1 | stalls_detected=3[0m
[33m/home/cvazquezperezdelacru/clio-core/context-runtime/src/scheduler/default_sched.cc:439 WARNING 1812139 LoadBalance [#785] lane rescues performed: 3[0m
[33m/home/cvazquezperezdelacru/clio-core/context-runtime/src/scheduler/default_sched.cc:430 WARNING 1812139 LoadBalance [#781 PDF] observed exec-time bins (cumulative): <10us=96354896 <50us=1182272 <500us=30897 <10ms=20016 <50ms=338 <500ms=293 <1s=0 >=1s=1 | stalls_detected=3[0m
[33m/home/cvazquezperezdelacru/clio-core/context-runtime/src/scheduler/default_sched.cc:439 WARNING 1812139 LoadBalance [#785] lane rescues performed: 3[0m
[33m/home/cvazquezperezdelacru/clio-core/context-runtime/src/scheduler/default_sched.cc:430 WARNING 1812139 LoadBalance [#781 PDF] observed exec-time bins (cumulative): <10us=96422844 <50us=1182678 <500us=30905 <10ms=20017 <50ms=338 <500ms=293 <1s=0 >=1s=1 | stalls_detected=3[0m
[33m/home/cvazquezperezdelacru/clio-core/context-runtime/src/scheduler/default_sched.cc:439 WARNING 1812139 LoadBalance [#785] lane rescues performed: 3[0m
[33m/home/cvazquezperezdelacru/clio-core/context-runtime/src/scheduler/default_sched.cc:430 WARNING 1812139 LoadBalance [#781 PDF] observed exec-time bins (cumulative): <10us=96489814 <50us=1183354 <500us=30914 <10ms=20018 <50ms=338 <500ms=293 <1s=0 >=1s=1 | stalls_detected=3[0m
[33m/home/cvazquezperezdelacru/clio-core/context-runtime/src/scheduler/default_sched.cc:439 WARNING 1812139 LoadBalance [#785] lane rescues performed: 3[0m
[33m/home/cvazquezperezdelacru/clio-core/context-runtime/src/scheduler/default_sched.cc:430 WARNING 1812139 LoadBalance [#781 PDF] observed exec-time bins (cumulative): <10us=96557719 <50us=1183746 <500us=30922 <10ms=20019 <50ms=338 <500ms=293 <1s=0 >=1s=1 | stalls_detected=3[0m
[33m/home/cvazquezperezdelacru/clio-core/context-runtime/src/scheduler/default_sched.cc:439 WARNING 1812139 LoadBalance [#785] lane rescues performed: 3[0m
[33m/home/cvazquezperezdelacru/clio-core/context-runtime/src/scheduler/default_sched.cc:430 WARNING 1812139 LoadBalance [#781 PDF] observed exec-time bins (cumulative): <10us=96625885 <50us=1184042 <500us=30930 <10ms=20021 <50ms=338 <500ms=293 <1s=0 >=1s=1 | stalls_detected=3[0m
[33m/home/cvazquezperezdelacru/clio-core/context-runtime/src/scheduler/default_sched.cc:439 WARNING 1812139 LoadBalance [#785] lane rescues performed: 3[0m
[33m/home/cvazquezperezdelacru/clio-core/context-runtime/src/scheduler/default_sched.cc:430 WARNING 1812139 LoadBalance [#781 PDF] observed exec-time bins (cumulative): <10us=96693818 <50us=1184551 <500us=30937 <10ms=20022 <50ms=338 <500ms=293 <1s=0 >=1s=1 | stalls_detected=3[0m
[33m/home/cvazquezperezdelacru/clio-core/context-runtime/src/scheduler/default_sched.cc:439 WARNING 1812139 LoadBalance [#785] lane rescues performed: 3[0m
[33m/home/cvazquezperezdelacru/clio-core/context-runtime/src/scheduler/default_sched.cc:430 WARNING 1812139 LoadBalance [#781 PDF] observed exec-time bins (cumulative): <10us=96760919 <50us=1185799 <500us=30946 <10ms=20023 <50ms=338 <500ms=293 <1s=0 >=1s=1 | stalls_detected=3[0m
[33m/home/cvazquezperezdelacru/clio-core/context-runtime/src/scheduler/default_sched.cc:439 WARNING 1812139 LoadBalance [#785] lane rescues performed: 3[0m
[33m/home/cvazquezperezdelacru/clio-core/context-runtime/src/scheduler/default_sched.cc:430 WARNING 1812139 LoadBalance [#781 PDF] observed exec-time bins (cumulative): <10us=96825780 <50us=1188855 <500us=30952 <10ms=20024 <50ms=338 <500ms=293 <1s=0 >=1s=1 | stalls_detected=3[0m
[33m/home/cvazquezperezdelacru/clio-core/context-runtime/src/scheduler/default_sched.cc:439 WARNING 1812139 LoadBalance [#785] lane rescues performed: 3[0m
[33m/home/cvazquezperezdelacru/clio-core/context-runtime/src/scheduler/default_sched.cc:430 WARNING 1812139 LoadBalance [#781 PDF] observed exec-time bins (cumulative): <10us=96892001 <50us=1190839 <500us=30959 <10ms=20025 <50ms=338 <500ms=293 <1s=0 >=1s=1 | stalls_detected=3[0m
[33m/home/cvazquezperezdelacru/clio-core/context-runtime/src/scheduler/default_sched.cc:439 WARNING 1812139 LoadBalance [#785] lane rescues performed: 3[0m
[33m/home/cvazquezperezdelacru/clio-core/context-runtime/src/scheduler/default_sched.cc:430 WARNING 1812139 LoadBalance [#781 PDF] observed exec-time bins (cumulative): <10us=96958479 <50us=1192610 <500us=30968 <10ms=20027 <50ms=338 <500ms=293 <1s=0 >=1s=1 | stalls_detected=3[0m
[33m/home/cvazquezperezdelacru/clio-core/context-runtime/src/scheduler/default_sched.cc:439 WARNING 1812139 LoadBalance [#785] lane rescues performed: 3[0m
[33m/home/cvazquezperezdelacru/clio-core/context-runtime/src/scheduler/default_sched.cc:430 WARNING 1812139 LoadBalance [#781 PDF] observed exec-time bins (cumulative): <10us=97021109 <50us=1198266 <500us=30976 <10ms=20029 <50ms=338 <500ms=293 <1s=0 >=1s=1 | stalls_detected=3[0m
[33m/home/cvazquezperezdelacru/clio-core/context-runtime/src/scheduler/default_sched.cc:439 WARNING 1812139 LoadBalance [#785] lane rescues performed: 3[0m
[33m/home/cvazquezperezdelacru/clio-core/context-runtime/src/scheduler/default_sched.cc:430 WARNING 1812139 LoadBalance [#781 PDF] observed exec-time bins (cumulative): <10us=97089136 <50us=1198801 <500us=30983 <10ms=20030 <50ms=338 <500ms=293 <1s=0 >=1s=1 | stalls_detected=3[0m
[33m/home/cvazquezperezdelacru/clio-core/context-runtime/src/scheduler/default_sched.cc:439 WARNING 1812139 LoadBalance [#785] lane rescues performed: 3[0m
[33m/home/cvazquezperezdelacru/clio-core/context-runtime/src/scheduler/default_sched.cc:430 WARNING 1812139 LoadBalance [#781 PDF] observed exec-time bins (cumulative): <10us=97155999 <50us=1199756 <500us=30992 <10ms=20031 <50ms=338 <500ms=293 <1s=0 >=1s=1 | stalls_detected=3[0m
[33m/home/cvazquezperezdelacru/clio-core/context-runtime/src/scheduler/default_sched.cc:439 WARNING 1812139 LoadBalance [#785] lane rescues performed: 3[0m
[33m/home/cvazquezperezdelacru/clio-core/context-runtime/src/scheduler/default_sched.cc:430 WARNING 1812139 LoadBalance [#781 PDF] observed exec-time bins (cumulative): <10us=97224252 <50us=1200042 <500us=31000 <10ms=20033 <50ms=338 <500ms=293 <1s=0 >=1s=1 | stalls_detected=3[0m
[33m/home/cvazquezperezdelacru/clio-core/context-runtime/src/scheduler/default_sched.cc:439 WARNING 1812139 LoadBalance [#785] lane rescues performed: 3[0m
[33m/home/cvazquezperezdelacru/clio-core/context-runtime/src/scheduler/default_sched.cc:430 WARNING 1812139 LoadBalance [#781 PDF] observed exec-time bins (cumulative): <10us=97292474 <50us=1200386 <500us=31008 <10ms=20034 <50ms=338 <500ms=293 <1s=0 >=1s=1 | stalls_detected=3[0m
[33m/home/cvazquezperezdelacru/clio-core/context-runtime/src/scheduler/default_sched.cc:439 WARNING 1812139 LoadBalance [#785] lane rescues performed: 3[0m
[33m/home/cvazquezperezdelacru/clio-core/context-runtime/src/scheduler/default_sched.cc:430 WARNING 1812139 LoadBalance [#781 PDF] observed exec-time bins (cumulative): <10us=97360693 <50us=1200725 <500us=31014 <10ms=20035 <50ms=338 <500ms=293 <1s=0 >=1s=1 | stalls_detected=3[0m
[33m/home/cvazquezperezdelacru/clio-core/context-runtime/src/scheduler/default_sched.cc:439 WARNING 1812139 LoadBalance [#785] lane rescues performed: 3[0m
[33m/home/cvazquezperezdelacru/clio-core/context-runtime/src/scheduler/default_sched.cc:430 WARNING 1812139 LoadBalance [#781 PDF] observed exec-time bins (cumulative): <10us=97428500 <50us=1201490 <500us=31022 <10ms=20036 <50ms=338 <500ms=293 <1s=0 >=1s=1 | stalls_detected=3[0m
[33m/home/cvazquezperezdelacru/clio-core/context-runtime/src/scheduler/default_sched.cc:439 WARNING 1812139 LoadBalance [#785] lane rescues performed: 3[0m
[33m/home/cvazquezperezdelacru/clio-core/context-runtime/src/scheduler/default_sched.cc:430 WARNING 1812139 LoadBalance [#781 PDF] observed exec-time bins (cumulative): <10us=97496678 <50us=1201798 <500us=31029 <10ms=20037 <50ms=338 <500ms=293 <1s=0 >=1s=1 | stalls_detected=3[0m
[33m/home/cvazquezperezdelacru/clio-core/context-runtime/src/scheduler/default_sched.cc:439 WARNING 1812139 LoadBalance [#785] lane rescues performed: 3[0m
[33m/home/cvazquezperezdelacru/clio-core/context-runtime/src/scheduler/default_sched.cc:430 WARNING 1812139 LoadBalance [#781 PDF] observed exec-time bins (cumulative): <10us=97563483 <50us=1202539 <500us=31037 <10ms=20038 <50ms=338 <500ms=293 <1s=0 >=1s=1 | stalls_detected=3[0m
[33m/home/cvazquezperezdelacru/clio-core/context-runtime/src/scheduler/default_sched.cc:439 WARNING 1812139 LoadBalance [#785] lane rescues performed: 3[0m
[33m/home/cvazquezperezdelacru/clio-core/context-runtime/src/scheduler/default_sched.cc:430 WARNING 1812139 LoadBalance [#781 PDF] observed exec-time bins (cumulative): <10us=97630033 <50us=1203343 <500us=31045 <10ms=20039 <50ms=338 <500ms=293 <1s=0 >=1s=1 | stalls_detected=3[0m
[33m/home/cvazquezperezdelacru/clio-core/context-runtime/src/scheduler/default_sched.cc:439 WARNING 1812139 LoadBalance [#785] lane rescues performed: 3[0m
[33m/home/cvazquezperezdelacru/clio-core/context-runtime/src/scheduler/default_sched.cc:430 WARNING 1812139 LoadBalance [#781 PDF] observed exec-time bins (cumulative): <10us=97698289 <50us=1203721 <500us=31054 <10ms=20040 <50ms=338 <500ms=293 <1s=0 >=1s=1 | stalls_detected=3[0m
[33m/home/cvazquezperezdelacru/clio-core/context-runtime/src/scheduler/default_sched.cc:439 WARNING 1812139 LoadBalance [#785] lane rescues performed: 3[0m
[33m/home/cvazquezperezdelacru/clio-core/context-runtime/src/scheduler/default_sched.cc:430 WARNING 1812139 LoadBalance [#781 PDF] observed exec-time bins (cumulative): <10us=97766517 <50us=1204066 <500us=31061 <10ms=20041 <50ms=338 <500ms=293 <1s=0 >=1s=1 | stalls_detected=3[0m
[33m/home/cvazquezperezdelacru/clio-core/context-runtime/src/scheduler/default_sched.cc:439 WARNING 1812139 LoadBalance [#785] lane rescues performed: 3[0m
[33m/home/cvazquezperezdelacru/clio-core/context-runtime/src/scheduler/default_sched.cc:430 WARNING 1812139 LoadBalance [#781 PDF] observed exec-time bins (cumulative): <10us=97834402 <50us=1204770 <500us=31072 <10ms=20042 <50ms=338 <500ms=293 <1s=0 >=1s=1 | stalls_detected=3[0m
[33m/home/cvazquezperezdelacru/clio-core/context-runtime/src/scheduler/default_sched.cc:439 WARNING 1812139 LoadBalance [#785] lane rescues performed: 3[0m
slurmstepd-ares-comp-10: error: *** STEP 22818.3 ON ares-comp-10 CANCELLED AT 2026-08-05T23:17:27 DUE TO TIME LIMIT ***
[97m/home/cvazquezperezdelacru/clio-core/context-runtime/src/pool_manager.cc:431 INFO 1812111 DestroyLocalPool PoolManager: Destroyed local pool PoolId(major:1, minor:0)[0m
[31m/home/cvazquezperezdelacru/clio-core/context-runtime/src/ipc_manager.cc:3856 ERROR 1812138 RouteTask RouteTask: RouteLocal returned 4 for pool=PoolId(major:1, minor:0) method=21, worker=7[0m
[31m/home/cvazquezperezdelacru/clio-core/context-runtime/src/ipc_manager.cc:3856 ERROR 1812138 RouteTask RouteTask: RouteLocal returned 4 for pool=PoolId(major:1, minor:0) method=21, worker=7[0m
[31m/home/cvazquezperezdelacru/clio-core/context-runtime/src/ipc_manager.cc:3856 ERROR 1812137 RouteTask RouteTask: RouteLocal returned 4 for pool=PoolId(major:1, minor:0) method=14, worker=6[0m
[31m/home/cvazquezperezdelacru/clio-core/context-runtime/src/ipc_manager.cc:3856 ERROR 1812138 RouteTask RouteTask: RouteLocal returned 4 for pool=PoolId(major:1, minor:0) method=21, worker=7[0m
[31m/home/cvazquezperezdelacru/clio-core/context-runtime/src/ipc_manager.cc:3856 ERROR 1812137 RouteTask RouteTask: RouteLocal returned 4 for pool=PoolId(major:1, minor:0) method=14, worker=6[0m
[31m/home/cvazquezperezdelacru/clio-core/context-runtime/src/ipc_manager.cc:3856 ERROR 1812138 RouteTask RouteTask: RouteLocal returned 4 for pool=PoolId(major:1, minor:0) method=21, worker=7[0m
[31m/home/cvazquezperezdelacru/clio-core/context-runtime/src/ipc_manager.cc:3856 ERROR 1812137 RouteTask RouteTask: RouteLocal returned 4 for pool=PoolId(major:1, minor:0) method=14, worker=6[0m
[31m/home/cvazquezperezdelacru/clio-core/context-runtime/src/ipc_manager.cc:3856 ERROR 1812138 RouteTask RouteTask: RouteLocal returned 4 for pool=PoolId(major:1, minor:0) method=21, worker=7[0m
[31m/home/cvazquezperezdelacru/clio-core/context-runtime/src/ipc_manager.cc:3856 ERROR 1812137 RouteTask RouteTask: RouteLocal returned 4 for pool=PoolId(major:1, minor:0) method=14, worker=6[0m
[31m/home/cvazquezperezdelacru/clio-core/context-runtime/src/ipc_manager.cc:3856 ERROR 1812138 RouteTask RouteTask: RouteLocal returned 4 for pool=PoolId(major:1, minor:0) method=21, worker=7[0m
[31m/home/cvazquezperezdelacru/clio-core/context-runtime/src/ipc_manager.cc:3856 ERROR 1812138 RouteTask RouteTask: RouteLocal returned 4 for pool=PoolId(major:1, minor:0) method=21, worker=7[0m
[31m/home/cvazquezperezdelacru/clio-core/context-runtime/src/ipc_manager.cc:3856 ERROR 1812137 RouteTask RouteTask: RouteLocal returned 4 for pool=PoolId(major:1, minor:0) method=14, worker=6[0m
[31m/home/cvazquezperezdelacru/clio-core/context-runtime/src/ipc_manager.cc:3856 ERROR 1812137 RouteTask RouteTask: RouteLocal returned 4 for pool=PoolId(major:1, minor:0) method=14, worker=6[0m
[31m/home/cvazquezperezdelacru/clio-core/context-runtime/src/ipc_manager.cc:3856 ERROR 1812138 RouteTask RouteTask: RouteLocal returned 4 for pool=PoolId(major:1, minor:0) method=21, worker=7[0m
[31m/home/cvazquezperezdelacru/clio-core/context-runtime/src/ipc_manager.cc:3856 ERROR 1812138 RouteTask RouteTask: RouteLocal returned 4 for pool=PoolId(major:1, minor:0) method=21, worker=7[0m
[31m/home/cvazquezperezdelacru/clio-core/context-runtime/src/ipc_manager.cc:3856 ERROR 1812137 RouteTask RouteTask: RouteLocal returned 4 for pool=PoolId(major:1, minor:0) method=14, worker=6[0m
[31m/home/cvazquezperezdelacru/clio-core/context-runtime/src/ipc_manager.cc:3856 ERROR 1812137 RouteTask RouteTask: RouteLocal returned 4 for pool=PoolId(major:1, minor:0) method=14, worker=6[0m
[31m/home/cvazquezperezdelacru/clio-core/context-runtime/src/ipc_manager.cc:3856 ERROR 1812132 RouteTask RouteTask: RouteLocal returned 4 for pool=PoolId(major:1, minor:0) method=31, worker=1[0m
[31m/home/cvazquezperezdelacru/clio-core/context-runtime/src/ipc_manager.cc:3856 ERROR 1812132 RouteTask RouteTask: RouteLocal returned 4 for pool=PoolId(major:1, minor:0) method=31, worker=1[0m
[31m/home/cvazquezperezdelacru/clio-core/context-runtime/src/ipc_manager.cc:3856 ERROR 1812138 RouteTask RouteTask: RouteLocal returned 4 for pool=PoolId(major:1, minor:0) method=21, worker=7[0m
[31m/home/cvazquezperezdelacru/clio-core/context-runtime/src/ipc_manager.cc:3856 ERROR 1812138 RouteTask RouteTask: RouteLocal returned 4 for pool=PoolId(major:1, minor:0) method=21, worker=7[0m
[31m/home/cvazquezperezdelacru/clio-core/context-runtime/src/ipc_manager.cc:3856 ERROR 1812137 RouteTask RouteTask: RouteLocal returned 4 for pool=PoolId(major:1, minor:0) method=14, worker=6[0m
[31m/home/cvazquezperezdelacru/clio-core/context-runtime/src/ipc_manager.cc:3856 ERROR 1812137 RouteTask RouteTask: RouteLocal returned 4 for pool=PoolId(major:1, minor:0) method=14, worker=6[0m
[31m/home/cvazquezperezdelacru/clio-core/context-runtime/src/ipc_manager.cc:3856 ERROR 1812132 RouteTask RouteTask: RouteLocal returned 4 for pool=PoolId(major:1, minor:0) method=31, worker=1[0m
[31m/home/cvazquezperezdelacru/clio-core/context-runtime/src/ipc_manager.cc:3856 ERROR 1812132 RouteTask RouteTask: RouteLocal returned 4 for pool=PoolId(major:1, minor:0) method=31, worker=1[0m
[31m/home/cvazquezperezdelacru/clio-core/context-runtime/src/ipc_manager.cc:3856 ERROR 1812138 RouteTask RouteTask: RouteLocal returned 4 for pool=PoolId(major:1, minor:0) method=21, worker=7[0m
[31m/home/cvazquezperezdelacru/clio-core/context-runtime/src/ipc_manager.cc:3856 ERROR 1812138 RouteTask RouteTask: RouteLocal returned 4 for pool=PoolId(major:1, minor:0) method=21, worker=7[0m
[31m/home/cvazquezperezdelacru/clio-core/context-runtime/src/ipc_manager.cc:3856 ERROR 1812137 RouteTask RouteTask: RouteLocal returned 4 for pool=PoolId(major:1, minor:0) method=14, worker=6[0m
[31m/home/cvazquezperezdelacru/clio-core/context-runtime/src/ipc_manager.cc:3856 ERROR 1812137 RouteTask RouteTask: RouteLocal returned 4 for pool=PoolId(major:1, minor:0) method=14, worker=6[0m
[31m/home/cvazquezperezdelacru/clio-core/context-runtime/src/ipc_manager.cc:3856 ERROR 1812132 RouteTask RouteTask: RouteLocal returned 4 for pool=PoolId(major:1, minor:0) method=31, worker=1[0m
[31m/home/cvazquezperezdelacru/clio-core/context-runtime/src/ipc_manager.cc:3856 ERROR 1812132 RouteTask RouteTask: RouteLocal returned 4 for pool=PoolId(major:1, minor:0) method=31, worker=1[0m
[31m/home/cvazquezperezdelacru/clio-core/context-runtime/src/ipc_manager.cc:3856 ERROR 1812132 RouteTask RouteTask: RouteLocal returned 4 for pool=PoolId(major:1, minor:0) method=31, worker=1[0m
[31m/home/cvazquezperezdelacru/clio-core/context-runtime/src/ipc_manager.cc:3856 ERROR 1812137 RouteTask RouteTask: RouteLocal returned 4 for pool=PoolId(major:1, minor:0) method=14, worker=6[0m
[31m/home/cvazquezperezdelacru/clio-core/context-runtime/src/ipc_manager.cc:3856 ERROR 1812138 RouteTask RouteTask: RouteLocal returned 4 for pool=PoolId(major:1, minor:0) method=21, worker=7[0m
[97m/home/cvazquezperezdelacru/clio-core/context-runtime/src/pool_manager.cc:168 INFO 1812111 DestroyAllContainers PoolManager: Destroyed 7 container(s) on shutdown[0m
[97m/home/cvazquezperezdelacru/clio-core/context-runtime/src/ipc/ipc_run2run.cc:1272 INFO 1812141 operator() [ClientRecvThread] shutting down[0m
[97m/home/cvazquezperezdelacru/clio-core/context-runtime/src/ipc/ipc_run2run.cc:1231 INFO 1812140 operator() [PeerRecvThread] shutting down[0m
[97m/home/cvazquezperezdelacru/clio-core/context-runtime/src/ipc_manager.cc:2348 INFO 1812111 ClearClientPool [ClientPool] Clearing 6 persistent connections[0m
[97m/home/cvazquezperezdelacru/clio-core/context-runtime/src/ipc_manager.cc:2792 INFO 1812111 WreapAllIpcs WreapAllIpcs: Destroying shared memory clio_1812111_24 for allocator (1812111.24)[0m
[97m/home/cvazquezperezdelacru/clio-core/context-runtime/src/ipc_manager.cc:2792 INFO 1812111 WreapAllIpcs WreapAllIpcs: Destroying shared memory clio_1812111_23 for allocator (1812111.23)[0m
[97m/home/cvazquezperezdelacru/clio-core/context-runtime/src/ipc_manager.cc:2792 INFO 1812111 WreapAllIpcs WreapAllIpcs: Destroying shared memory clio_1812111_22 for allocator (1812111.22)[0m
[97m/home/cvazquezperezdelacru/clio-core/context-runtime/src/ipc_manager.cc:2792 INFO 1812111 WreapAllIpcs WreapAllIpcs: Destroying shared memory clio_1812111_20 for allocator (1812111.20)[0m
[97m/home/cvazquezperezdelacru/clio-core/context-runtime/src/ipc_manager.cc:2792 INFO 1812111 WreapAllIpcs WreapAllIpcs: Destroying shared memory clio_1812111_19 for allocator (1812111.19)[0m
[97m/home/cvazquezperezdelacru/clio-core/context-runtime/src/ipc_manager.cc:2792 INFO 1812111 WreapAllIpcs WreapAllIpcs: Destroying shared memory clio_1812111_18 for allocator (1812111.18)[0m
[97m/home/cvazquezperezdelacru/clio-core/context-runtime/src/ipc_manager.cc:2792 INFO 1812111 WreapAllIpcs WreapAllIpcs: Destroying shared memory clio_1812111_17 for allocator (1812111.17)[0m
[97m/home/cvazquezperezdelacru/clio-core/context-runtime/src/ipc_manager.cc:2792 INFO 1812111 WreapAllIpcs WreapAllIpcs: Destroying shared memory clio_1812111_16 for allocator (1812111.16)[0m
[97m/home/cvazquezperezdelacru/clio-core/context-runtime/src/ipc_manager.cc:2792 INFO 1812111 WreapAllIpcs WreapAllIpcs: Destroying shared memory clio_1812111_15 for allocator (1812111.15)[0m
[97m/home/cvazquezperezdelacru/clio-core/context-runtime/src/ipc_manager.cc:2792 INFO 1812111 WreapAllIpcs WreapAllIpcs: Destroying shared memory clio_1812111_21 for allocator (1812111.21)[0m
[97m/home/cvazquezperezdelacru/clio-core/context-runtime/src/ipc_manager.cc:2792 INFO 1812111 WreapAllIpcs WreapAllIpcs: Destroying shared memory clio_1812154_0 for allocator (1812154.0)[0m
[97m/home/cvazquezperezdelacru/clio-core/context-runtime/src/ipc_manager.cc:2792 INFO 1812111 WreapAllIpcs WreapAllIpcs: Destroying shared memory clio_1812111_10 for allocator (1812111.10)[0m
[97m/home/cvazquezperezdelacru/clio-core/context-runtime/src/ipc_manager.cc:2792 INFO 1812111 WreapAllIpcs WreapAllIpcs: Destroying shared memory clio_1814607_0 for allocator (1814607.0)[0m
[97m/home/cvazquezperezdelacru/clio-core/context-runtime/src/ipc_manager.cc:2792 INFO 1812111 WreapAllIpcs WreapAllIpcs: Destroying shared memory clio_1812111_13 for allocator (1812111.13)[0m
[97m/home/cvazquezperezdelacru/clio-core/context-runtime/src/ipc_manager.cc:2792 INFO 1812111 WreapAllIpcs WreapAllIpcs: Destroying shared memory clio_1812111_4 for allocator (1812111.4)[0m
[97m/home/cvazquezperezdelacru/clio-core/context-runtime/src/ipc_manager.cc:2792 INFO 1812111 WreapAllIpcs WreapAllIpcs: Destroying shared memory clio_1812111_5 for allocator (1812111.5)[0m
[97m/home/cvazquezperezdelacru/clio-core/context-runtime/src/ipc_manager.cc:2792 INFO 1812111 WreapAllIpcs WreapAllIpcs: Destroying shared memory clio_1812111_6 for allocator (1812111.6)[0m
[97m/home/cvazquezperezdelacru/clio-core/context-runtime/src/ipc_manager.cc:2792 INFO 1812111 WreapAllIpcs WreapAllIpcs: Destroying shared memory clio_1812111_7 for allocator (1812111.7)[0m
[97m/home/cvazquezperezdelacru/clio-core/context-runtime/src/ipc_manager.cc:2792 INFO 1812111 WreapAllIpcs WreapAllIpcs: Destroying shared memory clio_1812111_8 for allocator (1812111.8)[0m
[97m/home/cvazquezperezdelacru/clio-core/context-runtime/src/ipc_manager.cc:2792 INFO 1812111 WreapAllIpcs WreapAllIpcs: Destroying shared memory clio_1812111_9 for allocator (1812111.9)[0m
[97m/home/cvazquezperezdelacru/clio-core/context-runtime/src/ipc_manager.cc:2792 INFO 1812111 WreapAllIpcs WreapAllIpcs: Destroying shared memory clio_1812111_11 for allocator (1812111.11)[0m
[97m/home/cvazquezperezdelacru/clio-core/context-runtime/src/ipc_manager.cc:2792 INFO 1812111 WreapAllIpcs WreapAllIpcs: Destroying shared memory clio_1812111_12 for allocator (1812111.12)[0m
[97m/home/cvazquezperezdelacru/clio-core/context-runtime/src/ipc_manager.cc:2792 INFO 1812111 WreapAllIpcs WreapAllIpcs: Destroying shared memory clio_1812111_14 for allocator (1812111.14)[0m
[97m/home/cvazquezperezdelacru/clio-core/context-runtime/src/ipc_manager.cc:2825 INFO 1812111 WreapAllIpcs WreapAllIpcs: Reaped 23 shared memory segments[0m
[97m/home/cvazquezperezdelacru/clio-core/context-runtime/src/manager.cc:520 INFO 1812111 ServerFinalize ServerFinalize: Reaped 23 shared memory segments[0m
[97m/home/cvazquezperezdelacru/clio-core/context-runtime/src/ipc_manager.cc:2348 INFO 1812111 ClearClientPool [ClientPool] Clearing 0 persistent connections[0m
[97m/home/cvazquezperezdelacru/clio-core/context-runtime/src/ipc_manager.cc:2348 INFO 1812111 ClearClientPool [ClientPool] Clearing 0 persistent connections[0m
[97m/home/cvazquezperezdelacru/clio-core/context-runtime/src/ipc_manager.cc:2348 INFO 1812111 ClearClientPool [ClientPool] Clearing 0 persistent connections[0m
