[97m/home/cvazquezperezdelacru/clio-core/context-runtime/src/config_manager.cc:144 INFO 2493698 ClientInit Config at: /mnt/common/cvazquezperezdelacru/IOWARP/faiss/contrib/iowarp/benchmarks/results/ares_cte_rendered_20260729_134519.yaml[0m
[97m/home/cvazquezperezdelacru/clio-core/context-runtime/src/ipc_manager.cc:2865 INFO 2493698 ClearUserIpcs ClearUserIpcs: Removed 232 memfd symlinks from previous runs[0m
[33m/home/cvazquezperezdelacru/clio-core/context-runtime/src/ipc_manager.cc:906 WARNING 2493698 ServerInitShm Main segment: requested 50079715328 bytes exceeds half the memory budget (50079715328 bytes); clamping to 25039857664 bytes[0m
[97m/home/cvazquezperezdelacru/clio-core/context-runtime/src/ipc_manager.cc:931 INFO 2493698 ServerInitShm Initializing main shared memory segment: 25039857664 bytes (23879 MB)[0m
[97m/home/cvazquezperezdelacru/clio-core/context-runtime/src/ipc_manager.cc:952 INFO 2493698 ServerInitShm Initializing queue shared memory segment: 646224224 bytes (631078 KB)[0m
[33m/home/cvazquezperezdelacru/clio-core/context-runtime/src/ipc_manager.cc:1005 WARNING 2493698 ServerInitShm Metadata segment: requested 50079715328 bytes exceeds half the memory budget (50079715328 bytes); clamping to 25039857664 bytes[0m
[97m/home/cvazquezperezdelacru/clio-core/context-runtime/src/ipc_manager.cc:1039 INFO 2493698 ServerInitShm Initializing metadata shared memory segment: 25039857664 bytes (23879 MB), sparse/not pre-faulted[0m
[97m/home/cvazquezperezdelacru/clio-core/context-runtime/src/ipc_manager.cc:865 INFO 2493698 ExcludeFromCoreDump metadata segment: excluded 25039857664 bytes from core dumps[0m
[97m/home/cvazquezperezdelacru/clio-core/context-runtime/src/ipc_manager.cc:1072 INFO 2493698 ServerInitShm ServerInitShm: metadata directory at offset 68072[0m
[97m/home/cvazquezperezdelacru/clio-core/context-runtime/src/ipc_manager.cc:1127 INFO 2493698 ServerInitShm ServerInitShm: 8 inbound SHM ring(s) 'clio-2493698-shm-in-0..7' (16MB each)[0m
[97m/home/cvazquezperezdelacru/clio-core/context-runtime/src/ipc_manager.cc:1269 INFO 2493698 ServerInitQueues Initializing 16 worker queues with depth 1024 (last worker serves dual role)[0m
[97m/home/cvazquezperezdelacru/clio-core/context-runtime/src/ipc_manager.cc:1933 INFO 2493698 IdentifyThisHost SUCCESS: Main server started on 0.0.0.0:9413 (advertised as 0.0.0.0, node=0)[0m
[97m/home/cvazquezperezdelacru/clio-core/context-runtime/src/ipc_manager.cc:561 INFO 2493698 ServerInit IpcManager: TCP ROUTER transport bound on 0.0.0.0:9416[0m
[97m/home/cvazquezperezdelacru/clio-core/context-runtime/src/ipc_manager.cc:579 INFO 2493698 ServerInit IpcManager: IPC lightbeam server bound on /tmp/clio_cvazquezperezdelacru/clio_9413.ipc[0m
[97m/home/cvazquezperezdelacru/clio-core/context-runtime/src/module_manager.cc:137 INFO 2493698 LoadChiMod Loaded ChiMod: clio_MOD_NAME from /mnt/common/cvazquezperezdelacru/clio-core-dev-install/lib/libclio_MOD_NAME_runtime.so[0m
[97m/home/cvazquezperezdelacru/clio-core/context-runtime/src/module_manager.cc:137 INFO 2493698 LoadChiMod Loaded ChiMod: clio_admin from /mnt/common/cvazquezperezdelacru/clio-core-dev-install/lib/libclio_admin_runtime.so[0m
[97m/home/cvazquezperezdelacru/clio-core/context-runtime/src/module_manager.cc:137 INFO 2493698 LoadChiMod Loaded ChiMod: clio_bdev from /mnt/common/cvazquezperezdelacru/clio-core-dev-install/lib/libclio_bdev_runtime.so[0m
[97m/home/cvazquezperezdelacru/clio-core/context-runtime/src/module_manager.cc:137 INFO 2493698 LoadChiMod Loaded ChiMod: clio_safe_bdev from /mnt/common/cvazquezperezdelacru/clio-core-dev-install/lib/libclio_safe_bdev_runtime.so[0m
[97m/home/cvazquezperezdelacru/clio-core/context-runtime/src/module_manager.cc:137 INFO 2493698 LoadChiMod Loaded ChiMod: clio_cte_core from /mnt/common/cvazquezperezdelacru/clio-core-dev-install/lib/libclio_cte_core_runtime.so[0m
[97m/home/cvazquezperezdelacru/clio-core/context-runtime/src/module_manager.cc:137 INFO 2493698 LoadChiMod Loaded ChiMod: clio_cte_filesystem from /mnt/common/cvazquezperezdelacru/clio-core-dev-install/lib/libclio_cte_filesystem_runtime.so[0m
[97m/home/cvazquezperezdelacru/clio-core/context-runtime/src/module_manager.cc:137 INFO 2493698 LoadChiMod Loaded ChiMod: clio_faiss_ivf from /mnt/common/cvazquezperezdelacru/IOWARP/faiss/contrib/iowarp/build-dev/chimod/libclio_faiss_ivf_runtime.so[0m
[97m/home/cvazquezperezdelacru/clio-core/context-runtime/src/work_orchestrator.cc:94 INFO 2493698 Init Creating 8 workers (7 task + 1 dedicated network)[0m
[97m/home/cvazquezperezdelacru/clio-core/context-runtime/src/ipc_manager.cc:756 INFO 2493698 SetNumSchedQueues IpcManager: Updated num_sched_queues to 1[0m
[97m/home/cvazquezperezdelacru/clio-core/context-runtime/src/scheduler/default_sched.cc:139 INFO 2493698 DivideWorkers DefaultScheduler: 1 scheduler worker (0), 4 I/O workers, net_send_worker=6, net_recv_worker=7, gpu_worker=5[0m
[97m/home/cvazquezperezdelacru/clio-core/context-runtime/src/work_orchestrator.cc:271 INFO 2493698 SpawnWorkerThreads WorkOrchestrator: num_workers=8, num_lanes=16[0m
[97m/home/cvazquezperezdelacru/clio-core/context-runtime/src/work_orchestrator.cc:294 INFO 2493698 SpawnWorkerThreads WorkOrchestrator: Mapped worker 0 (ID 0) to lane 0[0m
[97m/home/cvazquezperezdelacru/clio-core/context-runtime/src/work_orchestrator.cc:294 INFO 2493698 SpawnWorkerThreads WorkOrchestrator: Mapped worker 1 (ID 1) to lane 1[0m
[97m/home/cvazquezperezdelacru/clio-core/context-runtime/src/work_orchestrator.cc:294 INFO 2493698 SpawnWorkerThreads WorkOrchestrator: Mapped worker 2 (ID 2) to lane 2[0m
[97m/home/cvazquezperezdelacru/clio-core/context-runtime/src/work_orchestrator.cc:294 INFO 2493698 SpawnWorkerThreads WorkOrchestrator: Mapped worker 3 (ID 3) to lane 3[0m
[97m/home/cvazquezperezdelacru/clio-core/context-runtime/src/work_orchestrator.cc:294 INFO 2493698 SpawnWorkerThreads WorkOrchestrator: Mapped worker 4 (ID 4) to lane 4[0m
[97m/home/cvazquezperezdelacru/clio-core/context-runtime/src/work_orchestrator.cc:294 INFO 2493698 SpawnWorkerThreads WorkOrchestrator: Mapped worker 5 (ID 5) to lane 5[0m
[97m/home/cvazquezperezdelacru/clio-core/context-runtime/src/work_orchestrator.cc:294 INFO 2493698 SpawnWorkerThreads WorkOrchestrator: Mapped worker 6 (ID 6) to lane 6[0m
[97m/home/cvazquezperezdelacru/clio-core/context-runtime/src/work_orchestrator.cc:294 INFO 2493698 SpawnWorkerThreads WorkOrchestrator: Mapped worker 7 (ID 7) to lane 7[0m
[97m/home/cvazquezperezdelacru/clio-core/context-runtime/src/pool_manager.cc:534 INFO 2493698 CreatePool PoolManager: Creating pool 'admin' with 1 containers (one per node)[0m
[33m/home/cvazquezperezdelacru/clio-core/context-runtime/modules/admin/include/clio_runtime/admin/admin_client.h:59 WARNING 2493698 Client AdminClient: Default constructor called - pool_id_ will be PoolId(0,0)[0m
[97m/home/cvazquezperezdelacru/clio-core/context-runtime/src/pool_manager.cc:615 INFO 2493698 CreatePool Creating container for pool PoolId(major:1, minor:0) on node 0 with container_id=0[0m
[97m/home/cvazquezperezdelacru/clio-core/context-runtime/src/pool_manager.cc:644 INFO 2493698 CreatePool Container initialized with pool ID PoolId(major:1, minor:0), name admin, and container ID 0[0m
[97m/home/cvazquezperezdelacru/clio-core/context-runtime/src/pool_manager.cc:663 INFO 2493698 CreatePool CreatePool: Running Create method for pool PoolId(major:1, minor:0)[0m
[97m/home/cvazquezperezdelacru/clio-core/context-runtime/src/ipc/ipc_run2run.cc:1166 INFO 2493729 operator() [ClientRecvThread] started[0m
[97m/home/cvazquezperezdelacru/clio-core/context-runtime/src/ipc/ipc_run2run.cc:1105 INFO 2493728 operator() [PeerRecvThread] started[0m
[97m/home/cvazquezperezdelacru/clio-core/context-runtime/src/pool_manager.cc:666 INFO 2493698 CreatePool CreatePool: Create method completed for pool PoolId(major:1, minor:0)[0m
[97m/home/cvazquezperezdelacru/clio-core/context-runtime/src/pool_manager.cc:700 INFO 2493698 CreatePool PoolManager: Created complete pool PoolId(major:1, minor:0) with ChiMod clio_admin (1 containers)[0m
[97m/home/cvazquezperezdelacru/clio-core/context-runtime/src/pool_manager.cc:125 INFO 2493698 ServerInit PoolManager: Admin chimod pool created successfully with PoolId PoolId(major:1, minor:0)[0m
[97m/home/cvazquezperezdelacru/clio-core/context-runtime/src/manager.cc:264 INFO 2493698 ServerInit Processing compose configuration with 3 pools[0m
[33m/home/cvazquezperezdelacru/clio-core/context-runtime/src/../modules/admin/include/clio_runtime/admin/admin_client.h:59 WARNING 2493698 Client AdminClient: Default constructor called - pool_id_ will be PoolId(0,0)[0m
[97m/home/cvazquezperezdelacru/clio-core/context-runtime/src/manager.cc:282 INFO 2493698 ServerInit Compose: Creating pool ram::chi_default_bdev (module: clio_bdev, restart: 0)[0m
[97m/home/cvazquezperezdelacru/clio-core/context-runtime/src/pool_manager.cc:534 INFO 2493723 CreatePool PoolManager: Creating pool 'ram::chi_default_bdev' with 1 containers (one per node)[0m
[97m/home/cvazquezperezdelacru/clio-core/context-runtime/src/pool_manager.cc:615 INFO 2493723 CreatePool Creating container for pool PoolId(major:301, minor:0) on node 0 with container_id=0[0m
[97m/home/cvazquezperezdelacru/clio-core/context-runtime/src/pool_manager.cc:644 INFO 2493723 CreatePool Container initialized with pool ID PoolId(major:301, minor:0), name ram::chi_default_bdev, and container ID 0[0m
[97m/home/cvazquezperezdelacru/clio-core/context-runtime/src/pool_manager.cc:663 INFO 2493723 CreatePool CreatePool: Running Create method for pool PoolId(major:301, minor:0)[0m
[97m/home/cvazquezperezdelacru/clio-core/context-runtime/modules/bdev/src/transports/mem_bdev_transport.cc:102 INFO 2493723 InitShmBacking [#783] RAM bdev 'clio_rambdev_2493698_301_0' is shared-memory backed (38655688704 of 38654705664 bytes mapped)[0m
[97m/home/cvazquezperezdelacru/clio-core/context-runtime/src/pool_manager.cc:666 INFO 2493723 CreatePool CreatePool: Create method completed for pool PoolId(major:301, minor:0)[0m
[97m/home/cvazquezperezdelacru/clio-core/context-runtime/src/pool_manager.cc:700 INFO 2493723 CreatePool PoolManager: Created complete pool PoolId(major:301, minor:0) with ChiMod clio_bdev (1 containers)[0m
[97m/home/cvazquezperezdelacru/clio-core/context-runtime/src/manager.cc:298 INFO 2493698 ServerInit Compose: Successfully created pool ram::chi_default_bdev (module: clio_bdev)[0m
[97m/home/cvazquezperezdelacru/clio-core/context-runtime/src/manager.cc:282 INFO 2493698 ServerInit Compose: Creating pool cte_main (module: clio_cte_core, restart: 0)[0m
[97m/home/cvazquezperezdelacru/clio-core/context-runtime/src/pool_manager.cc:534 INFO 2493720 CreatePool PoolManager: Creating pool 'cte_main' with 1 containers (one per node)[0m
[97m/home/cvazquezperezdelacru/clio-core/context-runtime/src/pool_manager.cc:615 INFO 2493720 CreatePool Creating container for pool PoolId(major:512, minor:0) on node 0 with container_id=0[0m
[97m/home/cvazquezperezdelacru/clio-core/context-runtime/src/pool_manager.cc:644 INFO 2493720 CreatePool Container initialized with pool ID PoolId(major:512, minor:0), name cte_main, and container ID 0[0m
[97m/home/cvazquezperezdelacru/clio-core/context-runtime/src/pool_manager.cc:663 INFO 2493720 CreatePool CreatePool: Running Create method for pool PoolId(major:512, minor:0)[0m
[97m/home/cvazquezperezdelacru/clio-core/context-transfer-engine/core/src/core_config.cc:618 INFO 2493720 ParseStorageConfig Parsed 2 storage devices[0m
[97m/home/cvazquezperezdelacru/clio-core/context-transfer-engine/core/src/core_config.cc:636 INFO 2493720 ParseDpeConfig Parsed DPE configuration: type=max_bw[0m
[97m/home/cvazquezperezdelacru/clio-core/context-transfer-engine/core/src/core_config.cc:111 INFO 2493720 LoadFromString Configuration loaded successfully from YAML string[0m
[97m/home/cvazquezperezdelacru/clio-core/context-transfer-engine/core/src/core_runtime.cc:545 INFO 2493720 Create CTE: shared-memory metadata cache enabled (tags=65536, blobs=262144, root_off=488)[0m
[97m/home/cvazquezperezdelacru/clio-core/context-runtime/src/pool_manager.cc:534 INFO 2493722 CreatePool PoolManager: Creating pool 'ram::cte_ram_tier_node0' with 1 containers (one per node)[0m
[97m/home/cvazquezperezdelacru/clio-core/context-runtime/src/pool_manager.cc:615 INFO 2493722 CreatePool Creating container for pool PoolId(major:512, minor:1) on node 0 with container_id=0[0m
[97m/home/cvazquezperezdelacru/clio-core/context-runtime/src/pool_manager.cc:644 INFO 2493722 CreatePool Container initialized with pool ID PoolId(major:512, minor:1), name ram::cte_ram_tier_node0, and container ID 0[0m
[97m/home/cvazquezperezdelacru/clio-core/context-runtime/src/pool_manager.cc:663 INFO 2493722 CreatePool CreatePool: Running Create method for pool PoolId(major:512, minor:1)[0m
[97m/home/cvazquezperezdelacru/clio-core/context-runtime/modules/bdev/src/transports/mem_bdev_transport.cc:102 INFO 2493722 InitShmBacking [#783] RAM bdev 'clio_rambdev_2493698_512_1' is shared-memory backed (32213237760 of 32212254720 bytes mapped)[0m
[97m/home/cvazquezperezdelacru/clio-core/context-runtime/src/pool_manager.cc:666 INFO 2493722 CreatePool CreatePool: Create method completed for pool PoolId(major:512, minor:1)[0m
[97m/home/cvazquezperezdelacru/clio-core/context-runtime/src/pool_manager.cc:700 INFO 2493722 CreatePool PoolManager: Created complete pool PoolId(major:512, minor:1) with ChiMod clio_bdev (1 containers)[0m
[97m/home/cvazquezperezdelacru/clio-core/context-runtime/src/pool_manager.cc:534 INFO 2493722 CreatePool PoolManager: Creating pool '/mnt/nvme/cvazquezperezdelacru/cte_tier_node0' with 1 containers (one per node)[0m
[97m/home/cvazquezperezdelacru/clio-core/context-runtime/src/pool_manager.cc:615 INFO 2493722 CreatePool Creating container for pool PoolId(major:513, minor:1) on node 0 with container_id=0[0m
[97m/home/cvazquezperezdelacru/clio-core/context-runtime/src/pool_manager.cc:644 INFO 2493722 CreatePool Container initialized with pool ID PoolId(major:513, minor:1), name /mnt/nvme/cvazquezperezdelacru/cte_tier_node0, and container ID 0[0m
[97m/home/cvazquezperezdelacru/clio-core/context-runtime/src/pool_manager.cc:663 INFO 2493722 CreatePool CreatePool: Running Create method for pool PoolId(major:513, minor:1)[0m
[97m/home/cvazquezperezdelacru/clio-core/context-runtime/src/pool_manager.cc:666 INFO 2493722 CreatePool CreatePool: Create method completed for pool PoolId(major:513, minor:1)[0m
[97m/home/cvazquezperezdelacru/clio-core/context-runtime/src/pool_manager.cc:700 INFO 2493722 CreatePool PoolManager: Created complete pool PoolId(major:513, minor:1) with ChiMod clio_bdev (1 containers)[0m
[97m/home/cvazquezperezdelacru/clio-core/context-transfer-engine/core/src/core_runtime.cc:663 INFO 2493720 Create CTE Core container created and initialized for pool: cte_main (ID: PoolId(major:512, minor:0))[0m
[97m/home/cvazquezperezdelacru/clio-core/context-transfer-engine/core/src/core_runtime.cc:667 INFO 2493720 Create Configuration: neighborhood=1, poll_period_ms=5000, stat_targets_period_ms=5000[0m
[97m/home/cvazquezperezdelacru/clio-core/context-transfer-engine/core/src/core_runtime.cc:709 INFO 2493720 Create Starting periodic StatTargets task with period 5000 ms[0m
[97m/home/cvazquezperezdelacru/clio-core/context-runtime/src/pool_manager.cc:666 INFO 2493720 CreatePool CreatePool: Create method completed for pool PoolId(major:512, minor:0)[0m
[97m/home/cvazquezperezdelacru/clio-core/context-runtime/src/pool_manager.cc:700 INFO 2493720 CreatePool PoolManager: Created complete pool PoolId(major:512, minor:0) with ChiMod clio_cte_core (1 containers)[0m
[97m/home/cvazquezperezdelacru/clio-core/context-runtime/src/manager.cc:298 INFO 2493698 ServerInit Compose: Successfully created pool cte_main (module: clio_cte_core)[0m
[97m/home/cvazquezperezdelacru/clio-core/context-runtime/src/manager.cc:282 INFO 2493698 ServerInit Compose: Creating pool faiss_ivf_main (module: clio_faiss_ivf, restart: 0)[0m
[97m/home/cvazquezperezdelacru/clio-core/context-runtime/src/pool_manager.cc:534 INFO 2493722 CreatePool PoolManager: Creating pool 'faiss_ivf_main' with 1 containers (one per node)[0m
[97m/home/cvazquezperezdelacru/clio-core/context-runtime/src/pool_manager.cc:615 INFO 2493722 CreatePool Creating container for pool PoolId(major:600, minor:0) on node 0 with container_id=0[0m
[97m/home/cvazquezperezdelacru/clio-core/context-runtime/src/pool_manager.cc:644 INFO 2493722 CreatePool Container initialized with pool ID PoolId(major:600, minor:0), name faiss_ivf_main, and container ID 0[0m
[97m/home/cvazquezperezdelacru/clio-core/context-runtime/src/pool_manager.cc:663 INFO 2493722 CreatePool CreatePool: Running Create method for pool PoolId(major:600, minor:0)[0m
[97m/home/cvazquezperezdelacru/clio-core/context-runtime/src/pool_manager.cc:666 INFO 2493722 CreatePool CreatePool: Create method completed for pool PoolId(major:600, minor:0)[0m
[97m/home/cvazquezperezdelacru/clio-core/context-runtime/src/pool_manager.cc:700 INFO 2493722 CreatePool PoolManager: Created complete pool PoolId(major:600, minor:0) with ChiMod clio_faiss_ivf (1 containers)[0m
[97m/home/cvazquezperezdelacru/clio-core/context-runtime/src/manager.cc:298 INFO 2493698 ServerInit Compose: Successfully created pool faiss_ivf_main (module: clio_faiss_ivf)[0m
[97m/home/cvazquezperezdelacru/clio-core/context-runtime/src/manager.cc:304 INFO 2493698 ServerInit Compose: All 3 pools created successfully[0m
[32m/home/cvazquezperezdelacru/clio-core/context-runtime/src/ipc_manager.cc:1368 SUCCESS 2493698 StartLocalServer Successfully started local server at 127.0.0.1:9414[0m
[97m/home/cvazquezperezdelacru/clio-core/context-runtime/src/manager.cc:137 INFO 2493698 ClientInit RuntimeManager::ClientInit[0m
[97m/home/cvazquezperezdelacru/clio-core/context-runtime/src/manager.cc:181 INFO 2493698 ClientInit ClientInit: g_admin already exists, pool_id_=PoolId(major:0, minor:0)[0m
[33m/home/cvazquezperezdelacru/clio-core/context-runtime/src/scheduler/default_sched.cc:430 WARNING 2493727 LoadBalance [#781 PDF] observed exec-time bins (cumulative): <10us=58804 <50us=1663 <500us=8 <10ms=9 <50ms=0 <500ms=2 <1s=0 >=1s=0 | stalls_detected=0[0m
[33m/home/cvazquezperezdelacru/clio-core/context-runtime/src/scheduler/default_sched.cc:439 WARNING 2493727 LoadBalance [#785] lane rescues performed: 0[0m
[33m/home/cvazquezperezdelacru/clio-core/context-runtime/src/scheduler/default_sched.cc:430 WARNING 2493727 LoadBalance [#781 PDF] observed exec-time bins (cumulative): <10us=124794 <50us=2840 <500us=15 <10ms=9 <50ms=0 <500ms=2 <1s=0 >=1s=0 | stalls_detected=0[0m
[33m/home/cvazquezperezdelacru/clio-core/context-runtime/src/scheduler/default_sched.cc:439 WARNING 2493727 LoadBalance [#785] lane rescues performed: 0[0m
[33m/home/cvazquezperezdelacru/clio-core/context-runtime/src/scheduler/default_sched.cc:430 WARNING 2493727 LoadBalance [#781 PDF] observed exec-time bins (cumulative): <10us=191730 <50us=3105 <500us=22 <10ms=12 <50ms=0 <500ms=2 <1s=0 >=1s=0 | stalls_detected=0[0m
[33m/home/cvazquezperezdelacru/clio-core/context-runtime/src/scheduler/default_sched.cc:439 WARNING 2493727 LoadBalance [#785] lane rescues performed: 0[0m
[97m/home/cvazquezperezdelacru/clio-core/context-runtime/src/ipc_manager.cc:2288 INFO 2493729 GetOrCreateClient [ClientPool] Creating new persistent connection to 127.0.0.1:45261[0m
[97m/home/cvazquezperezdelacru/clio-core/context-runtime/src/../../context-transport-primitives/include/clio_ctp/lightbeam/zmq_transport.h:152 INFO 2493729 GetSharedContext [ZeroMqTransport] Created shared context with 8 I/O threads[0m
[97m/home/cvazquezperezdelacru/clio-core/context-runtime/src/ipc_manager.cc:2308 INFO 2493729 GetOrCreateClient [ClientPool] Connection established to 127.0.0.1:45261[0m
[97m/home/cvazquezperezdelacru/clio-core/context-runtime/modules/admin/src/admin_runtime.cc:1191 INFO 2493719 RegisterMemory Admin::RegisterMemory: Registering CPU alloc_id (2493822.0)[0m
[97m/home/cvazquezperezdelacru/clio-core/context-runtime/src/ipc_manager.cc:2532 INFO 2493719 RegisterMemory IpcManager::RegisterMemory: Registering clio_2493822_0 from pid 2493822[0m
[97m/home/cvazquezperezdelacru/clio-core/context-runtime/src/ipc_manager.cc:2575 INFO 2493719 RegisterMemory IpcManager::RegisterMemory: Successfully registered clio_2493822_0[0m
[97m/home/cvazquezperezdelacru/clio-core/context-runtime/src/pool_manager.cc:534 INFO 2493723 CreatePool PoolManager: Creating pool 'clio_cte_core' with 1 containers (one per node)[0m
[97m/home/cvazquezperezdelacru/clio-core/context-runtime/src/pool_manager.cc:575 INFO 2493723 CreatePool PoolManager: Pool PoolId(major:512, minor:0) already exists by ID, returning existing pool[0m
[97m/home/cvazquezperezdelacru/clio-core/context-runtime/modules/admin/src/admin_runtime.cc:1191 INFO 2493720 RegisterMemory Admin::RegisterMemory: Registering CPU alloc_id (2493822.1)[0m
[97m/home/cvazquezperezdelacru/clio-core/context-runtime/src/ipc_manager.cc:2532 INFO 2493720 RegisterMemory IpcManager::RegisterMemory: Registering clio_2493822_1 from pid 2493822[0m
[97m/home/cvazquezperezdelacru/clio-core/context-runtime/src/ipc_manager.cc:2575 INFO 2493720 RegisterMemory IpcManager::RegisterMemory: Successfully registered clio_2493822_1[0m
[97m/home/cvazquezperezdelacru/clio-core/context-runtime/modules/admin/src/admin_runtime.cc:1191 INFO 2493721 RegisterMemory Admin::RegisterMemory: Registering CPU alloc_id (2493822.2)[0m
[97m/home/cvazquezperezdelacru/clio-core/context-runtime/src/ipc_manager.cc:2532 INFO 2493721 RegisterMemory IpcManager::RegisterMemory: Registering clio_2493822_2 from pid 2493822[0m
[97m/home/cvazquezperezdelacru/clio-core/context-runtime/src/ipc_manager.cc:2575 INFO 2493721 RegisterMemory IpcManager::RegisterMemory: Successfully registered clio_2493822_2[0m
[33m/home/cvazquezperezdelacru/clio-core/context-runtime/src/scheduler/default_sched.cc:430 WARNING 2493727 LoadBalance [#781 PDF] observed exec-time bins (cumulative): <10us=257051 <50us=5963 <500us=145 <10ms=437 <50ms=25 <500ms=2 <1s=0 >=1s=0 | stalls_detected=0[0m
[33m/home/cvazquezperezdelacru/clio-core/context-runtime/src/scheduler/default_sched.cc:439 WARNING 2493727 LoadBalance [#785] lane rescues performed: 0[0m
[97m/home/cvazquezperezdelacru/clio-core/context-runtime/modules/admin/src/admin_runtime.cc:1191 INFO 2493719 RegisterMemory Admin::RegisterMemory: Registering CPU alloc_id (2493822.3)[0m
[97m/home/cvazquezperezdelacru/clio-core/context-runtime/src/ipc_manager.cc:2532 INFO 2493719 RegisterMemory IpcManager::RegisterMemory: Registering clio_2493822_3 from pid 2493822[0m
[97m/home/cvazquezperezdelacru/clio-core/context-runtime/src/ipc_manager.cc:2575 INFO 2493719 RegisterMemory IpcManager::RegisterMemory: Successfully registered clio_2493822_3[0m
[97m/home/cvazquezperezdelacru/clio-core/context-runtime/modules/admin/src/admin_runtime.cc:1191 INFO 2493720 RegisterMemory Admin::RegisterMemory: Registering CPU alloc_id (2493822.4)[0m
[97m/home/cvazquezperezdelacru/clio-core/context-runtime/src/ipc_manager.cc:2532 INFO 2493720 RegisterMemory IpcManager::RegisterMemory: Registering clio_2493822_4 from pid 2493822[0m
[97m/home/cvazquezperezdelacru/clio-core/context-runtime/src/ipc_manager.cc:2575 INFO 2493720 RegisterMemory IpcManager::RegisterMemory: Successfully registered clio_2493822_4[0m
[97m/home/cvazquezperezdelacru/clio-core/context-runtime/modules/admin/src/admin_runtime.cc:1191 INFO 2493720 RegisterMemory Admin::RegisterMemory: Registering CPU alloc_id (2493822.5)[0m
[97m/home/cvazquezperezdelacru/clio-core/context-runtime/src/ipc_manager.cc:2532 INFO 2493720 RegisterMemory IpcManager::RegisterMemory: Registering clio_2493822_5 from pid 2493822[0m
[97m/home/cvazquezperezdelacru/clio-core/context-runtime/src/ipc_manager.cc:2575 INFO 2493720 RegisterMemory IpcManager::RegisterMemory: Successfully registered clio_2493822_5[0m
[97m/home/cvazquezperezdelacru/clio-core/context-runtime/modules/admin/src/admin_runtime.cc:1191 INFO 2493720 RegisterMemory Admin::RegisterMemory: Registering CPU alloc_id (2493822.6)[0m
[97m/home/cvazquezperezdelacru/clio-core/context-runtime/src/ipc_manager.cc:2532 INFO 2493720 RegisterMemory IpcManager::RegisterMemory: Registering clio_2493822_6 from pid 2493822[0m
[97m/home/cvazquezperezdelacru/clio-core/context-runtime/src/ipc_manager.cc:2575 INFO 2493720 RegisterMemory IpcManager::RegisterMemory: Successfully registered clio_2493822_6[0m
[97m/home/cvazquezperezdelacru/clio-core/context-runtime/modules/admin/src/admin_runtime.cc:1191 INFO 2493720 RegisterMemory Admin::RegisterMemory: Registering CPU alloc_id (2493822.7)[0m
[97m/home/cvazquezperezdelacru/clio-core/context-runtime/src/ipc_manager.cc:2532 INFO 2493720 RegisterMemory IpcManager::RegisterMemory: Registering clio_2493822_7 from pid 2493822[0m
[97m/home/cvazquezperezdelacru/clio-core/context-runtime/src/ipc_manager.cc:2575 INFO 2493720 RegisterMemory IpcManager::RegisterMemory: Successfully registered clio_2493822_7[0m
[97m/home/cvazquezperezdelacru/clio-core/context-runtime/modules/admin/src/admin_runtime.cc:1191 INFO 2493721 RegisterMemory Admin::RegisterMemory: Registering CPU alloc_id (2493822.8)[0m
[97m/home/cvazquezperezdelacru/clio-core/context-runtime/src/ipc_manager.cc:2532 INFO 2493721 RegisterMemory IpcManager::RegisterMemory: Registering clio_2493822_8 from pid 2493822[0m
[97m/home/cvazquezperezdelacru/clio-core/context-runtime/src/ipc_manager.cc:2575 INFO 2493721 RegisterMemory IpcManager::RegisterMemory: Successfully registered clio_2493822_8[0m
[97m/home/cvazquezperezdelacru/clio-core/context-runtime/modules/admin/src/admin_runtime.cc:1191 INFO 2493720 RegisterMemory Admin::RegisterMemory: Registering CPU alloc_id (2493822.9)[0m
[97m/home/cvazquezperezdelacru/clio-core/context-runtime/src/ipc_manager.cc:2532 INFO 2493720 RegisterMemory IpcManager::RegisterMemory: Registering clio_2493822_9 from pid 2493822[0m
[97m/home/cvazquezperezdelacru/clio-core/context-runtime/src/ipc_manager.cc:2575 INFO 2493720 RegisterMemory IpcManager::RegisterMemory: Successfully registered clio_2493822_9[0m
[33m/home/cvazquezperezdelacru/clio-core/context-runtime/src/scheduler/default_sched.cc:430 WARNING 2493727 LoadBalance [#781 PDF] observed exec-time bins (cumulative): <10us=324157 <50us=7856 <500us=246 <10ms=1128 <50ms=44 <500ms=2 <1s=0 >=1s=0 | stalls_detected=0[0m
[33m/home/cvazquezperezdelacru/clio-core/context-runtime/src/scheduler/default_sched.cc:439 WARNING 2493727 LoadBalance [#785] lane rescues performed: 0[0m
[97m/home/cvazquezperezdelacru/clio-core/context-runtime/modules/admin/src/admin_runtime.cc:1191 INFO 2493720 RegisterMemory Admin::RegisterMemory: Registering CPU alloc_id (2493822.10)[0m
[97m/home/cvazquezperezdelacru/clio-core/context-runtime/src/ipc_manager.cc:2532 INFO 2493720 RegisterMemory IpcManager::RegisterMemory: Registering clio_2493822_10 from pid 2493822[0m
[97m/home/cvazquezperezdelacru/clio-core/context-runtime/src/ipc_manager.cc:2575 INFO 2493720 RegisterMemory IpcManager::RegisterMemory: Successfully registered clio_2493822_10[0m
[97m/home/cvazquezperezdelacru/clio-core/context-runtime/modules/admin/src/admin_runtime.cc:1191 INFO 2493720 RegisterMemory Admin::RegisterMemory: Registering CPU alloc_id (2493822.11)[0m
[97m/home/cvazquezperezdelacru/clio-core/context-runtime/src/ipc_manager.cc:2532 INFO 2493720 RegisterMemory IpcManager::RegisterMemory: Registering clio_2493822_11 from pid 2493822[0m
[97m/home/cvazquezperezdelacru/clio-core/context-runtime/src/ipc_manager.cc:2575 INFO 2493720 RegisterMemory IpcManager::RegisterMemory: Successfully registered clio_2493822_11[0m
[97m/home/cvazquezperezdelacru/clio-core/context-runtime/modules/admin/src/admin_runtime.cc:1191 INFO 2493721 RegisterMemory Admin::RegisterMemory: Registering CPU alloc_id (2493822.12)[0m
[97m/home/cvazquezperezdelacru/clio-core/context-runtime/src/ipc_manager.cc:2532 INFO 2493721 RegisterMemory IpcManager::RegisterMemory: Registering clio_2493822_12 from pid 2493822[0m
[97m/home/cvazquezperezdelacru/clio-core/context-runtime/src/ipc_manager.cc:2575 INFO 2493721 RegisterMemory IpcManager::RegisterMemory: Successfully registered clio_2493822_12[0m
[97m/home/cvazquezperezdelacru/clio-core/context-runtime/modules/admin/src/admin_runtime.cc:1191 INFO 2493721 RegisterMemory Admin::RegisterMemory: Registering CPU alloc_id (2493822.13)[0m
[97m/home/cvazquezperezdelacru/clio-core/context-runtime/src/ipc_manager.cc:2532 INFO 2493721 RegisterMemory IpcManager::RegisterMemory: Registering clio_2493822_13 from pid 2493822[0m
[97m/home/cvazquezperezdelacru/clio-core/context-runtime/src/ipc_manager.cc:2575 INFO 2493721 RegisterMemory IpcManager::RegisterMemory: Successfully registered clio_2493822_13[0m
[97m/home/cvazquezperezdelacru/clio-core/context-runtime/modules/admin/src/admin_runtime.cc:1191 INFO 2493720 RegisterMemory Admin::RegisterMemory: Registering CPU alloc_id (2493822.14)[0m
[97m/home/cvazquezperezdelacru/clio-core/context-runtime/src/ipc_manager.cc:2532 INFO 2493720 RegisterMemory IpcManager::RegisterMemory: Registering clio_2493822_14 from pid 2493822[0m
[97m/home/cvazquezperezdelacru/clio-core/context-runtime/src/ipc_manager.cc:2575 INFO 2493720 RegisterMemory IpcManager::RegisterMemory: Successfully registered clio_2493822_14[0m
[97m/home/cvazquezperezdelacru/clio-core/context-runtime/modules/admin/src/admin_runtime.cc:1191 INFO 2493721 RegisterMemory Admin::RegisterMemory: Registering CPU alloc_id (2493822.15)[0m
[97m/home/cvazquezperezdelacru/clio-core/context-runtime/src/ipc_manager.cc:2532 INFO 2493721 RegisterMemory IpcManager::RegisterMemory: Registering clio_2493822_15 from pid 2493822[0m
[97m/home/cvazquezperezdelacru/clio-core/context-runtime/src/ipc_manager.cc:2575 INFO 2493721 RegisterMemory IpcManager::RegisterMemory: Successfully registered clio_2493822_15[0m
[97m/home/cvazquezperezdelacru/clio-core/context-runtime/modules/admin/src/admin_runtime.cc:1191 INFO 2493720 RegisterMemory Admin::RegisterMemory: Registering CPU alloc_id (2493822.16)[0m
[97m/home/cvazquezperezdelacru/clio-core/context-runtime/src/ipc_manager.cc:2532 INFO 2493720 RegisterMemory IpcManager::RegisterMemory: Registering clio_2493822_16 from pid 2493822[0m
[97m/home/cvazquezperezdelacru/clio-core/context-runtime/src/ipc_manager.cc:2575 INFO 2493720 RegisterMemory IpcManager::RegisterMemory: Successfully registered clio_2493822_16[0m
[97m/home/cvazquezperezdelacru/clio-core/context-runtime/modules/admin/src/admin_runtime.cc:1191 INFO 2493720 RegisterMemory Admin::RegisterMemory: Registering CPU alloc_id (2493822.17)[0m
[97m/home/cvazquezperezdelacru/clio-core/context-runtime/src/ipc_manager.cc:2532 INFO 2493720 RegisterMemory IpcManager::RegisterMemory: Registering clio_2493822_17 from pid 2493822[0m
[97m/home/cvazquezperezdelacru/clio-core/context-runtime/src/ipc_manager.cc:2575 INFO 2493720 RegisterMemory IpcManager::RegisterMemory: Successfully registered clio_2493822_17[0m
[33m/home/cvazquezperezdelacru/clio-core/context-runtime/src/scheduler/default_sched.cc:430 WARNING 2493727 LoadBalance [#781 PDF] observed exec-time bins (cumulative): <10us=392464 <50us=8752 <500us=364 <10ms=1723 <50ms=63 <500ms=2 <1s=0 >=1s=0 | stalls_detected=0[0m
[33m/home/cvazquezperezdelacru/clio-core/context-runtime/src/scheduler/default_sched.cc:439 WARNING 2493727 LoadBalance [#785] lane rescues performed: 0[0m
[97m/home/cvazquezperezdelacru/clio-core/context-runtime/modules/admin/src/admin_runtime.cc:1191 INFO 2493721 RegisterMemory Admin::RegisterMemory: Registering CPU alloc_id (2493822.18)[0m
[97m/home/cvazquezperezdelacru/clio-core/context-runtime/src/ipc_manager.cc:2532 INFO 2493721 RegisterMemory IpcManager::RegisterMemory: Registering clio_2493822_18 from pid 2493822[0m
[97m/home/cvazquezperezdelacru/clio-core/context-runtime/src/ipc_manager.cc:2575 INFO 2493721 RegisterMemory IpcManager::RegisterMemory: Successfully registered clio_2493822_18[0m
[97m/home/cvazquezperezdelacru/clio-core/context-runtime/modules/admin/src/admin_runtime.cc:1191 INFO 2493720 RegisterMemory Admin::RegisterMemory: Registering CPU alloc_id (2493822.19)[0m
[97m/home/cvazquezperezdelacru/clio-core/context-runtime/src/ipc_manager.cc:2532 INFO 2493720 RegisterMemory IpcManager::RegisterMemory: Registering clio_2493822_19 from pid 2493822[0m
[97m/home/cvazquezperezdelacru/clio-core/context-runtime/src/ipc_manager.cc:2575 INFO 2493720 RegisterMemory IpcManager::RegisterMemory: Successfully registered clio_2493822_19[0m
[97m/home/cvazquezperezdelacru/clio-core/context-runtime/modules/admin/src/admin_runtime.cc:1191 INFO 2493720 RegisterMemory Admin::RegisterMemory: Registering CPU alloc_id (2493822.20)[0m
[97m/home/cvazquezperezdelacru/clio-core/context-runtime/src/ipc_manager.cc:2532 INFO 2493720 RegisterMemory IpcManager::RegisterMemory: Registering clio_2493822_20 from pid 2493822[0m
[97m/home/cvazquezperezdelacru/clio-core/context-runtime/src/ipc_manager.cc:2575 INFO 2493720 RegisterMemory IpcManager::RegisterMemory: Successfully registered clio_2493822_20[0m
[33m/home/cvazquezperezdelacru/clio-core/context-runtime/src/scheduler/default_sched.cc:430 WARNING 2493727 LoadBalance [#781 PDF] observed exec-time bins (cumulative): <10us=459489 <50us=11848 <500us=496 <10ms=2278 <50ms=92 <500ms=2 <1s=0 >=1s=0 | stalls_detected=0[0m
[33m/home/cvazquezperezdelacru/clio-core/context-runtime/src/scheduler/default_sched.cc:439 WARNING 2493727 LoadBalance [#785] lane rescues performed: 0[0m
[97m/home/cvazquezperezdelacru/clio-core/context-runtime/modules/admin/src/admin_runtime.cc:1191 INFO 2493721 RegisterMemory Admin::RegisterMemory: Registering CPU alloc_id (2493822.21)[0m
[97m/home/cvazquezperezdelacru/clio-core/context-runtime/src/ipc_manager.cc:2532 INFO 2493721 RegisterMemory IpcManager::RegisterMemory: Registering clio_2493822_21 from pid 2493822[0m
[97m/home/cvazquezperezdelacru/clio-core/context-runtime/src/ipc_manager.cc:2575 INFO 2493721 RegisterMemory IpcManager::RegisterMemory: Successfully registered clio_2493822_21[0m
[97m/home/cvazquezperezdelacru/clio-core/context-runtime/modules/admin/src/admin_runtime.cc:1191 INFO 2493721 RegisterMemory Admin::RegisterMemory: Registering CPU alloc_id (2493822.22)[0m
[97m/home/cvazquezperezdelacru/clio-core/context-runtime/src/ipc_manager.cc:2532 INFO 2493721 RegisterMemory IpcManager::RegisterMemory: Registering clio_2493822_22 from pid 2493822[0m
[97m/home/cvazquezperezdelacru/clio-core/context-runtime/src/ipc_manager.cc:2575 INFO 2493721 RegisterMemory IpcManager::RegisterMemory: Successfully registered clio_2493822_22[0m
[97m/home/cvazquezperezdelacru/clio-core/context-runtime/modules/admin/src/admin_runtime.cc:1191 INFO 2493721 RegisterMemory Admin::RegisterMemory: Registering CPU alloc_id (2493822.23)[0m
[97m/home/cvazquezperezdelacru/clio-core/context-runtime/src/ipc_manager.cc:2532 INFO 2493721 RegisterMemory IpcManager::RegisterMemory: Registering clio_2493822_23 from pid 2493822[0m
[97m/home/cvazquezperezdelacru/clio-core/context-runtime/src/ipc_manager.cc:2575 INFO 2493721 RegisterMemory IpcManager::RegisterMemory: Successfully registered clio_2493822_23[0m
[97m/home/cvazquezperezdelacru/clio-core/context-runtime/modules/admin/src/admin_runtime.cc:1191 INFO 2493720 RegisterMemory Admin::RegisterMemory: Registering CPU alloc_id (2493822.24)[0m
[97m/home/cvazquezperezdelacru/clio-core/context-runtime/src/ipc_manager.cc:2532 INFO 2493720 RegisterMemory IpcManager::RegisterMemory: Registering clio_2493822_24 from pid 2493822[0m
[97m/home/cvazquezperezdelacru/clio-core/context-runtime/src/ipc_manager.cc:2575 INFO 2493720 RegisterMemory IpcManager::RegisterMemory: Successfully registered clio_2493822_24[0m
[31m/home/cvazquezperezdelacru/clio-core/context-runtime/src/scheduler/default_sched.cc:726 ERROR 2493727 LoadBalance [HANGWATCH-HB] processed=8055 outstanding=1 (queued=1 blocked=0 retry=0 periodic=6) live=2 live_stalled=0[0m
[33m/home/cvazquezperezdelacru/clio-core/context-runtime/src/scheduler/default_sched.cc:430 WARNING 2493727 LoadBalance [#781 PDF] observed exec-time bins (cumulative): <10us=525715 <50us=13741 <500us=636 <10ms=2608 <50ms=121 <500ms=2 <1s=0 >=1s=0 | stalls_detected=0[0m
[33m/home/cvazquezperezdelacru/clio-core/context-runtime/src/scheduler/default_sched.cc:439 WARNING 2493727 LoadBalance [#785] lane rescues performed: 0[0m
[97m/home/cvazquezperezdelacru/clio-core/context-runtime/modules/admin/src/admin_runtime.cc:1191 INFO 2493721 RegisterMemory Admin::RegisterMemory: Registering CPU alloc_id (2493822.25)[0m
[97m/home/cvazquezperezdelacru/clio-core/context-runtime/src/ipc_manager.cc:2532 INFO 2493721 RegisterMemory IpcManager::RegisterMemory: Registering clio_2493822_25 from pid 2493822[0m
[97m/home/cvazquezperezdelacru/clio-core/context-runtime/src/ipc_manager.cc:2575 INFO 2493721 RegisterMemory IpcManager::RegisterMemory: Successfully registered clio_2493822_25[0m
[97m/home/cvazquezperezdelacru/clio-core/context-runtime/modules/admin/src/admin_runtime.cc:1191 INFO 2493720 RegisterMemory Admin::RegisterMemory: Registering CPU alloc_id (2493822.26)[0m
[97m/home/cvazquezperezdelacru/clio-core/context-runtime/src/ipc_manager.cc:2532 INFO 2493720 RegisterMemory IpcManager::RegisterMemory: Registering clio_2493822_26 from pid 2493822[0m
[97m/home/cvazquezperezdelacru/clio-core/context-runtime/src/ipc_manager.cc:2575 INFO 2493720 RegisterMemory IpcManager::RegisterMemory: Successfully registered clio_2493822_26[0m
[97m/home/cvazquezperezdelacru/clio-core/context-runtime/modules/admin/src/admin_runtime.cc:1191 INFO 2493720 RegisterMemory Admin::RegisterMemory: Registering CPU alloc_id (2493822.27)[0m
[97m/home/cvazquezperezdelacru/clio-core/context-runtime/src/ipc_manager.cc:2532 INFO 2493720 RegisterMemory IpcManager::RegisterMemory: Registering clio_2493822_27 from pid 2493822[0m
[97m/home/cvazquezperezdelacru/clio-core/context-runtime/src/ipc_manager.cc:2575 INFO 2493720 RegisterMemory IpcManager::RegisterMemory: Successfully registered clio_2493822_27[0m
[97m/home/cvazquezperezdelacru/clio-core/context-runtime/modules/admin/src/admin_runtime.cc:1191 INFO 2493720 RegisterMemory Admin::RegisterMemory: Registering CPU alloc_id (2493822.28)[0m
[97m/home/cvazquezperezdelacru/clio-core/context-runtime/src/ipc_manager.cc:2532 INFO 2493720 RegisterMemory IpcManager::RegisterMemory: Registering clio_2493822_28 from pid 2493822[0m
[97m/home/cvazquezperezdelacru/clio-core/context-runtime/src/ipc_manager.cc:2575 INFO 2493720 RegisterMemory IpcManager::RegisterMemory: Successfully registered clio_2493822_28[0m
[97m/home/cvazquezperezdelacru/clio-core/context-runtime/modules/admin/src/admin_runtime.cc:1191 INFO 2493721 RegisterMemory Admin::RegisterMemory: Registering CPU alloc_id (2493822.29)[0m
[97m/home/cvazquezperezdelacru/clio-core/context-runtime/src/ipc_manager.cc:2532 INFO 2493721 RegisterMemory IpcManager::RegisterMemory: Registering clio_2493822_29 from pid 2493822[0m
[97m/home/cvazquezperezdelacru/clio-core/context-runtime/src/ipc_manager.cc:2575 INFO 2493721 RegisterMemory IpcManager::RegisterMemory: Successfully registered clio_2493822_29[0m
[33m/home/cvazquezperezdelacru/clio-core/context-runtime/src/scheduler/default_sched.cc:430 WARNING 2493727 LoadBalance [#781 PDF] observed exec-time bins (cumulative): <10us=591068 <50us=16779 <500us=791 <10ms=3028 <50ms=145 <500ms=2 <1s=0 >=1s=0 | stalls_detected=0[0m
[33m/home/cvazquezperezdelacru/clio-core/context-runtime/src/scheduler/default_sched.cc:439 WARNING 2493727 LoadBalance [#785] lane rescues performed: 0[0m
[97m/home/cvazquezperezdelacru/clio-core/context-runtime/modules/admin/src/admin_runtime.cc:1191 INFO 2493721 RegisterMemory Admin::RegisterMemory: Registering CPU alloc_id (2493822.30)[0m
[97m/home/cvazquezperezdelacru/clio-core/context-runtime/src/ipc_manager.cc:2532 INFO 2493721 RegisterMemory IpcManager::RegisterMemory: Registering clio_2493822_30 from pid 2493822[0m
[97m/home/cvazquezperezdelacru/clio-core/context-runtime/src/ipc_manager.cc:2575 INFO 2493721 RegisterMemory IpcManager::RegisterMemory: Successfully registered clio_2493822_30[0m
[97m/home/cvazquezperezdelacru/clio-core/context-runtime/modules/admin/src/admin_runtime.cc:1191 INFO 2493721 RegisterMemory Admin::RegisterMemory: Registering CPU alloc_id (2493822.31)[0m
[97m/home/cvazquezperezdelacru/clio-core/context-runtime/src/ipc_manager.cc:2532 INFO 2493721 RegisterMemory IpcManager::RegisterMemory: Registering clio_2493822_31 from pid 2493822[0m
[97m/home/cvazquezperezdelacru/clio-core/context-runtime/src/ipc_manager.cc:2575 INFO 2493721 RegisterMemory IpcManager::RegisterMemory: Successfully registered clio_2493822_31[0m
[97m/home/cvazquezperezdelacru/clio-core/context-runtime/modules/admin/src/admin_runtime.cc:1191 INFO 2493720 RegisterMemory Admin::RegisterMemory: Registering CPU alloc_id (2493822.32)[0m
[97m/home/cvazquezperezdelacru/clio-core/context-runtime/src/ipc_manager.cc:2532 INFO 2493720 RegisterMemory IpcManager::RegisterMemory: Registering clio_2493822_32 from pid 2493822[0m
[97m/home/cvazquezperezdelacru/clio-core/context-runtime/src/ipc_manager.cc:2575 INFO 2493720 RegisterMemory IpcManager::RegisterMemory: Successfully registered clio_2493822_32[0m
[33m/home/cvazquezperezdelacru/clio-core/context-runtime/src/scheduler/default_sched.cc:430 WARNING 2493727 LoadBalance [#781 PDF] observed exec-time bins (cumulative): <10us=657703 <50us=18858 <500us=952 <10ms=3325 <50ms=191 <500ms=2 <1s=0 >=1s=0 | stalls_detected=0[0m
[33m/home/cvazquezperezdelacru/clio-core/context-runtime/src/scheduler/default_sched.cc:439 WARNING 2493727 LoadBalance [#785] lane rescues performed: 0[0m
[97m/home/cvazquezperezdelacru/clio-core/context-runtime/modules/admin/src/admin_runtime.cc:1191 INFO 2493720 RegisterMemory Admin::RegisterMemory: Registering CPU alloc_id (2493822.33)[0m
[97m/home/cvazquezperezdelacru/clio-core/context-runtime/src/ipc_manager.cc:2532 INFO 2493720 RegisterMemory IpcManager::RegisterMemory: Registering clio_2493822_33 from pid 2493822[0m
[97m/home/cvazquezperezdelacru/clio-core/context-runtime/src/ipc_manager.cc:2575 INFO 2493720 RegisterMemory IpcManager::RegisterMemory: Successfully registered clio_2493822_33[0m
[97m/home/cvazquezperezdelacru/clio-core/context-runtime/modules/admin/src/admin_runtime.cc:1191 INFO 2493721 RegisterMemory Admin::RegisterMemory: Registering CPU alloc_id (2493822.34)[0m
[97m/home/cvazquezperezdelacru/clio-core/context-runtime/src/ipc_manager.cc:2532 INFO 2493721 RegisterMemory IpcManager::RegisterMemory: Registering clio_2493822_34 from pid 2493822[0m
[97m/home/cvazquezperezdelacru/clio-core/context-runtime/src/ipc_manager.cc:2575 INFO 2493721 RegisterMemory IpcManager::RegisterMemory: Successfully registered clio_2493822_34[0m
[97m/home/cvazquezperezdelacru/clio-core/context-runtime/modules/admin/src/admin_runtime.cc:1191 INFO 2493720 RegisterMemory Admin::RegisterMemory: Registering CPU alloc_id (2493822.35)[0m
[97m/home/cvazquezperezdelacru/clio-core/context-runtime/src/ipc_manager.cc:2532 INFO 2493720 RegisterMemory IpcManager::RegisterMemory: Registering clio_2493822_35 from pid 2493822[0m
[97m/home/cvazquezperezdelacru/clio-core/context-runtime/src/ipc_manager.cc:2575 INFO 2493720 RegisterMemory IpcManager::RegisterMemory: Successfully registered clio_2493822_35[0m
[33m/home/cvazquezperezdelacru/clio-core/context-runtime/src/scheduler/default_sched.cc:430 WARNING 2493727 LoadBalance [#781 PDF] observed exec-time bins (cumulative): <10us=723852 <50us=20687 <500us=1101 <10ms=3655 <50ms=229 <500ms=2 <1s=0 >=1s=0 | stalls_detected=0[0m
[33m/home/cvazquezperezdelacru/clio-core/context-runtime/src/scheduler/default_sched.cc:439 WARNING 2493727 LoadBalance [#785] lane rescues performed: 0[0m
[97m/home/cvazquezperezdelacru/clio-core/context-runtime/modules/admin/src/admin_runtime.cc:1191 INFO 2493720 RegisterMemory Admin::RegisterMemory: Registering CPU alloc_id (2493822.36)[0m
[97m/home/cvazquezperezdelacru/clio-core/context-runtime/src/ipc_manager.cc:2532 INFO 2493720 RegisterMemory IpcManager::RegisterMemory: Registering clio_2493822_36 from pid 2493822[0m
[97m/home/cvazquezperezdelacru/clio-core/context-runtime/src/ipc_manager.cc:2575 INFO 2493720 RegisterMemory IpcManager::RegisterMemory: Successfully registered clio_2493822_36[0m
[97m/home/cvazquezperezdelacru/clio-core/context-runtime/modules/admin/src/admin_runtime.cc:1191 INFO 2493721 RegisterMemory Admin::RegisterMemory: Registering CPU alloc_id (2493822.37)[0m
[97m/home/cvazquezperezdelacru/clio-core/context-runtime/src/ipc_manager.cc:2532 INFO 2493721 RegisterMemory IpcManager::RegisterMemory: Registering clio_2493822_37 from pid 2493822[0m
[97m/home/cvazquezperezdelacru/clio-core/context-runtime/src/ipc_manager.cc:2575 INFO 2493721 RegisterMemory IpcManager::RegisterMemory: Successfully registered clio_2493822_37[0m
[31m/home/cvazquezperezdelacru/clio-core/context-runtime/src/scheduler/default_sched.cc:726 ERROR 2493727 LoadBalance [HANGWATCH-HB] processed=12519 outstanding=1 (queued=1 blocked=0 retry=0 periodic=7) live=1 live_stalled=0[0m
[97m/home/cvazquezperezdelacru/clio-core/context-runtime/modules/admin/src/admin_runtime.cc:1191 INFO 2493721 RegisterMemory Admin::RegisterMemory: Registering CPU alloc_id (2493822.38)[0m
[97m/home/cvazquezperezdelacru/clio-core/context-runtime/src/ipc_manager.cc:2532 INFO 2493721 RegisterMemory IpcManager::RegisterMemory: Registering clio_2493822_38 from pid 2493822[0m
[97m/home/cvazquezperezdelacru/clio-core/context-runtime/src/ipc_manager.cc:2575 INFO 2493721 RegisterMemory IpcManager::RegisterMemory: Successfully registered clio_2493822_38[0m
[33m/home/cvazquezperezdelacru/clio-core/context-runtime/src/scheduler/default_sched.cc:430 WARNING 2493727 LoadBalance [#781 PDF] observed exec-time bins (cumulative): <10us=791363 <50us=21265 <500us=1229 <10ms=3953 <50ms=256 <500ms=2 <1s=0 >=1s=0 | stalls_detected=0[0m
[33m/home/cvazquezperezdelacru/clio-core/context-runtime/src/scheduler/default_sched.cc:439 WARNING 2493727 LoadBalance [#785] lane rescues performed: 0[0m
[97m/home/cvazquezperezdelacru/clio-core/context-runtime/modules/admin/src/admin_runtime.cc:1191 INFO 2493721 RegisterMemory Admin::RegisterMemory: Registering CPU alloc_id (2493822.39)[0m
[97m/home/cvazquezperezdelacru/clio-core/context-runtime/src/ipc_manager.cc:2532 INFO 2493721 RegisterMemory IpcManager::RegisterMemory: Registering clio_2493822_39 from pid 2493822[0m
[97m/home/cvazquezperezdelacru/clio-core/context-runtime/src/ipc_manager.cc:2575 INFO 2493721 RegisterMemory IpcManager::RegisterMemory: Successfully registered clio_2493822_39[0m
[97m/home/cvazquezperezdelacru/clio-core/context-runtime/modules/admin/src/admin_runtime.cc:1191 INFO 2493721 RegisterMemory Admin::RegisterMemory: Registering CPU alloc_id (2493822.40)[0m
[97m/home/cvazquezperezdelacru/clio-core/context-runtime/src/ipc_manager.cc:2532 INFO 2493721 RegisterMemory IpcManager::RegisterMemory: Registering clio_2493822_40 from pid 2493822[0m
[97m/home/cvazquezperezdelacru/clio-core/context-runtime/src/ipc_manager.cc:2575 INFO 2493721 RegisterMemory IpcManager::RegisterMemory: Successfully registered clio_2493822_40[0m
[97m/home/cvazquezperezdelacru/clio-core/context-runtime/modules/admin/src/admin_runtime.cc:1191 INFO 2493720 RegisterMemory Admin::RegisterMemory: Registering CPU alloc_id (2493822.41)[0m
[97m/home/cvazquezperezdelacru/clio-core/context-runtime/src/ipc_manager.cc:2532 INFO 2493720 RegisterMemory IpcManager::RegisterMemory: Registering clio_2493822_41 from pid 2493822[0m
[97m/home/cvazquezperezdelacru/clio-core/context-runtime/src/ipc_manager.cc:2575 INFO 2493720 RegisterMemory IpcManager::RegisterMemory: Successfully registered clio_2493822_41[0m
[33m/home/cvazquezperezdelacru/clio-core/context-runtime/src/scheduler/default_sched.cc:430 WARNING 2493727 LoadBalance [#781 PDF] observed exec-time bins (cumulative): <10us=858308 <50us=22569 <500us=1378 <10ms=4307 <50ms=287 <500ms=2 <1s=0 >=1s=0 | stalls_detected=0[0m
[33m/home/cvazquezperezdelacru/clio-core/context-runtime/src/scheduler/default_sched.cc:439 WARNING 2493727 LoadBalance [#785] lane rescues performed: 0[0m
[97m/home/cvazquezperezdelacru/clio-core/context-runtime/modules/admin/src/admin_runtime.cc:1191 INFO 2493721 RegisterMemory Admin::RegisterMemory: Registering CPU alloc_id (2493822.42)[0m
[97m/home/cvazquezperezdelacru/clio-core/context-runtime/src/ipc_manager.cc:2532 INFO 2493721 RegisterMemory IpcManager::RegisterMemory: Registering clio_2493822_42 from pid 2493822[0m
[97m/home/cvazquezperezdelacru/clio-core/context-runtime/src/ipc_manager.cc:2575 INFO 2493721 RegisterMemory IpcManager::RegisterMemory: Successfully registered clio_2493822_42[0m
[97m/home/cvazquezperezdelacru/clio-core/context-runtime/modules/admin/src/admin_runtime.cc:1191 INFO 2493721 RegisterMemory Admin::RegisterMemory: Registering CPU alloc_id (2493822.43)[0m
[97m/home/cvazquezperezdelacru/clio-core/context-runtime/src/ipc_manager.cc:2532 INFO 2493721 RegisterMemory IpcManager::RegisterMemory: Registering clio_2493822_43 from pid 2493822[0m
[97m/home/cvazquezperezdelacru/clio-core/context-runtime/src/ipc_manager.cc:2575 INFO 2493721 RegisterMemory IpcManager::RegisterMemory: Successfully registered clio_2493822_43[0m
[97m/home/cvazquezperezdelacru/clio-core/context-runtime/modules/admin/src/admin_runtime.cc:1191 INFO 2493721 RegisterMemory Admin::RegisterMemory: Registering CPU alloc_id (2493822.44)[0m
[97m/home/cvazquezperezdelacru/clio-core/context-runtime/src/ipc_manager.cc:2532 INFO 2493721 RegisterMemory IpcManager::RegisterMemory: Registering clio_2493822_44 from pid 2493822[0m
[97m/home/cvazquezperezdelacru/clio-core/context-runtime/src/ipc_manager.cc:2575 INFO 2493721 RegisterMemory IpcManager::RegisterMemory: Successfully registered clio_2493822_44[0m
[97m/home/cvazquezperezdelacru/clio-core/context-runtime/modules/admin/src/admin_runtime.cc:1191 INFO 2493721 RegisterMemory Admin::RegisterMemory: Registering CPU alloc_id (2493822.45)[0m
[97m/home/cvazquezperezdelacru/clio-core/context-runtime/src/ipc_manager.cc:2532 INFO 2493721 RegisterMemory IpcManager::RegisterMemory: Registering clio_2493822_45 from pid 2493822[0m
[97m/home/cvazquezperezdelacru/clio-core/context-runtime/src/ipc_manager.cc:2575 INFO 2493721 RegisterMemory IpcManager::RegisterMemory: Successfully registered clio_2493822_45[0m
[33m/home/cvazquezperezdelacru/clio-core/context-runtime/src/scheduler/default_sched.cc:430 WARNING 2493727 LoadBalance [#781 PDF] observed exec-time bins (cumulative): <10us=925853 <50us=23378 <500us=1499 <10ms=4753 <50ms=299 <500ms=4 <1s=0 >=1s=0 | stalls_detected=0[0m
[33m/home/cvazquezperezdelacru/clio-core/context-runtime/src/scheduler/default_sched.cc:439 WARNING 2493727 LoadBalance [#785] lane rescues performed: 0[0m
[97m/home/cvazquezperezdelacru/clio-core/context-runtime/modules/admin/src/admin_runtime.cc:1191 INFO 2493721 RegisterMemory Admin::RegisterMemory: Registering CPU alloc_id (2493822.46)[0m
[97m/home/cvazquezperezdelacru/clio-core/context-runtime/src/ipc_manager.cc:2532 INFO 2493721 RegisterMemory IpcManager::RegisterMemory: Registering clio_2493822_46 from pid 2493822[0m
[97m/home/cvazquezperezdelacru/clio-core/context-runtime/src/ipc_manager.cc:2575 INFO 2493721 RegisterMemory IpcManager::RegisterMemory: Successfully registered clio_2493822_46[0m
[97m/home/cvazquezperezdelacru/clio-core/context-runtime/modules/admin/src/admin_runtime.cc:1191 INFO 2493723 RegisterMemory Admin::RegisterMemory: Registering CPU alloc_id (2493822.47)[0m
[97m/home/cvazquezperezdelacru/clio-core/context-runtime/src/ipc_manager.cc:2532 INFO 2493723 RegisterMemory IpcManager::RegisterMemory: Registering clio_2493822_47 from pid 2493822[0m
[97m/home/cvazquezperezdelacru/clio-core/context-runtime/src/ipc_manager.cc:2575 INFO 2493723 RegisterMemory IpcManager::RegisterMemory: Successfully registered clio_2493822_47[0m
[97m/home/cvazquezperezdelacru/clio-core/context-runtime/modules/admin/src/admin_runtime.cc:1191 INFO 2493720 RegisterMemory Admin::RegisterMemory: Registering CPU alloc_id (2493822.48)[0m
[97m/home/cvazquezperezdelacru/clio-core/context-runtime/src/ipc_manager.cc:2532 INFO 2493720 RegisterMemory IpcManager::RegisterMemory: Registering clio_2493822_48 from pid 2493822[0m
[97m/home/cvazquezperezdelacru/clio-core/context-runtime/src/ipc_manager.cc:2575 INFO 2493720 RegisterMemory IpcManager::RegisterMemory: Successfully registered clio_2493822_48[0m
[97m/home/cvazquezperezdelacru/clio-core/context-runtime/modules/admin/src/admin_runtime.cc:1191 INFO 2493721 RegisterMemory Admin::RegisterMemory: Registering CPU alloc_id (2493822.49)[0m
[97m/home/cvazquezperezdelacru/clio-core/context-runtime/src/ipc_manager.cc:2532 INFO 2493721 RegisterMemory IpcManager::RegisterMemory: Registering clio_2493822_49 from pid 2493822[0m
[97m/home/cvazquezperezdelacru/clio-core/context-runtime/src/ipc_manager.cc:2575 INFO 2493721 RegisterMemory IpcManager::RegisterMemory: Successfully registered clio_2493822_49[0m
[33m/home/cvazquezperezdelacru/clio-core/context-runtime/src/scheduler/default_sched.cc:430 WARNING 2493727 LoadBalance [#781 PDF] observed exec-time bins (cumulative): <10us=989904 <50us=28451 <500us=1557 <10ms=5363 <50ms=303 <500ms=6 <1s=0 >=1s=0 | stalls_detected=0[0m
[33m/home/cvazquezperezdelacru/clio-core/context-runtime/src/scheduler/default_sched.cc:439 WARNING 2493727 LoadBalance [#785] lane rescues performed: 0[0m
[97m/home/cvazquezperezdelacru/clio-core/context-runtime/modules/admin/src/admin_runtime.cc:1191 INFO 2493721 RegisterMemory Admin::RegisterMemory: Registering CPU alloc_id (2493822.50)[0m
[97m/home/cvazquezperezdelacru/clio-core/context-runtime/src/ipc_manager.cc:2532 INFO 2493721 RegisterMemory IpcManager::RegisterMemory: Registering clio_2493822_50 from pid 2493822[0m
[97m/home/cvazquezperezdelacru/clio-core/context-runtime/src/ipc_manager.cc:2575 INFO 2493721 RegisterMemory IpcManager::RegisterMemory: Successfully registered clio_2493822_50[0m
[97m/home/cvazquezperezdelacru/clio-core/context-runtime/modules/admin/src/admin_runtime.cc:1191 INFO 2493721 RegisterMemory Admin::RegisterMemory: Registering CPU alloc_id (2493822.51)[0m
[97m/home/cvazquezperezdelacru/clio-core/context-runtime/src/ipc_manager.cc:2532 INFO 2493721 RegisterMemory IpcManager::RegisterMemory: Registering clio_2493822_51 from pid 2493822[0m
[97m/home/cvazquezperezdelacru/clio-core/context-runtime/src/ipc_manager.cc:2575 INFO 2493721 RegisterMemory IpcManager::RegisterMemory: Successfully registered clio_2493822_51[0m
[97m/home/cvazquezperezdelacru/clio-core/context-runtime/modules/admin/src/admin_runtime.cc:1191 INFO 2493720 RegisterMemory Admin::RegisterMemory: Registering CPU alloc_id (2493822.52)[0m
[97m/home/cvazquezperezdelacru/clio-core/context-runtime/src/ipc_manager.cc:2532 INFO 2493720 RegisterMemory IpcManager::RegisterMemory: Registering clio_2493822_52 from pid 2493822[0m
[97m/home/cvazquezperezdelacru/clio-core/context-runtime/src/ipc_manager.cc:2575 INFO 2493720 RegisterMemory IpcManager::RegisterMemory: Successfully registered clio_2493822_52[0m
[97m/home/cvazquezperezdelacru/clio-core/context-runtime/modules/admin/src/admin_runtime.cc:1191 INFO 2493720 RegisterMemory Admin::RegisterMemory: Registering CPU alloc_id (2493822.53)[0m
[97m/home/cvazquezperezdelacru/clio-core/context-runtime/src/ipc_manager.cc:2532 INFO 2493720 RegisterMemory IpcManager::RegisterMemory: Registering clio_2493822_53 from pid 2493822[0m
[97m/home/cvazquezperezdelacru/clio-core/context-runtime/src/ipc_manager.cc:2575 INFO 2493720 RegisterMemory IpcManager::RegisterMemory: Successfully registered clio_2493822_53[0m
[33m/home/cvazquezperezdelacru/clio-core/context-runtime/src/scheduler/default_sched.cc:430 WARNING 2493727 LoadBalance [#781 PDF] observed exec-time bins (cumulative): <10us=1056379 <50us=30602 <500us=1674 <10ms=5967 <50ms=311 <500ms=9 <1s=0 >=1s=0 | stalls_detected=0[0m
[33m/home/cvazquezperezdelacru/clio-core/context-runtime/src/scheduler/default_sched.cc:439 WARNING 2493727 LoadBalance [#785] lane rescues performed: 0[0m
[97m/home/cvazquezperezdelacru/clio-core/context-runtime/modules/admin/src/admin_runtime.cc:1191 INFO 2493721 RegisterMemory Admin::RegisterMemory: Registering CPU alloc_id (2493822.54)[0m
[97m/home/cvazquezperezdelacru/clio-core/context-runtime/src/ipc_manager.cc:2532 INFO 2493721 RegisterMemory IpcManager::RegisterMemory: Registering clio_2493822_54 from pid 2493822[0m
[97m/home/cvazquezperezdelacru/clio-core/context-runtime/src/ipc_manager.cc:2575 INFO 2493721 RegisterMemory IpcManager::RegisterMemory: Successfully registered clio_2493822_54[0m
[97m/home/cvazquezperezdelacru/clio-core/context-runtime/modules/admin/src/admin_runtime.cc:1191 INFO 2493720 RegisterMemory Admin::RegisterMemory: Registering CPU alloc_id (2493822.55)[0m
[97m/home/cvazquezperezdelacru/clio-core/context-runtime/src/ipc_manager.cc:2532 INFO 2493720 RegisterMemory IpcManager::RegisterMemory: Registering clio_2493822_55 from pid 2493822[0m
[97m/home/cvazquezperezdelacru/clio-core/context-runtime/src/ipc_manager.cc:2575 INFO 2493720 RegisterMemory IpcManager::RegisterMemory: Successfully registered clio_2493822_55[0m
[33m/home/cvazquezperezdelacru/clio-core/context-runtime/src/scheduler/default_sched.cc:430 WARNING 2493727 LoadBalance [#781 PDF] observed exec-time bins (cumulative): <10us=1124373 <50us=31586 <500us=1819 <10ms=6522 <50ms=320 <500ms=11 <1s=0 >=1s=0 | stalls_detected=0[0m
[33m/home/cvazquezperezdelacru/clio-core/context-runtime/src/scheduler/default_sched.cc:439 WARNING 2493727 LoadBalance [#785] lane rescues performed: 0[0m
[97m/home/cvazquezperezdelacru/clio-core/context-runtime/modules/admin/src/admin_runtime.cc:1191 INFO 2493720 RegisterMemory Admin::RegisterMemory: Registering CPU alloc_id (2493822.56)[0m
[97m/home/cvazquezperezdelacru/clio-core/context-runtime/src/ipc_manager.cc:2532 INFO 2493720 RegisterMemory IpcManager::RegisterMemory: Registering clio_2493822_56 from pid 2493822[0m
[97m/home/cvazquezperezdelacru/clio-core/context-runtime/src/ipc_manager.cc:2575 INFO 2493720 RegisterMemory IpcManager::RegisterMemory: Successfully registered clio_2493822_56[0m
[97m/home/cvazquezperezdelacru/clio-core/context-runtime/modules/admin/src/admin_runtime.cc:1191 INFO 2493721 RegisterMemory Admin::RegisterMemory: Registering CPU alloc_id (2493822.57)[0m
[97m/home/cvazquezperezdelacru/clio-core/context-runtime/src/ipc_manager.cc:2532 INFO 2493721 RegisterMemory IpcManager::RegisterMemory: Registering clio_2493822_57 from pid 2493822[0m
[97m/home/cvazquezperezdelacru/clio-core/context-runtime/src/ipc_manager.cc:2575 INFO 2493721 RegisterMemory IpcManager::RegisterMemory: Successfully registered clio_2493822_57[0m
[97m/home/cvazquezperezdelacru/clio-core/context-runtime/modules/admin/src/admin_runtime.cc:1191 INFO 2493721 RegisterMemory Admin::RegisterMemory: Registering CPU alloc_id (2493822.58)[0m
[97m/home/cvazquezperezdelacru/clio-core/context-runtime/src/ipc_manager.cc:2532 INFO 2493721 RegisterMemory IpcManager::RegisterMemory: Registering clio_2493822_58 from pid 2493822[0m
[97m/home/cvazquezperezdelacru/clio-core/context-runtime/src/ipc_manager.cc:2575 INFO 2493721 RegisterMemory IpcManager::RegisterMemory: Successfully registered clio_2493822_58[0m
[97m/home/cvazquezperezdelacru/clio-core/context-runtime/modules/admin/src/admin_runtime.cc:1191 INFO 2493721 RegisterMemory Admin::RegisterMemory: Registering CPU alloc_id (2493822.59)[0m
[97m/home/cvazquezperezdelacru/clio-core/context-runtime/src/ipc_manager.cc:2532 INFO 2493721 RegisterMemory IpcManager::RegisterMemory: Registering clio_2493822_59 from pid 2493822[0m
[97m/home/cvazquezperezdelacru/clio-core/context-runtime/src/ipc_manager.cc:2575 INFO 2493721 RegisterMemory IpcManager::RegisterMemory: Successfully registered clio_2493822_59[0m
[33m/home/cvazquezperezdelacru/clio-core/context-runtime/src/scheduler/default_sched.cc:430 WARNING 2493727 LoadBalance [#781 PDF] observed exec-time bins (cumulative): <10us=1196064 <50us=32341 <500us=1980 <10ms=6883 <50ms=325 <500ms=12 <1s=0 >=1s=0 | stalls_detected=0[0m
[33m/home/cvazquezperezdelacru/clio-core/context-runtime/src/scheduler/default_sched.cc:439 WARNING 2493727 LoadBalance [#785] lane rescues performed: 0[0m
[97m/home/cvazquezperezdelacru/clio-core/context-runtime/modules/admin/src/admin_runtime.cc:1191 INFO 2493720 RegisterMemory Admin::RegisterMemory: Registering CPU alloc_id (2493822.60)[0m
[97m/home/cvazquezperezdelacru/clio-core/context-runtime/src/ipc_manager.cc:2532 INFO 2493720 RegisterMemory IpcManager::RegisterMemory: Registering clio_2493822_60 from pid 2493822[0m
[97m/home/cvazquezperezdelacru/clio-core/context-runtime/src/ipc_manager.cc:2575 INFO 2493720 RegisterMemory IpcManager::RegisterMemory: Successfully registered clio_2493822_60[0m
[97m/home/cvazquezperezdelacru/clio-core/context-runtime/modules/admin/src/admin_runtime.cc:1191 INFO 2493721 RegisterMemory Admin::RegisterMemory: Registering CPU alloc_id (2493822.61)[0m
[97m/home/cvazquezperezdelacru/clio-core/context-runtime/src/ipc_manager.cc:2532 INFO 2493721 RegisterMemory IpcManager::RegisterMemory: Registering clio_2493822_61 from pid 2493822[0m
[97m/home/cvazquezperezdelacru/clio-core/context-runtime/src/ipc_manager.cc:2575 INFO 2493721 RegisterMemory IpcManager::RegisterMemory: Successfully registered clio_2493822_61[0m
[97m/home/cvazquezperezdelacru/clio-core/context-runtime/modules/admin/src/admin_runtime.cc:1191 INFO 2493720 RegisterMemory Admin::RegisterMemory: Registering CPU alloc_id (2493822.62)[0m
[97m/home/cvazquezperezdelacru/clio-core/context-runtime/src/ipc_manager.cc:2532 INFO 2493720 RegisterMemory IpcManager::RegisterMemory: Registering clio_2493822_62 from pid 2493822[0m
[97m/home/cvazquezperezdelacru/clio-core/context-runtime/src/ipc_manager.cc:2575 INFO 2493720 RegisterMemory IpcManager::RegisterMemory: Successfully registered clio_2493822_62[0m
[33m/home/cvazquezperezdelacru/clio-core/context-runtime/src/scheduler/default_sched.cc:430 WARNING 2493727 LoadBalance [#781 PDF] observed exec-time bins (cumulative): <10us=1269693 <50us=33240 <500us=2135 <10ms=7260 <50ms=331 <500ms=13 <1s=0 >=1s=0 | stalls_detected=0[0m
[33m/home/cvazquezperezdelacru/clio-core/context-runtime/src/scheduler/default_sched.cc:439 WARNING 2493727 LoadBalance [#785] lane rescues performed: 0[0m
[97m/home/cvazquezperezdelacru/clio-core/context-runtime/modules/admin/src/admin_runtime.cc:1191 INFO 2493720 RegisterMemory Admin::RegisterMemory: Registering CPU alloc_id (2493822.63)[0m
[97m/home/cvazquezperezdelacru/clio-core/context-runtime/src/ipc_manager.cc:2532 INFO 2493720 RegisterMemory IpcManager::RegisterMemory: Registering clio_2493822_63 from pid 2493822[0m
[97m/home/cvazquezperezdelacru/clio-core/context-runtime/src/ipc_manager.cc:2575 INFO 2493720 RegisterMemory IpcManager::RegisterMemory: Successfully registered clio_2493822_63[0m
[97m/home/cvazquezperezdelacru/clio-core/context-runtime/modules/admin/src/admin_runtime.cc:1191 INFO 2493721 RegisterMemory Admin::RegisterMemory: Registering CPU alloc_id (2493822.64)[0m
[97m/home/cvazquezperezdelacru/clio-core/context-runtime/src/ipc_manager.cc:2532 INFO 2493721 RegisterMemory IpcManager::RegisterMemory: Registering clio_2493822_64 from pid 2493822[0m
[97m/home/cvazquezperezdelacru/clio-core/context-runtime/src/ipc_manager.cc:2575 INFO 2493721 RegisterMemory IpcManager::RegisterMemory: Successfully registered clio_2493822_64[0m
[33m/home/cvazquezperezdelacru/clio-core/context-runtime/src/scheduler/default_sched.cc:430 WARNING 2493727 LoadBalance [#781 PDF] observed exec-time bins (cumulative): <10us=1336662 <50us=34455 <500us=2287 <10ms=7589 <50ms=338 <500ms=14 <1s=0 >=1s=0 | stalls_detected=0[0m
[33m/home/cvazquezperezdelacru/clio-core/context-runtime/src/scheduler/default_sched.cc:439 WARNING 2493727 LoadBalance [#785] lane rescues performed: 0[0m
[97m/home/cvazquezperezdelacru/clio-core/context-runtime/modules/admin/src/admin_runtime.cc:1191 INFO 2493720 RegisterMemory Admin::RegisterMemory: Registering CPU alloc_id (2493822.65)[0m
[97m/home/cvazquezperezdelacru/clio-core/context-runtime/src/ipc_manager.cc:2532 INFO 2493720 RegisterMemory IpcManager::RegisterMemory: Registering clio_2493822_65 from pid 2493822[0m
[97m/home/cvazquezperezdelacru/clio-core/context-runtime/src/ipc_manager.cc:2575 INFO 2493720 RegisterMemory IpcManager::RegisterMemory: Successfully registered clio_2493822_65[0m
[97m/home/cvazquezperezdelacru/clio-core/context-runtime/modules/admin/src/admin_runtime.cc:1191 INFO 2493721 RegisterMemory Admin::RegisterMemory: Registering CPU alloc_id (2493822.66)[0m
[97m/home/cvazquezperezdelacru/clio-core/context-runtime/src/ipc_manager.cc:2532 INFO 2493721 RegisterMemory IpcManager::RegisterMemory: Registering clio_2493822_66 from pid 2493822[0m
[97m/home/cvazquezperezdelacru/clio-core/context-runtime/src/ipc_manager.cc:2575 INFO 2493721 RegisterMemory IpcManager::RegisterMemory: Successfully registered clio_2493822_66[0m
[97m/home/cvazquezperezdelacru/clio-core/context-runtime/modules/admin/src/admin_runtime.cc:1191 INFO 2493720 RegisterMemory Admin::RegisterMemory: Registering CPU alloc_id (2493822.67)[0m
[97m/home/cvazquezperezdelacru/clio-core/context-runtime/src/ipc_manager.cc:2532 INFO 2493720 RegisterMemory IpcManager::RegisterMemory: Registering clio_2493822_67 from pid 2493822[0m
[97m/home/cvazquezperezdelacru/clio-core/context-runtime/src/ipc_manager.cc:2575 INFO 2493720 RegisterMemory IpcManager::RegisterMemory: Successfully registered clio_2493822_67[0m
[33m/home/cvazquezperezdelacru/clio-core/context-runtime/src/scheduler/default_sched.cc:430 WARNING 2493727 LoadBalance [#781 PDF] observed exec-time bins (cumulative): <10us=1402607 <50us=36666 <500us=2395 <10ms=7885 <50ms=345 <500ms=15 <1s=0 >=1s=0 | stalls_detected=0[0m
[33m/home/cvazquezperezdelacru/clio-core/context-runtime/src/scheduler/default_sched.cc:439 WARNING 2493727 LoadBalance [#785] lane rescues performed: 0[0m
[97m/home/cvazquezperezdelacru/clio-core/context-runtime/src/ipc_manager.cc:2288 INFO 2493729 GetOrCreateClient [ClientPool] Creating new persistent connection to 127.0.0.1:46565[0m
[97m/home/cvazquezperezdelacru/clio-core/context-runtime/src/ipc_manager.cc:2308 INFO 2493729 GetOrCreateClient [ClientPool] Connection established to 127.0.0.1:46565[0m
[97m/home/cvazquezperezdelacru/clio-core/context-runtime/modules/admin/src/admin_runtime.cc:1191 INFO 2493720 RegisterMemory Admin::RegisterMemory: Registering CPU alloc_id (2494082.0)[0m
[97m/home/cvazquezperezdelacru/clio-core/context-runtime/src/ipc_manager.cc:2532 INFO 2493720 RegisterMemory IpcManager::RegisterMemory: Registering clio_2494082_0 from pid 2494082[0m
[97m/home/cvazquezperezdelacru/clio-core/context-runtime/src/ipc_manager.cc:2575 INFO 2493720 RegisterMemory IpcManager::RegisterMemory: Successfully registered clio_2494082_0[0m
[97m/home/cvazquezperezdelacru/clio-core/context-runtime/src/pool_manager.cc:534 INFO 2493720 CreatePool PoolManager: Creating pool 'clio_cte_core' with 1 containers (one per node)[0m
[97m/home/cvazquezperezdelacru/clio-core/context-runtime/src/pool_manager.cc:575 INFO 2493720 CreatePool PoolManager: Pool PoolId(major:512, minor:0) already exists by ID, returning existing pool[0m
[97m/home/cvazquezperezdelacru/clio-core/context-runtime/src/pool_manager.cc:534 INFO 2493720 CreatePool PoolManager: Creating pool 'faiss_ivf_bench' with 1 containers (one per node)[0m
[97m/home/cvazquezperezdelacru/clio-core/context-runtime/src/pool_manager.cc:575 INFO 2493720 CreatePool PoolManager: Pool PoolId(major:600, minor:0) already exists by ID, returning existing pool[0m
[97m/home/cvazquezperezdelacru/clio-core/context-runtime/src/ipc_manager.cc:2440 INFO 2493719 IncreaseClientShm IpcManager::IncreaseClientShm: Creating clio_2493698_4 with size 117604352 (84049920 + 33554432 overhead)[0m
[97m/home/cvazquezperezdelacru/clio-core/context-runtime/src/ipc_manager.cc:2485 INFO 2493719 IncreaseClientShm IpcManager::IncreaseClientShm: Created allocator clio_2493698_4 with ID (2493698.4)[0m
[97m/mnt/common/cvazquezperezdelacru/IOWARP/faiss/contrib/iowarp/chimod/src/faiss_ivf_runtime.cc:229 INFO 2493719 OpenIndex faiss_ivf: opened '/mnt/common/cvazquezperezdelacru/faiss/slurm_bench/work/ondisk_nb50M.index' (d=128, nlist=8192, ntotal=50000000, tag='faiss_ivf::ondisk_nb50M')[0m
[97m/mnt/common/cvazquezperezdelacru/IOWARP/faiss/contrib/iowarp/chimod/src/faiss_ivf_runtime.cc:300 INFO 2493719 Search faiss_ivf: Search nq=500 k=10 nprobe=128 unique_lists=8154[0m
[97m/home/cvazquezperezdelacru/clio-core/context-runtime/src/ipc_manager.cc:2440 INFO 2493719 IncreaseClientShm IpcManager::IncreaseClientShm: Creating clio_2493698_5 with size 124221312 (90666880 + 33554432 overhead)[0m
[97m/home/cvazquezperezdelacru/clio-core/context-runtime/src/ipc_manager.cc:2485 INFO 2493719 IncreaseClientShm IpcManager::IncreaseClientShm: Created allocator clio_2493698_5 with ID (2493698.5)[0m
[97m/home/cvazquezperezdelacru/clio-core/context-runtime/src/ipc_manager.cc:2440 INFO 2493719 IncreaseClientShm IpcManager::IncreaseClientShm: Creating clio_2493698_6 with size 141473616 (107919184 + 33554432 overhead)[0m
[97m/home/cvazquezperezdelacru/clio-core/context-runtime/src/ipc_manager.cc:2485 INFO 2493719 IncreaseClientShm IpcManager::IncreaseClientShm: Created allocator clio_2493698_6 with ID (2493698.6)[0m
[33m/home/cvazquezperezdelacru/clio-core/context-runtime/src/scheduler/default_sched.cc:430 WARNING 2493727 LoadBalance [#781 PDF] observed exec-time bins (cumulative): <10us=1458037 <50us=43991 <500us=2864 <10ms=7889 <50ms=346 <500ms=15 <1s=0 >=1s=0 | stalls_detected=0[0m
[33m/home/cvazquezperezdelacru/clio-core/context-runtime/src/scheduler/default_sched.cc:439 WARNING 2493727 LoadBalance [#785] lane rescues performed: 0[0m
[97m/home/cvazquezperezdelacru/clio-core/context-runtime/src/ipc_manager.cc:2440 INFO 2493719 IncreaseClientShm IpcManager::IncreaseClientShm: Creating clio_2493698_7 with size 155888016 (122333584 + 33554432 overhead)[0m
[97m/home/cvazquezperezdelacru/clio-core/context-runtime/src/ipc_manager.cc:2485 INFO 2493719 IncreaseClientShm IpcManager::IncreaseClientShm: Created allocator clio_2493698_7 with ID (2493698.7)[0m
[97m/home/cvazquezperezdelacru/clio-core/context-runtime/src/ipc_manager.cc:2440 INFO 2493719 IncreaseClientShm IpcManager::IncreaseClientShm: Creating clio_2493698_8 with size 135708112 (102153680 + 33554432 overhead)[0m
[97m/home/cvazquezperezdelacru/clio-core/context-runtime/src/ipc_manager.cc:2485 INFO 2493719 IncreaseClientShm IpcManager::IncreaseClientShm: Created allocator clio_2493698_8 with ID (2493698.8)[0m
[33m/home/cvazquezperezdelacru/clio-core/context-runtime/src/scheduler/default_sched.cc:455 WARNING 2493727 operator() [#781] worker 0 STALLED on one task (load_us=3.8147e-05 realtime_load_us=1.36449e+06 threshold_s=1)[0m
[33m/home/cvazquezperezdelacru/clio-core/context-runtime/src/worker.cc:370 WARNING 2493727 AdoptLane [#785] worker 0 adopted lane 0x7fc82a7401e8[0m
[33m/home/cvazquezperezdelacru/clio-core/context-runtime/src/work_orchestrator.cc:545 WARNING 2493727 SpawnAdditionalWorker [#785] spawned elastic worker 8 (pool now 9 workers)[0m
[33m/home/cvazquezperezdelacru/clio-core/context-runtime/src/scheduler/default_sched.cc:598 WARNING 2493727 operator() [#785] RESCUE: stalled worker 0 -> worker 8 (0 parked task(s) moved, 0 queued task(s) redistributed, rescues=1)[0m
[97m/home/cvazquezperezdelacru/clio-core/context-runtime/src/ipc_manager.cc:2440 INFO 2493719 IncreaseClientShm IpcManager::IncreaseClientShm: Creating clio_2493698_9 with size 135241408 (101686976 + 33554432 overhead)[0m
[97m/home/cvazquezperezdelacru/clio-core/context-runtime/src/ipc_manager.cc:2485 INFO 2493719 IncreaseClientShm IpcManager::IncreaseClientShm: Created allocator clio_2493698_9 with ID (2493698.9)[0m
[33m/home/cvazquezperezdelacru/clio-core/context-runtime/src/scheduler/default_sched.cc:455 WARNING 2493727 operator() [#781] worker 0 STALLED on one task (load_us=3.8147e-05 realtime_load_us=1.866e+06 threshold_s=1)[0m
[33m/home/cvazquezperezdelacru/clio-core/context-runtime/src/worker.cc:370 WARNING 2493727 AdoptLane [#785] worker 0 adopted lane 0x7fc82a7401e8[0m
[33m/home/cvazquezperezdelacru/clio-core/context-runtime/src/scheduler/default_sched.cc:598 WARNING 2493727 operator() [#785] RESCUE: stalled worker 0 -> worker 8 (0 parked task(s) moved, 0 queued task(s) redistributed, rescues=2)[0m
[97m/home/cvazquezperezdelacru/clio-core/context-runtime/src/ipc_manager.cc:2440 INFO 2493719 IncreaseClientShm IpcManager::IncreaseClientShm: Creating clio_2493698_10 with size 134744816 (101190384 + 33554432 overhead)[0m
[97m/home/cvazquezperezdelacru/clio-core/context-runtime/src/ipc_manager.cc:2485 INFO 2493719 IncreaseClientShm IpcManager::IncreaseClientShm: Created allocator clio_2493698_10 with ID (2493698.10)[0m
[33m/home/cvazquezperezdelacru/clio-core/context-runtime/src/scheduler/default_sched.cc:455 WARNING 2493727 operator() [#781] worker 0 STALLED on one task (load_us=3.8147e-05 realtime_load_us=2.36662e+06 threshold_s=1)[0m
[33m/home/cvazquezperezdelacru/clio-core/context-runtime/src/worker.cc:370 WARNING 2493727 AdoptLane [#785] worker 0 adopted lane 0x7fc82a7401e8[0m
[33m/home/cvazquezperezdelacru/clio-core/context-runtime/src/scheduler/default_sched.cc:598 WARNING 2493727 operator() [#785] RESCUE: stalled worker 0 -> worker 8 (0 parked task(s) moved, 0 queued task(s) redistributed, rescues=3)[0m
[97m/home/cvazquezperezdelacru/clio-core/context-runtime/src/ipc_manager.cc:2440 INFO 2493719 IncreaseClientShm IpcManager::IncreaseClientShm: Creating clio_2493698_11 with size 129930912 (96376480 + 33554432 overhead)[0m
[97m/home/cvazquezperezdelacru/clio-core/context-runtime/src/ipc_manager.cc:2485 INFO 2493719 IncreaseClientShm IpcManager::IncreaseClientShm: Created allocator clio_2493698_11 with ID (2493698.11)[0m
[97m/home/cvazquezperezdelacru/clio-core/context-runtime/src/ipc_manager.cc:2440 INFO 2493719 IncreaseClientShm IpcManager::IncreaseClientShm: Creating clio_2493698_12 with size 132458112 (98903680 + 33554432 overhead)[0m
[97m/home/cvazquezperezdelacru/clio-core/context-runtime/src/ipc_manager.cc:2485 INFO 2493719 IncreaseClientShm IpcManager::IncreaseClientShm: Created allocator clio_2493698_12 with ID (2493698.12)[0m
[97m/home/cvazquezperezdelacru/clio-core/context-runtime/src/ipc_manager.cc:2440 INFO 2493719 IncreaseClientShm IpcManager::IncreaseClientShm: Creating clio_2493698_13 with size 131929008 (98374576 + 33554432 overhead)[0m
[97m/home/cvazquezperezdelacru/clio-core/context-runtime/src/ipc_manager.cc:2485 INFO 2493719 IncreaseClientShm IpcManager::IncreaseClientShm: Created allocator clio_2493698_13 with ID (2493698.13)[0m
[33m/home/cvazquezperezdelacru/clio-core/context-runtime/src/scheduler/default_sched.cc:455 WARNING 2493727 operator() [#781] worker 0 STALLED on one task (load_us=3.8147e-05 realtime_load_us=2.86733e+06 threshold_s=1)[0m
[33m/home/cvazquezperezdelacru/clio-core/context-runtime/src/worker.cc:370 WARNING 2493727 AdoptLane [#785] worker 0 adopted lane 0x7fc82a7401e8[0m
[33m/home/cvazquezperezdelacru/clio-core/context-runtime/src/scheduler/default_sched.cc:598 WARNING 2493727 operator() [#785] RESCUE: stalled worker 0 -> worker 8 (0 parked task(s) moved, 0 queued task(s) redistributed, rescues=4)[0m
[97m/home/cvazquezperezdelacru/clio-core/context-runtime/src/ipc_manager.cc:2440 INFO 2493719 IncreaseClientShm IpcManager::IncreaseClientShm: Creating clio_2493698_14 with size 128406016 (94851584 + 33554432 overhead)[0m
[97m/home/cvazquezperezdelacru/clio-core/context-runtime/src/ipc_manager.cc:2485 INFO 2493719 IncreaseClientShm IpcManager::IncreaseClientShm: Created allocator clio_2493698_14 with ID (2493698.14)[0m
[33m/home/cvazquezperezdelacru/clio-core/context-runtime/src/scheduler/default_sched.cc:455 WARNING 2493727 operator() [#781] worker 0 STALLED on one task (load_us=3.8147e-05 realtime_load_us=3.36796e+06 threshold_s=1)[0m
[33m/home/cvazquezperezdelacru/clio-core/context-runtime/src/worker.cc:370 WARNING 2493727 AdoptLane [#785] worker 0 adopted lane 0x7fc82a7401e8[0m
[33m/home/cvazquezperezdelacru/clio-core/context-runtime/src/scheduler/default_sched.cc:598 WARNING 2493727 operator() [#785] RESCUE: stalled worker 0 -> worker 8 (0 parked task(s) moved, 0 queued task(s) redistributed, rescues=5)[0m
[97m/home/cvazquezperezdelacru/clio-core/context-runtime/src/ipc_manager.cc:2440 INFO 2493719 IncreaseClientShm IpcManager::IncreaseClientShm: Creating clio_2493698_15 with size 138245712 (104691280 + 33554432 overhead)[0m
[97m/home/cvazquezperezdelacru/clio-core/context-runtime/src/ipc_manager.cc:2485 INFO 2493719 IncreaseClientShm IpcManager::IncreaseClientShm: Created allocator clio_2493698_15 with ID (2493698.15)[0m
[97m/home/cvazquezperezdelacru/clio-core/context-runtime/src/ipc_manager.cc:2440 INFO 2493719 IncreaseClientShm IpcManager::IncreaseClientShm: Creating clio_2493698_16 with size 129945216 (96390784 + 33554432 overhead)[0m
[97m/home/cvazquezperezdelacru/clio-core/context-runtime/src/ipc_manager.cc:2485 INFO 2493719 IncreaseClientShm IpcManager::IncreaseClientShm: Created allocator clio_2493698_16 with ID (2493698.16)[0m
[33m/home/cvazquezperezdelacru/clio-core/context-runtime/src/scheduler/default_sched.cc:455 WARNING 2493727 operator() [#781] worker 0 STALLED on one task (load_us=3.8147e-05 realtime_load_us=3.86852e+06 threshold_s=1)[0m
[33m/home/cvazquezperezdelacru/clio-core/context-runtime/src/worker.cc:370 WARNING 2493727 AdoptLane [#785] worker 0 adopted lane 0x7fc82a7401e8[0m
[33m/home/cvazquezperezdelacru/clio-core/context-runtime/src/scheduler/default_sched.cc:598 WARNING 2493727 operator() [#785] RESCUE: stalled worker 0 -> worker 8 (0 parked task(s) moved, 0 queued task(s) redistributed, rescues=6)[0m
[97m/home/cvazquezperezdelacru/clio-core/context-runtime/src/ipc_manager.cc:2440 INFO 2493719 IncreaseClientShm IpcManager::IncreaseClientShm: Creating clio_2493698_17 with size 131606608 (98052176 + 33554432 overhead)[0m
[97m/home/cvazquezperezdelacru/clio-core/context-runtime/src/ipc_manager.cc:2485 INFO 2493719 IncreaseClientShm IpcManager::IncreaseClientShm: Created allocator clio_2493698_17 with ID (2493698.17)[0m
[97m/home/cvazquezperezdelacru/clio-core/context-runtime/src/ipc_manager.cc:2440 INFO 2493719 IncreaseClientShm IpcManager::IncreaseClientShm: Creating clio_2493698_18 with size 132112312 (98557880 + 33554432 overhead)[0m
[97m/home/cvazquezperezdelacru/clio-core/context-runtime/src/ipc_manager.cc:2485 INFO 2493719 IncreaseClientShm IpcManager::IncreaseClientShm: Created allocator clio_2493698_18 with ID (2493698.18)[0m
[33m/home/cvazquezperezdelacru/clio-core/context-runtime/src/scheduler/default_sched.cc:455 WARNING 2493727 operator() [#781] worker 0 STALLED on one task (load_us=3.8147e-05 realtime_load_us=4.36907e+06 threshold_s=1)[0m
[33m/home/cvazquezperezdelacru/clio-core/context-runtime/src/worker.cc:370 WARNING 2493727 AdoptLane [#785] worker 0 adopted lane 0x7fc82a7401e8[0m
[33m/home/cvazquezperezdelacru/clio-core/context-runtime/src/scheduler/default_sched.cc:598 WARNING 2493727 operator() [#785] RESCUE: stalled worker 0 -> worker 8 (0 parked task(s) moved, 0 queued task(s) redistributed, rescues=7)[0m
[97m/home/cvazquezperezdelacru/clio-core/context-runtime/src/ipc_manager.cc:2440 INFO 2493719 IncreaseClientShm IpcManager::IncreaseClientShm: Creating clio_2493698_19 with size 133643712 (100089280 + 33554432 overhead)[0m
[97m/home/cvazquezperezdelacru/clio-core/context-runtime/src/ipc_manager.cc:2485 INFO 2493719 IncreaseClientShm IpcManager::IncreaseClientShm: Created allocator clio_2493698_19 with ID (2493698.19)[0m
[97m/home/cvazquezperezdelacru/clio-core/context-runtime/src/ipc_manager.cc:2440 INFO 2493719 IncreaseClientShm IpcManager::IncreaseClientShm: Creating clio_2493698_20 with size 136298312 (102743880 + 33554432 overhead)[0m
[97m/home/cvazquezperezdelacru/clio-core/context-runtime/src/ipc_manager.cc:2485 INFO 2493719 IncreaseClientShm IpcManager::IncreaseClientShm: Created allocator clio_2493698_20 with ID (2493698.20)[0m
[33m/home/cvazquezperezdelacru/clio-core/context-runtime/src/scheduler/default_sched.cc:455 WARNING 2493727 operator() [#781] worker 0 STALLED on one task (load_us=3.8147e-05 realtime_load_us=4.86971e+06 threshold_s=1)[0m
[33m/home/cvazquezperezdelacru/clio-core/context-runtime/src/worker.cc:370 WARNING 2493727 AdoptLane [#785] worker 0 adopted lane 0x7fc82a7401e8[0m
[33m/home/cvazquezperezdelacru/clio-core/context-runtime/src/scheduler/default_sched.cc:598 WARNING 2493727 operator() [#785] RESCUE: stalled worker 0 -> worker 8 (0 parked task(s) moved, 0 queued task(s) redistributed, rescues=8)[0m
[97m/home/cvazquezperezdelacru/clio-core/context-runtime/src/ipc_manager.cc:2440 INFO 2493719 IncreaseClientShm IpcManager::IncreaseClientShm: Creating clio_2493698_21 with size 142124912 (108570480 + 33554432 overhead)[0m
[97m/home/cvazquezperezdelacru/clio-core/context-runtime/src/ipc_manager.cc:2485 INFO 2493719 IncreaseClientShm IpcManager::IncreaseClientShm: Created allocator clio_2493698_21 with ID (2493698.21)[0m
[97m/home/cvazquezperezdelacru/clio-core/context-runtime/src/ipc_manager.cc:2440 INFO 2493719 IncreaseClientShm IpcManager::IncreaseClientShm: Creating clio_2493698_22 with size 134829312 (101274880 + 33554432 overhead)[0m
[97m/home/cvazquezperezdelacru/clio-core/context-runtime/src/ipc_manager.cc:2485 INFO 2493719 IncreaseClientShm IpcManager::IncreaseClientShm: Created allocator clio_2493698_22 with ID (2493698.22)[0m
[33m/home/cvazquezperezdelacru/clio-core/context-runtime/src/scheduler/default_sched.cc:455 WARNING 2493727 operator() [#781] worker 0 STALLED on one task (load_us=3.8147e-05 realtime_load_us=5.37014e+06 threshold_s=1)[0m
[33m/home/cvazquezperezdelacru/clio-core/context-runtime/src/worker.cc:370 WARNING 2493727 AdoptLane [#785] worker 0 adopted lane 0x7fc82a7401e8[0m
[33m/home/cvazquezperezdelacru/clio-core/context-runtime/src/scheduler/default_sched.cc:598 WARNING 2493727 operator() [#785] RESCUE: stalled worker 0 -> worker 8 (0 parked task(s) moved, 0 queued task(s) redistributed, rescues=9)[0m
[97m/home/cvazquezperezdelacru/clio-core/context-runtime/src/ipc_manager.cc:2440 INFO 2493719 IncreaseClientShm IpcManager::IncreaseClientShm: Creating clio_2493698_23 with size 141147312 (107592880 + 33554432 overhead)[0m
[97m/home/cvazquezperezdelacru/clio-core/context-runtime/src/ipc_manager.cc:2485 INFO 2493719 IncreaseClientShm IpcManager::IncreaseClientShm: Created allocator clio_2493698_23 with ID (2493698.23)[0m
[33m/home/cvazquezperezdelacru/clio-core/context-runtime/src/scheduler/default_sched.cc:430 WARNING 2493727 LoadBalance [#781 PDF] observed exec-time bins (cumulative): <10us=1524343 <50us=46586 <500us=2875 <10ms=7891 <50ms=346 <500ms=15 <1s=0 >=1s=0 | stalls_detected=9[0m
[33m/home/cvazquezperezdelacru/clio-core/context-runtime/src/scheduler/default_sched.cc:439 WARNING 2493727 LoadBalance [#785] lane rescues performed: 9[0m
[33m/home/cvazquezperezdelacru/clio-core/context-runtime/src/scheduler/default_sched.cc:455 WARNING 2493727 operator() [#781] worker 0 STALLED on one task (load_us=3.8147e-05 realtime_load_us=5.87074e+06 threshold_s=1)[0m
[33m/home/cvazquezperezdelacru/clio-core/context-runtime/src/worker.cc:370 WARNING 2493727 AdoptLane [#785] worker 0 adopted lane 0x7fc82a7401e8[0m
[33m/home/cvazquezperezdelacru/clio-core/context-runtime/src/scheduler/default_sched.cc:598 WARNING 2493727 operator() [#785] RESCUE: stalled worker 0 -> worker 8 (0 parked task(s) moved, 0 queued task(s) redistributed, rescues=10)[0m
[97m/home/cvazquezperezdelacru/clio-core/context-runtime/src/ipc_manager.cc:2440 INFO 2493719 IncreaseClientShm IpcManager::IncreaseClientShm: Creating clio_2493698_24 with size 133897216 (100342784 + 33554432 overhead)[0m
[97m/home/cvazquezperezdelacru/clio-core/context-runtime/src/ipc_manager.cc:2485 INFO 2493719 IncreaseClientShm IpcManager::IncreaseClientShm: Created allocator clio_2493698_24 with ID (2493698.24)[0m
[97m/home/cvazquezperezdelacru/clio-core/context-runtime/src/ipc_manager.cc:2440 INFO 2493719 IncreaseClientShm IpcManager::IncreaseClientShm: Creating clio_2493698_25 with size 139660112 (106105680 + 33554432 overhead)[0m
[97m/home/cvazquezperezdelacru/clio-core/context-runtime/src/ipc_manager.cc:2485 INFO 2493719 IncreaseClientShm IpcManager::IncreaseClientShm: Created allocator clio_2493698_25 with ID (2493698.25)[0m
[33m/home/cvazquezperezdelacru/clio-core/context-runtime/src/scheduler/default_sched.cc:455 WARNING 2493727 operator() [#781] worker 0 STALLED on one task (load_us=3.8147e-05 realtime_load_us=6.37153e+06 threshold_s=1)[0m
[33m/home/cvazquezperezdelacru/clio-core/context-runtime/src/worker.cc:370 WARNING 2493727 AdoptLane [#785] worker 0 adopted lane 0x7fc82a7401e8[0m
[33m/home/cvazquezperezdelacru/clio-core/context-runtime/src/scheduler/default_sched.cc:598 WARNING 2493727 operator() [#785] RESCUE: stalled worker 0 -> worker 8 (0 parked task(s) moved, 0 queued task(s) redistributed, rescues=11)[0m
[97m/home/cvazquezperezdelacru/clio-core/context-runtime/src/ipc_manager.cc:2440 INFO 2493719 IncreaseClientShm IpcManager::IncreaseClientShm: Creating clio_2493698_26 with size 146496816 (112942384 + 33554432 overhead)[0m
[97m/home/cvazquezperezdelacru/clio-core/context-runtime/src/ipc_manager.cc:2485 INFO 2493719 IncreaseClientShm IpcManager::IncreaseClientShm: Created allocator clio_2493698_26 with ID (2493698.26)[0m
[97m/home/cvazquezperezdelacru/clio-core/context-runtime/src/ipc_manager.cc:2440 INFO 2493719 IncreaseClientShm IpcManager::IncreaseClientShm: Creating clio_2493698_27 with size 138263912 (104709480 + 33554432 overhead)[0m
[97m/home/cvazquezperezdelacru/clio-core/context-runtime/src/ipc_manager.cc:2485 INFO 2493719 IncreaseClientShm IpcManager::IncreaseClientShm: Created allocator clio_2493698_27 with ID (2493698.27)[0m
[33m/home/cvazquezperezdelacru/clio-core/context-runtime/src/scheduler/default_sched.cc:455 WARNING 2493727 operator() [#781] worker 0 STALLED on one task (load_us=3.8147e-05 realtime_load_us=6.8722e+06 threshold_s=1)[0m
[33m/home/cvazquezperezdelacru/clio-core/context-runtime/src/worker.cc:370 WARNING 2493727 AdoptLane [#785] worker 0 adopted lane 0x7fc82a7401e8[0m
[33m/home/cvazquezperezdelacru/clio-core/context-runtime/src/scheduler/default_sched.cc:598 WARNING 2493727 operator() [#785] RESCUE: stalled worker 0 -> worker 8 (0 parked task(s) moved, 0 queued task(s) redistributed, rescues=12)[0m
[97m/home/cvazquezperezdelacru/clio-core/context-runtime/src/ipc_manager.cc:2440 INFO 2493719 IncreaseClientShm IpcManager::IncreaseClientShm: Creating clio_2493698_28 with size 141221408 (107666976 + 33554432 overhead)[0m
[97m/home/cvazquezperezdelacru/clio-core/context-runtime/src/ipc_manager.cc:2485 INFO 2493719 IncreaseClientShm IpcManager::IncreaseClientShm: Created allocator clio_2493698_28 with ID (2493698.28)[0m
[97m/home/cvazquezperezdelacru/clio-core/context-runtime/src/ipc_manager.cc:2440 INFO 2493719 IncreaseClientShm IpcManager::IncreaseClientShm: Creating clio_2493698_29 with size 137589216 (104034784 + 33554432 overhead)[0m
[97m/home/cvazquezperezdelacru/clio-core/context-runtime/src/ipc_manager.cc:2485 INFO 2493719 IncreaseClientShm IpcManager::IncreaseClientShm: Created allocator clio_2493698_29 with ID (2493698.29)[0m
[33m/home/cvazquezperezdelacru/clio-core/context-runtime/src/scheduler/default_sched.cc:455 WARNING 2493727 operator() [#781] worker 0 STALLED on one task (load_us=3.8147e-05 realtime_load_us=7.37277e+06 threshold_s=1)[0m
[33m/home/cvazquezperezdelacru/clio-core/context-runtime/src/worker.cc:370 WARNING 2493727 AdoptLane [#785] worker 0 adopted lane 0x7fc82a7401e8[0m
[33m/home/cvazquezperezdelacru/clio-core/context-runtime/src/scheduler/default_sched.cc:598 WARNING 2493727 operator() [#785] RESCUE: stalled worker 0 -> worker 8 (0 parked task(s) moved, 0 queued task(s) redistributed, rescues=13)[0m
[97m/home/cvazquezperezdelacru/clio-core/context-runtime/src/ipc_manager.cc:2440 INFO 2493719 IncreaseClientShm IpcManager::IncreaseClientShm: Creating clio_2493698_30 with size 157809408 (124254976 + 33554432 overhead)[0m
[97m/home/cvazquezperezdelacru/clio-core/context-runtime/src/ipc_manager.cc:2485 INFO 2493719 IncreaseClientShm IpcManager::IncreaseClientShm: Created allocator clio_2493698_30 with ID (2493698.30)[0m
[33m/home/cvazquezperezdelacru/clio-core/context-runtime/src/scheduler/default_sched.cc:455 WARNING 2493727 operator() [#781] worker 0 STALLED on one task (load_us=3.8147e-05 realtime_load_us=7.87344e+06 threshold_s=1)[0m
[33m/home/cvazquezperezdelacru/clio-core/context-runtime/src/worker.cc:370 WARNING 2493727 AdoptLane [#785] worker 0 adopted lane 0x7fc82a7401e8[0m
[33m/home/cvazquezperezdelacru/clio-core/context-runtime/src/scheduler/default_sched.cc:598 WARNING 2493727 operator() [#785] RESCUE: stalled worker 0 -> worker 8 (0 parked task(s) moved, 0 queued task(s) redistributed, rescues=14)[0m
[97m/home/cvazquezperezdelacru/clio-core/context-runtime/src/ipc_manager.cc:2440 INFO 2493719 IncreaseClientShm IpcManager::IncreaseClientShm: Creating clio_2493698_31 with size 136878112 (103323680 + 33554432 overhead)[0m
[97m/home/cvazquezperezdelacru/clio-core/context-runtime/src/ipc_manager.cc:2485 INFO 2493719 IncreaseClientShm IpcManager::IncreaseClientShm: Created allocator clio_2493698_31 with ID (2493698.31)[0m
[33m/home/cvazquezperezdelacru/clio-core/context-runtime/src/scheduler/default_sched.cc:455 WARNING 2493727 operator() [#781] worker 0 STALLED on one task (load_us=3.8147e-05 realtime_load_us=8.37409e+06 threshold_s=1)[0m
[33m/home/cvazquezperezdelacru/clio-core/context-runtime/src/worker.cc:370 WARNING 2493727 AdoptLane [#785] worker 0 adopted lane 0x7fc82a7401e8[0m
[33m/home/cvazquezperezdelacru/clio-core/context-runtime/src/scheduler/default_sched.cc:598 WARNING 2493727 operator() [#785] RESCUE: stalled worker 0 -> worker 8 (0 parked task(s) moved, 0 queued task(s) redistributed, rescues=15)[0m
[97m/home/cvazquezperezdelacru/clio-core/context-runtime/src/ipc_manager.cc:2440 INFO 2493719 IncreaseClientShm IpcManager::IncreaseClientShm: Creating clio_2493698_32 with size 144801616 (111247184 + 33554432 overhead)[0m
[97m/home/cvazquezperezdelacru/clio-core/context-runtime/src/ipc_manager.cc:2485 INFO 2493719 IncreaseClientShm IpcManager::IncreaseClientShm: Created allocator clio_2493698_32 with ID (2493698.32)[0m
[33m/home/cvazquezperezdelacru/clio-core/context-runtime/src/scheduler/default_sched.cc:455 WARNING 2493727 operator() [#781] worker 0 STALLED on one task (load_us=3.8147e-05 realtime_load_us=8.87468e+06 threshold_s=1)[0m
[33m/home/cvazquezperezdelacru/clio-core/context-runtime/src/worker.cc:370 WARNING 2493727 AdoptLane [#785] worker 0 adopted lane 0x7fc82a7401e8[0m
[33m/home/cvazquezperezdelacru/clio-core/context-runtime/src/scheduler/default_sched.cc:598 WARNING 2493727 operator() [#785] RESCUE: stalled worker 0 -> worker 8 (0 parked task(s) moved, 0 queued task(s) redistributed, rescues=16)[0m
[97m/home/cvazquezperezdelacru/clio-core/context-runtime/src/ipc_manager.cc:2440 INFO 2493719 IncreaseClientShm IpcManager::IncreaseClientShm: Creating clio_2493698_33 with size 141312416 (107757984 + 33554432 overhead)[0m
[97m/home/cvazquezperezdelacru/clio-core/context-runtime/src/ipc_manager.cc:2485 INFO 2493719 IncreaseClientShm IpcManager::IncreaseClientShm: Created allocator clio_2493698_33 with ID (2493698.33)[0m
[33m/home/cvazquezperezdelacru/clio-core/context-runtime/src/scheduler/default_sched.cc:455 WARNING 2493727 operator() [#781] worker 0 STALLED on one task (load_us=3.8147e-05 realtime_load_us=9.37533e+06 threshold_s=1)[0m
[33m/home/cvazquezperezdelacru/clio-core/context-runtime/src/worker.cc:370 WARNING 2493727 AdoptLane [#785] worker 0 adopted lane 0x7fc82a7401e8[0m
[33m/home/cvazquezperezdelacru/clio-core/context-runtime/src/scheduler/default_sched.cc:598 WARNING 2493727 operator() [#785] RESCUE: stalled worker 0 -> worker 8 (0 parked task(s) moved, 0 queued task(s) redistributed, rescues=17)[0m
[97m/home/cvazquezperezdelacru/clio-core/context-runtime/src/ipc_manager.cc:2440 INFO 2493719 IncreaseClientShm IpcManager::IncreaseClientShm: Creating clio_2493698_34 with size 139680912 (106126480 + 33554432 overhead)[0m
[97m/home/cvazquezperezdelacru/clio-core/context-runtime/src/ipc_manager.cc:2485 INFO 2493719 IncreaseClientShm IpcManager::IncreaseClientShm: Created allocator clio_2493698_34 with ID (2493698.34)[0m
[97m/home/cvazquezperezdelacru/clio-core/context-runtime/src/ipc_manager.cc:2440 INFO 2493719 IncreaseClientShm IpcManager::IncreaseClientShm: Creating clio_2493698_35 with size 139389712 (105835280 + 33554432 overhead)[0m
[97m/home/cvazquezperezdelacru/clio-core/context-runtime/src/ipc_manager.cc:2485 INFO 2493719 IncreaseClientShm IpcManager::IncreaseClientShm: Created allocator clio_2493698_35 with ID (2493698.35)[0m
[33m/home/cvazquezperezdelacru/clio-core/context-runtime/src/scheduler/default_sched.cc:455 WARNING 2493727 operator() [#781] worker 0 STALLED on one task (load_us=3.8147e-05 realtime_load_us=9.8762e+06 threshold_s=1)[0m
[33m/home/cvazquezperezdelacru/clio-core/context-runtime/src/worker.cc:370 WARNING 2493727 AdoptLane [#785] worker 0 adopted lane 0x7fc82a7401e8[0m
[33m/home/cvazquezperezdelacru/clio-core/context-runtime/src/scheduler/default_sched.cc:598 WARNING 2493727 operator() [#785] RESCUE: stalled worker 0 -> worker 8 (0 parked task(s) moved, 0 queued task(s) redistributed, rescues=18)[0m
[97m/home/cvazquezperezdelacru/clio-core/context-runtime/src/ipc_manager.cc:2440 INFO 2493719 IncreaseClientShm IpcManager::IncreaseClientShm: Creating clio_2493698_36 with size 139418312 (105863880 + 33554432 overhead)[0m
[97m/home/cvazquezperezdelacru/clio-core/context-runtime/src/ipc_manager.cc:2485 INFO 2493719 IncreaseClientShm IpcManager::IncreaseClientShm: Created allocator clio_2493698_36 with ID (2493698.36)[0m
[33m/home/cvazquezperezdelacru/clio-core/context-runtime/src/scheduler/default_sched.cc:455 WARNING 2493727 operator() [#781] worker 0 STALLED on one task (load_us=3.8147e-05 realtime_load_us=1.03769e+07 threshold_s=1)[0m
[33m/home/cvazquezperezdelacru/clio-core/context-runtime/src/worker.cc:370 WARNING 2493727 AdoptLane [#785] worker 0 adopted lane 0x7fc82a7401e8[0m
[33m/home/cvazquezperezdelacru/clio-core/context-runtime/src/scheduler/default_sched.cc:598 WARNING 2493727 operator() [#785] RESCUE: stalled worker 0 -> worker 8 (0 parked task(s) moved, 0 queued task(s) redistributed, rescues=19)[0m
[97m/home/cvazquezperezdelacru/clio-core/context-runtime/src/ipc_manager.cc:2440 INFO 2493719 IncreaseClientShm IpcManager::IncreaseClientShm: Creating clio_2493698_37 with size 138098816 (104544384 + 33554432 overhead)[0m
[97m/home/cvazquezperezdelacru/clio-core/context-runtime/src/ipc_manager.cc:2485 INFO 2493719 IncreaseClientShm IpcManager::IncreaseClientShm: Created allocator clio_2493698_37 with ID (2493698.37)[0m
[97m/home/cvazquezperezdelacru/clio-core/context-runtime/src/ipc_manager.cc:2440 INFO 2493719 IncreaseClientShm IpcManager::IncreaseClientShm: Creating clio_2493698_38 with size 135948608 (102394176 + 33554432 overhead)[0m
[97m/home/cvazquezperezdelacru/clio-core/context-runtime/src/ipc_manager.cc:2485 INFO 2493719 IncreaseClientShm IpcManager::IncreaseClientShm: Created allocator clio_2493698_38 with ID (2493698.38)[0m
[33m/home/cvazquezperezdelacru/clio-core/context-runtime/src/scheduler/default_sched.cc:430 WARNING 2493727 LoadBalance [#781 PDF] observed exec-time bins (cumulative): <10us=1594654 <50us=47995 <500us=2881 <10ms=7896 <50ms=346 <500ms=15 <1s=0 >=1s=0 | stalls_detected=19[0m
[33m/home/cvazquezperezdelacru/clio-core/context-runtime/src/scheduler/default_sched.cc:439 WARNING 2493727 LoadBalance [#785] lane rescues performed: 19[0m
[33m/home/cvazquezperezdelacru/clio-core/context-runtime/src/scheduler/default_sched.cc:455 WARNING 2493727 operator() [#781] worker 0 STALLED on one task (load_us=3.8147e-05 realtime_load_us=1.08776e+07 threshold_s=1)[0m
[33m/home/cvazquezperezdelacru/clio-core/context-runtime/src/worker.cc:370 WARNING 2493727 AdoptLane [#785] worker 0 adopted lane 0x7fc82a7401e8[0m
[33m/home/cvazquezperezdelacru/clio-core/context-runtime/src/scheduler/default_sched.cc:598 WARNING 2493727 operator() [#785] RESCUE: stalled worker 0 -> worker 8 (0 parked task(s) moved, 0 queued task(s) redistributed, rescues=20)[0m
[97m/home/cvazquezperezdelacru/clio-core/context-runtime/src/ipc_manager.cc:2440 INFO 2493719 IncreaseClientShm IpcManager::IncreaseClientShm: Creating clio_2493698_39 with size 146078208 (112523776 + 33554432 overhead)[0m
[97m/home/cvazquezperezdelacru/clio-core/context-runtime/src/ipc_manager.cc:2485 INFO 2493719 IncreaseClientShm IpcManager::IncreaseClientShm: Created allocator clio_2493698_39 with ID (2493698.39)[0m
[33m/home/cvazquezperezdelacru/clio-core/context-runtime/src/scheduler/default_sched.cc:455 WARNING 2493727 operator() [#781] worker 0 STALLED on one task (load_us=3.8147e-05 realtime_load_us=1.13783e+07 threshold_s=1)[0m
[33m/home/cvazquezperezdelacru/clio-core/context-runtime/src/worker.cc:370 WARNING 2493727 AdoptLane [#785] worker 0 adopted lane 0x7fc82a7401e8[0m
[33m/home/cvazquezperezdelacru/clio-core/context-runtime/src/scheduler/default_sched.cc:598 WARNING 2493727 operator() [#785] RESCUE: stalled worker 0 -> worker 8 (0 parked task(s) moved, 0 queued task(s) redistributed, rescues=21)[0m
[97m/home/cvazquezperezdelacru/clio-core/context-runtime/src/ipc_manager.cc:2440 INFO 2493719 IncreaseClientShm IpcManager::IncreaseClientShm: Creating clio_2493698_40 with size 140562312 (107007880 + 33554432 overhead)[0m
[97m/home/cvazquezperezdelacru/clio-core/context-runtime/src/ipc_manager.cc:2485 INFO 2493719 IncreaseClientShm IpcManager::IncreaseClientShm: Created allocator clio_2493698_40 with ID (2493698.40)[0m
[33m/home/cvazquezperezdelacru/clio-core/context-runtime/src/scheduler/default_sched.cc:455 WARNING 2493727 operator() [#781] worker 0 STALLED on one task (load_us=3.8147e-05 realtime_load_us=1.18791e+07 threshold_s=1)[0m
[33m/home/cvazquezperezdelacru/clio-core/context-runtime/src/worker.cc:370 WARNING 2493727 AdoptLane [#785] worker 0 adopted lane 0x7fc82a7401e8[0m
[33m/home/cvazquezperezdelacru/clio-core/context-runtime/src/scheduler/default_sched.cc:598 WARNING 2493727 operator() [#785] RESCUE: stalled worker 0 -> worker 8 (0 parked task(s) moved, 0 queued task(s) redistributed, rescues=22)[0m
[97m/home/cvazquezperezdelacru/clio-core/context-runtime/src/ipc_manager.cc:2440 INFO 2493719 IncreaseClientShm IpcManager::IncreaseClientShm: Creating clio_2493698_41 with size 131897808 (98343376 + 33554432 overhead)[0m
[97m/home/cvazquezperezdelacru/clio-core/context-runtime/src/ipc_manager.cc:2485 INFO 2493719 IncreaseClientShm IpcManager::IncreaseClientShm: Created allocator clio_2493698_41 with ID (2493698.41)[0m
[33m/home/cvazquezperezdelacru/clio-core/context-runtime/src/scheduler/default_sched.cc:455 WARNING 2493727 operator() [#781] worker 0 STALLED on one task (load_us=3.8147e-05 realtime_load_us=1.23797e+07 threshold_s=1)[0m
[33m/home/cvazquezperezdelacru/clio-core/context-runtime/src/worker.cc:370 WARNING 2493727 AdoptLane [#785] worker 0 adopted lane 0x7fc82a7401e8[0m
[33m/home/cvazquezperezdelacru/clio-core/context-runtime/src/scheduler/default_sched.cc:598 WARNING 2493727 operator() [#785] RESCUE: stalled worker 0 -> worker 8 (0 parked task(s) moved, 0 queued task(s) redistributed, rescues=23)[0m
[97m/home/cvazquezperezdelacru/clio-core/context-runtime/src/ipc_manager.cc:2440 INFO 2493719 IncreaseClientShm IpcManager::IncreaseClientShm: Creating clio_2493698_42 with size 142647512 (109093080 + 33554432 overhead)[0m
[97m/home/cvazquezperezdelacru/clio-core/context-runtime/src/ipc_manager.cc:2485 INFO 2493719 IncreaseClientShm IpcManager::IncreaseClientShm: Created allocator clio_2493698_42 with ID (2493698.42)[0m
[97m/home/cvazquezperezdelacru/clio-core/context-runtime/src/ipc_manager.cc:2440 INFO 2493719 IncreaseClientShm IpcManager::IncreaseClientShm: Creating clio_2493698_43 with size 131366112 (97811680 + 33554432 overhead)[0m
[97m/home/cvazquezperezdelacru/clio-core/context-runtime/src/ipc_manager.cc:2485 INFO 2493719 IncreaseClientShm IpcManager::IncreaseClientShm: Created allocator clio_2493698_43 with ID (2493698.43)[0m
[33m/home/cvazquezperezdelacru/clio-core/context-runtime/src/scheduler/default_sched.cc:455 WARNING 2493727 operator() [#781] worker 0 STALLED on one task (load_us=3.8147e-05 realtime_load_us=1.28803e+07 threshold_s=1)[0m
[33m/home/cvazquezperezdelacru/clio-core/context-runtime/src/worker.cc:370 WARNING 2493727 AdoptLane [#785] worker 0 adopted lane 0x7fc82a7401e8[0m
[33m/home/cvazquezperezdelacru/clio-core/context-runtime/src/scheduler/default_sched.cc:598 WARNING 2493727 operator() [#785] RESCUE: stalled worker 0 -> worker 8 (0 parked task(s) moved, 0 queued task(s) redistributed, rescues=24)[0m
[97m/home/cvazquezperezdelacru/clio-core/context-runtime/src/ipc_manager.cc:2440 INFO 2493719 IncreaseClientShm IpcManager::IncreaseClientShm: Creating clio_2493698_44 with size 137758208 (104203776 + 33554432 overhead)[0m
[97m/home/cvazquezperezdelacru/clio-core/context-runtime/src/ipc_manager.cc:2485 INFO 2493719 IncreaseClientShm IpcManager::IncreaseClientShm: Created allocator clio_2493698_44 with ID (2493698.44)[0m
[33m/home/cvazquezperezdelacru/clio-core/context-runtime/src/scheduler/default_sched.cc:455 WARNING 2493727 operator() [#781] worker 0 STALLED on one task (load_us=3.8147e-05 realtime_load_us=1.33809e+07 threshold_s=1)[0m
[33m/home/cvazquezperezdelacru/clio-core/context-runtime/src/worker.cc:370 WARNING 2493727 AdoptLane [#785] worker 0 adopted lane 0x7fc82a7401e8[0m
[33m/home/cvazquezperezdelacru/clio-core/context-runtime/src/scheduler/default_sched.cc:598 WARNING 2493727 operator() [#785] RESCUE: stalled worker 0 -> worker 8 (0 parked task(s) moved, 0 queued task(s) redistributed, rescues=25)[0m
[97m/home/cvazquezperezdelacru/clio-core/context-runtime/src/ipc_manager.cc:2440 INFO 2493719 IncreaseClientShm IpcManager::IncreaseClientShm: Creating clio_2493698_45 with size 143630312 (110075880 + 33554432 overhead)[0m
[97m/home/cvazquezperezdelacru/clio-core/context-runtime/src/ipc_manager.cc:2485 INFO 2493719 IncreaseClientShm IpcManager::IncreaseClientShm: Created allocator clio_2493698_45 with ID (2493698.45)[0m
[97m/home/cvazquezperezdelacru/clio-core/context-runtime/src/ipc_manager.cc:2440 INFO 2493719 IncreaseClientShm IpcManager::IncreaseClientShm: Creating clio_2493698_46 with size 156167512 (122613080 + 33554432 overhead)[0m
[97m/home/cvazquezperezdelacru/clio-core/context-runtime/src/ipc_manager.cc:2485 INFO 2493719 IncreaseClientShm IpcManager::IncreaseClientShm: Created allocator clio_2493698_46 with ID (2493698.46)[0m
[33m/home/cvazquezperezdelacru/clio-core/context-runtime/src/scheduler/default_sched.cc:455 WARNING 2493727 operator() [#781] worker 0 STALLED on one task (load_us=3.8147e-05 realtime_load_us=1.38815e+07 threshold_s=1)[0m
[33m/home/cvazquezperezdelacru/clio-core/context-runtime/src/worker.cc:370 WARNING 2493727 AdoptLane [#785] worker 0 adopted lane 0x7fc82a7401e8[0m
[33m/home/cvazquezperezdelacru/clio-core/context-runtime/src/scheduler/default_sched.cc:598 WARNING 2493727 operator() [#785] RESCUE: stalled worker 0 -> worker 8 (0 parked task(s) moved, 0 queued task(s) redistributed, rescues=26)[0m
[97m/home/cvazquezperezdelacru/clio-core/context-runtime/src/ipc_manager.cc:2440 INFO 2493719 IncreaseClientShm IpcManager::IncreaseClientShm: Creating clio_2493698_47 with size 135366208 (101811776 + 33554432 overhead)[0m
[97m/home/cvazquezperezdelacru/clio-core/context-runtime/src/ipc_manager.cc:2485 INFO 2493719 IncreaseClientShm IpcManager::IncreaseClientShm: Created allocator clio_2493698_47 with ID (2493698.47)[0m
[33m/home/cvazquezperezdelacru/clio-core/context-runtime/src/scheduler/default_sched.cc:455 WARNING 2493727 operator() [#781] worker 0 STALLED on one task (load_us=3.8147e-05 realtime_load_us=1.43822e+07 threshold_s=1)[0m
[33m/home/cvazquezperezdelacru/clio-core/context-runtime/src/worker.cc:370 WARNING 2493727 AdoptLane [#785] worker 0 adopted lane 0x7fc82a7401e8[0m
[33m/home/cvazquezperezdelacru/clio-core/context-runtime/src/scheduler/default_sched.cc:598 WARNING 2493727 operator() [#785] RESCUE: stalled worker 0 -> worker 8 (0 parked task(s) moved, 0 queued task(s) redistributed, rescues=27)[0m
[97m/home/cvazquezperezdelacru/clio-core/context-runtime/src/ipc_manager.cc:2440 INFO 2493719 IncreaseClientShm IpcManager::IncreaseClientShm: Creating clio_2493698_48 with size 140428416 (106873984 + 33554432 overhead)[0m
[97m/home/cvazquezperezdelacru/clio-core/context-runtime/src/ipc_manager.cc:2485 INFO 2493719 IncreaseClientShm IpcManager::IncreaseClientShm: Created allocator clio_2493698_48 with ID (2493698.48)[0m
[33m/home/cvazquezperezdelacru/clio-core/context-runtime/src/scheduler/default_sched.cc:455 WARNING 2493727 operator() [#781] worker 0 STALLED on one task (load_us=3.8147e-05 realtime_load_us=1.48828e+07 threshold_s=1)[0m
[33m/home/cvazquezperezdelacru/clio-core/context-runtime/src/worker.cc:370 WARNING 2493727 AdoptLane [#785] worker 0 adopted lane 0x7fc82a7401e8[0m
[33m/home/cvazquezperezdelacru/clio-core/context-runtime/src/scheduler/default_sched.cc:598 WARNING 2493727 operator() [#785] RESCUE: stalled worker 0 -> worker 8 (0 parked task(s) moved, 0 queued task(s) redistributed, rescues=28)[0m
[97m/home/cvazquezperezdelacru/clio-core/context-runtime/src/ipc_manager.cc:2440 INFO 2493719 IncreaseClientShm IpcManager::IncreaseClientShm: Creating clio_2493698_49 with size 139485912 (105931480 + 33554432 overhead)[0m
[97m/home/cvazquezperezdelacru/clio-core/context-runtime/src/ipc_manager.cc:2485 INFO 2493719 IncreaseClientShm IpcManager::IncreaseClientShm: Created allocator clio_2493698_49 with ID (2493698.49)[0m
[97m/home/cvazquezperezdelacru/clio-core/context-runtime/src/ipc_manager.cc:2440 INFO 2493719 IncreaseClientShm IpcManager::IncreaseClientShm: Creating clio_2493698_50 with size 140212608 (106658176 + 33554432 overhead)[0m
[97m/home/cvazquezperezdelacru/clio-core/context-runtime/src/ipc_manager.cc:2485 INFO 2493719 IncreaseClientShm IpcManager::IncreaseClientShm: Created allocator clio_2493698_50 with ID (2493698.50)[0m
[97m/home/cvazquezperezdelacru/clio-core/context-runtime/src/ipc_manager.cc:2440 INFO 2494104 IncreaseClientShm IpcManager::IncreaseClientShm: Creating clio_2493698_51 with size 138855408 (105300976 + 33554432 overhead)[0m
[97m/home/cvazquezperezdelacru/clio-core/context-runtime/src/ipc_manager.cc:2485 INFO 2494104 IncreaseClientShm IpcManager::IncreaseClientShm: Created allocator clio_2493698_51 with ID (2493698.51)[0m
[97m/home/cvazquezperezdelacru/clio-core/context-runtime/src/ipc_manager.cc:2440 INFO 2494104 IncreaseClientShm IpcManager::IncreaseClientShm: Creating clio_2493698_52 with size 138146912 (104592480 + 33554432 overhead)[0m
[97m/home/cvazquezperezdelacru/clio-core/context-runtime/src/ipc_manager.cc:2485 INFO 2494104 IncreaseClientShm IpcManager::IncreaseClientShm: Created allocator clio_2493698_52 with ID (2493698.52)[0m
[33m/home/cvazquezperezdelacru/clio-core/context-runtime/src/scheduler/default_sched.cc:430 WARNING 2493727 LoadBalance [#781 PDF] observed exec-time bins (cumulative): <10us=1658380 <50us=51484 <500us=2932 <10ms=8132 <50ms=362 <500ms=15 <1s=0 >=1s=0 | stalls_detected=28[0m
[33m/home/cvazquezperezdelacru/clio-core/context-runtime/src/scheduler/default_sched.cc:439 WARNING 2493727 LoadBalance [#785] lane rescues performed: 28[0m
[97m/home/cvazquezperezdelacru/clio-core/context-runtime/src/ipc_manager.cc:2440 INFO 2494104 IncreaseClientShm IpcManager::IncreaseClientShm: Creating clio_2493698_53 with size 146507216 (112952784 + 33554432 overhead)[0m
[97m/home/cvazquezperezdelacru/clio-core/context-runtime/src/ipc_manager.cc:2485 INFO 2494104 IncreaseClientShm IpcManager::IncreaseClientShm: Created allocator clio_2493698_53 with ID (2493698.53)[0m
[31m/home/cvazquezperezdelacru/clio-core/context-runtime/src/scheduler/default_sched.cc:726 ERROR 2493727 LoadBalance [HANGWATCH-HB] processed=25680 outstanding=50 (queued=50 blocked=0 retry=0 periodic=7) live=2 live_stalled=0[0m
[97m/home/cvazquezperezdelacru/clio-core/context-runtime/src/ipc_manager.cc:2440 INFO 2494104 IncreaseClientShm IpcManager::IncreaseClientShm: Creating clio_2493698_54 with size 129988112 (96433680 + 33554432 overhead)[0m
[97m/home/cvazquezperezdelacru/clio-core/context-runtime/src/ipc_manager.cc:2485 INFO 2494104 IncreaseClientShm IpcManager::IncreaseClientShm: Created allocator clio_2493698_54 with ID (2493698.54)[0m
[97m/home/cvazquezperezdelacru/clio-core/context-runtime/src/ipc_manager.cc:2440 INFO 2494104 IncreaseClientShm IpcManager::IncreaseClientShm: Creating clio_2493698_55 with size 135123112 (101568680 + 33554432 overhead)[0m
[97m/home/cvazquezperezdelacru/clio-core/context-runtime/src/ipc_manager.cc:2485 INFO 2494104 IncreaseClientShm IpcManager::IncreaseClientShm: Created allocator clio_2493698_55 with ID (2493698.55)[0m
[97m/home/cvazquezperezdelacru/clio-core/context-runtime/src/ipc_manager.cc:2440 INFO 2494104 IncreaseClientShm IpcManager::IncreaseClientShm: Creating clio_2493698_56 with size 135533912 (101979480 + 33554432 overhead)[0m
[97m/home/cvazquezperezdelacru/clio-core/context-runtime/src/ipc_manager.cc:2485 INFO 2494104 IncreaseClientShm IpcManager::IncreaseClientShm: Created allocator clio_2493698_56 with ID (2493698.56)[0m
[97m/home/cvazquezperezdelacru/clio-core/context-runtime/src/ipc_manager.cc:2440 INFO 2494104 IncreaseClientShm IpcManager::IncreaseClientShm: Creating clio_2493698_57 with size 135363616 (101809184 + 33554432 overhead)[0m
[97m/home/cvazquezperezdelacru/clio-core/context-runtime/src/ipc_manager.cc:2485 INFO 2494104 IncreaseClientShm IpcManager::IncreaseClientShm: Created allocator clio_2493698_57 with ID (2493698.57)[0m
[97m/home/cvazquezperezdelacru/clio-core/context-runtime/src/ipc_manager.cc:2440 INFO 2494104 IncreaseClientShm IpcManager::IncreaseClientShm: Creating clio_2493698_58 with size 134653808 (101099376 + 33554432 overhead)[0m
[97m/home/cvazquezperezdelacru/clio-core/context-runtime/src/ipc_manager.cc:2485 INFO 2494104 IncreaseClientShm IpcManager::IncreaseClientShm: Created allocator clio_2493698_58 with ID (2493698.58)[0m
[97m/home/cvazquezperezdelacru/clio-core/context-runtime/src/ipc_manager.cc:2440 INFO 2494104 IncreaseClientShm IpcManager::IncreaseClientShm: Creating clio_2493698_59 with size 141125216 (107570784 + 33554432 overhead)[0m
[97m/home/cvazquezperezdelacru/clio-core/context-runtime/src/ipc_manager.cc:2485 INFO 2494104 IncreaseClientShm IpcManager::IncreaseClientShm: Created allocator clio_2493698_59 with ID (2493698.59)[0m
[97m/home/cvazquezperezdelacru/clio-core/context-runtime/src/ipc_manager.cc:2440 INFO 2494104 IncreaseClientShm IpcManager::IncreaseClientShm: Creating clio_2493698_60 with size 148345408 (114790976 + 33554432 overhead)[0m
[97m/home/cvazquezperezdelacru/clio-core/context-runtime/src/ipc_manager.cc:2485 INFO 2494104 IncreaseClientShm IpcManager::IncreaseClientShm: Created allocator clio_2493698_60 with ID (2493698.60)[0m
[31m/home/cvazquezperezdelacru/clio-core/context-runtime/src/scheduler/default_sched.cc:726 ERROR 2493727 LoadBalance [HANGWATCH-HB] processed=27080 outstanding=63 (queued=63 blocked=0 retry=0 periodic=7) live=1 live_stalled=0[0m
[97m/home/cvazquezperezdelacru/clio-core/context-runtime/src/ipc_manager.cc:2440 INFO 2494104 IncreaseClientShm IpcManager::IncreaseClientShm: Creating clio_2493698_61 with size 133850416 (100295984 + 33554432 overhead)[0m
[97m/home/cvazquezperezdelacru/clio-core/context-runtime/src/ipc_manager.cc:2485 INFO 2494104 IncreaseClientShm IpcManager::IncreaseClientShm: Created allocator clio_2493698_61 with ID (2493698.61)[0m
[97m/home/cvazquezperezdelacru/clio-core/context-runtime/src/ipc_manager.cc:2440 INFO 2494104 IncreaseClientShm IpcManager::IncreaseClientShm: Creating clio_2493698_62 with size 141081008 (107526576 + 33554432 overhead)[0m
[97m/home/cvazquezperezdelacru/clio-core/context-runtime/src/ipc_manager.cc:2485 INFO 2494104 IncreaseClientShm IpcManager::IncreaseClientShm: Created allocator clio_2493698_62 with ID (2493698.62)[0m
[97m/home/cvazquezperezdelacru/clio-core/context-runtime/src/ipc_manager.cc:2440 INFO 2494104 IncreaseClientShm IpcManager::IncreaseClientShm: Creating clio_2493698_63 with size 147495216 (113940784 + 33554432 overhead)[0m
[97m/home/cvazquezperezdelacru/clio-core/context-runtime/src/ipc_manager.cc:2485 INFO 2494104 IncreaseClientShm IpcManager::IncreaseClientShm: Created allocator clio_2493698_63 with ID (2493698.63)[0m
[97m/home/cvazquezperezdelacru/clio-core/context-runtime/src/ipc_manager.cc:2440 INFO 2494104 IncreaseClientShm IpcManager::IncreaseClientShm: Creating clio_2493698_64 with size 153951008 (120396576 + 33554432 overhead)[0m
[97m/home/cvazquezperezdelacru/clio-core/context-runtime/src/ipc_manager.cc:2485 INFO 2494104 IncreaseClientShm IpcManager::IncreaseClientShm: Created allocator clio_2493698_64 with ID (2493698.64)[0m
[31m/home/cvazquezperezdelacru/clio-core/context-runtime/src/scheduler/default_sched.cc:726 ERROR 2493727 LoadBalance [HANGWATCH-HB] processed=28758 outstanding=63 (queued=63 blocked=0 retry=0 periodic=7) live=1 live_stalled=0[0m
[97m/home/cvazquezperezdelacru/clio-core/context-runtime/src/ipc_manager.cc:2440 INFO 2494104 IncreaseClientShm IpcManager::IncreaseClientShm: Creating clio_2493698_65 with size 133586512 (100032080 + 33554432 overhead)[0m
[97m/home/cvazquezperezdelacru/clio-core/context-runtime/src/ipc_manager.cc:2485 INFO 2494104 IncreaseClientShm IpcManager::IncreaseClientShm: Created allocator clio_2493698_65 with ID (2493698.65)[0m
[97m/home/cvazquezperezdelacru/clio-core/context-runtime/src/ipc_manager.cc:2440 INFO 2494104 IncreaseClientShm IpcManager::IncreaseClientShm: Creating clio_2493698_66 with size 141135616 (107581184 + 33554432 overhead)[0m
[97m/home/cvazquezperezdelacru/clio-core/context-runtime/src/ipc_manager.cc:2485 INFO 2494104 IncreaseClientShm IpcManager::IncreaseClientShm: Created allocator clio_2493698_66 with ID (2493698.66)[0m
[33m/home/cvazquezperezdelacru/clio-core/context-runtime/src/scheduler/default_sched.cc:430 WARNING 2493727 LoadBalance [#781 PDF] observed exec-time bins (cumulative): <10us=1723438 <50us=55857 <500us=2977 <10ms=10060 <50ms=406 <500ms=15 <1s=0 >=1s=0 | stalls_detected=28[0m
[33m/home/cvazquezperezdelacru/clio-core/context-runtime/src/scheduler/default_sched.cc:439 WARNING 2493727 LoadBalance [#785] lane rescues performed: 28[0m
[97m/home/cvazquezperezdelacru/clio-core/context-runtime/src/ipc_manager.cc:2440 INFO 2494104 IncreaseClientShm IpcManager::IncreaseClientShm: Creating clio_2493698_67 with size 144684608 (111130176 + 33554432 overhead)[0m
[97m/home/cvazquezperezdelacru/clio-core/context-runtime/src/ipc_manager.cc:2485 INFO 2494104 IncreaseClientShm IpcManager::IncreaseClientShm: Created allocator clio_2493698_67 with ID (2493698.67)[0m
[97m/home/cvazquezperezdelacru/clio-core/context-runtime/src/ipc_manager.cc:2440 INFO 2494104 IncreaseClientShm IpcManager::IncreaseClientShm: Creating clio_2493698_68 with size 147808512 (114254080 + 33554432 overhead)[0m
[97m/home/cvazquezperezdelacru/clio-core/context-runtime/src/ipc_manager.cc:2485 INFO 2494104 IncreaseClientShm IpcManager::IncreaseClientShm: Created allocator clio_2493698_68 with ID (2493698.68)[0m
[97m/home/cvazquezperezdelacru/clio-core/context-runtime/src/ipc_manager.cc:2440 INFO 2494104 IncreaseClientShm IpcManager::IncreaseClientShm: Creating clio_2493698_69 with size 147874816 (114320384 + 33554432 overhead)[0m
[97m/home/cvazquezperezdelacru/clio-core/context-runtime/src/ipc_manager.cc:2485 INFO 2494104 IncreaseClientShm IpcManager::IncreaseClientShm: Created allocator clio_2493698_69 with ID (2493698.69)[0m
[97m/home/cvazquezperezdelacru/clio-core/context-runtime/src/ipc_manager.cc:2440 INFO 2494104 IncreaseClientShm IpcManager::IncreaseClientShm: Creating clio_2493698_70 with size 135757512 (102203080 + 33554432 overhead)[0m
[97m/home/cvazquezperezdelacru/clio-core/context-runtime/src/ipc_manager.cc:2485 INFO 2494104 IncreaseClientShm IpcManager::IncreaseClientShm: Created allocator clio_2493698_70 with ID (2493698.70)[0m
[97m/home/cvazquezperezdelacru/clio-core/context-runtime/src/ipc_manager.cc:2440 INFO 2494104 IncreaseClientShm IpcManager::IncreaseClientShm: Creating clio_2493698_71 with size 139972112 (106417680 + 33554432 overhead)[0m
[97m/home/cvazquezperezdelacru/clio-core/context-runtime/src/ipc_manager.cc:2485 INFO 2494104 IncreaseClientShm IpcManager::IncreaseClientShm: Created allocator clio_2493698_71 with ID (2493698.71)[0m
[31m/home/cvazquezperezdelacru/clio-core/context-runtime/src/scheduler/default_sched.cc:726 ERROR 2493727 LoadBalance [HANGWATCH-HB] processed=30235 outstanding=60 (queued=60 blocked=0 retry=0 periodic=5) live=2 live_stalled=0[0m
[97m/home/cvazquezperezdelacru/clio-core/context-runtime/src/ipc_manager.cc:2440 INFO 2494104 IncreaseClientShm IpcManager::IncreaseClientShm: Creating clio_2493698_72 with size 144537712 (110983280 + 33554432 overhead)[0m
[97m/home/cvazquezperezdelacru/clio-core/context-runtime/src/ipc_manager.cc:2485 INFO 2494104 IncreaseClientShm IpcManager::IncreaseClientShm: Created allocator clio_2493698_72 with ID (2493698.72)[0m
[97m/home/cvazquezperezdelacru/clio-core/context-runtime/src/ipc_manager.cc:2440 INFO 2494104 IncreaseClientShm IpcManager::IncreaseClientShm: Creating clio_2493698_73 with size 145867616 (112313184 + 33554432 overhead)[0m
[97m/home/cvazquezperezdelacru/clio-core/context-runtime/src/ipc_manager.cc:2485 INFO 2494104 IncreaseClientShm IpcManager::IncreaseClientShm: Created allocator clio_2493698_73 with ID (2493698.73)[0m
[97m/home/cvazquezperezdelacru/clio-core/context-runtime/src/ipc_manager.cc:2440 INFO 2494104 IncreaseClientShm IpcManager::IncreaseClientShm: Creating clio_2493698_74 with size 139402712 (105848280 + 33554432 overhead)[0m
[97m/home/cvazquezperezdelacru/clio-core/context-runtime/src/ipc_manager.cc:2485 INFO 2494104 IncreaseClientShm IpcManager::IncreaseClientShm: Created allocator clio_2493698_74 with ID (2493698.74)[0m
[97m/home/cvazquezperezdelacru/clio-core/context-runtime/src/ipc_manager.cc:2440 INFO 2494104 IncreaseClientShm IpcManager::IncreaseClientShm: Creating clio_2493698_75 with size 149614208 (116059776 + 33554432 overhead)[0m
[97m/home/cvazquezperezdelacru/clio-core/context-runtime/src/ipc_manager.cc:2485 INFO 2494104 IncreaseClientShm IpcManager::IncreaseClientShm: Created allocator clio_2493698_75 with ID (2493698.75)[0m
[97m/home/cvazquezperezdelacru/clio-core/context-runtime/src/ipc_manager.cc:2440 INFO 2494104 IncreaseClientShm IpcManager::IncreaseClientShm: Creating clio_2493698_76 with size 146177008 (112622576 + 33554432 overhead)[0m
[97m/home/cvazquezperezdelacru/clio-core/context-runtime/src/ipc_manager.cc:2485 INFO 2494104 IncreaseClientShm IpcManager::IncreaseClientShm: Created allocator clio_2493698_76 with ID (2493698.76)[0m
[31m/home/cvazquezperezdelacru/clio-core/context-runtime/src/scheduler/default_sched.cc:726 ERROR 2493727 LoadBalance [HANGWATCH-HB] processed=31590 outstanding=66 (queued=66 blocked=0 retry=0 periodic=4) live=1 live_stalled=0[0m
[97m/mnt/common/cvazquezperezdelacru/IOWARP/faiss/contrib/iowarp/chimod/src/faiss_ivf_runtime.cc:300 INFO 2493722 Search faiss_ivf: Search nq=500 k=10 nprobe=128 unique_lists=8154[0m
[97m/home/cvazquezperezdelacru/clio-core/context-runtime/src/ipc_manager.cc:2440 INFO 2493722 IncreaseClientShm IpcManager::IncreaseClientShm: Creating clio_2493698_77 with size 141738816 (108184384 + 33554432 overhead)[0m
[97m/home/cvazquezperezdelacru/clio-core/context-runtime/src/ipc_manager.cc:2485 INFO 2493722 IncreaseClientShm IpcManager::IncreaseClientShm: Created allocator clio_2493698_77 with ID (2493698.77)[0m
[97m/home/cvazquezperezdelacru/clio-core/context-runtime/src/ipc_manager.cc:2440 INFO 2493722 IncreaseClientShm IpcManager::IncreaseClientShm: Creating clio_2493698_78 with size 142109312 (108554880 + 33554432 overhead)[0m
[97m/home/cvazquezperezdelacru/clio-core/context-runtime/src/ipc_manager.cc:2485 INFO 2493722 IncreaseClientShm IpcManager::IncreaseClientShm: Created allocator clio_2493698_78 with ID (2493698.78)[0m
[97m/home/cvazquezperezdelacru/clio-core/context-runtime/src/ipc_manager.cc:2440 INFO 2493722 IncreaseClientShm IpcManager::IncreaseClientShm: Creating clio_2493698_79 with size 155888016 (122333584 + 33554432 overhead)[0m
[97m/home/cvazquezperezdelacru/clio-core/context-runtime/src/ipc_manager.cc:2485 INFO 2493722 IncreaseClientShm IpcManager::IncreaseClientShm: Created allocator clio_2493698_79 with ID (2493698.79)[0m
[33m/home/cvazquezperezdelacru/clio-core/context-runtime/src/scheduler/default_sched.cc:430 WARNING 2493727 LoadBalance [#781 PDF] observed exec-time bins (cumulative): <10us=1791246 <50us=58698 <500us=3024 <10ms=11346 <50ms=432 <500ms=15 <1s=0 >=1s=1 | stalls_detected=28[0m
[33m/home/cvazquezperezdelacru/clio-core/context-runtime/src/scheduler/default_sched.cc:439 WARNING 2493727 LoadBalance [#785] lane rescues performed: 28[0m
[33m/home/cvazquezperezdelacru/clio-core/context-runtime/src/scheduler/default_sched.cc:455 WARNING 2493727 operator() [#781] worker 3 STALLED on one task (load_us=-1.05781e+24 realtime_load_us=-1.05781e+24 threshold_s=1)[0m
[33m/home/cvazquezperezdelacru/clio-core/context-runtime/src/worker.cc:370 WARNING 2493727 AdoptLane [#785] worker 3 adopted lane 0x7fc82a740428[0m
[33m/home/cvazquezperezdelacru/clio-core/context-runtime/src/scheduler/default_sched.cc:598 WARNING 2493727 operator() [#785] RESCUE: stalled worker 3 -> worker 8 (1 parked task(s) moved, 1 queued task(s) redistributed, rescues=29)[0m
[97m/home/cvazquezperezdelacru/clio-core/context-runtime/src/ipc_manager.cc:2440 INFO 2493722 IncreaseClientShm IpcManager::IncreaseClientShm: Creating clio_2493698_80 with size 142223712 (108669280 + 33554432 overhead)[0m
[97m/home/cvazquezperezdelacru/clio-core/context-runtime/src/ipc_manager.cc:2485 INFO 2493722 IncreaseClientShm IpcManager::IncreaseClientShm: Created allocator clio_2493698_80 with ID (2493698.80)[0m
[33m/home/cvazquezperezdelacru/clio-core/context-runtime/src/scheduler/default_sched.cc:455 WARNING 2493727 operator() [#781] worker 3 STALLED on one task (load_us=-1.05781e+24 realtime_load_us=-1.05781e+24 threshold_s=1)[0m
[33m/home/cvazquezperezdelacru/clio-core/context-runtime/src/worker.cc:370 WARNING 2493727 AdoptLane [#785] worker 3 adopted lane 0x7fc82a740428[0m
[33m/home/cvazquezperezdelacru/clio-core/context-runtime/src/scheduler/default_sched.cc:598 WARNING 2493727 operator() [#785] RESCUE: stalled worker 3 -> worker 8 (0 parked task(s) moved, 0 queued task(s) redistributed, rescues=30)[0m
[97m/home/cvazquezperezdelacru/clio-core/context-runtime/src/ipc_manager.cc:2440 INFO 2493722 IncreaseClientShm IpcManager::IncreaseClientShm: Creating clio_2493698_81 with size 135852416 (102297984 + 33554432 overhead)[0m
[97m/home/cvazquezperezdelacru/clio-core/context-runtime/src/ipc_manager.cc:2485 INFO 2493722 IncreaseClientShm IpcManager::IncreaseClientShm: Created allocator clio_2493698_81 with ID (2493698.81)[0m
[33m/home/cvazquezperezdelacru/clio-core/context-runtime/src/scheduler/default_sched.cc:455 WARNING 2493727 operator() [#781] worker 3 STALLED on one task (load_us=-1.05781e+24 realtime_load_us=-1.05781e+24 threshold_s=1)[0m
[33m/home/cvazquezperezdelacru/clio-core/context-runtime/src/worker.cc:370 WARNING 2493727 AdoptLane [#785] worker 3 adopted lane 0x7fc82a740428[0m
[33m/home/cvazquezperezdelacru/clio-core/context-runtime/src/scheduler/default_sched.cc:598 WARNING 2493727 operator() [#785] RESCUE: stalled worker 3 -> worker 8 (0 parked task(s) moved, 0 queued task(s) redistributed, rescues=31)[0m
[97m/home/cvazquezperezdelacru/clio-core/context-runtime/src/ipc_manager.cc:2440 INFO 2493722 IncreaseClientShm IpcManager::IncreaseClientShm: Creating clio_2493698_82 with size 143497712 (109943280 + 33554432 overhead)[0m
[97m/home/cvazquezperezdelacru/clio-core/context-runtime/src/ipc_manager.cc:2485 INFO 2493722 IncreaseClientShm IpcManager::IncreaseClientShm: Created allocator clio_2493698_82 with ID (2493698.82)[0m
[33m/home/cvazquezperezdelacru/clio-core/context-runtime/src/scheduler/default_sched.cc:455 WARNING 2493727 operator() [#781] worker 3 STALLED on one task (load_us=-1.05781e+24 realtime_load_us=-1.05781e+24 threshold_s=1)[0m
[33m/home/cvazquezperezdelacru/clio-core/context-runtime/src/worker.cc:370 WARNING 2493727 AdoptLane [#785] worker 3 adopted lane 0x7fc82a740428[0m
[33m/home/cvazquezperezdelacru/clio-core/context-runtime/src/scheduler/default_sched.cc:598 WARNING 2493727 operator() [#785] RESCUE: stalled worker 3 -> worker 8 (0 parked task(s) moved, 1 queued task(s) redistributed, rescues=32)[0m
[97m/home/cvazquezperezdelacru/clio-core/context-runtime/src/ipc_manager.cc:2440 INFO 2493722 IncreaseClientShm IpcManager::IncreaseClientShm: Creating clio_2493698_83 with size 140376416 (106821984 + 33554432 overhead)[0m
[97m/home/cvazquezperezdelacru/clio-core/context-runtime/src/ipc_manager.cc:2485 INFO 2493722 IncreaseClientShm IpcManager::IncreaseClientShm: Created allocator clio_2493698_83 with ID (2493698.83)[0m
[33m/home/cvazquezperezdelacru/clio-core/context-runtime/src/scheduler/default_sched.cc:455 WARNING 2493727 operator() [#781] worker 3 STALLED on one task (load_us=-1.05781e+24 realtime_load_us=-1.05781e+24 threshold_s=1)[0m
[33m/home/cvazquezperezdelacru/clio-core/context-runtime/src/worker.cc:370 WARNING 2493727 AdoptLane [#785] worker 3 adopted lane 0x7fc82a740428[0m
[33m/home/cvazquezperezdelacru/clio-core/context-runtime/src/scheduler/default_sched.cc:598 WARNING 2493727 operator() [#785] RESCUE: stalled worker 3 -> worker 8 (0 parked task(s) moved, 1 queued task(s) redistributed, rescues=33)[0m
[97m/home/cvazquezperezdelacru/clio-core/context-runtime/src/ipc_manager.cc:2440 INFO 2493722 IncreaseClientShm IpcManager::IncreaseClientShm: Creating clio_2493698_84 with size 133643712 (100089280 + 33554432 overhead)[0m
[97m/home/cvazquezperezdelacru/clio-core/context-runtime/src/ipc_manager.cc:2485 INFO 2493722 IncreaseClientShm IpcManager::IncreaseClientShm: Created allocator clio_2493698_84 with ID (2493698.84)[0m
[31m/home/cvazquezperezdelacru/clio-core/context-runtime/src/scheduler/default_sched.cc:726 ERROR 2493727 LoadBalance [HANGWATCH-HB] processed=31813 outstanding=1 (queued=1 blocked=0 retry=0 periodic=6) live=1 live_stalled=1[0m
[33m/home/cvazquezperezdelacru/clio-core/context-runtime/src/scheduler/default_sched.cc:455 WARNING 2493727 operator() [#781] worker 3 STALLED on one task (load_us=-1.05781e+24 realtime_load_us=-1.05781e+24 threshold_s=1)[0m
[33m/home/cvazquezperezdelacru/clio-core/context-runtime/src/worker.cc:370 WARNING 2493727 AdoptLane [#785] worker 3 adopted lane 0x7fc82a740428[0m
[33m/home/cvazquezperezdelacru/clio-core/context-runtime/src/scheduler/default_sched.cc:598 WARNING 2493727 operator() [#785] RESCUE: stalled worker 3 -> worker 8 (0 parked task(s) moved, 1 queued task(s) redistributed, rescues=34)[0m
[97m/home/cvazquezperezdelacru/clio-core/context-runtime/src/ipc_manager.cc:2440 INFO 2493722 IncreaseClientShm IpcManager::IncreaseClientShm: Creating clio_2493698_85 with size 136371112 (102816680 + 33554432 overhead)[0m
[97m/home/cvazquezperezdelacru/clio-core/context-runtime/src/ipc_manager.cc:2485 INFO 2493722 IncreaseClientShm IpcManager::IncreaseClientShm: Created allocator clio_2493698_85 with ID (2493698.85)[0m
[97m/home/cvazquezperezdelacru/clio-core/context-runtime/src/ipc_manager.cc:2440 INFO 2493722 IncreaseClientShm IpcManager::IncreaseClientShm: Creating clio_2493698_86 with size 139272712 (105718280 + 33554432 overhead)[0m
[97m/home/cvazquezperezdelacru/clio-core/context-runtime/src/ipc_manager.cc:2485 INFO 2493722 IncreaseClientShm IpcManager::IncreaseClientShm: Created allocator clio_2493698_86 with ID (2493698.86)[0m
[33m/home/cvazquezperezdelacru/clio-core/context-runtime/src/scheduler/default_sched.cc:455 WARNING 2493727 operator() [#781] worker 3 STALLED on one task (load_us=-1.05781e+24 realtime_load_us=-1.05781e+24 threshold_s=1)[0m
[33m/home/cvazquezperezdelacru/clio-core/context-runtime/src/worker.cc:370 WARNING 2493727 AdoptLane [#785] worker 3 adopted lane 0x7fc82a740428[0m
[33m/home/cvazquezperezdelacru/clio-core/context-runtime/src/scheduler/default_sched.cc:598 WARNING 2493727 operator() [#785] RESCUE: stalled worker 3 -> worker 8 (0 parked task(s) moved, 2 queued task(s) redistributed, rescues=35)[0m
[97m/home/cvazquezperezdelacru/clio-core/context-runtime/src/ipc_manager.cc:2440 INFO 2493722 IncreaseClientShm IpcManager::IncreaseClientShm: Creating clio_2493698_87 with size 134427616 (100873184 + 33554432 overhead)[0m
[97m/home/cvazquezperezdelacru/clio-core/context-runtime/src/ipc_manager.cc:2485 INFO 2493722 IncreaseClientShm IpcManager::IncreaseClientShm: Created allocator clio_2493698_87 with ID (2493698.87)[0m
[97m/home/cvazquezperezdelacru/clio-core/context-runtime/src/ipc_manager.cc:2440 INFO 2493722 IncreaseClientShm IpcManager::IncreaseClientShm: Creating clio_2493698_88 with size 141147312 (107592880 + 33554432 overhead)[0m
[97m/home/cvazquezperezdelacru/clio-core/context-runtime/src/ipc_manager.cc:2485 INFO 2493722 IncreaseClientShm IpcManager::IncreaseClientShm: Created allocator clio_2493698_88 with ID (2493698.88)[0m
[33m/home/cvazquezperezdelacru/clio-core/context-runtime/src/scheduler/default_sched.cc:455 WARNING 2493727 operator() [#781] worker 3 STALLED on one task (load_us=-1.05781e+24 realtime_load_us=-1.05781e+24 threshold_s=1)[0m
[33m/home/cvazquezperezdelacru/clio-core/context-runtime/src/worker.cc:370 WARNING 2493727 AdoptLane [#785] worker 3 adopted lane 0x7fc82a740428[0m
[33m/home/cvazquezperezdelacru/clio-core/context-runtime/src/scheduler/default_sched.cc:598 WARNING 2493727 operator() [#785] RESCUE: stalled worker 3 -> worker 8 (0 parked task(s) moved, 0 queued task(s) redistributed, rescues=36)[0m
[97m/home/cvazquezperezdelacru/clio-core/context-runtime/src/ipc_manager.cc:2440 INFO 2493722 IncreaseClientShm IpcManager::IncreaseClientShm: Creating clio_2493698_89 with size 135357112 (101802680 + 33554432 overhead)[0m
[97m/home/cvazquezperezdelacru/clio-core/context-runtime/src/ipc_manager.cc:2485 INFO 2493722 IncreaseClientShm IpcManager::IncreaseClientShm: Created allocator clio_2493698_89 with ID (2493698.89)[0m
[33m/home/cvazquezperezdelacru/clio-core/context-runtime/src/scheduler/default_sched.cc:455 WARNING 2493727 operator() [#781] worker 3 STALLED on one task (load_us=-1.05781e+24 realtime_load_us=-1.05781e+24 threshold_s=1)[0m
[33m/home/cvazquezperezdelacru/clio-core/context-runtime/src/worker.cc:370 WARNING 2493727 AdoptLane [#785] worker 3 adopted lane 0x7fc82a740428[0m
[33m/home/cvazquezperezdelacru/clio-core/context-runtime/src/scheduler/default_sched.cc:598 WARNING 2493727 operator() [#785] RESCUE: stalled worker 3 -> worker 8 (0 parked task(s) moved, 0 queued task(s) redistributed, rescues=37)[0m
[97m/home/cvazquezperezdelacru/clio-core/context-runtime/src/ipc_manager.cc:2440 INFO 2493722 IncreaseClientShm IpcManager::IncreaseClientShm: Creating clio_2493698_90 with size 137006816 (103452384 + 33554432 overhead)[0m
[97m/home/cvazquezperezdelacru/clio-core/context-runtime/src/ipc_manager.cc:2485 INFO 2493722 IncreaseClientShm IpcManager::IncreaseClientShm: Created allocator clio_2493698_90 with ID (2493698.90)[0m
[33m/home/cvazquezperezdelacru/clio-core/context-runtime/src/scheduler/default_sched.cc:455 WARNING 2493727 operator() [#781] worker 3 STALLED on one task (load_us=-1.05781e+24 realtime_load_us=-1.05781e+24 threshold_s=1)[0m
[33m/home/cvazquezperezdelacru/clio-core/context-runtime/src/worker.cc:370 WARNING 2493727 AdoptLane [#785] worker 3 adopted lane 0x7fc82a740428[0m
[33m/home/cvazquezperezdelacru/clio-core/context-runtime/src/scheduler/default_sched.cc:598 WARNING 2493727 operator() [#785] RESCUE: stalled worker 3 -> worker 8 (0 parked task(s) moved, 1 queued task(s) redistributed, rescues=38)[0m
[97m/home/cvazquezperezdelacru/clio-core/context-runtime/src/ipc_manager.cc:2440 INFO 2493722 IncreaseClientShm IpcManager::IncreaseClientShm: Creating clio_2493698_91 with size 141221408 (107666976 + 33554432 overhead)[0m
[97m/home/cvazquezperezdelacru/clio-core/context-runtime/src/ipc_manager.cc:2485 INFO 2493722 IncreaseClientShm IpcManager::IncreaseClientShm: Created allocator clio_2493698_91 with ID (2493698.91)[0m
[97m/home/cvazquezperezdelacru/clio-core/context-runtime/src/ipc_manager.cc:2440 INFO 2493722 IncreaseClientShm IpcManager::IncreaseClientShm: Creating clio_2493698_92 with size 137589216 (104034784 + 33554432 overhead)[0m
[97m/home/cvazquezperezdelacru/clio-core/context-runtime/src/ipc_manager.cc:2485 INFO 2493722 IncreaseClientShm IpcManager::IncreaseClientShm: Created allocator clio_2493698_92 with ID (2493698.92)[0m
[33m/home/cvazquezperezdelacru/clio-core/context-runtime/src/scheduler/default_sched.cc:430 WARNING 2493727 LoadBalance [#781 PDF] observed exec-time bins (cumulative): <10us=1855019 <50us=61557 <500us=3029 <10ms=11349 <50ms=433 <500ms=15 <1s=0 >=1s=1 | stalls_detected=38[0m
[33m/home/cvazquezperezdelacru/clio-core/context-runtime/src/scheduler/default_sched.cc:439 WARNING 2493727 LoadBalance [#785] lane rescues performed: 38[0m
[33m/home/cvazquezperezdelacru/clio-core/context-runtime/src/scheduler/default_sched.cc:455 WARNING 2493727 operator() [#781] worker 3 STALLED on one task (load_us=-1.05781e+24 realtime_load_us=-1.05781e+24 threshold_s=1)[0m
[33m/home/cvazquezperezdelacru/clio-core/context-runtime/src/worker.cc:370 WARNING 2493727 AdoptLane [#785] worker 3 adopted lane 0x7fc82a740428[0m
[33m/home/cvazquezperezdelacru/clio-core/context-runtime/src/scheduler/default_sched.cc:598 WARNING 2493727 operator() [#785] RESCUE: stalled worker 3 -> worker 8 (0 parked task(s) moved, 0 queued task(s) redistributed, rescues=39)[0m
[97m/home/cvazquezperezdelacru/clio-core/context-runtime/src/ipc_manager.cc:2440 INFO 2493722 IncreaseClientShm IpcManager::IncreaseClientShm: Creating clio_2493698_93 with size 157809408 (124254976 + 33554432 overhead)[0m
[97m/home/cvazquezperezdelacru/clio-core/context-runtime/src/ipc_manager.cc:2485 INFO 2493722 IncreaseClientShm IpcManager::IncreaseClientShm: Created allocator clio_2493698_93 with ID (2493698.93)[0m
[33m/home/cvazquezperezdelacru/clio-core/context-runtime/src/scheduler/default_sched.cc:455 WARNING 2493727 operator() [#781] worker 3 STALLED on one task (load_us=-1.05781e+24 realtime_load_us=-1.05781e+24 threshold_s=1)[0m
[33m/home/cvazquezperezdelacru/clio-core/context-runtime/src/worker.cc:370 WARNING 2493727 AdoptLane [#785] worker 3 adopted lane 0x7fc82a740428[0m
[33m/home/cvazquezperezdelacru/clio-core/context-runtime/src/scheduler/default_sched.cc:598 WARNING 2493727 operator() [#785] RESCUE: stalled worker 3 -> worker 8 (0 parked task(s) moved, 0 queued task(s) redistributed, rescues=40)[0m
[97m/home/cvazquezperezdelacru/clio-core/context-runtime/src/ipc_manager.cc:2440 INFO 2493722 IncreaseClientShm IpcManager::IncreaseClientShm: Creating clio_2493698_94 with size 144801616 (111247184 + 33554432 overhead)[0m
[97m/home/cvazquezperezdelacru/clio-core/context-runtime/src/ipc_manager.cc:2485 INFO 2493722 IncreaseClientShm IpcManager::IncreaseClientShm: Created allocator clio_2493698_94 with ID (2493698.94)[0m
[33m/home/cvazquezperezdelacru/clio-core/context-runtime/src/scheduler/default_sched.cc:455 WARNING 2493727 operator() [#781] worker 3 STALLED on one task (load_us=-1.05781e+24 realtime_load_us=-1.05781e+24 threshold_s=1)[0m
[33m/home/cvazquezperezdelacru/clio-core/context-runtime/src/worker.cc:370 WARNING 2493727 AdoptLane [#785] worker 3 adopted lane 0x7fc82a740428[0m
[33m/home/cvazquezperezdelacru/clio-core/context-runtime/src/scheduler/default_sched.cc:598 WARNING 2493727 operator() [#785] RESCUE: stalled worker 3 -> worker 8 (0 parked task(s) moved, 1 queued task(s) redistributed, rescues=41)[0m
[97m/home/cvazquezperezdelacru/clio-core/context-runtime/src/ipc_manager.cc:2440 INFO 2493722 IncreaseClientShm IpcManager::IncreaseClientShm: Creating clio_2493698_95 with size 141312416 (107757984 + 33554432 overhead)[0m
[97m/home/cvazquezperezdelacru/clio-core/context-runtime/src/ipc_manager.cc:2485 INFO 2493722 IncreaseClientShm IpcManager::IncreaseClientShm: Created allocator clio_2493698_95 with ID (2493698.95)[0m
[33m/home/cvazquezperezdelacru/clio-core/context-runtime/src/scheduler/default_sched.cc:455 WARNING 2493727 operator() [#781] worker 3 STALLED on one task (load_us=-1.05781e+24 realtime_load_us=-1.05781e+24 threshold_s=1)[0m
[33m/home/cvazquezperezdelacru/clio-core/context-runtime/src/worker.cc:370 WARNING 2493727 AdoptLane [#785] worker 3 adopted lane 0x7fc82a740428[0m
[33m/home/cvazquezperezdelacru/clio-core/context-runtime/src/scheduler/default_sched.cc:598 WARNING 2493727 operator() [#785] RESCUE: stalled worker 3 -> worker 8 (0 parked task(s) moved, 0 queued task(s) redistributed, rescues=42)[0m
[97m/home/cvazquezperezdelacru/clio-core/context-runtime/src/ipc_manager.cc:2440 INFO 2493722 IncreaseClientShm IpcManager::IncreaseClientShm: Creating clio_2493698_96 with size 139680912 (106126480 + 33554432 overhead)[0m
[97m/home/cvazquezperezdelacru/clio-core/context-runtime/src/ipc_manager.cc:2485 INFO 2493722 IncreaseClientShm IpcManager::IncreaseClientShm: Created allocator clio_2493698_96 with ID (2493698.96)[0m
[97m/home/cvazquezperezdelacru/clio-core/context-runtime/src/ipc_manager.cc:2440 INFO 2493722 IncreaseClientShm IpcManager::IncreaseClientShm: Creating clio_2493698_97 with size 139389712 (105835280 + 33554432 overhead)[0m
[97m/home/cvazquezperezdelacru/clio-core/context-runtime/src/ipc_manager.cc:2485 INFO 2493722 IncreaseClientShm IpcManager::IncreaseClientShm: Created allocator clio_2493698_97 with ID (2493698.97)[0m
[33m/home/cvazquezperezdelacru/clio-core/context-runtime/src/scheduler/default_sched.cc:455 WARNING 2493727 operator() [#781] worker 3 STALLED on one task (load_us=-1.05781e+24 realtime_load_us=-1.05781e+24 threshold_s=1)[0m
[33m/home/cvazquezperezdelacru/clio-core/context-runtime/src/worker.cc:370 WARNING 2493727 AdoptLane [#785] worker 3 adopted lane 0x7fc82a740428[0m
[33m/home/cvazquezperezdelacru/clio-core/context-runtime/src/scheduler/default_sched.cc:598 WARNING 2493727 operator() [#785] RESCUE: stalled worker 3 -> worker 8 (0 parked task(s) moved, 0 queued task(s) redistributed, rescues=43)[0m
[97m/home/cvazquezperezdelacru/clio-core/context-runtime/src/ipc_manager.cc:2440 INFO 2493722 IncreaseClientShm IpcManager::IncreaseClientShm: Creating clio_2493698_98 with size 139418312 (105863880 + 33554432 overhead)[0m
[97m/home/cvazquezperezdelacru/clio-core/context-runtime/src/ipc_manager.cc:2485 INFO 2493722 IncreaseClientShm IpcManager::IncreaseClientShm: Created allocator clio_2493698_98 with ID (2493698.98)[0m
[31m/home/cvazquezperezdelacru/clio-core/context-runtime/src/scheduler/default_sched.cc:726 ERROR 2493727 LoadBalance [HANGWATCH-HB] processed=31815 outstanding=1 (queued=1 blocked=0 retry=0 periodic=6) live=1 live_stalled=1[0m
[33m/home/cvazquezperezdelacru/clio-core/context-runtime/src/scheduler/default_sched.cc:455 WARNING 2493727 operator() [#781] worker 3 STALLED on one task (load_us=-1.05781e+24 realtime_load_us=-1.05781e+24 threshold_s=1)[0m
[33m/home/cvazquezperezdelacru/clio-core/context-runtime/src/worker.cc:370 WARNING 2493727 AdoptLane [#785] worker 3 adopted lane 0x7fc82a740428[0m
[33m/home/cvazquezperezdelacru/clio-core/context-runtime/src/scheduler/default_sched.cc:598 WARNING 2493727 operator() [#785] RESCUE: stalled worker 3 -> worker 8 (0 parked task(s) moved, 1 queued task(s) redistributed, rescues=44)[0m
[97m/home/cvazquezperezdelacru/clio-core/context-runtime/src/ipc_manager.cc:2440 INFO 2493722 IncreaseClientShm IpcManager::IncreaseClientShm: Creating clio_2493698_99 with size 142534416 (108979984 + 33554432 overhead)[0m
[97m/home/cvazquezperezdelacru/clio-core/context-runtime/src/ipc_manager.cc:2485 INFO 2493722 IncreaseClientShm IpcManager::IncreaseClientShm: Created allocator clio_2493698_99 with ID (2493698.99)[0m
[33m/home/cvazquezperezdelacru/clio-core/context-runtime/src/scheduler/default_sched.cc:455 WARNING 2493727 operator() [#781] worker 3 STALLED on one task (load_us=-1.05781e+24 realtime_load_us=-1.05781e+24 threshold_s=1)[0m
[33m/home/cvazquezperezdelacru/clio-core/context-runtime/src/worker.cc:370 WARNING 2493727 AdoptLane [#785] worker 3 adopted lane 0x7fc82a740428[0m
[33m/home/cvazquezperezdelacru/clio-core/context-runtime/src/scheduler/default_sched.cc:598 WARNING 2493727 operator() [#785] RESCUE: stalled worker 3 -> worker 8 (0 parked task(s) moved, 0 queued task(s) redistributed, rescues=45)[0m
[97m/home/cvazquezperezdelacru/clio-core/context-runtime/src/ipc_manager.cc:2440 INFO 2493722 IncreaseClientShm IpcManager::IncreaseClientShm: Creating clio_2493698_100 with size 146078208 (112523776 + 33554432 overhead)[0m
[97m/home/cvazquezperezdelacru/clio-core/context-runtime/src/ipc_manager.cc:2485 INFO 2493722 IncreaseClientShm IpcManager::IncreaseClientShm: Created allocator clio_2493698_100 with ID (2493698.100)[0m
[97m/home/cvazquezperezdelacru/clio-core/context-runtime/src/ipc_manager.cc:2440 INFO 2493722 IncreaseClientShm IpcManager::IncreaseClientShm: Creating clio_2493698_101 with size 134327512 (100773080 + 33554432 overhead)[0m
[97m/home/cvazquezperezdelacru/clio-core/context-runtime/src/ipc_manager.cc:2485 INFO 2493722 IncreaseClientShm IpcManager::IncreaseClientShm: Created allocator clio_2493698_101 with ID (2493698.101)[0m
[33m/home/cvazquezperezdelacru/clio-core/context-runtime/src/scheduler/default_sched.cc:455 WARNING 2493727 operator() [#781] worker 3 STALLED on one task (load_us=-1.05781e+24 realtime_load_us=-1.05781e+24 threshold_s=1)[0m
[33m/home/cvazquezperezdelacru/clio-core/context-runtime/src/worker.cc:370 WARNING 2493727 AdoptLane [#785] worker 3 adopted lane 0x7fc82a740428[0m
[33m/home/cvazquezperezdelacru/clio-core/context-runtime/src/scheduler/default_sched.cc:598 WARNING 2493727 operator() [#785] RESCUE: stalled worker 3 -> worker 8 (0 parked task(s) moved, 1 queued task(s) redistributed, rescues=46)[0m
[97m/home/cvazquezperezdelacru/clio-core/context-runtime/src/ipc_manager.cc:2440 INFO 2493722 IncreaseClientShm IpcManager::IncreaseClientShm: Creating clio_2493698_102 with size 137027616 (103473184 + 33554432 overhead)[0m
[97m/home/cvazquezperezdelacru/clio-core/context-runtime/src/ipc_manager.cc:2485 INFO 2493722 IncreaseClientShm IpcManager::IncreaseClientShm: Created allocator clio_2493698_102 with ID (2493698.102)[0m
[97m/home/cvazquezperezdelacru/clio-core/context-runtime/src/ipc_manager.cc:2440 INFO 2493722 IncreaseClientShm IpcManager::IncreaseClientShm: Creating clio_2493698_103 with size 140343912 (106789480 + 33554432 overhead)[0m
[97m/home/cvazquezperezdelacru/clio-core/context-runtime/src/ipc_manager.cc:2485 INFO 2493722 IncreaseClientShm IpcManager::IncreaseClientShm: Created allocator clio_2493698_103 with ID (2493698.103)[0m
[33m/home/cvazquezperezdelacru/clio-core/context-runtime/src/scheduler/default_sched.cc:455 WARNING 2493727 operator() [#781] worker 3 STALLED on one task (load_us=-1.05781e+24 realtime_load_us=-1.05781e+24 threshold_s=1)[0m
[33m/home/cvazquezperezdelacru/clio-core/context-runtime/src/worker.cc:370 WARNING 2493727 AdoptLane [#785] worker 3 adopted lane 0x7fc82a740428[0m
[33m/home/cvazquezperezdelacru/clio-core/context-runtime/src/scheduler/default_sched.cc:598 WARNING 2493727 operator() [#785] RESCUE: stalled worker 3 -> worker 8 (0 parked task(s) moved, 2 queued task(s) redistributed, rescues=47)[0m
[97m/home/cvazquezperezdelacru/clio-core/context-runtime/src/ipc_manager.cc:2440 INFO 2493722 IncreaseClientShm IpcManager::IncreaseClientShm: Creating clio_2493698_104 with size 142647512 (109093080 + 33554432 overhead)[0m
[97m/home/cvazquezperezdelacru/clio-core/context-runtime/src/ipc_manager.cc:2485 INFO 2493722 IncreaseClientShm IpcManager::IncreaseClientShm: Created allocator clio_2493698_104 with ID (2493698.104)[0m
[33m/home/cvazquezperezdelacru/clio-core/context-runtime/src/scheduler/default_sched.cc:455 WARNING 2493727 operator() [#781] worker 3 STALLED on one task (load_us=-1.05781e+24 realtime_load_us=-1.05781e+24 threshold_s=1)[0m
[33m/home/cvazquezperezdelacru/clio-core/context-runtime/src/worker.cc:370 WARNING 2493727 AdoptLane [#785] worker 3 adopted lane 0x7fc82a740428[0m
[33m/home/cvazquezperezdelacru/clio-core/context-runtime/src/scheduler/default_sched.cc:598 WARNING 2493727 operator() [#785] RESCUE: stalled worker 3 -> worker 8 (0 parked task(s) moved, 1 queued task(s) redistributed, rescues=48)[0m
[97m/home/cvazquezperezdelacru/clio-core/context-runtime/src/ipc_manager.cc:2440 INFO 2493722 IncreaseClientShm IpcManager::IncreaseClientShm: Creating clio_2493698_105 with size 145055112 (111500680 + 33554432 overhead)[0m
[97m/home/cvazquezperezdelacru/clio-core/context-runtime/src/ipc_manager.cc:2485 INFO 2493722 IncreaseClientShm IpcManager::IncreaseClientShm: Created allocator clio_2493698_105 with ID (2493698.105)[0m
[33m/home/cvazquezperezdelacru/clio-core/context-runtime/src/scheduler/default_sched.cc:430 WARNING 2493727 LoadBalance [#781 PDF] observed exec-time bins (cumulative): <10us=1921124 <50us=62794 <500us=3036 <10ms=11351 <50ms=433 <500ms=15 <1s=0 >=1s=1 | stalls_detected=48[0m
[33m/home/cvazquezperezdelacru/clio-core/context-runtime/src/scheduler/default_sched.cc:439 WARNING 2493727 LoadBalance [#785] lane rescues performed: 48[0m
[33m/home/cvazquezperezdelacru/clio-core/context-runtime/src/scheduler/default_sched.cc:455 WARNING 2493727 operator() [#781] worker 3 STALLED on one task (load_us=-1.05781e+24 realtime_load_us=-1.05781e+24 threshold_s=1)[0m
[33m/home/cvazquezperezdelacru/clio-core/context-runtime/src/worker.cc:370 WARNING 2493727 AdoptLane [#785] worker 3 adopted lane 0x7fc82a740428[0m
[33m/home/cvazquezperezdelacru/clio-core/context-runtime/src/scheduler/default_sched.cc:598 WARNING 2493727 operator() [#785] RESCUE: stalled worker 3 -> worker 8 (0 parked task(s) moved, 0 queued task(s) redistributed, rescues=49)[0m
[97m/home/cvazquezperezdelacru/clio-core/context-runtime/src/ipc_manager.cc:2440 INFO 2493722 IncreaseClientShm IpcManager::IncreaseClientShm: Creating clio_2493698_106 with size 155275712 (121721280 + 33554432 overhead)[0m
[97m/home/cvazquezperezdelacru/clio-core/context-runtime/src/ipc_manager.cc:2485 INFO 2493722 IncreaseClientShm IpcManager::IncreaseClientShm: Created allocator clio_2493698_106 with ID (2493698.106)[0m
[31m/home/cvazquezperezdelacru/clio-core/context-runtime/src/scheduler/default_sched.cc:726 ERROR 2493727 LoadBalance [HANGWATCH-HB] processed=31817 outstanding=1 (queued=1 blocked=0 retry=0 periodic=6) live=1 live_stalled=1[0m
[33m/home/cvazquezperezdelacru/clio-core/context-runtime/src/scheduler/default_sched.cc:455 WARNING 2493727 operator() [#781] worker 3 STALLED on one task (load_us=-1.05781e+24 realtime_load_us=-1.05781e+24 threshold_s=1)[0m
[33m/home/cvazquezperezdelacru/clio-core/context-runtime/src/worker.cc:370 WARNING 2493727 AdoptLane [#785] worker 3 adopted lane 0x7fc82a740428[0m
[33m/home/cvazquezperezdelacru/clio-core/context-runtime/src/scheduler/default_sched.cc:598 WARNING 2493727 operator() [#785] RESCUE: stalled worker 3 -> worker 8 (0 parked task(s) moved, 1 queued task(s) redistributed, rescues=50)[0m
[97m/home/cvazquezperezdelacru/clio-core/context-runtime/src/ipc_manager.cc:2440 INFO 2493722 IncreaseClientShm IpcManager::IncreaseClientShm: Creating clio_2493698_107 with size 143651112 (110096680 + 33554432 overhead)[0m
[97m/home/cvazquezperezdelacru/clio-core/context-runtime/src/ipc_manager.cc:2485 INFO 2493722 IncreaseClientShm IpcManager::IncreaseClientShm: Created allocator clio_2493698_107 with ID (2493698.107)[0m
[33m/home/cvazquezperezdelacru/clio-core/context-runtime/src/scheduler/default_sched.cc:455 WARNING 2493727 operator() [#781] worker 3 STALLED on one task (load_us=-1.05781e+24 realtime_load_us=-1.05781e+24 threshold_s=1)[0m
[33m/home/cvazquezperezdelacru/clio-core/context-runtime/src/worker.cc:370 WARNING 2493727 AdoptLane [#785] worker 3 adopted lane 0x7fc82a740428[0m
[33m/home/cvazquezperezdelacru/clio-core/context-runtime/src/scheduler/default_sched.cc:598 WARNING 2493727 operator() [#785] RESCUE: stalled worker 3 -> worker 8 (0 parked task(s) moved, 0 queued task(s) redistributed, rescues=51)[0m
[97m/home/cvazquezperezdelacru/clio-core/context-runtime/src/ipc_manager.cc:2440 INFO 2493722 IncreaseClientShm IpcManager::IncreaseClientShm: Creating clio_2493698_108 with size 140428416 (106873984 + 33554432 overhead)[0m
[97m/home/cvazquezperezdelacru/clio-core/context-runtime/src/ipc_manager.cc:2485 INFO 2493722 IncreaseClientShm IpcManager::IncreaseClientShm: Created allocator clio_2493698_108 with ID (2493698.108)[0m
[97m/home/cvazquezperezdelacru/clio-core/context-runtime/src/ipc_manager.cc:2440 INFO 2493722 IncreaseClientShm IpcManager::IncreaseClientShm: Creating clio_2493698_109 with size 139485912 (105931480 + 33554432 overhead)[0m
[97m/home/cvazquezperezdelacru/clio-core/context-runtime/src/ipc_manager.cc:2485 INFO 2493722 IncreaseClientShm IpcManager::IncreaseClientShm: Created allocator clio_2493698_109 with ID (2493698.109)[0m
[33m/home/cvazquezperezdelacru/clio-core/context-runtime/src/scheduler/default_sched.cc:455 WARNING 2493727 operator() [#781] worker 3 STALLED on one task (load_us=-1.05781e+24 realtime_load_us=-1.05781e+24 threshold_s=1)[0m
[33m/home/cvazquezperezdelacru/clio-core/context-runtime/src/worker.cc:370 WARNING 2493727 AdoptLane [#785] worker 3 adopted lane 0x7fc82a740428[0m
[33m/home/cvazquezperezdelacru/clio-core/context-runtime/src/scheduler/default_sched.cc:598 WARNING 2493727 operator() [#785] RESCUE: stalled worker 3 -> worker 8 (0 parked task(s) moved, 0 queued task(s) redistributed, rescues=52)[0m
[97m/home/cvazquezperezdelacru/clio-core/context-runtime/src/ipc_manager.cc:2440 INFO 2493722 IncreaseClientShm IpcManager::IncreaseClientShm: Creating clio_2493698_110 with size 140212608 (106658176 + 33554432 overhead)[0m
[97m/home/cvazquezperezdelacru/clio-core/context-runtime/src/ipc_manager.cc:2485 INFO 2493722 IncreaseClientShm IpcManager::IncreaseClientShm: Created allocator clio_2493698_110 with ID (2493698.110)[0m
[97m/home/cvazquezperezdelacru/clio-core/context-runtime/src/ipc_manager.cc:2440 INFO 2494104 IncreaseClientShm IpcManager::IncreaseClientShm: Creating clio_2493698_111 with size 142362816 (108808384 + 33554432 overhead)[0m
[97m/home/cvazquezperezdelacru/clio-core/context-runtime/src/ipc_manager.cc:2485 INFO 2494104 IncreaseClientShm IpcManager::IncreaseClientShm: Created allocator clio_2493698_111 with ID (2493698.111)[0m
[97m/home/cvazquezperezdelacru/clio-core/context-runtime/src/ipc_manager.cc:2440 INFO 2494104 IncreaseClientShm IpcManager::IncreaseClientShm: Creating clio_2493698_112 with size 146507216 (112952784 + 33554432 overhead)[0m
[97m/home/cvazquezperezdelacru/clio-core/context-runtime/src/ipc_manager.cc:2485 INFO 2494104 IncreaseClientShm IpcManager::IncreaseClientShm: Created allocator clio_2493698_112 with ID (2493698.112)[0m
[97m/home/cvazquezperezdelacru/clio-core/context-runtime/src/ipc_manager.cc:2440 INFO 2494104 IncreaseClientShm IpcManager::IncreaseClientShm: Creating clio_2493698_113 with size 134608312 (101053880 + 33554432 overhead)[0m
[97m/home/cvazquezperezdelacru/clio-core/context-runtime/src/ipc_manager.cc:2485 INFO 2494104 IncreaseClientShm IpcManager::IncreaseClientShm: Created allocator clio_2493698_113 with ID (2493698.113)[0m
[31m/home/cvazquezperezdelacru/clio-core/context-runtime/src/scheduler/default_sched.cc:726 ERROR 2493727 LoadBalance [HANGWATCH-HB] processed=33154 outstanding=51 (queued=51 blocked=0 retry=0 periodic=7) live=2 live_stalled=0[0m
[97m/home/cvazquezperezdelacru/clio-core/context-runtime/src/ipc_manager.cc:2440 INFO 2494104 IncreaseClientShm IpcManager::IncreaseClientShm: Creating clio_2493698_114 with size 134746112 (101191680 + 33554432 overhead)[0m
[97m/home/cvazquezperezdelacru/clio-core/context-runtime/src/ipc_manager.cc:2485 INFO 2494104 IncreaseClientShm IpcManager::IncreaseClientShm: Created allocator clio_2493698_114 with ID (2493698.114)[0m
[97m/home/cvazquezperezdelacru/clio-core/context-runtime/src/ipc_manager.cc:2440 INFO 2494104 IncreaseClientShm IpcManager::IncreaseClientShm: Creating clio_2493698_115 with size 137277216 (103722784 + 33554432 overhead)[0m
[97m/home/cvazquezperezdelacru/clio-core/context-runtime/src/ipc_manager.cc:2485 INFO 2494104 IncreaseClientShm IpcManager::IncreaseClientShm: Created allocator clio_2493698_115 with ID (2493698.115)[0m
[33m/home/cvazquezperezdelacru/clio-core/context-runtime/src/scheduler/default_sched.cc:430 WARNING 2493727 LoadBalance [#781 PDF] observed exec-time bins (cumulative): <10us=1987951 <50us=65909 <500us=3073 <10ms=12400 <50ms=468 <500ms=15 <1s=0 >=1s=1 | stalls_detected=52[0m
[33m/home/cvazquezperezdelacru/clio-core/context-runtime/src/scheduler/default_sched.cc:439 WARNING 2493727 LoadBalance [#785] lane rescues performed: 52[0m
[97m/home/cvazquezperezdelacru/clio-core/context-runtime/src/ipc_manager.cc:2440 INFO 2494104 IncreaseClientShm IpcManager::IncreaseClientShm: Creating clio_2493698_116 with size 148345408 (114790976 + 33554432 overhead)[0m
[97m/home/cvazquezperezdelacru/clio-core/context-runtime/src/ipc_manager.cc:2485 INFO 2494104 IncreaseClientShm IpcManager::IncreaseClientShm: Created allocator clio_2493698_116 with ID (2493698.116)[0m
[97m/home/cvazquezperezdelacru/clio-core/context-runtime/src/ipc_manager.cc:2440 INFO 2494104 IncreaseClientShm IpcManager::IncreaseClientShm: Creating clio_2493698_117 with size 133070416 (99515984 + 33554432 overhead)[0m
[97m/home/cvazquezperezdelacru/clio-core/context-runtime/src/ipc_manager.cc:2485 INFO 2494104 IncreaseClientShm IpcManager::IncreaseClientShm: Created allocator clio_2493698_117 with ID (2493698.117)[0m
[31m/home/cvazquezperezdelacru/clio-core/context-runtime/src/scheduler/default_sched.cc:726 ERROR 2493727 LoadBalance [HANGWATCH-HB] processed=34493 outstanding=43 (queued=43 blocked=0 retry=0 periodic=6) live=6 live_stalled=0[0m
[97m/home/cvazquezperezdelacru/clio-core/context-runtime/src/ipc_manager.cc:2440 INFO 2494104 IncreaseClientShm IpcManager::IncreaseClientShm: Creating clio_2493698_118 with size 141081008 (107526576 + 33554432 overhead)[0m
[97m/home/cvazquezperezdelacru/clio-core/context-runtime/src/ipc_manager.cc:2485 INFO 2494104 IncreaseClientShm IpcManager::IncreaseClientShm: Created allocator clio_2493698_118 with ID (2493698.118)[0m
[97m/home/cvazquezperezdelacru/clio-core/context-runtime/src/ipc_manager.cc:2440 INFO 2494104 IncreaseClientShm IpcManager::IncreaseClientShm: Creating clio_2493698_119 with size 138153408 (104598976 + 33554432 overhead)[0m
[97m/home/cvazquezperezdelacru/clio-core/context-runtime/src/ipc_manager.cc:2485 INFO 2494104 IncreaseClientShm IpcManager::IncreaseClientShm: Created allocator clio_2493698_119 with ID (2493698.119)[0m
