[97m/home/cvazquezperezdelacru/clio-core/context-runtime/src/config_manager.cc:144 INFO 3805143 ClientInit Config at: /mnt/common/cvazquezperezdelacru/IOWARP/faiss/contrib/iowarp/benchmarks/results/ares_cte_rendered_20260805_131519.yaml[0m
[97m/home/cvazquezperezdelacru/clio-core/context-runtime/src/ipc_manager.cc:2872 INFO 3805143 ClearUserIpcs ClearUserIpcs: Removed 223 memfd symlinks from previous runs[0m
[33m/home/cvazquezperezdelacru/clio-core/context-runtime/src/ipc_manager.cc:906 WARNING 3805143 ServerInitShm Main segment: requested 50079698944 bytes exceeds half the memory budget (50079698944 bytes); clamping to 25039849472 bytes[0m
[97m/home/cvazquezperezdelacru/clio-core/context-runtime/src/ipc_manager.cc:931 INFO 3805143 ServerInitShm Initializing main shared memory segment: 25039849472 bytes (23879 MB)[0m
[97m/home/cvazquezperezdelacru/clio-core/context-runtime/src/ipc_manager.cc:952 INFO 3805143 ServerInitShm Initializing queue shared memory segment: 646224224 bytes (631078 KB)[0m
[33m/home/cvazquezperezdelacru/clio-core/context-runtime/src/ipc_manager.cc:1005 WARNING 3805143 ServerInitShm Metadata segment: requested 50079698944 bytes exceeds half the memory budget (50079698944 bytes); clamping to 25039849472 bytes[0m
[97m/home/cvazquezperezdelacru/clio-core/context-runtime/src/ipc_manager.cc:1039 INFO 3805143 ServerInitShm Initializing metadata shared memory segment: 25039849472 bytes (23879 MB), sparse/not pre-faulted[0m
[97m/home/cvazquezperezdelacru/clio-core/context-runtime/src/ipc_manager.cc:865 INFO 3805143 ExcludeFromCoreDump metadata segment: excluded 25039849472 bytes from core dumps[0m
[97m/home/cvazquezperezdelacru/clio-core/context-runtime/src/ipc_manager.cc:1072 INFO 3805143 ServerInitShm ServerInitShm: metadata directory at offset 68072[0m
[97m/home/cvazquezperezdelacru/clio-core/context-runtime/src/ipc_manager.cc:1127 INFO 3805143 ServerInitShm ServerInitShm: 8 inbound SHM ring(s) 'clio-3805143-shm-in-0..7' (16MB each)[0m
[97m/home/cvazquezperezdelacru/clio-core/context-runtime/src/ipc_manager.cc:1269 INFO 3805143 ServerInitQueues Initializing 16 worker queues with depth 1024 (last worker serves dual role)[0m
[97m/home/cvazquezperezdelacru/clio-core/context-runtime/src/ipc_manager.cc:1933 INFO 3805143 IdentifyThisHost SUCCESS: Main server started on 0.0.0.0:9413 (advertised as ares-comp-32, node=1)[0m
[97m/home/cvazquezperezdelacru/clio-core/context-runtime/src/ipc_manager.cc:561 INFO 3805143 ServerInit IpcManager: TCP ROUTER transport bound on 0.0.0.0:9416[0m
[97m/home/cvazquezperezdelacru/clio-core/context-runtime/src/ipc_manager.cc:579 INFO 3805143 ServerInit IpcManager: IPC lightbeam server bound on /tmp/clio_cvazquezperezdelacru/clio_9413.ipc[0m
[97m/home/cvazquezperezdelacru/clio-core/context-runtime/src/module_manager.cc:137 INFO 3805143 LoadChiMod Loaded ChiMod: clio_MOD_NAME from /mnt/common/cvazquezperezdelacru/clio-core-dev-install/lib/libclio_MOD_NAME_runtime.so[0m
[97m/home/cvazquezperezdelacru/clio-core/context-runtime/src/module_manager.cc:137 INFO 3805143 LoadChiMod Loaded ChiMod: clio_admin from /mnt/common/cvazquezperezdelacru/clio-core-dev-install/lib/libclio_admin_runtime.so[0m
[97m/home/cvazquezperezdelacru/clio-core/context-runtime/src/module_manager.cc:137 INFO 3805143 LoadChiMod Loaded ChiMod: clio_bdev from /mnt/common/cvazquezperezdelacru/clio-core-dev-install/lib/libclio_bdev_runtime.so[0m
[97m/home/cvazquezperezdelacru/clio-core/context-runtime/src/module_manager.cc:137 INFO 3805143 LoadChiMod Loaded ChiMod: clio_safe_bdev from /mnt/common/cvazquezperezdelacru/clio-core-dev-install/lib/libclio_safe_bdev_runtime.so[0m
[97m/home/cvazquezperezdelacru/clio-core/context-runtime/src/module_manager.cc:137 INFO 3805143 LoadChiMod Loaded ChiMod: clio_cte_replication from /mnt/common/cvazquezperezdelacru/clio-core-dev-install/lib/libclio_cte_replication_runtime.so[0m
[97m/home/cvazquezperezdelacru/clio-core/context-runtime/src/module_manager.cc:137 INFO 3805143 LoadChiMod Loaded ChiMod: clio_cte_cache from /mnt/common/cvazquezperezdelacru/clio-core-dev-install/lib/libclio_cte_cache_runtime.so[0m
[97m/home/cvazquezperezdelacru/clio-core/context-runtime/src/module_manager.cc:137 INFO 3805143 LoadChiMod Loaded ChiMod: clio_cte_indexer from /mnt/common/cvazquezperezdelacru/clio-core-dev-install/lib/libclio_cte_indexer_runtime.so[0m
[97m/home/cvazquezperezdelacru/clio-core/context-runtime/src/module_manager.cc:137 INFO 3805143 LoadChiMod Loaded ChiMod: clio_cte_core from /mnt/common/cvazquezperezdelacru/clio-core-dev-install/lib/libclio_cte_core_runtime.so[0m
[97m/home/cvazquezperezdelacru/clio-core/context-runtime/src/module_manager.cc:137 INFO 3805143 LoadChiMod Loaded ChiMod: clio_cte_filesystem from /mnt/common/cvazquezperezdelacru/clio-core-dev-install/lib/libclio_cte_filesystem_runtime.so[0m
[97m/home/cvazquezperezdelacru/clio-core/context-runtime/src/module_manager.cc:137 INFO 3805143 LoadChiMod Loaded ChiMod: clio_faiss_ivf from /mnt/common/cvazquezperezdelacru/IOWARP/faiss/contrib/iowarp/build-dev/chimod/libclio_faiss_ivf_runtime.so[0m
[97m/home/cvazquezperezdelacru/clio-core/context-runtime/src/work_orchestrator.cc:94 INFO 3805143 Init Creating 8 workers (7 task + 1 dedicated network)[0m
[97m/home/cvazquezperezdelacru/clio-core/context-runtime/src/ipc_manager.cc:756 INFO 3805143 SetNumSchedQueues IpcManager: Updated num_sched_queues to 1[0m
[97m/home/cvazquezperezdelacru/clio-core/context-runtime/src/scheduler/default_sched.cc:139 INFO 3805143 DivideWorkers DefaultScheduler: 1 scheduler worker (0), 4 I/O workers, net_send_worker=6, net_recv_worker=7, gpu_worker=5[0m
[97m/home/cvazquezperezdelacru/clio-core/context-runtime/src/work_orchestrator.cc:271 INFO 3805143 SpawnWorkerThreads WorkOrchestrator: num_workers=8, num_lanes=16[0m
[97m/home/cvazquezperezdelacru/clio-core/context-runtime/src/work_orchestrator.cc:294 INFO 3805143 SpawnWorkerThreads WorkOrchestrator: Mapped worker 0 (ID 0) to lane 0[0m
[97m/home/cvazquezperezdelacru/clio-core/context-runtime/src/work_orchestrator.cc:294 INFO 3805143 SpawnWorkerThreads WorkOrchestrator: Mapped worker 1 (ID 1) to lane 1[0m
[97m/home/cvazquezperezdelacru/clio-core/context-runtime/src/work_orchestrator.cc:294 INFO 3805143 SpawnWorkerThreads WorkOrchestrator: Mapped worker 2 (ID 2) to lane 2[0m
[97m/home/cvazquezperezdelacru/clio-core/context-runtime/src/work_orchestrator.cc:294 INFO 3805143 SpawnWorkerThreads WorkOrchestrator: Mapped worker 3 (ID 3) to lane 3[0m
[97m/home/cvazquezperezdelacru/clio-core/context-runtime/src/work_orchestrator.cc:294 INFO 3805143 SpawnWorkerThreads WorkOrchestrator: Mapped worker 4 (ID 4) to lane 4[0m
[97m/home/cvazquezperezdelacru/clio-core/context-runtime/src/work_orchestrator.cc:294 INFO 3805143 SpawnWorkerThreads WorkOrchestrator: Mapped worker 5 (ID 5) to lane 5[0m
[97m/home/cvazquezperezdelacru/clio-core/context-runtime/src/work_orchestrator.cc:294 INFO 3805143 SpawnWorkerThreads WorkOrchestrator: Mapped worker 6 (ID 6) to lane 6[0m
[97m/home/cvazquezperezdelacru/clio-core/context-runtime/src/work_orchestrator.cc:294 INFO 3805143 SpawnWorkerThreads WorkOrchestrator: Mapped worker 7 (ID 7) to lane 7[0m
[97m/home/cvazquezperezdelacru/clio-core/context-runtime/src/pool_manager.cc:534 INFO 3805143 CreatePool PoolManager: Creating pool 'admin' with 2 containers (one per node)[0m
[33m/home/cvazquezperezdelacru/clio-core/context-runtime/modules/admin/include/clio_runtime/admin/admin_client.h:59 WARNING 3805143 Client AdminClient: Default constructor called - pool_id_ will be PoolId(0,0)[0m
[97m/home/cvazquezperezdelacru/clio-core/context-runtime/src/pool_manager.cc:615 INFO 3805143 CreatePool Creating container for pool PoolId(major:1, minor:0) on node 1 with container_id=1[0m
[97m/home/cvazquezperezdelacru/clio-core/context-runtime/src/pool_manager.cc:644 INFO 3805143 CreatePool Container initialized with pool ID PoolId(major:1, minor:0), name admin, and container ID 1[0m
[97m/home/cvazquezperezdelacru/clio-core/context-runtime/src/pool_manager.cc:663 INFO 3805143 CreatePool CreatePool: Running Create method for pool PoolId(major:1, minor:0)[0m
[97m/home/cvazquezperezdelacru/clio-core/context-runtime/src/ipc/ipc_run2run.cc:1182 INFO 3805172 operator() [PeerRecvThread] started[0m
[97m/home/cvazquezperezdelacru/clio-core/context-runtime/src/ipc/ipc_run2run.cc:1254 INFO 3805173 operator() [ClientRecvThread] started[0m
[97m/home/cvazquezperezdelacru/clio-core/context-runtime/src/pool_manager.cc:666 INFO 3805143 CreatePool CreatePool: Create method completed for pool PoolId(major:1, minor:0)[0m
[97m/home/cvazquezperezdelacru/clio-core/context-runtime/src/pool_manager.cc:700 INFO 3805143 CreatePool PoolManager: Created complete pool PoolId(major:1, minor:0) with ChiMod clio_admin (2 containers)[0m
[97m/home/cvazquezperezdelacru/clio-core/context-runtime/src/pool_manager.cc:125 INFO 3805143 ServerInit PoolManager: Admin chimod pool created successfully with PoolId PoolId(major:1, minor:0)[0m
[97m/home/cvazquezperezdelacru/clio-core/context-runtime/src/manager.cc:264 INFO 3805143 ServerInit Processing compose configuration with 3 pools[0m
[33m/home/cvazquezperezdelacru/clio-core/context-runtime/src/../modules/admin/include/clio_runtime/admin/admin_client.h:59 WARNING 3805143 Client AdminClient: Default constructor called - pool_id_ will be PoolId(0,0)[0m
[97m/home/cvazquezperezdelacru/clio-core/context-runtime/src/manager.cc:282 INFO 3805143 ServerInit Compose: Creating pool ram::chi_default_bdev (module: clio_bdev, restart: 0)[0m
[97m/home/cvazquezperezdelacru/clio-core/context-runtime/src/pool_manager.cc:534 INFO 3805167 CreatePool PoolManager: Creating pool 'ram::chi_default_bdev' with 2 containers (one per node)[0m
[97m/home/cvazquezperezdelacru/clio-core/context-runtime/src/pool_manager.cc:615 INFO 3805167 CreatePool Creating container for pool PoolId(major:301, minor:0) on node 1 with container_id=1[0m
[97m/home/cvazquezperezdelacru/clio-core/context-runtime/src/pool_manager.cc:644 INFO 3805167 CreatePool Container initialized with pool ID PoolId(major:301, minor:0), name ram::chi_default_bdev, and container ID 1[0m
[97m/home/cvazquezperezdelacru/clio-core/context-runtime/src/pool_manager.cc:663 INFO 3805167 CreatePool CreatePool: Running Create method for pool PoolId(major:301, minor:0)[0m
[97m/home/cvazquezperezdelacru/clio-core/context-runtime/modules/bdev/src/transports/mem_bdev_transport.cc:152 INFO 3805167 InitShmBacking [#783] RAM bdev 'clio_rambdev_3805143_301_0' is shared-memory backed (38655688704 of 38654705664 bytes mapped)[0m
[97m/home/cvazquezperezdelacru/clio-core/context-runtime/src/pool_manager.cc:666 INFO 3805167 CreatePool CreatePool: Create method completed for pool PoolId(major:301, minor:0)[0m
[97m/home/cvazquezperezdelacru/clio-core/context-runtime/src/pool_manager.cc:700 INFO 3805167 CreatePool PoolManager: Created complete pool PoolId(major:301, minor:0) with ChiMod clio_bdev (2 containers)[0m
[97m/home/cvazquezperezdelacru/clio-core/context-runtime/src/manager.cc:298 INFO 3805143 ServerInit Compose: Successfully created pool ram::chi_default_bdev (module: clio_bdev)[0m
[97m/home/cvazquezperezdelacru/clio-core/context-runtime/src/manager.cc:282 INFO 3805143 ServerInit Compose: Creating pool cte_main (module: clio_cte_core, restart: 0)[0m
[97m/home/cvazquezperezdelacru/clio-core/context-runtime/src/pool_manager.cc:534 INFO 3805164 CreatePool PoolManager: Creating pool 'cte_main' with 2 containers (one per node)[0m
[97m/home/cvazquezperezdelacru/clio-core/context-runtime/src/pool_manager.cc:615 INFO 3805164 CreatePool Creating container for pool PoolId(major:512, minor:0) on node 1 with container_id=1[0m
[97m/home/cvazquezperezdelacru/clio-core/context-runtime/src/pool_manager.cc:644 INFO 3805164 CreatePool Container initialized with pool ID PoolId(major:512, minor:0), name cte_main, and container ID 1[0m
[97m/home/cvazquezperezdelacru/clio-core/context-runtime/src/pool_manager.cc:663 INFO 3805164 CreatePool CreatePool: Running Create method for pool PoolId(major:512, minor:0)[0m
[97m/home/cvazquezperezdelacru/clio-core/context-transfer-engine/core/src/core_config.cc:642 INFO 3805164 ParseStorageConfig Parsed 2 storage devices[0m
[97m/home/cvazquezperezdelacru/clio-core/context-transfer-engine/core/src/core_config.cc:660 INFO 3805164 ParseDpeConfig Parsed DPE configuration: type=max_bw[0m
[97m/home/cvazquezperezdelacru/clio-core/context-transfer-engine/core/src/core_config.cc:111 INFO 3805164 LoadFromString Configuration loaded successfully from YAML string[0m
[97m/home/cvazquezperezdelacru/clio-core/context-runtime/src/pool_manager.cc:534 INFO 3805163 CreatePool PoolManager: Creating pool 'ram::cte_ram_tier_node0' with 2 containers (one per node)[0m
[97m/home/cvazquezperezdelacru/clio-core/context-runtime/src/pool_manager.cc:615 INFO 3805163 CreatePool Creating container for pool PoolId(major:512, minor:1) on node 1 with container_id=1[0m
[97m/home/cvazquezperezdelacru/clio-core/context-runtime/src/pool_manager.cc:644 INFO 3805163 CreatePool Container initialized with pool ID PoolId(major:512, minor:1), name ram::cte_ram_tier_node0, and container ID 1[0m
[97m/home/cvazquezperezdelacru/clio-core/context-runtime/src/pool_manager.cc:663 INFO 3805163 CreatePool CreatePool: Running Create method for pool PoolId(major:512, minor:1)[0m
[97m/home/cvazquezperezdelacru/clio-core/context-runtime/modules/bdev/src/transports/mem_bdev_transport.cc:152 INFO 3805163 InitShmBacking [#783] RAM bdev 'clio_rambdev_3805143_512_1' is shared-memory backed (32213237760 of 32212254720 bytes mapped)[0m
[97m/home/cvazquezperezdelacru/clio-core/context-runtime/src/pool_manager.cc:666 INFO 3805163 CreatePool CreatePool: Create method completed for pool PoolId(major:512, minor:1)[0m
[97m/home/cvazquezperezdelacru/clio-core/context-runtime/src/pool_manager.cc:700 INFO 3805163 CreatePool PoolManager: Created complete pool PoolId(major:512, minor:1) with ChiMod clio_bdev (2 containers)[0m
[97m/home/cvazquezperezdelacru/clio-core/context-runtime/src/ipc_manager.cc:2295 INFO 3805169 GetOrCreateClient [ClientPool] Creating new persistent connection to ares-comp-31:9413#resp[0m
[97m/home/cvazquezperezdelacru/clio-core/context-runtime/src/../../context-transport-primitives/include/clio_ctp/lightbeam/zmq_transport.h:152 INFO 3805169 GetSharedContext [ZeroMqTransport] Created shared context with 8 I/O threads[0m
[97m/home/cvazquezperezdelacru/clio-core/context-runtime/src/ipc_manager.cc:2315 INFO 3805169 GetOrCreateClient [ClientPool] Connection established to ares-comp-31:9413#resp[0m
[97m/home/cvazquezperezdelacru/clio-core/context-transfer-engine/core/src/core_runtime.cc:590 INFO 3805164 Create CTE: shared-memory metadata cache enabled (tags=65536, blobs=262144, root_off=488)[0m
[97m/home/cvazquezperezdelacru/clio-core/context-runtime/src/ipc_manager.cc:2295 INFO 3805169 GetOrCreateClient [ClientPool] Creating new persistent connection to ares-comp-31:9413[0m
[97m/home/cvazquezperezdelacru/clio-core/context-runtime/src/ipc_manager.cc:2315 INFO 3805169 GetOrCreateClient [ClientPool] Connection established to ares-comp-31:9413[0m
[97m/home/cvazquezperezdelacru/clio-core/context-runtime/src/ipc_manager.cc:2295 INFO 3805169 GetOrCreateClient [ClientPool] Creating new persistent connection to ares-comp-32:9413[0m
[97m/home/cvazquezperezdelacru/clio-core/context-runtime/src/ipc_manager.cc:2315 INFO 3805169 GetOrCreateClient [ClientPool] Connection established to ares-comp-32:9413[0m
[97m/home/cvazquezperezdelacru/clio-core/context-runtime/src/pool_manager.cc:534 INFO 3805163 CreatePool PoolManager: Creating pool 'ram::cte_ram_tier_node1' with 2 containers (one per node)[0m
[97m/home/cvazquezperezdelacru/clio-core/context-runtime/src/pool_manager.cc:615 INFO 3805163 CreatePool Creating container for pool PoolId(major:512, minor:2) on node 1 with container_id=1[0m
[97m/home/cvazquezperezdelacru/clio-core/context-runtime/src/pool_manager.cc:644 INFO 3805163 CreatePool Container initialized with pool ID PoolId(major:512, minor:2), name ram::cte_ram_tier_node1, and container ID 1[0m
[97m/home/cvazquezperezdelacru/clio-core/context-runtime/src/pool_manager.cc:663 INFO 3805163 CreatePool CreatePool: Running Create method for pool PoolId(major:512, minor:2)[0m
[97m/home/cvazquezperezdelacru/clio-core/context-runtime/modules/bdev/src/transports/mem_bdev_transport.cc:152 INFO 3805163 InitShmBacking [#783] RAM bdev 'clio_rambdev_3805143_512_2' is shared-memory backed (32213237760 of 32212254720 bytes mapped)[0m
[97m/home/cvazquezperezdelacru/clio-core/context-runtime/src/pool_manager.cc:666 INFO 3805163 CreatePool CreatePool: Create method completed for pool PoolId(major:512, minor:2)[0m
[97m/home/cvazquezperezdelacru/clio-core/context-runtime/src/pool_manager.cc:700 INFO 3805163 CreatePool PoolManager: Created complete pool PoolId(major:512, minor:2) with ChiMod clio_bdev (2 containers)[0m
[97m/home/cvazquezperezdelacru/clio-core/context-runtime/src/ipc_manager.cc:2295 INFO 3805169 GetOrCreateClient [ClientPool] Creating new persistent connection to ares-comp-32:9413#resp[0m
[97m/home/cvazquezperezdelacru/clio-core/context-runtime/src/ipc_manager.cc:2315 INFO 3805169 GetOrCreateClient [ClientPool] Connection established to ares-comp-32:9413#resp[0m
[97m/home/cvazquezperezdelacru/clio-core/context-runtime/src/pool_manager.cc:534 INFO 3805163 CreatePool PoolManager: Creating pool '/mnt/nvme/cvazquezperezdelacru/cte_tier_node0' with 2 containers (one per node)[0m
[97m/home/cvazquezperezdelacru/clio-core/context-runtime/src/pool_manager.cc:615 INFO 3805163 CreatePool Creating container for pool PoolId(major:513, minor:1) on node 1 with container_id=1[0m
[97m/home/cvazquezperezdelacru/clio-core/context-runtime/src/pool_manager.cc:644 INFO 3805163 CreatePool Container initialized with pool ID PoolId(major:513, minor:1), name /mnt/nvme/cvazquezperezdelacru/cte_tier_node0, and container ID 1[0m
[97m/home/cvazquezperezdelacru/clio-core/context-runtime/src/pool_manager.cc:663 INFO 3805163 CreatePool CreatePool: Running Create method for pool PoolId(major:513, minor:1)[0m
[97m/home/cvazquezperezdelacru/clio-core/context-runtime/src/pool_manager.cc:666 INFO 3805163 CreatePool CreatePool: Create method completed for pool PoolId(major:513, minor:1)[0m
[97m/home/cvazquezperezdelacru/clio-core/context-runtime/src/pool_manager.cc:700 INFO 3805163 CreatePool PoolManager: Created complete pool PoolId(major:513, minor:1) with ChiMod clio_bdev (2 containers)[0m
[97m/home/cvazquezperezdelacru/clio-core/context-runtime/src/pool_manager.cc:534 INFO 3805163 CreatePool PoolManager: Creating pool '/mnt/nvme/cvazquezperezdelacru/cte_tier_node1' with 2 containers (one per node)[0m
[97m/home/cvazquezperezdelacru/clio-core/context-runtime/src/pool_manager.cc:615 INFO 3805163 CreatePool Creating container for pool PoolId(major:513, minor:2) on node 1 with container_id=1[0m
[97m/home/cvazquezperezdelacru/clio-core/context-runtime/src/pool_manager.cc:644 INFO 3805163 CreatePool Container initialized with pool ID PoolId(major:513, minor:2), name /mnt/nvme/cvazquezperezdelacru/cte_tier_node1, and container ID 1[0m
[97m/home/cvazquezperezdelacru/clio-core/context-runtime/src/pool_manager.cc:663 INFO 3805163 CreatePool CreatePool: Running Create method for pool PoolId(major:513, minor:2)[0m
[97m/home/cvazquezperezdelacru/clio-core/context-runtime/src/pool_manager.cc:666 INFO 3805163 CreatePool CreatePool: Create method completed for pool PoolId(major:513, minor:2)[0m
[97m/home/cvazquezperezdelacru/clio-core/context-runtime/src/pool_manager.cc:700 INFO 3805163 CreatePool PoolManager: Created complete pool PoolId(major:513, minor:2) with ChiMod clio_bdev (2 containers)[0m
[97m/home/cvazquezperezdelacru/clio-core/context-transfer-engine/core/src/core_runtime.cc:708 INFO 3805164 Create CTE Core container created and initialized for pool: cte_main (ID: PoolId(major:512, minor:0))[0m
[97m/home/cvazquezperezdelacru/clio-core/context-transfer-engine/core/src/core_runtime.cc:712 INFO 3805164 Create Configuration: neighborhood=1, poll_period_ms=5000, stat_targets_period_ms=5000[0m
[97m/home/cvazquezperezdelacru/clio-core/context-transfer-engine/core/src/core_runtime.cc:754 INFO 3805164 Create Starting periodic StatTargets task with period 5000 ms[0m
[97m/home/cvazquezperezdelacru/clio-core/context-runtime/src/pool_manager.cc:666 INFO 3805164 CreatePool CreatePool: Create method completed for pool PoolId(major:512, minor:0)[0m
[97m/home/cvazquezperezdelacru/clio-core/context-runtime/src/pool_manager.cc:700 INFO 3805164 CreatePool PoolManager: Created complete pool PoolId(major:512, minor:0) with ChiMod clio_cte_core (2 containers)[0m
[97m/home/cvazquezperezdelacru/clio-core/context-runtime/src/manager.cc:298 INFO 3805143 ServerInit Compose: Successfully created pool cte_main (module: clio_cte_core)[0m
[97m/home/cvazquezperezdelacru/clio-core/context-runtime/src/manager.cc:282 INFO 3805143 ServerInit Compose: Creating pool faiss_ivf_main (module: clio_faiss_ivf, restart: 0)[0m
[97m/home/cvazquezperezdelacru/clio-core/context-runtime/src/pool_manager.cc:534 INFO 3805164 CreatePool PoolManager: Creating pool 'faiss_ivf_main' with 2 containers (one per node)[0m
[97m/home/cvazquezperezdelacru/clio-core/context-runtime/src/pool_manager.cc:615 INFO 3805164 CreatePool Creating container for pool PoolId(major:600, minor:0) on node 1 with container_id=1[0m
[97m/home/cvazquezperezdelacru/clio-core/context-runtime/src/pool_manager.cc:644 INFO 3805164 CreatePool Container initialized with pool ID PoolId(major:600, minor:0), name faiss_ivf_main, and container ID 1[0m
[97m/home/cvazquezperezdelacru/clio-core/context-runtime/src/pool_manager.cc:663 INFO 3805164 CreatePool CreatePool: Running Create method for pool PoolId(major:600, minor:0)[0m
[97m/home/cvazquezperezdelacru/clio-core/context-runtime/src/pool_manager.cc:666 INFO 3805164 CreatePool CreatePool: Create method completed for pool PoolId(major:600, minor:0)[0m
[97m/home/cvazquezperezdelacru/clio-core/context-runtime/src/pool_manager.cc:700 INFO 3805164 CreatePool PoolManager: Created complete pool PoolId(major:600, minor:0) with ChiMod clio_faiss_ivf (2 containers)[0m
[97m/home/cvazquezperezdelacru/clio-core/context-runtime/src/manager.cc:298 INFO 3805143 ServerInit Compose: Successfully created pool faiss_ivf_main (module: clio_faiss_ivf)[0m
[97m/home/cvazquezperezdelacru/clio-core/context-runtime/src/manager.cc:304 INFO 3805143 ServerInit Compose: All 3 pools created successfully[0m
[32m/home/cvazquezperezdelacru/clio-core/context-runtime/src/ipc_manager.cc:1368 SUCCESS 3805143 StartLocalServer Successfully started local server at 127.0.0.1:9414[0m
[97m/home/cvazquezperezdelacru/clio-core/context-runtime/src/manager.cc:137 INFO 3805143 ClientInit RuntimeManager::ClientInit[0m
[97m/home/cvazquezperezdelacru/clio-core/context-runtime/src/manager.cc:181 INFO 3805143 ClientInit ClientInit: g_admin already exists, pool_id_=PoolId(major:0, minor:0)[0m
[97m/home/cvazquezperezdelacru/clio-core/context-runtime/src/pool_manager.cc:534 INFO 3805163 CreatePool PoolManager: Creating pool 'clio_cte_core' with 2 containers (one per node)[0m
[97m/home/cvazquezperezdelacru/clio-core/context-runtime/src/pool_manager.cc:575 INFO 3805163 CreatePool PoolManager: Pool PoolId(major:512, minor:0) already exists by ID, returning existing pool[0m
[97m/home/cvazquezperezdelacru/clio-core/context-runtime/src/ipc_manager.cc:2447 INFO 3805172 IncreaseClientShm IpcManager::IncreaseClientShm: Creating clio_3805143_4 with size 120323912 (86769480 + 33554432 overhead)[0m
[97m/home/cvazquezperezdelacru/clio-core/context-runtime/src/ipc_manager.cc:2492 INFO 3805172 IncreaseClientShm IpcManager::IncreaseClientShm: Created allocator clio_3805143_4 with ID (3805143.4)[0m
[97m/home/cvazquezperezdelacru/clio-core/context-runtime/src/ipc_manager.cc:2447 INFO 3805172 IncreaseClientShm IpcManager::IncreaseClientShm: Creating clio_3805143_5 with size 126823912 (93269480 + 33554432 overhead)[0m
[97m/home/cvazquezperezdelacru/clio-core/context-runtime/src/ipc_manager.cc:2492 INFO 3805172 IncreaseClientShm IpcManager::IncreaseClientShm: Created allocator clio_3805143_5 with ID (3805143.5)[0m
[33m/home/cvazquezperezdelacru/clio-core/context-runtime/src/scheduler/default_sched.cc:430 WARNING 3805171 LoadBalance [#781 PDF] observed exec-time bins (cumulative): <10us=60976 <50us=344 <500us=115 <10ms=88 <50ms=0 <500ms=8 <1s=0 >=1s=0 | stalls_detected=0[0m
[33m/home/cvazquezperezdelacru/clio-core/context-runtime/src/scheduler/default_sched.cc:439 WARNING 3805171 LoadBalance [#785] lane rescues performed: 0[0m
[97m/home/cvazquezperezdelacru/clio-core/context-runtime/src/ipc_manager.cc:2447 INFO 3805172 IncreaseClientShm IpcManager::IncreaseClientShm: Creating clio_3805143_6 with size 125734512 (92180080 + 33554432 overhead)[0m
[97m/home/cvazquezperezdelacru/clio-core/context-runtime/src/ipc_manager.cc:2492 INFO 3805172 IncreaseClientShm IpcManager::IncreaseClientShm: Created allocator clio_3805143_6 with ID (3805143.6)[0m
[97m/home/cvazquezperezdelacru/clio-core/context-runtime/src/ipc_manager.cc:2447 INFO 3805172 IncreaseClientShm IpcManager::IncreaseClientShm: Creating clio_3805143_7 with size 125939912 (92385480 + 33554432 overhead)[0m
[97m/home/cvazquezperezdelacru/clio-core/context-runtime/src/ipc_manager.cc:2492 INFO 3805172 IncreaseClientShm IpcManager::IncreaseClientShm: Created allocator clio_3805143_7 with ID (3805143.7)[0m
[33m/home/cvazquezperezdelacru/clio-core/context-runtime/src/scheduler/default_sched.cc:430 WARNING 3805171 LoadBalance [#781 PDF] observed exec-time bins (cumulative): <10us=128675 <50us=905 <500us=312 <10ms=245 <50ms=0 <500ms=16 <1s=0 >=1s=0 | stalls_detected=0[0m
[33m/home/cvazquezperezdelacru/clio-core/context-runtime/src/scheduler/default_sched.cc:439 WARNING 3805171 LoadBalance [#785] lane rescues performed: 0[0m
[97m/home/cvazquezperezdelacru/clio-core/context-runtime/src/ipc_manager.cc:2447 INFO 3805172 IncreaseClientShm IpcManager::IncreaseClientShm: Creating clio_3805143_8 with size 134568016 (101013584 + 33554432 overhead)[0m
[97m/home/cvazquezperezdelacru/clio-core/context-runtime/src/ipc_manager.cc:2492 INFO 3805172 IncreaseClientShm IpcManager::IncreaseClientShm: Created allocator clio_3805143_8 with ID (3805143.8)[0m
[33m/home/cvazquezperezdelacru/clio-core/context-runtime/src/scheduler/default_sched.cc:430 WARNING 3805171 LoadBalance [#781 PDF] observed exec-time bins (cumulative): <10us=196752 <50us=1373 <500us=495 <10ms=389 <50ms=0 <500ms=23 <1s=0 >=1s=0 | stalls_detected=0[0m
[33m/home/cvazquezperezdelacru/clio-core/context-runtime/src/scheduler/default_sched.cc:439 WARNING 3805171 LoadBalance [#785] lane rescues performed: 0[0m
[97m/home/cvazquezperezdelacru/clio-core/context-runtime/src/ipc_manager.cc:2447 INFO 3805172 IncreaseClientShm IpcManager::IncreaseClientShm: Creating clio_3805143_9 with size 126501512 (92947080 + 33554432 overhead)[0m
[97m/home/cvazquezperezdelacru/clio-core/context-runtime/src/ipc_manager.cc:2492 INFO 3805172 IncreaseClientShm IpcManager::IncreaseClientShm: Created allocator clio_3805143_9 with ID (3805143.9)[0m
[97m/home/cvazquezperezdelacru/clio-core/context-runtime/src/ipc_manager.cc:2447 INFO 3805172 IncreaseClientShm IpcManager::IncreaseClientShm: Creating clio_3805143_10 with size 131648208 (98093776 + 33554432 overhead)[0m
[97m/home/cvazquezperezdelacru/clio-core/context-runtime/src/ipc_manager.cc:2492 INFO 3805172 IncreaseClientShm IpcManager::IncreaseClientShm: Created allocator clio_3805143_10 with ID (3805143.10)[0m
[33m/home/cvazquezperezdelacru/clio-core/context-runtime/src/scheduler/default_sched.cc:430 WARNING 3805171 LoadBalance [#781 PDF] observed exec-time bins (cumulative): <10us=264401 <50us=1903 <500us=684 <10ms=545 <50ms=0 <500ms=30 <1s=0 >=1s=0 | stalls_detected=0[0m
[33m/home/cvazquezperezdelacru/clio-core/context-runtime/src/scheduler/default_sched.cc:439 WARNING 3805171 LoadBalance [#785] lane rescues performed: 0[0m
[97m/home/cvazquezperezdelacru/clio-core/context-runtime/src/ipc_manager.cc:2447 INFO 3805172 IncreaseClientShm IpcManager::IncreaseClientShm: Creating clio_3805143_11 with size 126777112 (93222680 + 33554432 overhead)[0m
[97m/home/cvazquezperezdelacru/clio-core/context-runtime/src/ipc_manager.cc:2492 INFO 3805172 IncreaseClientShm IpcManager::IncreaseClientShm: Created allocator clio_3805143_11 with ID (3805143.11)[0m
[33m/home/cvazquezperezdelacru/clio-core/context-runtime/src/scheduler/default_sched.cc:430 WARNING 3805171 LoadBalance [#781 PDF] observed exec-time bins (cumulative): <10us=331824 <50us=2893 <500us=877 <10ms=696 <50ms=0 <500ms=38 <1s=0 >=1s=0 | stalls_detected=0[0m
[33m/home/cvazquezperezdelacru/clio-core/context-runtime/src/scheduler/default_sched.cc:439 WARNING 3805171 LoadBalance [#785] lane rescues performed: 0[0m
[97m/home/cvazquezperezdelacru/clio-core/context-runtime/src/ipc_manager.cc:2447 INFO 3805172 IncreaseClientShm IpcManager::IncreaseClientShm: Creating clio_3805143_12 with size 141186312 (107631880 + 33554432 overhead)[0m
[97m/home/cvazquezperezdelacru/clio-core/context-runtime/src/ipc_manager.cc:2492 INFO 3805172 IncreaseClientShm IpcManager::IncreaseClientShm: Created allocator clio_3805143_12 with ID (3805143.12)[0m
[97m/home/cvazquezperezdelacru/clio-core/context-runtime/src/ipc_manager.cc:2447 INFO 3805172 IncreaseClientShm IpcManager::IncreaseClientShm: Creating clio_3805143_13 with size 127304912 (93750480 + 33554432 overhead)[0m
[97m/home/cvazquezperezdelacru/clio-core/context-runtime/src/ipc_manager.cc:2492 INFO 3805172 IncreaseClientShm IpcManager::IncreaseClientShm: Created allocator clio_3805143_13 with ID (3805143.13)[0m
[33m/home/cvazquezperezdelacru/clio-core/context-runtime/src/scheduler/default_sched.cc:430 WARNING 3805171 LoadBalance [#781 PDF] observed exec-time bins (cumulative): <10us=398986 <50us=3905 <500us=1029 <10ms=814 <50ms=0 <500ms=44 <1s=0 >=1s=0 | stalls_detected=0[0m
[33m/home/cvazquezperezdelacru/clio-core/context-runtime/src/scheduler/default_sched.cc:439 WARNING 3805171 LoadBalance [#785] lane rescues performed: 0[0m
[97m/home/cvazquezperezdelacru/clio-core/context-runtime/src/ipc_manager.cc:2447 INFO 3805172 IncreaseClientShm IpcManager::IncreaseClientShm: Creating clio_3805143_14 with size 132254016 (98699584 + 33554432 overhead)[0m
[97m/home/cvazquezperezdelacru/clio-core/context-runtime/src/ipc_manager.cc:2492 INFO 3805172 IncreaseClientShm IpcManager::IncreaseClientShm: Created allocator clio_3805143_14 with ID (3805143.14)[0m
[97m/home/cvazquezperezdelacru/clio-core/context-runtime/src/ipc_manager.cc:2447 INFO 3805172 IncreaseClientShm IpcManager::IncreaseClientShm: Creating clio_3805143_15 with size 132192912 (98638480 + 33554432 overhead)[0m
[97m/home/cvazquezperezdelacru/clio-core/context-runtime/src/ipc_manager.cc:2492 INFO 3805172 IncreaseClientShm IpcManager::IncreaseClientShm: Created allocator clio_3805143_15 with ID (3805143.15)[0m
[33m/home/cvazquezperezdelacru/clio-core/context-runtime/src/scheduler/default_sched.cc:430 WARNING 3805171 LoadBalance [#781 PDF] observed exec-time bins (cumulative): <10us=467133 <50us=4603 <500us=1205 <10ms=986 <50ms=0 <500ms=52 <1s=0 >=1s=0 | stalls_detected=0[0m
[33m/home/cvazquezperezdelacru/clio-core/context-runtime/src/scheduler/default_sched.cc:439 WARNING 3805171 LoadBalance [#785] lane rescues performed: 0[0m
[97m/home/cvazquezperezdelacru/clio-core/context-runtime/src/ipc_manager.cc:2447 INFO 3805172 IncreaseClientShm IpcManager::IncreaseClientShm: Creating clio_3805143_16 with size 129036512 (95482080 + 33554432 overhead)[0m
[97m/home/cvazquezperezdelacru/clio-core/context-runtime/src/ipc_manager.cc:2492 INFO 3805172 IncreaseClientShm IpcManager::IncreaseClientShm: Created allocator clio_3805143_16 with ID (3805143.16)[0m
[33m/home/cvazquezperezdelacru/clio-core/context-runtime/src/scheduler/default_sched.cc:430 WARNING 3805171 LoadBalance [#781 PDF] observed exec-time bins (cumulative): <10us=535394 <50us=5358 <500us=1398 <10ms=1165 <50ms=1 <500ms=59 <1s=0 >=1s=0 | stalls_detected=0[0m
[33m/home/cvazquezperezdelacru/clio-core/context-runtime/src/scheduler/default_sched.cc:439 WARNING 3805171 LoadBalance [#785] lane rescues performed: 0[0m
[97m/home/cvazquezperezdelacru/clio-core/context-runtime/src/ipc_manager.cc:2447 INFO 3805172 IncreaseClientShm IpcManager::IncreaseClientShm: Creating clio_3805143_17 with size 128305912 (94751480 + 33554432 overhead)[0m
[97m/home/cvazquezperezdelacru/clio-core/context-runtime/src/ipc_manager.cc:2492 INFO 3805172 IncreaseClientShm IpcManager::IncreaseClientShm: Created allocator clio_3805143_17 with ID (3805143.17)[0m
[97m/home/cvazquezperezdelacru/clio-core/context-runtime/src/ipc_manager.cc:2447 INFO 3805172 IncreaseClientShm IpcManager::IncreaseClientShm: Creating clio_3805143_18 with size 127457008 (93902576 + 33554432 overhead)[0m
[97m/home/cvazquezperezdelacru/clio-core/context-runtime/src/ipc_manager.cc:2492 INFO 3805172 IncreaseClientShm IpcManager::IncreaseClientShm: Created allocator clio_3805143_18 with ID (3805143.18)[0m
[33m/home/cvazquezperezdelacru/clio-core/context-runtime/src/scheduler/default_sched.cc:430 WARNING 3805171 LoadBalance [#781 PDF] observed exec-time bins (cumulative): <10us=602628 <50us=6278 <500us=1555 <10ms=1294 <50ms=1 <500ms=65 <1s=0 >=1s=0 | stalls_detected=0[0m
[33m/home/cvazquezperezdelacru/clio-core/context-runtime/src/scheduler/default_sched.cc:439 WARNING 3805171 LoadBalance [#785] lane rescues performed: 0[0m
[97m/home/cvazquezperezdelacru/clio-core/context-runtime/src/ipc_manager.cc:2447 INFO 3805172 IncreaseClientShm IpcManager::IncreaseClientShm: Creating clio_3805143_19 with size 149146208 (115591776 + 33554432 overhead)[0m
[97m/home/cvazquezperezdelacru/clio-core/context-runtime/src/ipc_manager.cc:2492 INFO 3805172 IncreaseClientShm IpcManager::IncreaseClientShm: Created allocator clio_3805143_19 with ID (3805143.19)[0m
[33m/home/cvazquezperezdelacru/clio-core/context-runtime/src/scheduler/default_sched.cc:430 WARNING 3805171 LoadBalance [#781 PDF] observed exec-time bins (cumulative): <10us=670611 <50us=6800 <500us=1724 <10ms=1438 <50ms=1 <500ms=72 <1s=0 >=1s=0 | stalls_detected=0[0m
[33m/home/cvazquezperezdelacru/clio-core/context-runtime/src/scheduler/default_sched.cc:439 WARNING 3805171 LoadBalance [#785] lane rescues performed: 0[0m
[97m/home/cvazquezperezdelacru/clio-core/context-runtime/src/ipc_manager.cc:2447 INFO 3805172 IncreaseClientShm IpcManager::IncreaseClientShm: Creating clio_3805143_20 with size 135312912 (101758480 + 33554432 overhead)[0m
[97m/home/cvazquezperezdelacru/clio-core/context-runtime/src/ipc_manager.cc:2492 INFO 3805172 IncreaseClientShm IpcManager::IncreaseClientShm: Created allocator clio_3805143_20 with ID (3805143.20)[0m
[97m/home/cvazquezperezdelacru/clio-core/context-runtime/src/ipc_manager.cc:2447 INFO 3805172 IncreaseClientShm IpcManager::IncreaseClientShm: Creating clio_3805143_21 with size 156653712 (123099280 + 33554432 overhead)[0m
[97m/home/cvazquezperezdelacru/clio-core/context-runtime/src/ipc_manager.cc:2492 INFO 3805172 IncreaseClientShm IpcManager::IncreaseClientShm: Created allocator clio_3805143_21 with ID (3805143.21)[0m
[33m/home/cvazquezperezdelacru/clio-core/context-runtime/src/scheduler/default_sched.cc:430 WARNING 3805171 LoadBalance [#781 PDF] observed exec-time bins (cumulative): <10us=739017 <50us=7511 <500us=1893 <10ms=1592 <50ms=1 <500ms=79 <1s=0 >=1s=0 | stalls_detected=0[0m
[33m/home/cvazquezperezdelacru/clio-core/context-runtime/src/scheduler/default_sched.cc:439 WARNING 3805171 LoadBalance [#785] lane rescues performed: 0[0m
[97m/home/cvazquezperezdelacru/clio-core/context-runtime/src/ipc_manager.cc:2447 INFO 3805172 IncreaseClientShm IpcManager::IncreaseClientShm: Creating clio_3805143_22 with size 130978712 (97424280 + 33554432 overhead)[0m
[97m/home/cvazquezperezdelacru/clio-core/context-runtime/src/ipc_manager.cc:2492 INFO 3805172 IncreaseClientShm IpcManager::IncreaseClientShm: Created allocator clio_3805143_22 with ID (3805143.22)[0m
[33m/home/cvazquezperezdelacru/clio-core/context-runtime/src/scheduler/default_sched.cc:430 WARNING 3805171 LoadBalance [#781 PDF] observed exec-time bins (cumulative): <10us=807249 <50us=8725 <500us=2108 <10ms=1765 <50ms=1 <500ms=87 <1s=0 >=1s=0 | stalls_detected=0[0m
[33m/home/cvazquezperezdelacru/clio-core/context-runtime/src/scheduler/default_sched.cc:439 WARNING 3805171 LoadBalance [#785] lane rescues performed: 0[0m
[97m/home/cvazquezperezdelacru/clio-core/context-runtime/src/ipc_manager.cc:2447 INFO 3805172 IncreaseClientShm IpcManager::IncreaseClientShm: Creating clio_3805143_23 with size 128940312 (95385880 + 33554432 overhead)[0m
[97m/home/cvazquezperezdelacru/clio-core/context-runtime/src/ipc_manager.cc:2492 INFO 3805172 IncreaseClientShm IpcManager::IncreaseClientShm: Created allocator clio_3805143_23 with ID (3805143.23)[0m
[97m/home/cvazquezperezdelacru/clio-core/context-runtime/src/ipc_manager.cc:2447 INFO 3805172 IncreaseClientShm IpcManager::IncreaseClientShm: Creating clio_3805143_24 with size 131509112 (97954680 + 33554432 overhead)[0m
[97m/home/cvazquezperezdelacru/clio-core/context-runtime/src/ipc_manager.cc:2492 INFO 3805172 IncreaseClientShm IpcManager::IncreaseClientShm: Created allocator clio_3805143_24 with ID (3805143.24)[0m
[33m/home/cvazquezperezdelacru/clio-core/context-runtime/src/scheduler/default_sched.cc:430 WARNING 3805171 LoadBalance [#781 PDF] observed exec-time bins (cumulative): <10us=875423 <50us=9536 <500us=2329 <10ms=1939 <50ms=1 <500ms=95 <1s=0 >=1s=0 | stalls_detected=0[0m
[33m/home/cvazquezperezdelacru/clio-core/context-runtime/src/scheduler/default_sched.cc:439 WARNING 3805171 LoadBalance [#785] lane rescues performed: 0[0m
[97m/home/cvazquezperezdelacru/clio-core/context-runtime/src/ipc_manager.cc:2447 INFO 3805172 IncreaseClientShm IpcManager::IncreaseClientShm: Creating clio_3805143_25 with size 127993912 (94439480 + 33554432 overhead)[0m
[97m/home/cvazquezperezdelacru/clio-core/context-runtime/src/ipc_manager.cc:2492 INFO 3805172 IncreaseClientShm IpcManager::IncreaseClientShm: Created allocator clio_3805143_25 with ID (3805143.25)[0m
[33m/home/cvazquezperezdelacru/clio-core/context-runtime/src/scheduler/default_sched.cc:430 WARNING 3805171 LoadBalance [#781 PDF] observed exec-time bins (cumulative): <10us=943733 <50us=10106 <500us=2546 <10ms=2104 <50ms=1 <500ms=102 <1s=0 >=1s=0 | stalls_detected=0[0m
[33m/home/cvazquezperezdelacru/clio-core/context-runtime/src/scheduler/default_sched.cc:439 WARNING 3805171 LoadBalance [#785] lane rescues performed: 0[0m
[97m/home/cvazquezperezdelacru/clio-core/context-runtime/src/ipc_manager.cc:2447 INFO 3805172 IncreaseClientShm IpcManager::IncreaseClientShm: Creating clio_3805143_26 with size 131355712 (97801280 + 33554432 overhead)[0m
[97m/home/cvazquezperezdelacru/clio-core/context-runtime/src/ipc_manager.cc:2492 INFO 3805172 IncreaseClientShm IpcManager::IncreaseClientShm: Created allocator clio_3805143_26 with ID (3805143.26)[0m
[97m/home/cvazquezperezdelacru/clio-core/context-runtime/src/ipc_manager.cc:2447 INFO 3805172 IncreaseClientShm IpcManager::IncreaseClientShm: Creating clio_3805143_27 with size 130430112 (96875680 + 33554432 overhead)[0m
[97m/home/cvazquezperezdelacru/clio-core/context-runtime/src/ipc_manager.cc:2492 INFO 3805172 IncreaseClientShm IpcManager::IncreaseClientShm: Created allocator clio_3805143_27 with ID (3805143.27)[0m
[33m/home/cvazquezperezdelacru/clio-core/context-runtime/src/scheduler/default_sched.cc:430 WARNING 3805171 LoadBalance [#781 PDF] observed exec-time bins (cumulative): <10us=1011980 <50us=10570 <500us=2722 <10ms=2262 <50ms=1 <500ms=110 <1s=0 >=1s=0 | stalls_detected=0[0m
[33m/home/cvazquezperezdelacru/clio-core/context-runtime/src/scheduler/default_sched.cc:439 WARNING 3805171 LoadBalance [#785] lane rescues performed: 0[0m
[97m/home/cvazquezperezdelacru/clio-core/context-runtime/src/ipc_manager.cc:2447 INFO 3805172 IncreaseClientShm IpcManager::IncreaseClientShm: Creating clio_3805143_28 with size 133407112 (99852680 + 33554432 overhead)[0m
[97m/home/cvazquezperezdelacru/clio-core/context-runtime/src/ipc_manager.cc:2492 INFO 3805172 IncreaseClientShm IpcManager::IncreaseClientShm: Created allocator clio_3805143_28 with ID (3805143.28)[0m
[97m/home/cvazquezperezdelacru/clio-core/context-runtime/src/ipc_manager.cc:2447 INFO 3805172 IncreaseClientShm IpcManager::IncreaseClientShm: Creating clio_3805143_29 with size 132736312 (99181880 + 33554432 overhead)[0m
[97m/home/cvazquezperezdelacru/clio-core/context-runtime/src/ipc_manager.cc:2492 INFO 3805172 IncreaseClientShm IpcManager::IncreaseClientShm: Created allocator clio_3805143_29 with ID (3805143.29)[0m
[33m/home/cvazquezperezdelacru/clio-core/context-runtime/src/scheduler/default_sched.cc:430 WARNING 3805171 LoadBalance [#781 PDF] observed exec-time bins (cumulative): <10us=1080141 <50us=11069 <500us=2905 <10ms=2418 <50ms=1 <500ms=118 <1s=0 >=1s=0 | stalls_detected=0[0m
[33m/home/cvazquezperezdelacru/clio-core/context-runtime/src/scheduler/default_sched.cc:439 WARNING 3805171 LoadBalance [#785] lane rescues performed: 0[0m
[97m/home/cvazquezperezdelacru/clio-core/context-runtime/src/ipc_manager.cc:2447 INFO 3805172 IncreaseClientShm IpcManager::IncreaseClientShm: Creating clio_3805143_30 with size 126946112 (93391680 + 33554432 overhead)[0m
[97m/home/cvazquezperezdelacru/clio-core/context-runtime/src/ipc_manager.cc:2492 INFO 3805172 IncreaseClientShm IpcManager::IncreaseClientShm: Created allocator clio_3805143_30 with ID (3805143.30)[0m
[33m/home/cvazquezperezdelacru/clio-core/context-runtime/src/scheduler/default_sched.cc:430 WARNING 3805171 LoadBalance [#781 PDF] observed exec-time bins (cumulative): <10us=1148394 <50us=11579 <500us=3092 <10ms=2583 <50ms=1 <500ms=125 <1s=0 >=1s=0 | stalls_detected=0[0m
[33m/home/cvazquezperezdelacru/clio-core/context-runtime/src/scheduler/default_sched.cc:439 WARNING 3805171 LoadBalance [#785] lane rescues performed: 0[0m
[97m/home/cvazquezperezdelacru/clio-core/context-runtime/src/ipc_manager.cc:2447 INFO 3805172 IncreaseClientShm IpcManager::IncreaseClientShm: Creating clio_3805143_31 with size 132880608 (99326176 + 33554432 overhead)[0m
[97m/home/cvazquezperezdelacru/clio-core/context-runtime/src/ipc_manager.cc:2492 INFO 3805172 IncreaseClientShm IpcManager::IncreaseClientShm: Created allocator clio_3805143_31 with ID (3805143.31)[0m
[97m/home/cvazquezperezdelacru/clio-core/context-runtime/src/ipc_manager.cc:2447 INFO 3805172 IncreaseClientShm IpcManager::IncreaseClientShm: Creating clio_3805143_32 with size 135930416 (102375984 + 33554432 overhead)[0m
[97m/home/cvazquezperezdelacru/clio-core/context-runtime/src/ipc_manager.cc:2492 INFO 3805172 IncreaseClientShm IpcManager::IncreaseClientShm: Created allocator clio_3805143_32 with ID (3805143.32)[0m
[33m/home/cvazquezperezdelacru/clio-core/context-runtime/src/scheduler/default_sched.cc:430 WARNING 3805171 LoadBalance [#781 PDF] observed exec-time bins (cumulative): <10us=1216631 <50us=12094 <500us=3286 <10ms=2739 <50ms=1 <500ms=133 <1s=0 >=1s=0 | stalls_detected=0[0m
[33m/home/cvazquezperezdelacru/clio-core/context-runtime/src/scheduler/default_sched.cc:439 WARNING 3805171 LoadBalance [#785] lane rescues performed: 0[0m
[97m/home/cvazquezperezdelacru/clio-core/context-runtime/src/ipc_manager.cc:2447 INFO 3805172 IncreaseClientShm IpcManager::IncreaseClientShm: Creating clio_3805143_33 with size 127671512 (94117080 + 33554432 overhead)[0m
[97m/home/cvazquezperezdelacru/clio-core/context-runtime/src/ipc_manager.cc:2492 INFO 3805172 IncreaseClientShm IpcManager::IncreaseClientShm: Created allocator clio_3805143_33 with ID (3805143.33)[0m
[97m/home/cvazquezperezdelacru/clio-core/context-runtime/src/ipc_manager.cc:2447 INFO 3805172 IncreaseClientShm IpcManager::IncreaseClientShm: Creating clio_3805143_34 with size 128822016 (95267584 + 33554432 overhead)[0m
[97m/home/cvazquezperezdelacru/clio-core/context-runtime/src/ipc_manager.cc:2492 INFO 3805172 IncreaseClientShm IpcManager::IncreaseClientShm: Created allocator clio_3805143_34 with ID (3805143.34)[0m
[33m/home/cvazquezperezdelacru/clio-core/context-runtime/src/scheduler/default_sched.cc:430 WARNING 3805171 LoadBalance [#781 PDF] observed exec-time bins (cumulative): <10us=1284641 <50us=13752 <500us=3525 <10ms=2907 <50ms=1 <500ms=141 <1s=0 >=1s=0 | stalls_detected=0[0m
[33m/home/cvazquezperezdelacru/clio-core/context-runtime/src/scheduler/default_sched.cc:439 WARNING 3805171 LoadBalance [#785] lane rescues performed: 0[0m
[97m/home/cvazquezperezdelacru/clio-core/context-runtime/src/ipc_manager.cc:2447 INFO 3805172 IncreaseClientShm IpcManager::IncreaseClientShm: Creating clio_3805143_35 with size 127896416 (94341984 + 33554432 overhead)[0m
[97m/home/cvazquezperezdelacru/clio-core/context-runtime/src/ipc_manager.cc:2492 INFO 3805172 IncreaseClientShm IpcManager::IncreaseClientShm: Created allocator clio_3805143_35 with ID (3805143.35)[0m
[33m/home/cvazquezperezdelacru/clio-core/context-runtime/src/scheduler/default_sched.cc:430 WARNING 3805171 LoadBalance [#781 PDF] observed exec-time bins (cumulative): <10us=1353290 <50us=14989 <500us=3758 <10ms=3081 <50ms=1 <500ms=149 <1s=0 >=1s=0 | stalls_detected=0[0m
[33m/home/cvazquezperezdelacru/clio-core/context-runtime/src/scheduler/default_sched.cc:439 WARNING 3805171 LoadBalance [#785] lane rescues performed: 0[0m
[97m/home/cvazquezperezdelacru/clio-core/context-runtime/src/ipc_manager.cc:2447 INFO 3805172 IncreaseClientShm IpcManager::IncreaseClientShm: Creating clio_3805143_36 with size 126437808 (92883376 + 33554432 overhead)[0m
[97m/home/cvazquezperezdelacru/clio-core/context-runtime/src/ipc_manager.cc:2492 INFO 3805172 IncreaseClientShm IpcManager::IncreaseClientShm: Created allocator clio_3805143_36 with ID (3805143.36)[0m
[97m/home/cvazquezperezdelacru/clio-core/context-runtime/src/ipc_manager.cc:2447 INFO 3805172 IncreaseClientShm IpcManager::IncreaseClientShm: Creating clio_3805143_37 with size 128858416 (95303984 + 33554432 overhead)[0m
[97m/home/cvazquezperezdelacru/clio-core/context-runtime/src/ipc_manager.cc:2492 INFO 3805172 IncreaseClientShm IpcManager::IncreaseClientShm: Created allocator clio_3805143_37 with ID (3805143.37)[0m
[33m/home/cvazquezperezdelacru/clio-core/context-runtime/src/scheduler/default_sched.cc:430 WARNING 3805171 LoadBalance [#781 PDF] observed exec-time bins (cumulative): <10us=1422287 <50us=15539 <500us=3977 <10ms=3263 <50ms=1 <500ms=157 <1s=0 >=1s=0 | stalls_detected=0[0m
[33m/home/cvazquezperezdelacru/clio-core/context-runtime/src/scheduler/default_sched.cc:439 WARNING 3805171 LoadBalance [#785] lane rescues performed: 0[0m
[97m/home/cvazquezperezdelacru/clio-core/context-runtime/src/ipc_manager.cc:2447 INFO 3805172 IncreaseClientShm IpcManager::IncreaseClientShm: Creating clio_3805143_38 with size 128985808 (95431376 + 33554432 overhead)[0m
[97m/home/cvazquezperezdelacru/clio-core/context-runtime/src/ipc_manager.cc:2492 INFO 3805172 IncreaseClientShm IpcManager::IncreaseClientShm: Created allocator clio_3805143_38 with ID (3805143.38)[0m
[97m/home/cvazquezperezdelacru/clio-core/context-runtime/src/ipc_manager.cc:2447 INFO 3805172 IncreaseClientShm IpcManager::IncreaseClientShm: Creating clio_3805143_39 with size 128695912 (95141480 + 33554432 overhead)[0m
[97m/home/cvazquezperezdelacru/clio-core/context-runtime/src/ipc_manager.cc:2492 INFO 3805172 IncreaseClientShm IpcManager::IncreaseClientShm: Created allocator clio_3805143_39 with ID (3805143.39)[0m
[33m/home/cvazquezperezdelacru/clio-core/context-runtime/src/scheduler/default_sched.cc:430 WARNING 3805171 LoadBalance [#781 PDF] observed exec-time bins (cumulative): <10us=1491307 <50us=16074 <500us=4169 <10ms=3430 <50ms=1 <500ms=164 <1s=0 >=1s=0 | stalls_detected=0[0m
[33m/home/cvazquezperezdelacru/clio-core/context-runtime/src/scheduler/default_sched.cc:439 WARNING 3805171 LoadBalance [#785] lane rescues performed: 0[0m
[97m/home/cvazquezperezdelacru/clio-core/context-runtime/src/ipc_manager.cc:2447 INFO 3805172 IncreaseClientShm IpcManager::IncreaseClientShm: Creating clio_3805143_40 with size 143071312 (109516880 + 33554432 overhead)[0m
[97m/home/cvazquezperezdelacru/clio-core/context-runtime/src/ipc_manager.cc:2492 INFO 3805172 IncreaseClientShm IpcManager::IncreaseClientShm: Created allocator clio_3805143_40 with ID (3805143.40)[0m
[33m/home/cvazquezperezdelacru/clio-core/context-runtime/src/scheduler/default_sched.cc:430 WARNING 3805171 LoadBalance [#781 PDF] observed exec-time bins (cumulative): <10us=1560116 <50us=16600 <500us=4365 <10ms=3595 <50ms=1 <500ms=172 <1s=0 >=1s=0 | stalls_detected=0[0m
[33m/home/cvazquezperezdelacru/clio-core/context-runtime/src/scheduler/default_sched.cc:439 WARNING 3805171 LoadBalance [#785] lane rescues performed: 0[0m
[97m/home/cvazquezperezdelacru/clio-core/context-runtime/src/ipc_manager.cc:2447 INFO 3805172 IncreaseClientShm IpcManager::IncreaseClientShm: Creating clio_3805143_41 with size 134856608 (101302176 + 33554432 overhead)[0m
[97m/home/cvazquezperezdelacru/clio-core/context-runtime/src/ipc_manager.cc:2492 INFO 3805172 IncreaseClientShm IpcManager::IncreaseClientShm: Created allocator clio_3805143_41 with ID (3805143.41)[0m
[97m/home/cvazquezperezdelacru/clio-core/context-runtime/src/ipc_manager.cc:2447 INFO 3805172 IncreaseClientShm IpcManager::IncreaseClientShm: Creating clio_3805143_42 with size 155683912 (122129480 + 33554432 overhead)[0m
[97m/home/cvazquezperezdelacru/clio-core/context-runtime/src/ipc_manager.cc:2492 INFO 3805172 IncreaseClientShm IpcManager::IncreaseClientShm: Created allocator clio_3805143_42 with ID (3805143.42)[0m
[33m/home/cvazquezperezdelacru/clio-core/context-runtime/src/scheduler/default_sched.cc:430 WARNING 3805171 LoadBalance [#781 PDF] observed exec-time bins (cumulative): <10us=1628293 <50us=17013 <500us=4505 <10ms=3712 <50ms=1 <500ms=178 <1s=0 >=1s=0 | stalls_detected=0[0m
[33m/home/cvazquezperezdelacru/clio-core/context-runtime/src/scheduler/default_sched.cc:439 WARNING 3805171 LoadBalance [#785] lane rescues performed: 0[0m
[97m/home/cvazquezperezdelacru/clio-core/context-runtime/src/ipc_manager.cc:2447 INFO 3805172 IncreaseClientShm IpcManager::IncreaseClientShm: Creating clio_3805143_43 with size 128289008 (94734576 + 33554432 overhead)[0m
[97m/home/cvazquezperezdelacru/clio-core/context-runtime/src/ipc_manager.cc:2492 INFO 3805172 IncreaseClientShm IpcManager::IncreaseClientShm: Created allocator clio_3805143_43 with ID (3805143.43)[0m
[33m/home/cvazquezperezdelacru/clio-core/context-runtime/src/scheduler/default_sched.cc:430 WARNING 3805171 LoadBalance [#781 PDF] observed exec-time bins (cumulative): <10us=1692637 <50us=20796 <500us=4716 <10ms=3829 <50ms=1 <500ms=183 <1s=0 >=1s=0 | stalls_detected=0[0m
[33m/home/cvazquezperezdelacru/clio-core/context-runtime/src/scheduler/default_sched.cc:439 WARNING 3805171 LoadBalance [#785] lane rescues performed: 0[0m
[97m/home/cvazquezperezdelacru/clio-core/context-runtime/src/ipc_manager.cc:2447 INFO 3805172 IncreaseClientShm IpcManager::IncreaseClientShm: Creating clio_3805143_44 with size 148533912 (114979480 + 33554432 overhead)[0m
[97m/home/cvazquezperezdelacru/clio-core/context-runtime/src/ipc_manager.cc:2492 INFO 3805172 IncreaseClientShm IpcManager::IncreaseClientShm: Created allocator clio_3805143_44 with ID (3805143.44)[0m
[33m/home/cvazquezperezdelacru/clio-core/context-runtime/src/scheduler/default_sched.cc:430 WARNING 3805171 LoadBalance [#781 PDF] observed exec-time bins (cumulative): <10us=1755561 <50us=25881 <500us=4906 <10ms=3925 <50ms=1 <500ms=188 <1s=0 >=1s=0 | stalls_detected=0[0m
[33m/home/cvazquezperezdelacru/clio-core/context-runtime/src/scheduler/default_sched.cc:439 WARNING 3805171 LoadBalance [#785] lane rescues performed: 0[0m
[97m/home/cvazquezperezdelacru/clio-core/context-runtime/src/ipc_manager.cc:2447 INFO 3805172 IncreaseClientShm IpcManager::IncreaseClientShm: Creating clio_3805143_45 with size 130985216 (97430784 + 33554432 overhead)[0m
[97m/home/cvazquezperezdelacru/clio-core/context-runtime/src/ipc_manager.cc:2492 INFO 3805172 IncreaseClientShm IpcManager::IncreaseClientShm: Created allocator clio_3805143_45 with ID (3805143.45)[0m
[33m/home/cvazquezperezdelacru/clio-core/context-runtime/src/scheduler/default_sched.cc:430 WARNING 3805171 LoadBalance [#781 PDF] observed exec-time bins (cumulative): <10us=1821552 <50us=28699 <500us=5111 <10ms=4060 <50ms=1 <500ms=194 <1s=0 >=1s=0 | stalls_detected=0[0m
[33m/home/cvazquezperezdelacru/clio-core/context-runtime/src/scheduler/default_sched.cc:439 WARNING 3805171 LoadBalance [#785] lane rescues performed: 0[0m
[97m/home/cvazquezperezdelacru/clio-core/context-runtime/src/ipc_manager.cc:2447 INFO 3805172 IncreaseClientShm IpcManager::IncreaseClientShm: Creating clio_3805143_46 with size 131064512 (97510080 + 33554432 overhead)[0m
[97m/home/cvazquezperezdelacru/clio-core/context-runtime/src/ipc_manager.cc:2492 INFO 3805172 IncreaseClientShm IpcManager::IncreaseClientShm: Created allocator clio_3805143_46 with ID (3805143.46)[0m
[97m/home/cvazquezperezdelacru/clio-core/context-runtime/src/ipc_manager.cc:2447 INFO 3805172 IncreaseClientShm IpcManager::IncreaseClientShm: Creating clio_3805143_47 with size 129420016 (95865584 + 33554432 overhead)[0m
[97m/home/cvazquezperezdelacru/clio-core/context-runtime/src/ipc_manager.cc:2492 INFO 3805172 IncreaseClientShm IpcManager::IncreaseClientShm: Created allocator clio_3805143_47 with ID (3805143.47)[0m
[33m/home/cvazquezperezdelacru/clio-core/context-runtime/src/scheduler/default_sched.cc:430 WARNING 3805171 LoadBalance [#781 PDF] observed exec-time bins (cumulative): <10us=1887148 <50us=31938 <500us=5355 <10ms=4219 <50ms=1 <500ms=202 <1s=0 >=1s=0 | stalls_detected=0[0m
[33m/home/cvazquezperezdelacru/clio-core/context-runtime/src/scheduler/default_sched.cc:439 WARNING 3805171 LoadBalance [#785] lane rescues performed: 0[0m
[97m/home/cvazquezperezdelacru/clio-core/context-runtime/src/ipc_manager.cc:2447 INFO 3805172 IncreaseClientShm IpcManager::IncreaseClientShm: Creating clio_3805143_48 with size 126736816 (93182384 + 33554432 overhead)[0m
[97m/home/cvazquezperezdelacru/clio-core/context-runtime/src/ipc_manager.cc:2492 INFO 3805172 IncreaseClientShm IpcManager::IncreaseClientShm: Created allocator clio_3805143_48 with ID (3805143.48)[0m
[33m/home/cvazquezperezdelacru/clio-core/context-runtime/src/scheduler/default_sched.cc:430 WARNING 3805171 LoadBalance [#781 PDF] observed exec-time bins (cumulative): <10us=1953821 <50us=34188 <500us=5565 <10ms=4356 <50ms=2 <500ms=208 <1s=0 >=1s=0 | stalls_detected=0[0m
[33m/home/cvazquezperezdelacru/clio-core/context-runtime/src/scheduler/default_sched.cc:439 WARNING 3805171 LoadBalance [#785] lane rescues performed: 0[0m
[97m/home/cvazquezperezdelacru/clio-core/context-runtime/src/ipc_manager.cc:2447 INFO 3805172 IncreaseClientShm IpcManager::IncreaseClientShm: Creating clio_3805143_49 with size 139355912 (105801480 + 33554432 overhead)[0m
[97m/home/cvazquezperezdelacru/clio-core/context-runtime/src/ipc_manager.cc:2492 INFO 3805172 IncreaseClientShm IpcManager::IncreaseClientShm: Created allocator clio_3805143_49 with ID (3805143.49)[0m
[33m/home/cvazquezperezdelacru/clio-core/context-runtime/src/scheduler/default_sched.cc:430 WARNING 3805171 LoadBalance [#781 PDF] observed exec-time bins (cumulative): <10us=2021788 <50us=34536 <500us=5667 <10ms=4439 <50ms=2 <500ms=211 <1s=0 >=1s=0 | stalls_detected=0[0m
[33m/home/cvazquezperezdelacru/clio-core/context-runtime/src/scheduler/default_sched.cc:439 WARNING 3805171 LoadBalance [#785] lane rescues performed: 0[0m
[97m/home/cvazquezperezdelacru/clio-core/context-runtime/src/ipc_manager.cc:2447 INFO 3805172 IncreaseClientShm IpcManager::IncreaseClientShm: Creating clio_3805143_50 with size 136397112 (102842680 + 33554432 overhead)[0m
[97m/home/cvazquezperezdelacru/clio-core/context-runtime/src/ipc_manager.cc:2492 INFO 3805172 IncreaseClientShm IpcManager::IncreaseClientShm: Created allocator clio_3805143_50 with ID (3805143.50)[0m
[33m/home/cvazquezperezdelacru/clio-core/context-runtime/src/scheduler/default_sched.cc:430 WARNING 3805171 LoadBalance [#781 PDF] observed exec-time bins (cumulative): <10us=2090017 <50us=34952 <500us=5769 <10ms=4517 <50ms=2 <500ms=215 <1s=0 >=1s=0 | stalls_detected=0[0m
[33m/home/cvazquezperezdelacru/clio-core/context-runtime/src/scheduler/default_sched.cc:439 WARNING 3805171 LoadBalance [#785] lane rescues performed: 0[0m
[97m/home/cvazquezperezdelacru/clio-core/context-runtime/src/ipc_manager.cc:2447 INFO 3805172 IncreaseClientShm IpcManager::IncreaseClientShm: Creating clio_3805143_51 with size 133359008 (99804576 + 33554432 overhead)[0m
[97m/home/cvazquezperezdelacru/clio-core/context-runtime/src/ipc_manager.cc:2492 INFO 3805172 IncreaseClientShm IpcManager::IncreaseClientShm: Created allocator clio_3805143_51 with ID (3805143.51)[0m
[33m/home/cvazquezperezdelacru/clio-core/context-runtime/src/scheduler/default_sched.cc:430 WARNING 3805171 LoadBalance [#781 PDF] observed exec-time bins (cumulative): <10us=2157145 <50us=35997 <500us=5889 <10ms=4613 <50ms=2 <500ms=219 <1s=0 >=1s=0 | stalls_detected=0[0m
[33m/home/cvazquezperezdelacru/clio-core/context-runtime/src/scheduler/default_sched.cc:439 WARNING 3805171 LoadBalance [#785] lane rescues performed: 0[0m
[97m/home/cvazquezperezdelacru/clio-core/context-runtime/src/ipc_manager.cc:2447 INFO 3805172 IncreaseClientShm IpcManager::IncreaseClientShm: Creating clio_3805143_52 with size 134207912 (100653480 + 33554432 overhead)[0m
[97m/home/cvazquezperezdelacru/clio-core/context-runtime/src/ipc_manager.cc:2492 INFO 3805172 IncreaseClientShm IpcManager::IncreaseClientShm: Created allocator clio_3805143_52 with ID (3805143.52)[0m
[33m/home/cvazquezperezdelacru/clio-core/context-runtime/src/scheduler/default_sched.cc:430 WARNING 3805171 LoadBalance [#781 PDF] observed exec-time bins (cumulative): <10us=2222862 <50us=38466 <500us=6040 <10ms=4711 <50ms=2 <500ms=224 <1s=0 >=1s=0 | stalls_detected=0[0m
[33m/home/cvazquezperezdelacru/clio-core/context-runtime/src/scheduler/default_sched.cc:439 WARNING 3805171 LoadBalance [#785] lane rescues performed: 0[0m
[33m/home/cvazquezperezdelacru/clio-core/context-runtime/src/scheduler/default_sched.cc:430 WARNING 3805171 LoadBalance [#781 PDF] observed exec-time bins (cumulative): <10us=2289184 <50us=39370 <500us=6150 <10ms=4791 <50ms=2 <500ms=227 <1s=0 >=1s=0 | stalls_detected=0[0m
[33m/home/cvazquezperezdelacru/clio-core/context-runtime/src/scheduler/default_sched.cc:439 WARNING 3805171 LoadBalance [#785] lane rescues performed: 0[0m
[97m/home/cvazquezperezdelacru/clio-core/context-runtime/src/ipc_manager.cc:2447 INFO 3805172 IncreaseClientShm IpcManager::IncreaseClientShm: Creating clio_3805143_53 with size 129659216 (96104784 + 33554432 overhead)[0m
[97m/home/cvazquezperezdelacru/clio-core/context-runtime/src/ipc_manager.cc:2492 INFO 3805172 IncreaseClientShm IpcManager::IncreaseClientShm: Created allocator clio_3805143_53 with ID (3805143.53)[0m
[33m/home/cvazquezperezdelacru/clio-core/context-runtime/src/scheduler/default_sched.cc:430 WARNING 3805171 LoadBalance [#781 PDF] observed exec-time bins (cumulative): <10us=2356244 <50us=39992 <500us=6245 <10ms=4866 <50ms=2 <500ms=231 <1s=0 >=1s=0 | stalls_detected=0[0m
[33m/home/cvazquezperezdelacru/clio-core/context-runtime/src/scheduler/default_sched.cc:439 WARNING 3805171 LoadBalance [#785] lane rescues performed: 0[0m
[97m/home/cvazquezperezdelacru/clio-core/context-runtime/src/ipc_manager.cc:2447 INFO 3805172 IncreaseClientShm IpcManager::IncreaseClientShm: Creating clio_3805143_54 with size 128591912 (95037480 + 33554432 overhead)[0m
[97m/home/cvazquezperezdelacru/clio-core/context-runtime/src/ipc_manager.cc:2492 INFO 3805172 IncreaseClientShm IpcManager::IncreaseClientShm: Created allocator clio_3805143_54 with ID (3805143.54)[0m
[33m/home/cvazquezperezdelacru/clio-core/context-runtime/src/scheduler/default_sched.cc:430 WARNING 3805171 LoadBalance [#781 PDF] observed exec-time bins (cumulative): <10us=2423724 <50us=40378 <500us=6320 <10ms=4931 <50ms=2 <500ms=234 <1s=0 >=1s=0 | stalls_detected=0[0m
[33m/home/cvazquezperezdelacru/clio-core/context-runtime/src/scheduler/default_sched.cc:439 WARNING 3805171 LoadBalance [#785] lane rescues performed: 0[0m
[97m/home/cvazquezperezdelacru/clio-core/context-runtime/src/ipc_manager.cc:2447 INFO 3805172 IncreaseClientShm IpcManager::IncreaseClientShm: Creating clio_3805143_55 with size 127486912 (93932480 + 33554432 overhead)[0m
[97m/home/cvazquezperezdelacru/clio-core/context-runtime/src/ipc_manager.cc:2492 INFO 3805172 IncreaseClientShm IpcManager::IncreaseClientShm: Created allocator clio_3805143_55 with ID (3805143.55)[0m
[33m/home/cvazquezperezdelacru/clio-core/context-runtime/src/scheduler/default_sched.cc:430 WARNING 3805171 LoadBalance [#781 PDF] observed exec-time bins (cumulative): <10us=2491073 <50us=41107 <500us=6443 <10ms=5025 <50ms=2 <500ms=239 <1s=0 >=1s=0 | stalls_detected=0[0m
[33m/home/cvazquezperezdelacru/clio-core/context-runtime/src/scheduler/default_sched.cc:439 WARNING 3805171 LoadBalance [#785] lane rescues performed: 0[0m
[33m/home/cvazquezperezdelacru/clio-core/context-runtime/src/scheduler/default_sched.cc:430 WARNING 3805171 LoadBalance [#781 PDF] observed exec-time bins (cumulative): <10us=2556188 <50us=43719 <500us=6553 <10ms=5087 <50ms=2 <500ms=241 <1s=0 >=1s=0 | stalls_detected=0[0m
[33m/home/cvazquezperezdelacru/clio-core/context-runtime/src/scheduler/default_sched.cc:439 WARNING 3805171 LoadBalance [#785] lane rescues performed: 0[0m
[97m/home/cvazquezperezdelacru/clio-core/context-runtime/src/ipc_manager.cc:2447 INFO 3805172 IncreaseClientShm IpcManager::IncreaseClientShm: Creating clio_3805143_56 with size 134228712 (100674280 + 33554432 overhead)[0m
[97m/home/cvazquezperezdelacru/clio-core/context-runtime/src/ipc_manager.cc:2492 INFO 3805172 IncreaseClientShm IpcManager::IncreaseClientShm: Created allocator clio_3805143_56 with ID (3805143.56)[0m
[33m/home/cvazquezperezdelacru/clio-core/context-runtime/src/scheduler/default_sched.cc:430 WARNING 3805171 LoadBalance [#781 PDF] observed exec-time bins (cumulative): <10us=2621445 <50us=46389 <500us=6683 <10ms=5165 <50ms=2 <500ms=245 <1s=0 >=1s=0 | stalls_detected=0[0m
[33m/home/cvazquezperezdelacru/clio-core/context-runtime/src/scheduler/default_sched.cc:439 WARNING 3805171 LoadBalance [#785] lane rescues performed: 0[0m
[97m/home/cvazquezperezdelacru/clio-core/context-runtime/src/ipc_manager.cc:2447 INFO 3805172 IncreaseClientShm IpcManager::IncreaseClientShm: Creating clio_3805143_57 with size 128482712 (94928280 + 33554432 overhead)[0m
[97m/home/cvazquezperezdelacru/clio-core/context-runtime/src/ipc_manager.cc:2492 INFO 3805172 IncreaseClientShm IpcManager::IncreaseClientShm: Created allocator clio_3805143_57 with ID (3805143.57)[0m
[33m/home/cvazquezperezdelacru/clio-core/context-runtime/src/scheduler/default_sched.cc:430 WARNING 3805171 LoadBalance [#781 PDF] observed exec-time bins (cumulative): <10us=2689204 <50us=47097 <500us=6805 <10ms=5263 <50ms=2 <500ms=249 <1s=0 >=1s=0 | stalls_detected=0[0m
[33m/home/cvazquezperezdelacru/clio-core/context-runtime/src/scheduler/default_sched.cc:439 WARNING 3805171 LoadBalance [#785] lane rescues performed: 0[0m
[97m/home/cvazquezperezdelacru/clio-core/context-runtime/src/ipc_manager.cc:2447 INFO 3805172 IncreaseClientShm IpcManager::IncreaseClientShm: Creating clio_3805143_58 with size 139166112 (105611680 + 33554432 overhead)[0m
[97m/home/cvazquezperezdelacru/clio-core/context-runtime/src/ipc_manager.cc:2492 INFO 3805172 IncreaseClientShm IpcManager::IncreaseClientShm: Created allocator clio_3805143_58 with ID (3805143.58)[0m
[97m/home/cvazquezperezdelacru/clio-core/context-runtime/src/ipc_manager.cc:2447 INFO 3805172 IncreaseClientShm IpcManager::IncreaseClientShm: Creating clio_3805143_59 with size 145216312 (111661880 + 33554432 overhead)[0m
[97m/home/cvazquezperezdelacru/clio-core/context-runtime/src/ipc_manager.cc:2492 INFO 3805172 IncreaseClientShm IpcManager::IncreaseClientShm: Created allocator clio_3805143_59 with ID (3805143.59)[0m
[33m/home/cvazquezperezdelacru/clio-core/context-runtime/src/scheduler/default_sched.cc:430 WARNING 3805171 LoadBalance [#781 PDF] observed exec-time bins (cumulative): <10us=2757551 <50us=47744 <500us=6995 <10ms=5408 <50ms=2 <500ms=256 <1s=0 >=1s=0 | stalls_detected=0[0m
[33m/home/cvazquezperezdelacru/clio-core/context-runtime/src/scheduler/default_sched.cc:439 WARNING 3805171 LoadBalance [#785] lane rescues performed: 0[0m
[97m/home/cvazquezperezdelacru/clio-core/context-runtime/src/ipc_manager.cc:2447 INFO 3805172 IncreaseClientShm IpcManager::IncreaseClientShm: Creating clio_3805143_60 with size 146425312 (112870880 + 33554432 overhead)[0m
[97m/home/cvazquezperezdelacru/clio-core/context-runtime/src/ipc_manager.cc:2492 INFO 3805172 IncreaseClientShm IpcManager::IncreaseClientShm: Created allocator clio_3805143_60 with ID (3805143.60)[0m
[33m/home/cvazquezperezdelacru/clio-core/context-runtime/src/scheduler/default_sched.cc:430 WARNING 3805171 LoadBalance [#781 PDF] observed exec-time bins (cumulative): <10us=2822244 <50us=51809 <500us=7227 <10ms=5542 <50ms=2 <500ms=263 <1s=0 >=1s=0 | stalls_detected=0[0m
[33m/home/cvazquezperezdelacru/clio-core/context-runtime/src/scheduler/default_sched.cc:439 WARNING 3805171 LoadBalance [#785] lane rescues performed: 0[0m
[97m/home/cvazquezperezdelacru/clio-core/context-runtime/src/ipc_manager.cc:2447 INFO 3805172 IncreaseClientShm IpcManager::IncreaseClientShm: Creating clio_3805143_61 with size 128333216 (94778784 + 33554432 overhead)[0m
[97m/home/cvazquezperezdelacru/clio-core/context-runtime/src/ipc_manager.cc:2492 INFO 3805172 IncreaseClientShm IpcManager::IncreaseClientShm: Created allocator clio_3805143_61 with ID (3805143.61)[0m
[33m/home/cvazquezperezdelacru/clio-core/context-runtime/src/scheduler/default_sched.cc:430 WARNING 3805171 LoadBalance [#781 PDF] observed exec-time bins (cumulative): <10us=2886981 <50us=55224 <500us=7438 <10ms=5659 <50ms=3 <500ms=267 <1s=0 >=1s=0 | stalls_detected=0[0m
[33m/home/cvazquezperezdelacru/clio-core/context-runtime/src/scheduler/default_sched.cc:439 WARNING 3805171 LoadBalance [#785] lane rescues performed: 0[0m
[97m/home/cvazquezperezdelacru/clio-core/context-runtime/src/ipc_manager.cc:2447 INFO 3805172 IncreaseClientShm IpcManager::IncreaseClientShm: Creating clio_3805143_62 with size 140961408 (107406976 + 33554432 overhead)[0m
[97m/home/cvazquezperezdelacru/clio-core/context-runtime/src/ipc_manager.cc:2492 INFO 3805172 IncreaseClientShm IpcManager::IncreaseClientShm: Created allocator clio_3805143_62 with ID (3805143.62)[0m
[33m/home/cvazquezperezdelacru/clio-core/context-runtime/src/scheduler/default_sched.cc:430 WARNING 3805171 LoadBalance [#781 PDF] observed exec-time bins (cumulative): <10us=2949671 <50us=60298 <500us=7724 <10ms=5830 <50ms=3 <500ms=275 <1s=0 >=1s=0 | stalls_detected=0[0m
[33m/home/cvazquezperezdelacru/clio-core/context-runtime/src/scheduler/default_sched.cc:439 WARNING 3805171 LoadBalance [#785] lane rescues performed: 0[0m
[97m/home/cvazquezperezdelacru/clio-core/context-runtime/src/ipc_manager.cc:2447 INFO 3805172 IncreaseClientShm IpcManager::IncreaseClientShm: Creating clio_3805143_63 with size 135089312 (101534880 + 33554432 overhead)[0m
[97m/home/cvazquezperezdelacru/clio-core/context-runtime/src/ipc_manager.cc:2492 INFO 3805172 IncreaseClientShm IpcManager::IncreaseClientShm: Created allocator clio_3805143_63 with ID (3805143.63)[0m
[33m/home/cvazquezperezdelacru/clio-core/context-runtime/src/scheduler/default_sched.cc:430 WARNING 3805171 LoadBalance [#781 PDF] observed exec-time bins (cumulative): <10us=3017004 <50us=61760 <500us=7886 <10ms=5949 <50ms=3 <500ms=280 <1s=0 >=1s=0 | stalls_detected=0[0m
[33m/home/cvazquezperezdelacru/clio-core/context-runtime/src/scheduler/default_sched.cc:439 WARNING 3805171 LoadBalance [#785] lane rescues performed: 0[0m
[97m/home/cvazquezperezdelacru/clio-core/context-runtime/src/ipc_manager.cc:2447 INFO 3805172 IncreaseClientShm IpcManager::IncreaseClientShm: Creating clio_3805143_64 with size 145281312 (111726880 + 33554432 overhead)[0m
[97m/home/cvazquezperezdelacru/clio-core/context-runtime/src/ipc_manager.cc:2492 INFO 3805172 IncreaseClientShm IpcManager::IncreaseClientShm: Created allocator clio_3805143_64 with ID (3805143.64)[0m
[33m/home/cvazquezperezdelacru/clio-core/context-runtime/src/scheduler/default_sched.cc:430 WARNING 3805171 LoadBalance [#781 PDF] observed exec-time bins (cumulative): <10us=3085504 <50us=62167 <500us=8013 <10ms=6042 <50ms=3 <500ms=284 <1s=0 >=1s=0 | stalls_detected=0[0m
[33m/home/cvazquezperezdelacru/clio-core/context-runtime/src/scheduler/default_sched.cc:439 WARNING 3805171 LoadBalance [#785] lane rescues performed: 0[0m
[31m/home/cvazquezperezdelacru/clio-core/context-runtime/src/scheduler/default_sched.cc:726 ERROR 3805171 LoadBalance [HANGWATCH-HB] processed=18218 outstanding=1 (queued=1 blocked=0 retry=0 periodic=7) live=2 live_stalled=0[0m
[97m/home/cvazquezperezdelacru/clio-core/context-runtime/src/ipc_manager.cc:2447 INFO 3805172 IncreaseClientShm IpcManager::IncreaseClientShm: Creating clio_3805143_65 with size 127791112 (94236680 + 33554432 overhead)[0m
[97m/home/cvazquezperezdelacru/clio-core/context-runtime/src/ipc_manager.cc:2492 INFO 3805172 IncreaseClientShm IpcManager::IncreaseClientShm: Created allocator clio_3805143_65 with ID (3805143.65)[0m
[33m/home/cvazquezperezdelacru/clio-core/context-runtime/src/scheduler/default_sched.cc:430 WARNING 3805171 LoadBalance [#781 PDF] observed exec-time bins (cumulative): <10us=3153720 <50us=62752 <500us=8149 <10ms=6144 <50ms=3 <500ms=289 <1s=0 >=1s=0 | stalls_detected=0[0m
[33m/home/cvazquezperezdelacru/clio-core/context-runtime/src/scheduler/default_sched.cc:439 WARNING 3805171 LoadBalance [#785] lane rescues performed: 0[0m
[97m/home/cvazquezperezdelacru/clio-core/context-runtime/src/ipc_manager.cc:2447 INFO 3805172 IncreaseClientShm IpcManager::IncreaseClientShm: Creating clio_3805143_66 with size 133320016 (99765584 + 33554432 overhead)[0m
[97m/home/cvazquezperezdelacru/clio-core/context-runtime/src/ipc_manager.cc:2492 INFO 3805172 IncreaseClientShm IpcManager::IncreaseClientShm: Created allocator clio_3805143_66 with ID (3805143.66)[0m
[33m/home/cvazquezperezdelacru/clio-core/context-runtime/src/scheduler/default_sched.cc:430 WARNING 3805171 LoadBalance [#781 PDF] observed exec-time bins (cumulative): <10us=3220809 <50us=64486 <500us=8341 <10ms=6285 <50ms=3 <500ms=295 <1s=0 >=1s=0 | stalls_detected=0[0m
[33m/home/cvazquezperezdelacru/clio-core/context-runtime/src/scheduler/default_sched.cc:439 WARNING 3805171 LoadBalance [#785] lane rescues performed: 0[0m
[97m/home/cvazquezperezdelacru/clio-core/context-runtime/src/ipc_manager.cc:2447 INFO 3805172 IncreaseClientShm IpcManager::IncreaseClientShm: Creating clio_3805143_67 with size 132013512 (98459080 + 33554432 overhead)[0m
[97m/home/cvazquezperezdelacru/clio-core/context-runtime/src/ipc_manager.cc:2492 INFO 3805172 IncreaseClientShm IpcManager::IncreaseClientShm: Created allocator clio_3805143_67 with ID (3805143.67)[0m
[97m/home/cvazquezperezdelacru/clio-core/context-runtime/src/ipc_manager.cc:2447 INFO 3805172 IncreaseClientShm IpcManager::IncreaseClientShm: Creating clio_3805143_68 with size 128653008 (95098576 + 33554432 overhead)[0m
[97m/home/cvazquezperezdelacru/clio-core/context-runtime/src/ipc_manager.cc:2492 INFO 3805172 IncreaseClientShm IpcManager::IncreaseClientShm: Created allocator clio_3805143_68 with ID (3805143.68)[0m
[33m/home/cvazquezperezdelacru/clio-core/context-runtime/src/scheduler/default_sched.cc:430 WARNING 3805171 LoadBalance [#781 PDF] observed exec-time bins (cumulative): <10us=3287946 <50us=65801 <500us=8551 <10ms=6438 <50ms=3 <500ms=304 <1s=0 >=1s=0 | stalls_detected=0[0m
[33m/home/cvazquezperezdelacru/clio-core/context-runtime/src/scheduler/default_sched.cc:439 WARNING 3805171 LoadBalance [#785] lane rescues performed: 0[0m
[97m/home/cvazquezperezdelacru/clio-core/context-runtime/src/ipc_manager.cc:2447 INFO 3805172 IncreaseClientShm IpcManager::IncreaseClientShm: Creating clio_3805143_69 with size 128714112 (95159680 + 33554432 overhead)[0m
[97m/home/cvazquezperezdelacru/clio-core/context-runtime/src/ipc_manager.cc:2492 INFO 3805172 IncreaseClientShm IpcManager::IncreaseClientShm: Created allocator clio_3805143_69 with ID (3805143.69)[0m
[97m/home/cvazquezperezdelacru/clio-core/context-runtime/src/ipc_manager.cc:2447 INFO 3805172 IncreaseClientShm IpcManager::IncreaseClientShm: Creating clio_3805143_70 with size 129274416 (95719984 + 33554432 overhead)[0m
[97m/home/cvazquezperezdelacru/clio-core/context-runtime/src/ipc_manager.cc:2492 INFO 3805172 IncreaseClientShm IpcManager::IncreaseClientShm: Created allocator clio_3805143_70 with ID (3805143.70)[0m
[33m/home/cvazquezperezdelacru/clio-core/context-runtime/src/scheduler/default_sched.cc:430 WARNING 3805171 LoadBalance [#781 PDF] observed exec-time bins (cumulative): <10us=3351355 <50us=70697 <500us=8833 <10ms=6564 <50ms=3 <500ms=311 <1s=0 >=1s=0 | stalls_detected=0[0m
[33m/home/cvazquezperezdelacru/clio-core/context-runtime/src/scheduler/default_sched.cc:439 WARNING 3805171 LoadBalance [#785] lane rescues performed: 0[0m
[97m/home/cvazquezperezdelacru/clio-core/context-runtime/src/ipc_manager.cc:2447 INFO 3805172 IncreaseClientShm IpcManager::IncreaseClientShm: Creating clio_3805143_71 with size 132963808 (99409376 + 33554432 overhead)[0m
[97m/home/cvazquezperezdelacru/clio-core/context-runtime/src/ipc_manager.cc:2492 INFO 3805172 IncreaseClientShm IpcManager::IncreaseClientShm: Created allocator clio_3805143_71 with ID (3805143.71)[0m
[97m/home/cvazquezperezdelacru/clio-core/context-runtime/src/ipc_manager.cc:2447 INFO 3805172 IncreaseClientShm IpcManager::IncreaseClientShm: Creating clio_3805143_72 with size 130444416 (96889984 + 33554432 overhead)[0m
[97m/home/cvazquezperezdelacru/clio-core/context-runtime/src/ipc_manager.cc:2492 INFO 3805172 IncreaseClientShm IpcManager::IncreaseClientShm: Created allocator clio_3805143_72 with ID (3805143.72)[0m
[33m/home/cvazquezperezdelacru/clio-core/context-runtime/src/scheduler/default_sched.cc:430 WARNING 3805171 LoadBalance [#781 PDF] observed exec-time bins (cumulative): <10us=3418411 <50us=72937 <500us=9085 <10ms=6702 <50ms=3 <500ms=319 <1s=0 >=1s=0 | stalls_detected=0[0m
[33m/home/cvazquezperezdelacru/clio-core/context-runtime/src/scheduler/default_sched.cc:439 WARNING 3805171 LoadBalance [#785] lane rescues performed: 0[0m
[97m/home/cvazquezperezdelacru/clio-core/context-runtime/src/ipc_manager.cc:2447 INFO 3805172 IncreaseClientShm IpcManager::IncreaseClientShm: Creating clio_3805143_73 with size 129947808 (96393376 + 33554432 overhead)[0m
[97m/home/cvazquezperezdelacru/clio-core/context-runtime/src/ipc_manager.cc:2492 INFO 3805172 IncreaseClientShm IpcManager::IncreaseClientShm: Created allocator clio_3805143_73 with ID (3805143.73)[0m
[33m/home/cvazquezperezdelacru/clio-core/context-runtime/src/scheduler/default_sched.cc:430 WARNING 3805171 LoadBalance [#781 PDF] observed exec-time bins (cumulative): <10us=3486795 <50us=74165 <500us=9299 <10ms=6861 <50ms=3 <500ms=328 <1s=0 >=1s=0 | stalls_detected=0[0m
[33m/home/cvazquezperezdelacru/clio-core/context-runtime/src/scheduler/default_sched.cc:439 WARNING 3805171 LoadBalance [#785] lane rescues performed: 0[0m
[97m/home/cvazquezperezdelacru/clio-core/context-runtime/src/ipc_manager.cc:2447 INFO 3805172 IncreaseClientShm IpcManager::IncreaseClientShm: Creating clio_3805143_74 with size 127761216 (94206784 + 33554432 overhead)[0m
[97m/home/cvazquezperezdelacru/clio-core/context-runtime/src/ipc_manager.cc:2492 INFO 3805172 IncreaseClientShm IpcManager::IncreaseClientShm: Created allocator clio_3805143_74 with ID (3805143.74)[0m
[97m/home/cvazquezperezdelacru/clio-core/context-runtime/src/ipc_manager.cc:2447 INFO 3805172 IncreaseClientShm IpcManager::IncreaseClientShm: Creating clio_3805143_75 with size 130194816 (96640384 + 33554432 overhead)[0m
[97m/home/cvazquezperezdelacru/clio-core/context-runtime/src/ipc_manager.cc:2492 INFO 3805172 IncreaseClientShm IpcManager::IncreaseClientShm: Created allocator clio_3805143_75 with ID (3805143.75)[0m
[33m/home/cvazquezperezdelacru/clio-core/context-runtime/src/scheduler/default_sched.cc:430 WARNING 3805171 LoadBalance [#781 PDF] observed exec-time bins (cumulative): <10us=3556086 <50us=74849 <500us=9535 <10ms=7007 <50ms=3 <500ms=336 <1s=0 >=1s=0 | stalls_detected=0[0m
[33m/home/cvazquezperezdelacru/clio-core/context-runtime/src/scheduler/default_sched.cc:439 WARNING 3805171 LoadBalance [#785] lane rescues performed: 0[0m
[97m/home/cvazquezperezdelacru/clio-core/context-runtime/src/ipc_manager.cc:2447 INFO 3805172 IncreaseClientShm IpcManager::IncreaseClientShm: Creating clio_3805143_76 with size 129088512 (95534080 + 33554432 overhead)[0m
[97m/home/cvazquezperezdelacru/clio-core/context-runtime/src/ipc_manager.cc:2492 INFO 3805172 IncreaseClientShm IpcManager::IncreaseClientShm: Created allocator clio_3805143_76 with ID (3805143.76)[0m
[97m/home/cvazquezperezdelacru/clio-core/context-runtime/src/ipc_manager.cc:2447 INFO 3805172 IncreaseClientShm IpcManager::IncreaseClientShm: Creating clio_3805143_77 with size 130640712 (97086280 + 33554432 overhead)[0m
[97m/home/cvazquezperezdelacru/clio-core/context-runtime/src/ipc_manager.cc:2492 INFO 3805172 IncreaseClientShm IpcManager::IncreaseClientShm: Created allocator clio_3805143_77 with ID (3805143.77)[0m
[33m/home/cvazquezperezdelacru/clio-core/context-runtime/src/scheduler/default_sched.cc:430 WARNING 3805171 LoadBalance [#781 PDF] observed exec-time bins (cumulative): <10us=3625407 <50us=75498 <500us=9765 <10ms=7156 <50ms=3 <500ms=344 <1s=0 >=1s=0 | stalls_detected=0[0m
[33m/home/cvazquezperezdelacru/clio-core/context-runtime/src/scheduler/default_sched.cc:439 WARNING 3805171 LoadBalance [#785] lane rescues performed: 0[0m
[97m/home/cvazquezperezdelacru/clio-core/context-runtime/src/ipc_manager.cc:2447 INFO 3805172 IncreaseClientShm IpcManager::IncreaseClientShm: Creating clio_3805143_78 with size 132321616 (98767184 + 33554432 overhead)[0m
[97m/home/cvazquezperezdelacru/clio-core/context-runtime/src/ipc_manager.cc:2492 INFO 3805172 IncreaseClientShm IpcManager::IncreaseClientShm: Created allocator clio_3805143_78 with ID (3805143.78)[0m
[33m/home/cvazquezperezdelacru/clio-core/context-runtime/src/scheduler/default_sched.cc:430 WARNING 3805171 LoadBalance [#781 PDF] observed exec-time bins (cumulative): <10us=3694086 <50us=76112 <500us=9981 <10ms=7296 <50ms=3 <500ms=351 <1s=0 >=1s=0 | stalls_detected=0[0m
[33m/home/cvazquezperezdelacru/clio-core/context-runtime/src/scheduler/default_sched.cc:439 WARNING 3805171 LoadBalance [#785] lane rescues performed: 0[0m
[97m/home/cvazquezperezdelacru/clio-core/context-runtime/src/ipc_manager.cc:2447 INFO 3805172 IncreaseClientShm IpcManager::IncreaseClientShm: Creating clio_3805143_79 with size 129135312 (95580880 + 33554432 overhead)[0m
[97m/home/cvazquezperezdelacru/clio-core/context-runtime/src/ipc_manager.cc:2492 INFO 3805172 IncreaseClientShm IpcManager::IncreaseClientShm: Created allocator clio_3805143_79 with ID (3805143.79)[0m
[97m/home/cvazquezperezdelacru/clio-core/context-runtime/src/ipc_manager.cc:2447 INFO 3805172 IncreaseClientShm IpcManager::IncreaseClientShm: Creating clio_3805143_80 with size 133317408 (99762976 + 33554432 overhead)[0m
[97m/home/cvazquezperezdelacru/clio-core/context-runtime/src/ipc_manager.cc:2492 INFO 3805172 IncreaseClientShm IpcManager::IncreaseClientShm: Created allocator clio_3805143_80 with ID (3805143.80)[0m
[33m/home/cvazquezperezdelacru/clio-core/context-runtime/src/scheduler/default_sched.cc:430 WARNING 3805171 LoadBalance [#781 PDF] observed exec-time bins (cumulative): <10us=3762871 <50us=76703 <500us=10180 <10ms=7453 <50ms=3 <500ms=359 <1s=0 >=1s=0 | stalls_detected=0[0m
[33m/home/cvazquezperezdelacru/clio-core/context-runtime/src/scheduler/default_sched.cc:439 WARNING 3805171 LoadBalance [#785] lane rescues performed: 0[0m
[97m/home/cvazquezperezdelacru/clio-core/context-runtime/src/ipc_manager.cc:2447 INFO 3805172 IncreaseClientShm IpcManager::IncreaseClientShm: Creating clio_3805143_81 with size 127434912 (93880480 + 33554432 overhead)[0m
[97m/home/cvazquezperezdelacru/clio-core/context-runtime/src/ipc_manager.cc:2492 INFO 3805172 IncreaseClientShm IpcManager::IncreaseClientShm: Created allocator clio_3805143_81 with ID (3805143.81)[0m
[97m/home/cvazquezperezdelacru/clio-core/context-runtime/src/ipc_manager.cc:2447 INFO 3805172 IncreaseClientShm IpcManager::IncreaseClientShm: Creating clio_3805143_82 with size 129650112 (96095680 + 33554432 overhead)[0m
[97m/home/cvazquezperezdelacru/clio-core/context-runtime/src/ipc_manager.cc:2492 INFO 3805172 IncreaseClientShm IpcManager::IncreaseClientShm: Created allocator clio_3805143_82 with ID (3805143.82)[0m
[33m/home/cvazquezperezdelacru/clio-core/context-runtime/src/scheduler/default_sched.cc:430 WARNING 3805171 LoadBalance [#781 PDF] observed exec-time bins (cumulative): <10us=3830942 <50us=77757 <500us=10372 <10ms=7605 <50ms=4 <500ms=367 <1s=0 >=1s=0 | stalls_detected=0[0m
[33m/home/cvazquezperezdelacru/clio-core/context-runtime/src/scheduler/default_sched.cc:439 WARNING 3805171 LoadBalance [#785] lane rescues performed: 0[0m
[97m/home/cvazquezperezdelacru/clio-core/context-runtime/src/ipc_manager.cc:2447 INFO 3805172 IncreaseClientShm IpcManager::IncreaseClientShm: Creating clio_3805143_83 with size 136872912 (103318480 + 33554432 overhead)[0m
[97m/home/cvazquezperezdelacru/clio-core/context-runtime/src/ipc_manager.cc:2492 INFO 3805172 IncreaseClientShm IpcManager::IncreaseClientShm: Created allocator clio_3805143_83 with ID (3805143.83)[0m
[33m/home/cvazquezperezdelacru/clio-core/context-runtime/src/scheduler/default_sched.cc:430 WARNING 3805171 LoadBalance [#781 PDF] observed exec-time bins (cumulative): <10us=3896349 <50us=80607 <500us=10641 <10ms=7764 <50ms=4 <500ms=375 <1s=0 >=1s=0 | stalls_detected=0[0m
[33m/home/cvazquezperezdelacru/clio-core/context-runtime/src/scheduler/default_sched.cc:439 WARNING 3805171 LoadBalance [#785] lane rescues performed: 0[0m
[97m/home/cvazquezperezdelacru/clio-core/context-runtime/src/ipc_manager.cc:2447 INFO 3805172 IncreaseClientShm IpcManager::IncreaseClientShm: Creating clio_3805143_84 with size 127265912 (93711480 + 33554432 overhead)[0m
[97m/home/cvazquezperezdelacru/clio-core/context-runtime/src/ipc_manager.cc:2492 INFO 3805172 IncreaseClientShm IpcManager::IncreaseClientShm: Created allocator clio_3805143_84 with ID (3805143.84)[0m
[97m/home/cvazquezperezdelacru/clio-core/context-runtime/src/ipc_manager.cc:2447 INFO 3805172 IncreaseClientShm IpcManager::IncreaseClientShm: Creating clio_3805143_85 with size 135424712 (101870280 + 33554432 overhead)[0m
[97m/home/cvazquezperezdelacru/clio-core/context-runtime/src/ipc_manager.cc:2492 INFO 3805172 IncreaseClientShm IpcManager::IncreaseClientShm: Created allocator clio_3805143_85 with ID (3805143.85)[0m
[33m/home/cvazquezperezdelacru/clio-core/context-runtime/src/scheduler/default_sched.cc:430 WARNING 3805171 LoadBalance [#781 PDF] observed exec-time bins (cumulative): <10us=3961611 <50us=83460 <500us=10903 <10ms=7909 <50ms=4 <500ms=383 <1s=0 >=1s=0 | stalls_detected=0[0m
[33m/home/cvazquezperezdelacru/clio-core/context-runtime/src/scheduler/default_sched.cc:439 WARNING 3805171 LoadBalance [#785] lane rescues performed: 0[0m
[97m/home/cvazquezperezdelacru/clio-core/context-runtime/src/ipc_manager.cc:2447 INFO 3805172 IncreaseClientShm IpcManager::IncreaseClientShm: Creating clio_3805143_86 with size 128900016 (95345584 + 33554432 overhead)[0m
[97m/home/cvazquezperezdelacru/clio-core/context-runtime/src/ipc_manager.cc:2492 INFO 3805172 IncreaseClientShm IpcManager::IncreaseClientShm: Created allocator clio_3805143_86 with ID (3805143.86)[0m
[33m/home/cvazquezperezdelacru/clio-core/context-runtime/src/scheduler/default_sched.cc:430 WARNING 3805171 LoadBalance [#781 PDF] observed exec-time bins (cumulative): <10us=4026630 <50us=85363 <500us=11073 <10ms=8044 <50ms=13 <500ms=388 <1s=0 >=1s=0 | stalls_detected=0[0m
[33m/home/cvazquezperezdelacru/clio-core/context-runtime/src/scheduler/default_sched.cc:439 WARNING 3805171 LoadBalance [#785] lane rescues performed: 0[0m
[97m/home/cvazquezperezdelacru/clio-core/context-runtime/src/ipc_manager.cc:2447 INFO 3805172 IncreaseClientShm IpcManager::IncreaseClientShm: Creating clio_3805143_87 with size 133082112 (99527680 + 33554432 overhead)[0m
[97m/home/cvazquezperezdelacru/clio-core/context-runtime/src/ipc_manager.cc:2492 INFO 3805172 IncreaseClientShm IpcManager::IncreaseClientShm: Created allocator clio_3805143_87 with ID (3805143.87)[0m
[33m/home/cvazquezperezdelacru/clio-core/context-runtime/src/scheduler/default_sched.cc:430 WARNING 3805171 LoadBalance [#781 PDF] observed exec-time bins (cumulative): <10us=4093110 <50us=86139 <500us=11151 <10ms=8153 <50ms=31 <500ms=388 <1s=0 >=1s=0 | stalls_detected=0[0m
[33m/home/cvazquezperezdelacru/clio-core/context-runtime/src/scheduler/default_sched.cc:439 WARNING 3805171 LoadBalance [#785] lane rescues performed: 0[0m
[97m/home/cvazquezperezdelacru/clio-core/context-runtime/src/ipc_manager.cc:2447 INFO 3805172 IncreaseClientShm IpcManager::IncreaseClientShm: Creating clio_3805143_88 with size 145677808 (112123376 + 33554432 overhead)[0m
[97m/home/cvazquezperezdelacru/clio-core/context-runtime/src/ipc_manager.cc:2492 INFO 3805172 IncreaseClientShm IpcManager::IncreaseClientShm: Created allocator clio_3805143_88 with ID (3805143.88)[0m
[33m/home/cvazquezperezdelacru/clio-core/context-runtime/src/scheduler/default_sched.cc:430 WARNING 3805171 LoadBalance [#781 PDF] observed exec-time bins (cumulative): <10us=4160611 <50us=86425 <500us=11224 <10ms=8254 <50ms=52 <500ms=388 <1s=0 >=1s=0 | stalls_detected=0[0m
[33m/home/cvazquezperezdelacru/clio-core/context-runtime/src/scheduler/default_sched.cc:439 WARNING 3805171 LoadBalance [#785] lane rescues performed: 0[0m
[97m/home/cvazquezperezdelacru/clio-core/context-runtime/src/ipc_manager.cc:2447 INFO 3805172 IncreaseClientShm IpcManager::IncreaseClientShm: Creating clio_3805143_89 with size 133079512 (99525080 + 33554432 overhead)[0m
[97m/home/cvazquezperezdelacru/clio-core/context-runtime/src/ipc_manager.cc:2492 INFO 3805172 IncreaseClientShm IpcManager::IncreaseClientShm: Created allocator clio_3805143_89 with ID (3805143.89)[0m
[33m/home/cvazquezperezdelacru/clio-core/context-runtime/src/scheduler/default_sched.cc:430 WARNING 3805171 LoadBalance [#781 PDF] observed exec-time bins (cumulative): <10us=4228182 <50us=86591 <500us=11285 <10ms=8351 <50ms=69 <500ms=388 <1s=0 >=1s=0 | stalls_detected=0[0m
[33m/home/cvazquezperezdelacru/clio-core/context-runtime/src/scheduler/default_sched.cc:439 WARNING 3805171 LoadBalance [#785] lane rescues performed: 0[0m
[33m/home/cvazquezperezdelacru/clio-core/context-runtime/src/scheduler/default_sched.cc:430 WARNING 3805171 LoadBalance [#781 PDF] observed exec-time bins (cumulative): <10us=4295363 <50us=86891 <500us=11344 <10ms=8439 <50ms=77 <500ms=388 <1s=0 >=1s=0 | stalls_detected=0[0m
[33m/home/cvazquezperezdelacru/clio-core/context-runtime/src/scheduler/default_sched.cc:439 WARNING 3805171 LoadBalance [#785] lane rescues performed: 0[0m
[97m/home/cvazquezperezdelacru/clio-core/context-runtime/src/ipc_manager.cc:2447 INFO 3805172 IncreaseClientShm IpcManager::IncreaseClientShm: Creating clio_3805143_90 with size 128121312 (94566880 + 33554432 overhead)[0m
[97m/home/cvazquezperezdelacru/clio-core/context-runtime/src/ipc_manager.cc:2492 INFO 3805172 IncreaseClientShm IpcManager::IncreaseClientShm: Created allocator clio_3805143_90 with ID (3805143.90)[0m
[33m/home/cvazquezperezdelacru/clio-core/context-runtime/src/scheduler/default_sched.cc:430 WARNING 3805171 LoadBalance [#781 PDF] observed exec-time bins (cumulative): <10us=4362847 <50us=87146 <500us=11421 <10ms=8558 <50ms=95 <500ms=388 <1s=0 >=1s=0 | stalls_detected=0[0m
[33m/home/cvazquezperezdelacru/clio-core/context-runtime/src/scheduler/default_sched.cc:439 WARNING 3805171 LoadBalance [#785] lane rescues performed: 0[0m
[33m/home/cvazquezperezdelacru/clio-core/context-runtime/src/scheduler/default_sched.cc:430 WARNING 3805171 LoadBalance [#781 PDF] observed exec-time bins (cumulative): <10us=4429772 <50us=87808 <500us=11510 <10ms=8687 <50ms=113 <500ms=388 <1s=0 >=1s=0 | stalls_detected=0[0m
[33m/home/cvazquezperezdelacru/clio-core/context-runtime/src/scheduler/default_sched.cc:439 WARNING 3805171 LoadBalance [#785] lane rescues performed: 0[0m
[97m/home/cvazquezperezdelacru/clio-core/context-runtime/src/ipc_manager.cc:2447 INFO 3805172 IncreaseClientShm IpcManager::IncreaseClientShm: Creating clio_3805143_91 with size 128476208 (94921776 + 33554432 overhead)[0m
[97m/home/cvazquezperezdelacru/clio-core/context-runtime/src/ipc_manager.cc:2492 INFO 3805172 IncreaseClientShm IpcManager::IncreaseClientShm: Created allocator clio_3805143_91 with ID (3805143.91)[0m
[33m/home/cvazquezperezdelacru/clio-core/context-runtime/src/scheduler/default_sched.cc:430 WARNING 3805171 LoadBalance [#781 PDF] observed exec-time bins (cumulative): <10us=4493813 <50us=90717 <500us=11601 <10ms=8817 <50ms=137 <500ms=388 <1s=0 >=1s=0 | stalls_detected=0[0m
[33m/home/cvazquezperezdelacru/clio-core/context-runtime/src/scheduler/default_sched.cc:439 WARNING 3805171 LoadBalance [#785] lane rescues performed: 0[0m
[97m/home/cvazquezperezdelacru/clio-core/context-runtime/src/ipc_manager.cc:2447 INFO 3805172 IncreaseClientShm IpcManager::IncreaseClientShm: Creating clio_3805143_92 with size 128711512 (95157080 + 33554432 overhead)[0m
[97m/home/cvazquezperezdelacru/clio-core/context-runtime/src/ipc_manager.cc:2492 INFO 3805172 IncreaseClientShm IpcManager::IncreaseClientShm: Created allocator clio_3805143_92 with ID (3805143.92)[0m
[33m/home/cvazquezperezdelacru/clio-core/context-runtime/src/scheduler/default_sched.cc:430 WARNING 3805171 LoadBalance [#781 PDF] observed exec-time bins (cumulative): <10us=4560314 <50us=91693 <500us=11681 <10ms=8933 <50ms=156 <500ms=388 <1s=0 >=1s=0 | stalls_detected=0[0m
[33m/home/cvazquezperezdelacru/clio-core/context-runtime/src/scheduler/default_sched.cc:439 WARNING 3805171 LoadBalance [#785] lane rescues performed: 0[0m
[33m/home/cvazquezperezdelacru/clio-core/context-runtime/src/scheduler/default_sched.cc:430 WARNING 3805171 LoadBalance [#781 PDF] observed exec-time bins (cumulative): <10us=4627748 <50us=91874 <500us=11756 <10ms=9039 <50ms=167 <500ms=388 <1s=0 >=1s=0 | stalls_detected=0[0m
[33m/home/cvazquezperezdelacru/clio-core/context-runtime/src/scheduler/default_sched.cc:439 WARNING 3805171 LoadBalance [#785] lane rescues performed: 0[0m
[97m/home/cvazquezperezdelacru/clio-core/context-runtime/src/ipc_manager.cc:2447 INFO 3805172 IncreaseClientShm IpcManager::IncreaseClientShm: Creating clio_3805143_93 with size 130961808 (97407376 + 33554432 overhead)[0m
[97m/home/cvazquezperezdelacru/clio-core/context-runtime/src/ipc_manager.cc:2492 INFO 3805172 IncreaseClientShm IpcManager::IncreaseClientShm: Created allocator clio_3805143_93 with ID (3805143.93)[0m
[33m/home/cvazquezperezdelacru/clio-core/context-runtime/src/scheduler/default_sched.cc:430 WARNING 3805171 LoadBalance [#781 PDF] observed exec-time bins (cumulative): <10us=4695346 <50us=92060 <500us=11819 <10ms=9129 <50ms=185 <500ms=388 <1s=0 >=1s=0 | stalls_detected=0[0m
[33m/home/cvazquezperezdelacru/clio-core/context-runtime/src/scheduler/default_sched.cc:439 WARNING 3805171 LoadBalance [#785] lane rescues performed: 0[0m
[97m/home/cvazquezperezdelacru/clio-core/context-runtime/src/ipc_manager.cc:2447 INFO 3805172 IncreaseClientShm IpcManager::IncreaseClientShm: Creating clio_3805143_94 with size 139370208 (105815776 + 33554432 overhead)[0m
[97m/home/cvazquezperezdelacru/clio-core/context-runtime/src/ipc_manager.cc:2492 INFO 3805172 IncreaseClientShm IpcManager::IncreaseClientShm: Created allocator clio_3805143_94 with ID (3805143.94)[0m
[33m/home/cvazquezperezdelacru/clio-core/context-runtime/src/scheduler/default_sched.cc:430 WARNING 3805171 LoadBalance [#781 PDF] observed exec-time bins (cumulative): <10us=4762826 <50us=92247 <500us=11901 <10ms=9253 <50ms=203 <500ms=388 <1s=0 >=1s=0 | stalls_detected=0[0m
[33m/home/cvazquezperezdelacru/clio-core/context-runtime/src/scheduler/default_sched.cc:439 WARNING 3805171 LoadBalance [#785] lane rescues performed: 0[0m
[33m/home/cvazquezperezdelacru/clio-core/context-runtime/src/scheduler/default_sched.cc:430 WARNING 3805171 LoadBalance [#781 PDF] observed exec-time bins (cumulative): <10us=4830384 <50us=92451 <500us=11975 <10ms=9367 <50ms=218 <500ms=388 <1s=0 >=1s=0 | stalls_detected=0[0m
[33m/home/cvazquezperezdelacru/clio-core/context-runtime/src/scheduler/default_sched.cc:439 WARNING 3805171 LoadBalance [#785] lane rescues performed: 0[0m
[97m/home/cvazquezperezdelacru/clio-core/context-runtime/src/ipc_manager.cc:2447 INFO 3805172 IncreaseClientShm IpcManager::IncreaseClientShm: Creating clio_3805143_95 with size 147262512 (113708080 + 33554432 overhead)[0m
[97m/home/cvazquezperezdelacru/clio-core/context-runtime/src/ipc_manager.cc:2492 INFO 3805172 IncreaseClientShm IpcManager::IncreaseClientShm: Created allocator clio_3805143_95 with ID (3805143.95)[0m
[33m/home/cvazquezperezdelacru/clio-core/context-runtime/src/scheduler/default_sched.cc:430 WARNING 3805171 LoadBalance [#781 PDF] observed exec-time bins (cumulative): <10us=4897954 <50us=92623 <500us=12040 <10ms=9466 <50ms=236 <500ms=388 <1s=0 >=1s=0 | stalls_detected=0[0m
[33m/home/cvazquezperezdelacru/clio-core/context-runtime/src/scheduler/default_sched.cc:439 WARNING 3805171 LoadBalance [#785] lane rescues performed: 0[0m
[97m/home/cvazquezperezdelacru/clio-core/context-runtime/src/ipc_manager.cc:2447 INFO 3805172 IncreaseClientShm IpcManager::IncreaseClientShm: Creating clio_3805143_96 with size 132254016 (98699584 + 33554432 overhead)[0m
[97m/home/cvazquezperezdelacru/clio-core/context-runtime/src/ipc_manager.cc:2492 INFO 3805172 IncreaseClientShm IpcManager::IncreaseClientShm: Created allocator clio_3805143_96 with ID (3805143.96)[0m
[33m/home/cvazquezperezdelacru/clio-core/context-runtime/src/scheduler/default_sched.cc:430 WARNING 3805171 LoadBalance [#781 PDF] observed exec-time bins (cumulative): <10us=4965623 <50us=92833 <500us=12116 <10ms=9579 <50ms=257 <500ms=388 <1s=0 >=1s=0 | stalls_detected=0[0m
[33m/home/cvazquezperezdelacru/clio-core/context-runtime/src/scheduler/default_sched.cc:439 WARNING 3805171 LoadBalance [#785] lane rescues performed: 0[0m
[97m/home/cvazquezperezdelacru/clio-core/context-runtime/src/ipc_manager.cc:2447 INFO 3805172 IncreaseClientShm IpcManager::IncreaseClientShm: Creating clio_3805143_97 with size 144024208 (110469776 + 33554432 overhead)[0m
[97m/home/cvazquezperezdelacru/clio-core/context-runtime/src/ipc_manager.cc:2492 INFO 3805172 IncreaseClientShm IpcManager::IncreaseClientShm: Created allocator clio_3805143_97 with ID (3805143.97)[0m
[33m/home/cvazquezperezdelacru/clio-core/context-runtime/src/scheduler/default_sched.cc:430 WARNING 3805171 LoadBalance [#781 PDF] observed exec-time bins (cumulative): <10us=5029755 <50us=95623 <500us=12207 <10ms=9711 <50ms=278 <500ms=388 <1s=0 >=1s=0 | stalls_detected=0[0m
[33m/home/cvazquezperezdelacru/clio-core/context-runtime/src/scheduler/default_sched.cc:439 WARNING 3805171 LoadBalance [#785] lane rescues performed: 0[0m
[33m/home/cvazquezperezdelacru/clio-core/context-runtime/src/scheduler/default_sched.cc:430 WARNING 3805171 LoadBalance [#781 PDF] observed exec-time bins (cumulative): <10us=5095519 <50us=97283 <500us=12297 <10ms=9846 <50ms=298 <500ms=388 <1s=0 >=1s=0 | stalls_detected=0[0m
[33m/home/cvazquezperezdelacru/clio-core/context-runtime/src/scheduler/default_sched.cc:439 WARNING 3805171 LoadBalance [#785] lane rescues performed: 0[0m
[97m/home/cvazquezperezdelacru/clio-core/context-runtime/src/ipc_manager.cc:2447 INFO 3805172 IncreaseClientShm IpcManager::IncreaseClientShm: Creating clio_3805143_98 with size 128996208 (95441776 + 33554432 overhead)[0m
[97m/home/cvazquezperezdelacru/clio-core/context-runtime/src/ipc_manager.cc:2492 INFO 3805172 IncreaseClientShm IpcManager::IncreaseClientShm: Created allocator clio_3805143_98 with ID (3805143.98)[0m
[33m/home/cvazquezperezdelacru/clio-core/context-runtime/src/scheduler/default_sched.cc:430 WARNING 3805171 LoadBalance [#781 PDF] observed exec-time bins (cumulative): <10us=5163252 <50us=97480 <500us=12394 <10ms=10010 <50ms=317 <500ms=388 <1s=0 >=1s=0 | stalls_detected=0[0m
[33m/home/cvazquezperezdelacru/clio-core/context-runtime/src/scheduler/default_sched.cc:439 WARNING 3805171 LoadBalance [#785] lane rescues performed: 0[0m
[97m/home/cvazquezperezdelacru/clio-core/context-runtime/src/ipc_manager.cc:2447 INFO 3805172 IncreaseClientShm IpcManager::IncreaseClientShm: Creating clio_3805143_99 with size 130404112 (96849680 + 33554432 overhead)[0m
[97m/home/cvazquezperezdelacru/clio-core/context-runtime/src/ipc_manager.cc:2492 INFO 3805172 IncreaseClientShm IpcManager::IncreaseClientShm: Created allocator clio_3805143_99 with ID (3805143.99)[0m
[33m/home/cvazquezperezdelacru/clio-core/context-runtime/src/scheduler/default_sched.cc:430 WARNING 3805171 LoadBalance [#781 PDF] observed exec-time bins (cumulative): <10us=5230829 <50us=97740 <500us=12484 <10ms=10143 <50ms=340 <500ms=388 <1s=0 >=1s=0 | stalls_detected=0[0m
[33m/home/cvazquezperezdelacru/clio-core/context-runtime/src/scheduler/default_sched.cc:439 WARNING 3805171 LoadBalance [#785] lane rescues performed: 0[0m
[97m/home/cvazquezperezdelacru/clio-core/context-runtime/src/ipc_manager.cc:2447 INFO 3805172 IncreaseClientShm IpcManager::IncreaseClientShm: Creating clio_3805143_100 with size 128188912 (94634480 + 33554432 overhead)[0m
[97m/home/cvazquezperezdelacru/clio-core/context-runtime/src/ipc_manager.cc:2492 INFO 3805172 IncreaseClientShm IpcManager::IncreaseClientShm: Created allocator clio_3805143_100 with ID (3805143.100)[0m
[33m/home/cvazquezperezdelacru/clio-core/context-runtime/src/scheduler/default_sched.cc:430 WARNING 3805171 LoadBalance [#781 PDF] observed exec-time bins (cumulative): <10us=5298495 <50us=97930 <500us=12594 <10ms=10304 <50ms=365 <500ms=388 <1s=0 >=1s=0 | stalls_detected=0[0m
[33m/home/cvazquezperezdelacru/clio-core/context-runtime/src/scheduler/default_sched.cc:439 WARNING 3805171 LoadBalance [#785] lane rescues performed: 0[0m
[97m/home/cvazquezperezdelacru/clio-core/context-runtime/src/ipc_manager.cc:2447 INFO 3805172 IncreaseClientShm IpcManager::IncreaseClientShm: Creating clio_3805143_101 with size 149146208 (115591776 + 33554432 overhead)[0m
[97m/home/cvazquezperezdelacru/clio-core/context-runtime/src/ipc_manager.cc:2492 INFO 3805172 IncreaseClientShm IpcManager::IncreaseClientShm: Created allocator clio_3805143_101 with ID (3805143.101)[0m
[33m/home/cvazquezperezdelacru/clio-core/context-runtime/src/scheduler/default_sched.cc:430 WARNING 3805171 LoadBalance [#781 PDF] observed exec-time bins (cumulative): <10us=5366276 <50us=98149 <500us=12695 <10ms=10467 <50ms=384 <500ms=388 <1s=0 >=1s=0 | stalls_detected=0[0m
[33m/home/cvazquezperezdelacru/clio-core/context-runtime/src/scheduler/default_sched.cc:439 WARNING 3805171 LoadBalance [#785] lane rescues performed: 0[0m
[97m/home/cvazquezperezdelacru/clio-core/context-runtime/src/ipc_manager.cc:2447 INFO 3805172 IncreaseClientShm IpcManager::IncreaseClientShm: Creating clio_3805143_102 with size 127561008 (94006576 + 33554432 overhead)[0m
[97m/home/cvazquezperezdelacru/clio-core/context-runtime/src/ipc_manager.cc:2492 INFO 3805172 IncreaseClientShm IpcManager::IncreaseClientShm: Created allocator clio_3805143_102 with ID (3805143.102)[0m
[33m/home/cvazquezperezdelacru/clio-core/context-runtime/src/scheduler/default_sched.cc:430 WARNING 3805171 LoadBalance [#781 PDF] observed exec-time bins (cumulative): <10us=5433980 <50us=98332 <500us=12787 <10ms=10615 <50ms=397 <500ms=388 <1s=0 >=1s=0 | stalls_detected=0[0m
[33m/home/cvazquezperezdelacru/clio-core/context-runtime/src/scheduler/default_sched.cc:439 WARNING 3805171 LoadBalance [#785] lane rescues performed: 0[0m
[97m/home/cvazquezperezdelacru/clio-core/context-runtime/src/ipc_manager.cc:2447 INFO 3805172 IncreaseClientShm IpcManager::IncreaseClientShm: Creating clio_3805143_103 with size 133901112 (100346680 + 33554432 overhead)[0m
[97m/home/cvazquezperezdelacru/clio-core/context-runtime/src/ipc_manager.cc:2492 INFO 3805172 IncreaseClientShm IpcManager::IncreaseClientShm: Created allocator clio_3805143_103 with ID (3805143.103)[0m
[33m/home/cvazquezperezdelacru/clio-core/context-runtime/src/scheduler/default_sched.cc:430 WARNING 3805171 LoadBalance [#781 PDF] observed exec-time bins (cumulative): <10us=5501581 <50us=98558 <500us=12883 <10ms=10759 <50ms=418 <500ms=388 <1s=0 >=1s=0 | stalls_detected=0[0m
[33m/home/cvazquezperezdelacru/clio-core/context-runtime/src/scheduler/default_sched.cc:439 WARNING 3805171 LoadBalance [#785] lane rescues performed: 0[0m
[97m/home/cvazquezperezdelacru/clio-core/context-runtime/src/ipc_manager.cc:2447 INFO 3805172 IncreaseClientShm IpcManager::IncreaseClientShm: Creating clio_3805143_104 with size 140510312 (106955880 + 33554432 overhead)[0m
[97m/home/cvazquezperezdelacru/clio-core/context-runtime/src/ipc_manager.cc:2492 INFO 3805172 IncreaseClientShm IpcManager::IncreaseClientShm: Created allocator clio_3805143_104 with ID (3805143.104)[0m
[33m/home/cvazquezperezdelacru/clio-core/context-runtime/src/scheduler/default_sched.cc:430 WARNING 3805171 LoadBalance [#781 PDF] observed exec-time bins (cumulative): <10us=5569394 <50us=98785 <500us=12973 <10ms=10896 <50ms=440 <500ms=388 <1s=0 >=1s=0 | stalls_detected=0[0m
[33m/home/cvazquezperezdelacru/clio-core/context-runtime/src/scheduler/default_sched.cc:439 WARNING 3805171 LoadBalance [#785] lane rescues performed: 0[0m
[33m/home/cvazquezperezdelacru/clio-core/context-runtime/src/scheduler/default_sched.cc:430 WARNING 3805171 LoadBalance [#781 PDF] observed exec-time bins (cumulative): <10us=5637350 <50us=99037 <500us=13078 <10ms=11048 <50ms=457 <500ms=388 <1s=0 >=1s=0 | stalls_detected=0[0m
[33m/home/cvazquezperezdelacru/clio-core/context-runtime/src/scheduler/default_sched.cc:439 WARNING 3805171 LoadBalance [#785] lane rescues performed: 0[0m
[97m/home/cvazquezperezdelacru/clio-core/context-runtime/src/ipc_manager.cc:2447 INFO 3805172 IncreaseClientShm IpcManager::IncreaseClientShm: Creating clio_3805143_105 with size 136155312 (102600880 + 33554432 overhead)[0m
[97m/home/cvazquezperezdelacru/clio-core/context-runtime/src/ipc_manager.cc:2492 INFO 3805172 IncreaseClientShm IpcManager::IncreaseClientShm: Created allocator clio_3805143_105 with ID (3805143.105)[0m
[33m/home/cvazquezperezdelacru/clio-core/context-runtime/src/scheduler/default_sched.cc:430 WARNING 3805171 LoadBalance [#781 PDF] observed exec-time bins (cumulative): <10us=5705232 <50us=99269 <500us=13192 <10ms=11206 <50ms=476 <500ms=388 <1s=0 >=1s=0 | stalls_detected=0[0m
[33m/home/cvazquezperezdelacru/clio-core/context-runtime/src/scheduler/default_sched.cc:439 WARNING 3805171 LoadBalance [#785] lane rescues performed: 0[0m
[97m/home/cvazquezperezdelacru/clio-core/context-runtime/src/ipc_manager.cc:2447 INFO 3805172 IncreaseClientShm IpcManager::IncreaseClientShm: Creating clio_3805143_106 with size 131509112 (97954680 + 33554432 overhead)[0m
[97m/home/cvazquezperezdelacru/clio-core/context-runtime/src/ipc_manager.cc:2492 INFO 3805172 IncreaseClientShm IpcManager::IncreaseClientShm: Created allocator clio_3805143_106 with ID (3805143.106)[0m
[33m/home/cvazquezperezdelacru/clio-core/context-runtime/src/scheduler/default_sched.cc:430 WARNING 3805171 LoadBalance [#781 PDF] observed exec-time bins (cumulative): <10us=5772995 <50us=99509 <500us=13291 <10ms=11343 <50ms=493 <500ms=388 <1s=0 >=1s=0 | stalls_detected=0[0m
[33m/home/cvazquezperezdelacru/clio-core/context-runtime/src/scheduler/default_sched.cc:439 WARNING 3805171 LoadBalance [#785] lane rescues performed: 0[0m
[97m/home/cvazquezperezdelacru/clio-core/context-runtime/src/ipc_manager.cc:2447 INFO 3805172 IncreaseClientShm IpcManager::IncreaseClientShm: Creating clio_3805143_107 with size 128484016 (94929584 + 33554432 overhead)[0m
[97m/home/cvazquezperezdelacru/clio-core/context-runtime/src/ipc_manager.cc:2492 INFO 3805172 IncreaseClientShm IpcManager::IncreaseClientShm: Created allocator clio_3805143_107 with ID (3805143.107)[0m
[33m/home/cvazquezperezdelacru/clio-core/context-runtime/src/scheduler/default_sched.cc:430 WARNING 3805171 LoadBalance [#781 PDF] observed exec-time bins (cumulative): <10us=5840520 <50us=99707 <500us=13372 <10ms=11456 <50ms=512 <500ms=388 <1s=0 >=1s=0 | stalls_detected=0[0m
[33m/home/cvazquezperezdelacru/clio-core/context-runtime/src/scheduler/default_sched.cc:439 WARNING 3805171 LoadBalance [#785] lane rescues performed: 0[0m
[33m/home/cvazquezperezdelacru/clio-core/context-runtime/src/scheduler/default_sched.cc:430 WARNING 3805171 LoadBalance [#781 PDF] observed exec-time bins (cumulative): <10us=5908042 <50us=100010 <500us=13465 <10ms=11588 <50ms=527 <500ms=388 <1s=0 >=1s=0 | stalls_detected=0[0m
[33m/home/cvazquezperezdelacru/clio-core/context-runtime/src/scheduler/default_sched.cc:439 WARNING 3805171 LoadBalance [#785] lane rescues performed: 0[0m
[97m/home/cvazquezperezdelacru/clio-core/context-runtime/src/ipc_manager.cc:2447 INFO 3805172 IncreaseClientShm IpcManager::IncreaseClientShm: Creating clio_3805143_108 with size 127486912 (93932480 + 33554432 overhead)[0m
[97m/home/cvazquezperezdelacru/clio-core/context-runtime/src/ipc_manager.cc:2492 INFO 3805172 IncreaseClientShm IpcManager::IncreaseClientShm: Created allocator clio_3805143_108 with ID (3805143.108)[0m
[33m/home/cvazquezperezdelacru/clio-core/context-runtime/src/scheduler/default_sched.cc:430 WARNING 3805171 LoadBalance [#781 PDF] observed exec-time bins (cumulative): <10us=5975577 <50us=100211 <500us=13552 <10ms=11726 <50ms=545 <500ms=388 <1s=0 >=1s=0 | stalls_detected=0[0m
[33m/home/cvazquezperezdelacru/clio-core/context-runtime/src/scheduler/default_sched.cc:439 WARNING 3805171 LoadBalance [#785] lane rescues performed: 0[0m
[97m/home/cvazquezperezdelacru/clio-core/context-runtime/src/ipc_manager.cc:2447 INFO 3805172 IncreaseClientShm IpcManager::IncreaseClientShm: Creating clio_3805143_109 with size 129400512 (95846080 + 33554432 overhead)[0m
[97m/home/cvazquezperezdelacru/clio-core/context-runtime/src/ipc_manager.cc:2492 INFO 3805172 IncreaseClientShm IpcManager::IncreaseClientShm: Created allocator clio_3805143_109 with ID (3805143.109)[0m
[33m/home/cvazquezperezdelacru/clio-core/context-runtime/src/scheduler/default_sched.cc:430 WARNING 3805171 LoadBalance [#781 PDF] observed exec-time bins (cumulative): <10us=6042416 <50us=100939 <500us=13632 <10ms=11854 <50ms=563 <500ms=388 <1s=0 >=1s=0 | stalls_detected=0[0m
[33m/home/cvazquezperezdelacru/clio-core/context-runtime/src/scheduler/default_sched.cc:439 WARNING 3805171 LoadBalance [#785] lane rescues performed: 0[0m
[97m/home/cvazquezperezdelacru/clio-core/context-runtime/src/ipc_manager.cc:2447 INFO 3805172 IncreaseClientShm IpcManager::IncreaseClientShm: Creating clio_3805143_110 with size 133060016 (99505584 + 33554432 overhead)[0m
[97m/home/cvazquezperezdelacru/clio-core/context-runtime/src/ipc_manager.cc:2492 INFO 3805172 IncreaseClientShm IpcManager::IncreaseClientShm: Created allocator clio_3805143_110 with ID (3805143.110)[0m
[33m/home/cvazquezperezdelacru/clio-core/context-runtime/src/scheduler/default_sched.cc:430 WARNING 3805171 LoadBalance [#781 PDF] observed exec-time bins (cumulative): <10us=6109626 <50us=101385 <500us=13727 <10ms=11993 <50ms=582 <500ms=388 <1s=0 >=1s=0 | stalls_detected=0[0m
[33m/home/cvazquezperezdelacru/clio-core/context-runtime/src/scheduler/default_sched.cc:439 WARNING 3805171 LoadBalance [#785] lane rescues performed: 0[0m
[97m/home/cvazquezperezdelacru/clio-core/context-runtime/src/ipc_manager.cc:2447 INFO 3805172 IncreaseClientShm IpcManager::IncreaseClientShm: Creating clio_3805143_111 with size 130539312 (96984880 + 33554432 overhead)[0m
[97m/home/cvazquezperezdelacru/clio-core/context-runtime/src/ipc_manager.cc:2492 INFO 3805172 IncreaseClientShm IpcManager::IncreaseClientShm: Created allocator clio_3805143_111 with ID (3805143.111)[0m
[33m/home/cvazquezperezdelacru/clio-core/context-runtime/src/scheduler/default_sched.cc:430 WARNING 3805171 LoadBalance [#781 PDF] observed exec-time bins (cumulative): <10us=6177042 <50us=101613 <500us=13803 <10ms=12116 <50ms=596 <500ms=388 <1s=0 >=1s=0 | stalls_detected=0[0m
[33m/home/cvazquezperezdelacru/clio-core/context-runtime/src/scheduler/default_sched.cc:439 WARNING 3805171 LoadBalance [#785] lane rescues performed: 0[0m
[33m/home/cvazquezperezdelacru/clio-core/context-runtime/src/scheduler/default_sched.cc:430 WARNING 3805171 LoadBalance [#781 PDF] observed exec-time bins (cumulative): <10us=6244199 <50us=102114 <500us=13891 <10ms=12258 <50ms=618 <500ms=388 <1s=0 >=1s=0 | stalls_detected=0[0m
[33m/home/cvazquezperezdelacru/clio-core/context-runtime/src/scheduler/default_sched.cc:439 WARNING 3805171 LoadBalance [#785] lane rescues performed: 0[0m
[97m/home/cvazquezperezdelacru/clio-core/context-runtime/src/ipc_manager.cc:2447 INFO 3805172 IncreaseClientShm IpcManager::IncreaseClientShm: Creating clio_3805143_112 with size 131232208 (97677776 + 33554432 overhead)[0m
[97m/home/cvazquezperezdelacru/clio-core/context-runtime/src/ipc_manager.cc:2492 INFO 3805172 IncreaseClientShm IpcManager::IncreaseClientShm: Created allocator clio_3805143_112 with ID (3805143.112)[0m
[33m/home/cvazquezperezdelacru/clio-core/context-runtime/src/scheduler/default_sched.cc:430 WARNING 3805171 LoadBalance [#781 PDF] observed exec-time bins (cumulative): <10us=6311598 <50us=102365 <500us=13981 <10ms=12394 <50ms=638 <500ms=388 <1s=0 >=1s=0 | stalls_detected=0[0m
[33m/home/cvazquezperezdelacru/clio-core/context-runtime/src/scheduler/default_sched.cc:439 WARNING 3805171 LoadBalance [#785] lane rescues performed: 0[0m
[97m/home/cvazquezperezdelacru/clio-core/context-runtime/src/ipc_manager.cc:2447 INFO 3805172 IncreaseClientShm IpcManager::IncreaseClientShm: Creating clio_3805143_113 with size 129131408 (95576976 + 33554432 overhead)[0m
[97m/home/cvazquezperezdelacru/clio-core/context-runtime/src/ipc_manager.cc:2492 INFO 3805172 IncreaseClientShm IpcManager::IncreaseClientShm: Created allocator clio_3805143_113 with ID (3805143.113)[0m
[33m/home/cvazquezperezdelacru/clio-core/context-runtime/src/scheduler/default_sched.cc:430 WARNING 3805171 LoadBalance [#781 PDF] observed exec-time bins (cumulative): <10us=6379091 <50us=102680 <500us=14085 <10ms=12544 <50ms=653 <500ms=388 <1s=0 >=1s=0 | stalls_detected=0[0m
[33m/home/cvazquezperezdelacru/clio-core/context-runtime/src/scheduler/default_sched.cc:439 WARNING 3805171 LoadBalance [#785] lane rescues performed: 0[0m
[97m/home/cvazquezperezdelacru/clio-core/context-runtime/src/ipc_manager.cc:2447 INFO 3805172 IncreaseClientShm IpcManager::IncreaseClientShm: Creating clio_3805143_114 with size 131866608 (98312176 + 33554432 overhead)[0m
[97m/home/cvazquezperezdelacru/clio-core/context-runtime/src/ipc_manager.cc:2492 INFO 3805172 IncreaseClientShm IpcManager::IncreaseClientShm: Created allocator clio_3805143_114 with ID (3805143.114)[0m
[33m/home/cvazquezperezdelacru/clio-core/context-runtime/src/scheduler/default_sched.cc:430 WARNING 3805171 LoadBalance [#781 PDF] observed exec-time bins (cumulative): <10us=6446784 <50us=103110 <500us=14164 <10ms=12664 <50ms=676 <500ms=388 <1s=0 >=1s=0 | stalls_detected=0[0m
[33m/home/cvazquezperezdelacru/clio-core/context-runtime/src/scheduler/default_sched.cc:439 WARNING 3805171 LoadBalance [#785] lane rescues performed: 0[0m
[97m/home/cvazquezperezdelacru/clio-core/context-runtime/src/ipc_manager.cc:2447 INFO 3805172 IncreaseClientShm IpcManager::IncreaseClientShm: Creating clio_3805143_115 with size 131106112 (97551680 + 33554432 overhead)[0m
[97m/home/cvazquezperezdelacru/clio-core/context-runtime/src/ipc_manager.cc:2492 INFO 3805172 IncreaseClientShm IpcManager::IncreaseClientShm: Created allocator clio_3805143_115 with ID (3805143.115)[0m
[33m/home/cvazquezperezdelacru/clio-core/context-runtime/src/scheduler/default_sched.cc:430 WARNING 3805171 LoadBalance [#781 PDF] observed exec-time bins (cumulative): <10us=6514653 <50us=103855 <500us=14260 <10ms=12805 <50ms=697 <500ms=388 <1s=0 >=1s=0 | stalls_detected=0[0m
[33m/home/cvazquezperezdelacru/clio-core/context-runtime/src/scheduler/default_sched.cc:439 WARNING 3805171 LoadBalance [#785] lane rescues performed: 0[0m
[33m/home/cvazquezperezdelacru/clio-core/context-runtime/src/scheduler/default_sched.cc:430 WARNING 3805171 LoadBalance [#781 PDF] observed exec-time bins (cumulative): <10us=6581516 <50us=104302 <500us=14340 <10ms=12929 <50ms=717 <500ms=388 <1s=0 >=1s=0 | stalls_detected=0[0m
[33m/home/cvazquezperezdelacru/clio-core/context-runtime/src/scheduler/default_sched.cc:439 WARNING 3805171 LoadBalance [#785] lane rescues performed: 0[0m
[97m/home/cvazquezperezdelacru/clio-core/context-runtime/src/ipc_manager.cc:2447 INFO 3805172 IncreaseClientShm IpcManager::IncreaseClientShm: Creating clio_3805143_116 with size 135591112 (102036680 + 33554432 overhead)[0m
[97m/home/cvazquezperezdelacru/clio-core/context-runtime/src/ipc_manager.cc:2492 INFO 3805172 IncreaseClientShm IpcManager::IncreaseClientShm: Created allocator clio_3805143_116 with ID (3805143.116)[0m
[33m/home/cvazquezperezdelacru/clio-core/context-runtime/src/scheduler/default_sched.cc:430 WARNING 3805171 LoadBalance [#781 PDF] observed exec-time bins (cumulative): <10us=6649016 <50us=104531 <500us=14418 <10ms=13055 <50ms=738 <500ms=388 <1s=0 >=1s=0 | stalls_detected=0[0m
[33m/home/cvazquezperezdelacru/clio-core/context-runtime/src/scheduler/default_sched.cc:439 WARNING 3805171 LoadBalance [#785] lane rescues performed: 0[0m
[97m/home/cvazquezperezdelacru/clio-core/context-runtime/src/ipc_manager.cc:2447 INFO 3805172 IncreaseClientShm IpcManager::IncreaseClientShm: Creating clio_3805143_117 with size 136187808 (102633376 + 33554432 overhead)[0m
[97m/home/cvazquezperezdelacru/clio-core/context-runtime/src/ipc_manager.cc:2492 INFO 3805172 IncreaseClientShm IpcManager::IncreaseClientShm: Created allocator clio_3805143_117 with ID (3805143.117)[0m
[33m/home/cvazquezperezdelacru/clio-core/context-runtime/src/scheduler/default_sched.cc:430 WARNING 3805171 LoadBalance [#781 PDF] observed exec-time bins (cumulative): <10us=6716655 <50us=104717 <500us=14512 <10ms=13187 <50ms=755 <500ms=388 <1s=0 >=1s=0 | stalls_detected=0[0m
[33m/home/cvazquezperezdelacru/clio-core/context-runtime/src/scheduler/default_sched.cc:439 WARNING 3805171 LoadBalance [#785] lane rescues performed: 0[0m
[97m/home/cvazquezperezdelacru/clio-core/context-runtime/src/ipc_manager.cc:2447 INFO 3805172 IncreaseClientShm IpcManager::IncreaseClientShm: Creating clio_3805143_118 with size 129992016 (96437584 + 33554432 overhead)[0m
[97m/home/cvazquezperezdelacru/clio-core/context-runtime/src/ipc_manager.cc:2492 INFO 3805172 IncreaseClientShm IpcManager::IncreaseClientShm: Created allocator clio_3805143_118 with ID (3805143.118)[0m
[33m/home/cvazquezperezdelacru/clio-core/context-runtime/src/scheduler/default_sched.cc:430 WARNING 3805171 LoadBalance [#781 PDF] observed exec-time bins (cumulative): <10us=6784236 <50us=105035 <500us=14597 <10ms=13313 <50ms=776 <500ms=388 <1s=0 >=1s=0 | stalls_detected=0[0m
[33m/home/cvazquezperezdelacru/clio-core/context-runtime/src/scheduler/default_sched.cc:439 WARNING 3805171 LoadBalance [#785] lane rescues performed: 0[0m
[33m/home/cvazquezperezdelacru/clio-core/context-runtime/src/scheduler/default_sched.cc:430 WARNING 3805171 LoadBalance [#781 PDF] observed exec-time bins (cumulative): <10us=6852064 <50us=105282 <500us=14678 <10ms=13448 <50ms=793 <500ms=388 <1s=0 >=1s=0 | stalls_detected=0[0m
[33m/home/cvazquezperezdelacru/clio-core/context-runtime/src/scheduler/default_sched.cc:439 WARNING 3805171 LoadBalance [#785] lane rescues performed: 0[0m
[97m/home/cvazquezperezdelacru/clio-core/context-runtime/src/ipc_manager.cc:2447 INFO 3805172 IncreaseClientShm IpcManager::IncreaseClientShm: Creating clio_3805143_119 with size 131771712 (98217280 + 33554432 overhead)[0m
[97m/home/cvazquezperezdelacru/clio-core/context-runtime/src/ipc_manager.cc:2492 INFO 3805172 IncreaseClientShm IpcManager::IncreaseClientShm: Created allocator clio_3805143_119 with ID (3805143.119)[0m
[33m/home/cvazquezperezdelacru/clio-core/context-runtime/src/scheduler/default_sched.cc:430 WARNING 3805171 LoadBalance [#781 PDF] observed exec-time bins (cumulative): <10us=6919014 <50us=106025 <500us=14774 <10ms=13607 <50ms=806 <500ms=388 <1s=0 >=1s=0 | stalls_detected=0[0m
[33m/home/cvazquezperezdelacru/clio-core/context-runtime/src/scheduler/default_sched.cc:439 WARNING 3805171 LoadBalance [#785] lane rescues performed: 0[0m
[97m/home/cvazquezperezdelacru/clio-core/context-runtime/src/ipc_manager.cc:2447 INFO 3805172 IncreaseClientShm IpcManager::IncreaseClientShm: Creating clio_3805143_120 with size 128985808 (95431376 + 33554432 overhead)[0m
[97m/home/cvazquezperezdelacru/clio-core/context-runtime/src/ipc_manager.cc:2492 INFO 3805172 IncreaseClientShm IpcManager::IncreaseClientShm: Created allocator clio_3805143_120 with ID (3805143.120)[0m
[33m/home/cvazquezperezdelacru/clio-core/context-runtime/src/scheduler/default_sched.cc:430 WARNING 3805171 LoadBalance [#781 PDF] observed exec-time bins (cumulative): <10us=6985795 <50us=106932 <500us=14872 <10ms=13770 <50ms=824 <500ms=388 <1s=0 >=1s=0 | stalls_detected=0[0m
[33m/home/cvazquezperezdelacru/clio-core/context-runtime/src/scheduler/default_sched.cc:439 WARNING 3805171 LoadBalance [#785] lane rescues performed: 0[0m
[97m/home/cvazquezperezdelacru/clio-core/context-runtime/src/ipc_manager.cc:2447 INFO 3805172 IncreaseClientShm IpcManager::IncreaseClientShm: Creating clio_3805143_121 with size 128695912 (95141480 + 33554432 overhead)[0m
[97m/home/cvazquezperezdelacru/clio-core/context-runtime/src/ipc_manager.cc:2492 INFO 3805172 IncreaseClientShm IpcManager::IncreaseClientShm: Created allocator clio_3805143_121 with ID (3805143.121)[0m
[33m/home/cvazquezperezdelacru/clio-core/context-runtime/src/scheduler/default_sched.cc:430 WARNING 3805171 LoadBalance [#781 PDF] observed exec-time bins (cumulative): <10us=7052822 <50us=107785 <500us=14969 <10ms=13918 <50ms=844 <500ms=388 <1s=0 >=1s=0 | stalls_detected=0[0m
[33m/home/cvazquezperezdelacru/clio-core/context-runtime/src/scheduler/default_sched.cc:439 WARNING 3805171 LoadBalance [#785] lane rescues performed: 0[0m
[97m/home/cvazquezperezdelacru/clio-core/context-runtime/src/ipc_manager.cc:2447 INFO 3805172 IncreaseClientShm IpcManager::IncreaseClientShm: Creating clio_3805143_122 with size 143071312 (109516880 + 33554432 overhead)[0m
[97m/home/cvazquezperezdelacru/clio-core/context-runtime/src/ipc_manager.cc:2492 INFO 3805172 IncreaseClientShm IpcManager::IncreaseClientShm: Created allocator clio_3805143_122 with ID (3805143.122)[0m
[33m/home/cvazquezperezdelacru/clio-core/context-runtime/src/scheduler/default_sched.cc:430 WARNING 3805171 LoadBalance [#781 PDF] observed exec-time bins (cumulative): <10us=7120363 <50us=108040 <500us=15064 <10ms=14070 <50ms=864 <500ms=388 <1s=0 >=1s=0 | stalls_detected=0[0m
[33m/home/cvazquezperezdelacru/clio-core/context-runtime/src/scheduler/default_sched.cc:439 WARNING 3805171 LoadBalance [#785] lane rescues performed: 0[0m
[33m/home/cvazquezperezdelacru/clio-core/context-runtime/src/scheduler/default_sched.cc:430 WARNING 3805171 LoadBalance [#781 PDF] observed exec-time bins (cumulative): <10us=7187983 <50us=108387 <500us=15159 <10ms=14211 <50ms=885 <500ms=388 <1s=0 >=1s=0 | stalls_detected=0[0m
[33m/home/cvazquezperezdelacru/clio-core/context-runtime/src/scheduler/default_sched.cc:439 WARNING 3805171 LoadBalance [#785] lane rescues performed: 0[0m
[97m/home/cvazquezperezdelacru/clio-core/context-runtime/src/ipc_manager.cc:2447 INFO 3805172 IncreaseClientShm IpcManager::IncreaseClientShm: Creating clio_3805143_123 with size 134856608 (101302176 + 33554432 overhead)[0m
[97m/home/cvazquezperezdelacru/clio-core/context-runtime/src/ipc_manager.cc:2492 INFO 3805172 IncreaseClientShm IpcManager::IncreaseClientShm: Created allocator clio_3805143_123 with ID (3805143.123)[0m
[33m/home/cvazquezperezdelacru/clio-core/context-runtime/src/scheduler/default_sched.cc:430 WARNING 3805171 LoadBalance [#781 PDF] observed exec-time bins (cumulative): <10us=7255704 <50us=108583 <500us=15259 <10ms=14360 <50ms=903 <500ms=388 <1s=0 >=1s=0 | stalls_detected=0[0m
[33m/home/cvazquezperezdelacru/clio-core/context-runtime/src/scheduler/default_sched.cc:439 WARNING 3805171 LoadBalance [#785] lane rescues performed: 0[0m
[97m/home/cvazquezperezdelacru/clio-core/context-runtime/src/ipc_manager.cc:2447 INFO 3805172 IncreaseClientShm IpcManager::IncreaseClientShm: Creating clio_3805143_124 with size 155683912 (122129480 + 33554432 overhead)[0m
[97m/home/cvazquezperezdelacru/clio-core/context-runtime/src/ipc_manager.cc:2492 INFO 3805172 IncreaseClientShm IpcManager::IncreaseClientShm: Created allocator clio_3805143_124 with ID (3805143.124)[0m
[33m/home/cvazquezperezdelacru/clio-core/context-runtime/src/scheduler/default_sched.cc:430 WARNING 3805171 LoadBalance [#781 PDF] observed exec-time bins (cumulative): <10us=7322908 <50us=109053 <500us=15361 <10ms=14504 <50ms=926 <500ms=388 <1s=0 >=1s=0 | stalls_detected=0[0m
[33m/home/cvazquezperezdelacru/clio-core/context-runtime/src/scheduler/default_sched.cc:439 WARNING 3805171 LoadBalance [#785] lane rescues performed: 0[0m
[97m/home/cvazquezperezdelacru/clio-core/context-runtime/src/ipc_manager.cc:2447 INFO 3805172 IncreaseClientShm IpcManager::IncreaseClientShm: Creating clio_3805143_125 with size 133110712 (99556280 + 33554432 overhead)[0m
[97m/home/cvazquezperezdelacru/clio-core/context-runtime/src/ipc_manager.cc:2492 INFO 3805172 IncreaseClientShm IpcManager::IncreaseClientShm: Created allocator clio_3805143_125 with ID (3805143.125)[0m
[33m/home/cvazquezperezdelacru/clio-core/context-runtime/src/scheduler/default_sched.cc:430 WARNING 3805171 LoadBalance [#781 PDF] observed exec-time bins (cumulative): <10us=7389276 <50us=110178 <500us=15468 <10ms=14658 <50ms=948 <500ms=388 <1s=0 >=1s=0 | stalls_detected=0[0m
[33m/home/cvazquezperezdelacru/clio-core/context-runtime/src/scheduler/default_sched.cc:439 WARNING 3805171 LoadBalance [#785] lane rescues performed: 0[0m
[97m/home/cvazquezperezdelacru/clio-core/context-runtime/src/ipc_manager.cc:2447 INFO 3805172 IncreaseClientShm IpcManager::IncreaseClientShm: Creating clio_3805143_126 with size 148533912 (114979480 + 33554432 overhead)[0m
[97m/home/cvazquezperezdelacru/clio-core/context-runtime/src/ipc_manager.cc:2492 INFO 3805172 IncreaseClientShm IpcManager::IncreaseClientShm: Created allocator clio_3805143_126 with ID (3805143.126)[0m
[33m/home/cvazquezperezdelacru/clio-core/context-runtime/src/scheduler/default_sched.cc:430 WARNING 3805171 LoadBalance [#781 PDF] observed exec-time bins (cumulative): <10us=7454207 <50us=112483 <500us=15558 <10ms=14804 <50ms=970 <500ms=388 <1s=0 >=1s=0 | stalls_detected=0[0m
[33m/home/cvazquezperezdelacru/clio-core/context-runtime/src/scheduler/default_sched.cc:439 WARNING 3805171 LoadBalance [#785] lane rescues performed: 0[0m
[33m/home/cvazquezperezdelacru/clio-core/context-runtime/src/scheduler/default_sched.cc:430 WARNING 3805171 LoadBalance [#781 PDF] observed exec-time bins (cumulative): <10us=7518798 <50us=115056 <500us=15642 <10ms=14933 <50ms=989 <500ms=388 <1s=0 >=1s=0 | stalls_detected=0[0m
[33m/home/cvazquezperezdelacru/clio-core/context-runtime/src/scheduler/default_sched.cc:439 WARNING 3805171 LoadBalance [#785] lane rescues performed: 0[0m
[97m/home/cvazquezperezdelacru/clio-core/context-runtime/src/ipc_manager.cc:2447 INFO 3805172 IncreaseClientShm IpcManager::IncreaseClientShm: Creating clio_3805143_127 with size 129305616 (95751184 + 33554432 overhead)[0m
[97m/home/cvazquezperezdelacru/clio-core/context-runtime/src/ipc_manager.cc:2492 INFO 3805172 IncreaseClientShm IpcManager::IncreaseClientShm: Created allocator clio_3805143_127 with ID (3805143.127)[0m
[33m/home/cvazquezperezdelacru/clio-core/context-runtime/src/scheduler/default_sched.cc:430 WARNING 3805171 LoadBalance [#781 PDF] observed exec-time bins (cumulative): <10us=7584754 <50us=116554 <500us=15712 <10ms=15034 <50ms=999 <500ms=388 <1s=0 >=1s=0 | stalls_detected=0[0m
[33m/home/cvazquezperezdelacru/clio-core/context-runtime/src/scheduler/default_sched.cc:439 WARNING 3805171 LoadBalance [#785] lane rescues performed: 0[0m
[97m/home/cvazquezperezdelacru/clio-core/context-runtime/src/ipc_manager.cc:2447 INFO 3805172 IncreaseClientShm IpcManager::IncreaseClientShm: Creating clio_3805143_128 with size 131805512 (98251080 + 33554432 overhead)[0m
[97m/home/cvazquezperezdelacru/clio-core/context-runtime/src/ipc_manager.cc:2492 INFO 3805172 IncreaseClientShm IpcManager::IncreaseClientShm: Created allocator clio_3805143_128 with ID (3805143.128)[0m
[33m/home/cvazquezperezdelacru/clio-core/context-runtime/src/scheduler/default_sched.cc:430 WARNING 3805171 LoadBalance [#781 PDF] observed exec-time bins (cumulative): <10us=7652342 <50us=116737 <500us=15781 <10ms=15142 <50ms=1017 <500ms=388 <1s=0 >=1s=0 | stalls_detected=0[0m
[33m/home/cvazquezperezdelacru/clio-core/context-runtime/src/scheduler/default_sched.cc:439 WARNING 3805171 LoadBalance [#785] lane rescues performed: 0[0m
[33m/home/cvazquezperezdelacru/clio-core/context-runtime/src/scheduler/default_sched.cc:430 WARNING 3805171 LoadBalance [#781 PDF] observed exec-time bins (cumulative): <10us=7719670 <50us=117258 <500us=15871 <10ms=15284 <50ms=1037 <500ms=388 <1s=0 >=1s=0 | stalls_detected=0[0m
[33m/home/cvazquezperezdelacru/clio-core/context-runtime/src/scheduler/default_sched.cc:439 WARNING 3805171 LoadBalance [#785] lane rescues performed: 0[0m
[97m/home/cvazquezperezdelacru/clio-core/context-runtime/src/ipc_manager.cc:2447 INFO 3805172 IncreaseClientShm IpcManager::IncreaseClientShm: Creating clio_3805143_129 with size 127912016 (94357584 + 33554432 overhead)[0m
[97m/home/cvazquezperezdelacru/clio-core/context-runtime/src/ipc_manager.cc:2492 INFO 3805172 IncreaseClientShm IpcManager::IncreaseClientShm: Created allocator clio_3805143_129 with ID (3805143.129)[0m
[33m/home/cvazquezperezdelacru/clio-core/context-runtime/src/scheduler/default_sched.cc:430 WARNING 3805171 LoadBalance [#781 PDF] observed exec-time bins (cumulative): <10us=7787470 <50us=117475 <500us=15965 <10ms=15419 <50ms=1060 <500ms=388 <1s=0 >=1s=0 | stalls_detected=0[0m
[33m/home/cvazquezperezdelacru/clio-core/context-runtime/src/scheduler/default_sched.cc:439 WARNING 3805171 LoadBalance [#785] lane rescues performed: 0[0m
[97m/home/cvazquezperezdelacru/clio-core/context-runtime/src/ipc_manager.cc:2447 INFO 3805172 IncreaseClientShm IpcManager::IncreaseClientShm: Creating clio_3805143_130 with size 127667616 (94113184 + 33554432 overhead)[0m
[97m/home/cvazquezperezdelacru/clio-core/context-runtime/src/ipc_manager.cc:2492 INFO 3805172 IncreaseClientShm IpcManager::IncreaseClientShm: Created allocator clio_3805143_130 with ID (3805143.130)[0m
[33m/home/cvazquezperezdelacru/clio-core/context-runtime/src/scheduler/default_sched.cc:430 WARNING 3805171 LoadBalance [#781 PDF] observed exec-time bins (cumulative): <10us=7855100 <50us=117862 <500us=16061 <10ms=15572 <50ms=1081 <500ms=388 <1s=0 >=1s=0 | stalls_detected=0[0m
[33m/home/cvazquezperezdelacru/clio-core/context-runtime/src/scheduler/default_sched.cc:439 WARNING 3805171 LoadBalance [#785] lane rescues performed: 0[0m
[97m/home/cvazquezperezdelacru/clio-core/context-runtime/src/ipc_manager.cc:2447 INFO 3805172 IncreaseClientShm IpcManager::IncreaseClientShm: Creating clio_3805143_131 with size 133690512 (100136080 + 33554432 overhead)[0m
[97m/home/cvazquezperezdelacru/clio-core/context-runtime/src/ipc_manager.cc:2492 INFO 3805172 IncreaseClientShm IpcManager::IncreaseClientShm: Created allocator clio_3805143_131 with ID (3805143.131)[0m
[33m/home/cvazquezperezdelacru/clio-core/context-runtime/src/scheduler/default_sched.cc:430 WARNING 3805171 LoadBalance [#781 PDF] observed exec-time bins (cumulative): <10us=7922580 <50us=118073 <500us=16172 <10ms=15709 <50ms=1103 <500ms=388 <1s=0 >=1s=0 | stalls_detected=0[0m
[33m/home/cvazquezperezdelacru/clio-core/context-runtime/src/scheduler/default_sched.cc:439 WARNING 3805171 LoadBalance [#785] lane rescues performed: 0[0m
[97m/home/cvazquezperezdelacru/clio-core/context-runtime/src/ipc_manager.cc:2447 INFO 3805172 IncreaseClientShm IpcManager::IncreaseClientShm: Creating clio_3805143_132 with size 128173312 (94618880 + 33554432 overhead)[0m
[97m/home/cvazquezperezdelacru/clio-core/context-runtime/src/ipc_manager.cc:2492 INFO 3805172 IncreaseClientShm IpcManager::IncreaseClientShm: Created allocator clio_3805143_132 with ID (3805143.132)[0m
[33m/home/cvazquezperezdelacru/clio-core/context-runtime/src/scheduler/default_sched.cc:430 WARNING 3805171 LoadBalance [#781 PDF] observed exec-time bins (cumulative): <10us=7991421 <50us=118406 <500us=16273 <10ms=15857 <50ms=1124 <500ms=388 <1s=0 >=1s=0 | stalls_detected=0[0m
[33m/home/cvazquezperezdelacru/clio-core/context-runtime/src/scheduler/default_sched.cc:439 WARNING 3805171 LoadBalance [#785] lane rescues performed: 0[0m
[97m/home/cvazquezperezdelacru/clio-core/context-runtime/src/ipc_manager.cc:2447 INFO 3805172 IncreaseClientShm IpcManager::IncreaseClientShm: Creating clio_3805143_133 with size 128575008 (95020576 + 33554432 overhead)[0m
[97m/home/cvazquezperezdelacru/clio-core/context-runtime/src/ipc_manager.cc:2492 INFO 3805172 IncreaseClientShm IpcManager::IncreaseClientShm: Created allocator clio_3805143_133 with ID (3805143.133)[0m
[33m/home/cvazquezperezdelacru/clio-core/context-runtime/src/scheduler/default_sched.cc:430 WARNING 3805171 LoadBalance [#781 PDF] observed exec-time bins (cumulative): <10us=8061609 <50us=119117 <500us=16368 <10ms=15996 <50ms=1147 <500ms=388 <1s=0 >=1s=0 | stalls_detected=0[0m
[33m/home/cvazquezperezdelacru/clio-core/context-runtime/src/scheduler/default_sched.cc:439 WARNING 3805171 LoadBalance [#785] lane rescues performed: 0[0m
[97m/home/cvazquezperezdelacru/clio-core/context-runtime/src/ipc_manager.cc:2447 INFO 3805172 IncreaseClientShm IpcManager::IncreaseClientShm: Creating clio_3805143_134 with size 128307216 (94752784 + 33554432 overhead)[0m
[97m/home/cvazquezperezdelacru/clio-core/context-runtime/src/ipc_manager.cc:2492 INFO 3805172 IncreaseClientShm IpcManager::IncreaseClientShm: Created allocator clio_3805143_134 with ID (3805143.134)[0m
[33m/home/cvazquezperezdelacru/clio-core/context-runtime/src/scheduler/default_sched.cc:430 WARNING 3805171 LoadBalance [#781 PDF] observed exec-time bins (cumulative): <10us=8127539 <50us=119885 <500us=16455 <10ms=16191 <50ms=1193 <500ms=389 <1s=2 >=1s=0 | stalls_detected=0[0m
[33m/home/cvazquezperezdelacru/clio-core/context-runtime/src/scheduler/default_sched.cc:439 WARNING 3805171 LoadBalance [#785] lane rescues performed: 0[0m
[33m/home/cvazquezperezdelacru/clio-core/context-runtime/src/scheduler/default_sched.cc:455 WARNING 3805171 operator() [#781] worker 2 STALLED on one task (load_us=0 realtime_load_us=1.27463e+06 threshold_s=1)[0m
[33m/home/cvazquezperezdelacru/clio-core/context-runtime/src/worker.cc:370 WARNING 3805171 AdoptLane [#785] worker 2 adopted lane 0x7f1d0e552368[0m
[33m/home/cvazquezperezdelacru/clio-core/context-runtime/src/work_orchestrator.cc:545 WARNING 3805171 SpawnAdditionalWorker [#785] spawned elastic worker 8 (pool now 9 workers)[0m
[33m/home/cvazquezperezdelacru/clio-core/context-runtime/src/scheduler/default_sched.cc:598 WARNING 3805171 operator() [#785] RESCUE: stalled worker 2 -> worker 8 (2 parked task(s) moved, 0 queued task(s) redistributed, rescues=1)[0m
[33m/home/cvazquezperezdelacru/clio-core/context-runtime/src/scheduler/default_sched.cc:455 WARNING 3805171 operator() [#781] worker 4 STALLED on one task (load_us=0 realtime_load_us=2.04296e+06 threshold_s=1)[0m
[33m/home/cvazquezperezdelacru/clio-core/context-runtime/src/worker.cc:370 WARNING 3805171 AdoptLane [#785] worker 4 adopted lane 0x7f1d0e5524e8[0m
[33m/home/cvazquezperezdelacru/clio-core/context-runtime/src/scheduler/default_sched.cc:598 WARNING 3805171 operator() [#785] RESCUE: stalled worker 4 -> worker 8 (1 parked task(s) moved, 0 queued task(s) redistributed, rescues=2)[0m
