[97m/home/cvazquezperezdelacru/clio-core/context-runtime/src/config_manager.cc:144 INFO 2484170 ClientInit Config at: /mnt/common/cvazquezperezdelacru/IOWARP/faiss/contrib/iowarp/benchmarks/results/ares_cte_rendered_20260729_130432.yaml[0m
[97m/home/cvazquezperezdelacru/clio-core/context-runtime/src/ipc_manager.cc:2865 INFO 2484170 ClearUserIpcs ClearUserIpcs: Removed 239 memfd symlinks from previous runs[0m
[33m/home/cvazquezperezdelacru/clio-core/context-runtime/src/ipc_manager.cc:906 WARNING 2484170 ServerInitShm Main segment: requested 50079715328 bytes exceeds half the memory budget (50079715328 bytes); clamping to 25039857664 bytes[0m
[97m/home/cvazquezperezdelacru/clio-core/context-runtime/src/ipc_manager.cc:931 INFO 2484170 ServerInitShm Initializing main shared memory segment: 25039857664 bytes (23879 MB)[0m
[97m/home/cvazquezperezdelacru/clio-core/context-runtime/src/ipc_manager.cc:952 INFO 2484170 ServerInitShm Initializing queue shared memory segment: 646224224 bytes (631078 KB)[0m
[33m/home/cvazquezperezdelacru/clio-core/context-runtime/src/ipc_manager.cc:1005 WARNING 2484170 ServerInitShm Metadata segment: requested 50079715328 bytes exceeds half the memory budget (50079715328 bytes); clamping to 25039857664 bytes[0m
[97m/home/cvazquezperezdelacru/clio-core/context-runtime/src/ipc_manager.cc:1039 INFO 2484170 ServerInitShm Initializing metadata shared memory segment: 25039857664 bytes (23879 MB), sparse/not pre-faulted[0m
[97m/home/cvazquezperezdelacru/clio-core/context-runtime/src/ipc_manager.cc:865 INFO 2484170 ExcludeFromCoreDump metadata segment: excluded 25039857664 bytes from core dumps[0m
[97m/home/cvazquezperezdelacru/clio-core/context-runtime/src/ipc_manager.cc:1072 INFO 2484170 ServerInitShm ServerInitShm: metadata directory at offset 68072[0m
[97m/home/cvazquezperezdelacru/clio-core/context-runtime/src/ipc_manager.cc:1127 INFO 2484170 ServerInitShm ServerInitShm: 8 inbound SHM ring(s) 'clio-2484170-shm-in-0..7' (16MB each)[0m
[97m/home/cvazquezperezdelacru/clio-core/context-runtime/src/ipc_manager.cc:1269 INFO 2484170 ServerInitQueues Initializing 16 worker queues with depth 1024 (last worker serves dual role)[0m
[97m/home/cvazquezperezdelacru/clio-core/context-runtime/src/ipc_manager.cc:1933 INFO 2484170 IdentifyThisHost SUCCESS: Main server started on 0.0.0.0:9413 (advertised as 0.0.0.0, node=0)[0m
[97m/home/cvazquezperezdelacru/clio-core/context-runtime/src/ipc_manager.cc:561 INFO 2484170 ServerInit IpcManager: TCP ROUTER transport bound on 0.0.0.0:9416[0m
[97m/home/cvazquezperezdelacru/clio-core/context-runtime/src/ipc_manager.cc:579 INFO 2484170 ServerInit IpcManager: IPC lightbeam server bound on /tmp/clio_cvazquezperezdelacru/clio_9413.ipc[0m
[97m/home/cvazquezperezdelacru/clio-core/context-runtime/src/module_manager.cc:137 INFO 2484170 LoadChiMod Loaded ChiMod: clio_MOD_NAME from /mnt/common/cvazquezperezdelacru/clio-core-dev-install/lib/libclio_MOD_NAME_runtime.so[0m
[97m/home/cvazquezperezdelacru/clio-core/context-runtime/src/module_manager.cc:137 INFO 2484170 LoadChiMod Loaded ChiMod: clio_admin from /mnt/common/cvazquezperezdelacru/clio-core-dev-install/lib/libclio_admin_runtime.so[0m
[97m/home/cvazquezperezdelacru/clio-core/context-runtime/src/module_manager.cc:137 INFO 2484170 LoadChiMod Loaded ChiMod: clio_bdev from /mnt/common/cvazquezperezdelacru/clio-core-dev-install/lib/libclio_bdev_runtime.so[0m
[97m/home/cvazquezperezdelacru/clio-core/context-runtime/src/module_manager.cc:137 INFO 2484170 LoadChiMod Loaded ChiMod: clio_safe_bdev from /mnt/common/cvazquezperezdelacru/clio-core-dev-install/lib/libclio_safe_bdev_runtime.so[0m
[97m/home/cvazquezperezdelacru/clio-core/context-runtime/src/module_manager.cc:137 INFO 2484170 LoadChiMod Loaded ChiMod: clio_cte_core from /mnt/common/cvazquezperezdelacru/clio-core-dev-install/lib/libclio_cte_core_runtime.so[0m
[97m/home/cvazquezperezdelacru/clio-core/context-runtime/src/module_manager.cc:137 INFO 2484170 LoadChiMod Loaded ChiMod: clio_cte_filesystem from /mnt/common/cvazquezperezdelacru/clio-core-dev-install/lib/libclio_cte_filesystem_runtime.so[0m
[97m/home/cvazquezperezdelacru/clio-core/context-runtime/src/module_manager.cc:137 INFO 2484170 LoadChiMod Loaded ChiMod: clio_faiss_ivf from /mnt/common/cvazquezperezdelacru/IOWARP/faiss/contrib/iowarp/build-dev/chimod/libclio_faiss_ivf_runtime.so[0m
[97m/home/cvazquezperezdelacru/clio-core/context-runtime/src/work_orchestrator.cc:94 INFO 2484170 Init Creating 8 workers (7 task + 1 dedicated network)[0m
[97m/home/cvazquezperezdelacru/clio-core/context-runtime/src/ipc_manager.cc:756 INFO 2484170 SetNumSchedQueues IpcManager: Updated num_sched_queues to 1[0m
[97m/home/cvazquezperezdelacru/clio-core/context-runtime/src/scheduler/default_sched.cc:139 INFO 2484170 DivideWorkers DefaultScheduler: 1 scheduler worker (0), 4 I/O workers, net_send_worker=6, net_recv_worker=7, gpu_worker=5[0m
[97m/home/cvazquezperezdelacru/clio-core/context-runtime/src/work_orchestrator.cc:271 INFO 2484170 SpawnWorkerThreads WorkOrchestrator: num_workers=8, num_lanes=16[0m
[97m/home/cvazquezperezdelacru/clio-core/context-runtime/src/work_orchestrator.cc:294 INFO 2484170 SpawnWorkerThreads WorkOrchestrator: Mapped worker 0 (ID 0) to lane 0[0m
[97m/home/cvazquezperezdelacru/clio-core/context-runtime/src/work_orchestrator.cc:294 INFO 2484170 SpawnWorkerThreads WorkOrchestrator: Mapped worker 1 (ID 1) to lane 1[0m
[97m/home/cvazquezperezdelacru/clio-core/context-runtime/src/work_orchestrator.cc:294 INFO 2484170 SpawnWorkerThreads WorkOrchestrator: Mapped worker 2 (ID 2) to lane 2[0m
[97m/home/cvazquezperezdelacru/clio-core/context-runtime/src/work_orchestrator.cc:294 INFO 2484170 SpawnWorkerThreads WorkOrchestrator: Mapped worker 3 (ID 3) to lane 3[0m
[97m/home/cvazquezperezdelacru/clio-core/context-runtime/src/work_orchestrator.cc:294 INFO 2484170 SpawnWorkerThreads WorkOrchestrator: Mapped worker 4 (ID 4) to lane 4[0m
[97m/home/cvazquezperezdelacru/clio-core/context-runtime/src/work_orchestrator.cc:294 INFO 2484170 SpawnWorkerThreads WorkOrchestrator: Mapped worker 5 (ID 5) to lane 5[0m
[97m/home/cvazquezperezdelacru/clio-core/context-runtime/src/work_orchestrator.cc:294 INFO 2484170 SpawnWorkerThreads WorkOrchestrator: Mapped worker 6 (ID 6) to lane 6[0m
[97m/home/cvazquezperezdelacru/clio-core/context-runtime/src/work_orchestrator.cc:294 INFO 2484170 SpawnWorkerThreads WorkOrchestrator: Mapped worker 7 (ID 7) to lane 7[0m
[97m/home/cvazquezperezdelacru/clio-core/context-runtime/src/pool_manager.cc:534 INFO 2484170 CreatePool PoolManager: Creating pool 'admin' with 1 containers (one per node)[0m
[33m/home/cvazquezperezdelacru/clio-core/context-runtime/modules/admin/include/clio_runtime/admin/admin_client.h:59 WARNING 2484170 Client AdminClient: Default constructor called - pool_id_ will be PoolId(0,0)[0m
[97m/home/cvazquezperezdelacru/clio-core/context-runtime/src/pool_manager.cc:615 INFO 2484170 CreatePool Creating container for pool PoolId(major:1, minor:0) on node 0 with container_id=0[0m
[97m/home/cvazquezperezdelacru/clio-core/context-runtime/src/pool_manager.cc:644 INFO 2484170 CreatePool Container initialized with pool ID PoolId(major:1, minor:0), name admin, and container ID 0[0m
[97m/home/cvazquezperezdelacru/clio-core/context-runtime/src/pool_manager.cc:663 INFO 2484170 CreatePool CreatePool: Running Create method for pool PoolId(major:1, minor:0)[0m
[97m/home/cvazquezperezdelacru/clio-core/context-runtime/src/ipc/ipc_run2run.cc:1105 INFO 2484200 operator() [PeerRecvThread] started[0m
[97m/home/cvazquezperezdelacru/clio-core/context-runtime/src/ipc/ipc_run2run.cc:1166 INFO 2484201 operator() [ClientRecvThread] started[0m
[97m/home/cvazquezperezdelacru/clio-core/context-runtime/src/pool_manager.cc:666 INFO 2484170 CreatePool CreatePool: Create method completed for pool PoolId(major:1, minor:0)[0m
[97m/home/cvazquezperezdelacru/clio-core/context-runtime/src/pool_manager.cc:700 INFO 2484170 CreatePool PoolManager: Created complete pool PoolId(major:1, minor:0) with ChiMod clio_admin (1 containers)[0m
[97m/home/cvazquezperezdelacru/clio-core/context-runtime/src/pool_manager.cc:125 INFO 2484170 ServerInit PoolManager: Admin chimod pool created successfully with PoolId PoolId(major:1, minor:0)[0m
[97m/home/cvazquezperezdelacru/clio-core/context-runtime/src/manager.cc:264 INFO 2484170 ServerInit Processing compose configuration with 3 pools[0m
[33m/home/cvazquezperezdelacru/clio-core/context-runtime/src/../modules/admin/include/clio_runtime/admin/admin_client.h:59 WARNING 2484170 Client AdminClient: Default constructor called - pool_id_ will be PoolId(0,0)[0m
[97m/home/cvazquezperezdelacru/clio-core/context-runtime/src/manager.cc:282 INFO 2484170 ServerInit Compose: Creating pool ram::chi_default_bdev (module: clio_bdev, restart: 0)[0m
[97m/home/cvazquezperezdelacru/clio-core/context-runtime/src/pool_manager.cc:534 INFO 2484195 CreatePool PoolManager: Creating pool 'ram::chi_default_bdev' with 1 containers (one per node)[0m
[97m/home/cvazquezperezdelacru/clio-core/context-runtime/src/pool_manager.cc:615 INFO 2484195 CreatePool Creating container for pool PoolId(major:301, minor:0) on node 0 with container_id=0[0m
[97m/home/cvazquezperezdelacru/clio-core/context-runtime/src/pool_manager.cc:644 INFO 2484195 CreatePool Container initialized with pool ID PoolId(major:301, minor:0), name ram::chi_default_bdev, and container ID 0[0m
[97m/home/cvazquezperezdelacru/clio-core/context-runtime/src/pool_manager.cc:663 INFO 2484195 CreatePool CreatePool: Running Create method for pool PoolId(major:301, minor:0)[0m
[97m/home/cvazquezperezdelacru/clio-core/context-runtime/modules/bdev/src/transports/mem_bdev_transport.cc:102 INFO 2484195 InitShmBacking [#783] RAM bdev 'clio_rambdev_2484170_301_0' is shared-memory backed (38655688704 of 38654705664 bytes mapped)[0m
[97m/home/cvazquezperezdelacru/clio-core/context-runtime/src/pool_manager.cc:666 INFO 2484195 CreatePool CreatePool: Create method completed for pool PoolId(major:301, minor:0)[0m
[97m/home/cvazquezperezdelacru/clio-core/context-runtime/src/pool_manager.cc:700 INFO 2484195 CreatePool PoolManager: Created complete pool PoolId(major:301, minor:0) with ChiMod clio_bdev (1 containers)[0m
[97m/home/cvazquezperezdelacru/clio-core/context-runtime/src/manager.cc:298 INFO 2484170 ServerInit Compose: Successfully created pool ram::chi_default_bdev (module: clio_bdev)[0m
[97m/home/cvazquezperezdelacru/clio-core/context-runtime/src/manager.cc:282 INFO 2484170 ServerInit Compose: Creating pool cte_main (module: clio_cte_core, restart: 0)[0m
[97m/home/cvazquezperezdelacru/clio-core/context-runtime/src/pool_manager.cc:534 INFO 2484192 CreatePool PoolManager: Creating pool 'cte_main' with 1 containers (one per node)[0m
[97m/home/cvazquezperezdelacru/clio-core/context-runtime/src/pool_manager.cc:615 INFO 2484192 CreatePool Creating container for pool PoolId(major:512, minor:0) on node 0 with container_id=0[0m
[97m/home/cvazquezperezdelacru/clio-core/context-runtime/src/pool_manager.cc:644 INFO 2484192 CreatePool Container initialized with pool ID PoolId(major:512, minor:0), name cte_main, and container ID 0[0m
[97m/home/cvazquezperezdelacru/clio-core/context-runtime/src/pool_manager.cc:663 INFO 2484192 CreatePool CreatePool: Running Create method for pool PoolId(major:512, minor:0)[0m
[97m/home/cvazquezperezdelacru/clio-core/context-transfer-engine/core/src/core_config.cc:618 INFO 2484192 ParseStorageConfig Parsed 2 storage devices[0m
[97m/home/cvazquezperezdelacru/clio-core/context-transfer-engine/core/src/core_config.cc:636 INFO 2484192 ParseDpeConfig Parsed DPE configuration: type=max_bw[0m
[97m/home/cvazquezperezdelacru/clio-core/context-transfer-engine/core/src/core_config.cc:111 INFO 2484192 LoadFromString Configuration loaded successfully from YAML string[0m
[97m/home/cvazquezperezdelacru/clio-core/context-transfer-engine/core/src/core_runtime.cc:545 INFO 2484192 Create CTE: shared-memory metadata cache enabled (tags=65536, blobs=262144, root_off=488)[0m
[97m/home/cvazquezperezdelacru/clio-core/context-runtime/src/pool_manager.cc:534 INFO 2484194 CreatePool PoolManager: Creating pool 'ram::cte_ram_tier_node0' with 1 containers (one per node)[0m
[97m/home/cvazquezperezdelacru/clio-core/context-runtime/src/pool_manager.cc:615 INFO 2484194 CreatePool Creating container for pool PoolId(major:512, minor:1) on node 0 with container_id=0[0m
[97m/home/cvazquezperezdelacru/clio-core/context-runtime/src/pool_manager.cc:644 INFO 2484194 CreatePool Container initialized with pool ID PoolId(major:512, minor:1), name ram::cte_ram_tier_node0, and container ID 0[0m
[97m/home/cvazquezperezdelacru/clio-core/context-runtime/src/pool_manager.cc:663 INFO 2484194 CreatePool CreatePool: Running Create method for pool PoolId(major:512, minor:1)[0m
[97m/home/cvazquezperezdelacru/clio-core/context-runtime/modules/bdev/src/transports/mem_bdev_transport.cc:102 INFO 2484194 InitShmBacking [#783] RAM bdev 'clio_rambdev_2484170_512_1' is shared-memory backed (32213237760 of 32212254720 bytes mapped)[0m
[97m/home/cvazquezperezdelacru/clio-core/context-runtime/modules/bdev/src/bdev_runtime.cc:145 INFO 2484194 LoadPerfStats bdev 'ram::cte_ram_tier_node0': restored perf stats from /home/cvazquezperezdelacru/.clio/bdev_perf/ram__cte_ram_tier_node0.perf (read 476.61 MB/s, write 474.154 MB/s)[0m
[97m/home/cvazquezperezdelacru/clio-core/context-runtime/src/pool_manager.cc:666 INFO 2484194 CreatePool CreatePool: Create method completed for pool PoolId(major:512, minor:1)[0m
[97m/home/cvazquezperezdelacru/clio-core/context-runtime/src/pool_manager.cc:700 INFO 2484194 CreatePool PoolManager: Created complete pool PoolId(major:512, minor:1) with ChiMod clio_bdev (1 containers)[0m
[97m/home/cvazquezperezdelacru/clio-core/context-runtime/src/pool_manager.cc:534 INFO 2484194 CreatePool PoolManager: Creating pool '/mnt/nvme/cvazquezperezdelacru/cte_tier_node0' with 1 containers (one per node)[0m
[97m/home/cvazquezperezdelacru/clio-core/context-runtime/src/pool_manager.cc:615 INFO 2484194 CreatePool Creating container for pool PoolId(major:513, minor:1) on node 0 with container_id=0[0m
[97m/home/cvazquezperezdelacru/clio-core/context-runtime/src/pool_manager.cc:644 INFO 2484194 CreatePool Container initialized with pool ID PoolId(major:513, minor:1), name /mnt/nvme/cvazquezperezdelacru/cte_tier_node0, and container ID 0[0m
[97m/home/cvazquezperezdelacru/clio-core/context-runtime/src/pool_manager.cc:663 INFO 2484194 CreatePool CreatePool: Running Create method for pool PoolId(major:513, minor:1)[0m
[97m/home/cvazquezperezdelacru/clio-core/context-runtime/modules/bdev/src/bdev_runtime.cc:145 INFO 2484194 LoadPerfStats bdev '/mnt/nvme/cvazquezperezdelacru/cte_tier_node0': restored perf stats from /home/cvazquezperezdelacru/.clio/bdev_perf/_mnt_nvme_cvazquezperezdelacru_cte_tier_node0.perf (read 1299.42 MB/s, write 1040.45 MB/s)[0m
[97m/home/cvazquezperezdelacru/clio-core/context-runtime/src/pool_manager.cc:666 INFO 2484194 CreatePool CreatePool: Create method completed for pool PoolId(major:513, minor:1)[0m
[97m/home/cvazquezperezdelacru/clio-core/context-runtime/src/pool_manager.cc:700 INFO 2484194 CreatePool PoolManager: Created complete pool PoolId(major:513, minor:1) with ChiMod clio_bdev (1 containers)[0m
[97m/home/cvazquezperezdelacru/clio-core/context-transfer-engine/core/src/core_runtime.cc:663 INFO 2484192 Create CTE Core container created and initialized for pool: cte_main (ID: PoolId(major:512, minor:0))[0m
[97m/home/cvazquezperezdelacru/clio-core/context-transfer-engine/core/src/core_runtime.cc:667 INFO 2484192 Create Configuration: neighborhood=1, poll_period_ms=5000, stat_targets_period_ms=5000[0m
[97m/home/cvazquezperezdelacru/clio-core/context-transfer-engine/core/src/core_runtime.cc:709 INFO 2484192 Create Starting periodic StatTargets task with period 5000 ms[0m
[97m/home/cvazquezperezdelacru/clio-core/context-runtime/src/pool_manager.cc:666 INFO 2484192 CreatePool CreatePool: Create method completed for pool PoolId(major:512, minor:0)[0m
[97m/home/cvazquezperezdelacru/clio-core/context-runtime/src/pool_manager.cc:700 INFO 2484192 CreatePool PoolManager: Created complete pool PoolId(major:512, minor:0) with ChiMod clio_cte_core (1 containers)[0m
[97m/home/cvazquezperezdelacru/clio-core/context-runtime/src/manager.cc:298 INFO 2484170 ServerInit Compose: Successfully created pool cte_main (module: clio_cte_core)[0m
[97m/home/cvazquezperezdelacru/clio-core/context-runtime/src/manager.cc:282 INFO 2484170 ServerInit Compose: Creating pool faiss_ivf_main (module: clio_faiss_ivf, restart: 0)[0m
[97m/home/cvazquezperezdelacru/clio-core/context-runtime/src/pool_manager.cc:534 INFO 2484194 CreatePool PoolManager: Creating pool 'faiss_ivf_main' with 1 containers (one per node)[0m
[97m/home/cvazquezperezdelacru/clio-core/context-runtime/src/pool_manager.cc:615 INFO 2484194 CreatePool Creating container for pool PoolId(major:600, minor:0) on node 0 with container_id=0[0m
[97m/home/cvazquezperezdelacru/clio-core/context-runtime/src/pool_manager.cc:644 INFO 2484194 CreatePool Container initialized with pool ID PoolId(major:600, minor:0), name faiss_ivf_main, and container ID 0[0m
[97m/home/cvazquezperezdelacru/clio-core/context-runtime/src/pool_manager.cc:663 INFO 2484194 CreatePool CreatePool: Running Create method for pool PoolId(major:600, minor:0)[0m
[97m/home/cvazquezperezdelacru/clio-core/context-runtime/src/pool_manager.cc:666 INFO 2484194 CreatePool CreatePool: Create method completed for pool PoolId(major:600, minor:0)[0m
[97m/home/cvazquezperezdelacru/clio-core/context-runtime/src/pool_manager.cc:700 INFO 2484194 CreatePool PoolManager: Created complete pool PoolId(major:600, minor:0) with ChiMod clio_faiss_ivf (1 containers)[0m
[97m/home/cvazquezperezdelacru/clio-core/context-runtime/src/manager.cc:298 INFO 2484170 ServerInit Compose: Successfully created pool faiss_ivf_main (module: clio_faiss_ivf)[0m
[97m/home/cvazquezperezdelacru/clio-core/context-runtime/src/manager.cc:304 INFO 2484170 ServerInit Compose: All 3 pools created successfully[0m
[32m/home/cvazquezperezdelacru/clio-core/context-runtime/src/ipc_manager.cc:1368 SUCCESS 2484170 StartLocalServer Successfully started local server at 127.0.0.1:9414[0m
[97m/home/cvazquezperezdelacru/clio-core/context-runtime/src/manager.cc:137 INFO 2484170 ClientInit RuntimeManager::ClientInit[0m
[97m/home/cvazquezperezdelacru/clio-core/context-runtime/src/manager.cc:181 INFO 2484170 ClientInit ClientInit: g_admin already exists, pool_id_=PoolId(major:0, minor:0)[0m
[33m/home/cvazquezperezdelacru/clio-core/context-runtime/src/scheduler/default_sched.cc:430 WARNING 2484199 LoadBalance [#781 PDF] observed exec-time bins (cumulative): <10us=60465 <50us=157 <500us=9 <10ms=6 <50ms=0 <500ms=2 <1s=0 >=1s=0 | stalls_detected=0[0m
[33m/home/cvazquezperezdelacru/clio-core/context-runtime/src/scheduler/default_sched.cc:439 WARNING 2484199 LoadBalance [#785] lane rescues performed: 0[0m
[33m/home/cvazquezperezdelacru/clio-core/context-runtime/src/scheduler/default_sched.cc:430 WARNING 2484199 LoadBalance [#781 PDF] observed exec-time bins (cumulative): <10us=127545 <50us=370 <500us=15 <10ms=7 <50ms=0 <500ms=2 <1s=0 >=1s=0 | stalls_detected=0[0m
[33m/home/cvazquezperezdelacru/clio-core/context-runtime/src/scheduler/default_sched.cc:439 WARNING 2484199 LoadBalance [#785] lane rescues performed: 0[0m
[33m/home/cvazquezperezdelacru/clio-core/context-runtime/src/scheduler/default_sched.cc:430 WARNING 2484199 LoadBalance [#781 PDF] observed exec-time bins (cumulative): <10us=194647 <50us=591 <500us=21 <10ms=9 <50ms=0 <500ms=2 <1s=0 >=1s=0 | stalls_detected=0[0m
[33m/home/cvazquezperezdelacru/clio-core/context-runtime/src/scheduler/default_sched.cc:439 WARNING 2484199 LoadBalance [#785] lane rescues performed: 0[0m
[97m/home/cvazquezperezdelacru/clio-core/context-runtime/src/ipc_manager.cc:2288 INFO 2484201 GetOrCreateClient [ClientPool] Creating new persistent connection to 127.0.0.1:39887[0m
[97m/home/cvazquezperezdelacru/clio-core/context-runtime/src/../../context-transport-primitives/include/clio_ctp/lightbeam/zmq_transport.h:152 INFO 2484201 GetSharedContext [ZeroMqTransport] Created shared context with 8 I/O threads[0m
[97m/home/cvazquezperezdelacru/clio-core/context-runtime/src/ipc_manager.cc:2308 INFO 2484201 GetOrCreateClient [ClientPool] Connection established to 127.0.0.1:39887[0m
[97m/home/cvazquezperezdelacru/clio-core/context-runtime/modules/admin/src/admin_runtime.cc:1191 INFO 2484191 RegisterMemory Admin::RegisterMemory: Registering CPU alloc_id (2484293.0)[0m
[97m/home/cvazquezperezdelacru/clio-core/context-runtime/src/ipc_manager.cc:2532 INFO 2484191 RegisterMemory IpcManager::RegisterMemory: Registering clio_2484293_0 from pid 2484293[0m
[97m/home/cvazquezperezdelacru/clio-core/context-runtime/src/ipc_manager.cc:2575 INFO 2484191 RegisterMemory IpcManager::RegisterMemory: Successfully registered clio_2484293_0[0m
[97m/home/cvazquezperezdelacru/clio-core/context-runtime/src/pool_manager.cc:534 INFO 2484195 CreatePool PoolManager: Creating pool 'clio_cte_core' with 1 containers (one per node)[0m
[97m/home/cvazquezperezdelacru/clio-core/context-runtime/src/pool_manager.cc:575 INFO 2484195 CreatePool PoolManager: Pool PoolId(major:512, minor:0) already exists by ID, returning existing pool[0m
[33m/home/cvazquezperezdelacru/clio-core/context-runtime/src/scheduler/default_sched.cc:430 WARNING 2484199 LoadBalance [#781 PDF] observed exec-time bins (cumulative): <10us=260570 <50us=2617 <500us=183 <10ms=297 <50ms=4 <500ms=2 <1s=0 >=1s=0 | stalls_detected=0[0m
[33m/home/cvazquezperezdelacru/clio-core/context-runtime/src/scheduler/default_sched.cc:439 WARNING 2484199 LoadBalance [#785] lane rescues performed: 0[0m
[97m/home/cvazquezperezdelacru/clio-core/context-runtime/modules/admin/src/admin_runtime.cc:1191 INFO 2484192 RegisterMemory Admin::RegisterMemory: Registering CPU alloc_id (2484293.1)[0m
[97m/home/cvazquezperezdelacru/clio-core/context-runtime/src/ipc_manager.cc:2532 INFO 2484192 RegisterMemory IpcManager::RegisterMemory: Registering clio_2484293_1 from pid 2484293[0m
[97m/home/cvazquezperezdelacru/clio-core/context-runtime/src/ipc_manager.cc:2575 INFO 2484192 RegisterMemory IpcManager::RegisterMemory: Successfully registered clio_2484293_1[0m
[97m/home/cvazquezperezdelacru/clio-core/context-runtime/modules/admin/src/admin_runtime.cc:1191 INFO 2484193 RegisterMemory Admin::RegisterMemory: Registering CPU alloc_id (2484293.2)[0m
[97m/home/cvazquezperezdelacru/clio-core/context-runtime/src/ipc_manager.cc:2532 INFO 2484193 RegisterMemory IpcManager::RegisterMemory: Registering clio_2484293_2 from pid 2484293[0m
[97m/home/cvazquezperezdelacru/clio-core/context-runtime/src/ipc_manager.cc:2575 INFO 2484193 RegisterMemory IpcManager::RegisterMemory: Successfully registered clio_2484293_2[0m
[97m/home/cvazquezperezdelacru/clio-core/context-runtime/modules/admin/src/admin_runtime.cc:1191 INFO 2484193 RegisterMemory Admin::RegisterMemory: Registering CPU alloc_id (2484293.3)[0m
[97m/home/cvazquezperezdelacru/clio-core/context-runtime/src/ipc_manager.cc:2532 INFO 2484193 RegisterMemory IpcManager::RegisterMemory: Registering clio_2484293_3 from pid 2484293[0m
[97m/home/cvazquezperezdelacru/clio-core/context-runtime/src/ipc_manager.cc:2575 INFO 2484193 RegisterMemory IpcManager::RegisterMemory: Successfully registered clio_2484293_3[0m
[97m/home/cvazquezperezdelacru/clio-core/context-runtime/modules/admin/src/admin_runtime.cc:1191 INFO 2484195 RegisterMemory Admin::RegisterMemory: Registering CPU alloc_id (2484293.4)[0m
[97m/home/cvazquezperezdelacru/clio-core/context-runtime/src/ipc_manager.cc:2532 INFO 2484195 RegisterMemory IpcManager::RegisterMemory: Registering clio_2484293_4 from pid 2484293[0m
[97m/home/cvazquezperezdelacru/clio-core/context-runtime/src/ipc_manager.cc:2575 INFO 2484195 RegisterMemory IpcManager::RegisterMemory: Successfully registered clio_2484293_4[0m
[97m/home/cvazquezperezdelacru/clio-core/context-runtime/modules/admin/src/admin_runtime.cc:1191 INFO 2484194 RegisterMemory Admin::RegisterMemory: Registering CPU alloc_id (2484293.5)[0m
[97m/home/cvazquezperezdelacru/clio-core/context-runtime/src/ipc_manager.cc:2532 INFO 2484194 RegisterMemory IpcManager::RegisterMemory: Registering clio_2484293_5 from pid 2484293[0m
[97m/home/cvazquezperezdelacru/clio-core/context-runtime/src/ipc_manager.cc:2575 INFO 2484194 RegisterMemory IpcManager::RegisterMemory: Successfully registered clio_2484293_5[0m
[33m/home/cvazquezperezdelacru/clio-core/context-runtime/src/scheduler/default_sched.cc:430 WARNING 2484199 LoadBalance [#781 PDF] observed exec-time bins (cumulative): <10us=325248 <50us=6094 <500us=398 <10ms=706 <50ms=23 <500ms=4 <1s=0 >=1s=0 | stalls_detected=0[0m
[33m/home/cvazquezperezdelacru/clio-core/context-runtime/src/scheduler/default_sched.cc:439 WARNING 2484199 LoadBalance [#785] lane rescues performed: 0[0m
[97m/home/cvazquezperezdelacru/clio-core/context-runtime/modules/admin/src/admin_runtime.cc:1191 INFO 2484194 RegisterMemory Admin::RegisterMemory: Registering CPU alloc_id (2484293.6)[0m
[97m/home/cvazquezperezdelacru/clio-core/context-runtime/src/ipc_manager.cc:2532 INFO 2484194 RegisterMemory IpcManager::RegisterMemory: Registering clio_2484293_6 from pid 2484293[0m
[97m/home/cvazquezperezdelacru/clio-core/context-runtime/src/ipc_manager.cc:2575 INFO 2484194 RegisterMemory IpcManager::RegisterMemory: Successfully registered clio_2484293_6[0m
[97m/home/cvazquezperezdelacru/clio-core/context-runtime/modules/admin/src/admin_runtime.cc:1191 INFO 2484194 RegisterMemory Admin::RegisterMemory: Registering CPU alloc_id (2484293.7)[0m
[97m/home/cvazquezperezdelacru/clio-core/context-runtime/src/ipc_manager.cc:2532 INFO 2484194 RegisterMemory IpcManager::RegisterMemory: Registering clio_2484293_7 from pid 2484293[0m
[97m/home/cvazquezperezdelacru/clio-core/context-runtime/src/ipc_manager.cc:2575 INFO 2484194 RegisterMemory IpcManager::RegisterMemory: Successfully registered clio_2484293_7[0m
[97m/home/cvazquezperezdelacru/clio-core/context-runtime/modules/admin/src/admin_runtime.cc:1191 INFO 2484192 RegisterMemory Admin::RegisterMemory: Registering CPU alloc_id (2484293.8)[0m
[97m/home/cvazquezperezdelacru/clio-core/context-runtime/src/ipc_manager.cc:2532 INFO 2484192 RegisterMemory IpcManager::RegisterMemory: Registering clio_2484293_8 from pid 2484293[0m
[97m/home/cvazquezperezdelacru/clio-core/context-runtime/src/ipc_manager.cc:2575 INFO 2484192 RegisterMemory IpcManager::RegisterMemory: Successfully registered clio_2484293_8[0m
[97m/home/cvazquezperezdelacru/clio-core/context-runtime/modules/admin/src/admin_runtime.cc:1191 INFO 2484192 RegisterMemory Admin::RegisterMemory: Registering CPU alloc_id (2484293.9)[0m
[97m/home/cvazquezperezdelacru/clio-core/context-runtime/src/ipc_manager.cc:2532 INFO 2484192 RegisterMemory IpcManager::RegisterMemory: Registering clio_2484293_9 from pid 2484293[0m
[97m/home/cvazquezperezdelacru/clio-core/context-runtime/src/ipc_manager.cc:2575 INFO 2484192 RegisterMemory IpcManager::RegisterMemory: Successfully registered clio_2484293_9[0m
[97m/home/cvazquezperezdelacru/clio-core/context-runtime/modules/admin/src/admin_runtime.cc:1191 INFO 2484192 RegisterMemory Admin::RegisterMemory: Registering CPU alloc_id (2484293.10)[0m
[97m/home/cvazquezperezdelacru/clio-core/context-runtime/src/ipc_manager.cc:2532 INFO 2484192 RegisterMemory IpcManager::RegisterMemory: Registering clio_2484293_10 from pid 2484293[0m
[97m/home/cvazquezperezdelacru/clio-core/context-runtime/src/ipc_manager.cc:2575 INFO 2484192 RegisterMemory IpcManager::RegisterMemory: Successfully registered clio_2484293_10[0m
[97m/home/cvazquezperezdelacru/clio-core/context-runtime/modules/admin/src/admin_runtime.cc:1191 INFO 2484193 RegisterMemory Admin::RegisterMemory: Registering CPU alloc_id (2484293.11)[0m
[97m/home/cvazquezperezdelacru/clio-core/context-runtime/src/ipc_manager.cc:2532 INFO 2484193 RegisterMemory IpcManager::RegisterMemory: Registering clio_2484293_11 from pid 2484293[0m
[97m/home/cvazquezperezdelacru/clio-core/context-runtime/src/ipc_manager.cc:2575 INFO 2484193 RegisterMemory IpcManager::RegisterMemory: Successfully registered clio_2484293_11[0m
[97m/home/cvazquezperezdelacru/clio-core/context-runtime/modules/admin/src/admin_runtime.cc:1191 INFO 2484192 RegisterMemory Admin::RegisterMemory: Registering CPU alloc_id (2484293.12)[0m
[97m/home/cvazquezperezdelacru/clio-core/context-runtime/src/ipc_manager.cc:2532 INFO 2484192 RegisterMemory IpcManager::RegisterMemory: Registering clio_2484293_12 from pid 2484293[0m
[97m/home/cvazquezperezdelacru/clio-core/context-runtime/src/ipc_manager.cc:2575 INFO 2484192 RegisterMemory IpcManager::RegisterMemory: Successfully registered clio_2484293_12[0m
[33m/home/cvazquezperezdelacru/clio-core/context-runtime/src/scheduler/default_sched.cc:430 WARNING 2484199 LoadBalance [#781 PDF] observed exec-time bins (cumulative): <10us=391249 <50us=8811 <500us=563 <10ms=1214 <50ms=33 <500ms=5 <1s=0 >=1s=0 | stalls_detected=0[0m
[33m/home/cvazquezperezdelacru/clio-core/context-runtime/src/scheduler/default_sched.cc:439 WARNING 2484199 LoadBalance [#785] lane rescues performed: 0[0m
[97m/home/cvazquezperezdelacru/clio-core/context-runtime/modules/admin/src/admin_runtime.cc:1191 INFO 2484192 RegisterMemory Admin::RegisterMemory: Registering CPU alloc_id (2484293.13)[0m
[97m/home/cvazquezperezdelacru/clio-core/context-runtime/src/ipc_manager.cc:2532 INFO 2484192 RegisterMemory IpcManager::RegisterMemory: Registering clio_2484293_13 from pid 2484293[0m
[97m/home/cvazquezperezdelacru/clio-core/context-runtime/src/ipc_manager.cc:2575 INFO 2484192 RegisterMemory IpcManager::RegisterMemory: Successfully registered clio_2484293_13[0m
[97m/home/cvazquezperezdelacru/clio-core/context-runtime/modules/admin/src/admin_runtime.cc:1191 INFO 2484192 RegisterMemory Admin::RegisterMemory: Registering CPU alloc_id (2484293.14)[0m
[97m/home/cvazquezperezdelacru/clio-core/context-runtime/src/ipc_manager.cc:2532 INFO 2484192 RegisterMemory IpcManager::RegisterMemory: Registering clio_2484293_14 from pid 2484293[0m
[97m/home/cvazquezperezdelacru/clio-core/context-runtime/src/ipc_manager.cc:2575 INFO 2484192 RegisterMemory IpcManager::RegisterMemory: Successfully registered clio_2484293_14[0m
[97m/home/cvazquezperezdelacru/clio-core/context-runtime/modules/admin/src/admin_runtime.cc:1191 INFO 2484192 RegisterMemory Admin::RegisterMemory: Registering CPU alloc_id (2484293.15)[0m
[97m/home/cvazquezperezdelacru/clio-core/context-runtime/src/ipc_manager.cc:2532 INFO 2484192 RegisterMemory IpcManager::RegisterMemory: Registering clio_2484293_15 from pid 2484293[0m
[97m/home/cvazquezperezdelacru/clio-core/context-runtime/src/ipc_manager.cc:2575 INFO 2484192 RegisterMemory IpcManager::RegisterMemory: Successfully registered clio_2484293_15[0m
[97m/home/cvazquezperezdelacru/clio-core/context-runtime/modules/admin/src/admin_runtime.cc:1191 INFO 2484192 RegisterMemory Admin::RegisterMemory: Registering CPU alloc_id (2484293.16)[0m
[97m/home/cvazquezperezdelacru/clio-core/context-runtime/src/ipc_manager.cc:2532 INFO 2484192 RegisterMemory IpcManager::RegisterMemory: Registering clio_2484293_16 from pid 2484293[0m
[97m/home/cvazquezperezdelacru/clio-core/context-runtime/src/ipc_manager.cc:2575 INFO 2484192 RegisterMemory IpcManager::RegisterMemory: Successfully registered clio_2484293_16[0m
[97m/home/cvazquezperezdelacru/clio-core/context-runtime/modules/admin/src/admin_runtime.cc:1191 INFO 2484192 RegisterMemory Admin::RegisterMemory: Registering CPU alloc_id (2484293.17)[0m
[97m/home/cvazquezperezdelacru/clio-core/context-runtime/src/ipc_manager.cc:2532 INFO 2484192 RegisterMemory IpcManager::RegisterMemory: Registering clio_2484293_17 from pid 2484293[0m
[97m/home/cvazquezperezdelacru/clio-core/context-runtime/src/ipc_manager.cc:2575 INFO 2484192 RegisterMemory IpcManager::RegisterMemory: Successfully registered clio_2484293_17[0m
[97m/home/cvazquezperezdelacru/clio-core/context-runtime/modules/admin/src/admin_runtime.cc:1191 INFO 2484193 RegisterMemory Admin::RegisterMemory: Registering CPU alloc_id (2484293.18)[0m
[97m/home/cvazquezperezdelacru/clio-core/context-runtime/src/ipc_manager.cc:2532 INFO 2484193 RegisterMemory IpcManager::RegisterMemory: Registering clio_2484293_18 from pid 2484293[0m
[97m/home/cvazquezperezdelacru/clio-core/context-runtime/src/ipc_manager.cc:2575 INFO 2484193 RegisterMemory IpcManager::RegisterMemory: Successfully registered clio_2484293_18[0m
[33m/home/cvazquezperezdelacru/clio-core/context-runtime/src/scheduler/default_sched.cc:430 WARNING 2484199 LoadBalance [#781 PDF] observed exec-time bins (cumulative): <10us=457247 <50us=10981 <500us=726 <10ms=1669 <50ms=43 <500ms=7 <1s=0 >=1s=0 | stalls_detected=0[0m
[33m/home/cvazquezperezdelacru/clio-core/context-runtime/src/scheduler/default_sched.cc:439 WARNING 2484199 LoadBalance [#785] lane rescues performed: 0[0m
[97m/home/cvazquezperezdelacru/clio-core/context-runtime/modules/admin/src/admin_runtime.cc:1191 INFO 2484192 RegisterMemory Admin::RegisterMemory: Registering CPU alloc_id (2484293.19)[0m
[97m/home/cvazquezperezdelacru/clio-core/context-runtime/src/ipc_manager.cc:2532 INFO 2484192 RegisterMemory IpcManager::RegisterMemory: Registering clio_2484293_19 from pid 2484293[0m
[97m/home/cvazquezperezdelacru/clio-core/context-runtime/src/ipc_manager.cc:2575 INFO 2484192 RegisterMemory IpcManager::RegisterMemory: Successfully registered clio_2484293_19[0m
[97m/home/cvazquezperezdelacru/clio-core/context-runtime/modules/admin/src/admin_runtime.cc:1191 INFO 2484193 RegisterMemory Admin::RegisterMemory: Registering CPU alloc_id (2484293.20)[0m
[97m/home/cvazquezperezdelacru/clio-core/context-runtime/src/ipc_manager.cc:2532 INFO 2484193 RegisterMemory IpcManager::RegisterMemory: Registering clio_2484293_20 from pid 2484293[0m
[97m/home/cvazquezperezdelacru/clio-core/context-runtime/src/ipc_manager.cc:2575 INFO 2484193 RegisterMemory IpcManager::RegisterMemory: Successfully registered clio_2484293_20[0m
[97m/home/cvazquezperezdelacru/clio-core/context-runtime/modules/admin/src/admin_runtime.cc:1191 INFO 2484192 RegisterMemory Admin::RegisterMemory: Registering CPU alloc_id (2484293.21)[0m
[97m/home/cvazquezperezdelacru/clio-core/context-runtime/src/ipc_manager.cc:2532 INFO 2484192 RegisterMemory IpcManager::RegisterMemory: Registering clio_2484293_21 from pid 2484293[0m
[97m/home/cvazquezperezdelacru/clio-core/context-runtime/src/ipc_manager.cc:2575 INFO 2484192 RegisterMemory IpcManager::RegisterMemory: Successfully registered clio_2484293_21[0m
[33m/home/cvazquezperezdelacru/clio-core/context-runtime/src/scheduler/default_sched.cc:430 WARNING 2484199 LoadBalance [#781 PDF] observed exec-time bins (cumulative): <10us=523911 <50us=14084 <500us=872 <10ms=2219 <50ms=49 <500ms=8 <1s=0 >=1s=0 | stalls_detected=0[0m
[33m/home/cvazquezperezdelacru/clio-core/context-runtime/src/scheduler/default_sched.cc:439 WARNING 2484199 LoadBalance [#785] lane rescues performed: 0[0m
[97m/home/cvazquezperezdelacru/clio-core/context-runtime/modules/admin/src/admin_runtime.cc:1191 INFO 2484192 RegisterMemory Admin::RegisterMemory: Registering CPU alloc_id (2484293.22)[0m
[97m/home/cvazquezperezdelacru/clio-core/context-runtime/src/ipc_manager.cc:2532 INFO 2484192 RegisterMemory IpcManager::RegisterMemory: Registering clio_2484293_22 from pid 2484293[0m
[97m/home/cvazquezperezdelacru/clio-core/context-runtime/src/ipc_manager.cc:2575 INFO 2484192 RegisterMemory IpcManager::RegisterMemory: Successfully registered clio_2484293_22[0m
[97m/home/cvazquezperezdelacru/clio-core/context-runtime/modules/admin/src/admin_runtime.cc:1191 INFO 2484192 RegisterMemory Admin::RegisterMemory: Registering CPU alloc_id (2484293.23)[0m
[97m/home/cvazquezperezdelacru/clio-core/context-runtime/src/ipc_manager.cc:2532 INFO 2484192 RegisterMemory IpcManager::RegisterMemory: Registering clio_2484293_23 from pid 2484293[0m
[97m/home/cvazquezperezdelacru/clio-core/context-runtime/src/ipc_manager.cc:2575 INFO 2484192 RegisterMemory IpcManager::RegisterMemory: Successfully registered clio_2484293_23[0m
[97m/home/cvazquezperezdelacru/clio-core/context-runtime/modules/admin/src/admin_runtime.cc:1191 INFO 2484192 RegisterMemory Admin::RegisterMemory: Registering CPU alloc_id (2484293.24)[0m
[97m/home/cvazquezperezdelacru/clio-core/context-runtime/src/ipc_manager.cc:2532 INFO 2484192 RegisterMemory IpcManager::RegisterMemory: Registering clio_2484293_24 from pid 2484293[0m
[97m/home/cvazquezperezdelacru/clio-core/context-runtime/src/ipc_manager.cc:2575 INFO 2484192 RegisterMemory IpcManager::RegisterMemory: Successfully registered clio_2484293_24[0m
[97m/home/cvazquezperezdelacru/clio-core/context-runtime/modules/admin/src/admin_runtime.cc:1191 INFO 2484192 RegisterMemory Admin::RegisterMemory: Registering CPU alloc_id (2484293.25)[0m
[97m/home/cvazquezperezdelacru/clio-core/context-runtime/src/ipc_manager.cc:2532 INFO 2484192 RegisterMemory IpcManager::RegisterMemory: Registering clio_2484293_25 from pid 2484293[0m
[97m/home/cvazquezperezdelacru/clio-core/context-runtime/src/ipc_manager.cc:2575 INFO 2484192 RegisterMemory IpcManager::RegisterMemory: Successfully registered clio_2484293_25[0m
[97m/home/cvazquezperezdelacru/clio-core/context-runtime/modules/admin/src/admin_runtime.cc:1191 INFO 2484192 RegisterMemory Admin::RegisterMemory: Registering CPU alloc_id (2484293.26)[0m
[97m/home/cvazquezperezdelacru/clio-core/context-runtime/src/ipc_manager.cc:2532 INFO 2484192 RegisterMemory IpcManager::RegisterMemory: Registering clio_2484293_26 from pid 2484293[0m
[97m/home/cvazquezperezdelacru/clio-core/context-runtime/src/ipc_manager.cc:2575 INFO 2484192 RegisterMemory IpcManager::RegisterMemory: Successfully registered clio_2484293_26[0m
[33m/home/cvazquezperezdelacru/clio-core/context-runtime/src/scheduler/default_sched.cc:430 WARNING 2484199 LoadBalance [#781 PDF] observed exec-time bins (cumulative): <10us=598848 <50us=17540 <500us=1020 <10ms=2780 <50ms=55 <500ms=10 <1s=0 >=1s=0 | stalls_detected=0[0m
[33m/home/cvazquezperezdelacru/clio-core/context-runtime/src/scheduler/default_sched.cc:439 WARNING 2484199 LoadBalance [#785] lane rescues performed: 0[0m
[97m/home/cvazquezperezdelacru/clio-core/context-runtime/modules/admin/src/admin_runtime.cc:1191 INFO 2484192 RegisterMemory Admin::RegisterMemory: Registering CPU alloc_id (2484293.27)[0m
[97m/home/cvazquezperezdelacru/clio-core/context-runtime/src/ipc_manager.cc:2532 INFO 2484192 RegisterMemory IpcManager::RegisterMemory: Registering clio_2484293_27 from pid 2484293[0m
[97m/home/cvazquezperezdelacru/clio-core/context-runtime/src/ipc_manager.cc:2575 INFO 2484192 RegisterMemory IpcManager::RegisterMemory: Successfully registered clio_2484293_27[0m
[97m/home/cvazquezperezdelacru/clio-core/context-runtime/modules/admin/src/admin_runtime.cc:1191 INFO 2484192 RegisterMemory Admin::RegisterMemory: Registering CPU alloc_id (2484293.28)[0m
[97m/home/cvazquezperezdelacru/clio-core/context-runtime/src/ipc_manager.cc:2532 INFO 2484192 RegisterMemory IpcManager::RegisterMemory: Registering clio_2484293_28 from pid 2484293[0m
[97m/home/cvazquezperezdelacru/clio-core/context-runtime/src/ipc_manager.cc:2575 INFO 2484192 RegisterMemory IpcManager::RegisterMemory: Successfully registered clio_2484293_28[0m
[97m/home/cvazquezperezdelacru/clio-core/context-runtime/modules/admin/src/admin_runtime.cc:1191 INFO 2484192 RegisterMemory Admin::RegisterMemory: Registering CPU alloc_id (2484293.29)[0m
[97m/home/cvazquezperezdelacru/clio-core/context-runtime/src/ipc_manager.cc:2532 INFO 2484192 RegisterMemory IpcManager::RegisterMemory: Registering clio_2484293_29 from pid 2484293[0m
[97m/home/cvazquezperezdelacru/clio-core/context-runtime/src/ipc_manager.cc:2575 INFO 2484192 RegisterMemory IpcManager::RegisterMemory: Successfully registered clio_2484293_29[0m
[97m/home/cvazquezperezdelacru/clio-core/context-runtime/modules/admin/src/admin_runtime.cc:1191 INFO 2484192 RegisterMemory Admin::RegisterMemory: Registering CPU alloc_id (2484293.30)[0m
[97m/home/cvazquezperezdelacru/clio-core/context-runtime/src/ipc_manager.cc:2532 INFO 2484192 RegisterMemory IpcManager::RegisterMemory: Registering clio_2484293_30 from pid 2484293[0m
[97m/home/cvazquezperezdelacru/clio-core/context-runtime/src/ipc_manager.cc:2575 INFO 2484192 RegisterMemory IpcManager::RegisterMemory: Successfully registered clio_2484293_30[0m
[97m/home/cvazquezperezdelacru/clio-core/context-runtime/modules/admin/src/admin_runtime.cc:1191 INFO 2484193 RegisterMemory Admin::RegisterMemory: Registering CPU alloc_id (2484293.31)[0m
[97m/home/cvazquezperezdelacru/clio-core/context-runtime/src/ipc_manager.cc:2532 INFO 2484193 RegisterMemory IpcManager::RegisterMemory: Registering clio_2484293_31 from pid 2484293[0m
[97m/home/cvazquezperezdelacru/clio-core/context-runtime/src/ipc_manager.cc:2575 INFO 2484193 RegisterMemory IpcManager::RegisterMemory: Successfully registered clio_2484293_31[0m
[97m/home/cvazquezperezdelacru/clio-core/context-runtime/modules/admin/src/admin_runtime.cc:1191 INFO 2484193 RegisterMemory Admin::RegisterMemory: Registering CPU alloc_id (2484293.32)[0m
[97m/home/cvazquezperezdelacru/clio-core/context-runtime/src/ipc_manager.cc:2532 INFO 2484193 RegisterMemory IpcManager::RegisterMemory: Registering clio_2484293_32 from pid 2484293[0m
[97m/home/cvazquezperezdelacru/clio-core/context-runtime/src/ipc_manager.cc:2575 INFO 2484193 RegisterMemory IpcManager::RegisterMemory: Successfully registered clio_2484293_32[0m
[33m/home/cvazquezperezdelacru/clio-core/context-runtime/src/scheduler/default_sched.cc:430 WARNING 2484199 LoadBalance [#781 PDF] observed exec-time bins (cumulative): <10us=668375 <50us=19863 <500us=1188 <10ms=3326 <50ms=63 <500ms=11 <1s=0 >=1s=0 | stalls_detected=0[0m
[33m/home/cvazquezperezdelacru/clio-core/context-runtime/src/scheduler/default_sched.cc:439 WARNING 2484199 LoadBalance [#785] lane rescues performed: 0[0m
[31m/home/cvazquezperezdelacru/clio-core/context-runtime/src/scheduler/default_sched.cc:726 ERROR 2484199 LoadBalance [HANGWATCH-HB] processed=10238 outstanding=2 (queued=2 blocked=0 retry=0 periodic=7) live=1 live_stalled=0[0m
[97m/home/cvazquezperezdelacru/clio-core/context-runtime/modules/admin/src/admin_runtime.cc:1191 INFO 2484192 RegisterMemory Admin::RegisterMemory: Registering CPU alloc_id (2484293.33)[0m
[97m/home/cvazquezperezdelacru/clio-core/context-runtime/src/ipc_manager.cc:2532 INFO 2484192 RegisterMemory IpcManager::RegisterMemory: Registering clio_2484293_33 from pid 2484293[0m
[97m/home/cvazquezperezdelacru/clio-core/context-runtime/src/ipc_manager.cc:2575 INFO 2484192 RegisterMemory IpcManager::RegisterMemory: Successfully registered clio_2484293_33[0m
[97m/home/cvazquezperezdelacru/clio-core/context-runtime/modules/admin/src/admin_runtime.cc:1191 INFO 2484192 RegisterMemory Admin::RegisterMemory: Registering CPU alloc_id (2484293.34)[0m
[97m/home/cvazquezperezdelacru/clio-core/context-runtime/src/ipc_manager.cc:2532 INFO 2484192 RegisterMemory IpcManager::RegisterMemory: Registering clio_2484293_34 from pid 2484293[0m
[97m/home/cvazquezperezdelacru/clio-core/context-runtime/src/ipc_manager.cc:2575 INFO 2484192 RegisterMemory IpcManager::RegisterMemory: Successfully registered clio_2484293_34[0m
[97m/home/cvazquezperezdelacru/clio-core/context-runtime/modules/admin/src/admin_runtime.cc:1191 INFO 2484193 RegisterMemory Admin::RegisterMemory: Registering CPU alloc_id (2484293.35)[0m
[97m/home/cvazquezperezdelacru/clio-core/context-runtime/src/ipc_manager.cc:2532 INFO 2484193 RegisterMemory IpcManager::RegisterMemory: Registering clio_2484293_35 from pid 2484293[0m
[97m/home/cvazquezperezdelacru/clio-core/context-runtime/src/ipc_manager.cc:2575 INFO 2484193 RegisterMemory IpcManager::RegisterMemory: Successfully registered clio_2484293_35[0m
[97m/home/cvazquezperezdelacru/clio-core/context-runtime/modules/admin/src/admin_runtime.cc:1191 INFO 2484192 RegisterMemory Admin::RegisterMemory: Registering CPU alloc_id (2484293.36)[0m
[97m/home/cvazquezperezdelacru/clio-core/context-runtime/src/ipc_manager.cc:2532 INFO 2484192 RegisterMemory IpcManager::RegisterMemory: Registering clio_2484293_36 from pid 2484293[0m
[97m/home/cvazquezperezdelacru/clio-core/context-runtime/src/ipc_manager.cc:2575 INFO 2484192 RegisterMemory IpcManager::RegisterMemory: Successfully registered clio_2484293_36[0m
[33m/home/cvazquezperezdelacru/clio-core/context-runtime/src/scheduler/default_sched.cc:430 WARNING 2484199 LoadBalance [#781 PDF] observed exec-time bins (cumulative): <10us=736722 <50us=21953 <500us=1378 <10ms=3828 <50ms=75 <500ms=13 <1s=0 >=1s=0 | stalls_detected=0[0m
[33m/home/cvazquezperezdelacru/clio-core/context-runtime/src/scheduler/default_sched.cc:439 WARNING 2484199 LoadBalance [#785] lane rescues performed: 0[0m
[97m/home/cvazquezperezdelacru/clio-core/context-runtime/modules/admin/src/admin_runtime.cc:1191 INFO 2484193 RegisterMemory Admin::RegisterMemory: Registering CPU alloc_id (2484293.37)[0m
[97m/home/cvazquezperezdelacru/clio-core/context-runtime/src/ipc_manager.cc:2532 INFO 2484193 RegisterMemory IpcManager::RegisterMemory: Registering clio_2484293_37 from pid 2484293[0m
[97m/home/cvazquezperezdelacru/clio-core/context-runtime/src/ipc_manager.cc:2575 INFO 2484193 RegisterMemory IpcManager::RegisterMemory: Successfully registered clio_2484293_37[0m
[97m/home/cvazquezperezdelacru/clio-core/context-runtime/modules/admin/src/admin_runtime.cc:1191 INFO 2484192 RegisterMemory Admin::RegisterMemory: Registering CPU alloc_id (2484293.38)[0m
[97m/home/cvazquezperezdelacru/clio-core/context-runtime/src/ipc_manager.cc:2532 INFO 2484192 RegisterMemory IpcManager::RegisterMemory: Registering clio_2484293_38 from pid 2484293[0m
[97m/home/cvazquezperezdelacru/clio-core/context-runtime/src/ipc_manager.cc:2575 INFO 2484192 RegisterMemory IpcManager::RegisterMemory: Successfully registered clio_2484293_38[0m
[97m/home/cvazquezperezdelacru/clio-core/context-runtime/modules/admin/src/admin_runtime.cc:1191 INFO 2484192 RegisterMemory Admin::RegisterMemory: Registering CPU alloc_id (2484293.39)[0m
[97m/home/cvazquezperezdelacru/clio-core/context-runtime/src/ipc_manager.cc:2532 INFO 2484192 RegisterMemory IpcManager::RegisterMemory: Registering clio_2484293_39 from pid 2484293[0m
[97m/home/cvazquezperezdelacru/clio-core/context-runtime/src/ipc_manager.cc:2575 INFO 2484192 RegisterMemory IpcManager::RegisterMemory: Successfully registered clio_2484293_39[0m
[33m/home/cvazquezperezdelacru/clio-core/context-runtime/src/scheduler/default_sched.cc:430 WARNING 2484199 LoadBalance [#781 PDF] observed exec-time bins (cumulative): <10us=801246 <50us=24691 <500us=1577 <10ms=4333 <50ms=87 <500ms=16 <1s=0 >=1s=0 | stalls_detected=0[0m
[33m/home/cvazquezperezdelacru/clio-core/context-runtime/src/scheduler/default_sched.cc:439 WARNING 2484199 LoadBalance [#785] lane rescues performed: 0[0m
[97m/home/cvazquezperezdelacru/clio-core/context-runtime/modules/admin/src/admin_runtime.cc:1191 INFO 2484193 RegisterMemory Admin::RegisterMemory: Registering CPU alloc_id (2484293.40)[0m
[97m/home/cvazquezperezdelacru/clio-core/context-runtime/src/ipc_manager.cc:2532 INFO 2484193 RegisterMemory IpcManager::RegisterMemory: Registering clio_2484293_40 from pid 2484293[0m
[97m/home/cvazquezperezdelacru/clio-core/context-runtime/src/ipc_manager.cc:2575 INFO 2484193 RegisterMemory IpcManager::RegisterMemory: Successfully registered clio_2484293_40[0m
[97m/home/cvazquezperezdelacru/clio-core/context-runtime/modules/admin/src/admin_runtime.cc:1191 INFO 2484193 RegisterMemory Admin::RegisterMemory: Registering CPU alloc_id (2484293.41)[0m
[97m/home/cvazquezperezdelacru/clio-core/context-runtime/src/ipc_manager.cc:2532 INFO 2484193 RegisterMemory IpcManager::RegisterMemory: Registering clio_2484293_41 from pid 2484293[0m
[97m/home/cvazquezperezdelacru/clio-core/context-runtime/src/ipc_manager.cc:2575 INFO 2484193 RegisterMemory IpcManager::RegisterMemory: Successfully registered clio_2484293_41[0m
[97m/home/cvazquezperezdelacru/clio-core/context-runtime/modules/admin/src/admin_runtime.cc:1191 INFO 2484192 RegisterMemory Admin::RegisterMemory: Registering CPU alloc_id (2484293.42)[0m
[97m/home/cvazquezperezdelacru/clio-core/context-runtime/src/ipc_manager.cc:2532 INFO 2484192 RegisterMemory IpcManager::RegisterMemory: Registering clio_2484293_42 from pid 2484293[0m
[97m/home/cvazquezperezdelacru/clio-core/context-runtime/src/ipc_manager.cc:2575 INFO 2484192 RegisterMemory IpcManager::RegisterMemory: Successfully registered clio_2484293_42[0m
[97m/home/cvazquezperezdelacru/clio-core/context-runtime/modules/admin/src/admin_runtime.cc:1191 INFO 2484192 RegisterMemory Admin::RegisterMemory: Registering CPU alloc_id (2484293.43)[0m
[97m/home/cvazquezperezdelacru/clio-core/context-runtime/src/ipc_manager.cc:2532 INFO 2484192 RegisterMemory IpcManager::RegisterMemory: Registering clio_2484293_43 from pid 2484293[0m
[97m/home/cvazquezperezdelacru/clio-core/context-runtime/src/ipc_manager.cc:2575 INFO 2484192 RegisterMemory IpcManager::RegisterMemory: Successfully registered clio_2484293_43[0m
[33m/home/cvazquezperezdelacru/clio-core/context-runtime/src/scheduler/default_sched.cc:430 WARNING 2484199 LoadBalance [#781 PDF] observed exec-time bins (cumulative): <10us=864511 <50us=28593 <500us=1774 <10ms=4840 <50ms=94 <500ms=18 <1s=0 >=1s=0 | stalls_detected=0[0m
[33m/home/cvazquezperezdelacru/clio-core/context-runtime/src/scheduler/default_sched.cc:439 WARNING 2484199 LoadBalance [#785] lane rescues performed: 0[0m
[97m/home/cvazquezperezdelacru/clio-core/context-runtime/modules/admin/src/admin_runtime.cc:1191 INFO 2484193 RegisterMemory Admin::RegisterMemory: Registering CPU alloc_id (2484293.44)[0m
[97m/home/cvazquezperezdelacru/clio-core/context-runtime/src/ipc_manager.cc:2532 INFO 2484193 RegisterMemory IpcManager::RegisterMemory: Registering clio_2484293_44 from pid 2484293[0m
[97m/home/cvazquezperezdelacru/clio-core/context-runtime/src/ipc_manager.cc:2575 INFO 2484193 RegisterMemory IpcManager::RegisterMemory: Successfully registered clio_2484293_44[0m
[97m/home/cvazquezperezdelacru/clio-core/context-runtime/modules/admin/src/admin_runtime.cc:1191 INFO 2484192 RegisterMemory Admin::RegisterMemory: Registering CPU alloc_id (2484293.45)[0m
[97m/home/cvazquezperezdelacru/clio-core/context-runtime/src/ipc_manager.cc:2532 INFO 2484192 RegisterMemory IpcManager::RegisterMemory: Registering clio_2484293_45 from pid 2484293[0m
[97m/home/cvazquezperezdelacru/clio-core/context-runtime/src/ipc_manager.cc:2575 INFO 2484192 RegisterMemory IpcManager::RegisterMemory: Successfully registered clio_2484293_45[0m
[97m/home/cvazquezperezdelacru/clio-core/context-runtime/modules/admin/src/admin_runtime.cc:1191 INFO 2484192 RegisterMemory Admin::RegisterMemory: Registering CPU alloc_id (2484293.46)[0m
[97m/home/cvazquezperezdelacru/clio-core/context-runtime/src/ipc_manager.cc:2532 INFO 2484192 RegisterMemory IpcManager::RegisterMemory: Registering clio_2484293_46 from pid 2484293[0m
[97m/home/cvazquezperezdelacru/clio-core/context-runtime/src/ipc_manager.cc:2575 INFO 2484192 RegisterMemory IpcManager::RegisterMemory: Successfully registered clio_2484293_46[0m
[97m/home/cvazquezperezdelacru/clio-core/context-runtime/modules/admin/src/admin_runtime.cc:1191 INFO 2484192 RegisterMemory Admin::RegisterMemory: Registering CPU alloc_id (2484293.47)[0m
[97m/home/cvazquezperezdelacru/clio-core/context-runtime/src/ipc_manager.cc:2532 INFO 2484192 RegisterMemory IpcManager::RegisterMemory: Registering clio_2484293_47 from pid 2484293[0m
[97m/home/cvazquezperezdelacru/clio-core/context-runtime/src/ipc_manager.cc:2575 INFO 2484192 RegisterMemory IpcManager::RegisterMemory: Successfully registered clio_2484293_47[0m
[33m/home/cvazquezperezdelacru/clio-core/context-runtime/src/scheduler/default_sched.cc:430 WARNING 2484199 LoadBalance [#781 PDF] observed exec-time bins (cumulative): <10us=931705 <50us=31476 <500us=1963 <10ms=5422 <50ms=99 <500ms=20 <1s=0 >=1s=0 | stalls_detected=0[0m
[33m/home/cvazquezperezdelacru/clio-core/context-runtime/src/scheduler/default_sched.cc:439 WARNING 2484199 LoadBalance [#785] lane rescues performed: 0[0m
[97m/home/cvazquezperezdelacru/clio-core/context-runtime/modules/admin/src/admin_runtime.cc:1191 INFO 2484193 RegisterMemory Admin::RegisterMemory: Registering CPU alloc_id (2484293.48)[0m
[97m/home/cvazquezperezdelacru/clio-core/context-runtime/src/ipc_manager.cc:2532 INFO 2484193 RegisterMemory IpcManager::RegisterMemory: Registering clio_2484293_48 from pid 2484293[0m
[97m/home/cvazquezperezdelacru/clio-core/context-runtime/src/ipc_manager.cc:2575 INFO 2484193 RegisterMemory IpcManager::RegisterMemory: Successfully registered clio_2484293_48[0m
[33m/home/cvazquezperezdelacru/clio-core/context-runtime/src/scheduler/default_sched.cc:430 WARNING 2484199 LoadBalance [#781 PDF] observed exec-time bins (cumulative): <10us=995955 <50us=34647 <500us=2112 <10ms=5982 <50ms=100 <500ms=21 <1s=0 >=1s=0 | stalls_detected=0[0m
[33m/home/cvazquezperezdelacru/clio-core/context-runtime/src/scheduler/default_sched.cc:439 WARNING 2484199 LoadBalance [#785] lane rescues performed: 0[0m
[97m/home/cvazquezperezdelacru/clio-core/context-runtime/modules/admin/src/admin_runtime.cc:1191 INFO 2484192 RegisterMemory Admin::RegisterMemory: Registering CPU alloc_id (2484293.49)[0m
[97m/home/cvazquezperezdelacru/clio-core/context-runtime/src/ipc_manager.cc:2532 INFO 2484192 RegisterMemory IpcManager::RegisterMemory: Registering clio_2484293_49 from pid 2484293[0m
[97m/home/cvazquezperezdelacru/clio-core/context-runtime/src/ipc_manager.cc:2575 INFO 2484192 RegisterMemory IpcManager::RegisterMemory: Successfully registered clio_2484293_49[0m
[97m/home/cvazquezperezdelacru/clio-core/context-runtime/modules/admin/src/admin_runtime.cc:1191 INFO 2484192 RegisterMemory Admin::RegisterMemory: Registering CPU alloc_id (2484293.50)[0m
[97m/home/cvazquezperezdelacru/clio-core/context-runtime/src/ipc_manager.cc:2532 INFO 2484192 RegisterMemory IpcManager::RegisterMemory: Registering clio_2484293_50 from pid 2484293[0m
[97m/home/cvazquezperezdelacru/clio-core/context-runtime/src/ipc_manager.cc:2575 INFO 2484192 RegisterMemory IpcManager::RegisterMemory: Successfully registered clio_2484293_50[0m
[97m/home/cvazquezperezdelacru/clio-core/context-runtime/modules/admin/src/admin_runtime.cc:1191 INFO 2484192 RegisterMemory Admin::RegisterMemory: Registering CPU alloc_id (2484293.51)[0m
[97m/home/cvazquezperezdelacru/clio-core/context-runtime/src/ipc_manager.cc:2532 INFO 2484192 RegisterMemory IpcManager::RegisterMemory: Registering clio_2484293_51 from pid 2484293[0m
[97m/home/cvazquezperezdelacru/clio-core/context-runtime/src/ipc_manager.cc:2575 INFO 2484192 RegisterMemory IpcManager::RegisterMemory: Successfully registered clio_2484293_51[0m
[97m/home/cvazquezperezdelacru/clio-core/context-runtime/modules/admin/src/admin_runtime.cc:1191 INFO 2484192 RegisterMemory Admin::RegisterMemory: Registering CPU alloc_id (2484293.52)[0m
[97m/home/cvazquezperezdelacru/clio-core/context-runtime/src/ipc_manager.cc:2532 INFO 2484192 RegisterMemory IpcManager::RegisterMemory: Registering clio_2484293_52 from pid 2484293[0m
[97m/home/cvazquezperezdelacru/clio-core/context-runtime/src/ipc_manager.cc:2575 INFO 2484192 RegisterMemory IpcManager::RegisterMemory: Successfully registered clio_2484293_52[0m
[33m/home/cvazquezperezdelacru/clio-core/context-runtime/src/scheduler/default_sched.cc:430 WARNING 2484199 LoadBalance [#781 PDF] observed exec-time bins (cumulative): <10us=1061716 <50us=36873 <500us=2255 <10ms=6507 <50ms=105 <500ms=23 <1s=0 >=1s=0 | stalls_detected=0[0m
[33m/home/cvazquezperezdelacru/clio-core/context-runtime/src/scheduler/default_sched.cc:439 WARNING 2484199 LoadBalance [#785] lane rescues performed: 0[0m
[97m/home/cvazquezperezdelacru/clio-core/context-runtime/modules/admin/src/admin_runtime.cc:1191 INFO 2484192 RegisterMemory Admin::RegisterMemory: Registering CPU alloc_id (2484293.53)[0m
[97m/home/cvazquezperezdelacru/clio-core/context-runtime/src/ipc_manager.cc:2532 INFO 2484192 RegisterMemory IpcManager::RegisterMemory: Registering clio_2484293_53 from pid 2484293[0m
[97m/home/cvazquezperezdelacru/clio-core/context-runtime/src/ipc_manager.cc:2575 INFO 2484192 RegisterMemory IpcManager::RegisterMemory: Successfully registered clio_2484293_53[0m
[97m/home/cvazquezperezdelacru/clio-core/context-runtime/modules/admin/src/admin_runtime.cc:1191 INFO 2484192 RegisterMemory Admin::RegisterMemory: Registering CPU alloc_id (2484293.54)[0m
[97m/home/cvazquezperezdelacru/clio-core/context-runtime/src/ipc_manager.cc:2532 INFO 2484192 RegisterMemory IpcManager::RegisterMemory: Registering clio_2484293_54 from pid 2484293[0m
[97m/home/cvazquezperezdelacru/clio-core/context-runtime/src/ipc_manager.cc:2575 INFO 2484192 RegisterMemory IpcManager::RegisterMemory: Successfully registered clio_2484293_54[0m
[97m/home/cvazquezperezdelacru/clio-core/context-runtime/modules/admin/src/admin_runtime.cc:1191 INFO 2484193 RegisterMemory Admin::RegisterMemory: Registering CPU alloc_id (2484293.55)[0m
[97m/home/cvazquezperezdelacru/clio-core/context-runtime/src/ipc_manager.cc:2532 INFO 2484193 RegisterMemory IpcManager::RegisterMemory: Registering clio_2484293_55 from pid 2484293[0m
[97m/home/cvazquezperezdelacru/clio-core/context-runtime/src/ipc_manager.cc:2575 INFO 2484193 RegisterMemory IpcManager::RegisterMemory: Successfully registered clio_2484293_55[0m
[97m/home/cvazquezperezdelacru/clio-core/context-runtime/modules/admin/src/admin_runtime.cc:1191 INFO 2484193 RegisterMemory Admin::RegisterMemory: Registering CPU alloc_id (2484293.56)[0m
[97m/home/cvazquezperezdelacru/clio-core/context-runtime/src/ipc_manager.cc:2532 INFO 2484193 RegisterMemory IpcManager::RegisterMemory: Registering clio_2484293_56 from pid 2484293[0m
[97m/home/cvazquezperezdelacru/clio-core/context-runtime/src/ipc_manager.cc:2575 INFO 2484193 RegisterMemory IpcManager::RegisterMemory: Successfully registered clio_2484293_56[0m
[97m/home/cvazquezperezdelacru/clio-core/context-runtime/modules/admin/src/admin_runtime.cc:1191 INFO 2484193 RegisterMemory Admin::RegisterMemory: Registering CPU alloc_id (2484293.57)[0m
[97m/home/cvazquezperezdelacru/clio-core/context-runtime/src/ipc_manager.cc:2532 INFO 2484193 RegisterMemory IpcManager::RegisterMemory: Registering clio_2484293_57 from pid 2484293[0m
[97m/home/cvazquezperezdelacru/clio-core/context-runtime/src/ipc_manager.cc:2575 INFO 2484193 RegisterMemory IpcManager::RegisterMemory: Successfully registered clio_2484293_57[0m
[97m/home/cvazquezperezdelacru/clio-core/context-runtime/modules/admin/src/admin_runtime.cc:1191 INFO 2484193 RegisterMemory Admin::RegisterMemory: Registering CPU alloc_id (2484293.58)[0m
[97m/home/cvazquezperezdelacru/clio-core/context-runtime/src/ipc_manager.cc:2532 INFO 2484193 RegisterMemory IpcManager::RegisterMemory: Registering clio_2484293_58 from pid 2484293[0m
[97m/home/cvazquezperezdelacru/clio-core/context-runtime/src/ipc_manager.cc:2575 INFO 2484193 RegisterMemory IpcManager::RegisterMemory: Successfully registered clio_2484293_58[0m
[33m/home/cvazquezperezdelacru/clio-core/context-runtime/src/scheduler/default_sched.cc:430 WARNING 2484199 LoadBalance [#781 PDF] observed exec-time bins (cumulative): <10us=1127597 <50us=39138 <500us=2424 <10ms=7015 <50ms=113 <500ms=24 <1s=0 >=1s=0 | stalls_detected=0[0m
[33m/home/cvazquezperezdelacru/clio-core/context-runtime/src/scheduler/default_sched.cc:439 WARNING 2484199 LoadBalance [#785] lane rescues performed: 0[0m
[97m/home/cvazquezperezdelacru/clio-core/context-runtime/modules/admin/src/admin_runtime.cc:1191 INFO 2484193 RegisterMemory Admin::RegisterMemory: Registering CPU alloc_id (2484293.59)[0m
[97m/home/cvazquezperezdelacru/clio-core/context-runtime/src/ipc_manager.cc:2532 INFO 2484193 RegisterMemory IpcManager::RegisterMemory: Registering clio_2484293_59 from pid 2484293[0m
[97m/home/cvazquezperezdelacru/clio-core/context-runtime/src/ipc_manager.cc:2575 INFO 2484193 RegisterMemory IpcManager::RegisterMemory: Successfully registered clio_2484293_59[0m
[97m/home/cvazquezperezdelacru/clio-core/context-runtime/modules/admin/src/admin_runtime.cc:1191 INFO 2484193 RegisterMemory Admin::RegisterMemory: Registering CPU alloc_id (2484293.60)[0m
[97m/home/cvazquezperezdelacru/clio-core/context-runtime/src/ipc_manager.cc:2532 INFO 2484193 RegisterMemory IpcManager::RegisterMemory: Registering clio_2484293_60 from pid 2484293[0m
[97m/home/cvazquezperezdelacru/clio-core/context-runtime/src/ipc_manager.cc:2575 INFO 2484193 RegisterMemory IpcManager::RegisterMemory: Successfully registered clio_2484293_60[0m
[97m/home/cvazquezperezdelacru/clio-core/context-runtime/modules/admin/src/admin_runtime.cc:1191 INFO 2484193 RegisterMemory Admin::RegisterMemory: Registering CPU alloc_id (2484293.61)[0m
[97m/home/cvazquezperezdelacru/clio-core/context-runtime/src/ipc_manager.cc:2532 INFO 2484193 RegisterMemory IpcManager::RegisterMemory: Registering clio_2484293_61 from pid 2484293[0m
[97m/home/cvazquezperezdelacru/clio-core/context-runtime/src/ipc_manager.cc:2575 INFO 2484193 RegisterMemory IpcManager::RegisterMemory: Successfully registered clio_2484293_61[0m
[33m/home/cvazquezperezdelacru/clio-core/context-runtime/src/scheduler/default_sched.cc:430 WARNING 2484199 LoadBalance [#781 PDF] observed exec-time bins (cumulative): <10us=1192128 <50us=41956 <500us=2601 <10ms=7519 <50ms=128 <500ms=26 <1s=0 >=1s=0 | stalls_detected=0[0m
[33m/home/cvazquezperezdelacru/clio-core/context-runtime/src/scheduler/default_sched.cc:439 WARNING 2484199 LoadBalance [#785] lane rescues performed: 0[0m
[97m/home/cvazquezperezdelacru/clio-core/context-runtime/modules/admin/src/admin_runtime.cc:1191 INFO 2484193 RegisterMemory Admin::RegisterMemory: Registering CPU alloc_id (2484293.62)[0m
[97m/home/cvazquezperezdelacru/clio-core/context-runtime/src/ipc_manager.cc:2532 INFO 2484193 RegisterMemory IpcManager::RegisterMemory: Registering clio_2484293_62 from pid 2484293[0m
[97m/home/cvazquezperezdelacru/clio-core/context-runtime/src/ipc_manager.cc:2575 INFO 2484193 RegisterMemory IpcManager::RegisterMemory: Successfully registered clio_2484293_62[0m
[97m/home/cvazquezperezdelacru/clio-core/context-runtime/modules/admin/src/admin_runtime.cc:1191 INFO 2484193 RegisterMemory Admin::RegisterMemory: Registering CPU alloc_id (2484293.63)[0m
[97m/home/cvazquezperezdelacru/clio-core/context-runtime/src/ipc_manager.cc:2532 INFO 2484193 RegisterMemory IpcManager::RegisterMemory: Registering clio_2484293_63 from pid 2484293[0m
[97m/home/cvazquezperezdelacru/clio-core/context-runtime/src/ipc_manager.cc:2575 INFO 2484193 RegisterMemory IpcManager::RegisterMemory: Successfully registered clio_2484293_63[0m
[97m/home/cvazquezperezdelacru/clio-core/context-runtime/modules/admin/src/admin_runtime.cc:1191 INFO 2484192 RegisterMemory Admin::RegisterMemory: Registering CPU alloc_id (2484293.64)[0m
[97m/home/cvazquezperezdelacru/clio-core/context-runtime/src/ipc_manager.cc:2532 INFO 2484192 RegisterMemory IpcManager::RegisterMemory: Registering clio_2484293_64 from pid 2484293[0m
[97m/home/cvazquezperezdelacru/clio-core/context-runtime/src/ipc_manager.cc:2575 INFO 2484192 RegisterMemory IpcManager::RegisterMemory: Successfully registered clio_2484293_64[0m
[97m/home/cvazquezperezdelacru/clio-core/context-runtime/modules/admin/src/admin_runtime.cc:1191 INFO 2484192 RegisterMemory Admin::RegisterMemory: Registering CPU alloc_id (2484293.65)[0m
[97m/home/cvazquezperezdelacru/clio-core/context-runtime/src/ipc_manager.cc:2532 INFO 2484192 RegisterMemory IpcManager::RegisterMemory: Registering clio_2484293_65 from pid 2484293[0m
[97m/home/cvazquezperezdelacru/clio-core/context-runtime/src/ipc_manager.cc:2575 INFO 2484192 RegisterMemory IpcManager::RegisterMemory: Successfully registered clio_2484293_65[0m
[97m/home/cvazquezperezdelacru/clio-core/context-runtime/modules/admin/src/admin_runtime.cc:1191 INFO 2484192 RegisterMemory Admin::RegisterMemory: Registering CPU alloc_id (2484293.66)[0m
[97m/home/cvazquezperezdelacru/clio-core/context-runtime/src/ipc_manager.cc:2532 INFO 2484192 RegisterMemory IpcManager::RegisterMemory: Registering clio_2484293_66 from pid 2484293[0m
[97m/home/cvazquezperezdelacru/clio-core/context-runtime/src/ipc_manager.cc:2575 INFO 2484192 RegisterMemory IpcManager::RegisterMemory: Successfully registered clio_2484293_66[0m
[33m/home/cvazquezperezdelacru/clio-core/context-runtime/src/scheduler/default_sched.cc:430 WARNING 2484199 LoadBalance [#781 PDF] observed exec-time bins (cumulative): <10us=1258584 <50us=43930 <500us=2806 <10ms=8034 <50ms=135 <500ms=28 <1s=0 >=1s=0 | stalls_detected=0[0m
[33m/home/cvazquezperezdelacru/clio-core/context-runtime/src/scheduler/default_sched.cc:439 WARNING 2484199 LoadBalance [#785] lane rescues performed: 0[0m
[97m/home/cvazquezperezdelacru/clio-core/context-runtime/modules/admin/src/admin_runtime.cc:1191 INFO 2484192 RegisterMemory Admin::RegisterMemory: Registering CPU alloc_id (2484293.67)[0m
[97m/home/cvazquezperezdelacru/clio-core/context-runtime/src/ipc_manager.cc:2532 INFO 2484192 RegisterMemory IpcManager::RegisterMemory: Registering clio_2484293_67 from pid 2484293[0m
[97m/home/cvazquezperezdelacru/clio-core/context-runtime/src/ipc_manager.cc:2575 INFO 2484192 RegisterMemory IpcManager::RegisterMemory: Successfully registered clio_2484293_67[0m
[97m/home/cvazquezperezdelacru/clio-core/context-runtime/modules/admin/src/admin_runtime.cc:1191 INFO 2484193 RegisterMemory Admin::RegisterMemory: Registering CPU alloc_id (2484293.68)[0m
[97m/home/cvazquezperezdelacru/clio-core/context-runtime/src/ipc_manager.cc:2532 INFO 2484193 RegisterMemory IpcManager::RegisterMemory: Registering clio_2484293_68 from pid 2484293[0m
[97m/home/cvazquezperezdelacru/clio-core/context-runtime/src/ipc_manager.cc:2575 INFO 2484193 RegisterMemory IpcManager::RegisterMemory: Successfully registered clio_2484293_68[0m
[97m/home/cvazquezperezdelacru/clio-core/context-runtime/modules/admin/src/admin_runtime.cc:1191 INFO 2484192 RegisterMemory Admin::RegisterMemory: Registering CPU alloc_id (2484293.69)[0m
[97m/home/cvazquezperezdelacru/clio-core/context-runtime/src/ipc_manager.cc:2532 INFO 2484192 RegisterMemory IpcManager::RegisterMemory: Registering clio_2484293_69 from pid 2484293[0m
[97m/home/cvazquezperezdelacru/clio-core/context-runtime/src/ipc_manager.cc:2575 INFO 2484192 RegisterMemory IpcManager::RegisterMemory: Successfully registered clio_2484293_69[0m
[33m/home/cvazquezperezdelacru/clio-core/context-runtime/src/scheduler/default_sched.cc:430 WARNING 2484199 LoadBalance [#781 PDF] observed exec-time bins (cumulative): <10us=1327251 <50us=46229 <500us=2994 <10ms=8517 <50ms=143 <500ms=29 <1s=0 >=1s=0 | stalls_detected=0[0m
[33m/home/cvazquezperezdelacru/clio-core/context-runtime/src/scheduler/default_sched.cc:439 WARNING 2484199 LoadBalance [#785] lane rescues performed: 0[0m
[97m/home/cvazquezperezdelacru/clio-core/context-runtime/modules/admin/src/admin_runtime.cc:1191 INFO 2484192 RegisterMemory Admin::RegisterMemory: Registering CPU alloc_id (2484293.70)[0m
[97m/home/cvazquezperezdelacru/clio-core/context-runtime/src/ipc_manager.cc:2532 INFO 2484192 RegisterMemory IpcManager::RegisterMemory: Registering clio_2484293_70 from pid 2484293[0m
[97m/home/cvazquezperezdelacru/clio-core/context-runtime/src/ipc_manager.cc:2575 INFO 2484192 RegisterMemory IpcManager::RegisterMemory: Successfully registered clio_2484293_70[0m
[97m/home/cvazquezperezdelacru/clio-core/context-runtime/modules/admin/src/admin_runtime.cc:1191 INFO 2484192 RegisterMemory Admin::RegisterMemory: Registering CPU alloc_id (2484293.71)[0m
[97m/home/cvazquezperezdelacru/clio-core/context-runtime/src/ipc_manager.cc:2532 INFO 2484192 RegisterMemory IpcManager::RegisterMemory: Registering clio_2484293_71 from pid 2484293[0m
[97m/home/cvazquezperezdelacru/clio-core/context-runtime/src/ipc_manager.cc:2575 INFO 2484192 RegisterMemory IpcManager::RegisterMemory: Successfully registered clio_2484293_71[0m
[97m/home/cvazquezperezdelacru/clio-core/context-runtime/modules/admin/src/admin_runtime.cc:1191 INFO 2484192 RegisterMemory Admin::RegisterMemory: Registering CPU alloc_id (2484293.72)[0m
[97m/home/cvazquezperezdelacru/clio-core/context-runtime/src/ipc_manager.cc:2532 INFO 2484192 RegisterMemory IpcManager::RegisterMemory: Registering clio_2484293_72 from pid 2484293[0m
[97m/home/cvazquezperezdelacru/clio-core/context-runtime/src/ipc_manager.cc:2575 INFO 2484192 RegisterMemory IpcManager::RegisterMemory: Successfully registered clio_2484293_72[0m
[33m/home/cvazquezperezdelacru/clio-core/context-runtime/src/scheduler/default_sched.cc:430 WARNING 2484199 LoadBalance [#781 PDF] observed exec-time bins (cumulative): <10us=1390643 <50us=50522 <500us=3129 <10ms=8987 <50ms=149 <500ms=30 <1s=0 >=1s=0 | stalls_detected=0[0m
[33m/home/cvazquezperezdelacru/clio-core/context-runtime/src/scheduler/default_sched.cc:439 WARNING 2484199 LoadBalance [#785] lane rescues performed: 0[0m
[97m/home/cvazquezperezdelacru/clio-core/context-runtime/modules/admin/src/admin_runtime.cc:1191 INFO 2484192 RegisterMemory Admin::RegisterMemory: Registering CPU alloc_id (2484293.73)[0m
[97m/home/cvazquezperezdelacru/clio-core/context-runtime/src/ipc_manager.cc:2532 INFO 2484192 RegisterMemory IpcManager::RegisterMemory: Registering clio_2484293_73 from pid 2484293[0m
[97m/home/cvazquezperezdelacru/clio-core/context-runtime/src/ipc_manager.cc:2575 INFO 2484192 RegisterMemory IpcManager::RegisterMemory: Successfully registered clio_2484293_73[0m
[97m/home/cvazquezperezdelacru/clio-core/context-runtime/modules/admin/src/admin_runtime.cc:1191 INFO 2484193 RegisterMemory Admin::RegisterMemory: Registering CPU alloc_id (2484293.74)[0m
[97m/home/cvazquezperezdelacru/clio-core/context-runtime/src/ipc_manager.cc:2532 INFO 2484193 RegisterMemory IpcManager::RegisterMemory: Registering clio_2484293_74 from pid 2484293[0m
[97m/home/cvazquezperezdelacru/clio-core/context-runtime/src/ipc_manager.cc:2575 INFO 2484193 RegisterMemory IpcManager::RegisterMemory: Successfully registered clio_2484293_74[0m
[97m/home/cvazquezperezdelacru/clio-core/context-runtime/modules/admin/src/admin_runtime.cc:1191 INFO 2484192 RegisterMemory Admin::RegisterMemory: Registering CPU alloc_id (2484293.75)[0m
[97m/home/cvazquezperezdelacru/clio-core/context-runtime/src/ipc_manager.cc:2532 INFO 2484192 RegisterMemory IpcManager::RegisterMemory: Registering clio_2484293_75 from pid 2484293[0m
[97m/home/cvazquezperezdelacru/clio-core/context-runtime/src/ipc_manager.cc:2575 INFO 2484192 RegisterMemory IpcManager::RegisterMemory: Successfully registered clio_2484293_75[0m
[33m/home/cvazquezperezdelacru/clio-core/context-runtime/src/scheduler/default_sched.cc:430 WARNING 2484199 LoadBalance [#781 PDF] observed exec-time bins (cumulative): <10us=1456014 <50us=53040 <500us=3273 <10ms=9497 <50ms=155 <500ms=32 <1s=0 >=1s=0 | stalls_detected=0[0m
[33m/home/cvazquezperezdelacru/clio-core/context-runtime/src/scheduler/default_sched.cc:439 WARNING 2484199 LoadBalance [#785] lane rescues performed: 0[0m
[97m/home/cvazquezperezdelacru/clio-core/context-runtime/modules/admin/src/admin_runtime.cc:1191 INFO 2484192 RegisterMemory Admin::RegisterMemory: Registering CPU alloc_id (2484293.76)[0m
[97m/home/cvazquezperezdelacru/clio-core/context-runtime/src/ipc_manager.cc:2532 INFO 2484192 RegisterMemory IpcManager::RegisterMemory: Registering clio_2484293_76 from pid 2484293[0m
[97m/home/cvazquezperezdelacru/clio-core/context-runtime/src/ipc_manager.cc:2575 INFO 2484192 RegisterMemory IpcManager::RegisterMemory: Successfully registered clio_2484293_76[0m
[97m/home/cvazquezperezdelacru/clio-core/context-runtime/modules/admin/src/admin_runtime.cc:1191 INFO 2484193 RegisterMemory Admin::RegisterMemory: Registering CPU alloc_id (2484293.77)[0m
[97m/home/cvazquezperezdelacru/clio-core/context-runtime/src/ipc_manager.cc:2532 INFO 2484193 RegisterMemory IpcManager::RegisterMemory: Registering clio_2484293_77 from pid 2484293[0m
[97m/home/cvazquezperezdelacru/clio-core/context-runtime/src/ipc_manager.cc:2575 INFO 2484193 RegisterMemory IpcManager::RegisterMemory: Successfully registered clio_2484293_77[0m
[97m/home/cvazquezperezdelacru/clio-core/context-runtime/modules/admin/src/admin_runtime.cc:1191 INFO 2484193 RegisterMemory Admin::RegisterMemory: Registering CPU alloc_id (2484293.78)[0m
[97m/home/cvazquezperezdelacru/clio-core/context-runtime/src/ipc_manager.cc:2532 INFO 2484193 RegisterMemory IpcManager::RegisterMemory: Registering clio_2484293_78 from pid 2484293[0m
[97m/home/cvazquezperezdelacru/clio-core/context-runtime/src/ipc_manager.cc:2575 INFO 2484193 RegisterMemory IpcManager::RegisterMemory: Successfully registered clio_2484293_78[0m
[33m/home/cvazquezperezdelacru/clio-core/context-runtime/src/scheduler/default_sched.cc:430 WARNING 2484199 LoadBalance [#781 PDF] observed exec-time bins (cumulative): <10us=1521356 <50us=55307 <500us=3422 <10ms=9993 <50ms=164 <500ms=34 <1s=0 >=1s=0 | stalls_detected=0[0m
[33m/home/cvazquezperezdelacru/clio-core/context-runtime/src/scheduler/default_sched.cc:439 WARNING 2484199 LoadBalance [#785] lane rescues performed: 0[0m
[97m/home/cvazquezperezdelacru/clio-core/context-runtime/modules/admin/src/admin_runtime.cc:1191 INFO 2484193 RegisterMemory Admin::RegisterMemory: Registering CPU alloc_id (2484293.79)[0m
[97m/home/cvazquezperezdelacru/clio-core/context-runtime/src/ipc_manager.cc:2532 INFO 2484193 RegisterMemory IpcManager::RegisterMemory: Registering clio_2484293_79 from pid 2484293[0m
[97m/home/cvazquezperezdelacru/clio-core/context-runtime/src/ipc_manager.cc:2575 INFO 2484193 RegisterMemory IpcManager::RegisterMemory: Successfully registered clio_2484293_79[0m
[31m/home/cvazquezperezdelacru/clio-core/context-runtime/src/scheduler/default_sched.cc:726 ERROR 2484199 LoadBalance [HANGWATCH-HB] processed=30759 outstanding=2 (queued=2 blocked=0 retry=0 periodic=6) live=2 live_stalled=0[0m
[97m/home/cvazquezperezdelacru/clio-core/context-runtime/modules/admin/src/admin_runtime.cc:1191 INFO 2484193 RegisterMemory Admin::RegisterMemory: Registering CPU alloc_id (2484293.80)[0m
[97m/home/cvazquezperezdelacru/clio-core/context-runtime/src/ipc_manager.cc:2532 INFO 2484193 RegisterMemory IpcManager::RegisterMemory: Registering clio_2484293_80 from pid 2484293[0m
[97m/home/cvazquezperezdelacru/clio-core/context-runtime/src/ipc_manager.cc:2575 INFO 2484193 RegisterMemory IpcManager::RegisterMemory: Successfully registered clio_2484293_80[0m
[97m/home/cvazquezperezdelacru/clio-core/context-runtime/modules/admin/src/admin_runtime.cc:1191 INFO 2484192 RegisterMemory Admin::RegisterMemory: Registering CPU alloc_id (2484293.81)[0m
[97m/home/cvazquezperezdelacru/clio-core/context-runtime/src/ipc_manager.cc:2532 INFO 2484192 RegisterMemory IpcManager::RegisterMemory: Registering clio_2484293_81 from pid 2484293[0m
[97m/home/cvazquezperezdelacru/clio-core/context-runtime/src/ipc_manager.cc:2575 INFO 2484192 RegisterMemory IpcManager::RegisterMemory: Successfully registered clio_2484293_81[0m
[97m/home/cvazquezperezdelacru/clio-core/context-runtime/modules/admin/src/admin_runtime.cc:1191 INFO 2484193 RegisterMemory Admin::RegisterMemory: Registering CPU alloc_id (2484293.82)[0m
[97m/home/cvazquezperezdelacru/clio-core/context-runtime/src/ipc_manager.cc:2532 INFO 2484193 RegisterMemory IpcManager::RegisterMemory: Registering clio_2484293_82 from pid 2484293[0m
[97m/home/cvazquezperezdelacru/clio-core/context-runtime/src/ipc_manager.cc:2575 INFO 2484193 RegisterMemory IpcManager::RegisterMemory: Successfully registered clio_2484293_82[0m
[33m/home/cvazquezperezdelacru/clio-core/context-runtime/src/scheduler/default_sched.cc:430 WARNING 2484199 LoadBalance [#781 PDF] observed exec-time bins (cumulative): <10us=1590366 <50us=57480 <500us=3615 <10ms=10484 <50ms=178 <500ms=36 <1s=0 >=1s=0 | stalls_detected=0[0m
[33m/home/cvazquezperezdelacru/clio-core/context-runtime/src/scheduler/default_sched.cc:439 WARNING 2484199 LoadBalance [#785] lane rescues performed: 0[0m
[97m/home/cvazquezperezdelacru/clio-core/context-runtime/modules/admin/src/admin_runtime.cc:1191 INFO 2484193 RegisterMemory Admin::RegisterMemory: Registering CPU alloc_id (2484293.83)[0m
[97m/home/cvazquezperezdelacru/clio-core/context-runtime/src/ipc_manager.cc:2532 INFO 2484193 RegisterMemory IpcManager::RegisterMemory: Registering clio_2484293_83 from pid 2484293[0m
[97m/home/cvazquezperezdelacru/clio-core/context-runtime/src/ipc_manager.cc:2575 INFO 2484193 RegisterMemory IpcManager::RegisterMemory: Successfully registered clio_2484293_83[0m
[33m/home/cvazquezperezdelacru/clio-core/context-runtime/src/scheduler/default_sched.cc:430 WARNING 2484199 LoadBalance [#781 PDF] observed exec-time bins (cumulative): <10us=1654349 <50us=60109 <500us=3842 <10ms=10927 <50ms=187 <500ms=37 <1s=0 >=1s=0 | stalls_detected=0[0m
[33m/home/cvazquezperezdelacru/clio-core/context-runtime/src/scheduler/default_sched.cc:439 WARNING 2484199 LoadBalance [#785] lane rescues performed: 0[0m
[97m/home/cvazquezperezdelacru/clio-core/context-runtime/modules/admin/src/admin_runtime.cc:1191 INFO 2484193 RegisterMemory Admin::RegisterMemory: Registering CPU alloc_id (2484293.84)[0m
[97m/home/cvazquezperezdelacru/clio-core/context-runtime/src/ipc_manager.cc:2532 INFO 2484193 RegisterMemory IpcManager::RegisterMemory: Registering clio_2484293_84 from pid 2484293[0m
[97m/home/cvazquezperezdelacru/clio-core/context-runtime/src/ipc_manager.cc:2575 INFO 2484193 RegisterMemory IpcManager::RegisterMemory: Successfully registered clio_2484293_84[0m
[97m/home/cvazquezperezdelacru/clio-core/context-runtime/modules/admin/src/admin_runtime.cc:1191 INFO 2484192 RegisterMemory Admin::RegisterMemory: Registering CPU alloc_id (2484293.85)[0m
[97m/home/cvazquezperezdelacru/clio-core/context-runtime/src/ipc_manager.cc:2532 INFO 2484192 RegisterMemory IpcManager::RegisterMemory: Registering clio_2484293_85 from pid 2484293[0m
[97m/home/cvazquezperezdelacru/clio-core/context-runtime/src/ipc_manager.cc:2575 INFO 2484192 RegisterMemory IpcManager::RegisterMemory: Successfully registered clio_2484293_85[0m
[97m/home/cvazquezperezdelacru/clio-core/context-runtime/modules/admin/src/admin_runtime.cc:1191 INFO 2484193 RegisterMemory Admin::RegisterMemory: Registering CPU alloc_id (2484293.86)[0m
[97m/home/cvazquezperezdelacru/clio-core/context-runtime/src/ipc_manager.cc:2532 INFO 2484193 RegisterMemory IpcManager::RegisterMemory: Registering clio_2484293_86 from pid 2484293[0m
[97m/home/cvazquezperezdelacru/clio-core/context-runtime/src/ipc_manager.cc:2575 INFO 2484193 RegisterMemory IpcManager::RegisterMemory: Successfully registered clio_2484293_86[0m
[97m/home/cvazquezperezdelacru/clio-core/context-runtime/modules/admin/src/admin_runtime.cc:1191 INFO 2484192 RegisterMemory Admin::RegisterMemory: Registering CPU alloc_id (2484293.87)[0m
[97m/home/cvazquezperezdelacru/clio-core/context-runtime/src/ipc_manager.cc:2532 INFO 2484192 RegisterMemory IpcManager::RegisterMemory: Registering clio_2484293_87 from pid 2484293[0m
[97m/home/cvazquezperezdelacru/clio-core/context-runtime/src/ipc_manager.cc:2575 INFO 2484192 RegisterMemory IpcManager::RegisterMemory: Successfully registered clio_2484293_87[0m
[33m/home/cvazquezperezdelacru/clio-core/context-runtime/src/scheduler/default_sched.cc:430 WARNING 2484199 LoadBalance [#781 PDF] observed exec-time bins (cumulative): <10us=1720367 <50us=62089 <500us=3998 <10ms=11429 <50ms=195 <500ms=39 <1s=0 >=1s=0 | stalls_detected=0[0m
[33m/home/cvazquezperezdelacru/clio-core/context-runtime/src/scheduler/default_sched.cc:439 WARNING 2484199 LoadBalance [#785] lane rescues performed: 0[0m
[97m/home/cvazquezperezdelacru/clio-core/context-runtime/modules/admin/src/admin_runtime.cc:1191 INFO 2484193 RegisterMemory Admin::RegisterMemory: Registering CPU alloc_id (2484293.88)[0m
[97m/home/cvazquezperezdelacru/clio-core/context-runtime/src/ipc_manager.cc:2532 INFO 2484193 RegisterMemory IpcManager::RegisterMemory: Registering clio_2484293_88 from pid 2484293[0m
[97m/home/cvazquezperezdelacru/clio-core/context-runtime/src/ipc_manager.cc:2575 INFO 2484193 RegisterMemory IpcManager::RegisterMemory: Successfully registered clio_2484293_88[0m
[97m/home/cvazquezperezdelacru/clio-core/context-runtime/modules/admin/src/admin_runtime.cc:1191 INFO 2484193 RegisterMemory Admin::RegisterMemory: Registering CPU alloc_id (2484293.89)[0m
[97m/home/cvazquezperezdelacru/clio-core/context-runtime/src/ipc_manager.cc:2532 INFO 2484193 RegisterMemory IpcManager::RegisterMemory: Registering clio_2484293_89 from pid 2484293[0m
[97m/home/cvazquezperezdelacru/clio-core/context-runtime/src/ipc_manager.cc:2575 INFO 2484193 RegisterMemory IpcManager::RegisterMemory: Successfully registered clio_2484293_89[0m
[97m/home/cvazquezperezdelacru/clio-core/context-runtime/modules/admin/src/admin_runtime.cc:1191 INFO 2484192 RegisterMemory Admin::RegisterMemory: Registering CPU alloc_id (2484293.90)[0m
[97m/home/cvazquezperezdelacru/clio-core/context-runtime/src/ipc_manager.cc:2532 INFO 2484192 RegisterMemory IpcManager::RegisterMemory: Registering clio_2484293_90 from pid 2484293[0m
[97m/home/cvazquezperezdelacru/clio-core/context-runtime/src/ipc_manager.cc:2575 INFO 2484192 RegisterMemory IpcManager::RegisterMemory: Successfully registered clio_2484293_90[0m
[33m/home/cvazquezperezdelacru/clio-core/context-runtime/src/scheduler/default_sched.cc:430 WARNING 2484199 LoadBalance [#781 PDF] observed exec-time bins (cumulative): <10us=1786283 <50us=63784 <500us=4162 <10ms=11941 <50ms=201 <500ms=40 <1s=0 >=1s=0 | stalls_detected=0[0m
[33m/home/cvazquezperezdelacru/clio-core/context-runtime/src/scheduler/default_sched.cc:439 WARNING 2484199 LoadBalance [#785] lane rescues performed: 0[0m
[97m/home/cvazquezperezdelacru/clio-core/context-runtime/modules/admin/src/admin_runtime.cc:1191 INFO 2484192 RegisterMemory Admin::RegisterMemory: Registering CPU alloc_id (2484293.91)[0m
[97m/home/cvazquezperezdelacru/clio-core/context-runtime/src/ipc_manager.cc:2532 INFO 2484192 RegisterMemory IpcManager::RegisterMemory: Registering clio_2484293_91 from pid 2484293[0m
[97m/home/cvazquezperezdelacru/clio-core/context-runtime/src/ipc_manager.cc:2575 INFO 2484192 RegisterMemory IpcManager::RegisterMemory: Successfully registered clio_2484293_91[0m
[97m/home/cvazquezperezdelacru/clio-core/context-runtime/modules/admin/src/admin_runtime.cc:1191 INFO 2484193 RegisterMemory Admin::RegisterMemory: Registering CPU alloc_id (2484293.92)[0m
[97m/home/cvazquezperezdelacru/clio-core/context-runtime/src/ipc_manager.cc:2532 INFO 2484193 RegisterMemory IpcManager::RegisterMemory: Registering clio_2484293_92 from pid 2484293[0m
[97m/home/cvazquezperezdelacru/clio-core/context-runtime/src/ipc_manager.cc:2575 INFO 2484193 RegisterMemory IpcManager::RegisterMemory: Successfully registered clio_2484293_92[0m
[97m/home/cvazquezperezdelacru/clio-core/context-runtime/modules/admin/src/admin_runtime.cc:1191 INFO 2484193 RegisterMemory Admin::RegisterMemory: Registering CPU alloc_id (2484293.93)[0m
[97m/home/cvazquezperezdelacru/clio-core/context-runtime/src/ipc_manager.cc:2532 INFO 2484193 RegisterMemory IpcManager::RegisterMemory: Registering clio_2484293_93 from pid 2484293[0m
[97m/home/cvazquezperezdelacru/clio-core/context-runtime/src/ipc_manager.cc:2575 INFO 2484193 RegisterMemory IpcManager::RegisterMemory: Successfully registered clio_2484293_93[0m
[33m/home/cvazquezperezdelacru/clio-core/context-runtime/src/scheduler/default_sched.cc:430 WARNING 2484199 LoadBalance [#781 PDF] observed exec-time bins (cumulative): <10us=1856881 <50us=65136 <500us=4369 <10ms=12479 <50ms=212 <500ms=42 <1s=0 >=1s=0 | stalls_detected=0[0m
[33m/home/cvazquezperezdelacru/clio-core/context-runtime/src/scheduler/default_sched.cc:439 WARNING 2484199 LoadBalance [#785] lane rescues performed: 0[0m
[97m/home/cvazquezperezdelacru/clio-core/context-runtime/modules/admin/src/admin_runtime.cc:1191 INFO 2484193 RegisterMemory Admin::RegisterMemory: Registering CPU alloc_id (2484293.94)[0m
[97m/home/cvazquezperezdelacru/clio-core/context-runtime/src/ipc_manager.cc:2532 INFO 2484193 RegisterMemory IpcManager::RegisterMemory: Registering clio_2484293_94 from pid 2484293[0m
[97m/home/cvazquezperezdelacru/clio-core/context-runtime/src/ipc_manager.cc:2575 INFO 2484193 RegisterMemory IpcManager::RegisterMemory: Successfully registered clio_2484293_94[0m
[97m/home/cvazquezperezdelacru/clio-core/context-runtime/modules/admin/src/admin_runtime.cc:1191 INFO 2484193 RegisterMemory Admin::RegisterMemory: Registering CPU alloc_id (2484293.95)[0m
[97m/home/cvazquezperezdelacru/clio-core/context-runtime/src/ipc_manager.cc:2532 INFO 2484193 RegisterMemory IpcManager::RegisterMemory: Registering clio_2484293_95 from pid 2484293[0m
[97m/home/cvazquezperezdelacru/clio-core/context-runtime/src/ipc_manager.cc:2575 INFO 2484193 RegisterMemory IpcManager::RegisterMemory: Successfully registered clio_2484293_95[0m
[97m/home/cvazquezperezdelacru/clio-core/context-runtime/modules/admin/src/admin_runtime.cc:1191 INFO 2484192 RegisterMemory Admin::RegisterMemory: Registering CPU alloc_id (2484293.96)[0m
[97m/home/cvazquezperezdelacru/clio-core/context-runtime/src/ipc_manager.cc:2532 INFO 2484192 RegisterMemory IpcManager::RegisterMemory: Registering clio_2484293_96 from pid 2484293[0m
[97m/home/cvazquezperezdelacru/clio-core/context-runtime/src/ipc_manager.cc:2575 INFO 2484192 RegisterMemory IpcManager::RegisterMemory: Successfully registered clio_2484293_96[0m
[33m/home/cvazquezperezdelacru/clio-core/context-runtime/src/scheduler/default_sched.cc:430 WARNING 2484199 LoadBalance [#781 PDF] observed exec-time bins (cumulative): <10us=1923973 <50us=66018 <500us=4516 <10ms=12991 <50ms=217 <500ms=43 <1s=0 >=1s=0 | stalls_detected=0[0m
[33m/home/cvazquezperezdelacru/clio-core/context-runtime/src/scheduler/default_sched.cc:439 WARNING 2484199 LoadBalance [#785] lane rescues performed: 0[0m
[97m/home/cvazquezperezdelacru/clio-core/context-runtime/modules/admin/src/admin_runtime.cc:1191 INFO 2484192 RegisterMemory Admin::RegisterMemory: Registering CPU alloc_id (2484293.97)[0m
[97m/home/cvazquezperezdelacru/clio-core/context-runtime/src/ipc_manager.cc:2532 INFO 2484192 RegisterMemory IpcManager::RegisterMemory: Registering clio_2484293_97 from pid 2484293[0m
[97m/home/cvazquezperezdelacru/clio-core/context-runtime/src/ipc_manager.cc:2575 INFO 2484192 RegisterMemory IpcManager::RegisterMemory: Successfully registered clio_2484293_97[0m
[97m/home/cvazquezperezdelacru/clio-core/context-runtime/modules/admin/src/admin_runtime.cc:1191 INFO 2484192 RegisterMemory Admin::RegisterMemory: Registering CPU alloc_id (2484293.98)[0m
[97m/home/cvazquezperezdelacru/clio-core/context-runtime/src/ipc_manager.cc:2532 INFO 2484192 RegisterMemory IpcManager::RegisterMemory: Registering clio_2484293_98 from pid 2484293[0m
[97m/home/cvazquezperezdelacru/clio-core/context-runtime/src/ipc_manager.cc:2575 INFO 2484192 RegisterMemory IpcManager::RegisterMemory: Successfully registered clio_2484293_98[0m
[97m/home/cvazquezperezdelacru/clio-core/context-runtime/modules/admin/src/admin_runtime.cc:1191 INFO 2484192 RegisterMemory Admin::RegisterMemory: Registering CPU alloc_id (2484293.99)[0m
[97m/home/cvazquezperezdelacru/clio-core/context-runtime/src/ipc_manager.cc:2532 INFO 2484192 RegisterMemory IpcManager::RegisterMemory: Registering clio_2484293_99 from pid 2484293[0m
[97m/home/cvazquezperezdelacru/clio-core/context-runtime/src/ipc_manager.cc:2575 INFO 2484192 RegisterMemory IpcManager::RegisterMemory: Successfully registered clio_2484293_99[0m
[97m/home/cvazquezperezdelacru/clio-core/context-runtime/modules/admin/src/admin_runtime.cc:1191 INFO 2484192 RegisterMemory Admin::RegisterMemory: Registering CPU alloc_id (2484293.100)[0m
[97m/home/cvazquezperezdelacru/clio-core/context-runtime/src/ipc_manager.cc:2532 INFO 2484192 RegisterMemory IpcManager::RegisterMemory: Registering clio_2484293_100 from pid 2484293[0m
[97m/home/cvazquezperezdelacru/clio-core/context-runtime/src/ipc_manager.cc:2575 INFO 2484192 RegisterMemory IpcManager::RegisterMemory: Successfully registered clio_2484293_100[0m
[33m/home/cvazquezperezdelacru/clio-core/context-runtime/src/scheduler/default_sched.cc:430 WARNING 2484199 LoadBalance [#781 PDF] observed exec-time bins (cumulative): <10us=1989774 <50us=67502 <500us=4722 <10ms=13491 <50ms=225 <500ms=45 <1s=0 >=1s=0 | stalls_detected=0[0m
[33m/home/cvazquezperezdelacru/clio-core/context-runtime/src/scheduler/default_sched.cc:439 WARNING 2484199 LoadBalance [#785] lane rescues performed: 0[0m
[97m/home/cvazquezperezdelacru/clio-core/context-runtime/modules/admin/src/admin_runtime.cc:1191 INFO 2484193 RegisterMemory Admin::RegisterMemory: Registering CPU alloc_id (2484293.101)[0m
[97m/home/cvazquezperezdelacru/clio-core/context-runtime/src/ipc_manager.cc:2532 INFO 2484193 RegisterMemory IpcManager::RegisterMemory: Registering clio_2484293_101 from pid 2484293[0m
[97m/home/cvazquezperezdelacru/clio-core/context-runtime/src/ipc_manager.cc:2575 INFO 2484193 RegisterMemory IpcManager::RegisterMemory: Successfully registered clio_2484293_101[0m
[97m/home/cvazquezperezdelacru/clio-core/context-runtime/modules/admin/src/admin_runtime.cc:1191 INFO 2484192 RegisterMemory Admin::RegisterMemory: Registering CPU alloc_id (2484293.102)[0m
[97m/home/cvazquezperezdelacru/clio-core/context-runtime/src/ipc_manager.cc:2532 INFO 2484192 RegisterMemory IpcManager::RegisterMemory: Registering clio_2484293_102 from pid 2484293[0m
[97m/home/cvazquezperezdelacru/clio-core/context-runtime/src/ipc_manager.cc:2575 INFO 2484192 RegisterMemory IpcManager::RegisterMemory: Successfully registered clio_2484293_102[0m
[33m/home/cvazquezperezdelacru/clio-core/context-runtime/src/scheduler/default_sched.cc:430 WARNING 2484199 LoadBalance [#781 PDF] observed exec-time bins (cumulative): <10us=2055901 <50us=69573 <500us=4892 <10ms=14020 <50ms=237 <500ms=47 <1s=0 >=1s=0 | stalls_detected=0[0m
[33m/home/cvazquezperezdelacru/clio-core/context-runtime/src/scheduler/default_sched.cc:439 WARNING 2484199 LoadBalance [#785] lane rescues performed: 0[0m
[97m/home/cvazquezperezdelacru/clio-core/context-runtime/modules/admin/src/admin_runtime.cc:1191 INFO 2484192 RegisterMemory Admin::RegisterMemory: Registering CPU alloc_id (2484293.103)[0m
[97m/home/cvazquezperezdelacru/clio-core/context-runtime/src/ipc_manager.cc:2532 INFO 2484192 RegisterMemory IpcManager::RegisterMemory: Registering clio_2484293_103 from pid 2484293[0m
[97m/home/cvazquezperezdelacru/clio-core/context-runtime/src/ipc_manager.cc:2575 INFO 2484192 RegisterMemory IpcManager::RegisterMemory: Successfully registered clio_2484293_103[0m
[97m/home/cvazquezperezdelacru/clio-core/context-runtime/modules/admin/src/admin_runtime.cc:1191 INFO 2484192 RegisterMemory Admin::RegisterMemory: Registering CPU alloc_id (2484293.104)[0m
[97m/home/cvazquezperezdelacru/clio-core/context-runtime/src/ipc_manager.cc:2532 INFO 2484192 RegisterMemory IpcManager::RegisterMemory: Registering clio_2484293_104 from pid 2484293[0m
[97m/home/cvazquezperezdelacru/clio-core/context-runtime/src/ipc_manager.cc:2575 INFO 2484192 RegisterMemory IpcManager::RegisterMemory: Successfully registered clio_2484293_104[0m
[97m/home/cvazquezperezdelacru/clio-core/context-runtime/modules/admin/src/admin_runtime.cc:1191 INFO 2484192 RegisterMemory Admin::RegisterMemory: Registering CPU alloc_id (2484293.105)[0m
[97m/home/cvazquezperezdelacru/clio-core/context-runtime/src/ipc_manager.cc:2532 INFO 2484192 RegisterMemory IpcManager::RegisterMemory: Registering clio_2484293_105 from pid 2484293[0m
[97m/home/cvazquezperezdelacru/clio-core/context-runtime/src/ipc_manager.cc:2575 INFO 2484192 RegisterMemory IpcManager::RegisterMemory: Successfully registered clio_2484293_105[0m
[97m/home/cvazquezperezdelacru/clio-core/context-runtime/modules/admin/src/admin_runtime.cc:1191 INFO 2484193 RegisterMemory Admin::RegisterMemory: Registering CPU alloc_id (2484293.106)[0m
[97m/home/cvazquezperezdelacru/clio-core/context-runtime/src/ipc_manager.cc:2532 INFO 2484193 RegisterMemory IpcManager::RegisterMemory: Registering clio_2484293_106 from pid 2484293[0m
[97m/home/cvazquezperezdelacru/clio-core/context-runtime/src/ipc_manager.cc:2575 INFO 2484193 RegisterMemory IpcManager::RegisterMemory: Successfully registered clio_2484293_106[0m
[33m/home/cvazquezperezdelacru/clio-core/context-runtime/src/scheduler/default_sched.cc:430 WARNING 2484199 LoadBalance [#781 PDF] observed exec-time bins (cumulative): <10us=2120888 <50us=72556 <500us=5063 <10ms=14530 <50ms=245 <500ms=48 <1s=0 >=1s=0 | stalls_detected=0[0m
[33m/home/cvazquezperezdelacru/clio-core/context-runtime/src/scheduler/default_sched.cc:439 WARNING 2484199 LoadBalance [#785] lane rescues performed: 0[0m
[97m/home/cvazquezperezdelacru/clio-core/context-runtime/modules/admin/src/admin_runtime.cc:1191 INFO 2484192 RegisterMemory Admin::RegisterMemory: Registering CPU alloc_id (2484293.107)[0m
[97m/home/cvazquezperezdelacru/clio-core/context-runtime/src/ipc_manager.cc:2532 INFO 2484192 RegisterMemory IpcManager::RegisterMemory: Registering clio_2484293_107 from pid 2484293[0m
[97m/home/cvazquezperezdelacru/clio-core/context-runtime/src/ipc_manager.cc:2575 INFO 2484192 RegisterMemory IpcManager::RegisterMemory: Successfully registered clio_2484293_107[0m
[97m/home/cvazquezperezdelacru/clio-core/context-runtime/modules/admin/src/admin_runtime.cc:1191 INFO 2484192 RegisterMemory Admin::RegisterMemory: Registering CPU alloc_id (2484293.108)[0m
[97m/home/cvazquezperezdelacru/clio-core/context-runtime/src/ipc_manager.cc:2532 INFO 2484192 RegisterMemory IpcManager::RegisterMemory: Registering clio_2484293_108 from pid 2484293[0m
[97m/home/cvazquezperezdelacru/clio-core/context-runtime/src/ipc_manager.cc:2575 INFO 2484192 RegisterMemory IpcManager::RegisterMemory: Successfully registered clio_2484293_108[0m
[33m/home/cvazquezperezdelacru/clio-core/context-runtime/src/scheduler/default_sched.cc:430 WARNING 2484199 LoadBalance [#781 PDF] observed exec-time bins (cumulative): <10us=2187199 <50us=75521 <500us=5213 <10ms=15004 <50ms=257 <500ms=50 <1s=0 >=1s=0 | stalls_detected=0[0m
[33m/home/cvazquezperezdelacru/clio-core/context-runtime/src/scheduler/default_sched.cc:439 WARNING 2484199 LoadBalance [#785] lane rescues performed: 0[0m
[97m/home/cvazquezperezdelacru/clio-core/context-runtime/modules/admin/src/admin_runtime.cc:1191 INFO 2484193 RegisterMemory Admin::RegisterMemory: Registering CPU alloc_id (2484293.109)[0m
[97m/home/cvazquezperezdelacru/clio-core/context-runtime/src/ipc_manager.cc:2532 INFO 2484193 RegisterMemory IpcManager::RegisterMemory: Registering clio_2484293_109 from pid 2484293[0m
[97m/home/cvazquezperezdelacru/clio-core/context-runtime/src/ipc_manager.cc:2575 INFO 2484193 RegisterMemory IpcManager::RegisterMemory: Successfully registered clio_2484293_109[0m
[31m/home/cvazquezperezdelacru/clio-core/context-runtime/src/scheduler/default_sched.cc:726 ERROR 2484199 LoadBalance [HANGWATCH-HB] processed=47315 outstanding=1 (queued=1 blocked=0 retry=0 periodic=6) live=2 live_stalled=0[0m
[33m/home/cvazquezperezdelacru/clio-core/context-runtime/src/scheduler/default_sched.cc:430 WARNING 2484199 LoadBalance [#781 PDF] observed exec-time bins (cumulative): <10us=2256846 <50us=77321 <500us=5364 <10ms=15538 <50ms=269 <500ms=52 <1s=0 >=1s=0 | stalls_detected=0[0m
[33m/home/cvazquezperezdelacru/clio-core/context-runtime/src/scheduler/default_sched.cc:439 WARNING 2484199 LoadBalance [#785] lane rescues performed: 0[0m
[97m/home/cvazquezperezdelacru/clio-core/context-runtime/modules/admin/src/admin_runtime.cc:1191 INFO 2484193 RegisterMemory Admin::RegisterMemory: Registering CPU alloc_id (2484293.110)[0m
[97m/home/cvazquezperezdelacru/clio-core/context-runtime/src/ipc_manager.cc:2532 INFO 2484193 RegisterMemory IpcManager::RegisterMemory: Registering clio_2484293_110 from pid 2484293[0m
[97m/home/cvazquezperezdelacru/clio-core/context-runtime/src/ipc_manager.cc:2575 INFO 2484193 RegisterMemory IpcManager::RegisterMemory: Successfully registered clio_2484293_110[0m
[97m/home/cvazquezperezdelacru/clio-core/context-runtime/modules/admin/src/admin_runtime.cc:1191 INFO 2484193 RegisterMemory Admin::RegisterMemory: Registering CPU alloc_id (2484293.111)[0m
[97m/home/cvazquezperezdelacru/clio-core/context-runtime/src/ipc_manager.cc:2532 INFO 2484193 RegisterMemory IpcManager::RegisterMemory: Registering clio_2484293_111 from pid 2484293[0m
[97m/home/cvazquezperezdelacru/clio-core/context-runtime/src/ipc_manager.cc:2575 INFO 2484193 RegisterMemory IpcManager::RegisterMemory: Successfully registered clio_2484293_111[0m
[97m/home/cvazquezperezdelacru/clio-core/context-runtime/modules/admin/src/admin_runtime.cc:1191 INFO 2484192 RegisterMemory Admin::RegisterMemory: Registering CPU alloc_id (2484293.112)[0m
[97m/home/cvazquezperezdelacru/clio-core/context-runtime/src/ipc_manager.cc:2532 INFO 2484192 RegisterMemory IpcManager::RegisterMemory: Registering clio_2484293_112 from pid 2484293[0m
[97m/home/cvazquezperezdelacru/clio-core/context-runtime/src/ipc_manager.cc:2575 INFO 2484192 RegisterMemory IpcManager::RegisterMemory: Successfully registered clio_2484293_112[0m
[33m/home/cvazquezperezdelacru/clio-core/context-runtime/src/scheduler/default_sched.cc:430 WARNING 2484199 LoadBalance [#781 PDF] observed exec-time bins (cumulative): <10us=2322766 <50us=79224 <500us=5601 <10ms=16014 <50ms=298 <500ms=53 <1s=0 >=1s=0 | stalls_detected=0[0m
[33m/home/cvazquezperezdelacru/clio-core/context-runtime/src/scheduler/default_sched.cc:439 WARNING 2484199 LoadBalance [#785] lane rescues performed: 0[0m
[33m/home/cvazquezperezdelacru/clio-core/context-runtime/src/scheduler/default_sched.cc:430 WARNING 2484199 LoadBalance [#781 PDF] observed exec-time bins (cumulative): <10us=2388629 <50us=80386 <500us=5641 <10ms=16077 <50ms=302 <500ms=53 <1s=0 >=1s=0 | stalls_detected=0[0m
[33m/home/cvazquezperezdelacru/clio-core/context-runtime/src/scheduler/default_sched.cc:439 WARNING 2484199 LoadBalance [#785] lane rescues performed: 0[0m
[97m/home/cvazquezperezdelacru/clio-core/context-runtime/src/ipc_manager.cc:2288 INFO 2484201 GetOrCreateClient [ClientPool] Creating new persistent connection to 127.0.0.1:43959[0m
[97m/home/cvazquezperezdelacru/clio-core/context-runtime/src/ipc_manager.cc:2308 INFO 2484201 GetOrCreateClient [ClientPool] Connection established to 127.0.0.1:43959[0m
[97m/home/cvazquezperezdelacru/clio-core/context-runtime/modules/admin/src/admin_runtime.cc:1191 INFO 2484193 RegisterMemory Admin::RegisterMemory: Registering CPU alloc_id (2484749.0)[0m
[97m/home/cvazquezperezdelacru/clio-core/context-runtime/src/ipc_manager.cc:2532 INFO 2484193 RegisterMemory IpcManager::RegisterMemory: Registering clio_2484749_0 from pid 2484749[0m
[97m/home/cvazquezperezdelacru/clio-core/context-runtime/src/ipc_manager.cc:2575 INFO 2484193 RegisterMemory IpcManager::RegisterMemory: Successfully registered clio_2484749_0[0m
[97m/home/cvazquezperezdelacru/clio-core/context-runtime/src/pool_manager.cc:534 INFO 2484193 CreatePool PoolManager: Creating pool 'clio_cte_core' with 1 containers (one per node)[0m
[97m/home/cvazquezperezdelacru/clio-core/context-runtime/src/pool_manager.cc:575 INFO 2484193 CreatePool PoolManager: Pool PoolId(major:512, minor:0) already exists by ID, returning existing pool[0m
[97m/home/cvazquezperezdelacru/clio-core/context-runtime/src/pool_manager.cc:534 INFO 2484193 CreatePool PoolManager: Creating pool 'faiss_ivf_bench' with 1 containers (one per node)[0m
[97m/home/cvazquezperezdelacru/clio-core/context-runtime/src/pool_manager.cc:575 INFO 2484193 CreatePool PoolManager: Pool PoolId(major:600, minor:0) already exists by ID, returning existing pool[0m
[97m/home/cvazquezperezdelacru/clio-core/context-runtime/src/ipc_manager.cc:2440 INFO 2484191 IncreaseClientShm IpcManager::IncreaseClientShm: Creating clio_2484170_4 with size 117768192 (84213760 + 33554432 overhead)[0m
[97m/home/cvazquezperezdelacru/clio-core/context-runtime/src/ipc_manager.cc:2485 INFO 2484191 IncreaseClientShm IpcManager::IncreaseClientShm: Created allocator clio_2484170_4 with ID (2484170.4)[0m
[97m/mnt/common/cvazquezperezdelacru/IOWARP/faiss/contrib/iowarp/chimod/src/faiss_ivf_runtime.cc:229 INFO 2484191 OpenIndex faiss_ivf: opened '/mnt/common/cvazquezperezdelacru/faiss/slurm_bench/work/ondisk_nb100M.index' (d=128, nlist=16384, ntotal=100000000, tag='faiss_ivf::ondisk_nb100M')[0m
[97m/mnt/common/cvazquezperezdelacru/IOWARP/faiss/contrib/iowarp/chimod/src/faiss_ivf_runtime.cc:300 INFO 2484191 Search faiss_ivf: Search nq=500 k=10 nprobe=256 unique_lists=16289[0m
[97m/home/cvazquezperezdelacru/clio-core/context-runtime/src/ipc_manager.cc:2440 INFO 2484191 IncreaseClientShm IpcManager::IncreaseClientShm: Creating clio_2484170_5 with size 129613712 (96059280 + 33554432 overhead)[0m
[97m/home/cvazquezperezdelacru/clio-core/context-runtime/src/ipc_manager.cc:2485 INFO 2484191 IncreaseClientShm IpcManager::IncreaseClientShm: Created allocator clio_2484170_5 with ID (2484170.5)[0m
[97m/home/cvazquezperezdelacru/clio-core/context-runtime/src/ipc_manager.cc:2440 INFO 2484191 IncreaseClientShm IpcManager::IncreaseClientShm: Creating clio_2484170_6 with size 131176312 (97621880 + 33554432 overhead)[0m
[97m/home/cvazquezperezdelacru/clio-core/context-runtime/src/ipc_manager.cc:2485 INFO 2484191 IncreaseClientShm IpcManager::IncreaseClientShm: Created allocator clio_2484170_6 with ID (2484170.6)[0m
[97m/home/cvazquezperezdelacru/clio-core/context-runtime/src/ipc_manager.cc:2440 INFO 2484191 IncreaseClientShm IpcManager::IncreaseClientShm: Creating clio_2484170_7 with size 138400416 (104845984 + 33554432 overhead)[0m
[97m/home/cvazquezperezdelacru/clio-core/context-runtime/src/ipc_manager.cc:2485 INFO 2484191 IncreaseClientShm IpcManager::IncreaseClientShm: Created allocator clio_2484170_7 with ID (2484170.7)[0m
[97m/home/cvazquezperezdelacru/clio-core/context-runtime/src/ipc_manager.cc:2440 INFO 2484191 IncreaseClientShm IpcManager::IncreaseClientShm: Creating clio_2484170_8 with size 139511912 (105957480 + 33554432 overhead)[0m
[97m/home/cvazquezperezdelacru/clio-core/context-runtime/src/ipc_manager.cc:2485 INFO 2484191 IncreaseClientShm IpcManager::IncreaseClientShm: Created allocator clio_2484170_8 with ID (2484170.8)[0m
[97m/home/cvazquezperezdelacru/clio-core/context-runtime/src/ipc_manager.cc:2440 INFO 2484191 IncreaseClientShm IpcManager::IncreaseClientShm: Creating clio_2484170_9 with size 144020312 (110465880 + 33554432 overhead)[0m
[97m/home/cvazquezperezdelacru/clio-core/context-runtime/src/ipc_manager.cc:2485 INFO 2484191 IncreaseClientShm IpcManager::IncreaseClientShm: Created allocator clio_2484170_9 with ID (2484170.9)[0m
[97m/home/cvazquezperezdelacru/clio-core/context-runtime/src/ipc_manager.cc:2440 INFO 2484191 IncreaseClientShm IpcManager::IncreaseClientShm: Creating clio_2484170_10 with size 135964208 (102409776 + 33554432 overhead)[0m
[97m/home/cvazquezperezdelacru/clio-core/context-runtime/src/ipc_manager.cc:2485 INFO 2484191 IncreaseClientShm IpcManager::IncreaseClientShm: Created allocator clio_2484170_10 with ID (2484170.10)[0m
[97m/home/cvazquezperezdelacru/clio-core/context-runtime/src/ipc_manager.cc:2440 INFO 2484191 IncreaseClientShm IpcManager::IncreaseClientShm: Creating clio_2484170_11 with size 136109808 (102555376 + 33554432 overhead)[0m
[97m/home/cvazquezperezdelacru/clio-core/context-runtime/src/ipc_manager.cc:2485 INFO 2484191 IncreaseClientShm IpcManager::IncreaseClientShm: Created allocator clio_2484170_11 with ID (2484170.11)[0m
[97m/home/cvazquezperezdelacru/clio-core/context-runtime/src/ipc_manager.cc:2440 INFO 2484191 IncreaseClientShm IpcManager::IncreaseClientShm: Creating clio_2484170_12 with size 146054816 (112500384 + 33554432 overhead)[0m
[97m/home/cvazquezperezdelacru/clio-core/context-runtime/src/ipc_manager.cc:2485 INFO 2484191 IncreaseClientShm IpcManager::IncreaseClientShm: Created allocator clio_2484170_12 with ID (2484170.12)[0m
[97m/home/cvazquezperezdelacru/clio-core/context-runtime/src/ipc_manager.cc:2440 INFO 2484191 IncreaseClientShm IpcManager::IncreaseClientShm: Creating clio_2484170_13 with size 134568016 (101013584 + 33554432 overhead)[0m
[97m/home/cvazquezperezdelacru/clio-core/context-runtime/src/ipc_manager.cc:2485 INFO 2484191 IncreaseClientShm IpcManager::IncreaseClientShm: Created allocator clio_2484170_13 with ID (2484170.13)[0m
[31m/home/cvazquezperezdelacru/clio-core/context-runtime/src/scheduler/default_sched.cc:726 ERROR 2484199 LoadBalance [HANGWATCH-HB] processed=50839 outstanding=62 (queued=62 blocked=0 retry=0 periodic=7) live=2 live_stalled=0[0m
[97m/home/cvazquezperezdelacru/clio-core/context-runtime/src/ipc_manager.cc:2440 INFO 2484191 IncreaseClientShm IpcManager::IncreaseClientShm: Creating clio_2484170_14 with size 134565408 (101010976 + 33554432 overhead)[0m
[97m/home/cvazquezperezdelacru/clio-core/context-runtime/src/ipc_manager.cc:2485 INFO 2484191 IncreaseClientShm IpcManager::IncreaseClientShm: Created allocator clio_2484170_14 with ID (2484170.14)[0m
[97m/home/cvazquezperezdelacru/clio-core/context-runtime/src/ipc_manager.cc:2440 INFO 2484191 IncreaseClientShm IpcManager::IncreaseClientShm: Creating clio_2484170_15 with size 132213712 (98659280 + 33554432 overhead)[0m
[97m/home/cvazquezperezdelacru/clio-core/context-runtime/src/ipc_manager.cc:2485 INFO 2484191 IncreaseClientShm IpcManager::IncreaseClientShm: Created allocator clio_2484170_15 with ID (2484170.15)[0m
[97m/home/cvazquezperezdelacru/clio-core/context-runtime/src/ipc_manager.cc:2440 INFO 2484191 IncreaseClientShm IpcManager::IncreaseClientShm: Creating clio_2484170_16 with size 144585808 (111031376 + 33554432 overhead)[0m
[97m/home/cvazquezperezdelacru/clio-core/context-runtime/src/ipc_manager.cc:2485 INFO 2484191 IncreaseClientShm IpcManager::IncreaseClientShm: Created allocator clio_2484170_16 with ID (2484170.16)[0m
[97m/home/cvazquezperezdelacru/clio-core/context-runtime/src/ipc_manager.cc:2440 INFO 2484191 IncreaseClientShm IpcManager::IncreaseClientShm: Creating clio_2484170_17 with size 133203008 (99648576 + 33554432 overhead)[0m
[97m/home/cvazquezperezdelacru/clio-core/context-runtime/src/ipc_manager.cc:2485 INFO 2484191 IncreaseClientShm IpcManager::IncreaseClientShm: Created allocator clio_2484170_17 with ID (2484170.17)[0m
[97m/home/cvazquezperezdelacru/clio-core/context-runtime/src/ipc_manager.cc:2440 INFO 2484191 IncreaseClientShm IpcManager::IncreaseClientShm: Creating clio_2484170_18 with size 134085712 (100531280 + 33554432 overhead)[0m
[97m/home/cvazquezperezdelacru/clio-core/context-runtime/src/ipc_manager.cc:2485 INFO 2484191 IncreaseClientShm IpcManager::IncreaseClientShm: Created allocator clio_2484170_18 with ID (2484170.18)[0m
[97m/home/cvazquezperezdelacru/clio-core/context-runtime/src/ipc_manager.cc:2440 INFO 2484191 IncreaseClientShm IpcManager::IncreaseClientShm: Creating clio_2484170_19 with size 136254112 (102699680 + 33554432 overhead)[0m
[97m/home/cvazquezperezdelacru/clio-core/context-runtime/src/ipc_manager.cc:2485 INFO 2484191 IncreaseClientShm IpcManager::IncreaseClientShm: Created allocator clio_2484170_19 with ID (2484170.19)[0m
[97m/home/cvazquezperezdelacru/clio-core/context-runtime/src/ipc_manager.cc:2440 INFO 2484191 IncreaseClientShm IpcManager::IncreaseClientShm: Creating clio_2484170_20 with size 136742912 (103188480 + 33554432 overhead)[0m
[97m/home/cvazquezperezdelacru/clio-core/context-runtime/src/ipc_manager.cc:2485 INFO 2484191 IncreaseClientShm IpcManager::IncreaseClientShm: Created allocator clio_2484170_20 with ID (2484170.20)[0m
[33m/home/cvazquezperezdelacru/clio-core/context-runtime/src/scheduler/default_sched.cc:430 WARNING 2484199 LoadBalance [#781 PDF] observed exec-time bins (cumulative): <10us=2460660 <50us=82654 <500us=5765 <10ms=17408 <50ms=350 <500ms=54 <1s=0 >=1s=0 | stalls_detected=0[0m
[33m/home/cvazquezperezdelacru/clio-core/context-runtime/src/scheduler/default_sched.cc:439 WARNING 2484199 LoadBalance [#785] lane rescues performed: 0[0m
[31m/home/cvazquezperezdelacru/clio-core/context-runtime/src/scheduler/default_sched.cc:726 ERROR 2484199 LoadBalance [HANGWATCH-HB] processed=52161 outstanding=59 (queued=59 blocked=0 retry=0 periodic=6) live=4 live_stalled=0[0m
[97m/home/cvazquezperezdelacru/clio-core/context-runtime/src/ipc_manager.cc:2440 INFO 2484191 IncreaseClientShm IpcManager::IncreaseClientShm: Creating clio_2484170_21 with size 141186312 (107631880 + 33554432 overhead)[0m
[97m/home/cvazquezperezdelacru/clio-core/context-runtime/src/ipc_manager.cc:2485 INFO 2484191 IncreaseClientShm IpcManager::IncreaseClientShm: Created allocator clio_2484170_21 with ID (2484170.21)[0m
[97m/home/cvazquezperezdelacru/clio-core/context-runtime/src/ipc_manager.cc:2440 INFO 2484191 IncreaseClientShm IpcManager::IncreaseClientShm: Creating clio_2484170_22 with size 141906512 (108352080 + 33554432 overhead)[0m
[97m/home/cvazquezperezdelacru/clio-core/context-runtime/src/ipc_manager.cc:2485 INFO 2484191 IncreaseClientShm IpcManager::IncreaseClientShm: Created allocator clio_2484170_22 with ID (2484170.22)[0m
[97m/home/cvazquezperezdelacru/clio-core/context-runtime/src/ipc_manager.cc:2440 INFO 2484191 IncreaseClientShm IpcManager::IncreaseClientShm: Creating clio_2484170_23 with size 145826016 (112271584 + 33554432 overhead)[0m
[97m/home/cvazquezperezdelacru/clio-core/context-runtime/src/ipc_manager.cc:2485 INFO 2484191 IncreaseClientShm IpcManager::IncreaseClientShm: Created allocator clio_2484170_23 with ID (2484170.23)[0m
[97m/home/cvazquezperezdelacru/clio-core/context-runtime/src/ipc_manager.cc:2440 INFO 2484191 IncreaseClientShm IpcManager::IncreaseClientShm: Creating clio_2484170_24 with size 140470016 (106915584 + 33554432 overhead)[0m
[97m/home/cvazquezperezdelacru/clio-core/context-runtime/src/ipc_manager.cc:2485 INFO 2484191 IncreaseClientShm IpcManager::IncreaseClientShm: Created allocator clio_2484170_24 with ID (2484170.24)[0m
[97m/home/cvazquezperezdelacru/clio-core/context-runtime/src/ipc_manager.cc:2440 INFO 2484191 IncreaseClientShm IpcManager::IncreaseClientShm: Creating clio_2484170_25 with size 132259216 (98704784 + 33554432 overhead)[0m
[97m/home/cvazquezperezdelacru/clio-core/context-runtime/src/ipc_manager.cc:2485 INFO 2484191 IncreaseClientShm IpcManager::IncreaseClientShm: Created allocator clio_2484170_25 with ID (2484170.25)[0m
[97m/home/cvazquezperezdelacru/clio-core/context-runtime/src/ipc_manager.cc:2440 INFO 2484191 IncreaseClientShm IpcManager::IncreaseClientShm: Creating clio_2484170_26 with size 139725112 (106170680 + 33554432 overhead)[0m
[97m/home/cvazquezperezdelacru/clio-core/context-runtime/src/ipc_manager.cc:2485 INFO 2484191 IncreaseClientShm IpcManager::IncreaseClientShm: Created allocator clio_2484170_26 with ID (2484170.26)[0m
[31m/home/cvazquezperezdelacru/clio-core/context-runtime/src/scheduler/default_sched.cc:726 ERROR 2484199 LoadBalance [HANGWATCH-HB] processed=53299 outstanding=62 (queued=62 blocked=0 retry=0 periodic=7) live=2 live_stalled=0[0m
[97m/home/cvazquezperezdelacru/clio-core/context-runtime/src/ipc_manager.cc:2440 INFO 2484191 IncreaseClientShm IpcManager::IncreaseClientShm: Creating clio_2484170_27 with size 147097408 (113542976 + 33554432 overhead)[0m
[97m/home/cvazquezperezdelacru/clio-core/context-runtime/src/ipc_manager.cc:2485 INFO 2484191 IncreaseClientShm IpcManager::IncreaseClientShm: Created allocator clio_2484170_27 with ID (2484170.27)[0m
[97m/home/cvazquezperezdelacru/clio-core/context-runtime/src/ipc_manager.cc:2440 INFO 2484191 IncreaseClientShm IpcManager::IncreaseClientShm: Creating clio_2484170_28 with size 136953512 (103399080 + 33554432 overhead)[0m
[97m/home/cvazquezperezdelacru/clio-core/context-runtime/src/ipc_manager.cc:2485 INFO 2484191 IncreaseClientShm IpcManager::IncreaseClientShm: Created allocator clio_2484170_28 with ID (2484170.28)[0m
[97m/home/cvazquezperezdelacru/clio-core/context-runtime/src/ipc_manager.cc:2440 INFO 2484191 IncreaseClientShm IpcManager::IncreaseClientShm: Creating clio_2484170_29 with size 132588112 (99033680 + 33554432 overhead)[0m
[97m/home/cvazquezperezdelacru/clio-core/context-runtime/src/ipc_manager.cc:2485 INFO 2484191 IncreaseClientShm IpcManager::IncreaseClientShm: Created allocator clio_2484170_29 with ID (2484170.29)[0m
[97m/home/cvazquezperezdelacru/clio-core/context-runtime/src/ipc_manager.cc:2440 INFO 2484191 IncreaseClientShm IpcManager::IncreaseClientShm: Creating clio_2484170_30 with size 146167912 (112613480 + 33554432 overhead)[0m
[97m/home/cvazquezperezdelacru/clio-core/context-runtime/src/ipc_manager.cc:2485 INFO 2484191 IncreaseClientShm IpcManager::IncreaseClientShm: Created allocator clio_2484170_30 with ID (2484170.30)[0m
[97m/home/cvazquezperezdelacru/clio-core/context-runtime/src/ipc_manager.cc:2440 INFO 2484191 IncreaseClientShm IpcManager::IncreaseClientShm: Creating clio_2484170_31 with size 137282416 (103727984 + 33554432 overhead)[0m
[97m/home/cvazquezperezdelacru/clio-core/context-runtime/src/ipc_manager.cc:2485 INFO 2484191 IncreaseClientShm IpcManager::IncreaseClientShm: Created allocator clio_2484170_31 with ID (2484170.31)[0m
[97m/home/cvazquezperezdelacru/clio-core/context-runtime/src/ipc_manager.cc:2440 INFO 2484191 IncreaseClientShm IpcManager::IncreaseClientShm: Creating clio_2484170_32 with size 131925112 (98370680 + 33554432 overhead)[0m
[97m/home/cvazquezperezdelacru/clio-core/context-runtime/src/ipc_manager.cc:2485 INFO 2484191 IncreaseClientShm IpcManager::IncreaseClientShm: Created allocator clio_2484170_32 with ID (2484170.32)[0m
[97m/home/cvazquezperezdelacru/clio-core/context-runtime/src/ipc_manager.cc:2440 INFO 2484191 IncreaseClientShm IpcManager::IncreaseClientShm: Creating clio_2484170_33 with size 149146208 (115591776 + 33554432 overhead)[0m
[97m/home/cvazquezperezdelacru/clio-core/context-runtime/src/ipc_manager.cc:2485 INFO 2484191 IncreaseClientShm IpcManager::IncreaseClientShm: Created allocator clio_2484170_33 with ID (2484170.33)[0m
[31m/home/cvazquezperezdelacru/clio-core/context-runtime/src/scheduler/default_sched.cc:726 ERROR 2484199 LoadBalance [HANGWATCH-HB] processed=54629 outstanding=62 (queued=62 blocked=0 retry=0 periodic=7) live=2 live_stalled=0[0m
[97m/home/cvazquezperezdelacru/clio-core/context-runtime/src/ipc_manager.cc:2440 INFO 2484191 IncreaseClientShm IpcManager::IncreaseClientShm: Creating clio_2484170_34 with size 135982416 (102427984 + 33554432 overhead)[0m
[97m/home/cvazquezperezdelacru/clio-core/context-runtime/src/ipc_manager.cc:2485 INFO 2484191 IncreaseClientShm IpcManager::IncreaseClientShm: Created allocator clio_2484170_34 with ID (2484170.34)[0m
[97m/home/cvazquezperezdelacru/clio-core/context-runtime/src/ipc_manager.cc:2440 INFO 2484191 IncreaseClientShm IpcManager::IncreaseClientShm: Creating clio_2484170_35 with size 132286512 (98732080 + 33554432 overhead)[0m
[97m/home/cvazquezperezdelacru/clio-core/context-runtime/src/ipc_manager.cc:2485 INFO 2484191 IncreaseClientShm IpcManager::IncreaseClientShm: Created allocator clio_2484170_35 with ID (2484170.35)[0m
[97m/home/cvazquezperezdelacru/clio-core/context-runtime/src/ipc_manager.cc:2440 INFO 2484191 IncreaseClientShm IpcManager::IncreaseClientShm: Creating clio_2484170_36 with size 144301112 (110746680 + 33554432 overhead)[0m
[97m/home/cvazquezperezdelacru/clio-core/context-runtime/src/ipc_manager.cc:2485 INFO 2484191 IncreaseClientShm IpcManager::IncreaseClientShm: Created allocator clio_2484170_36 with ID (2484170.36)[0m
[97m/home/cvazquezperezdelacru/clio-core/context-runtime/src/ipc_manager.cc:2440 INFO 2484191 IncreaseClientShm IpcManager::IncreaseClientShm: Creating clio_2484170_37 with size 138174208 (104619776 + 33554432 overhead)[0m
[97m/home/cvazquezperezdelacru/clio-core/context-runtime/src/ipc_manager.cc:2485 INFO 2484191 IncreaseClientShm IpcManager::IncreaseClientShm: Created allocator clio_2484170_37 with ID (2484170.37)[0m
[33m/home/cvazquezperezdelacru/clio-core/context-runtime/src/scheduler/default_sched.cc:430 WARNING 2484199 LoadBalance [#781 PDF] observed exec-time bins (cumulative): <10us=2529470 <50us=85736 <500us=5816 <10ms=18879 <50ms=411 <500ms=54 <1s=0 >=1s=0 | stalls_detected=0[0m
[33m/home/cvazquezperezdelacru/clio-core/context-runtime/src/scheduler/default_sched.cc:439 WARNING 2484199 LoadBalance [#785] lane rescues performed: 0[0m
[97m/home/cvazquezperezdelacru/clio-core/context-runtime/src/ipc_manager.cc:2440 INFO 2484191 IncreaseClientShm IpcManager::IncreaseClientShm: Creating clio_2484170_38 with size 156653712 (123099280 + 33554432 overhead)[0m
[97m/home/cvazquezperezdelacru/clio-core/context-runtime/src/ipc_manager.cc:2485 INFO 2484191 IncreaseClientShm IpcManager::IncreaseClientShm: Created allocator clio_2484170_38 with ID (2484170.38)[0m
[97m/home/cvazquezperezdelacru/clio-core/context-runtime/src/ipc_manager.cc:2440 INFO 2484191 IncreaseClientShm IpcManager::IncreaseClientShm: Creating clio_2484170_39 with size 148533912 (114979480 + 33554432 overhead)[0m
[97m/home/cvazquezperezdelacru/clio-core/context-runtime/src/ipc_manager.cc:2485 INFO 2484191 IncreaseClientShm IpcManager::IncreaseClientShm: Created allocator clio_2484170_39 with ID (2484170.39)[0m
[97m/home/cvazquezperezdelacru/clio-core/context-runtime/src/ipc_manager.cc:2440 INFO 2484191 IncreaseClientShm IpcManager::IncreaseClientShm: Creating clio_2484170_40 with size 138743616 (105189184 + 33554432 overhead)[0m
[97m/home/cvazquezperezdelacru/clio-core/context-runtime/src/ipc_manager.cc:2485 INFO 2484191 IncreaseClientShm IpcManager::IncreaseClientShm: Created allocator clio_2484170_40 with ID (2484170.40)[0m
[31m/home/cvazquezperezdelacru/clio-core/context-runtime/src/scheduler/default_sched.cc:726 ERROR 2484199 LoadBalance [HANGWATCH-HB] processed=55977 outstanding=62 (queued=62 blocked=0 retry=0 periodic=7) live=2 live_stalled=0[0m
[97m/home/cvazquezperezdelacru/clio-core/context-runtime/src/ipc_manager.cc:2440 INFO 2484191 IncreaseClientShm IpcManager::IncreaseClientShm: Creating clio_2484170_41 with size 140237312 (106682880 + 33554432 overhead)[0m
[97m/home/cvazquezperezdelacru/clio-core/context-runtime/src/ipc_manager.cc:2485 INFO 2484191 IncreaseClientShm IpcManager::IncreaseClientShm: Created allocator clio_2484170_41 with ID (2484170.41)[0m
[97m/home/cvazquezperezdelacru/clio-core/context-runtime/src/ipc_manager.cc:2440 INFO 2484191 IncreaseClientShm IpcManager::IncreaseClientShm: Creating clio_2484170_42 with size 136224208 (102669776 + 33554432 overhead)[0m
[97m/home/cvazquezperezdelacru/clio-core/context-runtime/src/ipc_manager.cc:2485 INFO 2484191 IncreaseClientShm IpcManager::IncreaseClientShm: Created allocator clio_2484170_42 with ID (2484170.42)[0m
[97m/home/cvazquezperezdelacru/clio-core/context-runtime/src/ipc_manager.cc:2440 INFO 2484191 IncreaseClientShm IpcManager::IncreaseClientShm: Creating clio_2484170_43 with size 136640208 (103085776 + 33554432 overhead)[0m
[97m/home/cvazquezperezdelacru/clio-core/context-runtime/src/ipc_manager.cc:2485 INFO 2484191 IncreaseClientShm IpcManager::IncreaseClientShm: Created allocator clio_2484170_43 with ID (2484170.43)[0m
[97m/home/cvazquezperezdelacru/clio-core/context-runtime/src/ipc_manager.cc:2440 INFO 2484191 IncreaseClientShm IpcManager::IncreaseClientShm: Creating clio_2484170_44 with size 142085912 (108531480 + 33554432 overhead)[0m
[97m/home/cvazquezperezdelacru/clio-core/context-runtime/src/ipc_manager.cc:2485 INFO 2484191 IncreaseClientShm IpcManager::IncreaseClientShm: Created allocator clio_2484170_44 with ID (2484170.44)[0m
[97m/home/cvazquezperezdelacru/clio-core/context-runtime/src/ipc_manager.cc:2440 INFO 2484191 IncreaseClientShm IpcManager::IncreaseClientShm: Creating clio_2484170_45 with size 156164912 (122610480 + 33554432 overhead)[0m
[97m/home/cvazquezperezdelacru/clio-core/context-runtime/src/ipc_manager.cc:2485 INFO 2484191 IncreaseClientShm IpcManager::IncreaseClientShm: Created allocator clio_2484170_45 with ID (2484170.45)[0m
[31m/home/cvazquezperezdelacru/clio-core/context-runtime/src/scheduler/default_sched.cc:726 ERROR 2484199 LoadBalance [HANGWATCH-HB] processed=57049 outstanding=62 (queued=62 blocked=0 retry=0 periodic=7) live=2 live_stalled=0[0m
[97m/home/cvazquezperezdelacru/clio-core/context-runtime/src/ipc_manager.cc:2440 INFO 2484191 IncreaseClientShm IpcManager::IncreaseClientShm: Creating clio_2484170_46 with size 143220816 (109666384 + 33554432 overhead)[0m
[97m/home/cvazquezperezdelacru/clio-core/context-runtime/src/ipc_manager.cc:2485 INFO 2484191 IncreaseClientShm IpcManager::IncreaseClientShm: Created allocator clio_2484170_46 with ID (2484170.46)[0m
[97m/home/cvazquezperezdelacru/clio-core/context-runtime/src/ipc_manager.cc:2440 INFO 2484191 IncreaseClientShm IpcManager::IncreaseClientShm: Creating clio_2484170_47 with size 151072816 (117518384 + 33554432 overhead)[0m
[97m/home/cvazquezperezdelacru/clio-core/context-runtime/src/ipc_manager.cc:2485 INFO 2484191 IncreaseClientShm IpcManager::IncreaseClientShm: Created allocator clio_2484170_47 with ID (2484170.47)[0m
[97m/home/cvazquezperezdelacru/clio-core/context-runtime/src/ipc_manager.cc:2440 INFO 2484191 IncreaseClientShm IpcManager::IncreaseClientShm: Creating clio_2484170_48 with size 150472208 (116917776 + 33554432 overhead)[0m
[97m/home/cvazquezperezdelacru/clio-core/context-runtime/src/ipc_manager.cc:2485 INFO 2484191 IncreaseClientShm IpcManager::IncreaseClientShm: Created allocator clio_2484170_48 with ID (2484170.48)[0m
[97m/home/cvazquezperezdelacru/clio-core/context-runtime/src/ipc_manager.cc:2440 INFO 2484191 IncreaseClientShm IpcManager::IncreaseClientShm: Creating clio_2484170_49 with size 138708512 (105154080 + 33554432 overhead)[0m
[97m/home/cvazquezperezdelacru/clio-core/context-runtime/src/ipc_manager.cc:2485 INFO 2484191 IncreaseClientShm IpcManager::IncreaseClientShm: Created allocator clio_2484170_49 with ID (2484170.49)[0m
[97m/home/cvazquezperezdelacru/clio-core/context-runtime/src/ipc_manager.cc:2440 INFO 2484191 IncreaseClientShm IpcManager::IncreaseClientShm: Creating clio_2484170_50 with size 144468816 (110914384 + 33554432 overhead)[0m
[97m/home/cvazquezperezdelacru/clio-core/context-runtime/src/ipc_manager.cc:2485 INFO 2484191 IncreaseClientShm IpcManager::IncreaseClientShm: Created allocator clio_2484170_50 with ID (2484170.50)[0m
[97m/home/cvazquezperezdelacru/clio-core/context-runtime/src/ipc_manager.cc:2440 INFO 2484191 IncreaseClientShm IpcManager::IncreaseClientShm: Creating clio_2484170_51 with size 142964712 (109410280 + 33554432 overhead)[0m
[97m/home/cvazquezperezdelacru/clio-core/context-runtime/src/ipc_manager.cc:2485 INFO 2484191 IncreaseClientShm IpcManager::IncreaseClientShm: Created allocator clio_2484170_51 with ID (2484170.51)[0m
[33m/home/cvazquezperezdelacru/clio-core/context-runtime/src/scheduler/default_sched.cc:430 WARNING 2484199 LoadBalance [#781 PDF] observed exec-time bins (cumulative): <10us=2595693 <50us=88774 <500us=5861 <10ms=20311 <50ms=466 <500ms=54 <1s=0 >=1s=0 | stalls_detected=0[0m
[33m/home/cvazquezperezdelacru/clio-core/context-runtime/src/scheduler/default_sched.cc:439 WARNING 2484199 LoadBalance [#785] lane rescues performed: 0[0m
[31m/home/cvazquezperezdelacru/clio-core/context-runtime/src/scheduler/default_sched.cc:726 ERROR 2484199 LoadBalance [HANGWATCH-HB] processed=58235 outstanding=63 (queued=63 blocked=0 retry=0 periodic=7) live=1 live_stalled=0[0m
[97m/home/cvazquezperezdelacru/clio-core/context-runtime/src/ipc_manager.cc:2440 INFO 2484191 IncreaseClientShm IpcManager::IncreaseClientShm: Creating clio_2484170_52 with size 139387112 (105832680 + 33554432 overhead)[0m
[97m/home/cvazquezperezdelacru/clio-core/context-runtime/src/ipc_manager.cc:2485 INFO 2484191 IncreaseClientShm IpcManager::IncreaseClientShm: Created allocator clio_2484170_52 with ID (2484170.52)[0m
[97m/home/cvazquezperezdelacru/clio-core/context-runtime/src/ipc_manager.cc:2440 INFO 2484191 IncreaseClientShm IpcManager::IncreaseClientShm: Creating clio_2484170_53 with size 147330112 (113775680 + 33554432 overhead)[0m
[97m/home/cvazquezperezdelacru/clio-core/context-runtime/src/ipc_manager.cc:2485 INFO 2484191 IncreaseClientShm IpcManager::IncreaseClientShm: Created allocator clio_2484170_53 with ID (2484170.53)[0m
[97m/home/cvazquezperezdelacru/clio-core/context-runtime/src/ipc_manager.cc:2440 INFO 2484191 IncreaseClientShm IpcManager::IncreaseClientShm: Creating clio_2484170_54 with size 144422016 (110867584 + 33554432 overhead)[0m
[97m/home/cvazquezperezdelacru/clio-core/context-runtime/src/ipc_manager.cc:2485 INFO 2484191 IncreaseClientShm IpcManager::IncreaseClientShm: Created allocator clio_2484170_54 with ID (2484170.54)[0m
[97m/home/cvazquezperezdelacru/clio-core/context-runtime/src/ipc_manager.cc:2440 INFO 2484191 IncreaseClientShm IpcManager::IncreaseClientShm: Creating clio_2484170_55 with size 137347408 (103792976 + 33554432 overhead)[0m
[97m/home/cvazquezperezdelacru/clio-core/context-runtime/src/ipc_manager.cc:2485 INFO 2484191 IncreaseClientShm IpcManager::IncreaseClientShm: Created allocator clio_2484170_55 with ID (2484170.55)[0m
[31m/home/cvazquezperezdelacru/clio-core/context-runtime/src/scheduler/default_sched.cc:726 ERROR 2484199 LoadBalance [HANGWATCH-HB] processed=59502 outstanding=58 (queued=58 blocked=0 retry=0 periodic=6) live=3 live_stalled=0[0m
[97m/home/cvazquezperezdelacru/clio-core/context-runtime/src/ipc_manager.cc:2440 INFO 2484191 IncreaseClientShm IpcManager::IncreaseClientShm: Creating clio_2484170_56 with size 134865712 (101311280 + 33554432 overhead)[0m
[97m/home/cvazquezperezdelacru/clio-core/context-runtime/src/ipc_manager.cc:2485 INFO 2484191 IncreaseClientShm IpcManager::IncreaseClientShm: Created allocator clio_2484170_56 with ID (2484170.56)[0m
[97m/home/cvazquezperezdelacru/clio-core/context-runtime/src/ipc_manager.cc:2440 INFO 2484191 IncreaseClientShm IpcManager::IncreaseClientShm: Creating clio_2484170_57 with size 135930416 (102375984 + 33554432 overhead)[0m
[97m/home/cvazquezperezdelacru/clio-core/context-runtime/src/ipc_manager.cc:2485 INFO 2484191 IncreaseClientShm IpcManager::IncreaseClientShm: Created allocator clio_2484170_57 with ID (2484170.57)[0m
[97m/home/cvazquezperezdelacru/clio-core/context-runtime/src/ipc_manager.cc:2440 INFO 2484191 IncreaseClientShm IpcManager::IncreaseClientShm: Creating clio_2484170_58 with size 139699112 (106144680 + 33554432 overhead)[0m
[97m/home/cvazquezperezdelacru/clio-core/context-runtime/src/ipc_manager.cc:2485 INFO 2484191 IncreaseClientShm IpcManager::IncreaseClientShm: Created allocator clio_2484170_58 with ID (2484170.58)[0m
[97m/home/cvazquezperezdelacru/clio-core/context-runtime/src/ipc_manager.cc:2440 INFO 2484191 IncreaseClientShm IpcManager::IncreaseClientShm: Creating clio_2484170_59 with size 136999008 (103444576 + 33554432 overhead)[0m
[97m/home/cvazquezperezdelacru/clio-core/context-runtime/src/ipc_manager.cc:2485 INFO 2484191 IncreaseClientShm IpcManager::IncreaseClientShm: Created allocator clio_2484170_59 with ID (2484170.59)[0m
[31m/home/cvazquezperezdelacru/clio-core/context-runtime/src/scheduler/default_sched.cc:726 ERROR 2484199 LoadBalance [HANGWATCH-HB] processed=61316 outstanding=61 (queued=61 blocked=0 retry=0 periodic=7) live=2 live_stalled=0[0m
[97m/home/cvazquezperezdelacru/clio-core/context-runtime/src/ipc_manager.cc:2440 INFO 2484191 IncreaseClientShm IpcManager::IncreaseClientShm: Creating clio_2484170_60 with size 147097408 (113542976 + 33554432 overhead)[0m
[97m/home/cvazquezperezdelacru/clio-core/context-runtime/src/ipc_manager.cc:2485 INFO 2484191 IncreaseClientShm IpcManager::IncreaseClientShm: Created allocator clio_2484170_60 with ID (2484170.60)[0m
[97m/home/cvazquezperezdelacru/clio-core/context-runtime/src/ipc_manager.cc:2440 INFO 2484191 IncreaseClientShm IpcManager::IncreaseClientShm: Creating clio_2484170_61 with size 142100208 (108545776 + 33554432 overhead)[0m
[97m/home/cvazquezperezdelacru/clio-core/context-runtime/src/ipc_manager.cc:2485 INFO 2484191 IncreaseClientShm IpcManager::IncreaseClientShm: Created allocator clio_2484170_61 with ID (2484170.61)[0m
[33m/home/cvazquezperezdelacru/clio-core/context-runtime/src/scheduler/default_sched.cc:430 WARNING 2484199 LoadBalance [#781 PDF] observed exec-time bins (cumulative): <10us=2664992 <50us=92383 <500us=5883 <10ms=22243 <50ms=524 <500ms=54 <1s=0 >=1s=0 | stalls_detected=0[0m
[33m/home/cvazquezperezdelacru/clio-core/context-runtime/src/scheduler/default_sched.cc:439 WARNING 2484199 LoadBalance [#785] lane rescues performed: 0[0m
[97m/home/cvazquezperezdelacru/clio-core/context-runtime/src/ipc_manager.cc:2440 INFO 2484191 IncreaseClientShm IpcManager::IncreaseClientShm: Creating clio_2484170_62 with size 138689008 (105134576 + 33554432 overhead)[0m
[97m/home/cvazquezperezdelacru/clio-core/context-runtime/src/ipc_manager.cc:2485 INFO 2484191 IncreaseClientShm IpcManager::IncreaseClientShm: Created allocator clio_2484170_62 with ID (2484170.62)[0m
[97m/home/cvazquezperezdelacru/clio-core/context-runtime/src/ipc_manager.cc:2440 INFO 2484191 IncreaseClientShm IpcManager::IncreaseClientShm: Creating clio_2484170_63 with size 134617408 (101062976 + 33554432 overhead)[0m
[97m/home/cvazquezperezdelacru/clio-core/context-runtime/src/ipc_manager.cc:2485 INFO 2484191 IncreaseClientShm IpcManager::IncreaseClientShm: Created allocator clio_2484170_63 with ID (2484170.63)[0m
[97m/home/cvazquezperezdelacru/clio-core/context-runtime/src/ipc_manager.cc:2440 INFO 2484191 IncreaseClientShm IpcManager::IncreaseClientShm: Creating clio_2484170_64 with size 143071312 (109516880 + 33554432 overhead)[0m
[97m/home/cvazquezperezdelacru/clio-core/context-runtime/src/ipc_manager.cc:2485 INFO 2484191 IncreaseClientShm IpcManager::IncreaseClientShm: Created allocator clio_2484170_64 with ID (2484170.64)[0m
[31m/home/cvazquezperezdelacru/clio-core/context-runtime/src/scheduler/default_sched.cc:726 ERROR 2484199 LoadBalance [HANGWATCH-HB] processed=63116 outstanding=61 (queued=61 blocked=0 retry=0 periodic=7) live=2 live_stalled=0[0m
[97m/home/cvazquezperezdelacru/clio-core/context-runtime/src/ipc_manager.cc:2440 INFO 2484191 IncreaseClientShm IpcManager::IncreaseClientShm: Creating clio_2484170_65 with size 152701712 (119147280 + 33554432 overhead)[0m
[97m/home/cvazquezperezdelacru/clio-core/context-runtime/src/ipc_manager.cc:2485 INFO 2484191 IncreaseClientShm IpcManager::IncreaseClientShm: Created allocator clio_2484170_65 with ID (2484170.65)[0m
[97m/home/cvazquezperezdelacru/clio-core/context-runtime/src/ipc_manager.cc:2440 INFO 2484191 IncreaseClientShm IpcManager::IncreaseClientShm: Creating clio_2484170_66 with size 133099008 (99544576 + 33554432 overhead)[0m
[97m/home/cvazquezperezdelacru/clio-core/context-runtime/src/ipc_manager.cc:2485 INFO 2484191 IncreaseClientShm IpcManager::IncreaseClientShm: Created allocator clio_2484170_66 with ID (2484170.66)[0m
[97m/home/cvazquezperezdelacru/clio-core/context-runtime/src/ipc_manager.cc:2440 INFO 2484191 IncreaseClientShm IpcManager::IncreaseClientShm: Creating clio_2484170_67 with size 155683912 (122129480 + 33554432 overhead)[0m
[97m/home/cvazquezperezdelacru/clio-core/context-runtime/src/ipc_manager.cc:2485 INFO 2484191 IncreaseClientShm IpcManager::IncreaseClientShm: Created allocator clio_2484170_67 with ID (2484170.67)[0m
[97m/home/cvazquezperezdelacru/clio-core/context-runtime/src/ipc_manager.cc:2440 INFO 2484191 IncreaseClientShm IpcManager::IncreaseClientShm: Creating clio_2484170_68 with size 135899216 (102344784 + 33554432 overhead)[0m
[97m/home/cvazquezperezdelacru/clio-core/context-runtime/src/ipc_manager.cc:2485 INFO 2484191 IncreaseClientShm IpcManager::IncreaseClientShm: Created allocator clio_2484170_68 with ID (2484170.68)[0m
[97m/home/cvazquezperezdelacru/clio-core/context-runtime/src/ipc_manager.cc:2440 INFO 2484191 IncreaseClientShm IpcManager::IncreaseClientShm: Creating clio_2484170_69 with size 149531008 (115976576 + 33554432 overhead)[0m
[97m/home/cvazquezperezdelacru/clio-core/context-runtime/src/ipc_manager.cc:2485 INFO 2484191 IncreaseClientShm IpcManager::IncreaseClientShm: Created allocator clio_2484170_69 with ID (2484170.69)[0m
[97m/home/cvazquezperezdelacru/clio-core/context-runtime/src/ipc_manager.cc:2440 INFO 2484191 IncreaseClientShm IpcManager::IncreaseClientShm: Creating clio_2484170_70 with size 148533912 (114979480 + 33554432 overhead)[0m
[97m/home/cvazquezperezdelacru/clio-core/context-runtime/src/ipc_manager.cc:2485 INFO 2484191 IncreaseClientShm IpcManager::IncreaseClientShm: Created allocator clio_2484170_70 with ID (2484170.70)[0m
[31m/home/cvazquezperezdelacru/clio-core/context-runtime/src/scheduler/default_sched.cc:726 ERROR 2484199 LoadBalance [HANGWATCH-HB] processed=64761 outstanding=62 (queued=62 blocked=0 retry=0 periodic=7) live=2 live_stalled=0[0m
[97m/home/cvazquezperezdelacru/clio-core/context-runtime/src/ipc_manager.cc:2440 INFO 2484191 IncreaseClientShm IpcManager::IncreaseClientShm: Creating clio_2484170_71 with size 149493312 (115938880 + 33554432 overhead)[0m
[97m/home/cvazquezperezdelacru/clio-core/context-runtime/src/ipc_manager.cc:2485 INFO 2484191 IncreaseClientShm IpcManager::IncreaseClientShm: Created allocator clio_2484170_71 with ID (2484170.71)[0m
[97m/home/cvazquezperezdelacru/clio-core/context-runtime/src/ipc_manager.cc:2440 INFO 2484191 IncreaseClientShm IpcManager::IncreaseClientShm: Creating clio_2484170_72 with size 135901808 (102347376 + 33554432 overhead)[0m
[97m/home/cvazquezperezdelacru/clio-core/context-runtime/src/ipc_manager.cc:2485 INFO 2484191 IncreaseClientShm IpcManager::IncreaseClientShm: Created allocator clio_2484170_72 with ID (2484170.72)[0m
[97m/home/cvazquezperezdelacru/clio-core/context-runtime/src/ipc_manager.cc:2440 INFO 2484191 IncreaseClientShm IpcManager::IncreaseClientShm: Creating clio_2484170_73 with size 151003912 (117449480 + 33554432 overhead)[0m
[97m/home/cvazquezperezdelacru/clio-core/context-runtime/src/ipc_manager.cc:2485 INFO 2484191 IncreaseClientShm IpcManager::IncreaseClientShm: Created allocator clio_2484170_73 with ID (2484170.73)[0m
[97m/home/cvazquezperezdelacru/clio-core/context-runtime/src/ipc_manager.cc:2440 INFO 2484191 IncreaseClientShm IpcManager::IncreaseClientShm: Creating clio_2484170_74 with size 158027808 (124473376 + 33554432 overhead)[0m
[97m/home/cvazquezperezdelacru/clio-core/context-runtime/src/ipc_manager.cc:2485 INFO 2484191 IncreaseClientShm IpcManager::IncreaseClientShm: Created allocator clio_2484170_74 with ID (2484170.74)[0m
[97m/home/cvazquezperezdelacru/clio-core/context-runtime/src/ipc_manager.cc:2440 INFO 2484191 IncreaseClientShm IpcManager::IncreaseClientShm: Creating clio_2484170_75 with size 140650712 (107096280 + 33554432 overhead)[0m
[97m/home/cvazquezperezdelacru/clio-core/context-runtime/src/ipc_manager.cc:2485 INFO 2484191 IncreaseClientShm IpcManager::IncreaseClientShm: Created allocator clio_2484170_75 with ID (2484170.75)[0m
[97m/home/cvazquezperezdelacru/clio-core/context-runtime/src/ipc_manager.cc:2440 INFO 2484191 IncreaseClientShm IpcManager::IncreaseClientShm: Creating clio_2484170_76 with size 146798416 (113243984 + 33554432 overhead)[0m
[97m/home/cvazquezperezdelacru/clio-core/context-runtime/src/ipc_manager.cc:2485 INFO 2484191 IncreaseClientShm IpcManager::IncreaseClientShm: Created allocator clio_2484170_76 with ID (2484170.76)[0m
[33m/home/cvazquezperezdelacru/clio-core/context-runtime/src/scheduler/default_sched.cc:430 WARNING 2484199 LoadBalance [#781 PDF] observed exec-time bins (cumulative): <10us=2733303 <50us=95027 <500us=5928 <10ms=24291 <50ms=600 <500ms=60 <1s=0 >=1s=0 | stalls_detected=0[0m
[33m/home/cvazquezperezdelacru/clio-core/context-runtime/src/scheduler/default_sched.cc:439 WARNING 2484199 LoadBalance [#785] lane rescues performed: 0[0m
[31m/home/cvazquezperezdelacru/clio-core/context-runtime/src/scheduler/default_sched.cc:726 ERROR 2484199 LoadBalance [HANGWATCH-HB] processed=66435 outstanding=59 (queued=59 blocked=0 retry=0 periodic=7) live=3 live_stalled=0[0m
[97m/home/cvazquezperezdelacru/clio-core/context-runtime/src/ipc_manager.cc:2440 INFO 2484191 IncreaseClientShm IpcManager::IncreaseClientShm: Creating clio_2484170_77 with size 142455112 (108900680 + 33554432 overhead)[0m
[97m/home/cvazquezperezdelacru/clio-core/context-runtime/src/ipc_manager.cc:2485 INFO 2484191 IncreaseClientShm IpcManager::IncreaseClientShm: Created allocator clio_2484170_77 with ID (2484170.77)[0m
[97m/home/cvazquezperezdelacru/clio-core/context-runtime/src/ipc_manager.cc:2440 INFO 2484191 IncreaseClientShm IpcManager::IncreaseClientShm: Creating clio_2484170_78 with size 140918512 (107364080 + 33554432 overhead)[0m
[97m/home/cvazquezperezdelacru/clio-core/context-runtime/src/ipc_manager.cc:2485 INFO 2484191 IncreaseClientShm IpcManager::IncreaseClientShm: Created allocator clio_2484170_78 with ID (2484170.78)[0m
[97m/home/cvazquezperezdelacru/clio-core/context-runtime/src/ipc_manager.cc:2440 INFO 2484191 IncreaseClientShm IpcManager::IncreaseClientShm: Creating clio_2484170_79 with size 136359408 (102804976 + 33554432 overhead)[0m
[97m/home/cvazquezperezdelacru/clio-core/context-runtime/src/ipc_manager.cc:2485 INFO 2484191 IncreaseClientShm IpcManager::IncreaseClientShm: Created allocator clio_2484170_79 with ID (2484170.79)[0m
[97m/home/cvazquezperezdelacru/clio-core/context-runtime/src/ipc_manager.cc:2440 INFO 2484191 IncreaseClientShm IpcManager::IncreaseClientShm: Creating clio_2484170_80 with size 137161512 (103607080 + 33554432 overhead)[0m
[97m/home/cvazquezperezdelacru/clio-core/context-runtime/src/ipc_manager.cc:2485 INFO 2484191 IncreaseClientShm IpcManager::IncreaseClientShm: Created allocator clio_2484170_80 with ID (2484170.80)[0m
[97m/home/cvazquezperezdelacru/clio-core/context-runtime/src/ipc_manager.cc:2440 INFO 2484191 IncreaseClientShm IpcManager::IncreaseClientShm: Creating clio_2484170_81 with size 138960712 (105406280 + 33554432 overhead)[0m
[97m/home/cvazquezperezdelacru/clio-core/context-runtime/src/ipc_manager.cc:2485 INFO 2484191 IncreaseClientShm IpcManager::IncreaseClientShm: Created allocator clio_2484170_81 with ID (2484170.81)[0m
[31m/home/cvazquezperezdelacru/clio-core/context-runtime/src/scheduler/default_sched.cc:726 ERROR 2484199 LoadBalance [HANGWATCH-HB] processed=68458 outstanding=58 (queued=58 blocked=0 retry=0 periodic=7) live=3 live_stalled=0[0m
[97m/home/cvazquezperezdelacru/clio-core/context-runtime/src/ipc_manager.cc:2440 INFO 2484191 IncreaseClientShm IpcManager::IncreaseClientShm: Creating clio_2484170_82 with size 150850512 (117296080 + 33554432 overhead)[0m
[97m/home/cvazquezperezdelacru/clio-core/context-runtime/src/ipc_manager.cc:2485 INFO 2484191 IncreaseClientShm IpcManager::IncreaseClientShm: Created allocator clio_2484170_82 with ID (2484170.82)[0m
[97m/home/cvazquezperezdelacru/clio-core/context-runtime/src/pool_manager.cc:431 INFO 2484170 DestroyLocalPool PoolManager: Destroyed local pool PoolId(major:1, minor:0)[0m
[31m/home/cvazquezperezdelacru/clio-core/context-runtime/src/ipc_manager.cc:3849 ERROR 2484197 RouteTask RouteTask: RouteLocal returned 4 for pool=PoolId(major:1, minor:0) method=14, worker=6[0m
[31m/home/cvazquezperezdelacru/clio-core/context-runtime/src/ipc_manager.cc:3849 ERROR 2484198 RouteTask RouteTask: RouteLocal returned 4 for pool=PoolId(major:1, minor:0) method=21, worker=7[0m
[31m/home/cvazquezperezdelacru/clio-core/context-runtime/src/ipc_manager.cc:3849 ERROR 2484197 RouteTask RouteTask: RouteLocal returned 4 for pool=PoolId(major:1, minor:0) method=14, worker=6[0m
[31m/home/cvazquezperezdelacru/clio-core/context-runtime/src/ipc_manager.cc:3849 ERROR 2484198 RouteTask RouteTask: RouteLocal returned 4 for pool=PoolId(major:1, minor:0) method=21, worker=7[0m
