[97m/home/cvazquezperezdelacru/clio-core/context-runtime/src/config_manager.cc:144 INFO 2486504 ClientInit Config at: /mnt/common/cvazquezperezdelacru/IOWARP/faiss/contrib/iowarp/benchmarks/results/ares_cte_rendered_20260729_131334.yaml[0m
[97m/home/cvazquezperezdelacru/clio-core/context-runtime/src/ipc_manager.cc:2865 INFO 2486504 ClearUserIpcs ClearUserIpcs: Removed 233 memfd symlinks from previous runs[0m
[33m/home/cvazquezperezdelacru/clio-core/context-runtime/src/ipc_manager.cc:906 WARNING 2486504 ServerInitShm Main segment: requested 50079715328 bytes exceeds half the memory budget (50079715328 bytes); clamping to 25039857664 bytes[0m
[97m/home/cvazquezperezdelacru/clio-core/context-runtime/src/ipc_manager.cc:931 INFO 2486504 ServerInitShm Initializing main shared memory segment: 25039857664 bytes (23879 MB)[0m
[97m/home/cvazquezperezdelacru/clio-core/context-runtime/src/ipc_manager.cc:952 INFO 2486504 ServerInitShm Initializing queue shared memory segment: 646224224 bytes (631078 KB)[0m
[33m/home/cvazquezperezdelacru/clio-core/context-runtime/src/ipc_manager.cc:1005 WARNING 2486504 ServerInitShm Metadata segment: requested 50079715328 bytes exceeds half the memory budget (50079715328 bytes); clamping to 25039857664 bytes[0m
[97m/home/cvazquezperezdelacru/clio-core/context-runtime/src/ipc_manager.cc:1039 INFO 2486504 ServerInitShm Initializing metadata shared memory segment: 25039857664 bytes (23879 MB), sparse/not pre-faulted[0m
[97m/home/cvazquezperezdelacru/clio-core/context-runtime/src/ipc_manager.cc:865 INFO 2486504 ExcludeFromCoreDump metadata segment: excluded 25039857664 bytes from core dumps[0m
[97m/home/cvazquezperezdelacru/clio-core/context-runtime/src/ipc_manager.cc:1072 INFO 2486504 ServerInitShm ServerInitShm: metadata directory at offset 68072[0m
[97m/home/cvazquezperezdelacru/clio-core/context-runtime/src/ipc_manager.cc:1127 INFO 2486504 ServerInitShm ServerInitShm: 8 inbound SHM ring(s) 'clio-2486504-shm-in-0..7' (16MB each)[0m
[97m/home/cvazquezperezdelacru/clio-core/context-runtime/src/ipc_manager.cc:1269 INFO 2486504 ServerInitQueues Initializing 16 worker queues with depth 1024 (last worker serves dual role)[0m
[97m/home/cvazquezperezdelacru/clio-core/context-runtime/src/ipc_manager.cc:1933 INFO 2486504 IdentifyThisHost SUCCESS: Main server started on 0.0.0.0:9413 (advertised as 0.0.0.0, node=0)[0m
[97m/home/cvazquezperezdelacru/clio-core/context-runtime/src/ipc_manager.cc:561 INFO 2486504 ServerInit IpcManager: TCP ROUTER transport bound on 0.0.0.0:9416[0m
[97m/home/cvazquezperezdelacru/clio-core/context-runtime/src/ipc_manager.cc:579 INFO 2486504 ServerInit IpcManager: IPC lightbeam server bound on /tmp/clio_cvazquezperezdelacru/clio_9413.ipc[0m
[97m/home/cvazquezperezdelacru/clio-core/context-runtime/src/module_manager.cc:137 INFO 2486504 LoadChiMod Loaded ChiMod: clio_MOD_NAME from /mnt/common/cvazquezperezdelacru/clio-core-dev-install/lib/libclio_MOD_NAME_runtime.so[0m
[97m/home/cvazquezperezdelacru/clio-core/context-runtime/src/module_manager.cc:137 INFO 2486504 LoadChiMod Loaded ChiMod: clio_admin from /mnt/common/cvazquezperezdelacru/clio-core-dev-install/lib/libclio_admin_runtime.so[0m
[97m/home/cvazquezperezdelacru/clio-core/context-runtime/src/module_manager.cc:137 INFO 2486504 LoadChiMod Loaded ChiMod: clio_bdev from /mnt/common/cvazquezperezdelacru/clio-core-dev-install/lib/libclio_bdev_runtime.so[0m
[97m/home/cvazquezperezdelacru/clio-core/context-runtime/src/module_manager.cc:137 INFO 2486504 LoadChiMod Loaded ChiMod: clio_safe_bdev from /mnt/common/cvazquezperezdelacru/clio-core-dev-install/lib/libclio_safe_bdev_runtime.so[0m
[97m/home/cvazquezperezdelacru/clio-core/context-runtime/src/module_manager.cc:137 INFO 2486504 LoadChiMod Loaded ChiMod: clio_cte_core from /mnt/common/cvazquezperezdelacru/clio-core-dev-install/lib/libclio_cte_core_runtime.so[0m
[97m/home/cvazquezperezdelacru/clio-core/context-runtime/src/module_manager.cc:137 INFO 2486504 LoadChiMod Loaded ChiMod: clio_cte_filesystem from /mnt/common/cvazquezperezdelacru/clio-core-dev-install/lib/libclio_cte_filesystem_runtime.so[0m
[97m/home/cvazquezperezdelacru/clio-core/context-runtime/src/module_manager.cc:137 INFO 2486504 LoadChiMod Loaded ChiMod: clio_faiss_ivf from /mnt/common/cvazquezperezdelacru/IOWARP/faiss/contrib/iowarp/build-dev/chimod/libclio_faiss_ivf_runtime.so[0m
[97m/home/cvazquezperezdelacru/clio-core/context-runtime/src/work_orchestrator.cc:94 INFO 2486504 Init Creating 8 workers (7 task + 1 dedicated network)[0m
[97m/home/cvazquezperezdelacru/clio-core/context-runtime/src/ipc_manager.cc:756 INFO 2486504 SetNumSchedQueues IpcManager: Updated num_sched_queues to 1[0m
[97m/home/cvazquezperezdelacru/clio-core/context-runtime/src/scheduler/default_sched.cc:139 INFO 2486504 DivideWorkers DefaultScheduler: 1 scheduler worker (0), 4 I/O workers, net_send_worker=6, net_recv_worker=7, gpu_worker=5[0m
[97m/home/cvazquezperezdelacru/clio-core/context-runtime/src/work_orchestrator.cc:271 INFO 2486504 SpawnWorkerThreads WorkOrchestrator: num_workers=8, num_lanes=16[0m
[97m/home/cvazquezperezdelacru/clio-core/context-runtime/src/work_orchestrator.cc:294 INFO 2486504 SpawnWorkerThreads WorkOrchestrator: Mapped worker 0 (ID 0) to lane 0[0m
[97m/home/cvazquezperezdelacru/clio-core/context-runtime/src/work_orchestrator.cc:294 INFO 2486504 SpawnWorkerThreads WorkOrchestrator: Mapped worker 1 (ID 1) to lane 1[0m
[97m/home/cvazquezperezdelacru/clio-core/context-runtime/src/work_orchestrator.cc:294 INFO 2486504 SpawnWorkerThreads WorkOrchestrator: Mapped worker 2 (ID 2) to lane 2[0m
[97m/home/cvazquezperezdelacru/clio-core/context-runtime/src/work_orchestrator.cc:294 INFO 2486504 SpawnWorkerThreads WorkOrchestrator: Mapped worker 3 (ID 3) to lane 3[0m
[97m/home/cvazquezperezdelacru/clio-core/context-runtime/src/work_orchestrator.cc:294 INFO 2486504 SpawnWorkerThreads WorkOrchestrator: Mapped worker 4 (ID 4) to lane 4[0m
[97m/home/cvazquezperezdelacru/clio-core/context-runtime/src/work_orchestrator.cc:294 INFO 2486504 SpawnWorkerThreads WorkOrchestrator: Mapped worker 5 (ID 5) to lane 5[0m
[97m/home/cvazquezperezdelacru/clio-core/context-runtime/src/work_orchestrator.cc:294 INFO 2486504 SpawnWorkerThreads WorkOrchestrator: Mapped worker 6 (ID 6) to lane 6[0m
[97m/home/cvazquezperezdelacru/clio-core/context-runtime/src/work_orchestrator.cc:294 INFO 2486504 SpawnWorkerThreads WorkOrchestrator: Mapped worker 7 (ID 7) to lane 7[0m
[97m/home/cvazquezperezdelacru/clio-core/context-runtime/src/pool_manager.cc:534 INFO 2486504 CreatePool PoolManager: Creating pool 'admin' with 1 containers (one per node)[0m
[33m/home/cvazquezperezdelacru/clio-core/context-runtime/modules/admin/include/clio_runtime/admin/admin_client.h:59 WARNING 2486504 Client AdminClient: Default constructor called - pool_id_ will be PoolId(0,0)[0m
[97m/home/cvazquezperezdelacru/clio-core/context-runtime/src/pool_manager.cc:615 INFO 2486504 CreatePool Creating container for pool PoolId(major:1, minor:0) on node 0 with container_id=0[0m
[97m/home/cvazquezperezdelacru/clio-core/context-runtime/src/pool_manager.cc:644 INFO 2486504 CreatePool Container initialized with pool ID PoolId(major:1, minor:0), name admin, and container ID 0[0m
[97m/home/cvazquezperezdelacru/clio-core/context-runtime/src/pool_manager.cc:663 INFO 2486504 CreatePool CreatePool: Running Create method for pool PoolId(major:1, minor:0)[0m
[97m/home/cvazquezperezdelacru/clio-core/context-runtime/src/ipc/ipc_run2run.cc:1105 INFO 2486534 operator() [PeerRecvThread] started[0m
[97m/home/cvazquezperezdelacru/clio-core/context-runtime/src/ipc/ipc_run2run.cc:1166 INFO 2486535 operator() [ClientRecvThread] started[0m
[97m/home/cvazquezperezdelacru/clio-core/context-runtime/src/pool_manager.cc:666 INFO 2486504 CreatePool CreatePool: Create method completed for pool PoolId(major:1, minor:0)[0m
[97m/home/cvazquezperezdelacru/clio-core/context-runtime/src/pool_manager.cc:700 INFO 2486504 CreatePool PoolManager: Created complete pool PoolId(major:1, minor:0) with ChiMod clio_admin (1 containers)[0m
[97m/home/cvazquezperezdelacru/clio-core/context-runtime/src/pool_manager.cc:125 INFO 2486504 ServerInit PoolManager: Admin chimod pool created successfully with PoolId PoolId(major:1, minor:0)[0m
[97m/home/cvazquezperezdelacru/clio-core/context-runtime/src/manager.cc:264 INFO 2486504 ServerInit Processing compose configuration with 3 pools[0m
[33m/home/cvazquezperezdelacru/clio-core/context-runtime/src/../modules/admin/include/clio_runtime/admin/admin_client.h:59 WARNING 2486504 Client AdminClient: Default constructor called - pool_id_ will be PoolId(0,0)[0m
[97m/home/cvazquezperezdelacru/clio-core/context-runtime/src/manager.cc:282 INFO 2486504 ServerInit Compose: Creating pool ram::chi_default_bdev (module: clio_bdev, restart: 0)[0m
[97m/home/cvazquezperezdelacru/clio-core/context-runtime/src/pool_manager.cc:534 INFO 2486529 CreatePool PoolManager: Creating pool 'ram::chi_default_bdev' with 1 containers (one per node)[0m
[97m/home/cvazquezperezdelacru/clio-core/context-runtime/src/pool_manager.cc:615 INFO 2486529 CreatePool Creating container for pool PoolId(major:301, minor:0) on node 0 with container_id=0[0m
[97m/home/cvazquezperezdelacru/clio-core/context-runtime/src/pool_manager.cc:644 INFO 2486529 CreatePool Container initialized with pool ID PoolId(major:301, minor:0), name ram::chi_default_bdev, and container ID 0[0m
[97m/home/cvazquezperezdelacru/clio-core/context-runtime/src/pool_manager.cc:663 INFO 2486529 CreatePool CreatePool: Running Create method for pool PoolId(major:301, minor:0)[0m
[97m/home/cvazquezperezdelacru/clio-core/context-runtime/modules/bdev/src/transports/mem_bdev_transport.cc:102 INFO 2486529 InitShmBacking [#783] RAM bdev 'clio_rambdev_2486504_301_0' is shared-memory backed (38655688704 of 38654705664 bytes mapped)[0m
[97m/home/cvazquezperezdelacru/clio-core/context-runtime/src/pool_manager.cc:666 INFO 2486529 CreatePool CreatePool: Create method completed for pool PoolId(major:301, minor:0)[0m
[97m/home/cvazquezperezdelacru/clio-core/context-runtime/src/pool_manager.cc:700 INFO 2486529 CreatePool PoolManager: Created complete pool PoolId(major:301, minor:0) with ChiMod clio_bdev (1 containers)[0m
[97m/home/cvazquezperezdelacru/clio-core/context-runtime/src/manager.cc:298 INFO 2486504 ServerInit Compose: Successfully created pool ram::chi_default_bdev (module: clio_bdev)[0m
[97m/home/cvazquezperezdelacru/clio-core/context-runtime/src/manager.cc:282 INFO 2486504 ServerInit Compose: Creating pool cte_main (module: clio_cte_core, restart: 0)[0m
[97m/home/cvazquezperezdelacru/clio-core/context-runtime/src/pool_manager.cc:534 INFO 2486526 CreatePool PoolManager: Creating pool 'cte_main' with 1 containers (one per node)[0m
[97m/home/cvazquezperezdelacru/clio-core/context-runtime/src/pool_manager.cc:615 INFO 2486526 CreatePool Creating container for pool PoolId(major:512, minor:0) on node 0 with container_id=0[0m
[97m/home/cvazquezperezdelacru/clio-core/context-runtime/src/pool_manager.cc:644 INFO 2486526 CreatePool Container initialized with pool ID PoolId(major:512, minor:0), name cte_main, and container ID 0[0m
[97m/home/cvazquezperezdelacru/clio-core/context-runtime/src/pool_manager.cc:663 INFO 2486526 CreatePool CreatePool: Running Create method for pool PoolId(major:512, minor:0)[0m
[97m/home/cvazquezperezdelacru/clio-core/context-transfer-engine/core/src/core_config.cc:618 INFO 2486526 ParseStorageConfig Parsed 2 storage devices[0m
[97m/home/cvazquezperezdelacru/clio-core/context-transfer-engine/core/src/core_config.cc:636 INFO 2486526 ParseDpeConfig Parsed DPE configuration: type=max_bw[0m
[97m/home/cvazquezperezdelacru/clio-core/context-transfer-engine/core/src/core_config.cc:111 INFO 2486526 LoadFromString Configuration loaded successfully from YAML string[0m
[97m/home/cvazquezperezdelacru/clio-core/context-transfer-engine/core/src/core_runtime.cc:545 INFO 2486526 Create CTE: shared-memory metadata cache enabled (tags=65536, blobs=262144, root_off=488)[0m
[97m/home/cvazquezperezdelacru/clio-core/context-runtime/src/pool_manager.cc:534 INFO 2486528 CreatePool PoolManager: Creating pool 'ram::cte_ram_tier_node0' with 1 containers (one per node)[0m
[97m/home/cvazquezperezdelacru/clio-core/context-runtime/src/pool_manager.cc:615 INFO 2486528 CreatePool Creating container for pool PoolId(major:512, minor:1) on node 0 with container_id=0[0m
[97m/home/cvazquezperezdelacru/clio-core/context-runtime/src/pool_manager.cc:644 INFO 2486528 CreatePool Container initialized with pool ID PoolId(major:512, minor:1), name ram::cte_ram_tier_node0, and container ID 0[0m
[97m/home/cvazquezperezdelacru/clio-core/context-runtime/src/pool_manager.cc:663 INFO 2486528 CreatePool CreatePool: Running Create method for pool PoolId(major:512, minor:1)[0m
[97m/home/cvazquezperezdelacru/clio-core/context-runtime/modules/bdev/src/transports/mem_bdev_transport.cc:102 INFO 2486528 InitShmBacking [#783] RAM bdev 'clio_rambdev_2486504_512_1' is shared-memory backed (32213237760 of 32212254720 bytes mapped)[0m
[97m/home/cvazquezperezdelacru/clio-core/context-runtime/modules/bdev/src/bdev_runtime.cc:145 INFO 2486528 LoadPerfStats bdev 'ram::cte_ram_tier_node0': restored perf stats from /home/cvazquezperezdelacru/.clio/bdev_perf/ram__cte_ram_tier_node0.perf (read 476.61 MB/s, write 833.769 MB/s)[0m
[97m/home/cvazquezperezdelacru/clio-core/context-runtime/src/pool_manager.cc:666 INFO 2486528 CreatePool CreatePool: Create method completed for pool PoolId(major:512, minor:1)[0m
[97m/home/cvazquezperezdelacru/clio-core/context-runtime/src/pool_manager.cc:700 INFO 2486528 CreatePool PoolManager: Created complete pool PoolId(major:512, minor:1) with ChiMod clio_bdev (1 containers)[0m
[97m/home/cvazquezperezdelacru/clio-core/context-runtime/src/pool_manager.cc:534 INFO 2486528 CreatePool PoolManager: Creating pool '/mnt/nvme/cvazquezperezdelacru/cte_tier_node0' with 1 containers (one per node)[0m
[97m/home/cvazquezperezdelacru/clio-core/context-runtime/src/pool_manager.cc:615 INFO 2486528 CreatePool Creating container for pool PoolId(major:513, minor:1) on node 0 with container_id=0[0m
[97m/home/cvazquezperezdelacru/clio-core/context-runtime/src/pool_manager.cc:644 INFO 2486528 CreatePool Container initialized with pool ID PoolId(major:513, minor:1), name /mnt/nvme/cvazquezperezdelacru/cte_tier_node0, and container ID 0[0m
[97m/home/cvazquezperezdelacru/clio-core/context-runtime/src/pool_manager.cc:663 INFO 2486528 CreatePool CreatePool: Running Create method for pool PoolId(major:513, minor:1)[0m
[97m/home/cvazquezperezdelacru/clio-core/context-runtime/modules/bdev/src/bdev_runtime.cc:145 INFO 2486528 LoadPerfStats bdev '/mnt/nvme/cvazquezperezdelacru/cte_tier_node0': restored perf stats from /home/cvazquezperezdelacru/.clio/bdev_perf/_mnt_nvme_cvazquezperezdelacru_cte_tier_node0.perf (read 740.411 MB/s, write 423.367 MB/s)[0m
[97m/home/cvazquezperezdelacru/clio-core/context-runtime/src/pool_manager.cc:666 INFO 2486528 CreatePool CreatePool: Create method completed for pool PoolId(major:513, minor:1)[0m
[97m/home/cvazquezperezdelacru/clio-core/context-runtime/src/pool_manager.cc:700 INFO 2486528 CreatePool PoolManager: Created complete pool PoolId(major:513, minor:1) with ChiMod clio_bdev (1 containers)[0m
[97m/home/cvazquezperezdelacru/clio-core/context-transfer-engine/core/src/core_runtime.cc:663 INFO 2486526 Create CTE Core container created and initialized for pool: cte_main (ID: PoolId(major:512, minor:0))[0m
[97m/home/cvazquezperezdelacru/clio-core/context-transfer-engine/core/src/core_runtime.cc:667 INFO 2486526 Create Configuration: neighborhood=1, poll_period_ms=5000, stat_targets_period_ms=5000[0m
[97m/home/cvazquezperezdelacru/clio-core/context-transfer-engine/core/src/core_runtime.cc:709 INFO 2486526 Create Starting periodic StatTargets task with period 5000 ms[0m
[97m/home/cvazquezperezdelacru/clio-core/context-runtime/src/pool_manager.cc:666 INFO 2486526 CreatePool CreatePool: Create method completed for pool PoolId(major:512, minor:0)[0m
[97m/home/cvazquezperezdelacru/clio-core/context-runtime/src/pool_manager.cc:700 INFO 2486526 CreatePool PoolManager: Created complete pool PoolId(major:512, minor:0) with ChiMod clio_cte_core (1 containers)[0m
[97m/home/cvazquezperezdelacru/clio-core/context-runtime/src/manager.cc:298 INFO 2486504 ServerInit Compose: Successfully created pool cte_main (module: clio_cte_core)[0m
[97m/home/cvazquezperezdelacru/clio-core/context-runtime/src/manager.cc:282 INFO 2486504 ServerInit Compose: Creating pool faiss_ivf_main (module: clio_faiss_ivf, restart: 0)[0m
[97m/home/cvazquezperezdelacru/clio-core/context-runtime/src/pool_manager.cc:534 INFO 2486528 CreatePool PoolManager: Creating pool 'faiss_ivf_main' with 1 containers (one per node)[0m
[97m/home/cvazquezperezdelacru/clio-core/context-runtime/src/pool_manager.cc:615 INFO 2486528 CreatePool Creating container for pool PoolId(major:600, minor:0) on node 0 with container_id=0[0m
[97m/home/cvazquezperezdelacru/clio-core/context-runtime/src/pool_manager.cc:644 INFO 2486528 CreatePool Container initialized with pool ID PoolId(major:600, minor:0), name faiss_ivf_main, and container ID 0[0m
[97m/home/cvazquezperezdelacru/clio-core/context-runtime/src/pool_manager.cc:663 INFO 2486528 CreatePool CreatePool: Running Create method for pool PoolId(major:600, minor:0)[0m
[97m/home/cvazquezperezdelacru/clio-core/context-runtime/src/pool_manager.cc:666 INFO 2486528 CreatePool CreatePool: Create method completed for pool PoolId(major:600, minor:0)[0m
[97m/home/cvazquezperezdelacru/clio-core/context-runtime/src/pool_manager.cc:700 INFO 2486528 CreatePool PoolManager: Created complete pool PoolId(major:600, minor:0) with ChiMod clio_faiss_ivf (1 containers)[0m
[97m/home/cvazquezperezdelacru/clio-core/context-runtime/src/manager.cc:298 INFO 2486504 ServerInit Compose: Successfully created pool faiss_ivf_main (module: clio_faiss_ivf)[0m
[97m/home/cvazquezperezdelacru/clio-core/context-runtime/src/manager.cc:304 INFO 2486504 ServerInit Compose: All 3 pools created successfully[0m
[32m/home/cvazquezperezdelacru/clio-core/context-runtime/src/ipc_manager.cc:1368 SUCCESS 2486504 StartLocalServer Successfully started local server at 127.0.0.1:9414[0m
[97m/home/cvazquezperezdelacru/clio-core/context-runtime/src/manager.cc:137 INFO 2486504 ClientInit RuntimeManager::ClientInit[0m
[97m/home/cvazquezperezdelacru/clio-core/context-runtime/src/manager.cc:181 INFO 2486504 ClientInit ClientInit: g_admin already exists, pool_id_=PoolId(major:0, minor:0)[0m
[33m/home/cvazquezperezdelacru/clio-core/context-runtime/src/scheduler/default_sched.cc:430 WARNING 2486533 LoadBalance [#781 PDF] observed exec-time bins (cumulative): <10us=60213 <50us=266 <500us=10 <10ms=7 <50ms=0 <500ms=2 <1s=0 >=1s=0 | stalls_detected=0[0m
[33m/home/cvazquezperezdelacru/clio-core/context-runtime/src/scheduler/default_sched.cc:439 WARNING 2486533 LoadBalance [#785] lane rescues performed: 0[0m
[33m/home/cvazquezperezdelacru/clio-core/context-runtime/src/scheduler/default_sched.cc:430 WARNING 2486533 LoadBalance [#781 PDF] observed exec-time bins (cumulative): <10us=127184 <50us=519 <500us=17 <10ms=7 <50ms=0 <500ms=2 <1s=0 >=1s=0 | stalls_detected=0[0m
[33m/home/cvazquezperezdelacru/clio-core/context-runtime/src/scheduler/default_sched.cc:439 WARNING 2486533 LoadBalance [#785] lane rescues performed: 0[0m
[33m/home/cvazquezperezdelacru/clio-core/context-runtime/src/scheduler/default_sched.cc:430 WARNING 2486533 LoadBalance [#781 PDF] observed exec-time bins (cumulative): <10us=194273 <50us=716 <500us=26 <10ms=9 <50ms=0 <500ms=2 <1s=0 >=1s=0 | stalls_detected=0[0m
[33m/home/cvazquezperezdelacru/clio-core/context-runtime/src/scheduler/default_sched.cc:439 WARNING 2486533 LoadBalance [#785] lane rescues performed: 0[0m
[97m/home/cvazquezperezdelacru/clio-core/context-runtime/src/ipc_manager.cc:2288 INFO 2486535 GetOrCreateClient [ClientPool] Creating new persistent connection to 127.0.0.1:36227[0m
[97m/home/cvazquezperezdelacru/clio-core/context-runtime/src/../../context-transport-primitives/include/clio_ctp/lightbeam/zmq_transport.h:152 INFO 2486535 GetSharedContext [ZeroMqTransport] Created shared context with 8 I/O threads[0m
[97m/home/cvazquezperezdelacru/clio-core/context-runtime/src/ipc_manager.cc:2308 INFO 2486535 GetOrCreateClient [ClientPool] Connection established to 127.0.0.1:36227[0m
[97m/home/cvazquezperezdelacru/clio-core/context-runtime/modules/admin/src/admin_runtime.cc:1191 INFO 2486525 RegisterMemory Admin::RegisterMemory: Registering CPU alloc_id (2486604.0)[0m
[97m/home/cvazquezperezdelacru/clio-core/context-runtime/src/ipc_manager.cc:2532 INFO 2486525 RegisterMemory IpcManager::RegisterMemory: Registering clio_2486604_0 from pid 2486604[0m
[97m/home/cvazquezperezdelacru/clio-core/context-runtime/src/ipc_manager.cc:2575 INFO 2486525 RegisterMemory IpcManager::RegisterMemory: Successfully registered clio_2486604_0[0m
[97m/home/cvazquezperezdelacru/clio-core/context-runtime/src/pool_manager.cc:534 INFO 2486529 CreatePool PoolManager: Creating pool 'clio_cte_core' with 1 containers (one per node)[0m
[97m/home/cvazquezperezdelacru/clio-core/context-runtime/src/pool_manager.cc:575 INFO 2486529 CreatePool PoolManager: Pool PoolId(major:512, minor:0) already exists by ID, returning existing pool[0m
[33m/home/cvazquezperezdelacru/clio-core/context-runtime/src/scheduler/default_sched.cc:430 WARNING 2486533 LoadBalance [#781 PDF] observed exec-time bins (cumulative): <10us=258516 <50us=3075 <500us=157 <10ms=230 <50ms=29 <500ms=2 <1s=0 >=1s=0 | stalls_detected=0[0m
[33m/home/cvazquezperezdelacru/clio-core/context-runtime/src/scheduler/default_sched.cc:439 WARNING 2486533 LoadBalance [#785] lane rescues performed: 0[0m
[97m/home/cvazquezperezdelacru/clio-core/context-runtime/modules/admin/src/admin_runtime.cc:1191 INFO 2486527 RegisterMemory Admin::RegisterMemory: Registering CPU alloc_id (2486604.1)[0m
[97m/home/cvazquezperezdelacru/clio-core/context-runtime/src/ipc_manager.cc:2532 INFO 2486527 RegisterMemory IpcManager::RegisterMemory: Registering clio_2486604_1 from pid 2486604[0m
[97m/home/cvazquezperezdelacru/clio-core/context-runtime/src/ipc_manager.cc:2575 INFO 2486527 RegisterMemory IpcManager::RegisterMemory: Successfully registered clio_2486604_1[0m
[97m/home/cvazquezperezdelacru/clio-core/context-runtime/modules/admin/src/admin_runtime.cc:1191 INFO 2486527 RegisterMemory Admin::RegisterMemory: Registering CPU alloc_id (2486604.2)[0m
[97m/home/cvazquezperezdelacru/clio-core/context-runtime/src/ipc_manager.cc:2532 INFO 2486527 RegisterMemory IpcManager::RegisterMemory: Registering clio_2486604_2 from pid 2486604[0m
[97m/home/cvazquezperezdelacru/clio-core/context-runtime/src/ipc_manager.cc:2575 INFO 2486527 RegisterMemory IpcManager::RegisterMemory: Successfully registered clio_2486604_2[0m
[97m/home/cvazquezperezdelacru/clio-core/context-runtime/modules/admin/src/admin_runtime.cc:1191 INFO 2486527 RegisterMemory Admin::RegisterMemory: Registering CPU alloc_id (2486604.3)[0m
[97m/home/cvazquezperezdelacru/clio-core/context-runtime/src/ipc_manager.cc:2532 INFO 2486527 RegisterMemory IpcManager::RegisterMemory: Registering clio_2486604_3 from pid 2486604[0m
[97m/home/cvazquezperezdelacru/clio-core/context-runtime/src/ipc_manager.cc:2575 INFO 2486527 RegisterMemory IpcManager::RegisterMemory: Successfully registered clio_2486604_3[0m
[33m/home/cvazquezperezdelacru/clio-core/context-runtime/src/scheduler/default_sched.cc:430 WARNING 2486533 LoadBalance [#781 PDF] observed exec-time bins (cumulative): <10us=323275 <50us=5122 <500us=377 <10ms=536 <50ms=39 <500ms=2 <1s=0 >=1s=0 | stalls_detected=0[0m
[33m/home/cvazquezperezdelacru/clio-core/context-runtime/src/scheduler/default_sched.cc:439 WARNING 2486533 LoadBalance [#785] lane rescues performed: 0[0m
[97m/home/cvazquezperezdelacru/clio-core/context-runtime/modules/admin/src/admin_runtime.cc:1191 INFO 2486527 RegisterMemory Admin::RegisterMemory: Registering CPU alloc_id (2486604.4)[0m
[97m/home/cvazquezperezdelacru/clio-core/context-runtime/src/ipc_manager.cc:2532 INFO 2486527 RegisterMemory IpcManager::RegisterMemory: Registering clio_2486604_4 from pid 2486604[0m
[97m/home/cvazquezperezdelacru/clio-core/context-runtime/src/ipc_manager.cc:2575 INFO 2486527 RegisterMemory IpcManager::RegisterMemory: Successfully registered clio_2486604_4[0m
[97m/home/cvazquezperezdelacru/clio-core/context-runtime/modules/admin/src/admin_runtime.cc:1191 INFO 2486526 RegisterMemory Admin::RegisterMemory: Registering CPU alloc_id (2486604.5)[0m
[97m/home/cvazquezperezdelacru/clio-core/context-runtime/src/ipc_manager.cc:2532 INFO 2486526 RegisterMemory IpcManager::RegisterMemory: Registering clio_2486604_5 from pid 2486604[0m
[97m/home/cvazquezperezdelacru/clio-core/context-runtime/src/ipc_manager.cc:2575 INFO 2486526 RegisterMemory IpcManager::RegisterMemory: Successfully registered clio_2486604_5[0m
[97m/home/cvazquezperezdelacru/clio-core/context-runtime/modules/admin/src/admin_runtime.cc:1191 INFO 2486526 RegisterMemory Admin::RegisterMemory: Registering CPU alloc_id (2486604.6)[0m
[97m/home/cvazquezperezdelacru/clio-core/context-runtime/src/ipc_manager.cc:2532 INFO 2486526 RegisterMemory IpcManager::RegisterMemory: Registering clio_2486604_6 from pid 2486604[0m
[97m/home/cvazquezperezdelacru/clio-core/context-runtime/src/ipc_manager.cc:2575 INFO 2486526 RegisterMemory IpcManager::RegisterMemory: Successfully registered clio_2486604_6[0m
[97m/home/cvazquezperezdelacru/clio-core/context-runtime/modules/admin/src/admin_runtime.cc:1191 INFO 2486526 RegisterMemory Admin::RegisterMemory: Registering CPU alloc_id (2486604.7)[0m
[97m/home/cvazquezperezdelacru/clio-core/context-runtime/src/ipc_manager.cc:2532 INFO 2486526 RegisterMemory IpcManager::RegisterMemory: Registering clio_2486604_7 from pid 2486604[0m
[97m/home/cvazquezperezdelacru/clio-core/context-runtime/src/ipc_manager.cc:2575 INFO 2486526 RegisterMemory IpcManager::RegisterMemory: Successfully registered clio_2486604_7[0m
[33m/home/cvazquezperezdelacru/clio-core/context-runtime/src/scheduler/default_sched.cc:430 WARNING 2486533 LoadBalance [#781 PDF] observed exec-time bins (cumulative): <10us=386894 <50us=8159 <500us=597 <10ms=873 <50ms=46 <500ms=4 <1s=0 >=1s=0 | stalls_detected=0[0m
[33m/home/cvazquezperezdelacru/clio-core/context-runtime/src/scheduler/default_sched.cc:439 WARNING 2486533 LoadBalance [#785] lane rescues performed: 0[0m
[97m/home/cvazquezperezdelacru/clio-core/context-runtime/modules/admin/src/admin_runtime.cc:1191 INFO 2486526 RegisterMemory Admin::RegisterMemory: Registering CPU alloc_id (2486604.8)[0m
[97m/home/cvazquezperezdelacru/clio-core/context-runtime/src/ipc_manager.cc:2532 INFO 2486526 RegisterMemory IpcManager::RegisterMemory: Registering clio_2486604_8 from pid 2486604[0m
[97m/home/cvazquezperezdelacru/clio-core/context-runtime/src/ipc_manager.cc:2575 INFO 2486526 RegisterMemory IpcManager::RegisterMemory: Successfully registered clio_2486604_8[0m
[97m/home/cvazquezperezdelacru/clio-core/context-runtime/modules/admin/src/admin_runtime.cc:1191 INFO 2486526 RegisterMemory Admin::RegisterMemory: Registering CPU alloc_id (2486604.9)[0m
[97m/home/cvazquezperezdelacru/clio-core/context-runtime/src/ipc_manager.cc:2532 INFO 2486526 RegisterMemory IpcManager::RegisterMemory: Registering clio_2486604_9 from pid 2486604[0m
[97m/home/cvazquezperezdelacru/clio-core/context-runtime/src/ipc_manager.cc:2575 INFO 2486526 RegisterMemory IpcManager::RegisterMemory: Successfully registered clio_2486604_9[0m
[97m/home/cvazquezperezdelacru/clio-core/context-runtime/modules/admin/src/admin_runtime.cc:1191 INFO 2486526 RegisterMemory Admin::RegisterMemory: Registering CPU alloc_id (2486604.10)[0m
[97m/home/cvazquezperezdelacru/clio-core/context-runtime/src/ipc_manager.cc:2532 INFO 2486526 RegisterMemory IpcManager::RegisterMemory: Registering clio_2486604_10 from pid 2486604[0m
[97m/home/cvazquezperezdelacru/clio-core/context-runtime/src/ipc_manager.cc:2575 INFO 2486526 RegisterMemory IpcManager::RegisterMemory: Successfully registered clio_2486604_10[0m
[97m/home/cvazquezperezdelacru/clio-core/context-runtime/modules/admin/src/admin_runtime.cc:1191 INFO 2486526 RegisterMemory Admin::RegisterMemory: Registering CPU alloc_id (2486604.11)[0m
[97m/home/cvazquezperezdelacru/clio-core/context-runtime/src/ipc_manager.cc:2532 INFO 2486526 RegisterMemory IpcManager::RegisterMemory: Registering clio_2486604_11 from pid 2486604[0m
[97m/home/cvazquezperezdelacru/clio-core/context-runtime/src/ipc_manager.cc:2575 INFO 2486526 RegisterMemory IpcManager::RegisterMemory: Successfully registered clio_2486604_11[0m
[33m/home/cvazquezperezdelacru/clio-core/context-runtime/src/scheduler/default_sched.cc:430 WARNING 2486533 LoadBalance [#781 PDF] observed exec-time bins (cumulative): <10us=450215 <50us=11857 <500us=762 <10ms=1274 <50ms=49 <500ms=5 <1s=0 >=1s=0 | stalls_detected=0[0m
[33m/home/cvazquezperezdelacru/clio-core/context-runtime/src/scheduler/default_sched.cc:439 WARNING 2486533 LoadBalance [#785] lane rescues performed: 0[0m
[97m/home/cvazquezperezdelacru/clio-core/context-runtime/modules/admin/src/admin_runtime.cc:1191 INFO 2486526 RegisterMemory Admin::RegisterMemory: Registering CPU alloc_id (2486604.12)[0m
[97m/home/cvazquezperezdelacru/clio-core/context-runtime/src/ipc_manager.cc:2532 INFO 2486526 RegisterMemory IpcManager::RegisterMemory: Registering clio_2486604_12 from pid 2486604[0m
[97m/home/cvazquezperezdelacru/clio-core/context-runtime/src/ipc_manager.cc:2575 INFO 2486526 RegisterMemory IpcManager::RegisterMemory: Successfully registered clio_2486604_12[0m
[97m/home/cvazquezperezdelacru/clio-core/context-runtime/modules/admin/src/admin_runtime.cc:1191 INFO 2486526 RegisterMemory Admin::RegisterMemory: Registering CPU alloc_id (2486604.13)[0m
[97m/home/cvazquezperezdelacru/clio-core/context-runtime/src/ipc_manager.cc:2532 INFO 2486526 RegisterMemory IpcManager::RegisterMemory: Registering clio_2486604_13 from pid 2486604[0m
[97m/home/cvazquezperezdelacru/clio-core/context-runtime/src/ipc_manager.cc:2575 INFO 2486526 RegisterMemory IpcManager::RegisterMemory: Successfully registered clio_2486604_13[0m
[97m/home/cvazquezperezdelacru/clio-core/context-runtime/modules/admin/src/admin_runtime.cc:1191 INFO 2486526 RegisterMemory Admin::RegisterMemory: Registering CPU alloc_id (2486604.14)[0m
[97m/home/cvazquezperezdelacru/clio-core/context-runtime/src/ipc_manager.cc:2532 INFO 2486526 RegisterMemory IpcManager::RegisterMemory: Registering clio_2486604_14 from pid 2486604[0m
[97m/home/cvazquezperezdelacru/clio-core/context-runtime/src/ipc_manager.cc:2575 INFO 2486526 RegisterMemory IpcManager::RegisterMemory: Successfully registered clio_2486604_14[0m
[97m/home/cvazquezperezdelacru/clio-core/context-runtime/modules/admin/src/admin_runtime.cc:1191 INFO 2486526 RegisterMemory Admin::RegisterMemory: Registering CPU alloc_id (2486604.15)[0m
[97m/home/cvazquezperezdelacru/clio-core/context-runtime/src/ipc_manager.cc:2532 INFO 2486526 RegisterMemory IpcManager::RegisterMemory: Registering clio_2486604_15 from pid 2486604[0m
[97m/home/cvazquezperezdelacru/clio-core/context-runtime/src/ipc_manager.cc:2575 INFO 2486526 RegisterMemory IpcManager::RegisterMemory: Successfully registered clio_2486604_15[0m
[97m/home/cvazquezperezdelacru/clio-core/context-runtime/modules/admin/src/admin_runtime.cc:1191 INFO 2486526 RegisterMemory Admin::RegisterMemory: Registering CPU alloc_id (2486604.16)[0m
[97m/home/cvazquezperezdelacru/clio-core/context-runtime/src/ipc_manager.cc:2532 INFO 2486526 RegisterMemory IpcManager::RegisterMemory: Registering clio_2486604_16 from pid 2486604[0m
[97m/home/cvazquezperezdelacru/clio-core/context-runtime/src/ipc_manager.cc:2575 INFO 2486526 RegisterMemory IpcManager::RegisterMemory: Successfully registered clio_2486604_16[0m
[97m/home/cvazquezperezdelacru/clio-core/context-runtime/modules/admin/src/admin_runtime.cc:1191 INFO 2486526 RegisterMemory Admin::RegisterMemory: Registering CPU alloc_id (2486604.17)[0m
[97m/home/cvazquezperezdelacru/clio-core/context-runtime/src/ipc_manager.cc:2532 INFO 2486526 RegisterMemory IpcManager::RegisterMemory: Registering clio_2486604_17 from pid 2486604[0m
[97m/home/cvazquezperezdelacru/clio-core/context-runtime/src/ipc_manager.cc:2575 INFO 2486526 RegisterMemory IpcManager::RegisterMemory: Successfully registered clio_2486604_17[0m
[33m/home/cvazquezperezdelacru/clio-core/context-runtime/src/scheduler/default_sched.cc:430 WARNING 2486533 LoadBalance [#781 PDF] observed exec-time bins (cumulative): <10us=514552 <50us=14760 <500us=927 <10ms=1644 <50ms=61 <500ms=7 <1s=0 >=1s=0 | stalls_detected=0[0m
[33m/home/cvazquezperezdelacru/clio-core/context-runtime/src/scheduler/default_sched.cc:439 WARNING 2486533 LoadBalance [#785] lane rescues performed: 0[0m
[97m/home/cvazquezperezdelacru/clio-core/context-runtime/modules/admin/src/admin_runtime.cc:1191 INFO 2486527 RegisterMemory Admin::RegisterMemory: Registering CPU alloc_id (2486604.18)[0m
[97m/home/cvazquezperezdelacru/clio-core/context-runtime/src/ipc_manager.cc:2532 INFO 2486527 RegisterMemory IpcManager::RegisterMemory: Registering clio_2486604_18 from pid 2486604[0m
[97m/home/cvazquezperezdelacru/clio-core/context-runtime/src/ipc_manager.cc:2575 INFO 2486527 RegisterMemory IpcManager::RegisterMemory: Successfully registered clio_2486604_18[0m
[33m/home/cvazquezperezdelacru/clio-core/context-runtime/src/scheduler/default_sched.cc:430 WARNING 2486533 LoadBalance [#781 PDF] observed exec-time bins (cumulative): <10us=579038 <50us=17228 <500us=1080 <10ms=2014 <50ms=70 <500ms=8 <1s=0 >=1s=0 | stalls_detected=0[0m
[33m/home/cvazquezperezdelacru/clio-core/context-runtime/src/scheduler/default_sched.cc:439 WARNING 2486533 LoadBalance [#785] lane rescues performed: 0[0m
[97m/home/cvazquezperezdelacru/clio-core/context-runtime/modules/admin/src/admin_runtime.cc:1191 INFO 2486527 RegisterMemory Admin::RegisterMemory: Registering CPU alloc_id (2486604.19)[0m
[97m/home/cvazquezperezdelacru/clio-core/context-runtime/src/ipc_manager.cc:2532 INFO 2486527 RegisterMemory IpcManager::RegisterMemory: Registering clio_2486604_19 from pid 2486604[0m
[97m/home/cvazquezperezdelacru/clio-core/context-runtime/src/ipc_manager.cc:2575 INFO 2486527 RegisterMemory IpcManager::RegisterMemory: Successfully registered clio_2486604_19[0m
[97m/home/cvazquezperezdelacru/clio-core/context-runtime/modules/admin/src/admin_runtime.cc:1191 INFO 2486526 RegisterMemory Admin::RegisterMemory: Registering CPU alloc_id (2486604.20)[0m
[97m/home/cvazquezperezdelacru/clio-core/context-runtime/src/ipc_manager.cc:2532 INFO 2486526 RegisterMemory IpcManager::RegisterMemory: Registering clio_2486604_20 from pid 2486604[0m
[97m/home/cvazquezperezdelacru/clio-core/context-runtime/src/ipc_manager.cc:2575 INFO 2486526 RegisterMemory IpcManager::RegisterMemory: Successfully registered clio_2486604_20[0m
[97m/home/cvazquezperezdelacru/clio-core/context-runtime/modules/admin/src/admin_runtime.cc:1191 INFO 2486527 RegisterMemory Admin::RegisterMemory: Registering CPU alloc_id (2486604.21)[0m
[97m/home/cvazquezperezdelacru/clio-core/context-runtime/src/ipc_manager.cc:2532 INFO 2486527 RegisterMemory IpcManager::RegisterMemory: Registering clio_2486604_21 from pid 2486604[0m
[97m/home/cvazquezperezdelacru/clio-core/context-runtime/src/ipc_manager.cc:2575 INFO 2486527 RegisterMemory IpcManager::RegisterMemory: Successfully registered clio_2486604_21[0m
[97m/home/cvazquezperezdelacru/clio-core/context-runtime/modules/admin/src/admin_runtime.cc:1191 INFO 2486526 RegisterMemory Admin::RegisterMemory: Registering CPU alloc_id (2486604.22)[0m
[97m/home/cvazquezperezdelacru/clio-core/context-runtime/src/ipc_manager.cc:2532 INFO 2486526 RegisterMemory IpcManager::RegisterMemory: Registering clio_2486604_22 from pid 2486604[0m
[97m/home/cvazquezperezdelacru/clio-core/context-runtime/src/ipc_manager.cc:2575 INFO 2486526 RegisterMemory IpcManager::RegisterMemory: Successfully registered clio_2486604_22[0m
[33m/home/cvazquezperezdelacru/clio-core/context-runtime/src/scheduler/default_sched.cc:430 WARNING 2486533 LoadBalance [#781 PDF] observed exec-time bins (cumulative): <10us=643305 <50us=20127 <500us=1248 <10ms=2415 <50ms=77 <500ms=9 <1s=0 >=1s=0 | stalls_detected=0[0m
[33m/home/cvazquezperezdelacru/clio-core/context-runtime/src/scheduler/default_sched.cc:439 WARNING 2486533 LoadBalance [#785] lane rescues performed: 0[0m
[97m/home/cvazquezperezdelacru/clio-core/context-runtime/modules/admin/src/admin_runtime.cc:1191 INFO 2486527 RegisterMemory Admin::RegisterMemory: Registering CPU alloc_id (2486604.23)[0m
[97m/home/cvazquezperezdelacru/clio-core/context-runtime/src/ipc_manager.cc:2532 INFO 2486527 RegisterMemory IpcManager::RegisterMemory: Registering clio_2486604_23 from pid 2486604[0m
[97m/home/cvazquezperezdelacru/clio-core/context-runtime/src/ipc_manager.cc:2575 INFO 2486527 RegisterMemory IpcManager::RegisterMemory: Successfully registered clio_2486604_23[0m
[97m/home/cvazquezperezdelacru/clio-core/context-runtime/modules/admin/src/admin_runtime.cc:1191 INFO 2486526 RegisterMemory Admin::RegisterMemory: Registering CPU alloc_id (2486604.24)[0m
[97m/home/cvazquezperezdelacru/clio-core/context-runtime/src/ipc_manager.cc:2532 INFO 2486526 RegisterMemory IpcManager::RegisterMemory: Registering clio_2486604_24 from pid 2486604[0m
[97m/home/cvazquezperezdelacru/clio-core/context-runtime/src/ipc_manager.cc:2575 INFO 2486526 RegisterMemory IpcManager::RegisterMemory: Successfully registered clio_2486604_24[0m
[97m/home/cvazquezperezdelacru/clio-core/context-runtime/modules/admin/src/admin_runtime.cc:1191 INFO 2486526 RegisterMemory Admin::RegisterMemory: Registering CPU alloc_id (2486604.25)[0m
[97m/home/cvazquezperezdelacru/clio-core/context-runtime/src/ipc_manager.cc:2532 INFO 2486526 RegisterMemory IpcManager::RegisterMemory: Registering clio_2486604_25 from pid 2486604[0m
[97m/home/cvazquezperezdelacru/clio-core/context-runtime/src/ipc_manager.cc:2575 INFO 2486526 RegisterMemory IpcManager::RegisterMemory: Successfully registered clio_2486604_25[0m
[33m/home/cvazquezperezdelacru/clio-core/context-runtime/src/scheduler/default_sched.cc:430 WARNING 2486533 LoadBalance [#781 PDF] observed exec-time bins (cumulative): <10us=707257 <50us=23131 <500us=1414 <10ms=2806 <50ms=83 <500ms=10 <1s=0 >=1s=0 | stalls_detected=0[0m
[33m/home/cvazquezperezdelacru/clio-core/context-runtime/src/scheduler/default_sched.cc:439 WARNING 2486533 LoadBalance [#785] lane rescues performed: 0[0m
[97m/home/cvazquezperezdelacru/clio-core/context-runtime/modules/admin/src/admin_runtime.cc:1191 INFO 2486526 RegisterMemory Admin::RegisterMemory: Registering CPU alloc_id (2486604.26)[0m
[97m/home/cvazquezperezdelacru/clio-core/context-runtime/src/ipc_manager.cc:2532 INFO 2486526 RegisterMemory IpcManager::RegisterMemory: Registering clio_2486604_26 from pid 2486604[0m
[97m/home/cvazquezperezdelacru/clio-core/context-runtime/src/ipc_manager.cc:2575 INFO 2486526 RegisterMemory IpcManager::RegisterMemory: Successfully registered clio_2486604_26[0m
[97m/home/cvazquezperezdelacru/clio-core/context-runtime/modules/admin/src/admin_runtime.cc:1191 INFO 2486526 RegisterMemory Admin::RegisterMemory: Registering CPU alloc_id (2486604.27)[0m
[97m/home/cvazquezperezdelacru/clio-core/context-runtime/src/ipc_manager.cc:2532 INFO 2486526 RegisterMemory IpcManager::RegisterMemory: Registering clio_2486604_27 from pid 2486604[0m
[97m/home/cvazquezperezdelacru/clio-core/context-runtime/src/ipc_manager.cc:2575 INFO 2486526 RegisterMemory IpcManager::RegisterMemory: Successfully registered clio_2486604_27[0m
[97m/home/cvazquezperezdelacru/clio-core/context-runtime/modules/admin/src/admin_runtime.cc:1191 INFO 2486526 RegisterMemory Admin::RegisterMemory: Registering CPU alloc_id (2486604.28)[0m
[97m/home/cvazquezperezdelacru/clio-core/context-runtime/src/ipc_manager.cc:2532 INFO 2486526 RegisterMemory IpcManager::RegisterMemory: Registering clio_2486604_28 from pid 2486604[0m
[97m/home/cvazquezperezdelacru/clio-core/context-runtime/src/ipc_manager.cc:2575 INFO 2486526 RegisterMemory IpcManager::RegisterMemory: Successfully registered clio_2486604_28[0m
[97m/home/cvazquezperezdelacru/clio-core/context-runtime/modules/admin/src/admin_runtime.cc:1191 INFO 2486526 RegisterMemory Admin::RegisterMemory: Registering CPU alloc_id (2486604.29)[0m
[97m/home/cvazquezperezdelacru/clio-core/context-runtime/src/ipc_manager.cc:2532 INFO 2486526 RegisterMemory IpcManager::RegisterMemory: Registering clio_2486604_29 from pid 2486604[0m
[97m/home/cvazquezperezdelacru/clio-core/context-runtime/src/ipc_manager.cc:2575 INFO 2486526 RegisterMemory IpcManager::RegisterMemory: Successfully registered clio_2486604_29[0m
[33m/home/cvazquezperezdelacru/clio-core/context-runtime/src/scheduler/default_sched.cc:430 WARNING 2486533 LoadBalance [#781 PDF] observed exec-time bins (cumulative): <10us=772387 <50us=25351 <500us=1584 <10ms=3208 <50ms=94 <500ms=11 <1s=0 >=1s=0 | stalls_detected=0[0m
[33m/home/cvazquezperezdelacru/clio-core/context-runtime/src/scheduler/default_sched.cc:439 WARNING 2486533 LoadBalance [#785] lane rescues performed: 0[0m
[97m/home/cvazquezperezdelacru/clio-core/context-runtime/modules/admin/src/admin_runtime.cc:1191 INFO 2486526 RegisterMemory Admin::RegisterMemory: Registering CPU alloc_id (2486604.30)[0m
[97m/home/cvazquezperezdelacru/clio-core/context-runtime/src/ipc_manager.cc:2532 INFO 2486526 RegisterMemory IpcManager::RegisterMemory: Registering clio_2486604_30 from pid 2486604[0m
[97m/home/cvazquezperezdelacru/clio-core/context-runtime/src/ipc_manager.cc:2575 INFO 2486526 RegisterMemory IpcManager::RegisterMemory: Successfully registered clio_2486604_30[0m
[97m/home/cvazquezperezdelacru/clio-core/context-runtime/modules/admin/src/admin_runtime.cc:1191 INFO 2486526 RegisterMemory Admin::RegisterMemory: Registering CPU alloc_id (2486604.31)[0m
[97m/home/cvazquezperezdelacru/clio-core/context-runtime/src/ipc_manager.cc:2532 INFO 2486526 RegisterMemory IpcManager::RegisterMemory: Registering clio_2486604_31 from pid 2486604[0m
[97m/home/cvazquezperezdelacru/clio-core/context-runtime/src/ipc_manager.cc:2575 INFO 2486526 RegisterMemory IpcManager::RegisterMemory: Successfully registered clio_2486604_31[0m
[97m/home/cvazquezperezdelacru/clio-core/context-runtime/modules/admin/src/admin_runtime.cc:1191 INFO 2486526 RegisterMemory Admin::RegisterMemory: Registering CPU alloc_id (2486604.32)[0m
[97m/home/cvazquezperezdelacru/clio-core/context-runtime/src/ipc_manager.cc:2532 INFO 2486526 RegisterMemory IpcManager::RegisterMemory: Registering clio_2486604_32 from pid 2486604[0m
[97m/home/cvazquezperezdelacru/clio-core/context-runtime/src/ipc_manager.cc:2575 INFO 2486526 RegisterMemory IpcManager::RegisterMemory: Successfully registered clio_2486604_32[0m
[97m/home/cvazquezperezdelacru/clio-core/context-runtime/modules/admin/src/admin_runtime.cc:1191 INFO 2486527 RegisterMemory Admin::RegisterMemory: Registering CPU alloc_id (2486604.33)[0m
[97m/home/cvazquezperezdelacru/clio-core/context-runtime/src/ipc_manager.cc:2532 INFO 2486527 RegisterMemory IpcManager::RegisterMemory: Registering clio_2486604_33 from pid 2486604[0m
[97m/home/cvazquezperezdelacru/clio-core/context-runtime/src/ipc_manager.cc:2575 INFO 2486527 RegisterMemory IpcManager::RegisterMemory: Successfully registered clio_2486604_33[0m
[33m/home/cvazquezperezdelacru/clio-core/context-runtime/src/scheduler/default_sched.cc:430 WARNING 2486533 LoadBalance [#781 PDF] observed exec-time bins (cumulative): <10us=837133 <50us=27731 <500us=1738 <10ms=3585 <50ms=109 <500ms=12 <1s=0 >=1s=0 | stalls_detected=0[0m
[33m/home/cvazquezperezdelacru/clio-core/context-runtime/src/scheduler/default_sched.cc:439 WARNING 2486533 LoadBalance [#785] lane rescues performed: 0[0m
[97m/home/cvazquezperezdelacru/clio-core/context-runtime/modules/admin/src/admin_runtime.cc:1191 INFO 2486527 RegisterMemory Admin::RegisterMemory: Registering CPU alloc_id (2486604.34)[0m
[97m/home/cvazquezperezdelacru/clio-core/context-runtime/src/ipc_manager.cc:2532 INFO 2486527 RegisterMemory IpcManager::RegisterMemory: Registering clio_2486604_34 from pid 2486604[0m
[97m/home/cvazquezperezdelacru/clio-core/context-runtime/src/ipc_manager.cc:2575 INFO 2486527 RegisterMemory IpcManager::RegisterMemory: Successfully registered clio_2486604_34[0m
[97m/home/cvazquezperezdelacru/clio-core/context-runtime/modules/admin/src/admin_runtime.cc:1191 INFO 2486527 RegisterMemory Admin::RegisterMemory: Registering CPU alloc_id (2486604.35)[0m
[97m/home/cvazquezperezdelacru/clio-core/context-runtime/src/ipc_manager.cc:2532 INFO 2486527 RegisterMemory IpcManager::RegisterMemory: Registering clio_2486604_35 from pid 2486604[0m
[97m/home/cvazquezperezdelacru/clio-core/context-runtime/src/ipc_manager.cc:2575 INFO 2486527 RegisterMemory IpcManager::RegisterMemory: Successfully registered clio_2486604_35[0m
[97m/home/cvazquezperezdelacru/clio-core/context-runtime/modules/admin/src/admin_runtime.cc:1191 INFO 2486527 RegisterMemory Admin::RegisterMemory: Registering CPU alloc_id (2486604.36)[0m
[97m/home/cvazquezperezdelacru/clio-core/context-runtime/src/ipc_manager.cc:2532 INFO 2486527 RegisterMemory IpcManager::RegisterMemory: Registering clio_2486604_36 from pid 2486604[0m
[97m/home/cvazquezperezdelacru/clio-core/context-runtime/src/ipc_manager.cc:2575 INFO 2486527 RegisterMemory IpcManager::RegisterMemory: Successfully registered clio_2486604_36[0m
[33m/home/cvazquezperezdelacru/clio-core/context-runtime/src/scheduler/default_sched.cc:430 WARNING 2486533 LoadBalance [#781 PDF] observed exec-time bins (cumulative): <10us=903438 <50us=29367 <500us=1869 <10ms=3981 <50ms=117 <500ms=13 <1s=0 >=1s=0 | stalls_detected=0[0m
[33m/home/cvazquezperezdelacru/clio-core/context-runtime/src/scheduler/default_sched.cc:439 WARNING 2486533 LoadBalance [#785] lane rescues performed: 0[0m
[97m/home/cvazquezperezdelacru/clio-core/context-runtime/modules/admin/src/admin_runtime.cc:1191 INFO 2486527 RegisterMemory Admin::RegisterMemory: Registering CPU alloc_id (2486604.37)[0m
[97m/home/cvazquezperezdelacru/clio-core/context-runtime/src/ipc_manager.cc:2532 INFO 2486527 RegisterMemory IpcManager::RegisterMemory: Registering clio_2486604_37 from pid 2486604[0m
[97m/home/cvazquezperezdelacru/clio-core/context-runtime/src/ipc_manager.cc:2575 INFO 2486527 RegisterMemory IpcManager::RegisterMemory: Successfully registered clio_2486604_37[0m
[97m/home/cvazquezperezdelacru/clio-core/context-runtime/modules/admin/src/admin_runtime.cc:1191 INFO 2486527 RegisterMemory Admin::RegisterMemory: Registering CPU alloc_id (2486604.38)[0m
[97m/home/cvazquezperezdelacru/clio-core/context-runtime/src/ipc_manager.cc:2532 INFO 2486527 RegisterMemory IpcManager::RegisterMemory: Registering clio_2486604_38 from pid 2486604[0m
[97m/home/cvazquezperezdelacru/clio-core/context-runtime/src/ipc_manager.cc:2575 INFO 2486527 RegisterMemory IpcManager::RegisterMemory: Successfully registered clio_2486604_38[0m
[97m/home/cvazquezperezdelacru/clio-core/context-runtime/modules/admin/src/admin_runtime.cc:1191 INFO 2486527 RegisterMemory Admin::RegisterMemory: Registering CPU alloc_id (2486604.39)[0m
[97m/home/cvazquezperezdelacru/clio-core/context-runtime/src/ipc_manager.cc:2532 INFO 2486527 RegisterMemory IpcManager::RegisterMemory: Registering clio_2486604_39 from pid 2486604[0m
[97m/home/cvazquezperezdelacru/clio-core/context-runtime/src/ipc_manager.cc:2575 INFO 2486527 RegisterMemory IpcManager::RegisterMemory: Successfully registered clio_2486604_39[0m
[97m/home/cvazquezperezdelacru/clio-core/context-runtime/modules/admin/src/admin_runtime.cc:1191 INFO 2486527 RegisterMemory Admin::RegisterMemory: Registering CPU alloc_id (2486604.40)[0m
[97m/home/cvazquezperezdelacru/clio-core/context-runtime/src/ipc_manager.cc:2532 INFO 2486527 RegisterMemory IpcManager::RegisterMemory: Registering clio_2486604_40 from pid 2486604[0m
[97m/home/cvazquezperezdelacru/clio-core/context-runtime/src/ipc_manager.cc:2575 INFO 2486527 RegisterMemory IpcManager::RegisterMemory: Successfully registered clio_2486604_40[0m
[33m/home/cvazquezperezdelacru/clio-core/context-runtime/src/scheduler/default_sched.cc:430 WARNING 2486533 LoadBalance [#781 PDF] observed exec-time bins (cumulative): <10us=969653 <50us=31332 <500us=1992 <10ms=4373 <50ms=128 <500ms=14 <1s=0 >=1s=0 | stalls_detected=0[0m
[33m/home/cvazquezperezdelacru/clio-core/context-runtime/src/scheduler/default_sched.cc:439 WARNING 2486533 LoadBalance [#785] lane rescues performed: 0[0m
[97m/home/cvazquezperezdelacru/clio-core/context-runtime/modules/admin/src/admin_runtime.cc:1191 INFO 2486527 RegisterMemory Admin::RegisterMemory: Registering CPU alloc_id (2486604.41)[0m
[97m/home/cvazquezperezdelacru/clio-core/context-runtime/src/ipc_manager.cc:2532 INFO 2486527 RegisterMemory IpcManager::RegisterMemory: Registering clio_2486604_41 from pid 2486604[0m
[97m/home/cvazquezperezdelacru/clio-core/context-runtime/src/ipc_manager.cc:2575 INFO 2486527 RegisterMemory IpcManager::RegisterMemory: Successfully registered clio_2486604_41[0m
[97m/home/cvazquezperezdelacru/clio-core/context-runtime/modules/admin/src/admin_runtime.cc:1191 INFO 2486526 RegisterMemory Admin::RegisterMemory: Registering CPU alloc_id (2486604.42)[0m
[97m/home/cvazquezperezdelacru/clio-core/context-runtime/src/ipc_manager.cc:2532 INFO 2486526 RegisterMemory IpcManager::RegisterMemory: Registering clio_2486604_42 from pid 2486604[0m
[97m/home/cvazquezperezdelacru/clio-core/context-runtime/src/ipc_manager.cc:2575 INFO 2486526 RegisterMemory IpcManager::RegisterMemory: Successfully registered clio_2486604_42[0m
[97m/home/cvazquezperezdelacru/clio-core/context-runtime/modules/admin/src/admin_runtime.cc:1191 INFO 2486526 RegisterMemory Admin::RegisterMemory: Registering CPU alloc_id (2486604.43)[0m
[97m/home/cvazquezperezdelacru/clio-core/context-runtime/src/ipc_manager.cc:2532 INFO 2486526 RegisterMemory IpcManager::RegisterMemory: Registering clio_2486604_43 from pid 2486604[0m
[97m/home/cvazquezperezdelacru/clio-core/context-runtime/src/ipc_manager.cc:2575 INFO 2486526 RegisterMemory IpcManager::RegisterMemory: Successfully registered clio_2486604_43[0m
[97m/home/cvazquezperezdelacru/clio-core/context-runtime/modules/admin/src/admin_runtime.cc:1191 INFO 2486526 RegisterMemory Admin::RegisterMemory: Registering CPU alloc_id (2486604.44)[0m
[97m/home/cvazquezperezdelacru/clio-core/context-runtime/src/ipc_manager.cc:2532 INFO 2486526 RegisterMemory IpcManager::RegisterMemory: Registering clio_2486604_44 from pid 2486604[0m
[97m/home/cvazquezperezdelacru/clio-core/context-runtime/src/ipc_manager.cc:2575 INFO 2486526 RegisterMemory IpcManager::RegisterMemory: Successfully registered clio_2486604_44[0m
[33m/home/cvazquezperezdelacru/clio-core/context-runtime/src/scheduler/default_sched.cc:430 WARNING 2486533 LoadBalance [#781 PDF] observed exec-time bins (cumulative): <10us=1036784 <50us=34822 <500us=2133 <10ms=4810 <50ms=137 <500ms=15 <1s=0 >=1s=0 | stalls_detected=0[0m
[33m/home/cvazquezperezdelacru/clio-core/context-runtime/src/scheduler/default_sched.cc:439 WARNING 2486533 LoadBalance [#785] lane rescues performed: 0[0m
[97m/home/cvazquezperezdelacru/clio-core/context-runtime/modules/admin/src/admin_runtime.cc:1191 INFO 2486526 RegisterMemory Admin::RegisterMemory: Registering CPU alloc_id (2486604.45)[0m
[97m/home/cvazquezperezdelacru/clio-core/context-runtime/src/ipc_manager.cc:2532 INFO 2486526 RegisterMemory IpcManager::RegisterMemory: Registering clio_2486604_45 from pid 2486604[0m
[97m/home/cvazquezperezdelacru/clio-core/context-runtime/src/ipc_manager.cc:2575 INFO 2486526 RegisterMemory IpcManager::RegisterMemory: Successfully registered clio_2486604_45[0m
[31m/home/cvazquezperezdelacru/clio-core/context-runtime/src/scheduler/default_sched.cc:726 ERROR 2486533 LoadBalance [HANGWATCH-HB] processed=15161 outstanding=4 (queued=4 blocked=0 retry=0 periodic=7) live=1 live_stalled=0[0m
[97m/home/cvazquezperezdelacru/clio-core/context-runtime/modules/admin/src/admin_runtime.cc:1191 INFO 2486527 RegisterMemory Admin::RegisterMemory: Registering CPU alloc_id (2486604.46)[0m
[97m/home/cvazquezperezdelacru/clio-core/context-runtime/src/ipc_manager.cc:2532 INFO 2486527 RegisterMemory IpcManager::RegisterMemory: Registering clio_2486604_46 from pid 2486604[0m
[97m/home/cvazquezperezdelacru/clio-core/context-runtime/src/ipc_manager.cc:2575 INFO 2486527 RegisterMemory IpcManager::RegisterMemory: Successfully registered clio_2486604_46[0m
[33m/home/cvazquezperezdelacru/clio-core/context-runtime/src/scheduler/default_sched.cc:430 WARNING 2486533 LoadBalance [#781 PDF] observed exec-time bins (cumulative): <10us=1100700 <50us=37902 <500us=2334 <10ms=5221 <50ms=140 <500ms=16 <1s=0 >=1s=0 | stalls_detected=0[0m
[33m/home/cvazquezperezdelacru/clio-core/context-runtime/src/scheduler/default_sched.cc:439 WARNING 2486533 LoadBalance [#785] lane rescues performed: 0[0m
[97m/home/cvazquezperezdelacru/clio-core/context-runtime/modules/admin/src/admin_runtime.cc:1191 INFO 2486527 RegisterMemory Admin::RegisterMemory: Registering CPU alloc_id (2486604.47)[0m
[97m/home/cvazquezperezdelacru/clio-core/context-runtime/src/ipc_manager.cc:2532 INFO 2486527 RegisterMemory IpcManager::RegisterMemory: Registering clio_2486604_47 from pid 2486604[0m
[97m/home/cvazquezperezdelacru/clio-core/context-runtime/src/ipc_manager.cc:2575 INFO 2486527 RegisterMemory IpcManager::RegisterMemory: Successfully registered clio_2486604_47[0m
[97m/home/cvazquezperezdelacru/clio-core/context-runtime/modules/admin/src/admin_runtime.cc:1191 INFO 2486527 RegisterMemory Admin::RegisterMemory: Registering CPU alloc_id (2486604.48)[0m
[97m/home/cvazquezperezdelacru/clio-core/context-runtime/src/ipc_manager.cc:2532 INFO 2486527 RegisterMemory IpcManager::RegisterMemory: Registering clio_2486604_48 from pid 2486604[0m
[97m/home/cvazquezperezdelacru/clio-core/context-runtime/src/ipc_manager.cc:2575 INFO 2486527 RegisterMemory IpcManager::RegisterMemory: Successfully registered clio_2486604_48[0m
[97m/home/cvazquezperezdelacru/clio-core/context-runtime/modules/admin/src/admin_runtime.cc:1191 INFO 2486526 RegisterMemory Admin::RegisterMemory: Registering CPU alloc_id (2486604.49)[0m
[97m/home/cvazquezperezdelacru/clio-core/context-runtime/src/ipc_manager.cc:2532 INFO 2486526 RegisterMemory IpcManager::RegisterMemory: Registering clio_2486604_49 from pid 2486604[0m
[97m/home/cvazquezperezdelacru/clio-core/context-runtime/src/ipc_manager.cc:2575 INFO 2486526 RegisterMemory IpcManager::RegisterMemory: Successfully registered clio_2486604_49[0m
[33m/home/cvazquezperezdelacru/clio-core/context-runtime/src/scheduler/default_sched.cc:430 WARNING 2486533 LoadBalance [#781 PDF] observed exec-time bins (cumulative): <10us=1165475 <50us=40766 <500us=2558 <10ms=5666 <50ms=150 <500ms=18 <1s=0 >=1s=0 | stalls_detected=0[0m
[33m/home/cvazquezperezdelacru/clio-core/context-runtime/src/scheduler/default_sched.cc:439 WARNING 2486533 LoadBalance [#785] lane rescues performed: 0[0m
[97m/home/cvazquezperezdelacru/clio-core/context-runtime/modules/admin/src/admin_runtime.cc:1191 INFO 2486527 RegisterMemory Admin::RegisterMemory: Registering CPU alloc_id (2486604.50)[0m
[97m/home/cvazquezperezdelacru/clio-core/context-runtime/src/ipc_manager.cc:2532 INFO 2486527 RegisterMemory IpcManager::RegisterMemory: Registering clio_2486604_50 from pid 2486604[0m
[97m/home/cvazquezperezdelacru/clio-core/context-runtime/src/ipc_manager.cc:2575 INFO 2486527 RegisterMemory IpcManager::RegisterMemory: Successfully registered clio_2486604_50[0m
[97m/home/cvazquezperezdelacru/clio-core/context-runtime/modules/admin/src/admin_runtime.cc:1191 INFO 2486526 RegisterMemory Admin::RegisterMemory: Registering CPU alloc_id (2486604.51)[0m
[97m/home/cvazquezperezdelacru/clio-core/context-runtime/src/ipc_manager.cc:2532 INFO 2486526 RegisterMemory IpcManager::RegisterMemory: Registering clio_2486604_51 from pid 2486604[0m
[97m/home/cvazquezperezdelacru/clio-core/context-runtime/src/ipc_manager.cc:2575 INFO 2486526 RegisterMemory IpcManager::RegisterMemory: Successfully registered clio_2486604_51[0m
[97m/home/cvazquezperezdelacru/clio-core/context-runtime/modules/admin/src/admin_runtime.cc:1191 INFO 2486526 RegisterMemory Admin::RegisterMemory: Registering CPU alloc_id (2486604.52)[0m
[97m/home/cvazquezperezdelacru/clio-core/context-runtime/src/ipc_manager.cc:2532 INFO 2486526 RegisterMemory IpcManager::RegisterMemory: Registering clio_2486604_52 from pid 2486604[0m
[97m/home/cvazquezperezdelacru/clio-core/context-runtime/src/ipc_manager.cc:2575 INFO 2486526 RegisterMemory IpcManager::RegisterMemory: Successfully registered clio_2486604_52[0m
[97m/home/cvazquezperezdelacru/clio-core/context-runtime/modules/admin/src/admin_runtime.cc:1191 INFO 2486526 RegisterMemory Admin::RegisterMemory: Registering CPU alloc_id (2486604.53)[0m
[97m/home/cvazquezperezdelacru/clio-core/context-runtime/src/ipc_manager.cc:2532 INFO 2486526 RegisterMemory IpcManager::RegisterMemory: Registering clio_2486604_53 from pid 2486604[0m
[97m/home/cvazquezperezdelacru/clio-core/context-runtime/src/ipc_manager.cc:2575 INFO 2486526 RegisterMemory IpcManager::RegisterMemory: Successfully registered clio_2486604_53[0m
[33m/home/cvazquezperezdelacru/clio-core/context-runtime/src/scheduler/default_sched.cc:430 WARNING 2486533 LoadBalance [#781 PDF] observed exec-time bins (cumulative): <10us=1230654 <50us=43420 <500us=2799 <10ms=6081 <50ms=164 <500ms=19 <1s=0 >=1s=0 | stalls_detected=0[0m
[33m/home/cvazquezperezdelacru/clio-core/context-runtime/src/scheduler/default_sched.cc:439 WARNING 2486533 LoadBalance [#785] lane rescues performed: 0[0m
[97m/home/cvazquezperezdelacru/clio-core/context-runtime/modules/admin/src/admin_runtime.cc:1191 INFO 2486527 RegisterMemory Admin::RegisterMemory: Registering CPU alloc_id (2486604.54)[0m
[97m/home/cvazquezperezdelacru/clio-core/context-runtime/src/ipc_manager.cc:2532 INFO 2486527 RegisterMemory IpcManager::RegisterMemory: Registering clio_2486604_54 from pid 2486604[0m
[97m/home/cvazquezperezdelacru/clio-core/context-runtime/src/ipc_manager.cc:2575 INFO 2486527 RegisterMemory IpcManager::RegisterMemory: Successfully registered clio_2486604_54[0m
[97m/home/cvazquezperezdelacru/clio-core/context-runtime/modules/admin/src/admin_runtime.cc:1191 INFO 2486527 RegisterMemory Admin::RegisterMemory: Registering CPU alloc_id (2486604.55)[0m
[97m/home/cvazquezperezdelacru/clio-core/context-runtime/src/ipc_manager.cc:2532 INFO 2486527 RegisterMemory IpcManager::RegisterMemory: Registering clio_2486604_55 from pid 2486604[0m
[97m/home/cvazquezperezdelacru/clio-core/context-runtime/src/ipc_manager.cc:2575 INFO 2486527 RegisterMemory IpcManager::RegisterMemory: Successfully registered clio_2486604_55[0m
[33m/home/cvazquezperezdelacru/clio-core/context-runtime/src/scheduler/default_sched.cc:430 WARNING 2486533 LoadBalance [#781 PDF] observed exec-time bins (cumulative): <10us=1294560 <50us=47249 <500us=2970 <10ms=6531 <50ms=165 <500ms=20 <1s=0 >=1s=0 | stalls_detected=0[0m
[33m/home/cvazquezperezdelacru/clio-core/context-runtime/src/scheduler/default_sched.cc:439 WARNING 2486533 LoadBalance [#785] lane rescues performed: 0[0m
[97m/home/cvazquezperezdelacru/clio-core/context-runtime/modules/admin/src/admin_runtime.cc:1191 INFO 2486526 RegisterMemory Admin::RegisterMemory: Registering CPU alloc_id (2486604.56)[0m
[97m/home/cvazquezperezdelacru/clio-core/context-runtime/src/ipc_manager.cc:2532 INFO 2486526 RegisterMemory IpcManager::RegisterMemory: Registering clio_2486604_56 from pid 2486604[0m
[97m/home/cvazquezperezdelacru/clio-core/context-runtime/src/ipc_manager.cc:2575 INFO 2486526 RegisterMemory IpcManager::RegisterMemory: Successfully registered clio_2486604_56[0m
[97m/home/cvazquezperezdelacru/clio-core/context-runtime/modules/admin/src/admin_runtime.cc:1191 INFO 2486527 RegisterMemory Admin::RegisterMemory: Registering CPU alloc_id (2486604.57)[0m
[97m/home/cvazquezperezdelacru/clio-core/context-runtime/src/ipc_manager.cc:2532 INFO 2486527 RegisterMemory IpcManager::RegisterMemory: Registering clio_2486604_57 from pid 2486604[0m
[97m/home/cvazquezperezdelacru/clio-core/context-runtime/src/ipc_manager.cc:2575 INFO 2486527 RegisterMemory IpcManager::RegisterMemory: Successfully registered clio_2486604_57[0m
[97m/home/cvazquezperezdelacru/clio-core/context-runtime/modules/admin/src/admin_runtime.cc:1191 INFO 2486526 RegisterMemory Admin::RegisterMemory: Registering CPU alloc_id (2486604.58)[0m
[97m/home/cvazquezperezdelacru/clio-core/context-runtime/src/ipc_manager.cc:2532 INFO 2486526 RegisterMemory IpcManager::RegisterMemory: Registering clio_2486604_58 from pid 2486604[0m
[97m/home/cvazquezperezdelacru/clio-core/context-runtime/src/ipc_manager.cc:2575 INFO 2486526 RegisterMemory IpcManager::RegisterMemory: Successfully registered clio_2486604_58[0m
[97m/home/cvazquezperezdelacru/clio-core/context-runtime/modules/admin/src/admin_runtime.cc:1191 INFO 2486527 RegisterMemory Admin::RegisterMemory: Registering CPU alloc_id (2486604.59)[0m
[97m/home/cvazquezperezdelacru/clio-core/context-runtime/src/ipc_manager.cc:2532 INFO 2486527 RegisterMemory IpcManager::RegisterMemory: Registering clio_2486604_59 from pid 2486604[0m
[97m/home/cvazquezperezdelacru/clio-core/context-runtime/src/ipc_manager.cc:2575 INFO 2486527 RegisterMemory IpcManager::RegisterMemory: Successfully registered clio_2486604_59[0m
[33m/home/cvazquezperezdelacru/clio-core/context-runtime/src/scheduler/default_sched.cc:430 WARNING 2486533 LoadBalance [#781 PDF] observed exec-time bins (cumulative): <10us=1359573 <50us=49932 <500us=3174 <10ms=6945 <50ms=172 <500ms=21 <1s=0 >=1s=0 | stalls_detected=0[0m
[33m/home/cvazquezperezdelacru/clio-core/context-runtime/src/scheduler/default_sched.cc:439 WARNING 2486533 LoadBalance [#785] lane rescues performed: 0[0m
[97m/home/cvazquezperezdelacru/clio-core/context-runtime/modules/admin/src/admin_runtime.cc:1191 INFO 2486527 RegisterMemory Admin::RegisterMemory: Registering CPU alloc_id (2486604.60)[0m
[97m/home/cvazquezperezdelacru/clio-core/context-runtime/src/ipc_manager.cc:2532 INFO 2486527 RegisterMemory IpcManager::RegisterMemory: Registering clio_2486604_60 from pid 2486604[0m
[97m/home/cvazquezperezdelacru/clio-core/context-runtime/src/ipc_manager.cc:2575 INFO 2486527 RegisterMemory IpcManager::RegisterMemory: Successfully registered clio_2486604_60[0m
[97m/home/cvazquezperezdelacru/clio-core/context-runtime/modules/admin/src/admin_runtime.cc:1191 INFO 2486526 RegisterMemory Admin::RegisterMemory: Registering CPU alloc_id (2486604.61)[0m
[97m/home/cvazquezperezdelacru/clio-core/context-runtime/src/ipc_manager.cc:2532 INFO 2486526 RegisterMemory IpcManager::RegisterMemory: Registering clio_2486604_61 from pid 2486604[0m
[97m/home/cvazquezperezdelacru/clio-core/context-runtime/src/ipc_manager.cc:2575 INFO 2486526 RegisterMemory IpcManager::RegisterMemory: Successfully registered clio_2486604_61[0m
[97m/home/cvazquezperezdelacru/clio-core/context-runtime/modules/admin/src/admin_runtime.cc:1191 INFO 2486526 RegisterMemory Admin::RegisterMemory: Registering CPU alloc_id (2486604.62)[0m
[97m/home/cvazquezperezdelacru/clio-core/context-runtime/src/ipc_manager.cc:2532 INFO 2486526 RegisterMemory IpcManager::RegisterMemory: Registering clio_2486604_62 from pid 2486604[0m
[97m/home/cvazquezperezdelacru/clio-core/context-runtime/src/ipc_manager.cc:2575 INFO 2486526 RegisterMemory IpcManager::RegisterMemory: Successfully registered clio_2486604_62[0m
[33m/home/cvazquezperezdelacru/clio-core/context-runtime/src/scheduler/default_sched.cc:430 WARNING 2486533 LoadBalance [#781 PDF] observed exec-time bins (cumulative): <10us=1423701 <50us=52918 <500us=3438 <10ms=7368 <50ms=181 <500ms=23 <1s=0 >=1s=0 | stalls_detected=0[0m
[33m/home/cvazquezperezdelacru/clio-core/context-runtime/src/scheduler/default_sched.cc:439 WARNING 2486533 LoadBalance [#785] lane rescues performed: 0[0m
[97m/home/cvazquezperezdelacru/clio-core/context-runtime/modules/admin/src/admin_runtime.cc:1191 INFO 2486527 RegisterMemory Admin::RegisterMemory: Registering CPU alloc_id (2486604.63)[0m
[97m/home/cvazquezperezdelacru/clio-core/context-runtime/src/ipc_manager.cc:2532 INFO 2486527 RegisterMemory IpcManager::RegisterMemory: Registering clio_2486604_63 from pid 2486604[0m
[97m/home/cvazquezperezdelacru/clio-core/context-runtime/src/ipc_manager.cc:2575 INFO 2486527 RegisterMemory IpcManager::RegisterMemory: Successfully registered clio_2486604_63[0m
[97m/home/cvazquezperezdelacru/clio-core/context-runtime/modules/admin/src/admin_runtime.cc:1191 INFO 2486526 RegisterMemory Admin::RegisterMemory: Registering CPU alloc_id (2486604.64)[0m
[97m/home/cvazquezperezdelacru/clio-core/context-runtime/src/ipc_manager.cc:2532 INFO 2486526 RegisterMemory IpcManager::RegisterMemory: Registering clio_2486604_64 from pid 2486604[0m
[97m/home/cvazquezperezdelacru/clio-core/context-runtime/src/ipc_manager.cc:2575 INFO 2486526 RegisterMemory IpcManager::RegisterMemory: Successfully registered clio_2486604_64[0m
[97m/home/cvazquezperezdelacru/clio-core/context-runtime/modules/admin/src/admin_runtime.cc:1191 INFO 2486527 RegisterMemory Admin::RegisterMemory: Registering CPU alloc_id (2486604.65)[0m
[97m/home/cvazquezperezdelacru/clio-core/context-runtime/src/ipc_manager.cc:2532 INFO 2486527 RegisterMemory IpcManager::RegisterMemory: Registering clio_2486604_65 from pid 2486604[0m
[97m/home/cvazquezperezdelacru/clio-core/context-runtime/src/ipc_manager.cc:2575 INFO 2486527 RegisterMemory IpcManager::RegisterMemory: Successfully registered clio_2486604_65[0m
[33m/home/cvazquezperezdelacru/clio-core/context-runtime/src/scheduler/default_sched.cc:430 WARNING 2486533 LoadBalance [#781 PDF] observed exec-time bins (cumulative): <10us=1487122 <50us=56765 <500us=3594 <10ms=7791 <50ms=192 <500ms=24 <1s=0 >=1s=0 | stalls_detected=0[0m
[33m/home/cvazquezperezdelacru/clio-core/context-runtime/src/scheduler/default_sched.cc:439 WARNING 2486533 LoadBalance [#785] lane rescues performed: 0[0m
[97m/home/cvazquezperezdelacru/clio-core/context-runtime/modules/admin/src/admin_runtime.cc:1191 INFO 2486526 RegisterMemory Admin::RegisterMemory: Registering CPU alloc_id (2486604.66)[0m
[97m/home/cvazquezperezdelacru/clio-core/context-runtime/src/ipc_manager.cc:2532 INFO 2486526 RegisterMemory IpcManager::RegisterMemory: Registering clio_2486604_66 from pid 2486604[0m
[97m/home/cvazquezperezdelacru/clio-core/context-runtime/src/ipc_manager.cc:2575 INFO 2486526 RegisterMemory IpcManager::RegisterMemory: Successfully registered clio_2486604_66[0m
[97m/home/cvazquezperezdelacru/clio-core/context-runtime/modules/admin/src/admin_runtime.cc:1191 INFO 2486527 RegisterMemory Admin::RegisterMemory: Registering CPU alloc_id (2486604.67)[0m
[97m/home/cvazquezperezdelacru/clio-core/context-runtime/src/ipc_manager.cc:2532 INFO 2486527 RegisterMemory IpcManager::RegisterMemory: Registering clio_2486604_67 from pid 2486604[0m
[97m/home/cvazquezperezdelacru/clio-core/context-runtime/src/ipc_manager.cc:2575 INFO 2486527 RegisterMemory IpcManager::RegisterMemory: Successfully registered clio_2486604_67[0m
[33m/home/cvazquezperezdelacru/clio-core/context-runtime/src/scheduler/default_sched.cc:430 WARNING 2486533 LoadBalance [#781 PDF] observed exec-time bins (cumulative): <10us=1552541 <50us=58211 <500us=3726 <10ms=8037 <50ms=201 <500ms=25 <1s=0 >=1s=0 | stalls_detected=0[0m
[33m/home/cvazquezperezdelacru/clio-core/context-runtime/src/scheduler/default_sched.cc:439 WARNING 2486533 LoadBalance [#785] lane rescues performed: 0[0m
[97m/home/cvazquezperezdelacru/clio-core/context-runtime/src/ipc_manager.cc:2288 INFO 2486535 GetOrCreateClient [ClientPool] Creating new persistent connection to 127.0.0.1:43855[0m
[97m/home/cvazquezperezdelacru/clio-core/context-runtime/src/ipc_manager.cc:2308 INFO 2486535 GetOrCreateClient [ClientPool] Connection established to 127.0.0.1:43855[0m
[97m/home/cvazquezperezdelacru/clio-core/context-runtime/modules/admin/src/admin_runtime.cc:1191 INFO 2486527 RegisterMemory Admin::RegisterMemory: Registering CPU alloc_id (2486924.0)[0m
[97m/home/cvazquezperezdelacru/clio-core/context-runtime/src/ipc_manager.cc:2532 INFO 2486527 RegisterMemory IpcManager::RegisterMemory: Registering clio_2486924_0 from pid 2486924[0m
[97m/home/cvazquezperezdelacru/clio-core/context-runtime/src/ipc_manager.cc:2575 INFO 2486527 RegisterMemory IpcManager::RegisterMemory: Successfully registered clio_2486924_0[0m
[97m/home/cvazquezperezdelacru/clio-core/context-runtime/src/pool_manager.cc:534 INFO 2486527 CreatePool PoolManager: Creating pool 'clio_cte_core' with 1 containers (one per node)[0m
[97m/home/cvazquezperezdelacru/clio-core/context-runtime/src/pool_manager.cc:575 INFO 2486527 CreatePool PoolManager: Pool PoolId(major:512, minor:0) already exists by ID, returning existing pool[0m
[97m/home/cvazquezperezdelacru/clio-core/context-runtime/src/pool_manager.cc:534 INFO 2486527 CreatePool PoolManager: Creating pool 'faiss_ivf_bench' with 1 containers (one per node)[0m
[97m/home/cvazquezperezdelacru/clio-core/context-runtime/src/pool_manager.cc:575 INFO 2486527 CreatePool PoolManager: Pool PoolId(major:600, minor:0) already exists by ID, returning existing pool[0m
[97m/home/cvazquezperezdelacru/clio-core/context-runtime/src/ipc_manager.cc:2440 INFO 2486525 IncreaseClientShm IpcManager::IncreaseClientShm: Creating clio_2486504_4 with size 117604352 (84049920 + 33554432 overhead)[0m
[97m/home/cvazquezperezdelacru/clio-core/context-runtime/src/ipc_manager.cc:2485 INFO 2486525 IncreaseClientShm IpcManager::IncreaseClientShm: Created allocator clio_2486504_4 with ID (2486504.4)[0m
[97m/mnt/common/cvazquezperezdelacru/IOWARP/faiss/contrib/iowarp/chimod/src/faiss_ivf_runtime.cc:229 INFO 2486525 OpenIndex faiss_ivf: opened '/mnt/common/cvazquezperezdelacru/faiss/slurm_bench/work/ondisk_nb50M.index' (d=128, nlist=8192, ntotal=50000000, tag='faiss_ivf::ondisk_nb50M')[0m
[97m/mnt/common/cvazquezperezdelacru/IOWARP/faiss/contrib/iowarp/chimod/src/faiss_ivf_runtime.cc:300 INFO 2486525 Search faiss_ivf: Search nq=500 k=10 nprobe=128 unique_lists=8154[0m
[97m/home/cvazquezperezdelacru/clio-core/context-runtime/src/ipc_manager.cc:2440 INFO 2486525 IncreaseClientShm IpcManager::IncreaseClientShm: Creating clio_2486504_5 with size 124221312 (90666880 + 33554432 overhead)[0m
[97m/home/cvazquezperezdelacru/clio-core/context-runtime/src/ipc_manager.cc:2485 INFO 2486525 IncreaseClientShm IpcManager::IncreaseClientShm: Created allocator clio_2486504_5 with ID (2486504.5)[0m
[97m/home/cvazquezperezdelacru/clio-core/context-runtime/src/ipc_manager.cc:2440 INFO 2486525 IncreaseClientShm IpcManager::IncreaseClientShm: Creating clio_2486504_6 with size 141473616 (107919184 + 33554432 overhead)[0m
[97m/home/cvazquezperezdelacru/clio-core/context-runtime/src/ipc_manager.cc:2485 INFO 2486525 IncreaseClientShm IpcManager::IncreaseClientShm: Created allocator clio_2486504_6 with ID (2486504.6)[0m
[97m/home/cvazquezperezdelacru/clio-core/context-runtime/src/ipc_manager.cc:2440 INFO 2486525 IncreaseClientShm IpcManager::IncreaseClientShm: Creating clio_2486504_7 with size 155888016 (122333584 + 33554432 overhead)[0m
[97m/home/cvazquezperezdelacru/clio-core/context-runtime/src/ipc_manager.cc:2485 INFO 2486525 IncreaseClientShm IpcManager::IncreaseClientShm: Created allocator clio_2486504_7 with ID (2486504.7)[0m
[97m/home/cvazquezperezdelacru/clio-core/context-runtime/src/ipc_manager.cc:2440 INFO 2486525 IncreaseClientShm IpcManager::IncreaseClientShm: Creating clio_2486504_8 with size 135708112 (102153680 + 33554432 overhead)[0m
[97m/home/cvazquezperezdelacru/clio-core/context-runtime/src/ipc_manager.cc:2485 INFO 2486525 IncreaseClientShm IpcManager::IncreaseClientShm: Created allocator clio_2486504_8 with ID (2486504.8)[0m
[33m/home/cvazquezperezdelacru/clio-core/context-runtime/src/scheduler/default_sched.cc:430 WARNING 2486533 LoadBalance [#781 PDF] observed exec-time bins (cumulative): <10us=1610841 <50us=63792 <500us=3888 <10ms=8040 <50ms=202 <500ms=25 <1s=0 >=1s=0 | stalls_detected=0[0m
[33m/home/cvazquezperezdelacru/clio-core/context-runtime/src/scheduler/default_sched.cc:439 WARNING 2486533 LoadBalance [#785] lane rescues performed: 0[0m
[33m/home/cvazquezperezdelacru/clio-core/context-runtime/src/scheduler/default_sched.cc:455 WARNING 2486533 operator() [#781] worker 0 STALLED on one task (load_us=7.62939e-06 realtime_load_us=1.29292e+06 threshold_s=1)[0m
[33m/home/cvazquezperezdelacru/clio-core/context-runtime/src/worker.cc:370 WARNING 2486533 AdoptLane [#785] worker 0 adopted lane 0x7f69ea0701e8[0m
[33m/home/cvazquezperezdelacru/clio-core/context-runtime/src/work_orchestrator.cc:545 WARNING 2486533 SpawnAdditionalWorker [#785] spawned elastic worker 8 (pool now 9 workers)[0m
[33m/home/cvazquezperezdelacru/clio-core/context-runtime/src/scheduler/default_sched.cc:598 WARNING 2486533 operator() [#785] RESCUE: stalled worker 0 -> worker 8 (0 parked task(s) moved, 0 queued task(s) redistributed, rescues=1)[0m
[97m/home/cvazquezperezdelacru/clio-core/context-runtime/src/ipc_manager.cc:2440 INFO 2486946 IncreaseClientShm IpcManager::IncreaseClientShm: Creating clio_2486504_9 with size 135241408 (101686976 + 33554432 overhead)[0m
[97m/home/cvazquezperezdelacru/clio-core/context-runtime/src/ipc_manager.cc:2485 INFO 2486946 IncreaseClientShm IpcManager::IncreaseClientShm: Created allocator clio_2486504_9 with ID (2486504.9)[0m
[97m/home/cvazquezperezdelacru/clio-core/context-runtime/src/ipc_manager.cc:2440 INFO 2486946 IncreaseClientShm IpcManager::IncreaseClientShm: Creating clio_2486504_10 with size 131259512 (97705080 + 33554432 overhead)[0m
[97m/home/cvazquezperezdelacru/clio-core/context-runtime/src/ipc_manager.cc:2485 INFO 2486946 IncreaseClientShm IpcManager::IncreaseClientShm: Created allocator clio_2486504_10 with ID (2486504.10)[0m
[97m/home/cvazquezperezdelacru/clio-core/context-runtime/src/ipc_manager.cc:2440 INFO 2486946 IncreaseClientShm IpcManager::IncreaseClientShm: Creating clio_2486504_11 with size 138131312 (104576880 + 33554432 overhead)[0m
[97m/home/cvazquezperezdelacru/clio-core/context-runtime/src/ipc_manager.cc:2485 INFO 2486946 IncreaseClientShm IpcManager::IncreaseClientShm: Created allocator clio_2486504_11 with ID (2486504.11)[0m
[97m/home/cvazquezperezdelacru/clio-core/context-runtime/src/ipc_manager.cc:2440 INFO 2486946 IncreaseClientShm IpcManager::IncreaseClientShm: Creating clio_2486504_12 with size 132237112 (98682680 + 33554432 overhead)[0m
[97m/home/cvazquezperezdelacru/clio-core/context-runtime/src/ipc_manager.cc:2485 INFO 2486946 IncreaseClientShm IpcManager::IncreaseClientShm: Created allocator clio_2486504_12 with ID (2486504.12)[0m
[97m/home/cvazquezperezdelacru/clio-core/context-runtime/src/ipc_manager.cc:2440 INFO 2486946 IncreaseClientShm IpcManager::IncreaseClientShm: Creating clio_2486504_13 with size 139307808 (105753376 + 33554432 overhead)[0m
[97m/home/cvazquezperezdelacru/clio-core/context-runtime/src/ipc_manager.cc:2485 INFO 2486946 IncreaseClientShm IpcManager::IncreaseClientShm: Created allocator clio_2486504_13 with ID (2486504.13)[0m
[31m/home/cvazquezperezdelacru/clio-core/context-runtime/src/scheduler/default_sched.cc:726 ERROR 2486533 LoadBalance [HANGWATCH-HB] processed=25451 outstanding=43 (queued=43 blocked=0 retry=0 periodic=6) live=6 live_stalled=0[0m
[97m/home/cvazquezperezdelacru/clio-core/context-runtime/src/ipc_manager.cc:2440 INFO 2486946 IncreaseClientShm IpcManager::IncreaseClientShm: Creating clio_2486504_14 with size 143497712 (109943280 + 33554432 overhead)[0m
[97m/home/cvazquezperezdelacru/clio-core/context-runtime/src/ipc_manager.cc:2485 INFO 2486946 IncreaseClientShm IpcManager::IncreaseClientShm: Created allocator clio_2486504_14 with ID (2486504.14)[0m
[97m/home/cvazquezperezdelacru/clio-core/context-runtime/src/ipc_manager.cc:2440 INFO 2486946 IncreaseClientShm IpcManager::IncreaseClientShm: Creating clio_2486504_15 with size 138245712 (104691280 + 33554432 overhead)[0m
[97m/home/cvazquezperezdelacru/clio-core/context-runtime/src/ipc_manager.cc:2485 INFO 2486946 IncreaseClientShm IpcManager::IncreaseClientShm: Created allocator clio_2486504_15 with ID (2486504.15)[0m
[97m/home/cvazquezperezdelacru/clio-core/context-runtime/src/ipc_manager.cc:2440 INFO 2486946 IncreaseClientShm IpcManager::IncreaseClientShm: Creating clio_2486504_16 with size 140376416 (106821984 + 33554432 overhead)[0m
[97m/home/cvazquezperezdelacru/clio-core/context-runtime/src/ipc_manager.cc:2485 INFO 2486946 IncreaseClientShm IpcManager::IncreaseClientShm: Created allocator clio_2486504_16 with ID (2486504.16)[0m
[97m/home/cvazquezperezdelacru/clio-core/context-runtime/src/ipc_manager.cc:2440 INFO 2486946 IncreaseClientShm IpcManager::IncreaseClientShm: Creating clio_2486504_17 with size 129650112 (96095680 + 33554432 overhead)[0m
[97m/home/cvazquezperezdelacru/clio-core/context-runtime/src/ipc_manager.cc:2485 INFO 2486946 IncreaseClientShm IpcManager::IncreaseClientShm: Created allocator clio_2486504_17 with ID (2486504.17)[0m
[97m/home/cvazquezperezdelacru/clio-core/context-runtime/src/ipc_manager.cc:2440 INFO 2486946 IncreaseClientShm IpcManager::IncreaseClientShm: Creating clio_2486504_18 with size 130795408 (97240976 + 33554432 overhead)[0m
[97m/home/cvazquezperezdelacru/clio-core/context-runtime/src/ipc_manager.cc:2485 INFO 2486946 IncreaseClientShm IpcManager::IncreaseClientShm: Created allocator clio_2486504_18 with ID (2486504.18)[0m
[97m/home/cvazquezperezdelacru/clio-core/context-runtime/src/ipc_manager.cc:2440 INFO 2486946 IncreaseClientShm IpcManager::IncreaseClientShm: Creating clio_2486504_19 with size 131587112 (98032680 + 33554432 overhead)[0m
[97m/home/cvazquezperezdelacru/clio-core/context-runtime/src/ipc_manager.cc:2485 INFO 2486946 IncreaseClientShm IpcManager::IncreaseClientShm: Created allocator clio_2486504_19 with ID (2486504.19)[0m
[97m/home/cvazquezperezdelacru/clio-core/context-runtime/src/ipc_manager.cc:2440 INFO 2486946 IncreaseClientShm IpcManager::IncreaseClientShm: Creating clio_2486504_20 with size 136298312 (102743880 + 33554432 overhead)[0m
[97m/home/cvazquezperezdelacru/clio-core/context-runtime/src/ipc_manager.cc:2485 INFO 2486946 IncreaseClientShm IpcManager::IncreaseClientShm: Created allocator clio_2486504_20 with ID (2486504.20)[0m
[97m/home/cvazquezperezdelacru/clio-core/context-runtime/src/ipc_manager.cc:2440 INFO 2486946 IncreaseClientShm IpcManager::IncreaseClientShm: Creating clio_2486504_21 with size 140516816 (106962384 + 33554432 overhead)[0m
[97m/home/cvazquezperezdelacru/clio-core/context-runtime/src/ipc_manager.cc:2485 INFO 2486946 IncreaseClientShm IpcManager::IncreaseClientShm: Created allocator clio_2486504_21 with ID (2486504.21)[0m
[31m/home/cvazquezperezdelacru/clio-core/context-runtime/src/scheduler/default_sched.cc:726 ERROR 2486533 LoadBalance [HANGWATCH-HB] processed=27044 outstanding=63 (queued=63 blocked=0 retry=0 periodic=6) live=2 live_stalled=0[0m
[97m/home/cvazquezperezdelacru/clio-core/context-runtime/src/ipc_manager.cc:2440 INFO 2486946 IncreaseClientShm IpcManager::IncreaseClientShm: Creating clio_2486504_22 with size 134076608 (100522176 + 33554432 overhead)[0m
[97m/home/cvazquezperezdelacru/clio-core/context-runtime/src/ipc_manager.cc:2485 INFO 2486946 IncreaseClientShm IpcManager::IncreaseClientShm: Created allocator clio_2486504_22 with ID (2486504.22)[0m
[97m/home/cvazquezperezdelacru/clio-core/context-runtime/src/ipc_manager.cc:2440 INFO 2486946 IncreaseClientShm IpcManager::IncreaseClientShm: Creating clio_2486504_23 with size 139527512 (105973080 + 33554432 overhead)[0m
[97m/home/cvazquezperezdelacru/clio-core/context-runtime/src/ipc_manager.cc:2485 INFO 2486946 IncreaseClientShm IpcManager::IncreaseClientShm: Created allocator clio_2486504_23 with ID (2486504.23)[0m
[97m/home/cvazquezperezdelacru/clio-core/context-runtime/src/ipc_manager.cc:2440 INFO 2486946 IncreaseClientShm IpcManager::IncreaseClientShm: Creating clio_2486504_24 with size 141147312 (107592880 + 33554432 overhead)[0m
[97m/home/cvazquezperezdelacru/clio-core/context-runtime/src/ipc_manager.cc:2485 INFO 2486946 IncreaseClientShm IpcManager::IncreaseClientShm: Created allocator clio_2486504_24 with ID (2486504.24)[0m
[97m/home/cvazquezperezdelacru/clio-core/context-runtime/src/ipc_manager.cc:2440 INFO 2486946 IncreaseClientShm IpcManager::IncreaseClientShm: Creating clio_2486504_25 with size 139660112 (106105680 + 33554432 overhead)[0m
[97m/home/cvazquezperezdelacru/clio-core/context-runtime/src/ipc_manager.cc:2485 INFO 2486946 IncreaseClientShm IpcManager::IncreaseClientShm: Created allocator clio_2486504_25 with ID (2486504.25)[0m
[97m/home/cvazquezperezdelacru/clio-core/context-runtime/src/ipc_manager.cc:2440 INFO 2486946 IncreaseClientShm IpcManager::IncreaseClientShm: Creating clio_2486504_26 with size 146496816 (112942384 + 33554432 overhead)[0m
[97m/home/cvazquezperezdelacru/clio-core/context-runtime/src/ipc_manager.cc:2485 INFO 2486946 IncreaseClientShm IpcManager::IncreaseClientShm: Created allocator clio_2486504_26 with ID (2486504.26)[0m
[97m/home/cvazquezperezdelacru/clio-core/context-runtime/src/ipc_manager.cc:2440 INFO 2486946 IncreaseClientShm IpcManager::IncreaseClientShm: Creating clio_2486504_27 with size 138263912 (104709480 + 33554432 overhead)[0m
[97m/home/cvazquezperezdelacru/clio-core/context-runtime/src/ipc_manager.cc:2485 INFO 2486946 IncreaseClientShm IpcManager::IncreaseClientShm: Created allocator clio_2486504_27 with ID (2486504.27)[0m
[97m/home/cvazquezperezdelacru/clio-core/context-runtime/src/ipc_manager.cc:2440 INFO 2486946 IncreaseClientShm IpcManager::IncreaseClientShm: Creating clio_2486504_28 with size 134751312 (101196880 + 33554432 overhead)[0m
[97m/home/cvazquezperezdelacru/clio-core/context-runtime/src/ipc_manager.cc:2485 INFO 2486946 IncreaseClientShm IpcManager::IncreaseClientShm: Created allocator clio_2486504_28 with ID (2486504.28)[0m
[33m/home/cvazquezperezdelacru/clio-core/context-runtime/src/scheduler/default_sched.cc:430 WARNING 2486533 LoadBalance [#781 PDF] observed exec-time bins (cumulative): <10us=1681932 <50us=66717 <500us=4012 <10ms=9816 <50ms=258 <500ms=25 <1s=0 >=1s=0 | stalls_detected=1[0m
[33m/home/cvazquezperezdelacru/clio-core/context-runtime/src/scheduler/default_sched.cc:439 WARNING 2486533 LoadBalance [#785] lane rescues performed: 1[0m
[31m/home/cvazquezperezdelacru/clio-core/context-runtime/src/scheduler/default_sched.cc:726 ERROR 2486533 LoadBalance [HANGWATCH-HB] processed=28415 outstanding=55 (queued=55 blocked=0 retry=0 periodic=7) live=3 live_stalled=0[0m
[97m/home/cvazquezperezdelacru/clio-core/context-runtime/src/ipc_manager.cc:2440 INFO 2486946 IncreaseClientShm IpcManager::IncreaseClientShm: Creating clio_2486504_29 with size 157809408 (124254976 + 33554432 overhead)[0m
[97m/home/cvazquezperezdelacru/clio-core/context-runtime/src/ipc_manager.cc:2485 INFO 2486946 IncreaseClientShm IpcManager::IncreaseClientShm: Created allocator clio_2486504_29 with ID (2486504.29)[0m
[97m/home/cvazquezperezdelacru/clio-core/context-runtime/src/ipc_manager.cc:2440 INFO 2486946 IncreaseClientShm IpcManager::IncreaseClientShm: Creating clio_2486504_30 with size 135000912 (101446480 + 33554432 overhead)[0m
[97m/home/cvazquezperezdelacru/clio-core/context-runtime/src/ipc_manager.cc:2485 INFO 2486946 IncreaseClientShm IpcManager::IncreaseClientShm: Created allocator clio_2486504_30 with ID (2486504.30)[0m
[97m/home/cvazquezperezdelacru/clio-core/context-runtime/src/ipc_manager.cc:2440 INFO 2486946 IncreaseClientShm IpcManager::IncreaseClientShm: Creating clio_2486504_31 with size 136878112 (103323680 + 33554432 overhead)[0m
[97m/home/cvazquezperezdelacru/clio-core/context-runtime/src/ipc_manager.cc:2485 INFO 2486946 IncreaseClientShm IpcManager::IncreaseClientShm: Created allocator clio_2486504_31 with ID (2486504.31)[0m
[97m/home/cvazquezperezdelacru/clio-core/context-runtime/src/ipc_manager.cc:2440 INFO 2486946 IncreaseClientShm IpcManager::IncreaseClientShm: Creating clio_2486504_32 with size 144801616 (111247184 + 33554432 overhead)[0m
[97m/home/cvazquezperezdelacru/clio-core/context-runtime/src/ipc_manager.cc:2485 INFO 2486946 IncreaseClientShm IpcManager::IncreaseClientShm: Created allocator clio_2486504_32 with ID (2486504.32)[0m
[97m/home/cvazquezperezdelacru/clio-core/context-runtime/src/ipc_manager.cc:2440 INFO 2486946 IncreaseClientShm IpcManager::IncreaseClientShm: Creating clio_2486504_33 with size 141312416 (107757984 + 33554432 overhead)[0m
[97m/home/cvazquezperezdelacru/clio-core/context-runtime/src/ipc_manager.cc:2485 INFO 2486946 IncreaseClientShm IpcManager::IncreaseClientShm: Created allocator clio_2486504_33 with ID (2486504.33)[0m
[97m/home/cvazquezperezdelacru/clio-core/context-runtime/src/ipc_manager.cc:2440 INFO 2486946 IncreaseClientShm IpcManager::IncreaseClientShm: Creating clio_2486504_34 with size 135769216 (102214784 + 33554432 overhead)[0m
[97m/home/cvazquezperezdelacru/clio-core/context-runtime/src/ipc_manager.cc:2485 INFO 2486946 IncreaseClientShm IpcManager::IncreaseClientShm: Created allocator clio_2486504_34 with ID (2486504.34)[0m
[97m/home/cvazquezperezdelacru/clio-core/context-runtime/src/ipc_manager.cc:2440 INFO 2486946 IncreaseClientShm IpcManager::IncreaseClientShm: Creating clio_2486504_35 with size 133078208 (99523776 + 33554432 overhead)[0m
[97m/home/cvazquezperezdelacru/clio-core/context-runtime/src/ipc_manager.cc:2485 INFO 2486946 IncreaseClientShm IpcManager::IncreaseClientShm: Created allocator clio_2486504_35 with ID (2486504.35)[0m
[31m/home/cvazquezperezdelacru/clio-core/context-runtime/src/scheduler/default_sched.cc:726 ERROR 2486533 LoadBalance [HANGWATCH-HB] processed=30064 outstanding=63 (queued=63 blocked=0 retry=0 periodic=7) live=1 live_stalled=0[0m
[97m/home/cvazquezperezdelacru/clio-core/context-runtime/src/ipc_manager.cc:2440 INFO 2486946 IncreaseClientShm IpcManager::IncreaseClientShm: Creating clio_2486504_36 with size 133084712 (99530280 + 33554432 overhead)[0m
[97m/home/cvazquezperezdelacru/clio-core/context-runtime/src/ipc_manager.cc:2485 INFO 2486946 IncreaseClientShm IpcManager::IncreaseClientShm: Created allocator clio_2486504_36 with ID (2486504.36)[0m
[97m/home/cvazquezperezdelacru/clio-core/context-runtime/src/ipc_manager.cc:2440 INFO 2486946 IncreaseClientShm IpcManager::IncreaseClientShm: Creating clio_2486504_37 with size 139418312 (105863880 + 33554432 overhead)[0m
[97m/home/cvazquezperezdelacru/clio-core/context-runtime/src/ipc_manager.cc:2485 INFO 2486946 IncreaseClientShm IpcManager::IncreaseClientShm: Created allocator clio_2486504_37 with ID (2486504.37)[0m
[97m/home/cvazquezperezdelacru/clio-core/context-runtime/src/ipc_manager.cc:2440 INFO 2486946 IncreaseClientShm IpcManager::IncreaseClientShm: Creating clio_2486504_38 with size 138098816 (104544384 + 33554432 overhead)[0m
[97m/home/cvazquezperezdelacru/clio-core/context-runtime/src/ipc_manager.cc:2485 INFO 2486946 IncreaseClientShm IpcManager::IncreaseClientShm: Created allocator clio_2486504_38 with ID (2486504.38)[0m
[97m/home/cvazquezperezdelacru/clio-core/context-runtime/src/ipc_manager.cc:2440 INFO 2486946 IncreaseClientShm IpcManager::IncreaseClientShm: Creating clio_2486504_39 with size 134711008 (101156576 + 33554432 overhead)[0m
[97m/home/cvazquezperezdelacru/clio-core/context-runtime/src/ipc_manager.cc:2485 INFO 2486946 IncreaseClientShm IpcManager::IncreaseClientShm: Created allocator clio_2486504_39 with ID (2486504.39)[0m
[97m/home/cvazquezperezdelacru/clio-core/context-runtime/src/ipc_manager.cc:2440 INFO 2486946 IncreaseClientShm IpcManager::IncreaseClientShm: Creating clio_2486504_40 with size 146078208 (112523776 + 33554432 overhead)[0m
[97m/home/cvazquezperezdelacru/clio-core/context-runtime/src/ipc_manager.cc:2485 INFO 2486946 IncreaseClientShm IpcManager::IncreaseClientShm: Created allocator clio_2486504_40 with ID (2486504.40)[0m
[97m/home/cvazquezperezdelacru/clio-core/context-runtime/src/ipc_manager.cc:2440 INFO 2486946 IncreaseClientShm IpcManager::IncreaseClientShm: Creating clio_2486504_41 with size 143496416 (109941984 + 33554432 overhead)[0m
[97m/home/cvazquezperezdelacru/clio-core/context-runtime/src/ipc_manager.cc:2485 INFO 2486946 IncreaseClientShm IpcManager::IncreaseClientShm: Created allocator clio_2486504_41 with ID (2486504.41)[0m
[97m/home/cvazquezperezdelacru/clio-core/context-runtime/src/ipc_manager.cc:2440 INFO 2486946 IncreaseClientShm IpcManager::IncreaseClientShm: Creating clio_2486504_42 with size 140343912 (106789480 + 33554432 overhead)[0m
[97m/home/cvazquezperezdelacru/clio-core/context-runtime/src/ipc_manager.cc:2485 INFO 2486946 IncreaseClientShm IpcManager::IncreaseClientShm: Created allocator clio_2486504_42 with ID (2486504.42)[0m
[97m/home/cvazquezperezdelacru/clio-core/context-runtime/src/ipc_manager.cc:2440 INFO 2486946 IncreaseClientShm IpcManager::IncreaseClientShm: Creating clio_2486504_43 with size 142647512 (109093080 + 33554432 overhead)[0m
[97m/home/cvazquezperezdelacru/clio-core/context-runtime/src/ipc_manager.cc:2485 INFO 2486946 IncreaseClientShm IpcManager::IncreaseClientShm: Created allocator clio_2486504_43 with ID (2486504.43)[0m
[31m/home/cvazquezperezdelacru/clio-core/context-runtime/src/scheduler/default_sched.cc:726 ERROR 2486533 LoadBalance [HANGWATCH-HB] processed=31624 outstanding=62 (queued=62 blocked=0 retry=0 periodic=7) live=2 live_stalled=0[0m
[97m/home/cvazquezperezdelacru/clio-core/context-runtime/src/ipc_manager.cc:2440 INFO 2486946 IncreaseClientShm IpcManager::IncreaseClientShm: Creating clio_2486504_44 with size 145055112 (111500680 + 33554432 overhead)[0m
[97m/home/cvazquezperezdelacru/clio-core/context-runtime/src/ipc_manager.cc:2485 INFO 2486946 IncreaseClientShm IpcManager::IncreaseClientShm: Created allocator clio_2486504_44 with ID (2486504.44)[0m
[97m/home/cvazquezperezdelacru/clio-core/context-runtime/src/ipc_manager.cc:2440 INFO 2486946 IncreaseClientShm IpcManager::IncreaseClientShm: Creating clio_2486504_45 with size 136832608 (103278176 + 33554432 overhead)[0m
[97m/home/cvazquezperezdelacru/clio-core/context-runtime/src/ipc_manager.cc:2485 INFO 2486946 IncreaseClientShm IpcManager::IncreaseClientShm: Created allocator clio_2486504_45 with ID (2486504.45)[0m
[97m/home/cvazquezperezdelacru/clio-core/context-runtime/src/ipc_manager.cc:2440 INFO 2486946 IncreaseClientShm IpcManager::IncreaseClientShm: Creating clio_2486504_46 with size 143630312 (110075880 + 33554432 overhead)[0m
[97m/home/cvazquezperezdelacru/clio-core/context-runtime/src/ipc_manager.cc:2485 INFO 2486946 IncreaseClientShm IpcManager::IncreaseClientShm: Created allocator clio_2486504_46 with ID (2486504.46)[0m
[97m/home/cvazquezperezdelacru/clio-core/context-runtime/src/ipc_manager.cc:2440 INFO 2486946 IncreaseClientShm IpcManager::IncreaseClientShm: Creating clio_2486504_47 with size 156167512 (122613080 + 33554432 overhead)[0m
[97m/home/cvazquezperezdelacru/clio-core/context-runtime/src/ipc_manager.cc:2485 INFO 2486946 IncreaseClientShm IpcManager::IncreaseClientShm: Created allocator clio_2486504_47 with ID (2486504.47)[0m
[33m/home/cvazquezperezdelacru/clio-core/context-runtime/src/scheduler/default_sched.cc:430 WARNING 2486533 LoadBalance [#781 PDF] observed exec-time bins (cumulative): <10us=1749426 <50us=70271 <500us=4101 <10ms=11746 <50ms=292 <500ms=25 <1s=0 >=1s=0 | stalls_detected=1[0m
[33m/home/cvazquezperezdelacru/clio-core/context-runtime/src/scheduler/default_sched.cc:439 WARNING 2486533 LoadBalance [#785] lane rescues performed: 1[0m
[97m/home/cvazquezperezdelacru/clio-core/context-runtime/src/ipc_manager.cc:2440 INFO 2486946 IncreaseClientShm IpcManager::IncreaseClientShm: Creating clio_2486504_48 with size 132733712 (99179280 + 33554432 overhead)[0m
[97m/home/cvazquezperezdelacru/clio-core/context-runtime/src/ipc_manager.cc:2485 INFO 2486946 IncreaseClientShm IpcManager::IncreaseClientShm: Created allocator clio_2486504_48 with ID (2486504.48)[0m
[97m/home/cvazquezperezdelacru/clio-core/context-runtime/src/ipc_manager.cc:2440 INFO 2486946 IncreaseClientShm IpcManager::IncreaseClientShm: Creating clio_2486504_49 with size 135686016 (102131584 + 33554432 overhead)[0m
[97m/home/cvazquezperezdelacru/clio-core/context-runtime/src/ipc_manager.cc:2485 INFO 2486946 IncreaseClientShm IpcManager::IncreaseClientShm: Created allocator clio_2486504_49 with ID (2486504.49)[0m
[31m/home/cvazquezperezdelacru/clio-core/context-runtime/src/scheduler/default_sched.cc:726 ERROR 2486533 LoadBalance [HANGWATCH-HB] processed=32946 outstanding=63 (queued=63 blocked=0 retry=0 periodic=7) live=1 live_stalled=0[0m
[97m/home/cvazquezperezdelacru/clio-core/context-runtime/src/ipc_manager.cc:2440 INFO 2486946 IncreaseClientShm IpcManager::IncreaseClientShm: Creating clio_2486504_50 with size 139485912 (105931480 + 33554432 overhead)[0m
[97m/home/cvazquezperezdelacru/clio-core/context-runtime/src/ipc_manager.cc:2485 INFO 2486946 IncreaseClientShm IpcManager::IncreaseClientShm: Created allocator clio_2486504_50 with ID (2486504.50)[0m
[97m/home/cvazquezperezdelacru/clio-core/context-runtime/src/ipc_manager.cc:2440 INFO 2486946 IncreaseClientShm IpcManager::IncreaseClientShm: Creating clio_2486504_51 with size 140212608 (106658176 + 33554432 overhead)[0m
[97m/home/cvazquezperezdelacru/clio-core/context-runtime/src/ipc_manager.cc:2485 INFO 2486946 IncreaseClientShm IpcManager::IncreaseClientShm: Created allocator clio_2486504_51 with ID (2486504.51)[0m
[97m/home/cvazquezperezdelacru/clio-core/context-runtime/src/ipc_manager.cc:2440 INFO 2486946 IncreaseClientShm IpcManager::IncreaseClientShm: Creating clio_2486504_52 with size 142362816 (108808384 + 33554432 overhead)[0m
[97m/home/cvazquezperezdelacru/clio-core/context-runtime/src/ipc_manager.cc:2485 INFO 2486946 IncreaseClientShm IpcManager::IncreaseClientShm: Created allocator clio_2486504_52 with ID (2486504.52)[0m
[97m/home/cvazquezperezdelacru/clio-core/context-runtime/src/ipc_manager.cc:2440 INFO 2486946 IncreaseClientShm IpcManager::IncreaseClientShm: Creating clio_2486504_53 with size 146507216 (112952784 + 33554432 overhead)[0m
[97m/home/cvazquezperezdelacru/clio-core/context-runtime/src/ipc_manager.cc:2485 INFO 2486946 IncreaseClientShm IpcManager::IncreaseClientShm: Created allocator clio_2486504_53 with ID (2486504.53)[0m
[31m/home/cvazquezperezdelacru/clio-core/context-runtime/src/scheduler/default_sched.cc:726 ERROR 2486533 LoadBalance [HANGWATCH-HB] processed=34296 outstanding=63 (queued=63 blocked=0 retry=0 periodic=7) live=1 live_stalled=0[0m
[97m/home/cvazquezperezdelacru/clio-core/context-runtime/src/ipc_manager.cc:2440 INFO 2486946 IncreaseClientShm IpcManager::IncreaseClientShm: Creating clio_2486504_54 with size 131600112 (98045680 + 33554432 overhead)[0m
[97m/home/cvazquezperezdelacru/clio-core/context-runtime/src/ipc_manager.cc:2485 INFO 2486946 IncreaseClientShm IpcManager::IncreaseClientShm: Created allocator clio_2486504_54 with ID (2486504.54)[0m
[97m/home/cvazquezperezdelacru/clio-core/context-runtime/src/ipc_manager.cc:2440 INFO 2486946 IncreaseClientShm IpcManager::IncreaseClientShm: Creating clio_2486504_55 with size 134746112 (101191680 + 33554432 overhead)[0m
[97m/home/cvazquezperezdelacru/clio-core/context-runtime/src/ipc_manager.cc:2485 INFO 2486946 IncreaseClientShm IpcManager::IncreaseClientShm: Created allocator clio_2486504_55 with ID (2486504.55)[0m
[97m/home/cvazquezperezdelacru/clio-core/context-runtime/src/ipc_manager.cc:2440 INFO 2486946 IncreaseClientShm IpcManager::IncreaseClientShm: Creating clio_2486504_56 with size 137277216 (103722784 + 33554432 overhead)[0m
[97m/home/cvazquezperezdelacru/clio-core/context-runtime/src/ipc_manager.cc:2485 INFO 2486946 IncreaseClientShm IpcManager::IncreaseClientShm: Created allocator clio_2486504_56 with ID (2486504.56)[0m
[97m/home/cvazquezperezdelacru/clio-core/context-runtime/src/ipc_manager.cc:2440 INFO 2486946 IncreaseClientShm IpcManager::IncreaseClientShm: Creating clio_2486504_57 with size 148345408 (114790976 + 33554432 overhead)[0m
[97m/home/cvazquezperezdelacru/clio-core/context-runtime/src/ipc_manager.cc:2485 INFO 2486946 IncreaseClientShm IpcManager::IncreaseClientShm: Created allocator clio_2486504_57 with ID (2486504.57)[0m
[97m/home/cvazquezperezdelacru/clio-core/context-runtime/src/ipc_manager.cc:2440 INFO 2486946 IncreaseClientShm IpcManager::IncreaseClientShm: Creating clio_2486504_58 with size 134685008 (101130576 + 33554432 overhead)[0m
[97m/home/cvazquezperezdelacru/clio-core/context-runtime/src/ipc_manager.cc:2485 INFO 2486946 IncreaseClientShm IpcManager::IncreaseClientShm: Created allocator clio_2486504_58 with ID (2486504.58)[0m
[97m/home/cvazquezperezdelacru/clio-core/context-runtime/src/ipc_manager.cc:2440 INFO 2486946 IncreaseClientShm IpcManager::IncreaseClientShm: Creating clio_2486504_59 with size 141081008 (107526576 + 33554432 overhead)[0m
[97m/home/cvazquezperezdelacru/clio-core/context-runtime/src/ipc_manager.cc:2485 INFO 2486946 IncreaseClientShm IpcManager::IncreaseClientShm: Created allocator clio_2486504_59 with ID (2486504.59)[0m
[97m/home/cvazquezperezdelacru/clio-core/context-runtime/src/ipc_manager.cc:2440 INFO 2486946 IncreaseClientShm IpcManager::IncreaseClientShm: Creating clio_2486504_60 with size 138153408 (104598976 + 33554432 overhead)[0m
[97m/home/cvazquezperezdelacru/clio-core/context-runtime/src/ipc_manager.cc:2485 INFO 2486946 IncreaseClientShm IpcManager::IncreaseClientShm: Created allocator clio_2486504_60 with ID (2486504.60)[0m
[33m/home/cvazquezperezdelacru/clio-core/context-runtime/src/scheduler/default_sched.cc:430 WARNING 2486533 LoadBalance [#781 PDF] observed exec-time bins (cumulative): <10us=1817999 <50us=73114 <500us=4141 <10ms=13774 <50ms=349 <500ms=26 <1s=0 >=1s=0 | stalls_detected=1[0m
[33m/home/cvazquezperezdelacru/clio-core/context-runtime/src/scheduler/default_sched.cc:439 WARNING 2486533 LoadBalance [#785] lane rescues performed: 1[0m
[97m/home/cvazquezperezdelacru/clio-core/context-runtime/src/ipc_manager.cc:2440 INFO 2486946 IncreaseClientShm IpcManager::IncreaseClientShm: Creating clio_2486504_61 with size 147495216 (113940784 + 33554432 overhead)[0m
[97m/home/cvazquezperezdelacru/clio-core/context-runtime/src/ipc_manager.cc:2485 INFO 2486946 IncreaseClientShm IpcManager::IncreaseClientShm: Created allocator clio_2486504_61 with ID (2486504.61)[0m
[97m/home/cvazquezperezdelacru/clio-core/context-runtime/src/ipc_manager.cc:2440 INFO 2486946 IncreaseClientShm IpcManager::IncreaseClientShm: Creating clio_2486504_62 with size 153951008 (120396576 + 33554432 overhead)[0m
[97m/home/cvazquezperezdelacru/clio-core/context-runtime/src/ipc_manager.cc:2485 INFO 2486946 IncreaseClientShm IpcManager::IncreaseClientShm: Created allocator clio_2486504_62 with ID (2486504.62)[0m
[31m/home/cvazquezperezdelacru/clio-core/context-runtime/src/scheduler/default_sched.cc:726 ERROR 2486533 LoadBalance [HANGWATCH-HB] processed=37470 outstanding=33 (queued=33 blocked=0 retry=0 periodic=7) live=3 live_stalled=0[0m
[97m/home/cvazquezperezdelacru/clio-core/context-runtime/src/ipc_manager.cc:2440 INFO 2486946 IncreaseClientShm IpcManager::IncreaseClientShm: Creating clio_2486504_63 with size 133413616 (99859184 + 33554432 overhead)[0m
[97m/home/cvazquezperezdelacru/clio-core/context-runtime/src/ipc_manager.cc:2485 INFO 2486946 IncreaseClientShm IpcManager::IncreaseClientShm: Created allocator clio_2486504_63 with ID (2486504.63)[0m
[97m/home/cvazquezperezdelacru/clio-core/context-runtime/src/ipc_manager.cc:2440 INFO 2486946 IncreaseClientShm IpcManager::IncreaseClientShm: Creating clio_2486504_64 with size 141135616 (107581184 + 33554432 overhead)[0m
[97m/home/cvazquezperezdelacru/clio-core/context-runtime/src/ipc_manager.cc:2485 INFO 2486946 IncreaseClientShm IpcManager::IncreaseClientShm: Created allocator clio_2486504_64 with ID (2486504.64)[0m
[97m/home/cvazquezperezdelacru/clio-core/context-runtime/src/ipc_manager.cc:2440 INFO 2486946 IncreaseClientShm IpcManager::IncreaseClientShm: Creating clio_2486504_65 with size 144684608 (111130176 + 33554432 overhead)[0m
[97m/home/cvazquezperezdelacru/clio-core/context-runtime/src/ipc_manager.cc:2485 INFO 2486946 IncreaseClientShm IpcManager::IncreaseClientShm: Created allocator clio_2486504_65 with ID (2486504.65)[0m
[97m/home/cvazquezperezdelacru/clio-core/context-runtime/src/ipc_manager.cc:2440 INFO 2486946 IncreaseClientShm IpcManager::IncreaseClientShm: Creating clio_2486504_66 with size 147808512 (114254080 + 33554432 overhead)[0m
[97m/home/cvazquezperezdelacru/clio-core/context-runtime/src/ipc_manager.cc:2485 INFO 2486946 IncreaseClientShm IpcManager::IncreaseClientShm: Created allocator clio_2486504_66 with ID (2486504.66)[0m
[97m/home/cvazquezperezdelacru/clio-core/context-runtime/src/ipc_manager.cc:2440 INFO 2486946 IncreaseClientShm IpcManager::IncreaseClientShm: Creating clio_2486504_67 with size 147874816 (114320384 + 33554432 overhead)[0m
[97m/home/cvazquezperezdelacru/clio-core/context-runtime/src/ipc_manager.cc:2485 INFO 2486946 IncreaseClientShm IpcManager::IncreaseClientShm: Created allocator clio_2486504_67 with ID (2486504.67)[0m
[97m/home/cvazquezperezdelacru/clio-core/context-runtime/src/ipc_manager.cc:2440 INFO 2486946 IncreaseClientShm IpcManager::IncreaseClientShm: Creating clio_2486504_68 with size 135757512 (102203080 + 33554432 overhead)[0m
[97m/home/cvazquezperezdelacru/clio-core/context-runtime/src/ipc_manager.cc:2485 INFO 2486946 IncreaseClientShm IpcManager::IncreaseClientShm: Created allocator clio_2486504_68 with ID (2486504.68)[0m
[97m/home/cvazquezperezdelacru/clio-core/context-runtime/src/ipc_manager.cc:2440 INFO 2486946 IncreaseClientShm IpcManager::IncreaseClientShm: Creating clio_2486504_69 with size 139972112 (106417680 + 33554432 overhead)[0m
[97m/home/cvazquezperezdelacru/clio-core/context-runtime/src/ipc_manager.cc:2485 INFO 2486946 IncreaseClientShm IpcManager::IncreaseClientShm: Created allocator clio_2486504_69 with ID (2486504.69)[0m
[97m/home/cvazquezperezdelacru/clio-core/context-runtime/src/ipc_manager.cc:2440 INFO 2486946 IncreaseClientShm IpcManager::IncreaseClientShm: Creating clio_2486504_70 with size 143276712 (109722280 + 33554432 overhead)[0m
[97m/home/cvazquezperezdelacru/clio-core/context-runtime/src/ipc_manager.cc:2485 INFO 2486946 IncreaseClientShm IpcManager::IncreaseClientShm: Created allocator clio_2486504_70 with ID (2486504.70)[0m
[97m/home/cvazquezperezdelacru/clio-core/context-runtime/src/ipc_manager.cc:2440 INFO 2486946 IncreaseClientShm IpcManager::IncreaseClientShm: Creating clio_2486504_71 with size 145867616 (112313184 + 33554432 overhead)[0m
[97m/home/cvazquezperezdelacru/clio-core/context-runtime/src/ipc_manager.cc:2485 INFO 2486946 IncreaseClientShm IpcManager::IncreaseClientShm: Created allocator clio_2486504_71 with ID (2486504.71)[0m
[97m/home/cvazquezperezdelacru/clio-core/context-runtime/src/ipc_manager.cc:2440 INFO 2486946 IncreaseClientShm IpcManager::IncreaseClientShm: Creating clio_2486504_72 with size 139402712 (105848280 + 33554432 overhead)[0m
[97m/home/cvazquezperezdelacru/clio-core/context-runtime/src/ipc_manager.cc:2485 INFO 2486946 IncreaseClientShm IpcManager::IncreaseClientShm: Created allocator clio_2486504_72 with ID (2486504.72)[0m
[97m/home/cvazquezperezdelacru/clio-core/context-runtime/src/ipc_manager.cc:2440 INFO 2486946 IncreaseClientShm IpcManager::IncreaseClientShm: Creating clio_2486504_73 with size 149614208 (116059776 + 33554432 overhead)[0m
[97m/home/cvazquezperezdelacru/clio-core/context-runtime/src/ipc_manager.cc:2485 INFO 2486946 IncreaseClientShm IpcManager::IncreaseClientShm: Created allocator clio_2486504_73 with ID (2486504.73)[0m
[97m/home/cvazquezperezdelacru/clio-core/context-runtime/src/ipc_manager.cc:2440 INFO 2486946 IncreaseClientShm IpcManager::IncreaseClientShm: Creating clio_2486504_74 with size 146177008 (112622576 + 33554432 overhead)[0m
[97m/home/cvazquezperezdelacru/clio-core/context-runtime/src/ipc_manager.cc:2485 INFO 2486946 IncreaseClientShm IpcManager::IncreaseClientShm: Created allocator clio_2486504_74 with ID (2486504.74)[0m
[31m/home/cvazquezperezdelacru/clio-core/context-runtime/src/scheduler/default_sched.cc:726 ERROR 2486533 LoadBalance [HANGWATCH-HB] processed=40317 outstanding=18 (queued=18 blocked=0 retry=0 periodic=7) live=1 live_stalled=0[0m
[97m/mnt/common/cvazquezperezdelacru/IOWARP/faiss/contrib/iowarp/chimod/src/faiss_ivf_runtime.cc:300 INFO 2486529 Search faiss_ivf: Search nq=500 k=10 nprobe=128 unique_lists=8154[0m
[97m/home/cvazquezperezdelacru/clio-core/context-runtime/src/ipc_manager.cc:2440 INFO 2486529 IncreaseClientShm IpcManager::IncreaseClientShm: Creating clio_2486504_75 with size 141738816 (108184384 + 33554432 overhead)[0m
[97m/home/cvazquezperezdelacru/clio-core/context-runtime/src/ipc_manager.cc:2485 INFO 2486529 IncreaseClientShm IpcManager::IncreaseClientShm: Created allocator clio_2486504_75 with ID (2486504.75)[0m
[97m/home/cvazquezperezdelacru/clio-core/context-runtime/src/ipc_manager.cc:2440 INFO 2486529 IncreaseClientShm IpcManager::IncreaseClientShm: Creating clio_2486504_76 with size 142109312 (108554880 + 33554432 overhead)[0m
[97m/home/cvazquezperezdelacru/clio-core/context-runtime/src/ipc_manager.cc:2485 INFO 2486529 IncreaseClientShm IpcManager::IncreaseClientShm: Created allocator clio_2486504_76 with ID (2486504.76)[0m
[97m/home/cvazquezperezdelacru/clio-core/context-runtime/src/ipc_manager.cc:2440 INFO 2486529 IncreaseClientShm IpcManager::IncreaseClientShm: Creating clio_2486504_77 with size 155888016 (122333584 + 33554432 overhead)[0m
[97m/home/cvazquezperezdelacru/clio-core/context-runtime/src/ipc_manager.cc:2485 INFO 2486529 IncreaseClientShm IpcManager::IncreaseClientShm: Created allocator clio_2486504_77 with ID (2486504.77)[0m
[97m/home/cvazquezperezdelacru/clio-core/context-runtime/src/ipc_manager.cc:2440 INFO 2486529 IncreaseClientShm IpcManager::IncreaseClientShm: Creating clio_2486504_78 with size 143220816 (109666384 + 33554432 overhead)[0m
[97m/home/cvazquezperezdelacru/clio-core/context-runtime/src/ipc_manager.cc:2485 INFO 2486529 IncreaseClientShm IpcManager::IncreaseClientShm: Created allocator clio_2486504_78 with ID (2486504.78)[0m
[97m/home/cvazquezperezdelacru/clio-core/context-runtime/src/ipc_manager.cc:2440 INFO 2486529 IncreaseClientShm IpcManager::IncreaseClientShm: Creating clio_2486504_79 with size 143497712 (109943280 + 33554432 overhead)[0m
[97m/home/cvazquezperezdelacru/clio-core/context-runtime/src/ipc_manager.cc:2485 INFO 2486529 IncreaseClientShm IpcManager::IncreaseClientShm: Created allocator clio_2486504_79 with ID (2486504.79)[0m
[97m/home/cvazquezperezdelacru/clio-core/context-runtime/src/ipc_manager.cc:2440 INFO 2486529 IncreaseClientShm IpcManager::IncreaseClientShm: Creating clio_2486504_80 with size 138245712 (104691280 + 33554432 overhead)[0m
[97m/home/cvazquezperezdelacru/clio-core/context-runtime/src/ipc_manager.cc:2485 INFO 2486529 IncreaseClientShm IpcManager::IncreaseClientShm: Created allocator clio_2486504_80 with ID (2486504.80)[0m
[97m/home/cvazquezperezdelacru/clio-core/context-runtime/src/ipc_manager.cc:2440 INFO 2486529 IncreaseClientShm IpcManager::IncreaseClientShm: Creating clio_2486504_81 with size 140376416 (106821984 + 33554432 overhead)[0m
[97m/home/cvazquezperezdelacru/clio-core/context-runtime/src/ipc_manager.cc:2485 INFO 2486529 IncreaseClientShm IpcManager::IncreaseClientShm: Created allocator clio_2486504_81 with ID (2486504.81)[0m
[97m/home/cvazquezperezdelacru/clio-core/context-runtime/src/ipc_manager.cc:2440 INFO 2486529 IncreaseClientShm IpcManager::IncreaseClientShm: Creating clio_2486504_82 with size 131048912 (97494480 + 33554432 overhead)[0m
[97m/home/cvazquezperezdelacru/clio-core/context-runtime/src/ipc_manager.cc:2485 INFO 2486529 IncreaseClientShm IpcManager::IncreaseClientShm: Created allocator clio_2486504_82 with ID (2486504.82)[0m
[33m/home/cvazquezperezdelacru/clio-core/context-runtime/src/scheduler/default_sched.cc:430 WARNING 2486533 LoadBalance [#781 PDF] observed exec-time bins (cumulative): <10us=1884711 <50us=77404 <500us=4182 <10ms=16554 <50ms=404 <500ms=26 <1s=0 >=1s=1 | stalls_detected=1[0m
[33m/home/cvazquezperezdelacru/clio-core/context-runtime/src/scheduler/default_sched.cc:439 WARNING 2486533 LoadBalance [#785] lane rescues performed: 1[0m
[97m/home/cvazquezperezdelacru/clio-core/context-runtime/src/ipc_manager.cc:2440 INFO 2486529 IncreaseClientShm IpcManager::IncreaseClientShm: Creating clio_2486504_83 with size 133643712 (100089280 + 33554432 overhead)[0m
[97m/home/cvazquezperezdelacru/clio-core/context-runtime/src/ipc_manager.cc:2485 INFO 2486529 IncreaseClientShm IpcManager::IncreaseClientShm: Created allocator clio_2486504_83 with ID (2486504.83)[0m
[97m/home/cvazquezperezdelacru/clio-core/context-runtime/src/ipc_manager.cc:2440 INFO 2486529 IncreaseClientShm IpcManager::IncreaseClientShm: Creating clio_2486504_84 with size 132347616 (98793184 + 33554432 overhead)[0m
[97m/home/cvazquezperezdelacru/clio-core/context-runtime/src/ipc_manager.cc:2485 INFO 2486529 IncreaseClientShm IpcManager::IncreaseClientShm: Created allocator clio_2486504_84 with ID (2486504.84)[0m
[97m/home/cvazquezperezdelacru/clio-core/context-runtime/src/ipc_manager.cc:2440 INFO 2486529 IncreaseClientShm IpcManager::IncreaseClientShm: Creating clio_2486504_85 with size 142124912 (108570480 + 33554432 overhead)[0m
[97m/home/cvazquezperezdelacru/clio-core/context-runtime/src/ipc_manager.cc:2485 INFO 2486529 IncreaseClientShm IpcManager::IncreaseClientShm: Created allocator clio_2486504_85 with ID (2486504.85)[0m
[31m/home/cvazquezperezdelacru/clio-core/context-runtime/src/scheduler/default_sched.cc:726 ERROR 2486533 LoadBalance [HANGWATCH-HB] processed=42778 outstanding=41 (queued=41 blocked=0 retry=0 periodic=6) live=3 live_stalled=0[0m
[97m/home/cvazquezperezdelacru/clio-core/context-runtime/src/ipc_manager.cc:2440 INFO 2486529 IncreaseClientShm IpcManager::IncreaseClientShm: Creating clio_2486504_86 with size 140723512 (107169080 + 33554432 overhead)[0m
[97m/home/cvazquezperezdelacru/clio-core/context-runtime/src/ipc_manager.cc:2485 INFO 2486529 IncreaseClientShm IpcManager::IncreaseClientShm: Created allocator clio_2486504_86 with ID (2486504.86)[0m
[97m/home/cvazquezperezdelacru/clio-core/context-runtime/src/ipc_manager.cc:2440 INFO 2486529 IncreaseClientShm IpcManager::IncreaseClientShm: Creating clio_2486504_87 with size 134331408 (100776976 + 33554432 overhead)[0m
[97m/home/cvazquezperezdelacru/clio-core/context-runtime/src/ipc_manager.cc:2485 INFO 2486529 IncreaseClientShm IpcManager::IncreaseClientShm: Created allocator clio_2486504_87 with ID (2486504.87)[0m
[97m/home/cvazquezperezdelacru/clio-core/context-runtime/src/ipc_manager.cc:2440 INFO 2486529 IncreaseClientShm IpcManager::IncreaseClientShm: Creating clio_2486504_88 with size 152097216 (118542784 + 33554432 overhead)[0m
[97m/home/cvazquezperezdelacru/clio-core/context-runtime/src/ipc_manager.cc:2485 INFO 2486529 IncreaseClientShm IpcManager::IncreaseClientShm: Created allocator clio_2486504_88 with ID (2486504.88)[0m
[97m/home/cvazquezperezdelacru/clio-core/context-runtime/src/ipc_manager.cc:2440 INFO 2486529 IncreaseClientShm IpcManager::IncreaseClientShm: Creating clio_2486504_89 with size 139660112 (106105680 + 33554432 overhead)[0m
[97m/home/cvazquezperezdelacru/clio-core/context-runtime/src/ipc_manager.cc:2485 INFO 2486529 IncreaseClientShm IpcManager::IncreaseClientShm: Created allocator clio_2486504_89 with ID (2486504.89)[0m
[97m/home/cvazquezperezdelacru/clio-core/context-runtime/src/ipc_manager.cc:2440 INFO 2486529 IncreaseClientShm IpcManager::IncreaseClientShm: Creating clio_2486504_90 with size 146496816 (112942384 + 33554432 overhead)[0m
[97m/home/cvazquezperezdelacru/clio-core/context-runtime/src/ipc_manager.cc:2485 INFO 2486529 IncreaseClientShm IpcManager::IncreaseClientShm: Created allocator clio_2486504_90 with ID (2486504.90)[0m
[97m/home/cvazquezperezdelacru/clio-core/context-runtime/src/ipc_manager.cc:2440 INFO 2486529 IncreaseClientShm IpcManager::IncreaseClientShm: Creating clio_2486504_91 with size 147010312 (113455880 + 33554432 overhead)[0m
[97m/home/cvazquezperezdelacru/clio-core/context-runtime/src/ipc_manager.cc:2485 INFO 2486529 IncreaseClientShm IpcManager::IncreaseClientShm: Created allocator clio_2486504_91 with ID (2486504.91)[0m
[97m/home/cvazquezperezdelacru/clio-core/context-runtime/src/ipc_manager.cc:2440 INFO 2486529 IncreaseClientShm IpcManager::IncreaseClientShm: Creating clio_2486504_92 with size 141221408 (107666976 + 33554432 overhead)[0m
[97m/home/cvazquezperezdelacru/clio-core/context-runtime/src/ipc_manager.cc:2485 INFO 2486529 IncreaseClientShm IpcManager::IncreaseClientShm: Created allocator clio_2486504_92 with ID (2486504.92)[0m
[31m/home/cvazquezperezdelacru/clio-core/context-runtime/src/scheduler/default_sched.cc:726 ERROR 2486533 LoadBalance [HANGWATCH-HB] processed=44219 outstanding=61 (queued=61 blocked=0 retry=0 periodic=6) live=2 live_stalled=0[0m
[97m/home/cvazquezperezdelacru/clio-core/context-runtime/src/ipc_manager.cc:2440 INFO 2486529 IncreaseClientShm IpcManager::IncreaseClientShm: Creating clio_2486504_93 with size 157809408 (124254976 + 33554432 overhead)[0m
[97m/home/cvazquezperezdelacru/clio-core/context-runtime/src/ipc_manager.cc:2485 INFO 2486529 IncreaseClientShm IpcManager::IncreaseClientShm: Created allocator clio_2486504_93 with ID (2486504.93)[0m
[97m/home/cvazquezperezdelacru/clio-core/context-runtime/src/ipc_manager.cc:2440 INFO 2486529 IncreaseClientShm IpcManager::IncreaseClientShm: Creating clio_2486504_94 with size 144801616 (111247184 + 33554432 overhead)[0m
[97m/home/cvazquezperezdelacru/clio-core/context-runtime/src/ipc_manager.cc:2485 INFO 2486529 IncreaseClientShm IpcManager::IncreaseClientShm: Created allocator clio_2486504_94 with ID (2486504.94)[0m
[97m/home/cvazquezperezdelacru/clio-core/context-runtime/src/ipc_manager.cc:2440 INFO 2486529 IncreaseClientShm IpcManager::IncreaseClientShm: Creating clio_2486504_95 with size 137831008 (104276576 + 33554432 overhead)[0m
[97m/home/cvazquezperezdelacru/clio-core/context-runtime/src/ipc_manager.cc:2485 INFO 2486529 IncreaseClientShm IpcManager::IncreaseClientShm: Created allocator clio_2486504_95 with ID (2486504.95)[0m
[31m/home/cvazquezperezdelacru/clio-core/context-runtime/src/scheduler/default_sched.cc:726 ERROR 2486533 LoadBalance [HANGWATCH-HB] processed=45894 outstanding=52 (queued=52 blocked=0 retry=0 periodic=6) live=4 live_stalled=0[0m
[97m/home/cvazquezperezdelacru/clio-core/context-runtime/src/ipc_manager.cc:2440 INFO 2486529 IncreaseClientShm IpcManager::IncreaseClientShm: Creating clio_2486504_96 with size 139418312 (105863880 + 33554432 overhead)[0m
[97m/home/cvazquezperezdelacru/clio-core/context-runtime/src/ipc_manager.cc:2485 INFO 2486529 IncreaseClientShm IpcManager::IncreaseClientShm: Created allocator clio_2486504_96 with ID (2486504.96)[0m
[97m/home/cvazquezperezdelacru/clio-core/context-runtime/src/ipc_manager.cc:2440 INFO 2486529 IncreaseClientShm IpcManager::IncreaseClientShm: Creating clio_2486504_97 with size 134517312 (100962880 + 33554432 overhead)[0m
[97m/home/cvazquezperezdelacru/clio-core/context-runtime/src/ipc_manager.cc:2485 INFO 2486529 IncreaseClientShm IpcManager::IncreaseClientShm: Created allocator clio_2486504_97 with ID (2486504.97)[0m
[33m/home/cvazquezperezdelacru/clio-core/context-runtime/src/scheduler/default_sched.cc:430 WARNING 2486533 LoadBalance [#781 PDF] observed exec-time bins (cumulative): <10us=1953928 <50us=80517 <500us=4209 <10ms=18566 <50ms=451 <500ms=26 <1s=0 >=1s=1 | stalls_detected=1[0m
[33m/home/cvazquezperezdelacru/clio-core/context-runtime/src/scheduler/default_sched.cc:439 WARNING 2486533 LoadBalance [#785] lane rescues performed: 1[0m
[97m/home/cvazquezperezdelacru/clio-core/context-runtime/src/ipc_manager.cc:2440 INFO 2486529 IncreaseClientShm IpcManager::IncreaseClientShm: Creating clio_2486504_98 with size 133860816 (100306384 + 33554432 overhead)[0m
[97m/home/cvazquezperezdelacru/clio-core/context-runtime/src/ipc_manager.cc:2485 INFO 2486529 IncreaseClientShm IpcManager::IncreaseClientShm: Created allocator clio_2486504_98 with ID (2486504.98)[0m
[97m/home/cvazquezperezdelacru/clio-core/context-runtime/src/ipc_manager.cc:2440 INFO 2486529 IncreaseClientShm IpcManager::IncreaseClientShm: Creating clio_2486504_99 with size 146078208 (112523776 + 33554432 overhead)[0m
[97m/home/cvazquezperezdelacru/clio-core/context-runtime/src/ipc_manager.cc:2485 INFO 2486529 IncreaseClientShm IpcManager::IncreaseClientShm: Created allocator clio_2486504_99 with ID (2486504.99)[0m
[97m/home/cvazquezperezdelacru/clio-core/context-runtime/src/ipc_manager.cc:2440 INFO 2486529 IncreaseClientShm IpcManager::IncreaseClientShm: Creating clio_2486504_100 with size 143027112 (109472680 + 33554432 overhead)[0m
[97m/home/cvazquezperezdelacru/clio-core/context-runtime/src/ipc_manager.cc:2485 INFO 2486529 IncreaseClientShm IpcManager::IncreaseClientShm: Created allocator clio_2486504_100 with ID (2486504.100)[0m
[97m/home/cvazquezperezdelacru/clio-core/context-runtime/src/ipc_manager.cc:2440 INFO 2486529 IncreaseClientShm IpcManager::IncreaseClientShm: Creating clio_2486504_101 with size 143496416 (109941984 + 33554432 overhead)[0m
[97m/home/cvazquezperezdelacru/clio-core/context-runtime/src/ipc_manager.cc:2485 INFO 2486529 IncreaseClientShm IpcManager::IncreaseClientShm: Created allocator clio_2486504_101 with ID (2486504.101)[0m
[97m/home/cvazquezperezdelacru/clio-core/context-runtime/src/ipc_manager.cc:2440 INFO 2486529 IncreaseClientShm IpcManager::IncreaseClientShm: Creating clio_2486504_102 with size 138395216 (104840784 + 33554432 overhead)[0m
[97m/home/cvazquezperezdelacru/clio-core/context-runtime/src/ipc_manager.cc:2485 INFO 2486529 IncreaseClientShm IpcManager::IncreaseClientShm: Created allocator clio_2486504_102 with ID (2486504.102)[0m
[31m/home/cvazquezperezdelacru/clio-core/context-runtime/src/scheduler/default_sched.cc:726 ERROR 2486533 LoadBalance [HANGWATCH-HB] processed=47459 outstanding=51 (queued=51 blocked=0 retry=0 periodic=7) live=2 live_stalled=0[0m
[97m/home/cvazquezperezdelacru/clio-core/context-runtime/src/ipc_manager.cc:2440 INFO 2486529 IncreaseClientShm IpcManager::IncreaseClientShm: Creating clio_2486504_103 with size 143630312 (110075880 + 33554432 overhead)[0m
[97m/home/cvazquezperezdelacru/clio-core/context-runtime/src/ipc_manager.cc:2485 INFO 2486529 IncreaseClientShm IpcManager::IncreaseClientShm: Created allocator clio_2486504_103 with ID (2486504.103)[0m
[97m/home/cvazquezperezdelacru/clio-core/context-runtime/src/ipc_manager.cc:2440 INFO 2486529 IncreaseClientShm IpcManager::IncreaseClientShm: Creating clio_2486504_104 with size 156167512 (122613080 + 33554432 overhead)[0m
[97m/home/cvazquezperezdelacru/clio-core/context-runtime/src/ipc_manager.cc:2485 INFO 2486529 IncreaseClientShm IpcManager::IncreaseClientShm: Created allocator clio_2486504_104 with ID (2486504.104)[0m
[97m/home/cvazquezperezdelacru/clio-core/context-runtime/src/ipc_manager.cc:2440 INFO 2486529 IncreaseClientShm IpcManager::IncreaseClientShm: Creating clio_2486504_105 with size 137155008 (103600576 + 33554432 overhead)[0m
[97m/home/cvazquezperezdelacru/clio-core/context-runtime/src/ipc_manager.cc:2485 INFO 2486529 IncreaseClientShm IpcManager::IncreaseClientShm: Created allocator clio_2486504_105 with ID (2486504.105)[0m
[97m/home/cvazquezperezdelacru/clio-core/context-runtime/src/ipc_manager.cc:2440 INFO 2486529 IncreaseClientShm IpcManager::IncreaseClientShm: Creating clio_2486504_106 with size 140593512 (107039080 + 33554432 overhead)[0m
[97m/home/cvazquezperezdelacru/clio-core/context-runtime/src/ipc_manager.cc:2485 INFO 2486529 IncreaseClientShm IpcManager::IncreaseClientShm: Created allocator clio_2486504_106 with ID (2486504.106)[0m
[97m/home/cvazquezperezdelacru/clio-core/context-runtime/src/ipc_manager.cc:2440 INFO 2486529 IncreaseClientShm IpcManager::IncreaseClientShm: Creating clio_2486504_107 with size 139515808 (105961376 + 33554432 overhead)[0m
[97m/home/cvazquezperezdelacru/clio-core/context-runtime/src/ipc_manager.cc:2485 INFO 2486529 IncreaseClientShm IpcManager::IncreaseClientShm: Created allocator clio_2486504_107 with ID (2486504.107)[0m
[97m/home/cvazquezperezdelacru/clio-core/context-runtime/src/ipc_manager.cc:2440 INFO 2486529 IncreaseClientShm IpcManager::IncreaseClientShm: Creating clio_2486504_108 with size 139485912 (105931480 + 33554432 overhead)[0m
[97m/home/cvazquezperezdelacru/clio-core/context-runtime/src/ipc_manager.cc:2485 INFO 2486529 IncreaseClientShm IpcManager::IncreaseClientShm: Created allocator clio_2486504_108 with ID (2486504.108)[0m
[97m/home/cvazquezperezdelacru/clio-core/context-runtime/src/ipc_manager.cc:2440 INFO 2486529 IncreaseClientShm IpcManager::IncreaseClientShm: Creating clio_2486504_109 with size 140212608 (106658176 + 33554432 overhead)[0m
[97m/home/cvazquezperezdelacru/clio-core/context-runtime/src/ipc_manager.cc:2485 INFO 2486529 IncreaseClientShm IpcManager::IncreaseClientShm: Created allocator clio_2486504_109 with ID (2486504.109)[0m
[97m/home/cvazquezperezdelacru/clio-core/context-runtime/src/ipc_manager.cc:2440 INFO 2486529 IncreaseClientShm IpcManager::IncreaseClientShm: Creating clio_2486504_110 with size 138855408 (105300976 + 33554432 overhead)[0m
[97m/home/cvazquezperezdelacru/clio-core/context-runtime/src/ipc_manager.cc:2485 INFO 2486529 IncreaseClientShm IpcManager::IncreaseClientShm: Created allocator clio_2486504_110 with ID (2486504.110)[0m
[97m/home/cvazquezperezdelacru/clio-core/context-runtime/src/ipc_manager.cc:2440 INFO 2486529 IncreaseClientShm IpcManager::IncreaseClientShm: Creating clio_2486504_111 with size 142362816 (108808384 + 33554432 overhead)[0m
[97m/home/cvazquezperezdelacru/clio-core/context-runtime/src/ipc_manager.cc:2485 INFO 2486529 IncreaseClientShm IpcManager::IncreaseClientShm: Created allocator clio_2486504_111 with ID (2486504.111)[0m
[31m/home/cvazquezperezdelacru/clio-core/context-runtime/src/scheduler/default_sched.cc:726 ERROR 2486533 LoadBalance [HANGWATCH-HB] processed=49565 outstanding=48 (queued=48 blocked=0 retry=0 periodic=6) live=2 live_stalled=0[0m
[97m/home/cvazquezperezdelacru/clio-core/context-runtime/src/ipc_manager.cc:2440 INFO 2486529 IncreaseClientShm IpcManager::IncreaseClientShm: Creating clio_2486504_112 with size 146507216 (112952784 + 33554432 overhead)[0m
[97m/home/cvazquezperezdelacru/clio-core/context-runtime/src/ipc_manager.cc:2485 INFO 2486529 IncreaseClientShm IpcManager::IncreaseClientShm: Created allocator clio_2486504_112 with ID (2486504.112)[0m
[97m/home/cvazquezperezdelacru/clio-core/context-runtime/src/ipc_manager.cc:2440 INFO 2486529 IncreaseClientShm IpcManager::IncreaseClientShm: Creating clio_2486504_113 with size 134653808 (101099376 + 33554432 overhead)[0m
[97m/home/cvazquezperezdelacru/clio-core/context-runtime/src/ipc_manager.cc:2485 INFO 2486529 IncreaseClientShm IpcManager::IncreaseClientShm: Created allocator clio_2486504_113 with ID (2486504.113)[0m
[33m/home/cvazquezperezdelacru/clio-core/context-runtime/src/scheduler/default_sched.cc:430 WARNING 2486533 LoadBalance [#781 PDF] observed exec-time bins (cumulative): <10us=2022254 <50us=85330 <500us=4241 <10ms=20724 <50ms=500 <500ms=28 <1s=0 >=1s=1 | stalls_detected=1[0m
[33m/home/cvazquezperezdelacru/clio-core/context-runtime/src/scheduler/default_sched.cc:439 WARNING 2486533 LoadBalance [#785] lane rescues performed: 1[0m
[97m/home/cvazquezperezdelacru/clio-core/context-runtime/src/ipc_manager.cc:2440 INFO 2486529 IncreaseClientShm IpcManager::IncreaseClientShm: Creating clio_2486504_114 with size 141125216 (107570784 + 33554432 overhead)[0m
[97m/home/cvazquezperezdelacru/clio-core/context-runtime/src/ipc_manager.cc:2485 INFO 2486529 IncreaseClientShm IpcManager::IncreaseClientShm: Created allocator clio_2486504_114 with ID (2486504.114)[0m
[31m/home/cvazquezperezdelacru/clio-core/context-runtime/src/scheduler/default_sched.cc:726 ERROR 2486533 LoadBalance [HANGWATCH-HB] processed=51125 outstanding=50 (queued=50 blocked=0 retry=0 periodic=7) live=2 live_stalled=0[0m
[97m/home/cvazquezperezdelacru/clio-core/context-runtime/src/ipc_manager.cc:2440 INFO 2486529 IncreaseClientShm IpcManager::IncreaseClientShm: Creating clio_2486504_115 with size 148345408 (114790976 + 33554432 overhead)[0m
[97m/home/cvazquezperezdelacru/clio-core/context-runtime/src/ipc_manager.cc:2485 INFO 2486529 IncreaseClientShm IpcManager::IncreaseClientShm: Created allocator clio_2486504_115 with ID (2486504.115)[0m
[97m/home/cvazquezperezdelacru/clio-core/context-runtime/src/ipc_manager.cc:2440 INFO 2486529 IncreaseClientShm IpcManager::IncreaseClientShm: Creating clio_2486504_116 with size 136355512 (102801080 + 33554432 overhead)[0m
[97m/home/cvazquezperezdelacru/clio-core/context-runtime/src/ipc_manager.cc:2485 INFO 2486529 IncreaseClientShm IpcManager::IncreaseClientShm: Created allocator clio_2486504_116 with ID (2486504.116)[0m
[97m/home/cvazquezperezdelacru/clio-core/context-runtime/src/ipc_manager.cc:2440 INFO 2486529 IncreaseClientShm IpcManager::IncreaseClientShm: Creating clio_2486504_117 with size 141081008 (107526576 + 33554432 overhead)[0m
[97m/home/cvazquezperezdelacru/clio-core/context-runtime/src/ipc_manager.cc:2485 INFO 2486529 IncreaseClientShm IpcManager::IncreaseClientShm: Created allocator clio_2486504_117 with ID (2486504.117)[0m
[97m/home/cvazquezperezdelacru/clio-core/context-runtime/src/ipc_manager.cc:2440 INFO 2486529 IncreaseClientShm IpcManager::IncreaseClientShm: Creating clio_2486504_118 with size 147495216 (113940784 + 33554432 overhead)[0m
[97m/home/cvazquezperezdelacru/clio-core/context-runtime/src/ipc_manager.cc:2485 INFO 2486529 IncreaseClientShm IpcManager::IncreaseClientShm: Created allocator clio_2486504_118 with ID (2486504.118)[0m
[31m/home/cvazquezperezdelacru/clio-core/context-runtime/src/scheduler/default_sched.cc:726 ERROR 2486533 LoadBalance [HANGWATCH-HB] processed=52695 outstanding=36 (queued=36 blocked=0 retry=0 periodic=7) live=1 live_stalled=0[0m
[97m/home/cvazquezperezdelacru/clio-core/context-runtime/src/ipc_manager.cc:2440 INFO 2486529 IncreaseClientShm IpcManager::IncreaseClientShm: Creating clio_2486504_119 with size 138565512 (105011080 + 33554432 overhead)[0m
[97m/home/cvazquezperezdelacru/clio-core/context-runtime/src/ipc_manager.cc:2485 INFO 2486529 IncreaseClientShm IpcManager::IncreaseClientShm: Created allocator clio_2486504_119 with ID (2486504.119)[0m
[97m/home/cvazquezperezdelacru/clio-core/context-runtime/src/ipc_manager.cc:2440 INFO 2486529 IncreaseClientShm IpcManager::IncreaseClientShm: Creating clio_2486504_120 with size 144684608 (111130176 + 33554432 overhead)[0m
[97m/home/cvazquezperezdelacru/clio-core/context-runtime/src/ipc_manager.cc:2485 INFO 2486529 IncreaseClientShm IpcManager::IncreaseClientShm: Created allocator clio_2486504_120 with ID (2486504.120)[0m
[97m/home/cvazquezperezdelacru/clio-core/context-runtime/src/ipc_manager.cc:2440 INFO 2486529 IncreaseClientShm IpcManager::IncreaseClientShm: Creating clio_2486504_121 with size 147808512 (114254080 + 33554432 overhead)[0m
[97m/home/cvazquezperezdelacru/clio-core/context-runtime/src/ipc_manager.cc:2485 INFO 2486529 IncreaseClientShm IpcManager::IncreaseClientShm: Created allocator clio_2486504_121 with ID (2486504.121)[0m
[31m/home/cvazquezperezdelacru/clio-core/context-runtime/src/scheduler/default_sched.cc:726 ERROR 2486533 LoadBalance [HANGWATCH-HB] processed=54181 outstanding=55 (queued=55 blocked=0 retry=0 periodic=7) live=2 live_stalled=0[0m
[97m/home/cvazquezperezdelacru/clio-core/context-runtime/src/ipc_manager.cc:2440 INFO 2486529 IncreaseClientShm IpcManager::IncreaseClientShm: Creating clio_2486504_122 with size 147824112 (114269680 + 33554432 overhead)[0m
[97m/home/cvazquezperezdelacru/clio-core/context-runtime/src/ipc_manager.cc:2485 INFO 2486529 IncreaseClientShm IpcManager::IncreaseClientShm: Created allocator clio_2486504_122 with ID (2486504.122)[0m
[33m/home/cvazquezperezdelacru/clio-core/context-runtime/src/scheduler/default_sched.cc:430 WARNING 2486533 LoadBalance [#781 PDF] observed exec-time bins (cumulative): <10us=2086177 <50us=90431 <500us=4284 <10ms=22524 <50ms=539 <500ms=28 <1s=0 >=1s=1 | stalls_detected=1[0m
[33m/home/cvazquezperezdelacru/clio-core/context-runtime/src/scheduler/default_sched.cc:439 WARNING 2486533 LoadBalance [#785] lane rescues performed: 1[0m
[97m/home/cvazquezperezdelacru/clio-core/context-runtime/src/ipc_manager.cc:2440 INFO 2486529 IncreaseClientShm IpcManager::IncreaseClientShm: Creating clio_2486504_123 with size 140943216 (107388784 + 33554432 overhead)[0m
[97m/home/cvazquezperezdelacru/clio-core/context-runtime/src/ipc_manager.cc:2485 INFO 2486529 IncreaseClientShm IpcManager::IncreaseClientShm: Created allocator clio_2486504_123 with ID (2486504.123)[0m
[31m/home/cvazquezperezdelacru/clio-core/context-runtime/src/scheduler/default_sched.cc:726 ERROR 2486533 LoadBalance [HANGWATCH-HB] processed=55509 outstanding=43 (queued=43 blocked=0 retry=0 periodic=7) live=1 live_stalled=0[0m
[97m/home/cvazquezperezdelacru/clio-core/context-runtime/src/ipc_manager.cc:2440 INFO 2486529 IncreaseClientShm IpcManager::IncreaseClientShm: Creating clio_2486504_124 with size 139402712 (105848280 + 33554432 overhead)[0m
[97m/home/cvazquezperezdelacru/clio-core/context-runtime/src/ipc_manager.cc:2485 INFO 2486529 IncreaseClientShm IpcManager::IncreaseClientShm: Created allocator clio_2486504_124 with ID (2486504.124)[0m
[97m/home/cvazquezperezdelacru/clio-core/context-runtime/src/ipc_manager.cc:2440 INFO 2486529 IncreaseClientShm IpcManager::IncreaseClientShm: Creating clio_2486504_125 with size 149614208 (116059776 + 33554432 overhead)[0m
[97m/home/cvazquezperezdelacru/clio-core/context-runtime/src/ipc_manager.cc:2485 INFO 2486529 IncreaseClientShm IpcManager::IncreaseClientShm: Created allocator clio_2486504_125 with ID (2486504.125)[0m
[97m/mnt/common/cvazquezperezdelacru/IOWARP/faiss/contrib/iowarp/chimod/src/faiss_ivf_runtime.cc:300 INFO 2486526 Search faiss_ivf: Search nq=500 k=10 nprobe=128 unique_lists=8154[0m
[97m/home/cvazquezperezdelacru/clio-core/context-runtime/src/ipc_manager.cc:2440 INFO 2486526 IncreaseClientShm IpcManager::IncreaseClientShm: Creating clio_2486504_126 with size 142109312 (108554880 + 33554432 overhead)[0m
[97m/home/cvazquezperezdelacru/clio-core/context-runtime/src/ipc_manager.cc:2485 INFO 2486526 IncreaseClientShm IpcManager::IncreaseClientShm: Created allocator clio_2486504_126 with ID (2486504.126)[0m
[97m/home/cvazquezperezdelacru/clio-core/context-runtime/src/ipc_manager.cc:2440 INFO 2486526 IncreaseClientShm IpcManager::IncreaseClientShm: Creating clio_2486504_127 with size 155888016 (122333584 + 33554432 overhead)[0m
[97m/home/cvazquezperezdelacru/clio-core/context-runtime/src/ipc_manager.cc:2485 INFO 2486526 IncreaseClientShm IpcManager::IncreaseClientShm: Created allocator clio_2486504_127 with ID (2486504.127)[0m
[97m/home/cvazquezperezdelacru/clio-core/context-runtime/src/ipc_manager.cc:2440 INFO 2486526 IncreaseClientShm IpcManager::IncreaseClientShm: Creating clio_2486504_128 with size 143220816 (109666384 + 33554432 overhead)[0m
[97m/home/cvazquezperezdelacru/clio-core/context-runtime/src/ipc_manager.cc:2485 INFO 2486526 IncreaseClientShm IpcManager::IncreaseClientShm: Created allocator clio_2486504_128 with ID (2486504.128)[0m
[31m/home/cvazquezperezdelacru/clio-core/context-runtime/src/scheduler/default_sched.cc:726 ERROR 2486533 LoadBalance [HANGWATCH-HB] processed=56766 outstanding=55 (queued=55 blocked=0 retry=0 periodic=7) live=2 live_stalled=0[0m
[97m/home/cvazquezperezdelacru/clio-core/context-runtime/src/ipc_manager.cc:2440 INFO 2486526 IncreaseClientShm IpcManager::IncreaseClientShm: Creating clio_2486504_129 with size 143497712 (109943280 + 33554432 overhead)[0m
[97m/home/cvazquezperezdelacru/clio-core/context-runtime/src/ipc_manager.cc:2485 INFO 2486526 IncreaseClientShm IpcManager::IncreaseClientShm: Created allocator clio_2486504_129 with ID (2486504.129)[0m
[33m/home/cvazquezperezdelacru/clio-core/context-runtime/src/scheduler/default_sched.cc:430 WARNING 2486533 LoadBalance [#781 PDF] observed exec-time bins (cumulative): <10us=2157816 <50us=92255 <500us=4321 <10ms=24116 <50ms=560 <500ms=28 <1s=0 >=1s=2 | stalls_detected=1[0m
[33m/home/cvazquezperezdelacru/clio-core/context-runtime/src/scheduler/default_sched.cc:439 WARNING 2486533 LoadBalance [#785] lane rescues performed: 1[0m
[97m/home/cvazquezperezdelacru/clio-core/context-runtime/src/ipc_manager.cc:2440 INFO 2486526 IncreaseClientShm IpcManager::IncreaseClientShm: Creating clio_2486504_130 with size 136542712 (102988280 + 33554432 overhead)[0m
[97m/home/cvazquezperezdelacru/clio-core/context-runtime/src/ipc_manager.cc:2485 INFO 2486526 IncreaseClientShm IpcManager::IncreaseClientShm: Created allocator clio_2486504_130 with ID (2486504.130)[0m
[97m/home/cvazquezperezdelacru/clio-core/context-runtime/src/ipc_manager.cc:2440 INFO 2486526 IncreaseClientShm IpcManager::IncreaseClientShm: Creating clio_2486504_131 with size 136298312 (102743880 + 33554432 overhead)[0m
[97m/home/cvazquezperezdelacru/clio-core/context-runtime/src/ipc_manager.cc:2485 INFO 2486526 IncreaseClientShm IpcManager::IncreaseClientShm: Created allocator clio_2486504_131 with ID (2486504.131)[0m
[97m/home/cvazquezperezdelacru/clio-core/context-runtime/src/ipc_manager.cc:2440 INFO 2486526 IncreaseClientShm IpcManager::IncreaseClientShm: Creating clio_2486504_132 with size 142124912 (108570480 + 33554432 overhead)[0m
[97m/home/cvazquezperezdelacru/clio-core/context-runtime/src/ipc_manager.cc:2485 INFO 2486526 IncreaseClientShm IpcManager::IncreaseClientShm: Created allocator clio_2486504_132 with ID (2486504.132)[0m
[97m/home/cvazquezperezdelacru/clio-core/context-runtime/src/ipc_manager.cc:2440 INFO 2486526 IncreaseClientShm IpcManager::IncreaseClientShm: Creating clio_2486504_133 with size 140723512 (107169080 + 33554432 overhead)[0m
[97m/home/cvazquezperezdelacru/clio-core/context-runtime/src/ipc_manager.cc:2485 INFO 2486526 IncreaseClientShm IpcManager::IncreaseClientShm: Created allocator clio_2486504_133 with ID (2486504.133)[0m
[31m/home/cvazquezperezdelacru/clio-core/context-runtime/src/scheduler/default_sched.cc:726 ERROR 2486533 LoadBalance [HANGWATCH-HB] processed=58634 outstanding=44 (queued=44 blocked=0 retry=0 periodic=7) live=2 live_stalled=0[0m
[97m/home/cvazquezperezdelacru/clio-core/context-runtime/src/ipc_manager.cc:2440 INFO 2486526 IncreaseClientShm IpcManager::IncreaseClientShm: Creating clio_2486504_134 with size 139527512 (105973080 + 33554432 overhead)[0m
[97m/home/cvazquezperezdelacru/clio-core/context-runtime/src/ipc_manager.cc:2485 INFO 2486526 IncreaseClientShm IpcManager::IncreaseClientShm: Created allocator clio_2486504_134 with ID (2486504.134)[0m
[97m/home/cvazquezperezdelacru/clio-core/context-runtime/src/ipc_manager.cc:2440 INFO 2486526 IncreaseClientShm IpcManager::IncreaseClientShm: Creating clio_2486504_135 with size 141147312 (107592880 + 33554432 overhead)[0m
[97m/home/cvazquezperezdelacru/clio-core/context-runtime/src/ipc_manager.cc:2485 INFO 2486526 IncreaseClientShm IpcManager::IncreaseClientShm: Created allocator clio_2486504_135 with ID (2486504.135)[0m
[97m/home/cvazquezperezdelacru/clio-core/context-runtime/src/ipc_manager.cc:2440 INFO 2486526 IncreaseClientShm IpcManager::IncreaseClientShm: Creating clio_2486504_136 with size 133123712 (99569280 + 33554432 overhead)[0m
[97m/home/cvazquezperezdelacru/clio-core/context-runtime/src/ipc_manager.cc:2485 INFO 2486526 IncreaseClientShm IpcManager::IncreaseClientShm: Created allocator clio_2486504_136 with ID (2486504.136)[0m
[97m/home/cvazquezperezdelacru/clio-core/context-runtime/src/ipc_manager.cc:2440 INFO 2486526 IncreaseClientShm IpcManager::IncreaseClientShm: Creating clio_2486504_137 with size 136432208 (102877776 + 33554432 overhead)[0m
[97m/home/cvazquezperezdelacru/clio-core/context-runtime/src/ipc_manager.cc:2485 INFO 2486526 IncreaseClientShm IpcManager::IncreaseClientShm: Created allocator clio_2486504_137 with ID (2486504.137)[0m
[97m/home/cvazquezperezdelacru/clio-core/context-runtime/src/ipc_manager.cc:2440 INFO 2486526 IncreaseClientShm IpcManager::IncreaseClientShm: Creating clio_2486504_138 with size 146496816 (112942384 + 33554432 overhead)[0m
[97m/home/cvazquezperezdelacru/clio-core/context-runtime/src/ipc_manager.cc:2485 INFO 2486526 IncreaseClientShm IpcManager::IncreaseClientShm: Created allocator clio_2486504_138 with ID (2486504.138)[0m
[97m/home/cvazquezperezdelacru/clio-core/context-runtime/src/ipc_manager.cc:2440 INFO 2486526 IncreaseClientShm IpcManager::IncreaseClientShm: Creating clio_2486504_139 with size 147010312 (113455880 + 33554432 overhead)[0m
[97m/home/cvazquezperezdelacru/clio-core/context-runtime/src/ipc_manager.cc:2485 INFO 2486526 IncreaseClientShm IpcManager::IncreaseClientShm: Created allocator clio_2486504_139 with ID (2486504.139)[0m
[97m/home/cvazquezperezdelacru/clio-core/context-runtime/src/ipc_manager.cc:2440 INFO 2486526 IncreaseClientShm IpcManager::IncreaseClientShm: Creating clio_2486504_140 with size 141221408 (107666976 + 33554432 overhead)[0m
[97m/home/cvazquezperezdelacru/clio-core/context-runtime/src/ipc_manager.cc:2485 INFO 2486526 IncreaseClientShm IpcManager::IncreaseClientShm: Created allocator clio_2486504_140 with ID (2486504.140)[0m
[31m/home/cvazquezperezdelacru/clio-core/context-runtime/src/scheduler/default_sched.cc:726 ERROR 2486533 LoadBalance [HANGWATCH-HB] processed=59797 outstanding=55 (queued=55 blocked=0 retry=0 periodic=7) live=2 live_stalled=0[0m
[97m/home/cvazquezperezdelacru/clio-core/context-runtime/src/ipc_manager.cc:2440 INFO 2486526 IncreaseClientShm IpcManager::IncreaseClientShm: Creating clio_2486504_141 with size 157809408 (124254976 + 33554432 overhead)[0m
[97m/home/cvazquezperezdelacru/clio-core/context-runtime/src/ipc_manager.cc:2485 INFO 2486526 IncreaseClientShm IpcManager::IncreaseClientShm: Created allocator clio_2486504_141 with ID (2486504.141)[0m
[97m/home/cvazquezperezdelacru/clio-core/context-runtime/src/ipc_manager.cc:2440 INFO 2486526 IncreaseClientShm IpcManager::IncreaseClientShm: Creating clio_2486504_142 with size 141312416 (107757984 + 33554432 overhead)[0m
[97m/home/cvazquezperezdelacru/clio-core/context-runtime/src/ipc_manager.cc:2485 INFO 2486526 IncreaseClientShm IpcManager::IncreaseClientShm: Created allocator clio_2486504_142 with ID (2486504.142)[0m
[33m/home/cvazquezperezdelacru/clio-core/context-runtime/src/scheduler/default_sched.cc:430 WARNING 2486533 LoadBalance [#781 PDF] observed exec-time bins (cumulative): <10us=2228106 <50us=94245 <500us=4354 <10ms=25827 <50ms=613 <500ms=31 <1s=0 >=1s=2 | stalls_detected=1[0m
[33m/home/cvazquezperezdelacru/clio-core/context-runtime/src/scheduler/default_sched.cc:439 WARNING 2486533 LoadBalance [#785] lane rescues performed: 1[0m
[31m/home/cvazquezperezdelacru/clio-core/context-runtime/src/scheduler/default_sched.cc:726 ERROR 2486533 LoadBalance [HANGWATCH-HB] processed=61228 outstanding=41 (queued=41 blocked=0 retry=0 periodic=7) live=2 live_stalled=0[0m
[97m/home/cvazquezperezdelacru/clio-core/context-runtime/src/ipc_manager.cc:2440 INFO 2486526 IncreaseClientShm IpcManager::IncreaseClientShm: Creating clio_2486504_143 with size 139389712 (105835280 + 33554432 overhead)[0m
[97m/home/cvazquezperezdelacru/clio-core/context-runtime/src/ipc_manager.cc:2485 INFO 2486526 IncreaseClientShm IpcManager::IncreaseClientShm: Created allocator clio_2486504_143 with ID (2486504.143)[0m
[97m/home/cvazquezperezdelacru/clio-core/context-runtime/src/ipc_manager.cc:2440 INFO 2486526 IncreaseClientShm IpcManager::IncreaseClientShm: Creating clio_2486504_144 with size 138627912 (105073480 + 33554432 overhead)[0m
[97m/home/cvazquezperezdelacru/clio-core/context-runtime/src/ipc_manager.cc:2485 INFO 2486526 IncreaseClientShm IpcManager::IncreaseClientShm: Created allocator clio_2486504_144 with ID (2486504.144)[0m
[97m/home/cvazquezperezdelacru/clio-core/context-runtime/src/ipc_manager.cc:2440 INFO 2486526 IncreaseClientShm IpcManager::IncreaseClientShm: Creating clio_2486504_145 with size 133860816 (100306384 + 33554432 overhead)[0m
[97m/home/cvazquezperezdelacru/clio-core/context-runtime/src/ipc_manager.cc:2485 INFO 2486526 IncreaseClientShm IpcManager::IncreaseClientShm: Created allocator clio_2486504_145 with ID (2486504.145)[0m
[97m/home/cvazquezperezdelacru/clio-core/context-runtime/src/ipc_manager.cc:2440 INFO 2486526 IncreaseClientShm IpcManager::IncreaseClientShm: Creating clio_2486504_146 with size 146078208 (112523776 + 33554432 overhead)[0m
[97m/home/cvazquezperezdelacru/clio-core/context-runtime/src/ipc_manager.cc:2485 INFO 2486526 IncreaseClientShm IpcManager::IncreaseClientShm: Created allocator clio_2486504_146 with ID (2486504.146)[0m
[97m/home/cvazquezperezdelacru/clio-core/context-runtime/src/ipc_manager.cc:2440 INFO 2486526 IncreaseClientShm IpcManager::IncreaseClientShm: Creating clio_2486504_147 with size 143027112 (109472680 + 33554432 overhead)[0m
[97m/home/cvazquezperezdelacru/clio-core/context-runtime/src/ipc_manager.cc:2485 INFO 2486526 IncreaseClientShm IpcManager::IncreaseClientShm: Created allocator clio_2486504_147 with ID (2486504.147)[0m
[31m/home/cvazquezperezdelacru/clio-core/context-runtime/src/scheduler/default_sched.cc:726 ERROR 2486533 LoadBalance [HANGWATCH-HB] processed=62662 outstanding=44 (queued=44 blocked=0 retry=0 periodic=7) live=1 live_stalled=0[0m
[97m/home/cvazquezperezdelacru/clio-core/context-runtime/src/ipc_manager.cc:2440 INFO 2486526 IncreaseClientShm IpcManager::IncreaseClientShm: Creating clio_2486504_148 with size 142647512 (109093080 + 33554432 overhead)[0m
[97m/home/cvazquezperezdelacru/clio-core/context-runtime/src/ipc_manager.cc:2485 INFO 2486526 IncreaseClientShm IpcManager::IncreaseClientShm: Created allocator clio_2486504_148 with ID (2486504.148)[0m
[97m/home/cvazquezperezdelacru/clio-core/context-runtime/src/ipc_manager.cc:2440 INFO 2486526 IncreaseClientShm IpcManager::IncreaseClientShm: Creating clio_2486504_149 with size 145055112 (111500680 + 33554432 overhead)[0m
[97m/home/cvazquezperezdelacru/clio-core/context-runtime/src/ipc_manager.cc:2485 INFO 2486526 IncreaseClientShm IpcManager::IncreaseClientShm: Created allocator clio_2486504_149 with ID (2486504.149)[0m
[97m/home/cvazquezperezdelacru/clio-core/context-runtime/src/ipc_manager.cc:2440 INFO 2486526 IncreaseClientShm IpcManager::IncreaseClientShm: Creating clio_2486504_150 with size 143630312 (110075880 + 33554432 overhead)[0m
[97m/home/cvazquezperezdelacru/clio-core/context-runtime/src/ipc_manager.cc:2485 INFO 2486526 IncreaseClientShm IpcManager::IncreaseClientShm: Created allocator clio_2486504_150 with ID (2486504.150)[0m
[97m/home/cvazquezperezdelacru/clio-core/context-runtime/src/ipc_manager.cc:2440 INFO 2486526 IncreaseClientShm IpcManager::IncreaseClientShm: Creating clio_2486504_151 with size 156167512 (122613080 + 33554432 overhead)[0m
[97m/home/cvazquezperezdelacru/clio-core/context-runtime/src/ipc_manager.cc:2485 INFO 2486526 IncreaseClientShm IpcManager::IncreaseClientShm: Created allocator clio_2486504_151 with ID (2486504.151)[0m
[31m/home/cvazquezperezdelacru/clio-core/context-runtime/src/scheduler/default_sched.cc:726 ERROR 2486533 LoadBalance [HANGWATCH-HB] processed=64112 outstanding=63 (queued=63 blocked=0 retry=0 periodic=6) live=2 live_stalled=0[0m
[97m/home/cvazquezperezdelacru/clio-core/context-runtime/src/ipc_manager.cc:2440 INFO 2486526 IncreaseClientShm IpcManager::IncreaseClientShm: Creating clio_2486504_152 with size 139515808 (105961376 + 33554432 overhead)[0m
[97m/home/cvazquezperezdelacru/clio-core/context-runtime/src/ipc_manager.cc:2485 INFO 2486526 IncreaseClientShm IpcManager::IncreaseClientShm: Created allocator clio_2486504_152 with ID (2486504.152)[0m
[97m/home/cvazquezperezdelacru/clio-core/context-runtime/src/ipc_manager.cc:2440 INFO 2486526 IncreaseClientShm IpcManager::IncreaseClientShm: Creating clio_2486504_153 with size 137720512 (104166080 + 33554432 overhead)[0m
[97m/home/cvazquezperezdelacru/clio-core/context-runtime/src/ipc_manager.cc:2485 INFO 2486526 IncreaseClientShm IpcManager::IncreaseClientShm: Created allocator clio_2486504_153 with ID (2486504.153)[0m
[97m/home/cvazquezperezdelacru/clio-core/context-runtime/src/ipc_manager.cc:2440 INFO 2486526 IncreaseClientShm IpcManager::IncreaseClientShm: Creating clio_2486504_154 with size 135882312 (102327880 + 33554432 overhead)[0m
[97m/home/cvazquezperezdelacru/clio-core/context-runtime/src/ipc_manager.cc:2485 INFO 2486526 IncreaseClientShm IpcManager::IncreaseClientShm: Created allocator clio_2486504_154 with ID (2486504.154)[0m
[97m/home/cvazquezperezdelacru/clio-core/context-runtime/src/ipc_manager.cc:2440 INFO 2486526 IncreaseClientShm IpcManager::IncreaseClientShm: Creating clio_2486504_155 with size 140212608 (106658176 + 33554432 overhead)[0m
[97m/home/cvazquezperezdelacru/clio-core/context-runtime/src/ipc_manager.cc:2485 INFO 2486526 IncreaseClientShm IpcManager::IncreaseClientShm: Created allocator clio_2486504_155 with ID (2486504.155)[0m
[33m/home/cvazquezperezdelacru/clio-core/context-runtime/src/scheduler/default_sched.cc:430 WARNING 2486533 LoadBalance [#781 PDF] observed exec-time bins (cumulative): <10us=2292935 <50us=98188 <500us=4401 <10ms=27610 <50ms=656 <500ms=31 <1s=0 >=1s=2 | stalls_detected=1[0m
[33m/home/cvazquezperezdelacru/clio-core/context-runtime/src/scheduler/default_sched.cc:439 WARNING 2486533 LoadBalance [#785] lane rescues performed: 1[0m
[97m/home/cvazquezperezdelacru/clio-core/context-runtime/src/ipc_manager.cc:2440 INFO 2486526 IncreaseClientShm IpcManager::IncreaseClientShm: Creating clio_2486504_156 with size 138146912 (104592480 + 33554432 overhead)[0m
[97m/home/cvazquezperezdelacru/clio-core/context-runtime/src/ipc_manager.cc:2485 INFO 2486526 IncreaseClientShm IpcManager::IncreaseClientShm: Created allocator clio_2486504_156 with ID (2486504.156)[0m
[97m/home/cvazquezperezdelacru/clio-core/context-runtime/src/ipc_manager.cc:2440 INFO 2486526 IncreaseClientShm IpcManager::IncreaseClientShm: Creating clio_2486504_157 with size 146507216 (112952784 + 33554432 overhead)[0m
[97m/home/cvazquezperezdelacru/clio-core/context-runtime/src/ipc_manager.cc:2485 INFO 2486526 IncreaseClientShm IpcManager::IncreaseClientShm: Created allocator clio_2486504_157 with ID (2486504.157)[0m
[31m/home/cvazquezperezdelacru/clio-core/context-runtime/src/scheduler/default_sched.cc:726 ERROR 2486533 LoadBalance [HANGWATCH-HB] processed=65562 outstanding=53 (queued=53 blocked=0 retry=0 periodic=6) live=2 live_stalled=0[0m
[97m/home/cvazquezperezdelacru/clio-core/context-runtime/src/ipc_manager.cc:2440 INFO 2486526 IncreaseClientShm IpcManager::IncreaseClientShm: Creating clio_2486504_158 with size 139461216 (105906784 + 33554432 overhead)[0m
[97m/home/cvazquezperezdelacru/clio-core/context-runtime/src/ipc_manager.cc:2485 INFO 2486526 IncreaseClientShm IpcManager::IncreaseClientShm: Created allocator clio_2486504_158 with ID (2486504.158)[0m
[97m/home/cvazquezperezdelacru/clio-core/context-runtime/src/ipc_manager.cc:2440 INFO 2486526 IncreaseClientShm IpcManager::IncreaseClientShm: Creating clio_2486504_159 with size 137624312 (104069880 + 33554432 overhead)[0m
[97m/home/cvazquezperezdelacru/clio-core/context-runtime/src/ipc_manager.cc:2485 INFO 2486526 IncreaseClientShm IpcManager::IncreaseClientShm: Created allocator clio_2486504_159 with ID (2486504.159)[0m
[31m/home/cvazquezperezdelacru/clio-core/context-runtime/src/scheduler/default_sched.cc:726 ERROR 2486533 LoadBalance [HANGWATCH-HB] processed=66874 outstanding=47 (queued=47 blocked=0 retry=0 periodic=7) live=1 live_stalled=0[0m
[97m/home/cvazquezperezdelacru/clio-core/context-runtime/src/ipc_manager.cc:2440 INFO 2486526 IncreaseClientShm IpcManager::IncreaseClientShm: Creating clio_2486504_160 with size 148345408 (114790976 + 33554432 overhead)[0m
[97m/home/cvazquezperezdelacru/clio-core/context-runtime/src/ipc_manager.cc:2485 INFO 2486526 IncreaseClientShm IpcManager::IncreaseClientShm: Created allocator clio_2486504_160 with ID (2486504.160)[0m
[97m/home/cvazquezperezdelacru/clio-core/context-runtime/src/ipc_manager.cc:2440 INFO 2486526 IncreaseClientShm IpcManager::IncreaseClientShm: Creating clio_2486504_161 with size 141081008 (107526576 + 33554432 overhead)[0m
[97m/home/cvazquezperezdelacru/clio-core/context-runtime/src/ipc_manager.cc:2485 INFO 2486526 IncreaseClientShm IpcManager::IncreaseClientShm: Created allocator clio_2486504_161 with ID (2486504.161)[0m
[97m/home/cvazquezperezdelacru/clio-core/context-runtime/src/ipc_manager.cc:2440 INFO 2486526 IncreaseClientShm IpcManager::IncreaseClientShm: Creating clio_2486504_162 with size 147495216 (113940784 + 33554432 overhead)[0m
[97m/home/cvazquezperezdelacru/clio-core/context-runtime/src/ipc_manager.cc:2485 INFO 2486526 IncreaseClientShm IpcManager::IncreaseClientShm: Created allocator clio_2486504_162 with ID (2486504.162)[0m
[33m/home/cvazquezperezdelacru/clio-core/context-runtime/src/scheduler/default_sched.cc:430 WARNING 2486533 LoadBalance [#781 PDF] observed exec-time bins (cumulative): <10us=2358280 <50us=101514 <500us=4426 <10ms=29269 <50ms=687 <500ms=31 <1s=0 >=1s=2 | stalls_detected=1[0m
[33m/home/cvazquezperezdelacru/clio-core/context-runtime/src/scheduler/default_sched.cc:439 WARNING 2486533 LoadBalance [#785] lane rescues performed: 1[0m
[31m/home/cvazquezperezdelacru/clio-core/context-runtime/src/scheduler/default_sched.cc:726 ERROR 2486533 LoadBalance [HANGWATCH-HB] processed=68276 outstanding=40 (queued=40 blocked=0 retry=0 periodic=7) live=1 live_stalled=0[0m
[97m/home/cvazquezperezdelacru/clio-core/context-runtime/src/ipc_manager.cc:2440 INFO 2486526 IncreaseClientShm IpcManager::IncreaseClientShm: Creating clio_2486504_163 with size 138565512 (105011080 + 33554432 overhead)[0m
[97m/home/cvazquezperezdelacru/clio-core/context-runtime/src/ipc_manager.cc:2485 INFO 2486526 IncreaseClientShm IpcManager::IncreaseClientShm: Created allocator clio_2486504_163 with ID (2486504.163)[0m
[97m/home/cvazquezperezdelacru/clio-core/context-runtime/src/ipc_manager.cc:2440 INFO 2486526 IncreaseClientShm IpcManager::IncreaseClientShm: Creating clio_2486504_164 with size 138908712 (105354280 + 33554432 overhead)[0m
[97m/home/cvazquezperezdelacru/clio-core/context-runtime/src/ipc_manager.cc:2485 INFO 2486526 IncreaseClientShm IpcManager::IncreaseClientShm: Created allocator clio_2486504_164 with ID (2486504.164)[0m
[97m/home/cvazquezperezdelacru/clio-core/context-runtime/src/ipc_manager.cc:2440 INFO 2486526 IncreaseClientShm IpcManager::IncreaseClientShm: Creating clio_2486504_165 with size 147808512 (114254080 + 33554432 overhead)[0m
[97m/home/cvazquezperezdelacru/clio-core/context-runtime/src/ipc_manager.cc:2485 INFO 2486526 IncreaseClientShm IpcManager::IncreaseClientShm: Created allocator clio_2486504_165 with ID (2486504.165)[0m
[31m/home/cvazquezperezdelacru/clio-core/context-runtime/src/scheduler/default_sched.cc:726 ERROR 2486533 LoadBalance [HANGWATCH-HB] processed=69564 outstanding=46 (queued=46 blocked=0 retry=0 periodic=7) live=2 live_stalled=0[0m
[97m/home/cvazquezperezdelacru/clio-core/context-runtime/src/ipc_manager.cc:2440 INFO 2486526 IncreaseClientShm IpcManager::IncreaseClientShm: Creating clio_2486504_166 with size 133495512 (99941080 + 33554432 overhead)[0m
[97m/home/cvazquezperezdelacru/clio-core/context-runtime/src/ipc_manager.cc:2485 INFO 2486526 IncreaseClientShm IpcManager::IncreaseClientShm: Created allocator clio_2486504_166 with ID (2486504.166)[0m
[97m/home/cvazquezperezdelacru/clio-core/context-runtime/src/ipc_manager.cc:2440 INFO 2486526 IncreaseClientShm IpcManager::IncreaseClientShm: Creating clio_2486504_167 with size 135727616 (102173184 + 33554432 overhead)[0m
[97m/home/cvazquezperezdelacru/clio-core/context-runtime/src/ipc_manager.cc:2485 INFO 2486526 IncreaseClientShm IpcManager::IncreaseClientShm: Created allocator clio_2486504_167 with ID (2486504.167)[0m
[97m/home/cvazquezperezdelacru/clio-core/context-runtime/src/ipc_manager.cc:2440 INFO 2486526 IncreaseClientShm IpcManager::IncreaseClientShm: Creating clio_2486504_168 with size 147824112 (114269680 + 33554432 overhead)[0m
[97m/home/cvazquezperezdelacru/clio-core/context-runtime/src/ipc_manager.cc:2485 INFO 2486526 IncreaseClientShm IpcManager::IncreaseClientShm: Created allocator clio_2486504_168 with ID (2486504.168)[0m
[97m/home/cvazquezperezdelacru/clio-core/context-runtime/src/ipc_manager.cc:2440 INFO 2486526 IncreaseClientShm IpcManager::IncreaseClientShm: Creating clio_2486504_169 with size 143276712 (109722280 + 33554432 overhead)[0m
[97m/home/cvazquezperezdelacru/clio-core/context-runtime/src/ipc_manager.cc:2485 INFO 2486526 IncreaseClientShm IpcManager::IncreaseClientShm: Created allocator clio_2486504_169 with ID (2486504.169)[0m
[97m/home/cvazquezperezdelacru/clio-core/context-runtime/src/ipc_manager.cc:2440 INFO 2486526 IncreaseClientShm IpcManager::IncreaseClientShm: Creating clio_2486504_170 with size 145867616 (112313184 + 33554432 overhead)[0m
[97m/home/cvazquezperezdelacru/clio-core/context-runtime/src/ipc_manager.cc:2485 INFO 2486526 IncreaseClientShm IpcManager::IncreaseClientShm: Created allocator clio_2486504_170 with ID (2486504.170)[0m
[31m/home/cvazquezperezdelacru/clio-core/context-runtime/src/scheduler/default_sched.cc:726 ERROR 2486533 LoadBalance [HANGWATCH-HB] processed=70826 outstanding=45 (queued=45 blocked=0 retry=0 periodic=7) live=1 live_stalled=0[0m
[97m/home/cvazquezperezdelacru/clio-core/context-runtime/src/ipc_manager.cc:2440 INFO 2486526 IncreaseClientShm IpcManager::IncreaseClientShm: Creating clio_2486504_171 with size 134660312 (101105880 + 33554432 overhead)[0m
[97m/home/cvazquezperezdelacru/clio-core/context-runtime/src/ipc_manager.cc:2485 INFO 2486526 IncreaseClientShm IpcManager::IncreaseClientShm: Created allocator clio_2486504_171 with ID (2486504.171)[0m
[97m/home/cvazquezperezdelacru/clio-core/context-runtime/src/ipc_manager.cc:2440 INFO 2486526 IncreaseClientShm IpcManager::IncreaseClientShm: Creating clio_2486504_172 with size 139402712 (105848280 + 33554432 overhead)[0m
[97m/home/cvazquezperezdelacru/clio-core/context-runtime/src/ipc_manager.cc:2485 INFO 2486526 IncreaseClientShm IpcManager::IncreaseClientShm: Created allocator clio_2486504_172 with ID (2486504.172)[0m
[33m/home/cvazquezperezdelacru/clio-core/context-runtime/src/scheduler/default_sched.cc:430 WARNING 2486533 LoadBalance [#781 PDF] observed exec-time bins (cumulative): <10us=2424147 <50us=105959 <500us=4465 <10ms=30790 <50ms=722 <500ms=31 <1s=0 >=1s=2 | stalls_detected=1[0m
[33m/home/cvazquezperezdelacru/clio-core/context-runtime/src/scheduler/default_sched.cc:439 WARNING 2486533 LoadBalance [#785] lane rescues performed: 1[0m
[97m/home/cvazquezperezdelacru/clio-core/context-runtime/src/ipc_manager.cc:2440 INFO 2486526 IncreaseClientShm IpcManager::IncreaseClientShm: Creating clio_2486504_173 with size 149614208 (116059776 + 33554432 overhead)[0m
[97m/home/cvazquezperezdelacru/clio-core/context-runtime/src/ipc_manager.cc:2485 INFO 2486526 IncreaseClientShm IpcManager::IncreaseClientShm: Created allocator clio_2486504_173 with ID (2486504.173)[0m
[97m/home/cvazquezperezdelacru/clio-core/context-runtime/src/pool_manager.cc:431 INFO 2486504 DestroyLocalPool PoolManager: Destroyed local pool PoolId(major:1, minor:0)[0m
[31m/home/cvazquezperezdelacru/clio-core/context-runtime/src/ipc_manager.cc:3849 ERROR 2486532 RouteTask RouteTask: RouteLocal returned 4 for pool=PoolId(major:1, minor:0) method=21, worker=7[0m
[31m/home/cvazquezperezdelacru/clio-core/context-runtime/src/ipc_manager.cc:3849 ERROR 2486531 RouteTask RouteTask: RouteLocal returned 4 for pool=PoolId(major:1, minor:0) method=14, worker=6[0m
[31m/home/cvazquezperezdelacru/clio-core/context-runtime/src/ipc_manager.cc:3849 ERROR 2486532 RouteTask RouteTask: RouteLocal returned 4 for pool=PoolId(major:1, minor:0) method=21, worker=7[0m
[31m/home/cvazquezperezdelacru/clio-core/context-runtime/src/ipc_manager.cc:3849 ERROR 2486531 RouteTask RouteTask: RouteLocal returned 4 for pool=PoolId(major:1, minor:0) method=14, worker=6[0m
