[97m/home/cvazquezperezdelacru/clio-core/context-runtime/src/config_manager.cc:144 INFO 2482207 ClientInit Config at: /mnt/common/cvazquezperezdelacru/IOWARP/faiss/contrib/iowarp/benchmarks/results/ares_cte_rendered_20260729_125729.yaml[0m
[97m/home/cvazquezperezdelacru/clio-core/context-runtime/src/ipc_manager.cc:2865 INFO 2482207 ClearUserIpcs ClearUserIpcs: Removed 245 memfd symlinks from previous runs[0m
[33m/home/cvazquezperezdelacru/clio-core/context-runtime/src/ipc_manager.cc:906 WARNING 2482207 ServerInitShm Main segment: requested 50079715328 bytes exceeds half the memory budget (50079715328 bytes); clamping to 25039857664 bytes[0m
[97m/home/cvazquezperezdelacru/clio-core/context-runtime/src/ipc_manager.cc:931 INFO 2482207 ServerInitShm Initializing main shared memory segment: 25039857664 bytes (23879 MB)[0m
[97m/home/cvazquezperezdelacru/clio-core/context-runtime/src/ipc_manager.cc:952 INFO 2482207 ServerInitShm Initializing queue shared memory segment: 646224224 bytes (631078 KB)[0m
[33m/home/cvazquezperezdelacru/clio-core/context-runtime/src/ipc_manager.cc:1005 WARNING 2482207 ServerInitShm Metadata segment: requested 50079715328 bytes exceeds half the memory budget (50079715328 bytes); clamping to 25039857664 bytes[0m
[97m/home/cvazquezperezdelacru/clio-core/context-runtime/src/ipc_manager.cc:1039 INFO 2482207 ServerInitShm Initializing metadata shared memory segment: 25039857664 bytes (23879 MB), sparse/not pre-faulted[0m
[97m/home/cvazquezperezdelacru/clio-core/context-runtime/src/ipc_manager.cc:865 INFO 2482207 ExcludeFromCoreDump metadata segment: excluded 25039857664 bytes from core dumps[0m
[97m/home/cvazquezperezdelacru/clio-core/context-runtime/src/ipc_manager.cc:1072 INFO 2482207 ServerInitShm ServerInitShm: metadata directory at offset 68072[0m
[97m/home/cvazquezperezdelacru/clio-core/context-runtime/src/ipc_manager.cc:1127 INFO 2482207 ServerInitShm ServerInitShm: 8 inbound SHM ring(s) 'clio-2482207-shm-in-0..7' (16MB each)[0m
[97m/home/cvazquezperezdelacru/clio-core/context-runtime/src/ipc_manager.cc:1269 INFO 2482207 ServerInitQueues Initializing 16 worker queues with depth 1024 (last worker serves dual role)[0m
[97m/home/cvazquezperezdelacru/clio-core/context-runtime/src/ipc_manager.cc:1933 INFO 2482207 IdentifyThisHost SUCCESS: Main server started on 0.0.0.0:9413 (advertised as 0.0.0.0, node=0)[0m
[97m/home/cvazquezperezdelacru/clio-core/context-runtime/src/ipc_manager.cc:561 INFO 2482207 ServerInit IpcManager: TCP ROUTER transport bound on 0.0.0.0:9416[0m
[97m/home/cvazquezperezdelacru/clio-core/context-runtime/src/ipc_manager.cc:579 INFO 2482207 ServerInit IpcManager: IPC lightbeam server bound on /tmp/clio_cvazquezperezdelacru/clio_9413.ipc[0m
[97m/home/cvazquezperezdelacru/clio-core/context-runtime/src/module_manager.cc:137 INFO 2482207 LoadChiMod Loaded ChiMod: clio_MOD_NAME from /mnt/common/cvazquezperezdelacru/clio-core-dev-install/lib/libclio_MOD_NAME_runtime.so[0m
[97m/home/cvazquezperezdelacru/clio-core/context-runtime/src/module_manager.cc:137 INFO 2482207 LoadChiMod Loaded ChiMod: clio_admin from /mnt/common/cvazquezperezdelacru/clio-core-dev-install/lib/libclio_admin_runtime.so[0m
[97m/home/cvazquezperezdelacru/clio-core/context-runtime/src/module_manager.cc:137 INFO 2482207 LoadChiMod Loaded ChiMod: clio_bdev from /mnt/common/cvazquezperezdelacru/clio-core-dev-install/lib/libclio_bdev_runtime.so[0m
[97m/home/cvazquezperezdelacru/clio-core/context-runtime/src/module_manager.cc:137 INFO 2482207 LoadChiMod Loaded ChiMod: clio_safe_bdev from /mnt/common/cvazquezperezdelacru/clio-core-dev-install/lib/libclio_safe_bdev_runtime.so[0m
[97m/home/cvazquezperezdelacru/clio-core/context-runtime/src/module_manager.cc:137 INFO 2482207 LoadChiMod Loaded ChiMod: clio_cte_core from /mnt/common/cvazquezperezdelacru/clio-core-dev-install/lib/libclio_cte_core_runtime.so[0m
[97m/home/cvazquezperezdelacru/clio-core/context-runtime/src/module_manager.cc:137 INFO 2482207 LoadChiMod Loaded ChiMod: clio_cte_filesystem from /mnt/common/cvazquezperezdelacru/clio-core-dev-install/lib/libclio_cte_filesystem_runtime.so[0m
[97m/home/cvazquezperezdelacru/clio-core/context-runtime/src/module_manager.cc:137 INFO 2482207 LoadChiMod Loaded ChiMod: clio_faiss_ivf from /mnt/common/cvazquezperezdelacru/IOWARP/faiss/contrib/iowarp/build-dev/chimod/libclio_faiss_ivf_runtime.so[0m
[97m/home/cvazquezperezdelacru/clio-core/context-runtime/src/work_orchestrator.cc:94 INFO 2482207 Init Creating 8 workers (7 task + 1 dedicated network)[0m
[97m/home/cvazquezperezdelacru/clio-core/context-runtime/src/ipc_manager.cc:756 INFO 2482207 SetNumSchedQueues IpcManager: Updated num_sched_queues to 1[0m
[97m/home/cvazquezperezdelacru/clio-core/context-runtime/src/scheduler/default_sched.cc:139 INFO 2482207 DivideWorkers DefaultScheduler: 1 scheduler worker (0), 4 I/O workers, net_send_worker=6, net_recv_worker=7, gpu_worker=5[0m
[97m/home/cvazquezperezdelacru/clio-core/context-runtime/src/work_orchestrator.cc:271 INFO 2482207 SpawnWorkerThreads WorkOrchestrator: num_workers=8, num_lanes=16[0m
[97m/home/cvazquezperezdelacru/clio-core/context-runtime/src/work_orchestrator.cc:294 INFO 2482207 SpawnWorkerThreads WorkOrchestrator: Mapped worker 0 (ID 0) to lane 0[0m
[97m/home/cvazquezperezdelacru/clio-core/context-runtime/src/work_orchestrator.cc:294 INFO 2482207 SpawnWorkerThreads WorkOrchestrator: Mapped worker 1 (ID 1) to lane 1[0m
[97m/home/cvazquezperezdelacru/clio-core/context-runtime/src/work_orchestrator.cc:294 INFO 2482207 SpawnWorkerThreads WorkOrchestrator: Mapped worker 2 (ID 2) to lane 2[0m
[97m/home/cvazquezperezdelacru/clio-core/context-runtime/src/work_orchestrator.cc:294 INFO 2482207 SpawnWorkerThreads WorkOrchestrator: Mapped worker 3 (ID 3) to lane 3[0m
[97m/home/cvazquezperezdelacru/clio-core/context-runtime/src/work_orchestrator.cc:294 INFO 2482207 SpawnWorkerThreads WorkOrchestrator: Mapped worker 4 (ID 4) to lane 4[0m
[97m/home/cvazquezperezdelacru/clio-core/context-runtime/src/work_orchestrator.cc:294 INFO 2482207 SpawnWorkerThreads WorkOrchestrator: Mapped worker 5 (ID 5) to lane 5[0m
[97m/home/cvazquezperezdelacru/clio-core/context-runtime/src/work_orchestrator.cc:294 INFO 2482207 SpawnWorkerThreads WorkOrchestrator: Mapped worker 6 (ID 6) to lane 6[0m
[97m/home/cvazquezperezdelacru/clio-core/context-runtime/src/work_orchestrator.cc:294 INFO 2482207 SpawnWorkerThreads WorkOrchestrator: Mapped worker 7 (ID 7) to lane 7[0m
[97m/home/cvazquezperezdelacru/clio-core/context-runtime/src/pool_manager.cc:534 INFO 2482207 CreatePool PoolManager: Creating pool 'admin' with 1 containers (one per node)[0m
[33m/home/cvazquezperezdelacru/clio-core/context-runtime/modules/admin/include/clio_runtime/admin/admin_client.h:59 WARNING 2482207 Client AdminClient: Default constructor called - pool_id_ will be PoolId(0,0)[0m
[97m/home/cvazquezperezdelacru/clio-core/context-runtime/src/pool_manager.cc:615 INFO 2482207 CreatePool Creating container for pool PoolId(major:1, minor:0) on node 0 with container_id=0[0m
[97m/home/cvazquezperezdelacru/clio-core/context-runtime/src/pool_manager.cc:644 INFO 2482207 CreatePool Container initialized with pool ID PoolId(major:1, minor:0), name admin, and container ID 0[0m
[97m/home/cvazquezperezdelacru/clio-core/context-runtime/src/pool_manager.cc:663 INFO 2482207 CreatePool CreatePool: Running Create method for pool PoolId(major:1, minor:0)[0m
[97m/home/cvazquezperezdelacru/clio-core/context-runtime/src/ipc/ipc_run2run.cc:1105 INFO 2482237 operator() [PeerRecvThread] started[0m
[97m/home/cvazquezperezdelacru/clio-core/context-runtime/src/ipc/ipc_run2run.cc:1166 INFO 2482238 operator() [ClientRecvThread] started[0m
[97m/home/cvazquezperezdelacru/clio-core/context-runtime/src/pool_manager.cc:666 INFO 2482207 CreatePool CreatePool: Create method completed for pool PoolId(major:1, minor:0)[0m
[97m/home/cvazquezperezdelacru/clio-core/context-runtime/src/pool_manager.cc:700 INFO 2482207 CreatePool PoolManager: Created complete pool PoolId(major:1, minor:0) with ChiMod clio_admin (1 containers)[0m
[97m/home/cvazquezperezdelacru/clio-core/context-runtime/src/pool_manager.cc:125 INFO 2482207 ServerInit PoolManager: Admin chimod pool created successfully with PoolId PoolId(major:1, minor:0)[0m
[97m/home/cvazquezperezdelacru/clio-core/context-runtime/src/manager.cc:264 INFO 2482207 ServerInit Processing compose configuration with 3 pools[0m
[33m/home/cvazquezperezdelacru/clio-core/context-runtime/src/../modules/admin/include/clio_runtime/admin/admin_client.h:59 WARNING 2482207 Client AdminClient: Default constructor called - pool_id_ will be PoolId(0,0)[0m
[97m/home/cvazquezperezdelacru/clio-core/context-runtime/src/manager.cc:282 INFO 2482207 ServerInit Compose: Creating pool ram::chi_default_bdev (module: clio_bdev, restart: 0)[0m
[97m/home/cvazquezperezdelacru/clio-core/context-runtime/src/pool_manager.cc:534 INFO 2482232 CreatePool PoolManager: Creating pool 'ram::chi_default_bdev' with 1 containers (one per node)[0m
[97m/home/cvazquezperezdelacru/clio-core/context-runtime/src/pool_manager.cc:615 INFO 2482232 CreatePool Creating container for pool PoolId(major:301, minor:0) on node 0 with container_id=0[0m
[97m/home/cvazquezperezdelacru/clio-core/context-runtime/src/pool_manager.cc:644 INFO 2482232 CreatePool Container initialized with pool ID PoolId(major:301, minor:0), name ram::chi_default_bdev, and container ID 0[0m
[97m/home/cvazquezperezdelacru/clio-core/context-runtime/src/pool_manager.cc:663 INFO 2482232 CreatePool CreatePool: Running Create method for pool PoolId(major:301, minor:0)[0m
[97m/home/cvazquezperezdelacru/clio-core/context-runtime/modules/bdev/src/transports/mem_bdev_transport.cc:102 INFO 2482232 InitShmBacking [#783] RAM bdev 'clio_rambdev_2482207_301_0' is shared-memory backed (38655688704 of 38654705664 bytes mapped)[0m
[97m/home/cvazquezperezdelacru/clio-core/context-runtime/src/pool_manager.cc:666 INFO 2482232 CreatePool CreatePool: Create method completed for pool PoolId(major:301, minor:0)[0m
[97m/home/cvazquezperezdelacru/clio-core/context-runtime/src/pool_manager.cc:700 INFO 2482232 CreatePool PoolManager: Created complete pool PoolId(major:301, minor:0) with ChiMod clio_bdev (1 containers)[0m
[97m/home/cvazquezperezdelacru/clio-core/context-runtime/src/manager.cc:298 INFO 2482207 ServerInit Compose: Successfully created pool ram::chi_default_bdev (module: clio_bdev)[0m
[97m/home/cvazquezperezdelacru/clio-core/context-runtime/src/manager.cc:282 INFO 2482207 ServerInit Compose: Creating pool cte_main (module: clio_cte_core, restart: 0)[0m
[97m/home/cvazquezperezdelacru/clio-core/context-runtime/src/pool_manager.cc:534 INFO 2482229 CreatePool PoolManager: Creating pool 'cte_main' with 1 containers (one per node)[0m
[97m/home/cvazquezperezdelacru/clio-core/context-runtime/src/pool_manager.cc:615 INFO 2482229 CreatePool Creating container for pool PoolId(major:512, minor:0) on node 0 with container_id=0[0m
[97m/home/cvazquezperezdelacru/clio-core/context-runtime/src/pool_manager.cc:644 INFO 2482229 CreatePool Container initialized with pool ID PoolId(major:512, minor:0), name cte_main, and container ID 0[0m
[97m/home/cvazquezperezdelacru/clio-core/context-runtime/src/pool_manager.cc:663 INFO 2482229 CreatePool CreatePool: Running Create method for pool PoolId(major:512, minor:0)[0m
[97m/home/cvazquezperezdelacru/clio-core/context-transfer-engine/core/src/core_config.cc:618 INFO 2482229 ParseStorageConfig Parsed 2 storage devices[0m
[97m/home/cvazquezperezdelacru/clio-core/context-transfer-engine/core/src/core_config.cc:636 INFO 2482229 ParseDpeConfig Parsed DPE configuration: type=max_bw[0m
[97m/home/cvazquezperezdelacru/clio-core/context-transfer-engine/core/src/core_config.cc:111 INFO 2482229 LoadFromString Configuration loaded successfully from YAML string[0m
[97m/home/cvazquezperezdelacru/clio-core/context-transfer-engine/core/src/core_runtime.cc:545 INFO 2482229 Create CTE: shared-memory metadata cache enabled (tags=65536, blobs=262144, root_off=488)[0m
[97m/home/cvazquezperezdelacru/clio-core/context-runtime/src/pool_manager.cc:534 INFO 2482231 CreatePool PoolManager: Creating pool 'ram::cte_ram_tier_node0' with 1 containers (one per node)[0m
[97m/home/cvazquezperezdelacru/clio-core/context-runtime/src/pool_manager.cc:615 INFO 2482231 CreatePool Creating container for pool PoolId(major:512, minor:1) on node 0 with container_id=0[0m
[97m/home/cvazquezperezdelacru/clio-core/context-runtime/src/pool_manager.cc:644 INFO 2482231 CreatePool Container initialized with pool ID PoolId(major:512, minor:1), name ram::cte_ram_tier_node0, and container ID 0[0m
[97m/home/cvazquezperezdelacru/clio-core/context-runtime/src/pool_manager.cc:663 INFO 2482231 CreatePool CreatePool: Running Create method for pool PoolId(major:512, minor:1)[0m
[97m/home/cvazquezperezdelacru/clio-core/context-runtime/modules/bdev/src/transports/mem_bdev_transport.cc:102 INFO 2482231 InitShmBacking [#783] RAM bdev 'clio_rambdev_2482207_512_1' is shared-memory backed (32213237760 of 32212254720 bytes mapped)[0m
[97m/home/cvazquezperezdelacru/clio-core/context-runtime/modules/bdev/src/bdev_runtime.cc:145 INFO 2482231 LoadPerfStats bdev 'ram::cte_ram_tier_node0': restored perf stats from /home/cvazquezperezdelacru/.clio/bdev_perf/ram__cte_ram_tier_node0.perf (read 476.61 MB/s, write 474.154 MB/s)[0m
[97m/home/cvazquezperezdelacru/clio-core/context-runtime/src/pool_manager.cc:666 INFO 2482231 CreatePool CreatePool: Create method completed for pool PoolId(major:512, minor:1)[0m
[97m/home/cvazquezperezdelacru/clio-core/context-runtime/src/pool_manager.cc:700 INFO 2482231 CreatePool PoolManager: Created complete pool PoolId(major:512, minor:1) with ChiMod clio_bdev (1 containers)[0m
[97m/home/cvazquezperezdelacru/clio-core/context-runtime/src/pool_manager.cc:534 INFO 2482231 CreatePool PoolManager: Creating pool '/mnt/nvme/cvazquezperezdelacru/cte_tier_node0' with 1 containers (one per node)[0m
[97m/home/cvazquezperezdelacru/clio-core/context-runtime/src/pool_manager.cc:615 INFO 2482231 CreatePool Creating container for pool PoolId(major:513, minor:1) on node 0 with container_id=0[0m
[97m/home/cvazquezperezdelacru/clio-core/context-runtime/src/pool_manager.cc:644 INFO 2482231 CreatePool Container initialized with pool ID PoolId(major:513, minor:1), name /mnt/nvme/cvazquezperezdelacru/cte_tier_node0, and container ID 0[0m
[97m/home/cvazquezperezdelacru/clio-core/context-runtime/src/pool_manager.cc:663 INFO 2482231 CreatePool CreatePool: Running Create method for pool PoolId(major:513, minor:1)[0m
[97m/home/cvazquezperezdelacru/clio-core/context-runtime/modules/bdev/src/bdev_runtime.cc:145 INFO 2482231 LoadPerfStats bdev '/mnt/nvme/cvazquezperezdelacru/cte_tier_node0': restored perf stats from /home/cvazquezperezdelacru/.clio/bdev_perf/_mnt_nvme_cvazquezperezdelacru_cte_tier_node0.perf (read 1873.41 MB/s, write 1387.68 MB/s)[0m
[97m/home/cvazquezperezdelacru/clio-core/context-runtime/src/pool_manager.cc:666 INFO 2482231 CreatePool CreatePool: Create method completed for pool PoolId(major:513, minor:1)[0m
[97m/home/cvazquezperezdelacru/clio-core/context-runtime/src/pool_manager.cc:700 INFO 2482231 CreatePool PoolManager: Created complete pool PoolId(major:513, minor:1) with ChiMod clio_bdev (1 containers)[0m
[97m/home/cvazquezperezdelacru/clio-core/context-transfer-engine/core/src/core_runtime.cc:663 INFO 2482229 Create CTE Core container created and initialized for pool: cte_main (ID: PoolId(major:512, minor:0))[0m
[97m/home/cvazquezperezdelacru/clio-core/context-transfer-engine/core/src/core_runtime.cc:667 INFO 2482229 Create Configuration: neighborhood=1, poll_period_ms=5000, stat_targets_period_ms=5000[0m
[97m/home/cvazquezperezdelacru/clio-core/context-transfer-engine/core/src/core_runtime.cc:709 INFO 2482229 Create Starting periodic StatTargets task with period 5000 ms[0m
[97m/home/cvazquezperezdelacru/clio-core/context-runtime/src/pool_manager.cc:666 INFO 2482229 CreatePool CreatePool: Create method completed for pool PoolId(major:512, minor:0)[0m
[97m/home/cvazquezperezdelacru/clio-core/context-runtime/src/pool_manager.cc:700 INFO 2482229 CreatePool PoolManager: Created complete pool PoolId(major:512, minor:0) with ChiMod clio_cte_core (1 containers)[0m
[97m/home/cvazquezperezdelacru/clio-core/context-runtime/src/manager.cc:298 INFO 2482207 ServerInit Compose: Successfully created pool cte_main (module: clio_cte_core)[0m
[97m/home/cvazquezperezdelacru/clio-core/context-runtime/src/manager.cc:282 INFO 2482207 ServerInit Compose: Creating pool faiss_ivf_main (module: clio_faiss_ivf, restart: 0)[0m
[97m/home/cvazquezperezdelacru/clio-core/context-runtime/src/pool_manager.cc:534 INFO 2482231 CreatePool PoolManager: Creating pool 'faiss_ivf_main' with 1 containers (one per node)[0m
[97m/home/cvazquezperezdelacru/clio-core/context-runtime/src/pool_manager.cc:615 INFO 2482231 CreatePool Creating container for pool PoolId(major:600, minor:0) on node 0 with container_id=0[0m
[97m/home/cvazquezperezdelacru/clio-core/context-runtime/src/pool_manager.cc:644 INFO 2482231 CreatePool Container initialized with pool ID PoolId(major:600, minor:0), name faiss_ivf_main, and container ID 0[0m
[97m/home/cvazquezperezdelacru/clio-core/context-runtime/src/pool_manager.cc:663 INFO 2482231 CreatePool CreatePool: Running Create method for pool PoolId(major:600, minor:0)[0m
[97m/home/cvazquezperezdelacru/clio-core/context-runtime/src/pool_manager.cc:666 INFO 2482231 CreatePool CreatePool: Create method completed for pool PoolId(major:600, minor:0)[0m
[97m/home/cvazquezperezdelacru/clio-core/context-runtime/src/pool_manager.cc:700 INFO 2482231 CreatePool PoolManager: Created complete pool PoolId(major:600, minor:0) with ChiMod clio_faiss_ivf (1 containers)[0m
[97m/home/cvazquezperezdelacru/clio-core/context-runtime/src/manager.cc:298 INFO 2482207 ServerInit Compose: Successfully created pool faiss_ivf_main (module: clio_faiss_ivf)[0m
[97m/home/cvazquezperezdelacru/clio-core/context-runtime/src/manager.cc:304 INFO 2482207 ServerInit Compose: All 3 pools created successfully[0m
[32m/home/cvazquezperezdelacru/clio-core/context-runtime/src/ipc_manager.cc:1368 SUCCESS 2482207 StartLocalServer Successfully started local server at 127.0.0.1:9414[0m
[97m/home/cvazquezperezdelacru/clio-core/context-runtime/src/manager.cc:137 INFO 2482207 ClientInit RuntimeManager::ClientInit[0m
[97m/home/cvazquezperezdelacru/clio-core/context-runtime/src/manager.cc:181 INFO 2482207 ClientInit ClientInit: g_admin already exists, pool_id_=PoolId(major:0, minor:0)[0m
[33m/home/cvazquezperezdelacru/clio-core/context-runtime/src/scheduler/default_sched.cc:430 WARNING 2482236 LoadBalance [#781 PDF] observed exec-time bins (cumulative): <10us=60383 <50us=229 <500us=10 <10ms=7 <50ms=0 <500ms=2 <1s=0 >=1s=0 | stalls_detected=0[0m
[33m/home/cvazquezperezdelacru/clio-core/context-runtime/src/scheduler/default_sched.cc:439 WARNING 2482236 LoadBalance [#785] lane rescues performed: 0[0m
[33m/home/cvazquezperezdelacru/clio-core/context-runtime/src/scheduler/default_sched.cc:430 WARNING 2482236 LoadBalance [#781 PDF] observed exec-time bins (cumulative): <10us=127125 <50us=974 <500us=16 <10ms=8 <50ms=0 <500ms=2 <1s=0 >=1s=0 | stalls_detected=0[0m
[33m/home/cvazquezperezdelacru/clio-core/context-runtime/src/scheduler/default_sched.cc:439 WARNING 2482236 LoadBalance [#785] lane rescues performed: 0[0m
[33m/home/cvazquezperezdelacru/clio-core/context-runtime/src/scheduler/default_sched.cc:430 WARNING 2482236 LoadBalance [#781 PDF] observed exec-time bins (cumulative): <10us=194244 <50us=1152 <500us=26 <10ms=12 <50ms=0 <500ms=2 <1s=0 >=1s=0 | stalls_detected=0[0m
[33m/home/cvazquezperezdelacru/clio-core/context-runtime/src/scheduler/default_sched.cc:439 WARNING 2482236 LoadBalance [#785] lane rescues performed: 0[0m
[97m/home/cvazquezperezdelacru/clio-core/context-runtime/src/ipc_manager.cc:2288 INFO 2482238 GetOrCreateClient [ClientPool] Creating new persistent connection to 127.0.0.1:44423[0m
[97m/home/cvazquezperezdelacru/clio-core/context-runtime/src/../../context-transport-primitives/include/clio_ctp/lightbeam/zmq_transport.h:152 INFO 2482238 GetSharedContext [ZeroMqTransport] Created shared context with 8 I/O threads[0m
[97m/home/cvazquezperezdelacru/clio-core/context-runtime/src/ipc_manager.cc:2308 INFO 2482238 GetOrCreateClient [ClientPool] Connection established to 127.0.0.1:44423[0m
[97m/home/cvazquezperezdelacru/clio-core/context-runtime/modules/admin/src/admin_runtime.cc:1191 INFO 2482228 RegisterMemory Admin::RegisterMemory: Registering CPU alloc_id (2482326.0)[0m
[97m/home/cvazquezperezdelacru/clio-core/context-runtime/src/ipc_manager.cc:2532 INFO 2482228 RegisterMemory IpcManager::RegisterMemory: Registering clio_2482326_0 from pid 2482326[0m
[97m/home/cvazquezperezdelacru/clio-core/context-runtime/src/ipc_manager.cc:2575 INFO 2482228 RegisterMemory IpcManager::RegisterMemory: Successfully registered clio_2482326_0[0m
[97m/home/cvazquezperezdelacru/clio-core/context-runtime/src/pool_manager.cc:534 INFO 2482232 CreatePool PoolManager: Creating pool 'clio_cte_core' with 1 containers (one per node)[0m
[97m/home/cvazquezperezdelacru/clio-core/context-runtime/src/pool_manager.cc:575 INFO 2482232 CreatePool PoolManager: Pool PoolId(major:512, minor:0) already exists by ID, returning existing pool[0m
[97m/home/cvazquezperezdelacru/clio-core/context-runtime/modules/admin/src/admin_runtime.cc:1191 INFO 2482230 RegisterMemory Admin::RegisterMemory: Registering CPU alloc_id (2482326.1)[0m
[97m/home/cvazquezperezdelacru/clio-core/context-runtime/src/ipc_manager.cc:2532 INFO 2482230 RegisterMemory IpcManager::RegisterMemory: Registering clio_2482326_1 from pid 2482326[0m
[97m/home/cvazquezperezdelacru/clio-core/context-runtime/src/ipc_manager.cc:2575 INFO 2482230 RegisterMemory IpcManager::RegisterMemory: Successfully registered clio_2482326_1[0m
[97m/home/cvazquezperezdelacru/clio-core/context-runtime/modules/admin/src/admin_runtime.cc:1191 INFO 2482230 RegisterMemory Admin::RegisterMemory: Registering CPU alloc_id (2482326.2)[0m
[97m/home/cvazquezperezdelacru/clio-core/context-runtime/src/ipc_manager.cc:2532 INFO 2482230 RegisterMemory IpcManager::RegisterMemory: Registering clio_2482326_2 from pid 2482326[0m
[97m/home/cvazquezperezdelacru/clio-core/context-runtime/src/ipc_manager.cc:2575 INFO 2482230 RegisterMemory IpcManager::RegisterMemory: Successfully registered clio_2482326_2[0m
[33m/home/cvazquezperezdelacru/clio-core/context-runtime/src/scheduler/default_sched.cc:430 WARNING 2482236 LoadBalance [#781 PDF] observed exec-time bins (cumulative): <10us=258711 <50us=5158 <500us=335 <10ms=1387 <50ms=2 <500ms=4 <1s=0 >=1s=0 | stalls_detected=0[0m
[33m/home/cvazquezperezdelacru/clio-core/context-runtime/src/scheduler/default_sched.cc:439 WARNING 2482236 LoadBalance [#785] lane rescues performed: 0[0m
[97m/home/cvazquezperezdelacru/clio-core/context-runtime/modules/admin/src/admin_runtime.cc:1191 INFO 2482230 RegisterMemory Admin::RegisterMemory: Registering CPU alloc_id (2482326.3)[0m
[97m/home/cvazquezperezdelacru/clio-core/context-runtime/src/ipc_manager.cc:2532 INFO 2482230 RegisterMemory IpcManager::RegisterMemory: Registering clio_2482326_3 from pid 2482326[0m
[97m/home/cvazquezperezdelacru/clio-core/context-runtime/src/ipc_manager.cc:2575 INFO 2482230 RegisterMemory IpcManager::RegisterMemory: Successfully registered clio_2482326_3[0m
[97m/home/cvazquezperezdelacru/clio-core/context-runtime/modules/admin/src/admin_runtime.cc:1191 INFO 2482229 RegisterMemory Admin::RegisterMemory: Registering CPU alloc_id (2482326.4)[0m
[97m/home/cvazquezperezdelacru/clio-core/context-runtime/src/ipc_manager.cc:2532 INFO 2482229 RegisterMemory IpcManager::RegisterMemory: Registering clio_2482326_4 from pid 2482326[0m
[97m/home/cvazquezperezdelacru/clio-core/context-runtime/src/ipc_manager.cc:2575 INFO 2482229 RegisterMemory IpcManager::RegisterMemory: Successfully registered clio_2482326_4[0m
[97m/home/cvazquezperezdelacru/clio-core/context-runtime/modules/admin/src/admin_runtime.cc:1191 INFO 2482229 RegisterMemory Admin::RegisterMemory: Registering CPU alloc_id (2482326.5)[0m
[97m/home/cvazquezperezdelacru/clio-core/context-runtime/src/ipc_manager.cc:2532 INFO 2482229 RegisterMemory IpcManager::RegisterMemory: Registering clio_2482326_5 from pid 2482326[0m
[97m/home/cvazquezperezdelacru/clio-core/context-runtime/src/ipc_manager.cc:2575 INFO 2482229 RegisterMemory IpcManager::RegisterMemory: Successfully registered clio_2482326_5[0m
[97m/home/cvazquezperezdelacru/clio-core/context-runtime/modules/admin/src/admin_runtime.cc:1191 INFO 2482229 RegisterMemory Admin::RegisterMemory: Registering CPU alloc_id (2482326.6)[0m
[97m/home/cvazquezperezdelacru/clio-core/context-runtime/src/ipc_manager.cc:2532 INFO 2482229 RegisterMemory IpcManager::RegisterMemory: Registering clio_2482326_6 from pid 2482326[0m
[97m/home/cvazquezperezdelacru/clio-core/context-runtime/src/ipc_manager.cc:2575 INFO 2482229 RegisterMemory IpcManager::RegisterMemory: Successfully registered clio_2482326_6[0m
[97m/home/cvazquezperezdelacru/clio-core/context-runtime/modules/admin/src/admin_runtime.cc:1191 INFO 2482229 RegisterMemory Admin::RegisterMemory: Registering CPU alloc_id (2482326.7)[0m
[97m/home/cvazquezperezdelacru/clio-core/context-runtime/src/ipc_manager.cc:2532 INFO 2482229 RegisterMemory IpcManager::RegisterMemory: Registering clio_2482326_7 from pid 2482326[0m
[97m/home/cvazquezperezdelacru/clio-core/context-runtime/src/ipc_manager.cc:2575 INFO 2482229 RegisterMemory IpcManager::RegisterMemory: Successfully registered clio_2482326_7[0m
[97m/home/cvazquezperezdelacru/clio-core/context-runtime/modules/admin/src/admin_runtime.cc:1191 INFO 2482230 RegisterMemory Admin::RegisterMemory: Registering CPU alloc_id (2482326.8)[0m
[97m/home/cvazquezperezdelacru/clio-core/context-runtime/src/ipc_manager.cc:2532 INFO 2482230 RegisterMemory IpcManager::RegisterMemory: Registering clio_2482326_8 from pid 2482326[0m
[97m/home/cvazquezperezdelacru/clio-core/context-runtime/src/ipc_manager.cc:2575 INFO 2482230 RegisterMemory IpcManager::RegisterMemory: Successfully registered clio_2482326_8[0m
[97m/home/cvazquezperezdelacru/clio-core/context-runtime/modules/admin/src/admin_runtime.cc:1191 INFO 2482230 RegisterMemory Admin::RegisterMemory: Registering CPU alloc_id (2482326.9)[0m
[97m/home/cvazquezperezdelacru/clio-core/context-runtime/src/ipc_manager.cc:2532 INFO 2482230 RegisterMemory IpcManager::RegisterMemory: Registering clio_2482326_9 from pid 2482326[0m
[97m/home/cvazquezperezdelacru/clio-core/context-runtime/src/ipc_manager.cc:2575 INFO 2482230 RegisterMemory IpcManager::RegisterMemory: Successfully registered clio_2482326_9[0m
[97m/home/cvazquezperezdelacru/clio-core/context-runtime/modules/admin/src/admin_runtime.cc:1191 INFO 2482229 RegisterMemory Admin::RegisterMemory: Registering CPU alloc_id (2482326.10)[0m
[97m/home/cvazquezperezdelacru/clio-core/context-runtime/src/ipc_manager.cc:2532 INFO 2482229 RegisterMemory IpcManager::RegisterMemory: Registering clio_2482326_10 from pid 2482326[0m
[97m/home/cvazquezperezdelacru/clio-core/context-runtime/src/ipc_manager.cc:2575 INFO 2482229 RegisterMemory IpcManager::RegisterMemory: Successfully registered clio_2482326_10[0m
[33m/home/cvazquezperezdelacru/clio-core/context-runtime/src/scheduler/default_sched.cc:430 WARNING 2482236 LoadBalance [#781 PDF] observed exec-time bins (cumulative): <10us=323238 <50us=9993 <500us=646 <10ms=3130 <50ms=2 <500ms=7 <1s=0 >=1s=0 | stalls_detected=0[0m
[33m/home/cvazquezperezdelacru/clio-core/context-runtime/src/scheduler/default_sched.cc:439 WARNING 2482236 LoadBalance [#785] lane rescues performed: 0[0m
[97m/home/cvazquezperezdelacru/clio-core/context-runtime/modules/admin/src/admin_runtime.cc:1191 INFO 2482229 RegisterMemory Admin::RegisterMemory: Registering CPU alloc_id (2482326.11)[0m
[97m/home/cvazquezperezdelacru/clio-core/context-runtime/src/ipc_manager.cc:2532 INFO 2482229 RegisterMemory IpcManager::RegisterMemory: Registering clio_2482326_11 from pid 2482326[0m
[97m/home/cvazquezperezdelacru/clio-core/context-runtime/src/ipc_manager.cc:2575 INFO 2482229 RegisterMemory IpcManager::RegisterMemory: Successfully registered clio_2482326_11[0m
[97m/home/cvazquezperezdelacru/clio-core/context-runtime/modules/admin/src/admin_runtime.cc:1191 INFO 2482229 RegisterMemory Admin::RegisterMemory: Registering CPU alloc_id (2482326.12)[0m
[97m/home/cvazquezperezdelacru/clio-core/context-runtime/src/ipc_manager.cc:2532 INFO 2482229 RegisterMemory IpcManager::RegisterMemory: Registering clio_2482326_12 from pid 2482326[0m
[97m/home/cvazquezperezdelacru/clio-core/context-runtime/src/ipc_manager.cc:2575 INFO 2482229 RegisterMemory IpcManager::RegisterMemory: Successfully registered clio_2482326_12[0m
[97m/home/cvazquezperezdelacru/clio-core/context-runtime/src/ipc_manager.cc:2288 INFO 2482238 GetOrCreateClient [ClientPool] Creating new persistent connection to 127.0.0.1:44815[0m
[97m/home/cvazquezperezdelacru/clio-core/context-runtime/src/ipc_manager.cc:2308 INFO 2482238 GetOrCreateClient [ClientPool] Connection established to 127.0.0.1:44815[0m
[97m/home/cvazquezperezdelacru/clio-core/context-runtime/modules/admin/src/admin_runtime.cc:1191 INFO 2482230 RegisterMemory Admin::RegisterMemory: Registering CPU alloc_id (2482379.0)[0m
[97m/home/cvazquezperezdelacru/clio-core/context-runtime/src/ipc_manager.cc:2532 INFO 2482230 RegisterMemory IpcManager::RegisterMemory: Registering clio_2482379_0 from pid 2482379[0m
[97m/home/cvazquezperezdelacru/clio-core/context-runtime/src/ipc_manager.cc:2575 INFO 2482230 RegisterMemory IpcManager::RegisterMemory: Successfully registered clio_2482379_0[0m
[97m/home/cvazquezperezdelacru/clio-core/context-runtime/src/pool_manager.cc:534 INFO 2482230 CreatePool PoolManager: Creating pool 'clio_cte_core' with 1 containers (one per node)[0m
[97m/home/cvazquezperezdelacru/clio-core/context-runtime/src/pool_manager.cc:575 INFO 2482230 CreatePool PoolManager: Pool PoolId(major:512, minor:0) already exists by ID, returning existing pool[0m
[97m/home/cvazquezperezdelacru/clio-core/context-runtime/src/pool_manager.cc:534 INFO 2482230 CreatePool PoolManager: Creating pool 'faiss_ivf_bench' with 1 containers (one per node)[0m
[97m/home/cvazquezperezdelacru/clio-core/context-runtime/src/pool_manager.cc:575 INFO 2482230 CreatePool PoolManager: Pool PoolId(major:600, minor:0) already exists by ID, returning existing pool[0m
[97m/home/cvazquezperezdelacru/clio-core/context-runtime/src/ipc_manager.cc:2440 INFO 2482230 IncreaseClientShm IpcManager::IncreaseClientShm: Creating clio_2482207_4 with size 117522432 (83968000 + 33554432 overhead)[0m
[97m/home/cvazquezperezdelacru/clio-core/context-runtime/src/ipc_manager.cc:2485 INFO 2482230 IncreaseClientShm IpcManager::IncreaseClientShm: Created allocator clio_2482207_4 with ID (2482207.4)[0m
[97m/mnt/common/cvazquezperezdelacru/IOWARP/faiss/contrib/iowarp/chimod/src/faiss_ivf_runtime.cc:229 INFO 2482230 OpenIndex faiss_ivf: opened '/mnt/common/cvazquezperezdelacru/faiss/slurm_bench/work/ondisk_nb10M.index' (d=128, nlist=4096, ntotal=10000000, tag='faiss_ivf::ondisk_nb10M')[0m
[97m/mnt/common/cvazquezperezdelacru/IOWARP/faiss/contrib/iowarp/chimod/src/faiss_ivf_runtime.cc:300 INFO 2482230 Search faiss_ivf: Search nq=500 k=10 nprobe=64 unique_lists=4084[0m
[97m/home/cvazquezperezdelacru/clio-core/context-runtime/src/ipc_manager.cc:2440 INFO 2482230 IncreaseClientShm IpcManager::IncreaseClientShm: Creating clio_2482207_5 with size 122695112 (89140680 + 33554432 overhead)[0m
[97m/home/cvazquezperezdelacru/clio-core/context-runtime/src/ipc_manager.cc:2485 INFO 2482230 IncreaseClientShm IpcManager::IncreaseClientShm: Created allocator clio_2482207_5 with ID (2482207.5)[0m
[97m/home/cvazquezperezdelacru/clio-core/context-runtime/src/ipc_manager.cc:2440 INFO 2482230 IncreaseClientShm IpcManager::IncreaseClientShm: Creating clio_2482207_6 with size 129862016 (96307584 + 33554432 overhead)[0m
[97m/home/cvazquezperezdelacru/clio-core/context-runtime/src/ipc_manager.cc:2485 INFO 2482230 IncreaseClientShm IpcManager::IncreaseClientShm: Created allocator clio_2482207_6 with ID (2482207.6)[0m
[97m/home/cvazquezperezdelacru/clio-core/context-runtime/src/ipc_manager.cc:2440 INFO 2482230 IncreaseClientShm IpcManager::IncreaseClientShm: Creating clio_2482207_7 with size 128261712 (94707280 + 33554432 overhead)[0m
[97m/home/cvazquezperezdelacru/clio-core/context-runtime/src/ipc_manager.cc:2485 INFO 2482230 IncreaseClientShm IpcManager::IncreaseClientShm: Created allocator clio_2482207_7 with ID (2482207.7)[0m
[97m/home/cvazquezperezdelacru/clio-core/context-runtime/src/ipc_manager.cc:2440 INFO 2482230 IncreaseClientShm IpcManager::IncreaseClientShm: Creating clio_2482207_8 with size 125548608 (91994176 + 33554432 overhead)[0m
[97m/home/cvazquezperezdelacru/clio-core/context-runtime/src/ipc_manager.cc:2485 INFO 2482230 IncreaseClientShm IpcManager::IncreaseClientShm: Created allocator clio_2482207_8 with ID (2482207.8)[0m
[97m/home/cvazquezperezdelacru/clio-core/context-runtime/src/ipc_manager.cc:2440 INFO 2482230 IncreaseClientShm IpcManager::IncreaseClientShm: Creating clio_2482207_9 with size 126062112 (92507680 + 33554432 overhead)[0m
[97m/home/cvazquezperezdelacru/clio-core/context-runtime/src/ipc_manager.cc:2485 INFO 2482230 IncreaseClientShm IpcManager::IncreaseClientShm: Created allocator clio_2482207_9 with ID (2482207.9)[0m
[33m/home/cvazquezperezdelacru/clio-core/context-runtime/src/scheduler/default_sched.cc:430 WARNING 2482236 LoadBalance [#781 PDF] observed exec-time bins (cumulative): <10us=389177 <50us=13889 <500us=1315 <10ms=4472 <50ms=2 <500ms=7 <1s=0 >=1s=0 | stalls_detected=0[0m
[33m/home/cvazquezperezdelacru/clio-core/context-runtime/src/scheduler/default_sched.cc:439 WARNING 2482236 LoadBalance [#785] lane rescues performed: 0[0m
[31m/home/cvazquezperezdelacru/clio-core/context-runtime/src/scheduler/default_sched.cc:726 ERROR 2482236 LoadBalance [HANGWATCH-HB] processed=14857 outstanding=34 (queued=34 blocked=0 retry=0 periodic=6) live=3 live_stalled=0[0m
[97m/home/cvazquezperezdelacru/clio-core/context-runtime/src/ipc_manager.cc:2440 INFO 2482230 IncreaseClientShm IpcManager::IncreaseClientShm: Creating clio_2482207_10 with size 124181008 (90626576 + 33554432 overhead)[0m
[97m/home/cvazquezperezdelacru/clio-core/context-runtime/src/ipc_manager.cc:2485 INFO 2482230 IncreaseClientShm IpcManager::IncreaseClientShm: Created allocator clio_2482207_10 with ID (2482207.10)[0m
[97m/home/cvazquezperezdelacru/clio-core/context-runtime/src/ipc_manager.cc:2440 INFO 2482230 IncreaseClientShm IpcManager::IncreaseClientShm: Creating clio_2482207_11 with size 123406208 (89851776 + 33554432 overhead)[0m
[97m/home/cvazquezperezdelacru/clio-core/context-runtime/src/ipc_manager.cc:2485 INFO 2482230 IncreaseClientShm IpcManager::IncreaseClientShm: Created allocator clio_2482207_11 with ID (2482207.11)[0m
[97m/home/cvazquezperezdelacru/clio-core/context-runtime/src/ipc_manager.cc:2440 INFO 2482230 IncreaseClientShm IpcManager::IncreaseClientShm: Creating clio_2482207_12 with size 129088512 (95534080 + 33554432 overhead)[0m
[97m/home/cvazquezperezdelacru/clio-core/context-runtime/src/ipc_manager.cc:2485 INFO 2482230 IncreaseClientShm IpcManager::IncreaseClientShm: Created allocator clio_2482207_12 with ID (2482207.12)[0m
[97m/home/cvazquezperezdelacru/clio-core/context-runtime/src/ipc_manager.cc:2440 INFO 2482230 IncreaseClientShm IpcManager::IncreaseClientShm: Creating clio_2482207_13 with size 123664912 (90110480 + 33554432 overhead)[0m
[97m/home/cvazquezperezdelacru/clio-core/context-runtime/src/ipc_manager.cc:2485 INFO 2482230 IncreaseClientShm IpcManager::IncreaseClientShm: Created allocator clio_2482207_13 with ID (2482207.13)[0m
[97m/home/cvazquezperezdelacru/clio-core/context-runtime/src/ipc_manager.cc:2440 INFO 2482230 IncreaseClientShm IpcManager::IncreaseClientShm: Creating clio_2482207_14 with size 127731312 (94176880 + 33554432 overhead)[0m
[97m/home/cvazquezperezdelacru/clio-core/context-runtime/src/ipc_manager.cc:2485 INFO 2482230 IncreaseClientShm IpcManager::IncreaseClientShm: Created allocator clio_2482207_14 with ID (2482207.14)[0m
[97m/home/cvazquezperezdelacru/clio-core/context-runtime/src/ipc_manager.cc:2440 INFO 2482230 IncreaseClientShm IpcManager::IncreaseClientShm: Creating clio_2482207_15 with size 129370608 (95816176 + 33554432 overhead)[0m
[97m/home/cvazquezperezdelacru/clio-core/context-runtime/src/ipc_manager.cc:2485 INFO 2482230 IncreaseClientShm IpcManager::IncreaseClientShm: Created allocator clio_2482207_15 with ID (2482207.15)[0m
[97m/home/cvazquezperezdelacru/clio-core/context-runtime/src/ipc_manager.cc:2440 INFO 2482230 IncreaseClientShm IpcManager::IncreaseClientShm: Creating clio_2482207_16 with size 132242312 (98687880 + 33554432 overhead)[0m
[97m/home/cvazquezperezdelacru/clio-core/context-runtime/src/ipc_manager.cc:2485 INFO 2482230 IncreaseClientShm IpcManager::IncreaseClientShm: Created allocator clio_2482207_16 with ID (2482207.16)[0m
[97m/home/cvazquezperezdelacru/clio-core/context-runtime/src/ipc_manager.cc:2440 INFO 2482230 IncreaseClientShm IpcManager::IncreaseClientShm: Creating clio_2482207_17 with size 128298112 (94743680 + 33554432 overhead)[0m
[97m/home/cvazquezperezdelacru/clio-core/context-runtime/src/ipc_manager.cc:2485 INFO 2482230 IncreaseClientShm IpcManager::IncreaseClientShm: Created allocator clio_2482207_17 with ID (2482207.17)[0m
[97m/home/cvazquezperezdelacru/clio-core/context-runtime/src/ipc_manager.cc:2440 INFO 2482230 IncreaseClientShm IpcManager::IncreaseClientShm: Creating clio_2482207_18 with size 127186608 (93632176 + 33554432 overhead)[0m
[97m/home/cvazquezperezdelacru/clio-core/context-runtime/src/ipc_manager.cc:2485 INFO 2482230 IncreaseClientShm IpcManager::IncreaseClientShm: Created allocator clio_2482207_18 with ID (2482207.18)[0m
[97m/home/cvazquezperezdelacru/clio-core/context-runtime/src/ipc_manager.cc:2440 INFO 2482230 IncreaseClientShm IpcManager::IncreaseClientShm: Creating clio_2482207_19 with size 132545216 (98990784 + 33554432 overhead)[0m
[97m/home/cvazquezperezdelacru/clio-core/context-runtime/src/ipc_manager.cc:2485 INFO 2482230 IncreaseClientShm IpcManager::IncreaseClientShm: Created allocator clio_2482207_19 with ID (2482207.19)[0m
[97m/home/cvazquezperezdelacru/clio-core/context-runtime/src/ipc_manager.cc:2440 INFO 2482230 IncreaseClientShm IpcManager::IncreaseClientShm: Creating clio_2482207_20 with size 126784912 (93230480 + 33554432 overhead)[0m
[97m/home/cvazquezperezdelacru/clio-core/context-runtime/src/ipc_manager.cc:2485 INFO 2482230 IncreaseClientShm IpcManager::IncreaseClientShm: Created allocator clio_2482207_20 with ID (2482207.20)[0m
[97m/home/cvazquezperezdelacru/clio-core/context-runtime/src/ipc_manager.cc:2440 INFO 2482230 IncreaseClientShm IpcManager::IncreaseClientShm: Creating clio_2482207_21 with size 127291912 (93737480 + 33554432 overhead)[0m
[97m/home/cvazquezperezdelacru/clio-core/context-runtime/src/ipc_manager.cc:2485 INFO 2482230 IncreaseClientShm IpcManager::IncreaseClientShm: Created allocator clio_2482207_21 with ID (2482207.21)[0m
[31m/home/cvazquezperezdelacru/clio-core/context-runtime/src/scheduler/default_sched.cc:726 ERROR 2482236 LoadBalance [HANGWATCH-HB] processed=20455 outstanding=41 (queued=41 blocked=0 retry=0 periodic=7) live=1 live_stalled=0[0m
[97m/mnt/common/cvazquezperezdelacru/IOWARP/faiss/contrib/iowarp/chimod/src/faiss_ivf_runtime.cc:300 INFO 2482229 Search faiss_ivf: Search nq=500 k=10 nprobe=64 unique_lists=4084[0m
[97m/home/cvazquezperezdelacru/clio-core/context-runtime/src/ipc_manager.cc:2440 INFO 2482229 IncreaseClientShm IpcManager::IncreaseClientShm: Creating clio_2482207_22 with size 131004712 (97450280 + 33554432 overhead)[0m
[97m/home/cvazquezperezdelacru/clio-core/context-runtime/src/ipc_manager.cc:2485 INFO 2482229 IncreaseClientShm IpcManager::IncreaseClientShm: Created allocator clio_2482207_22 with ID (2482207.22)[0m
[97m/home/cvazquezperezdelacru/clio-core/context-runtime/src/ipc_manager.cc:2440 INFO 2482229 IncreaseClientShm IpcManager::IncreaseClientShm: Creating clio_2482207_23 with size 125514816 (91960384 + 33554432 overhead)[0m
[97m/home/cvazquezperezdelacru/clio-core/context-runtime/src/ipc_manager.cc:2485 INFO 2482229 IncreaseClientShm IpcManager::IncreaseClientShm: Created allocator clio_2482207_23 with ID (2482207.23)[0m
[97m/home/cvazquezperezdelacru/clio-core/context-runtime/src/ipc_manager.cc:2440 INFO 2482229 IncreaseClientShm IpcManager::IncreaseClientShm: Creating clio_2482207_24 with size 124845312 (91290880 + 33554432 overhead)[0m
[97m/home/cvazquezperezdelacru/clio-core/context-runtime/src/ipc_manager.cc:2485 INFO 2482229 IncreaseClientShm IpcManager::IncreaseClientShm: Created allocator clio_2482207_24 with ID (2482207.24)[0m
[97m/home/cvazquezperezdelacru/clio-core/context-runtime/src/ipc_manager.cc:2440 INFO 2482229 IncreaseClientShm IpcManager::IncreaseClientShm: Creating clio_2482207_25 with size 125789112 (92234680 + 33554432 overhead)[0m
[97m/home/cvazquezperezdelacru/clio-core/context-runtime/src/ipc_manager.cc:2485 INFO 2482229 IncreaseClientShm IpcManager::IncreaseClientShm: Created allocator clio_2482207_25 with ID (2482207.25)[0m
[97m/home/cvazquezperezdelacru/clio-core/context-runtime/src/ipc_manager.cc:2440 INFO 2482229 IncreaseClientShm IpcManager::IncreaseClientShm: Creating clio_2482207_26 with size 126489808 (92935376 + 33554432 overhead)[0m
[97m/home/cvazquezperezdelacru/clio-core/context-runtime/src/ipc_manager.cc:2485 INFO 2482229 IncreaseClientShm IpcManager::IncreaseClientShm: Created allocator clio_2482207_26 with ID (2482207.26)[0m
[97m/home/cvazquezperezdelacru/clio-core/context-runtime/src/ipc_manager.cc:2440 INFO 2482229 IncreaseClientShm IpcManager::IncreaseClientShm: Creating clio_2482207_27 with size 124886912 (91332480 + 33554432 overhead)[0m
[97m/home/cvazquezperezdelacru/clio-core/context-runtime/src/ipc_manager.cc:2485 INFO 2482229 IncreaseClientShm IpcManager::IncreaseClientShm: Created allocator clio_2482207_27 with ID (2482207.27)[0m
[31m/home/cvazquezperezdelacru/clio-core/context-runtime/src/scheduler/default_sched.cc:726 ERROR 2482236 LoadBalance [HANGWATCH-HB] processed=23794 outstanding=51 (queued=51 blocked=0 retry=0 periodic=7) live=1 live_stalled=0[0m
[97m/home/cvazquezperezdelacru/clio-core/context-runtime/src/ipc_manager.cc:2440 INFO 2482229 IncreaseClientShm IpcManager::IncreaseClientShm: Creating clio_2482207_28 with size 128027712 (94473280 + 33554432 overhead)[0m
[97m/home/cvazquezperezdelacru/clio-core/context-runtime/src/ipc_manager.cc:2485 INFO 2482229 IncreaseClientShm IpcManager::IncreaseClientShm: Created allocator clio_2482207_28 with ID (2482207.28)[0m
[97m/home/cvazquezperezdelacru/clio-core/context-runtime/src/ipc_manager.cc:2440 INFO 2482229 IncreaseClientShm IpcManager::IncreaseClientShm: Creating clio_2482207_29 with size 127731312 (94176880 + 33554432 overhead)[0m
[97m/home/cvazquezperezdelacru/clio-core/context-runtime/src/ipc_manager.cc:2485 INFO 2482229 IncreaseClientShm IpcManager::IncreaseClientShm: Created allocator clio_2482207_29 with ID (2482207.29)[0m
[97m/home/cvazquezperezdelacru/clio-core/context-runtime/src/ipc_manager.cc:2440 INFO 2482229 IncreaseClientShm IpcManager::IncreaseClientShm: Creating clio_2482207_30 with size 129370608 (95816176 + 33554432 overhead)[0m
[97m/home/cvazquezperezdelacru/clio-core/context-runtime/src/ipc_manager.cc:2485 INFO 2482229 IncreaseClientShm IpcManager::IncreaseClientShm: Created allocator clio_2482207_30 with ID (2482207.30)[0m
[33m/home/cvazquezperezdelacru/clio-core/context-runtime/src/scheduler/default_sched.cc:430 WARNING 2482236 LoadBalance [#781 PDF] observed exec-time bins (cumulative): <10us=459041 <50us=18610 <500us=4028 <10ms=7045 <50ms=3 <500ms=7 <1s=0 >=1s=1 | stalls_detected=0[0m
[33m/home/cvazquezperezdelacru/clio-core/context-runtime/src/scheduler/default_sched.cc:439 WARNING 2482236 LoadBalance [#785] lane rescues performed: 0[0m
[97m/home/cvazquezperezdelacru/clio-core/context-runtime/src/ipc_manager.cc:2440 INFO 2482229 IncreaseClientShm IpcManager::IncreaseClientShm: Creating clio_2482207_31 with size 132242312 (98687880 + 33554432 overhead)[0m
[97m/home/cvazquezperezdelacru/clio-core/context-runtime/src/ipc_manager.cc:2485 INFO 2482229 IncreaseClientShm IpcManager::IncreaseClientShm: Created allocator clio_2482207_31 with ID (2482207.31)[0m
[97m/home/cvazquezperezdelacru/clio-core/context-runtime/src/ipc_manager.cc:2440 INFO 2482229 IncreaseClientShm IpcManager::IncreaseClientShm: Creating clio_2482207_32 with size 128298112 (94743680 + 33554432 overhead)[0m
[97m/home/cvazquezperezdelacru/clio-core/context-runtime/src/ipc_manager.cc:2485 INFO 2482229 IncreaseClientShm IpcManager::IncreaseClientShm: Created allocator clio_2482207_32 with ID (2482207.32)[0m
[97m/home/cvazquezperezdelacru/clio-core/context-runtime/src/ipc_manager.cc:2440 INFO 2482229 IncreaseClientShm IpcManager::IncreaseClientShm: Creating clio_2482207_33 with size 127186608 (93632176 + 33554432 overhead)[0m
[97m/home/cvazquezperezdelacru/clio-core/context-runtime/src/ipc_manager.cc:2485 INFO 2482229 IncreaseClientShm IpcManager::IncreaseClientShm: Created allocator clio_2482207_33 with ID (2482207.33)[0m
[31m/home/cvazquezperezdelacru/clio-core/context-runtime/src/scheduler/default_sched.cc:726 ERROR 2482236 LoadBalance [HANGWATCH-HB] processed=26982 outstanding=56 (queued=56 blocked=0 retry=0 periodic=6) live=1 live_stalled=0[0m
[97m/home/cvazquezperezdelacru/clio-core/context-runtime/src/ipc_manager.cc:2440 INFO 2482229 IncreaseClientShm IpcManager::IncreaseClientShm: Creating clio_2482207_34 with size 132545216 (98990784 + 33554432 overhead)[0m
[97m/home/cvazquezperezdelacru/clio-core/context-runtime/src/ipc_manager.cc:2485 INFO 2482229 IncreaseClientShm IpcManager::IncreaseClientShm: Created allocator clio_2482207_34 with ID (2482207.34)[0m
[97m/home/cvazquezperezdelacru/clio-core/context-runtime/src/ipc_manager.cc:2440 INFO 2482229 IncreaseClientShm IpcManager::IncreaseClientShm: Creating clio_2482207_35 with size 127291912 (93737480 + 33554432 overhead)[0m
[97m/home/cvazquezperezdelacru/clio-core/context-runtime/src/ipc_manager.cc:2485 INFO 2482229 IncreaseClientShm IpcManager::IncreaseClientShm: Created allocator clio_2482207_35 with ID (2482207.35)[0m
[97m/mnt/common/cvazquezperezdelacru/IOWARP/faiss/contrib/iowarp/chimod/src/faiss_ivf_runtime.cc:300 INFO 2482229 Search faiss_ivf: Search nq=500 k=10 nprobe=64 unique_lists=4084[0m
[97m/home/cvazquezperezdelacru/clio-core/context-runtime/src/ipc_manager.cc:2440 INFO 2482229 IncreaseClientShm IpcManager::IncreaseClientShm: Creating clio_2482207_36 with size 127986112 (94431680 + 33554432 overhead)[0m
[97m/home/cvazquezperezdelacru/clio-core/context-runtime/src/ipc_manager.cc:2485 INFO 2482229 IncreaseClientShm IpcManager::IncreaseClientShm: Created allocator clio_2482207_36 with ID (2482207.36)[0m
[97m/home/cvazquezperezdelacru/clio-core/context-runtime/src/ipc_manager.cc:2440 INFO 2482229 IncreaseClientShm IpcManager::IncreaseClientShm: Creating clio_2482207_37 with size 131103512 (97549080 + 33554432 overhead)[0m
[97m/home/cvazquezperezdelacru/clio-core/context-runtime/src/ipc_manager.cc:2485 INFO 2482229 IncreaseClientShm IpcManager::IncreaseClientShm: Created allocator clio_2482207_37 with ID (2482207.37)[0m
[97m/home/cvazquezperezdelacru/clio-core/context-runtime/src/ipc_manager.cc:2440 INFO 2482229 IncreaseClientShm IpcManager::IncreaseClientShm: Creating clio_2482207_38 with size 130895512 (97341080 + 33554432 overhead)[0m
[97m/home/cvazquezperezdelacru/clio-core/context-runtime/src/ipc_manager.cc:2485 INFO 2482229 IncreaseClientShm IpcManager::IncreaseClientShm: Created allocator clio_2482207_38 with ID (2482207.38)[0m
[97m/home/cvazquezperezdelacru/clio-core/context-runtime/src/ipc_manager.cc:2440 INFO 2482229 IncreaseClientShm IpcManager::IncreaseClientShm: Creating clio_2482207_39 with size 126254512 (92700080 + 33554432 overhead)[0m
[97m/home/cvazquezperezdelacru/clio-core/context-runtime/src/ipc_manager.cc:2485 INFO 2482229 IncreaseClientShm IpcManager::IncreaseClientShm: Created allocator clio_2482207_39 with ID (2482207.39)[0m
[31m/home/cvazquezperezdelacru/clio-core/context-runtime/src/scheduler/default_sched.cc:726 ERROR 2482236 LoadBalance [HANGWATCH-HB] processed=30277 outstanding=62 (queued=62 blocked=0 retry=0 periodic=7) live=2 live_stalled=0[0m
[97m/home/cvazquezperezdelacru/clio-core/context-runtime/src/ipc_manager.cc:2440 INFO 2482229 IncreaseClientShm IpcManager::IncreaseClientShm: Creating clio_2482207_40 with size 126062112 (92507680 + 33554432 overhead)[0m
[97m/home/cvazquezperezdelacru/clio-core/context-runtime/src/ipc_manager.cc:2485 INFO 2482229 IncreaseClientShm IpcManager::IncreaseClientShm: Created allocator clio_2482207_40 with ID (2482207.40)[0m
[97m/home/cvazquezperezdelacru/clio-core/context-runtime/src/ipc_manager.cc:2440 INFO 2482229 IncreaseClientShm IpcManager::IncreaseClientShm: Creating clio_2482207_41 with size 126489808 (92935376 + 33554432 overhead)[0m
[97m/home/cvazquezperezdelacru/clio-core/context-runtime/src/ipc_manager.cc:2485 INFO 2482229 IncreaseClientShm IpcManager::IncreaseClientShm: Created allocator clio_2482207_41 with ID (2482207.41)[0m
[97m/home/cvazquezperezdelacru/clio-core/context-runtime/src/ipc_manager.cc:2440 INFO 2482229 IncreaseClientShm IpcManager::IncreaseClientShm: Creating clio_2482207_42 with size 124886912 (91332480 + 33554432 overhead)[0m
[97m/home/cvazquezperezdelacru/clio-core/context-runtime/src/ipc_manager.cc:2485 INFO 2482229 IncreaseClientShm IpcManager::IncreaseClientShm: Created allocator clio_2482207_42 with ID (2482207.42)[0m
[97m/home/cvazquezperezdelacru/clio-core/context-runtime/src/ipc_manager.cc:2440 INFO 2482229 IncreaseClientShm IpcManager::IncreaseClientShm: Creating clio_2482207_43 with size 128027712 (94473280 + 33554432 overhead)[0m
[97m/home/cvazquezperezdelacru/clio-core/context-runtime/src/ipc_manager.cc:2485 INFO 2482229 IncreaseClientShm IpcManager::IncreaseClientShm: Created allocator clio_2482207_43 with ID (2482207.43)[0m
[97m/home/cvazquezperezdelacru/clio-core/context-runtime/src/ipc_manager.cc:2440 INFO 2482229 IncreaseClientShm IpcManager::IncreaseClientShm: Creating clio_2482207_44 with size 127731312 (94176880 + 33554432 overhead)[0m
[97m/home/cvazquezperezdelacru/clio-core/context-runtime/src/ipc_manager.cc:2485 INFO 2482229 IncreaseClientShm IpcManager::IncreaseClientShm: Created allocator clio_2482207_44 with ID (2482207.44)[0m
[97m/home/cvazquezperezdelacru/clio-core/context-runtime/src/ipc_manager.cc:2440 INFO 2482229 IncreaseClientShm IpcManager::IncreaseClientShm: Creating clio_2482207_45 with size 129370608 (95816176 + 33554432 overhead)[0m
[97m/home/cvazquezperezdelacru/clio-core/context-runtime/src/ipc_manager.cc:2485 INFO 2482229 IncreaseClientShm IpcManager::IncreaseClientShm: Created allocator clio_2482207_45 with ID (2482207.45)[0m
[97m/home/cvazquezperezdelacru/clio-core/context-runtime/src/ipc_manager.cc:2440 INFO 2482229 IncreaseClientShm IpcManager::IncreaseClientShm: Creating clio_2482207_46 with size 132242312 (98687880 + 33554432 overhead)[0m
[97m/home/cvazquezperezdelacru/clio-core/context-runtime/src/ipc_manager.cc:2485 INFO 2482229 IncreaseClientShm IpcManager::IncreaseClientShm: Created allocator clio_2482207_46 with ID (2482207.46)[0m
[33m/home/cvazquezperezdelacru/clio-core/context-runtime/src/scheduler/default_sched.cc:430 WARNING 2482236 LoadBalance [#781 PDF] observed exec-time bins (cumulative): <10us=529063 <50us=20588 <500us=6435 <10ms=8833 <50ms=3 <500ms=7 <1s=0 >=1s=2 | stalls_detected=0[0m
[33m/home/cvazquezperezdelacru/clio-core/context-runtime/src/scheduler/default_sched.cc:439 WARNING 2482236 LoadBalance [#785] lane rescues performed: 0[0m
[31m/home/cvazquezperezdelacru/clio-core/context-runtime/src/scheduler/default_sched.cc:726 ERROR 2482236 LoadBalance [HANGWATCH-HB] processed=33761 outstanding=49 (queued=49 blocked=0 retry=0 periodic=7) live=1 live_stalled=0[0m
[97m/home/cvazquezperezdelacru/clio-core/context-runtime/src/ipc_manager.cc:2440 INFO 2482229 IncreaseClientShm IpcManager::IncreaseClientShm: Creating clio_2482207_47 with size 128298112 (94743680 + 33554432 overhead)[0m
[97m/home/cvazquezperezdelacru/clio-core/context-runtime/src/ipc_manager.cc:2485 INFO 2482229 IncreaseClientShm IpcManager::IncreaseClientShm: Created allocator clio_2482207_47 with ID (2482207.47)[0m
[97m/home/cvazquezperezdelacru/clio-core/context-runtime/src/ipc_manager.cc:2440 INFO 2482229 IncreaseClientShm IpcManager::IncreaseClientShm: Creating clio_2482207_48 with size 127186608 (93632176 + 33554432 overhead)[0m
[97m/home/cvazquezperezdelacru/clio-core/context-runtime/src/ipc_manager.cc:2485 INFO 2482229 IncreaseClientShm IpcManager::IncreaseClientShm: Created allocator clio_2482207_48 with ID (2482207.48)[0m
[97m/home/cvazquezperezdelacru/clio-core/context-runtime/src/ipc_manager.cc:2440 INFO 2482229 IncreaseClientShm IpcManager::IncreaseClientShm: Creating clio_2482207_49 with size 132545216 (98990784 + 33554432 overhead)[0m
[97m/home/cvazquezperezdelacru/clio-core/context-runtime/src/ipc_manager.cc:2485 INFO 2482229 IncreaseClientShm IpcManager::IncreaseClientShm: Created allocator clio_2482207_49 with ID (2482207.49)[0m
[97m/home/cvazquezperezdelacru/clio-core/context-runtime/src/ipc_manager.cc:2440 INFO 2482229 IncreaseClientShm IpcManager::IncreaseClientShm: Creating clio_2482207_50 with size 127291912 (93737480 + 33554432 overhead)[0m
[97m/home/cvazquezperezdelacru/clio-core/context-runtime/src/ipc_manager.cc:2485 INFO 2482229 IncreaseClientShm IpcManager::IncreaseClientShm: Created allocator clio_2482207_50 with ID (2482207.50)[0m
[97m/home/cvazquezperezdelacru/clio-core/context-runtime/src/ipc_manager.cc:2288 INFO 2482238 GetOrCreateClient [ClientPool] Creating new persistent connection to 127.0.0.1:46251[0m
[97m/home/cvazquezperezdelacru/clio-core/context-runtime/src/ipc_manager.cc:2308 INFO 2482238 GetOrCreateClient [ClientPool] Connection established to 127.0.0.1:46251[0m
[97m/home/cvazquezperezdelacru/clio-core/context-runtime/modules/admin/src/admin_runtime.cc:1191 INFO 2482230 RegisterMemory Admin::RegisterMemory: Registering CPU alloc_id (2482435.0)[0m
[97m/home/cvazquezperezdelacru/clio-core/context-runtime/src/ipc_manager.cc:2532 INFO 2482230 RegisterMemory IpcManager::RegisterMemory: Registering clio_2482435_0 from pid 2482435[0m
[97m/home/cvazquezperezdelacru/clio-core/context-runtime/src/ipc_manager.cc:2575 INFO 2482230 RegisterMemory IpcManager::RegisterMemory: Successfully registered clio_2482435_0[0m
[97m/home/cvazquezperezdelacru/clio-core/context-runtime/src/pool_manager.cc:534 INFO 2482229 CreatePool PoolManager: Creating pool 'clio_cte_core' with 1 containers (one per node)[0m
[97m/home/cvazquezperezdelacru/clio-core/context-runtime/src/pool_manager.cc:575 INFO 2482229 CreatePool PoolManager: Pool PoolId(major:512, minor:0) already exists by ID, returning existing pool[0m
[97m/home/cvazquezperezdelacru/clio-core/context-runtime/src/pool_manager.cc:534 INFO 2482229 CreatePool PoolManager: Creating pool 'faiss_ivf_bench' with 1 containers (one per node)[0m
[97m/home/cvazquezperezdelacru/clio-core/context-runtime/src/pool_manager.cc:575 INFO 2482229 CreatePool PoolManager: Pool PoolId(major:600, minor:0) already exists by ID, returning existing pool[0m
[97m/mnt/common/cvazquezperezdelacru/IOWARP/faiss/contrib/iowarp/chimod/src/faiss_ivf_runtime.cc:300 INFO 2482229 Search faiss_ivf: Search nq=62 k=10 nprobe=64 unique_lists=2388[0m
[31m/home/cvazquezperezdelacru/clio-core/context-runtime/src/scheduler/default_sched.cc:726 ERROR 2482236 LoadBalance [HANGWATCH-HB] processed=36888 outstanding=69 (queued=69 blocked=0 retry=0 periodic=7) live=2 live_stalled=0[0m
[97m/mnt/common/cvazquezperezdelacru/IOWARP/faiss/contrib/iowarp/chimod/src/faiss_ivf_runtime.cc:300 INFO 2482229 Search faiss_ivf: Search nq=63 k=10 nprobe=64 unique_lists=2413[0m
[97m/home/cvazquezperezdelacru/clio-core/context-runtime/src/ipc_manager.cc:2440 INFO 2482229 IncreaseClientShm IpcManager::IncreaseClientShm: Creating clio_2482207_51 with size 129013112 (95458680 + 33554432 overhead)[0m
[97m/home/cvazquezperezdelacru/clio-core/context-runtime/src/ipc_manager.cc:2485 INFO 2482229 IncreaseClientShm IpcManager::IncreaseClientShm: Created allocator clio_2482207_51 with ID (2482207.51)[0m
[97m/mnt/common/cvazquezperezdelacru/IOWARP/faiss/contrib/iowarp/chimod/src/faiss_ivf_runtime.cc:300 INFO 2482229 Search faiss_ivf: Search nq=62 k=10 nprobe=64 unique_lists=2453[0m
[97m/mnt/common/cvazquezperezdelacru/IOWARP/faiss/contrib/iowarp/chimod/src/faiss_ivf_runtime.cc:300 INFO 2482230 Search faiss_ivf: Search nq=63 k=10 nprobe=64 unique_lists=2541[0m
[97m/mnt/common/cvazquezperezdelacru/IOWARP/faiss/contrib/iowarp/chimod/src/faiss_ivf_runtime.cc:300 INFO 2482229 Search faiss_ivf: Search nq=62 k=10 nprobe=64 unique_lists=2577[0m
[97m/home/cvazquezperezdelacru/clio-core/context-runtime/src/ipc_manager.cc:2440 INFO 2482229 IncreaseClientShm IpcManager::IncreaseClientShm: Creating clio_2482207_52 with size 129013112 (95458680 + 33554432 overhead)[0m
[97m/home/cvazquezperezdelacru/clio-core/context-runtime/src/ipc_manager.cc:2485 INFO 2482229 IncreaseClientShm IpcManager::IncreaseClientShm: Created allocator clio_2482207_52 with ID (2482207.52)[0m
[97m/mnt/common/cvazquezperezdelacru/IOWARP/faiss/contrib/iowarp/chimod/src/faiss_ivf_runtime.cc:300 INFO 2482229 Search faiss_ivf: Search nq=63 k=10 nprobe=64 unique_lists=2503[0m
[97m/mnt/common/cvazquezperezdelacru/IOWARP/faiss/contrib/iowarp/chimod/src/faiss_ivf_runtime.cc:300 INFO 2482229 Search faiss_ivf: Search nq=62 k=10 nprobe=64 unique_lists=2553[0m
[97m/home/cvazquezperezdelacru/clio-core/context-runtime/src/ipc_manager.cc:2440 INFO 2482229 IncreaseClientShm IpcManager::IncreaseClientShm: Creating clio_2482207_53 with size 127986112 (94431680 + 33554432 overhead)[0m
[97m/home/cvazquezperezdelacru/clio-core/context-runtime/src/ipc_manager.cc:2485 INFO 2482229 IncreaseClientShm IpcManager::IncreaseClientShm: Created allocator clio_2482207_53 with ID (2482207.53)[0m
[97m/mnt/common/cvazquezperezdelacru/IOWARP/faiss/contrib/iowarp/chimod/src/faiss_ivf_runtime.cc:300 INFO 2482230 Search faiss_ivf: Search nq=63 k=10 nprobe=64 unique_lists=2483[0m
[97m/home/cvazquezperezdelacru/clio-core/context-runtime/src/ipc_manager.cc:2440 INFO 2482230 IncreaseClientShm IpcManager::IncreaseClientShm: Creating clio_2482207_54 with size 125958112 (92403680 + 33554432 overhead)[0m
[97m/home/cvazquezperezdelacru/clio-core/context-runtime/src/ipc_manager.cc:2485 INFO 2482230 IncreaseClientShm IpcManager::IncreaseClientShm: Created allocator clio_2482207_54 with ID (2482207.54)[0m
[97m/home/cvazquezperezdelacru/clio-core/context-runtime/src/ipc_manager.cc:2440 INFO 2482229 IncreaseClientShm IpcManager::IncreaseClientShm: Creating clio_2482207_55 with size 131215312 (97660880 + 33554432 overhead)[0m
[97m/home/cvazquezperezdelacru/clio-core/context-runtime/src/ipc_manager.cc:2485 INFO 2482229 IncreaseClientShm IpcManager::IncreaseClientShm: Created allocator clio_2482207_55 with ID (2482207.55)[0m
[97m/home/cvazquezperezdelacru/clio-core/context-runtime/src/ipc_manager.cc:2440 INFO 2482229 IncreaseClientShm IpcManager::IncreaseClientShm: Creating clio_2482207_56 with size 131103512 (97549080 + 33554432 overhead)[0m
[97m/home/cvazquezperezdelacru/clio-core/context-runtime/src/ipc_manager.cc:2485 INFO 2482229 IncreaseClientShm IpcManager::IncreaseClientShm: Created allocator clio_2482207_56 with ID (2482207.56)[0m
[97m/home/cvazquezperezdelacru/clio-core/context-runtime/src/ipc_manager.cc:2440 INFO 2482229 IncreaseClientShm IpcManager::IncreaseClientShm: Creating clio_2482207_57 with size 131215312 (97660880 + 33554432 overhead)[0m
[97m/home/cvazquezperezdelacru/clio-core/context-runtime/src/ipc_manager.cc:2485 INFO 2482229 IncreaseClientShm IpcManager::IncreaseClientShm: Created allocator clio_2482207_57 with ID (2482207.57)[0m
[97m/home/cvazquezperezdelacru/clio-core/context-runtime/src/ipc_manager.cc:2440 INFO 2482229 IncreaseClientShm IpcManager::IncreaseClientShm: Creating clio_2482207_58 with size 131103512 (97549080 + 33554432 overhead)[0m
[97m/home/cvazquezperezdelacru/clio-core/context-runtime/src/ipc_manager.cc:2485 INFO 2482229 IncreaseClientShm IpcManager::IncreaseClientShm: Created allocator clio_2482207_58 with ID (2482207.58)[0m
[97m/home/cvazquezperezdelacru/clio-core/context-runtime/src/ipc_manager.cc:2440 INFO 2482229 IncreaseClientShm IpcManager::IncreaseClientShm: Creating clio_2482207_59 with size 131215312 (97660880 + 33554432 overhead)[0m
[97m/home/cvazquezperezdelacru/clio-core/context-runtime/src/ipc_manager.cc:2485 INFO 2482229 IncreaseClientShm IpcManager::IncreaseClientShm: Created allocator clio_2482207_59 with ID (2482207.59)[0m
[97m/home/cvazquezperezdelacru/clio-core/context-runtime/src/ipc_manager.cc:2440 INFO 2482230 IncreaseClientShm IpcManager::IncreaseClientShm: Creating clio_2482207_60 with size 131103512 (97549080 + 33554432 overhead)[0m
[97m/home/cvazquezperezdelacru/clio-core/context-runtime/src/ipc_manager.cc:2485 INFO 2482230 IncreaseClientShm IpcManager::IncreaseClientShm: Created allocator clio_2482207_60 with ID (2482207.60)[0m
[97m/home/cvazquezperezdelacru/clio-core/context-runtime/src/ipc_manager.cc:2440 INFO 2482229 IncreaseClientShm IpcManager::IncreaseClientShm: Creating clio_2482207_61 with size 124052312 (90497880 + 33554432 overhead)[0m
[97m/home/cvazquezperezdelacru/clio-core/context-runtime/src/ipc_manager.cc:2485 INFO 2482229 IncreaseClientShm IpcManager::IncreaseClientShm: Created allocator clio_2482207_61 with ID (2482207.61)[0m
[97m/home/cvazquezperezdelacru/clio-core/context-runtime/src/ipc_manager.cc:2440 INFO 2482229 IncreaseClientShm IpcManager::IncreaseClientShm: Creating clio_2482207_62 with size 130895512 (97341080 + 33554432 overhead)[0m
[97m/home/cvazquezperezdelacru/clio-core/context-runtime/src/ipc_manager.cc:2485 INFO 2482229 IncreaseClientShm IpcManager::IncreaseClientShm: Created allocator clio_2482207_62 with ID (2482207.62)[0m
[97m/home/cvazquezperezdelacru/clio-core/context-runtime/src/ipc_manager.cc:2440 INFO 2482229 IncreaseClientShm IpcManager::IncreaseClientShm: Creating clio_2482207_63 with size 128261712 (94707280 + 33554432 overhead)[0m
[97m/home/cvazquezperezdelacru/clio-core/context-runtime/src/ipc_manager.cc:2485 INFO 2482229 IncreaseClientShm IpcManager::IncreaseClientShm: Created allocator clio_2482207_63 with ID (2482207.63)[0m
[97m/home/cvazquezperezdelacru/clio-core/context-runtime/src/ipc_manager.cc:2440 INFO 2482229 IncreaseClientShm IpcManager::IncreaseClientShm: Creating clio_2482207_64 with size 130895512 (97341080 + 33554432 overhead)[0m
[97m/home/cvazquezperezdelacru/clio-core/context-runtime/src/ipc_manager.cc:2485 INFO 2482229 IncreaseClientShm IpcManager::IncreaseClientShm: Created allocator clio_2482207_64 with ID (2482207.64)[0m
[97m/home/cvazquezperezdelacru/clio-core/context-runtime/src/ipc_manager.cc:2440 INFO 2482229 IncreaseClientShm IpcManager::IncreaseClientShm: Creating clio_2482207_65 with size 130895512 (97341080 + 33554432 overhead)[0m
[97m/home/cvazquezperezdelacru/clio-core/context-runtime/src/ipc_manager.cc:2485 INFO 2482229 IncreaseClientShm IpcManager::IncreaseClientShm: Created allocator clio_2482207_65 with ID (2482207.65)[0m
[97m/home/cvazquezperezdelacru/clio-core/context-runtime/src/ipc_manager.cc:2440 INFO 2482230 IncreaseClientShm IpcManager::IncreaseClientShm: Creating clio_2482207_66 with size 130895512 (97341080 + 33554432 overhead)[0m
[97m/home/cvazquezperezdelacru/clio-core/context-runtime/src/ipc_manager.cc:2485 INFO 2482230 IncreaseClientShm IpcManager::IncreaseClientShm: Created allocator clio_2482207_66 with ID (2482207.66)[0m
[97m/home/cvazquezperezdelacru/clio-core/context-runtime/src/ipc_manager.cc:2440 INFO 2482230 IncreaseClientShm IpcManager::IncreaseClientShm: Creating clio_2482207_67 with size 130895512 (97341080 + 33554432 overhead)[0m
[97m/home/cvazquezperezdelacru/clio-core/context-runtime/src/ipc_manager.cc:2485 INFO 2482230 IncreaseClientShm IpcManager::IncreaseClientShm: Created allocator clio_2482207_67 with ID (2482207.67)[0m
[97m/home/cvazquezperezdelacru/clio-core/context-runtime/src/ipc_manager.cc:2440 INFO 2482229 IncreaseClientShm IpcManager::IncreaseClientShm: Creating clio_2482207_68 with size 125789112 (92234680 + 33554432 overhead)[0m
[97m/home/cvazquezperezdelacru/clio-core/context-runtime/src/ipc_manager.cc:2485 INFO 2482229 IncreaseClientShm IpcManager::IncreaseClientShm: Created allocator clio_2482207_68 with ID (2482207.68)[0m
[33m/home/cvazquezperezdelacru/clio-core/context-runtime/src/scheduler/default_sched.cc:430 WARNING 2482236 LoadBalance [#781 PDF] observed exec-time bins (cumulative): <10us=599964 <50us=24615 <500us=8983 <10ms=11264 <50ms=3 <500ms=7 <1s=0 >=1s=3 | stalls_detected=0[0m
[33m/home/cvazquezperezdelacru/clio-core/context-runtime/src/scheduler/default_sched.cc:439 WARNING 2482236 LoadBalance [#785] lane rescues performed: 0[0m
[31m/home/cvazquezperezdelacru/clio-core/context-runtime/src/scheduler/default_sched.cc:726 ERROR 2482236 LoadBalance [HANGWATCH-HB] processed=43656 outstanding=506 (queued=506 blocked=0 retry=0 periodic=7) live=2 live_stalled=0[0m
[97m/home/cvazquezperezdelacru/clio-core/context-runtime/src/ipc_manager.cc:2440 INFO 2482230 IncreaseClientShm IpcManager::IncreaseClientShm: Creating clio_2482207_69 with size 124465712 (90911280 + 33554432 overhead)[0m
[97m/home/cvazquezperezdelacru/clio-core/context-runtime/src/ipc_manager.cc:2485 INFO 2482230 IncreaseClientShm IpcManager::IncreaseClientShm: Created allocator clio_2482207_69 with ID (2482207.69)[0m
[97m/home/cvazquezperezdelacru/clio-core/context-runtime/src/ipc_manager.cc:2440 INFO 2482229 IncreaseClientShm IpcManager::IncreaseClientShm: Creating clio_2482207_70 with size 124542416 (90987984 + 33554432 overhead)[0m
[97m/home/cvazquezperezdelacru/clio-core/context-runtime/src/ipc_manager.cc:2485 INFO 2482229 IncreaseClientShm IpcManager::IncreaseClientShm: Created allocator clio_2482207_70 with ID (2482207.70)[0m
[97m/home/cvazquezperezdelacru/clio-core/context-runtime/src/ipc_manager.cc:2440 INFO 2482229 IncreaseClientShm IpcManager::IncreaseClientShm: Creating clio_2482207_71 with size 124542416 (90987984 + 33554432 overhead)[0m
[97m/home/cvazquezperezdelacru/clio-core/context-runtime/src/ipc_manager.cc:2485 INFO 2482229 IncreaseClientShm IpcManager::IncreaseClientShm: Created allocator clio_2482207_71 with ID (2482207.71)[0m
[97m/home/cvazquezperezdelacru/clio-core/context-runtime/src/ipc_manager.cc:2440 INFO 2482229 IncreaseClientShm IpcManager::IncreaseClientShm: Creating clio_2482207_72 with size 126062112 (92507680 + 33554432 overhead)[0m
[97m/home/cvazquezperezdelacru/clio-core/context-runtime/src/ipc_manager.cc:2485 INFO 2482229 IncreaseClientShm IpcManager::IncreaseClientShm: Created allocator clio_2482207_72 with ID (2482207.72)[0m
[97m/home/cvazquezperezdelacru/clio-core/context-runtime/src/ipc_manager.cc:2440 INFO 2482229 IncreaseClientShm IpcManager::IncreaseClientShm: Creating clio_2482207_73 with size 122921312 (89366880 + 33554432 overhead)[0m
[97m/home/cvazquezperezdelacru/clio-core/context-runtime/src/ipc_manager.cc:2485 INFO 2482229 IncreaseClientShm IpcManager::IncreaseClientShm: Created allocator clio_2482207_73 with ID (2482207.73)[0m
[97m/home/cvazquezperezdelacru/clio-core/context-runtime/src/ipc_manager.cc:2440 INFO 2482229 IncreaseClientShm IpcManager::IncreaseClientShm: Creating clio_2482207_74 with size 123280112 (89725680 + 33554432 overhead)[0m
[97m/home/cvazquezperezdelacru/clio-core/context-runtime/src/ipc_manager.cc:2485 INFO 2482229 IncreaseClientShm IpcManager::IncreaseClientShm: Created allocator clio_2482207_74 with ID (2482207.74)[0m
[97m/home/cvazquezperezdelacru/clio-core/context-runtime/src/ipc_manager.cc:2440 INFO 2482229 IncreaseClientShm IpcManager::IncreaseClientShm: Creating clio_2482207_75 with size 123945712 (90391280 + 33554432 overhead)[0m
[97m/home/cvazquezperezdelacru/clio-core/context-runtime/src/ipc_manager.cc:2485 INFO 2482229 IncreaseClientShm IpcManager::IncreaseClientShm: Created allocator clio_2482207_75 with ID (2482207.75)[0m
[97m/home/cvazquezperezdelacru/clio-core/context-runtime/src/ipc_manager.cc:2440 INFO 2482229 IncreaseClientShm IpcManager::IncreaseClientShm: Creating clio_2482207_76 with size 126489808 (92935376 + 33554432 overhead)[0m
[97m/home/cvazquezperezdelacru/clio-core/context-runtime/src/ipc_manager.cc:2485 INFO 2482229 IncreaseClientShm IpcManager::IncreaseClientShm: Created allocator clio_2482207_76 with ID (2482207.76)[0m
[97m/home/cvazquezperezdelacru/clio-core/context-runtime/src/ipc_manager.cc:2440 INFO 2482230 IncreaseClientShm IpcManager::IncreaseClientShm: Creating clio_2482207_77 with size 124542416 (90987984 + 33554432 overhead)[0m
[97m/home/cvazquezperezdelacru/clio-core/context-runtime/src/ipc_manager.cc:2485 INFO 2482230 IncreaseClientShm IpcManager::IncreaseClientShm: Created allocator clio_2482207_77 with ID (2482207.77)[0m
[97m/home/cvazquezperezdelacru/clio-core/context-runtime/src/ipc_manager.cc:2440 INFO 2482229 IncreaseClientShm IpcManager::IncreaseClientShm: Creating clio_2482207_78 with size 124886912 (91332480 + 33554432 overhead)[0m
[97m/home/cvazquezperezdelacru/clio-core/context-runtime/src/ipc_manager.cc:2485 INFO 2482229 IncreaseClientShm IpcManager::IncreaseClientShm: Created allocator clio_2482207_78 with ID (2482207.78)[0m
[97m/home/cvazquezperezdelacru/clio-core/context-runtime/src/ipc_manager.cc:2440 INFO 2482229 IncreaseClientShm IpcManager::IncreaseClientShm: Creating clio_2482207_79 with size 124251216 (90696784 + 33554432 overhead)[0m
[97m/home/cvazquezperezdelacru/clio-core/context-runtime/src/ipc_manager.cc:2485 INFO 2482229 IncreaseClientShm IpcManager::IncreaseClientShm: Created allocator clio_2482207_79 with ID (2482207.79)[0m
[97m/home/cvazquezperezdelacru/clio-core/context-runtime/src/ipc_manager.cc:2440 INFO 2482229 IncreaseClientShm IpcManager::IncreaseClientShm: Creating clio_2482207_80 with size 126489808 (92935376 + 33554432 overhead)[0m
[97m/home/cvazquezperezdelacru/clio-core/context-runtime/src/ipc_manager.cc:2485 INFO 2482229 IncreaseClientShm IpcManager::IncreaseClientShm: Created allocator clio_2482207_80 with ID (2482207.80)[0m
[97m/home/cvazquezperezdelacru/clio-core/context-runtime/src/ipc_manager.cc:2440 INFO 2482229 IncreaseClientShm IpcManager::IncreaseClientShm: Creating clio_2482207_81 with size 125756608 (92202176 + 33554432 overhead)[0m
[97m/home/cvazquezperezdelacru/clio-core/context-runtime/src/ipc_manager.cc:2485 INFO 2482229 IncreaseClientShm IpcManager::IncreaseClientShm: Created allocator clio_2482207_81 with ID (2482207.81)[0m
[97m/home/cvazquezperezdelacru/clio-core/context-runtime/src/ipc_manager.cc:2440 INFO 2482229 IncreaseClientShm IpcManager::IncreaseClientShm: Creating clio_2482207_82 with size 125738416 (92183984 + 33554432 overhead)[0m
[97m/home/cvazquezperezdelacru/clio-core/context-runtime/src/ipc_manager.cc:2485 INFO 2482229 IncreaseClientShm IpcManager::IncreaseClientShm: Created allocator clio_2482207_82 with ID (2482207.82)[0m
[97m/home/cvazquezperezdelacru/clio-core/context-runtime/src/ipc_manager.cc:2440 INFO 2482229 IncreaseClientShm IpcManager::IncreaseClientShm: Creating clio_2482207_83 with size 125738416 (92183984 + 33554432 overhead)[0m
[97m/home/cvazquezperezdelacru/clio-core/context-runtime/src/ipc_manager.cc:2485 INFO 2482229 IncreaseClientShm IpcManager::IncreaseClientShm: Created allocator clio_2482207_83 with ID (2482207.83)[0m
[31m/home/cvazquezperezdelacru/clio-core/context-runtime/src/scheduler/default_sched.cc:726 ERROR 2482236 LoadBalance [HANGWATCH-HB] processed=50738 outstanding=508 (queued=508 blocked=0 retry=0 periodic=7) live=1 live_stalled=0[0m
[97m/home/cvazquezperezdelacru/clio-core/context-runtime/src/ipc_manager.cc:2440 INFO 2482229 IncreaseClientShm IpcManager::IncreaseClientShm: Creating clio_2482207_84 with size 124886912 (91332480 + 33554432 overhead)[0m
[97m/home/cvazquezperezdelacru/clio-core/context-runtime/src/ipc_manager.cc:2485 INFO 2482229 IncreaseClientShm IpcManager::IncreaseClientShm: Created allocator clio_2482207_84 with ID (2482207.84)[0m
[97m/home/cvazquezperezdelacru/clio-core/context-runtime/src/ipc_manager.cc:2440 INFO 2482229 IncreaseClientShm IpcManager::IncreaseClientShm: Creating clio_2482207_85 with size 123753312 (90198880 + 33554432 overhead)[0m
[97m/home/cvazquezperezdelacru/clio-core/context-runtime/src/ipc_manager.cc:2485 INFO 2482229 IncreaseClientShm IpcManager::IncreaseClientShm: Created allocator clio_2482207_85 with ID (2482207.85)[0m
[97m/home/cvazquezperezdelacru/clio-core/context-runtime/src/ipc_manager.cc:2440 INFO 2482229 IncreaseClientShm IpcManager::IncreaseClientShm: Creating clio_2482207_86 with size 129651408 (96096976 + 33554432 overhead)[0m
[97m/home/cvazquezperezdelacru/clio-core/context-runtime/src/ipc_manager.cc:2485 INFO 2482229 IncreaseClientShm IpcManager::IncreaseClientShm: Created allocator clio_2482207_86 with ID (2482207.86)[0m
[97m/home/cvazquezperezdelacru/clio-core/context-runtime/src/ipc_manager.cc:2440 INFO 2482229 IncreaseClientShm IpcManager::IncreaseClientShm: Creating clio_2482207_87 with size 129651408 (96096976 + 33554432 overhead)[0m
[97m/home/cvazquezperezdelacru/clio-core/context-runtime/src/ipc_manager.cc:2485 INFO 2482229 IncreaseClientShm IpcManager::IncreaseClientShm: Created allocator clio_2482207_87 with ID (2482207.87)[0m
[97m/home/cvazquezperezdelacru/clio-core/context-runtime/src/ipc_manager.cc:2440 INFO 2482229 IncreaseClientShm IpcManager::IncreaseClientShm: Creating clio_2482207_88 with size 128027712 (94473280 + 33554432 overhead)[0m
[97m/home/cvazquezperezdelacru/clio-core/context-runtime/src/ipc_manager.cc:2485 INFO 2482229 IncreaseClientShm IpcManager::IncreaseClientShm: Created allocator clio_2482207_88 with ID (2482207.88)[0m
[97m/home/cvazquezperezdelacru/clio-core/context-runtime/src/ipc_manager.cc:2440 INFO 2482229 IncreaseClientShm IpcManager::IncreaseClientShm: Creating clio_2482207_89 with size 127550608 (93996176 + 33554432 overhead)[0m
[97m/home/cvazquezperezdelacru/clio-core/context-runtime/src/ipc_manager.cc:2485 INFO 2482229 IncreaseClientShm IpcManager::IncreaseClientShm: Created allocator clio_2482207_89 with ID (2482207.89)[0m
[97m/home/cvazquezperezdelacru/clio-core/context-runtime/src/ipc_manager.cc:2440 INFO 2482229 IncreaseClientShm IpcManager::IncreaseClientShm: Creating clio_2482207_90 with size 128027712 (94473280 + 33554432 overhead)[0m
[97m/home/cvazquezperezdelacru/clio-core/context-runtime/src/ipc_manager.cc:2485 INFO 2482229 IncreaseClientShm IpcManager::IncreaseClientShm: Created allocator clio_2482207_90 with ID (2482207.90)[0m
[97m/home/cvazquezperezdelacru/clio-core/context-runtime/src/ipc_manager.cc:2440 INFO 2482230 IncreaseClientShm IpcManager::IncreaseClientShm: Creating clio_2482207_91 with size 127142416 (93587984 + 33554432 overhead)[0m
[97m/home/cvazquezperezdelacru/clio-core/context-runtime/src/ipc_manager.cc:2485 INFO 2482230 IncreaseClientShm IpcManager::IncreaseClientShm: Created allocator clio_2482207_91 with ID (2482207.91)[0m
[97m/home/cvazquezperezdelacru/clio-core/context-runtime/src/ipc_manager.cc:2440 INFO 2482230 IncreaseClientShm IpcManager::IncreaseClientShm: Creating clio_2482207_92 with size 125756608 (92202176 + 33554432 overhead)[0m
[97m/home/cvazquezperezdelacru/clio-core/context-runtime/src/ipc_manager.cc:2485 INFO 2482230 IncreaseClientShm IpcManager::IncreaseClientShm: Created allocator clio_2482207_92 with ID (2482207.92)[0m
[97m/home/cvazquezperezdelacru/clio-core/context-runtime/src/ipc_manager.cc:2440 INFO 2482229 IncreaseClientShm IpcManager::IncreaseClientShm: Creating clio_2482207_93 with size 127731312 (94176880 + 33554432 overhead)[0m
[97m/home/cvazquezperezdelacru/clio-core/context-runtime/src/ipc_manager.cc:2485 INFO 2482229 IncreaseClientShm IpcManager::IncreaseClientShm: Created allocator clio_2482207_93 with ID (2482207.93)[0m
[97m/home/cvazquezperezdelacru/clio-core/context-runtime/src/ipc_manager.cc:2440 INFO 2482229 IncreaseClientShm IpcManager::IncreaseClientShm: Creating clio_2482207_94 with size 126432608 (92878176 + 33554432 overhead)[0m
[97m/home/cvazquezperezdelacru/clio-core/context-runtime/src/ipc_manager.cc:2485 INFO 2482229 IncreaseClientShm IpcManager::IncreaseClientShm: Created allocator clio_2482207_94 with ID (2482207.94)[0m
[97m/home/cvazquezperezdelacru/clio-core/context-runtime/src/ipc_manager.cc:2440 INFO 2482229 IncreaseClientShm IpcManager::IncreaseClientShm: Creating clio_2482207_95 with size 126133616 (92579184 + 33554432 overhead)[0m
[97m/home/cvazquezperezdelacru/clio-core/context-runtime/src/ipc_manager.cc:2485 INFO 2482229 IncreaseClientShm IpcManager::IncreaseClientShm: Created allocator clio_2482207_95 with ID (2482207.95)[0m
[97m/home/cvazquezperezdelacru/clio-core/context-runtime/src/ipc_manager.cc:2440 INFO 2482229 IncreaseClientShm IpcManager::IncreaseClientShm: Creating clio_2482207_96 with size 127555808 (94001376 + 33554432 overhead)[0m
[97m/home/cvazquezperezdelacru/clio-core/context-runtime/src/ipc_manager.cc:2485 INFO 2482229 IncreaseClientShm IpcManager::IncreaseClientShm: Created allocator clio_2482207_96 with ID (2482207.96)[0m
[97m/home/cvazquezperezdelacru/clio-core/context-runtime/src/ipc_manager.cc:2440 INFO 2482229 IncreaseClientShm IpcManager::IncreaseClientShm: Creating clio_2482207_97 with size 129370608 (95816176 + 33554432 overhead)[0m
[97m/home/cvazquezperezdelacru/clio-core/context-runtime/src/ipc_manager.cc:2485 INFO 2482229 IncreaseClientShm IpcManager::IncreaseClientShm: Created allocator clio_2482207_97 with ID (2482207.97)[0m
[31m/home/cvazquezperezdelacru/clio-core/context-runtime/src/scheduler/default_sched.cc:726 ERROR 2482236 LoadBalance [HANGWATCH-HB] processed=56667 outstanding=499 (queued=499 blocked=0 retry=0 periodic=7) live=1 live_stalled=0[0m
[97m/home/cvazquezperezdelacru/clio-core/context-runtime/src/ipc_manager.cc:2440 INFO 2482230 IncreaseClientShm IpcManager::IncreaseClientShm: Creating clio_2482207_98 with size 129651408 (96096976 + 33554432 overhead)[0m
[97m/home/cvazquezperezdelacru/clio-core/context-runtime/src/ipc_manager.cc:2485 INFO 2482230 IncreaseClientShm IpcManager::IncreaseClientShm: Created allocator clio_2482207_98 with ID (2482207.98)[0m
[97m/home/cvazquezperezdelacru/clio-core/context-runtime/src/ipc_manager.cc:2440 INFO 2482229 IncreaseClientShm IpcManager::IncreaseClientShm: Creating clio_2482207_99 with size 129370608 (95816176 + 33554432 overhead)[0m
[97m/home/cvazquezperezdelacru/clio-core/context-runtime/src/ipc_manager.cc:2485 INFO 2482229 IncreaseClientShm IpcManager::IncreaseClientShm: Created allocator clio_2482207_99 with ID (2482207.99)[0m
[97m/home/cvazquezperezdelacru/clio-core/context-runtime/src/ipc_manager.cc:2440 INFO 2482229 IncreaseClientShm IpcManager::IncreaseClientShm: Creating clio_2482207_100 with size 129370608 (95816176 + 33554432 overhead)[0m
[97m/home/cvazquezperezdelacru/clio-core/context-runtime/src/ipc_manager.cc:2485 INFO 2482229 IncreaseClientShm IpcManager::IncreaseClientShm: Created allocator clio_2482207_100 with ID (2482207.100)[0m
[97m/home/cvazquezperezdelacru/clio-core/context-runtime/src/ipc_manager.cc:2440 INFO 2482229 IncreaseClientShm IpcManager::IncreaseClientShm: Creating clio_2482207_101 with size 132242312 (98687880 + 33554432 overhead)[0m
[97m/home/cvazquezperezdelacru/clio-core/context-runtime/src/ipc_manager.cc:2485 INFO 2482229 IncreaseClientShm IpcManager::IncreaseClientShm: Created allocator clio_2482207_101 with ID (2482207.101)[0m
[97m/home/cvazquezperezdelacru/clio-core/context-runtime/src/ipc_manager.cc:2440 INFO 2482229 IncreaseClientShm IpcManager::IncreaseClientShm: Creating clio_2482207_102 with size 132242312 (98687880 + 33554432 overhead)[0m
[97m/home/cvazquezperezdelacru/clio-core/context-runtime/src/ipc_manager.cc:2485 INFO 2482229 IncreaseClientShm IpcManager::IncreaseClientShm: Created allocator clio_2482207_102 with ID (2482207.102)[0m
[33m/home/cvazquezperezdelacru/clio-core/context-runtime/src/scheduler/default_sched.cc:430 WARNING 2482236 LoadBalance [#781 PDF] observed exec-time bins (cumulative): <10us=679821 <50us=31418 <500us=13364 <10ms=15135 <50ms=3 <500ms=7 <1s=0 >=1s=3 | stalls_detected=0[0m
[33m/home/cvazquezperezdelacru/clio-core/context-runtime/src/scheduler/default_sched.cc:439 WARNING 2482236 LoadBalance [#785] lane rescues performed: 0[0m
[97m/home/cvazquezperezdelacru/clio-core/context-runtime/src/ipc_manager.cc:2440 INFO 2482230 IncreaseClientShm IpcManager::IncreaseClientShm: Creating clio_2482207_103 with size 127550608 (93996176 + 33554432 overhead)[0m
[97m/home/cvazquezperezdelacru/clio-core/context-runtime/src/ipc_manager.cc:2485 INFO 2482230 IncreaseClientShm IpcManager::IncreaseClientShm: Created allocator clio_2482207_103 with ID (2482207.103)[0m
[97m/home/cvazquezperezdelacru/clio-core/context-runtime/src/ipc_manager.cc:2440 INFO 2482229 IncreaseClientShm IpcManager::IncreaseClientShm: Creating clio_2482207_104 with size 126227216 (92672784 + 33554432 overhead)[0m
[97m/home/cvazquezperezdelacru/clio-core/context-runtime/src/ipc_manager.cc:2485 INFO 2482229 IncreaseClientShm IpcManager::IncreaseClientShm: Created allocator clio_2482207_104 with ID (2482207.104)[0m
[97m/home/cvazquezperezdelacru/clio-core/context-runtime/src/ipc_manager.cc:2440 INFO 2482229 IncreaseClientShm IpcManager::IncreaseClientShm: Creating clio_2482207_105 with size 128298112 (94743680 + 33554432 overhead)[0m
[97m/home/cvazquezperezdelacru/clio-core/context-runtime/src/ipc_manager.cc:2485 INFO 2482229 IncreaseClientShm IpcManager::IncreaseClientShm: Created allocator clio_2482207_105 with ID (2482207.105)[0m
[97m/home/cvazquezperezdelacru/clio-core/context-runtime/src/ipc_manager.cc:2440 INFO 2482229 IncreaseClientShm IpcManager::IncreaseClientShm: Creating clio_2482207_106 with size 127186608 (93632176 + 33554432 overhead)[0m
[97m/home/cvazquezperezdelacru/clio-core/context-runtime/src/ipc_manager.cc:2485 INFO 2482229 IncreaseClientShm IpcManager::IncreaseClientShm: Created allocator clio_2482207_106 with ID (2482207.106)[0m
[97m/home/cvazquezperezdelacru/clio-core/context-runtime/src/ipc_manager.cc:2440 INFO 2482230 IncreaseClientShm IpcManager::IncreaseClientShm: Creating clio_2482207_107 with size 127731312 (94176880 + 33554432 overhead)[0m
[97m/home/cvazquezperezdelacru/clio-core/context-runtime/src/ipc_manager.cc:2485 INFO 2482230 IncreaseClientShm IpcManager::IncreaseClientShm: Created allocator clio_2482207_107 with ID (2482207.107)[0m
[97m/home/cvazquezperezdelacru/clio-core/context-runtime/src/ipc_manager.cc:2440 INFO 2482229 IncreaseClientShm IpcManager::IncreaseClientShm: Creating clio_2482207_108 with size 132545216 (98990784 + 33554432 overhead)[0m
[97m/home/cvazquezperezdelacru/clio-core/context-runtime/src/ipc_manager.cc:2485 INFO 2482229 IncreaseClientShm IpcManager::IncreaseClientShm: Created allocator clio_2482207_108 with ID (2482207.108)[0m
[31m/home/cvazquezperezdelacru/clio-core/context-runtime/src/scheduler/default_sched.cc:726 ERROR 2482236 LoadBalance [HANGWATCH-HB] processed=63576 outstanding=498 (queued=498 blocked=0 retry=0 periodic=6) live=2 live_stalled=0[0m
[97m/home/cvazquezperezdelacru/clio-core/context-runtime/src/ipc_manager.cc:2440 INFO 2482229 IncreaseClientShm IpcManager::IncreaseClientShm: Creating clio_2482207_109 with size 126385808 (92831376 + 33554432 overhead)[0m
[97m/home/cvazquezperezdelacru/clio-core/context-runtime/src/ipc_manager.cc:2485 INFO 2482229 IncreaseClientShm IpcManager::IncreaseClientShm: Created allocator clio_2482207_109 with ID (2482207.109)[0m
[97m/home/cvazquezperezdelacru/clio-core/context-runtime/src/ipc_manager.cc:2440 INFO 2482229 IncreaseClientShm IpcManager::IncreaseClientShm: Creating clio_2482207_110 with size 129096312 (95541880 + 33554432 overhead)[0m
[97m/home/cvazquezperezdelacru/clio-core/context-runtime/src/ipc_manager.cc:2485 INFO 2482229 IncreaseClientShm IpcManager::IncreaseClientShm: Created allocator clio_2482207_110 with ID (2482207.110)[0m
[97m/home/cvazquezperezdelacru/clio-core/context-runtime/src/ipc_manager.cc:2440 INFO 2482230 IncreaseClientShm IpcManager::IncreaseClientShm: Creating clio_2482207_111 with size 129370608 (95816176 + 33554432 overhead)[0m
[97m/home/cvazquezperezdelacru/clio-core/context-runtime/src/ipc_manager.cc:2485 INFO 2482230 IncreaseClientShm IpcManager::IncreaseClientShm: Created allocator clio_2482207_111 with ID (2482207.111)[0m
[97m/home/cvazquezperezdelacru/clio-core/context-runtime/src/ipc_manager.cc:2440 INFO 2482230 IncreaseClientShm IpcManager::IncreaseClientShm: Creating clio_2482207_112 with size 127518112 (93963680 + 33554432 overhead)[0m
[97m/home/cvazquezperezdelacru/clio-core/context-runtime/src/ipc_manager.cc:2485 INFO 2482230 IncreaseClientShm IpcManager::IncreaseClientShm: Created allocator clio_2482207_112 with ID (2482207.112)[0m
[97m/home/cvazquezperezdelacru/clio-core/context-runtime/src/ipc_manager.cc:2440 INFO 2482229 IncreaseClientShm IpcManager::IncreaseClientShm: Creating clio_2482207_113 with size 129096312 (95541880 + 33554432 overhead)[0m
[97m/home/cvazquezperezdelacru/clio-core/context-runtime/src/ipc_manager.cc:2485 INFO 2482229 IncreaseClientShm IpcManager::IncreaseClientShm: Created allocator clio_2482207_113 with ID (2482207.113)[0m
[97m/home/cvazquezperezdelacru/clio-core/context-runtime/src/ipc_manager.cc:2440 INFO 2482229 IncreaseClientShm IpcManager::IncreaseClientShm: Creating clio_2482207_114 with size 132545216 (98990784 + 33554432 overhead)[0m
[97m/home/cvazquezperezdelacru/clio-core/context-runtime/src/ipc_manager.cc:2485 INFO 2482229 IncreaseClientShm IpcManager::IncreaseClientShm: Created allocator clio_2482207_114 with ID (2482207.114)[0m
[97m/home/cvazquezperezdelacru/clio-core/context-runtime/src/ipc_manager.cc:2440 INFO 2482229 IncreaseClientShm IpcManager::IncreaseClientShm: Creating clio_2482207_115 with size 126385808 (92831376 + 33554432 overhead)[0m
[97m/home/cvazquezperezdelacru/clio-core/context-runtime/src/ipc_manager.cc:2485 INFO 2482229 IncreaseClientShm IpcManager::IncreaseClientShm: Created allocator clio_2482207_115 with ID (2482207.115)[0m
[97m/home/cvazquezperezdelacru/clio-core/context-runtime/src/ipc_manager.cc:2440 INFO 2482230 IncreaseClientShm IpcManager::IncreaseClientShm: Creating clio_2482207_116 with size 124577512 (91023080 + 33554432 overhead)[0m
[97m/home/cvazquezperezdelacru/clio-core/context-runtime/src/ipc_manager.cc:2485 INFO 2482230 IncreaseClientShm IpcManager::IncreaseClientShm: Created allocator clio_2482207_116 with ID (2482207.116)[0m
[97m/home/cvazquezperezdelacru/clio-core/context-runtime/src/ipc_manager.cc:2440 INFO 2482230 IncreaseClientShm IpcManager::IncreaseClientShm: Creating clio_2482207_117 with size 132242312 (98687880 + 33554432 overhead)[0m
[97m/home/cvazquezperezdelacru/clio-core/context-runtime/src/ipc_manager.cc:2485 INFO 2482230 IncreaseClientShm IpcManager::IncreaseClientShm: Created allocator clio_2482207_117 with ID (2482207.117)[0m
[97m/home/cvazquezperezdelacru/clio-core/context-runtime/src/ipc_manager.cc:2440 INFO 2482229 IncreaseClientShm IpcManager::IncreaseClientShm: Creating clio_2482207_118 with size 126784912 (93230480 + 33554432 overhead)[0m
[97m/home/cvazquezperezdelacru/clio-core/context-runtime/src/ipc_manager.cc:2485 INFO 2482229 IncreaseClientShm IpcManager::IncreaseClientShm: Created allocator clio_2482207_118 with ID (2482207.118)[0m
[31m/home/cvazquezperezdelacru/clio-core/context-runtime/src/scheduler/default_sched.cc:726 ERROR 2482236 LoadBalance [HANGWATCH-HB] processed=70002 outstanding=484 (queued=484 blocked=0 retry=0 periodic=6) live=1 live_stalled=0[0m
[97m/home/cvazquezperezdelacru/clio-core/context-runtime/src/ipc_manager.cc:2440 INFO 2482229 IncreaseClientShm IpcManager::IncreaseClientShm: Creating clio_2482207_119 with size 126784912 (93230480 + 33554432 overhead)[0m
[97m/home/cvazquezperezdelacru/clio-core/context-runtime/src/ipc_manager.cc:2485 INFO 2482229 IncreaseClientShm IpcManager::IncreaseClientShm: Created allocator clio_2482207_119 with ID (2482207.119)[0m
[97m/home/cvazquezperezdelacru/clio-core/context-runtime/src/ipc_manager.cc:2440 INFO 2482229 IncreaseClientShm IpcManager::IncreaseClientShm: Creating clio_2482207_120 with size 127291912 (93737480 + 33554432 overhead)[0m
[97m/home/cvazquezperezdelacru/clio-core/context-runtime/src/ipc_manager.cc:2485 INFO 2482229 IncreaseClientShm IpcManager::IncreaseClientShm: Created allocator clio_2482207_120 with ID (2482207.120)[0m
[97m/home/cvazquezperezdelacru/clio-core/context-runtime/src/ipc_manager.cc:2440 INFO 2482229 IncreaseClientShm IpcManager::IncreaseClientShm: Creating clio_2482207_121 with size 126621112 (93066680 + 33554432 overhead)[0m
[97m/home/cvazquezperezdelacru/clio-core/context-runtime/src/ipc_manager.cc:2485 INFO 2482229 IncreaseClientShm IpcManager::IncreaseClientShm: Created allocator clio_2482207_121 with ID (2482207.121)[0m
[97m/home/cvazquezperezdelacru/clio-core/context-runtime/src/ipc_manager.cc:2440 INFO 2482229 IncreaseClientShm IpcManager::IncreaseClientShm: Creating clio_2482207_122 with size 126121912 (92567480 + 33554432 overhead)[0m
[97m/home/cvazquezperezdelacru/clio-core/context-runtime/src/ipc_manager.cc:2485 INFO 2482229 IncreaseClientShm IpcManager::IncreaseClientShm: Created allocator clio_2482207_122 with ID (2482207.122)[0m
[97m/home/cvazquezperezdelacru/clio-core/context-runtime/src/ipc_manager.cc:2440 INFO 2482229 IncreaseClientShm IpcManager::IncreaseClientShm: Creating clio_2482207_123 with size 127291912 (93737480 + 33554432 overhead)[0m
[97m/home/cvazquezperezdelacru/clio-core/context-runtime/src/ipc_manager.cc:2485 INFO 2482229 IncreaseClientShm IpcManager::IncreaseClientShm: Created allocator clio_2482207_123 with ID (2482207.123)[0m
[97m/home/cvazquezperezdelacru/clio-core/context-runtime/src/ipc_manager.cc:2440 INFO 2482230 IncreaseClientShm IpcManager::IncreaseClientShm: Creating clio_2482207_124 with size 125397808 (91843376 + 33554432 overhead)[0m
[97m/home/cvazquezperezdelacru/clio-core/context-runtime/src/ipc_manager.cc:2485 INFO 2482230 IncreaseClientShm IpcManager::IncreaseClientShm: Created allocator clio_2482207_124 with ID (2482207.124)[0m
[97m/home/cvazquezperezdelacru/clio-core/context-runtime/src/ipc_manager.cc:2440 INFO 2482230 IncreaseClientShm IpcManager::IncreaseClientShm: Creating clio_2482207_125 with size 127186608 (93632176 + 33554432 overhead)[0m
[97m/home/cvazquezperezdelacru/clio-core/context-runtime/src/ipc_manager.cc:2485 INFO 2482230 IncreaseClientShm IpcManager::IncreaseClientShm: Created allocator clio_2482207_125 with ID (2482207.125)[0m
[97m/home/cvazquezperezdelacru/clio-core/context-runtime/src/ipc_manager.cc:2440 INFO 2482230 IncreaseClientShm IpcManager::IncreaseClientShm: Creating clio_2482207_126 with size 129096312 (95541880 + 33554432 overhead)[0m
[97m/home/cvazquezperezdelacru/clio-core/context-runtime/src/ipc_manager.cc:2485 INFO 2482230 IncreaseClientShm IpcManager::IncreaseClientShm: Created allocator clio_2482207_126 with ID (2482207.126)[0m
[97m/home/cvazquezperezdelacru/clio-core/context-runtime/src/ipc_manager.cc:2440 INFO 2482230 IncreaseClientShm IpcManager::IncreaseClientShm: Creating clio_2482207_127 with size 125089712 (91535280 + 33554432 overhead)[0m
[97m/home/cvazquezperezdelacru/clio-core/context-runtime/src/ipc_manager.cc:2485 INFO 2482230 IncreaseClientShm IpcManager::IncreaseClientShm: Created allocator clio_2482207_127 with ID (2482207.127)[0m
[97m/home/cvazquezperezdelacru/clio-core/context-runtime/src/ipc_manager.cc:2440 INFO 2482230 IncreaseClientShm IpcManager::IncreaseClientShm: Creating clio_2482207_128 with size 126621112 (93066680 + 33554432 overhead)[0m
[97m/home/cvazquezperezdelacru/clio-core/context-runtime/src/ipc_manager.cc:2485 INFO 2482230 IncreaseClientShm IpcManager::IncreaseClientShm: Created allocator clio_2482207_128 with ID (2482207.128)[0m
[33m/home/cvazquezperezdelacru/clio-core/context-runtime/src/scheduler/default_sched.cc:430 WARNING 2482236 LoadBalance [#781 PDF] observed exec-time bins (cumulative): <10us=760605 <50us=37474 <500us=18042 <10ms=18486 <50ms=3 <500ms=7 <1s=6 >=1s=3 | stalls_detected=0[0m
[33m/home/cvazquezperezdelacru/clio-core/context-runtime/src/scheduler/default_sched.cc:439 WARNING 2482236 LoadBalance [#785] lane rescues performed: 0[0m
[31m/home/cvazquezperezdelacru/clio-core/context-runtime/src/scheduler/default_sched.cc:726 ERROR 2482236 LoadBalance [HANGWATCH-HB] processed=76094 outstanding=117 (queued=117 blocked=0 retry=0 periodic=7) live=1 live_stalled=0[0m
[97m/mnt/common/cvazquezperezdelacru/IOWARP/faiss/contrib/iowarp/chimod/src/faiss_ivf_runtime.cc:300 INFO 2482229 Search faiss_ivf: Search nq=62 k=10 nprobe=64 unique_lists=2453[0m
[97m/mnt/common/cvazquezperezdelacru/IOWARP/faiss/contrib/iowarp/chimod/src/faiss_ivf_runtime.cc:300 INFO 2482232 Search faiss_ivf: Search nq=63 k=10 nprobe=64 unique_lists=2413[0m
[97m/mnt/common/cvazquezperezdelacru/IOWARP/faiss/contrib/iowarp/chimod/src/faiss_ivf_runtime.cc:300 INFO 2482231 Search faiss_ivf: Search nq=62 k=10 nprobe=64 unique_lists=2388[0m
[97m/home/cvazquezperezdelacru/clio-core/context-runtime/src/ipc_manager.cc:2440 INFO 2482229 IncreaseClientShm IpcManager::IncreaseClientShm: Creating clio_2482207_129 with size 129013112 (95458680 + 33554432 overhead)[0m
[97m/home/cvazquezperezdelacru/clio-core/context-runtime/src/ipc_manager.cc:2485 INFO 2482229 IncreaseClientShm IpcManager::IncreaseClientShm: Created allocator clio_2482207_129 with ID (2482207.129)[0m
[97m/mnt/common/cvazquezperezdelacru/IOWARP/faiss/contrib/iowarp/chimod/src/faiss_ivf_runtime.cc:300 INFO 2482229 Search faiss_ivf: Search nq=62 k=10 nprobe=64 unique_lists=2553[0m
[97m/home/cvazquezperezdelacru/clio-core/context-runtime/src/ipc_manager.cc:2440 INFO 2482231 IncreaseClientShm IpcManager::IncreaseClientShm: Creating clio_2482207_130 with size 127986112 (94431680 + 33554432 overhead)[0m
[97m/home/cvazquezperezdelacru/clio-core/context-runtime/src/ipc_manager.cc:2485 INFO 2482231 IncreaseClientShm IpcManager::IncreaseClientShm: Created allocator clio_2482207_130 with ID (2482207.130)[0m
[97m/mnt/common/cvazquezperezdelacru/IOWARP/faiss/contrib/iowarp/chimod/src/faiss_ivf_runtime.cc:300 INFO 2482230 Search faiss_ivf: Search nq=63 k=10 nprobe=64 unique_lists=2541[0m
[97m/mnt/common/cvazquezperezdelacru/IOWARP/faiss/contrib/iowarp/chimod/src/faiss_ivf_runtime.cc:300 INFO 2482231 Search faiss_ivf: Search nq=62 k=10 nprobe=64 unique_lists=2577[0m
[97m/mnt/common/cvazquezperezdelacru/IOWARP/faiss/contrib/iowarp/chimod/src/faiss_ivf_runtime.cc:300 INFO 2482232 Search faiss_ivf: Search nq=63 k=10 nprobe=64 unique_lists=2503[0m
[97m/mnt/common/cvazquezperezdelacru/IOWARP/faiss/contrib/iowarp/chimod/src/faiss_ivf_runtime.cc:300 INFO 2482230 Search faiss_ivf: Search nq=63 k=10 nprobe=64 unique_lists=2483[0m
[97m/home/cvazquezperezdelacru/clio-core/context-runtime/src/ipc_manager.cc:2440 INFO 2482229 IncreaseClientShm IpcManager::IncreaseClientShm: Creating clio_2482207_131 with size 131004712 (97450280 + 33554432 overhead)[0m
[97m/home/cvazquezperezdelacru/clio-core/context-runtime/src/ipc_manager.cc:2485 INFO 2482229 IncreaseClientShm IpcManager::IncreaseClientShm: Created allocator clio_2482207_131 with ID (2482207.131)[0m
[97m/home/cvazquezperezdelacru/clio-core/context-runtime/src/ipc_manager.cc:2440 INFO 2482231 IncreaseClientShm IpcManager::IncreaseClientShm: Creating clio_2482207_132 with size 131004712 (97450280 + 33554432 overhead)[0m
[97m/home/cvazquezperezdelacru/clio-core/context-runtime/src/ipc_manager.cc:2485 INFO 2482231 IncreaseClientShm IpcManager::IncreaseClientShm: Created allocator clio_2482207_132 with ID (2482207.132)[0m
[97m/home/cvazquezperezdelacru/clio-core/context-runtime/src/ipc_manager.cc:2440 INFO 2482232 IncreaseClientShm IpcManager::IncreaseClientShm: Creating clio_2482207_133 with size 131004712 (97450280 + 33554432 overhead)[0m
[97m/home/cvazquezperezdelacru/clio-core/context-runtime/src/ipc_manager.cc:2485 INFO 2482232 IncreaseClientShm IpcManager::IncreaseClientShm: Created allocator clio_2482207_133 with ID (2482207.133)[0m
[97m/home/cvazquezperezdelacru/clio-core/context-runtime/src/ipc_manager.cc:2440 INFO 2482231 IncreaseClientShm IpcManager::IncreaseClientShm: Creating clio_2482207_134 with size 131215312 (97660880 + 33554432 overhead)[0m
[97m/home/cvazquezperezdelacru/clio-core/context-runtime/src/ipc_manager.cc:2485 INFO 2482231 IncreaseClientShm IpcManager::IncreaseClientShm: Created allocator clio_2482207_134 with ID (2482207.134)[0m
[97m/home/cvazquezperezdelacru/clio-core/context-runtime/src/ipc_manager.cc:2440 INFO 2482230 IncreaseClientShm IpcManager::IncreaseClientShm: Creating clio_2482207_135 with size 131103512 (97549080 + 33554432 overhead)[0m
[97m/home/cvazquezperezdelacru/clio-core/context-runtime/src/ipc_manager.cc:2485 INFO 2482230 IncreaseClientShm IpcManager::IncreaseClientShm: Created allocator clio_2482207_135 with ID (2482207.135)[0m
[97m/home/cvazquezperezdelacru/clio-core/context-runtime/src/ipc_manager.cc:2440 INFO 2482230 IncreaseClientShm IpcManager::IncreaseClientShm: Creating clio_2482207_136 with size 131103512 (97549080 + 33554432 overhead)[0m
[97m/home/cvazquezperezdelacru/clio-core/context-runtime/src/ipc_manager.cc:2485 INFO 2482230 IncreaseClientShm IpcManager::IncreaseClientShm: Created allocator clio_2482207_136 with ID (2482207.136)[0m
[97m/home/cvazquezperezdelacru/clio-core/context-runtime/src/ipc_manager.cc:2440 INFO 2482231 IncreaseClientShm IpcManager::IncreaseClientShm: Creating clio_2482207_137 with size 131103512 (97549080 + 33554432 overhead)[0m
[97m/home/cvazquezperezdelacru/clio-core/context-runtime/src/ipc_manager.cc:2485 INFO 2482231 IncreaseClientShm IpcManager::IncreaseClientShm: Created allocator clio_2482207_137 with ID (2482207.137)[0m
[97m/home/cvazquezperezdelacru/clio-core/context-runtime/src/ipc_manager.cc:2440 INFO 2482230 IncreaseClientShm IpcManager::IncreaseClientShm: Creating clio_2482207_138 with size 128261712 (94707280 + 33554432 overhead)[0m
[97m/home/cvazquezperezdelacru/clio-core/context-runtime/src/ipc_manager.cc:2485 INFO 2482230 IncreaseClientShm IpcManager::IncreaseClientShm: Created allocator clio_2482207_138 with ID (2482207.138)[0m
[97m/home/cvazquezperezdelacru/clio-core/context-runtime/src/ipc_manager.cc:2440 INFO 2482231 IncreaseClientShm IpcManager::IncreaseClientShm: Creating clio_2482207_139 with size 130895512 (97341080 + 33554432 overhead)[0m
[97m/home/cvazquezperezdelacru/clio-core/context-runtime/src/ipc_manager.cc:2485 INFO 2482231 IncreaseClientShm IpcManager::IncreaseClientShm: Created allocator clio_2482207_139 with ID (2482207.139)[0m
[97m/home/cvazquezperezdelacru/clio-core/context-runtime/src/ipc_manager.cc:2440 INFO 2482231 IncreaseClientShm IpcManager::IncreaseClientShm: Creating clio_2482207_140 with size 128261712 (94707280 + 33554432 overhead)[0m
[97m/home/cvazquezperezdelacru/clio-core/context-runtime/src/ipc_manager.cc:2485 INFO 2482231 IncreaseClientShm IpcManager::IncreaseClientShm: Created allocator clio_2482207_140 with ID (2482207.140)[0m
[97m/home/cvazquezperezdelacru/clio-core/context-runtime/src/ipc_manager.cc:2440 INFO 2482231 IncreaseClientShm IpcManager::IncreaseClientShm: Creating clio_2482207_141 with size 124845312 (91290880 + 33554432 overhead)[0m
[97m/home/cvazquezperezdelacru/clio-core/context-runtime/src/ipc_manager.cc:2485 INFO 2482231 IncreaseClientShm IpcManager::IncreaseClientShm: Created allocator clio_2482207_141 with ID (2482207.141)[0m
[97m/home/cvazquezperezdelacru/clio-core/context-runtime/src/ipc_manager.cc:2440 INFO 2482231 IncreaseClientShm IpcManager::IncreaseClientShm: Creating clio_2482207_142 with size 124845312 (91290880 + 33554432 overhead)[0m
[97m/home/cvazquezperezdelacru/clio-core/context-runtime/src/ipc_manager.cc:2485 INFO 2482231 IncreaseClientShm IpcManager::IncreaseClientShm: Created allocator clio_2482207_142 with ID (2482207.142)[0m
[97m/home/cvazquezperezdelacru/clio-core/context-runtime/src/ipc_manager.cc:2440 INFO 2482232 IncreaseClientShm IpcManager::IncreaseClientShm: Creating clio_2482207_143 with size 125789112 (92234680 + 33554432 overhead)[0m
[97m/home/cvazquezperezdelacru/clio-core/context-runtime/src/ipc_manager.cc:2485 INFO 2482232 IncreaseClientShm IpcManager::IncreaseClientShm: Created allocator clio_2482207_143 with ID (2482207.143)[0m
[97m/home/cvazquezperezdelacru/clio-core/context-runtime/src/ipc_manager.cc:2440 INFO 2482230 IncreaseClientShm IpcManager::IncreaseClientShm: Creating clio_2482207_144 with size 125789112 (92234680 + 33554432 overhead)[0m
[97m/home/cvazquezperezdelacru/clio-core/context-runtime/src/ipc_manager.cc:2485 INFO 2482230 IncreaseClientShm IpcManager::IncreaseClientShm: Created allocator clio_2482207_144 with ID (2482207.144)[0m
[97m/home/cvazquezperezdelacru/clio-core/context-runtime/src/ipc_manager.cc:2440 INFO 2482231 IncreaseClientShm IpcManager::IncreaseClientShm: Creating clio_2482207_145 with size 124550208 (90995776 + 33554432 overhead)[0m
[97m/home/cvazquezperezdelacru/clio-core/context-runtime/src/ipc_manager.cc:2485 INFO 2482231 IncreaseClientShm IpcManager::IncreaseClientShm: Created allocator clio_2482207_145 with ID (2482207.145)[0m
[31m/home/cvazquezperezdelacru/clio-core/context-runtime/src/scheduler/default_sched.cc:726 ERROR 2482236 LoadBalance [HANGWATCH-HB] processed=86000 outstanding=504 (queued=504 blocked=0 retry=0 periodic=6) live=2 live_stalled=0[0m
[97m/home/cvazquezperezdelacru/clio-core/context-runtime/src/ipc_manager.cc:2440 INFO 2482229 IncreaseClientShm IpcManager::IncreaseClientShm: Creating clio_2482207_146 with size 126489808 (92935376 + 33554432 overhead)[0m
[97m/home/cvazquezperezdelacru/clio-core/context-runtime/src/ipc_manager.cc:2485 INFO 2482229 IncreaseClientShm IpcManager::IncreaseClientShm: Created allocator clio_2482207_146 with ID (2482207.146)[0m
[97m/home/cvazquezperezdelacru/clio-core/context-runtime/src/ipc_manager.cc:2440 INFO 2482229 IncreaseClientShm IpcManager::IncreaseClientShm: Creating clio_2482207_147 with size 127490816 (93936384 + 33554432 overhead)[0m
[97m/home/cvazquezperezdelacru/clio-core/context-runtime/src/ipc_manager.cc:2485 INFO 2482229 IncreaseClientShm IpcManager::IncreaseClientShm: Created allocator clio_2482207_147 with ID (2482207.147)[0m
[97m/home/cvazquezperezdelacru/clio-core/context-runtime/src/ipc_manager.cc:2440 INFO 2482230 IncreaseClientShm IpcManager::IncreaseClientShm: Creating clio_2482207_148 with size 125018208 (91463776 + 33554432 overhead)[0m
[97m/home/cvazquezperezdelacru/clio-core/context-runtime/src/ipc_manager.cc:2485 INFO 2482230 IncreaseClientShm IpcManager::IncreaseClientShm: Created allocator clio_2482207_148 with ID (2482207.148)[0m
[97m/home/cvazquezperezdelacru/clio-core/context-runtime/src/ipc_manager.cc:2440 INFO 2482229 IncreaseClientShm IpcManager::IncreaseClientShm: Creating clio_2482207_149 with size 129088512 (95534080 + 33554432 overhead)[0m
[97m/home/cvazquezperezdelacru/clio-core/context-runtime/src/ipc_manager.cc:2485 INFO 2482229 IncreaseClientShm IpcManager::IncreaseClientShm: Created allocator clio_2482207_149 with ID (2482207.149)[0m
[97m/home/cvazquezperezdelacru/clio-core/context-runtime/src/ipc_manager.cc:2440 INFO 2482229 IncreaseClientShm IpcManager::IncreaseClientShm: Creating clio_2482207_150 with size 126020512 (92466080 + 33554432 overhead)[0m
[97m/home/cvazquezperezdelacru/clio-core/context-runtime/src/ipc_manager.cc:2485 INFO 2482229 IncreaseClientShm IpcManager::IncreaseClientShm: Created allocator clio_2482207_150 with ID (2482207.150)[0m
[97m/home/cvazquezperezdelacru/clio-core/context-runtime/src/ipc_manager.cc:2440 INFO 2482232 IncreaseClientShm IpcManager::IncreaseClientShm: Creating clio_2482207_151 with size 123945712 (90391280 + 33554432 overhead)[0m
[97m/home/cvazquezperezdelacru/clio-core/context-runtime/src/ipc_manager.cc:2485 INFO 2482232 IncreaseClientShm IpcManager::IncreaseClientShm: Created allocator clio_2482207_151 with ID (2482207.151)[0m
[97m/home/cvazquezperezdelacru/clio-core/context-runtime/src/ipc_manager.cc:2440 INFO 2482231 IncreaseClientShm IpcManager::IncreaseClientShm: Creating clio_2482207_152 with size 124251216 (90696784 + 33554432 overhead)[0m
[97m/home/cvazquezperezdelacru/clio-core/context-runtime/src/ipc_manager.cc:2485 INFO 2482231 IncreaseClientShm IpcManager::IncreaseClientShm: Created allocator clio_2482207_152 with ID (2482207.152)[0m
[97m/home/cvazquezperezdelacru/clio-core/context-runtime/src/ipc_manager.cc:2440 INFO 2482230 IncreaseClientShm IpcManager::IncreaseClientShm: Creating clio_2482207_153 with size 124181008 (90626576 + 33554432 overhead)[0m
[97m/home/cvazquezperezdelacru/clio-core/context-runtime/src/ipc_manager.cc:2485 INFO 2482230 IncreaseClientShm IpcManager::IncreaseClientShm: Created allocator clio_2482207_153 with ID (2482207.153)[0m
[97m/home/cvazquezperezdelacru/clio-core/context-runtime/src/ipc_manager.cc:2440 INFO 2482229 IncreaseClientShm IpcManager::IncreaseClientShm: Creating clio_2482207_154 with size 125306816 (91752384 + 33554432 overhead)[0m
[97m/home/cvazquezperezdelacru/clio-core/context-runtime/src/ipc_manager.cc:2485 INFO 2482229 IncreaseClientShm IpcManager::IncreaseClientShm: Created allocator clio_2482207_154 with ID (2482207.154)[0m
[97m/home/cvazquezperezdelacru/clio-core/context-runtime/src/ipc_manager.cc:2440 INFO 2482230 IncreaseClientShm IpcManager::IncreaseClientShm: Creating clio_2482207_155 with size 126489808 (92935376 + 33554432 overhead)[0m
[97m/home/cvazquezperezdelacru/clio-core/context-runtime/src/ipc_manager.cc:2485 INFO 2482230 IncreaseClientShm IpcManager::IncreaseClientShm: Created allocator clio_2482207_155 with ID (2482207.155)[0m
[97m/home/cvazquezperezdelacru/clio-core/context-runtime/src/ipc_manager.cc:2440 INFO 2482230 IncreaseClientShm IpcManager::IncreaseClientShm: Creating clio_2482207_156 with size 125756608 (92202176 + 33554432 overhead)[0m
[97m/home/cvazquezperezdelacru/clio-core/context-runtime/src/ipc_manager.cc:2485 INFO 2482230 IncreaseClientShm IpcManager::IncreaseClientShm: Created allocator clio_2482207_156 with ID (2482207.156)[0m
[97m/home/cvazquezperezdelacru/clio-core/context-runtime/src/ipc_manager.cc:2440 INFO 2482232 IncreaseClientShm IpcManager::IncreaseClientShm: Creating clio_2482207_157 with size 124886912 (91332480 + 33554432 overhead)[0m
[97m/home/cvazquezperezdelacru/clio-core/context-runtime/src/ipc_manager.cc:2485 INFO 2482232 IncreaseClientShm IpcManager::IncreaseClientShm: Created allocator clio_2482207_157 with ID (2482207.157)[0m
[97m/home/cvazquezperezdelacru/clio-core/context-runtime/src/ipc_manager.cc:2440 INFO 2482232 IncreaseClientShm IpcManager::IncreaseClientShm: Creating clio_2482207_158 with size 129088512 (95534080 + 33554432 overhead)[0m
[97m/home/cvazquezperezdelacru/clio-core/context-runtime/src/ipc_manager.cc:2485 INFO 2482232 IncreaseClientShm IpcManager::IncreaseClientShm: Created allocator clio_2482207_158 with ID (2482207.158)[0m
[97m/home/cvazquezperezdelacru/clio-core/context-runtime/src/ipc_manager.cc:2440 INFO 2482229 IncreaseClientShm IpcManager::IncreaseClientShm: Creating clio_2482207_159 with size 125175512 (91621080 + 33554432 overhead)[0m
[97m/home/cvazquezperezdelacru/clio-core/context-runtime/src/ipc_manager.cc:2485 INFO 2482229 IncreaseClientShm IpcManager::IncreaseClientShm: Created allocator clio_2482207_159 with ID (2482207.159)[0m
[97m/home/cvazquezperezdelacru/clio-core/context-runtime/src/ipc_manager.cc:2440 INFO 2482230 IncreaseClientShm IpcManager::IncreaseClientShm: Creating clio_2482207_160 with size 129088512 (95534080 + 33554432 overhead)[0m
[97m/home/cvazquezperezdelacru/clio-core/context-runtime/src/ipc_manager.cc:2485 INFO 2482230 IncreaseClientShm IpcManager::IncreaseClientShm: Created allocator clio_2482207_160 with ID (2482207.160)[0m
[97m/home/cvazquezperezdelacru/clio-core/context-runtime/src/ipc_manager.cc:2440 INFO 2482229 IncreaseClientShm IpcManager::IncreaseClientShm: Creating clio_2482207_161 with size 129370608 (95816176 + 33554432 overhead)[0m
[97m/home/cvazquezperezdelacru/clio-core/context-runtime/src/ipc_manager.cc:2485 INFO 2482229 IncreaseClientShm IpcManager::IncreaseClientShm: Created allocator clio_2482207_161 with ID (2482207.161)[0m
[97m/home/cvazquezperezdelacru/clio-core/context-runtime/src/ipc_manager.cc:2440 INFO 2482232 IncreaseClientShm IpcManager::IncreaseClientShm: Creating clio_2482207_162 with size 130842208 (97287776 + 33554432 overhead)[0m
[97m/home/cvazquezperezdelacru/clio-core/context-runtime/src/ipc_manager.cc:2485 INFO 2482232 IncreaseClientShm IpcManager::IncreaseClientShm: Created allocator clio_2482207_162 with ID (2482207.162)[0m
[97m/home/cvazquezperezdelacru/clio-core/context-runtime/src/ipc_manager.cc:2440 INFO 2482231 IncreaseClientShm IpcManager::IncreaseClientShm: Creating clio_2482207_163 with size 129651408 (96096976 + 33554432 overhead)[0m
[97m/home/cvazquezperezdelacru/clio-core/context-runtime/src/ipc_manager.cc:2485 INFO 2482231 IncreaseClientShm IpcManager::IncreaseClientShm: Created allocator clio_2482207_163 with ID (2482207.163)[0m
[31m/home/cvazquezperezdelacru/clio-core/context-runtime/src/scheduler/default_sched.cc:726 ERROR 2482236 LoadBalance [HANGWATCH-HB] processed=95295 outstanding=485 (queued=485 blocked=0 retry=0 periodic=7) live=4 live_stalled=0[0m
[97m/home/cvazquezperezdelacru/clio-core/context-runtime/src/ipc_manager.cc:2440 INFO 2482229 IncreaseClientShm IpcManager::IncreaseClientShm: Creating clio_2482207_164 with size 126267512 (92713080 + 33554432 overhead)[0m
[97m/home/cvazquezperezdelacru/clio-core/context-runtime/src/ipc_manager.cc:2485 INFO 2482229 IncreaseClientShm IpcManager::IncreaseClientShm: Created allocator clio_2482207_164 with ID (2482207.164)[0m
[97m/home/cvazquezperezdelacru/clio-core/context-runtime/src/ipc_manager.cc:2440 INFO 2482230 IncreaseClientShm IpcManager::IncreaseClientShm: Creating clio_2482207_165 with size 127550608 (93996176 + 33554432 overhead)[0m
[97m/home/cvazquezperezdelacru/clio-core/context-runtime/src/ipc_manager.cc:2485 INFO 2482230 IncreaseClientShm IpcManager::IncreaseClientShm: Created allocator clio_2482207_165 with ID (2482207.165)[0m
[97m/home/cvazquezperezdelacru/clio-core/context-runtime/src/ipc_manager.cc:2440 INFO 2482229 IncreaseClientShm IpcManager::IncreaseClientShm: Creating clio_2482207_166 with size 128298112 (94743680 + 33554432 overhead)[0m
[97m/home/cvazquezperezdelacru/clio-core/context-runtime/src/ipc_manager.cc:2485 INFO 2482229 IncreaseClientShm IpcManager::IncreaseClientShm: Created allocator clio_2482207_166 with ID (2482207.166)[0m
[97m/home/cvazquezperezdelacru/clio-core/context-runtime/src/ipc_manager.cc:2440 INFO 2482232 IncreaseClientShm IpcManager::IncreaseClientShm: Creating clio_2482207_167 with size 129370608 (95816176 + 33554432 overhead)[0m
[97m/home/cvazquezperezdelacru/clio-core/context-runtime/src/ipc_manager.cc:2485 INFO 2482232 IncreaseClientShm IpcManager::IncreaseClientShm: Created allocator clio_2482207_167 with ID (2482207.167)[0m
[97m/home/cvazquezperezdelacru/clio-core/context-runtime/src/ipc_manager.cc:2440 INFO 2482231 IncreaseClientShm IpcManager::IncreaseClientShm: Creating clio_2482207_168 with size 127731312 (94176880 + 33554432 overhead)[0m
[97m/home/cvazquezperezdelacru/clio-core/context-runtime/src/ipc_manager.cc:2485 INFO 2482231 IncreaseClientShm IpcManager::IncreaseClientShm: Created allocator clio_2482207_168 with ID (2482207.168)[0m
[97m/home/cvazquezperezdelacru/clio-core/context-runtime/src/ipc_manager.cc:2440 INFO 2482232 IncreaseClientShm IpcManager::IncreaseClientShm: Creating clio_2482207_169 with size 129370608 (95816176 + 33554432 overhead)[0m
[97m/home/cvazquezperezdelacru/clio-core/context-runtime/src/ipc_manager.cc:2485 INFO 2482232 IncreaseClientShm IpcManager::IncreaseClientShm: Created allocator clio_2482207_169 with ID (2482207.169)[0m
[97m/home/cvazquezperezdelacru/clio-core/context-runtime/src/ipc_manager.cc:2440 INFO 2482229 IncreaseClientShm IpcManager::IncreaseClientShm: Creating clio_2482207_170 with size 129096312 (95541880 + 33554432 overhead)[0m
[97m/home/cvazquezperezdelacru/clio-core/context-runtime/src/ipc_manager.cc:2485 INFO 2482229 IncreaseClientShm IpcManager::IncreaseClientShm: Created allocator clio_2482207_170 with ID (2482207.170)[0m
[33m/home/cvazquezperezdelacru/clio-core/context-runtime/src/scheduler/default_sched.cc:430 WARNING 2482236 LoadBalance [#781 PDF] observed exec-time bins (cumulative): <10us=840521 <50us=48654 <500us=23508 <10ms=25275 <50ms=3 <500ms=7 <1s=8 >=1s=3 | stalls_detected=0[0m
[33m/home/cvazquezperezdelacru/clio-core/context-runtime/src/scheduler/default_sched.cc:439 WARNING 2482236 LoadBalance [#785] lane rescues performed: 0[0m
[97m/home/cvazquezperezdelacru/clio-core/context-runtime/src/ipc_manager.cc:2440 INFO 2482229 IncreaseClientShm IpcManager::IncreaseClientShm: Creating clio_2482207_171 with size 132545216 (98990784 + 33554432 overhead)[0m
[97m/home/cvazquezperezdelacru/clio-core/context-runtime/src/ipc_manager.cc:2485 INFO 2482229 IncreaseClientShm IpcManager::IncreaseClientShm: Created allocator clio_2482207_171 with ID (2482207.171)[0m
[97m/home/cvazquezperezdelacru/clio-core/context-runtime/src/ipc_manager.cc:2440 INFO 2482231 IncreaseClientShm IpcManager::IncreaseClientShm: Creating clio_2482207_172 with size 124820608 (91266176 + 33554432 overhead)[0m
[97m/home/cvazquezperezdelacru/clio-core/context-runtime/src/ipc_manager.cc:2485 INFO 2482231 IncreaseClientShm IpcManager::IncreaseClientShm: Created allocator clio_2482207_172 with ID (2482207.172)[0m
[97m/home/cvazquezperezdelacru/clio-core/context-runtime/src/ipc_manager.cc:2440 INFO 2482229 IncreaseClientShm IpcManager::IncreaseClientShm: Creating clio_2482207_173 with size 124569712 (91015280 + 33554432 overhead)[0m
[97m/home/cvazquezperezdelacru/clio-core/context-runtime/src/ipc_manager.cc:2485 INFO 2482229 IncreaseClientShm IpcManager::IncreaseClientShm: Created allocator clio_2482207_173 with ID (2482207.173)[0m
[97m/home/cvazquezperezdelacru/clio-core/context-runtime/src/ipc_manager.cc:2440 INFO 2482232 IncreaseClientShm IpcManager::IncreaseClientShm: Creating clio_2482207_174 with size 128298112 (94743680 + 33554432 overhead)[0m
[97m/home/cvazquezperezdelacru/clio-core/context-runtime/src/ipc_manager.cc:2485 INFO 2482232 IncreaseClientShm IpcManager::IncreaseClientShm: Created allocator clio_2482207_174 with ID (2482207.174)[0m
[97m/home/cvazquezperezdelacru/clio-core/context-runtime/src/ipc_manager.cc:2440 INFO 2482229 IncreaseClientShm IpcManager::IncreaseClientShm: Creating clio_2482207_175 with size 125089712 (91535280 + 33554432 overhead)[0m
[97m/home/cvazquezperezdelacru/clio-core/context-runtime/src/ipc_manager.cc:2485 INFO 2482229 IncreaseClientShm IpcManager::IncreaseClientShm: Created allocator clio_2482207_175 with ID (2482207.175)[0m
[31m/home/cvazquezperezdelacru/clio-core/context-runtime/src/scheduler/default_sched.cc:726 ERROR 2482236 LoadBalance [HANGWATCH-HB] processed=105400 outstanding=502 (queued=502 blocked=0 retry=0 periodic=7) live=3 live_stalled=0[0m
[97m/home/cvazquezperezdelacru/clio-core/context-runtime/src/ipc_manager.cc:2440 INFO 2482229 IncreaseClientShm IpcManager::IncreaseClientShm: Creating clio_2482207_176 with size 126621112 (93066680 + 33554432 overhead)[0m
[97m/home/cvazquezperezdelacru/clio-core/context-runtime/src/ipc_manager.cc:2485 INFO 2482229 IncreaseClientShm IpcManager::IncreaseClientShm: Created allocator clio_2482207_176 with ID (2482207.176)[0m
[97m/home/cvazquezperezdelacru/clio-core/context-runtime/src/ipc_manager.cc:2440 INFO 2482230 IncreaseClientShm IpcManager::IncreaseClientShm: Creating clio_2482207_177 with size 126495008 (92940576 + 33554432 overhead)[0m
[97m/home/cvazquezperezdelacru/clio-core/context-runtime/src/ipc_manager.cc:2485 INFO 2482230 IncreaseClientShm IpcManager::IncreaseClientShm: Created allocator clio_2482207_177 with ID (2482207.177)[0m
[97m/home/cvazquezperezdelacru/clio-core/context-runtime/src/ipc_manager.cc:2440 INFO 2482231 IncreaseClientShm IpcManager::IncreaseClientShm: Creating clio_2482207_178 with size 127593512 (94039080 + 33554432 overhead)[0m
[97m/home/cvazquezperezdelacru/clio-core/context-runtime/src/ipc_manager.cc:2485 INFO 2482231 IncreaseClientShm IpcManager::IncreaseClientShm: Created allocator clio_2482207_178 with ID (2482207.178)[0m
[97m/home/cvazquezperezdelacru/clio-core/context-runtime/src/ipc_manager.cc:2440 INFO 2482232 IncreaseClientShm IpcManager::IncreaseClientShm: Creating clio_2482207_179 with size 129096312 (95541880 + 33554432 overhead)[0m
[97m/home/cvazquezperezdelacru/clio-core/context-runtime/src/ipc_manager.cc:2485 INFO 2482232 IncreaseClientShm IpcManager::IncreaseClientShm: Created allocator clio_2482207_179 with ID (2482207.179)[0m
[97m/home/cvazquezperezdelacru/clio-core/context-runtime/src/ipc_manager.cc:2440 INFO 2482232 IncreaseClientShm IpcManager::IncreaseClientShm: Creating clio_2482207_180 with size 132545216 (98990784 + 33554432 overhead)[0m
[97m/home/cvazquezperezdelacru/clio-core/context-runtime/src/ipc_manager.cc:2485 INFO 2482232 IncreaseClientShm IpcManager::IncreaseClientShm: Created allocator clio_2482207_180 with ID (2482207.180)[0m
[97m/home/cvazquezperezdelacru/clio-core/context-runtime/src/ipc_manager.cc:2440 INFO 2482232 IncreaseClientShm IpcManager::IncreaseClientShm: Creating clio_2482207_181 with size 132545216 (98990784 + 33554432 overhead)[0m
[97m/home/cvazquezperezdelacru/clio-core/context-runtime/src/ipc_manager.cc:2485 INFO 2482232 IncreaseClientShm IpcManager::IncreaseClientShm: Created allocator clio_2482207_181 with ID (2482207.181)[0m
[97m/home/cvazquezperezdelacru/clio-core/context-runtime/src/ipc_manager.cc:2440 INFO 2482231 IncreaseClientShm IpcManager::IncreaseClientShm: Creating clio_2482207_182 with size 132545216 (98990784 + 33554432 overhead)[0m
[97m/home/cvazquezperezdelacru/clio-core/context-runtime/src/ipc_manager.cc:2485 INFO 2482231 IncreaseClientShm IpcManager::IncreaseClientShm: Created allocator clio_2482207_182 with ID (2482207.182)[0m
[97m/home/cvazquezperezdelacru/clio-core/context-runtime/src/ipc_manager.cc:2440 INFO 2482231 IncreaseClientShm IpcManager::IncreaseClientShm: Creating clio_2482207_183 with size 129096312 (95541880 + 33554432 overhead)[0m
[97m/home/cvazquezperezdelacru/clio-core/context-runtime/src/ipc_manager.cc:2485 INFO 2482231 IncreaseClientShm IpcManager::IncreaseClientShm: Created allocator clio_2482207_183 with ID (2482207.183)[0m
[97m/home/cvazquezperezdelacru/clio-core/context-runtime/src/ipc_manager.cc:2440 INFO 2482230 IncreaseClientShm IpcManager::IncreaseClientShm: Creating clio_2482207_184 with size 126385808 (92831376 + 33554432 overhead)[0m
[97m/home/cvazquezperezdelacru/clio-core/context-runtime/src/ipc_manager.cc:2485 INFO 2482230 IncreaseClientShm IpcManager::IncreaseClientShm: Created allocator clio_2482207_184 with ID (2482207.184)[0m
[97m/home/cvazquezperezdelacru/clio-core/context-runtime/src/ipc_manager.cc:2440 INFO 2482230 IncreaseClientShm IpcManager::IncreaseClientShm: Creating clio_2482207_185 with size 124569712 (91015280 + 33554432 overhead)[0m
[97m/home/cvazquezperezdelacru/clio-core/context-runtime/src/ipc_manager.cc:2485 INFO 2482230 IncreaseClientShm IpcManager::IncreaseClientShm: Created allocator clio_2482207_185 with ID (2482207.185)[0m
[97m/home/cvazquezperezdelacru/clio-core/context-runtime/src/ipc_manager.cc:2440 INFO 2482232 IncreaseClientShm IpcManager::IncreaseClientShm: Creating clio_2482207_186 with size 126621112 (93066680 + 33554432 overhead)[0m
[97m/home/cvazquezperezdelacru/clio-core/context-runtime/src/ipc_manager.cc:2485 INFO 2482232 IncreaseClientShm IpcManager::IncreaseClientShm: Created allocator clio_2482207_186 with ID (2482207.186)[0m
[97m/home/cvazquezperezdelacru/clio-core/context-runtime/src/ipc_manager.cc:2440 INFO 2482230 IncreaseClientShm IpcManager::IncreaseClientShm: Creating clio_2482207_187 with size 126621112 (93066680 + 33554432 overhead)[0m
[97m/home/cvazquezperezdelacru/clio-core/context-runtime/src/ipc_manager.cc:2485 INFO 2482230 IncreaseClientShm IpcManager::IncreaseClientShm: Created allocator clio_2482207_187 with ID (2482207.187)[0m
[97m/home/cvazquezperezdelacru/clio-core/context-runtime/src/ipc_manager.cc:2440 INFO 2482231 IncreaseClientShm IpcManager::IncreaseClientShm: Creating clio_2482207_188 with size 127291912 (93737480 + 33554432 overhead)[0m
[97m/home/cvazquezperezdelacru/clio-core/context-runtime/src/ipc_manager.cc:2485 INFO 2482231 IncreaseClientShm IpcManager::IncreaseClientShm: Created allocator clio_2482207_188 with ID (2482207.188)[0m
[97m/home/cvazquezperezdelacru/clio-core/context-runtime/src/ipc_manager.cc:2440 INFO 2482230 IncreaseClientShm IpcManager::IncreaseClientShm: Creating clio_2482207_189 with size 127291912 (93737480 + 33554432 overhead)[0m
[97m/home/cvazquezperezdelacru/clio-core/context-runtime/src/ipc_manager.cc:2485 INFO 2482230 IncreaseClientShm IpcManager::IncreaseClientShm: Created allocator clio_2482207_189 with ID (2482207.189)[0m
[31m/home/cvazquezperezdelacru/clio-core/context-runtime/src/scheduler/default_sched.cc:726 ERROR 2482236 LoadBalance [HANGWATCH-HB] processed=115210 outstanding=348 (queued=348 blocked=0 retry=0 periodic=7) live=4 live_stalled=0[0m
[97m/home/cvazquezperezdelacru/clio-core/context-runtime/src/ipc_manager.cc:2440 INFO 2482232 IncreaseClientShm IpcManager::IncreaseClientShm: Creating clio_2482207_190 with size 124719216 (91164784 + 33554432 overhead)[0m
[97m/home/cvazquezperezdelacru/clio-core/context-runtime/src/ipc_manager.cc:2485 INFO 2482232 IncreaseClientShm IpcManager::IncreaseClientShm: Created allocator clio_2482207_190 with ID (2482207.190)[0m
[97m/mnt/common/cvazquezperezdelacru/IOWARP/faiss/contrib/iowarp/chimod/src/faiss_ivf_runtime.cc:300 INFO 2482231 Search faiss_ivf: Search nq=63 k=10 nprobe=64 unique_lists=2541[0m
[97m/mnt/common/cvazquezperezdelacru/IOWARP/faiss/contrib/iowarp/chimod/src/faiss_ivf_runtime.cc:300 INFO 2482232 Search faiss_ivf: Search nq=62 k=10 nprobe=64 unique_lists=2388[0m
[97m/mnt/common/cvazquezperezdelacru/IOWARP/faiss/contrib/iowarp/chimod/src/faiss_ivf_runtime.cc:300 INFO 2482229 Search faiss_ivf: Search nq=63 k=10 nprobe=64 unique_lists=2413[0m
[97m/home/cvazquezperezdelacru/clio-core/context-runtime/src/ipc_manager.cc:2440 INFO 2482232 IncreaseClientShm IpcManager::IncreaseClientShm: Creating clio_2482207_191 with size 129013112 (95458680 + 33554432 overhead)[0m
[97m/home/cvazquezperezdelacru/clio-core/context-runtime/src/ipc_manager.cc:2485 INFO 2482232 IncreaseClientShm IpcManager::IncreaseClientShm: Created allocator clio_2482207_191 with ID (2482207.191)[0m
[97m/mnt/common/cvazquezperezdelacru/IOWARP/faiss/contrib/iowarp/chimod/src/faiss_ivf_runtime.cc:300 INFO 2482230 Search faiss_ivf: Search nq=62 k=10 nprobe=64 unique_lists=2453[0m
[97m/mnt/common/cvazquezperezdelacru/IOWARP/faiss/contrib/iowarp/chimod/src/faiss_ivf_runtime.cc:300 INFO 2482232 Search faiss_ivf: Search nq=62 k=10 nprobe=64 unique_lists=2577[0m
[97m/home/cvazquezperezdelacru/clio-core/context-runtime/src/ipc_manager.cc:2440 INFO 2482230 IncreaseClientShm IpcManager::IncreaseClientShm: Creating clio_2482207_192 with size 127986112 (94431680 + 33554432 overhead)[0m
[97m/home/cvazquezperezdelacru/clio-core/context-runtime/src/ipc_manager.cc:2485 INFO 2482230 IncreaseClientShm IpcManager::IncreaseClientShm: Created allocator clio_2482207_192 with ID (2482207.192)[0m
[97m/mnt/common/cvazquezperezdelacru/IOWARP/faiss/contrib/iowarp/chimod/src/faiss_ivf_runtime.cc:300 INFO 2482229 Search faiss_ivf: Search nq=63 k=10 nprobe=64 unique_lists=2503[0m
[97m/home/cvazquezperezdelacru/clio-core/context-runtime/src/ipc_manager.cc:2440 INFO 2482229 IncreaseClientShm IpcManager::IncreaseClientShm: Creating clio_2482207_193 with size 129013112 (95458680 + 33554432 overhead)[0m
[97m/home/cvazquezperezdelacru/clio-core/context-runtime/src/ipc_manager.cc:2485 INFO 2482229 IncreaseClientShm IpcManager::IncreaseClientShm: Created allocator clio_2482207_193 with ID (2482207.193)[0m
[97m/mnt/common/cvazquezperezdelacru/IOWARP/faiss/contrib/iowarp/chimod/src/faiss_ivf_runtime.cc:300 INFO 2482231 Search faiss_ivf: Search nq=63 k=10 nprobe=64 unique_lists=2483[0m
[97m/mnt/common/cvazquezperezdelacru/IOWARP/faiss/contrib/iowarp/chimod/src/faiss_ivf_runtime.cc:300 INFO 2482230 Search faiss_ivf: Search nq=62 k=10 nprobe=64 unique_lists=2553[0m
[97m/home/cvazquezperezdelacru/clio-core/context-runtime/src/ipc_manager.cc:2440 INFO 2482232 IncreaseClientShm IpcManager::IncreaseClientShm: Creating clio_2482207_194 with size 131004712 (97450280 + 33554432 overhead)[0m
[97m/home/cvazquezperezdelacru/clio-core/context-runtime/src/ipc_manager.cc:2485 INFO 2482232 IncreaseClientShm IpcManager::IncreaseClientShm: Created allocator clio_2482207_194 with ID (2482207.194)[0m
[97m/home/cvazquezperezdelacru/clio-core/context-runtime/src/ipc_manager.cc:2440 INFO 2482232 IncreaseClientShm IpcManager::IncreaseClientShm: Creating clio_2482207_195 with size 131215312 (97660880 + 33554432 overhead)[0m
[97m/home/cvazquezperezdelacru/clio-core/context-runtime/src/ipc_manager.cc:2485 INFO 2482232 IncreaseClientShm IpcManager::IncreaseClientShm: Created allocator clio_2482207_195 with ID (2482207.195)[0m
[97m/home/cvazquezperezdelacru/clio-core/context-runtime/src/ipc_manager.cc:2440 INFO 2482232 IncreaseClientShm IpcManager::IncreaseClientShm: Creating clio_2482207_196 with size 131215312 (97660880 + 33554432 overhead)[0m
[97m/home/cvazquezperezdelacru/clio-core/context-runtime/src/ipc_manager.cc:2485 INFO 2482232 IncreaseClientShm IpcManager::IncreaseClientShm: Created allocator clio_2482207_196 with ID (2482207.196)[0m
[97m/home/cvazquezperezdelacru/clio-core/context-runtime/src/ipc_manager.cc:2440 INFO 2482229 IncreaseClientShm IpcManager::IncreaseClientShm: Creating clio_2482207_197 with size 131215312 (97660880 + 33554432 overhead)[0m
[97m/home/cvazquezperezdelacru/clio-core/context-runtime/src/ipc_manager.cc:2485 INFO 2482229 IncreaseClientShm IpcManager::IncreaseClientShm: Created allocator clio_2482207_197 with ID (2482207.197)[0m
[97m/home/cvazquezperezdelacru/clio-core/context-runtime/src/ipc_manager.cc:2440 INFO 2482231 IncreaseClientShm IpcManager::IncreaseClientShm: Creating clio_2482207_198 with size 131103512 (97549080 + 33554432 overhead)[0m
[97m/home/cvazquezperezdelacru/clio-core/context-runtime/src/ipc_manager.cc:2485 INFO 2482231 IncreaseClientShm IpcManager::IncreaseClientShm: Created allocator clio_2482207_198 with ID (2482207.198)[0m
[97m/home/cvazquezperezdelacru/clio-core/context-runtime/src/ipc_manager.cc:2440 INFO 2482232 IncreaseClientShm IpcManager::IncreaseClientShm: Creating clio_2482207_199 with size 130895512 (97341080 + 33554432 overhead)[0m
[97m/home/cvazquezperezdelacru/clio-core/context-runtime/src/ipc_manager.cc:2485 INFO 2482232 IncreaseClientShm IpcManager::IncreaseClientShm: Created allocator clio_2482207_199 with ID (2482207.199)[0m
[97m/home/cvazquezperezdelacru/clio-core/context-runtime/src/ipc_manager.cc:2440 INFO 2482230 IncreaseClientShm IpcManager::IncreaseClientShm: Creating clio_2482207_200 with size 130895512 (97341080 + 33554432 overhead)[0m
[97m/home/cvazquezperezdelacru/clio-core/context-runtime/src/ipc_manager.cc:2485 INFO 2482230 IncreaseClientShm IpcManager::IncreaseClientShm: Created allocator clio_2482207_200 with ID (2482207.200)[0m
[97m/home/cvazquezperezdelacru/clio-core/context-runtime/src/ipc_manager.cc:2440 INFO 2482231 IncreaseClientShm IpcManager::IncreaseClientShm: Creating clio_2482207_201 with size 128261712 (94707280 + 33554432 overhead)[0m
[97m/home/cvazquezperezdelacru/clio-core/context-runtime/src/ipc_manager.cc:2485 INFO 2482231 IncreaseClientShm IpcManager::IncreaseClientShm: Created allocator clio_2482207_201 with ID (2482207.201)[0m
[97m/home/cvazquezperezdelacru/clio-core/context-runtime/src/ipc_manager.cc:2440 INFO 2482231 IncreaseClientShm IpcManager::IncreaseClientShm: Creating clio_2482207_202 with size 130895512 (97341080 + 33554432 overhead)[0m
[97m/home/cvazquezperezdelacru/clio-core/context-runtime/src/ipc_manager.cc:2485 INFO 2482231 IncreaseClientShm IpcManager::IncreaseClientShm: Created allocator clio_2482207_202 with ID (2482207.202)[0m
[97m/home/cvazquezperezdelacru/clio-core/context-runtime/src/ipc_manager.cc:2440 INFO 2482230 IncreaseClientShm IpcManager::IncreaseClientShm: Creating clio_2482207_203 with size 123971712 (90417280 + 33554432 overhead)[0m
[97m/home/cvazquezperezdelacru/clio-core/context-runtime/src/ipc_manager.cc:2485 INFO 2482230 IncreaseClientShm IpcManager::IncreaseClientShm: Created allocator clio_2482207_203 with ID (2482207.203)[0m
[33m/home/cvazquezperezdelacru/clio-core/context-runtime/src/scheduler/default_sched.cc:430 WARNING 2482236 LoadBalance [#781 PDF] observed exec-time bins (cumulative): <10us=921159 <50us=59610 <500us=28883 <10ms=31514 <50ms=5 <500ms=7 <1s=12 >=1s=7 | stalls_detected=0[0m
[33m/home/cvazquezperezdelacru/clio-core/context-runtime/src/scheduler/default_sched.cc:439 WARNING 2482236 LoadBalance [#785] lane rescues performed: 0[0m
[31m/home/cvazquezperezdelacru/clio-core/context-runtime/src/scheduler/default_sched.cc:726 ERROR 2482236 LoadBalance [HANGWATCH-HB] processed=123614 outstanding=476 (queued=476 blocked=0 retry=0 periodic=7) live=2 live_stalled=0[0m
[97m/home/cvazquezperezdelacru/clio-core/context-runtime/src/ipc_manager.cc:2440 INFO 2482229 IncreaseClientShm IpcManager::IncreaseClientShm: Creating clio_2482207_204 with size 126062112 (92507680 + 33554432 overhead)[0m
[97m/home/cvazquezperezdelacru/clio-core/context-runtime/src/ipc_manager.cc:2485 INFO 2482229 IncreaseClientShm IpcManager::IncreaseClientShm: Created allocator clio_2482207_204 with ID (2482207.204)[0m
[97m/home/cvazquezperezdelacru/clio-core/context-runtime/src/ipc_manager.cc:2440 INFO 2482230 IncreaseClientShm IpcManager::IncreaseClientShm: Creating clio_2482207_205 with size 125789112 (92234680 + 33554432 overhead)[0m
[97m/home/cvazquezperezdelacru/clio-core/context-runtime/src/ipc_manager.cc:2485 INFO 2482230 IncreaseClientShm IpcManager::IncreaseClientShm: Created allocator clio_2482207_205 with ID (2482207.205)[0m
[97m/home/cvazquezperezdelacru/clio-core/context-runtime/src/ipc_manager.cc:2440 INFO 2482229 IncreaseClientShm IpcManager::IncreaseClientShm: Creating clio_2482207_206 with size 126489808 (92935376 + 33554432 overhead)[0m
[97m/home/cvazquezperezdelacru/clio-core/context-runtime/src/ipc_manager.cc:2485 INFO 2482229 IncreaseClientShm IpcManager::IncreaseClientShm: Created allocator clio_2482207_206 with ID (2482207.206)[0m
[97m/home/cvazquezperezdelacru/clio-core/context-runtime/src/ipc_manager.cc:2440 INFO 2482231 IncreaseClientShm IpcManager::IncreaseClientShm: Creating clio_2482207_207 with size 126062112 (92507680 + 33554432 overhead)[0m
[97m/home/cvazquezperezdelacru/clio-core/context-runtime/src/ipc_manager.cc:2485 INFO 2482231 IncreaseClientShm IpcManager::IncreaseClientShm: Created allocator clio_2482207_207 with ID (2482207.207)[0m
[97m/home/cvazquezperezdelacru/clio-core/context-runtime/src/ipc_manager.cc:2440 INFO 2482229 IncreaseClientShm IpcManager::IncreaseClientShm: Creating clio_2482207_208 with size 127142416 (93587984 + 33554432 overhead)[0m
[97m/home/cvazquezperezdelacru/clio-core/context-runtime/src/ipc_manager.cc:2485 INFO 2482229 IncreaseClientShm IpcManager::IncreaseClientShm: Created allocator clio_2482207_208 with ID (2482207.208)[0m
[97m/home/cvazquezperezdelacru/clio-core/context-runtime/src/ipc_manager.cc:2440 INFO 2482231 IncreaseClientShm IpcManager::IncreaseClientShm: Creating clio_2482207_209 with size 125018208 (91463776 + 33554432 overhead)[0m
[97m/home/cvazquezperezdelacru/clio-core/context-runtime/src/ipc_manager.cc:2485 INFO 2482231 IncreaseClientShm IpcManager::IncreaseClientShm: Created allocator clio_2482207_209 with ID (2482207.209)[0m
[97m/home/cvazquezperezdelacru/clio-core/context-runtime/src/ipc_manager.cc:2440 INFO 2482229 IncreaseClientShm IpcManager::IncreaseClientShm: Creating clio_2482207_210 with size 129088512 (95534080 + 33554432 overhead)[0m
[97m/home/cvazquezperezdelacru/clio-core/context-runtime/src/ipc_manager.cc:2485 INFO 2482229 IncreaseClientShm IpcManager::IncreaseClientShm: Created allocator clio_2482207_210 with ID (2482207.210)[0m
[97m/home/cvazquezperezdelacru/clio-core/context-runtime/src/ipc_manager.cc:2440 INFO 2482232 IncreaseClientShm IpcManager::IncreaseClientShm: Creating clio_2482207_211 with size 123945712 (90391280 + 33554432 overhead)[0m
[97m/home/cvazquezperezdelacru/clio-core/context-runtime/src/ipc_manager.cc:2485 INFO 2482232 IncreaseClientShm IpcManager::IncreaseClientShm: Created allocator clio_2482207_211 with ID (2482207.211)[0m
[97m/home/cvazquezperezdelacru/clio-core/context-runtime/src/ipc_manager.cc:2440 INFO 2482229 IncreaseClientShm IpcManager::IncreaseClientShm: Creating clio_2482207_212 with size 126020512 (92466080 + 33554432 overhead)[0m
[97m/home/cvazquezperezdelacru/clio-core/context-runtime/src/ipc_manager.cc:2485 INFO 2482229 IncreaseClientShm IpcManager::IncreaseClientShm: Created allocator clio_2482207_212 with ID (2482207.212)[0m
[97m/home/cvazquezperezdelacru/clio-core/context-runtime/src/ipc_manager.cc:2440 INFO 2482229 IncreaseClientShm IpcManager::IncreaseClientShm: Creating clio_2482207_213 with size 129088512 (95534080 + 33554432 overhead)[0m
[97m/home/cvazquezperezdelacru/clio-core/context-runtime/src/ipc_manager.cc:2485 INFO 2482229 IncreaseClientShm IpcManager::IncreaseClientShm: Created allocator clio_2482207_213 with ID (2482207.213)[0m
[97m/home/cvazquezperezdelacru/clio-core/context-runtime/src/ipc_manager.cc:2440 INFO 2482229 IncreaseClientShm IpcManager::IncreaseClientShm: Creating clio_2482207_214 with size 126020512 (92466080 + 33554432 overhead)[0m
[97m/home/cvazquezperezdelacru/clio-core/context-runtime/src/ipc_manager.cc:2485 INFO 2482229 IncreaseClientShm IpcManager::IncreaseClientShm: Created allocator clio_2482207_214 with ID (2482207.214)[0m
[97m/home/cvazquezperezdelacru/clio-core/context-runtime/src/ipc_manager.cc:2440 INFO 2482229 IncreaseClientShm IpcManager::IncreaseClientShm: Creating clio_2482207_215 with size 130842208 (97287776 + 33554432 overhead)[0m
[97m/home/cvazquezperezdelacru/clio-core/context-runtime/src/ipc_manager.cc:2485 INFO 2482229 IncreaseClientShm IpcManager::IncreaseClientShm: Created allocator clio_2482207_215 with ID (2482207.215)[0m
[97m/home/cvazquezperezdelacru/clio-core/context-runtime/src/ipc_manager.cc:2440 INFO 2482230 IncreaseClientShm IpcManager::IncreaseClientShm: Creating clio_2482207_216 with size 127490816 (93936384 + 33554432 overhead)[0m
[97m/home/cvazquezperezdelacru/clio-core/context-runtime/src/ipc_manager.cc:2485 INFO 2482230 IncreaseClientShm IpcManager::IncreaseClientShm: Created allocator clio_2482207_216 with ID (2482207.216)[0m
[97m/home/cvazquezperezdelacru/clio-core/context-runtime/src/ipc_manager.cc:2440 INFO 2482230 IncreaseClientShm IpcManager::IncreaseClientShm: Creating clio_2482207_217 with size 125756608 (92202176 + 33554432 overhead)[0m
[97m/home/cvazquezperezdelacru/clio-core/context-runtime/src/ipc_manager.cc:2485 INFO 2482230 IncreaseClientShm IpcManager::IncreaseClientShm: Created allocator clio_2482207_217 with ID (2482207.217)[0m
[97m/home/cvazquezperezdelacru/clio-core/context-runtime/src/ipc_manager.cc:2440 INFO 2482229 IncreaseClientShm IpcManager::IncreaseClientShm: Creating clio_2482207_218 with size 127731312 (94176880 + 33554432 overhead)[0m
[97m/home/cvazquezperezdelacru/clio-core/context-runtime/src/ipc_manager.cc:2485 INFO 2482229 IncreaseClientShm IpcManager::IncreaseClientShm: Created allocator clio_2482207_218 with ID (2482207.218)[0m
[97m/home/cvazquezperezdelacru/clio-core/context-runtime/src/ipc_manager.cc:2440 INFO 2482229 IncreaseClientShm IpcManager::IncreaseClientShm: Creating clio_2482207_219 with size 126432608 (92878176 + 33554432 overhead)[0m
[97m/home/cvazquezperezdelacru/clio-core/context-runtime/src/ipc_manager.cc:2485 INFO 2482229 IncreaseClientShm IpcManager::IncreaseClientShm: Created allocator clio_2482207_219 with ID (2482207.219)[0m
[97m/home/cvazquezperezdelacru/clio-core/context-runtime/src/ipc_manager.cc:2440 INFO 2482229 IncreaseClientShm IpcManager::IncreaseClientShm: Creating clio_2482207_220 with size 127555808 (94001376 + 33554432 overhead)[0m
[97m/home/cvazquezperezdelacru/clio-core/context-runtime/src/ipc_manager.cc:2485 INFO 2482229 IncreaseClientShm IpcManager::IncreaseClientShm: Created allocator clio_2482207_220 with ID (2482207.220)[0m
[31m/home/cvazquezperezdelacru/clio-core/context-runtime/src/scheduler/default_sched.cc:726 ERROR 2482236 LoadBalance [HANGWATCH-HB] processed=132664 outstanding=498 (queued=498 blocked=0 retry=0 periodic=7) live=2 live_stalled=0[0m
[97m/home/cvazquezperezdelacru/clio-core/context-runtime/src/ipc_manager.cc:2440 INFO 2482229 IncreaseClientShm IpcManager::IncreaseClientShm: Creating clio_2482207_221 with size 127555808 (94001376 + 33554432 overhead)[0m
[97m/home/cvazquezperezdelacru/clio-core/context-runtime/src/ipc_manager.cc:2485 INFO 2482229 IncreaseClientShm IpcManager::IncreaseClientShm: Created allocator clio_2482207_221 with ID (2482207.221)[0m
[97m/home/cvazquezperezdelacru/clio-core/context-runtime/src/ipc_manager.cc:2440 INFO 2482231 IncreaseClientShm IpcManager::IncreaseClientShm: Creating clio_2482207_222 with size 129088512 (95534080 + 33554432 overhead)[0m
[97m/home/cvazquezperezdelacru/clio-core/context-runtime/src/ipc_manager.cc:2485 INFO 2482231 IncreaseClientShm IpcManager::IncreaseClientShm: Created allocator clio_2482207_222 with ID (2482207.222)[0m
[97m/home/cvazquezperezdelacru/clio-core/context-runtime/src/ipc_manager.cc:2440 INFO 2482231 IncreaseClientShm IpcManager::IncreaseClientShm: Creating clio_2482207_223 with size 129651408 (96096976 + 33554432 overhead)[0m
[97m/home/cvazquezperezdelacru/clio-core/context-runtime/src/ipc_manager.cc:2485 INFO 2482231 IncreaseClientShm IpcManager::IncreaseClientShm: Created allocator clio_2482207_223 with ID (2482207.223)[0m
[97m/home/cvazquezperezdelacru/clio-core/context-runtime/src/ipc_manager.cc:2440 INFO 2482229 IncreaseClientShm IpcManager::IncreaseClientShm: Creating clio_2482207_224 with size 132242312 (98687880 + 33554432 overhead)[0m
[97m/home/cvazquezperezdelacru/clio-core/context-runtime/src/ipc_manager.cc:2485 INFO 2482229 IncreaseClientShm IpcManager::IncreaseClientShm: Created allocator clio_2482207_224 with ID (2482207.224)[0m
[97m/home/cvazquezperezdelacru/clio-core/context-runtime/src/ipc_manager.cc:2440 INFO 2482232 IncreaseClientShm IpcManager::IncreaseClientShm: Creating clio_2482207_225 with size 130842208 (97287776 + 33554432 overhead)[0m
[97m/home/cvazquezperezdelacru/clio-core/context-runtime/src/ipc_manager.cc:2485 INFO 2482232 IncreaseClientShm IpcManager::IncreaseClientShm: Created allocator clio_2482207_225 with ID (2482207.225)[0m
[97m/home/cvazquezperezdelacru/clio-core/context-runtime/src/ipc_manager.cc:2440 INFO 2482231 IncreaseClientShm IpcManager::IncreaseClientShm: Creating clio_2482207_226 with size 127550608 (93996176 + 33554432 overhead)[0m
[97m/home/cvazquezperezdelacru/clio-core/context-runtime/src/ipc_manager.cc:2485 INFO 2482231 IncreaseClientShm IpcManager::IncreaseClientShm: Created allocator clio_2482207_226 with ID (2482207.226)[0m
[97m/home/cvazquezperezdelacru/clio-core/context-runtime/src/ipc_manager.cc:2440 INFO 2482229 IncreaseClientShm IpcManager::IncreaseClientShm: Creating clio_2482207_227 with size 126267512 (92713080 + 33554432 overhead)[0m
[97m/home/cvazquezperezdelacru/clio-core/context-runtime/src/ipc_manager.cc:2485 INFO 2482229 IncreaseClientShm IpcManager::IncreaseClientShm: Created allocator clio_2482207_227 with ID (2482207.227)[0m
[97m/home/cvazquezperezdelacru/clio-core/context-runtime/src/ipc_manager.cc:2440 INFO 2482229 IncreaseClientShm IpcManager::IncreaseClientShm: Creating clio_2482207_228 with size 127593512 (94039080 + 33554432 overhead)[0m
[97m/home/cvazquezperezdelacru/clio-core/context-runtime/src/ipc_manager.cc:2485 INFO 2482229 IncreaseClientShm IpcManager::IncreaseClientShm: Created allocator clio_2482207_228 with ID (2482207.228)[0m
[97m/home/cvazquezperezdelacru/clio-core/context-runtime/src/ipc_manager.cc:2440 INFO 2482229 IncreaseClientShm IpcManager::IncreaseClientShm: Creating clio_2482207_229 with size 128298112 (94743680 + 33554432 overhead)[0m
[97m/home/cvazquezperezdelacru/clio-core/context-runtime/src/ipc_manager.cc:2485 INFO 2482229 IncreaseClientShm IpcManager::IncreaseClientShm: Created allocator clio_2482207_229 with ID (2482207.229)[0m
[97m/home/cvazquezperezdelacru/clio-core/context-runtime/src/ipc_manager.cc:2440 INFO 2482229 IncreaseClientShm IpcManager::IncreaseClientShm: Creating clio_2482207_230 with size 126896712 (93342280 + 33554432 overhead)[0m
[97m/home/cvazquezperezdelacru/clio-core/context-runtime/src/ipc_manager.cc:2485 INFO 2482229 IncreaseClientShm IpcManager::IncreaseClientShm: Created allocator clio_2482207_230 with ID (2482207.230)[0m
[97m/home/cvazquezperezdelacru/clio-core/context-runtime/src/ipc_manager.cc:2440 INFO 2482230 IncreaseClientShm IpcManager::IncreaseClientShm: Creating clio_2482207_231 with size 127555808 (94001376 + 33554432 overhead)[0m
[97m/home/cvazquezperezdelacru/clio-core/context-runtime/src/ipc_manager.cc:2485 INFO 2482230 IncreaseClientShm IpcManager::IncreaseClientShm: Created allocator clio_2482207_231 with ID (2482207.231)[0m
[97m/home/cvazquezperezdelacru/clio-core/context-runtime/src/ipc_manager.cc:2440 INFO 2482229 IncreaseClientShm IpcManager::IncreaseClientShm: Creating clio_2482207_232 with size 127186608 (93632176 + 33554432 overhead)[0m
[97m/home/cvazquezperezdelacru/clio-core/context-runtime/src/ipc_manager.cc:2485 INFO 2482229 IncreaseClientShm IpcManager::IncreaseClientShm: Created allocator clio_2482207_232 with ID (2482207.232)[0m
[97m/home/cvazquezperezdelacru/clio-core/context-runtime/src/ipc_manager.cc:2440 INFO 2482229 IncreaseClientShm IpcManager::IncreaseClientShm: Creating clio_2482207_233 with size 129096312 (95541880 + 33554432 overhead)[0m
[97m/home/cvazquezperezdelacru/clio-core/context-runtime/src/ipc_manager.cc:2485 INFO 2482229 IncreaseClientShm IpcManager::IncreaseClientShm: Created allocator clio_2482207_233 with ID (2482207.233)[0m
[97m/home/cvazquezperezdelacru/clio-core/context-runtime/src/ipc_manager.cc:2440 INFO 2482229 IncreaseClientShm IpcManager::IncreaseClientShm: Creating clio_2482207_234 with size 132545216 (98990784 + 33554432 overhead)[0m
[97m/home/cvazquezperezdelacru/clio-core/context-runtime/src/ipc_manager.cc:2485 INFO 2482229 IncreaseClientShm IpcManager::IncreaseClientShm: Created allocator clio_2482207_234 with ID (2482207.234)[0m
[97m/home/cvazquezperezdelacru/clio-core/context-runtime/src/ipc_manager.cc:2440 INFO 2482230 IncreaseClientShm IpcManager::IncreaseClientShm: Creating clio_2482207_235 with size 129370608 (95816176 + 33554432 overhead)[0m
[97m/home/cvazquezperezdelacru/clio-core/context-runtime/src/ipc_manager.cc:2485 INFO 2482230 IncreaseClientShm IpcManager::IncreaseClientShm: Created allocator clio_2482207_235 with ID (2482207.235)[0m
[31m/home/cvazquezperezdelacru/clio-core/context-runtime/src/scheduler/default_sched.cc:726 ERROR 2482236 LoadBalance [HANGWATCH-HB] processed=141328 outstanding=489 (queued=489 blocked=0 retry=0 periodic=7) live=3 live_stalled=0[0m
[97m/home/cvazquezperezdelacru/clio-core/context-runtime/src/ipc_manager.cc:2440 INFO 2482231 IncreaseClientShm IpcManager::IncreaseClientShm: Creating clio_2482207_236 with size 127518112 (93963680 + 33554432 overhead)[0m
[97m/home/cvazquezperezdelacru/clio-core/context-runtime/src/ipc_manager.cc:2485 INFO 2482231 IncreaseClientShm IpcManager::IncreaseClientShm: Created allocator clio_2482207_236 with ID (2482207.236)[0m
[97m/home/cvazquezperezdelacru/clio-core/context-runtime/src/ipc_manager.cc:2440 INFO 2482231 IncreaseClientShm IpcManager::IncreaseClientShm: Creating clio_2482207_237 with size 132242312 (98687880 + 33554432 overhead)[0m
[97m/home/cvazquezperezdelacru/clio-core/context-runtime/src/ipc_manager.cc:2485 INFO 2482231 IncreaseClientShm IpcManager::IncreaseClientShm: Created allocator clio_2482207_237 with ID (2482207.237)[0m
[97m/home/cvazquezperezdelacru/clio-core/context-runtime/src/ipc_manager.cc:2440 INFO 2482230 IncreaseClientShm IpcManager::IncreaseClientShm: Creating clio_2482207_238 with size 125001312 (91446880 + 33554432 overhead)[0m
[97m/home/cvazquezperezdelacru/clio-core/context-runtime/src/ipc_manager.cc:2485 INFO 2482230 IncreaseClientShm IpcManager::IncreaseClientShm: Created allocator clio_2482207_238 with ID (2482207.238)[0m
[97m/home/cvazquezperezdelacru/clio-core/context-runtime/src/ipc_manager.cc:2440 INFO 2482231 IncreaseClientShm IpcManager::IncreaseClientShm: Creating clio_2482207_239 with size 126267512 (92713080 + 33554432 overhead)[0m
[97m/home/cvazquezperezdelacru/clio-core/context-runtime/src/ipc_manager.cc:2485 INFO 2482231 IncreaseClientShm IpcManager::IncreaseClientShm: Created allocator clio_2482207_239 with ID (2482207.239)[0m
[97m/home/cvazquezperezdelacru/clio-core/context-runtime/src/ipc_manager.cc:2440 INFO 2482229 IncreaseClientShm IpcManager::IncreaseClientShm: Creating clio_2482207_240 with size 126621112 (93066680 + 33554432 overhead)[0m
[97m/home/cvazquezperezdelacru/clio-core/context-runtime/src/ipc_manager.cc:2485 INFO 2482229 IncreaseClientShm IpcManager::IncreaseClientShm: Created allocator clio_2482207_240 with ID (2482207.240)[0m
[97m/home/cvazquezperezdelacru/clio-core/context-runtime/src/ipc_manager.cc:2440 INFO 2482231 IncreaseClientShm IpcManager::IncreaseClientShm: Creating clio_2482207_241 with size 128298112 (94743680 + 33554432 overhead)[0m
[97m/home/cvazquezperezdelacru/clio-core/context-runtime/src/ipc_manager.cc:2485 INFO 2482231 IncreaseClientShm IpcManager::IncreaseClientShm: Created allocator clio_2482207_241 with ID (2482207.241)[0m
[97m/home/cvazquezperezdelacru/clio-core/context-runtime/src/ipc_manager.cc:2440 INFO 2482229 IncreaseClientShm IpcManager::IncreaseClientShm: Creating clio_2482207_242 with size 127291912 (93737480 + 33554432 overhead)[0m
[97m/home/cvazquezperezdelacru/clio-core/context-runtime/src/ipc_manager.cc:2485 INFO 2482229 IncreaseClientShm IpcManager::IncreaseClientShm: Created allocator clio_2482207_242 with ID (2482207.242)[0m
[33m/home/cvazquezperezdelacru/clio-core/context-runtime/src/scheduler/default_sched.cc:430 WARNING 2482236 LoadBalance [#781 PDF] observed exec-time bins (cumulative): <10us=1001809 <50us=70042 <500us=34314 <10ms=37125 <50ms=5 <500ms=7 <1s=12 >=1s=7 | stalls_detected=0[0m
[33m/home/cvazquezperezdelacru/clio-core/context-runtime/src/scheduler/default_sched.cc:439 WARNING 2482236 LoadBalance [#785] lane rescues performed: 0[0m
[97m/home/cvazquezperezdelacru/clio-core/context-runtime/src/ipc_manager.cc:2440 INFO 2482230 IncreaseClientShm IpcManager::IncreaseClientShm: Creating clio_2482207_243 with size 128298112 (94743680 + 33554432 overhead)[0m
[97m/home/cvazquezperezdelacru/clio-core/context-runtime/src/ipc_manager.cc:2485 INFO 2482230 IncreaseClientShm IpcManager::IncreaseClientShm: Created allocator clio_2482207_243 with ID (2482207.243)[0m
[97m/home/cvazquezperezdelacru/clio-core/context-runtime/src/ipc_manager.cc:2440 INFO 2482232 IncreaseClientShm IpcManager::IncreaseClientShm: Creating clio_2482207_244 with size 127186608 (93632176 + 33554432 overhead)[0m
[97m/home/cvazquezperezdelacru/clio-core/context-runtime/src/ipc_manager.cc:2485 INFO 2482232 IncreaseClientShm IpcManager::IncreaseClientShm: Created allocator clio_2482207_244 with ID (2482207.244)[0m
[97m/home/cvazquezperezdelacru/clio-core/context-runtime/src/ipc_manager.cc:2440 INFO 2482230 IncreaseClientShm IpcManager::IncreaseClientShm: Creating clio_2482207_245 with size 128298112 (94743680 + 33554432 overhead)[0m
[97m/home/cvazquezperezdelacru/clio-core/context-runtime/src/ipc_manager.cc:2485 INFO 2482230 IncreaseClientShm IpcManager::IncreaseClientShm: Created allocator clio_2482207_245 with ID (2482207.245)[0m
[97m/home/cvazquezperezdelacru/clio-core/context-runtime/src/ipc_manager.cc:2440 INFO 2482232 IncreaseClientShm IpcManager::IncreaseClientShm: Creating clio_2482207_246 with size 132545216 (98990784 + 33554432 overhead)[0m
[97m/home/cvazquezperezdelacru/clio-core/context-runtime/src/ipc_manager.cc:2485 INFO 2482232 IncreaseClientShm IpcManager::IncreaseClientShm: Created allocator clio_2482207_246 with ID (2482207.246)[0m
[97m/home/cvazquezperezdelacru/clio-core/context-runtime/src/ipc_manager.cc:2440 INFO 2482232 IncreaseClientShm IpcManager::IncreaseClientShm: Creating clio_2482207_247 with size 127186608 (93632176 + 33554432 overhead)[0m
[97m/home/cvazquezperezdelacru/clio-core/context-runtime/src/ipc_manager.cc:2485 INFO 2482232 IncreaseClientShm IpcManager::IncreaseClientShm: Created allocator clio_2482207_247 with ID (2482207.247)[0m
[97m/home/cvazquezperezdelacru/clio-core/context-runtime/src/ipc_manager.cc:2440 INFO 2482232 IncreaseClientShm IpcManager::IncreaseClientShm: Creating clio_2482207_248 with size 129096312 (95541880 + 33554432 overhead)[0m
[97m/home/cvazquezperezdelacru/clio-core/context-runtime/src/ipc_manager.cc:2485 INFO 2482232 IncreaseClientShm IpcManager::IncreaseClientShm: Created allocator clio_2482207_248 with ID (2482207.248)[0m
[97m/home/cvazquezperezdelacru/clio-core/context-runtime/src/ipc_manager.cc:2440 INFO 2482231 IncreaseClientShm IpcManager::IncreaseClientShm: Creating clio_2482207_249 with size 132545216 (98990784 + 33554432 overhead)[0m
[97m/home/cvazquezperezdelacru/clio-core/context-runtime/src/ipc_manager.cc:2485 INFO 2482231 IncreaseClientShm IpcManager::IncreaseClientShm: Created allocator clio_2482207_249 with ID (2482207.249)[0m
[31m/home/cvazquezperezdelacru/clio-core/context-runtime/src/scheduler/default_sched.cc:726 ERROR 2482236 LoadBalance [HANGWATCH-HB] processed=150405 outstanding=371 (queued=371 blocked=0 retry=0 periodic=7) live=4 live_stalled=0[0m
[97m/home/cvazquezperezdelacru/clio-core/context-runtime/src/ipc_manager.cc:2440 INFO 2482230 IncreaseClientShm IpcManager::IncreaseClientShm: Creating clio_2482207_250 with size 132545216 (98990784 + 33554432 overhead)[0m
[97m/home/cvazquezperezdelacru/clio-core/context-runtime/src/ipc_manager.cc:2485 INFO 2482230 IncreaseClientShm IpcManager::IncreaseClientShm: Created allocator clio_2482207_250 with ID (2482207.250)[0m
[97m/home/cvazquezperezdelacru/clio-core/context-runtime/src/ipc_manager.cc:2440 INFO 2482231 IncreaseClientShm IpcManager::IncreaseClientShm: Creating clio_2482207_251 with size 124517712 (90963280 + 33554432 overhead)[0m
[97m/home/cvazquezperezdelacru/clio-core/context-runtime/src/ipc_manager.cc:2485 INFO 2482231 IncreaseClientShm IpcManager::IncreaseClientShm: Created allocator clio_2482207_251 with ID (2482207.251)[0m
[97m/home/cvazquezperezdelacru/clio-core/context-runtime/src/ipc_manager.cc:2440 INFO 2482231 IncreaseClientShm IpcManager::IncreaseClientShm: Creating clio_2482207_252 with size 125089712 (91535280 + 33554432 overhead)[0m
[97m/home/cvazquezperezdelacru/clio-core/context-runtime/src/ipc_manager.cc:2485 INFO 2482231 IncreaseClientShm IpcManager::IncreaseClientShm: Created allocator clio_2482207_252 with ID (2482207.252)[0m
[97m/home/cvazquezperezdelacru/clio-core/context-runtime/src/ipc_manager.cc:2440 INFO 2482232 IncreaseClientShm IpcManager::IncreaseClientShm: Creating clio_2482207_253 with size 127291912 (93737480 + 33554432 overhead)[0m
[97m/home/cvazquezperezdelacru/clio-core/context-runtime/src/ipc_manager.cc:2485 INFO 2482232 IncreaseClientShm IpcManager::IncreaseClientShm: Created allocator clio_2482207_253 with ID (2482207.253)[0m
[97m/home/cvazquezperezdelacru/clio-core/context-runtime/src/ipc_manager.cc:2440 INFO 2482231 IncreaseClientShm IpcManager::IncreaseClientShm: Creating clio_2482207_254 with size 126784912 (93230480 + 33554432 overhead)[0m
[97m/home/cvazquezperezdelacru/clio-core/context-runtime/src/ipc_manager.cc:2485 INFO 2482231 IncreaseClientShm IpcManager::IncreaseClientShm: Created allocator clio_2482207_254 with ID (2482207.254)[0m
[97m/home/cvazquezperezdelacru/clio-core/context-runtime/src/ipc_manager.cc:2440 INFO 2482230 IncreaseClientShm IpcManager::IncreaseClientShm: Creating clio_2482207_255 with size 126784912 (93230480 + 33554432 overhead)[0m
[97m/home/cvazquezperezdelacru/clio-core/context-runtime/src/ipc_manager.cc:2485 INFO 2482230 IncreaseClientShm IpcManager::IncreaseClientShm: Created allocator clio_2482207_255 with ID (2482207.255)[0m
[97m/home/cvazquezperezdelacru/clio-core/context-runtime/src/ipc_manager.cc:2440 INFO 2482230 IncreaseClientShm IpcManager::IncreaseClientShm: Creating clio_2482207_256 with size 126784912 (93230480 + 33554432 overhead)[0m
[97m/home/cvazquezperezdelacru/clio-core/context-runtime/src/ipc_manager.cc:2485 INFO 2482230 IncreaseClientShm IpcManager::IncreaseClientShm: Created allocator clio_2482207_256 with ID (2482207.256)[0m
[97m/home/cvazquezperezdelacru/clio-core/context-runtime/src/ipc_manager.cc:2440 INFO 2482231 IncreaseClientShm IpcManager::IncreaseClientShm: Creating clio_2482207_257 with size 123637616 (90083184 + 33554432 overhead)[0m
[97m/home/cvazquezperezdelacru/clio-core/context-runtime/src/ipc_manager.cc:2485 INFO 2482231 IncreaseClientShm IpcManager::IncreaseClientShm: Created allocator clio_2482207_257 with ID (2482207.257)[0m
[97m/home/cvazquezperezdelacru/clio-core/context-runtime/src/ipc_manager.cc:2440 INFO 2482231 IncreaseClientShm IpcManager::IncreaseClientShm: Creating clio_2482207_258 with size 127291912 (93737480 + 33554432 overhead)[0m
[97m/home/cvazquezperezdelacru/clio-core/context-runtime/src/ipc_manager.cc:2485 INFO 2482231 IncreaseClientShm IpcManager::IncreaseClientShm: Created allocator clio_2482207_258 with ID (2482207.258)[0m
[97m/home/cvazquezperezdelacru/clio-core/context-runtime/src/pool_manager.cc:431 INFO 2482207 DestroyLocalPool PoolManager: Destroyed local pool PoolId(major:1, minor:0)[0m
[31m/home/cvazquezperezdelacru/clio-core/context-runtime/src/ipc_manager.cc:3849 ERROR 2482235 RouteTask RouteTask: RouteLocal returned 4 for pool=PoolId(major:1, minor:0) method=21, worker=7[0m
[31m/home/cvazquezperezdelacru/clio-core/context-runtime/src/ipc_manager.cc:3849 ERROR 2482234 RouteTask RouteTask: RouteLocal returned 4 for pool=PoolId(major:1, minor:0) method=14, worker=6[0m
[31m/home/cvazquezperezdelacru/clio-core/context-runtime/src/ipc_manager.cc:3849 ERROR 2482235 RouteTask RouteTask: RouteLocal returned 4 for pool=PoolId(major:1, minor:0) method=21, worker=7[0m
[31m/home/cvazquezperezdelacru/clio-core/context-runtime/src/ipc_manager.cc:3849 ERROR 2482234 RouteTask RouteTask: RouteLocal returned 4 for pool=PoolId(major:1, minor:0) method=14, worker=6[0m
