[97m/home/cvazquezperezdelacru/clio-core/context-runtime/src/config_manager.cc:144 INFO 1159826 ClientInit Config at: /mnt/common/cvazquezperezdelacru/IOWARP/faiss/contrib/iowarp/benchmarks/results/ares_cte_rendered_20260730_135052.yaml[0m
[97m/home/cvazquezperezdelacru/clio-core/context-runtime/src/ipc_manager.cc:2865 INFO 1159826 ClearUserIpcs ClearUserIpcs: Removed 124 memfd symlinks from previous runs[0m
[33m/home/cvazquezperezdelacru/clio-core/context-runtime/src/ipc_manager.cc:906 WARNING 1159826 ServerInitShm Main segment: requested 50079694848 bytes exceeds half the memory budget (50079694848 bytes); clamping to 25039847424 bytes[0m
[97m/home/cvazquezperezdelacru/clio-core/context-runtime/src/ipc_manager.cc:931 INFO 1159826 ServerInitShm Initializing main shared memory segment: 25039847424 bytes (23879 MB)[0m
[97m/home/cvazquezperezdelacru/clio-core/context-runtime/src/ipc_manager.cc:952 INFO 1159826 ServerInitShm Initializing queue shared memory segment: 646224224 bytes (631078 KB)[0m
[33m/home/cvazquezperezdelacru/clio-core/context-runtime/src/ipc_manager.cc:1005 WARNING 1159826 ServerInitShm Metadata segment: requested 50079694848 bytes exceeds half the memory budget (50079694848 bytes); clamping to 25039847424 bytes[0m
[97m/home/cvazquezperezdelacru/clio-core/context-runtime/src/ipc_manager.cc:1039 INFO 1159826 ServerInitShm Initializing metadata shared memory segment: 25039847424 bytes (23879 MB), sparse/not pre-faulted[0m
[97m/home/cvazquezperezdelacru/clio-core/context-runtime/src/ipc_manager.cc:865 INFO 1159826 ExcludeFromCoreDump metadata segment: excluded 25039847424 bytes from core dumps[0m
[97m/home/cvazquezperezdelacru/clio-core/context-runtime/src/ipc_manager.cc:1072 INFO 1159826 ServerInitShm ServerInitShm: metadata directory at offset 68072[0m
[97m/home/cvazquezperezdelacru/clio-core/context-runtime/src/ipc_manager.cc:1127 INFO 1159826 ServerInitShm ServerInitShm: 8 inbound SHM ring(s) 'clio-1159826-shm-in-0..7' (16MB each)[0m
[97m/home/cvazquezperezdelacru/clio-core/context-runtime/src/ipc_manager.cc:1269 INFO 1159826 ServerInitQueues Initializing 16 worker queues with depth 1024 (last worker serves dual role)[0m
[97m/home/cvazquezperezdelacru/clio-core/context-runtime/src/ipc_manager.cc:1933 INFO 1159826 IdentifyThisHost SUCCESS: Main server started on 0.0.0.0:9413 (advertised as 0.0.0.0, node=0)[0m
[97m/home/cvazquezperezdelacru/clio-core/context-runtime/src/ipc_manager.cc:561 INFO 1159826 ServerInit IpcManager: TCP ROUTER transport bound on 0.0.0.0:9416[0m
[97m/home/cvazquezperezdelacru/clio-core/context-runtime/src/ipc_manager.cc:579 INFO 1159826 ServerInit IpcManager: IPC lightbeam server bound on /tmp/clio_cvazquezperezdelacru/clio_9413.ipc[0m
[97m/home/cvazquezperezdelacru/clio-core/context-runtime/src/module_manager.cc:137 INFO 1159826 LoadChiMod Loaded ChiMod: clio_MOD_NAME from /mnt/common/cvazquezperezdelacru/clio-core-dev-install/lib/libclio_MOD_NAME_runtime.so[0m
[97m/home/cvazquezperezdelacru/clio-core/context-runtime/src/module_manager.cc:137 INFO 1159826 LoadChiMod Loaded ChiMod: clio_admin from /mnt/common/cvazquezperezdelacru/clio-core-dev-install/lib/libclio_admin_runtime.so[0m
[97m/home/cvazquezperezdelacru/clio-core/context-runtime/src/module_manager.cc:137 INFO 1159826 LoadChiMod Loaded ChiMod: clio_bdev from /mnt/common/cvazquezperezdelacru/clio-core-dev-install/lib/libclio_bdev_runtime.so[0m
[97m/home/cvazquezperezdelacru/clio-core/context-runtime/src/module_manager.cc:137 INFO 1159826 LoadChiMod Loaded ChiMod: clio_safe_bdev from /mnt/common/cvazquezperezdelacru/clio-core-dev-install/lib/libclio_safe_bdev_runtime.so[0m
[97m/home/cvazquezperezdelacru/clio-core/context-runtime/src/module_manager.cc:137 INFO 1159826 LoadChiMod Loaded ChiMod: clio_cte_core from /mnt/common/cvazquezperezdelacru/clio-core-dev-install/lib/libclio_cte_core_runtime.so[0m
[97m/home/cvazquezperezdelacru/clio-core/context-runtime/src/module_manager.cc:137 INFO 1159826 LoadChiMod Loaded ChiMod: clio_cte_filesystem from /mnt/common/cvazquezperezdelacru/clio-core-dev-install/lib/libclio_cte_filesystem_runtime.so[0m
[97m/home/cvazquezperezdelacru/clio-core/context-runtime/src/module_manager.cc:137 INFO 1159826 LoadChiMod Loaded ChiMod: clio_faiss_ivf from /mnt/common/cvazquezperezdelacru/IOWARP/faiss/contrib/iowarp/build-dev/chimod/libclio_faiss_ivf_runtime.so[0m
[97m/home/cvazquezperezdelacru/clio-core/context-runtime/src/work_orchestrator.cc:94 INFO 1159826 Init Creating 8 workers (7 task + 1 dedicated network)[0m
[97m/home/cvazquezperezdelacru/clio-core/context-runtime/src/ipc_manager.cc:756 INFO 1159826 SetNumSchedQueues IpcManager: Updated num_sched_queues to 1[0m
[97m/home/cvazquezperezdelacru/clio-core/context-runtime/src/scheduler/default_sched.cc:139 INFO 1159826 DivideWorkers DefaultScheduler: 1 scheduler worker (0), 4 I/O workers, net_send_worker=6, net_recv_worker=7, gpu_worker=5[0m
[97m/home/cvazquezperezdelacru/clio-core/context-runtime/src/work_orchestrator.cc:271 INFO 1159826 SpawnWorkerThreads WorkOrchestrator: num_workers=8, num_lanes=16[0m
[97m/home/cvazquezperezdelacru/clio-core/context-runtime/src/work_orchestrator.cc:294 INFO 1159826 SpawnWorkerThreads WorkOrchestrator: Mapped worker 0 (ID 0) to lane 0[0m
[97m/home/cvazquezperezdelacru/clio-core/context-runtime/src/work_orchestrator.cc:294 INFO 1159826 SpawnWorkerThreads WorkOrchestrator: Mapped worker 1 (ID 1) to lane 1[0m
[97m/home/cvazquezperezdelacru/clio-core/context-runtime/src/work_orchestrator.cc:294 INFO 1159826 SpawnWorkerThreads WorkOrchestrator: Mapped worker 2 (ID 2) to lane 2[0m
[97m/home/cvazquezperezdelacru/clio-core/context-runtime/src/work_orchestrator.cc:294 INFO 1159826 SpawnWorkerThreads WorkOrchestrator: Mapped worker 3 (ID 3) to lane 3[0m
[97m/home/cvazquezperezdelacru/clio-core/context-runtime/src/work_orchestrator.cc:294 INFO 1159826 SpawnWorkerThreads WorkOrchestrator: Mapped worker 4 (ID 4) to lane 4[0m
[97m/home/cvazquezperezdelacru/clio-core/context-runtime/src/work_orchestrator.cc:294 INFO 1159826 SpawnWorkerThreads WorkOrchestrator: Mapped worker 5 (ID 5) to lane 5[0m
[97m/home/cvazquezperezdelacru/clio-core/context-runtime/src/work_orchestrator.cc:294 INFO 1159826 SpawnWorkerThreads WorkOrchestrator: Mapped worker 6 (ID 6) to lane 6[0m
[97m/home/cvazquezperezdelacru/clio-core/context-runtime/src/work_orchestrator.cc:294 INFO 1159826 SpawnWorkerThreads WorkOrchestrator: Mapped worker 7 (ID 7) to lane 7[0m
[97m/home/cvazquezperezdelacru/clio-core/context-runtime/src/pool_manager.cc:534 INFO 1159826 CreatePool PoolManager: Creating pool 'admin' with 1 containers (one per node)[0m
[33m/home/cvazquezperezdelacru/clio-core/context-runtime/modules/admin/include/clio_runtime/admin/admin_client.h:59 WARNING 1159826 Client AdminClient: Default constructor called - pool_id_ will be PoolId(0,0)[0m
[97m/home/cvazquezperezdelacru/clio-core/context-runtime/src/pool_manager.cc:615 INFO 1159826 CreatePool Creating container for pool PoolId(major:1, minor:0) on node 0 with container_id=0[0m
[97m/home/cvazquezperezdelacru/clio-core/context-runtime/src/pool_manager.cc:644 INFO 1159826 CreatePool Container initialized with pool ID PoolId(major:1, minor:0), name admin, and container ID 0[0m
[97m/home/cvazquezperezdelacru/clio-core/context-runtime/src/pool_manager.cc:663 INFO 1159826 CreatePool CreatePool: Running Create method for pool PoolId(major:1, minor:0)[0m
[97m/home/cvazquezperezdelacru/clio-core/context-runtime/src/ipc/ipc_run2run.cc:1105 INFO 1159856 operator() [PeerRecvThread] started[0m
[97m/home/cvazquezperezdelacru/clio-core/context-runtime/src/ipc/ipc_run2run.cc:1166 INFO 1159857 operator() [ClientRecvThread] started[0m
[97m/home/cvazquezperezdelacru/clio-core/context-runtime/src/pool_manager.cc:666 INFO 1159826 CreatePool CreatePool: Create method completed for pool PoolId(major:1, minor:0)[0m
[97m/home/cvazquezperezdelacru/clio-core/context-runtime/src/pool_manager.cc:700 INFO 1159826 CreatePool PoolManager: Created complete pool PoolId(major:1, minor:0) with ChiMod clio_admin (1 containers)[0m
[97m/home/cvazquezperezdelacru/clio-core/context-runtime/src/pool_manager.cc:125 INFO 1159826 ServerInit PoolManager: Admin chimod pool created successfully with PoolId PoolId(major:1, minor:0)[0m
[97m/home/cvazquezperezdelacru/clio-core/context-runtime/src/manager.cc:264 INFO 1159826 ServerInit Processing compose configuration with 3 pools[0m
[33m/home/cvazquezperezdelacru/clio-core/context-runtime/src/../modules/admin/include/clio_runtime/admin/admin_client.h:59 WARNING 1159826 Client AdminClient: Default constructor called - pool_id_ will be PoolId(0,0)[0m
[97m/home/cvazquezperezdelacru/clio-core/context-runtime/src/manager.cc:282 INFO 1159826 ServerInit Compose: Creating pool ram::chi_default_bdev (module: clio_bdev, restart: 0)[0m
[97m/home/cvazquezperezdelacru/clio-core/context-runtime/src/pool_manager.cc:534 INFO 1159851 CreatePool PoolManager: Creating pool 'ram::chi_default_bdev' with 1 containers (one per node)[0m
[97m/home/cvazquezperezdelacru/clio-core/context-runtime/src/pool_manager.cc:615 INFO 1159851 CreatePool Creating container for pool PoolId(major:301, minor:0) on node 0 with container_id=0[0m
[97m/home/cvazquezperezdelacru/clio-core/context-runtime/src/pool_manager.cc:644 INFO 1159851 CreatePool Container initialized with pool ID PoolId(major:301, minor:0), name ram::chi_default_bdev, and container ID 0[0m
[97m/home/cvazquezperezdelacru/clio-core/context-runtime/src/pool_manager.cc:663 INFO 1159851 CreatePool CreatePool: Running Create method for pool PoolId(major:301, minor:0)[0m
[97m/home/cvazquezperezdelacru/clio-core/context-runtime/modules/bdev/src/transports/mem_bdev_transport.cc:102 INFO 1159851 InitShmBacking [#783] RAM bdev 'clio_rambdev_1159826_301_0' is shared-memory backed (38655688704 of 38654705664 bytes mapped)[0m
[97m/home/cvazquezperezdelacru/clio-core/context-runtime/src/pool_manager.cc:666 INFO 1159851 CreatePool CreatePool: Create method completed for pool PoolId(major:301, minor:0)[0m
[97m/home/cvazquezperezdelacru/clio-core/context-runtime/src/pool_manager.cc:700 INFO 1159851 CreatePool PoolManager: Created complete pool PoolId(major:301, minor:0) with ChiMod clio_bdev (1 containers)[0m
[97m/home/cvazquezperezdelacru/clio-core/context-runtime/src/manager.cc:298 INFO 1159826 ServerInit Compose: Successfully created pool ram::chi_default_bdev (module: clio_bdev)[0m
[97m/home/cvazquezperezdelacru/clio-core/context-runtime/src/manager.cc:282 INFO 1159826 ServerInit Compose: Creating pool cte_main (module: clio_cte_core, restart: 0)[0m
[97m/home/cvazquezperezdelacru/clio-core/context-runtime/src/pool_manager.cc:534 INFO 1159848 CreatePool PoolManager: Creating pool 'cte_main' with 1 containers (one per node)[0m
[97m/home/cvazquezperezdelacru/clio-core/context-runtime/src/pool_manager.cc:615 INFO 1159848 CreatePool Creating container for pool PoolId(major:512, minor:0) on node 0 with container_id=0[0m
[97m/home/cvazquezperezdelacru/clio-core/context-runtime/src/pool_manager.cc:644 INFO 1159848 CreatePool Container initialized with pool ID PoolId(major:512, minor:0), name cte_main, and container ID 0[0m
[97m/home/cvazquezperezdelacru/clio-core/context-runtime/src/pool_manager.cc:663 INFO 1159848 CreatePool CreatePool: Running Create method for pool PoolId(major:512, minor:0)[0m
[97m/home/cvazquezperezdelacru/clio-core/context-transfer-engine/core/src/core_config.cc:618 INFO 1159848 ParseStorageConfig Parsed 2 storage devices[0m
[97m/home/cvazquezperezdelacru/clio-core/context-transfer-engine/core/src/core_config.cc:636 INFO 1159848 ParseDpeConfig Parsed DPE configuration: type=max_bw[0m
[97m/home/cvazquezperezdelacru/clio-core/context-transfer-engine/core/src/core_config.cc:111 INFO 1159848 LoadFromString Configuration loaded successfully from YAML string[0m
[97m/home/cvazquezperezdelacru/clio-core/context-transfer-engine/core/src/core_runtime.cc:545 INFO 1159848 Create CTE: shared-memory metadata cache enabled (tags=65536, blobs=262144, root_off=488)[0m
[97m/home/cvazquezperezdelacru/clio-core/context-runtime/src/pool_manager.cc:534 INFO 1159850 CreatePool PoolManager: Creating pool 'ram::cte_ram_tier_node0' with 1 containers (one per node)[0m
[97m/home/cvazquezperezdelacru/clio-core/context-runtime/src/pool_manager.cc:615 INFO 1159850 CreatePool Creating container for pool PoolId(major:512, minor:1) on node 0 with container_id=0[0m
[97m/home/cvazquezperezdelacru/clio-core/context-runtime/src/pool_manager.cc:644 INFO 1159850 CreatePool Container initialized with pool ID PoolId(major:512, minor:1), name ram::cte_ram_tier_node0, and container ID 0[0m
[97m/home/cvazquezperezdelacru/clio-core/context-runtime/src/pool_manager.cc:663 INFO 1159850 CreatePool CreatePool: Running Create method for pool PoolId(major:512, minor:1)[0m
[97m/home/cvazquezperezdelacru/clio-core/context-runtime/modules/bdev/src/transports/mem_bdev_transport.cc:102 INFO 1159850 InitShmBacking [#783] RAM bdev 'clio_rambdev_1159826_512_1' is shared-memory backed (32213237760 of 32212254720 bytes mapped)[0m
[97m/home/cvazquezperezdelacru/clio-core/context-runtime/src/pool_manager.cc:666 INFO 1159850 CreatePool CreatePool: Create method completed for pool PoolId(major:512, minor:1)[0m
[97m/home/cvazquezperezdelacru/clio-core/context-runtime/src/pool_manager.cc:700 INFO 1159850 CreatePool PoolManager: Created complete pool PoolId(major:512, minor:1) with ChiMod clio_bdev (1 containers)[0m
[97m/home/cvazquezperezdelacru/clio-core/context-runtime/src/pool_manager.cc:534 INFO 1159850 CreatePool PoolManager: Creating pool '/mnt/nvme/cvazquezperezdelacru/cte_tier_node0' with 1 containers (one per node)[0m
[97m/home/cvazquezperezdelacru/clio-core/context-runtime/src/pool_manager.cc:615 INFO 1159850 CreatePool Creating container for pool PoolId(major:513, minor:1) on node 0 with container_id=0[0m
[97m/home/cvazquezperezdelacru/clio-core/context-runtime/src/pool_manager.cc:644 INFO 1159850 CreatePool Container initialized with pool ID PoolId(major:513, minor:1), name /mnt/nvme/cvazquezperezdelacru/cte_tier_node0, and container ID 0[0m
[97m/home/cvazquezperezdelacru/clio-core/context-runtime/src/pool_manager.cc:663 INFO 1159850 CreatePool CreatePool: Running Create method for pool PoolId(major:513, minor:1)[0m
[97m/home/cvazquezperezdelacru/clio-core/context-runtime/src/pool_manager.cc:666 INFO 1159850 CreatePool CreatePool: Create method completed for pool PoolId(major:513, minor:1)[0m
[97m/home/cvazquezperezdelacru/clio-core/context-runtime/src/pool_manager.cc:700 INFO 1159850 CreatePool PoolManager: Created complete pool PoolId(major:513, minor:1) with ChiMod clio_bdev (1 containers)[0m
[97m/home/cvazquezperezdelacru/clio-core/context-transfer-engine/core/src/core_runtime.cc:663 INFO 1159848 Create CTE Core container created and initialized for pool: cte_main (ID: PoolId(major:512, minor:0))[0m
[97m/home/cvazquezperezdelacru/clio-core/context-transfer-engine/core/src/core_runtime.cc:667 INFO 1159848 Create Configuration: neighborhood=1, poll_period_ms=5000, stat_targets_period_ms=5000[0m
[97m/home/cvazquezperezdelacru/clio-core/context-transfer-engine/core/src/core_runtime.cc:709 INFO 1159848 Create Starting periodic StatTargets task with period 5000 ms[0m
[97m/home/cvazquezperezdelacru/clio-core/context-runtime/src/pool_manager.cc:666 INFO 1159848 CreatePool CreatePool: Create method completed for pool PoolId(major:512, minor:0)[0m
[97m/home/cvazquezperezdelacru/clio-core/context-runtime/src/pool_manager.cc:700 INFO 1159848 CreatePool PoolManager: Created complete pool PoolId(major:512, minor:0) with ChiMod clio_cte_core (1 containers)[0m
[97m/home/cvazquezperezdelacru/clio-core/context-runtime/src/manager.cc:298 INFO 1159826 ServerInit Compose: Successfully created pool cte_main (module: clio_cte_core)[0m
[97m/home/cvazquezperezdelacru/clio-core/context-runtime/src/manager.cc:282 INFO 1159826 ServerInit Compose: Creating pool faiss_ivf_main (module: clio_faiss_ivf, restart: 0)[0m
[97m/home/cvazquezperezdelacru/clio-core/context-runtime/src/pool_manager.cc:534 INFO 1159851 CreatePool PoolManager: Creating pool 'faiss_ivf_main' with 1 containers (one per node)[0m
[97m/home/cvazquezperezdelacru/clio-core/context-runtime/src/pool_manager.cc:615 INFO 1159851 CreatePool Creating container for pool PoolId(major:600, minor:0) on node 0 with container_id=0[0m
[97m/home/cvazquezperezdelacru/clio-core/context-runtime/src/pool_manager.cc:644 INFO 1159851 CreatePool Container initialized with pool ID PoolId(major:600, minor:0), name faiss_ivf_main, and container ID 0[0m
[97m/home/cvazquezperezdelacru/clio-core/context-runtime/src/pool_manager.cc:663 INFO 1159851 CreatePool CreatePool: Running Create method for pool PoolId(major:600, minor:0)[0m
[97m/home/cvazquezperezdelacru/clio-core/context-runtime/src/pool_manager.cc:666 INFO 1159851 CreatePool CreatePool: Create method completed for pool PoolId(major:600, minor:0)[0m
[97m/home/cvazquezperezdelacru/clio-core/context-runtime/src/pool_manager.cc:700 INFO 1159851 CreatePool PoolManager: Created complete pool PoolId(major:600, minor:0) with ChiMod clio_faiss_ivf (1 containers)[0m
[97m/home/cvazquezperezdelacru/clio-core/context-runtime/src/manager.cc:298 INFO 1159826 ServerInit Compose: Successfully created pool faiss_ivf_main (module: clio_faiss_ivf)[0m
[97m/home/cvazquezperezdelacru/clio-core/context-runtime/src/manager.cc:304 INFO 1159826 ServerInit Compose: All 3 pools created successfully[0m
[32m/home/cvazquezperezdelacru/clio-core/context-runtime/src/ipc_manager.cc:1368 SUCCESS 1159826 StartLocalServer Successfully started local server at 127.0.0.1:9414[0m
[97m/home/cvazquezperezdelacru/clio-core/context-runtime/src/manager.cc:137 INFO 1159826 ClientInit RuntimeManager::ClientInit[0m
[97m/home/cvazquezperezdelacru/clio-core/context-runtime/src/manager.cc:181 INFO 1159826 ClientInit ClientInit: g_admin already exists, pool_id_=PoolId(major:0, minor:0)[0m
[33m/home/cvazquezperezdelacru/clio-core/context-runtime/src/scheduler/default_sched.cc:430 WARNING 1159855 LoadBalance [#781 PDF] observed exec-time bins (cumulative): <10us=59478 <50us=277 <500us=10 <10ms=7 <50ms=0 <500ms=2 <1s=0 >=1s=0 | stalls_detected=0[0m
[33m/home/cvazquezperezdelacru/clio-core/context-runtime/src/scheduler/default_sched.cc:439 WARNING 1159855 LoadBalance [#785] lane rescues performed: 0[0m
[33m/home/cvazquezperezdelacru/clio-core/context-runtime/src/scheduler/default_sched.cc:430 WARNING 1159855 LoadBalance [#781 PDF] observed exec-time bins (cumulative): <10us=126588 <50us=477 <500us=16 <10ms=7 <50ms=0 <500ms=2 <1s=0 >=1s=0 | stalls_detected=0[0m
[33m/home/cvazquezperezdelacru/clio-core/context-runtime/src/scheduler/default_sched.cc:439 WARNING 1159855 LoadBalance [#785] lane rescues performed: 0[0m
[97m/home/cvazquezperezdelacru/clio-core/context-runtime/src/ipc_manager.cc:2288 INFO 1159857 GetOrCreateClient [ClientPool] Creating new persistent connection to 127.0.0.1:44067[0m
[97m/home/cvazquezperezdelacru/clio-core/context-runtime/src/../../context-transport-primitives/include/clio_ctp/lightbeam/zmq_transport.h:152 INFO 1159857 GetSharedContext [ZeroMqTransport] Created shared context with 8 I/O threads[0m
[97m/home/cvazquezperezdelacru/clio-core/context-runtime/src/ipc_manager.cc:2308 INFO 1159857 GetOrCreateClient [ClientPool] Connection established to 127.0.0.1:44067[0m
[33m/home/cvazquezperezdelacru/clio-core/context-runtime/src/scheduler/default_sched.cc:430 WARNING 1159855 LoadBalance [#781 PDF] observed exec-time bins (cumulative): <10us=193703 <50us=710 <500us=26 <10ms=9 <50ms=0 <500ms=2 <1s=0 >=1s=0 | stalls_detected=0[0m
[33m/home/cvazquezperezdelacru/clio-core/context-runtime/src/scheduler/default_sched.cc:439 WARNING 1159855 LoadBalance [#785] lane rescues performed: 0[0m
[97m/home/cvazquezperezdelacru/clio-core/context-runtime/modules/admin/src/admin_runtime.cc:1191 INFO 1159847 RegisterMemory Admin::RegisterMemory: Registering CPU alloc_id (1159947.0)[0m
[97m/home/cvazquezperezdelacru/clio-core/context-runtime/src/ipc_manager.cc:2532 INFO 1159847 RegisterMemory IpcManager::RegisterMemory: Registering clio_1159947_0 from pid 1159947[0m
[97m/home/cvazquezperezdelacru/clio-core/context-runtime/src/ipc_manager.cc:2575 INFO 1159847 RegisterMemory IpcManager::RegisterMemory: Successfully registered clio_1159947_0[0m
[97m/home/cvazquezperezdelacru/clio-core/context-runtime/src/pool_manager.cc:534 INFO 1159851 CreatePool PoolManager: Creating pool 'clio_cte_core' with 1 containers (one per node)[0m
[97m/home/cvazquezperezdelacru/clio-core/context-runtime/src/pool_manager.cc:575 INFO 1159851 CreatePool PoolManager: Pool PoolId(major:512, minor:0) already exists by ID, returning existing pool[0m
[97m/home/cvazquezperezdelacru/clio-core/context-runtime/modules/admin/src/admin_runtime.cc:1191 INFO 1159848 RegisterMemory Admin::RegisterMemory: Registering CPU alloc_id (1159947.1)[0m
[97m/home/cvazquezperezdelacru/clio-core/context-runtime/src/ipc_manager.cc:2532 INFO 1159848 RegisterMemory IpcManager::RegisterMemory: Registering clio_1159947_1 from pid 1159947[0m
[97m/home/cvazquezperezdelacru/clio-core/context-runtime/src/ipc_manager.cc:2575 INFO 1159848 RegisterMemory IpcManager::RegisterMemory: Successfully registered clio_1159947_1[0m
[33m/home/cvazquezperezdelacru/clio-core/context-runtime/src/scheduler/default_sched.cc:430 WARNING 1159855 LoadBalance [#781 PDF] observed exec-time bins (cumulative): <10us=263734 <50us=2176 <500us=162 <10ms=346 <50ms=33 <500ms=2 <1s=0 >=1s=0 | stalls_detected=0[0m
[33m/home/cvazquezperezdelacru/clio-core/context-runtime/src/scheduler/default_sched.cc:439 WARNING 1159855 LoadBalance [#785] lane rescues performed: 0[0m
[97m/home/cvazquezperezdelacru/clio-core/context-runtime/modules/admin/src/admin_runtime.cc:1191 INFO 1159848 RegisterMemory Admin::RegisterMemory: Registering CPU alloc_id (1159947.2)[0m
[97m/home/cvazquezperezdelacru/clio-core/context-runtime/src/ipc_manager.cc:2532 INFO 1159848 RegisterMemory IpcManager::RegisterMemory: Registering clio_1159947_2 from pid 1159947[0m
[97m/home/cvazquezperezdelacru/clio-core/context-runtime/src/ipc_manager.cc:2575 INFO 1159848 RegisterMemory IpcManager::RegisterMemory: Successfully registered clio_1159947_2[0m
[97m/home/cvazquezperezdelacru/clio-core/context-runtime/modules/admin/src/admin_runtime.cc:1191 INFO 1159849 RegisterMemory Admin::RegisterMemory: Registering CPU alloc_id (1159947.3)[0m
[97m/home/cvazquezperezdelacru/clio-core/context-runtime/src/ipc_manager.cc:2532 INFO 1159849 RegisterMemory IpcManager::RegisterMemory: Registering clio_1159947_3 from pid 1159947[0m
[97m/home/cvazquezperezdelacru/clio-core/context-runtime/src/ipc_manager.cc:2575 INFO 1159849 RegisterMemory IpcManager::RegisterMemory: Successfully registered clio_1159947_3[0m
[97m/home/cvazquezperezdelacru/clio-core/context-runtime/modules/admin/src/admin_runtime.cc:1191 INFO 1159849 RegisterMemory Admin::RegisterMemory: Registering CPU alloc_id (1159947.4)[0m
[97m/home/cvazquezperezdelacru/clio-core/context-runtime/src/ipc_manager.cc:2532 INFO 1159849 RegisterMemory IpcManager::RegisterMemory: Registering clio_1159947_4 from pid 1159947[0m
[97m/home/cvazquezperezdelacru/clio-core/context-runtime/src/ipc_manager.cc:2575 INFO 1159849 RegisterMemory IpcManager::RegisterMemory: Successfully registered clio_1159947_4[0m
[97m/home/cvazquezperezdelacru/clio-core/context-runtime/modules/admin/src/admin_runtime.cc:1191 INFO 1159849 RegisterMemory Admin::RegisterMemory: Registering CPU alloc_id (1159947.5)[0m
[97m/home/cvazquezperezdelacru/clio-core/context-runtime/src/ipc_manager.cc:2532 INFO 1159849 RegisterMemory IpcManager::RegisterMemory: Registering clio_1159947_5 from pid 1159947[0m
[97m/home/cvazquezperezdelacru/clio-core/context-runtime/src/ipc_manager.cc:2575 INFO 1159849 RegisterMemory IpcManager::RegisterMemory: Successfully registered clio_1159947_5[0m
[33m/home/cvazquezperezdelacru/clio-core/context-runtime/src/scheduler/default_sched.cc:430 WARNING 1159855 LoadBalance [#781 PDF] observed exec-time bins (cumulative): <10us=329633 <50us=4411 <500us=284 <10ms=682 <50ms=61 <500ms=2 <1s=0 >=1s=0 | stalls_detected=0[0m
[33m/home/cvazquezperezdelacru/clio-core/context-runtime/src/scheduler/default_sched.cc:439 WARNING 1159855 LoadBalance [#785] lane rescues performed: 0[0m
[97m/home/cvazquezperezdelacru/clio-core/context-runtime/modules/admin/src/admin_runtime.cc:1191 INFO 1159848 RegisterMemory Admin::RegisterMemory: Registering CPU alloc_id (1159947.6)[0m
[97m/home/cvazquezperezdelacru/clio-core/context-runtime/src/ipc_manager.cc:2532 INFO 1159848 RegisterMemory IpcManager::RegisterMemory: Registering clio_1159947_6 from pid 1159947[0m
[97m/home/cvazquezperezdelacru/clio-core/context-runtime/src/ipc_manager.cc:2575 INFO 1159848 RegisterMemory IpcManager::RegisterMemory: Successfully registered clio_1159947_6[0m
[97m/home/cvazquezperezdelacru/clio-core/context-runtime/modules/admin/src/admin_runtime.cc:1191 INFO 1159848 RegisterMemory Admin::RegisterMemory: Registering CPU alloc_id (1159947.7)[0m
[97m/home/cvazquezperezdelacru/clio-core/context-runtime/src/ipc_manager.cc:2532 INFO 1159848 RegisterMemory IpcManager::RegisterMemory: Registering clio_1159947_7 from pid 1159947[0m
[97m/home/cvazquezperezdelacru/clio-core/context-runtime/src/ipc_manager.cc:2575 INFO 1159848 RegisterMemory IpcManager::RegisterMemory: Successfully registered clio_1159947_7[0m
[97m/home/cvazquezperezdelacru/clio-core/context-runtime/modules/admin/src/admin_runtime.cc:1191 INFO 1159848 RegisterMemory Admin::RegisterMemory: Registering CPU alloc_id (1159947.8)[0m
[97m/home/cvazquezperezdelacru/clio-core/context-runtime/src/ipc_manager.cc:2532 INFO 1159848 RegisterMemory IpcManager::RegisterMemory: Registering clio_1159947_8 from pid 1159947[0m
[97m/home/cvazquezperezdelacru/clio-core/context-runtime/src/ipc_manager.cc:2575 INFO 1159848 RegisterMemory IpcManager::RegisterMemory: Successfully registered clio_1159947_8[0m
[97m/home/cvazquezperezdelacru/clio-core/context-runtime/modules/admin/src/admin_runtime.cc:1191 INFO 1159848 RegisterMemory Admin::RegisterMemory: Registering CPU alloc_id (1159947.9)[0m
[97m/home/cvazquezperezdelacru/clio-core/context-runtime/src/ipc_manager.cc:2532 INFO 1159848 RegisterMemory IpcManager::RegisterMemory: Registering clio_1159947_9 from pid 1159947[0m
[97m/home/cvazquezperezdelacru/clio-core/context-runtime/src/ipc_manager.cc:2575 INFO 1159848 RegisterMemory IpcManager::RegisterMemory: Successfully registered clio_1159947_9[0m
[97m/home/cvazquezperezdelacru/clio-core/context-runtime/modules/admin/src/admin_runtime.cc:1191 INFO 1159848 RegisterMemory Admin::RegisterMemory: Registering CPU alloc_id (1159947.10)[0m
[97m/home/cvazquezperezdelacru/clio-core/context-runtime/src/ipc_manager.cc:2532 INFO 1159848 RegisterMemory IpcManager::RegisterMemory: Registering clio_1159947_10 from pid 1159947[0m
[97m/home/cvazquezperezdelacru/clio-core/context-runtime/src/ipc_manager.cc:2575 INFO 1159848 RegisterMemory IpcManager::RegisterMemory: Successfully registered clio_1159947_10[0m
[97m/home/cvazquezperezdelacru/clio-core/context-runtime/modules/admin/src/admin_runtime.cc:1191 INFO 1159848 RegisterMemory Admin::RegisterMemory: Registering CPU alloc_id (1159947.11)[0m
[97m/home/cvazquezperezdelacru/clio-core/context-runtime/src/ipc_manager.cc:2532 INFO 1159848 RegisterMemory IpcManager::RegisterMemory: Registering clio_1159947_11 from pid 1159947[0m
[97m/home/cvazquezperezdelacru/clio-core/context-runtime/src/ipc_manager.cc:2575 INFO 1159848 RegisterMemory IpcManager::RegisterMemory: Successfully registered clio_1159947_11[0m
[33m/home/cvazquezperezdelacru/clio-core/context-runtime/src/scheduler/default_sched.cc:430 WARNING 1159855 LoadBalance [#781 PDF] observed exec-time bins (cumulative): <10us=396646 <50us=6320 <500us=378 <10ms=1139 <50ms=80 <500ms=2 <1s=0 >=1s=0 | stalls_detected=0[0m
[33m/home/cvazquezperezdelacru/clio-core/context-runtime/src/scheduler/default_sched.cc:439 WARNING 1159855 LoadBalance [#785] lane rescues performed: 0[0m
[97m/home/cvazquezperezdelacru/clio-core/context-runtime/modules/admin/src/admin_runtime.cc:1191 INFO 1159848 RegisterMemory Admin::RegisterMemory: Registering CPU alloc_id (1159947.12)[0m
[97m/home/cvazquezperezdelacru/clio-core/context-runtime/src/ipc_manager.cc:2532 INFO 1159848 RegisterMemory IpcManager::RegisterMemory: Registering clio_1159947_12 from pid 1159947[0m
[97m/home/cvazquezperezdelacru/clio-core/context-runtime/src/ipc_manager.cc:2575 INFO 1159848 RegisterMemory IpcManager::RegisterMemory: Successfully registered clio_1159947_12[0m
[97m/home/cvazquezperezdelacru/clio-core/context-runtime/modules/admin/src/admin_runtime.cc:1191 INFO 1159848 RegisterMemory Admin::RegisterMemory: Registering CPU alloc_id (1159947.13)[0m
[97m/home/cvazquezperezdelacru/clio-core/context-runtime/src/ipc_manager.cc:2532 INFO 1159848 RegisterMemory IpcManager::RegisterMemory: Registering clio_1159947_13 from pid 1159947[0m
[97m/home/cvazquezperezdelacru/clio-core/context-runtime/src/ipc_manager.cc:2575 INFO 1159848 RegisterMemory IpcManager::RegisterMemory: Successfully registered clio_1159947_13[0m
[97m/home/cvazquezperezdelacru/clio-core/context-runtime/modules/admin/src/admin_runtime.cc:1191 INFO 1159849 RegisterMemory Admin::RegisterMemory: Registering CPU alloc_id (1159947.14)[0m
[97m/home/cvazquezperezdelacru/clio-core/context-runtime/src/ipc_manager.cc:2532 INFO 1159849 RegisterMemory IpcManager::RegisterMemory: Registering clio_1159947_14 from pid 1159947[0m
[97m/home/cvazquezperezdelacru/clio-core/context-runtime/src/ipc_manager.cc:2575 INFO 1159849 RegisterMemory IpcManager::RegisterMemory: Successfully registered clio_1159947_14[0m
[97m/home/cvazquezperezdelacru/clio-core/context-runtime/modules/admin/src/admin_runtime.cc:1191 INFO 1159848 RegisterMemory Admin::RegisterMemory: Registering CPU alloc_id (1159947.15)[0m
[97m/home/cvazquezperezdelacru/clio-core/context-runtime/src/ipc_manager.cc:2532 INFO 1159848 RegisterMemory IpcManager::RegisterMemory: Registering clio_1159947_15 from pid 1159947[0m
[97m/home/cvazquezperezdelacru/clio-core/context-runtime/src/ipc_manager.cc:2575 INFO 1159848 RegisterMemory IpcManager::RegisterMemory: Successfully registered clio_1159947_15[0m
[97m/home/cvazquezperezdelacru/clio-core/context-runtime/modules/admin/src/admin_runtime.cc:1191 INFO 1159848 RegisterMemory Admin::RegisterMemory: Registering CPU alloc_id (1159947.16)[0m
[97m/home/cvazquezperezdelacru/clio-core/context-runtime/src/ipc_manager.cc:2532 INFO 1159848 RegisterMemory IpcManager::RegisterMemory: Registering clio_1159947_16 from pid 1159947[0m
[97m/home/cvazquezperezdelacru/clio-core/context-runtime/src/ipc_manager.cc:2575 INFO 1159848 RegisterMemory IpcManager::RegisterMemory: Successfully registered clio_1159947_16[0m
[97m/home/cvazquezperezdelacru/clio-core/context-runtime/modules/admin/src/admin_runtime.cc:1191 INFO 1159848 RegisterMemory Admin::RegisterMemory: Registering CPU alloc_id (1159947.17)[0m
[97m/home/cvazquezperezdelacru/clio-core/context-runtime/src/ipc_manager.cc:2532 INFO 1159848 RegisterMemory IpcManager::RegisterMemory: Registering clio_1159947_17 from pid 1159947[0m
[97m/home/cvazquezperezdelacru/clio-core/context-runtime/src/ipc_manager.cc:2575 INFO 1159848 RegisterMemory IpcManager::RegisterMemory: Successfully registered clio_1159947_17[0m
[33m/home/cvazquezperezdelacru/clio-core/context-runtime/src/scheduler/default_sched.cc:430 WARNING 1159855 LoadBalance [#781 PDF] observed exec-time bins (cumulative): <10us=464468 <50us=8081 <500us=497 <10ms=1579 <50ms=97 <500ms=2 <1s=0 >=1s=0 | stalls_detected=0[0m
[33m/home/cvazquezperezdelacru/clio-core/context-runtime/src/scheduler/default_sched.cc:439 WARNING 1159855 LoadBalance [#785] lane rescues performed: 0[0m
[97m/home/cvazquezperezdelacru/clio-core/context-runtime/modules/admin/src/admin_runtime.cc:1191 INFO 1159849 RegisterMemory Admin::RegisterMemory: Registering CPU alloc_id (1159947.18)[0m
[97m/home/cvazquezperezdelacru/clio-core/context-runtime/src/ipc_manager.cc:2532 INFO 1159849 RegisterMemory IpcManager::RegisterMemory: Registering clio_1159947_18 from pid 1159947[0m
[97m/home/cvazquezperezdelacru/clio-core/context-runtime/src/ipc_manager.cc:2575 INFO 1159849 RegisterMemory IpcManager::RegisterMemory: Successfully registered clio_1159947_18[0m
[97m/home/cvazquezperezdelacru/clio-core/context-runtime/modules/admin/src/admin_runtime.cc:1191 INFO 1159848 RegisterMemory Admin::RegisterMemory: Registering CPU alloc_id (1159947.19)[0m
[97m/home/cvazquezperezdelacru/clio-core/context-runtime/src/ipc_manager.cc:2532 INFO 1159848 RegisterMemory IpcManager::RegisterMemory: Registering clio_1159947_19 from pid 1159947[0m
[97m/home/cvazquezperezdelacru/clio-core/context-runtime/src/ipc_manager.cc:2575 INFO 1159848 RegisterMemory IpcManager::RegisterMemory: Successfully registered clio_1159947_19[0m
[97m/home/cvazquezperezdelacru/clio-core/context-runtime/modules/admin/src/admin_runtime.cc:1191 INFO 1159848 RegisterMemory Admin::RegisterMemory: Registering CPU alloc_id (1159947.20)[0m
[97m/home/cvazquezperezdelacru/clio-core/context-runtime/src/ipc_manager.cc:2532 INFO 1159848 RegisterMemory IpcManager::RegisterMemory: Registering clio_1159947_20 from pid 1159947[0m
[97m/home/cvazquezperezdelacru/clio-core/context-runtime/src/ipc_manager.cc:2575 INFO 1159848 RegisterMemory IpcManager::RegisterMemory: Successfully registered clio_1159947_20[0m
[33m/home/cvazquezperezdelacru/clio-core/context-runtime/src/scheduler/default_sched.cc:430 WARNING 1159855 LoadBalance [#781 PDF] observed exec-time bins (cumulative): <10us=534172 <50us=9591 <500us=630 <10ms=2034 <50ms=125 <500ms=2 <1s=0 >=1s=0 | stalls_detected=0[0m
[33m/home/cvazquezperezdelacru/clio-core/context-runtime/src/scheduler/default_sched.cc:439 WARNING 1159855 LoadBalance [#785] lane rescues performed: 0[0m
[97m/home/cvazquezperezdelacru/clio-core/context-runtime/modules/admin/src/admin_runtime.cc:1191 INFO 1159848 RegisterMemory Admin::RegisterMemory: Registering CPU alloc_id (1159947.21)[0m
[97m/home/cvazquezperezdelacru/clio-core/context-runtime/src/ipc_manager.cc:2532 INFO 1159848 RegisterMemory IpcManager::RegisterMemory: Registering clio_1159947_21 from pid 1159947[0m
[97m/home/cvazquezperezdelacru/clio-core/context-runtime/src/ipc_manager.cc:2575 INFO 1159848 RegisterMemory IpcManager::RegisterMemory: Successfully registered clio_1159947_21[0m
[97m/home/cvazquezperezdelacru/clio-core/context-runtime/modules/admin/src/admin_runtime.cc:1191 INFO 1159849 RegisterMemory Admin::RegisterMemory: Registering CPU alloc_id (1159947.22)[0m
[97m/home/cvazquezperezdelacru/clio-core/context-runtime/src/ipc_manager.cc:2532 INFO 1159849 RegisterMemory IpcManager::RegisterMemory: Registering clio_1159947_22 from pid 1159947[0m
[97m/home/cvazquezperezdelacru/clio-core/context-runtime/src/ipc_manager.cc:2575 INFO 1159849 RegisterMemory IpcManager::RegisterMemory: Successfully registered clio_1159947_22[0m
[97m/home/cvazquezperezdelacru/clio-core/context-runtime/modules/admin/src/admin_runtime.cc:1191 INFO 1159849 RegisterMemory Admin::RegisterMemory: Registering CPU alloc_id (1159947.23)[0m
[97m/home/cvazquezperezdelacru/clio-core/context-runtime/src/ipc_manager.cc:2532 INFO 1159849 RegisterMemory IpcManager::RegisterMemory: Registering clio_1159947_23 from pid 1159947[0m
[97m/home/cvazquezperezdelacru/clio-core/context-runtime/src/ipc_manager.cc:2575 INFO 1159849 RegisterMemory IpcManager::RegisterMemory: Successfully registered clio_1159947_23[0m
[97m/home/cvazquezperezdelacru/clio-core/context-runtime/modules/admin/src/admin_runtime.cc:1191 INFO 1159848 RegisterMemory Admin::RegisterMemory: Registering CPU alloc_id (1159947.24)[0m
[97m/home/cvazquezperezdelacru/clio-core/context-runtime/src/ipc_manager.cc:2532 INFO 1159848 RegisterMemory IpcManager::RegisterMemory: Registering clio_1159947_24 from pid 1159947[0m
[97m/home/cvazquezperezdelacru/clio-core/context-runtime/src/ipc_manager.cc:2575 INFO 1159848 RegisterMemory IpcManager::RegisterMemory: Successfully registered clio_1159947_24[0m
[97m/home/cvazquezperezdelacru/clio-core/context-runtime/modules/admin/src/admin_runtime.cc:1191 INFO 1159848 RegisterMemory Admin::RegisterMemory: Registering CPU alloc_id (1159947.25)[0m
[97m/home/cvazquezperezdelacru/clio-core/context-runtime/src/ipc_manager.cc:2532 INFO 1159848 RegisterMemory IpcManager::RegisterMemory: Registering clio_1159947_25 from pid 1159947[0m
[97m/home/cvazquezperezdelacru/clio-core/context-runtime/src/ipc_manager.cc:2575 INFO 1159848 RegisterMemory IpcManager::RegisterMemory: Successfully registered clio_1159947_25[0m
[33m/home/cvazquezperezdelacru/clio-core/context-runtime/src/scheduler/default_sched.cc:430 WARNING 1159855 LoadBalance [#781 PDF] observed exec-time bins (cumulative): <10us=605943 <50us=11104 <500us=750 <10ms=2546 <50ms=144 <500ms=2 <1s=0 >=1s=0 | stalls_detected=0[0m
[33m/home/cvazquezperezdelacru/clio-core/context-runtime/src/scheduler/default_sched.cc:439 WARNING 1159855 LoadBalance [#785] lane rescues performed: 0[0m
[97m/home/cvazquezperezdelacru/clio-core/context-runtime/modules/admin/src/admin_runtime.cc:1191 INFO 1159848 RegisterMemory Admin::RegisterMemory: Registering CPU alloc_id (1159947.26)[0m
[97m/home/cvazquezperezdelacru/clio-core/context-runtime/src/ipc_manager.cc:2532 INFO 1159848 RegisterMemory IpcManager::RegisterMemory: Registering clio_1159947_26 from pid 1159947[0m
[97m/home/cvazquezperezdelacru/clio-core/context-runtime/src/ipc_manager.cc:2575 INFO 1159848 RegisterMemory IpcManager::RegisterMemory: Successfully registered clio_1159947_26[0m
[97m/home/cvazquezperezdelacru/clio-core/context-runtime/modules/admin/src/admin_runtime.cc:1191 INFO 1159848 RegisterMemory Admin::RegisterMemory: Registering CPU alloc_id (1159947.27)[0m
[97m/home/cvazquezperezdelacru/clio-core/context-runtime/src/ipc_manager.cc:2532 INFO 1159848 RegisterMemory IpcManager::RegisterMemory: Registering clio_1159947_27 from pid 1159947[0m
[97m/home/cvazquezperezdelacru/clio-core/context-runtime/src/ipc_manager.cc:2575 INFO 1159848 RegisterMemory IpcManager::RegisterMemory: Successfully registered clio_1159947_27[0m
[97m/home/cvazquezperezdelacru/clio-core/context-runtime/modules/admin/src/admin_runtime.cc:1191 INFO 1159848 RegisterMemory Admin::RegisterMemory: Registering CPU alloc_id (1159947.28)[0m
[97m/home/cvazquezperezdelacru/clio-core/context-runtime/src/ipc_manager.cc:2532 INFO 1159848 RegisterMemory IpcManager::RegisterMemory: Registering clio_1159947_28 from pid 1159947[0m
[97m/home/cvazquezperezdelacru/clio-core/context-runtime/src/ipc_manager.cc:2575 INFO 1159848 RegisterMemory IpcManager::RegisterMemory: Successfully registered clio_1159947_28[0m
[97m/home/cvazquezperezdelacru/clio-core/context-runtime/modules/admin/src/admin_runtime.cc:1191 INFO 1159848 RegisterMemory Admin::RegisterMemory: Registering CPU alloc_id (1159947.29)[0m
[97m/home/cvazquezperezdelacru/clio-core/context-runtime/src/ipc_manager.cc:2532 INFO 1159848 RegisterMemory IpcManager::RegisterMemory: Registering clio_1159947_29 from pid 1159947[0m
[97m/home/cvazquezperezdelacru/clio-core/context-runtime/src/ipc_manager.cc:2575 INFO 1159848 RegisterMemory IpcManager::RegisterMemory: Successfully registered clio_1159947_29[0m
[97m/home/cvazquezperezdelacru/clio-core/context-runtime/modules/admin/src/admin_runtime.cc:1191 INFO 1159848 RegisterMemory Admin::RegisterMemory: Registering CPU alloc_id (1159947.30)[0m
[97m/home/cvazquezperezdelacru/clio-core/context-runtime/src/ipc_manager.cc:2532 INFO 1159848 RegisterMemory IpcManager::RegisterMemory: Registering clio_1159947_30 from pid 1159947[0m
[97m/home/cvazquezperezdelacru/clio-core/context-runtime/src/ipc_manager.cc:2575 INFO 1159848 RegisterMemory IpcManager::RegisterMemory: Successfully registered clio_1159947_30[0m
[33m/home/cvazquezperezdelacru/clio-core/context-runtime/src/scheduler/default_sched.cc:430 WARNING 1159855 LoadBalance [#781 PDF] observed exec-time bins (cumulative): <10us=677864 <50us=12535 <500us=867 <10ms=3040 <50ms=160 <500ms=2 <1s=0 >=1s=0 | stalls_detected=0[0m
[33m/home/cvazquezperezdelacru/clio-core/context-runtime/src/scheduler/default_sched.cc:439 WARNING 1159855 LoadBalance [#785] lane rescues performed: 0[0m
[97m/home/cvazquezperezdelacru/clio-core/context-runtime/modules/admin/src/admin_runtime.cc:1191 INFO 1159848 RegisterMemory Admin::RegisterMemory: Registering CPU alloc_id (1159947.31)[0m
[97m/home/cvazquezperezdelacru/clio-core/context-runtime/src/ipc_manager.cc:2532 INFO 1159848 RegisterMemory IpcManager::RegisterMemory: Registering clio_1159947_31 from pid 1159947[0m
[97m/home/cvazquezperezdelacru/clio-core/context-runtime/src/ipc_manager.cc:2575 INFO 1159848 RegisterMemory IpcManager::RegisterMemory: Successfully registered clio_1159947_31[0m
[97m/home/cvazquezperezdelacru/clio-core/context-runtime/modules/admin/src/admin_runtime.cc:1191 INFO 1159849 RegisterMemory Admin::RegisterMemory: Registering CPU alloc_id (1159947.32)[0m
[97m/home/cvazquezperezdelacru/clio-core/context-runtime/src/ipc_manager.cc:2532 INFO 1159849 RegisterMemory IpcManager::RegisterMemory: Registering clio_1159947_32 from pid 1159947[0m
[97m/home/cvazquezperezdelacru/clio-core/context-runtime/src/ipc_manager.cc:2575 INFO 1159849 RegisterMemory IpcManager::RegisterMemory: Successfully registered clio_1159947_32[0m
[97m/home/cvazquezperezdelacru/clio-core/context-runtime/modules/admin/src/admin_runtime.cc:1191 INFO 1159848 RegisterMemory Admin::RegisterMemory: Registering CPU alloc_id (1159947.33)[0m
[97m/home/cvazquezperezdelacru/clio-core/context-runtime/src/ipc_manager.cc:2532 INFO 1159848 RegisterMemory IpcManager::RegisterMemory: Registering clio_1159947_33 from pid 1159947[0m
[97m/home/cvazquezperezdelacru/clio-core/context-runtime/src/ipc_manager.cc:2575 INFO 1159848 RegisterMemory IpcManager::RegisterMemory: Successfully registered clio_1159947_33[0m
[97m/home/cvazquezperezdelacru/clio-core/context-runtime/modules/admin/src/admin_runtime.cc:1191 INFO 1159848 RegisterMemory Admin::RegisterMemory: Registering CPU alloc_id (1159947.34)[0m
[97m/home/cvazquezperezdelacru/clio-core/context-runtime/src/ipc_manager.cc:2532 INFO 1159848 RegisterMemory IpcManager::RegisterMemory: Registering clio_1159947_34 from pid 1159947[0m
[97m/home/cvazquezperezdelacru/clio-core/context-runtime/src/ipc_manager.cc:2575 INFO 1159848 RegisterMemory IpcManager::RegisterMemory: Successfully registered clio_1159947_34[0m
[33m/home/cvazquezperezdelacru/clio-core/context-runtime/src/scheduler/default_sched.cc:430 WARNING 1159855 LoadBalance [#781 PDF] observed exec-time bins (cumulative): <10us=744812 <50us=14327 <500us=1018 <10ms=3493 <50ms=192 <500ms=2 <1s=0 >=1s=0 | stalls_detected=0[0m
[33m/home/cvazquezperezdelacru/clio-core/context-runtime/src/scheduler/default_sched.cc:439 WARNING 1159855 LoadBalance [#785] lane rescues performed: 0[0m
[97m/home/cvazquezperezdelacru/clio-core/context-runtime/modules/admin/src/admin_runtime.cc:1191 INFO 1159849 RegisterMemory Admin::RegisterMemory: Registering CPU alloc_id (1159947.35)[0m
[97m/home/cvazquezperezdelacru/clio-core/context-runtime/src/ipc_manager.cc:2532 INFO 1159849 RegisterMemory IpcManager::RegisterMemory: Registering clio_1159947_35 from pid 1159947[0m
[97m/home/cvazquezperezdelacru/clio-core/context-runtime/src/ipc_manager.cc:2575 INFO 1159849 RegisterMemory IpcManager::RegisterMemory: Successfully registered clio_1159947_35[0m
[97m/home/cvazquezperezdelacru/clio-core/context-runtime/modules/admin/src/admin_runtime.cc:1191 INFO 1159849 RegisterMemory Admin::RegisterMemory: Registering CPU alloc_id (1159947.36)[0m
[97m/home/cvazquezperezdelacru/clio-core/context-runtime/src/ipc_manager.cc:2532 INFO 1159849 RegisterMemory IpcManager::RegisterMemory: Registering clio_1159947_36 from pid 1159947[0m
[97m/home/cvazquezperezdelacru/clio-core/context-runtime/src/ipc_manager.cc:2575 INFO 1159849 RegisterMemory IpcManager::RegisterMemory: Successfully registered clio_1159947_36[0m
[97m/home/cvazquezperezdelacru/clio-core/context-runtime/modules/admin/src/admin_runtime.cc:1191 INFO 1159849 RegisterMemory Admin::RegisterMemory: Registering CPU alloc_id (1159947.37)[0m
[97m/home/cvazquezperezdelacru/clio-core/context-runtime/src/ipc_manager.cc:2532 INFO 1159849 RegisterMemory IpcManager::RegisterMemory: Registering clio_1159947_37 from pid 1159947[0m
[97m/home/cvazquezperezdelacru/clio-core/context-runtime/src/ipc_manager.cc:2575 INFO 1159849 RegisterMemory IpcManager::RegisterMemory: Successfully registered clio_1159947_37[0m
[33m/home/cvazquezperezdelacru/clio-core/context-runtime/src/scheduler/default_sched.cc:430 WARNING 1159855 LoadBalance [#781 PDF] observed exec-time bins (cumulative): <10us=810985 <50us=15701 <500us=1177 <10ms=3984 <50ms=223 <500ms=2 <1s=0 >=1s=0 | stalls_detected=0[0m
[33m/home/cvazquezperezdelacru/clio-core/context-runtime/src/scheduler/default_sched.cc:439 WARNING 1159855 LoadBalance [#785] lane rescues performed: 0[0m
[97m/home/cvazquezperezdelacru/clio-core/context-runtime/modules/admin/src/admin_runtime.cc:1191 INFO 1159849 RegisterMemory Admin::RegisterMemory: Registering CPU alloc_id (1159947.38)[0m
[97m/home/cvazquezperezdelacru/clio-core/context-runtime/src/ipc_manager.cc:2532 INFO 1159849 RegisterMemory IpcManager::RegisterMemory: Registering clio_1159947_38 from pid 1159947[0m
[97m/home/cvazquezperezdelacru/clio-core/context-runtime/src/ipc_manager.cc:2575 INFO 1159849 RegisterMemory IpcManager::RegisterMemory: Successfully registered clio_1159947_38[0m
[97m/home/cvazquezperezdelacru/clio-core/context-runtime/modules/admin/src/admin_runtime.cc:1191 INFO 1159849 RegisterMemory Admin::RegisterMemory: Registering CPU alloc_id (1159947.39)[0m
[97m/home/cvazquezperezdelacru/clio-core/context-runtime/src/ipc_manager.cc:2532 INFO 1159849 RegisterMemory IpcManager::RegisterMemory: Registering clio_1159947_39 from pid 1159947[0m
[97m/home/cvazquezperezdelacru/clio-core/context-runtime/src/ipc_manager.cc:2575 INFO 1159849 RegisterMemory IpcManager::RegisterMemory: Successfully registered clio_1159947_39[0m
[97m/home/cvazquezperezdelacru/clio-core/context-runtime/modules/admin/src/admin_runtime.cc:1191 INFO 1159849 RegisterMemory Admin::RegisterMemory: Registering CPU alloc_id (1159947.40)[0m
[97m/home/cvazquezperezdelacru/clio-core/context-runtime/src/ipc_manager.cc:2532 INFO 1159849 RegisterMemory IpcManager::RegisterMemory: Registering clio_1159947_40 from pid 1159947[0m
[97m/home/cvazquezperezdelacru/clio-core/context-runtime/src/ipc_manager.cc:2575 INFO 1159849 RegisterMemory IpcManager::RegisterMemory: Successfully registered clio_1159947_40[0m
[97m/home/cvazquezperezdelacru/clio-core/context-runtime/modules/admin/src/admin_runtime.cc:1191 INFO 1159848 RegisterMemory Admin::RegisterMemory: Registering CPU alloc_id (1159947.41)[0m
[97m/home/cvazquezperezdelacru/clio-core/context-runtime/src/ipc_manager.cc:2532 INFO 1159848 RegisterMemory IpcManager::RegisterMemory: Registering clio_1159947_41 from pid 1159947[0m
[97m/home/cvazquezperezdelacru/clio-core/context-runtime/src/ipc_manager.cc:2575 INFO 1159848 RegisterMemory IpcManager::RegisterMemory: Successfully registered clio_1159947_41[0m
[33m/home/cvazquezperezdelacru/clio-core/context-runtime/src/scheduler/default_sched.cc:430 WARNING 1159855 LoadBalance [#781 PDF] observed exec-time bins (cumulative): <10us=876951 <50us=17381 <500us=1335 <10ms=4391 <50ms=259 <500ms=2 <1s=0 >=1s=0 | stalls_detected=0[0m
[33m/home/cvazquezperezdelacru/clio-core/context-runtime/src/scheduler/default_sched.cc:439 WARNING 1159855 LoadBalance [#785] lane rescues performed: 0[0m
[97m/home/cvazquezperezdelacru/clio-core/context-runtime/modules/admin/src/admin_runtime.cc:1191 INFO 1159848 RegisterMemory Admin::RegisterMemory: Registering CPU alloc_id (1159947.42)[0m
[97m/home/cvazquezperezdelacru/clio-core/context-runtime/src/ipc_manager.cc:2532 INFO 1159848 RegisterMemory IpcManager::RegisterMemory: Registering clio_1159947_42 from pid 1159947[0m
[97m/home/cvazquezperezdelacru/clio-core/context-runtime/src/ipc_manager.cc:2575 INFO 1159848 RegisterMemory IpcManager::RegisterMemory: Successfully registered clio_1159947_42[0m
[97m/home/cvazquezperezdelacru/clio-core/context-runtime/modules/admin/src/admin_runtime.cc:1191 INFO 1159848 RegisterMemory Admin::RegisterMemory: Registering CPU alloc_id (1159947.43)[0m
[97m/home/cvazquezperezdelacru/clio-core/context-runtime/src/ipc_manager.cc:2532 INFO 1159848 RegisterMemory IpcManager::RegisterMemory: Registering clio_1159947_43 from pid 1159947[0m
[97m/home/cvazquezperezdelacru/clio-core/context-runtime/src/ipc_manager.cc:2575 INFO 1159848 RegisterMemory IpcManager::RegisterMemory: Successfully registered clio_1159947_43[0m
[97m/home/cvazquezperezdelacru/clio-core/context-runtime/modules/admin/src/admin_runtime.cc:1191 INFO 1159851 RegisterMemory Admin::RegisterMemory: Registering CPU alloc_id (1159947.44)[0m
[97m/home/cvazquezperezdelacru/clio-core/context-runtime/src/ipc_manager.cc:2532 INFO 1159851 RegisterMemory IpcManager::RegisterMemory: Registering clio_1159947_44 from pid 1159947[0m
[97m/home/cvazquezperezdelacru/clio-core/context-runtime/src/ipc_manager.cc:2575 INFO 1159851 RegisterMemory IpcManager::RegisterMemory: Successfully registered clio_1159947_44[0m
[33m/home/cvazquezperezdelacru/clio-core/context-runtime/src/scheduler/default_sched.cc:430 WARNING 1159855 LoadBalance [#781 PDF] observed exec-time bins (cumulative): <10us=942600 <50us=18962 <500us=1601 <10ms=4813 <50ms=267 <500ms=2 <1s=0 >=1s=0 | stalls_detected=0[0m
[33m/home/cvazquezperezdelacru/clio-core/context-runtime/src/scheduler/default_sched.cc:439 WARNING 1159855 LoadBalance [#785] lane rescues performed: 0[0m
[31m/home/cvazquezperezdelacru/clio-core/context-runtime/src/scheduler/default_sched.cc:726 ERROR 1159855 LoadBalance [HANGWATCH-HB] processed=15644 outstanding=1 (queued=1 blocked=0 retry=0 periodic=7) live=0 live_stalled=0[0m
[97m/home/cvazquezperezdelacru/clio-core/context-runtime/modules/admin/src/admin_runtime.cc:1191 INFO 1159851 RegisterMemory Admin::RegisterMemory: Registering CPU alloc_id (1159947.45)[0m
[97m/home/cvazquezperezdelacru/clio-core/context-runtime/src/ipc_manager.cc:2532 INFO 1159851 RegisterMemory IpcManager::RegisterMemory: Registering clio_1159947_45 from pid 1159947[0m
[97m/home/cvazquezperezdelacru/clio-core/context-runtime/src/ipc_manager.cc:2575 INFO 1159851 RegisterMemory IpcManager::RegisterMemory: Successfully registered clio_1159947_45[0m
[97m/home/cvazquezperezdelacru/clio-core/context-runtime/modules/admin/src/admin_runtime.cc:1191 INFO 1159850 RegisterMemory Admin::RegisterMemory: Registering CPU alloc_id (1159947.46)[0m
[97m/home/cvazquezperezdelacru/clio-core/context-runtime/src/ipc_manager.cc:2532 INFO 1159850 RegisterMemory IpcManager::RegisterMemory: Registering clio_1159947_46 from pid 1159947[0m
[97m/home/cvazquezperezdelacru/clio-core/context-runtime/src/ipc_manager.cc:2575 INFO 1159850 RegisterMemory IpcManager::RegisterMemory: Successfully registered clio_1159947_46[0m
[97m/home/cvazquezperezdelacru/clio-core/context-runtime/modules/admin/src/admin_runtime.cc:1191 INFO 1159850 RegisterMemory Admin::RegisterMemory: Registering CPU alloc_id (1159947.47)[0m
[97m/home/cvazquezperezdelacru/clio-core/context-runtime/src/ipc_manager.cc:2532 INFO 1159850 RegisterMemory IpcManager::RegisterMemory: Registering clio_1159947_47 from pid 1159947[0m
[97m/home/cvazquezperezdelacru/clio-core/context-runtime/src/ipc_manager.cc:2575 INFO 1159850 RegisterMemory IpcManager::RegisterMemory: Successfully registered clio_1159947_47[0m
[97m/home/cvazquezperezdelacru/clio-core/context-runtime/modules/admin/src/admin_runtime.cc:1191 INFO 1159850 RegisterMemory Admin::RegisterMemory: Registering CPU alloc_id (1159947.48)[0m
[97m/home/cvazquezperezdelacru/clio-core/context-runtime/src/ipc_manager.cc:2532 INFO 1159850 RegisterMemory IpcManager::RegisterMemory: Registering clio_1159947_48 from pid 1159947[0m
[97m/home/cvazquezperezdelacru/clio-core/context-runtime/src/ipc_manager.cc:2575 INFO 1159850 RegisterMemory IpcManager::RegisterMemory: Successfully registered clio_1159947_48[0m
[33m/home/cvazquezperezdelacru/clio-core/context-runtime/src/scheduler/default_sched.cc:430 WARNING 1159855 LoadBalance [#781 PDF] observed exec-time bins (cumulative): <10us=1005582 <50us=22830 <500us=1900 <10ms=5229 <50ms=270 <500ms=2 <1s=0 >=1s=0 | stalls_detected=0[0m
[33m/home/cvazquezperezdelacru/clio-core/context-runtime/src/scheduler/default_sched.cc:439 WARNING 1159855 LoadBalance [#785] lane rescues performed: 0[0m
[97m/home/cvazquezperezdelacru/clio-core/context-runtime/modules/admin/src/admin_runtime.cc:1191 INFO 1159851 RegisterMemory Admin::RegisterMemory: Registering CPU alloc_id (1159947.49)[0m
[97m/home/cvazquezperezdelacru/clio-core/context-runtime/src/ipc_manager.cc:2532 INFO 1159851 RegisterMemory IpcManager::RegisterMemory: Registering clio_1159947_49 from pid 1159947[0m
[97m/home/cvazquezperezdelacru/clio-core/context-runtime/src/ipc_manager.cc:2575 INFO 1159851 RegisterMemory IpcManager::RegisterMemory: Successfully registered clio_1159947_49[0m
[33m/home/cvazquezperezdelacru/clio-core/context-runtime/src/scheduler/default_sched.cc:430 WARNING 1159855 LoadBalance [#781 PDF] observed exec-time bins (cumulative): <10us=1066914 <50us=28676 <500us=2244 <10ms=5648 <50ms=274 <500ms=2 <1s=0 >=1s=0 | stalls_detected=0[0m
[33m/home/cvazquezperezdelacru/clio-core/context-runtime/src/scheduler/default_sched.cc:439 WARNING 1159855 LoadBalance [#785] lane rescues performed: 0[0m
[97m/home/cvazquezperezdelacru/clio-core/context-runtime/modules/admin/src/admin_runtime.cc:1191 INFO 1159848 RegisterMemory Admin::RegisterMemory: Registering CPU alloc_id (1159947.50)[0m
[97m/home/cvazquezperezdelacru/clio-core/context-runtime/src/ipc_manager.cc:2532 INFO 1159848 RegisterMemory IpcManager::RegisterMemory: Registering clio_1159947_50 from pid 1159947[0m
[97m/home/cvazquezperezdelacru/clio-core/context-runtime/src/ipc_manager.cc:2575 INFO 1159848 RegisterMemory IpcManager::RegisterMemory: Successfully registered clio_1159947_50[0m
[97m/home/cvazquezperezdelacru/clio-core/context-runtime/modules/admin/src/admin_runtime.cc:1191 INFO 1159848 RegisterMemory Admin::RegisterMemory: Registering CPU alloc_id (1159947.51)[0m
[97m/home/cvazquezperezdelacru/clio-core/context-runtime/src/ipc_manager.cc:2532 INFO 1159848 RegisterMemory IpcManager::RegisterMemory: Registering clio_1159947_51 from pid 1159947[0m
[97m/home/cvazquezperezdelacru/clio-core/context-runtime/src/ipc_manager.cc:2575 INFO 1159848 RegisterMemory IpcManager::RegisterMemory: Successfully registered clio_1159947_51[0m
[97m/home/cvazquezperezdelacru/clio-core/context-runtime/modules/admin/src/admin_runtime.cc:1191 INFO 1159849 RegisterMemory Admin::RegisterMemory: Registering CPU alloc_id (1159947.52)[0m
[97m/home/cvazquezperezdelacru/clio-core/context-runtime/src/ipc_manager.cc:2532 INFO 1159849 RegisterMemory IpcManager::RegisterMemory: Registering clio_1159947_52 from pid 1159947[0m
[97m/home/cvazquezperezdelacru/clio-core/context-runtime/src/ipc_manager.cc:2575 INFO 1159849 RegisterMemory IpcManager::RegisterMemory: Successfully registered clio_1159947_52[0m
[97m/home/cvazquezperezdelacru/clio-core/context-runtime/modules/admin/src/admin_runtime.cc:1191 INFO 1159851 RegisterMemory Admin::RegisterMemory: Registering CPU alloc_id (1159947.53)[0m
[97m/home/cvazquezperezdelacru/clio-core/context-runtime/src/ipc_manager.cc:2532 INFO 1159851 RegisterMemory IpcManager::RegisterMemory: Registering clio_1159947_53 from pid 1159947[0m
[97m/home/cvazquezperezdelacru/clio-core/context-runtime/src/ipc_manager.cc:2575 INFO 1159851 RegisterMemory IpcManager::RegisterMemory: Successfully registered clio_1159947_53[0m
[97m/home/cvazquezperezdelacru/clio-core/context-runtime/modules/admin/src/admin_runtime.cc:1191 INFO 1159849 RegisterMemory Admin::RegisterMemory: Registering CPU alloc_id (1159947.54)[0m
[97m/home/cvazquezperezdelacru/clio-core/context-runtime/src/ipc_manager.cc:2532 INFO 1159849 RegisterMemory IpcManager::RegisterMemory: Registering clio_1159947_54 from pid 1159947[0m
[97m/home/cvazquezperezdelacru/clio-core/context-runtime/src/ipc_manager.cc:2575 INFO 1159849 RegisterMemory IpcManager::RegisterMemory: Successfully registered clio_1159947_54[0m
[33m/home/cvazquezperezdelacru/clio-core/context-runtime/src/scheduler/default_sched.cc:430 WARNING 1159855 LoadBalance [#781 PDF] observed exec-time bins (cumulative): <10us=1131726 <50us=33240 <500us=2505 <10ms=6120 <50ms=275 <500ms=3 <1s=0 >=1s=0 | stalls_detected=0[0m
[33m/home/cvazquezperezdelacru/clio-core/context-runtime/src/scheduler/default_sched.cc:439 WARNING 1159855 LoadBalance [#785] lane rescues performed: 0[0m
[31m/home/cvazquezperezdelacru/clio-core/context-runtime/src/scheduler/default_sched.cc:726 ERROR 1159855 LoadBalance [HANGWATCH-HB] processed=20433 outstanding=1 (queued=1 blocked=0 retry=0 periodic=7) live=0 live_stalled=0[0m
[97m/home/cvazquezperezdelacru/clio-core/context-runtime/modules/admin/src/admin_runtime.cc:1191 INFO 1159849 RegisterMemory Admin::RegisterMemory: Registering CPU alloc_id (1159947.55)[0m
[97m/home/cvazquezperezdelacru/clio-core/context-runtime/src/ipc_manager.cc:2532 INFO 1159849 RegisterMemory IpcManager::RegisterMemory: Registering clio_1159947_55 from pid 1159947[0m
[97m/home/cvazquezperezdelacru/clio-core/context-runtime/src/ipc_manager.cc:2575 INFO 1159849 RegisterMemory IpcManager::RegisterMemory: Successfully registered clio_1159947_55[0m
[97m/home/cvazquezperezdelacru/clio-core/context-runtime/modules/admin/src/admin_runtime.cc:1191 INFO 1159849 RegisterMemory Admin::RegisterMemory: Registering CPU alloc_id (1159947.56)[0m
[97m/home/cvazquezperezdelacru/clio-core/context-runtime/src/ipc_manager.cc:2532 INFO 1159849 RegisterMemory IpcManager::RegisterMemory: Registering clio_1159947_56 from pid 1159947[0m
[97m/home/cvazquezperezdelacru/clio-core/context-runtime/src/ipc_manager.cc:2575 INFO 1159849 RegisterMemory IpcManager::RegisterMemory: Successfully registered clio_1159947_56[0m
[97m/home/cvazquezperezdelacru/clio-core/context-runtime/modules/admin/src/admin_runtime.cc:1191 INFO 1159849 RegisterMemory Admin::RegisterMemory: Registering CPU alloc_id (1159947.57)[0m
[97m/home/cvazquezperezdelacru/clio-core/context-runtime/src/ipc_manager.cc:2532 INFO 1159849 RegisterMemory IpcManager::RegisterMemory: Registering clio_1159947_57 from pid 1159947[0m
[97m/home/cvazquezperezdelacru/clio-core/context-runtime/src/ipc_manager.cc:2575 INFO 1159849 RegisterMemory IpcManager::RegisterMemory: Successfully registered clio_1159947_57[0m
[97m/home/cvazquezperezdelacru/clio-core/context-runtime/modules/admin/src/admin_runtime.cc:1191 INFO 1159849 RegisterMemory Admin::RegisterMemory: Registering CPU alloc_id (1159947.58)[0m
[97m/home/cvazquezperezdelacru/clio-core/context-runtime/src/ipc_manager.cc:2532 INFO 1159849 RegisterMemory IpcManager::RegisterMemory: Registering clio_1159947_58 from pid 1159947[0m
[97m/home/cvazquezperezdelacru/clio-core/context-runtime/src/ipc_manager.cc:2575 INFO 1159849 RegisterMemory IpcManager::RegisterMemory: Successfully registered clio_1159947_58[0m
[33m/home/cvazquezperezdelacru/clio-core/context-runtime/src/scheduler/default_sched.cc:430 WARNING 1159855 LoadBalance [#781 PDF] observed exec-time bins (cumulative): <10us=1198270 <50us=36861 <500us=2843 <10ms=6499 <50ms=277 <500ms=3 <1s=0 >=1s=0 | stalls_detected=0[0m
[33m/home/cvazquezperezdelacru/clio-core/context-runtime/src/scheduler/default_sched.cc:439 WARNING 1159855 LoadBalance [#785] lane rescues performed: 0[0m
[97m/home/cvazquezperezdelacru/clio-core/context-runtime/modules/admin/src/admin_runtime.cc:1191 INFO 1159851 RegisterMemory Admin::RegisterMemory: Registering CPU alloc_id (1159947.59)[0m
[97m/home/cvazquezperezdelacru/clio-core/context-runtime/src/ipc_manager.cc:2532 INFO 1159851 RegisterMemory IpcManager::RegisterMemory: Registering clio_1159947_59 from pid 1159947[0m
[97m/home/cvazquezperezdelacru/clio-core/context-runtime/src/ipc_manager.cc:2575 INFO 1159851 RegisterMemory IpcManager::RegisterMemory: Successfully registered clio_1159947_59[0m
[97m/home/cvazquezperezdelacru/clio-core/context-runtime/modules/admin/src/admin_runtime.cc:1191 INFO 1159850 RegisterMemory Admin::RegisterMemory: Registering CPU alloc_id (1159947.60)[0m
[97m/home/cvazquezperezdelacru/clio-core/context-runtime/src/ipc_manager.cc:2532 INFO 1159850 RegisterMemory IpcManager::RegisterMemory: Registering clio_1159947_60 from pid 1159947[0m
[97m/home/cvazquezperezdelacru/clio-core/context-runtime/src/ipc_manager.cc:2575 INFO 1159850 RegisterMemory IpcManager::RegisterMemory: Successfully registered clio_1159947_60[0m
[97m/home/cvazquezperezdelacru/clio-core/context-runtime/modules/admin/src/admin_runtime.cc:1191 INFO 1159848 RegisterMemory Admin::RegisterMemory: Registering CPU alloc_id (1159947.61)[0m
[97m/home/cvazquezperezdelacru/clio-core/context-runtime/src/ipc_manager.cc:2532 INFO 1159848 RegisterMemory IpcManager::RegisterMemory: Registering clio_1159947_61 from pid 1159947[0m
[97m/home/cvazquezperezdelacru/clio-core/context-runtime/src/ipc_manager.cc:2575 INFO 1159848 RegisterMemory IpcManager::RegisterMemory: Successfully registered clio_1159947_61[0m
[33m/home/cvazquezperezdelacru/clio-core/context-runtime/src/scheduler/default_sched.cc:430 WARNING 1159855 LoadBalance [#781 PDF] observed exec-time bins (cumulative): <10us=1261944 <50us=39856 <500us=3138 <10ms=6892 <50ms=281 <500ms=3 <1s=0 >=1s=0 | stalls_detected=0[0m
[33m/home/cvazquezperezdelacru/clio-core/context-runtime/src/scheduler/default_sched.cc:439 WARNING 1159855 LoadBalance [#785] lane rescues performed: 0[0m
[97m/home/cvazquezperezdelacru/clio-core/context-runtime/modules/admin/src/admin_runtime.cc:1191 INFO 1159850 RegisterMemory Admin::RegisterMemory: Registering CPU alloc_id (1159947.62)[0m
[97m/home/cvazquezperezdelacru/clio-core/context-runtime/src/ipc_manager.cc:2532 INFO 1159850 RegisterMemory IpcManager::RegisterMemory: Registering clio_1159947_62 from pid 1159947[0m
[97m/home/cvazquezperezdelacru/clio-core/context-runtime/src/ipc_manager.cc:2575 INFO 1159850 RegisterMemory IpcManager::RegisterMemory: Successfully registered clio_1159947_62[0m
[97m/home/cvazquezperezdelacru/clio-core/context-runtime/modules/admin/src/admin_runtime.cc:1191 INFO 1159851 RegisterMemory Admin::RegisterMemory: Registering CPU alloc_id (1159947.63)[0m
[97m/home/cvazquezperezdelacru/clio-core/context-runtime/src/ipc_manager.cc:2532 INFO 1159851 RegisterMemory IpcManager::RegisterMemory: Registering clio_1159947_63 from pid 1159947[0m
[97m/home/cvazquezperezdelacru/clio-core/context-runtime/src/ipc_manager.cc:2575 INFO 1159851 RegisterMemory IpcManager::RegisterMemory: Successfully registered clio_1159947_63[0m
[97m/home/cvazquezperezdelacru/clio-core/context-runtime/modules/admin/src/admin_runtime.cc:1191 INFO 1159849 RegisterMemory Admin::RegisterMemory: Registering CPU alloc_id (1159947.64)[0m
[97m/home/cvazquezperezdelacru/clio-core/context-runtime/src/ipc_manager.cc:2532 INFO 1159849 RegisterMemory IpcManager::RegisterMemory: Registering clio_1159947_64 from pid 1159947[0m
[97m/home/cvazquezperezdelacru/clio-core/context-runtime/src/ipc_manager.cc:2575 INFO 1159849 RegisterMemory IpcManager::RegisterMemory: Successfully registered clio_1159947_64[0m
[97m/home/cvazquezperezdelacru/clio-core/context-runtime/modules/admin/src/admin_runtime.cc:1191 INFO 1159850 RegisterMemory Admin::RegisterMemory: Registering CPU alloc_id (1159947.65)[0m
[97m/home/cvazquezperezdelacru/clio-core/context-runtime/src/ipc_manager.cc:2532 INFO 1159850 RegisterMemory IpcManager::RegisterMemory: Registering clio_1159947_65 from pid 1159947[0m
[97m/home/cvazquezperezdelacru/clio-core/context-runtime/src/ipc_manager.cc:2575 INFO 1159850 RegisterMemory IpcManager::RegisterMemory: Successfully registered clio_1159947_65[0m
[33m/home/cvazquezperezdelacru/clio-core/context-runtime/src/scheduler/default_sched.cc:430 WARNING 1159855 LoadBalance [#781 PDF] observed exec-time bins (cumulative): <10us=1328806 <50us=42377 <500us=3375 <10ms=7302 <50ms=283 <500ms=3 <1s=0 >=1s=0 | stalls_detected=0[0m
[33m/home/cvazquezperezdelacru/clio-core/context-runtime/src/scheduler/default_sched.cc:439 WARNING 1159855 LoadBalance [#785] lane rescues performed: 0[0m
[97m/home/cvazquezperezdelacru/clio-core/context-runtime/modules/admin/src/admin_runtime.cc:1191 INFO 1159849 RegisterMemory Admin::RegisterMemory: Registering CPU alloc_id (1159947.66)[0m
[97m/home/cvazquezperezdelacru/clio-core/context-runtime/src/ipc_manager.cc:2532 INFO 1159849 RegisterMemory IpcManager::RegisterMemory: Registering clio_1159947_66 from pid 1159947[0m
[97m/home/cvazquezperezdelacru/clio-core/context-runtime/src/ipc_manager.cc:2575 INFO 1159849 RegisterMemory IpcManager::RegisterMemory: Successfully registered clio_1159947_66[0m
[97m/home/cvazquezperezdelacru/clio-core/context-runtime/modules/admin/src/admin_runtime.cc:1191 INFO 1159850 RegisterMemory Admin::RegisterMemory: Registering CPU alloc_id (1159947.67)[0m
[97m/home/cvazquezperezdelacru/clio-core/context-runtime/src/ipc_manager.cc:2532 INFO 1159850 RegisterMemory IpcManager::RegisterMemory: Registering clio_1159947_67 from pid 1159947[0m
[97m/home/cvazquezperezdelacru/clio-core/context-runtime/src/ipc_manager.cc:2575 INFO 1159850 RegisterMemory IpcManager::RegisterMemory: Successfully registered clio_1159947_67[0m
[97m/home/cvazquezperezdelacru/clio-core/context-runtime/modules/admin/src/admin_runtime.cc:1191 INFO 1159849 RegisterMemory Admin::RegisterMemory: Registering CPU alloc_id (1159947.68)[0m
[97m/home/cvazquezperezdelacru/clio-core/context-runtime/src/ipc_manager.cc:2532 INFO 1159849 RegisterMemory IpcManager::RegisterMemory: Registering clio_1159947_68 from pid 1159947[0m
[97m/home/cvazquezperezdelacru/clio-core/context-runtime/src/ipc_manager.cc:2575 INFO 1159849 RegisterMemory IpcManager::RegisterMemory: Successfully registered clio_1159947_68[0m
[33m/home/cvazquezperezdelacru/clio-core/context-runtime/src/scheduler/default_sched.cc:430 WARNING 1159855 LoadBalance [#781 PDF] observed exec-time bins (cumulative): <10us=1394308 <50us=44761 <500us=3624 <10ms=7683 <50ms=287 <500ms=4 <1s=0 >=1s=0 | stalls_detected=0[0m
[33m/home/cvazquezperezdelacru/clio-core/context-runtime/src/scheduler/default_sched.cc:439 WARNING 1159855 LoadBalance [#785] lane rescues performed: 0[0m
[97m/home/cvazquezperezdelacru/clio-core/context-runtime/modules/admin/src/admin_runtime.cc:1191 INFO 1159850 RegisterMemory Admin::RegisterMemory: Registering CPU alloc_id (1159947.69)[0m
[97m/home/cvazquezperezdelacru/clio-core/context-runtime/src/ipc_manager.cc:2532 INFO 1159850 RegisterMemory IpcManager::RegisterMemory: Registering clio_1159947_69 from pid 1159947[0m
[97m/home/cvazquezperezdelacru/clio-core/context-runtime/src/ipc_manager.cc:2575 INFO 1159850 RegisterMemory IpcManager::RegisterMemory: Successfully registered clio_1159947_69[0m
[97m/home/cvazquezperezdelacru/clio-core/context-runtime/modules/admin/src/admin_runtime.cc:1191 INFO 1159848 RegisterMemory Admin::RegisterMemory: Registering CPU alloc_id (1159947.70)[0m
[97m/home/cvazquezperezdelacru/clio-core/context-runtime/src/ipc_manager.cc:2532 INFO 1159848 RegisterMemory IpcManager::RegisterMemory: Registering clio_1159947_70 from pid 1159947[0m
[97m/home/cvazquezperezdelacru/clio-core/context-runtime/src/ipc_manager.cc:2575 INFO 1159848 RegisterMemory IpcManager::RegisterMemory: Successfully registered clio_1159947_70[0m
[97m/home/cvazquezperezdelacru/clio-core/context-runtime/modules/admin/src/admin_runtime.cc:1191 INFO 1159848 RegisterMemory Admin::RegisterMemory: Registering CPU alloc_id (1159947.71)[0m
[97m/home/cvazquezperezdelacru/clio-core/context-runtime/src/ipc_manager.cc:2532 INFO 1159848 RegisterMemory IpcManager::RegisterMemory: Registering clio_1159947_71 from pid 1159947[0m
[97m/home/cvazquezperezdelacru/clio-core/context-runtime/src/ipc_manager.cc:2575 INFO 1159848 RegisterMemory IpcManager::RegisterMemory: Successfully registered clio_1159947_71[0m
[33m/home/cvazquezperezdelacru/clio-core/context-runtime/src/scheduler/default_sched.cc:430 WARNING 1159855 LoadBalance [#781 PDF] observed exec-time bins (cumulative): <10us=1458460 <50us=48591 <500us=3853 <10ms=8115 <50ms=288 <500ms=4 <1s=0 >=1s=0 | stalls_detected=0[0m
[33m/home/cvazquezperezdelacru/clio-core/context-runtime/src/scheduler/default_sched.cc:439 WARNING 1159855 LoadBalance [#785] lane rescues performed: 0[0m
[97m/home/cvazquezperezdelacru/clio-core/context-runtime/modules/admin/src/admin_runtime.cc:1191 INFO 1159849 RegisterMemory Admin::RegisterMemory: Registering CPU alloc_id (1159947.72)[0m
[97m/home/cvazquezperezdelacru/clio-core/context-runtime/src/ipc_manager.cc:2532 INFO 1159849 RegisterMemory IpcManager::RegisterMemory: Registering clio_1159947_72 from pid 1159947[0m
[97m/home/cvazquezperezdelacru/clio-core/context-runtime/src/ipc_manager.cc:2575 INFO 1159849 RegisterMemory IpcManager::RegisterMemory: Successfully registered clio_1159947_72[0m
[97m/home/cvazquezperezdelacru/clio-core/context-runtime/modules/admin/src/admin_runtime.cc:1191 INFO 1159851 RegisterMemory Admin::RegisterMemory: Registering CPU alloc_id (1159947.73)[0m
[97m/home/cvazquezperezdelacru/clio-core/context-runtime/src/ipc_manager.cc:2532 INFO 1159851 RegisterMemory IpcManager::RegisterMemory: Registering clio_1159947_73 from pid 1159947[0m
[97m/home/cvazquezperezdelacru/clio-core/context-runtime/src/ipc_manager.cc:2575 INFO 1159851 RegisterMemory IpcManager::RegisterMemory: Successfully registered clio_1159947_73[0m
[97m/home/cvazquezperezdelacru/clio-core/context-runtime/modules/admin/src/admin_runtime.cc:1191 INFO 1159849 RegisterMemory Admin::RegisterMemory: Registering CPU alloc_id (1159947.74)[0m
[97m/home/cvazquezperezdelacru/clio-core/context-runtime/src/ipc_manager.cc:2532 INFO 1159849 RegisterMemory IpcManager::RegisterMemory: Registering clio_1159947_74 from pid 1159947[0m
[97m/home/cvazquezperezdelacru/clio-core/context-runtime/src/ipc_manager.cc:2575 INFO 1159849 RegisterMemory IpcManager::RegisterMemory: Successfully registered clio_1159947_74[0m
[31m/home/cvazquezperezdelacru/clio-core/context-runtime/src/scheduler/default_sched.cc:726 ERROR 1159855 LoadBalance [HANGWATCH-HB] processed=28316 outstanding=1 (queued=1 blocked=0 retry=0 periodic=7) live=0 live_stalled=0[0m
[97m/home/cvazquezperezdelacru/clio-core/context-runtime/modules/admin/src/admin_runtime.cc:1191 INFO 1159851 RegisterMemory Admin::RegisterMemory: Registering CPU alloc_id (1159947.75)[0m
[97m/home/cvazquezperezdelacru/clio-core/context-runtime/src/ipc_manager.cc:2532 INFO 1159851 RegisterMemory IpcManager::RegisterMemory: Registering clio_1159947_75 from pid 1159947[0m
[97m/home/cvazquezperezdelacru/clio-core/context-runtime/src/ipc_manager.cc:2575 INFO 1159851 RegisterMemory IpcManager::RegisterMemory: Successfully registered clio_1159947_75[0m
[33m/home/cvazquezperezdelacru/clio-core/context-runtime/src/scheduler/default_sched.cc:430 WARNING 1159855 LoadBalance [#781 PDF] observed exec-time bins (cumulative): <10us=1520355 <50us=53905 <500us=4136 <10ms=8556 <50ms=291 <500ms=4 <1s=0 >=1s=0 | stalls_detected=0[0m
[33m/home/cvazquezperezdelacru/clio-core/context-runtime/src/scheduler/default_sched.cc:439 WARNING 1159855 LoadBalance [#785] lane rescues performed: 0[0m
[97m/home/cvazquezperezdelacru/clio-core/context-runtime/modules/admin/src/admin_runtime.cc:1191 INFO 1159851 RegisterMemory Admin::RegisterMemory: Registering CPU alloc_id (1159947.76)[0m
[97m/home/cvazquezperezdelacru/clio-core/context-runtime/src/ipc_manager.cc:2532 INFO 1159851 RegisterMemory IpcManager::RegisterMemory: Registering clio_1159947_76 from pid 1159947[0m
[97m/home/cvazquezperezdelacru/clio-core/context-runtime/src/ipc_manager.cc:2575 INFO 1159851 RegisterMemory IpcManager::RegisterMemory: Successfully registered clio_1159947_76[0m
[33m/home/cvazquezperezdelacru/clio-core/context-runtime/src/scheduler/default_sched.cc:430 WARNING 1159855 LoadBalance [#781 PDF] observed exec-time bins (cumulative): <10us=1581347 <50us=58617 <500us=4434 <10ms=8984 <50ms=293 <500ms=5 <1s=0 >=1s=0 | stalls_detected=0[0m
[33m/home/cvazquezperezdelacru/clio-core/context-runtime/src/scheduler/default_sched.cc:439 WARNING 1159855 LoadBalance [#785] lane rescues performed: 0[0m
[97m/home/cvazquezperezdelacru/clio-core/context-runtime/modules/admin/src/admin_runtime.cc:1191 INFO 1159850 RegisterMemory Admin::RegisterMemory: Registering CPU alloc_id (1159947.77)[0m
[97m/home/cvazquezperezdelacru/clio-core/context-runtime/src/ipc_manager.cc:2532 INFO 1159850 RegisterMemory IpcManager::RegisterMemory: Registering clio_1159947_77 from pid 1159947[0m
[97m/home/cvazquezperezdelacru/clio-core/context-runtime/src/ipc_manager.cc:2575 INFO 1159850 RegisterMemory IpcManager::RegisterMemory: Successfully registered clio_1159947_77[0m
[97m/home/cvazquezperezdelacru/clio-core/context-runtime/modules/admin/src/admin_runtime.cc:1191 INFO 1159848 RegisterMemory Admin::RegisterMemory: Registering CPU alloc_id (1159947.78)[0m
[97m/home/cvazquezperezdelacru/clio-core/context-runtime/src/ipc_manager.cc:2532 INFO 1159848 RegisterMemory IpcManager::RegisterMemory: Registering clio_1159947_78 from pid 1159947[0m
[97m/home/cvazquezperezdelacru/clio-core/context-runtime/src/ipc_manager.cc:2575 INFO 1159848 RegisterMemory IpcManager::RegisterMemory: Successfully registered clio_1159947_78[0m
[97m/home/cvazquezperezdelacru/clio-core/context-runtime/modules/admin/src/admin_runtime.cc:1191 INFO 1159849 RegisterMemory Admin::RegisterMemory: Registering CPU alloc_id (1159947.79)[0m
[97m/home/cvazquezperezdelacru/clio-core/context-runtime/src/ipc_manager.cc:2532 INFO 1159849 RegisterMemory IpcManager::RegisterMemory: Registering clio_1159947_79 from pid 1159947[0m
[97m/home/cvazquezperezdelacru/clio-core/context-runtime/src/ipc_manager.cc:2575 INFO 1159849 RegisterMemory IpcManager::RegisterMemory: Successfully registered clio_1159947_79[0m
[97m/home/cvazquezperezdelacru/clio-core/context-runtime/modules/admin/src/admin_runtime.cc:1191 INFO 1159850 RegisterMemory Admin::RegisterMemory: Registering CPU alloc_id (1159947.80)[0m
[97m/home/cvazquezperezdelacru/clio-core/context-runtime/src/ipc_manager.cc:2532 INFO 1159850 RegisterMemory IpcManager::RegisterMemory: Registering clio_1159947_80 from pid 1159947[0m
[97m/home/cvazquezperezdelacru/clio-core/context-runtime/src/ipc_manager.cc:2575 INFO 1159850 RegisterMemory IpcManager::RegisterMemory: Successfully registered clio_1159947_80[0m
[33m/home/cvazquezperezdelacru/clio-core/context-runtime/src/scheduler/default_sched.cc:430 WARNING 1159855 LoadBalance [#781 PDF] observed exec-time bins (cumulative): <10us=1645246 <50us=63299 <500us=4751 <10ms=9394 <50ms=295 <500ms=5 <1s=0 >=1s=0 | stalls_detected=0[0m
[33m/home/cvazquezperezdelacru/clio-core/context-runtime/src/scheduler/default_sched.cc:439 WARNING 1159855 LoadBalance [#785] lane rescues performed: 0[0m
[97m/home/cvazquezperezdelacru/clio-core/context-runtime/modules/admin/src/admin_runtime.cc:1191 INFO 1159851 RegisterMemory Admin::RegisterMemory: Registering CPU alloc_id (1159947.81)[0m
[97m/home/cvazquezperezdelacru/clio-core/context-runtime/src/ipc_manager.cc:2532 INFO 1159851 RegisterMemory IpcManager::RegisterMemory: Registering clio_1159947_81 from pid 1159947[0m
[97m/home/cvazquezperezdelacru/clio-core/context-runtime/src/ipc_manager.cc:2575 INFO 1159851 RegisterMemory IpcManager::RegisterMemory: Successfully registered clio_1159947_81[0m
[97m/home/cvazquezperezdelacru/clio-core/context-runtime/modules/admin/src/admin_runtime.cc:1191 INFO 1159851 RegisterMemory Admin::RegisterMemory: Registering CPU alloc_id (1159947.82)[0m
[97m/home/cvazquezperezdelacru/clio-core/context-runtime/src/ipc_manager.cc:2532 INFO 1159851 RegisterMemory IpcManager::RegisterMemory: Registering clio_1159947_82 from pid 1159947[0m
[97m/home/cvazquezperezdelacru/clio-core/context-runtime/src/ipc_manager.cc:2575 INFO 1159851 RegisterMemory IpcManager::RegisterMemory: Successfully registered clio_1159947_82[0m
[31m/home/cvazquezperezdelacru/clio-core/context-runtime/src/scheduler/default_sched.cc:726 ERROR 1159855 LoadBalance [HANGWATCH-HB] processed=32617 outstanding=1 (queued=1 blocked=0 retry=0 periodic=7) live=0 live_stalled=0[0m
[33m/home/cvazquezperezdelacru/clio-core/context-runtime/src/scheduler/default_sched.cc:430 WARNING 1159855 LoadBalance [#781 PDF] observed exec-time bins (cumulative): <10us=1706265 <50us=68571 <500us=5043 <10ms=9808 <50ms=301 <500ms=5 <1s=0 >=1s=0 | stalls_detected=0[0m
[33m/home/cvazquezperezdelacru/clio-core/context-runtime/src/scheduler/default_sched.cc:439 WARNING 1159855 LoadBalance [#785] lane rescues performed: 0[0m
[97m/home/cvazquezperezdelacru/clio-core/context-runtime/modules/admin/src/admin_runtime.cc:1191 INFO 1159849 RegisterMemory Admin::RegisterMemory: Registering CPU alloc_id (1159947.83)[0m
[97m/home/cvazquezperezdelacru/clio-core/context-runtime/src/ipc_manager.cc:2532 INFO 1159849 RegisterMemory IpcManager::RegisterMemory: Registering clio_1159947_83 from pid 1159947[0m
[97m/home/cvazquezperezdelacru/clio-core/context-runtime/src/ipc_manager.cc:2575 INFO 1159849 RegisterMemory IpcManager::RegisterMemory: Successfully registered clio_1159947_83[0m
[97m/home/cvazquezperezdelacru/clio-core/context-runtime/modules/admin/src/admin_runtime.cc:1191 INFO 1159849 RegisterMemory Admin::RegisterMemory: Registering CPU alloc_id (1159947.84)[0m
[97m/home/cvazquezperezdelacru/clio-core/context-runtime/src/ipc_manager.cc:2532 INFO 1159849 RegisterMemory IpcManager::RegisterMemory: Registering clio_1159947_84 from pid 1159947[0m
[97m/home/cvazquezperezdelacru/clio-core/context-runtime/src/ipc_manager.cc:2575 INFO 1159849 RegisterMemory IpcManager::RegisterMemory: Successfully registered clio_1159947_84[0m
[97m/home/cvazquezperezdelacru/clio-core/context-runtime/modules/admin/src/admin_runtime.cc:1191 INFO 1159849 RegisterMemory Admin::RegisterMemory: Registering CPU alloc_id (1159947.85)[0m
[97m/home/cvazquezperezdelacru/clio-core/context-runtime/src/ipc_manager.cc:2532 INFO 1159849 RegisterMemory IpcManager::RegisterMemory: Registering clio_1159947_85 from pid 1159947[0m
[97m/home/cvazquezperezdelacru/clio-core/context-runtime/src/ipc_manager.cc:2575 INFO 1159849 RegisterMemory IpcManager::RegisterMemory: Successfully registered clio_1159947_85[0m
[97m/home/cvazquezperezdelacru/clio-core/context-runtime/modules/admin/src/admin_runtime.cc:1191 INFO 1159850 RegisterMemory Admin::RegisterMemory: Registering CPU alloc_id (1159947.86)[0m
[97m/home/cvazquezperezdelacru/clio-core/context-runtime/src/ipc_manager.cc:2532 INFO 1159850 RegisterMemory IpcManager::RegisterMemory: Registering clio_1159947_86 from pid 1159947[0m
[97m/home/cvazquezperezdelacru/clio-core/context-runtime/src/ipc_manager.cc:2575 INFO 1159850 RegisterMemory IpcManager::RegisterMemory: Successfully registered clio_1159947_86[0m
[33m/home/cvazquezperezdelacru/clio-core/context-runtime/src/scheduler/default_sched.cc:430 WARNING 1159855 LoadBalance [#781 PDF] observed exec-time bins (cumulative): <10us=1768860 <50us=72599 <500us=5288 <10ms=10179 <50ms=304 <500ms=5 <1s=0 >=1s=0 | stalls_detected=0[0m
[33m/home/cvazquezperezdelacru/clio-core/context-runtime/src/scheduler/default_sched.cc:439 WARNING 1159855 LoadBalance [#785] lane rescues performed: 0[0m
[97m/home/cvazquezperezdelacru/clio-core/context-runtime/modules/admin/src/admin_runtime.cc:1191 INFO 1159848 RegisterMemory Admin::RegisterMemory: Registering CPU alloc_id (1159947.87)[0m
[97m/home/cvazquezperezdelacru/clio-core/context-runtime/src/ipc_manager.cc:2532 INFO 1159848 RegisterMemory IpcManager::RegisterMemory: Registering clio_1159947_87 from pid 1159947[0m
[97m/home/cvazquezperezdelacru/clio-core/context-runtime/src/ipc_manager.cc:2575 INFO 1159848 RegisterMemory IpcManager::RegisterMemory: Successfully registered clio_1159947_87[0m
[97m/home/cvazquezperezdelacru/clio-core/context-runtime/modules/admin/src/admin_runtime.cc:1191 INFO 1159849 RegisterMemory Admin::RegisterMemory: Registering CPU alloc_id (1159947.88)[0m
[97m/home/cvazquezperezdelacru/clio-core/context-runtime/src/ipc_manager.cc:2532 INFO 1159849 RegisterMemory IpcManager::RegisterMemory: Registering clio_1159947_88 from pid 1159947[0m
[97m/home/cvazquezperezdelacru/clio-core/context-runtime/src/ipc_manager.cc:2575 INFO 1159849 RegisterMemory IpcManager::RegisterMemory: Successfully registered clio_1159947_88[0m
[97m/home/cvazquezperezdelacru/clio-core/context-runtime/modules/admin/src/admin_runtime.cc:1191 INFO 1159849 RegisterMemory Admin::RegisterMemory: Registering CPU alloc_id (1159947.89)[0m
[97m/home/cvazquezperezdelacru/clio-core/context-runtime/src/ipc_manager.cc:2532 INFO 1159849 RegisterMemory IpcManager::RegisterMemory: Registering clio_1159947_89 from pid 1159947[0m
[97m/home/cvazquezperezdelacru/clio-core/context-runtime/src/ipc_manager.cc:2575 INFO 1159849 RegisterMemory IpcManager::RegisterMemory: Successfully registered clio_1159947_89[0m
[33m/home/cvazquezperezdelacru/clio-core/context-runtime/src/scheduler/default_sched.cc:430 WARNING 1159855 LoadBalance [#781 PDF] observed exec-time bins (cumulative): <10us=1832697 <50us=76118 <500us=5545 <10ms=10644 <50ms=306 <500ms=5 <1s=0 >=1s=0 | stalls_detected=0[0m
[33m/home/cvazquezperezdelacru/clio-core/context-runtime/src/scheduler/default_sched.cc:439 WARNING 1159855 LoadBalance [#785] lane rescues performed: 0[0m
[97m/home/cvazquezperezdelacru/clio-core/context-runtime/modules/admin/src/admin_runtime.cc:1191 INFO 1159850 RegisterMemory Admin::RegisterMemory: Registering CPU alloc_id (1159947.90)[0m
[97m/home/cvazquezperezdelacru/clio-core/context-runtime/src/ipc_manager.cc:2532 INFO 1159850 RegisterMemory IpcManager::RegisterMemory: Registering clio_1159947_90 from pid 1159947[0m
[97m/home/cvazquezperezdelacru/clio-core/context-runtime/src/ipc_manager.cc:2575 INFO 1159850 RegisterMemory IpcManager::RegisterMemory: Successfully registered clio_1159947_90[0m
[97m/home/cvazquezperezdelacru/clio-core/context-runtime/modules/admin/src/admin_runtime.cc:1191 INFO 1159848 RegisterMemory Admin::RegisterMemory: Registering CPU alloc_id (1159947.91)[0m
[97m/home/cvazquezperezdelacru/clio-core/context-runtime/src/ipc_manager.cc:2532 INFO 1159848 RegisterMemory IpcManager::RegisterMemory: Registering clio_1159947_91 from pid 1159947[0m
[97m/home/cvazquezperezdelacru/clio-core/context-runtime/src/ipc_manager.cc:2575 INFO 1159848 RegisterMemory IpcManager::RegisterMemory: Successfully registered clio_1159947_91[0m
[33m/home/cvazquezperezdelacru/clio-core/context-runtime/src/scheduler/default_sched.cc:430 WARNING 1159855 LoadBalance [#781 PDF] observed exec-time bins (cumulative): <10us=1894182 <50us=80963 <500us=5829 <10ms=11032 <50ms=310 <500ms=6 <1s=0 >=1s=0 | stalls_detected=0[0m
[33m/home/cvazquezperezdelacru/clio-core/context-runtime/src/scheduler/default_sched.cc:439 WARNING 1159855 LoadBalance [#785] lane rescues performed: 0[0m
[97m/home/cvazquezperezdelacru/clio-core/context-runtime/modules/admin/src/admin_runtime.cc:1191 INFO 1159849 RegisterMemory Admin::RegisterMemory: Registering CPU alloc_id (1159947.92)[0m
[97m/home/cvazquezperezdelacru/clio-core/context-runtime/src/ipc_manager.cc:2532 INFO 1159849 RegisterMemory IpcManager::RegisterMemory: Registering clio_1159947_92 from pid 1159947[0m
[97m/home/cvazquezperezdelacru/clio-core/context-runtime/src/ipc_manager.cc:2575 INFO 1159849 RegisterMemory IpcManager::RegisterMemory: Successfully registered clio_1159947_92[0m
[97m/home/cvazquezperezdelacru/clio-core/context-runtime/modules/admin/src/admin_runtime.cc:1191 INFO 1159849 RegisterMemory Admin::RegisterMemory: Registering CPU alloc_id (1159947.93)[0m
[97m/home/cvazquezperezdelacru/clio-core/context-runtime/src/ipc_manager.cc:2532 INFO 1159849 RegisterMemory IpcManager::RegisterMemory: Registering clio_1159947_93 from pid 1159947[0m
[97m/home/cvazquezperezdelacru/clio-core/context-runtime/src/ipc_manager.cc:2575 INFO 1159849 RegisterMemory IpcManager::RegisterMemory: Successfully registered clio_1159947_93[0m
[33m/home/cvazquezperezdelacru/clio-core/context-runtime/src/scheduler/default_sched.cc:430 WARNING 1159855 LoadBalance [#781 PDF] observed exec-time bins (cumulative): <10us=1957100 <50us=84651 <500us=6100 <10ms=11451 <50ms=311 <500ms=7 <1s=0 >=1s=0 | stalls_detected=0[0m
[33m/home/cvazquezperezdelacru/clio-core/context-runtime/src/scheduler/default_sched.cc:439 WARNING 1159855 LoadBalance [#785] lane rescues performed: 0[0m
[97m/home/cvazquezperezdelacru/clio-core/context-runtime/modules/admin/src/admin_runtime.cc:1191 INFO 1159850 RegisterMemory Admin::RegisterMemory: Registering CPU alloc_id (1159947.94)[0m
[97m/home/cvazquezperezdelacru/clio-core/context-runtime/src/ipc_manager.cc:2532 INFO 1159850 RegisterMemory IpcManager::RegisterMemory: Registering clio_1159947_94 from pid 1159947[0m
[97m/home/cvazquezperezdelacru/clio-core/context-runtime/src/ipc_manager.cc:2575 INFO 1159850 RegisterMemory IpcManager::RegisterMemory: Successfully registered clio_1159947_94[0m
[97m/home/cvazquezperezdelacru/clio-core/context-runtime/modules/admin/src/admin_runtime.cc:1191 INFO 1159851 RegisterMemory Admin::RegisterMemory: Registering CPU alloc_id (1159947.95)[0m
[97m/home/cvazquezperezdelacru/clio-core/context-runtime/src/ipc_manager.cc:2532 INFO 1159851 RegisterMemory IpcManager::RegisterMemory: Registering clio_1159947_95 from pid 1159947[0m
[97m/home/cvazquezperezdelacru/clio-core/context-runtime/src/ipc_manager.cc:2575 INFO 1159851 RegisterMemory IpcManager::RegisterMemory: Successfully registered clio_1159947_95[0m
[97m/home/cvazquezperezdelacru/clio-core/context-runtime/modules/admin/src/admin_runtime.cc:1191 INFO 1159850 RegisterMemory Admin::RegisterMemory: Registering CPU alloc_id (1159947.96)[0m
[97m/home/cvazquezperezdelacru/clio-core/context-runtime/src/ipc_manager.cc:2532 INFO 1159850 RegisterMemory IpcManager::RegisterMemory: Registering clio_1159947_96 from pid 1159947[0m
[97m/home/cvazquezperezdelacru/clio-core/context-runtime/src/ipc_manager.cc:2575 INFO 1159850 RegisterMemory IpcManager::RegisterMemory: Successfully registered clio_1159947_96[0m
[33m/home/cvazquezperezdelacru/clio-core/context-runtime/src/scheduler/default_sched.cc:430 WARNING 1159855 LoadBalance [#781 PDF] observed exec-time bins (cumulative): <10us=2017876 <50us=90400 <500us=6352 <10ms=11911 <50ms=313 <500ms=7 <1s=0 >=1s=0 | stalls_detected=0[0m
[33m/home/cvazquezperezdelacru/clio-core/context-runtime/src/scheduler/default_sched.cc:439 WARNING 1159855 LoadBalance [#785] lane rescues performed: 0[0m
[97m/home/cvazquezperezdelacru/clio-core/context-runtime/modules/admin/src/admin_runtime.cc:1191 INFO 1159848 RegisterMemory Admin::RegisterMemory: Registering CPU alloc_id (1159947.97)[0m
[97m/home/cvazquezperezdelacru/clio-core/context-runtime/src/ipc_manager.cc:2532 INFO 1159848 RegisterMemory IpcManager::RegisterMemory: Registering clio_1159947_97 from pid 1159947[0m
[97m/home/cvazquezperezdelacru/clio-core/context-runtime/src/ipc_manager.cc:2575 INFO 1159848 RegisterMemory IpcManager::RegisterMemory: Successfully registered clio_1159947_97[0m
[97m/home/cvazquezperezdelacru/clio-core/context-runtime/modules/admin/src/admin_runtime.cc:1191 INFO 1159851 RegisterMemory Admin::RegisterMemory: Registering CPU alloc_id (1159947.98)[0m
[97m/home/cvazquezperezdelacru/clio-core/context-runtime/src/ipc_manager.cc:2532 INFO 1159851 RegisterMemory IpcManager::RegisterMemory: Registering clio_1159947_98 from pid 1159947[0m
[97m/home/cvazquezperezdelacru/clio-core/context-runtime/src/ipc_manager.cc:2575 INFO 1159851 RegisterMemory IpcManager::RegisterMemory: Successfully registered clio_1159947_98[0m
[97m/home/cvazquezperezdelacru/clio-core/context-runtime/modules/admin/src/admin_runtime.cc:1191 INFO 1159849 RegisterMemory Admin::RegisterMemory: Registering CPU alloc_id (1159947.99)[0m
[97m/home/cvazquezperezdelacru/clio-core/context-runtime/src/ipc_manager.cc:2532 INFO 1159849 RegisterMemory IpcManager::RegisterMemory: Registering clio_1159947_99 from pid 1159947[0m
[97m/home/cvazquezperezdelacru/clio-core/context-runtime/src/ipc_manager.cc:2575 INFO 1159849 RegisterMemory IpcManager::RegisterMemory: Successfully registered clio_1159947_99[0m
[31m/home/cvazquezperezdelacru/clio-core/context-runtime/src/scheduler/default_sched.cc:726 ERROR 1159855 LoadBalance [HANGWATCH-HB] processed=40734 outstanding=1 (queued=1 blocked=0 retry=0 periodic=7) live=0 live_stalled=0[0m
[97m/home/cvazquezperezdelacru/clio-core/context-runtime/modules/admin/src/admin_runtime.cc:1191 INFO 1159849 RegisterMemory Admin::RegisterMemory: Registering CPU alloc_id (1159947.100)[0m
[97m/home/cvazquezperezdelacru/clio-core/context-runtime/src/ipc_manager.cc:2532 INFO 1159849 RegisterMemory IpcManager::RegisterMemory: Registering clio_1159947_100 from pid 1159947[0m
[97m/home/cvazquezperezdelacru/clio-core/context-runtime/src/ipc_manager.cc:2575 INFO 1159849 RegisterMemory IpcManager::RegisterMemory: Successfully registered clio_1159947_100[0m
[33m/home/cvazquezperezdelacru/clio-core/context-runtime/src/scheduler/default_sched.cc:430 WARNING 1159855 LoadBalance [#781 PDF] observed exec-time bins (cumulative): <10us=2080373 <50us=95137 <500us=6623 <10ms=12305 <50ms=317 <500ms=8 <1s=0 >=1s=0 | stalls_detected=0[0m
[33m/home/cvazquezperezdelacru/clio-core/context-runtime/src/scheduler/default_sched.cc:439 WARNING 1159855 LoadBalance [#785] lane rescues performed: 0[0m
[97m/home/cvazquezperezdelacru/clio-core/context-runtime/modules/admin/src/admin_runtime.cc:1191 INFO 1159850 RegisterMemory Admin::RegisterMemory: Registering CPU alloc_id (1159947.101)[0m
[97m/home/cvazquezperezdelacru/clio-core/context-runtime/src/ipc_manager.cc:2532 INFO 1159850 RegisterMemory IpcManager::RegisterMemory: Registering clio_1159947_101 from pid 1159947[0m
[97m/home/cvazquezperezdelacru/clio-core/context-runtime/src/ipc_manager.cc:2575 INFO 1159850 RegisterMemory IpcManager::RegisterMemory: Successfully registered clio_1159947_101[0m
[97m/home/cvazquezperezdelacru/clio-core/context-runtime/modules/admin/src/admin_runtime.cc:1191 INFO 1159849 RegisterMemory Admin::RegisterMemory: Registering CPU alloc_id (1159947.102)[0m
[97m/home/cvazquezperezdelacru/clio-core/context-runtime/src/ipc_manager.cc:2532 INFO 1159849 RegisterMemory IpcManager::RegisterMemory: Registering clio_1159947_102 from pid 1159947[0m
[97m/home/cvazquezperezdelacru/clio-core/context-runtime/src/ipc_manager.cc:2575 INFO 1159849 RegisterMemory IpcManager::RegisterMemory: Successfully registered clio_1159947_102[0m
[33m/home/cvazquezperezdelacru/clio-core/context-runtime/src/scheduler/default_sched.cc:430 WARNING 1159855 LoadBalance [#781 PDF] observed exec-time bins (cumulative): <10us=2144543 <50us=98632 <500us=6877 <10ms=12745 <50ms=319 <500ms=8 <1s=0 >=1s=0 | stalls_detected=0[0m
[33m/home/cvazquezperezdelacru/clio-core/context-runtime/src/scheduler/default_sched.cc:439 WARNING 1159855 LoadBalance [#785] lane rescues performed: 0[0m
[97m/home/cvazquezperezdelacru/clio-core/context-runtime/modules/admin/src/admin_runtime.cc:1191 INFO 1159850 RegisterMemory Admin::RegisterMemory: Registering CPU alloc_id (1159947.103)[0m
[97m/home/cvazquezperezdelacru/clio-core/context-runtime/src/ipc_manager.cc:2532 INFO 1159850 RegisterMemory IpcManager::RegisterMemory: Registering clio_1159947_103 from pid 1159947[0m
[97m/home/cvazquezperezdelacru/clio-core/context-runtime/src/ipc_manager.cc:2575 INFO 1159850 RegisterMemory IpcManager::RegisterMemory: Successfully registered clio_1159947_103[0m
[97m/home/cvazquezperezdelacru/clio-core/context-runtime/modules/admin/src/admin_runtime.cc:1191 INFO 1159850 RegisterMemory Admin::RegisterMemory: Registering CPU alloc_id (1159947.104)[0m
[97m/home/cvazquezperezdelacru/clio-core/context-runtime/src/ipc_manager.cc:2532 INFO 1159850 RegisterMemory IpcManager::RegisterMemory: Registering clio_1159947_104 from pid 1159947[0m
[97m/home/cvazquezperezdelacru/clio-core/context-runtime/src/ipc_manager.cc:2575 INFO 1159850 RegisterMemory IpcManager::RegisterMemory: Successfully registered clio_1159947_104[0m
[33m/home/cvazquezperezdelacru/clio-core/context-runtime/src/scheduler/default_sched.cc:430 WARNING 1159855 LoadBalance [#781 PDF] observed exec-time bins (cumulative): <10us=2209414 <50us=102824 <500us=7194 <10ms=13174 <50ms=323 <500ms=8 <1s=0 >=1s=0 | stalls_detected=0[0m
[33m/home/cvazquezperezdelacru/clio-core/context-runtime/src/scheduler/default_sched.cc:439 WARNING 1159855 LoadBalance [#785] lane rescues performed: 0[0m
[97m/home/cvazquezperezdelacru/clio-core/context-runtime/modules/admin/src/admin_runtime.cc:1191 INFO 1159848 RegisterMemory Admin::RegisterMemory: Registering CPU alloc_id (1159947.105)[0m
[97m/home/cvazquezperezdelacru/clio-core/context-runtime/src/ipc_manager.cc:2532 INFO 1159848 RegisterMemory IpcManager::RegisterMemory: Registering clio_1159947_105 from pid 1159947[0m
[97m/home/cvazquezperezdelacru/clio-core/context-runtime/src/ipc_manager.cc:2575 INFO 1159848 RegisterMemory IpcManager::RegisterMemory: Successfully registered clio_1159947_105[0m
[97m/home/cvazquezperezdelacru/clio-core/context-runtime/modules/admin/src/admin_runtime.cc:1191 INFO 1159850 RegisterMemory Admin::RegisterMemory: Registering CPU alloc_id (1159947.106)[0m
[97m/home/cvazquezperezdelacru/clio-core/context-runtime/src/ipc_manager.cc:2532 INFO 1159850 RegisterMemory IpcManager::RegisterMemory: Registering clio_1159947_106 from pid 1159947[0m
[97m/home/cvazquezperezdelacru/clio-core/context-runtime/src/ipc_manager.cc:2575 INFO 1159850 RegisterMemory IpcManager::RegisterMemory: Successfully registered clio_1159947_106[0m
[97m/home/cvazquezperezdelacru/clio-core/context-runtime/modules/admin/src/admin_runtime.cc:1191 INFO 1159848 RegisterMemory Admin::RegisterMemory: Registering CPU alloc_id (1159947.107)[0m
[97m/home/cvazquezperezdelacru/clio-core/context-runtime/src/ipc_manager.cc:2532 INFO 1159848 RegisterMemory IpcManager::RegisterMemory: Registering clio_1159947_107 from pid 1159947[0m
[97m/home/cvazquezperezdelacru/clio-core/context-runtime/src/ipc_manager.cc:2575 INFO 1159848 RegisterMemory IpcManager::RegisterMemory: Successfully registered clio_1159947_107[0m
[33m/home/cvazquezperezdelacru/clio-core/context-runtime/src/scheduler/default_sched.cc:430 WARNING 1159855 LoadBalance [#781 PDF] observed exec-time bins (cumulative): <10us=2271889 <50us=107078 <500us=7441 <10ms=13575 <50ms=325 <500ms=8 <1s=0 >=1s=0 | stalls_detected=0[0m
[33m/home/cvazquezperezdelacru/clio-core/context-runtime/src/scheduler/default_sched.cc:439 WARNING 1159855 LoadBalance [#785] lane rescues performed: 0[0m
[97m/home/cvazquezperezdelacru/clio-core/context-runtime/modules/admin/src/admin_runtime.cc:1191 INFO 1159851 RegisterMemory Admin::RegisterMemory: Registering CPU alloc_id (1159947.108)[0m
[97m/home/cvazquezperezdelacru/clio-core/context-runtime/src/ipc_manager.cc:2532 INFO 1159851 RegisterMemory IpcManager::RegisterMemory: Registering clio_1159947_108 from pid 1159947[0m
[97m/home/cvazquezperezdelacru/clio-core/context-runtime/src/ipc_manager.cc:2575 INFO 1159851 RegisterMemory IpcManager::RegisterMemory: Successfully registered clio_1159947_108[0m
[97m/home/cvazquezperezdelacru/clio-core/context-runtime/modules/admin/src/admin_runtime.cc:1191 INFO 1159849 RegisterMemory Admin::RegisterMemory: Registering CPU alloc_id (1159947.109)[0m
[97m/home/cvazquezperezdelacru/clio-core/context-runtime/src/ipc_manager.cc:2532 INFO 1159849 RegisterMemory IpcManager::RegisterMemory: Registering clio_1159947_109 from pid 1159947[0m
[97m/home/cvazquezperezdelacru/clio-core/context-runtime/src/ipc_manager.cc:2575 INFO 1159849 RegisterMemory IpcManager::RegisterMemory: Successfully registered clio_1159947_109[0m
[33m/home/cvazquezperezdelacru/clio-core/context-runtime/src/scheduler/default_sched.cc:430 WARNING 1159855 LoadBalance [#781 PDF] observed exec-time bins (cumulative): <10us=2332842 <50us=112462 <500us=7730 <10ms=14016 <50ms=328 <500ms=8 <1s=0 >=1s=0 | stalls_detected=0[0m
[33m/home/cvazquezperezdelacru/clio-core/context-runtime/src/scheduler/default_sched.cc:439 WARNING 1159855 LoadBalance [#785] lane rescues performed: 0[0m
[31m/home/cvazquezperezdelacru/clio-core/context-runtime/src/scheduler/default_sched.cc:726 ERROR 1159855 LoadBalance [HANGWATCH-HB] processed=47474 outstanding=1 (queued=1 blocked=0 retry=0 periodic=7) live=0 live_stalled=0[0m
[33m/home/cvazquezperezdelacru/clio-core/context-runtime/src/scheduler/default_sched.cc:430 WARNING 1159855 LoadBalance [#781 PDF] observed exec-time bins (cumulative): <10us=2392858 <50us=118265 <500us=8028 <10ms=14499 <50ms=332 <500ms=8 <1s=0 >=1s=0 | stalls_detected=0[0m
[33m/home/cvazquezperezdelacru/clio-core/context-runtime/src/scheduler/default_sched.cc:439 WARNING 1159855 LoadBalance [#785] lane rescues performed: 0[0m
[97m/home/cvazquezperezdelacru/clio-core/context-runtime/modules/admin/src/admin_runtime.cc:1191 INFO 1159848 RegisterMemory Admin::RegisterMemory: Registering CPU alloc_id (1159947.110)[0m
[97m/home/cvazquezperezdelacru/clio-core/context-runtime/src/ipc_manager.cc:2532 INFO 1159848 RegisterMemory IpcManager::RegisterMemory: Registering clio_1159947_110 from pid 1159947[0m
[97m/home/cvazquezperezdelacru/clio-core/context-runtime/src/ipc_manager.cc:2575 INFO 1159848 RegisterMemory IpcManager::RegisterMemory: Successfully registered clio_1159947_110[0m
[97m/home/cvazquezperezdelacru/clio-core/context-runtime/modules/admin/src/admin_runtime.cc:1191 INFO 1159849 RegisterMemory Admin::RegisterMemory: Registering CPU alloc_id (1159947.111)[0m
[97m/home/cvazquezperezdelacru/clio-core/context-runtime/src/ipc_manager.cc:2532 INFO 1159849 RegisterMemory IpcManager::RegisterMemory: Registering clio_1159947_111 from pid 1159947[0m
[97m/home/cvazquezperezdelacru/clio-core/context-runtime/src/ipc_manager.cc:2575 INFO 1159849 RegisterMemory IpcManager::RegisterMemory: Successfully registered clio_1159947_111[0m
[97m/home/cvazquezperezdelacru/clio-core/context-runtime/modules/admin/src/admin_runtime.cc:1191 INFO 1159851 RegisterMemory Admin::RegisterMemory: Registering CPU alloc_id (1159947.112)[0m
[97m/home/cvazquezperezdelacru/clio-core/context-runtime/src/ipc_manager.cc:2532 INFO 1159851 RegisterMemory IpcManager::RegisterMemory: Registering clio_1159947_112 from pid 1159947[0m
[97m/home/cvazquezperezdelacru/clio-core/context-runtime/src/ipc_manager.cc:2575 INFO 1159851 RegisterMemory IpcManager::RegisterMemory: Successfully registered clio_1159947_112[0m
[33m/home/cvazquezperezdelacru/clio-core/context-runtime/src/scheduler/default_sched.cc:430 WARNING 1159855 LoadBalance [#781 PDF] observed exec-time bins (cumulative): <10us=2455718 <50us=121799 <500us=8241 <10ms=14749 <50ms=334 <500ms=8 <1s=0 >=1s=0 | stalls_detected=0[0m
[33m/home/cvazquezperezdelacru/clio-core/context-runtime/src/scheduler/default_sched.cc:439 WARNING 1159855 LoadBalance [#785] lane rescues performed: 0[0m
[33m/home/cvazquezperezdelacru/clio-core/context-runtime/src/scheduler/default_sched.cc:430 WARNING 1159855 LoadBalance [#781 PDF] observed exec-time bins (cumulative): <10us=2520631 <50us=123513 <500us=8274 <10ms=14757 <50ms=334 <500ms=9 <1s=0 >=1s=0 | stalls_detected=0[0m
[33m/home/cvazquezperezdelacru/clio-core/context-runtime/src/scheduler/default_sched.cc:439 WARNING 1159855 LoadBalance [#785] lane rescues performed: 0[0m
[97m/home/cvazquezperezdelacru/clio-core/context-runtime/src/ipc_manager.cc:2288 INFO 1159857 GetOrCreateClient [ClientPool] Creating new persistent connection to 127.0.0.1:44457[0m
[97m/home/cvazquezperezdelacru/clio-core/context-runtime/src/ipc_manager.cc:2308 INFO 1159857 GetOrCreateClient [ClientPool] Connection established to 127.0.0.1:44457[0m
[97m/home/cvazquezperezdelacru/clio-core/context-runtime/modules/admin/src/admin_runtime.cc:1191 INFO 1159850 RegisterMemory Admin::RegisterMemory: Registering CPU alloc_id (1160424.0)[0m
[97m/home/cvazquezperezdelacru/clio-core/context-runtime/src/ipc_manager.cc:2532 INFO 1159850 RegisterMemory IpcManager::RegisterMemory: Registering clio_1160424_0 from pid 1160424[0m
[97m/home/cvazquezperezdelacru/clio-core/context-runtime/src/ipc_manager.cc:2575 INFO 1159850 RegisterMemory IpcManager::RegisterMemory: Successfully registered clio_1160424_0[0m
[97m/home/cvazquezperezdelacru/clio-core/context-runtime/src/pool_manager.cc:534 INFO 1159850 CreatePool PoolManager: Creating pool 'clio_cte_core' with 1 containers (one per node)[0m
[97m/home/cvazquezperezdelacru/clio-core/context-runtime/src/pool_manager.cc:575 INFO 1159850 CreatePool PoolManager: Pool PoolId(major:512, minor:0) already exists by ID, returning existing pool[0m
[97m/home/cvazquezperezdelacru/clio-core/context-runtime/src/pool_manager.cc:534 INFO 1159850 CreatePool PoolManager: Creating pool 'faiss_ivf_bench' with 1 containers (one per node)[0m
[97m/home/cvazquezperezdelacru/clio-core/context-runtime/src/pool_manager.cc:575 INFO 1159850 CreatePool PoolManager: Pool PoolId(major:600, minor:0) already exists by ID, returning existing pool[0m
[97m/home/cvazquezperezdelacru/clio-core/context-runtime/src/ipc_manager.cc:2440 INFO 1159847 IncreaseClientShm IpcManager::IncreaseClientShm: Creating clio_1159826_4 with size 117768192 (84213760 + 33554432 overhead)[0m
[97m/home/cvazquezperezdelacru/clio-core/context-runtime/src/ipc_manager.cc:2485 INFO 1159847 IncreaseClientShm IpcManager::IncreaseClientShm: Created allocator clio_1159826_4 with ID (1159826.4)[0m
[97m/mnt/common/cvazquezperezdelacru/IOWARP/faiss/contrib/iowarp/chimod/src/faiss_ivf_runtime.cc:229 INFO 1159847 OpenIndex faiss_ivf: opened '/mnt/common/cvazquezperezdelacru/faiss/slurm_bench/work/ondisk_nb100M.index' (d=128, nlist=16384, ntotal=100000000, tag='faiss_ivf::ondisk_nb100M')[0m
[97m/mnt/common/cvazquezperezdelacru/IOWARP/faiss/contrib/iowarp/chimod/src/faiss_ivf_runtime.cc:300 INFO 1159847 Search faiss_ivf: Search nq=500 k=10 nprobe=256 unique_lists=16289[0m
[97m/home/cvazquezperezdelacru/clio-core/context-runtime/src/ipc_manager.cc:2440 INFO 1159847 IncreaseClientShm IpcManager::IncreaseClientShm: Creating clio_1159826_5 with size 129613712 (96059280 + 33554432 overhead)[0m
[97m/home/cvazquezperezdelacru/clio-core/context-runtime/src/ipc_manager.cc:2485 INFO 1159847 IncreaseClientShm IpcManager::IncreaseClientShm: Created allocator clio_1159826_5 with ID (1159826.5)[0m
[33m/home/cvazquezperezdelacru/clio-core/context-runtime/src/scheduler/default_sched.cc:455 WARNING 1159855 operator() [#781] worker 0 STALLED on one task (load_us=-7.62939e-06 realtime_load_us=1.00546e+06 threshold_s=1)[0m
[33m/home/cvazquezperezdelacru/clio-core/context-runtime/src/worker.cc:370 WARNING 1159855 AdoptLane [#785] worker 0 adopted lane 0x7fed8fecc1e8[0m
[33m/home/cvazquezperezdelacru/clio-core/context-runtime/src/work_orchestrator.cc:545 WARNING 1159855 SpawnAdditionalWorker [#785] spawned elastic worker 8 (pool now 9 workers)[0m
[33m/home/cvazquezperezdelacru/clio-core/context-runtime/src/scheduler/default_sched.cc:598 WARNING 1159855 operator() [#785] RESCUE: stalled worker 0 -> worker 8 (0 parked task(s) moved, 0 queued task(s) redistributed, rescues=1)[0m
[97m/home/cvazquezperezdelacru/clio-core/context-runtime/src/ipc_manager.cc:2440 INFO 1159847 IncreaseClientShm IpcManager::IncreaseClientShm: Creating clio_1159826_6 with size 130889008 (97334576 + 33554432 overhead)[0m
[97m/home/cvazquezperezdelacru/clio-core/context-runtime/src/ipc_manager.cc:2485 INFO 1159847 IncreaseClientShm IpcManager::IncreaseClientShm: Created allocator clio_1159826_6 with ID (1159826.6)[0m
[97m/home/cvazquezperezdelacru/clio-core/context-runtime/src/ipc_manager.cc:2440 INFO 1159847 IncreaseClientShm IpcManager::IncreaseClientShm: Creating clio_1159826_7 with size 138400416 (104845984 + 33554432 overhead)[0m
[97m/home/cvazquezperezdelacru/clio-core/context-runtime/src/ipc_manager.cc:2485 INFO 1159847 IncreaseClientShm IpcManager::IncreaseClientShm: Created allocator clio_1159826_7 with ID (1159826.7)[0m
[97m/home/cvazquezperezdelacru/clio-core/context-runtime/src/ipc_manager.cc:2440 INFO 1159847 IncreaseClientShm IpcManager::IncreaseClientShm: Creating clio_1159826_8 with size 135228416 (101673984 + 33554432 overhead)[0m
[33m/home/cvazquezperezdelacru/clio-core/context-runtime/src/scheduler/default_sched.cc:455 WARNING 1159855 operator() [#781] worker 0 STALLED on one task (load_us=-7.62939e-06 realtime_load_us=1.50786e+06 threshold_s=1)[0m
[97m/home/cvazquezperezdelacru/clio-core/context-runtime/src/ipc_manager.cc:2485 INFO 1159847 IncreaseClientShm IpcManager::IncreaseClientShm: Created allocator clio_1159826_8 with ID (1159826.8)[0m
[33m/home/cvazquezperezdelacru/clio-core/context-runtime/src/worker.cc:370 WARNING 1159855 AdoptLane [#785] worker 0 adopted lane 0x7fed8fecc1e8[0m
[33m/home/cvazquezperezdelacru/clio-core/context-runtime/src/scheduler/default_sched.cc:598 WARNING 1159855 operator() [#785] RESCUE: stalled worker 0 -> worker 8 (0 parked task(s) moved, 0 queued task(s) redistributed, rescues=2)[0m
[97m/home/cvazquezperezdelacru/clio-core/context-runtime/src/ipc_manager.cc:2440 INFO 1159847 IncreaseClientShm IpcManager::IncreaseClientShm: Creating clio_1159826_9 with size 144020312 (110465880 + 33554432 overhead)[0m
[97m/home/cvazquezperezdelacru/clio-core/context-runtime/src/ipc_manager.cc:2485 INFO 1159847 IncreaseClientShm IpcManager::IncreaseClientShm: Created allocator clio_1159826_9 with ID (1159826.9)[0m
[97m/home/cvazquezperezdelacru/clio-core/context-runtime/src/ipc_manager.cc:2440 INFO 1159847 IncreaseClientShm IpcManager::IncreaseClientShm: Creating clio_1159826_10 with size 143270208 (109715776 + 33554432 overhead)[0m
[97m/home/cvazquezperezdelacru/clio-core/context-runtime/src/ipc_manager.cc:2485 INFO 1159847 IncreaseClientShm IpcManager::IncreaseClientShm: Created allocator clio_1159826_10 with ID (1159826.10)[0m
[33m/home/cvazquezperezdelacru/clio-core/context-runtime/src/scheduler/default_sched.cc:455 WARNING 1159855 operator() [#781] worker 0 STALLED on one task (load_us=-7.62939e-06 realtime_load_us=2.00847e+06 threshold_s=1)[0m
[33m/home/cvazquezperezdelacru/clio-core/context-runtime/src/worker.cc:370 WARNING 1159855 AdoptLane [#785] worker 0 adopted lane 0x7fed8fecc1e8[0m
[33m/home/cvazquezperezdelacru/clio-core/context-runtime/src/scheduler/default_sched.cc:598 WARNING 1159855 operator() [#785] RESCUE: stalled worker 0 -> worker 8 (0 parked task(s) moved, 0 queued task(s) redistributed, rescues=3)[0m
[97m/home/cvazquezperezdelacru/clio-core/context-runtime/src/ipc_manager.cc:2440 INFO 1159847 IncreaseClientShm IpcManager::IncreaseClientShm: Creating clio_1159826_11 with size 140568816 (107014384 + 33554432 overhead)[0m
[97m/home/cvazquezperezdelacru/clio-core/context-runtime/src/ipc_manager.cc:2485 INFO 1159847 IncreaseClientShm IpcManager::IncreaseClientShm: Created allocator clio_1159826_11 with ID (1159826.11)[0m
[33m/home/cvazquezperezdelacru/clio-core/context-runtime/src/scheduler/default_sched.cc:455 WARNING 1159855 operator() [#781] worker 0 STALLED on one task (load_us=-7.62939e-06 realtime_load_us=2.50902e+06 threshold_s=1)[0m
[33m/home/cvazquezperezdelacru/clio-core/context-runtime/src/worker.cc:370 WARNING 1159855 AdoptLane [#785] worker 0 adopted lane 0x7fed8fecc1e8[0m
[33m/home/cvazquezperezdelacru/clio-core/context-runtime/src/scheduler/default_sched.cc:598 WARNING 1159855 operator() [#785] RESCUE: stalled worker 0 -> worker 8 (0 parked task(s) moved, 0 queued task(s) redistributed, rescues=4)[0m
[97m/home/cvazquezperezdelacru/clio-core/context-runtime/src/ipc_manager.cc:2440 INFO 1159847 IncreaseClientShm IpcManager::IncreaseClientShm: Creating clio_1159826_12 with size 142179512 (108625080 + 33554432 overhead)[0m
[97m/home/cvazquezperezdelacru/clio-core/context-runtime/src/ipc_manager.cc:2485 INFO 1159847 IncreaseClientShm IpcManager::IncreaseClientShm: Created allocator clio_1159826_12 with ID (1159826.12)[0m
[33m/home/cvazquezperezdelacru/clio-core/context-runtime/src/scheduler/default_sched.cc:455 WARNING 1159855 operator() [#781] worker 0 STALLED on one task (load_us=-7.62939e-06 realtime_load_us=3.00957e+06 threshold_s=1)[0m
[33m/home/cvazquezperezdelacru/clio-core/context-runtime/src/worker.cc:370 WARNING 1159855 AdoptLane [#785] worker 0 adopted lane 0x7fed8fecc1e8[0m
[33m/home/cvazquezperezdelacru/clio-core/context-runtime/src/scheduler/default_sched.cc:598 WARNING 1159855 operator() [#785] RESCUE: stalled worker 0 -> worker 8 (0 parked task(s) moved, 0 queued task(s) redistributed, rescues=5)[0m
[97m/home/cvazquezperezdelacru/clio-core/context-runtime/src/ipc_manager.cc:2440 INFO 1159847 IncreaseClientShm IpcManager::IncreaseClientShm: Creating clio_1159826_13 with size 138871008 (105316576 + 33554432 overhead)[0m
[97m/home/cvazquezperezdelacru/clio-core/context-runtime/src/ipc_manager.cc:2485 INFO 1159847 IncreaseClientShm IpcManager::IncreaseClientShm: Created allocator clio_1159826_13 with ID (1159826.13)[0m
[33m/home/cvazquezperezdelacru/clio-core/context-runtime/src/scheduler/default_sched.cc:455 WARNING 1159855 operator() [#781] worker 0 STALLED on one task (load_us=-7.62939e-06 realtime_load_us=3.51007e+06 threshold_s=1)[0m
[33m/home/cvazquezperezdelacru/clio-core/context-runtime/src/worker.cc:370 WARNING 1159855 AdoptLane [#785] worker 0 adopted lane 0x7fed8fecc1e8[0m
[33m/home/cvazquezperezdelacru/clio-core/context-runtime/src/scheduler/default_sched.cc:598 WARNING 1159855 operator() [#785] RESCUE: stalled worker 0 -> worker 8 (0 parked task(s) moved, 0 queued task(s) redistributed, rescues=6)[0m
[97m/home/cvazquezperezdelacru/clio-core/context-runtime/src/ipc_manager.cc:2440 INFO 1159847 IncreaseClientShm IpcManager::IncreaseClientShm: Creating clio_1159826_14 with size 132293008 (98738576 + 33554432 overhead)[0m
[97m/home/cvazquezperezdelacru/clio-core/context-runtime/src/ipc_manager.cc:2485 INFO 1159847 IncreaseClientShm IpcManager::IncreaseClientShm: Created allocator clio_1159826_14 with ID (1159826.14)[0m
[97m/home/cvazquezperezdelacru/clio-core/context-runtime/src/ipc_manager.cc:2440 INFO 1159847 IncreaseClientShm IpcManager::IncreaseClientShm: Creating clio_1159826_15 with size 143978712 (110424280 + 33554432 overhead)[0m
[97m/home/cvazquezperezdelacru/clio-core/context-runtime/src/ipc_manager.cc:2485 INFO 1159847 IncreaseClientShm IpcManager::IncreaseClientShm: Created allocator clio_1159826_15 with ID (1159826.15)[0m
[97m/home/cvazquezperezdelacru/clio-core/context-runtime/src/ipc_manager.cc:2440 INFO 1159847 IncreaseClientShm IpcManager::IncreaseClientShm: Creating clio_1159826_16 with size 132694712 (99140280 + 33554432 overhead)[0m
[97m/home/cvazquezperezdelacru/clio-core/context-runtime/src/ipc_manager.cc:2485 INFO 1159847 IncreaseClientShm IpcManager::IncreaseClientShm: Created allocator clio_1159826_16 with ID (1159826.16)[0m
[33m/home/cvazquezperezdelacru/clio-core/context-runtime/src/scheduler/default_sched.cc:430 WARNING 1159855 LoadBalance [#781 PDF] observed exec-time bins (cumulative): <10us=2579882 <50us=130548 <500us=8402 <10ms=14761 <50ms=334 <500ms=10 <1s=0 >=1s=0 | stalls_detected=6[0m
[33m/home/cvazquezperezdelacru/clio-core/context-runtime/src/scheduler/default_sched.cc:439 WARNING 1159855 LoadBalance [#785] lane rescues performed: 6[0m
[33m/home/cvazquezperezdelacru/clio-core/context-runtime/src/scheduler/default_sched.cc:455 WARNING 1159855 operator() [#781] worker 0 STALLED on one task (load_us=-7.62939e-06 realtime_load_us=4.01037e+06 threshold_s=1)[0m
[33m/home/cvazquezperezdelacru/clio-core/context-runtime/src/worker.cc:370 WARNING 1159855 AdoptLane [#785] worker 0 adopted lane 0x7fed8fecc1e8[0m
[33m/home/cvazquezperezdelacru/clio-core/context-runtime/src/scheduler/default_sched.cc:598 WARNING 1159855 operator() [#785] RESCUE: stalled worker 0 -> worker 8 (0 parked task(s) moved, 0 queued task(s) redistributed, rescues=7)[0m
[97m/home/cvazquezperezdelacru/clio-core/context-runtime/src/ipc_manager.cc:2440 INFO 1159847 IncreaseClientShm IpcManager::IncreaseClientShm: Creating clio_1159826_17 with size 133764608 (100210176 + 33554432 overhead)[0m
[97m/home/cvazquezperezdelacru/clio-core/context-runtime/src/ipc_manager.cc:2485 INFO 1159847 IncreaseClientShm IpcManager::IncreaseClientShm: Created allocator clio_1159826_17 with ID (1159826.17)[0m
[33m/home/cvazquezperezdelacru/clio-core/context-runtime/src/scheduler/default_sched.cc:455 WARNING 1159855 operator() [#781] worker 0 STALLED on one task (load_us=-7.62939e-06 realtime_load_us=4.51103e+06 threshold_s=1)[0m
[33m/home/cvazquezperezdelacru/clio-core/context-runtime/src/worker.cc:370 WARNING 1159855 AdoptLane [#785] worker 0 adopted lane 0x7fed8fecc1e8[0m
[33m/home/cvazquezperezdelacru/clio-core/context-runtime/src/scheduler/default_sched.cc:598 WARNING 1159855 operator() [#785] RESCUE: stalled worker 0 -> worker 8 (0 parked task(s) moved, 0 queued task(s) redistributed, rescues=8)[0m
[97m/home/cvazquezperezdelacru/clio-core/context-runtime/src/ipc_manager.cc:2440 INFO 1159847 IncreaseClientShm IpcManager::IncreaseClientShm: Creating clio_1159826_18 with size 136254112 (102699680 + 33554432 overhead)[0m
[97m/home/cvazquezperezdelacru/clio-core/context-runtime/src/ipc_manager.cc:2485 INFO 1159847 IncreaseClientShm IpcManager::IncreaseClientShm: Created allocator clio_1159826_18 with ID (1159826.18)[0m
[97m/home/cvazquezperezdelacru/clio-core/context-runtime/src/ipc_manager.cc:2440 INFO 1159847 IncreaseClientShm IpcManager::IncreaseClientShm: Creating clio_1159826_19 with size 136742912 (103188480 + 33554432 overhead)[0m
[97m/home/cvazquezperezdelacru/clio-core/context-runtime/src/ipc_manager.cc:2485 INFO 1159847 IncreaseClientShm IpcManager::IncreaseClientShm: Created allocator clio_1159826_19 with ID (1159826.19)[0m
[33m/home/cvazquezperezdelacru/clio-core/context-runtime/src/scheduler/default_sched.cc:455 WARNING 1159855 operator() [#781] worker 0 STALLED on one task (load_us=-7.62939e-06 realtime_load_us=5.01167e+06 threshold_s=1)[0m
[33m/home/cvazquezperezdelacru/clio-core/context-runtime/src/worker.cc:370 WARNING 1159855 AdoptLane [#785] worker 0 adopted lane 0x7fed8fecc1e8[0m
[33m/home/cvazquezperezdelacru/clio-core/context-runtime/src/scheduler/default_sched.cc:598 WARNING 1159855 operator() [#785] RESCUE: stalled worker 0 -> worker 8 (0 parked task(s) moved, 0 queued task(s) redistributed, rescues=9)[0m
[97m/home/cvazquezperezdelacru/clio-core/context-runtime/src/ipc_manager.cc:2440 INFO 1159847 IncreaseClientShm IpcManager::IncreaseClientShm: Creating clio_1159826_20 with size 141186312 (107631880 + 33554432 overhead)[0m
[97m/home/cvazquezperezdelacru/clio-core/context-runtime/src/ipc_manager.cc:2485 INFO 1159847 IncreaseClientShm IpcManager::IncreaseClientShm: Created allocator clio_1159826_20 with ID (1159826.20)[0m
[97m/home/cvazquezperezdelacru/clio-core/context-runtime/src/ipc_manager.cc:2440 INFO 1159847 IncreaseClientShm IpcManager::IncreaseClientShm: Creating clio_1159826_21 with size 141906512 (108352080 + 33554432 overhead)[0m
[97m/home/cvazquezperezdelacru/clio-core/context-runtime/src/ipc_manager.cc:2485 INFO 1159847 IncreaseClientShm IpcManager::IncreaseClientShm: Created allocator clio_1159826_21 with ID (1159826.21)[0m
[33m/home/cvazquezperezdelacru/clio-core/context-runtime/src/scheduler/default_sched.cc:455 WARNING 1159855 operator() [#781] worker 0 STALLED on one task (load_us=-7.62939e-06 realtime_load_us=5.51211e+06 threshold_s=1)[0m
[33m/home/cvazquezperezdelacru/clio-core/context-runtime/src/worker.cc:370 WARNING 1159855 AdoptLane [#785] worker 0 adopted lane 0x7fed8fecc1e8[0m
[33m/home/cvazquezperezdelacru/clio-core/context-runtime/src/scheduler/default_sched.cc:598 WARNING 1159855 operator() [#785] RESCUE: stalled worker 0 -> worker 8 (0 parked task(s) moved, 0 queued task(s) redistributed, rescues=10)[0m
[97m/home/cvazquezperezdelacru/clio-core/context-runtime/src/ipc_manager.cc:2440 INFO 1159847 IncreaseClientShm IpcManager::IncreaseClientShm: Creating clio_1159826_22 with size 145826016 (112271584 + 33554432 overhead)[0m
[97m/home/cvazquezperezdelacru/clio-core/context-runtime/src/ipc_manager.cc:2485 INFO 1159847 IncreaseClientShm IpcManager::IncreaseClientShm: Created allocator clio_1159826_22 with ID (1159826.22)[0m
[33m/home/cvazquezperezdelacru/clio-core/context-runtime/src/scheduler/default_sched.cc:455 WARNING 1159855 operator() [#781] worker 0 STALLED on one task (load_us=-7.62939e-06 realtime_load_us=6.01275e+06 threshold_s=1)[0m
[33m/home/cvazquezperezdelacru/clio-core/context-runtime/src/worker.cc:370 WARNING 1159855 AdoptLane [#785] worker 0 adopted lane 0x7fed8fecc1e8[0m
[33m/home/cvazquezperezdelacru/clio-core/context-runtime/src/scheduler/default_sched.cc:598 WARNING 1159855 operator() [#785] RESCUE: stalled worker 0 -> worker 8 (0 parked task(s) moved, 0 queued task(s) redistributed, rescues=11)[0m
[97m/home/cvazquezperezdelacru/clio-core/context-runtime/src/ipc_manager.cc:2440 INFO 1159847 IncreaseClientShm IpcManager::IncreaseClientShm: Creating clio_1159826_23 with size 142540912 (108986480 + 33554432 overhead)[0m
[97m/home/cvazquezperezdelacru/clio-core/context-runtime/src/ipc_manager.cc:2485 INFO 1159847 IncreaseClientShm IpcManager::IncreaseClientShm: Created allocator clio_1159826_23 with ID (1159826.23)[0m
[97m/home/cvazquezperezdelacru/clio-core/context-runtime/src/ipc_manager.cc:2440 INFO 1159847 IncreaseClientShm IpcManager::IncreaseClientShm: Creating clio_1159826_24 with size 140470016 (106915584 + 33554432 overhead)[0m
[97m/home/cvazquezperezdelacru/clio-core/context-runtime/src/ipc_manager.cc:2485 INFO 1159847 IncreaseClientShm IpcManager::IncreaseClientShm: Created allocator clio_1159826_24 with ID (1159826.24)[0m
[33m/home/cvazquezperezdelacru/clio-core/context-runtime/src/scheduler/default_sched.cc:455 WARNING 1159855 operator() [#781] worker 0 STALLED on one task (load_us=-7.62939e-06 realtime_load_us=6.51331e+06 threshold_s=1)[0m
[33m/home/cvazquezperezdelacru/clio-core/context-runtime/src/worker.cc:370 WARNING 1159855 AdoptLane [#785] worker 0 adopted lane 0x7fed8fecc1e8[0m
[33m/home/cvazquezperezdelacru/clio-core/context-runtime/src/scheduler/default_sched.cc:598 WARNING 1159855 operator() [#785] RESCUE: stalled worker 0 -> worker 8 (0 parked task(s) moved, 0 queued task(s) redistributed, rescues=12)[0m
[97m/home/cvazquezperezdelacru/clio-core/context-runtime/src/ipc_manager.cc:2440 INFO 1159847 IncreaseClientShm IpcManager::IncreaseClientShm: Creating clio_1159826_25 with size 132259216 (98704784 + 33554432 overhead)[0m
[97m/home/cvazquezperezdelacru/clio-core/context-runtime/src/ipc_manager.cc:2485 INFO 1159847 IncreaseClientShm IpcManager::IncreaseClientShm: Created allocator clio_1159826_25 with ID (1159826.25)[0m
[97m/home/cvazquezperezdelacru/clio-core/context-runtime/src/ipc_manager.cc:2440 INFO 1159847 IncreaseClientShm IpcManager::IncreaseClientShm: Creating clio_1159826_26 with size 139725112 (106170680 + 33554432 overhead)[0m
[97m/home/cvazquezperezdelacru/clio-core/context-runtime/src/ipc_manager.cc:2485 INFO 1159847 IncreaseClientShm IpcManager::IncreaseClientShm: Created allocator clio_1159826_26 with ID (1159826.26)[0m
[33m/home/cvazquezperezdelacru/clio-core/context-runtime/src/scheduler/default_sched.cc:455 WARNING 1159855 operator() [#781] worker 0 STALLED on one task (load_us=-7.62939e-06 realtime_load_us=7.01389e+06 threshold_s=1)[0m
[33m/home/cvazquezperezdelacru/clio-core/context-runtime/src/worker.cc:370 WARNING 1159855 AdoptLane [#785] worker 0 adopted lane 0x7fed8fecc1e8[0m
[33m/home/cvazquezperezdelacru/clio-core/context-runtime/src/scheduler/default_sched.cc:598 WARNING 1159855 operator() [#785] RESCUE: stalled worker 0 -> worker 8 (0 parked task(s) moved, 0 queued task(s) redistributed, rescues=13)[0m
[97m/home/cvazquezperezdelacru/clio-core/context-runtime/src/ipc_manager.cc:2440 INFO 1159847 IncreaseClientShm IpcManager::IncreaseClientShm: Creating clio_1159826_27 with size 147097408 (113542976 + 33554432 overhead)[0m
[97m/home/cvazquezperezdelacru/clio-core/context-runtime/src/ipc_manager.cc:2485 INFO 1159847 IncreaseClientShm IpcManager::IncreaseClientShm: Created allocator clio_1159826_27 with ID (1159826.27)[0m
[33m/home/cvazquezperezdelacru/clio-core/context-runtime/src/scheduler/default_sched.cc:455 WARNING 1159855 operator() [#781] worker 0 STALLED on one task (load_us=-7.62939e-06 realtime_load_us=7.51446e+06 threshold_s=1)[0m
[33m/home/cvazquezperezdelacru/clio-core/context-runtime/src/worker.cc:370 WARNING 1159855 AdoptLane [#785] worker 0 adopted lane 0x7fed8fecc1e8[0m
[33m/home/cvazquezperezdelacru/clio-core/context-runtime/src/scheduler/default_sched.cc:598 WARNING 1159855 operator() [#785] RESCUE: stalled worker 0 -> worker 8 (0 parked task(s) moved, 0 queued task(s) redistributed, rescues=14)[0m
[97m/home/cvazquezperezdelacru/clio-core/context-runtime/src/ipc_manager.cc:2440 INFO 1159847 IncreaseClientShm IpcManager::IncreaseClientShm: Creating clio_1159826_28 with size 132436016 (98881584 + 33554432 overhead)[0m
[97m/home/cvazquezperezdelacru/clio-core/context-runtime/src/ipc_manager.cc:2485 INFO 1159847 IncreaseClientShm IpcManager::IncreaseClientShm: Created allocator clio_1159826_28 with ID (1159826.28)[0m
[97m/home/cvazquezperezdelacru/clio-core/context-runtime/src/ipc_manager.cc:2440 INFO 1159847 IncreaseClientShm IpcManager::IncreaseClientShm: Creating clio_1159826_29 with size 135078912 (101524480 + 33554432 overhead)[0m
[97m/home/cvazquezperezdelacru/clio-core/context-runtime/src/ipc_manager.cc:2485 INFO 1159847 IncreaseClientShm IpcManager::IncreaseClientShm: Created allocator clio_1159826_29 with ID (1159826.29)[0m
[97m/home/cvazquezperezdelacru/clio-core/context-runtime/src/ipc_manager.cc:2440 INFO 1159847 IncreaseClientShm IpcManager::IncreaseClientShm: Creating clio_1159826_30 with size 173869616 (140315184 + 33554432 overhead)[0m
[33m/home/cvazquezperezdelacru/clio-core/context-runtime/src/scheduler/default_sched.cc:455 WARNING 1159855 operator() [#781] worker 0 STALLED on one task (load_us=-7.62939e-06 realtime_load_us=8.01506e+06 threshold_s=1)[0m
[33m/home/cvazquezperezdelacru/clio-core/context-runtime/src/worker.cc:370 WARNING 1159855 AdoptLane [#785] worker 0 adopted lane 0x7fed8fecc1e8[0m
[97m/home/cvazquezperezdelacru/clio-core/context-runtime/src/ipc_manager.cc:2485 INFO 1159847 IncreaseClientShm IpcManager::IncreaseClientShm: Created allocator clio_1159826_30 with ID (1159826.30)[0m
[33m/home/cvazquezperezdelacru/clio-core/context-runtime/src/scheduler/default_sched.cc:598 WARNING 1159855 operator() [#785] RESCUE: stalled worker 0 -> worker 8 (0 parked task(s) moved, 0 queued task(s) redistributed, rescues=15)[0m
[97m/home/cvazquezperezdelacru/clio-core/context-runtime/src/ipc_manager.cc:2440 INFO 1159847 IncreaseClientShm IpcManager::IncreaseClientShm: Creating clio_1159826_31 with size 134882608 (101328176 + 33554432 overhead)[0m
[97m/home/cvazquezperezdelacru/clio-core/context-runtime/src/ipc_manager.cc:2485 INFO 1159847 IncreaseClientShm IpcManager::IncreaseClientShm: Created allocator clio_1159826_31 with ID (1159826.31)[0m
[33m/home/cvazquezperezdelacru/clio-core/context-runtime/src/scheduler/default_sched.cc:455 WARNING 1159855 operator() [#781] worker 0 STALLED on one task (load_us=-7.62939e-06 realtime_load_us=8.51563e+06 threshold_s=1)[0m
[33m/home/cvazquezperezdelacru/clio-core/context-runtime/src/worker.cc:370 WARNING 1159855 AdoptLane [#785] worker 0 adopted lane 0x7fed8fecc1e8[0m
[33m/home/cvazquezperezdelacru/clio-core/context-runtime/src/scheduler/default_sched.cc:598 WARNING 1159855 operator() [#785] RESCUE: stalled worker 0 -> worker 8 (0 parked task(s) moved, 0 queued task(s) redistributed, rescues=16)[0m
[97m/home/cvazquezperezdelacru/clio-core/context-runtime/src/ipc_manager.cc:2440 INFO 1159847 IncreaseClientShm IpcManager::IncreaseClientShm: Creating clio_1159826_32 with size 149146208 (115591776 + 33554432 overhead)[0m
[97m/home/cvazquezperezdelacru/clio-core/context-runtime/src/ipc_manager.cc:2485 INFO 1159847 IncreaseClientShm IpcManager::IncreaseClientShm: Created allocator clio_1159826_32 with ID (1159826.32)[0m
[33m/home/cvazquezperezdelacru/clio-core/context-runtime/src/scheduler/default_sched.cc:430 WARNING 1159855 LoadBalance [#781 PDF] observed exec-time bins (cumulative): <10us=2647217 <50us=131210 <500us=8410 <10ms=14763 <50ms=334 <500ms=10 <1s=0 >=1s=0 | stalls_detected=16[0m
[33m/home/cvazquezperezdelacru/clio-core/context-runtime/src/scheduler/default_sched.cc:439 WARNING 1159855 LoadBalance [#785] lane rescues performed: 16[0m
[33m/home/cvazquezperezdelacru/clio-core/context-runtime/src/scheduler/default_sched.cc:455 WARNING 1159855 operator() [#781] worker 0 STALLED on one task (load_us=-7.62939e-06 realtime_load_us=9.01617e+06 threshold_s=1)[0m
[33m/home/cvazquezperezdelacru/clio-core/context-runtime/src/worker.cc:370 WARNING 1159855 AdoptLane [#785] worker 0 adopted lane 0x7fed8fecc1e8[0m
[33m/home/cvazquezperezdelacru/clio-core/context-runtime/src/scheduler/default_sched.cc:598 WARNING 1159855 operator() [#785] RESCUE: stalled worker 0 -> worker 8 (0 parked task(s) moved, 0 queued task(s) redistributed, rescues=17)[0m
[97m/home/cvazquezperezdelacru/clio-core/context-runtime/src/ipc_manager.cc:2440 INFO 1159847 IncreaseClientShm IpcManager::IncreaseClientShm: Creating clio_1159826_33 with size 135982416 (102427984 + 33554432 overhead)[0m
[97m/home/cvazquezperezdelacru/clio-core/context-runtime/src/ipc_manager.cc:2485 INFO 1159847 IncreaseClientShm IpcManager::IncreaseClientShm: Created allocator clio_1159826_33 with ID (1159826.33)[0m
[33m/home/cvazquezperezdelacru/clio-core/context-runtime/src/scheduler/default_sched.cc:455 WARNING 1159855 operator() [#781] worker 0 STALLED on one task (load_us=-7.62939e-06 realtime_load_us=9.5168e+06 threshold_s=1)[0m
[33m/home/cvazquezperezdelacru/clio-core/context-runtime/src/worker.cc:370 WARNING 1159855 AdoptLane [#785] worker 0 adopted lane 0x7fed8fecc1e8[0m
[33m/home/cvazquezperezdelacru/clio-core/context-runtime/src/scheduler/default_sched.cc:598 WARNING 1159855 operator() [#785] RESCUE: stalled worker 0 -> worker 8 (0 parked task(s) moved, 0 queued task(s) redistributed, rescues=18)[0m
[97m/home/cvazquezperezdelacru/clio-core/context-runtime/src/ipc_manager.cc:2440 INFO 1159847 IncreaseClientShm IpcManager::IncreaseClientShm: Creating clio_1159826_34 with size 144301112 (110746680 + 33554432 overhead)[0m
[97m/home/cvazquezperezdelacru/clio-core/context-runtime/src/ipc_manager.cc:2485 INFO 1159847 IncreaseClientShm IpcManager::IncreaseClientShm: Created allocator clio_1159826_34 with ID (1159826.34)[0m
[33m/home/cvazquezperezdelacru/clio-core/context-runtime/src/scheduler/default_sched.cc:455 WARNING 1159855 operator() [#781] worker 0 STALLED on one task (load_us=-7.62939e-06 realtime_load_us=1.00174e+07 threshold_s=1)[0m
[33m/home/cvazquezperezdelacru/clio-core/context-runtime/src/worker.cc:370 WARNING 1159855 AdoptLane [#785] worker 0 adopted lane 0x7fed8fecc1e8[0m
[33m/home/cvazquezperezdelacru/clio-core/context-runtime/src/scheduler/default_sched.cc:598 WARNING 1159855 operator() [#785] RESCUE: stalled worker 0 -> worker 8 (0 parked task(s) moved, 0 queued task(s) redistributed, rescues=19)[0m
[97m/home/cvazquezperezdelacru/clio-core/context-runtime/src/ipc_manager.cc:2440 INFO 1159847 IncreaseClientShm IpcManager::IncreaseClientShm: Creating clio_1159826_35 with size 136547912 (102993480 + 33554432 overhead)[0m
[97m/home/cvazquezperezdelacru/clio-core/context-runtime/src/ipc_manager.cc:2485 INFO 1159847 IncreaseClientShm IpcManager::IncreaseClientShm: Created allocator clio_1159826_35 with ID (1159826.35)[0m
[97m/home/cvazquezperezdelacru/clio-core/context-runtime/src/ipc_manager.cc:2440 INFO 1159847 IncreaseClientShm IpcManager::IncreaseClientShm: Creating clio_1159826_36 with size 134773408 (101218976 + 33554432 overhead)[0m
[97m/home/cvazquezperezdelacru/clio-core/context-runtime/src/ipc_manager.cc:2485 INFO 1159847 IncreaseClientShm IpcManager::IncreaseClientShm: Created allocator clio_1159826_36 with ID (1159826.36)[0m
[33m/home/cvazquezperezdelacru/clio-core/context-runtime/src/scheduler/default_sched.cc:455 WARNING 1159855 operator() [#781] worker 0 STALLED on one task (load_us=-7.62939e-06 realtime_load_us=1.05181e+07 threshold_s=1)[0m
[33m/home/cvazquezperezdelacru/clio-core/context-runtime/src/worker.cc:370 WARNING 1159855 AdoptLane [#785] worker 0 adopted lane 0x7fed8fecc1e8[0m
[33m/home/cvazquezperezdelacru/clio-core/context-runtime/src/scheduler/default_sched.cc:598 WARNING 1159855 operator() [#785] RESCUE: stalled worker 0 -> worker 8 (0 parked task(s) moved, 0 queued task(s) redistributed, rescues=20)[0m
[97m/home/cvazquezperezdelacru/clio-core/context-runtime/src/ipc_manager.cc:2440 INFO 1159847 IncreaseClientShm IpcManager::IncreaseClientShm: Creating clio_1159826_37 with size 148533912 (114979480 + 33554432 overhead)[0m
[97m/home/cvazquezperezdelacru/clio-core/context-runtime/src/ipc_manager.cc:2485 INFO 1159847 IncreaseClientShm IpcManager::IncreaseClientShm: Created allocator clio_1159826_37 with ID (1159826.37)[0m
[33m/home/cvazquezperezdelacru/clio-core/context-runtime/src/scheduler/default_sched.cc:455 WARNING 1159855 operator() [#781] worker 0 STALLED on one task (load_us=-7.62939e-06 realtime_load_us=1.10188e+07 threshold_s=1)[0m
[33m/home/cvazquezperezdelacru/clio-core/context-runtime/src/worker.cc:370 WARNING 1159855 AdoptLane [#785] worker 0 adopted lane 0x7fed8fecc1e8[0m
[33m/home/cvazquezperezdelacru/clio-core/context-runtime/src/scheduler/default_sched.cc:598 WARNING 1159855 operator() [#785] RESCUE: stalled worker 0 -> worker 8 (0 parked task(s) moved, 0 queued task(s) redistributed, rescues=21)[0m
[97m/home/cvazquezperezdelacru/clio-core/context-runtime/src/ipc_manager.cc:2440 INFO 1159847 IncreaseClientShm IpcManager::IncreaseClientShm: Creating clio_1159826_38 with size 138743616 (105189184 + 33554432 overhead)[0m
[97m/home/cvazquezperezdelacru/clio-core/context-runtime/src/ipc_manager.cc:2485 INFO 1159847 IncreaseClientShm IpcManager::IncreaseClientShm: Created allocator clio_1159826_38 with ID (1159826.38)[0m
[33m/home/cvazquezperezdelacru/clio-core/context-runtime/src/scheduler/default_sched.cc:455 WARNING 1159855 operator() [#781] worker 0 STALLED on one task (load_us=-7.62939e-06 realtime_load_us=1.15194e+07 threshold_s=1)[0m
[33m/home/cvazquezperezdelacru/clio-core/context-runtime/src/worker.cc:370 WARNING 1159855 AdoptLane [#785] worker 0 adopted lane 0x7fed8fecc1e8[0m
[33m/home/cvazquezperezdelacru/clio-core/context-runtime/src/scheduler/default_sched.cc:598 WARNING 1159855 operator() [#785] RESCUE: stalled worker 0 -> worker 8 (0 parked task(s) moved, 0 queued task(s) redistributed, rescues=22)[0m
[97m/home/cvazquezperezdelacru/clio-core/context-runtime/src/ipc_manager.cc:2440 INFO 1159847 IncreaseClientShm IpcManager::IncreaseClientShm: Creating clio_1159826_39 with size 140237312 (106682880 + 33554432 overhead)[0m
[97m/home/cvazquezperezdelacru/clio-core/context-runtime/src/ipc_manager.cc:2485 INFO 1159847 IncreaseClientShm IpcManager::IncreaseClientShm: Created allocator clio_1159826_39 with ID (1159826.39)[0m
[97m/home/cvazquezperezdelacru/clio-core/context-runtime/src/ipc_manager.cc:2440 INFO 1159847 IncreaseClientShm IpcManager::IncreaseClientShm: Creating clio_1159826_40 with size 136224208 (102669776 + 33554432 overhead)[0m
[97m/home/cvazquezperezdelacru/clio-core/context-runtime/src/ipc_manager.cc:2485 INFO 1159847 IncreaseClientShm IpcManager::IncreaseClientShm: Created allocator clio_1159826_40 with ID (1159826.40)[0m
[33m/home/cvazquezperezdelacru/clio-core/context-runtime/src/scheduler/default_sched.cc:455 WARNING 1159855 operator() [#781] worker 0 STALLED on one task (load_us=-7.62939e-06 realtime_load_us=1.20202e+07 threshold_s=1)[0m
[33m/home/cvazquezperezdelacru/clio-core/context-runtime/src/worker.cc:370 WARNING 1159855 AdoptLane [#785] worker 0 adopted lane 0x7fed8fecc1e8[0m
[33m/home/cvazquezperezdelacru/clio-core/context-runtime/src/scheduler/default_sched.cc:598 WARNING 1159855 operator() [#785] RESCUE: stalled worker 0 -> worker 8 (0 parked task(s) moved, 0 queued task(s) redistributed, rescues=23)[0m
[97m/home/cvazquezperezdelacru/clio-core/context-runtime/src/ipc_manager.cc:2440 INFO 1159847 IncreaseClientShm IpcManager::IncreaseClientShm: Creating clio_1159826_41 with size 136640208 (103085776 + 33554432 overhead)[0m
[97m/home/cvazquezperezdelacru/clio-core/context-runtime/src/ipc_manager.cc:2485 INFO 1159847 IncreaseClientShm IpcManager::IncreaseClientShm: Created allocator clio_1159826_41 with ID (1159826.41)[0m
[33m/home/cvazquezperezdelacru/clio-core/context-runtime/src/scheduler/default_sched.cc:455 WARNING 1159855 operator() [#781] worker 0 STALLED on one task (load_us=-7.62939e-06 realtime_load_us=1.25208e+07 threshold_s=1)[0m
[33m/home/cvazquezperezdelacru/clio-core/context-runtime/src/worker.cc:370 WARNING 1159855 AdoptLane [#785] worker 0 adopted lane 0x7fed8fecc1e8[0m
[33m/home/cvazquezperezdelacru/clio-core/context-runtime/src/scheduler/default_sched.cc:598 WARNING 1159855 operator() [#785] RESCUE: stalled worker 0 -> worker 8 (0 parked task(s) moved, 0 queued task(s) redistributed, rescues=24)[0m
[97m/home/cvazquezperezdelacru/clio-core/context-runtime/src/ipc_manager.cc:2440 INFO 1159847 IncreaseClientShm IpcManager::IncreaseClientShm: Creating clio_1159826_42 with size 142085912 (108531480 + 33554432 overhead)[0m
[97m/home/cvazquezperezdelacru/clio-core/context-runtime/src/ipc_manager.cc:2485 INFO 1159847 IncreaseClientShm IpcManager::IncreaseClientShm: Created allocator clio_1159826_42 with ID (1159826.42)[0m
[97m/home/cvazquezperezdelacru/clio-core/context-runtime/src/ipc_manager.cc:2440 INFO 1159847 IncreaseClientShm IpcManager::IncreaseClientShm: Creating clio_1159826_43 with size 156164912 (122610480 + 33554432 overhead)[0m
[97m/home/cvazquezperezdelacru/clio-core/context-runtime/src/ipc_manager.cc:2485 INFO 1159847 IncreaseClientShm IpcManager::IncreaseClientShm: Created allocator clio_1159826_43 with ID (1159826.43)[0m
[33m/home/cvazquezperezdelacru/clio-core/context-runtime/src/scheduler/default_sched.cc:455 WARNING 1159855 operator() [#781] worker 0 STALLED on one task (load_us=-7.62939e-06 realtime_load_us=1.30215e+07 threshold_s=1)[0m
[33m/home/cvazquezperezdelacru/clio-core/context-runtime/src/worker.cc:370 WARNING 1159855 AdoptLane [#785] worker 0 adopted lane 0x7fed8fecc1e8[0m
[33m/home/cvazquezperezdelacru/clio-core/context-runtime/src/scheduler/default_sched.cc:598 WARNING 1159855 operator() [#785] RESCUE: stalled worker 0 -> worker 8 (0 parked task(s) moved, 0 queued task(s) redistributed, rescues=25)[0m
[33m/home/cvazquezperezdelacru/clio-core/context-runtime/src/scheduler/default_sched.cc:455 WARNING 1159855 operator() [#781] worker 0 STALLED on one task (load_us=-7.62939e-06 realtime_load_us=1.35221e+07 threshold_s=1)[0m
[33m/home/cvazquezperezdelacru/clio-core/context-runtime/src/worker.cc:370 WARNING 1159855 AdoptLane [#785] worker 0 adopted lane 0x7fed8fecc1e8[0m
[33m/home/cvazquezperezdelacru/clio-core/context-runtime/src/scheduler/default_sched.cc:598 WARNING 1159855 operator() [#785] RESCUE: stalled worker 0 -> worker 8 (0 parked task(s) moved, 0 queued task(s) redistributed, rescues=26)[0m
[97m/home/cvazquezperezdelacru/clio-core/context-runtime/src/ipc_manager.cc:2440 INFO 1159847 IncreaseClientShm IpcManager::IncreaseClientShm: Creating clio_1159826_44 with size 151072816 (117518384 + 33554432 overhead)[0m
[97m/home/cvazquezperezdelacru/clio-core/context-runtime/src/ipc_manager.cc:2485 INFO 1159847 IncreaseClientShm IpcManager::IncreaseClientShm: Created allocator clio_1159826_44 with ID (1159826.44)[0m
[97m/home/cvazquezperezdelacru/clio-core/context-runtime/src/ipc_manager.cc:2440 INFO 1159847 IncreaseClientShm IpcManager::IncreaseClientShm: Creating clio_1159826_45 with size 150472208 (116917776 + 33554432 overhead)[0m
[97m/home/cvazquezperezdelacru/clio-core/context-runtime/src/ipc_manager.cc:2485 INFO 1159847 IncreaseClientShm IpcManager::IncreaseClientShm: Created allocator clio_1159826_45 with ID (1159826.45)[0m
[33m/home/cvazquezperezdelacru/clio-core/context-runtime/src/scheduler/default_sched.cc:430 WARNING 1159855 LoadBalance [#781 PDF] observed exec-time bins (cumulative): <10us=2715272 <50us=132006 <500us=8422 <10ms=14765 <50ms=334 <500ms=10 <1s=0 >=1s=0 | stalls_detected=26[0m
[33m/home/cvazquezperezdelacru/clio-core/context-runtime/src/scheduler/default_sched.cc:439 WARNING 1159855 LoadBalance [#785] lane rescues performed: 26[0m
[33m/home/cvazquezperezdelacru/clio-core/context-runtime/src/scheduler/default_sched.cc:455 WARNING 1159855 operator() [#781] worker 0 STALLED on one task (load_us=-7.62939e-06 realtime_load_us=1.40227e+07 threshold_s=1)[0m
[33m/home/cvazquezperezdelacru/clio-core/context-runtime/src/worker.cc:370 WARNING 1159855 AdoptLane [#785] worker 0 adopted lane 0x7fed8fecc1e8[0m
[33m/home/cvazquezperezdelacru/clio-core/context-runtime/src/scheduler/default_sched.cc:598 WARNING 1159855 operator() [#785] RESCUE: stalled worker 0 -> worker 8 (0 parked task(s) moved, 0 queued task(s) redistributed, rescues=27)[0m
[97m/home/cvazquezperezdelacru/clio-core/context-runtime/src/ipc_manager.cc:2440 INFO 1159847 IncreaseClientShm IpcManager::IncreaseClientShm: Creating clio_1159826_46 with size 135842016 (102287584 + 33554432 overhead)[0m
[97m/home/cvazquezperezdelacru/clio-core/context-runtime/src/ipc_manager.cc:2485 INFO 1159847 IncreaseClientShm IpcManager::IncreaseClientShm: Created allocator clio_1159826_46 with ID (1159826.46)[0m
[33m/home/cvazquezperezdelacru/clio-core/context-runtime/src/scheduler/default_sched.cc:455 WARNING 1159855 operator() [#781] worker 0 STALLED on one task (load_us=-7.62939e-06 realtime_load_us=1.45234e+07 threshold_s=1)[0m
[33m/home/cvazquezperezdelacru/clio-core/context-runtime/src/worker.cc:370 WARNING 1159855 AdoptLane [#785] worker 0 adopted lane 0x7fed8fecc1e8[0m
[33m/home/cvazquezperezdelacru/clio-core/context-runtime/src/scheduler/default_sched.cc:598 WARNING 1159855 operator() [#785] RESCUE: stalled worker 0 -> worker 8 (0 parked task(s) moved, 0 queued task(s) redistributed, rescues=28)[0m
[97m/home/cvazquezperezdelacru/clio-core/context-runtime/src/ipc_manager.cc:2440 INFO 1159847 IncreaseClientShm IpcManager::IncreaseClientShm: Creating clio_1159826_47 with size 139727712 (106173280 + 33554432 overhead)[0m
[97m/home/cvazquezperezdelacru/clio-core/context-runtime/src/ipc_manager.cc:2485 INFO 1159847 IncreaseClientShm IpcManager::IncreaseClientShm: Created allocator clio_1159826_47 with ID (1159826.47)[0m
[33m/home/cvazquezperezdelacru/clio-core/context-runtime/src/scheduler/default_sched.cc:455 WARNING 1159855 operator() [#781] worker 0 STALLED on one task (load_us=-7.62939e-06 realtime_load_us=1.50241e+07 threshold_s=1)[0m
[33m/home/cvazquezperezdelacru/clio-core/context-runtime/src/worker.cc:370 WARNING 1159855 AdoptLane [#785] worker 0 adopted lane 0x7fed8fecc1e8[0m
[33m/home/cvazquezperezdelacru/clio-core/context-runtime/src/scheduler/default_sched.cc:598 WARNING 1159855 operator() [#785] RESCUE: stalled worker 0 -> worker 8 (0 parked task(s) moved, 0 queued task(s) redistributed, rescues=29)[0m
[97m/home/cvazquezperezdelacru/clio-core/context-runtime/src/ipc_manager.cc:2440 INFO 1159847 IncreaseClientShm IpcManager::IncreaseClientShm: Creating clio_1159826_48 with size 135431216 (101876784 + 33554432 overhead)[0m
[97m/home/cvazquezperezdelacru/clio-core/context-runtime/src/ipc_manager.cc:2485 INFO 1159847 IncreaseClientShm IpcManager::IncreaseClientShm: Created allocator clio_1159826_48 with ID (1159826.48)[0m
[97m/home/cvazquezperezdelacru/clio-core/context-runtime/src/ipc_manager.cc:2440 INFO 1159847 IncreaseClientShm IpcManager::IncreaseClientShm: Creating clio_1159826_49 with size 141348816 (107794384 + 33554432 overhead)[0m
[97m/home/cvazquezperezdelacru/clio-core/context-runtime/src/ipc_manager.cc:2485 INFO 1159847 IncreaseClientShm IpcManager::IncreaseClientShm: Created allocator clio_1159826_49 with ID (1159826.49)[0m
[33m/home/cvazquezperezdelacru/clio-core/context-runtime/src/scheduler/default_sched.cc:455 WARNING 1159855 operator() [#781] worker 0 STALLED on one task (load_us=-7.62939e-06 realtime_load_us=1.55248e+07 threshold_s=1)[0m
[33m/home/cvazquezperezdelacru/clio-core/context-runtime/src/worker.cc:370 WARNING 1159855 AdoptLane [#785] worker 0 adopted lane 0x7fed8fecc1e8[0m
[33m/home/cvazquezperezdelacru/clio-core/context-runtime/src/scheduler/default_sched.cc:598 WARNING 1159855 operator() [#785] RESCUE: stalled worker 0 -> worker 8 (0 parked task(s) moved, 0 queued task(s) redistributed, rescues=30)[0m
[97m/home/cvazquezperezdelacru/clio-core/context-runtime/src/ipc_manager.cc:2440 INFO 1159847 IncreaseClientShm IpcManager::IncreaseClientShm: Creating clio_1159826_50 with size 139864208 (106309776 + 33554432 overhead)[0m
[97m/home/cvazquezperezdelacru/clio-core/context-runtime/src/ipc_manager.cc:2485 INFO 1159847 IncreaseClientShm IpcManager::IncreaseClientShm: Created allocator clio_1159826_50 with ID (1159826.50)[0m
[97m/home/cvazquezperezdelacru/clio-core/context-runtime/src/ipc_manager.cc:2440 INFO 1159847 IncreaseClientShm IpcManager::IncreaseClientShm: Creating clio_1159826_51 with size 136731216 (103176784 + 33554432 overhead)[0m
[97m/home/cvazquezperezdelacru/clio-core/context-runtime/src/ipc_manager.cc:2485 INFO 1159847 IncreaseClientShm IpcManager::IncreaseClientShm: Created allocator clio_1159826_51 with ID (1159826.51)[0m
[97m/home/cvazquezperezdelacru/clio-core/context-runtime/src/ipc_manager.cc:2440 INFO 1160470 IncreaseClientShm IpcManager::IncreaseClientShm: Creating clio_1159826_52 with size 147330112 (113775680 + 33554432 overhead)[0m
[97m/home/cvazquezperezdelacru/clio-core/context-runtime/src/ipc_manager.cc:2485 INFO 1160470 IncreaseClientShm IpcManager::IncreaseClientShm: Created allocator clio_1159826_52 with ID (1159826.52)[0m
[97m/home/cvazquezperezdelacru/clio-core/context-runtime/src/ipc_manager.cc:2440 INFO 1160470 IncreaseClientShm IpcManager::IncreaseClientShm: Creating clio_1159826_53 with size 144422016 (110867584 + 33554432 overhead)[0m
[97m/home/cvazquezperezdelacru/clio-core/context-runtime/src/ipc_manager.cc:2485 INFO 1160470 IncreaseClientShm IpcManager::IncreaseClientShm: Created allocator clio_1159826_53 with ID (1159826.53)[0m
[97m/home/cvazquezperezdelacru/clio-core/context-runtime/src/ipc_manager.cc:2440 INFO 1160470 IncreaseClientShm IpcManager::IncreaseClientShm: Creating clio_1159826_54 with size 146612512 (113058080 + 33554432 overhead)[0m
[97m/home/cvazquezperezdelacru/clio-core/context-runtime/src/ipc_manager.cc:2485 INFO 1160470 IncreaseClientShm IpcManager::IncreaseClientShm: Created allocator clio_1159826_54 with ID (1159826.54)[0m
[31m/home/cvazquezperezdelacru/clio-core/context-runtime/src/scheduler/default_sched.cc:726 ERROR 1159855 LoadBalance [HANGWATCH-HB] processed=49945 outstanding=44 (queued=44 blocked=0 retry=0 periodic=22) live=2 live_stalled=0[0m
[97m/home/cvazquezperezdelacru/clio-core/context-runtime/src/ipc_manager.cc:2440 INFO 1160470 IncreaseClientShm IpcManager::IncreaseClientShm: Creating clio_1159826_55 with size 137204416 (103649984 + 33554432 overhead)[0m
[97m/home/cvazquezperezdelacru/clio-core/context-runtime/src/ipc_manager.cc:2485 INFO 1160470 IncreaseClientShm IpcManager::IncreaseClientShm: Created allocator clio_1159826_55 with ID (1159826.55)[0m
[97m/home/cvazquezperezdelacru/clio-core/context-runtime/src/ipc_manager.cc:2440 INFO 1160470 IncreaseClientShm IpcManager::IncreaseClientShm: Creating clio_1159826_56 with size 135188112 (101633680 + 33554432 overhead)[0m
[97m/home/cvazquezperezdelacru/clio-core/context-runtime/src/ipc_manager.cc:2485 INFO 1160470 IncreaseClientShm IpcManager::IncreaseClientShm: Created allocator clio_1159826_56 with ID (1159826.56)[0m
[97m/home/cvazquezperezdelacru/clio-core/context-runtime/src/ipc_manager.cc:2440 INFO 1160470 IncreaseClientShm IpcManager::IncreaseClientShm: Creating clio_1159826_57 with size 139699112 (106144680 + 33554432 overhead)[0m
[97m/home/cvazquezperezdelacru/clio-core/context-runtime/src/ipc_manager.cc:2485 INFO 1160470 IncreaseClientShm IpcManager::IncreaseClientShm: Created allocator clio_1159826_57 with ID (1159826.57)[0m
[97m/home/cvazquezperezdelacru/clio-core/context-runtime/src/ipc_manager.cc:2440 INFO 1160470 IncreaseClientShm IpcManager::IncreaseClientShm: Creating clio_1159826_58 with size 136999008 (103444576 + 33554432 overhead)[0m
[97m/home/cvazquezperezdelacru/clio-core/context-runtime/src/ipc_manager.cc:2485 INFO 1160470 IncreaseClientShm IpcManager::IncreaseClientShm: Created allocator clio_1159826_58 with ID (1159826.58)[0m
[33m/home/cvazquezperezdelacru/clio-core/context-runtime/src/scheduler/default_sched.cc:430 WARNING 1159855 LoadBalance [#781 PDF] observed exec-time bins (cumulative): <10us=2785049 <50us=133398 <500us=8514 <10ms=15521 <50ms=413 <500ms=11 <1s=0 >=1s=0 | stalls_detected=30[0m
[33m/home/cvazquezperezdelacru/clio-core/context-runtime/src/scheduler/default_sched.cc:439 WARNING 1159855 LoadBalance [#785] lane rescues performed: 30[0m
[31m/home/cvazquezperezdelacru/clio-core/context-runtime/src/scheduler/default_sched.cc:726 ERROR 1159855 LoadBalance [HANGWATCH-HB] processed=51135 outstanding=23 (queued=23 blocked=0 retry=0 periodic=10) live=2 live_stalled=0[0m
[97m/home/cvazquezperezdelacru/clio-core/context-runtime/src/ipc_manager.cc:2440 INFO 1160470 IncreaseClientShm IpcManager::IncreaseClientShm: Creating clio_1159826_59 with size 147097408 (113542976 + 33554432 overhead)[0m
[97m/home/cvazquezperezdelacru/clio-core/context-runtime/src/ipc_manager.cc:2485 INFO 1160470 IncreaseClientShm IpcManager::IncreaseClientShm: Created allocator clio_1159826_59 with ID (1159826.59)[0m
[97m/home/cvazquezperezdelacru/clio-core/context-runtime/src/ipc_manager.cc:2440 INFO 1160470 IncreaseClientShm IpcManager::IncreaseClientShm: Creating clio_1159826_60 with size 142100208 (108545776 + 33554432 overhead)[0m
[97m/home/cvazquezperezdelacru/clio-core/context-runtime/src/ipc_manager.cc:2485 INFO 1160470 IncreaseClientShm IpcManager::IncreaseClientShm: Created allocator clio_1159826_60 with ID (1159826.60)[0m
[31m/home/cvazquezperezdelacru/clio-core/context-runtime/src/scheduler/default_sched.cc:726 ERROR 1159855 LoadBalance [HANGWATCH-HB] processed=52421 outstanding=40 (queued=40 blocked=0 retry=0 periodic=30) live=1 live_stalled=0[0m
[97m/home/cvazquezperezdelacru/clio-core/context-runtime/src/ipc_manager.cc:2440 INFO 1160470 IncreaseClientShm IpcManager::IncreaseClientShm: Creating clio_1159826_61 with size 150243408 (116688976 + 33554432 overhead)[0m
[97m/home/cvazquezperezdelacru/clio-core/context-runtime/src/ipc_manager.cc:2485 INFO 1160470 IncreaseClientShm IpcManager::IncreaseClientShm: Created allocator clio_1159826_61 with ID (1159826.61)[0m
[97m/home/cvazquezperezdelacru/clio-core/context-runtime/src/ipc_manager.cc:2440 INFO 1160470 IncreaseClientShm IpcManager::IncreaseClientShm: Creating clio_1159826_62 with size 139609408 (106054976 + 33554432 overhead)[0m
[97m/home/cvazquezperezdelacru/clio-core/context-runtime/src/ipc_manager.cc:2485 INFO 1160470 IncreaseClientShm IpcManager::IncreaseClientShm: Created allocator clio_1159826_62 with ID (1159826.62)[0m
[97m/home/cvazquezperezdelacru/clio-core/context-runtime/src/ipc_manager.cc:2440 INFO 1160470 IncreaseClientShm IpcManager::IncreaseClientShm: Creating clio_1159826_63 with size 143071312 (109516880 + 33554432 overhead)[0m
[97m/home/cvazquezperezdelacru/clio-core/context-runtime/src/ipc_manager.cc:2485 INFO 1160470 IncreaseClientShm IpcManager::IncreaseClientShm: Created allocator clio_1159826_63 with ID (1159826.63)[0m
[31m/home/cvazquezperezdelacru/clio-core/context-runtime/src/scheduler/default_sched.cc:726 ERROR 1159855 LoadBalance [HANGWATCH-HB] processed=53730 outstanding=41 (queued=41 blocked=0 retry=0 periodic=25) live=3 live_stalled=0[0m
[97m/home/cvazquezperezdelacru/clio-core/context-runtime/src/ipc_manager.cc:2440 INFO 1160470 IncreaseClientShm IpcManager::IncreaseClientShm: Creating clio_1159826_64 with size 152701712 (119147280 + 33554432 overhead)[0m
[97m/home/cvazquezperezdelacru/clio-core/context-runtime/src/ipc_manager.cc:2485 INFO 1160470 IncreaseClientShm IpcManager::IncreaseClientShm: Created allocator clio_1159826_64 with ID (1159826.64)[0m
[97m/home/cvazquezperezdelacru/clio-core/context-runtime/src/ipc_manager.cc:2440 INFO 1160470 IncreaseClientShm IpcManager::IncreaseClientShm: Creating clio_1159826_65 with size 134856608 (101302176 + 33554432 overhead)[0m
[97m/home/cvazquezperezdelacru/clio-core/context-runtime/src/ipc_manager.cc:2485 INFO 1160470 IncreaseClientShm IpcManager::IncreaseClientShm: Created allocator clio_1159826_65 with ID (1159826.65)[0m
[97m/home/cvazquezperezdelacru/clio-core/context-runtime/src/ipc_manager.cc:2440 INFO 1160470 IncreaseClientShm IpcManager::IncreaseClientShm: Creating clio_1159826_66 with size 155683912 (122129480 + 33554432 overhead)[0m
[97m/home/cvazquezperezdelacru/clio-core/context-runtime/src/ipc_manager.cc:2485 INFO 1160470 IncreaseClientShm IpcManager::IncreaseClientShm: Created allocator clio_1159826_66 with ID (1159826.66)[0m
[33m/home/cvazquezperezdelacru/clio-core/context-runtime/src/scheduler/default_sched.cc:430 WARNING 1159855 LoadBalance [#781 PDF] observed exec-time bins (cumulative): <10us=2854067 <50us=135820 <500us=8602 <10ms=16944 <50ms=469 <500ms=12 <1s=0 >=1s=0 | stalls_detected=30[0m
[33m/home/cvazquezperezdelacru/clio-core/context-runtime/src/scheduler/default_sched.cc:439 WARNING 1159855 LoadBalance [#785] lane rescues performed: 30[0m
[97m/home/cvazquezperezdelacru/clio-core/context-runtime/src/ipc_manager.cc:2440 INFO 1160470 IncreaseClientShm IpcManager::IncreaseClientShm: Creating clio_1159826_67 with size 135899216 (102344784 + 33554432 overhead)[0m
[97m/home/cvazquezperezdelacru/clio-core/context-runtime/src/ipc_manager.cc:2485 INFO 1160470 IncreaseClientShm IpcManager::IncreaseClientShm: Created allocator clio_1159826_67 with ID (1159826.67)[0m
[31m/home/cvazquezperezdelacru/clio-core/context-runtime/src/scheduler/default_sched.cc:726 ERROR 1159855 LoadBalance [HANGWATCH-HB] processed=54864 outstanding=30 (queued=30 blocked=0 retry=0 periodic=30) live=2 live_stalled=0[0m
[97m/home/cvazquezperezdelacru/clio-core/context-runtime/src/ipc_manager.cc:2440 INFO 1160470 IncreaseClientShm IpcManager::IncreaseClientShm: Creating clio_1159826_68 with size 149531008 (115976576 + 33554432 overhead)[0m
[97m/home/cvazquezperezdelacru/clio-core/context-runtime/src/ipc_manager.cc:2485 INFO 1160470 IncreaseClientShm IpcManager::IncreaseClientShm: Created allocator clio_1159826_68 with ID (1159826.68)[0m
[97m/home/cvazquezperezdelacru/clio-core/context-runtime/src/ipc_manager.cc:2440 INFO 1160470 IncreaseClientShm IpcManager::IncreaseClientShm: Creating clio_1159826_69 with size 142678712 (109124280 + 33554432 overhead)[0m
[97m/home/cvazquezperezdelacru/clio-core/context-runtime/src/ipc_manager.cc:2485 INFO 1160470 IncreaseClientShm IpcManager::IncreaseClientShm: Created allocator clio_1159826_69 with ID (1159826.69)[0m
[97m/home/cvazquezperezdelacru/clio-core/context-runtime/src/ipc_manager.cc:2440 INFO 1160470 IncreaseClientShm IpcManager::IncreaseClientShm: Creating clio_1159826_70 with size 149493312 (115938880 + 33554432 overhead)[0m
[97m/home/cvazquezperezdelacru/clio-core/context-runtime/src/ipc_manager.cc:2485 INFO 1160470 IncreaseClientShm IpcManager::IncreaseClientShm: Created allocator clio_1159826_70 with ID (1159826.70)[0m
[97m/home/cvazquezperezdelacru/clio-core/context-runtime/src/ipc_manager.cc:2440 INFO 1160470 IncreaseClientShm IpcManager::IncreaseClientShm: Creating clio_1159826_71 with size 135901808 (102347376 + 33554432 overhead)[0m
[97m/home/cvazquezperezdelacru/clio-core/context-runtime/src/ipc_manager.cc:2485 INFO 1160470 IncreaseClientShm IpcManager::IncreaseClientShm: Created allocator clio_1159826_71 with ID (1159826.71)[0m
[97m/home/cvazquezperezdelacru/clio-core/context-runtime/src/ipc_manager.cc:2440 INFO 1160470 IncreaseClientShm IpcManager::IncreaseClientShm: Creating clio_1159826_72 with size 151003912 (117449480 + 33554432 overhead)[0m
[97m/home/cvazquezperezdelacru/clio-core/context-runtime/src/ipc_manager.cc:2485 INFO 1160470 IncreaseClientShm IpcManager::IncreaseClientShm: Created allocator clio_1159826_72 with ID (1159826.72)[0m
[31m/home/cvazquezperezdelacru/clio-core/context-runtime/src/scheduler/default_sched.cc:726 ERROR 1159855 LoadBalance [HANGWATCH-HB] processed=56179 outstanding=49 (queued=49 blocked=0 retry=0 periodic=6) live=3 live_stalled=0[0m
[97m/home/cvazquezperezdelacru/clio-core/context-runtime/src/ipc_manager.cc:2440 INFO 1160470 IncreaseClientShm IpcManager::IncreaseClientShm: Creating clio_1159826_73 with size 131854912 (98300480 + 33554432 overhead)[0m
[97m/home/cvazquezperezdelacru/clio-core/context-runtime/src/ipc_manager.cc:2485 INFO 1160470 IncreaseClientShm IpcManager::IncreaseClientShm: Created allocator clio_1159826_73 with ID (1159826.73)[0m
[97m/home/cvazquezperezdelacru/clio-core/context-runtime/src/ipc_manager.cc:2440 INFO 1160470 IncreaseClientShm IpcManager::IncreaseClientShm: Creating clio_1159826_74 with size 143846112 (110291680 + 33554432 overhead)[0m
[97m/home/cvazquezperezdelacru/clio-core/context-runtime/src/ipc_manager.cc:2485 INFO 1160470 IncreaseClientShm IpcManager::IncreaseClientShm: Created allocator clio_1159826_74 with ID (1159826.74)[0m
[97m/home/cvazquezperezdelacru/clio-core/context-runtime/src/ipc_manager.cc:2440 INFO 1160470 IncreaseClientShm IpcManager::IncreaseClientShm: Creating clio_1159826_75 with size 140650712 (107096280 + 33554432 overhead)[0m
[97m/home/cvazquezperezdelacru/clio-core/context-runtime/src/ipc_manager.cc:2485 INFO 1160470 IncreaseClientShm IpcManager::IncreaseClientShm: Created allocator clio_1159826_75 with ID (1159826.75)[0m
[97m/home/cvazquezperezdelacru/clio-core/context-runtime/src/ipc_manager.cc:2440 INFO 1160470 IncreaseClientShm IpcManager::IncreaseClientShm: Creating clio_1159826_76 with size 136532312 (102977880 + 33554432 overhead)[0m
[97m/home/cvazquezperezdelacru/clio-core/context-runtime/src/ipc_manager.cc:2485 INFO 1160470 IncreaseClientShm IpcManager::IncreaseClientShm: Created allocator clio_1159826_76 with ID (1159826.76)[0m
[97m/home/cvazquezperezdelacru/clio-core/context-runtime/src/ipc_manager.cc:2440 INFO 1160470 IncreaseClientShm IpcManager::IncreaseClientShm: Creating clio_1159826_77 with size 139355912 (105801480 + 33554432 overhead)[0m
[97m/home/cvazquezperezdelacru/clio-core/context-runtime/src/ipc_manager.cc:2485 INFO 1160470 IncreaseClientShm IpcManager::IncreaseClientShm: Created allocator clio_1159826_77 with ID (1159826.77)[0m
[97m/home/cvazquezperezdelacru/clio-core/context-runtime/src/ipc_manager.cc:2440 INFO 1160470 IncreaseClientShm IpcManager::IncreaseClientShm: Creating clio_1159826_78 with size 139922712 (106368280 + 33554432 overhead)[0m
[97m/home/cvazquezperezdelacru/clio-core/context-runtime/src/ipc_manager.cc:2485 INFO 1160470 IncreaseClientShm IpcManager::IncreaseClientShm: Created allocator clio_1159826_78 with ID (1159826.78)[0m
[33m/home/cvazquezperezdelacru/clio-core/context-runtime/src/scheduler/default_sched.cc:430 WARNING 1159855 LoadBalance [#781 PDF] observed exec-time bins (cumulative): <10us=2920386 <50us=138198 <500us=8677 <10ms=18267 <50ms=548 <500ms=12 <1s=0 >=1s=0 | stalls_detected=30[0m
[33m/home/cvazquezperezdelacru/clio-core/context-runtime/src/scheduler/default_sched.cc:439 WARNING 1159855 LoadBalance [#785] lane rescues performed: 30[0m
[31m/home/cvazquezperezdelacru/clio-core/context-runtime/src/scheduler/default_sched.cc:726 ERROR 1159855 LoadBalance [HANGWATCH-HB] processed=57441 outstanding=46 (queued=46 blocked=0 retry=0 periodic=20) live=3 live_stalled=0[0m
[97m/home/cvazquezperezdelacru/clio-core/context-runtime/src/ipc_manager.cc:2440 INFO 1160470 IncreaseClientShm IpcManager::IncreaseClientShm: Creating clio_1159826_79 with size 140918512 (107364080 + 33554432 overhead)[0m
[97m/home/cvazquezperezdelacru/clio-core/context-runtime/src/ipc_manager.cc:2485 INFO 1160470 IncreaseClientShm IpcManager::IncreaseClientShm: Created allocator clio_1159826_79 with ID (1159826.79)[0m
[97m/home/cvazquezperezdelacru/clio-core/context-runtime/src/ipc_manager.cc:2440 INFO 1160470 IncreaseClientShm IpcManager::IncreaseClientShm: Creating clio_1159826_80 with size 138486208 (104931776 + 33554432 overhead)[0m
[97m/home/cvazquezperezdelacru/clio-core/context-runtime/src/ipc_manager.cc:2485 INFO 1160470 IncreaseClientShm IpcManager::IncreaseClientShm: Created allocator clio_1159826_80 with ID (1159826.80)[0m
[97m/home/cvazquezperezdelacru/clio-core/context-runtime/src/ipc_manager.cc:2440 INFO 1160470 IncreaseClientShm IpcManager::IncreaseClientShm: Creating clio_1159826_81 with size 137161512 (103607080 + 33554432 overhead)[0m
[97m/home/cvazquezperezdelacru/clio-core/context-runtime/src/ipc_manager.cc:2485 INFO 1160470 IncreaseClientShm IpcManager::IncreaseClientShm: Created allocator clio_1159826_81 with ID (1159826.81)[0m
[97m/home/cvazquezperezdelacru/clio-core/context-runtime/src/ipc_manager.cc:2440 INFO 1160470 IncreaseClientShm IpcManager::IncreaseClientShm: Creating clio_1159826_82 with size 138960712 (105406280 + 33554432 overhead)[0m
[97m/home/cvazquezperezdelacru/clio-core/context-runtime/src/ipc_manager.cc:2485 INFO 1160470 IncreaseClientShm IpcManager::IncreaseClientShm: Created allocator clio_1159826_82 with ID (1159826.82)[0m
[31m/home/cvazquezperezdelacru/clio-core/context-runtime/src/scheduler/default_sched.cc:726 ERROR 1159855 LoadBalance [HANGWATCH-HB] processed=58903 outstanding=41 (queued=41 blocked=0 retry=0 periodic=28) live=2 live_stalled=0[0m
[97m/home/cvazquezperezdelacru/clio-core/context-runtime/src/ipc_manager.cc:2440 INFO 1160470 IncreaseClientShm IpcManager::IncreaseClientShm: Creating clio_1159826_83 with size 150850512 (117296080 + 33554432 overhead)[0m
[97m/home/cvazquezperezdelacru/clio-core/context-runtime/src/ipc_manager.cc:2485 INFO 1160470 IncreaseClientShm IpcManager::IncreaseClientShm: Created allocator clio_1159826_83 with ID (1159826.83)[0m
[97m/home/cvazquezperezdelacru/clio-core/context-runtime/src/ipc_manager.cc:2440 INFO 1160470 IncreaseClientShm IpcManager::IncreaseClientShm: Creating clio_1159826_84 with size 137645112 (104090680 + 33554432 overhead)[0m
[97m/home/cvazquezperezdelacru/clio-core/context-runtime/src/ipc_manager.cc:2485 INFO 1160470 IncreaseClientShm IpcManager::IncreaseClientShm: Created allocator clio_1159826_84 with ID (1159826.84)[0m
[97m/home/cvazquezperezdelacru/clio-core/context-runtime/src/ipc_manager.cc:2440 INFO 1160470 IncreaseClientShm IpcManager::IncreaseClientShm: Creating clio_1159826_85 with size 140018912 (106464480 + 33554432 overhead)[0m
[97m/home/cvazquezperezdelacru/clio-core/context-runtime/src/ipc_manager.cc:2485 INFO 1160470 IncreaseClientShm IpcManager::IncreaseClientShm: Created allocator clio_1159826_85 with ID (1159826.85)[0m
[97m/home/cvazquezperezdelacru/clio-core/context-runtime/src/ipc_manager.cc:2440 INFO 1160470 IncreaseClientShm IpcManager::IncreaseClientShm: Creating clio_1159826_86 with size 141591912 (108037480 + 33554432 overhead)[0m
[97m/home/cvazquezperezdelacru/clio-core/context-runtime/src/ipc_manager.cc:2485 INFO 1160470 IncreaseClientShm IpcManager::IncreaseClientShm: Created allocator clio_1159826_86 with ID (1159826.86)[0m
[97m/home/cvazquezperezdelacru/clio-core/context-runtime/src/ipc_manager.cc:2440 INFO 1160470 IncreaseClientShm IpcManager::IncreaseClientShm: Creating clio_1159826_87 with size 153880816 (120326384 + 33554432 overhead)[0m
[97m/home/cvazquezperezdelacru/clio-core/context-runtime/src/ipc_manager.cc:2485 INFO 1160470 IncreaseClientShm IpcManager::IncreaseClientShm: Created allocator clio_1159826_87 with ID (1159826.87)[0m
[97m/home/cvazquezperezdelacru/clio-core/context-runtime/src/ipc_manager.cc:2440 INFO 1160470 IncreaseClientShm IpcManager::IncreaseClientShm: Creating clio_1159826_88 with size 145982016 (112427584 + 33554432 overhead)[0m
[97m/home/cvazquezperezdelacru/clio-core/context-runtime/src/ipc_manager.cc:2485 INFO 1160470 IncreaseClientShm IpcManager::IncreaseClientShm: Created allocator clio_1159826_88 with ID (1159826.88)[0m
[31m/home/cvazquezperezdelacru/clio-core/context-runtime/src/scheduler/default_sched.cc:726 ERROR 1159855 LoadBalance [HANGWATCH-HB] processed=61025 outstanding=9 (queued=9 blocked=0 retry=0 periodic=35) live=3 live_stalled=0[0m
[97m/home/cvazquezperezdelacru/clio-core/context-runtime/src/ipc_manager.cc:2440 INFO 1160470 IncreaseClientShm IpcManager::IncreaseClientShm: Creating clio_1159826_89 with size 152527512 (118973080 + 33554432 overhead)[0m
[97m/home/cvazquezperezdelacru/clio-core/context-runtime/src/ipc_manager.cc:2485 INFO 1160470 IncreaseClientShm IpcManager::IncreaseClientShm: Created allocator clio_1159826_89 with ID (1159826.89)[0m
[97m/home/cvazquezperezdelacru/clio-core/context-runtime/src/ipc_manager.cc:2440 INFO 1160470 IncreaseClientShm IpcManager::IncreaseClientShm: Creating clio_1159826_90 with size 146425312 (112870880 + 33554432 overhead)[0m
[97m/home/cvazquezperezdelacru/clio-core/context-runtime/src/ipc_manager.cc:2485 INFO 1160470 IncreaseClientShm IpcManager::IncreaseClientShm: Created allocator clio_1159826_90 with ID (1159826.90)[0m
[97m/home/cvazquezperezdelacru/clio-core/context-runtime/src/ipc_manager.cc:2440 INFO 1160470 IncreaseClientShm IpcManager::IncreaseClientShm: Creating clio_1159826_91 with size 146313512 (112759080 + 33554432 overhead)[0m
[97m/home/cvazquezperezdelacru/clio-core/context-runtime/src/ipc_manager.cc:2485 INFO 1160470 IncreaseClientShm IpcManager::IncreaseClientShm: Created allocator clio_1159826_91 with ID (1159826.91)[0m
[33m/home/cvazquezperezdelacru/clio-core/context-runtime/src/scheduler/default_sched.cc:430 WARNING 1159855 LoadBalance [#781 PDF] observed exec-time bins (cumulative): <10us=2985606 <50us=142018 <500us=8740 <10ms=20271 <50ms=672 <500ms=12 <1s=0 >=1s=0 | stalls_detected=30[0m
[33m/home/cvazquezperezdelacru/clio-core/context-runtime/src/scheduler/default_sched.cc:439 WARNING 1159855 LoadBalance [#785] lane rescues performed: 30[0m
[97m/home/cvazquezperezdelacru/clio-core/context-runtime/src/ipc_manager.cc:2440 INFO 1160470 IncreaseClientShm IpcManager::IncreaseClientShm: Creating clio_1159826_92 with size 151867112 (118312680 + 33554432 overhead)[0m
[97m/home/cvazquezperezdelacru/clio-core/context-runtime/src/ipc_manager.cc:2485 INFO 1160470 IncreaseClientShm IpcManager::IncreaseClientShm: Created allocator clio_1159826_92 with ID (1159826.92)[0m
[97m/home/cvazquezperezdelacru/clio-core/context-runtime/src/ipc_manager.cc:2440 INFO 1160470 IncreaseClientShm IpcManager::IncreaseClientShm: Creating clio_1159826_93 with size 141022512 (107468080 + 33554432 overhead)[0m
[97m/home/cvazquezperezdelacru/clio-core/context-runtime/src/ipc_manager.cc:2485 INFO 1160470 IncreaseClientShm IpcManager::IncreaseClientShm: Created allocator clio_1159826_93 with ID (1159826.93)[0m
[97m/home/cvazquezperezdelacru/clio-core/context-runtime/src/ipc_manager.cc:2440 INFO 1160470 IncreaseClientShm IpcManager::IncreaseClientShm: Creating clio_1159826_94 with size 139290912 (105736480 + 33554432 overhead)[0m
[97m/home/cvazquezperezdelacru/clio-core/context-runtime/src/ipc_manager.cc:2485 INFO 1160470 IncreaseClientShm IpcManager::IncreaseClientShm: Created allocator clio_1159826_94 with ID (1159826.94)[0m
[97m/home/cvazquezperezdelacru/clio-core/context-runtime/src/ipc_manager.cc:2440 INFO 1160470 IncreaseClientShm IpcManager::IncreaseClientShm: Creating clio_1159826_95 with size 140589616 (107035184 + 33554432 overhead)[0m
[97m/home/cvazquezperezdelacru/clio-core/context-runtime/src/ipc_manager.cc:2485 INFO 1160470 IncreaseClientShm IpcManager::IncreaseClientShm: Created allocator clio_1159826_95 with ID (1159826.95)[0m
[31m/home/cvazquezperezdelacru/clio-core/context-runtime/src/scheduler/default_sched.cc:726 ERROR 1159855 LoadBalance [HANGWATCH-HB] processed=63302 outstanding=7 (queued=7 blocked=0 retry=0 periodic=26) live=3 live_stalled=0[0m
[97m/home/cvazquezperezdelacru/clio-core/context-runtime/src/ipc_manager.cc:2440 INFO 1160470 IncreaseClientShm IpcManager::IncreaseClientShm: Creating clio_1159826_96 with size 145281312 (111726880 + 33554432 overhead)[0m
[97m/home/cvazquezperezdelacru/clio-core/context-runtime/src/ipc_manager.cc:2485 INFO 1160470 IncreaseClientShm IpcManager::IncreaseClientShm: Created allocator clio_1159826_96 with ID (1159826.96)[0m
[97m/home/cvazquezperezdelacru/clio-core/context-runtime/src/ipc_manager.cc:2440 INFO 1160470 IncreaseClientShm IpcManager::IncreaseClientShm: Creating clio_1159826_97 with size 148842016 (115287584 + 33554432 overhead)[0m
[97m/home/cvazquezperezdelacru/clio-core/context-runtime/src/ipc_manager.cc:2485 INFO 1160470 IncreaseClientShm IpcManager::IncreaseClientShm: Created allocator clio_1159826_97 with ID (1159826.97)[0m
[97m/home/cvazquezperezdelacru/clio-core/context-runtime/src/ipc_manager.cc:2440 INFO 1160470 IncreaseClientShm IpcManager::IncreaseClientShm: Creating clio_1159826_98 with size 138475808 (104921376 + 33554432 overhead)[0m
[97m/home/cvazquezperezdelacru/clio-core/context-runtime/src/ipc_manager.cc:2485 INFO 1160470 IncreaseClientShm IpcManager::IncreaseClientShm: Created allocator clio_1159826_98 with ID (1159826.98)[0m
[97m/home/cvazquezperezdelacru/clio-core/context-runtime/src/ipc_manager.cc:2440 INFO 1160470 IncreaseClientShm IpcManager::IncreaseClientShm: Creating clio_1159826_99 with size 135329808 (101775376 + 33554432 overhead)[0m
[97m/home/cvazquezperezdelacru/clio-core/context-runtime/src/ipc_manager.cc:2485 INFO 1160470 IncreaseClientShm IpcManager::IncreaseClientShm: Created allocator clio_1159826_99 with ID (1159826.99)[0m
[97m/home/cvazquezperezdelacru/clio-core/context-runtime/src/ipc_manager.cc:2440 INFO 1160470 IncreaseClientShm IpcManager::IncreaseClientShm: Creating clio_1159826_100 with size 143995616 (110441184 + 33554432 overhead)[0m
[97m/home/cvazquezperezdelacru/clio-core/context-runtime/src/ipc_manager.cc:2485 INFO 1160470 IncreaseClientShm IpcManager::IncreaseClientShm: Created allocator clio_1159826_100 with ID (1159826.100)[0m
[31m/home/cvazquezperezdelacru/clio-core/context-runtime/src/scheduler/default_sched.cc:726 ERROR 1159855 LoadBalance [HANGWATCH-HB] processed=65596 outstanding=19 (queued=19 blocked=0 retry=0 periodic=30) live=0 live_stalled=0[0m
[97m/home/cvazquezperezdelacru/clio-core/context-runtime/src/ipc_manager.cc:2440 INFO 1160470 IncreaseClientShm IpcManager::IncreaseClientShm: Creating clio_1159826_101 with size 136414016 (102859584 + 33554432 overhead)[0m
[97m/home/cvazquezperezdelacru/clio-core/context-runtime/src/ipc_manager.cc:2485 INFO 1160470 IncreaseClientShm IpcManager::IncreaseClientShm: Created allocator clio_1159826_101 with ID (1159826.101)[0m
[97m/home/cvazquezperezdelacru/clio-core/context-runtime/src/ipc_manager.cc:2440 INFO 1160470 IncreaseClientShm IpcManager::IncreaseClientShm: Creating clio_1159826_102 with size 137223912 (103669480 + 33554432 overhead)[0m
[97m/home/cvazquezperezdelacru/clio-core/context-runtime/src/ipc_manager.cc:2485 INFO 1160470 IncreaseClientShm IpcManager::IncreaseClientShm: Created allocator clio_1159826_102 with ID (1159826.102)[0m
[97m/home/cvazquezperezdelacru/clio-core/context-runtime/src/ipc_manager.cc:2440 INFO 1160470 IncreaseClientShm IpcManager::IncreaseClientShm: Creating clio_1159826_103 with size 136109808 (102555376 + 33554432 overhead)[0m
[97m/home/cvazquezperezdelacru/clio-core/context-runtime/src/ipc_manager.cc:2485 INFO 1160470 IncreaseClientShm IpcManager::IncreaseClientShm: Created allocator clio_1159826_103 with ID (1159826.103)[0m
[97m/home/cvazquezperezdelacru/clio-core/context-runtime/src/ipc_manager.cc:2440 INFO 1160470 IncreaseClientShm IpcManager::IncreaseClientShm: Creating clio_1159826_104 with size 140433616 (106879184 + 33554432 overhead)[0m
[97m/home/cvazquezperezdelacru/clio-core/context-runtime/src/ipc_manager.cc:2485 INFO 1160470 IncreaseClientShm IpcManager::IncreaseClientShm: Created allocator clio_1159826_104 with ID (1159826.104)[0m
[97m/home/cvazquezperezdelacru/clio-core/context-runtime/src/ipc_manager.cc:2440 INFO 1160470 IncreaseClientShm IpcManager::IncreaseClientShm: Creating clio_1159826_105 with size 153119008 (119564576 + 33554432 overhead)[0m
[97m/home/cvazquezperezdelacru/clio-core/context-runtime/src/ipc_manager.cc:2485 INFO 1160470 IncreaseClientShm IpcManager::IncreaseClientShm: Created allocator clio_1159826_105 with ID (1159826.105)[0m
[97m/home/cvazquezperezdelacru/clio-core/context-runtime/src/ipc_manager.cc:2440 INFO 1160470 IncreaseClientShm IpcManager::IncreaseClientShm: Creating clio_1159826_106 with size 151634416 (118079984 + 33554432 overhead)[0m
[97m/home/cvazquezperezdelacru/clio-core/context-runtime/src/ipc_manager.cc:2485 INFO 1160470 IncreaseClientShm IpcManager::IncreaseClientShm: Created allocator clio_1159826_106 with ID (1159826.106)[0m
[97m/home/cvazquezperezdelacru/clio-core/context-runtime/src/ipc_manager.cc:2440 INFO 1160470 IncreaseClientShm IpcManager::IncreaseClientShm: Creating clio_1159826_107 with size 151338016 (117783584 + 33554432 overhead)[0m
[97m/home/cvazquezperezdelacru/clio-core/context-runtime/src/ipc_manager.cc:2485 INFO 1160470 IncreaseClientShm IpcManager::IncreaseClientShm: Created allocator clio_1159826_107 with ID (1159826.107)[0m
[33m/home/cvazquezperezdelacru/clio-core/context-runtime/src/scheduler/default_sched.cc:430 WARNING 1159855 LoadBalance [#781 PDF] observed exec-time bins (cumulative): <10us=3050808 <50us=145857 <500us=8822 <10ms=22788 <50ms=824 <500ms=12 <1s=0 >=1s=0 | stalls_detected=30[0m
[33m/home/cvazquezperezdelacru/clio-core/context-runtime/src/scheduler/default_sched.cc:439 WARNING 1159855 LoadBalance [#785] lane rescues performed: 30[0m
[31m/home/cvazquezperezdelacru/clio-core/context-runtime/src/scheduler/default_sched.cc:726 ERROR 1159855 LoadBalance [HANGWATCH-HB] processed=67821 outstanding=4 (queued=4 blocked=0 retry=0 periodic=8) live=4 live_stalled=0[0m
[97m/home/cvazquezperezdelacru/clio-core/context-runtime/src/ipc_manager.cc:2440 INFO 1160470 IncreaseClientShm IpcManager::IncreaseClientShm: Creating clio_1159826_108 with size 173730512 (140176080 + 33554432 overhead)[0m
[97m/home/cvazquezperezdelacru/clio-core/context-runtime/src/ipc_manager.cc:2485 INFO 1160470 IncreaseClientShm IpcManager::IncreaseClientShm: Created allocator clio_1159826_108 with ID (1159826.108)[0m
[97m/home/cvazquezperezdelacru/clio-core/context-runtime/src/ipc_manager.cc:2440 INFO 1160470 IncreaseClientShm IpcManager::IncreaseClientShm: Creating clio_1159826_109 with size 143794112 (110239680 + 33554432 overhead)[0m
[97m/home/cvazquezperezdelacru/clio-core/context-runtime/src/ipc_manager.cc:2485 INFO 1160470 IncreaseClientShm IpcManager::IncreaseClientShm: Created allocator clio_1159826_109 with ID (1159826.109)[0m
[97m/home/cvazquezperezdelacru/clio-core/context-runtime/src/ipc_manager.cc:2440 INFO 1160470 IncreaseClientShm IpcManager::IncreaseClientShm: Creating clio_1159826_110 with size 145098016 (111543584 + 33554432 overhead)[0m
[97m/home/cvazquezperezdelacru/clio-core/context-runtime/src/ipc_manager.cc:2485 INFO 1160470 IncreaseClientShm IpcManager::IncreaseClientShm: Created allocator clio_1159826_110 with ID (1159826.110)[0m
[97m/home/cvazquezperezdelacru/clio-core/context-runtime/src/ipc_manager.cc:2440 INFO 1160470 IncreaseClientShm IpcManager::IncreaseClientShm: Creating clio_1159826_111 with size 139168712 (105614280 + 33554432 overhead)[0m
[97m/home/cvazquezperezdelacru/clio-core/context-runtime/src/ipc_manager.cc:2485 INFO 1160470 IncreaseClientShm IpcManager::IncreaseClientShm: Created allocator clio_1159826_111 with ID (1159826.111)[0m
[97m/home/cvazquezperezdelacru/clio-core/context-runtime/src/ipc_manager.cc:2440 INFO 1160470 IncreaseClientShm IpcManager::IncreaseClientShm: Creating clio_1159826_112 with size 151872312 (118317880 + 33554432 overhead)[0m
[97m/home/cvazquezperezdelacru/clio-core/context-runtime/src/ipc_manager.cc:2485 INFO 1160470 IncreaseClientShm IpcManager::IncreaseClientShm: Created allocator clio_1159826_112 with ID (1159826.112)[0m
[97m/home/cvazquezperezdelacru/clio-core/context-runtime/src/ipc_manager.cc:2440 INFO 1160470 IncreaseClientShm IpcManager::IncreaseClientShm: Creating clio_1159826_113 with size 160183216 (126628784 + 33554432 overhead)[0m
[97m/home/cvazquezperezdelacru/clio-core/context-runtime/src/ipc_manager.cc:2485 INFO 1160470 IncreaseClientShm IpcManager::IncreaseClientShm: Created allocator clio_1159826_113 with ID (1159826.113)[0m
[97m/home/cvazquezperezdelacru/clio-core/context-runtime/src/ipc_manager.cc:2440 INFO 1160470 IncreaseClientShm IpcManager::IncreaseClientShm: Creating clio_1159826_114 with size 177952912 (144398480 + 33554432 overhead)[0m
[97m/home/cvazquezperezdelacru/clio-core/context-runtime/src/ipc_manager.cc:2485 INFO 1160470 IncreaseClientShm IpcManager::IncreaseClientShm: Created allocator clio_1159826_114 with ID (1159826.114)[0m
[31m/home/cvazquezperezdelacru/clio-core/context-runtime/src/scheduler/default_sched.cc:726 ERROR 1159855 LoadBalance [HANGWATCH-HB] processed=70401 outstanding=4 (queued=4 blocked=0 retry=0 periodic=6) live=2 live_stalled=0[0m
[97m/home/cvazquezperezdelacru/clio-core/context-runtime/src/ipc_manager.cc:2440 INFO 1160470 IncreaseClientShm IpcManager::IncreaseClientShm: Creating clio_1159826_115 with size 164993216 (131438784 + 33554432 overhead)[0m
[97m/home/cvazquezperezdelacru/clio-core/context-runtime/src/ipc_manager.cc:2485 INFO 1160470 IncreaseClientShm IpcManager::IncreaseClientShm: Created allocator clio_1159826_115 with ID (1159826.115)[0m
[97m/home/cvazquezperezdelacru/clio-core/context-runtime/src/ipc_manager.cc:2440 INFO 1160470 IncreaseClientShm IpcManager::IncreaseClientShm: Creating clio_1159826_116 with size 140021512 (106467080 + 33554432 overhead)[0m
[97m/home/cvazquezperezdelacru/clio-core/context-runtime/src/ipc_manager.cc:2485 INFO 1160470 IncreaseClientShm IpcManager::IncreaseClientShm: Created allocator clio_1159826_116 with ID (1159826.116)[0m
[97m/home/cvazquezperezdelacru/clio-core/context-runtime/src/ipc_manager.cc:2440 INFO 1160470 IncreaseClientShm IpcManager::IncreaseClientShm: Creating clio_1159826_117 with size 148825112 (115270680 + 33554432 overhead)[0m
[97m/home/cvazquezperezdelacru/clio-core/context-runtime/src/ipc_manager.cc:2485 INFO 1160470 IncreaseClientShm IpcManager::IncreaseClientShm: Created allocator clio_1159826_117 with ID (1159826.117)[0m
[97m/mnt/common/cvazquezperezdelacru/IOWARP/faiss/contrib/iowarp/chimod/src/faiss_ivf_runtime.cc:300 INFO 1159849 Search faiss_ivf: Search nq=500 k=10 nprobe=256 unique_lists=16289[0m
[97m/home/cvazquezperezdelacru/clio-core/context-runtime/src/ipc_manager.cc:2440 INFO 1159849 IncreaseClientShm IpcManager::IncreaseClientShm: Creating clio_1159826_118 with size 149056512 (115502080 + 33554432 overhead)[0m
[97m/home/cvazquezperezdelacru/clio-core/context-runtime/src/ipc_manager.cc:2485 INFO 1159849 IncreaseClientShm IpcManager::IncreaseClientShm: Created allocator clio_1159826_118 with ID (1159826.118)[0m
[33m/home/cvazquezperezdelacru/clio-core/context-runtime/src/scheduler/default_sched.cc:430 WARNING 1159855 LoadBalance [#781 PDF] observed exec-time bins (cumulative): <10us=3118735 <50us=148921 <500us=8905 <10ms=24888 <50ms=947 <500ms=14 <1s=0 >=1s=1 | stalls_detected=30[0m
[33m/home/cvazquezperezdelacru/clio-core/context-runtime/src/scheduler/default_sched.cc:439 WARNING 1159855 LoadBalance [#785] lane rescues performed: 30[0m
[97m/home/cvazquezperezdelacru/clio-core/context-runtime/src/ipc_manager.cc:2440 INFO 1159849 IncreaseClientShm IpcManager::IncreaseClientShm: Creating clio_1159826_119 with size 139511912 (105957480 + 33554432 overhead)[0m
[97m/home/cvazquezperezdelacru/clio-core/context-runtime/src/ipc_manager.cc:2485 INFO 1159849 IncreaseClientShm IpcManager::IncreaseClientShm: Created allocator clio_1159826_119 with ID (1159826.119)[0m
[97m/home/cvazquezperezdelacru/clio-core/context-runtime/src/ipc_manager.cc:2440 INFO 1159849 IncreaseClientShm IpcManager::IncreaseClientShm: Creating clio_1159826_120 with size 143270208 (109715776 + 33554432 overhead)[0m
[97m/home/cvazquezperezdelacru/clio-core/context-runtime/src/ipc_manager.cc:2485 INFO 1159849 IncreaseClientShm IpcManager::IncreaseClientShm: Created allocator clio_1159826_120 with ID (1159826.120)[0m
[33m/home/cvazquezperezdelacru/clio-core/context-runtime/src/scheduler/default_sched.cc:455 WARNING 1159855 operator() [#781] worker 2 STALLED on one task (load_us=-nan realtime_load_us=-nan threshold_s=1)[0m
