[97m/home/cvazquezperezdelacru/clio-core/context-runtime/src/config_manager.cc:144 INFO 3803098 ClientInit Config at: /mnt/common/cvazquezperezdelacru/IOWARP/faiss/contrib/iowarp/benchmarks/results/ares_cte_rendered_20260805_130343.yaml[0m
[97m/home/cvazquezperezdelacru/clio-core/context-runtime/src/ipc_manager.cc:2872 INFO 3803098 ClearUserIpcs ClearUserIpcs: Removed 53 memfd symlinks from previous runs[0m
[33m/home/cvazquezperezdelacru/clio-core/context-runtime/src/ipc_manager.cc:906 WARNING 3803098 ServerInitShm Main segment: requested 50079698944 bytes exceeds half the memory budget (50079698944 bytes); clamping to 25039849472 bytes[0m
[97m/home/cvazquezperezdelacru/clio-core/context-runtime/src/ipc_manager.cc:931 INFO 3803098 ServerInitShm Initializing main shared memory segment: 25039849472 bytes (23879 MB)[0m
[97m/home/cvazquezperezdelacru/clio-core/context-runtime/src/ipc_manager.cc:952 INFO 3803098 ServerInitShm Initializing queue shared memory segment: 646224224 bytes (631078 KB)[0m
[33m/home/cvazquezperezdelacru/clio-core/context-runtime/src/ipc_manager.cc:1005 WARNING 3803098 ServerInitShm Metadata segment: requested 50079698944 bytes exceeds half the memory budget (50079698944 bytes); clamping to 25039849472 bytes[0m
[97m/home/cvazquezperezdelacru/clio-core/context-runtime/src/ipc_manager.cc:1039 INFO 3803098 ServerInitShm Initializing metadata shared memory segment: 25039849472 bytes (23879 MB), sparse/not pre-faulted[0m
[97m/home/cvazquezperezdelacru/clio-core/context-runtime/src/ipc_manager.cc:865 INFO 3803098 ExcludeFromCoreDump metadata segment: excluded 25039849472 bytes from core dumps[0m
[97m/home/cvazquezperezdelacru/clio-core/context-runtime/src/ipc_manager.cc:1072 INFO 3803098 ServerInitShm ServerInitShm: metadata directory at offset 68072[0m
[97m/home/cvazquezperezdelacru/clio-core/context-runtime/src/ipc_manager.cc:1127 INFO 3803098 ServerInitShm ServerInitShm: 8 inbound SHM ring(s) 'clio-3803098-shm-in-0..7' (16MB each)[0m
[97m/home/cvazquezperezdelacru/clio-core/context-runtime/src/ipc_manager.cc:1269 INFO 3803098 ServerInitQueues Initializing 16 worker queues with depth 1024 (last worker serves dual role)[0m
[97m/home/cvazquezperezdelacru/clio-core/context-runtime/src/ipc_manager.cc:1933 INFO 3803098 IdentifyThisHost SUCCESS: Main server started on 0.0.0.0:9413 (advertised as ares-comp-32, node=1)[0m
[97m/home/cvazquezperezdelacru/clio-core/context-runtime/src/ipc_manager.cc:561 INFO 3803098 ServerInit IpcManager: TCP ROUTER transport bound on 0.0.0.0:9416[0m
[97m/home/cvazquezperezdelacru/clio-core/context-runtime/src/ipc_manager.cc:579 INFO 3803098 ServerInit IpcManager: IPC lightbeam server bound on /tmp/clio_cvazquezperezdelacru/clio_9413.ipc[0m
[97m/home/cvazquezperezdelacru/clio-core/context-runtime/src/module_manager.cc:137 INFO 3803098 LoadChiMod Loaded ChiMod: clio_MOD_NAME from /mnt/common/cvazquezperezdelacru/clio-core-dev-install/lib/libclio_MOD_NAME_runtime.so[0m
[97m/home/cvazquezperezdelacru/clio-core/context-runtime/src/module_manager.cc:137 INFO 3803098 LoadChiMod Loaded ChiMod: clio_admin from /mnt/common/cvazquezperezdelacru/clio-core-dev-install/lib/libclio_admin_runtime.so[0m
[97m/home/cvazquezperezdelacru/clio-core/context-runtime/src/module_manager.cc:137 INFO 3803098 LoadChiMod Loaded ChiMod: clio_bdev from /mnt/common/cvazquezperezdelacru/clio-core-dev-install/lib/libclio_bdev_runtime.so[0m
[97m/home/cvazquezperezdelacru/clio-core/context-runtime/src/module_manager.cc:137 INFO 3803098 LoadChiMod Loaded ChiMod: clio_safe_bdev from /mnt/common/cvazquezperezdelacru/clio-core-dev-install/lib/libclio_safe_bdev_runtime.so[0m
[97m/home/cvazquezperezdelacru/clio-core/context-runtime/src/module_manager.cc:137 INFO 3803098 LoadChiMod Loaded ChiMod: clio_cte_replication from /mnt/common/cvazquezperezdelacru/clio-core-dev-install/lib/libclio_cte_replication_runtime.so[0m
[97m/home/cvazquezperezdelacru/clio-core/context-runtime/src/module_manager.cc:137 INFO 3803098 LoadChiMod Loaded ChiMod: clio_cte_cache from /mnt/common/cvazquezperezdelacru/clio-core-dev-install/lib/libclio_cte_cache_runtime.so[0m
[97m/home/cvazquezperezdelacru/clio-core/context-runtime/src/module_manager.cc:137 INFO 3803098 LoadChiMod Loaded ChiMod: clio_cte_indexer from /mnt/common/cvazquezperezdelacru/clio-core-dev-install/lib/libclio_cte_indexer_runtime.so[0m
[97m/home/cvazquezperezdelacru/clio-core/context-runtime/src/module_manager.cc:137 INFO 3803098 LoadChiMod Loaded ChiMod: clio_cte_core from /mnt/common/cvazquezperezdelacru/clio-core-dev-install/lib/libclio_cte_core_runtime.so[0m
[97m/home/cvazquezperezdelacru/clio-core/context-runtime/src/module_manager.cc:137 INFO 3803098 LoadChiMod Loaded ChiMod: clio_cte_filesystem from /mnt/common/cvazquezperezdelacru/clio-core-dev-install/lib/libclio_cte_filesystem_runtime.so[0m
[97m/home/cvazquezperezdelacru/clio-core/context-runtime/src/module_manager.cc:137 INFO 3803098 LoadChiMod Loaded ChiMod: clio_faiss_ivf from /mnt/common/cvazquezperezdelacru/IOWARP/faiss/contrib/iowarp/build-dev/chimod/libclio_faiss_ivf_runtime.so[0m
[97m/home/cvazquezperezdelacru/clio-core/context-runtime/src/work_orchestrator.cc:94 INFO 3803098 Init Creating 8 workers (7 task + 1 dedicated network)[0m
[97m/home/cvazquezperezdelacru/clio-core/context-runtime/src/ipc_manager.cc:756 INFO 3803098 SetNumSchedQueues IpcManager: Updated num_sched_queues to 1[0m
[97m/home/cvazquezperezdelacru/clio-core/context-runtime/src/scheduler/default_sched.cc:139 INFO 3803098 DivideWorkers DefaultScheduler: 1 scheduler worker (0), 4 I/O workers, net_send_worker=6, net_recv_worker=7, gpu_worker=5[0m
[97m/home/cvazquezperezdelacru/clio-core/context-runtime/src/work_orchestrator.cc:271 INFO 3803098 SpawnWorkerThreads WorkOrchestrator: num_workers=8, num_lanes=16[0m
[97m/home/cvazquezperezdelacru/clio-core/context-runtime/src/work_orchestrator.cc:294 INFO 3803098 SpawnWorkerThreads WorkOrchestrator: Mapped worker 0 (ID 0) to lane 0[0m
[97m/home/cvazquezperezdelacru/clio-core/context-runtime/src/work_orchestrator.cc:294 INFO 3803098 SpawnWorkerThreads WorkOrchestrator: Mapped worker 1 (ID 1) to lane 1[0m
[97m/home/cvazquezperezdelacru/clio-core/context-runtime/src/work_orchestrator.cc:294 INFO 3803098 SpawnWorkerThreads WorkOrchestrator: Mapped worker 2 (ID 2) to lane 2[0m
[97m/home/cvazquezperezdelacru/clio-core/context-runtime/src/work_orchestrator.cc:294 INFO 3803098 SpawnWorkerThreads WorkOrchestrator: Mapped worker 3 (ID 3) to lane 3[0m
[97m/home/cvazquezperezdelacru/clio-core/context-runtime/src/work_orchestrator.cc:294 INFO 3803098 SpawnWorkerThreads WorkOrchestrator: Mapped worker 4 (ID 4) to lane 4[0m
[97m/home/cvazquezperezdelacru/clio-core/context-runtime/src/work_orchestrator.cc:294 INFO 3803098 SpawnWorkerThreads WorkOrchestrator: Mapped worker 5 (ID 5) to lane 5[0m
[97m/home/cvazquezperezdelacru/clio-core/context-runtime/src/work_orchestrator.cc:294 INFO 3803098 SpawnWorkerThreads WorkOrchestrator: Mapped worker 6 (ID 6) to lane 6[0m
[97m/home/cvazquezperezdelacru/clio-core/context-runtime/src/work_orchestrator.cc:294 INFO 3803098 SpawnWorkerThreads WorkOrchestrator: Mapped worker 7 (ID 7) to lane 7[0m
[97m/home/cvazquezperezdelacru/clio-core/context-runtime/src/pool_manager.cc:534 INFO 3803098 CreatePool PoolManager: Creating pool 'admin' with 2 containers (one per node)[0m
[33m/home/cvazquezperezdelacru/clio-core/context-runtime/modules/admin/include/clio_runtime/admin/admin_client.h:59 WARNING 3803098 Client AdminClient: Default constructor called - pool_id_ will be PoolId(0,0)[0m
[97m/home/cvazquezperezdelacru/clio-core/context-runtime/src/pool_manager.cc:615 INFO 3803098 CreatePool Creating container for pool PoolId(major:1, minor:0) on node 1 with container_id=1[0m
[97m/home/cvazquezperezdelacru/clio-core/context-runtime/src/pool_manager.cc:644 INFO 3803098 CreatePool Container initialized with pool ID PoolId(major:1, minor:0), name admin, and container ID 1[0m
[97m/home/cvazquezperezdelacru/clio-core/context-runtime/src/pool_manager.cc:663 INFO 3803098 CreatePool CreatePool: Running Create method for pool PoolId(major:1, minor:0)[0m
[97m/home/cvazquezperezdelacru/clio-core/context-runtime/src/ipc/ipc_run2run.cc:1254 INFO 3803128 operator() [ClientRecvThread] started[0m
[97m/home/cvazquezperezdelacru/clio-core/context-runtime/src/ipc/ipc_run2run.cc:1182 INFO 3803127 operator() [PeerRecvThread] started[0m
[97m/home/cvazquezperezdelacru/clio-core/context-runtime/src/pool_manager.cc:666 INFO 3803098 CreatePool CreatePool: Create method completed for pool PoolId(major:1, minor:0)[0m
[97m/home/cvazquezperezdelacru/clio-core/context-runtime/src/pool_manager.cc:700 INFO 3803098 CreatePool PoolManager: Created complete pool PoolId(major:1, minor:0) with ChiMod clio_admin (2 containers)[0m
[97m/home/cvazquezperezdelacru/clio-core/context-runtime/src/pool_manager.cc:125 INFO 3803098 ServerInit PoolManager: Admin chimod pool created successfully with PoolId PoolId(major:1, minor:0)[0m
[97m/home/cvazquezperezdelacru/clio-core/context-runtime/src/manager.cc:264 INFO 3803098 ServerInit Processing compose configuration with 3 pools[0m
[33m/home/cvazquezperezdelacru/clio-core/context-runtime/src/../modules/admin/include/clio_runtime/admin/admin_client.h:59 WARNING 3803098 Client AdminClient: Default constructor called - pool_id_ will be PoolId(0,0)[0m
[97m/home/cvazquezperezdelacru/clio-core/context-runtime/src/manager.cc:282 INFO 3803098 ServerInit Compose: Creating pool ram::chi_default_bdev (module: clio_bdev, restart: 0)[0m
[97m/home/cvazquezperezdelacru/clio-core/context-runtime/src/pool_manager.cc:534 INFO 3803122 CreatePool PoolManager: Creating pool 'ram::chi_default_bdev' with 2 containers (one per node)[0m
[97m/home/cvazquezperezdelacru/clio-core/context-runtime/src/pool_manager.cc:615 INFO 3803122 CreatePool Creating container for pool PoolId(major:301, minor:0) on node 1 with container_id=1[0m
[97m/home/cvazquezperezdelacru/clio-core/context-runtime/src/pool_manager.cc:644 INFO 3803122 CreatePool Container initialized with pool ID PoolId(major:301, minor:0), name ram::chi_default_bdev, and container ID 1[0m
[97m/home/cvazquezperezdelacru/clio-core/context-runtime/src/pool_manager.cc:663 INFO 3803122 CreatePool CreatePool: Running Create method for pool PoolId(major:301, minor:0)[0m
[97m/home/cvazquezperezdelacru/clio-core/context-runtime/modules/bdev/src/transports/mem_bdev_transport.cc:152 INFO 3803122 InitShmBacking [#783] RAM bdev 'clio_rambdev_3803098_301_0' is shared-memory backed (38655688704 of 38654705664 bytes mapped)[0m
[97m/home/cvazquezperezdelacru/clio-core/context-runtime/src/pool_manager.cc:666 INFO 3803122 CreatePool CreatePool: Create method completed for pool PoolId(major:301, minor:0)[0m
[97m/home/cvazquezperezdelacru/clio-core/context-runtime/src/pool_manager.cc:700 INFO 3803122 CreatePool PoolManager: Created complete pool PoolId(major:301, minor:0) with ChiMod clio_bdev (2 containers)[0m
[97m/home/cvazquezperezdelacru/clio-core/context-runtime/src/manager.cc:298 INFO 3803098 ServerInit Compose: Successfully created pool ram::chi_default_bdev (module: clio_bdev)[0m
[97m/home/cvazquezperezdelacru/clio-core/context-runtime/src/manager.cc:282 INFO 3803098 ServerInit Compose: Creating pool cte_main (module: clio_cte_core, restart: 0)[0m
[97m/home/cvazquezperezdelacru/clio-core/context-runtime/src/pool_manager.cc:534 INFO 3803119 CreatePool PoolManager: Creating pool 'cte_main' with 2 containers (one per node)[0m
[97m/home/cvazquezperezdelacru/clio-core/context-runtime/src/pool_manager.cc:615 INFO 3803119 CreatePool Creating container for pool PoolId(major:512, minor:0) on node 1 with container_id=1[0m
[97m/home/cvazquezperezdelacru/clio-core/context-runtime/src/pool_manager.cc:644 INFO 3803119 CreatePool Container initialized with pool ID PoolId(major:512, minor:0), name cte_main, and container ID 1[0m
[97m/home/cvazquezperezdelacru/clio-core/context-runtime/src/pool_manager.cc:663 INFO 3803119 CreatePool CreatePool: Running Create method for pool PoolId(major:512, minor:0)[0m
[97m/home/cvazquezperezdelacru/clio-core/context-transfer-engine/core/src/core_config.cc:642 INFO 3803119 ParseStorageConfig Parsed 2 storage devices[0m
[97m/home/cvazquezperezdelacru/clio-core/context-transfer-engine/core/src/core_config.cc:660 INFO 3803119 ParseDpeConfig Parsed DPE configuration: type=max_bw[0m
[97m/home/cvazquezperezdelacru/clio-core/context-transfer-engine/core/src/core_config.cc:111 INFO 3803119 LoadFromString Configuration loaded successfully from YAML string[0m
[97m/home/cvazquezperezdelacru/clio-core/context-runtime/src/pool_manager.cc:534 INFO 3803118 CreatePool PoolManager: Creating pool 'ram::cte_ram_tier_node0' with 2 containers (one per node)[0m
[97m/home/cvazquezperezdelacru/clio-core/context-runtime/src/pool_manager.cc:615 INFO 3803118 CreatePool Creating container for pool PoolId(major:512, minor:1) on node 1 with container_id=1[0m
[97m/home/cvazquezperezdelacru/clio-core/context-runtime/src/pool_manager.cc:644 INFO 3803118 CreatePool Container initialized with pool ID PoolId(major:512, minor:1), name ram::cte_ram_tier_node0, and container ID 1[0m
[97m/home/cvazquezperezdelacru/clio-core/context-runtime/src/pool_manager.cc:663 INFO 3803118 CreatePool CreatePool: Running Create method for pool PoolId(major:512, minor:1)[0m
[97m/home/cvazquezperezdelacru/clio-core/context-runtime/modules/bdev/src/transports/mem_bdev_transport.cc:152 INFO 3803118 InitShmBacking [#783] RAM bdev 'clio_rambdev_3803098_512_1' is shared-memory backed (32213237760 of 32212254720 bytes mapped)[0m
[97m/home/cvazquezperezdelacru/clio-core/context-runtime/src/pool_manager.cc:666 INFO 3803118 CreatePool CreatePool: Create method completed for pool PoolId(major:512, minor:1)[0m
[97m/home/cvazquezperezdelacru/clio-core/context-runtime/src/pool_manager.cc:700 INFO 3803118 CreatePool PoolManager: Created complete pool PoolId(major:512, minor:1) with ChiMod clio_bdev (2 containers)[0m
[97m/home/cvazquezperezdelacru/clio-core/context-runtime/src/ipc_manager.cc:2295 INFO 3803124 GetOrCreateClient [ClientPool] Creating new persistent connection to ares-comp-31:9413#resp[0m
[97m/home/cvazquezperezdelacru/clio-core/context-runtime/src/../../context-transport-primitives/include/clio_ctp/lightbeam/zmq_transport.h:152 INFO 3803124 GetSharedContext [ZeroMqTransport] Created shared context with 8 I/O threads[0m
[97m/home/cvazquezperezdelacru/clio-core/context-runtime/src/ipc_manager.cc:2315 INFO 3803124 GetOrCreateClient [ClientPool] Connection established to ares-comp-31:9413#resp[0m
[97m/home/cvazquezperezdelacru/clio-core/context-runtime/src/pool_manager.cc:534 INFO 3803118 CreatePool PoolManager: Creating pool '/mnt/nvme/cvazquezperezdelacru/cte_tier_node0' with 2 containers (one per node)[0m
[97m/home/cvazquezperezdelacru/clio-core/context-runtime/src/pool_manager.cc:615 INFO 3803118 CreatePool Creating container for pool PoolId(major:513, minor:1) on node 1 with container_id=1[0m
[97m/home/cvazquezperezdelacru/clio-core/context-runtime/src/pool_manager.cc:644 INFO 3803118 CreatePool Container initialized with pool ID PoolId(major:513, minor:1), name /mnt/nvme/cvazquezperezdelacru/cte_tier_node0, and container ID 1[0m
[97m/home/cvazquezperezdelacru/clio-core/context-runtime/src/pool_manager.cc:663 INFO 3803118 CreatePool CreatePool: Running Create method for pool PoolId(major:513, minor:1)[0m
[97m/home/cvazquezperezdelacru/clio-core/context-transfer-engine/core/src/core_runtime.cc:590 INFO 3803119 Create CTE: shared-memory metadata cache enabled (tags=65536, blobs=262144, root_off=488)[0m
[97m/home/cvazquezperezdelacru/clio-core/context-runtime/src/ipc_manager.cc:2295 INFO 3803124 GetOrCreateClient [ClientPool] Creating new persistent connection to ares-comp-31:9413[0m
[97m/home/cvazquezperezdelacru/clio-core/context-runtime/src/ipc_manager.cc:2315 INFO 3803124 GetOrCreateClient [ClientPool] Connection established to ares-comp-31:9413[0m
[97m/home/cvazquezperezdelacru/clio-core/context-runtime/src/ipc_manager.cc:2295 INFO 3803124 GetOrCreateClient [ClientPool] Creating new persistent connection to ares-comp-32:9413[0m
[97m/home/cvazquezperezdelacru/clio-core/context-runtime/src/ipc_manager.cc:2315 INFO 3803124 GetOrCreateClient [ClientPool] Connection established to ares-comp-32:9413[0m
[97m/home/cvazquezperezdelacru/clio-core/context-runtime/src/pool_manager.cc:666 INFO 3803118 CreatePool CreatePool: Create method completed for pool PoolId(major:513, minor:1)[0m
[97m/home/cvazquezperezdelacru/clio-core/context-runtime/src/pool_manager.cc:700 INFO 3803118 CreatePool PoolManager: Created complete pool PoolId(major:513, minor:1) with ChiMod clio_bdev (2 containers)[0m
[97m/home/cvazquezperezdelacru/clio-core/context-runtime/src/pool_manager.cc:534 INFO 3803118 CreatePool PoolManager: Creating pool 'ram::cte_ram_tier_node1' with 2 containers (one per node)[0m
[97m/home/cvazquezperezdelacru/clio-core/context-runtime/src/pool_manager.cc:615 INFO 3803118 CreatePool Creating container for pool PoolId(major:512, minor:2) on node 1 with container_id=1[0m
[97m/home/cvazquezperezdelacru/clio-core/context-runtime/src/pool_manager.cc:644 INFO 3803118 CreatePool Container initialized with pool ID PoolId(major:512, minor:2), name ram::cte_ram_tier_node1, and container ID 1[0m
[97m/home/cvazquezperezdelacru/clio-core/context-runtime/src/pool_manager.cc:663 INFO 3803118 CreatePool CreatePool: Running Create method for pool PoolId(major:512, minor:2)[0m
[97m/home/cvazquezperezdelacru/clio-core/context-runtime/modules/bdev/src/transports/mem_bdev_transport.cc:152 INFO 3803118 InitShmBacking [#783] RAM bdev 'clio_rambdev_3803098_512_2' is shared-memory backed (32213237760 of 32212254720 bytes mapped)[0m
[97m/home/cvazquezperezdelacru/clio-core/context-runtime/src/pool_manager.cc:666 INFO 3803118 CreatePool CreatePool: Create method completed for pool PoolId(major:512, minor:2)[0m
[97m/home/cvazquezperezdelacru/clio-core/context-runtime/src/pool_manager.cc:700 INFO 3803118 CreatePool PoolManager: Created complete pool PoolId(major:512, minor:2) with ChiMod clio_bdev (2 containers)[0m
[97m/home/cvazquezperezdelacru/clio-core/context-runtime/src/ipc_manager.cc:2295 INFO 3803124 GetOrCreateClient [ClientPool] Creating new persistent connection to ares-comp-32:9413#resp[0m
[97m/home/cvazquezperezdelacru/clio-core/context-runtime/src/ipc_manager.cc:2315 INFO 3803124 GetOrCreateClient [ClientPool] Connection established to ares-comp-32:9413#resp[0m
[97m/home/cvazquezperezdelacru/clio-core/context-runtime/src/pool_manager.cc:534 INFO 3803118 CreatePool PoolManager: Creating pool '/mnt/nvme/cvazquezperezdelacru/cte_tier_node1' with 2 containers (one per node)[0m
[97m/home/cvazquezperezdelacru/clio-core/context-runtime/src/pool_manager.cc:615 INFO 3803118 CreatePool Creating container for pool PoolId(major:513, minor:2) on node 1 with container_id=1[0m
[97m/home/cvazquezperezdelacru/clio-core/context-runtime/src/pool_manager.cc:644 INFO 3803118 CreatePool Container initialized with pool ID PoolId(major:513, minor:2), name /mnt/nvme/cvazquezperezdelacru/cte_tier_node1, and container ID 1[0m
[97m/home/cvazquezperezdelacru/clio-core/context-runtime/src/pool_manager.cc:663 INFO 3803118 CreatePool CreatePool: Running Create method for pool PoolId(major:513, minor:2)[0m
[97m/home/cvazquezperezdelacru/clio-core/context-runtime/src/pool_manager.cc:666 INFO 3803118 CreatePool CreatePool: Create method completed for pool PoolId(major:513, minor:2)[0m
[97m/home/cvazquezperezdelacru/clio-core/context-runtime/src/pool_manager.cc:700 INFO 3803118 CreatePool PoolManager: Created complete pool PoolId(major:513, minor:2) with ChiMod clio_bdev (2 containers)[0m
[97m/home/cvazquezperezdelacru/clio-core/context-transfer-engine/core/src/core_runtime.cc:708 INFO 3803119 Create CTE Core container created and initialized for pool: cte_main (ID: PoolId(major:512, minor:0))[0m
[97m/home/cvazquezperezdelacru/clio-core/context-transfer-engine/core/src/core_runtime.cc:712 INFO 3803119 Create Configuration: neighborhood=1, poll_period_ms=5000, stat_targets_period_ms=5000[0m
[97m/home/cvazquezperezdelacru/clio-core/context-transfer-engine/core/src/core_runtime.cc:754 INFO 3803119 Create Starting periodic StatTargets task with period 5000 ms[0m
[97m/home/cvazquezperezdelacru/clio-core/context-runtime/src/pool_manager.cc:666 INFO 3803119 CreatePool CreatePool: Create method completed for pool PoolId(major:512, minor:0)[0m
[97m/home/cvazquezperezdelacru/clio-core/context-runtime/src/pool_manager.cc:700 INFO 3803119 CreatePool PoolManager: Created complete pool PoolId(major:512, minor:0) with ChiMod clio_cte_core (2 containers)[0m
[97m/home/cvazquezperezdelacru/clio-core/context-runtime/src/manager.cc:298 INFO 3803098 ServerInit Compose: Successfully created pool cte_main (module: clio_cte_core)[0m
[97m/home/cvazquezperezdelacru/clio-core/context-runtime/src/manager.cc:282 INFO 3803098 ServerInit Compose: Creating pool faiss_ivf_main (module: clio_faiss_ivf, restart: 0)[0m
[97m/home/cvazquezperezdelacru/clio-core/context-runtime/src/pool_manager.cc:534 INFO 3803119 CreatePool PoolManager: Creating pool 'faiss_ivf_main' with 2 containers (one per node)[0m
[97m/home/cvazquezperezdelacru/clio-core/context-runtime/src/pool_manager.cc:615 INFO 3803119 CreatePool Creating container for pool PoolId(major:600, minor:0) on node 1 with container_id=1[0m
[97m/home/cvazquezperezdelacru/clio-core/context-runtime/src/pool_manager.cc:644 INFO 3803119 CreatePool Container initialized with pool ID PoolId(major:600, minor:0), name faiss_ivf_main, and container ID 1[0m
[97m/home/cvazquezperezdelacru/clio-core/context-runtime/src/pool_manager.cc:663 INFO 3803119 CreatePool CreatePool: Running Create method for pool PoolId(major:600, minor:0)[0m
[97m/home/cvazquezperezdelacru/clio-core/context-runtime/src/pool_manager.cc:666 INFO 3803119 CreatePool CreatePool: Create method completed for pool PoolId(major:600, minor:0)[0m
[97m/home/cvazquezperezdelacru/clio-core/context-runtime/src/pool_manager.cc:700 INFO 3803119 CreatePool PoolManager: Created complete pool PoolId(major:600, minor:0) with ChiMod clio_faiss_ivf (2 containers)[0m
[97m/home/cvazquezperezdelacru/clio-core/context-runtime/src/manager.cc:298 INFO 3803098 ServerInit Compose: Successfully created pool faiss_ivf_main (module: clio_faiss_ivf)[0m
[97m/home/cvazquezperezdelacru/clio-core/context-runtime/src/manager.cc:304 INFO 3803098 ServerInit Compose: All 3 pools created successfully[0m
[32m/home/cvazquezperezdelacru/clio-core/context-runtime/src/ipc_manager.cc:1368 SUCCESS 3803098 StartLocalServer Successfully started local server at 127.0.0.1:9414[0m
[97m/home/cvazquezperezdelacru/clio-core/context-runtime/src/manager.cc:137 INFO 3803098 ClientInit RuntimeManager::ClientInit[0m
[97m/home/cvazquezperezdelacru/clio-core/context-runtime/src/manager.cc:181 INFO 3803098 ClientInit ClientInit: g_admin already exists, pool_id_=PoolId(major:0, minor:0)[0m
[97m/home/cvazquezperezdelacru/clio-core/context-runtime/src/pool_manager.cc:534 INFO 3803118 CreatePool PoolManager: Creating pool 'clio_cte_core' with 2 containers (one per node)[0m
[97m/home/cvazquezperezdelacru/clio-core/context-runtime/src/pool_manager.cc:575 INFO 3803118 CreatePool PoolManager: Pool PoolId(major:512, minor:0) already exists by ID, returning existing pool[0m
[97m/home/cvazquezperezdelacru/clio-core/context-runtime/src/ipc_manager.cc:2447 INFO 3803127 IncreaseClientShm IpcManager::IncreaseClientShm: Creating clio_3803098_4 with size 122500112 (88945680 + 33554432 overhead)[0m
[97m/home/cvazquezperezdelacru/clio-core/context-runtime/src/ipc_manager.cc:2492 INFO 3803127 IncreaseClientShm IpcManager::IncreaseClientShm: Created allocator clio_3803098_4 with ID (3803098.4)[0m
[33m/home/cvazquezperezdelacru/clio-core/context-runtime/src/scheduler/default_sched.cc:430 WARNING 3803126 LoadBalance [#781 PDF] observed exec-time bins (cumulative): <10us=60665 <50us=352 <500us=106 <10ms=91 <50ms=0 <500ms=8 <1s=0 >=1s=0 | stalls_detected=0[0m
[33m/home/cvazquezperezdelacru/clio-core/context-runtime/src/scheduler/default_sched.cc:439 WARNING 3803126 LoadBalance [#785] lane rescues performed: 0[0m
[97m/home/cvazquezperezdelacru/clio-core/context-runtime/src/ipc_manager.cc:2447 INFO 3803127 IncreaseClientShm IpcManager::IncreaseClientShm: Creating clio_3803098_5 with size 134278112 (100723680 + 33554432 overhead)[0m
[97m/home/cvazquezperezdelacru/clio-core/context-runtime/src/ipc_manager.cc:2492 INFO 3803127 IncreaseClientShm IpcManager::IncreaseClientShm: Created allocator clio_3803098_5 with ID (3803098.5)[0m
[97m/home/cvazquezperezdelacru/clio-core/context-runtime/src/ipc_manager.cc:2447 INFO 3803127 IncreaseClientShm IpcManager::IncreaseClientShm: Creating clio_3803098_6 with size 129301712 (95747280 + 33554432 overhead)[0m
[97m/home/cvazquezperezdelacru/clio-core/context-runtime/src/ipc_manager.cc:2492 INFO 3803127 IncreaseClientShm IpcManager::IncreaseClientShm: Created allocator clio_3803098_6 with ID (3803098.6)[0m
[33m/home/cvazquezperezdelacru/clio-core/context-runtime/src/scheduler/default_sched.cc:430 WARNING 3803126 LoadBalance [#781 PDF] observed exec-time bins (cumulative): <10us=128544 <50us=797 <500us=248 <10ms=211 <50ms=0 <500ms=13 <1s=0 >=1s=0 | stalls_detected=0[0m
[33m/home/cvazquezperezdelacru/clio-core/context-runtime/src/scheduler/default_sched.cc:439 WARNING 3803126 LoadBalance [#785] lane rescues performed: 0[0m
[97m/home/cvazquezperezdelacru/clio-core/context-runtime/src/ipc_manager.cc:2447 INFO 3803127 IncreaseClientShm IpcManager::IncreaseClientShm: Creating clio_3803098_7 with size 131799008 (98244576 + 33554432 overhead)[0m
[97m/home/cvazquezperezdelacru/clio-core/context-runtime/src/ipc_manager.cc:2492 INFO 3803127 IncreaseClientShm IpcManager::IncreaseClientShm: Created allocator clio_3803098_7 with ID (3803098.7)[0m
[33m/home/cvazquezperezdelacru/clio-core/context-runtime/src/scheduler/default_sched.cc:430 WARNING 3803126 LoadBalance [#781 PDF] observed exec-time bins (cumulative): <10us=195967 <50us=1149 <500us=346 <10ms=298 <50ms=0 <500ms=17 <1s=0 >=1s=0 | stalls_detected=0[0m
[33m/home/cvazquezperezdelacru/clio-core/context-runtime/src/scheduler/default_sched.cc:439 WARNING 3803126 LoadBalance [#785] lane rescues performed: 0[0m
[97m/home/cvazquezperezdelacru/clio-core/context-runtime/src/ipc_manager.cc:2447 INFO 3803127 IncreaseClientShm IpcManager::IncreaseClientShm: Creating clio_3803098_8 with size 133795808 (100241376 + 33554432 overhead)[0m
[97m/home/cvazquezperezdelacru/clio-core/context-runtime/src/ipc_manager.cc:2492 INFO 3803127 IncreaseClientShm IpcManager::IncreaseClientShm: Created allocator clio_3803098_8 with ID (3803098.8)[0m
[33m/home/cvazquezperezdelacru/clio-core/context-runtime/src/scheduler/default_sched.cc:430 WARNING 3803126 LoadBalance [#781 PDF] observed exec-time bins (cumulative): <10us=262063 <50us=2804 <500us=512 <10ms=421 <50ms=0 <500ms=23 <1s=0 >=1s=0 | stalls_detected=0[0m
[33m/home/cvazquezperezdelacru/clio-core/context-runtime/src/scheduler/default_sched.cc:439 WARNING 3803126 LoadBalance [#785] lane rescues performed: 0[0m
[97m/home/cvazquezperezdelacru/clio-core/context-runtime/src/ipc_manager.cc:2447 INFO 3803127 IncreaseClientShm IpcManager::IncreaseClientShm: Creating clio_3803098_9 with size 132499712 (98945280 + 33554432 overhead)[0m
[97m/home/cvazquezperezdelacru/clio-core/context-runtime/src/ipc_manager.cc:2492 INFO 3803127 IncreaseClientShm IpcManager::IncreaseClientShm: Created allocator clio_3803098_9 with ID (3803098.9)[0m
[33m/home/cvazquezperezdelacru/clio-core/context-runtime/src/scheduler/default_sched.cc:430 WARNING 3803126 LoadBalance [#781 PDF] observed exec-time bins (cumulative): <10us=331937 <50us=4089 <500us=704 <10ms=584 <50ms=0 <500ms=31 <1s=0 >=1s=0 | stalls_detected=0[0m
[33m/home/cvazquezperezdelacru/clio-core/context-runtime/src/scheduler/default_sched.cc:439 WARNING 3803126 LoadBalance [#785] lane rescues performed: 0[0m
[97m/home/cvazquezperezdelacru/clio-core/context-runtime/src/ipc_manager.cc:2447 INFO 3803127 IncreaseClientShm IpcManager::IncreaseClientShm: Creating clio_3803098_10 with size 129650112 (96095680 + 33554432 overhead)[0m
[97m/home/cvazquezperezdelacru/clio-core/context-runtime/src/ipc_manager.cc:2492 INFO 3803127 IncreaseClientShm IpcManager::IncreaseClientShm: Created allocator clio_3803098_10 with ID (3803098.10)[0m
[97m/home/cvazquezperezdelacru/clio-core/context-runtime/src/ipc_manager.cc:2447 INFO 3803127 IncreaseClientShm IpcManager::IncreaseClientShm: Creating clio_3803098_11 with size 130842208 (97287776 + 33554432 overhead)[0m
[97m/home/cvazquezperezdelacru/clio-core/context-runtime/src/ipc_manager.cc:2492 INFO 3803127 IncreaseClientShm IpcManager::IncreaseClientShm: Created allocator clio_3803098_11 with ID (3803098.11)[0m
[33m/home/cvazquezperezdelacru/clio-core/context-runtime/src/scheduler/default_sched.cc:430 WARNING 3803126 LoadBalance [#781 PDF] observed exec-time bins (cumulative): <10us=400994 <50us=6258 <500us=912 <10ms=744 <50ms=0 <500ms=38 <1s=0 >=1s=0 | stalls_detected=0[0m
[33m/home/cvazquezperezdelacru/clio-core/context-runtime/src/scheduler/default_sched.cc:439 WARNING 3803126 LoadBalance [#785] lane rescues performed: 0[0m
[97m/home/cvazquezperezdelacru/clio-core/context-runtime/src/ipc_manager.cc:2447 INFO 3803127 IncreaseClientShm IpcManager::IncreaseClientShm: Creating clio_3803098_12 with size 140723512 (107169080 + 33554432 overhead)[0m
[97m/home/cvazquezperezdelacru/clio-core/context-runtime/src/ipc_manager.cc:2492 INFO 3803127 IncreaseClientShm IpcManager::IncreaseClientShm: Created allocator clio_3803098_12 with ID (3803098.12)[0m
[33m/home/cvazquezperezdelacru/clio-core/context-runtime/src/scheduler/default_sched.cc:430 WARNING 3803126 LoadBalance [#781 PDF] observed exec-time bins (cumulative): <10us=467589 <50us=7872 <500us=1098 <10ms=898 <50ms=0 <500ms=46 <1s=0 >=1s=0 | stalls_detected=0[0m
[33m/home/cvazquezperezdelacru/clio-core/context-runtime/src/scheduler/default_sched.cc:439 WARNING 3803126 LoadBalance [#785] lane rescues performed: 0[0m
[97m/home/cvazquezperezdelacru/clio-core/context-runtime/src/ipc_manager.cc:2447 INFO 3803127 IncreaseClientShm IpcManager::IncreaseClientShm: Creating clio_3803098_13 with size 134161112 (100606680 + 33554432 overhead)[0m
[97m/home/cvazquezperezdelacru/clio-core/context-runtime/src/ipc_manager.cc:2492 INFO 3803127 IncreaseClientShm IpcManager::IncreaseClientShm: Created allocator clio_3803098_13 with ID (3803098.13)[0m
[97m/home/cvazquezperezdelacru/clio-core/context-runtime/src/ipc_manager.cc:2447 INFO 3803127 IncreaseClientShm IpcManager::IncreaseClientShm: Creating clio_3803098_14 with size 135357112 (101802680 + 33554432 overhead)[0m
[97m/home/cvazquezperezdelacru/clio-core/context-runtime/src/ipc_manager.cc:2492 INFO 3803127 IncreaseClientShm IpcManager::IncreaseClientShm: Created allocator clio_3803098_14 with ID (3803098.14)[0m
[33m/home/cvazquezperezdelacru/clio-core/context-runtime/src/scheduler/default_sched.cc:430 WARNING 3803126 LoadBalance [#781 PDF] observed exec-time bins (cumulative): <10us=534764 <50us=8789 <500us=1232 <10ms=1006 <50ms=0 <500ms=51 <1s=0 >=1s=0 | stalls_detected=0[0m
[33m/home/cvazquezperezdelacru/clio-core/context-runtime/src/scheduler/default_sched.cc:439 WARNING 3803126 LoadBalance [#785] lane rescues performed: 0[0m
[33m/home/cvazquezperezdelacru/clio-core/context-runtime/src/scheduler/default_sched.cc:430 WARNING 3803126 LoadBalance [#781 PDF] observed exec-time bins (cumulative): <10us=602533 <50us=9273 <500us=1361 <10ms=1096 <50ms=0 <500ms=55 <1s=0 >=1s=0 | stalls_detected=0[0m
[33m/home/cvazquezperezdelacru/clio-core/context-runtime/src/scheduler/default_sched.cc:439 WARNING 3803126 LoadBalance [#785] lane rescues performed: 0[0m
[97m/home/cvazquezperezdelacru/clio-core/context-runtime/src/ipc_manager.cc:2447 INFO 3803127 IncreaseClientShm IpcManager::IncreaseClientShm: Creating clio_3803098_15 with size 135840712 (102286280 + 33554432 overhead)[0m
[97m/home/cvazquezperezdelacru/clio-core/context-runtime/src/ipc_manager.cc:2492 INFO 3803127 IncreaseClientShm IpcManager::IncreaseClientShm: Created allocator clio_3803098_15 with ID (3803098.15)[0m
[97m/home/cvazquezperezdelacru/clio-core/context-runtime/src/ipc_manager.cc:2447 INFO 3803127 IncreaseClientShm IpcManager::IncreaseClientShm: Creating clio_3803098_16 with size 129332912 (95778480 + 33554432 overhead)[0m
[97m/home/cvazquezperezdelacru/clio-core/context-runtime/src/ipc_manager.cc:2492 INFO 3803127 IncreaseClientShm IpcManager::IncreaseClientShm: Created allocator clio_3803098_16 with ID (3803098.16)[0m
[33m/home/cvazquezperezdelacru/clio-core/context-runtime/src/scheduler/default_sched.cc:430 WARNING 3803126 LoadBalance [#781 PDF] observed exec-time bins (cumulative): <10us=668088 <50us=11129 <500us=1535 <10ms=1249 <50ms=0 <500ms=62 <1s=0 >=1s=0 | stalls_detected=0[0m
[33m/home/cvazquezperezdelacru/clio-core/context-runtime/src/scheduler/default_sched.cc:439 WARNING 3803126 LoadBalance [#785] lane rescues performed: 0[0m
[97m/home/cvazquezperezdelacru/clio-core/context-runtime/src/ipc_manager.cc:2447 INFO 3803127 IncreaseClientShm IpcManager::IncreaseClientShm: Creating clio_3803098_17 with size 128731008 (95176576 + 33554432 overhead)[0m
[97m/home/cvazquezperezdelacru/clio-core/context-runtime/src/ipc_manager.cc:2492 INFO 3803127 IncreaseClientShm IpcManager::IncreaseClientShm: Created allocator clio_3803098_17 with ID (3803098.17)[0m
[97m/home/cvazquezperezdelacru/clio-core/context-runtime/src/ipc_manager.cc:2447 INFO 3803127 IncreaseClientShm IpcManager::IncreaseClientShm: Creating clio_3803098_18 with size 131539008 (97984576 + 33554432 overhead)[0m
[97m/home/cvazquezperezdelacru/clio-core/context-runtime/src/ipc_manager.cc:2492 INFO 3803127 IncreaseClientShm IpcManager::IncreaseClientShm: Created allocator clio_3803098_18 with ID (3803098.18)[0m
[33m/home/cvazquezperezdelacru/clio-core/context-runtime/src/scheduler/default_sched.cc:430 WARNING 3803126 LoadBalance [#781 PDF] observed exec-time bins (cumulative): <10us=731788 <50us=14930 <500us=1788 <10ms=1420 <50ms=0 <500ms=70 <1s=0 >=1s=0 | stalls_detected=0[0m
[33m/home/cvazquezperezdelacru/clio-core/context-runtime/src/scheduler/default_sched.cc:439 WARNING 3803126 LoadBalance [#785] lane rescues performed: 0[0m
[97m/home/cvazquezperezdelacru/clio-core/context-runtime/src/ipc_manager.cc:2447 INFO 3803127 IncreaseClientShm IpcManager::IncreaseClientShm: Creating clio_3803098_19 with size 135769216 (102214784 + 33554432 overhead)[0m
[97m/home/cvazquezperezdelacru/clio-core/context-runtime/src/ipc_manager.cc:2492 INFO 3803127 IncreaseClientShm IpcManager::IncreaseClientShm: Created allocator clio_3803098_19 with ID (3803098.19)[0m
[33m/home/cvazquezperezdelacru/clio-core/context-runtime/src/scheduler/default_sched.cc:430 WARNING 3803126 LoadBalance [#781 PDF] observed exec-time bins (cumulative): <10us=796758 <50us=18334 <500us=2024 <10ms=1579 <50ms=0 <500ms=77 <1s=0 >=1s=0 | stalls_detected=0[0m
[33m/home/cvazquezperezdelacru/clio-core/context-runtime/src/scheduler/default_sched.cc:439 WARNING 3803126 LoadBalance [#785] lane rescues performed: 0[0m
[97m/home/cvazquezperezdelacru/clio-core/context-runtime/src/ipc_manager.cc:2447 INFO 3803127 IncreaseClientShm IpcManager::IncreaseClientShm: Creating clio_3803098_20 with size 129152208 (95597776 + 33554432 overhead)[0m
[97m/home/cvazquezperezdelacru/clio-core/context-runtime/src/ipc_manager.cc:2492 INFO 3803127 IncreaseClientShm IpcManager::IncreaseClientShm: Created allocator clio_3803098_20 with ID (3803098.20)[0m
[97m/home/cvazquezperezdelacru/clio-core/context-runtime/src/ipc_manager.cc:2447 INFO 3803127 IncreaseClientShm IpcManager::IncreaseClientShm: Creating clio_3803098_21 with size 142534416 (108979984 + 33554432 overhead)[0m
[97m/home/cvazquezperezdelacru/clio-core/context-runtime/src/ipc_manager.cc:2492 INFO 3803127 IncreaseClientShm IpcManager::IncreaseClientShm: Created allocator clio_3803098_21 with ID (3803098.21)[0m
[33m/home/cvazquezperezdelacru/clio-core/context-runtime/src/scheduler/default_sched.cc:430 WARNING 3803126 LoadBalance [#781 PDF] observed exec-time bins (cumulative): <10us=865170 <50us=18836 <500us=2202 <10ms=1730 <50ms=0 <500ms=84 <1s=0 >=1s=0 | stalls_detected=0[0m
[33m/home/cvazquezperezdelacru/clio-core/context-runtime/src/scheduler/default_sched.cc:439 WARNING 3803126 LoadBalance [#785] lane rescues performed: 0[0m
[97m/home/cvazquezperezdelacru/clio-core/context-runtime/src/ipc_manager.cc:2447 INFO 3803127 IncreaseClientShm IpcManager::IncreaseClientShm: Creating clio_3803098_22 with size 140562312 (107007880 + 33554432 overhead)[0m
[97m/home/cvazquezperezdelacru/clio-core/context-runtime/src/ipc_manager.cc:2492 INFO 3803127 IncreaseClientShm IpcManager::IncreaseClientShm: Created allocator clio_3803098_22 with ID (3803098.22)[0m
[33m/home/cvazquezperezdelacru/clio-core/context-runtime/src/scheduler/default_sched.cc:430 WARNING 3803126 LoadBalance [#781 PDF] observed exec-time bins (cumulative): <10us=932398 <50us=20023 <500us=2396 <10ms=1892 <50ms=1 <500ms=91 <1s=0 >=1s=0 | stalls_detected=0[0m
[33m/home/cvazquezperezdelacru/clio-core/context-runtime/src/scheduler/default_sched.cc:439 WARNING 3803126 LoadBalance [#785] lane rescues performed: 0[0m
[97m/home/cvazquezperezdelacru/clio-core/context-runtime/src/ipc_manager.cc:2447 INFO 3803127 IncreaseClientShm IpcManager::IncreaseClientShm: Creating clio_3803098_23 with size 131659912 (98105480 + 33554432 overhead)[0m
[97m/home/cvazquezperezdelacru/clio-core/context-runtime/src/ipc_manager.cc:2492 INFO 3803127 IncreaseClientShm IpcManager::IncreaseClientShm: Created allocator clio_3803098_23 with ID (3803098.23)[0m
[33m/home/cvazquezperezdelacru/clio-core/context-runtime/src/scheduler/default_sched.cc:430 WARNING 3803126 LoadBalance [#781 PDF] observed exec-time bins (cumulative): <10us=996067 <50us=24556 <500us=2626 <10ms=2031 <50ms=1 <500ms=97 <1s=0 >=1s=0 | stalls_detected=0[0m
[33m/home/cvazquezperezdelacru/clio-core/context-runtime/src/scheduler/default_sched.cc:439 WARNING 3803126 LoadBalance [#785] lane rescues performed: 0[0m
[97m/home/cvazquezperezdelacru/clio-core/context-runtime/src/ipc_manager.cc:2447 INFO 3803127 IncreaseClientShm IpcManager::IncreaseClientShm: Creating clio_3803098_24 with size 131002112 (97447680 + 33554432 overhead)[0m
[97m/home/cvazquezperezdelacru/clio-core/context-runtime/src/ipc_manager.cc:2492 INFO 3803127 IncreaseClientShm IpcManager::IncreaseClientShm: Created allocator clio_3803098_24 with ID (3803098.24)[0m
[97m/home/cvazquezperezdelacru/clio-core/context-runtime/src/ipc_manager.cc:2447 INFO 3803127 IncreaseClientShm IpcManager::IncreaseClientShm: Creating clio_3803098_25 with size 130965712 (97411280 + 33554432 overhead)[0m
[97m/home/cvazquezperezdelacru/clio-core/context-runtime/src/ipc_manager.cc:2492 INFO 3803127 IncreaseClientShm IpcManager::IncreaseClientShm: Created allocator clio_3803098_25 with ID (3803098.25)[0m
[33m/home/cvazquezperezdelacru/clio-core/context-runtime/src/scheduler/default_sched.cc:430 WARNING 3803126 LoadBalance [#781 PDF] observed exec-time bins (cumulative): <10us=1060143 <50us=28723 <500us=2877 <10ms=2193 <50ms=1 <500ms=105 <1s=0 >=1s=0 | stalls_detected=0[0m
[33m/home/cvazquezperezdelacru/clio-core/context-runtime/src/scheduler/default_sched.cc:439 WARNING 3803126 LoadBalance [#785] lane rescues performed: 0[0m
[97m/home/cvazquezperezdelacru/clio-core/context-runtime/src/ipc_manager.cc:2447 INFO 3803127 IncreaseClientShm IpcManager::IncreaseClientShm: Creating clio_3803098_26 with size 140593512 (107039080 + 33554432 overhead)[0m
[97m/home/cvazquezperezdelacru/clio-core/context-runtime/src/ipc_manager.cc:2492 INFO 3803127 IncreaseClientShm IpcManager::IncreaseClientShm: Created allocator clio_3803098_26 with ID (3803098.26)[0m
[33m/home/cvazquezperezdelacru/clio-core/context-runtime/src/scheduler/default_sched.cc:430 WARNING 3803126 LoadBalance [#781 PDF] observed exec-time bins (cumulative): <10us=1128076 <50us=30063 <500us=3055 <10ms=2343 <50ms=1 <500ms=112 <1s=0 >=1s=0 | stalls_detected=0[0m
[33m/home/cvazquezperezdelacru/clio-core/context-runtime/src/scheduler/default_sched.cc:439 WARNING 3803126 LoadBalance [#785] lane rescues performed: 0[0m
[97m/home/cvazquezperezdelacru/clio-core/context-runtime/src/ipc_manager.cc:2447 INFO 3803127 IncreaseClientShm IpcManager::IncreaseClientShm: Creating clio_3803098_27 with size 127418016 (93863584 + 33554432 overhead)[0m
[97m/home/cvazquezperezdelacru/clio-core/context-runtime/src/ipc_manager.cc:2492 INFO 3803127 IncreaseClientShm IpcManager::IncreaseClientShm: Created allocator clio_3803098_27 with ID (3803098.27)[0m
[97m/home/cvazquezperezdelacru/clio-core/context-runtime/src/ipc_manager.cc:2447 INFO 3803127 IncreaseClientShm IpcManager::IncreaseClientShm: Creating clio_3803098_28 with size 129625408 (96070976 + 33554432 overhead)[0m
[97m/home/cvazquezperezdelacru/clio-core/context-runtime/src/ipc_manager.cc:2492 INFO 3803127 IncreaseClientShm IpcManager::IncreaseClientShm: Created allocator clio_3803098_28 with ID (3803098.28)[0m
[33m/home/cvazquezperezdelacru/clio-core/context-runtime/src/scheduler/default_sched.cc:430 WARNING 3803126 LoadBalance [#781 PDF] observed exec-time bins (cumulative): <10us=1195938 <50us=30721 <500us=3194 <10ms=2470 <50ms=3 <500ms=116 <1s=0 >=1s=0 | stalls_detected=0[0m
[33m/home/cvazquezperezdelacru/clio-core/context-runtime/src/scheduler/default_sched.cc:439 WARNING 3803126 LoadBalance [#785] lane rescues performed: 0[0m
[97m/home/cvazquezperezdelacru/clio-core/context-runtime/src/ipc_manager.cc:2447 INFO 3803127 IncreaseClientShm IpcManager::IncreaseClientShm: Creating clio_3803098_29 with size 130714816 (97160384 + 33554432 overhead)[0m
[97m/home/cvazquezperezdelacru/clio-core/context-runtime/src/ipc_manager.cc:2492 INFO 3803127 IncreaseClientShm IpcManager::IncreaseClientShm: Created allocator clio_3803098_29 with ID (3803098.29)[0m
[33m/home/cvazquezperezdelacru/clio-core/context-runtime/src/scheduler/default_sched.cc:430 WARNING 3803126 LoadBalance [#781 PDF] observed exec-time bins (cumulative): <10us=1264562 <50us=31315 <500us=3351 <10ms=2619 <50ms=3 <500ms=123 <1s=0 >=1s=0 | stalls_detected=0[0m
[33m/home/cvazquezperezdelacru/clio-core/context-runtime/src/scheduler/default_sched.cc:439 WARNING 3803126 LoadBalance [#785] lane rescues performed: 0[0m
[97m/home/cvazquezperezdelacru/clio-core/context-runtime/src/ipc_manager.cc:2447 INFO 3803127 IncreaseClientShm IpcManager::IncreaseClientShm: Creating clio_3803098_30 with size 127770312 (94215880 + 33554432 overhead)[0m
[97m/home/cvazquezperezdelacru/clio-core/context-runtime/src/ipc_manager.cc:2492 INFO 3803127 IncreaseClientShm IpcManager::IncreaseClientShm: Created allocator clio_3803098_30 with ID (3803098.30)[0m
[97m/home/cvazquezperezdelacru/clio-core/context-runtime/src/ipc_manager.cc:2447 INFO 3803127 IncreaseClientShm IpcManager::IncreaseClientShm: Creating clio_3803098_31 with size 130008912 (96454480 + 33554432 overhead)[0m
[97m/home/cvazquezperezdelacru/clio-core/context-runtime/src/ipc_manager.cc:2492 INFO 3803127 IncreaseClientShm IpcManager::IncreaseClientShm: Created allocator clio_3803098_31 with ID (3803098.31)[0m
[33m/home/cvazquezperezdelacru/clio-core/context-runtime/src/scheduler/default_sched.cc:430 WARNING 3803126 LoadBalance [#781 PDF] observed exec-time bins (cumulative): <10us=1333767 <50us=31922 <500us=3547 <10ms=2791 <50ms=3 <500ms=131 <1s=0 >=1s=0 | stalls_detected=0[0m
[33m/home/cvazquezperezdelacru/clio-core/context-runtime/src/scheduler/default_sched.cc:439 WARNING 3803126 LoadBalance [#785] lane rescues performed: 0[0m
[97m/home/cvazquezperezdelacru/clio-core/context-runtime/src/ipc_manager.cc:2447 INFO 3803127 IncreaseClientShm IpcManager::IncreaseClientShm: Creating clio_3803098_32 with size 127375112 (93820680 + 33554432 overhead)[0m
[97m/home/cvazquezperezdelacru/clio-core/context-runtime/src/ipc_manager.cc:2492 INFO 3803127 IncreaseClientShm IpcManager::IncreaseClientShm: Created allocator clio_3803098_32 with ID (3803098.32)[0m
[97m/home/cvazquezperezdelacru/clio-core/context-runtime/src/ipc_manager.cc:2447 INFO 3803127 IncreaseClientShm IpcManager::IncreaseClientShm: Creating clio_3803098_33 with size 126881112 (93326680 + 33554432 overhead)[0m
[97m/home/cvazquezperezdelacru/clio-core/context-runtime/src/ipc_manager.cc:2492 INFO 3803127 IncreaseClientShm IpcManager::IncreaseClientShm: Created allocator clio_3803098_33 with ID (3803098.33)[0m
[33m/home/cvazquezperezdelacru/clio-core/context-runtime/src/scheduler/default_sched.cc:430 WARNING 3803126 LoadBalance [#781 PDF] observed exec-time bins (cumulative): <10us=1401808 <50us=32723 <500us=3743 <10ms=2962 <50ms=3 <500ms=138 <1s=0 >=1s=0 | stalls_detected=0[0m
[33m/home/cvazquezperezdelacru/clio-core/context-runtime/src/scheduler/default_sched.cc:439 WARNING 3803126 LoadBalance [#785] lane rescues performed: 0[0m
[97m/home/cvazquezperezdelacru/clio-core/context-runtime/src/ipc_manager.cc:2447 INFO 3803127 IncreaseClientShm IpcManager::IncreaseClientShm: Creating clio_3803098_34 with size 135043808 (101489376 + 33554432 overhead)[0m
[97m/home/cvazquezperezdelacru/clio-core/context-runtime/src/ipc_manager.cc:2492 INFO 3803127 IncreaseClientShm IpcManager::IncreaseClientShm: Created allocator clio_3803098_34 with ID (3803098.34)[0m
[33m/home/cvazquezperezdelacru/clio-core/context-runtime/src/scheduler/default_sched.cc:430 WARNING 3803126 LoadBalance [#781 PDF] observed exec-time bins (cumulative): <10us=1469798 <50us=33626 <500us=3943 <10ms=3135 <50ms=3 <500ms=146 <1s=0 >=1s=0 | stalls_detected=0[0m
[33m/home/cvazquezperezdelacru/clio-core/context-runtime/src/scheduler/default_sched.cc:439 WARNING 3803126 LoadBalance [#785] lane rescues performed: 0[0m
[97m/home/cvazquezperezdelacru/clio-core/context-runtime/src/ipc_manager.cc:2447 INFO 3803127 IncreaseClientShm IpcManager::IncreaseClientShm: Creating clio_3803098_35 with size 126500208 (92945776 + 33554432 overhead)[0m
[97m/home/cvazquezperezdelacru/clio-core/context-runtime/src/ipc_manager.cc:2492 INFO 3803127 IncreaseClientShm IpcManager::IncreaseClientShm: Created allocator clio_3803098_35 with ID (3803098.35)[0m
[97m/home/cvazquezperezdelacru/clio-core/context-runtime/src/ipc_manager.cc:2447 INFO 3803127 IncreaseClientShm IpcManager::IncreaseClientShm: Creating clio_3803098_36 with size 130708312 (97153880 + 33554432 overhead)[0m
[97m/home/cvazquezperezdelacru/clio-core/context-runtime/src/ipc_manager.cc:2492 INFO 3803127 IncreaseClientShm IpcManager::IncreaseClientShm: Created allocator clio_3803098_36 with ID (3803098.36)[0m
[33m/home/cvazquezperezdelacru/clio-core/context-runtime/src/scheduler/default_sched.cc:430 WARNING 3803126 LoadBalance [#781 PDF] observed exec-time bins (cumulative): <10us=1537370 <50us=35039 <500us=4164 <10ms=3310 <50ms=3 <500ms=154 <1s=0 >=1s=0 | stalls_detected=0[0m
[33m/home/cvazquezperezdelacru/clio-core/context-runtime/src/scheduler/default_sched.cc:439 WARNING 3803126 LoadBalance [#785] lane rescues performed: 0[0m
[97m/home/cvazquezperezdelacru/clio-core/context-runtime/src/ipc_manager.cc:2447 INFO 3803127 IncreaseClientShm IpcManager::IncreaseClientShm: Creating clio_3803098_37 with size 129264016 (95709584 + 33554432 overhead)[0m
[97m/home/cvazquezperezdelacru/clio-core/context-runtime/src/ipc_manager.cc:2492 INFO 3803127 IncreaseClientShm IpcManager::IncreaseClientShm: Created allocator clio_3803098_37 with ID (3803098.37)[0m
[97m/home/cvazquezperezdelacru/clio-core/context-runtime/src/ipc_manager.cc:2447 INFO 3803127 IncreaseClientShm IpcManager::IncreaseClientShm: Creating clio_3803098_38 with size 127784608 (94230176 + 33554432 overhead)[0m
[97m/home/cvazquezperezdelacru/clio-core/context-runtime/src/ipc_manager.cc:2492 INFO 3803127 IncreaseClientShm IpcManager::IncreaseClientShm: Created allocator clio_3803098_38 with ID (3803098.38)[0m
[33m/home/cvazquezperezdelacru/clio-core/context-runtime/src/scheduler/default_sched.cc:430 WARNING 3803126 LoadBalance [#781 PDF] observed exec-time bins (cumulative): <10us=1606260 <50us=35827 <500us=4369 <10ms=3493 <50ms=3 <500ms=162 <1s=0 >=1s=0 | stalls_detected=0[0m
[33m/home/cvazquezperezdelacru/clio-core/context-runtime/src/scheduler/default_sched.cc:439 WARNING 3803126 LoadBalance [#785] lane rescues performed: 0[0m
[97m/home/cvazquezperezdelacru/clio-core/context-runtime/src/ipc_manager.cc:2447 INFO 3803127 IncreaseClientShm IpcManager::IncreaseClientShm: Creating clio_3803098_39 with size 127800208 (94245776 + 33554432 overhead)[0m
[97m/home/cvazquezperezdelacru/clio-core/context-runtime/src/ipc_manager.cc:2492 INFO 3803127 IncreaseClientShm IpcManager::IncreaseClientShm: Created allocator clio_3803098_39 with ID (3803098.39)[0m
[33m/home/cvazquezperezdelacru/clio-core/context-runtime/src/scheduler/default_sched.cc:430 WARNING 3803126 LoadBalance [#781 PDF] observed exec-time bins (cumulative): <10us=1673672 <50us=37212 <500us=4562 <10ms=3657 <50ms=3 <500ms=169 <1s=0 >=1s=0 | stalls_detected=0[0m
[33m/home/cvazquezperezdelacru/clio-core/context-runtime/src/scheduler/default_sched.cc:439 WARNING 3803126 LoadBalance [#785] lane rescues performed: 0[0m
[97m/home/cvazquezperezdelacru/clio-core/context-runtime/src/ipc_manager.cc:2447 INFO 3803127 IncreaseClientShm IpcManager::IncreaseClientShm: Creating clio_3803098_40 with size 155914016 (122359584 + 33554432 overhead)[0m
[97m/home/cvazquezperezdelacru/clio-core/context-runtime/src/ipc_manager.cc:2492 INFO 3803127 IncreaseClientShm IpcManager::IncreaseClientShm: Created allocator clio_3803098_40 with ID (3803098.40)[0m
[97m/home/cvazquezperezdelacru/clio-core/context-runtime/src/ipc_manager.cc:2447 INFO 3803127 IncreaseClientShm IpcManager::IncreaseClientShm: Creating clio_3803098_41 with size 133144512 (99590080 + 33554432 overhead)[0m
[97m/home/cvazquezperezdelacru/clio-core/context-runtime/src/ipc_manager.cc:2492 INFO 3803127 IncreaseClientShm IpcManager::IncreaseClientShm: Created allocator clio_3803098_41 with ID (3803098.41)[0m
[33m/home/cvazquezperezdelacru/clio-core/context-runtime/src/scheduler/default_sched.cc:430 WARNING 3803126 LoadBalance [#781 PDF] observed exec-time bins (cumulative): <10us=1739173 <50us=40540 <500us=4817 <10ms=3829 <50ms=4 <500ms=177 <1s=0 >=1s=0 | stalls_detected=0[0m
[33m/home/cvazquezperezdelacru/clio-core/context-runtime/src/scheduler/default_sched.cc:439 WARNING 3803126 LoadBalance [#785] lane rescues performed: 0[0m
[97m/home/cvazquezperezdelacru/clio-core/context-runtime/src/ipc_manager.cc:2447 INFO 3803127 IncreaseClientShm IpcManager::IncreaseClientShm: Creating clio_3803098_42 with size 126703008 (93148576 + 33554432 overhead)[0m
[97m/home/cvazquezperezdelacru/clio-core/context-runtime/src/ipc_manager.cc:2492 INFO 3803127 IncreaseClientShm IpcManager::IncreaseClientShm: Created allocator clio_3803098_42 with ID (3803098.42)[0m
[97m/home/cvazquezperezdelacru/clio-core/context-runtime/src/ipc_manager.cc:2447 INFO 3803127 IncreaseClientShm IpcManager::IncreaseClientShm: Creating clio_3803098_43 with size 130987808 (97433376 + 33554432 overhead)[0m
[97m/home/cvazquezperezdelacru/clio-core/context-runtime/src/ipc_manager.cc:2492 INFO 3803127 IncreaseClientShm IpcManager::IncreaseClientShm: Created allocator clio_3803098_43 with ID (3803098.43)[0m
[33m/home/cvazquezperezdelacru/clio-core/context-runtime/src/scheduler/default_sched.cc:430 WARNING 3803126 LoadBalance [#781 PDF] observed exec-time bins (cumulative): <10us=1803917 <50us=44195 <500us=5078 <10ms=4001 <50ms=4 <500ms=185 <1s=0 >=1s=0 | stalls_detected=0[0m
[33m/home/cvazquezperezdelacru/clio-core/context-runtime/src/scheduler/default_sched.cc:439 WARNING 3803126 LoadBalance [#785] lane rescues performed: 0[0m
[97m/home/cvazquezperezdelacru/clio-core/context-runtime/src/ipc_manager.cc:2447 INFO 3803127 IncreaseClientShm IpcManager::IncreaseClientShm: Creating clio_3803098_44 with size 134306712 (100752280 + 33554432 overhead)[0m
[97m/home/cvazquezperezdelacru/clio-core/context-runtime/src/ipc_manager.cc:2492 INFO 3803127 IncreaseClientShm IpcManager::IncreaseClientShm: Created allocator clio_3803098_44 with ID (3803098.44)[0m
[33m/home/cvazquezperezdelacru/clio-core/context-runtime/src/scheduler/default_sched.cc:430 WARNING 3803126 LoadBalance [#781 PDF] observed exec-time bins (cumulative): <10us=1872210 <50us=44750 <500us=5245 <10ms=4146 <50ms=4 <500ms=192 <1s=0 >=1s=0 | stalls_detected=0[0m
[33m/home/cvazquezperezdelacru/clio-core/context-runtime/src/scheduler/default_sched.cc:439 WARNING 3803126 LoadBalance [#785] lane rescues performed: 0[0m
[97m/home/cvazquezperezdelacru/clio-core/context-runtime/src/ipc_manager.cc:2447 INFO 3803127 IncreaseClientShm IpcManager::IncreaseClientShm: Creating clio_3803098_45 with size 131815912 (98261480 + 33554432 overhead)[0m
[97m/home/cvazquezperezdelacru/clio-core/context-runtime/src/ipc_manager.cc:2492 INFO 3803127 IncreaseClientShm IpcManager::IncreaseClientShm: Created allocator clio_3803098_45 with ID (3803098.45)[0m
[97m/home/cvazquezperezdelacru/clio-core/context-runtime/src/ipc_manager.cc:2447 INFO 3803127 IncreaseClientShm IpcManager::IncreaseClientShm: Creating clio_3803098_46 with size 126830416 (93275984 + 33554432 overhead)[0m
[97m/home/cvazquezperezdelacru/clio-core/context-runtime/src/ipc_manager.cc:2492 INFO 3803127 IncreaseClientShm IpcManager::IncreaseClientShm: Created allocator clio_3803098_46 with ID (3803098.46)[0m
[33m/home/cvazquezperezdelacru/clio-core/context-runtime/src/scheduler/default_sched.cc:430 WARNING 3803126 LoadBalance [#781 PDF] observed exec-time bins (cumulative): <10us=1938509 <50us=46227 <500us=5399 <10ms=4323 <50ms=17 <500ms=196 <1s=0 >=1s=0 | stalls_detected=0[0m
[33m/home/cvazquezperezdelacru/clio-core/context-runtime/src/scheduler/default_sched.cc:439 WARNING 3803126 LoadBalance [#785] lane rescues performed: 0[0m
[97m/home/cvazquezperezdelacru/clio-core/context-runtime/src/ipc_manager.cc:2447 INFO 3803127 IncreaseClientShm IpcManager::IncreaseClientShm: Creating clio_3803098_47 with size 126842112 (93287680 + 33554432 overhead)[0m
[97m/home/cvazquezperezdelacru/clio-core/context-runtime/src/ipc_manager.cc:2492 INFO 3803127 IncreaseClientShm IpcManager::IncreaseClientShm: Created allocator clio_3803098_47 with ID (3803098.47)[0m
[33m/home/cvazquezperezdelacru/clio-core/context-runtime/src/scheduler/default_sched.cc:430 WARNING 3803126 LoadBalance [#781 PDF] observed exec-time bins (cumulative): <10us=2006052 <50us=46511 <500us=5520 <10ms=4505 <50ms=41 <500ms=196 <1s=0 >=1s=0 | stalls_detected=0[0m
[33m/home/cvazquezperezdelacru/clio-core/context-runtime/src/scheduler/default_sched.cc:439 WARNING 3803126 LoadBalance [#785] lane rescues performed: 0[0m
[97m/home/cvazquezperezdelacru/clio-core/context-runtime/src/ipc_manager.cc:2447 INFO 3803127 IncreaseClientShm IpcManager::IncreaseClientShm: Creating clio_3803098_48 with size 130902016 (97347584 + 33554432 overhead)[0m
[97m/home/cvazquezperezdelacru/clio-core/context-runtime/src/ipc_manager.cc:2492 INFO 3803127 IncreaseClientShm IpcManager::IncreaseClientShm: Created allocator clio_3803098_48 with ID (3803098.48)[0m
[33m/home/cvazquezperezdelacru/clio-core/context-runtime/src/scheduler/default_sched.cc:430 WARNING 3803126 LoadBalance [#781 PDF] observed exec-time bins (cumulative): <10us=2073184 <50us=47522 <500us=5642 <10ms=4689 <50ms=73 <500ms=196 <1s=0 >=1s=0 | stalls_detected=0[0m
[33m/home/cvazquezperezdelacru/clio-core/context-runtime/src/scheduler/default_sched.cc:439 WARNING 3803126 LoadBalance [#785] lane rescues performed: 0[0m
[97m/home/cvazquezperezdelacru/clio-core/context-runtime/src/ipc_manager.cc:2447 INFO 3803127 IncreaseClientShm IpcManager::IncreaseClientShm: Creating clio_3803098_49 with size 127980912 (94426480 + 33554432 overhead)[0m
[97m/home/cvazquezperezdelacru/clio-core/context-runtime/src/ipc_manager.cc:2492 INFO 3803127 IncreaseClientShm IpcManager::IncreaseClientShm: Created allocator clio_3803098_49 with ID (3803098.49)[0m
[33m/home/cvazquezperezdelacru/clio-core/context-runtime/src/scheduler/default_sched.cc:430 WARNING 3803126 LoadBalance [#781 PDF] observed exec-time bins (cumulative): <10us=2138369 <50us=49349 <500us=5754 <10ms=4875 <50ms=95 <500ms=196 <1s=0 >=1s=0 | stalls_detected=0[0m
[33m/home/cvazquezperezdelacru/clio-core/context-runtime/src/scheduler/default_sched.cc:439 WARNING 3803126 LoadBalance [#785] lane rescues performed: 0[0m
[97m/home/cvazquezperezdelacru/clio-core/context-runtime/src/ipc_manager.cc:2447 INFO 3803127 IncreaseClientShm IpcManager::IncreaseClientShm: Creating clio_3803098_50 with size 128598416 (95043984 + 33554432 overhead)[0m
[97m/home/cvazquezperezdelacru/clio-core/context-runtime/src/ipc_manager.cc:2492 INFO 3803127 IncreaseClientShm IpcManager::IncreaseClientShm: Created allocator clio_3803098_50 with ID (3803098.50)[0m
[33m/home/cvazquezperezdelacru/clio-core/context-runtime/src/scheduler/default_sched.cc:430 WARNING 3803126 LoadBalance [#781 PDF] observed exec-time bins (cumulative): <10us=2205317 <50us=50635 <500us=5863 <10ms=5063 <50ms=118 <500ms=196 <1s=0 >=1s=0 | stalls_detected=0[0m
[33m/home/cvazquezperezdelacru/clio-core/context-runtime/src/scheduler/default_sched.cc:439 WARNING 3803126 LoadBalance [#785] lane rescues performed: 0[0m
[97m/home/cvazquezperezdelacru/clio-core/context-runtime/src/ipc_manager.cc:2447 INFO 3803127 IncreaseClientShm IpcManager::IncreaseClientShm: Creating clio_3803098_51 with size 128407312 (94852880 + 33554432 overhead)[0m
[97m/home/cvazquezperezdelacru/clio-core/context-runtime/src/ipc_manager.cc:2492 INFO 3803127 IncreaseClientShm IpcManager::IncreaseClientShm: Created allocator clio_3803098_51 with ID (3803098.51)[0m
[33m/home/cvazquezperezdelacru/clio-core/context-runtime/src/scheduler/default_sched.cc:430 WARNING 3803126 LoadBalance [#781 PDF] observed exec-time bins (cumulative): <10us=2272874 <50us=51214 <500us=5977 <10ms=5260 <50ms=147 <500ms=196 <1s=0 >=1s=0 | stalls_detected=0[0m
[33m/home/cvazquezperezdelacru/clio-core/context-runtime/src/scheduler/default_sched.cc:439 WARNING 3803126 LoadBalance [#785] lane rescues performed: 0[0m
[97m/home/cvazquezperezdelacru/clio-core/context-runtime/src/ipc_manager.cc:2447 INFO 3803127 IncreaseClientShm IpcManager::IncreaseClientShm: Creating clio_3803098_52 with size 126606816 (93052384 + 33554432 overhead)[0m
[97m/home/cvazquezperezdelacru/clio-core/context-runtime/src/ipc_manager.cc:2492 INFO 3803127 IncreaseClientShm IpcManager::IncreaseClientShm: Created allocator clio_3803098_52 with ID (3803098.52)[0m
[33m/home/cvazquezperezdelacru/clio-core/context-runtime/src/scheduler/default_sched.cc:430 WARNING 3803126 LoadBalance [#781 PDF] observed exec-time bins (cumulative): <10us=2339643 <50us=52288 <500us=6098 <10ms=5461 <50ms=176 <500ms=196 <1s=0 >=1s=0 | stalls_detected=0[0m
[33m/home/cvazquezperezdelacru/clio-core/context-runtime/src/scheduler/default_sched.cc:439 WARNING 3803126 LoadBalance [#785] lane rescues performed: 0[0m
[97m/home/cvazquezperezdelacru/clio-core/context-runtime/src/ipc_manager.cc:2447 INFO 3803127 IncreaseClientShm IpcManager::IncreaseClientShm: Creating clio_3803098_53 with size 139272712 (105718280 + 33554432 overhead)[0m
[97m/home/cvazquezperezdelacru/clio-core/context-runtime/src/ipc_manager.cc:2492 INFO 3803127 IncreaseClientShm IpcManager::IncreaseClientShm: Created allocator clio_3803098_53 with ID (3803098.53)[0m
[33m/home/cvazquezperezdelacru/clio-core/context-runtime/src/scheduler/default_sched.cc:430 WARNING 3803126 LoadBalance [#781 PDF] observed exec-time bins (cumulative): <10us=2406284 <50us=53206 <500us=6208 <10ms=5644 <50ms=200 <500ms=196 <1s=0 >=1s=0 | stalls_detected=0[0m
[33m/home/cvazquezperezdelacru/clio-core/context-runtime/src/scheduler/default_sched.cc:439 WARNING 3803126 LoadBalance [#785] lane rescues performed: 0[0m
[97m/home/cvazquezperezdelacru/clio-core/context-runtime/src/ipc_manager.cc:2447 INFO 3803127 IncreaseClientShm IpcManager::IncreaseClientShm: Creating clio_3803098_54 with size 128244816 (94690384 + 33554432 overhead)[0m
[97m/home/cvazquezperezdelacru/clio-core/context-runtime/src/ipc_manager.cc:2492 INFO 3803127 IncreaseClientShm IpcManager::IncreaseClientShm: Created allocator clio_3803098_54 with ID (3803098.54)[0m
[97m/home/cvazquezperezdelacru/clio-core/context-runtime/src/ipc_manager.cc:2447 INFO 3803127 IncreaseClientShm IpcManager::IncreaseClientShm: Creating clio_3803098_55 with size 128983216 (95428784 + 33554432 overhead)[0m
[97m/home/cvazquezperezdelacru/clio-core/context-runtime/src/ipc_manager.cc:2492 INFO 3803127 IncreaseClientShm IpcManager::IncreaseClientShm: Created allocator clio_3803098_55 with ID (3803098.55)[0m
[33m/home/cvazquezperezdelacru/clio-core/context-runtime/src/scheduler/default_sched.cc:430 WARNING 3803126 LoadBalance [#781 PDF] observed exec-time bins (cumulative): <10us=2472927 <50us=54197 <500us=6324 <10ms=5837 <50ms=227 <500ms=196 <1s=0 >=1s=0 | stalls_detected=0[0m
[33m/home/cvazquezperezdelacru/clio-core/context-runtime/src/scheduler/default_sched.cc:439 WARNING 3803126 LoadBalance [#785] lane rescues performed: 0[0m
[97m/home/cvazquezperezdelacru/clio-core/context-runtime/src/ipc_manager.cc:2447 INFO 3803127 IncreaseClientShm IpcManager::IncreaseClientShm: Creating clio_3803098_56 with size 139790112 (106235680 + 33554432 overhead)[0m
[97m/home/cvazquezperezdelacru/clio-core/context-runtime/src/ipc_manager.cc:2492 INFO 3803127 IncreaseClientShm IpcManager::IncreaseClientShm: Created allocator clio_3803098_56 with ID (3803098.56)[0m
[33m/home/cvazquezperezdelacru/clio-core/context-runtime/src/scheduler/default_sched.cc:430 WARNING 3803126 LoadBalance [#781 PDF] observed exec-time bins (cumulative): <10us=2540034 <50us=54882 <500us=6447 <10ms=6041 <50ms=249 <500ms=196 <1s=0 >=1s=0 | stalls_detected=0[0m
[33m/home/cvazquezperezdelacru/clio-core/context-runtime/src/scheduler/default_sched.cc:439 WARNING 3803126 LoadBalance [#785] lane rescues performed: 0[0m
[97m/home/cvazquezperezdelacru/clio-core/context-runtime/src/ipc_manager.cc:2447 INFO 3803127 IncreaseClientShm IpcManager::IncreaseClientShm: Creating clio_3803098_57 with size 127863912 (94309480 + 33554432 overhead)[0m
[97m/home/cvazquezperezdelacru/clio-core/context-runtime/src/ipc_manager.cc:2492 INFO 3803127 IncreaseClientShm IpcManager::IncreaseClientShm: Created allocator clio_3803098_57 with ID (3803098.57)[0m
[33m/home/cvazquezperezdelacru/clio-core/context-runtime/src/scheduler/default_sched.cc:430 WARNING 3803126 LoadBalance [#781 PDF] observed exec-time bins (cumulative): <10us=2607392 <50us=55348 <500us=6571 <10ms=6245 <50ms=273 <500ms=196 <1s=0 >=1s=0 | stalls_detected=0[0m
[33m/home/cvazquezperezdelacru/clio-core/context-runtime/src/scheduler/default_sched.cc:439 WARNING 3803126 LoadBalance [#785] lane rescues performed: 0[0m
[97m/home/cvazquezperezdelacru/clio-core/context-runtime/src/ipc_manager.cc:2447 INFO 3803127 IncreaseClientShm IpcManager::IncreaseClientShm: Creating clio_3803098_58 with size 128952016 (95397584 + 33554432 overhead)[0m
[97m/home/cvazquezperezdelacru/clio-core/context-runtime/src/ipc_manager.cc:2492 INFO 3803127 IncreaseClientShm IpcManager::IncreaseClientShm: Created allocator clio_3803098_58 with ID (3803098.58)[0m
[33m/home/cvazquezperezdelacru/clio-core/context-runtime/src/scheduler/default_sched.cc:430 WARNING 3803126 LoadBalance [#781 PDF] observed exec-time bins (cumulative): <10us=2675052 <50us=55605 <500us=6691 <10ms=6451 <50ms=298 <500ms=196 <1s=0 >=1s=0 | stalls_detected=0[0m
[33m/home/cvazquezperezdelacru/clio-core/context-runtime/src/scheduler/default_sched.cc:439 WARNING 3803126 LoadBalance [#785] lane rescues performed: 0[0m
[97m/home/cvazquezperezdelacru/clio-core/context-runtime/src/ipc_manager.cc:2447 INFO 3803127 IncreaseClientShm IpcManager::IncreaseClientShm: Creating clio_3803098_59 with size 129524016 (95969584 + 33554432 overhead)[0m
[97m/home/cvazquezperezdelacru/clio-core/context-runtime/src/ipc_manager.cc:2492 INFO 3803127 IncreaseClientShm IpcManager::IncreaseClientShm: Created allocator clio_3803098_59 with ID (3803098.59)[0m
[33m/home/cvazquezperezdelacru/clio-core/context-runtime/src/scheduler/default_sched.cc:430 WARNING 3803126 LoadBalance [#781 PDF] observed exec-time bins (cumulative): <10us=2742417 <50us=55977 <500us=6815 <10ms=6663 <50ms=325 <500ms=196 <1s=0 >=1s=0 | stalls_detected=0[0m
[33m/home/cvazquezperezdelacru/clio-core/context-runtime/src/scheduler/default_sched.cc:439 WARNING 3803126 LoadBalance [#785] lane rescues performed: 0[0m
[97m/home/cvazquezperezdelacru/clio-core/context-runtime/src/ipc_manager.cc:2447 INFO 3803127 IncreaseClientShm IpcManager::IncreaseClientShm: Creating clio_3803098_60 with size 127932816 (94378384 + 33554432 overhead)[0m
[97m/home/cvazquezperezdelacru/clio-core/context-runtime/src/ipc_manager.cc:2492 INFO 3803127 IncreaseClientShm IpcManager::IncreaseClientShm: Created allocator clio_3803098_60 with ID (3803098.60)[0m
[33m/home/cvazquezperezdelacru/clio-core/context-runtime/src/scheduler/default_sched.cc:430 WARNING 3803126 LoadBalance [#781 PDF] observed exec-time bins (cumulative): <10us=2809427 <50us=56452 <500us=6933 <10ms=6857 <50ms=348 <500ms=196 <1s=0 >=1s=0 | stalls_detected=0[0m
[33m/home/cvazquezperezdelacru/clio-core/context-runtime/src/scheduler/default_sched.cc:439 WARNING 3803126 LoadBalance [#785] lane rescues performed: 0[0m
[97m/home/cvazquezperezdelacru/clio-core/context-runtime/src/ipc_manager.cc:2447 INFO 3803127 IncreaseClientShm IpcManager::IncreaseClientShm: Creating clio_3803098_61 with size 127783312 (94228880 + 33554432 overhead)[0m
[97m/home/cvazquezperezdelacru/clio-core/context-runtime/src/ipc_manager.cc:2492 INFO 3803127 IncreaseClientShm IpcManager::IncreaseClientShm: Created allocator clio_3803098_61 with ID (3803098.61)[0m
[33m/home/cvazquezperezdelacru/clio-core/context-runtime/src/scheduler/default_sched.cc:430 WARNING 3803126 LoadBalance [#781 PDF] observed exec-time bins (cumulative): <10us=2876142 <50us=57139 <500us=7054 <10ms=7059 <50ms=373 <500ms=196 <1s=0 >=1s=0 | stalls_detected=0[0m
[33m/home/cvazquezperezdelacru/clio-core/context-runtime/src/scheduler/default_sched.cc:439 WARNING 3803126 LoadBalance [#785] lane rescues performed: 0[0m
[97m/home/cvazquezperezdelacru/clio-core/context-runtime/src/ipc_manager.cc:2447 INFO 3803127 IncreaseClientShm IpcManager::IncreaseClientShm: Creating clio_3803098_62 with size 127388112 (93833680 + 33554432 overhead)[0m
[97m/home/cvazquezperezdelacru/clio-core/context-runtime/src/ipc_manager.cc:2492 INFO 3803127 IncreaseClientShm IpcManager::IncreaseClientShm: Created allocator clio_3803098_62 with ID (3803098.62)[0m
[33m/home/cvazquezperezdelacru/clio-core/context-runtime/src/scheduler/default_sched.cc:430 WARNING 3803126 LoadBalance [#781 PDF] observed exec-time bins (cumulative): <10us=2943314 <50us=57704 <500us=7169 <10ms=7251 <50ms=399 <500ms=196 <1s=0 >=1s=0 | stalls_detected=0[0m
[33m/home/cvazquezperezdelacru/clio-core/context-runtime/src/scheduler/default_sched.cc:439 WARNING 3803126 LoadBalance [#785] lane rescues performed: 0[0m
[97m/home/cvazquezperezdelacru/clio-core/context-runtime/src/ipc_manager.cc:2447 INFO 3803127 IncreaseClientShm IpcManager::IncreaseClientShm: Creating clio_3803098_63 with size 139453408 (105898976 + 33554432 overhead)[0m
[97m/home/cvazquezperezdelacru/clio-core/context-runtime/src/ipc_manager.cc:2492 INFO 3803127 IncreaseClientShm IpcManager::IncreaseClientShm: Created allocator clio_3803098_63 with ID (3803098.63)[0m
[33m/home/cvazquezperezdelacru/clio-core/context-runtime/src/scheduler/default_sched.cc:430 WARNING 3803126 LoadBalance [#781 PDF] observed exec-time bins (cumulative): <10us=3009568 <50us=59035 <500us=7288 <10ms=7442 <50ms=421 <500ms=196 <1s=0 >=1s=0 | stalls_detected=0[0m
[33m/home/cvazquezperezdelacru/clio-core/context-runtime/src/scheduler/default_sched.cc:439 WARNING 3803126 LoadBalance [#785] lane rescues performed: 0[0m
[97m/home/cvazquezperezdelacru/clio-core/context-runtime/src/ipc_manager.cc:2447 INFO 3803127 IncreaseClientShm IpcManager::IncreaseClientShm: Creating clio_3803098_64 with size 130167512 (96613080 + 33554432 overhead)[0m
[97m/home/cvazquezperezdelacru/clio-core/context-runtime/src/ipc_manager.cc:2492 INFO 3803127 IncreaseClientShm IpcManager::IncreaseClientShm: Created allocator clio_3803098_64 with ID (3803098.64)[0m
[33m/home/cvazquezperezdelacru/clio-core/context-runtime/src/scheduler/default_sched.cc:430 WARNING 3803126 LoadBalance [#781 PDF] observed exec-time bins (cumulative): <10us=3074198 <50us=61783 <500us=7413 <10ms=7632 <50ms=448 <500ms=196 <1s=0 >=1s=0 | stalls_detected=0[0m
[33m/home/cvazquezperezdelacru/clio-core/context-runtime/src/scheduler/default_sched.cc:439 WARNING 3803126 LoadBalance [#785] lane rescues performed: 0[0m
[97m/home/cvazquezperezdelacru/clio-core/context-runtime/src/ipc_manager.cc:2447 INFO 3803127 IncreaseClientShm IpcManager::IncreaseClientShm: Creating clio_3803098_65 with size 126969512 (93415080 + 33554432 overhead)[0m
[97m/home/cvazquezperezdelacru/clio-core/context-runtime/src/ipc_manager.cc:2492 INFO 3803127 IncreaseClientShm IpcManager::IncreaseClientShm: Created allocator clio_3803098_65 with ID (3803098.65)[0m
[97m/home/cvazquezperezdelacru/clio-core/context-runtime/src/ipc_manager.cc:2447 INFO 3803127 IncreaseClientShm IpcManager::IncreaseClientShm: Creating clio_3803098_66 with size 131002112 (97447680 + 33554432 overhead)[0m
[97m/home/cvazquezperezdelacru/clio-core/context-runtime/src/ipc_manager.cc:2492 INFO 3803127 IncreaseClientShm IpcManager::IncreaseClientShm: Created allocator clio_3803098_66 with ID (3803098.66)[0m
[33m/home/cvazquezperezdelacru/clio-core/context-runtime/src/scheduler/default_sched.cc:430 WARNING 3803126 LoadBalance [#781 PDF] observed exec-time bins (cumulative): <10us=3138921 <50us=64415 <500us=7528 <10ms=7831 <50ms=470 <500ms=196 <1s=0 >=1s=0 | stalls_detected=0[0m
[33m/home/cvazquezperezdelacru/clio-core/context-runtime/src/scheduler/default_sched.cc:439 WARNING 3803126 LoadBalance [#785] lane rescues performed: 0[0m
[97m/home/cvazquezperezdelacru/clio-core/context-runtime/src/ipc_manager.cc:2447 INFO 3803127 IncreaseClientShm IpcManager::IncreaseClientShm: Creating clio_3803098_67 with size 130965712 (97411280 + 33554432 overhead)[0m
[97m/home/cvazquezperezdelacru/clio-core/context-runtime/src/ipc_manager.cc:2492 INFO 3803127 IncreaseClientShm IpcManager::IncreaseClientShm: Created allocator clio_3803098_67 with ID (3803098.67)[0m
[33m/home/cvazquezperezdelacru/clio-core/context-runtime/src/scheduler/default_sched.cc:430 WARNING 3803126 LoadBalance [#781 PDF] observed exec-time bins (cumulative): <10us=3206001 <50us=65165 <500us=7652 <10ms=8036 <50ms=491 <500ms=196 <1s=0 >=1s=0 | stalls_detected=0[0m
[33m/home/cvazquezperezdelacru/clio-core/context-runtime/src/scheduler/default_sched.cc:439 WARNING 3803126 LoadBalance [#785] lane rescues performed: 0[0m
[97m/home/cvazquezperezdelacru/clio-core/context-runtime/src/ipc_manager.cc:2447 INFO 3803127 IncreaseClientShm IpcManager::IncreaseClientShm: Creating clio_3803098_68 with size 140593512 (107039080 + 33554432 overhead)[0m
[97m/home/cvazquezperezdelacru/clio-core/context-runtime/src/ipc_manager.cc:2492 INFO 3803127 IncreaseClientShm IpcManager::IncreaseClientShm: Created allocator clio_3803098_68 with ID (3803098.68)[0m
[33m/home/cvazquezperezdelacru/clio-core/context-runtime/src/scheduler/default_sched.cc:430 WARNING 3803126 LoadBalance [#781 PDF] observed exec-time bins (cumulative): <10us=3272327 <50us=66568 <500us=7762 <10ms=8208 <50ms=521 <500ms=196 <1s=0 >=1s=0 | stalls_detected=0[0m
[33m/home/cvazquezperezdelacru/clio-core/context-runtime/src/scheduler/default_sched.cc:439 WARNING 3803126 LoadBalance [#785] lane rescues performed: 0[0m
[97m/home/cvazquezperezdelacru/clio-core/context-runtime/src/ipc_manager.cc:2447 INFO 3803127 IncreaseClientShm IpcManager::IncreaseClientShm: Creating clio_3803098_69 with size 126817408 (93262976 + 33554432 overhead)[0m
[97m/home/cvazquezperezdelacru/clio-core/context-runtime/src/ipc_manager.cc:2492 INFO 3803127 IncreaseClientShm IpcManager::IncreaseClientShm: Created allocator clio_3803098_69 with ID (3803098.69)[0m
[33m/home/cvazquezperezdelacru/clio-core/context-runtime/src/scheduler/default_sched.cc:430 WARNING 3803126 LoadBalance [#781 PDF] observed exec-time bins (cumulative): <10us=3336614 <50us=69509 <500us=7884 <10ms=8394 <50ms=550 <500ms=196 <1s=0 >=1s=0 | stalls_detected=0[0m
[33m/home/cvazquezperezdelacru/clio-core/context-runtime/src/scheduler/default_sched.cc:439 WARNING 3803126 LoadBalance [#785] lane rescues performed: 0[0m
[97m/home/cvazquezperezdelacru/clio-core/context-runtime/src/ipc_manager.cc:2447 INFO 3803127 IncreaseClientShm IpcManager::IncreaseClientShm: Creating clio_3803098_70 with size 129625408 (96070976 + 33554432 overhead)[0m
[97m/home/cvazquezperezdelacru/clio-core/context-runtime/src/ipc_manager.cc:2492 INFO 3803127 IncreaseClientShm IpcManager::IncreaseClientShm: Created allocator clio_3803098_70 with ID (3803098.70)[0m
[33m/home/cvazquezperezdelacru/clio-core/context-runtime/src/scheduler/default_sched.cc:430 WARNING 3803126 LoadBalance [#781 PDF] observed exec-time bins (cumulative): <10us=3403971 <50us=70178 <500us=8004 <10ms=8599 <50ms=573 <500ms=196 <1s=0 >=1s=0 | stalls_detected=0[0m
[33m/home/cvazquezperezdelacru/clio-core/context-runtime/src/scheduler/default_sched.cc:439 WARNING 3803126 LoadBalance [#785] lane rescues performed: 0[0m
[97m/home/cvazquezperezdelacru/clio-core/context-runtime/src/ipc_manager.cc:2447 INFO 3803127 IncreaseClientShm IpcManager::IncreaseClientShm: Creating clio_3803098_71 with size 130714816 (97160384 + 33554432 overhead)[0m
[97m/home/cvazquezperezdelacru/clio-core/context-runtime/src/ipc_manager.cc:2492 INFO 3803127 IncreaseClientShm IpcManager::IncreaseClientShm: Created allocator clio_3803098_71 with ID (3803098.71)[0m
[33m/home/cvazquezperezdelacru/clio-core/context-runtime/src/scheduler/default_sched.cc:430 WARNING 3803126 LoadBalance [#781 PDF] observed exec-time bins (cumulative): <10us=3471611 <50us=70421 <500us=8122 <10ms=8788 <50ms=600 <500ms=196 <1s=0 >=1s=0 | stalls_detected=0[0m
[33m/home/cvazquezperezdelacru/clio-core/context-runtime/src/scheduler/default_sched.cc:439 WARNING 3803126 LoadBalance [#785] lane rescues performed: 0[0m
[97m/home/cvazquezperezdelacru/clio-core/context-runtime/src/ipc_manager.cc:2447 INFO 3803127 IncreaseClientShm IpcManager::IncreaseClientShm: Creating clio_3803098_72 with size 134651216 (101096784 + 33554432 overhead)[0m
[97m/home/cvazquezperezdelacru/clio-core/context-runtime/src/ipc_manager.cc:2492 INFO 3803127 IncreaseClientShm IpcManager::IncreaseClientShm: Created allocator clio_3803098_72 with ID (3803098.72)[0m
[33m/home/cvazquezperezdelacru/clio-core/context-runtime/src/scheduler/default_sched.cc:430 WARNING 3803126 LoadBalance [#781 PDF] observed exec-time bins (cumulative): <10us=3539385 <50us=70644 <500us=8248 <10ms=9008 <50ms=621 <500ms=196 <1s=0 >=1s=0 | stalls_detected=0[0m
[33m/home/cvazquezperezdelacru/clio-core/context-runtime/src/scheduler/default_sched.cc:439 WARNING 3803126 LoadBalance [#785] lane rescues performed: 0[0m
[97m/home/cvazquezperezdelacru/clio-core/context-runtime/src/ipc_manager.cc:2447 INFO 3803127 IncreaseClientShm IpcManager::IncreaseClientShm: Creating clio_3803098_73 with size 130580912 (97026480 + 33554432 overhead)[0m
[97m/home/cvazquezperezdelacru/clio-core/context-runtime/src/ipc_manager.cc:2492 INFO 3803127 IncreaseClientShm IpcManager::IncreaseClientShm: Created allocator clio_3803098_73 with ID (3803098.73)[0m
[33m/home/cvazquezperezdelacru/clio-core/context-runtime/src/scheduler/default_sched.cc:430 WARNING 3803126 LoadBalance [#781 PDF] observed exec-time bins (cumulative): <10us=3605449 <50us=71770 <500us=8367 <10ms=9191 <50ms=653 <500ms=196 <1s=0 >=1s=0 | stalls_detected=0[0m
[33m/home/cvazquezperezdelacru/clio-core/context-runtime/src/scheduler/default_sched.cc:439 WARNING 3803126 LoadBalance [#785] lane rescues performed: 0[0m
[97m/home/cvazquezperezdelacru/clio-core/context-runtime/src/ipc_manager.cc:2447 INFO 3803127 IncreaseClientShm IpcManager::IncreaseClientShm: Creating clio_3803098_74 with size 132338512 (98784080 + 33554432 overhead)[0m
[97m/home/cvazquezperezdelacru/clio-core/context-runtime/src/ipc_manager.cc:2492 INFO 3803127 IncreaseClientShm IpcManager::IncreaseClientShm: Created allocator clio_3803098_74 with ID (3803098.74)[0m
[33m/home/cvazquezperezdelacru/clio-core/context-runtime/src/scheduler/default_sched.cc:430 WARNING 3803126 LoadBalance [#781 PDF] observed exec-time bins (cumulative): <10us=3672270 <50us=72537 <500us=8480 <10ms=9385 <50ms=682 <500ms=196 <1s=0 >=1s=0 | stalls_detected=0[0m
[33m/home/cvazquezperezdelacru/clio-core/context-runtime/src/scheduler/default_sched.cc:439 WARNING 3803126 LoadBalance [#785] lane rescues performed: 0[0m
[97m/home/cvazquezperezdelacru/clio-core/context-runtime/src/ipc_manager.cc:2447 INFO 3803127 IncreaseClientShm IpcManager::IncreaseClientShm: Creating clio_3803098_75 with size 127492112 (93937680 + 33554432 overhead)[0m
[97m/home/cvazquezperezdelacru/clio-core/context-runtime/src/ipc_manager.cc:2492 INFO 3803127 IncreaseClientShm IpcManager::IncreaseClientShm: Created allocator clio_3803098_75 with ID (3803098.75)[0m
[97m/home/cvazquezperezdelacru/clio-core/context-runtime/src/ipc_manager.cc:2447 INFO 3803127 IncreaseClientShm IpcManager::IncreaseClientShm: Creating clio_3803098_76 with size 132905312 (99350880 + 33554432 overhead)[0m
[97m/home/cvazquezperezdelacru/clio-core/context-runtime/src/ipc_manager.cc:2492 INFO 3803127 IncreaseClientShm IpcManager::IncreaseClientShm: Created allocator clio_3803098_76 with ID (3803098.76)[0m
[33m/home/cvazquezperezdelacru/clio-core/context-runtime/src/scheduler/default_sched.cc:430 WARNING 3803126 LoadBalance [#781 PDF] observed exec-time bins (cumulative): <10us=3740385 <50us=72818 <500us=8604 <10ms=9590 <50ms=705 <500ms=196 <1s=0 >=1s=0 | stalls_detected=0[0m
[33m/home/cvazquezperezdelacru/clio-core/context-runtime/src/scheduler/default_sched.cc:439 WARNING 3803126 LoadBalance [#785] lane rescues performed: 0[0m
[97m/home/cvazquezperezdelacru/clio-core/context-runtime/src/ipc_manager.cc:2447 INFO 3803127 IncreaseClientShm IpcManager::IncreaseClientShm: Creating clio_3803098_77 with size 131581912 (98027480 + 33554432 overhead)[0m
[97m/home/cvazquezperezdelacru/clio-core/context-runtime/src/ipc_manager.cc:2492 INFO 3803127 IncreaseClientShm IpcManager::IncreaseClientShm: Created allocator clio_3803098_77 with ID (3803098.77)[0m
[33m/home/cvazquezperezdelacru/clio-core/context-runtime/src/scheduler/default_sched.cc:430 WARNING 3803126 LoadBalance [#781 PDF] observed exec-time bins (cumulative): <10us=3808541 <50us=73061 <500us=8718 <10ms=9769 <50ms=730 <500ms=196 <1s=0 >=1s=0 | stalls_detected=0[0m
[33m/home/cvazquezperezdelacru/clio-core/context-runtime/src/scheduler/default_sched.cc:439 WARNING 3803126 LoadBalance [#785] lane rescues performed: 0[0m
[97m/home/cvazquezperezdelacru/clio-core/context-runtime/src/ipc_manager.cc:2447 INFO 3803127 IncreaseClientShm IpcManager::IncreaseClientShm: Creating clio_3803098_78 with size 126740712 (93186280 + 33554432 overhead)[0m
[97m/home/cvazquezperezdelacru/clio-core/context-runtime/src/ipc_manager.cc:2492 INFO 3803127 IncreaseClientShm IpcManager::IncreaseClientShm: Created allocator clio_3803098_78 with ID (3803098.78)[0m
[33m/home/cvazquezperezdelacru/clio-core/context-runtime/src/scheduler/default_sched.cc:430 WARNING 3803126 LoadBalance [#781 PDF] observed exec-time bins (cumulative): <10us=3875763 <50us=73824 <500us=8842 <10ms=9974 <50ms=758 <500ms=196 <1s=0 >=1s=0 | stalls_detected=0[0m
[33m/home/cvazquezperezdelacru/clio-core/context-runtime/src/scheduler/default_sched.cc:439 WARNING 3803126 LoadBalance [#785] lane rescues performed: 0[0m
[97m/home/cvazquezperezdelacru/clio-core/context-runtime/src/ipc_manager.cc:2447 INFO 3803127 IncreaseClientShm IpcManager::IncreaseClientShm: Creating clio_3803098_79 with size 128338416 (94783984 + 33554432 overhead)[0m
[97m/home/cvazquezperezdelacru/clio-core/context-runtime/src/ipc_manager.cc:2492 INFO 3803127 IncreaseClientShm IpcManager::IncreaseClientShm: Created allocator clio_3803098_79 with ID (3803098.79)[0m
[33m/home/cvazquezperezdelacru/clio-core/context-runtime/src/scheduler/default_sched.cc:430 WARNING 3803126 LoadBalance [#781 PDF] observed exec-time bins (cumulative): <10us=3942782 <50us=74590 <500us=8972 <10ms=10202 <50ms=776 <500ms=196 <1s=0 >=1s=0 | stalls_detected=0[0m
[33m/home/cvazquezperezdelacru/clio-core/context-runtime/src/scheduler/default_sched.cc:439 WARNING 3803126 LoadBalance [#785] lane rescues performed: 0[0m
[97m/home/cvazquezperezdelacru/clio-core/context-runtime/src/ipc_manager.cc:2447 INFO 3803127 IncreaseClientShm IpcManager::IncreaseClientShm: Creating clio_3803098_80 with size 127003312 (93448880 + 33554432 overhead)[0m
[97m/home/cvazquezperezdelacru/clio-core/context-runtime/src/ipc_manager.cc:2492 INFO 3803127 IncreaseClientShm IpcManager::IncreaseClientShm: Created allocator clio_3803098_80 with ID (3803098.80)[0m
[33m/home/cvazquezperezdelacru/clio-core/context-runtime/src/scheduler/default_sched.cc:430 WARNING 3803126 LoadBalance [#781 PDF] observed exec-time bins (cumulative): <10us=4010141 <50us=75036 <500us=9108 <10ms=10407 <50ms=798 <500ms=196 <1s=0 >=1s=0 | stalls_detected=0[0m
[33m/home/cvazquezperezdelacru/clio-core/context-runtime/src/scheduler/default_sched.cc:439 WARNING 3803126 LoadBalance [#785] lane rescues performed: 0[0m
[97m/home/cvazquezperezdelacru/clio-core/context-runtime/src/ipc_manager.cc:2447 INFO 3803127 IncreaseClientShm IpcManager::IncreaseClientShm: Creating clio_3803098_81 with size 127548016 (93993584 + 33554432 overhead)[0m
[97m/home/cvazquezperezdelacru/clio-core/context-runtime/src/ipc_manager.cc:2492 INFO 3803127 IncreaseClientShm IpcManager::IncreaseClientShm: Created allocator clio_3803098_81 with ID (3803098.81)[0m
[33m/home/cvazquezperezdelacru/clio-core/context-runtime/src/scheduler/default_sched.cc:430 WARNING 3803126 LoadBalance [#781 PDF] observed exec-time bins (cumulative): <10us=4077742 <50us=75574 <500us=9222 <10ms=10599 <50ms=824 <500ms=196 <1s=0 >=1s=0 | stalls_detected=0[0m
[33m/home/cvazquezperezdelacru/clio-core/context-runtime/src/scheduler/default_sched.cc:439 WARNING 3803126 LoadBalance [#785] lane rescues performed: 0[0m
[97m/home/cvazquezperezdelacru/clio-core/context-runtime/src/ipc_manager.cc:2447 INFO 3803127 IncreaseClientShm IpcManager::IncreaseClientShm: Creating clio_3803098_82 with size 127043616 (93489184 + 33554432 overhead)[0m
[97m/home/cvazquezperezdelacru/clio-core/context-runtime/src/ipc_manager.cc:2492 INFO 3803127 IncreaseClientShm IpcManager::IncreaseClientShm: Created allocator clio_3803098_82 with ID (3803098.82)[0m
[33m/home/cvazquezperezdelacru/clio-core/context-runtime/src/scheduler/default_sched.cc:430 WARNING 3803126 LoadBalance [#781 PDF] observed exec-time bins (cumulative): <10us=4145234 <50us=75869 <500us=9333 <10ms=10792 <50ms=851 <500ms=196 <1s=0 >=1s=0 | stalls_detected=0[0m
[33m/home/cvazquezperezdelacru/clio-core/context-runtime/src/scheduler/default_sched.cc:439 WARNING 3803126 LoadBalance [#785] lane rescues performed: 0[0m
[97m/home/cvazquezperezdelacru/clio-core/context-runtime/src/ipc_manager.cc:2447 INFO 3803127 IncreaseClientShm IpcManager::IncreaseClientShm: Creating clio_3803098_83 with size 147874816 (114320384 + 33554432 overhead)[0m
[97m/home/cvazquezperezdelacru/clio-core/context-runtime/src/ipc_manager.cc:2492 INFO 3803127 IncreaseClientShm IpcManager::IncreaseClientShm: Created allocator clio_3803098_83 with ID (3803098.83)[0m
[33m/home/cvazquezperezdelacru/clio-core/context-runtime/src/scheduler/default_sched.cc:430 WARNING 3803126 LoadBalance [#781 PDF] observed exec-time bins (cumulative): <10us=4212946 <50us=76074 <500us=9452 <10ms=10976 <50ms=879 <500ms=196 <1s=0 >=1s=0 | stalls_detected=0[0m
[33m/home/cvazquezperezdelacru/clio-core/context-runtime/src/scheduler/default_sched.cc:439 WARNING 3803126 LoadBalance [#785] lane rescues performed: 0[0m
[97m/home/cvazquezperezdelacru/clio-core/context-runtime/src/ipc_manager.cc:2447 INFO 3803127 IncreaseClientShm IpcManager::IncreaseClientShm: Creating clio_3803098_84 with size 127367312 (93812880 + 33554432 overhead)[0m
[97m/home/cvazquezperezdelacru/clio-core/context-runtime/src/ipc_manager.cc:2492 INFO 3803127 IncreaseClientShm IpcManager::IncreaseClientShm: Created allocator clio_3803098_84 with ID (3803098.84)[0m
[33m/home/cvazquezperezdelacru/clio-core/context-runtime/src/scheduler/default_sched.cc:430 WARNING 3803126 LoadBalance [#781 PDF] observed exec-time bins (cumulative): <10us=4278234 <50us=78123 <500us=9574 <10ms=11159 <50ms=908 <500ms=196 <1s=0 >=1s=0 | stalls_detected=0[0m
[33m/home/cvazquezperezdelacru/clio-core/context-runtime/src/scheduler/default_sched.cc:439 WARNING 3803126 LoadBalance [#785] lane rescues performed: 0[0m
[97m/home/cvazquezperezdelacru/clio-core/context-runtime/src/ipc_manager.cc:2447 INFO 3803127 IncreaseClientShm IpcManager::IncreaseClientShm: Creating clio_3803098_85 with size 127878208 (94323776 + 33554432 overhead)[0m
[97m/home/cvazquezperezdelacru/clio-core/context-runtime/src/ipc_manager.cc:2492 INFO 3803127 IncreaseClientShm IpcManager::IncreaseClientShm: Created allocator clio_3803098_85 with ID (3803098.85)[0m
[97m/home/cvazquezperezdelacru/clio-core/context-runtime/src/ipc_manager.cc:2447 INFO 3803127 IncreaseClientShm IpcManager::IncreaseClientShm: Creating clio_3803098_86 with size 134306712 (100752280 + 33554432 overhead)[0m
[97m/home/cvazquezperezdelacru/clio-core/context-runtime/src/ipc_manager.cc:2492 INFO 3803127 IncreaseClientShm IpcManager::IncreaseClientShm: Created allocator clio_3803098_86 with ID (3803098.86)[0m
[33m/home/cvazquezperezdelacru/clio-core/context-runtime/src/scheduler/default_sched.cc:430 WARNING 3803126 LoadBalance [#781 PDF] observed exec-time bins (cumulative): <10us=4344809 <50us=78982 <500us=9695 <10ms=11330 <50ms=939 <500ms=196 <1s=0 >=1s=0 | stalls_detected=0[0m
[33m/home/cvazquezperezdelacru/clio-core/context-runtime/src/scheduler/default_sched.cc:439 WARNING 3803126 LoadBalance [#785] lane rescues performed: 0[0m
[97m/home/cvazquezperezdelacru/clio-core/context-runtime/src/ipc_manager.cc:2447 INFO 3803127 IncreaseClientShm IpcManager::IncreaseClientShm: Creating clio_3803098_87 with size 131815912 (98261480 + 33554432 overhead)[0m
[97m/home/cvazquezperezdelacru/clio-core/context-runtime/src/ipc_manager.cc:2492 INFO 3803127 IncreaseClientShm IpcManager::IncreaseClientShm: Created allocator clio_3803098_87 with ID (3803098.87)[0m
[33m/home/cvazquezperezdelacru/clio-core/context-runtime/src/scheduler/default_sched.cc:430 WARNING 3803126 LoadBalance [#781 PDF] observed exec-time bins (cumulative): <10us=4411751 <50us=79797 <500us=9810 <10ms=11503 <50ms=971 <500ms=196 <1s=0 >=1s=0 | stalls_detected=0[0m
[33m/home/cvazquezperezdelacru/clio-core/context-runtime/src/scheduler/default_sched.cc:439 WARNING 3803126 LoadBalance [#785] lane rescues performed: 0[0m
[33m/home/cvazquezperezdelacru/clio-core/context-runtime/src/scheduler/default_sched.cc:430 WARNING 3803126 LoadBalance [#781 PDF] observed exec-time bins (cumulative): <10us=4478939 <50us=80132 <500us=9852 <10ms=11557 <50ms=982 <500ms=196 <1s=0 >=1s=0 | stalls_detected=0[0m
[33m/home/cvazquezperezdelacru/clio-core/context-runtime/src/scheduler/default_sched.cc:439 WARNING 3803126 LoadBalance [#785] lane rescues performed: 0[0m
[97m/home/cvazquezperezdelacru/clio-core/context-runtime/src/pool_manager.cc:534 INFO 3803118 CreatePool PoolManager: Creating pool 'clio_cte_core' with 2 containers (one per node)[0m
[97m/home/cvazquezperezdelacru/clio-core/context-runtime/src/pool_manager.cc:575 INFO 3803118 CreatePool PoolManager: Pool PoolId(major:512, minor:0) already exists by ID, returning existing pool[0m
[97m/mnt/common/cvazquezperezdelacru/IOWARP/faiss/contrib/iowarp/chimod/src/faiss_ivf_runtime.cc:258 INFO 3803118 OpenIndex faiss_ivf: opened '/mnt/common/cvazquezperezdelacru/faiss/slurm_bench/work/ondisk_nb50M.index' (d=128, nlist=8192, ntotal=50000000, tag='faiss_ivf::ondisk_nb50M')[0m
[97m/home/cvazquezperezdelacru/clio-core/context-runtime/src/ipc_manager.cc:2447 INFO 3803127 IncreaseClientShm IpcManager::IncreaseClientShm: Creating clio_3803098_88 with size 129574712 (96020280 + 33554432 overhead)[0m
[97m/home/cvazquezperezdelacru/clio-core/context-runtime/src/ipc_manager.cc:2492 INFO 3803127 IncreaseClientShm IpcManager::IncreaseClientShm: Created allocator clio_3803098_88 with ID (3803098.88)[0m
[31m/home/cvazquezperezdelacru/clio-core/context-runtime/src/scheduler/default_sched.cc:726 ERROR 3803126 LoadBalance [HANGWATCH-HB] processed=21071 outstanding=9 (queued=9 blocked=0 retry=0 periodic=5) live=4 live_stalled=0[0m
[97m/mnt/common/cvazquezperezdelacru/IOWARP/faiss/contrib/iowarp/chimod/src/faiss_ivf_runtime.cc:329 INFO 3803118 Search faiss_ivf: Search nq=250 k=10 nprobe=128 unique_lists=7900[0m
[97m/home/cvazquezperezdelacru/clio-core/context-runtime/src/ipc_manager.cc:2447 INFO 3803118 IncreaseClientShm IpcManager::IncreaseClientShm: Creating clio_3803098_89 with size 160400312 (126845880 + 33554432 overhead)[0m
[97m/home/cvazquezperezdelacru/clio-core/context-runtime/src/ipc_manager.cc:2492 INFO 3803118 IncreaseClientShm IpcManager::IncreaseClientShm: Created allocator clio_3803098_89 with ID (3803098.89)[0m
[97m/home/cvazquezperezdelacru/clio-core/context-runtime/src/ipc_manager.cc:2447 INFO 3803118 IncreaseClientShm IpcManager::IncreaseClientShm: Creating clio_3803098_90 with size 160400312 (126845880 + 33554432 overhead)[0m
[97m/home/cvazquezperezdelacru/clio-core/context-runtime/src/ipc_manager.cc:2492 INFO 3803118 IncreaseClientShm IpcManager::IncreaseClientShm: Created allocator clio_3803098_90 with ID (3803098.90)[0m
[97m/home/cvazquezperezdelacru/clio-core/context-runtime/src/ipc_manager.cc:2447 INFO 3803118 IncreaseClientShm IpcManager::IncreaseClientShm: Creating clio_3803098_91 with size 160400312 (126845880 + 33554432 overhead)[0m
[97m/home/cvazquezperezdelacru/clio-core/context-runtime/src/ipc_manager.cc:2492 INFO 3803118 IncreaseClientShm IpcManager::IncreaseClientShm: Created allocator clio_3803098_91 with ID (3803098.91)[0m
[97m/home/cvazquezperezdelacru/clio-core/context-runtime/src/ipc_manager.cc:2447 INFO 3803118 IncreaseClientShm IpcManager::IncreaseClientShm: Creating clio_3803098_92 with size 160400312 (126845880 + 33554432 overhead)[0m
[97m/home/cvazquezperezdelacru/clio-core/context-runtime/src/ipc_manager.cc:2492 INFO 3803118 IncreaseClientShm IpcManager::IncreaseClientShm: Created allocator clio_3803098_92 with ID (3803098.92)[0m
[97m/home/cvazquezperezdelacru/clio-core/context-runtime/src/ipc_manager.cc:2447 INFO 3803118 IncreaseClientShm IpcManager::IncreaseClientShm: Creating clio_3803098_93 with size 160400312 (126845880 + 33554432 overhead)[0m
[97m/home/cvazquezperezdelacru/clio-core/context-runtime/src/ipc_manager.cc:2492 INFO 3803118 IncreaseClientShm IpcManager::IncreaseClientShm: Created allocator clio_3803098_93 with ID (3803098.93)[0m
[97m/home/cvazquezperezdelacru/clio-core/context-runtime/src/ipc_manager.cc:2447 INFO 3803118 IncreaseClientShm IpcManager::IncreaseClientShm: Creating clio_3803098_94 with size 160400312 (126845880 + 33554432 overhead)[0m
[97m/home/cvazquezperezdelacru/clio-core/context-runtime/src/ipc_manager.cc:2492 INFO 3803118 IncreaseClientShm IpcManager::IncreaseClientShm: Created allocator clio_3803098_94 with ID (3803098.94)[0m
[97m/home/cvazquezperezdelacru/clio-core/context-runtime/src/ipc_manager.cc:2447 INFO 3803118 IncreaseClientShm IpcManager::IncreaseClientShm: Creating clio_3803098_95 with size 160400312 (126845880 + 33554432 overhead)[0m
[97m/home/cvazquezperezdelacru/clio-core/context-runtime/src/ipc_manager.cc:2492 INFO 3803118 IncreaseClientShm IpcManager::IncreaseClientShm: Created allocator clio_3803098_95 with ID (3803098.95)[0m
[97m/home/cvazquezperezdelacru/clio-core/context-runtime/src/ipc_manager.cc:2447 INFO 3803118 IncreaseClientShm IpcManager::IncreaseClientShm: Creating clio_3803098_96 with size 160400312 (126845880 + 33554432 overhead)[0m
[97m/home/cvazquezperezdelacru/clio-core/context-runtime/src/ipc_manager.cc:2492 INFO 3803118 IncreaseClientShm IpcManager::IncreaseClientShm: Created allocator clio_3803098_96 with ID (3803098.96)[0m
[33m/home/cvazquezperezdelacru/clio-core/context-runtime/src/scheduler/default_sched.cc:430 WARNING 3803126 LoadBalance [#781 PDF] observed exec-time bins (cumulative): <10us=4546534 <50us=80827 <500us=9947 <10ms=11650 <50ms=1022 <500ms=197 <1s=0 >=1s=0 | stalls_detected=0[0m
[33m/home/cvazquezperezdelacru/clio-core/context-runtime/src/scheduler/default_sched.cc:439 WARNING 3803126 LoadBalance [#785] lane rescues performed: 0[0m
[97m/home/cvazquezperezdelacru/clio-core/context-runtime/src/ipc_manager.cc:2447 INFO 3803127 IncreaseClientShm IpcManager::IncreaseClientShm: Creating clio_3803098_97 with size 135050312 (101495880 + 33554432 overhead)[0m
[97m/home/cvazquezperezdelacru/clio-core/context-runtime/src/ipc_manager.cc:2492 INFO 3803127 IncreaseClientShm IpcManager::IncreaseClientShm: Created allocator clio_3803098_97 with ID (3803098.97)[0m
[33m/home/cvazquezperezdelacru/clio-core/context-runtime/src/scheduler/default_sched.cc:430 WARNING 3803126 LoadBalance [#781 PDF] observed exec-time bins (cumulative): <10us=4624185 <50us=81823 <500us=10203 <10ms=11891 <50ms=1053 <500ms=197 <1s=0 >=1s=0 | stalls_detected=0[0m
[33m/home/cvazquezperezdelacru/clio-core/context-runtime/src/scheduler/default_sched.cc:439 WARNING 3803126 LoadBalance [#785] lane rescues performed: 0[0m
[97m/home/cvazquezperezdelacru/clio-core/context-runtime/src/ipc_manager.cc:2447 INFO 3803127 IncreaseClientShm IpcManager::IncreaseClientShm: Creating clio_3803098_98 with size 132566016 (99011584 + 33554432 overhead)[0m
[97m/home/cvazquezperezdelacru/clio-core/context-runtime/src/ipc_manager.cc:2492 INFO 3803127 IncreaseClientShm IpcManager::IncreaseClientShm: Created allocator clio_3803098_98 with ID (3803098.98)[0m
[97m/home/cvazquezperezdelacru/clio-core/context-runtime/src/ipc_manager.cc:2447 INFO 3803127 IncreaseClientShm IpcManager::IncreaseClientShm: Creating clio_3803098_99 with size 132499712 (98945280 + 33554432 overhead)[0m
[97m/home/cvazquezperezdelacru/clio-core/context-runtime/src/ipc_manager.cc:2492 INFO 3803127 IncreaseClientShm IpcManager::IncreaseClientShm: Created allocator clio_3803098_99 with ID (3803098.99)[0m
[33m/home/cvazquezperezdelacru/clio-core/context-runtime/src/scheduler/default_sched.cc:430 WARNING 3803126 LoadBalance [#781 PDF] observed exec-time bins (cumulative): <10us=4701338 <50us=83168 <500us=10436 <10ms=12128 <50ms=1078 <500ms=197 <1s=0 >=1s=0 | stalls_detected=0[0m
[33m/home/cvazquezperezdelacru/clio-core/context-runtime/src/scheduler/default_sched.cc:439 WARNING 3803126 LoadBalance [#785] lane rescues performed: 0[0m
[97m/home/cvazquezperezdelacru/clio-core/context-runtime/src/ipc_manager.cc:2447 INFO 3803127 IncreaseClientShm IpcManager::IncreaseClientShm: Creating clio_3803098_100 with size 133096416 (99541984 + 33554432 overhead)[0m
[97m/home/cvazquezperezdelacru/clio-core/context-runtime/src/ipc_manager.cc:2492 INFO 3803127 IncreaseClientShm IpcManager::IncreaseClientShm: Created allocator clio_3803098_100 with ID (3803098.100)[0m
[33m/home/cvazquezperezdelacru/clio-core/context-runtime/src/scheduler/default_sched.cc:430 WARNING 3803126 LoadBalance [#781 PDF] observed exec-time bins (cumulative): <10us=4780256 <50us=84296 <500us=10639 <10ms=12383 <50ms=1118 <500ms=197 <1s=0 >=1s=0 | stalls_detected=0[0m
[33m/home/cvazquezperezdelacru/clio-core/context-runtime/src/scheduler/default_sched.cc:439 WARNING 3803126 LoadBalance [#785] lane rescues performed: 0[0m
[97m/home/cvazquezperezdelacru/clio-core/context-runtime/src/ipc_manager.cc:2447 INFO 3803127 IncreaseClientShm IpcManager::IncreaseClientShm: Creating clio_3803098_101 with size 132347616 (98793184 + 33554432 overhead)[0m
[97m/home/cvazquezperezdelacru/clio-core/context-runtime/src/ipc_manager.cc:2492 INFO 3803127 IncreaseClientShm IpcManager::IncreaseClientShm: Created allocator clio_3803098_101 with ID (3803098.101)[0m
[97m/home/cvazquezperezdelacru/clio-core/context-runtime/src/ipc_manager.cc:2447 INFO 3803127 IncreaseClientShm IpcManager::IncreaseClientShm: Creating clio_3803098_102 with size 134427616 (100873184 + 33554432 overhead)[0m
[97m/home/cvazquezperezdelacru/clio-core/context-runtime/src/ipc_manager.cc:2492 INFO 3803127 IncreaseClientShm IpcManager::IncreaseClientShm: Created allocator clio_3803098_102 with ID (3803098.102)[0m
[33m/home/cvazquezperezdelacru/clio-core/context-runtime/src/scheduler/default_sched.cc:430 WARNING 3803126 LoadBalance [#781 PDF] observed exec-time bins (cumulative): <10us=4862937 <50us=84984 <500us=10786 <10ms=12654 <50ms=1161 <500ms=197 <1s=0 >=1s=0 | stalls_detected=0[0m
[33m/home/cvazquezperezdelacru/clio-core/context-runtime/src/scheduler/default_sched.cc:439 WARNING 3803126 LoadBalance [#785] lane rescues performed: 0[0m
[97m/home/cvazquezperezdelacru/clio-core/context-runtime/src/ipc_manager.cc:2447 INFO 3803127 IncreaseClientShm IpcManager::IncreaseClientShm: Creating clio_3803098_103 with size 134161112 (100606680 + 33554432 overhead)[0m
[97m/home/cvazquezperezdelacru/clio-core/context-runtime/src/ipc_manager.cc:2492 INFO 3803127 IncreaseClientShm IpcManager::IncreaseClientShm: Created allocator clio_3803098_103 with ID (3803098.103)[0m
[97m/home/cvazquezperezdelacru/clio-core/context-runtime/src/ipc_manager.cc:2447 INFO 3803127 IncreaseClientShm IpcManager::IncreaseClientShm: Creating clio_3803098_104 with size 139790112 (106235680 + 33554432 overhead)[0m
[97m/home/cvazquezperezdelacru/clio-core/context-runtime/src/ipc_manager.cc:2492 INFO 3803127 IncreaseClientShm IpcManager::IncreaseClientShm: Created allocator clio_3803098_104 with ID (3803098.104)[0m
[33m/home/cvazquezperezdelacru/clio-core/context-runtime/src/scheduler/default_sched.cc:430 WARNING 3803126 LoadBalance [#781 PDF] observed exec-time bins (cumulative): <10us=4945870 <50us=85433 <500us=10958 <10ms=12936 <50ms=1186 <500ms=197 <1s=0 >=1s=0 | stalls_detected=0[0m
[33m/home/cvazquezperezdelacru/clio-core/context-runtime/src/scheduler/default_sched.cc:439 WARNING 3803126 LoadBalance [#785] lane rescues performed: 0[0m
[97m/home/cvazquezperezdelacru/clio-core/context-runtime/src/ipc_manager.cc:2447 INFO 3803127 IncreaseClientShm IpcManager::IncreaseClientShm: Creating clio_3803098_105 with size 133067808 (99513376 + 33554432 overhead)[0m
[97m/home/cvazquezperezdelacru/clio-core/context-runtime/src/ipc_manager.cc:2492 INFO 3803127 IncreaseClientShm IpcManager::IncreaseClientShm: Created allocator clio_3803098_105 with ID (3803098.105)[0m
[33m/home/cvazquezperezdelacru/clio-core/context-runtime/src/scheduler/default_sched.cc:430 WARNING 3803126 LoadBalance [#781 PDF] observed exec-time bins (cumulative): <10us=5022728 <50us=87027 <500us=11130 <10ms=13243 <50ms=1218 <500ms=197 <1s=0 >=1s=0 | stalls_detected=0[0m
[33m/home/cvazquezperezdelacru/clio-core/context-runtime/src/scheduler/default_sched.cc:439 WARNING 3803126 LoadBalance [#785] lane rescues performed: 0[0m
[97m/home/cvazquezperezdelacru/clio-core/context-runtime/src/ipc_manager.cc:2447 INFO 3803127 IncreaseClientShm IpcManager::IncreaseClientShm: Creating clio_3803098_106 with size 131724912 (98170480 + 33554432 overhead)[0m
[97m/home/cvazquezperezdelacru/clio-core/context-runtime/src/ipc_manager.cc:2492 INFO 3803127 IncreaseClientShm IpcManager::IncreaseClientShm: Created allocator clio_3803098_106 with ID (3803098.106)[0m
[97m/home/cvazquezperezdelacru/clio-core/context-runtime/src/ipc_manager.cc:2447 INFO 3803127 IncreaseClientShm IpcManager::IncreaseClientShm: Creating clio_3803098_107 with size 129179512 (95625080 + 33554432 overhead)[0m
[97m/home/cvazquezperezdelacru/clio-core/context-runtime/src/ipc_manager.cc:2492 INFO 3803127 IncreaseClientShm IpcManager::IncreaseClientShm: Created allocator clio_3803098_107 with ID (3803098.107)[0m
[33m/home/cvazquezperezdelacru/clio-core/context-runtime/src/scheduler/default_sched.cc:430 WARNING 3803126 LoadBalance [#781 PDF] observed exec-time bins (cumulative): <10us=5100174 <50us=87689 <500us=11305 <10ms=13524 <50ms=1253 <500ms=197 <1s=0 >=1s=0 | stalls_detected=0[0m
[33m/home/cvazquezperezdelacru/clio-core/context-runtime/src/scheduler/default_sched.cc:439 WARNING 3803126 LoadBalance [#785] lane rescues performed: 0[0m
[97m/home/cvazquezperezdelacru/clio-core/context-runtime/src/ipc_manager.cc:2447 INFO 3803127 IncreaseClientShm IpcManager::IncreaseClientShm: Creating clio_3803098_108 with size 141312416 (107757984 + 33554432 overhead)[0m
[97m/home/cvazquezperezdelacru/clio-core/context-runtime/src/ipc_manager.cc:2492 INFO 3803127 IncreaseClientShm IpcManager::IncreaseClientShm: Created allocator clio_3803098_108 with ID (3803098.108)[0m
[97m/home/cvazquezperezdelacru/clio-core/context-runtime/src/ipc_manager.cc:2447 INFO 3803127 IncreaseClientShm IpcManager::IncreaseClientShm: Creating clio_3803098_109 with size 133084712 (99530280 + 33554432 overhead)[0m
[97m/home/cvazquezperezdelacru/clio-core/context-runtime/src/ipc_manager.cc:2492 INFO 3803127 IncreaseClientShm IpcManager::IncreaseClientShm: Created allocator clio_3803098_109 with ID (3803098.109)[0m
[33m/home/cvazquezperezdelacru/clio-core/context-runtime/src/scheduler/default_sched.cc:430 WARNING 3803126 LoadBalance [#781 PDF] observed exec-time bins (cumulative): <10us=5182680 <50us=88425 <500us=11457 <10ms=13816 <50ms=1292 <500ms=197 <1s=0 >=1s=0 | stalls_detected=0[0m
[33m/home/cvazquezperezdelacru/clio-core/context-runtime/src/scheduler/default_sched.cc:439 WARNING 3803126 LoadBalance [#785] lane rescues performed: 0[0m
[97m/home/cvazquezperezdelacru/clio-core/context-runtime/src/ipc_manager.cc:2447 INFO 3803127 IncreaseClientShm IpcManager::IncreaseClientShm: Creating clio_3803098_110 with size 138098816 (104544384 + 33554432 overhead)[0m
[97m/home/cvazquezperezdelacru/clio-core/context-runtime/src/ipc_manager.cc:2492 INFO 3803127 IncreaseClientShm IpcManager::IncreaseClientShm: Created allocator clio_3803098_110 with ID (3803098.110)[0m
[97m/home/cvazquezperezdelacru/clio-core/context-runtime/src/ipc_manager.cc:2447 INFO 3803127 IncreaseClientShm IpcManager::IncreaseClientShm: Creating clio_3803098_111 with size 143027112 (109472680 + 33554432 overhead)[0m
[97m/home/cvazquezperezdelacru/clio-core/context-runtime/src/ipc_manager.cc:2492 INFO 3803127 IncreaseClientShm IpcManager::IncreaseClientShm: Created allocator clio_3803098_111 with ID (3803098.111)[0m
[33m/home/cvazquezperezdelacru/clio-core/context-runtime/src/scheduler/default_sched.cc:430 WARNING 3803126 LoadBalance [#781 PDF] observed exec-time bins (cumulative): <10us=5266931 <50us=89561 <500us=11620 <10ms=14099 <50ms=1332 <500ms=197 <1s=0 >=1s=0 | stalls_detected=0[0m
[33m/home/cvazquezperezdelacru/clio-core/context-runtime/src/scheduler/default_sched.cc:439 WARNING 3803126 LoadBalance [#785] lane rescues performed: 0[0m
[97m/home/cvazquezperezdelacru/clio-core/context-runtime/src/ipc_manager.cc:2447 INFO 3803127 IncreaseClientShm IpcManager::IncreaseClientShm: Creating clio_3803098_112 with size 140343912 (106789480 + 33554432 overhead)[0m
[97m/home/cvazquezperezdelacru/clio-core/context-runtime/src/ipc_manager.cc:2492 INFO 3803127 IncreaseClientShm IpcManager::IncreaseClientShm: Created allocator clio_3803098_112 with ID (3803098.112)[0m
[33m/home/cvazquezperezdelacru/clio-core/context-runtime/src/scheduler/default_sched.cc:430 WARNING 3803126 LoadBalance [#781 PDF] observed exec-time bins (cumulative): <10us=5344748 <50us=90394 <500us=11790 <10ms=14372 <50ms=1372 <500ms=197 <1s=0 >=1s=0 | stalls_detected=0[0m
[33m/home/cvazquezperezdelacru/clio-core/context-runtime/src/scheduler/default_sched.cc:439 WARNING 3803126 LoadBalance [#785] lane rescues performed: 0[0m
[97m/home/cvazquezperezdelacru/clio-core/context-runtime/src/ipc_manager.cc:2447 INFO 3803127 IncreaseClientShm IpcManager::IncreaseClientShm: Creating clio_3803098_113 with size 131002112 (97447680 + 33554432 overhead)[0m
[97m/home/cvazquezperezdelacru/clio-core/context-runtime/src/ipc_manager.cc:2492 INFO 3803127 IncreaseClientShm IpcManager::IncreaseClientShm: Created allocator clio_3803098_113 with ID (3803098.113)[0m
[97m/home/cvazquezperezdelacru/clio-core/context-runtime/src/ipc_manager.cc:2447 INFO 3803127 IncreaseClientShm IpcManager::IncreaseClientShm: Creating clio_3803098_114 with size 131524712 (97970280 + 33554432 overhead)[0m
[97m/home/cvazquezperezdelacru/clio-core/context-runtime/src/ipc_manager.cc:2492 INFO 3803127 IncreaseClientShm IpcManager::IncreaseClientShm: Created allocator clio_3803098_114 with ID (3803098.114)[0m
[33m/home/cvazquezperezdelacru/clio-core/context-runtime/src/scheduler/default_sched.cc:430 WARNING 3803126 LoadBalance [#781 PDF] observed exec-time bins (cumulative): <10us=5424349 <50us=90951 <500us=11960 <10ms=14665 <50ms=1411 <500ms=197 <1s=0 >=1s=0 | stalls_detected=0[0m
[33m/home/cvazquezperezdelacru/clio-core/context-runtime/src/scheduler/default_sched.cc:439 WARNING 3803126 LoadBalance [#785] lane rescues performed: 0[0m
[97m/home/cvazquezperezdelacru/clio-core/context-runtime/src/ipc_manager.cc:2447 INFO 3803127 IncreaseClientShm IpcManager::IncreaseClientShm: Creating clio_3803098_115 with size 129449912 (95895480 + 33554432 overhead)[0m
[97m/home/cvazquezperezdelacru/clio-core/context-runtime/src/ipc_manager.cc:2492 INFO 3803127 IncreaseClientShm IpcManager::IncreaseClientShm: Created allocator clio_3803098_115 with ID (3803098.115)[0m
[97m/home/cvazquezperezdelacru/clio-core/context-runtime/src/ipc_manager.cc:2447 INFO 3803127 IncreaseClientShm IpcManager::IncreaseClientShm: Creating clio_3803098_116 with size 127418016 (93863584 + 33554432 overhead)[0m
[97m/home/cvazquezperezdelacru/clio-core/context-runtime/src/ipc_manager.cc:2492 INFO 3803127 IncreaseClientShm IpcManager::IncreaseClientShm: Created allocator clio_3803098_116 with ID (3803098.116)[0m
[33m/home/cvazquezperezdelacru/clio-core/context-runtime/src/scheduler/default_sched.cc:430 WARNING 3803126 LoadBalance [#781 PDF] observed exec-time bins (cumulative): <10us=5503527 <50us=92283 <500us=12131 <10ms=14949 <50ms=1450 <500ms=197 <1s=0 >=1s=0 | stalls_detected=0[0m
[33m/home/cvazquezperezdelacru/clio-core/context-runtime/src/scheduler/default_sched.cc:439 WARNING 3803126 LoadBalance [#785] lane rescues performed: 0[0m
[97m/home/cvazquezperezdelacru/clio-core/context-runtime/src/ipc_manager.cc:2447 INFO 3803127 IncreaseClientShm IpcManager::IncreaseClientShm: Creating clio_3803098_117 with size 127359512 (93805080 + 33554432 overhead)[0m
[97m/home/cvazquezperezdelacru/clio-core/context-runtime/src/ipc_manager.cc:2492 INFO 3803127 IncreaseClientShm IpcManager::IncreaseClientShm: Created allocator clio_3803098_117 with ID (3803098.117)[0m
[31m/home/cvazquezperezdelacru/clio-core/context-runtime/src/scheduler/default_sched.cc:726 ERROR 3803126 LoadBalance [HANGWATCH-HB] processed=27946 outstanding=1 (queued=1 blocked=0 retry=0 periodic=7) live=1 live_stalled=0[0m
[97m/home/cvazquezperezdelacru/clio-core/context-runtime/src/ipc_manager.cc:2447 INFO 3803127 IncreaseClientShm IpcManager::IncreaseClientShm: Creating clio_3803098_118 with size 129444712 (95890280 + 33554432 overhead)[0m
[97m/home/cvazquezperezdelacru/clio-core/context-runtime/src/ipc_manager.cc:2492 INFO 3803127 IncreaseClientShm IpcManager::IncreaseClientShm: Created allocator clio_3803098_118 with ID (3803098.118)[0m
[33m/home/cvazquezperezdelacru/clio-core/context-runtime/src/scheduler/default_sched.cc:430 WARNING 3803126 LoadBalance [#781 PDF] observed exec-time bins (cumulative): <10us=5580484 <50us=92946 <500us=12342 <10ms=15210 <50ms=1477 <500ms=197 <1s=0 >=1s=0 | stalls_detected=0[0m
[33m/home/cvazquezperezdelacru/clio-core/context-runtime/src/scheduler/default_sched.cc:439 WARNING 3803126 LoadBalance [#785] lane rescues performed: 0[0m
[97m/home/cvazquezperezdelacru/clio-core/context-runtime/src/ipc_manager.cc:2447 INFO 3803127 IncreaseClientShm IpcManager::IncreaseClientShm: Creating clio_3803098_119 with size 127303616 (93749184 + 33554432 overhead)[0m
[97m/home/cvazquezperezdelacru/clio-core/context-runtime/src/ipc_manager.cc:2492 INFO 3803127 IncreaseClientShm IpcManager::IncreaseClientShm: Created allocator clio_3803098_119 with ID (3803098.119)[0m
[97m/home/cvazquezperezdelacru/clio-core/context-runtime/src/ipc_manager.cc:2447 INFO 3803127 IncreaseClientShm IpcManager::IncreaseClientShm: Creating clio_3803098_120 with size 127038416 (93483984 + 33554432 overhead)[0m
[97m/home/cvazquezperezdelacru/clio-core/context-runtime/src/ipc_manager.cc:2492 INFO 3803127 IncreaseClientShm IpcManager::IncreaseClientShm: Created allocator clio_3803098_120 with ID (3803098.120)[0m
[33m/home/cvazquezperezdelacru/clio-core/context-runtime/src/scheduler/default_sched.cc:430 WARNING 3803126 LoadBalance [#781 PDF] observed exec-time bins (cumulative): <10us=5662824 <50us=93460 <500us=12505 <10ms=15500 <50ms=1513 <500ms=197 <1s=0 >=1s=0 | stalls_detected=0[0m
[33m/home/cvazquezperezdelacru/clio-core/context-runtime/src/scheduler/default_sched.cc:439 WARNING 3803126 LoadBalance [#785] lane rescues performed: 0[0m
[97m/home/cvazquezperezdelacru/clio-core/context-runtime/src/ipc_manager.cc:2447 INFO 3803127 IncreaseClientShm IpcManager::IncreaseClientShm: Creating clio_3803098_121 with size 127161912 (93607480 + 33554432 overhead)[0m
[97m/home/cvazquezperezdelacru/clio-core/context-runtime/src/ipc_manager.cc:2492 INFO 3803127 IncreaseClientShm IpcManager::IncreaseClientShm: Created allocator clio_3803098_121 with ID (3803098.121)[0m
[97m/home/cvazquezperezdelacru/clio-core/context-runtime/src/ipc_manager.cc:2447 INFO 3803127 IncreaseClientShm IpcManager::IncreaseClientShm: Creating clio_3803098_122 with size 132265712 (98711280 + 33554432 overhead)[0m
[97m/home/cvazquezperezdelacru/clio-core/context-runtime/src/ipc_manager.cc:2492 INFO 3803127 IncreaseClientShm IpcManager::IncreaseClientShm: Created allocator clio_3803098_122 with ID (3803098.122)[0m
[33m/home/cvazquezperezdelacru/clio-core/context-runtime/src/scheduler/default_sched.cc:430 WARNING 3803126 LoadBalance [#781 PDF] observed exec-time bins (cumulative): <10us=5749545 <50us=93879 <500us=12627 <10ms=15815 <50ms=1550 <500ms=197 <1s=0 >=1s=0 | stalls_detected=0[0m
[33m/home/cvazquezperezdelacru/clio-core/context-runtime/src/scheduler/default_sched.cc:439 WARNING 3803126 LoadBalance [#785] lane rescues performed: 0[0m
[97m/home/cvazquezperezdelacru/clio-core/context-runtime/src/ipc_manager.cc:2447 INFO 3803127 IncreaseClientShm IpcManager::IncreaseClientShm: Creating clio_3803098_123 with size 127290608 (93736176 + 33554432 overhead)[0m
[97m/home/cvazquezperezdelacru/clio-core/context-runtime/src/ipc_manager.cc:2492 INFO 3803127 IncreaseClientShm IpcManager::IncreaseClientShm: Created allocator clio_3803098_123 with ID (3803098.123)[0m
[33m/home/cvazquezperezdelacru/clio-core/context-runtime/src/scheduler/default_sched.cc:430 WARNING 3803126 LoadBalance [#781 PDF] observed exec-time bins (cumulative): <10us=5831558 <50us=94563 <500us=12773 <10ms=16117 <50ms=1577 <500ms=197 <1s=0 >=1s=0 | stalls_detected=0[0m
[33m/home/cvazquezperezdelacru/clio-core/context-runtime/src/scheduler/default_sched.cc:439 WARNING 3803126 LoadBalance [#785] lane rescues performed: 0[0m
[97m/home/cvazquezperezdelacru/clio-core/context-runtime/src/ipc_manager.cc:2447 INFO 3803127 IncreaseClientShm IpcManager::IncreaseClientShm: Creating clio_3803098_124 with size 126756312 (93201880 + 33554432 overhead)[0m
[97m/home/cvazquezperezdelacru/clio-core/context-runtime/src/ipc_manager.cc:2492 INFO 3803127 IncreaseClientShm IpcManager::IncreaseClientShm: Created allocator clio_3803098_124 with ID (3803098.124)[0m
[97m/home/cvazquezperezdelacru/clio-core/context-runtime/src/ipc_manager.cc:2447 INFO 3803127 IncreaseClientShm IpcManager::IncreaseClientShm: Creating clio_3803098_125 with size 130405408 (96850976 + 33554432 overhead)[0m
[97m/home/cvazquezperezdelacru/clio-core/context-runtime/src/ipc_manager.cc:2492 INFO 3803127 IncreaseClientShm IpcManager::IncreaseClientShm: Created allocator clio_3803098_125 with ID (3803098.125)[0m
[33m/home/cvazquezperezdelacru/clio-core/context-runtime/src/scheduler/default_sched.cc:430 WARNING 3803126 LoadBalance [#781 PDF] observed exec-time bins (cumulative): <10us=5913828 <50us=95247 <500us=12938 <10ms=16423 <50ms=1605 <500ms=197 <1s=0 >=1s=0 | stalls_detected=0[0m
[33m/home/cvazquezperezdelacru/clio-core/context-runtime/src/scheduler/default_sched.cc:439 WARNING 3803126 LoadBalance [#785] lane rescues performed: 0[0m
[97m/home/cvazquezperezdelacru/clio-core/context-runtime/src/ipc_manager.cc:2447 INFO 3803127 IncreaseClientShm IpcManager::IncreaseClientShm: Creating clio_3803098_126 with size 141251312 (107696880 + 33554432 overhead)[0m
[97m/home/cvazquezperezdelacru/clio-core/context-runtime/src/ipc_manager.cc:2492 INFO 3803127 IncreaseClientShm IpcManager::IncreaseClientShm: Created allocator clio_3803098_126 with ID (3803098.126)[0m
[97m/home/cvazquezperezdelacru/clio-core/context-runtime/src/ipc_manager.cc:2447 INFO 3803127 IncreaseClientShm IpcManager::IncreaseClientShm: Creating clio_3803098_127 with size 138908712 (105354280 + 33554432 overhead)[0m
[97m/home/cvazquezperezdelacru/clio-core/context-runtime/src/ipc_manager.cc:2492 INFO 3803127 IncreaseClientShm IpcManager::IncreaseClientShm: Created allocator clio_3803098_127 with ID (3803098.127)[0m
[33m/home/cvazquezperezdelacru/clio-core/context-runtime/src/scheduler/default_sched.cc:430 WARNING 3803126 LoadBalance [#781 PDF] observed exec-time bins (cumulative): <10us=5992261 <50us=96895 <500us=13082 <10ms=16752 <50ms=1633 <500ms=197 <1s=0 >=1s=0 | stalls_detected=0[0m
[33m/home/cvazquezperezdelacru/clio-core/context-runtime/src/scheduler/default_sched.cc:439 WARNING 3803126 LoadBalance [#785] lane rescues performed: 0[0m
[97m/home/cvazquezperezdelacru/clio-core/context-runtime/src/ipc_manager.cc:2447 INFO 3803127 IncreaseClientShm IpcManager::IncreaseClientShm: Creating clio_3803098_128 with size 155914016 (122359584 + 33554432 overhead)[0m
[97m/home/cvazquezperezdelacru/clio-core/context-runtime/src/ipc_manager.cc:2492 INFO 3803127 IncreaseClientShm IpcManager::IncreaseClientShm: Created allocator clio_3803098_128 with ID (3803098.128)[0m
[97m/home/cvazquezperezdelacru/clio-core/context-runtime/src/ipc_manager.cc:2447 INFO 3803127 IncreaseClientShm IpcManager::IncreaseClientShm: Creating clio_3803098_129 with size 128231808 (94677376 + 33554432 overhead)[0m
[97m/home/cvazquezperezdelacru/clio-core/context-runtime/src/ipc_manager.cc:2492 INFO 3803127 IncreaseClientShm IpcManager::IncreaseClientShm: Created allocator clio_3803098_129 with ID (3803098.129)[0m
[33m/home/cvazquezperezdelacru/clio-core/context-runtime/src/scheduler/default_sched.cc:430 WARNING 3803126 LoadBalance [#781 PDF] observed exec-time bins (cumulative): <10us=6070463 <50us=97512 <500us=13278 <10ms=17025 <50ms=1681 <500ms=197 <1s=0 >=1s=0 | stalls_detected=0[0m
[33m/home/cvazquezperezdelacru/clio-core/context-runtime/src/scheduler/default_sched.cc:439 WARNING 3803126 LoadBalance [#785] lane rescues performed: 0[0m
[97m/home/cvazquezperezdelacru/clio-core/context-runtime/src/ipc_manager.cc:2447 INFO 3803127 IncreaseClientShm IpcManager::IncreaseClientShm: Creating clio_3803098_130 with size 134538112 (100983680 + 33554432 overhead)[0m
[97m/home/cvazquezperezdelacru/clio-core/context-runtime/src/ipc_manager.cc:2492 INFO 3803127 IncreaseClientShm IpcManager::IncreaseClientShm: Created allocator clio_3803098_130 with ID (3803098.130)[0m
[97m/home/cvazquezperezdelacru/clio-core/context-runtime/src/ipc_manager.cc:2447 INFO 3803127 IncreaseClientShm IpcManager::IncreaseClientShm: Creating clio_3803098_131 with size 137053616 (103499184 + 33554432 overhead)[0m
[97m/home/cvazquezperezdelacru/clio-core/context-runtime/src/ipc_manager.cc:2492 INFO 3803127 IncreaseClientShm IpcManager::IncreaseClientShm: Created allocator clio_3803098_131 with ID (3803098.131)[0m
[33m/home/cvazquezperezdelacru/clio-core/context-runtime/src/scheduler/default_sched.cc:430 WARNING 3803126 LoadBalance [#781 PDF] observed exec-time bins (cumulative): <10us=6148685 <50us=98324 <500us=13410 <10ms=17311 <50ms=1724 <500ms=197 <1s=0 >=1s=0 | stalls_detected=0[0m
[33m/home/cvazquezperezdelacru/clio-core/context-runtime/src/scheduler/default_sched.cc:439 WARNING 3803126 LoadBalance [#785] lane rescues performed: 0[0m
[97m/home/cvazquezperezdelacru/clio-core/context-runtime/src/ipc_manager.cc:2447 INFO 3803127 IncreaseClientShm IpcManager::IncreaseClientShm: Creating clio_3803098_132 with size 127620816 (94066384 + 33554432 overhead)[0m
[97m/home/cvazquezperezdelacru/clio-core/context-runtime/src/ipc_manager.cc:2492 INFO 3803127 IncreaseClientShm IpcManager::IncreaseClientShm: Created allocator clio_3803098_132 with ID (3803098.132)[0m
[97m/home/cvazquezperezdelacru/clio-core/context-runtime/src/ipc_manager.cc:2447 INFO 3803127 IncreaseClientShm IpcManager::IncreaseClientShm: Creating clio_3803098_133 with size 131591008 (98036576 + 33554432 overhead)[0m
[97m/home/cvazquezperezdelacru/clio-core/context-runtime/src/ipc_manager.cc:2492 INFO 3803127 IncreaseClientShm IpcManager::IncreaseClientShm: Created allocator clio_3803098_133 with ID (3803098.133)[0m
[33m/home/cvazquezperezdelacru/clio-core/context-runtime/src/scheduler/default_sched.cc:430 WARNING 3803126 LoadBalance [#781 PDF] observed exec-time bins (cumulative): <10us=6226917 <50us=99002 <500us=13549 <10ms=17590 <50ms=1771 <500ms=197 <1s=0 >=1s=0 | stalls_detected=0[0m
[33m/home/cvazquezperezdelacru/clio-core/context-runtime/src/scheduler/default_sched.cc:439 WARNING 3803126 LoadBalance [#785] lane rescues performed: 0[0m
[97m/mnt/common/cvazquezperezdelacru/IOWARP/faiss/contrib/iowarp/chimod/src/faiss_ivf_runtime.cc:329 INFO 3803118 Search faiss_ivf: Search nq=250 k=10 nprobe=128 unique_lists=7900[0m
[97m/home/cvazquezperezdelacru/clio-core/context-runtime/src/ipc_manager.cc:2447 INFO 3803118 IncreaseClientShm IpcManager::IncreaseClientShm: Creating clio_3803098_134 with size 160400312 (126845880 + 33554432 overhead)[0m
[97m/home/cvazquezperezdelacru/clio-core/context-runtime/src/ipc_manager.cc:2492 INFO 3803118 IncreaseClientShm IpcManager::IncreaseClientShm: Created allocator clio_3803098_134 with ID (3803098.134)[0m
[97m/home/cvazquezperezdelacru/clio-core/context-runtime/src/ipc_manager.cc:2447 INFO 3803127 IncreaseClientShm IpcManager::IncreaseClientShm: Creating clio_3803098_135 with size 149185216 (115630784 + 33554432 overhead)[0m
[97m/home/cvazquezperezdelacru/clio-core/context-runtime/src/ipc_manager.cc:2492 INFO 3803127 IncreaseClientShm IpcManager::IncreaseClientShm: Created allocator clio_3803098_135 with ID (3803098.135)[0m
[33m/home/cvazquezperezdelacru/clio-core/context-runtime/src/scheduler/default_sched.cc:430 WARNING 3803126 LoadBalance [#781 PDF] observed exec-time bins (cumulative): <10us=6295427 <50us=99850 <500us=13667 <10ms=17842 <50ms=1791 <500ms=197 <1s=0 >=1s=1 | stalls_detected=0[0m
[33m/home/cvazquezperezdelacru/clio-core/context-runtime/src/scheduler/default_sched.cc:439 WARNING 3803126 LoadBalance [#785] lane rescues performed: 0[0m
[97m/home/cvazquezperezdelacru/clio-core/context-runtime/src/ipc_manager.cc:2447 INFO 3803127 IncreaseClientShm IpcManager::IncreaseClientShm: Creating clio_3803098_136 with size 138131312 (104576880 + 33554432 overhead)[0m
[97m/home/cvazquezperezdelacru/clio-core/context-runtime/src/ipc_manager.cc:2492 INFO 3803127 IncreaseClientShm IpcManager::IncreaseClientShm: Created allocator clio_3803098_136 with ID (3803098.136)[0m
[33m/home/cvazquezperezdelacru/clio-core/context-runtime/src/scheduler/default_sched.cc:430 WARNING 3803126 LoadBalance [#781 PDF] observed exec-time bins (cumulative): <10us=6372152 <50us=101036 <500us=13862 <10ms=18156 <50ms=1814 <500ms=197 <1s=0 >=1s=1 | stalls_detected=0[0m
[33m/home/cvazquezperezdelacru/clio-core/context-runtime/src/scheduler/default_sched.cc:439 WARNING 3803126 LoadBalance [#785] lane rescues performed: 0[0m
[97m/home/cvazquezperezdelacru/clio-core/context-runtime/src/ipc_manager.cc:2447 INFO 3803127 IncreaseClientShm IpcManager::IncreaseClientShm: Creating clio_3803098_137 with size 135852416 (102297984 + 33554432 overhead)[0m
[97m/home/cvazquezperezdelacru/clio-core/context-runtime/src/ipc_manager.cc:2492 INFO 3803127 IncreaseClientShm IpcManager::IncreaseClientShm: Created allocator clio_3803098_137 with ID (3803098.137)[0m
[97m/home/cvazquezperezdelacru/clio-core/context-runtime/src/ipc_manager.cc:2447 INFO 3803127 IncreaseClientShm IpcManager::IncreaseClientShm: Creating clio_3803098_138 with size 132499712 (98945280 + 33554432 overhead)[0m
[97m/home/cvazquezperezdelacru/clio-core/context-runtime/src/ipc_manager.cc:2492 INFO 3803127 IncreaseClientShm IpcManager::IncreaseClientShm: Created allocator clio_3803098_138 with ID (3803098.138)[0m
[33m/home/cvazquezperezdelacru/clio-core/context-runtime/src/scheduler/default_sched.cc:430 WARNING 3803126 LoadBalance [#781 PDF] observed exec-time bins (cumulative): <10us=6449497 <50us=101552 <500us=14038 <10ms=18457 <50ms=1853 <500ms=197 <1s=0 >=1s=1 | stalls_detected=0[0m
[33m/home/cvazquezperezdelacru/clio-core/context-runtime/src/scheduler/default_sched.cc:439 WARNING 3803126 LoadBalance [#785] lane rescues performed: 0[0m
[97m/home/cvazquezperezdelacru/clio-core/context-runtime/src/ipc_manager.cc:2447 INFO 3803127 IncreaseClientShm IpcManager::IncreaseClientShm: Creating clio_3803098_139 with size 129927008 (96372576 + 33554432 overhead)[0m
[97m/home/cvazquezperezdelacru/clio-core/context-runtime/src/ipc_manager.cc:2492 INFO 3803127 IncreaseClientShm IpcManager::IncreaseClientShm: Created allocator clio_3803098_139 with ID (3803098.139)[0m
[97m/home/cvazquezperezdelacru/clio-core/context-runtime/src/ipc_manager.cc:2447 INFO 3803127 IncreaseClientShm IpcManager::IncreaseClientShm: Creating clio_3803098_140 with size 132347616 (98793184 + 33554432 overhead)[0m
[97m/home/cvazquezperezdelacru/clio-core/context-runtime/src/ipc_manager.cc:2492 INFO 3803127 IncreaseClientShm IpcManager::IncreaseClientShm: Created allocator clio_3803098_140 with ID (3803098.140)[0m
[33m/home/cvazquezperezdelacru/clio-core/context-runtime/src/scheduler/default_sched.cc:430 WARNING 3803126 LoadBalance [#781 PDF] observed exec-time bins (cumulative): <10us=6529285 <50us=102382 <500us=14173 <10ms=18766 <50ms=1891 <500ms=197 <1s=0 >=1s=1 | stalls_detected=0[0m
[33m/home/cvazquezperezdelacru/clio-core/context-runtime/src/scheduler/default_sched.cc:439 WARNING 3803126 LoadBalance [#785] lane rescues performed: 0[0m
[97m/home/cvazquezperezdelacru/clio-core/context-runtime/src/ipc_manager.cc:2447 INFO 3803127 IncreaseClientShm IpcManager::IncreaseClientShm: Creating clio_3803098_141 with size 134427616 (100873184 + 33554432 overhead)[0m
[97m/home/cvazquezperezdelacru/clio-core/context-runtime/src/ipc_manager.cc:2492 INFO 3803127 IncreaseClientShm IpcManager::IncreaseClientShm: Created allocator clio_3803098_141 with ID (3803098.141)[0m
[31m/home/cvazquezperezdelacru/clio-core/context-runtime/src/scheduler/default_sched.cc:726 ERROR 3803126 LoadBalance [HANGWATCH-HB] processed=35063 outstanding=1 (queued=1 blocked=0 retry=0 periodic=7) live=1 live_stalled=0[0m
[97m/home/cvazquezperezdelacru/clio-core/context-runtime/src/ipc_manager.cc:2447 INFO 3803127 IncreaseClientShm IpcManager::IncreaseClientShm: Creating clio_3803098_142 with size 134161112 (100606680 + 33554432 overhead)[0m
[97m/home/cvazquezperezdelacru/clio-core/context-runtime/src/ipc_manager.cc:2492 INFO 3803127 IncreaseClientShm IpcManager::IncreaseClientShm: Created allocator clio_3803098_142 with ID (3803098.142)[0m
[33m/home/cvazquezperezdelacru/clio-core/context-runtime/src/scheduler/default_sched.cc:430 WARNING 3803126 LoadBalance [#781 PDF] observed exec-time bins (cumulative): <10us=6609284 <50us=103428 <500us=14319 <10ms=19056 <50ms=1932 <500ms=197 <1s=0 >=1s=1 | stalls_detected=0[0m
[33m/home/cvazquezperezdelacru/clio-core/context-runtime/src/scheduler/default_sched.cc:439 WARNING 3803126 LoadBalance [#785] lane rescues performed: 0[0m
[97m/home/cvazquezperezdelacru/clio-core/context-runtime/src/ipc_manager.cc:2447 INFO 3803127 IncreaseClientShm IpcManager::IncreaseClientShm: Creating clio_3803098_143 with size 139790112 (106235680 + 33554432 overhead)[0m
[97m/home/cvazquezperezdelacru/clio-core/context-runtime/src/ipc_manager.cc:2492 INFO 3803127 IncreaseClientShm IpcManager::IncreaseClientShm: Created allocator clio_3803098_143 with ID (3803098.143)[0m
[33m/home/cvazquezperezdelacru/clio-core/context-runtime/src/scheduler/default_sched.cc:430 WARNING 3803126 LoadBalance [#781 PDF] observed exec-time bins (cumulative): <10us=6688952 <50us=104046 <500us=14491 <10ms=19380 <50ms=1966 <500ms=197 <1s=0 >=1s=1 | stalls_detected=0[0m
[33m/home/cvazquezperezdelacru/clio-core/context-runtime/src/scheduler/default_sched.cc:439 WARNING 3803126 LoadBalance [#785] lane rescues performed: 0[0m
[97m/home/cvazquezperezdelacru/clio-core/context-runtime/src/ipc_manager.cc:2447 INFO 3803127 IncreaseClientShm IpcManager::IncreaseClientShm: Creating clio_3803098_144 with size 133067808 (99513376 + 33554432 overhead)[0m
[97m/home/cvazquezperezdelacru/clio-core/context-runtime/src/ipc_manager.cc:2492 INFO 3803127 IncreaseClientShm IpcManager::IncreaseClientShm: Created allocator clio_3803098_144 with ID (3803098.144)[0m
[97m/home/cvazquezperezdelacru/clio-core/context-runtime/src/ipc_manager.cc:2447 INFO 3803127 IncreaseClientShm IpcManager::IncreaseClientShm: Creating clio_3803098_145 with size 129420016 (95865584 + 33554432 overhead)[0m
[97m/home/cvazquezperezdelacru/clio-core/context-runtime/src/ipc_manager.cc:2492 INFO 3803127 IncreaseClientShm IpcManager::IncreaseClientShm: Created allocator clio_3803098_145 with ID (3803098.145)[0m
[33m/home/cvazquezperezdelacru/clio-core/context-runtime/src/scheduler/default_sched.cc:430 WARNING 3803126 LoadBalance [#781 PDF] observed exec-time bins (cumulative): <10us=6771430 <50us=104649 <500us=14685 <10ms=19713 <50ms=1995 <500ms=197 <1s=0 >=1s=1 | stalls_detected=0[0m
[33m/home/cvazquezperezdelacru/clio-core/context-runtime/src/scheduler/default_sched.cc:439 WARNING 3803126 LoadBalance [#785] lane rescues performed: 0[0m
[97m/home/cvazquezperezdelacru/clio-core/context-runtime/src/ipc_manager.cc:2447 INFO 3803127 IncreaseClientShm IpcManager::IncreaseClientShm: Creating clio_3803098_146 with size 130311808 (96757376 + 33554432 overhead)[0m
[97m/home/cvazquezperezdelacru/clio-core/context-runtime/src/ipc_manager.cc:2492 INFO 3803127 IncreaseClientShm IpcManager::IncreaseClientShm: Created allocator clio_3803098_146 with ID (3803098.146)[0m
[97m/home/cvazquezperezdelacru/clio-core/context-runtime/src/ipc_manager.cc:2447 INFO 3803127 IncreaseClientShm IpcManager::IncreaseClientShm: Creating clio_3803098_147 with size 131930312 (98375880 + 33554432 overhead)[0m
[97m/home/cvazquezperezdelacru/clio-core/context-runtime/src/ipc_manager.cc:2492 INFO 3803127 IncreaseClientShm IpcManager::IncreaseClientShm: Created allocator clio_3803098_147 with ID (3803098.147)[0m
[33m/home/cvazquezperezdelacru/clio-core/context-runtime/src/scheduler/default_sched.cc:430 WARNING 3803126 LoadBalance [#781 PDF] observed exec-time bins (cumulative): <10us=6850749 <50us=106129 <500us=14849 <10ms=20038 <50ms=2015 <500ms=197 <1s=0 >=1s=1 | stalls_detected=0[0m
[33m/home/cvazquezperezdelacru/clio-core/context-runtime/src/scheduler/default_sched.cc:439 WARNING 3803126 LoadBalance [#785] lane rescues performed: 0[0m
[97m/home/cvazquezperezdelacru/clio-core/context-runtime/src/ipc_manager.cc:2447 INFO 3803127 IncreaseClientShm IpcManager::IncreaseClientShm: Creating clio_3803098_148 with size 129600712 (96046280 + 33554432 overhead)[0m
[97m/home/cvazquezperezdelacru/clio-core/context-runtime/src/ipc_manager.cc:2492 INFO 3803127 IncreaseClientShm IpcManager::IncreaseClientShm: Created allocator clio_3803098_148 with ID (3803098.148)[0m
[97m/home/cvazquezperezdelacru/clio-core/context-runtime/src/ipc_manager.cc:2447 INFO 3803127 IncreaseClientShm IpcManager::IncreaseClientShm: Creating clio_3803098_149 with size 134517312 (100962880 + 33554432 overhead)[0m
[97m/home/cvazquezperezdelacru/clio-core/context-runtime/src/ipc_manager.cc:2492 INFO 3803127 IncreaseClientShm IpcManager::IncreaseClientShm: Created allocator clio_3803098_149 with ID (3803098.149)[0m
[33m/home/cvazquezperezdelacru/clio-core/context-runtime/src/scheduler/default_sched.cc:430 WARNING 3803126 LoadBalance [#781 PDF] observed exec-time bins (cumulative): <10us=6931062 <50us=106662 <500us=15026 <10ms=20351 <50ms=2036 <500ms=197 <1s=0 >=1s=1 | stalls_detected=0[0m
[33m/home/cvazquezperezdelacru/clio-core/context-runtime/src/scheduler/default_sched.cc:439 WARNING 3803126 LoadBalance [#785] lane rescues performed: 0[0m
[97m/home/cvazquezperezdelacru/clio-core/context-runtime/src/ipc_manager.cc:2447 INFO 3803127 IncreaseClientShm IpcManager::IncreaseClientShm: Creating clio_3803098_150 with size 133942712 (100388280 + 33554432 overhead)[0m
[97m/home/cvazquezperezdelacru/clio-core/context-runtime/src/ipc_manager.cc:2492 INFO 3803127 IncreaseClientShm IpcManager::IncreaseClientShm: Created allocator clio_3803098_150 with ID (3803098.150)[0m
[33m/home/cvazquezperezdelacru/clio-core/context-runtime/src/scheduler/default_sched.cc:430 WARNING 3803126 LoadBalance [#781 PDF] observed exec-time bins (cumulative): <10us=7011072 <50us=107229 <500us=15173 <10ms=20659 <50ms=2058 <500ms=197 <1s=0 >=1s=1 | stalls_detected=0[0m
[33m/home/cvazquezperezdelacru/clio-core/context-runtime/src/scheduler/default_sched.cc:439 WARNING 3803126 LoadBalance [#785] lane rescues performed: 0[0m
[97m/home/cvazquezperezdelacru/clio-core/context-runtime/src/ipc_manager.cc:2447 INFO 3803127 IncreaseClientShm IpcManager::IncreaseClientShm: Creating clio_3803098_151 with size 137027616 (103473184 + 33554432 overhead)[0m
[97m/home/cvazquezperezdelacru/clio-core/context-runtime/src/ipc_manager.cc:2492 INFO 3803127 IncreaseClientShm IpcManager::IncreaseClientShm: Created allocator clio_3803098_151 with ID (3803098.151)[0m
[97m/home/cvazquezperezdelacru/clio-core/context-runtime/src/ipc_manager.cc:2447 INFO 3803127 IncreaseClientShm IpcManager::IncreaseClientShm: Creating clio_3803098_152 with size 135143912 (101589480 + 33554432 overhead)[0m
[97m/home/cvazquezperezdelacru/clio-core/context-runtime/src/ipc_manager.cc:2492 INFO 3803127 IncreaseClientShm IpcManager::IncreaseClientShm: Created allocator clio_3803098_152 with ID (3803098.152)[0m
[33m/home/cvazquezperezdelacru/clio-core/context-runtime/src/scheduler/default_sched.cc:430 WARNING 3803126 LoadBalance [#781 PDF] observed exec-time bins (cumulative): <10us=7089908 <50us=107941 <500us=15334 <10ms=20979 <50ms=2081 <500ms=197 <1s=0 >=1s=1 | stalls_detected=0[0m
[33m/home/cvazquezperezdelacru/clio-core/context-runtime/src/scheduler/default_sched.cc:439 WARNING 3803126 LoadBalance [#785] lane rescues performed: 0[0m
[97m/home/cvazquezperezdelacru/clio-core/context-runtime/src/ipc_manager.cc:2447 INFO 3803127 IncreaseClientShm IpcManager::IncreaseClientShm: Creating clio_3803098_153 with size 143630312 (110075880 + 33554432 overhead)[0m
[97m/home/cvazquezperezdelacru/clio-core/context-runtime/src/ipc_manager.cc:2492 INFO 3803127 IncreaseClientShm IpcManager::IncreaseClientShm: Created allocator clio_3803098_153 with ID (3803098.153)[0m
[97m/home/cvazquezperezdelacru/clio-core/context-runtime/src/ipc_manager.cc:2447 INFO 3803127 IncreaseClientShm IpcManager::IncreaseClientShm: Creating clio_3803098_154 with size 130565312 (97010880 + 33554432 overhead)[0m
[97m/home/cvazquezperezdelacru/clio-core/context-runtime/src/ipc_manager.cc:2492 INFO 3803127 IncreaseClientShm IpcManager::IncreaseClientShm: Created allocator clio_3803098_154 with ID (3803098.154)[0m
[33m/home/cvazquezperezdelacru/clio-core/context-runtime/src/scheduler/default_sched.cc:430 WARNING 3803126 LoadBalance [#781 PDF] observed exec-time bins (cumulative): <10us=7169237 <50us=109227 <500us=15486 <10ms=21265 <50ms=2117 <500ms=197 <1s=0 >=1s=1 | stalls_detected=0[0m
[33m/home/cvazquezperezdelacru/clio-core/context-runtime/src/scheduler/default_sched.cc:439 WARNING 3803126 LoadBalance [#785] lane rescues performed: 0[0m
[97m/home/cvazquezperezdelacru/clio-core/context-runtime/src/ipc_manager.cc:2447 INFO 3803127 IncreaseClientShm IpcManager::IncreaseClientShm: Creating clio_3803098_155 with size 127726112 (94171680 + 33554432 overhead)[0m
[97m/home/cvazquezperezdelacru/clio-core/context-runtime/src/ipc_manager.cc:2492 INFO 3803127 IncreaseClientShm IpcManager::IncreaseClientShm: Created allocator clio_3803098_155 with ID (3803098.155)[0m
[97m/home/cvazquezperezdelacru/clio-core/context-runtime/src/ipc_manager.cc:2447 INFO 3803127 IncreaseClientShm IpcManager::IncreaseClientShm: Creating clio_3803098_156 with size 129625408 (96070976 + 33554432 overhead)[0m
[97m/home/cvazquezperezdelacru/clio-core/context-runtime/src/ipc_manager.cc:2492 INFO 3803127 IncreaseClientShm IpcManager::IncreaseClientShm: Created allocator clio_3803098_156 with ID (3803098.156)[0m
[33m/home/cvazquezperezdelacru/clio-core/context-runtime/src/scheduler/default_sched.cc:430 WARNING 3803126 LoadBalance [#781 PDF] observed exec-time bins (cumulative): <10us=7246934 <50us=109756 <500us=15616 <10ms=21580 <50ms=2146 <500ms=197 <1s=0 >=1s=1 | stalls_detected=0[0m
[33m/home/cvazquezperezdelacru/clio-core/context-runtime/src/scheduler/default_sched.cc:439 WARNING 3803126 LoadBalance [#785] lane rescues performed: 0[0m
[97m/home/cvazquezperezdelacru/clio-core/context-runtime/src/ipc_manager.cc:2447 INFO 3803127 IncreaseClientShm IpcManager::IncreaseClientShm: Creating clio_3803098_157 with size 127516816 (93962384 + 33554432 overhead)[0m
[97m/home/cvazquezperezdelacru/clio-core/context-runtime/src/ipc_manager.cc:2492 INFO 3803127 IncreaseClientShm IpcManager::IncreaseClientShm: Created allocator clio_3803098_157 with ID (3803098.157)[0m
[97m/home/cvazquezperezdelacru/clio-core/context-runtime/src/ipc_manager.cc:2447 INFO 3803127 IncreaseClientShm IpcManager::IncreaseClientShm: Creating clio_3803098_158 with size 134651216 (101096784 + 33554432 overhead)[0m
[97m/home/cvazquezperezdelacru/clio-core/context-runtime/src/ipc_manager.cc:2492 INFO 3803127 IncreaseClientShm IpcManager::IncreaseClientShm: Created allocator clio_3803098_158 with ID (3803098.158)[0m
[33m/home/cvazquezperezdelacru/clio-core/context-runtime/src/scheduler/default_sched.cc:430 WARNING 3803126 LoadBalance [#781 PDF] observed exec-time bins (cumulative): <10us=7335133 <50us=110276 <500us=15790 <10ms=21888 <50ms=2180 <500ms=197 <1s=0 >=1s=1 | stalls_detected=0[0m
[33m/home/cvazquezperezdelacru/clio-core/context-runtime/src/scheduler/default_sched.cc:439 WARNING 3803126 LoadBalance [#785] lane rescues performed: 0[0m
[97m/home/cvazquezperezdelacru/clio-core/context-runtime/src/ipc_manager.cc:2447 INFO 3803127 IncreaseClientShm IpcManager::IncreaseClientShm: Creating clio_3803098_159 with size 128208416 (94653984 + 33554432 overhead)[0m
[97m/home/cvazquezperezdelacru/clio-core/context-runtime/src/ipc_manager.cc:2492 INFO 3803127 IncreaseClientShm IpcManager::IncreaseClientShm: Created allocator clio_3803098_159 with ID (3803098.159)[0m
[33m/home/cvazquezperezdelacru/clio-core/context-runtime/src/scheduler/default_sched.cc:430 WARNING 3803126 LoadBalance [#781 PDF] observed exec-time bins (cumulative): <10us=7423104 <50us=110912 <500us=15941 <10ms=22205 <50ms=2216 <500ms=197 <1s=0 >=1s=1 | stalls_detected=0[0m
[33m/home/cvazquezperezdelacru/clio-core/context-runtime/src/scheduler/default_sched.cc:439 WARNING 3803126 LoadBalance [#785] lane rescues performed: 0[0m
[97m/home/cvazquezperezdelacru/clio-core/context-runtime/src/ipc_manager.cc:2447 INFO 3803127 IncreaseClientShm IpcManager::IncreaseClientShm: Creating clio_3803098_160 with size 132338512 (98784080 + 33554432 overhead)[0m
[97m/home/cvazquezperezdelacru/clio-core/context-runtime/src/ipc_manager.cc:2492 INFO 3803127 IncreaseClientShm IpcManager::IncreaseClientShm: Created allocator clio_3803098_160 with ID (3803098.160)[0m
[31m/home/cvazquezperezdelacru/clio-core/context-runtime/src/scheduler/default_sched.cc:726 ERROR 3803126 LoadBalance [HANGWATCH-HB] processed=40920 outstanding=1 (queued=1 blocked=0 retry=0 periodic=6) live=2 live_stalled=0[0m
[97m/home/cvazquezperezdelacru/clio-core/context-runtime/src/ipc_manager.cc:2447 INFO 3803127 IncreaseClientShm IpcManager::IncreaseClientShm: Creating clio_3803098_161 with size 127809312 (94254880 + 33554432 overhead)[0m
[97m/home/cvazquezperezdelacru/clio-core/context-runtime/src/ipc_manager.cc:2492 INFO 3803127 IncreaseClientShm IpcManager::IncreaseClientShm: Created allocator clio_3803098_161 with ID (3803098.161)[0m
[33m/home/cvazquezperezdelacru/clio-core/context-runtime/src/scheduler/default_sched.cc:430 WARNING 3803126 LoadBalance [#781 PDF] observed exec-time bins (cumulative): <10us=7507762 <50us=111501 <500us=16108 <10ms=22510 <50ms=2251 <500ms=197 <1s=0 >=1s=1 | stalls_detected=0[0m
[33m/home/cvazquezperezdelacru/clio-core/context-runtime/src/scheduler/default_sched.cc:439 WARNING 3803126 LoadBalance [#785] lane rescues performed: 0[0m
[97m/home/cvazquezperezdelacru/clio-core/context-runtime/src/ipc_manager.cc:2447 INFO 3803127 IncreaseClientShm IpcManager::IncreaseClientShm: Creating clio_3803098_162 with size 134685008 (101130576 + 33554432 overhead)[0m
[97m/home/cvazquezperezdelacru/clio-core/context-runtime/src/ipc_manager.cc:2492 INFO 3803127 IncreaseClientShm IpcManager::IncreaseClientShm: Created allocator clio_3803098_162 with ID (3803098.162)[0m
[97m/home/cvazquezperezdelacru/clio-core/context-runtime/src/ipc_manager.cc:2447 INFO 3803127 IncreaseClientShm IpcManager::IncreaseClientShm: Creating clio_3803098_163 with size 129986816 (96432384 + 33554432 overhead)[0m
[97m/home/cvazquezperezdelacru/clio-core/context-runtime/src/ipc_manager.cc:2492 INFO 3803127 IncreaseClientShm IpcManager::IncreaseClientShm: Created allocator clio_3803098_163 with ID (3803098.163)[0m
[33m/home/cvazquezperezdelacru/clio-core/context-runtime/src/scheduler/default_sched.cc:430 WARNING 3803126 LoadBalance [#781 PDF] observed exec-time bins (cumulative): <10us=7598680 <50us=111933 <500us=16259 <10ms=22817 <50ms=2293 <500ms=197 <1s=0 >=1s=1 | stalls_detected=0[0m
[33m/home/cvazquezperezdelacru/clio-core/context-runtime/src/scheduler/default_sched.cc:439 WARNING 3803126 LoadBalance [#785] lane rescues performed: 0[0m
[97m/home/cvazquezperezdelacru/clio-core/context-runtime/src/ipc_manager.cc:2447 INFO 3803127 IncreaseClientShm IpcManager::IncreaseClientShm: Creating clio_3803098_164 with size 132911808 (99357376 + 33554432 overhead)[0m
[97m/home/cvazquezperezdelacru/clio-core/context-runtime/src/ipc_manager.cc:2492 INFO 3803127 IncreaseClientShm IpcManager::IncreaseClientShm: Created allocator clio_3803098_164 with ID (3803098.164)[0m
[97m/home/cvazquezperezdelacru/clio-core/context-runtime/src/ipc_manager.cc:2447 INFO 3803127 IncreaseClientShm IpcManager::IncreaseClientShm: Creating clio_3803098_165 with size 138565512 (105011080 + 33554432 overhead)[0m
[97m/home/cvazquezperezdelacru/clio-core/context-runtime/src/ipc_manager.cc:2492 INFO 3803127 IncreaseClientShm IpcManager::IncreaseClientShm: Created allocator clio_3803098_165 with ID (3803098.165)[0m
[33m/home/cvazquezperezdelacru/clio-core/context-runtime/src/scheduler/default_sched.cc:430 WARNING 3803126 LoadBalance [#781 PDF] observed exec-time bins (cumulative): <10us=7683296 <50us=112506 <500us=16434 <10ms=23140 <50ms=2304 <500ms=197 <1s=0 >=1s=1 | stalls_detected=0[0m
[33m/home/cvazquezperezdelacru/clio-core/context-runtime/src/scheduler/default_sched.cc:439 WARNING 3803126 LoadBalance [#785] lane rescues performed: 0[0m
[97m/home/cvazquezperezdelacru/clio-core/context-runtime/src/ipc_manager.cc:2447 INFO 3803127 IncreaseClientShm IpcManager::IncreaseClientShm: Creating clio_3803098_166 with size 127800208 (94245776 + 33554432 overhead)[0m
[97m/home/cvazquezperezdelacru/clio-core/context-runtime/src/ipc_manager.cc:2492 INFO 3803127 IncreaseClientShm IpcManager::IncreaseClientShm: Created allocator clio_3803098_166 with ID (3803098.166)[0m
[97m/home/cvazquezperezdelacru/clio-core/context-runtime/src/ipc_manager.cc:2447 INFO 3803127 IncreaseClientShm IpcManager::IncreaseClientShm: Creating clio_3803098_167 with size 155914016 (122359584 + 33554432 overhead)[0m
[97m/home/cvazquezperezdelacru/clio-core/context-runtime/src/ipc_manager.cc:2492 INFO 3803127 IncreaseClientShm IpcManager::IncreaseClientShm: Created allocator clio_3803098_167 with ID (3803098.167)[0m
[33m/home/cvazquezperezdelacru/clio-core/context-runtime/src/scheduler/default_sched.cc:430 WARNING 3803126 LoadBalance [#781 PDF] observed exec-time bins (cumulative): <10us=7764917 <50us=113732 <500us=16575 <10ms=23463 <50ms=2331 <500ms=197 <1s=0 >=1s=1 | stalls_detected=0[0m
[33m/home/cvazquezperezdelacru/clio-core/context-runtime/src/scheduler/default_sched.cc:439 WARNING 3803126 LoadBalance [#785] lane rescues performed: 0[0m
[97m/home/cvazquezperezdelacru/clio-core/context-runtime/src/ipc_manager.cc:2447 INFO 3803127 IncreaseClientShm IpcManager::IncreaseClientShm: Creating clio_3803098_168 with size 128047216 (94492784 + 33554432 overhead)[0m
[97m/home/cvazquezperezdelacru/clio-core/context-runtime/src/ipc_manager.cc:2492 INFO 3803127 IncreaseClientShm IpcManager::IncreaseClientShm: Created allocator clio_3803098_168 with ID (3803098.168)[0m
[33m/home/cvazquezperezdelacru/clio-core/context-runtime/src/scheduler/default_sched.cc:430 WARNING 3803126 LoadBalance [#781 PDF] observed exec-time bins (cumulative): <10us=7842598 <50us=114521 <500us=16699 <10ms=23781 <50ms=2365 <500ms=197 <1s=0 >=1s=1 | stalls_detected=0[0m
[33m/home/cvazquezperezdelacru/clio-core/context-runtime/src/scheduler/default_sched.cc:439 WARNING 3803126 LoadBalance [#785] lane rescues performed: 0[0m
[97m/home/cvazquezperezdelacru/clio-core/context-runtime/src/ipc_manager.cc:2447 INFO 3803127 IncreaseClientShm IpcManager::IncreaseClientShm: Creating clio_3803098_169 with size 127966608 (94412176 + 33554432 overhead)[0m
[97m/home/cvazquezperezdelacru/clio-core/context-runtime/src/ipc_manager.cc:2492 INFO 3803127 IncreaseClientShm IpcManager::IncreaseClientShm: Created allocator clio_3803098_169 with ID (3803098.169)[0m
[97m/home/cvazquezperezdelacru/clio-core/context-runtime/src/ipc_manager.cc:2447 INFO 3803127 IncreaseClientShm IpcManager::IncreaseClientShm: Creating clio_3803098_170 with size 130987808 (97433376 + 33554432 overhead)[0m
[97m/home/cvazquezperezdelacru/clio-core/context-runtime/src/ipc_manager.cc:2492 INFO 3803127 IncreaseClientShm IpcManager::IncreaseClientShm: Created allocator clio_3803098_170 with ID (3803098.170)[0m
[33m/home/cvazquezperezdelacru/clio-core/context-runtime/src/scheduler/default_sched.cc:430 WARNING 3803126 LoadBalance [#781 PDF] observed exec-time bins (cumulative): <10us=7922680 <50us=115156 <500us=16835 <10ms=24086 <50ms=2397 <500ms=197 <1s=0 >=1s=1 | stalls_detected=0[0m
[33m/home/cvazquezperezdelacru/clio-core/context-runtime/src/scheduler/default_sched.cc:439 WARNING 3803126 LoadBalance [#785] lane rescues performed: 0[0m
[97m/home/cvazquezperezdelacru/clio-core/context-runtime/src/ipc_manager.cc:2447 INFO 3803127 IncreaseClientShm IpcManager::IncreaseClientShm: Creating clio_3803098_171 with size 134306712 (100752280 + 33554432 overhead)[0m
[97m/home/cvazquezperezdelacru/clio-core/context-runtime/src/ipc_manager.cc:2492 INFO 3803127 IncreaseClientShm IpcManager::IncreaseClientShm: Created allocator clio_3803098_171 with ID (3803098.171)[0m
[97m/home/cvazquezperezdelacru/clio-core/context-runtime/src/ipc_manager.cc:2447 INFO 3803127 IncreaseClientShm IpcManager::IncreaseClientShm: Creating clio_3803098_172 with size 131591008 (98036576 + 33554432 overhead)[0m
[97m/home/cvazquezperezdelacru/clio-core/context-runtime/src/ipc_manager.cc:2492 INFO 3803127 IncreaseClientShm IpcManager::IncreaseClientShm: Created allocator clio_3803098_172 with ID (3803098.172)[0m
[33m/home/cvazquezperezdelacru/clio-core/context-runtime/src/scheduler/default_sched.cc:430 WARNING 3803126 LoadBalance [#781 PDF] observed exec-time bins (cumulative): <10us=7999194 <50us=116879 <500us=16978 <10ms=24368 <50ms=2424 <500ms=197 <1s=0 >=1s=1 | stalls_detected=0[0m
[33m/home/cvazquezperezdelacru/clio-core/context-runtime/src/scheduler/default_sched.cc:439 WARNING 3803126 LoadBalance [#785] lane rescues performed: 0[0m
[97m/mnt/common/cvazquezperezdelacru/IOWARP/faiss/contrib/iowarp/chimod/src/faiss_ivf_runtime.cc:329 INFO 3803118 Search faiss_ivf: Search nq=250 k=10 nprobe=128 unique_lists=7900[0m
[97m/home/cvazquezperezdelacru/clio-core/context-runtime/src/ipc_manager.cc:2447 INFO 3803118 IncreaseClientShm IpcManager::IncreaseClientShm: Creating clio_3803098_173 with size 160400312 (126845880 + 33554432 overhead)[0m
[97m/home/cvazquezperezdelacru/clio-core/context-runtime/src/ipc_manager.cc:2492 INFO 3803118 IncreaseClientShm IpcManager::IncreaseClientShm: Created allocator clio_3803098_173 with ID (3803098.173)[0m
[97m/home/cvazquezperezdelacru/clio-core/context-runtime/src/ipc_manager.cc:2447 INFO 3803127 IncreaseClientShm IpcManager::IncreaseClientShm: Creating clio_3803098_174 with size 149185216 (115630784 + 33554432 overhead)[0m
[97m/home/cvazquezperezdelacru/clio-core/context-runtime/src/ipc_manager.cc:2492 INFO 3803127 IncreaseClientShm IpcManager::IncreaseClientShm: Created allocator clio_3803098_174 with ID (3803098.174)[0m
[33m/home/cvazquezperezdelacru/clio-core/context-runtime/src/scheduler/default_sched.cc:430 WARNING 3803126 LoadBalance [#781 PDF] observed exec-time bins (cumulative): <10us=8069998 <50us=117406 <500us=17118 <10ms=24638 <50ms=2452 <500ms=197 <1s=0 >=1s=2 | stalls_detected=0[0m
[33m/home/cvazquezperezdelacru/clio-core/context-runtime/src/scheduler/default_sched.cc:439 WARNING 3803126 LoadBalance [#785] lane rescues performed: 0[0m
[97m/home/cvazquezperezdelacru/clio-core/context-runtime/src/ipc_manager.cc:2447 INFO 3803127 IncreaseClientShm IpcManager::IncreaseClientShm: Creating clio_3803098_175 with size 129661808 (96107376 + 33554432 overhead)[0m
[97m/home/cvazquezperezdelacru/clio-core/context-runtime/src/ipc_manager.cc:2492 INFO 3803127 IncreaseClientShm IpcManager::IncreaseClientShm: Created allocator clio_3803098_175 with ID (3803098.175)[0m
[33m/home/cvazquezperezdelacru/clio-core/context-runtime/src/scheduler/default_sched.cc:430 WARNING 3803126 LoadBalance [#781 PDF] observed exec-time bins (cumulative): <10us=8147649 <50us=117956 <500us=17251 <10ms=24956 <50ms=2480 <500ms=197 <1s=0 >=1s=2 | stalls_detected=0[0m
[33m/home/cvazquezperezdelacru/clio-core/context-runtime/src/scheduler/default_sched.cc:439 WARNING 3803126 LoadBalance [#785] lane rescues performed: 0[0m
[97m/home/cvazquezperezdelacru/clio-core/context-runtime/src/ipc_manager.cc:2447 INFO 3803127 IncreaseClientShm IpcManager::IncreaseClientShm: Creating clio_3803098_176 with size 129674816 (96120384 + 33554432 overhead)[0m
[97m/home/cvazquezperezdelacru/clio-core/context-runtime/src/ipc_manager.cc:2492 INFO 3803127 IncreaseClientShm IpcManager::IncreaseClientShm: Created allocator clio_3803098_176 with ID (3803098.176)[0m
[97m/home/cvazquezperezdelacru/clio-core/context-runtime/src/ipc_manager.cc:2447 INFO 3803127 IncreaseClientShm IpcManager::IncreaseClientShm: Creating clio_3803098_177 with size 129715112 (96160680 + 33554432 overhead)[0m
[97m/home/cvazquezperezdelacru/clio-core/context-runtime/src/ipc_manager.cc:2492 INFO 3803127 IncreaseClientShm IpcManager::IncreaseClientShm: Created allocator clio_3803098_177 with ID (3803098.177)[0m
[33m/home/cvazquezperezdelacru/clio-core/context-runtime/src/scheduler/default_sched.cc:430 WARNING 3803126 LoadBalance [#781 PDF] observed exec-time bins (cumulative): <10us=8227304 <50us=118455 <500us=17389 <10ms=25256 <50ms=2518 <500ms=197 <1s=0 >=1s=2 | stalls_detected=0[0m
[33m/home/cvazquezperezdelacru/clio-core/context-runtime/src/scheduler/default_sched.cc:439 WARNING 3803126 LoadBalance [#785] lane rescues performed: 0[0m
[97m/home/cvazquezperezdelacru/clio-core/context-runtime/src/ipc_manager.cc:2447 INFO 3803127 IncreaseClientShm IpcManager::IncreaseClientShm: Creating clio_3803098_178 with size 127895112 (94340680 + 33554432 overhead)[0m
[97m/home/cvazquezperezdelacru/clio-core/context-runtime/src/ipc_manager.cc:2492 INFO 3803127 IncreaseClientShm IpcManager::IncreaseClientShm: Created allocator clio_3803098_178 with ID (3803098.178)[0m
[97m/home/cvazquezperezdelacru/clio-core/context-runtime/src/ipc_manager.cc:2447 INFO 3803127 IncreaseClientShm IpcManager::IncreaseClientShm: Creating clio_3803098_179 with size 140516816 (106962384 + 33554432 overhead)[0m
[97m/home/cvazquezperezdelacru/clio-core/context-runtime/src/ipc_manager.cc:2492 INFO 3803127 IncreaseClientShm IpcManager::IncreaseClientShm: Created allocator clio_3803098_179 with ID (3803098.179)[0m
[33m/home/cvazquezperezdelacru/clio-core/context-runtime/src/scheduler/default_sched.cc:430 WARNING 3803126 LoadBalance [#781 PDF] observed exec-time bins (cumulative): <10us=8309041 <50us=118976 <500us=17541 <10ms=25575 <50ms=2545 <500ms=197 <1s=0 >=1s=2 | stalls_detected=0[0m
[33m/home/cvazquezperezdelacru/clio-core/context-runtime/src/scheduler/default_sched.cc:439 WARNING 3803126 LoadBalance [#785] lane rescues performed: 0[0m
[97m/home/cvazquezperezdelacru/clio-core/context-runtime/src/ipc_manager.cc:2447 INFO 3803127 IncreaseClientShm IpcManager::IncreaseClientShm: Creating clio_3803098_180 with size 139527512 (105973080 + 33554432 overhead)[0m
[97m/home/cvazquezperezdelacru/clio-core/context-runtime/src/ipc_manager.cc:2492 INFO 3803127 IncreaseClientShm IpcManager::IncreaseClientShm: Created allocator clio_3803098_180 with ID (3803098.180)[0m
[97m/home/cvazquezperezdelacru/clio-core/context-runtime/src/ipc_manager.cc:2447 INFO 3803127 IncreaseClientShm IpcManager::IncreaseClientShm: Creating clio_3803098_181 with size 128058912 (94504480 + 33554432 overhead)[0m
[97m/home/cvazquezperezdelacru/clio-core/context-runtime/src/ipc_manager.cc:2492 INFO 3803127 IncreaseClientShm IpcManager::IncreaseClientShm: Created allocator clio_3803098_181 with ID (3803098.181)[0m
[33m/home/cvazquezperezdelacru/clio-core/context-runtime/src/scheduler/default_sched.cc:430 WARNING 3803126 LoadBalance [#781 PDF] observed exec-time bins (cumulative): <10us=8390157 <50us=119621 <500us=17718 <10ms=25889 <50ms=2563 <500ms=197 <1s=0 >=1s=2 | stalls_detected=0[0m
[33m/home/cvazquezperezdelacru/clio-core/context-runtime/src/scheduler/default_sched.cc:439 WARNING 3803126 LoadBalance [#785] lane rescues performed: 0[0m
[97m/home/cvazquezperezdelacru/clio-core/context-runtime/src/ipc_manager.cc:2447 INFO 3803127 IncreaseClientShm IpcManager::IncreaseClientShm: Creating clio_3803098_182 with size 130963112 (97408680 + 33554432 overhead)[0m
[97m/home/cvazquezperezdelacru/clio-core/context-runtime/src/ipc_manager.cc:2492 INFO 3803127 IncreaseClientShm IpcManager::IncreaseClientShm: Created allocator clio_3803098_182 with ID (3803098.182)[0m
[31m/home/cvazquezperezdelacru/clio-core/context-runtime/src/scheduler/default_sched.cc:726 ERROR 3803126 LoadBalance [HANGWATCH-HB] processed=47666 outstanding=1 (queued=1 blocked=0 retry=0 periodic=7) live=1 live_stalled=0[0m
[33m/home/cvazquezperezdelacru/clio-core/context-runtime/src/scheduler/default_sched.cc:430 WARNING 3803126 LoadBalance [#781 PDF] observed exec-time bins (cumulative): <10us=8471491 <50us=120199 <500us=17882 <10ms=26213 <50ms=2590 <500ms=197 <1s=0 >=1s=2 | stalls_detected=0[0m
[33m/home/cvazquezperezdelacru/clio-core/context-runtime/src/scheduler/default_sched.cc:439 WARNING 3803126 LoadBalance [#785] lane rescues performed: 0[0m
[97m/home/cvazquezperezdelacru/clio-core/context-runtime/src/ipc_manager.cc:2447 INFO 3803127 IncreaseClientShm IpcManager::IncreaseClientShm: Creating clio_3803098_183 with size 132503616 (98949184 + 33554432 overhead)[0m
[97m/home/cvazquezperezdelacru/clio-core/context-runtime/src/ipc_manager.cc:2492 INFO 3803127 IncreaseClientShm IpcManager::IncreaseClientShm: Created allocator clio_3803098_183 with ID (3803098.183)[0m
[97m/home/cvazquezperezdelacru/clio-core/context-runtime/src/ipc_manager.cc:2447 INFO 3803127 IncreaseClientShm IpcManager::IncreaseClientShm: Creating clio_3803098_184 with size 130885112 (97330680 + 33554432 overhead)[0m
[97m/home/cvazquezperezdelacru/clio-core/context-runtime/src/ipc_manager.cc:2492 INFO 3803127 IncreaseClientShm IpcManager::IncreaseClientShm: Created allocator clio_3803098_184 with ID (3803098.184)[0m
[33m/home/cvazquezperezdelacru/clio-core/context-runtime/src/scheduler/default_sched.cc:430 WARNING 3803126 LoadBalance [#781 PDF] observed exec-time bins (cumulative): <10us=8549179 <50us=122185 <500us=18063 <10ms=26550 <50ms=2623 <500ms=197 <1s=0 >=1s=2 | stalls_detected=0[0m
[33m/home/cvazquezperezdelacru/clio-core/context-runtime/src/scheduler/default_sched.cc:439 WARNING 3803126 LoadBalance [#785] lane rescues performed: 0[0m
[97m/home/cvazquezperezdelacru/clio-core/context-runtime/src/ipc_manager.cc:2447 INFO 3803127 IncreaseClientShm IpcManager::IncreaseClientShm: Creating clio_3803098_185 with size 131418112 (97863680 + 33554432 overhead)[0m
[97m/home/cvazquezperezdelacru/clio-core/context-runtime/src/ipc_manager.cc:2492 INFO 3803127 IncreaseClientShm IpcManager::IncreaseClientShm: Created allocator clio_3803098_185 with ID (3803098.185)[0m
[97m/home/cvazquezperezdelacru/clio-core/context-runtime/src/ipc_manager.cc:2447 INFO 3803127 IncreaseClientShm IpcManager::IncreaseClientShm: Creating clio_3803098_186 with size 130599112 (97044680 + 33554432 overhead)[0m
[97m/home/cvazquezperezdelacru/clio-core/context-runtime/src/ipc_manager.cc:2492 INFO 3803127 IncreaseClientShm IpcManager::IncreaseClientShm: Created allocator clio_3803098_186 with ID (3803098.186)[0m
[33m/home/cvazquezperezdelacru/clio-core/context-runtime/src/scheduler/default_sched.cc:430 WARNING 3803126 LoadBalance [#781 PDF] observed exec-time bins (cumulative): <10us=8629269 <50us=123053 <500us=18240 <10ms=26868 <50ms=2649 <500ms=197 <1s=0 >=1s=2 | stalls_detected=0[0m
[33m/home/cvazquezperezdelacru/clio-core/context-runtime/src/scheduler/default_sched.cc:439 WARNING 3803126 LoadBalance [#785] lane rescues performed: 0[0m
[97m/home/cvazquezperezdelacru/clio-core/context-runtime/src/ipc_manager.cc:2447 INFO 3803127 IncreaseClientShm IpcManager::IncreaseClientShm: Creating clio_3803098_187 with size 128554208 (94999776 + 33554432 overhead)[0m
[97m/home/cvazquezperezdelacru/clio-core/context-runtime/src/ipc_manager.cc:2492 INFO 3803127 IncreaseClientShm IpcManager::IncreaseClientShm: Created allocator clio_3803098_187 with ID (3803098.187)[0m
[97m/home/cvazquezperezdelacru/clio-core/context-runtime/src/ipc_manager.cc:2447 INFO 3803127 IncreaseClientShm IpcManager::IncreaseClientShm: Creating clio_3803098_188 with size 138098816 (104544384 + 33554432 overhead)[0m
[97m/home/cvazquezperezdelacru/clio-core/context-runtime/src/ipc_manager.cc:2492 INFO 3803127 IncreaseClientShm IpcManager::IncreaseClientShm: Created allocator clio_3803098_188 with ID (3803098.188)[0m
[33m/home/cvazquezperezdelacru/clio-core/context-runtime/src/scheduler/default_sched.cc:430 WARNING 3803126 LoadBalance [#781 PDF] observed exec-time bins (cumulative): <10us=8709669 <50us=123962 <500us=18386 <10ms=27194 <50ms=2690 <500ms=197 <1s=0 >=1s=2 | stalls_detected=0[0m
[33m/home/cvazquezperezdelacru/clio-core/context-runtime/src/scheduler/default_sched.cc:439 WARNING 3803126 LoadBalance [#785] lane rescues performed: 0[0m
[97m/home/cvazquezperezdelacru/clio-core/context-runtime/src/ipc_manager.cc:2447 INFO 3803127 IncreaseClientShm IpcManager::IncreaseClientShm: Creating clio_3803098_189 with size 143027112 (109472680 + 33554432 overhead)[0m
[97m/home/cvazquezperezdelacru/clio-core/context-runtime/src/ipc_manager.cc:2492 INFO 3803127 IncreaseClientShm IpcManager::IncreaseClientShm: Created allocator clio_3803098_189 with ID (3803098.189)[0m
[97m/home/cvazquezperezdelacru/clio-core/context-runtime/src/ipc_manager.cc:2447 INFO 3803127 IncreaseClientShm IpcManager::IncreaseClientShm: Creating clio_3803098_190 with size 131782112 (98227680 + 33554432 overhead)[0m
[97m/home/cvazquezperezdelacru/clio-core/context-runtime/src/ipc_manager.cc:2492 INFO 3803127 IncreaseClientShm IpcManager::IncreaseClientShm: Created allocator clio_3803098_190 with ID (3803098.190)[0m
[33m/home/cvazquezperezdelacru/clio-core/context-runtime/src/scheduler/default_sched.cc:430 WARNING 3803126 LoadBalance [#781 PDF] observed exec-time bins (cumulative): <10us=8788356 <50us=124715 <500us=18526 <10ms=27482 <50ms=2730 <500ms=197 <1s=0 >=1s=2 | stalls_detected=0[0m
[33m/home/cvazquezperezdelacru/clio-core/context-runtime/src/scheduler/default_sched.cc:439 WARNING 3803126 LoadBalance [#785] lane rescues performed: 0[0m
[97m/home/cvazquezperezdelacru/clio-core/context-runtime/src/ipc_manager.cc:2447 INFO 3803127 IncreaseClientShm IpcManager::IncreaseClientShm: Creating clio_3803098_191 with size 135143912 (101589480 + 33554432 overhead)[0m
[97m/home/cvazquezperezdelacru/clio-core/context-runtime/src/ipc_manager.cc:2492 INFO 3803127 IncreaseClientShm IpcManager::IncreaseClientShm: Created allocator clio_3803098_191 with ID (3803098.191)[0m
[97m/home/cvazquezperezdelacru/clio-core/context-runtime/src/ipc_manager.cc:2447 INFO 3803127 IncreaseClientShm IpcManager::IncreaseClientShm: Creating clio_3803098_192 with size 143630312 (110075880 + 33554432 overhead)[0m
[97m/home/cvazquezperezdelacru/clio-core/context-runtime/src/ipc_manager.cc:2492 INFO 3803127 IncreaseClientShm IpcManager::IncreaseClientShm: Created allocator clio_3803098_192 with ID (3803098.192)[0m
[33m/home/cvazquezperezdelacru/clio-core/context-runtime/src/scheduler/default_sched.cc:430 WARNING 3803126 LoadBalance [#781 PDF] observed exec-time bins (cumulative): <10us=8866062 <50us=125580 <500us=18694 <10ms=27792 <50ms=2760 <500ms=197 <1s=0 >=1s=2 | stalls_detected=0[0m
[33m/home/cvazquezperezdelacru/clio-core/context-runtime/src/scheduler/default_sched.cc:439 WARNING 3803126 LoadBalance [#785] lane rescues performed: 0[0m
[97m/home/cvazquezperezdelacru/clio-core/context-runtime/src/ipc_manager.cc:2447 INFO 3803127 IncreaseClientShm IpcManager::IncreaseClientShm: Creating clio_3803098_193 with size 140593512 (107039080 + 33554432 overhead)[0m
[97m/home/cvazquezperezdelacru/clio-core/context-runtime/src/ipc_manager.cc:2492 INFO 3803127 IncreaseClientShm IpcManager::IncreaseClientShm: Created allocator clio_3803098_193 with ID (3803098.193)[0m
[33m/home/cvazquezperezdelacru/clio-core/context-runtime/src/scheduler/default_sched.cc:430 WARNING 3803126 LoadBalance [#781 PDF] observed exec-time bins (cumulative): <10us=8945054 <50us=126230 <500us=18830 <10ms=28100 <50ms=2800 <500ms=197 <1s=0 >=1s=2 | stalls_detected=0[0m
[33m/home/cvazquezperezdelacru/clio-core/context-runtime/src/scheduler/default_sched.cc:439 WARNING 3803126 LoadBalance [#785] lane rescues performed: 0[0m
[97m/home/cvazquezperezdelacru/clio-core/context-runtime/src/ipc_manager.cc:2447 INFO 3803127 IncreaseClientShm IpcManager::IncreaseClientShm: Creating clio_3803098_194 with size 137720512 (104166080 + 33554432 overhead)[0m
[97m/home/cvazquezperezdelacru/clio-core/context-runtime/src/ipc_manager.cc:2492 INFO 3803127 IncreaseClientShm IpcManager::IncreaseClientShm: Created allocator clio_3803098_194 with ID (3803098.194)[0m
[97m/home/cvazquezperezdelacru/clio-core/context-runtime/src/ipc_manager.cc:2447 INFO 3803127 IncreaseClientShm IpcManager::IncreaseClientShm: Creating clio_3803098_195 with size 131488312 (97933880 + 33554432 overhead)[0m
[97m/home/cvazquezperezdelacru/clio-core/context-runtime/src/ipc_manager.cc:2492 INFO 3803127 IncreaseClientShm IpcManager::IncreaseClientShm: Created allocator clio_3803098_195 with ID (3803098.195)[0m
[33m/home/cvazquezperezdelacru/clio-core/context-runtime/src/scheduler/default_sched.cc:430 WARNING 3803126 LoadBalance [#781 PDF] observed exec-time bins (cumulative): <10us=9027698 <50us=126858 <500us=18963 <10ms=28421 <50ms=2830 <500ms=197 <1s=0 >=1s=2 | stalls_detected=0[0m
[33m/home/cvazquezperezdelacru/clio-core/context-runtime/src/scheduler/default_sched.cc:439 WARNING 3803126 LoadBalance [#785] lane rescues performed: 0[0m
[97m/home/cvazquezperezdelacru/clio-core/context-runtime/src/ipc_manager.cc:2447 INFO 3803127 IncreaseClientShm IpcManager::IncreaseClientShm: Creating clio_3803098_196 with size 130775912 (97221480 + 33554432 overhead)[0m
[97m/home/cvazquezperezdelacru/clio-core/context-runtime/src/ipc_manager.cc:2492 INFO 3803127 IncreaseClientShm IpcManager::IncreaseClientShm: Created allocator clio_3803098_196 with ID (3803098.196)[0m
[97m/home/cvazquezperezdelacru/clio-core/context-runtime/src/ipc_manager.cc:2447 INFO 3803127 IncreaseClientShm IpcManager::IncreaseClientShm: Creating clio_3803098_197 with size 128412512 (94858080 + 33554432 overhead)[0m
[97m/home/cvazquezperezdelacru/clio-core/context-runtime/src/ipc_manager.cc:2492 INFO 3803127 IncreaseClientShm IpcManager::IncreaseClientShm: Created allocator clio_3803098_197 with ID (3803098.197)[0m
[33m/home/cvazquezperezdelacru/clio-core/context-runtime/src/scheduler/default_sched.cc:430 WARNING 3803126 LoadBalance [#781 PDF] observed exec-time bins (cumulative): <10us=9109509 <50us=127972 <500us=19111 <10ms=28744 <50ms=2854 <500ms=197 <1s=0 >=1s=2 | stalls_detected=0[0m
[33m/home/cvazquezperezdelacru/clio-core/context-runtime/src/scheduler/default_sched.cc:439 WARNING 3803126 LoadBalance [#785] lane rescues performed: 0[0m
[97m/home/cvazquezperezdelacru/clio-core/context-runtime/src/ipc_manager.cc:2447 INFO 3803127 IncreaseClientShm IpcManager::IncreaseClientShm: Creating clio_3803098_198 with size 130756416 (97201984 + 33554432 overhead)[0m
[97m/home/cvazquezperezdelacru/clio-core/context-runtime/src/ipc_manager.cc:2492 INFO 3803127 IncreaseClientShm IpcManager::IncreaseClientShm: Created allocator clio_3803098_198 with ID (3803098.198)[0m
[97m/home/cvazquezperezdelacru/clio-core/context-runtime/src/ipc_manager.cc:2447 INFO 3803127 IncreaseClientShm IpcManager::IncreaseClientShm: Creating clio_3803098_199 with size 130415808 (96861376 + 33554432 overhead)[0m
[97m/home/cvazquezperezdelacru/clio-core/context-runtime/src/ipc_manager.cc:2492 INFO 3803127 IncreaseClientShm IpcManager::IncreaseClientShm: Created allocator clio_3803098_199 with ID (3803098.199)[0m
[33m/home/cvazquezperezdelacru/clio-core/context-runtime/src/scheduler/default_sched.cc:430 WARNING 3803126 LoadBalance [#781 PDF] observed exec-time bins (cumulative): <10us=9192978 <50us=129192 <500us=19285 <10ms=29052 <50ms=2889 <500ms=197 <1s=0 >=1s=2 | stalls_detected=0[0m
[33m/home/cvazquezperezdelacru/clio-core/context-runtime/src/scheduler/default_sched.cc:439 WARNING 3803126 LoadBalance [#785] lane rescues performed: 0[0m
[97m/home/cvazquezperezdelacru/clio-core/context-runtime/src/ipc_manager.cc:2447 INFO 3803127 IncreaseClientShm IpcManager::IncreaseClientShm: Creating clio_3803098_200 with size 128572416 (95017984 + 33554432 overhead)[0m
[97m/home/cvazquezperezdelacru/clio-core/context-runtime/src/ipc_manager.cc:2492 INFO 3803127 IncreaseClientShm IpcManager::IncreaseClientShm: Created allocator clio_3803098_200 with ID (3803098.200)[0m
[33m/home/cvazquezperezdelacru/clio-core/context-runtime/src/scheduler/default_sched.cc:430 WARNING 3803126 LoadBalance [#781 PDF] observed exec-time bins (cumulative): <10us=9277021 <50us=130300 <500us=19445 <10ms=29380 <50ms=2924 <500ms=197 <1s=0 >=1s=2 | stalls_detected=0[0m
[33m/home/cvazquezperezdelacru/clio-core/context-runtime/src/scheduler/default_sched.cc:439 WARNING 3803126 LoadBalance [#785] lane rescues performed: 0[0m
[97m/home/cvazquezperezdelacru/clio-core/context-runtime/src/ipc_manager.cc:2447 INFO 3803127 IncreaseClientShm IpcManager::IncreaseClientShm: Creating clio_3803098_201 with size 127567512 (94013080 + 33554432 overhead)[0m
[97m/home/cvazquezperezdelacru/clio-core/context-runtime/src/ipc_manager.cc:2492 INFO 3803127 IncreaseClientShm IpcManager::IncreaseClientShm: Created allocator clio_3803098_201 with ID (3803098.201)[0m
[97m/home/cvazquezperezdelacru/clio-core/context-runtime/src/ipc_manager.cc:2447 INFO 3803127 IncreaseClientShm IpcManager::IncreaseClientShm: Creating clio_3803098_202 with size 128844112 (95289680 + 33554432 overhead)[0m
[97m/home/cvazquezperezdelacru/clio-core/context-runtime/src/ipc_manager.cc:2492 INFO 3803127 IncreaseClientShm IpcManager::IncreaseClientShm: Created allocator clio_3803098_202 with ID (3803098.202)[0m
[33m/home/cvazquezperezdelacru/clio-core/context-runtime/src/scheduler/default_sched.cc:430 WARNING 3803126 LoadBalance [#781 PDF] observed exec-time bins (cumulative): <10us=9363022 <50us=130764 <500us=19597 <10ms=29723 <50ms=2946 <500ms=197 <1s=0 >=1s=2 | stalls_detected=0[0m
[33m/home/cvazquezperezdelacru/clio-core/context-runtime/src/scheduler/default_sched.cc:439 WARNING 3803126 LoadBalance [#785] lane rescues performed: 0[0m
[97m/home/cvazquezperezdelacru/clio-core/context-runtime/src/ipc_manager.cc:2447 INFO 3803127 IncreaseClientShm IpcManager::IncreaseClientShm: Creating clio_3803098_203 with size 129264016 (95709584 + 33554432 overhead)[0m
[97m/home/cvazquezperezdelacru/clio-core/context-runtime/src/ipc_manager.cc:2492 INFO 3803127 IncreaseClientShm IpcManager::IncreaseClientShm: Created allocator clio_3803098_203 with ID (3803098.203)[0m
[97m/home/cvazquezperezdelacru/clio-core/context-runtime/src/ipc_manager.cc:2447 INFO 3803127 IncreaseClientShm IpcManager::IncreaseClientShm: Creating clio_3803098_204 with size 127632512 (94078080 + 33554432 overhead)[0m
[97m/home/cvazquezperezdelacru/clio-core/context-runtime/src/ipc_manager.cc:2492 INFO 3803127 IncreaseClientShm IpcManager::IncreaseClientShm: Created allocator clio_3803098_204 with ID (3803098.204)[0m
[31m/home/cvazquezperezdelacru/clio-core/context-runtime/src/scheduler/default_sched.cc:726 ERROR 3803126 LoadBalance [HANGWATCH-HB] processed=54538 outstanding=1 (queued=1 blocked=0 retry=0 periodic=7) live=1 live_stalled=0[0m
[33m/home/cvazquezperezdelacru/clio-core/context-runtime/src/scheduler/default_sched.cc:430 WARNING 3803126 LoadBalance [#781 PDF] observed exec-time bins (cumulative): <10us=9444246 <50us=131501 <500us=19748 <10ms=30056 <50ms=2975 <500ms=197 <1s=0 >=1s=2 | stalls_detected=0[0m
[33m/home/cvazquezperezdelacru/clio-core/context-runtime/src/scheduler/default_sched.cc:439 WARNING 3803126 LoadBalance [#785] lane rescues performed: 0[0m
[97m/home/cvazquezperezdelacru/clio-core/context-runtime/src/ipc_manager.cc:2447 INFO 3803127 IncreaseClientShm IpcManager::IncreaseClientShm: Creating clio_3803098_205 with size 127815808 (94261376 + 33554432 overhead)[0m
[97m/home/cvazquezperezdelacru/clio-core/context-runtime/src/ipc_manager.cc:2492 INFO 3803127 IncreaseClientShm IpcManager::IncreaseClientShm: Created allocator clio_3803098_205 with ID (3803098.205)[0m
[97m/home/cvazquezperezdelacru/clio-core/context-runtime/src/ipc_manager.cc:2447 INFO 3803127 IncreaseClientShm IpcManager::IncreaseClientShm: Creating clio_3803098_206 with size 127510312 (93955880 + 33554432 overhead)[0m
[97m/home/cvazquezperezdelacru/clio-core/context-runtime/src/ipc_manager.cc:2492 INFO 3803127 IncreaseClientShm IpcManager::IncreaseClientShm: Created allocator clio_3803098_206 with ID (3803098.206)[0m
[33m/home/cvazquezperezdelacru/clio-core/context-runtime/src/scheduler/default_sched.cc:430 WARNING 3803126 LoadBalance [#781 PDF] observed exec-time bins (cumulative): <10us=9527915 <50us=132302 <500us=19887 <10ms=30394 <50ms=3001 <500ms=197 <1s=0 >=1s=2 | stalls_detected=0[0m
[33m/home/cvazquezperezdelacru/clio-core/context-runtime/src/scheduler/default_sched.cc:439 WARNING 3803126 LoadBalance [#785] lane rescues performed: 0[0m
[97m/home/cvazquezperezdelacru/clio-core/context-runtime/src/ipc_manager.cc:2447 INFO 3803127 IncreaseClientShm IpcManager::IncreaseClientShm: Creating clio_3803098_207 with size 128641312 (95086880 + 33554432 overhead)[0m
[97m/home/cvazquezperezdelacru/clio-core/context-runtime/src/ipc_manager.cc:2492 INFO 3803127 IncreaseClientShm IpcManager::IncreaseClientShm: Created allocator clio_3803098_207 with ID (3803098.207)[0m
[97m/home/cvazquezperezdelacru/clio-core/context-runtime/src/ipc_manager.cc:2447 INFO 3803127 IncreaseClientShm IpcManager::IncreaseClientShm: Creating clio_3803098_208 with size 127966608 (94412176 + 33554432 overhead)[0m
[97m/home/cvazquezperezdelacru/clio-core/context-runtime/src/ipc_manager.cc:2492 INFO 3803127 IncreaseClientShm IpcManager::IncreaseClientShm: Created allocator clio_3803098_208 with ID (3803098.208)[0m
[33m/home/cvazquezperezdelacru/clio-core/context-runtime/src/scheduler/default_sched.cc:430 WARNING 3803126 LoadBalance [#781 PDF] observed exec-time bins (cumulative): <10us=9612806 <50us=133262 <500us=20025 <10ms=30694 <50ms=3037 <500ms=197 <1s=0 >=1s=2 | stalls_detected=0[0m
[33m/home/cvazquezperezdelacru/clio-core/context-runtime/src/scheduler/default_sched.cc:439 WARNING 3803126 LoadBalance [#785] lane rescues performed: 0[0m
[97m/home/cvazquezperezdelacru/clio-core/context-runtime/src/ipc_manager.cc:2447 INFO 3803127 IncreaseClientShm IpcManager::IncreaseClientShm: Creating clio_3803098_209 with size 130987808 (97433376 + 33554432 overhead)[0m
[97m/home/cvazquezperezdelacru/clio-core/context-runtime/src/ipc_manager.cc:2492 INFO 3803127 IncreaseClientShm IpcManager::IncreaseClientShm: Created allocator clio_3803098_209 with ID (3803098.209)[0m
[97m/home/cvazquezperezdelacru/clio-core/context-runtime/src/ipc_manager.cc:2447 INFO 3803127 IncreaseClientShm IpcManager::IncreaseClientShm: Creating clio_3803098_210 with size 134306712 (100752280 + 33554432 overhead)[0m
[97m/home/cvazquezperezdelacru/clio-core/context-runtime/src/ipc_manager.cc:2492 INFO 3803127 IncreaseClientShm IpcManager::IncreaseClientShm: Created allocator clio_3803098_210 with ID (3803098.210)[0m
[33m/home/cvazquezperezdelacru/clio-core/context-runtime/src/scheduler/default_sched.cc:430 WARNING 3803126 LoadBalance [#781 PDF] observed exec-time bins (cumulative): <10us=9694632 <50us=134152 <500us=20153 <10ms=31003 <50ms=3075 <500ms=197 <1s=0 >=1s=2 | stalls_detected=0[0m
[33m/home/cvazquezperezdelacru/clio-core/context-runtime/src/scheduler/default_sched.cc:439 WARNING 3803126 LoadBalance [#785] lane rescues performed: 0[0m
[97m/home/cvazquezperezdelacru/clio-core/context-runtime/src/ipc_manager.cc:2447 INFO 3803127 IncreaseClientShm IpcManager::IncreaseClientShm: Creating clio_3803098_211 with size 131591008 (98036576 + 33554432 overhead)[0m
[97m/home/cvazquezperezdelacru/clio-core/context-runtime/src/ipc_manager.cc:2492 INFO 3803127 IncreaseClientShm IpcManager::IncreaseClientShm: Created allocator clio_3803098_211 with ID (3803098.211)[0m
[33m/home/cvazquezperezdelacru/clio-core/context-runtime/src/scheduler/default_sched.cc:430 WARNING 3803126 LoadBalance [#781 PDF] observed exec-time bins (cumulative): <10us=9766112 <50us=135271 <500us=20252 <10ms=31203 <50ms=3095 <500ms=197 <1s=0 >=1s=3 | stalls_detected=0[0m
[33m/home/cvazquezperezdelacru/clio-core/context-runtime/src/scheduler/default_sched.cc:439 WARNING 3803126 LoadBalance [#785] lane rescues performed: 0[0m
[97m/home/cvazquezperezdelacru/clio-core/context-runtime/src/pool_manager.cc:431 INFO 3803098 DestroyLocalPool PoolManager: Destroyed local pool PoolId(major:1, minor:0)[0m
[31m/home/cvazquezperezdelacru/clio-core/context-runtime/src/ipc_manager.cc:3856 ERROR 3803125 RouteTask RouteTask: RouteLocal returned 4 for pool=PoolId(major:1, minor:0) method=21, worker=7[0m
[31m/home/cvazquezperezdelacru/clio-core/context-runtime/src/ipc_manager.cc:3856 ERROR 3803125 RouteTask RouteTask: RouteLocal returned 4 for pool=PoolId(major:1, minor:0) method=21, worker=7[0m
[31m/home/cvazquezperezdelacru/clio-core/context-runtime/src/ipc_manager.cc:3856 ERROR 3803124 RouteTask RouteTask: RouteLocal returned 4 for pool=PoolId(major:1, minor:0) method=14, worker=6[0m
[31m/home/cvazquezperezdelacru/clio-core/context-runtime/src/ipc_manager.cc:3856 ERROR 3803124 RouteTask RouteTask: RouteLocal returned 4 for pool=PoolId(major:1, minor:0) method=14, worker=6[0m
