[97m/home/cvazquezperezdelacru/clio-core/context-runtime/src/config_manager.cc:144 INFO 3747814 ClientInit Config at: /mnt/common/cvazquezperezdelacru/IOWARP/faiss/contrib/iowarp/benchmarks/results/ares_cte_rendered_20260805_130343.yaml[0m
[97m/home/cvazquezperezdelacru/clio-core/context-runtime/src/ipc_manager.cc:2872 INFO 3747814 ClearUserIpcs ClearUserIpcs: Removed 42 memfd symlinks from previous runs[0m
[33m/home/cvazquezperezdelacru/clio-core/context-runtime/src/ipc_manager.cc:906 WARNING 3747814 ServerInitShm Main segment: requested 50079694848 bytes exceeds half the memory budget (50079694848 bytes); clamping to 25039847424 bytes[0m
[97m/home/cvazquezperezdelacru/clio-core/context-runtime/src/ipc_manager.cc:931 INFO 3747814 ServerInitShm Initializing main shared memory segment: 25039847424 bytes (23879 MB)[0m
[97m/home/cvazquezperezdelacru/clio-core/context-runtime/src/ipc_manager.cc:952 INFO 3747814 ServerInitShm Initializing queue shared memory segment: 646224224 bytes (631078 KB)[0m
[33m/home/cvazquezperezdelacru/clio-core/context-runtime/src/ipc_manager.cc:1005 WARNING 3747814 ServerInitShm Metadata segment: requested 50079694848 bytes exceeds half the memory budget (50079694848 bytes); clamping to 25039847424 bytes[0m
[97m/home/cvazquezperezdelacru/clio-core/context-runtime/src/ipc_manager.cc:1039 INFO 3747814 ServerInitShm Initializing metadata shared memory segment: 25039847424 bytes (23879 MB), sparse/not pre-faulted[0m
[97m/home/cvazquezperezdelacru/clio-core/context-runtime/src/ipc_manager.cc:865 INFO 3747814 ExcludeFromCoreDump metadata segment: excluded 25039847424 bytes from core dumps[0m
[97m/home/cvazquezperezdelacru/clio-core/context-runtime/src/ipc_manager.cc:1072 INFO 3747814 ServerInitShm ServerInitShm: metadata directory at offset 68072[0m
[97m/home/cvazquezperezdelacru/clio-core/context-runtime/src/ipc_manager.cc:1127 INFO 3747814 ServerInitShm ServerInitShm: 8 inbound SHM ring(s) 'clio-3747814-shm-in-0..7' (16MB each)[0m
[97m/home/cvazquezperezdelacru/clio-core/context-runtime/src/ipc_manager.cc:1269 INFO 3747814 ServerInitQueues Initializing 16 worker queues with depth 1024 (last worker serves dual role)[0m
[97m/home/cvazquezperezdelacru/clio-core/context-runtime/src/ipc_manager.cc:1933 INFO 3747814 IdentifyThisHost SUCCESS: Main server started on 0.0.0.0:9413 (advertised as ares-comp-31, node=0)[0m
[97m/home/cvazquezperezdelacru/clio-core/context-runtime/src/ipc_manager.cc:561 INFO 3747814 ServerInit IpcManager: TCP ROUTER transport bound on 0.0.0.0:9416[0m
[97m/home/cvazquezperezdelacru/clio-core/context-runtime/src/ipc_manager.cc:579 INFO 3747814 ServerInit IpcManager: IPC lightbeam server bound on /tmp/clio_cvazquezperezdelacru/clio_9413.ipc[0m
[97m/home/cvazquezperezdelacru/clio-core/context-runtime/src/module_manager.cc:137 INFO 3747814 LoadChiMod Loaded ChiMod: clio_MOD_NAME from /mnt/common/cvazquezperezdelacru/clio-core-dev-install/lib/libclio_MOD_NAME_runtime.so[0m
[97m/home/cvazquezperezdelacru/clio-core/context-runtime/src/module_manager.cc:137 INFO 3747814 LoadChiMod Loaded ChiMod: clio_admin from /mnt/common/cvazquezperezdelacru/clio-core-dev-install/lib/libclio_admin_runtime.so[0m
[97m/home/cvazquezperezdelacru/clio-core/context-runtime/src/module_manager.cc:137 INFO 3747814 LoadChiMod Loaded ChiMod: clio_bdev from /mnt/common/cvazquezperezdelacru/clio-core-dev-install/lib/libclio_bdev_runtime.so[0m
[97m/home/cvazquezperezdelacru/clio-core/context-runtime/src/module_manager.cc:137 INFO 3747814 LoadChiMod Loaded ChiMod: clio_safe_bdev from /mnt/common/cvazquezperezdelacru/clio-core-dev-install/lib/libclio_safe_bdev_runtime.so[0m
[97m/home/cvazquezperezdelacru/clio-core/context-runtime/src/module_manager.cc:137 INFO 3747814 LoadChiMod Loaded ChiMod: clio_cte_replication from /mnt/common/cvazquezperezdelacru/clio-core-dev-install/lib/libclio_cte_replication_runtime.so[0m
[97m/home/cvazquezperezdelacru/clio-core/context-runtime/src/module_manager.cc:137 INFO 3747814 LoadChiMod Loaded ChiMod: clio_cte_cache from /mnt/common/cvazquezperezdelacru/clio-core-dev-install/lib/libclio_cte_cache_runtime.so[0m
[97m/home/cvazquezperezdelacru/clio-core/context-runtime/src/module_manager.cc:137 INFO 3747814 LoadChiMod Loaded ChiMod: clio_cte_indexer from /mnt/common/cvazquezperezdelacru/clio-core-dev-install/lib/libclio_cte_indexer_runtime.so[0m
[97m/home/cvazquezperezdelacru/clio-core/context-runtime/src/module_manager.cc:137 INFO 3747814 LoadChiMod Loaded ChiMod: clio_cte_core from /mnt/common/cvazquezperezdelacru/clio-core-dev-install/lib/libclio_cte_core_runtime.so[0m
[97m/home/cvazquezperezdelacru/clio-core/context-runtime/src/module_manager.cc:137 INFO 3747814 LoadChiMod Loaded ChiMod: clio_cte_filesystem from /mnt/common/cvazquezperezdelacru/clio-core-dev-install/lib/libclio_cte_filesystem_runtime.so[0m
[97m/home/cvazquezperezdelacru/clio-core/context-runtime/src/module_manager.cc:137 INFO 3747814 LoadChiMod Loaded ChiMod: clio_faiss_ivf from /mnt/common/cvazquezperezdelacru/IOWARP/faiss/contrib/iowarp/build-dev/chimod/libclio_faiss_ivf_runtime.so[0m
[97m/home/cvazquezperezdelacru/clio-core/context-runtime/src/work_orchestrator.cc:94 INFO 3747814 Init Creating 8 workers (7 task + 1 dedicated network)[0m
[97m/home/cvazquezperezdelacru/clio-core/context-runtime/src/ipc_manager.cc:756 INFO 3747814 SetNumSchedQueues IpcManager: Updated num_sched_queues to 1[0m
[97m/home/cvazquezperezdelacru/clio-core/context-runtime/src/scheduler/default_sched.cc:139 INFO 3747814 DivideWorkers DefaultScheduler: 1 scheduler worker (0), 4 I/O workers, net_send_worker=6, net_recv_worker=7, gpu_worker=5[0m
[97m/home/cvazquezperezdelacru/clio-core/context-runtime/src/work_orchestrator.cc:271 INFO 3747814 SpawnWorkerThreads WorkOrchestrator: num_workers=8, num_lanes=16[0m
[97m/home/cvazquezperezdelacru/clio-core/context-runtime/src/work_orchestrator.cc:294 INFO 3747814 SpawnWorkerThreads WorkOrchestrator: Mapped worker 0 (ID 0) to lane 0[0m
[97m/home/cvazquezperezdelacru/clio-core/context-runtime/src/work_orchestrator.cc:294 INFO 3747814 SpawnWorkerThreads WorkOrchestrator: Mapped worker 1 (ID 1) to lane 1[0m
[97m/home/cvazquezperezdelacru/clio-core/context-runtime/src/work_orchestrator.cc:294 INFO 3747814 SpawnWorkerThreads WorkOrchestrator: Mapped worker 2 (ID 2) to lane 2[0m
[97m/home/cvazquezperezdelacru/clio-core/context-runtime/src/work_orchestrator.cc:294 INFO 3747814 SpawnWorkerThreads WorkOrchestrator: Mapped worker 3 (ID 3) to lane 3[0m
[97m/home/cvazquezperezdelacru/clio-core/context-runtime/src/work_orchestrator.cc:294 INFO 3747814 SpawnWorkerThreads WorkOrchestrator: Mapped worker 4 (ID 4) to lane 4[0m
[97m/home/cvazquezperezdelacru/clio-core/context-runtime/src/work_orchestrator.cc:294 INFO 3747814 SpawnWorkerThreads WorkOrchestrator: Mapped worker 5 (ID 5) to lane 5[0m
[97m/home/cvazquezperezdelacru/clio-core/context-runtime/src/work_orchestrator.cc:294 INFO 3747814 SpawnWorkerThreads WorkOrchestrator: Mapped worker 6 (ID 6) to lane 6[0m
[97m/home/cvazquezperezdelacru/clio-core/context-runtime/src/work_orchestrator.cc:294 INFO 3747814 SpawnWorkerThreads WorkOrchestrator: Mapped worker 7 (ID 7) to lane 7[0m
[97m/home/cvazquezperezdelacru/clio-core/context-runtime/src/pool_manager.cc:534 INFO 3747814 CreatePool PoolManager: Creating pool 'admin' with 2 containers (one per node)[0m
[33m/home/cvazquezperezdelacru/clio-core/context-runtime/modules/admin/include/clio_runtime/admin/admin_client.h:59 WARNING 3747814 Client AdminClient: Default constructor called - pool_id_ will be PoolId(0,0)[0m
[97m/home/cvazquezperezdelacru/clio-core/context-runtime/src/pool_manager.cc:615 INFO 3747814 CreatePool Creating container for pool PoolId(major:1, minor:0) on node 0 with container_id=0[0m
[97m/home/cvazquezperezdelacru/clio-core/context-runtime/src/pool_manager.cc:644 INFO 3747814 CreatePool Container initialized with pool ID PoolId(major:1, minor:0), name admin, and container ID 0[0m
[97m/home/cvazquezperezdelacru/clio-core/context-runtime/src/pool_manager.cc:663 INFO 3747814 CreatePool CreatePool: Running Create method for pool PoolId(major:1, minor:0)[0m
[97m/home/cvazquezperezdelacru/clio-core/context-runtime/src/ipc/ipc_run2run.cc:1182 INFO 3747843 operator() [PeerRecvThread] started[0m
[97m/home/cvazquezperezdelacru/clio-core/context-runtime/src/ipc/ipc_run2run.cc:1254 INFO 3747844 operator() [ClientRecvThread] started[0m
[97m/home/cvazquezperezdelacru/clio-core/context-runtime/src/pool_manager.cc:666 INFO 3747814 CreatePool CreatePool: Create method completed for pool PoolId(major:1, minor:0)[0m
[97m/home/cvazquezperezdelacru/clio-core/context-runtime/src/pool_manager.cc:700 INFO 3747814 CreatePool PoolManager: Created complete pool PoolId(major:1, minor:0) with ChiMod clio_admin (2 containers)[0m
[97m/home/cvazquezperezdelacru/clio-core/context-runtime/src/pool_manager.cc:125 INFO 3747814 ServerInit PoolManager: Admin chimod pool created successfully with PoolId PoolId(major:1, minor:0)[0m
[97m/home/cvazquezperezdelacru/clio-core/context-runtime/src/manager.cc:264 INFO 3747814 ServerInit Processing compose configuration with 3 pools[0m
[33m/home/cvazquezperezdelacru/clio-core/context-runtime/src/../modules/admin/include/clio_runtime/admin/admin_client.h:59 WARNING 3747814 Client AdminClient: Default constructor called - pool_id_ will be PoolId(0,0)[0m
[97m/home/cvazquezperezdelacru/clio-core/context-runtime/src/manager.cc:282 INFO 3747814 ServerInit Compose: Creating pool ram::chi_default_bdev (module: clio_bdev, restart: 0)[0m
[97m/home/cvazquezperezdelacru/clio-core/context-runtime/src/pool_manager.cc:534 INFO 3747838 CreatePool PoolManager: Creating pool 'ram::chi_default_bdev' with 2 containers (one per node)[0m
[97m/home/cvazquezperezdelacru/clio-core/context-runtime/src/pool_manager.cc:615 INFO 3747838 CreatePool Creating container for pool PoolId(major:301, minor:0) on node 0 with container_id=0[0m
[97m/home/cvazquezperezdelacru/clio-core/context-runtime/src/pool_manager.cc:644 INFO 3747838 CreatePool Container initialized with pool ID PoolId(major:301, minor:0), name ram::chi_default_bdev, and container ID 0[0m
[97m/home/cvazquezperezdelacru/clio-core/context-runtime/src/pool_manager.cc:663 INFO 3747838 CreatePool CreatePool: Running Create method for pool PoolId(major:301, minor:0)[0m
[97m/home/cvazquezperezdelacru/clio-core/context-runtime/modules/bdev/src/transports/mem_bdev_transport.cc:152 INFO 3747838 InitShmBacking [#783] RAM bdev 'clio_rambdev_3747814_301_0' is shared-memory backed (38655688704 of 38654705664 bytes mapped)[0m
[97m/home/cvazquezperezdelacru/clio-core/context-runtime/src/pool_manager.cc:666 INFO 3747838 CreatePool CreatePool: Create method completed for pool PoolId(major:301, minor:0)[0m
[97m/home/cvazquezperezdelacru/clio-core/context-runtime/src/pool_manager.cc:700 INFO 3747838 CreatePool PoolManager: Created complete pool PoolId(major:301, minor:0) with ChiMod clio_bdev (2 containers)[0m
[97m/home/cvazquezperezdelacru/clio-core/context-runtime/src/manager.cc:298 INFO 3747814 ServerInit Compose: Successfully created pool ram::chi_default_bdev (module: clio_bdev)[0m
[97m/home/cvazquezperezdelacru/clio-core/context-runtime/src/manager.cc:282 INFO 3747814 ServerInit Compose: Creating pool cte_main (module: clio_cte_core, restart: 0)[0m
[97m/home/cvazquezperezdelacru/clio-core/context-runtime/src/pool_manager.cc:534 INFO 3747835 CreatePool PoolManager: Creating pool 'cte_main' with 2 containers (one per node)[0m
[97m/home/cvazquezperezdelacru/clio-core/context-runtime/src/pool_manager.cc:615 INFO 3747835 CreatePool Creating container for pool PoolId(major:512, minor:0) on node 0 with container_id=0[0m
[97m/home/cvazquezperezdelacru/clio-core/context-runtime/src/pool_manager.cc:644 INFO 3747835 CreatePool Container initialized with pool ID PoolId(major:512, minor:0), name cte_main, and container ID 0[0m
[97m/home/cvazquezperezdelacru/clio-core/context-runtime/src/pool_manager.cc:663 INFO 3747835 CreatePool CreatePool: Running Create method for pool PoolId(major:512, minor:0)[0m
[97m/home/cvazquezperezdelacru/clio-core/context-transfer-engine/core/src/core_config.cc:642 INFO 3747835 ParseStorageConfig Parsed 2 storage devices[0m
[97m/home/cvazquezperezdelacru/clio-core/context-transfer-engine/core/src/core_config.cc:660 INFO 3747835 ParseDpeConfig Parsed DPE configuration: type=max_bw[0m
[97m/home/cvazquezperezdelacru/clio-core/context-transfer-engine/core/src/core_config.cc:111 INFO 3747835 LoadFromString Configuration loaded successfully from YAML string[0m
[97m/home/cvazquezperezdelacru/clio-core/context-transfer-engine/core/src/core_runtime.cc:590 INFO 3747835 Create CTE: shared-memory metadata cache enabled (tags=65536, blobs=262144, root_off=488)[0m
[97m/home/cvazquezperezdelacru/clio-core/context-runtime/src/ipc_manager.cc:2295 INFO 3747840 GetOrCreateClient [ClientPool] Creating new persistent connection to ares-comp-31:9413[0m
[97m/home/cvazquezperezdelacru/clio-core/context-runtime/src/../../context-transport-primitives/include/clio_ctp/lightbeam/zmq_transport.h:152 INFO 3747840 GetSharedContext [ZeroMqTransport] Created shared context with 8 I/O threads[0m
[97m/home/cvazquezperezdelacru/clio-core/context-runtime/src/ipc_manager.cc:2315 INFO 3747840 GetOrCreateClient [ClientPool] Connection established to ares-comp-31:9413[0m
[97m/home/cvazquezperezdelacru/clio-core/context-runtime/src/ipc_manager.cc:2295 INFO 3747840 GetOrCreateClient [ClientPool] Creating new persistent connection to ares-comp-32:9413[0m
[97m/home/cvazquezperezdelacru/clio-core/context-runtime/src/ipc_manager.cc:2315 INFO 3747840 GetOrCreateClient [ClientPool] Connection established to ares-comp-32:9413[0m
[97m/home/cvazquezperezdelacru/clio-core/context-runtime/src/pool_manager.cc:534 INFO 3747834 CreatePool PoolManager: Creating pool 'ram::cte_ram_tier_node0' with 2 containers (one per node)[0m
[97m/home/cvazquezperezdelacru/clio-core/context-runtime/src/pool_manager.cc:615 INFO 3747834 CreatePool Creating container for pool PoolId(major:512, minor:1) on node 0 with container_id=0[0m
[97m/home/cvazquezperezdelacru/clio-core/context-runtime/src/pool_manager.cc:644 INFO 3747834 CreatePool Container initialized with pool ID PoolId(major:512, minor:1), name ram::cte_ram_tier_node0, and container ID 0[0m
[97m/home/cvazquezperezdelacru/clio-core/context-runtime/src/pool_manager.cc:663 INFO 3747834 CreatePool CreatePool: Running Create method for pool PoolId(major:512, minor:1)[0m
[97m/home/cvazquezperezdelacru/clio-core/context-runtime/modules/bdev/src/transports/mem_bdev_transport.cc:152 INFO 3747834 InitShmBacking [#783] RAM bdev 'clio_rambdev_3747814_512_1' is shared-memory backed (32213237760 of 32212254720 bytes mapped)[0m
[97m/home/cvazquezperezdelacru/clio-core/context-runtime/src/pool_manager.cc:666 INFO 3747834 CreatePool CreatePool: Create method completed for pool PoolId(major:512, minor:1)[0m
[97m/home/cvazquezperezdelacru/clio-core/context-runtime/src/pool_manager.cc:700 INFO 3747834 CreatePool PoolManager: Created complete pool PoolId(major:512, minor:1) with ChiMod clio_bdev (2 containers)[0m
[97m/home/cvazquezperezdelacru/clio-core/context-runtime/src/ipc_manager.cc:2295 INFO 3747840 GetOrCreateClient [ClientPool] Creating new persistent connection to ares-comp-31:9413#resp[0m
[97m/home/cvazquezperezdelacru/clio-core/context-runtime/src/ipc_manager.cc:2315 INFO 3747840 GetOrCreateClient [ClientPool] Connection established to ares-comp-31:9413#resp[0m
[97m/home/cvazquezperezdelacru/clio-core/context-runtime/src/pool_manager.cc:534 INFO 3747834 CreatePool PoolManager: Creating pool '/mnt/nvme/cvazquezperezdelacru/cte_tier_node0' with 2 containers (one per node)[0m
[97m/home/cvazquezperezdelacru/clio-core/context-runtime/src/pool_manager.cc:615 INFO 3747834 CreatePool Creating container for pool PoolId(major:513, minor:1) on node 0 with container_id=0[0m
[97m/home/cvazquezperezdelacru/clio-core/context-runtime/src/pool_manager.cc:644 INFO 3747834 CreatePool Container initialized with pool ID PoolId(major:513, minor:1), name /mnt/nvme/cvazquezperezdelacru/cte_tier_node0, and container ID 0[0m
[97m/home/cvazquezperezdelacru/clio-core/context-runtime/src/pool_manager.cc:663 INFO 3747834 CreatePool CreatePool: Running Create method for pool PoolId(major:513, minor:1)[0m
[97m/home/cvazquezperezdelacru/clio-core/context-runtime/src/pool_manager.cc:666 INFO 3747834 CreatePool CreatePool: Create method completed for pool PoolId(major:513, minor:1)[0m
[97m/home/cvazquezperezdelacru/clio-core/context-runtime/src/pool_manager.cc:700 INFO 3747834 CreatePool PoolManager: Created complete pool PoolId(major:513, minor:1) with ChiMod clio_bdev (2 containers)[0m
[97m/home/cvazquezperezdelacru/clio-core/context-runtime/src/pool_manager.cc:534 INFO 3747834 CreatePool PoolManager: Creating pool 'ram::cte_ram_tier_node1' with 2 containers (one per node)[0m
[97m/home/cvazquezperezdelacru/clio-core/context-runtime/src/pool_manager.cc:615 INFO 3747834 CreatePool Creating container for pool PoolId(major:512, minor:2) on node 0 with container_id=0[0m
[97m/home/cvazquezperezdelacru/clio-core/context-runtime/src/pool_manager.cc:644 INFO 3747834 CreatePool Container initialized with pool ID PoolId(major:512, minor:2), name ram::cte_ram_tier_node1, and container ID 0[0m
[97m/home/cvazquezperezdelacru/clio-core/context-runtime/src/pool_manager.cc:663 INFO 3747834 CreatePool CreatePool: Running Create method for pool PoolId(major:512, minor:2)[0m
[97m/home/cvazquezperezdelacru/clio-core/context-runtime/modules/bdev/src/transports/mem_bdev_transport.cc:152 INFO 3747834 InitShmBacking [#783] RAM bdev 'clio_rambdev_3747814_512_2' is shared-memory backed (32213237760 of 32212254720 bytes mapped)[0m
[97m/home/cvazquezperezdelacru/clio-core/context-runtime/src/pool_manager.cc:666 INFO 3747834 CreatePool CreatePool: Create method completed for pool PoolId(major:512, minor:2)[0m
[97m/home/cvazquezperezdelacru/clio-core/context-runtime/src/pool_manager.cc:700 INFO 3747834 CreatePool PoolManager: Created complete pool PoolId(major:512, minor:2) with ChiMod clio_bdev (2 containers)[0m
[97m/home/cvazquezperezdelacru/clio-core/context-runtime/src/ipc_manager.cc:2295 INFO 3747840 GetOrCreateClient [ClientPool] Creating new persistent connection to ares-comp-32:9413#resp[0m
[97m/home/cvazquezperezdelacru/clio-core/context-runtime/src/ipc_manager.cc:2315 INFO 3747840 GetOrCreateClient [ClientPool] Connection established to ares-comp-32:9413#resp[0m
[97m/home/cvazquezperezdelacru/clio-core/context-transfer-engine/core/src/core_runtime.cc:708 INFO 3747835 Create CTE Core container created and initialized for pool: cte_main (ID: PoolId(major:512, minor:0))[0m
[97m/home/cvazquezperezdelacru/clio-core/context-transfer-engine/core/src/core_runtime.cc:712 INFO 3747835 Create Configuration: neighborhood=1, poll_period_ms=5000, stat_targets_period_ms=5000[0m
[97m/home/cvazquezperezdelacru/clio-core/context-transfer-engine/core/src/core_runtime.cc:754 INFO 3747835 Create Starting periodic StatTargets task with period 5000 ms[0m
[97m/home/cvazquezperezdelacru/clio-core/context-runtime/src/pool_manager.cc:666 INFO 3747835 CreatePool CreatePool: Create method completed for pool PoolId(major:512, minor:0)[0m
[97m/home/cvazquezperezdelacru/clio-core/context-runtime/src/pool_manager.cc:700 INFO 3747835 CreatePool PoolManager: Created complete pool PoolId(major:512, minor:0) with ChiMod clio_cte_core (2 containers)[0m
[97m/home/cvazquezperezdelacru/clio-core/context-runtime/src/manager.cc:298 INFO 3747814 ServerInit Compose: Successfully created pool cte_main (module: clio_cte_core)[0m
[97m/home/cvazquezperezdelacru/clio-core/context-runtime/src/manager.cc:282 INFO 3747814 ServerInit Compose: Creating pool faiss_ivf_main (module: clio_faiss_ivf, restart: 0)[0m
[97m/home/cvazquezperezdelacru/clio-core/context-runtime/src/pool_manager.cc:534 INFO 3747835 CreatePool PoolManager: Creating pool 'faiss_ivf_main' with 2 containers (one per node)[0m
[97m/home/cvazquezperezdelacru/clio-core/context-runtime/src/pool_manager.cc:615 INFO 3747835 CreatePool Creating container for pool PoolId(major:600, minor:0) on node 0 with container_id=0[0m
[97m/home/cvazquezperezdelacru/clio-core/context-runtime/src/pool_manager.cc:644 INFO 3747835 CreatePool Container initialized with pool ID PoolId(major:600, minor:0), name faiss_ivf_main, and container ID 0[0m
[97m/home/cvazquezperezdelacru/clio-core/context-runtime/src/pool_manager.cc:663 INFO 3747835 CreatePool CreatePool: Running Create method for pool PoolId(major:600, minor:0)[0m
[97m/home/cvazquezperezdelacru/clio-core/context-runtime/src/pool_manager.cc:666 INFO 3747835 CreatePool CreatePool: Create method completed for pool PoolId(major:600, minor:0)[0m
[97m/home/cvazquezperezdelacru/clio-core/context-runtime/src/pool_manager.cc:700 INFO 3747835 CreatePool PoolManager: Created complete pool PoolId(major:600, minor:0) with ChiMod clio_faiss_ivf (2 containers)[0m
[97m/home/cvazquezperezdelacru/clio-core/context-runtime/src/manager.cc:298 INFO 3747814 ServerInit Compose: Successfully created pool faiss_ivf_main (module: clio_faiss_ivf)[0m
[97m/home/cvazquezperezdelacru/clio-core/context-runtime/src/manager.cc:304 INFO 3747814 ServerInit Compose: All 3 pools created successfully[0m
[32m/home/cvazquezperezdelacru/clio-core/context-runtime/src/ipc_manager.cc:1368 SUCCESS 3747814 StartLocalServer Successfully started local server at 127.0.0.1:9414[0m
[97m/home/cvazquezperezdelacru/clio-core/context-runtime/src/manager.cc:137 INFO 3747814 ClientInit RuntimeManager::ClientInit[0m
[97m/home/cvazquezperezdelacru/clio-core/context-runtime/src/manager.cc:181 INFO 3747814 ClientInit ClientInit: g_admin already exists, pool_id_=PoolId(major:0, minor:0)[0m
[97m/home/cvazquezperezdelacru/clio-core/context-runtime/src/pool_manager.cc:534 INFO 3747834 CreatePool PoolManager: Creating pool '/mnt/nvme/cvazquezperezdelacru/cte_tier_node1' with 2 containers (one per node)[0m
[97m/home/cvazquezperezdelacru/clio-core/context-runtime/src/pool_manager.cc:615 INFO 3747834 CreatePool Creating container for pool PoolId(major:513, minor:2) on node 0 with container_id=0[0m
[97m/home/cvazquezperezdelacru/clio-core/context-runtime/src/pool_manager.cc:644 INFO 3747834 CreatePool Container initialized with pool ID PoolId(major:513, minor:2), name /mnt/nvme/cvazquezperezdelacru/cte_tier_node1, and container ID 0[0m
[97m/home/cvazquezperezdelacru/clio-core/context-runtime/src/pool_manager.cc:663 INFO 3747834 CreatePool CreatePool: Running Create method for pool PoolId(major:513, minor:2)[0m
[97m/home/cvazquezperezdelacru/clio-core/context-runtime/src/ipc_manager.cc:2295 INFO 3747844 GetOrCreateClient [ClientPool] Creating new persistent connection to 127.0.0.1:34557[0m
[97m/home/cvazquezperezdelacru/clio-core/context-runtime/src/ipc_manager.cc:2315 INFO 3747844 GetOrCreateClient [ClientPool] Connection established to 127.0.0.1:34557[0m
[97m/home/cvazquezperezdelacru/clio-core/context-runtime/src/pool_manager.cc:666 INFO 3747834 CreatePool CreatePool: Create method completed for pool PoolId(major:513, minor:2)[0m
[97m/home/cvazquezperezdelacru/clio-core/context-runtime/src/pool_manager.cc:700 INFO 3747834 CreatePool PoolManager: Created complete pool PoolId(major:513, minor:2) with ChiMod clio_bdev (2 containers)[0m
[97m/home/cvazquezperezdelacru/clio-core/context-runtime/modules/admin/src/admin_runtime.cc:1213 INFO 3747834 RegisterMemory Admin::RegisterMemory: Registering CPU alloc_id (3747890.0)[0m
[97m/home/cvazquezperezdelacru/clio-core/context-runtime/src/ipc_manager.cc:2539 INFO 3747834 RegisterMemory IpcManager::RegisterMemory: Registering clio_3747890_0 from pid 3747890[0m
[97m/home/cvazquezperezdelacru/clio-core/context-runtime/src/ipc_manager.cc:2582 INFO 3747834 RegisterMemory IpcManager::RegisterMemory: Successfully registered clio_3747890_0[0m
[97m/home/cvazquezperezdelacru/clio-core/context-runtime/src/pool_manager.cc:534 INFO 3747834 CreatePool PoolManager: Creating pool 'clio_cte_core' with 2 containers (one per node)[0m
[97m/home/cvazquezperezdelacru/clio-core/context-runtime/src/pool_manager.cc:575 INFO 3747834 CreatePool PoolManager: Pool PoolId(major:512, minor:0) already exists by ID, returning existing pool[0m
[33m/home/cvazquezperezdelacru/clio-core/context-runtime/src/scheduler/default_sched.cc:430 WARNING 3747842 LoadBalance [#781 PDF] observed exec-time bins (cumulative): <10us=61274 <50us=619 <500us=86 <10ms=153 <50ms=11 <500ms=4 <1s=0 >=1s=0 | stalls_detected=0[0m
[33m/home/cvazquezperezdelacru/clio-core/context-runtime/src/scheduler/default_sched.cc:439 WARNING 3747842 LoadBalance [#785] lane rescues performed: 0[0m
[33m/home/cvazquezperezdelacru/clio-core/context-runtime/src/scheduler/default_sched.cc:430 WARNING 3747842 LoadBalance [#781 PDF] observed exec-time bins (cumulative): <10us=128246 <50us=2325 <500us=214 <10ms=388 <50ms=14 <500ms=9 <1s=0 >=1s=0 | stalls_detected=0[0m
[33m/home/cvazquezperezdelacru/clio-core/context-runtime/src/scheduler/default_sched.cc:439 WARNING 3747842 LoadBalance [#785] lane rescues performed: 0[0m
[33m/home/cvazquezperezdelacru/clio-core/context-runtime/src/scheduler/default_sched.cc:430 WARNING 3747842 LoadBalance [#781 PDF] observed exec-time bins (cumulative): <10us=194906 <50us=3571 <500us=316 <10ms=569 <50ms=16 <500ms=12 <1s=0 >=1s=0 | stalls_detected=0[0m
[33m/home/cvazquezperezdelacru/clio-core/context-runtime/src/scheduler/default_sched.cc:439 WARNING 3747842 LoadBalance [#785] lane rescues performed: 0[0m
[33m/home/cvazquezperezdelacru/clio-core/context-runtime/src/scheduler/default_sched.cc:430 WARNING 3747842 LoadBalance [#781 PDF] observed exec-time bins (cumulative): <10us=261897 <50us=5004 <500us=472 <10ms=832 <50ms=16 <500ms=19 <1s=0 >=1s=0 | stalls_detected=0[0m
[33m/home/cvazquezperezdelacru/clio-core/context-runtime/src/scheduler/default_sched.cc:439 WARNING 3747842 LoadBalance [#785] lane rescues performed: 0[0m
[33m/home/cvazquezperezdelacru/clio-core/context-runtime/src/scheduler/default_sched.cc:430 WARNING 3747842 LoadBalance [#781 PDF] observed exec-time bins (cumulative): <10us=330697 <50us=7549 <500us=664 <10ms=1122 <50ms=21 <500ms=23 <1s=0 >=1s=0 | stalls_detected=0[0m
[33m/home/cvazquezperezdelacru/clio-core/context-runtime/src/scheduler/default_sched.cc:439 WARNING 3747842 LoadBalance [#785] lane rescues performed: 0[0m
[33m/home/cvazquezperezdelacru/clio-core/context-runtime/src/scheduler/default_sched.cc:430 WARNING 3747842 LoadBalance [#781 PDF] observed exec-time bins (cumulative): <10us=399363 <50us=9287 <500us=838 <10ms=1438 <50ms=26 <500ms=27 <1s=0 >=1s=0 | stalls_detected=0[0m
[33m/home/cvazquezperezdelacru/clio-core/context-runtime/src/scheduler/default_sched.cc:439 WARNING 3747842 LoadBalance [#785] lane rescues performed: 0[0m
[33m/home/cvazquezperezdelacru/clio-core/context-runtime/src/scheduler/default_sched.cc:430 WARNING 3747842 LoadBalance [#781 PDF] observed exec-time bins (cumulative): <10us=466613 <50us=11783 <500us=972 <10ms=1707 <50ms=29 <500ms=32 <1s=0 >=1s=0 | stalls_detected=0[0m
[33m/home/cvazquezperezdelacru/clio-core/context-runtime/src/scheduler/default_sched.cc:439 WARNING 3747842 LoadBalance [#785] lane rescues performed: 0[0m
[33m/home/cvazquezperezdelacru/clio-core/context-runtime/src/scheduler/default_sched.cc:430 WARNING 3747842 LoadBalance [#781 PDF] observed exec-time bins (cumulative): <10us=533132 <50us=13494 <500us=1086 <10ms=1905 <50ms=29 <500ms=37 <1s=0 >=1s=0 | stalls_detected=0[0m
[33m/home/cvazquezperezdelacru/clio-core/context-runtime/src/scheduler/default_sched.cc:439 WARNING 3747842 LoadBalance [#785] lane rescues performed: 0[0m
[33m/home/cvazquezperezdelacru/clio-core/context-runtime/src/scheduler/default_sched.cc:430 WARNING 3747842 LoadBalance [#781 PDF] observed exec-time bins (cumulative): <10us=599847 <50us=15448 <500us=1192 <10ms=2095 <50ms=31 <500ms=42 <1s=0 >=1s=0 | stalls_detected=0[0m
[33m/home/cvazquezperezdelacru/clio-core/context-runtime/src/scheduler/default_sched.cc:439 WARNING 3747842 LoadBalance [#785] lane rescues performed: 0[0m
[33m/home/cvazquezperezdelacru/clio-core/context-runtime/src/scheduler/default_sched.cc:430 WARNING 3747842 LoadBalance [#781 PDF] observed exec-time bins (cumulative): <10us=669964 <50us=16807 <500us=1327 <10ms=2366 <50ms=34 <500ms=47 <1s=0 >=1s=0 | stalls_detected=0[0m
[33m/home/cvazquezperezdelacru/clio-core/context-runtime/src/scheduler/default_sched.cc:439 WARNING 3747842 LoadBalance [#785] lane rescues performed: 0[0m
[33m/home/cvazquezperezdelacru/clio-core/context-runtime/src/scheduler/default_sched.cc:430 WARNING 3747842 LoadBalance [#781 PDF] observed exec-time bins (cumulative): <10us=739358 <50us=18267 <500us=1472 <10ms=2655 <50ms=34 <500ms=52 <1s=0 >=1s=0 | stalls_detected=0[0m
[33m/home/cvazquezperezdelacru/clio-core/context-runtime/src/scheduler/default_sched.cc:439 WARNING 3747842 LoadBalance [#785] lane rescues performed: 0[0m
[33m/home/cvazquezperezdelacru/clio-core/context-runtime/src/scheduler/default_sched.cc:430 WARNING 3747842 LoadBalance [#781 PDF] observed exec-time bins (cumulative): <10us=805476 <50us=20929 <500us=1713 <10ms=2974 <50ms=37 <500ms=59 <1s=0 >=1s=0 | stalls_detected=0[0m
[33m/home/cvazquezperezdelacru/clio-core/context-runtime/src/scheduler/default_sched.cc:439 WARNING 3747842 LoadBalance [#785] lane rescues performed: 0[0m
[33m/home/cvazquezperezdelacru/clio-core/context-runtime/src/scheduler/default_sched.cc:430 WARNING 3747842 LoadBalance [#781 PDF] observed exec-time bins (cumulative): <10us=875517 <50us=22300 <500us=1855 <10ms=3240 <50ms=39 <500ms=64 <1s=0 >=1s=0 | stalls_detected=0[0m
[33m/home/cvazquezperezdelacru/clio-core/context-runtime/src/scheduler/default_sched.cc:439 WARNING 3747842 LoadBalance [#785] lane rescues performed: 0[0m
[33m/home/cvazquezperezdelacru/clio-core/context-runtime/src/scheduler/default_sched.cc:430 WARNING 3747842 LoadBalance [#781 PDF] observed exec-time bins (cumulative): <10us=942512 <50us=24849 <500us=2012 <10ms=3503 <50ms=44 <500ms=69 <1s=0 >=1s=0 | stalls_detected=0[0m
[33m/home/cvazquezperezdelacru/clio-core/context-runtime/src/scheduler/default_sched.cc:439 WARNING 3747842 LoadBalance [#785] lane rescues performed: 0[0m
[33m/home/cvazquezperezdelacru/clio-core/context-runtime/src/scheduler/default_sched.cc:430 WARNING 3747842 LoadBalance [#781 PDF] observed exec-time bins (cumulative): <10us=1011729 <50us=26581 <500us=2209 <10ms=3802 <50ms=48 <500ms=74 <1s=0 >=1s=0 | stalls_detected=0[0m
[33m/home/cvazquezperezdelacru/clio-core/context-runtime/src/scheduler/default_sched.cc:439 WARNING 3747842 LoadBalance [#785] lane rescues performed: 0[0m
[33m/home/cvazquezperezdelacru/clio-core/context-runtime/src/scheduler/default_sched.cc:430 WARNING 3747842 LoadBalance [#781 PDF] observed exec-time bins (cumulative): <10us=1080797 <50us=28350 <500us=2375 <10ms=4118 <50ms=52 <500ms=79 <1s=0 >=1s=0 | stalls_detected=0[0m
[33m/home/cvazquezperezdelacru/clio-core/context-runtime/src/scheduler/default_sched.cc:439 WARNING 3747842 LoadBalance [#785] lane rescues performed: 0[0m
[33m/home/cvazquezperezdelacru/clio-core/context-runtime/src/scheduler/default_sched.cc:430 WARNING 3747842 LoadBalance [#781 PDF] observed exec-time bins (cumulative): <10us=1147816 <50us=30564 <500us=2568 <10ms=4436 <50ms=53 <500ms=86 <1s=0 >=1s=0 | stalls_detected=0[0m
[33m/home/cvazquezperezdelacru/clio-core/context-runtime/src/scheduler/default_sched.cc:439 WARNING 3747842 LoadBalance [#785] lane rescues performed: 0[0m
[33m/home/cvazquezperezdelacru/clio-core/context-runtime/src/scheduler/default_sched.cc:430 WARNING 3747842 LoadBalance [#781 PDF] observed exec-time bins (cumulative): <10us=1215221 <50us=32452 <500us=2744 <10ms=4699 <50ms=55 <500ms=91 <1s=0 >=1s=0 | stalls_detected=0[0m
[33m/home/cvazquezperezdelacru/clio-core/context-runtime/src/scheduler/default_sched.cc:439 WARNING 3747842 LoadBalance [#785] lane rescues performed: 0[0m
[33m/home/cvazquezperezdelacru/clio-core/context-runtime/src/scheduler/default_sched.cc:430 WARNING 3747842 LoadBalance [#781 PDF] observed exec-time bins (cumulative): <10us=1283274 <50us=33948 <500us=2896 <10ms=4973 <50ms=56 <500ms=96 <1s=0 >=1s=0 | stalls_detected=0[0m
[33m/home/cvazquezperezdelacru/clio-core/context-runtime/src/scheduler/default_sched.cc:439 WARNING 3747842 LoadBalance [#785] lane rescues performed: 0[0m
[33m/home/cvazquezperezdelacru/clio-core/context-runtime/src/scheduler/default_sched.cc:430 WARNING 3747842 LoadBalance [#781 PDF] observed exec-time bins (cumulative): <10us=1352958 <50us=35292 <500us=3078 <10ms=5287 <50ms=61 <500ms=98 <1s=0 >=1s=0 | stalls_detected=0[0m
[33m/home/cvazquezperezdelacru/clio-core/context-runtime/src/scheduler/default_sched.cc:439 WARNING 3747842 LoadBalance [#785] lane rescues performed: 0[0m
[33m/home/cvazquezperezdelacru/clio-core/context-runtime/src/scheduler/default_sched.cc:430 WARNING 3747842 LoadBalance [#781 PDF] observed exec-time bins (cumulative): <10us=1421526 <50us=36953 <500us=3276 <10ms=5606 <50ms=62 <500ms=105 <1s=0 >=1s=0 | stalls_detected=0[0m
[33m/home/cvazquezperezdelacru/clio-core/context-runtime/src/scheduler/default_sched.cc:439 WARNING 3747842 LoadBalance [#785] lane rescues performed: 0[0m
[33m/home/cvazquezperezdelacru/clio-core/context-runtime/src/scheduler/default_sched.cc:430 WARNING 3747842 LoadBalance [#781 PDF] observed exec-time bins (cumulative): <10us=1490462 <50us=39016 <500us=3536 <10ms=5946 <50ms=67 <500ms=110 <1s=0 >=1s=0 | stalls_detected=0[0m
[33m/home/cvazquezperezdelacru/clio-core/context-runtime/src/scheduler/default_sched.cc:439 WARNING 3747842 LoadBalance [#785] lane rescues performed: 0[0m
[33m/home/cvazquezperezdelacru/clio-core/context-runtime/src/scheduler/default_sched.cc:430 WARNING 3747842 LoadBalance [#781 PDF] observed exec-time bins (cumulative): <10us=1559920 <50us=40950 <500us=3727 <10ms=6291 <50ms=71 <500ms=115 <1s=0 >=1s=0 | stalls_detected=0[0m
[33m/home/cvazquezperezdelacru/clio-core/context-runtime/src/scheduler/default_sched.cc:439 WARNING 3747842 LoadBalance [#785] lane rescues performed: 0[0m
[33m/home/cvazquezperezdelacru/clio-core/context-runtime/src/scheduler/default_sched.cc:430 WARNING 3747842 LoadBalance [#781 PDF] observed exec-time bins (cumulative): <10us=1628510 <50us=43603 <500us=3939 <10ms=6602 <50ms=74 <500ms=120 <1s=0 >=1s=0 | stalls_detected=0[0m
[33m/home/cvazquezperezdelacru/clio-core/context-runtime/src/scheduler/default_sched.cc:439 WARNING 3747842 LoadBalance [#785] lane rescues performed: 0[0m
[33m/home/cvazquezperezdelacru/clio-core/context-runtime/src/scheduler/default_sched.cc:430 WARNING 3747842 LoadBalance [#781 PDF] observed exec-time bins (cumulative): <10us=1696122 <50us=45482 <500us=4138 <10ms=6920 <50ms=77 <500ms=126 <1s=0 >=1s=0 | stalls_detected=0[0m
[33m/home/cvazquezperezdelacru/clio-core/context-runtime/src/scheduler/default_sched.cc:439 WARNING 3747842 LoadBalance [#785] lane rescues performed: 0[0m
[33m/home/cvazquezperezdelacru/clio-core/context-runtime/src/scheduler/default_sched.cc:430 WARNING 3747842 LoadBalance [#781 PDF] observed exec-time bins (cumulative): <10us=1764850 <50us=47257 <500us=4343 <10ms=7213 <50ms=79 <500ms=133 <1s=0 >=1s=0 | stalls_detected=0[0m
[33m/home/cvazquezperezdelacru/clio-core/context-runtime/src/scheduler/default_sched.cc:439 WARNING 3747842 LoadBalance [#785] lane rescues performed: 0[0m
[33m/home/cvazquezperezdelacru/clio-core/context-runtime/src/scheduler/default_sched.cc:430 WARNING 3747842 LoadBalance [#781 PDF] observed exec-time bins (cumulative): <10us=1832039 <50us=49399 <500us=4561 <10ms=7520 <50ms=82 <500ms=139 <1s=0 >=1s=0 | stalls_detected=0[0m
[33m/home/cvazquezperezdelacru/clio-core/context-runtime/src/scheduler/default_sched.cc:439 WARNING 3747842 LoadBalance [#785] lane rescues performed: 0[0m
[33m/home/cvazquezperezdelacru/clio-core/context-runtime/src/scheduler/default_sched.cc:430 WARNING 3747842 LoadBalance [#781 PDF] observed exec-time bins (cumulative): <10us=1897462 <50us=52370 <500us=4746 <10ms=7827 <50ms=84 <500ms=145 <1s=0 >=1s=0 | stalls_detected=0[0m
[33m/home/cvazquezperezdelacru/clio-core/context-runtime/src/scheduler/default_sched.cc:439 WARNING 3747842 LoadBalance [#785] lane rescues performed: 0[0m
[33m/home/cvazquezperezdelacru/clio-core/context-runtime/src/scheduler/default_sched.cc:430 WARNING 3747842 LoadBalance [#781 PDF] observed exec-time bins (cumulative): <10us=1964017 <50us=54341 <500us=4881 <10ms=7988 <50ms=84 <500ms=150 <1s=0 >=1s=0 | stalls_detected=0[0m
[33m/home/cvazquezperezdelacru/clio-core/context-runtime/src/scheduler/default_sched.cc:439 WARNING 3747842 LoadBalance [#785] lane rescues performed: 0[0m
[33m/home/cvazquezperezdelacru/clio-core/context-runtime/src/scheduler/default_sched.cc:430 WARNING 3747842 LoadBalance [#781 PDF] observed exec-time bins (cumulative): <10us=2031912 <50us=54826 <500us=4932 <10ms=7988 <50ms=84 <500ms=150 <1s=0 >=1s=0 | stalls_detected=0[0m
[33m/home/cvazquezperezdelacru/clio-core/context-runtime/src/scheduler/default_sched.cc:439 WARNING 3747842 LoadBalance [#785] lane rescues performed: 0[0m
[33m/home/cvazquezperezdelacru/clio-core/context-runtime/src/scheduler/default_sched.cc:430 WARNING 3747842 LoadBalance [#781 PDF] observed exec-time bins (cumulative): <10us=2100112 <50us=55332 <500us=4962 <10ms=7990 <50ms=84 <500ms=150 <1s=0 >=1s=0 | stalls_detected=0[0m
[33m/home/cvazquezperezdelacru/clio-core/context-runtime/src/scheduler/default_sched.cc:439 WARNING 3747842 LoadBalance [#785] lane rescues performed: 0[0m
[33m/home/cvazquezperezdelacru/clio-core/context-runtime/src/scheduler/default_sched.cc:430 WARNING 3747842 LoadBalance [#781 PDF] observed exec-time bins (cumulative): <10us=2168243 <50us=55745 <500us=5021 <10ms=7990 <50ms=84 <500ms=150 <1s=0 >=1s=0 | stalls_detected=0[0m
[33m/home/cvazquezperezdelacru/clio-core/context-runtime/src/scheduler/default_sched.cc:439 WARNING 3747842 LoadBalance [#785] lane rescues performed: 0[0m
[33m/home/cvazquezperezdelacru/clio-core/context-runtime/src/scheduler/default_sched.cc:430 WARNING 3747842 LoadBalance [#781 PDF] observed exec-time bins (cumulative): <10us=2232901 <50us=59112 <500us=5107 <10ms=7992 <50ms=84 <500ms=150 <1s=0 >=1s=0 | stalls_detected=0[0m
[33m/home/cvazquezperezdelacru/clio-core/context-runtime/src/scheduler/default_sched.cc:439 WARNING 3747842 LoadBalance [#785] lane rescues performed: 0[0m
[33m/home/cvazquezperezdelacru/clio-core/context-runtime/src/scheduler/default_sched.cc:430 WARNING 3747842 LoadBalance [#781 PDF] observed exec-time bins (cumulative): <10us=2301370 <50us=59446 <500us=5133 <10ms=7992 <50ms=84 <500ms=150 <1s=0 >=1s=0 | stalls_detected=0[0m
[33m/home/cvazquezperezdelacru/clio-core/context-runtime/src/scheduler/default_sched.cc:439 WARNING 3747842 LoadBalance [#785] lane rescues performed: 0[0m
[33m/home/cvazquezperezdelacru/clio-core/context-runtime/src/scheduler/default_sched.cc:430 WARNING 3747842 LoadBalance [#781 PDF] observed exec-time bins (cumulative): <10us=2369970 <50us=59741 <500us=5157 <10ms=7994 <50ms=84 <500ms=150 <1s=0 >=1s=0 | stalls_detected=0[0m
[33m/home/cvazquezperezdelacru/clio-core/context-runtime/src/scheduler/default_sched.cc:439 WARNING 3747842 LoadBalance [#785] lane rescues performed: 0[0m
[33m/home/cvazquezperezdelacru/clio-core/context-runtime/src/scheduler/default_sched.cc:430 WARNING 3747842 LoadBalance [#781 PDF] observed exec-time bins (cumulative): <10us=2438377 <50us=60049 <500us=5184 <10ms=7995 <50ms=84 <500ms=150 <1s=0 >=1s=0 | stalls_detected=0[0m
[33m/home/cvazquezperezdelacru/clio-core/context-runtime/src/scheduler/default_sched.cc:439 WARNING 3747842 LoadBalance [#785] lane rescues performed: 0[0m
[33m/home/cvazquezperezdelacru/clio-core/context-runtime/src/scheduler/default_sched.cc:430 WARNING 3747842 LoadBalance [#781 PDF] observed exec-time bins (cumulative): <10us=2506803 <50us=60341 <500us=5212 <10ms=7997 <50ms=84 <500ms=150 <1s=0 >=1s=0 | stalls_detected=0[0m
[33m/home/cvazquezperezdelacru/clio-core/context-runtime/src/scheduler/default_sched.cc:439 WARNING 3747842 LoadBalance [#785] lane rescues performed: 0[0m
[33m/home/cvazquezperezdelacru/clio-core/context-runtime/src/scheduler/default_sched.cc:430 WARNING 3747842 LoadBalance [#781 PDF] observed exec-time bins (cumulative): <10us=2575143 <50us=60745 <500us=5266 <10ms=7998 <50ms=84 <500ms=150 <1s=0 >=1s=0 | stalls_detected=0[0m
[33m/home/cvazquezperezdelacru/clio-core/context-runtime/src/scheduler/default_sched.cc:439 WARNING 3747842 LoadBalance [#785] lane rescues performed: 0[0m
[33m/home/cvazquezperezdelacru/clio-core/context-runtime/src/scheduler/default_sched.cc:430 WARNING 3747842 LoadBalance [#781 PDF] observed exec-time bins (cumulative): <10us=2640429 <50us=63724 <500us=5373 <10ms=8000 <50ms=84 <500ms=150 <1s=0 >=1s=0 | stalls_detected=0[0m
[33m/home/cvazquezperezdelacru/clio-core/context-runtime/src/scheduler/default_sched.cc:439 WARNING 3747842 LoadBalance [#785] lane rescues performed: 0[0m
[33m/home/cvazquezperezdelacru/clio-core/context-runtime/src/scheduler/default_sched.cc:430 WARNING 3747842 LoadBalance [#781 PDF] observed exec-time bins (cumulative): <10us=2706282 <50us=65594 <500us=5434 <10ms=8001 <50ms=84 <500ms=150 <1s=0 >=1s=0 | stalls_detected=0[0m
[33m/home/cvazquezperezdelacru/clio-core/context-runtime/src/scheduler/default_sched.cc:439 WARNING 3747842 LoadBalance [#785] lane rescues performed: 0[0m
[33m/home/cvazquezperezdelacru/clio-core/context-runtime/src/scheduler/default_sched.cc:430 WARNING 3747842 LoadBalance [#781 PDF] observed exec-time bins (cumulative): <10us=2772644 <50us=67012 <500us=5457 <10ms=8005 <50ms=84 <500ms=150 <1s=0 >=1s=0 | stalls_detected=0[0m
[33m/home/cvazquezperezdelacru/clio-core/context-runtime/src/scheduler/default_sched.cc:439 WARNING 3747842 LoadBalance [#785] lane rescues performed: 0[0m
[33m/home/cvazquezperezdelacru/clio-core/context-runtime/src/scheduler/default_sched.cc:430 WARNING 3747842 LoadBalance [#781 PDF] observed exec-time bins (cumulative): <10us=2838756 <50us=68550 <500us=5517 <10ms=8006 <50ms=84 <500ms=150 <1s=0 >=1s=0 | stalls_detected=0[0m
[33m/home/cvazquezperezdelacru/clio-core/context-runtime/src/scheduler/default_sched.cc:439 WARNING 3747842 LoadBalance [#785] lane rescues performed: 0[0m
[33m/home/cvazquezperezdelacru/clio-core/context-runtime/src/scheduler/default_sched.cc:430 WARNING 3747842 LoadBalance [#781 PDF] observed exec-time bins (cumulative): <10us=2906470 <50us=69594 <500us=5631 <10ms=8011 <50ms=84 <500ms=150 <1s=0 >=1s=0 | stalls_detected=0[0m
[33m/home/cvazquezperezdelacru/clio-core/context-runtime/src/scheduler/default_sched.cc:439 WARNING 3747842 LoadBalance [#785] lane rescues performed: 0[0m
[33m/home/cvazquezperezdelacru/clio-core/context-runtime/src/scheduler/default_sched.cc:430 WARNING 3747842 LoadBalance [#781 PDF] observed exec-time bins (cumulative): <10us=2974403 <50us=70395 <500us=5721 <10ms=8012 <50ms=84 <500ms=150 <1s=0 >=1s=0 | stalls_detected=0[0m
[33m/home/cvazquezperezdelacru/clio-core/context-runtime/src/scheduler/default_sched.cc:439 WARNING 3747842 LoadBalance [#785] lane rescues performed: 0[0m
[33m/home/cvazquezperezdelacru/clio-core/context-runtime/src/scheduler/default_sched.cc:430 WARNING 3747842 LoadBalance [#781 PDF] observed exec-time bins (cumulative): <10us=3041036 <50us=71555 <500us=5769 <10ms=8015 <50ms=84 <500ms=150 <1s=0 >=1s=0 | stalls_detected=0[0m
[33m/home/cvazquezperezdelacru/clio-core/context-runtime/src/scheduler/default_sched.cc:439 WARNING 3747842 LoadBalance [#785] lane rescues performed: 0[0m
[33m/home/cvazquezperezdelacru/clio-core/context-runtime/src/scheduler/default_sched.cc:430 WARNING 3747842 LoadBalance [#781 PDF] observed exec-time bins (cumulative): <10us=3109417 <50us=72008 <500us=5842 <10ms=8015 <50ms=84 <500ms=150 <1s=0 >=1s=0 | stalls_detected=0[0m
[33m/home/cvazquezperezdelacru/clio-core/context-runtime/src/scheduler/default_sched.cc:439 WARNING 3747842 LoadBalance [#785] lane rescues performed: 0[0m
[33m/home/cvazquezperezdelacru/clio-core/context-runtime/src/scheduler/default_sched.cc:430 WARNING 3747842 LoadBalance [#781 PDF] observed exec-time bins (cumulative): <10us=3175112 <50us=73713 <500us=5950 <10ms=8018 <50ms=84 <500ms=150 <1s=0 >=1s=0 | stalls_detected=0[0m
[33m/home/cvazquezperezdelacru/clio-core/context-runtime/src/scheduler/default_sched.cc:439 WARNING 3747842 LoadBalance [#785] lane rescues performed: 0[0m
[33m/home/cvazquezperezdelacru/clio-core/context-runtime/src/scheduler/default_sched.cc:430 WARNING 3747842 LoadBalance [#781 PDF] observed exec-time bins (cumulative): <10us=3241279 <50us=75272 <500us=6063 <10ms=8020 <50ms=84 <500ms=150 <1s=0 >=1s=0 | stalls_detected=0[0m
[33m/home/cvazquezperezdelacru/clio-core/context-runtime/src/scheduler/default_sched.cc:439 WARNING 3747842 LoadBalance [#785] lane rescues performed: 0[0m
[33m/home/cvazquezperezdelacru/clio-core/context-runtime/src/scheduler/default_sched.cc:430 WARNING 3747842 LoadBalance [#781 PDF] observed exec-time bins (cumulative): <10us=3308612 <50us=76081 <500us=6170 <10ms=8024 <50ms=84 <500ms=150 <1s=0 >=1s=0 | stalls_detected=0[0m
[33m/home/cvazquezperezdelacru/clio-core/context-runtime/src/scheduler/default_sched.cc:439 WARNING 3747842 LoadBalance [#785] lane rescues performed: 0[0m
[33m/home/cvazquezperezdelacru/clio-core/context-runtime/src/scheduler/default_sched.cc:430 WARNING 3747842 LoadBalance [#781 PDF] observed exec-time bins (cumulative): <10us=3374174 <50us=77886 <500us=6269 <10ms=8025 <50ms=84 <500ms=150 <1s=0 >=1s=0 | stalls_detected=0[0m
[33m/home/cvazquezperezdelacru/clio-core/context-runtime/src/scheduler/default_sched.cc:439 WARNING 3747842 LoadBalance [#785] lane rescues performed: 0[0m
[33m/home/cvazquezperezdelacru/clio-core/context-runtime/src/scheduler/default_sched.cc:430 WARNING 3747842 LoadBalance [#781 PDF] observed exec-time bins (cumulative): <10us=3442372 <50us=78416 <500us=6374 <10ms=8031 <50ms=84 <500ms=150 <1s=0 >=1s=0 | stalls_detected=0[0m
[33m/home/cvazquezperezdelacru/clio-core/context-runtime/src/scheduler/default_sched.cc:439 WARNING 3747842 LoadBalance [#785] lane rescues performed: 0[0m
[33m/home/cvazquezperezdelacru/clio-core/context-runtime/src/scheduler/default_sched.cc:430 WARNING 3747842 LoadBalance [#781 PDF] observed exec-time bins (cumulative): <10us=3508129 <50us=81023 <500us=6479 <10ms=8031 <50ms=84 <500ms=150 <1s=0 >=1s=0 | stalls_detected=0[0m
[33m/home/cvazquezperezdelacru/clio-core/context-runtime/src/scheduler/default_sched.cc:439 WARNING 3747842 LoadBalance [#785] lane rescues performed: 0[0m
[33m/home/cvazquezperezdelacru/clio-core/context-runtime/src/scheduler/default_sched.cc:430 WARNING 3747842 LoadBalance [#781 PDF] observed exec-time bins (cumulative): <10us=3574745 <50us=83085 <500us=6593 <10ms=8033 <50ms=84 <500ms=150 <1s=0 >=1s=0 | stalls_detected=0[0m
[33m/home/cvazquezperezdelacru/clio-core/context-runtime/src/scheduler/default_sched.cc:439 WARNING 3747842 LoadBalance [#785] lane rescues performed: 0[0m
[33m/home/cvazquezperezdelacru/clio-core/context-runtime/src/scheduler/default_sched.cc:430 WARNING 3747842 LoadBalance [#781 PDF] observed exec-time bins (cumulative): <10us=3638883 <50us=87333 <500us=6706 <10ms=8033 <50ms=84 <500ms=150 <1s=0 >=1s=0 | stalls_detected=0[0m
[33m/home/cvazquezperezdelacru/clio-core/context-runtime/src/scheduler/default_sched.cc:439 WARNING 3747842 LoadBalance [#785] lane rescues performed: 0[0m
[33m/home/cvazquezperezdelacru/clio-core/context-runtime/src/scheduler/default_sched.cc:430 WARNING 3747842 LoadBalance [#781 PDF] observed exec-time bins (cumulative): <10us=3706780 <50us=88102 <500us=6812 <10ms=8037 <50ms=84 <500ms=150 <1s=0 >=1s=0 | stalls_detected=0[0m
[33m/home/cvazquezperezdelacru/clio-core/context-runtime/src/scheduler/default_sched.cc:439 WARNING 3747842 LoadBalance [#785] lane rescues performed: 0[0m
[33m/home/cvazquezperezdelacru/clio-core/context-runtime/src/scheduler/default_sched.cc:430 WARNING 3747842 LoadBalance [#781 PDF] observed exec-time bins (cumulative): <10us=3775039 <50us=88597 <500us=6917 <10ms=8039 <50ms=84 <500ms=150 <1s=0 >=1s=0 | stalls_detected=0[0m
[33m/home/cvazquezperezdelacru/clio-core/context-runtime/src/scheduler/default_sched.cc:439 WARNING 3747842 LoadBalance [#785] lane rescues performed: 0[0m
[33m/home/cvazquezperezdelacru/clio-core/context-runtime/src/scheduler/default_sched.cc:430 WARNING 3747842 LoadBalance [#781 PDF] observed exec-time bins (cumulative): <10us=3843674 <50us=88878 <500us=6944 <10ms=8042 <50ms=84 <500ms=150 <1s=0 >=1s=0 | stalls_detected=0[0m
[33m/home/cvazquezperezdelacru/clio-core/context-runtime/src/scheduler/default_sched.cc:439 WARNING 3747842 LoadBalance [#785] lane rescues performed: 0[0m
[33m/home/cvazquezperezdelacru/clio-core/context-runtime/src/scheduler/default_sched.cc:430 WARNING 3747842 LoadBalance [#781 PDF] observed exec-time bins (cumulative): <10us=3911900 <50us=89401 <500us=6976 <10ms=8042 <50ms=84 <500ms=150 <1s=0 >=1s=0 | stalls_detected=0[0m
[33m/home/cvazquezperezdelacru/clio-core/context-runtime/src/scheduler/default_sched.cc:439 WARNING 3747842 LoadBalance [#785] lane rescues performed: 0[0m
[33m/home/cvazquezperezdelacru/clio-core/context-runtime/src/scheduler/default_sched.cc:430 WARNING 3747842 LoadBalance [#781 PDF] observed exec-time bins (cumulative): <10us=3979794 <50us=90483 <500us=7018 <10ms=8044 <50ms=84 <500ms=150 <1s=0 >=1s=0 | stalls_detected=0[0m
[33m/home/cvazquezperezdelacru/clio-core/context-runtime/src/scheduler/default_sched.cc:439 WARNING 3747842 LoadBalance [#785] lane rescues performed: 0[0m
[33m/home/cvazquezperezdelacru/clio-core/context-runtime/src/scheduler/default_sched.cc:430 WARNING 3747842 LoadBalance [#781 PDF] observed exec-time bins (cumulative): <10us=4048308 <50us=90928 <500us=7044 <10ms=8044 <50ms=84 <500ms=150 <1s=0 >=1s=0 | stalls_detected=0[0m
[33m/home/cvazquezperezdelacru/clio-core/context-runtime/src/scheduler/default_sched.cc:439 WARNING 3747842 LoadBalance [#785] lane rescues performed: 0[0m
[33m/home/cvazquezperezdelacru/clio-core/context-runtime/src/scheduler/default_sched.cc:430 WARNING 3747842 LoadBalance [#781 PDF] observed exec-time bins (cumulative): <10us=4115955 <50us=92035 <500us=7082 <10ms=8046 <50ms=84 <500ms=150 <1s=0 >=1s=0 | stalls_detected=0[0m
[33m/home/cvazquezperezdelacru/clio-core/context-runtime/src/scheduler/default_sched.cc:439 WARNING 3747842 LoadBalance [#785] lane rescues performed: 0[0m
[33m/home/cvazquezperezdelacru/clio-core/context-runtime/src/scheduler/default_sched.cc:430 WARNING 3747842 LoadBalance [#781 PDF] observed exec-time bins (cumulative): <10us=4183089 <50us=93547 <500us=7144 <10ms=8046 <50ms=84 <500ms=150 <1s=0 >=1s=0 | stalls_detected=0[0m
[33m/home/cvazquezperezdelacru/clio-core/context-runtime/src/scheduler/default_sched.cc:439 WARNING 3747842 LoadBalance [#785] lane rescues performed: 0[0m
[33m/home/cvazquezperezdelacru/clio-core/context-runtime/src/scheduler/default_sched.cc:430 WARNING 3747842 LoadBalance [#781 PDF] observed exec-time bins (cumulative): <10us=4251058 <50us=94148 <500us=7199 <10ms=8049 <50ms=84 <500ms=150 <1s=0 >=1s=0 | stalls_detected=0[0m
[33m/home/cvazquezperezdelacru/clio-core/context-runtime/src/scheduler/default_sched.cc:439 WARNING 3747842 LoadBalance [#785] lane rescues performed: 0[0m
[33m/home/cvazquezperezdelacru/clio-core/context-runtime/src/scheduler/default_sched.cc:430 WARNING 3747842 LoadBalance [#781 PDF] observed exec-time bins (cumulative): <10us=4316792 <50us=96859 <500us=7276 <10ms=8049 <50ms=84 <500ms=150 <1s=0 >=1s=0 | stalls_detected=0[0m
[33m/home/cvazquezperezdelacru/clio-core/context-runtime/src/scheduler/default_sched.cc:439 WARNING 3747842 LoadBalance [#785] lane rescues performed: 0[0m
[33m/home/cvazquezperezdelacru/clio-core/context-runtime/src/scheduler/default_sched.cc:430 WARNING 3747842 LoadBalance [#781 PDF] observed exec-time bins (cumulative): <10us=4384335 <50us=97771 <500us=7336 <10ms=8052 <50ms=84 <500ms=150 <1s=0 >=1s=0 | stalls_detected=0[0m
[33m/home/cvazquezperezdelacru/clio-core/context-runtime/src/scheduler/default_sched.cc:439 WARNING 3747842 LoadBalance [#785] lane rescues performed: 0[0m
[33m/home/cvazquezperezdelacru/clio-core/context-runtime/src/scheduler/default_sched.cc:430 WARNING 3747842 LoadBalance [#781 PDF] observed exec-time bins (cumulative): <10us=4452255 <50us=98309 <500us=7382 <10ms=8052 <50ms=84 <500ms=150 <1s=0 >=1s=0 | stalls_detected=0[0m
[33m/home/cvazquezperezdelacru/clio-core/context-runtime/src/scheduler/default_sched.cc:439 WARNING 3747842 LoadBalance [#785] lane rescues performed: 0[0m
[33m/home/cvazquezperezdelacru/clio-core/context-runtime/src/scheduler/default_sched.cc:430 WARNING 3747842 LoadBalance [#781 PDF] observed exec-time bins (cumulative): <10us=4519405 <50us=98805 <500us=7414 <10ms=8054 <50ms=84 <500ms=150 <1s=0 >=1s=0 | stalls_detected=0[0m
[33m/home/cvazquezperezdelacru/clio-core/context-runtime/src/scheduler/default_sched.cc:439 WARNING 3747842 LoadBalance [#785] lane rescues performed: 0[0m
[97m/home/cvazquezperezdelacru/clio-core/context-runtime/src/ipc_manager.cc:2295 INFO 3747844 GetOrCreateClient [ClientPool] Creating new persistent connection to 127.0.0.1:35287[0m
[97m/home/cvazquezperezdelacru/clio-core/context-runtime/src/ipc_manager.cc:2315 INFO 3747844 GetOrCreateClient [ClientPool] Connection established to 127.0.0.1:35287[0m
[97m/home/cvazquezperezdelacru/clio-core/context-runtime/modules/admin/src/admin_runtime.cc:1213 INFO 3747834 RegisterMemory Admin::RegisterMemory: Registering CPU alloc_id (3748787.0)[0m
[97m/home/cvazquezperezdelacru/clio-core/context-runtime/src/ipc_manager.cc:2539 INFO 3747834 RegisterMemory IpcManager::RegisterMemory: Registering clio_3748787_0 from pid 3748787[0m
[97m/home/cvazquezperezdelacru/clio-core/context-runtime/src/ipc_manager.cc:2582 INFO 3747834 RegisterMemory IpcManager::RegisterMemory: Successfully registered clio_3748787_0[0m
[97m/home/cvazquezperezdelacru/clio-core/context-runtime/src/pool_manager.cc:534 INFO 3747834 CreatePool PoolManager: Creating pool 'clio_cte_core' with 2 containers (one per node)[0m
[97m/home/cvazquezperezdelacru/clio-core/context-runtime/src/pool_manager.cc:575 INFO 3747834 CreatePool PoolManager: Pool PoolId(major:512, minor:0) already exists by ID, returning existing pool[0m
[97m/home/cvazquezperezdelacru/clio-core/context-runtime/src/pool_manager.cc:534 INFO 3747835 CreatePool PoolManager: Creating pool 'faiss_ivf_bench' with 2 containers (one per node)[0m
[97m/home/cvazquezperezdelacru/clio-core/context-runtime/src/pool_manager.cc:575 INFO 3747835 CreatePool PoolManager: Pool PoolId(major:600, minor:0) already exists by ID, returning existing pool[0m
[97m/home/cvazquezperezdelacru/clio-core/context-runtime/src/ipc_manager.cc:2447 INFO 3747834 IncreaseClientShm IpcManager::IncreaseClientShm: Creating clio_3747814_4 with size 117604352 (84049920 + 33554432 overhead)[0m
[97m/home/cvazquezperezdelacru/clio-core/context-runtime/src/ipc_manager.cc:2492 INFO 3747834 IncreaseClientShm IpcManager::IncreaseClientShm: Created allocator clio_3747814_4 with ID (3747814.4)[0m
[97m/mnt/common/cvazquezperezdelacru/IOWARP/faiss/contrib/iowarp/chimod/src/faiss_ivf_runtime.cc:258 INFO 3747834 OpenIndex faiss_ivf: opened '/mnt/common/cvazquezperezdelacru/faiss/slurm_bench/work/ondisk_nb50M.index' (d=128, nlist=8192, ntotal=50000000, tag='faiss_ivf::ondisk_nb50M')[0m
[97m/mnt/common/cvazquezperezdelacru/IOWARP/faiss/contrib/iowarp/chimod/src/faiss_ivf_runtime.cc:329 INFO 3747834 Search faiss_ivf: Search nq=250 k=10 nprobe=128 unique_lists=7811[0m
[97m/home/cvazquezperezdelacru/clio-core/context-runtime/src/ipc_manager.cc:2447 INFO 3747834 IncreaseClientShm IpcManager::IncreaseClientShm: Creating clio_3747814_5 with size 160400312 (126845880 + 33554432 overhead)[0m
[97m/home/cvazquezperezdelacru/clio-core/context-runtime/src/ipc_manager.cc:2492 INFO 3747834 IncreaseClientShm IpcManager::IncreaseClientShm: Created allocator clio_3747814_5 with ID (3747814.5)[0m
[97m/home/cvazquezperezdelacru/clio-core/context-runtime/src/ipc_manager.cc:2447 INFO 3747834 IncreaseClientShm IpcManager::IncreaseClientShm: Creating clio_3747814_6 with size 160400312 (126845880 + 33554432 overhead)[0m
[97m/home/cvazquezperezdelacru/clio-core/context-runtime/src/ipc_manager.cc:2492 INFO 3747834 IncreaseClientShm IpcManager::IncreaseClientShm: Created allocator clio_3747814_6 with ID (3747814.6)[0m
[97m/home/cvazquezperezdelacru/clio-core/context-runtime/src/ipc_manager.cc:2447 INFO 3747834 IncreaseClientShm IpcManager::IncreaseClientShm: Creating clio_3747814_7 with size 160400312 (126845880 + 33554432 overhead)[0m
[97m/home/cvazquezperezdelacru/clio-core/context-runtime/src/ipc_manager.cc:2492 INFO 3747834 IncreaseClientShm IpcManager::IncreaseClientShm: Created allocator clio_3747814_7 with ID (3747814.7)[0m
[97m/home/cvazquezperezdelacru/clio-core/context-runtime/src/ipc_manager.cc:2447 INFO 3747834 IncreaseClientShm IpcManager::IncreaseClientShm: Creating clio_3747814_8 with size 160400312 (126845880 + 33554432 overhead)[0m
[97m/home/cvazquezperezdelacru/clio-core/context-runtime/src/ipc_manager.cc:2492 INFO 3747834 IncreaseClientShm IpcManager::IncreaseClientShm: Created allocator clio_3747814_8 with ID (3747814.8)[0m
[97m/home/cvazquezperezdelacru/clio-core/context-runtime/src/ipc_manager.cc:2447 INFO 3747834 IncreaseClientShm IpcManager::IncreaseClientShm: Creating clio_3747814_9 with size 160400312 (126845880 + 33554432 overhead)[0m
[97m/home/cvazquezperezdelacru/clio-core/context-runtime/src/ipc_manager.cc:2492 INFO 3747834 IncreaseClientShm IpcManager::IncreaseClientShm: Created allocator clio_3747814_9 with ID (3747814.9)[0m
[97m/home/cvazquezperezdelacru/clio-core/context-runtime/src/ipc_manager.cc:2447 INFO 3747834 IncreaseClientShm IpcManager::IncreaseClientShm: Creating clio_3747814_10 with size 160400312 (126845880 + 33554432 overhead)[0m
[97m/home/cvazquezperezdelacru/clio-core/context-runtime/src/ipc_manager.cc:2492 INFO 3747834 IncreaseClientShm IpcManager::IncreaseClientShm: Created allocator clio_3747814_10 with ID (3747814.10)[0m
[97m/home/cvazquezperezdelacru/clio-core/context-runtime/src/ipc_manager.cc:2447 INFO 3747834 IncreaseClientShm IpcManager::IncreaseClientShm: Creating clio_3747814_11 with size 160400312 (126845880 + 33554432 overhead)[0m
[97m/home/cvazquezperezdelacru/clio-core/context-runtime/src/ipc_manager.cc:2492 INFO 3747834 IncreaseClientShm IpcManager::IncreaseClientShm: Created allocator clio_3747814_11 with ID (3747814.11)[0m
[97m/home/cvazquezperezdelacru/clio-core/context-runtime/src/ipc_manager.cc:2447 INFO 3747843 IncreaseClientShm IpcManager::IncreaseClientShm: Creating clio_3747814_12 with size 131267312 (97712880 + 33554432 overhead)[0m
[97m/home/cvazquezperezdelacru/clio-core/context-runtime/src/ipc_manager.cc:2492 INFO 3747843 IncreaseClientShm IpcManager::IncreaseClientShm: Created allocator clio_3747814_12 with ID (3747814.12)[0m
[33m/home/cvazquezperezdelacru/clio-core/context-runtime/src/scheduler/default_sched.cc:430 WARNING 3747842 LoadBalance [#781 PDF] observed exec-time bins (cumulative): <10us=4587028 <50us=99503 <500us=7498 <10ms=8170 <50ms=102 <500ms=150 <1s=0 >=1s=0 | stalls_detected=0[0m
[33m/home/cvazquezperezdelacru/clio-core/context-runtime/src/scheduler/default_sched.cc:439 WARNING 3747842 LoadBalance [#785] lane rescues performed: 0[0m
[97m/home/cvazquezperezdelacru/clio-core/context-runtime/src/ipc_manager.cc:2447 INFO 3747843 IncreaseClientShm IpcManager::IncreaseClientShm: Creating clio_3747814_13 with size 132693408 (99138976 + 33554432 overhead)[0m
[97m/home/cvazquezperezdelacru/clio-core/context-runtime/src/ipc_manager.cc:2492 INFO 3747843 IncreaseClientShm IpcManager::IncreaseClientShm: Created allocator clio_3747814_13 with ID (3747814.13)[0m
[33m/home/cvazquezperezdelacru/clio-core/context-runtime/src/scheduler/default_sched.cc:430 WARNING 3747842 LoadBalance [#781 PDF] observed exec-time bins (cumulative): <10us=4667801 <50us=100855 <500us=7679 <10ms=8487 <50ms=119 <500ms=150 <1s=0 >=1s=0 | stalls_detected=0[0m
[33m/home/cvazquezperezdelacru/clio-core/context-runtime/src/scheduler/default_sched.cc:439 WARNING 3747842 LoadBalance [#785] lane rescues performed: 0[0m
[97m/home/cvazquezperezdelacru/clio-core/context-runtime/src/ipc_manager.cc:2447 INFO 3747843 IncreaseClientShm IpcManager::IncreaseClientShm: Creating clio_3747814_14 with size 128861008 (95306576 + 33554432 overhead)[0m
[97m/home/cvazquezperezdelacru/clio-core/context-runtime/src/ipc_manager.cc:2492 INFO 3747843 IncreaseClientShm IpcManager::IncreaseClientShm: Created allocator clio_3747814_14 with ID (3747814.14)[0m
[97m/home/cvazquezperezdelacru/clio-core/context-runtime/src/ipc_manager.cc:2447 INFO 3747843 IncreaseClientShm IpcManager::IncreaseClientShm: Creating clio_3747814_15 with size 129420016 (95865584 + 33554432 overhead)[0m
[97m/home/cvazquezperezdelacru/clio-core/context-runtime/src/ipc_manager.cc:2492 INFO 3747843 IncreaseClientShm IpcManager::IncreaseClientShm: Created allocator clio_3747814_15 with ID (3747814.15)[0m
[33m/home/cvazquezperezdelacru/clio-core/context-runtime/src/scheduler/default_sched.cc:430 WARNING 3747842 LoadBalance [#781 PDF] observed exec-time bins (cumulative): <10us=4759072 <50us=101402 <500us=7848 <10ms=8811 <50ms=140 <500ms=150 <1s=0 >=1s=0 | stalls_detected=0[0m
[33m/home/cvazquezperezdelacru/clio-core/context-runtime/src/scheduler/default_sched.cc:439 WARNING 3747842 LoadBalance [#785] lane rescues performed: 0[0m
[97m/home/cvazquezperezdelacru/clio-core/context-runtime/src/ipc_manager.cc:2447 INFO 3747843 IncreaseClientShm IpcManager::IncreaseClientShm: Creating clio_3747814_16 with size 125453712 (91899280 + 33554432 overhead)[0m
[97m/home/cvazquezperezdelacru/clio-core/context-runtime/src/ipc_manager.cc:2492 INFO 3747843 IncreaseClientShm IpcManager::IncreaseClientShm: Created allocator clio_3747814_16 with ID (3747814.16)[0m
[97m/home/cvazquezperezdelacru/clio-core/context-runtime/src/ipc_manager.cc:2447 INFO 3747843 IncreaseClientShm IpcManager::IncreaseClientShm: Creating clio_3747814_17 with size 127288016 (93733584 + 33554432 overhead)[0m
[97m/home/cvazquezperezdelacru/clio-core/context-runtime/src/ipc_manager.cc:2492 INFO 3747843 IncreaseClientShm IpcManager::IncreaseClientShm: Created allocator clio_3747814_17 with ID (3747814.17)[0m
[33m/home/cvazquezperezdelacru/clio-core/context-runtime/src/scheduler/default_sched.cc:430 WARNING 3747842 LoadBalance [#781 PDF] observed exec-time bins (cumulative): <10us=4845778 <50us=102375 <500us=8035 <10ms=9132 <50ms=169 <500ms=150 <1s=0 >=1s=0 | stalls_detected=0[0m
[33m/home/cvazquezperezdelacru/clio-core/context-runtime/src/scheduler/default_sched.cc:439 WARNING 3747842 LoadBalance [#785] lane rescues performed: 0[0m
[97m/home/cvazquezperezdelacru/clio-core/context-runtime/src/ipc_manager.cc:2447 INFO 3747843 IncreaseClientShm IpcManager::IncreaseClientShm: Creating clio_3747814_18 with size 127089112 (93534680 + 33554432 overhead)[0m
[97m/home/cvazquezperezdelacru/clio-core/context-runtime/src/ipc_manager.cc:2492 INFO 3747843 IncreaseClientShm IpcManager::IncreaseClientShm: Created allocator clio_3747814_18 with ID (3747814.18)[0m
[31m/home/cvazquezperezdelacru/clio-core/context-runtime/src/scheduler/default_sched.cc:726 ERROR 3747842 LoadBalance [HANGWATCH-HB] processed=22777 outstanding=1 (queued=1 blocked=0 retry=0 periodic=7) live=1 live_stalled=0[0m
[97m/home/cvazquezperezdelacru/clio-core/context-runtime/src/ipc_manager.cc:2447 INFO 3747843 IncreaseClientShm IpcManager::IncreaseClientShm: Creating clio_3747814_19 with size 126570416 (93015984 + 33554432 overhead)[0m
[97m/home/cvazquezperezdelacru/clio-core/context-runtime/src/ipc_manager.cc:2492 INFO 3747843 IncreaseClientShm IpcManager::IncreaseClientShm: Created allocator clio_3747814_19 with ID (3747814.19)[0m
[33m/home/cvazquezperezdelacru/clio-core/context-runtime/src/scheduler/default_sched.cc:430 WARNING 3747842 LoadBalance [#781 PDF] observed exec-time bins (cumulative): <10us=4924730 <50us=104006 <500us=8228 <10ms=9460 <50ms=200 <500ms=150 <1s=0 >=1s=0 | stalls_detected=0[0m
[33m/home/cvazquezperezdelacru/clio-core/context-runtime/src/scheduler/default_sched.cc:439 WARNING 3747842 LoadBalance [#785] lane rescues performed: 0[0m
[97m/home/cvazquezperezdelacru/clio-core/context-runtime/src/ipc_manager.cc:2447 INFO 3747843 IncreaseClientShm IpcManager::IncreaseClientShm: Creating clio_3747814_20 with size 131389512 (97835080 + 33554432 overhead)[0m
[97m/home/cvazquezperezdelacru/clio-core/context-runtime/src/ipc_manager.cc:2492 INFO 3747843 IncreaseClientShm IpcManager::IncreaseClientShm: Created allocator clio_3747814_20 with ID (3747814.20)[0m
[97m/home/cvazquezperezdelacru/clio-core/context-runtime/src/ipc_manager.cc:2447 INFO 3747843 IncreaseClientShm IpcManager::IncreaseClientShm: Creating clio_3747814_21 with size 133134112 (99579680 + 33554432 overhead)[0m
[97m/home/cvazquezperezdelacru/clio-core/context-runtime/src/ipc_manager.cc:2492 INFO 3747843 IncreaseClientShm IpcManager::IncreaseClientShm: Created allocator clio_3747814_21 with ID (3747814.21)[0m
[33m/home/cvazquezperezdelacru/clio-core/context-runtime/src/scheduler/default_sched.cc:430 WARNING 3747842 LoadBalance [#781 PDF] observed exec-time bins (cumulative): <10us=5007666 <50us=104833 <500us=8394 <10ms=9767 <50ms=231 <500ms=150 <1s=0 >=1s=0 | stalls_detected=0[0m
[33m/home/cvazquezperezdelacru/clio-core/context-runtime/src/scheduler/default_sched.cc:439 WARNING 3747842 LoadBalance [#785] lane rescues performed: 0[0m
[97m/home/cvazquezperezdelacru/clio-core/context-runtime/src/ipc_manager.cc:2447 INFO 3747843 IncreaseClientShm IpcManager::IncreaseClientShm: Creating clio_3747814_22 with size 137589216 (104034784 + 33554432 overhead)[0m
[97m/home/cvazquezperezdelacru/clio-core/context-runtime/src/ipc_manager.cc:2492 INFO 3747843 IncreaseClientShm IpcManager::IncreaseClientShm: Created allocator clio_3747814_22 with ID (3747814.22)[0m
[33m/home/cvazquezperezdelacru/clio-core/context-runtime/src/scheduler/default_sched.cc:430 WARNING 3747842 LoadBalance [#781 PDF] observed exec-time bins (cumulative): <10us=5090127 <50us=106112 <500us=8569 <10ms=10069 <50ms=263 <500ms=150 <1s=0 >=1s=0 | stalls_detected=0[0m
[33m/home/cvazquezperezdelacru/clio-core/context-runtime/src/scheduler/default_sched.cc:439 WARNING 3747842 LoadBalance [#785] lane rescues performed: 0[0m
[97m/home/cvazquezperezdelacru/clio-core/context-runtime/src/ipc_manager.cc:2447 INFO 3747843 IncreaseClientShm IpcManager::IncreaseClientShm: Creating clio_3747814_23 with size 126608112 (93053680 + 33554432 overhead)[0m
[97m/home/cvazquezperezdelacru/clio-core/context-runtime/src/ipc_manager.cc:2492 INFO 3747843 IncreaseClientShm IpcManager::IncreaseClientShm: Created allocator clio_3747814_23 with ID (3747814.23)[0m
[97m/home/cvazquezperezdelacru/clio-core/context-runtime/src/ipc_manager.cc:2447 INFO 3747843 IncreaseClientShm IpcManager::IncreaseClientShm: Creating clio_3747814_24 with size 137831008 (104276576 + 33554432 overhead)[0m
[97m/home/cvazquezperezdelacru/clio-core/context-runtime/src/ipc_manager.cc:2492 INFO 3747843 IncreaseClientShm IpcManager::IncreaseClientShm: Created allocator clio_3747814_24 with ID (3747814.24)[0m
[33m/home/cvazquezperezdelacru/clio-core/context-runtime/src/scheduler/default_sched.cc:430 WARNING 3747842 LoadBalance [#781 PDF] observed exec-time bins (cumulative): <10us=5178219 <50us=106870 <500us=8726 <10ms=10403 <50ms=289 <500ms=150 <1s=0 >=1s=0 | stalls_detected=0[0m
[33m/home/cvazquezperezdelacru/clio-core/context-runtime/src/scheduler/default_sched.cc:439 WARNING 3747842 LoadBalance [#785] lane rescues performed: 0[0m
[97m/home/cvazquezperezdelacru/clio-core/context-runtime/src/ipc_manager.cc:2447 INFO 3747843 IncreaseClientShm IpcManager::IncreaseClientShm: Creating clio_3747814_25 with size 130240312 (96685880 + 33554432 overhead)[0m
[97m/home/cvazquezperezdelacru/clio-core/context-runtime/src/ipc_manager.cc:2492 INFO 3747843 IncreaseClientShm IpcManager::IncreaseClientShm: Created allocator clio_3747814_25 with ID (3747814.25)[0m
[97m/home/cvazquezperezdelacru/clio-core/context-runtime/src/ipc_manager.cc:2447 INFO 3747843 IncreaseClientShm IpcManager::IncreaseClientShm: Creating clio_3747814_26 with size 131474016 (97919584 + 33554432 overhead)[0m
[97m/home/cvazquezperezdelacru/clio-core/context-runtime/src/ipc_manager.cc:2492 INFO 3747843 IncreaseClientShm IpcManager::IncreaseClientShm: Created allocator clio_3747814_26 with ID (3747814.26)[0m
[33m/home/cvazquezperezdelacru/clio-core/context-runtime/src/scheduler/default_sched.cc:430 WARNING 3747842 LoadBalance [#781 PDF] observed exec-time bins (cumulative): <10us=5269258 <50us=107321 <500us=8863 <10ms=10714 <50ms=321 <500ms=150 <1s=0 >=1s=0 | stalls_detected=0[0m
[33m/home/cvazquezperezdelacru/clio-core/context-runtime/src/scheduler/default_sched.cc:439 WARNING 3747842 LoadBalance [#785] lane rescues performed: 0[0m
[97m/home/cvazquezperezdelacru/clio-core/context-runtime/src/ipc_manager.cc:2447 INFO 3747843 IncreaseClientShm IpcManager::IncreaseClientShm: Creating clio_3747814_27 with size 135948608 (102394176 + 33554432 overhead)[0m
[97m/home/cvazquezperezdelacru/clio-core/context-runtime/src/ipc_manager.cc:2492 INFO 3747843 IncreaseClientShm IpcManager::IncreaseClientShm: Created allocator clio_3747814_27 with ID (3747814.27)[0m
[97m/home/cvazquezperezdelacru/clio-core/context-runtime/src/ipc_manager.cc:2447 INFO 3747843 IncreaseClientShm IpcManager::IncreaseClientShm: Creating clio_3747814_28 with size 130890312 (97335880 + 33554432 overhead)[0m
[97m/home/cvazquezperezdelacru/clio-core/context-runtime/src/ipc_manager.cc:2492 INFO 3747843 IncreaseClientShm IpcManager::IncreaseClientShm: Created allocator clio_3747814_28 with ID (3747814.28)[0m
[33m/home/cvazquezperezdelacru/clio-core/context-runtime/src/scheduler/default_sched.cc:430 WARNING 3747842 LoadBalance [#781 PDF] observed exec-time bins (cumulative): <10us=5354538 <50us=108007 <500us=9011 <10ms=11030 <50ms=346 <500ms=150 <1s=0 >=1s=0 | stalls_detected=0[0m
[33m/home/cvazquezperezdelacru/clio-core/context-runtime/src/scheduler/default_sched.cc:439 WARNING 3747842 LoadBalance [#785] lane rescues performed: 0[0m
[97m/home/cvazquezperezdelacru/clio-core/context-runtime/src/ipc_manager.cc:2447 INFO 3747843 IncreaseClientShm IpcManager::IncreaseClientShm: Creating clio_3747814_29 with size 131069712 (97515280 + 33554432 overhead)[0m
[97m/home/cvazquezperezdelacru/clio-core/context-runtime/src/ipc_manager.cc:2492 INFO 3747843 IncreaseClientShm IpcManager::IncreaseClientShm: Created allocator clio_3747814_29 with ID (3747814.29)[0m
[97m/home/cvazquezperezdelacru/clio-core/context-runtime/src/ipc_manager.cc:2447 INFO 3747843 IncreaseClientShm IpcManager::IncreaseClientShm: Creating clio_3747814_30 with size 134332712 (100778280 + 33554432 overhead)[0m
[97m/home/cvazquezperezdelacru/clio-core/context-runtime/src/ipc_manager.cc:2492 INFO 3747843 IncreaseClientShm IpcManager::IncreaseClientShm: Created allocator clio_3747814_30 with ID (3747814.30)[0m
[33m/home/cvazquezperezdelacru/clio-core/context-runtime/src/scheduler/default_sched.cc:430 WARNING 3747842 LoadBalance [#781 PDF] observed exec-time bins (cumulative): <10us=5436355 <50us=108811 <500us=9175 <10ms=11345 <50ms=372 <500ms=150 <1s=0 >=1s=0 | stalls_detected=0[0m
[33m/home/cvazquezperezdelacru/clio-core/context-runtime/src/scheduler/default_sched.cc:439 WARNING 3747842 LoadBalance [#785] lane rescues performed: 0[0m
[97m/home/cvazquezperezdelacru/clio-core/context-runtime/src/ipc_manager.cc:2447 INFO 3747843 IncreaseClientShm IpcManager::IncreaseClientShm: Creating clio_3747814_31 with size 155275712 (121721280 + 33554432 overhead)[0m
[97m/home/cvazquezperezdelacru/clio-core/context-runtime/src/ipc_manager.cc:2492 INFO 3747843 IncreaseClientShm IpcManager::IncreaseClientShm: Created allocator clio_3747814_31 with ID (3747814.31)[0m
[33m/home/cvazquezperezdelacru/clio-core/context-runtime/src/scheduler/default_sched.cc:430 WARNING 3747842 LoadBalance [#781 PDF] observed exec-time bins (cumulative): <10us=5518411 <50us=110155 <500us=9287 <10ms=11657 <50ms=390 <500ms=150 <1s=0 >=1s=0 | stalls_detected=0[0m
[33m/home/cvazquezperezdelacru/clio-core/context-runtime/src/scheduler/default_sched.cc:439 WARNING 3747842 LoadBalance [#785] lane rescues performed: 0[0m
[97m/home/cvazquezperezdelacru/clio-core/context-runtime/src/ipc_manager.cc:2447 INFO 3747843 IncreaseClientShm IpcManager::IncreaseClientShm: Creating clio_3747814_32 with size 131195808 (97641376 + 33554432 overhead)[0m
[97m/home/cvazquezperezdelacru/clio-core/context-runtime/src/ipc_manager.cc:2492 INFO 3747843 IncreaseClientShm IpcManager::IncreaseClientShm: Created allocator clio_3747814_32 with ID (3747814.32)[0m
[97m/home/cvazquezperezdelacru/clio-core/context-runtime/src/ipc_manager.cc:2447 INFO 3747843 IncreaseClientShm IpcManager::IncreaseClientShm: Creating clio_3747814_33 with size 127550608 (93996176 + 33554432 overhead)[0m
[97m/home/cvazquezperezdelacru/clio-core/context-runtime/src/ipc_manager.cc:2492 INFO 3747843 IncreaseClientShm IpcManager::IncreaseClientShm: Created allocator clio_3747814_33 with ID (3747814.33)[0m
[33m/home/cvazquezperezdelacru/clio-core/context-runtime/src/scheduler/default_sched.cc:430 WARNING 3747842 LoadBalance [#781 PDF] observed exec-time bins (cumulative): <10us=5594681 <50us=113234 <500us=9479 <10ms=11977 <50ms=423 <500ms=150 <1s=0 >=1s=0 | stalls_detected=0[0m
[33m/home/cvazquezperezdelacru/clio-core/context-runtime/src/scheduler/default_sched.cc:439 WARNING 3747842 LoadBalance [#785] lane rescues performed: 0[0m
[97m/home/cvazquezperezdelacru/clio-core/context-runtime/src/ipc_manager.cc:2447 INFO 3747843 IncreaseClientShm IpcManager::IncreaseClientShm: Creating clio_3747814_34 with size 126168712 (92614280 + 33554432 overhead)[0m
[97m/home/cvazquezperezdelacru/clio-core/context-runtime/src/ipc_manager.cc:2492 INFO 3747843 IncreaseClientShm IpcManager::IncreaseClientShm: Created allocator clio_3747814_34 with ID (3747814.34)[0m
[97m/home/cvazquezperezdelacru/clio-core/context-runtime/src/ipc_manager.cc:2447 INFO 3747843 IncreaseClientShm IpcManager::IncreaseClientShm: Creating clio_3747814_35 with size 127029312 (93474880 + 33554432 overhead)[0m
[97m/home/cvazquezperezdelacru/clio-core/context-runtime/src/ipc_manager.cc:2492 INFO 3747843 IncreaseClientShm IpcManager::IncreaseClientShm: Created allocator clio_3747814_35 with ID (3747814.35)[0m
[33m/home/cvazquezperezdelacru/clio-core/context-runtime/src/scheduler/default_sched.cc:430 WARNING 3747842 LoadBalance [#781 PDF] observed exec-time bins (cumulative): <10us=5680891 <50us=114317 <500us=9634 <10ms=12296 <50ms=446 <500ms=150 <1s=0 >=1s=0 | stalls_detected=0[0m
[33m/home/cvazquezperezdelacru/clio-core/context-runtime/src/scheduler/default_sched.cc:439 WARNING 3747842 LoadBalance [#785] lane rescues performed: 0[0m
[97m/home/cvazquezperezdelacru/clio-core/context-runtime/src/ipc_manager.cc:2447 INFO 3747843 IncreaseClientShm IpcManager::IncreaseClientShm: Creating clio_3747814_36 with size 126400112 (92845680 + 33554432 overhead)[0m
[97m/home/cvazquezperezdelacru/clio-core/context-runtime/src/ipc_manager.cc:2492 INFO 3747843 IncreaseClientShm IpcManager::IncreaseClientShm: Created allocator clio_3747814_36 with ID (3747814.36)[0m
[97m/home/cvazquezperezdelacru/clio-core/context-runtime/src/ipc_manager.cc:2447 INFO 3747843 IncreaseClientShm IpcManager::IncreaseClientShm: Creating clio_3747814_37 with size 131965408 (98410976 + 33554432 overhead)[0m
[97m/home/cvazquezperezdelacru/clio-core/context-runtime/src/ipc_manager.cc:2492 INFO 3747843 IncreaseClientShm IpcManager::IncreaseClientShm: Created allocator clio_3747814_37 with ID (3747814.37)[0m
[33m/home/cvazquezperezdelacru/clio-core/context-runtime/src/scheduler/default_sched.cc:430 WARNING 3747842 LoadBalance [#781 PDF] observed exec-time bins (cumulative): <10us=5761695 <50us=116620 <500us=9816 <10ms=12621 <50ms=469 <500ms=150 <1s=0 >=1s=0 | stalls_detected=0[0m
[33m/home/cvazquezperezdelacru/clio-core/context-runtime/src/scheduler/default_sched.cc:439 WARNING 3747842 LoadBalance [#785] lane rescues performed: 0[0m
[97m/home/cvazquezperezdelacru/clio-core/context-runtime/src/ipc_manager.cc:2447 INFO 3747843 IncreaseClientShm IpcManager::IncreaseClientShm: Creating clio_3747814_38 with size 127252912 (93698480 + 33554432 overhead)[0m
[97m/home/cvazquezperezdelacru/clio-core/context-runtime/src/ipc_manager.cc:2492 INFO 3747843 IncreaseClientShm IpcManager::IncreaseClientShm: Created allocator clio_3747814_38 with ID (3747814.38)[0m
[97m/home/cvazquezperezdelacru/clio-core/context-runtime/src/ipc_manager.cc:2447 INFO 3747843 IncreaseClientShm IpcManager::IncreaseClientShm: Creating clio_3747814_39 with size 126150512 (92596080 + 33554432 overhead)[0m
[97m/home/cvazquezperezdelacru/clio-core/context-runtime/src/ipc_manager.cc:2492 INFO 3747843 IncreaseClientShm IpcManager::IncreaseClientShm: Created allocator clio_3747814_39 with ID (3747814.39)[0m
[33m/home/cvazquezperezdelacru/clio-core/context-runtime/src/scheduler/default_sched.cc:430 WARNING 3747842 LoadBalance [#781 PDF] observed exec-time bins (cumulative): <10us=5845030 <50us=117728 <500us=9954 <10ms=12944 <50ms=492 <500ms=150 <1s=0 >=1s=0 | stalls_detected=0[0m
[33m/home/cvazquezperezdelacru/clio-core/context-runtime/src/scheduler/default_sched.cc:439 WARNING 3747842 LoadBalance [#785] lane rescues performed: 0[0m
[97m/home/cvazquezperezdelacru/clio-core/context-runtime/src/ipc_manager.cc:2447 INFO 3747843 IncreaseClientShm IpcManager::IncreaseClientShm: Creating clio_3747814_40 with size 126808312 (93253880 + 33554432 overhead)[0m
[97m/home/cvazquezperezdelacru/clio-core/context-runtime/src/ipc_manager.cc:2492 INFO 3747843 IncreaseClientShm IpcManager::IncreaseClientShm: Created allocator clio_3747814_40 with ID (3747814.40)[0m
[97m/home/cvazquezperezdelacru/clio-core/context-runtime/src/ipc_manager.cc:2447 INFO 3747843 IncreaseClientShm IpcManager::IncreaseClientShm: Creating clio_3747814_41 with size 130244208 (96689776 + 33554432 overhead)[0m
[97m/home/cvazquezperezdelacru/clio-core/context-runtime/src/ipc_manager.cc:2492 INFO 3747843 IncreaseClientShm IpcManager::IncreaseClientShm: Created allocator clio_3747814_41 with ID (3747814.41)[0m
[33m/home/cvazquezperezdelacru/clio-core/context-runtime/src/scheduler/default_sched.cc:430 WARNING 3747842 LoadBalance [#781 PDF] observed exec-time bins (cumulative): <10us=5925478 <50us=119916 <500us=10050 <10ms=13291 <50ms=512 <500ms=150 <1s=0 >=1s=0 | stalls_detected=0[0m
[33m/home/cvazquezperezdelacru/clio-core/context-runtime/src/scheduler/default_sched.cc:439 WARNING 3747842 LoadBalance [#785] lane rescues performed: 0[0m
[97m/home/cvazquezperezdelacru/clio-core/context-runtime/src/ipc_manager.cc:2447 INFO 3747843 IncreaseClientShm IpcManager::IncreaseClientShm: Creating clio_3747814_42 with size 129849008 (96294576 + 33554432 overhead)[0m
[97m/home/cvazquezperezdelacru/clio-core/context-runtime/src/ipc_manager.cc:2492 INFO 3747843 IncreaseClientShm IpcManager::IncreaseClientShm: Created allocator clio_3747814_42 with ID (3747814.42)[0m
[97m/home/cvazquezperezdelacru/clio-core/context-runtime/src/ipc_manager.cc:2447 INFO 3747843 IncreaseClientShm IpcManager::IncreaseClientShm: Creating clio_3747814_43 with size 131845808 (98291376 + 33554432 overhead)[0m
[97m/home/cvazquezperezdelacru/clio-core/context-runtime/src/ipc_manager.cc:2492 INFO 3747843 IncreaseClientShm IpcManager::IncreaseClientShm: Created allocator clio_3747814_43 with ID (3747814.43)[0m
[33m/home/cvazquezperezdelacru/clio-core/context-runtime/src/scheduler/default_sched.cc:430 WARNING 3747842 LoadBalance [#781 PDF] observed exec-time bins (cumulative): <10us=6012450 <50us=121159 <500us=10195 <10ms=13607 <50ms=537 <500ms=150 <1s=0 >=1s=0 | stalls_detected=0[0m
[33m/home/cvazquezperezdelacru/clio-core/context-runtime/src/scheduler/default_sched.cc:439 WARNING 3747842 LoadBalance [#785] lane rescues performed: 0[0m
[97m/home/cvazquezperezdelacru/clio-core/context-runtime/src/ipc_manager.cc:2447 INFO 3747843 IncreaseClientShm IpcManager::IncreaseClientShm: Creating clio_3747814_44 with size 130746016 (97191584 + 33554432 overhead)[0m
[97m/home/cvazquezperezdelacru/clio-core/context-runtime/src/ipc_manager.cc:2492 INFO 3747843 IncreaseClientShm IpcManager::IncreaseClientShm: Created allocator clio_3747814_44 with ID (3747814.44)[0m
[33m/home/cvazquezperezdelacru/clio-core/context-runtime/src/scheduler/default_sched.cc:430 WARNING 3747842 LoadBalance [#781 PDF] observed exec-time bins (cumulative): <10us=6097201 <50us=121805 <500us=10386 <10ms=13925 <50ms=566 <500ms=150 <1s=0 >=1s=0 | stalls_detected=0[0m
[33m/home/cvazquezperezdelacru/clio-core/context-runtime/src/scheduler/default_sched.cc:439 WARNING 3747842 LoadBalance [#785] lane rescues performed: 0[0m
[97m/home/cvazquezperezdelacru/clio-core/context-runtime/src/ipc_manager.cc:2447 INFO 3747843 IncreaseClientShm IpcManager::IncreaseClientShm: Creating clio_3747814_45 with size 131459712 (97905280 + 33554432 overhead)[0m
[97m/home/cvazquezperezdelacru/clio-core/context-runtime/src/ipc_manager.cc:2492 INFO 3747843 IncreaseClientShm IpcManager::IncreaseClientShm: Created allocator clio_3747814_45 with ID (3747814.45)[0m
[97m/home/cvazquezperezdelacru/clio-core/context-runtime/src/ipc_manager.cc:2447 INFO 3747843 IncreaseClientShm IpcManager::IncreaseClientShm: Creating clio_3747814_46 with size 128161616 (94607184 + 33554432 overhead)[0m
[97m/home/cvazquezperezdelacru/clio-core/context-runtime/src/ipc_manager.cc:2492 INFO 3747843 IncreaseClientShm IpcManager::IncreaseClientShm: Created allocator clio_3747814_46 with ID (3747814.46)[0m
[33m/home/cvazquezperezdelacru/clio-core/context-runtime/src/scheduler/default_sched.cc:430 WARNING 3747842 LoadBalance [#781 PDF] observed exec-time bins (cumulative): <10us=6179699 <50us=122681 <500us=10522 <10ms=14249 <50ms=594 <500ms=150 <1s=0 >=1s=0 | stalls_detected=0[0m
[33m/home/cvazquezperezdelacru/clio-core/context-runtime/src/scheduler/default_sched.cc:439 WARNING 3747842 LoadBalance [#785] lane rescues performed: 0[0m
[97m/home/cvazquezperezdelacru/clio-core/context-runtime/src/ipc_manager.cc:2447 INFO 3747843 IncreaseClientShm IpcManager::IncreaseClientShm: Creating clio_3747814_47 with size 134941112 (101386680 + 33554432 overhead)[0m
[97m/home/cvazquezperezdelacru/clio-core/context-runtime/src/ipc_manager.cc:2492 INFO 3747843 IncreaseClientShm IpcManager::IncreaseClientShm: Created allocator clio_3747814_47 with ID (3747814.47)[0m
[97m/home/cvazquezperezdelacru/clio-core/context-runtime/src/ipc_manager.cc:2447 INFO 3747843 IncreaseClientShm IpcManager::IncreaseClientShm: Creating clio_3747814_48 with size 127752112 (94197680 + 33554432 overhead)[0m
[97m/home/cvazquezperezdelacru/clio-core/context-runtime/src/ipc_manager.cc:2492 INFO 3747843 IncreaseClientShm IpcManager::IncreaseClientShm: Created allocator clio_3747814_48 with ID (3747814.48)[0m
[33m/home/cvazquezperezdelacru/clio-core/context-runtime/src/scheduler/default_sched.cc:430 WARNING 3747842 LoadBalance [#781 PDF] observed exec-time bins (cumulative): <10us=6262957 <50us=124254 <500us=10688 <10ms=14584 <50ms=616 <500ms=150 <1s=0 >=1s=0 | stalls_detected=0[0m
[33m/home/cvazquezperezdelacru/clio-core/context-runtime/src/scheduler/default_sched.cc:439 WARNING 3747842 LoadBalance [#785] lane rescues performed: 0[0m
[97m/home/cvazquezperezdelacru/clio-core/context-runtime/src/ipc_manager.cc:2447 INFO 3747843 IncreaseClientShm IpcManager::IncreaseClientShm: Creating clio_3747814_49 with size 133817912 (100263480 + 33554432 overhead)[0m
[97m/home/cvazquezperezdelacru/clio-core/context-runtime/src/ipc_manager.cc:2492 INFO 3747843 IncreaseClientShm IpcManager::IncreaseClientShm: Created allocator clio_3747814_49 with ID (3747814.49)[0m
[97m/home/cvazquezperezdelacru/clio-core/context-runtime/src/ipc_manager.cc:2447 INFO 3747843 IncreaseClientShm IpcManager::IncreaseClientShm: Creating clio_3747814_50 with size 149614208 (116059776 + 33554432 overhead)[0m
[97m/home/cvazquezperezdelacru/clio-core/context-runtime/src/ipc_manager.cc:2492 INFO 3747843 IncreaseClientShm IpcManager::IncreaseClientShm: Created allocator clio_3747814_50 with ID (3747814.50)[0m
[33m/home/cvazquezperezdelacru/clio-core/context-runtime/src/scheduler/default_sched.cc:430 WARNING 3747842 LoadBalance [#781 PDF] observed exec-time bins (cumulative): <10us=6345930 <50us=125140 <500us=10857 <10ms=14910 <50ms=647 <500ms=150 <1s=0 >=1s=0 | stalls_detected=0[0m
[33m/home/cvazquezperezdelacru/clio-core/context-runtime/src/scheduler/default_sched.cc:439 WARNING 3747842 LoadBalance [#785] lane rescues performed: 0[0m
[97m/mnt/common/cvazquezperezdelacru/IOWARP/faiss/contrib/iowarp/chimod/src/faiss_ivf_runtime.cc:329 INFO 3747835 Search faiss_ivf: Search nq=250 k=10 nprobe=128 unique_lists=7811[0m
[97m/home/cvazquezperezdelacru/clio-core/context-runtime/src/ipc_manager.cc:2447 INFO 3747843 IncreaseClientShm IpcManager::IncreaseClientShm: Creating clio_3747814_51 with size 127277616 (93723184 + 33554432 overhead)[0m
[97m/home/cvazquezperezdelacru/clio-core/context-runtime/src/ipc_manager.cc:2492 INFO 3747843 IncreaseClientShm IpcManager::IncreaseClientShm: Created allocator clio_3747814_51 with ID (3747814.51)[0m
[97m/home/cvazquezperezdelacru/clio-core/context-runtime/src/ipc_manager.cc:2447 INFO 3747843 IncreaseClientShm IpcManager::IncreaseClientShm: Creating clio_3747814_52 with size 130818816 (97264384 + 33554432 overhead)[0m
[97m/home/cvazquezperezdelacru/clio-core/context-runtime/src/ipc_manager.cc:2492 INFO 3747843 IncreaseClientShm IpcManager::IncreaseClientShm: Created allocator clio_3747814_52 with ID (3747814.52)[0m
[33m/home/cvazquezperezdelacru/clio-core/context-runtime/src/scheduler/default_sched.cc:430 WARNING 3747842 LoadBalance [#781 PDF] observed exec-time bins (cumulative): <10us=6418209 <50us=127034 <500us=10994 <10ms=15129 <50ms=659 <500ms=150 <1s=0 >=1s=1 | stalls_detected=0[0m
[33m/home/cvazquezperezdelacru/clio-core/context-runtime/src/scheduler/default_sched.cc:439 WARNING 3747842 LoadBalance [#785] lane rescues performed: 0[0m
[97m/home/cvazquezperezdelacru/clio-core/context-runtime/src/ipc_manager.cc:2447 INFO 3747843 IncreaseClientShm IpcManager::IncreaseClientShm: Creating clio_3747814_53 with size 132891008 (99336576 + 33554432 overhead)[0m
[97m/home/cvazquezperezdelacru/clio-core/context-runtime/src/ipc_manager.cc:2492 INFO 3747843 IncreaseClientShm IpcManager::IncreaseClientShm: Created allocator clio_3747814_53 with ID (3747814.53)[0m
[33m/home/cvazquezperezdelacru/clio-core/context-runtime/src/scheduler/default_sched.cc:430 WARNING 3747842 LoadBalance [#781 PDF] observed exec-time bins (cumulative): <10us=6501366 <50us=130785 <500us=11193 <10ms=15449 <50ms=677 <500ms=150 <1s=0 >=1s=1 | stalls_detected=0[0m
[33m/home/cvazquezperezdelacru/clio-core/context-runtime/src/scheduler/default_sched.cc:439 WARNING 3747842 LoadBalance [#785] lane rescues performed: 0[0m
[97m/home/cvazquezperezdelacru/clio-core/context-runtime/src/ipc_manager.cc:2447 INFO 3747843 IncreaseClientShm IpcManager::IncreaseClientShm: Creating clio_3747814_54 with size 132458112 (98903680 + 33554432 overhead)[0m
[97m/home/cvazquezperezdelacru/clio-core/context-runtime/src/ipc_manager.cc:2492 INFO 3747843 IncreaseClientShm IpcManager::IncreaseClientShm: Created allocator clio_3747814_54 with ID (3747814.54)[0m
[97m/home/cvazquezperezdelacru/clio-core/context-runtime/src/ipc_manager.cc:2447 INFO 3747843 IncreaseClientShm IpcManager::IncreaseClientShm: Creating clio_3747814_55 with size 126232416 (92677984 + 33554432 overhead)[0m
[97m/home/cvazquezperezdelacru/clio-core/context-runtime/src/ipc_manager.cc:2492 INFO 3747843 IncreaseClientShm IpcManager::IncreaseClientShm: Created allocator clio_3747814_55 with ID (3747814.55)[0m
[33m/home/cvazquezperezdelacru/clio-core/context-runtime/src/scheduler/default_sched.cc:430 WARNING 3747842 LoadBalance [#781 PDF] observed exec-time bins (cumulative): <10us=6580975 <50us=131600 <500us=11436 <10ms=15775 <50ms=700 <500ms=150 <1s=0 >=1s=1 | stalls_detected=0[0m
[33m/home/cvazquezperezdelacru/clio-core/context-runtime/src/scheduler/default_sched.cc:439 WARNING 3747842 LoadBalance [#785] lane rescues performed: 0[0m
[97m/home/cvazquezperezdelacru/clio-core/context-runtime/src/ipc_manager.cc:2447 INFO 3747843 IncreaseClientShm IpcManager::IncreaseClientShm: Creating clio_3747814_56 with size 130548416 (96993984 + 33554432 overhead)[0m
[97m/home/cvazquezperezdelacru/clio-core/context-runtime/src/ipc_manager.cc:2492 INFO 3747843 IncreaseClientShm IpcManager::IncreaseClientShm: Created allocator clio_3747814_56 with ID (3747814.56)[0m
[97m/home/cvazquezperezdelacru/clio-core/context-runtime/src/ipc_manager.cc:2447 INFO 3747843 IncreaseClientShm IpcManager::IncreaseClientShm: Creating clio_3747814_57 with size 126389712 (92835280 + 33554432 overhead)[0m
[97m/home/cvazquezperezdelacru/clio-core/context-runtime/src/ipc_manager.cc:2492 INFO 3747843 IncreaseClientShm IpcManager::IncreaseClientShm: Created allocator clio_3747814_57 with ID (3747814.57)[0m
[33m/home/cvazquezperezdelacru/clio-core/context-runtime/src/scheduler/default_sched.cc:430 WARNING 3747842 LoadBalance [#781 PDF] observed exec-time bins (cumulative): <10us=6661076 <50us=133517 <500us=11642 <10ms=16102 <50ms=730 <500ms=150 <1s=0 >=1s=1 | stalls_detected=0[0m
[33m/home/cvazquezperezdelacru/clio-core/context-runtime/src/scheduler/default_sched.cc:439 WARNING 3747842 LoadBalance [#785] lane rescues performed: 0[0m
[97m/home/cvazquezperezdelacru/clio-core/context-runtime/src/ipc_manager.cc:2447 INFO 3747843 IncreaseClientShm IpcManager::IncreaseClientShm: Creating clio_3747814_58 with size 142191216 (108636784 + 33554432 overhead)[0m
[97m/home/cvazquezperezdelacru/clio-core/context-runtime/src/ipc_manager.cc:2492 INFO 3747843 IncreaseClientShm IpcManager::IncreaseClientShm: Created allocator clio_3747814_58 with ID (3747814.58)[0m
[97m/home/cvazquezperezdelacru/clio-core/context-runtime/src/ipc_manager.cc:2447 INFO 3747843 IncreaseClientShm IpcManager::IncreaseClientShm: Creating clio_3747814_59 with size 128733616 (95179184 + 33554432 overhead)[0m
[97m/home/cvazquezperezdelacru/clio-core/context-runtime/src/ipc_manager.cc:2492 INFO 3747843 IncreaseClientShm IpcManager::IncreaseClientShm: Created allocator clio_3747814_59 with ID (3747814.59)[0m
[33m/home/cvazquezperezdelacru/clio-core/context-runtime/src/scheduler/default_sched.cc:430 WARNING 3747842 LoadBalance [#781 PDF] observed exec-time bins (cumulative): <10us=6741693 <50us=135140 <500us=11885 <10ms=16421 <50ms=760 <500ms=150 <1s=0 >=1s=1 | stalls_detected=0[0m
[33m/home/cvazquezperezdelacru/clio-core/context-runtime/src/scheduler/default_sched.cc:439 WARNING 3747842 LoadBalance [#785] lane rescues performed: 0[0m
[97m/home/cvazquezperezdelacru/clio-core/context-runtime/src/ipc_manager.cc:2447 INFO 3747843 IncreaseClientShm IpcManager::IncreaseClientShm: Creating clio_3747814_60 with size 127063112 (93508680 + 33554432 overhead)[0m
[97m/home/cvazquezperezdelacru/clio-core/context-runtime/src/ipc_manager.cc:2492 INFO 3747843 IncreaseClientShm IpcManager::IncreaseClientShm: Created allocator clio_3747814_60 with ID (3747814.60)[0m
[97m/home/cvazquezperezdelacru/clio-core/context-runtime/src/ipc_manager.cc:2447 INFO 3747843 IncreaseClientShm IpcManager::IncreaseClientShm: Creating clio_3747814_61 with size 137006816 (103452384 + 33554432 overhead)[0m
[97m/home/cvazquezperezdelacru/clio-core/context-runtime/src/ipc_manager.cc:2492 INFO 3747843 IncreaseClientShm IpcManager::IncreaseClientShm: Created allocator clio_3747814_61 with ID (3747814.61)[0m
[33m/home/cvazquezperezdelacru/clio-core/context-runtime/src/scheduler/default_sched.cc:430 WARNING 3747842 LoadBalance [#781 PDF] observed exec-time bins (cumulative): <10us=6821762 <50us=137171 <500us=12135 <10ms=16713 <50ms=786 <500ms=150 <1s=0 >=1s=1 | stalls_detected=0[0m
[33m/home/cvazquezperezdelacru/clio-core/context-runtime/src/scheduler/default_sched.cc:439 WARNING 3747842 LoadBalance [#785] lane rescues performed: 0[0m
[97m/home/cvazquezperezdelacru/clio-core/context-runtime/src/ipc_manager.cc:2447 INFO 3747843 IncreaseClientShm IpcManager::IncreaseClientShm: Creating clio_3747814_62 with size 127320512 (93766080 + 33554432 overhead)[0m
[97m/home/cvazquezperezdelacru/clio-core/context-runtime/src/ipc_manager.cc:2492 INFO 3747843 IncreaseClientShm IpcManager::IncreaseClientShm: Created allocator clio_3747814_62 with ID (3747814.62)[0m
[97m/home/cvazquezperezdelacru/clio-core/context-runtime/src/ipc_manager.cc:2447 INFO 3747843 IncreaseClientShm IpcManager::IncreaseClientShm: Creating clio_3747814_63 with size 127914608 (94360176 + 33554432 overhead)[0m
[97m/home/cvazquezperezdelacru/clio-core/context-runtime/src/ipc_manager.cc:2492 INFO 3747843 IncreaseClientShm IpcManager::IncreaseClientShm: Created allocator clio_3747814_63 with ID (3747814.63)[0m
[33m/home/cvazquezperezdelacru/clio-core/context-runtime/src/scheduler/default_sched.cc:430 WARNING 3747842 LoadBalance [#781 PDF] observed exec-time bins (cumulative): <10us=6902422 <50us=139676 <500us=12323 <10ms=17021 <50ms=807 <500ms=150 <1s=0 >=1s=1 | stalls_detected=0[0m
[33m/home/cvazquezperezdelacru/clio-core/context-runtime/src/scheduler/default_sched.cc:439 WARNING 3747842 LoadBalance [#785] lane rescues performed: 0[0m
[97m/home/cvazquezperezdelacru/clio-core/context-runtime/src/ipc_manager.cc:2447 INFO 3747843 IncreaseClientShm IpcManager::IncreaseClientShm: Creating clio_3747814_64 with size 128107008 (94552576 + 33554432 overhead)[0m
[97m/home/cvazquezperezdelacru/clio-core/context-runtime/src/ipc_manager.cc:2492 INFO 3747843 IncreaseClientShm IpcManager::IncreaseClientShm: Created allocator clio_3747814_64 with ID (3747814.64)[0m
[33m/home/cvazquezperezdelacru/clio-core/context-runtime/src/scheduler/default_sched.cc:430 WARNING 3747842 LoadBalance [#781 PDF] observed exec-time bins (cumulative): <10us=6988718 <50us=141087 <500us=12479 <10ms=17350 <50ms=830 <500ms=150 <1s=0 >=1s=1 | stalls_detected=0[0m
[33m/home/cvazquezperezdelacru/clio-core/context-runtime/src/scheduler/default_sched.cc:439 WARNING 3747842 LoadBalance [#785] lane rescues performed: 0[0m
[97m/home/cvazquezperezdelacru/clio-core/context-runtime/src/ipc_manager.cc:2447 INFO 3747843 IncreaseClientShm IpcManager::IncreaseClientShm: Creating clio_3747814_65 with size 133078208 (99523776 + 33554432 overhead)[0m
[97m/home/cvazquezperezdelacru/clio-core/context-runtime/src/ipc_manager.cc:2492 INFO 3747843 IncreaseClientShm IpcManager::IncreaseClientShm: Created allocator clio_3747814_65 with ID (3747814.65)[0m
[97m/home/cvazquezperezdelacru/clio-core/context-runtime/src/ipc_manager.cc:2447 INFO 3747843 IncreaseClientShm IpcManager::IncreaseClientShm: Creating clio_3747814_66 with size 129552608 (95998176 + 33554432 overhead)[0m
[97m/home/cvazquezperezdelacru/clio-core/context-runtime/src/ipc_manager.cc:2492 INFO 3747843 IncreaseClientShm IpcManager::IncreaseClientShm: Created allocator clio_3747814_66 with ID (3747814.66)[0m
[33m/home/cvazquezperezdelacru/clio-core/context-runtime/src/scheduler/default_sched.cc:430 WARNING 3747842 LoadBalance [#781 PDF] observed exec-time bins (cumulative): <10us=7073333 <50us=142611 <500us=12659 <10ms=17657 <50ms=861 <500ms=150 <1s=0 >=1s=1 | stalls_detected=0[0m
[33m/home/cvazquezperezdelacru/clio-core/context-runtime/src/scheduler/default_sched.cc:439 WARNING 3747842 LoadBalance [#785] lane rescues performed: 0[0m
[97m/home/cvazquezperezdelacru/clio-core/context-runtime/src/ipc_manager.cc:2447 INFO 3747843 IncreaseClientShm IpcManager::IncreaseClientShm: Creating clio_3747814_67 with size 131206208 (97651776 + 33554432 overhead)[0m
[97m/home/cvazquezperezdelacru/clio-core/context-runtime/src/ipc_manager.cc:2492 INFO 3747843 IncreaseClientShm IpcManager::IncreaseClientShm: Created allocator clio_3747814_67 with ID (3747814.67)[0m
[97m/home/cvazquezperezdelacru/clio-core/context-runtime/src/ipc_manager.cc:2447 INFO 3747843 IncreaseClientShm IpcManager::IncreaseClientShm: Creating clio_3747814_68 with size 132689512 (99135080 + 33554432 overhead)[0m
[97m/home/cvazquezperezdelacru/clio-core/context-runtime/src/ipc_manager.cc:2492 INFO 3747843 IncreaseClientShm IpcManager::IncreaseClientShm: Created allocator clio_3747814_68 with ID (3747814.68)[0m
[33m/home/cvazquezperezdelacru/clio-core/context-runtime/src/scheduler/default_sched.cc:430 WARNING 3747842 LoadBalance [#781 PDF] observed exec-time bins (cumulative): <10us=7152946 <50us=144008 <500us=12846 <10ms=17973 <50ms=890 <500ms=150 <1s=0 >=1s=1 | stalls_detected=0[0m
[33m/home/cvazquezperezdelacru/clio-core/context-runtime/src/scheduler/default_sched.cc:439 WARNING 3747842 LoadBalance [#785] lane rescues performed: 0[0m
[97m/home/cvazquezperezdelacru/clio-core/context-runtime/src/ipc_manager.cc:2447 INFO 3747843 IncreaseClientShm IpcManager::IncreaseClientShm: Creating clio_3747814_69 with size 127341312 (93786880 + 33554432 overhead)[0m
[97m/home/cvazquezperezdelacru/clio-core/context-runtime/src/ipc_manager.cc:2492 INFO 3747843 IncreaseClientShm IpcManager::IncreaseClientShm: Created allocator clio_3747814_69 with ID (3747814.69)[0m
[97m/home/cvazquezperezdelacru/clio-core/context-runtime/src/ipc_manager.cc:2447 INFO 3747843 IncreaseClientShm IpcManager::IncreaseClientShm: Creating clio_3747814_70 with size 128395616 (94841184 + 33554432 overhead)[0m
[97m/home/cvazquezperezdelacru/clio-core/context-runtime/src/ipc_manager.cc:2492 INFO 3747843 IncreaseClientShm IpcManager::IncreaseClientShm: Created allocator clio_3747814_70 with ID (3747814.70)[0m
[33m/home/cvazquezperezdelacru/clio-core/context-runtime/src/scheduler/default_sched.cc:430 WARNING 3747842 LoadBalance [#781 PDF] observed exec-time bins (cumulative): <10us=7233462 <50us=145454 <500us=13041 <10ms=18289 <50ms=920 <500ms=150 <1s=0 >=1s=1 | stalls_detected=0[0m
[33m/home/cvazquezperezdelacru/clio-core/context-runtime/src/scheduler/default_sched.cc:439 WARNING 3747842 LoadBalance [#785] lane rescues performed: 0[0m
[97m/home/cvazquezperezdelacru/clio-core/context-runtime/src/ipc_manager.cc:2447 INFO 3747843 IncreaseClientShm IpcManager::IncreaseClientShm: Creating clio_3747814_71 with size 156167512 (122613080 + 33554432 overhead)[0m
[97m/home/cvazquezperezdelacru/clio-core/context-runtime/src/ipc_manager.cc:2492 INFO 3747843 IncreaseClientShm IpcManager::IncreaseClientShm: Created allocator clio_3747814_71 with ID (3747814.71)[0m
[97m/home/cvazquezperezdelacru/clio-core/context-runtime/src/ipc_manager.cc:2447 INFO 3747843 IncreaseClientShm IpcManager::IncreaseClientShm: Creating clio_3747814_72 with size 127389408 (93834976 + 33554432 overhead)[0m
[97m/home/cvazquezperezdelacru/clio-core/context-runtime/src/ipc_manager.cc:2492 INFO 3747843 IncreaseClientShm IpcManager::IncreaseClientShm: Created allocator clio_3747814_72 with ID (3747814.72)[0m
[33m/home/cvazquezperezdelacru/clio-core/context-runtime/src/scheduler/default_sched.cc:430 WARNING 3747842 LoadBalance [#781 PDF] observed exec-time bins (cumulative): <10us=7313484 <50us=148239 <500us=13253 <10ms=18599 <50ms=948 <500ms=150 <1s=0 >=1s=1 | stalls_detected=0[0m
[33m/home/cvazquezperezdelacru/clio-core/context-runtime/src/scheduler/default_sched.cc:439 WARNING 3747842 LoadBalance [#785] lane rescues performed: 0[0m
[97m/home/cvazquezperezdelacru/clio-core/context-runtime/src/ipc_manager.cc:2447 INFO 3747843 IncreaseClientShm IpcManager::IncreaseClientShm: Creating clio_3747814_73 with size 139485912 (105931480 + 33554432 overhead)[0m
[97m/home/cvazquezperezdelacru/clio-core/context-runtime/src/ipc_manager.cc:2492 INFO 3747843 IncreaseClientShm IpcManager::IncreaseClientShm: Created allocator clio_3747814_73 with ID (3747814.73)[0m
[33m/home/cvazquezperezdelacru/clio-core/context-runtime/src/scheduler/default_sched.cc:430 WARNING 3747842 LoadBalance [#781 PDF] observed exec-time bins (cumulative): <10us=7392986 <50us=150102 <500us=13485 <10ms=18909 <50ms=979 <500ms=150 <1s=0 >=1s=1 | stalls_detected=0[0m
[33m/home/cvazquezperezdelacru/clio-core/context-runtime/src/scheduler/default_sched.cc:439 WARNING 3747842 LoadBalance [#785] lane rescues performed: 0[0m
[97m/home/cvazquezperezdelacru/clio-core/context-runtime/src/ipc_manager.cc:2447 INFO 3747843 IncreaseClientShm IpcManager::IncreaseClientShm: Creating clio_3747814_74 with size 138855408 (105300976 + 33554432 overhead)[0m
[97m/home/cvazquezperezdelacru/clio-core/context-runtime/src/ipc_manager.cc:2492 INFO 3747843 IncreaseClientShm IpcManager::IncreaseClientShm: Created allocator clio_3747814_74 with ID (3747814.74)[0m
[97m/home/cvazquezperezdelacru/clio-core/context-runtime/src/ipc_manager.cc:2447 INFO 3747843 IncreaseClientShm IpcManager::IncreaseClientShm: Creating clio_3747814_75 with size 133583912 (100029480 + 33554432 overhead)[0m
[97m/home/cvazquezperezdelacru/clio-core/context-runtime/src/ipc_manager.cc:2492 INFO 3747843 IncreaseClientShm IpcManager::IncreaseClientShm: Created allocator clio_3747814_75 with ID (3747814.75)[0m
[33m/home/cvazquezperezdelacru/clio-core/context-runtime/src/scheduler/default_sched.cc:430 WARNING 3747842 LoadBalance [#781 PDF] observed exec-time bins (cumulative): <10us=7473544 <50us=151393 <500us=13746 <10ms=19213 <50ms=1001 <500ms=150 <1s=0 >=1s=1 | stalls_detected=0[0m
[33m/home/cvazquezperezdelacru/clio-core/context-runtime/src/scheduler/default_sched.cc:439 WARNING 3747842 LoadBalance [#785] lane rescues performed: 0[0m
[97m/home/cvazquezperezdelacru/clio-core/context-runtime/src/ipc_manager.cc:2447 INFO 3747843 IncreaseClientShm IpcManager::IncreaseClientShm: Creating clio_3747814_76 with size 131600112 (98045680 + 33554432 overhead)[0m
[97m/home/cvazquezperezdelacru/clio-core/context-runtime/src/ipc_manager.cc:2492 INFO 3747843 IncreaseClientShm IpcManager::IncreaseClientShm: Created allocator clio_3747814_76 with ID (3747814.76)[0m
[97m/home/cvazquezperezdelacru/clio-core/context-runtime/src/ipc_manager.cc:2447 INFO 3747843 IncreaseClientShm IpcManager::IncreaseClientShm: Creating clio_3747814_77 with size 135847216 (102292784 + 33554432 overhead)[0m
[97m/home/cvazquezperezdelacru/clio-core/context-runtime/src/ipc_manager.cc:2492 INFO 3747843 IncreaseClientShm IpcManager::IncreaseClientShm: Created allocator clio_3747814_77 with ID (3747814.77)[0m
[33m/home/cvazquezperezdelacru/clio-core/context-runtime/src/scheduler/default_sched.cc:430 WARNING 3747842 LoadBalance [#781 PDF] observed exec-time bins (cumulative): <10us=7555113 <50us=153428 <500us=13903 <10ms=19561 <50ms=1025 <500ms=150 <1s=0 >=1s=1 | stalls_detected=0[0m
[33m/home/cvazquezperezdelacru/clio-core/context-runtime/src/scheduler/default_sched.cc:439 WARNING 3747842 LoadBalance [#785] lane rescues performed: 0[0m
[97m/home/cvazquezperezdelacru/clio-core/context-runtime/src/ipc_manager.cc:2447 INFO 3747843 IncreaseClientShm IpcManager::IncreaseClientShm: Creating clio_3747814_78 with size 128944208 (95389776 + 33554432 overhead)[0m
[97m/home/cvazquezperezdelacru/clio-core/context-runtime/src/ipc_manager.cc:2492 INFO 3747843 IncreaseClientShm IpcManager::IncreaseClientShm: Created allocator clio_3747814_78 with ID (3747814.78)[0m
[33m/home/cvazquezperezdelacru/clio-core/context-runtime/src/scheduler/default_sched.cc:430 WARNING 3747842 LoadBalance [#781 PDF] observed exec-time bins (cumulative): <10us=7634440 <50us=154980 <500us=14100 <10ms=19888 <50ms=1046 <500ms=150 <1s=0 >=1s=1 | stalls_detected=0[0m
[33m/home/cvazquezperezdelacru/clio-core/context-runtime/src/scheduler/default_sched.cc:439 WARNING 3747842 LoadBalance [#785] lane rescues performed: 0[0m
[97m/home/cvazquezperezdelacru/clio-core/context-runtime/src/ipc_manager.cc:2447 INFO 3747843 IncreaseClientShm IpcManager::IncreaseClientShm: Creating clio_3747814_79 with size 133070416 (99515984 + 33554432 overhead)[0m
[97m/home/cvazquezperezdelacru/clio-core/context-runtime/src/ipc_manager.cc:2492 INFO 3747843 IncreaseClientShm IpcManager::IncreaseClientShm: Created allocator clio_3747814_79 with ID (3747814.79)[0m
[97m/home/cvazquezperezdelacru/clio-core/context-runtime/src/ipc_manager.cc:2447 INFO 3747843 IncreaseClientShm IpcManager::IncreaseClientShm: Creating clio_3747814_80 with size 134373008 (100818576 + 33554432 overhead)[0m
[97m/home/cvazquezperezdelacru/clio-core/context-runtime/src/ipc_manager.cc:2492 INFO 3747843 IncreaseClientShm IpcManager::IncreaseClientShm: Created allocator clio_3747814_80 with ID (3747814.80)[0m
[33m/home/cvazquezperezdelacru/clio-core/context-runtime/src/scheduler/default_sched.cc:430 WARNING 3747842 LoadBalance [#781 PDF] observed exec-time bins (cumulative): <10us=7713477 <50us=157836 <500us=14264 <10ms=20200 <50ms=1071 <500ms=150 <1s=0 >=1s=1 | stalls_detected=0[0m
[33m/home/cvazquezperezdelacru/clio-core/context-runtime/src/scheduler/default_sched.cc:439 WARNING 3747842 LoadBalance [#785] lane rescues performed: 0[0m
[97m/home/cvazquezperezdelacru/clio-core/context-runtime/src/ipc_manager.cc:2447 INFO 3747843 IncreaseClientShm IpcManager::IncreaseClientShm: Creating clio_3747814_81 with size 135166016 (101611584 + 33554432 overhead)[0m
[97m/home/cvazquezperezdelacru/clio-core/context-runtime/src/ipc_manager.cc:2492 INFO 3747843 IncreaseClientShm IpcManager::IncreaseClientShm: Created allocator clio_3747814_81 with ID (3747814.81)[0m
[97m/home/cvazquezperezdelacru/clio-core/context-runtime/src/ipc_manager.cc:2447 INFO 3747843 IncreaseClientShm IpcManager::IncreaseClientShm: Creating clio_3747814_82 with size 130310512 (96756080 + 33554432 overhead)[0m
[97m/home/cvazquezperezdelacru/clio-core/context-runtime/src/ipc_manager.cc:2492 INFO 3747843 IncreaseClientShm IpcManager::IncreaseClientShm: Created allocator clio_3747814_82 with ID (3747814.82)[0m
[33m/home/cvazquezperezdelacru/clio-core/context-runtime/src/scheduler/default_sched.cc:430 WARNING 3747842 LoadBalance [#781 PDF] observed exec-time bins (cumulative): <10us=7795688 <50us=159323 <500us=14472 <10ms=20519 <50ms=1099 <500ms=150 <1s=0 >=1s=1 | stalls_detected=0[0m
[33m/home/cvazquezperezdelacru/clio-core/context-runtime/src/scheduler/default_sched.cc:439 WARNING 3747842 LoadBalance [#785] lane rescues performed: 0[0m
[97m/home/cvazquezperezdelacru/clio-core/context-runtime/src/ipc_manager.cc:2447 INFO 3747843 IncreaseClientShm IpcManager::IncreaseClientShm: Creating clio_3747814_83 with size 131370016 (97815584 + 33554432 overhead)[0m
[97m/home/cvazquezperezdelacru/clio-core/context-runtime/src/ipc_manager.cc:2492 INFO 3747843 IncreaseClientShm IpcManager::IncreaseClientShm: Created allocator clio_3747814_83 with ID (3747814.83)[0m
[97m/home/cvazquezperezdelacru/clio-core/context-runtime/src/ipc_manager.cc:2447 INFO 3747843 IncreaseClientShm IpcManager::IncreaseClientShm: Creating clio_3747814_84 with size 128469712 (94915280 + 33554432 overhead)[0m
[97m/home/cvazquezperezdelacru/clio-core/context-runtime/src/ipc_manager.cc:2492 INFO 3747843 IncreaseClientShm IpcManager::IncreaseClientShm: Created allocator clio_3747814_84 with ID (3747814.84)[0m
[33m/home/cvazquezperezdelacru/clio-core/context-runtime/src/scheduler/default_sched.cc:430 WARNING 3747842 LoadBalance [#781 PDF] observed exec-time bins (cumulative): <10us=7881484 <50us=160438 <500us=14689 <10ms=20842 <50ms=1130 <500ms=150 <1s=0 >=1s=1 | stalls_detected=0[0m
[33m/home/cvazquezperezdelacru/clio-core/context-runtime/src/scheduler/default_sched.cc:439 WARNING 3747842 LoadBalance [#785] lane rescues performed: 0[0m
[97m/home/cvazquezperezdelacru/clio-core/context-runtime/src/ipc_manager.cc:2447 INFO 3747843 IncreaseClientShm IpcManager::IncreaseClientShm: Creating clio_3747814_85 with size 129833408 (96278976 + 33554432 overhead)[0m
[97m/home/cvazquezperezdelacru/clio-core/context-runtime/src/ipc_manager.cc:2492 INFO 3747843 IncreaseClientShm IpcManager::IncreaseClientShm: Created allocator clio_3747814_85 with ID (3747814.85)[0m
[97m/home/cvazquezperezdelacru/clio-core/context-runtime/src/ipc_manager.cc:2447 INFO 3747843 IncreaseClientShm IpcManager::IncreaseClientShm: Creating clio_3747814_86 with size 134941112 (101386680 + 33554432 overhead)[0m
[97m/home/cvazquezperezdelacru/clio-core/context-runtime/src/ipc_manager.cc:2492 INFO 3747843 IncreaseClientShm IpcManager::IncreaseClientShm: Created allocator clio_3747814_86 with ID (3747814.86)[0m
[33m/home/cvazquezperezdelacru/clio-core/context-runtime/src/scheduler/default_sched.cc:430 WARNING 3747842 LoadBalance [#781 PDF] observed exec-time bins (cumulative): <10us=7967039 <50us=161879 <500us=14916 <10ms=21163 <50ms=1149 <500ms=150 <1s=0 >=1s=1 | stalls_detected=0[0m
[33m/home/cvazquezperezdelacru/clio-core/context-runtime/src/scheduler/default_sched.cc:439 WARNING 3747842 LoadBalance [#785] lane rescues performed: 0[0m
[97m/home/cvazquezperezdelacru/clio-core/context-runtime/src/ipc_manager.cc:2447 INFO 3747843 IncreaseClientShm IpcManager::IncreaseClientShm: Creating clio_3747814_87 with size 131208816 (97654384 + 33554432 overhead)[0m
[97m/home/cvazquezperezdelacru/clio-core/context-runtime/src/ipc_manager.cc:2492 INFO 3747843 IncreaseClientShm IpcManager::IncreaseClientShm: Created allocator clio_3747814_87 with ID (3747814.87)[0m
[97m/home/cvazquezperezdelacru/clio-core/context-runtime/src/ipc_manager.cc:2447 INFO 3747843 IncreaseClientShm IpcManager::IncreaseClientShm: Creating clio_3747814_88 with size 134963216 (101408784 + 33554432 overhead)[0m
[97m/home/cvazquezperezdelacru/clio-core/context-runtime/src/ipc_manager.cc:2492 INFO 3747843 IncreaseClientShm IpcManager::IncreaseClientShm: Created allocator clio_3747814_88 with ID (3747814.88)[0m
[33m/home/cvazquezperezdelacru/clio-core/context-runtime/src/scheduler/default_sched.cc:430 WARNING 3747842 LoadBalance [#781 PDF] observed exec-time bins (cumulative): <10us=8045986 <50us=164282 <500us=15147 <10ms=21489 <50ms=1174 <500ms=150 <1s=0 >=1s=1 | stalls_detected=0[0m
[33m/home/cvazquezperezdelacru/clio-core/context-runtime/src/scheduler/default_sched.cc:439 WARNING 3747842 LoadBalance [#785] lane rescues performed: 0[0m
[97m/home/cvazquezperezdelacru/clio-core/context-runtime/src/ipc_manager.cc:2447 INFO 3747843 IncreaseClientShm IpcManager::IncreaseClientShm: Creating clio_3747814_89 with size 134777312 (101222880 + 33554432 overhead)[0m
[97m/home/cvazquezperezdelacru/clio-core/context-runtime/src/ipc_manager.cc:2492 INFO 3747843 IncreaseClientShm IpcManager::IncreaseClientShm: Created allocator clio_3747814_89 with ID (3747814.89)[0m
[33m/home/cvazquezperezdelacru/clio-core/context-runtime/src/scheduler/default_sched.cc:430 WARNING 3747842 LoadBalance [#781 PDF] observed exec-time bins (cumulative): <10us=8121365 <50us=165854 <500us=15332 <10ms=21730 <50ms=1197 <500ms=150 <1s=0 >=1s=1 | stalls_detected=0[0m
[33m/home/cvazquezperezdelacru/clio-core/context-runtime/src/scheduler/default_sched.cc:439 WARNING 3747842 LoadBalance [#785] lane rescues performed: 0[0m
[97m/mnt/common/cvazquezperezdelacru/IOWARP/faiss/contrib/iowarp/chimod/src/faiss_ivf_runtime.cc:329 INFO 3747835 Search faiss_ivf: Search nq=250 k=10 nprobe=128 unique_lists=7811[0m
[97m/home/cvazquezperezdelacru/clio-core/context-runtime/src/ipc_manager.cc:2447 INFO 3747843 IncreaseClientShm IpcManager::IncreaseClientShm: Creating clio_3747814_90 with size 130348208 (96793776 + 33554432 overhead)[0m
[97m/home/cvazquezperezdelacru/clio-core/context-runtime/src/ipc_manager.cc:2492 INFO 3747843 IncreaseClientShm IpcManager::IncreaseClientShm: Created allocator clio_3747814_90 with ID (3747814.90)[0m
[97m/home/cvazquezperezdelacru/clio-core/context-runtime/src/ipc_manager.cc:2447 INFO 3747843 IncreaseClientShm IpcManager::IncreaseClientShm: Creating clio_3747814_91 with size 128712816 (95158384 + 33554432 overhead)[0m
[97m/home/cvazquezperezdelacru/clio-core/context-runtime/src/ipc_manager.cc:2492 INFO 3747843 IncreaseClientShm IpcManager::IncreaseClientShm: Created allocator clio_3747814_91 with ID (3747814.91)[0m
[33m/home/cvazquezperezdelacru/clio-core/context-runtime/src/scheduler/default_sched.cc:430 WARNING 3747842 LoadBalance [#781 PDF] observed exec-time bins (cumulative): <10us=8190375 <50us=167683 <500us=15477 <10ms=22029 <50ms=1219 <500ms=150 <1s=0 >=1s=2 | stalls_detected=0[0m
[33m/home/cvazquezperezdelacru/clio-core/context-runtime/src/scheduler/default_sched.cc:439 WARNING 3747842 LoadBalance [#785] lane rescues performed: 0[0m
[97m/home/cvazquezperezdelacru/clio-core/context-runtime/src/ipc_manager.cc:2447 INFO 3747843 IncreaseClientShm IpcManager::IncreaseClientShm: Creating clio_3747814_92 with size 132891008 (99336576 + 33554432 overhead)[0m
[97m/home/cvazquezperezdelacru/clio-core/context-runtime/src/ipc_manager.cc:2492 INFO 3747843 IncreaseClientShm IpcManager::IncreaseClientShm: Created allocator clio_3747814_92 with ID (3747814.92)[0m
[97m/home/cvazquezperezdelacru/clio-core/context-runtime/src/ipc_manager.cc:2447 INFO 3747843 IncreaseClientShm IpcManager::IncreaseClientShm: Creating clio_3747814_93 with size 132458112 (98903680 + 33554432 overhead)[0m
[97m/home/cvazquezperezdelacru/clio-core/context-runtime/src/ipc_manager.cc:2492 INFO 3747843 IncreaseClientShm IpcManager::IncreaseClientShm: Created allocator clio_3747814_93 with ID (3747814.93)[0m
[33m/home/cvazquezperezdelacru/clio-core/context-runtime/src/scheduler/default_sched.cc:430 WARNING 3747842 LoadBalance [#781 PDF] observed exec-time bins (cumulative): <10us=8274099 <50us=169069 <500us=15700 <10ms=22354 <50ms=1244 <500ms=150 <1s=0 >=1s=2 | stalls_detected=0[0m
[33m/home/cvazquezperezdelacru/clio-core/context-runtime/src/scheduler/default_sched.cc:439 WARNING 3747842 LoadBalance [#785] lane rescues performed: 0[0m
[97m/home/cvazquezperezdelacru/clio-core/context-runtime/src/ipc_manager.cc:2447 INFO 3747843 IncreaseClientShm IpcManager::IncreaseClientShm: Creating clio_3747814_94 with size 127827512 (94273080 + 33554432 overhead)[0m
[97m/home/cvazquezperezdelacru/clio-core/context-runtime/src/ipc_manager.cc:2492 INFO 3747843 IncreaseClientShm IpcManager::IncreaseClientShm: Created allocator clio_3747814_94 with ID (3747814.94)[0m
[33m/home/cvazquezperezdelacru/clio-core/context-runtime/src/scheduler/default_sched.cc:430 WARNING 3747842 LoadBalance [#781 PDF] observed exec-time bins (cumulative): <10us=8355973 <50us=170733 <500us=15914 <10ms=22681 <50ms=1269 <500ms=150 <1s=0 >=1s=2 | stalls_detected=0[0m
[33m/home/cvazquezperezdelacru/clio-core/context-runtime/src/scheduler/default_sched.cc:439 WARNING 3747842 LoadBalance [#785] lane rescues performed: 0[0m
[97m/home/cvazquezperezdelacru/clio-core/context-runtime/src/ipc_manager.cc:2447 INFO 3747843 IncreaseClientShm IpcManager::IncreaseClientShm: Creating clio_3747814_95 with size 128250016 (94695584 + 33554432 overhead)[0m
[97m/home/cvazquezperezdelacru/clio-core/context-runtime/src/ipc_manager.cc:2492 INFO 3747843 IncreaseClientShm IpcManager::IncreaseClientShm: Created allocator clio_3747814_95 with ID (3747814.95)[0m
[97m/home/cvazquezperezdelacru/clio-core/context-runtime/src/ipc_manager.cc:2447 INFO 3747843 IncreaseClientShm IpcManager::IncreaseClientShm: Creating clio_3747814_96 with size 126907112 (93352680 + 33554432 overhead)[0m
[97m/home/cvazquezperezdelacru/clio-core/context-runtime/src/ipc_manager.cc:2492 INFO 3747843 IncreaseClientShm IpcManager::IncreaseClientShm: Created allocator clio_3747814_96 with ID (3747814.96)[0m
[33m/home/cvazquezperezdelacru/clio-core/context-runtime/src/scheduler/default_sched.cc:430 WARNING 3747842 LoadBalance [#781 PDF] observed exec-time bins (cumulative): <10us=8439077 <50us=172030 <500us=16108 <10ms=23005 <50ms=1306 <500ms=150 <1s=0 >=1s=2 | stalls_detected=0[0m
[33m/home/cvazquezperezdelacru/clio-core/context-runtime/src/scheduler/default_sched.cc:439 WARNING 3747842 LoadBalance [#785] lane rescues performed: 0[0m
[97m/home/cvazquezperezdelacru/clio-core/context-runtime/src/ipc_manager.cc:2447 INFO 3747843 IncreaseClientShm IpcManager::IncreaseClientShm: Creating clio_3747814_97 with size 130155808 (96601376 + 33554432 overhead)[0m
[97m/home/cvazquezperezdelacru/clio-core/context-runtime/src/ipc_manager.cc:2492 INFO 3747843 IncreaseClientShm IpcManager::IncreaseClientShm: Created allocator clio_3747814_97 with ID (3747814.97)[0m
[97m/home/cvazquezperezdelacru/clio-core/context-runtime/src/ipc_manager.cc:2447 INFO 3747843 IncreaseClientShm IpcManager::IncreaseClientShm: Creating clio_3747814_98 with size 129607216 (96052784 + 33554432 overhead)[0m
[97m/home/cvazquezperezdelacru/clio-core/context-runtime/src/ipc_manager.cc:2492 INFO 3747843 IncreaseClientShm IpcManager::IncreaseClientShm: Created allocator clio_3747814_98 with ID (3747814.98)[0m
[33m/home/cvazquezperezdelacru/clio-core/context-runtime/src/scheduler/default_sched.cc:430 WARNING 3747842 LoadBalance [#781 PDF] observed exec-time bins (cumulative): <10us=8518671 <50us=174257 <500us=16287 <10ms=23316 <50ms=1337 <500ms=150 <1s=0 >=1s=2 | stalls_detected=0[0m
[33m/home/cvazquezperezdelacru/clio-core/context-runtime/src/scheduler/default_sched.cc:439 WARNING 3747842 LoadBalance [#785] lane rescues performed: 0[0m
[97m/home/cvazquezperezdelacru/clio-core/context-runtime/src/ipc_manager.cc:2447 INFO 3747843 IncreaseClientShm IpcManager::IncreaseClientShm: Creating clio_3747814_99 with size 151252208 (117697776 + 33554432 overhead)[0m
[97m/home/cvazquezperezdelacru/clio-core/context-runtime/src/ipc_manager.cc:2492 INFO 3747843 IncreaseClientShm IpcManager::IncreaseClientShm: Created allocator clio_3747814_99 with ID (3747814.99)[0m
[31m/home/cvazquezperezdelacru/clio-core/context-runtime/src/scheduler/default_sched.cc:726 ERROR 3747842 LoadBalance [HANGWATCH-HB] processed=47319 outstanding=1 (queued=1 blocked=0 retry=0 periodic=7) live=2 live_stalled=0[0m
[97m/home/cvazquezperezdelacru/clio-core/context-runtime/src/ipc_manager.cc:2447 INFO 3747843 IncreaseClientShm IpcManager::IncreaseClientShm: Creating clio_3747814_100 with size 137589216 (104034784 + 33554432 overhead)[0m
[97m/home/cvazquezperezdelacru/clio-core/context-runtime/src/ipc_manager.cc:2492 INFO 3747843 IncreaseClientShm IpcManager::IncreaseClientShm: Created allocator clio_3747814_100 with ID (3747814.100)[0m
[33m/home/cvazquezperezdelacru/clio-core/context-runtime/src/scheduler/default_sched.cc:430 WARNING 3747842 LoadBalance [#781 PDF] observed exec-time bins (cumulative): <10us=8597845 <50us=175119 <500us=16519 <10ms=23587 <50ms=1367 <500ms=150 <1s=0 >=1s=2 | stalls_detected=0[0m
[33m/home/cvazquezperezdelacru/clio-core/context-runtime/src/scheduler/default_sched.cc:439 WARNING 3747842 LoadBalance [#785] lane rescues performed: 0[0m
[97m/home/cvazquezperezdelacru/clio-core/context-runtime/src/ipc_manager.cc:2447 INFO 3747843 IncreaseClientShm IpcManager::IncreaseClientShm: Creating clio_3747814_101 with size 136878112 (103323680 + 33554432 overhead)[0m
[97m/home/cvazquezperezdelacru/clio-core/context-runtime/src/ipc_manager.cc:2492 INFO 3747843 IncreaseClientShm IpcManager::IncreaseClientShm: Created allocator clio_3747814_101 with ID (3747814.101)[0m
[33m/home/cvazquezperezdelacru/clio-core/context-runtime/src/scheduler/default_sched.cc:430 WARNING 3747842 LoadBalance [#781 PDF] observed exec-time bins (cumulative): <10us=8679603 <50us=175823 <500us=16716 <10ms=23894 <50ms=1393 <500ms=150 <1s=0 >=1s=2 | stalls_detected=0[0m
[33m/home/cvazquezperezdelacru/clio-core/context-runtime/src/scheduler/default_sched.cc:439 WARNING 3747842 LoadBalance [#785] lane rescues performed: 0[0m
[97m/home/cvazquezperezdelacru/clio-core/context-runtime/src/ipc_manager.cc:2447 INFO 3747843 IncreaseClientShm IpcManager::IncreaseClientShm: Creating clio_3747814_102 with size 126405312 (92850880 + 33554432 overhead)[0m
[97m/home/cvazquezperezdelacru/clio-core/context-runtime/src/ipc_manager.cc:2492 INFO 3747843 IncreaseClientShm IpcManager::IncreaseClientShm: Created allocator clio_3747814_102 with ID (3747814.102)[0m
[97m/home/cvazquezperezdelacru/clio-core/context-runtime/src/ipc_manager.cc:2447 INFO 3747843 IncreaseClientShm IpcManager::IncreaseClientShm: Creating clio_3747814_103 with size 139680912 (106126480 + 33554432 overhead)[0m
[97m/home/cvazquezperezdelacru/clio-core/context-runtime/src/ipc_manager.cc:2492 INFO 3747843 IncreaseClientShm IpcManager::IncreaseClientShm: Created allocator clio_3747814_103 with ID (3747814.103)[0m
[33m/home/cvazquezperezdelacru/clio-core/context-runtime/src/scheduler/default_sched.cc:430 WARNING 3747842 LoadBalance [#781 PDF] observed exec-time bins (cumulative): <10us=8759048 <50us=176375 <500us=16970 <10ms=24172 <50ms=1426 <500ms=150 <1s=0 >=1s=2 | stalls_detected=0[0m
[33m/home/cvazquezperezdelacru/clio-core/context-runtime/src/scheduler/default_sched.cc:439 WARNING 3747842 LoadBalance [#785] lane rescues performed: 0[0m
[97m/home/cvazquezperezdelacru/clio-core/context-runtime/src/ipc_manager.cc:2447 INFO 3747843 IncreaseClientShm IpcManager::IncreaseClientShm: Creating clio_3747814_104 with size 127488208 (93933776 + 33554432 overhead)[0m
[97m/home/cvazquezperezdelacru/clio-core/context-runtime/src/ipc_manager.cc:2492 INFO 3747843 IncreaseClientShm IpcManager::IncreaseClientShm: Created allocator clio_3747814_104 with ID (3747814.104)[0m
[97m/home/cvazquezperezdelacru/clio-core/context-runtime/src/ipc_manager.cc:2447 INFO 3747843 IncreaseClientShm IpcManager::IncreaseClientShm: Creating clio_3747814_105 with size 146078208 (112523776 + 33554432 overhead)[0m
[97m/home/cvazquezperezdelacru/clio-core/context-runtime/src/ipc_manager.cc:2492 INFO 3747843 IncreaseClientShm IpcManager::IncreaseClientShm: Created allocator clio_3747814_105 with ID (3747814.105)[0m
[33m/home/cvazquezperezdelacru/clio-core/context-runtime/src/scheduler/default_sched.cc:430 WARNING 3747842 LoadBalance [#781 PDF] observed exec-time bins (cumulative): <10us=8837685 <50us=177400 <500us=17231 <10ms=24465 <50ms=1459 <500ms=150 <1s=0 >=1s=2 | stalls_detected=0[0m
[33m/home/cvazquezperezdelacru/clio-core/context-runtime/src/scheduler/default_sched.cc:439 WARNING 3747842 LoadBalance [#785] lane rescues performed: 0[0m
[97m/home/cvazquezperezdelacru/clio-core/context-runtime/src/ipc_manager.cc:2447 INFO 3747843 IncreaseClientShm IpcManager::IncreaseClientShm: Creating clio_3747814_106 with size 130109008 (96554576 + 33554432 overhead)[0m
[97m/home/cvazquezperezdelacru/clio-core/context-runtime/src/ipc_manager.cc:2492 INFO 3747843 IncreaseClientShm IpcManager::IncreaseClientShm: Created allocator clio_3747814_106 with ID (3747814.106)[0m
[97m/home/cvazquezperezdelacru/clio-core/context-runtime/src/ipc_manager.cc:2447 INFO 3747843 IncreaseClientShm IpcManager::IncreaseClientShm: Creating clio_3747814_107 with size 128602312 (95047880 + 33554432 overhead)[0m
[97m/home/cvazquezperezdelacru/clio-core/context-runtime/src/ipc_manager.cc:2492 INFO 3747843 IncreaseClientShm IpcManager::IncreaseClientShm: Created allocator clio_3747814_107 with ID (3747814.107)[0m
[33m/home/cvazquezperezdelacru/clio-core/context-runtime/src/scheduler/default_sched.cc:430 WARNING 3747842 LoadBalance [#781 PDF] observed exec-time bins (cumulative): <10us=8916313 <50us=178060 <500us=17438 <10ms=24746 <50ms=1495 <500ms=150 <1s=0 >=1s=2 | stalls_detected=0[0m
[33m/home/cvazquezperezdelacru/clio-core/context-runtime/src/scheduler/default_sched.cc:439 WARNING 3747842 LoadBalance [#785] lane rescues performed: 0[0m
[97m/home/cvazquezperezdelacru/clio-core/context-runtime/src/ipc_manager.cc:2447 INFO 3747843 IncreaseClientShm IpcManager::IncreaseClientShm: Creating clio_3747814_108 with size 137758208 (104203776 + 33554432 overhead)[0m
[97m/home/cvazquezperezdelacru/clio-core/context-runtime/src/ipc_manager.cc:2492 INFO 3747843 IncreaseClientShm IpcManager::IncreaseClientShm: Created allocator clio_3747814_108 with ID (3747814.108)[0m
[97m/home/cvazquezperezdelacru/clio-core/context-runtime/src/ipc_manager.cc:2447 INFO 3747843 IncreaseClientShm IpcManager::IncreaseClientShm: Creating clio_3747814_109 with size 129488912 (95934480 + 33554432 overhead)[0m
[97m/home/cvazquezperezdelacru/clio-core/context-runtime/src/ipc_manager.cc:2492 INFO 3747843 IncreaseClientShm IpcManager::IncreaseClientShm: Created allocator clio_3747814_109 with ID (3747814.109)[0m
[33m/home/cvazquezperezdelacru/clio-core/context-runtime/src/scheduler/default_sched.cc:430 WARNING 3747842 LoadBalance [#781 PDF] observed exec-time bins (cumulative): <10us=9000018 <50us=178629 <500us=17654 <10ms=25042 <50ms=1523 <500ms=150 <1s=0 >=1s=2 | stalls_detected=0[0m
[33m/home/cvazquezperezdelacru/clio-core/context-runtime/src/scheduler/default_sched.cc:439 WARNING 3747842 LoadBalance [#785] lane rescues performed: 0[0m
[97m/home/cvazquezperezdelacru/clio-core/context-runtime/src/ipc_manager.cc:2447 INFO 3747843 IncreaseClientShm IpcManager::IncreaseClientShm: Creating clio_3747814_110 with size 131195808 (97641376 + 33554432 overhead)[0m
[97m/home/cvazquezperezdelacru/clio-core/context-runtime/src/ipc_manager.cc:2492 INFO 3747843 IncreaseClientShm IpcManager::IncreaseClientShm: Created allocator clio_3747814_110 with ID (3747814.110)[0m
[33m/home/cvazquezperezdelacru/clio-core/context-runtime/src/scheduler/default_sched.cc:430 WARNING 3747842 LoadBalance [#781 PDF] observed exec-time bins (cumulative): <10us=9077423 <50us=179971 <500us=17880 <10ms=25303 <50ms=1555 <500ms=150 <1s=0 >=1s=2 | stalls_detected=0[0m
[33m/home/cvazquezperezdelacru/clio-core/context-runtime/src/scheduler/default_sched.cc:439 WARNING 3747842 LoadBalance [#785] lane rescues performed: 0[0m
[97m/home/cvazquezperezdelacru/clio-core/context-runtime/src/ipc_manager.cc:2447 INFO 3747843 IncreaseClientShm IpcManager::IncreaseClientShm: Creating clio_3747814_111 with size 139485912 (105931480 + 33554432 overhead)[0m
[97m/home/cvazquezperezdelacru/clio-core/context-runtime/src/ipc_manager.cc:2492 INFO 3747843 IncreaseClientShm IpcManager::IncreaseClientShm: Created allocator clio_3747814_111 with ID (3747814.111)[0m
[97m/home/cvazquezperezdelacru/clio-core/context-runtime/src/ipc_manager.cc:2447 INFO 3747843 IncreaseClientShm IpcManager::IncreaseClientShm: Creating clio_3747814_112 with size 127678016 (94123584 + 33554432 overhead)[0m
[97m/home/cvazquezperezdelacru/clio-core/context-runtime/src/ipc_manager.cc:2492 INFO 3747843 IncreaseClientShm IpcManager::IncreaseClientShm: Created allocator clio_3747814_112 with ID (3747814.112)[0m
[33m/home/cvazquezperezdelacru/clio-core/context-runtime/src/scheduler/default_sched.cc:430 WARNING 3747842 LoadBalance [#781 PDF] observed exec-time bins (cumulative): <10us=9155013 <50us=183609 <500us=18133 <10ms=25590 <50ms=1588 <500ms=150 <1s=0 >=1s=2 | stalls_detected=0[0m
[33m/home/cvazquezperezdelacru/clio-core/context-runtime/src/scheduler/default_sched.cc:439 WARNING 3747842 LoadBalance [#785] lane rescues performed: 0[0m
[97m/home/cvazquezperezdelacru/clio-core/context-runtime/src/ipc_manager.cc:2447 INFO 3747843 IncreaseClientShm IpcManager::IncreaseClientShm: Creating clio_3747814_113 with size 129061216 (95506784 + 33554432 overhead)[0m
[97m/home/cvazquezperezdelacru/clio-core/context-runtime/src/ipc_manager.cc:2492 INFO 3747843 IncreaseClientShm IpcManager::IncreaseClientShm: Created allocator clio_3747814_113 with ID (3747814.113)[0m
[97m/home/cvazquezperezdelacru/clio-core/context-runtime/src/ipc_manager.cc:2447 INFO 3747843 IncreaseClientShm IpcManager::IncreaseClientShm: Creating clio_3747814_114 with size 130313112 (96758680 + 33554432 overhead)[0m
[97m/home/cvazquezperezdelacru/clio-core/context-runtime/src/ipc_manager.cc:2492 INFO 3747843 IncreaseClientShm IpcManager::IncreaseClientShm: Created allocator clio_3747814_114 with ID (3747814.114)[0m
[33m/home/cvazquezperezdelacru/clio-core/context-runtime/src/scheduler/default_sched.cc:430 WARNING 3747842 LoadBalance [#781 PDF] observed exec-time bins (cumulative): <10us=9233644 <50us=185348 <500us=18413 <10ms=25844 <50ms=1614 <500ms=150 <1s=0 >=1s=2 | stalls_detected=0[0m
[33m/home/cvazquezperezdelacru/clio-core/context-runtime/src/scheduler/default_sched.cc:439 WARNING 3747842 LoadBalance [#785] lane rescues performed: 0[0m
[97m/home/cvazquezperezdelacru/clio-core/context-runtime/src/ipc_manager.cc:2447 INFO 3747843 IncreaseClientShm IpcManager::IncreaseClientShm: Creating clio_3747814_115 with size 130369008 (96814576 + 33554432 overhead)[0m
[97m/home/cvazquezperezdelacru/clio-core/context-runtime/src/ipc_manager.cc:2492 INFO 3747843 IncreaseClientShm IpcManager::IncreaseClientShm: Created allocator clio_3747814_115 with ID (3747814.115)[0m
[97m/home/cvazquezperezdelacru/clio-core/context-runtime/src/ipc_manager.cc:2447 INFO 3747843 IncreaseClientShm IpcManager::IncreaseClientShm: Creating clio_3747814_116 with size 131355712 (97801280 + 33554432 overhead)[0m
[97m/home/cvazquezperezdelacru/clio-core/context-runtime/src/ipc_manager.cc:2492 INFO 3747843 IncreaseClientShm IpcManager::IncreaseClientShm: Created allocator clio_3747814_116 with ID (3747814.116)[0m
[33m/home/cvazquezperezdelacru/clio-core/context-runtime/src/scheduler/default_sched.cc:430 WARNING 3747842 LoadBalance [#781 PDF] observed exec-time bins (cumulative): <10us=9318045 <50us=185820 <500us=18668 <10ms=26089 <50ms=1645 <500ms=150 <1s=0 >=1s=2 | stalls_detected=0[0m
[33m/home/cvazquezperezdelacru/clio-core/context-runtime/src/scheduler/default_sched.cc:439 WARNING 3747842 LoadBalance [#785] lane rescues performed: 0[0m
[97m/home/cvazquezperezdelacru/clio-core/context-runtime/src/ipc_manager.cc:2447 INFO 3747843 IncreaseClientShm IpcManager::IncreaseClientShm: Creating clio_3747814_117 with size 127025408 (93470976 + 33554432 overhead)[0m
[97m/home/cvazquezperezdelacru/clio-core/context-runtime/src/ipc_manager.cc:2492 INFO 3747843 IncreaseClientShm IpcManager::IncreaseClientShm: Created allocator clio_3747814_117 with ID (3747814.117)[0m
[33m/home/cvazquezperezdelacru/clio-core/context-runtime/src/scheduler/default_sched.cc:430 WARNING 3747842 LoadBalance [#781 PDF] observed exec-time bins (cumulative): <10us=9393015 <50us=188424 <500us=18928 <10ms=26337 <50ms=1682 <500ms=150 <1s=0 >=1s=2 | stalls_detected=0[0m
[33m/home/cvazquezperezdelacru/clio-core/context-runtime/src/scheduler/default_sched.cc:439 WARNING 3747842 LoadBalance [#785] lane rescues performed: 0[0m
[97m/home/cvazquezperezdelacru/clio-core/context-runtime/src/ipc_manager.cc:2447 INFO 3747843 IncreaseClientShm IpcManager::IncreaseClientShm: Creating clio_3747814_118 with size 128272112 (94717680 + 33554432 overhead)[0m
[97m/home/cvazquezperezdelacru/clio-core/context-runtime/src/ipc_manager.cc:2492 INFO 3747843 IncreaseClientShm IpcManager::IncreaseClientShm: Created allocator clio_3747814_118 with ID (3747814.118)[0m
[97m/home/cvazquezperezdelacru/clio-core/context-runtime/src/ipc_manager.cc:2447 INFO 3747843 IncreaseClientShm IpcManager::IncreaseClientShm: Creating clio_3747814_119 with size 127028016 (93473584 + 33554432 overhead)[0m
[97m/home/cvazquezperezdelacru/clio-core/context-runtime/src/ipc_manager.cc:2492 INFO 3747843 IncreaseClientShm IpcManager::IncreaseClientShm: Created allocator clio_3747814_119 with ID (3747814.119)[0m
[33m/home/cvazquezperezdelacru/clio-core/context-runtime/src/scheduler/default_sched.cc:430 WARNING 3747842 LoadBalance [#781 PDF] observed exec-time bins (cumulative): <10us=9471600 <50us=189644 <500us=19300 <10ms=26529 <50ms=1713 <500ms=150 <1s=0 >=1s=2 | stalls_detected=0[0m
[33m/home/cvazquezperezdelacru/clio-core/context-runtime/src/scheduler/default_sched.cc:439 WARNING 3747842 LoadBalance [#785] lane rescues performed: 0[0m
[97m/home/cvazquezperezdelacru/clio-core/context-runtime/src/ipc_manager.cc:2447 INFO 3747843 IncreaseClientShm IpcManager::IncreaseClientShm: Creating clio_3747814_120 with size 133660608 (100106176 + 33554432 overhead)[0m
[97m/home/cvazquezperezdelacru/clio-core/context-runtime/src/ipc_manager.cc:2492 INFO 3747843 IncreaseClientShm IpcManager::IncreaseClientShm: Created allocator clio_3747814_120 with ID (3747814.120)[0m
[97m/home/cvazquezperezdelacru/clio-core/context-runtime/src/ipc_manager.cc:2447 INFO 3747843 IncreaseClientShm IpcManager::IncreaseClientShm: Creating clio_3747814_121 with size 131727512 (98173080 + 33554432 overhead)[0m
[97m/home/cvazquezperezdelacru/clio-core/context-runtime/src/ipc_manager.cc:2492 INFO 3747843 IncreaseClientShm IpcManager::IncreaseClientShm: Created allocator clio_3747814_121 with ID (3747814.121)[0m
[33m/home/cvazquezperezdelacru/clio-core/context-runtime/src/scheduler/default_sched.cc:430 WARNING 3747842 LoadBalance [#781 PDF] observed exec-time bins (cumulative): <10us=9549121 <50us=190910 <500us=19607 <10ms=26737 <50ms=1741 <500ms=150 <1s=0 >=1s=2 | stalls_detected=0[0m
[33m/home/cvazquezperezdelacru/clio-core/context-runtime/src/scheduler/default_sched.cc:439 WARNING 3747842 LoadBalance [#785] lane rescues performed: 0[0m
[97m/home/cvazquezperezdelacru/clio-core/context-runtime/src/ipc_manager.cc:2447 INFO 3747843 IncreaseClientShm IpcManager::IncreaseClientShm: Creating clio_3747814_122 with size 127341312 (93786880 + 33554432 overhead)[0m
[97m/home/cvazquezperezdelacru/clio-core/context-runtime/src/ipc_manager.cc:2492 INFO 3747843 IncreaseClientShm IpcManager::IncreaseClientShm: Created allocator clio_3747814_122 with ID (3747814.122)[0m
[97m/home/cvazquezperezdelacru/clio-core/context-runtime/src/ipc_manager.cc:2447 INFO 3747843 IncreaseClientShm IpcManager::IncreaseClientShm: Creating clio_3747814_123 with size 128052416 (94497984 + 33554432 overhead)[0m
[97m/home/cvazquezperezdelacru/clio-core/context-runtime/src/ipc_manager.cc:2492 INFO 3747843 IncreaseClientShm IpcManager::IncreaseClientShm: Created allocator clio_3747814_123 with ID (3747814.123)[0m
[33m/home/cvazquezperezdelacru/clio-core/context-runtime/src/scheduler/default_sched.cc:430 WARNING 3747842 LoadBalance [#781 PDF] observed exec-time bins (cumulative): <10us=9633509 <50us=191946 <500us=19900 <10ms=26935 <50ms=1777 <500ms=150 <1s=0 >=1s=2 | stalls_detected=0[0m
[33m/home/cvazquezperezdelacru/clio-core/context-runtime/src/scheduler/default_sched.cc:439 WARNING 3747842 LoadBalance [#785] lane rescues performed: 0[0m
[97m/home/cvazquezperezdelacru/clio-core/context-runtime/src/ipc_manager.cc:2447 INFO 3747843 IncreaseClientShm IpcManager::IncreaseClientShm: Creating clio_3747814_124 with size 127350416 (93795984 + 33554432 overhead)[0m
[97m/home/cvazquezperezdelacru/clio-core/context-runtime/src/ipc_manager.cc:2492 INFO 3747843 IncreaseClientShm IpcManager::IncreaseClientShm: Created allocator clio_3747814_124 with ID (3747814.124)[0m
[97m/home/cvazquezperezdelacru/clio-core/context-runtime/src/ipc_manager.cc:2447 INFO 3747843 IncreaseClientShm IpcManager::IncreaseClientShm: Creating clio_3747814_125 with size 144537712 (110983280 + 33554432 overhead)[0m
[97m/home/cvazquezperezdelacru/clio-core/context-runtime/src/ipc_manager.cc:2492 INFO 3747843 IncreaseClientShm IpcManager::IncreaseClientShm: Created allocator clio_3747814_125 with ID (3747814.125)[0m
[33m/home/cvazquezperezdelacru/clio-core/context-runtime/src/scheduler/default_sched.cc:430 WARNING 3747842 LoadBalance [#781 PDF] observed exec-time bins (cumulative): <10us=9708258 <50us=194097 <500us=20192 <10ms=27163 <50ms=1810 <500ms=150 <1s=0 >=1s=2 | stalls_detected=0[0m
[33m/home/cvazquezperezdelacru/clio-core/context-runtime/src/scheduler/default_sched.cc:439 WARNING 3747842 LoadBalance [#785] lane rescues performed: 0[0m
[97m/home/cvazquezperezdelacru/clio-core/context-runtime/src/ipc_manager.cc:2447 INFO 3747843 IncreaseClientShm IpcManager::IncreaseClientShm: Creating clio_3747814_126 with size 130671912 (97117480 + 33554432 overhead)[0m
[97m/home/cvazquezperezdelacru/clio-core/context-runtime/src/ipc_manager.cc:2492 INFO 3747843 IncreaseClientShm IpcManager::IncreaseClientShm: Created allocator clio_3747814_126 with ID (3747814.126)[0m
[33m/home/cvazquezperezdelacru/clio-core/context-runtime/src/scheduler/default_sched.cc:430 WARNING 3747842 LoadBalance [#781 PDF] observed exec-time bins (cumulative): <10us=9787003 <50us=194920 <500us=20504 <10ms=27379 <50ms=1842 <500ms=150 <1s=0 >=1s=2 | stalls_detected=0[0m
[33m/home/cvazquezperezdelacru/clio-core/context-runtime/src/scheduler/default_sched.cc:439 WARNING 3747842 LoadBalance [#785] lane rescues performed: 0[0m
[97m/home/cvazquezperezdelacru/clio-core/context-runtime/src/ipc_manager.cc:2447 INFO 3747843 IncreaseClientShm IpcManager::IncreaseClientShm: Creating clio_3747814_127 with size 131093112 (97538680 + 33554432 overhead)[0m
[97m/home/cvazquezperezdelacru/clio-core/context-runtime/src/ipc_manager.cc:2492 INFO 3747843 IncreaseClientShm IpcManager::IncreaseClientShm: Created allocator clio_3747814_127 with ID (3747814.127)[0m
[33m/home/cvazquezperezdelacru/clio-core/context-runtime/src/scheduler/default_sched.cc:430 WARNING 3747842 LoadBalance [#781 PDF] observed exec-time bins (cumulative): <10us=9861475 <50us=195752 <500us=20654 <10ms=27497 <50ms=1861 <500ms=150 <1s=0 >=1s=3 | stalls_detected=0[0m
[33m/home/cvazquezperezdelacru/clio-core/context-runtime/src/scheduler/default_sched.cc:439 WARNING 3747842 LoadBalance [#785] lane rescues performed: 0[0m
[97m/home/cvazquezperezdelacru/clio-core/context-runtime/src/pool_manager.cc:431 INFO 3747814 DestroyLocalPool PoolManager: Destroyed local pool PoolId(major:1, minor:0)[0m
[31m/home/cvazquezperezdelacru/clio-core/context-runtime/src/ipc_manager.cc:3856 ERROR 3747841 RouteTask RouteTask: RouteLocal returned 4 for pool=PoolId(major:1, minor:0) method=21, worker=7[0m
[31m/home/cvazquezperezdelacru/clio-core/context-runtime/src/ipc_manager.cc:3856 ERROR 3747840 RouteTask RouteTask: RouteLocal returned 4 for pool=PoolId(major:1, minor:0) method=14, worker=6[0m
[31m/home/cvazquezperezdelacru/clio-core/context-runtime/src/ipc_manager.cc:3856 ERROR 3747841 RouteTask RouteTask: RouteLocal returned 4 for pool=PoolId(major:1, minor:0) method=21, worker=7[0m
[31m/home/cvazquezperezdelacru/clio-core/context-runtime/src/ipc_manager.cc:3856 ERROR 3747840 RouteTask RouteTask: RouteLocal returned 4 for pool=PoolId(major:1, minor:0) method=14, worker=6[0m
slurmstepd-ares-comp-31: error: *** STEP 22793.3 ON ares-comp-31 CANCELLED AT 2026-08-05T13:14:51 ***
