[97m/home/cvazquezperezdelacru/clio-core/context-runtime/src/config_manager.cc:144 INFO 2485677 ClientInit Config at: /mnt/common/cvazquezperezdelacru/IOWARP/faiss/contrib/iowarp/benchmarks/results/ares_cte_rendered_20260729_131128.yaml[0m
[97m/home/cvazquezperezdelacru/clio-core/context-runtime/src/ipc_manager.cc:2865 INFO 2485677 ClearUserIpcs ClearUserIpcs: Removed 208 memfd symlinks from previous runs[0m
[33m/home/cvazquezperezdelacru/clio-core/context-runtime/src/ipc_manager.cc:906 WARNING 2485677 ServerInitShm Main segment: requested 50079715328 bytes exceeds half the memory budget (50079715328 bytes); clamping to 25039857664 bytes[0m
[97m/home/cvazquezperezdelacru/clio-core/context-runtime/src/ipc_manager.cc:931 INFO 2485677 ServerInitShm Initializing main shared memory segment: 25039857664 bytes (23879 MB)[0m
[97m/home/cvazquezperezdelacru/clio-core/context-runtime/src/ipc_manager.cc:952 INFO 2485677 ServerInitShm Initializing queue shared memory segment: 646224224 bytes (631078 KB)[0m
[33m/home/cvazquezperezdelacru/clio-core/context-runtime/src/ipc_manager.cc:1005 WARNING 2485677 ServerInitShm Metadata segment: requested 50079715328 bytes exceeds half the memory budget (50079715328 bytes); clamping to 25039857664 bytes[0m
[97m/home/cvazquezperezdelacru/clio-core/context-runtime/src/ipc_manager.cc:1039 INFO 2485677 ServerInitShm Initializing metadata shared memory segment: 25039857664 bytes (23879 MB), sparse/not pre-faulted[0m
[97m/home/cvazquezperezdelacru/clio-core/context-runtime/src/ipc_manager.cc:865 INFO 2485677 ExcludeFromCoreDump metadata segment: excluded 25039857664 bytes from core dumps[0m
[97m/home/cvazquezperezdelacru/clio-core/context-runtime/src/ipc_manager.cc:1072 INFO 2485677 ServerInitShm ServerInitShm: metadata directory at offset 68072[0m
[97m/home/cvazquezperezdelacru/clio-core/context-runtime/src/ipc_manager.cc:1127 INFO 2485677 ServerInitShm ServerInitShm: 8 inbound SHM ring(s) 'clio-2485677-shm-in-0..7' (16MB each)[0m
[97m/home/cvazquezperezdelacru/clio-core/context-runtime/src/ipc_manager.cc:1269 INFO 2485677 ServerInitQueues Initializing 16 worker queues with depth 1024 (last worker serves dual role)[0m
[97m/home/cvazquezperezdelacru/clio-core/context-runtime/src/ipc_manager.cc:1933 INFO 2485677 IdentifyThisHost SUCCESS: Main server started on 0.0.0.0:9413 (advertised as 0.0.0.0, node=0)[0m
[97m/home/cvazquezperezdelacru/clio-core/context-runtime/src/ipc_manager.cc:561 INFO 2485677 ServerInit IpcManager: TCP ROUTER transport bound on 0.0.0.0:9416[0m
[97m/home/cvazquezperezdelacru/clio-core/context-runtime/src/ipc_manager.cc:579 INFO 2485677 ServerInit IpcManager: IPC lightbeam server bound on /tmp/clio_cvazquezperezdelacru/clio_9413.ipc[0m
[97m/home/cvazquezperezdelacru/clio-core/context-runtime/src/module_manager.cc:137 INFO 2485677 LoadChiMod Loaded ChiMod: clio_MOD_NAME from /mnt/common/cvazquezperezdelacru/clio-core-dev-install/lib/libclio_MOD_NAME_runtime.so[0m
[97m/home/cvazquezperezdelacru/clio-core/context-runtime/src/module_manager.cc:137 INFO 2485677 LoadChiMod Loaded ChiMod: clio_admin from /mnt/common/cvazquezperezdelacru/clio-core-dev-install/lib/libclio_admin_runtime.so[0m
[97m/home/cvazquezperezdelacru/clio-core/context-runtime/src/module_manager.cc:137 INFO 2485677 LoadChiMod Loaded ChiMod: clio_bdev from /mnt/common/cvazquezperezdelacru/clio-core-dev-install/lib/libclio_bdev_runtime.so[0m
[97m/home/cvazquezperezdelacru/clio-core/context-runtime/src/module_manager.cc:137 INFO 2485677 LoadChiMod Loaded ChiMod: clio_safe_bdev from /mnt/common/cvazquezperezdelacru/clio-core-dev-install/lib/libclio_safe_bdev_runtime.so[0m
[97m/home/cvazquezperezdelacru/clio-core/context-runtime/src/module_manager.cc:137 INFO 2485677 LoadChiMod Loaded ChiMod: clio_cte_core from /mnt/common/cvazquezperezdelacru/clio-core-dev-install/lib/libclio_cte_core_runtime.so[0m
[97m/home/cvazquezperezdelacru/clio-core/context-runtime/src/module_manager.cc:137 INFO 2485677 LoadChiMod Loaded ChiMod: clio_cte_filesystem from /mnt/common/cvazquezperezdelacru/clio-core-dev-install/lib/libclio_cte_filesystem_runtime.so[0m
[97m/home/cvazquezperezdelacru/clio-core/context-runtime/src/module_manager.cc:137 INFO 2485677 LoadChiMod Loaded ChiMod: clio_faiss_ivf from /mnt/common/cvazquezperezdelacru/IOWARP/faiss/contrib/iowarp/build-dev/chimod/libclio_faiss_ivf_runtime.so[0m
[97m/home/cvazquezperezdelacru/clio-core/context-runtime/src/work_orchestrator.cc:94 INFO 2485677 Init Creating 8 workers (7 task + 1 dedicated network)[0m
[97m/home/cvazquezperezdelacru/clio-core/context-runtime/src/ipc_manager.cc:756 INFO 2485677 SetNumSchedQueues IpcManager: Updated num_sched_queues to 1[0m
[97m/home/cvazquezperezdelacru/clio-core/context-runtime/src/scheduler/default_sched.cc:139 INFO 2485677 DivideWorkers DefaultScheduler: 1 scheduler worker (0), 4 I/O workers, net_send_worker=6, net_recv_worker=7, gpu_worker=5[0m
[97m/home/cvazquezperezdelacru/clio-core/context-runtime/src/work_orchestrator.cc:271 INFO 2485677 SpawnWorkerThreads WorkOrchestrator: num_workers=8, num_lanes=16[0m
[97m/home/cvazquezperezdelacru/clio-core/context-runtime/src/work_orchestrator.cc:294 INFO 2485677 SpawnWorkerThreads WorkOrchestrator: Mapped worker 0 (ID 0) to lane 0[0m
[97m/home/cvazquezperezdelacru/clio-core/context-runtime/src/work_orchestrator.cc:294 INFO 2485677 SpawnWorkerThreads WorkOrchestrator: Mapped worker 1 (ID 1) to lane 1[0m
[97m/home/cvazquezperezdelacru/clio-core/context-runtime/src/work_orchestrator.cc:294 INFO 2485677 SpawnWorkerThreads WorkOrchestrator: Mapped worker 2 (ID 2) to lane 2[0m
[97m/home/cvazquezperezdelacru/clio-core/context-runtime/src/work_orchestrator.cc:294 INFO 2485677 SpawnWorkerThreads WorkOrchestrator: Mapped worker 3 (ID 3) to lane 3[0m
[97m/home/cvazquezperezdelacru/clio-core/context-runtime/src/work_orchestrator.cc:294 INFO 2485677 SpawnWorkerThreads WorkOrchestrator: Mapped worker 4 (ID 4) to lane 4[0m
[97m/home/cvazquezperezdelacru/clio-core/context-runtime/src/work_orchestrator.cc:294 INFO 2485677 SpawnWorkerThreads WorkOrchestrator: Mapped worker 5 (ID 5) to lane 5[0m
[97m/home/cvazquezperezdelacru/clio-core/context-runtime/src/work_orchestrator.cc:294 INFO 2485677 SpawnWorkerThreads WorkOrchestrator: Mapped worker 6 (ID 6) to lane 6[0m
[97m/home/cvazquezperezdelacru/clio-core/context-runtime/src/work_orchestrator.cc:294 INFO 2485677 SpawnWorkerThreads WorkOrchestrator: Mapped worker 7 (ID 7) to lane 7[0m
[97m/home/cvazquezperezdelacru/clio-core/context-runtime/src/pool_manager.cc:534 INFO 2485677 CreatePool PoolManager: Creating pool 'admin' with 1 containers (one per node)[0m
[33m/home/cvazquezperezdelacru/clio-core/context-runtime/modules/admin/include/clio_runtime/admin/admin_client.h:59 WARNING 2485677 Client AdminClient: Default constructor called - pool_id_ will be PoolId(0,0)[0m
[97m/home/cvazquezperezdelacru/clio-core/context-runtime/src/pool_manager.cc:615 INFO 2485677 CreatePool Creating container for pool PoolId(major:1, minor:0) on node 0 with container_id=0[0m
[97m/home/cvazquezperezdelacru/clio-core/context-runtime/src/pool_manager.cc:644 INFO 2485677 CreatePool Container initialized with pool ID PoolId(major:1, minor:0), name admin, and container ID 0[0m
[97m/home/cvazquezperezdelacru/clio-core/context-runtime/src/pool_manager.cc:663 INFO 2485677 CreatePool CreatePool: Running Create method for pool PoolId(major:1, minor:0)[0m
[97m/home/cvazquezperezdelacru/clio-core/context-runtime/src/ipc/ipc_run2run.cc:1105 INFO 2485708 operator() [PeerRecvThread] started[0m
[97m/home/cvazquezperezdelacru/clio-core/context-runtime/src/ipc/ipc_run2run.cc:1166 INFO 2485709 operator() [ClientRecvThread] started[0m
[97m/home/cvazquezperezdelacru/clio-core/context-runtime/src/pool_manager.cc:666 INFO 2485677 CreatePool CreatePool: Create method completed for pool PoolId(major:1, minor:0)[0m
[97m/home/cvazquezperezdelacru/clio-core/context-runtime/src/pool_manager.cc:700 INFO 2485677 CreatePool PoolManager: Created complete pool PoolId(major:1, minor:0) with ChiMod clio_admin (1 containers)[0m
[97m/home/cvazquezperezdelacru/clio-core/context-runtime/src/pool_manager.cc:125 INFO 2485677 ServerInit PoolManager: Admin chimod pool created successfully with PoolId PoolId(major:1, minor:0)[0m
[97m/home/cvazquezperezdelacru/clio-core/context-runtime/src/manager.cc:264 INFO 2485677 ServerInit Processing compose configuration with 3 pools[0m
[33m/home/cvazquezperezdelacru/clio-core/context-runtime/src/../modules/admin/include/clio_runtime/admin/admin_client.h:59 WARNING 2485677 Client AdminClient: Default constructor called - pool_id_ will be PoolId(0,0)[0m
[97m/home/cvazquezperezdelacru/clio-core/context-runtime/src/manager.cc:282 INFO 2485677 ServerInit Compose: Creating pool ram::chi_default_bdev (module: clio_bdev, restart: 0)[0m
[97m/home/cvazquezperezdelacru/clio-core/context-runtime/src/pool_manager.cc:534 INFO 2485703 CreatePool PoolManager: Creating pool 'ram::chi_default_bdev' with 1 containers (one per node)[0m
[97m/home/cvazquezperezdelacru/clio-core/context-runtime/src/pool_manager.cc:615 INFO 2485703 CreatePool Creating container for pool PoolId(major:301, minor:0) on node 0 with container_id=0[0m
[97m/home/cvazquezperezdelacru/clio-core/context-runtime/src/pool_manager.cc:644 INFO 2485703 CreatePool Container initialized with pool ID PoolId(major:301, minor:0), name ram::chi_default_bdev, and container ID 0[0m
[97m/home/cvazquezperezdelacru/clio-core/context-runtime/src/pool_manager.cc:663 INFO 2485703 CreatePool CreatePool: Running Create method for pool PoolId(major:301, minor:0)[0m
[97m/home/cvazquezperezdelacru/clio-core/context-runtime/modules/bdev/src/transports/mem_bdev_transport.cc:102 INFO 2485703 InitShmBacking [#783] RAM bdev 'clio_rambdev_2485677_301_0' is shared-memory backed (38655688704 of 38654705664 bytes mapped)[0m
[97m/home/cvazquezperezdelacru/clio-core/context-runtime/src/pool_manager.cc:666 INFO 2485703 CreatePool CreatePool: Create method completed for pool PoolId(major:301, minor:0)[0m
[97m/home/cvazquezperezdelacru/clio-core/context-runtime/src/pool_manager.cc:700 INFO 2485703 CreatePool PoolManager: Created complete pool PoolId(major:301, minor:0) with ChiMod clio_bdev (1 containers)[0m
[97m/home/cvazquezperezdelacru/clio-core/context-runtime/src/manager.cc:298 INFO 2485677 ServerInit Compose: Successfully created pool ram::chi_default_bdev (module: clio_bdev)[0m
[97m/home/cvazquezperezdelacru/clio-core/context-runtime/src/manager.cc:282 INFO 2485677 ServerInit Compose: Creating pool cte_main (module: clio_cte_core, restart: 0)[0m
[97m/home/cvazquezperezdelacru/clio-core/context-runtime/src/pool_manager.cc:534 INFO 2485700 CreatePool PoolManager: Creating pool 'cte_main' with 1 containers (one per node)[0m
[97m/home/cvazquezperezdelacru/clio-core/context-runtime/src/pool_manager.cc:615 INFO 2485700 CreatePool Creating container for pool PoolId(major:512, minor:0) on node 0 with container_id=0[0m
[97m/home/cvazquezperezdelacru/clio-core/context-runtime/src/pool_manager.cc:644 INFO 2485700 CreatePool Container initialized with pool ID PoolId(major:512, minor:0), name cte_main, and container ID 0[0m
[97m/home/cvazquezperezdelacru/clio-core/context-runtime/src/pool_manager.cc:663 INFO 2485700 CreatePool CreatePool: Running Create method for pool PoolId(major:512, minor:0)[0m
[97m/home/cvazquezperezdelacru/clio-core/context-transfer-engine/core/src/core_config.cc:618 INFO 2485700 ParseStorageConfig Parsed 2 storage devices[0m
[97m/home/cvazquezperezdelacru/clio-core/context-transfer-engine/core/src/core_config.cc:636 INFO 2485700 ParseDpeConfig Parsed DPE configuration: type=max_bw[0m
[97m/home/cvazquezperezdelacru/clio-core/context-transfer-engine/core/src/core_config.cc:111 INFO 2485700 LoadFromString Configuration loaded successfully from YAML string[0m
[97m/home/cvazquezperezdelacru/clio-core/context-transfer-engine/core/src/core_runtime.cc:545 INFO 2485700 Create CTE: shared-memory metadata cache enabled (tags=65536, blobs=262144, root_off=488)[0m
[97m/home/cvazquezperezdelacru/clio-core/context-runtime/src/pool_manager.cc:534 INFO 2485702 CreatePool PoolManager: Creating pool 'ram::cte_ram_tier_node0' with 1 containers (one per node)[0m
[97m/home/cvazquezperezdelacru/clio-core/context-runtime/src/pool_manager.cc:615 INFO 2485702 CreatePool Creating container for pool PoolId(major:512, minor:1) on node 0 with container_id=0[0m
[97m/home/cvazquezperezdelacru/clio-core/context-runtime/src/pool_manager.cc:644 INFO 2485702 CreatePool Container initialized with pool ID PoolId(major:512, minor:1), name ram::cte_ram_tier_node0, and container ID 0[0m
[97m/home/cvazquezperezdelacru/clio-core/context-runtime/src/pool_manager.cc:663 INFO 2485702 CreatePool CreatePool: Running Create method for pool PoolId(major:512, minor:1)[0m
[97m/home/cvazquezperezdelacru/clio-core/context-runtime/modules/bdev/src/transports/mem_bdev_transport.cc:102 INFO 2485702 InitShmBacking [#783] RAM bdev 'clio_rambdev_2485677_512_1' is shared-memory backed (32213237760 of 32212254720 bytes mapped)[0m
[97m/home/cvazquezperezdelacru/clio-core/context-runtime/modules/bdev/src/bdev_runtime.cc:145 INFO 2485702 LoadPerfStats bdev 'ram::cte_ram_tier_node0': restored perf stats from /home/cvazquezperezdelacru/.clio/bdev_perf/ram__cte_ram_tier_node0.perf (read 476.61 MB/s, write 641.4 MB/s)[0m
[97m/home/cvazquezperezdelacru/clio-core/context-runtime/src/pool_manager.cc:666 INFO 2485702 CreatePool CreatePool: Create method completed for pool PoolId(major:512, minor:1)[0m
[97m/home/cvazquezperezdelacru/clio-core/context-runtime/src/pool_manager.cc:700 INFO 2485702 CreatePool PoolManager: Created complete pool PoolId(major:512, minor:1) with ChiMod clio_bdev (1 containers)[0m
[97m/home/cvazquezperezdelacru/clio-core/context-runtime/src/pool_manager.cc:534 INFO 2485702 CreatePool PoolManager: Creating pool '/mnt/nvme/cvazquezperezdelacru/cte_tier_node0' with 1 containers (one per node)[0m
[97m/home/cvazquezperezdelacru/clio-core/context-runtime/src/pool_manager.cc:615 INFO 2485702 CreatePool Creating container for pool PoolId(major:513, minor:1) on node 0 with container_id=0[0m
[97m/home/cvazquezperezdelacru/clio-core/context-runtime/src/pool_manager.cc:644 INFO 2485702 CreatePool Container initialized with pool ID PoolId(major:513, minor:1), name /mnt/nvme/cvazquezperezdelacru/cte_tier_node0, and container ID 0[0m
[97m/home/cvazquezperezdelacru/clio-core/context-runtime/src/pool_manager.cc:663 INFO 2485702 CreatePool CreatePool: Running Create method for pool PoolId(major:513, minor:1)[0m
[97m/home/cvazquezperezdelacru/clio-core/context-runtime/modules/bdev/src/bdev_runtime.cc:145 INFO 2485702 LoadPerfStats bdev '/mnt/nvme/cvazquezperezdelacru/cte_tier_node0': restored perf stats from /home/cvazquezperezdelacru/.clio/bdev_perf/_mnt_nvme_cvazquezperezdelacru_cte_tier_node0.perf (read 740.411 MB/s, write 423.367 MB/s)[0m
[97m/home/cvazquezperezdelacru/clio-core/context-runtime/src/pool_manager.cc:666 INFO 2485702 CreatePool CreatePool: Create method completed for pool PoolId(major:513, minor:1)[0m
[97m/home/cvazquezperezdelacru/clio-core/context-runtime/src/pool_manager.cc:700 INFO 2485702 CreatePool PoolManager: Created complete pool PoolId(major:513, minor:1) with ChiMod clio_bdev (1 containers)[0m
[97m/home/cvazquezperezdelacru/clio-core/context-transfer-engine/core/src/core_runtime.cc:663 INFO 2485700 Create CTE Core container created and initialized for pool: cte_main (ID: PoolId(major:512, minor:0))[0m
[97m/home/cvazquezperezdelacru/clio-core/context-transfer-engine/core/src/core_runtime.cc:667 INFO 2485700 Create Configuration: neighborhood=1, poll_period_ms=5000, stat_targets_period_ms=5000[0m
[97m/home/cvazquezperezdelacru/clio-core/context-transfer-engine/core/src/core_runtime.cc:709 INFO 2485700 Create Starting periodic StatTargets task with period 5000 ms[0m
[97m/home/cvazquezperezdelacru/clio-core/context-runtime/src/pool_manager.cc:666 INFO 2485700 CreatePool CreatePool: Create method completed for pool PoolId(major:512, minor:0)[0m
[97m/home/cvazquezperezdelacru/clio-core/context-runtime/src/pool_manager.cc:700 INFO 2485700 CreatePool PoolManager: Created complete pool PoolId(major:512, minor:0) with ChiMod clio_cte_core (1 containers)[0m
[97m/home/cvazquezperezdelacru/clio-core/context-runtime/src/manager.cc:298 INFO 2485677 ServerInit Compose: Successfully created pool cte_main (module: clio_cte_core)[0m
[97m/home/cvazquezperezdelacru/clio-core/context-runtime/src/manager.cc:282 INFO 2485677 ServerInit Compose: Creating pool faiss_ivf_main (module: clio_faiss_ivf, restart: 0)[0m
[97m/home/cvazquezperezdelacru/clio-core/context-runtime/src/pool_manager.cc:534 INFO 2485702 CreatePool PoolManager: Creating pool 'faiss_ivf_main' with 1 containers (one per node)[0m
[97m/home/cvazquezperezdelacru/clio-core/context-runtime/src/pool_manager.cc:615 INFO 2485702 CreatePool Creating container for pool PoolId(major:600, minor:0) on node 0 with container_id=0[0m
[97m/home/cvazquezperezdelacru/clio-core/context-runtime/src/pool_manager.cc:644 INFO 2485702 CreatePool Container initialized with pool ID PoolId(major:600, minor:0), name faiss_ivf_main, and container ID 0[0m
[97m/home/cvazquezperezdelacru/clio-core/context-runtime/src/pool_manager.cc:663 INFO 2485702 CreatePool CreatePool: Running Create method for pool PoolId(major:600, minor:0)[0m
[97m/home/cvazquezperezdelacru/clio-core/context-runtime/src/pool_manager.cc:666 INFO 2485702 CreatePool CreatePool: Create method completed for pool PoolId(major:600, minor:0)[0m
[97m/home/cvazquezperezdelacru/clio-core/context-runtime/src/pool_manager.cc:700 INFO 2485702 CreatePool PoolManager: Created complete pool PoolId(major:600, minor:0) with ChiMod clio_faiss_ivf (1 containers)[0m
[97m/home/cvazquezperezdelacru/clio-core/context-runtime/src/manager.cc:298 INFO 2485677 ServerInit Compose: Successfully created pool faiss_ivf_main (module: clio_faiss_ivf)[0m
[97m/home/cvazquezperezdelacru/clio-core/context-runtime/src/manager.cc:304 INFO 2485677 ServerInit Compose: All 3 pools created successfully[0m
[32m/home/cvazquezperezdelacru/clio-core/context-runtime/src/ipc_manager.cc:1368 SUCCESS 2485677 StartLocalServer Successfully started local server at 127.0.0.1:9414[0m
[97m/home/cvazquezperezdelacru/clio-core/context-runtime/src/manager.cc:137 INFO 2485677 ClientInit RuntimeManager::ClientInit[0m
[97m/home/cvazquezperezdelacru/clio-core/context-runtime/src/manager.cc:181 INFO 2485677 ClientInit ClientInit: g_admin already exists, pool_id_=PoolId(major:0, minor:0)[0m
[33m/home/cvazquezperezdelacru/clio-core/context-runtime/src/scheduler/default_sched.cc:430 WARNING 2485707 LoadBalance [#781 PDF] observed exec-time bins (cumulative): <10us=60376 <50us=192 <500us=9 <10ms=7 <50ms=0 <500ms=2 <1s=0 >=1s=0 | stalls_detected=0[0m
[33m/home/cvazquezperezdelacru/clio-core/context-runtime/src/scheduler/default_sched.cc:439 WARNING 2485707 LoadBalance [#785] lane rescues performed: 0[0m
[33m/home/cvazquezperezdelacru/clio-core/context-runtime/src/scheduler/default_sched.cc:430 WARNING 2485707 LoadBalance [#781 PDF] observed exec-time bins (cumulative): <10us=126742 <50us=1019 <500us=15 <10ms=7 <50ms=0 <500ms=2 <1s=0 >=1s=0 | stalls_detected=0[0m
[33m/home/cvazquezperezdelacru/clio-core/context-runtime/src/scheduler/default_sched.cc:439 WARNING 2485707 LoadBalance [#785] lane rescues performed: 0[0m
[33m/home/cvazquezperezdelacru/clio-core/context-runtime/src/scheduler/default_sched.cc:430 WARNING 2485707 LoadBalance [#781 PDF] observed exec-time bins (cumulative): <10us=193835 <50us=1250 <500us=23 <10ms=11 <50ms=0 <500ms=2 <1s=0 >=1s=0 | stalls_detected=0[0m
[33m/home/cvazquezperezdelacru/clio-core/context-runtime/src/scheduler/default_sched.cc:439 WARNING 2485707 LoadBalance [#785] lane rescues performed: 0[0m
[97m/home/cvazquezperezdelacru/clio-core/context-runtime/src/ipc_manager.cc:2288 INFO 2485709 GetOrCreateClient [ClientPool] Creating new persistent connection to 127.0.0.1:38599[0m
[97m/home/cvazquezperezdelacru/clio-core/context-runtime/src/../../context-transport-primitives/include/clio_ctp/lightbeam/zmq_transport.h:152 INFO 2485709 GetSharedContext [ZeroMqTransport] Created shared context with 8 I/O threads[0m
[97m/home/cvazquezperezdelacru/clio-core/context-runtime/src/ipc_manager.cc:2308 INFO 2485709 GetOrCreateClient [ClientPool] Connection established to 127.0.0.1:38599[0m
[97m/home/cvazquezperezdelacru/clio-core/context-runtime/modules/admin/src/admin_runtime.cc:1191 INFO 2485699 RegisterMemory Admin::RegisterMemory: Registering CPU alloc_id (2485777.0)[0m
[97m/home/cvazquezperezdelacru/clio-core/context-runtime/src/ipc_manager.cc:2532 INFO 2485699 RegisterMemory IpcManager::RegisterMemory: Registering clio_2485777_0 from pid 2485777[0m
[97m/home/cvazquezperezdelacru/clio-core/context-runtime/src/ipc_manager.cc:2575 INFO 2485699 RegisterMemory IpcManager::RegisterMemory: Successfully registered clio_2485777_0[0m
[97m/home/cvazquezperezdelacru/clio-core/context-runtime/src/pool_manager.cc:534 INFO 2485703 CreatePool PoolManager: Creating pool 'clio_cte_core' with 1 containers (one per node)[0m
[97m/home/cvazquezperezdelacru/clio-core/context-runtime/src/pool_manager.cc:575 INFO 2485703 CreatePool PoolManager: Pool PoolId(major:512, minor:0) already exists by ID, returning existing pool[0m
[33m/home/cvazquezperezdelacru/clio-core/context-runtime/src/scheduler/default_sched.cc:430 WARNING 2485707 LoadBalance [#781 PDF] observed exec-time bins (cumulative): <10us=258332 <50us=4966 <500us=197 <10ms=1061 <50ms=4 <500ms=2 <1s=0 >=1s=0 | stalls_detected=0[0m
[33m/home/cvazquezperezdelacru/clio-core/context-runtime/src/scheduler/default_sched.cc:439 WARNING 2485707 LoadBalance [#785] lane rescues performed: 0[0m
[97m/home/cvazquezperezdelacru/clio-core/context-runtime/modules/admin/src/admin_runtime.cc:1191 INFO 2485699 RegisterMemory Admin::RegisterMemory: Registering CPU alloc_id (2485777.1)[0m
[97m/home/cvazquezperezdelacru/clio-core/context-runtime/src/ipc_manager.cc:2532 INFO 2485699 RegisterMemory IpcManager::RegisterMemory: Registering clio_2485777_1 from pid 2485777[0m
[97m/home/cvazquezperezdelacru/clio-core/context-runtime/src/ipc_manager.cc:2575 INFO 2485699 RegisterMemory IpcManager::RegisterMemory: Successfully registered clio_2485777_1[0m
[97m/home/cvazquezperezdelacru/clio-core/context-runtime/modules/admin/src/admin_runtime.cc:1191 INFO 2485701 RegisterMemory Admin::RegisterMemory: Registering CPU alloc_id (2485777.2)[0m
[97m/home/cvazquezperezdelacru/clio-core/context-runtime/src/ipc_manager.cc:2532 INFO 2485701 RegisterMemory IpcManager::RegisterMemory: Registering clio_2485777_2 from pid 2485777[0m
[97m/home/cvazquezperezdelacru/clio-core/context-runtime/src/ipc_manager.cc:2575 INFO 2485701 RegisterMemory IpcManager::RegisterMemory: Successfully registered clio_2485777_2[0m
[97m/home/cvazquezperezdelacru/clio-core/context-runtime/modules/admin/src/admin_runtime.cc:1191 INFO 2485699 RegisterMemory Admin::RegisterMemory: Registering CPU alloc_id (2485777.3)[0m
[97m/home/cvazquezperezdelacru/clio-core/context-runtime/src/ipc_manager.cc:2532 INFO 2485699 RegisterMemory IpcManager::RegisterMemory: Registering clio_2485777_3 from pid 2485777[0m
[97m/home/cvazquezperezdelacru/clio-core/context-runtime/src/ipc_manager.cc:2575 INFO 2485699 RegisterMemory IpcManager::RegisterMemory: Successfully registered clio_2485777_3[0m
[97m/home/cvazquezperezdelacru/clio-core/context-runtime/modules/admin/src/admin_runtime.cc:1191 INFO 2485699 RegisterMemory Admin::RegisterMemory: Registering CPU alloc_id (2485777.4)[0m
[97m/home/cvazquezperezdelacru/clio-core/context-runtime/src/ipc_manager.cc:2532 INFO 2485699 RegisterMemory IpcManager::RegisterMemory: Registering clio_2485777_4 from pid 2485777[0m
[97m/home/cvazquezperezdelacru/clio-core/context-runtime/src/ipc_manager.cc:2575 INFO 2485699 RegisterMemory IpcManager::RegisterMemory: Successfully registered clio_2485777_4[0m
[97m/home/cvazquezperezdelacru/clio-core/context-runtime/modules/admin/src/admin_runtime.cc:1191 INFO 2485699 RegisterMemory Admin::RegisterMemory: Registering CPU alloc_id (2485777.5)[0m
[97m/home/cvazquezperezdelacru/clio-core/context-runtime/src/ipc_manager.cc:2532 INFO 2485699 RegisterMemory IpcManager::RegisterMemory: Registering clio_2485777_5 from pid 2485777[0m
[97m/home/cvazquezperezdelacru/clio-core/context-runtime/src/ipc_manager.cc:2575 INFO 2485699 RegisterMemory IpcManager::RegisterMemory: Successfully registered clio_2485777_5[0m
[97m/home/cvazquezperezdelacru/clio-core/context-runtime/modules/admin/src/admin_runtime.cc:1191 INFO 2485699 RegisterMemory Admin::RegisterMemory: Registering CPU alloc_id (2485777.6)[0m
[97m/home/cvazquezperezdelacru/clio-core/context-runtime/src/ipc_manager.cc:2532 INFO 2485699 RegisterMemory IpcManager::RegisterMemory: Registering clio_2485777_6 from pid 2485777[0m
[97m/home/cvazquezperezdelacru/clio-core/context-runtime/src/ipc_manager.cc:2575 INFO 2485699 RegisterMemory IpcManager::RegisterMemory: Successfully registered clio_2485777_6[0m
[97m/home/cvazquezperezdelacru/clio-core/context-runtime/modules/admin/src/admin_runtime.cc:1191 INFO 2485700 RegisterMemory Admin::RegisterMemory: Registering CPU alloc_id (2485777.7)[0m
[97m/home/cvazquezperezdelacru/clio-core/context-runtime/src/ipc_manager.cc:2532 INFO 2485700 RegisterMemory IpcManager::RegisterMemory: Registering clio_2485777_7 from pid 2485777[0m
[97m/home/cvazquezperezdelacru/clio-core/context-runtime/src/ipc_manager.cc:2575 INFO 2485700 RegisterMemory IpcManager::RegisterMemory: Successfully registered clio_2485777_7[0m
[33m/home/cvazquezperezdelacru/clio-core/context-runtime/src/scheduler/default_sched.cc:430 WARNING 2485707 LoadBalance [#781 PDF] observed exec-time bins (cumulative): <10us=324019 <50us=9305 <500us=321 <10ms=2794 <50ms=6 <500ms=2 <1s=0 >=1s=0 | stalls_detected=0[0m
[33m/home/cvazquezperezdelacru/clio-core/context-runtime/src/scheduler/default_sched.cc:439 WARNING 2485707 LoadBalance [#785] lane rescues performed: 0[0m
[97m/home/cvazquezperezdelacru/clio-core/context-runtime/modules/admin/src/admin_runtime.cc:1191 INFO 2485701 RegisterMemory Admin::RegisterMemory: Registering CPU alloc_id (2485777.8)[0m
[97m/home/cvazquezperezdelacru/clio-core/context-runtime/src/ipc_manager.cc:2532 INFO 2485701 RegisterMemory IpcManager::RegisterMemory: Registering clio_2485777_8 from pid 2485777[0m
[97m/home/cvazquezperezdelacru/clio-core/context-runtime/src/ipc_manager.cc:2575 INFO 2485701 RegisterMemory IpcManager::RegisterMemory: Successfully registered clio_2485777_8[0m
[97m/home/cvazquezperezdelacru/clio-core/context-runtime/modules/admin/src/admin_runtime.cc:1191 INFO 2485701 RegisterMemory Admin::RegisterMemory: Registering CPU alloc_id (2485777.9)[0m
[97m/home/cvazquezperezdelacru/clio-core/context-runtime/src/ipc_manager.cc:2532 INFO 2485701 RegisterMemory IpcManager::RegisterMemory: Registering clio_2485777_9 from pid 2485777[0m
[97m/home/cvazquezperezdelacru/clio-core/context-runtime/src/ipc_manager.cc:2575 INFO 2485701 RegisterMemory IpcManager::RegisterMemory: Successfully registered clio_2485777_9[0m
[97m/home/cvazquezperezdelacru/clio-core/context-runtime/modules/admin/src/admin_runtime.cc:1191 INFO 2485700 RegisterMemory Admin::RegisterMemory: Registering CPU alloc_id (2485777.10)[0m
[97m/home/cvazquezperezdelacru/clio-core/context-runtime/src/ipc_manager.cc:2532 INFO 2485700 RegisterMemory IpcManager::RegisterMemory: Registering clio_2485777_10 from pid 2485777[0m
[97m/home/cvazquezperezdelacru/clio-core/context-runtime/src/ipc_manager.cc:2575 INFO 2485700 RegisterMemory IpcManager::RegisterMemory: Successfully registered clio_2485777_10[0m
[97m/home/cvazquezperezdelacru/clio-core/context-runtime/modules/admin/src/admin_runtime.cc:1191 INFO 2485701 RegisterMemory Admin::RegisterMemory: Registering CPU alloc_id (2485777.11)[0m
[97m/home/cvazquezperezdelacru/clio-core/context-runtime/src/ipc_manager.cc:2532 INFO 2485701 RegisterMemory IpcManager::RegisterMemory: Registering clio_2485777_11 from pid 2485777[0m
[97m/home/cvazquezperezdelacru/clio-core/context-runtime/src/ipc_manager.cc:2575 INFO 2485701 RegisterMemory IpcManager::RegisterMemory: Successfully registered clio_2485777_11[0m
[97m/home/cvazquezperezdelacru/clio-core/context-runtime/modules/admin/src/admin_runtime.cc:1191 INFO 2485700 RegisterMemory Admin::RegisterMemory: Registering CPU alloc_id (2485777.12)[0m
[97m/home/cvazquezperezdelacru/clio-core/context-runtime/src/ipc_manager.cc:2532 INFO 2485700 RegisterMemory IpcManager::RegisterMemory: Registering clio_2485777_12 from pid 2485777[0m
[97m/home/cvazquezperezdelacru/clio-core/context-runtime/src/ipc_manager.cc:2575 INFO 2485700 RegisterMemory IpcManager::RegisterMemory: Successfully registered clio_2485777_12[0m
[33m/home/cvazquezperezdelacru/clio-core/context-runtime/src/scheduler/default_sched.cc:430 WARNING 2485707 LoadBalance [#781 PDF] observed exec-time bins (cumulative): <10us=389402 <50us=13476 <500us=420 <10ms=4099 <50ms=7 <500ms=2 <1s=0 >=1s=0 | stalls_detected=0[0m
[33m/home/cvazquezperezdelacru/clio-core/context-runtime/src/scheduler/default_sched.cc:439 WARNING 2485707 LoadBalance [#785] lane rescues performed: 0[0m
[97m/home/cvazquezperezdelacru/clio-core/context-runtime/src/ipc_manager.cc:2288 INFO 2485709 GetOrCreateClient [ClientPool] Creating new persistent connection to 127.0.0.1:38559[0m
[97m/home/cvazquezperezdelacru/clio-core/context-runtime/src/ipc_manager.cc:2308 INFO 2485709 GetOrCreateClient [ClientPool] Connection established to 127.0.0.1:38559[0m
[97m/home/cvazquezperezdelacru/clio-core/context-runtime/modules/admin/src/admin_runtime.cc:1191 INFO 2485701 RegisterMemory Admin::RegisterMemory: Registering CPU alloc_id (2485858.0)[0m
[97m/home/cvazquezperezdelacru/clio-core/context-runtime/src/ipc_manager.cc:2532 INFO 2485701 RegisterMemory IpcManager::RegisterMemory: Registering clio_2485858_0 from pid 2485858[0m
[97m/home/cvazquezperezdelacru/clio-core/context-runtime/src/ipc_manager.cc:2575 INFO 2485701 RegisterMemory IpcManager::RegisterMemory: Successfully registered clio_2485858_0[0m
[97m/home/cvazquezperezdelacru/clio-core/context-runtime/src/pool_manager.cc:534 INFO 2485701 CreatePool PoolManager: Creating pool 'clio_cte_core' with 1 containers (one per node)[0m
[97m/home/cvazquezperezdelacru/clio-core/context-runtime/src/pool_manager.cc:575 INFO 2485701 CreatePool PoolManager: Pool PoolId(major:512, minor:0) already exists by ID, returning existing pool[0m
[97m/home/cvazquezperezdelacru/clio-core/context-runtime/src/pool_manager.cc:534 INFO 2485701 CreatePool PoolManager: Creating pool 'faiss_ivf_bench' with 1 containers (one per node)[0m
[97m/home/cvazquezperezdelacru/clio-core/context-runtime/src/pool_manager.cc:575 INFO 2485701 CreatePool PoolManager: Pool PoolId(major:600, minor:0) already exists by ID, returning existing pool[0m
[97m/home/cvazquezperezdelacru/clio-core/context-runtime/src/ipc_manager.cc:2440 INFO 2485699 IncreaseClientShm IpcManager::IncreaseClientShm: Creating clio_2485677_4 with size 117522432 (83968000 + 33554432 overhead)[0m
[97m/home/cvazquezperezdelacru/clio-core/context-runtime/src/ipc_manager.cc:2485 INFO 2485699 IncreaseClientShm IpcManager::IncreaseClientShm: Created allocator clio_2485677_4 with ID (2485677.4)[0m
[97m/mnt/common/cvazquezperezdelacru/IOWARP/faiss/contrib/iowarp/chimod/src/faiss_ivf_runtime.cc:229 INFO 2485699 OpenIndex faiss_ivf: opened '/mnt/common/cvazquezperezdelacru/faiss/slurm_bench/work/ondisk_nb10M.index' (d=128, nlist=4096, ntotal=10000000, tag='faiss_ivf::ondisk_nb10M')[0m
[97m/mnt/common/cvazquezperezdelacru/IOWARP/faiss/contrib/iowarp/chimod/src/faiss_ivf_runtime.cc:300 INFO 2485699 Search faiss_ivf: Search nq=500 k=10 nprobe=64 unique_lists=4084[0m
[97m/home/cvazquezperezdelacru/clio-core/context-runtime/src/ipc_manager.cc:2440 INFO 2485699 IncreaseClientShm IpcManager::IncreaseClientShm: Creating clio_2485677_5 with size 122060712 (88506280 + 33554432 overhead)[0m
[97m/home/cvazquezperezdelacru/clio-core/context-runtime/src/ipc_manager.cc:2485 INFO 2485699 IncreaseClientShm IpcManager::IncreaseClientShm: Created allocator clio_2485677_5 with ID (2485677.5)[0m
[97m/home/cvazquezperezdelacru/clio-core/context-runtime/src/ipc_manager.cc:2440 INFO 2485699 IncreaseClientShm IpcManager::IncreaseClientShm: Creating clio_2485677_6 with size 124005512 (90451080 + 33554432 overhead)[0m
[97m/home/cvazquezperezdelacru/clio-core/context-runtime/src/ipc_manager.cc:2485 INFO 2485699 IncreaseClientShm IpcManager::IncreaseClientShm: Created allocator clio_2485677_6 with ID (2485677.6)[0m
[97m/home/cvazquezperezdelacru/clio-core/context-runtime/src/ipc_manager.cc:2440 INFO 2485699 IncreaseClientShm IpcManager::IncreaseClientShm: Creating clio_2485677_7 with size 124845312 (91290880 + 33554432 overhead)[0m
[97m/home/cvazquezperezdelacru/clio-core/context-runtime/src/ipc_manager.cc:2485 INFO 2485699 IncreaseClientShm IpcManager::IncreaseClientShm: Created allocator clio_2485677_7 with ID (2485677.7)[0m
[33m/home/cvazquezperezdelacru/clio-core/context-runtime/src/scheduler/default_sched.cc:455 WARNING 2485707 operator() [#781] worker 0 STALLED on one task (load_us=7.62939e-06 realtime_load_us=1.1779e+06 threshold_s=1)[0m
[33m/home/cvazquezperezdelacru/clio-core/context-runtime/src/worker.cc:370 WARNING 2485707 AdoptLane [#785] worker 0 adopted lane 0x7fce17efb1e8[0m
[33m/home/cvazquezperezdelacru/clio-core/context-runtime/src/work_orchestrator.cc:545 WARNING 2485707 SpawnAdditionalWorker [#785] spawned elastic worker 8 (pool now 9 workers)[0m
[33m/home/cvazquezperezdelacru/clio-core/context-runtime/src/scheduler/default_sched.cc:598 WARNING 2485707 operator() [#785] RESCUE: stalled worker 0 -> worker 8 (0 parked task(s) moved, 0 queued task(s) redistributed, rescues=1)[0m
[97m/home/cvazquezperezdelacru/clio-core/context-runtime/src/ipc_manager.cc:2440 INFO 2485699 IncreaseClientShm IpcManager::IncreaseClientShm: Creating clio_2485677_8 with size 124542416 (90987984 + 33554432 overhead)[0m
[97m/home/cvazquezperezdelacru/clio-core/context-runtime/src/ipc_manager.cc:2485 INFO 2485699 IncreaseClientShm IpcManager::IncreaseClientShm: Created allocator clio_2485677_8 with ID (2485677.8)[0m
[97m/home/cvazquezperezdelacru/clio-core/context-runtime/src/ipc_manager.cc:2440 INFO 2485699 IncreaseClientShm IpcManager::IncreaseClientShm: Creating clio_2485677_9 with size 124181008 (90626576 + 33554432 overhead)[0m
[97m/home/cvazquezperezdelacru/clio-core/context-runtime/src/ipc_manager.cc:2485 INFO 2485699 IncreaseClientShm IpcManager::IncreaseClientShm: Created allocator clio_2485677_9 with ID (2485677.9)[0m
[33m/home/cvazquezperezdelacru/clio-core/context-runtime/src/scheduler/default_sched.cc:455 WARNING 2485707 operator() [#781] worker 0 STALLED on one task (load_us=7.62939e-06 realtime_load_us=1.67922e+06 threshold_s=1)[0m
[33m/home/cvazquezperezdelacru/clio-core/context-runtime/src/worker.cc:370 WARNING 2485707 AdoptLane [#785] worker 0 adopted lane 0x7fce17efb1e8[0m
[33m/home/cvazquezperezdelacru/clio-core/context-runtime/src/scheduler/default_sched.cc:598 WARNING 2485707 operator() [#785] RESCUE: stalled worker 0 -> worker 8 (0 parked task(s) moved, 0 queued task(s) redistributed, rescues=2)[0m
[97m/home/cvazquezperezdelacru/clio-core/context-runtime/src/ipc_manager.cc:2440 INFO 2485699 IncreaseClientShm IpcManager::IncreaseClientShm: Creating clio_2485677_10 with size 123718208 (90163776 + 33554432 overhead)[0m
[97m/home/cvazquezperezdelacru/clio-core/context-runtime/src/ipc_manager.cc:2485 INFO 2485699 IncreaseClientShm IpcManager::IncreaseClientShm: Created allocator clio_2485677_10 with ID (2485677.10)[0m
[33m/home/cvazquezperezdelacru/clio-core/context-runtime/src/scheduler/default_sched.cc:455 WARNING 2485707 operator() [#781] worker 0 STALLED on one task (load_us=7.62939e-06 realtime_load_us=2.17984e+06 threshold_s=1)[0m
[33m/home/cvazquezperezdelacru/clio-core/context-runtime/src/worker.cc:370 WARNING 2485707 AdoptLane [#785] worker 0 adopted lane 0x7fce17efb1e8[0m
[33m/home/cvazquezperezdelacru/clio-core/context-runtime/src/scheduler/default_sched.cc:598 WARNING 2485707 operator() [#785] RESCUE: stalled worker 0 -> worker 8 (0 parked task(s) moved, 0 queued task(s) redistributed, rescues=3)[0m
[97m/home/cvazquezperezdelacru/clio-core/context-runtime/src/ipc_manager.cc:2440 INFO 2485699 IncreaseClientShm IpcManager::IncreaseClientShm: Creating clio_2485677_11 with size 126020512 (92466080 + 33554432 overhead)[0m
[97m/home/cvazquezperezdelacru/clio-core/context-runtime/src/ipc_manager.cc:2485 INFO 2485699 IncreaseClientShm IpcManager::IncreaseClientShm: Created allocator clio_2485677_11 with ID (2485677.11)[0m
[97m/home/cvazquezperezdelacru/clio-core/context-runtime/src/ipc_manager.cc:2440 INFO 2485699 IncreaseClientShm IpcManager::IncreaseClientShm: Creating clio_2485677_12 with size 127731312 (94176880 + 33554432 overhead)[0m
[97m/home/cvazquezperezdelacru/clio-core/context-runtime/src/ipc_manager.cc:2485 INFO 2485699 IncreaseClientShm IpcManager::IncreaseClientShm: Created allocator clio_2485677_12 with ID (2485677.12)[0m
[33m/home/cvazquezperezdelacru/clio-core/context-runtime/src/scheduler/default_sched.cc:455 WARNING 2485707 operator() [#781] worker 0 STALLED on one task (load_us=7.62939e-06 realtime_load_us=2.68035e+06 threshold_s=1)[0m
[33m/home/cvazquezperezdelacru/clio-core/context-runtime/src/worker.cc:370 WARNING 2485707 AdoptLane [#785] worker 0 adopted lane 0x7fce17efb1e8[0m
[33m/home/cvazquezperezdelacru/clio-core/context-runtime/src/scheduler/default_sched.cc:598 WARNING 2485707 operator() [#785] RESCUE: stalled worker 0 -> worker 8 (0 parked task(s) moved, 0 queued task(s) redistributed, rescues=4)[0m
[97m/home/cvazquezperezdelacru/clio-core/context-runtime/src/ipc_manager.cc:2440 INFO 2485699 IncreaseClientShm IpcManager::IncreaseClientShm: Creating clio_2485677_13 with size 124577512 (91023080 + 33554432 overhead)[0m
[97m/home/cvazquezperezdelacru/clio-core/context-runtime/src/ipc_manager.cc:2485 INFO 2485699 IncreaseClientShm IpcManager::IncreaseClientShm: Created allocator clio_2485677_13 with ID (2485677.13)[0m
[33m/home/cvazquezperezdelacru/clio-core/context-runtime/src/scheduler/default_sched.cc:455 WARNING 2485707 operator() [#781] worker 0 STALLED on one task (load_us=7.62939e-06 realtime_load_us=3.1809e+06 threshold_s=1)[0m
[33m/home/cvazquezperezdelacru/clio-core/context-runtime/src/worker.cc:370 WARNING 2485707 AdoptLane [#785] worker 0 adopted lane 0x7fce17efb1e8[0m
[33m/home/cvazquezperezdelacru/clio-core/context-runtime/src/scheduler/default_sched.cc:598 WARNING 2485707 operator() [#785] RESCUE: stalled worker 0 -> worker 8 (0 parked task(s) moved, 0 queued task(s) redistributed, rescues=5)[0m
[97m/home/cvazquezperezdelacru/clio-core/context-runtime/src/ipc_manager.cc:2440 INFO 2485699 IncreaseClientShm IpcManager::IncreaseClientShm: Creating clio_2485677_14 with size 127593512 (94039080 + 33554432 overhead)[0m
[97m/home/cvazquezperezdelacru/clio-core/context-runtime/src/ipc_manager.cc:2485 INFO 2485699 IncreaseClientShm IpcManager::IncreaseClientShm: Created allocator clio_2485677_14 with ID (2485677.14)[0m
[97m/home/cvazquezperezdelacru/clio-core/context-runtime/src/ipc_manager.cc:2440 INFO 2485699 IncreaseClientShm IpcManager::IncreaseClientShm: Creating clio_2485677_15 with size 124257712 (90703280 + 33554432 overhead)[0m
[97m/home/cvazquezperezdelacru/clio-core/context-runtime/src/ipc_manager.cc:2485 INFO 2485699 IncreaseClientShm IpcManager::IncreaseClientShm: Created allocator clio_2485677_15 with ID (2485677.15)[0m
[33m/home/cvazquezperezdelacru/clio-core/context-runtime/src/scheduler/default_sched.cc:455 WARNING 2485707 operator() [#781] worker 0 STALLED on one task (load_us=7.62939e-06 realtime_load_us=3.68145e+06 threshold_s=1)[0m
[33m/home/cvazquezperezdelacru/clio-core/context-runtime/src/worker.cc:370 WARNING 2485707 AdoptLane [#785] worker 0 adopted lane 0x7fce17efb1e8[0m
[33m/home/cvazquezperezdelacru/clio-core/context-runtime/src/scheduler/default_sched.cc:598 WARNING 2485707 operator() [#785] RESCUE: stalled worker 0 -> worker 8 (0 parked task(s) moved, 0 queued task(s) redistributed, rescues=6)[0m
[97m/home/cvazquezperezdelacru/clio-core/context-runtime/src/ipc_manager.cc:2440 INFO 2485699 IncreaseClientShm IpcManager::IncreaseClientShm: Creating clio_2485677_16 with size 124459216 (90904784 + 33554432 overhead)[0m
[97m/home/cvazquezperezdelacru/clio-core/context-runtime/src/ipc_manager.cc:2485 INFO 2485699 IncreaseClientShm IpcManager::IncreaseClientShm: Created allocator clio_2485677_16 with ID (2485677.16)[0m
[33m/home/cvazquezperezdelacru/clio-core/context-runtime/src/scheduler/default_sched.cc:430 WARNING 2485707 LoadBalance [#781 PDF] observed exec-time bins (cumulative): <10us=456902 <50us=13651 <500us=431 <10ms=4104 <50ms=7 <500ms=2 <1s=0 >=1s=0 | stalls_detected=6[0m
[33m/home/cvazquezperezdelacru/clio-core/context-runtime/src/scheduler/default_sched.cc:439 WARNING 2485707 LoadBalance [#785] lane rescues performed: 6[0m
[33m/home/cvazquezperezdelacru/clio-core/context-runtime/src/scheduler/default_sched.cc:455 WARNING 2485707 operator() [#781] worker 0 STALLED on one task (load_us=7.62939e-06 realtime_load_us=4.18198e+06 threshold_s=1)[0m
[33m/home/cvazquezperezdelacru/clio-core/context-runtime/src/worker.cc:370 WARNING 2485707 AdoptLane [#785] worker 0 adopted lane 0x7fce17efb1e8[0m
[33m/home/cvazquezperezdelacru/clio-core/context-runtime/src/scheduler/default_sched.cc:598 WARNING 2485707 operator() [#785] RESCUE: stalled worker 0 -> worker 8 (0 parked task(s) moved, 0 queued task(s) redistributed, rescues=7)[0m
[97m/home/cvazquezperezdelacru/clio-core/context-runtime/src/ipc_manager.cc:2440 INFO 2485699 IncreaseClientShm IpcManager::IncreaseClientShm: Creating clio_2485677_17 with size 125401712 (91847280 + 33554432 overhead)[0m
[97m/home/cvazquezperezdelacru/clio-core/context-runtime/src/ipc_manager.cc:2485 INFO 2485699 IncreaseClientShm IpcManager::IncreaseClientShm: Created allocator clio_2485677_17 with ID (2485677.17)[0m
[97m/home/cvazquezperezdelacru/clio-core/context-runtime/src/ipc_manager.cc:2440 INFO 2485699 IncreaseClientShm IpcManager::IncreaseClientShm: Creating clio_2485677_18 with size 127291912 (93737480 + 33554432 overhead)[0m
[97m/home/cvazquezperezdelacru/clio-core/context-runtime/src/ipc_manager.cc:2485 INFO 2485699 IncreaseClientShm IpcManager::IncreaseClientShm: Created allocator clio_2485677_18 with ID (2485677.18)[0m
[33m/home/cvazquezperezdelacru/clio-core/context-runtime/src/scheduler/default_sched.cc:455 WARNING 2485707 operator() [#781] worker 0 STALLED on one task (load_us=7.62939e-06 realtime_load_us=4.68257e+06 threshold_s=1)[0m
[33m/home/cvazquezperezdelacru/clio-core/context-runtime/src/worker.cc:370 WARNING 2485707 AdoptLane [#785] worker 0 adopted lane 0x7fce17efb1e8[0m
[33m/home/cvazquezperezdelacru/clio-core/context-runtime/src/scheduler/default_sched.cc:598 WARNING 2485707 operator() [#785] RESCUE: stalled worker 0 -> worker 8 (0 parked task(s) moved, 0 queued task(s) redistributed, rescues=8)[0m
[97m/mnt/common/cvazquezperezdelacru/IOWARP/faiss/contrib/iowarp/chimod/src/faiss_ivf_runtime.cc:300 INFO 2485701 Search faiss_ivf: Search nq=500 k=10 nprobe=64 unique_lists=4084[0m
[97m/home/cvazquezperezdelacru/clio-core/context-runtime/src/ipc_manager.cc:2440 INFO 2485701 IncreaseClientShm IpcManager::IncreaseClientShm: Creating clio_2485677_19 with size 131004712 (97450280 + 33554432 overhead)[0m
[97m/home/cvazquezperezdelacru/clio-core/context-runtime/src/ipc_manager.cc:2485 INFO 2485701 IncreaseClientShm IpcManager::IncreaseClientShm: Created allocator clio_2485677_19 with ID (2485677.19)[0m
[97m/home/cvazquezperezdelacru/clio-core/context-runtime/src/ipc_manager.cc:2440 INFO 2485701 IncreaseClientShm IpcManager::IncreaseClientShm: Creating clio_2485677_20 with size 124021112 (90466680 + 33554432 overhead)[0m
[97m/home/cvazquezperezdelacru/clio-core/context-runtime/src/ipc_manager.cc:2485 INFO 2485701 IncreaseClientShm IpcManager::IncreaseClientShm: Created allocator clio_2485677_20 with ID (2485677.20)[0m
[97m/home/cvazquezperezdelacru/clio-core/context-runtime/src/ipc_manager.cc:2440 INFO 2485701 IncreaseClientShm IpcManager::IncreaseClientShm: Creating clio_2485677_21 with size 125548608 (91994176 + 33554432 overhead)[0m
[97m/home/cvazquezperezdelacru/clio-core/context-runtime/src/ipc_manager.cc:2485 INFO 2485701 IncreaseClientShm IpcManager::IncreaseClientShm: Created allocator clio_2485677_21 with ID (2485677.21)[0m
[97m/home/cvazquezperezdelacru/clio-core/context-runtime/src/ipc_manager.cc:2440 INFO 2485701 IncreaseClientShm IpcManager::IncreaseClientShm: Creating clio_2485677_22 with size 126062112 (92507680 + 33554432 overhead)[0m
[97m/home/cvazquezperezdelacru/clio-core/context-runtime/src/ipc_manager.cc:2485 INFO 2485701 IncreaseClientShm IpcManager::IncreaseClientShm: Created allocator clio_2485677_22 with ID (2485677.22)[0m
[97m/home/cvazquezperezdelacru/clio-core/context-runtime/src/ipc_manager.cc:2440 INFO 2485701 IncreaseClientShm IpcManager::IncreaseClientShm: Creating clio_2485677_23 with size 126489808 (92935376 + 33554432 overhead)[0m
[97m/home/cvazquezperezdelacru/clio-core/context-runtime/src/ipc_manager.cc:2485 INFO 2485701 IncreaseClientShm IpcManager::IncreaseClientShm: Created allocator clio_2485677_23 with ID (2485677.23)[0m
[33m/home/cvazquezperezdelacru/clio-core/context-runtime/src/scheduler/default_sched.cc:455 WARNING 2485707 operator() [#781] worker 2 STALLED on one task (load_us=0 realtime_load_us=2.37874e+06 threshold_s=1)[0m
[33m/home/cvazquezperezdelacru/clio-core/context-runtime/src/worker.cc:370 WARNING 2485707 AdoptLane [#785] worker 2 adopted lane 0x7fce17efb368[0m
[33m/home/cvazquezperezdelacru/clio-core/context-runtime/src/scheduler/default_sched.cc:598 WARNING 2485707 operator() [#785] RESCUE: stalled worker 2 -> worker 8 (5 parked task(s) moved, 0 queued task(s) redistributed, rescues=9)[0m
[97m/home/cvazquezperezdelacru/clio-core/context-runtime/src/ipc_manager.cc:2440 INFO 2485701 IncreaseClientShm IpcManager::IncreaseClientShm: Creating clio_2485677_24 with size 129088512 (95534080 + 33554432 overhead)[0m
[97m/home/cvazquezperezdelacru/clio-core/context-runtime/src/ipc_manager.cc:2485 INFO 2485701 IncreaseClientShm IpcManager::IncreaseClientShm: Created allocator clio_2485677_24 with ID (2485677.24)[0m
[33m/home/cvazquezperezdelacru/clio-core/context-runtime/src/scheduler/default_sched.cc:455 WARNING 2485707 operator() [#781] worker 2 STALLED on one task (load_us=0 realtime_load_us=2.87943e+06 threshold_s=1)[0m
[33m/home/cvazquezperezdelacru/clio-core/context-runtime/src/worker.cc:370 WARNING 2485707 AdoptLane [#785] worker 2 adopted lane 0x7fce17efb368[0m
[33m/home/cvazquezperezdelacru/clio-core/context-runtime/src/scheduler/default_sched.cc:598 WARNING 2485707 operator() [#785] RESCUE: stalled worker 2 -> worker 8 (0 parked task(s) moved, 0 queued task(s) redistributed, rescues=10)[0m
[97m/home/cvazquezperezdelacru/clio-core/context-runtime/src/ipc_manager.cc:2440 INFO 2485701 IncreaseClientShm IpcManager::IncreaseClientShm: Creating clio_2485677_25 with size 130842208 (97287776 + 33554432 overhead)[0m
[97m/home/cvazquezperezdelacru/clio-core/context-runtime/src/ipc_manager.cc:2485 INFO 2485701 IncreaseClientShm IpcManager::IncreaseClientShm: Created allocator clio_2485677_25 with ID (2485677.25)[0m
[97m/home/cvazquezperezdelacru/clio-core/context-runtime/src/ipc_manager.cc:2440 INFO 2485701 IncreaseClientShm IpcManager::IncreaseClientShm: Creating clio_2485677_26 with size 129370608 (95816176 + 33554432 overhead)[0m
[97m/home/cvazquezperezdelacru/clio-core/context-runtime/src/ipc_manager.cc:2485 INFO 2485701 IncreaseClientShm IpcManager::IncreaseClientShm: Created allocator clio_2485677_26 with ID (2485677.26)[0m
[33m/home/cvazquezperezdelacru/clio-core/context-runtime/src/scheduler/default_sched.cc:455 WARNING 2485707 operator() [#781] worker 2 STALLED on one task (load_us=0 realtime_load_us=3.37993e+06 threshold_s=1)[0m
[33m/home/cvazquezperezdelacru/clio-core/context-runtime/src/worker.cc:370 WARNING 2485707 AdoptLane [#785] worker 2 adopted lane 0x7fce17efb368[0m
[33m/home/cvazquezperezdelacru/clio-core/context-runtime/src/scheduler/default_sched.cc:598 WARNING 2485707 operator() [#785] RESCUE: stalled worker 2 -> worker 8 (0 parked task(s) moved, 0 queued task(s) redistributed, rescues=11)[0m
[97m/home/cvazquezperezdelacru/clio-core/context-runtime/src/ipc_manager.cc:2440 INFO 2485701 IncreaseClientShm IpcManager::IncreaseClientShm: Creating clio_2485677_27 with size 128298112 (94743680 + 33554432 overhead)[0m
[97m/home/cvazquezperezdelacru/clio-core/context-runtime/src/ipc_manager.cc:2485 INFO 2485701 IncreaseClientShm IpcManager::IncreaseClientShm: Created allocator clio_2485677_27 with ID (2485677.27)[0m
[33m/home/cvazquezperezdelacru/clio-core/context-runtime/src/scheduler/default_sched.cc:455 WARNING 2485707 operator() [#781] worker 2 STALLED on one task (load_us=0 realtime_load_us=3.8805e+06 threshold_s=1)[0m
[33m/home/cvazquezperezdelacru/clio-core/context-runtime/src/worker.cc:370 WARNING 2485707 AdoptLane [#785] worker 2 adopted lane 0x7fce17efb368[0m
[33m/home/cvazquezperezdelacru/clio-core/context-runtime/src/scheduler/default_sched.cc:598 WARNING 2485707 operator() [#785] RESCUE: stalled worker 2 -> worker 8 (0 parked task(s) moved, 0 queued task(s) redistributed, rescues=12)[0m
[97m/home/cvazquezperezdelacru/clio-core/context-runtime/src/ipc_manager.cc:2440 INFO 2485701 IncreaseClientShm IpcManager::IncreaseClientShm: Creating clio_2485677_28 with size 127186608 (93632176 + 33554432 overhead)[0m
[97m/home/cvazquezperezdelacru/clio-core/context-runtime/src/ipc_manager.cc:2485 INFO 2485701 IncreaseClientShm IpcManager::IncreaseClientShm: Created allocator clio_2485677_28 with ID (2485677.28)[0m
[33m/home/cvazquezperezdelacru/clio-core/context-runtime/src/scheduler/default_sched.cc:455 WARNING 2485707 operator() [#781] worker 2 STALLED on one task (load_us=0 realtime_load_us=4.38102e+06 threshold_s=1)[0m
[33m/home/cvazquezperezdelacru/clio-core/context-runtime/src/worker.cc:370 WARNING 2485707 AdoptLane [#785] worker 2 adopted lane 0x7fce17efb368[0m
[33m/home/cvazquezperezdelacru/clio-core/context-runtime/src/scheduler/default_sched.cc:598 WARNING 2485707 operator() [#785] RESCUE: stalled worker 2 -> worker 8 (0 parked task(s) moved, 0 queued task(s) redistributed, rescues=13)[0m
[97m/home/cvazquezperezdelacru/clio-core/context-runtime/src/ipc_manager.cc:2440 INFO 2485701 IncreaseClientShm IpcManager::IncreaseClientShm: Creating clio_2485677_29 with size 124569712 (91015280 + 33554432 overhead)[0m
[97m/home/cvazquezperezdelacru/clio-core/context-runtime/src/ipc_manager.cc:2485 INFO 2485701 IncreaseClientShm IpcManager::IncreaseClientShm: Created allocator clio_2485677_29 with ID (2485677.29)[0m
[97m/home/cvazquezperezdelacru/clio-core/context-runtime/src/ipc_manager.cc:2440 INFO 2485701 IncreaseClientShm IpcManager::IncreaseClientShm: Creating clio_2485677_30 with size 126621112 (93066680 + 33554432 overhead)[0m
[97m/home/cvazquezperezdelacru/clio-core/context-runtime/src/ipc_manager.cc:2485 INFO 2485701 IncreaseClientShm IpcManager::IncreaseClientShm: Created allocator clio_2485677_30 with ID (2485677.30)[0m
[33m/home/cvazquezperezdelacru/clio-core/context-runtime/src/scheduler/default_sched.cc:455 WARNING 2485707 operator() [#781] worker 2 STALLED on one task (load_us=0 realtime_load_us=4.88161e+06 threshold_s=1)[0m
[33m/home/cvazquezperezdelacru/clio-core/context-runtime/src/worker.cc:370 WARNING 2485707 AdoptLane [#785] worker 2 adopted lane 0x7fce17efb368[0m
[33m/home/cvazquezperezdelacru/clio-core/context-runtime/src/scheduler/default_sched.cc:598 WARNING 2485707 operator() [#785] RESCUE: stalled worker 2 -> worker 8 (0 parked task(s) moved, 0 queued task(s) redistributed, rescues=14)[0m
[97m/mnt/common/cvazquezperezdelacru/IOWARP/faiss/contrib/iowarp/chimod/src/faiss_ivf_runtime.cc:300 INFO 2485701 Search faiss_ivf: Search nq=500 k=10 nprobe=64 unique_lists=4084[0m
[97m/home/cvazquezperezdelacru/clio-core/context-runtime/src/ipc_manager.cc:2440 INFO 2485701 IncreaseClientShm IpcManager::IncreaseClientShm: Creating clio_2485677_31 with size 129013112 (95458680 + 33554432 overhead)[0m
[97m/home/cvazquezperezdelacru/clio-core/context-runtime/src/ipc_manager.cc:2485 INFO 2485701 IncreaseClientShm IpcManager::IncreaseClientShm: Created allocator clio_2485677_31 with ID (2485677.31)[0m
[33m/home/cvazquezperezdelacru/clio-core/context-runtime/src/scheduler/default_sched.cc:430 WARNING 2485707 LoadBalance [#781 PDF] observed exec-time bins (cumulative): <10us=527397 <50us=14065 <500us=436 <10ms=4105 <50ms=7 <500ms=2 <1s=0 >=1s=2 | stalls_detected=14[0m
[33m/home/cvazquezperezdelacru/clio-core/context-runtime/src/scheduler/default_sched.cc:439 WARNING 2485707 LoadBalance [#785] lane rescues performed: 14[0m
[97m/home/cvazquezperezdelacru/clio-core/context-runtime/src/ipc_manager.cc:2440 INFO 2485701 IncreaseClientShm IpcManager::IncreaseClientShm: Creating clio_2485677_32 with size 125695512 (92141080 + 33554432 overhead)[0m
[97m/home/cvazquezperezdelacru/clio-core/context-runtime/src/ipc_manager.cc:2485 INFO 2485701 IncreaseClientShm IpcManager::IncreaseClientShm: Created allocator clio_2485677_32 with ID (2485677.32)[0m
[97m/home/cvazquezperezdelacru/clio-core/context-runtime/src/ipc_manager.cc:2440 INFO 2485701 IncreaseClientShm IpcManager::IncreaseClientShm: Creating clio_2485677_33 with size 124845312 (91290880 + 33554432 overhead)[0m
[97m/home/cvazquezperezdelacru/clio-core/context-runtime/src/ipc_manager.cc:2485 INFO 2485701 IncreaseClientShm IpcManager::IncreaseClientShm: Created allocator clio_2485677_33 with ID (2485677.33)[0m
[97m/home/cvazquezperezdelacru/clio-core/context-runtime/src/ipc_manager.cc:2440 INFO 2485701 IncreaseClientShm IpcManager::IncreaseClientShm: Creating clio_2485677_34 with size 124542416 (90987984 + 33554432 overhead)[0m
[97m/home/cvazquezperezdelacru/clio-core/context-runtime/src/ipc_manager.cc:2485 INFO 2485701 IncreaseClientShm IpcManager::IncreaseClientShm: Created allocator clio_2485677_34 with ID (2485677.34)[0m
[33m/home/cvazquezperezdelacru/clio-core/context-runtime/src/scheduler/default_sched.cc:455 WARNING 2485707 operator() [#781] worker 2 STALLED on one task (load_us=0 realtime_load_us=2.85878e+06 threshold_s=1)[0m
[33m/home/cvazquezperezdelacru/clio-core/context-runtime/src/worker.cc:370 WARNING 2485707 AdoptLane [#785] worker 2 adopted lane 0x7fce17efb368[0m
[33m/home/cvazquezperezdelacru/clio-core/context-runtime/src/scheduler/default_sched.cc:598 WARNING 2485707 operator() [#785] RESCUE: stalled worker 2 -> worker 8 (0 parked task(s) moved, 0 queued task(s) redistributed, rescues=15)[0m
[97m/home/cvazquezperezdelacru/clio-core/context-runtime/src/ipc_manager.cc:2440 INFO 2485701 IncreaseClientShm IpcManager::IncreaseClientShm: Creating clio_2485677_35 with size 124251216 (90696784 + 33554432 overhead)[0m
[97m/home/cvazquezperezdelacru/clio-core/context-runtime/src/ipc_manager.cc:2485 INFO 2485701 IncreaseClientShm IpcManager::IncreaseClientShm: Created allocator clio_2485677_35 with ID (2485677.35)[0m
[97m/home/cvazquezperezdelacru/clio-core/context-runtime/src/ipc_manager.cc:2440 INFO 2485701 IncreaseClientShm IpcManager::IncreaseClientShm: Creating clio_2485677_36 with size 123568712 (90014280 + 33554432 overhead)[0m
[97m/home/cvazquezperezdelacru/clio-core/context-runtime/src/ipc_manager.cc:2485 INFO 2485701 IncreaseClientShm IpcManager::IncreaseClientShm: Created allocator clio_2485677_36 with ID (2485677.36)[0m
[33m/home/cvazquezperezdelacru/clio-core/context-runtime/src/scheduler/default_sched.cc:455 WARNING 2485707 operator() [#781] worker 2 STALLED on one task (load_us=0 realtime_load_us=3.35939e+06 threshold_s=1)[0m
[33m/home/cvazquezperezdelacru/clio-core/context-runtime/src/worker.cc:370 WARNING 2485707 AdoptLane [#785] worker 2 adopted lane 0x7fce17efb368[0m
[33m/home/cvazquezperezdelacru/clio-core/context-runtime/src/scheduler/default_sched.cc:598 WARNING 2485707 operator() [#785] RESCUE: stalled worker 2 -> worker 8 (0 parked task(s) moved, 0 queued task(s) redistributed, rescues=16)[0m
[97m/home/cvazquezperezdelacru/clio-core/context-runtime/src/ipc_manager.cc:2440 INFO 2485701 IncreaseClientShm IpcManager::IncreaseClientShm: Creating clio_2485677_37 with size 125306816 (91752384 + 33554432 overhead)[0m
[97m/home/cvazquezperezdelacru/clio-core/context-runtime/src/ipc_manager.cc:2485 INFO 2485701 IncreaseClientShm IpcManager::IncreaseClientShm: Created allocator clio_2485677_37 with ID (2485677.37)[0m
[33m/home/cvazquezperezdelacru/clio-core/context-runtime/src/scheduler/default_sched.cc:455 WARNING 2485707 operator() [#781] worker 2 STALLED on one task (load_us=0 realtime_load_us=3.85997e+06 threshold_s=1)[0m
[33m/home/cvazquezperezdelacru/clio-core/context-runtime/src/worker.cc:370 WARNING 2485707 AdoptLane [#785] worker 2 adopted lane 0x7fce17efb368[0m
[33m/home/cvazquezperezdelacru/clio-core/context-runtime/src/scheduler/default_sched.cc:598 WARNING 2485707 operator() [#785] RESCUE: stalled worker 2 -> worker 8 (0 parked task(s) moved, 0 queued task(s) redistributed, rescues=17)[0m
[97m/home/cvazquezperezdelacru/clio-core/context-runtime/src/ipc_manager.cc:2440 INFO 2485701 IncreaseClientShm IpcManager::IncreaseClientShm: Creating clio_2485677_38 with size 124377312 (90822880 + 33554432 overhead)[0m
[97m/home/cvazquezperezdelacru/clio-core/context-runtime/src/ipc_manager.cc:2485 INFO 2485701 IncreaseClientShm IpcManager::IncreaseClientShm: Created allocator clio_2485677_38 with ID (2485677.38)[0m
[97m/home/cvazquezperezdelacru/clio-core/context-runtime/src/ipc_manager.cc:2440 INFO 2485701 IncreaseClientShm IpcManager::IncreaseClientShm: Creating clio_2485677_39 with size 125001312 (91446880 + 33554432 overhead)[0m
[97m/home/cvazquezperezdelacru/clio-core/context-runtime/src/ipc_manager.cc:2485 INFO 2485701 IncreaseClientShm IpcManager::IncreaseClientShm: Created allocator clio_2485677_39 with ID (2485677.39)[0m
[33m/home/cvazquezperezdelacru/clio-core/context-runtime/src/scheduler/default_sched.cc:455 WARNING 2485707 operator() [#781] worker 2 STALLED on one task (load_us=0 realtime_load_us=4.36069e+06 threshold_s=1)[0m
[33m/home/cvazquezperezdelacru/clio-core/context-runtime/src/worker.cc:370 WARNING 2485707 AdoptLane [#785] worker 2 adopted lane 0x7fce17efb368[0m
[33m/home/cvazquezperezdelacru/clio-core/context-runtime/src/scheduler/default_sched.cc:598 WARNING 2485707 operator() [#785] RESCUE: stalled worker 2 -> worker 8 (0 parked task(s) moved, 0 queued task(s) redistributed, rescues=18)[0m
[97m/home/cvazquezperezdelacru/clio-core/context-runtime/src/ipc_manager.cc:2440 INFO 2485701 IncreaseClientShm IpcManager::IncreaseClientShm: Creating clio_2485677_40 with size 128298112 (94743680 + 33554432 overhead)[0m
[97m/home/cvazquezperezdelacru/clio-core/context-runtime/src/ipc_manager.cc:2485 INFO 2485701 IncreaseClientShm IpcManager::IncreaseClientShm: Created allocator clio_2485677_40 with ID (2485677.40)[0m
[33m/home/cvazquezperezdelacru/clio-core/context-runtime/src/scheduler/default_sched.cc:455 WARNING 2485707 operator() [#781] worker 2 STALLED on one task (load_us=0 realtime_load_us=4.86128e+06 threshold_s=1)[0m
[33m/home/cvazquezperezdelacru/clio-core/context-runtime/src/worker.cc:370 WARNING 2485707 AdoptLane [#785] worker 2 adopted lane 0x7fce17efb368[0m
[33m/home/cvazquezperezdelacru/clio-core/context-runtime/src/scheduler/default_sched.cc:598 WARNING 2485707 operator() [#785] RESCUE: stalled worker 2 -> worker 8 (0 parked task(s) moved, 0 queued task(s) redistributed, rescues=19)[0m
[97m/home/cvazquezperezdelacru/clio-core/context-runtime/src/ipc_manager.cc:2440 INFO 2485701 IncreaseClientShm IpcManager::IncreaseClientShm: Creating clio_2485677_41 with size 127186608 (93632176 + 33554432 overhead)[0m
[97m/home/cvazquezperezdelacru/clio-core/context-runtime/src/ipc_manager.cc:2485 INFO 2485701 IncreaseClientShm IpcManager::IncreaseClientShm: Created allocator clio_2485677_41 with ID (2485677.41)[0m
[97m/home/cvazquezperezdelacru/clio-core/context-runtime/src/ipc_manager.cc:2440 INFO 2485701 IncreaseClientShm IpcManager::IncreaseClientShm: Creating clio_2485677_42 with size 124569712 (91015280 + 33554432 overhead)[0m
[97m/home/cvazquezperezdelacru/clio-core/context-runtime/src/ipc_manager.cc:2485 INFO 2485701 IncreaseClientShm IpcManager::IncreaseClientShm: Created allocator clio_2485677_42 with ID (2485677.42)[0m
[33m/home/cvazquezperezdelacru/clio-core/context-runtime/src/scheduler/default_sched.cc:455 WARNING 2485707 operator() [#781] worker 2 STALLED on one task (load_us=0 realtime_load_us=5.36188e+06 threshold_s=1)[0m
[33m/home/cvazquezperezdelacru/clio-core/context-runtime/src/worker.cc:370 WARNING 2485707 AdoptLane [#785] worker 2 adopted lane 0x7fce17efb368[0m
[33m/home/cvazquezperezdelacru/clio-core/context-runtime/src/scheduler/default_sched.cc:598 WARNING 2485707 operator() [#785] RESCUE: stalled worker 2 -> worker 8 (0 parked task(s) moved, 0 queued task(s) redistributed, rescues=20)[0m
[97m/home/cvazquezperezdelacru/clio-core/context-runtime/src/ipc_manager.cc:2440 INFO 2485701 IncreaseClientShm IpcManager::IncreaseClientShm: Creating clio_2485677_43 with size 126121912 (92567480 + 33554432 overhead)[0m
[97m/home/cvazquezperezdelacru/clio-core/context-runtime/src/ipc_manager.cc:2485 INFO 2485701 IncreaseClientShm IpcManager::IncreaseClientShm: Created allocator clio_2485677_43 with ID (2485677.43)[0m
[33m/home/cvazquezperezdelacru/clio-core/context-runtime/src/scheduler/default_sched.cc:455 WARNING 2485707 operator() [#781] worker 2 STALLED on one task (load_us=0 realtime_load_us=5.8625e+06 threshold_s=1)[0m
[33m/home/cvazquezperezdelacru/clio-core/context-runtime/src/worker.cc:370 WARNING 2485707 AdoptLane [#785] worker 2 adopted lane 0x7fce17efb368[0m
[33m/home/cvazquezperezdelacru/clio-core/context-runtime/src/scheduler/default_sched.cc:598 WARNING 2485707 operator() [#785] RESCUE: stalled worker 2 -> worker 8 (0 parked task(s) moved, 0 queued task(s) redistributed, rescues=21)[0m
[97m/home/cvazquezperezdelacru/clio-core/context-runtime/src/ipc_manager.cc:2288 INFO 2485709 GetOrCreateClient [ClientPool] Creating new persistent connection to 127.0.0.1:40373[0m
[97m/home/cvazquezperezdelacru/clio-core/context-runtime/src/ipc_manager.cc:2308 INFO 2485709 GetOrCreateClient [ClientPool] Connection established to 127.0.0.1:40373[0m
[97m/home/cvazquezperezdelacru/clio-core/context-runtime/modules/admin/src/admin_runtime.cc:1191 INFO 2485701 RegisterMemory Admin::RegisterMemory: Registering CPU alloc_id (2485913.0)[0m
[97m/home/cvazquezperezdelacru/clio-core/context-runtime/src/ipc_manager.cc:2532 INFO 2485701 RegisterMemory IpcManager::RegisterMemory: Registering clio_2485913_0 from pid 2485913[0m
[97m/home/cvazquezperezdelacru/clio-core/context-runtime/src/ipc_manager.cc:2575 INFO 2485701 RegisterMemory IpcManager::RegisterMemory: Successfully registered clio_2485913_0[0m
[97m/home/cvazquezperezdelacru/clio-core/context-runtime/src/pool_manager.cc:534 INFO 2485701 CreatePool PoolManager: Creating pool 'clio_cte_core' with 1 containers (one per node)[0m
[97m/home/cvazquezperezdelacru/clio-core/context-runtime/src/pool_manager.cc:575 INFO 2485701 CreatePool PoolManager: Pool PoolId(major:512, minor:0) already exists by ID, returning existing pool[0m
[97m/home/cvazquezperezdelacru/clio-core/context-runtime/src/pool_manager.cc:534 INFO 2485701 CreatePool PoolManager: Creating pool 'faiss_ivf_bench' with 1 containers (one per node)[0m
[97m/home/cvazquezperezdelacru/clio-core/context-runtime/src/pool_manager.cc:575 INFO 2485701 CreatePool PoolManager: Pool PoolId(major:600, minor:0) already exists by ID, returning existing pool[0m
[97m/mnt/common/cvazquezperezdelacru/IOWARP/faiss/contrib/iowarp/chimod/src/faiss_ivf_runtime.cc:300 INFO 2485700 Search faiss_ivf: Search nq=63 k=10 nprobe=64 unique_lists=2413[0m
[97m/mnt/common/cvazquezperezdelacru/IOWARP/faiss/contrib/iowarp/chimod/src/faiss_ivf_runtime.cc:300 INFO 2485701 Search faiss_ivf: Search nq=62 k=10 nprobe=64 unique_lists=2388[0m
[97m/mnt/common/cvazquezperezdelacru/IOWARP/faiss/contrib/iowarp/chimod/src/faiss_ivf_runtime.cc:300 INFO 2485703 Search faiss_ivf: Search nq=63 k=10 nprobe=64 unique_lists=2541[0m
[97m/mnt/common/cvazquezperezdelacru/IOWARP/faiss/contrib/iowarp/chimod/src/faiss_ivf_runtime.cc:300 INFO 2485702 Search faiss_ivf: Search nq=62 k=10 nprobe=64 unique_lists=2453[0m
[97m/home/cvazquezperezdelacru/clio-core/context-runtime/src/ipc_manager.cc:2440 INFO 2485700 IncreaseClientShm IpcManager::IncreaseClientShm: Creating clio_2485677_44 with size 129013112 (95458680 + 33554432 overhead)[0m
[97m/home/cvazquezperezdelacru/clio-core/context-runtime/src/ipc_manager.cc:2485 INFO 2485700 IncreaseClientShm IpcManager::IncreaseClientShm: Created allocator clio_2485677_44 with ID (2485677.44)[0m
[97m/home/cvazquezperezdelacru/clio-core/context-runtime/src/ipc_manager.cc:2440 INFO 2485701 IncreaseClientShm IpcManager::IncreaseClientShm: Creating clio_2485677_45 with size 127986112 (94431680 + 33554432 overhead)[0m
[97m/home/cvazquezperezdelacru/clio-core/context-runtime/src/ipc_manager.cc:2485 INFO 2485701 IncreaseClientShm IpcManager::IncreaseClientShm: Created allocator clio_2485677_45 with ID (2485677.45)[0m
[97m/home/cvazquezperezdelacru/clio-core/context-runtime/src/ipc_manager.cc:2440 INFO 2485702 IncreaseClientShm IpcManager::IncreaseClientShm: Creating clio_2485677_46 with size 131004712 (97450280 + 33554432 overhead)[0m
[97m/home/cvazquezperezdelacru/clio-core/context-runtime/src/ipc_manager.cc:2485 INFO 2485702 IncreaseClientShm IpcManager::IncreaseClientShm: Created allocator clio_2485677_46 with ID (2485677.46)[0m
[33m/home/cvazquezperezdelacru/clio-core/context-runtime/src/scheduler/default_sched.cc:430 WARNING 2485707 LoadBalance [#781 PDF] observed exec-time bins (cumulative): <10us=594853 <50us=14913 <500us=451 <10ms=4108 <50ms=7 <500ms=2 <1s=0 >=1s=3 | stalls_detected=21[0m
[33m/home/cvazquezperezdelacru/clio-core/context-runtime/src/scheduler/default_sched.cc:439 WARNING 2485707 LoadBalance [#785] lane rescues performed: 21[0m
[97m/home/cvazquezperezdelacru/clio-core/context-runtime/src/ipc_manager.cc:2440 INFO 2485701 IncreaseClientShm IpcManager::IncreaseClientShm: Creating clio_2485677_47 with size 131215312 (97660880 + 33554432 overhead)[0m
[97m/home/cvazquezperezdelacru/clio-core/context-runtime/src/ipc_manager.cc:2485 INFO 2485701 IncreaseClientShm IpcManager::IncreaseClientShm: Created allocator clio_2485677_47 with ID (2485677.47)[0m
[97m/home/cvazquezperezdelacru/clio-core/context-runtime/src/ipc_manager.cc:2440 INFO 2485702 IncreaseClientShm IpcManager::IncreaseClientShm: Creating clio_2485677_48 with size 131215312 (97660880 + 33554432 overhead)[0m
[97m/home/cvazquezperezdelacru/clio-core/context-runtime/src/ipc_manager.cc:2485 INFO 2485702 IncreaseClientShm IpcManager::IncreaseClientShm: Created allocator clio_2485677_48 with ID (2485677.48)[0m
[97m/home/cvazquezperezdelacru/clio-core/context-runtime/src/ipc_manager.cc:2440 INFO 2485700 IncreaseClientShm IpcManager::IncreaseClientShm: Creating clio_2485677_49 with size 128261712 (94707280 + 33554432 overhead)[0m
[97m/home/cvazquezperezdelacru/clio-core/context-runtime/src/ipc_manager.cc:2485 INFO 2485700 IncreaseClientShm IpcManager::IncreaseClientShm: Created allocator clio_2485677_49 with ID (2485677.49)[0m
[97m/home/cvazquezperezdelacru/clio-core/context-runtime/src/ipc_manager.cc:2440 INFO 2485702 IncreaseClientShm IpcManager::IncreaseClientShm: Creating clio_2485677_50 with size 130895512 (97341080 + 33554432 overhead)[0m
[97m/home/cvazquezperezdelacru/clio-core/context-runtime/src/ipc_manager.cc:2485 INFO 2485702 IncreaseClientShm IpcManager::IncreaseClientShm: Created allocator clio_2485677_50 with ID (2485677.50)[0m
[97m/home/cvazquezperezdelacru/clio-core/context-runtime/src/ipc_manager.cc:2440 INFO 2485700 IncreaseClientShm IpcManager::IncreaseClientShm: Creating clio_2485677_51 with size 124845312 (91290880 + 33554432 overhead)[0m
[97m/home/cvazquezperezdelacru/clio-core/context-runtime/src/ipc_manager.cc:2485 INFO 2485700 IncreaseClientShm IpcManager::IncreaseClientShm: Created allocator clio_2485677_51 with ID (2485677.51)[0m
[97m/home/cvazquezperezdelacru/clio-core/context-runtime/src/ipc_manager.cc:2440 INFO 2485702 IncreaseClientShm IpcManager::IncreaseClientShm: Creating clio_2485677_52 with size 125548608 (91994176 + 33554432 overhead)[0m
[97m/home/cvazquezperezdelacru/clio-core/context-runtime/src/ipc_manager.cc:2485 INFO 2485702 IncreaseClientShm IpcManager::IncreaseClientShm: Created allocator clio_2485677_52 with ID (2485677.52)[0m
[97m/home/cvazquezperezdelacru/clio-core/context-runtime/src/ipc_manager.cc:2440 INFO 2485700 IncreaseClientShm IpcManager::IncreaseClientShm: Creating clio_2485677_53 with size 125789112 (92234680 + 33554432 overhead)[0m
[97m/home/cvazquezperezdelacru/clio-core/context-runtime/src/ipc_manager.cc:2485 INFO 2485700 IncreaseClientShm IpcManager::IncreaseClientShm: Created allocator clio_2485677_53 with ID (2485677.53)[0m
[97m/home/cvazquezperezdelacru/clio-core/context-runtime/src/ipc_manager.cc:2440 INFO 2485703 IncreaseClientShm IpcManager::IncreaseClientShm: Creating clio_2485677_54 with size 126062112 (92507680 + 33554432 overhead)[0m
[97m/home/cvazquezperezdelacru/clio-core/context-runtime/src/ipc_manager.cc:2485 INFO 2485703 IncreaseClientShm IpcManager::IncreaseClientShm: Created allocator clio_2485677_54 with ID (2485677.54)[0m
[97m/home/cvazquezperezdelacru/clio-core/context-runtime/src/ipc_manager.cc:2440 INFO 2485702 IncreaseClientShm IpcManager::IncreaseClientShm: Creating clio_2485677_55 with size 124251216 (90696784 + 33554432 overhead)[0m
[97m/home/cvazquezperezdelacru/clio-core/context-runtime/src/ipc_manager.cc:2485 INFO 2485702 IncreaseClientShm IpcManager::IncreaseClientShm: Created allocator clio_2485677_55 with ID (2485677.55)[0m
[97m/home/cvazquezperezdelacru/clio-core/context-runtime/src/ipc_manager.cc:2440 INFO 2485703 IncreaseClientShm IpcManager::IncreaseClientShm: Creating clio_2485677_56 with size 126489808 (92935376 + 33554432 overhead)[0m
[97m/home/cvazquezperezdelacru/clio-core/context-runtime/src/ipc_manager.cc:2485 INFO 2485703 IncreaseClientShm IpcManager::IncreaseClientShm: Created allocator clio_2485677_56 with ID (2485677.56)[0m
[97m/home/cvazquezperezdelacru/clio-core/context-runtime/src/ipc_manager.cc:2440 INFO 2485700 IncreaseClientShm IpcManager::IncreaseClientShm: Creating clio_2485677_57 with size 126489808 (92935376 + 33554432 overhead)[0m
[97m/home/cvazquezperezdelacru/clio-core/context-runtime/src/ipc_manager.cc:2485 INFO 2485700 IncreaseClientShm IpcManager::IncreaseClientShm: Created allocator clio_2485677_57 with ID (2485677.57)[0m
[33m/home/cvazquezperezdelacru/clio-core/context-runtime/src/scheduler/default_sched.cc:455 WARNING 2485707 operator() [#781] worker 1 STALLED on one task (load_us=-0.00012207 realtime_load_us=5.42992e+06 threshold_s=1)[0m
[33m/home/cvazquezperezdelacru/clio-core/context-runtime/src/worker.cc:370 WARNING 2485707 AdoptLane [#785] worker 1 adopted lane 0x7fce17efb2a8[0m
[33m/home/cvazquezperezdelacru/clio-core/context-runtime/src/work_orchestrator.cc:545 WARNING 2485707 SpawnAdditionalWorker [#785] spawned elastic worker 9 (pool now 10 workers)[0m
[33m/home/cvazquezperezdelacru/clio-core/context-runtime/src/scheduler/default_sched.cc:598 WARNING 2485707 operator() [#785] RESCUE: stalled worker 1 -> worker 9 (0 parked task(s) moved, 1 queued task(s) redistributed, rescues=22)[0m
[33m/home/cvazquezperezdelacru/clio-core/context-runtime/src/scheduler/default_sched.cc:455 WARNING 2485707 operator() [#781] worker 2 STALLED on one task (load_us=0 realtime_load_us=5.42935e+06 threshold_s=1)[0m
[33m/home/cvazquezperezdelacru/clio-core/context-runtime/src/worker.cc:370 WARNING 2485707 AdoptLane [#785] worker 2 adopted lane 0x7fce17efb368[0m
[33m/home/cvazquezperezdelacru/clio-core/context-runtime/src/work_orchestrator.cc:545 WARNING 2485707 SpawnAdditionalWorker [#785] spawned elastic worker 10 (pool now 11 workers)[0m
[33m/home/cvazquezperezdelacru/clio-core/context-runtime/src/scheduler/default_sched.cc:598 WARNING 2485707 operator() [#785] RESCUE: stalled worker 2 -> worker 10 (1 parked task(s) moved, 1 queued task(s) redistributed, rescues=23)[0m
[33m/home/cvazquezperezdelacru/clio-core/context-runtime/src/scheduler/default_sched.cc:455 WARNING 2485707 operator() [#781] worker 3 STALLED on one task (load_us=0 realtime_load_us=5.4338e+06 threshold_s=1)[0m
[33m/home/cvazquezperezdelacru/clio-core/context-runtime/src/worker.cc:370 WARNING 2485707 AdoptLane [#785] worker 3 adopted lane 0x7fce17efb428[0m
[33m/home/cvazquezperezdelacru/clio-core/context-runtime/src/work_orchestrator.cc:545 WARNING 2485707 SpawnAdditionalWorker [#785] spawned elastic worker 11 (pool now 12 workers)[0m
[33m/home/cvazquezperezdelacru/clio-core/context-runtime/src/scheduler/default_sched.cc:598 WARNING 2485707 operator() [#785] RESCUE: stalled worker 3 -> worker 11 (0 parked task(s) moved, 1 queued task(s) redistributed, rescues=24)[0m
[33m/home/cvazquezperezdelacru/clio-core/context-runtime/src/scheduler/default_sched.cc:455 WARNING 2485707 operator() [#781] worker 4 STALLED on one task (load_us=0 realtime_load_us=5.4354e+06 threshold_s=1)[0m
[33m/home/cvazquezperezdelacru/clio-core/context-runtime/src/worker.cc:370 WARNING 2485707 AdoptLane [#785] worker 4 adopted lane 0x7fce17efb4e8[0m
[33m/home/cvazquezperezdelacru/clio-core/context-runtime/src/work_orchestrator.cc:545 WARNING 2485707 SpawnAdditionalWorker [#785] spawned elastic worker 12 (pool now 13 workers)[0m
[33m/home/cvazquezperezdelacru/clio-core/context-runtime/src/scheduler/default_sched.cc:598 WARNING 2485707 operator() [#785] RESCUE: stalled worker 4 -> worker 12 (0 parked task(s) moved, 1 queued task(s) redistributed, rescues=25)[0m
[97m/mnt/common/cvazquezperezdelacru/IOWARP/faiss/contrib/iowarp/chimod/src/faiss_ivf_runtime.cc:300 INFO 2485949 Search faiss_ivf: Search nq=62 k=10 nprobe=64 unique_lists=2577[0m
[97m/mnt/common/cvazquezperezdelacru/IOWARP/faiss/contrib/iowarp/chimod/src/faiss_ivf_runtime.cc:300 INFO 2485879 Search faiss_ivf: Search nq=63 k=10 nprobe=64 unique_lists=2503[0m
[97m/mnt/common/cvazquezperezdelacru/IOWARP/faiss/contrib/iowarp/chimod/src/faiss_ivf_runtime.cc:300 INFO 2485960 Search faiss_ivf: Search nq=62 k=10 nprobe=64 unique_lists=2553[0m
[97m/mnt/common/cvazquezperezdelacru/IOWARP/faiss/contrib/iowarp/chimod/src/faiss_ivf_runtime.cc:300 INFO 2485966 Search faiss_ivf: Search nq=63 k=10 nprobe=64 unique_lists=2483[0m
[97m/home/cvazquezperezdelacru/clio-core/context-runtime/src/ipc_manager.cc:2440 INFO 2485702 IncreaseClientShm IpcManager::IncreaseClientShm: Creating clio_2485677_58 with size 125738416 (92183984 + 33554432 overhead)[0m
[97m/home/cvazquezperezdelacru/clio-core/context-runtime/src/ipc_manager.cc:2485 INFO 2485702 IncreaseClientShm IpcManager::IncreaseClientShm: Created allocator clio_2485677_58 with ID (2485677.58)[0m
[97m/home/cvazquezperezdelacru/clio-core/context-runtime/src/ipc_manager.cc:2440 INFO 2485960 IncreaseClientShm IpcManager::IncreaseClientShm: Creating clio_2485677_59 with size 127986112 (94431680 + 33554432 overhead)[0m
[97m/home/cvazquezperezdelacru/clio-core/context-runtime/src/ipc_manager.cc:2485 INFO 2485960 IncreaseClientShm IpcManager::IncreaseClientShm: Created allocator clio_2485677_59 with ID (2485677.59)[0m
[97m/home/cvazquezperezdelacru/clio-core/context-runtime/src/ipc_manager.cc:2440 INFO 2485966 IncreaseClientShm IpcManager::IncreaseClientShm: Creating clio_2485677_60 with size 127986112 (94431680 + 33554432 overhead)[0m
[97m/home/cvazquezperezdelacru/clio-core/context-runtime/src/ipc_manager.cc:2485 INFO 2485966 IncreaseClientShm IpcManager::IncreaseClientShm: Created allocator clio_2485677_60 with ID (2485677.60)[0m
[97m/home/cvazquezperezdelacru/clio-core/context-runtime/src/ipc_manager.cc:2440 INFO 2485960 IncreaseClientShm IpcManager::IncreaseClientShm: Creating clio_2485677_61 with size 131004712 (97450280 + 33554432 overhead)[0m
[97m/home/cvazquezperezdelacru/clio-core/context-runtime/src/ipc_manager.cc:2485 INFO 2485960 IncreaseClientShm IpcManager::IncreaseClientShm: Created allocator clio_2485677_61 with ID (2485677.61)[0m
[97m/home/cvazquezperezdelacru/clio-core/context-runtime/src/ipc_manager.cc:2440 INFO 2485703 IncreaseClientShm IpcManager::IncreaseClientShm: Creating clio_2485677_62 with size 129651408 (96096976 + 33554432 overhead)[0m
[97m/home/cvazquezperezdelacru/clio-core/context-runtime/src/ipc_manager.cc:2485 INFO 2485703 IncreaseClientShm IpcManager::IncreaseClientShm: Created allocator clio_2485677_62 with ID (2485677.62)[0m
[97m/home/cvazquezperezdelacru/clio-core/context-runtime/src/ipc_manager.cc:2440 INFO 2485949 IncreaseClientShm IpcManager::IncreaseClientShm: Creating clio_2485677_63 with size 131103512 (97549080 + 33554432 overhead)[0m
[97m/home/cvazquezperezdelacru/clio-core/context-runtime/src/ipc_manager.cc:2485 INFO 2485949 IncreaseClientShm IpcManager::IncreaseClientShm: Created allocator clio_2485677_63 with ID (2485677.63)[0m
[97m/home/cvazquezperezdelacru/clio-core/context-runtime/src/ipc_manager.cc:2440 INFO 2485960 IncreaseClientShm IpcManager::IncreaseClientShm: Creating clio_2485677_64 with size 131103512 (97549080 + 33554432 overhead)[0m
[97m/home/cvazquezperezdelacru/clio-core/context-runtime/src/ipc_manager.cc:2485 INFO 2485960 IncreaseClientShm IpcManager::IncreaseClientShm: Created allocator clio_2485677_64 with ID (2485677.64)[0m
[97m/home/cvazquezperezdelacru/clio-core/context-runtime/src/ipc_manager.cc:2440 INFO 2485960 IncreaseClientShm IpcManager::IncreaseClientShm: Creating clio_2485677_65 with size 125695512 (92141080 + 33554432 overhead)[0m
[97m/home/cvazquezperezdelacru/clio-core/context-runtime/src/ipc_manager.cc:2485 INFO 2485960 IncreaseClientShm IpcManager::IncreaseClientShm: Created allocator clio_2485677_65 with ID (2485677.65)[0m
[97m/home/cvazquezperezdelacru/clio-core/context-runtime/src/ipc_manager.cc:2440 INFO 2485966 IncreaseClientShm IpcManager::IncreaseClientShm: Creating clio_2485677_66 with size 129862016 (96307584 + 33554432 overhead)[0m
[97m/home/cvazquezperezdelacru/clio-core/context-runtime/src/ipc_manager.cc:2485 INFO 2485966 IncreaseClientShm IpcManager::IncreaseClientShm: Created allocator clio_2485677_66 with ID (2485677.66)[0m
[97m/home/cvazquezperezdelacru/clio-core/context-runtime/src/ipc_manager.cc:2440 INFO 2485960 IncreaseClientShm IpcManager::IncreaseClientShm: Creating clio_2485677_67 with size 126596416 (93041984 + 33554432 overhead)[0m
[97m/home/cvazquezperezdelacru/clio-core/context-runtime/src/ipc_manager.cc:2485 INFO 2485960 IncreaseClientShm IpcManager::IncreaseClientShm: Created allocator clio_2485677_67 with ID (2485677.67)[0m
[97m/home/cvazquezperezdelacru/clio-core/context-runtime/src/ipc_manager.cc:2440 INFO 2485703 IncreaseClientShm IpcManager::IncreaseClientShm: Creating clio_2485677_68 with size 127550608 (93996176 + 33554432 overhead)[0m
[97m/home/cvazquezperezdelacru/clio-core/context-runtime/src/ipc_manager.cc:2485 INFO 2485703 IncreaseClientShm IpcManager::IncreaseClientShm: Created allocator clio_2485677_68 with ID (2485677.68)[0m
[33m/home/cvazquezperezdelacru/clio-core/context-runtime/src/scheduler/default_sched.cc:455 WARNING 2485707 operator() [#781] worker 1 STALLED on one task (load_us=-0.00012207 realtime_load_us=3.80798e+06 threshold_s=1)[0m
[33m/home/cvazquezperezdelacru/clio-core/context-runtime/src/worker.cc:370 WARNING 2485707 AdoptLane [#785] worker 1 adopted lane 0x7fce17efb2a8[0m
[33m/home/cvazquezperezdelacru/clio-core/context-runtime/src/scheduler/default_sched.cc:598 WARNING 2485707 operator() [#785] RESCUE: stalled worker 1 -> worker 12 (0 parked task(s) moved, 0 queued task(s) redistributed, rescues=26)[0m
[33m/home/cvazquezperezdelacru/clio-core/context-runtime/src/scheduler/default_sched.cc:455 WARNING 2485707 operator() [#781] worker 2 STALLED on one task (load_us=0 realtime_load_us=3.80742e+06 threshold_s=1)[0m
[33m/home/cvazquezperezdelacru/clio-core/context-runtime/src/worker.cc:370 WARNING 2485707 AdoptLane [#785] worker 2 adopted lane 0x7fce17efb368[0m
[33m/home/cvazquezperezdelacru/clio-core/context-runtime/src/scheduler/default_sched.cc:598 WARNING 2485707 operator() [#785] RESCUE: stalled worker 2 -> worker 12 (0 parked task(s) moved, 0 queued task(s) redistributed, rescues=27)[0m
[33m/home/cvazquezperezdelacru/clio-core/context-runtime/src/scheduler/default_sched.cc:455 WARNING 2485707 operator() [#781] worker 3 STALLED on one task (load_us=0 realtime_load_us=3.81186e+06 threshold_s=1)[0m
[33m/home/cvazquezperezdelacru/clio-core/context-runtime/src/worker.cc:370 WARNING 2485707 AdoptLane [#785] worker 3 adopted lane 0x7fce17efb428[0m
[33m/home/cvazquezperezdelacru/clio-core/context-runtime/src/scheduler/default_sched.cc:598 WARNING 2485707 operator() [#785] RESCUE: stalled worker 3 -> worker 12 (0 parked task(s) moved, 0 queued task(s) redistributed, rescues=28)[0m
[33m/home/cvazquezperezdelacru/clio-core/context-runtime/src/scheduler/default_sched.cc:455 WARNING 2485707 operator() [#781] worker 4 STALLED on one task (load_us=0 realtime_load_us=3.81347e+06 threshold_s=1)[0m
[33m/home/cvazquezperezdelacru/clio-core/context-runtime/src/worker.cc:370 WARNING 2485707 AdoptLane [#785] worker 4 adopted lane 0x7fce17efb4e8[0m
[33m/home/cvazquezperezdelacru/clio-core/context-runtime/src/scheduler/default_sched.cc:598 WARNING 2485707 operator() [#785] RESCUE: stalled worker 4 -> worker 12 (0 parked task(s) moved, 0 queued task(s) redistributed, rescues=29)[0m
[97m/home/cvazquezperezdelacru/clio-core/context-runtime/src/ipc_manager.cc:2440 INFO 2485949 IncreaseClientShm IpcManager::IncreaseClientShm: Creating clio_2485677_69 with size 130895512 (97341080 + 33554432 overhead)[0m
[97m/home/cvazquezperezdelacru/clio-core/context-runtime/src/ipc_manager.cc:2485 INFO 2485949 IncreaseClientShm IpcManager::IncreaseClientShm: Created allocator clio_2485677_69 with ID (2485677.69)[0m
[97m/home/cvazquezperezdelacru/clio-core/context-runtime/src/ipc_manager.cc:2440 INFO 2485966 IncreaseClientShm IpcManager::IncreaseClientShm: Creating clio_2485677_70 with size 130895512 (97341080 + 33554432 overhead)[0m
[97m/home/cvazquezperezdelacru/clio-core/context-runtime/src/ipc_manager.cc:2485 INFO 2485966 IncreaseClientShm IpcManager::IncreaseClientShm: Created allocator clio_2485677_70 with ID (2485677.70)[0m
[97m/home/cvazquezperezdelacru/clio-core/context-runtime/src/ipc_manager.cc:2440 INFO 2485702 IncreaseClientShm IpcManager::IncreaseClientShm: Creating clio_2485677_71 with size 127555808 (94001376 + 33554432 overhead)[0m
[97m/home/cvazquezperezdelacru/clio-core/context-runtime/src/ipc_manager.cc:2485 INFO 2485702 IncreaseClientShm IpcManager::IncreaseClientShm: Created allocator clio_2485677_71 with ID (2485677.71)[0m
[97m/home/cvazquezperezdelacru/clio-core/context-runtime/src/ipc_manager.cc:2440 INFO 2485966 IncreaseClientShm IpcManager::IncreaseClientShm: Creating clio_2485677_72 with size 124845312 (91290880 + 33554432 overhead)[0m
[97m/home/cvazquezperezdelacru/clio-core/context-runtime/src/ipc_manager.cc:2485 INFO 2485966 IncreaseClientShm IpcManager::IncreaseClientShm: Created allocator clio_2485677_72 with ID (2485677.72)[0m
[97m/home/cvazquezperezdelacru/clio-core/context-runtime/src/ipc_manager.cc:2440 INFO 2485701 IncreaseClientShm IpcManager::IncreaseClientShm: Creating clio_2485677_73 with size 129370608 (95816176 + 33554432 overhead)[0m
[97m/home/cvazquezperezdelacru/clio-core/context-runtime/src/ipc_manager.cc:2485 INFO 2485701 IncreaseClientShm IpcManager::IncreaseClientShm: Created allocator clio_2485677_73 with ID (2485677.73)[0m
[97m/home/cvazquezperezdelacru/clio-core/context-runtime/src/ipc_manager.cc:2440 INFO 2485949 IncreaseClientShm IpcManager::IncreaseClientShm: Creating clio_2485677_74 with size 125789112 (92234680 + 33554432 overhead)[0m
[97m/home/cvazquezperezdelacru/clio-core/context-runtime/src/ipc_manager.cc:2485 INFO 2485949 IncreaseClientShm IpcManager::IncreaseClientShm: Created allocator clio_2485677_74 with ID (2485677.74)[0m
[97m/home/cvazquezperezdelacru/clio-core/context-runtime/src/ipc_manager.cc:2440 INFO 2485879 IncreaseClientShm IpcManager::IncreaseClientShm: Creating clio_2485677_75 with size 125789112 (92234680 + 33554432 overhead)[0m
[97m/home/cvazquezperezdelacru/clio-core/context-runtime/src/ipc_manager.cc:2485 INFO 2485879 IncreaseClientShm IpcManager::IncreaseClientShm: Created allocator clio_2485677_75 with ID (2485677.75)[0m
[33m/home/cvazquezperezdelacru/clio-core/context-runtime/src/scheduler/default_sched.cc:455 WARNING 2485707 operator() [#781] worker 1 STALLED on one task (load_us=-0.00012207 realtime_load_us=4.3102e+06 threshold_s=1)[0m
[33m/home/cvazquezperezdelacru/clio-core/context-runtime/src/worker.cc:370 WARNING 2485707 AdoptLane [#785] worker 1 adopted lane 0x7fce17efb2a8[0m
[33m/home/cvazquezperezdelacru/clio-core/context-runtime/src/scheduler/default_sched.cc:598 WARNING 2485707 operator() [#785] RESCUE: stalled worker 1 -> worker 12 (0 parked task(s) moved, 0 queued task(s) redistributed, rescues=30)[0m
[33m/home/cvazquezperezdelacru/clio-core/context-runtime/src/scheduler/default_sched.cc:455 WARNING 2485707 operator() [#781] worker 2 STALLED on one task (load_us=0 realtime_load_us=4.30963e+06 threshold_s=1)[0m
[33m/home/cvazquezperezdelacru/clio-core/context-runtime/src/worker.cc:370 WARNING 2485707 AdoptLane [#785] worker 2 adopted lane 0x7fce17efb368[0m
[33m/home/cvazquezperezdelacru/clio-core/context-runtime/src/scheduler/default_sched.cc:598 WARNING 2485707 operator() [#785] RESCUE: stalled worker 2 -> worker 12 (0 parked task(s) moved, 0 queued task(s) redistributed, rescues=31)[0m
[33m/home/cvazquezperezdelacru/clio-core/context-runtime/src/scheduler/default_sched.cc:455 WARNING 2485707 operator() [#781] worker 3 STALLED on one task (load_us=0 realtime_load_us=4.31408e+06 threshold_s=1)[0m
[33m/home/cvazquezperezdelacru/clio-core/context-runtime/src/worker.cc:370 WARNING 2485707 AdoptLane [#785] worker 3 adopted lane 0x7fce17efb428[0m
[33m/home/cvazquezperezdelacru/clio-core/context-runtime/src/scheduler/default_sched.cc:598 WARNING 2485707 operator() [#785] RESCUE: stalled worker 3 -> worker 12 (0 parked task(s) moved, 0 queued task(s) redistributed, rescues=32)[0m
[33m/home/cvazquezperezdelacru/clio-core/context-runtime/src/scheduler/default_sched.cc:455 WARNING 2485707 operator() [#781] worker 4 STALLED on one task (load_us=0 realtime_load_us=4.31569e+06 threshold_s=1)[0m
[33m/home/cvazquezperezdelacru/clio-core/context-runtime/src/worker.cc:370 WARNING 2485707 AdoptLane [#785] worker 4 adopted lane 0x7fce17efb4e8[0m
[33m/home/cvazquezperezdelacru/clio-core/context-runtime/src/scheduler/default_sched.cc:598 WARNING 2485707 operator() [#785] RESCUE: stalled worker 4 -> worker 12 (0 parked task(s) moved, 0 queued task(s) redistributed, rescues=33)[0m
[33m/home/cvazquezperezdelacru/clio-core/context-runtime/src/scheduler/default_sched.cc:455 WARNING 2485707 operator() [#781] worker 8 STALLED on one task (load_us=0 realtime_load_us=3.14724e+06 threshold_s=1)[0m
[33m/home/cvazquezperezdelacru/clio-core/context-runtime/src/worker.cc:370 WARNING 2485707 AdoptLane [#785] worker 8 adopted lane 0x7fce17efb7e8[0m
[33m/home/cvazquezperezdelacru/clio-core/context-runtime/src/scheduler/default_sched.cc:598 WARNING 2485707 operator() [#785] RESCUE: stalled worker 8 -> worker 12 (4 parked task(s) moved, 0 queued task(s) redistributed, rescues=34)[0m
[33m/home/cvazquezperezdelacru/clio-core/context-runtime/src/scheduler/default_sched.cc:455 WARNING 2485707 operator() [#781] worker 9 STALLED on one task (load_us=0 realtime_load_us=3.14576e+06 threshold_s=1)[0m
[33m/home/cvazquezperezdelacru/clio-core/context-runtime/src/worker.cc:370 WARNING 2485707 AdoptLane [#785] worker 9 adopted lane 0x7fce17efb8a8[0m
[33m/home/cvazquezperezdelacru/clio-core/context-runtime/src/scheduler/default_sched.cc:598 WARNING 2485707 operator() [#785] RESCUE: stalled worker 9 -> worker 12 (0 parked task(s) moved, 0 queued task(s) redistributed, rescues=35)[0m
[33m/home/cvazquezperezdelacru/clio-core/context-runtime/src/scheduler/default_sched.cc:455 WARNING 2485707 operator() [#781] worker 10 STALLED on one task (load_us=0 realtime_load_us=3.14403e+06 threshold_s=1)[0m
[33m/home/cvazquezperezdelacru/clio-core/context-runtime/src/worker.cc:370 WARNING 2485707 AdoptLane [#785] worker 10 adopted lane 0x7fce17efb968[0m
[33m/home/cvazquezperezdelacru/clio-core/context-runtime/src/scheduler/default_sched.cc:598 WARNING 2485707 operator() [#785] RESCUE: stalled worker 10 -> worker 12 (1 parked task(s) moved, 0 queued task(s) redistributed, rescues=36)[0m
[33m/home/cvazquezperezdelacru/clio-core/context-runtime/src/scheduler/default_sched.cc:455 WARNING 2485707 operator() [#781] worker 11 STALLED on one task (load_us=0 realtime_load_us=3.13931e+06 threshold_s=1)[0m
[33m/home/cvazquezperezdelacru/clio-core/context-runtime/src/worker.cc:370 WARNING 2485707 AdoptLane [#785] worker 11 adopted lane 0x7fce17efba28[0m
[33m/home/cvazquezperezdelacru/clio-core/context-runtime/src/scheduler/default_sched.cc:598 WARNING 2485707 operator() [#785] RESCUE: stalled worker 11 -> worker 12 (0 parked task(s) moved, 0 queued task(s) redistributed, rescues=37)[0m
[33m/home/cvazquezperezdelacru/clio-core/context-runtime/src/scheduler/default_sched.cc:785 WARNING 2485707 LoadBalance [#781] ALL 5 compute workers stalled — runtime cannot place new tasks; elastic SpawnAdditionalWorker() needed (follow-up)[0m
[97m/home/cvazquezperezdelacru/clio-core/context-runtime/src/ipc_manager.cc:2440 INFO 2485966 IncreaseClientShm IpcManager::IncreaseClientShm: Creating clio_2485677_76 with size 126062112 (92507680 + 33554432 overhead)[0m
[97m/home/cvazquezperezdelacru/clio-core/context-runtime/src/ipc_manager.cc:2485 INFO 2485966 IncreaseClientShm IpcManager::IncreaseClientShm: Created allocator clio_2485677_76 with ID (2485677.76)[0m
[97m/home/cvazquezperezdelacru/clio-core/context-runtime/src/ipc_manager.cc:2440 INFO 2485949 IncreaseClientShm IpcManager::IncreaseClientShm: Creating clio_2485677_77 with size 124181008 (90626576 + 33554432 overhead)[0m
[97m/home/cvazquezperezdelacru/clio-core/context-runtime/src/ipc_manager.cc:2485 INFO 2485949 IncreaseClientShm IpcManager::IncreaseClientShm: Created allocator clio_2485677_77 with ID (2485677.77)[0m
[97m/home/cvazquezperezdelacru/clio-core/context-runtime/src/ipc_manager.cc:2440 INFO 2485700 IncreaseClientShm IpcManager::IncreaseClientShm: Creating clio_2485677_78 with size 132242312 (98687880 + 33554432 overhead)[0m
[97m/home/cvazquezperezdelacru/clio-core/context-runtime/src/ipc_manager.cc:2485 INFO 2485700 IncreaseClientShm IpcManager::IncreaseClientShm: Created allocator clio_2485677_78 with ID (2485677.78)[0m
[97m/home/cvazquezperezdelacru/clio-core/context-runtime/src/ipc_manager.cc:2440 INFO 2485703 IncreaseClientShm IpcManager::IncreaseClientShm: Creating clio_2485677_79 with size 125013008 (91458576 + 33554432 overhead)[0m
[97m/home/cvazquezperezdelacru/clio-core/context-runtime/src/ipc_manager.cc:2485 INFO 2485703 IncreaseClientShm IpcManager::IncreaseClientShm: Created allocator clio_2485677_79 with ID (2485677.79)[0m
[97m/home/cvazquezperezdelacru/clio-core/context-runtime/src/ipc_manager.cc:2440 INFO 2485949 IncreaseClientShm IpcManager::IncreaseClientShm: Creating clio_2485677_80 with size 127490816 (93936384 + 33554432 overhead)[0m
[97m/home/cvazquezperezdelacru/clio-core/context-runtime/src/ipc_manager.cc:2485 INFO 2485949 IncreaseClientShm IpcManager::IncreaseClientShm: Created allocator clio_2485677_80 with ID (2485677.80)[0m
[97m/home/cvazquezperezdelacru/clio-core/context-runtime/src/ipc_manager.cc:2440 INFO 2485960 IncreaseClientShm IpcManager::IncreaseClientShm: Creating clio_2485677_81 with size 124490416 (90935984 + 33554432 overhead)[0m
[97m/home/cvazquezperezdelacru/clio-core/context-runtime/src/ipc_manager.cc:2485 INFO 2485960 IncreaseClientShm IpcManager::IncreaseClientShm: Created allocator clio_2485677_81 with ID (2485677.81)[0m
[97m/home/cvazquezperezdelacru/clio-core/context-runtime/src/ipc_manager.cc:2440 INFO 2485966 IncreaseClientShm IpcManager::IncreaseClientShm: Creating clio_2485677_82 with size 126489808 (92935376 + 33554432 overhead)[0m
[97m/home/cvazquezperezdelacru/clio-core/context-runtime/src/ipc_manager.cc:2485 INFO 2485966 IncreaseClientShm IpcManager::IncreaseClientShm: Created allocator clio_2485677_82 with ID (2485677.82)[0m
[97m/home/cvazquezperezdelacru/clio-core/context-runtime/src/ipc_manager.cc:2440 INFO 2485701 IncreaseClientShm IpcManager::IncreaseClientShm: Creating clio_2485677_83 with size 127186608 (93632176 + 33554432 overhead)[0m
[97m/home/cvazquezperezdelacru/clio-core/context-runtime/src/ipc_manager.cc:2485 INFO 2485701 IncreaseClientShm IpcManager::IncreaseClientShm: Created allocator clio_2485677_83 with ID (2485677.83)[0m
[33m/home/cvazquezperezdelacru/clio-core/context-runtime/src/scheduler/default_sched.cc:455 WARNING 2485707 operator() [#781] worker 1 STALLED on one task (load_us=-0.00012207 realtime_load_us=4.81405e+06 threshold_s=1)[0m
[33m/home/cvazquezperezdelacru/clio-core/context-runtime/src/worker.cc:370 WARNING 2485707 AdoptLane [#785] worker 1 adopted lane 0x7fce17efb2a8[0m
[33m/home/cvazquezperezdelacru/clio-core/context-runtime/src/scheduler/default_sched.cc:598 WARNING 2485707 operator() [#785] RESCUE: stalled worker 1 -> worker 12 (0 parked task(s) moved, 0 queued task(s) redistributed, rescues=38)[0m
[33m/home/cvazquezperezdelacru/clio-core/context-runtime/src/scheduler/default_sched.cc:455 WARNING 2485707 operator() [#781] worker 2 STALLED on one task (load_us=0 realtime_load_us=4.81348e+06 threshold_s=1)[0m
[33m/home/cvazquezperezdelacru/clio-core/context-runtime/src/worker.cc:370 WARNING 2485707 AdoptLane [#785] worker 2 adopted lane 0x7fce17efb368[0m
[33m/home/cvazquezperezdelacru/clio-core/context-runtime/src/scheduler/default_sched.cc:598 WARNING 2485707 operator() [#785] RESCUE: stalled worker 2 -> worker 12 (0 parked task(s) moved, 0 queued task(s) redistributed, rescues=39)[0m
[33m/home/cvazquezperezdelacru/clio-core/context-runtime/src/scheduler/default_sched.cc:455 WARNING 2485707 operator() [#781] worker 3 STALLED on one task (load_us=0 realtime_load_us=4.81793e+06 threshold_s=1)[0m
[33m/home/cvazquezperezdelacru/clio-core/context-runtime/src/worker.cc:370 WARNING 2485707 AdoptLane [#785] worker 3 adopted lane 0x7fce17efb428[0m
[33m/home/cvazquezperezdelacru/clio-core/context-runtime/src/scheduler/default_sched.cc:598 WARNING 2485707 operator() [#785] RESCUE: stalled worker 3 -> worker 12 (0 parked task(s) moved, 0 queued task(s) redistributed, rescues=40)[0m
[33m/home/cvazquezperezdelacru/clio-core/context-runtime/src/scheduler/default_sched.cc:455 WARNING 2485707 operator() [#781] worker 4 STALLED on one task (load_us=0 realtime_load_us=4.81954e+06 threshold_s=1)[0m
[33m/home/cvazquezperezdelacru/clio-core/context-runtime/src/worker.cc:370 WARNING 2485707 AdoptLane [#785] worker 4 adopted lane 0x7fce17efb4e8[0m
[33m/home/cvazquezperezdelacru/clio-core/context-runtime/src/scheduler/default_sched.cc:598 WARNING 2485707 operator() [#785] RESCUE: stalled worker 4 -> worker 12 (0 parked task(s) moved, 0 queued task(s) redistributed, rescues=41)[0m
[33m/home/cvazquezperezdelacru/clio-core/context-runtime/src/scheduler/default_sched.cc:455 WARNING 2485707 operator() [#781] worker 8 STALLED on one task (load_us=0 realtime_load_us=3.65109e+06 threshold_s=1)[0m
[33m/home/cvazquezperezdelacru/clio-core/context-runtime/src/worker.cc:370 WARNING 2485707 AdoptLane [#785] worker 8 adopted lane 0x7fce17efb7e8[0m
[33m/home/cvazquezperezdelacru/clio-core/context-runtime/src/scheduler/default_sched.cc:598 WARNING 2485707 operator() [#785] RESCUE: stalled worker 8 -> worker 12 (0 parked task(s) moved, 0 queued task(s) redistributed, rescues=42)[0m
[33m/home/cvazquezperezdelacru/clio-core/context-runtime/src/scheduler/default_sched.cc:455 WARNING 2485707 operator() [#781] worker 9 STALLED on one task (load_us=0 realtime_load_us=3.64961e+06 threshold_s=1)[0m
[33m/home/cvazquezperezdelacru/clio-core/context-runtime/src/worker.cc:370 WARNING 2485707 AdoptLane [#785] worker 9 adopted lane 0x7fce17efb8a8[0m
[33m/home/cvazquezperezdelacru/clio-core/context-runtime/src/scheduler/default_sched.cc:598 WARNING 2485707 operator() [#785] RESCUE: stalled worker 9 -> worker 12 (0 parked task(s) moved, 0 queued task(s) redistributed, rescues=43)[0m
[33m/home/cvazquezperezdelacru/clio-core/context-runtime/src/scheduler/default_sched.cc:455 WARNING 2485707 operator() [#781] worker 10 STALLED on one task (load_us=0 realtime_load_us=3.64788e+06 threshold_s=1)[0m
[33m/home/cvazquezperezdelacru/clio-core/context-runtime/src/worker.cc:370 WARNING 2485707 AdoptLane [#785] worker 10 adopted lane 0x7fce17efb968[0m
[33m/home/cvazquezperezdelacru/clio-core/context-runtime/src/scheduler/default_sched.cc:598 WARNING 2485707 operator() [#785] RESCUE: stalled worker 10 -> worker 12 (0 parked task(s) moved, 0 queued task(s) redistributed, rescues=44)[0m
[33m/home/cvazquezperezdelacru/clio-core/context-runtime/src/scheduler/default_sched.cc:455 WARNING 2485707 operator() [#781] worker 11 STALLED on one task (load_us=0 realtime_load_us=3.64316e+06 threshold_s=1)[0m
[33m/home/cvazquezperezdelacru/clio-core/context-runtime/src/worker.cc:370 WARNING 2485707 AdoptLane [#785] worker 11 adopted lane 0x7fce17efba28[0m
[33m/home/cvazquezperezdelacru/clio-core/context-runtime/src/scheduler/default_sched.cc:598 WARNING 2485707 operator() [#785] RESCUE: stalled worker 11 -> worker 12 (0 parked task(s) moved, 0 queued task(s) redistributed, rescues=45)[0m
[33m/home/cvazquezperezdelacru/clio-core/context-runtime/src/scheduler/default_sched.cc:785 WARNING 2485707 LoadBalance [#781] ALL 5 compute workers stalled — runtime cannot place new tasks; elastic SpawnAdditionalWorker() needed (follow-up)[0m
[97m/home/cvazquezperezdelacru/clio-core/context-runtime/src/ipc_manager.cc:2440 INFO 2485703 IncreaseClientShm IpcManager::IncreaseClientShm: Creating clio_2485677_84 with size 126495008 (92940576 + 33554432 overhead)[0m
[97m/home/cvazquezperezdelacru/clio-core/context-runtime/src/ipc_manager.cc:2485 INFO 2485703 IncreaseClientShm IpcManager::IncreaseClientShm: Created allocator clio_2485677_84 with ID (2485677.84)[0m
[97m/home/cvazquezperezdelacru/clio-core/context-runtime/src/ipc_manager.cc:2440 INFO 2485701 IncreaseClientShm IpcManager::IncreaseClientShm: Creating clio_2485677_85 with size 129096312 (95541880 + 33554432 overhead)[0m
[97m/home/cvazquezperezdelacru/clio-core/context-runtime/src/ipc_manager.cc:2485 INFO 2485701 IncreaseClientShm IpcManager::IncreaseClientShm: Created allocator clio_2485677_85 with ID (2485677.85)[0m
[97m/home/cvazquezperezdelacru/clio-core/context-runtime/src/ipc_manager.cc:2440 INFO 2485701 IncreaseClientShm IpcManager::IncreaseClientShm: Creating clio_2485677_86 with size 132545216 (98990784 + 33554432 overhead)[0m
[97m/home/cvazquezperezdelacru/clio-core/context-runtime/src/ipc_manager.cc:2485 INFO 2485701 IncreaseClientShm IpcManager::IncreaseClientShm: Created allocator clio_2485677_86 with ID (2485677.86)[0m
[97m/home/cvazquezperezdelacru/clio-core/context-runtime/src/ipc_manager.cc:2440 INFO 2485701 IncreaseClientShm IpcManager::IncreaseClientShm: Creating clio_2485677_87 with size 124517712 (90963280 + 33554432 overhead)[0m
[97m/home/cvazquezperezdelacru/clio-core/context-runtime/src/ipc_manager.cc:2485 INFO 2485701 IncreaseClientShm IpcManager::IncreaseClientShm: Created allocator clio_2485677_87 with ID (2485677.87)[0m
[97m/home/cvazquezperezdelacru/clio-core/context-runtime/src/ipc_manager.cc:2440 INFO 2485949 IncreaseClientShm IpcManager::IncreaseClientShm: Creating clio_2485677_88 with size 124802416 (91247984 + 33554432 overhead)[0m
[97m/home/cvazquezperezdelacru/clio-core/context-runtime/src/ipc_manager.cc:2485 INFO 2485949 IncreaseClientShm IpcManager::IncreaseClientShm: Created allocator clio_2485677_88 with ID (2485677.88)[0m
[97m/home/cvazquezperezdelacru/clio-core/context-runtime/src/ipc_manager.cc:2440 INFO 2485966 IncreaseClientShm IpcManager::IncreaseClientShm: Creating clio_2485677_89 with size 128027712 (94473280 + 33554432 overhead)[0m
[97m/home/cvazquezperezdelacru/clio-core/context-runtime/src/ipc_manager.cc:2485 INFO 2485966 IncreaseClientShm IpcManager::IncreaseClientShm: Created allocator clio_2485677_89 with ID (2485677.89)[0m
[97m/home/cvazquezperezdelacru/clio-core/context-runtime/src/ipc_manager.cc:2440 INFO 2485949 IncreaseClientShm IpcManager::IncreaseClientShm: Creating clio_2485677_90 with size 130842208 (97287776 + 33554432 overhead)[0m
[97m/home/cvazquezperezdelacru/clio-core/context-runtime/src/ipc_manager.cc:2485 INFO 2485949 IncreaseClientShm IpcManager::IncreaseClientShm: Created allocator clio_2485677_90 with ID (2485677.90)[0m
[97m/home/cvazquezperezdelacru/clio-core/context-runtime/src/ipc_manager.cc:2440 INFO 2485703 IncreaseClientShm IpcManager::IncreaseClientShm: Creating clio_2485677_91 with size 126385808 (92831376 + 33554432 overhead)[0m
[97m/home/cvazquezperezdelacru/clio-core/context-runtime/src/ipc_manager.cc:2485 INFO 2485703 IncreaseClientShm IpcManager::IncreaseClientShm: Created allocator clio_2485677_91 with ID (2485677.91)[0m
[33m/home/cvazquezperezdelacru/clio-core/context-runtime/src/scheduler/default_sched.cc:455 WARNING 2485707 operator() [#781] worker 1 STALLED on one task (load_us=-0.00012207 realtime_load_us=5.31801e+06 threshold_s=1)[0m
[33m/home/cvazquezperezdelacru/clio-core/context-runtime/src/worker.cc:370 WARNING 2485707 AdoptLane [#785] worker 1 adopted lane 0x7fce17efb2a8[0m
[33m/home/cvazquezperezdelacru/clio-core/context-runtime/src/scheduler/default_sched.cc:598 WARNING 2485707 operator() [#785] RESCUE: stalled worker 1 -> worker 12 (0 parked task(s) moved, 0 queued task(s) redistributed, rescues=46)[0m
[33m/home/cvazquezperezdelacru/clio-core/context-runtime/src/scheduler/default_sched.cc:455 WARNING 2485707 operator() [#781] worker 2 STALLED on one task (load_us=0 realtime_load_us=5.31745e+06 threshold_s=1)[0m
[33m/home/cvazquezperezdelacru/clio-core/context-runtime/src/worker.cc:370 WARNING 2485707 AdoptLane [#785] worker 2 adopted lane 0x7fce17efb368[0m
[33m/home/cvazquezperezdelacru/clio-core/context-runtime/src/scheduler/default_sched.cc:598 WARNING 2485707 operator() [#785] RESCUE: stalled worker 2 -> worker 12 (0 parked task(s) moved, 0 queued task(s) redistributed, rescues=47)[0m
[33m/home/cvazquezperezdelacru/clio-core/context-runtime/src/scheduler/default_sched.cc:455 WARNING 2485707 operator() [#781] worker 3 STALLED on one task (load_us=0 realtime_load_us=5.32189e+06 threshold_s=1)[0m
[33m/home/cvazquezperezdelacru/clio-core/context-runtime/src/worker.cc:370 WARNING 2485707 AdoptLane [#785] worker 3 adopted lane 0x7fce17efb428[0m
[33m/home/cvazquezperezdelacru/clio-core/context-runtime/src/scheduler/default_sched.cc:598 WARNING 2485707 operator() [#785] RESCUE: stalled worker 3 -> worker 12 (0 parked task(s) moved, 0 queued task(s) redistributed, rescues=48)[0m
[33m/home/cvazquezperezdelacru/clio-core/context-runtime/src/scheduler/default_sched.cc:455 WARNING 2485707 operator() [#781] worker 4 STALLED on one task (load_us=0 realtime_load_us=5.3235e+06 threshold_s=1)[0m
[33m/home/cvazquezperezdelacru/clio-core/context-runtime/src/worker.cc:370 WARNING 2485707 AdoptLane [#785] worker 4 adopted lane 0x7fce17efb4e8[0m
[33m/home/cvazquezperezdelacru/clio-core/context-runtime/src/scheduler/default_sched.cc:598 WARNING 2485707 operator() [#785] RESCUE: stalled worker 4 -> worker 12 (0 parked task(s) moved, 0 queued task(s) redistributed, rescues=49)[0m
[33m/home/cvazquezperezdelacru/clio-core/context-runtime/src/scheduler/default_sched.cc:455 WARNING 2485707 operator() [#781] worker 8 STALLED on one task (load_us=0 realtime_load_us=4.15506e+06 threshold_s=1)[0m
[33m/home/cvazquezperezdelacru/clio-core/context-runtime/src/worker.cc:370 WARNING 2485707 AdoptLane [#785] worker 8 adopted lane 0x7fce17efb7e8[0m
[33m/home/cvazquezperezdelacru/clio-core/context-runtime/src/scheduler/default_sched.cc:598 WARNING 2485707 operator() [#785] RESCUE: stalled worker 8 -> worker 12 (0 parked task(s) moved, 0 queued task(s) redistributed, rescues=50)[0m
[33m/home/cvazquezperezdelacru/clio-core/context-runtime/src/scheduler/default_sched.cc:455 WARNING 2485707 operator() [#781] worker 9 STALLED on one task (load_us=0 realtime_load_us=4.15358e+06 threshold_s=1)[0m
[33m/home/cvazquezperezdelacru/clio-core/context-runtime/src/worker.cc:370 WARNING 2485707 AdoptLane [#785] worker 9 adopted lane 0x7fce17efb8a8[0m
[33m/home/cvazquezperezdelacru/clio-core/context-runtime/src/scheduler/default_sched.cc:598 WARNING 2485707 operator() [#785] RESCUE: stalled worker 9 -> worker 12 (0 parked task(s) moved, 0 queued task(s) redistributed, rescues=51)[0m
[33m/home/cvazquezperezdelacru/clio-core/context-runtime/src/scheduler/default_sched.cc:455 WARNING 2485707 operator() [#781] worker 10 STALLED on one task (load_us=0 realtime_load_us=4.15185e+06 threshold_s=1)[0m
[33m/home/cvazquezperezdelacru/clio-core/context-runtime/src/worker.cc:370 WARNING 2485707 AdoptLane [#785] worker 10 adopted lane 0x7fce17efb968[0m
[33m/home/cvazquezperezdelacru/clio-core/context-runtime/src/scheduler/default_sched.cc:598 WARNING 2485707 operator() [#785] RESCUE: stalled worker 10 -> worker 12 (0 parked task(s) moved, 0 queued task(s) redistributed, rescues=52)[0m
[33m/home/cvazquezperezdelacru/clio-core/context-runtime/src/scheduler/default_sched.cc:455 WARNING 2485707 operator() [#781] worker 11 STALLED on one task (load_us=0 realtime_load_us=4.14712e+06 threshold_s=1)[0m
[33m/home/cvazquezperezdelacru/clio-core/context-runtime/src/worker.cc:370 WARNING 2485707 AdoptLane [#785] worker 11 adopted lane 0x7fce17efba28[0m
[33m/home/cvazquezperezdelacru/clio-core/context-runtime/src/scheduler/default_sched.cc:598 WARNING 2485707 operator() [#785] RESCUE: stalled worker 11 -> worker 12 (0 parked task(s) moved, 0 queued task(s) redistributed, rescues=53)[0m
[33m/home/cvazquezperezdelacru/clio-core/context-runtime/src/scheduler/default_sched.cc:785 WARNING 2485707 LoadBalance [#781] ALL 5 compute workers stalled — runtime cannot place new tasks; elastic SpawnAdditionalWorker() needed (follow-up)[0m
[97m/home/cvazquezperezdelacru/clio-core/context-runtime/src/ipc_manager.cc:2440 INFO 2485700 IncreaseClientShm IpcManager::IncreaseClientShm: Creating clio_2485677_92 with size 132545216 (98990784 + 33554432 overhead)[0m
[97m/home/cvazquezperezdelacru/clio-core/context-runtime/src/ipc_manager.cc:2485 INFO 2485700 IncreaseClientShm IpcManager::IncreaseClientShm: Created allocator clio_2485677_92 with ID (2485677.92)[0m
[97m/home/cvazquezperezdelacru/clio-core/context-runtime/src/ipc_manager.cc:2440 INFO 2485966 IncreaseClientShm IpcManager::IncreaseClientShm: Creating clio_2485677_93 with size 127731312 (94176880 + 33554432 overhead)[0m
[97m/home/cvazquezperezdelacru/clio-core/context-runtime/src/ipc_manager.cc:2485 INFO 2485966 IncreaseClientShm IpcManager::IncreaseClientShm: Created allocator clio_2485677_93 with ID (2485677.93)[0m
[97m/home/cvazquezperezdelacru/clio-core/context-runtime/src/ipc_manager.cc:2440 INFO 2485879 IncreaseClientShm IpcManager::IncreaseClientShm: Creating clio_2485677_94 with size 129370608 (95816176 + 33554432 overhead)[0m
[97m/home/cvazquezperezdelacru/clio-core/context-runtime/src/ipc_manager.cc:2485 INFO 2485879 IncreaseClientShm IpcManager::IncreaseClientShm: Created allocator clio_2485677_94 with ID (2485677.94)[0m
[97m/home/cvazquezperezdelacru/clio-core/context-runtime/src/ipc_manager.cc:2440 INFO 2485700 IncreaseClientShm IpcManager::IncreaseClientShm: Creating clio_2485677_95 with size 125089712 (91535280 + 33554432 overhead)[0m
[97m/home/cvazquezperezdelacru/clio-core/context-runtime/src/ipc_manager.cc:2485 INFO 2485700 IncreaseClientShm IpcManager::IncreaseClientShm: Created allocator clio_2485677_95 with ID (2485677.95)[0m
[97m/home/cvazquezperezdelacru/clio-core/context-runtime/src/ipc_manager.cc:2440 INFO 2485960 IncreaseClientShm IpcManager::IncreaseClientShm: Creating clio_2485677_96 with size 132242312 (98687880 + 33554432 overhead)[0m
[97m/home/cvazquezperezdelacru/clio-core/context-runtime/src/ipc_manager.cc:2485 INFO 2485960 IncreaseClientShm IpcManager::IncreaseClientShm: Created allocator clio_2485677_96 with ID (2485677.96)[0m
[97m/home/cvazquezperezdelacru/clio-core/context-runtime/src/ipc_manager.cc:2440 INFO 2485949 IncreaseClientShm IpcManager::IncreaseClientShm: Creating clio_2485677_97 with size 126267512 (92713080 + 33554432 overhead)[0m
[97m/home/cvazquezperezdelacru/clio-core/context-runtime/src/ipc_manager.cc:2485 INFO 2485949 IncreaseClientShm IpcManager::IncreaseClientShm: Created allocator clio_2485677_97 with ID (2485677.97)[0m
[33m/home/cvazquezperezdelacru/clio-core/context-runtime/src/scheduler/default_sched.cc:455 WARNING 2485707 operator() [#781] worker 1 STALLED on one task (load_us=-0.00012207 realtime_load_us=5.82253e+06 threshold_s=1)[0m
[33m/home/cvazquezperezdelacru/clio-core/context-runtime/src/worker.cc:370 WARNING 2485707 AdoptLane [#785] worker 1 adopted lane 0x7fce17efb2a8[0m
[33m/home/cvazquezperezdelacru/clio-core/context-runtime/src/scheduler/default_sched.cc:598 WARNING 2485707 operator() [#785] RESCUE: stalled worker 1 -> worker 12 (0 parked task(s) moved, 0 queued task(s) redistributed, rescues=54)[0m
[33m/home/cvazquezperezdelacru/clio-core/context-runtime/src/scheduler/default_sched.cc:455 WARNING 2485707 operator() [#781] worker 8 STALLED on one task (load_us=0 realtime_load_us=4.65957e+06 threshold_s=1)[0m
[33m/home/cvazquezperezdelacru/clio-core/context-runtime/src/worker.cc:370 WARNING 2485707 AdoptLane [#785] worker 8 adopted lane 0x7fce17efb7e8[0m
[33m/home/cvazquezperezdelacru/clio-core/context-runtime/src/scheduler/default_sched.cc:598 WARNING 2485707 operator() [#785] RESCUE: stalled worker 8 -> worker 12 (0 parked task(s) moved, 0 queued task(s) redistributed, rescues=55)[0m
[33m/home/cvazquezperezdelacru/clio-core/context-runtime/src/scheduler/default_sched.cc:455 WARNING 2485707 operator() [#781] worker 9 STALLED on one task (load_us=0 realtime_load_us=4.65809e+06 threshold_s=1)[0m
[33m/home/cvazquezperezdelacru/clio-core/context-runtime/src/worker.cc:370 WARNING 2485707 AdoptLane [#785] worker 9 adopted lane 0x7fce17efb8a8[0m
[33m/home/cvazquezperezdelacru/clio-core/context-runtime/src/scheduler/default_sched.cc:598 WARNING 2485707 operator() [#785] RESCUE: stalled worker 9 -> worker 12 (0 parked task(s) moved, 0 queued task(s) redistributed, rescues=56)[0m
[33m/home/cvazquezperezdelacru/clio-core/context-runtime/src/scheduler/default_sched.cc:455 WARNING 2485707 operator() [#781] worker 10 STALLED on one task (load_us=0 realtime_load_us=4.65636e+06 threshold_s=1)[0m
[33m/home/cvazquezperezdelacru/clio-core/context-runtime/src/worker.cc:370 WARNING 2485707 AdoptLane [#785] worker 10 adopted lane 0x7fce17efb968[0m
[33m/home/cvazquezperezdelacru/clio-core/context-runtime/src/scheduler/default_sched.cc:598 WARNING 2485707 operator() [#785] RESCUE: stalled worker 10 -> worker 12 (0 parked task(s) moved, 0 queued task(s) redistributed, rescues=57)[0m
[33m/home/cvazquezperezdelacru/clio-core/context-runtime/src/scheduler/default_sched.cc:455 WARNING 2485707 operator() [#781] worker 11 STALLED on one task (load_us=0 realtime_load_us=4.65164e+06 threshold_s=1)[0m
[33m/home/cvazquezperezdelacru/clio-core/context-runtime/src/worker.cc:370 WARNING 2485707 AdoptLane [#785] worker 11 adopted lane 0x7fce17efba28[0m
[33m/home/cvazquezperezdelacru/clio-core/context-runtime/src/scheduler/default_sched.cc:598 WARNING 2485707 operator() [#785] RESCUE: stalled worker 11 -> worker 12 (0 parked task(s) moved, 0 queued task(s) redistributed, rescues=58)[0m
[33m/home/cvazquezperezdelacru/clio-core/context-runtime/src/scheduler/default_sched.cc:785 WARNING 2485707 LoadBalance [#781] ALL 5 compute workers stalled — runtime cannot place new tasks; elastic SpawnAdditionalWorker() needed (follow-up)[0m
[97m/home/cvazquezperezdelacru/clio-core/context-runtime/src/ipc_manager.cc:2440 INFO 2485879 IncreaseClientShm IpcManager::IncreaseClientShm: Creating clio_2485677_98 with size 128298112 (94743680 + 33554432 overhead)[0m
[97m/home/cvazquezperezdelacru/clio-core/context-runtime/src/ipc_manager.cc:2485 INFO 2485879 IncreaseClientShm IpcManager::IncreaseClientShm: Created allocator clio_2485677_98 with ID (2485677.98)[0m
[97m/home/cvazquezperezdelacru/clio-core/context-runtime/src/ipc_manager.cc:2440 INFO 2485966 IncreaseClientShm IpcManager::IncreaseClientShm: Creating clio_2485677_99 with size 128298112 (94743680 + 33554432 overhead)[0m
[97m/home/cvazquezperezdelacru/clio-core/context-runtime/src/ipc_manager.cc:2485 INFO 2485966 IncreaseClientShm IpcManager::IncreaseClientShm: Created allocator clio_2485677_99 with ID (2485677.99)[0m
[97m/home/cvazquezperezdelacru/clio-core/context-runtime/src/ipc_manager.cc:2440 INFO 2485960 IncreaseClientShm IpcManager::IncreaseClientShm: Creating clio_2485677_100 with size 125397808 (91843376 + 33554432 overhead)[0m
[97m/home/cvazquezperezdelacru/clio-core/context-runtime/src/ipc_manager.cc:2485 INFO 2485960 IncreaseClientShm IpcManager::IncreaseClientShm: Created allocator clio_2485677_100 with ID (2485677.100)[0m
[97m/home/cvazquezperezdelacru/clio-core/context-runtime/src/ipc_manager.cc:2440 INFO 2485960 IncreaseClientShm IpcManager::IncreaseClientShm: Creating clio_2485677_101 with size 127186608 (93632176 + 33554432 overhead)[0m
[97m/home/cvazquezperezdelacru/clio-core/context-runtime/src/ipc_manager.cc:2485 INFO 2485960 IncreaseClientShm IpcManager::IncreaseClientShm: Created allocator clio_2485677_101 with ID (2485677.101)[0m
[97m/home/cvazquezperezdelacru/clio-core/context-runtime/src/ipc_manager.cc:2440 INFO 2485966 IncreaseClientShm IpcManager::IncreaseClientShm: Creating clio_2485677_102 with size 129096312 (95541880 + 33554432 overhead)[0m
[97m/home/cvazquezperezdelacru/clio-core/context-runtime/src/ipc_manager.cc:2485 INFO 2485966 IncreaseClientShm IpcManager::IncreaseClientShm: Created allocator clio_2485677_102 with ID (2485677.102)[0m
[33m/home/cvazquezperezdelacru/clio-core/context-runtime/src/scheduler/default_sched.cc:455 WARNING 2485707 operator() [#781] worker 8 STALLED on one task (load_us=0 realtime_load_us=5.16204e+06 threshold_s=1)[0m
[33m/home/cvazquezperezdelacru/clio-core/context-runtime/src/worker.cc:370 WARNING 2485707 AdoptLane [#785] worker 8 adopted lane 0x7fce17efb7e8[0m
[33m/home/cvazquezperezdelacru/clio-core/context-runtime/src/work_orchestrator.cc:545 WARNING 2485707 SpawnAdditionalWorker [#785] spawned elastic worker 13 (pool now 14 workers)[0m
[33m/home/cvazquezperezdelacru/clio-core/context-runtime/src/scheduler/default_sched.cc:598 WARNING 2485707 operator() [#785] RESCUE: stalled worker 8 -> worker 13 (0 parked task(s) moved, 0 queued task(s) redistributed, rescues=59)[0m
[33m/home/cvazquezperezdelacru/clio-core/context-runtime/src/scheduler/default_sched.cc:455 WARNING 2485707 operator() [#781] worker 9 STALLED on one task (load_us=0 realtime_load_us=5.16056e+06 threshold_s=1)[0m
[33m/home/cvazquezperezdelacru/clio-core/context-runtime/src/worker.cc:370 WARNING 2485707 AdoptLane [#785] worker 9 adopted lane 0x7fce17efb8a8[0m
[33m/home/cvazquezperezdelacru/clio-core/context-runtime/src/scheduler/default_sched.cc:598 WARNING 2485707 operator() [#785] RESCUE: stalled worker 9 -> worker 12 (0 parked task(s) moved, 0 queued task(s) redistributed, rescues=60)[0m
[33m/home/cvazquezperezdelacru/clio-core/context-runtime/src/scheduler/default_sched.cc:455 WARNING 2485707 operator() [#781] worker 10 STALLED on one task (load_us=0 realtime_load_us=5.15883e+06 threshold_s=1)[0m
[33m/home/cvazquezperezdelacru/clio-core/context-runtime/src/worker.cc:370 WARNING 2485707 AdoptLane [#785] worker 10 adopted lane 0x7fce17efb968[0m
[33m/home/cvazquezperezdelacru/clio-core/context-runtime/src/scheduler/default_sched.cc:598 WARNING 2485707 operator() [#785] RESCUE: stalled worker 10 -> worker 12 (0 parked task(s) moved, 0 queued task(s) redistributed, rescues=61)[0m
[33m/home/cvazquezperezdelacru/clio-core/context-runtime/src/scheduler/default_sched.cc:455 WARNING 2485707 operator() [#781] worker 11 STALLED on one task (load_us=0 realtime_load_us=5.15411e+06 threshold_s=1)[0m
[33m/home/cvazquezperezdelacru/clio-core/context-runtime/src/worker.cc:370 WARNING 2485707 AdoptLane [#785] worker 11 adopted lane 0x7fce17efba28[0m
[33m/home/cvazquezperezdelacru/clio-core/context-runtime/src/scheduler/default_sched.cc:598 WARNING 2485707 operator() [#785] RESCUE: stalled worker 11 -> worker 12 (0 parked task(s) moved, 0 queued task(s) redistributed, rescues=62)[0m
[97m/home/cvazquezperezdelacru/clio-core/context-runtime/src/ipc_manager.cc:2440 INFO 2485966 IncreaseClientShm IpcManager::IncreaseClientShm: Creating clio_2485677_103 with size 132545216 (98990784 + 33554432 overhead)[0m
[97m/home/cvazquezperezdelacru/clio-core/context-runtime/src/ipc_manager.cc:2485 INFO 2485966 IncreaseClientShm IpcManager::IncreaseClientShm: Created allocator clio_2485677_103 with ID (2485677.103)[0m
[97m/home/cvazquezperezdelacru/clio-core/context-runtime/src/ipc_manager.cc:2440 INFO 2485960 IncreaseClientShm IpcManager::IncreaseClientShm: Creating clio_2485677_104 with size 132545216 (98990784 + 33554432 overhead)[0m
[97m/home/cvazquezperezdelacru/clio-core/context-runtime/src/ipc_manager.cc:2485 INFO 2485960 IncreaseClientShm IpcManager::IncreaseClientShm: Created allocator clio_2485677_104 with ID (2485677.104)[0m
[97m/home/cvazquezperezdelacru/clio-core/context-runtime/src/ipc_manager.cc:2440 INFO 2485960 IncreaseClientShm IpcManager::IncreaseClientShm: Creating clio_2485677_105 with size 126385808 (92831376 + 33554432 overhead)[0m
[97m/home/cvazquezperezdelacru/clio-core/context-runtime/src/ipc_manager.cc:2485 INFO 2485960 IncreaseClientShm IpcManager::IncreaseClientShm: Created allocator clio_2485677_105 with ID (2485677.105)[0m
[97m/home/cvazquezperezdelacru/clio-core/context-runtime/src/ipc_manager.cc:2440 INFO 2485949 IncreaseClientShm IpcManager::IncreaseClientShm: Creating clio_2485677_106 with size 124569712 (91015280 + 33554432 overhead)[0m
[97m/home/cvazquezperezdelacru/clio-core/context-runtime/src/ipc_manager.cc:2485 INFO 2485949 IncreaseClientShm IpcManager::IncreaseClientShm: Created allocator clio_2485677_106 with ID (2485677.106)[0m
[97m/home/cvazquezperezdelacru/clio-core/context-runtime/src/ipc_manager.cc:2440 INFO 2485966 IncreaseClientShm IpcManager::IncreaseClientShm: Creating clio_2485677_107 with size 125401712 (91847280 + 33554432 overhead)[0m
[97m/home/cvazquezperezdelacru/clio-core/context-runtime/src/ipc_manager.cc:2485 INFO 2485966 IncreaseClientShm IpcManager::IncreaseClientShm: Created allocator clio_2485677_107 with ID (2485677.107)[0m
[97m/home/cvazquezperezdelacru/clio-core/context-runtime/src/ipc_manager.cc:2440 INFO 2485949 IncreaseClientShm IpcManager::IncreaseClientShm: Creating clio_2485677_108 with size 126784912 (93230480 + 33554432 overhead)[0m
[97m/home/cvazquezperezdelacru/clio-core/context-runtime/src/ipc_manager.cc:2485 INFO 2485949 IncreaseClientShm IpcManager::IncreaseClientShm: Created allocator clio_2485677_108 with ID (2485677.108)[0m
[97m/home/cvazquezperezdelacru/clio-core/context-runtime/src/ipc_manager.cc:2440 INFO 2485879 IncreaseClientShm IpcManager::IncreaseClientShm: Creating clio_2485677_109 with size 126621112 (93066680 + 33554432 overhead)[0m
[97m/home/cvazquezperezdelacru/clio-core/context-runtime/src/ipc_manager.cc:2485 INFO 2485879 IncreaseClientShm IpcManager::IncreaseClientShm: Created allocator clio_2485677_109 with ID (2485677.109)[0m
[33m/home/cvazquezperezdelacru/clio-core/context-runtime/src/scheduler/default_sched.cc:455 WARNING 2485707 operator() [#781] worker 8 STALLED on one task (load_us=0 realtime_load_us=5.66486e+06 threshold_s=1)[0m
[33m/home/cvazquezperezdelacru/clio-core/context-runtime/src/worker.cc:370 WARNING 2485707 AdoptLane [#785] worker 8 adopted lane 0x7fce17efb7e8[0m
[33m/home/cvazquezperezdelacru/clio-core/context-runtime/src/scheduler/default_sched.cc:598 WARNING 2485707 operator() [#785] RESCUE: stalled worker 8 -> worker 12 (0 parked task(s) moved, 0 queued task(s) redistributed, rescues=63)[0m
[33m/home/cvazquezperezdelacru/clio-core/context-runtime/src/scheduler/default_sched.cc:455 WARNING 2485707 operator() [#781] worker 9 STALLED on one task (load_us=0 realtime_load_us=5.66338e+06 threshold_s=1)[0m
[33m/home/cvazquezperezdelacru/clio-core/context-runtime/src/worker.cc:370 WARNING 2485707 AdoptLane [#785] worker 9 adopted lane 0x7fce17efb8a8[0m
[33m/home/cvazquezperezdelacru/clio-core/context-runtime/src/scheduler/default_sched.cc:598 WARNING 2485707 operator() [#785] RESCUE: stalled worker 9 -> worker 12 (0 parked task(s) moved, 0 queued task(s) redistributed, rescues=64)[0m
[33m/home/cvazquezperezdelacru/clio-core/context-runtime/src/scheduler/default_sched.cc:455 WARNING 2485707 operator() [#781] worker 10 STALLED on one task (load_us=0 realtime_load_us=5.66165e+06 threshold_s=1)[0m
[33m/home/cvazquezperezdelacru/clio-core/context-runtime/src/worker.cc:370 WARNING 2485707 AdoptLane [#785] worker 10 adopted lane 0x7fce17efb968[0m
[33m/home/cvazquezperezdelacru/clio-core/context-runtime/src/scheduler/default_sched.cc:598 WARNING 2485707 operator() [#785] RESCUE: stalled worker 10 -> worker 12 (0 parked task(s) moved, 0 queued task(s) redistributed, rescues=65)[0m
[33m/home/cvazquezperezdelacru/clio-core/context-runtime/src/scheduler/default_sched.cc:455 WARNING 2485707 operator() [#781] worker 11 STALLED on one task (load_us=0 realtime_load_us=5.65693e+06 threshold_s=1)[0m
[33m/home/cvazquezperezdelacru/clio-core/context-runtime/src/worker.cc:370 WARNING 2485707 AdoptLane [#785] worker 11 adopted lane 0x7fce17efba28[0m
[33m/home/cvazquezperezdelacru/clio-core/context-runtime/src/scheduler/default_sched.cc:598 WARNING 2485707 operator() [#785] RESCUE: stalled worker 11 -> worker 12 (0 parked task(s) moved, 0 queued task(s) redistributed, rescues=66)[0m
[97m/mnt/common/cvazquezperezdelacru/IOWARP/faiss/contrib/iowarp/chimod/src/faiss_ivf_runtime.cc:300 INFO 2485702 Search faiss_ivf: Search nq=62 k=10 nprobe=64 unique_lists=2453[0m
[97m/mnt/common/cvazquezperezdelacru/IOWARP/faiss/contrib/iowarp/chimod/src/faiss_ivf_runtime.cc:300 INFO 2485701 Search faiss_ivf: Search nq=62 k=10 nprobe=64 unique_lists=2388[0m
[97m/mnt/common/cvazquezperezdelacru/IOWARP/faiss/contrib/iowarp/chimod/src/faiss_ivf_runtime.cc:300 INFO 2485700 Search faiss_ivf: Search nq=63 k=10 nprobe=64 unique_lists=2413[0m
[97m/mnt/common/cvazquezperezdelacru/IOWARP/faiss/contrib/iowarp/chimod/src/faiss_ivf_runtime.cc:300 INFO 2485703 Search faiss_ivf: Search nq=63 k=10 nprobe=64 unique_lists=2541[0m
[97m/home/cvazquezperezdelacru/clio-core/context-runtime/src/ipc_manager.cc:2440 INFO 2485700 IncreaseClientShm IpcManager::IncreaseClientShm: Creating clio_2485677_110 with size 129013112 (95458680 + 33554432 overhead)[0m
[97m/home/cvazquezperezdelacru/clio-core/context-runtime/src/ipc_manager.cc:2485 INFO 2485700 IncreaseClientShm IpcManager::IncreaseClientShm: Created allocator clio_2485677_110 with ID (2485677.110)[0m
[97m/home/cvazquezperezdelacru/clio-core/context-runtime/src/ipc_manager.cc:2440 INFO 2485701 IncreaseClientShm IpcManager::IncreaseClientShm: Creating clio_2485677_111 with size 129013112 (95458680 + 33554432 overhead)[0m
[97m/home/cvazquezperezdelacru/clio-core/context-runtime/src/ipc_manager.cc:2485 INFO 2485701 IncreaseClientShm IpcManager::IncreaseClientShm: Created allocator clio_2485677_111 with ID (2485677.111)[0m
[97m/home/cvazquezperezdelacru/clio-core/context-runtime/src/ipc_manager.cc:2440 INFO 2485701 IncreaseClientShm IpcManager::IncreaseClientShm: Creating clio_2485677_112 with size 131004712 (97450280 + 33554432 overhead)[0m
[97m/home/cvazquezperezdelacru/clio-core/context-runtime/src/ipc_manager.cc:2485 INFO 2485701 IncreaseClientShm IpcManager::IncreaseClientShm: Created allocator clio_2485677_112 with ID (2485677.112)[0m
[97m/home/cvazquezperezdelacru/clio-core/context-runtime/src/ipc_manager.cc:2440 INFO 2485702 IncreaseClientShm IpcManager::IncreaseClientShm: Creating clio_2485677_113 with size 131215312 (97660880 + 33554432 overhead)[0m
[97m/home/cvazquezperezdelacru/clio-core/context-runtime/src/ipc_manager.cc:2485 INFO 2485702 IncreaseClientShm IpcManager::IncreaseClientShm: Created allocator clio_2485677_113 with ID (2485677.113)[0m
[97m/home/cvazquezperezdelacru/clio-core/context-runtime/src/ipc_manager.cc:2440 INFO 2485701 IncreaseClientShm IpcManager::IncreaseClientShm: Creating clio_2485677_114 with size 131215312 (97660880 + 33554432 overhead)[0m
[97m/home/cvazquezperezdelacru/clio-core/context-runtime/src/ipc_manager.cc:2485 INFO 2485701 IncreaseClientShm IpcManager::IncreaseClientShm: Created allocator clio_2485677_114 with ID (2485677.114)[0m
[33m/home/cvazquezperezdelacru/clio-core/context-runtime/src/scheduler/default_sched.cc:430 WARNING 2485707 LoadBalance [#781 PDF] observed exec-time bins (cumulative): <10us=661723 <50us=16992 <500us=458 <10ms=4109 <50ms=7 <500ms=2 <1s=0 >=1s=11 | stalls_detected=66[0m
[33m/home/cvazquezperezdelacru/clio-core/context-runtime/src/scheduler/default_sched.cc:439 WARNING 2485707 LoadBalance [#785] lane rescues performed: 66[0m
[31m/home/cvazquezperezdelacru/clio-core/context-runtime/src/scheduler/default_sched.cc:726 ERROR 2485707 LoadBalance [HANGWATCH-HB] processed=12356 outstanding=4 (queued=4 blocked=0 retry=0 periodic=6) live=5 live_stalled=0[0m
[97m/home/cvazquezperezdelacru/clio-core/context-runtime/src/ipc_manager.cc:2440 INFO 2485703 IncreaseClientShm IpcManager::IncreaseClientShm: Creating clio_2485677_115 with size 128261712 (94707280 + 33554432 overhead)[0m
[97m/home/cvazquezperezdelacru/clio-core/context-runtime/src/ipc_manager.cc:2485 INFO 2485703 IncreaseClientShm IpcManager::IncreaseClientShm: Created allocator clio_2485677_115 with ID (2485677.115)[0m
[97m/home/cvazquezperezdelacru/clio-core/context-runtime/src/ipc_manager.cc:2440 INFO 2485702 IncreaseClientShm IpcManager::IncreaseClientShm: Creating clio_2485677_116 with size 124845312 (91290880 + 33554432 overhead)[0m
[97m/home/cvazquezperezdelacru/clio-core/context-runtime/src/ipc_manager.cc:2485 INFO 2485702 IncreaseClientShm IpcManager::IncreaseClientShm: Created allocator clio_2485677_116 with ID (2485677.116)[0m
[97m/home/cvazquezperezdelacru/clio-core/context-runtime/src/ipc_manager.cc:2440 INFO 2485700 IncreaseClientShm IpcManager::IncreaseClientShm: Creating clio_2485677_117 with size 125548608 (91994176 + 33554432 overhead)[0m
[97m/home/cvazquezperezdelacru/clio-core/context-runtime/src/ipc_manager.cc:2485 INFO 2485700 IncreaseClientShm IpcManager::IncreaseClientShm: Created allocator clio_2485677_117 with ID (2485677.117)[0m
[97m/home/cvazquezperezdelacru/clio-core/context-runtime/src/ipc_manager.cc:2440 INFO 2485700 IncreaseClientShm IpcManager::IncreaseClientShm: Creating clio_2485677_118 with size 126254512 (92700080 + 33554432 overhead)[0m
[97m/home/cvazquezperezdelacru/clio-core/context-runtime/src/ipc_manager.cc:2485 INFO 2485700 IncreaseClientShm IpcManager::IncreaseClientShm: Created allocator clio_2485677_118 with ID (2485677.118)[0m
[97m/home/cvazquezperezdelacru/clio-core/context-runtime/src/ipc_manager.cc:2440 INFO 2485700 IncreaseClientShm IpcManager::IncreaseClientShm: Creating clio_2485677_119 with size 125789112 (92234680 + 33554432 overhead)[0m
[97m/home/cvazquezperezdelacru/clio-core/context-runtime/src/ipc_manager.cc:2485 INFO 2485700 IncreaseClientShm IpcManager::IncreaseClientShm: Created allocator clio_2485677_119 with ID (2485677.119)[0m
[97m/home/cvazquezperezdelacru/clio-core/context-runtime/src/ipc_manager.cc:2440 INFO 2485701 IncreaseClientShm IpcManager::IncreaseClientShm: Creating clio_2485677_120 with size 126489808 (92935376 + 33554432 overhead)[0m
[97m/home/cvazquezperezdelacru/clio-core/context-runtime/src/ipc_manager.cc:2485 INFO 2485701 IncreaseClientShm IpcManager::IncreaseClientShm: Created allocator clio_2485677_120 with ID (2485677.120)[0m
[97m/home/cvazquezperezdelacru/clio-core/context-runtime/src/ipc_manager.cc:2440 INFO 2485702 IncreaseClientShm IpcManager::IncreaseClientShm: Creating clio_2485677_121 with size 127490816 (93936384 + 33554432 overhead)[0m
[97m/home/cvazquezperezdelacru/clio-core/context-runtime/src/ipc_manager.cc:2485 INFO 2485702 IncreaseClientShm IpcManager::IncreaseClientShm: Created allocator clio_2485677_121 with ID (2485677.121)[0m
[97m/home/cvazquezperezdelacru/clio-core/context-runtime/src/ipc_manager.cc:2440 INFO 2485700 IncreaseClientShm IpcManager::IncreaseClientShm: Creating clio_2485677_122 with size 127142416 (93587984 + 33554432 overhead)[0m
[97m/home/cvazquezperezdelacru/clio-core/context-runtime/src/ipc_manager.cc:2485 INFO 2485700 IncreaseClientShm IpcManager::IncreaseClientShm: Created allocator clio_2485677_122 with ID (2485677.122)[0m
[97m/home/cvazquezperezdelacru/clio-core/context-runtime/src/ipc_manager.cc:2440 INFO 2485701 IncreaseClientShm IpcManager::IncreaseClientShm: Creating clio_2485677_123 with size 129088512 (95534080 + 33554432 overhead)[0m
[97m/home/cvazquezperezdelacru/clio-core/context-runtime/src/ipc_manager.cc:2485 INFO 2485701 IncreaseClientShm IpcManager::IncreaseClientShm: Created allocator clio_2485677_123 with ID (2485677.123)[0m
[33m/home/cvazquezperezdelacru/clio-core/context-runtime/src/scheduler/default_sched.cc:455 WARNING 2485707 operator() [#781] worker 1 STALLED on one task (load_us=0 realtime_load_us=9.8257e+06 threshold_s=1)[0m
[33m/home/cvazquezperezdelacru/clio-core/context-runtime/src/worker.cc:370 WARNING 2485707 AdoptLane [#785] worker 1 adopted lane 0x7fce17efb2a8[0m
[33m/home/cvazquezperezdelacru/clio-core/context-runtime/src/scheduler/default_sched.cc:598 WARNING 2485707 operator() [#785] RESCUE: stalled worker 1 -> worker 8 (0 parked task(s) moved, 1 queued task(s) redistributed, rescues=67)[0m
[33m/home/cvazquezperezdelacru/clio-core/context-runtime/src/scheduler/default_sched.cc:455 WARNING 2485707 operator() [#781] worker 2 STALLED on one task (load_us=0 realtime_load_us=9.82494e+06 threshold_s=1)[0m
[33m/home/cvazquezperezdelacru/clio-core/context-runtime/src/worker.cc:370 WARNING 2485707 AdoptLane [#785] worker 2 adopted lane 0x7fce17efb368[0m
[33m/home/cvazquezperezdelacru/clio-core/context-runtime/src/scheduler/default_sched.cc:598 WARNING 2485707 operator() [#785] RESCUE: stalled worker 2 -> worker 9 (1 parked task(s) moved, 1 queued task(s) redistributed, rescues=68)[0m
[33m/home/cvazquezperezdelacru/clio-core/context-runtime/src/scheduler/default_sched.cc:455 WARNING 2485707 operator() [#781] worker 3 STALLED on one task (load_us=0 realtime_load_us=9.82963e+06 threshold_s=1)[0m
[33m/home/cvazquezperezdelacru/clio-core/context-runtime/src/worker.cc:370 WARNING 2485707 AdoptLane [#785] worker 3 adopted lane 0x7fce17efb428[0m
[33m/home/cvazquezperezdelacru/clio-core/context-runtime/src/scheduler/default_sched.cc:598 WARNING 2485707 operator() [#785] RESCUE: stalled worker 3 -> worker 10 (0 parked task(s) moved, 1 queued task(s) redistributed, rescues=69)[0m
[33m/home/cvazquezperezdelacru/clio-core/context-runtime/src/scheduler/default_sched.cc:455 WARNING 2485707 operator() [#781] worker 4 STALLED on one task (load_us=0 realtime_load_us=9.83116e+06 threshold_s=1)[0m
[33m/home/cvazquezperezdelacru/clio-core/context-runtime/src/worker.cc:370 WARNING 2485707 AdoptLane [#785] worker 4 adopted lane 0x7fce17efb4e8[0m
[33m/home/cvazquezperezdelacru/clio-core/context-runtime/src/scheduler/default_sched.cc:598 WARNING 2485707 operator() [#785] RESCUE: stalled worker 4 -> worker 11 (0 parked task(s) moved, 1 queued task(s) redistributed, rescues=70)[0m
[97m/mnt/common/cvazquezperezdelacru/IOWARP/faiss/contrib/iowarp/chimod/src/faiss_ivf_runtime.cc:300 INFO 2485879 Search faiss_ivf: Search nq=63 k=10 nprobe=64 unique_lists=2503[0m
[97m/mnt/common/cvazquezperezdelacru/IOWARP/faiss/contrib/iowarp/chimod/src/faiss_ivf_runtime.cc:300 INFO 2485960 Search faiss_ivf: Search nq=62 k=10 nprobe=64 unique_lists=2553[0m
[97m/mnt/common/cvazquezperezdelacru/IOWARP/faiss/contrib/iowarp/chimod/src/faiss_ivf_runtime.cc:300 INFO 2485966 Search faiss_ivf: Search nq=63 k=10 nprobe=64 unique_lists=2483[0m
[97m/mnt/common/cvazquezperezdelacru/IOWARP/faiss/contrib/iowarp/chimod/src/faiss_ivf_runtime.cc:300 INFO 2485949 Search faiss_ivf: Search nq=62 k=10 nprobe=64 unique_lists=2577[0m
[97m/home/cvazquezperezdelacru/clio-core/context-runtime/src/ipc_manager.cc:2440 INFO 2485879 IncreaseClientShm IpcManager::IncreaseClientShm: Creating clio_2485677_124 with size 129013112 (95458680 + 33554432 overhead)[0m
[97m/home/cvazquezperezdelacru/clio-core/context-runtime/src/ipc_manager.cc:2485 INFO 2485879 IncreaseClientShm IpcManager::IncreaseClientShm: Created allocator clio_2485677_124 with ID (2485677.124)[0m
[97m/home/cvazquezperezdelacru/clio-core/context-runtime/src/ipc_manager.cc:2440 INFO 2485960 IncreaseClientShm IpcManager::IncreaseClientShm: Creating clio_2485677_125 with size 131004712 (97450280 + 33554432 overhead)[0m
[97m/home/cvazquezperezdelacru/clio-core/context-runtime/src/ipc_manager.cc:2485 INFO 2485960 IncreaseClientShm IpcManager::IncreaseClientShm: Created allocator clio_2485677_125 with ID (2485677.125)[0m
[97m/home/cvazquezperezdelacru/clio-core/context-runtime/src/ipc_manager.cc:2440 INFO 2485960 IncreaseClientShm IpcManager::IncreaseClientShm: Creating clio_2485677_126 with size 131215312 (97660880 + 33554432 overhead)[0m
[97m/home/cvazquezperezdelacru/clio-core/context-runtime/src/ipc_manager.cc:2485 INFO 2485960 IncreaseClientShm IpcManager::IncreaseClientShm: Created allocator clio_2485677_126 with ID (2485677.126)[0m
[97m/home/cvazquezperezdelacru/clio-core/context-runtime/src/ipc_manager.cc:2440 INFO 2485966 IncreaseClientShm IpcManager::IncreaseClientShm: Creating clio_2485677_127 with size 131103512 (97549080 + 33554432 overhead)[0m
[97m/home/cvazquezperezdelacru/clio-core/context-runtime/src/ipc_manager.cc:2485 INFO 2485966 IncreaseClientShm IpcManager::IncreaseClientShm: Created allocator clio_2485677_127 with ID (2485677.127)[0m
[97m/home/cvazquezperezdelacru/clio-core/context-runtime/src/ipc_manager.cc:2440 INFO 2485879 IncreaseClientShm IpcManager::IncreaseClientShm: Creating clio_2485677_128 with size 125093616 (91539184 + 33554432 overhead)[0m
[97m/home/cvazquezperezdelacru/clio-core/context-runtime/src/ipc_manager.cc:2485 INFO 2485879 IncreaseClientShm IpcManager::IncreaseClientShm: Created allocator clio_2485677_128 with ID (2485677.128)[0m
[97m/home/cvazquezperezdelacru/clio-core/context-runtime/src/ipc_manager.cc:2440 INFO 2485703 IncreaseClientShm IpcManager::IncreaseClientShm: Creating clio_2485677_129 with size 127731312 (94176880 + 33554432 overhead)[0m
[97m/home/cvazquezperezdelacru/clio-core/context-runtime/src/ipc_manager.cc:2485 INFO 2485703 IncreaseClientShm IpcManager::IncreaseClientShm: Created allocator clio_2485677_129 with ID (2485677.129)[0m
[97m/home/cvazquezperezdelacru/clio-core/context-runtime/src/ipc_manager.cc:2440 INFO 2485700 IncreaseClientShm IpcManager::IncreaseClientShm: Creating clio_2485677_130 with size 127555808 (94001376 + 33554432 overhead)[0m
[97m/home/cvazquezperezdelacru/clio-core/context-runtime/src/ipc_manager.cc:2485 INFO 2485700 IncreaseClientShm IpcManager::IncreaseClientShm: Created allocator clio_2485677_130 with ID (2485677.130)[0m
[33m/home/cvazquezperezdelacru/clio-core/context-runtime/src/scheduler/default_sched.cc:455 WARNING 2485707 operator() [#781] worker 1 STALLED on one task (load_us=0 realtime_load_us=6.0756e+06 threshold_s=1)[0m
[33m/home/cvazquezperezdelacru/clio-core/context-runtime/src/worker.cc:370 WARNING 2485707 AdoptLane [#785] worker 1 adopted lane 0x7fce17efb2a8[0m
[33m/home/cvazquezperezdelacru/clio-core/context-runtime/src/scheduler/default_sched.cc:598 WARNING 2485707 operator() [#785] RESCUE: stalled worker 1 -> worker 12 (0 parked task(s) moved, 0 queued task(s) redistributed, rescues=71)[0m
[33m/home/cvazquezperezdelacru/clio-core/context-runtime/src/scheduler/default_sched.cc:455 WARNING 2485707 operator() [#781] worker 2 STALLED on one task (load_us=0 realtime_load_us=6.07484e+06 threshold_s=1)[0m
[33m/home/cvazquezperezdelacru/clio-core/context-runtime/src/worker.cc:370 WARNING 2485707 AdoptLane [#785] worker 2 adopted lane 0x7fce17efb368[0m
[33m/home/cvazquezperezdelacru/clio-core/context-runtime/src/scheduler/default_sched.cc:598 WARNING 2485707 operator() [#785] RESCUE: stalled worker 2 -> worker 12 (0 parked task(s) moved, 0 queued task(s) redistributed, rescues=72)[0m
[33m/home/cvazquezperezdelacru/clio-core/context-runtime/src/scheduler/default_sched.cc:455 WARNING 2485707 operator() [#781] worker 3 STALLED on one task (load_us=0 realtime_load_us=6.07953e+06 threshold_s=1)[0m
[33m/home/cvazquezperezdelacru/clio-core/context-runtime/src/worker.cc:370 WARNING 2485707 AdoptLane [#785] worker 3 adopted lane 0x7fce17efb428[0m
[33m/home/cvazquezperezdelacru/clio-core/context-runtime/src/scheduler/default_sched.cc:598 WARNING 2485707 operator() [#785] RESCUE: stalled worker 3 -> worker 12 (0 parked task(s) moved, 0 queued task(s) redistributed, rescues=73)[0m
[33m/home/cvazquezperezdelacru/clio-core/context-runtime/src/scheduler/default_sched.cc:455 WARNING 2485707 operator() [#781] worker 4 STALLED on one task (load_us=0 realtime_load_us=6.08106e+06 threshold_s=1)[0m
[33m/home/cvazquezperezdelacru/clio-core/context-runtime/src/worker.cc:370 WARNING 2485707 AdoptLane [#785] worker 4 adopted lane 0x7fce17efb4e8[0m
[33m/home/cvazquezperezdelacru/clio-core/context-runtime/src/scheduler/default_sched.cc:598 WARNING 2485707 operator() [#785] RESCUE: stalled worker 4 -> worker 12 (0 parked task(s) moved, 0 queued task(s) redistributed, rescues=74)[0m
[97m/home/cvazquezperezdelacru/clio-core/context-runtime/src/ipc_manager.cc:2440 INFO 2485700 IncreaseClientShm IpcManager::IncreaseClientShm: Creating clio_2485677_131 with size 127518112 (93963680 + 33554432 overhead)[0m
[97m/home/cvazquezperezdelacru/clio-core/context-runtime/src/ipc_manager.cc:2485 INFO 2485700 IncreaseClientShm IpcManager::IncreaseClientShm: Created allocator clio_2485677_131 with ID (2485677.131)[0m
[97m/home/cvazquezperezdelacru/clio-core/context-runtime/src/ipc_manager.cc:2440 INFO 2485702 IncreaseClientShm IpcManager::IncreaseClientShm: Creating clio_2485677_132 with size 126267512 (92713080 + 33554432 overhead)[0m
[97m/home/cvazquezperezdelacru/clio-core/context-runtime/src/ipc_manager.cc:2485 INFO 2485702 IncreaseClientShm IpcManager::IncreaseClientShm: Created allocator clio_2485677_132 with ID (2485677.132)[0m
[97m/home/cvazquezperezdelacru/clio-core/context-runtime/src/ipc_manager.cc:2440 INFO 2485949 IncreaseClientShm IpcManager::IncreaseClientShm: Creating clio_2485677_133 with size 126254512 (92700080 + 33554432 overhead)[0m
[97m/home/cvazquezperezdelacru/clio-core/context-runtime/src/ipc_manager.cc:2485 INFO 2485949 IncreaseClientShm IpcManager::IncreaseClientShm: Created allocator clio_2485677_133 with ID (2485677.133)[0m
[97m/home/cvazquezperezdelacru/clio-core/context-runtime/src/ipc_manager.cc:2440 INFO 2485703 IncreaseClientShm IpcManager::IncreaseClientShm: Creating clio_2485677_134 with size 132242312 (98687880 + 33554432 overhead)[0m
[97m/home/cvazquezperezdelacru/clio-core/context-runtime/src/ipc_manager.cc:2485 INFO 2485703 IncreaseClientShm IpcManager::IncreaseClientShm: Created allocator clio_2485677_134 with ID (2485677.134)[0m
[97m/home/cvazquezperezdelacru/clio-core/context-runtime/src/ipc_manager.cc:2440 INFO 2485879 IncreaseClientShm IpcManager::IncreaseClientShm: Creating clio_2485677_135 with size 126062112 (92507680 + 33554432 overhead)[0m
[97m/home/cvazquezperezdelacru/clio-core/context-runtime/src/ipc_manager.cc:2485 INFO 2485879 IncreaseClientShm IpcManager::IncreaseClientShm: Created allocator clio_2485677_135 with ID (2485677.135)[0m
[97m/home/cvazquezperezdelacru/clio-core/context-runtime/src/ipc_manager.cc:2440 INFO 2485701 IncreaseClientShm IpcManager::IncreaseClientShm: Creating clio_2485677_136 with size 124563216 (91008784 + 33554432 overhead)[0m
[97m/home/cvazquezperezdelacru/clio-core/context-runtime/src/ipc_manager.cc:2485 INFO 2485701 IncreaseClientShm IpcManager::IncreaseClientShm: Created allocator clio_2485677_136 with ID (2485677.136)[0m
[33m/home/cvazquezperezdelacru/clio-core/context-runtime/src/scheduler/default_sched.cc:455 WARNING 2485707 operator() [#781] worker 1 STALLED on one task (load_us=0 realtime_load_us=6.57702e+06 threshold_s=1)[0m
[33m/home/cvazquezperezdelacru/clio-core/context-runtime/src/worker.cc:370 WARNING 2485707 AdoptLane [#785] worker 1 adopted lane 0x7fce17efb2a8[0m
[33m/home/cvazquezperezdelacru/clio-core/context-runtime/src/scheduler/default_sched.cc:598 WARNING 2485707 operator() [#785] RESCUE: stalled worker 1 -> worker 12 (0 parked task(s) moved, 0 queued task(s) redistributed, rescues=75)[0m
[33m/home/cvazquezperezdelacru/clio-core/context-runtime/src/scheduler/default_sched.cc:455 WARNING 2485707 operator() [#781] worker 2 STALLED on one task (load_us=0 realtime_load_us=6.57638e+06 threshold_s=1)[0m
[33m/home/cvazquezperezdelacru/clio-core/context-runtime/src/worker.cc:370 WARNING 2485707 AdoptLane [#785] worker 2 adopted lane 0x7fce17efb368[0m
[33m/home/cvazquezperezdelacru/clio-core/context-runtime/src/scheduler/default_sched.cc:598 WARNING 2485707 operator() [#785] RESCUE: stalled worker 2 -> worker 12 (0 parked task(s) moved, 1 queued task(s) redistributed, rescues=76)[0m
[33m/home/cvazquezperezdelacru/clio-core/context-runtime/src/scheduler/default_sched.cc:455 WARNING 2485707 operator() [#781] worker 3 STALLED on one task (load_us=0 realtime_load_us=6.58095e+06 threshold_s=1)[0m
[33m/home/cvazquezperezdelacru/clio-core/context-runtime/src/worker.cc:370 WARNING 2485707 AdoptLane [#785] worker 3 adopted lane 0x7fce17efb428[0m
[33m/home/cvazquezperezdelacru/clio-core/context-runtime/src/scheduler/default_sched.cc:598 WARNING 2485707 operator() [#785] RESCUE: stalled worker 3 -> worker 12 (0 parked task(s) moved, 0 queued task(s) redistributed, rescues=77)[0m
[33m/home/cvazquezperezdelacru/clio-core/context-runtime/src/scheduler/default_sched.cc:455 WARNING 2485707 operator() [#781] worker 4 STALLED on one task (load_us=0 realtime_load_us=6.58248e+06 threshold_s=1)[0m
[33m/home/cvazquezperezdelacru/clio-core/context-runtime/src/worker.cc:370 WARNING 2485707 AdoptLane [#785] worker 4 adopted lane 0x7fce17efb4e8[0m
[33m/home/cvazquezperezdelacru/clio-core/context-runtime/src/scheduler/default_sched.cc:598 WARNING 2485707 operator() [#785] RESCUE: stalled worker 4 -> worker 12 (0 parked task(s) moved, 0 queued task(s) redistributed, rescues=78)[0m
[33m/home/cvazquezperezdelacru/clio-core/context-runtime/src/scheduler/default_sched.cc:455 WARNING 2485707 operator() [#781] worker 8 STALLED on one task (load_us=0 realtime_load_us=5.25643e+06 threshold_s=1)[0m
[33m/home/cvazquezperezdelacru/clio-core/context-runtime/src/worker.cc:370 WARNING 2485707 AdoptLane [#785] worker 8 adopted lane 0x7fce17efb7e8[0m
[33m/home/cvazquezperezdelacru/clio-core/context-runtime/src/scheduler/default_sched.cc:598 WARNING 2485707 operator() [#785] RESCUE: stalled worker 8 -> worker 12 (0 parked task(s) moved, 0 queued task(s) redistributed, rescues=79)[0m
[33m/home/cvazquezperezdelacru/clio-core/context-runtime/src/scheduler/default_sched.cc:455 WARNING 2485707 operator() [#781] worker 9 STALLED on one task (load_us=0 realtime_load_us=5.25585e+06 threshold_s=1)[0m
[33m/home/cvazquezperezdelacru/clio-core/context-runtime/src/worker.cc:370 WARNING 2485707 AdoptLane [#785] worker 9 adopted lane 0x7fce17efb8a8[0m
[33m/home/cvazquezperezdelacru/clio-core/context-runtime/src/scheduler/default_sched.cc:598 WARNING 2485707 operator() [#785] RESCUE: stalled worker 9 -> worker 12 (1 parked task(s) moved, 0 queued task(s) redistributed, rescues=80)[0m
[33m/home/cvazquezperezdelacru/clio-core/context-runtime/src/scheduler/default_sched.cc:455 WARNING 2485707 operator() [#781] worker 10 STALLED on one task (load_us=0 realtime_load_us=5.25533e+06 threshold_s=1)[0m
[33m/home/cvazquezperezdelacru/clio-core/context-runtime/src/worker.cc:370 WARNING 2485707 AdoptLane [#785] worker 10 adopted lane 0x7fce17efb968[0m
[33m/home/cvazquezperezdelacru/clio-core/context-runtime/src/scheduler/default_sched.cc:598 WARNING 2485707 operator() [#785] RESCUE: stalled worker 10 -> worker 12 (0 parked task(s) moved, 0 queued task(s) redistributed, rescues=81)[0m
[33m/home/cvazquezperezdelacru/clio-core/context-runtime/src/scheduler/default_sched.cc:455 WARNING 2485707 operator() [#781] worker 11 STALLED on one task (load_us=0 realtime_load_us=5.25465e+06 threshold_s=1)[0m
[33m/home/cvazquezperezdelacru/clio-core/context-runtime/src/worker.cc:370 WARNING 2485707 AdoptLane [#785] worker 11 adopted lane 0x7fce17efba28[0m
[33m/home/cvazquezperezdelacru/clio-core/context-runtime/src/scheduler/default_sched.cc:598 WARNING 2485707 operator() [#785] RESCUE: stalled worker 11 -> worker 12 (0 parked task(s) moved, 0 queued task(s) redistributed, rescues=82)[0m
[33m/home/cvazquezperezdelacru/clio-core/context-runtime/src/scheduler/default_sched.cc:785 WARNING 2485707 LoadBalance [#781] ALL 5 compute workers stalled — runtime cannot place new tasks; elastic SpawnAdditionalWorker() needed (follow-up)[0m
[97m/home/cvazquezperezdelacru/clio-core/context-runtime/src/ipc_manager.cc:2440 INFO 2485701 IncreaseClientShm IpcManager::IncreaseClientShm: Creating clio_2485677_137 with size 126896712 (93342280 + 33554432 overhead)[0m
[97m/home/cvazquezperezdelacru/clio-core/context-runtime/src/ipc_manager.cc:2485 INFO 2485701 IncreaseClientShm IpcManager::IncreaseClientShm: Created allocator clio_2485677_137 with ID (2485677.137)[0m
[97m/home/cvazquezperezdelacru/clio-core/context-runtime/src/ipc_manager.cc:2440 INFO 2485702 IncreaseClientShm IpcManager::IncreaseClientShm: Creating clio_2485677_138 with size 127186608 (93632176 + 33554432 overhead)[0m
[97m/home/cvazquezperezdelacru/clio-core/context-runtime/src/ipc_manager.cc:2485 INFO 2485702 IncreaseClientShm IpcManager::IncreaseClientShm: Created allocator clio_2485677_138 with ID (2485677.138)[0m
[97m/home/cvazquezperezdelacru/clio-core/context-runtime/src/ipc_manager.cc:2440 INFO 2485702 IncreaseClientShm IpcManager::IncreaseClientShm: Creating clio_2485677_139 with size 125208016 (91653584 + 33554432 overhead)[0m
[97m/home/cvazquezperezdelacru/clio-core/context-runtime/src/ipc_manager.cc:2485 INFO 2485702 IncreaseClientShm IpcManager::IncreaseClientShm: Created allocator clio_2485677_139 with ID (2485677.139)[0m
[97m/home/cvazquezperezdelacru/clio-core/context-runtime/src/ipc_manager.cc:2440 INFO 2485966 IncreaseClientShm IpcManager::IncreaseClientShm: Creating clio_2485677_140 with size 124490416 (90935984 + 33554432 overhead)[0m
[97m/home/cvazquezperezdelacru/clio-core/context-runtime/src/ipc_manager.cc:2485 INFO 2485966 IncreaseClientShm IpcManager::IncreaseClientShm: Created allocator clio_2485677_140 with ID (2485677.140)[0m
[97m/home/cvazquezperezdelacru/clio-core/context-runtime/src/ipc_manager.cc:2440 INFO 2485703 IncreaseClientShm IpcManager::IncreaseClientShm: Creating clio_2485677_141 with size 126495008 (92940576 + 33554432 overhead)[0m
[97m/home/cvazquezperezdelacru/clio-core/context-runtime/src/ipc_manager.cc:2485 INFO 2485703 IncreaseClientShm IpcManager::IncreaseClientShm: Created allocator clio_2485677_141 with ID (2485677.141)[0m
[97m/home/cvazquezperezdelacru/clio-core/context-runtime/src/ipc_manager.cc:2440 INFO 2485701 IncreaseClientShm IpcManager::IncreaseClientShm: Creating clio_2485677_142 with size 129096312 (95541880 + 33554432 overhead)[0m
[97m/home/cvazquezperezdelacru/clio-core/context-runtime/src/ipc_manager.cc:2485 INFO 2485701 IncreaseClientShm IpcManager::IncreaseClientShm: Created allocator clio_2485677_142 with ID (2485677.142)[0m
[97m/home/cvazquezperezdelacru/clio-core/context-runtime/src/ipc_manager.cc:2440 INFO 2485966 IncreaseClientShm IpcManager::IncreaseClientShm: Creating clio_2485677_143 with size 123389312 (89834880 + 33554432 overhead)[0m
[97m/home/cvazquezperezdelacru/clio-core/context-runtime/src/ipc_manager.cc:2485 INFO 2485966 IncreaseClientShm IpcManager::IncreaseClientShm: Created allocator clio_2485677_143 with ID (2485677.143)[0m
[97m/home/cvazquezperezdelacru/clio-core/context-runtime/src/ipc_manager.cc:2440 INFO 2485966 IncreaseClientShm IpcManager::IncreaseClientShm: Creating clio_2485677_144 with size 129088512 (95534080 + 33554432 overhead)[0m
[97m/home/cvazquezperezdelacru/clio-core/context-runtime/src/ipc_manager.cc:2485 INFO 2485966 IncreaseClientShm IpcManager::IncreaseClientShm: Created allocator clio_2485677_144 with ID (2485677.144)[0m
[31m/home/cvazquezperezdelacru/clio-core/context-runtime/src/scheduler/default_sched.cc:726 ERROR 2485707 LoadBalance [HANGWATCH-HB] processed=12356 outstanding=1 (queued=1 blocked=0 retry=0 periodic=6) live=8 live_stalled=8[0m
[33m/home/cvazquezperezdelacru/clio-core/context-runtime/src/scheduler/default_sched.cc:455 WARNING 2485707 operator() [#781] worker 1 STALLED on one task (load_us=0 realtime_load_us=7.08006e+06 threshold_s=1)[0m
[33m/home/cvazquezperezdelacru/clio-core/context-runtime/src/worker.cc:370 WARNING 2485707 AdoptLane [#785] worker 1 adopted lane 0x7fce17efb2a8[0m
[33m/home/cvazquezperezdelacru/clio-core/context-runtime/src/scheduler/default_sched.cc:598 WARNING 2485707 operator() [#785] RESCUE: stalled worker 1 -> worker 12 (0 parked task(s) moved, 0 queued task(s) redistributed, rescues=83)[0m
[33m/home/cvazquezperezdelacru/clio-core/context-runtime/src/scheduler/default_sched.cc:455 WARNING 2485707 operator() [#781] worker 2 STALLED on one task (load_us=0 realtime_load_us=7.07964e+06 threshold_s=1)[0m
[33m/home/cvazquezperezdelacru/clio-core/context-runtime/src/worker.cc:370 WARNING 2485707 AdoptLane [#785] worker 2 adopted lane 0x7fce17efb368[0m
[33m/home/cvazquezperezdelacru/clio-core/context-runtime/src/scheduler/default_sched.cc:598 WARNING 2485707 operator() [#785] RESCUE: stalled worker 2 -> worker 12 (0 parked task(s) moved, 1 queued task(s) redistributed, rescues=84)[0m
[33m/home/cvazquezperezdelacru/clio-core/context-runtime/src/scheduler/default_sched.cc:455 WARNING 2485707 operator() [#781] worker 3 STALLED on one task (load_us=0 realtime_load_us=7.08399e+06 threshold_s=1)[0m
[33m/home/cvazquezperezdelacru/clio-core/context-runtime/src/worker.cc:370 WARNING 2485707 AdoptLane [#785] worker 3 adopted lane 0x7fce17efb428[0m
[33m/home/cvazquezperezdelacru/clio-core/context-runtime/src/scheduler/default_sched.cc:598 WARNING 2485707 operator() [#785] RESCUE: stalled worker 3 -> worker 12 (0 parked task(s) moved, 0 queued task(s) redistributed, rescues=85)[0m
[33m/home/cvazquezperezdelacru/clio-core/context-runtime/src/scheduler/default_sched.cc:455 WARNING 2485707 operator() [#781] worker 4 STALLED on one task (load_us=0 realtime_load_us=7.08552e+06 threshold_s=1)[0m
[33m/home/cvazquezperezdelacru/clio-core/context-runtime/src/worker.cc:370 WARNING 2485707 AdoptLane [#785] worker 4 adopted lane 0x7fce17efb4e8[0m
[33m/home/cvazquezperezdelacru/clio-core/context-runtime/src/scheduler/default_sched.cc:598 WARNING 2485707 operator() [#785] RESCUE: stalled worker 4 -> worker 12 (0 parked task(s) moved, 0 queued task(s) redistributed, rescues=86)[0m
[33m/home/cvazquezperezdelacru/clio-core/context-runtime/src/scheduler/default_sched.cc:455 WARNING 2485707 operator() [#781] worker 8 STALLED on one task (load_us=0 realtime_load_us=5.75947e+06 threshold_s=1)[0m
[33m/home/cvazquezperezdelacru/clio-core/context-runtime/src/worker.cc:370 WARNING 2485707 AdoptLane [#785] worker 8 adopted lane 0x7fce17efb7e8[0m
[33m/home/cvazquezperezdelacru/clio-core/context-runtime/src/scheduler/default_sched.cc:598 WARNING 2485707 operator() [#785] RESCUE: stalled worker 8 -> worker 12 (0 parked task(s) moved, 0 queued task(s) redistributed, rescues=87)[0m
[33m/home/cvazquezperezdelacru/clio-core/context-runtime/src/scheduler/default_sched.cc:455 WARNING 2485707 operator() [#781] worker 9 STALLED on one task (load_us=0 realtime_load_us=5.75889e+06 threshold_s=1)[0m
[33m/home/cvazquezperezdelacru/clio-core/context-runtime/src/worker.cc:370 WARNING 2485707 AdoptLane [#785] worker 9 adopted lane 0x7fce17efb8a8[0m
[33m/home/cvazquezperezdelacru/clio-core/context-runtime/src/scheduler/default_sched.cc:598 WARNING 2485707 operator() [#785] RESCUE: stalled worker 9 -> worker 12 (0 parked task(s) moved, 0 queued task(s) redistributed, rescues=88)[0m
[33m/home/cvazquezperezdelacru/clio-core/context-runtime/src/scheduler/default_sched.cc:455 WARNING 2485707 operator() [#781] worker 10 STALLED on one task (load_us=0 realtime_load_us=5.75838e+06 threshold_s=1)[0m
[33m/home/cvazquezperezdelacru/clio-core/context-runtime/src/worker.cc:370 WARNING 2485707 AdoptLane [#785] worker 10 adopted lane 0x7fce17efb968[0m
[33m/home/cvazquezperezdelacru/clio-core/context-runtime/src/scheduler/default_sched.cc:598 WARNING 2485707 operator() [#785] RESCUE: stalled worker 10 -> worker 12 (0 parked task(s) moved, 0 queued task(s) redistributed, rescues=89)[0m
[33m/home/cvazquezperezdelacru/clio-core/context-runtime/src/scheduler/default_sched.cc:455 WARNING 2485707 operator() [#781] worker 11 STALLED on one task (load_us=0 realtime_load_us=5.7577e+06 threshold_s=1)[0m
[33m/home/cvazquezperezdelacru/clio-core/context-runtime/src/worker.cc:370 WARNING 2485707 AdoptLane [#785] worker 11 adopted lane 0x7fce17efba28[0m
[33m/home/cvazquezperezdelacru/clio-core/context-runtime/src/scheduler/default_sched.cc:598 WARNING 2485707 operator() [#785] RESCUE: stalled worker 11 -> worker 12 (0 parked task(s) moved, 0 queued task(s) redistributed, rescues=90)[0m
[33m/home/cvazquezperezdelacru/clio-core/context-runtime/src/scheduler/default_sched.cc:785 WARNING 2485707 LoadBalance [#781] ALL 5 compute workers stalled — runtime cannot place new tasks; elastic SpawnAdditionalWorker() needed (follow-up)[0m
[97m/home/cvazquezperezdelacru/clio-core/context-runtime/src/ipc_manager.cc:2440 INFO 2485700 IncreaseClientShm IpcManager::IncreaseClientShm: Creating clio_2485677_145 with size 124517712 (90963280 + 33554432 overhead)[0m
[97m/home/cvazquezperezdelacru/clio-core/context-runtime/src/ipc_manager.cc:2485 INFO 2485700 IncreaseClientShm IpcManager::IncreaseClientShm: Created allocator clio_2485677_145 with ID (2485677.145)[0m
[97m/home/cvazquezperezdelacru/clio-core/context-runtime/src/ipc_manager.cc:2440 INFO 2485960 IncreaseClientShm IpcManager::IncreaseClientShm: Creating clio_2485677_146 with size 128027712 (94473280 + 33554432 overhead)[0m
[97m/home/cvazquezperezdelacru/clio-core/context-runtime/src/ipc_manager.cc:2485 INFO 2485960 IncreaseClientShm IpcManager::IncreaseClientShm: Created allocator clio_2485677_146 with ID (2485677.146)[0m
[97m/home/cvazquezperezdelacru/clio-core/context-runtime/src/ipc_manager.cc:2440 INFO 2485701 IncreaseClientShm IpcManager::IncreaseClientShm: Creating clio_2485677_147 with size 125401712 (91847280 + 33554432 overhead)[0m
[97m/home/cvazquezperezdelacru/clio-core/context-runtime/src/ipc_manager.cc:2485 INFO 2485701 IncreaseClientShm IpcManager::IncreaseClientShm: Created allocator clio_2485677_147 with ID (2485677.147)[0m
[97m/home/cvazquezperezdelacru/clio-core/context-runtime/src/ipc_manager.cc:2440 INFO 2485966 IncreaseClientShm IpcManager::IncreaseClientShm: Creating clio_2485677_148 with size 127731312 (94176880 + 33554432 overhead)[0m
[97m/home/cvazquezperezdelacru/clio-core/context-runtime/src/ipc_manager.cc:2485 INFO 2485966 IncreaseClientShm IpcManager::IncreaseClientShm: Created allocator clio_2485677_148 with ID (2485677.148)[0m
[97m/home/cvazquezperezdelacru/clio-core/context-runtime/src/ipc_manager.cc:2440 INFO 2485700 IncreaseClientShm IpcManager::IncreaseClientShm: Creating clio_2485677_149 with size 126784912 (93230480 + 33554432 overhead)[0m
[97m/home/cvazquezperezdelacru/clio-core/context-runtime/src/ipc_manager.cc:2485 INFO 2485700 IncreaseClientShm IpcManager::IncreaseClientShm: Created allocator clio_2485677_149 with ID (2485677.149)[0m
[33m/home/cvazquezperezdelacru/clio-core/context-runtime/src/scheduler/default_sched.cc:455 WARNING 2485707 operator() [#781] worker 1 STALLED on one task (load_us=0 realtime_load_us=7.58318e+06 threshold_s=1)[0m
[33m/home/cvazquezperezdelacru/clio-core/context-runtime/src/worker.cc:370 WARNING 2485707 AdoptLane [#785] worker 1 adopted lane 0x7fce17efb2a8[0m
[33m/home/cvazquezperezdelacru/clio-core/context-runtime/src/scheduler/default_sched.cc:598 WARNING 2485707 operator() [#785] RESCUE: stalled worker 1 -> worker 12 (0 parked task(s) moved, 0 queued task(s) redistributed, rescues=91)[0m
[33m/home/cvazquezperezdelacru/clio-core/context-runtime/src/scheduler/default_sched.cc:455 WARNING 2485707 operator() [#781] worker 2 STALLED on one task (load_us=0 realtime_load_us=7.58266e+06 threshold_s=1)[0m
[33m/home/cvazquezperezdelacru/clio-core/context-runtime/src/worker.cc:370 WARNING 2485707 AdoptLane [#785] worker 2 adopted lane 0x7fce17efb368[0m
[33m/home/cvazquezperezdelacru/clio-core/context-runtime/src/scheduler/default_sched.cc:598 WARNING 2485707 operator() [#785] RESCUE: stalled worker 2 -> worker 12 (0 parked task(s) moved, 1 queued task(s) redistributed, rescues=92)[0m
[33m/home/cvazquezperezdelacru/clio-core/context-runtime/src/scheduler/default_sched.cc:455 WARNING 2485707 operator() [#781] worker 4 STALLED on one task (load_us=0 realtime_load_us=7.58864e+06 threshold_s=1)[0m
[33m/home/cvazquezperezdelacru/clio-core/context-runtime/src/worker.cc:370 WARNING 2485707 AdoptLane [#785] worker 4 adopted lane 0x7fce17efb4e8[0m
[33m/home/cvazquezperezdelacru/clio-core/context-runtime/src/scheduler/default_sched.cc:598 WARNING 2485707 operator() [#785] RESCUE: stalled worker 4 -> worker 12 (0 parked task(s) moved, 0 queued task(s) redistributed, rescues=93)[0m
[33m/home/cvazquezperezdelacru/clio-core/context-runtime/src/scheduler/default_sched.cc:455 WARNING 2485707 operator() [#781] worker 8 STALLED on one task (load_us=0 realtime_load_us=6.26259e+06 threshold_s=1)[0m
[33m/home/cvazquezperezdelacru/clio-core/context-runtime/src/worker.cc:370 WARNING 2485707 AdoptLane [#785] worker 8 adopted lane 0x7fce17efb7e8[0m
[33m/home/cvazquezperezdelacru/clio-core/context-runtime/src/scheduler/default_sched.cc:598 WARNING 2485707 operator() [#785] RESCUE: stalled worker 8 -> worker 12 (0 parked task(s) moved, 0 queued task(s) redistributed, rescues=94)[0m
[33m/home/cvazquezperezdelacru/clio-core/context-runtime/src/scheduler/default_sched.cc:455 WARNING 2485707 operator() [#781] worker 9 STALLED on one task (load_us=0 realtime_load_us=6.26201e+06 threshold_s=1)[0m
[33m/home/cvazquezperezdelacru/clio-core/context-runtime/src/worker.cc:370 WARNING 2485707 AdoptLane [#785] worker 9 adopted lane 0x7fce17efb8a8[0m
[33m/home/cvazquezperezdelacru/clio-core/context-runtime/src/scheduler/default_sched.cc:598 WARNING 2485707 operator() [#785] RESCUE: stalled worker 9 -> worker 12 (0 parked task(s) moved, 0 queued task(s) redistributed, rescues=95)[0m
[33m/home/cvazquezperezdelacru/clio-core/context-runtime/src/scheduler/default_sched.cc:455 WARNING 2485707 operator() [#781] worker 10 STALLED on one task (load_us=0 realtime_load_us=6.2615e+06 threshold_s=1)[0m
[33m/home/cvazquezperezdelacru/clio-core/context-runtime/src/worker.cc:370 WARNING 2485707 AdoptLane [#785] worker 10 adopted lane 0x7fce17efb968[0m
[33m/home/cvazquezperezdelacru/clio-core/context-runtime/src/scheduler/default_sched.cc:598 WARNING 2485707 operator() [#785] RESCUE: stalled worker 10 -> worker 12 (0 parked task(s) moved, 0 queued task(s) redistributed, rescues=96)[0m
[33m/home/cvazquezperezdelacru/clio-core/context-runtime/src/scheduler/default_sched.cc:455 WARNING 2485707 operator() [#781] worker 11 STALLED on one task (load_us=0 realtime_load_us=6.26082e+06 threshold_s=1)[0m
[33m/home/cvazquezperezdelacru/clio-core/context-runtime/src/worker.cc:370 WARNING 2485707 AdoptLane [#785] worker 11 adopted lane 0x7fce17efba28[0m
[33m/home/cvazquezperezdelacru/clio-core/context-runtime/src/scheduler/default_sched.cc:598 WARNING 2485707 operator() [#785] RESCUE: stalled worker 11 -> worker 12 (0 parked task(s) moved, 0 queued task(s) redistributed, rescues=97)[0m
[33m/home/cvazquezperezdelacru/clio-core/context-runtime/src/scheduler/default_sched.cc:785 WARNING 2485707 LoadBalance [#781] ALL 5 compute workers stalled — runtime cannot place new tasks; elastic SpawnAdditionalWorker() needed (follow-up)[0m
[97m/home/cvazquezperezdelacru/clio-core/context-runtime/src/ipc_manager.cc:2440 INFO 2485700 IncreaseClientShm IpcManager::IncreaseClientShm: Creating clio_2485677_150 with size 126621112 (93066680 + 33554432 overhead)[0m
[97m/home/cvazquezperezdelacru/clio-core/context-runtime/src/ipc_manager.cc:2485 INFO 2485700 IncreaseClientShm IpcManager::IncreaseClientShm: Created allocator clio_2485677_150 with ID (2485677.150)[0m
[97m/home/cvazquezperezdelacru/clio-core/context-runtime/src/ipc_manager.cc:2440 INFO 2485703 IncreaseClientShm IpcManager::IncreaseClientShm: Creating clio_2485677_151 with size 127291912 (93737480 + 33554432 overhead)[0m
[97m/home/cvazquezperezdelacru/clio-core/context-runtime/src/ipc_manager.cc:2485 INFO 2485703 IncreaseClientShm IpcManager::IncreaseClientShm: Created allocator clio_2485677_151 with ID (2485677.151)[0m
[97m/home/cvazquezperezdelacru/clio-core/context-runtime/src/ipc_manager.cc:2440 INFO 2485700 IncreaseClientShm IpcManager::IncreaseClientShm: Creating clio_2485677_152 with size 125032512 (91478080 + 33554432 overhead)[0m
[97m/home/cvazquezperezdelacru/clio-core/context-runtime/src/ipc_manager.cc:2485 INFO 2485700 IncreaseClientShm IpcManager::IncreaseClientShm: Created allocator clio_2485677_152 with ID (2485677.152)[0m
[97m/home/cvazquezperezdelacru/clio-core/context-runtime/src/ipc_manager.cc:2440 INFO 2485960 IncreaseClientShm IpcManager::IncreaseClientShm: Creating clio_2485677_153 with size 132242312 (98687880 + 33554432 overhead)[0m
[97m/home/cvazquezperezdelacru/clio-core/context-runtime/src/ipc_manager.cc:2485 INFO 2485960 IncreaseClientShm IpcManager::IncreaseClientShm: Created allocator clio_2485677_153 with ID (2485677.153)[0m
[97m/home/cvazquezperezdelacru/clio-core/context-runtime/src/ipc_manager.cc:2440 INFO 2485966 IncreaseClientShm IpcManager::IncreaseClientShm: Creating clio_2485677_154 with size 126227216 (92672784 + 33554432 overhead)[0m
[97m/home/cvazquezperezdelacru/clio-core/context-runtime/src/ipc_manager.cc:2485 INFO 2485966 IncreaseClientShm IpcManager::IncreaseClientShm: Created allocator clio_2485677_154 with ID (2485677.154)[0m
[33m/home/cvazquezperezdelacru/clio-core/context-runtime/src/scheduler/default_sched.cc:455 WARNING 2485707 operator() [#781] worker 8 STALLED on one task (load_us=0 realtime_load_us=6.76657e+06 threshold_s=1)[0m
[33m/home/cvazquezperezdelacru/clio-core/context-runtime/src/worker.cc:370 WARNING 2485707 AdoptLane [#785] worker 8 adopted lane 0x7fce17efb7e8[0m
[33m/home/cvazquezperezdelacru/clio-core/context-runtime/src/scheduler/default_sched.cc:598 WARNING 2485707 operator() [#785] RESCUE: stalled worker 8 -> worker 12 (0 parked task(s) moved, 0 queued task(s) redistributed, rescues=98)[0m
[33m/home/cvazquezperezdelacru/clio-core/context-runtime/src/scheduler/default_sched.cc:455 WARNING 2485707 operator() [#781] worker 9 STALLED on one task (load_us=0 realtime_load_us=6.76599e+06 threshold_s=1)[0m
[33m/home/cvazquezperezdelacru/clio-core/context-runtime/src/worker.cc:370 WARNING 2485707 AdoptLane [#785] worker 9 adopted lane 0x7fce17efb8a8[0m
[33m/home/cvazquezperezdelacru/clio-core/context-runtime/src/scheduler/default_sched.cc:598 WARNING 2485707 operator() [#785] RESCUE: stalled worker 9 -> worker 12 (0 parked task(s) moved, 0 queued task(s) redistributed, rescues=99)[0m
[33m/home/cvazquezperezdelacru/clio-core/context-runtime/src/scheduler/default_sched.cc:455 WARNING 2485707 operator() [#781] worker 10 STALLED on one task (load_us=0 realtime_load_us=6.76547e+06 threshold_s=1)[0m
[33m/home/cvazquezperezdelacru/clio-core/context-runtime/src/worker.cc:370 WARNING 2485707 AdoptLane [#785] worker 10 adopted lane 0x7fce17efb968[0m
[33m/home/cvazquezperezdelacru/clio-core/context-runtime/src/scheduler/default_sched.cc:598 WARNING 2485707 operator() [#785] RESCUE: stalled worker 10 -> worker 12 (0 parked task(s) moved, 0 queued task(s) redistributed, rescues=100)[0m
[33m/home/cvazquezperezdelacru/clio-core/context-runtime/src/scheduler/default_sched.cc:455 WARNING 2485707 operator() [#781] worker 11 STALLED on one task (load_us=0 realtime_load_us=6.76479e+06 threshold_s=1)[0m
[33m/home/cvazquezperezdelacru/clio-core/context-runtime/src/worker.cc:370 WARNING 2485707 AdoptLane [#785] worker 11 adopted lane 0x7fce17efba28[0m
[33m/home/cvazquezperezdelacru/clio-core/context-runtime/src/scheduler/default_sched.cc:598 WARNING 2485707 operator() [#785] RESCUE: stalled worker 11 -> worker 12 (0 parked task(s) moved, 0 queued task(s) redistributed, rescues=101)[0m
[97m/home/cvazquezperezdelacru/clio-core/context-runtime/src/ipc_manager.cc:2440 INFO 2485960 IncreaseClientShm IpcManager::IncreaseClientShm: Creating clio_2485677_155 with size 126227216 (92672784 + 33554432 overhead)[0m
[97m/home/cvazquezperezdelacru/clio-core/context-runtime/src/ipc_manager.cc:2485 INFO 2485960 IncreaseClientShm IpcManager::IncreaseClientShm: Created allocator clio_2485677_155 with ID (2485677.155)[0m
[97m/home/cvazquezperezdelacru/clio-core/context-runtime/src/ipc_manager.cc:2440 INFO 2485949 IncreaseClientShm IpcManager::IncreaseClientShm: Creating clio_2485677_156 with size 128298112 (94743680 + 33554432 overhead)[0m
[97m/home/cvazquezperezdelacru/clio-core/context-runtime/src/ipc_manager.cc:2485 INFO 2485949 IncreaseClientShm IpcManager::IncreaseClientShm: Created allocator clio_2485677_156 with ID (2485677.156)[0m
[97m/home/cvazquezperezdelacru/clio-core/context-runtime/src/ipc_manager.cc:2440 INFO 2485960 IncreaseClientShm IpcManager::IncreaseClientShm: Creating clio_2485677_157 with size 126896712 (93342280 + 33554432 overhead)[0m
[97m/home/cvazquezperezdelacru/clio-core/context-runtime/src/ipc_manager.cc:2485 INFO 2485960 IncreaseClientShm IpcManager::IncreaseClientShm: Created allocator clio_2485677_157 with ID (2485677.157)[0m
[97m/home/cvazquezperezdelacru/clio-core/context-runtime/src/ipc_manager.cc:2440 INFO 2485949 IncreaseClientShm IpcManager::IncreaseClientShm: Creating clio_2485677_158 with size 124654208 (91099776 + 33554432 overhead)[0m
[97m/home/cvazquezperezdelacru/clio-core/context-runtime/src/ipc_manager.cc:2485 INFO 2485949 IncreaseClientShm IpcManager::IncreaseClientShm: Created allocator clio_2485677_158 with ID (2485677.158)[0m
[97m/home/cvazquezperezdelacru/clio-core/context-runtime/src/ipc_manager.cc:2440 INFO 2485879 IncreaseClientShm IpcManager::IncreaseClientShm: Creating clio_2485677_159 with size 132545216 (98990784 + 33554432 overhead)[0m
[97m/home/cvazquezperezdelacru/clio-core/context-runtime/src/ipc_manager.cc:2485 INFO 2485879 IncreaseClientShm IpcManager::IncreaseClientShm: Created allocator clio_2485677_159 with ID (2485677.159)[0m
[33m/home/cvazquezperezdelacru/clio-core/context-runtime/src/scheduler/default_sched.cc:455 WARNING 2485707 operator() [#781] worker 8 STALLED on one task (load_us=0 realtime_load_us=7.26868e+06 threshold_s=1)[0m
[33m/home/cvazquezperezdelacru/clio-core/context-runtime/src/worker.cc:370 WARNING 2485707 AdoptLane [#785] worker 8 adopted lane 0x7fce17efb7e8[0m
[33m/home/cvazquezperezdelacru/clio-core/context-runtime/src/scheduler/default_sched.cc:598 WARNING 2485707 operator() [#785] RESCUE: stalled worker 8 -> worker 12 (0 parked task(s) moved, 0 queued task(s) redistributed, rescues=102)[0m
[33m/home/cvazquezperezdelacru/clio-core/context-runtime/src/scheduler/default_sched.cc:455 WARNING 2485707 operator() [#781] worker 9 STALLED on one task (load_us=0 realtime_load_us=7.26809e+06 threshold_s=1)[0m
[33m/home/cvazquezperezdelacru/clio-core/context-runtime/src/worker.cc:370 WARNING 2485707 AdoptLane [#785] worker 9 adopted lane 0x7fce17efb8a8[0m
[33m/home/cvazquezperezdelacru/clio-core/context-runtime/src/scheduler/default_sched.cc:598 WARNING 2485707 operator() [#785] RESCUE: stalled worker 9 -> worker 12 (0 parked task(s) moved, 0 queued task(s) redistributed, rescues=103)[0m
[33m/home/cvazquezperezdelacru/clio-core/context-runtime/src/scheduler/default_sched.cc:455 WARNING 2485707 operator() [#781] worker 10 STALLED on one task (load_us=0 realtime_load_us=7.26758e+06 threshold_s=1)[0m
[33m/home/cvazquezperezdelacru/clio-core/context-runtime/src/worker.cc:370 WARNING 2485707 AdoptLane [#785] worker 10 adopted lane 0x7fce17efb968[0m
[33m/home/cvazquezperezdelacru/clio-core/context-runtime/src/scheduler/default_sched.cc:598 WARNING 2485707 operator() [#785] RESCUE: stalled worker 10 -> worker 12 (0 parked task(s) moved, 0 queued task(s) redistributed, rescues=104)[0m
[33m/home/cvazquezperezdelacru/clio-core/context-runtime/src/scheduler/default_sched.cc:455 WARNING 2485707 operator() [#781] worker 11 STALLED on one task (load_us=0 realtime_load_us=7.2669e+06 threshold_s=1)[0m
[33m/home/cvazquezperezdelacru/clio-core/context-runtime/src/worker.cc:370 WARNING 2485707 AdoptLane [#785] worker 11 adopted lane 0x7fce17efba28[0m
[33m/home/cvazquezperezdelacru/clio-core/context-runtime/src/scheduler/default_sched.cc:598 WARNING 2485707 operator() [#785] RESCUE: stalled worker 11 -> worker 12 (0 parked task(s) moved, 0 queued task(s) redistributed, rescues=105)[0m
[97m/home/cvazquezperezdelacru/clio-core/context-runtime/src/ipc_manager.cc:2440 INFO 2485949 IncreaseClientShm IpcManager::IncreaseClientShm: Creating clio_2485677_160 with size 129096312 (95541880 + 33554432 overhead)[0m
[97m/home/cvazquezperezdelacru/clio-core/context-runtime/src/ipc_manager.cc:2485 INFO 2485949 IncreaseClientShm IpcManager::IncreaseClientShm: Created allocator clio_2485677_160 with ID (2485677.160)[0m
[97m/home/cvazquezperezdelacru/clio-core/context-runtime/src/ipc_manager.cc:2440 INFO 2485949 IncreaseClientShm IpcManager::IncreaseClientShm: Creating clio_2485677_161 with size 132545216 (98990784 + 33554432 overhead)[0m
[97m/home/cvazquezperezdelacru/clio-core/context-runtime/src/ipc_manager.cc:2485 INFO 2485949 IncreaseClientShm IpcManager::IncreaseClientShm: Created allocator clio_2485677_161 with ID (2485677.161)[0m
[97m/home/cvazquezperezdelacru/clio-core/context-runtime/src/ipc_manager.cc:2440 INFO 2485966 IncreaseClientShm IpcManager::IncreaseClientShm: Creating clio_2485677_162 with size 126621112 (93066680 + 33554432 overhead)[0m
[97m/home/cvazquezperezdelacru/clio-core/context-runtime/src/ipc_manager.cc:2485 INFO 2485966 IncreaseClientShm IpcManager::IncreaseClientShm: Created allocator clio_2485677_162 with ID (2485677.162)[0m
[97m/home/cvazquezperezdelacru/clio-core/context-runtime/src/ipc_manager.cc:2440 INFO 2485949 IncreaseClientShm IpcManager::IncreaseClientShm: Creating clio_2485677_163 with size 125401712 (91847280 + 33554432 overhead)[0m
[97m/home/cvazquezperezdelacru/clio-core/context-runtime/src/ipc_manager.cc:2485 INFO 2485949 IncreaseClientShm IpcManager::IncreaseClientShm: Created allocator clio_2485677_163 with ID (2485677.163)[0m
[97m/home/cvazquezperezdelacru/clio-core/context-runtime/src/ipc_manager.cc:2440 INFO 2485879 IncreaseClientShm IpcManager::IncreaseClientShm: Creating clio_2485677_164 with size 126621112 (93066680 + 33554432 overhead)[0m
[97m/home/cvazquezperezdelacru/clio-core/context-runtime/src/ipc_manager.cc:2485 INFO 2485879 IncreaseClientShm IpcManager::IncreaseClientShm: Created allocator clio_2485677_164 with ID (2485677.164)[0m
[33m/home/cvazquezperezdelacru/clio-core/context-runtime/src/scheduler/default_sched.cc:455 WARNING 2485707 operator() [#781] worker 8 STALLED on one task (load_us=0 realtime_load_us=7.77092e+06 threshold_s=1)[0m
[33m/home/cvazquezperezdelacru/clio-core/context-runtime/src/worker.cc:370 WARNING 2485707 AdoptLane [#785] worker 8 adopted lane 0x7fce17efb7e8[0m
[33m/home/cvazquezperezdelacru/clio-core/context-runtime/src/scheduler/default_sched.cc:598 WARNING 2485707 operator() [#785] RESCUE: stalled worker 8 -> worker 11 (0 parked task(s) moved, 0 queued task(s) redistributed, rescues=106)[0m
[33m/home/cvazquezperezdelacru/clio-core/context-runtime/src/scheduler/default_sched.cc:455 WARNING 2485707 operator() [#781] worker 9 STALLED on one task (load_us=0 realtime_load_us=7.77034e+06 threshold_s=1)[0m
[33m/home/cvazquezperezdelacru/clio-core/context-runtime/src/worker.cc:370 WARNING 2485707 AdoptLane [#785] worker 9 adopted lane 0x7fce17efb8a8[0m
[33m/home/cvazquezperezdelacru/clio-core/context-runtime/src/scheduler/default_sched.cc:598 WARNING 2485707 operator() [#785] RESCUE: stalled worker 9 -> worker 11 (0 parked task(s) moved, 0 queued task(s) redistributed, rescues=107)[0m
[33m/home/cvazquezperezdelacru/clio-core/context-runtime/src/scheduler/default_sched.cc:455 WARNING 2485707 operator() [#781] worker 10 STALLED on one task (load_us=0 realtime_load_us=7.76982e+06 threshold_s=1)[0m
[33m/home/cvazquezperezdelacru/clio-core/context-runtime/src/worker.cc:370 WARNING 2485707 AdoptLane [#785] worker 10 adopted lane 0x7fce17efb968[0m
[33m/home/cvazquezperezdelacru/clio-core/context-runtime/src/scheduler/default_sched.cc:598 WARNING 2485707 operator() [#785] RESCUE: stalled worker 10 -> worker 11 (0 parked task(s) moved, 0 queued task(s) redistributed, rescues=108)[0m
[97m/mnt/common/cvazquezperezdelacru/IOWARP/faiss/contrib/iowarp/chimod/src/faiss_ivf_runtime.cc:300 INFO 2485700 Search faiss_ivf: Search nq=63 k=10 nprobe=64 unique_lists=2413[0m
[97m/mnt/common/cvazquezperezdelacru/IOWARP/faiss/contrib/iowarp/chimod/src/faiss_ivf_runtime.cc:300 INFO 2485702 Search faiss_ivf: Search nq=62 k=10 nprobe=64 unique_lists=2453[0m
[97m/mnt/common/cvazquezperezdelacru/IOWARP/faiss/contrib/iowarp/chimod/src/faiss_ivf_runtime.cc:300 INFO 2485701 Search faiss_ivf: Search nq=62 k=10 nprobe=64 unique_lists=2388[0m
[97m/mnt/common/cvazquezperezdelacru/IOWARP/faiss/contrib/iowarp/chimod/src/faiss_ivf_runtime.cc:300 INFO 2485703 Search faiss_ivf: Search nq=63 k=10 nprobe=64 unique_lists=2541[0m
[97m/home/cvazquezperezdelacru/clio-core/context-runtime/src/ipc_manager.cc:2440 INFO 2485700 IncreaseClientShm IpcManager::IncreaseClientShm: Creating clio_2485677_165 with size 127986112 (94431680 + 33554432 overhead)[0m
[97m/home/cvazquezperezdelacru/clio-core/context-runtime/src/ipc_manager.cc:2485 INFO 2485700 IncreaseClientShm IpcManager::IncreaseClientShm: Created allocator clio_2485677_165 with ID (2485677.165)[0m
[97m/home/cvazquezperezdelacru/clio-core/context-runtime/src/ipc_manager.cc:2440 INFO 2485702 IncreaseClientShm IpcManager::IncreaseClientShm: Creating clio_2485677_166 with size 127986112 (94431680 + 33554432 overhead)[0m
[97m/home/cvazquezperezdelacru/clio-core/context-runtime/src/ipc_manager.cc:2485 INFO 2485702 IncreaseClientShm IpcManager::IncreaseClientShm: Created allocator clio_2485677_166 with ID (2485677.166)[0m
[97m/home/cvazquezperezdelacru/clio-core/context-runtime/src/ipc_manager.cc:2440 INFO 2485701 IncreaseClientShm IpcManager::IncreaseClientShm: Creating clio_2485677_167 with size 131004712 (97450280 + 33554432 overhead)[0m
[97m/home/cvazquezperezdelacru/clio-core/context-runtime/src/ipc_manager.cc:2485 INFO 2485701 IncreaseClientShm IpcManager::IncreaseClientShm: Created allocator clio_2485677_167 with ID (2485677.167)[0m
[97m/home/cvazquezperezdelacru/clio-core/context-runtime/src/ipc_manager.cc:2440 INFO 2485701 IncreaseClientShm IpcManager::IncreaseClientShm: Creating clio_2485677_168 with size 131103512 (97549080 + 33554432 overhead)[0m
[97m/home/cvazquezperezdelacru/clio-core/context-runtime/src/ipc_manager.cc:2485 INFO 2485701 IncreaseClientShm IpcManager::IncreaseClientShm: Created allocator clio_2485677_168 with ID (2485677.168)[0m
[33m/home/cvazquezperezdelacru/clio-core/context-runtime/src/scheduler/default_sched.cc:430 WARNING 2485707 LoadBalance [#781 PDF] observed exec-time bins (cumulative): <10us=727603 <50us=19008 <500us=464 <10ms=4112 <50ms=7 <500ms=2 <1s=0 >=1s=19 | stalls_detected=108[0m
[33m/home/cvazquezperezdelacru/clio-core/context-runtime/src/scheduler/default_sched.cc:439 WARNING 2485707 LoadBalance [#785] lane rescues performed: 108[0m
[97m/home/cvazquezperezdelacru/clio-core/context-runtime/src/ipc_manager.cc:2440 INFO 2485702 IncreaseClientShm IpcManager::IncreaseClientShm: Creating clio_2485677_169 with size 128261712 (94707280 + 33554432 overhead)[0m
[97m/home/cvazquezperezdelacru/clio-core/context-runtime/src/ipc_manager.cc:2485 INFO 2485702 IncreaseClientShm IpcManager::IncreaseClientShm: Created allocator clio_2485677_169 with ID (2485677.169)[0m
[97m/home/cvazquezperezdelacru/clio-core/context-runtime/src/ipc_manager.cc:2440 INFO 2485703 IncreaseClientShm IpcManager::IncreaseClientShm: Creating clio_2485677_170 with size 124776416 (91221984 + 33554432 overhead)[0m
[97m/home/cvazquezperezdelacru/clio-core/context-runtime/src/ipc_manager.cc:2485 INFO 2485703 IncreaseClientShm IpcManager::IncreaseClientShm: Created allocator clio_2485677_170 with ID (2485677.170)[0m
[97m/home/cvazquezperezdelacru/clio-core/context-runtime/src/ipc_manager.cc:2440 INFO 2485702 IncreaseClientShm IpcManager::IncreaseClientShm: Creating clio_2485677_171 with size 125548608 (91994176 + 33554432 overhead)[0m
[97m/home/cvazquezperezdelacru/clio-core/context-runtime/src/ipc_manager.cc:2485 INFO 2485702 IncreaseClientShm IpcManager::IncreaseClientShm: Created allocator clio_2485677_171 with ID (2485677.171)[0m
[97m/home/cvazquezperezdelacru/clio-core/context-runtime/src/ipc_manager.cc:2440 INFO 2485700 IncreaseClientShm IpcManager::IncreaseClientShm: Creating clio_2485677_172 with size 126254512 (92700080 + 33554432 overhead)[0m
[97m/home/cvazquezperezdelacru/clio-core/context-runtime/src/ipc_manager.cc:2485 INFO 2485700 IncreaseClientShm IpcManager::IncreaseClientShm: Created allocator clio_2485677_172 with ID (2485677.172)[0m
[97m/home/cvazquezperezdelacru/clio-core/context-runtime/src/ipc_manager.cc:2440 INFO 2485702 IncreaseClientShm IpcManager::IncreaseClientShm: Creating clio_2485677_173 with size 126254512 (92700080 + 33554432 overhead)[0m
[97m/home/cvazquezperezdelacru/clio-core/context-runtime/src/ipc_manager.cc:2485 INFO 2485702 IncreaseClientShm IpcManager::IncreaseClientShm: Created allocator clio_2485677_173 with ID (2485677.173)[0m
[97m/home/cvazquezperezdelacru/clio-core/context-runtime/src/ipc_manager.cc:2440 INFO 2485700 IncreaseClientShm IpcManager::IncreaseClientShm: Creating clio_2485677_174 with size 126489808 (92935376 + 33554432 overhead)[0m
[97m/home/cvazquezperezdelacru/clio-core/context-runtime/src/ipc_manager.cc:2485 INFO 2485700 IncreaseClientShm IpcManager::IncreaseClientShm: Created allocator clio_2485677_174 with ID (2485677.174)[0m
[97m/home/cvazquezperezdelacru/clio-core/context-runtime/src/ipc_manager.cc:2440 INFO 2485703 IncreaseClientShm IpcManager::IncreaseClientShm: Creating clio_2485677_175 with size 126489808 (92935376 + 33554432 overhead)[0m
[97m/home/cvazquezperezdelacru/clio-core/context-runtime/src/ipc_manager.cc:2485 INFO 2485703 IncreaseClientShm IpcManager::IncreaseClientShm: Created allocator clio_2485677_175 with ID (2485677.175)[0m
[97m/home/cvazquezperezdelacru/clio-core/context-runtime/src/ipc_manager.cc:2440 INFO 2485700 IncreaseClientShm IpcManager::IncreaseClientShm: Creating clio_2485677_176 with size 129088512 (95534080 + 33554432 overhead)[0m
[97m/home/cvazquezperezdelacru/clio-core/context-runtime/src/ipc_manager.cc:2485 INFO 2485700 IncreaseClientShm IpcManager::IncreaseClientShm: Created allocator clio_2485677_176 with ID (2485677.176)[0m
[31m/home/cvazquezperezdelacru/clio-core/context-runtime/src/scheduler/default_sched.cc:726 ERROR 2485707 LoadBalance [HANGWATCH-HB] processed=12366 outstanding=4 (queued=4 blocked=0 retry=0 periodic=7) live=4 live_stalled=4[0m
[33m/home/cvazquezperezdelacru/clio-core/context-runtime/src/scheduler/default_sched.cc:455 WARNING 2485707 operator() [#781] worker 1 STALLED on one task (load_us=0 realtime_load_us=6.34023e+06 threshold_s=1)[0m
[33m/home/cvazquezperezdelacru/clio-core/context-runtime/src/worker.cc:370 WARNING 2485707 AdoptLane [#785] worker 1 adopted lane 0x7fce17efb2a8[0m
[33m/home/cvazquezperezdelacru/clio-core/context-runtime/src/scheduler/default_sched.cc:598 WARNING 2485707 operator() [#785] RESCUE: stalled worker 1 -> worker 8 (0 parked task(s) moved, 1 queued task(s) redistributed, rescues=109)[0m
[33m/home/cvazquezperezdelacru/clio-core/context-runtime/src/scheduler/default_sched.cc:455 WARNING 2485707 operator() [#781] worker 2 STALLED on one task (load_us=0 realtime_load_us=6.3395e+06 threshold_s=1)[0m
[33m/home/cvazquezperezdelacru/clio-core/context-runtime/src/worker.cc:370 WARNING 2485707 AdoptLane [#785] worker 2 adopted lane 0x7fce17efb368[0m
[33m/home/cvazquezperezdelacru/clio-core/context-runtime/src/scheduler/default_sched.cc:598 WARNING 2485707 operator() [#785] RESCUE: stalled worker 2 -> worker 9 (1 parked task(s) moved, 1 queued task(s) redistributed, rescues=110)[0m
[33m/home/cvazquezperezdelacru/clio-core/context-runtime/src/scheduler/default_sched.cc:455 WARNING 2485707 operator() [#781] worker 3 STALLED on one task (load_us=0 realtime_load_us=6.34423e+06 threshold_s=1)[0m
[33m/home/cvazquezperezdelacru/clio-core/context-runtime/src/worker.cc:370 WARNING 2485707 AdoptLane [#785] worker 3 adopted lane 0x7fce17efb428[0m
[33m/home/cvazquezperezdelacru/clio-core/context-runtime/src/scheduler/default_sched.cc:598 WARNING 2485707 operator() [#785] RESCUE: stalled worker 3 -> worker 10 (0 parked task(s) moved, 1 queued task(s) redistributed, rescues=111)[0m
[33m/home/cvazquezperezdelacru/clio-core/context-runtime/src/scheduler/default_sched.cc:455 WARNING 2485707 operator() [#781] worker 4 STALLED on one task (load_us=0 realtime_load_us=6.34597e+06 threshold_s=1)[0m
[33m/home/cvazquezperezdelacru/clio-core/context-runtime/src/worker.cc:370 WARNING 2485707 AdoptLane [#785] worker 4 adopted lane 0x7fce17efb4e8[0m
[33m/home/cvazquezperezdelacru/clio-core/context-runtime/src/scheduler/default_sched.cc:598 WARNING 2485707 operator() [#785] RESCUE: stalled worker 4 -> worker 11 (0 parked task(s) moved, 1 queued task(s) redistributed, rescues=112)[0m
[97m/mnt/common/cvazquezperezdelacru/IOWARP/faiss/contrib/iowarp/chimod/src/faiss_ivf_runtime.cc:300 INFO 2485879 Search faiss_ivf: Search nq=63 k=10 nprobe=64 unique_lists=2503[0m
[97m/mnt/common/cvazquezperezdelacru/IOWARP/faiss/contrib/iowarp/chimod/src/faiss_ivf_runtime.cc:300 INFO 2485949 Search faiss_ivf: Search nq=62 k=10 nprobe=64 unique_lists=2577[0m
[97m/mnt/common/cvazquezperezdelacru/IOWARP/faiss/contrib/iowarp/chimod/src/faiss_ivf_runtime.cc:300 INFO 2485960 Search faiss_ivf: Search nq=62 k=10 nprobe=64 unique_lists=2553[0m
[97m/mnt/common/cvazquezperezdelacru/IOWARP/faiss/contrib/iowarp/chimod/src/faiss_ivf_runtime.cc:300 INFO 2485966 Search faiss_ivf: Search nq=63 k=10 nprobe=64 unique_lists=2483[0m
[97m/home/cvazquezperezdelacru/clio-core/context-runtime/src/ipc_manager.cc:2440 INFO 2485879 IncreaseClientShm IpcManager::IncreaseClientShm: Creating clio_2485677_177 with size 129013112 (95458680 + 33554432 overhead)[0m
[97m/home/cvazquezperezdelacru/clio-core/context-runtime/src/ipc_manager.cc:2485 INFO 2485879 IncreaseClientShm IpcManager::IncreaseClientShm: Created allocator clio_2485677_177 with ID (2485677.177)[0m
[97m/home/cvazquezperezdelacru/clio-core/context-runtime/src/ipc_manager.cc:2440 INFO 2485960 IncreaseClientShm IpcManager::IncreaseClientShm: Creating clio_2485677_178 with size 127986112 (94431680 + 33554432 overhead)[0m
[97m/home/cvazquezperezdelacru/clio-core/context-runtime/src/ipc_manager.cc:2485 INFO 2485960 IncreaseClientShm IpcManager::IncreaseClientShm: Created allocator clio_2485677_178 with ID (2485677.178)[0m
[97m/home/cvazquezperezdelacru/clio-core/context-runtime/src/ipc_manager.cc:2440 INFO 2485949 IncreaseClientShm IpcManager::IncreaseClientShm: Creating clio_2485677_179 with size 126589912 (93035480 + 33554432 overhead)[0m
[97m/home/cvazquezperezdelacru/clio-core/context-runtime/src/ipc_manager.cc:2485 INFO 2485949 IncreaseClientShm IpcManager::IncreaseClientShm: Created allocator clio_2485677_179 with ID (2485677.179)[0m
[97m/home/cvazquezperezdelacru/clio-core/context-runtime/src/ipc_manager.cc:2440 INFO 2485701 IncreaseClientShm IpcManager::IncreaseClientShm: Creating clio_2485677_180 with size 127550608 (93996176 + 33554432 overhead)[0m
[97m/home/cvazquezperezdelacru/clio-core/context-runtime/src/ipc_manager.cc:2485 INFO 2485701 IncreaseClientShm IpcManager::IncreaseClientShm: Created allocator clio_2485677_180 with ID (2485677.180)[0m
[33m/home/cvazquezperezdelacru/clio-core/context-runtime/src/scheduler/default_sched.cc:455 WARNING 2485707 operator() [#781] worker 1 STALLED on one task (load_us=0 realtime_load_us=4.33696e+06 threshold_s=1)[0m
[33m/home/cvazquezperezdelacru/clio-core/context-runtime/src/worker.cc:370 WARNING 2485707 AdoptLane [#785] worker 1 adopted lane 0x7fce17efb2a8[0m
[33m/home/cvazquezperezdelacru/clio-core/context-runtime/src/scheduler/default_sched.cc:598 WARNING 2485707 operator() [#785] RESCUE: stalled worker 1 -> worker 12 (0 parked task(s) moved, 0 queued task(s) redistributed, rescues=113)[0m
[33m/home/cvazquezperezdelacru/clio-core/context-runtime/src/scheduler/default_sched.cc:455 WARNING 2485707 operator() [#781] worker 2 STALLED on one task (load_us=0 realtime_load_us=4.33623e+06 threshold_s=1)[0m
[33m/home/cvazquezperezdelacru/clio-core/context-runtime/src/worker.cc:370 WARNING 2485707 AdoptLane [#785] worker 2 adopted lane 0x7fce17efb368[0m
[33m/home/cvazquezperezdelacru/clio-core/context-runtime/src/scheduler/default_sched.cc:598 WARNING 2485707 operator() [#785] RESCUE: stalled worker 2 -> worker 12 (0 parked task(s) moved, 0 queued task(s) redistributed, rescues=114)[0m
[33m/home/cvazquezperezdelacru/clio-core/context-runtime/src/scheduler/default_sched.cc:455 WARNING 2485707 operator() [#781] worker 3 STALLED on one task (load_us=0 realtime_load_us=4.34096e+06 threshold_s=1)[0m
[33m/home/cvazquezperezdelacru/clio-core/context-runtime/src/worker.cc:370 WARNING 2485707 AdoptLane [#785] worker 3 adopted lane 0x7fce17efb428[0m
[33m/home/cvazquezperezdelacru/clio-core/context-runtime/src/scheduler/default_sched.cc:598 WARNING 2485707 operator() [#785] RESCUE: stalled worker 3 -> worker 12 (0 parked task(s) moved, 0 queued task(s) redistributed, rescues=115)[0m
[33m/home/cvazquezperezdelacru/clio-core/context-runtime/src/scheduler/default_sched.cc:455 WARNING 2485707 operator() [#781] worker 4 STALLED on one task (load_us=0 realtime_load_us=4.34269e+06 threshold_s=1)[0m
[33m/home/cvazquezperezdelacru/clio-core/context-runtime/src/worker.cc:370 WARNING 2485707 AdoptLane [#785] worker 4 adopted lane 0x7fce17efb4e8[0m
[33m/home/cvazquezperezdelacru/clio-core/context-runtime/src/scheduler/default_sched.cc:598 WARNING 2485707 operator() [#785] RESCUE: stalled worker 4 -> worker 12 (0 parked task(s) moved, 0 queued task(s) redistributed, rescues=116)[0m
[97m/home/cvazquezperezdelacru/clio-core/context-runtime/src/ipc_manager.cc:2440 INFO 2485949 IncreaseClientShm IpcManager::IncreaseClientShm: Creating clio_2485677_181 with size 128261712 (94707280 + 33554432 overhead)[0m
[97m/home/cvazquezperezdelacru/clio-core/context-runtime/src/ipc_manager.cc:2485 INFO 2485949 IncreaseClientShm IpcManager::IncreaseClientShm: Created allocator clio_2485677_181 with ID (2485677.181)[0m
[97m/home/cvazquezperezdelacru/clio-core/context-runtime/src/ipc_manager.cc:2440 INFO 2485960 IncreaseClientShm IpcManager::IncreaseClientShm: Creating clio_2485677_182 with size 130895512 (97341080 + 33554432 overhead)[0m
[97m/home/cvazquezperezdelacru/clio-core/context-runtime/src/ipc_manager.cc:2485 INFO 2485960 IncreaseClientShm IpcManager::IncreaseClientShm: Created allocator clio_2485677_182 with ID (2485677.182)[0m
[97m/home/cvazquezperezdelacru/clio-core/context-runtime/src/ipc_manager.cc:2440 INFO 2485703 IncreaseClientShm IpcManager::IncreaseClientShm: Creating clio_2485677_183 with size 124572312 (91017880 + 33554432 overhead)[0m
[97m/home/cvazquezperezdelacru/clio-core/context-runtime/src/ipc_manager.cc:2485 INFO 2485703 IncreaseClientShm IpcManager::IncreaseClientShm: Created allocator clio_2485677_183 with ID (2485677.183)[0m
[97m/home/cvazquezperezdelacru/clio-core/context-runtime/src/ipc_manager.cc:2440 INFO 2485700 IncreaseClientShm IpcManager::IncreaseClientShm: Creating clio_2485677_184 with size 128298112 (94743680 + 33554432 overhead)[0m
[97m/home/cvazquezperezdelacru/clio-core/context-runtime/src/ipc_manager.cc:2485 INFO 2485700 IncreaseClientShm IpcManager::IncreaseClientShm: Created allocator clio_2485677_184 with ID (2485677.184)[0m
[33m/home/cvazquezperezdelacru/clio-core/context-runtime/src/scheduler/default_sched.cc:455 WARNING 2485707 operator() [#781] worker 1 STALLED on one task (load_us=0 realtime_load_us=4.83922e+06 threshold_s=1)[0m
[33m/home/cvazquezperezdelacru/clio-core/context-runtime/src/worker.cc:370 WARNING 2485707 AdoptLane [#785] worker 1 adopted lane 0x7fce17efb2a8[0m
[33m/home/cvazquezperezdelacru/clio-core/context-runtime/src/scheduler/default_sched.cc:598 WARNING 2485707 operator() [#785] RESCUE: stalled worker 1 -> worker 12 (0 parked task(s) moved, 0 queued task(s) redistributed, rescues=117)[0m
[33m/home/cvazquezperezdelacru/clio-core/context-runtime/src/scheduler/default_sched.cc:455 WARNING 2485707 operator() [#781] worker 2 STALLED on one task (load_us=0 realtime_load_us=4.83849e+06 threshold_s=1)[0m
[33m/home/cvazquezperezdelacru/clio-core/context-runtime/src/worker.cc:370 WARNING 2485707 AdoptLane [#785] worker 2 adopted lane 0x7fce17efb368[0m
[33m/home/cvazquezperezdelacru/clio-core/context-runtime/src/scheduler/default_sched.cc:598 WARNING 2485707 operator() [#785] RESCUE: stalled worker 2 -> worker 12 (0 parked task(s) moved, 0 queued task(s) redistributed, rescues=118)[0m
[33m/home/cvazquezperezdelacru/clio-core/context-runtime/src/scheduler/default_sched.cc:455 WARNING 2485707 operator() [#781] worker 3 STALLED on one task (load_us=0 realtime_load_us=4.84322e+06 threshold_s=1)[0m
[33m/home/cvazquezperezdelacru/clio-core/context-runtime/src/worker.cc:370 WARNING 2485707 AdoptLane [#785] worker 3 adopted lane 0x7fce17efb428[0m
[33m/home/cvazquezperezdelacru/clio-core/context-runtime/src/scheduler/default_sched.cc:598 WARNING 2485707 operator() [#785] RESCUE: stalled worker 3 -> worker 12 (0 parked task(s) moved, 0 queued task(s) redistributed, rescues=119)[0m
[33m/home/cvazquezperezdelacru/clio-core/context-runtime/src/scheduler/default_sched.cc:455 WARNING 2485707 operator() [#781] worker 4 STALLED on one task (load_us=0 realtime_load_us=4.84495e+06 threshold_s=1)[0m
[33m/home/cvazquezperezdelacru/clio-core/context-runtime/src/worker.cc:370 WARNING 2485707 AdoptLane [#785] worker 4 adopted lane 0x7fce17efb4e8[0m
[33m/home/cvazquezperezdelacru/clio-core/context-runtime/src/scheduler/default_sched.cc:598 WARNING 2485707 operator() [#785] RESCUE: stalled worker 4 -> worker 12 (0 parked task(s) moved, 0 queued task(s) redistributed, rescues=120)[0m
[33m/home/cvazquezperezdelacru/clio-core/context-runtime/src/scheduler/default_sched.cc:455 WARNING 2485707 operator() [#781] worker 8 STALLED on one task (load_us=0 realtime_load_us=3.51074e+06 threshold_s=1)[0m
[33m/home/cvazquezperezdelacru/clio-core/context-runtime/src/worker.cc:370 WARNING 2485707 AdoptLane [#785] worker 8 adopted lane 0x7fce17efb7e8[0m
[33m/home/cvazquezperezdelacru/clio-core/context-runtime/src/scheduler/default_sched.cc:598 WARNING 2485707 operator() [#785] RESCUE: stalled worker 8 -> worker 12 (0 parked task(s) moved, 0 queued task(s) redistributed, rescues=121)[0m
[33m/home/cvazquezperezdelacru/clio-core/context-runtime/src/scheduler/default_sched.cc:455 WARNING 2485707 operator() [#781] worker 9 STALLED on one task (load_us=0 realtime_load_us=3.5102e+06 threshold_s=1)[0m
[33m/home/cvazquezperezdelacru/clio-core/context-runtime/src/worker.cc:370 WARNING 2485707 AdoptLane [#785] worker 9 adopted lane 0x7fce17efb8a8[0m
[33m/home/cvazquezperezdelacru/clio-core/context-runtime/src/scheduler/default_sched.cc:598 WARNING 2485707 operator() [#785] RESCUE: stalled worker 9 -> worker 12 (1 parked task(s) moved, 0 queued task(s) redistributed, rescues=122)[0m
[33m/home/cvazquezperezdelacru/clio-core/context-runtime/src/scheduler/default_sched.cc:455 WARNING 2485707 operator() [#781] worker 10 STALLED on one task (load_us=0 realtime_load_us=3.5096e+06 threshold_s=1)[0m
[33m/home/cvazquezperezdelacru/clio-core/context-runtime/src/worker.cc:370 WARNING 2485707 AdoptLane [#785] worker 10 adopted lane 0x7fce17efb968[0m
[33m/home/cvazquezperezdelacru/clio-core/context-runtime/src/scheduler/default_sched.cc:598 WARNING 2485707 operator() [#785] RESCUE: stalled worker 10 -> worker 12 (0 parked task(s) moved, 0 queued task(s) redistributed, rescues=123)[0m
[33m/home/cvazquezperezdelacru/clio-core/context-runtime/src/scheduler/default_sched.cc:455 WARNING 2485707 operator() [#781] worker 11 STALLED on one task (load_us=0 realtime_load_us=3.50897e+06 threshold_s=1)[0m
[33m/home/cvazquezperezdelacru/clio-core/context-runtime/src/worker.cc:370 WARNING 2485707 AdoptLane [#785] worker 11 adopted lane 0x7fce17efba28[0m
[33m/home/cvazquezperezdelacru/clio-core/context-runtime/src/scheduler/default_sched.cc:598 WARNING 2485707 operator() [#785] RESCUE: stalled worker 11 -> worker 12 (0 parked task(s) moved, 0 queued task(s) redistributed, rescues=124)[0m
[33m/home/cvazquezperezdelacru/clio-core/context-runtime/src/scheduler/default_sched.cc:785 WARNING 2485707 LoadBalance [#781] ALL 5 compute workers stalled — runtime cannot place new tasks; elastic SpawnAdditionalWorker() needed (follow-up)[0m
[97m/home/cvazquezperezdelacru/clio-core/context-runtime/src/ipc_manager.cc:2440 INFO 2485703 IncreaseClientShm IpcManager::IncreaseClientShm: Creating clio_2485677_185 with size 124092608 (90538176 + 33554432 overhead)[0m
[97m/home/cvazquezperezdelacru/clio-core/context-runtime/src/ipc_manager.cc:2485 INFO 2485703 IncreaseClientShm IpcManager::IncreaseClientShm: Created allocator clio_2485677_185 with ID (2485677.185)[0m
[97m/home/cvazquezperezdelacru/clio-core/context-runtime/src/ipc_manager.cc:2440 INFO 2485949 IncreaseClientShm IpcManager::IncreaseClientShm: Creating clio_2485677_186 with size 123269712 (89715280 + 33554432 overhead)[0m
[97m/home/cvazquezperezdelacru/clio-core/context-runtime/src/ipc_manager.cc:2485 INFO 2485949 IncreaseClientShm IpcManager::IncreaseClientShm: Created allocator clio_2485677_186 with ID (2485677.186)[0m
[97m/home/cvazquezperezdelacru/clio-core/context-runtime/src/ipc_manager.cc:2440 INFO 2485703 IncreaseClientShm IpcManager::IncreaseClientShm: Creating clio_2485677_187 with size 127186608 (93632176 + 33554432 overhead)[0m
[97m/home/cvazquezperezdelacru/clio-core/context-runtime/src/ipc_manager.cc:2485 INFO 2485703 IncreaseClientShm IpcManager::IncreaseClientShm: Created allocator clio_2485677_187 with ID (2485677.187)[0m
[97m/home/cvazquezperezdelacru/clio-core/context-runtime/src/ipc_manager.cc:2440 INFO 2485701 IncreaseClientShm IpcManager::IncreaseClientShm: Creating clio_2485677_188 with size 127186608 (93632176 + 33554432 overhead)[0m
[97m/home/cvazquezperezdelacru/clio-core/context-runtime/src/ipc_manager.cc:2485 INFO 2485701 IncreaseClientShm IpcManager::IncreaseClientShm: Created allocator clio_2485677_188 with ID (2485677.188)[0m
[33m/home/cvazquezperezdelacru/clio-core/context-runtime/src/scheduler/default_sched.cc:455 WARNING 2485707 operator() [#781] worker 1 STALLED on one task (load_us=0 realtime_load_us=5.34146e+06 threshold_s=1)[0m
[33m/home/cvazquezperezdelacru/clio-core/context-runtime/src/worker.cc:370 WARNING 2485707 AdoptLane [#785] worker 1 adopted lane 0x7fce17efb2a8[0m
[33m/home/cvazquezperezdelacru/clio-core/context-runtime/src/scheduler/default_sched.cc:598 WARNING 2485707 operator() [#785] RESCUE: stalled worker 1 -> worker 12 (0 parked task(s) moved, 0 queued task(s) redistributed, rescues=125)[0m
[33m/home/cvazquezperezdelacru/clio-core/context-runtime/src/scheduler/default_sched.cc:455 WARNING 2485707 operator() [#781] worker 2 STALLED on one task (load_us=0 realtime_load_us=5.34073e+06 threshold_s=1)[0m
[33m/home/cvazquezperezdelacru/clio-core/context-runtime/src/worker.cc:370 WARNING 2485707 AdoptLane [#785] worker 2 adopted lane 0x7fce17efb368[0m
[33m/home/cvazquezperezdelacru/clio-core/context-runtime/src/scheduler/default_sched.cc:598 WARNING 2485707 operator() [#785] RESCUE: stalled worker 2 -> worker 12 (0 parked task(s) moved, 0 queued task(s) redistributed, rescues=126)[0m
[33m/home/cvazquezperezdelacru/clio-core/context-runtime/src/scheduler/default_sched.cc:455 WARNING 2485707 operator() [#781] worker 3 STALLED on one task (load_us=0 realtime_load_us=5.34546e+06 threshold_s=1)[0m
[33m/home/cvazquezperezdelacru/clio-core/context-runtime/src/worker.cc:370 WARNING 2485707 AdoptLane [#785] worker 3 adopted lane 0x7fce17efb428[0m
[33m/home/cvazquezperezdelacru/clio-core/context-runtime/src/scheduler/default_sched.cc:598 WARNING 2485707 operator() [#785] RESCUE: stalled worker 3 -> worker 12 (0 parked task(s) moved, 0 queued task(s) redistributed, rescues=127)[0m
[33m/home/cvazquezperezdelacru/clio-core/context-runtime/src/scheduler/default_sched.cc:455 WARNING 2485707 operator() [#781] worker 4 STALLED on one task (load_us=0 realtime_load_us=5.3472e+06 threshold_s=1)[0m
[33m/home/cvazquezperezdelacru/clio-core/context-runtime/src/worker.cc:370 WARNING 2485707 AdoptLane [#785] worker 4 adopted lane 0x7fce17efb4e8[0m
[33m/home/cvazquezperezdelacru/clio-core/context-runtime/src/scheduler/default_sched.cc:598 WARNING 2485707 operator() [#785] RESCUE: stalled worker 4 -> worker 12 (0 parked task(s) moved, 0 queued task(s) redistributed, rescues=128)[0m
[33m/home/cvazquezperezdelacru/clio-core/context-runtime/src/scheduler/default_sched.cc:455 WARNING 2485707 operator() [#781] worker 8 STALLED on one task (load_us=0 realtime_load_us=4.01299e+06 threshold_s=1)[0m
[33m/home/cvazquezperezdelacru/clio-core/context-runtime/src/worker.cc:370 WARNING 2485707 AdoptLane [#785] worker 8 adopted lane 0x7fce17efb7e8[0m
[33m/home/cvazquezperezdelacru/clio-core/context-runtime/src/scheduler/default_sched.cc:598 WARNING 2485707 operator() [#785] RESCUE: stalled worker 8 -> worker 12 (0 parked task(s) moved, 0 queued task(s) redistributed, rescues=129)[0m
[33m/home/cvazquezperezdelacru/clio-core/context-runtime/src/scheduler/default_sched.cc:455 WARNING 2485707 operator() [#781] worker 9 STALLED on one task (load_us=0 realtime_load_us=4.01245e+06 threshold_s=1)[0m
[33m/home/cvazquezperezdelacru/clio-core/context-runtime/src/worker.cc:370 WARNING 2485707 AdoptLane [#785] worker 9 adopted lane 0x7fce17efb8a8[0m
[33m/home/cvazquezperezdelacru/clio-core/context-runtime/src/scheduler/default_sched.cc:598 WARNING 2485707 operator() [#785] RESCUE: stalled worker 9 -> worker 12 (0 parked task(s) moved, 0 queued task(s) redistributed, rescues=130)[0m
[33m/home/cvazquezperezdelacru/clio-core/context-runtime/src/scheduler/default_sched.cc:455 WARNING 2485707 operator() [#781] worker 10 STALLED on one task (load_us=0 realtime_load_us=4.01184e+06 threshold_s=1)[0m
[33m/home/cvazquezperezdelacru/clio-core/context-runtime/src/worker.cc:370 WARNING 2485707 AdoptLane [#785] worker 10 adopted lane 0x7fce17efb968[0m
[33m/home/cvazquezperezdelacru/clio-core/context-runtime/src/scheduler/default_sched.cc:598 WARNING 2485707 operator() [#785] RESCUE: stalled worker 10 -> worker 12 (0 parked task(s) moved, 0 queued task(s) redistributed, rescues=131)[0m
[33m/home/cvazquezperezdelacru/clio-core/context-runtime/src/scheduler/default_sched.cc:455 WARNING 2485707 operator() [#781] worker 11 STALLED on one task (load_us=0 realtime_load_us=4.01122e+06 threshold_s=1)[0m
[33m/home/cvazquezperezdelacru/clio-core/context-runtime/src/worker.cc:370 WARNING 2485707 AdoptLane [#785] worker 11 adopted lane 0x7fce17efba28[0m
[33m/home/cvazquezperezdelacru/clio-core/context-runtime/src/scheduler/default_sched.cc:598 WARNING 2485707 operator() [#785] RESCUE: stalled worker 11 -> worker 12 (0 parked task(s) moved, 0 queued task(s) redistributed, rescues=132)[0m
[33m/home/cvazquezperezdelacru/clio-core/context-runtime/src/scheduler/default_sched.cc:785 WARNING 2485707 LoadBalance [#781] ALL 5 compute workers stalled — runtime cannot place new tasks; elastic SpawnAdditionalWorker() needed (follow-up)[0m
[97m/home/cvazquezperezdelacru/clio-core/context-runtime/src/ipc_manager.cc:2440 INFO 2485949 IncreaseClientShm IpcManager::IncreaseClientShm: Creating clio_2485677_189 with size 129651408 (96096976 + 33554432 overhead)[0m
[97m/home/cvazquezperezdelacru/clio-core/context-runtime/src/ipc_manager.cc:2485 INFO 2485949 IncreaseClientShm IpcManager::IncreaseClientShm: Created allocator clio_2485677_189 with ID (2485677.189)[0m
[97m/home/cvazquezperezdelacru/clio-core/context-runtime/src/ipc_manager.cc:2440 INFO 2485700 IncreaseClientShm IpcManager::IncreaseClientShm: Creating clio_2485677_190 with size 124459216 (90904784 + 33554432 overhead)[0m
[97m/home/cvazquezperezdelacru/clio-core/context-runtime/src/ipc_manager.cc:2485 INFO 2485700 IncreaseClientShm IpcManager::IncreaseClientShm: Created allocator clio_2485677_190 with ID (2485677.190)[0m
[97m/home/cvazquezperezdelacru/clio-core/context-runtime/src/ipc_manager.cc:2440 INFO 2485879 IncreaseClientShm IpcManager::IncreaseClientShm: Creating clio_2485677_191 with size 129651408 (96096976 + 33554432 overhead)[0m
[97m/home/cvazquezperezdelacru/clio-core/context-runtime/src/ipc_manager.cc:2485 INFO 2485879 IncreaseClientShm IpcManager::IncreaseClientShm: Created allocator clio_2485677_191 with ID (2485677.191)[0m
[97m/home/cvazquezperezdelacru/clio-core/context-runtime/src/ipc_manager.cc:2440 INFO 2485700 IncreaseClientShm IpcManager::IncreaseClientShm: Creating clio_2485677_192 with size 126621112 (93066680 + 33554432 overhead)[0m
[97m/home/cvazquezperezdelacru/clio-core/context-runtime/src/ipc_manager.cc:2485 INFO 2485700 IncreaseClientShm IpcManager::IncreaseClientShm: Created allocator clio_2485677_192 with ID (2485677.192)[0m
[33m/home/cvazquezperezdelacru/clio-core/context-runtime/src/scheduler/default_sched.cc:455 WARNING 2485707 operator() [#781] worker 1 STALLED on one task (load_us=0 realtime_load_us=5.84659e+06 threshold_s=1)[0m
[33m/home/cvazquezperezdelacru/clio-core/context-runtime/src/worker.cc:370 WARNING 2485707 AdoptLane [#785] worker 1 adopted lane 0x7fce17efb2a8[0m
[33m/home/cvazquezperezdelacru/clio-core/context-runtime/src/scheduler/default_sched.cc:598 WARNING 2485707 operator() [#785] RESCUE: stalled worker 1 -> worker 12 (0 parked task(s) moved, 0 queued task(s) redistributed, rescues=133)[0m
[33m/home/cvazquezperezdelacru/clio-core/context-runtime/src/scheduler/default_sched.cc:455 WARNING 2485707 operator() [#781] worker 2 STALLED on one task (load_us=0 realtime_load_us=5.84652e+06 threshold_s=1)[0m
[33m/home/cvazquezperezdelacru/clio-core/context-runtime/src/worker.cc:370 WARNING 2485707 AdoptLane [#785] worker 2 adopted lane 0x7fce17efb368[0m
[33m/home/cvazquezperezdelacru/clio-core/context-runtime/src/scheduler/default_sched.cc:598 WARNING 2485707 operator() [#785] RESCUE: stalled worker 2 -> worker 12 (0 parked task(s) moved, 2 queued task(s) redistributed, rescues=134)[0m
[33m/home/cvazquezperezdelacru/clio-core/context-runtime/src/scheduler/default_sched.cc:455 WARNING 2485707 operator() [#781] worker 3 STALLED on one task (load_us=0 realtime_load_us=5.85059e+06 threshold_s=1)[0m
[33m/home/cvazquezperezdelacru/clio-core/context-runtime/src/worker.cc:370 WARNING 2485707 AdoptLane [#785] worker 3 adopted lane 0x7fce17efb428[0m
[33m/home/cvazquezperezdelacru/clio-core/context-runtime/src/scheduler/default_sched.cc:598 WARNING 2485707 operator() [#785] RESCUE: stalled worker 3 -> worker 12 (0 parked task(s) moved, 0 queued task(s) redistributed, rescues=135)[0m
[33m/home/cvazquezperezdelacru/clio-core/context-runtime/src/scheduler/default_sched.cc:455 WARNING 2485707 operator() [#781] worker 4 STALLED on one task (load_us=0 realtime_load_us=5.85233e+06 threshold_s=1)[0m
[33m/home/cvazquezperezdelacru/clio-core/context-runtime/src/worker.cc:370 WARNING 2485707 AdoptLane [#785] worker 4 adopted lane 0x7fce17efb4e8[0m
[33m/home/cvazquezperezdelacru/clio-core/context-runtime/src/scheduler/default_sched.cc:598 WARNING 2485707 operator() [#785] RESCUE: stalled worker 4 -> worker 12 (0 parked task(s) moved, 0 queued task(s) redistributed, rescues=136)[0m
[33m/home/cvazquezperezdelacru/clio-core/context-runtime/src/scheduler/default_sched.cc:455 WARNING 2485707 operator() [#781] worker 8 STALLED on one task (load_us=0 realtime_load_us=4.51812e+06 threshold_s=1)[0m
[33m/home/cvazquezperezdelacru/clio-core/context-runtime/src/worker.cc:370 WARNING 2485707 AdoptLane [#785] worker 8 adopted lane 0x7fce17efb7e8[0m
[33m/home/cvazquezperezdelacru/clio-core/context-runtime/src/scheduler/default_sched.cc:598 WARNING 2485707 operator() [#785] RESCUE: stalled worker 8 -> worker 12 (0 parked task(s) moved, 0 queued task(s) redistributed, rescues=137)[0m
[33m/home/cvazquezperezdelacru/clio-core/context-runtime/src/scheduler/default_sched.cc:455 WARNING 2485707 operator() [#781] worker 9 STALLED on one task (load_us=0 realtime_load_us=4.51758e+06 threshold_s=1)[0m
[33m/home/cvazquezperezdelacru/clio-core/context-runtime/src/worker.cc:370 WARNING 2485707 AdoptLane [#785] worker 9 adopted lane 0x7fce17efb8a8[0m
[33m/home/cvazquezperezdelacru/clio-core/context-runtime/src/scheduler/default_sched.cc:598 WARNING 2485707 operator() [#785] RESCUE: stalled worker 9 -> worker 12 (0 parked task(s) moved, 0 queued task(s) redistributed, rescues=138)[0m
[33m/home/cvazquezperezdelacru/clio-core/context-runtime/src/scheduler/default_sched.cc:455 WARNING 2485707 operator() [#781] worker 10 STALLED on one task (load_us=0 realtime_load_us=4.51697e+06 threshold_s=1)[0m
[33m/home/cvazquezperezdelacru/clio-core/context-runtime/src/worker.cc:370 WARNING 2485707 AdoptLane [#785] worker 10 adopted lane 0x7fce17efb968[0m
[33m/home/cvazquezperezdelacru/clio-core/context-runtime/src/scheduler/default_sched.cc:598 WARNING 2485707 operator() [#785] RESCUE: stalled worker 10 -> worker 12 (0 parked task(s) moved, 0 queued task(s) redistributed, rescues=139)[0m
[33m/home/cvazquezperezdelacru/clio-core/context-runtime/src/scheduler/default_sched.cc:455 WARNING 2485707 operator() [#781] worker 11 STALLED on one task (load_us=0 realtime_load_us=4.51634e+06 threshold_s=1)[0m
[33m/home/cvazquezperezdelacru/clio-core/context-runtime/src/worker.cc:370 WARNING 2485707 AdoptLane [#785] worker 11 adopted lane 0x7fce17efba28[0m
[33m/home/cvazquezperezdelacru/clio-core/context-runtime/src/scheduler/default_sched.cc:598 WARNING 2485707 operator() [#785] RESCUE: stalled worker 11 -> worker 12 (0 parked task(s) moved, 0 queued task(s) redistributed, rescues=140)[0m
[33m/home/cvazquezperezdelacru/clio-core/context-runtime/src/scheduler/default_sched.cc:785 WARNING 2485707 LoadBalance [#781] ALL 5 compute workers stalled — runtime cannot place new tasks; elastic SpawnAdditionalWorker() needed (follow-up)[0m
[97m/home/cvazquezperezdelacru/clio-core/context-runtime/src/ipc_manager.cc:2440 INFO 2485966 IncreaseClientShm IpcManager::IncreaseClientShm: Creating clio_2485677_193 with size 124377312 (90822880 + 33554432 overhead)[0m
[97m/home/cvazquezperezdelacru/clio-core/context-runtime/src/ipc_manager.cc:2485 INFO 2485966 IncreaseClientShm IpcManager::IncreaseClientShm: Created allocator clio_2485677_193 with ID (2485677.193)[0m
[97m/home/cvazquezperezdelacru/clio-core/context-runtime/src/ipc_manager.cc:2440 INFO 2485703 IncreaseClientShm IpcManager::IncreaseClientShm: Creating clio_2485677_194 with size 126621112 (93066680 + 33554432 overhead)[0m
[97m/home/cvazquezperezdelacru/clio-core/context-runtime/src/ipc_manager.cc:2485 INFO 2485703 IncreaseClientShm IpcManager::IncreaseClientShm: Created allocator clio_2485677_194 with ID (2485677.194)[0m
[97m/home/cvazquezperezdelacru/clio-core/context-runtime/src/ipc_manager.cc:2440 INFO 2485960 IncreaseClientShm IpcManager::IncreaseClientShm: Creating clio_2485677_195 with size 127518112 (93963680 + 33554432 overhead)[0m
[97m/home/cvazquezperezdelacru/clio-core/context-runtime/src/ipc_manager.cc:2485 INFO 2485960 IncreaseClientShm IpcManager::IncreaseClientShm: Created allocator clio_2485677_195 with ID (2485677.195)[0m
[97m/home/cvazquezperezdelacru/clio-core/context-runtime/src/ipc_manager.cc:2440 INFO 2485966 IncreaseClientShm IpcManager::IncreaseClientShm: Creating clio_2485677_196 with size 132242312 (98687880 + 33554432 overhead)[0m
[97m/home/cvazquezperezdelacru/clio-core/context-runtime/src/ipc_manager.cc:2485 INFO 2485966 IncreaseClientShm IpcManager::IncreaseClientShm: Created allocator clio_2485677_196 with ID (2485677.196)[0m
[97m/home/cvazquezperezdelacru/clio-core/context-runtime/src/ipc_manager.cc:2440 INFO 2485960 IncreaseClientShm IpcManager::IncreaseClientShm: Creating clio_2485677_197 with size 125001312 (91446880 + 33554432 overhead)[0m
[97m/home/cvazquezperezdelacru/clio-core/context-runtime/src/ipc_manager.cc:2485 INFO 2485960 IncreaseClientShm IpcManager::IncreaseClientShm: Created allocator clio_2485677_197 with ID (2485677.197)[0m
[33m/home/cvazquezperezdelacru/clio-core/context-runtime/src/scheduler/default_sched.cc:455 WARNING 2485707 operator() [#781] worker 8 STALLED on one task (load_us=0 realtime_load_us=5.02221e+06 threshold_s=1)[0m
[33m/home/cvazquezperezdelacru/clio-core/context-runtime/src/worker.cc:370 WARNING 2485707 AdoptLane [#785] worker 8 adopted lane 0x7fce17efb7e8[0m
[33m/home/cvazquezperezdelacru/clio-core/context-runtime/src/scheduler/default_sched.cc:598 WARNING 2485707 operator() [#785] RESCUE: stalled worker 8 -> worker 12 (0 parked task(s) moved, 0 queued task(s) redistributed, rescues=141)[0m
[33m/home/cvazquezperezdelacru/clio-core/context-runtime/src/scheduler/default_sched.cc:455 WARNING 2485707 operator() [#781] worker 9 STALLED on one task (load_us=0 realtime_load_us=5.02167e+06 threshold_s=1)[0m
[33m/home/cvazquezperezdelacru/clio-core/context-runtime/src/worker.cc:370 WARNING 2485707 AdoptLane [#785] worker 9 adopted lane 0x7fce17efb8a8[0m
[33m/home/cvazquezperezdelacru/clio-core/context-runtime/src/scheduler/default_sched.cc:598 WARNING 2485707 operator() [#785] RESCUE: stalled worker 9 -> worker 12 (0 parked task(s) moved, 0 queued task(s) redistributed, rescues=142)[0m
[33m/home/cvazquezperezdelacru/clio-core/context-runtime/src/scheduler/default_sched.cc:455 WARNING 2485707 operator() [#781] worker 10 STALLED on one task (load_us=0 realtime_load_us=5.02106e+06 threshold_s=1)[0m
[33m/home/cvazquezperezdelacru/clio-core/context-runtime/src/worker.cc:370 WARNING 2485707 AdoptLane [#785] worker 10 adopted lane 0x7fce17efb968[0m
[33m/home/cvazquezperezdelacru/clio-core/context-runtime/src/scheduler/default_sched.cc:598 WARNING 2485707 operator() [#785] RESCUE: stalled worker 10 -> worker 12 (0 parked task(s) moved, 0 queued task(s) redistributed, rescues=143)[0m
[33m/home/cvazquezperezdelacru/clio-core/context-runtime/src/scheduler/default_sched.cc:455 WARNING 2485707 operator() [#781] worker 11 STALLED on one task (load_us=0 realtime_load_us=5.02043e+06 threshold_s=1)[0m
[33m/home/cvazquezperezdelacru/clio-core/context-runtime/src/worker.cc:370 WARNING 2485707 AdoptLane [#785] worker 11 adopted lane 0x7fce17efba28[0m
[33m/home/cvazquezperezdelacru/clio-core/context-runtime/src/scheduler/default_sched.cc:598 WARNING 2485707 operator() [#785] RESCUE: stalled worker 11 -> worker 12 (0 parked task(s) moved, 0 queued task(s) redistributed, rescues=144)[0m
[97m/home/cvazquezperezdelacru/clio-core/context-runtime/src/ipc_manager.cc:2440 INFO 2485966 IncreaseClientShm IpcManager::IncreaseClientShm: Creating clio_2485677_198 with size 126227216 (92672784 + 33554432 overhead)[0m
[97m/home/cvazquezperezdelacru/clio-core/context-runtime/src/ipc_manager.cc:2485 INFO 2485966 IncreaseClientShm IpcManager::IncreaseClientShm: Created allocator clio_2485677_198 with ID (2485677.198)[0m
[97m/home/cvazquezperezdelacru/clio-core/context-runtime/src/ipc_manager.cc:2440 INFO 2485949 IncreaseClientShm IpcManager::IncreaseClientShm: Creating clio_2485677_199 with size 127593512 (94039080 + 33554432 overhead)[0m
[97m/home/cvazquezperezdelacru/clio-core/context-runtime/src/ipc_manager.cc:2485 INFO 2485949 IncreaseClientShm IpcManager::IncreaseClientShm: Created allocator clio_2485677_199 with ID (2485677.199)[0m
[97m/home/cvazquezperezdelacru/clio-core/context-runtime/src/ipc_manager.cc:2440 INFO 2485966 IncreaseClientShm IpcManager::IncreaseClientShm: Creating clio_2485677_200 with size 126896712 (93342280 + 33554432 overhead)[0m
[97m/home/cvazquezperezdelacru/clio-core/context-runtime/src/ipc_manager.cc:2485 INFO 2485966 IncreaseClientShm IpcManager::IncreaseClientShm: Created allocator clio_2485677_200 with ID (2485677.200)[0m
[97m/home/cvazquezperezdelacru/clio-core/context-runtime/src/ipc_manager.cc:2440 INFO 2485960 IncreaseClientShm IpcManager::IncreaseClientShm: Creating clio_2485677_201 with size 127186608 (93632176 + 33554432 overhead)[0m
[97m/home/cvazquezperezdelacru/clio-core/context-runtime/src/ipc_manager.cc:2485 INFO 2485960 IncreaseClientShm IpcManager::IncreaseClientShm: Created allocator clio_2485677_201 with ID (2485677.201)[0m
[97m/home/cvazquezperezdelacru/clio-core/context-runtime/src/ipc_manager.cc:2440 INFO 2485949 IncreaseClientShm IpcManager::IncreaseClientShm: Creating clio_2485677_202 with size 127186608 (93632176 + 33554432 overhead)[0m
[97m/home/cvazquezperezdelacru/clio-core/context-runtime/src/ipc_manager.cc:2485 INFO 2485949 IncreaseClientShm IpcManager::IncreaseClientShm: Created allocator clio_2485677_202 with ID (2485677.202)[0m
[33m/home/cvazquezperezdelacru/clio-core/context-runtime/src/scheduler/default_sched.cc:455 WARNING 2485707 operator() [#781] worker 8 STALLED on one task (load_us=0 realtime_load_us=5.5243e+06 threshold_s=1)[0m
[33m/home/cvazquezperezdelacru/clio-core/context-runtime/src/worker.cc:370 WARNING 2485707 AdoptLane [#785] worker 8 adopted lane 0x7fce17efb7e8[0m
[33m/home/cvazquezperezdelacru/clio-core/context-runtime/src/scheduler/default_sched.cc:598 WARNING 2485707 operator() [#785] RESCUE: stalled worker 8 -> worker 12 (0 parked task(s) moved, 0 queued task(s) redistributed, rescues=145)[0m
[33m/home/cvazquezperezdelacru/clio-core/context-runtime/src/scheduler/default_sched.cc:455 WARNING 2485707 operator() [#781] worker 9 STALLED on one task (load_us=0 realtime_load_us=5.52376e+06 threshold_s=1)[0m
[33m/home/cvazquezperezdelacru/clio-core/context-runtime/src/worker.cc:370 WARNING 2485707 AdoptLane [#785] worker 9 adopted lane 0x7fce17efb8a8[0m
[33m/home/cvazquezperezdelacru/clio-core/context-runtime/src/scheduler/default_sched.cc:598 WARNING 2485707 operator() [#785] RESCUE: stalled worker 9 -> worker 12 (0 parked task(s) moved, 0 queued task(s) redistributed, rescues=146)[0m
[33m/home/cvazquezperezdelacru/clio-core/context-runtime/src/scheduler/default_sched.cc:455 WARNING 2485707 operator() [#781] worker 10 STALLED on one task (load_us=0 realtime_load_us=5.52315e+06 threshold_s=1)[0m
[33m/home/cvazquezperezdelacru/clio-core/context-runtime/src/worker.cc:370 WARNING 2485707 AdoptLane [#785] worker 10 adopted lane 0x7fce17efb968[0m
[33m/home/cvazquezperezdelacru/clio-core/context-runtime/src/scheduler/default_sched.cc:598 WARNING 2485707 operator() [#785] RESCUE: stalled worker 10 -> worker 12 (0 parked task(s) moved, 0 queued task(s) redistributed, rescues=147)[0m
[33m/home/cvazquezperezdelacru/clio-core/context-runtime/src/scheduler/default_sched.cc:455 WARNING 2485707 operator() [#781] worker 11 STALLED on one task (load_us=0 realtime_load_us=5.52253e+06 threshold_s=1)[0m
[33m/home/cvazquezperezdelacru/clio-core/context-runtime/src/worker.cc:370 WARNING 2485707 AdoptLane [#785] worker 11 adopted lane 0x7fce17efba28[0m
[33m/home/cvazquezperezdelacru/clio-core/context-runtime/src/scheduler/default_sched.cc:598 WARNING 2485707 operator() [#785] RESCUE: stalled worker 11 -> worker 12 (0 parked task(s) moved, 0 queued task(s) redistributed, rescues=148)[0m
[97m/home/cvazquezperezdelacru/clio-core/context-runtime/src/ipc_manager.cc:2440 INFO 2485960 IncreaseClientShm IpcManager::IncreaseClientShm: Creating clio_2485677_203 with size 132545216 (98990784 + 33554432 overhead)[0m
[97m/home/cvazquezperezdelacru/clio-core/context-runtime/src/ipc_manager.cc:2485 INFO 2485960 IncreaseClientShm IpcManager::IncreaseClientShm: Created allocator clio_2485677_203 with ID (2485677.203)[0m
[97m/home/cvazquezperezdelacru/clio-core/context-runtime/src/ipc_manager.cc:2440 INFO 2485879 IncreaseClientShm IpcManager::IncreaseClientShm: Creating clio_2485677_204 with size 132545216 (98990784 + 33554432 overhead)[0m
[97m/home/cvazquezperezdelacru/clio-core/context-runtime/src/ipc_manager.cc:2485 INFO 2485879 IncreaseClientShm IpcManager::IncreaseClientShm: Created allocator clio_2485677_204 with ID (2485677.204)[0m
[97m/home/cvazquezperezdelacru/clio-core/context-runtime/src/ipc_manager.cc:2440 INFO 2485879 IncreaseClientShm IpcManager::IncreaseClientShm: Creating clio_2485677_205 with size 126385808 (92831376 + 33554432 overhead)[0m
[97m/home/cvazquezperezdelacru/clio-core/context-runtime/src/ipc_manager.cc:2485 INFO 2485879 IncreaseClientShm IpcManager::IncreaseClientShm: Created allocator clio_2485677_205 with ID (2485677.205)[0m
[97m/home/cvazquezperezdelacru/clio-core/context-runtime/src/ipc_manager.cc:2440 INFO 2485949 IncreaseClientShm IpcManager::IncreaseClientShm: Creating clio_2485677_206 with size 125401712 (91847280 + 33554432 overhead)[0m
[97m/home/cvazquezperezdelacru/clio-core/context-runtime/src/ipc_manager.cc:2485 INFO 2485949 IncreaseClientShm IpcManager::IncreaseClientShm: Created allocator clio_2485677_206 with ID (2485677.206)[0m
[33m/home/cvazquezperezdelacru/clio-core/context-runtime/src/scheduler/default_sched.cc:455 WARNING 2485707 operator() [#781] worker 8 STALLED on one task (load_us=0 realtime_load_us=6.02533e+06 threshold_s=1)[0m
[33m/home/cvazquezperezdelacru/clio-core/context-runtime/src/worker.cc:370 WARNING 2485707 AdoptLane [#785] worker 8 adopted lane 0x7fce17efb7e8[0m
[33m/home/cvazquezperezdelacru/clio-core/context-runtime/src/scheduler/default_sched.cc:598 WARNING 2485707 operator() [#785] RESCUE: stalled worker 8 -> worker 12 (0 parked task(s) moved, 0 queued task(s) redistributed, rescues=149)[0m
[33m/home/cvazquezperezdelacru/clio-core/context-runtime/src/scheduler/default_sched.cc:455 WARNING 2485707 operator() [#781] worker 9 STALLED on one task (load_us=0 realtime_load_us=6.0248e+06 threshold_s=1)[0m
[33m/home/cvazquezperezdelacru/clio-core/context-runtime/src/worker.cc:370 WARNING 2485707 AdoptLane [#785] worker 9 adopted lane 0x7fce17efb8a8[0m
[33m/home/cvazquezperezdelacru/clio-core/context-runtime/src/scheduler/default_sched.cc:598 WARNING 2485707 operator() [#785] RESCUE: stalled worker 9 -> worker 12 (0 parked task(s) moved, 0 queued task(s) redistributed, rescues=150)[0m
[33m/home/cvazquezperezdelacru/clio-core/context-runtime/src/scheduler/default_sched.cc:455 WARNING 2485707 operator() [#781] worker 10 STALLED on one task (load_us=0 realtime_load_us=6.02418e+06 threshold_s=1)[0m
[33m/home/cvazquezperezdelacru/clio-core/context-runtime/src/worker.cc:370 WARNING 2485707 AdoptLane [#785] worker 10 adopted lane 0x7fce17efb968[0m
[33m/home/cvazquezperezdelacru/clio-core/context-runtime/src/scheduler/default_sched.cc:598 WARNING 2485707 operator() [#785] RESCUE: stalled worker 10 -> worker 12 (0 parked task(s) moved, 0 queued task(s) redistributed, rescues=151)[0m
[33m/home/cvazquezperezdelacru/clio-core/context-runtime/src/scheduler/default_sched.cc:455 WARNING 2485707 operator() [#781] worker 11 STALLED on one task (load_us=0 realtime_load_us=6.02356e+06 threshold_s=1)[0m
[33m/home/cvazquezperezdelacru/clio-core/context-runtime/src/worker.cc:370 WARNING 2485707 AdoptLane [#785] worker 11 adopted lane 0x7fce17efba28[0m
[33m/home/cvazquezperezdelacru/clio-core/context-runtime/src/scheduler/default_sched.cc:598 WARNING 2485707 operator() [#785] RESCUE: stalled worker 11 -> worker 12 (0 parked task(s) moved, 0 queued task(s) redistributed, rescues=152)[0m
[97m/home/cvazquezperezdelacru/clio-core/context-runtime/src/ipc_manager.cc:2440 INFO 2485949 IncreaseClientShm IpcManager::IncreaseClientShm: Creating clio_2485677_207 with size 127291912 (93737480 + 33554432 overhead)[0m
[97m/home/cvazquezperezdelacru/clio-core/context-runtime/src/ipc_manager.cc:2485 INFO 2485949 IncreaseClientShm IpcManager::IncreaseClientShm: Created allocator clio_2485677_207 with ID (2485677.207)[0m
[33m/home/cvazquezperezdelacru/clio-core/context-runtime/src/scheduler/default_sched.cc:430 WARNING 2485707 LoadBalance [#781 PDF] observed exec-time bins (cumulative): <10us=793046 <50us=21430 <500us=469 <10ms=4113 <50ms=7 <500ms=2 <1s=0 >=1s=27 | stalls_detected=152[0m
[33m/home/cvazquezperezdelacru/clio-core/context-runtime/src/scheduler/default_sched.cc:439 WARNING 2485707 LoadBalance [#785] lane rescues performed: 152[0m
[97m/home/cvazquezperezdelacru/clio-core/context-runtime/src/pool_manager.cc:431 INFO 2485677 DestroyLocalPool PoolManager: Destroyed local pool PoolId(major:1, minor:0)[0m
[31m/home/cvazquezperezdelacru/clio-core/context-runtime/src/ipc_manager.cc:3849 ERROR 2485706 RouteTask RouteTask: RouteLocal returned 4 for pool=PoolId(major:1, minor:0) method=21, worker=7[0m
[31m/home/cvazquezperezdelacru/clio-core/context-runtime/src/ipc_manager.cc:3849 ERROR 2485706 RouteTask RouteTask: RouteLocal returned 4 for pool=PoolId(major:1, minor:0) method=21, worker=7[0m
[31m/home/cvazquezperezdelacru/clio-core/context-runtime/src/ipc_manager.cc:3849 ERROR 2485705 RouteTask RouteTask: RouteLocal returned 4 for pool=PoolId(major:1, minor:0) method=14, worker=6[0m
[31m/home/cvazquezperezdelacru/clio-core/context-runtime/src/ipc_manager.cc:3849 ERROR 2485705 RouteTask RouteTask: RouteLocal returned 4 for pool=PoolId(major:1, minor:0) method=14, worker=6[0m
