[97m/home/cvazquezperezdelacru/clio-core/context-runtime/src/config_manager.cc:144 INFO 642294 ClientInit Config at: /mnt/common/cvazquezperezdelacru/IOWARP/faiss/contrib/iowarp/benchmarks/results/ares_cte_rendered_20260805_123458.yaml[0m
[97m/home/cvazquezperezdelacru/clio-core/context-runtime/src/ipc_manager.cc:2872 INFO 642294 ClearUserIpcs ClearUserIpcs: Removed 26 memfd symlinks from previous runs[0m
[33m/home/cvazquezperezdelacru/clio-core/context-runtime/src/ipc_manager.cc:906 WARNING 642294 ServerInitShm Main segment: requested 50079703040 bytes exceeds half the memory budget (50079703040 bytes); clamping to 25039851520 bytes[0m
[97m/home/cvazquezperezdelacru/clio-core/context-runtime/src/ipc_manager.cc:931 INFO 642294 ServerInitShm Initializing main shared memory segment: 25039851520 bytes (23879 MB)[0m
[97m/home/cvazquezperezdelacru/clio-core/context-runtime/src/ipc_manager.cc:952 INFO 642294 ServerInitShm Initializing queue shared memory segment: 646224224 bytes (631078 KB)[0m
[33m/home/cvazquezperezdelacru/clio-core/context-runtime/src/ipc_manager.cc:1005 WARNING 642294 ServerInitShm Metadata segment: requested 50079703040 bytes exceeds half the memory budget (50079703040 bytes); clamping to 25039851520 bytes[0m
[97m/home/cvazquezperezdelacru/clio-core/context-runtime/src/ipc_manager.cc:1039 INFO 642294 ServerInitShm Initializing metadata shared memory segment: 25039851520 bytes (23879 MB), sparse/not pre-faulted[0m
[97m/home/cvazquezperezdelacru/clio-core/context-runtime/src/ipc_manager.cc:865 INFO 642294 ExcludeFromCoreDump metadata segment: excluded 25039851520 bytes from core dumps[0m
[97m/home/cvazquezperezdelacru/clio-core/context-runtime/src/ipc_manager.cc:1072 INFO 642294 ServerInitShm ServerInitShm: metadata directory at offset 68072[0m
[97m/home/cvazquezperezdelacru/clio-core/context-runtime/src/ipc_manager.cc:1127 INFO 642294 ServerInitShm ServerInitShm: 8 inbound SHM ring(s) 'clio-642294-shm-in-0..7' (16MB each)[0m
[97m/home/cvazquezperezdelacru/clio-core/context-runtime/src/ipc_manager.cc:1269 INFO 642294 ServerInitQueues Initializing 16 worker queues with depth 1024 (last worker serves dual role)[0m
[97m/home/cvazquezperezdelacru/clio-core/context-runtime/src/ipc_manager.cc:1933 INFO 642294 IdentifyThisHost SUCCESS: Main server started on 0.0.0.0:9413 (advertised as 0.0.0.0, node=0)[0m
[97m/home/cvazquezperezdelacru/clio-core/context-runtime/src/ipc_manager.cc:561 INFO 642294 ServerInit IpcManager: TCP ROUTER transport bound on 0.0.0.0:9416[0m
[97m/home/cvazquezperezdelacru/clio-core/context-runtime/src/ipc_manager.cc:579 INFO 642294 ServerInit IpcManager: IPC lightbeam server bound on /tmp/clio_cvazquezperezdelacru/clio_9413.ipc[0m
[97m/home/cvazquezperezdelacru/clio-core/context-runtime/src/module_manager.cc:137 INFO 642294 LoadChiMod Loaded ChiMod: clio_MOD_NAME from /mnt/common/cvazquezperezdelacru/clio-core-dev-install/lib/libclio_MOD_NAME_runtime.so[0m
[97m/home/cvazquezperezdelacru/clio-core/context-runtime/src/module_manager.cc:137 INFO 642294 LoadChiMod Loaded ChiMod: clio_admin from /mnt/common/cvazquezperezdelacru/clio-core-dev-install/lib/libclio_admin_runtime.so[0m
[97m/home/cvazquezperezdelacru/clio-core/context-runtime/src/module_manager.cc:137 INFO 642294 LoadChiMod Loaded ChiMod: clio_bdev from /mnt/common/cvazquezperezdelacru/clio-core-dev-install/lib/libclio_bdev_runtime.so[0m
[97m/home/cvazquezperezdelacru/clio-core/context-runtime/src/module_manager.cc:137 INFO 642294 LoadChiMod Loaded ChiMod: clio_safe_bdev from /mnt/common/cvazquezperezdelacru/clio-core-dev-install/lib/libclio_safe_bdev_runtime.so[0m
[97m/home/cvazquezperezdelacru/clio-core/context-runtime/src/module_manager.cc:137 INFO 642294 LoadChiMod Loaded ChiMod: clio_cte_replication from /mnt/common/cvazquezperezdelacru/clio-core-dev-install/lib/libclio_cte_replication_runtime.so[0m
[97m/home/cvazquezperezdelacru/clio-core/context-runtime/src/module_manager.cc:137 INFO 642294 LoadChiMod Loaded ChiMod: clio_cte_cache from /mnt/common/cvazquezperezdelacru/clio-core-dev-install/lib/libclio_cte_cache_runtime.so[0m
[97m/home/cvazquezperezdelacru/clio-core/context-runtime/src/module_manager.cc:137 INFO 642294 LoadChiMod Loaded ChiMod: clio_cte_indexer from /mnt/common/cvazquezperezdelacru/clio-core-dev-install/lib/libclio_cte_indexer_runtime.so[0m
[97m/home/cvazquezperezdelacru/clio-core/context-runtime/src/module_manager.cc:137 INFO 642294 LoadChiMod Loaded ChiMod: clio_cte_core from /mnt/common/cvazquezperezdelacru/clio-core-dev-install/lib/libclio_cte_core_runtime.so[0m
[97m/home/cvazquezperezdelacru/clio-core/context-runtime/src/module_manager.cc:137 INFO 642294 LoadChiMod Loaded ChiMod: clio_cte_filesystem from /mnt/common/cvazquezperezdelacru/clio-core-dev-install/lib/libclio_cte_filesystem_runtime.so[0m
[97m/home/cvazquezperezdelacru/clio-core/context-runtime/src/module_manager.cc:137 INFO 642294 LoadChiMod Loaded ChiMod: clio_faiss_ivf from /mnt/common/cvazquezperezdelacru/IOWARP/faiss/contrib/iowarp/build-dev/chimod/libclio_faiss_ivf_runtime.so[0m
[97m/home/cvazquezperezdelacru/clio-core/context-runtime/src/work_orchestrator.cc:94 INFO 642294 Init Creating 8 workers (7 task + 1 dedicated network)[0m
[97m/home/cvazquezperezdelacru/clio-core/context-runtime/src/ipc_manager.cc:756 INFO 642294 SetNumSchedQueues IpcManager: Updated num_sched_queues to 1[0m
[97m/home/cvazquezperezdelacru/clio-core/context-runtime/src/scheduler/default_sched.cc:139 INFO 642294 DivideWorkers DefaultScheduler: 1 scheduler worker (0), 4 I/O workers, net_send_worker=6, net_recv_worker=7, gpu_worker=5[0m
[97m/home/cvazquezperezdelacru/clio-core/context-runtime/src/work_orchestrator.cc:271 INFO 642294 SpawnWorkerThreads WorkOrchestrator: num_workers=8, num_lanes=16[0m
[97m/home/cvazquezperezdelacru/clio-core/context-runtime/src/work_orchestrator.cc:294 INFO 642294 SpawnWorkerThreads WorkOrchestrator: Mapped worker 0 (ID 0) to lane 0[0m
[97m/home/cvazquezperezdelacru/clio-core/context-runtime/src/work_orchestrator.cc:294 INFO 642294 SpawnWorkerThreads WorkOrchestrator: Mapped worker 1 (ID 1) to lane 1[0m
[97m/home/cvazquezperezdelacru/clio-core/context-runtime/src/work_orchestrator.cc:294 INFO 642294 SpawnWorkerThreads WorkOrchestrator: Mapped worker 2 (ID 2) to lane 2[0m
[97m/home/cvazquezperezdelacru/clio-core/context-runtime/src/work_orchestrator.cc:294 INFO 642294 SpawnWorkerThreads WorkOrchestrator: Mapped worker 3 (ID 3) to lane 3[0m
[97m/home/cvazquezperezdelacru/clio-core/context-runtime/src/work_orchestrator.cc:294 INFO 642294 SpawnWorkerThreads WorkOrchestrator: Mapped worker 4 (ID 4) to lane 4[0m
[97m/home/cvazquezperezdelacru/clio-core/context-runtime/src/work_orchestrator.cc:294 INFO 642294 SpawnWorkerThreads WorkOrchestrator: Mapped worker 5 (ID 5) to lane 5[0m
[97m/home/cvazquezperezdelacru/clio-core/context-runtime/src/work_orchestrator.cc:294 INFO 642294 SpawnWorkerThreads WorkOrchestrator: Mapped worker 6 (ID 6) to lane 6[0m
[97m/home/cvazquezperezdelacru/clio-core/context-runtime/src/work_orchestrator.cc:294 INFO 642294 SpawnWorkerThreads WorkOrchestrator: Mapped worker 7 (ID 7) to lane 7[0m
[97m/home/cvazquezperezdelacru/clio-core/context-runtime/src/pool_manager.cc:534 INFO 642294 CreatePool PoolManager: Creating pool 'admin' with 1 containers (one per node)[0m
[33m/home/cvazquezperezdelacru/clio-core/context-runtime/modules/admin/include/clio_runtime/admin/admin_client.h:59 WARNING 642294 Client AdminClient: Default constructor called - pool_id_ will be PoolId(0,0)[0m
[97m/home/cvazquezperezdelacru/clio-core/context-runtime/src/pool_manager.cc:615 INFO 642294 CreatePool Creating container for pool PoolId(major:1, minor:0) on node 0 with container_id=0[0m
[97m/home/cvazquezperezdelacru/clio-core/context-runtime/src/pool_manager.cc:644 INFO 642294 CreatePool Container initialized with pool ID PoolId(major:1, minor:0), name admin, and container ID 0[0m
[97m/home/cvazquezperezdelacru/clio-core/context-runtime/src/pool_manager.cc:663 INFO 642294 CreatePool CreatePool: Running Create method for pool PoolId(major:1, minor:0)[0m
[97m/home/cvazquezperezdelacru/clio-core/context-runtime/src/ipc/ipc_run2run.cc:1182 INFO 642324 operator() [PeerRecvThread] started[0m
[97m/home/cvazquezperezdelacru/clio-core/context-runtime/src/ipc/ipc_run2run.cc:1254 INFO 642325 operator() [ClientRecvThread] started[0m
[97m/home/cvazquezperezdelacru/clio-core/context-runtime/src/pool_manager.cc:666 INFO 642294 CreatePool CreatePool: Create method completed for pool PoolId(major:1, minor:0)[0m
[97m/home/cvazquezperezdelacru/clio-core/context-runtime/src/pool_manager.cc:700 INFO 642294 CreatePool PoolManager: Created complete pool PoolId(major:1, minor:0) with ChiMod clio_admin (1 containers)[0m
[97m/home/cvazquezperezdelacru/clio-core/context-runtime/src/pool_manager.cc:125 INFO 642294 ServerInit PoolManager: Admin chimod pool created successfully with PoolId PoolId(major:1, minor:0)[0m
[97m/home/cvazquezperezdelacru/clio-core/context-runtime/src/manager.cc:264 INFO 642294 ServerInit Processing compose configuration with 3 pools[0m
[33m/home/cvazquezperezdelacru/clio-core/context-runtime/src/../modules/admin/include/clio_runtime/admin/admin_client.h:59 WARNING 642294 Client AdminClient: Default constructor called - pool_id_ will be PoolId(0,0)[0m
[97m/home/cvazquezperezdelacru/clio-core/context-runtime/src/manager.cc:282 INFO 642294 ServerInit Compose: Creating pool ram::chi_default_bdev (module: clio_bdev, restart: 0)[0m
[97m/home/cvazquezperezdelacru/clio-core/context-runtime/src/pool_manager.cc:534 INFO 642319 CreatePool PoolManager: Creating pool 'ram::chi_default_bdev' with 1 containers (one per node)[0m
[97m/home/cvazquezperezdelacru/clio-core/context-runtime/src/pool_manager.cc:615 INFO 642319 CreatePool Creating container for pool PoolId(major:301, minor:0) on node 0 with container_id=0[0m
[97m/home/cvazquezperezdelacru/clio-core/context-runtime/src/pool_manager.cc:644 INFO 642319 CreatePool Container initialized with pool ID PoolId(major:301, minor:0), name ram::chi_default_bdev, and container ID 0[0m
[97m/home/cvazquezperezdelacru/clio-core/context-runtime/src/pool_manager.cc:663 INFO 642319 CreatePool CreatePool: Running Create method for pool PoolId(major:301, minor:0)[0m
[97m/home/cvazquezperezdelacru/clio-core/context-runtime/modules/bdev/src/transports/mem_bdev_transport.cc:152 INFO 642319 InitShmBacking [#783] RAM bdev 'clio_rambdev_642294_301_0' is shared-memory backed (38655688704 of 38654705664 bytes mapped)[0m
[97m/home/cvazquezperezdelacru/clio-core/context-runtime/src/pool_manager.cc:666 INFO 642319 CreatePool CreatePool: Create method completed for pool PoolId(major:301, minor:0)[0m
[97m/home/cvazquezperezdelacru/clio-core/context-runtime/src/pool_manager.cc:700 INFO 642319 CreatePool PoolManager: Created complete pool PoolId(major:301, minor:0) with ChiMod clio_bdev (1 containers)[0m
[97m/home/cvazquezperezdelacru/clio-core/context-runtime/src/manager.cc:298 INFO 642294 ServerInit Compose: Successfully created pool ram::chi_default_bdev (module: clio_bdev)[0m
[97m/home/cvazquezperezdelacru/clio-core/context-runtime/src/manager.cc:282 INFO 642294 ServerInit Compose: Creating pool cte_main (module: clio_cte_core, restart: 0)[0m
[97m/home/cvazquezperezdelacru/clio-core/context-runtime/src/pool_manager.cc:534 INFO 642316 CreatePool PoolManager: Creating pool 'cte_main' with 1 containers (one per node)[0m
[97m/home/cvazquezperezdelacru/clio-core/context-runtime/src/pool_manager.cc:615 INFO 642316 CreatePool Creating container for pool PoolId(major:512, minor:0) on node 0 with container_id=0[0m
[97m/home/cvazquezperezdelacru/clio-core/context-runtime/src/pool_manager.cc:644 INFO 642316 CreatePool Container initialized with pool ID PoolId(major:512, minor:0), name cte_main, and container ID 0[0m
[97m/home/cvazquezperezdelacru/clio-core/context-runtime/src/pool_manager.cc:663 INFO 642316 CreatePool CreatePool: Running Create method for pool PoolId(major:512, minor:0)[0m
[97m/home/cvazquezperezdelacru/clio-core/context-transfer-engine/core/src/core_config.cc:642 INFO 642316 ParseStorageConfig Parsed 2 storage devices[0m
[97m/home/cvazquezperezdelacru/clio-core/context-transfer-engine/core/src/core_config.cc:660 INFO 642316 ParseDpeConfig Parsed DPE configuration: type=max_bw[0m
[97m/home/cvazquezperezdelacru/clio-core/context-transfer-engine/core/src/core_config.cc:111 INFO 642316 LoadFromString Configuration loaded successfully from YAML string[0m
[97m/home/cvazquezperezdelacru/clio-core/context-transfer-engine/core/src/core_runtime.cc:590 INFO 642316 Create CTE: shared-memory metadata cache enabled (tags=65536, blobs=262144, root_off=488)[0m
[97m/home/cvazquezperezdelacru/clio-core/context-runtime/src/pool_manager.cc:534 INFO 642318 CreatePool PoolManager: Creating pool 'ram::cte_ram_tier_node0' with 1 containers (one per node)[0m
[97m/home/cvazquezperezdelacru/clio-core/context-runtime/src/pool_manager.cc:615 INFO 642318 CreatePool Creating container for pool PoolId(major:512, minor:1) on node 0 with container_id=0[0m
[97m/home/cvazquezperezdelacru/clio-core/context-runtime/src/pool_manager.cc:644 INFO 642318 CreatePool Container initialized with pool ID PoolId(major:512, minor:1), name ram::cte_ram_tier_node0, and container ID 0[0m
[97m/home/cvazquezperezdelacru/clio-core/context-runtime/src/pool_manager.cc:663 INFO 642318 CreatePool CreatePool: Running Create method for pool PoolId(major:512, minor:1)[0m
[97m/home/cvazquezperezdelacru/clio-core/context-runtime/modules/bdev/src/transports/mem_bdev_transport.cc:152 INFO 642318 InitShmBacking [#783] RAM bdev 'clio_rambdev_642294_512_1' is shared-memory backed (32213237760 of 32212254720 bytes mapped)[0m
[97m/home/cvazquezperezdelacru/clio-core/context-runtime/src/pool_manager.cc:666 INFO 642318 CreatePool CreatePool: Create method completed for pool PoolId(major:512, minor:1)[0m
[97m/home/cvazquezperezdelacru/clio-core/context-runtime/src/pool_manager.cc:700 INFO 642318 CreatePool PoolManager: Created complete pool PoolId(major:512, minor:1) with ChiMod clio_bdev (1 containers)[0m
[97m/home/cvazquezperezdelacru/clio-core/context-runtime/src/pool_manager.cc:534 INFO 642318 CreatePool PoolManager: Creating pool '/mnt/nvme/cvazquezperezdelacru/cte_tier_node0' with 1 containers (one per node)[0m
[97m/home/cvazquezperezdelacru/clio-core/context-runtime/src/pool_manager.cc:615 INFO 642318 CreatePool Creating container for pool PoolId(major:513, minor:1) on node 0 with container_id=0[0m
[97m/home/cvazquezperezdelacru/clio-core/context-runtime/src/pool_manager.cc:644 INFO 642318 CreatePool Container initialized with pool ID PoolId(major:513, minor:1), name /mnt/nvme/cvazquezperezdelacru/cte_tier_node0, and container ID 0[0m
[97m/home/cvazquezperezdelacru/clio-core/context-runtime/src/pool_manager.cc:663 INFO 642318 CreatePool CreatePool: Running Create method for pool PoolId(major:513, minor:1)[0m
[97m/home/cvazquezperezdelacru/clio-core/context-runtime/src/pool_manager.cc:666 INFO 642318 CreatePool CreatePool: Create method completed for pool PoolId(major:513, minor:1)[0m
[97m/home/cvazquezperezdelacru/clio-core/context-runtime/src/pool_manager.cc:700 INFO 642318 CreatePool PoolManager: Created complete pool PoolId(major:513, minor:1) with ChiMod clio_bdev (1 containers)[0m
[97m/home/cvazquezperezdelacru/clio-core/context-transfer-engine/core/src/core_runtime.cc:708 INFO 642316 Create CTE Core container created and initialized for pool: cte_main (ID: PoolId(major:512, minor:0))[0m
[97m/home/cvazquezperezdelacru/clio-core/context-transfer-engine/core/src/core_runtime.cc:712 INFO 642316 Create Configuration: neighborhood=1, poll_period_ms=5000, stat_targets_period_ms=5000[0m
[97m/home/cvazquezperezdelacru/clio-core/context-transfer-engine/core/src/core_runtime.cc:754 INFO 642316 Create Starting periodic StatTargets task with period 5000 ms[0m
[97m/home/cvazquezperezdelacru/clio-core/context-runtime/src/pool_manager.cc:666 INFO 642316 CreatePool CreatePool: Create method completed for pool PoolId(major:512, minor:0)[0m
[97m/home/cvazquezperezdelacru/clio-core/context-runtime/src/pool_manager.cc:700 INFO 642316 CreatePool PoolManager: Created complete pool PoolId(major:512, minor:0) with ChiMod clio_cte_core (1 containers)[0m
[97m/home/cvazquezperezdelacru/clio-core/context-runtime/src/manager.cc:298 INFO 642294 ServerInit Compose: Successfully created pool cte_main (module: clio_cte_core)[0m
[97m/home/cvazquezperezdelacru/clio-core/context-runtime/src/manager.cc:282 INFO 642294 ServerInit Compose: Creating pool faiss_ivf_main (module: clio_faiss_ivf, restart: 0)[0m
[97m/home/cvazquezperezdelacru/clio-core/context-runtime/src/pool_manager.cc:534 INFO 642318 CreatePool PoolManager: Creating pool 'faiss_ivf_main' with 1 containers (one per node)[0m
[97m/home/cvazquezperezdelacru/clio-core/context-runtime/src/pool_manager.cc:615 INFO 642318 CreatePool Creating container for pool PoolId(major:600, minor:0) on node 0 with container_id=0[0m
[97m/home/cvazquezperezdelacru/clio-core/context-runtime/src/pool_manager.cc:644 INFO 642318 CreatePool Container initialized with pool ID PoolId(major:600, minor:0), name faiss_ivf_main, and container ID 0[0m
[97m/home/cvazquezperezdelacru/clio-core/context-runtime/src/pool_manager.cc:663 INFO 642318 CreatePool CreatePool: Running Create method for pool PoolId(major:600, minor:0)[0m
[97m/home/cvazquezperezdelacru/clio-core/context-runtime/src/pool_manager.cc:666 INFO 642318 CreatePool CreatePool: Create method completed for pool PoolId(major:600, minor:0)[0m
[97m/home/cvazquezperezdelacru/clio-core/context-runtime/src/pool_manager.cc:700 INFO 642318 CreatePool PoolManager: Created complete pool PoolId(major:600, minor:0) with ChiMod clio_faiss_ivf (1 containers)[0m
[97m/home/cvazquezperezdelacru/clio-core/context-runtime/src/manager.cc:298 INFO 642294 ServerInit Compose: Successfully created pool faiss_ivf_main (module: clio_faiss_ivf)[0m
[97m/home/cvazquezperezdelacru/clio-core/context-runtime/src/manager.cc:304 INFO 642294 ServerInit Compose: All 3 pools created successfully[0m
[32m/home/cvazquezperezdelacru/clio-core/context-runtime/src/ipc_manager.cc:1368 SUCCESS 642294 StartLocalServer Successfully started local server at 127.0.0.1:9414[0m
[97m/home/cvazquezperezdelacru/clio-core/context-runtime/src/manager.cc:137 INFO 642294 ClientInit RuntimeManager::ClientInit[0m
[97m/home/cvazquezperezdelacru/clio-core/context-runtime/src/manager.cc:181 INFO 642294 ClientInit ClientInit: g_admin already exists, pool_id_=PoolId(major:0, minor:0)[0m
[33m/home/cvazquezperezdelacru/clio-core/context-runtime/src/scheduler/default_sched.cc:430 WARNING 642323 LoadBalance [#781 PDF] observed exec-time bins (cumulative): <10us=60270 <50us=222 <500us=7 <10ms=7 <50ms=0 <500ms=2 <1s=0 >=1s=0 | stalls_detected=0[0m
[33m/home/cvazquezperezdelacru/clio-core/context-runtime/src/scheduler/default_sched.cc:439 WARNING 642323 LoadBalance [#785] lane rescues performed: 0[0m
[33m/home/cvazquezperezdelacru/clio-core/context-runtime/src/scheduler/default_sched.cc:430 WARNING 642323 LoadBalance [#781 PDF] observed exec-time bins (cumulative): <10us=127385 <50us=417 <500us=14 <10ms=7 <50ms=0 <500ms=2 <1s=0 >=1s=0 | stalls_detected=0[0m
[33m/home/cvazquezperezdelacru/clio-core/context-runtime/src/scheduler/default_sched.cc:439 WARNING 642323 LoadBalance [#785] lane rescues performed: 0[0m
[33m/home/cvazquezperezdelacru/clio-core/context-runtime/src/scheduler/default_sched.cc:430 WARNING 642323 LoadBalance [#781 PDF] observed exec-time bins (cumulative): <10us=194502 <50us=621 <500us=20 <10ms=9 <50ms=0 <500ms=2 <1s=0 >=1s=0 | stalls_detected=0[0m
[33m/home/cvazquezperezdelacru/clio-core/context-runtime/src/scheduler/default_sched.cc:439 WARNING 642323 LoadBalance [#785] lane rescues performed: 0[0m
[97m/home/cvazquezperezdelacru/clio-core/context-runtime/src/ipc_manager.cc:2295 INFO 642325 GetOrCreateClient [ClientPool] Creating new persistent connection to 127.0.0.1:37705[0m
[97m/home/cvazquezperezdelacru/clio-core/context-runtime/src/../../context-transport-primitives/include/clio_ctp/lightbeam/zmq_transport.h:152 INFO 642325 GetSharedContext [ZeroMqTransport] Created shared context with 8 I/O threads[0m
[97m/home/cvazquezperezdelacru/clio-core/context-runtime/src/ipc_manager.cc:2315 INFO 642325 GetOrCreateClient [ClientPool] Connection established to 127.0.0.1:37705[0m
[97m/home/cvazquezperezdelacru/clio-core/context-runtime/modules/admin/src/admin_runtime.cc:1213 INFO 642315 RegisterMemory Admin::RegisterMemory: Registering CPU alloc_id (642371.0)[0m
[97m/home/cvazquezperezdelacru/clio-core/context-runtime/src/ipc_manager.cc:2539 INFO 642315 RegisterMemory IpcManager::RegisterMemory: Registering clio_642371_0 from pid 642371[0m
[97m/home/cvazquezperezdelacru/clio-core/context-runtime/src/ipc_manager.cc:2582 INFO 642315 RegisterMemory IpcManager::RegisterMemory: Successfully registered clio_642371_0[0m
[97m/home/cvazquezperezdelacru/clio-core/context-runtime/src/pool_manager.cc:534 INFO 642316 CreatePool PoolManager: Creating pool 'clio_cte_core' with 1 containers (one per node)[0m
[97m/home/cvazquezperezdelacru/clio-core/context-runtime/src/pool_manager.cc:575 INFO 642316 CreatePool PoolManager: Pool PoolId(major:512, minor:0) already exists by ID, returning existing pool[0m
[33m/home/cvazquezperezdelacru/clio-core/context-runtime/src/scheduler/default_sched.cc:430 WARNING 642323 LoadBalance [#781 PDF] observed exec-time bins (cumulative): <10us=260049 <50us=2584 <500us=226 <10ms=208 <50ms=9 <500ms=11 <1s=0 >=1s=0 | stalls_detected=0[0m
[33m/home/cvazquezperezdelacru/clio-core/context-runtime/src/scheduler/default_sched.cc:439 WARNING 642323 LoadBalance [#785] lane rescues performed: 0[0m
[33m/home/cvazquezperezdelacru/clio-core/context-runtime/src/scheduler/default_sched.cc:430 WARNING 642323 LoadBalance [#781 PDF] observed exec-time bins (cumulative): <10us=326909 <50us=3165 <500us=406 <10ms=450 <50ms=20 <500ms=21 <1s=0 >=1s=0 | stalls_detected=0[0m
[33m/home/cvazquezperezdelacru/clio-core/context-runtime/src/scheduler/default_sched.cc:439 WARNING 642323 LoadBalance [#785] lane rescues performed: 0[0m
[33m/home/cvazquezperezdelacru/clio-core/context-runtime/src/scheduler/default_sched.cc:430 WARNING 642323 LoadBalance [#781 PDF] observed exec-time bins (cumulative): <10us=394587 <50us=3654 <500us=595 <10ms=743 <50ms=34 <500ms=31 <1s=0 >=1s=0 | stalls_detected=0[0m
[33m/home/cvazquezperezdelacru/clio-core/context-runtime/src/scheduler/default_sched.cc:439 WARNING 642323 LoadBalance [#785] lane rescues performed: 0[0m
[33m/home/cvazquezperezdelacru/clio-core/context-runtime/src/scheduler/default_sched.cc:430 WARNING 642323 LoadBalance [#781 PDF] observed exec-time bins (cumulative): <10us=462424 <50us=4183 <500us=784 <10ms=1067 <50ms=52 <500ms=39 <1s=0 >=1s=0 | stalls_detected=0[0m
[33m/home/cvazquezperezdelacru/clio-core/context-runtime/src/scheduler/default_sched.cc:439 WARNING 642323 LoadBalance [#785] lane rescues performed: 0[0m
[33m/home/cvazquezperezdelacru/clio-core/context-runtime/src/scheduler/default_sched.cc:430 WARNING 642323 LoadBalance [#781 PDF] observed exec-time bins (cumulative): <10us=530369 <50us=4681 <500us=1011 <10ms=1384 <50ms=73 <500ms=44 <1s=0 >=1s=0 | stalls_detected=0[0m
[33m/home/cvazquezperezdelacru/clio-core/context-runtime/src/scheduler/default_sched.cc:439 WARNING 642323 LoadBalance [#785] lane rescues performed: 0[0m
[33m/home/cvazquezperezdelacru/clio-core/context-runtime/src/scheduler/default_sched.cc:430 WARNING 642323 LoadBalance [#781 PDF] observed exec-time bins (cumulative): <10us=598228 <50us=5108 <500us=1222 <10ms=1690 <50ms=94 <500ms=49 <1s=0 >=1s=0 | stalls_detected=0[0m
[33m/home/cvazquezperezdelacru/clio-core/context-runtime/src/scheduler/default_sched.cc:439 WARNING 642323 LoadBalance [#785] lane rescues performed: 0[0m
[33m/home/cvazquezperezdelacru/clio-core/context-runtime/src/scheduler/default_sched.cc:430 WARNING 642323 LoadBalance [#781 PDF] observed exec-time bins (cumulative): <10us=665350 <50us=5580 <500us=1370 <10ms=1842 <50ms=101 <500ms=56 <1s=0 >=1s=0 | stalls_detected=0[0m
[33m/home/cvazquezperezdelacru/clio-core/context-runtime/src/scheduler/default_sched.cc:439 WARNING 642323 LoadBalance [#785] lane rescues performed: 0[0m
[31m/home/cvazquezperezdelacru/clio-core/context-runtime/src/scheduler/default_sched.cc:726 ERROR 642323 LoadBalance [HANGWATCH-HB] processed=5586 outstanding=2 (queued=2 blocked=0 retry=0 periodic=7) live=1 live_stalled=0[0m
[33m/home/cvazquezperezdelacru/clio-core/context-runtime/src/scheduler/default_sched.cc:430 WARNING 642323 LoadBalance [#781 PDF] observed exec-time bins (cumulative): <10us=732219 <50us=6108 <500us=1486 <10ms=1957 <50ms=105 <500ms=61 <1s=0 >=1s=0 | stalls_detected=0[0m
[33m/home/cvazquezperezdelacru/clio-core/context-runtime/src/scheduler/default_sched.cc:439 WARNING 642323 LoadBalance [#785] lane rescues performed: 0[0m
[33m/home/cvazquezperezdelacru/clio-core/context-runtime/src/scheduler/default_sched.cc:430 WARNING 642323 LoadBalance [#781 PDF] observed exec-time bins (cumulative): <10us=799353 <50us=6865 <500us=1706 <10ms=2212 <50ms=111 <500ms=77 <1s=0 >=1s=0 | stalls_detected=0[0m
[33m/home/cvazquezperezdelacru/clio-core/context-runtime/src/scheduler/default_sched.cc:439 WARNING 642323 LoadBalance [#785] lane rescues performed: 0[0m
[33m/home/cvazquezperezdelacru/clio-core/context-runtime/src/scheduler/default_sched.cc:430 WARNING 642323 LoadBalance [#781 PDF] observed exec-time bins (cumulative): <10us=866873 <50us=7345 <500us=1966 <10ms=2450 <50ms=111 <500ms=100 <1s=0 >=1s=0 | stalls_detected=0[0m
[33m/home/cvazquezperezdelacru/clio-core/context-runtime/src/scheduler/default_sched.cc:439 WARNING 642323 LoadBalance [#785] lane rescues performed: 0[0m
[31m/home/cvazquezperezdelacru/clio-core/context-runtime/src/scheduler/default_sched.cc:726 ERROR 642323 LoadBalance [HANGWATCH-HB] processed=7461 outstanding=4 (queued=4 blocked=0 retry=0 periodic=7) live=1 live_stalled=0[0m
[33m/home/cvazquezperezdelacru/clio-core/context-runtime/src/scheduler/default_sched.cc:430 WARNING 642323 LoadBalance [#781 PDF] observed exec-time bins (cumulative): <10us=934654 <50us=7837 <500us=2245 <10ms=2716 <50ms=111 <500ms=127 <1s=0 >=1s=0 | stalls_detected=0[0m
[33m/home/cvazquezperezdelacru/clio-core/context-runtime/src/scheduler/default_sched.cc:439 WARNING 642323 LoadBalance [#785] lane rescues performed: 0[0m
[33m/home/cvazquezperezdelacru/clio-core/context-runtime/src/scheduler/default_sched.cc:430 WARNING 642323 LoadBalance [#781 PDF] observed exec-time bins (cumulative): <10us=1001998 <50us=8323 <500us=2542 <10ms=2974 <50ms=111 <500ms=153 <1s=0 >=1s=0 | stalls_detected=0[0m
[33m/home/cvazquezperezdelacru/clio-core/context-runtime/src/scheduler/default_sched.cc:439 WARNING 642323 LoadBalance [#785] lane rescues performed: 0[0m
[31m/home/cvazquezperezdelacru/clio-core/context-runtime/src/scheduler/default_sched.cc:726 ERROR 642323 LoadBalance [HANGWATCH-HB] processed=9487 outstanding=3 (queued=3 blocked=0 retry=0 periodic=7) live=1 live_stalled=0[0m
[33m/home/cvazquezperezdelacru/clio-core/context-runtime/src/scheduler/default_sched.cc:430 WARNING 642323 LoadBalance [#781 PDF] observed exec-time bins (cumulative): <10us=1069390 <50us=8774 <500us=2774 <10ms=3167 <50ms=111 <500ms=172 <1s=0 >=1s=0 | stalls_detected=0[0m
[33m/home/cvazquezperezdelacru/clio-core/context-runtime/src/scheduler/default_sched.cc:439 WARNING 642323 LoadBalance [#785] lane rescues performed: 0[0m
[33m/home/cvazquezperezdelacru/clio-core/context-runtime/src/scheduler/default_sched.cc:430 WARNING 642323 LoadBalance [#781 PDF] observed exec-time bins (cumulative): <10us=1136930 <50us=9239 <500us=3020 <10ms=3382 <50ms=111 <500ms=193 <1s=0 >=1s=0 | stalls_detected=0[0m
[33m/home/cvazquezperezdelacru/clio-core/context-runtime/src/scheduler/default_sched.cc:439 WARNING 642323 LoadBalance [#785] lane rescues performed: 0[0m
[33m/home/cvazquezperezdelacru/clio-core/context-runtime/src/scheduler/default_sched.cc:430 WARNING 642323 LoadBalance [#781 PDF] observed exec-time bins (cumulative): <10us=1203636 <50us=9954 <500us=3232 <10ms=3601 <50ms=113 <500ms=211 <1s=0 >=1s=0 | stalls_detected=0[0m
[33m/home/cvazquezperezdelacru/clio-core/context-runtime/src/scheduler/default_sched.cc:439 WARNING 642323 LoadBalance [#785] lane rescues performed: 0[0m
[33m/home/cvazquezperezdelacru/clio-core/context-runtime/src/scheduler/default_sched.cc:430 WARNING 642323 LoadBalance [#781 PDF] observed exec-time bins (cumulative): <10us=1270654 <50us=10534 <500us=3492 <10ms=3878 <50ms=119 <500ms=232 <1s=0 >=1s=0 | stalls_detected=0[0m
[33m/home/cvazquezperezdelacru/clio-core/context-runtime/src/scheduler/default_sched.cc:439 WARNING 642323 LoadBalance [#785] lane rescues performed: 0[0m
[31m/home/cvazquezperezdelacru/clio-core/context-runtime/src/scheduler/default_sched.cc:726 ERROR 642323 LoadBalance [HANGWATCH-HB] processed=12737 outstanding=3 (queued=3 blocked=0 retry=0 periodic=7) live=1 live_stalled=0[0m
[33m/home/cvazquezperezdelacru/clio-core/context-runtime/src/scheduler/default_sched.cc:430 WARNING 642323 LoadBalance [#781 PDF] observed exec-time bins (cumulative): <10us=1338034 <50us=10980 <500us=3776 <10ms=4132 <50ms=123 <500ms=255 <1s=0 >=1s=0 | stalls_detected=0[0m
[33m/home/cvazquezperezdelacru/clio-core/context-runtime/src/scheduler/default_sched.cc:439 WARNING 642323 LoadBalance [#785] lane rescues performed: 0[0m
[33m/home/cvazquezperezdelacru/clio-core/context-runtime/src/scheduler/default_sched.cc:430 WARNING 642323 LoadBalance [#781 PDF] observed exec-time bins (cumulative): <10us=1406156 <50us=11405 <500us=3928 <10ms=4295 <50ms=124 <500ms=268 <1s=0 >=1s=0 | stalls_detected=0[0m
[33m/home/cvazquezperezdelacru/clio-core/context-runtime/src/scheduler/default_sched.cc:439 WARNING 642323 LoadBalance [#785] lane rescues performed: 0[0m
[33m/home/cvazquezperezdelacru/clio-core/context-runtime/src/scheduler/default_sched.cc:430 WARNING 642323 LoadBalance [#781 PDF] observed exec-time bins (cumulative): <10us=1473456 <50us=11749 <500us=4030 <10ms=4400 <50ms=124 <500ms=277 <1s=0 >=1s=0 | stalls_detected=0[0m
[33m/home/cvazquezperezdelacru/clio-core/context-runtime/src/scheduler/default_sched.cc:439 WARNING 642323 LoadBalance [#785] lane rescues performed: 0[0m
[33m/home/cvazquezperezdelacru/clio-core/context-runtime/src/scheduler/default_sched.cc:430 WARNING 642323 LoadBalance [#781 PDF] observed exec-time bins (cumulative): <10us=1540644 <50us=12162 <500us=4199 <10ms=4562 <50ms=125 <500ms=289 <1s=0 >=1s=0 | stalls_detected=0[0m
[33m/home/cvazquezperezdelacru/clio-core/context-runtime/src/scheduler/default_sched.cc:439 WARNING 642323 LoadBalance [#785] lane rescues performed: 0[0m
[33m/home/cvazquezperezdelacru/clio-core/context-runtime/src/scheduler/default_sched.cc:430 WARNING 642323 LoadBalance [#781 PDF] observed exec-time bins (cumulative): <10us=1607741 <50us=12569 <500us=4375 <10ms=4749 <50ms=128 <500ms=302 <1s=0 >=1s=0 | stalls_detected=0[0m
[33m/home/cvazquezperezdelacru/clio-core/context-runtime/src/scheduler/default_sched.cc:439 WARNING 642323 LoadBalance [#785] lane rescues performed: 0[0m
[33m/home/cvazquezperezdelacru/clio-core/context-runtime/src/scheduler/default_sched.cc:430 WARNING 642323 LoadBalance [#781 PDF] observed exec-time bins (cumulative): <10us=1674818 <50us=12961 <500us=4567 <10ms=4932 <50ms=131 <500ms=314 <1s=0 >=1s=0 | stalls_detected=0[0m
[33m/home/cvazquezperezdelacru/clio-core/context-runtime/src/scheduler/default_sched.cc:439 WARNING 642323 LoadBalance [#785] lane rescues performed: 0[0m
[33m/home/cvazquezperezdelacru/clio-core/context-runtime/src/scheduler/default_sched.cc:430 WARNING 642323 LoadBalance [#781 PDF] observed exec-time bins (cumulative): <10us=1741746 <50us=13432 <500us=4738 <10ms=5117 <50ms=133 <500ms=328 <1s=0 >=1s=0 | stalls_detected=0[0m
[33m/home/cvazquezperezdelacru/clio-core/context-runtime/src/scheduler/default_sched.cc:439 WARNING 642323 LoadBalance [#785] lane rescues performed: 0[0m
[31m/home/cvazquezperezdelacru/clio-core/context-runtime/src/scheduler/default_sched.cc:726 ERROR 642323 LoadBalance [HANGWATCH-HB] processed=16720 outstanding=2 (queued=2 blocked=0 retry=0 periodic=6) live=1 live_stalled=0[0m
[33m/home/cvazquezperezdelacru/clio-core/context-runtime/src/scheduler/default_sched.cc:430 WARNING 642323 LoadBalance [#781 PDF] observed exec-time bins (cumulative): <10us=1808555 <50us=14210 <500us=4916 <10ms=5299 <50ms=136 <500ms=340 <1s=0 >=1s=0 | stalls_detected=0[0m
[33m/home/cvazquezperezdelacru/clio-core/context-runtime/src/scheduler/default_sched.cc:439 WARNING 642323 LoadBalance [#785] lane rescues performed: 0[0m
[33m/home/cvazquezperezdelacru/clio-core/context-runtime/src/scheduler/default_sched.cc:430 WARNING 642323 LoadBalance [#781 PDF] observed exec-time bins (cumulative): <10us=1875226 <50us=15002 <500us=5047 <10ms=5469 <50ms=137 <500ms=347 <1s=0 >=1s=0 | stalls_detected=0[0m
[33m/home/cvazquezperezdelacru/clio-core/context-runtime/src/scheduler/default_sched.cc:439 WARNING 642323 LoadBalance [#785] lane rescues performed: 0[0m
[33m/home/cvazquezperezdelacru/clio-core/context-runtime/src/scheduler/default_sched.cc:430 WARNING 642323 LoadBalance [#781 PDF] observed exec-time bins (cumulative): <10us=1943466 <50us=16653 <500us=5190 <10ms=5726 <50ms=139 <500ms=347 <1s=0 >=1s=0 | stalls_detected=0[0m
[33m/home/cvazquezperezdelacru/clio-core/context-runtime/src/scheduler/default_sched.cc:439 WARNING 642323 LoadBalance [#785] lane rescues performed: 0[0m
[33m/home/cvazquezperezdelacru/clio-core/context-runtime/src/scheduler/default_sched.cc:430 WARNING 642323 LoadBalance [#781 PDF] observed exec-time bins (cumulative): <10us=2009984 <50us=20194 <500us=5335 <10ms=5984 <50ms=141 <500ms=347 <1s=0 >=1s=0 | stalls_detected=0[0m
[33m/home/cvazquezperezdelacru/clio-core/context-runtime/src/scheduler/default_sched.cc:439 WARNING 642323 LoadBalance [#785] lane rescues performed: 0[0m
[33m/home/cvazquezperezdelacru/clio-core/context-runtime/src/scheduler/default_sched.cc:430 WARNING 642323 LoadBalance [#781 PDF] observed exec-time bins (cumulative): <10us=2074556 <50us=22594 <500us=5476 <10ms=6118 <50ms=143 <500ms=347 <1s=0 >=1s=0 | stalls_detected=0[0m
[33m/home/cvazquezperezdelacru/clio-core/context-runtime/src/scheduler/default_sched.cc:439 WARNING 642323 LoadBalance [#785] lane rescues performed: 0[0m
[33m/home/cvazquezperezdelacru/clio-core/context-runtime/src/scheduler/default_sched.cc:430 WARNING 642323 LoadBalance [#781 PDF] observed exec-time bins (cumulative): <10us=2144526 <50us=23929 <500us=5648 <10ms=6397 <50ms=147 <500ms=347 <1s=0 >=1s=0 | stalls_detected=0[0m
[33m/home/cvazquezperezdelacru/clio-core/context-runtime/src/scheduler/default_sched.cc:439 WARNING 642323 LoadBalance [#785] lane rescues performed: 0[0m
[33m/home/cvazquezperezdelacru/clio-core/context-runtime/src/scheduler/default_sched.cc:430 WARNING 642323 LoadBalance [#781 PDF] observed exec-time bins (cumulative): <10us=2219031 <50us=25097 <500us=5801 <10ms=6716 <50ms=148 <500ms=347 <1s=0 >=1s=0 | stalls_detected=0[0m
[33m/home/cvazquezperezdelacru/clio-core/context-runtime/src/scheduler/default_sched.cc:439 WARNING 642323 LoadBalance [#785] lane rescues performed: 0[0m
[31m/home/cvazquezperezdelacru/clio-core/context-runtime/src/scheduler/default_sched.cc:726 ERROR 642323 LoadBalance [HANGWATCH-HB] processed=21428 outstanding=1 (queued=1 blocked=0 retry=0 periodic=9) live=0 live_stalled=0[0m
[33m/home/cvazquezperezdelacru/clio-core/context-runtime/src/scheduler/default_sched.cc:430 WARNING 642323 LoadBalance [#781 PDF] observed exec-time bins (cumulative): <10us=2293739 <50us=26029 <500us=5931 <10ms=7025 <50ms=151 <500ms=347 <1s=0 >=1s=0 | stalls_detected=0[0m
[33m/home/cvazquezperezdelacru/clio-core/context-runtime/src/scheduler/default_sched.cc:439 WARNING 642323 LoadBalance [#785] lane rescues performed: 0[0m
[33m/home/cvazquezperezdelacru/clio-core/context-runtime/src/scheduler/default_sched.cc:430 WARNING 642323 LoadBalance [#781 PDF] observed exec-time bins (cumulative): <10us=2359200 <50us=28239 <500us=6067 <10ms=7262 <50ms=153 <500ms=347 <1s=0 >=1s=0 | stalls_detected=0[0m
[33m/home/cvazquezperezdelacru/clio-core/context-runtime/src/scheduler/default_sched.cc:439 WARNING 642323 LoadBalance [#785] lane rescues performed: 0[0m
[33m/home/cvazquezperezdelacru/clio-core/context-runtime/src/scheduler/default_sched.cc:430 WARNING 642323 LoadBalance [#781 PDF] observed exec-time bins (cumulative): <10us=2425768 <50us=29155 <500us=6199 <10ms=7423 <50ms=156 <500ms=347 <1s=0 >=1s=0 | stalls_detected=0[0m
[33m/home/cvazquezperezdelacru/clio-core/context-runtime/src/scheduler/default_sched.cc:439 WARNING 642323 LoadBalance [#785] lane rescues performed: 0[0m
[33m/home/cvazquezperezdelacru/clio-core/context-runtime/src/scheduler/default_sched.cc:430 WARNING 642323 LoadBalance [#781 PDF] observed exec-time bins (cumulative): <10us=2491178 <50us=31285 <500us=6358 <10ms=7661 <50ms=159 <500ms=347 <1s=0 >=1s=0 | stalls_detected=0[0m
[33m/home/cvazquezperezdelacru/clio-core/context-runtime/src/scheduler/default_sched.cc:439 WARNING 642323 LoadBalance [#785] lane rescues performed: 0[0m
[33m/home/cvazquezperezdelacru/clio-core/context-runtime/src/scheduler/default_sched.cc:430 WARNING 642323 LoadBalance [#781 PDF] observed exec-time bins (cumulative): <10us=2556284 <50us=34896 <500us=6507 <10ms=7929 <50ms=162 <500ms=347 <1s=0 >=1s=0 | stalls_detected=0[0m
[33m/home/cvazquezperezdelacru/clio-core/context-runtime/src/scheduler/default_sched.cc:439 WARNING 642323 LoadBalance [#785] lane rescues performed: 0[0m
[33m/home/cvazquezperezdelacru/clio-core/context-runtime/src/scheduler/default_sched.cc:430 WARNING 642323 LoadBalance [#781 PDF] observed exec-time bins (cumulative): <10us=2622310 <50us=37457 <500us=6613 <10ms=8046 <50ms=162 <500ms=347 <1s=0 >=1s=0 | stalls_detected=0[0m
[33m/home/cvazquezperezdelacru/clio-core/context-runtime/src/scheduler/default_sched.cc:439 WARNING 642323 LoadBalance [#785] lane rescues performed: 0[0m
[33m/home/cvazquezperezdelacru/clio-core/context-runtime/src/scheduler/default_sched.cc:430 WARNING 642323 LoadBalance [#781 PDF] observed exec-time bins (cumulative): <10us=2687075 <50us=39958 <500us=6756 <10ms=8204 <50ms=163 <500ms=347 <1s=0 >=1s=0 | stalls_detected=0[0m
[33m/home/cvazquezperezdelacru/clio-core/context-runtime/src/scheduler/default_sched.cc:439 WARNING 642323 LoadBalance [#785] lane rescues performed: 0[0m
[33m/home/cvazquezperezdelacru/clio-core/context-runtime/src/scheduler/default_sched.cc:430 WARNING 642323 LoadBalance [#781 PDF] observed exec-time bins (cumulative): <10us=2753361 <50us=42450 <500us=6882 <10ms=8349 <50ms=164 <500ms=347 <1s=0 >=1s=0 | stalls_detected=0[0m
[33m/home/cvazquezperezdelacru/clio-core/context-runtime/src/scheduler/default_sched.cc:439 WARNING 642323 LoadBalance [#785] lane rescues performed: 0[0m
[33m/home/cvazquezperezdelacru/clio-core/context-runtime/src/scheduler/default_sched.cc:430 WARNING 642323 LoadBalance [#781 PDF] observed exec-time bins (cumulative): <10us=2815739 <50us=46860 <500us=7012 <10ms=8490 <50ms=164 <500ms=347 <1s=0 >=1s=0 | stalls_detected=0[0m
[33m/home/cvazquezperezdelacru/clio-core/context-runtime/src/scheduler/default_sched.cc:439 WARNING 642323 LoadBalance [#785] lane rescues performed: 0[0m
[31m/home/cvazquezperezdelacru/clio-core/context-runtime/src/scheduler/default_sched.cc:726 ERROR 642323 LoadBalance [HANGWATCH-HB] processed=26886 outstanding=1 (queued=1 blocked=0 retry=0 periodic=7) live=0 live_stalled=0[0m
[33m/home/cvazquezperezdelacru/clio-core/context-runtime/src/scheduler/default_sched.cc:430 WARNING 642323 LoadBalance [#781 PDF] observed exec-time bins (cumulative): <10us=2879795 <50us=49708 <500us=7157 <10ms=8662 <50ms=165 <500ms=347 <1s=0 >=1s=0 | stalls_detected=0[0m
[33m/home/cvazquezperezdelacru/clio-core/context-runtime/src/scheduler/default_sched.cc:439 WARNING 642323 LoadBalance [#785] lane rescues performed: 0[0m
[33m/home/cvazquezperezdelacru/clio-core/context-runtime/src/scheduler/default_sched.cc:430 WARNING 642323 LoadBalance [#781 PDF] observed exec-time bins (cumulative): <10us=2944417 <50us=52104 <500us=7306 <10ms=8848 <50ms=166 <500ms=347 <1s=0 >=1s=0 | stalls_detected=0[0m
[33m/home/cvazquezperezdelacru/clio-core/context-runtime/src/scheduler/default_sched.cc:439 WARNING 642323 LoadBalance [#785] lane rescues performed: 0[0m
[33m/home/cvazquezperezdelacru/clio-core/context-runtime/src/scheduler/default_sched.cc:430 WARNING 642323 LoadBalance [#781 PDF] observed exec-time bins (cumulative): <10us=3008940 <50us=55336 <500us=7459 <10ms=9110 <50ms=169 <500ms=347 <1s=0 >=1s=0 | stalls_detected=0[0m
[33m/home/cvazquezperezdelacru/clio-core/context-runtime/src/scheduler/default_sched.cc:439 WARNING 642323 LoadBalance [#785] lane rescues performed: 0[0m
[33m/home/cvazquezperezdelacru/clio-core/context-runtime/src/scheduler/default_sched.cc:430 WARNING 642323 LoadBalance [#781 PDF] observed exec-time bins (cumulative): <10us=3075168 <50us=57164 <500us=7587 <10ms=9289 <50ms=170 <500ms=347 <1s=0 >=1s=0 | stalls_detected=0[0m
[33m/home/cvazquezperezdelacru/clio-core/context-runtime/src/scheduler/default_sched.cc:439 WARNING 642323 LoadBalance [#785] lane rescues performed: 0[0m
[33m/home/cvazquezperezdelacru/clio-core/context-runtime/src/scheduler/default_sched.cc:430 WARNING 642323 LoadBalance [#781 PDF] observed exec-time bins (cumulative): <10us=3142777 <50us=58052 <500us=7715 <10ms=9417 <50ms=170 <500ms=347 <1s=0 >=1s=0 | stalls_detected=0[0m
[33m/home/cvazquezperezdelacru/clio-core/context-runtime/src/scheduler/default_sched.cc:439 WARNING 642323 LoadBalance [#785] lane rescues performed: 0[0m
[33m/home/cvazquezperezdelacru/clio-core/context-runtime/src/scheduler/default_sched.cc:430 WARNING 642323 LoadBalance [#781 PDF] observed exec-time bins (cumulative): <10us=3210718 <50us=59073 <500us=7847 <10ms=9560 <50ms=171 <500ms=347 <1s=0 >=1s=0 | stalls_detected=0[0m
[33m/home/cvazquezperezdelacru/clio-core/context-runtime/src/scheduler/default_sched.cc:439 WARNING 642323 LoadBalance [#785] lane rescues performed: 0[0m
[33m/home/cvazquezperezdelacru/clio-core/context-runtime/src/scheduler/default_sched.cc:430 WARNING 642323 LoadBalance [#781 PDF] observed exec-time bins (cumulative): <10us=3279693 <50us=59949 <500us=7963 <10ms=9709 <50ms=172 <500ms=347 <1s=0 >=1s=0 | stalls_detected=0[0m
[33m/home/cvazquezperezdelacru/clio-core/context-runtime/src/scheduler/default_sched.cc:439 WARNING 642323 LoadBalance [#785] lane rescues performed: 0[0m
[31m/home/cvazquezperezdelacru/clio-core/context-runtime/src/scheduler/default_sched.cc:726 ERROR 642323 LoadBalance [HANGWATCH-HB] processed=30485 outstanding=1 (queued=1 blocked=0 retry=0 periodic=7) live=0 live_stalled=0[0m
[33m/home/cvazquezperezdelacru/clio-core/context-runtime/src/scheduler/default_sched.cc:430 WARNING 642323 LoadBalance [#781 PDF] observed exec-time bins (cumulative): <10us=3348944 <50us=61384 <500us=8121 <10ms=9904 <50ms=173 <500ms=347 <1s=0 >=1s=0 | stalls_detected=0[0m
[33m/home/cvazquezperezdelacru/clio-core/context-runtime/src/scheduler/default_sched.cc:439 WARNING 642323 LoadBalance [#785] lane rescues performed: 0[0m
[33m/home/cvazquezperezdelacru/clio-core/context-runtime/src/scheduler/default_sched.cc:430 WARNING 642323 LoadBalance [#781 PDF] observed exec-time bins (cumulative): <10us=3417610 <50us=62813 <500us=8247 <10ms=10077 <50ms=174 <500ms=347 <1s=0 >=1s=0 | stalls_detected=0[0m
[33m/home/cvazquezperezdelacru/clio-core/context-runtime/src/scheduler/default_sched.cc:439 WARNING 642323 LoadBalance [#785] lane rescues performed: 0[0m
[33m/home/cvazquezperezdelacru/clio-core/context-runtime/src/scheduler/default_sched.cc:430 WARNING 642323 LoadBalance [#781 PDF] observed exec-time bins (cumulative): <10us=3484219 <50us=63661 <500us=8342 <10ms=10170 <50ms=174 <500ms=347 <1s=0 >=1s=0 | stalls_detected=0[0m
[33m/home/cvazquezperezdelacru/clio-core/context-runtime/src/scheduler/default_sched.cc:439 WARNING 642323 LoadBalance [#785] lane rescues performed: 0[0m
[33m/home/cvazquezperezdelacru/clio-core/context-runtime/src/scheduler/default_sched.cc:430 WARNING 642323 LoadBalance [#781 PDF] observed exec-time bins (cumulative): <10us=3553472 <50us=65195 <500us=8475 <10ms=10384 <50ms=176 <500ms=347 <1s=0 >=1s=0 | stalls_detected=0[0m
[33m/home/cvazquezperezdelacru/clio-core/context-runtime/src/scheduler/default_sched.cc:439 WARNING 642323 LoadBalance [#785] lane rescues performed: 0[0m
[33m/home/cvazquezperezdelacru/clio-core/context-runtime/src/scheduler/default_sched.cc:430 WARNING 642323 LoadBalance [#781 PDF] observed exec-time bins (cumulative): <10us=3619155 <50us=67611 <500us=8598 <10ms=10510 <50ms=177 <500ms=347 <1s=0 >=1s=0 | stalls_detected=0[0m
[33m/home/cvazquezperezdelacru/clio-core/context-runtime/src/scheduler/default_sched.cc:439 WARNING 642323 LoadBalance [#785] lane rescues performed: 0[0m
[33m/home/cvazquezperezdelacru/clio-core/context-runtime/src/scheduler/default_sched.cc:430 WARNING 642323 LoadBalance [#781 PDF] observed exec-time bins (cumulative): <10us=3684325 <50us=69743 <500us=8724 <10ms=10636 <50ms=178 <500ms=347 <1s=0 >=1s=0 | stalls_detected=0[0m
[33m/home/cvazquezperezdelacru/clio-core/context-runtime/src/scheduler/default_sched.cc:439 WARNING 642323 LoadBalance [#785] lane rescues performed: 0[0m
[31m/home/cvazquezperezdelacru/clio-core/context-runtime/src/scheduler/default_sched.cc:726 ERROR 642323 LoadBalance [HANGWATCH-HB] processed=33140 outstanding=1 (queued=1 blocked=0 retry=0 periodic=7) live=0 live_stalled=0[0m
[33m/home/cvazquezperezdelacru/clio-core/context-runtime/src/scheduler/default_sched.cc:430 WARNING 642323 LoadBalance [#781 PDF] observed exec-time bins (cumulative): <10us=3750045 <50us=70811 <500us=8845 <10ms=10760 <50ms=178 <500ms=347 <1s=0 >=1s=0 | stalls_detected=0[0m
[33m/home/cvazquezperezdelacru/clio-core/context-runtime/src/scheduler/default_sched.cc:439 WARNING 642323 LoadBalance [#785] lane rescues performed: 0[0m
[33m/home/cvazquezperezdelacru/clio-core/context-runtime/src/scheduler/default_sched.cc:430 WARNING 642323 LoadBalance [#781 PDF] observed exec-time bins (cumulative): <10us=3814715 <50us=72880 <500us=8989 <10ms=10906 <50ms=179 <500ms=347 <1s=0 >=1s=0 | stalls_detected=0[0m
[33m/home/cvazquezperezdelacru/clio-core/context-runtime/src/scheduler/default_sched.cc:439 WARNING 642323 LoadBalance [#785] lane rescues performed: 0[0m
[33m/home/cvazquezperezdelacru/clio-core/context-runtime/src/scheduler/default_sched.cc:430 WARNING 642323 LoadBalance [#781 PDF] observed exec-time bins (cumulative): <10us=3879883 <50us=75256 <500us=9121 <10ms=11085 <50ms=180 <500ms=347 <1s=0 >=1s=0 | stalls_detected=0[0m
[33m/home/cvazquezperezdelacru/clio-core/context-runtime/src/scheduler/default_sched.cc:439 WARNING 642323 LoadBalance [#785] lane rescues performed: 0[0m
[33m/home/cvazquezperezdelacru/clio-core/context-runtime/src/scheduler/default_sched.cc:430 WARNING 642323 LoadBalance [#781 PDF] observed exec-time bins (cumulative): <10us=3946853 <50us=76844 <500us=9294 <10ms=11307 <50ms=181 <500ms=347 <1s=0 >=1s=0 | stalls_detected=0[0m
[33m/home/cvazquezperezdelacru/clio-core/context-runtime/src/scheduler/default_sched.cc:439 WARNING 642323 LoadBalance [#785] lane rescues performed: 0[0m
[33m/home/cvazquezperezdelacru/clio-core/context-runtime/src/scheduler/default_sched.cc:430 WARNING 642323 LoadBalance [#781 PDF] observed exec-time bins (cumulative): <10us=4015233 <50us=78042 <500us=9455 <10ms=11545 <50ms=183 <500ms=347 <1s=0 >=1s=0 | stalls_detected=0[0m
[33m/home/cvazquezperezdelacru/clio-core/context-runtime/src/scheduler/default_sched.cc:439 WARNING 642323 LoadBalance [#785] lane rescues performed: 0[0m
[31m/home/cvazquezperezdelacru/clio-core/context-runtime/src/scheduler/default_sched.cc:726 ERROR 642323 LoadBalance [HANGWATCH-HB] processed=36115 outstanding=1 (queued=1 blocked=0 retry=0 periodic=7) live=1 live_stalled=0[0m
[33m/home/cvazquezperezdelacru/clio-core/context-runtime/src/scheduler/default_sched.cc:430 WARNING 642323 LoadBalance [#781 PDF] observed exec-time bins (cumulative): <10us=4082089 <50us=80098 <500us=9607 <10ms=11818 <50ms=185 <500ms=347 <1s=0 >=1s=0 | stalls_detected=0[0m
[33m/home/cvazquezperezdelacru/clio-core/context-runtime/src/scheduler/default_sched.cc:439 WARNING 642323 LoadBalance [#785] lane rescues performed: 0[0m
[33m/home/cvazquezperezdelacru/clio-core/context-runtime/src/scheduler/default_sched.cc:430 WARNING 642323 LoadBalance [#781 PDF] observed exec-time bins (cumulative): <10us=4152015 <50us=82310 <500us=9761 <10ms=12138 <50ms=187 <500ms=347 <1s=0 >=1s=0 | stalls_detected=0[0m
[33m/home/cvazquezperezdelacru/clio-core/context-runtime/src/scheduler/default_sched.cc:439 WARNING 642323 LoadBalance [#785] lane rescues performed: 0[0m
[33m/home/cvazquezperezdelacru/clio-core/context-runtime/src/scheduler/default_sched.cc:430 WARNING 642323 LoadBalance [#781 PDF] observed exec-time bins (cumulative): <10us=4221931 <50us=84046 <500us=9901 <10ms=12356 <50ms=190 <500ms=347 <1s=0 >=1s=0 | stalls_detected=0[0m
[33m/home/cvazquezperezdelacru/clio-core/context-runtime/src/scheduler/default_sched.cc:439 WARNING 642323 LoadBalance [#785] lane rescues performed: 0[0m
[33m/home/cvazquezperezdelacru/clio-core/context-runtime/src/scheduler/default_sched.cc:430 WARNING 642323 LoadBalance [#781 PDF] observed exec-time bins (cumulative): <10us=4288753 <50us=85627 <500us=10016 <10ms=12470 <50ms=190 <500ms=347 <1s=0 >=1s=0 | stalls_detected=0[0m
[33m/home/cvazquezperezdelacru/clio-core/context-runtime/src/scheduler/default_sched.cc:439 WARNING 642323 LoadBalance [#785] lane rescues performed: 0[0m
[33m/home/cvazquezperezdelacru/clio-core/context-runtime/src/scheduler/default_sched.cc:430 WARNING 642323 LoadBalance [#781 PDF] observed exec-time bins (cumulative): <10us=4355114 <50us=86648 <500us=10135 <10ms=12594 <50ms=191 <500ms=347 <1s=0 >=1s=0 | stalls_detected=0[0m
[33m/home/cvazquezperezdelacru/clio-core/context-runtime/src/scheduler/default_sched.cc:439 WARNING 642323 LoadBalance [#785] lane rescues performed: 0[0m
[33m/home/cvazquezperezdelacru/clio-core/context-runtime/src/scheduler/default_sched.cc:430 WARNING 642323 LoadBalance [#781 PDF] observed exec-time bins (cumulative): <10us=4417492 <50us=90587 <500us=10244 <10ms=12696 <50ms=191 <500ms=347 <1s=0 >=1s=0 | stalls_detected=0[0m
[33m/home/cvazquezperezdelacru/clio-core/context-runtime/src/scheduler/default_sched.cc:439 WARNING 642323 LoadBalance [#785] lane rescues performed: 0[0m
[33m/home/cvazquezperezdelacru/clio-core/context-runtime/src/scheduler/default_sched.cc:430 WARNING 642323 LoadBalance [#781 PDF] observed exec-time bins (cumulative): <10us=4487224 <50us=92201 <500us=10400 <10ms=12884 <50ms=193 <500ms=347 <1s=0 >=1s=0 | stalls_detected=0[0m
[33m/home/cvazquezperezdelacru/clio-core/context-runtime/src/scheduler/default_sched.cc:439 WARNING 642323 LoadBalance [#785] lane rescues performed: 0[0m
[33m/home/cvazquezperezdelacru/clio-core/context-runtime/src/scheduler/default_sched.cc:430 WARNING 642323 LoadBalance [#781 PDF] observed exec-time bins (cumulative): <10us=4559932 <50us=93613 <500us=10532 <10ms=13151 <50ms=197 <500ms=347 <1s=0 >=1s=0 | stalls_detected=0[0m
[33m/home/cvazquezperezdelacru/clio-core/context-runtime/src/scheduler/default_sched.cc:439 WARNING 642323 LoadBalance [#785] lane rescues performed: 0[0m
[33m/home/cvazquezperezdelacru/clio-core/context-runtime/src/scheduler/default_sched.cc:430 WARNING 642323 LoadBalance [#781 PDF] observed exec-time bins (cumulative): <10us=4628605 <50us=95045 <500us=10660 <10ms=13295 <50ms=199 <500ms=347 <1s=0 >=1s=0 | stalls_detected=0[0m
[33m/home/cvazquezperezdelacru/clio-core/context-runtime/src/scheduler/default_sched.cc:439 WARNING 642323 LoadBalance [#785] lane rescues performed: 0[0m
[33m/home/cvazquezperezdelacru/clio-core/context-runtime/src/scheduler/default_sched.cc:430 WARNING 642323 LoadBalance [#781 PDF] observed exec-time bins (cumulative): <10us=4695540 <50us=96857 <500us=10805 <10ms=13501 <50ms=200 <500ms=347 <1s=0 >=1s=0 | stalls_detected=0[0m
[33m/home/cvazquezperezdelacru/clio-core/context-runtime/src/scheduler/default_sched.cc:439 WARNING 642323 LoadBalance [#785] lane rescues performed: 0[0m
[33m/home/cvazquezperezdelacru/clio-core/context-runtime/src/scheduler/default_sched.cc:430 WARNING 642323 LoadBalance [#781 PDF] observed exec-time bins (cumulative): <10us=4759089 <50us=100417 <500us=10942 <10ms=13834 <50ms=202 <500ms=347 <1s=0 >=1s=0 | stalls_detected=0[0m
[33m/home/cvazquezperezdelacru/clio-core/context-runtime/src/scheduler/default_sched.cc:439 WARNING 642323 LoadBalance [#785] lane rescues performed: 0[0m
[33m/home/cvazquezperezdelacru/clio-core/context-runtime/src/scheduler/default_sched.cc:430 WARNING 642323 LoadBalance [#781 PDF] observed exec-time bins (cumulative): <10us=4827212 <50us=102173 <500us=11104 <10ms=14152 <50ms=206 <500ms=347 <1s=0 >=1s=0 | stalls_detected=0[0m
[33m/home/cvazquezperezdelacru/clio-core/context-runtime/src/scheduler/default_sched.cc:439 WARNING 642323 LoadBalance [#785] lane rescues performed: 0[0m
[31m/home/cvazquezperezdelacru/clio-core/context-runtime/src/scheduler/default_sched.cc:726 ERROR 642323 LoadBalance [HANGWATCH-HB] processed=43668 outstanding=1 (queued=1 blocked=0 retry=0 periodic=10) live=0 live_stalled=0[0m
[33m/home/cvazquezperezdelacru/clio-core/context-runtime/src/scheduler/default_sched.cc:430 WARNING 642323 LoadBalance [#781 PDF] observed exec-time bins (cumulative): <10us=4893993 <50us=103763 <500us=11247 <10ms=14483 <50ms=209 <500ms=349 <1s=0 >=1s=0 | stalls_detected=0[0m
[33m/home/cvazquezperezdelacru/clio-core/context-runtime/src/scheduler/default_sched.cc:439 WARNING 642323 LoadBalance [#785] lane rescues performed: 0[0m
[33m/home/cvazquezperezdelacru/clio-core/context-runtime/src/scheduler/default_sched.cc:430 WARNING 642323 LoadBalance [#781 PDF] observed exec-time bins (cumulative): <10us=4959077 <50us=105936 <500us=11403 <10ms=14765 <50ms=209 <500ms=351 <1s=0 >=1s=0 | stalls_detected=0[0m
[33m/home/cvazquezperezdelacru/clio-core/context-runtime/src/scheduler/default_sched.cc:439 WARNING 642323 LoadBalance [#785] lane rescues performed: 0[0m
[33m/home/cvazquezperezdelacru/clio-core/context-runtime/src/scheduler/default_sched.cc:430 WARNING 642323 LoadBalance [#781 PDF] observed exec-time bins (cumulative): <10us=5025284 <50us=108024 <500us=11538 <10ms=15085 <50ms=212 <500ms=354 <1s=0 >=1s=0 | stalls_detected=0[0m
[33m/home/cvazquezperezdelacru/clio-core/context-runtime/src/scheduler/default_sched.cc:439 WARNING 642323 LoadBalance [#785] lane rescues performed: 0[0m
[33m/home/cvazquezperezdelacru/clio-core/context-runtime/src/scheduler/default_sched.cc:430 WARNING 642323 LoadBalance [#781 PDF] observed exec-time bins (cumulative): <10us=5095312 <50us=110345 <500us=11680 <10ms=15386 <50ms=214 <500ms=356 <1s=0 >=1s=0 | stalls_detected=0[0m
[33m/home/cvazquezperezdelacru/clio-core/context-runtime/src/scheduler/default_sched.cc:439 WARNING 642323 LoadBalance [#785] lane rescues performed: 0[0m
[33m/home/cvazquezperezdelacru/clio-core/context-runtime/src/scheduler/default_sched.cc:430 WARNING 642323 LoadBalance [#781 PDF] observed exec-time bins (cumulative): <10us=5166527 <50us=111594 <500us=11825 <10ms=15630 <50ms=215 <500ms=356 <1s=0 >=1s=0 | stalls_detected=0[0m
[33m/home/cvazquezperezdelacru/clio-core/context-runtime/src/scheduler/default_sched.cc:439 WARNING 642323 LoadBalance [#785] lane rescues performed: 0[0m
[33m/home/cvazquezperezdelacru/clio-core/context-runtime/src/scheduler/default_sched.cc:430 WARNING 642323 LoadBalance [#781 PDF] observed exec-time bins (cumulative): <10us=5234045 <50us=112647 <500us=11959 <10ms=15769 <50ms=216 <500ms=357 <1s=0 >=1s=0 | stalls_detected=0[0m
[33m/home/cvazquezperezdelacru/clio-core/context-runtime/src/scheduler/default_sched.cc:439 WARNING 642323 LoadBalance [#785] lane rescues performed: 0[0m
[33m/home/cvazquezperezdelacru/clio-core/context-runtime/src/scheduler/default_sched.cc:430 WARNING 642323 LoadBalance [#781 PDF] observed exec-time bins (cumulative): <10us=5302496 <50us=113712 <500us=12105 <10ms=15916 <50ms=218 <500ms=357 <1s=0 >=1s=0 | stalls_detected=0[0m
[33m/home/cvazquezperezdelacru/clio-core/context-runtime/src/scheduler/default_sched.cc:439 WARNING 642323 LoadBalance [#785] lane rescues performed: 0[0m
[33m/home/cvazquezperezdelacru/clio-core/context-runtime/src/scheduler/default_sched.cc:430 WARNING 642323 LoadBalance [#781 PDF] observed exec-time bins (cumulative): <10us=5373172 <50us=115179 <500us=12256 <10ms=16136 <50ms=220 <500ms=357 <1s=0 >=1s=0 | stalls_detected=0[0m
[33m/home/cvazquezperezdelacru/clio-core/context-runtime/src/scheduler/default_sched.cc:439 WARNING 642323 LoadBalance [#785] lane rescues performed: 0[0m
[33m/home/cvazquezperezdelacru/clio-core/context-runtime/src/scheduler/default_sched.cc:430 WARNING 642323 LoadBalance [#781 PDF] observed exec-time bins (cumulative): <10us=5440294 <50us=115424 <500us=12264 <10ms=16136 <50ms=220 <500ms=357 <1s=0 >=1s=0 | stalls_detected=0[0m
[33m/home/cvazquezperezdelacru/clio-core/context-runtime/src/scheduler/default_sched.cc:439 WARNING 642323 LoadBalance [#785] lane rescues performed: 0[0m
[33m/home/cvazquezperezdelacru/clio-core/context-runtime/src/scheduler/default_sched.cc:430 WARNING 642323 LoadBalance [#781 PDF] observed exec-time bins (cumulative): <10us=5506656 <50us=116376 <500us=12271 <10ms=16138 <50ms=220 <500ms=357 <1s=0 >=1s=0 | stalls_detected=0[0m
[33m/home/cvazquezperezdelacru/clio-core/context-runtime/src/scheduler/default_sched.cc:439 WARNING 642323 LoadBalance [#785] lane rescues performed: 0[0m
[33m/home/cvazquezperezdelacru/clio-core/context-runtime/src/scheduler/default_sched.cc:430 WARNING 642323 LoadBalance [#781 PDF] observed exec-time bins (cumulative): <10us=5573274 <50us=117027 <500us=12277 <10ms=16138 <50ms=220 <500ms=357 <1s=0 >=1s=0 | stalls_detected=0[0m
[33m/home/cvazquezperezdelacru/clio-core/context-runtime/src/scheduler/default_sched.cc:439 WARNING 642323 LoadBalance [#785] lane rescues performed: 0[0m
[33m/home/cvazquezperezdelacru/clio-core/context-runtime/src/scheduler/default_sched.cc:430 WARNING 642323 LoadBalance [#781 PDF] observed exec-time bins (cumulative): <10us=5640274 <50us=117497 <500us=12284 <10ms=16140 <50ms=220 <500ms=357 <1s=0 >=1s=0 | stalls_detected=0[0m
[33m/home/cvazquezperezdelacru/clio-core/context-runtime/src/scheduler/default_sched.cc:439 WARNING 642323 LoadBalance [#785] lane rescues performed: 0[0m
[33m/home/cvazquezperezdelacru/clio-core/context-runtime/src/scheduler/default_sched.cc:430 WARNING 642323 LoadBalance [#781 PDF] observed exec-time bins (cumulative): <10us=5706675 <50us=118472 <500us=12290 <10ms=16140 <50ms=220 <500ms=357 <1s=0 >=1s=0 | stalls_detected=0[0m
[33m/home/cvazquezperezdelacru/clio-core/context-runtime/src/scheduler/default_sched.cc:439 WARNING 642323 LoadBalance [#785] lane rescues performed: 0[0m
[33m/home/cvazquezperezdelacru/clio-core/context-runtime/src/scheduler/default_sched.cc:430 WARNING 642323 LoadBalance [#781 PDF] observed exec-time bins (cumulative): <10us=5772923 <50us=119562 <500us=12296 <10ms=16142 <50ms=220 <500ms=357 <1s=0 >=1s=0 | stalls_detected=0[0m
[33m/home/cvazquezperezdelacru/clio-core/context-runtime/src/scheduler/default_sched.cc:439 WARNING 642323 LoadBalance [#785] lane rescues performed: 0[0m
[33m/home/cvazquezperezdelacru/clio-core/context-runtime/src/scheduler/default_sched.cc:430 WARNING 642323 LoadBalance [#781 PDF] observed exec-time bins (cumulative): <10us=5838795 <50us=120865 <500us=12309 <10ms=16142 <50ms=220 <500ms=357 <1s=0 >=1s=0 | stalls_detected=0[0m
[33m/home/cvazquezperezdelacru/clio-core/context-runtime/src/scheduler/default_sched.cc:439 WARNING 642323 LoadBalance [#785] lane rescues performed: 0[0m
[33m/home/cvazquezperezdelacru/clio-core/context-runtime/src/scheduler/default_sched.cc:430 WARNING 642323 LoadBalance [#781 PDF] observed exec-time bins (cumulative): <10us=5904888 <50us=121948 <500us=12316 <10ms=16144 <50ms=220 <500ms=357 <1s=0 >=1s=0 | stalls_detected=0[0m
[33m/home/cvazquezperezdelacru/clio-core/context-runtime/src/scheduler/default_sched.cc:439 WARNING 642323 LoadBalance [#785] lane rescues performed: 0[0m
[33m/home/cvazquezperezdelacru/clio-core/context-runtime/src/scheduler/default_sched.cc:430 WARNING 642323 LoadBalance [#781 PDF] observed exec-time bins (cumulative): <10us=5971005 <50us=123052 <500us=12323 <10ms=16144 <50ms=220 <500ms=357 <1s=0 >=1s=0 | stalls_detected=0[0m
[33m/home/cvazquezperezdelacru/clio-core/context-runtime/src/scheduler/default_sched.cc:439 WARNING 642323 LoadBalance [#785] lane rescues performed: 0[0m
[33m/home/cvazquezperezdelacru/clio-core/context-runtime/src/scheduler/default_sched.cc:430 WARNING 642323 LoadBalance [#781 PDF] observed exec-time bins (cumulative): <10us=6037132 <50us=124170 <500us=12329 <10ms=16146 <50ms=220 <500ms=357 <1s=0 >=1s=0 | stalls_detected=0[0m
[33m/home/cvazquezperezdelacru/clio-core/context-runtime/src/scheduler/default_sched.cc:439 WARNING 642323 LoadBalance [#785] lane rescues performed: 0[0m
[33m/home/cvazquezperezdelacru/clio-core/context-runtime/src/scheduler/default_sched.cc:430 WARNING 642323 LoadBalance [#781 PDF] observed exec-time bins (cumulative): <10us=6103266 <50us=125269 <500us=12335 <10ms=16146 <50ms=220 <500ms=357 <1s=0 >=1s=0 | stalls_detected=0[0m
[33m/home/cvazquezperezdelacru/clio-core/context-runtime/src/scheduler/default_sched.cc:439 WARNING 642323 LoadBalance [#785] lane rescues performed: 0[0m
[33m/home/cvazquezperezdelacru/clio-core/context-runtime/src/scheduler/default_sched.cc:430 WARNING 642323 LoadBalance [#781 PDF] observed exec-time bins (cumulative): <10us=6169432 <50us=126368 <500us=12342 <10ms=16148 <50ms=220 <500ms=357 <1s=0 >=1s=0 | stalls_detected=0[0m
[33m/home/cvazquezperezdelacru/clio-core/context-runtime/src/scheduler/default_sched.cc:439 WARNING 642323 LoadBalance [#785] lane rescues performed: 0[0m
[33m/home/cvazquezperezdelacru/clio-core/context-runtime/src/scheduler/default_sched.cc:430 WARNING 642323 LoadBalance [#781 PDF] observed exec-time bins (cumulative): <10us=6235663 <50us=127467 <500us=12348 <10ms=16148 <50ms=220 <500ms=357 <1s=0 >=1s=0 | stalls_detected=0[0m
[33m/home/cvazquezperezdelacru/clio-core/context-runtime/src/scheduler/default_sched.cc:439 WARNING 642323 LoadBalance [#785] lane rescues performed: 0[0m
[33m/home/cvazquezperezdelacru/clio-core/context-runtime/src/scheduler/default_sched.cc:430 WARNING 642323 LoadBalance [#781 PDF] observed exec-time bins (cumulative): <10us=6301826 <50us=128589 <500us=12354 <10ms=16150 <50ms=220 <500ms=357 <1s=0 >=1s=0 | stalls_detected=0[0m
[33m/home/cvazquezperezdelacru/clio-core/context-runtime/src/scheduler/default_sched.cc:439 WARNING 642323 LoadBalance [#785] lane rescues performed: 0[0m
[33m/home/cvazquezperezdelacru/clio-core/context-runtime/src/scheduler/default_sched.cc:430 WARNING 642323 LoadBalance [#781 PDF] observed exec-time bins (cumulative): <10us=6368028 <50us=129695 <500us=12360 <10ms=16150 <50ms=220 <500ms=357 <1s=0 >=1s=0 | stalls_detected=0[0m
[33m/home/cvazquezperezdelacru/clio-core/context-runtime/src/scheduler/default_sched.cc:439 WARNING 642323 LoadBalance [#785] lane rescues performed: 0[0m
[33m/home/cvazquezperezdelacru/clio-core/context-runtime/src/scheduler/default_sched.cc:430 WARNING 642323 LoadBalance [#781 PDF] observed exec-time bins (cumulative): <10us=6434219 <50us=130800 <500us=12366 <10ms=16152 <50ms=220 <500ms=357 <1s=0 >=1s=0 | stalls_detected=0[0m
[33m/home/cvazquezperezdelacru/clio-core/context-runtime/src/scheduler/default_sched.cc:439 WARNING 642323 LoadBalance [#785] lane rescues performed: 0[0m
[33m/home/cvazquezperezdelacru/clio-core/context-runtime/src/scheduler/default_sched.cc:430 WARNING 642323 LoadBalance [#781 PDF] observed exec-time bins (cumulative): <10us=6500450 <50us=131895 <500us=12372 <10ms=16152 <50ms=220 <500ms=357 <1s=0 >=1s=0 | stalls_detected=0[0m
[33m/home/cvazquezperezdelacru/clio-core/context-runtime/src/scheduler/default_sched.cc:439 WARNING 642323 LoadBalance [#785] lane rescues performed: 0[0m
[33m/home/cvazquezperezdelacru/clio-core/context-runtime/src/scheduler/default_sched.cc:430 WARNING 642323 LoadBalance [#781 PDF] observed exec-time bins (cumulative): <10us=6566768 <50us=132945 <500us=12378 <10ms=16154 <50ms=220 <500ms=357 <1s=0 >=1s=0 | stalls_detected=0[0m
[33m/home/cvazquezperezdelacru/clio-core/context-runtime/src/scheduler/default_sched.cc:439 WARNING 642323 LoadBalance [#785] lane rescues performed: 0[0m
[33m/home/cvazquezperezdelacru/clio-core/context-runtime/src/scheduler/default_sched.cc:430 WARNING 642323 LoadBalance [#781 PDF] observed exec-time bins (cumulative): <10us=6632978 <50us=134029 <500us=12385 <10ms=16154 <50ms=220 <500ms=357 <1s=0 >=1s=0 | stalls_detected=0[0m
[33m/home/cvazquezperezdelacru/clio-core/context-runtime/src/scheduler/default_sched.cc:439 WARNING 642323 LoadBalance [#785] lane rescues performed: 0[0m
[33m/home/cvazquezperezdelacru/clio-core/context-runtime/src/scheduler/default_sched.cc:430 WARNING 642323 LoadBalance [#781 PDF] observed exec-time bins (cumulative): <10us=6699132 <50us=134872 <500us=12391 <10ms=16156 <50ms=220 <500ms=357 <1s=0 >=1s=0 | stalls_detected=0[0m
[33m/home/cvazquezperezdelacru/clio-core/context-runtime/src/scheduler/default_sched.cc:439 WARNING 642323 LoadBalance [#785] lane rescues performed: 0[0m
[33m/home/cvazquezperezdelacru/clio-core/context-runtime/src/scheduler/default_sched.cc:430 WARNING 642323 LoadBalance [#781 PDF] observed exec-time bins (cumulative): <10us=6766149 <50us=135142 <500us=12397 <10ms=16156 <50ms=220 <500ms=357 <1s=0 >=1s=0 | stalls_detected=0[0m
[33m/home/cvazquezperezdelacru/clio-core/context-runtime/src/scheduler/default_sched.cc:439 WARNING 642323 LoadBalance [#785] lane rescues performed: 0[0m
[33m/home/cvazquezperezdelacru/clio-core/context-runtime/src/scheduler/default_sched.cc:430 WARNING 642323 LoadBalance [#781 PDF] observed exec-time bins (cumulative): <10us=6833335 <50us=135324 <500us=12403 <10ms=16158 <50ms=220 <500ms=357 <1s=0 >=1s=0 | stalls_detected=0[0m
[33m/home/cvazquezperezdelacru/clio-core/context-runtime/src/scheduler/default_sched.cc:439 WARNING 642323 LoadBalance [#785] lane rescues performed: 0[0m
[33m/home/cvazquezperezdelacru/clio-core/context-runtime/src/scheduler/default_sched.cc:430 WARNING 642323 LoadBalance [#781 PDF] observed exec-time bins (cumulative): <10us=6900460 <50us=135560 <500us=12410 <10ms=16158 <50ms=220 <500ms=357 <1s=0 >=1s=0 | stalls_detected=0[0m
[33m/home/cvazquezperezdelacru/clio-core/context-runtime/src/scheduler/default_sched.cc:439 WARNING 642323 LoadBalance [#785] lane rescues performed: 0[0m
[33m/home/cvazquezperezdelacru/clio-core/context-runtime/src/scheduler/default_sched.cc:430 WARNING 642323 LoadBalance [#781 PDF] observed exec-time bins (cumulative): <10us=6967509 <50us=135913 <500us=12416 <10ms=16162 <50ms=220 <500ms=357 <1s=0 >=1s=0 | stalls_detected=0[0m
[33m/home/cvazquezperezdelacru/clio-core/context-runtime/src/scheduler/default_sched.cc:439 WARNING 642323 LoadBalance [#785] lane rescues performed: 0[0m
[33m/home/cvazquezperezdelacru/clio-core/context-runtime/src/scheduler/default_sched.cc:430 WARNING 642323 LoadBalance [#781 PDF] observed exec-time bins (cumulative): <10us=7034068 <50us=136700 <500us=12422 <10ms=16162 <50ms=220 <500ms=357 <1s=0 >=1s=0 | stalls_detected=0[0m
[33m/home/cvazquezperezdelacru/clio-core/context-runtime/src/scheduler/default_sched.cc:439 WARNING 642323 LoadBalance [#785] lane rescues performed: 0[0m
[33m/home/cvazquezperezdelacru/clio-core/context-runtime/src/scheduler/default_sched.cc:430 WARNING 642323 LoadBalance [#781 PDF] observed exec-time bins (cumulative): <10us=7101195 <50us=137336 <500us=12510 <10ms=16276 <50ms=234 <500ms=357 <1s=0 >=1s=0 | stalls_detected=0[0m
[33m/home/cvazquezperezdelacru/clio-core/context-runtime/src/scheduler/default_sched.cc:439 WARNING 642323 LoadBalance [#785] lane rescues performed: 0[0m
[33m/home/cvazquezperezdelacru/clio-core/context-runtime/src/scheduler/default_sched.cc:430 WARNING 642323 LoadBalance [#781 PDF] observed exec-time bins (cumulative): <10us=7168663 <50us=137654 <500us=12640 <10ms=16428 <50ms=253 <500ms=357 <1s=0 >=1s=0 | stalls_detected=0[0m
[33m/home/cvazquezperezdelacru/clio-core/context-runtime/src/scheduler/default_sched.cc:439 WARNING 642323 LoadBalance [#785] lane rescues performed: 0[0m
[33m/home/cvazquezperezdelacru/clio-core/context-runtime/src/scheduler/default_sched.cc:430 WARNING 642323 LoadBalance [#781 PDF] observed exec-time bins (cumulative): <10us=7235800 <50us=138130 <500us=12759 <10ms=16601 <50ms=271 <500ms=357 <1s=0 >=1s=0 | stalls_detected=0[0m
[33m/home/cvazquezperezdelacru/clio-core/context-runtime/src/scheduler/default_sched.cc:439 WARNING 642323 LoadBalance [#785] lane rescues performed: 0[0m
[33m/home/cvazquezperezdelacru/clio-core/context-runtime/src/scheduler/default_sched.cc:430 WARNING 642323 LoadBalance [#781 PDF] observed exec-time bins (cumulative): <10us=7303374 <50us=139051 <500us=12890 <10ms=16761 <50ms=293 <500ms=357 <1s=0 >=1s=0 | stalls_detected=0[0m
[33m/home/cvazquezperezdelacru/clio-core/context-runtime/src/scheduler/default_sched.cc:439 WARNING 642323 LoadBalance [#785] lane rescues performed: 0[0m
[33m/home/cvazquezperezdelacru/clio-core/context-runtime/src/scheduler/default_sched.cc:430 WARNING 642323 LoadBalance [#781 PDF] observed exec-time bins (cumulative): <10us=7370890 <50us=139368 <500us=12999 <10ms=16918 <50ms=305 <500ms=357 <1s=0 >=1s=0 | stalls_detected=0[0m
[33m/home/cvazquezperezdelacru/clio-core/context-runtime/src/scheduler/default_sched.cc:439 WARNING 642323 LoadBalance [#785] lane rescues performed: 0[0m
[33m/home/cvazquezperezdelacru/clio-core/context-runtime/src/scheduler/default_sched.cc:430 WARNING 642323 LoadBalance [#781 PDF] observed exec-time bins (cumulative): <10us=7438014 <50us=139671 <500us=13106 <10ms=17035 <50ms=327 <500ms=357 <1s=0 >=1s=0 | stalls_detected=0[0m
[33m/home/cvazquezperezdelacru/clio-core/context-runtime/src/scheduler/default_sched.cc:439 WARNING 642323 LoadBalance [#785] lane rescues performed: 0[0m
[33m/home/cvazquezperezdelacru/clio-core/context-runtime/src/scheduler/default_sched.cc:430 WARNING 642323 LoadBalance [#781 PDF] observed exec-time bins (cumulative): <10us=7504835 <50us=140220 <500us=13199 <10ms=17109 <50ms=349 <500ms=357 <1s=0 >=1s=0 | stalls_detected=0[0m
[33m/home/cvazquezperezdelacru/clio-core/context-runtime/src/scheduler/default_sched.cc:439 WARNING 642323 LoadBalance [#785] lane rescues performed: 0[0m
[33m/home/cvazquezperezdelacru/clio-core/context-runtime/src/scheduler/default_sched.cc:430 WARNING 642323 LoadBalance [#781 PDF] observed exec-time bins (cumulative): <10us=7572028 <50us=140494 <500us=13296 <10ms=17186 <50ms=376 <500ms=357 <1s=0 >=1s=0 | stalls_detected=0[0m
[33m/home/cvazquezperezdelacru/clio-core/context-runtime/src/scheduler/default_sched.cc:439 WARNING 642323 LoadBalance [#785] lane rescues performed: 0[0m
[33m/home/cvazquezperezdelacru/clio-core/context-runtime/src/scheduler/default_sched.cc:430 WARNING 642323 LoadBalance [#781 PDF] observed exec-time bins (cumulative): <10us=7639147 <50us=140761 <500us=13384 <10ms=17252 <50ms=395 <500ms=357 <1s=0 >=1s=0 | stalls_detected=0[0m
[33m/home/cvazquezperezdelacru/clio-core/context-runtime/src/scheduler/default_sched.cc:439 WARNING 642323 LoadBalance [#785] lane rescues performed: 0[0m
[33m/home/cvazquezperezdelacru/clio-core/context-runtime/src/scheduler/default_sched.cc:430 WARNING 642323 LoadBalance [#781 PDF] observed exec-time bins (cumulative): <10us=7706155 <50us=141081 <500us=13471 <10ms=17315 <50ms=417 <500ms=357 <1s=0 >=1s=0 | stalls_detected=0[0m
[33m/home/cvazquezperezdelacru/clio-core/context-runtime/src/scheduler/default_sched.cc:439 WARNING 642323 LoadBalance [#785] lane rescues performed: 0[0m
[33m/home/cvazquezperezdelacru/clio-core/context-runtime/src/scheduler/default_sched.cc:430 WARNING 642323 LoadBalance [#781 PDF] observed exec-time bins (cumulative): <10us=7772834 <50us=141763 <500us=13567 <10ms=17394 <50ms=434 <500ms=357 <1s=0 >=1s=0 | stalls_detected=0[0m
[33m/home/cvazquezperezdelacru/clio-core/context-runtime/src/scheduler/default_sched.cc:439 WARNING 642323 LoadBalance [#785] lane rescues performed: 0[0m
[33m/home/cvazquezperezdelacru/clio-core/context-runtime/src/scheduler/default_sched.cc:430 WARNING 642323 LoadBalance [#781 PDF] observed exec-time bins (cumulative): <10us=7838497 <50us=143717 <500us=13663 <10ms=17477 <50ms=456 <500ms=357 <1s=0 >=1s=0 | stalls_detected=0[0m
[33m/home/cvazquezperezdelacru/clio-core/context-runtime/src/scheduler/default_sched.cc:439 WARNING 642323 LoadBalance [#785] lane rescues performed: 0[0m
[33m/home/cvazquezperezdelacru/clio-core/context-runtime/src/scheduler/default_sched.cc:430 WARNING 642323 LoadBalance [#781 PDF] observed exec-time bins (cumulative): <10us=7904215 <50us=145914 <500us=13758 <10ms=17547 <50ms=488 <500ms=357 <1s=0 >=1s=0 | stalls_detected=0[0m
[33m/home/cvazquezperezdelacru/clio-core/context-runtime/src/scheduler/default_sched.cc:439 WARNING 642323 LoadBalance [#785] lane rescues performed: 0[0m
[33m/home/cvazquezperezdelacru/clio-core/context-runtime/src/scheduler/default_sched.cc:430 WARNING 642323 LoadBalance [#781 PDF] observed exec-time bins (cumulative): <10us=7969757 <50us=147803 <500us=13852 <10ms=17616 <50ms=518 <500ms=357 <1s=0 >=1s=0 | stalls_detected=0[0m
[33m/home/cvazquezperezdelacru/clio-core/context-runtime/src/scheduler/default_sched.cc:439 WARNING 642323 LoadBalance [#785] lane rescues performed: 0[0m
[33m/home/cvazquezperezdelacru/clio-core/context-runtime/src/scheduler/default_sched.cc:430 WARNING 642323 LoadBalance [#781 PDF] observed exec-time bins (cumulative): <10us=8035082 <50us=149922 <500us=13947 <10ms=17686 <50ms=547 <500ms=357 <1s=0 >=1s=0 | stalls_detected=0[0m
[33m/home/cvazquezperezdelacru/clio-core/context-runtime/src/scheduler/default_sched.cc:439 WARNING 642323 LoadBalance [#785] lane rescues performed: 0[0m
[33m/home/cvazquezperezdelacru/clio-core/context-runtime/src/scheduler/default_sched.cc:430 WARNING 642323 LoadBalance [#781 PDF] observed exec-time bins (cumulative): <10us=8099454 <50us=153112 <500us=14044 <10ms=17744 <50ms=586 <500ms=357 <1s=0 >=1s=0 | stalls_detected=0[0m
[33m/home/cvazquezperezdelacru/clio-core/context-runtime/src/scheduler/default_sched.cc:439 WARNING 642323 LoadBalance [#785] lane rescues performed: 0[0m
[33m/home/cvazquezperezdelacru/clio-core/context-runtime/src/scheduler/default_sched.cc:430 WARNING 642323 LoadBalance [#781 PDF] observed exec-time bins (cumulative): <10us=8163868 <50us=156288 <500us=14133 <10ms=17798 <50ms=624 <500ms=357 <1s=0 >=1s=0 | stalls_detected=0[0m
[33m/home/cvazquezperezdelacru/clio-core/context-runtime/src/scheduler/default_sched.cc:439 WARNING 642323 LoadBalance [#785] lane rescues performed: 0[0m
[33m/home/cvazquezperezdelacru/clio-core/context-runtime/src/scheduler/default_sched.cc:430 WARNING 642323 LoadBalance [#781 PDF] observed exec-time bins (cumulative): <10us=8229746 <50us=157774 <500us=14228 <10ms=17861 <50ms=658 <500ms=357 <1s=0 >=1s=0 | stalls_detected=0[0m
[33m/home/cvazquezperezdelacru/clio-core/context-runtime/src/scheduler/default_sched.cc:439 WARNING 642323 LoadBalance [#785] lane rescues performed: 0[0m
[33m/home/cvazquezperezdelacru/clio-core/context-runtime/src/scheduler/default_sched.cc:430 WARNING 642323 LoadBalance [#781 PDF] observed exec-time bins (cumulative): <10us=8296650 <50us=158118 <500us=14322 <10ms=17922 <50ms=688 <500ms=357 <1s=0 >=1s=0 | stalls_detected=0[0m
[33m/home/cvazquezperezdelacru/clio-core/context-runtime/src/scheduler/default_sched.cc:439 WARNING 642323 LoadBalance [#785] lane rescues performed: 0[0m
[33m/home/cvazquezperezdelacru/clio-core/context-runtime/src/scheduler/default_sched.cc:430 WARNING 642323 LoadBalance [#781 PDF] observed exec-time bins (cumulative): <10us=8362270 <50us=159901 <500us=14429 <10ms=18003 <50ms=717 <500ms=357 <1s=0 >=1s=0 | stalls_detected=0[0m
[33m/home/cvazquezperezdelacru/clio-core/context-runtime/src/scheduler/default_sched.cc:439 WARNING 642323 LoadBalance [#785] lane rescues performed: 0[0m
[33m/home/cvazquezperezdelacru/clio-core/context-runtime/src/scheduler/default_sched.cc:430 WARNING 642323 LoadBalance [#781 PDF] observed exec-time bins (cumulative): <10us=8428445 <50us=161293 <500us=14560 <10ms=18143 <50ms=749 <500ms=357 <1s=0 >=1s=0 | stalls_detected=0[0m
[33m/home/cvazquezperezdelacru/clio-core/context-runtime/src/scheduler/default_sched.cc:439 WARNING 642323 LoadBalance [#785] lane rescues performed: 0[0m
[33m/home/cvazquezperezdelacru/clio-core/context-runtime/src/scheduler/default_sched.cc:430 WARNING 642323 LoadBalance [#781 PDF] observed exec-time bins (cumulative): <10us=8494243 <50us=163032 <500us=14685 <10ms=18299 <50ms=780 <500ms=357 <1s=0 >=1s=0 | stalls_detected=0[0m
[33m/home/cvazquezperezdelacru/clio-core/context-runtime/src/scheduler/default_sched.cc:439 WARNING 642323 LoadBalance [#785] lane rescues performed: 0[0m
[33m/home/cvazquezperezdelacru/clio-core/context-runtime/src/scheduler/default_sched.cc:430 WARNING 642323 LoadBalance [#781 PDF] observed exec-time bins (cumulative): <10us=8561096 <50us=163715 <500us=14819 <10ms=18463 <50ms=805 <500ms=357 <1s=0 >=1s=0 | stalls_detected=0[0m
[33m/home/cvazquezperezdelacru/clio-core/context-runtime/src/scheduler/default_sched.cc:439 WARNING 642323 LoadBalance [#785] lane rescues performed: 0[0m
[33m/home/cvazquezperezdelacru/clio-core/context-runtime/src/scheduler/default_sched.cc:430 WARNING 642323 LoadBalance [#781 PDF] observed exec-time bins (cumulative): <10us=8627434 <50us=164816 <500us=14943 <10ms=18609 <50ms=828 <500ms=357 <1s=0 >=1s=0 | stalls_detected=0[0m
[33m/home/cvazquezperezdelacru/clio-core/context-runtime/src/scheduler/default_sched.cc:439 WARNING 642323 LoadBalance [#785] lane rescues performed: 0[0m
[33m/home/cvazquezperezdelacru/clio-core/context-runtime/src/scheduler/default_sched.cc:430 WARNING 642323 LoadBalance [#781 PDF] observed exec-time bins (cumulative): <10us=8693532 <50us=166113 <500us=15073 <10ms=18779 <50ms=860 <500ms=357 <1s=0 >=1s=0 | stalls_detected=0[0m
[33m/home/cvazquezperezdelacru/clio-core/context-runtime/src/scheduler/default_sched.cc:439 WARNING 642323 LoadBalance [#785] lane rescues performed: 0[0m
[33m/home/cvazquezperezdelacru/clio-core/context-runtime/src/scheduler/default_sched.cc:430 WARNING 642323 LoadBalance [#781 PDF] observed exec-time bins (cumulative): <10us=8759569 <50us=167634 <500us=15183 <10ms=18946 <50ms=885 <500ms=357 <1s=0 >=1s=0 | stalls_detected=0[0m
[33m/home/cvazquezperezdelacru/clio-core/context-runtime/src/scheduler/default_sched.cc:439 WARNING 642323 LoadBalance [#785] lane rescues performed: 0[0m
[33m/home/cvazquezperezdelacru/clio-core/context-runtime/src/scheduler/default_sched.cc:430 WARNING 642323 LoadBalance [#781 PDF] observed exec-time bins (cumulative): <10us=8825921 <50us=168970 <500us=15306 <10ms=19132 <50ms=905 <500ms=357 <1s=0 >=1s=0 | stalls_detected=0[0m
[33m/home/cvazquezperezdelacru/clio-core/context-runtime/src/scheduler/default_sched.cc:439 WARNING 642323 LoadBalance [#785] lane rescues performed: 0[0m
[33m/home/cvazquezperezdelacru/clio-core/context-runtime/src/scheduler/default_sched.cc:430 WARNING 642323 LoadBalance [#781 PDF] observed exec-time bins (cumulative): <10us=8892702 <50us=169630 <500us=15417 <10ms=19280 <50ms=921 <500ms=357 <1s=0 >=1s=0 | stalls_detected=0[0m
[33m/home/cvazquezperezdelacru/clio-core/context-runtime/src/scheduler/default_sched.cc:439 WARNING 642323 LoadBalance [#785] lane rescues performed: 0[0m
[33m/home/cvazquezperezdelacru/clio-core/context-runtime/src/scheduler/default_sched.cc:430 WARNING 642323 LoadBalance [#781 PDF] observed exec-time bins (cumulative): <10us=8959399 <50us=170479 <500us=15537 <10ms=19432 <50ms=941 <500ms=357 <1s=0 >=1s=0 | stalls_detected=0[0m
[33m/home/cvazquezperezdelacru/clio-core/context-runtime/src/scheduler/default_sched.cc:439 WARNING 642323 LoadBalance [#785] lane rescues performed: 0[0m
[33m/home/cvazquezperezdelacru/clio-core/context-runtime/src/scheduler/default_sched.cc:430 WARNING 642323 LoadBalance [#781 PDF] observed exec-time bins (cumulative): <10us=9024954 <50us=172446 <500us=15633 <10ms=19536 <50ms=974 <500ms=357 <1s=0 >=1s=0 | stalls_detected=0[0m
[33m/home/cvazquezperezdelacru/clio-core/context-runtime/src/scheduler/default_sched.cc:439 WARNING 642323 LoadBalance [#785] lane rescues performed: 0[0m
[33m/home/cvazquezperezdelacru/clio-core/context-runtime/src/scheduler/default_sched.cc:430 WARNING 642323 LoadBalance [#781 PDF] observed exec-time bins (cumulative): <10us=9091096 <50us=173779 <500us=15751 <10ms=19667 <50ms=994 <500ms=357 <1s=0 >=1s=0 | stalls_detected=0[0m
[33m/home/cvazquezperezdelacru/clio-core/context-runtime/src/scheduler/default_sched.cc:439 WARNING 642323 LoadBalance [#785] lane rescues performed: 0[0m
[33m/home/cvazquezperezdelacru/clio-core/context-runtime/src/scheduler/default_sched.cc:430 WARNING 642323 LoadBalance [#781 PDF] observed exec-time bins (cumulative): <10us=9157834 <50us=174453 <500us=15881 <10ms=19828 <50ms=1020 <500ms=357 <1s=0 >=1s=0 | stalls_detected=0[0m
[33m/home/cvazquezperezdelacru/clio-core/context-runtime/src/scheduler/default_sched.cc:439 WARNING 642323 LoadBalance [#785] lane rescues performed: 0[0m
[33m/home/cvazquezperezdelacru/clio-core/context-runtime/src/scheduler/default_sched.cc:430 WARNING 642323 LoadBalance [#781 PDF] observed exec-time bins (cumulative): <10us=9225191 <50us=176691 <500us=16010 <10ms=19980 <50ms=1053 <500ms=357 <1s=0 >=1s=0 | stalls_detected=0[0m
[33m/home/cvazquezperezdelacru/clio-core/context-runtime/src/scheduler/default_sched.cc:439 WARNING 642323 LoadBalance [#785] lane rescues performed: 0[0m
[33m/home/cvazquezperezdelacru/clio-core/context-runtime/src/scheduler/default_sched.cc:430 WARNING 642323 LoadBalance [#781 PDF] observed exec-time bins (cumulative): <10us=9292215 <50us=177799 <500us=16146 <10ms=20141 <50ms=1081 <500ms=357 <1s=0 >=1s=0 | stalls_detected=0[0m
[33m/home/cvazquezperezdelacru/clio-core/context-runtime/src/scheduler/default_sched.cc:439 WARNING 642323 LoadBalance [#785] lane rescues performed: 0[0m
[33m/home/cvazquezperezdelacru/clio-core/context-runtime/src/scheduler/default_sched.cc:430 WARNING 642323 LoadBalance [#781 PDF] observed exec-time bins (cumulative): <10us=9360802 <50us=178951 <500us=16292 <10ms=20327 <50ms=1104 <500ms=357 <1s=0 >=1s=0 | stalls_detected=0[0m
[33m/home/cvazquezperezdelacru/clio-core/context-runtime/src/scheduler/default_sched.cc:439 WARNING 642323 LoadBalance [#785] lane rescues performed: 0[0m
[33m/home/cvazquezperezdelacru/clio-core/context-runtime/src/scheduler/default_sched.cc:430 WARNING 642323 LoadBalance [#781 PDF] observed exec-time bins (cumulative): <10us=9427546 <50us=180221 <500us=16409 <10ms=20505 <50ms=1130 <500ms=357 <1s=0 >=1s=0 | stalls_detected=0[0m
[33m/home/cvazquezperezdelacru/clio-core/context-runtime/src/scheduler/default_sched.cc:439 WARNING 642323 LoadBalance [#785] lane rescues performed: 0[0m
[33m/home/cvazquezperezdelacru/clio-core/context-runtime/src/scheduler/default_sched.cc:430 WARNING 642323 LoadBalance [#781 PDF] observed exec-time bins (cumulative): <10us=9493853 <50us=181309 <500us=16533 <10ms=20666 <50ms=1157 <500ms=357 <1s=0 >=1s=0 | stalls_detected=0[0m
[33m/home/cvazquezperezdelacru/clio-core/context-runtime/src/scheduler/default_sched.cc:439 WARNING 642323 LoadBalance [#785] lane rescues performed: 0[0m
[33m/home/cvazquezperezdelacru/clio-core/context-runtime/src/scheduler/default_sched.cc:430 WARNING 642323 LoadBalance [#781 PDF] observed exec-time bins (cumulative): <10us=9559521 <50us=182585 <500us=16661 <10ms=20850 <50ms=1179 <500ms=357 <1s=0 >=1s=0 | stalls_detected=0[0m
[33m/home/cvazquezperezdelacru/clio-core/context-runtime/src/scheduler/default_sched.cc:439 WARNING 642323 LoadBalance [#785] lane rescues performed: 0[0m
[33m/home/cvazquezperezdelacru/clio-core/context-runtime/src/scheduler/default_sched.cc:430 WARNING 642323 LoadBalance [#781 PDF] observed exec-time bins (cumulative): <10us=9624727 <50us=184109 <500us=16797 <10ms=21031 <50ms=1205 <500ms=357 <1s=0 >=1s=0 | stalls_detected=0[0m
[33m/home/cvazquezperezdelacru/clio-core/context-runtime/src/scheduler/default_sched.cc:439 WARNING 642323 LoadBalance [#785] lane rescues performed: 0[0m
[33m/home/cvazquezperezdelacru/clio-core/context-runtime/src/scheduler/default_sched.cc:430 WARNING 642323 LoadBalance [#781 PDF] observed exec-time bins (cumulative): <10us=9690218 <50us=185689 <500us=16930 <10ms=21206 <50ms=1226 <500ms=357 <1s=0 >=1s=0 | stalls_detected=0[0m
[33m/home/cvazquezperezdelacru/clio-core/context-runtime/src/scheduler/default_sched.cc:439 WARNING 642323 LoadBalance [#785] lane rescues performed: 0[0m
[33m/home/cvazquezperezdelacru/clio-core/context-runtime/src/scheduler/default_sched.cc:430 WARNING 642323 LoadBalance [#781 PDF] observed exec-time bins (cumulative): <10us=9755960 <50us=186913 <500us=17047 <10ms=21367 <50ms=1249 <500ms=357 <1s=0 >=1s=0 | stalls_detected=0[0m
[33m/home/cvazquezperezdelacru/clio-core/context-runtime/src/scheduler/default_sched.cc:439 WARNING 642323 LoadBalance [#785] lane rescues performed: 0[0m
[33m/home/cvazquezperezdelacru/clio-core/context-runtime/src/scheduler/default_sched.cc:430 WARNING 642323 LoadBalance [#781 PDF] observed exec-time bins (cumulative): <10us=9821498 <50us=188273 <500us=17165 <10ms=21506 <50ms=1271 <500ms=357 <1s=0 >=1s=0 | stalls_detected=0[0m
[33m/home/cvazquezperezdelacru/clio-core/context-runtime/src/scheduler/default_sched.cc:439 WARNING 642323 LoadBalance [#785] lane rescues performed: 0[0m
[33m/home/cvazquezperezdelacru/clio-core/context-runtime/src/scheduler/default_sched.cc:430 WARNING 642323 LoadBalance [#781 PDF] observed exec-time bins (cumulative): <10us=9887542 <50us=189129 <500us=17284 <10ms=21647 <50ms=1294 <500ms=357 <1s=0 >=1s=0 | stalls_detected=0[0m
[33m/home/cvazquezperezdelacru/clio-core/context-runtime/src/scheduler/default_sched.cc:439 WARNING 642323 LoadBalance [#785] lane rescues performed: 0[0m
[33m/home/cvazquezperezdelacru/clio-core/context-runtime/src/scheduler/default_sched.cc:430 WARNING 642323 LoadBalance [#781 PDF] observed exec-time bins (cumulative): <10us=9953015 <50us=190628 <500us=17419 <10ms=21805 <50ms=1317 <500ms=357 <1s=0 >=1s=0 | stalls_detected=0[0m
[33m/home/cvazquezperezdelacru/clio-core/context-runtime/src/scheduler/default_sched.cc:439 WARNING 642323 LoadBalance [#785] lane rescues performed: 0[0m
[33m/home/cvazquezperezdelacru/clio-core/context-runtime/src/scheduler/default_sched.cc:430 WARNING 642323 LoadBalance [#781 PDF] observed exec-time bins (cumulative): <10us=10018653 <50us=192091 <500us=17547 <10ms=21973 <50ms=1334 <500ms=357 <1s=0 >=1s=0 | stalls_detected=0[0m
[33m/home/cvazquezperezdelacru/clio-core/context-runtime/src/scheduler/default_sched.cc:439 WARNING 642323 LoadBalance [#785] lane rescues performed: 0[0m
[33m/home/cvazquezperezdelacru/clio-core/context-runtime/src/scheduler/default_sched.cc:430 WARNING 642323 LoadBalance [#781 PDF] observed exec-time bins (cumulative): <10us=10085826 <50us=193791 <500us=17682 <10ms=22115 <50ms=1370 <500ms=357 <1s=0 >=1s=0 | stalls_detected=0[0m
[33m/home/cvazquezperezdelacru/clio-core/context-runtime/src/scheduler/default_sched.cc:439 WARNING 642323 LoadBalance [#785] lane rescues performed: 0[0m
[33m/home/cvazquezperezdelacru/clio-core/context-runtime/src/scheduler/default_sched.cc:430 WARNING 642323 LoadBalance [#781 PDF] observed exec-time bins (cumulative): <10us=10152277 <50us=195786 <500us=17813 <10ms=22276 <50ms=1393 <500ms=357 <1s=0 >=1s=0 | stalls_detected=0[0m
[33m/home/cvazquezperezdelacru/clio-core/context-runtime/src/scheduler/default_sched.cc:439 WARNING 642323 LoadBalance [#785] lane rescues performed: 0[0m
[33m/home/cvazquezperezdelacru/clio-core/context-runtime/src/scheduler/default_sched.cc:430 WARNING 642323 LoadBalance [#781 PDF] observed exec-time bins (cumulative): <10us=10218474 <50us=196755 <500us=17931 <10ms=22411 <50ms=1425 <500ms=357 <1s=0 >=1s=0 | stalls_detected=0[0m
[33m/home/cvazquezperezdelacru/clio-core/context-runtime/src/scheduler/default_sched.cc:439 WARNING 642323 LoadBalance [#785] lane rescues performed: 0[0m
[33m/home/cvazquezperezdelacru/clio-core/context-runtime/src/scheduler/default_sched.cc:430 WARNING 642323 LoadBalance [#781 PDF] observed exec-time bins (cumulative): <10us=10284438 <50us=197576 <500us=18071 <10ms=22571 <50ms=1450 <500ms=357 <1s=0 >=1s=0 | stalls_detected=0[0m
[33m/home/cvazquezperezdelacru/clio-core/context-runtime/src/scheduler/default_sched.cc:439 WARNING 642323 LoadBalance [#785] lane rescues performed: 0[0m
[33m/home/cvazquezperezdelacru/clio-core/context-runtime/src/scheduler/default_sched.cc:430 WARNING 642323 LoadBalance [#781 PDF] observed exec-time bins (cumulative): <10us=10350400 <50us=198396 <500us=18195 <10ms=22738 <50ms=1473 <500ms=357 <1s=0 >=1s=0 | stalls_detected=0[0m
[33m/home/cvazquezperezdelacru/clio-core/context-runtime/src/scheduler/default_sched.cc:439 WARNING 642323 LoadBalance [#785] lane rescues performed: 0[0m
[33m/home/cvazquezperezdelacru/clio-core/context-runtime/src/scheduler/default_sched.cc:430 WARNING 642323 LoadBalance [#781 PDF] observed exec-time bins (cumulative): <10us=10416456 <50us=199109 <500us=18319 <10ms=22895 <50ms=1498 <500ms=357 <1s=0 >=1s=0 | stalls_detected=0[0m
[33m/home/cvazquezperezdelacru/clio-core/context-runtime/src/scheduler/default_sched.cc:439 WARNING 642323 LoadBalance [#785] lane rescues performed: 0[0m
[33m/home/cvazquezperezdelacru/clio-core/context-runtime/src/scheduler/default_sched.cc:430 WARNING 642323 LoadBalance [#781 PDF] observed exec-time bins (cumulative): <10us=10482703 <50us=199795 <500us=18453 <10ms=23044 <50ms=1525 <500ms=357 <1s=0 >=1s=0 | stalls_detected=0[0m
[33m/home/cvazquezperezdelacru/clio-core/context-runtime/src/scheduler/default_sched.cc:439 WARNING 642323 LoadBalance [#785] lane rescues performed: 0[0m
[33m/home/cvazquezperezdelacru/clio-core/context-runtime/src/scheduler/default_sched.cc:430 WARNING 642323 LoadBalance [#781 PDF] observed exec-time bins (cumulative): <10us=10549631 <50us=200177 <500us=18572 <10ms=23178 <50ms=1549 <500ms=357 <1s=0 >=1s=0 | stalls_detected=0[0m
[33m/home/cvazquezperezdelacru/clio-core/context-runtime/src/scheduler/default_sched.cc:439 WARNING 642323 LoadBalance [#785] lane rescues performed: 0[0m
[33m/home/cvazquezperezdelacru/clio-core/context-runtime/src/scheduler/default_sched.cc:430 WARNING 642323 LoadBalance [#781 PDF] observed exec-time bins (cumulative): <10us=10615960 <50us=200770 <500us=18679 <10ms=23267 <50ms=1585 <500ms=357 <1s=0 >=1s=0 | stalls_detected=0[0m
[33m/home/cvazquezperezdelacru/clio-core/context-runtime/src/scheduler/default_sched.cc:439 WARNING 642323 LoadBalance [#785] lane rescues performed: 0[0m
[33m/home/cvazquezperezdelacru/clio-core/context-runtime/src/scheduler/default_sched.cc:430 WARNING 642323 LoadBalance [#781 PDF] observed exec-time bins (cumulative): <10us=10679563 <50us=203721 <500us=18794 <10ms=23422 <50ms=1609 <500ms=357 <1s=0 >=1s=0 | stalls_detected=0[0m
[33m/home/cvazquezperezdelacru/clio-core/context-runtime/src/scheduler/default_sched.cc:439 WARNING 642323 LoadBalance [#785] lane rescues performed: 0[0m
[33m/home/cvazquezperezdelacru/clio-core/context-runtime/src/scheduler/default_sched.cc:430 WARNING 642323 LoadBalance [#781 PDF] observed exec-time bins (cumulative): <10us=10742358 <50us=207370 <500us=18907 <10ms=23575 <50ms=1636 <500ms=357 <1s=0 >=1s=0 | stalls_detected=0[0m
[33m/home/cvazquezperezdelacru/clio-core/context-runtime/src/scheduler/default_sched.cc:439 WARNING 642323 LoadBalance [#785] lane rescues performed: 0[0m
[33m/home/cvazquezperezdelacru/clio-core/context-runtime/src/scheduler/default_sched.cc:430 WARNING 642323 LoadBalance [#781 PDF] observed exec-time bins (cumulative): <10us=10805821 <50us=210517 <500us=19022 <10ms=23721 <50ms=1657 <500ms=357 <1s=0 >=1s=0 | stalls_detected=0[0m
[33m/home/cvazquezperezdelacru/clio-core/context-runtime/src/scheduler/default_sched.cc:439 WARNING 642323 LoadBalance [#785] lane rescues performed: 0[0m
[33m/home/cvazquezperezdelacru/clio-core/context-runtime/src/scheduler/default_sched.cc:430 WARNING 642323 LoadBalance [#781 PDF] observed exec-time bins (cumulative): <10us=10872460 <50us=211341 <500us=19131 <10ms=23847 <50ms=1683 <500ms=357 <1s=0 >=1s=0 | stalls_detected=0[0m
[33m/home/cvazquezperezdelacru/clio-core/context-runtime/src/scheduler/default_sched.cc:439 WARNING 642323 LoadBalance [#785] lane rescues performed: 0[0m
[33m/home/cvazquezperezdelacru/clio-core/context-runtime/src/scheduler/default_sched.cc:430 WARNING 642323 LoadBalance [#781 PDF] observed exec-time bins (cumulative): <10us=10938726 <50us=212494 <500us=19238 <10ms=23943 <50ms=1709 <500ms=357 <1s=0 >=1s=0 | stalls_detected=0[0m
[33m/home/cvazquezperezdelacru/clio-core/context-runtime/src/scheduler/default_sched.cc:439 WARNING 642323 LoadBalance [#785] lane rescues performed: 0[0m
[33m/home/cvazquezperezdelacru/clio-core/context-runtime/src/scheduler/default_sched.cc:430 WARNING 642323 LoadBalance [#781 PDF] observed exec-time bins (cumulative): <10us=11003704 <50us=214629 <500us=19352 <10ms=24098 <50ms=1735 <500ms=357 <1s=0 >=1s=0 | stalls_detected=0[0m
[33m/home/cvazquezperezdelacru/clio-core/context-runtime/src/scheduler/default_sched.cc:439 WARNING 642323 LoadBalance [#785] lane rescues performed: 0[0m
[33m/home/cvazquezperezdelacru/clio-core/context-runtime/src/scheduler/default_sched.cc:430 WARNING 642323 LoadBalance [#781 PDF] observed exec-time bins (cumulative): <10us=11066675 <50us=218112 <500us=19457 <10ms=24183 <50ms=1757 <500ms=357 <1s=0 >=1s=0 | stalls_detected=0[0m
[33m/home/cvazquezperezdelacru/clio-core/context-runtime/src/scheduler/default_sched.cc:439 WARNING 642323 LoadBalance [#785] lane rescues performed: 0[0m
[33m/home/cvazquezperezdelacru/clio-core/context-runtime/src/scheduler/default_sched.cc:430 WARNING 642323 LoadBalance [#781 PDF] observed exec-time bins (cumulative): <10us=11129607 <50us=221541 <500us=19571 <10ms=24283 <50ms=1774 <500ms=357 <1s=0 >=1s=0 | stalls_detected=0[0m
[33m/home/cvazquezperezdelacru/clio-core/context-runtime/src/scheduler/default_sched.cc:439 WARNING 642323 LoadBalance [#785] lane rescues performed: 0[0m
[33m/home/cvazquezperezdelacru/clio-core/context-runtime/src/scheduler/default_sched.cc:430 WARNING 642323 LoadBalance [#781 PDF] observed exec-time bins (cumulative): <10us=11192479 <50us=225089 <500us=19691 <10ms=24417 <50ms=1805 <500ms=357 <1s=0 >=1s=0 | stalls_detected=0[0m
[33m/home/cvazquezperezdelacru/clio-core/context-runtime/src/scheduler/default_sched.cc:439 WARNING 642323 LoadBalance [#785] lane rescues performed: 0[0m
[33m/home/cvazquezperezdelacru/clio-core/context-runtime/src/scheduler/default_sched.cc:430 WARNING 642323 LoadBalance [#781 PDF] observed exec-time bins (cumulative): <10us=11258631 <50us=225798 <500us=19779 <10ms=24513 <50ms=1831 <500ms=357 <1s=0 >=1s=0 | stalls_detected=0[0m
[33m/home/cvazquezperezdelacru/clio-core/context-runtime/src/scheduler/default_sched.cc:439 WARNING 642323 LoadBalance [#785] lane rescues performed: 0[0m
[33m/home/cvazquezperezdelacru/clio-core/context-runtime/src/scheduler/default_sched.cc:430 WARNING 642323 LoadBalance [#781 PDF] observed exec-time bins (cumulative): <10us=11324227 <50us=227125 <500us=19875 <10ms=24601 <50ms=1853 <500ms=357 <1s=0 >=1s=0 | stalls_detected=0[0m
[33m/home/cvazquezperezdelacru/clio-core/context-runtime/src/scheduler/default_sched.cc:439 WARNING 642323 LoadBalance [#785] lane rescues performed: 0[0m
[33m/home/cvazquezperezdelacru/clio-core/context-runtime/src/scheduler/default_sched.cc:430 WARNING 642323 LoadBalance [#781 PDF] observed exec-time bins (cumulative): <10us=11391299 <50us=227407 <500us=19986 <10ms=24728 <50ms=1873 <500ms=357 <1s=0 >=1s=0 | stalls_detected=0[0m
[33m/home/cvazquezperezdelacru/clio-core/context-runtime/src/scheduler/default_sched.cc:439 WARNING 642323 LoadBalance [#785] lane rescues performed: 0[0m
[33m/home/cvazquezperezdelacru/clio-core/context-runtime/src/scheduler/default_sched.cc:430 WARNING 642323 LoadBalance [#781 PDF] observed exec-time bins (cumulative): <10us=11458463 <50us=227626 <500us=20079 <10ms=24810 <50ms=1893 <500ms=357 <1s=0 >=1s=0 | stalls_detected=0[0m
[33m/home/cvazquezperezdelacru/clio-core/context-runtime/src/scheduler/default_sched.cc:439 WARNING 642323 LoadBalance [#785] lane rescues performed: 0[0m
[33m/home/cvazquezperezdelacru/clio-core/context-runtime/src/scheduler/default_sched.cc:430 WARNING 642323 LoadBalance [#781 PDF] observed exec-time bins (cumulative): <10us=11525631 <50us=227863 <500us=20187 <10ms=24907 <50ms=1915 <500ms=357 <1s=0 >=1s=0 | stalls_detected=0[0m
[33m/home/cvazquezperezdelacru/clio-core/context-runtime/src/scheduler/default_sched.cc:439 WARNING 642323 LoadBalance [#785] lane rescues performed: 0[0m
[33m/home/cvazquezperezdelacru/clio-core/context-runtime/src/scheduler/default_sched.cc:430 WARNING 642323 LoadBalance [#781 PDF] observed exec-time bins (cumulative): <10us=11592526 <50us=228328 <500us=20306 <10ms=25056 <50ms=1938 <500ms=357 <1s=0 >=1s=0 | stalls_detected=0[0m
[33m/home/cvazquezperezdelacru/clio-core/context-runtime/src/scheduler/default_sched.cc:439 WARNING 642323 LoadBalance [#785] lane rescues performed: 0[0m
[33m/home/cvazquezperezdelacru/clio-core/context-runtime/src/scheduler/default_sched.cc:430 WARNING 642323 LoadBalance [#781 PDF] observed exec-time bins (cumulative): <10us=11659486 <50us=228766 <500us=20426 <10ms=25186 <50ms=1965 <500ms=357 <1s=0 >=1s=0 | stalls_detected=0[0m
[33m/home/cvazquezperezdelacru/clio-core/context-runtime/src/scheduler/default_sched.cc:439 WARNING 642323 LoadBalance [#785] lane rescues performed: 0[0m
[33m/home/cvazquezperezdelacru/clio-core/context-runtime/src/scheduler/default_sched.cc:430 WARNING 642323 LoadBalance [#781 PDF] observed exec-time bins (cumulative): <10us=11726657 <50us=229048 <500us=20453 <10ms=25201 <50ms=1975 <500ms=357 <1s=0 >=1s=0 | stalls_detected=0[0m
[33m/home/cvazquezperezdelacru/clio-core/context-runtime/src/scheduler/default_sched.cc:439 WARNING 642323 LoadBalance [#785] lane rescues performed: 0[0m
[33m/home/cvazquezperezdelacru/clio-core/context-runtime/src/scheduler/default_sched.cc:430 WARNING 642323 LoadBalance [#781 PDF] observed exec-time bins (cumulative): <10us=11786340 <50us=234009 <500us=20601 <10ms=25204 <50ms=1975 <500ms=357 <1s=0 >=1s=0 | stalls_detected=0[0m
[33m/home/cvazquezperezdelacru/clio-core/context-runtime/src/scheduler/default_sched.cc:439 WARNING 642323 LoadBalance [#785] lane rescues performed: 0[0m
[97m/home/cvazquezperezdelacru/clio-core/context-runtime/src/ipc_manager.cc:2295 INFO 642325 GetOrCreateClient [ClientPool] Creating new persistent connection to 127.0.0.1:45891[0m
[97m/home/cvazquezperezdelacru/clio-core/context-runtime/src/ipc_manager.cc:2315 INFO 642325 GetOrCreateClient [ClientPool] Connection established to 127.0.0.1:45891[0m
[97m/home/cvazquezperezdelacru/clio-core/context-runtime/modules/admin/src/admin_runtime.cc:1213 INFO 642315 RegisterMemory Admin::RegisterMemory: Registering CPU alloc_id (642661.0)[0m
[97m/home/cvazquezperezdelacru/clio-core/context-runtime/src/ipc_manager.cc:2539 INFO 642315 RegisterMemory IpcManager::RegisterMemory: Registering clio_642661_0 from pid 642661[0m
[97m/home/cvazquezperezdelacru/clio-core/context-runtime/src/ipc_manager.cc:2582 INFO 642315 RegisterMemory IpcManager::RegisterMemory: Successfully registered clio_642661_0[0m
[97m/home/cvazquezperezdelacru/clio-core/context-runtime/src/pool_manager.cc:534 INFO 642317 CreatePool PoolManager: Creating pool 'clio_cte_core' with 1 containers (one per node)[0m
[97m/home/cvazquezperezdelacru/clio-core/context-runtime/src/pool_manager.cc:575 INFO 642317 CreatePool PoolManager: Pool PoolId(major:512, minor:0) already exists by ID, returning existing pool[0m
[97m/home/cvazquezperezdelacru/clio-core/context-runtime/src/pool_manager.cc:534 INFO 642317 CreatePool PoolManager: Creating pool 'faiss_ivf_bench' with 1 containers (one per node)[0m
[97m/home/cvazquezperezdelacru/clio-core/context-runtime/src/pool_manager.cc:575 INFO 642317 CreatePool PoolManager: Pool PoolId(major:600, minor:0) already exists by ID, returning existing pool[0m
[97m/home/cvazquezperezdelacru/clio-core/context-runtime/src/ipc_manager.cc:2447 INFO 642315 IncreaseClientShm IpcManager::IncreaseClientShm: Creating clio_642294_4 with size 117768192 (84213760 + 33554432 overhead)[0m
[97m/home/cvazquezperezdelacru/clio-core/context-runtime/src/ipc_manager.cc:2492 INFO 642315 IncreaseClientShm IpcManager::IncreaseClientShm: Created allocator clio_642294_4 with ID (642294.4)[0m
[97m/mnt/common/cvazquezperezdelacru/IOWARP/faiss/contrib/iowarp/chimod/src/faiss_ivf_runtime.cc:258 INFO 642315 OpenIndex faiss_ivf: opened '/mnt/common/cvazquezperezdelacru/faiss/slurm_bench/work/ondisk_step3_nb178M.index' (d=128, nlist=16384, ntotal=178000000, tag='faiss_ivf::ondisk_step3_nb178M')[0m
[97m/mnt/common/cvazquezperezdelacru/IOWARP/faiss/contrib/iowarp/chimod/src/faiss_ivf_runtime.cc:329 INFO 642315 Search faiss_ivf: Search nq=500 k=10 nprobe=256 unique_lists=16289[0m
[97m/home/cvazquezperezdelacru/clio-core/context-runtime/src/ipc_manager.cc:2447 INFO 642315 IncreaseClientShm IpcManager::IncreaseClientShm: Creating clio_642294_5 with size 228912912 (195358480 + 33554432 overhead)[0m
[97m/home/cvazquezperezdelacru/clio-core/context-runtime/src/ipc_manager.cc:2492 INFO 642315 IncreaseClientShm IpcManager::IncreaseClientShm: Created allocator clio_642294_5 with ID (642294.5)[0m
[97m/home/cvazquezperezdelacru/clio-core/context-runtime/src/ipc_manager.cc:2447 INFO 642315 IncreaseClientShm IpcManager::IncreaseClientShm: Creating clio_642294_6 with size 228912912 (195358480 + 33554432 overhead)[0m
[97m/home/cvazquezperezdelacru/clio-core/context-runtime/src/ipc_manager.cc:2492 INFO 642315 IncreaseClientShm IpcManager::IncreaseClientShm: Created allocator clio_642294_6 with ID (642294.6)[0m
[97m/home/cvazquezperezdelacru/clio-core/context-runtime/src/ipc_manager.cc:2447 INFO 642315 IncreaseClientShm IpcManager::IncreaseClientShm: Creating clio_642294_7 with size 228912912 (195358480 + 33554432 overhead)[0m
[97m/home/cvazquezperezdelacru/clio-core/context-runtime/src/ipc_manager.cc:2492 INFO 642315 IncreaseClientShm IpcManager::IncreaseClientShm: Created allocator clio_642294_7 with ID (642294.7)[0m
[97m/home/cvazquezperezdelacru/clio-core/context-runtime/src/ipc_manager.cc:2447 INFO 642315 IncreaseClientShm IpcManager::IncreaseClientShm: Creating clio_642294_8 with size 228912912 (195358480 + 33554432 overhead)[0m
[97m/home/cvazquezperezdelacru/clio-core/context-runtime/src/ipc_manager.cc:2492 INFO 642315 IncreaseClientShm IpcManager::IncreaseClientShm: Created allocator clio_642294_8 with ID (642294.8)[0m
[97m/home/cvazquezperezdelacru/clio-core/context-runtime/src/ipc_manager.cc:2447 INFO 642315 IncreaseClientShm IpcManager::IncreaseClientShm: Creating clio_642294_9 with size 228912912 (195358480 + 33554432 overhead)[0m
[97m/home/cvazquezperezdelacru/clio-core/context-runtime/src/ipc_manager.cc:2492 INFO 642315 IncreaseClientShm IpcManager::IncreaseClientShm: Created allocator clio_642294_9 with ID (642294.9)[0m
[97m/home/cvazquezperezdelacru/clio-core/context-runtime/src/ipc_manager.cc:2447 INFO 642315 IncreaseClientShm IpcManager::IncreaseClientShm: Creating clio_642294_10 with size 228912912 (195358480 + 33554432 overhead)[0m
[97m/home/cvazquezperezdelacru/clio-core/context-runtime/src/ipc_manager.cc:2492 INFO 642315 IncreaseClientShm IpcManager::IncreaseClientShm: Created allocator clio_642294_10 with ID (642294.10)[0m
[97m/home/cvazquezperezdelacru/clio-core/context-runtime/src/ipc_manager.cc:2447 INFO 642315 IncreaseClientShm IpcManager::IncreaseClientShm: Creating clio_642294_11 with size 228912912 (195358480 + 33554432 overhead)[0m
[97m/home/cvazquezperezdelacru/clio-core/context-runtime/src/ipc_manager.cc:2492 INFO 642315 IncreaseClientShm IpcManager::IncreaseClientShm: Created allocator clio_642294_11 with ID (642294.11)[0m
[97m/home/cvazquezperezdelacru/clio-core/context-runtime/src/ipc_manager.cc:2447 INFO 642315 IncreaseClientShm IpcManager::IncreaseClientShm: Creating clio_642294_12 with size 228912912 (195358480 + 33554432 overhead)[0m
[97m/home/cvazquezperezdelacru/clio-core/context-runtime/src/ipc_manager.cc:2492 INFO 642315 IncreaseClientShm IpcManager::IncreaseClientShm: Created allocator clio_642294_12 with ID (642294.12)[0m
[97m/home/cvazquezperezdelacru/clio-core/context-runtime/src/ipc_manager.cc:2447 INFO 642315 IncreaseClientShm IpcManager::IncreaseClientShm: Creating clio_642294_13 with size 228912912 (195358480 + 33554432 overhead)[0m
[97m/home/cvazquezperezdelacru/clio-core/context-runtime/src/ipc_manager.cc:2492 INFO 642315 IncreaseClientShm IpcManager::IncreaseClientShm: Created allocator clio_642294_13 with ID (642294.13)[0m
[97m/home/cvazquezperezdelacru/clio-core/context-runtime/src/ipc_manager.cc:2447 INFO 642315 IncreaseClientShm IpcManager::IncreaseClientShm: Creating clio_642294_14 with size 228912912 (195358480 + 33554432 overhead)[0m
[97m/home/cvazquezperezdelacru/clio-core/context-runtime/src/ipc_manager.cc:2492 INFO 642315 IncreaseClientShm IpcManager::IncreaseClientShm: Created allocator clio_642294_14 with ID (642294.14)[0m
[97m/home/cvazquezperezdelacru/clio-core/context-runtime/src/ipc_manager.cc:2447 INFO 642315 IncreaseClientShm IpcManager::IncreaseClientShm: Creating clio_642294_15 with size 228912912 (195358480 + 33554432 overhead)[0m
[97m/home/cvazquezperezdelacru/clio-core/context-runtime/src/ipc_manager.cc:2492 INFO 642315 IncreaseClientShm IpcManager::IncreaseClientShm: Created allocator clio_642294_15 with ID (642294.15)[0m
[97m/home/cvazquezperezdelacru/clio-core/context-runtime/src/ipc_manager.cc:2447 INFO 642315 IncreaseClientShm IpcManager::IncreaseClientShm: Creating clio_642294_16 with size 228912912 (195358480 + 33554432 overhead)[0m
[97m/home/cvazquezperezdelacru/clio-core/context-runtime/src/ipc_manager.cc:2492 INFO 642315 IncreaseClientShm IpcManager::IncreaseClientShm: Created allocator clio_642294_16 with ID (642294.16)[0m
[97m/home/cvazquezperezdelacru/clio-core/context-runtime/src/ipc_manager.cc:2447 INFO 642315 IncreaseClientShm IpcManager::IncreaseClientShm: Creating clio_642294_17 with size 228912912 (195358480 + 33554432 overhead)[0m
[97m/home/cvazquezperezdelacru/clio-core/context-runtime/src/ipc_manager.cc:2492 INFO 642315 IncreaseClientShm IpcManager::IncreaseClientShm: Created allocator clio_642294_17 with ID (642294.17)[0m
[33m/home/cvazquezperezdelacru/clio-core/context-runtime/src/scheduler/default_sched.cc:455 WARNING 642323 operator() [#781] worker 0 STALLED on one task (load_us=-9.15527e-05 realtime_load_us=1.05328e+06 threshold_s=1)[0m
[33m/home/cvazquezperezdelacru/clio-core/context-runtime/src/worker.cc:370 WARNING 642323 AdoptLane [#785] worker 0 adopted lane 0x7f8789a431e8[0m
[33m/home/cvazquezperezdelacru/clio-core/context-runtime/src/work_orchestrator.cc:545 WARNING 642323 SpawnAdditionalWorker [#785] spawned elastic worker 8 (pool now 9 workers)[0m
[33m/home/cvazquezperezdelacru/clio-core/context-runtime/src/scheduler/default_sched.cc:598 WARNING 642323 operator() [#785] RESCUE: stalled worker 0 -> worker 8 (0 parked task(s) moved, 0 queued task(s) redistributed, rescues=1)[0m
[33m/home/cvazquezperezdelacru/clio-core/context-runtime/src/scheduler/default_sched.cc:455 WARNING 642323 operator() [#781] worker 0 STALLED on one task (load_us=-9.15527e-05 realtime_load_us=1.59971e+06 threshold_s=1)[0m
[33m/home/cvazquezperezdelacru/clio-core/context-runtime/src/worker.cc:370 WARNING 642323 AdoptLane [#785] worker 0 adopted lane 0x7f8789a431e8[0m
[33m/home/cvazquezperezdelacru/clio-core/context-runtime/src/scheduler/default_sched.cc:598 WARNING 642323 operator() [#785] RESCUE: stalled worker 0 -> worker 8 (0 parked task(s) moved, 0 queued task(s) redistributed, rescues=2)[0m
[33m/home/cvazquezperezdelacru/clio-core/context-runtime/src/scheduler/default_sched.cc:455 WARNING 642323 operator() [#781] worker 0 STALLED on one task (load_us=-9.15527e-05 realtime_load_us=2.10023e+06 threshold_s=1)[0m
[33m/home/cvazquezperezdelacru/clio-core/context-runtime/src/worker.cc:370 WARNING 642323 AdoptLane [#785] worker 0 adopted lane 0x7f8789a431e8[0m
[33m/home/cvazquezperezdelacru/clio-core/context-runtime/src/scheduler/default_sched.cc:598 WARNING 642323 operator() [#785] RESCUE: stalled worker 0 -> worker 8 (0 parked task(s) moved, 0 queued task(s) redistributed, rescues=3)[0m
[33m/home/cvazquezperezdelacru/clio-core/context-runtime/src/scheduler/default_sched.cc:455 WARNING 642323 operator() [#781] worker 0 STALLED on one task (load_us=-9.15527e-05 realtime_load_us=2.60064e+06 threshold_s=1)[0m
[33m/home/cvazquezperezdelacru/clio-core/context-runtime/src/worker.cc:370 WARNING 642323 AdoptLane [#785] worker 0 adopted lane 0x7f8789a431e8[0m
[33m/home/cvazquezperezdelacru/clio-core/context-runtime/src/scheduler/default_sched.cc:598 WARNING 642323 operator() [#785] RESCUE: stalled worker 0 -> worker 8 (0 parked task(s) moved, 0 queued task(s) redistributed, rescues=4)[0m
[33m/home/cvazquezperezdelacru/clio-core/context-runtime/src/scheduler/default_sched.cc:455 WARNING 642323 operator() [#781] worker 0 STALLED on one task (load_us=-9.15527e-05 realtime_load_us=3.10102e+06 threshold_s=1)[0m
[33m/home/cvazquezperezdelacru/clio-core/context-runtime/src/worker.cc:370 WARNING 642323 AdoptLane [#785] worker 0 adopted lane 0x7f8789a431e8[0m
[33m/home/cvazquezperezdelacru/clio-core/context-runtime/src/scheduler/default_sched.cc:598 WARNING 642323 operator() [#785] RESCUE: stalled worker 0 -> worker 8 (0 parked task(s) moved, 0 queued task(s) redistributed, rescues=5)[0m
[33m/home/cvazquezperezdelacru/clio-core/context-runtime/src/scheduler/default_sched.cc:430 WARNING 642323 LoadBalance [#781 PDF] observed exec-time bins (cumulative): <10us=11849676 <50us=239589 <500us=20648 <10ms=25206 <50ms=1977 <500ms=357 <1s=0 >=1s=0 | stalls_detected=5[0m
[33m/home/cvazquezperezdelacru/clio-core/context-runtime/src/scheduler/default_sched.cc:439 WARNING 642323 LoadBalance [#785] lane rescues performed: 5[0m
[33m/home/cvazquezperezdelacru/clio-core/context-runtime/src/scheduler/default_sched.cc:455 WARNING 642323 operator() [#781] worker 0 STALLED on one task (load_us=-9.15527e-05 realtime_load_us=3.60155e+06 threshold_s=1)[0m
[33m/home/cvazquezperezdelacru/clio-core/context-runtime/src/worker.cc:370 WARNING 642323 AdoptLane [#785] worker 0 adopted lane 0x7f8789a431e8[0m
[33m/home/cvazquezperezdelacru/clio-core/context-runtime/src/scheduler/default_sched.cc:598 WARNING 642323 operator() [#785] RESCUE: stalled worker 0 -> worker 8 (0 parked task(s) moved, 0 queued task(s) redistributed, rescues=6)[0m
[33m/home/cvazquezperezdelacru/clio-core/context-runtime/src/scheduler/default_sched.cc:455 WARNING 642323 operator() [#781] worker 0 STALLED on one task (load_us=-9.15527e-05 realtime_load_us=4.10231e+06 threshold_s=1)[0m
[33m/home/cvazquezperezdelacru/clio-core/context-runtime/src/worker.cc:370 WARNING 642323 AdoptLane [#785] worker 0 adopted lane 0x7f8789a431e8[0m
[33m/home/cvazquezperezdelacru/clio-core/context-runtime/src/scheduler/default_sched.cc:598 WARNING 642323 operator() [#785] RESCUE: stalled worker 0 -> worker 8 (0 parked task(s) moved, 0 queued task(s) redistributed, rescues=7)[0m
[33m/home/cvazquezperezdelacru/clio-core/context-runtime/src/scheduler/default_sched.cc:455 WARNING 642323 operator() [#781] worker 0 STALLED on one task (load_us=-9.15527e-05 realtime_load_us=4.60293e+06 threshold_s=1)[0m
[33m/home/cvazquezperezdelacru/clio-core/context-runtime/src/worker.cc:370 WARNING 642323 AdoptLane [#785] worker 0 adopted lane 0x7f8789a431e8[0m
[33m/home/cvazquezperezdelacru/clio-core/context-runtime/src/scheduler/default_sched.cc:598 WARNING 642323 operator() [#785] RESCUE: stalled worker 0 -> worker 8 (0 parked task(s) moved, 0 queued task(s) redistributed, rescues=8)[0m
[33m/home/cvazquezperezdelacru/clio-core/context-runtime/src/scheduler/default_sched.cc:455 WARNING 642323 operator() [#781] worker 0 STALLED on one task (load_us=-9.15527e-05 realtime_load_us=5.1036e+06 threshold_s=1)[0m
[33m/home/cvazquezperezdelacru/clio-core/context-runtime/src/worker.cc:370 WARNING 642323 AdoptLane [#785] worker 0 adopted lane 0x7f8789a431e8[0m
[33m/home/cvazquezperezdelacru/clio-core/context-runtime/src/scheduler/default_sched.cc:598 WARNING 642323 operator() [#785] RESCUE: stalled worker 0 -> worker 8 (0 parked task(s) moved, 0 queued task(s) redistributed, rescues=9)[0m
[33m/home/cvazquezperezdelacru/clio-core/context-runtime/src/scheduler/default_sched.cc:455 WARNING 642323 operator() [#781] worker 0 STALLED on one task (load_us=-9.15527e-05 realtime_load_us=5.60425e+06 threshold_s=1)[0m
[33m/home/cvazquezperezdelacru/clio-core/context-runtime/src/worker.cc:370 WARNING 642323 AdoptLane [#785] worker 0 adopted lane 0x7f8789a431e8[0m
[33m/home/cvazquezperezdelacru/clio-core/context-runtime/src/scheduler/default_sched.cc:598 WARNING 642323 operator() [#785] RESCUE: stalled worker 0 -> worker 8 (0 parked task(s) moved, 0 queued task(s) redistributed, rescues=10)[0m
[33m/home/cvazquezperezdelacru/clio-core/context-runtime/src/scheduler/default_sched.cc:455 WARNING 642323 operator() [#781] worker 0 STALLED on one task (load_us=-9.15527e-05 realtime_load_us=6.10487e+06 threshold_s=1)[0m
[33m/home/cvazquezperezdelacru/clio-core/context-runtime/src/worker.cc:370 WARNING 642323 AdoptLane [#785] worker 0 adopted lane 0x7f8789a431e8[0m
[33m/home/cvazquezperezdelacru/clio-core/context-runtime/src/scheduler/default_sched.cc:598 WARNING 642323 operator() [#785] RESCUE: stalled worker 0 -> worker 8 (0 parked task(s) moved, 0 queued task(s) redistributed, rescues=11)[0m
[33m/home/cvazquezperezdelacru/clio-core/context-runtime/src/scheduler/default_sched.cc:455 WARNING 642323 operator() [#781] worker 0 STALLED on one task (load_us=-9.15527e-05 realtime_load_us=6.6056e+06 threshold_s=1)[0m
[33m/home/cvazquezperezdelacru/clio-core/context-runtime/src/worker.cc:370 WARNING 642323 AdoptLane [#785] worker 0 adopted lane 0x7f8789a431e8[0m
[33m/home/cvazquezperezdelacru/clio-core/context-runtime/src/scheduler/default_sched.cc:598 WARNING 642323 operator() [#785] RESCUE: stalled worker 0 -> worker 8 (0 parked task(s) moved, 0 queued task(s) redistributed, rescues=12)[0m
[33m/home/cvazquezperezdelacru/clio-core/context-runtime/src/scheduler/default_sched.cc:455 WARNING 642323 operator() [#781] worker 0 STALLED on one task (load_us=-9.15527e-05 realtime_load_us=7.10627e+06 threshold_s=1)[0m
[33m/home/cvazquezperezdelacru/clio-core/context-runtime/src/worker.cc:370 WARNING 642323 AdoptLane [#785] worker 0 adopted lane 0x7f8789a431e8[0m
[33m/home/cvazquezperezdelacru/clio-core/context-runtime/src/scheduler/default_sched.cc:598 WARNING 642323 operator() [#785] RESCUE: stalled worker 0 -> worker 8 (0 parked task(s) moved, 0 queued task(s) redistributed, rescues=13)[0m
[33m/home/cvazquezperezdelacru/clio-core/context-runtime/src/scheduler/default_sched.cc:455 WARNING 642323 operator() [#781] worker 0 STALLED on one task (load_us=-9.15527e-05 realtime_load_us=7.60701e+06 threshold_s=1)[0m
[33m/home/cvazquezperezdelacru/clio-core/context-runtime/src/worker.cc:370 WARNING 642323 AdoptLane [#785] worker 0 adopted lane 0x7f8789a431e8[0m
[33m/home/cvazquezperezdelacru/clio-core/context-runtime/src/scheduler/default_sched.cc:598 WARNING 642323 operator() [#785] RESCUE: stalled worker 0 -> worker 8 (0 parked task(s) moved, 0 queued task(s) redistributed, rescues=14)[0m
[33m/home/cvazquezperezdelacru/clio-core/context-runtime/src/scheduler/default_sched.cc:455 WARNING 642323 operator() [#781] worker 0 STALLED on one task (load_us=-9.15527e-05 realtime_load_us=8.10768e+06 threshold_s=1)[0m
[33m/home/cvazquezperezdelacru/clio-core/context-runtime/src/worker.cc:370 WARNING 642323 AdoptLane [#785] worker 0 adopted lane 0x7f8789a431e8[0m
[33m/home/cvazquezperezdelacru/clio-core/context-runtime/src/scheduler/default_sched.cc:598 WARNING 642323 operator() [#785] RESCUE: stalled worker 0 -> worker 8 (0 parked task(s) moved, 0 queued task(s) redistributed, rescues=15)[0m
[33m/home/cvazquezperezdelacru/clio-core/context-runtime/src/scheduler/default_sched.cc:430 WARNING 642323 LoadBalance [#781 PDF] observed exec-time bins (cumulative): <10us=11905932 <50us=248495 <500us=20656 <10ms=25211 <50ms=1977 <500ms=357 <1s=0 >=1s=0 | stalls_detected=15[0m
[33m/home/cvazquezperezdelacru/clio-core/context-runtime/src/scheduler/default_sched.cc:439 WARNING 642323 LoadBalance [#785] lane rescues performed: 15[0m
[33m/home/cvazquezperezdelacru/clio-core/context-runtime/src/scheduler/default_sched.cc:455 WARNING 642323 operator() [#781] worker 0 STALLED on one task (load_us=-9.15527e-05 realtime_load_us=8.60842e+06 threshold_s=1)[0m
[33m/home/cvazquezperezdelacru/clio-core/context-runtime/src/worker.cc:370 WARNING 642323 AdoptLane [#785] worker 0 adopted lane 0x7f8789a431e8[0m
[33m/home/cvazquezperezdelacru/clio-core/context-runtime/src/scheduler/default_sched.cc:598 WARNING 642323 operator() [#785] RESCUE: stalled worker 0 -> worker 8 (0 parked task(s) moved, 0 queued task(s) redistributed, rescues=16)[0m
[33m/home/cvazquezperezdelacru/clio-core/context-runtime/src/scheduler/default_sched.cc:455 WARNING 642323 operator() [#781] worker 0 STALLED on one task (load_us=-9.15527e-05 realtime_load_us=9.10918e+06 threshold_s=1)[0m
[33m/home/cvazquezperezdelacru/clio-core/context-runtime/src/worker.cc:370 WARNING 642323 AdoptLane [#785] worker 0 adopted lane 0x7f8789a431e8[0m
[33m/home/cvazquezperezdelacru/clio-core/context-runtime/src/scheduler/default_sched.cc:598 WARNING 642323 operator() [#785] RESCUE: stalled worker 0 -> worker 8 (0 parked task(s) moved, 0 queued task(s) redistributed, rescues=17)[0m
[33m/home/cvazquezperezdelacru/clio-core/context-runtime/src/scheduler/default_sched.cc:455 WARNING 642323 operator() [#781] worker 0 STALLED on one task (load_us=-9.15527e-05 realtime_load_us=9.60985e+06 threshold_s=1)[0m
[33m/home/cvazquezperezdelacru/clio-core/context-runtime/src/worker.cc:370 WARNING 642323 AdoptLane [#785] worker 0 adopted lane 0x7f8789a431e8[0m
[33m/home/cvazquezperezdelacru/clio-core/context-runtime/src/scheduler/default_sched.cc:598 WARNING 642323 operator() [#785] RESCUE: stalled worker 0 -> worker 8 (0 parked task(s) moved, 0 queued task(s) redistributed, rescues=18)[0m
[33m/home/cvazquezperezdelacru/clio-core/context-runtime/src/scheduler/default_sched.cc:455 WARNING 642323 operator() [#781] worker 0 STALLED on one task (load_us=-9.15527e-05 realtime_load_us=1.01105e+07 threshold_s=1)[0m
[33m/home/cvazquezperezdelacru/clio-core/context-runtime/src/worker.cc:370 WARNING 642323 AdoptLane [#785] worker 0 adopted lane 0x7f8789a431e8[0m
[33m/home/cvazquezperezdelacru/clio-core/context-runtime/src/scheduler/default_sched.cc:598 WARNING 642323 operator() [#785] RESCUE: stalled worker 0 -> worker 8 (0 parked task(s) moved, 0 queued task(s) redistributed, rescues=19)[0m
[33m/home/cvazquezperezdelacru/clio-core/context-runtime/src/scheduler/default_sched.cc:455 WARNING 642323 operator() [#781] worker 0 STALLED on one task (load_us=-9.15527e-05 realtime_load_us=1.06113e+07 threshold_s=1)[0m
[33m/home/cvazquezperezdelacru/clio-core/context-runtime/src/worker.cc:370 WARNING 642323 AdoptLane [#785] worker 0 adopted lane 0x7f8789a431e8[0m
[33m/home/cvazquezperezdelacru/clio-core/context-runtime/src/scheduler/default_sched.cc:598 WARNING 642323 operator() [#785] RESCUE: stalled worker 0 -> worker 8 (0 parked task(s) moved, 0 queued task(s) redistributed, rescues=20)[0m
[33m/home/cvazquezperezdelacru/clio-core/context-runtime/src/scheduler/default_sched.cc:455 WARNING 642323 operator() [#781] worker 0 STALLED on one task (load_us=-9.15527e-05 realtime_load_us=1.11121e+07 threshold_s=1)[0m
[33m/home/cvazquezperezdelacru/clio-core/context-runtime/src/worker.cc:370 WARNING 642323 AdoptLane [#785] worker 0 adopted lane 0x7f8789a431e8[0m
[33m/home/cvazquezperezdelacru/clio-core/context-runtime/src/scheduler/default_sched.cc:598 WARNING 642323 operator() [#785] RESCUE: stalled worker 0 -> worker 8 (0 parked task(s) moved, 0 queued task(s) redistributed, rescues=21)[0m
[33m/home/cvazquezperezdelacru/clio-core/context-runtime/src/scheduler/default_sched.cc:455 WARNING 642323 operator() [#781] worker 0 STALLED on one task (load_us=-9.15527e-05 realtime_load_us=1.16127e+07 threshold_s=1)[0m
[33m/home/cvazquezperezdelacru/clio-core/context-runtime/src/worker.cc:370 WARNING 642323 AdoptLane [#785] worker 0 adopted lane 0x7f8789a431e8[0m
[33m/home/cvazquezperezdelacru/clio-core/context-runtime/src/scheduler/default_sched.cc:598 WARNING 642323 operator() [#785] RESCUE: stalled worker 0 -> worker 8 (0 parked task(s) moved, 0 queued task(s) redistributed, rescues=22)[0m
[31m/home/cvazquezperezdelacru/clio-core/context-runtime/src/scheduler/default_sched.cc:726 ERROR 642323 LoadBalance [HANGWATCH-HB] processed=70989 outstanding=25 (queued=25 blocked=0 retry=0 periodic=9) live=5 live_stalled=1[0m
[33m/home/cvazquezperezdelacru/clio-core/context-runtime/src/scheduler/default_sched.cc:455 WARNING 642323 operator() [#781] worker 0 STALLED on one task (load_us=-9.15527e-05 realtime_load_us=1.21134e+07 threshold_s=1)[0m
[33m/home/cvazquezperezdelacru/clio-core/context-runtime/src/worker.cc:370 WARNING 642323 AdoptLane [#785] worker 0 adopted lane 0x7f8789a431e8[0m
[33m/home/cvazquezperezdelacru/clio-core/context-runtime/src/scheduler/default_sched.cc:598 WARNING 642323 operator() [#785] RESCUE: stalled worker 0 -> worker 8 (0 parked task(s) moved, 0 queued task(s) redistributed, rescues=23)[0m
[33m/home/cvazquezperezdelacru/clio-core/context-runtime/src/scheduler/default_sched.cc:430 WARNING 642323 LoadBalance [#781 PDF] observed exec-time bins (cumulative): <10us=11966266 <50us=255294 <500us=20703 <10ms=25453 <50ms=2010 <500ms=357 <1s=0 >=1s=0 | stalls_detected=23[0m
[33m/home/cvazquezperezdelacru/clio-core/context-runtime/src/scheduler/default_sched.cc:439 WARNING 642323 LoadBalance [#785] lane rescues performed: 23[0m
[31m/home/cvazquezperezdelacru/clio-core/context-runtime/src/scheduler/default_sched.cc:726 ERROR 642323 LoadBalance [HANGWATCH-HB] processed=71873 outstanding=6 (queued=6 blocked=0 retry=0 periodic=29) live=1 live_stalled=0[0m
[31m/home/cvazquezperezdelacru/clio-core/context-runtime/src/scheduler/default_sched.cc:726 ERROR 642323 LoadBalance [HANGWATCH-HB] processed=72812 outstanding=28 (queued=28 blocked=0 retry=0 periodic=12) live=1 live_stalled=0[0m
[33m/home/cvazquezperezdelacru/clio-core/context-runtime/src/scheduler/default_sched.cc:430 WARNING 642323 LoadBalance [#781 PDF] observed exec-time bins (cumulative): <10us=12033082 <50us=259948 <500us=20953 <10ms=26346 <50ms=2153 <500ms=357 <1s=0 >=1s=0 | stalls_detected=23[0m
[33m/home/cvazquezperezdelacru/clio-core/context-runtime/src/scheduler/default_sched.cc:439 WARNING 642323 LoadBalance [#785] lane rescues performed: 23[0m
[31m/home/cvazquezperezdelacru/clio-core/context-runtime/src/scheduler/default_sched.cc:726 ERROR 642323 LoadBalance [HANGWATCH-HB] processed=73965 outstanding=56 (queued=56 blocked=0 retry=0 periodic=7) live=2 live_stalled=0[0m
[31m/home/cvazquezperezdelacru/clio-core/context-runtime/src/scheduler/default_sched.cc:726 ERROR 642323 LoadBalance [HANGWATCH-HB] processed=74817 outstanding=32 (queued=32 blocked=0 retry=0 periodic=19) live=1 live_stalled=0[0m
[31m/home/cvazquezperezdelacru/clio-core/context-runtime/src/scheduler/default_sched.cc:726 ERROR 642323 LoadBalance [HANGWATCH-HB] processed=75515 outstanding=35 (queued=35 blocked=0 retry=0 periodic=7) live=2 live_stalled=0[0m
[33m/home/cvazquezperezdelacru/clio-core/context-runtime/src/scheduler/default_sched.cc:430 WARNING 642323 LoadBalance [#781 PDF] observed exec-time bins (cumulative): <10us=12097836 <50us=264408 <500us=21043 <10ms=26943 <50ms=2297 <500ms=357 <1s=0 >=1s=0 | stalls_detected=23[0m
[33m/home/cvazquezperezdelacru/clio-core/context-runtime/src/scheduler/default_sched.cc:439 WARNING 642323 LoadBalance [#785] lane rescues performed: 23[0m
[31m/home/cvazquezperezdelacru/clio-core/context-runtime/src/scheduler/default_sched.cc:726 ERROR 642323 LoadBalance [HANGWATCH-HB] processed=76367 outstanding=8 (queued=8 blocked=0 retry=0 periodic=14) live=2 live_stalled=0[0m
[31m/home/cvazquezperezdelacru/clio-core/context-runtime/src/scheduler/default_sched.cc:726 ERROR 642323 LoadBalance [HANGWATCH-HB] processed=77099 outstanding=13 (queued=13 blocked=0 retry=0 periodic=12) live=1 live_stalled=0[0m
[33m/home/cvazquezperezdelacru/clio-core/context-runtime/src/scheduler/default_sched.cc:430 WARNING 642323 LoadBalance [#781 PDF] observed exec-time bins (cumulative): <10us=12164758 <50us=268396 <500us=21141 <10ms=27561 <50ms=2442 <500ms=358 <1s=0 >=1s=0 | stalls_detected=23[0m
[33m/home/cvazquezperezdelacru/clio-core/context-runtime/src/scheduler/default_sched.cc:439 WARNING 642323 LoadBalance [#785] lane rescues performed: 23[0m
[31m/home/cvazquezperezdelacru/clio-core/context-runtime/src/scheduler/default_sched.cc:726 ERROR 642323 LoadBalance [HANGWATCH-HB] processed=78189 outstanding=13 (queued=13 blocked=0 retry=0 periodic=37) live=2 live_stalled=0[0m
[31m/home/cvazquezperezdelacru/clio-core/context-runtime/src/scheduler/default_sched.cc:726 ERROR 642323 LoadBalance [HANGWATCH-HB] processed=79304 outstanding=11 (queued=11 blocked=0 retry=0 periodic=23) live=3 live_stalled=0[0m
[33m/home/cvazquezperezdelacru/clio-core/context-runtime/src/scheduler/default_sched.cc:430 WARNING 642323 LoadBalance [#781 PDF] observed exec-time bins (cumulative): <10us=12234160 <50us=271776 <500us=21352 <10ms=28524 <50ms=2780 <500ms=369 <1s=0 >=1s=0 | stalls_detected=23[0m
[33m/home/cvazquezperezdelacru/clio-core/context-runtime/src/scheduler/default_sched.cc:439 WARNING 642323 LoadBalance [#785] lane rescues performed: 23[0m
[31m/home/cvazquezperezdelacru/clio-core/context-runtime/src/scheduler/default_sched.cc:726 ERROR 642323 LoadBalance [HANGWATCH-HB] processed=80420 outstanding=29 (queued=29 blocked=0 retry=0 periodic=24) live=4 live_stalled=0[0m
[31m/home/cvazquezperezdelacru/clio-core/context-runtime/src/scheduler/default_sched.cc:726 ERROR 642323 LoadBalance [HANGWATCH-HB] processed=81818 outstanding=21 (queued=21 blocked=0 retry=0 periodic=20) live=1 live_stalled=0[0m
[33m/home/cvazquezperezdelacru/clio-core/context-runtime/src/scheduler/default_sched.cc:430 WARNING 642323 LoadBalance [#781 PDF] observed exec-time bins (cumulative): <10us=12305268 <50us=273510 <500us=21645 <10ms=29450 <50ms=3108 <500ms=383 <1s=0 >=1s=0 | stalls_detected=23[0m
[33m/home/cvazquezperezdelacru/clio-core/context-runtime/src/scheduler/default_sched.cc:439 WARNING 642323 LoadBalance [#785] lane rescues performed: 23[0m
[31m/home/cvazquezperezdelacru/clio-core/context-runtime/src/scheduler/default_sched.cc:726 ERROR 642323 LoadBalance [HANGWATCH-HB] processed=83011 outstanding=29 (queued=29 blocked=0 retry=0 periodic=22) live=3 live_stalled=0[0m
[31m/home/cvazquezperezdelacru/clio-core/context-runtime/src/scheduler/default_sched.cc:726 ERROR 642323 LoadBalance [HANGWATCH-HB] processed=84052 outstanding=11 (queued=11 blocked=0 retry=0 periodic=29) live=4 live_stalled=0[0m
[33m/home/cvazquezperezdelacru/clio-core/context-runtime/src/scheduler/default_sched.cc:430 WARNING 642323 LoadBalance [#781 PDF] observed exec-time bins (cumulative): <10us=12370699 <50us=278218 <500us=21902 <10ms=30395 <50ms=3445 <500ms=396 <1s=0 >=1s=0 | stalls_detected=23[0m
[33m/home/cvazquezperezdelacru/clio-core/context-runtime/src/scheduler/default_sched.cc:439 WARNING 642323 LoadBalance [#785] lane rescues performed: 23[0m
[31m/home/cvazquezperezdelacru/clio-core/context-runtime/src/scheduler/default_sched.cc:726 ERROR 642323 LoadBalance [HANGWATCH-HB] processed=86444 outstanding=21 (queued=21 blocked=0 retry=0 periodic=24) live=5 live_stalled=0[0m
[31m/home/cvazquezperezdelacru/clio-core/context-runtime/src/scheduler/default_sched.cc:726 ERROR 642323 LoadBalance [HANGWATCH-HB] processed=87513 outstanding=31 (queued=31 blocked=0 retry=0 periodic=32) live=4 live_stalled=0[0m
[33m/home/cvazquezperezdelacru/clio-core/context-runtime/src/scheduler/default_sched.cc:430 WARNING 642323 LoadBalance [#781 PDF] observed exec-time bins (cumulative): <10us=12436470 <50us=283609 <500us=22137 <10ms=31287 <50ms=3815 <500ms=407 <1s=0 >=1s=0 | stalls_detected=23[0m
[33m/home/cvazquezperezdelacru/clio-core/context-runtime/src/scheduler/default_sched.cc:439 WARNING 642323 LoadBalance [#785] lane rescues performed: 23[0m
[31m/home/cvazquezperezdelacru/clio-core/context-runtime/src/scheduler/default_sched.cc:726 ERROR 642323 LoadBalance [HANGWATCH-HB] processed=88846 outstanding=9 (queued=9 blocked=0 retry=0 periodic=24) live=2 live_stalled=0[0m
[31m/home/cvazquezperezdelacru/clio-core/context-runtime/src/scheduler/default_sched.cc:726 ERROR 642323 LoadBalance [HANGWATCH-HB] processed=89895 outstanding=41 (queued=41 blocked=0 retry=0 periodic=14) live=5 live_stalled=0[0m
[33m/home/cvazquezperezdelacru/clio-core/context-runtime/src/scheduler/default_sched.cc:430 WARNING 642323 LoadBalance [#781 PDF] observed exec-time bins (cumulative): <10us=12504359 <50us=287182 <500us=22374 <10ms=32137 <50ms=4169 <500ms=422 <1s=0 >=1s=0 | stalls_detected=23[0m
[33m/home/cvazquezperezdelacru/clio-core/context-runtime/src/scheduler/default_sched.cc:439 WARNING 642323 LoadBalance [#785] lane rescues performed: 23[0m
[31m/home/cvazquezperezdelacru/clio-core/context-runtime/src/scheduler/default_sched.cc:726 ERROR 642323 LoadBalance [HANGWATCH-HB] processed=91394 outstanding=32 (queued=32 blocked=0 retry=0 periodic=29) live=4 live_stalled=0[0m
[97m/mnt/common/cvazquezperezdelacru/IOWARP/faiss/contrib/iowarp/chimod/src/faiss_ivf_runtime.cc:329 INFO 642317 Search faiss_ivf: Search nq=500 k=10 nprobe=256 unique_lists=16289[0m
[31m/home/cvazquezperezdelacru/clio-core/context-runtime/src/scheduler/default_sched.cc:726 ERROR 642323 LoadBalance [HANGWATCH-HB] processed=92250 outstanding=1 (queued=1 blocked=0 retry=0 periodic=6) live=1 live_stalled=1[0m
[33m/home/cvazquezperezdelacru/clio-core/context-runtime/src/scheduler/default_sched.cc:455 WARNING 642323 operator() [#781] worker 2 STALLED on one task (load_us=-nan realtime_load_us=-nan threshold_s=1)[0m
[33m/home/cvazquezperezdelacru/clio-core/context-runtime/src/worker.cc:370 WARNING 642323 AdoptLane [#785] worker 2 adopted lane 0x7f8789a43368[0m
[33m/home/cvazquezperezdelacru/clio-core/context-runtime/src/work_orchestrator.cc:545 WARNING 642323 SpawnAdditionalWorker [#785] spawned elastic worker 9 (pool now 10 workers)[0m
[33m/home/cvazquezperezdelacru/clio-core/context-runtime/src/scheduler/default_sched.cc:598 WARNING 642323 operator() [#785] RESCUE: stalled worker 2 -> worker 9 (2 parked task(s) moved, 1 queued task(s) redistributed, rescues=24)[0m
[33m/home/cvazquezperezdelacru/clio-core/context-runtime/src/scheduler/default_sched.cc:430 WARNING 642323 LoadBalance [#781 PDF] observed exec-time bins (cumulative): <10us=12576367 <50us=289165 <500us=22520 <10ms=32727 <50ms=4411 <500ms=427 <1s=0 >=1s=1 | stalls_detected=24[0m
[33m/home/cvazquezperezdelacru/clio-core/context-runtime/src/scheduler/default_sched.cc:439 WARNING 642323 LoadBalance [#785] lane rescues performed: 24[0m
[33m/home/cvazquezperezdelacru/clio-core/context-runtime/src/scheduler/default_sched.cc:455 WARNING 642323 operator() [#781] worker 2 STALLED on one task (load_us=-nan realtime_load_us=-nan threshold_s=1)[0m
[33m/home/cvazquezperezdelacru/clio-core/context-runtime/src/worker.cc:370 WARNING 642323 AdoptLane [#785] worker 2 adopted lane 0x7f8789a43368[0m
[33m/home/cvazquezperezdelacru/clio-core/context-runtime/src/scheduler/default_sched.cc:598 WARNING 642323 operator() [#785] RESCUE: stalled worker 2 -> worker 8 (0 parked task(s) moved, 0 queued task(s) redistributed, rescues=25)[0m
[33m/home/cvazquezperezdelacru/clio-core/context-runtime/src/scheduler/default_sched.cc:455 WARNING 642323 operator() [#781] worker 2 STALLED on one task (load_us=-nan realtime_load_us=-nan threshold_s=1)[0m
[33m/home/cvazquezperezdelacru/clio-core/context-runtime/src/worker.cc:370 WARNING 642323 AdoptLane [#785] worker 2 adopted lane 0x7f8789a43368[0m
[33m/home/cvazquezperezdelacru/clio-core/context-runtime/src/scheduler/default_sched.cc:598 WARNING 642323 operator() [#785] RESCUE: stalled worker 2 -> worker 8 (0 parked task(s) moved, 0 queued task(s) redistributed, rescues=26)[0m
[33m/home/cvazquezperezdelacru/clio-core/context-runtime/src/scheduler/default_sched.cc:455 WARNING 642323 operator() [#781] worker 2 STALLED on one task (load_us=-nan realtime_load_us=-nan threshold_s=1)[0m
[33m/home/cvazquezperezdelacru/clio-core/context-runtime/src/worker.cc:370 WARNING 642323 AdoptLane [#785] worker 2 adopted lane 0x7f8789a43368[0m
[33m/home/cvazquezperezdelacru/clio-core/context-runtime/src/scheduler/default_sched.cc:598 WARNING 642323 operator() [#785] RESCUE: stalled worker 2 -> worker 8 (0 parked task(s) moved, 0 queued task(s) redistributed, rescues=27)[0m
[33m/home/cvazquezperezdelacru/clio-core/context-runtime/src/scheduler/default_sched.cc:455 WARNING 642323 operator() [#781] worker 2 STALLED on one task (load_us=-nan realtime_load_us=-nan threshold_s=1)[0m
[33m/home/cvazquezperezdelacru/clio-core/context-runtime/src/worker.cc:370 WARNING 642323 AdoptLane [#785] worker 2 adopted lane 0x7f8789a43368[0m
[33m/home/cvazquezperezdelacru/clio-core/context-runtime/src/scheduler/default_sched.cc:598 WARNING 642323 operator() [#785] RESCUE: stalled worker 2 -> worker 8 (0 parked task(s) moved, 1 queued task(s) redistributed, rescues=28)[0m
[33m/home/cvazquezperezdelacru/clio-core/context-runtime/src/scheduler/default_sched.cc:455 WARNING 642323 operator() [#781] worker 2 STALLED on one task (load_us=-nan realtime_load_us=-nan threshold_s=1)[0m
[33m/home/cvazquezperezdelacru/clio-core/context-runtime/src/worker.cc:370 WARNING 642323 AdoptLane [#785] worker 2 adopted lane 0x7f8789a43368[0m
[33m/home/cvazquezperezdelacru/clio-core/context-runtime/src/scheduler/default_sched.cc:598 WARNING 642323 operator() [#785] RESCUE: stalled worker 2 -> worker 8 (0 parked task(s) moved, 0 queued task(s) redistributed, rescues=29)[0m
[33m/home/cvazquezperezdelacru/clio-core/context-runtime/src/scheduler/default_sched.cc:455 WARNING 642323 operator() [#781] worker 2 STALLED on one task (load_us=-nan realtime_load_us=-nan threshold_s=1)[0m
[33m/home/cvazquezperezdelacru/clio-core/context-runtime/src/worker.cc:370 WARNING 642323 AdoptLane [#785] worker 2 adopted lane 0x7f8789a43368[0m
[33m/home/cvazquezperezdelacru/clio-core/context-runtime/src/scheduler/default_sched.cc:598 WARNING 642323 operator() [#785] RESCUE: stalled worker 2 -> worker 8 (0 parked task(s) moved, 0 queued task(s) redistributed, rescues=30)[0m
[33m/home/cvazquezperezdelacru/clio-core/context-runtime/src/scheduler/default_sched.cc:455 WARNING 642323 operator() [#781] worker 2 STALLED on one task (load_us=-nan realtime_load_us=-nan threshold_s=1)[0m
[33m/home/cvazquezperezdelacru/clio-core/context-runtime/src/worker.cc:370 WARNING 642323 AdoptLane [#785] worker 2 adopted lane 0x7f8789a43368[0m
[33m/home/cvazquezperezdelacru/clio-core/context-runtime/src/scheduler/default_sched.cc:598 WARNING 642323 operator() [#785] RESCUE: stalled worker 2 -> worker 8 (0 parked task(s) moved, 0 queued task(s) redistributed, rescues=31)[0m
[33m/home/cvazquezperezdelacru/clio-core/context-runtime/src/scheduler/default_sched.cc:455 WARNING 642323 operator() [#781] worker 2 STALLED on one task (load_us=-nan realtime_load_us=-nan threshold_s=1)[0m
[33m/home/cvazquezperezdelacru/clio-core/context-runtime/src/worker.cc:370 WARNING 642323 AdoptLane [#785] worker 2 adopted lane 0x7f8789a43368[0m
[33m/home/cvazquezperezdelacru/clio-core/context-runtime/src/scheduler/default_sched.cc:598 WARNING 642323 operator() [#785] RESCUE: stalled worker 2 -> worker 8 (0 parked task(s) moved, 0 queued task(s) redistributed, rescues=32)[0m
[33m/home/cvazquezperezdelacru/clio-core/context-runtime/src/scheduler/default_sched.cc:455 WARNING 642323 operator() [#781] worker 2 STALLED on one task (load_us=-nan realtime_load_us=-nan threshold_s=1)[0m
[33m/home/cvazquezperezdelacru/clio-core/context-runtime/src/worker.cc:370 WARNING 642323 AdoptLane [#785] worker 2 adopted lane 0x7f8789a43368[0m
[33m/home/cvazquezperezdelacru/clio-core/context-runtime/src/scheduler/default_sched.cc:598 WARNING 642323 operator() [#785] RESCUE: stalled worker 2 -> worker 8 (0 parked task(s) moved, 0 queued task(s) redistributed, rescues=33)[0m
[33m/home/cvazquezperezdelacru/clio-core/context-runtime/src/scheduler/default_sched.cc:455 WARNING 642323 operator() [#781] worker 2 STALLED on one task (load_us=-nan realtime_load_us=-nan threshold_s=1)[0m
[33m/home/cvazquezperezdelacru/clio-core/context-runtime/src/worker.cc:370 WARNING 642323 AdoptLane [#785] worker 2 adopted lane 0x7f8789a43368[0m
[33m/home/cvazquezperezdelacru/clio-core/context-runtime/src/scheduler/default_sched.cc:598 WARNING 642323 operator() [#785] RESCUE: stalled worker 2 -> worker 8 (0 parked task(s) moved, 0 queued task(s) redistributed, rescues=34)[0m
[33m/home/cvazquezperezdelacru/clio-core/context-runtime/src/scheduler/default_sched.cc:430 WARNING 642323 LoadBalance [#781 PDF] observed exec-time bins (cumulative): <10us=12645043 <50us=292893 <500us=22524 <10ms=32729 <50ms=4411 <500ms=427 <1s=0 >=1s=1 | stalls_detected=34[0m
[33m/home/cvazquezperezdelacru/clio-core/context-runtime/src/scheduler/default_sched.cc:439 WARNING 642323 LoadBalance [#785] lane rescues performed: 34[0m
[33m/home/cvazquezperezdelacru/clio-core/context-runtime/src/scheduler/default_sched.cc:455 WARNING 642323 operator() [#781] worker 2 STALLED on one task (load_us=-nan realtime_load_us=-nan threshold_s=1)[0m
[33m/home/cvazquezperezdelacru/clio-core/context-runtime/src/worker.cc:370 WARNING 642323 AdoptLane [#785] worker 2 adopted lane 0x7f8789a43368[0m
[33m/home/cvazquezperezdelacru/clio-core/context-runtime/src/scheduler/default_sched.cc:598 WARNING 642323 operator() [#785] RESCUE: stalled worker 2 -> worker 8 (0 parked task(s) moved, 1 queued task(s) redistributed, rescues=35)[0m
[33m/home/cvazquezperezdelacru/clio-core/context-runtime/src/scheduler/default_sched.cc:455 WARNING 642323 operator() [#781] worker 2 STALLED on one task (load_us=-nan realtime_load_us=-nan threshold_s=1)[0m
[33m/home/cvazquezperezdelacru/clio-core/context-runtime/src/worker.cc:370 WARNING 642323 AdoptLane [#785] worker 2 adopted lane 0x7f8789a43368[0m
[33m/home/cvazquezperezdelacru/clio-core/context-runtime/src/scheduler/default_sched.cc:598 WARNING 642323 operator() [#785] RESCUE: stalled worker 2 -> worker 8 (0 parked task(s) moved, 0 queued task(s) redistributed, rescues=36)[0m
[33m/home/cvazquezperezdelacru/clio-core/context-runtime/src/scheduler/default_sched.cc:455 WARNING 642323 operator() [#781] worker 2 STALLED on one task (load_us=-nan realtime_load_us=-nan threshold_s=1)[0m
[33m/home/cvazquezperezdelacru/clio-core/context-runtime/src/worker.cc:370 WARNING 642323 AdoptLane [#785] worker 2 adopted lane 0x7f8789a43368[0m
[33m/home/cvazquezperezdelacru/clio-core/context-runtime/src/scheduler/default_sched.cc:598 WARNING 642323 operator() [#785] RESCUE: stalled worker 2 -> worker 8 (0 parked task(s) moved, 1 queued task(s) redistributed, rescues=37)[0m
[33m/home/cvazquezperezdelacru/clio-core/context-runtime/src/scheduler/default_sched.cc:455 WARNING 642323 operator() [#781] worker 2 STALLED on one task (load_us=-nan realtime_load_us=-nan threshold_s=1)[0m
[33m/home/cvazquezperezdelacru/clio-core/context-runtime/src/worker.cc:370 WARNING 642323 AdoptLane [#785] worker 2 adopted lane 0x7f8789a43368[0m
[33m/home/cvazquezperezdelacru/clio-core/context-runtime/src/scheduler/default_sched.cc:598 WARNING 642323 operator() [#785] RESCUE: stalled worker 2 -> worker 8 (0 parked task(s) moved, 0 queued task(s) redistributed, rescues=38)[0m
[33m/home/cvazquezperezdelacru/clio-core/context-runtime/src/scheduler/default_sched.cc:455 WARNING 642323 operator() [#781] worker 2 STALLED on one task (load_us=-nan realtime_load_us=-nan threshold_s=1)[0m
[33m/home/cvazquezperezdelacru/clio-core/context-runtime/src/worker.cc:370 WARNING 642323 AdoptLane [#785] worker 2 adopted lane 0x7f8789a43368[0m
[33m/home/cvazquezperezdelacru/clio-core/context-runtime/src/scheduler/default_sched.cc:598 WARNING 642323 operator() [#785] RESCUE: stalled worker 2 -> worker 8 (0 parked task(s) moved, 0 queued task(s) redistributed, rescues=39)[0m
[33m/home/cvazquezperezdelacru/clio-core/context-runtime/src/scheduler/default_sched.cc:455 WARNING 642323 operator() [#781] worker 2 STALLED on one task (load_us=-nan realtime_load_us=-nan threshold_s=1)[0m
[33m/home/cvazquezperezdelacru/clio-core/context-runtime/src/worker.cc:370 WARNING 642323 AdoptLane [#785] worker 2 adopted lane 0x7f8789a43368[0m
[33m/home/cvazquezperezdelacru/clio-core/context-runtime/src/scheduler/default_sched.cc:598 WARNING 642323 operator() [#785] RESCUE: stalled worker 2 -> worker 8 (0 parked task(s) moved, 0 queued task(s) redistributed, rescues=40)[0m
[33m/home/cvazquezperezdelacru/clio-core/context-runtime/src/scheduler/default_sched.cc:455 WARNING 642323 operator() [#781] worker 2 STALLED on one task (load_us=-nan realtime_load_us=-nan threshold_s=1)[0m
[33m/home/cvazquezperezdelacru/clio-core/context-runtime/src/worker.cc:370 WARNING 642323 AdoptLane [#785] worker 2 adopted lane 0x7f8789a43368[0m
[33m/home/cvazquezperezdelacru/clio-core/context-runtime/src/scheduler/default_sched.cc:598 WARNING 642323 operator() [#785] RESCUE: stalled worker 2 -> worker 8 (0 parked task(s) moved, 0 queued task(s) redistributed, rescues=41)[0m
[33m/home/cvazquezperezdelacru/clio-core/context-runtime/src/scheduler/default_sched.cc:455 WARNING 642323 operator() [#781] worker 2 STALLED on one task (load_us=-nan realtime_load_us=-nan threshold_s=1)[0m
[33m/home/cvazquezperezdelacru/clio-core/context-runtime/src/worker.cc:370 WARNING 642323 AdoptLane [#785] worker 2 adopted lane 0x7f8789a43368[0m
[33m/home/cvazquezperezdelacru/clio-core/context-runtime/src/scheduler/default_sched.cc:598 WARNING 642323 operator() [#785] RESCUE: stalled worker 2 -> worker 8 (0 parked task(s) moved, 0 queued task(s) redistributed, rescues=42)[0m
[33m/home/cvazquezperezdelacru/clio-core/context-runtime/src/scheduler/default_sched.cc:455 WARNING 642323 operator() [#781] worker 2 STALLED on one task (load_us=-nan realtime_load_us=-nan threshold_s=1)[0m
[33m/home/cvazquezperezdelacru/clio-core/context-runtime/src/worker.cc:370 WARNING 642323 AdoptLane [#785] worker 2 adopted lane 0x7f8789a43368[0m
[33m/home/cvazquezperezdelacru/clio-core/context-runtime/src/scheduler/default_sched.cc:598 WARNING 642323 operator() [#785] RESCUE: stalled worker 2 -> worker 8 (0 parked task(s) moved, 0 queued task(s) redistributed, rescues=43)[0m
[33m/home/cvazquezperezdelacru/clio-core/context-runtime/src/scheduler/default_sched.cc:430 WARNING 642323 LoadBalance [#781 PDF] observed exec-time bins (cumulative): <10us=12709079 <50us=296834 <500us=22581 <10ms=32846 <50ms=4462 <500ms=430 <1s=0 >=1s=1 | stalls_detected=43[0m
[33m/home/cvazquezperezdelacru/clio-core/context-runtime/src/scheduler/default_sched.cc:439 WARNING 642323 LoadBalance [#785] lane rescues performed: 43[0m
[31m/home/cvazquezperezdelacru/clio-core/context-runtime/src/scheduler/default_sched.cc:726 ERROR 642323 LoadBalance [HANGWATCH-HB] processed=92587 outstanding=23 (queued=23 blocked=0 retry=0 periodic=23) live=4 live_stalled=0[0m
[31m/home/cvazquezperezdelacru/clio-core/context-runtime/src/scheduler/default_sched.cc:726 ERROR 642323 LoadBalance [HANGWATCH-HB] processed=93693 outstanding=6 (queued=6 blocked=0 retry=0 periodic=25) live=2 live_stalled=0[0m
[31m/home/cvazquezperezdelacru/clio-core/context-runtime/src/scheduler/default_sched.cc:726 ERROR 642323 LoadBalance [HANGWATCH-HB] processed=95002 outstanding=20 (queued=20 blocked=0 retry=0 periodic=30) live=3 live_stalled=0[0m
[33m/home/cvazquezperezdelacru/clio-core/context-runtime/src/scheduler/default_sched.cc:430 WARNING 642323 LoadBalance [#781 PDF] observed exec-time bins (cumulative): <10us=12779632 <50us=299545 <500us=22831 <10ms=33818 <50ms=4761 <500ms=443 <1s=0 >=1s=1 | stalls_detected=43[0m
[33m/home/cvazquezperezdelacru/clio-core/context-runtime/src/scheduler/default_sched.cc:439 WARNING 642323 LoadBalance [#785] lane rescues performed: 43[0m
[31m/home/cvazquezperezdelacru/clio-core/context-runtime/src/scheduler/default_sched.cc:726 ERROR 642323 LoadBalance [HANGWATCH-HB] processed=96026 outstanding=27 (queued=27 blocked=0 retry=0 periodic=12) live=5 live_stalled=0[0m
[31m/home/cvazquezperezdelacru/clio-core/context-runtime/src/scheduler/default_sched.cc:726 ERROR 642323 LoadBalance [HANGWATCH-HB] processed=96990 outstanding=35 (queued=35 blocked=0 retry=0 periodic=27) live=3 live_stalled=0[0m
[33m/home/cvazquezperezdelacru/clio-core/context-runtime/src/scheduler/default_sched.cc:430 WARNING 642323 LoadBalance [#781 PDF] observed exec-time bins (cumulative): <10us=12849144 <50us=301855 <500us=22988 <10ms=34670 <50ms=5102 <500ms=455 <1s=0 >=1s=1 | stalls_detected=43[0m
[33m/home/cvazquezperezdelacru/clio-core/context-runtime/src/scheduler/default_sched.cc:439 WARNING 642323 LoadBalance [#785] lane rescues performed: 43[0m
[31m/home/cvazquezperezdelacru/clio-core/context-runtime/src/scheduler/default_sched.cc:726 ERROR 642323 LoadBalance [HANGWATCH-HB] processed=97989 outstanding=36 (queued=36 blocked=0 retry=0 periodic=31) live=4 live_stalled=0[0m
[31m/home/cvazquezperezdelacru/clio-core/context-runtime/src/scheduler/default_sched.cc:726 ERROR 642323 LoadBalance [HANGWATCH-HB] processed=99233 outstanding=9 (queued=9 blocked=0 retry=0 periodic=18) live=1 live_stalled=0[0m
[33m/home/cvazquezperezdelacru/clio-core/context-runtime/src/scheduler/default_sched.cc:430 WARNING 642323 LoadBalance [#781 PDF] observed exec-time bins (cumulative): <10us=12912826 <50us=306096 <500us=23124 <10ms=35537 <50ms=5451 <500ms=465 <1s=0 >=1s=1 | stalls_detected=43[0m
[33m/home/cvazquezperezdelacru/clio-core/context-runtime/src/scheduler/default_sched.cc:439 WARNING 642323 LoadBalance [#785] lane rescues performed: 43[0m
[31m/home/cvazquezperezdelacru/clio-core/context-runtime/src/scheduler/default_sched.cc:726 ERROR 642323 LoadBalance [HANGWATCH-HB] processed=100693 outstanding=18 (queued=18 blocked=0 retry=0 periodic=16) live=5 live_stalled=0[0m
[31m/home/cvazquezperezdelacru/clio-core/context-runtime/src/scheduler/default_sched.cc:726 ERROR 642323 LoadBalance [HANGWATCH-HB] processed=101766 outstanding=24 (queued=24 blocked=0 retry=0 periodic=24) live=1 live_stalled=0[0m
[33m/home/cvazquezperezdelacru/clio-core/context-runtime/src/scheduler/default_sched.cc:430 WARNING 642323 LoadBalance [#781 PDF] observed exec-time bins (cumulative): <10us=12974517 <50us=311500 <500us=23309 <10ms=36439 <50ms=5782 <500ms=476 <1s=0 >=1s=1 | stalls_detected=43[0m
[33m/home/cvazquezperezdelacru/clio-core/context-runtime/src/scheduler/default_sched.cc:439 WARNING 642323 LoadBalance [#785] lane rescues performed: 43[0m
[31m/home/cvazquezperezdelacru/clio-core/context-runtime/src/scheduler/default_sched.cc:726 ERROR 642323 LoadBalance [HANGWATCH-HB] processed=102797 outstanding=47 (queued=47 blocked=0 retry=0 periodic=19) live=3 live_stalled=0[0m
[31m/home/cvazquezperezdelacru/clio-core/context-runtime/src/scheduler/default_sched.cc:726 ERROR 642323 LoadBalance [HANGWATCH-HB] processed=103936 outstanding=18 (queued=18 blocked=0 retry=0 periodic=14) live=2 live_stalled=0[0m
[33m/home/cvazquezperezdelacru/clio-core/context-runtime/src/scheduler/default_sched.cc:430 WARNING 642323 LoadBalance [#781 PDF] observed exec-time bins (cumulative): <10us=13041116 <50us=316306 <500us=23477 <10ms=37430 <50ms=6124 <500ms=485 <1s=0 >=1s=1 | stalls_detected=43[0m
[33m/home/cvazquezperezdelacru/clio-core/context-runtime/src/scheduler/default_sched.cc:439 WARNING 642323 LoadBalance [#785] lane rescues performed: 43[0m
[31m/home/cvazquezperezdelacru/clio-core/context-runtime/src/scheduler/default_sched.cc:726 ERROR 642323 LoadBalance [HANGWATCH-HB] processed=105818 outstanding=4 (queued=4 blocked=0 retry=0 periodic=22) live=3 live_stalled=0[0m
[31m/home/cvazquezperezdelacru/clio-core/context-runtime/src/scheduler/default_sched.cc:726 ERROR 642323 LoadBalance [HANGWATCH-HB] processed=106781 outstanding=12 (queued=12 blocked=0 retry=0 periodic=24) live=2 live_stalled=0[0m
[33m/home/cvazquezperezdelacru/clio-core/context-runtime/src/scheduler/default_sched.cc:430 WARNING 642323 LoadBalance [#781 PDF] observed exec-time bins (cumulative): <10us=13109863 <50us=318798 <500us=23741 <10ms=38312 <50ms=6431 <500ms=497 <1s=0 >=1s=1 | stalls_detected=43[0m
[33m/home/cvazquezperezdelacru/clio-core/context-runtime/src/scheduler/default_sched.cc:439 WARNING 642323 LoadBalance [#785] lane rescues performed: 43[0m
[31m/home/cvazquezperezdelacru/clio-core/context-runtime/src/scheduler/default_sched.cc:726 ERROR 642323 LoadBalance [HANGWATCH-HB] processed=108010 outstanding=21 (queued=21 blocked=0 retry=0 periodic=45) live=4 live_stalled=0[0m
[31m/home/cvazquezperezdelacru/clio-core/context-runtime/src/scheduler/default_sched.cc:726 ERROR 642323 LoadBalance [HANGWATCH-HB] processed=109783 outstanding=33 (queued=33 blocked=0 retry=0 periodic=28) live=3 live_stalled=0[0m
[33m/home/cvazquezperezdelacru/clio-core/context-runtime/src/scheduler/default_sched.cc:430 WARNING 642323 LoadBalance [#781 PDF] observed exec-time bins (cumulative): <10us=13179903 <50us=322529 <500us=23924 <10ms=39169 <50ms=6779 <500ms=518 <1s=0 >=1s=1 | stalls_detected=43[0m
[33m/home/cvazquezperezdelacru/clio-core/context-runtime/src/scheduler/default_sched.cc:439 WARNING 642323 LoadBalance [#785] lane rescues performed: 43[0m
[31m/home/cvazquezperezdelacru/clio-core/context-runtime/src/scheduler/default_sched.cc:726 ERROR 642323 LoadBalance [HANGWATCH-HB] processed=111152 outstanding=27 (queued=27 blocked=0 retry=0 periodic=39) live=3 live_stalled=0[0m
[31m/home/cvazquezperezdelacru/clio-core/context-runtime/src/scheduler/default_sched.cc:726 ERROR 642323 LoadBalance [HANGWATCH-HB] processed=112626 outstanding=31 (queued=31 blocked=0 retry=0 periodic=26) live=3 live_stalled=0[0m
[33m/home/cvazquezperezdelacru/clio-core/context-runtime/src/scheduler/default_sched.cc:430 WARNING 642323 LoadBalance [#781 PDF] observed exec-time bins (cumulative): <10us=13248365 <50us=326491 <500us=24061 <10ms=39952 <50ms=7105 <500ms=538 <1s=0 >=1s=1 | stalls_detected=43[0m
[33m/home/cvazquezperezdelacru/clio-core/context-runtime/src/scheduler/default_sched.cc:439 WARNING 642323 LoadBalance [#785] lane rescues performed: 43[0m
[97m/mnt/common/cvazquezperezdelacru/IOWARP/faiss/contrib/iowarp/chimod/src/faiss_ivf_runtime.cc:329 INFO 642316 Search faiss_ivf: Search nq=500 k=10 nprobe=256 unique_lists=16289[0m
[33m/home/cvazquezperezdelacru/clio-core/context-runtime/src/scheduler/default_sched.cc:455 WARNING 642323 operator() [#781] worker 1 STALLED on one task (load_us=-nan realtime_load_us=-nan threshold_s=1)[0m
[33m/home/cvazquezperezdelacru/clio-core/context-runtime/src/worker.cc:370 WARNING 642323 AdoptLane [#785] worker 1 adopted lane 0x7f8789a432a8[0m
[33m/home/cvazquezperezdelacru/clio-core/context-runtime/src/scheduler/default_sched.cc:598 WARNING 642323 operator() [#785] RESCUE: stalled worker 1 -> worker 8 (1 parked task(s) moved, 0 queued task(s) redistributed, rescues=44)[0m
[33m/home/cvazquezperezdelacru/clio-core/context-runtime/src/scheduler/default_sched.cc:455 WARNING 642323 operator() [#781] worker 1 STALLED on one task (load_us=-nan realtime_load_us=-nan threshold_s=1)[0m
[33m/home/cvazquezperezdelacru/clio-core/context-runtime/src/worker.cc:370 WARNING 642323 AdoptLane [#785] worker 1 adopted lane 0x7f8789a432a8[0m
[33m/home/cvazquezperezdelacru/clio-core/context-runtime/src/scheduler/default_sched.cc:598 WARNING 642323 operator() [#785] RESCUE: stalled worker 1 -> worker 8 (0 parked task(s) moved, 0 queued task(s) redistributed, rescues=45)[0m
[33m/home/cvazquezperezdelacru/clio-core/context-runtime/src/scheduler/default_sched.cc:455 WARNING 642323 operator() [#781] worker 1 STALLED on one task (load_us=-nan realtime_load_us=-nan threshold_s=1)[0m
[33m/home/cvazquezperezdelacru/clio-core/context-runtime/src/worker.cc:370 WARNING 642323 AdoptLane [#785] worker 1 adopted lane 0x7f8789a432a8[0m
[33m/home/cvazquezperezdelacru/clio-core/context-runtime/src/scheduler/default_sched.cc:598 WARNING 642323 operator() [#785] RESCUE: stalled worker 1 -> worker 8 (0 parked task(s) moved, 0 queued task(s) redistributed, rescues=46)[0m
[33m/home/cvazquezperezdelacru/clio-core/context-runtime/src/scheduler/default_sched.cc:455 WARNING 642323 operator() [#781] worker 1 STALLED on one task (load_us=-nan realtime_load_us=-nan threshold_s=1)[0m
[33m/home/cvazquezperezdelacru/clio-core/context-runtime/src/worker.cc:370 WARNING 642323 AdoptLane [#785] worker 1 adopted lane 0x7f8789a432a8[0m
[33m/home/cvazquezperezdelacru/clio-core/context-runtime/src/scheduler/default_sched.cc:598 WARNING 642323 operator() [#785] RESCUE: stalled worker 1 -> worker 8 (0 parked task(s) moved, 0 queued task(s) redistributed, rescues=47)[0m
[33m/home/cvazquezperezdelacru/clio-core/context-runtime/src/scheduler/default_sched.cc:455 WARNING 642323 operator() [#781] worker 1 STALLED on one task (load_us=-nan realtime_load_us=-nan threshold_s=1)[0m
[33m/home/cvazquezperezdelacru/clio-core/context-runtime/src/worker.cc:370 WARNING 642323 AdoptLane [#785] worker 1 adopted lane 0x7f8789a432a8[0m
[33m/home/cvazquezperezdelacru/clio-core/context-runtime/src/scheduler/default_sched.cc:598 WARNING 642323 operator() [#785] RESCUE: stalled worker 1 -> worker 8 (0 parked task(s) moved, 0 queued task(s) redistributed, rescues=48)[0m
[33m/home/cvazquezperezdelacru/clio-core/context-runtime/src/scheduler/default_sched.cc:430 WARNING 642323 LoadBalance [#781 PDF] observed exec-time bins (cumulative): <10us=13318564 <50us=327689 <500us=24108 <10ms=40182 <50ms=7189 <500ms=540 <1s=0 >=1s=2 | stalls_detected=48[0m
[33m/home/cvazquezperezdelacru/clio-core/context-runtime/src/scheduler/default_sched.cc:439 WARNING 642323 LoadBalance [#785] lane rescues performed: 48[0m
[33m/home/cvazquezperezdelacru/clio-core/context-runtime/src/scheduler/default_sched.cc:455 WARNING 642323 operator() [#781] worker 1 STALLED on one task (load_us=-nan realtime_load_us=-nan threshold_s=1)[0m
[33m/home/cvazquezperezdelacru/clio-core/context-runtime/src/worker.cc:370 WARNING 642323 AdoptLane [#785] worker 1 adopted lane 0x7f8789a432a8[0m
[33m/home/cvazquezperezdelacru/clio-core/context-runtime/src/scheduler/default_sched.cc:598 WARNING 642323 operator() [#785] RESCUE: stalled worker 1 -> worker 8 (0 parked task(s) moved, 0 queued task(s) redistributed, rescues=49)[0m
[33m/home/cvazquezperezdelacru/clio-core/context-runtime/src/scheduler/default_sched.cc:455 WARNING 642323 operator() [#781] worker 1 STALLED on one task (load_us=-nan realtime_load_us=-nan threshold_s=1)[0m
[33m/home/cvazquezperezdelacru/clio-core/context-runtime/src/worker.cc:370 WARNING 642323 AdoptLane [#785] worker 1 adopted lane 0x7f8789a432a8[0m
[33m/home/cvazquezperezdelacru/clio-core/context-runtime/src/scheduler/default_sched.cc:598 WARNING 642323 operator() [#785] RESCUE: stalled worker 1 -> worker 8 (0 parked task(s) moved, 1 queued task(s) redistributed, rescues=50)[0m
[33m/home/cvazquezperezdelacru/clio-core/context-runtime/src/scheduler/default_sched.cc:455 WARNING 642323 operator() [#781] worker 1 STALLED on one task (load_us=-nan realtime_load_us=-nan threshold_s=1)[0m
[33m/home/cvazquezperezdelacru/clio-core/context-runtime/src/worker.cc:370 WARNING 642323 AdoptLane [#785] worker 1 adopted lane 0x7f8789a432a8[0m
[33m/home/cvazquezperezdelacru/clio-core/context-runtime/src/scheduler/default_sched.cc:598 WARNING 642323 operator() [#785] RESCUE: stalled worker 1 -> worker 8 (0 parked task(s) moved, 0 queued task(s) redistributed, rescues=51)[0m
[33m/home/cvazquezperezdelacru/clio-core/context-runtime/src/scheduler/default_sched.cc:455 WARNING 642323 operator() [#781] worker 1 STALLED on one task (load_us=-nan realtime_load_us=-nan threshold_s=1)[0m
[33m/home/cvazquezperezdelacru/clio-core/context-runtime/src/worker.cc:370 WARNING 642323 AdoptLane [#785] worker 1 adopted lane 0x7f8789a432a8[0m
[33m/home/cvazquezperezdelacru/clio-core/context-runtime/src/scheduler/default_sched.cc:598 WARNING 642323 operator() [#785] RESCUE: stalled worker 1 -> worker 8 (0 parked task(s) moved, 0 queued task(s) redistributed, rescues=52)[0m
[33m/home/cvazquezperezdelacru/clio-core/context-runtime/src/scheduler/default_sched.cc:455 WARNING 642323 operator() [#781] worker 1 STALLED on one task (load_us=-nan realtime_load_us=-nan threshold_s=1)[0m
[33m/home/cvazquezperezdelacru/clio-core/context-runtime/src/worker.cc:370 WARNING 642323 AdoptLane [#785] worker 1 adopted lane 0x7f8789a432a8[0m
[33m/home/cvazquezperezdelacru/clio-core/context-runtime/src/scheduler/default_sched.cc:598 WARNING 642323 operator() [#785] RESCUE: stalled worker 1 -> worker 8 (0 parked task(s) moved, 0 queued task(s) redistributed, rescues=53)[0m
[33m/home/cvazquezperezdelacru/clio-core/context-runtime/src/scheduler/default_sched.cc:455 WARNING 642323 operator() [#781] worker 1 STALLED on one task (load_us=-nan realtime_load_us=-nan threshold_s=1)[0m
[33m/home/cvazquezperezdelacru/clio-core/context-runtime/src/worker.cc:370 WARNING 642323 AdoptLane [#785] worker 1 adopted lane 0x7f8789a432a8[0m
[33m/home/cvazquezperezdelacru/clio-core/context-runtime/src/scheduler/default_sched.cc:598 WARNING 642323 operator() [#785] RESCUE: stalled worker 1 -> worker 8 (0 parked task(s) moved, 0 queued task(s) redistributed, rescues=54)[0m
[31m/home/cvazquezperezdelacru/clio-core/context-runtime/src/scheduler/default_sched.cc:726 ERROR 642323 LoadBalance [HANGWATCH-HB] processed=113519 outstanding=1 (queued=1 blocked=0 retry=0 periodic=6) live=1 live_stalled=1[0m
[33m/home/cvazquezperezdelacru/clio-core/context-runtime/src/scheduler/default_sched.cc:455 WARNING 642323 operator() [#781] worker 1 STALLED on one task (load_us=-nan realtime_load_us=-nan threshold_s=1)[0m
[33m/home/cvazquezperezdelacru/clio-core/context-runtime/src/worker.cc:370 WARNING 642323 AdoptLane [#785] worker 1 adopted lane 0x7f8789a432a8[0m
[33m/home/cvazquezperezdelacru/clio-core/context-runtime/src/scheduler/default_sched.cc:598 WARNING 642323 operator() [#785] RESCUE: stalled worker 1 -> worker 8 (0 parked task(s) moved, 1 queued task(s) redistributed, rescues=55)[0m
[33m/home/cvazquezperezdelacru/clio-core/context-runtime/src/scheduler/default_sched.cc:455 WARNING 642323 operator() [#781] worker 1 STALLED on one task (load_us=-nan realtime_load_us=-nan threshold_s=1)[0m
[33m/home/cvazquezperezdelacru/clio-core/context-runtime/src/worker.cc:370 WARNING 642323 AdoptLane [#785] worker 1 adopted lane 0x7f8789a432a8[0m
[33m/home/cvazquezperezdelacru/clio-core/context-runtime/src/scheduler/default_sched.cc:598 WARNING 642323 operator() [#785] RESCUE: stalled worker 1 -> worker 8 (0 parked task(s) moved, 0 queued task(s) redistributed, rescues=56)[0m
[33m/home/cvazquezperezdelacru/clio-core/context-runtime/src/scheduler/default_sched.cc:455 WARNING 642323 operator() [#781] worker 1 STALLED on one task (load_us=-nan realtime_load_us=-nan threshold_s=1)[0m
[33m/home/cvazquezperezdelacru/clio-core/context-runtime/src/worker.cc:370 WARNING 642323 AdoptLane [#785] worker 1 adopted lane 0x7f8789a432a8[0m
[33m/home/cvazquezperezdelacru/clio-core/context-runtime/src/scheduler/default_sched.cc:598 WARNING 642323 operator() [#785] RESCUE: stalled worker 1 -> worker 8 (0 parked task(s) moved, 0 queued task(s) redistributed, rescues=57)[0m
[33m/home/cvazquezperezdelacru/clio-core/context-runtime/src/scheduler/default_sched.cc:455 WARNING 642323 operator() [#781] worker 1 STALLED on one task (load_us=-nan realtime_load_us=-nan threshold_s=1)[0m
[33m/home/cvazquezperezdelacru/clio-core/context-runtime/src/worker.cc:370 WARNING 642323 AdoptLane [#785] worker 1 adopted lane 0x7f8789a432a8[0m
[33m/home/cvazquezperezdelacru/clio-core/context-runtime/src/scheduler/default_sched.cc:598 WARNING 642323 operator() [#785] RESCUE: stalled worker 1 -> worker 8 (0 parked task(s) moved, 0 queued task(s) redistributed, rescues=58)[0m
[33m/home/cvazquezperezdelacru/clio-core/context-runtime/src/scheduler/default_sched.cc:430 WARNING 642323 LoadBalance [#781 PDF] observed exec-time bins (cumulative): <10us=13384613 <50us=328559 <500us=24113 <10ms=40183 <50ms=7189 <500ms=540 <1s=0 >=1s=2 | stalls_detected=58[0m
[33m/home/cvazquezperezdelacru/clio-core/context-runtime/src/scheduler/default_sched.cc:439 WARNING 642323 LoadBalance [#785] lane rescues performed: 58[0m
[33m/home/cvazquezperezdelacru/clio-core/context-runtime/src/scheduler/default_sched.cc:455 WARNING 642323 operator() [#781] worker 1 STALLED on one task (load_us=-nan realtime_load_us=-nan threshold_s=1)[0m
[33m/home/cvazquezperezdelacru/clio-core/context-runtime/src/worker.cc:370 WARNING 642323 AdoptLane [#785] worker 1 adopted lane 0x7f8789a432a8[0m
[33m/home/cvazquezperezdelacru/clio-core/context-runtime/src/scheduler/default_sched.cc:598 WARNING 642323 operator() [#785] RESCUE: stalled worker 1 -> worker 8 (0 parked task(s) moved, 0 queued task(s) redistributed, rescues=59)[0m
[33m/home/cvazquezperezdelacru/clio-core/context-runtime/src/scheduler/default_sched.cc:455 WARNING 642323 operator() [#781] worker 1 STALLED on one task (load_us=-nan realtime_load_us=-nan threshold_s=1)[0m
[33m/home/cvazquezperezdelacru/clio-core/context-runtime/src/worker.cc:370 WARNING 642323 AdoptLane [#785] worker 1 adopted lane 0x7f8789a432a8[0m
[33m/home/cvazquezperezdelacru/clio-core/context-runtime/src/scheduler/default_sched.cc:598 WARNING 642323 operator() [#785] RESCUE: stalled worker 1 -> worker 8 (0 parked task(s) moved, 0 queued task(s) redistributed, rescues=60)[0m
[33m/home/cvazquezperezdelacru/clio-core/context-runtime/src/scheduler/default_sched.cc:455 WARNING 642323 operator() [#781] worker 1 STALLED on one task (load_us=-nan realtime_load_us=-nan threshold_s=1)[0m
[33m/home/cvazquezperezdelacru/clio-core/context-runtime/src/worker.cc:370 WARNING 642323 AdoptLane [#785] worker 1 adopted lane 0x7f8789a432a8[0m
[33m/home/cvazquezperezdelacru/clio-core/context-runtime/src/scheduler/default_sched.cc:598 WARNING 642323 operator() [#785] RESCUE: stalled worker 1 -> worker 8 (0 parked task(s) moved, 0 queued task(s) redistributed, rescues=61)[0m
[33m/home/cvazquezperezdelacru/clio-core/context-runtime/src/scheduler/default_sched.cc:455 WARNING 642323 operator() [#781] worker 1 STALLED on one task (load_us=-nan realtime_load_us=-nan threshold_s=1)[0m
[33m/home/cvazquezperezdelacru/clio-core/context-runtime/src/worker.cc:370 WARNING 642323 AdoptLane [#785] worker 1 adopted lane 0x7f8789a432a8[0m
[33m/home/cvazquezperezdelacru/clio-core/context-runtime/src/scheduler/default_sched.cc:598 WARNING 642323 operator() [#785] RESCUE: stalled worker 1 -> worker 8 (0 parked task(s) moved, 0 queued task(s) redistributed, rescues=62)[0m
[33m/home/cvazquezperezdelacru/clio-core/context-runtime/src/scheduler/default_sched.cc:455 WARNING 642323 operator() [#781] worker 1 STALLED on one task (load_us=-nan realtime_load_us=-nan threshold_s=1)[0m
[33m/home/cvazquezperezdelacru/clio-core/context-runtime/src/worker.cc:370 WARNING 642323 AdoptLane [#785] worker 1 adopted lane 0x7f8789a432a8[0m
[33m/home/cvazquezperezdelacru/clio-core/context-runtime/src/scheduler/default_sched.cc:598 WARNING 642323 operator() [#785] RESCUE: stalled worker 1 -> worker 8 (0 parked task(s) moved, 1 queued task(s) redistributed, rescues=63)[0m
[31m/home/cvazquezperezdelacru/clio-core/context-runtime/src/scheduler/default_sched.cc:726 ERROR 642323 LoadBalance [HANGWATCH-HB] processed=114393 outstanding=47 (queued=47 blocked=0 retry=0 periodic=7) live=1 live_stalled=0[0m
[33m/home/cvazquezperezdelacru/clio-core/context-runtime/src/scheduler/default_sched.cc:430 WARNING 642323 LoadBalance [#781 PDF] observed exec-time bins (cumulative): <10us=13449538 <50us=330472 <500us=24279 <10ms=40697 <50ms=7367 <500ms=545 <1s=0 >=1s=2 | stalls_detected=63[0m
[33m/home/cvazquezperezdelacru/clio-core/context-runtime/src/scheduler/default_sched.cc:439 WARNING 642323 LoadBalance [#785] lane rescues performed: 63[0m
[31m/home/cvazquezperezdelacru/clio-core/context-runtime/src/scheduler/default_sched.cc:726 ERROR 642323 LoadBalance [HANGWATCH-HB] processed=115650 outstanding=21 (queued=21 blocked=0 retry=0 periodic=24) live=1 live_stalled=0[0m
[31m/home/cvazquezperezdelacru/clio-core/context-runtime/src/scheduler/default_sched.cc:726 ERROR 642323 LoadBalance [HANGWATCH-HB] processed=117005 outstanding=21 (queued=21 blocked=0 retry=0 periodic=19) live=2 live_stalled=0[0m
[33m/home/cvazquezperezdelacru/clio-core/context-runtime/src/scheduler/default_sched.cc:430 WARNING 642323 LoadBalance [#781 PDF] observed exec-time bins (cumulative): <10us=13515787 <50us=333152 <500us=24476 <10ms=41634 <50ms=7689 <500ms=558 <1s=0 >=1s=2 | stalls_detected=63[0m
[33m/home/cvazquezperezdelacru/clio-core/context-runtime/src/scheduler/default_sched.cc:439 WARNING 642323 LoadBalance [#785] lane rescues performed: 63[0m
[31m/home/cvazquezperezdelacru/clio-core/context-runtime/src/scheduler/default_sched.cc:726 ERROR 642323 LoadBalance [HANGWATCH-HB] processed=118309 outstanding=6 (queued=6 blocked=0 retry=0 periodic=33) live=1 live_stalled=0[0m
[31m/home/cvazquezperezdelacru/clio-core/context-runtime/src/scheduler/default_sched.cc:726 ERROR 642323 LoadBalance [HANGWATCH-HB] processed=119382 outstanding=33 (queued=33 blocked=0 retry=0 periodic=18) live=2 live_stalled=0[0m
[33m/home/cvazquezperezdelacru/clio-core/context-runtime/src/scheduler/default_sched.cc:430 WARNING 642323 LoadBalance [#781 PDF] observed exec-time bins (cumulative): <10us=13587088 <50us=335016 <500us=24637 <10ms=42509 <50ms=8014 <500ms=570 <1s=0 >=1s=2 | stalls_detected=63[0m
[33m/home/cvazquezperezdelacru/clio-core/context-runtime/src/scheduler/default_sched.cc:439 WARNING 642323 LoadBalance [#785] lane rescues performed: 63[0m
[31m/home/cvazquezperezdelacru/clio-core/context-runtime/src/scheduler/default_sched.cc:726 ERROR 642323 LoadBalance [HANGWATCH-HB] processed=120589 outstanding=42 (queued=42 blocked=0 retry=0 periodic=21) live=3 live_stalled=0[0m
[31m/home/cvazquezperezdelacru/clio-core/context-runtime/src/scheduler/default_sched.cc:726 ERROR 642323 LoadBalance [HANGWATCH-HB] processed=121985 outstanding=48 (queued=48 blocked=0 retry=0 periodic=16) live=3 live_stalled=0[0m
[33m/home/cvazquezperezdelacru/clio-core/context-runtime/src/scheduler/default_sched.cc:430 WARNING 642323 LoadBalance [#781 PDF] observed exec-time bins (cumulative): <10us=13652833 <50us=337269 <500us=24894 <10ms=43459 <50ms=8359 <500ms=581 <1s=0 >=1s=2 | stalls_detected=63[0m
[33m/home/cvazquezperezdelacru/clio-core/context-runtime/src/scheduler/default_sched.cc:439 WARNING 642323 LoadBalance [#785] lane rescues performed: 63[0m
[31m/home/cvazquezperezdelacru/clio-core/context-runtime/src/scheduler/default_sched.cc:726 ERROR 642323 LoadBalance [HANGWATCH-HB] processed=123558 outstanding=16 (queued=16 blocked=0 retry=0 periodic=14) live=2 live_stalled=0[0m
[31m/home/cvazquezperezdelacru/clio-core/context-runtime/src/scheduler/default_sched.cc:726 ERROR 642323 LoadBalance [HANGWATCH-HB] processed=124891 outstanding=20 (queued=20 blocked=0 retry=0 periodic=22) live=1 live_stalled=0[0m
[33m/home/cvazquezperezdelacru/clio-core/context-runtime/src/scheduler/default_sched.cc:430 WARNING 642323 LoadBalance [#781 PDF] observed exec-time bins (cumulative): <10us=13718575 <50us=341501 <500us=25117 <10ms=44403 <50ms=8726 <500ms=585 <1s=0 >=1s=2 | stalls_detected=63[0m
[33m/home/cvazquezperezdelacru/clio-core/context-runtime/src/scheduler/default_sched.cc:439 WARNING 642323 LoadBalance [#785] lane rescues performed: 63[0m
[31m/home/cvazquezperezdelacru/clio-core/context-runtime/src/scheduler/default_sched.cc:726 ERROR 642323 LoadBalance [HANGWATCH-HB] processed=126389 outstanding=27 (queued=27 blocked=0 retry=0 periodic=9) live=2 live_stalled=0[0m
[31m/home/cvazquezperezdelacru/clio-core/context-runtime/src/scheduler/default_sched.cc:726 ERROR 642323 LoadBalance [HANGWATCH-HB] processed=127634 outstanding=25 (queued=25 blocked=0 retry=0 periodic=17) live=2 live_stalled=0[0m
[33m/home/cvazquezperezdelacru/clio-core/context-runtime/src/scheduler/default_sched.cc:430 WARNING 642323 LoadBalance [#781 PDF] observed exec-time bins (cumulative): <10us=13788107 <50us=343981 <500us=25294 <10ms=45242 <50ms=9082 <500ms=602 <1s=0 >=1s=2 | stalls_detected=63[0m
[33m/home/cvazquezperezdelacru/clio-core/context-runtime/src/scheduler/default_sched.cc:439 WARNING 642323 LoadBalance [#785] lane rescues performed: 63[0m
[31m/home/cvazquezperezdelacru/clio-core/context-runtime/src/scheduler/default_sched.cc:726 ERROR 642323 LoadBalance [HANGWATCH-HB] processed=128629 outstanding=39 (queued=39 blocked=0 retry=0 periodic=11) live=6 live_stalled=0[0m
[33m/home/cvazquezperezdelacru/clio-core/context-runtime/src/scheduler/default_sched.cc:430 WARNING 642323 LoadBalance [#781 PDF] observed exec-time bins (cumulative): <10us=13850137 <50us=350859 <500us=25448 <10ms=45998 <50ms=9447 <500ms=613 <1s=0 >=1s=2 | stalls_detected=63[0m
[33m/home/cvazquezperezdelacru/clio-core/context-runtime/src/scheduler/default_sched.cc:439 WARNING 642323 LoadBalance [#785] lane rescues performed: 63[0m
[31m/home/cvazquezperezdelacru/clio-core/context-runtime/src/scheduler/default_sched.cc:726 ERROR 642323 LoadBalance [HANGWATCH-HB] processed=130701 outstanding=7 (queued=7 blocked=0 retry=0 periodic=25) live=1 live_stalled=0[0m
[31m/home/cvazquezperezdelacru/clio-core/context-runtime/src/scheduler/default_sched.cc:726 ERROR 642323 LoadBalance [HANGWATCH-HB] processed=131710 outstanding=30 (queued=30 blocked=0 retry=0 periodic=22) live=5 live_stalled=0[0m
[33m/home/cvazquezperezdelacru/clio-core/context-runtime/src/scheduler/default_sched.cc:430 WARNING 642323 LoadBalance [#781 PDF] observed exec-time bins (cumulative): <10us=13917526 <50us=354198 <500us=25677 <10ms=46836 <50ms=9804 <500ms=628 <1s=0 >=1s=2 | stalls_detected=63[0m
[33m/home/cvazquezperezdelacru/clio-core/context-runtime/src/scheduler/default_sched.cc:439 WARNING 642323 LoadBalance [#785] lane rescues performed: 63[0m
[31m/home/cvazquezperezdelacru/clio-core/context-runtime/src/scheduler/default_sched.cc:726 ERROR 642323 LoadBalance [HANGWATCH-HB] processed=132884 outstanding=25 (queued=25 blocked=0 retry=0 periodic=23) live=1 live_stalled=0[0m
[31m/home/cvazquezperezdelacru/clio-core/context-runtime/src/scheduler/default_sched.cc:726 ERROR 642323 LoadBalance [HANGWATCH-HB] processed=134538 outstanding=27 (queued=27 blocked=0 retry=0 periodic=20) live=4 live_stalled=0[0m
[97m/home/cvazquezperezdelacru/clio-core/context-runtime/src/pool_manager.cc:431 INFO 642294 DestroyLocalPool PoolManager: Destroyed local pool PoolId(major:1, minor:0)[0m
[31m/home/cvazquezperezdelacru/clio-core/context-runtime/src/ipc_manager.cc:3856 ERROR 642322 RouteTask RouteTask: RouteLocal returned 4 for pool=PoolId(major:1, minor:0) method=21, worker=7[0m
[31m/home/cvazquezperezdelacru/clio-core/context-runtime/src/ipc_manager.cc:3856 ERROR 642321 RouteTask RouteTask: RouteLocal returned 4 for pool=PoolId(major:1, minor:0) method=14, worker=6[0m
[31m/home/cvazquezperezdelacru/clio-core/context-runtime/src/ipc_manager.cc:3856 ERROR 642322 RouteTask RouteTask: RouteLocal returned 4 for pool=PoolId(major:1, minor:0) method=21, worker=7[0m
[31m/home/cvazquezperezdelacru/clio-core/context-runtime/src/ipc_manager.cc:3856 ERROR 642321 RouteTask RouteTask: RouteLocal returned 4 for pool=PoolId(major:1, minor:0) method=14, worker=6[0m
[31m/home/cvazquezperezdelacru/clio-core/context-runtime/src/ipc_manager.cc:3856 ERROR 642322 RouteTask RouteTask: RouteLocal returned 4 for pool=PoolId(major:1, minor:0) method=21, worker=7[0m
[31m/home/cvazquezperezdelacru/clio-core/context-runtime/src/ipc_manager.cc:3856 ERROR 642322 RouteTask RouteTask: RouteLocal returned 4 for pool=PoolId(major:1, minor:0) method=21, worker=7[0m
[31m/home/cvazquezperezdelacru/clio-core/context-runtime/src/ipc_manager.cc:3856 ERROR 642321 RouteTask RouteTask: RouteLocal returned 4 for pool=PoolId(major:1, minor:0) method=14, worker=6[0m
[31m/home/cvazquezperezdelacru/clio-core/context-runtime/src/ipc_manager.cc:3856 ERROR 642321 RouteTask RouteTask: RouteLocal returned 4 for pool=PoolId(major:1, minor:0) method=14, worker=6[0m
