[97m/home/cvazquezperezdelacru/clio-core/context-runtime/src/config_manager.cc:144 INFO 1169652 ClientInit Config at: /mnt/common/cvazquezperezdelacru/IOWARP/faiss/contrib/iowarp/benchmarks/results/ares_cte_rendered_20260806_100228.yaml[0m
[97m/home/cvazquezperezdelacru/clio-core/context-runtime/src/ipc_manager.cc:2872 INFO 1169652 ClearUserIpcs ClearUserIpcs: Removed 65 memfd symlinks from previous runs[0m
[33m/home/cvazquezperezdelacru/clio-core/context-runtime/src/ipc_manager.cc:906 WARNING 1169652 ServerInitShm Main segment: requested 50079698944 bytes exceeds half the memory budget (50079698944 bytes); clamping to 25039849472 bytes[0m
[97m/home/cvazquezperezdelacru/clio-core/context-runtime/src/ipc_manager.cc:931 INFO 1169652 ServerInitShm Initializing main shared memory segment: 25039849472 bytes (23879 MB)[0m
[97m/home/cvazquezperezdelacru/clio-core/context-runtime/src/ipc_manager.cc:952 INFO 1169652 ServerInitShm Initializing queue shared memory segment: 646224224 bytes (631078 KB)[0m
[33m/home/cvazquezperezdelacru/clio-core/context-runtime/src/ipc_manager.cc:1005 WARNING 1169652 ServerInitShm Metadata segment: requested 50079698944 bytes exceeds half the memory budget (50079698944 bytes); clamping to 25039849472 bytes[0m
[97m/home/cvazquezperezdelacru/clio-core/context-runtime/src/ipc_manager.cc:1039 INFO 1169652 ServerInitShm Initializing metadata shared memory segment: 25039849472 bytes (23879 MB), sparse/not pre-faulted[0m
[97m/home/cvazquezperezdelacru/clio-core/context-runtime/src/ipc_manager.cc:865 INFO 1169652 ExcludeFromCoreDump metadata segment: excluded 25039849472 bytes from core dumps[0m
[97m/home/cvazquezperezdelacru/clio-core/context-runtime/src/ipc_manager.cc:1072 INFO 1169652 ServerInitShm ServerInitShm: metadata directory at offset 68072[0m
[97m/home/cvazquezperezdelacru/clio-core/context-runtime/src/ipc_manager.cc:1127 INFO 1169652 ServerInitShm ServerInitShm: 8 inbound SHM ring(s) 'clio-1169652-shm-in-0..7' (16MB each)[0m
[97m/home/cvazquezperezdelacru/clio-core/context-runtime/src/ipc_manager.cc:1269 INFO 1169652 ServerInitQueues Initializing 16 worker queues with depth 1024 (last worker serves dual role)[0m
[97m/home/cvazquezperezdelacru/clio-core/context-runtime/src/ipc_manager.cc:1933 INFO 1169652 IdentifyThisHost SUCCESS: Main server started on 0.0.0.0:9413 (advertised as ares-comp-11, node=1)[0m
[97m/home/cvazquezperezdelacru/clio-core/context-runtime/src/ipc_manager.cc:561 INFO 1169652 ServerInit IpcManager: TCP ROUTER transport bound on 0.0.0.0:9416[0m
[97m/home/cvazquezperezdelacru/clio-core/context-runtime/src/ipc_manager.cc:579 INFO 1169652 ServerInit IpcManager: IPC lightbeam server bound on /tmp/clio_cvazquezperezdelacru/clio_9413.ipc[0m
[97m/home/cvazquezperezdelacru/clio-core/context-runtime/src/module_manager.cc:137 INFO 1169652 LoadChiMod Loaded ChiMod: clio_MOD_NAME from /mnt/common/cvazquezperezdelacru/clio-core-dev-install/lib/libclio_MOD_NAME_runtime.so[0m
[97m/home/cvazquezperezdelacru/clio-core/context-runtime/src/module_manager.cc:137 INFO 1169652 LoadChiMod Loaded ChiMod: clio_admin from /mnt/common/cvazquezperezdelacru/clio-core-dev-install/lib/libclio_admin_runtime.so[0m
[97m/home/cvazquezperezdelacru/clio-core/context-runtime/src/module_manager.cc:137 INFO 1169652 LoadChiMod Loaded ChiMod: clio_bdev from /mnt/common/cvazquezperezdelacru/clio-core-dev-install/lib/libclio_bdev_runtime.so[0m
[97m/home/cvazquezperezdelacru/clio-core/context-runtime/src/module_manager.cc:137 INFO 1169652 LoadChiMod Loaded ChiMod: clio_safe_bdev from /mnt/common/cvazquezperezdelacru/clio-core-dev-install/lib/libclio_safe_bdev_runtime.so[0m
[97m/home/cvazquezperezdelacru/clio-core/context-runtime/src/module_manager.cc:137 INFO 1169652 LoadChiMod Loaded ChiMod: clio_cte_replication from /mnt/common/cvazquezperezdelacru/clio-core-dev-install/lib/libclio_cte_replication_runtime.so[0m
[97m/home/cvazquezperezdelacru/clio-core/context-runtime/src/module_manager.cc:137 INFO 1169652 LoadChiMod Loaded ChiMod: clio_cte_cache from /mnt/common/cvazquezperezdelacru/clio-core-dev-install/lib/libclio_cte_cache_runtime.so[0m
[97m/home/cvazquezperezdelacru/clio-core/context-runtime/src/module_manager.cc:137 INFO 1169652 LoadChiMod Loaded ChiMod: clio_cte_indexer from /mnt/common/cvazquezperezdelacru/clio-core-dev-install/lib/libclio_cte_indexer_runtime.so[0m
[97m/home/cvazquezperezdelacru/clio-core/context-runtime/src/module_manager.cc:137 INFO 1169652 LoadChiMod Loaded ChiMod: clio_cte_core from /mnt/common/cvazquezperezdelacru/clio-core-dev-install/lib/libclio_cte_core_runtime.so[0m
[97m/home/cvazquezperezdelacru/clio-core/context-runtime/src/module_manager.cc:137 INFO 1169652 LoadChiMod Loaded ChiMod: clio_cte_filesystem from /mnt/common/cvazquezperezdelacru/clio-core-dev-install/lib/libclio_cte_filesystem_runtime.so[0m
[97m/home/cvazquezperezdelacru/clio-core/context-runtime/src/module_manager.cc:137 INFO 1169652 LoadChiMod Loaded ChiMod: clio_faiss_ivf from /mnt/common/cvazquezperezdelacru/IOWARP/faiss/contrib/iowarp/build-dev/chimod/libclio_faiss_ivf_runtime.so[0m
[97m/home/cvazquezperezdelacru/clio-core/context-runtime/src/work_orchestrator.cc:94 INFO 1169652 Init Creating 8 workers (7 task + 1 dedicated network)[0m
[97m/home/cvazquezperezdelacru/clio-core/context-runtime/src/ipc_manager.cc:756 INFO 1169652 SetNumSchedQueues IpcManager: Updated num_sched_queues to 1[0m
[97m/home/cvazquezperezdelacru/clio-core/context-runtime/src/scheduler/default_sched.cc:139 INFO 1169652 DivideWorkers DefaultScheduler: 1 scheduler worker (0), 4 I/O workers, net_send_worker=6, net_recv_worker=7, gpu_worker=5[0m
[97m/home/cvazquezperezdelacru/clio-core/context-runtime/src/work_orchestrator.cc:271 INFO 1169652 SpawnWorkerThreads WorkOrchestrator: num_workers=8, num_lanes=16[0m
[97m/home/cvazquezperezdelacru/clio-core/context-runtime/src/work_orchestrator.cc:294 INFO 1169652 SpawnWorkerThreads WorkOrchestrator: Mapped worker 0 (ID 0) to lane 0[0m
[97m/home/cvazquezperezdelacru/clio-core/context-runtime/src/work_orchestrator.cc:294 INFO 1169652 SpawnWorkerThreads WorkOrchestrator: Mapped worker 1 (ID 1) to lane 1[0m
[97m/home/cvazquezperezdelacru/clio-core/context-runtime/src/work_orchestrator.cc:294 INFO 1169652 SpawnWorkerThreads WorkOrchestrator: Mapped worker 2 (ID 2) to lane 2[0m
[97m/home/cvazquezperezdelacru/clio-core/context-runtime/src/work_orchestrator.cc:294 INFO 1169652 SpawnWorkerThreads WorkOrchestrator: Mapped worker 3 (ID 3) to lane 3[0m
[97m/home/cvazquezperezdelacru/clio-core/context-runtime/src/work_orchestrator.cc:294 INFO 1169652 SpawnWorkerThreads WorkOrchestrator: Mapped worker 4 (ID 4) to lane 4[0m
[97m/home/cvazquezperezdelacru/clio-core/context-runtime/src/work_orchestrator.cc:294 INFO 1169652 SpawnWorkerThreads WorkOrchestrator: Mapped worker 5 (ID 5) to lane 5[0m
[97m/home/cvazquezperezdelacru/clio-core/context-runtime/src/work_orchestrator.cc:294 INFO 1169652 SpawnWorkerThreads WorkOrchestrator: Mapped worker 6 (ID 6) to lane 6[0m
[97m/home/cvazquezperezdelacru/clio-core/context-runtime/src/work_orchestrator.cc:294 INFO 1169652 SpawnWorkerThreads WorkOrchestrator: Mapped worker 7 (ID 7) to lane 7[0m
[97m/home/cvazquezperezdelacru/clio-core/context-runtime/src/pool_manager.cc:534 INFO 1169652 CreatePool PoolManager: Creating pool 'admin' with 2 containers (one per node)[0m
[33m/home/cvazquezperezdelacru/clio-core/context-runtime/modules/admin/include/clio_runtime/admin/admin_client.h:59 WARNING 1169652 Client AdminClient: Default constructor called - pool_id_ will be PoolId(0,0)[0m
[97m/home/cvazquezperezdelacru/clio-core/context-runtime/src/pool_manager.cc:615 INFO 1169652 CreatePool Creating container for pool PoolId(major:1, minor:0) on node 1 with container_id=1[0m
[97m/home/cvazquezperezdelacru/clio-core/context-runtime/src/pool_manager.cc:644 INFO 1169652 CreatePool Container initialized with pool ID PoolId(major:1, minor:0), name admin, and container ID 1[0m
[97m/home/cvazquezperezdelacru/clio-core/context-runtime/src/pool_manager.cc:663 INFO 1169652 CreatePool CreatePool: Running Create method for pool PoolId(major:1, minor:0)[0m
[97m/home/cvazquezperezdelacru/clio-core/context-runtime/src/ipc/ipc_run2run.cc:1182 INFO 1169682 operator() [PeerRecvThread] started[0m
[97m/home/cvazquezperezdelacru/clio-core/context-runtime/src/ipc/ipc_run2run.cc:1254 INFO 1169683 operator() [ClientRecvThread] started[0m
[97m/home/cvazquezperezdelacru/clio-core/context-runtime/src/pool_manager.cc:666 INFO 1169652 CreatePool CreatePool: Create method completed for pool PoolId(major:1, minor:0)[0m
[97m/home/cvazquezperezdelacru/clio-core/context-runtime/src/pool_manager.cc:700 INFO 1169652 CreatePool PoolManager: Created complete pool PoolId(major:1, minor:0) with ChiMod clio_admin (2 containers)[0m
[97m/home/cvazquezperezdelacru/clio-core/context-runtime/src/pool_manager.cc:125 INFO 1169652 ServerInit PoolManager: Admin chimod pool created successfully with PoolId PoolId(major:1, minor:0)[0m
[97m/home/cvazquezperezdelacru/clio-core/context-runtime/src/manager.cc:264 INFO 1169652 ServerInit Processing compose configuration with 3 pools[0m
[33m/home/cvazquezperezdelacru/clio-core/context-runtime/src/../modules/admin/include/clio_runtime/admin/admin_client.h:59 WARNING 1169652 Client AdminClient: Default constructor called - pool_id_ will be PoolId(0,0)[0m
[97m/home/cvazquezperezdelacru/clio-core/context-runtime/src/manager.cc:282 INFO 1169652 ServerInit Compose: Creating pool ram::chi_default_bdev (module: clio_bdev, restart: 0)[0m
[97m/home/cvazquezperezdelacru/clio-core/context-runtime/src/pool_manager.cc:534 INFO 1169677 CreatePool PoolManager: Creating pool 'ram::chi_default_bdev' with 2 containers (one per node)[0m
[97m/home/cvazquezperezdelacru/clio-core/context-runtime/src/pool_manager.cc:615 INFO 1169677 CreatePool Creating container for pool PoolId(major:301, minor:0) on node 1 with container_id=1[0m
[97m/home/cvazquezperezdelacru/clio-core/context-runtime/src/pool_manager.cc:644 INFO 1169677 CreatePool Container initialized with pool ID PoolId(major:301, minor:0), name ram::chi_default_bdev, and container ID 1[0m
[97m/home/cvazquezperezdelacru/clio-core/context-runtime/src/pool_manager.cc:663 INFO 1169677 CreatePool CreatePool: Running Create method for pool PoolId(major:301, minor:0)[0m
[97m/home/cvazquezperezdelacru/clio-core/context-runtime/modules/bdev/src/transports/mem_bdev_transport.cc:152 INFO 1169677 InitShmBacking [#783] RAM bdev 'clio_rambdev_1169652_301_0' is shared-memory backed (38655688704 of 38654705664 bytes mapped)[0m
[97m/home/cvazquezperezdelacru/clio-core/context-runtime/src/pool_manager.cc:666 INFO 1169677 CreatePool CreatePool: Create method completed for pool PoolId(major:301, minor:0)[0m
[97m/home/cvazquezperezdelacru/clio-core/context-runtime/src/pool_manager.cc:700 INFO 1169677 CreatePool PoolManager: Created complete pool PoolId(major:301, minor:0) with ChiMod clio_bdev (2 containers)[0m
[97m/home/cvazquezperezdelacru/clio-core/context-runtime/src/manager.cc:298 INFO 1169652 ServerInit Compose: Successfully created pool ram::chi_default_bdev (module: clio_bdev)[0m
[97m/home/cvazquezperezdelacru/clio-core/context-runtime/src/manager.cc:282 INFO 1169652 ServerInit Compose: Creating pool cte_main (module: clio_cte_core, restart: 0)[0m
[97m/home/cvazquezperezdelacru/clio-core/context-runtime/src/pool_manager.cc:534 INFO 1169674 CreatePool PoolManager: Creating pool 'cte_main' with 2 containers (one per node)[0m
[97m/home/cvazquezperezdelacru/clio-core/context-runtime/src/pool_manager.cc:615 INFO 1169674 CreatePool Creating container for pool PoolId(major:512, minor:0) on node 1 with container_id=1[0m
[97m/home/cvazquezperezdelacru/clio-core/context-runtime/src/pool_manager.cc:644 INFO 1169674 CreatePool Container initialized with pool ID PoolId(major:512, minor:0), name cte_main, and container ID 1[0m
[97m/home/cvazquezperezdelacru/clio-core/context-runtime/src/pool_manager.cc:663 INFO 1169674 CreatePool CreatePool: Running Create method for pool PoolId(major:512, minor:0)[0m
[97m/home/cvazquezperezdelacru/clio-core/context-transfer-engine/core/src/core_config.cc:642 INFO 1169674 ParseStorageConfig Parsed 2 storage devices[0m
[97m/home/cvazquezperezdelacru/clio-core/context-transfer-engine/core/src/core_config.cc:660 INFO 1169674 ParseDpeConfig Parsed DPE configuration: type=max_bw[0m
[97m/home/cvazquezperezdelacru/clio-core/context-transfer-engine/core/src/core_config.cc:111 INFO 1169674 LoadFromString Configuration loaded successfully from YAML string[0m
[97m/home/cvazquezperezdelacru/clio-core/context-transfer-engine/core/src/core_runtime.cc:590 INFO 1169674 Create CTE: shared-memory metadata cache enabled (tags=65536, blobs=262144, root_off=488)[0m
[97m/home/cvazquezperezdelacru/clio-core/context-runtime/src/ipc_manager.cc:2295 INFO 1169679 GetOrCreateClient [ClientPool] Creating new persistent connection to ares-comp-10:9413[0m
[97m/home/cvazquezperezdelacru/clio-core/context-runtime/src/../../context-transport-primitives/include/clio_ctp/lightbeam/zmq_transport.h:152 INFO 1169679 GetSharedContext [ZeroMqTransport] Created shared context with 8 I/O threads[0m
[97m/home/cvazquezperezdelacru/clio-core/context-runtime/src/ipc_manager.cc:2315 INFO 1169679 GetOrCreateClient [ClientPool] Connection established to ares-comp-10:9413[0m
[97m/home/cvazquezperezdelacru/clio-core/context-runtime/src/ipc_manager.cc:2295 INFO 1169679 GetOrCreateClient [ClientPool] Creating new persistent connection to ares-comp-11:9413[0m
[97m/home/cvazquezperezdelacru/clio-core/context-runtime/src/ipc_manager.cc:2315 INFO 1169679 GetOrCreateClient [ClientPool] Connection established to ares-comp-11:9413[0m
[97m/home/cvazquezperezdelacru/clio-core/context-runtime/src/pool_manager.cc:534 INFO 1169673 CreatePool PoolManager: Creating pool 'ram::cte_ram_tier_node1' with 2 containers (one per node)[0m
[97m/home/cvazquezperezdelacru/clio-core/context-runtime/src/pool_manager.cc:615 INFO 1169673 CreatePool Creating container for pool PoolId(major:512, minor:2) on node 1 with container_id=1[0m
[97m/home/cvazquezperezdelacru/clio-core/context-runtime/src/pool_manager.cc:644 INFO 1169673 CreatePool Container initialized with pool ID PoolId(major:512, minor:2), name ram::cte_ram_tier_node1, and container ID 1[0m
[97m/home/cvazquezperezdelacru/clio-core/context-runtime/src/pool_manager.cc:663 INFO 1169673 CreatePool CreatePool: Running Create method for pool PoolId(major:512, minor:2)[0m
[97m/home/cvazquezperezdelacru/clio-core/context-runtime/modules/bdev/src/transports/mem_bdev_transport.cc:152 INFO 1169673 InitShmBacking [#783] RAM bdev 'clio_rambdev_1169652_512_2' is shared-memory backed (32213237760 of 32212254720 bytes mapped)[0m
[97m/home/cvazquezperezdelacru/clio-core/context-runtime/src/pool_manager.cc:666 INFO 1169673 CreatePool CreatePool: Create method completed for pool PoolId(major:512, minor:2)[0m
[97m/home/cvazquezperezdelacru/clio-core/context-runtime/src/pool_manager.cc:700 INFO 1169673 CreatePool PoolManager: Created complete pool PoolId(major:512, minor:2) with ChiMod clio_bdev (2 containers)[0m
[97m/home/cvazquezperezdelacru/clio-core/context-runtime/src/ipc_manager.cc:2295 INFO 1169679 GetOrCreateClient [ClientPool] Creating new persistent connection to ares-comp-11:9413#resp[0m
[97m/home/cvazquezperezdelacru/clio-core/context-runtime/src/ipc_manager.cc:2315 INFO 1169679 GetOrCreateClient [ClientPool] Connection established to ares-comp-11:9413#resp[0m
[97m/home/cvazquezperezdelacru/clio-core/context-runtime/src/pool_manager.cc:534 INFO 1169673 CreatePool PoolManager: Creating pool '/mnt/nvme/cvazquezperezdelacru/cte_tier_node1' with 2 containers (one per node)[0m
[97m/home/cvazquezperezdelacru/clio-core/context-runtime/src/pool_manager.cc:615 INFO 1169673 CreatePool Creating container for pool PoolId(major:513, minor:2) on node 1 with container_id=1[0m
[97m/home/cvazquezperezdelacru/clio-core/context-runtime/src/pool_manager.cc:644 INFO 1169673 CreatePool Container initialized with pool ID PoolId(major:513, minor:2), name /mnt/nvme/cvazquezperezdelacru/cte_tier_node1, and container ID 1[0m
[97m/home/cvazquezperezdelacru/clio-core/context-runtime/src/pool_manager.cc:663 INFO 1169673 CreatePool CreatePool: Running Create method for pool PoolId(major:513, minor:2)[0m
[97m/home/cvazquezperezdelacru/clio-core/context-runtime/src/pool_manager.cc:666 INFO 1169673 CreatePool CreatePool: Create method completed for pool PoolId(major:513, minor:2)[0m
[97m/home/cvazquezperezdelacru/clio-core/context-runtime/src/pool_manager.cc:700 INFO 1169673 CreatePool PoolManager: Created complete pool PoolId(major:513, minor:2) with ChiMod clio_bdev (2 containers)[0m
[97m/home/cvazquezperezdelacru/clio-core/context-runtime/src/pool_manager.cc:534 INFO 1169673 CreatePool PoolManager: Creating pool 'ram::cte_ram_tier_node0' with 2 containers (one per node)[0m
[97m/home/cvazquezperezdelacru/clio-core/context-runtime/src/pool_manager.cc:615 INFO 1169673 CreatePool Creating container for pool PoolId(major:512, minor:1) on node 1 with container_id=1[0m
[97m/home/cvazquezperezdelacru/clio-core/context-runtime/src/pool_manager.cc:644 INFO 1169673 CreatePool Container initialized with pool ID PoolId(major:512, minor:1), name ram::cte_ram_tier_node0, and container ID 1[0m
[97m/home/cvazquezperezdelacru/clio-core/context-runtime/src/pool_manager.cc:663 INFO 1169673 CreatePool CreatePool: Running Create method for pool PoolId(major:512, minor:1)[0m
[97m/home/cvazquezperezdelacru/clio-core/context-runtime/modules/bdev/src/transports/mem_bdev_transport.cc:152 INFO 1169673 InitShmBacking [#783] RAM bdev 'clio_rambdev_1169652_512_1' is shared-memory backed (32213237760 of 32212254720 bytes mapped)[0m
[97m/home/cvazquezperezdelacru/clio-core/context-runtime/src/pool_manager.cc:666 INFO 1169673 CreatePool CreatePool: Create method completed for pool PoolId(major:512, minor:1)[0m
[97m/home/cvazquezperezdelacru/clio-core/context-runtime/src/pool_manager.cc:700 INFO 1169673 CreatePool PoolManager: Created complete pool PoolId(major:512, minor:1) with ChiMod clio_bdev (2 containers)[0m
[97m/home/cvazquezperezdelacru/clio-core/context-runtime/src/ipc_manager.cc:2295 INFO 1169679 GetOrCreateClient [ClientPool] Creating new persistent connection to ares-comp-10:9413#resp[0m
[97m/home/cvazquezperezdelacru/clio-core/context-runtime/src/ipc_manager.cc:2315 INFO 1169679 GetOrCreateClient [ClientPool] Connection established to ares-comp-10:9413#resp[0m
[97m/home/cvazquezperezdelacru/clio-core/context-transfer-engine/core/src/core_runtime.cc:708 INFO 1169674 Create CTE Core container created and initialized for pool: cte_main (ID: PoolId(major:512, minor:0))[0m
[97m/home/cvazquezperezdelacru/clio-core/context-transfer-engine/core/src/core_runtime.cc:712 INFO 1169674 Create Configuration: neighborhood=1, poll_period_ms=5000, stat_targets_period_ms=5000[0m
[97m/home/cvazquezperezdelacru/clio-core/context-transfer-engine/core/src/core_runtime.cc:754 INFO 1169674 Create Starting periodic StatTargets task with period 5000 ms[0m
[97m/home/cvazquezperezdelacru/clio-core/context-runtime/src/pool_manager.cc:666 INFO 1169674 CreatePool CreatePool: Create method completed for pool PoolId(major:512, minor:0)[0m
[97m/home/cvazquezperezdelacru/clio-core/context-runtime/src/pool_manager.cc:700 INFO 1169674 CreatePool PoolManager: Created complete pool PoolId(major:512, minor:0) with ChiMod clio_cte_core (2 containers)[0m
[97m/home/cvazquezperezdelacru/clio-core/context-runtime/src/manager.cc:298 INFO 1169652 ServerInit Compose: Successfully created pool cte_main (module: clio_cte_core)[0m
[97m/home/cvazquezperezdelacru/clio-core/context-runtime/src/manager.cc:282 INFO 1169652 ServerInit Compose: Creating pool faiss_ivf_main (module: clio_faiss_ivf, restart: 0)[0m
[97m/home/cvazquezperezdelacru/clio-core/context-runtime/src/pool_manager.cc:534 INFO 1169674 CreatePool PoolManager: Creating pool 'faiss_ivf_main' with 2 containers (one per node)[0m
[97m/home/cvazquezperezdelacru/clio-core/context-runtime/src/pool_manager.cc:615 INFO 1169674 CreatePool Creating container for pool PoolId(major:600, minor:0) on node 1 with container_id=1[0m
[97m/home/cvazquezperezdelacru/clio-core/context-runtime/src/pool_manager.cc:644 INFO 1169674 CreatePool Container initialized with pool ID PoolId(major:600, minor:0), name faiss_ivf_main, and container ID 1[0m
[97m/home/cvazquezperezdelacru/clio-core/context-runtime/src/pool_manager.cc:663 INFO 1169674 CreatePool CreatePool: Running Create method for pool PoolId(major:600, minor:0)[0m
[97m/home/cvazquezperezdelacru/clio-core/context-runtime/src/pool_manager.cc:666 INFO 1169674 CreatePool CreatePool: Create method completed for pool PoolId(major:600, minor:0)[0m
[97m/home/cvazquezperezdelacru/clio-core/context-runtime/src/pool_manager.cc:700 INFO 1169674 CreatePool PoolManager: Created complete pool PoolId(major:600, minor:0) with ChiMod clio_faiss_ivf (2 containers)[0m
[97m/home/cvazquezperezdelacru/clio-core/context-runtime/src/manager.cc:298 INFO 1169652 ServerInit Compose: Successfully created pool faiss_ivf_main (module: clio_faiss_ivf)[0m
[97m/home/cvazquezperezdelacru/clio-core/context-runtime/src/manager.cc:304 INFO 1169652 ServerInit Compose: All 3 pools created successfully[0m
[32m/home/cvazquezperezdelacru/clio-core/context-runtime/src/ipc_manager.cc:1368 SUCCESS 1169652 StartLocalServer Successfully started local server at 127.0.0.1:9414[0m
[97m/home/cvazquezperezdelacru/clio-core/context-runtime/src/manager.cc:137 INFO 1169652 ClientInit RuntimeManager::ClientInit[0m
[97m/home/cvazquezperezdelacru/clio-core/context-runtime/src/manager.cc:181 INFO 1169652 ClientInit ClientInit: g_admin already exists, pool_id_=PoolId(major:0, minor:0)[0m
[97m/home/cvazquezperezdelacru/clio-core/context-runtime/src/pool_manager.cc:534 INFO 1169673 CreatePool PoolManager: Creating pool '/mnt/nvme/cvazquezperezdelacru/cte_tier_node0' with 2 containers (one per node)[0m
[97m/home/cvazquezperezdelacru/clio-core/context-runtime/src/pool_manager.cc:615 INFO 1169673 CreatePool Creating container for pool PoolId(major:513, minor:1) on node 1 with container_id=1[0m
[97m/home/cvazquezperezdelacru/clio-core/context-runtime/src/pool_manager.cc:644 INFO 1169673 CreatePool Container initialized with pool ID PoolId(major:513, minor:1), name /mnt/nvme/cvazquezperezdelacru/cte_tier_node0, and container ID 1[0m
[97m/home/cvazquezperezdelacru/clio-core/context-runtime/src/pool_manager.cc:663 INFO 1169673 CreatePool CreatePool: Running Create method for pool PoolId(major:513, minor:1)[0m
[97m/home/cvazquezperezdelacru/clio-core/context-runtime/src/pool_manager.cc:666 INFO 1169673 CreatePool CreatePool: Create method completed for pool PoolId(major:513, minor:1)[0m
[97m/home/cvazquezperezdelacru/clio-core/context-runtime/src/pool_manager.cc:700 INFO 1169673 CreatePool PoolManager: Created complete pool PoolId(major:513, minor:1) with ChiMod clio_bdev (2 containers)[0m
[97m/home/cvazquezperezdelacru/clio-core/context-runtime/src/pool_manager.cc:534 INFO 1169673 CreatePool PoolManager: Creating pool 'clio_cte_core' with 2 containers (one per node)[0m
[97m/home/cvazquezperezdelacru/clio-core/context-runtime/src/pool_manager.cc:575 INFO 1169673 CreatePool PoolManager: Pool PoolId(major:512, minor:0) already exists by ID, returning existing pool[0m
[97m/home/cvazquezperezdelacru/clio-core/context-runtime/src/ipc_manager.cc:2447 INFO 1169682 IncreaseClientShm IpcManager::IncreaseClientShm: Creating clio_1169652_4 with size 120323912 (86769480 + 33554432 overhead)[0m
[97m/home/cvazquezperezdelacru/clio-core/context-runtime/src/ipc_manager.cc:2492 INFO 1169682 IncreaseClientShm IpcManager::IncreaseClientShm: Created allocator clio_1169652_4 with ID (1169652.4)[0m
[97m/home/cvazquezperezdelacru/clio-core/context-runtime/src/ipc_manager.cc:2447 INFO 1169682 IncreaseClientShm IpcManager::IncreaseClientShm: Creating clio_1169652_5 with size 126823912 (93269480 + 33554432 overhead)[0m
[97m/home/cvazquezperezdelacru/clio-core/context-runtime/src/ipc_manager.cc:2492 INFO 1169682 IncreaseClientShm IpcManager::IncreaseClientShm: Created allocator clio_1169652_5 with ID (1169652.5)[0m
[33m/home/cvazquezperezdelacru/clio-core/context-runtime/src/scheduler/default_sched.cc:430 WARNING 1169681 LoadBalance [#781 PDF] observed exec-time bins (cumulative): <10us=60658 <50us=528 <500us=121 <10ms=90 <50ms=0 <500ms=8 <1s=0 >=1s=0 | stalls_detected=0[0m
[33m/home/cvazquezperezdelacru/clio-core/context-runtime/src/scheduler/default_sched.cc:439 WARNING 1169681 LoadBalance [#785] lane rescues performed: 0[0m
[97m/home/cvazquezperezdelacru/clio-core/context-runtime/src/ipc_manager.cc:2447 INFO 1169682 IncreaseClientShm IpcManager::IncreaseClientShm: Creating clio_1169652_6 with size 126927912 (93373480 + 33554432 overhead)[0m
[97m/home/cvazquezperezdelacru/clio-core/context-runtime/src/ipc_manager.cc:2492 INFO 1169682 IncreaseClientShm IpcManager::IncreaseClientShm: Created allocator clio_1169652_6 with ID (1169652.6)[0m
[97m/home/cvazquezperezdelacru/clio-core/context-runtime/src/ipc_manager.cc:2447 INFO 1169682 IncreaseClientShm IpcManager::IncreaseClientShm: Creating clio_1169652_7 with size 131464912 (97910480 + 33554432 overhead)[0m
[97m/home/cvazquezperezdelacru/clio-core/context-runtime/src/ipc_manager.cc:2492 INFO 1169682 IncreaseClientShm IpcManager::IncreaseClientShm: Created allocator clio_1169652_7 with ID (1169652.7)[0m
[33m/home/cvazquezperezdelacru/clio-core/context-runtime/src/scheduler/default_sched.cc:430 WARNING 1169681 LoadBalance [#781 PDF] observed exec-time bins (cumulative): <10us=128456 <50us=1033 <500us=313 <10ms=232 <50ms=1 <500ms=15 <1s=0 >=1s=0 | stalls_detected=0[0m
[33m/home/cvazquezperezdelacru/clio-core/context-runtime/src/scheduler/default_sched.cc:439 WARNING 1169681 LoadBalance [#785] lane rescues performed: 0[0m
[97m/home/cvazquezperezdelacru/clio-core/context-runtime/src/ipc_manager.cc:2447 INFO 1169682 IncreaseClientShm IpcManager::IncreaseClientShm: Creating clio_1169652_8 with size 134568016 (101013584 + 33554432 overhead)[0m
[97m/home/cvazquezperezdelacru/clio-core/context-runtime/src/ipc_manager.cc:2492 INFO 1169682 IncreaseClientShm IpcManager::IncreaseClientShm: Created allocator clio_1169652_8 with ID (1169652.8)[0m
[33m/home/cvazquezperezdelacru/clio-core/context-runtime/src/scheduler/default_sched.cc:430 WARNING 1169681 LoadBalance [#781 PDF] observed exec-time bins (cumulative): <10us=196300 <50us=1527 <500us=471 <10ms=361 <50ms=1 <500ms=21 <1s=0 >=1s=0 | stalls_detected=0[0m
[33m/home/cvazquezperezdelacru/clio-core/context-runtime/src/scheduler/default_sched.cc:439 WARNING 1169681 LoadBalance [#785] lane rescues performed: 0[0m
[97m/home/cvazquezperezdelacru/clio-core/context-runtime/src/ipc_manager.cc:2447 INFO 1169682 IncreaseClientShm IpcManager::IncreaseClientShm: Creating clio_1169652_9 with size 127142416 (93587984 + 33554432 overhead)[0m
[97m/home/cvazquezperezdelacru/clio-core/context-runtime/src/ipc_manager.cc:2492 INFO 1169682 IncreaseClientShm IpcManager::IncreaseClientShm: Created allocator clio_1169652_9 with ID (1169652.9)[0m
[97m/home/cvazquezperezdelacru/clio-core/context-runtime/src/ipc_manager.cc:2447 INFO 1169682 IncreaseClientShm IpcManager::IncreaseClientShm: Creating clio_1169652_10 with size 128753112 (95198680 + 33554432 overhead)[0m
[97m/home/cvazquezperezdelacru/clio-core/context-runtime/src/ipc_manager.cc:2492 INFO 1169682 IncreaseClientShm IpcManager::IncreaseClientShm: Created allocator clio_1169652_10 with ID (1169652.10)[0m
[33m/home/cvazquezperezdelacru/clio-core/context-runtime/src/scheduler/default_sched.cc:430 WARNING 1169681 LoadBalance [#781 PDF] observed exec-time bins (cumulative): <10us=264053 <50us=2082 <500us=663 <10ms=539 <50ms=1 <500ms=29 <1s=0 >=1s=0 | stalls_detected=0[0m
[33m/home/cvazquezperezdelacru/clio-core/context-runtime/src/scheduler/default_sched.cc:439 WARNING 1169681 LoadBalance [#785] lane rescues performed: 0[0m
[97m/home/cvazquezperezdelacru/clio-core/context-runtime/src/ipc_manager.cc:2447 INFO 1169682 IncreaseClientShm IpcManager::IncreaseClientShm: Creating clio_1169652_11 with size 126777112 (93222680 + 33554432 overhead)[0m
[97m/home/cvazquezperezdelacru/clio-core/context-runtime/src/ipc_manager.cc:2492 INFO 1169682 IncreaseClientShm IpcManager::IncreaseClientShm: Created allocator clio_1169652_11 with ID (1169652.11)[0m
[97m/home/cvazquezperezdelacru/clio-core/context-runtime/src/ipc_manager.cc:2447 INFO 1169682 IncreaseClientShm IpcManager::IncreaseClientShm: Creating clio_1169652_12 with size 141186312 (107631880 + 33554432 overhead)[0m
[97m/home/cvazquezperezdelacru/clio-core/context-runtime/src/ipc_manager.cc:2492 INFO 1169682 IncreaseClientShm IpcManager::IncreaseClientShm: Created allocator clio_1169652_12 with ID (1169652.12)[0m
[33m/home/cvazquezperezdelacru/clio-core/context-runtime/src/scheduler/default_sched.cc:430 WARNING 1169681 LoadBalance [#781 PDF] observed exec-time bins (cumulative): <10us=331709 <50us=2605 <500us=843 <10ms=702 <50ms=1 <500ms=37 <1s=0 >=1s=0 | stalls_detected=0[0m
[33m/home/cvazquezperezdelacru/clio-core/context-runtime/src/scheduler/default_sched.cc:439 WARNING 1169681 LoadBalance [#785] lane rescues performed: 0[0m
[97m/home/cvazquezperezdelacru/clio-core/context-runtime/src/ipc_manager.cc:2447 INFO 1169682 IncreaseClientShm IpcManager::IncreaseClientShm: Creating clio_1169652_13 with size 127304912 (93750480 + 33554432 overhead)[0m
[97m/home/cvazquezperezdelacru/clio-core/context-runtime/src/ipc_manager.cc:2492 INFO 1169682 IncreaseClientShm IpcManager::IncreaseClientShm: Created allocator clio_1169652_13 with ID (1169652.13)[0m
[33m/home/cvazquezperezdelacru/clio-core/context-runtime/src/scheduler/default_sched.cc:430 WARNING 1169681 LoadBalance [#781 PDF] observed exec-time bins (cumulative): <10us=398419 <50us=3851 <500us=1013 <10ms=824 <50ms=1 <500ms=43 <1s=0 >=1s=0 | stalls_detected=0[0m
[33m/home/cvazquezperezdelacru/clio-core/context-runtime/src/scheduler/default_sched.cc:439 WARNING 1169681 LoadBalance [#785] lane rescues performed: 0[0m
[97m/home/cvazquezperezdelacru/clio-core/context-runtime/src/ipc_manager.cc:2447 INFO 1169682 IncreaseClientShm IpcManager::IncreaseClientShm: Creating clio_1169652_14 with size 132254016 (98699584 + 33554432 overhead)[0m
[97m/home/cvazquezperezdelacru/clio-core/context-runtime/src/ipc_manager.cc:2492 INFO 1169682 IncreaseClientShm IpcManager::IncreaseClientShm: Created allocator clio_1169652_14 with ID (1169652.14)[0m
[33m/home/cvazquezperezdelacru/clio-core/context-runtime/src/scheduler/default_sched.cc:430 WARNING 1169681 LoadBalance [#781 PDF] observed exec-time bins (cumulative): <10us=465135 <50us=5469 <500us=1184 <10ms=938 <50ms=1 <500ms=49 <1s=0 >=1s=0 | stalls_detected=0[0m
[33m/home/cvazquezperezdelacru/clio-core/context-runtime/src/scheduler/default_sched.cc:439 WARNING 1169681 LoadBalance [#785] lane rescues performed: 0[0m
[97m/home/cvazquezperezdelacru/clio-core/context-runtime/src/ipc_manager.cc:2447 INFO 1169682 IncreaseClientShm IpcManager::IncreaseClientShm: Creating clio_1169652_15 with size 132192912 (98638480 + 33554432 overhead)[0m
[97m/home/cvazquezperezdelacru/clio-core/context-runtime/src/ipc_manager.cc:2492 INFO 1169682 IncreaseClientShm IpcManager::IncreaseClientShm: Created allocator clio_1169652_15 with ID (1169652.15)[0m
[33m/home/cvazquezperezdelacru/clio-core/context-runtime/src/scheduler/default_sched.cc:430 WARNING 1169681 LoadBalance [#781 PDF] observed exec-time bins (cumulative): <10us=532502 <50us=5894 <500us=1300 <10ms=1046 <50ms=1 <500ms=54 <1s=0 >=1s=0 | stalls_detected=0[0m
[33m/home/cvazquezperezdelacru/clio-core/context-runtime/src/scheduler/default_sched.cc:439 WARNING 1169681 LoadBalance [#785] lane rescues performed: 0[0m
[97m/home/cvazquezperezdelacru/clio-core/context-runtime/src/ipc_manager.cc:2447 INFO 1169682 IncreaseClientShm IpcManager::IncreaseClientShm: Creating clio_1169652_16 with size 130431408 (96876976 + 33554432 overhead)[0m
[97m/home/cvazquezperezdelacru/clio-core/context-runtime/src/ipc_manager.cc:2492 INFO 1169682 IncreaseClientShm IpcManager::IncreaseClientShm: Created allocator clio_1169652_16 with ID (1169652.16)[0m
[97m/home/cvazquezperezdelacru/clio-core/context-runtime/src/ipc_manager.cc:2447 INFO 1169682 IncreaseClientShm IpcManager::IncreaseClientShm: Creating clio_1169652_17 with size 130404112 (96849680 + 33554432 overhead)[0m
[97m/home/cvazquezperezdelacru/clio-core/context-runtime/src/ipc_manager.cc:2492 INFO 1169682 IncreaseClientShm IpcManager::IncreaseClientShm: Created allocator clio_1169652_17 with ID (1169652.17)[0m
[33m/home/cvazquezperezdelacru/clio-core/context-runtime/src/scheduler/default_sched.cc:430 WARNING 1169681 LoadBalance [#781 PDF] observed exec-time bins (cumulative): <10us=600517 <50us=6401 <500us=1456 <10ms=1192 <50ms=1 <500ms=60 <1s=0 >=1s=0 | stalls_detected=0[0m
[33m/home/cvazquezperezdelacru/clio-core/context-runtime/src/scheduler/default_sched.cc:439 WARNING 1169681 LoadBalance [#785] lane rescues performed: 0[0m
[97m/home/cvazquezperezdelacru/clio-core/context-runtime/src/ipc_manager.cc:2447 INFO 1169682 IncreaseClientShm IpcManager::IncreaseClientShm: Creating clio_1169652_18 with size 127457008 (93902576 + 33554432 overhead)[0m
[97m/home/cvazquezperezdelacru/clio-core/context-runtime/src/ipc_manager.cc:2492 INFO 1169682 IncreaseClientShm IpcManager::IncreaseClientShm: Created allocator clio_1169652_18 with ID (1169652.18)[0m
[33m/home/cvazquezperezdelacru/clio-core/context-runtime/src/scheduler/default_sched.cc:430 WARNING 1169681 LoadBalance [#781 PDF] observed exec-time bins (cumulative): <10us=668227 <50us=6910 <500us=1630 <10ms=1337 <50ms=1 <500ms=67 <1s=0 >=1s=0 | stalls_detected=0[0m
[33m/home/cvazquezperezdelacru/clio-core/context-runtime/src/scheduler/default_sched.cc:439 WARNING 1169681 LoadBalance [#785] lane rescues performed: 0[0m
[97m/home/cvazquezperezdelacru/clio-core/context-runtime/src/ipc_manager.cc:2447 INFO 1169682 IncreaseClientShm IpcManager::IncreaseClientShm: Creating clio_1169652_19 with size 149146208 (115591776 + 33554432 overhead)[0m
[97m/home/cvazquezperezdelacru/clio-core/context-runtime/src/ipc_manager.cc:2492 INFO 1169682 IncreaseClientShm IpcManager::IncreaseClientShm: Created allocator clio_1169652_19 with ID (1169652.19)[0m
[97m/home/cvazquezperezdelacru/clio-core/context-runtime/src/ipc_manager.cc:2447 INFO 1169682 IncreaseClientShm IpcManager::IncreaseClientShm: Creating clio_1169652_20 with size 135312912 (101758480 + 33554432 overhead)[0m
[97m/home/cvazquezperezdelacru/clio-core/context-runtime/src/ipc_manager.cc:2492 INFO 1169682 IncreaseClientShm IpcManager::IncreaseClientShm: Created allocator clio_1169652_20 with ID (1169652.20)[0m
[33m/home/cvazquezperezdelacru/clio-core/context-runtime/src/scheduler/default_sched.cc:430 WARNING 1169681 LoadBalance [#781 PDF] observed exec-time bins (cumulative): <10us=735984 <50us=8012 <500us=1842 <10ms=1506 <50ms=1 <500ms=75 <1s=0 >=1s=0 | stalls_detected=0[0m
[33m/home/cvazquezperezdelacru/clio-core/context-runtime/src/scheduler/default_sched.cc:439 WARNING 1169681 LoadBalance [#785] lane rescues performed: 0[0m
[97m/home/cvazquezperezdelacru/clio-core/context-runtime/src/ipc_manager.cc:2447 INFO 1169682 IncreaseClientShm IpcManager::IncreaseClientShm: Creating clio_1169652_21 with size 156653712 (123099280 + 33554432 overhead)[0m
[97m/home/cvazquezperezdelacru/clio-core/context-runtime/src/ipc_manager.cc:2492 INFO 1169682 IncreaseClientShm IpcManager::IncreaseClientShm: Created allocator clio_1169652_21 with ID (1169652.21)[0m
[33m/home/cvazquezperezdelacru/clio-core/context-runtime/src/scheduler/default_sched.cc:430 WARNING 1169681 LoadBalance [#781 PDF] observed exec-time bins (cumulative): <10us=805447 <50us=8668 <500us=2023 <10ms=1669 <50ms=1 <500ms=83 <1s=0 >=1s=0 | stalls_detected=0[0m
[33m/home/cvazquezperezdelacru/clio-core/context-runtime/src/scheduler/default_sched.cc:439 WARNING 1169681 LoadBalance [#785] lane rescues performed: 0[0m
[97m/home/cvazquezperezdelacru/clio-core/context-runtime/src/ipc_manager.cc:2447 INFO 1169682 IncreaseClientShm IpcManager::IncreaseClientShm: Creating clio_1169652_22 with size 127061808 (93507376 + 33554432 overhead)[0m
[97m/home/cvazquezperezdelacru/clio-core/context-runtime/src/ipc_manager.cc:2492 INFO 1169682 IncreaseClientShm IpcManager::IncreaseClientShm: Created allocator clio_1169652_22 with ID (1169652.22)[0m
[97m/home/cvazquezperezdelacru/clio-core/context-runtime/src/ipc_manager.cc:2447 INFO 1169682 IncreaseClientShm IpcManager::IncreaseClientShm: Creating clio_1169652_23 with size 128940312 (95385880 + 33554432 overhead)[0m
[97m/home/cvazquezperezdelacru/clio-core/context-runtime/src/ipc_manager.cc:2492 INFO 1169682 IncreaseClientShm IpcManager::IncreaseClientShm: Created allocator clio_1169652_23 with ID (1169652.23)[0m
[33m/home/cvazquezperezdelacru/clio-core/context-runtime/src/scheduler/default_sched.cc:430 WARNING 1169681 LoadBalance [#781 PDF] observed exec-time bins (cumulative): <10us=873832 <50us=9722 <500us=2238 <10ms=1845 <50ms=1 <500ms=91 <1s=0 >=1s=0 | stalls_detected=0[0m
[33m/home/cvazquezperezdelacru/clio-core/context-runtime/src/scheduler/default_sched.cc:439 WARNING 1169681 LoadBalance [#785] lane rescues performed: 0[0m
[97m/home/cvazquezperezdelacru/clio-core/context-runtime/src/ipc_manager.cc:2447 INFO 1169682 IncreaseClientShm IpcManager::IncreaseClientShm: Creating clio_1169652_24 with size 131509112 (97954680 + 33554432 overhead)[0m
[97m/home/cvazquezperezdelacru/clio-core/context-runtime/src/ipc_manager.cc:2492 INFO 1169682 IncreaseClientShm IpcManager::IncreaseClientShm: Created allocator clio_1169652_24 with ID (1169652.24)[0m
[97m/home/cvazquezperezdelacru/clio-core/context-runtime/src/ipc_manager.cc:2447 INFO 1169682 IncreaseClientShm IpcManager::IncreaseClientShm: Creating clio_1169652_25 with size 127993912 (94439480 + 33554432 overhead)[0m
[97m/home/cvazquezperezdelacru/clio-core/context-runtime/src/ipc_manager.cc:2492 INFO 1169682 IncreaseClientShm IpcManager::IncreaseClientShm: Created allocator clio_1169652_25 with ID (1169652.25)[0m
[33m/home/cvazquezperezdelacru/clio-core/context-runtime/src/scheduler/default_sched.cc:430 WARNING 1169681 LoadBalance [#781 PDF] observed exec-time bins (cumulative): <10us=941129 <50us=10840 <500us=2405 <10ms=1991 <50ms=1 <500ms=98 <1s=0 >=1s=0 | stalls_detected=0[0m
[33m/home/cvazquezperezdelacru/clio-core/context-runtime/src/scheduler/default_sched.cc:439 WARNING 1169681 LoadBalance [#785] lane rescues performed: 0[0m
[97m/home/cvazquezperezdelacru/clio-core/context-runtime/src/ipc_manager.cc:2447 INFO 1169682 IncreaseClientShm IpcManager::IncreaseClientShm: Creating clio_1169652_26 with size 127486912 (93932480 + 33554432 overhead)[0m
[97m/home/cvazquezperezdelacru/clio-core/context-runtime/src/ipc_manager.cc:2492 INFO 1169682 IncreaseClientShm IpcManager::IncreaseClientShm: Created allocator clio_1169652_26 with ID (1169652.26)[0m
[33m/home/cvazquezperezdelacru/clio-core/context-runtime/src/scheduler/default_sched.cc:430 WARNING 1169681 LoadBalance [#781 PDF] observed exec-time bins (cumulative): <10us=1009549 <50us=11387 <500us=2567 <10ms=2120 <50ms=1 <500ms=105 <1s=0 >=1s=0 | stalls_detected=0[0m
[33m/home/cvazquezperezdelacru/clio-core/context-runtime/src/scheduler/default_sched.cc:439 WARNING 1169681 LoadBalance [#785] lane rescues performed: 0[0m
[97m/home/cvazquezperezdelacru/clio-core/context-runtime/src/ipc_manager.cc:2447 INFO 1169682 IncreaseClientShm IpcManager::IncreaseClientShm: Creating clio_1169652_27 with size 131988816 (98434384 + 33554432 overhead)[0m
[97m/home/cvazquezperezdelacru/clio-core/context-runtime/src/ipc_manager.cc:2492 INFO 1169682 IncreaseClientShm IpcManager::IncreaseClientShm: Created allocator clio_1169652_27 with ID (1169652.27)[0m
[33m/home/cvazquezperezdelacru/clio-core/context-runtime/src/scheduler/default_sched.cc:430 WARNING 1169681 LoadBalance [#781 PDF] observed exec-time bins (cumulative): <10us=1077589 <50us=11870 <500us=2714 <10ms=2252 <50ms=1 <500ms=111 <1s=0 >=1s=0 | stalls_detected=0[0m
[33m/home/cvazquezperezdelacru/clio-core/context-runtime/src/scheduler/default_sched.cc:439 WARNING 1169681 LoadBalance [#785] lane rescues performed: 0[0m
[97m/home/cvazquezperezdelacru/clio-core/context-runtime/src/ipc_manager.cc:2447 INFO 1169682 IncreaseClientShm IpcManager::IncreaseClientShm: Creating clio_1169652_28 with size 133060016 (99505584 + 33554432 overhead)[0m
[97m/home/cvazquezperezdelacru/clio-core/context-runtime/src/ipc_manager.cc:2492 INFO 1169682 IncreaseClientShm IpcManager::IncreaseClientShm: Created allocator clio_1169652_28 with ID (1169652.28)[0m
[97m/home/cvazquezperezdelacru/clio-core/context-runtime/src/ipc_manager.cc:2447 INFO 1169682 IncreaseClientShm IpcManager::IncreaseClientShm: Creating clio_1169652_29 with size 139864208 (106309776 + 33554432 overhead)[0m
[97m/home/cvazquezperezdelacru/clio-core/context-runtime/src/ipc_manager.cc:2492 INFO 1169682 IncreaseClientShm IpcManager::IncreaseClientShm: Created allocator clio_1169652_29 with ID (1169652.29)[0m
[33m/home/cvazquezperezdelacru/clio-core/context-runtime/src/scheduler/default_sched.cc:430 WARNING 1169681 LoadBalance [#781 PDF] observed exec-time bins (cumulative): <10us=1145809 <50us=12622 <500us=2877 <10ms=2395 <50ms=2 <500ms=117 <1s=0 >=1s=0 | stalls_detected=0[0m
[33m/home/cvazquezperezdelacru/clio-core/context-runtime/src/scheduler/default_sched.cc:439 WARNING 1169681 LoadBalance [#785] lane rescues performed: 0[0m
[97m/home/cvazquezperezdelacru/clio-core/context-runtime/src/ipc_manager.cc:2447 INFO 1169682 IncreaseClientShm IpcManager::IncreaseClientShm: Creating clio_1169652_30 with size 144422016 (110867584 + 33554432 overhead)[0m
[97m/home/cvazquezperezdelacru/clio-core/context-runtime/src/ipc_manager.cc:2492 INFO 1169682 IncreaseClientShm IpcManager::IncreaseClientShm: Created allocator clio_1169652_30 with ID (1169652.30)[0m
[33m/home/cvazquezperezdelacru/clio-core/context-runtime/src/scheduler/default_sched.cc:430 WARNING 1169681 LoadBalance [#781 PDF] observed exec-time bins (cumulative): <10us=1211863 <50us=15198 <500us=3111 <10ms=2561 <50ms=2 <500ms=125 <1s=0 >=1s=0 | stalls_detected=0[0m
[33m/home/cvazquezperezdelacru/clio-core/context-runtime/src/scheduler/default_sched.cc:439 WARNING 1169681 LoadBalance [#785] lane rescues performed: 0[0m
[97m/home/cvazquezperezdelacru/clio-core/context-runtime/src/ipc_manager.cc:2447 INFO 1169682 IncreaseClientShm IpcManager::IncreaseClientShm: Creating clio_1169652_31 with size 132880608 (99326176 + 33554432 overhead)[0m
[97m/home/cvazquezperezdelacru/clio-core/context-runtime/src/ipc_manager.cc:2492 INFO 1169682 IncreaseClientShm IpcManager::IncreaseClientShm: Created allocator clio_1169652_31 with ID (1169652.31)[0m
[33m/home/cvazquezperezdelacru/clio-core/context-runtime/src/scheduler/default_sched.cc:430 WARNING 1169681 LoadBalance [#781 PDF] observed exec-time bins (cumulative): <10us=1275524 <50us=19426 <500us=3292 <10ms=2671 <50ms=2 <500ms=130 <1s=0 >=1s=0 | stalls_detected=0[0m
[33m/home/cvazquezperezdelacru/clio-core/context-runtime/src/scheduler/default_sched.cc:439 WARNING 1169681 LoadBalance [#785] lane rescues performed: 0[0m
[97m/home/cvazquezperezdelacru/clio-core/context-runtime/src/ipc_manager.cc:2447 INFO 1169682 IncreaseClientShm IpcManager::IncreaseClientShm: Creating clio_1169652_32 with size 135930416 (102375984 + 33554432 overhead)[0m
[97m/home/cvazquezperezdelacru/clio-core/context-runtime/src/ipc_manager.cc:2492 INFO 1169682 IncreaseClientShm IpcManager::IncreaseClientShm: Created allocator clio_1169652_32 with ID (1169652.32)[0m
[33m/home/cvazquezperezdelacru/clio-core/context-runtime/src/scheduler/default_sched.cc:430 WARNING 1169681 LoadBalance [#781 PDF] observed exec-time bins (cumulative): <10us=1340146 <50us=22640 <500us=3481 <10ms=2779 <50ms=2 <500ms=135 <1s=0 >=1s=0 | stalls_detected=0[0m
[33m/home/cvazquezperezdelacru/clio-core/context-runtime/src/scheduler/default_sched.cc:439 WARNING 1169681 LoadBalance [#785] lane rescues performed: 0[0m
[97m/home/cvazquezperezdelacru/clio-core/context-runtime/src/ipc_manager.cc:2447 INFO 1169682 IncreaseClientShm IpcManager::IncreaseClientShm: Creating clio_1169652_33 with size 127671512 (94117080 + 33554432 overhead)[0m
[97m/home/cvazquezperezdelacru/clio-core/context-runtime/src/ipc_manager.cc:2492 INFO 1169682 IncreaseClientShm IpcManager::IncreaseClientShm: Created allocator clio_1169652_33 with ID (1169652.33)[0m
[97m/home/cvazquezperezdelacru/clio-core/context-runtime/src/ipc_manager.cc:2447 INFO 1169682 IncreaseClientShm IpcManager::IncreaseClientShm: Creating clio_1169652_34 with size 128822016 (95267584 + 33554432 overhead)[0m
[97m/home/cvazquezperezdelacru/clio-core/context-runtime/src/ipc_manager.cc:2492 INFO 1169682 IncreaseClientShm IpcManager::IncreaseClientShm: Created allocator clio_1169652_34 with ID (1169652.34)[0m
[33m/home/cvazquezperezdelacru/clio-core/context-runtime/src/scheduler/default_sched.cc:430 WARNING 1169681 LoadBalance [#781 PDF] observed exec-time bins (cumulative): <10us=1406770 <50us=23960 <500us=3610 <10ms=2896 <50ms=2 <500ms=141 <1s=0 >=1s=0 | stalls_detected=0[0m
[33m/home/cvazquezperezdelacru/clio-core/context-runtime/src/scheduler/default_sched.cc:439 WARNING 1169681 LoadBalance [#785] lane rescues performed: 0[0m
[97m/home/cvazquezperezdelacru/clio-core/context-runtime/src/ipc_manager.cc:2447 INFO 1169682 IncreaseClientShm IpcManager::IncreaseClientShm: Creating clio_1169652_35 with size 127896416 (94341984 + 33554432 overhead)[0m
[97m/home/cvazquezperezdelacru/clio-core/context-runtime/src/ipc_manager.cc:2492 INFO 1169682 IncreaseClientShm IpcManager::IncreaseClientShm: Created allocator clio_1169652_35 with ID (1169652.35)[0m
[33m/home/cvazquezperezdelacru/clio-core/context-runtime/src/scheduler/default_sched.cc:430 WARNING 1169681 LoadBalance [#781 PDF] observed exec-time bins (cumulative): <10us=1475731 <50us=24568 <500us=3812 <10ms=3070 <50ms=2 <500ms=148 <1s=0 >=1s=0 | stalls_detected=0[0m
[33m/home/cvazquezperezdelacru/clio-core/context-runtime/src/scheduler/default_sched.cc:439 WARNING 1169681 LoadBalance [#785] lane rescues performed: 0[0m
[97m/home/cvazquezperezdelacru/clio-core/context-runtime/src/ipc_manager.cc:2447 INFO 1169682 IncreaseClientShm IpcManager::IncreaseClientShm: Creating clio_1169652_36 with size 126437808 (92883376 + 33554432 overhead)[0m
[97m/home/cvazquezperezdelacru/clio-core/context-runtime/src/ipc_manager.cc:2492 INFO 1169682 IncreaseClientShm IpcManager::IncreaseClientShm: Created allocator clio_1169652_36 with ID (1169652.36)[0m
[97m/home/cvazquezperezdelacru/clio-core/context-runtime/src/ipc_manager.cc:2447 INFO 1169682 IncreaseClientShm IpcManager::IncreaseClientShm: Creating clio_1169652_37 with size 128858416 (95303984 + 33554432 overhead)[0m
[97m/home/cvazquezperezdelacru/clio-core/context-runtime/src/ipc_manager.cc:2492 INFO 1169682 IncreaseClientShm IpcManager::IncreaseClientShm: Created allocator clio_1169652_37 with ID (1169652.37)[0m
[33m/home/cvazquezperezdelacru/clio-core/context-runtime/src/scheduler/default_sched.cc:430 WARNING 1169681 LoadBalance [#781 PDF] observed exec-time bins (cumulative): <10us=1544520 <50us=25111 <500us=4004 <10ms=3238 <50ms=2 <500ms=156 <1s=0 >=1s=0 | stalls_detected=0[0m
[33m/home/cvazquezperezdelacru/clio-core/context-runtime/src/scheduler/default_sched.cc:439 WARNING 1169681 LoadBalance [#785] lane rescues performed: 0[0m
[97m/home/cvazquezperezdelacru/clio-core/context-runtime/src/ipc_manager.cc:2447 INFO 1169682 IncreaseClientShm IpcManager::IncreaseClientShm: Creating clio_1169652_38 with size 128985808 (95431376 + 33554432 overhead)[0m
[97m/home/cvazquezperezdelacru/clio-core/context-runtime/src/ipc_manager.cc:2492 INFO 1169682 IncreaseClientShm IpcManager::IncreaseClientShm: Created allocator clio_1169652_38 with ID (1169652.38)[0m
[97m/home/cvazquezperezdelacru/clio-core/context-runtime/src/ipc_manager.cc:2447 INFO 1169682 IncreaseClientShm IpcManager::IncreaseClientShm: Creating clio_1169652_39 with size 128695912 (95141480 + 33554432 overhead)[0m
[97m/home/cvazquezperezdelacru/clio-core/context-runtime/src/ipc_manager.cc:2492 INFO 1169682 IncreaseClientShm IpcManager::IncreaseClientShm: Created allocator clio_1169652_39 with ID (1169652.39)[0m
[33m/home/cvazquezperezdelacru/clio-core/context-runtime/src/scheduler/default_sched.cc:430 WARNING 1169681 LoadBalance [#781 PDF] observed exec-time bins (cumulative): <10us=1611790 <50us=27655 <500us=4219 <10ms=3383 <50ms=2 <500ms=163 <1s=0 >=1s=0 | stalls_detected=0[0m
[33m/home/cvazquezperezdelacru/clio-core/context-runtime/src/scheduler/default_sched.cc:439 WARNING 1169681 LoadBalance [#785] lane rescues performed: 0[0m
[97m/home/cvazquezperezdelacru/clio-core/context-runtime/src/ipc_manager.cc:2447 INFO 1169682 IncreaseClientShm IpcManager::IncreaseClientShm: Creating clio_1169652_40 with size 143071312 (109516880 + 33554432 overhead)[0m
[97m/home/cvazquezperezdelacru/clio-core/context-runtime/src/ipc_manager.cc:2492 INFO 1169682 IncreaseClientShm IpcManager::IncreaseClientShm: Created allocator clio_1169652_40 with ID (1169652.40)[0m
[33m/home/cvazquezperezdelacru/clio-core/context-runtime/src/scheduler/default_sched.cc:430 WARNING 1169681 LoadBalance [#781 PDF] observed exec-time bins (cumulative): <10us=1678942 <50us=30054 <500us=4439 <10ms=3541 <50ms=2 <500ms=170 <1s=0 >=1s=0 | stalls_detected=0[0m
[33m/home/cvazquezperezdelacru/clio-core/context-runtime/src/scheduler/default_sched.cc:439 WARNING 1169681 LoadBalance [#785] lane rescues performed: 0[0m
[97m/home/cvazquezperezdelacru/clio-core/context-runtime/src/ipc_manager.cc:2447 INFO 1169682 IncreaseClientShm IpcManager::IncreaseClientShm: Creating clio_1169652_41 with size 134856608 (101302176 + 33554432 overhead)[0m
[97m/home/cvazquezperezdelacru/clio-core/context-runtime/src/ipc_manager.cc:2492 INFO 1169682 IncreaseClientShm IpcManager::IncreaseClientShm: Created allocator clio_1169652_41 with ID (1169652.41)[0m
[97m/home/cvazquezperezdelacru/clio-core/context-runtime/src/ipc_manager.cc:2447 INFO 1169682 IncreaseClientShm IpcManager::IncreaseClientShm: Creating clio_1169652_42 with size 155683912 (122129480 + 33554432 overhead)[0m
[97m/home/cvazquezperezdelacru/clio-core/context-runtime/src/ipc_manager.cc:2492 INFO 1169682 IncreaseClientShm IpcManager::IncreaseClientShm: Created allocator clio_1169652_42 with ID (1169652.42)[0m
[33m/home/cvazquezperezdelacru/clio-core/context-runtime/src/scheduler/default_sched.cc:430 WARNING 1169681 LoadBalance [#781 PDF] observed exec-time bins (cumulative): <10us=1747102 <50us=32530 <500us=4701 <10ms=3714 <50ms=2 <500ms=178 <1s=0 >=1s=0 | stalls_detected=0[0m
[33m/home/cvazquezperezdelacru/clio-core/context-runtime/src/scheduler/default_sched.cc:439 WARNING 1169681 LoadBalance [#785] lane rescues performed: 0[0m
[97m/home/cvazquezperezdelacru/clio-core/context-runtime/src/ipc_manager.cc:2447 INFO 1169682 IncreaseClientShm IpcManager::IncreaseClientShm: Creating clio_1169652_43 with size 128289008 (94734576 + 33554432 overhead)[0m
[97m/home/cvazquezperezdelacru/clio-core/context-runtime/src/ipc_manager.cc:2492 INFO 1169682 IncreaseClientShm IpcManager::IncreaseClientShm: Created allocator clio_1169652_43 with ID (1169652.43)[0m
[33m/home/cvazquezperezdelacru/clio-core/context-runtime/src/scheduler/default_sched.cc:430 WARNING 1169681 LoadBalance [#781 PDF] observed exec-time bins (cumulative): <10us=1813726 <50us=35469 <500us=4937 <10ms=3894 <50ms=2 <500ms=186 <1s=0 >=1s=0 | stalls_detected=0[0m
[33m/home/cvazquezperezdelacru/clio-core/context-runtime/src/scheduler/default_sched.cc:439 WARNING 1169681 LoadBalance [#785] lane rescues performed: 0[0m
[97m/home/cvazquezperezdelacru/clio-core/context-runtime/src/ipc_manager.cc:2447 INFO 1169682 IncreaseClientShm IpcManager::IncreaseClientShm: Creating clio_1169652_44 with size 148533912 (114979480 + 33554432 overhead)[0m
[97m/home/cvazquezperezdelacru/clio-core/context-runtime/src/ipc_manager.cc:2492 INFO 1169682 IncreaseClientShm IpcManager::IncreaseClientShm: Created allocator clio_1169652_44 with ID (1169652.44)[0m
[97m/home/cvazquezperezdelacru/clio-core/context-runtime/src/ipc_manager.cc:2447 INFO 1169682 IncreaseClientShm IpcManager::IncreaseClientShm: Creating clio_1169652_45 with size 130985216 (97430784 + 33554432 overhead)[0m
[97m/home/cvazquezperezdelacru/clio-core/context-runtime/src/ipc_manager.cc:2492 INFO 1169682 IncreaseClientShm IpcManager::IncreaseClientShm: Created allocator clio_1169652_45 with ID (1169652.45)[0m
[33m/home/cvazquezperezdelacru/clio-core/context-runtime/src/scheduler/default_sched.cc:430 WARNING 1169681 LoadBalance [#781 PDF] observed exec-time bins (cumulative): <10us=1879220 <50us=37533 <500us=5118 <10ms=4054 <50ms=2 <500ms=194 <1s=0 >=1s=0 | stalls_detected=0[0m
[33m/home/cvazquezperezdelacru/clio-core/context-runtime/src/scheduler/default_sched.cc:439 WARNING 1169681 LoadBalance [#785] lane rescues performed: 0[0m
[97m/home/cvazquezperezdelacru/clio-core/context-runtime/src/ipc_manager.cc:2447 INFO 1169682 IncreaseClientShm IpcManager::IncreaseClientShm: Creating clio_1169652_46 with size 135901808 (102347376 + 33554432 overhead)[0m
[97m/home/cvazquezperezdelacru/clio-core/context-runtime/src/ipc_manager.cc:2492 INFO 1169682 IncreaseClientShm IpcManager::IncreaseClientShm: Created allocator clio_1169652_46 with ID (1169652.46)[0m
[97m/home/cvazquezperezdelacru/clio-core/context-runtime/src/ipc_manager.cc:2447 INFO 1169682 IncreaseClientShm IpcManager::IncreaseClientShm: Creating clio_1169652_47 with size 129420016 (95865584 + 33554432 overhead)[0m
[97m/home/cvazquezperezdelacru/clio-core/context-runtime/src/ipc_manager.cc:2492 INFO 1169682 IncreaseClientShm IpcManager::IncreaseClientShm: Created allocator clio_1169652_47 with ID (1169652.47)[0m
[33m/home/cvazquezperezdelacru/clio-core/context-runtime/src/scheduler/default_sched.cc:430 WARNING 1169681 LoadBalance [#781 PDF] observed exec-time bins (cumulative): <10us=1947090 <50us=38345 <500us=5289 <10ms=4210 <50ms=2 <500ms=201 <1s=0 >=1s=0 | stalls_detected=0[0m
[33m/home/cvazquezperezdelacru/clio-core/context-runtime/src/scheduler/default_sched.cc:439 WARNING 1169681 LoadBalance [#785] lane rescues performed: 0[0m
[97m/home/cvazquezperezdelacru/clio-core/context-runtime/src/ipc_manager.cc:2447 INFO 1169682 IncreaseClientShm IpcManager::IncreaseClientShm: Creating clio_1169652_48 with size 126894112 (93339680 + 33554432 overhead)[0m
[97m/home/cvazquezperezdelacru/clio-core/context-runtime/src/ipc_manager.cc:2492 INFO 1169682 IncreaseClientShm IpcManager::IncreaseClientShm: Created allocator clio_1169652_48 with ID (1169652.48)[0m
[33m/home/cvazquezperezdelacru/clio-core/context-runtime/src/scheduler/default_sched.cc:430 WARNING 1169681 LoadBalance [#781 PDF] observed exec-time bins (cumulative): <10us=2015519 <50us=38878 <500us=5458 <10ms=4357 <50ms=2 <500ms=208 <1s=0 >=1s=0 | stalls_detected=0[0m
[33m/home/cvazquezperezdelacru/clio-core/context-runtime/src/scheduler/default_sched.cc:439 WARNING 1169681 LoadBalance [#785] lane rescues performed: 0[0m
[97m/home/cvazquezperezdelacru/clio-core/context-runtime/src/ipc_manager.cc:2447 INFO 1169682 IncreaseClientShm IpcManager::IncreaseClientShm: Creating clio_1169652_49 with size 139355912 (105801480 + 33554432 overhead)[0m
[97m/home/cvazquezperezdelacru/clio-core/context-runtime/src/ipc_manager.cc:2492 INFO 1169682 IncreaseClientShm IpcManager::IncreaseClientShm: Created allocator clio_1169652_49 with ID (1169652.49)[0m
[33m/home/cvazquezperezdelacru/clio-core/context-runtime/src/scheduler/default_sched.cc:430 WARNING 1169681 LoadBalance [#781 PDF] observed exec-time bins (cumulative): <10us=2080721 <50us=41878 <500us=5628 <10ms=4460 <50ms=2 <500ms=213 <1s=0 >=1s=0 | stalls_detected=0[0m
[33m/home/cvazquezperezdelacru/clio-core/context-runtime/src/scheduler/default_sched.cc:439 WARNING 1169681 LoadBalance [#785] lane rescues performed: 0[0m
[97m/home/cvazquezperezdelacru/clio-core/context-runtime/src/ipc_manager.cc:2447 INFO 1169682 IncreaseClientShm IpcManager::IncreaseClientShm: Creating clio_1169652_50 with size 136397112 (102842680 + 33554432 overhead)[0m
[97m/home/cvazquezperezdelacru/clio-core/context-runtime/src/ipc_manager.cc:2492 INFO 1169682 IncreaseClientShm IpcManager::IncreaseClientShm: Created allocator clio_1169652_50 with ID (1169652.50)[0m
[33m/home/cvazquezperezdelacru/clio-core/context-runtime/src/scheduler/default_sched.cc:430 WARNING 1169681 LoadBalance [#781 PDF] observed exec-time bins (cumulative): <10us=2148501 <50us=42422 <500us=5746 <10ms=4553 <50ms=2 <500ms=217 <1s=0 >=1s=0 | stalls_detected=0[0m
[33m/home/cvazquezperezdelacru/clio-core/context-runtime/src/scheduler/default_sched.cc:439 WARNING 1169681 LoadBalance [#785] lane rescues performed: 0[0m
[97m/home/cvazquezperezdelacru/clio-core/context-runtime/src/ipc_manager.cc:2447 INFO 1169682 IncreaseClientShm IpcManager::IncreaseClientShm: Creating clio_1169652_51 with size 133359008 (99804576 + 33554432 overhead)[0m
[97m/home/cvazquezperezdelacru/clio-core/context-runtime/src/ipc_manager.cc:2492 INFO 1169682 IncreaseClientShm IpcManager::IncreaseClientShm: Created allocator clio_1169652_51 with ID (1169652.51)[0m
[97m/home/cvazquezperezdelacru/clio-core/context-runtime/src/ipc_manager.cc:2447 INFO 1169682 IncreaseClientShm IpcManager::IncreaseClientShm: Creating clio_1169652_52 with size 134207912 (100653480 + 33554432 overhead)[0m
[97m/home/cvazquezperezdelacru/clio-core/context-runtime/src/ipc_manager.cc:2492 INFO 1169682 IncreaseClientShm IpcManager::IncreaseClientShm: Created allocator clio_1169652_52 with ID (1169652.52)[0m
[33m/home/cvazquezperezdelacru/clio-core/context-runtime/src/scheduler/default_sched.cc:430 WARNING 1169681 LoadBalance [#781 PDF] observed exec-time bins (cumulative): <10us=2217108 <50us=42927 <500us=5916 <10ms=4695 <50ms=2 <500ms=224 <1s=0 >=1s=0 | stalls_detected=0[0m
[33m/home/cvazquezperezdelacru/clio-core/context-runtime/src/scheduler/default_sched.cc:439 WARNING 1169681 LoadBalance [#785] lane rescues performed: 0[0m
[97m/home/cvazquezperezdelacru/clio-core/context-runtime/src/ipc_manager.cc:2447 INFO 1169682 IncreaseClientShm IpcManager::IncreaseClientShm: Creating clio_1169652_53 with size 129659216 (96104784 + 33554432 overhead)[0m
[97m/home/cvazquezperezdelacru/clio-core/context-runtime/src/ipc_manager.cc:2492 INFO 1169682 IncreaseClientShm IpcManager::IncreaseClientShm: Created allocator clio_1169652_53 with ID (1169652.53)[0m
[33m/home/cvazquezperezdelacru/clio-core/context-runtime/src/scheduler/default_sched.cc:430 WARNING 1169681 LoadBalance [#781 PDF] observed exec-time bins (cumulative): <10us=2285658 <50us=43453 <500us=6098 <10ms=4850 <50ms=2 <500ms=231 <1s=0 >=1s=0 | stalls_detected=0[0m
[33m/home/cvazquezperezdelacru/clio-core/context-runtime/src/scheduler/default_sched.cc:439 WARNING 1169681 LoadBalance [#785] lane rescues performed: 0[0m
[97m/home/cvazquezperezdelacru/clio-core/context-runtime/src/ipc_manager.cc:2447 INFO 1169682 IncreaseClientShm IpcManager::IncreaseClientShm: Creating clio_1169652_54 with size 130339112 (96784680 + 33554432 overhead)[0m
[97m/home/cvazquezperezdelacru/clio-core/context-runtime/src/ipc_manager.cc:2492 INFO 1169682 IncreaseClientShm IpcManager::IncreaseClientShm: Created allocator clio_1169652_54 with ID (1169652.54)[0m
[97m/home/cvazquezperezdelacru/clio-core/context-runtime/src/ipc_manager.cc:2447 INFO 1169682 IncreaseClientShm IpcManager::IncreaseClientShm: Creating clio_1169652_55 with size 130146712 (96592280 + 33554432 overhead)[0m
[97m/home/cvazquezperezdelacru/clio-core/context-runtime/src/ipc_manager.cc:2492 INFO 1169682 IncreaseClientShm IpcManager::IncreaseClientShm: Created allocator clio_1169652_55 with ID (1169652.55)[0m
[33m/home/cvazquezperezdelacru/clio-core/context-runtime/src/scheduler/default_sched.cc:430 WARNING 1169681 LoadBalance [#781 PDF] observed exec-time bins (cumulative): <10us=2354202 <50us=43996 <500us=6276 <10ms=5003 <50ms=2 <500ms=239 <1s=0 >=1s=0 | stalls_detected=0[0m
[33m/home/cvazquezperezdelacru/clio-core/context-runtime/src/scheduler/default_sched.cc:439 WARNING 1169681 LoadBalance [#785] lane rescues performed: 0[0m
[97m/home/cvazquezperezdelacru/clio-core/context-runtime/src/ipc_manager.cc:2447 INFO 1169682 IncreaseClientShm IpcManager::IncreaseClientShm: Creating clio_1169652_56 with size 131645616 (98091184 + 33554432 overhead)[0m
[97m/home/cvazquezperezdelacru/clio-core/context-runtime/src/ipc_manager.cc:2492 INFO 1169682 IncreaseClientShm IpcManager::IncreaseClientShm: Created allocator clio_1169652_56 with ID (1169652.56)[0m
[33m/home/cvazquezperezdelacru/clio-core/context-runtime/src/scheduler/default_sched.cc:430 WARNING 1169681 LoadBalance [#781 PDF] observed exec-time bins (cumulative): <10us=2422338 <50us=44465 <500us=6398 <10ms=5100 <50ms=2 <500ms=243 <1s=0 >=1s=0 | stalls_detected=0[0m
[33m/home/cvazquezperezdelacru/clio-core/context-runtime/src/scheduler/default_sched.cc:439 WARNING 1169681 LoadBalance [#785] lane rescues performed: 0[0m
[97m/home/cvazquezperezdelacru/clio-core/context-runtime/src/ipc_manager.cc:2447 INFO 1169682 IncreaseClientShm IpcManager::IncreaseClientShm: Creating clio_1169652_57 with size 127648112 (94093680 + 33554432 overhead)[0m
[97m/home/cvazquezperezdelacru/clio-core/context-runtime/src/ipc_manager.cc:2492 INFO 1169682 IncreaseClientShm IpcManager::IncreaseClientShm: Created allocator clio_1169652_57 with ID (1169652.57)[0m
[97m/home/cvazquezperezdelacru/clio-core/context-runtime/src/ipc_manager.cc:2447 INFO 1169682 IncreaseClientShm IpcManager::IncreaseClientShm: Creating clio_1169652_58 with size 139166112 (105611680 + 33554432 overhead)[0m
[97m/home/cvazquezperezdelacru/clio-core/context-runtime/src/ipc_manager.cc:2492 INFO 1169682 IncreaseClientShm IpcManager::IncreaseClientShm: Created allocator clio_1169652_58 with ID (1169652.58)[0m
[33m/home/cvazquezperezdelacru/clio-core/context-runtime/src/scheduler/default_sched.cc:430 WARNING 1169681 LoadBalance [#781 PDF] observed exec-time bins (cumulative): <10us=2490826 <50us=45328 <500us=6600 <10ms=5275 <50ms=2 <500ms=252 <1s=0 >=1s=0 | stalls_detected=0[0m
[33m/home/cvazquezperezdelacru/clio-core/context-runtime/src/scheduler/default_sched.cc:439 WARNING 1169681 LoadBalance [#785] lane rescues performed: 0[0m
[97m/home/cvazquezperezdelacru/clio-core/context-runtime/src/ipc_manager.cc:2447 INFO 1169682 IncreaseClientShm IpcManager::IncreaseClientShm: Creating clio_1169652_59 with size 145216312 (111661880 + 33554432 overhead)[0m
[97m/home/cvazquezperezdelacru/clio-core/context-runtime/src/ipc_manager.cc:2492 INFO 1169682 IncreaseClientShm IpcManager::IncreaseClientShm: Created allocator clio_1169652_59 with ID (1169652.59)[0m
[33m/home/cvazquezperezdelacru/clio-core/context-runtime/src/scheduler/default_sched.cc:430 WARNING 1169681 LoadBalance [#781 PDF] observed exec-time bins (cumulative): <10us=2559576 <50us=45941 <500us=6798 <10ms=5444 <50ms=2 <500ms=260 <1s=0 >=1s=0 | stalls_detected=0[0m
[33m/home/cvazquezperezdelacru/clio-core/context-runtime/src/scheduler/default_sched.cc:439 WARNING 1169681 LoadBalance [#785] lane rescues performed: 0[0m
[97m/home/cvazquezperezdelacru/clio-core/context-runtime/src/ipc_manager.cc:2447 INFO 1169682 IncreaseClientShm IpcManager::IncreaseClientShm: Creating clio_1169652_60 with size 146425312 (112870880 + 33554432 overhead)[0m
[97m/home/cvazquezperezdelacru/clio-core/context-runtime/src/ipc_manager.cc:2492 INFO 1169682 IncreaseClientShm IpcManager::IncreaseClientShm: Created allocator clio_1169652_60 with ID (1169652.60)[0m
[33m/home/cvazquezperezdelacru/clio-core/context-runtime/src/scheduler/default_sched.cc:430 WARNING 1169681 LoadBalance [#781 PDF] observed exec-time bins (cumulative): <10us=2627961 <50us=46487 <500us=6982 <10ms=5593 <50ms=3 <500ms=266 <1s=0 >=1s=0 | stalls_detected=0[0m
[33m/home/cvazquezperezdelacru/clio-core/context-runtime/src/scheduler/default_sched.cc:439 WARNING 1169681 LoadBalance [#785] lane rescues performed: 0[0m
[97m/home/cvazquezperezdelacru/clio-core/context-runtime/src/ipc_manager.cc:2447 INFO 1169682 IncreaseClientShm IpcManager::IncreaseClientShm: Creating clio_1169652_61 with size 127992608 (94438176 + 33554432 overhead)[0m
[97m/home/cvazquezperezdelacru/clio-core/context-runtime/src/ipc_manager.cc:2492 INFO 1169682 IncreaseClientShm IpcManager::IncreaseClientShm: Created allocator clio_1169652_61 with ID (1169652.61)[0m
[97m/home/cvazquezperezdelacru/clio-core/context-runtime/src/ipc_manager.cc:2447 INFO 1169682 IncreaseClientShm IpcManager::IncreaseClientShm: Creating clio_1169652_62 with size 132259216 (98704784 + 33554432 overhead)[0m
[97m/home/cvazquezperezdelacru/clio-core/context-runtime/src/ipc_manager.cc:2492 INFO 1169682 IncreaseClientShm IpcManager::IncreaseClientShm: Created allocator clio_1169652_62 with ID (1169652.62)[0m
[33m/home/cvazquezperezdelacru/clio-core/context-runtime/src/scheduler/default_sched.cc:430 WARNING 1169681 LoadBalance [#781 PDF] observed exec-time bins (cumulative): <10us=2696525 <50us=47067 <500us=7170 <10ms=5740 <50ms=3 <500ms=273 <1s=0 >=1s=0 | stalls_detected=0[0m
[33m/home/cvazquezperezdelacru/clio-core/context-runtime/src/scheduler/default_sched.cc:439 WARNING 1169681 LoadBalance [#785] lane rescues performed: 0[0m
[97m/home/cvazquezperezdelacru/clio-core/context-runtime/src/ipc_manager.cc:2447 INFO 1169682 IncreaseClientShm IpcManager::IncreaseClientShm: Creating clio_1169652_63 with size 131909512 (98355080 + 33554432 overhead)[0m
[97m/home/cvazquezperezdelacru/clio-core/context-runtime/src/ipc_manager.cc:2492 INFO 1169682 IncreaseClientShm IpcManager::IncreaseClientShm: Created allocator clio_1169652_63 with ID (1169652.63)[0m
[33m/home/cvazquezperezdelacru/clio-core/context-runtime/src/scheduler/default_sched.cc:430 WARNING 1169681 LoadBalance [#781 PDF] observed exec-time bins (cumulative): <10us=2763791 <50us=47888 <500us=7320 <10ms=5844 <50ms=3 <500ms=278 <1s=0 >=1s=0 | stalls_detected=0[0m
[33m/home/cvazquezperezdelacru/clio-core/context-runtime/src/scheduler/default_sched.cc:439 WARNING 1169681 LoadBalance [#785] lane rescues performed: 0[0m
[97m/home/cvazquezperezdelacru/clio-core/context-runtime/src/ipc_manager.cc:2447 INFO 1169682 IncreaseClientShm IpcManager::IncreaseClientShm: Creating clio_1169652_64 with size 128214912 (94660480 + 33554432 overhead)[0m
[97m/home/cvazquezperezdelacru/clio-core/context-runtime/src/ipc_manager.cc:2492 INFO 1169682 IncreaseClientShm IpcManager::IncreaseClientShm: Created allocator clio_1169652_64 with ID (1169652.64)[0m
[33m/home/cvazquezperezdelacru/clio-core/context-runtime/src/scheduler/default_sched.cc:430 WARNING 1169681 LoadBalance [#781 PDF] observed exec-time bins (cumulative): <10us=2831738 <50us=48340 <500us=7452 <10ms=5939 <50ms=4 <500ms=283 <1s=0 >=1s=0 | stalls_detected=0[0m
[33m/home/cvazquezperezdelacru/clio-core/context-runtime/src/scheduler/default_sched.cc:439 WARNING 1169681 LoadBalance [#785] lane rescues performed: 0[0m
[97m/home/cvazquezperezdelacru/clio-core/context-runtime/src/ipc_manager.cc:2447 INFO 1169682 IncreaseClientShm IpcManager::IncreaseClientShm: Creating clio_1169652_65 with size 131670312 (98115880 + 33554432 overhead)[0m
[97m/home/cvazquezperezdelacru/clio-core/context-runtime/src/ipc_manager.cc:2492 INFO 1169682 IncreaseClientShm IpcManager::IncreaseClientShm: Created allocator clio_1169652_65 with ID (1169652.65)[0m
[33m/home/cvazquezperezdelacru/clio-core/context-runtime/src/scheduler/default_sched.cc:430 WARNING 1169681 LoadBalance [#781 PDF] observed exec-time bins (cumulative): <10us=2899705 <50us=48990 <500us=7632 <10ms=6056 <50ms=4 <500ms=289 <1s=0 >=1s=0 | stalls_detected=0[0m
[33m/home/cvazquezperezdelacru/clio-core/context-runtime/src/scheduler/default_sched.cc:439 WARNING 1169681 LoadBalance [#785] lane rescues performed: 0[0m
[97m/home/cvazquezperezdelacru/clio-core/context-runtime/src/ipc_manager.cc:2447 INFO 1169682 IncreaseClientShm IpcManager::IncreaseClientShm: Creating clio_1169652_66 with size 128552912 (94998480 + 33554432 overhead)[0m
[97m/home/cvazquezperezdelacru/clio-core/context-runtime/src/ipc_manager.cc:2492 INFO 1169682 IncreaseClientShm IpcManager::IncreaseClientShm: Created allocator clio_1169652_66 with ID (1169652.66)[0m
[97m/home/cvazquezperezdelacru/clio-core/context-runtime/src/ipc_manager.cc:2447 INFO 1169682 IncreaseClientShm IpcManager::IncreaseClientShm: Creating clio_1169652_67 with size 128823312 (95268880 + 33554432 overhead)[0m
[97m/home/cvazquezperezdelacru/clio-core/context-runtime/src/ipc_manager.cc:2492 INFO 1169682 IncreaseClientShm IpcManager::IncreaseClientShm: Created allocator clio_1169652_67 with ID (1169652.67)[0m
[33m/home/cvazquezperezdelacru/clio-core/context-runtime/src/scheduler/default_sched.cc:430 WARNING 1169681 LoadBalance [#781 PDF] observed exec-time bins (cumulative): <10us=2968218 <50us=49584 <500us=7838 <10ms=6208 <50ms=4 <500ms=297 <1s=0 >=1s=0 | stalls_detected=0[0m
[33m/home/cvazquezperezdelacru/clio-core/context-runtime/src/scheduler/default_sched.cc:439 WARNING 1169681 LoadBalance [#785] lane rescues performed: 0[0m
[97m/home/cvazquezperezdelacru/clio-core/context-runtime/src/ipc_manager.cc:2447 INFO 1169682 IncreaseClientShm IpcManager::IncreaseClientShm: Creating clio_1169652_68 with size 129474608 (95920176 + 33554432 overhead)[0m
[97m/home/cvazquezperezdelacru/clio-core/context-runtime/src/ipc_manager.cc:2492 INFO 1169682 IncreaseClientShm IpcManager::IncreaseClientShm: Created allocator clio_1169652_68 with ID (1169652.68)[0m
[97m/home/cvazquezperezdelacru/clio-core/context-runtime/src/ipc_manager.cc:2447 INFO 1169682 IncreaseClientShm IpcManager::IncreaseClientShm: Creating clio_1169652_69 with size 135329808 (101775376 + 33554432 overhead)[0m
[97m/home/cvazquezperezdelacru/clio-core/context-runtime/src/ipc_manager.cc:2492 INFO 1169682 IncreaseClientShm IpcManager::IncreaseClientShm: Created allocator clio_1169652_69 with ID (1169652.69)[0m
[33m/home/cvazquezperezdelacru/clio-core/context-runtime/src/scheduler/default_sched.cc:430 WARNING 1169681 LoadBalance [#781 PDF] observed exec-time bins (cumulative): <10us=3036478 <50us=50286 <500us=8028 <10ms=6357 <50ms=4 <500ms=305 <1s=0 >=1s=0 | stalls_detected=0[0m
[33m/home/cvazquezperezdelacru/clio-core/context-runtime/src/scheduler/default_sched.cc:439 WARNING 1169681 LoadBalance [#785] lane rescues performed: 0[0m
[97m/home/cvazquezperezdelacru/clio-core/context-runtime/src/ipc_manager.cc:2447 INFO 1169682 IncreaseClientShm IpcManager::IncreaseClientShm: Creating clio_1169652_70 with size 127476512 (93922080 + 33554432 overhead)[0m
[97m/home/cvazquezperezdelacru/clio-core/context-runtime/src/ipc_manager.cc:2492 INFO 1169682 IncreaseClientShm IpcManager::IncreaseClientShm: Created allocator clio_1169652_70 with ID (1169652.70)[0m
[33m/home/cvazquezperezdelacru/clio-core/context-runtime/src/scheduler/default_sched.cc:430 WARNING 1169681 LoadBalance [#781 PDF] observed exec-time bins (cumulative): <10us=3101546 <50us=52451 <500us=8242 <10ms=6494 <50ms=4 <500ms=312 <1s=0 >=1s=0 | stalls_detected=0[0m
[33m/home/cvazquezperezdelacru/clio-core/context-runtime/src/scheduler/default_sched.cc:439 WARNING 1169681 LoadBalance [#785] lane rescues performed: 0[0m
[97m/home/cvazquezperezdelacru/clio-core/context-runtime/src/ipc_manager.cc:2447 INFO 1169682 IncreaseClientShm IpcManager::IncreaseClientShm: Creating clio_1169652_71 with size 132963808 (99409376 + 33554432 overhead)[0m
[97m/home/cvazquezperezdelacru/clio-core/context-runtime/src/ipc_manager.cc:2492 INFO 1169682 IncreaseClientShm IpcManager::IncreaseClientShm: Created allocator clio_1169652_71 with ID (1169652.71)[0m
[97m/home/cvazquezperezdelacru/clio-core/context-runtime/src/ipc_manager.cc:2447 INFO 1169682 IncreaseClientShm IpcManager::IncreaseClientShm: Creating clio_1169652_72 with size 130444416 (96889984 + 33554432 overhead)[0m
[97m/home/cvazquezperezdelacru/clio-core/context-runtime/src/ipc_manager.cc:2492 INFO 1169682 IncreaseClientShm IpcManager::IncreaseClientShm: Created allocator clio_1169652_72 with ID (1169652.72)[0m
[33m/home/cvazquezperezdelacru/clio-core/context-runtime/src/scheduler/default_sched.cc:430 WARNING 1169681 LoadBalance [#781 PDF] observed exec-time bins (cumulative): <10us=3166022 <50us=54939 <500us=8485 <10ms=6635 <50ms=4 <500ms=320 <1s=0 >=1s=0 | stalls_detected=0[0m
[33m/home/cvazquezperezdelacru/clio-core/context-runtime/src/scheduler/default_sched.cc:439 WARNING 1169681 LoadBalance [#785] lane rescues performed: 0[0m
[97m/home/cvazquezperezdelacru/clio-core/context-runtime/src/ipc_manager.cc:2447 INFO 1169682 IncreaseClientShm IpcManager::IncreaseClientShm: Creating clio_1169652_73 with size 129947808 (96393376 + 33554432 overhead)[0m
[97m/home/cvazquezperezdelacru/clio-core/context-runtime/src/ipc_manager.cc:2492 INFO 1169682 IncreaseClientShm IpcManager::IncreaseClientShm: Created allocator clio_1169652_73 with ID (1169652.73)[0m
[33m/home/cvazquezperezdelacru/clio-core/context-runtime/src/scheduler/default_sched.cc:430 WARNING 1169681 LoadBalance [#781 PDF] observed exec-time bins (cumulative): <10us=3231590 <50us=58152 <500us=8742 <10ms=6780 <50ms=4 <500ms=328 <1s=0 >=1s=0 | stalls_detected=0[0m
[33m/home/cvazquezperezdelacru/clio-core/context-runtime/src/scheduler/default_sched.cc:439 WARNING 1169681 LoadBalance [#785] lane rescues performed: 0[0m
[97m/home/cvazquezperezdelacru/clio-core/context-runtime/src/ipc_manager.cc:2447 INFO 1169682 IncreaseClientShm IpcManager::IncreaseClientShm: Creating clio_1169652_74 with size 127818416 (94263984 + 33554432 overhead)[0m
[97m/home/cvazquezperezdelacru/clio-core/context-runtime/src/ipc_manager.cc:2492 INFO 1169682 IncreaseClientShm IpcManager::IncreaseClientShm: Created allocator clio_1169652_74 with ID (1169652.74)[0m
[97m/home/cvazquezperezdelacru/clio-core/context-runtime/src/ipc_manager.cc:2447 INFO 1169682 IncreaseClientShm IpcManager::IncreaseClientShm: Creating clio_1169652_75 with size 128980608 (95426176 + 33554432 overhead)[0m
[97m/home/cvazquezperezdelacru/clio-core/context-runtime/src/ipc_manager.cc:2492 INFO 1169682 IncreaseClientShm IpcManager::IncreaseClientShm: Created allocator clio_1169652_75 with ID (1169652.75)[0m
[33m/home/cvazquezperezdelacru/clio-core/context-runtime/src/scheduler/default_sched.cc:430 WARNING 1169681 LoadBalance [#781 PDF] observed exec-time bins (cumulative): <10us=3297694 <50us=60657 <500us=8976 <10ms=6917 <50ms=4 <500ms=336 <1s=0 >=1s=0 | stalls_detected=0[0m
[33m/home/cvazquezperezdelacru/clio-core/context-runtime/src/scheduler/default_sched.cc:439 WARNING 1169681 LoadBalance [#785] lane rescues performed: 0[0m
[97m/home/cvazquezperezdelacru/clio-core/context-runtime/src/ipc_manager.cc:2447 INFO 1169682 IncreaseClientShm IpcManager::IncreaseClientShm: Creating clio_1169652_76 with size 139992912 (106438480 + 33554432 overhead)[0m
[97m/home/cvazquezperezdelacru/clio-core/context-runtime/src/ipc_manager.cc:2492 INFO 1169682 IncreaseClientShm IpcManager::IncreaseClientShm: Created allocator clio_1169652_76 with ID (1169652.76)[0m
[97m/home/cvazquezperezdelacru/clio-core/context-runtime/src/ipc_manager.cc:2447 INFO 1169682 IncreaseClientShm IpcManager::IncreaseClientShm: Creating clio_1169652_77 with size 133646312 (100091880 + 33554432 overhead)[0m
[97m/home/cvazquezperezdelacru/clio-core/context-runtime/src/ipc_manager.cc:2492 INFO 1169682 IncreaseClientShm IpcManager::IncreaseClientShm: Created allocator clio_1169652_77 with ID (1169652.77)[0m
[33m/home/cvazquezperezdelacru/clio-core/context-runtime/src/scheduler/default_sched.cc:430 WARNING 1169681 LoadBalance [#781 PDF] observed exec-time bins (cumulative): <10us=3366498 <50us=61326 <500us=9188 <10ms=7061 <50ms=4 <500ms=344 <1s=0 >=1s=0 | stalls_detected=0[0m
[33m/home/cvazquezperezdelacru/clio-core/context-runtime/src/scheduler/default_sched.cc:439 WARNING 1169681 LoadBalance [#785] lane rescues performed: 0[0m
[97m/home/cvazquezperezdelacru/clio-core/context-runtime/src/ipc_manager.cc:2447 INFO 1169682 IncreaseClientShm IpcManager::IncreaseClientShm: Creating clio_1169652_78 with size 138001312 (104446880 + 33554432 overhead)[0m
[97m/home/cvazquezperezdelacru/clio-core/context-runtime/src/ipc_manager.cc:2492 INFO 1169682 IncreaseClientShm IpcManager::IncreaseClientShm: Created allocator clio_1169652_78 with ID (1169652.78)[0m
[33m/home/cvazquezperezdelacru/clio-core/context-runtime/src/scheduler/default_sched.cc:430 WARNING 1169681 LoadBalance [#781 PDF] observed exec-time bins (cumulative): <10us=3434877 <50us=61844 <500us=9365 <10ms=7189 <50ms=4 <500ms=350 <1s=0 >=1s=0 | stalls_detected=0[0m
[33m/home/cvazquezperezdelacru/clio-core/context-runtime/src/scheduler/default_sched.cc:439 WARNING 1169681 LoadBalance [#785] lane rescues performed: 0[0m
[97m/home/cvazquezperezdelacru/clio-core/context-runtime/src/ipc_manager.cc:2447 INFO 1169682 IncreaseClientShm IpcManager::IncreaseClientShm: Creating clio_1169652_79 with size 130765512 (97211080 + 33554432 overhead)[0m
[97m/home/cvazquezperezdelacru/clio-core/context-runtime/src/ipc_manager.cc:2492 INFO 1169682 IncreaseClientShm IpcManager::IncreaseClientShm: Created allocator clio_1169652_79 with ID (1169652.79)[0m
[33m/home/cvazquezperezdelacru/clio-core/context-runtime/src/scheduler/default_sched.cc:430 WARNING 1169681 LoadBalance [#781 PDF] observed exec-time bins (cumulative): <10us=3502589 <50us=62250 <500us=9489 <10ms=7266 <50ms=4 <500ms=354 <1s=0 >=1s=0 | stalls_detected=0[0m
[33m/home/cvazquezperezdelacru/clio-core/context-runtime/src/scheduler/default_sched.cc:439 WARNING 1169681 LoadBalance [#785] lane rescues performed: 0[0m
[97m/home/cvazquezperezdelacru/clio-core/context-runtime/src/ipc_manager.cc:2447 INFO 1169682 IncreaseClientShm IpcManager::IncreaseClientShm: Creating clio_1169652_80 with size 133317408 (99762976 + 33554432 overhead)[0m
[97m/home/cvazquezperezdelacru/clio-core/context-runtime/src/ipc_manager.cc:2492 INFO 1169682 IncreaseClientShm IpcManager::IncreaseClientShm: Created allocator clio_1169652_80 with ID (1169652.80)[0m
[33m/home/cvazquezperezdelacru/clio-core/context-runtime/src/scheduler/default_sched.cc:430 WARNING 1169681 LoadBalance [#781 PDF] observed exec-time bins (cumulative): <10us=3570338 <50us=62804 <500us=9650 <10ms=7374 <50ms=4 <500ms=360 <1s=0 >=1s=0 | stalls_detected=0[0m
[33m/home/cvazquezperezdelacru/clio-core/context-runtime/src/scheduler/default_sched.cc:439 WARNING 1169681 LoadBalance [#785] lane rescues performed: 0[0m
[97m/home/cvazquezperezdelacru/clio-core/context-runtime/src/ipc_manager.cc:2447 INFO 1169682 IncreaseClientShm IpcManager::IncreaseClientShm: Creating clio_1169652_81 with size 129277008 (95722576 + 33554432 overhead)[0m
[97m/home/cvazquezperezdelacru/clio-core/context-runtime/src/ipc_manager.cc:2492 INFO 1169682 IncreaseClientShm IpcManager::IncreaseClientShm: Created allocator clio_1169652_81 with ID (1169652.81)[0m
[97m/home/cvazquezperezdelacru/clio-core/context-runtime/src/ipc_manager.cc:2447 INFO 1169682 IncreaseClientShm IpcManager::IncreaseClientShm: Creating clio_1169652_82 with size 128844112 (95289680 + 33554432 overhead)[0m
[97m/home/cvazquezperezdelacru/clio-core/context-runtime/src/ipc_manager.cc:2492 INFO 1169682 IncreaseClientShm IpcManager::IncreaseClientShm: Created allocator clio_1169652_82 with ID (1169652.82)[0m
[33m/home/cvazquezperezdelacru/clio-core/context-runtime/src/scheduler/default_sched.cc:430 WARNING 1169681 LoadBalance [#781 PDF] observed exec-time bins (cumulative): <10us=3638694 <50us=63400 <500us=9857 <10ms=7509 <50ms=5 <500ms=367 <1s=0 >=1s=0 | stalls_detected=0[0m
[33m/home/cvazquezperezdelacru/clio-core/context-runtime/src/scheduler/default_sched.cc:439 WARNING 1169681 LoadBalance [#785] lane rescues performed: 0[0m
[97m/home/cvazquezperezdelacru/clio-core/context-runtime/src/ipc_manager.cc:2447 INFO 1169682 IncreaseClientShm IpcManager::IncreaseClientShm: Creating clio_1169652_83 with size 127252912 (93698480 + 33554432 overhead)[0m
[97m/home/cvazquezperezdelacru/clio-core/context-runtime/src/ipc_manager.cc:2492 INFO 1169682 IncreaseClientShm IpcManager::IncreaseClientShm: Created allocator clio_1169652_83 with ID (1169652.83)[0m
[33m/home/cvazquezperezdelacru/clio-core/context-runtime/src/scheduler/default_sched.cc:430 WARNING 1169681 LoadBalance [#781 PDF] observed exec-time bins (cumulative): <10us=3707213 <50us=64056 <500us=10084 <10ms=7651 <50ms=5 <500ms=374 <1s=0 >=1s=0 | stalls_detected=0[0m
[33m/home/cvazquezperezdelacru/clio-core/context-runtime/src/scheduler/default_sched.cc:439 WARNING 1169681 LoadBalance [#785] lane rescues performed: 0[0m
[97m/home/cvazquezperezdelacru/clio-core/context-runtime/src/ipc_manager.cc:2447 INFO 1169682 IncreaseClientShm IpcManager::IncreaseClientShm: Creating clio_1169652_84 with size 127288016 (93733584 + 33554432 overhead)[0m
[97m/home/cvazquezperezdelacru/clio-core/context-runtime/src/ipc_manager.cc:2492 INFO 1169682 IncreaseClientShm IpcManager::IncreaseClientShm: Created allocator clio_1169652_84 with ID (1169652.84)[0m
[97m/home/cvazquezperezdelacru/clio-core/context-runtime/src/ipc_manager.cc:2447 INFO 1169682 IncreaseClientShm IpcManager::IncreaseClientShm: Creating clio_1169652_85 with size 132083712 (98529280 + 33554432 overhead)[0m
[97m/home/cvazquezperezdelacru/clio-core/context-runtime/src/ipc_manager.cc:2492 INFO 1169682 IncreaseClientShm IpcManager::IncreaseClientShm: Created allocator clio_1169652_85 with ID (1169652.85)[0m
[33m/home/cvazquezperezdelacru/clio-core/context-runtime/src/scheduler/default_sched.cc:430 WARNING 1169681 LoadBalance [#781 PDF] observed exec-time bins (cumulative): <10us=3774813 <50us=65280 <500us=10307 <10ms=7785 <50ms=5 <500ms=382 <1s=0 >=1s=0 | stalls_detected=0[0m
[33m/home/cvazquezperezdelacru/clio-core/context-runtime/src/scheduler/default_sched.cc:439 WARNING 1169681 LoadBalance [#785] lane rescues performed: 0[0m
[97m/home/cvazquezperezdelacru/clio-core/context-runtime/src/ipc_manager.cc:2447 INFO 1169682 IncreaseClientShm IpcManager::IncreaseClientShm: Creating clio_1169652_86 with size 129044312 (95489880 + 33554432 overhead)[0m
[97m/home/cvazquezperezdelacru/clio-core/context-runtime/src/ipc_manager.cc:2492 INFO 1169682 IncreaseClientShm IpcManager::IncreaseClientShm: Created allocator clio_1169652_86 with ID (1169652.86)[0m
[33m/home/cvazquezperezdelacru/clio-core/context-runtime/src/scheduler/default_sched.cc:430 WARNING 1169681 LoadBalance [#781 PDF] observed exec-time bins (cumulative): <10us=3841069 <50us=66764 <500us=10482 <10ms=7900 <50ms=8 <500ms=388 <1s=0 >=1s=0 | stalls_detected=0[0m
[33m/home/cvazquezperezdelacru/clio-core/context-runtime/src/scheduler/default_sched.cc:439 WARNING 1169681 LoadBalance [#785] lane rescues performed: 0[0m
[33m/home/cvazquezperezdelacru/clio-core/context-runtime/src/scheduler/default_sched.cc:430 WARNING 1169681 LoadBalance [#781 PDF] observed exec-time bins (cumulative): <10us=3907900 <50us=67170 <500us=10491 <10ms=7901 <50ms=8 <500ms=388 <1s=0 >=1s=0 | stalls_detected=0[0m
[33m/home/cvazquezperezdelacru/clio-core/context-runtime/src/scheduler/default_sched.cc:439 WARNING 1169681 LoadBalance [#785] lane rescues performed: 0[0m
[97m/home/cvazquezperezdelacru/clio-core/context-runtime/src/pool_manager.cc:534 INFO 1169673 CreatePool PoolManager: Creating pool 'clio_cte_core' with 2 containers (one per node)[0m
[97m/home/cvazquezperezdelacru/clio-core/context-runtime/src/pool_manager.cc:575 INFO 1169673 CreatePool PoolManager: Pool PoolId(major:512, minor:0) already exists by ID, returning existing pool[0m
[97m/mnt/common/cvazquezperezdelacru/IOWARP/faiss/contrib/iowarp/chimod/src/faiss_ivf_runtime.cc:303 INFO 1169673 OpenIndex faiss_ivf: opened '/mnt/common/cvazquezperezdelacru/faiss/slurm_bench/work/ondisk_nb100M.index' (d=128, nlist=16384, ntotal=100000000, tag='faiss_ivf::ondisk_nb100M')[0m
[97m/mnt/common/cvazquezperezdelacru/IOWARP/faiss/contrib/iowarp/chimod/src/faiss_ivf_runtime.cc:390 INFO 1169673 Search faiss_ivf: Search nq=500 k=10 nprobe=256 unique_lists=8149 owner_mode=1[0m
[97m/home/cvazquezperezdelacru/clio-core/context-runtime/src/ipc_manager.cc:2447 INFO 1169673 IncreaseClientShm IpcManager::IncreaseClientShm: Creating clio_1169652_87 with size 164993216 (131438784 + 33554432 overhead)[0m
[97m/home/cvazquezperezdelacru/clio-core/context-runtime/src/ipc_manager.cc:2492 INFO 1169673 IncreaseClientShm IpcManager::IncreaseClientShm: Created allocator clio_1169652_87 with ID (1169652.87)[0m
[97m/home/cvazquezperezdelacru/clio-core/context-runtime/src/ipc_manager.cc:2447 INFO 1169673 IncreaseClientShm IpcManager::IncreaseClientShm: Creating clio_1169652_88 with size 164993216 (131438784 + 33554432 overhead)[0m
[97m/home/cvazquezperezdelacru/clio-core/context-runtime/src/ipc_manager.cc:2492 INFO 1169673 IncreaseClientShm IpcManager::IncreaseClientShm: Created allocator clio_1169652_88 with ID (1169652.88)[0m
[97m/home/cvazquezperezdelacru/clio-core/context-runtime/src/ipc_manager.cc:2447 INFO 1169673 IncreaseClientShm IpcManager::IncreaseClientShm: Creating clio_1169652_89 with size 164993216 (131438784 + 33554432 overhead)[0m
[97m/home/cvazquezperezdelacru/clio-core/context-runtime/src/ipc_manager.cc:2492 INFO 1169673 IncreaseClientShm IpcManager::IncreaseClientShm: Created allocator clio_1169652_89 with ID (1169652.89)[0m
[97m/home/cvazquezperezdelacru/clio-core/context-runtime/src/ipc_manager.cc:2447 INFO 1169673 IncreaseClientShm IpcManager::IncreaseClientShm: Creating clio_1169652_90 with size 164993216 (131438784 + 33554432 overhead)[0m
[97m/home/cvazquezperezdelacru/clio-core/context-runtime/src/ipc_manager.cc:2492 INFO 1169673 IncreaseClientShm IpcManager::IncreaseClientShm: Created allocator clio_1169652_90 with ID (1169652.90)[0m
[97m/home/cvazquezperezdelacru/clio-core/context-runtime/src/ipc_manager.cc:2447 INFO 1169673 IncreaseClientShm IpcManager::IncreaseClientShm: Creating clio_1169652_91 with size 164993216 (131438784 + 33554432 overhead)[0m
[97m/home/cvazquezperezdelacru/clio-core/context-runtime/src/ipc_manager.cc:2492 INFO 1169673 IncreaseClientShm IpcManager::IncreaseClientShm: Created allocator clio_1169652_91 with ID (1169652.91)[0m
[97m/home/cvazquezperezdelacru/clio-core/context-runtime/src/ipc_manager.cc:2447 INFO 1169673 IncreaseClientShm IpcManager::IncreaseClientShm: Creating clio_1169652_92 with size 164993216 (131438784 + 33554432 overhead)[0m
[97m/home/cvazquezperezdelacru/clio-core/context-runtime/src/ipc_manager.cc:2492 INFO 1169673 IncreaseClientShm IpcManager::IncreaseClientShm: Created allocator clio_1169652_92 with ID (1169652.92)[0m
[97m/home/cvazquezperezdelacru/clio-core/context-runtime/src/ipc_manager.cc:2447 INFO 1169673 IncreaseClientShm IpcManager::IncreaseClientShm: Creating clio_1169652_93 with size 164993216 (131438784 + 33554432 overhead)[0m
[97m/home/cvazquezperezdelacru/clio-core/context-runtime/src/ipc_manager.cc:2492 INFO 1169673 IncreaseClientShm IpcManager::IncreaseClientShm: Created allocator clio_1169652_93 with ID (1169652.93)[0m
[97m/home/cvazquezperezdelacru/clio-core/context-runtime/src/ipc_manager.cc:2447 INFO 1169673 IncreaseClientShm IpcManager::IncreaseClientShm: Creating clio_1169652_94 with size 164993216 (131438784 + 33554432 overhead)[0m
[97m/home/cvazquezperezdelacru/clio-core/context-runtime/src/ipc_manager.cc:2492 INFO 1169673 IncreaseClientShm IpcManager::IncreaseClientShm: Created allocator clio_1169652_94 with ID (1169652.94)[0m
[33m/home/cvazquezperezdelacru/clio-core/context-runtime/src/scheduler/default_sched.cc:455 WARNING 1169681 operator() [#781] worker 0 STALLED on one task (load_us=0 realtime_load_us=1.41349e+06 threshold_s=1)[0m
[33m/home/cvazquezperezdelacru/clio-core/context-runtime/src/worker.cc:370 WARNING 1169681 AdoptLane [#785] worker 0 adopted lane 0x7f8ba70b61e8[0m
[33m/home/cvazquezperezdelacru/clio-core/context-runtime/src/work_orchestrator.cc:545 WARNING 1169681 SpawnAdditionalWorker [#785] spawned elastic worker 8 (pool now 9 workers)[0m
[33m/home/cvazquezperezdelacru/clio-core/context-runtime/src/scheduler/default_sched.cc:598 WARNING 1169681 operator() [#785] RESCUE: stalled worker 0 -> worker 8 (0 parked task(s) moved, 0 queued task(s) redistributed, rescues=1)[0m
[33m/home/cvazquezperezdelacru/clio-core/context-runtime/src/scheduler/default_sched.cc:455 WARNING 1169681 operator() [#781] worker 0 STALLED on one task (load_us=0 realtime_load_us=1.9153e+06 threshold_s=1)[0m
[33m/home/cvazquezperezdelacru/clio-core/context-runtime/src/worker.cc:370 WARNING 1169681 AdoptLane [#785] worker 0 adopted lane 0x7f8ba70b61e8[0m
[33m/home/cvazquezperezdelacru/clio-core/context-runtime/src/scheduler/default_sched.cc:598 WARNING 1169681 operator() [#785] RESCUE: stalled worker 0 -> worker 8 (0 parked task(s) moved, 0 queued task(s) redistributed, rescues=2)[0m
[33m/home/cvazquezperezdelacru/clio-core/context-runtime/src/scheduler/default_sched.cc:455 WARNING 1169681 operator() [#781] worker 0 STALLED on one task (load_us=0 realtime_load_us=2.416e+06 threshold_s=1)[0m
[33m/home/cvazquezperezdelacru/clio-core/context-runtime/src/worker.cc:370 WARNING 1169681 AdoptLane [#785] worker 0 adopted lane 0x7f8ba70b61e8[0m
[33m/home/cvazquezperezdelacru/clio-core/context-runtime/src/scheduler/default_sched.cc:598 WARNING 1169681 operator() [#785] RESCUE: stalled worker 0 -> worker 8 (0 parked task(s) moved, 0 queued task(s) redistributed, rescues=3)[0m
[33m/home/cvazquezperezdelacru/clio-core/context-runtime/src/scheduler/default_sched.cc:455 WARNING 1169681 operator() [#781] worker 0 STALLED on one task (load_us=0 realtime_load_us=2.9167e+06 threshold_s=1)[0m
[33m/home/cvazquezperezdelacru/clio-core/context-runtime/src/worker.cc:370 WARNING 1169681 AdoptLane [#785] worker 0 adopted lane 0x7f8ba70b61e8[0m
[33m/home/cvazquezperezdelacru/clio-core/context-runtime/src/scheduler/default_sched.cc:598 WARNING 1169681 operator() [#785] RESCUE: stalled worker 0 -> worker 8 (0 parked task(s) moved, 0 queued task(s) redistributed, rescues=4)[0m
[33m/home/cvazquezperezdelacru/clio-core/context-runtime/src/scheduler/default_sched.cc:455 WARNING 1169681 operator() [#781] worker 0 STALLED on one task (load_us=0 realtime_load_us=3.41742e+06 threshold_s=1)[0m
[33m/home/cvazquezperezdelacru/clio-core/context-runtime/src/worker.cc:370 WARNING 1169681 AdoptLane [#785] worker 0 adopted lane 0x7f8ba70b61e8[0m
[33m/home/cvazquezperezdelacru/clio-core/context-runtime/src/scheduler/default_sched.cc:598 WARNING 1169681 operator() [#785] RESCUE: stalled worker 0 -> worker 8 (0 parked task(s) moved, 0 queued task(s) redistributed, rescues=5)[0m
[33m/home/cvazquezperezdelacru/clio-core/context-runtime/src/scheduler/default_sched.cc:430 WARNING 1169681 LoadBalance [#781 PDF] observed exec-time bins (cumulative): <10us=3972459 <50us=69941 <500us=10504 <10ms=7905 <50ms=8 <500ms=389 <1s=0 >=1s=0 | stalls_detected=5[0m
[33m/home/cvazquezperezdelacru/clio-core/context-runtime/src/scheduler/default_sched.cc:439 WARNING 1169681 LoadBalance [#785] lane rescues performed: 5[0m
[33m/home/cvazquezperezdelacru/clio-core/context-runtime/src/scheduler/default_sched.cc:455 WARNING 1169681 operator() [#781] worker 0 STALLED on one task (load_us=0 realtime_load_us=3.91832e+06 threshold_s=1)[0m
[33m/home/cvazquezperezdelacru/clio-core/context-runtime/src/worker.cc:370 WARNING 1169681 AdoptLane [#785] worker 0 adopted lane 0x7f8ba70b61e8[0m
[33m/home/cvazquezperezdelacru/clio-core/context-runtime/src/scheduler/default_sched.cc:598 WARNING 1169681 operator() [#785] RESCUE: stalled worker 0 -> worker 8 (0 parked task(s) moved, 0 queued task(s) redistributed, rescues=6)[0m
[33m/home/cvazquezperezdelacru/clio-core/context-runtime/src/scheduler/default_sched.cc:455 WARNING 1169681 operator() [#781] worker 0 STALLED on one task (load_us=0 realtime_load_us=4.4191e+06 threshold_s=1)[0m
[33m/home/cvazquezperezdelacru/clio-core/context-runtime/src/worker.cc:370 WARNING 1169681 AdoptLane [#785] worker 0 adopted lane 0x7f8ba70b61e8[0m
[33m/home/cvazquezperezdelacru/clio-core/context-runtime/src/scheduler/default_sched.cc:598 WARNING 1169681 operator() [#785] RESCUE: stalled worker 0 -> worker 8 (0 parked task(s) moved, 0 queued task(s) redistributed, rescues=7)[0m
[33m/home/cvazquezperezdelacru/clio-core/context-runtime/src/scheduler/default_sched.cc:455 WARNING 1169681 operator() [#781] worker 0 STALLED on one task (load_us=0 realtime_load_us=4.9198e+06 threshold_s=1)[0m
[33m/home/cvazquezperezdelacru/clio-core/context-runtime/src/worker.cc:370 WARNING 1169681 AdoptLane [#785] worker 0 adopted lane 0x7f8ba70b61e8[0m
[33m/home/cvazquezperezdelacru/clio-core/context-runtime/src/scheduler/default_sched.cc:598 WARNING 1169681 operator() [#785] RESCUE: stalled worker 0 -> worker 8 (0 parked task(s) moved, 0 queued task(s) redistributed, rescues=8)[0m
[33m/home/cvazquezperezdelacru/clio-core/context-runtime/src/scheduler/default_sched.cc:455 WARNING 1169681 operator() [#781] worker 0 STALLED on one task (load_us=0 realtime_load_us=5.42042e+06 threshold_s=1)[0m
[33m/home/cvazquezperezdelacru/clio-core/context-runtime/src/worker.cc:370 WARNING 1169681 AdoptLane [#785] worker 0 adopted lane 0x7f8ba70b61e8[0m
[33m/home/cvazquezperezdelacru/clio-core/context-runtime/src/scheduler/default_sched.cc:598 WARNING 1169681 operator() [#785] RESCUE: stalled worker 0 -> worker 8 (0 parked task(s) moved, 0 queued task(s) redistributed, rescues=9)[0m
[33m/home/cvazquezperezdelacru/clio-core/context-runtime/src/scheduler/default_sched.cc:455 WARNING 1169681 operator() [#781] worker 0 STALLED on one task (load_us=0 realtime_load_us=5.92104e+06 threshold_s=1)[0m
[33m/home/cvazquezperezdelacru/clio-core/context-runtime/src/worker.cc:370 WARNING 1169681 AdoptLane [#785] worker 0 adopted lane 0x7f8ba70b61e8[0m
[33m/home/cvazquezperezdelacru/clio-core/context-runtime/src/scheduler/default_sched.cc:598 WARNING 1169681 operator() [#785] RESCUE: stalled worker 0 -> worker 8 (0 parked task(s) moved, 0 queued task(s) redistributed, rescues=10)[0m
[33m/home/cvazquezperezdelacru/clio-core/context-runtime/src/scheduler/default_sched.cc:455 WARNING 1169681 operator() [#781] worker 0 STALLED on one task (load_us=0 realtime_load_us=6.42174e+06 threshold_s=1)[0m
[33m/home/cvazquezperezdelacru/clio-core/context-runtime/src/worker.cc:370 WARNING 1169681 AdoptLane [#785] worker 0 adopted lane 0x7f8ba70b61e8[0m
[33m/home/cvazquezperezdelacru/clio-core/context-runtime/src/scheduler/default_sched.cc:598 WARNING 1169681 operator() [#785] RESCUE: stalled worker 0 -> worker 8 (0 parked task(s) moved, 0 queued task(s) redistributed, rescues=11)[0m
[33m/home/cvazquezperezdelacru/clio-core/context-runtime/src/scheduler/default_sched.cc:455 WARNING 1169681 operator() [#781] worker 0 STALLED on one task (load_us=0 realtime_load_us=6.9224e+06 threshold_s=1)[0m
[33m/home/cvazquezperezdelacru/clio-core/context-runtime/src/worker.cc:370 WARNING 1169681 AdoptLane [#785] worker 0 adopted lane 0x7f8ba70b61e8[0m
[33m/home/cvazquezperezdelacru/clio-core/context-runtime/src/scheduler/default_sched.cc:598 WARNING 1169681 operator() [#785] RESCUE: stalled worker 0 -> worker 8 (0 parked task(s) moved, 0 queued task(s) redistributed, rescues=12)[0m
[33m/home/cvazquezperezdelacru/clio-core/context-runtime/src/scheduler/default_sched.cc:455 WARNING 1169681 operator() [#781] worker 0 STALLED on one task (load_us=0 realtime_load_us=7.42304e+06 threshold_s=1)[0m
[33m/home/cvazquezperezdelacru/clio-core/context-runtime/src/worker.cc:370 WARNING 1169681 AdoptLane [#785] worker 0 adopted lane 0x7f8ba70b61e8[0m
[33m/home/cvazquezperezdelacru/clio-core/context-runtime/src/scheduler/default_sched.cc:598 WARNING 1169681 operator() [#785] RESCUE: stalled worker 0 -> worker 8 (0 parked task(s) moved, 0 queued task(s) redistributed, rescues=13)[0m
[33m/home/cvazquezperezdelacru/clio-core/context-runtime/src/scheduler/default_sched.cc:455 WARNING 1169681 operator() [#781] worker 0 STALLED on one task (load_us=0 realtime_load_us=7.92365e+06 threshold_s=1)[0m
[33m/home/cvazquezperezdelacru/clio-core/context-runtime/src/worker.cc:370 WARNING 1169681 AdoptLane [#785] worker 0 adopted lane 0x7f8ba70b61e8[0m
[33m/home/cvazquezperezdelacru/clio-core/context-runtime/src/scheduler/default_sched.cc:598 WARNING 1169681 operator() [#785] RESCUE: stalled worker 0 -> worker 8 (0 parked task(s) moved, 0 queued task(s) redistributed, rescues=14)[0m
[33m/home/cvazquezperezdelacru/clio-core/context-runtime/src/scheduler/default_sched.cc:455 WARNING 1169681 operator() [#781] worker 0 STALLED on one task (load_us=0 realtime_load_us=8.42434e+06 threshold_s=1)[0m
[33m/home/cvazquezperezdelacru/clio-core/context-runtime/src/worker.cc:370 WARNING 1169681 AdoptLane [#785] worker 0 adopted lane 0x7f8ba70b61e8[0m
[33m/home/cvazquezperezdelacru/clio-core/context-runtime/src/scheduler/default_sched.cc:598 WARNING 1169681 operator() [#785] RESCUE: stalled worker 0 -> worker 8 (0 parked task(s) moved, 0 queued task(s) redistributed, rescues=15)[0m
[33m/home/cvazquezperezdelacru/clio-core/context-runtime/src/scheduler/default_sched.cc:430 WARNING 1169681 LoadBalance [#781 PDF] observed exec-time bins (cumulative): <10us=4034902 <50us=75631 <500us=10511 <10ms=7908 <50ms=8 <500ms=389 <1s=0 >=1s=0 | stalls_detected=15[0m
[33m/home/cvazquezperezdelacru/clio-core/context-runtime/src/scheduler/default_sched.cc:439 WARNING 1169681 LoadBalance [#785] lane rescues performed: 15[0m
[33m/home/cvazquezperezdelacru/clio-core/context-runtime/src/scheduler/default_sched.cc:455 WARNING 1169681 operator() [#781] worker 0 STALLED on one task (load_us=0 realtime_load_us=8.92499e+06 threshold_s=1)[0m
[33m/home/cvazquezperezdelacru/clio-core/context-runtime/src/worker.cc:370 WARNING 1169681 AdoptLane [#785] worker 0 adopted lane 0x7f8ba70b61e8[0m
[33m/home/cvazquezperezdelacru/clio-core/context-runtime/src/scheduler/default_sched.cc:598 WARNING 1169681 operator() [#785] RESCUE: stalled worker 0 -> worker 8 (0 parked task(s) moved, 0 queued task(s) redistributed, rescues=16)[0m
[31m/home/cvazquezperezdelacru/clio-core/context-runtime/src/scheduler/default_sched.cc:726 ERROR 1169681 LoadBalance [HANGWATCH-HB] processed=24728 outstanding=1 (queued=1 blocked=0 retry=0 periodic=7) live=1 live_stalled=1[0m
[33m/home/cvazquezperezdelacru/clio-core/context-runtime/src/scheduler/default_sched.cc:455 WARNING 1169681 operator() [#781] worker 0 STALLED on one task (load_us=0 realtime_load_us=9.42571e+06 threshold_s=1)[0m
[33m/home/cvazquezperezdelacru/clio-core/context-runtime/src/worker.cc:370 WARNING 1169681 AdoptLane [#785] worker 0 adopted lane 0x7f8ba70b61e8[0m
[33m/home/cvazquezperezdelacru/clio-core/context-runtime/src/scheduler/default_sched.cc:598 WARNING 1169681 operator() [#785] RESCUE: stalled worker 0 -> worker 8 (0 parked task(s) moved, 1 queued task(s) redistributed, rescues=17)[0m
[97m/mnt/common/cvazquezperezdelacru/IOWARP/faiss/contrib/iowarp/chimod/src/faiss_ivf_runtime.cc:390 INFO 1169673 Search faiss_ivf: Search nq=500 k=10 nprobe=256 unique_lists=8149 owner_mode=1[0m
[33m/home/cvazquezperezdelacru/clio-core/context-runtime/src/scheduler/default_sched.cc:455 WARNING 1169681 operator() [#781] worker 0 STALLED on one task (load_us=0 realtime_load_us=1.04272e+06 threshold_s=1)[0m
[33m/home/cvazquezperezdelacru/clio-core/context-runtime/src/worker.cc:370 WARNING 1169681 AdoptLane [#785] worker 0 adopted lane 0x7f8ba70b61e8[0m
[33m/home/cvazquezperezdelacru/clio-core/context-runtime/src/scheduler/default_sched.cc:598 WARNING 1169681 operator() [#785] RESCUE: stalled worker 0 -> worker 8 (0 parked task(s) moved, 0 queued task(s) redistributed, rescues=18)[0m
[33m/home/cvazquezperezdelacru/clio-core/context-runtime/src/scheduler/default_sched.cc:455 WARNING 1169681 operator() [#781] worker 0 STALLED on one task (load_us=0 realtime_load_us=1.54342e+06 threshold_s=1)[0m
[33m/home/cvazquezperezdelacru/clio-core/context-runtime/src/worker.cc:370 WARNING 1169681 AdoptLane [#785] worker 0 adopted lane 0x7f8ba70b61e8[0m
[33m/home/cvazquezperezdelacru/clio-core/context-runtime/src/scheduler/default_sched.cc:598 WARNING 1169681 operator() [#785] RESCUE: stalled worker 0 -> worker 8 (0 parked task(s) moved, 0 queued task(s) redistributed, rescues=19)[0m
[33m/home/cvazquezperezdelacru/clio-core/context-runtime/src/scheduler/default_sched.cc:455 WARNING 1169681 operator() [#781] worker 0 STALLED on one task (load_us=0 realtime_load_us=2.04445e+06 threshold_s=1)[0m
[33m/home/cvazquezperezdelacru/clio-core/context-runtime/src/worker.cc:370 WARNING 1169681 AdoptLane [#785] worker 0 adopted lane 0x7f8ba70b61e8[0m
[33m/home/cvazquezperezdelacru/clio-core/context-runtime/src/scheduler/default_sched.cc:598 WARNING 1169681 operator() [#785] RESCUE: stalled worker 0 -> worker 8 (0 parked task(s) moved, 0 queued task(s) redistributed, rescues=20)[0m
[33m/home/cvazquezperezdelacru/clio-core/context-runtime/src/scheduler/default_sched.cc:455 WARNING 1169681 operator() [#781] worker 0 STALLED on one task (load_us=0 realtime_load_us=2.54513e+06 threshold_s=1)[0m
[33m/home/cvazquezperezdelacru/clio-core/context-runtime/src/worker.cc:370 WARNING 1169681 AdoptLane [#785] worker 0 adopted lane 0x7f8ba70b61e8[0m
[33m/home/cvazquezperezdelacru/clio-core/context-runtime/src/scheduler/default_sched.cc:598 WARNING 1169681 operator() [#785] RESCUE: stalled worker 0 -> worker 8 (0 parked task(s) moved, 0 queued task(s) redistributed, rescues=21)[0m
[33m/home/cvazquezperezdelacru/clio-core/context-runtime/src/scheduler/default_sched.cc:455 WARNING 1169681 operator() [#781] worker 0 STALLED on one task (load_us=0 realtime_load_us=3.04572e+06 threshold_s=1)[0m
[33m/home/cvazquezperezdelacru/clio-core/context-runtime/src/worker.cc:370 WARNING 1169681 AdoptLane [#785] worker 0 adopted lane 0x7f8ba70b61e8[0m
[33m/home/cvazquezperezdelacru/clio-core/context-runtime/src/scheduler/default_sched.cc:598 WARNING 1169681 operator() [#785] RESCUE: stalled worker 0 -> worker 8 (0 parked task(s) moved, 0 queued task(s) redistributed, rescues=22)[0m
[33m/home/cvazquezperezdelacru/clio-core/context-runtime/src/scheduler/default_sched.cc:455 WARNING 1169681 operator() [#781] worker 0 STALLED on one task (load_us=0 realtime_load_us=3.54634e+06 threshold_s=1)[0m
[33m/home/cvazquezperezdelacru/clio-core/context-runtime/src/worker.cc:370 WARNING 1169681 AdoptLane [#785] worker 0 adopted lane 0x7f8ba70b61e8[0m
[33m/home/cvazquezperezdelacru/clio-core/context-runtime/src/scheduler/default_sched.cc:598 WARNING 1169681 operator() [#785] RESCUE: stalled worker 0 -> worker 8 (0 parked task(s) moved, 0 queued task(s) redistributed, rescues=23)[0m
[33m/home/cvazquezperezdelacru/clio-core/context-runtime/src/scheduler/default_sched.cc:430 WARNING 1169681 LoadBalance [#781 PDF] observed exec-time bins (cumulative): <10us=4099562 <50us=78776 <500us=10525 <10ms=7911 <50ms=8 <500ms=389 <1s=0 >=1s=1 | stalls_detected=23[0m
[33m/home/cvazquezperezdelacru/clio-core/context-runtime/src/scheduler/default_sched.cc:439 WARNING 1169681 LoadBalance [#785] lane rescues performed: 23[0m
[33m/home/cvazquezperezdelacru/clio-core/context-runtime/src/scheduler/default_sched.cc:455 WARNING 1169681 operator() [#781] worker 0 STALLED on one task (load_us=0 realtime_load_us=4.047e+06 threshold_s=1)[0m
[33m/home/cvazquezperezdelacru/clio-core/context-runtime/src/worker.cc:370 WARNING 1169681 AdoptLane [#785] worker 0 adopted lane 0x7f8ba70b61e8[0m
[33m/home/cvazquezperezdelacru/clio-core/context-runtime/src/scheduler/default_sched.cc:598 WARNING 1169681 operator() [#785] RESCUE: stalled worker 0 -> worker 8 (0 parked task(s) moved, 0 queued task(s) redistributed, rescues=24)[0m
[33m/home/cvazquezperezdelacru/clio-core/context-runtime/src/scheduler/default_sched.cc:455 WARNING 1169681 operator() [#781] worker 0 STALLED on one task (load_us=0 realtime_load_us=4.54765e+06 threshold_s=1)[0m
[33m/home/cvazquezperezdelacru/clio-core/context-runtime/src/worker.cc:370 WARNING 1169681 AdoptLane [#785] worker 0 adopted lane 0x7f8ba70b61e8[0m
[33m/home/cvazquezperezdelacru/clio-core/context-runtime/src/scheduler/default_sched.cc:598 WARNING 1169681 operator() [#785] RESCUE: stalled worker 0 -> worker 8 (0 parked task(s) moved, 0 queued task(s) redistributed, rescues=25)[0m
[33m/home/cvazquezperezdelacru/clio-core/context-runtime/src/scheduler/default_sched.cc:455 WARNING 1169681 operator() [#781] worker 0 STALLED on one task (load_us=0 realtime_load_us=5.04826e+06 threshold_s=1)[0m
[33m/home/cvazquezperezdelacru/clio-core/context-runtime/src/worker.cc:370 WARNING 1169681 AdoptLane [#785] worker 0 adopted lane 0x7f8ba70b61e8[0m
[33m/home/cvazquezperezdelacru/clio-core/context-runtime/src/scheduler/default_sched.cc:598 WARNING 1169681 operator() [#785] RESCUE: stalled worker 0 -> worker 8 (0 parked task(s) moved, 0 queued task(s) redistributed, rescues=26)[0m
[33m/home/cvazquezperezdelacru/clio-core/context-runtime/src/scheduler/default_sched.cc:455 WARNING 1169681 operator() [#781] worker 0 STALLED on one task (load_us=0 realtime_load_us=5.54883e+06 threshold_s=1)[0m
[33m/home/cvazquezperezdelacru/clio-core/context-runtime/src/worker.cc:370 WARNING 1169681 AdoptLane [#785] worker 0 adopted lane 0x7f8ba70b61e8[0m
[33m/home/cvazquezperezdelacru/clio-core/context-runtime/src/scheduler/default_sched.cc:598 WARNING 1169681 operator() [#785] RESCUE: stalled worker 0 -> worker 8 (0 parked task(s) moved, 0 queued task(s) redistributed, rescues=27)[0m
[33m/home/cvazquezperezdelacru/clio-core/context-runtime/src/scheduler/default_sched.cc:455 WARNING 1169681 operator() [#781] worker 0 STALLED on one task (load_us=0 realtime_load_us=6.04965e+06 threshold_s=1)[0m
[33m/home/cvazquezperezdelacru/clio-core/context-runtime/src/worker.cc:370 WARNING 1169681 AdoptLane [#785] worker 0 adopted lane 0x7f8ba70b61e8[0m
[33m/home/cvazquezperezdelacru/clio-core/context-runtime/src/scheduler/default_sched.cc:598 WARNING 1169681 operator() [#785] RESCUE: stalled worker 0 -> worker 8 (0 parked task(s) moved, 0 queued task(s) redistributed, rescues=28)[0m
[33m/home/cvazquezperezdelacru/clio-core/context-runtime/src/scheduler/default_sched.cc:455 WARNING 1169681 operator() [#781] worker 0 STALLED on one task (load_us=0 realtime_load_us=6.55025e+06 threshold_s=1)[0m
[33m/home/cvazquezperezdelacru/clio-core/context-runtime/src/worker.cc:370 WARNING 1169681 AdoptLane [#785] worker 0 adopted lane 0x7f8ba70b61e8[0m
[33m/home/cvazquezperezdelacru/clio-core/context-runtime/src/scheduler/default_sched.cc:598 WARNING 1169681 operator() [#785] RESCUE: stalled worker 0 -> worker 8 (0 parked task(s) moved, 0 queued task(s) redistributed, rescues=29)[0m
[33m/home/cvazquezperezdelacru/clio-core/context-runtime/src/scheduler/default_sched.cc:455 WARNING 1169681 operator() [#781] worker 0 STALLED on one task (load_us=0 realtime_load_us=7.0511e+06 threshold_s=1)[0m
[33m/home/cvazquezperezdelacru/clio-core/context-runtime/src/worker.cc:370 WARNING 1169681 AdoptLane [#785] worker 0 adopted lane 0x7f8ba70b61e8[0m
[33m/home/cvazquezperezdelacru/clio-core/context-runtime/src/scheduler/default_sched.cc:598 WARNING 1169681 operator() [#785] RESCUE: stalled worker 0 -> worker 8 (0 parked task(s) moved, 0 queued task(s) redistributed, rescues=30)[0m
[33m/home/cvazquezperezdelacru/clio-core/context-runtime/src/scheduler/default_sched.cc:455 WARNING 1169681 operator() [#781] worker 0 STALLED on one task (load_us=0 realtime_load_us=7.55171e+06 threshold_s=1)[0m
[33m/home/cvazquezperezdelacru/clio-core/context-runtime/src/worker.cc:370 WARNING 1169681 AdoptLane [#785] worker 0 adopted lane 0x7f8ba70b61e8[0m
[33m/home/cvazquezperezdelacru/clio-core/context-runtime/src/scheduler/default_sched.cc:598 WARNING 1169681 operator() [#785] RESCUE: stalled worker 0 -> worker 8 (0 parked task(s) moved, 0 queued task(s) redistributed, rescues=31)[0m
[33m/home/cvazquezperezdelacru/clio-core/context-runtime/src/scheduler/default_sched.cc:455 WARNING 1169681 operator() [#781] worker 0 STALLED on one task (load_us=0 realtime_load_us=8.05228e+06 threshold_s=1)[0m
[33m/home/cvazquezperezdelacru/clio-core/context-runtime/src/worker.cc:370 WARNING 1169681 AdoptLane [#785] worker 0 adopted lane 0x7f8ba70b61e8[0m
[33m/home/cvazquezperezdelacru/clio-core/context-runtime/src/scheduler/default_sched.cc:598 WARNING 1169681 operator() [#785] RESCUE: stalled worker 0 -> worker 8 (0 parked task(s) moved, 0 queued task(s) redistributed, rescues=32)[0m
[33m/home/cvazquezperezdelacru/clio-core/context-runtime/src/scheduler/default_sched.cc:455 WARNING 1169681 operator() [#781] worker 0 STALLED on one task (load_us=0 realtime_load_us=8.55289e+06 threshold_s=1)[0m
[33m/home/cvazquezperezdelacru/clio-core/context-runtime/src/worker.cc:370 WARNING 1169681 AdoptLane [#785] worker 0 adopted lane 0x7f8ba70b61e8[0m
[33m/home/cvazquezperezdelacru/clio-core/context-runtime/src/scheduler/default_sched.cc:598 WARNING 1169681 operator() [#785] RESCUE: stalled worker 0 -> worker 8 (0 parked task(s) moved, 0 queued task(s) redistributed, rescues=33)[0m
[33m/home/cvazquezperezdelacru/clio-core/context-runtime/src/scheduler/default_sched.cc:430 WARNING 1169681 LoadBalance [#781 PDF] observed exec-time bins (cumulative): <10us=4166955 <50us=80341 <500us=10533 <10ms=7912 <50ms=8 <500ms=389 <1s=0 >=1s=1 | stalls_detected=33[0m
[33m/home/cvazquezperezdelacru/clio-core/context-runtime/src/scheduler/default_sched.cc:439 WARNING 1169681 LoadBalance [#785] lane rescues performed: 33[0m
[33m/home/cvazquezperezdelacru/clio-core/context-runtime/src/scheduler/default_sched.cc:455 WARNING 1169681 operator() [#781] worker 0 STALLED on one task (load_us=0 realtime_load_us=9.05366e+06 threshold_s=1)[0m
[33m/home/cvazquezperezdelacru/clio-core/context-runtime/src/worker.cc:370 WARNING 1169681 AdoptLane [#785] worker 0 adopted lane 0x7f8ba70b61e8[0m
[33m/home/cvazquezperezdelacru/clio-core/context-runtime/src/scheduler/default_sched.cc:598 WARNING 1169681 operator() [#785] RESCUE: stalled worker 0 -> worker 8 (0 parked task(s) moved, 0 queued task(s) redistributed, rescues=34)[0m
[97m/mnt/common/cvazquezperezdelacru/IOWARP/faiss/contrib/iowarp/chimod/src/faiss_ivf_runtime.cc:390 INFO 1169673 Search faiss_ivf: Search nq=500 k=10 nprobe=256 unique_lists=8149 owner_mode=1[0m
[97m/home/cvazquezperezdelacru/clio-core/context-runtime/src/ipc_manager.cc:2447 INFO 1169673 IncreaseClientShm IpcManager::IncreaseClientShm: Creating clio_1169652_95 with size 164993216 (131438784 + 33554432 overhead)[0m
[97m/home/cvazquezperezdelacru/clio-core/context-runtime/src/ipc_manager.cc:2492 INFO 1169673 IncreaseClientShm IpcManager::IncreaseClientShm: Created allocator clio_1169652_95 with ID (1169652.95)[0m
[33m/home/cvazquezperezdelacru/clio-core/context-runtime/src/scheduler/default_sched.cc:455 WARNING 1169681 operator() [#781] worker 0 STALLED on one task (load_us=0 realtime_load_us=1.0271e+06 threshold_s=1)[0m
[33m/home/cvazquezperezdelacru/clio-core/context-runtime/src/worker.cc:370 WARNING 1169681 AdoptLane [#785] worker 0 adopted lane 0x7f8ba70b61e8[0m
[33m/home/cvazquezperezdelacru/clio-core/context-runtime/src/scheduler/default_sched.cc:598 WARNING 1169681 operator() [#785] RESCUE: stalled worker 0 -> worker 8 (0 parked task(s) moved, 0 queued task(s) redistributed, rescues=35)[0m
[33m/home/cvazquezperezdelacru/clio-core/context-runtime/src/scheduler/default_sched.cc:455 WARNING 1169681 operator() [#781] worker 0 STALLED on one task (load_us=0 realtime_load_us=1.52828e+06 threshold_s=1)[0m
[33m/home/cvazquezperezdelacru/clio-core/context-runtime/src/worker.cc:370 WARNING 1169681 AdoptLane [#785] worker 0 adopted lane 0x7f8ba70b61e8[0m
[33m/home/cvazquezperezdelacru/clio-core/context-runtime/src/scheduler/default_sched.cc:598 WARNING 1169681 operator() [#785] RESCUE: stalled worker 0 -> worker 8 (0 parked task(s) moved, 0 queued task(s) redistributed, rescues=36)[0m
[33m/home/cvazquezperezdelacru/clio-core/context-runtime/src/scheduler/default_sched.cc:455 WARNING 1169681 operator() [#781] worker 0 STALLED on one task (load_us=0 realtime_load_us=2.02927e+06 threshold_s=1)[0m
[33m/home/cvazquezperezdelacru/clio-core/context-runtime/src/worker.cc:370 WARNING 1169681 AdoptLane [#785] worker 0 adopted lane 0x7f8ba70b61e8[0m
[33m/home/cvazquezperezdelacru/clio-core/context-runtime/src/scheduler/default_sched.cc:598 WARNING 1169681 operator() [#785] RESCUE: stalled worker 0 -> worker 8 (0 parked task(s) moved, 0 queued task(s) redistributed, rescues=37)[0m
[33m/home/cvazquezperezdelacru/clio-core/context-runtime/src/scheduler/default_sched.cc:455 WARNING 1169681 operator() [#781] worker 0 STALLED on one task (load_us=0 realtime_load_us=2.52995e+06 threshold_s=1)[0m
[33m/home/cvazquezperezdelacru/clio-core/context-runtime/src/worker.cc:370 WARNING 1169681 AdoptLane [#785] worker 0 adopted lane 0x7f8ba70b61e8[0m
[33m/home/cvazquezperezdelacru/clio-core/context-runtime/src/scheduler/default_sched.cc:598 WARNING 1169681 operator() [#785] RESCUE: stalled worker 0 -> worker 8 (0 parked task(s) moved, 0 queued task(s) redistributed, rescues=38)[0m
[33m/home/cvazquezperezdelacru/clio-core/context-runtime/src/scheduler/default_sched.cc:455 WARNING 1169681 operator() [#781] worker 0 STALLED on one task (load_us=0 realtime_load_us=3.03053e+06 threshold_s=1)[0m
[33m/home/cvazquezperezdelacru/clio-core/context-runtime/src/worker.cc:370 WARNING 1169681 AdoptLane [#785] worker 0 adopted lane 0x7f8ba70b61e8[0m
[33m/home/cvazquezperezdelacru/clio-core/context-runtime/src/scheduler/default_sched.cc:598 WARNING 1169681 operator() [#785] RESCUE: stalled worker 0 -> worker 8 (0 parked task(s) moved, 0 queued task(s) redistributed, rescues=39)[0m
[33m/home/cvazquezperezdelacru/clio-core/context-runtime/src/scheduler/default_sched.cc:455 WARNING 1169681 operator() [#781] worker 0 STALLED on one task (load_us=0 realtime_load_us=3.53119e+06 threshold_s=1)[0m
[33m/home/cvazquezperezdelacru/clio-core/context-runtime/src/worker.cc:370 WARNING 1169681 AdoptLane [#785] worker 0 adopted lane 0x7f8ba70b61e8[0m
[33m/home/cvazquezperezdelacru/clio-core/context-runtime/src/scheduler/default_sched.cc:598 WARNING 1169681 operator() [#785] RESCUE: stalled worker 0 -> worker 8 (0 parked task(s) moved, 0 queued task(s) redistributed, rescues=40)[0m
[33m/home/cvazquezperezdelacru/clio-core/context-runtime/src/scheduler/default_sched.cc:455 WARNING 1169681 operator() [#781] worker 0 STALLED on one task (load_us=0 realtime_load_us=4.03176e+06 threshold_s=1)[0m
[33m/home/cvazquezperezdelacru/clio-core/context-runtime/src/worker.cc:370 WARNING 1169681 AdoptLane [#785] worker 0 adopted lane 0x7f8ba70b61e8[0m
[33m/home/cvazquezperezdelacru/clio-core/context-runtime/src/scheduler/default_sched.cc:598 WARNING 1169681 operator() [#785] RESCUE: stalled worker 0 -> worker 8 (0 parked task(s) moved, 0 queued task(s) redistributed, rescues=41)[0m
[33m/home/cvazquezperezdelacru/clio-core/context-runtime/src/scheduler/default_sched.cc:430 WARNING 1169681 LoadBalance [#781 PDF] observed exec-time bins (cumulative): <10us=4232053 <50us=81892 <500us=10542 <10ms=7918 <50ms=8 <500ms=389 <1s=0 >=1s=2 | stalls_detected=41[0m
[33m/home/cvazquezperezdelacru/clio-core/context-runtime/src/scheduler/default_sched.cc:439 WARNING 1169681 LoadBalance [#785] lane rescues performed: 41[0m
[33m/home/cvazquezperezdelacru/clio-core/context-runtime/src/scheduler/default_sched.cc:455 WARNING 1169681 operator() [#781] worker 0 STALLED on one task (load_us=0 realtime_load_us=4.53231e+06 threshold_s=1)[0m
[33m/home/cvazquezperezdelacru/clio-core/context-runtime/src/worker.cc:370 WARNING 1169681 AdoptLane [#785] worker 0 adopted lane 0x7f8ba70b61e8[0m
[33m/home/cvazquezperezdelacru/clio-core/context-runtime/src/scheduler/default_sched.cc:598 WARNING 1169681 operator() [#785] RESCUE: stalled worker 0 -> worker 8 (0 parked task(s) moved, 0 queued task(s) redistributed, rescues=42)[0m
[33m/home/cvazquezperezdelacru/clio-core/context-runtime/src/scheduler/default_sched.cc:455 WARNING 1169681 operator() [#781] worker 0 STALLED on one task (load_us=0 realtime_load_us=5.03293e+06 threshold_s=1)[0m
[33m/home/cvazquezperezdelacru/clio-core/context-runtime/src/worker.cc:370 WARNING 1169681 AdoptLane [#785] worker 0 adopted lane 0x7f8ba70b61e8[0m
[33m/home/cvazquezperezdelacru/clio-core/context-runtime/src/scheduler/default_sched.cc:598 WARNING 1169681 operator() [#785] RESCUE: stalled worker 0 -> worker 8 (0 parked task(s) moved, 0 queued task(s) redistributed, rescues=43)[0m
[33m/home/cvazquezperezdelacru/clio-core/context-runtime/src/scheduler/default_sched.cc:455 WARNING 1169681 operator() [#781] worker 0 STALLED on one task (load_us=0 realtime_load_us=5.53357e+06 threshold_s=1)[0m
[33m/home/cvazquezperezdelacru/clio-core/context-runtime/src/worker.cc:370 WARNING 1169681 AdoptLane [#785] worker 0 adopted lane 0x7f8ba70b61e8[0m
[33m/home/cvazquezperezdelacru/clio-core/context-runtime/src/scheduler/default_sched.cc:598 WARNING 1169681 operator() [#785] RESCUE: stalled worker 0 -> worker 8 (0 parked task(s) moved, 0 queued task(s) redistributed, rescues=44)[0m
[33m/home/cvazquezperezdelacru/clio-core/context-runtime/src/scheduler/default_sched.cc:455 WARNING 1169681 operator() [#781] worker 0 STALLED on one task (load_us=0 realtime_load_us=6.03418e+06 threshold_s=1)[0m
[33m/home/cvazquezperezdelacru/clio-core/context-runtime/src/worker.cc:370 WARNING 1169681 AdoptLane [#785] worker 0 adopted lane 0x7f8ba70b61e8[0m
[33m/home/cvazquezperezdelacru/clio-core/context-runtime/src/scheduler/default_sched.cc:598 WARNING 1169681 operator() [#785] RESCUE: stalled worker 0 -> worker 8 (0 parked task(s) moved, 0 queued task(s) redistributed, rescues=45)[0m
[33m/home/cvazquezperezdelacru/clio-core/context-runtime/src/scheduler/default_sched.cc:455 WARNING 1169681 operator() [#781] worker 0 STALLED on one task (load_us=0 realtime_load_us=6.53486e+06 threshold_s=1)[0m
[33m/home/cvazquezperezdelacru/clio-core/context-runtime/src/worker.cc:370 WARNING 1169681 AdoptLane [#785] worker 0 adopted lane 0x7f8ba70b61e8[0m
[33m/home/cvazquezperezdelacru/clio-core/context-runtime/src/scheduler/default_sched.cc:598 WARNING 1169681 operator() [#785] RESCUE: stalled worker 0 -> worker 8 (0 parked task(s) moved, 0 queued task(s) redistributed, rescues=46)[0m
[33m/home/cvazquezperezdelacru/clio-core/context-runtime/src/scheduler/default_sched.cc:455 WARNING 1169681 operator() [#781] worker 0 STALLED on one task (load_us=0 realtime_load_us=7.03547e+06 threshold_s=1)[0m
[33m/home/cvazquezperezdelacru/clio-core/context-runtime/src/worker.cc:370 WARNING 1169681 AdoptLane [#785] worker 0 adopted lane 0x7f8ba70b61e8[0m
[33m/home/cvazquezperezdelacru/clio-core/context-runtime/src/scheduler/default_sched.cc:598 WARNING 1169681 operator() [#785] RESCUE: stalled worker 0 -> worker 8 (0 parked task(s) moved, 0 queued task(s) redistributed, rescues=47)[0m
[33m/home/cvazquezperezdelacru/clio-core/context-runtime/src/scheduler/default_sched.cc:455 WARNING 1169681 operator() [#781] worker 0 STALLED on one task (load_us=0 realtime_load_us=7.53604e+06 threshold_s=1)[0m
[33m/home/cvazquezperezdelacru/clio-core/context-runtime/src/worker.cc:370 WARNING 1169681 AdoptLane [#785] worker 0 adopted lane 0x7f8ba70b61e8[0m
[33m/home/cvazquezperezdelacru/clio-core/context-runtime/src/scheduler/default_sched.cc:598 WARNING 1169681 operator() [#785] RESCUE: stalled worker 0 -> worker 8 (0 parked task(s) moved, 0 queued task(s) redistributed, rescues=48)[0m
[33m/home/cvazquezperezdelacru/clio-core/context-runtime/src/scheduler/default_sched.cc:455 WARNING 1169681 operator() [#781] worker 0 STALLED on one task (load_us=0 realtime_load_us=8.03669e+06 threshold_s=1)[0m
[33m/home/cvazquezperezdelacru/clio-core/context-runtime/src/worker.cc:370 WARNING 1169681 AdoptLane [#785] worker 0 adopted lane 0x7f8ba70b61e8[0m
[33m/home/cvazquezperezdelacru/clio-core/context-runtime/src/scheduler/default_sched.cc:598 WARNING 1169681 operator() [#785] RESCUE: stalled worker 0 -> worker 8 (0 parked task(s) moved, 0 queued task(s) redistributed, rescues=49)[0m
[33m/home/cvazquezperezdelacru/clio-core/context-runtime/src/scheduler/default_sched.cc:455 WARNING 1169681 operator() [#781] worker 0 STALLED on one task (load_us=0 realtime_load_us=8.53725e+06 threshold_s=1)[0m
[33m/home/cvazquezperezdelacru/clio-core/context-runtime/src/worker.cc:370 WARNING 1169681 AdoptLane [#785] worker 0 adopted lane 0x7f8ba70b61e8[0m
[33m/home/cvazquezperezdelacru/clio-core/context-runtime/src/scheduler/default_sched.cc:598 WARNING 1169681 operator() [#785] RESCUE: stalled worker 0 -> worker 8 (0 parked task(s) moved, 0 queued task(s) redistributed, rescues=50)[0m
[33m/home/cvazquezperezdelacru/clio-core/context-runtime/src/scheduler/default_sched.cc:455 WARNING 1169681 operator() [#781] worker 0 STALLED on one task (load_us=0 realtime_load_us=9.03789e+06 threshold_s=1)[0m
[33m/home/cvazquezperezdelacru/clio-core/context-runtime/src/worker.cc:370 WARNING 1169681 AdoptLane [#785] worker 0 adopted lane 0x7f8ba70b61e8[0m
[33m/home/cvazquezperezdelacru/clio-core/context-runtime/src/scheduler/default_sched.cc:598 WARNING 1169681 operator() [#785] RESCUE: stalled worker 0 -> worker 8 (0 parked task(s) moved, 0 queued task(s) redistributed, rescues=51)[0m
[33m/home/cvazquezperezdelacru/clio-core/context-runtime/src/scheduler/default_sched.cc:430 WARNING 1169681 LoadBalance [#781 PDF] observed exec-time bins (cumulative): <10us=4297660 <50us=83200 <500us=10551 <10ms=7920 <50ms=8 <500ms=389 <1s=0 >=1s=3 | stalls_detected=51[0m
[33m/home/cvazquezperezdelacru/clio-core/context-runtime/src/scheduler/default_sched.cc:439 WARNING 1169681 LoadBalance [#785] lane rescues performed: 51[0m
[97m/home/cvazquezperezdelacru/clio-core/context-runtime/src/pool_manager.cc:431 INFO 1169652 DestroyLocalPool PoolManager: Destroyed local pool PoolId(major:1, minor:0)[0m
[31m/home/cvazquezperezdelacru/clio-core/context-runtime/src/ipc_manager.cc:3856 ERROR 1169680 RouteTask RouteTask: RouteLocal returned 4 for pool=PoolId(major:1, minor:0) method=21, worker=7[0m
[31m/home/cvazquezperezdelacru/clio-core/context-runtime/src/ipc_manager.cc:3856 ERROR 1169679 RouteTask RouteTask: RouteLocal returned 4 for pool=PoolId(major:1, minor:0) method=14, worker=6[0m
[31m/home/cvazquezperezdelacru/clio-core/context-runtime/src/ipc_manager.cc:3856 ERROR 1169679 RouteTask RouteTask: RouteLocal returned 4 for pool=PoolId(major:1, minor:0) method=14, worker=6[0m
[31m/home/cvazquezperezdelacru/clio-core/context-runtime/src/ipc_manager.cc:3856 ERROR 1169680 RouteTask RouteTask: RouteLocal returned 4 for pool=PoolId(major:1, minor:0) method=21, worker=7[0m
[31m/home/cvazquezperezdelacru/clio-core/context-runtime/src/ipc_manager.cc:3856 ERROR 1169679 RouteTask RouteTask: RouteLocal returned 4 for pool=PoolId(major:1, minor:0) method=14, worker=6[0m
[31m/home/cvazquezperezdelacru/clio-core/context-runtime/src/ipc_manager.cc:3856 ERROR 1169679 RouteTask RouteTask: RouteLocal returned 4 for pool=PoolId(major:1, minor:0) method=14, worker=6[0m
[31m/home/cvazquezperezdelacru/clio-core/context-runtime/src/ipc_manager.cc:3856 ERROR 1169680 RouteTask RouteTask: RouteLocal returned 4 for pool=PoolId(major:1, minor:0) method=21, worker=7[0m
[31m/home/cvazquezperezdelacru/clio-core/context-runtime/src/ipc_manager.cc:3856 ERROR 1169680 RouteTask RouteTask: RouteLocal returned 4 for pool=PoolId(major:1, minor:0) method=21, worker=7[0m
