[97m/home/cvazquezperezdelacru/clio-core/context-runtime/src/config_manager.cc:144 INFO 1161572 ClientInit Config at: /mnt/common/cvazquezperezdelacru/IOWARP/faiss/contrib/iowarp/benchmarks/results/ares_cte_rendered_20260805_211702.yaml[0m
[33m/home/cvazquezperezdelacru/clio-core/context-runtime/src/ipc_manager.cc:906 WARNING 1161572 ServerInitShm Main segment: requested 50079698944 bytes exceeds half the memory budget (50079698944 bytes); clamping to 25039849472 bytes[0m
[97m/home/cvazquezperezdelacru/clio-core/context-runtime/src/ipc_manager.cc:931 INFO 1161572 ServerInitShm Initializing main shared memory segment: 25039849472 bytes (23879 MB)[0m
[97m/home/cvazquezperezdelacru/clio-core/context-runtime/src/ipc_manager.cc:952 INFO 1161572 ServerInitShm Initializing queue shared memory segment: 646224224 bytes (631078 KB)[0m
[33m/home/cvazquezperezdelacru/clio-core/context-runtime/src/ipc_manager.cc:1005 WARNING 1161572 ServerInitShm Metadata segment: requested 50079698944 bytes exceeds half the memory budget (50079698944 bytes); clamping to 25039849472 bytes[0m
[97m/home/cvazquezperezdelacru/clio-core/context-runtime/src/ipc_manager.cc:1039 INFO 1161572 ServerInitShm Initializing metadata shared memory segment: 25039849472 bytes (23879 MB), sparse/not pre-faulted[0m
[97m/home/cvazquezperezdelacru/clio-core/context-runtime/src/ipc_manager.cc:865 INFO 1161572 ExcludeFromCoreDump metadata segment: excluded 25039849472 bytes from core dumps[0m
[97m/home/cvazquezperezdelacru/clio-core/context-runtime/src/ipc_manager.cc:1072 INFO 1161572 ServerInitShm ServerInitShm: metadata directory at offset 68072[0m
[97m/home/cvazquezperezdelacru/clio-core/context-runtime/src/ipc_manager.cc:1127 INFO 1161572 ServerInitShm ServerInitShm: 8 inbound SHM ring(s) 'clio-1161572-shm-in-0..7' (16MB each)[0m
[97m/home/cvazquezperezdelacru/clio-core/context-runtime/src/ipc_manager.cc:1269 INFO 1161572 ServerInitQueues Initializing 16 worker queues with depth 1024 (last worker serves dual role)[0m
[97m/home/cvazquezperezdelacru/clio-core/context-runtime/src/ipc_manager.cc:1933 INFO 1161572 IdentifyThisHost SUCCESS: Main server started on 0.0.0.0:9413 (advertised as ares-comp-11, node=1)[0m
[97m/home/cvazquezperezdelacru/clio-core/context-runtime/src/ipc_manager.cc:561 INFO 1161572 ServerInit IpcManager: TCP ROUTER transport bound on 0.0.0.0:9416[0m
[97m/home/cvazquezperezdelacru/clio-core/context-runtime/src/ipc_manager.cc:579 INFO 1161572 ServerInit IpcManager: IPC lightbeam server bound on /tmp/clio_cvazquezperezdelacru/clio_9413.ipc[0m
[97m/home/cvazquezperezdelacru/clio-core/context-runtime/src/module_manager.cc:137 INFO 1161572 LoadChiMod Loaded ChiMod: clio_MOD_NAME from /mnt/common/cvazquezperezdelacru/clio-core-dev-install/lib/libclio_MOD_NAME_runtime.so[0m
[97m/home/cvazquezperezdelacru/clio-core/context-runtime/src/module_manager.cc:137 INFO 1161572 LoadChiMod Loaded ChiMod: clio_admin from /mnt/common/cvazquezperezdelacru/clio-core-dev-install/lib/libclio_admin_runtime.so[0m
[97m/home/cvazquezperezdelacru/clio-core/context-runtime/src/module_manager.cc:137 INFO 1161572 LoadChiMod Loaded ChiMod: clio_bdev from /mnt/common/cvazquezperezdelacru/clio-core-dev-install/lib/libclio_bdev_runtime.so[0m
[97m/home/cvazquezperezdelacru/clio-core/context-runtime/src/module_manager.cc:137 INFO 1161572 LoadChiMod Loaded ChiMod: clio_safe_bdev from /mnt/common/cvazquezperezdelacru/clio-core-dev-install/lib/libclio_safe_bdev_runtime.so[0m
[97m/home/cvazquezperezdelacru/clio-core/context-runtime/src/module_manager.cc:137 INFO 1161572 LoadChiMod Loaded ChiMod: clio_cte_replication from /mnt/common/cvazquezperezdelacru/clio-core-dev-install/lib/libclio_cte_replication_runtime.so[0m
[97m/home/cvazquezperezdelacru/clio-core/context-runtime/src/module_manager.cc:137 INFO 1161572 LoadChiMod Loaded ChiMod: clio_cte_cache from /mnt/common/cvazquezperezdelacru/clio-core-dev-install/lib/libclio_cte_cache_runtime.so[0m
[97m/home/cvazquezperezdelacru/clio-core/context-runtime/src/module_manager.cc:137 INFO 1161572 LoadChiMod Loaded ChiMod: clio_cte_indexer from /mnt/common/cvazquezperezdelacru/clio-core-dev-install/lib/libclio_cte_indexer_runtime.so[0m
[97m/home/cvazquezperezdelacru/clio-core/context-runtime/src/module_manager.cc:137 INFO 1161572 LoadChiMod Loaded ChiMod: clio_cte_core from /mnt/common/cvazquezperezdelacru/clio-core-dev-install/lib/libclio_cte_core_runtime.so[0m
[97m/home/cvazquezperezdelacru/clio-core/context-runtime/src/module_manager.cc:137 INFO 1161572 LoadChiMod Loaded ChiMod: clio_cte_filesystem from /mnt/common/cvazquezperezdelacru/clio-core-dev-install/lib/libclio_cte_filesystem_runtime.so[0m
[97m/home/cvazquezperezdelacru/clio-core/context-runtime/src/module_manager.cc:137 INFO 1161572 LoadChiMod Loaded ChiMod: clio_faiss_ivf from /mnt/common/cvazquezperezdelacru/IOWARP/faiss/contrib/iowarp/build-dev/chimod/libclio_faiss_ivf_runtime.so[0m
[97m/home/cvazquezperezdelacru/clio-core/context-runtime/src/work_orchestrator.cc:94 INFO 1161572 Init Creating 8 workers (7 task + 1 dedicated network)[0m
[97m/home/cvazquezperezdelacru/clio-core/context-runtime/src/ipc_manager.cc:756 INFO 1161572 SetNumSchedQueues IpcManager: Updated num_sched_queues to 1[0m
[97m/home/cvazquezperezdelacru/clio-core/context-runtime/src/scheduler/default_sched.cc:139 INFO 1161572 DivideWorkers DefaultScheduler: 1 scheduler worker (0), 4 I/O workers, net_send_worker=6, net_recv_worker=7, gpu_worker=5[0m
[97m/home/cvazquezperezdelacru/clio-core/context-runtime/src/work_orchestrator.cc:271 INFO 1161572 SpawnWorkerThreads WorkOrchestrator: num_workers=8, num_lanes=16[0m
[97m/home/cvazquezperezdelacru/clio-core/context-runtime/src/work_orchestrator.cc:294 INFO 1161572 SpawnWorkerThreads WorkOrchestrator: Mapped worker 0 (ID 0) to lane 0[0m
[97m/home/cvazquezperezdelacru/clio-core/context-runtime/src/work_orchestrator.cc:294 INFO 1161572 SpawnWorkerThreads WorkOrchestrator: Mapped worker 1 (ID 1) to lane 1[0m
[97m/home/cvazquezperezdelacru/clio-core/context-runtime/src/work_orchestrator.cc:294 INFO 1161572 SpawnWorkerThreads WorkOrchestrator: Mapped worker 2 (ID 2) to lane 2[0m
[97m/home/cvazquezperezdelacru/clio-core/context-runtime/src/work_orchestrator.cc:294 INFO 1161572 SpawnWorkerThreads WorkOrchestrator: Mapped worker 3 (ID 3) to lane 3[0m
[97m/home/cvazquezperezdelacru/clio-core/context-runtime/src/work_orchestrator.cc:294 INFO 1161572 SpawnWorkerThreads WorkOrchestrator: Mapped worker 4 (ID 4) to lane 4[0m
[97m/home/cvazquezperezdelacru/clio-core/context-runtime/src/work_orchestrator.cc:294 INFO 1161572 SpawnWorkerThreads WorkOrchestrator: Mapped worker 5 (ID 5) to lane 5[0m
[97m/home/cvazquezperezdelacru/clio-core/context-runtime/src/work_orchestrator.cc:294 INFO 1161572 SpawnWorkerThreads WorkOrchestrator: Mapped worker 6 (ID 6) to lane 6[0m
[97m/home/cvazquezperezdelacru/clio-core/context-runtime/src/work_orchestrator.cc:294 INFO 1161572 SpawnWorkerThreads WorkOrchestrator: Mapped worker 7 (ID 7) to lane 7[0m
[97m/home/cvazquezperezdelacru/clio-core/context-runtime/src/pool_manager.cc:534 INFO 1161572 CreatePool PoolManager: Creating pool 'admin' with 2 containers (one per node)[0m
[33m/home/cvazquezperezdelacru/clio-core/context-runtime/modules/admin/include/clio_runtime/admin/admin_client.h:59 WARNING 1161572 Client AdminClient: Default constructor called - pool_id_ will be PoolId(0,0)[0m
[97m/home/cvazquezperezdelacru/clio-core/context-runtime/src/pool_manager.cc:615 INFO 1161572 CreatePool Creating container for pool PoolId(major:1, minor:0) on node 1 with container_id=1[0m
[97m/home/cvazquezperezdelacru/clio-core/context-runtime/src/pool_manager.cc:644 INFO 1161572 CreatePool Container initialized with pool ID PoolId(major:1, minor:0), name admin, and container ID 1[0m
[97m/home/cvazquezperezdelacru/clio-core/context-runtime/src/pool_manager.cc:663 INFO 1161572 CreatePool CreatePool: Running Create method for pool PoolId(major:1, minor:0)[0m
[97m/home/cvazquezperezdelacru/clio-core/context-runtime/src/ipc/ipc_run2run.cc:1254 INFO 1161603 operator() [ClientRecvThread] started[0m
[97m/home/cvazquezperezdelacru/clio-core/context-runtime/src/ipc/ipc_run2run.cc:1182 INFO 1161602 operator() [PeerRecvThread] started[0m
[97m/home/cvazquezperezdelacru/clio-core/context-runtime/src/pool_manager.cc:666 INFO 1161572 CreatePool CreatePool: Create method completed for pool PoolId(major:1, minor:0)[0m
[97m/home/cvazquezperezdelacru/clio-core/context-runtime/src/pool_manager.cc:700 INFO 1161572 CreatePool PoolManager: Created complete pool PoolId(major:1, minor:0) with ChiMod clio_admin (2 containers)[0m
[97m/home/cvazquezperezdelacru/clio-core/context-runtime/src/pool_manager.cc:125 INFO 1161572 ServerInit PoolManager: Admin chimod pool created successfully with PoolId PoolId(major:1, minor:0)[0m
[97m/home/cvazquezperezdelacru/clio-core/context-runtime/src/manager.cc:264 INFO 1161572 ServerInit Processing compose configuration with 3 pools[0m
[33m/home/cvazquezperezdelacru/clio-core/context-runtime/src/../modules/admin/include/clio_runtime/admin/admin_client.h:59 WARNING 1161572 Client AdminClient: Default constructor called - pool_id_ will be PoolId(0,0)[0m
[97m/home/cvazquezperezdelacru/clio-core/context-runtime/src/manager.cc:282 INFO 1161572 ServerInit Compose: Creating pool ram::chi_default_bdev (module: clio_bdev, restart: 0)[0m
[97m/home/cvazquezperezdelacru/clio-core/context-runtime/src/pool_manager.cc:534 INFO 1161597 CreatePool PoolManager: Creating pool 'ram::chi_default_bdev' with 2 containers (one per node)[0m
[97m/home/cvazquezperezdelacru/clio-core/context-runtime/src/pool_manager.cc:615 INFO 1161597 CreatePool Creating container for pool PoolId(major:301, minor:0) on node 1 with container_id=1[0m
[97m/home/cvazquezperezdelacru/clio-core/context-runtime/src/pool_manager.cc:644 INFO 1161597 CreatePool Container initialized with pool ID PoolId(major:301, minor:0), name ram::chi_default_bdev, and container ID 1[0m
[97m/home/cvazquezperezdelacru/clio-core/context-runtime/src/pool_manager.cc:663 INFO 1161597 CreatePool CreatePool: Running Create method for pool PoolId(major:301, minor:0)[0m
[97m/home/cvazquezperezdelacru/clio-core/context-runtime/modules/bdev/src/transports/mem_bdev_transport.cc:152 INFO 1161597 InitShmBacking [#783] RAM bdev 'clio_rambdev_1161572_301_0' is shared-memory backed (38655688704 of 38654705664 bytes mapped)[0m
[97m/home/cvazquezperezdelacru/clio-core/context-runtime/src/pool_manager.cc:666 INFO 1161597 CreatePool CreatePool: Create method completed for pool PoolId(major:301, minor:0)[0m
[97m/home/cvazquezperezdelacru/clio-core/context-runtime/src/pool_manager.cc:700 INFO 1161597 CreatePool PoolManager: Created complete pool PoolId(major:301, minor:0) with ChiMod clio_bdev (2 containers)[0m
[97m/home/cvazquezperezdelacru/clio-core/context-runtime/src/manager.cc:298 INFO 1161572 ServerInit Compose: Successfully created pool ram::chi_default_bdev (module: clio_bdev)[0m
[97m/home/cvazquezperezdelacru/clio-core/context-runtime/src/manager.cc:282 INFO 1161572 ServerInit Compose: Creating pool cte_main (module: clio_cte_core, restart: 0)[0m
[97m/home/cvazquezperezdelacru/clio-core/context-runtime/src/pool_manager.cc:534 INFO 1161594 CreatePool PoolManager: Creating pool 'cte_main' with 2 containers (one per node)[0m
[97m/home/cvazquezperezdelacru/clio-core/context-runtime/src/pool_manager.cc:615 INFO 1161594 CreatePool Creating container for pool PoolId(major:512, minor:0) on node 1 with container_id=1[0m
[97m/home/cvazquezperezdelacru/clio-core/context-runtime/src/pool_manager.cc:644 INFO 1161594 CreatePool Container initialized with pool ID PoolId(major:512, minor:0), name cte_main, and container ID 1[0m
[97m/home/cvazquezperezdelacru/clio-core/context-runtime/src/pool_manager.cc:663 INFO 1161594 CreatePool CreatePool: Running Create method for pool PoolId(major:512, minor:0)[0m
[97m/home/cvazquezperezdelacru/clio-core/context-transfer-engine/core/src/core_config.cc:642 INFO 1161594 ParseStorageConfig Parsed 2 storage devices[0m
[97m/home/cvazquezperezdelacru/clio-core/context-transfer-engine/core/src/core_config.cc:660 INFO 1161594 ParseDpeConfig Parsed DPE configuration: type=max_bw[0m
[97m/home/cvazquezperezdelacru/clio-core/context-transfer-engine/core/src/core_config.cc:111 INFO 1161594 LoadFromString Configuration loaded successfully from YAML string[0m
[97m/home/cvazquezperezdelacru/clio-core/context-transfer-engine/core/src/core_runtime.cc:590 INFO 1161594 Create CTE: shared-memory metadata cache enabled (tags=65536, blobs=262144, root_off=488)[0m
[97m/home/cvazquezperezdelacru/clio-core/context-runtime/src/ipc_manager.cc:2295 INFO 1161599 GetOrCreateClient [ClientPool] Creating new persistent connection to ares-comp-10:9413[0m
[97m/home/cvazquezperezdelacru/clio-core/context-runtime/src/../../context-transport-primitives/include/clio_ctp/lightbeam/zmq_transport.h:152 INFO 1161599 GetSharedContext [ZeroMqTransport] Created shared context with 8 I/O threads[0m
[97m/home/cvazquezperezdelacru/clio-core/context-runtime/src/ipc_manager.cc:2315 INFO 1161599 GetOrCreateClient [ClientPool] Connection established to ares-comp-10:9413[0m
[97m/home/cvazquezperezdelacru/clio-core/context-runtime/src/ipc_manager.cc:2295 INFO 1161599 GetOrCreateClient [ClientPool] Creating new persistent connection to ares-comp-11:9413[0m
[97m/home/cvazquezperezdelacru/clio-core/context-runtime/src/ipc_manager.cc:2315 INFO 1161599 GetOrCreateClient [ClientPool] Connection established to ares-comp-11:9413[0m
[97m/home/cvazquezperezdelacru/clio-core/context-runtime/src/pool_manager.cc:534 INFO 1161593 CreatePool PoolManager: Creating pool 'ram::cte_ram_tier_node1' with 2 containers (one per node)[0m
[97m/home/cvazquezperezdelacru/clio-core/context-runtime/src/pool_manager.cc:615 INFO 1161593 CreatePool Creating container for pool PoolId(major:512, minor:2) on node 1 with container_id=1[0m
[97m/home/cvazquezperezdelacru/clio-core/context-runtime/src/pool_manager.cc:644 INFO 1161593 CreatePool Container initialized with pool ID PoolId(major:512, minor:2), name ram::cte_ram_tier_node1, and container ID 1[0m
[97m/home/cvazquezperezdelacru/clio-core/context-runtime/src/pool_manager.cc:663 INFO 1161593 CreatePool CreatePool: Running Create method for pool PoolId(major:512, minor:2)[0m
[97m/home/cvazquezperezdelacru/clio-core/context-runtime/modules/bdev/src/transports/mem_bdev_transport.cc:152 INFO 1161593 InitShmBacking [#783] RAM bdev 'clio_rambdev_1161572_512_2' is shared-memory backed (23623303168 of 23622320128 bytes mapped)[0m
[97m/home/cvazquezperezdelacru/clio-core/context-runtime/src/pool_manager.cc:666 INFO 1161593 CreatePool CreatePool: Create method completed for pool PoolId(major:512, minor:2)[0m
[97m/home/cvazquezperezdelacru/clio-core/context-runtime/src/pool_manager.cc:700 INFO 1161593 CreatePool PoolManager: Created complete pool PoolId(major:512, minor:2) with ChiMod clio_bdev (2 containers)[0m
[97m/home/cvazquezperezdelacru/clio-core/context-runtime/src/ipc_manager.cc:2295 INFO 1161599 GetOrCreateClient [ClientPool] Creating new persistent connection to ares-comp-11:9413#resp[0m
[97m/home/cvazquezperezdelacru/clio-core/context-runtime/src/ipc_manager.cc:2315 INFO 1161599 GetOrCreateClient [ClientPool] Connection established to ares-comp-11:9413#resp[0m
[97m/home/cvazquezperezdelacru/clio-core/context-runtime/src/pool_manager.cc:534 INFO 1161593 CreatePool PoolManager: Creating pool '/mnt/nvme/cvazquezperezdelacru/cte_tier_node1' with 2 containers (one per node)[0m
[97m/home/cvazquezperezdelacru/clio-core/context-runtime/src/pool_manager.cc:615 INFO 1161593 CreatePool Creating container for pool PoolId(major:513, minor:2) on node 1 with container_id=1[0m
[97m/home/cvazquezperezdelacru/clio-core/context-runtime/src/pool_manager.cc:644 INFO 1161593 CreatePool Container initialized with pool ID PoolId(major:513, minor:2), name /mnt/nvme/cvazquezperezdelacru/cte_tier_node1, and container ID 1[0m
[97m/home/cvazquezperezdelacru/clio-core/context-runtime/src/pool_manager.cc:663 INFO 1161593 CreatePool CreatePool: Running Create method for pool PoolId(major:513, minor:2)[0m
[97m/home/cvazquezperezdelacru/clio-core/context-runtime/src/pool_manager.cc:666 INFO 1161593 CreatePool CreatePool: Create method completed for pool PoolId(major:513, minor:2)[0m
[97m/home/cvazquezperezdelacru/clio-core/context-runtime/src/pool_manager.cc:700 INFO 1161593 CreatePool PoolManager: Created complete pool PoolId(major:513, minor:2) with ChiMod clio_bdev (2 containers)[0m
[97m/home/cvazquezperezdelacru/clio-core/context-runtime/src/pool_manager.cc:534 INFO 1161593 CreatePool PoolManager: Creating pool 'ram::cte_ram_tier_node0' with 2 containers (one per node)[0m
[97m/home/cvazquezperezdelacru/clio-core/context-runtime/src/pool_manager.cc:615 INFO 1161593 CreatePool Creating container for pool PoolId(major:512, minor:1) on node 1 with container_id=1[0m
[97m/home/cvazquezperezdelacru/clio-core/context-runtime/src/pool_manager.cc:644 INFO 1161593 CreatePool Container initialized with pool ID PoolId(major:512, minor:1), name ram::cte_ram_tier_node0, and container ID 1[0m
[97m/home/cvazquezperezdelacru/clio-core/context-runtime/src/pool_manager.cc:663 INFO 1161593 CreatePool CreatePool: Running Create method for pool PoolId(major:512, minor:1)[0m
[97m/home/cvazquezperezdelacru/clio-core/context-runtime/modules/bdev/src/transports/mem_bdev_transport.cc:152 INFO 1161593 InitShmBacking [#783] RAM bdev 'clio_rambdev_1161572_512_1' is shared-memory backed (23623303168 of 23622320128 bytes mapped)[0m
[97m/home/cvazquezperezdelacru/clio-core/context-runtime/src/pool_manager.cc:666 INFO 1161593 CreatePool CreatePool: Create method completed for pool PoolId(major:512, minor:1)[0m
[97m/home/cvazquezperezdelacru/clio-core/context-runtime/src/pool_manager.cc:700 INFO 1161593 CreatePool PoolManager: Created complete pool PoolId(major:512, minor:1) with ChiMod clio_bdev (2 containers)[0m
[97m/home/cvazquezperezdelacru/clio-core/context-runtime/src/ipc_manager.cc:2295 INFO 1161599 GetOrCreateClient [ClientPool] Creating new persistent connection to ares-comp-10:9413#resp[0m
[97m/home/cvazquezperezdelacru/clio-core/context-runtime/src/ipc_manager.cc:2315 INFO 1161599 GetOrCreateClient [ClientPool] Connection established to ares-comp-10:9413#resp[0m
[97m/home/cvazquezperezdelacru/clio-core/context-transfer-engine/core/src/core_runtime.cc:708 INFO 1161594 Create CTE Core container created and initialized for pool: cte_main (ID: PoolId(major:512, minor:0))[0m
[97m/home/cvazquezperezdelacru/clio-core/context-transfer-engine/core/src/core_runtime.cc:712 INFO 1161594 Create Configuration: neighborhood=1, poll_period_ms=5000, stat_targets_period_ms=5000[0m
[97m/home/cvazquezperezdelacru/clio-core/context-transfer-engine/core/src/core_runtime.cc:754 INFO 1161594 Create Starting periodic StatTargets task with period 5000 ms[0m
[97m/home/cvazquezperezdelacru/clio-core/context-runtime/src/pool_manager.cc:666 INFO 1161594 CreatePool CreatePool: Create method completed for pool PoolId(major:512, minor:0)[0m
[97m/home/cvazquezperezdelacru/clio-core/context-runtime/src/pool_manager.cc:700 INFO 1161594 CreatePool PoolManager: Created complete pool PoolId(major:512, minor:0) with ChiMod clio_cte_core (2 containers)[0m
[97m/home/cvazquezperezdelacru/clio-core/context-runtime/src/manager.cc:298 INFO 1161572 ServerInit Compose: Successfully created pool cte_main (module: clio_cte_core)[0m
[97m/home/cvazquezperezdelacru/clio-core/context-runtime/src/manager.cc:282 INFO 1161572 ServerInit Compose: Creating pool faiss_ivf_main (module: clio_faiss_ivf, restart: 0)[0m
[97m/home/cvazquezperezdelacru/clio-core/context-runtime/src/pool_manager.cc:534 INFO 1161594 CreatePool PoolManager: Creating pool 'faiss_ivf_main' with 2 containers (one per node)[0m
[97m/home/cvazquezperezdelacru/clio-core/context-runtime/src/pool_manager.cc:615 INFO 1161594 CreatePool Creating container for pool PoolId(major:600, minor:0) on node 1 with container_id=1[0m
[97m/home/cvazquezperezdelacru/clio-core/context-runtime/src/pool_manager.cc:644 INFO 1161594 CreatePool Container initialized with pool ID PoolId(major:600, minor:0), name faiss_ivf_main, and container ID 1[0m
[97m/home/cvazquezperezdelacru/clio-core/context-runtime/src/pool_manager.cc:663 INFO 1161594 CreatePool CreatePool: Running Create method for pool PoolId(major:600, minor:0)[0m
[97m/home/cvazquezperezdelacru/clio-core/context-runtime/src/pool_manager.cc:666 INFO 1161594 CreatePool CreatePool: Create method completed for pool PoolId(major:600, minor:0)[0m
[97m/home/cvazquezperezdelacru/clio-core/context-runtime/src/pool_manager.cc:700 INFO 1161594 CreatePool PoolManager: Created complete pool PoolId(major:600, minor:0) with ChiMod clio_faiss_ivf (2 containers)[0m
[97m/home/cvazquezperezdelacru/clio-core/context-runtime/src/manager.cc:298 INFO 1161572 ServerInit Compose: Successfully created pool faiss_ivf_main (module: clio_faiss_ivf)[0m
[97m/home/cvazquezperezdelacru/clio-core/context-runtime/src/manager.cc:304 INFO 1161572 ServerInit Compose: All 3 pools created successfully[0m
[32m/home/cvazquezperezdelacru/clio-core/context-runtime/src/ipc_manager.cc:1368 SUCCESS 1161572 StartLocalServer Successfully started local server at 127.0.0.1:9414[0m
[97m/home/cvazquezperezdelacru/clio-core/context-runtime/src/manager.cc:137 INFO 1161572 ClientInit RuntimeManager::ClientInit[0m
[97m/home/cvazquezperezdelacru/clio-core/context-runtime/src/manager.cc:181 INFO 1161572 ClientInit ClientInit: g_admin already exists, pool_id_=PoolId(major:0, minor:0)[0m
[97m/home/cvazquezperezdelacru/clio-core/context-runtime/src/pool_manager.cc:534 INFO 1161593 CreatePool PoolManager: Creating pool '/mnt/nvme/cvazquezperezdelacru/cte_tier_node0' with 2 containers (one per node)[0m
[97m/home/cvazquezperezdelacru/clio-core/context-runtime/src/pool_manager.cc:615 INFO 1161593 CreatePool Creating container for pool PoolId(major:513, minor:1) on node 1 with container_id=1[0m
[97m/home/cvazquezperezdelacru/clio-core/context-runtime/src/pool_manager.cc:644 INFO 1161593 CreatePool Container initialized with pool ID PoolId(major:513, minor:1), name /mnt/nvme/cvazquezperezdelacru/cte_tier_node0, and container ID 1[0m
[97m/home/cvazquezperezdelacru/clio-core/context-runtime/src/pool_manager.cc:663 INFO 1161593 CreatePool CreatePool: Running Create method for pool PoolId(major:513, minor:1)[0m
[97m/home/cvazquezperezdelacru/clio-core/context-runtime/src/pool_manager.cc:666 INFO 1161593 CreatePool CreatePool: Create method completed for pool PoolId(major:513, minor:1)[0m
[97m/home/cvazquezperezdelacru/clio-core/context-runtime/src/pool_manager.cc:700 INFO 1161593 CreatePool PoolManager: Created complete pool PoolId(major:513, minor:1) with ChiMod clio_bdev (2 containers)[0m
[97m/home/cvazquezperezdelacru/clio-core/context-runtime/src/pool_manager.cc:534 INFO 1161593 CreatePool PoolManager: Creating pool 'clio_cte_core' with 2 containers (one per node)[0m
[97m/home/cvazquezperezdelacru/clio-core/context-runtime/src/pool_manager.cc:575 INFO 1161593 CreatePool PoolManager: Pool PoolId(major:512, minor:0) already exists by ID, returning existing pool[0m
[97m/home/cvazquezperezdelacru/clio-core/context-runtime/src/ipc_manager.cc:2447 INFO 1161602 IncreaseClientShm IpcManager::IncreaseClientShm: Creating clio_1161572_4 with size 120323912 (86769480 + 33554432 overhead)[0m
[97m/home/cvazquezperezdelacru/clio-core/context-runtime/src/ipc_manager.cc:2492 INFO 1161602 IncreaseClientShm IpcManager::IncreaseClientShm: Created allocator clio_1161572_4 with ID (1161572.4)[0m
[97m/home/cvazquezperezdelacru/clio-core/context-runtime/src/ipc_manager.cc:2447 INFO 1161602 IncreaseClientShm IpcManager::IncreaseClientShm: Creating clio_1161572_5 with size 129886712 (96332280 + 33554432 overhead)[0m
[97m/home/cvazquezperezdelacru/clio-core/context-runtime/src/ipc_manager.cc:2492 INFO 1161602 IncreaseClientShm IpcManager::IncreaseClientShm: Created allocator clio_1161572_5 with ID (1161572.5)[0m
[33m/home/cvazquezperezdelacru/clio-core/context-runtime/src/scheduler/default_sched.cc:430 WARNING 1161601 LoadBalance [#781 PDF] observed exec-time bins (cumulative): <10us=60784 <50us=380 <500us=135 <10ms=102 <50ms=0 <500ms=8 <1s=0 >=1s=0 | stalls_detected=0[0m
[33m/home/cvazquezperezdelacru/clio-core/context-runtime/src/scheduler/default_sched.cc:439 WARNING 1161601 LoadBalance [#785] lane rescues performed: 0[0m
[97m/home/cvazquezperezdelacru/clio-core/context-runtime/src/ipc_manager.cc:2447 INFO 1161602 IncreaseClientShm IpcManager::IncreaseClientShm: Creating clio_1161572_6 with size 128682912 (95128480 + 33554432 overhead)[0m
[97m/home/cvazquezperezdelacru/clio-core/context-runtime/src/ipc_manager.cc:2492 INFO 1161602 IncreaseClientShm IpcManager::IncreaseClientShm: Created allocator clio_1161572_6 with ID (1161572.6)[0m
[33m/home/cvazquezperezdelacru/clio-core/context-runtime/src/scheduler/default_sched.cc:430 WARNING 1161601 LoadBalance [#781 PDF] observed exec-time bins (cumulative): <10us=128704 <50us=895 <500us=305 <10ms=248 <50ms=0 <500ms=16 <1s=0 >=1s=0 | stalls_detected=0[0m
[33m/home/cvazquezperezdelacru/clio-core/context-runtime/src/scheduler/default_sched.cc:439 WARNING 1161601 LoadBalance [#785] lane rescues performed: 0[0m
[97m/home/cvazquezperezdelacru/clio-core/context-runtime/src/ipc_manager.cc:2447 INFO 1161602 IncreaseClientShm IpcManager::IncreaseClientShm: Creating clio_1161572_7 with size 140568816 (107014384 + 33554432 overhead)[0m
[97m/home/cvazquezperezdelacru/clio-core/context-runtime/src/ipc_manager.cc:2492 INFO 1161602 IncreaseClientShm IpcManager::IncreaseClientShm: Created allocator clio_1161572_7 with ID (1161572.7)[0m
[33m/home/cvazquezperezdelacru/clio-core/context-runtime/src/scheduler/default_sched.cc:430 WARNING 1161601 LoadBalance [#781 PDF] observed exec-time bins (cumulative): <10us=196290 <50us=1315 <500us=421 <10ms=349 <50ms=0 <500ms=21 <1s=0 >=1s=0 | stalls_detected=0[0m
[33m/home/cvazquezperezdelacru/clio-core/context-runtime/src/scheduler/default_sched.cc:439 WARNING 1161601 LoadBalance [#785] lane rescues performed: 0[0m
[97m/home/cvazquezperezdelacru/clio-core/context-runtime/src/ipc_manager.cc:2447 INFO 1161602 IncreaseClientShm IpcManager::IncreaseClientShm: Creating clio_1161572_8 with size 129624112 (96069680 + 33554432 overhead)[0m
[97m/home/cvazquezperezdelacru/clio-core/context-runtime/src/ipc_manager.cc:2492 INFO 1161602 IncreaseClientShm IpcManager::IncreaseClientShm: Created allocator clio_1161572_8 with ID (1161572.8)[0m
[97m/home/cvazquezperezdelacru/clio-core/context-runtime/src/ipc_manager.cc:2447 INFO 1161602 IncreaseClientShm IpcManager::IncreaseClientShm: Creating clio_1161572_9 with size 128087512 (94533080 + 33554432 overhead)[0m
[97m/home/cvazquezperezdelacru/clio-core/context-runtime/src/ipc_manager.cc:2492 INFO 1161602 IncreaseClientShm IpcManager::IncreaseClientShm: Created allocator clio_1161572_9 with ID (1161572.9)[0m
[33m/home/cvazquezperezdelacru/clio-core/context-runtime/src/scheduler/default_sched.cc:430 WARNING 1161601 LoadBalance [#781 PDF] observed exec-time bins (cumulative): <10us=263266 <50us=2366 <500us=575 <10ms=467 <50ms=1 <500ms=25 <1s=0 >=1s=0 | stalls_detected=0[0m
[33m/home/cvazquezperezdelacru/clio-core/context-runtime/src/scheduler/default_sched.cc:439 WARNING 1161601 LoadBalance [#785] lane rescues performed: 0[0m
[97m/home/cvazquezperezdelacru/clio-core/context-runtime/src/ipc_manager.cc:2447 INFO 1161602 IncreaseClientShm IpcManager::IncreaseClientShm: Creating clio_1161572_10 with size 133764608 (100210176 + 33554432 overhead)[0m
[97m/home/cvazquezperezdelacru/clio-core/context-runtime/src/ipc_manager.cc:2492 INFO 1161602 IncreaseClientShm IpcManager::IncreaseClientShm: Created allocator clio_1161572_10 with ID (1161572.10)[0m
[33m/home/cvazquezperezdelacru/clio-core/context-runtime/src/scheduler/default_sched.cc:430 WARNING 1161601 LoadBalance [#781 PDF] observed exec-time bins (cumulative): <10us=331431 <50us=2898 <500us=753 <10ms=624 <50ms=1 <500ms=32 <1s=0 >=1s=0 | stalls_detected=0[0m
[33m/home/cvazquezperezdelacru/clio-core/context-runtime/src/scheduler/default_sched.cc:439 WARNING 1161601 LoadBalance [#785] lane rescues performed: 0[0m
[97m/home/cvazquezperezdelacru/clio-core/context-runtime/src/ipc_manager.cc:2447 INFO 1161602 IncreaseClientShm IpcManager::IncreaseClientShm: Creating clio_1161572_11 with size 131268608 (97714176 + 33554432 overhead)[0m
[97m/home/cvazquezperezdelacru/clio-core/context-runtime/src/ipc_manager.cc:2492 INFO 1161602 IncreaseClientShm IpcManager::IncreaseClientShm: Created allocator clio_1161572_11 with ID (1161572.11)[0m
[97m/home/cvazquezperezdelacru/clio-core/context-runtime/src/ipc_manager.cc:2447 INFO 1161602 IncreaseClientShm IpcManager::IncreaseClientShm: Creating clio_1161572_12 with size 127619512 (94065080 + 33554432 overhead)[0m
[97m/home/cvazquezperezdelacru/clio-core/context-runtime/src/ipc_manager.cc:2492 INFO 1161602 IncreaseClientShm IpcManager::IncreaseClientShm: Created allocator clio_1161572_12 with ID (1161572.12)[0m
[33m/home/cvazquezperezdelacru/clio-core/context-runtime/src/scheduler/default_sched.cc:430 WARNING 1161601 LoadBalance [#781 PDF] observed exec-time bins (cumulative): <10us=399071 <50us=3329 <500us=893 <10ms=752 <50ms=1 <500ms=39 <1s=0 >=1s=0 | stalls_detected=0[0m
[33m/home/cvazquezperezdelacru/clio-core/context-runtime/src/scheduler/default_sched.cc:439 WARNING 1161601 LoadBalance [#785] lane rescues performed: 0[0m
[97m/home/cvazquezperezdelacru/clio-core/context-runtime/src/ipc_manager.cc:2447 INFO 1161602 IncreaseClientShm IpcManager::IncreaseClientShm: Creating clio_1161572_13 with size 145826016 (112271584 + 33554432 overhead)[0m
[97m/home/cvazquezperezdelacru/clio-core/context-runtime/src/ipc_manager.cc:2492 INFO 1161602 IncreaseClientShm IpcManager::IncreaseClientShm: Created allocator clio_1161572_13 with ID (1161572.13)[0m
[33m/home/cvazquezperezdelacru/clio-core/context-runtime/src/scheduler/default_sched.cc:430 WARNING 1161601 LoadBalance [#781 PDF] observed exec-time bins (cumulative): <10us=466818 <50us=3765 <500us=1024 <10ms=876 <50ms=1 <500ms=45 <1s=0 >=1s=0 | stalls_detected=0[0m
[33m/home/cvazquezperezdelacru/clio-core/context-runtime/src/scheduler/default_sched.cc:439 WARNING 1161601 LoadBalance [#785] lane rescues performed: 0[0m
[97m/home/cvazquezperezdelacru/clio-core/context-runtime/src/ipc_manager.cc:2447 INFO 1161602 IncreaseClientShm IpcManager::IncreaseClientShm: Creating clio_1161572_14 with size 127969216 (94414784 + 33554432 overhead)[0m
[97m/home/cvazquezperezdelacru/clio-core/context-runtime/src/ipc_manager.cc:2492 INFO 1161602 IncreaseClientShm IpcManager::IncreaseClientShm: Created allocator clio_1161572_14 with ID (1161572.14)[0m
[33m/home/cvazquezperezdelacru/clio-core/context-runtime/src/scheduler/default_sched.cc:430 WARNING 1161601 LoadBalance [#781 PDF] observed exec-time bins (cumulative): <10us=534649 <50us=4195 <500us=1154 <10ms=992 <50ms=1 <500ms=50 <1s=0 >=1s=0 | stalls_detected=0[0m
[33m/home/cvazquezperezdelacru/clio-core/context-runtime/src/scheduler/default_sched.cc:439 WARNING 1161601 LoadBalance [#785] lane rescues performed: 0[0m
[97m/home/cvazquezperezdelacru/clio-core/context-runtime/src/ipc_manager.cc:2447 INFO 1161602 IncreaseClientShm IpcManager::IncreaseClientShm: Creating clio_1161572_15 with size 127791112 (94236680 + 33554432 overhead)[0m
[97m/home/cvazquezperezdelacru/clio-core/context-runtime/src/ipc_manager.cc:2492 INFO 1161602 IncreaseClientShm IpcManager::IncreaseClientShm: Created allocator clio_1161572_15 with ID (1161572.15)[0m
[33m/home/cvazquezperezdelacru/clio-core/context-runtime/src/scheduler/default_sched.cc:430 WARNING 1161601 LoadBalance [#781 PDF] observed exec-time bins (cumulative): <10us=601954 <50us=4645 <500us=1279 <10ms=1090 <50ms=1 <500ms=55 <1s=0 >=1s=0 | stalls_detected=0[0m
[33m/home/cvazquezperezdelacru/clio-core/context-runtime/src/scheduler/default_sched.cc:439 WARNING 1161601 LoadBalance [#785] lane rescues performed: 0[0m
[97m/home/cvazquezperezdelacru/clio-core/context-runtime/src/ipc_manager.cc:2447 INFO 1161602 IncreaseClientShm IpcManager::IncreaseClientShm: Creating clio_1161572_16 with size 127408912 (93854480 + 33554432 overhead)[0m
[97m/home/cvazquezperezdelacru/clio-core/context-runtime/src/ipc_manager.cc:2492 INFO 1161602 IncreaseClientShm IpcManager::IncreaseClientShm: Created allocator clio_1161572_16 with ID (1161572.16)[0m
[97m/home/cvazquezperezdelacru/clio-core/context-runtime/src/ipc_manager.cc:2447 INFO 1161602 IncreaseClientShm IpcManager::IncreaseClientShm: Creating clio_1161572_17 with size 129509712 (95955280 + 33554432 overhead)[0m
[97m/home/cvazquezperezdelacru/clio-core/context-runtime/src/ipc_manager.cc:2492 INFO 1161602 IncreaseClientShm IpcManager::IncreaseClientShm: Created allocator clio_1161572_17 with ID (1161572.17)[0m
[33m/home/cvazquezperezdelacru/clio-core/context-runtime/src/scheduler/default_sched.cc:430 WARNING 1161601 LoadBalance [#781 PDF] observed exec-time bins (cumulative): <10us=669349 <50us=5254 <500us=1457 <10ms=1218 <50ms=1 <500ms=61 <1s=0 >=1s=0 | stalls_detected=0[0m
[33m/home/cvazquezperezdelacru/clio-core/context-runtime/src/scheduler/default_sched.cc:439 WARNING 1161601 LoadBalance [#785] lane rescues performed: 0[0m
[97m/home/cvazquezperezdelacru/clio-core/context-runtime/src/ipc_manager.cc:2447 INFO 1161602 IncreaseClientShm IpcManager::IncreaseClientShm: Creating clio_1161572_18 with size 131718416 (98163984 + 33554432 overhead)[0m
[97m/home/cvazquezperezdelacru/clio-core/context-runtime/src/ipc_manager.cc:2492 INFO 1161602 IncreaseClientShm IpcManager::IncreaseClientShm: Created allocator clio_1161572_18 with ID (1161572.18)[0m
[33m/home/cvazquezperezdelacru/clio-core/context-runtime/src/scheduler/default_sched.cc:430 WARNING 1161601 LoadBalance [#781 PDF] observed exec-time bins (cumulative): <10us=737334 <50us=5788 <500us=1696 <10ms=1383 <50ms=2 <500ms=69 <1s=0 >=1s=0 | stalls_detected=0[0m
[33m/home/cvazquezperezdelacru/clio-core/context-runtime/src/scheduler/default_sched.cc:439 WARNING 1161601 LoadBalance [#785] lane rescues performed: 0[0m
[97m/home/cvazquezperezdelacru/clio-core/context-runtime/src/ipc_manager.cc:2447 INFO 1161602 IncreaseClientShm IpcManager::IncreaseClientShm: Creating clio_1161572_19 with size 129321216 (95766784 + 33554432 overhead)[0m
[97m/home/cvazquezperezdelacru/clio-core/context-runtime/src/ipc_manager.cc:2492 INFO 1161602 IncreaseClientShm IpcManager::IncreaseClientShm: Created allocator clio_1161572_19 with ID (1161572.19)[0m
[33m/home/cvazquezperezdelacru/clio-core/context-runtime/src/scheduler/default_sched.cc:430 WARNING 1161601 LoadBalance [#781 PDF] observed exec-time bins (cumulative): <10us=804874 <50us=6572 <500us=1843 <10ms=1509 <50ms=2 <500ms=75 <1s=0 >=1s=0 | stalls_detected=0[0m
[33m/home/cvazquezperezdelacru/clio-core/context-runtime/src/scheduler/default_sched.cc:439 WARNING 1161601 LoadBalance [#785] lane rescues performed: 0[0m
[97m/home/cvazquezperezdelacru/clio-core/context-runtime/src/ipc_manager.cc:2447 INFO 1161602 IncreaseClientShm IpcManager::IncreaseClientShm: Creating clio_1161572_20 with size 131571512 (98017080 + 33554432 overhead)[0m
[97m/home/cvazquezperezdelacru/clio-core/context-runtime/src/ipc_manager.cc:2492 INFO 1161602 IncreaseClientShm IpcManager::IncreaseClientShm: Created allocator clio_1161572_20 with ID (1161572.20)[0m
[97m/home/cvazquezperezdelacru/clio-core/context-runtime/src/ipc_manager.cc:2447 INFO 1161602 IncreaseClientShm IpcManager::IncreaseClientShm: Creating clio_1161572_21 with size 131947216 (98392784 + 33554432 overhead)[0m
[97m/home/cvazquezperezdelacru/clio-core/context-runtime/src/ipc_manager.cc:2492 INFO 1161602 IncreaseClientShm IpcManager::IncreaseClientShm: Created allocator clio_1161572_21 with ID (1161572.21)[0m
[33m/home/cvazquezperezdelacru/clio-core/context-runtime/src/scheduler/default_sched.cc:430 WARNING 1161601 LoadBalance [#781 PDF] observed exec-time bins (cumulative): <10us=867644 <50us=11327 <500us=2078 <10ms=1631 <50ms=2 <500ms=81 <1s=0 >=1s=0 | stalls_detected=0[0m
[33m/home/cvazquezperezdelacru/clio-core/context-runtime/src/scheduler/default_sched.cc:439 WARNING 1161601 LoadBalance [#785] lane rescues performed: 0[0m
[97m/home/cvazquezperezdelacru/clio-core/context-runtime/src/ipc_manager.cc:2447 INFO 1161602 IncreaseClientShm IpcManager::IncreaseClientShm: Creating clio_1161572_22 with size 138743616 (105189184 + 33554432 overhead)[0m
[97m/home/cvazquezperezdelacru/clio-core/context-runtime/src/ipc_manager.cc:2492 INFO 1161602 IncreaseClientShm IpcManager::IncreaseClientShm: Created allocator clio_1161572_22 with ID (1161572.22)[0m
[33m/home/cvazquezperezdelacru/clio-core/context-runtime/src/scheduler/default_sched.cc:430 WARNING 1161601 LoadBalance [#781 PDF] observed exec-time bins (cumulative): <10us=935345 <50us=11959 <500us=2270 <10ms=1775 <50ms=2 <500ms=88 <1s=0 >=1s=0 | stalls_detected=0[0m
[33m/home/cvazquezperezdelacru/clio-core/context-runtime/src/scheduler/default_sched.cc:439 WARNING 1161601 LoadBalance [#785] lane rescues performed: 0[0m
[97m/home/cvazquezperezdelacru/clio-core/context-runtime/src/ipc_manager.cc:2447 INFO 1161602 IncreaseClientShm IpcManager::IncreaseClientShm: Creating clio_1161572_23 with size 132221512 (98667080 + 33554432 overhead)[0m
[97m/home/cvazquezperezdelacru/clio-core/context-runtime/src/ipc_manager.cc:2492 INFO 1161602 IncreaseClientShm IpcManager::IncreaseClientShm: Created allocator clio_1161572_23 with ID (1161572.23)[0m
[33m/home/cvazquezperezdelacru/clio-core/context-runtime/src/scheduler/default_sched.cc:430 WARNING 1161601 LoadBalance [#781 PDF] observed exec-time bins (cumulative): <10us=999319 <50us=15918 <500us=2481 <10ms=1891 <50ms=2 <500ms=94 <1s=0 >=1s=0 | stalls_detected=0[0m
[33m/home/cvazquezperezdelacru/clio-core/context-runtime/src/scheduler/default_sched.cc:439 WARNING 1161601 LoadBalance [#785] lane rescues performed: 0[0m
[97m/home/cvazquezperezdelacru/clio-core/context-runtime/src/ipc_manager.cc:2447 INFO 1161602 IncreaseClientShm IpcManager::IncreaseClientShm: Creating clio_1161572_24 with size 131730112 (98175680 + 33554432 overhead)[0m
[97m/home/cvazquezperezdelacru/clio-core/context-runtime/src/ipc_manager.cc:2492 INFO 1161602 IncreaseClientShm IpcManager::IncreaseClientShm: Created allocator clio_1161572_24 with ID (1161572.24)[0m
[33m/home/cvazquezperezdelacru/clio-core/context-runtime/src/scheduler/default_sched.cc:430 WARNING 1161601 LoadBalance [#781 PDF] observed exec-time bins (cumulative): <10us=1065489 <50us=17612 <500us=2625 <10ms=1987 <50ms=2 <500ms=98 <1s=0 >=1s=0 | stalls_detected=0[0m
[33m/home/cvazquezperezdelacru/clio-core/context-runtime/src/scheduler/default_sched.cc:439 WARNING 1161601 LoadBalance [#785] lane rescues performed: 0[0m
[97m/home/cvazquezperezdelacru/clio-core/context-runtime/src/ipc_manager.cc:2447 INFO 1161602 IncreaseClientShm IpcManager::IncreaseClientShm: Creating clio_1161572_25 with size 127718312 (94163880 + 33554432 overhead)[0m
[97m/home/cvazquezperezdelacru/clio-core/context-runtime/src/ipc_manager.cc:2492 INFO 1161602 IncreaseClientShm IpcManager::IncreaseClientShm: Created allocator clio_1161572_25 with ID (1161572.25)[0m
[33m/home/cvazquezperezdelacru/clio-core/context-runtime/src/scheduler/default_sched.cc:430 WARNING 1161601 LoadBalance [#781 PDF] observed exec-time bins (cumulative): <10us=1133716 <50us=18091 <500us=2759 <10ms=2100 <50ms=2 <500ms=103 <1s=0 >=1s=0 | stalls_detected=0[0m
[33m/home/cvazquezperezdelacru/clio-core/context-runtime/src/scheduler/default_sched.cc:439 WARNING 1161601 LoadBalance [#785] lane rescues performed: 0[0m
[97m/home/cvazquezperezdelacru/clio-core/context-runtime/src/ipc_manager.cc:2447 INFO 1161602 IncreaseClientShm IpcManager::IncreaseClientShm: Creating clio_1161572_26 with size 134525112 (100970680 + 33554432 overhead)[0m
[97m/home/cvazquezperezdelacru/clio-core/context-runtime/src/ipc_manager.cc:2492 INFO 1161602 IncreaseClientShm IpcManager::IncreaseClientShm: Created allocator clio_1161572_26 with ID (1161572.26)[0m
[97m/home/cvazquezperezdelacru/clio-core/context-runtime/src/ipc_manager.cc:2447 INFO 1161602 IncreaseClientShm IpcManager::IncreaseClientShm: Creating clio_1161572_27 with size 135111408 (101556976 + 33554432 overhead)[0m
[97m/home/cvazquezperezdelacru/clio-core/context-runtime/src/ipc_manager.cc:2492 INFO 1161602 IncreaseClientShm IpcManager::IncreaseClientShm: Created allocator clio_1161572_27 with ID (1161572.27)[0m
[33m/home/cvazquezperezdelacru/clio-core/context-runtime/src/scheduler/default_sched.cc:430 WARNING 1161601 LoadBalance [#781 PDF] observed exec-time bins (cumulative): <10us=1202214 <50us=18739 <500us=2942 <10ms=2249 <50ms=2 <500ms=110 <1s=0 >=1s=0 | stalls_detected=0[0m
[33m/home/cvazquezperezdelacru/clio-core/context-runtime/src/scheduler/default_sched.cc:439 WARNING 1161601 LoadBalance [#785] lane rescues performed: 0[0m
[97m/home/cvazquezperezdelacru/clio-core/context-runtime/src/ipc_manager.cc:2447 INFO 1161602 IncreaseClientShm IpcManager::IncreaseClientShm: Creating clio_1161572_28 with size 129110608 (95556176 + 33554432 overhead)[0m
[97m/home/cvazquezperezdelacru/clio-core/context-runtime/src/ipc_manager.cc:2492 INFO 1161602 IncreaseClientShm IpcManager::IncreaseClientShm: Created allocator clio_1161572_28 with ID (1161572.28)[0m
[33m/home/cvazquezperezdelacru/clio-core/context-runtime/src/scheduler/default_sched.cc:430 WARNING 1161601 LoadBalance [#781 PDF] observed exec-time bins (cumulative): <10us=1270246 <50us=19420 <500us=3102 <10ms=2374 <50ms=2 <500ms=117 <1s=0 >=1s=0 | stalls_detected=0[0m
[33m/home/cvazquezperezdelacru/clio-core/context-runtime/src/scheduler/default_sched.cc:439 WARNING 1161601 LoadBalance [#785] lane rescues performed: 0[0m
[97m/home/cvazquezperezdelacru/clio-core/context-runtime/src/ipc_manager.cc:2447 INFO 1161602 IncreaseClientShm IpcManager::IncreaseClientShm: Creating clio_1161572_29 with size 127620816 (94066384 + 33554432 overhead)[0m
[97m/home/cvazquezperezdelacru/clio-core/context-runtime/src/ipc_manager.cc:2492 INFO 1161602 IncreaseClientShm IpcManager::IncreaseClientShm: Created allocator clio_1161572_29 with ID (1161572.29)[0m
[97m/home/cvazquezperezdelacru/clio-core/context-runtime/src/ipc_manager.cc:2447 INFO 1161602 IncreaseClientShm IpcManager::IncreaseClientShm: Creating clio_1161572_30 with size 149255408 (115700976 + 33554432 overhead)[0m
[97m/home/cvazquezperezdelacru/clio-core/context-runtime/src/ipc_manager.cc:2492 INFO 1161602 IncreaseClientShm IpcManager::IncreaseClientShm: Created allocator clio_1161572_30 with ID (1161572.30)[0m
[33m/home/cvazquezperezdelacru/clio-core/context-runtime/src/scheduler/default_sched.cc:430 WARNING 1161601 LoadBalance [#781 PDF] observed exec-time bins (cumulative): <10us=1337512 <50us=20656 <500us=3276 <10ms=2516 <50ms=2 <500ms=123 <1s=0 >=1s=0 | stalls_detected=0[0m
[33m/home/cvazquezperezdelacru/clio-core/context-runtime/src/scheduler/default_sched.cc:439 WARNING 1161601 LoadBalance [#785] lane rescues performed: 0[0m
[97m/home/cvazquezperezdelacru/clio-core/context-runtime/src/ipc_manager.cc:2447 INFO 1161602 IncreaseClientShm IpcManager::IncreaseClientShm: Creating clio_1161572_31 with size 128266912 (94712480 + 33554432 overhead)[0m
[97m/home/cvazquezperezdelacru/clio-core/context-runtime/src/ipc_manager.cc:2492 INFO 1161602 IncreaseClientShm IpcManager::IncreaseClientShm: Created allocator clio_1161572_31 with ID (1161572.31)[0m
[33m/home/cvazquezperezdelacru/clio-core/context-runtime/src/scheduler/default_sched.cc:430 WARNING 1161601 LoadBalance [#781 PDF] observed exec-time bins (cumulative): <10us=1403660 <50us=22760 <500us=3466 <10ms=2646 <50ms=2 <500ms=129 <1s=0 >=1s=0 | stalls_detected=0[0m
[33m/home/cvazquezperezdelacru/clio-core/context-runtime/src/scheduler/default_sched.cc:439 WARNING 1161601 LoadBalance [#785] lane rescues performed: 0[0m
[33m/home/cvazquezperezdelacru/clio-core/context-runtime/src/scheduler/default_sched.cc:430 WARNING 1161601 LoadBalance [#781 PDF] observed exec-time bins (cumulative): <10us=1470989 <50us=23257 <500us=3569 <10ms=2727 <50ms=2 <500ms=133 <1s=0 >=1s=0 | stalls_detected=0[0m
[33m/home/cvazquezperezdelacru/clio-core/context-runtime/src/scheduler/default_sched.cc:439 WARNING 1161601 LoadBalance [#785] lane rescues performed: 0[0m
[97m/home/cvazquezperezdelacru/clio-core/context-runtime/src/ipc_manager.cc:2447 INFO 1161602 IncreaseClientShm IpcManager::IncreaseClientShm: Creating clio_1161572_32 with size 127662416 (94107984 + 33554432 overhead)[0m
[97m/home/cvazquezperezdelacru/clio-core/context-runtime/src/ipc_manager.cc:2492 INFO 1161602 IncreaseClientShm IpcManager::IncreaseClientShm: Created allocator clio_1161572_32 with ID (1161572.32)[0m
[97m/home/cvazquezperezdelacru/clio-core/context-runtime/src/ipc_manager.cc:2447 INFO 1161602 IncreaseClientShm IpcManager::IncreaseClientShm: Creating clio_1161572_33 with size 129969912 (96415480 + 33554432 overhead)[0m
[97m/home/cvazquezperezdelacru/clio-core/context-runtime/src/ipc_manager.cc:2492 INFO 1161602 IncreaseClientShm IpcManager::IncreaseClientShm: Created allocator clio_1161572_33 with ID (1161572.33)[0m
[33m/home/cvazquezperezdelacru/clio-core/context-runtime/src/scheduler/default_sched.cc:430 WARNING 1161601 LoadBalance [#781 PDF] observed exec-time bins (cumulative): <10us=1537268 <50us=24386 <500us=3697 <10ms=2814 <50ms=2 <500ms=137 <1s=0 >=1s=0 | stalls_detected=0[0m
[33m/home/cvazquezperezdelacru/clio-core/context-runtime/src/scheduler/default_sched.cc:439 WARNING 1161601 LoadBalance [#785] lane rescues performed: 0[0m
[97m/home/cvazquezperezdelacru/clio-core/context-runtime/src/ipc_manager.cc:2447 INFO 1161602 IncreaseClientShm IpcManager::IncreaseClientShm: Creating clio_1161572_34 with size 127782016 (94227584 + 33554432 overhead)[0m
[97m/home/cvazquezperezdelacru/clio-core/context-runtime/src/ipc_manager.cc:2492 INFO 1161602 IncreaseClientShm IpcManager::IncreaseClientShm: Created allocator clio_1161572_34 with ID (1161572.34)[0m
[33m/home/cvazquezperezdelacru/clio-core/context-runtime/src/scheduler/default_sched.cc:430 WARNING 1161601 LoadBalance [#781 PDF] observed exec-time bins (cumulative): <10us=1601447 <50us=26438 <500us=3840 <10ms=2928 <50ms=2 <500ms=143 <1s=0 >=1s=0 | stalls_detected=0[0m
[33m/home/cvazquezperezdelacru/clio-core/context-runtime/src/scheduler/default_sched.cc:439 WARNING 1161601 LoadBalance [#785] lane rescues performed: 0[0m
[97m/home/cvazquezperezdelacru/clio-core/context-runtime/src/ipc_manager.cc:2447 INFO 1161602 IncreaseClientShm IpcManager::IncreaseClientShm: Creating clio_1161572_35 with size 127671512 (94117080 + 33554432 overhead)[0m
[97m/home/cvazquezperezdelacru/clio-core/context-runtime/src/ipc_manager.cc:2492 INFO 1161602 IncreaseClientShm IpcManager::IncreaseClientShm: Created allocator clio_1161572_35 with ID (1161572.35)[0m
[33m/home/cvazquezperezdelacru/clio-core/context-runtime/src/scheduler/default_sched.cc:430 WARNING 1161601 LoadBalance [#781 PDF] observed exec-time bins (cumulative): <10us=1669038 <50us=27647 <500us=4003 <10ms=3060 <50ms=2 <500ms=149 <1s=0 >=1s=0 | stalls_detected=0[0m
[33m/home/cvazquezperezdelacru/clio-core/context-runtime/src/scheduler/default_sched.cc:439 WARNING 1161601 LoadBalance [#785] lane rescues performed: 0[0m
[97m/home/cvazquezperezdelacru/clio-core/context-runtime/src/ipc_manager.cc:2447 INFO 1161602 IncreaseClientShm IpcManager::IncreaseClientShm: Creating clio_1161572_36 with size 127722208 (94167776 + 33554432 overhead)[0m
[97m/home/cvazquezperezdelacru/clio-core/context-runtime/src/ipc_manager.cc:2492 INFO 1161602 IncreaseClientShm IpcManager::IncreaseClientShm: Created allocator clio_1161572_36 with ID (1161572.36)[0m
[33m/home/cvazquezperezdelacru/clio-core/context-runtime/src/scheduler/default_sched.cc:430 WARNING 1161601 LoadBalance [#781 PDF] observed exec-time bins (cumulative): <10us=1733119 <50us=31209 <500us=4181 <10ms=3167 <50ms=2 <500ms=154 <1s=0 >=1s=0 | stalls_detected=0[0m
[33m/home/cvazquezperezdelacru/clio-core/context-runtime/src/scheduler/default_sched.cc:439 WARNING 1161601 LoadBalance [#785] lane rescues performed: 0[0m
[97m/home/cvazquezperezdelacru/clio-core/context-runtime/src/ipc_manager.cc:2447 INFO 1161602 IncreaseClientShm IpcManager::IncreaseClientShm: Creating clio_1161572_37 with size 129405712 (95851280 + 33554432 overhead)[0m
[97m/home/cvazquezperezdelacru/clio-core/context-runtime/src/ipc_manager.cc:2492 INFO 1161602 IncreaseClientShm IpcManager::IncreaseClientShm: Created allocator clio_1161572_37 with ID (1161572.37)[0m
[97m/home/cvazquezperezdelacru/clio-core/context-runtime/src/ipc_manager.cc:2447 INFO 1161602 IncreaseClientShm IpcManager::IncreaseClientShm: Creating clio_1161572_38 with size 130144112 (96589680 + 33554432 overhead)[0m
[97m/home/cvazquezperezdelacru/clio-core/context-runtime/src/ipc_manager.cc:2492 INFO 1161602 IncreaseClientShm IpcManager::IncreaseClientShm: Created allocator clio_1161572_38 with ID (1161572.38)[0m
[33m/home/cvazquezperezdelacru/clio-core/context-runtime/src/scheduler/default_sched.cc:430 WARNING 1161601 LoadBalance [#781 PDF] observed exec-time bins (cumulative): <10us=1801922 <50us=31717 <500us=4385 <10ms=3323 <50ms=2 <500ms=160 <1s=0 >=1s=0 | stalls_detected=0[0m
[33m/home/cvazquezperezdelacru/clio-core/context-runtime/src/scheduler/default_sched.cc:439 WARNING 1161601 LoadBalance [#785] lane rescues performed: 0[0m
[97m/home/cvazquezperezdelacru/clio-core/context-runtime/src/ipc_manager.cc:2447 INFO 1161602 IncreaseClientShm IpcManager::IncreaseClientShm: Creating clio_1161572_39 with size 133678816 (100124384 + 33554432 overhead)[0m
[97m/home/cvazquezperezdelacru/clio-core/context-runtime/src/ipc_manager.cc:2492 INFO 1161602 IncreaseClientShm IpcManager::IncreaseClientShm: Created allocator clio_1161572_39 with ID (1161572.39)[0m
[33m/home/cvazquezperezdelacru/clio-core/context-runtime/src/scheduler/default_sched.cc:430 WARNING 1161601 LoadBalance [#781 PDF] observed exec-time bins (cumulative): <10us=1870159 <50us=32670 <500us=4583 <10ms=3485 <50ms=2 <500ms=168 <1s=0 >=1s=0 | stalls_detected=0[0m
[33m/home/cvazquezperezdelacru/clio-core/context-runtime/src/scheduler/default_sched.cc:439 WARNING 1161601 LoadBalance [#785] lane rescues performed: 0[0m
[97m/home/cvazquezperezdelacru/clio-core/context-runtime/src/ipc_manager.cc:2447 INFO 1161602 IncreaseClientShm IpcManager::IncreaseClientShm: Creating clio_1161572_40 with size 130099912 (96545480 + 33554432 overhead)[0m
[97m/home/cvazquezperezdelacru/clio-core/context-runtime/src/ipc_manager.cc:2492 INFO 1161602 IncreaseClientShm IpcManager::IncreaseClientShm: Created allocator clio_1161572_40 with ID (1161572.40)[0m
[97m/home/cvazquezperezdelacru/clio-core/context-runtime/src/ipc_manager.cc:2447 INFO 1161602 IncreaseClientShm IpcManager::IncreaseClientShm: Creating clio_1161572_41 with size 134856608 (101302176 + 33554432 overhead)[0m
[97m/home/cvazquezperezdelacru/clio-core/context-runtime/src/ipc_manager.cc:2492 INFO 1161602 IncreaseClientShm IpcManager::IncreaseClientShm: Created allocator clio_1161572_41 with ID (1161572.41)[0m
[33m/home/cvazquezperezdelacru/clio-core/context-runtime/src/scheduler/default_sched.cc:430 WARNING 1161601 LoadBalance [#781 PDF] observed exec-time bins (cumulative): <10us=1938272 <50us=33365 <500us=4765 <10ms=3634 <50ms=2 <500ms=175 <1s=0 >=1s=0 | stalls_detected=0[0m
[33m/home/cvazquezperezdelacru/clio-core/context-runtime/src/scheduler/default_sched.cc:439 WARNING 1161601 LoadBalance [#785] lane rescues performed: 0[0m
[97m/home/cvazquezperezdelacru/clio-core/context-runtime/src/ipc_manager.cc:2447 INFO 1161602 IncreaseClientShm IpcManager::IncreaseClientShm: Creating clio_1161572_42 with size 155683912 (122129480 + 33554432 overhead)[0m
[97m/home/cvazquezperezdelacru/clio-core/context-runtime/src/ipc_manager.cc:2492 INFO 1161602 IncreaseClientShm IpcManager::IncreaseClientShm: Created allocator clio_1161572_42 with ID (1161572.42)[0m
[97m/home/cvazquezperezdelacru/clio-core/context-runtime/src/ipc_manager.cc:2447 INFO 1161602 IncreaseClientShm IpcManager::IncreaseClientShm: Creating clio_1161572_43 with size 133446112 (99891680 + 33554432 overhead)[0m
[97m/home/cvazquezperezdelacru/clio-core/context-runtime/src/ipc_manager.cc:2492 INFO 1161602 IncreaseClientShm IpcManager::IncreaseClientShm: Created allocator clio_1161572_43 with ID (1161572.43)[0m
[33m/home/cvazquezperezdelacru/clio-core/context-runtime/src/scheduler/default_sched.cc:430 WARNING 1161601 LoadBalance [#781 PDF] observed exec-time bins (cumulative): <10us=2003099 <50us=37303 <500us=5041 <10ms=3801 <50ms=2 <500ms=183 <1s=0 >=1s=0 | stalls_detected=0[0m
[33m/home/cvazquezperezdelacru/clio-core/context-runtime/src/scheduler/default_sched.cc:439 WARNING 1161601 LoadBalance [#785] lane rescues performed: 0[0m
[97m/home/cvazquezperezdelacru/clio-core/context-runtime/src/ipc_manager.cc:2447 INFO 1161602 IncreaseClientShm IpcManager::IncreaseClientShm: Creating clio_1161572_44 with size 148533912 (114979480 + 33554432 overhead)[0m
[97m/home/cvazquezperezdelacru/clio-core/context-runtime/src/ipc_manager.cc:2492 INFO 1161602 IncreaseClientShm IpcManager::IncreaseClientShm: Created allocator clio_1161572_44 with ID (1161572.44)[0m
[33m/home/cvazquezperezdelacru/clio-core/context-runtime/src/scheduler/default_sched.cc:430 WARNING 1161601 LoadBalance [#781 PDF] observed exec-time bins (cumulative): <10us=2071427 <50us=38060 <500us=5234 <10ms=3965 <50ms=2 <500ms=191 <1s=0 >=1s=0 | stalls_detected=0[0m
[33m/home/cvazquezperezdelacru/clio-core/context-runtime/src/scheduler/default_sched.cc:439 WARNING 1161601 LoadBalance [#785] lane rescues performed: 0[0m
[97m/home/cvazquezperezdelacru/clio-core/context-runtime/src/ipc_manager.cc:2447 INFO 1161602 IncreaseClientShm IpcManager::IncreaseClientShm: Creating clio_1161572_45 with size 128759616 (95205184 + 33554432 overhead)[0m
[97m/home/cvazquezperezdelacru/clio-core/context-runtime/src/ipc_manager.cc:2492 INFO 1161602 IncreaseClientShm IpcManager::IncreaseClientShm: Created allocator clio_1161572_45 with ID (1161572.45)[0m
[97m/home/cvazquezperezdelacru/clio-core/context-runtime/src/ipc_manager.cc:2447 INFO 1161602 IncreaseClientShm IpcManager::IncreaseClientShm: Creating clio_1161572_46 with size 131064512 (97510080 + 33554432 overhead)[0m
[97m/home/cvazquezperezdelacru/clio-core/context-runtime/src/ipc_manager.cc:2492 INFO 1161602 IncreaseClientShm IpcManager::IncreaseClientShm: Created allocator clio_1161572_46 with ID (1161572.46)[0m
[33m/home/cvazquezperezdelacru/clio-core/context-runtime/src/scheduler/default_sched.cc:430 WARNING 1161601 LoadBalance [#781 PDF] observed exec-time bins (cumulative): <10us=2139568 <50us=38908 <500us=5424 <10ms=4127 <50ms=2 <500ms=199 <1s=0 >=1s=0 | stalls_detected=0[0m
[33m/home/cvazquezperezdelacru/clio-core/context-runtime/src/scheduler/default_sched.cc:439 WARNING 1161601 LoadBalance [#785] lane rescues performed: 0[0m
[97m/home/cvazquezperezdelacru/clio-core/context-runtime/src/ipc_manager.cc:2447 INFO 1161602 IncreaseClientShm IpcManager::IncreaseClientShm: Creating clio_1161572_47 with size 129420016 (95865584 + 33554432 overhead)[0m
[97m/home/cvazquezperezdelacru/clio-core/context-runtime/src/ipc_manager.cc:2492 INFO 1161602 IncreaseClientShm IpcManager::IncreaseClientShm: Created allocator clio_1161572_47 with ID (1161572.47)[0m
[97m/home/cvazquezperezdelacru/clio-core/context-runtime/src/ipc_manager.cc:2447 INFO 1161602 IncreaseClientShm IpcManager::IncreaseClientShm: Creating clio_1161572_48 with size 128868816 (95314384 + 33554432 overhead)[0m
[97m/home/cvazquezperezdelacru/clio-core/context-runtime/src/ipc_manager.cc:2492 INFO 1161602 IncreaseClientShm IpcManager::IncreaseClientShm: Created allocator clio_1161572_48 with ID (1161572.48)[0m
[33m/home/cvazquezperezdelacru/clio-core/context-runtime/src/scheduler/default_sched.cc:430 WARNING 1161601 LoadBalance [#781 PDF] observed exec-time bins (cumulative): <10us=2200862 <50us=42772 <500us=5636 <10ms=4299 <50ms=2 <500ms=207 <1s=0 >=1s=0 | stalls_detected=0[0m
[33m/home/cvazquezperezdelacru/clio-core/context-runtime/src/scheduler/default_sched.cc:439 WARNING 1161601 LoadBalance [#785] lane rescues performed: 0[0m
[97m/home/cvazquezperezdelacru/clio-core/context-runtime/src/ipc_manager.cc:2447 INFO 1161602 IncreaseClientShm IpcManager::IncreaseClientShm: Creating clio_1161572_49 with size 138817712 (105263280 + 33554432 overhead)[0m
[97m/home/cvazquezperezdelacru/clio-core/context-runtime/src/ipc_manager.cc:2492 INFO 1161602 IncreaseClientShm IpcManager::IncreaseClientShm: Created allocator clio_1161572_49 with ID (1161572.49)[0m
[33m/home/cvazquezperezdelacru/clio-core/context-runtime/src/scheduler/default_sched.cc:430 WARNING 1161601 LoadBalance [#781 PDF] observed exec-time bins (cumulative): <10us=2268121 <50us=43753 <500us=5797 <10ms=4420 <50ms=2 <500ms=213 <1s=0 >=1s=0 | stalls_detected=0[0m
[33m/home/cvazquezperezdelacru/clio-core/context-runtime/src/scheduler/default_sched.cc:439 WARNING 1161601 LoadBalance [#785] lane rescues performed: 0[0m
[97m/home/cvazquezperezdelacru/clio-core/context-runtime/src/ipc_manager.cc:2447 INFO 1161602 IncreaseClientShm IpcManager::IncreaseClientShm: Creating clio_1161572_50 with size 135602816 (102048384 + 33554432 overhead)[0m
[97m/home/cvazquezperezdelacru/clio-core/context-runtime/src/ipc_manager.cc:2492 INFO 1161602 IncreaseClientShm IpcManager::IncreaseClientShm: Created allocator clio_1161572_50 with ID (1161572.50)[0m
[97m/home/cvazquezperezdelacru/clio-core/context-runtime/src/ipc_manager.cc:2447 INFO 1161602 IncreaseClientShm IpcManager::IncreaseClientShm: Creating clio_1161572_51 with size 138486208 (104931776 + 33554432 overhead)[0m
[97m/home/cvazquezperezdelacru/clio-core/context-runtime/src/ipc_manager.cc:2492 INFO 1161602 IncreaseClientShm IpcManager::IncreaseClientShm: Created allocator clio_1161572_51 with ID (1161572.51)[0m
[33m/home/cvazquezperezdelacru/clio-core/context-runtime/src/scheduler/default_sched.cc:430 WARNING 1161601 LoadBalance [#781 PDF] observed exec-time bins (cumulative): <10us=2336060 <50us=44897 <500us=6005 <10ms=4579 <50ms=2 <500ms=221 <1s=0 >=1s=0 | stalls_detected=0[0m
[33m/home/cvazquezperezdelacru/clio-core/context-runtime/src/scheduler/default_sched.cc:439 WARNING 1161601 LoadBalance [#785] lane rescues performed: 0[0m
[97m/home/cvazquezperezdelacru/clio-core/context-runtime/src/ipc_manager.cc:2447 INFO 1161602 IncreaseClientShm IpcManager::IncreaseClientShm: Creating clio_1161572_52 with size 129777512 (96223080 + 33554432 overhead)[0m
[97m/home/cvazquezperezdelacru/clio-core/context-runtime/src/ipc_manager.cc:2492 INFO 1161602 IncreaseClientShm IpcManager::IncreaseClientShm: Created allocator clio_1161572_52 with ID (1161572.52)[0m
[33m/home/cvazquezperezdelacru/clio-core/context-runtime/src/scheduler/default_sched.cc:430 WARNING 1161601 LoadBalance [#781 PDF] observed exec-time bins (cumulative): <10us=2404032 <50us=45643 <500us=6164 <10ms=4708 <50ms=3 <500ms=226 <1s=0 >=1s=0 | stalls_detected=0[0m
[33m/home/cvazquezperezdelacru/clio-core/context-runtime/src/scheduler/default_sched.cc:439 WARNING 1161601 LoadBalance [#785] lane rescues performed: 0[0m
[97m/home/cvazquezperezdelacru/clio-core/context-runtime/src/ipc_manager.cc:2447 INFO 1161602 IncreaseClientShm IpcManager::IncreaseClientShm: Creating clio_1161572_53 with size 128868816 (95314384 + 33554432 overhead)[0m
[97m/home/cvazquezperezdelacru/clio-core/context-runtime/src/ipc_manager.cc:2492 INFO 1161602 IncreaseClientShm IpcManager::IncreaseClientShm: Created allocator clio_1161572_53 with ID (1161572.53)[0m
[33m/home/cvazquezperezdelacru/clio-core/context-runtime/src/scheduler/default_sched.cc:430 WARNING 1161601 LoadBalance [#781 PDF] observed exec-time bins (cumulative): <10us=2468855 <50us=48074 <500us=6320 <10ms=4819 <50ms=4 <500ms=230 <1s=0 >=1s=0 | stalls_detected=0[0m
[33m/home/cvazquezperezdelacru/clio-core/context-runtime/src/scheduler/default_sched.cc:439 WARNING 1161601 LoadBalance [#785] lane rescues performed: 0[0m
[97m/home/cvazquezperezdelacru/clio-core/context-runtime/src/ipc_manager.cc:2447 INFO 1161602 IncreaseClientShm IpcManager::IncreaseClientShm: Creating clio_1161572_54 with size 129147008 (95592576 + 33554432 overhead)[0m
[97m/home/cvazquezperezdelacru/clio-core/context-runtime/src/ipc_manager.cc:2492 INFO 1161602 IncreaseClientShm IpcManager::IncreaseClientShm: Created allocator clio_1161572_54 with ID (1161572.54)[0m
[97m/home/cvazquezperezdelacru/clio-core/context-runtime/src/ipc_manager.cc:2447 INFO 1161602 IncreaseClientShm IpcManager::IncreaseClientShm: Creating clio_1161572_55 with size 130146712 (96592280 + 33554432 overhead)[0m
[97m/home/cvazquezperezdelacru/clio-core/context-runtime/src/ipc_manager.cc:2492 INFO 1161602 IncreaseClientShm IpcManager::IncreaseClientShm: Created allocator clio_1161572_55 with ID (1161572.55)[0m
[33m/home/cvazquezperezdelacru/clio-core/context-runtime/src/scheduler/default_sched.cc:430 WARNING 1161601 LoadBalance [#781 PDF] observed exec-time bins (cumulative): <10us=2535448 <50us=49902 <500us=6504 <10ms=4966 <50ms=4 <500ms=237 <1s=0 >=1s=0 | stalls_detected=0[0m
[33m/home/cvazquezperezdelacru/clio-core/context-runtime/src/scheduler/default_sched.cc:439 WARNING 1161601 LoadBalance [#785] lane rescues performed: 0[0m
[97m/home/cvazquezperezdelacru/clio-core/context-runtime/src/ipc_manager.cc:2447 INFO 1161602 IncreaseClientShm IpcManager::IncreaseClientShm: Creating clio_1161572_56 with size 131645616 (98091184 + 33554432 overhead)[0m
[97m/home/cvazquezperezdelacru/clio-core/context-runtime/src/ipc_manager.cc:2492 INFO 1161602 IncreaseClientShm IpcManager::IncreaseClientShm: Created allocator clio_1161572_56 with ID (1161572.56)[0m
[33m/home/cvazquezperezdelacru/clio-core/context-runtime/src/scheduler/default_sched.cc:430 WARNING 1161601 LoadBalance [#781 PDF] observed exec-time bins (cumulative): <10us=2602461 <50us=51454 <500us=6743 <10ms=5137 <50ms=4 <500ms=245 <1s=0 >=1s=0 | stalls_detected=0[0m
[33m/home/cvazquezperezdelacru/clio-core/context-runtime/src/scheduler/default_sched.cc:439 WARNING 1161601 LoadBalance [#785] lane rescues performed: 0[0m
[97m/home/cvazquezperezdelacru/clio-core/context-runtime/src/ipc_manager.cc:2447 INFO 1161602 IncreaseClientShm IpcManager::IncreaseClientShm: Creating clio_1161572_57 with size 127648112 (94093680 + 33554432 overhead)[0m
[97m/home/cvazquezperezdelacru/clio-core/context-runtime/src/ipc_manager.cc:2492 INFO 1161602 IncreaseClientShm IpcManager::IncreaseClientShm: Created allocator clio_1161572_57 with ID (1161572.57)[0m
[97m/home/cvazquezperezdelacru/clio-core/context-runtime/src/ipc_manager.cc:2447 INFO 1161602 IncreaseClientShm IpcManager::IncreaseClientShm: Creating clio_1161572_58 with size 139166112 (105611680 + 33554432 overhead)[0m
[97m/home/cvazquezperezdelacru/clio-core/context-runtime/src/ipc_manager.cc:2492 INFO 1161602 IncreaseClientShm IpcManager::IncreaseClientShm: Created allocator clio_1161572_58 with ID (1161572.58)[0m
[33m/home/cvazquezperezdelacru/clio-core/context-runtime/src/scheduler/default_sched.cc:430 WARNING 1161601 LoadBalance [#781 PDF] observed exec-time bins (cumulative): <10us=2670563 <50us=52403 <500us=6941 <10ms=5310 <50ms=4 <500ms=253 <1s=0 >=1s=0 | stalls_detected=0[0m
[33m/home/cvazquezperezdelacru/clio-core/context-runtime/src/scheduler/default_sched.cc:439 WARNING 1161601 LoadBalance [#785] lane rescues performed: 0[0m
[97m/home/cvazquezperezdelacru/clio-core/context-runtime/src/ipc_manager.cc:2447 INFO 1161602 IncreaseClientShm IpcManager::IncreaseClientShm: Creating clio_1161572_59 with size 135787408 (102232976 + 33554432 overhead)[0m
[97m/home/cvazquezperezdelacru/clio-core/context-runtime/src/ipc_manager.cc:2492 INFO 1161602 IncreaseClientShm IpcManager::IncreaseClientShm: Created allocator clio_1161572_59 with ID (1161572.59)[0m
[33m/home/cvazquezperezdelacru/clio-core/context-runtime/src/scheduler/default_sched.cc:430 WARNING 1161601 LoadBalance [#781 PDF] observed exec-time bins (cumulative): <10us=2737155 <50us=53597 <500us=7111 <10ms=5438 <50ms=4 <500ms=260 <1s=0 >=1s=0 | stalls_detected=0[0m
[33m/home/cvazquezperezdelacru/clio-core/context-runtime/src/scheduler/default_sched.cc:439 WARNING 1161601 LoadBalance [#785] lane rescues performed: 0[0m
[97m/home/cvazquezperezdelacru/clio-core/context-runtime/src/ipc_manager.cc:2447 INFO 1161602 IncreaseClientShm IpcManager::IncreaseClientShm: Creating clio_1161572_60 with size 127811912 (94257480 + 33554432 overhead)[0m
[97m/home/cvazquezperezdelacru/clio-core/context-runtime/src/ipc_manager.cc:2492 INFO 1161602 IncreaseClientShm IpcManager::IncreaseClientShm: Created allocator clio_1161572_60 with ID (1161572.60)[0m
[97m/home/cvazquezperezdelacru/clio-core/context-runtime/src/ipc_manager.cc:2447 INFO 1161602 IncreaseClientShm IpcManager::IncreaseClientShm: Creating clio_1161572_61 with size 128300712 (94746280 + 33554432 overhead)[0m
[97m/home/cvazquezperezdelacru/clio-core/context-runtime/src/ipc_manager.cc:2492 INFO 1161602 IncreaseClientShm IpcManager::IncreaseClientShm: Created allocator clio_1161572_61 with ID (1161572.61)[0m
[33m/home/cvazquezperezdelacru/clio-core/context-runtime/src/scheduler/default_sched.cc:430 WARNING 1161601 LoadBalance [#781 PDF] observed exec-time bins (cumulative): <10us=2805006 <50us=54265 <500us=7259 <10ms=5559 <50ms=4 <500ms=266 <1s=0 >=1s=0 | stalls_detected=0[0m
[33m/home/cvazquezperezdelacru/clio-core/context-runtime/src/scheduler/default_sched.cc:439 WARNING 1161601 LoadBalance [#785] lane rescues performed: 0[0m
[97m/home/cvazquezperezdelacru/clio-core/context-runtime/src/ipc_manager.cc:2447 INFO 1161602 IncreaseClientShm IpcManager::IncreaseClientShm: Creating clio_1161572_62 with size 133737312 (100182880 + 33554432 overhead)[0m
[97m/home/cvazquezperezdelacru/clio-core/context-runtime/src/ipc_manager.cc:2492 INFO 1161602 IncreaseClientShm IpcManager::IncreaseClientShm: Created allocator clio_1161572_62 with ID (1161572.62)[0m
[33m/home/cvazquezperezdelacru/clio-core/context-runtime/src/scheduler/default_sched.cc:430 WARNING 1161601 LoadBalance [#781 PDF] observed exec-time bins (cumulative): <10us=2872575 <50us=55546 <500us=7437 <10ms=5717 <50ms=4 <500ms=273 <1s=0 >=1s=0 | stalls_detected=0[0m
[33m/home/cvazquezperezdelacru/clio-core/context-runtime/src/scheduler/default_sched.cc:439 WARNING 1161601 LoadBalance [#785] lane rescues performed: 0[0m
[97m/home/cvazquezperezdelacru/clio-core/context-runtime/src/ipc_manager.cc:2447 INFO 1161602 IncreaseClientShm IpcManager::IncreaseClientShm: Creating clio_1161572_63 with size 128870112 (95315680 + 33554432 overhead)[0m
[97m/home/cvazquezperezdelacru/clio-core/context-runtime/src/ipc_manager.cc:2492 INFO 1161602 IncreaseClientShm IpcManager::IncreaseClientShm: Created allocator clio_1161572_63 with ID (1161572.63)[0m
[97m/home/cvazquezperezdelacru/clio-core/context-runtime/src/ipc_manager.cc:2447 INFO 1161602 IncreaseClientShm IpcManager::IncreaseClientShm: Creating clio_1161572_64 with size 127863912 (94309480 + 33554432 overhead)[0m
[97m/home/cvazquezperezdelacru/clio-core/context-runtime/src/ipc_manager.cc:2492 INFO 1161602 IncreaseClientShm IpcManager::IncreaseClientShm: Created allocator clio_1161572_64 with ID (1161572.64)[0m
[33m/home/cvazquezperezdelacru/clio-core/context-runtime/src/scheduler/default_sched.cc:430 WARNING 1161601 LoadBalance [#781 PDF] observed exec-time bins (cumulative): <10us=2949097 <50us=57214 <500us=7670 <10ms=5879 <50ms=4 <500ms=281 <1s=0 >=1s=0 | stalls_detected=0[0m
[33m/home/cvazquezperezdelacru/clio-core/context-runtime/src/scheduler/default_sched.cc:439 WARNING 1161601 LoadBalance [#785] lane rescues performed: 0[0m
[97m/home/cvazquezperezdelacru/clio-core/context-runtime/src/ipc_manager.cc:2447 INFO 1161602 IncreaseClientShm IpcManager::IncreaseClientShm: Creating clio_1161572_65 with size 127796312 (94241880 + 33554432 overhead)[0m
[97m/home/cvazquezperezdelacru/clio-core/context-runtime/src/ipc_manager.cc:2492 INFO 1161602 IncreaseClientShm IpcManager::IncreaseClientShm: Created allocator clio_1161572_65 with ID (1161572.65)[0m
[97m/home/cvazquezperezdelacru/clio-core/context-runtime/src/ipc_manager.cc:2447 INFO 1161602 IncreaseClientShm IpcManager::IncreaseClientShm: Creating clio_1161572_66 with size 132462016 (98907584 + 33554432 overhead)[0m
[97m/home/cvazquezperezdelacru/clio-core/context-runtime/src/ipc_manager.cc:2492 INFO 1161602 IncreaseClientShm IpcManager::IncreaseClientShm: Created allocator clio_1161572_66 with ID (1161572.66)[0m
[33m/home/cvazquezperezdelacru/clio-core/context-runtime/src/scheduler/default_sched.cc:430 WARNING 1161601 LoadBalance [#781 PDF] observed exec-time bins (cumulative): <10us=3029196 <50us=57672 <500us=7930 <10ms=6007 <50ms=5 <500ms=288 <1s=0 >=1s=0 | stalls_detected=0[0m
[33m/home/cvazquezperezdelacru/clio-core/context-runtime/src/scheduler/default_sched.cc:439 WARNING 1161601 LoadBalance [#785] lane rescues performed: 0[0m
[97m/home/cvazquezperezdelacru/clio-core/context-runtime/src/ipc_manager.cc:2447 INFO 1161602 IncreaseClientShm IpcManager::IncreaseClientShm: Creating clio_1161572_67 with size 157307616 (123753184 + 33554432 overhead)[0m
[97m/home/cvazquezperezdelacru/clio-core/context-runtime/src/ipc_manager.cc:2492 INFO 1161602 IncreaseClientShm IpcManager::IncreaseClientShm: Created allocator clio_1161572_67 with ID (1161572.67)[0m
[33m/home/cvazquezperezdelacru/clio-core/context-runtime/src/scheduler/default_sched.cc:430 WARNING 1161601 LoadBalance [#781 PDF] observed exec-time bins (cumulative): <10us=3108592 <50us=58237 <500us=8147 <10ms=6159 <50ms=5 <500ms=296 <1s=0 >=1s=0 | stalls_detected=0[0m
[33m/home/cvazquezperezdelacru/clio-core/context-runtime/src/scheduler/default_sched.cc:439 WARNING 1161601 LoadBalance [#785] lane rescues performed: 0[0m
[97m/home/cvazquezperezdelacru/clio-core/context-runtime/src/ipc_manager.cc:2447 INFO 1161602 IncreaseClientShm IpcManager::IncreaseClientShm: Creating clio_1161572_68 with size 128255216 (94700784 + 33554432 overhead)[0m
[97m/home/cvazquezperezdelacru/clio-core/context-runtime/src/ipc_manager.cc:2492 INFO 1161602 IncreaseClientShm IpcManager::IncreaseClientShm: Created allocator clio_1161572_68 with ID (1161572.68)[0m
[97m/home/cvazquezperezdelacru/clio-core/context-runtime/src/ipc_manager.cc:2447 INFO 1161602 IncreaseClientShm IpcManager::IncreaseClientShm: Creating clio_1161572_69 with size 129765808 (96211376 + 33554432 overhead)[0m
[97m/home/cvazquezperezdelacru/clio-core/context-runtime/src/ipc_manager.cc:2492 INFO 1161602 IncreaseClientShm IpcManager::IncreaseClientShm: Created allocator clio_1161572_69 with ID (1161572.69)[0m
[33m/home/cvazquezperezdelacru/clio-core/context-runtime/src/scheduler/default_sched.cc:430 WARNING 1161601 LoadBalance [#781 PDF] observed exec-time bins (cumulative): <10us=3180406 <50us=60648 <500us=8353 <10ms=6285 <50ms=5 <500ms=303 <1s=0 >=1s=0 | stalls_detected=0[0m
[33m/home/cvazquezperezdelacru/clio-core/context-runtime/src/scheduler/default_sched.cc:439 WARNING 1161601 LoadBalance [#785] lane rescues performed: 0[0m
[97m/home/cvazquezperezdelacru/clio-core/context-runtime/src/ipc_manager.cc:2447 INFO 1161602 IncreaseClientShm IpcManager::IncreaseClientShm: Creating clio_1161572_70 with size 143995616 (110441184 + 33554432 overhead)[0m
[97m/home/cvazquezperezdelacru/clio-core/context-runtime/src/ipc_manager.cc:2492 INFO 1161602 IncreaseClientShm IpcManager::IncreaseClientShm: Created allocator clio_1161572_70 with ID (1161572.70)[0m
[33m/home/cvazquezperezdelacru/clio-core/context-runtime/src/scheduler/default_sched.cc:430 WARNING 1161601 LoadBalance [#781 PDF] observed exec-time bins (cumulative): <10us=3248017 <50us=61070 <500us=8477 <10ms=6374 <50ms=5 <500ms=308 <1s=0 >=1s=0 | stalls_detected=0[0m
[33m/home/cvazquezperezdelacru/clio-core/context-runtime/src/scheduler/default_sched.cc:439 WARNING 1161601 LoadBalance [#785] lane rescues performed: 0[0m
[97m/home/cvazquezperezdelacru/clio-core/context-runtime/src/ipc_manager.cc:2447 INFO 1161602 IncreaseClientShm IpcManager::IncreaseClientShm: Creating clio_1161572_71 with size 130891616 (97337184 + 33554432 overhead)[0m
[97m/home/cvazquezperezdelacru/clio-core/context-runtime/src/ipc_manager.cc:2492 INFO 1161602 IncreaseClientShm IpcManager::IncreaseClientShm: Created allocator clio_1161572_71 with ID (1161572.71)[0m
[33m/home/cvazquezperezdelacru/clio-core/context-runtime/src/scheduler/default_sched.cc:430 WARNING 1161601 LoadBalance [#781 PDF] observed exec-time bins (cumulative): <10us=3316353 <50us=61507 <500us=8638 <10ms=6482 <50ms=5 <500ms=314 <1s=0 >=1s=0 | stalls_detected=0[0m
[33m/home/cvazquezperezdelacru/clio-core/context-runtime/src/scheduler/default_sched.cc:439 WARNING 1161601 LoadBalance [#785] lane rescues performed: 0[0m
[97m/home/cvazquezperezdelacru/clio-core/context-runtime/src/ipc_manager.cc:2447 INFO 1161602 IncreaseClientShm IpcManager::IncreaseClientShm: Creating clio_1161572_72 with size 136109808 (102555376 + 33554432 overhead)[0m
[97m/home/cvazquezperezdelacru/clio-core/context-runtime/src/ipc_manager.cc:2492 INFO 1161602 IncreaseClientShm IpcManager::IncreaseClientShm: Created allocator clio_1161572_72 with ID (1161572.72)[0m
[33m/home/cvazquezperezdelacru/clio-core/context-runtime/src/scheduler/default_sched.cc:430 WARNING 1161601 LoadBalance [#781 PDF] observed exec-time bins (cumulative): <10us=3382561 <50us=63199 <500us=8847 <10ms=6614 <50ms=5 <500ms=320 <1s=0 >=1s=0 | stalls_detected=0[0m
[33m/home/cvazquezperezdelacru/clio-core/context-runtime/src/scheduler/default_sched.cc:439 WARNING 1161601 LoadBalance [#785] lane rescues performed: 0[0m
[97m/home/cvazquezperezdelacru/clio-core/context-runtime/src/ipc_manager.cc:2447 INFO 1161602 IncreaseClientShm IpcManager::IncreaseClientShm: Creating clio_1161572_73 with size 133542312 (99987880 + 33554432 overhead)[0m
[97m/home/cvazquezperezdelacru/clio-core/context-runtime/src/ipc_manager.cc:2492 INFO 1161602 IncreaseClientShm IpcManager::IncreaseClientShm: Created allocator clio_1161572_73 with ID (1161572.73)[0m
[97m/home/cvazquezperezdelacru/clio-core/context-runtime/src/ipc_manager.cc:2447 INFO 1161602 IncreaseClientShm IpcManager::IncreaseClientShm: Creating clio_1161572_74 with size 126821312 (93266880 + 33554432 overhead)[0m
[97m/home/cvazquezperezdelacru/clio-core/context-runtime/src/ipc_manager.cc:2492 INFO 1161602 IncreaseClientShm IpcManager::IncreaseClientShm: Created allocator clio_1161572_74 with ID (1161572.74)[0m
[33m/home/cvazquezperezdelacru/clio-core/context-runtime/src/scheduler/default_sched.cc:430 WARNING 1161601 LoadBalance [#781 PDF] observed exec-time bins (cumulative): <10us=3450786 <50us=63940 <500us=9051 <10ms=6760 <50ms=5 <500ms=328 <1s=0 >=1s=0 | stalls_detected=0[0m
[33m/home/cvazquezperezdelacru/clio-core/context-runtime/src/scheduler/default_sched.cc:439 WARNING 1161601 LoadBalance [#785] lane rescues performed: 0[0m
[97m/home/cvazquezperezdelacru/clio-core/context-runtime/src/ipc_manager.cc:2447 INFO 1161602 IncreaseClientShm IpcManager::IncreaseClientShm: Creating clio_1161572_75 with size 135498816 (101944384 + 33554432 overhead)[0m
[97m/home/cvazquezperezdelacru/clio-core/context-runtime/src/ipc_manager.cc:2492 INFO 1161602 IncreaseClientShm IpcManager::IncreaseClientShm: Created allocator clio_1161572_75 with ID (1161572.75)[0m
[97m/home/cvazquezperezdelacru/clio-core/context-runtime/src/ipc_manager.cc:2447 INFO 1161602 IncreaseClientShm IpcManager::IncreaseClientShm: Creating clio_1161572_76 with size 134417216 (100862784 + 33554432 overhead)[0m
[97m/home/cvazquezperezdelacru/clio-core/context-runtime/src/ipc_manager.cc:2492 INFO 1161602 IncreaseClientShm IpcManager::IncreaseClientShm: Created allocator clio_1161572_76 with ID (1161572.76)[0m
[33m/home/cvazquezperezdelacru/clio-core/context-runtime/src/scheduler/default_sched.cc:430 WARNING 1161601 LoadBalance [#781 PDF] observed exec-time bins (cumulative): <10us=3518953 <50us=64716 <500us=9262 <10ms=6891 <50ms=5 <500ms=336 <1s=0 >=1s=0 | stalls_detected=0[0m
[33m/home/cvazquezperezdelacru/clio-core/context-runtime/src/scheduler/default_sched.cc:439 WARNING 1161601 LoadBalance [#785] lane rescues performed: 0[0m
[97m/home/cvazquezperezdelacru/clio-core/context-runtime/src/ipc_manager.cc:2447 INFO 1161602 IncreaseClientShm IpcManager::IncreaseClientShm: Creating clio_1161572_77 with size 127427112 (93872680 + 33554432 overhead)[0m
[97m/home/cvazquezperezdelacru/clio-core/context-runtime/src/ipc_manager.cc:2492 INFO 1161602 IncreaseClientShm IpcManager::IncreaseClientShm: Created allocator clio_1161572_77 with ID (1161572.77)[0m
[33m/home/cvazquezperezdelacru/clio-core/context-runtime/src/scheduler/default_sched.cc:430 WARNING 1161601 LoadBalance [#781 PDF] observed exec-time bins (cumulative): <10us=3587007 <50us=65933 <500us=9489 <10ms=7034 <50ms=5 <500ms=344 <1s=0 >=1s=0 | stalls_detected=0[0m
[33m/home/cvazquezperezdelacru/clio-core/context-runtime/src/scheduler/default_sched.cc:439 WARNING 1161601 LoadBalance [#785] lane rescues performed: 0[0m
[97m/home/cvazquezperezdelacru/clio-core/context-runtime/src/ipc_manager.cc:2447 INFO 1161602 IncreaseClientShm IpcManager::IncreaseClientShm: Creating clio_1161572_78 with size 127606512 (94052080 + 33554432 overhead)[0m
[97m/home/cvazquezperezdelacru/clio-core/context-runtime/src/ipc_manager.cc:2492 INFO 1161602 IncreaseClientShm IpcManager::IncreaseClientShm: Created allocator clio_1161572_78 with ID (1161572.78)[0m
[97m/home/cvazquezperezdelacru/clio-core/context-runtime/src/ipc_manager.cc:2447 INFO 1161602 IncreaseClientShm IpcManager::IncreaseClientShm: Creating clio_1161572_79 with size 128822016 (95267584 + 33554432 overhead)[0m
[97m/home/cvazquezperezdelacru/clio-core/context-runtime/src/ipc_manager.cc:2492 INFO 1161602 IncreaseClientShm IpcManager::IncreaseClientShm: Created allocator clio_1161572_79 with ID (1161572.79)[0m
[33m/home/cvazquezperezdelacru/clio-core/context-runtime/src/scheduler/default_sched.cc:430 WARNING 1161601 LoadBalance [#781 PDF] observed exec-time bins (cumulative): <10us=3655114 <50us=66708 <500us=9701 <10ms=7166 <50ms=5 <500ms=351 <1s=0 >=1s=0 | stalls_detected=0[0m
[33m/home/cvazquezperezdelacru/clio-core/context-runtime/src/scheduler/default_sched.cc:439 WARNING 1161601 LoadBalance [#785] lane rescues performed: 0[0m
[97m/home/cvazquezperezdelacru/clio-core/context-runtime/src/ipc_manager.cc:2447 INFO 1161602 IncreaseClientShm IpcManager::IncreaseClientShm: Creating clio_1161572_80 with size 143803216 (110248784 + 33554432 overhead)[0m
[97m/home/cvazquezperezdelacru/clio-core/context-runtime/src/ipc_manager.cc:2492 INFO 1161602 IncreaseClientShm IpcManager::IncreaseClientShm: Created allocator clio_1161572_80 with ID (1161572.80)[0m
[33m/home/cvazquezperezdelacru/clio-core/context-runtime/src/scheduler/default_sched.cc:430 WARNING 1161601 LoadBalance [#781 PDF] observed exec-time bins (cumulative): <10us=3719635 <50us=69220 <500us=9914 <10ms=7318 <50ms=5 <500ms=352 <1s=0 >=1s=0 | stalls_detected=0[0m
[33m/home/cvazquezperezdelacru/clio-core/context-runtime/src/scheduler/default_sched.cc:439 WARNING 1161601 LoadBalance [#785] lane rescues performed: 0[0m
[97m/home/cvazquezperezdelacru/clio-core/context-runtime/src/ipc_manager.cc:2447 INFO 1161602 IncreaseClientShm IpcManager::IncreaseClientShm: Creating clio_1161572_81 with size 127749512 (94195080 + 33554432 overhead)[0m
[97m/home/cvazquezperezdelacru/clio-core/context-runtime/src/ipc_manager.cc:2492 INFO 1161602 IncreaseClientShm IpcManager::IncreaseClientShm: Created allocator clio_1161572_81 with ID (1161572.81)[0m
[97m/home/cvazquezperezdelacru/clio-core/context-runtime/src/ipc_manager.cc:2447 INFO 1161602 IncreaseClientShm IpcManager::IncreaseClientShm: Creating clio_1161572_82 with size 129865912 (96311480 + 33554432 overhead)[0m
[97m/home/cvazquezperezdelacru/clio-core/context-runtime/src/ipc_manager.cc:2492 INFO 1161602 IncreaseClientShm IpcManager::IncreaseClientShm: Created allocator clio_1161572_82 with ID (1161572.82)[0m
[33m/home/cvazquezperezdelacru/clio-core/context-runtime/src/scheduler/default_sched.cc:430 WARNING 1161601 LoadBalance [#781 PDF] observed exec-time bins (cumulative): <10us=3785605 <50us=72832 <500us=10147 <10ms=7483 <50ms=5 <500ms=352 <1s=0 >=1s=0 | stalls_detected=0[0m
[33m/home/cvazquezperezdelacru/clio-core/context-runtime/src/scheduler/default_sched.cc:439 WARNING 1161601 LoadBalance [#785] lane rescues performed: 0[0m
[97m/home/cvazquezperezdelacru/clio-core/context-runtime/src/ipc_manager.cc:2447 INFO 1161602 IncreaseClientShm IpcManager::IncreaseClientShm: Creating clio_1161572_83 with size 132489312 (98934880 + 33554432 overhead)[0m
[97m/home/cvazquezperezdelacru/clio-core/context-runtime/src/ipc_manager.cc:2492 INFO 1161602 IncreaseClientShm IpcManager::IncreaseClientShm: Created allocator clio_1161572_83 with ID (1161572.83)[0m
[31m/home/cvazquezperezdelacru/clio-core/context-runtime/src/scheduler/default_sched.cc:726 ERROR 1161601 LoadBalance [HANGWATCH-HB] processed=23657 outstanding=1 (queued=1 blocked=0 retry=0 periodic=7) live=0 live_stalled=0[0m
[33m/home/cvazquezperezdelacru/clio-core/context-runtime/src/scheduler/default_sched.cc:430 WARNING 1161601 LoadBalance [#781 PDF] observed exec-time bins (cumulative): <10us=3848924 <50us=76734 <500us=10383 <10ms=7641 <50ms=6 <500ms=352 <1s=0 >=1s=0 | stalls_detected=0[0m
[33m/home/cvazquezperezdelacru/clio-core/context-runtime/src/scheduler/default_sched.cc:439 WARNING 1161601 LoadBalance [#785] lane rescues performed: 0[0m
[97m/home/cvazquezperezdelacru/clio-core/context-runtime/src/ipc_manager.cc:2447 INFO 1161602 IncreaseClientShm IpcManager::IncreaseClientShm: Creating clio_1161572_84 with size 132737616 (99183184 + 33554432 overhead)[0m
[97m/home/cvazquezperezdelacru/clio-core/context-runtime/src/ipc_manager.cc:2492 INFO 1161602 IncreaseClientShm IpcManager::IncreaseClientShm: Created allocator clio_1161572_84 with ID (1161572.84)[0m
[97m/home/cvazquezperezdelacru/clio-core/context-runtime/src/ipc_manager.cc:2447 INFO 1161602 IncreaseClientShm IpcManager::IncreaseClientShm: Creating clio_1161572_85 with size 131485712 (97931280 + 33554432 overhead)[0m
[97m/home/cvazquezperezdelacru/clio-core/context-runtime/src/ipc_manager.cc:2492 INFO 1161602 IncreaseClientShm IpcManager::IncreaseClientShm: Created allocator clio_1161572_85 with ID (1161572.85)[0m
[33m/home/cvazquezperezdelacru/clio-core/context-runtime/src/scheduler/default_sched.cc:430 WARNING 1161601 LoadBalance [#781 PDF] observed exec-time bins (cumulative): <10us=3917152 <50us=78229 <500us=10582 <10ms=7807 <50ms=6 <500ms=352 <1s=0 >=1s=0 | stalls_detected=0[0m
[33m/home/cvazquezperezdelacru/clio-core/context-runtime/src/scheduler/default_sched.cc:439 WARNING 1161601 LoadBalance [#785] lane rescues performed: 0[0m
[97m/home/cvazquezperezdelacru/clio-core/context-runtime/src/ipc_manager.cc:2447 INFO 1161602 IncreaseClientShm IpcManager::IncreaseClientShm: Creating clio_1161572_86 with size 128625712 (95071280 + 33554432 overhead)[0m
[97m/home/cvazquezperezdelacru/clio-core/context-runtime/src/ipc_manager.cc:2492 INFO 1161602 IncreaseClientShm IpcManager::IncreaseClientShm: Created allocator clio_1161572_86 with ID (1161572.86)[0m
[33m/home/cvazquezperezdelacru/clio-core/context-runtime/src/scheduler/default_sched.cc:430 WARNING 1161601 LoadBalance [#781 PDF] observed exec-time bins (cumulative): <10us=3980759 <50us=81167 <500us=10780 <10ms=7953 <50ms=12 <500ms=352 <1s=0 >=1s=0 | stalls_detected=0[0m
[33m/home/cvazquezperezdelacru/clio-core/context-runtime/src/scheduler/default_sched.cc:439 WARNING 1161601 LoadBalance [#785] lane rescues performed: 0[0m
[97m/home/cvazquezperezdelacru/clio-core/context-runtime/src/ipc_manager.cc:2447 INFO 1161602 IncreaseClientShm IpcManager::IncreaseClientShm: Creating clio_1161572_87 with size 149056512 (115502080 + 33554432 overhead)[0m
[97m/home/cvazquezperezdelacru/clio-core/context-runtime/src/ipc_manager.cc:2492 INFO 1161602 IncreaseClientShm IpcManager::IncreaseClientShm: Created allocator clio_1161572_87 with ID (1161572.87)[0m
[33m/home/cvazquezperezdelacru/clio-core/context-runtime/src/scheduler/default_sched.cc:430 WARNING 1161601 LoadBalance [#781 PDF] observed exec-time bins (cumulative): <10us=4047797 <50us=81535 <500us=10873 <10ms=8047 <50ms=36 <500ms=352 <1s=0 >=1s=0 | stalls_detected=0[0m
[33m/home/cvazquezperezdelacru/clio-core/context-runtime/src/scheduler/default_sched.cc:439 WARNING 1161601 LoadBalance [#785] lane rescues performed: 0[0m
[97m/home/cvazquezperezdelacru/clio-core/context-runtime/src/ipc_manager.cc:2447 INFO 1161602 IncreaseClientShm IpcManager::IncreaseClientShm: Creating clio_1161572_88 with size 145677808 (112123376 + 33554432 overhead)[0m
[97m/home/cvazquezperezdelacru/clio-core/context-runtime/src/ipc_manager.cc:2492 INFO 1161602 IncreaseClientShm IpcManager::IncreaseClientShm: Created allocator clio_1161572_88 with ID (1161572.88)[0m
[33m/home/cvazquezperezdelacru/clio-core/context-runtime/src/scheduler/default_sched.cc:430 WARNING 1161601 LoadBalance [#781 PDF] observed exec-time bins (cumulative): <10us=4114714 <50us=81824 <500us=10973 <10ms=8154 <50ms=58 <500ms=352 <1s=0 >=1s=0 | stalls_detected=0[0m
[33m/home/cvazquezperezdelacru/clio-core/context-runtime/src/scheduler/default_sched.cc:439 WARNING 1161601 LoadBalance [#785] lane rescues performed: 0[0m
[97m/home/cvazquezperezdelacru/clio-core/context-runtime/src/ipc_manager.cc:2447 INFO 1161602 IncreaseClientShm IpcManager::IncreaseClientShm: Creating clio_1161572_89 with size 133079512 (99525080 + 33554432 overhead)[0m
[97m/home/cvazquezperezdelacru/clio-core/context-runtime/src/ipc_manager.cc:2492 INFO 1161602 IncreaseClientShm IpcManager::IncreaseClientShm: Created allocator clio_1161572_89 with ID (1161572.89)[0m
[33m/home/cvazquezperezdelacru/clio-core/context-runtime/src/scheduler/default_sched.cc:430 WARNING 1161601 LoadBalance [#781 PDF] observed exec-time bins (cumulative): <10us=4181556 <50us=82188 <500us=11064 <10ms=8282 <50ms=80 <500ms=352 <1s=0 >=1s=0 | stalls_detected=0[0m
[33m/home/cvazquezperezdelacru/clio-core/context-runtime/src/scheduler/default_sched.cc:439 WARNING 1161601 LoadBalance [#785] lane rescues performed: 0[0m
[33m/home/cvazquezperezdelacru/clio-core/context-runtime/src/scheduler/default_sched.cc:430 WARNING 1161601 LoadBalance [#781 PDF] observed exec-time bins (cumulative): <10us=4249205 <50us=82452 <500us=11149 <10ms=8416 <50ms=96 <500ms=352 <1s=0 >=1s=0 | stalls_detected=0[0m
[33m/home/cvazquezperezdelacru/clio-core/context-runtime/src/scheduler/default_sched.cc:439 WARNING 1161601 LoadBalance [#785] lane rescues performed: 0[0m
[97m/home/cvazquezperezdelacru/clio-core/context-runtime/src/ipc_manager.cc:2447 INFO 1161602 IncreaseClientShm IpcManager::IncreaseClientShm: Creating clio_1161572_90 with size 128794712 (95240280 + 33554432 overhead)[0m
[97m/home/cvazquezperezdelacru/clio-core/context-runtime/src/ipc_manager.cc:2492 INFO 1161602 IncreaseClientShm IpcManager::IncreaseClientShm: Created allocator clio_1161572_90 with ID (1161572.90)[0m
[33m/home/cvazquezperezdelacru/clio-core/context-runtime/src/scheduler/default_sched.cc:430 WARNING 1161601 LoadBalance [#781 PDF] observed exec-time bins (cumulative): <10us=4316443 <50us=82728 <500us=11237 <10ms=8560 <50ms=109 <500ms=352 <1s=0 >=1s=0 | stalls_detected=0[0m
[33m/home/cvazquezperezdelacru/clio-core/context-runtime/src/scheduler/default_sched.cc:439 WARNING 1161601 LoadBalance [#785] lane rescues performed: 0[0m
[97m/home/cvazquezperezdelacru/clio-core/context-runtime/src/ipc_manager.cc:2447 INFO 1161602 IncreaseClientShm IpcManager::IncreaseClientShm: Creating clio_1161572_91 with size 131554608 (98000176 + 33554432 overhead)[0m
[97m/home/cvazquezperezdelacru/clio-core/context-runtime/src/ipc_manager.cc:2492 INFO 1161602 IncreaseClientShm IpcManager::IncreaseClientShm: Created allocator clio_1161572_91 with ID (1161572.91)[0m
[33m/home/cvazquezperezdelacru/clio-core/context-runtime/src/scheduler/default_sched.cc:430 WARNING 1161601 LoadBalance [#781 PDF] observed exec-time bins (cumulative): <10us=4383805 <50us=82944 <500us=11322 <10ms=8685 <50ms=128 <500ms=352 <1s=0 >=1s=0 | stalls_detected=0[0m
[33m/home/cvazquezperezdelacru/clio-core/context-runtime/src/scheduler/default_sched.cc:439 WARNING 1161601 LoadBalance [#785] lane rescues performed: 0[0m
[33m/home/cvazquezperezdelacru/clio-core/context-runtime/src/scheduler/default_sched.cc:430 WARNING 1161601 LoadBalance [#781 PDF] observed exec-time bins (cumulative): <10us=4451084 <50us=83159 <500us=11395 <10ms=8787 <50ms=145 <500ms=352 <1s=0 >=1s=0 | stalls_detected=0[0m
[33m/home/cvazquezperezdelacru/clio-core/context-runtime/src/scheduler/default_sched.cc:439 WARNING 1161601 LoadBalance [#785] lane rescues performed: 0[0m
[97m/home/cvazquezperezdelacru/clio-core/context-runtime/src/ipc_manager.cc:2447 INFO 1161602 IncreaseClientShm IpcManager::IncreaseClientShm: Creating clio_1161572_92 with size 128490512 (94936080 + 33554432 overhead)[0m
[97m/home/cvazquezperezdelacru/clio-core/context-runtime/src/ipc_manager.cc:2492 INFO 1161602 IncreaseClientShm IpcManager::IncreaseClientShm: Created allocator clio_1161572_92 with ID (1161572.92)[0m
[33m/home/cvazquezperezdelacru/clio-core/context-runtime/src/scheduler/default_sched.cc:430 WARNING 1161601 LoadBalance [#781 PDF] observed exec-time bins (cumulative): <10us=4518395 <50us=83410 <500us=11488 <10ms=8921 <50ms=163 <500ms=352 <1s=0 >=1s=0 | stalls_detected=0[0m
[33m/home/cvazquezperezdelacru/clio-core/context-runtime/src/scheduler/default_sched.cc:439 WARNING 1161601 LoadBalance [#785] lane rescues performed: 0[0m
[97m/home/cvazquezperezdelacru/clio-core/context-runtime/src/ipc_manager.cc:2447 INFO 1161602 IncreaseClientShm IpcManager::IncreaseClientShm: Creating clio_1161572_93 with size 130214312 (96659880 + 33554432 overhead)[0m
[97m/home/cvazquezperezdelacru/clio-core/context-runtime/src/ipc_manager.cc:2492 INFO 1161602 IncreaseClientShm IpcManager::IncreaseClientShm: Created allocator clio_1161572_93 with ID (1161572.93)[0m
[33m/home/cvazquezperezdelacru/clio-core/context-runtime/src/scheduler/default_sched.cc:430 WARNING 1161601 LoadBalance [#781 PDF] observed exec-time bins (cumulative): <10us=4585744 <50us=83618 <500us=11576 <10ms=9052 <50ms=181 <500ms=352 <1s=0 >=1s=0 | stalls_detected=0[0m
[33m/home/cvazquezperezdelacru/clio-core/context-runtime/src/scheduler/default_sched.cc:439 WARNING 1161601 LoadBalance [#785] lane rescues performed: 0[0m
[97m/home/cvazquezperezdelacru/clio-core/context-runtime/src/ipc_manager.cc:2447 INFO 1161602 IncreaseClientShm IpcManager::IncreaseClientShm: Creating clio_1161572_94 with size 141186312 (107631880 + 33554432 overhead)[0m
[97m/home/cvazquezperezdelacru/clio-core/context-runtime/src/ipc_manager.cc:2492 INFO 1161602 IncreaseClientShm IpcManager::IncreaseClientShm: Created allocator clio_1161572_94 with ID (1161572.94)[0m
[33m/home/cvazquezperezdelacru/clio-core/context-runtime/src/scheduler/default_sched.cc:430 WARNING 1161601 LoadBalance [#781 PDF] observed exec-time bins (cumulative): <10us=4652934 <50us=83893 <500us=11645 <10ms=9150 <50ms=196 <500ms=352 <1s=0 >=1s=0 | stalls_detected=0[0m
[33m/home/cvazquezperezdelacru/clio-core/context-runtime/src/scheduler/default_sched.cc:439 WARNING 1161601 LoadBalance [#785] lane rescues performed: 0[0m
[33m/home/cvazquezperezdelacru/clio-core/context-runtime/src/scheduler/default_sched.cc:430 WARNING 1161601 LoadBalance [#781 PDF] observed exec-time bins (cumulative): <10us=4720357 <50us=84133 <500us=11727 <10ms=9281 <50ms=213 <500ms=352 <1s=0 >=1s=0 | stalls_detected=0[0m
[33m/home/cvazquezperezdelacru/clio-core/context-runtime/src/scheduler/default_sched.cc:439 WARNING 1161601 LoadBalance [#785] lane rescues performed: 0[0m
[97m/home/cvazquezperezdelacru/clio-core/context-runtime/src/ipc_manager.cc:2447 INFO 1161602 IncreaseClientShm IpcManager::IncreaseClientShm: Creating clio_1161572_95 with size 130943616 (97389184 + 33554432 overhead)[0m
[97m/home/cvazquezperezdelacru/clio-core/context-runtime/src/ipc_manager.cc:2492 INFO 1161602 IncreaseClientShm IpcManager::IncreaseClientShm: Created allocator clio_1161572_95 with ID (1161572.95)[0m
[33m/home/cvazquezperezdelacru/clio-core/context-runtime/src/scheduler/default_sched.cc:430 WARNING 1161601 LoadBalance [#781 PDF] observed exec-time bins (cumulative): <10us=4787501 <50us=84392 <500us=11784 <10ms=9370 <50ms=224 <500ms=352 <1s=0 >=1s=0 | stalls_detected=0[0m
[33m/home/cvazquezperezdelacru/clio-core/context-runtime/src/scheduler/default_sched.cc:439 WARNING 1161601 LoadBalance [#785] lane rescues performed: 0[0m
[33m/home/cvazquezperezdelacru/clio-core/context-runtime/src/scheduler/default_sched.cc:430 WARNING 1161601 LoadBalance [#781 PDF] observed exec-time bins (cumulative): <10us=4854744 <50us=84615 <500us=11853 <10ms=9481 <50ms=243 <500ms=352 <1s=0 >=1s=0 | stalls_detected=0[0m
[33m/home/cvazquezperezdelacru/clio-core/context-runtime/src/scheduler/default_sched.cc:439 WARNING 1161601 LoadBalance [#785] lane rescues performed: 0[0m
[97m/home/cvazquezperezdelacru/clio-core/context-runtime/src/ipc_manager.cc:2447 INFO 1161602 IncreaseClientShm IpcManager::IncreaseClientShm: Creating clio_1161572_96 with size 127048816 (93494384 + 33554432 overhead)[0m
[97m/home/cvazquezperezdelacru/clio-core/context-runtime/src/ipc_manager.cc:2492 INFO 1161602 IncreaseClientShm IpcManager::IncreaseClientShm: Created allocator clio_1161572_96 with ID (1161572.96)[0m
[33m/home/cvazquezperezdelacru/clio-core/context-runtime/src/scheduler/default_sched.cc:430 WARNING 1161601 LoadBalance [#781 PDF] observed exec-time bins (cumulative): <10us=4922120 <50us=84840 <500us=11930 <10ms=9594 <50ms=263 <500ms=352 <1s=0 >=1s=0 | stalls_detected=0[0m
[33m/home/cvazquezperezdelacru/clio-core/context-runtime/src/scheduler/default_sched.cc:439 WARNING 1161601 LoadBalance [#785] lane rescues performed: 0[0m
[97m/home/cvazquezperezdelacru/clio-core/context-runtime/src/ipc_manager.cc:2447 INFO 1161602 IncreaseClientShm IpcManager::IncreaseClientShm: Creating clio_1161572_97 with size 128239616 (94685184 + 33554432 overhead)[0m
[97m/home/cvazquezperezdelacru/clio-core/context-runtime/src/ipc_manager.cc:2492 INFO 1161602 IncreaseClientShm IpcManager::IncreaseClientShm: Created allocator clio_1161572_97 with ID (1161572.97)[0m
[33m/home/cvazquezperezdelacru/clio-core/context-runtime/src/scheduler/default_sched.cc:430 WARNING 1161601 LoadBalance [#781 PDF] observed exec-time bins (cumulative): <10us=4988919 <50us=85307 <500us=12020 <10ms=9732 <50ms=282 <500ms=352 <1s=0 >=1s=0 | stalls_detected=0[0m
[33m/home/cvazquezperezdelacru/clio-core/context-runtime/src/scheduler/default_sched.cc:439 WARNING 1161601 LoadBalance [#785] lane rescues performed: 0[0m
[97m/home/cvazquezperezdelacru/clio-core/context-runtime/src/ipc_manager.cc:2447 INFO 1161602 IncreaseClientShm IpcManager::IncreaseClientShm: Creating clio_1161572_98 with size 128955912 (95401480 + 33554432 overhead)[0m
[97m/home/cvazquezperezdelacru/clio-core/context-runtime/src/ipc_manager.cc:2492 INFO 1161602 IncreaseClientShm IpcManager::IncreaseClientShm: Created allocator clio_1161572_98 with ID (1161572.98)[0m
[33m/home/cvazquezperezdelacru/clio-core/context-runtime/src/scheduler/default_sched.cc:430 WARNING 1161601 LoadBalance [#781 PDF] observed exec-time bins (cumulative): <10us=5056265 <50us=85561 <500us=12102 <10ms=9857 <50ms=297 <500ms=352 <1s=0 >=1s=0 | stalls_detected=0[0m
[33m/home/cvazquezperezdelacru/clio-core/context-runtime/src/scheduler/default_sched.cc:439 WARNING 1161601 LoadBalance [#785] lane rescues performed: 0[0m
[33m/home/cvazquezperezdelacru/clio-core/context-runtime/src/scheduler/default_sched.cc:430 WARNING 1161601 LoadBalance [#781 PDF] observed exec-time bins (cumulative): <10us=5122716 <50us=86126 <500us=12188 <10ms=9992 <50ms=316 <500ms=352 <1s=0 >=1s=0 | stalls_detected=0[0m
[33m/home/cvazquezperezdelacru/clio-core/context-runtime/src/scheduler/default_sched.cc:439 WARNING 1161601 LoadBalance [#785] lane rescues performed: 0[0m
[97m/home/cvazquezperezdelacru/clio-core/context-runtime/src/ipc_manager.cc:2447 INFO 1161602 IncreaseClientShm IpcManager::IncreaseClientShm: Creating clio_1161572_99 with size 129509712 (95955280 + 33554432 overhead)[0m
[97m/home/cvazquezperezdelacru/clio-core/context-runtime/src/ipc_manager.cc:2492 INFO 1161602 IncreaseClientShm IpcManager::IncreaseClientShm: Created allocator clio_1161572_99 with ID (1161572.99)[0m
[33m/home/cvazquezperezdelacru/clio-core/context-runtime/src/scheduler/default_sched.cc:430 WARNING 1161601 LoadBalance [#781 PDF] observed exec-time bins (cumulative): <10us=5187541 <50us=88243 <500us=12283 <10ms=10136 <50ms=335 <500ms=352 <1s=0 >=1s=0 | stalls_detected=0[0m
[33m/home/cvazquezperezdelacru/clio-core/context-runtime/src/scheduler/default_sched.cc:439 WARNING 1161601 LoadBalance [#785] lane rescues performed: 0[0m
[97m/home/cvazquezperezdelacru/clio-core/context-runtime/src/ipc_manager.cc:2447 INFO 1161602 IncreaseClientShm IpcManager::IncreaseClientShm: Creating clio_1161572_100 with size 135361008 (101806576 + 33554432 overhead)[0m
[97m/home/cvazquezperezdelacru/clio-core/context-runtime/src/ipc_manager.cc:2492 INFO 1161602 IncreaseClientShm IpcManager::IncreaseClientShm: Created allocator clio_1161572_100 with ID (1161572.100)[0m
[33m/home/cvazquezperezdelacru/clio-core/context-runtime/src/scheduler/default_sched.cc:430 WARNING 1161601 LoadBalance [#781 PDF] observed exec-time bins (cumulative): <10us=5253804 <50us=89498 <500us=12373 <10ms=10279 <50ms=356 <500ms=352 <1s=0 >=1s=0 | stalls_detected=0[0m
[33m/home/cvazquezperezdelacru/clio-core/context-runtime/src/scheduler/default_sched.cc:439 WARNING 1161601 LoadBalance [#785] lane rescues performed: 0[0m
[97m/home/cvazquezperezdelacru/clio-core/context-runtime/src/ipc_manager.cc:2447 INFO 1161602 IncreaseClientShm IpcManager::IncreaseClientShm: Creating clio_1161572_101 with size 128170712 (94616280 + 33554432 overhead)[0m
[97m/home/cvazquezperezdelacru/clio-core/context-runtime/src/ipc_manager.cc:2492 INFO 1161602 IncreaseClientShm IpcManager::IncreaseClientShm: Created allocator clio_1161572_101 with ID (1161572.101)[0m
[33m/home/cvazquezperezdelacru/clio-core/context-runtime/src/scheduler/default_sched.cc:430 WARNING 1161601 LoadBalance [#781 PDF] observed exec-time bins (cumulative): <10us=5317789 <50us=92304 <500us=12471 <10ms=10424 <50ms=372 <500ms=352 <1s=0 >=1s=0 | stalls_detected=0[0m
[33m/home/cvazquezperezdelacru/clio-core/context-runtime/src/scheduler/default_sched.cc:439 WARNING 1161601 LoadBalance [#785] lane rescues performed: 0[0m
[97m/home/cvazquezperezdelacru/clio-core/context-runtime/src/ipc_manager.cc:2447 INFO 1161602 IncreaseClientShm IpcManager::IncreaseClientShm: Creating clio_1161572_102 with size 128248712 (94694280 + 33554432 overhead)[0m
[97m/home/cvazquezperezdelacru/clio-core/context-runtime/src/ipc_manager.cc:2492 INFO 1161602 IncreaseClientShm IpcManager::IncreaseClientShm: Created allocator clio_1161572_102 with ID (1161572.102)[0m
[33m/home/cvazquezperezdelacru/clio-core/context-runtime/src/scheduler/default_sched.cc:430 WARNING 1161601 LoadBalance [#781 PDF] observed exec-time bins (cumulative): <10us=5381920 <50us=95012 <500us=12565 <10ms=10566 <50ms=389 <500ms=352 <1s=0 >=1s=0 | stalls_detected=0[0m
[33m/home/cvazquezperezdelacru/clio-core/context-runtime/src/scheduler/default_sched.cc:439 WARNING 1161601 LoadBalance [#785] lane rescues performed: 0[0m
[33m/home/cvazquezperezdelacru/clio-core/context-runtime/src/scheduler/default_sched.cc:430 WARNING 1161601 LoadBalance [#781 PDF] observed exec-time bins (cumulative): <10us=5447612 <50us=96527 <500us=12647 <10ms=10697 <50ms=406 <500ms=352 <1s=0 >=1s=0 | stalls_detected=0[0m
[33m/home/cvazquezperezdelacru/clio-core/context-runtime/src/scheduler/default_sched.cc:439 WARNING 1161601 LoadBalance [#785] lane rescues performed: 0[0m
[97m/home/cvazquezperezdelacru/clio-core/context-runtime/src/ipc_manager.cc:2447 INFO 1161602 IncreaseClientShm IpcManager::IncreaseClientShm: Creating clio_1161572_103 with size 128755712 (95201280 + 33554432 overhead)[0m
[97m/home/cvazquezperezdelacru/clio-core/context-runtime/src/ipc_manager.cc:2492 INFO 1161602 IncreaseClientShm IpcManager::IncreaseClientShm: Created allocator clio_1161572_103 with ID (1161572.103)[0m
[33m/home/cvazquezperezdelacru/clio-core/context-runtime/src/scheduler/default_sched.cc:430 WARNING 1161601 LoadBalance [#781 PDF] observed exec-time bins (cumulative): <10us=5514844 <50us=96799 <500us=12719 <10ms=10807 <50ms=424 <500ms=352 <1s=0 >=1s=0 | stalls_detected=0[0m
[33m/home/cvazquezperezdelacru/clio-core/context-runtime/src/scheduler/default_sched.cc:439 WARNING 1161601 LoadBalance [#785] lane rescues performed: 0[0m
[97m/home/cvazquezperezdelacru/clio-core/context-runtime/src/ipc_manager.cc:2447 INFO 1161602 IncreaseClientShm IpcManager::IncreaseClientShm: Creating clio_1161572_104 with size 138743616 (105189184 + 33554432 overhead)[0m
[97m/home/cvazquezperezdelacru/clio-core/context-runtime/src/ipc_manager.cc:2492 INFO 1161602 IncreaseClientShm IpcManager::IncreaseClientShm: Created allocator clio_1161572_104 with ID (1161572.104)[0m
[33m/home/cvazquezperezdelacru/clio-core/context-runtime/src/scheduler/default_sched.cc:430 WARNING 1161601 LoadBalance [#781 PDF] observed exec-time bins (cumulative): <10us=5582097 <50us=97077 <500us=12809 <10ms=10944 <50ms=437 <500ms=352 <1s=0 >=1s=0 | stalls_detected=0[0m
[33m/home/cvazquezperezdelacru/clio-core/context-runtime/src/scheduler/default_sched.cc:439 WARNING 1161601 LoadBalance [#785] lane rescues performed: 0[0m
[97m/home/cvazquezperezdelacru/clio-core/context-runtime/src/ipc_manager.cc:2447 INFO 1161602 IncreaseClientShm IpcManager::IncreaseClientShm: Creating clio_1161572_105 with size 133633312 (100078880 + 33554432 overhead)[0m
[97m/home/cvazquezperezdelacru/clio-core/context-runtime/src/ipc_manager.cc:2492 INFO 1161602 IncreaseClientShm IpcManager::IncreaseClientShm: Created allocator clio_1161572_105 with ID (1161572.105)[0m
[33m/home/cvazquezperezdelacru/clio-core/context-runtime/src/scheduler/default_sched.cc:430 WARNING 1161601 LoadBalance [#781 PDF] observed exec-time bins (cumulative): <10us=5648816 <50us=97891 <500us=12911 <10ms=11083 <50ms=456 <500ms=352 <1s=0 >=1s=0 | stalls_detected=0[0m
[33m/home/cvazquezperezdelacru/clio-core/context-runtime/src/scheduler/default_sched.cc:439 WARNING 1161601 LoadBalance [#785] lane rescues performed: 0[0m
[33m/home/cvazquezperezdelacru/clio-core/context-runtime/src/scheduler/default_sched.cc:430 WARNING 1161601 LoadBalance [#781 PDF] observed exec-time bins (cumulative): <10us=5716237 <50us=98090 <500us=12986 <10ms=11187 <50ms=469 <500ms=352 <1s=0 >=1s=0 | stalls_detected=0[0m
[33m/home/cvazquezperezdelacru/clio-core/context-runtime/src/scheduler/default_sched.cc:439 WARNING 1161601 LoadBalance [#785] lane rescues performed: 0[0m
[97m/home/cvazquezperezdelacru/clio-core/context-runtime/src/ipc_manager.cc:2447 INFO 1161602 IncreaseClientShm IpcManager::IncreaseClientShm: Creating clio_1161572_106 with size 128751808 (95197376 + 33554432 overhead)[0m
[97m/home/cvazquezperezdelacru/clio-core/context-runtime/src/ipc_manager.cc:2492 INFO 1161602 IncreaseClientShm IpcManager::IncreaseClientShm: Created allocator clio_1161572_106 with ID (1161572.106)[0m
[33m/home/cvazquezperezdelacru/clio-core/context-runtime/src/scheduler/default_sched.cc:430 WARNING 1161601 LoadBalance [#781 PDF] observed exec-time bins (cumulative): <10us=5783688 <50us=98297 <500us=13072 <10ms=11311 <50ms=489 <500ms=352 <1s=0 >=1s=0 | stalls_detected=0[0m
[33m/home/cvazquezperezdelacru/clio-core/context-runtime/src/scheduler/default_sched.cc:439 WARNING 1161601 LoadBalance [#785] lane rescues performed: 0[0m
[97m/home/cvazquezperezdelacru/clio-core/context-runtime/src/ipc_manager.cc:2447 INFO 1161602 IncreaseClientShm IpcManager::IncreaseClientShm: Creating clio_1161572_107 with size 129765808 (96211376 + 33554432 overhead)[0m
[97m/home/cvazquezperezdelacru/clio-core/context-runtime/src/ipc_manager.cc:2492 INFO 1161602 IncreaseClientShm IpcManager::IncreaseClientShm: Created allocator clio_1161572_107 with ID (1161572.107)[0m
[33m/home/cvazquezperezdelacru/clio-core/context-runtime/src/scheduler/default_sched.cc:430 WARNING 1161601 LoadBalance [#781 PDF] observed exec-time bins (cumulative): <10us=5851201 <50us=98478 <500us=13156 <10ms=11429 <50ms=505 <500ms=352 <1s=0 >=1s=0 | stalls_detected=0[0m
[33m/home/cvazquezperezdelacru/clio-core/context-runtime/src/scheduler/default_sched.cc:439 WARNING 1161601 LoadBalance [#785] lane rescues performed: 0[0m
[33m/home/cvazquezperezdelacru/clio-core/context-runtime/src/scheduler/default_sched.cc:430 WARNING 1161601 LoadBalance [#781 PDF] observed exec-time bins (cumulative): <10us=5918454 <50us=98715 <500us=13231 <10ms=11534 <50ms=517 <500ms=352 <1s=0 >=1s=0 | stalls_detected=0[0m
[33m/home/cvazquezperezdelacru/clio-core/context-runtime/src/scheduler/default_sched.cc:439 WARNING 1161601 LoadBalance [#785] lane rescues performed: 0[0m
[97m/home/cvazquezperezdelacru/clio-core/context-runtime/src/ipc_manager.cc:2447 INFO 1161602 IncreaseClientShm IpcManager::IncreaseClientShm: Creating clio_1161572_108 with size 131355712 (97801280 + 33554432 overhead)[0m
[97m/home/cvazquezperezdelacru/clio-core/context-runtime/src/ipc_manager.cc:2492 INFO 1161602 IncreaseClientShm IpcManager::IncreaseClientShm: Created allocator clio_1161572_108 with ID (1161572.108)[0m
[33m/home/cvazquezperezdelacru/clio-core/context-runtime/src/scheduler/default_sched.cc:430 WARNING 1161601 LoadBalance [#781 PDF] observed exec-time bins (cumulative): <10us=5985435 <50us=99152 <500us=13296 <10ms=11635 <50ms=531 <500ms=352 <1s=0 >=1s=0 | stalls_detected=0[0m
[33m/home/cvazquezperezdelacru/clio-core/context-runtime/src/scheduler/default_sched.cc:439 WARNING 1161601 LoadBalance [#785] lane rescues performed: 0[0m
[97m/home/cvazquezperezdelacru/clio-core/context-runtime/src/ipc_manager.cc:2447 INFO 1161602 IncreaseClientShm IpcManager::IncreaseClientShm: Creating clio_1161572_109 with size 130558816 (97004384 + 33554432 overhead)[0m
[97m/home/cvazquezperezdelacru/clio-core/context-runtime/src/ipc_manager.cc:2492 INFO 1161602 IncreaseClientShm IpcManager::IncreaseClientShm: Created allocator clio_1161572_109 with ID (1161572.109)[0m
[33m/home/cvazquezperezdelacru/clio-core/context-runtime/src/scheduler/default_sched.cc:430 WARNING 1161601 LoadBalance [#781 PDF] observed exec-time bins (cumulative): <10us=6052033 <50us=99881 <500us=13368 <10ms=11748 <50ms=547 <500ms=352 <1s=0 >=1s=0 | stalls_detected=0[0m
[33m/home/cvazquezperezdelacru/clio-core/context-runtime/src/scheduler/default_sched.cc:439 WARNING 1161601 LoadBalance [#785] lane rescues performed: 0[0m
[33m/home/cvazquezperezdelacru/clio-core/context-runtime/src/scheduler/default_sched.cc:430 WARNING 1161601 LoadBalance [#781 PDF] observed exec-time bins (cumulative): <10us=6119274 <50us=100217 <500us=13459 <10ms=11872 <50ms=564 <500ms=352 <1s=0 >=1s=0 | stalls_detected=0[0m
[33m/home/cvazquezperezdelacru/clio-core/context-runtime/src/scheduler/default_sched.cc:439 WARNING 1161601 LoadBalance [#785] lane rescues performed: 0[0m
[97m/home/cvazquezperezdelacru/clio-core/context-runtime/src/ipc_manager.cc:2447 INFO 1161602 IncreaseClientShm IpcManager::IncreaseClientShm: Creating clio_1161572_110 with size 127208712 (93654280 + 33554432 overhead)[0m
[97m/home/cvazquezperezdelacru/clio-core/context-runtime/src/ipc_manager.cc:2492 INFO 1161602 IncreaseClientShm IpcManager::IncreaseClientShm: Created allocator clio_1161572_110 with ID (1161572.110)[0m
[33m/home/cvazquezperezdelacru/clio-core/context-runtime/src/scheduler/default_sched.cc:430 WARNING 1161601 LoadBalance [#781 PDF] observed exec-time bins (cumulative): <10us=6185662 <50us=101067 <500us=13517 <10ms=11962 <50ms=578 <500ms=352 <1s=0 >=1s=0 | stalls_detected=0[0m
[33m/home/cvazquezperezdelacru/clio-core/context-runtime/src/scheduler/default_sched.cc:439 WARNING 1161601 LoadBalance [#785] lane rescues performed: 0[0m
[97m/home/cvazquezperezdelacru/clio-core/context-runtime/src/ipc_manager.cc:2447 INFO 1161602 IncreaseClientShm IpcManager::IncreaseClientShm: Creating clio_1161572_111 with size 132736312 (99181880 + 33554432 overhead)[0m
[97m/home/cvazquezperezdelacru/clio-core/context-runtime/src/ipc_manager.cc:2492 INFO 1161602 IncreaseClientShm IpcManager::IncreaseClientShm: Created allocator clio_1161572_111 with ID (1161572.111)[0m
[33m/home/cvazquezperezdelacru/clio-core/context-runtime/src/scheduler/default_sched.cc:430 WARNING 1161601 LoadBalance [#781 PDF] observed exec-time bins (cumulative): <10us=6250055 <50us=103510 <500us=13586 <10ms=12072 <50ms=591 <500ms=352 <1s=0 >=1s=0 | stalls_detected=0[0m
[33m/home/cvazquezperezdelacru/clio-core/context-runtime/src/scheduler/default_sched.cc:439 WARNING 1161601 LoadBalance [#785] lane rescues performed: 0[0m
[33m/home/cvazquezperezdelacru/clio-core/context-runtime/src/scheduler/default_sched.cc:430 WARNING 1161601 LoadBalance [#781 PDF] observed exec-time bins (cumulative): <10us=6317773 <50us=104054 <500us=13670 <10ms=12202 <50ms=611 <500ms=352 <1s=0 >=1s=0 | stalls_detected=0[0m
[33m/home/cvazquezperezdelacru/clio-core/context-runtime/src/scheduler/default_sched.cc:439 WARNING 1161601 LoadBalance [#785] lane rescues performed: 0[0m
[97m/home/cvazquezperezdelacru/clio-core/context-runtime/src/ipc_manager.cc:2447 INFO 1161602 IncreaseClientShm IpcManager::IncreaseClientShm: Creating clio_1161572_112 with size 131748312 (98193880 + 33554432 overhead)[0m
[97m/home/cvazquezperezdelacru/clio-core/context-runtime/src/ipc_manager.cc:2492 INFO 1161602 IncreaseClientShm IpcManager::IncreaseClientShm: Created allocator clio_1161572_112 with ID (1161572.112)[0m
[33m/home/cvazquezperezdelacru/clio-core/context-runtime/src/scheduler/default_sched.cc:430 WARNING 1161601 LoadBalance [#781 PDF] observed exec-time bins (cumulative): <10us=6384434 <50us=104704 <500us=13763 <10ms=12350 <50ms=630 <500ms=352 <1s=0 >=1s=0 | stalls_detected=0[0m
[33m/home/cvazquezperezdelacru/clio-core/context-runtime/src/scheduler/default_sched.cc:439 WARNING 1161601 LoadBalance [#785] lane rescues performed: 0[0m
[97m/home/cvazquezperezdelacru/clio-core/context-runtime/src/ipc_manager.cc:2447 INFO 1161602 IncreaseClientShm IpcManager::IncreaseClientShm: Creating clio_1161572_113 with size 132880608 (99326176 + 33554432 overhead)[0m
[97m/home/cvazquezperezdelacru/clio-core/context-runtime/src/ipc_manager.cc:2492 INFO 1161602 IncreaseClientShm IpcManager::IncreaseClientShm: Created allocator clio_1161572_113 with ID (1161572.113)[0m
[33m/home/cvazquezperezdelacru/clio-core/context-runtime/src/scheduler/default_sched.cc:430 WARNING 1161601 LoadBalance [#781 PDF] observed exec-time bins (cumulative): <10us=6449914 <50us=106394 <500us=13868 <10ms=12507 <50ms=645 <500ms=352 <1s=0 >=1s=0 | stalls_detected=0[0m
[33m/home/cvazquezperezdelacru/clio-core/context-runtime/src/scheduler/default_sched.cc:439 WARNING 1161601 LoadBalance [#785] lane rescues performed: 0[0m
[97m/home/cvazquezperezdelacru/clio-core/context-runtime/src/ipc_manager.cc:2447 INFO 1161602 IncreaseClientShm IpcManager::IncreaseClientShm: Creating clio_1161572_114 with size 135930416 (102375984 + 33554432 overhead)[0m
[97m/home/cvazquezperezdelacru/clio-core/context-runtime/src/ipc_manager.cc:2492 INFO 1161602 IncreaseClientShm IpcManager::IncreaseClientShm: Created allocator clio_1161572_114 with ID (1161572.114)[0m
[33m/home/cvazquezperezdelacru/clio-core/context-runtime/src/scheduler/default_sched.cc:430 WARNING 1161601 LoadBalance [#781 PDF] observed exec-time bins (cumulative): <10us=6516735 <50us=106831 <500us=13931 <10ms=12597 <50ms=663 <500ms=352 <1s=0 >=1s=0 | stalls_detected=0[0m
[33m/home/cvazquezperezdelacru/clio-core/context-runtime/src/scheduler/default_sched.cc:439 WARNING 1161601 LoadBalance [#785] lane rescues performed: 0[0m
[33m/home/cvazquezperezdelacru/clio-core/context-runtime/src/scheduler/default_sched.cc:430 WARNING 1161601 LoadBalance [#781 PDF] observed exec-time bins (cumulative): <10us=6583727 <50us=107244 <500us=13997 <10ms=12696 <50ms=678 <500ms=352 <1s=0 >=1s=0 | stalls_detected=0[0m
[33m/home/cvazquezperezdelacru/clio-core/context-runtime/src/scheduler/default_sched.cc:439 WARNING 1161601 LoadBalance [#785] lane rescues performed: 0[0m
[97m/home/cvazquezperezdelacru/clio-core/context-runtime/src/ipc_manager.cc:2447 INFO 1161602 IncreaseClientShm IpcManager::IncreaseClientShm: Creating clio_1161572_115 with size 137188816 (103634384 + 33554432 overhead)[0m
[97m/home/cvazquezperezdelacru/clio-core/context-runtime/src/ipc_manager.cc:2492 INFO 1161602 IncreaseClientShm IpcManager::IncreaseClientShm: Created allocator clio_1161572_115 with ID (1161572.115)[0m
[33m/home/cvazquezperezdelacru/clio-core/context-runtime/src/scheduler/default_sched.cc:430 WARNING 1161601 LoadBalance [#781 PDF] observed exec-time bins (cumulative): <10us=6650969 <50us=107501 <500us=14078 <10ms=12823 <50ms=694 <500ms=352 <1s=0 >=1s=0 | stalls_detected=0[0m
[33m/home/cvazquezperezdelacru/clio-core/context-runtime/src/scheduler/default_sched.cc:439 WARNING 1161601 LoadBalance [#785] lane rescues performed: 0[0m
[33m/home/cvazquezperezdelacru/clio-core/context-runtime/src/scheduler/default_sched.cc:430 WARNING 1161601 LoadBalance [#781 PDF] observed exec-time bins (cumulative): <10us=6718188 <50us=107747 <500us=14147 <10ms=12934 <50ms=711 <500ms=352 <1s=0 >=1s=0 | stalls_detected=0[0m
[33m/home/cvazquezperezdelacru/clio-core/context-runtime/src/scheduler/default_sched.cc:439 WARNING 1161601 LoadBalance [#785] lane rescues performed: 0[0m
[97m/home/cvazquezperezdelacru/clio-core/context-runtime/src/ipc_manager.cc:2447 INFO 1161602 IncreaseClientShm IpcManager::IncreaseClientShm: Creating clio_1161572_116 with size 127117712 (93563280 + 33554432 overhead)[0m
[97m/home/cvazquezperezdelacru/clio-core/context-runtime/src/ipc_manager.cc:2492 INFO 1161602 IncreaseClientShm IpcManager::IncreaseClientShm: Created allocator clio_1161572_116 with ID (1161572.116)[0m
[33m/home/cvazquezperezdelacru/clio-core/context-runtime/src/scheduler/default_sched.cc:430 WARNING 1161601 LoadBalance [#781 PDF] observed exec-time bins (cumulative): <10us=6785391 <50us=108028 <500us=14221 <10ms=13051 <50ms=728 <500ms=352 <1s=0 >=1s=0 | stalls_detected=0[0m
[33m/home/cvazquezperezdelacru/clio-core/context-runtime/src/scheduler/default_sched.cc:439 WARNING 1161601 LoadBalance [#785] lane rescues performed: 0[0m
[97m/home/cvazquezperezdelacru/clio-core/context-runtime/src/ipc_manager.cc:2447 INFO 1161602 IncreaseClientShm IpcManager::IncreaseClientShm: Creating clio_1161572_117 with size 140910712 (107356280 + 33554432 overhead)[0m
[97m/home/cvazquezperezdelacru/clio-core/context-runtime/src/ipc_manager.cc:2492 INFO 1161602 IncreaseClientShm IpcManager::IncreaseClientShm: Created allocator clio_1161572_117 with ID (1161572.117)[0m
[33m/home/cvazquezperezdelacru/clio-core/context-runtime/src/scheduler/default_sched.cc:430 WARNING 1161601 LoadBalance [#781 PDF] observed exec-time bins (cumulative): <10us=6852675 <50us=108254 <500us=14299 <10ms=13161 <50ms=742 <500ms=352 <1s=0 >=1s=0 | stalls_detected=0[0m
[33m/home/cvazquezperezdelacru/clio-core/context-runtime/src/scheduler/default_sched.cc:439 WARNING 1161601 LoadBalance [#785] lane rescues performed: 0[0m
[33m/home/cvazquezperezdelacru/clio-core/context-runtime/src/scheduler/default_sched.cc:430 WARNING 1161601 LoadBalance [#781 PDF] observed exec-time bins (cumulative): <10us=6920072 <50us=108480 <500us=14383 <10ms=13284 <50ms=758 <500ms=352 <1s=0 >=1s=0 | stalls_detected=0[0m
[33m/home/cvazquezperezdelacru/clio-core/context-runtime/src/scheduler/default_sched.cc:439 WARNING 1161601 LoadBalance [#785] lane rescues performed: 0[0m
[97m/home/cvazquezperezdelacru/clio-core/context-runtime/src/ipc_manager.cc:2447 INFO 1161602 IncreaseClientShm IpcManager::IncreaseClientShm: Creating clio_1161572_118 with size 130024512 (96470080 + 33554432 overhead)[0m
[97m/home/cvazquezperezdelacru/clio-core/context-runtime/src/ipc_manager.cc:2492 INFO 1161602 IncreaseClientShm IpcManager::IncreaseClientShm: Created allocator clio_1161572_118 with ID (1161572.118)[0m
[33m/home/cvazquezperezdelacru/clio-core/context-runtime/src/scheduler/default_sched.cc:430 WARNING 1161601 LoadBalance [#781 PDF] observed exec-time bins (cumulative): <10us=6987278 <50us=108682 <500us=14451 <10ms=13395 <50ms=770 <500ms=352 <1s=0 >=1s=0 | stalls_detected=0[0m
[33m/home/cvazquezperezdelacru/clio-core/context-runtime/src/scheduler/default_sched.cc:439 WARNING 1161601 LoadBalance [#785] lane rescues performed: 0[0m
[97m/home/cvazquezperezdelacru/clio-core/context-runtime/src/ipc_manager.cc:2447 INFO 1161602 IncreaseClientShm IpcManager::IncreaseClientShm: Creating clio_1161572_119 with size 128400816 (94846384 + 33554432 overhead)[0m
[97m/home/cvazquezperezdelacru/clio-core/context-runtime/src/ipc_manager.cc:2492 INFO 1161602 IncreaseClientShm IpcManager::IncreaseClientShm: Created allocator clio_1161572_119 with ID (1161572.119)[0m
[33m/home/cvazquezperezdelacru/clio-core/context-runtime/src/scheduler/default_sched.cc:430 WARNING 1161601 LoadBalance [#781 PDF] observed exec-time bins (cumulative): <10us=7054585 <50us=108931 <500us=14549 <10ms=13555 <50ms=789 <500ms=352 <1s=0 >=1s=0 | stalls_detected=0[0m
[33m/home/cvazquezperezdelacru/clio-core/context-runtime/src/scheduler/default_sched.cc:439 WARNING 1161601 LoadBalance [#785] lane rescues performed: 0[0m
[97m/home/cvazquezperezdelacru/clio-core/context-runtime/src/ipc_manager.cc:2447 INFO 1161602 IncreaseClientShm IpcManager::IncreaseClientShm: Creating clio_1161572_120 with size 128182416 (94627984 + 33554432 overhead)[0m
[97m/home/cvazquezperezdelacru/clio-core/context-runtime/src/ipc_manager.cc:2492 INFO 1161602 IncreaseClientShm IpcManager::IncreaseClientShm: Created allocator clio_1161572_120 with ID (1161572.120)[0m
[33m/home/cvazquezperezdelacru/clio-core/context-runtime/src/scheduler/default_sched.cc:430 WARNING 1161601 LoadBalance [#781 PDF] observed exec-time bins (cumulative): <10us=7121955 <50us=109155 <500us=14646 <10ms=13708 <50ms=805 <500ms=352 <1s=0 >=1s=0 | stalls_detected=0[0m
[33m/home/cvazquezperezdelacru/clio-core/context-runtime/src/scheduler/default_sched.cc:439 WARNING 1161601 LoadBalance [#785] lane rescues performed: 0[0m
[33m/home/cvazquezperezdelacru/clio-core/context-runtime/src/scheduler/default_sched.cc:430 WARNING 1161601 LoadBalance [#781 PDF] observed exec-time bins (cumulative): <10us=7189147 <50us=109422 <500us=14737 <10ms=13841 <50ms=820 <500ms=352 <1s=0 >=1s=0 | stalls_detected=0[0m
[33m/home/cvazquezperezdelacru/clio-core/context-runtime/src/scheduler/default_sched.cc:439 WARNING 1161601 LoadBalance [#785] lane rescues performed: 0[0m
[97m/home/cvazquezperezdelacru/clio-core/context-runtime/src/ipc_manager.cc:2447 INFO 1161602 IncreaseClientShm IpcManager::IncreaseClientShm: Creating clio_1161572_121 with size 127995216 (94440784 + 33554432 overhead)[0m
[97m/home/cvazquezperezdelacru/clio-core/context-runtime/src/ipc_manager.cc:2492 INFO 1161602 IncreaseClientShm IpcManager::IncreaseClientShm: Created allocator clio_1161572_121 with ID (1161572.121)[0m
[33m/home/cvazquezperezdelacru/clio-core/context-runtime/src/scheduler/default_sched.cc:430 WARNING 1161601 LoadBalance [#781 PDF] observed exec-time bins (cumulative): <10us=7256381 <50us=109647 <500us=14816 <10ms=13967 <50ms=836 <500ms=352 <1s=0 >=1s=0 | stalls_detected=0[0m
[33m/home/cvazquezperezdelacru/clio-core/context-runtime/src/scheduler/default_sched.cc:439 WARNING 1161601 LoadBalance [#785] lane rescues performed: 0[0m
[97m/home/cvazquezperezdelacru/clio-core/context-runtime/src/ipc_manager.cc:2447 INFO 1161602 IncreaseClientShm IpcManager::IncreaseClientShm: Creating clio_1161572_122 with size 129780112 (96225680 + 33554432 overhead)[0m
[97m/home/cvazquezperezdelacru/clio-core/context-runtime/src/ipc_manager.cc:2492 INFO 1161602 IncreaseClientShm IpcManager::IncreaseClientShm: Created allocator clio_1161572_122 with ID (1161572.122)[0m
[33m/home/cvazquezperezdelacru/clio-core/context-runtime/src/scheduler/default_sched.cc:430 WARNING 1161601 LoadBalance [#781 PDF] observed exec-time bins (cumulative): <10us=7323704 <50us=109874 <500us=14902 <10ms=14093 <50ms=850 <500ms=352 <1s=0 >=1s=0 | stalls_detected=0[0m
[33m/home/cvazquezperezdelacru/clio-core/context-runtime/src/scheduler/default_sched.cc:439 WARNING 1161601 LoadBalance [#785] lane rescues performed: 0[0m
[97m/home/cvazquezperezdelacru/clio-core/context-runtime/src/ipc_manager.cc:2447 INFO 1161602 IncreaseClientShm IpcManager::IncreaseClientShm: Creating clio_1161572_123 with size 135813408 (102258976 + 33554432 overhead)[0m
[97m/home/cvazquezperezdelacru/clio-core/context-runtime/src/ipc_manager.cc:2492 INFO 1161602 IncreaseClientShm IpcManager::IncreaseClientShm: Created allocator clio_1161572_123 with ID (1161572.123)[0m
[33m/home/cvazquezperezdelacru/clio-core/context-runtime/src/scheduler/default_sched.cc:430 WARNING 1161601 LoadBalance [#781 PDF] observed exec-time bins (cumulative): <10us=7390935 <50us=110110 <500us=14995 <10ms=14227 <50ms=866 <500ms=352 <1s=0 >=1s=0 | stalls_detected=0[0m
[33m/home/cvazquezperezdelacru/clio-core/context-runtime/src/scheduler/default_sched.cc:439 WARNING 1161601 LoadBalance [#785] lane rescues performed: 0[0m
[33m/home/cvazquezperezdelacru/clio-core/context-runtime/src/scheduler/default_sched.cc:430 WARNING 1161601 LoadBalance [#781 PDF] observed exec-time bins (cumulative): <10us=7458245 <50us=110342 <500us=15072 <10ms=14343 <50ms=883 <500ms=352 <1s=0 >=1s=0 | stalls_detected=0[0m
[33m/home/cvazquezperezdelacru/clio-core/context-runtime/src/scheduler/default_sched.cc:439 WARNING 1161601 LoadBalance [#785] lane rescues performed: 0[0m
[97m/home/cvazquezperezdelacru/clio-core/context-runtime/src/ipc_manager.cc:2447 INFO 1161602 IncreaseClientShm IpcManager::IncreaseClientShm: Creating clio_1161572_124 with size 127336112 (93781680 + 33554432 overhead)[0m
[97m/home/cvazquezperezdelacru/clio-core/context-runtime/src/ipc_manager.cc:2492 INFO 1161602 IncreaseClientShm IpcManager::IncreaseClientShm: Created allocator clio_1161572_124 with ID (1161572.124)[0m
[33m/home/cvazquezperezdelacru/clio-core/context-runtime/src/scheduler/default_sched.cc:430 WARNING 1161601 LoadBalance [#781 PDF] observed exec-time bins (cumulative): <10us=7525595 <50us=110549 <500us=15157 <10ms=14468 <50ms=901 <500ms=352 <1s=0 >=1s=0 | stalls_detected=0[0m
[33m/home/cvazquezperezdelacru/clio-core/context-runtime/src/scheduler/default_sched.cc:439 WARNING 1161601 LoadBalance [#785] lane rescues performed: 0[0m
[97m/home/cvazquezperezdelacru/clio-core/context-runtime/src/ipc_manager.cc:2447 INFO 1161602 IncreaseClientShm IpcManager::IncreaseClientShm: Creating clio_1161572_125 with size 133110712 (99556280 + 33554432 overhead)[0m
[97m/home/cvazquezperezdelacru/clio-core/context-runtime/src/ipc_manager.cc:2492 INFO 1161602 IncreaseClientShm IpcManager::IncreaseClientShm: Created allocator clio_1161572_125 with ID (1161572.125)[0m
[33m/home/cvazquezperezdelacru/clio-core/context-runtime/src/scheduler/default_sched.cc:430 WARNING 1161601 LoadBalance [#781 PDF] observed exec-time bins (cumulative): <10us=7592913 <50us=110756 <500us=15252 <10ms=14602 <50ms=921 <500ms=352 <1s=0 >=1s=0 | stalls_detected=0[0m
[33m/home/cvazquezperezdelacru/clio-core/context-runtime/src/scheduler/default_sched.cc:439 WARNING 1161601 LoadBalance [#785] lane rescues performed: 0[0m
[97m/home/cvazquezperezdelacru/clio-core/context-runtime/src/ipc_manager.cc:2447 INFO 1161602 IncreaseClientShm IpcManager::IncreaseClientShm: Creating clio_1161572_126 with size 148533912 (114979480 + 33554432 overhead)[0m
[97m/home/cvazquezperezdelacru/clio-core/context-runtime/src/ipc_manager.cc:2492 INFO 1161602 IncreaseClientShm IpcManager::IncreaseClientShm: Created allocator clio_1161572_126 with ID (1161572.126)[0m
[33m/home/cvazquezperezdelacru/clio-core/context-runtime/src/scheduler/default_sched.cc:430 WARNING 1161601 LoadBalance [#781 PDF] observed exec-time bins (cumulative): <10us=7660131 <50us=111002 <500us=15319 <10ms=14702 <50ms=937 <500ms=352 <1s=0 >=1s=0 | stalls_detected=0[0m
[33m/home/cvazquezperezdelacru/clio-core/context-runtime/src/scheduler/default_sched.cc:439 WARNING 1161601 LoadBalance [#785] lane rescues performed: 0[0m
[33m/home/cvazquezperezdelacru/clio-core/context-runtime/src/scheduler/default_sched.cc:430 WARNING 1161601 LoadBalance [#781 PDF] observed exec-time bins (cumulative): <10us=7727486 <50us=111194 <500us=15397 <10ms=14829 <50ms=954 <500ms=352 <1s=0 >=1s=0 | stalls_detected=0[0m
[33m/home/cvazquezperezdelacru/clio-core/context-runtime/src/scheduler/default_sched.cc:439 WARNING 1161601 LoadBalance [#785] lane rescues performed: 0[0m
[97m/home/cvazquezperezdelacru/clio-core/context-runtime/src/ipc_manager.cc:2447 INFO 1161602 IncreaseClientShm IpcManager::IncreaseClientShm: Creating clio_1161572_127 with size 127871712 (94317280 + 33554432 overhead)[0m
[97m/home/cvazquezperezdelacru/clio-core/context-runtime/src/ipc_manager.cc:2492 INFO 1161602 IncreaseClientShm IpcManager::IncreaseClientShm: Created allocator clio_1161572_127 with ID (1161572.127)[0m
[33m/home/cvazquezperezdelacru/clio-core/context-runtime/src/scheduler/default_sched.cc:430 WARNING 1161601 LoadBalance [#781 PDF] observed exec-time bins (cumulative): <10us=7794652 <50us=111397 <500us=15459 <10ms=14927 <50ms=966 <500ms=352 <1s=0 >=1s=0 | stalls_detected=0[0m
[33m/home/cvazquezperezdelacru/clio-core/context-runtime/src/scheduler/default_sched.cc:439 WARNING 1161601 LoadBalance [#785] lane rescues performed: 0[0m
[33m/home/cvazquezperezdelacru/clio-core/context-runtime/src/scheduler/default_sched.cc:430 WARNING 1161601 LoadBalance [#781 PDF] observed exec-time bins (cumulative): <10us=7861841 <50us=111635 <500us=15509 <10ms=15004 <50ms=976 <500ms=352 <1s=0 >=1s=0 | stalls_detected=0[0m
[33m/home/cvazquezperezdelacru/clio-core/context-runtime/src/scheduler/default_sched.cc:439 WARNING 1161601 LoadBalance [#785] lane rescues performed: 0[0m
[97m/home/cvazquezperezdelacru/clio-core/context-runtime/src/ipc_manager.cc:2447 INFO 1161602 IncreaseClientShm IpcManager::IncreaseClientShm: Creating clio_1161572_128 with size 133382416 (99827984 + 33554432 overhead)[0m
[97m/home/cvazquezperezdelacru/clio-core/context-runtime/src/ipc_manager.cc:2492 INFO 1161602 IncreaseClientShm IpcManager::IncreaseClientShm: Created allocator clio_1161572_128 with ID (1161572.128)[0m
[33m/home/cvazquezperezdelacru/clio-core/context-runtime/src/scheduler/default_sched.cc:430 WARNING 1161601 LoadBalance [#781 PDF] observed exec-time bins (cumulative): <10us=7928991 <50us=111847 <500us=15553 <10ms=15067 <50ms=987 <500ms=352 <1s=0 >=1s=0 | stalls_detected=0[0m
[33m/home/cvazquezperezdelacru/clio-core/context-runtime/src/scheduler/default_sched.cc:439 WARNING 1161601 LoadBalance [#785] lane rescues performed: 0[0m
[97m/home/cvazquezperezdelacru/clio-core/context-runtime/src/ipc_manager.cc:2447 INFO 1161602 IncreaseClientShm IpcManager::IncreaseClientShm: Creating clio_1161572_129 with size 131645616 (98091184 + 33554432 overhead)[0m
[97m/home/cvazquezperezdelacru/clio-core/context-runtime/src/ipc_manager.cc:2492 INFO 1161602 IncreaseClientShm IpcManager::IncreaseClientShm: Created allocator clio_1161572_129 with ID (1161572.129)[0m
[33m/home/cvazquezperezdelacru/clio-core/context-runtime/src/scheduler/default_sched.cc:430 WARNING 1161601 LoadBalance [#781 PDF] observed exec-time bins (cumulative): <10us=7996522 <50us=112056 <500us=15659 <10ms=15237 <50ms=1011 <500ms=352 <1s=0 >=1s=0 | stalls_detected=0[0m
[33m/home/cvazquezperezdelacru/clio-core/context-runtime/src/scheduler/default_sched.cc:439 WARNING 1161601 LoadBalance [#785] lane rescues performed: 0[0m
[31m/home/cvazquezperezdelacru/clio-core/context-runtime/src/scheduler/default_sched.cc:726 ERROR 1161601 LoadBalance [HANGWATCH-HB] processed=33340 outstanding=1 (queued=1 blocked=0 retry=0 periodic=7) live=1 live_stalled=0[0m
[97m/home/cvazquezperezdelacru/clio-core/context-runtime/src/ipc_manager.cc:2447 INFO 1161602 IncreaseClientShm IpcManager::IncreaseClientShm: Creating clio_1161572_130 with size 128868816 (95314384 + 33554432 overhead)[0m
[97m/home/cvazquezperezdelacru/clio-core/context-runtime/src/ipc_manager.cc:2492 INFO 1161602 IncreaseClientShm IpcManager::IncreaseClientShm: Created allocator clio_1161572_130 with ID (1161572.130)[0m
[33m/home/cvazquezperezdelacru/clio-core/context-runtime/src/scheduler/default_sched.cc:430 WARNING 1161601 LoadBalance [#781 PDF] observed exec-time bins (cumulative): <10us=8063982 <50us=112296 <500us=15765 <10ms=15400 <50ms=1034 <500ms=352 <1s=0 >=1s=0 | stalls_detected=0[0m
[33m/home/cvazquezperezdelacru/clio-core/context-runtime/src/scheduler/default_sched.cc:439 WARNING 1161601 LoadBalance [#785] lane rescues performed: 0[0m
[97m/home/cvazquezperezdelacru/clio-core/context-runtime/src/ipc_manager.cc:2447 INFO 1161602 IncreaseClientShm IpcManager::IncreaseClientShm: Creating clio_1161572_131 with size 138817712 (105263280 + 33554432 overhead)[0m
[97m/home/cvazquezperezdelacru/clio-core/context-runtime/src/ipc_manager.cc:2492 INFO 1161602 IncreaseClientShm IpcManager::IncreaseClientShm: Created allocator clio_1161572_131 with ID (1161572.131)[0m
[33m/home/cvazquezperezdelacru/clio-core/context-runtime/src/scheduler/default_sched.cc:430 WARNING 1161601 LoadBalance [#781 PDF] observed exec-time bins (cumulative): <10us=8131436 <50us=112510 <500us=15874 <10ms=15570 <50ms=1057 <500ms=352 <1s=0 >=1s=0 | stalls_detected=0[0m
[33m/home/cvazquezperezdelacru/clio-core/context-runtime/src/scheduler/default_sched.cc:439 WARNING 1161601 LoadBalance [#785] lane rescues performed: 0[0m
[97m/home/cvazquezperezdelacru/clio-core/context-runtime/src/ipc_manager.cc:2447 INFO 1161602 IncreaseClientShm IpcManager::IncreaseClientShm: Creating clio_1161572_132 with size 130245512 (96691080 + 33554432 overhead)[0m
[97m/home/cvazquezperezdelacru/clio-core/context-runtime/src/ipc_manager.cc:2492 INFO 1161602 IncreaseClientShm IpcManager::IncreaseClientShm: Created allocator clio_1161572_132 with ID (1161572.132)[0m
[33m/home/cvazquezperezdelacru/clio-core/context-runtime/src/scheduler/default_sched.cc:430 WARNING 1161601 LoadBalance [#781 PDF] observed exec-time bins (cumulative): <10us=8198697 <50us=112899 <500us=15990 <10ms=15739 <50ms=1082 <500ms=352 <1s=0 >=1s=0 | stalls_detected=0[0m
[33m/home/cvazquezperezdelacru/clio-core/context-runtime/src/scheduler/default_sched.cc:439 WARNING 1161601 LoadBalance [#785] lane rescues performed: 0[0m
[97m/home/cvazquezperezdelacru/clio-core/context-runtime/src/ipc_manager.cc:2447 INFO 1161602 IncreaseClientShm IpcManager::IncreaseClientShm: Creating clio_1161572_133 with size 133359008 (99804576 + 33554432 overhead)[0m
[97m/home/cvazquezperezdelacru/clio-core/context-runtime/src/ipc_manager.cc:2492 INFO 1161602 IncreaseClientShm IpcManager::IncreaseClientShm: Created allocator clio_1161572_133 with ID (1161572.133)[0m
[33m/home/cvazquezperezdelacru/clio-core/context-runtime/src/scheduler/default_sched.cc:430 WARNING 1161601 LoadBalance [#781 PDF] observed exec-time bins (cumulative): <10us=8265185 <50us=113787 <500us=16100 <10ms=15910 <50ms=1100 <500ms=352 <1s=0 >=1s=0 | stalls_detected=0[0m
[33m/home/cvazquezperezdelacru/clio-core/context-runtime/src/scheduler/default_sched.cc:439 WARNING 1161601 LoadBalance [#785] lane rescues performed: 0[0m
[33m/home/cvazquezperezdelacru/clio-core/context-runtime/src/scheduler/default_sched.cc:430 WARNING 1161601 LoadBalance [#781 PDF] observed exec-time bins (cumulative): <10us=8332013 <50us=114435 <500us=16192 <10ms=16054 <50ms=1122 <500ms=352 <1s=0 >=1s=0 | stalls_detected=0[0m
[33m/home/cvazquezperezdelacru/clio-core/context-runtime/src/scheduler/default_sched.cc:439 WARNING 1161601 LoadBalance [#785] lane rescues performed: 0[0m
[97m/home/cvazquezperezdelacru/clio-core/context-runtime/src/ipc_manager.cc:2447 INFO 1161602 IncreaseClientShm IpcManager::IncreaseClientShm: Creating clio_1161572_134 with size 134207912 (100653480 + 33554432 overhead)[0m
[97m/home/cvazquezperezdelacru/clio-core/context-runtime/src/ipc_manager.cc:2492 INFO 1161602 IncreaseClientShm IpcManager::IncreaseClientShm: Created allocator clio_1161572_134 with ID (1161572.134)[0m
[33m/home/cvazquezperezdelacru/clio-core/context-runtime/src/scheduler/default_sched.cc:430 WARNING 1161601 LoadBalance [#781 PDF] observed exec-time bins (cumulative): <10us=8399445 <50us=114630 <500us=16280 <10ms=16194 <50ms=1141 <500ms=352 <1s=0 >=1s=0 | stalls_detected=0[0m
[33m/home/cvazquezperezdelacru/clio-core/context-runtime/src/scheduler/default_sched.cc:439 WARNING 1161601 LoadBalance [#785] lane rescues performed: 0[0m
[97m/home/cvazquezperezdelacru/clio-core/context-runtime/src/ipc_manager.cc:2447 INFO 1161602 IncreaseClientShm IpcManager::IncreaseClientShm: Creating clio_1161572_135 with size 129738512 (96184080 + 33554432 overhead)[0m
[97m/home/cvazquezperezdelacru/clio-core/context-runtime/src/ipc_manager.cc:2492 INFO 1161602 IncreaseClientShm IpcManager::IncreaseClientShm: Created allocator clio_1161572_135 with ID (1161572.135)[0m
[33m/home/cvazquezperezdelacru/clio-core/context-runtime/src/scheduler/default_sched.cc:430 WARNING 1161601 LoadBalance [#781 PDF] observed exec-time bins (cumulative): <10us=8466606 <50us=114867 <500us=16343 <10ms=16286 <50ms=1157 <500ms=352 <1s=0 >=1s=0 | stalls_detected=0[0m
[33m/home/cvazquezperezdelacru/clio-core/context-runtime/src/scheduler/default_sched.cc:439 WARNING 1161601 LoadBalance [#785] lane rescues performed: 0[0m
[97m/home/cvazquezperezdelacru/clio-core/context-runtime/src/ipc_manager.cc:2447 INFO 1161602 IncreaseClientShm IpcManager::IncreaseClientShm: Creating clio_1161572_136 with size 130011512 (96457080 + 33554432 overhead)[0m
[97m/home/cvazquezperezdelacru/clio-core/context-runtime/src/ipc_manager.cc:2492 INFO 1161602 IncreaseClientShm IpcManager::IncreaseClientShm: Created allocator clio_1161572_136 with ID (1161572.136)[0m
[33m/home/cvazquezperezdelacru/clio-core/context-runtime/src/scheduler/default_sched.cc:430 WARNING 1161601 LoadBalance [#781 PDF] observed exec-time bins (cumulative): <10us=8533909 <50us=115073 <500us=16428 <10ms=16405 <50ms=1178 <500ms=352 <1s=0 >=1s=0 | stalls_detected=0[0m
[33m/home/cvazquezperezdelacru/clio-core/context-runtime/src/scheduler/default_sched.cc:439 WARNING 1161601 LoadBalance [#785] lane rescues performed: 0[0m
[33m/home/cvazquezperezdelacru/clio-core/context-runtime/src/scheduler/default_sched.cc:430 WARNING 1161601 LoadBalance [#781 PDF] observed exec-time bins (cumulative): <10us=8601150 <50us=115293 <500us=16499 <10ms=16518 <50ms=1189 <500ms=352 <1s=0 >=1s=0 | stalls_detected=0[0m
[33m/home/cvazquezperezdelacru/clio-core/context-runtime/src/scheduler/default_sched.cc:439 WARNING 1161601 LoadBalance [#785] lane rescues performed: 0[0m
[97m/home/cvazquezperezdelacru/clio-core/context-runtime/src/ipc_manager.cc:2447 INFO 1161602 IncreaseClientShm IpcManager::IncreaseClientShm: Creating clio_1161572_137 with size 128452816 (94898384 + 33554432 overhead)[0m
[97m/home/cvazquezperezdelacru/clio-core/context-runtime/src/ipc_manager.cc:2492 INFO 1161602 IncreaseClientShm IpcManager::IncreaseClientShm: Created allocator clio_1161572_137 with ID (1161572.137)[0m
[33m/home/cvazquezperezdelacru/clio-core/context-runtime/src/scheduler/default_sched.cc:430 WARNING 1161601 LoadBalance [#781 PDF] observed exec-time bins (cumulative): <10us=8668159 <50us=115619 <500us=16577 <10ms=16637 <50ms=1208 <500ms=352 <1s=0 >=1s=0 | stalls_detected=0[0m
[33m/home/cvazquezperezdelacru/clio-core/context-runtime/src/scheduler/default_sched.cc:439 WARNING 1161601 LoadBalance [#785] lane rescues performed: 0[0m
[97m/home/cvazquezperezdelacru/clio-core/context-runtime/src/ipc_manager.cc:2447 INFO 1161602 IncreaseClientShm IpcManager::IncreaseClientShm: Creating clio_1161572_138 with size 131645616 (98091184 + 33554432 overhead)[0m
[97m/home/cvazquezperezdelacru/clio-core/context-runtime/src/ipc_manager.cc:2492 INFO 1161602 IncreaseClientShm IpcManager::IncreaseClientShm: Created allocator clio_1161572_138 with ID (1161572.138)[0m
[33m/home/cvazquezperezdelacru/clio-core/context-runtime/src/scheduler/default_sched.cc:430 WARNING 1161601 LoadBalance [#781 PDF] observed exec-time bins (cumulative): <10us=8735171 <50us=115952 <500us=16674 <10ms=16781 <50ms=1227 <500ms=352 <1s=0 >=1s=0 | stalls_detected=0[0m
[33m/home/cvazquezperezdelacru/clio-core/context-runtime/src/scheduler/default_sched.cc:439 WARNING 1161601 LoadBalance [#785] lane rescues performed: 0[0m
[97m/home/cvazquezperezdelacru/clio-core/context-runtime/src/ipc_manager.cc:2447 INFO 1161602 IncreaseClientShm IpcManager::IncreaseClientShm: Creating clio_1161572_139 with size 128680312 (95125880 + 33554432 overhead)[0m
[97m/home/cvazquezperezdelacru/clio-core/context-runtime/src/ipc_manager.cc:2492 INFO 1161602 IncreaseClientShm IpcManager::IncreaseClientShm: Created allocator clio_1161572_139 with ID (1161572.139)[0m
[33m/home/cvazquezperezdelacru/clio-core/context-runtime/src/scheduler/default_sched.cc:430 WARNING 1161601 LoadBalance [#781 PDF] observed exec-time bins (cumulative): <10us=8802428 <50us=116292 <500us=16759 <10ms=16916 <50ms=1242 <500ms=352 <1s=0 >=1s=0 | stalls_detected=0[0m
[33m/home/cvazquezperezdelacru/clio-core/context-runtime/src/scheduler/default_sched.cc:439 WARNING 1161601 LoadBalance [#785] lane rescues performed: 0[0m
[33m/home/cvazquezperezdelacru/clio-core/context-runtime/src/scheduler/default_sched.cc:430 WARNING 1161601 LoadBalance [#781 PDF] observed exec-time bins (cumulative): <10us=8869662 <50us=116541 <500us=16832 <10ms=17031 <50ms=1259 <500ms=352 <1s=0 >=1s=0 | stalls_detected=0[0m
[33m/home/cvazquezperezdelacru/clio-core/context-runtime/src/scheduler/default_sched.cc:439 WARNING 1161601 LoadBalance [#785] lane rescues performed: 0[0m
[97m/home/cvazquezperezdelacru/clio-core/context-runtime/src/ipc_manager.cc:2447 INFO 1161602 IncreaseClientShm IpcManager::IncreaseClientShm: Creating clio_1161572_140 with size 130860416 (97305984 + 33554432 overhead)[0m
[97m/home/cvazquezperezdelacru/clio-core/context-runtime/src/ipc_manager.cc:2492 INFO 1161602 IncreaseClientShm IpcManager::IncreaseClientShm: Created allocator clio_1161572_140 with ID (1161572.140)[0m
[33m/home/cvazquezperezdelacru/clio-core/context-runtime/src/scheduler/default_sched.cc:430 WARNING 1161601 LoadBalance [#781 PDF] observed exec-time bins (cumulative): <10us=8936992 <50us=116755 <500us=16919 <10ms=17163 <50ms=1274 <500ms=352 <1s=0 >=1s=0 | stalls_detected=0[0m
[33m/home/cvazquezperezdelacru/clio-core/context-runtime/src/scheduler/default_sched.cc:439 WARNING 1161601 LoadBalance [#785] lane rescues performed: 0[0m
[97m/home/cvazquezperezdelacru/clio-core/context-runtime/src/ipc_manager.cc:2447 INFO 1161602 IncreaseClientShm IpcManager::IncreaseClientShm: Creating clio_1161572_141 with size 152527512 (118973080 + 33554432 overhead)[0m
[97m/home/cvazquezperezdelacru/clio-core/context-runtime/src/ipc_manager.cc:2492 INFO 1161602 IncreaseClientShm IpcManager::IncreaseClientShm: Created allocator clio_1161572_141 with ID (1161572.141)[0m
[33m/home/cvazquezperezdelacru/clio-core/context-runtime/src/scheduler/default_sched.cc:430 WARNING 1161601 LoadBalance [#781 PDF] observed exec-time bins (cumulative): <10us=9004354 <50us=116980 <500us=17008 <10ms=17290 <50ms=1292 <500ms=352 <1s=0 >=1s=0 | stalls_detected=0[0m
[33m/home/cvazquezperezdelacru/clio-core/context-runtime/src/scheduler/default_sched.cc:439 WARNING 1161601 LoadBalance [#785] lane rescues performed: 0[0m
[33m/home/cvazquezperezdelacru/clio-core/context-runtime/src/scheduler/default_sched.cc:430 WARNING 1161601 LoadBalance [#781 PDF] observed exec-time bins (cumulative): <10us=9071584 <50us=117207 <500us=17081 <10ms=17405 <50ms=1311 <500ms=352 <1s=0 >=1s=0 | stalls_detected=0[0m
[33m/home/cvazquezperezdelacru/clio-core/context-runtime/src/scheduler/default_sched.cc:439 WARNING 1161601 LoadBalance [#785] lane rescues performed: 0[0m
[97m/home/cvazquezperezdelacru/clio-core/context-runtime/src/ipc_manager.cc:2447 INFO 1161602 IncreaseClientShm IpcManager::IncreaseClientShm: Creating clio_1161572_142 with size 127551912 (93997480 + 33554432 overhead)[0m
[97m/home/cvazquezperezdelacru/clio-core/context-runtime/src/ipc_manager.cc:2492 INFO 1161602 IncreaseClientShm IpcManager::IncreaseClientShm: Created allocator clio_1161572_142 with ID (1161572.142)[0m
[33m/home/cvazquezperezdelacru/clio-core/context-runtime/src/scheduler/default_sched.cc:430 WARNING 1161601 LoadBalance [#781 PDF] observed exec-time bins (cumulative): <10us=9138669 <50us=117463 <500us=17132 <10ms=17470 <50ms=1324 <500ms=352 <1s=0 >=1s=0 | stalls_detected=0[0m
[33m/home/cvazquezperezdelacru/clio-core/context-runtime/src/scheduler/default_sched.cc:439 WARNING 1161601 LoadBalance [#785] lane rescues performed: 0[0m
[33m/home/cvazquezperezdelacru/clio-core/context-runtime/src/scheduler/default_sched.cc:430 WARNING 1161601 LoadBalance [#781 PDF] observed exec-time bins (cumulative): <10us=9205932 <50us=117671 <500us=17194 <10ms=17565 <50ms=1337 <500ms=352 <1s=0 >=1s=0 | stalls_detected=0[0m
[33m/home/cvazquezperezdelacru/clio-core/context-runtime/src/scheduler/default_sched.cc:439 WARNING 1161601 LoadBalance [#785] lane rescues performed: 0[0m
[97m/home/cvazquezperezdelacru/clio-core/context-runtime/src/ipc_manager.cc:2447 INFO 1161602 IncreaseClientShm IpcManager::IncreaseClientShm: Creating clio_1161572_143 with size 130215616 (96661184 + 33554432 overhead)[0m
[97m/home/cvazquezperezdelacru/clio-core/context-runtime/src/ipc_manager.cc:2492 INFO 1161602 IncreaseClientShm IpcManager::IncreaseClientShm: Created allocator clio_1161572_143 with ID (1161572.143)[0m
[33m/home/cvazquezperezdelacru/clio-core/context-runtime/src/scheduler/default_sched.cc:430 WARNING 1161601 LoadBalance [#781 PDF] observed exec-time bins (cumulative): <10us=9273209 <50us=117897 <500us=17252 <10ms=17647 <50ms=1352 <500ms=352 <1s=0 >=1s=0 | stalls_detected=0[0m
[33m/home/cvazquezperezdelacru/clio-core/context-runtime/src/scheduler/default_sched.cc:439 WARNING 1161601 LoadBalance [#785] lane rescues performed: 0[0m
[33m/home/cvazquezperezdelacru/clio-core/context-runtime/src/scheduler/default_sched.cc:430 WARNING 1161601 LoadBalance [#781 PDF] observed exec-time bins (cumulative): <10us=9340048 <50us=118405 <500us=17301 <10ms=17721 <50ms=1360 <500ms=352 <1s=0 >=1s=0 | stalls_detected=0[0m
[33m/home/cvazquezperezdelacru/clio-core/context-runtime/src/scheduler/default_sched.cc:439 WARNING 1161601 LoadBalance [#785] lane rescues performed: 0[0m
[97m/home/cvazquezperezdelacru/clio-core/context-runtime/src/ipc_manager.cc:2447 INFO 1161602 IncreaseClientShm IpcManager::IncreaseClientShm: Creating clio_1161572_144 with size 138432912 (104878480 + 33554432 overhead)[0m
[97m/home/cvazquezperezdelacru/clio-core/context-runtime/src/ipc_manager.cc:2492 INFO 1161602 IncreaseClientShm IpcManager::IncreaseClientShm: Created allocator clio_1161572_144 with ID (1161572.144)[0m
[33m/home/cvazquezperezdelacru/clio-core/context-runtime/src/scheduler/default_sched.cc:430 WARNING 1161601 LoadBalance [#781 PDF] observed exec-time bins (cumulative): <10us=9407035 <50us=118890 <500us=17379 <10ms=17833 <50ms=1371 <500ms=352 <1s=0 >=1s=0 | stalls_detected=0[0m
[33m/home/cvazquezperezdelacru/clio-core/context-runtime/src/scheduler/default_sched.cc:439 WARNING 1161601 LoadBalance [#785] lane rescues performed: 0[0m
[33m/home/cvazquezperezdelacru/clio-core/context-runtime/src/scheduler/default_sched.cc:430 WARNING 1161601 LoadBalance [#781 PDF] observed exec-time bins (cumulative): <10us=9474323 <50us=119111 <500us=17455 <10ms=17936 <50ms=1388 <500ms=352 <1s=0 >=1s=0 | stalls_detected=0[0m
[33m/home/cvazquezperezdelacru/clio-core/context-runtime/src/scheduler/default_sched.cc:439 WARNING 1161601 LoadBalance [#785] lane rescues performed: 0[0m
[97m/home/cvazquezperezdelacru/clio-core/context-runtime/src/ipc_manager.cc:2447 INFO 1161602 IncreaseClientShm IpcManager::IncreaseClientShm: Creating clio_1161572_145 with size 130115512 (96561080 + 33554432 overhead)[0m
[97m/home/cvazquezperezdelacru/clio-core/context-runtime/src/ipc_manager.cc:2492 INFO 1161602 IncreaseClientShm IpcManager::IncreaseClientShm: Created allocator clio_1161572_145 with ID (1161572.145)[0m
[33m/home/cvazquezperezdelacru/clio-core/context-runtime/src/scheduler/default_sched.cc:430 WARNING 1161601 LoadBalance [#781 PDF] observed exec-time bins (cumulative): <10us=9541617 <50us=119288 <500us=17525 <10ms=18024 <50ms=1398 <500ms=352 <1s=0 >=1s=0 | stalls_detected=0[0m
[33m/home/cvazquezperezdelacru/clio-core/context-runtime/src/scheduler/default_sched.cc:439 WARNING 1161601 LoadBalance [#785] lane rescues performed: 0[0m
[33m/home/cvazquezperezdelacru/clio-core/context-runtime/src/scheduler/default_sched.cc:430 WARNING 1161601 LoadBalance [#781 PDF] observed exec-time bins (cumulative): <10us=9608844 <50us=119540 <500us=17600 <10ms=18141 <50ms=1413 <500ms=352 <1s=0 >=1s=0 | stalls_detected=0[0m
[33m/home/cvazquezperezdelacru/clio-core/context-runtime/src/scheduler/default_sched.cc:439 WARNING 1161601 LoadBalance [#785] lane rescues performed: 0[0m
[97m/home/cvazquezperezdelacru/clio-core/context-runtime/src/ipc_manager.cc:2447 INFO 1161602 IncreaseClientShm IpcManager::IncreaseClientShm: Creating clio_1161572_146 with size 142148312 (108593880 + 33554432 overhead)[0m
[97m/home/cvazquezperezdelacru/clio-core/context-runtime/src/ipc_manager.cc:2492 INFO 1161602 IncreaseClientShm IpcManager::IncreaseClientShm: Created allocator clio_1161572_146 with ID (1161572.146)[0m
[33m/home/cvazquezperezdelacru/clio-core/context-runtime/src/scheduler/default_sched.cc:430 WARNING 1161601 LoadBalance [#781 PDF] observed exec-time bins (cumulative): <10us=9676064 <50us=119751 <500us=17667 <10ms=18235 <50ms=1428 <500ms=352 <1s=0 >=1s=0 | stalls_detected=0[0m
[33m/home/cvazquezperezdelacru/clio-core/context-runtime/src/scheduler/default_sched.cc:439 WARNING 1161601 LoadBalance [#785] lane rescues performed: 0[0m
[97m/home/cvazquezperezdelacru/clio-core/context-runtime/src/ipc_manager.cc:2447 INFO 1161602 IncreaseClientShm IpcManager::IncreaseClientShm: Creating clio_1161572_147 with size 128805112 (95250680 + 33554432 overhead)[0m
[97m/home/cvazquezperezdelacru/clio-core/context-runtime/src/ipc_manager.cc:2492 INFO 1161602 IncreaseClientShm IpcManager::IncreaseClientShm: Created allocator clio_1161572_147 with ID (1161572.147)[0m
[33m/home/cvazquezperezdelacru/clio-core/context-runtime/src/scheduler/default_sched.cc:430 WARNING 1161601 LoadBalance [#781 PDF] observed exec-time bins (cumulative): <10us=9743406 <50us=119951 <500us=17735 <10ms=18342 <50ms=1439 <500ms=352 <1s=0 >=1s=0 | stalls_detected=0[0m
[33m/home/cvazquezperezdelacru/clio-core/context-runtime/src/scheduler/default_sched.cc:439 WARNING 1161601 LoadBalance [#785] lane rescues performed: 0[0m
[33m/home/cvazquezperezdelacru/clio-core/context-runtime/src/scheduler/default_sched.cc:430 WARNING 1161601 LoadBalance [#781 PDF] observed exec-time bins (cumulative): <10us=9810689 <50us=120164 <500us=17804 <10ms=18445 <50ms=1452 <500ms=352 <1s=0 >=1s=0 | stalls_detected=0[0m
[33m/home/cvazquezperezdelacru/clio-core/context-runtime/src/scheduler/default_sched.cc:439 WARNING 1161601 LoadBalance [#785] lane rescues performed: 0[0m
[97m/home/cvazquezperezdelacru/clio-core/context-runtime/src/ipc_manager.cc:2447 INFO 1161602 IncreaseClientShm IpcManager::IncreaseClientShm: Creating clio_1161572_148 with size 134621312 (101066880 + 33554432 overhead)[0m
[97m/home/cvazquezperezdelacru/clio-core/context-runtime/src/ipc_manager.cc:2492 INFO 1161602 IncreaseClientShm IpcManager::IncreaseClientShm: Created allocator clio_1161572_148 with ID (1161572.148)[0m
[33m/home/cvazquezperezdelacru/clio-core/context-runtime/src/scheduler/default_sched.cc:430 WARNING 1161601 LoadBalance [#781 PDF] observed exec-time bins (cumulative): <10us=9877885 <50us=120379 <500us=17872 <10ms=18545 <50ms=1463 <500ms=352 <1s=0 >=1s=0 | stalls_detected=0[0m
[33m/home/cvazquezperezdelacru/clio-core/context-runtime/src/scheduler/default_sched.cc:439 WARNING 1161601 LoadBalance [#785] lane rescues performed: 0[0m
[33m/home/cvazquezperezdelacru/clio-core/context-runtime/src/scheduler/default_sched.cc:430 WARNING 1161601 LoadBalance [#781 PDF] observed exec-time bins (cumulative): <10us=9944870 <50us=120689 <500us=17938 <10ms=18637 <50ms=1479 <500ms=352 <1s=0 >=1s=0 | stalls_detected=0[0m
[33m/home/cvazquezperezdelacru/clio-core/context-runtime/src/scheduler/default_sched.cc:439 WARNING 1161601 LoadBalance [#785] lane rescues performed: 0[0m
[97m/home/cvazquezperezdelacru/clio-core/context-runtime/src/ipc_manager.cc:2447 INFO 1161602 IncreaseClientShm IpcManager::IncreaseClientShm: Creating clio_1161572_149 with size 134640816 (101086384 + 33554432 overhead)[0m
[97m/home/cvazquezperezdelacru/clio-core/context-runtime/src/ipc_manager.cc:2492 INFO 1161602 IncreaseClientShm IpcManager::IncreaseClientShm: Created allocator clio_1161572_149 with ID (1161572.149)[0m
[33m/home/cvazquezperezdelacru/clio-core/context-runtime/src/scheduler/default_sched.cc:430 WARNING 1161601 LoadBalance [#781 PDF] observed exec-time bins (cumulative): <10us=10012170 <50us=120900 <500us=18007 <10ms=18747 <50ms=1492 <500ms=352 <1s=0 >=1s=0 | stalls_detected=0[0m
[33m/home/cvazquezperezdelacru/clio-core/context-runtime/src/scheduler/default_sched.cc:439 WARNING 1161601 LoadBalance [#785] lane rescues performed: 0[0m
[33m/home/cvazquezperezdelacru/clio-core/context-runtime/src/scheduler/default_sched.cc:430 WARNING 1161601 LoadBalance [#781 PDF] observed exec-time bins (cumulative): <10us=10078215 <50us=122087 <500us=18070 <10ms=18835 <50ms=1509 <500ms=352 <1s=0 >=1s=0 | stalls_detected=0[0m
[33m/home/cvazquezperezdelacru/clio-core/context-runtime/src/scheduler/default_sched.cc:439 WARNING 1161601 LoadBalance [#785] lane rescues performed: 0[0m
[97m/home/cvazquezperezdelacru/clio-core/context-runtime/src/ipc_manager.cc:2447 INFO 1161602 IncreaseClientShm IpcManager::IncreaseClientShm: Creating clio_1161572_150 with size 130462608 (96908176 + 33554432 overhead)[0m
[97m/home/cvazquezperezdelacru/clio-core/context-runtime/src/ipc_manager.cc:2492 INFO 1161602 IncreaseClientShm IpcManager::IncreaseClientShm: Created allocator clio_1161572_150 with ID (1161572.150)[0m
[33m/home/cvazquezperezdelacru/clio-core/context-runtime/src/scheduler/default_sched.cc:430 WARNING 1161601 LoadBalance [#781 PDF] observed exec-time bins (cumulative): <10us=10144731 <50us=122967 <500us=18138 <10ms=18926 <50ms=1524 <500ms=352 <1s=0 >=1s=0 | stalls_detected=0[0m
[33m/home/cvazquezperezdelacru/clio-core/context-runtime/src/scheduler/default_sched.cc:439 WARNING 1161601 LoadBalance [#785] lane rescues performed: 0[0m
[33m/home/cvazquezperezdelacru/clio-core/context-runtime/src/scheduler/default_sched.cc:430 WARNING 1161601 LoadBalance [#781 PDF] observed exec-time bins (cumulative): <10us=10211147 <50us=123898 <500us=18201 <10ms=19019 <50ms=1535 <500ms=352 <1s=0 >=1s=0 | stalls_detected=0[0m
[33m/home/cvazquezperezdelacru/clio-core/context-runtime/src/scheduler/default_sched.cc:439 WARNING 1161601 LoadBalance [#785] lane rescues performed: 0[0m
[97m/home/cvazquezperezdelacru/clio-core/context-runtime/src/ipc_manager.cc:2447 INFO 1161602 IncreaseClientShm IpcManager::IncreaseClientShm: Creating clio_1161572_151 with size 129303008 (95748576 + 33554432 overhead)[0m
[97m/home/cvazquezperezdelacru/clio-core/context-runtime/src/ipc_manager.cc:2492 INFO 1161602 IncreaseClientShm IpcManager::IncreaseClientShm: Created allocator clio_1161572_151 with ID (1161572.151)[0m
[33m/home/cvazquezperezdelacru/clio-core/context-runtime/src/scheduler/default_sched.cc:430 WARNING 1161601 LoadBalance [#781 PDF] observed exec-time bins (cumulative): <10us=10277418 <50us=124805 <500us=18239 <10ms=19081 <50ms=1542 <500ms=352 <1s=0 >=1s=0 | stalls_detected=0[0m
[33m/home/cvazquezperezdelacru/clio-core/context-runtime/src/scheduler/default_sched.cc:439 WARNING 1161601 LoadBalance [#785] lane rescues performed: 0[0m
[33m/home/cvazquezperezdelacru/clio-core/context-runtime/src/scheduler/default_sched.cc:430 WARNING 1161601 LoadBalance [#781 PDF] observed exec-time bins (cumulative): <10us=10344439 <50us=125288 <500us=18280 <10ms=19142 <50ms=1549 <500ms=352 <1s=0 >=1s=0 | stalls_detected=0[0m
[33m/home/cvazquezperezdelacru/clio-core/context-runtime/src/scheduler/default_sched.cc:439 WARNING 1161601 LoadBalance [#785] lane rescues performed: 0[0m
[97m/home/cvazquezperezdelacru/clio-core/context-runtime/src/ipc_manager.cc:2447 INFO 1161602 IncreaseClientShm IpcManager::IncreaseClientShm: Creating clio_1161572_152 with size 130786312 (97231880 + 33554432 overhead)[0m
[97m/home/cvazquezperezdelacru/clio-core/context-runtime/src/ipc_manager.cc:2492 INFO 1161602 IncreaseClientShm IpcManager::IncreaseClientShm: Created allocator clio_1161572_152 with ID (1161572.152)[0m
[33m/home/cvazquezperezdelacru/clio-core/context-runtime/src/scheduler/default_sched.cc:430 WARNING 1161601 LoadBalance [#781 PDF] observed exec-time bins (cumulative): <10us=10410787 <50us=126198 <500us=18326 <10ms=19209 <50ms=1562 <500ms=352 <1s=0 >=1s=0 | stalls_detected=0[0m
[33m/home/cvazquezperezdelacru/clio-core/context-runtime/src/scheduler/default_sched.cc:439 WARNING 1161601 LoadBalance [#785] lane rescues performed: 0[0m
[33m/home/cvazquezperezdelacru/clio-core/context-runtime/src/scheduler/default_sched.cc:430 WARNING 1161601 LoadBalance [#781 PDF] observed exec-time bins (cumulative): <10us=10477559 <50us=126673 <500us=18382 <10ms=19285 <50ms=1574 <500ms=352 <1s=0 >=1s=0 | stalls_detected=0[0m
[33m/home/cvazquezperezdelacru/clio-core/context-runtime/src/scheduler/default_sched.cc:439 WARNING 1161601 LoadBalance [#785] lane rescues performed: 0[0m
[97m/home/cvazquezperezdelacru/clio-core/context-runtime/src/ipc_manager.cc:2447 INFO 1161602 IncreaseClientShm IpcManager::IncreaseClientShm: Creating clio_1161572_153 with size 129525312 (95970880 + 33554432 overhead)[0m
[97m/home/cvazquezperezdelacru/clio-core/context-runtime/src/ipc_manager.cc:2492 INFO 1161602 IncreaseClientShm IpcManager::IncreaseClientShm: Created allocator clio_1161572_153 with ID (1161572.153)[0m
[33m/home/cvazquezperezdelacru/clio-core/context-runtime/src/scheduler/default_sched.cc:430 WARNING 1161601 LoadBalance [#781 PDF] observed exec-time bins (cumulative): <10us=10544248 <50us=127314 <500us=18456 <10ms=19399 <50ms=1589 <500ms=352 <1s=0 >=1s=0 | stalls_detected=0[0m
[33m/home/cvazquezperezdelacru/clio-core/context-runtime/src/scheduler/default_sched.cc:439 WARNING 1161601 LoadBalance [#785] lane rescues performed: 0[0m
[97m/home/cvazquezperezdelacru/clio-core/context-runtime/src/ipc_manager.cc:2447 INFO 1161602 IncreaseClientShm IpcManager::IncreaseClientShm: Creating clio_1161572_154 with size 140696208 (107141776 + 33554432 overhead)[0m
[97m/home/cvazquezperezdelacru/clio-core/context-runtime/src/ipc_manager.cc:2492 INFO 1161602 IncreaseClientShm IpcManager::IncreaseClientShm: Created allocator clio_1161572_154 with ID (1161572.154)[0m
[33m/home/cvazquezperezdelacru/clio-core/context-runtime/src/scheduler/default_sched.cc:430 WARNING 1161601 LoadBalance [#781 PDF] observed exec-time bins (cumulative): <10us=10611324 <50us=128070 <500us=18533 <10ms=19514 <50ms=1606 <500ms=352 <1s=0 >=1s=0 | stalls_detected=0[0m
[33m/home/cvazquezperezdelacru/clio-core/context-runtime/src/scheduler/default_sched.cc:439 WARNING 1161601 LoadBalance [#785] lane rescues performed: 0[0m
[33m/home/cvazquezperezdelacru/clio-core/context-runtime/src/scheduler/default_sched.cc:430 WARNING 1161601 LoadBalance [#781 PDF] observed exec-time bins (cumulative): <10us=10678739 <50us=128918 <500us=18591 <10ms=19604 <50ms=1616 <500ms=352 <1s=0 >=1s=0 | stalls_detected=0[0m
[33m/home/cvazquezperezdelacru/clio-core/context-runtime/src/scheduler/default_sched.cc:439 WARNING 1161601 LoadBalance [#785] lane rescues performed: 0[0m
[97m/home/cvazquezperezdelacru/clio-core/context-runtime/src/ipc_manager.cc:2447 INFO 1161602 IncreaseClientShm IpcManager::IncreaseClientShm: Creating clio_1161572_155 with size 153119008 (119564576 + 33554432 overhead)[0m
[97m/home/cvazquezperezdelacru/clio-core/context-runtime/src/ipc_manager.cc:2492 INFO 1161602 IncreaseClientShm IpcManager::IncreaseClientShm: Created allocator clio_1161572_155 with ID (1161572.155)[0m
[33m/home/cvazquezperezdelacru/clio-core/context-runtime/src/scheduler/default_sched.cc:430 WARNING 1161601 LoadBalance [#781 PDF] observed exec-time bins (cumulative): <10us=10745798 <50us=129216 <500us=18652 <10ms=19697 <50ms=1631 <500ms=352 <1s=0 >=1s=0 | stalls_detected=0[0m
[33m/home/cvazquezperezdelacru/clio-core/context-runtime/src/scheduler/default_sched.cc:439 WARNING 1161601 LoadBalance [#785] lane rescues performed: 0[0m
[33m/home/cvazquezperezdelacru/clio-core/context-runtime/src/scheduler/default_sched.cc:430 WARNING 1161601 LoadBalance [#781 PDF] observed exec-time bins (cumulative): <10us=10813078 <50us=129527 <500us=18718 <10ms=19797 <50ms=1646 <500ms=352 <1s=0 >=1s=0 | stalls_detected=0[0m
[33m/home/cvazquezperezdelacru/clio-core/context-runtime/src/scheduler/default_sched.cc:439 WARNING 1161601 LoadBalance [#785] lane rescues performed: 0[0m
[97m/home/cvazquezperezdelacru/clio-core/context-runtime/src/ipc_manager.cc:2447 INFO 1161602 IncreaseClientShm IpcManager::IncreaseClientShm: Creating clio_1161572_156 with size 130972208 (97417776 + 33554432 overhead)[0m
[97m/home/cvazquezperezdelacru/clio-core/context-runtime/src/ipc_manager.cc:2492 INFO 1161602 IncreaseClientShm IpcManager::IncreaseClientShm: Created allocator clio_1161572_156 with ID (1161572.156)[0m
[33m/home/cvazquezperezdelacru/clio-core/context-runtime/src/scheduler/default_sched.cc:430 WARNING 1161601 LoadBalance [#781 PDF] observed exec-time bins (cumulative): <10us=10881452 <50us=130040 <500us=18793 <10ms=19896 <50ms=1663 <500ms=352 <1s=0 >=1s=0 | stalls_detected=0[0m
[33m/home/cvazquezperezdelacru/clio-core/context-runtime/src/scheduler/default_sched.cc:439 WARNING 1161601 LoadBalance [#785] lane rescues performed: 0[0m
[33m/home/cvazquezperezdelacru/clio-core/context-runtime/src/scheduler/default_sched.cc:430 WARNING 1161601 LoadBalance [#781 PDF] observed exec-time bins (cumulative): <10us=10948427 <50us=130372 <500us=18875 <10ms=19998 <50ms=1679 <500ms=352 <1s=0 >=1s=0 | stalls_detected=0[0m
[33m/home/cvazquezperezdelacru/clio-core/context-runtime/src/scheduler/default_sched.cc:439 WARNING 1161601 LoadBalance [#785] lane rescues performed: 0[0m
[97m/home/cvazquezperezdelacru/clio-core/context-runtime/src/ipc_manager.cc:2447 INFO 1161602 IncreaseClientShm IpcManager::IncreaseClientShm: Creating clio_1161572_157 with size 132057712 (98503280 + 33554432 overhead)[0m
[97m/home/cvazquezperezdelacru/clio-core/context-runtime/src/ipc_manager.cc:2492 INFO 1161602 IncreaseClientShm IpcManager::IncreaseClientShm: Created allocator clio_1161572_157 with ID (1161572.157)[0m
[33m/home/cvazquezperezdelacru/clio-core/context-runtime/src/scheduler/default_sched.cc:430 WARNING 1161601 LoadBalance [#781 PDF] observed exec-time bins (cumulative): <10us=11015568 <50us=130609 <500us=18934 <10ms=20080 <50ms=1691 <500ms=352 <1s=0 >=1s=0 | stalls_detected=0[0m
[33m/home/cvazquezperezdelacru/clio-core/context-runtime/src/scheduler/default_sched.cc:439 WARNING 1161601 LoadBalance [#785] lane rescues performed: 0[0m
[33m/home/cvazquezperezdelacru/clio-core/context-runtime/src/scheduler/default_sched.cc:430 WARNING 1161601 LoadBalance [#781 PDF] observed exec-time bins (cumulative): <10us=11082799 <50us=130838 <500us=19011 <10ms=20169 <50ms=1705 <500ms=352 <1s=0 >=1s=0 | stalls_detected=0[0m
[33m/home/cvazquezperezdelacru/clio-core/context-runtime/src/scheduler/default_sched.cc:439 WARNING 1161601 LoadBalance [#785] lane rescues performed: 0[0m
[97m/home/cvazquezperezdelacru/clio-core/context-runtime/src/ipc_manager.cc:2447 INFO 1161602 IncreaseClientShm IpcManager::IncreaseClientShm: Creating clio_1161572_158 with size 149883312 (116328880 + 33554432 overhead)[0m
[97m/home/cvazquezperezdelacru/clio-core/context-runtime/src/ipc_manager.cc:2492 INFO 1161602 IncreaseClientShm IpcManager::IncreaseClientShm: Created allocator clio_1161572_158 with ID (1161572.158)[0m
[33m/home/cvazquezperezdelacru/clio-core/context-runtime/src/scheduler/default_sched.cc:430 WARNING 1161601 LoadBalance [#781 PDF] observed exec-time bins (cumulative): <10us=11149941 <50us=131096 <500us=19069 <10ms=20257 <50ms=1715 <500ms=352 <1s=0 >=1s=0 | stalls_detected=0[0m
[33m/home/cvazquezperezdelacru/clio-core/context-runtime/src/scheduler/default_sched.cc:439 WARNING 1161601 LoadBalance [#785] lane rescues performed: 0[0m
[33m/home/cvazquezperezdelacru/clio-core/context-runtime/src/scheduler/default_sched.cc:430 WARNING 1161601 LoadBalance [#781 PDF] observed exec-time bins (cumulative): <10us=11217320 <50us=131303 <500us=19140 <10ms=20347 <50ms=1731 <500ms=352 <1s=0 >=1s=0 | stalls_detected=0[0m
[33m/home/cvazquezperezdelacru/clio-core/context-runtime/src/scheduler/default_sched.cc:439 WARNING 1161601 LoadBalance [#785] lane rescues performed: 0[0m
[97m/home/cvazquezperezdelacru/clio-core/context-runtime/src/ipc_manager.cc:2447 INFO 1161602 IncreaseClientShm IpcManager::IncreaseClientShm: Creating clio_1161572_159 with size 133646312 (100091880 + 33554432 overhead)[0m
[97m/home/cvazquezperezdelacru/clio-core/context-runtime/src/ipc_manager.cc:2492 INFO 1161602 IncreaseClientShm IpcManager::IncreaseClientShm: Created allocator clio_1161572_159 with ID (1161572.159)[0m
[33m/home/cvazquezperezdelacru/clio-core/context-runtime/src/scheduler/default_sched.cc:430 WARNING 1161601 LoadBalance [#781 PDF] observed exec-time bins (cumulative): <10us=11284510 <50us=131512 <500us=19212 <10ms=20451 <50ms=1742 <500ms=352 <1s=0 >=1s=0 | stalls_detected=0[0m
[33m/home/cvazquezperezdelacru/clio-core/context-runtime/src/scheduler/default_sched.cc:439 WARNING 1161601 LoadBalance [#785] lane rescues performed: 0[0m
[97m/home/cvazquezperezdelacru/clio-core/context-runtime/src/ipc_manager.cc:2447 INFO 1161602 IncreaseClientShm IpcManager::IncreaseClientShm: Creating clio_1161572_160 with size 138001312 (104446880 + 33554432 overhead)[0m
[97m/home/cvazquezperezdelacru/clio-core/context-runtime/src/ipc_manager.cc:2492 INFO 1161602 IncreaseClientShm IpcManager::IncreaseClientShm: Created allocator clio_1161572_160 with ID (1161572.160)[0m
[33m/home/cvazquezperezdelacru/clio-core/context-runtime/src/scheduler/default_sched.cc:430 WARNING 1161601 LoadBalance [#781 PDF] observed exec-time bins (cumulative): <10us=11351823 <50us=131751 <500us=19292 <10ms=20571 <50ms=1754 <500ms=352 <1s=0 >=1s=0 | stalls_detected=0[0m
[33m/home/cvazquezperezdelacru/clio-core/context-runtime/src/scheduler/default_sched.cc:439 WARNING 1161601 LoadBalance [#785] lane rescues performed: 0[0m
[33m/home/cvazquezperezdelacru/clio-core/context-runtime/src/scheduler/default_sched.cc:430 WARNING 1161601 LoadBalance [#781 PDF] observed exec-time bins (cumulative): <10us=11418995 <50us=131985 <500us=19355 <10ms=20674 <50ms=1768 <500ms=352 <1s=0 >=1s=0 | stalls_detected=0[0m
[33m/home/cvazquezperezdelacru/clio-core/context-runtime/src/scheduler/default_sched.cc:439 WARNING 1161601 LoadBalance [#785] lane rescues performed: 0[0m
[97m/home/cvazquezperezdelacru/clio-core/context-runtime/src/ipc_manager.cc:2447 INFO 1161602 IncreaseClientShm IpcManager::IncreaseClientShm: Creating clio_1161572_161 with size 130765512 (97211080 + 33554432 overhead)[0m
[97m/home/cvazquezperezdelacru/clio-core/context-runtime/src/ipc_manager.cc:2492 INFO 1161602 IncreaseClientShm IpcManager::IncreaseClientShm: Created allocator clio_1161572_161 with ID (1161572.161)[0m
[33m/home/cvazquezperezdelacru/clio-core/context-runtime/src/scheduler/default_sched.cc:430 WARNING 1161601 LoadBalance [#781 PDF] observed exec-time bins (cumulative): <10us=11486162 <50us=132193 <500us=19413 <10ms=20758 <50ms=1780 <500ms=352 <1s=0 >=1s=0 | stalls_detected=0[0m
[33m/home/cvazquezperezdelacru/clio-core/context-runtime/src/scheduler/default_sched.cc:439 WARNING 1161601 LoadBalance [#785] lane rescues performed: 0[0m
[33m/home/cvazquezperezdelacru/clio-core/context-runtime/src/scheduler/default_sched.cc:430 WARNING 1161601 LoadBalance [#781 PDF] observed exec-time bins (cumulative): <10us=11553390 <50us=132415 <500us=19468 <10ms=20860 <50ms=1786 <500ms=352 <1s=0 >=1s=0 | stalls_detected=0[0m
[33m/home/cvazquezperezdelacru/clio-core/context-runtime/src/scheduler/default_sched.cc:439 WARNING 1161601 LoadBalance [#785] lane rescues performed: 0[0m
[97m/home/cvazquezperezdelacru/clio-core/context-runtime/src/ipc_manager.cc:2447 INFO 1161602 IncreaseClientShm IpcManager::IncreaseClientShm: Creating clio_1161572_162 with size 128803808 (95249376 + 33554432 overhead)[0m
[97m/home/cvazquezperezdelacru/clio-core/context-runtime/src/ipc_manager.cc:2492 INFO 1161602 IncreaseClientShm IpcManager::IncreaseClientShm: Created allocator clio_1161572_162 with ID (1161572.162)[0m
[33m/home/cvazquezperezdelacru/clio-core/context-runtime/src/scheduler/default_sched.cc:430 WARNING 1161601 LoadBalance [#781 PDF] observed exec-time bins (cumulative): <10us=11620644 <50us=132627 <500us=19535 <10ms=20976 <50ms=1793 <500ms=352 <1s=0 >=1s=0 | stalls_detected=0[0m
[33m/home/cvazquezperezdelacru/clio-core/context-runtime/src/scheduler/default_sched.cc:439 WARNING 1161601 LoadBalance [#785] lane rescues performed: 0[0m
[97m/home/cvazquezperezdelacru/clio-core/context-runtime/src/ipc_manager.cc:2447 INFO 1161602 IncreaseClientShm IpcManager::IncreaseClientShm: Creating clio_1161572_163 with size 129659216 (96104784 + 33554432 overhead)[0m
[97m/home/cvazquezperezdelacru/clio-core/context-runtime/src/ipc_manager.cc:2492 INFO 1161602 IncreaseClientShm IpcManager::IncreaseClientShm: Created allocator clio_1161572_163 with ID (1161572.163)[0m
[33m/home/cvazquezperezdelacru/clio-core/context-runtime/src/scheduler/default_sched.cc:430 WARNING 1161601 LoadBalance [#781 PDF] observed exec-time bins (cumulative): <10us=11687639 <50us=133048 <500us=19598 <10ms=21089 <50ms=1800 <500ms=352 <1s=0 >=1s=0 | stalls_detected=0[0m
[33m/home/cvazquezperezdelacru/clio-core/context-runtime/src/scheduler/default_sched.cc:439 WARNING 1161601 LoadBalance [#785] lane rescues performed: 0[0m
[33m/home/cvazquezperezdelacru/clio-core/context-runtime/src/scheduler/default_sched.cc:430 WARNING 1161601 LoadBalance [#781 PDF] observed exec-time bins (cumulative): <10us=11754281 <50us=133666 <500us=19663 <10ms=21200 <50ms=1804 <500ms=352 <1s=0 >=1s=0 | stalls_detected=0[0m
[33m/home/cvazquezperezdelacru/clio-core/context-runtime/src/scheduler/default_sched.cc:439 WARNING 1161601 LoadBalance [#785] lane rescues performed: 0[0m
[97m/home/cvazquezperezdelacru/clio-core/context-runtime/src/ipc_manager.cc:2447 INFO 1161602 IncreaseClientShm IpcManager::IncreaseClientShm: Creating clio_1161572_164 with size 129865912 (96311480 + 33554432 overhead)[0m
[97m/home/cvazquezperezdelacru/clio-core/context-runtime/src/ipc_manager.cc:2492 INFO 1161602 IncreaseClientShm IpcManager::IncreaseClientShm: Created allocator clio_1161572_164 with ID (1161572.164)[0m
[33m/home/cvazquezperezdelacru/clio-core/context-runtime/src/scheduler/default_sched.cc:430 WARNING 1161601 LoadBalance [#781 PDF] observed exec-time bins (cumulative): <10us=11821448 <50us=133867 <500us=19720 <10ms=21287 <50ms=1810 <500ms=352 <1s=0 >=1s=0 | stalls_detected=0[0m
[33m/home/cvazquezperezdelacru/clio-core/context-runtime/src/scheduler/default_sched.cc:439 WARNING 1161601 LoadBalance [#785] lane rescues performed: 0[0m
[33m/home/cvazquezperezdelacru/clio-core/context-runtime/src/scheduler/default_sched.cc:430 WARNING 1161601 LoadBalance [#781 PDF] observed exec-time bins (cumulative): <10us=11888628 <50us=134100 <500us=19782 <10ms=21382 <50ms=1817 <500ms=352 <1s=0 >=1s=0 | stalls_detected=0[0m
[33m/home/cvazquezperezdelacru/clio-core/context-runtime/src/scheduler/default_sched.cc:439 WARNING 1161601 LoadBalance [#785] lane rescues performed: 0[0m
[97m/home/cvazquezperezdelacru/clio-core/context-runtime/src/ipc_manager.cc:2447 INFO 1161602 IncreaseClientShm IpcManager::IncreaseClientShm: Creating clio_1161572_165 with size 132489312 (98934880 + 33554432 overhead)[0m
[97m/home/cvazquezperezdelacru/clio-core/context-runtime/src/ipc_manager.cc:2492 INFO 1161602 IncreaseClientShm IpcManager::IncreaseClientShm: Created allocator clio_1161572_165 with ID (1161572.165)[0m
[33m/home/cvazquezperezdelacru/clio-core/context-runtime/src/scheduler/default_sched.cc:430 WARNING 1161601 LoadBalance [#781 PDF] observed exec-time bins (cumulative): <10us=11955489 <50us=134520 <500us=19859 <10ms=21486 <50ms=1823 <500ms=352 <1s=0 >=1s=0 | stalls_detected=0[0m
[33m/home/cvazquezperezdelacru/clio-core/context-runtime/src/scheduler/default_sched.cc:439 WARNING 1161601 LoadBalance [#785] lane rescues performed: 0[0m
[33m/home/cvazquezperezdelacru/clio-core/context-runtime/src/scheduler/default_sched.cc:430 WARNING 1161601 LoadBalance [#781 PDF] observed exec-time bins (cumulative): <10us=12022798 <50us=134725 <500us=19924 <10ms=21599 <50ms=1827 <500ms=352 <1s=0 >=1s=0 | stalls_detected=0[0m
[33m/home/cvazquezperezdelacru/clio-core/context-runtime/src/scheduler/default_sched.cc:439 WARNING 1161601 LoadBalance [#785] lane rescues performed: 0[0m
[97m/home/cvazquezperezdelacru/clio-core/context-runtime/src/ipc_manager.cc:2447 INFO 1161602 IncreaseClientShm IpcManager::IncreaseClientShm: Creating clio_1161572_166 with size 130158416 (96603984 + 33554432 overhead)[0m
[97m/home/cvazquezperezdelacru/clio-core/context-runtime/src/ipc_manager.cc:2492 INFO 1161602 IncreaseClientShm IpcManager::IncreaseClientShm: Created allocator clio_1161572_166 with ID (1161572.166)[0m
[33m/home/cvazquezperezdelacru/clio-core/context-runtime/src/scheduler/default_sched.cc:430 WARNING 1161601 LoadBalance [#781 PDF] observed exec-time bins (cumulative): <10us=12090006 <50us=135016 <500us=19992 <10ms=21710 <50ms=1831 <500ms=352 <1s=0 >=1s=0 | stalls_detected=0[0m
[33m/home/cvazquezperezdelacru/clio-core/context-runtime/src/scheduler/default_sched.cc:439 WARNING 1161601 LoadBalance [#785] lane rescues performed: 0[0m
[33m/home/cvazquezperezdelacru/clio-core/context-runtime/src/scheduler/default_sched.cc:430 WARNING 1161601 LoadBalance [#781 PDF] observed exec-time bins (cumulative): <10us=12157088 <50us=135459 <500us=20070 <10ms=21839 <50ms=1838 <500ms=352 <1s=0 >=1s=0 | stalls_detected=0[0m
[33m/home/cvazquezperezdelacru/clio-core/context-runtime/src/scheduler/default_sched.cc:439 WARNING 1161601 LoadBalance [#785] lane rescues performed: 0[0m
[97m/home/cvazquezperezdelacru/clio-core/context-runtime/src/ipc_manager.cc:2447 INFO 1161602 IncreaseClientShm IpcManager::IncreaseClientShm: Creating clio_1161572_167 with size 128968912 (95414480 + 33554432 overhead)[0m
[97m/home/cvazquezperezdelacru/clio-core/context-runtime/src/ipc_manager.cc:2492 INFO 1161602 IncreaseClientShm IpcManager::IncreaseClientShm: Created allocator clio_1161572_167 with ID (1161572.167)[0m
[33m/home/cvazquezperezdelacru/clio-core/context-runtime/src/scheduler/default_sched.cc:430 WARNING 1161601 LoadBalance [#781 PDF] observed exec-time bins (cumulative): <10us=12223459 <50us=136541 <500us=20129 <10ms=21938 <50ms=1850 <500ms=352 <1s=0 >=1s=0 | stalls_detected=0[0m
[33m/home/cvazquezperezdelacru/clio-core/context-runtime/src/scheduler/default_sched.cc:439 WARNING 1161601 LoadBalance [#785] lane rescues performed: 0[0m
[97m/home/cvazquezperezdelacru/clio-core/context-runtime/src/ipc_manager.cc:2447 INFO 1161602 IncreaseClientShm IpcManager::IncreaseClientShm: Creating clio_1161572_168 with size 133291408 (99736976 + 33554432 overhead)[0m
[97m/home/cvazquezperezdelacru/clio-core/context-runtime/src/ipc_manager.cc:2492 INFO 1161602 IncreaseClientShm IpcManager::IncreaseClientShm: Created allocator clio_1161572_168 with ID (1161572.168)[0m
[33m/home/cvazquezperezdelacru/clio-core/context-runtime/src/scheduler/default_sched.cc:430 WARNING 1161601 LoadBalance [#781 PDF] observed exec-time bins (cumulative): <10us=12289863 <50us=137623 <500us=20196 <10ms=22041 <50ms=1861 <500ms=352 <1s=0 >=1s=0 | stalls_detected=0[0m
[33m/home/cvazquezperezdelacru/clio-core/context-runtime/src/scheduler/default_sched.cc:439 WARNING 1161601 LoadBalance [#785] lane rescues performed: 0[0m
[33m/home/cvazquezperezdelacru/clio-core/context-runtime/src/scheduler/default_sched.cc:430 WARNING 1161601 LoadBalance [#781 PDF] observed exec-time bins (cumulative): <10us=12356108 <50us=138883 <500us=20263 <10ms=22158 <50ms=1872 <500ms=352 <1s=0 >=1s=0 | stalls_detected=0[0m
[33m/home/cvazquezperezdelacru/clio-core/context-runtime/src/scheduler/default_sched.cc:439 WARNING 1161601 LoadBalance [#785] lane rescues performed: 0[0m
[33m/home/cvazquezperezdelacru/clio-core/context-runtime/src/scheduler/default_sched.cc:430 WARNING 1161601 LoadBalance [#781 PDF] observed exec-time bins (cumulative): <10us=12423201 <50us=139066 <500us=20269 <10ms=22160 <50ms=1872 <500ms=352 <1s=0 >=1s=0 | stalls_detected=0[0m
[33m/home/cvazquezperezdelacru/clio-core/context-runtime/src/scheduler/default_sched.cc:439 WARNING 1161601 LoadBalance [#785] lane rescues performed: 0[0m
[97m/home/cvazquezperezdelacru/clio-core/context-runtime/src/pool_manager.cc:534 INFO 1161593 CreatePool PoolManager: Creating pool 'clio_cte_core' with 2 containers (one per node)[0m
[97m/home/cvazquezperezdelacru/clio-core/context-runtime/src/pool_manager.cc:575 INFO 1161593 CreatePool PoolManager: Pool PoolId(major:512, minor:0) already exists by ID, returning existing pool[0m
[97m/mnt/common/cvazquezperezdelacru/IOWARP/faiss/contrib/iowarp/chimod/src/faiss_ivf_runtime.cc:258 INFO 1161593 OpenIndex faiss_ivf: opened '/mnt/common/cvazquezperezdelacru/faiss/slurm_bench/work/ondisk_nb100M.index' (d=128, nlist=16384, ntotal=100000000, tag='faiss_ivf::ondisk_nb100M')[0m
[97m/home/cvazquezperezdelacru/clio-core/context-runtime/src/ipc_manager.cc:2447 INFO 1161602 IncreaseClientShm IpcManager::IncreaseClientShm: Creating clio_1161572_169 with size 128233112 (94678680 + 33554432 overhead)[0m
[97m/home/cvazquezperezdelacru/clio-core/context-runtime/src/ipc_manager.cc:2492 INFO 1161602 IncreaseClientShm IpcManager::IncreaseClientShm: Created allocator clio_1161572_169 with ID (1161572.169)[0m
[97m/home/cvazquezperezdelacru/clio-core/context-runtime/src/ipc_manager.cc:2447 INFO 1161602 IncreaseClientShm IpcManager::IncreaseClientShm: Creating clio_1161572_170 with size 130773312 (97218880 + 33554432 overhead)[0m
[97m/home/cvazquezperezdelacru/clio-core/context-runtime/src/ipc_manager.cc:2492 INFO 1161602 IncreaseClientShm IpcManager::IncreaseClientShm: Created allocator clio_1161572_170 with ID (1161572.170)[0m
[97m/mnt/common/cvazquezperezdelacru/IOWARP/faiss/contrib/iowarp/chimod/src/faiss_ivf_runtime.cc:329 INFO 1161593 Search faiss_ivf: Search nq=250 k=10 nprobe=256 unique_lists=15767[0m
[97m/home/cvazquezperezdelacru/clio-core/context-runtime/src/ipc_manager.cc:2447 INFO 1161593 IncreaseClientShm IpcManager::IncreaseClientShm: Creating clio_1161572_171 with size 177952912 (144398480 + 33554432 overhead)[0m
[97m/home/cvazquezperezdelacru/clio-core/context-runtime/src/ipc_manager.cc:2492 INFO 1161593 IncreaseClientShm IpcManager::IncreaseClientShm: Created allocator clio_1161572_171 with ID (1161572.171)[0m
[97m/home/cvazquezperezdelacru/clio-core/context-runtime/src/ipc_manager.cc:2447 INFO 1161593 IncreaseClientShm IpcManager::IncreaseClientShm: Creating clio_1161572_172 with size 177952912 (144398480 + 33554432 overhead)[0m
[97m/home/cvazquezperezdelacru/clio-core/context-runtime/src/ipc_manager.cc:2492 INFO 1161593 IncreaseClientShm IpcManager::IncreaseClientShm: Created allocator clio_1161572_172 with ID (1161572.172)[0m
[97m/home/cvazquezperezdelacru/clio-core/context-runtime/src/ipc_manager.cc:2447 INFO 1161593 IncreaseClientShm IpcManager::IncreaseClientShm: Creating clio_1161572_173 with size 177952912 (144398480 + 33554432 overhead)[0m
[97m/home/cvazquezperezdelacru/clio-core/context-runtime/src/ipc_manager.cc:2492 INFO 1161593 IncreaseClientShm IpcManager::IncreaseClientShm: Created allocator clio_1161572_173 with ID (1161572.173)[0m
[97m/home/cvazquezperezdelacru/clio-core/context-runtime/src/ipc_manager.cc:2447 INFO 1161593 IncreaseClientShm IpcManager::IncreaseClientShm: Creating clio_1161572_174 with size 177952912 (144398480 + 33554432 overhead)[0m
[97m/home/cvazquezperezdelacru/clio-core/context-runtime/src/ipc_manager.cc:2492 INFO 1161593 IncreaseClientShm IpcManager::IncreaseClientShm: Created allocator clio_1161572_174 with ID (1161572.174)[0m
[97m/home/cvazquezperezdelacru/clio-core/context-runtime/src/ipc_manager.cc:2447 INFO 1161593 IncreaseClientShm IpcManager::IncreaseClientShm: Creating clio_1161572_175 with size 177952912 (144398480 + 33554432 overhead)[0m
[97m/home/cvazquezperezdelacru/clio-core/context-runtime/src/ipc_manager.cc:2492 INFO 1161593 IncreaseClientShm IpcManager::IncreaseClientShm: Created allocator clio_1161572_175 with ID (1161572.175)[0m
[97m/home/cvazquezperezdelacru/clio-core/context-runtime/src/ipc_manager.cc:2447 INFO 1161593 IncreaseClientShm IpcManager::IncreaseClientShm: Creating clio_1161572_176 with size 177952912 (144398480 + 33554432 overhead)[0m
[97m/home/cvazquezperezdelacru/clio-core/context-runtime/src/ipc_manager.cc:2492 INFO 1161593 IncreaseClientShm IpcManager::IncreaseClientShm: Created allocator clio_1161572_176 with ID (1161572.176)[0m
[97m/home/cvazquezperezdelacru/clio-core/context-runtime/src/ipc_manager.cc:2447 INFO 1161593 IncreaseClientShm IpcManager::IncreaseClientShm: Creating clio_1161572_177 with size 177952912 (144398480 + 33554432 overhead)[0m
[97m/home/cvazquezperezdelacru/clio-core/context-runtime/src/ipc_manager.cc:2492 INFO 1161593 IncreaseClientShm IpcManager::IncreaseClientShm: Created allocator clio_1161572_177 with ID (1161572.177)[0m
[97m/home/cvazquezperezdelacru/clio-core/context-runtime/src/ipc_manager.cc:2447 INFO 1161593 IncreaseClientShm IpcManager::IncreaseClientShm: Creating clio_1161572_178 with size 177952912 (144398480 + 33554432 overhead)[0m
[97m/home/cvazquezperezdelacru/clio-core/context-runtime/src/ipc_manager.cc:2492 INFO 1161593 IncreaseClientShm IpcManager::IncreaseClientShm: Created allocator clio_1161572_178 with ID (1161572.178)[0m
[97m/home/cvazquezperezdelacru/clio-core/context-runtime/src/ipc_manager.cc:2447 INFO 1161593 IncreaseClientShm IpcManager::IncreaseClientShm: Creating clio_1161572_179 with size 177952912 (144398480 + 33554432 overhead)[0m
[97m/home/cvazquezperezdelacru/clio-core/context-runtime/src/ipc_manager.cc:2492 INFO 1161593 IncreaseClientShm IpcManager::IncreaseClientShm: Created allocator clio_1161572_179 with ID (1161572.179)[0m
[33m/home/cvazquezperezdelacru/clio-core/context-runtime/src/scheduler/default_sched.cc:430 WARNING 1161601 LoadBalance [#781 PDF] observed exec-time bins (cumulative): <10us=12490462 <50us=139438 <500us=20316 <10ms=22253 <50ms=1892 <500ms=353 <1s=0 >=1s=0 | stalls_detected=0[0m
[33m/home/cvazquezperezdelacru/clio-core/context-runtime/src/scheduler/default_sched.cc:439 WARNING 1161601 LoadBalance [#785] lane rescues performed: 0[0m
[97m/home/cvazquezperezdelacru/clio-core/context-runtime/src/ipc_manager.cc:2447 INFO 1161602 IncreaseClientShm IpcManager::IncreaseClientShm: Creating clio_1161572_180 with size 143270208 (109715776 + 33554432 overhead)[0m
[97m/home/cvazquezperezdelacru/clio-core/context-runtime/src/ipc_manager.cc:2492 INFO 1161602 IncreaseClientShm IpcManager::IncreaseClientShm: Created allocator clio_1161572_180 with ID (1161572.180)[0m
[33m/home/cvazquezperezdelacru/clio-core/context-runtime/src/scheduler/default_sched.cc:430 WARNING 1161601 LoadBalance [#781 PDF] observed exec-time bins (cumulative): <10us=12576639 <50us=140347 <500us=20482 <10ms=22536 <50ms=1917 <500ms=353 <1s=0 >=1s=0 | stalls_detected=0[0m
[33m/home/cvazquezperezdelacru/clio-core/context-runtime/src/scheduler/default_sched.cc:439 WARNING 1161601 LoadBalance [#785] lane rescues performed: 0[0m
[97m/home/cvazquezperezdelacru/clio-core/context-runtime/src/ipc_manager.cc:2447 INFO 1161602 IncreaseClientShm IpcManager::IncreaseClientShm: Creating clio_1161572_181 with size 131667712 (98113280 + 33554432 overhead)[0m
[97m/home/cvazquezperezdelacru/clio-core/context-runtime/src/ipc_manager.cc:2492 INFO 1161602 IncreaseClientShm IpcManager::IncreaseClientShm: Created allocator clio_1161572_181 with ID (1161572.181)[0m
[97m/home/cvazquezperezdelacru/clio-core/context-runtime/src/ipc_manager.cc:2447 INFO 1161602 IncreaseClientShm IpcManager::IncreaseClientShm: Creating clio_1161572_182 with size 131652112 (98097680 + 33554432 overhead)[0m
[97m/home/cvazquezperezdelacru/clio-core/context-runtime/src/ipc_manager.cc:2492 INFO 1161602 IncreaseClientShm IpcManager::IncreaseClientShm: Created allocator clio_1161572_182 with ID (1161572.182)[0m
[33m/home/cvazquezperezdelacru/clio-core/context-runtime/src/scheduler/default_sched.cc:430 WARNING 1161601 LoadBalance [#781 PDF] observed exec-time bins (cumulative): <10us=12655192 <50us=140938 <500us=20706 <10ms=22802 <50ms=1951 <500ms=353 <1s=0 >=1s=0 | stalls_detected=0[0m
[33m/home/cvazquezperezdelacru/clio-core/context-runtime/src/scheduler/default_sched.cc:439 WARNING 1161601 LoadBalance [#785] lane rescues performed: 0[0m
[97m/home/cvazquezperezdelacru/clio-core/context-runtime/src/ipc_manager.cc:2447 INFO 1161602 IncreaseClientShm IpcManager::IncreaseClientShm: Creating clio_1161572_183 with size 133556608 (100002176 + 33554432 overhead)[0m
[97m/home/cvazquezperezdelacru/clio-core/context-runtime/src/ipc_manager.cc:2492 INFO 1161602 IncreaseClientShm IpcManager::IncreaseClientShm: Created allocator clio_1161572_183 with ID (1161572.183)[0m
[33m/home/cvazquezperezdelacru/clio-core/context-runtime/src/scheduler/default_sched.cc:430 WARNING 1161601 LoadBalance [#781 PDF] observed exec-time bins (cumulative): <10us=12736976 <50us=141677 <500us=20867 <10ms=23101 <50ms=1981 <500ms=353 <1s=0 >=1s=0 | stalls_detected=0[0m
[33m/home/cvazquezperezdelacru/clio-core/context-runtime/src/scheduler/default_sched.cc:439 WARNING 1161601 LoadBalance [#785] lane rescues performed: 0[0m
[97m/home/cvazquezperezdelacru/clio-core/context-runtime/src/ipc_manager.cc:2447 INFO 1161602 IncreaseClientShm IpcManager::IncreaseClientShm: Creating clio_1161572_184 with size 131268608 (97714176 + 33554432 overhead)[0m
[97m/home/cvazquezperezdelacru/clio-core/context-runtime/src/ipc_manager.cc:2492 INFO 1161602 IncreaseClientShm IpcManager::IncreaseClientShm: Created allocator clio_1161572_184 with ID (1161572.184)[0m
[97m/home/cvazquezperezdelacru/clio-core/context-runtime/src/ipc_manager.cc:2447 INFO 1161602 IncreaseClientShm IpcManager::IncreaseClientShm: Creating clio_1161572_185 with size 128751808 (95197376 + 33554432 overhead)[0m
[97m/home/cvazquezperezdelacru/clio-core/context-runtime/src/ipc_manager.cc:2492 INFO 1161602 IncreaseClientShm IpcManager::IncreaseClientShm: Created allocator clio_1161572_185 with ID (1161572.185)[0m
[33m/home/cvazquezperezdelacru/clio-core/context-runtime/src/scheduler/default_sched.cc:430 WARNING 1161601 LoadBalance [#781 PDF] observed exec-time bins (cumulative): <10us=12813986 <50us=142234 <500us=21075 <10ms=23358 <50ms=2017 <500ms=353 <1s=0 >=1s=0 | stalls_detected=0[0m
[33m/home/cvazquezperezdelacru/clio-core/context-runtime/src/scheduler/default_sched.cc:439 WARNING 1161601 LoadBalance [#785] lane rescues performed: 0[0m
[97m/home/cvazquezperezdelacru/clio-core/context-runtime/src/ipc_manager.cc:2447 INFO 1161602 IncreaseClientShm IpcManager::IncreaseClientShm: Creating clio_1161572_186 with size 138487512 (104933080 + 33554432 overhead)[0m
[97m/home/cvazquezperezdelacru/clio-core/context-runtime/src/ipc_manager.cc:2492 INFO 1161602 IncreaseClientShm IpcManager::IncreaseClientShm: Created allocator clio_1161572_186 with ID (1161572.186)[0m
[97m/home/cvazquezperezdelacru/clio-core/context-runtime/src/ipc_manager.cc:2447 INFO 1161602 IncreaseClientShm IpcManager::IncreaseClientShm: Creating clio_1161572_187 with size 132259216 (98704784 + 33554432 overhead)[0m
[97m/home/cvazquezperezdelacru/clio-core/context-runtime/src/ipc_manager.cc:2492 INFO 1161602 IncreaseClientShm IpcManager::IncreaseClientShm: Created allocator clio_1161572_187 with ID (1161572.187)[0m
[33m/home/cvazquezperezdelacru/clio-core/context-runtime/src/scheduler/default_sched.cc:430 WARNING 1161601 LoadBalance [#781 PDF] observed exec-time bins (cumulative): <10us=12891490 <50us=142831 <500us=21275 <10ms=23609 <50ms=2056 <500ms=353 <1s=0 >=1s=0 | stalls_detected=0[0m
[33m/home/cvazquezperezdelacru/clio-core/context-runtime/src/scheduler/default_sched.cc:439 WARNING 1161601 LoadBalance [#785] lane rescues performed: 0[0m
[97m/home/cvazquezperezdelacru/clio-core/context-runtime/src/ipc_manager.cc:2447 INFO 1161602 IncreaseClientShm IpcManager::IncreaseClientShm: Creating clio_1161572_188 with size 136416608 (102862176 + 33554432 overhead)[0m
[97m/home/cvazquezperezdelacru/clio-core/context-runtime/src/ipc_manager.cc:2492 INFO 1161602 IncreaseClientShm IpcManager::IncreaseClientShm: Created allocator clio_1161572_188 with ID (1161572.188)[0m
[97m/home/cvazquezperezdelacru/clio-core/context-runtime/src/ipc_manager.cc:2447 INFO 1161602 IncreaseClientShm IpcManager::IncreaseClientShm: Creating clio_1161572_189 with size 129187312 (95632880 + 33554432 overhead)[0m
[97m/home/cvazquezperezdelacru/clio-core/context-runtime/src/ipc_manager.cc:2492 INFO 1161602 IncreaseClientShm IpcManager::IncreaseClientShm: Created allocator clio_1161572_189 with ID (1161572.189)[0m
[33m/home/cvazquezperezdelacru/clio-core/context-runtime/src/scheduler/default_sched.cc:430 WARNING 1161601 LoadBalance [#781 PDF] observed exec-time bins (cumulative): <10us=12970629 <50us=143879 <500us=21454 <10ms=23895 <50ms=2091 <500ms=356 <1s=0 >=1s=0 | stalls_detected=0[0m
[33m/home/cvazquezperezdelacru/clio-core/context-runtime/src/scheduler/default_sched.cc:439 WARNING 1161601 LoadBalance [#785] lane rescues performed: 0[0m
[97m/home/cvazquezperezdelacru/clio-core/context-runtime/src/ipc_manager.cc:2447 INFO 1161602 IncreaseClientShm IpcManager::IncreaseClientShm: Creating clio_1161572_190 with size 127457008 (93902576 + 33554432 overhead)[0m
[97m/home/cvazquezperezdelacru/clio-core/context-runtime/src/ipc_manager.cc:2492 INFO 1161602 IncreaseClientShm IpcManager::IncreaseClientShm: Created allocator clio_1161572_190 with ID (1161572.190)[0m
[31m/home/cvazquezperezdelacru/clio-core/context-runtime/src/scheduler/default_sched.cc:726 ERROR 1161601 LoadBalance [HANGWATCH-HB] processed=45028 outstanding=3 (queued=3 blocked=0 retry=0 periodic=5) live=6 live_stalled=0[0m
[97m/home/cvazquezperezdelacru/clio-core/context-runtime/src/ipc_manager.cc:2447 INFO 1161602 IncreaseClientShm IpcManager::IncreaseClientShm: Creating clio_1161572_191 with size 149146208 (115591776 + 33554432 overhead)[0m
[97m/home/cvazquezperezdelacru/clio-core/context-runtime/src/ipc_manager.cc:2492 INFO 1161602 IncreaseClientShm IpcManager::IncreaseClientShm: Created allocator clio_1161572_191 with ID (1161572.191)[0m
[33m/home/cvazquezperezdelacru/clio-core/context-runtime/src/scheduler/default_sched.cc:430 WARNING 1161601 LoadBalance [#781 PDF] observed exec-time bins (cumulative): <10us=13030410 <50us=145278 <500us=21514 <10ms=24246 <50ms=2217 <500ms=379 <1s=2 >=1s=0 | stalls_detected=0[0m
[33m/home/cvazquezperezdelacru/clio-core/context-runtime/src/scheduler/default_sched.cc:439 WARNING 1161601 LoadBalance [#785] lane rescues performed: 0[0m
